Date,Open,High,Low,Close,Volume,Dividends,Stock Splits
2007-12-31 00:00:00+08:00,25.703540581598464,25.934064865112305,25.645910730864202,25.934064865112305,39960,0.0,0.0
2008-01-02 00:00:00+08:00,25.876433957563034,26.510376931479534,25.818801668894128,26.049325942993164,31080,0.0,0.0
2008-01-03 00:00:00+08:00,25.818804860648967,25.818804860648967,25.1272295125701,25.703542709350586,41070,0.0,0.0
2008-01-04 00:00:00+08:00,25.703538240084146,25.703538240084146,25.06959529802717,25.357751846313477,16650,0.0,0.0
2008-01-07 00:00:00+08:00,24.781438951203093,24.781438951203093,23.916969299316406,23.916969299316406,39960,0.0,0.0
2008-01-08 00:00:00+08:00,23.916969299316406,24.752621587938467,23.916969299316406,23.916969299316406,59940,0.0,0.0
2008-01-09 00:00:00+08:00,23.916974912503985,24.20513153076172,23.916974912503985,24.20513153076172,117660,0.0,0.0
2008-01-10 00:00:00+08:00,24.205129862909153,24.493286461311474,23.91697326450683,23.974605560302734,39960,0.0,0.0
2008-01-11 00:00:00+08:00,24.14749633732766,24.14749633732766,23.9169720464614,24.03223419189453,27750,0.0,0.0
2008-01-14 00:00:00+08:00,24.493284886224785,24.493284886224785,23.05250442715386,23.167766571044922,63270,0.0,0.0
2008-01-15 00:00:00+08:00,23.80170967760025,24.608547128346807,23.80170967760025,24.262758255004883,129870,0.0,0.0
2008-01-16 00:00:00+08:00,23.974601585557462,24.262755695898164,23.657627671663942,23.916969299316406,76590,0.0,0.0
2008-01-17 00:00:00+08:00,24.2051258499453,24.2051258499453,23.916969299316406,23.916969299316406,52170,0.0,0.0
2008-01-18 00:00:00+08:00,23.916969383811395,24.493282487105212,23.340656280517578,23.340656280517578,51060,0.0,0.0
2008-01-21 00:00:00+08:00,24.14749627002187,24.954336166381836,24.14749627002187,24.954336166381836,85470,0.0,0.0
2008-01-22 00:00:00+08:00,24.78144095477862,24.78144095477862,23.94578615830581,24.55091667175293,46620,0.0,0.0
2008-01-23 00:00:00+08:00,24.666176819009173,24.666176819009173,22.85079030601831,23.916969299316406,103230,0.0,0.0
2008-01-24 00:00:00+08:00,23.888153715817428,23.91696863799711,23.052501450301676,23.571182250976562,149850,0.0,0.0
2008-01-25 00:00:00+08:00,23.91697118534745,25.213674545288086,23.34065803864308,25.213674545288086,64380,0.0,0.0
2008-01-28 00:00:00+08:00,24.752623539866914,25.213674545288086,24.493284332051818,25.213674545288086,111000,0.0,0.0
2008-01-29 00:00:00+08:00,25.271308633953538,26.769721457813624,25.271308633953538,26.510379791259766,42180,0.0,0.0
2008-01-30 00:00:00+08:00,26.510375892413848,27.086688995361328,26.222219340940107,27.086688995361328,32190,0.0,0.0
2008-01-31 00:00:00+08:00,27.086689844445853,27.374846404952415,26.740900995722665,27.20195198059082,23310,0.0,0.0
2008-02-01 00:00:00+08:00,25.357753798073755,27.663003921508793,25.357753798073755,27.66300392150879,74370,0.0,0.0
2008-02-12 00:00:00+08:00,27.547741781380292,27.663003921508793,26.395115499518596,27.66300392150879,26640,0.0,0.0
2008-02-13 00:00:00+08:00,26.510376723432728,28.008789373893887,26.510376723432728,27.20195198059082,35520,0.0,0.0
2008-02-14 00:00:00+08:00,27.5189244161319,27.951158051685855,27.20195292070644,27.66300392150879,71040,0.0,0.0
2008-02-15 00:00:00+08:00,27.547738777627984,28.527468082036602,27.490106493703667,28.354576110839844,88800,0.0,0.0
2008-02-18 00:00:00+08:00,28.354578822386287,28.527470810116696,27.25958484541484,27.835895538330078,65490,0.0,0.0
2008-02-19 00:00:00+08:00,27.66300115754267,27.66300115754267,26.62563711945835,27.547739028930664,58830,0.0,0.0
2008-02-20 00:00:00+08:00,27.43247833140162,27.77826720632475,26.827350240574603,27.259586334228516,13320,0.0,0.0
2008-02-21 00:00:00+08:00,26.625636745630274,27.086687693893204,26.625636745630274,27.057872772216797,27750,0.0,0.0
2008-02-22 00:00:00+08:00,26.79853638511231,26.79853638511231,26.510379791259766,26.510379791259766,21090,0.0,0.0
2008-02-25 00:00:00+08:00,26.510381115997603,26.510381115997603,25.415386980755926,26.164594650268555,72150,0.0,0.0
2008-02-26 00:00:00+08:00,25.818803315587665,25.818803315587665,24.896703720092773,24.896703720092773,24420,0.0,0.0
2008-02-27 00:00:00+08:00,24.896702779650848,24.92551770459049,24.291574714188243,24.435651779174805,87690,0.0,0.0
2008-02-29 00:00:00+08:00,24.435654165515572,24.435654165515572,23.97460556030273,23.974605560302734,37740,0.0,0.0
2008-03-03 00:00:00+08:00,23.45592419592758,23.686450958251953,23.427109265745337,23.686450958251953,27750,0.0,0.0
2008-03-04 00:00:00+08:00,23.686446594681282,23.859341024501358,23.34065773504113,23.427104949951172,376290,0.0,0.0
2008-03-05 00:00:00+08:00,23.455917681681587,25.04077744617404,23.427102759501906,23.571182250976562,457320,0.0,0.0
2008-03-06 00:00:00+08:00,24.1763137039023,24.1763137039023,23.455921024440407,24.03223419189453,217560,0.0,0.0
2008-03-07 00:00:00+08:00,23.916969299316406,24.032231431510326,23.628812748687512,23.916969299316406,83250,0.0,0.0
2008-03-10 00:00:00+08:00,24.608550308264785,24.608550308264785,24.032237071749325,24.20513153076172,150960,0.0,0.0
2008-03-11 00:00:00+08:00,25.06959453979859,25.06959453979859,24.29157212698562,24.378019332885742,134310,0.0,0.0
2008-03-12 00:00:00+08:00,24.95433922628957,24.95433922628957,24.20513153076172,24.20513153076172,129870,0.0,0.0
2008-03-13 00:00:00+08:00,23.744078667468937,23.91697065541877,23.657629013061523,23.657629013061523,73260,0.0,0.0
2008-03-14 00:00:00+08:00,24.08986467852962,24.08986467852962,23.45591926574707,23.45591926574707,56610,0.0,0.0
2008-03-17 00:00:00+08:00,22.937237596269547,23.571182986008026,22.937237596269547,23.340656280517578,13320,0.0,0.0
2008-03-18 00:00:00+08:00,23.340656280517578,23.340656280517578,23.110132015315333,23.340656280517578,23310,0.0,0.0
2008-03-19 00:00:00+08:00,23.91697290795926,23.91697290795926,23.13895034790039,23.13895034790039,28860,0.0,0.0
2008-03-20 00:00:00+08:00,23.138949204855827,23.167766571044922,23.05250442715386,23.167766571044922,63270,0.0,0.0
2008-03-21 00:00:00+08:00,23.05250196478297,23.628812622679202,22.87960754727001,22.908422470092773,123210,0.0,0.0
2008-03-24 00:00:00+08:00,23.916970647489396,23.916970647489396,22.36092567443848,22.360925674438477,162060,0.0,0.0
2008-03-25 00:00:00+08:00,22.36092989282301,22.418562193185053,22.072775711879157,22.188037872314453,99900,0.0,0.0
2008-03-26 00:00:00+08:00,22.447377395618503,22.64908432668351,22.360927733280057,22.418560028076172,49950,0.0,0.0
2008-03-27 00:00:00+08:00,22.476194493547098,22.67790388438107,21.899881251081812,22.188037872314453,65490,0.0,0.0
2008-03-28 00:00:00+08:00,22.18803360592583,22.59145231002309,22.18803360592583,22.27448081970215,58830,0.0,0.0
2008-03-31 00:00:00+08:00,22.73552780626864,23.283025975698823,22.476188623096995,22.764345169067383,236430,0.0,0.0
2008-04-01 00:00:00+08:00,23.052502370746808,23.513550905183045,23.052502370746808,23.110132217407227,114330,0.0,0.0
2008-04-02 00:00:00+08:00,23.51355409004844,23.51355409004844,23.05250549316406,23.052505493164062,107670,0.0,0.0
2008-04-03 00:00:00+08:00,23.283027605462884,23.283027605462884,22.562637410255157,22.64908218383789,149850,0.0,0.0
2008-04-07 00:00:00+08:00,22.6490843104574,23.081320420397198,22.6490843104574,23.052505493164062,143190,0.0,0.0
2008-04-08 00:00:00+08:00,23.888156800580383,23.888156800580383,23.05250442715386,23.167766571044922,249750,0.0,0.0
2008-04-09 00:00:00+08:00,23.196581568394354,23.340658638629847,22.879610061645508,22.879610061645508,168720,0.0,0.0
2008-04-10 00:00:00+08:00,23.052503488001236,23.167765627196548,22.620267415658386,22.706714630126953,92130,0.0,0.0
2008-04-11 00:00:00+08:00,23.110135519952568,23.110135519952568,22.476192474365234,22.476192474365234,375180,0.0,0.0
2008-04-14 00:00:00+08:00,22.245666434235293,22.476193181942225,21.899879973107865,22.159221649169922,532800,0.0,0.0
2008-04-15 00:00:00+08:00,22.13040260522697,22.649083477797642,22.13040260522697,22.30329704284668,375180,0.0,0.0
2008-04-16 00:00:00+08:00,22.591451078485285,22.706713210474263,22.332109451293945,22.332109451293945,426240,0.0,0.0
2008-04-17 00:00:00+08:00,22.533820435004202,23.340657858031605,22.533820435004202,22.850791931152344,670440,0.0,0.0
2008-04-18 00:00:00+08:00,23.110137712874227,24.262761763340873,23.110137712874227,23.686450958251953,1145520,0.0,0.0
2008-04-21 00:00:00+08:00,24.493283303733254,25.328935623168945,23.83052296881952,25.328935623168945,1213230,0.0,0.0
2008-04-22 00:00:00+08:00,25.1272295125701,25.78998993289652,24.579733683830657,25.703542709350586,860250,0.0,0.0
2008-04-23 00:00:00+08:00,25.703538989223983,26.10695768052498,25.09841095227249,25.127225875854492,974580,0.0,0.0
2008-04-24 00:00:00+08:00,25.127228233941974,25.127228233941974,23.945786972747563,24.03223419189453,1122210,0.0,0.0
2008-04-25 00:00:00+08:00,24.205125648187426,24.608544327647614,24.032231231193585,24.147493362426758,1003440,0.0,0.0
2008-04-28 00:00:00+08:00,24.147495971396587,25.30012228883794,24.147495971396587,24.83907127380371,1122210,0.0,0.0
2008-04-29 00:00:00+08:00,24.810256491033446,24.810256491033446,24.17631347695785,24.262758255004883,794760,0.0,0.0
2008-04-30 00:00:00+08:00,24.262757503612274,24.75262343215039,24.262757503612274,24.493284225463867,485070,0.0,0.0
2008-05-02 00:00:00+08:00,23.513553545732467,23.628815692285354,22.793163299560547,22.793163299560547,659340,0.0,0.0
2008-05-05 00:00:00+08:00,21.611719093455157,22.072770057375163,21.208300415133216,21.89987564086914,1258740,0.0,0.0
2008-05-06 00:00:00+08:00,21.726982274604385,22.01513883594731,21.323563576781947,21.78461456298828,563880,0.0,0.0
2008-05-07 00:00:00+08:00,22.07277297963167,23.225396881597508,22.07277297963167,23.08131980895996,1198800,0.0,0.0
2008-05-08 00:00:00+08:00,22.879609059064094,23.023686122986152,22.476190351736328,22.706714630126953,319680,0.0,0.0
2008-05-09 00:00:00+08:00,22.70671387867189,22.937238149433554,21.92869141449094,22.015138626098633,414030,0.0,0.0
2008-05-12 00:00:00+08:00,22.476188946496308,22.85079026538844,22.07277026439079,22.332109451293945,281940,0.0,0.0
2008-05-13 00:00:00+08:00,22.70671387867189,22.764346166506435,22.015138626098633,22.015138626098633,247530,0.0,0.0
2008-05-14 00:00:00+08:00,22.36092416450098,22.36092416450098,21.89987564086914,21.89987564086914,185370,0.0,0.0
2008-05-15 00:00:00+08:00,22.07277091393318,22.2456628968603,21.899876490717798,22.015138626098633,251970,0.0,0.0
2008-05-16 00:00:00+08:00,22.188037301799596,22.62027100239026,22.188037301799596,22.562641143798828,463980,0.0,0.0
2008-05-19 00:00:00+08:00,22.591451240078563,22.7355282960233,22.303294687900884,22.389741897583008,274170,0.0,0.0
2008-05-20 00:00:00+08:00,22.879611065579404,22.879611065579404,22.389745100822392,22.418560028076172,414030,0.0,0.0
2008-05-21 00:00:00+08:00,22.418557110810486,22.418557110810486,22.18803284220064,22.245662689208984,179820,0.0,0.0
2008-05-22 00:00:00+08:00,22.24566113426741,22.24566113426741,21.957507038790805,22.072769165039062,167610,0.0,0.0
2008-05-23 00:00:00+08:00,22.188036236741837,22.188036236741837,21.323566436767578,21.323566436767578,279720,0.0,0.0
2008-05-26 00:00:00+08:00,21.208303301731465,21.208303301731465,20.459096908569336,20.459096908569336,157620,0.0,0.0
2008-05-27 00:00:00+08:00,20.459097396467826,20.631990620484814,19.075946723754818,19.364103317260742,528360,0.0,0.0
2008-05-28 00:00:00+08:00,19.392918086910722,19.450549157488688,18.672527874469885,19.30647087097168,375180,0.0,0.0
2008-05-29 00:00:00+08:00,19.248839864799642,19.306470935570438,18.672527936947493,19.018314361572266,188700,0.0,0.0
2008-05-30 00:00:00+08:00,19.01831520348675,19.01831520348675,17.865690076613138,18.44200325012207,250860,0.0,0.0
2008-06-02 00:00:00+08:00,18.38436765080125,18.701340327291224,17.980950210088977,18.67252540588379,229770,0.0,0.0
2008-06-03 00:00:00+08:00,18.557263747007124,19.421732210274175,18.442001610609957,18.903051376342773,149850,0.0,0.0
2008-06-04 00:00:00+08:00,19.306470073877005,19.306470073877005,18.903051376342773,18.903051376342773,21090,0.0,0.0
2008-06-05 00:00:00+08:00,18.44200077740032,18.87423437943346,18.153844229282168,18.78778839111328,95460,0.0,0.0
2008-06-06 00:00:00+08:00,19.018314817789317,19.24884032654661,18.845421601329516,18.931867599487305,87690,0.0,0.0
2008-06-09 00:00:00+08:00,18.672528763554492,18.70134369014339,18.384370956655776,18.44200325012207,57720,0.0,0.0
2008-06-10 00:00:00+08:00,19.24883864312932,19.24883864312932,18.326737908887182,18.413185119628906,101010,0.0,0.0
2008-06-11 00:00:00+08:00,18.09621400017413,18.26910720495045,17.318191528320312,17.318191528320312,107670,0.0,0.0
2008-06-12 00:00:00+08:00,16.71306448689431,17.00122106566868,16.107936403554667,16.19438362121582,134310,0.0,0.0
2008-06-13 00:00:00+08:00,16.309644375377438,16.309644375377438,15.848594620698183,16.136751174926758,77700,0.0,0.0
2008-06-16 00:00:00+08:00,16.424907908119945,16.424907908119945,16.136752549489792,16.19438362121582,35520,0.0,0.0
2008-06-17 00:00:00+08:00,16.252013308560546,16.252013308560546,15.128203235126746,16.136751174926758,41070,0.0,0.0
2008-06-18 00:00:00+08:00,16.021491436500455,16.07912251193317,15.90622806549072,15.906228065490723,55500,0.0,0.0
2008-06-19 00:00:00+08:00,15.560439983153223,16.05030594165305,15.560439983153223,15.848596572875977,28860,0.0,0.0
2008-06-20 00:00:00+08:00,15.963859324011018,15.963859324011018,15.329915046691893,15.329915046691895,89910,0.0,0.0
2008-06-23 00:00:00+08:00,15.099388314415775,15.272281514896514,14.26373479506525,14.40781307220459,261960,0.0,0.0
2008-06-24 00:00:00+08:00,14.292553080081026,14.55189352973257,13.860318183898924,13.860318183898926,91020,0.0,0.0
2008-06-25 00:00:00+08:00,13.831501118805013,13.831501118805013,13.284004108008165,13.716238975524902,193140,0.0,0.0
2008-06-26 00:00:00+08:00,13.71623884319484,14.321366919793654,13.71623884319484,14.29255199432373,85470,0.0,0.0
2008-06-27 00:00:00+08:00,14.004394247952186,14.004394247952186,13.428081145004708,13.543344497680664,43290,0.0,0.0
2008-06-30 00:00:00+08:00,14.004394247952186,14.004394247952186,13.543344497680664,13.543344497680664,74370,0.0,0.0
2008-07-01 00:00:00+08:00,13.6009774442627,13.6009774442627,13.255189778718371,13.370451927185059,87690,0.0,0.0
2008-07-02 00:00:00+08:00,13.370451394189534,13.543345830141622,12.851770526621708,13.428082466125488,124320,0.0,0.0
2008-07-03 00:00:00+08:00,12.765322849660867,13.77386962263775,12.678875634793085,13.658607482910156,145410,0.0,0.0
2008-07-04 00:00:00+08:00,13.312819873166836,13.658607513262197,13.25518880317497,13.51452922821045,87690,0.0,0.0
2008-07-07 00:00:00+08:00,13.370451400687337,13.745055198669434,13.25518925675941,13.745055198669434,42180,0.0,0.0
2008-07-08 00:00:00+08:00,13.658608638965731,13.658608638965731,13.255189895629883,13.255189895629883,48840,0.0,0.0
2008-07-09 00:00:00+08:00,13.255189895629883,13.716239713707385,13.255189895629883,13.255189895629883,56610,0.0,0.0
2008-07-10 00:00:00+08:00,13.255189895629883,13.255189895629883,12.967033301777342,13.255189895629883,64380,0.0,0.0
2008-07-11 00:00:00+08:00,13.255189895629883,13.370452045113188,12.967033301777342,13.255189895629883,136530,0.0,0.0
2008-07-14 00:00:00+08:00,12.967032818771386,13.48571491241455,12.967032818771386,13.48571491241455,250860,0.0,0.0
2008-07-15 00:00:00+08:00,13.431215795654792,14.012210135173396,13.055278972051015,13.123631477355957,154000,1.351351,1.11
2008-07-16 00:00:00+08:00,13.397041416584043,13.397041416584043,12.645166397094727,12.645166397094727,66000,0.0,0.0
2008-07-17 00:00:00+08:00,12.781871076888196,13.123632321685038,12.781871076888196,13.021102905273438,31000,0.0,0.0
2008-07-18 00:00:00+08:00,13.46539229792248,13.46539229792248,12.8502210722702,12.986926078796387,81000,0.0,0.0
2008-07-21 00:00:00+08:00,13.123632394983872,13.533744848058118,13.123632394983872,13.328688621520996,20000,0.0,0.0
2008-07-22 00:00:00+08:00,13.123632763771067,13.602097740374928,13.123632763771067,13.465394020080566,47000,0.0,0.0
2008-07-23 00:00:00+08:00,13.80715338719383,14.38814640045166,13.636272782420221,14.38814640045166,105000,0.0,0.0
2008-07-24 00:00:00+08:00,14.832437850248727,15.379255294799805,14.559027824257564,15.379255294799805,109000,0.0,0.0
2008-07-25 00:00:00+08:00,15.379258620204206,15.857724965430256,15.037497317533001,15.789372444152832,85000,0.0,0.0
2008-07-28 00:00:00+08:00,15.789372444152834,15.789372444152834,15.789372444152834,15.789372444152832,0,0.0,0.0
2008-07-29 00:00:00+08:00,15.789372444152834,15.789372444152834,15.789372444152834,15.789372444152832,0,0.0,0.0
2008-07-30 00:00:00+08:00,15.789372444152834,15.789372444152834,15.789372444152834,15.789372444152832,0,0.0,0.0
2008-07-31 00:00:00+08:00,15.789372444152834,15.789372444152834,15.789372444152834,15.789372444152832,0,0.0,0.0
2008-08-01 00:00:00+08:00,15.789372444152834,15.789372444152834,15.789372444152834,15.789372444152832,0,0.0,0.0
2008-08-04 00:00:00+08:00,15.789372444152834,15.789372444152834,15.789372444152834,15.789372444152832,0,0.0,0.0
2008-08-05 00:00:00+08:00,15.789372444152834,15.789372444152834,15.789372444152834,15.789372444152832,0,0.0,0.0
2008-08-06 00:00:00+08:00,15.789372444152834,15.789372444152834,15.789372444152834,15.789372444152832,0,0.0,0.0
2008-08-07 00:00:00+08:00,15.789372444152834,15.789372444152834,15.789372444152834,15.789372444152832,0,0.0,0.0
2008-08-08 00:00:00+08:00,15.789372444152834,15.789372444152834,15.789372444152834,15.789372444152832,0,0.0,0.0
2008-08-11 00:00:00+08:00,15.789372444152834,15.789372444152834,15.789372444152834,15.789372444152832,0,0.0,0.0
2008-08-12 00:00:00+08:00,15.789372444152834,15.789372444152834,15.789372444152834,15.789372444152832,0,0.0,0.0
2008-08-13 00:00:00+08:00,15.789372444152834,15.789372444152834,15.789372444152834,15.789372444152832,0,0.0,0.0
2008-08-14 00:00:00+08:00,15.789372444152834,15.789372444152834,15.789372444152834,15.789372444152832,0,0.0,0.0
2008-08-15 00:00:00+08:00,15.789372444152834,15.789372444152834,15.789372444152834,15.789372444152832,0,0.0,0.0
2008-08-18 00:00:00+08:00,17.976639188236337,17.976639188236337,17.361469268798828,17.361469268798828,18000,0.0,0.0
2008-08-19 00:00:00+08:00,17.63487886588388,17.63487886588388,17.088061421870282,17.395647048950195,5000,0.0,0.0
2008-08-20 00:00:00+08:00,17.36147296008203,17.429825477600097,17.088064193725586,17.088064193725586,10000,0.0,0.0
2008-08-21 00:00:00+08:00,17.361469268798828,17.361469268798828,17.088060560572778,17.361469268798828,18000,0.0,0.0
2008-08-22 00:00:00+08:00,17.122236251831055,17.42982186505352,17.019708148662087,17.122236251831055,37000,0.0,0.0
2008-08-25 00:00:00+08:00,17.122238798604954,17.703233207934037,17.08806319370385,17.293119430541992,16000,0.0,0.0
2008-08-26 00:00:00+08:00,17.122240577189366,17.122240577189366,16.883008710599746,17.019712448120117,16000,0.0,0.0
2008-08-27 00:00:00+08:00,17.088058253217582,17.088058253217582,16.74629708815323,16.81464958190918,63000,0.0,0.0
2008-08-28 00:00:00+08:00,16.746300168016397,16.746300168016397,16.13113021850586,16.13113021850586,77000,0.0,0.0
2008-08-29 00:00:00+08:00,16.062777752346463,16.13113025884425,15.34507969340872,15.379255294799805,84000,0.0,0.0
2008-09-01 00:00:00+08:00,14.695732904122648,15.003318532904492,14.388147275340806,14.422324180603027,62000,0.0,0.0
2008-09-02 00:00:00+08:00,14.422324011139567,14.422324011139567,14.148915290832521,14.14891529083252,25000,0.0,0.0
2008-09-03 00:00:00+08:00,14.251443020078874,14.251443020078874,13.260334968566895,13.260334968566895,41000,0.0,0.0
2008-09-04 00:00:00+08:00,13.26033518425024,13.26033518425024,13.123631477355957,13.123631477355957,35000,0.0,0.0
2008-09-05 00:00:00+08:00,12.64516635733123,13.123632632878698,12.64516635733123,12.85022258758545,45000,0.0,0.0
2008-09-08 00:00:00+08:00,13.670450397122313,13.738802909851074,13.602097884393553,13.738802909851074,60000,0.0,0.0
2008-09-09 00:00:00+08:00,13.670449868226662,13.670449868226662,13.123632394983872,13.328688621520996,21000,0.0,0.0
2008-09-10 00:00:00+08:00,12.645166306687058,13.397041320800781,12.645166306687058,13.397041320800781,37000,0.0,0.0
2008-09-11 00:00:00+08:00,13.533745354426827,13.533745354426827,13.191984094934071,13.226161003112793,80000,0.0,0.0
2008-09-12 00:00:00+08:00,13.533744541619452,13.567921447745581,12.986927080758011,13.499568939208984,25000,0.0,0.0
2008-09-15 00:00:00+08:00,13.328688706080575,13.328688706080575,12.57681369781494,12.576813697814941,101000,0.0,0.0
2008-09-16 00:00:00+08:00,11.756586151599153,11.756586151599153,11.72240924835205,11.72240924835205,107000,0.0,0.0
2008-09-17 00:00:00+08:00,11.141416280553228,11.790763180072492,11.107240676879883,11.107240676879883,154000,0.0,0.0
2008-09-18 00:00:00+08:00,10.389541052182105,10.594597916419856,10.355364799499512,10.355364799499512,208000,0.0,0.0
2008-09-19 00:00:00+08:00,10.252837373074213,11.073064884406426,10.252837373074213,11.038887977600098,119000,0.0,0.0
2008-09-22 00:00:00+08:00,11.141416162827191,11.483177410812267,10.936359935522425,11.346473693847656,87000,0.0,0.0
2008-09-23 00:00:00+08:00,10.970535169019898,11.209768295288086,10.936359566859723,11.209768295288086,45000,0.0,0.0
2008-09-24 00:00:00+08:00,11.073064582931732,11.209768295288086,10.799655202645543,11.209768295288086,133000,0.0,0.0
2008-09-25 00:00:00+08:00,11.483176053220813,11.961642265319824,11.243944250886852,11.961642265319824,341000,0.0,0.0
2008-09-26 00:00:00+08:00,12.235052029297108,12.44010955381768,11.619882063166708,12.2692289352417,135000,0.0,0.0
2008-09-29 00:00:00+08:00,12.269228935241697,12.269228935241697,12.269228935241697,12.2692289352417,0,0.0,0.0
2008-09-30 00:00:00+08:00,11.41482631550012,12.02999630712898,11.41482631550012,11.824938774108887,171000,0.0,0.0
2008-10-01 00:00:00+08:00,11.89329137760541,12.645166397094727,11.89329137760541,12.645166397094727,72000,0.0,0.0
2008-10-02 00:00:00+08:00,12.816047024082494,12.816047024082494,12.371757654657443,12.645166397094727,48000,0.0,0.0
2008-10-03 00:00:00+08:00,12.303405143119193,12.645166397094727,12.235052631580942,12.645166397094727,43000,0.0,0.0
2008-10-06 00:00:00+08:00,12.235052186146042,12.542637825012207,12.235052186146042,12.542637825012207,15000,0.0,0.0
2008-10-07 00:00:00+08:00,12.235051165249827,12.781869888305664,12.029994958926114,12.781869888305664,64000,0.0,0.0
2008-10-08 00:00:00+08:00,12.235052140950115,12.713518398815449,12.029995918273926,12.029995918273926,62000,0.0,0.0
2008-10-09 00:00:00+08:00,12.029996732148337,12.30340548211894,11.688235468756144,11.756587982177734,44000,0.0,0.0
2008-10-13 00:00:00+08:00,11.346473693847656,11.483177410812267,11.346473693847656,11.346473693847656,99000,0.0,0.0
2008-10-14 00:00:00+08:00,12.098348541956934,12.098348541956934,11.346473545478332,11.790762901306152,68000,0.0,0.0
2008-10-15 00:00:00+08:00,11.619882279548092,11.790762901306152,11.619882279548092,11.790762901306152,21000,0.0,0.0
2008-10-16 00:00:00+08:00,11.38064956665039,11.756587730565501,11.38064956665039,11.38064956665039,34000,0.0,0.0
2008-10-17 00:00:00+08:00,11.004712747483575,11.517354633511856,11.004712747483575,11.175593376159668,100000,0.0,0.0
2008-10-20 00:00:00+08:00,11.175593376159668,11.175593376159668,10.79965586270069,11.175593376159668,50000,0.0,0.0
2008-10-21 00:00:00+08:00,11.209768188271564,11.585706327022784,11.209768188271564,11.44900131225586,57000,0.0,0.0
2008-10-22 00:00:00+08:00,11.27812080332409,11.58570643762828,11.209768295288086,11.209768295288086,45000,0.0,0.0
2008-10-23 00:00:00+08:00,10.833832055861748,10.86800765991211,10.833832055861748,10.86800765991211,63000,0.0,0.0
2008-10-24 00:00:00+08:00,10.52624484336644,10.52624484336644,10.492069244384766,10.492069244384766,154000,0.0,0.0
2008-10-27 00:00:00+08:00,9.97942931269102,10.116133689880371,9.911076798167398,10.116133689880371,55000,0.0,0.0
2008-10-28 00:00:00+08:00,9.911076798167398,10.116133689880371,9.569315529265076,10.116133689880371,42000,0.0,0.0
2008-10-29 00:00:00+08:00,10.252836423132779,10.526245133673205,10.252836423132779,10.321188926696777,55000,0.0,0.0
2008-10-30 00:00:00+08:00,10.321189882971177,11.038887977600098,9.603491136484415,11.038887977600098,101000,0.0,0.0
2008-10-31 00:00:00+08:00,11.004712074895727,11.449001421556273,10.594598330395357,11.209768295288086,120000,0.0,0.0
2008-11-03 00:00:00+08:00,11.209768980408594,11.209768980408594,10.594598977917803,11.175593376159668,58000,0.0,0.0
2008-11-04 00:00:00+08:00,10.594598799485427,11.107240676879883,10.594598799485427,11.107240676879883,35000,0.0,0.0
2008-11-05 00:00:00+08:00,11.141416280553228,11.278121302678036,10.970535654755077,11.107240676879883,30000,0.0,0.0
2008-11-06 00:00:00+08:00,10.970534923177372,10.970534923177372,10.52624558647306,10.799654960632324,50000,0.0,0.0
2008-11-07 00:00:00+08:00,10.697125349966086,10.936358451843262,10.389540398879547,10.936358451843262,94000,0.0,0.0
2008-11-10 00:00:00+08:00,10.833832693968926,10.833832693968926,10.321190780724805,10.526247024536133,124000,0.0,0.0
2008-11-11 00:00:00+08:00,10.321189689708385,10.321189689708385,10.047780307097916,10.252837181091309,39000,0.0,0.0
2008-11-12 00:00:00+08:00,9.911075491572538,10.150308609008789,9.84272298605995,10.150308609008789,39000,0.0,0.0
2008-11-13 00:00:00+08:00,9.740195573667195,10.457894325256348,9.603491204759225,10.457894325256348,75000,0.0,0.0
2008-11-14 00:00:00+08:00,10.047781175356752,10.457894958782695,10.047781175356752,10.116133689880371,35000,0.0,0.0
2008-11-17 00:00:00+08:00,9.911075592041016,10.081956205696896,9.740194978385137,9.911075592041016,29000,0.0,0.0
2008-11-18 00:00:00+08:00,9.774373205718355,9.774373205718355,9.261731261207162,9.535140037536621,48000,0.0,0.0
2008-11-19 00:00:00+08:00,9.84272280452199,9.84272280452199,9.466785986709903,9.706018447875977,29000,0.0,0.0
2008-11-20 00:00:00+08:00,9.569313912193826,9.569313912193826,9.09084834695569,9.432609558105469,33000,0.0,0.0
2008-11-21 00:00:00+08:00,8.817439623866516,9.227553367614746,8.783264021769018,9.227553367614746,69000,0.0,0.0
2008-11-24 00:00:00+08:00,9.227552010462835,9.227552010462835,8.885790824890137,8.885790824890137,33000,0.0,0.0
2008-11-25 00:00:00+08:00,8.954144082064394,9.193376541137695,8.954144082064394,9.193376541137695,32000,0.0,0.0
2008-11-26 00:00:00+08:00,9.5009606981779,9.5009606981779,8.885790824890137,8.885790824890137,19000,0.0,0.0
2008-11-27 00:00:00+08:00,9.330082573077506,9.50096321105957,9.022497555081372,9.50096321105957,80000,0.0,0.0
2008-11-28 00:00:00+08:00,9.466785809592004,9.466785809592004,9.26172895253058,9.432609558105469,14000,0.0,0.0
2008-12-01 00:00:00+08:00,9.637666595481866,9.706018447875977,9.432609734583952,9.706018447875977,40000,0.0,0.0
2008-12-02 00:00:00+08:00,9.227555001201493,9.637668817553624,9.193378741195826,9.535140037536621,22000,0.0,0.0
2008-12-03 00:00:00+08:00,9.29590529661864,9.29590529661864,8.98831968203359,9.193376541137695,44000,0.0,0.0
2008-12-04 00:00:00+08:00,9.022495219959014,9.671841345861257,8.95414337357115,9.637665748596191,156000,0.0,0.0
2008-12-05 00:00:00+08:00,9.569315726995557,9.637668242931543,9.261730708999423,9.50096321105957,35000,0.0,0.0
2008-12-08 00:00:00+08:00,9.43261190937756,9.535140037536621,9.193378741195826,9.535140037536621,48000,0.0,0.0
2008-12-09 00:00:00+08:00,9.432611401371174,9.5693157821735,9.26173076240379,9.295907020568848,23000,0.0,0.0
2008-12-10 00:00:00+08:00,9.295905292219816,9.569314002990723,9.295905292219816,9.569314002990723,89000,0.0,0.0
2008-12-11 00:00:00+08:00,9.774370093229653,9.774370093229653,9.364256407471535,9.637665748596191,122000,0.0,0.0
2008-12-12 00:00:00+08:00,9.637668242931543,9.87690074499169,9.330082573077506,9.50096321105957,92000,0.0,0.0
2008-12-15 00:00:00+08:00,9.569315194987686,9.569315194987686,9.261730194091797,9.261730194091797,24000,0.0,0.0
2008-12-16 00:00:00+08:00,9.364256354320368,9.364256354320368,8.885790824890137,8.885790824890137,45000,0.0,0.0
2008-12-17 00:00:00+08:00,8.885792917563375,8.954145431518555,8.885792917563375,8.954145431518555,52000,0.0,0.0
2008-12-18 00:00:00+08:00,8.954143994483246,8.954143994483246,8.680734634399414,8.680734634399414,38000,0.0,0.0
2008-12-19 00:00:00+08:00,8.680734634399414,8.749087137384818,8.544030280286389,8.680734634399414,20000,0.0,0.0
2008-12-22 00:00:00+08:00,8.680733462262994,8.680733462262994,8.40732479095459,8.40732479095459,42000,0.0,0.0
2008-12-23 00:00:00+08:00,8.33897343285976,8.33897343285976,7.826331615447998,7.826331615447998,72000,0.0,0.0
2008-12-24 00:00:00+08:00,8.065565314259876,8.065565314259876,7.826332187892939,7.860508441925049,50000,0.0,0.0
2008-12-25 00:00:00+08:00,7.860507686039245,7.9288601875305185,7.65545083342319,7.928860187530518,47000,0.0,0.0
2008-12-26 00:00:00+08:00,7.928861502676551,7.997213363647461,7.792156477018988,7.997213363647461,13000,0.0,0.0
2008-12-29 00:00:00+08:00,7.92886074845701,8.202269470048847,7.92886074845701,8.06556510925293,21000,0.0,0.0
2008-12-30 00:00:00+08:00,7.655451737563936,8.031389236450195,7.655451737563936,8.031389236450195,20000,0.0,0.0
2008-12-31 00:00:00+08:00,7.8946846959571575,7.928860949989267,7.826332187892939,7.860508441925049,28000,0.0,0.0
2009-01-02 00:00:00+08:00,7.860508441925049,7.860508441925049,7.860508441925049,7.860508441925049,0,0.0,0.0
2009-01-05 00:00:00+08:00,8.270623785386332,8.270623785386332,7.894686222076417,7.894686222076416,22000,0.0,0.0
2009-01-06 00:00:00+08:00,8.133916854858398,8.133916854858398,7.997212495892118,8.133916854858398,25000,0.0,0.0
2009-01-07 00:00:00+08:00,8.133917047110572,8.23644580765199,7.9972126849131655,8.202269554138184,31000,0.0,0.0
2009-01-08 00:00:00+08:00,8.202269171924154,8.202269171924154,7.963036060333253,7.963036060333252,5000,0.0,0.0
2009-01-09 00:00:00+08:00,7.963036349762632,8.06556510925293,7.963036349762632,8.06556510925293,13000,0.0,0.0
2009-01-12 00:00:00+08:00,7.860508136925837,8.133916854858398,7.860508136925837,8.133916854858398,26000,0.0,0.0
2009-01-13 00:00:00+08:00,7.82633230023558,7.860508554758271,7.587099822292422,7.621275424957275,99000,0.0,0.0
2009-01-14 00:00:00+08:00,7.450394804201661,7.860508554758271,7.450394804201661,7.621275424957275,61000,0.0,0.0
2009-01-15 00:00:00+08:00,7.518747329711914,7.587099838906975,7.518747329711914,7.518747329711914,21000,0.0,0.0
2009-01-16 00:00:00+08:00,7.5187474066657245,7.655451774597168,7.655451774597168,7.655451774597168,15000,0.0,0.0
2009-01-19 00:00:00+08:00,7.655451381729311,7.8263319958387045,7.5187470208133576,7.792155742645264,41000,0.0,0.0
2009-01-20 00:00:00+08:00,7.655450825956637,7.655450825956637,7.518746474965186,7.55292272567749,24000,0.0,0.0
2009-01-21 00:00:00+08:00,7.38204303873428,7.655451774597168,7.38204303873428,7.655451774597168,30000,0.0,0.0
2009-02-02 00:00:00+08:00,7.4845712883829965,7.4845712883829965,7.313690662384033,7.313690662384033,20000,0.0,0.0
2009-02-03 00:00:00+08:00,7.176986565058605,7.48457157318954,7.176986565058605,7.416219711303711,37000,0.0,0.0
2009-02-04 00:00:00+08:00,7.245339802933994,7.4503960609436035,7.245339802933994,7.4503960609436035,13000,0.0,0.0
2009-02-05 00:00:00+08:00,7.5187470455428445,7.587099552154541,7.5187470455428445,7.587099552154541,11000,0.0,0.0
2009-02-06 00:00:00+08:00,7.621274765506139,7.723803520202636,7.621274765506139,7.723803520202637,27000,0.0,0.0
2009-02-09 00:00:00+08:00,7.723803520202636,7.792155371475854,7.723803520202636,7.723803520202637,40000,0.0,0.0
2009-02-10 00:00:00+08:00,7.621274765506139,7.792155371475854,7.587099165798421,7.723803520202637,20000,0.0,0.0
2009-02-11 00:00:00+08:00,7.792156104834074,8.031389236450195,7.757980501909921,8.031389236450195,38000,0.0,0.0
2009-02-12 00:00:00+08:00,8.270621391271355,8.509853842775282,7.9288601875305185,7.928860187530518,26000,0.0,0.0
2009-02-13 00:00:00+08:00,8.133916854858398,8.407326224648761,7.997212495892118,8.133916854858398,57000,0.0,0.0
2009-02-16 00:00:00+08:00,8.680735317134737,8.680735317134737,8.338974079043938,8.475678443908691,105000,0.0,0.0
2009-02-17 00:00:00+08:00,8.680736226594039,8.680736226594039,8.20227057351082,8.338974952697754,56000,0.0,0.0
2009-02-18 00:00:00+08:00,8.202269554138184,8.33897391633559,7.928860829743371,8.202269554138184,32000,0.0,0.0
2009-02-19 00:00:00+08:00,8.202269554138184,8.202269554138184,8.202269554138184,8.202269554138184,21000,0.0,0.0
2009-02-20 00:00:00+08:00,8.202270011816143,8.338974381641508,8.168093756395338,8.304798126220703,82000,0.0,0.0
2009-02-23 00:00:00+08:00,8.202270986094671,8.749089182205903,8.202270986094671,8.612384796142578,139000,0.0,0.0
2009-02-24 00:00:00+08:00,8.509853852075793,8.885791306973132,8.509853852075793,8.783263206481934,79000,0.0,0.0
2009-02-25 00:00:00+08:00,8.783263196229612,9.36425685143118,8.749086945486516,8.988319396972656,138000,0.0,0.0
2009-02-26 00:00:00+08:00,9.022496524219891,9.022496524219891,8.680735287303547,8.851615905761719,97000,0.0,0.0
2009-02-27 00:00:00+08:00,8.851615429592409,9.125024795532227,8.851615429592409,9.125024795532227,124000,0.0,0.0
2009-03-02 00:00:00+08:00,9.090848159813296,9.090848159813296,8.783263206481934,8.783263206481934,68000,0.0,0.0
2009-03-03 00:00:00+08:00,8.78326272996142,8.885790824890137,8.612382137175072,8.885790824890137,42000,0.0,0.0
2009-03-04 00:00:00+08:00,8.885792749578302,9.432610895308542,8.885792749578302,9.39843463897705,131000,0.0,0.0
2009-03-05 00:00:00+08:00,9.398433306618935,9.637666415166892,9.295905204017114,9.432609558105469,119000,0.0,0.0
2009-03-06 00:00:00+08:00,9.432611401371174,9.432611401371174,9.227554504238732,9.295907020568848,70000,0.0,0.0
2009-03-09 00:00:00+08:00,9.295905955856512,9.535138431895467,9.295905955856512,9.3642578125,37000,0.0,0.0
2009-03-10 00:00:00+08:00,9.466785986709903,9.80854720425383,9.398433482458001,9.706018447875977,92000,0.0,0.0
2009-03-11 00:00:00+08:00,9.706018725282398,10.35536492680318,9.569314364729257,9.911075592041016,167000,0.0,0.0
2009-03-12 00:00:00+08:00,9.911075893201327,9.911075893201327,9.671842766070576,9.740195274353027,80000,0.0,0.0
2009-03-13 00:00:00+08:00,9.740195274353027,9.911075893201327,9.740195274353027,9.740195274353027,80000,0.0,0.0
2009-03-16 00:00:00+08:00,9.9110750166827,9.9110750166827,9.740194412946792,9.876898765563965,74000,0.0,0.0
2009-03-17 00:00:00+08:00,9.84272354253878,10.047780418812055,9.706019175642544,10.013604164123535,64000,0.0,0.0
2009-03-18 00:00:00+08:00,10.013604276806428,10.04778053187953,9.774371795010396,9.945252418518066,85000,0.0,0.0
2009-03-19 00:00:00+08:00,9.97942867359117,9.97942867359117,9.740195539937291,9.945252418518066,57000,0.0,0.0
2009-03-20 00:00:00+08:00,9.911075301089529,10.081955909729004,9.876899048990076,10.081955909729004,59000,0.0,0.0
2009-03-23 00:00:00+08:00,9.911075592041016,9.911075592041016,9.911075592041016,9.911075592041016,5000,0.0,0.0
2009-03-24 00:00:00+08:00,9.876899048990076,10.218660266269024,9.842722796890623,10.081955909729004,68000,0.0,0.0
2009-03-25 00:00:00+08:00,10.08195743261856,10.150309947142182,10.047781175356752,10.116133689880371,69000,0.0,0.0
2009-03-26 00:00:00+08:00,10.184483638687558,10.492069244384766,10.116131788866442,10.492069244384766,75000,0.0,0.0
2009-03-27 00:00:00+08:00,10.492071216044506,10.492071216044506,9.945253055429209,10.116133689880371,91000,0.0,0.0
2009-03-30 00:00:00+08:00,9.979427518920172,9.979427518920172,9.774370664065527,9.876898765563965,130000,0.0,0.0
2009-03-31 00:00:00+08:00,9.671842188251148,10.081955909729004,9.671842188251148,10.081955909729004,87000,0.0,0.0
2009-04-02 00:00:00+08:00,9.9794282635148,10.321189496486433,9.9794282635148,10.184484481811523,81000,0.0,0.0
2009-04-03 00:00:00+08:00,10.184485685265699,10.389542579650879,10.184485685265699,10.389542579650879,111000,0.0,0.0
2009-04-06 00:00:00+08:00,10.389542032770558,10.86800765991211,10.389542032770558,10.86800765991211,123000,0.0,0.0
2009-04-07 00:00:00+08:00,10.799656436047737,10.799656436047737,10.38954264470928,10.526247024536133,74000,0.0,0.0
2009-04-08 00:00:00+08:00,10.526245311746958,10.79965467877047,10.457893458884428,10.594597816467285,169000,0.0,0.0
2009-04-09 00:00:00+08:00,10.662951355533936,10.86800758587055,10.59459884418316,10.731303215026855,38000,0.0,0.0
2009-04-10 00:00:00+08:00,10.731301685680327,10.731301685680327,10.526244832709057,10.697125434875488,49000,0.0,0.0
2009-04-13 00:00:00+08:00,10.731302174050143,10.731302174050143,10.492069711244591,10.594597816467285,91000,0.0,0.0
2009-04-14 00:00:00+08:00,10.594598957340558,10.662951469421387,10.389542072955942,10.662951469421387,164000,0.0,0.0
2009-04-15 00:00:00+08:00,10.628775213380973,10.731303329644348,10.526246445259732,10.662951469421387,115000,0.0,0.0
2009-04-16 00:00:00+08:00,11.38064775320629,11.38064775320629,10.833830352100335,10.936358451843262,139000,0.0,0.0
2009-04-17 00:00:00+08:00,11.073064469767152,11.073064469767152,10.184484481811523,10.184484481811523,62000,0.0,0.0
2009-04-20 00:00:00+08:00,9.603489499473392,9.842721939617517,9.500960752104996,9.637665748596191,25000,0.0,0.0
2009-04-21 00:00:00+08:00,9.227554260362751,10.287014324331533,9.12502614043521,10.116133689880371,38000,0.0,0.0
2009-04-22 00:00:00+08:00,10.08195562041861,10.252836224154517,9.876898765563965,9.876898765563965,23000,0.0,0.0
2009-04-23 00:00:00+08:00,10.116133689880371,10.321190581593344,10.116133689880371,10.116133689880371,45000,0.0,0.0
2009-04-24 00:00:00+08:00,10.389542444259074,10.389542444259074,10.116133689880371,10.116133689880371,14000,0.0,0.0
2009-04-27 00:00:00+08:00,10.28701277844377,10.28701277844377,9.637666595481866,9.706018447875977,36000,0.0,0.0
2009-04-28 00:00:00+08:00,9.808548880913607,9.808548880913607,9.50096321105957,9.50096321105957,43000,0.0,0.0
2009-04-29 00:00:00+08:00,9.29590456108367,10.047778782496577,9.29590456108367,9.637665748596191,38000,0.0,0.0
2009-04-30 00:00:00+08:00,9.84272428364378,10.252838067069723,9.84272428364378,10.116133689880371,102000,0.0,0.0
2009-05-04 00:00:00+08:00,10.594598694164318,10.594598694164318,10.252837445965469,10.457894325256348,64000,0.0,0.0
2009-05-05 00:00:00+08:00,10.321190581593344,10.389542444259074,10.116133689880371,10.116133689880371,30000,0.0,0.0
2009-05-06 00:00:00+08:00,10.116133240527448,10.116133240527448,9.706019475318525,9.842723846435547,106000,0.0,0.0
2009-05-07 00:00:00+08:00,10.04778003692627,10.184484398626786,9.87689942183617,10.04778003692627,47000,0.0,0.0
2009-05-08 00:00:00+08:00,10.047781175356752,10.116133689880371,9.774372420978047,10.116133689880371,53000,0.0,0.0
2009-05-11 00:00:00+08:00,10.116133328348365,10.697127073603934,10.116133328348365,10.662951469421387,206000,0.0,0.0
2009-05-12 00:00:00+08:00,10.59459842046102,10.628774674769558,10.252837181091309,10.252837181091309,44000,0.0,0.0
2009-05-13 00:00:00+08:00,10.389541052182105,10.52624541105467,10.321189198674722,10.355364799499512,94000,0.0,0.0
2009-05-14 00:00:00+08:00,10.252837181091309,10.252837181091309,10.081956561406454,10.252837181091309,70000,0.0,0.0
2009-05-15 00:00:00+08:00,10.457893379107405,10.457893379107405,10.013603405530096,10.081955909729004,26000,0.0,0.0
2009-05-18 00:00:00+08:00,10.116132815714991,10.457894055084703,10.116132815714991,10.252837181091309,60000,0.0,0.0
2009-05-19 00:00:00+08:00,10.594598694164318,10.594598694164318,10.252837445965469,10.457894325256348,68000,0.0,0.0
2009-05-20 00:00:00+08:00,10.457894325256348,10.492070580447802,10.252837445965469,10.457894325256348,61000,0.0,0.0
2009-05-21 00:00:00+08:00,10.594598977917803,11.175593376159668,10.389542093134917,11.175593376159668,346000,0.0,0.0
2009-05-22 00:00:00+08:00,11.209767987117312,11.927467346191406,11.209767987117312,11.927467346191406,424000,0.0,0.0
2009-05-25 00:00:00+08:00,12.713518412924195,12.74769401550293,12.303404663401025,12.74769401550293,395000,0.0,0.0
2009-05-26 00:00:00+08:00,13.636274023422406,13.636274023422406,12.576813395177915,12.74769401550293,458000,0.0,0.0
2009-05-27 00:00:00+08:00,12.884398265910763,13.260335086750372,12.747693256306036,12.816045761108398,124000,0.0,0.0
2009-06-01 00:00:00+08:00,12.918574228503589,13.191982951659865,12.81604612028444,13.157807350158691,98000,0.0,0.0
2009-06-02 00:00:00+08:00,13.328688248926518,13.328688248926518,12.269228935241697,12.2692289352417,115000,0.0,0.0
2009-06-03 00:00:00+08:00,12.610991140658216,12.610991140658216,11.756587982177734,11.756587982177734,69000,0.0,0.0
2009-06-04 00:00:00+08:00,11.995819282789881,11.995819282789881,11.346473693847656,11.346473693847656,68000,0.0,0.0
2009-06-05 00:00:00+08:00,11.414827411507185,12.029997462202267,11.414827411507185,11.893292427062988,27000,0.0,0.0
2009-06-08 00:00:00+08:00,11.619880272996099,11.756585268282235,11.483175277709961,11.483175277709961,67000,0.0,0.0
2009-06-09 00:00:00+08:00,10.970534050519063,11.209767152396239,10.936358451843262,10.936358451843262,72000,0.0,0.0
2009-06-10 00:00:00+08:00,10.93635978527494,11.278121028564781,10.93635978527494,11.073064804077148,23000,0.0,0.0
2009-06-11 00:00:00+08:00,11.00471170860341,11.756586664541954,11.00471170860341,11.414825439453125,68000,0.0,0.0
2009-06-12 00:00:00+08:00,11.688234436240155,11.688234436240155,11.41482571042195,11.44900131225586,53000,0.0,0.0
2009-06-15 00:00:00+08:00,11.312297603393137,11.585707664489746,11.278121997613958,11.585707664489746,29000,0.0,0.0
2009-06-16 00:00:00+08:00,11.688234158781066,11.688234158781066,11.243944826908711,11.414825439453125,40000,0.0,0.0
2009-06-17 00:00:00+08:00,11.312296028953988,11.517353546236652,11.312296028953988,11.414825439453125,8000,0.0,0.0
2009-06-18 00:00:00+08:00,11.551529921152422,11.551529921152422,11.346473693847656,11.346473693847656,32000,0.0,0.0
2009-06-19 00:00:00+08:00,11.346473203038489,11.44900131225586,11.346473203038489,11.44900131225586,67000,0.0,0.0
2009-06-22 00:00:00+08:00,11.483177928491374,11.756587982177734,11.483177928491374,11.756587982177734,91000,0.0,0.0
2009-06-23 00:00:00+08:00,11.756587982177734,11.85911610045224,11.619882955334553,11.756587982177734,72000,0.0,0.0
2009-06-24 00:00:00+08:00,11.756586062257702,11.961642265319824,11.756586062257702,11.961642265319824,107000,0.0,0.0
2009-06-25 00:00:00+08:00,12.029995808492194,12.542637664220136,11.96164330031867,12.2692289352417,312000,0.0,0.0
2009-06-26 00:00:00+08:00,11.893022537231445,12.179601113661775,11.749732565759059,11.893022537231445,141000,0.8249,0.0
2009-06-29 00:00:00+08:00,11.893020990640156,11.893020990640156,11.534797475057708,11.60644245147705,86000,0.0,0.0
2009-06-30 00:00:00+08:00,11.678086455433231,11.678086455433231,11.463152885437012,11.463152885437012,91000,0.0,0.0
2009-07-01 00:00:00+08:00,11.463154898967685,11.606444881810603,11.355688095092773,11.355688095092773,11000,0.0,0.0
2009-07-02 00:00:00+08:00,11.463155522406433,11.678089141845703,11.463155522406433,11.678089141845703,27000,0.0,0.0
2009-07-03 00:00:00+08:00,11.53479907064137,11.785555839538574,11.53479907064137,11.785555839538574,41000,0.0,0.0
2009-07-06 00:00:00+08:00,11.678086061382128,11.713909232848932,11.570619280010247,11.60644245147705,22000,0.0,0.0
2009-07-07 00:00:00+08:00,11.678088084657345,11.678088084657345,11.534799473507604,11.642266273498535,67000,0.0,0.0
2009-07-08 00:00:00+08:00,11.642266690252034,11.749733494089913,11.463154895017388,11.498976707458496,63000,0.0,0.0
2009-07-09 00:00:00+08:00,11.713912322761999,11.857200946883305,11.534800517724399,11.678089141845703,104000,0.0,0.0
2009-07-10 00:00:00+08:00,11.678089141845703,11.678089141845703,11.642267327444033,11.678089141845703,26000,0.0,0.0
2009-07-13 00:00:00+08:00,11.534798727960718,11.606443712162095,11.463153743759339,11.5706205368042,7000,0.0,0.0
2009-07-14 00:00:00+08:00,11.713910505206957,11.713910505206957,11.5706205368042,11.5706205368042,50000,0.0,0.0
2009-07-15 00:00:00+08:00,11.678086061382128,11.713909232848932,11.463152498638365,11.60644245147705,44000,0.0,0.0
2009-07-16 00:00:00+08:00,11.713911681648803,11.713911681648803,11.498976707458496,11.498976707458496,50000,0.0,0.0
2009-07-17 00:00:00+08:00,11.642266273498535,11.785556251162781,11.498976295834291,11.642266273498535,65000,0.0,0.0
2009-07-20 00:00:00+08:00,11.6422658668789,11.785555839538574,11.606444056971208,11.785555839538574,129000,0.0,0.0
2009-07-21 00:00:00+08:00,11.96466590889939,11.96466590889939,11.749730980686158,11.857197761535645,105000,0.0,0.0
2009-07-22 00:00:00+08:00,11.964667668818254,12.681114801884869,11.928844492256248,12.322891235351562,361000,0.0,0.0
2009-07-23 00:00:00+08:00,12.2154223242885,12.394534096589002,12.000488744133648,12.251245498657227,77000,0.0,0.0
2009-07-24 00:00:00+08:00,12.358712695391791,12.358712695391791,12.03631094803667,12.107955932617188,69000,0.0,0.0
2009-07-27 00:00:00+08:00,12.322890682426932,12.358712490867164,12.107955732242344,12.179600715637207,52000,0.0,0.0
2009-07-28 00:00:00+08:00,12.358712490867164,12.358712490867164,12.03631074884748,12.179600715637207,144000,0.0,0.0
2009-07-29 00:00:00+08:00,12.32289113724293,12.430357933044435,12.107956179125473,12.430357933044434,124000,0.0,0.0
2009-07-30 00:00:00+08:00,12.46617858942772,13.290092436362796,12.430356782979626,12.502001762390137,549000,0.0,0.0
2009-07-31 00:00:00+08:00,12.502001762390137,12.71693533410735,12.430356782979626,12.502001762390137,268000,0.0,0.0
2009-08-03 00:00:00+08:00,13.361736938242453,13.361736938242453,12.75275668478874,12.89604663848877,298000,0.0,0.0
2009-08-04 00:00:00+08:00,12.967692490922396,13.218449243571502,12.000488654426906,12.358712196350098,299000,0.0,0.0
2009-08-05 00:00:00+08:00,12.251245901778224,12.322890886358742,12.07213412358414,12.107955932617188,136000,0.0,0.0
2009-08-06 00:00:00+08:00,12.07213412358414,12.251245901778224,11.49897561345442,12.107955932617188,135000,0.0,0.0
2009-08-10 00:00:00+08:00,12.10795593261719,12.179600917197707,11.964667329970574,12.107955932617188,50000,0.0,0.0
2009-08-11 00:00:00+08:00,12.10795593261719,12.10795593261719,11.857199169842588,12.107955932617188,25000,0.0,0.0
2009-08-12 00:00:00+08:00,12.107955266571315,12.179600247210717,11.92884349822998,11.92884349822998,47000,0.0,0.0
2009-08-13 00:00:00+08:00,11.821375685481827,12.215420995058865,11.821375685481827,12.036309242248535,117000,0.0,0.0
2009-08-14 00:00:00+08:00,12.072133151537503,12.215421742646539,11.928843193914156,11.964666366577148,88000,0.0,0.0
2009-08-17 00:00:00+08:00,12.072133459508786,12.14377844014819,11.857198517590577,11.92884349822998,117000,0.0,0.0
2009-08-18 00:00:00+08:00,11.85719860787239,11.928843589057303,11.678086838167282,11.82137680053711,47000,0.0,0.0
2009-08-19 00:00:00+08:00,11.857197845452836,11.964665993577169,11.67808608726464,11.749731063842773,26000,0.0,0.0
2009-08-20 00:00:00+08:00,11.749731063842773,11.749731063842773,11.534797500622645,11.749731063842773,56000,0.0,0.0
2009-08-21 00:00:00+08:00,11.642267327444033,11.857200946883305,11.642267327444033,11.678089141845703,27000,0.0,0.0
2009-08-24 00:00:00+08:00,11.678086928716837,11.785555084584674,11.498975157622933,11.713910102844238,30000,0.0,0.0
2009-08-25 00:00:00+08:00,11.713912322761999,11.749734137163669,11.678089141845703,11.678089141845703,23000,0.0,0.0
2009-08-26 00:00:00+08:00,11.606444462339725,11.678088084657345,11.498976295834291,11.642266273498535,31000,0.0,0.0
2009-08-27 00:00:00+08:00,11.463152485509072,11.463152485509072,10.961639700919477,11.104928970336914,83000,0.0,0.0
2009-08-28 00:00:00+08:00,10.889995574951172,11.104929837489504,10.603417013738188,10.889995574951172,94000,0.0,0.0
2009-08-31 00:00:00+08:00,10.60341692779714,10.746706207242267,10.316837685649704,10.675061225891113,111000,0.0,0.0
2009-09-01 00:00:00+08:00,10.460127648352012,10.746706207242267,10.388482667000858,10.675061225891113,141000,0.0,0.0
2009-09-02 00:00:00+08:00,10.782528697917844,10.81835118859342,10.675061225891113,10.675061225891113,17000,0.0,0.0
2009-09-03 00:00:00+08:00,10.675061976198656,10.818351948972245,10.531772686682295,10.74670696258545,78000,0.0,0.0
2009-09-04 00:00:00+08:00,10.746706665539351,10.997463427704819,10.746706665539351,10.92581844329834,156000,0.0,0.0
2009-09-07 00:00:00+08:00,10.997462107133902,11.212395668029785,10.889994643428833,11.212395668029785,87000,0.0,0.0
2009-09-08 00:00:00+08:00,11.212397886353326,11.248220381342339,10.925819292955753,11.033286094665527,59000,0.0,0.0
2009-09-09 00:00:00+08:00,11.176574819421342,11.176574819421342,10.889995574951172,10.889995574951172,34000,0.0,0.0
2009-09-10 00:00:00+08:00,10.925818065917092,11.033284855557664,10.889995574951172,10.889995574951172,70000,0.0,0.0
2009-09-11 00:00:00+08:00,10.961641311645508,11.212397399158352,10.925818818213035,10.961641311645508,98000,0.0,0.0
2009-09-14 00:00:00+08:00,10.818351924076117,11.104930502449339,10.818351924076117,11.069108009338379,71000,0.0,0.0
2009-09-15 00:00:00+08:00,11.104929357767105,11.570619670435121,10.88999510451373,11.463152885437012,94000,0.0,0.0
2009-09-16 00:00:00+08:00,11.463153638587297,11.678087222705049,11.463153638587297,11.534798622131348,145000,0.0,0.0
2009-09-17 00:00:00+08:00,11.534798331750334,12.000488663291613,11.534798331750334,11.713910102844238,150000,0.0,0.0
2009-09-18 00:00:00+08:00,11.713908907098475,12.036309242248533,11.713908907098475,12.036309242248535,56000,0.0,0.0
2009-09-21 00:00:00+08:00,12.036310462013478,12.430357178037609,12.036310462013478,12.358712196350098,178000,0.0,0.0
2009-09-22 00:00:00+08:00,12.430358241864058,12.537825040335465,12.32289144339265,12.394535064697266,143000,0.0,0.0
2009-09-23 00:00:00+08:00,12.17959919110249,12.287065969485843,11.785553881525454,12.036309242248535,130000,0.0,0.0
2009-09-24 00:00:00+08:00,12.036310551987999,12.251245498657227,11.857198779687495,12.251245498657227,150000,0.0,0.0
2009-09-25 00:00:00+08:00,12.251248128768873,12.609471750273725,12.251248128768873,12.466181755065918,131000,0.0,0.0
2009-09-28 00:00:00+08:00,12.287067306511576,12.287067306511576,12.17960051643415,12.251245498657227,34000,0.0,0.0
2009-09-29 00:00:00+08:00,12.251244849105149,12.46617841786438,12.072133086301022,12.215421676635742,77000,0.0,0.0
2009-09-30 00:00:00+08:00,12.21542195018992,12.752757250635476,12.21542195018992,12.537823677062988,90000,0.0,0.0
2009-10-01 00:00:00+08:00,12.537823196896548,12.537823196896548,12.28706645965576,12.287066459655762,21000,0.0,0.0
2009-10-02 00:00:00+08:00,12.179601982458314,12.179601982458314,11.964668376432513,12.000490188598633,74000,0.0,0.0
2009-10-05 00:00:00+08:00,12.000487917029552,12.28706645965576,12.000487917029552,12.287066459655762,18000,0.0,0.0
2009-10-06 00:00:00+08:00,12.681114458972715,13.146804809570312,12.681114458972715,13.146804809570312,590000,0.0,0.0
2009-10-07 00:00:00+08:00,13.039338415072054,13.039338415072054,12.537824873525258,12.86022663116455,234000,0.0,0.0
2009-10-08 00:00:00+08:00,12.967692302019824,12.967692302019824,12.53782378467109,12.57364559173584,89000,0.0,0.0
2009-10-09 00:00:00+08:00,12.57364559173584,12.716935553023534,12.502001977606339,12.57364559173584,70000,0.0,0.0
2009-10-12 00:00:00+08:00,12.537824429429133,12.645291222664213,12.537824429429133,12.609469413757324,34000,0.0,0.0
2009-10-13 00:00:00+08:00,12.609469213586491,12.681114196777344,12.430357438866553,12.681114196777344,91000,0.0,0.0
2009-10-14 00:00:00+08:00,12.68111410372967,13.182626249357012,12.68111410372967,12.788580894470215,217000,0.0,0.0
2009-10-15 00:00:00+08:00,12.824401173126647,12.824401173126647,12.60946761727821,12.645289421081543,95000,0.0,0.0
2009-10-16 00:00:00+08:00,12.609469213586491,12.824402796644659,12.537824230395637,12.681114196777344,81000,0.0,0.0
2009-10-19 00:00:00+08:00,12.430359505288605,12.967694918775017,12.430359505288605,12.75275993347168,66000,0.0,0.0
2009-10-20 00:00:00+08:00,12.752758802658562,13.433384145994763,12.752758802658562,13.218450546264648,256000,0.0,0.0
2009-10-21 00:00:00+08:00,13.254271109299639,13.540849670792433,13.039337529808638,13.397561073303223,242000,0.0,0.0
2009-10-22 00:00:00+08:00,13.39756167998138,13.39756167998138,13.003514944385202,13.182626724243164,219000,0.0,0.0
2009-10-23 00:00:00+08:00,12.967692547806847,13.684139634796015,12.967692547806847,13.397561073303223,130000,0.0,0.0
2009-10-26 00:00:00+08:00,13.325918089465025,13.970720291137695,13.325918089465025,13.970720291137695,280000,0.0,0.0
2009-10-27 00:00:00+08:00,13.899072844168666,13.899072844168666,13.505027503423403,13.827427864074707,119000,0.0,0.0
2009-10-28 00:00:00+08:00,13.684139852066945,13.684139852066945,13.433383094336453,13.469204902648926,114000,0.0,0.0
2009-10-29 00:00:00+08:00,13.075159762118952,13.075159762118952,12.537824429429133,12.609469413757324,184000,0.0,0.0
2009-10-30 00:00:00+08:00,12.53782378467109,12.716935553023534,12.53782378467109,12.57364559173584,114000,0.0,0.0
2009-11-02 00:00:00+08:00,12.537824828665762,12.537824828665762,12.215423072180002,12.322891235351562,58000,0.0,0.0
2009-11-03 00:00:00+08:00,12.322893126372778,12.53782675266982,12.179603131164969,12.466181755065918,72000,0.0,0.0
2009-11-04 00:00:00+08:00,12.46617944510094,12.609469413757324,12.46617944510094,12.609469413757324,69000,0.0,0.0
2009-11-05 00:00:00+08:00,12.358714941917395,12.466181755065918,12.358714941917395,12.466181755065918,20000,0.0,0.0
2009-11-06 00:00:00+08:00,12.537823677062988,12.609468657091929,12.322890103490499,12.537823677062988,103000,0.0,0.0
2009-11-09 00:00:00+08:00,12.681114196777344,12.681114196777344,12.502002422057407,12.681114196777344,12000,0.0,0.0
2009-11-10 00:00:00+08:00,12.645290463849232,12.645290463849232,12.537823677062988,12.537823677062988,36000,0.0,0.0
2009-11-11 00:00:00+08:00,12.537822643157323,12.645289421081543,12.39453269491555,12.645289421081543,28000,0.0,0.0
2009-11-12 00:00:00+08:00,12.32288999712102,12.537823568838231,12.32288999712102,12.502001762390137,23000,0.0,0.0
2009-11-13 00:00:00+08:00,12.394536757462014,12.466181755065918,12.358714941917395,12.466181755065918,33000,0.0,0.0
2009-11-16 00:00:00+08:00,12.466178697034046,12.537823677062988,12.394533717005105,12.537823677062988,81000,0.0,0.0
2009-11-17 00:00:00+08:00,12.60946971488509,12.60946971488509,12.072134369363122,12.430357933044434,40000,0.0,0.0
2009-11-18 00:00:00+08:00,12.28706796096613,12.466179742806787,12.28706796096613,12.430357933044434,54000,0.0,0.0
2009-11-19 00:00:00+08:00,12.430356782979626,12.573645375286326,12.179600038299997,12.502001762390137,56000,0.0,0.0
2009-11-20 00:00:00+08:00,12.358712490867164,12.358712490867164,12.179600715637207,12.179600715637207,56000,0.0,0.0
2009-11-23 00:00:00+08:00,12.107955826663918,12.17960081061749,12.036310842710344,12.072134017944336,49000,0.0,0.0
2009-11-24 00:00:00+08:00,12.179601262132454,12.322891235351562,12.179601262132454,12.322891235351562,52000,0.0,0.0
2009-11-25 00:00:00+08:00,12.287066930218861,12.537823677062988,12.179600143432616,12.537823677062988,94000,0.0,0.0
2009-11-26 00:00:00+08:00,12.752757601801472,13.397561073303223,12.752757601801472,13.397561073303223,631000,0.0,0.0
2009-11-27 00:00:00+08:00,13.576672073992421,13.61249387970171,12.573645115960861,12.82440185546875,280000,0.0,0.0
2009-11-30 00:00:00+08:00,12.93186995082025,13.039338111877441,12.466179596792005,13.039338111877441,122000,0.0,0.0
2009-12-01 00:00:00+08:00,12.93186844365664,12.93186844365664,12.609468097602985,12.89604663848877,45000,0.0,0.0
2009-12-02 00:00:00+08:00,12.86022617564879,13.039337953212064,12.609469413757324,12.609469413757324,107000,0.0,0.0
2009-12-03 00:00:00+08:00,12.681112591399096,12.681112591399096,12.466177669036437,12.645289421081543,63000,0.0,0.0
2009-12-04 00:00:00+08:00,12.39453361001721,12.645290354696838,12.251245017710508,12.502001762390137,56000,0.0,0.0
2009-12-07 00:00:00+08:00,12.681114398085517,12.681114398085517,12.35871265186586,12.609469413757324,46000,0.0,0.0
2009-12-08 00:00:00+08:00,12.824402119965955,12.824402119965955,12.39453361001721,12.502001762390137,39000,0.0,0.0
2009-12-09 00:00:00+08:00,12.430357636194051,12.609469413757324,12.430357636194051,12.609469413757324,47000,0.0,0.0
2009-12-10 00:00:00+08:00,12.752758015899294,12.86022617564879,12.430357636194051,12.609469413757324,92000,0.0,0.0
2009-12-11 00:00:00+08:00,12.86022663116455,12.896048441340264,12.609469860391153,12.86022663116455,44000,0.0,0.0
2009-12-14 00:00:00+08:00,13.039337953212064,13.039337953212064,12.537824429429133,12.609469413757324,315000,0.0,0.0
2009-12-15 00:00:00+08:00,12.824401857513157,13.433382120268174,12.609468290194584,13.325915336608887,393000,0.0,0.0
2009-12-16 00:00:00+08:00,13.469204688790642,13.9348963885451,13.325916091301432,13.397561073303223,716000,0.0,0.0
2009-12-17 00:00:00+08:00,13.612495160167908,13.684140144840098,13.075159824898122,13.146804809570312,226000,0.0,0.0
2009-12-18 00:00:00+08:00,13.325915336608887,13.325915336608887,12.967691813401736,13.325915336608887,67000,0.0,0.0
2009-12-21 00:00:00+08:00,13.612495376596408,14.257297515869139,13.39756178567698,14.25729751586914,820000,0.0,0.0
2009-12-22 00:00:00+08:00,15.009569269648637,15.009569269648637,13.970720291137695,13.970720291137695,710000,0.0,0.0
2009-12-23 00:00:00+08:00,14.328940391540527,14.508052146434784,13.970716881752015,14.328940391540527,342000,0.0,0.0
2009-12-24 00:00:00+08:00,14.400585656763857,15.331966254362095,14.400585656763857,14.651342391967773,724000,0.0,0.0
2009-12-25 00:00:00+08:00,14.543874034606368,14.651342181373524,14.114006913594752,14.221473693847656,254000,0.0,0.0
2009-12-28 00:00:00+08:00,14.328943014436806,14.687166589797727,13.755785840465132,13.863252639770508,295000,0.0,0.0
2009-12-29 00:00:00+08:00,13.970718094065221,14.328941634938687,13.93489628658362,14.149829864501953,355000,0.0,0.0
2009-12-30 00:00:00+08:00,14.830456919500188,14.830456919500188,14.18565337529316,14.364765167236328,267000,0.0,0.0
2009-12-31 00:00:00+08:00,14.364762975979817,14.615519719751756,14.293119363342965,14.543874740600586,252000,0.0,0.0
2010-01-04 00:00:00+08:00,14.543875682981694,14.543875682981694,14.25729711432226,14.40058708190918,245000,0.0,0.0
2010-01-05 00:00:00+08:00,14.32894250168043,14.32894250168043,14.149830720409426,14.25729751586914,186000,0.0,0.0
2010-01-06 00:00:00+08:00,14.042364120483397,14.257297714395682,14.042364120483397,14.042364120483398,88000,0.0,0.0
2010-01-07 00:00:00+08:00,14.0423631782906,14.0423631782906,13.397561073303223,13.397561073303223,277000,0.0,0.0
2010-01-08 00:00:00+08:00,13.469205052654344,13.75578498840332,13.182626483419776,13.75578498840332,73000,0.0,0.0
2010-01-11 00:00:00+08:00,13.755784339918863,13.827427953964227,13.397560803634667,13.719961166381836,156000,0.0,0.0
2010-01-12 00:00:00+08:00,13.612493646057665,14.651342391967773,13.612493646057665,14.651342391967773,1072000,0.0,0.0
2010-01-13 00:00:00+08:00,14.257295498427206,14.543874034606368,14.042361937921399,14.221473693847656,404000,0.0,0.0
2010-01-14 00:00:00+08:00,14.221473693847656,14.472230425447266,14.185650522753853,14.221473693847656,235000,0.0,0.0
2010-01-15 00:00:00+08:00,14.221475305682734,14.508053874342167,14.221475305682734,14.40058708190918,164000,0.0,0.0
2010-01-18 00:00:00+08:00,14.615522705137035,14.615522705137035,14.328944096509758,14.436410903930664,148000,0.0,0.0
2010-01-19 00:00:00+08:00,15.045389203021506,15.045389203021506,14.25729711432226,14.40058708190918,268000,0.0,0.0
2010-01-20 00:00:00+08:00,14.400587177361624,14.615520763652258,14.257297208824925,14.293120384216309,191000,0.0,0.0
2010-01-21 00:00:00+08:00,14.221473761357629,14.221473761357629,13.612493515014648,13.612493515014648,166000,0.0,0.0
2010-01-22 00:00:00+08:00,13.505028227880171,13.791606797114738,13.25427146735702,13.75578498840332,145000,0.0,0.0
2010-01-25 00:00:00+08:00,13.469205553786239,13.684140513594787,13.397561933697848,13.648317337036133,83000,0.0,0.0
2010-01-26 00:00:00+08:00,13.43338478801636,13.719963390191129,12.752759412151038,13.540851593017578,313000,0.0,0.0
2010-01-27 00:00:00+08:00,13.254270932861013,13.29009274012787,12.788580605820119,12.967692375183105,80000,0.0,0.0
2010-01-28 00:00:00+08:00,12.53782458199199,13.218449891620184,12.53782458199199,13.039338111877441,64000,0.0,0.0
2010-01-29 00:00:00+08:00,12.752759614173623,12.93187141418457,12.645292807469973,12.93187141418457,27000,0.0,0.0
2010-02-01 00:00:00+08:00,12.645290179358787,12.896046920561455,12.645290179358787,12.716935157775879,45000,0.0,0.0
2010-02-02 00:00:00+08:00,13.003515238381874,13.003515238381874,12.394534899793468,12.86022663116455,43000,0.0,0.0
2010-02-03 00:00:00+08:00,12.609468288184441,12.967691811334486,12.609468288184441,12.82440185546875,66000,0.0,0.0
2010-02-04 00:00:00+08:00,12.53782458199199,13.039338111877441,12.53782458199199,13.039338111877441,53000,0.0,0.0
2010-02-05 00:00:00+08:00,12.896047984555679,12.896047984555679,12.215422683209473,12.609469413757324,60000,0.0,0.0
2010-02-08 00:00:00+08:00,11.821377257364036,12.072134017944336,11.606443672017726,12.072134017944336,35000,0.0,0.0
2010-02-09 00:00:00+08:00,11.82137909670108,12.75275993347168,11.82137909670108,12.75275993347168,43000,0.0,0.0
2010-02-10 00:00:00+08:00,12.752757448364276,13.146804161375895,12.430357083006793,13.110980987548828,81000,0.0,0.0
2010-02-22 00:00:00+08:00,13.110980987548826,13.110980987548826,13.003514199096333,13.110980987548828,77000,0.0,0.0
2010-02-23 00:00:00+08:00,13.110980970764883,13.110980970764883,12.75275743203891,12.967692375183105,69000,0.0,0.0
2010-02-24 00:00:00+08:00,12.681113351824484,12.86022511461006,12.681113351824484,12.716935157775879,73000,0.0,0.0
2010-02-25 00:00:00+08:00,12.824403454474371,12.86022663116455,12.681114847257046,12.86022663116455,57000,0.0,0.0
2010-02-26 00:00:00+08:00,12.93186995082025,13.039338111877441,12.609469567191972,13.039338111877441,90000,0.0,0.0
2010-03-01 00:00:00+08:00,13.25427170096296,13.899073834733947,13.039338111877441,13.039338111877441,406000,0.0,0.0
2010-03-02 00:00:00+08:00,13.039336592188798,13.039336592188798,12.89604663848877,12.89604663848877,28000,0.0,0.0
2010-03-03 00:00:00+08:00,12.89604814977331,13.182626724243164,12.89604814977331,13.182626724243164,24000,0.0,0.0
2010-03-04 00:00:00+08:00,13.218449511432828,13.612494868927605,12.896047770562996,13.469204902648926,156000,0.0,0.0
2010-03-05 00:00:00+08:00,13.469203925983171,13.54084890392746,13.254270358664597,13.325915336608887,91000,0.0,0.0
2010-03-08 00:00:00+08:00,13.39756167998138,13.39756167998138,13.182626724243164,13.182626724243164,13000,0.0,0.0
2010-03-09 00:00:00+08:00,13.110981633977007,13.182626618649195,13.03933801581924,13.146804809570312,69000,0.0,0.0
2010-03-10 00:00:00+08:00,13.146805971227378,13.182627783471492,12.967694176977727,13.07516098022461,25000,0.0,0.0
2010-03-11 00:00:00+08:00,13.110980987548826,13.110980987548826,12.96769239178362,13.110980987548828,16000,0.0,0.0
2010-03-12 00:00:00+08:00,13.110980987548826,13.182625968688608,13.039337372923402,13.110980987548828,61000,0.0,0.0
2010-03-15 00:00:00+08:00,13.433382702224,13.433382702224,12.89604739413504,12.967692375183105,29000,0.0,0.0
2010-03-16 00:00:00+08:00,12.96769342820616,12.96769342820616,12.752758467608476,12.86022663116455,89000,0.0,0.0
2010-03-17 00:00:00+08:00,12.860224833320899,13.003513420506653,12.716934879620869,12.89604663848877,70000,0.0,0.0
2010-03-18 00:00:00+08:00,12.896049600788217,13.075161400799164,12.896049600788217,12.93187141418457,135000,0.0,0.0
2010-03-19 00:00:00+08:00,12.96769239178362,13.61249448901294,12.96769239178362,13.110980987548828,127000,0.0,0.0
2010-03-22 00:00:00+08:00,13.110980987548826,13.110980987548826,13.110980987548826,13.110980987548828,0,0.0,0.0
2010-03-23 00:00:00+08:00,13.397560786108324,14.18565147169112,13.397560786108324,13.576672554016113,381000,0.0,0.0
2010-03-24 00:00:00+08:00,13.755783273037682,13.863250052285085,13.54084834802864,13.684138298034668,263000,0.0,0.0
2010-03-25 00:00:00+08:00,13.684141279999539,14.328943462509562,13.469206308153174,14.114009857177734,331000,0.0,0.0
2010-03-26 00:00:00+08:00,14.185652727586765,14.257297714395682,13.755785539762199,14.042364120483398,355000,0.0,0.0
2010-03-29 00:00:00+08:00,14.042364120483397,14.185652727586765,13.86325233671834,14.042364120483398,194000,0.0,0.0
2010-03-30 00:00:00+08:00,14.006540943821708,14.54387629511688,14.006540943821708,14.042364120483398,587000,0.0,0.0
2010-03-31 00:00:00+08:00,14.042363557637888,14.185652158997966,13.75578498840332,13.75578498840332,280000,0.0,0.0
2010-04-01 00:00:00+08:00,13.719963499788719,14.18565390285706,13.719963499788719,13.970720291137695,325000,0.0,0.0
2010-04-02 00:00:00+08:00,13.970718277067043,14.149830049849953,13.934896469116211,13.934896469116211,276000,0.0,0.0
2010-04-06 00:00:00+08:00,14.042364427450968,14.042364427450968,13.863252639770508,13.863252639770508,135000,0.0,0.0
2010-04-07 00:00:00+08:00,13.970717799763785,14.83045482635498,13.970717799763785,14.83045482635498,1157000,0.0,0.0
2010-04-08 00:00:00+08:00,15.833478927612305,15.833478927612305,15.833478927612305,15.833478927612305,362000,0.0,0.0
2010-04-09 00:00:00+08:00,16.90814971923828,16.90814971923828,16.585748017943143,16.90814971923828,5619000,0.0,0.0
2010-04-12 00:00:00+08:00,17.051441182344945,18.090290069580078,16.263350430941138,18.090290069580078,4329000,0.0,0.0
2010-04-13 00:00:00+08:00,19.34406940346169,19.34406940346169,18.16193210210854,18.19775390625,5088000,0.0,0.0
2010-04-14 00:00:00+08:00,18.269400782114495,19.344071416356524,17.803710447245823,18.842557907104492,2265000,0.0,0.0
2010-04-15 00:00:00+08:00,19.200780862474232,19.272425842527397,18.412690181432417,18.555978775024414,1280000,0.0,0.0
2010-04-16 00:00:00+08:00,17.6245981215129,18.52015695526341,17.266374588012695,17.266374588012695,2145000,0.0,0.0
2010-04-19 00:00:00+08:00,17.051440550817187,17.194730518409695,16.084238052368164,16.084238052368164,1687000,0.0,0.0
2010-04-20 00:00:00+08:00,16.0842396294458,16.155883253752386,15.26032428477466,15.869304656982422,1111000,0.0,0.0
2010-04-21 00:00:00+08:00,16.048417086112213,16.979799270629883,16.048417086112213,16.979799270629883,1001000,0.0,0.0
2010-04-22 00:00:00+08:00,17.55295544606714,18.161935806274414,17.338021844353758,18.161935806274414,3211000,0.0,0.0
2010-04-23 00:00:00+08:00,19.415714603242474,19.415714603242474,18.412689044002317,18.627622604370117,3973000,0.0,0.0
2010-04-26 00:00:00+08:00,18.62762495029595,18.95002669796453,17.409664310786216,17.83953285217285,1519000,0.0,0.0
2010-04-27 00:00:00+08:00,17.767885369967967,18.484332382733037,17.55295181274414,17.55295181274414,1007000,0.0,0.0
2010-04-28 00:00:00+08:00,16.334991397769727,17.158906558350928,16.334991397769727,16.943971633911133,771000,0.0,0.0
2010-04-29 00:00:00+08:00,17.01562108420131,17.911180088632957,16.80068746974355,16.979799270629883,1302000,0.0,0.0
2010-04-30 00:00:00+08:00,17.194732091064868,17.266377081413875,15.797659562060034,15.976771354675293,930000,0.0,0.0
2010-05-03 00:00:00+08:00,15.761835075453716,15.833480053645001,14.902098070186884,15.117033004760742,960000,0.0,0.0
2010-05-04 00:00:00+08:00,15.331967973528167,16.155881881713867,14.543875874453594,16.155881881713867,1362000,0.0,0.0
2010-05-05 00:00:00+08:00,15.475256330349133,16.048413415485875,15.188677787780762,15.188677787780762,665000,0.0,0.0
2010-05-06 00:00:00+08:00,15.18867856236692,15.260322176776954,14.579698274281172,14.758810043334961,578000,0.0,0.0
2010-05-07 00:00:00+08:00,13.827428967515837,14.61552107841115,13.755785348218991,14.25729751586914,836000,0.0,0.0
2010-05-10 00:00:00+08:00,14.400587146627949,15.009567461837612,14.293120353711988,14.937922477722168,663000,0.0,0.0
2010-05-11 00:00:00+08:00,15.18867996477095,15.260323585795994,14.615521430969238,14.615521430969238,515000,0.0,0.0
2010-05-12 00:00:00+08:00,14.651345885287068,14.90210131376431,14.436410903930662,14.436410903930664,240000,0.0,0.0
2010-05-13 00:00:00+08:00,14.687164222350855,15.009565934813047,14.543874268697822,14.794631004333496,517000,0.0,0.0
2010-05-14 00:00:00+08:00,15.045389780184118,15.045389780184118,14.508054430891828,14.687166213989258,316000,0.0,0.0
2010-05-17 00:00:00+08:00,13.684138298034668,13.684138298034668,13.684138298034668,13.684138298034668,232000,0.0,0.0
2010-05-18 00:00:00+08:00,12.967693135019383,13.684140254451233,12.967693135019383,13.182626724243164,915000,0.0,0.0
2010-05-19 00:00:00+08:00,13.075159929631273,13.254271709489236,12.967693135019383,13.182626724243164,340000,0.0,0.0
2010-05-20 00:00:00+08:00,13.254271603321385,13.46920519082353,13.003514840225932,13.146804809570312,294000,0.0,0.0
2010-05-21 00:00:00+08:00,12.287067306511576,12.716935833335658,12.251245498657227,12.251245498657227,394000,0.0,0.0
2010-05-24 00:00:00+08:00,12.251244165529467,12.251244165529467,11.821375685481827,12.036309242248535,372000,0.0,0.0
2010-05-25 00:00:00+08:00,11.964665864193881,11.964665864193881,11.212395668029785,11.212395668029785,596000,0.0,0.0
2010-05-26 00:00:00+08:00,11.248220924560615,11.284043421279629,10.746708020266313,11.176576614379883,223000,0.0,0.0
2010-05-27 00:00:00+08:00,11.176574702901593,11.893021781722025,10.889995461419113,11.82137680053711,298000,0.0,0.0
2010-05-28 00:00:00+08:00,12.036309518456209,12.322889422740518,11.67808600461508,11.857197761535645,317000,0.0,0.0
2010-05-31 00:00:00+08:00,11.857197845452836,11.857197845452836,11.570619305654578,11.749731063842773,91000,0.0,0.0
2010-06-01 00:00:00+08:00,11.678089141845703,12.0721359328372,11.463155522406433,11.678089141845703,234000,0.0,0.0
2010-06-02 00:00:00+08:00,11.678089141845703,12.0721359328372,11.678089141845703,11.678089141845703,236000,0.0,0.0
2010-06-03 00:00:00+08:00,11.821377551495251,12.036311142189389,11.821377551495251,11.893022537231445,172000,0.0,0.0
2010-06-04 00:00:00+08:00,11.893021323496894,12.32288982752966,11.857198151027488,12.215421676635742,306000,0.0,0.0
2010-06-07 00:00:00+08:00,11.606443223496724,11.893021781722025,11.606443223496724,11.82137680053711,82000,0.0,0.0
2010-06-08 00:00:00+08:00,11.82137680053711,11.964666762906939,11.785554993201831,11.82137680053711,64000,0.0,0.0
2010-06-09 00:00:00+08:00,11.964667578107862,11.964667578107862,11.28404226024897,11.391509056091309,147000,0.0,0.0
2010-06-10 00:00:00+08:00,11.463152885437012,11.463152885437012,11.284041121602058,11.463152885437012,50000,0.0,0.0
2010-06-11 00:00:00+08:00,11.642264649271965,11.678086455433231,11.463152885437012,11.463152885437012,68000,0.0,0.0
2010-06-14 00:00:00+08:00,11.60644331349077,11.928843681551177,11.60644331349077,11.713910102844238,95000,0.0,0.0
2010-06-15 00:00:00+08:00,11.713909232848932,11.749731037801471,11.570619280010247,11.60644245147705,64000,0.0,0.0
2010-06-17 00:00:00+08:00,11.82137680053711,11.964666762906939,11.749731819352196,11.82137680053711,126000,0.0,0.0
2010-06-18 00:00:00+08:00,12.036309242248533,12.35871094391282,11.74973071105485,12.036309242248535,216000,0.0,0.0
2010-06-21 00:00:00+08:00,12.10795593261719,12.251245901778224,11.964667329970574,12.107955932617188,130000,0.0,0.0
2010-06-22 00:00:00+08:00,12.10795752804521,12.179602522066165,12.036312534024253,12.143780708312988,140000,0.0,0.0
2010-06-23 00:00:00+08:00,12.287067507472301,12.394534299307397,12.000488940407248,12.179600715637207,106000,0.0,0.0
2010-06-24 00:00:00+08:00,12.179600038299997,12.502001762390137,12.179600038299997,12.502001762390137,267000,0.0,0.0
2010-06-25 00:00:00+08:00,12.502001870305683,12.752757250635476,12.358711910247802,12.537823677062988,214000,0.0,0.0
2010-06-28 00:00:00+08:00,12.537823677062988,12.537823677062988,12.537823677062988,12.537823677062988,0,0.0,0.0
2010-06-29 00:00:00+08:00,12.287068785471215,12.322891964151875,11.821378394738952,12.000490188598633,117000,0.0,0.0
2010-06-30 00:00:00+08:00,11.64226428223271,11.785554235388974,11.570619305654578,11.749731063842773,96000,0.0,0.0
2010-07-01 00:00:00+08:00,11.785555839538574,11.821377649446267,11.606444056971208,11.785555839538574,52000,0.0,0.0
2010-07-02 00:00:00+08:00,11.785555741884377,11.893022537231445,11.64226577041199,11.893022537231445,68000,0.0,0.0
2010-07-05 00:00:00+08:00,11.821377551495251,11.893022537231445,11.678087580022865,11.893022537231445,56000,0.0,0.0
2010-07-06 00:00:00+08:00,12.03631094803667,12.179600917197707,11.893022345390056,12.107955932617188,193000,0.0,0.0
2010-07-07 00:00:00+08:00,12.107955443700991,12.537823967311693,12.036310462013478,12.358712196350098,224000,0.0,0.0
2010-07-08 00:00:00+08:00,12.537824429429133,12.645291222664213,12.394534460772746,12.609469413757324,173000,0.0,0.0
2010-07-09 00:00:00+08:00,12.89604663848877,13.469203720260339,12.89604663848877,12.89604663848877,379000,0.0,0.0
2010-07-12 00:00:00+08:00,12.824403000227486,12.824403000227486,12.57364623833602,12.609469413757324,151000,0.0,0.0
2010-07-13 00:00:00+08:00,12.46618131958185,12.75275993347168,12.46618131958185,12.75275993347168,98000,0.0,0.0
2010-07-14 00:00:00+08:00,12.752756877535884,12.896046833401618,12.502001504542287,12.82440185546875,154000,0.0,0.0
2010-07-15 00:00:00+08:00,12.824404928572791,12.824404928572791,12.645293124077321,12.75275993347168,146000,0.0,0.0
2010-07-16 00:00:00+08:00,12.68111674787763,12.68111674787763,12.466181755065918,12.466181755065918,114000,0.0,0.0
2010-07-19 00:00:00+08:00,12.466177669036437,12.645289421081543,12.322889087308887,12.645289421081543,33000,0.0,0.0
2010-07-20 00:00:00+08:00,12.394534756767634,12.645291524647442,12.394534756767634,12.430357933044434,151000,0.0,0.0
2010-07-21 00:00:00+08:00,12.53782675266982,12.53782675266982,12.4303599395213,12.466181755065918,83000,0.0,0.0
2010-07-22 00:00:00+08:00,12.39453343815612,12.716935157775879,12.39453343815612,12.716935157775879,87000,0.0,0.0
2010-07-23 00:00:00+08:00,12.537824138399351,13.03933765054108,12.537824138399351,12.788580894470215,176000,0.0,0.0
2010-07-26 00:00:00+08:00,12.8602263321347,13.039338111877441,12.609469567191972,13.039338111877441,118000,0.0,0.0
2010-07-27 00:00:00+08:00,13.11098248232156,13.43338425095017,12.896048880912161,13.2542724609375,312000,0.0,0.0
2010-07-28 00:00:00+08:00,13.469205290048478,13.469205290048478,13.039338111877441,13.039338111877441,207000,0.0,0.0
2010-07-29 00:00:00+08:00,13.03933801581924,13.182626618649195,12.931869855553744,13.146804809570312,118000,0.0,0.0
2010-07-30 00:00:00+08:00,13.03933735623117,13.146804144546092,12.89604739413504,12.967692375183105,100000,0.0,0.0
2010-08-02 00:00:00+08:00,12.89604804647486,13.146804809570312,12.89604804647486,13.146804809570312,58000,0.0,0.0
2010-08-03 00:00:00+08:00,13.110982792468722,13.110982792468722,12.967694176977727,13.07516098022461,97000,0.0,0.0
2010-08-04 00:00:00+08:00,13.003514936020233,13.110981730562992,12.967693126677458,13.039338111877441,100000,0.0,0.0
2010-08-05 00:00:00+08:00,13.075161728169375,13.075161728169375,12.609471309784075,12.75275993347168,257000,0.0,0.0
2010-08-06 00:00:00+08:00,12.752757719880444,12.896047685210762,12.752757719880444,12.788580894470215,158000,0.0,0.0
2010-08-09 00:00:00+08:00,12.752757813453805,12.896047779835513,12.681114196777344,12.681114196777344,87000,0.0,0.0
2010-08-10 00:00:00+08:00,13.110980987548826,13.397560912107952,12.824402429504058,13.110980987548828,359000,0.0,0.0
2010-08-11 00:00:00+08:00,12.89604739413504,13.218449125594159,12.89604739413504,12.967692375183105,142000,0.0,0.0
2010-08-12 00:00:00+08:00,12.967691811334486,12.967691811334486,12.716935071826596,12.82440185546875,72000,0.0,0.0
2010-08-13 00:00:00+08:00,12.93186995913913,13.182626724243164,12.824403164527238,13.182626724243164,152000,0.0,0.0
2010-08-16 00:00:00+08:00,13.182625968688608,13.182625968688608,12.931869217956551,13.110980987548828,76000,0.0,0.0
2010-08-17 00:00:00+08:00,13.110981633977007,13.325916587993573,13.110981633977007,13.146804809570312,181000,0.0,0.0
2010-08-18 00:00:00+08:00,13.254272014402952,13.290093824592848,12.967693433340376,13.003515243530273,131000,0.0,0.0
2010-08-19 00:00:00+08:00,13.110982792468722,13.182627783471492,13.003515989221839,13.07516098022461,79000,0.0,0.0
2010-08-20 00:00:00+08:00,13.039338859528101,13.2542724609375,12.824403891604192,13.2542724609375,180000,0.0,0.0
2010-08-23 00:00:00+08:00,13.540850036591587,14.14983035028655,13.540850036591587,13.75578498840332,931000,0.0,0.0
2010-08-24 00:00:00+08:00,13.899073214287018,13.899073214287018,13.397561073303223,13.397561073303223,320000,0.0,0.0
2010-08-25 00:00:00+08:00,13.182625179374554,13.254270156224568,12.75275668478874,12.89604663848877,316000,0.0,0.0
2010-08-26 00:00:00+08:00,13.003513617043774,13.003513617043774,12.645290093893728,12.82440185546875,117000,0.0,0.0
2010-08-27 00:00:00+08:00,12.752757813453805,12.752757813453805,12.573646038733866,12.681114196777344,98000,0.0,0.0
2010-08-30 00:00:00+08:00,12.68111363712087,12.68111363712087,12.537823677062988,12.537823677062988,126000,0.0,0.0
2010-08-31 00:00:00+08:00,12.466181131635391,12.466181131635391,11.71391211070185,12.143780708312988,187000,0.0,0.0
2010-09-01 00:00:00+08:00,12.17960051643415,12.251245498657227,11.928843761910572,12.251245498657227,117000,0.0,0.0
2010-09-02 00:00:00+08:00,12.394534504424838,12.394534504424838,12.10795593261719,12.107955932617188,65000,0.0,0.0
2010-09-03 00:00:00+08:00,12.179599676985218,12.28706645965576,12.107954699700096,12.287066459655762,50000,0.0,0.0
2010-09-06 00:00:00+08:00,12.788581252723787,13.146804809570312,12.466179504956147,13.146804809570312,219000,0.0,0.0
2010-09-07 00:00:00+08:00,14.04236450058276,14.04236450058276,13.218450546264648,13.218450546264648,628000,0.0,0.0
2010-09-08 00:00:00+08:00,12.967693135019383,13.325916694735307,12.967693135019383,13.182626724243164,156000,0.0,0.0
2010-09-09 00:00:00+08:00,13.182628002689759,14.078186988830566,13.182628002689759,14.078186988830566,876000,0.0,0.0
2010-09-10 00:00:00+08:00,15.045391082763672,15.045391082763672,14.651345672439978,15.045391082763672,2330000,0.0,0.0
2010-09-13 00:00:00+08:00,15.045388994296651,15.045388994296651,14.364763707472713,14.4722318649292,1170000,0.0,0.0
2010-09-14 00:00:00+08:00,14.328943888346355,15.475259672716978,14.18565390285706,15.045391082763672,1601000,0.0,0.0
2010-09-15 00:00:00+08:00,14.400587688013513,14.830456242352543,14.006540943821708,14.042364120483398,1161000,0.0,0.0
2010-09-16 00:00:00+08:00,14.185651196892845,14.364762961330959,13.755784055452827,13.899072647094727,421000,0.0,0.0
2010-09-17 00:00:00+08:00,14.042363665525896,14.078185474512534,13.612495125114144,13.791606903076172,266000,0.0,0.0
2010-09-20 00:00:00+08:00,13.899074106888875,13.899074106888875,13.612495526991937,13.648317337036133,101000,0.0,0.0
2010-09-21 00:00:00+08:00,13.791607349909425,14.042364120483397,13.719962363100509,14.042364120483398,351000,0.0,0.0
2010-09-23 00:00:00+08:00,14.328943888346355,14.328943888346355,13.863253485278014,13.970720291137695,159000,0.0,0.0
2010-09-24 00:00:00+08:00,13.791606797114738,13.863251781051982,13.75578498840332,13.75578498840332,166000,0.0,0.0
2010-09-27 00:00:00+08:00,13.791605077282071,13.827426881526458,13.684138298034668,13.684138298034668,126000,0.0,0.0
2010-09-28 00:00:00+08:00,13.612493323031654,14.042361806535501,13.612493323031654,13.684138298034668,185000,0.0,0.0
2010-09-29 00:00:00+08:00,13.719961148433738,13.791606128899723,13.505027573550128,13.576672554016113,206000,0.0,0.0
2010-09-30 00:00:00+08:00,13.612493323031654,13.719960102279057,13.505026543784252,13.684138298034668,96000,0.0,0.0
2010-10-01 00:00:00+08:00,13.719960295777701,13.827427076540756,13.57667171026505,13.612493515014648,132000,0.0,0.0
2010-10-04 00:00:00+08:00,13.612494652794224,13.612494652794224,13.397561073303223,13.397561073303223,105000,0.0,0.0
2010-10-05 00:00:00+08:00,13.2542723573815,13.325917346129705,13.075160568768236,13.218450546264648,100000,0.0,0.0
2010-10-06 00:00:00+08:00,13.218451178013925,13.612496585189911,13.14680618584159,13.540851593017578,172000,0.0,0.0
2010-10-07 00:00:00+08:00,13.57667275250954,13.57667275250954,13.254271018956212,13.505027770996094,46000,0.0,0.0
2010-10-08 00:00:00+08:00,13.290095102906964,14.436410903930662,13.218451475636092,14.436410903930664,818000,0.0,0.0
2010-10-11 00:00:00+08:00,14.687163985953074,14.83045393729978,14.185650522753853,14.221473693847656,966000,0.0,0.0
2010-10-12 00:00:00+08:00,14.221477082486672,14.221477082486672,13.970720291137695,13.970720291137695,157000,0.0,0.0
2010-10-13 00:00:00+08:00,14.00654210425273,14.400588881091002,13.93489847802266,13.970720291137695,495000,0.0,0.0
2010-10-14 00:00:00+08:00,14.078185734598135,14.257297515869139,14.006540748786843,14.25729751586914,196000,0.0,0.0
2010-10-15 00:00:00+08:00,14.293121543670681,14.436410157316502,14.293121543670681,14.364765167236328,375000,0.0,0.0
2010-10-18 00:00:00+08:00,14.3647644578081,14.758811200531122,14.3647644578081,14.687166213989258,930000,0.0,0.0
2010-10-19 00:00:00+08:00,14.687166064222442,14.937922831304737,14.257297515869139,14.25729751586914,1418000,0.0,0.0
2010-10-20 00:00:00+08:00,13.934895223818067,13.970717028567666,13.505026734251595,13.612493515014648,628000,0.0,0.0
2010-10-21 00:00:00+08:00,13.612496585189911,13.684141577362245,13.469206600845244,13.540851593017578,235000,0.0,0.0
2010-10-22 00:00:00+08:00,13.648316185822129,13.93489610806096,13.612494378799447,13.719961166381836,132000,0.0,0.0
2010-10-25 00:00:00+08:00,13.7557846963333,13.934896469116211,13.719961521868091,13.934896469116211,127000,0.0,0.0
2010-10-26 00:00:00+08:00,13.934896872051562,13.9707186810382,13.755785094089534,13.791606903076172,50000,0.0,0.0
2010-10-27 00:00:00+08:00,13.827428605826155,13.863251781051982,13.64831682924025,13.75578498840332,162000,0.0,0.0
2010-10-28 00:00:00+08:00,13.648315903578505,14.042362605250943,13.648315903578505,13.899072647094727,137000,0.0,0.0
2010-10-29 00:00:00+08:00,14.042362605250943,14.042362605250943,13.719960882656613,13.899072647094727,111000,0.0,0.0
2010-11-01 00:00:00+08:00,13.827427076540756,14.006538833317265,13.505026734251595,13.612493515014648,244000,0.0,0.0
2010-11-02 00:00:00+08:00,13.612493673960367,13.648315479128238,12.681113074452998,12.89604663848877,237000,0.0,0.0
2010-11-03 00:00:00+08:00,12.537824266097124,12.896047816557042,12.000488940407248,12.179600715637207,314000,0.0,0.0
2010-11-04 00:00:00+08:00,11.857199361106128,12.1437793040509,11.857199361106128,11.893022537231445,190000,0.0,0.0
2010-11-05 00:00:00+08:00,12.179599936497857,12.251244915309531,11.893021387765476,11.964666366577148,99000,0.0,0.0
2010-11-08 00:00:00+08:00,12.10795593261719,12.143779108164658,11.928844154423105,12.107955932617188,165,0.0,0.0
2010-11-09 00:00:00+08:00,11.964667573561618,12.466179742806787,11.964667573561618,12.430357933044434,86000,0.0,0.0
2010-11-10 00:00:00+08:00,12.430356890276743,12.752757250635476,12.430356890276743,12.537823677062988,158000,0.0,0.0
2010-11-11 00:00:00+08:00,12.537823394990303,12.78858013619297,12.537823394990303,12.716935157775879,119000,0.0,0.0
2010-11-12 00:00:00+08:00,12.752757360088284,12.752757360088284,12.53782378467109,12.57364559173584,109000,0.0,0.0
2010-11-15 00:00:00+08:00,12.32289144339265,12.573646850987773,12.32289144339265,12.394535064697266,18000,0.0,0.0
2010-11-16 00:00:00+08:00,12.322890209253895,12.57364559173584,12.179600247966201,12.57364559173584,156000,0.0,0.0
2010-11-17 00:00:00+08:00,12.179600038299997,12.537823568838231,12.179600038299997,12.502001762390137,46000,0.0,0.0
2010-11-18 00:00:00+08:00,12.502001870305683,12.573645483820291,12.430356890276743,12.537823677062988,15000,0.0,0.0
2010-11-19 00:00:00+08:00,12.537823677062988,12.68111363712087,12.358711910247802,12.537823677062988,70000,0.0,0.0
2010-11-22 00:00:00+08:00,12.609471750273725,12.68111674787763,12.466181755065918,12.466181755065918,30000,0.0,0.0
2010-11-23 00:00:00+08:00,12.57364559173584,12.609468765314936,12.394533823383396,12.57364559173584,13000,0.0,0.0
2010-11-24 00:00:00+08:00,12.322890842958971,12.609469413757324,12.287067667537666,12.609469413757324,108000,0.0,0.0
2010-11-25 00:00:00+08:00,12.681115015973663,12.681115015973663,12.394535064697266,12.394535064697266,27000,0.0,0.0
2010-11-26 00:00:00+08:00,12.394536757462014,12.57364856821444,12.28706994431349,12.466181755065918,75000,0.0,0.0
2010-11-29 00:00:00+08:00,12.573645375286326,12.573645375286326,12.39453361001721,12.502001762390137,28000,0.0,0.0
2010-11-30 00:00:00+08:00,12.609469413757324,12.681114398085517,12.215422683209473,12.609469413757324,171000,0.0,0.0
2010-12-01 00:00:00+08:00,12.752758015899294,12.752758015899294,12.394534460772746,12.609469413757324,39000,0.0,0.0
2010-12-02 00:00:00+08:00,12.609468765314936,12.716935553023534,12.466178804027242,12.57364559173584,95000,0.0,0.0
2010-12-03 00:00:00+08:00,12.537824429429133,12.645291222664213,12.537824429429133,12.609469413757324,51000,0.0,0.0
2010-12-06 00:00:00+08:00,12.537824728845939,12.537824728845939,12.358712947005282,12.430357933044434,91000,0.0,0.0
2010-12-07 00:00:00+08:00,12.430358241864058,12.537825040335465,12.32289144339265,12.394535064697266,58000,0.0,0.0
2010-12-08 00:00:00+08:00,12.394534264013929,12.681114196777344,12.394534264013929,12.681114196777344,103000,0.0,0.0
2010-12-09 00:00:00+08:00,12.681114196777344,12.681114196777344,12.537824230395637,12.681114196777344,148000,0.0,0.0
2010-12-10 00:00:00+08:00,12.537824590057385,13.182626724243164,12.537824590057385,13.182626724243164,123000,0.0,0.0
2010-12-13 00:00:00+08:00,13.039337372923402,13.110980987548826,12.931869217956551,13.110980987548828,128000,0.0,0.0
2010-12-14 00:00:00+08:00,13.110982792468722,13.182627783471492,12.896049185974956,13.07516098022461,198000,0.0,0.0
2010-12-15 00:00:00+08:00,13.075160568768236,13.218450546264648,12.788581980289916,13.218450546264648,271000,0.0,0.0
2010-12-16 00:00:00+08:00,13.218449891620184,13.218449891620184,12.967693126677458,13.039338111877441,43000,0.0,0.0
2010-12-17 00:00:00+08:00,13.075159921220218,13.110981730562992,12.93186995082025,13.039338111877441,88000,0.0,0.0
2010-12-20 00:00:00+08:00,13.039336592188798,13.039336592188798,12.788579856470884,12.89604663848877,57000,0.0,0.0
2010-12-21 00:00:00+08:00,12.89604663848877,12.89604663848877,12.788579856470884,12.89604663848877,29000,0.0,0.0
2010-12-22 00:00:00+08:00,12.788581644298656,12.86022663116455,12.681114847257046,12.86022663116455,130,0.0,0.0
2010-12-23 00:00:00+08:00,12.824402702545603,12.824402702545603,12.645290929139898,12.788580894470215,124000,0.0,0.0
2010-12-24 00:00:00+08:00,12.788580894470217,12.788580894470217,12.645290929139898,12.788580894470215,76000,0.0,0.0
2010-12-27 00:00:00+08:00,12.788580423907113,12.788580423907113,12.537823677062988,12.537823677062988,134000,0.0,0.0
2010-12-28 00:00:00+08:00,12.537823677062988,12.573645483820291,12.537823677062988,12.537823677062988,75000,0.0,0.0
2010-12-29 00:00:00+08:00,12.57364623833602,12.824403000227486,12.46617944510094,12.609469413757324,123000,0.0,0.0
2010-12-30 00:00:00+08:00,12.609468548248744,12.71693533410735,12.46617858942772,12.502001762390137,29000,0.0,0.0
2010-12-31 00:00:00+08:00,12.502002620522244,12.609469413757324,12.502002620522244,12.609469413757324,59000,0.0,0.0
2011-01-03 00:00:00+08:00,12.752757813453805,12.824402796644659,12.64529102192472,12.681114196777344,108000,0.0,0.0
2011-01-04 00:00:00+08:00,12.681116304885188,12.75275993347168,12.609471309784075,12.75275993347168,120000,0.0,0.0
2011-01-05 00:00:00+08:00,12.752757813453805,12.752757813453805,12.609469213586491,12.681114196777344,71000,0.0,0.0
2011-01-06 00:00:00+08:00,12.752757813453805,12.788580988306428,12.573646038733866,12.681114196777344,61000,0.0,0.0
2011-01-07 00:00:00+08:00,12.609471309784075,12.75275993347168,12.609471309784075,12.75275993347168,30000,0.0,0.0
2011-01-10 00:00:00+08:00,12.681116304885188,12.75275993347168,12.609471309784075,12.75275993347168,55000,0.0,0.0
2011-01-11 00:00:00+08:00,12.681116304885188,12.788583114279547,12.645293124077321,12.75275993347168,67000,0.0,0.0
2011-01-12 00:00:00+08:00,12.752756877535884,12.860225027692332,12.752756877535884,12.82440185546875,41000,0.0,0.0
2011-01-13 00:00:00+08:00,12.824401661638754,12.89604663848877,12.75275668478874,12.89604663848877,61000,0.0,0.0
2011-01-14 00:00:00+08:00,12.75275668478874,12.89604663848877,12.75275668478874,12.89604663848877,22000,0.0,0.0
2011-01-17 00:00:00+08:00,12.82440185546875,12.860225027692332,12.752756877535884,12.82440185546875,54000,0.0,0.0
2011-01-18 00:00:00+08:00,12.824402413086975,13.003514182449962,12.75275743203891,12.967692375183105,87000,0.0,0.0
2011-01-19 00:00:00+08:00,13.003515681616861,13.39756243955344,12.896048880912161,13.2542724609375,361000,0.0,0.0
2011-01-20 00:00:00+08:00,13.25426971062384,13.325914685065191,13.110979761741133,13.290091514587402,140000,0.0,0.0
2011-01-21 00:00:00+08:00,13.29009427233423,13.29009427233423,13.07516067092483,13.2542724609375,117000,0.0,0.0
2011-01-24 00:00:00+08:00,13.254270756351719,13.934896017472813,13.110980796163805,13.827427864074707,322000,0.0,0.0
2011-01-25 00:00:00+08:00,13.934896764989226,13.934896764989226,13.540850036591587,13.75578498840332,125000,0.0,0.0
2011-01-26 00:00:00+08:00,13.755783273037682,13.827426881526458,13.54084834802864,13.684138298034668,168000,0.0,0.0
2011-01-27 00:00:00+08:00,13.540849398239738,13.719961166381836,13.46920441768003,13.719961166381836,63000,0.0,0.0
2011-01-28 00:00:00+08:00,13.719961166381836,13.827427953964227,13.540849398239738,13.719961166381836,106000,0.0,0.0
2011-02-08 00:00:00+08:00,13.791606146941545,13.791606146941545,13.612494378799447,13.719961166381836,46000,0.0,0.0
2011-02-09 00:00:00+08:00,13.755784250495086,14.04236280435658,13.684139270401129,13.827427864074707,161000,0.0,0.0
2011-02-10 00:00:00+08:00,13.827428605826155,13.827428605826155,13.576673211817415,13.75578498840332,93000,0.0,0.0
2011-02-11 00:00:00+08:00,13.612496585189911,13.648318398018796,13.361739795844027,13.540851593017578,178000,0.0,0.0
2011-02-14 00:00:00+08:00,13.433382610657349,13.719961166381836,13.290092649537932,13.719961166381836,123000,0.0,0.0
2011-02-15 00:00:00+08:00,13.612494378799447,13.863251127501252,13.612494378799447,13.719961166381836,104000,0.0,0.0
2011-02-16 00:00:00+08:00,13.719961918588476,13.82742871206281,13.540850140626448,13.791606903076172,118000,0.0,0.0
2011-02-17 00:00:00+08:00,13.79160650428413,13.934896469116211,13.79160650428413,13.934896469116211,104000,0.0,0.0
2011-02-18 00:00:00+08:00,14.149829755249213,14.90209863866938,14.114007948044197,14.758810043334961,1184000,0.0,0.0
2011-02-21 00:00:00+08:00,15.403611551011586,15.403611551011586,14.794631286157106,15.117033004760742,1182000,0.0,0.0
2011-02-22 00:00:00+08:00,15.188677982952028,15.188677982952028,14.61551952393604,15.117033004760742,643000,0.0,0.0
2011-02-23 00:00:00+08:00,15.045387126781321,15.045387126781321,14.472230068557243,14.508051872253418,593000,0.0,0.0
2011-02-24 00:00:00+08:00,14.543876443429713,14.902100014612854,14.543876443429713,14.615521430969238,403000,0.0,0.0
2011-02-25 00:00:00+08:00,14.687164698902926,14.687164698902926,14.328941169661391,14.543874740600586,245000,0.0,0.0
2011-03-01 00:00:00+08:00,14.687165062410575,14.90209863866938,14.2214747361736,14.758810043334961,695000,0.0,0.0
2011-03-02 00:00:00+08:00,14.758811200531122,14.758811200531122,14.615521227447395,14.687166213989258,168000,0.0,0.0
2011-03-03 00:00:00+08:00,14.758810043334961,14.90209863866938,14.436408312432402,14.758810043334961,306000,0.0,0.0
2011-03-04 00:00:00+08:00,14.902099913032764,14.902099913032764,14.50805453402311,14.72298812866211,189000,0.0,0.0
2011-03-07 00:00:00+08:00,14.508052823358401,15.117033091715813,14.508052823358401,15.009566307067871,134000,0.0,0.0
2011-03-08 00:00:00+08:00,15.61854571141034,16.04841423034668,15.61854571141034,16.04841423034668,1191000,0.0,0.0
2011-03-09 00:00:00+08:00,16.04841224486577,16.12005721691043,15.403610229492188,15.403610229492188,1028000,0.0,0.0
2011-03-10 00:00:00+08:00,15.331968202468289,15.618546779179814,15.117034611563255,15.296146392822266,328000,0.0,0.0
2011-03-11 00:00:00+08:00,15.117035016177416,15.188680003901519,14.758811444071386,15.152856826782227,288000,0.0,0.0
2011-03-14 00:00:00+08:00,15.152857135774745,15.152857135774745,14.615521766658516,14.973745346069336,299000,0.0,0.0
2011-03-15 00:00:00+08:00,14.973746090019025,14.973746090019025,13.93489847802266,13.970720291137695,491000,0.0,0.0
2011-03-16 00:00:00+08:00,14.04236200458112,14.04236200458112,13.325914977475087,13.612493515014648,383000,0.0,0.0
2011-03-17 00:00:00+08:00,12.896048880912161,13.755786019578776,12.896048880912161,13.2542724609375,203000,0.0,0.0
2011-03-18 00:00:00+08:00,13.540850540389087,13.719962323638981,13.397561933697848,13.648317337036133,79000,0.0,0.0
2011-03-21 00:00:00+08:00,13.719960102279057,13.755783273037682,13.54084834802864,13.684138298034668,54000,0.0,0.0
2011-03-22 00:00:00+08:00,13.755786679418332,14.11401027662699,13.684141686673684,13.970720291137695,85000,0.0,0.0
2011-03-23 00:00:00+08:00,13.827430305648402,14.042365283882344,13.827430305648402,13.970720291137695,164000,0.0,0.0
2011-03-24 00:00:00+08:00,13.970720291137695,13.970720291137695,13.827430305648402,13.970720291137695,57000,0.0,0.0
2011-03-25 00:00:00+08:00,13.82742813111009,14.257296653461122,13.82742813111009,14.149829864501953,243000,0.0,0.0
2011-03-28 00:00:00+08:00,14.042363529456287,14.579698858135627,14.042363529456287,14.40058708190918,261000,0.0,0.0
2011-03-29 00:00:00+08:00,14.400586313059383,14.83045482635498,14.400586313059383,14.83045482635498,400000,0.0,0.0
2011-03-30 00:00:00+08:00,14.758810634362073,14.758810634362073,14.40058708190918,14.40058708190918,182000,0.0,0.0
2011-03-31 00:00:00+08:00,14.40058536680108,14.436407171174233,14.042361857012565,14.328940391540527,191000,0.0,0.0
2011-04-01 00:00:00+08:00,14.185652224556575,14.364764001970242,14.114008606802642,14.293120384216309,61000,0.0,0.0
2011-04-06 00:00:00+08:00,14.328942193093274,14.615520763652258,14.185652224556575,14.293120384216309,110000,0.0,0.0
2011-04-07 00:00:00+08:00,13.970716881752015,14.328940391540527,13.970716881752015,14.328940391540527,52000,0.0,0.0
2011-04-08 00:00:00+08:00,14.07818543141126,14.364764001970242,14.07818543141126,14.293120384216309,125000,0.0,0.0
2011-04-11 00:00:00+08:00,14.078184883024388,14.328941634938687,14.078184883024388,14.149829864501953,83000,0.0,0.0
2011-04-12 00:00:00+08:00,14.078185366349306,14.14983035028655,13.75578498840332,13.75578498840332,81000,0.0,0.0
2011-04-13 00:00:00+08:00,14.042363665525896,14.042363665525896,13.648316934100782,13.791606903076172,179000,0.0,0.0
2011-04-14 00:00:00+08:00,13.755784250495086,13.827427864074707,13.57667248351736,13.827427864074707,298000,0.0,0.0
2011-04-15 00:00:00+08:00,13.61249429030717,13.827427864074707,13.61249429030717,13.827427864074707,52000,0.0,0.0
2011-04-18 00:00:00+08:00,13.827427864074707,13.827427864074707,13.61249429030717,13.827427864074707,99000,0.0,0.0
2011-04-19 00:00:00+08:00,13.612495020528833,13.75578498840332,13.540850036591587,13.75578498840332,203000,0.0,0.0
2011-04-20 00:00:00+08:00,13.755785840465132,13.863252639770508,13.64831767464526,13.863252639770508,190000,0.0,0.0
2011-04-21 00:00:00+08:00,13.755786679418332,14.18565390285706,13.755786679418332,13.970720291137695,202000,0.0,0.0
2011-04-22 00:00:00+08:00,13.82742813111009,14.257296653461122,13.82742813111009,14.149829864501953,203000,0.0,0.0
2011-04-25 00:00:00+08:00,14.042364866562279,14.149831669228194,14.042364866562279,14.114009857177734,56000,0.0,0.0
2011-04-26 00:00:00+08:00,13.970718094065221,14.257296653461122,13.970718094065221,14.149829864501953,116000,0.0,0.0
2011-04-27 00:00:00+08:00,14.14983041567961,14.328942193093274,14.114008606802642,14.293120384216309,137000,0.0,0.0
2011-04-28 00:00:00+08:00,14.687164197062218,15.260321277658937,14.579697415264617,14.651342391967773,949000,0.0,0.0
2011-04-29 00:00:00+08:00,14.4364101766755,14.902100563049316,14.328943374668393,14.902100563049316,257000,0.0,0.0
2011-05-03 00:00:00+08:00,14.902099235434587,14.902099235434587,14.40058708190918,14.40058708190918,129000,0.0,0.0
2011-05-04 00:00:00+08:00,14.328940391540527,14.328940391540527,14.221473611906822,14.328940391540527,143000,0.0,0.0
2011-05-05 00:00:00+08:00,14.328943462509562,14.328943462509562,14.078186678612738,14.114009857177734,77000,0.0,0.0
2011-05-06 00:00:00+08:00,14.114009857177733,14.149831669228194,13.899074885331368,14.114009857177734,133000,0.0,0.0
2011-05-09 00:00:00+08:00,13.899075298393049,14.078187096997379,13.791608492533367,13.970720291137695,195000,0.0,0.0
2011-05-10 00:00:00+08:00,13.9707186810382,13.9707186810382,13.755785094089534,13.791606903076172,95000,0.0,0.0
2011-05-11 00:00:00+08:00,13.612495020528833,13.75578498840332,13.612495020528833,13.75578498840332,79000,0.0,0.0
2011-05-12 00:00:00+08:00,13.755785500197636,13.755785500197636,13.648317337036133,13.648317337036133,80000,0.0,0.0
2011-05-13 00:00:00+08:00,13.64831682924025,13.863251781051982,13.612495020528833,13.75578498840332,147000,0.0,0.0
2011-05-16 00:00:00+08:00,13.755783467041558,13.791605271791157,13.612493515014648,13.612493515014648,80000,0.0,0.0
2011-05-17 00:00:00+08:00,13.612496585189911,13.612496585189911,13.325917983015142,13.540851593017578,91000,0.0,0.0
2011-05-18 00:00:00+08:00,13.397561286023981,13.469204902648926,13.325916302884641,13.469204902648926,62000,0.0,0.0
2011-05-19 00:00:00+08:00,13.469204688790642,13.469204688790642,13.146804319554139,13.397561073303223,144000,0.0,0.0
2011-05-20 00:00:00+08:00,13.325916091301432,13.397561073303223,13.182626127297848,13.397561073303223,90000,0.0,0.0
2011-05-23 00:00:00+08:00,13.25426971062384,13.290091514587402,13.182624736182486,13.290091514587402,29000,0.0,0.0
2011-05-24 00:00:00+08:00,13.25427121480306,13.469204796004924,13.25427121480306,13.433382987976074,38000,0.0,0.0
2011-05-25 00:00:00+08:00,13.433382789482646,13.540849578495635,13.325916000469658,13.505027770996094,34000,0.0,0.0
2011-05-26 00:00:00+08:00,13.29009302283191,13.469204796004924,13.25427121480306,13.433382987976074,55000,0.0,0.0
2011-05-27 00:00:00+08:00,13.25427121480306,13.540849778577007,13.25427121480306,13.433382987976074,37000,0.0,0.0
2011-05-30 00:00:00+08:00,13.254271109299639,13.433382881046931,13.21844930155593,13.397561073303223,22000,0.0,0.0
2011-05-31 00:00:00+08:00,13.397561435231509,13.827428605826155,13.397561435231509,13.75578498840332,122000,0.0,0.0
2011-06-01 00:00:00+08:00,13.755785094089534,13.899073696550506,13.612495125114144,13.791606903076172,30000,0.0,0.0
2011-06-02 00:00:00+08:00,13.684140109601838,13.791606903076172,13.684140109601838,13.791606903076172,13000,0.0,0.0
2011-06-03 00:00:00+08:00,13.791605077282071,13.791605077282071,13.54084834802864,13.684138298034668,35000,0.0,0.0
2011-06-07 00:00:00+08:00,13.684140852090048,13.863252639770508,13.684140852090048,13.863252639770508,11000,0.0,0.0
2011-06-08 00:00:00+08:00,13.684140513594787,13.755785500197636,13.612495526991937,13.648317337036133,50000,0.0,0.0
2011-06-09 00:00:00+08:00,13.648315319764247,13.648315319764247,13.540848539001194,13.612493515014648,20000,0.0,0.0
2011-06-10 00:00:00+08:00,13.755784726293253,13.755784726293253,13.25427121480306,13.433382987976074,57000,0.0,0.0
2011-06-13 00:00:00+08:00,13.218450546264648,13.325917346129705,13.110982379885089,13.218450546264648,54000,0.0,0.0
2011-06-14 00:00:00+08:00,13.21844930155593,13.433382881046931,13.182626127297848,13.397561073303223,30000,0.0,0.0
2011-06-15 00:00:00+08:00,13.433384145994763,13.540850945859821,13.182627368633295,13.218450546264648,91000,0.0,0.0
2011-06-16 00:00:00+08:00,13.290092164379596,13.325915336608887,13.290092164379596,13.325915336608887,16000,0.0,0.0
2011-06-17 00:00:00+08:00,13.32591745024547,13.39756243955344,13.18262747162953,13.2542724609375,13000,0.0,0.0
2011-06-20 00:00:00+08:00,13.182627368633295,13.218450546264648,12.967693768903178,13.218450546264648,46000,0.0,0.0
2011-06-21 00:00:00+08:00,13.039338757651384,13.325917346129705,12.967693768903178,13.218450546264648,100000,0.0,0.0
2011-06-22 00:00:00+08:00,13.218450546264648,13.325917346129705,13.110982379885089,13.218450546264648,30000,0.0,0.0
2011-06-23 00:00:00+08:00,13.325916694735307,13.325916694735307,12.967693135019383,13.182626724243164,44000,0.0,0.0
2011-06-24 00:00:00+08:00,13.110981738997092,13.218449900123417,13.039338120265453,13.182626724243164,60000,0.0,0.0
2011-06-27 00:00:00+08:00,13.182626724243164,13.254271709489236,12.967693135019383,13.182626724243164,123000,0.0,0.0
2011-06-28 00:00:00+08:00,13.182625342463604,13.182625342463604,12.96044681916569,13.034506797790527,69000,0.6,0.0
2011-06-29 00:00:00+08:00,12.997476577758789,13.10856725604908,12.849358027666154,12.997476577758789,143000,0.0,0.0
2011-06-30 00:00:00+08:00,12.997477573147899,12.997477573147899,12.812328311920284,12.923418998718262,44000,0.0,0.0
2011-07-01 00:00:00+08:00,12.923419479856754,12.923419479856754,12.849359490093105,12.886388778686523,46000,0.0,0.0
2011-07-04 00:00:00+08:00,12.886386840540851,13.034506797790527,12.775297578891895,13.034506797790527,54000,0.0,0.0
2011-07-05 00:00:00+08:00,13.034507274714436,13.034507274714436,12.812327330710506,12.997476577758789,23000,0.0,0.0
2011-07-06 00:00:00+08:00,12.775299500329456,12.923419479856754,12.775299500329456,12.886388778686523,46000,0.0,0.0
2011-07-07 00:00:00+08:00,12.886388298926683,12.923418998718262,12.812328311920284,12.923418998718262,25000,0.0,0.0
2011-07-08 00:00:00+08:00,12.923419479856754,12.923419479856754,12.775299500329456,12.886388778686523,32000,0.0,0.0
2011-07-11 00:00:00+08:00,12.738268871383312,12.849358138051286,12.442028943499826,12.627178192138672,92000,0.0,0.0
2011-07-12 00:00:00+08:00,12.442029116123809,12.442029116123809,12.071730613708496,12.071730613708496,76000,0.0,0.0
2011-07-13 00:00:00+08:00,11.997672043286782,12.293910562703696,11.923612060288383,12.071730613708496,76000,0.0,0.0
2011-07-14 00:00:00+08:00,11.886580483338776,12.219849675893784,11.812521212106333,11.8495512008667,107000,0.0,0.0
2011-07-15 00:00:00+08:00,12.034700887572601,12.034700887572601,11.849551643148407,11.960640907287598,38000,0.0,0.0
2011-07-18 00:00:00+08:00,11.849550217848558,12.034699440002441,11.775490246471712,12.034699440002441,45000,0.0,0.0
2011-07-19 00:00:00+08:00,11.923610189225403,12.034699440002441,11.923610189225403,12.034699440002441,20000,0.0,0.0
2011-07-20 00:00:00+08:00,12.29391150419471,12.29391150419471,11.886582272797813,12.182822227478027,71000,0.0,0.0
2011-07-21 00:00:00+08:00,12.367969032490263,12.367969032490263,12.071729136741396,12.330938339233398,43000,0.0,0.0
2011-07-22 00:00:00+08:00,12.404999239890458,12.479059219360352,12.219849997504033,12.479059219360352,69000,0.0,0.0
2011-07-25 00:00:00+08:00,12.479059219360352,12.590148482276883,12.330939260420564,12.479059219360352,89000,0.0,0.0
2011-07-26 00:00:00+08:00,12.44202995300293,12.44202995300293,12.330940677321557,12.44202995300293,71000,0.0,0.0
2011-07-27 00:00:00+08:00,12.442028523337095,12.479059219360352,12.36796995644382,12.479059219360352,47000,0.0,0.0
2011-07-28 00:00:00+08:00,12.367971377599867,12.44202995300293,12.293911389620025,12.44202995300293,33000,0.0,0.0
2011-07-29 00:00:00+08:00,12.442029454380252,12.51608943939209,12.293910896933298,12.51608943939209,49000,0.0,0.0
2011-08-01 00:00:00+08:00,12.442029454380252,12.51608943939209,12.293910896933298,12.51608943939209,61000,0.0,0.0
2011-08-02 00:00:00+08:00,12.330940677321557,12.47906065328124,12.293911389620025,12.44202995300293,43000,0.0,0.0
2011-08-03 00:00:00+08:00,12.29391098022461,12.29391098022461,12.219850994711013,12.29391098022461,26000,0.0,0.0
2011-08-04 00:00:00+08:00,12.256880281179445,12.590149509702256,12.256880281179445,12.29391098022461,94000,0.0,0.0
2011-08-05 00:00:00+08:00,12.145789547785593,12.145789547785593,11.442222595214844,11.442222595214844,82000,0.0,0.0
2011-08-08 00:00:00+08:00,10.997866757378691,11.553314559139466,10.664597511291504,10.664597511291504,103000,0.0,0.0
2011-08-09 00:00:00+08:00,9.923999190511495,10.405387648423845,9.923999190511495,10.36835765838623,129000,0.0,0.0
2011-08-10 00:00:00+08:00,11.034894221009804,11.071924209594727,10.960834950128245,11.071924209594727,100000,0.0,0.0
2011-08-11 00:00:00+08:00,10.886776263287551,10.886776263287551,10.479447753152334,10.738656997680664,85000,0.0,0.0
2011-08-12 00:00:00+08:00,10.92380575157046,11.034895019071095,10.738656501543842,10.812716484069824,105000,0.0,0.0
2011-08-15 00:00:00+08:00,10.923804772642084,10.997864748531239,10.77568552715205,10.84974479675293,118000,0.0,0.0
2011-08-16 00:00:00+08:00,10.960835954414573,11.034895232081812,10.849745978481188,10.886775970458984,89000,0.0,0.0
2011-08-17 00:00:00+08:00,10.886775970458984,10.960835954414573,10.738656708836155,10.886775970458984,47000,0.0,0.0
2011-08-18 00:00:00+08:00,10.960834063130138,10.960834063130138,10.590535619823633,10.701624870300293,48000,0.0,0.0
2011-08-19 00:00:00+08:00,9.961029004909358,10.40538746494886,9.961029004909358,10.146178245544434,39000,0.0,0.0
2011-08-22 00:00:00+08:00,10.331329281488928,10.590538545937008,9.92400074005127,9.92400074005127,51000,0.0,0.0
2011-08-23 00:00:00+08:00,10.10914978134375,10.479448318481445,9.924000512774901,10.479448318481445,39000,0.0,0.0
2011-08-24 00:00:00+08:00,10.479447383830145,10.479447383830145,10.257268846394133,10.442418098449707,42000,0.0,0.0
2011-08-25 00:00:00+08:00,10.701625411864958,10.701625411864958,10.294296962356963,10.405386924743652,28000,0.0,0.0
2011-08-26 00:00:00+08:00,10.55350644690706,10.55350644690706,9.923998762295534,10.257267951965332,58000,0.0,0.0
2011-08-29 00:00:00+08:00,10.36835721099641,10.36835721099641,10.220237963525546,10.257267951965332,24000,0.0,0.0
2011-08-30 00:00:00+08:00,10.294297234116835,10.294297234116835,10.146177986645972,10.257267951965332,30000,0.0,0.0
2011-08-31 00:00:00+08:00,10.03508921097091,10.220238455799567,9.923999240300724,10.183208465576172,65000,0.0,0.0
2011-09-01 00:00:00+08:00,10.257268446022962,10.257268446022962,9.849939966142252,10.183208465576172,131000,0.0,0.0
2011-09-02 00:00:00+08:00,10.18320823492911,10.18320823492911,9.961029004909358,10.146178245544434,26000,0.0,0.0
2011-09-05 00:00:00+08:00,9.923998789101926,10.109148025512695,9.923998789101926,10.109148025512695,15000,0.0,0.0
2011-09-06 00:00:00+08:00,10.03508875472136,10.109148025512695,9.84993951831059,10.109148025512695,12000,0.0,0.0
2011-09-07 00:00:00+08:00,10.479446273189653,10.479446273189653,9.849939306690585,10.035088539123535,34000,0.0,0.0
2011-09-08 00:00:00+08:00,10.25726775930073,10.479446273189653,10.035088539123535,10.035088539123535,622000,0.0,0.0
2011-09-09 00:00:00+08:00,10.146178245544434,10.146178245544434,10.072118973063384,10.146178245544434,47000,0.0,0.0
2011-09-13 00:00:00+08:00,9.961030006408691,9.961030006408691,9.701821467231289,9.961030006408691,64000,0.0,0.0
2011-09-14 00:00:00+08:00,9.961028332207881,9.998058319091797,9.553699889061305,9.998058319091797,131000,0.0,0.0
2011-09-15 00:00:00+08:00,10.146177986645972,10.664595705938135,10.146177986645972,10.257267951965332,276000,0.0,0.0
2011-09-16 00:00:00+08:00,10.479446922210757,10.479446922210757,10.294297678311004,10.36835765838623,88000,0.0,0.0
2011-09-19 00:00:00+08:00,10.479446470027485,10.479446470027485,10.220237963525546,10.257267951965332,15000,0.0,0.0
2011-09-20 00:00:00+08:00,10.220237991132128,10.331327250463277,9.84993951831059,10.109148025512695,143000,0.0,0.0
2011-09-21 00:00:00+08:00,10.109147808323753,10.220237771556485,9.961028563635047,10.035088539123535,52000,0.0,0.0
2011-09-22 00:00:00+08:00,9.961028963074012,10.035088941532317,9.368551254272461,9.368551254272461,240000,0.0,0.0
2011-09-23 00:00:00+08:00,9.257462871387775,9.553701400756836,8.813104371045814,9.553701400756836,262000,0.0,0.0
2011-09-26 00:00:00+08:00,9.405582136072304,9.553701400756836,9.257462871387775,9.553701400756836,78000,0.0,0.0
2011-09-27 00:00:00+08:00,9.553701356916276,9.701821327209473,9.553701356916276,9.701821327209473,17000,0.0,0.0
2011-09-28 00:00:00+08:00,9.25746358822476,10.072120666503906,9.25746358822476,10.072120666503906,27000,0.0,0.0
2011-09-29 00:00:00+08:00,9.998058766181549,10.109148025512695,9.998058766181549,10.109148025512695,19000,0.0,0.0
2011-09-30 00:00:00+08:00,9.998058766181549,10.109148025512695,9.775879541230967,10.109148025512695,68000,0.0,0.0
2011-10-03 00:00:00+08:00,9.998059170586723,10.36835765838623,9.923999190511495,10.36835765838623,32000,0.0,0.0
2011-10-04 00:00:00+08:00,9.84993951831059,10.109148025512695,9.84993951831059,10.109148025512695,24000,0.0,0.0
2011-10-05 00:00:00+08:00,9.886969956365647,10.183208465576172,9.849939966142252,10.183208465576172,19000,0.0,0.0
2011-10-06 00:00:00+08:00,10.183208694551872,10.738656441527429,9.961029454503983,10.22023868560791,100000,0.0,0.0
2011-10-07 00:00:00+08:00,10.035089602669776,10.442418098449707,10.035089602669776,10.442418098449707,11000,0.0,0.0
2011-10-11 00:00:00+08:00,10.442418098449707,10.442418098449707,10.146178871387782,10.442418098449707,60000,0.0,0.0
2011-10-12 00:00:00+08:00,10.220238177003013,10.331327438354492,10.183208187789756,10.331327438354492,26000,0.0,0.0
2011-10-13 00:00:00+08:00,10.220238894658479,10.29429817199707,10.07211963369295,10.29429817199707,46000,0.0,0.0
2011-10-14 00:00:00+08:00,10.257267951965332,10.331327222556622,10.109147998206184,10.257267951965332,19000,0.0,0.0
2011-10-17 00:00:00+08:00,10.479446688919229,10.479446688919229,10.146178198576496,10.331327438354492,21000,0.0,0.0
2011-10-18 00:00:00+08:00,10.220238894658479,10.29429817199707,10.14617891103154,10.29429817199707,15000,0.0,0.0
2011-10-19 00:00:00+08:00,10.36835771040483,10.36835771040483,9.998059220747514,10.183208465576172,60000,0.0,0.0
2011-10-20 00:00:00+08:00,9.998058994294034,10.146178245544434,9.998058994294034,10.146178245544434,12000,0.0,0.0
2011-10-21 00:00:00+08:00,10.146178245544434,10.25726821369846,10.146178245544434,10.146178245544434,23000,0.0,0.0
2011-10-24 00:00:00+08:00,10.220238224313784,10.220238224313784,10.072118973063384,10.146178245544434,33000,0.0,0.0
2011-10-25 00:00:00+08:00,10.146178245544434,10.18320823492911,10.03508898367871,10.146178245544434,44000,0.0,0.0
2011-10-26 00:00:00+08:00,10.146178198576496,10.664595928697224,10.146178198576496,10.331327438354492,95,0.0,0.0
2011-10-27 00:00:00+08:00,10.072118716054682,10.294297234116835,10.072118716054682,10.257267951965332,36000,0.0,0.0
2011-10-28 00:00:00+08:00,10.109148256159758,10.25726821369846,10.03508898367871,10.146178245544434,131000,0.0,0.0
2011-10-31 00:00:00+08:00,10.257268446022962,10.257268446022962,10.183208465576172,10.183208465576172,11000,0.0,0.0
2011-11-01 00:00:00+08:00,9.923998789101926,10.146178014052508,9.923998789101926,10.109148025512695,60000,0.0,0.0
2011-11-02 00:00:00+08:00,9.849940800317441,9.849940800317441,9.738850820239229,9.775880813598633,51000,0.0,0.0
2011-11-03 00:00:00+08:00,9.849941027845144,9.849941027845144,9.701821757274441,9.812911033630371,92000,0.0,0.0
2011-11-04 00:00:00+08:00,9.92400074005127,9.96103073587077,9.812911458881192,9.92400074005127,70000,0.0,0.0
2011-11-07 00:00:00+08:00,9.924000013300956,9.961030006408691,9.775880747158388,9.961030006408691,51000,0.0,0.0
2011-11-08 00:00:00+08:00,9.923998848819563,9.923998848819563,9.775879600057298,9.886969566345215,26000,0.0,0.0
2011-11-09 00:00:00+08:00,9.775880144152115,9.775880144152115,9.627760887145996,9.627760887145996,49000,0.0,0.0
2011-11-10 00:00:00+08:00,9.257461063219674,9.331521034240723,9.109341827465805,9.331521034240723,81000,0.0,0.0
2011-11-11 00:00:00+08:00,9.257462871387775,9.553701400756836,9.183402885901325,9.553701400756836,85000,0.0,0.0
2011-11-14 00:00:00+08:00,9.331522652920501,9.479641914367676,9.29449266098662,9.479641914367676,49000,0.0,0.0
2011-11-15 00:00:00+08:00,9.4055814743042,9.4055814743042,9.257462220041203,9.4055814743042,28000,0.0,0.0
2011-11-16 00:00:00+08:00,9.405581243501613,9.405581243501613,9.109342742244987,9.368551254272461,29000,0.0,0.0
2011-11-17 00:00:00+08:00,9.109341827465805,9.331521034240723,8.961222591711936,9.331521034240723,35000,0.0,0.0
2011-11-18 00:00:00+08:00,9.109343755431484,9.146373748779297,8.998253775388045,9.146373748779297,45000,0.0,0.0
2011-11-21 00:00:00+08:00,8.887162928994837,9.0352821698871,8.590924447210309,8.850132942199707,45000,0.0,0.0
2011-11-22 00:00:00+08:00,8.739044470833685,8.739044470833685,8.25765601195693,8.590925216674805,223000,0.0,0.0
2011-11-23 00:00:00+08:00,8.331715416789667,8.331715416789667,7.998446941375733,7.998446941375732,49000,0.0,0.0
2011-11-24 00:00:00+08:00,7.813297472288101,8.035476684570312,7.4800290070089055,8.035476684570312,214000,0.0,0.0
2011-11-25 00:00:00+08:00,8.03547692893023,8.03547692893023,7.6651784659618,7.998446941375732,170000,0.0,0.0
2011-11-28 00:00:00+08:00,7.998448144982238,7.998448144982238,7.776268892509993,7.961418151855469,42000,0.0,0.0
2011-11-29 00:00:00+08:00,7.924388094007885,8.146567344665527,7.924388094007885,8.146567344665527,49000,0.0,0.0
2011-11-30 00:00:00+08:00,8.072508165301214,8.072508165301214,7.850329598740682,7.924388885498047,99000,0.0,0.0
2011-12-01 00:00:00+08:00,7.961416953821237,8.109536197750955,7.961416953821237,7.998446941375732,60000,0.0,0.0
2011-12-02 00:00:00+08:00,7.9243869662667406,7.998446941375733,7.9243869662667406,7.998446941375732,35000,0.0,0.0
2011-12-05 00:00:00+08:00,7.9243869662667406,7.998446941375733,7.9243869662667406,7.998446941375732,26000,0.0,0.0
2011-12-06 00:00:00+08:00,7.998446742035412,7.998446742035412,7.628148288295701,7.7762675285339355,119000,0.0,0.0
2011-12-07 00:00:00+08:00,7.7762675285339355,7.7762675285339355,7.665178274927322,7.7762675285339355,38000,0.0,0.0
2011-12-08 00:00:00+08:00,7.7392377853393555,7.7392377853393555,7.554088552645647,7.7392377853393555,16000,0.0,0.0
2011-12-09 00:00:00+08:00,7.73923831472489,7.73923831472489,7.405969814337372,7.554089069366455,61000,0.0,0.0
2011-12-12 00:00:00+08:00,7.554089069366455,7.5911190596958065,7.405969814337372,7.554089069366455,105000,0.0,0.0
2011-12-13 00:00:00+08:00,7.554089069366455,7.554089069366455,7.442999804666723,7.554089069366455,67000,0.0,0.0
2011-12-14 00:00:00+08:00,7.517058362128343,7.591118335723877,7.517058362128343,7.591118335723877,23000,0.0,0.0
2011-12-15 00:00:00+08:00,7.405969814337372,7.554089069366455,7.376345963331556,7.554089069366455,37000,0.0,0.0
2011-12-16 00:00:00+08:00,7.443000993645246,7.517060279846191,7.443000993645246,7.517060279846191,35000,0.0,0.0
2011-12-19 00:00:00+08:00,7.517058865968744,7.517058865968744,7.191196514141213,7.480029582977295,91000,0.0,0.0
2011-12-20 00:00:00+08:00,7.442999839782716,7.442999839782716,7.442999839782716,7.442999839782715,10000,0.0,0.0
2011-12-21 00:00:00+08:00,7.442999094821062,7.665178309319411,7.442999094821062,7.591118335723877,83000,0.0,0.0
2011-12-22 00:00:00+08:00,7.5911190596958065,7.5911190596958065,7.442999804666723,7.554089069366455,46000,0.0,0.0
2011-12-23 00:00:00+08:00,7.554088315032459,7.813297515165557,7.554088315032459,7.7762675285339355,154000,0.0,0.0
2011-12-26 00:00:00+08:00,7.776267773135752,7.813297760932147,7.7392377853393555,7.7392377853393555,53000,0.0,0.0
2011-12-27 00:00:00+08:00,8.257657051086426,8.257657051086426,8.14656777306006,8.257657051086426,240000,0.0,0.0
2011-12-28 00:00:00+08:00,8.294687352727415,8.294687352727415,7.813299521752581,8.109538078308105,212000,0.0,0.0
2011-12-29 00:00:00+08:00,7.8503288146475825,8.146567344665527,7.8503288146475825,8.146567344665527,52000,0.0,0.0
2011-12-30 00:00:00+08:00,8.220627330314198,8.220627330314198,8.03547807248089,8.146567344665527,41000,0.0,0.0
2012-01-02 00:00:00+08:00,8.146567344665527,8.220627330314198,7.96141808683222,8.146567344665527,42000,0.0,0.0
2012-01-03 00:00:00+08:00,8.220626831054688,8.220626831054688,7.9614176033151445,8.220626831054688,28000,0.0,0.0
2012-01-04 00:00:00+08:00,8.072507858276367,8.072507858276367,8.035478569450254,8.072507858276367,25000,0.0,0.0
2012-01-05 00:00:00+08:00,8.072507858276367,8.072507858276367,7.998448574335728,8.072507858276367,10000,0.0,0.0
2012-01-06 00:00:00+08:00,8.072506210196458,8.072506210196458,7.887356978712244,7.998446941375732,33000,0.0,0.0
2012-01-09 00:00:00+08:00,7.998446941375733,8.03547692893023,7.887356978712244,7.998446941375732,58000,0.0,0.0
2012-01-10 00:00:00+08:00,8.03547879231344,8.183598070591202,8.03547879231344,8.109538078308105,50000,0.0,0.0
2012-01-11 00:00:00+08:00,8.072507858276367,8.072507858276367,7.924388584106678,8.072507858276367,68000,0.0,0.0
2012-01-12 00:00:00+08:00,7.998446698141903,8.109535951138886,7.924386725285084,8.035476684570312,42000,0.0,0.0
2012-01-13 00:00:00+08:00,8.072506210196458,8.072506210196458,7.961416953821237,7.998446941375732,24000,0.0,0.0
2012-01-16 00:00:00+08:00,8.072507858276367,8.109537853390892,7.998448574335728,8.072507858276367,75000,0.0,0.0
2012-01-17 00:00:00+08:00,8.14656777306006,8.257657051086426,8.10953777828847,8.257657051086426,63000,0.0,0.0
2012-01-18 00:00:00+08:00,8.25765486935301,8.813102525308276,8.25765486935301,8.55389404296875,192000,0.0,0.0
2012-01-30 00:00:00+08:00,8.553895436293123,8.664984703063965,8.553895436293123,8.664984703063965,75000,0.0,0.0
2012-01-31 00:00:00+08:00,8.516864473620052,8.961222902585094,8.516864473620052,8.850132942199707,71000,0.0,0.0
2012-02-01 00:00:00+08:00,8.664984374681573,9.03528285826872,8.664984374681573,8.998252868652344,132000,0.0,0.0
2012-02-02 00:00:00+08:00,9.183401092198626,9.479640269994592,9.14637181297633,9.331521034240723,90000,0.0,0.0
2012-02-03 00:00:00+08:00,9.331521034240723,9.331521034240723,9.109341827465805,9.331521034240723,39000,0.0,0.0
2012-02-06 00:00:00+08:00,9.51667227265956,9.775880813598633,9.51667227265956,9.775880813598633,71000,0.0,0.0
2012-02-07 00:00:00+08:00,9.998059999516427,10.405388511124771,9.775880747158388,9.961030006408691,220000,0.0,0.0
2012-02-08 00:00:00+08:00,10.035088305975714,10.035088305975714,9.849939077844384,9.998058319091797,158000,0.0,0.0
2012-02-09 00:00:00+08:00,10.03508875472136,10.183208002592318,9.8869695068504,10.109148025512695,51000,0.0,0.0
2012-02-10 00:00:00+08:00,10.183208002592318,10.183208002592318,9.961028777641737,10.109148025512695,54000,0.0,0.0
2012-02-13 00:00:00+08:00,9.998060502717804,10.516478313452897,9.961030507746353,10.479448318481445,213000,0.0,0.0
2012-02-14 00:00:00+08:00,10.479446193379847,10.479446193379847,10.146177718796311,10.405386924743652,77000,0.0,0.0
2012-02-15 00:00:00+08:00,10.368356937281423,10.516476180842076,10.22023769372077,10.405386924743652,103000,0.0,0.0
2012-02-16 00:00:00+08:00,10.36835811511214,10.62756735050528,10.035089602669776,10.442418098449707,103000,0.0,0.0
2012-02-17 00:00:00+08:00,10.738655123794288,10.738655123794288,10.294296698225432,10.553505897521973,126000,0.0,0.0
2012-02-20 00:00:00+08:00,10.627567725047593,10.738656997680664,10.479447753152334,10.738656997680664,80000,0.0,0.0
2012-02-21 00:00:00+08:00,10.442418955617917,10.664597511291504,10.442418955617917,10.664597511291504,78000,0.0,0.0
2012-02-22 00:00:00+08:00,10.590538228163108,10.664597511291504,10.368358966201118,10.664597511291504,218000,0.0,0.0
2012-02-23 00:00:00+08:00,10.442416912205882,10.516476180842076,10.368356937281423,10.405386924743652,132000,0.0,0.0
2012-02-24 00:00:00+08:00,10.47944742477607,10.47944742477607,10.29429817199707,10.29429817199707,22000,0.0,0.0
2012-02-29 00:00:00+08:00,10.257269938268402,10.294299227590564,10.035090670893323,10.072120666503906,69000,0.0,0.0
2012-03-01 00:00:00+08:00,10.183209947047235,10.183209947047235,10.035090670893323,10.072120666503906,31000,0.0,0.0
2012-03-02 00:00:00+08:00,10.072119427672094,10.22023868560791,10.072119427672094,10.22023868560791,43000,0.0,0.0
2012-03-05 00:00:00+08:00,9.923999015524684,10.516476726814583,9.479641261773486,10.146178245544434,115000,0.0,0.0
2012-03-06 00:00:00+08:00,10.109147808323753,10.109147808323753,9.775879331202097,10.035088539123535,42000,0.0,0.0
2012-03-07 00:00:00+08:00,9.849941454700692,9.92400074005127,9.849941454700692,9.92400074005127,4000,0.0,0.0
2012-03-08 00:00:00+08:00,9.92400074005127,9.92400074005127,9.73885146724219,9.92400074005127,23000,0.0,0.0
2012-03-09 00:00:00+08:00,9.886969064728302,9.998058319091797,9.886969064728302,9.998058319091797,26000,0.0,0.0
2012-03-12 00:00:00+08:00,9.738848439715317,9.84993839263916,9.738848439715317,9.84993839263916,52000,0.0,0.0
2012-03-13 00:00:00+08:00,9.812908408331213,9.84993839263916,9.701819161695575,9.84993839263916,80000,0.0,0.0
2012-03-14 00:00:00+08:00,9.812909588819938,9.886969566345215,9.775879600057298,9.886969566345215,54000,0.0,0.0
2012-03-15 00:00:00+08:00,9.849939606506707,9.849939606506707,9.664790368438117,9.738849639892578,60000,0.0,0.0
2012-03-16 00:00:00+08:00,9.701820357309494,9.775879628763954,9.553700401823987,9.738849639892578,81000,0.0,0.0
2012-03-19 00:00:00+08:00,9.701820357309494,9.738849639892578,9.664790368438117,9.738849639892578,25000,0.0,0.0
2012-03-20 00:00:00+08:00,9.701821327209473,9.738850613494408,9.627761342062874,9.701821327209473,37000,0.0,0.0
2012-03-21 00:00:00+08:00,9.627760657052892,9.664790646991529,9.590730667114258,9.590730667114258,28000,0.0,0.0
2012-03-22 00:00:00+08:00,9.553701780415343,9.812911033630371,9.553701780415343,9.812911033630371,43000,0.0,0.0
2012-03-23 00:00:00+08:00,9.775879628763954,9.775879628763954,9.738849639892578,9.738849639892578,30000,0.0,0.0
2012-03-26 00:00:00+08:00,9.701820141551288,9.701820141551288,9.627760165455548,9.664790153503418,107000,0.0,0.0
2012-03-27 00:00:00+08:00,9.59073017740768,9.664790153503418,9.59073017740768,9.664790153503418,46000,0.0,0.0
2012-03-28 00:00:00+08:00,9.59073017740768,9.664790153503418,9.59073017740768,9.664790153503418,14000,0.0,0.0
2012-03-29 00:00:00+08:00,9.55370192605972,9.590731920839008,9.25746338040221,9.442612648010254,47000,0.0,0.0
2012-03-30 00:00:00+08:00,9.368551484166371,9.4055814743042,9.257462220041203,9.4055814743042,35000,0.0,0.0
2012-04-02 00:00:00+08:00,9.368551254272461,9.405581243501613,9.368551254272461,9.368551254272461,19000,0.0,0.0
2012-04-03 00:00:00+08:00,9.479640527136498,9.479640527136498,9.109342074563106,9.220431327819824,11000,0.0,0.0
2012-04-05 00:00:00+08:00,8.961223983992387,9.590731010323143,8.887164001464843,9.257462501525879,90000,0.0,0.0
2012-04-06 00:00:00+08:00,9.183401341304835,9.220431327819824,9.072312088048117,9.220431327819824,34000,0.0,0.0
2012-04-09 00:00:00+08:00,8.961223602294922,9.072312865066122,8.887163622921916,8.961223602294922,52000,0.0,0.0
2012-04-10 00:00:00+08:00,9.146373748779297,9.146373748779297,8.73904523453011,9.146373748779297,99000,0.0,0.0
2012-04-11 00:00:00+08:00,8.739044742698097,9.257462501525879,8.739044742698097,9.257462501525879,47000,0.0,0.0
2012-04-12 00:00:00+08:00,9.479640269994592,9.479640269994592,9.14637181297633,9.331521034240723,43000,0.0,0.0
2012-04-13 00:00:00+08:00,9.109344401646789,9.294493675231934,9.109344401646789,9.294493675231934,56000,0.0,0.0
2012-04-16 00:00:00+08:00,9.18340368730779,9.294493675231934,9.146374397621504,9.294493675231934,14000,0.0,0.0
2012-04-17 00:00:00+08:00,9.331521357959879,9.331521357959879,8.850132942199707,8.850132942199707,27000,0.0,0.0
2012-04-18 00:00:00+08:00,9.035283376579855,9.035283376579855,8.887164115905762,8.887164115905762,15000,0.0,0.0
2012-04-19 00:00:00+08:00,8.739044402486215,8.813103675842285,8.739044402486215,8.813103675842285,722000,0.0,0.0
2012-04-20 00:00:00+08:00,8.739045419096168,8.887164689327278,8.59092614886506,8.627955436706543,538000,0.0,0.0
2012-04-23 00:00:00+08:00,8.62795471204424,8.664984703063965,8.553895436293123,8.664984703063965,9000,0.0,0.0
2012-04-24 00:00:00+08:00,8.664984871750448,9.257462620735168,8.664984871750448,8.887164115905762,109000,0.0,0.0
2012-04-25 00:00:00+08:00,9.03528287537962,9.109342854752626,8.776074360150716,8.961223602294922,32000,0.0,0.0
2012-04-26 00:00:00+08:00,8.961223602294922,9.03528287537962,8.776074360150716,8.961223602294922,29000,0.0,0.0
2012-04-27 00:00:00+08:00,8.961222867993639,9.072312121661955,8.961222867993639,9.035282135009766,18000,0.0,0.0
2012-04-30 00:00:00+08:00,9.035282135009766,9.035282135009766,9.035282135009766,9.035282135009766,0,0.0,0.0
2012-05-02 00:00:00+08:00,8.776073641020947,9.035282135009766,8.776073641020947,9.035282135009766,54000,0.0,0.0
2012-05-03 00:00:00+08:00,8.887163606091523,8.998252868652344,8.887163606091523,8.998252868652344,23000,0.0,0.0
2012-05-04 00:00:00+08:00,9.183403035838733,9.183403035838733,9.109343755431484,9.146373748779297,86000,0.0,0.0
2012-05-07 00:00:00+08:00,8.96122448832861,9.146373748779297,8.96122448832861,9.146373748779297,6000,0.0,0.0
2012-05-08 00:00:00+08:00,9.03528287537962,9.03528287537962,8.81310364354891,8.961223602294922,17000,0.0,0.0
2012-05-09 00:00:00+08:00,8.887164115905762,8.887164115905762,8.739044855231668,8.887164115905762,21000,0.0,0.0
2012-05-10 00:00:00+08:00,8.924194107646372,8.924194107646372,8.887164115905762,8.887164115905762,6000,0.0,0.0
2012-05-11 00:00:00+08:00,8.887164115905762,8.887164115905762,8.887164115905762,8.887164115905762,4000,0.0,0.0
2012-05-14 00:00:00+08:00,8.887164638626658,8.887164638626658,8.739045369240557,8.77607536315918,9000,0.0,0.0
2012-05-15 00:00:00+08:00,8.77607536315918,8.77607536315918,8.77607536315918,8.77607536315918,0,0.0,0.0
2012-05-16 00:00:00+08:00,8.739043688102573,8.850132942199707,8.664983714512315,8.850132942199707,47000,0.0,0.0
2012-05-17 00:00:00+08:00,8.702013701307443,8.850132942199707,8.702013701307443,8.850132942199707,4000,0.0,0.0
2012-05-18 00:00:00+08:00,8.813104132424542,8.887164115905762,8.702014863491058,8.887164115905762,24000,0.0,0.0
2012-05-21 00:00:00+08:00,8.887163393532473,9.072312630897734,8.739044144897925,8.924193382263184,8000,0.0,0.0
2012-05-22 00:00:00+08:00,8.776073674897702,8.850132942199707,8.664983714512315,8.850132942199707,75000,0.0,0.0
2012-05-23 00:00:00+08:00,8.702013701307443,8.850132942199707,8.702013701307443,8.850132942199707,4000,0.0,0.0
2012-05-24 00:00:00+08:00,8.850132942199707,8.850132942199707,8.850132942199707,8.850132942199707,2000,0.0,0.0
2012-05-25 00:00:00+08:00,8.739043688102573,8.850132942199707,8.664983714512315,8.850132942199707,12000,0.0,0.0
2012-05-28 00:00:00+08:00,8.850132942199707,8.850132942199707,8.627953727717186,8.850132942199707,39000,0.0,0.0
2012-05-29 00:00:00+08:00,8.887163655486663,8.887163655486663,8.739044402486215,8.813103675842285,46000,0.0,0.0
2012-05-30 00:00:00+08:00,8.81310346100384,8.81310346100384,8.590924940063402,8.739044189453125,25000,0.0,0.0
2012-05-31 00:00:00+08:00,8.627954222694614,8.739044189453125,8.627954222694614,8.739044189453125,5000,0.0,0.0
2012-06-01 00:00:00+08:00,8.627955436706543,8.627955436706543,8.516866160605309,8.627955436706543,14000,0.0,0.0
2012-06-04 00:00:00+08:00,8.47983407299276,8.55389404296875,8.47983407299276,8.55389404296875,5000,0.0,0.0
2012-06-05 00:00:00+08:00,8.516866160605309,8.627955436706543,8.368746890374199,8.627955436706543,29000,0.0,0.0
2012-06-06 00:00:00+08:00,8.44280525622761,8.627954500498287,8.44280525622761,8.590925216674805,8000,0.0,0.0
2012-06-07 00:00:00+08:00,8.47983407299276,8.55389404296875,8.47983407299276,8.55389404296875,7000,0.0,0.0
2012-06-08 00:00:00+08:00,8.516865236451206,8.590925216674805,8.516865236451206,8.590925216674805,30000,0.0,0.0
2012-06-11 00:00:00+08:00,8.664984211614117,8.739044189453125,8.664984211614117,8.739044189453125,7000,0.0,0.0
2012-06-12 00:00:00+08:00,8.739044189453125,8.739044189453125,8.739044189453125,8.739044189453125,4000,0.0,0.0
2012-06-13 00:00:00+08:00,8.590923770401748,8.70201301574707,8.590923770401748,8.70201301574707,8000,0.0,0.0
2012-06-14 00:00:00+08:00,8.553896105935836,8.77607536315918,8.553896105935836,8.77607536315918,16000,0.0,0.0
2012-06-15 00:00:00+08:00,8.590925118006508,8.961223602294922,8.590925118006508,8.961223602294922,22000,0.0,0.0
2012-06-18 00:00:00+08:00,8.81310364354891,8.961223602294922,8.81310364354891,8.961223602294922,61000,0.0,0.0
2012-06-19 00:00:00+08:00,8.739044855231668,8.887164115905762,8.739044855231668,8.887164115905762,20000,0.0,0.0
2012-06-20 00:00:00+08:00,8.77607536315918,8.998253914094136,8.739045369240557,8.77607536315918,35000,0.0,0.0
2012-06-21 00:00:00+08:00,8.887164115905762,9.183402637253948,8.813104132424542,8.887164115905762,18000,0.0,0.0
2012-06-22 00:00:00+08:00,8.739044353914325,8.998252868652344,8.739044353914325,8.998252868652344,21000,0.0,0.0
2012-06-25 00:00:00+08:00,9.183402110445918,9.183402110445918,8.887163606091523,8.998252868652344,19000,0.0,0.0
2012-06-26 00:00:00+08:00,8.887163393532473,8.924193382263184,8.664984167436504,8.924193382263184,15000,0.0,0.0
2012-06-27 00:00:00+08:00,8.739043688102573,8.850132942199707,8.739043688102573,8.850132942199707,49000,0.0,0.0
2012-06-28 00:00:00+08:00,8.813102955404577,8.850132942199707,8.813102955404577,8.850132942199707,23000,0.0,0.0
2012-06-29 00:00:00+08:00,8.739044402486215,8.813103675842285,8.739044402486215,8.813103675842285,92000,0.0,0.0
2012-07-02 00:00:00+08:00,8.739045369240557,8.77607536315918,8.739045369240557,8.77607536315918,33000,0.0,0.0
2012-07-03 00:00:00+08:00,8.739045369240557,8.813104650789413,8.739045369240557,8.77607536315918,14000,0.0,0.0
2012-07-04 00:00:00+08:00,8.739045369240557,8.77607536315918,8.664985381403314,8.77607536315918,68000,0.0,0.0
2012-07-05 00:00:00+08:00,8.776074392308406,8.813103675842285,8.739044402486215,8.813103675842285,26000,0.0,0.0
2012-07-06 00:00:00+08:00,8.739044855231668,8.887164115905762,8.739044855231668,8.887164115905762,8000,0.0,0.0
2012-07-09 00:00:00+08:00,8.924193645308854,8.924193645308854,8.702014412664026,8.813103675842285,19000,0.0,0.0
2012-07-10 00:00:00+08:00,8.739045369240557,8.77607536315918,8.664985381403314,8.77607536315918,26000,0.0,0.0
2012-07-11 00:00:00+08:00,8.776073674897702,8.850132942199707,8.776073674897702,8.850132942199707,17000,0.0,0.0
2012-07-12 00:00:00+08:00,9.257462620735168,9.257462620735168,8.776074846972278,8.887164115905762,52000,0.0,0.0
2012-07-13 00:00:00+08:00,8.776073674897702,8.850132942199707,8.776073674897702,8.850132942199707,68000,0.0,0.0
2012-07-16 00:00:00+08:00,8.850133665664474,8.850133665664474,8.702014412664026,8.813103675842285,31000,0.0,0.0
2012-07-17 00:00:00+08:00,8.813103675842285,8.850133665664474,8.739044402486215,8.813103675842285,77000,0.0,0.0
2012-07-18 00:00:00+08:00,8.776073674897702,8.850132942199707,8.776073674897702,8.850132942199707,144000,0.0,0.0
2012-07-19 00:00:00+08:00,8.660216216958686,8.736183318211785,8.584249840181556,8.622233390808105,109000,0.3,0.0
2012-07-20 00:00:00+08:00,8.58424995370022,8.69819988261078,8.58424995370022,8.660216331481934,47000,0.0,0.0
2012-07-23 00:00:00+08:00,8.660216216958686,8.660216216958686,8.546266289555007,8.622233390808105,24000,0.0,0.0
2012-07-24 00:00:00+08:00,8.432317565791406,8.54626750946045,8.432317565791406,8.54626750946045,8000,0.0,0.0
2012-07-25 00:00:00+08:00,8.432316806388709,8.964084369747455,8.432316806388709,8.698200225830078,68000,0.0,0.0
2012-07-26 00:00:00+08:00,8.698200225830078,8.698200225830078,8.698200225830078,8.698200225830078,3000,0.0,0.0
2012-07-27 00:00:00+08:00,8.58424995370022,8.660216331481934,8.546266402571375,8.660216331481934,39000,0.0,0.0
2012-07-30 00:00:00+08:00,8.698199616536959,8.736183166503906,8.698199616536959,8.736183166503906,4000,0.0,0.0
2012-07-31 00:00:00+08:00,8.58424995370022,8.850133362650187,8.58424995370022,8.660216331481934,40000,0.0,0.0
2012-08-01 00:00:00+08:00,8.584249840181556,8.622233390808105,8.584249840181556,8.622233390808105,17000,0.0,0.0
2012-08-02 00:00:00+08:00,8.622233390808105,8.622233390808105,8.622233390808105,8.622233390808105,0,0.0,0.0
2012-08-03 00:00:00+08:00,8.660216331481934,8.660216331481934,8.660216331481934,8.660216331481934,5000,0.0,0.0
2012-08-06 00:00:00+08:00,8.69819988261078,8.69819988261078,8.660216331481934,8.660216331481934,7000,0.0,0.0
2012-08-07 00:00:00+08:00,8.660216216958686,8.660216216958686,8.508282738928457,8.622233390808105,12000,0.0,0.0
2012-08-08 00:00:00+08:00,8.546266896808811,8.660216832309187,8.546266896808811,8.584250450134277,27000,0.0,0.0
2012-08-09 00:00:00+08:00,8.508283953412077,8.584251065508822,8.470300397363705,8.54626750946045,63000,0.0,0.0
2012-08-10 00:00:00+08:00,8.508283953412077,8.54626750946045,8.470300397363705,8.54626750946045,33000,0.0,0.0
2012-08-13 00:00:00+08:00,8.470298161740553,8.546265253786789,8.470298161740553,8.508281707763672,16000,0.0,0.0
2012-08-14 00:00:00+08:00,8.470298161740553,8.508281707763672,8.394331794170201,8.508281707763672,73000,0.0,0.0
2012-08-15 00:00:00+08:00,8.508283273778442,8.508283273778442,8.432316892225893,8.47029972076416,23000,0.0,0.0
2012-08-16 00:00:00+08:00,8.432318014885327,8.470300848480539,8.356350898742676,8.356350898742676,120000,0.0,0.0
2012-08-17 00:00:00+08:00,8.35634864487232,8.35634864487232,8.318365097045898,8.318365097045898,57000,0.0,0.0
2012-08-20 00:00:00+08:00,8.35634864487232,8.35634864487232,8.20441517804255,8.318365097045898,114000,0.0,0.0
2012-08-21 00:00:00+08:00,8.31836734067135,8.356350898742676,8.24240094900481,8.356350898742676,13000,0.0,0.0
2012-08-22 00:00:00+08:00,8.28038215637207,8.318365706983606,8.166432229013433,8.28038215637207,123000,0.0,0.0
2012-08-23 00:00:00+08:00,8.204415665614535,8.280382041305991,8.090465015363414,8.242399215698242,74000,0.0,0.0
2012-08-24 00:00:00+08:00,8.204416275024414,8.204416275024414,8.052482787880187,8.204416275024414,112000,0.0,0.0
2012-08-27 00:00:00+08:00,8.204415665614535,8.242399215698242,8.12844856544712,8.242399215698242,99000,0.0,0.0
2012-08-28 00:00:00+08:00,8.242399215698242,8.280382041305991,8.242399215698242,8.242399215698242,36000,0.0,0.0
2012-08-29 00:00:00+08:00,8.318366233183047,8.508283273778442,8.280382680168765,8.47029972076416,166000,0.0,0.0
2012-08-30 00:00:00+08:00,8.356349701133457,8.812150883712958,8.280382595878203,8.698200225830078,501000,0.0,0.0
2012-08-31 00:00:00+08:00,8.964084369747455,9.002067922375081,8.432316806388709,8.698200225830078,335000,0.0,0.0
2012-09-03 00:00:00+08:00,8.584249840181556,8.622233390808105,8.432316362151328,8.622233390808105,116000,0.0,0.0
2012-09-04 00:00:00+08:00,8.964083741829635,9.191984317155363,8.660216066570012,8.736183166503906,447000,0.0,0.0
2012-09-05 00:00:00+08:00,8.58424995370022,8.660216331481934,8.546266402571375,8.660216331481934,11000,0.0,0.0
2012-09-06 00:00:00+08:00,8.54626750946045,8.54626750946045,8.470300397363705,8.54626750946045,30000,0.0,0.0
2012-09-07 00:00:00+08:00,8.888116913779033,8.888116913779033,8.58424995370022,8.660216331481934,216000,0.0,0.0
2012-09-10 00:00:00+08:00,8.546266896808811,8.584250450134277,8.508283343483345,8.584250450134277,50000,0.0,0.0
2012-09-11 00:00:00+08:00,8.660217453129492,8.660217453129492,8.394334009743034,8.54626750946045,46000,0.0,0.0
2012-09-12 00:00:00+08:00,8.584250450134277,8.622234003459743,8.280382748006573,8.584250450134277,126000,0.0,0.0
2012-09-13 00:00:00+08:00,8.584250450134277,8.660216832309187,8.546266896808811,8.584250450134277,138000,0.0,0.0
2012-09-14 00:00:00+08:00,8.584249840181556,8.698199767585235,8.584249840181556,8.622233390808105,47000,0.0,0.0
2012-09-17 00:00:00+08:00,8.584248799809908,8.584248799809908,8.432315340193318,8.508281707763672,105000,0.0,0.0
2012-09-18 00:00:00+08:00,8.47029972076416,8.47029972076416,8.35634978619733,8.47029972076416,145000,0.0,0.0
2012-09-19 00:00:00+08:00,8.356350620154625,8.432317733764648,8.356350620154625,8.432317733764648,69000,0.0,0.0
2012-09-20 00:00:00+08:00,8.356350898742676,8.432318014885327,8.24240094900481,8.356350898742676,92000,0.0,0.0
2012-09-21 00:00:00+08:00,8.31836734067135,8.356350898742676,8.280383782600024,8.356350898742676,50000,0.0,0.0
2012-09-24 00:00:00+08:00,8.318365783817434,8.394332885742188,8.318365783817434,8.394332885742188,25000,0.0,0.0
2012-09-25 00:00:00+08:00,8.69820147243238,8.69820147243238,8.24240094900481,8.356350898742676,229000,0.0,0.0
2012-09-26 00:00:00+08:00,8.356350898742676,8.356350898742676,8.356350898742676,8.356350898742676,3000,0.0,0.0
2012-09-27 00:00:00+08:00,8.318365706983606,8.356349257595141,8.166432229013433,8.28038215637207,195000,0.0,0.0
2012-09-28 00:00:00+08:00,8.356349762168641,8.356349762168641,8.166432722119355,8.204416275024414,37000,0.0,0.0
2012-10-01 00:00:00+08:00,8.204415665614535,8.242399215698242,8.12844856544712,8.242399215698242,26000,0.0,0.0
2012-10-02 00:00:00+08:00,8.204415779624968,8.28038215637207,8.128448678401899,8.28038215637207,14000,0.0,0.0
2012-10-03 00:00:00+08:00,8.20441517804255,8.318365097045898,8.20441517804255,8.318365097045898,11000,0.0,0.0
2012-10-04 00:00:00+08:00,8.12844856544712,8.242399215698242,8.12844856544712,8.242399215698242,69000,0.0,0.0
2012-10-05 00:00:00+08:00,8.204416275024414,8.242399827929475,8.128449169214294,8.204416275024414,22000,0.0,0.0
2012-10-08 00:00:00+08:00,8.128448021917924,8.166431569461766,8.01449810376231,8.052481651306152,40000,0.0,0.0
2012-10-09 00:00:00+08:00,8.128449098227643,8.166432650800989,8.014499164983613,8.090465545654297,36000,0.0,0.0
2012-10-11 00:00:00+08:00,8.014498365066434,8.05248191384869,7.900547718719671,7.97651481628418,67000,0.0,0.0
2012-10-12 00:00:00+08:00,7.862564894413351,7.97651481628418,7.824581345631097,7.97651481628418,20000,0.0,0.0
2012-10-15 00:00:00+08:00,7.900548458099365,7.900548458099365,7.8625656302383895,7.900548458099365,25000,0.0,0.0
2012-10-16 00:00:00+08:00,7.900548458099365,7.900548458099365,7.786598525564433,7.900548458099365,33000,0.0,0.0
2012-10-17 00:00:00+08:00,7.938532010436344,7.938532010436344,7.900548458099365,7.900548458099365,34000,0.0,0.0
2012-10-18 00:00:00+08:00,7.9005488238822155,7.9005488238822155,7.786598886071583,7.862565994262695,26000,0.0,0.0
2012-10-19 00:00:00+08:00,7.862565926192722,7.862565926192722,7.672648881835179,7.748615264892578,113000,0.0,0.0
2012-10-22 00:00:00+08:00,7.786598818659293,7.786598818659293,7.748615264892578,7.748615264892578,53000,0.0,0.0
2012-10-23 00:00:00+08:00,7.748615264892578,7.748615264892578,7.710631711125863,7.748615264892578,25000,0.0,0.0
2012-10-24 00:00:00+08:00,7.672648068443222,7.786597993187289,7.596680968963208,7.710630893707275,234000,0.0,0.0
2012-10-25 00:00:00+08:00,7.672648068443222,7.710630893707275,7.634664518703215,7.710630893707275,50000,0.0,0.0
2012-10-26 00:00:00+08:00,7.672648353960885,7.672648353960885,7.45234462664196,7.558697700500488,41000,0.0,0.0
2012-10-29 00:00:00+08:00,7.40676410807222,7.581487426462895,7.376377412505322,7.551100730895996,28000,0.0,0.0
2012-10-30 00:00:00+08:00,7.55110145832082,7.55110145832082,7.414361677335124,7.52071475982666,53000,0.0,0.0
2012-10-31 00:00:00+08:00,7.4371504626656835,7.505520705675605,7.406763768491933,7.497923851013184,14000,0.0,0.0
2012-11-01 00:00:00+08:00,7.596681155230424,7.596681155230424,7.323200894453479,7.49032735824585,69000,0.0,0.0
2012-11-02 00:00:00+08:00,7.368780912799972,7.513118267059326,7.368780912799972,7.513118267059326,8000,0.0,0.0
2012-11-05 00:00:00+08:00,7.520714188593102,7.520714188593102,7.292814329434995,7.437150955200195,29000,0.0,0.0
2012-11-06 00:00:00+08:00,7.3307975149412625,7.429554463496532,7.3307975149412625,7.414361476898193,16000,0.0,0.0
2012-11-07 00:00:00+08:00,7.414362873268771,7.475136280059814,7.414362873268771,7.4751362800598145,97000,0.0,0.0
2012-11-08 00:00:00+08:00,7.475136280059814,7.475136280059814,7.475136280059814,7.4751362800598145,3000,0.0,0.0
2012-11-09 00:00:00+08:00,7.444748488427374,7.528311729431152,7.444748488427374,7.528311729431152,10000,0.0,0.0
2012-11-12 00:00:00+08:00,7.535908087407772,7.573891639709473,7.467537838159911,7.573891639709473,22000,0.0,0.0
2012-11-13 00:00:00+08:00,7.482731570027252,7.520714397960342,7.308007518735824,7.513118267059326,21000,0.0,0.0
2012-11-14 00:00:00+08:00,7.543504238128662,7.543504238128662,7.543504238128662,7.543504238128662,5000,0.0,0.0
2012-11-15 00:00:00+08:00,7.330797137302903,7.482731342315674,7.330797137302903,7.482731342315674,19000,0.0,0.0
2012-11-16 00:00:00+08:00,7.482731342315674,7.482731342315674,7.482731342315674,7.482731342315674,3000,0.0,0.0
2012-11-19 00:00:00+08:00,7.345991635654014,7.345991635654014,7.300411224365234,7.300411224365234,17000,0.0,0.0
2012-11-20 00:00:00+08:00,7.300410817268566,7.414361476898193,7.2700241195958695,7.414361476898193,18000,0.0,0.0
2012-11-21 00:00:00+08:00,7.300410479643578,7.376377582550049,7.232040956398937,7.376377582550049,15000,0.0,0.0
2012-11-22 00:00:00+08:00,7.292813893989626,7.330796718597412,7.224443650534108,7.330796718597412,74000,0.0,0.0
2012-11-23 00:00:00+08:00,7.520715583563584,7.520715583563584,7.216848565339728,7.308008670806885,141000,0.0,0.0
2012-11-26 00:00:00+08:00,7.308008670806885,7.308008670806885,7.308008670806885,7.308008670806885,4000,0.0,0.0
2012-11-27 00:00:00+08:00,7.262428983436755,7.292815685272218,7.232042281601292,7.292815685272217,14000,0.0,0.0
2012-11-28 00:00:00+08:00,7.232040405273438,7.292813793176918,7.148476453549205,7.2320404052734375,41000,0.0,0.0
2012-11-29 00:00:00+08:00,7.285216691752653,7.285216691752653,7.171266049937237,7.262426853179932,61000,0.0,0.0
2012-11-30 00:00:00+08:00,7.194057690903084,7.28521778332879,7.194057690903084,7.23963737487793,70000,0.0,0.0
2012-12-03 00:00:00+08:00,7.239636290131305,7.262426853179932,7.194056612985863,7.262426853179932,118000,0.0,0.0
2012-12-04 00:00:00+08:00,7.194057690903084,7.254831085853554,7.148477282452223,7.23963737487793,70000,0.0,0.0
2012-12-05 00:00:00+08:00,7.216847419738769,7.254830972106279,7.201653709001364,7.2168474197387695,86000,0.0,0.0
2012-12-06 00:00:00+08:00,7.232042281601292,7.353589088943142,7.232042281601292,7.292815685272217,86000,0.0,0.0
2012-12-07 00:00:00+08:00,7.330798516054644,7.330798516054644,7.29281568213375,7.308008670806885,175000,0.0,0.0
2012-12-10 00:00:00+08:00,7.330797195836901,7.330797195836901,7.308007354693409,7.315604209899902,70000,0.0,0.0
2012-12-11 00:00:00+08:00,7.292815685272218,7.315605530529784,7.292815685272218,7.292815685272217,48000,0.0,0.0
2012-12-12 00:00:00+08:00,7.17886478704648,7.285218602405159,7.17886478704648,7.277621746063232,55000,0.0,0.0
2012-12-13 00:00:00+08:00,7.277620200676016,7.277620200676016,7.2168468117978986,7.270023345947266,90000,0.0,0.0
2012-12-14 00:00:00+08:00,7.262428393513321,7.308008080326041,7.262428393513321,7.300411224365234,37000,0.0,0.0
2012-12-17 00:00:00+08:00,7.254832126858859,7.292815685272218,7.232042281601292,7.292815685272217,37000,0.0,0.0
2012-12-18 00:00:00+08:00,7.239637689668598,7.338394641876222,7.239637689668598,7.338394641876221,92000,0.0,0.0
2012-12-19 00:00:00+08:00,7.338395229050671,7.361185073852539,7.300411671396823,7.361185073852539,61000,0.0,0.0
2012-12-20 00:00:00+08:00,7.308007918444183,7.399168014526367,7.292814931335174,7.399168014526367,129000,0.0,0.0
2012-12-21 00:00:00+08:00,7.444747830270675,7.444747830270675,7.3232010452011105,7.376377582550049,93000,0.0,0.0
2012-12-24 00:00:00+08:00,7.36878156871561,7.4295549681893664,7.270024613451739,7.353588581085205,106000,0.0,0.0
2012-12-25 00:00:00+08:00,7.3232021596386945,7.3232021596386945,7.247235045171624,7.277621746063232,68000,0.0,0.0
2012-12-26 00:00:00+08:00,7.292815458747086,7.330798291504524,7.247235045171624,7.277621746063232,103000,0.0,0.0
2012-12-27 00:00:00+08:00,7.315604209899902,7.345990906249888,7.2624276724064245,7.315604209899902,87000,0.0,0.0
2012-12-28 00:00:00+08:00,7.368781480993177,7.368781480993177,7.232041696043092,7.285218238830566,133000,0.0,0.0
2013-01-02 00:00:00+08:00,7.232042278488979,7.308008670806885,7.232042278488979,7.308008670806885,94000,0.0,0.0
2013-01-03 00:00:00+08:00,7.3307985192094565,7.3307985192094565,7.254832126858859,7.292815685272217,92000,0.0,0.0
2013-01-04 00:00:00+08:00,7.323201383880103,7.414361476898193,7.300410817268566,7.414361476898193,48000,0.0,0.0
2013-01-07 00:00:00+08:00,7.4143604796603535,7.672647737376428,7.368780077043902,7.596680641174316,289000,0.0,0.0
2013-01-08 00:00:00+08:00,7.7486154284257855,7.7486154284257855,7.520714825491724,7.634665489196777,139000,0.0,0.0
2013-01-09 00:00:00+08:00,7.589085102081299,7.5966819579134635,7.5435054160404045,7.589085102081299,28000,0.0,0.0
2013-01-10 00:00:00+08:00,7.5966819579134635,7.710631897491747,7.5435054160404045,7.589085102081299,122000,0.0,0.0
2013-01-11 00:00:00+08:00,7.589085102081299,7.589085102081299,7.551101547396522,7.589085102081299,24000,0.0,0.0
2013-01-14 00:00:00+08:00,7.551100730895997,7.558697585906714,7.490327339762199,7.551100730895996,91000,0.0,0.0
2013-01-15 00:00:00+08:00,7.59668184391313,7.6726489521426755,7.551101434080195,7.581488132476807,73000,0.0,0.0
2013-01-16 00:00:00+08:00,7.5966814813000925,7.5966814813000925,7.5586979289983915,7.573891639709473,44000,0.0,0.0
2013-01-17 00:00:00+08:00,7.558697835332661,7.558697835332661,7.4599408903624145,7.505521297454834,34000,0.0,0.0
2013-01-18 00:00:00+08:00,7.497924535106071,7.573891639709473,7.452344851924832,7.573891639709473,86000,0.0,0.0
2013-01-21 00:00:00+08:00,7.581487906194985,7.581487906194985,7.535908222198485,7.535908222198486,58000,0.0,0.0
2013-01-22 00:00:00+08:00,7.535907973617651,7.566294670104981,7.535907973617651,7.5662946701049805,68000,0.0,0.0
2013-01-23 00:00:00+08:00,7.520714149347023,7.566294555626377,7.520714149347023,7.558697700500488,23000,0.0,0.0
2013-01-24 00:00:00+08:00,7.558697814864151,7.566294670104981,7.520714263135991,7.5662946701049805,10000,0.0,0.0
2013-01-25 00:00:00+08:00,7.497924556305287,7.520714397960342,7.482731570027252,7.513118267059326,45000,0.0,0.0
2013-01-28 00:00:00+08:00,7.5283103994876,7.672647737376428,7.5283103994876,7.596680641174316,176000,0.0,0.0
2013-01-29 00:00:00+08:00,7.505521277130322,7.58148765611065,7.505521277130322,7.5662946701049805,211000,0.0,0.0
2013-01-30 00:00:00+08:00,7.558697700500488,7.589084396528065,7.467537612417758,7.558697700500488,137000,0.0,0.0
2013-01-31 00:00:00+08:00,7.520713674190895,7.543504238128662,7.482730849913151,7.543504238128662,127000,0.0,0.0
2013-02-01 00:00:00+08:00,7.543505327054309,7.543505327054309,7.490328061332502,7.52071475982666,77000,0.0,0.0
2013-02-04 00:00:00+08:00,7.520714900782572,7.520714900782572,7.452345371246338,7.452345371246338,114000,0.0,0.0
2013-02-05 00:00:00+08:00,7.3915712219012875,7.528311729431152,7.3915712219012875,7.528311729431152,15000,0.0,0.0
2013-02-06 00:00:00+08:00,7.444748375829283,7.520714759826661,7.4295546643441845,7.52071475982666,28000,0.0,0.0
2013-02-18 00:00:00+08:00,7.558698314063369,7.566295169805918,7.505521772817601,7.52071475982666,297000,0.0,0.0
2013-02-19 00:00:00+08:00,7.520714759826661,7.55110145832082,7.497924917075052,7.52071475982666,50000,0.0,0.0
2013-02-20 00:00:00+08:00,7.497923851013183,7.497923851013183,7.452344171990526,7.497923851013184,44000,0.0,0.0
2013-02-21 00:00:00+08:00,7.497923851013183,7.520713690524512,7.459940302177012,7.497923851013184,112000,0.0,0.0
2013-02-22 00:00:00+08:00,7.490327700928267,7.528311253337361,7.482731570027252,7.513118267059326,70000,0.0,0.0
2013-02-25 00:00:00+08:00,7.634665062171362,8.12844907051325,7.634665062171362,7.824582099914551,912000,0.0,0.0
2013-02-26 00:00:00+08:00,7.7865977968488425,8.128448286937264,7.672647874978014,7.97651481628418,362000,0.0,0.0
2013-02-27 00:00:00+08:00,8.090464534563289,8.318365097045898,7.976514615559941,8.318365097045898,407000,0.0,0.0
2013-03-01 00:00:00+08:00,8.356349762168641,8.546266802217929,8.204416275024414,8.204416275024414,272000,0.0,0.0
2013-03-04 00:00:00+08:00,8.128449440002441,8.128449440002441,7.9765159477967575,8.128449440002441,95000,0.0,0.0
2013-03-05 00:00:00+08:00,8.128449440002441,8.128449440002441,8.052483056137618,8.128449440002441,54000,0.0,0.0
2013-03-06 00:00:00+08:00,8.052483056137618,8.16643299417287,7.900548839455897,8.128449440002441,77000,0.0,0.0
2013-03-07 00:00:00+08:00,8.128449098227643,8.128449098227643,7.976515612410267,8.090465545654297,89000,0.0,0.0
2013-03-08 00:00:00+08:00,8.014498365066434,8.014498365066434,7.862564894413351,7.97651481628418,226000,0.0,0.0
2013-03-11 00:00:00+08:00,7.862564894413351,7.97651481628418,7.862564894413351,7.97651481628418,153000,0.0,0.0
2013-03-12 00:00:00+08:00,8.052482667447277,8.052482667447277,7.824582077901411,7.900548458099365,177000,0.0,0.0
2013-03-13 00:00:00+08:00,7.86256565235839,7.900548480326223,7.824582099914551,7.824582099914551,108000,0.0,0.0
2013-03-14 00:00:00+08:00,7.8625656302383895,7.938532010436344,7.8625656302383895,7.900548458099365,124000,0.0,0.0
2013-03-15 00:00:00+08:00,7.862565994262695,7.862565994262695,7.748615331976026,7.862565994262695,116070,0.0,0.0
2013-03-18 00:00:00+08:00,7.748615335896186,7.748615335896186,7.581488132476807,7.581488132476807,261410,0.0,0.0
2013-03-19 00:00:00+08:00,7.596680710955363,7.8245812771792105,7.596680710955363,7.786597728729248,58330,0.0,0.0
2013-03-20 00:00:00+08:00,7.634665352817917,7.672648906707764,7.589084943254894,7.672648906707764,64000,0.0,0.0
2013-03-21 00:00:00+08:00,7.672649043765129,7.672649043765129,7.5966819346284264,7.634665489196777,38000,0.0,0.0
2013-03-22 00:00:00+08:00,7.596680641174316,7.7486141091026175,7.581486932143525,7.596680641174316,80000,0.0,0.0
2013-03-25 00:00:00+08:00,7.7486141091026175,7.7486141091026175,7.596680641174316,7.596680641174316,37000,0.0,0.0
2013-03-26 00:00:00+08:00,7.710631873857435,7.710631873857435,7.581488223010668,7.634665489196777,42250,0.0,0.0
2013-03-27 00:00:00+08:00,7.672648906707764,7.748615290011425,7.59668179892807,7.672648906707764,66000,0.0,0.0
2013-03-28 00:00:00+08:00,7.672648068443222,7.748614443447282,7.566294274066394,7.710630893707275,52000,0.0,0.0
2013-03-29 00:00:00+08:00,7.672648068443222,7.748614443447282,7.634664518703215,7.710630893707275,65000,0.0,0.0
2013-04-01 00:00:00+08:00,7.710630893707275,7.748614443447282,7.672648068443222,7.710630893707275,60300,0.0,0.0
2013-04-02 00:00:00+08:00,7.748615089115719,8.242399827929475,7.748615089115719,8.204416275024414,1084160,0.0,0.0
2013-04-03 00:00:00+08:00,7.976516109366826,8.128449604650031,7.938532554427011,8.01449966430664,286000,0.0,0.0
2013-04-08 00:00:00+08:00,7.90054878109478,7.90054878109478,7.581488087581718,7.672648906707764,157100,0.0,0.0
2013-04-09 00:00:00+08:00,7.634665489196777,7.634665489196777,7.589085078819547,7.634665489196777,154000,0.0,0.0
2013-04-10 00:00:00+08:00,7.59668179892807,7.786598843901272,7.59668179892807,7.672648906707764,53299,0.0,0.0
2013-04-11 00:00:00+08:00,7.748615290011425,7.748615290011425,7.634665352817917,7.672648906707764,58000,0.0,0.0
2013-04-12 00:00:00+08:00,7.748614443447282,7.862565092667302,7.634664518703215,7.710630893707275,81001,0.0,0.0
2013-04-15 00:00:00+08:00,7.634664189275372,7.672647737376428,7.596680641174316,7.596680641174316,77000,0.0,0.0
2013-04-16 00:00:00+08:00,7.596680641174316,7.596680641174316,7.55869709307326,7.596680641174316,22459,0.0,0.0
2013-04-17 00:00:00+08:00,7.5966819346284264,7.634665489196777,7.581488223010668,7.634665489196777,84000,0.0,0.0
2013-04-18 00:00:00+08:00,7.596680641174316,7.596680641174316,7.581486932143525,7.596680641174316,62110,0.0,0.0
2013-04-19 00:00:00+08:00,7.634665352817917,7.824582397791119,7.634665352817917,7.672648906707764,67010,0.0,0.0
2013-04-22 00:00:00+08:00,7.672648906707764,7.710631736121578,7.634665352817917,7.672648906707764,55000,0.0,0.0
2013-04-23 00:00:00+08:00,7.672648906707764,7.710631736121578,7.634665352817917,7.672648906707764,35000,0.0,0.0
2013-04-24 00:00:00+08:00,7.748615331976026,7.9005488238822155,7.634665394165393,7.862565994262695,274000,0.0,0.0
2013-04-25 00:00:00+08:00,7.976515932073329,7.976515932073329,7.824582440167139,7.862565994262695,63000,0.0,0.0
2013-04-26 00:00:00+08:00,7.862564825629173,7.93853119805317,7.710630631829322,7.786597728729248,88043,0.0,0.0
2013-04-29 00:00:00+08:00,7.786598547470712,7.824582099914551,7.710631442583035,7.824582099914551,86000,0.0,0.0
2013-04-30 00:00:00+08:00,7.900548755483407,7.938532309250122,7.748615264892578,7.748615264892578,184110,0.0,0.0
2013-05-02 00:00:00+08:00,7.824581542927295,7.824581542927295,7.596680968963208,7.710630893707275,115000,0.0,0.0
2013-05-03 00:00:00+08:00,7.672648068443222,7.710630893707275,7.596680968963208,7.710630893707275,145000,0.0,0.0
2013-05-06 00:00:00+08:00,7.710631873857435,7.824582537562488,7.634665489196777,7.634665489196777,41011,0.0,0.0
2013-05-07 00:00:00+08:00,7.672647874978014,8.166431835719518,7.672647874978014,7.97651481628418,874220,0.0,0.0
2013-05-08 00:00:00+08:00,8.090466329828303,8.12844988608323,7.824582884995961,7.938532829284668,315220,0.0,0.0
2013-05-09 00:00:00+08:00,8.0144991151103,8.0144991151103,7.824582077901411,7.900548458099365,61000,0.0,0.0
2013-05-10 00:00:00+08:00,7.938532309250122,7.938532309250122,7.748615264892578,7.748615264892578,227220,0.0,0.0
2013-05-13 00:00:00+08:00,7.786598547470712,7.900548480326223,7.710631442583035,7.824582099914551,80440,0.0,0.0
2013-05-14 00:00:00+08:00,7.8245812771792105,7.862564825629173,7.748614180279285,7.786597728729248,68000,0.0,0.0
2013-05-15 00:00:00+08:00,7.786598547470712,7.86256565235839,7.748614995026874,7.824582099914551,91000,0.0,0.0
2013-05-16 00:00:00+08:00,7.824582077901411,8.0144991151103,7.824582077901411,7.900548458099365,149000,0.0,0.0
2013-05-17 00:00:00+08:00,7.9005474611307855,8.128448021917924,7.862564638062855,8.052481651306152,198158,0.0,0.0
2013-05-20 00:00:00+08:00,7.938531723145625,8.546266365115716,7.900548172183249,8.394332885742188,345100,0.0,0.0
2013-05-21 00:00:00+08:00,8.35634864487232,8.62223275518135,8.20441517804255,8.318365097045898,447048,0.0,0.0
2013-05-22 00:00:00+08:00,8.35634978619733,8.584250379807004,8.280382680168765,8.47029972076416,597677,0.0,0.0
2013-05-23 00:00:00+08:00,8.508283273778442,8.736183867388117,8.394333339211611,8.47029972076416,446737,0.0,0.0
2013-05-24 00:00:00+08:00,8.432316358818213,8.470299184953777,8.28038215637207,8.28038215637207,165000,0.0,0.0
2013-05-27 00:00:00+08:00,8.546265659528508,8.546265659528508,8.318365097045898,8.318365097045898,131000,0.0,0.0
2013-05-28 00:00:00+08:00,8.39433332185884,8.888117336595707,8.356349768923078,8.812150955200195,1389040,0.0,0.0
2013-05-29 00:00:00+08:00,8.736183849328672,9.116017929734266,8.660216743457147,8.812150955200195,922040,0.0,0.0
2013-05-30 00:00:00+08:00,8.660216743457147,9.04005082386274,8.660216743457147,8.812150955200195,455040,0.0,0.0
2013-05-31 00:00:00+08:00,8.812151570112624,8.888117956809072,8.774168014526367,8.774168014526367,202420,0.0,0.0
2013-06-03 00:00:00+08:00,8.812150955200195,8.888117336595707,8.660216743457147,8.812150955200195,210110,0.0,0.0
2013-06-04 00:00:00+08:00,8.850133091928791,8.850133091928791,8.736183166503906,8.736183166503906,114000,0.0,0.0
2013-06-05 00:00:00+08:00,8.736183166503906,8.812150266437802,8.660216066570012,8.736183166503906,158100,0.0,0.0
2013-06-06 00:00:00+08:00,8.584250450134277,8.698200385634653,8.546266896808811,8.584250450134277,436000,0.0,0.0
2013-06-07 00:00:00+08:00,8.736183867388117,8.736183867388117,8.432316892225893,8.47029972076416,184000,0.0,0.0
2013-06-10 00:00:00+08:00,8.508284122898583,8.508284122898583,8.432317733764648,8.432317733764648,81000,0.0,0.0
2013-06-11 00:00:00+08:00,8.432318014885327,8.470300848480539,8.356350898742676,8.356350898742676,75000,0.0,0.0
2013-06-13 00:00:00+08:00,8.280383277132493,8.280383277132493,8.128449778597929,8.166433334350586,108000,0.0,0.0
2013-06-14 00:00:00+08:00,8.280382584045018,8.280382584045018,8.014499164983613,8.090465545654297,28160,0.0,0.0
2013-06-17 00:00:00+08:00,8.166433334350586,8.166433334350586,8.05248339156868,8.166433334350586,73110,0.0,0.0
2013-06-18 00:00:00+08:00,8.052483056137618,8.16643299417287,7.9765159477967575,8.128449440002441,250000,0.0,0.0
2013-06-19 00:00:00+08:00,8.052482717556959,8.128449098227643,8.014499164983613,8.090465545654297,94001,0.0,0.0
2013-06-20 00:00:00+08:00,8.05248339156868,8.166433334350586,8.014499835816022,8.166433334350586,46000,0.0,0.0
2013-06-21 00:00:00+08:00,8.090464474374082,8.090464474374082,7.862564638062855,8.052481651306152,64000,0.0,0.0
2013-06-24 00:00:00+08:00,8.05248191384869,8.05248191384869,7.900547718719671,7.97651481628418,74000,0.0,0.0
2013-06-25 00:00:00+08:00,7.900547649603206,7.93853119805317,7.786597728729248,7.786597728729248,94020,0.0,0.0
2013-06-26 00:00:00+08:00,7.824582884995961,7.938532829284668,7.824582884995961,7.938532829284668,45000,0.0,0.0
2013-06-27 00:00:00+08:00,7.976515562773321,7.976515562773321,7.8625656302383895,7.900548458099365,26000,0.0,0.0
2013-06-28 00:00:00+08:00,7.938532010436344,7.976515562773321,7.900548458099365,7.900548458099365,46160,0.0,0.0
2013-07-01 00:00:00+08:00,7.824582884995961,7.976516385539596,7.824582884995961,7.938532829284668,49035,0.0,0.0
2013-07-02 00:00:00+08:00,7.938532554427011,8.052483219246454,7.938532554427011,8.01449966430664,38000,0.0,0.0
2013-07-03 00:00:00+08:00,8.014498365066434,8.090464738155008,7.900547718719671,7.97651481628418,42000,0.0,0.0
2013-07-04 00:00:00+08:00,8.05248191384869,8.05248191384869,7.97651481628418,7.97651481628418,16000,0.0,0.0
2013-07-05 00:00:00+08:00,8.014498639671958,8.356349141473405,8.014498639671958,8.242399215698242,150116,0.0,0.0
2013-07-08 00:00:00+08:00,8.280382932208123,8.318366486378554,8.128449440002441,8.128449440002441,34000,0.0,0.0
2013-07-09 00:00:00+08:00,8.204414788530494,8.546265253786789,8.204414788530494,8.508281707763672,252134,0.0,0.0
2013-07-10 00:00:00+08:00,8.546265659528508,8.546265659528508,8.280381549219477,8.318365097045898,156220,0.0,0.0
2013-07-11 00:00:00+08:00,8.242399215698242,8.242399215698242,8.166432115530828,8.242399215698242,21000,0.0,0.0
2013-07-12 00:00:00+08:00,8.356349257595141,8.356349257595141,8.242399330236504,8.28038215637207,109000,0.0,0.0
2013-07-15 00:00:00+08:00,8.242400674215679,8.622234793313616,8.242400674215679,8.432317733764648,114020,0.0,0.0
2013-07-16 00:00:00+08:00,8.58424920735493,8.58424920735493,8.318365097045898,8.318365097045898,78000,0.0,0.0
2013-07-17 00:00:00+08:00,8.28038265635852,8.432316867978761,8.166432722119355,8.204416275024414,105000,0.0,0.0
2013-07-18 00:00:00+08:00,8.16643299417287,8.356350040548985,8.128449440002441,8.128449440002441,34134,0.0,0.0
2013-07-19 00:00:00+08:00,8.128449440002441,8.280382932208123,8.128449440002441,8.128449440002441,21000,0.0,0.0
2013-07-22 00:00:00+08:00,8.090465545654297,8.090465545654297,8.090465545654297,8.090465545654297,2000,0.0,0.0
2013-07-23 00:00:00+08:00,8.128449440002441,8.24240010251373,8.128449440002441,8.128449440002441,44000,0.0,0.0
2013-07-24 00:00:00+08:00,8.128449440002441,8.128449440002441,8.09046588583201,8.128449440002441,35110,0.0,0.0
2013-07-25 00:00:00+08:00,8.204416548343302,8.280382932208123,8.052483056137618,8.128449440002441,46000,0.0,0.0
2013-07-26 00:00:00+08:00,8.090465545654297,8.090465545654297,8.090465545654297,8.090465545654297,1000,0.0,0.0
2013-07-29 00:00:00+08:00,8.090464474374082,8.128448021917924,8.01449810376231,8.052481651306152,52660,0.0,0.0
2013-07-30 00:00:00+08:00,8.052482787880187,8.204416275024414,8.014499234975126,8.204416275024414,103650,0.0,0.0
2013-07-31 00:00:00+08:00,8.204416548343302,8.204416548343302,8.014499501967189,8.128449440002441,58000,0.0,0.0
2013-08-01 00:00:00+08:00,8.090464474374082,8.204415117005608,8.052481651306152,8.052481651306152,99000,0.0,0.0
2013-08-02 00:00:00+08:00,8.052481651306152,8.128448021917924,8.052481651306152,8.052481651306152,52000,0.0,0.0
2013-08-05 00:00:00+08:00,8.01449966430664,8.052483219246454,7.976516109366826,8.01449966430664,77110,0.0,0.0
2013-08-06 00:00:00+08:00,8.014498365066434,8.014498365066434,7.97651481628418,7.97651481628418,87000,0.0,0.0
2013-08-07 00:00:00+08:00,7.976516385539596,7.976516385539596,7.938532829284668,7.938532829284668,30660,0.0,0.0
2013-08-08 00:00:00+08:00,7.9385320598369224,8.090465545654297,7.9385320598369224,8.090465545654297,106000,0.0,0.0
2013-08-09 00:00:00+08:00,8.090464474374082,8.128448021917924,7.9385310086746275,8.052481651306152,22000,0.0,0.0
2013-08-12 00:00:00+08:00,8.052483219246454,8.128449604650031,7.976516109366826,8.01449966430664,48000,0.0,0.0
2013-08-13 00:00:00+08:00,7.976516385539596,7.976516385539596,7.862566441250889,7.938532829284668,148110,0.0,0.0
2013-08-14 00:00:00+08:00,7.862564894413351,7.97651481628418,7.862564894413351,7.97651481628418,118650,0.0,0.0
2013-08-15 00:00:00+08:00,7.9005488238822155,7.976515932073329,7.786598886071583,7.862565994262695,70093,0.0,0.0
2013-08-16 00:00:00+08:00,7.8625656302383895,7.900548458099365,7.8625656302383895,7.900548458099365,42213,0.0,0.0
2013-08-19 00:00:00+08:00,7.900547649603206,7.900547649603206,7.748614180279285,7.786597728729248,83100,0.0,0.0
2013-08-20 00:00:00+08:00,7.748615290011425,7.786598843901272,7.59668179892807,7.672648906707764,184735,0.0,0.0
2013-08-22 00:00:00+08:00,7.596680641174316,7.672647737376428,7.55869709307326,7.596680641174316,114000,0.0,0.0
2013-08-23 00:00:00+08:00,7.59668179892807,7.672648906707764,7.5662951007113985,7.672648906707764,62000,0.0,0.0
2013-08-26 00:00:00+08:00,7.786598818659293,7.786598818659293,7.596681774301749,7.748615264892578,13000,0.0,0.0
2013-08-27 00:00:00+08:00,7.7486154284257855,7.7486154284257855,7.634665489196777,7.634665489196777,38000,0.0,0.0
2013-08-28 00:00:00+08:00,7.5966819346284264,7.672649043765129,7.573892091677834,7.634665489196777,65000,0.0,0.0
2013-08-29 00:00:00+08:00,7.59668179892807,7.672648906707764,7.59668179892807,7.672648906707764,63000,0.0,0.0
2013-08-30 00:00:00+08:00,7.672647737376428,7.710630561001562,7.596680641174316,7.596680641174316,77000,0.0,0.0
2013-09-02 00:00:00+08:00,7.634665352817917,7.710631736121578,7.634665352817917,7.672648906707764,35051,0.0,0.0
2013-09-03 00:00:00+08:00,7.672648906707764,7.748615290011425,7.59668179892807,7.672648906707764,173750,0.0,0.0
2013-09-04 00:00:00+08:00,7.748614443447282,7.748614443447282,7.634664518703215,7.710630893707275,68000,0.0,0.0
2013-09-05 00:00:00+08:00,7.634665328068464,7.786598818659293,7.634665328068464,7.748615264892578,83273,0.0,0.0
2013-09-06 00:00:00+08:00,7.786598525564433,7.938532010436344,7.748614973227455,7.900548458099365,165000,0.0,0.0
2013-09-09 00:00:00+08:00,7.938532032770062,8.014499137657738,7.824582099914551,7.824582099914551,86000,0.0,0.0
2013-09-10 00:00:00+08:00,7.824581542927295,7.862565092667302,7.710630893707275,7.710630893707275,27200,0.0,0.0
2013-09-11 00:00:00+08:00,7.748614180279285,7.786597728729248,7.672647807855289,7.786597728729248,44000,0.0,0.0
2013-09-12 00:00:00+08:00,7.86256565235839,7.86256565235839,7.748614995026874,7.824582099914551,49446,0.0,0.0
2013-09-13 00:00:00+08:00,7.862564825629173,7.862564825629173,7.748614180279285,7.786597728729248,16000,0.0,0.0
2013-09-16 00:00:00+08:00,7.748614995026874,7.824582099914551,7.748614995026874,7.824582099914551,26163,0.0,0.0
2013-09-17 00:00:00+08:00,7.86256565235839,7.900548480326223,7.748614995026874,7.824582099914551,56550,0.0,0.0
2013-09-18 00:00:00+08:00,7.824582440167139,7.862565994262695,7.824582440167139,7.862565994262695,36000,0.0,0.0
2013-09-23 00:00:00+08:00,7.900548755483407,7.900548755483407,7.672648881835179,7.748615264892578,141220,0.0,0.0
2013-09-24 00:00:00+08:00,7.862564825629173,7.862564825629173,7.786597728729248,7.786597728729248,32000,0.0,0.0
2013-09-25 00:00:00+08:00,7.786598547470712,7.824582099914551,7.748614995026874,7.824582099914551,31000,0.0,0.0
2013-09-26 00:00:00+08:00,7.786598818659293,7.824582372426008,7.748615264892578,7.748615264892578,148100,0.0,0.0
2013-09-27 00:00:00+08:00,7.748615290011425,7.862565951680965,7.672648906707764,7.672648906707764,194000,0.0,0.0
2013-09-30 00:00:00+08:00,7.672648906707764,7.710631736121578,7.59668179892807,7.672648906707764,147999,0.0,0.0
2013-10-01 00:00:00+08:00,7.672649043765129,7.672649043765129,7.5966819346284264,7.634665489196777,118740,0.0,0.0
2013-10-02 00:00:00+08:00,7.634665328068464,7.786598818659293,7.634665328068464,7.748615264892578,86000,0.0,0.0
2013-10-03 00:00:00+08:00,7.748614973227455,7.938532010436344,7.7106314208904765,7.900548458099365,118000,0.0,0.0
2013-10-04 00:00:00+08:00,7.862564825629173,7.862564825629173,7.786597728729248,7.786597728729248,4000,0.0,0.0
2013-10-07 00:00:00+08:00,7.8245812771792105,7.8245812771792105,7.786597728729248,7.786597728729248,24000,0.0,0.0
2013-10-08 00:00:00+08:00,7.824581345631097,8.05248191384869,7.824581345631097,7.97651481628418,120000,0.0,0.0
2013-10-09 00:00:00+08:00,7.93853119805317,7.93853119805317,7.786597728729248,7.786597728729248,82220,0.0,0.0
2013-10-11 00:00:00+08:00,7.786597728729248,7.900547649603206,7.786597728729248,7.786597728729248,44440,0.0,0.0
2013-10-14 00:00:00+08:00,7.824581542927295,7.900547917931356,7.710630893707275,7.710630893707275,88090,0.0,0.0
2013-10-15 00:00:00+08:00,7.710630631829322,7.786597728729248,7.710630631829322,7.786597728729248,64000,0.0,0.0
2013-10-16 00:00:00+08:00,7.748614995026874,7.824582099914551,7.634665062171362,7.824582099914551,207000,0.0,0.0
2013-10-17 00:00:00+08:00,7.8245812771792105,7.8245812771792105,7.672647807855289,7.786597728729248,106000,0.0,0.0
2013-10-18 00:00:00+08:00,7.748615290011425,7.786598843901272,7.634665352817917,7.672648906707764,279323,0.0,0.0
2013-10-21 00:00:00+08:00,7.672649043765129,7.710631873857435,7.5966819346284264,7.634665489196777,173006,0.0,0.0
2013-10-22 00:00:00+08:00,7.596680968963208,7.710630893707275,7.596680968963208,7.710630893707275,55101,0.0,0.0
2013-10-23 00:00:00+08:00,7.634665352817917,7.672648906707764,7.59668179892807,7.672648906707764,127000,0.0,0.0
2013-10-24 00:00:00+08:00,7.672648881835179,7.748615264892578,7.672648881835179,7.748615264892578,22307,0.0,0.0
2013-10-25 00:00:00+08:00,7.748614443447282,7.748614443447282,7.634664518703215,7.710630893707275,17000,0.0,0.0
2013-10-28 00:00:00+08:00,7.634665489196777,7.672649043765129,7.5966819346284264,7.634665489196777,65006,0.0,0.0
2013-10-29 00:00:00+08:00,7.634665352817917,7.672648906707764,7.634665352817917,7.672648906707764,88000,0.0,0.0
2013-10-30 00:00:00+08:00,7.672648906707764,7.710631736121578,7.59668179892807,7.672648906707764,191000,0.0,0.0
2013-10-31 00:00:00+08:00,7.710631711125863,7.786598818659293,7.710631711125863,7.748615264892578,193660,0.0,0.0
2013-11-01 00:00:00+08:00,7.7486141091026175,7.7486141091026175,7.596680641174316,7.596680641174316,167000,0.0,0.0
2013-11-04 00:00:00+08:00,7.596680641174316,7.672647737376428,7.596680641174316,7.596680641174316,84110,0.0,0.0
2013-11-05 00:00:00+08:00,7.672648068443222,7.748614443447282,7.672648068443222,7.710630893707275,148220,0.0,0.0
2013-11-06 00:00:00+08:00,7.786598982994137,7.786598982994137,7.634665489196777,7.634665489196777,74000,0.0,0.0
2013-11-07 00:00:00+08:00,7.634664189275372,7.634664189275372,7.5283103994876,7.596680641174316,397000,0.0,0.0
2013-11-08 00:00:00+08:00,7.558697700500488,7.566294555626377,7.482731322669537,7.558697700500488,71105,0.0,0.0
2013-11-11 00:00:00+08:00,7.596680771698251,7.596680771698251,7.444747301159473,7.543504238128662,70000,0.0,0.0
2013-11-12 00:00:00+08:00,7.558697222944573,7.558697222944573,7.53590738348274,7.543504238128662,22000,0.0,0.0
2013-11-13 00:00:00+08:00,7.54350530283807,7.581488132476807,7.520714735683584,7.581488132476807,12000,0.0,0.0
2013-11-14 00:00:00+08:00,7.58908451135148,7.58908451135148,7.490327566648661,7.5662946701049805,36001,0.0,0.0
2013-11-15 00:00:00+08:00,7.520714873573705,7.558698428384895,7.505521886334858,7.528311729431152,11820,0.0,0.0
2013-11-18 00:00:00+08:00,7.520714035329098,7.551100730895997,7.520714035329098,7.551100730895996,50000,0.0,0.0
2013-11-19 00:00:00+08:00,7.55110036829865,7.55110036829865,7.452344155805395,7.543504238128662,21550,0.0,0.0
2013-11-20 00:00:00+08:00,7.467537499206018,7.551100730895997,7.467537499206018,7.551100730895996,21000,0.0,0.0
2013-11-21 00:00:00+08:00,7.52071484854391,7.589085102081299,7.490328149691298,7.589085102081299,24000,0.0,0.0
2013-11-22 00:00:00+08:00,7.551101434080195,7.581488132476807,7.520714735683584,7.581488132476807,10000,0.0,0.0
2013-11-25 00:00:00+08:00,7.520714735683584,7.581488132476807,7.520714735683584,7.581488132476807,9000,0.0,0.0
2013-11-26 00:00:00+08:00,7.528311681300603,7.634665489196777,7.520714825491724,7.634665489196777,38110,0.0,0.0
2013-11-27 00:00:00+08:00,7.5966814813000925,7.672648585903494,7.5586979289983915,7.573891639709473,25000,0.0,0.0
2013-11-28 00:00:00+08:00,7.581486932143525,7.672647737376428,7.581486932143525,7.596680641174316,94000,0.0,0.0
2013-11-29 00:00:00+08:00,7.596680641174316,7.634664189275372,7.581486932143525,7.596680641174316,84220,0.0,0.0
2013-12-02 00:00:00+08:00,7.596681868300077,7.596681868300077,7.520714759826661,7.52071475982666,30000,0.0,0.0
2013-12-03 00:00:00+08:00,7.528311253337361,7.58148779202449,7.513118267059326,7.513118267059326,106000,0.0,0.0
2013-12-04 00:00:00+08:00,7.51311862856015,7.520714759826661,7.497924917075052,7.52071475982666,27000,0.0,0.0
2013-12-05 00:00:00+08:00,7.520714735683584,7.589084988194968,7.520714735683584,7.581488132476807,37000,0.0,0.0
2013-12-06 00:00:00+08:00,7.581488132476807,7.59668184391313,7.581488132476807,7.581488132476807,31000,0.0,0.0
2013-12-09 00:00:00+08:00,7.520714735683584,7.59668184391313,7.520714735683584,7.581488132476807,9000,0.0,0.0
2013-12-10 00:00:00+08:00,7.589084988194968,7.710631781781412,7.581488132476807,7.581488132476807,26110,0.0,0.0
2013-12-11 00:00:00+08:00,7.672648068443222,7.710630893707275,7.634664518703215,7.710630893707275,147000,0.0,0.0
2013-12-12 00:00:00+08:00,7.672648906707764,7.672648906707764,7.589084943254894,7.672648906707764,30000,0.0,0.0
2013-12-13 00:00:00+08:00,7.672647807855289,7.862564825629173,7.581487001785007,7.786597728729248,195000,0.0,0.0
2013-12-16 00:00:00+08:00,7.786597993187289,7.786597993187289,7.710630893707275,7.710630893707275,35000,0.0,0.0
2013-12-17 00:00:00+08:00,7.748614443447282,7.824581542927295,7.710630893707275,7.710630893707275,163000,0.0,0.0
2013-12-18 00:00:00+08:00,7.748615331976026,8.052483040264441,7.6726489482609495,7.862565994262695,387958,0.0,0.0
2013-12-19 00:00:00+08:00,7.90054927302974,8.090466329828303,7.862566441250889,7.938532829284668,477042,0.0,0.0
2013-12-20 00:00:00+08:00,7.976516109366826,8.052483219246454,7.976516109366826,8.01449966430664,233130,0.0,0.0
2013-12-23 00:00:00+08:00,8.014499941794524,8.052483498049451,7.938532829284668,7.938532829284668,211100,0.0,0.0
2013-12-24 00:00:00+08:00,7.9005474611307855,8.166431569461766,7.9005474611307855,8.052481651306152,251000,0.0,0.0
2013-12-25 00:00:00+08:00,8.01449810376231,8.090464474374082,8.01449810376231,8.052481651306152,84330,0.0,0.0
2013-12-26 00:00:00+08:00,8.052482717556959,8.280382584045018,8.052482717556959,8.090465545654297,224890,0.0,0.0
2013-12-27 00:00:00+08:00,8.09046588583201,8.128449440002441,8.014499501967189,8.128449440002441,136000,0.0,0.0
2013-12-30 00:00:00+08:00,8.128448021917924,8.166431569461766,8.01449810376231,8.052481651306152,127001,0.0,0.0
2013-12-31 00:00:00+08:00,8.052481651306152,8.052481651306152,7.9765145562184685,8.052481651306152,134001,0.0,0.0
2014-01-02 00:00:00+08:00,8.052482717556959,8.090465545654297,8.014499164983613,8.090465545654297,89000,0.0,0.0
2014-01-03 00:00:00+08:00,8.052481651306152,8.090464474374082,8.01449810376231,8.052481651306152,26000,0.0,0.0
2014-01-06 00:00:00+08:00,8.05248339156868,8.204416890103245,8.05248339156868,8.166433334350586,166110,0.0,0.0
2014-01-07 00:00:00+08:00,8.16643163021613,8.318365097045898,8.16643163021613,8.318365097045898,120370,0.0,0.0
2014-01-08 00:00:00+08:00,8.318365097045898,8.470298563875666,8.242398725868972,8.318365097045898,184634,0.0,0.0
2014-01-09 00:00:00+08:00,8.242399827929475,8.356349762168641,8.204416275024414,8.204416275024414,139050,0.0,0.0
2014-01-10 00:00:00+08:00,8.35635035202967,8.774168014526367,8.35635035202967,8.774168014526367,1056300,0.0,0.0
2014-01-13 00:00:00+08:00,9.381900787353516,9.381900787353516,9.229966596476215,9.381900787353516,2198845,0.0,0.0
2014-01-14 00:00:00+08:00,9.495852708756601,10.027620315551758,9.343919210311709,10.027620315551758,3437310,0.0,0.0
2014-01-15 00:00:00+08:00,10.103587535102532,10.217537479036245,9.723753422688723,9.79971981048584,2454574,0.0,0.0
2014-01-16 00:00:00+08:00,9.875686922759032,10.25552103517284,9.76173697882532,9.79971981048584,1596110,0.0,0.0
2014-01-17 00:00:00+08:00,10.027620767570069,10.103587882454944,9.76173731442521,9.837703704833984,839807,0.0,0.0
2014-01-20 00:00:00+08:00,10.521404266357422,10.521404266357422,10.521404266357422,10.521404266357422,645550,0.0,0.0
2014-01-21 00:00:00+08:00,11.243086814880371,11.243086814880371,11.243086814880371,11.243086814880371,425060,0.0,0.0
2014-01-22 00:00:00+08:00,12.002758026123047,12.002758026123047,12.002758026123047,12.002758026123047,747292,0.0,0.0
2014-01-23 00:00:00+08:00,12.344608580376725,12.45855852363593,11.774857415128569,12.002758026123047,5570457,0.0,0.0
2014-01-24 00:00:00+08:00,12.002757344938965,12.420574987304049,11.66090681008609,11.926790237426758,2542274,0.0,0.0
2014-01-27 00:00:00+08:00,11.698889099479157,11.698889099479157,11.129137992858887,11.129137992858887,2335100,0.0,0.0
2014-02-05 00:00:00+08:00,10.977202718705234,11.319053182019069,10.711319347005977,11.243086814880371,1170770,0.0,0.0
2014-02-06 00:00:00+08:00,11.395023304963132,12.002758026123047,11.395023304963132,12.002758026123047,1272660,0.0,0.0
2014-02-07 00:00:00+08:00,12.268641400000766,12.76242545066633,11.622923851013184,11.622923851013184,2475580,0.0,0.0
2014-02-10 00:00:00+08:00,11.622922440934325,11.69888881864115,11.20510482788086,11.20510482788086,863000,0.0,0.0
2014-02-11 00:00:00+08:00,10.863254357531556,11.015187837987916,10.483420294152662,10.711320877075195,1341150,0.0,0.0
2014-02-12 00:00:00+08:00,10.863254357531556,10.977204286754832,10.711320877075195,10.711320877075195,529050,0.0,0.0
2014-02-13 00:00:00+08:00,10.86325424004973,10.901237790872038,10.255519600320715,10.331486701965332,648150,0.0,0.0
2014-02-14 00:00:00+08:00,10.483420985071875,10.521404538808302,10.217536833392925,10.44543743133545,539110,0.0,0.0
2014-02-17 00:00:00+08:00,10.749305169307418,11.167122840881348,10.559388111726184,11.167122840881348,453300,0.0,0.0
2014-02-18 00:00:00+08:00,11.319056454760078,11.433007125129125,10.93922233581543,10.93922233581543,1076400,0.0,0.0
2014-02-19 00:00:00+08:00,11.053173006184476,11.205106508867118,10.93922233581543,10.93922233581543,442102,0.0,0.0
2014-02-20 00:00:00+08:00,11.05316981031981,11.50897018657963,10.939219172897948,11.243086814880371,881280,0.0,0.0
2014-02-21 00:00:00+08:00,11.433006550843002,11.433006550843002,10.977205341214132,11.091156005859375,375100,0.0,0.0
2014-02-24 00:00:00+08:00,11.091154976888525,11.35703838744159,10.825270841859478,10.977204322814941,413000,0.0,0.0
2014-02-25 00:00:00+08:00,11.091155134019038,11.167121513335008,10.825270995223159,10.86325454711914,428780,0.0,0.0
2014-02-26 00:00:00+08:00,10.901237908764642,10.939220735521745,10.635353774609023,10.711320877075195,464000,0.0,0.0
2014-02-27 00:00:00+08:00,10.825270652770996,11.433005290453334,10.711320725163796,10.825270652770996,1338000,0.0,0.0
2014-03-03 00:00:00+08:00,10.787287801498145,10.787287801498145,10.521404378350116,10.55938720703125,438000,0.0,0.0
2014-03-04 00:00:00+08:00,10.597370408323263,10.86325454711914,10.597370408323263,10.86325454711914,375192,0.0,0.0
2014-03-05 00:00:00+08:00,11.015187681766978,11.09115478315576,10.749303551382216,10.825270652770996,271110,0.0,0.0
2014-03-06 00:00:00+08:00,10.86325543643986,10.93922182197482,10.597371275877368,10.74930477142334,418134,0.0,0.0
2014-03-07 00:00:00+08:00,10.863255426436796,10.901238981407326,10.483421325683594,10.483421325683594,412210,0.0,0.0
2014-03-10 00:00:00+08:00,10.483420296362437,10.559386674368639,10.36946964263916,10.36946964263916,180192,0.0,0.0
2014-03-11 00:00:00+08:00,10.635354796230503,11.091156005859375,10.635354796230503,11.091156005859375,2564026,0.0,0.0
2014-03-12 00:00:00+08:00,11.015189449394795,11.281073622446483,10.749305276343106,10.93922233581543,1264126,0.0,0.0
2014-03-13 00:00:00+08:00,10.93922077145708,11.053171425530664,10.787287290501617,10.977204322814941,464150,0.0,0.0
2014-03-14 00:00:00+08:00,11.015188976586462,11.736873626708984,10.863255480425309,11.736873626708984,1953185,0.0,0.0
2014-03-17 00:00:00+08:00,12.11670790167875,12.268641400000766,11.622923851013184,11.622923851013184,1978652,0.0,0.0
2014-03-18 00:00:00+08:00,11.660905913484196,11.812839392350485,11.395021782111211,11.433005332946777,623000,0.0,0.0
2014-03-19 00:00:00+08:00,11.58494051245528,11.58494051245528,11.129139284469886,11.167122840881348,582000,0.0,0.0
2014-03-20 00:00:00+08:00,11.395022049652177,11.508971980358302,11.167121463763936,11.357038497924805,427000,0.0,0.0
2014-03-21 00:00:00+08:00,11.357037757805301,11.395021307057348,10.977203714236722,11.01518726348877,295100,0.0,0.0
2014-03-24 00:00:00+08:00,10.787287290501617,11.091154976888525,10.597370258188294,10.977204322814941,386000,0.0,0.0
2014-03-25 00:00:00+08:00,10.787286692452433,11.01518726348877,10.749303143200388,11.01518726348877,331000,0.0,0.0
2014-03-26 00:00:00+08:00,11.015189339711577,11.395023454874046,10.863255838541805,11.167122840881348,477001,0.0,0.0
2014-03-27 00:00:00+08:00,11.243087834525104,11.243087834525104,10.901237340208572,11.01518726348877,200000,0.0,0.0
2014-03-28 00:00:00+08:00,11.091154429821605,11.167120804314333,10.787286758422852,10.787286758422852,269037,0.0,0.0
2014-03-31 00:00:00+08:00,10.939220164984675,11.395021307057348,10.939220164984675,11.01518726348877,496312,0.0,0.0
2014-04-01 00:00:00+08:00,11.053171604543598,11.470989227294922,11.01518805257057,11.470989227294922,444000,0.0,0.0
2014-04-02 00:00:00+08:00,11.546954779200284,12.00275592125759,11.470988405174698,11.850822448730469,1446000,0.0,0.0
2014-04-03 00:00:00+08:00,12.002757185904345,12.64847469329834,11.812840144116226,12.64847469329834,2788410,0.0,0.0
2014-04-07 00:00:00+08:00,12.762424677285114,12.914358890876242,12.382590592259342,12.496541976928711,2704909,0.0,0.0
2014-04-08 00:00:00+08:00,12.496542695792403,12.534525526899124,12.154691420023394,12.230658531188965,1010010,0.0,0.0
2014-04-09 00:00:00+08:00,12.420575584626832,12.458558415733552,12.192674251130114,12.230658531188965,479000,0.0,0.0
2014-04-10 00:00:00+08:00,12.534525357759916,12.762425239229252,12.268641196744284,12.344608306884766,794000,0.0,0.0
2014-04-11 00:00:00+08:00,12.344606934171734,12.76242382005523,12.192672730785764,12.534523963928223,1232032,0.0,0.0
2014-04-14 00:00:00+08:00,12.800408840026774,13.408142791020982,12.800408840026774,13.142258644104004,3833400,0.0,0.0
2014-04-15 00:00:00+08:00,12.72444258033699,13.02830957604715,12.230658531188965,12.230658531188965,3141100,0.0,0.0
2014-04-16 00:00:00+08:00,12.306623839006996,12.458556590122589,12.230656738973241,12.26863956451416,728000,0.0,0.0
2014-04-17 00:00:00+08:00,12.26863956451416,12.382589490088835,12.26863956451416,12.26863956451416,385000,0.0,0.0
2014-04-18 00:00:00+08:00,12.344608580376725,12.572508466895131,11.812840971040327,12.002758026123047,984100,0.0,0.0
2014-04-21 00:00:00+08:00,11.812838899479702,12.116705844533943,11.812838899479702,11.850822448730469,476750,0.0,0.0
2014-04-22 00:00:00+08:00,11.888806683670653,12.040740898695068,11.85082385439058,11.926790237426758,240220,0.0,0.0
2014-04-23 00:00:00+08:00,11.92679025542461,12.458557835384429,11.92679025542461,12.192673683166504,489720,0.0,0.0
2014-04-24 00:00:00+08:00,12.268640772279634,12.268640772279634,11.85082385439058,11.926790237426758,275220,0.0,0.0
2014-04-25 00:00:00+08:00,11.926789687022463,11.964773239025682,11.129137992858887,11.129137992858887,773000,0.0,0.0
2014-04-28 00:00:00+08:00,10.673338023311368,11.243089155611163,10.597370915880983,11.05317211151123,407171,0.0,0.0
2014-04-29 00:00:00+08:00,11.243086814880371,11.395020273633644,11.243086814880371,11.243086814880371,210000,0.0,0.0
2014-04-30 00:00:00+08:00,11.395023345947266,11.736873901430469,11.395023345947266,11.395023345947266,271000,0.0,0.0
2014-05-02 00:00:00+08:00,11.395021704731928,11.508971631988858,11.31905460357666,11.31905460357666,112100,0.0,0.0
2014-05-05 00:00:00+08:00,11.395022049652177,11.622922635540418,11.357038497924805,11.357038497924805,249000,0.0,0.0
2014-05-06 00:00:00+08:00,11.546955182566492,11.546955182566492,11.31905460357666,11.31905460357666,236100,0.0,0.0
2014-05-07 00:00:00+08:00,11.31905588619776,11.31905588619776,11.015188896095879,11.091156005859375,370000,0.0,0.0
2014-05-08 00:00:00+08:00,11.091155665226424,11.281072709326356,10.939221450365656,11.05317211151123,507040,0.0,0.0
2014-05-09 00:00:00+08:00,11.243087834525104,11.243087834525104,11.01518726348877,11.01518726348877,118290,0.0,0.0
2014-05-12 00:00:00+08:00,11.01518733085293,11.01518733085293,10.711320383930126,10.787286758422852,186028,0.0,0.0
2014-05-13 00:00:00+08:00,11.015188557796039,11.243089155611163,10.901238621126492,11.05317211151123,488110,0.0,0.0
2014-05-14 00:00:00+08:00,11.319055538565518,11.319055538565518,11.015188557796039,11.05317211151123,125246,0.0,0.0
2014-05-15 00:00:00+08:00,11.053170812740817,11.167120736021012,10.977203714236722,11.01518726348877,167000,0.0,0.0
2014-05-16 00:00:00+08:00,10.939220164984675,11.053170812740817,10.939220164984675,11.01518726348877,435549,0.0,0.0
2014-05-19 00:00:00+08:00,11.09115557403865,11.357038998906933,11.09115557403865,11.281072616577148,292250,0.0,0.0
2014-05-20 00:00:00+08:00,11.357038580402193,11.39502213240541,11.129137992858887,11.129137992858887,136000,0.0,0.0
2014-05-21 00:00:00+08:00,11.167121976553338,11.546956062316895,11.129138423081777,11.546956062316895,688122,0.0,0.0
2014-05-22 00:00:00+08:00,11.584940103384165,12.344608306884766,11.584940103384165,12.344608306884766,2250000,0.0,0.0
2014-05-23 00:00:00+08:00,12.6104907901901,12.686457890223855,12.154689638939486,12.26863956451416,2472473,0.0,0.0
2014-05-26 00:00:00+08:00,12.26863956451416,12.306623839006996,12.154689638939486,12.26863956451416,760143,0.0,0.0
2014-05-27 00:00:00+08:00,12.268639367623495,12.572506313930054,12.078722345062907,12.116705894470215,848000,0.0,0.0
2014-05-28 00:00:00+08:00,12.15469083548735,12.344607879791841,11.888806683670653,11.926790237426758,778000,0.0,0.0
2014-05-29 00:00:00+08:00,11.926790400077222,11.926790400077222,11.736873353182755,11.812840461730957,482091,0.0,0.0
2014-05-30 00:00:00+08:00,11.926790678029441,11.964774233188743,11.736873626708984,11.736873626708984,314000,0.0,0.0
2014-06-03 00:00:00+08:00,11.888805809018942,11.888805809018942,11.622922401239142,11.698888778686523,361000,0.0,0.0
2014-06-04 00:00:00+08:00,11.698888346085516,12.496540713357286,11.660905521004342,12.382589340209961,1320513,0.0,0.0
2014-06-05 00:00:00+08:00,12.230657961455957,12.686459158264961,12.154690853829113,12.192673683166504,1116220,0.0,0.0
2014-06-06 00:00:00+08:00,12.230656889788861,12.458556743748431,12.15468978881836,12.15468978881836,567550,0.0,0.0
2014-06-09 00:00:00+08:00,12.154690487278229,12.230657592614122,11.850823514886677,11.888806343078613,544106,0.0,0.0
2014-06-10 00:00:00+08:00,11.774855613708496,11.964772639736053,11.660905687882346,11.774855613708496,388615,0.0,0.0
2014-06-11 00:00:00+08:00,11.698890071549682,11.888807122870139,11.660907240866436,11.736873626708984,354000,0.0,0.0
2014-06-12 00:00:00+08:00,11.660905687882346,11.8128391638092,11.660905687882346,11.774855613708496,178100,0.0,0.0
2014-06-13 00:00:00+08:00,11.736871800978172,11.850822448730469,11.736871800978172,11.850822448730469,190000,0.0,0.0
2014-06-16 00:00:00+08:00,11.85082298253324,11.888805809018942,11.584938850277464,11.698888778686523,369760,0.0,0.0
2014-06-17 00:00:00+08:00,11.698889304214891,12.078723381942336,11.698889304214891,11.888806343078613,317000,0.0,0.0
2014-06-18 00:00:00+08:00,11.926789472986089,12.382589915416983,11.926789472986089,12.078722953796387,684650,0.0,0.0
2014-06-19 00:00:00+08:00,12.268640772279634,12.268640772279634,11.926790237426758,11.926790237426758,375650,0.0,0.0
2014-06-20 00:00:00+08:00,11.888806343078613,12.0407405537504,11.888806343078613,11.888806343078613,272310,0.0,0.0
2014-06-23 00:00:00+08:00,12.002756502896387,12.002756502896387,11.129137725698056,11.20510482788086,647440,0.0,0.0
2014-06-24 00:00:00+08:00,11.24308984622985,11.433006901995638,11.24308984622985,11.395023345947266,203500,0.0,0.0
2014-06-25 00:00:00+08:00,11.395021704731928,11.395021704731928,11.31905460357666,11.31905460357666,106001,0.0,0.0
2014-06-26 00:00:00+08:00,11.319055465963554,11.584939615788453,11.319055465963554,11.546956062316895,223000,0.0,0.0
2014-06-27 00:00:00+08:00,11.546955606764984,11.546955606764984,11.433005675321894,11.470989227294922,135030,0.0,0.0
2014-06-30 00:00:00+08:00,11.470989679849797,11.736873105198672,11.470989679849797,11.546956062316895,253000,0.0,0.0
2014-07-01 00:00:00+08:00,11.546956062316895,11.622923169260014,11.433006126378237,11.546956062316895,153000,0.0,0.0
2014-07-02 00:00:00+08:00,11.584940401713054,11.622923957761426,11.395023345947266,11.395023345947266,466100,0.0,0.0
2014-07-03 00:00:00+08:00,11.395023241292128,11.736873793635679,11.395023241292128,11.622923851013184,176662,0.0,0.0
2014-07-04 00:00:00+08:00,11.622922554453103,11.774856035826636,11.508971900065964,11.584939002990723,178000,0.0,0.0
2014-07-07 00:00:00+08:00,11.774857457478841,11.774857457478841,11.395023345947266,11.395023345947266,136220,0.0,0.0
2014-07-08 00:00:00+08:00,11.698889657020109,12.192673683166504,11.698889657020109,12.192673683166504,2889416,0.0,0.0
2014-07-09 00:00:00+08:00,12.306624261725808,12.420574191214536,11.888805921664519,12.078722953796387,2041580,0.0,0.0
2014-07-10 00:00:00+08:00,12.230656212399587,12.91435718536377,12.154689115636488,12.91435718536377,3058000,0.0,0.0
2014-07-11 00:00:00+08:00,13.294191631677155,13.484108654986828,12.040739567623689,12.382589340209961,4094500,0.0,0.0
2014-07-14 00:00:00+08:00,12.382589490088835,12.458556590122589,12.07872253890573,12.26863956451416,994000,0.0,0.0
2014-07-15 00:00:00+08:00,12.53452519171471,12.648475130939879,12.344608143355396,12.458558082580566,412720,0.0,0.0
2014-07-16 00:00:00+08:00,12.458556743748431,12.458556743748431,11.850822833888287,12.15468978881836,815280,0.0,0.0
2014-07-17 00:00:00+08:00,12.116705844533943,12.192672218559531,11.850822448730469,11.850822448730469,444000,0.0,0.0
2014-07-18 00:00:00+08:00,11.850822448730469,12.040739470508354,11.58493832845105,11.850822448730469,284440,0.0,0.0
2014-07-21 00:00:00+08:00,11.926790237426758,12.040740898695068,11.77485674687837,11.926790237426758,275000,0.0,0.0
2014-07-22 00:00:00+08:00,11.910651255341968,12.025176454127898,11.83430063739571,11.94882583618164,260120,0.078862,0.0
2014-07-23 00:00:00+08:00,11.94882583618164,11.94882583618164,11.94882583618164,11.94882583618164,0,0.0,0.0
2014-07-24 00:00:00+08:00,11.948825230326511,12.750504493713379,11.910650651422449,12.750504493713379,997000,0.0,0.0
2014-07-25 00:00:00+08:00,12.979556215012575,13.628534317016602,12.826854971152692,13.628534317016602,2116532,0.0,0.0
2014-07-28 00:00:00+08:00,14.544736862182615,14.544736862182615,14.544736862182615,14.544736862182617,1068000,0.0,0.0
2014-07-29 00:00:00+08:00,15.53729069964351,15.53729069964351,13.78123243328896,13.857583045959473,7459000,0.0,0.0
2014-07-30 00:00:00+08:00,13.933935118394995,14.506562589013967,13.628534091984935,13.895760536193848,2471100,0.0,0.0
2014-07-31 00:00:00+08:00,13.743059261564856,14.85013961791992,13.666708641080549,14.850139617919922,2585550,0.0,0.0
2014-08-01 00:00:00+08:00,14.850139976702302,15.804519115146743,14.544737487386485,15.231891632080078,5186000,0.0,0.0
2014-08-04 00:00:00+08:00,15.308239933985353,16.262619018554688,14.964664337300542,16.262619018554688,4747042,0.0,0.0
2014-08-05 00:00:00+08:00,16.415320986793155,16.94977388049786,15.9190441319342,16.0335693359375,4895040,0.0,0.0
2014-08-06 00:00:00+08:00,16.033569821919638,16.18627106939711,14.926489418375523,15.002840042114258,3187362,0.0,0.0
2014-08-07 00:00:00+08:00,15.002839539920188,15.231891403469282,13.9721097946167,13.9721097946167,2061900,0.0,0.0
2014-08-08 00:00:00+08:00,13.74305920558345,14.353861254435932,13.590357965236851,13.781233787536621,1320000,0.0,0.0
2014-08-11 00:00:00+08:00,13.819410907984404,14.31568779357492,13.475833818431777,13.93393611907959,1281717,0.0,0.0
2014-08-12 00:00:00+08:00,13.47583372161856,14.01028664457923,13.284957885742188,13.284957885742188,1085150,0.0,0.0
2014-08-13 00:00:00+08:00,13.284957295947265,13.51400916259023,13.094081468544957,13.170432090759277,540880,0.0,0.0
2014-08-14 00:00:00+08:00,13.246780742350158,13.628532340364474,13.055904943343,13.132255554199219,716000,0.0,0.0
2014-08-15 00:00:00+08:00,13.437657552148153,13.437657552148153,12.216052055358887,12.216052055358887,1610051,0.0,0.0
2014-08-18 00:00:00+08:00,12.406926880425958,12.44510145755133,11.681598993043117,11.757948875427246,884189,0.0,0.0
2014-08-19 00:00:00+08:00,12.025176642680057,12.521453482711879,11.757950203811557,12.139701843261719,799000,0.0,0.0
2014-08-20 00:00:00+08:00,12.177876631312326,12.406927750799936,11.872475624084473,11.872475624084473,478003,0.0,0.0
2014-08-21 00:00:00+08:00,11.87247639461747,11.87247639461747,11.605249949849814,11.681600570678711,349000,0.0,0.0
2014-08-22 00:00:00+08:00,11.757950555100772,12.40692865280878,11.757950555100772,12.025177001953125,546620,0.0,0.0
2014-08-25 00:00:00+08:00,12.139701438759516,12.292402671958257,12.139701438759516,12.216052055358887,335000,0.0,0.0
2014-08-26 00:00:00+08:00,12.292403726146812,12.292403726146812,12.025177273265292,12.063352584838867,314000,0.0,0.0
2014-08-27 00:00:00+08:00,12.292402886963066,12.903204917907713,12.216052269028257,12.903204917907715,1015189,0.0,0.0
2014-08-28 00:00:00+08:00,12.979556690562855,13.170432524247603,12.59780502319336,12.59780502319336,1481629,0.0,0.0
2014-08-29 00:00:00+08:00,12.635978483269339,13.132256771712141,12.59780390243539,12.903204917907715,1502000,0.0,0.0
2014-09-01 00:00:00+08:00,13.170430890291787,13.284956085040951,12.903204465032495,12.941380500793457,862110,0.0,0.0
2014-09-02 00:00:00+08:00,12.903204366810094,12.979554981483957,12.750504593729216,12.82685375213623,335000,0.0,0.0
2014-09-03 00:00:00+08:00,12.788679072617443,12.865029686692408,12.635977844467513,12.750504493713379,311144,0.0,0.0
2014-09-04 00:00:00+08:00,12.750505138305009,12.941380955008574,12.750505138305009,12.903204917907715,196700,0.0,0.0
2014-09-05 00:00:00+08:00,13.017730116676471,13.017730116676471,12.826854299972904,12.903204917907715,186000,0.0,0.0
2014-09-09 00:00:00+08:00,12.82685558838548,13.514009762554071,12.597805167840654,13.284957885742188,1250320,0.0,0.0
2014-09-10 00:00:00+08:00,13.437659091765305,13.514009717112534,13.094082005836306,13.246783256530762,1146160,0.0,0.0
2014-09-11 00:00:00+08:00,13.361307363511408,13.361307363511408,13.094080924987793,13.094080924987793,395100,0.0,0.0
2014-09-12 00:00:00+08:00,13.094081656026123,13.284957486161394,12.826855202583342,12.865031242370605,346154,0.0,0.0
2014-09-15 00:00:00+08:00,12.979554879671435,12.979554879671435,12.635977844467513,12.750504493713379,475000,0.0,0.0
2014-09-16 00:00:00+08:00,12.750504186927746,12.750504186927746,12.445101737976074,12.445101737976074,315000,0.0,0.0
2014-09-17 00:00:00+08:00,12.521452854057776,12.712328664199715,12.445102238747628,12.483278274536133,266110,0.0,0.0
2014-09-18 00:00:00+08:00,12.674155235290527,12.826855023506681,12.559630030061664,12.674155235290527,555000,0.0,0.0
2014-09-19 00:00:00+08:00,12.750504493713379,13.208605265629489,12.750504493713379,12.750504493713379,475000,0.0,0.0
2014-09-22 00:00:00+08:00,12.75050525881523,12.78867984000998,12.406928202994758,12.559629440307617,343000,0.0,0.0
2014-09-23 00:00:00+08:00,12.559629440307617,12.712329221353551,12.44510278418951,12.559629440307617,91000,0.0,0.0
2014-09-24 00:00:00+08:00,12.635979061430753,12.635979061430753,12.521453857421875,12.521453857421875,58000,0.0,0.0
2014-09-25 00:00:00+08:00,12.55962873986265,12.635977897994195,12.216051703203318,12.33057689666748,169601,0.0,0.0
2014-09-26 00:00:00+08:00,12.139701843261719,12.254227043843379,12.063351952251766,12.139701843261719,199000,0.0,0.0
2014-09-29 00:00:00+08:00,12.139701165034234,12.292402394789876,12.139701165034234,12.177876472473145,145000,0.0,0.0
2014-09-30 00:00:00+08:00,12.177877240161237,12.177877240161237,11.834300907818994,11.987001419067383,211000,0.0,0.0
2014-10-01 00:00:00+08:00,11.987000663412019,12.445102168278664,11.987000663412019,12.177876472473145,134100,0.0,0.0
2014-10-02 00:00:00+08:00,12.139701981109592,12.40692842301248,12.139701981109592,12.292403221130371,120000,0.0,0.0
2014-10-03 00:00:00+08:00,12.406928653412997,12.674155100278366,12.406928653412997,12.521453857421875,242000,0.0,0.0
2014-10-06 00:00:00+08:00,12.750504186927746,12.750504186927746,12.3305765477526,12.445101737976074,330000,0.0,0.0
2014-10-07 00:00:00+08:00,12.36875267713047,12.36875267713047,12.101526260375977,12.101526260375977,238000,0.0,0.0
2014-10-08 00:00:00+08:00,12.063353747718187,12.063353747718187,11.37620025755435,11.452550888061523,533601,0.0,0.0
2014-10-09 00:00:00+08:00,11.452549525063885,11.796125865189104,11.414374214353641,11.528900146484375,393000,0.0,0.0
2014-10-13 00:00:00+08:00,11.147148448730883,11.147148448730883,10.727221488952637,10.727221488952637,884050,0.0,0.0
2014-10-14 00:00:00+08:00,10.45999563849944,10.689046786698249,10.040068654823873,10.345470428466797,680009,0.0,0.0
2014-10-15 00:00:00+08:00,10.383646266618255,10.45999616779227,10.116419792175293,10.116419792175293,264059,0.0,0.0
2014-10-16 00:00:00+08:00,10.078244039040287,10.078244039040287,9.429266630695638,9.887368202209473,384038,0.0,0.0
2014-10-17 00:00:00+08:00,10.00189277944792,10.040067359109853,9.429265346917697,9.505615234375,338009,0.0,0.0
2014-10-20 00:00:00+08:00,9.620141224274864,9.849191616363862,9.620141224274864,9.811017036437988,153000,0.0,0.0
2014-10-21 00:00:00+08:00,9.849192747419321,10.001893997192383,9.849192747419321,10.001893997192383,69150,0.0,0.0
2014-10-22 00:00:00+08:00,10.421819170887222,10.421819170887222,10.154593467712402,10.154593467712402,96197,0.0,0.0
2014-10-23 00:00:00+08:00,10.116418931801473,10.116418931801473,9.925543102899557,9.96371841430664,149000,0.0,0.0
2014-10-24 00:00:00+08:00,9.96371795406965,9.96371795406965,9.62014162354314,9.73466682434082,147001,0.0,0.0
2014-10-27 00:00:00+08:00,9.734666859180681,9.772842168961025,9.162039396875937,9.276564598083496,236058,0.0,0.0
2014-10-28 00:00:00+08:00,9.314739692019792,9.62014143505221,9.314739692019792,9.543790817260742,159000,0.0,0.0
2014-10-29 00:00:00+08:00,9.620142467526453,9.887368202209473,9.620142467526453,9.887368202209473,164000,0.0,0.0
2014-10-30 00:00:00+08:00,9.887367521057968,9.925542831420898,9.811017628465589,9.925542831420898,68040,0.0,0.0
2014-10-31 00:00:00+08:00,9.96371841430664,10.001893725713725,9.81101789681181,9.96371841430664,219000,0.0,0.0
2014-11-03 00:00:00+08:00,10.116419792175293,10.192770421482871,10.001894576347489,10.116419792175293,139000,0.0,0.0
2014-11-04 00:00:00+08:00,10.30729429920522,10.30729429920522,10.116418478849567,10.23094367980957,80220,0.0,0.0
2014-11-05 00:00:00+08:00,10.307293973545649,10.307293973545649,10.154593467712402,10.154593467712402,142000,0.0,0.0
2014-11-06 00:00:00+08:00,10.154592914766763,10.154592914766763,10.00189241724848,10.078242301940918,53000,0.0,0.0
2014-11-07 00:00:00+08:00,10.230943001852872,10.269118309020996,10.001892615110961,10.269118309020996,83000,0.0,0.0
2014-11-10 00:00:00+08:00,10.154594243208555,10.23094413788922,9.772842585404726,9.96371841430664,379000,0.0,0.0
2014-11-11 00:00:00+08:00,10.001893997192383,10.154594518831923,9.963718684749118,10.001893997192383,79000,0.0,0.0
2014-11-12 00:00:00+08:00,10.154592914766763,10.269118105872122,9.963717110835558,10.078242301940918,140000,0.0,0.0
2014-11-13 00:00:00+08:00,10.078242301940918,10.11641760835384,9.849191191596791,10.078242301940918,200000,0.0,0.0
2014-11-14 00:00:00+08:00,10.001893867110807,10.078243762870832,9.84919261932373,9.84919261932373,350150,0.0,0.0
2014-11-17 00:00:00+08:00,9.849193094061622,9.849193094061622,9.5819673538208,9.5819673538208,183638,0.0,0.0
2014-11-18 00:00:00+08:00,9.620141799529046,9.811017623105945,9.429265975952148,9.429265975952148,111008,0.0,0.0
2014-11-19 00:00:00+08:00,9.429265618706994,9.77284194250169,9.429265618706994,9.543790817260742,141000,0.0,0.0
2014-11-20 00:00:00+08:00,9.696491514697103,9.849192025138501,9.696491514697103,9.73466682434082,80000,0.0,0.0
2014-11-21 00:00:00+08:00,9.73466709651549,9.88736761122629,9.73466709651549,9.772842407226562,41000,0.0,0.0
2014-11-24 00:00:00+08:00,9.772842133984536,9.772842133984536,9.62014162354314,9.73466682434082,56000,0.0,0.0
2014-11-25 00:00:00+08:00,9.696491785804419,9.772842407226562,9.696491785804419,9.772842407226562,62000,0.0,0.0
2014-11-26 00:00:00+08:00,9.772842133984536,9.772842133984536,9.696491514697103,9.73466682434082,62500,0.0,0.0
2014-11-27 00:00:00+08:00,9.73466709651549,9.772842407226562,9.73466709651549,9.772842407226562,41000,0.0,0.0
2014-11-28 00:00:00+08:00,9.772842133984536,9.772842133984536,9.73466682434082,9.73466682434082,59000,0.0,0.0
2014-12-01 00:00:00+08:00,9.085688183623141,9.62014102935791,9.085688183623141,9.62014102935791,56000,0.0,0.0
2014-12-02 00:00:00+08:00,9.925542831420898,9.925542831420898,9.925542831420898,9.925542831420898,102660,0.0,0.0
2014-12-03 00:00:00+08:00,9.96371841430664,9.96371841430664,9.96371841430664,9.96371841430664,349260,0.0,0.0
2014-12-04 00:00:00+08:00,10.192769050598145,10.192769050598145,10.192769050598145,10.192769050598145,246500,0.0,0.0
2014-12-05 00:00:00+08:00,10.192769098245215,10.269118989507394,10.078243169151742,10.23094367980957,84000,0.0,0.0
2014-12-08 00:00:00+08:00,10.154593115650043,10.269118309020996,10.154593115650043,10.269118309020996,45000,0.0,0.0
2014-12-09 00:00:00+08:00,10.269118105872122,10.269118105872122,10.078242301940918,10.078242301940918,113006,0.0,0.0
2014-12-10 00:00:00+08:00,10.078242301940918,10.078242301940918,9.963717110835558,10.078242301940918,58000,0.0,0.0
2014-12-11 00:00:00+08:00,10.00189345214676,10.154593965465,9.925542831420898,9.925542831420898,123000,0.0,0.0
2014-12-12 00:00:00+08:00,9.963717782887263,10.078242981717334,9.963717782887263,10.040067672729492,31308,0.0,0.0
2014-12-15 00:00:00+08:00,9.925541804422636,10.078242301940918,9.925541804422636,10.078242301940918,54200,0.0,0.0
2014-12-16 00:00:00+08:00,10.078243344739139,10.078243344739139,9.925542831420898,9.925542831420898,75008,0.0,0.0
2014-12-17 00:00:00+08:00,10.078243523793823,10.612695693969727,10.078243523793823,10.612695693969727,302049,0.0,0.0
2014-12-18 00:00:00+08:00,10.918096266498653,11.147147379696076,10.421818733215332,10.421818733215332,807100,0.0,0.0
2014-12-19 00:00:00+08:00,10.536345429258695,10.612695320520874,10.192769098245215,10.23094367980957,224000,0.0,0.0
2014-12-22 00:00:00+08:00,10.23094367980957,10.345469608903043,10.192769098245215,10.23094367980957,151000,0.0,0.0
2014-12-23 00:00:00+08:00,10.345469120547211,10.612694819550704,10.307293812651444,10.459994316101074,132000,0.0,0.0
2014-12-24 00:00:00+08:00,10.459995132136275,10.650870958372826,10.459995132136275,10.5745210647583,147220,0.0,0.0
2014-12-25 00:00:00+08:00,10.879922520030629,10.879922520030629,10.459995540297479,10.498170852661133,101000,0.0,0.0
2014-12-26 00:00:00+08:00,10.498170443010284,10.5745210647583,10.459995132136275,10.5745210647583,90000,0.0,0.0
2014-12-29 00:00:00+08:00,10.536345395892633,10.76539652522076,10.498170086315701,10.689045906066895,168000,0.0,0.0
2014-12-30 00:00:00+08:00,10.727220940375807,10.727220940375807,10.574520434119947,10.650870323181152,100000,0.0,0.0
2014-12-31 00:00:00+08:00,10.689045423373704,10.994446429931008,10.574520227948074,10.918096542358398,382994,0.0,0.0
2015-01-05 00:00:00+08:00,10.918096816432813,10.95627212524414,10.765396309320955,10.95627212524414,242145,0.0,0.0
2015-01-06 00:00:00+08:00,10.76539693813441,10.841746832083256,10.612695693969727,10.612695693969727,230100,0.0,0.0
2015-01-07 00:00:00+08:00,10.689046178403071,10.956272624116542,10.689046178403071,10.727221488952637,173000,0.0,0.0
2015-01-08 00:00:00+08:00,10.765395164489746,10.956270960114505,10.765395164489746,10.765395164489746,151000,0.0,0.0
2015-01-09 00:00:00+08:00,10.918096948809602,10.918096948809602,10.727221130572138,10.84174633026123,116040,0.0,0.0
2015-01-12 00:00:00+08:00,10.841746832083256,10.841746832083256,10.612695693969727,10.612695693969727,99108,0.0,0.0
2015-01-13 00:00:00+08:00,10.612695014583824,10.68904563177848,10.574520434119947,10.650870323181152,169000,0.0,0.0
2015-01-14 00:00:00+08:00,10.49817048897971,10.76539693813441,10.49817048897971,10.612695693969727,82000,0.0,0.0
2015-01-15 00:00:00+08:00,10.459995132136275,10.612695647498818,10.459995132136275,10.5745210647583,93000,0.0,0.0
2015-01-16 00:00:00+08:00,10.57451990938535,10.612694487954908,10.345468797300935,10.383644104003906,123000,0.0,0.0
2015-01-19 00:00:00+08:00,10.459994809863046,10.498170119560871,10.23094367980957,10.23094367980957,100058,0.0,0.0
2015-01-20 00:00:00+08:00,10.345468797300935,10.421818682573464,10.269118183894992,10.383644104003906,46220,0.0,0.0
2015-01-21 00:00:00+08:00,10.498169295979407,10.498169295979407,10.345468797300935,10.383644104003906,13000,0.0,0.0
2015-01-22 00:00:00+08:00,10.459995540297479,10.57452147738844,10.383645643703693,10.498170852661133,28000,0.0,0.0
2015-01-23 00:00:00+08:00,10.498170852661133,10.612696061618573,10.459995540297479,10.498170852661133,106009,0.0,0.0
2015-01-26 00:00:00+08:00,10.650871373982227,10.650871373982227,10.459995540297479,10.498170852661133,84008,0.0,0.0
2015-01-27 00:00:00+08:00,10.498170171984103,10.65087068340445,10.459994862095648,10.536345481872559,124000,0.0,0.0
2015-01-28 00:00:00+08:00,10.612695816513995,11.261673927307129,10.57452123316552,11.261673927307129,1243260,0.0,0.0
2015-01-29 00:00:00+08:00,11.147147990374956,11.147147990374956,10.918096864629328,10.994446754455566,936008,0.0,0.0
2015-01-30 00:00:00+08:00,11.26167318918104,11.29984849816089,10.994446754455566,10.994446754455566,315000,0.0,0.0
2015-02-02 00:00:00+08:00,10.87992035061125,10.956270960114505,10.765395164489746,10.765395164489746,249990,0.0,0.0
2015-02-03 00:00:00+08:00,10.765395164489746,10.87992035061125,10.727219859738119,10.765395164489746,88000,0.0,0.0
2015-02-04 00:00:00+08:00,10.84174633026123,10.879921639535416,10.727221130572138,10.84174633026123,104000,0.0,0.0
2015-02-05 00:00:00+08:00,10.803571521042086,10.803571521042086,10.45999517793854,10.612695693969727,236000,0.0,0.0
2015-02-06 00:00:00+08:00,10.612696061618573,10.612696061618573,10.498170852661133,10.498170852661133,81000,0.0,0.0
2015-02-09 00:00:00+08:00,10.536344602682378,10.536344602682378,10.345468797300935,10.383644104003906,98199,0.0,0.0
2015-02-10 00:00:00+08:00,10.459993989276436,10.57451990938535,10.383644104003906,10.383644104003906,89000,0.0,0.0
2015-02-11 00:00:00+08:00,10.383644154460274,10.498169346992277,10.383644154460274,10.421818733215332,69000,0.0,0.0
2015-02-12 00:00:00+08:00,10.53634580002088,10.612695693969727,10.383645283989694,10.612695693969727,66000,0.0,0.0
2015-02-13 00:00:00+08:00,10.536345481872559,10.612695373515995,10.498170171984103,10.536345481872559,53000,0.0,0.0
2015-02-24 00:00:00+08:00,10.65087068340445,10.65087068340445,10.536345481872559,10.536345481872559,85000,0.0,0.0
2015-02-25 00:00:00+08:00,10.574519368864987,10.841745045859623,10.53634406411336,10.765395164489746,154000,0.0,0.0
2015-02-26 00:00:00+08:00,10.84174633026123,10.956272258083786,10.803571020987047,10.84174633026123,336000,0.0,0.0
2015-03-02 00:00:00+08:00,10.956270960114505,10.956270960114505,10.727219859738119,10.765395164489746,112000,0.0,0.0
2015-03-03 00:00:00+08:00,10.803569741107998,10.841745045859623,10.727219859738119,10.765395164489746,63000,0.0,0.0
2015-03-04 00:00:00+08:00,10.727220940375807,10.727220940375807,10.612695014583824,10.650870323181152,158000,0.0,0.0
2015-03-05 00:00:00+08:00,10.689045906066895,10.76539652522076,10.650870596489963,10.689045906066895,162000,0.0,0.0
2015-03-06 00:00:00+08:00,10.76539652522076,10.76539652522076,10.61269528691303,10.689045906066895,290000,0.0,0.0
2015-03-09 00:00:00+08:00,10.68904563177848,10.727220940375807,10.612695014583824,10.650870323181152,123000,0.0,0.0
2015-03-10 00:00:00+08:00,10.612696061618573,10.612696061618573,10.459995540297479,10.498170852661133,374155,0.0,0.0
2015-03-11 00:00:00+08:00,10.45999517793854,10.612695693969727,10.42181986689737,10.612695693969727,128106,0.0,0.0
2015-03-12 00:00:00+08:00,10.612695373515995,10.689045993292904,10.536345481872559,10.536345481872559,56000,0.0,0.0
2015-03-13 00:00:00+08:00,10.612695816513995,11.261673927307129,10.57452123316552,11.261673927307129,1409721,0.0,0.0
2015-03-16 00:00:00+08:00,11.528899486961832,11.68159999293393,11.070797240912091,11.108972549438477,1426740,0.0,0.0
2015-03-17 00:00:00+08:00,11.261673055410574,11.376198252856286,11.108972549438477,11.108972549438477,447001,0.0,0.0
2015-03-18 00:00:00+08:00,11.108971928998905,11.79612453156238,11.108971928998905,11.643424034118652,1382110,0.0,0.0
2015-03-19 00:00:00+08:00,11.719775133528717,11.757949713374657,11.376198089847772,11.414373397827148,483550,0.0,0.0
2015-03-20 00:00:00+08:00,11.3761998251727,11.605250979854969,11.223499298095703,11.223499298095703,271217,0.0,0.0
2015-03-23 00:00:00+08:00,11.338024321066642,11.75795055447886,11.299849010356398,11.528900146484375,407000,0.0,0.0
2015-03-24 00:00:00+08:00,11.147149130459232,11.452550177266254,11.147149130459232,11.185323715209961,645000,0.0,0.0
2015-03-25 00:00:00+08:00,11.147148592279127,11.147148592279127,10.42181986689737,10.612695693969727,973045,0.0,0.0
2015-03-26 00:00:00+08:00,10.307293540683327,10.536344653880752,10.269118233794854,10.421818733215332,284224,0.0,0.0
2015-03-27 00:00:00+08:00,10.345470428466797,10.421820325777382,10.307295115744742,10.345470428466797,188000,0.0,0.0
2015-03-30 00:00:00+08:00,10.345470951964465,10.49817148244606,10.116419792175293,10.116419792175293,242417,0.0,0.0
2015-03-31 00:00:00+08:00,10.230943631984047,10.269118941503418,10.116418431559403,10.192769050598145,48327,0.0,0.0
2015-04-01 00:00:00+08:00,10.192769050598145,10.307294251022789,10.192769050598145,10.192769050598145,53000,0.0,0.0
2015-04-02 00:00:00+08:00,10.42182085313848,10.42182085313848,10.078244477521503,10.116419792175293,145000,0.0,0.0
2015-04-07 00:00:00+08:00,10.116419206388656,10.116419206388656,9.887368059862586,10.001893997192383,288000,0.0,0.0
2015-04-08 00:00:00+08:00,10.00189345214676,10.00189345214676,9.811017628465589,9.925542831420898,77001,0.0,0.0
2015-04-09 00:00:00+08:00,9.96371841430664,10.040068308987305,9.96371841430664,9.96371841430664,63880,0.0,0.0
2015-04-10 00:00:00+08:00,9.96371814178383,10.078243344739139,9.925542831420898,9.925542831420898,30000,0.0,0.0
2015-04-13 00:00:00+08:00,9.925542831420898,10.00189345214676,9.925542831420898,9.925542831420898,87000,0.0,0.0
2015-04-14 00:00:00+08:00,9.92554247389942,10.040067672729492,9.92554247389942,10.040067672729492,107290,0.0,0.0
2015-04-15 00:00:00+08:00,10.154593467712402,10.345469282037323,10.078242850729056,10.154593467712402,171002,0.0,0.0
2015-04-16 00:00:00+08:00,10.269118941503418,10.269118941503418,10.154593741078774,10.192769050598145,46440,0.0,0.0
2015-04-17 00:00:00+08:00,10.192768908680863,10.192768908680863,9.92554247389942,10.040067672729492,28919,0.0,0.0
2015-04-20 00:00:00+08:00,9.963718555164037,10.001893867110807,9.84919261932373,9.84919261932373,42000,0.0,0.0
2015-04-21 00:00:00+08:00,9.887366724091871,9.96371733866353,9.543790414786251,9.62014102935791,162000,0.0,0.0
2015-04-22 00:00:00+08:00,9.658315608510316,9.658315608510316,9.543790414786251,9.62014102935791,43000,0.0,0.0
2015-04-23 00:00:00+08:00,9.696490915796145,9.696490915796145,9.58196572207208,9.62014102935791,52000,0.0,0.0
2015-04-24 00:00:00+08:00,9.543792040033955,9.620142667607645,9.391091513020122,9.5819673538208,68110,0.0,0.0
2015-04-27 00:00:00+08:00,9.543790817260742,9.581966126156475,9.467440199469273,9.543790817260742,43000,0.0,0.0
2015-04-28 00:00:00+08:00,9.543791226226784,9.543791226226784,9.467440605163574,9.467440605163574,37150,0.0,0.0
2015-04-29 00:00:00+08:00,9.467441244829008,9.62014249727265,9.391091346740723,9.391091346740723,53000,0.0,0.0
2015-04-30 00:00:00+08:00,9.391090039122329,9.696491045218407,9.238389536074289,9.505615234375,152000,0.0,0.0
2015-05-04 00:00:00+08:00,9.505615508365008,9.696491324710223,9.505615508365008,9.543790817260742,100220,0.0,0.0
2015-05-05 00:00:00+08:00,9.543791595770388,10.154594403526396,9.35291576385498,9.35291576385498,453000,0.0,0.0
2015-05-06 00:00:00+08:00,9.391090712233852,9.543791226226784,9.391090712233852,9.467440605163574,25000,0.0,0.0
2015-05-07 00:00:00+08:00,9.429266659851633,9.429266659851633,9.314740720518902,9.391091346740723,10001,0.0,0.0
2015-05-08 00:00:00+08:00,9.314739859906194,9.391090479073785,9.23838996887207,9.23838996887207,56220,0.0,0.0
2015-05-11 00:00:00+08:00,9.276565058025366,9.352915681371597,8.894813397561219,9.009339332580566,91002,0.0,0.0
2015-05-12 00:00:00+08:00,8.78028783886463,9.12386417388916,8.78028783886463,9.12386417388916,111415,0.0,0.0
2015-05-13 00:00:00+08:00,9.12386417388916,9.543791129200686,9.085688863745663,9.12386417388916,53000,0.0,0.0
2015-05-14 00:00:00+08:00,9.123864445494974,9.314740273761117,9.009339239788687,9.162039756774902,81001,0.0,0.0
2015-05-15 00:00:00+08:00,9.047513816647719,9.162039013057562,8.89481258392334,8.89481258392334,139000,0.0,0.0
2015-05-18 00:00:00+08:00,8.856638398435537,8.932988290065644,8.322185516357422,8.322185516357422,128050,0.0,0.0
2015-05-19 00:00:00+08:00,8.322185652206263,8.51306147659754,8.322185652206263,8.474886894226074,62000,0.0,0.0
2015-05-20 00:00:00+08:00,8.5130613376329,8.5130613376329,8.322185516357422,8.322185516357422,45050,0.0,0.0
2015-05-21 00:00:00+08:00,8.245835224473012,8.436711036483343,8.245835224473012,8.39853572845459,50050,0.0,0.0
2015-05-22 00:00:00+08:00,8.284010934609105,8.55123664751469,8.284010934609105,8.322185516357422,93082,0.0,0.0
2015-05-25 00:00:00+08:00,8.169485772076014,8.322186297808235,7.864084720611572,7.864084720611572,335150,0.0,0.0
2015-05-26 00:00:00+08:00,7.864082796764978,7.9786079810136465,7.558681091879589,7.635031700134277,983000,0.0,0.0
2015-05-27 00:00:00+08:00,7.635032926435462,7.7113835469532095,7.596857616176589,7.673208236694336,84041,0.0,0.0
2015-05-28 00:00:00+08:00,7.711382989684619,7.9022587990517295,7.711382989684619,7.825908184051514,130100,0.0,0.0
2015-05-29 00:00:00+08:00,7.78773353182866,8.13130987197205,7.749558221116396,8.01678466796875,142000,0.0,0.0
2015-06-01 00:00:00+08:00,8.169485458727548,8.169485458727548,8.016784938852302,8.054960250854492,36000,0.0,0.0
2015-06-02 00:00:00+08:00,7.940434046544223,8.207660493396578,7.902259463965449,8.01678466796875,48750,0.0,0.0
2015-06-03 00:00:00+08:00,7.978609380831921,7.978609380831921,7.787733554840088,7.787733554840088,86000,0.0,0.0
2015-06-04 00:00:00+08:00,7.7495574446596835,7.787732751547023,7.711382865905762,7.711382865905762,77000,0.0,0.0
2015-06-05 00:00:00+08:00,7.635032969952686,7.635032969952686,7.26855173689903,7.421252250671387,336000,0.0,0.0
2015-06-08 00:00:00+08:00,7.421253077566221,7.467062872735429,7.329632759094238,7.329632759094238,153000,0.0,0.0
2015-06-09 00:00:00+08:00,7.3296316341940555,7.344901320862452,6.757004185526815,7.054769992828369,256050,0.0,0.0
2015-06-10 00:00:00+08:00,6.970785276824195,7.169296311297649,6.970785276824195,7.062405586242676,166000,0.0,0.0
2015-06-11 00:00:00+08:00,7.1005798287091,7.2532803214282815,7.070039730165264,7.092944622039795,28000,0.0,0.0
2015-06-12 00:00:00+08:00,7.092946068192028,7.222741695500187,7.092946068192028,7.21510648727417,40000,0.0,0.0
2015-06-15 00:00:00+08:00,7.07004030796285,7.36017163190691,7.07004030796285,7.29145622253418,160000,0.0,0.0
2015-06-16 00:00:00+08:00,7.291455926509345,7.4136163257086505,7.215105312943072,7.276185512542725,72000,0.0,0.0
2015-06-17 00:00:00+08:00,7.276186124122676,7.360171951731458,7.115850404663653,7.22274112701416,38000,0.0,0.0
2015-06-18 00:00:00+08:00,7.2074712790481525,7.459428053571986,7.2074712790481525,7.21510648727417,67000,0.0,0.0
2015-06-22 00:00:00+08:00,7.222740592263761,7.825908115451252,7.222740592263761,7.581587314605713,57000,0.0,0.0
2015-06-23 00:00:00+08:00,7.581587972165733,7.635032969952686,7.276186216487535,7.421252250671387,141000,0.0,0.0
2015-06-24 00:00:00+08:00,7.421252068281071,7.6197623672396535,7.299091660265493,7.375441551208496,101550,0.0,0.0
2015-06-25 00:00:00+08:00,7.375441018925514,7.619761817324125,7.253280619726208,7.276185512542725,62000,0.0,0.0
2015-06-26 00:00:00+08:00,7.291455926509345,7.383076225908824,7.215105312943072,7.276185512542725,43000,0.0,0.0
2015-06-29 00:00:00+08:00,7.276186010870813,7.306726112762255,7.100580607028382,7.253281116485596,31000,0.0,0.0
2015-06-30 00:00:00+08:00,7.215105807087927,7.253281116485597,7.199836120208937,7.253281116485596,28000,0.0,0.0
2015-07-01 00:00:00+08:00,7.215106526031983,7.314362049102783,7.184566421097394,7.314362049102783,62000,0.0,0.0
2015-07-02 00:00:00+08:00,7.390711939063821,7.390711939063821,7.253281116485597,7.253281116485596,22110,0.0,0.0
2015-07-03 00:00:00+08:00,7.222741695500187,7.253281800270723,7.21510648727417,7.21510648727417,10000,0.0,0.0
2015-07-06 00:00:00+08:00,7.21510648727417,7.21510648727417,7.21510648727417,7.21510648727417,11000,0.0,0.0
2015-07-07 00:00:00+08:00,6.986053913069676,7.138755133922242,6.986053913069676,7.092944622039795,91110,0.0,0.0
2015-07-08 00:00:00+08:00,7.0853108043146324,7.0853108043146324,6.779909759008043,6.993690490722656,115200,0.0,0.0
2015-07-09 00:00:00+08:00,6.390521977786648,6.9097044096317095,6.390521977786648,6.8715291023254395,166220,0.0,0.0
2015-07-10 00:00:00+08:00,6.8715291023254395,6.8715291023254395,6.8715291023254395,6.8715291023254395,0,0.0,0.0
2015-07-13 00:00:00+08:00,6.8715294935709395,7.024230003356934,6.810449289656542,7.024230003356934,23000,0.0,0.0
2015-07-14 00:00:00+08:00,7.077676189272875,7.077676189272875,6.810449733626904,6.902070045471191,57000,0.0,0.0
2015-07-15 00:00:00+08:00,6.818084108976715,7.024229603417098,6.818084108976715,6.8715291023254395,12000,0.0,0.0
2015-07-16 00:00:00+08:00,7.04713510300138,7.04713510300138,6.802814280229259,6.98605489730835,4000,0.0,0.0
2015-07-17 00:00:00+08:00,6.840989544786662,6.970785163044308,6.840989544786662,6.947880268096924,24330,0.0,0.0
2015-07-20 00:00:00+08:00,7.031865531539569,7.031865531539569,6.810449600219727,6.810449600219727,10000,0.0,0.0
2015-07-21 00:00:00+08:00,6.764638718986948,6.787544341373225,6.680653621304311,6.779909133911133,65000,0.0,0.0
2015-07-22 00:00:00+08:00,6.779909246662496,6.779909246662496,6.611938320370369,6.749369144439697,32000,0.0,0.0
2015-07-23 00:00:00+08:00,6.650113491758094,6.741733796519385,6.543222772136526,6.657748699188232,72000,0.0,0.0
2015-07-24 00:00:00+08:00,6.634842914020396,6.634842914020396,6.398157314564107,6.589033126831055,29000,0.0,0.0
2015-07-27 00:00:00+08:00,6.4134275413449675,6.581398474171352,5.93242073059082,5.93242073059082,301050,0.0,0.0
2015-07-28 00:00:00+08:00,5.466683650818023,5.878975414200011,5.466683650818023,5.856070518493652,209000,0.0,0.0
2015-07-29 00:00:00+08:00,5.94769002723477,6.0469455327528605,5.688098817131058,5.695734024047852,68700,0.0,0.0
2015-07-30 00:00:00+08:00,5.726274070745634,5.909514666257479,5.657558665395343,5.8255295753479,14110,0.0,0.0
2015-07-31 00:00:00+08:00,5.83316428984313,5.947689841552708,5.703368688843388,5.878974437713623,13000,0.0,0.0
2015-08-03 00:00:00+08:00,5.878975230297063,6.02404090014423,5.58120904696169,5.665194511413574,61000,0.0,0.0
2015-08-04 00:00:00+08:00,5.688099039343612,5.848434750192945,5.535398535709352,5.6346540451049805,70330,0.0,0.0
2015-08-05 00:00:00+08:00,5.909514910546048,5.909514910546048,5.512493239791533,5.711004257202148,205000,0.0,0.0
2015-08-06 00:00:00+08:00,5.657559714737156,5.8026253951235915,5.619384765625,5.619384765625,9000,0.0,0.0
2015-08-07 00:00:00+08:00,5.619384359946799,6.016406059265137,5.5353988954563595,6.016406059265137,100000,0.0,0.0
2015-08-10 00:00:00+08:00,6.016405398953596,6.016405398953596,5.787354289688175,6.001135349273682,72000,0.0,0.0
2015-08-11 00:00:00+08:00,5.85607020741614,6.2149169523766625,5.825530105385466,6.069850921630859,110000,0.0,0.0
2015-08-12 00:00:00+08:00,6.001135763367342,6.1691063214368,5.909515094899094,6.100390911102295,78000,0.0,0.0
2015-08-13 00:00:00+08:00,6.291267173292785,6.291267173292785,5.878975410191886,6.031676292419434,131000,0.0,0.0
2015-08-14 00:00:00+08:00,6.031676244589782,6.382887433574595,5.955325986114823,6.253091812133789,91000,0.0,0.0
2015-08-17 00:00:00+08:00,6.253091743276747,6.3065374697208165,6.115661643601907,6.23782205581665,32000,0.0,0.0
2015-08-18 00:00:00+08:00,6.237821937483762,6.3065373500843815,5.894245238547404,5.917150497436523,137000,0.0,0.0
2015-08-19 00:00:00+08:00,5.9171503426976075,6.046945956852619,5.474318504333496,5.474318504333496,116110,0.0,0.0
2015-08-20 00:00:00+08:00,5.649923980652886,5.932420088668853,5.497223116055035,5.863704681396484,154000,0.0,0.0
2015-08-21 00:00:00+08:00,5.642288722319552,5.825529685358458,5.497223066099874,5.565938472747803,148005,0.0,0.0
2015-08-24 00:00:00+08:00,5.22999747260031,5.268172782792069,5.01621675491333,5.01621675491333,237000,0.0,0.0
2015-08-25 00:00:00+08:00,4.871151107719505,5.1460120316923375,4.7031801790026995,4.962771415710449,127000,0.0,0.0
2015-08-26 00:00:00+08:00,4.970406894268283,5.2299977810555,4.962771686152926,5.000946998596191,75050,0.0,0.0
2015-08-27 00:00:00+08:00,5.207091835707427,5.420872522929812,5.039120931680294,5.382697582244873,77300,0.0,0.0
2015-08-28 00:00:00+08:00,5.48958853387185,5.688099193993564,5.43614317411341,5.497223377227783,100000,0.0,0.0
2015-08-31 00:00:00+08:00,5.6422895054708455,5.6422895054708455,5.3445233087776405,5.550669193267822,10000,0.0,0.0
2015-09-01 00:00:00+08:00,5.390332855579788,5.695734225802072,5.390332855579788,5.657558917999268,46000,0.0,0.0
2015-09-02 00:00:00+08:00,5.44377825216089,5.978230380776758,5.44377825216089,5.5812087059021,34000,0.0,0.0
2015-09-03 00:00:00+08:00,5.619384573651428,6.001136236131913,5.611749365649776,5.955326080322266,150000,0.0,0.0
2015-09-04 00:00:00+08:00,5.909514687127492,6.253090986958922,5.810259546241398,6.001135349273682,52000,0.0,0.0
2015-09-07 00:00:00+08:00,6.001135583464351,6.16910613649836,5.924785332085256,6.085120677947998,69000,0.0,0.0
2015-09-08 00:00:00+08:00,6.085121041743526,6.2836317071970225,6.085121041743526,6.1462016105651855,67000,0.0,0.0
2015-09-09 00:00:00+08:00,6.14620140786757,6.3599821174594515,6.108026099121371,6.1843767166137695,40000,0.0,0.0
2015-09-10 00:00:00+08:00,6.314172769966941,6.314172769966941,6.0393111103258725,6.230186939239502,58000,0.0,0.0
2015-09-11 00:00:00+08:00,6.230186431731681,6.283631426471175,6.046945825653324,6.108026027679443,53000,0.0,0.0
2015-09-14 00:00:00+08:00,6.184376511412935,6.329441806075008,5.985865495026162,6.161470890045166,42000,0.0,0.0
2015-09-15 00:00:00+08:00,6.184376605264807,6.314172215784858,6.184376605264807,6.214916706085205,7000,0.0,0.0
2015-09-16 00:00:00+08:00,6.32180637364397,6.32180637364397,6.039310273377117,6.222550868988037,140000,0.0,0.0
2015-09-17 00:00:00+08:00,6.222551886869372,6.466873449116643,6.1843773026392395,6.29890251159668,55000,0.0,0.0
2015-09-18 00:00:00+08:00,6.2989017021548594,6.436332517750026,6.2530911875786614,6.390522003173828,77000,0.0,0.0
2015-09-21 00:00:00+08:00,6.390522003173828,6.497412718429338,6.19201098689935,6.390522003173828,27000,0.0,0.0
2015-09-22 00:00:00+08:00,6.390521932791631,6.405792346859991,6.253091118710063,6.3752522468566895,24000,0.0,0.0
2015-09-23 00:00:00+08:00,6.367618653182577,6.443968558468855,6.245458222217647,6.359983444213867,45001,0.0,0.0
2015-09-24 00:00:00+08:00,6.359981812833273,6.550857619288374,6.268361513110835,6.398157119750977,88000,0.0,0.0
2015-09-25 00:00:00+08:00,6.398157190013397,6.451602183405047,6.2301862746109515,6.413426876068115,68000,0.0,0.0
2015-09-29 00:00:00+08:00,6.413426876068115,6.413426876068115,6.413426876068115,6.413426876068115,0,0.0,0.0
2015-09-30 00:00:00+08:00,6.413427240398942,6.4821426518822856,6.260726730510103,6.443967342376709,79000,0.0,0.0
2015-10-01 00:00:00+08:00,6.443967201049152,6.482142509717477,6.192011183225041,6.352346897125244,135002,0.0,0.0
2015-10-02 00:00:00+08:00,6.337077231616709,6.337077231616709,6.245456927388048,6.329442024230957,17000,0.0,0.0
2015-10-05 00:00:00+08:00,6.260726394696932,6.405792417410369,6.260726394696932,6.390522003173828,62000,0.0,0.0
2015-10-06 00:00:00+08:00,6.390523109511613,6.978421052994629,6.390523109511613,6.459238529205322,407000,0.0,0.0
2015-10-07 00:00:00+08:00,6.459237374338172,6.642477975336869,6.3370769736723735,6.49741268157959,135050,0.0,0.0
2015-10-08 00:00:00+08:00,6.49741304600879,6.795178857299511,6.375252638491216,6.527953147888184,192035,0.0,0.0
2015-10-12 00:00:00+08:00,6.527953692894679,6.772274528327711,6.46687348403642,6.5432233810424805,68000,0.0,0.0
2015-10-13 00:00:00+08:00,6.5432221569627105,6.64247765982244,6.474506752818791,6.566127777099609,253000,0.0,0.0
2015-10-14 00:00:00+08:00,6.566128263931638,6.863894066454668,6.566128263931638,6.711193561553955,251000,0.0,0.0
2015-10-15 00:00:00+08:00,6.703558693045943,6.779909313421468,6.550858180428372,6.619573593139648,75141,0.0,0.0
2015-10-16 00:00:00+08:00,6.619573978445284,6.665383770830267,6.558493769842959,6.627209186553955,72000,0.0,0.0
2015-10-19 00:00:00+08:00,6.627208197123048,6.673017982668709,6.505047798156738,6.505047798156738,74000,0.0,0.0
2015-10-20 00:00:00+08:00,6.505047579667989,6.5737622556785205,6.46687227423988,6.566127777099609,33000,0.0,0.0
2015-10-21 00:00:00+08:00,6.566128233236384,6.611938020425725,6.489777617076229,6.589033126831055,58000,0.0,0.0
2015-10-22 00:00:00+08:00,6.589033351646971,6.619573453526365,6.451602529122968,6.527953147888184,131195,0.0,0.0
2015-10-23 00:00:00+08:00,6.49741277218388,6.581397866779405,6.489777565002441,6.489777565002441,63000,0.0,0.0
2015-10-26 00:00:00+08:00,6.5432221569627105,6.58139746239082,6.5432221569627105,6.566127777099609,25000,0.0,0.0
2015-10-27 00:00:00+08:00,6.566127997639893,6.596668097381471,6.474506970281748,6.505047798156738,101000,0.0,0.0
2015-10-28 00:00:00+08:00,6.489777565002441,6.489777565002441,6.466872671591559,6.489777565002441,14000,0.0,0.0
2015-10-29 00:00:00+08:00,6.4134268963952135,6.443966996734869,6.390522003173828,6.390522003173828,10000,0.0,0.0
2015-10-30 00:00:00+08:00,6.3752522468566895,6.443966925764054,6.275996739812604,6.3752522468566895,32000,0.0,0.0
2015-11-02 00:00:00+08:00,6.314172927795549,6.375253136323987,6.29890251159668,6.29890251159668,20000,0.0,0.0
2015-11-03 00:00:00+08:00,6.4134268257607525,6.4134268257607525,6.237821432775122,6.3752522468566895,81000,0.0,0.0
2015-11-04 00:00:00+08:00,6.275996808933474,6.527952818768994,6.275996808933474,6.390522003173828,40000,0.0,0.0
2015-11-05 00:00:00+08:00,6.512682383890768,6.520317590984839,6.398157190013397,6.413426876068115,35000,0.0,0.0
2015-11-06 00:00:00+08:00,6.413427213198535,6.512682726238687,6.321806907653809,6.321806907653809,12000,0.0,0.0
2015-11-09 00:00:00+08:00,6.810449018613503,6.810449018613503,6.611937999725342,6.611937999725342,188000,0.0,0.0
2015-11-10 00:00:00+08:00,6.787544091877648,6.787544091877648,6.489777565002441,6.489777565002441,65000,0.0,0.0
2015-11-11 00:00:00+08:00,6.3447122167310575,6.581397812330036,6.3447122167310575,6.390522003173828,73000,0.0,0.0
2015-11-12 00:00:00+08:00,6.3905216633836615,6.6043023543943296,6.37525197809245,6.566127777099609,25000,0.0,0.0
2015-11-13 00:00:00+08:00,6.543223289585685,6.634843601592466,6.421062873576646,6.550858497619629,84000,0.0,0.0
2015-11-16 00:00:00+08:00,6.54322259768759,6.54322259768759,6.38288688659668,6.38288688659668,8110,0.0,0.0
2015-11-17 00:00:00+08:00,6.382886705730528,6.5126823123706705,6.306536820028539,6.398157119750977,78000,0.0,0.0
2015-11-18 00:00:00+08:00,6.337076830473025,6.482142120952254,6.275996631520359,6.405792236328125,98000,0.0,0.0
2015-11-19 00:00:00+08:00,6.298901774250772,6.489777585591704,6.283631359839449,6.466872692108154,82000,0.0,0.0
2015-11-20 00:00:00+08:00,6.466872546866596,6.474507025767356,6.2836312187133645,6.3752522468566895,76000,0.0,0.0
2015-11-23 00:00:00+08:00,6.3752522468566895,6.489777439835717,6.314172046850086,6.3752522468566895,69000,0.0,0.0
2015-11-24 00:00:00+08:00,6.329441782433605,6.428697290256258,6.2759967890419555,6.413426876068115,42000,0.0,0.0
2015-11-25 00:00:00+08:00,6.413427511753341,6.443967615023271,6.260726995403689,6.337077617645264,75000,0.0,0.0
2015-11-26 00:00:00+08:00,6.337077201923855,6.39052219710679,6.1843766955915775,6.207281589508057,58000,0.0,0.0
2015-11-27 00:00:00+08:00,6.207281953445194,6.207281953445194,6.062216281890869,6.062216281890869,59110,0.0,0.0
2015-11-30 00:00:00+08:00,5.9553257597047295,5.9553257597047295,5.810260092084052,5.81789493560791,60000,0.0,0.0
2015-12-01 00:00:00+08:00,5.817895202927569,6.031676292419434,5.672829528641437,6.031676292419434,62000,0.0,0.0
2015-12-02 00:00:00+08:00,6.008771130632935,6.008771130632935,5.833165349851451,5.848435401916504,12110,0.0,0.0
2015-12-03 00:00:00+08:00,5.848435016190519,6.001135890836615,5.741544658784967,5.871340274810791,31000,0.0,0.0
2015-12-04 00:00:00+08:00,5.871340388044217,5.917150542101511,5.779720079929631,5.8408002853393555,20000,0.0,0.0
2015-12-07 00:00:00+08:00,5.840799924935252,6.245456806905603,5.749179622474058,6.214916706085205,136037,0.0,0.0
2015-12-08 00:00:00+08:00,6.2149175442916125,6.421063070598802,6.11566202120536,6.245457649230957,38000,0.0,0.0
2015-12-09 00:00:00+08:00,6.237822147148088,6.237822147148088,5.817895177911403,6.230186939239502,18990,0.0,0.0
2015-12-10 00:00:00+08:00,6.169106371217296,6.214916887854444,6.00113581179243,6.199646472930908,24220,0.0,0.0
2015-12-11 00:00:00+08:00,6.19964674564756,6.24545726429987,5.95532592119122,6.062216281890869,43000,0.0,0.0
2015-12-14 00:00:00+08:00,6.008771032661938,6.092756499683752,5.901880669949382,6.031676292419434,14000,0.0,0.0
2015-12-15 00:00:00+08:00,6.031675825192575,6.207281589508057,6.031675825192575,6.207281589508057,9000,0.0,0.0
2015-12-16 00:00:00+08:00,6.184376786140832,6.398157498136116,6.031675913506042,6.199646472930908,64000,0.0,0.0
2015-12-17 00:00:00+08:00,6.184376552550128,6.329441848177144,6.0774858365231355,6.115661144256592,40650,0.0,0.0
2015-12-18 00:00:00+08:00,6.115661644274066,6.237822056502236,6.062216281890869,6.062216281890869,31000,0.0,0.0
2015-12-21 00:00:00+08:00,6.062215742489167,6.390522003173828,5.962960234351928,6.390522003173828,102210,0.0,0.0
2015-12-22 00:00:00+08:00,6.344712220320187,6.344712220320187,6.077485796096958,6.161470890045166,16220,0.0,0.0
2015-12-23 00:00:00+08:00,6.161471678340934,6.54322334571043,6.161471678340934,6.29890251159668,316000,0.0,0.0
2015-12-24 00:00:00+08:00,6.298901742515522,6.3676171507534045,6.2149166480766835,6.344712257385254,45000,0.0,0.0
2015-12-25 00:00:00+08:00,6.344712316605255,6.466872719886847,6.214916706085205,6.214916706085205,73000,0.0,0.0
2015-12-28 00:00:00+08:00,6.214917045130295,6.321807039766185,6.115661530015912,6.123296737670898,83200,0.0,0.0
2015-12-29 00:00:00+08:00,6.12329716741863,6.237822377747161,6.12329716741863,6.169106960296631,31000,0.0,0.0
2015-12-30 00:00:00+08:00,6.169106289277427,6.421062307101538,6.108026086661488,6.352346897125244,61000,0.0,0.0
2015-12-31 00:00:00+08:00,6.329441677533967,6.482142176217521,6.214916485554655,6.275996685028076,220000,0.0,0.0
2016-01-04 00:00:00+08:00,6.275996812483733,6.405792421034052,6.161470890045166,6.161470890045166,65000,0.0,0.0
2016-01-05 00:00:00+08:00,6.16147129436216,6.275997224315942,5.955325785458914,5.970595836639404,129000,0.0,0.0
2016-01-06 00:00:00+08:00,6.001135349273682,6.008770192080288,5.856069695281142,6.001135349273682,55000,0.0,0.0
2016-01-07 00:00:00+08:00,6.0011361235265674,6.0011361235265674,5.772084984709491,5.81026029586792,93000,0.0,0.0
2016-01-08 00:00:00+08:00,5.779720213536606,5.93242073059082,5.604114436890886,5.93242073059082,22000,0.0,0.0
2016-01-11 00:00:00+08:00,5.9247849496508085,5.9247849496508085,5.634653649070995,5.878974437713623,32000,0.0,0.0
2016-01-12 00:00:00+08:00,5.878974621250445,5.878974621250445,5.695734024047852,5.695734024047852,8655,0.0,0.0
2016-01-13 00:00:00+08:00,5.69573380625873,5.756814002990723,5.581208255352897,5.756814002990723,18000,0.0,0.0
2016-01-14 00:00:00+08:00,5.741544499912005,5.802624702453613,5.627018938113129,5.802624702453613,13000,0.0,0.0
2016-01-15 00:00:00+08:00,5.764449757898471,5.840800011075481,5.680464297370398,5.802624702453613,38000,0.0,0.0
2016-01-18 00:00:00+08:00,5.504858392251288,6.0698506153790435,5.504858392251288,5.9400553703308105,64000,0.0,0.0
2016-01-19 00:00:00+08:00,5.940055295728766,5.99350028888131,5.794989638190827,5.863704681396484,15220,0.0,0.0
2016-01-20 00:00:00+08:00,5.848434802406009,5.940055469471245,5.703369140625,5.703369140625,38000,0.0,0.0
2016-01-21 00:00:00+08:00,5.703369274227005,5.8560701468682845,5.50485861308009,5.649924278259277,126000,0.0,0.0
2016-01-22 00:00:00+08:00,5.649924278259277,5.779719892581009,5.50485861308009,5.649924278259277,121000,0.0,0.0
2016-01-25 00:00:00+08:00,5.649924859449148,5.794990539550781,5.558304544879727,5.794990539550781,10000,0.0,0.0
2016-01-26 00:00:00+08:00,5.794990129911921,5.794990129911921,5.6422892523569725,5.665194511413574,10000,0.0,0.0
2016-01-27 00:00:00+08:00,5.688099384307861,5.7262746945649905,5.688099384307861,5.688099384307861,44000,0.0,0.0
2016-01-28 00:00:00+08:00,5.726274560188676,5.772084712982178,5.54303394901467,5.772084712982178,36000,0.0,0.0
2016-01-29 00:00:00+08:00,5.619384271120012,6.031676015276998,5.619384271120012,5.81789493560791,132000,0.0,0.0
2016-02-01 00:00:00+08:00,5.99350080019802,6.054581005621342,5.817895027572597,6.016406059265137,41000,0.0,0.0
2016-02-02 00:00:00+08:00,6.016406331851828,6.03931122788996,5.840800551270193,6.024041175842285,65000,0.0,0.0
2016-02-03 00:00:00+08:00,5.871340907968325,6.046946696105049,5.871340907968325,5.909515857696533,31000,0.0,0.0
2016-02-15 00:00:00+08:00,5.733910037617811,5.871340502468008,5.733910037617811,5.81026029586792,13000,0.0,0.0
2016-02-16 00:00:00+08:00,5.6957342023458075,5.978230313909685,5.6957342023458075,5.9400553703308105,55000,0.0,0.0
2016-02-17 00:00:00+08:00,5.924785683097934,5.970595836639404,5.848435063128746,5.970595836639404,16000,0.0,0.0
2016-02-18 00:00:00+08:00,5.970596018148993,6.069851171806223,5.901880603714431,5.985866069793701,13000,0.0,0.0
2016-02-19 00:00:00+08:00,6.054580616977768,6.054580616977768,5.871340012470016,6.00877046585083,36000,0.0,0.0
2016-02-22 00:00:00+08:00,5.955325400162179,6.016405600932382,5.856069891877243,5.962960243225098,242550,0.0,0.0
2016-02-23 00:00:00+08:00,5.962960314723892,6.016405673072012,5.87897485562448,6.00877046585083,79000,0.0,0.0
2016-02-24 00:00:00+08:00,6.031676292419434,6.085121291742336,6.031676292419434,6.031676292419434,5000,0.0,0.0
2016-02-25 00:00:00+08:00,5.9553259205366835,6.61957370805447,5.9553259205366835,6.23782205581665,66000,0.0,0.0
2016-02-26 00:00:00+08:00,6.222550651528505,6.443966545520561,6.207280966494592,6.283630847930908,68550,0.0,0.0
2016-03-01 00:00:00+08:00,6.291267378816005,6.382887692705535,6.169106960296631,6.169106960296631,70000,0.0,0.0
2016-03-02 00:00:00+08:00,6.19201135635376,6.214916979075266,6.077486155280111,6.19201135635376,57000,0.0,0.0
2016-03-03 00:00:00+08:00,6.192011605353822,6.253091812133789,6.1385666064547255,6.253091812133789,4000,0.0,0.0
2016-03-04 00:00:00+08:00,6.1767418276466595,6.352347237544738,6.1767418276466595,6.2607269287109375,48000,0.0,0.0
2016-03-07 00:00:00+08:00,6.199646835738662,6.329442457650609,6.199646835738662,6.230186939239502,26002,0.0,0.0
2016-03-08 00:00:00+08:00,6.237822124505548,6.253091812133789,6.161471501963838,6.253091812133789,29050,0.0,0.0
2016-03-09 00:00:00+08:00,6.253090968256524,6.253090968256524,6.130930571182577,6.222550868988037,29110,0.0,0.0
2016-03-10 00:00:00+08:00,6.222551617996815,6.2607269287109375,6.138566516932537,6.2607269287109375,41100,0.0,0.0
2016-03-11 00:00:00+08:00,6.260726584690992,6.2912666859574475,6.1843766955915775,6.207281589508057,104000,0.0,0.0
2016-03-14 00:00:00+08:00,6.16910606084199,6.268361568450928,6.16910606084199,6.268361568450928,56000,0.0,0.0
2016-03-15 00:00:00+08:00,6.337076787344913,6.359981679762928,6.222550868988037,6.222550868988037,44000,0.0,0.0
2016-03-16 00:00:00+08:00,6.222551305230794,6.329442024230957,6.222551305230794,6.329442024230957,7000,0.0,0.0
2016-03-17 00:00:00+08:00,6.32944234236966,6.32944234236966,6.222551617996815,6.2607269287109375,57000,0.0,0.0
2016-03-18 00:00:00+08:00,6.222551708743805,6.253091812133789,6.17674191772558,6.253091812133789,23000,0.0,0.0
2016-03-21 00:00:00+08:00,6.573762857532217,6.573762857532217,6.2225513260789205,6.30653715133667,53000,0.0,0.0
2016-03-22 00:00:00+08:00,6.245457332386418,6.26072702001466,6.184377125606451,6.253091812133789,18110,0.0,0.0
2016-03-23 00:00:00+08:00,6.24545721796135,6.24545721796135,6.138566493988037,6.138566493988037,48000,0.0,0.0
2016-03-24 00:00:00+08:00,6.23782150500421,6.23782150500421,6.069850588974369,6.161470890045166,99330,0.0,0.0
2016-03-25 00:00:00+08:00,6.184376644278814,6.184376644278814,6.039310618366699,6.108026027679443,61000,0.0,0.0
2016-03-28 00:00:00+08:00,6.04694605311824,6.19201135635376,6.024040794463469,6.19201135635376,32500,0.0,0.0
2016-03-29 00:00:00+08:00,6.184376644278814,6.184376644278814,6.031675775146795,6.108026027679443,31000,0.0,0.0
2016-03-30 00:00:00+08:00,6.069850965157886,6.069850965157886,5.970595814879801,5.993500709533691,93000,0.0,0.0
2016-03-31 00:00:00+08:00,5.993500555967185,6.100390911102295,5.962960454500012,6.100390911102295,28000,0.0,0.0
2016-04-01 00:00:00+08:00,5.99350104709502,6.077486515045166,5.856070579231217,6.077486515045166,62110,0.0,0.0
2016-04-06 00:00:00+08:00,6.0622164630603,6.077486515045166,6.0622164630603,6.077486515045166,8000,0.0,0.0
2016-04-07 00:00:00+08:00,5.917150721765462,6.031676292419434,5.917150721765462,6.031676292419434,36000,0.0,0.0
2016-04-08 00:00:00+08:00,5.886610664574416,5.99350102813026,5.886610664574416,5.955326080322266,40000,0.0,0.0
2016-04-11 00:00:00+08:00,5.848434754873188,6.00877046585083,5.848434754873188,6.00877046585083,18000,0.0,0.0
2016-04-12 00:00:00+08:00,6.00877076065853,6.00877076065853,5.955325763754963,5.993500709533691,23000,0.0,0.0
2016-04-13 00:00:00+08:00,6.001136075776784,6.062216281890869,5.9095154025389105,6.062216281890869,52002,0.0,0.0
2016-04-14 00:00:00+08:00,6.0927557945251465,6.0927557945251465,5.917150036930978,6.0927557945251465,43000,0.0,0.0
2016-04-15 00:00:00+08:00,5.955325541896115,6.0545806884765625,5.955325541896115,6.0545806884765625,32000,0.0,0.0
2016-04-18 00:00:00+08:00,5.955325541896115,6.0545806884765625,5.917150233472827,6.0545806884765625,36490,0.0,0.0
2016-04-19 00:00:00+08:00,6.046946027141221,6.069850921630859,5.993500666554174,6.069850921630859,87443,0.0,0.0
2016-04-20 00:00:00+08:00,6.001136188787275,6.031676292419434,5.955326033339037,6.031676292419434,54000,0.0,0.0
2016-04-21 00:00:00+08:00,5.955325400162179,5.962960243225098,5.817894584362509,5.962960243225098,88000,0.0,0.0
2016-04-22 00:00:00+08:00,5.863704388423459,6.024040088003529,5.840799496521559,5.878974437713623,53000,0.0,0.0
2016-04-25 00:00:00+08:00,5.817894960767766,5.970595836639404,5.817894960767766,5.970595836639404,3320,0.0,0.0
2016-04-26 00:00:00+08:00,5.940055734278424,5.970595836639404,5.878975165489726,5.970595836639404,45000,0.0,0.0
2016-04-27 00:00:00+08:00,5.886610283119783,5.947690486907959,5.878975075612895,5.947690486907959,5000,0.0,0.0
2016-04-28 00:00:00+08:00,5.878975075612895,5.947690486907959,5.840800130278652,5.947690486907959,57000,0.0,0.0
2016-04-29 00:00:00+08:00,5.878975456572764,5.955326080322266,5.878975456572764,5.955326080322266,74000,0.0,0.0
2016-05-03 00:00:00+08:00,5.878975456572764,5.955326080322266,5.878975456572764,5.955326080322266,10002,0.0,0.0
2016-05-04 00:00:00+08:00,5.878974805284523,5.955325420575703,5.833164654549845,5.9400553703308105,88000,0.0,0.0
2016-05-05 00:00:00+08:00,5.917150721765462,6.039311136294097,5.917150721765462,6.031676292419434,171000,0.0,0.0
2016-05-06 00:00:00+08:00,6.031676292419434,6.031676292419434,5.894245462007966,6.031676292419434,80000,0.0,0.0
2016-05-09 00:00:00+08:00,5.99350048625268,6.0545806884765625,5.955325541896115,6.0545806884765625,118000,0.0,0.0
2016-05-10 00:00:00+08:00,5.955326033339037,6.031676292419434,5.917150721765462,6.031676292419434,201000,0.0,0.0
2016-05-11 00:00:00+08:00,5.955325853841814,6.0316761106209675,5.901880492063036,6.016406059265137,26000,0.0,0.0
2016-05-12 00:00:00+08:00,6.0164056215552755,6.031675671800168,5.9400553703308105,5.9400553703308105,28000,0.0,0.0
2016-05-13 00:00:00+08:00,6.00113596127431,6.008770804859523,5.917150497436523,5.917150497436523,36000,0.0,0.0
2016-05-16 00:00:00+08:00,5.84080024125069,5.917150497436523,5.810260138776357,5.917150497436523,27000,0.0,0.0
2016-05-17 00:00:00+08:00,5.77208424000826,6.001135349273682,5.77208424000826,6.001135349273682,52320,0.0,0.0
2016-05-18 00:00:00+08:00,6.0164063386988405,6.0164063386988405,5.848435401916504,5.848435401916504,12000,0.0,0.0
2016-05-19 00:00:00+08:00,5.871340612637867,5.955326080322266,5.863705404636215,5.955326080322266,20000,0.0,0.0
2016-05-20 00:00:00+08:00,5.825529811460756,5.9400553703308105,5.825529811460756,5.9400553703308105,3000,0.0,0.0
2016-05-23 00:00:00+08:00,5.825530531434527,6.321807407761463,5.825530531434527,6.29890251159668,200001,0.0,0.0
2016-05-24 00:00:00+08:00,6.451602408409507,6.466872823130217,6.26836180056169,6.352346897125244,100000,0.0,0.0
2016-05-25 00:00:00+08:00,6.352346946891988,6.673018377204656,6.306537158637867,6.451602458953857,336110,0.0,0.0
2016-05-26 00:00:00+08:00,6.451602571562714,6.543222877803589,6.3370773707949875,6.421062469482422,152000,0.0,0.0
2016-05-27 00:00:00+08:00,6.451603320765232,6.535589157339121,6.321807689817905,6.459238529205322,161005,0.0,0.0
2016-05-30 00:00:00+08:00,6.6195732136864756,6.6195732136864756,6.329441892277521,6.38288688659668,135000,0.0,0.0
2016-05-31 00:00:00+08:00,6.382886949226934,6.421062257600961,6.253091337635308,6.314172267913818,125000,0.0,0.0
2016-06-01 00:00:00+08:00,6.329441802494515,6.4592374109714115,6.260726394696932,6.390522003173828,54000,0.0,0.0
2016-06-02 00:00:00+08:00,6.39052219710679,6.451602399639702,6.207281589508057,6.207281589508057,37000,0.0,0.0
2016-06-03 00:00:00+08:00,6.184377035416182,6.321807134600138,6.184377035416182,6.2607269287109375,61000,0.0,0.0
2016-06-06 00:00:00+08:00,6.260726751527525,6.421062469482422,6.260726751527525,6.421062469482422,99000,0.0,0.0
2016-06-07 00:00:00+08:00,6.421062469482422,6.421062469482422,6.421062469482422,6.421062469482422,0,0.0,0.0
2016-06-08 00:00:00+08:00,6.375252689712069,6.779909224898542,6.375252689712069,6.772274017333984,362406,0.0,0.0
2016-06-13 00:00:00+08:00,6.764639013120548,7.444157215990282,6.75700453345996,7.085310459136963,669499,0.0,0.0
2016-06-14 00:00:00+08:00,7.024230386278068,7.176930904388428,6.955514971095031,7.176930904388428,272242,0.0,0.0
2016-06-15 00:00:00+08:00,7.146390773647803,7.40598201751709,7.100580982455283,7.40598201751709,201270,0.0,0.0
2016-06-16 00:00:00+08:00,7.543412963172283,8.093135562856682,7.543412963172283,8.054960250854492,899000,0.0,0.0
2016-06-17 00:00:00+08:00,8.20766091649939,8.245836229179583,7.787733933284345,7.940434455871582,765011,0.0,0.0
2016-06-20 00:00:00+08:00,7.902259487315283,7.902259487315283,7.635033039673321,7.787733554840088,233000,0.0,0.0
2016-06-21 00:00:00+08:00,7.940434070006856,7.940434070006856,7.673208350498385,7.787733554840088,240000,0.0,0.0
2016-06-22 00:00:00+08:00,7.864084176490218,7.978609380831921,7.71138366132345,7.787733554840088,264119,0.0,0.0
2016-06-23 00:00:00+08:00,7.864084418977056,8.093135562856682,7.787733794972676,8.054960250854492,264050,0.0,0.0
2016-06-24 00:00:00+08:00,8.093135172493762,8.207660374842828,7.711383527152234,7.902259349822998,381000,0.0,0.0
2016-06-27 00:00:00+08:00,7.864084153253186,8.284011114821103,7.749558221116396,8.01678466796875,424000,0.0,0.0
2016-06-28 00:00:00+08:00,7.902259871324918,8.284011541859773,7.902259871324918,7.940434455871582,285200,0.0,0.0
2016-06-29 00:00:00+08:00,8.1694856038192,8.1694856038192,7.940434455871582,7.940434455871582,213009,0.0,0.0
2016-06-30 00:00:00+08:00,7.978609768551773,8.054960393912156,7.940434455871582,7.940434455871582,36000,0.0,0.0
2016-07-01 00:00:00+08:00,7.711383638537622,8.054959978681014,7.711383638537622,8.01678466796875,134000,0.0,0.0
2016-07-04 00:00:00+08:00,8.054959934938568,8.627587408112397,7.978609313928663,8.474886894226074,562110,0.0,0.0
2016-07-05 00:00:00+08:00,8.436712428588796,8.818464115600657,8.322186485605105,8.627588272094727,485430,0.0,0.0
2016-07-06 00:00:00+08:00,8.627586848493674,8.85663796853276,8.360360420425835,8.39853572845459,291000,0.0,0.0
2016-07-07 00:00:00+08:00,8.551236232436167,8.589411540464921,8.39853572845459,8.39853572845459,161000,0.0,0.0
2016-07-08 00:00:00+08:00,8.39853572845459,8.39853572845459,8.39853572845459,8.39853572845459,0,0.0,0.0
2016-07-11 00:00:00+08:00,8.398535121143002,8.474885731679475,8.245834628203443,8.28400993347168,195000,0.0,0.0
2016-07-12 00:00:00+08:00,8.398536136121002,8.55123664751469,8.016784493570048,8.322185516357422,174000,0.0,0.0
2016-07-13 00:00:00+08:00,8.47488651161368,8.47488651161368,8.016784262502984,8.093134880065918,154100,0.0,0.0
2016-07-14 00:00:00+08:00,8.093134135263885,8.28400993347168,8.054958829995648,8.28400993347168,122110,0.0,0.0
2016-07-15 00:00:00+08:00,8.245834953381179,8.360360145568848,8.16948433983379,8.360360145568848,75110,0.0,0.0
2016-07-18 00:00:00+08:00,8.13130930038675,8.589411540464921,8.13130930038675,8.39853572845459,151000,0.0,0.0
2016-07-19 00:00:00+08:00,8.360360915475932,8.589412049078042,8.13130978187382,8.169485092163086,185100,0.0,0.0
2016-07-20 00:00:00+08:00,8.207660402452351,8.245835712741616,8.05495988942877,8.169485092163086,133000,0.0,0.0
2016-07-21 00:00:00+08:00,8.093134928401335,8.131309509277344,8.016784310382407,8.131309509277344,138000,0.0,0.0
2016-07-22 00:00:00+08:00,8.245836082731927,8.245836082731927,8.016784938852302,8.054960250854492,504000,0.0,0.0
2016-07-25 00:00:00+08:00,8.054960250854492,8.169485458727548,8.054960250854492,8.054960250854492,499000,0.0,0.0
2016-07-26 00:00:00+08:00,8.054960422001518,8.322186155427673,7.940434483561568,8.24583625793457,548001,0.0,0.0
2016-07-27 00:00:00+08:00,8.32218451060653,8.32218451060653,8.093134135263885,8.28400993347168,459000,0.0,0.0
2016-07-28 00:00:00+08:00,8.054959619391871,8.551236452114543,8.054959619391871,8.131309509277344,414000,0.0,0.0
2016-07-29 00:00:00+08:00,8.16948401766697,8.436710426411238,8.16948401766697,8.28400993347168,138320,0.0,0.0
2016-08-01 00:00:00+08:00,8.284010745315202,8.284010745315202,8.054959619391871,8.131309509277344,92000,0.0,0.0
2016-08-02 00:00:00+08:00,8.016785081231964,8.054960393912156,7.940434455871582,7.940434455871582,95000,0.0,0.0
2016-08-03 00:00:00+08:00,7.864084558644727,8.054960393912156,7.864084558644727,7.940434455871582,61000,0.0,0.0
2016-08-04 00:00:00+08:00,8.016783993418624,8.016783993418624,7.749557569051299,7.825908184051514,246000,0.0,0.0
2016-08-05 00:00:00+08:00,7.749558244015024,7.864084176490218,7.71138366132345,7.787733554840088,85005,0.0,0.0
2016-08-08 00:00:00+08:00,7.8640837555105705,8.131309460713931,7.8640837555105705,8.093134880065918,192964,0.0,0.0
2016-08-09 00:00:00+08:00,8.131310291139009,8.131310291139009,7.864084558644727,7.940434455871582,104000,0.0,0.0
2016-08-10 00:00:00+08:00,7.86408403966215,7.978609242011216,7.787733419340452,7.902259349822998,65000,0.0,0.0
2016-08-11 00:00:00+08:00,7.902258100892323,7.940432676886303,7.581586711236014,7.635031700134277,203000,0.0,0.0
2016-08-12 00:00:00+08:00,7.543411495994051,7.673207094676408,7.543411495994051,7.627396583557129,61000,0.0,0.0
2016-08-15 00:00:00+08:00,7.627396821907519,7.711382640228463,7.535776524939268,7.543411731719971,144000,0.0,0.0
2016-08-16 00:00:00+08:00,7.474697432439372,7.489967848259214,7.367806706100989,7.40598201751709,81000,0.0,0.0
2016-08-17 00:00:00+08:00,7.40598113900179,7.4823317527771,7.3678058321141355,7.4823317527771,33000,0.0,0.0
2016-08-18 00:00:00+08:00,7.413616976736993,7.5968575916272645,7.413616976736993,7.5510478019714355,66550,0.0,0.0
2016-08-19 00:00:00+08:00,7.436522205906294,7.604493141174316,7.428886997909221,7.604493141174316,26000,0.0,0.0
2016-08-22 00:00:00+08:00,7.451791722905389,7.6197619097757325,7.451791722905389,7.497601509094238,18000,0.0,0.0
2016-08-23 00:00:00+08:00,7.444156445889445,7.558681638418993,7.428886031881016,7.4823317527771,34000,0.0,0.0
2016-08-24 00:00:00+08:00,7.48233291321109,7.512873017830992,7.352537286543128,7.444157600402832,70000,0.0,0.0
2016-08-25 00:00:00+08:00,7.344901587854897,7.673208236694336,7.344901587854897,7.673208236694336,101000,0.0,0.0
2016-08-26 00:00:00+08:00,7.635032252131085,7.711382865905762,7.635032252131085,7.711382865905762,97002,0.0,0.0
2016-08-29 00:00:00+08:00,7.63503285767508,7.711383477505221,7.59685754776001,7.59685754776001,47000,0.0,0.0
2016-08-30 00:00:00+08:00,7.635032971533735,7.635032971533735,7.566317558288574,7.566317558288574,24650,0.0,0.0
2016-08-31 00:00:00+08:00,7.5663168454232075,7.596856945306648,7.4823317527771,7.4823317527771,76000,0.0,0.0
2016-09-01 00:00:00+08:00,7.413616401702813,7.42125160876439,7.344900994415475,7.352536201477051,58000,0.0,0.0
2016-09-02 00:00:00+08:00,7.46706257377573,7.46706257377573,7.230376942566046,7.314362049102783,65000,0.0,0.0
2016-09-05 00:00:00+08:00,7.0929452109724584,7.444156737454629,7.0929452109724584,7.436521530151367,30000,0.0,0.0
2016-09-06 00:00:00+08:00,7.497601931617139,7.497601931617139,7.253281116485597,7.253281116485596,47110,0.0,0.0
2016-09-07 00:00:00+08:00,7.131120708919824,7.329631735280936,7.131120708919824,7.253281116485596,28000,0.0,0.0
2016-09-08 00:00:00+08:00,7.405981419399768,7.405981419399768,7.154025403788719,7.29145622253418,25000,0.0,0.0
2016-09-09 00:00:00+08:00,7.398346533589841,7.398346533589841,7.169296129905644,7.22274112701416,37000,0.0,0.0
2016-09-12 00:00:00+08:00,7.176930297535147,7.29145622253418,7.176930297535147,7.29145622253418,32000,0.0,0.0
2016-09-13 00:00:00+08:00,7.22274202347681,7.329632759094238,7.215106814904086,7.329632759094238,28000,0.0,0.0
2016-09-14 00:00:00+08:00,7.207470105959762,7.367805811942204,7.199835627109866,7.276185512542725,38000,0.0,0.0
2016-09-19 00:00:00+08:00,7.398346581184181,7.398346581184181,7.184565863241368,7.321996688842773,33000,0.0,0.0
2016-09-20 00:00:00+08:00,7.253281800270723,7.268552216722757,7.21510648727417,7.21510648727417,30000,0.0,0.0
2016-09-21 00:00:00+08:00,7.253281800270723,7.291457113267275,7.21510648727417,7.21510648727417,56000,0.0,0.0
2016-09-22 00:00:00+08:00,7.1922014083997,7.253281616392322,7.184566200367243,7.230376720428467,42000,0.0,0.0
2016-09-23 00:00:00+08:00,7.306726643527318,7.306726643527318,7.138756434989657,7.146390914916992,82001,0.0,0.0
2016-09-26 00:00:00+08:00,7.14639048161177,7.14639048161177,7.10058069229126,7.10058069229126,54050,0.0,0.0
2016-09-27 00:00:00+08:00,7.10058069229126,7.10058069229126,7.10058069229126,7.10058069229126,0,0.0,0.0
2016-09-28 00:00:00+08:00,7.10058069229126,7.10058069229126,7.10058069229126,7.10058069229126,0,0.0,0.0
2016-09-29 00:00:00+08:00,7.100580714127668,7.169296126453227,7.077675819396973,7.077675819396973,96836,0.0,0.0
2016-09-30 00:00:00+08:00,7.062405586242676,7.085310481563922,7.039500690921429,7.062405586242676,66109,0.0,0.0
2016-10-03 00:00:00+08:00,7.062405586242676,7.062405586242676,7.0013253799636885,7.062405586242676,85000,0.0,0.0
2016-10-04 00:00:00+08:00,7.0853098588280305,7.0853098588280305,6.963149457006873,6.970784664154053,57000,0.0,0.0
2016-10-05 00:00:00+08:00,6.947880268096925,7.0242301606326984,6.940245060403302,6.947880268096924,91000,0.0,0.0
2016-10-06 00:00:00+08:00,6.947879476277005,6.947879476277005,6.7340980540202295,6.787543773651123,149000,0.0,0.0
2016-10-07 00:00:00+08:00,6.734098589089246,6.787544312966759,6.650113491758094,6.657748699188232,132000,0.0,0.0
2016-10-11 00:00:00+08:00,6.787544079214459,6.787544079214459,6.344712257385254,6.344712257385254,132000,0.0,0.0
2016-10-12 00:00:00+08:00,6.2989017021548594,6.390522003173828,6.260726394696932,6.390522003173828,39000,0.0,0.0
2016-10-13 00:00:00+08:00,6.275997615431896,6.337077823960334,6.146201990275586,6.29890251159668,107000,0.0,0.0
2016-10-14 00:00:00+08:00,6.260726635002129,6.30653715133667,6.199646431978378,6.30653715133667,15050,0.0,0.0
2016-10-17 00:00:00+08:00,6.298902306524477,6.337077617645264,6.298902306524477,6.337077617645264,18000,0.0,0.0
2016-10-18 00:00:00+08:00,6.375252407503541,6.38288688659668,6.275996897958364,6.38288688659668,12015,0.0,0.0
2016-10-19 00:00:00+08:00,6.28363159831014,6.321806907653809,6.245457017099935,6.321806907653809,36000,0.0,0.0
2016-10-20 00:00:00+08:00,6.245457355056674,6.245457355056674,6.214917251555833,6.230186939239502,28000,0.0,0.0
2016-10-21 00:00:00+08:00,6.192011919486952,6.306537859109645,6.169107022815828,6.245457649230957,86100,0.0,0.0
2016-10-24 00:00:00+08:00,6.184376458884455,6.184376458884455,6.07748574447638,6.0927557945251465,52000,0.0,0.0
2016-10-25 00:00:00+08:00,6.115661508187725,6.1462016105651855,6.108026300559991,6.1462016105651855,9000,0.0,0.0
2016-10-26 00:00:00+08:00,6.146201519627568,6.153836727142334,6.146201519627568,6.153836727142334,6000,0.0,0.0
2016-10-27 00:00:00+08:00,6.169106371217296,6.245456989568056,6.108026167790072,6.199646472930908,63000,0.0,0.0
2016-10-28 00:00:00+08:00,6.199646472930908,6.199646472930908,6.199646472930908,6.199646472930908,8000,0.0,0.0
2016-10-31 00:00:00+08:00,6.092756760467467,6.245457649230957,6.069851499729575,6.245457649230957,18000,0.0,0.0
2016-11-01 00:00:00+08:00,6.108025937083214,6.115661144256592,6.0774858365231355,6.115661144256592,19000,0.0,0.0
2016-11-02 00:00:00+08:00,6.169106960296631,6.169106960296631,6.169106960296631,6.169106960296631,1000,0.0,0.0
2016-11-03 00:00:00+08:00,6.1003916046689195,6.245457649230957,5.810260607745149,6.245457649230957,110000,0.0,0.0
2016-11-04 00:00:00+08:00,6.176741966705565,6.176741966705565,6.031676292419434,6.031676292419434,15000,0.0,0.0
2016-11-07 00:00:00+08:00,6.031675775146795,6.108026027679443,6.031675775146795,6.108026027679443,10000,0.0,0.0
2016-11-08 00:00:00+08:00,6.06985117084176,6.130931377410889,6.06985117084176,6.130931377410889,4000,0.0,0.0
2016-11-09 00:00:00+08:00,6.001136255120832,6.077486515045166,6.001136255120832,6.077486515045166,5000,0.0,0.0
2016-11-10 00:00:00+08:00,6.108026027679443,6.108026027679443,6.108026027679443,6.108026027679443,3000,0.0,0.0
2016-11-11 00:00:00+08:00,6.108026210187205,6.153836727142334,6.108026210187205,6.153836727142334,2000,0.0,0.0
2016-11-14 00:00:00+08:00,6.046946435947176,6.046946435947176,5.978231019699262,6.024041175842285,44000,0.0,0.0
2016-11-15 00:00:00+08:00,6.024041151064754,6.077486515045166,6.024041151064754,6.077486515045166,17000,0.0,0.0
2016-11-16 00:00:00+08:00,6.031675976125883,6.069850921630859,5.993500666554174,6.069850921630859,12990,0.0,0.0
2016-11-17 00:00:00+08:00,5.962960834001662,5.962960834001662,5.87897536758847,5.93242073059082,72000,0.0,0.0
2016-11-18 00:00:00+08:00,5.848435306559727,6.031676292419434,5.848435306559727,6.031676292419434,19000,0.0,0.0
2016-11-21 00:00:00+08:00,5.970596175708804,6.024041175842285,5.8942455514036745,6.024041175842285,48000,0.0,0.0
2016-11-22 00:00:00+08:00,5.924785370818136,6.00877046585083,5.87897485562448,6.00877046585083,45220,0.0,0.0
2016-11-23 00:00:00+08:00,5.90188042429383,5.970595836639404,5.848435063128746,5.970595836639404,123110,0.0,0.0
2016-11-24 00:00:00+08:00,5.894244487003787,5.894244487003787,5.878974437713623,5.878974437713623,25100,0.0,0.0
2016-11-25 00:00:00+08:00,5.878974805284523,5.9400553703308105,5.878974805284523,5.9400553703308105,5000,0.0,0.0
2016-11-28 00:00:00+08:00,5.985866069793701,5.985866069793701,5.985866069793701,5.985866069793701,1000,0.0,0.0
2016-11-29 00:00:00+08:00,5.901879787445068,5.901879787445068,5.901879787445068,5.901879787445068,14000,0.0,0.0
2016-11-30 00:00:00+08:00,5.878975118306392,5.917150427984599,5.871340274810791,5.871340274810791,5000,0.0,0.0
2016-12-01 00:00:00+08:00,5.985865817782756,5.985865817782756,5.894245147705078,5.894245147705078,39110,0.0,0.0
2016-12-02 00:00:00+08:00,5.993500709533691,6.001135917129479,5.993500709533691,5.993500709533691,25000,0.0,0.0
2016-12-05 00:00:00+08:00,5.91714974297238,5.91714974297238,5.878974437713623,5.878974437713623,7100,0.0,0.0
2016-12-06 00:00:00+08:00,5.886609644392051,5.886609644392051,5.878974437713623,5.878974437713623,5000,0.0,0.0
2016-12-07 00:00:00+08:00,5.894245147942062,6.0164059200282995,5.894245147942062,5.924785614013672,58000,0.0,0.0
2016-12-08 00:00:00+08:00,6.069850965157886,6.069850965157886,5.993500709533691,5.993500709533691,314000,0.0,0.0
2016-12-09 00:00:00+08:00,6.108026300559991,6.1462016105651855,5.9935007346111435,6.1462016105651855,47000,0.0,0.0
2016-12-12 00:00:00+08:00,6.176741371493925,6.6424780890377635,6.176741371493925,6.466872692108154,122011,0.0,0.0
2016-12-13 00:00:00+08:00,6.482142378386043,6.55849299417579,6.466872692108154,6.466872692108154,35000,0.0,0.0
2016-12-14 00:00:00+08:00,6.275996959539791,6.321806747081868,6.275996959539791,6.314172267913818,36000,0.0,0.0
2016-12-15 00:00:00+08:00,6.466872873794201,6.512682662048322,6.413427149986452,6.451602458953857,46000,0.0,0.0
2016-12-16 00:00:00+08:00,6.5584925719857265,6.734097957611084,6.47450675439674,6.734097957611084,261000,0.0,0.0
2016-12-19 00:00:00+08:00,6.665382648875795,6.947879476277005,6.665382648875795,6.787543773651123,378000,0.0,0.0
2016-12-20 00:00:00+08:00,6.7188293376635855,6.757004649154132,6.703558921813965,6.703558921813965,16000,0.0,0.0
2016-12-21 00:00:00+08:00,6.718828930481314,6.8715294390558626,6.703558515557129,6.779909133911133,262118,0.0,0.0
2016-12-22 00:00:00+08:00,6.810448979834698,6.863893973795102,6.6806533703879145,6.7188286781311035,64000,0.0,0.0
2016-12-23 00:00:00+08:00,6.718828583431604,6.833353776913546,6.6653828620910645,6.6653828620910645,22330,0.0,0.0
2016-12-26 00:00:00+08:00,6.535588079957639,6.619573174553165,6.489777565002441,6.489777565002441,76000,0.0,0.0
2016-12-27 00:00:00+08:00,6.489777565002441,6.489777565002441,6.45923746441012,6.489777565002441,22000,0.0,0.0
2016-12-28 00:00:00+08:00,6.489777565002441,6.489777565002441,6.489777565002441,6.489777565002441,22000,0.0,0.0
2016-12-29 00:00:00+08:00,6.604303630069113,6.642478942871094,6.604303630069113,6.642478942871094,13000,0.0,0.0
2016-12-30 00:00:00+08:00,6.5050488361709045,6.642478942871094,6.5050488361709045,6.642478942871094,25231,0.0,0.0
2017-01-03 00:00:00+08:00,6.634842784862211,6.642477991956282,6.413426876068115,6.413426876068115,74050,0.0,0.0
2017-01-04 00:00:00+08:00,6.352346946891988,6.497412975341434,6.352346946891988,6.451602458953857,19000,0.0,0.0
2017-01-05 00:00:00+08:00,6.451602571562714,6.451602571562714,6.413427261928982,6.421062469482422,27089,0.0,0.0
2017-01-06 00:00:00+08:00,6.375252569152504,6.4516024589538565,6.375252569152504,6.451602458953857,7000,0.0,0.0
2017-01-09 00:00:00+08:00,6.451602451484715,6.489777760407923,6.184376745289168,6.30653715133667,68550,0.0,0.0
2017-01-10 00:00:00+08:00,6.222551367182752,6.222551367182752,6.19201126546914,6.199646472930908,44000,0.0,0.0
2017-01-11 00:00:00+08:00,6.245457032919126,6.245457032919126,6.146201519627568,6.153836727142334,53000,0.0,0.0
2017-01-12 00:00:00+08:00,6.16147143411569,6.23782205581665,6.153836954452387,6.23782205581665,38000,0.0,0.0
2017-01-13 00:00:00+08:00,6.153837022216467,6.253091812133789,6.153837022216467,6.253091812133789,9000,0.0,0.0
2017-01-16 00:00:00+08:00,6.153836191733993,6.2301860758385095,6.153836191733993,6.222550868988037,7400,0.0,0.0
2017-01-17 00:00:00+08:00,6.153836191733993,6.222550868988037,6.153836191733993,6.222550868988037,6000,0.0,0.0
2017-01-18 00:00:00+08:00,6.222550868988037,6.222550868988037,6.222550868988037,6.222550868988037,6000,0.0,0.0
2017-01-19 00:00:00+08:00,6.2607269287109375,6.2607269287109375,6.2607269287109375,6.2607269287109375,2000,0.0,0.0
2017-01-20 00:00:00+08:00,6.184377125606451,6.253091812133789,6.184377125606451,6.253091812133789,3000,0.0,0.0
2017-01-23 00:00:00+08:00,6.161471412107615,6.2607269287109375,6.161471412107615,6.2607269287109375,31000,0.0,0.0
2017-01-24 00:00:00+08:00,6.230186666089466,6.230186666089466,6.19201135635376,6.19201135635376,23020,0.0,0.0
2017-02-02 00:00:00+08:00,6.192011605353822,6.26072702001466,6.146201814335596,6.253091812133789,47000,0.0,0.0
2017-02-03 00:00:00+08:00,6.382886725757451,6.382886725757451,6.268361532778424,6.3752522468566895,25220,0.0,0.0
2017-02-06 00:00:00+08:00,6.375252296864608,6.451602183405047,6.344712196621748,6.413426876068115,65000,0.0,0.0
2017-02-07 00:00:00+08:00,6.413427219740361,6.5279531478881845,6.413427219740361,6.527953147888184,47000,0.0,0.0
2017-02-08 00:00:00+08:00,6.520318484754014,6.5432233810424805,6.4516030677550935,6.5432233810424805,37355,0.0,0.0
2017-02-09 00:00:00+08:00,6.558493705653573,6.558493705653573,6.443967769544963,6.550858497619629,95000,0.0,0.0
2017-02-10 00:00:00+08:00,6.566128229800304,7.199835867944274,6.566128229800304,7.192200660705566,617450,0.0,0.0
2017-02-13 00:00:00+08:00,7.268552396185013,7.6732089764190565,7.215106665416839,7.528142929077148,658100,0.0,0.0
2017-02-14 00:00:00+08:00,7.512872346629593,7.512872346629593,7.24564590897937,7.253281116485596,231100,0.0,0.0
2017-02-15 00:00:00+08:00,7.176930318124445,7.268551349639893,7.138755737815362,7.268551349639893,132000,0.0,0.0
2017-02-16 00:00:00+08:00,7.268551349639893,7.329631551894559,7.230376041197363,7.268551349639893,198000,0.0,0.0
2017-02-17 00:00:00+08:00,7.253281456903486,7.306726455688477,7.253281456903486,7.306726455688477,83000,0.0,0.0
2017-02-20 00:00:00+08:00,7.329631378388769,7.3678059577941895,7.23801034904216,7.3678059577941895,86020,0.0,0.0
2017-02-21 00:00:00+08:00,7.367805056844258,7.398345153514148,7.192199683025728,7.299090385437012,146110,0.0,0.0
2017-02-22 00:00:00+08:00,7.2990920193122095,7.40598201751709,7.2990920193122095,7.40598201751709,69000,0.0,0.0
2017-02-23 00:00:00+08:00,7.474697043611994,7.558682141851781,7.459427356719971,7.459427356719971,162000,0.0,0.0
2017-02-24 00:00:00+08:00,7.459426641532422,7.543411731719971,7.459426641532422,7.543411731719971,94004,0.0,0.0
2017-03-01 00:00:00+08:00,7.5434118961717065,7.5434118961717065,7.344900884346117,7.383076190948486,76000,0.0,0.0
2017-03-02 00:00:00+08:00,7.3830763015899326,7.4823318089901525,7.352536201477051,7.352536201477051,26000,0.0,0.0
2017-03-03 00:00:00+08:00,7.2532807633110705,7.390711579197557,7.2532807633110705,7.3678059577941895,25118,0.0,0.0
2017-03-06 00:00:00+08:00,7.3678059577941895,7.3678059577941895,7.283820863715464,7.3678059577941895,41000,0.0,0.0
2017-03-07 00:00:00+08:00,7.329633087540789,7.329633087540789,7.253282454659356,7.260917663574219,47000,0.0,0.0
2017-03-08 00:00:00+08:00,7.558683191207411,7.558683191207411,7.276187027218741,7.329632759094238,57000,0.0,0.0
2017-03-09 00:00:00+08:00,7.329631735280936,7.329631735280936,7.253281116485597,7.253281116485596,49000,0.0,0.0
2017-03-10 00:00:00+08:00,7.253281410628685,7.413617134094237,7.253281410628685,7.413617134094238,206000,0.0,0.0
2017-03-13 00:00:00+08:00,7.482332389354214,7.5586822814917545,7.405981769083195,7.5510478019714355,100000,0.0,0.0
2017-03-14 00:00:00+08:00,7.825908590924064,7.864083900408923,7.635032771633234,7.749557971954346,312000,0.0,0.0
2017-03-15 00:00:00+08:00,7.787733554840088,7.825908865665153,7.635033039673321,7.787733554840088,152000,0.0,0.0
2017-03-16 00:00:00+08:00,7.787732751547023,7.787732751547023,7.711382865905762,7.711382865905762,83300,0.0,0.0
2017-03-17 00:00:00+08:00,7.7495574446596835,7.787732751547023,7.711382865905762,7.711382865905762,90110,0.0,0.0
2017-03-20 00:00:00+08:00,7.749557971954346,7.864083900408923,7.749557971954346,7.749557971954346,152000,0.0,0.0
2017-03-21 00:00:00+08:00,7.825909510998694,8.284011822408136,7.825909510998694,7.978610038757324,452492,0.0,0.0
2017-03-22 00:00:00+08:00,7.978609772003318,8.74211311340332,7.978609772003318,8.74211311340332,1645060,0.0,0.0
2017-03-23 00:00:00+08:00,9.5819673538208,9.5819673538208,9.5819673538208,9.5819673538208,469050,0.0,0.0
2017-03-24 00:00:00+08:00,10.269118974952445,10.383644903883596,9.696491514697103,9.73466682434082,3703184,0.0,0.0
2017-03-27 00:00:00+08:00,9.811017766397478,9.811017766397478,9.047514460938796,9.314740180969238,1089832,0.0,0.0
2017-03-28 00:00:00+08:00,9.658317860634698,9.658317860634698,8.436712839568528,8.551238059997559,868052,0.0,0.0
2017-03-29 00:00:00+08:00,8.55123727805332,9.047514886843437,8.55123727805332,8.74211311340332,544000,0.0,0.0
2017-03-30 00:00:00+08:00,8.9711641164923,8.9711641164923,8.703937660066783,8.85663890838623,261000,0.0,0.0
2017-03-31 00:00:00+08:00,8.856638276232445,9.352915113447713,8.856638276232445,8.932988166809082,344000,0.0,0.0
2017-04-05 00:00:00+08:00,9.085688367711363,9.811017036437988,9.085688367711363,9.811017036437988,543050,0.0,0.0
2017-04-06 00:00:00+08:00,10.154594243208555,10.765397041321382,9.925543102899557,9.96371841430664,6239110,0.0,0.0
2017-04-07 00:00:00+08:00,10.116419185291637,10.765397311073189,10.001893976334197,10.498170852661133,2010050,0.0,0.0
2017-04-10 00:00:00+08:00,10.612693919222997,10.65086922388016,10.1927677523943,10.307292938232422,808200,0.0,0.0
2017-04-11 00:00:00+08:00,10.345470951964465,10.765397956889021,10.116419792175293,10.116419792175293,813110,0.0,0.0
2017-04-12 00:00:00+08:00,9.84919248008539,10.192769554615639,9.84919248008539,9.96371841430664,340000,0.0,0.0
2017-04-13 00:00:00+08:00,9.811017857256335,9.887367751629176,9.50561609536447,9.658316612243652,683000,0.0,0.0
2017-04-14 00:00:00+08:00,9.734667144598212,9.734667144598212,9.200214976403833,9.314740180969238,603001,0.0,0.0
2017-04-17 00:00:00+08:00,9.352915217644185,9.391090527424529,9.009338885888031,9.276564598083496,962050,0.0,0.0
2017-04-18 00:00:00+08:00,9.314740451845196,9.734667427685796,9.276565139835412,9.35291576385498,453004,0.0,0.0
2017-04-19 00:00:00+08:00,9.467440370107909,9.467440370107909,9.162039349704479,9.23838996887207,272220,0.0,0.0
2017-04-20 00:00:00+08:00,9.238390016436623,9.467440418851744,9.20021470665628,9.276564598083496,231000,0.0,0.0
2017-04-21 00:00:00+08:00,9.429266113668136,9.429266113668136,9.238390287303465,9.314740180969238,108000,0.0,0.0
2017-04-24 00:00:00+08:00,9.429265788657581,9.429265788657581,9.23838996887207,9.23838996887207,107000,0.0,0.0
2017-04-25 00:00:00+08:00,9.276564550322398,9.35291516948999,9.200214659288275,9.23838996887207,263000,0.0,0.0
2017-04-26 00:00:00+08:00,9.238390652067572,9.314740548747908,9.200215339660645,9.200215339660645,130000,0.0,0.0
2017-04-27 00:00:00+08:00,9.238390104319656,9.238390104319656,9.12386417388916,9.12386417388916,294000,0.0,0.0
2017-04-28 00:00:00+08:00,9.162039349704479,9.23838996887207,9.162039349704479,9.23838996887207,133000,0.0,0.0
2017-05-02 00:00:00+08:00,9.23838996887207,9.23838996887207,9.200214659288275,9.23838996887207,246000,0.0,0.0
2017-05-03 00:00:00+08:00,9.23839037933476,9.23839037933476,9.162039756774902,9.162039756774902,177000,0.0,0.0
2017-05-04 00:00:00+08:00,9.162039756774902,9.391090896320975,9.162039756774902,9.162039756774902,453226,0.0,0.0
2017-05-05 00:00:00+08:00,9.314740180969238,9.314740180969238,9.238390287303465,9.314740180969238,87000,0.0,0.0
2017-05-08 00:00:00+08:00,9.35291576385498,9.35291576385498,9.276565139835412,9.35291576385498,158000,0.0,0.0
2017-05-09 00:00:00+08:00,9.505615915695179,9.543791226226784,9.352915401702248,9.467440605163574,248000,0.0,0.0
2017-05-10 00:00:00+08:00,9.467441148393611,10.383645741188854,9.467441148393611,10.345470428466797,3872503,0.0,0.0
2017-05-11 00:00:00+08:00,10.154593741078774,10.574520689524913,10.040067812520663,10.192769050598145,1052527,0.0,0.0
2017-05-12 00:00:00+08:00,10.2309427994592,10.269118105872122,10.00189241724848,10.078242301940918,527000,0.0,0.0
2017-05-15 00:00:00+08:00,10.307294002072105,11.070797261484854,10.307294002072105,10.650870323181152,3370110,0.0,0.0
2017-05-16 00:00:00+08:00,10.689045906066895,10.803571106664224,10.38364488571837,10.689045906066895,817535,0.0,0.0
2017-05-17 00:00:00+08:00,10.68904631605207,10.918097454165597,10.574521111062051,10.612695693969727,705000,0.0,0.0
2017-05-18 00:00:00+08:00,10.38364523852175,10.5745210647583,10.269119305899725,10.5745210647583,378030,0.0,0.0
2017-05-19 00:00:00+08:00,10.803571194824796,10.803571194824796,10.536345481872559,10.536345481872559,188000,0.0,0.0
2017-05-22 00:00:00+08:00,10.68904631605207,10.68904631605207,10.45999517793854,10.612695693969727,217000,0.0,0.0
2017-05-23 00:00:00+08:00,10.689044554986491,10.87992035061125,10.498168759361734,10.765395164489746,523966,0.0,0.0
2017-05-24 00:00:00+08:00,10.918097192509572,11.834300994873047,10.918097192509572,11.834300994873047,4630190,0.0,0.0
2017-05-25 00:00:00+08:00,12.063350953963418,12.750504284989226,11.681599346104662,12.101526260375977,7097412,0.0,0.0
2017-05-26 00:00:00+08:00,12.216052055358887,12.292402671958257,11.796125120329236,12.216052055358887,1276050,0.0,0.0
2017-05-31 00:00:00+08:00,12.29240358034965,13.094081473218695,11.948826508396063,12.674155235290527,2429320,0.0,0.0
2017-06-01 00:00:00+08:00,12.674154874629236,12.941381316736937,12.52145363449142,12.788680076599121,1116000,0.0,0.0
2017-06-02 00:00:00+08:00,12.750505494698144,14.048460210801764,12.597804254560328,12.788680076599121,9106567,0.0,0.0
2017-06-05 00:00:00+08:00,14.201161277271234,14.315686477840572,13.437657998453071,13.590357780456543,2923321,0.0,0.0
2017-06-06 00:00:00+08:00,13.93393483843149,13.972109419865625,13.590357780456541,13.590357780456543,1664800,0.0,0.0
2017-06-07 00:00:00+08:00,13.743058372946345,13.743058372946345,12.979555130004883,12.979555130004883,2012442,0.0,0.0
2017-06-08 00:00:00+08:00,12.97955433248678,13.437656541357317,12.97955433248678,13.132255554199219,1252675,0.0,0.0
2017-06-09 00:00:00+08:00,13.246781300800391,13.323131914875354,12.712328458542478,12.750504493713379,1179000,0.0,0.0
2017-06-12 00:00:00+08:00,12.597803732509137,12.597803732509137,12.063351598574833,12.254226684570312,1074375,0.0,0.0
2017-06-13 00:00:00+08:00,12.44510323599363,12.941381547143733,12.44510323599363,12.521453857421875,548000,0.0,0.0
2017-06-14 00:00:00+08:00,12.674155385615553,12.674155385615553,11.987001961691718,12.063352584838867,855110,0.0,0.0
2017-06-15 00:00:00+08:00,12.063352932449884,13.246783256530762,11.910652409888954,13.246783256530762,2425870,0.0,0.0
2017-06-16 00:00:00+08:00,13.704883832775856,14.277511266631112,13.475831985473633,13.475831985473633,8260527,0.0,0.0
2017-06-19 00:00:00+08:00,13.590357517449473,13.933934568775355,13.43765773840112,13.819409370422363,2275341,0.0,0.0
2017-06-20 00:00:00+08:00,13.895760208008808,14.201161227206017,13.552183151245117,13.552183151245117,3264100,0.0,0.0
2017-06-21 00:00:00+08:00,13.59035773254467,13.743058970276739,13.437657951079531,13.552183151245117,715000,0.0,0.0
2017-06-22 00:00:00+08:00,13.628534359071931,14.659264117639337,13.628534359071931,14.162985801696777,7697357,0.0,0.0
2017-06-23 00:00:00+08:00,14.124810169713703,14.506561795922181,13.972108936723558,14.08663558959961,2871217,0.0,0.0
2017-06-26 00:00:00+08:00,14.124809821446735,14.124809821446735,13.666707590038337,13.743058204650879,1500187,0.0,0.0
2017-06-27 00:00:00+08:00,13.819408819263419,14.506561438242594,13.552182396252949,13.743058204650879,4880345,0.0,0.0
2017-06-28 00:00:00+08:00,13.628533166844718,13.704883782331096,13.437657356262207,13.437657356262207,1084251,0.0,0.0
2017-06-29 00:00:00+08:00,13.628533217008448,13.895759644060941,13.437657405723364,13.475831985473633,1009000,0.0,0.0
2017-06-30 00:00:00+08:00,13.475832484602558,13.552183103197901,13.246782085083447,13.514008522033691,557031,0.0,0.0
2017-07-03 00:00:00+08:00,13.666708302957456,13.743058921552802,13.475832484602558,13.514008522033691,525000,0.0,0.0
2017-07-04 00:00:00+08:00,13.475832342718785,13.666708159064001,13.361307144165039,13.361307144165039,353000,0.0,0.0
2017-07-05 00:00:00+08:00,13.361307918161586,13.437658540375908,13.094081468544957,13.170432090759277,691500,0.0,0.0
2017-07-06 00:00:00+08:00,13.246781802914336,13.475832197554453,13.208605766296387,13.208605766296387,285000,0.0,0.0
2017-07-07 00:00:00+08:00,13.28495531964488,13.323131353206376,13.132255554199219,13.132255554199219,282240,0.0,0.0
2017-07-10 00:00:00+08:00,13.361307000234394,13.361307000234394,13.208605766296387,13.208605766296387,212220,0.0,0.0
2017-07-11 00:00:00+08:00,13.590357130968098,13.97210875213312,13.399481320385586,13.437657356262207,1095000,0.0,0.0
2017-07-12 00:00:00+08:00,13.399481913513048,13.666708351410705,13.399481913513048,13.552183151245117,402108,0.0,0.0
2017-07-13 00:00:00+08:00,13.666708399591746,13.666708399591746,13.361307379317866,13.590357780456543,319000,0.0,0.0
2017-07-14 00:00:00+08:00,13.666709557494935,13.666709557494935,13.284957885742188,13.284957885742188,852000,0.0,0.0
2017-07-17 00:00:00+08:00,13.361308511346149,13.361308511346149,13.170432675469774,13.284957885742188,303000,0.0,0.0
2017-07-18 00:00:00+08:00,13.284956478063252,13.361307095577073,13.20860586054943,13.323132514953613,266110,0.0,0.0
2017-07-19 00:00:00+08:00,13.552184347222521,13.552184347222521,13.284957885742188,13.284957885742188,309180,0.0,0.0
2017-07-20 00:00:00+08:00,13.2467827129736,13.437658540375908,13.170432090759277,13.170432090759277,416000,0.0,0.0
2017-07-21 00:00:00+08:00,13.284955635330842,14.239334653045224,13.246781057128992,13.857583045959473,6437877,0.0,0.0
2017-07-24 00:00:00+08:00,14.010285970399325,14.124811175160744,13.590358277918137,13.628534317016602,3852783,0.0,0.0
2017-07-25 00:00:00+08:00,13.819409394646936,13.819409394646936,13.323132563402758,13.361307144165039,2003000,0.0,0.0
2017-07-26 00:00:00+08:00,13.361307314570304,13.361307314570304,13.055906295776369,13.055906295776367,2794355,0.0,0.0
2017-07-27 00:00:00+08:00,13.055907421296217,13.552184301652622,12.979556795948989,13.246783256530762,1293248,0.0,0.0
2017-07-28 00:00:00+08:00,13.323132782122434,13.323132782122434,13.017730305942912,13.094080924987793,1054062,0.0,0.0
2017-07-31 00:00:00+08:00,13.208606077039873,13.208606077039873,13.017730258260297,13.055906295776367,646162,0.0,0.0
2017-08-01 00:00:00+08:00,13.055906518706822,13.208606302577685,12.788680076599121,12.788680076599121,1259400,0.0,0.0
2017-08-02 00:00:00+08:00,12.788679319269516,13.055905745552401,12.788679319269516,12.979555130004883,778199,0.0,0.0
2017-08-03 00:00:00+08:00,12.979554981483957,12.979554981483957,12.82685375213623,12.82685375213623,528001,0.0,0.0
2017-08-04 00:00:00+08:00,12.826854299972904,12.979555535842524,12.406928085731824,12.903204917907715,1094831,0.0,0.0
2017-08-07 00:00:00+08:00,12.90320489368314,13.437657761956507,12.90320489368314,13.361307144165039,1775000,0.0,0.0
2017-08-08 00:00:00+08:00,13.704883782331096,13.743058361940854,13.361306740775829,13.437657356262207,3279000,0.0,0.0
2017-08-09 00:00:00+08:00,13.62853343149246,13.666708011843516,13.208605766296387,13.208605766296387,1493500,0.0,0.0
2017-08-10 00:00:00+08:00,13.208605469785889,13.284956085040951,12.865029885538393,12.941380500793457,1731222,0.0,0.0
2017-08-11 00:00:00+08:00,12.865029934817036,13.01772970964521,12.635978088174477,12.979555130004883,1466273,0.0,0.0
2017-08-14 00:00:00+08:00,13.13225713877573,13.208606302577685,12.674154874629236,12.788680076599121,1098141,0.0,0.0
2017-08-15 00:00:00+08:00,12.979555179430614,13.208605570678523,12.712328752130139,13.017729759216309,977000,0.0,0.0
2017-08-16 00:00:00+08:00,13.017729759216309,13.132256411107134,12.94138059964492,13.017729759216309,394000,0.0,0.0
2017-08-17 00:00:00+08:00,13.1322569626437,13.361307363511408,13.055906343598819,13.094080924987793,893843,0.0,0.0
2017-08-18 00:00:00+08:00,13.055905745552401,13.132256361099921,12.865029934817036,12.979555130004883,331000,0.0,0.0
2017-08-21 00:00:00+08:00,13.132256699302513,13.514008330604716,13.132256699302513,13.323132514953613,3095122,0.0,0.0
2017-08-22 00:00:00+08:00,13.361305930501098,13.361305930501098,13.132255554199219,13.132255554199219,1076000,0.0,0.0
2017-08-23 00:00:00+08:00,13.132256605594277,13.361307000234394,13.132256605594277,13.208605766296387,934000,0.0,0.0
2017-08-24 00:00:00+08:00,13.361307319841888,14.506562232971193,13.323132738577682,14.506562232971191,13080770,0.0,0.0
2017-08-25 00:00:00+08:00,14.659263432163092,14.888313831682202,13.514008522033691,13.514008522033691,12795162,0.0,0.0
2017-08-28 00:00:00+08:00,13.399480507795818,13.628532340364474,13.132255554199219,13.132255554199219,4329313,0.0,0.0
2017-08-29 00:00:00+08:00,13.208606673732943,13.399482501135251,13.170432090759277,13.170432090759277,1286313,0.0,0.0
2017-08-30 00:00:00+08:00,13.246781802914336,13.39948158058545,13.208605766296387,13.208605766296387,1002283,0.0,0.0
2017-08-31 00:00:00+08:00,13.323131353206376,13.323131353206376,13.09407952063772,13.132255554199219,975564,0.0,0.0
2017-09-01 00:00:00+08:00,13.2467827129736,13.2467827129736,13.094081468544957,13.170432090759277,1068173,0.0,0.0
2017-09-04 00:00:00+08:00,13.170430131493939,13.28495531964488,13.09407952063772,13.132255554199219,1231000,0.0,0.0
2017-09-05 00:00:00+08:00,13.1704315293443,14.201161244633328,13.1704315293443,14.048460006713867,7724596,0.0,0.0
2017-09-06 00:00:00+08:00,13.666708302957456,13.972109321071912,13.437657903438346,13.514008522033691,3932689,0.0,0.0
2017-09-07 00:00:00+08:00,13.704884679456184,14.85013961791992,13.704884679456184,14.850139617919922,14377772,0.0,0.0
2017-09-08 00:00:00+08:00,14.773789354373347,15.57546724815988,14.58291352668446,15.231891632080078,11354929,0.0,0.0
2017-09-11 00:00:00+08:00,15.689991567813086,16.720721270401352,15.49911575089922,16.262619018554688,16999798,0.0,0.0
2017-09-12 00:00:00+08:00,16.26261914020957,16.491670995979813,14.964664449245884,15.91904354095459,7822804,0.0,0.0
2017-09-13 00:00:00+08:00,16.071744803056188,17.255175859601348,15.72816917213693,16.49167251586914,10309361,0.0,0.0
2017-09-14 00:00:00+08:00,17.10247329502938,17.827801998382974,16.377146047942734,16.644371032714844,8385146,0.0,0.0
2017-09-15 00:00:00+08:00,16.415318645870414,17.178821838701598,16.30079345819909,16.56801986694336,4077478,0.0,0.0
2017-09-18 00:00:00+08:00,16.797071813988033,17.255174063804724,16.56802141721314,16.682546615600586,3242376,0.0,0.0
2017-09-19 00:00:00+08:00,16.568020888206014,16.758896698179505,15.460940607853004,15.689990997314453,5269960,0.0,0.0
2017-09-20 00:00:00+08:00,15.99539345828553,16.109918653016255,15.537291223095774,15.689990997314453,1929315,0.0,0.0
2017-09-21 00:00:00+08:00,15.689991474106222,16.186269760131836,15.422766497036312,16.186269760131836,2120500,0.0,0.0
2017-09-22 00:00:00+08:00,16.109917692685137,16.415318679184043,15.880865860610877,16.14809226989746,1676063,0.0,0.0
2017-09-25 00:00:00+08:00,16.10991717853667,16.10991717853667,15.155538216019886,15.270063400268555,1688641,0.0,0.0
2017-09-26 00:00:00+08:00,15.270066215111058,15.689992453519814,15.193715592782103,15.231891632080078,1124914,0.0,0.0
2017-09-27 00:00:00+08:00,15.346415118036846,15.575465503094046,15.117363276712814,15.422765731811523,961000,0.0,0.0
2017-09-28 00:00:00+08:00,15.422765108995904,16.682545088470626,15.422765108995904,16.14809226989746,3926748,0.0,0.0
2017-09-29 00:00:00+08:00,16.186269268259025,16.338969042477704,15.575465802583729,15.689990997314453,1516000,0.0,0.0
2017-10-02 00:00:00+08:00,16.300796654312464,17.102474581464286,16.03357019317284,16.98794937133789,3854609,0.0,0.0
2017-10-03 00:00:00+08:00,17.10247491908312,18.133204743102358,17.10247491908312,17.369701385498047,7960295,0.0,0.0
2017-10-05 00:00:00+08:00,17.29335092361156,17.636928020321015,17.178825710130774,17.560577392578125,1963709,0.0,0.0
2017-10-06 00:00:00+08:00,17.789627649673584,18.133204743102358,17.2933507584842,17.369701385498047,2322000,0.0,0.0
2017-10-11 00:00:00+08:00,17.407872569982658,17.484223182080267,15.995392799377441,15.995392799377441,3160221,0.0,0.0
2017-10-12 00:00:00+08:00,16.568022046061763,16.75889786937461,15.995394576123228,16.338970184326172,2409516,0.0,0.0
2017-10-13 00:00:00+08:00,16.377146404214383,16.415320986793155,15.651817685081845,16.0335693359375,2072991,0.0,0.0
2017-10-16 00:00:00+08:00,16.033567986837248,16.033567986837248,15.575465753102813,15.651816368103027,1548000,0.0,0.0
2017-10-17 00:00:00+08:00,15.68999208131809,15.880867904478977,15.270065852870925,15.346416473388672,2059000,0.0,0.0
2017-10-18 00:00:00+08:00,15.499116251369138,15.499116251369138,14.697438376951306,14.850139617919922,2519110,0.0,0.0
2017-10-19 00:00:00+08:00,14.96466447733074,15.499115895930489,14.96466447733074,15.460941314697266,1265500,0.0,0.0
2017-10-20 00:00:00+08:00,15.460939192771912,15.728165593529956,15.270063400268555,15.270063400268555,976354,0.0,0.0
2017-10-23 00:00:00+08:00,15.155540650227785,15.422767093906419,15.155540650227785,15.346416473388672,437001,0.0,0.0
2017-10-24 00:00:00+08:00,15.34641532146779,15.34641532146779,15.002838283060726,15.155539512634277,496110,0.0,0.0
2017-10-25 00:00:00+08:00,15.30824012461786,15.76634238216924,14.964664523654523,15.499115943908691,1251100,0.0,0.0
2017-10-26 00:00:00+08:00,15.499116118573633,15.537292156622177,15.19371509552002,15.19371509552002,538000,0.0,0.0
2017-10-27 00:00:00+08:00,15.30823775842643,15.804515976886504,15.079187393188477,15.079187393188477,1258611,0.0,0.0
2017-10-30 00:00:00+08:00,15.346417498237711,15.384592082912441,14.888315200805664,14.888315200805664,831007,0.0,0.0
2017-10-31 00:00:00+08:00,14.926488115199856,15.49911555884589,14.926488115199856,15.117363929748535,707000,0.0,0.0
2017-11-01 00:00:00+08:00,15.193714546821385,15.422766398039936,15.117363929748535,15.117363929748535,495482,0.0,0.0
2017-11-02 00:00:00+08:00,15.155539555001914,15.957217371837032,15.155539555001914,15.651816368103027,1309611,0.0,0.0
2017-11-03 00:00:00+08:00,15.728167340498869,15.728167340498869,15.346415713089998,15.537291526794434,544000,0.0,0.0
2017-11-06 00:00:00+08:00,15.76634255984565,15.76634255984565,15.11736447568988,15.19371509552002,862179,0.0,0.0
2017-11-07 00:00:00+08:00,15.155539311859057,15.422765731939224,14.88831289177889,14.9646635055542,1841166,0.0,0.0
2017-11-08 00:00:00+08:00,15.079191036713429,15.308241457295923,14.888315200805664,14.888315200805664,1113668,0.0,0.0
2017-11-09 00:00:00+08:00,14.926486845839971,15.079188066999842,14.086634498260992,14.392035484313965,1216000,0.0,0.0
2017-11-10 00:00:00+08:00,14.392037756168897,14.735613373613575,14.20116192772174,14.277512550354004,760231,0.0,0.0
2017-11-13 00:00:00+08:00,14.239336144805053,14.239336144805053,13.743059294855337,13.895760536193848,1431000,0.0,0.0
2017-11-14 00:00:00+08:00,14.086635828783619,14.086635828783619,13.361307144165039,13.361307144165039,1413456,0.0,0.0
2017-11-15 00:00:00+08:00,13.552183151245117,13.78123355157629,13.399481913513048,13.552183151245117,612000,0.0,0.0
2017-11-16 00:00:00+08:00,13.666708674186081,13.97210970059614,13.437658268445277,13.895760536193848,801000,0.0,0.0
2017-11-17 00:00:00+08:00,14.01028573906425,14.048460321265397,13.666708674186081,13.895760536193848,466627,0.0,0.0
2017-11-20 00:00:00+08:00,13.895759961906917,13.895759961906917,13.170431279925971,13.323132514953613,1858177,0.0,0.0
2017-11-21 00:00:00+08:00,13.361306789955956,13.590357180991308,13.361306789955956,13.475831985473633,947000,0.0,0.0
2017-11-22 00:00:00+08:00,13.514008021490772,13.666707796758716,13.399481369706224,13.475831985473633,760000,0.0,0.0
2017-11-23 00:00:00+08:00,13.628533770111153,13.704884388977186,13.514008569945565,13.552183151245117,367435,0.0,0.0
2017-11-24 00:00:00+08:00,13.590357517449473,14.010285186432984,13.590357517449473,13.819409370422363,616440,0.0,0.0
2017-11-27 00:00:00+08:00,13.819409825756749,14.010285648056518,13.74305920558345,13.781233787536621,680000,0.0,0.0
2017-11-28 00:00:00+08:00,13.857583740114391,14.23933536632287,13.857583740114391,14.08663558959961,993000,0.0,0.0
2017-11-29 00:00:00+08:00,14.124811036982763,14.201161658165793,13.9721097946167,13.9721097946167,802300,0.0,0.0
2017-11-30 00:00:00+08:00,14.048459206834195,14.048459206834195,13.743058204650879,13.743058204650879,429020,0.0,0.0
2017-12-01 00:00:00+08:00,13.781233600161084,13.895760256997356,13.514008617588274,13.590357780456543,1157000,0.0,0.0
2017-12-04 00:00:00+08:00,13.514008522033691,13.628533721793247,13.514008522033691,13.514008522033691,305000,0.0,0.0
2017-12-05 00:00:00+08:00,13.514008379747974,13.514008379747974,13.28495652637357,13.361307144165039,791188,0.0,0.0
2017-12-06 00:00:00+08:00,13.323133926677697,13.361308511346149,13.284957885742188,13.284957885742188,634205,0.0,0.0
2017-12-07 00:00:00+08:00,13.361308511346149,13.361308511346149,13.208607260138226,13.284957885742188,187000,0.0,0.0
2017-12-08 00:00:00+08:00,13.437658088483643,13.819409730450412,13.437658088483643,13.70488452911377,702557,0.0,0.0
2017-12-11 00:00:00+08:00,14.201161002443605,14.353860781491958,13.819409370422363,13.819409370422363,582110,0.0,0.0
2017-12-12 00:00:00+08:00,13.819409825756749,13.895760445930048,13.704884623630276,13.781233787536621,231000,0.0,0.0
2017-12-13 00:00:00+08:00,13.819409825756749,13.819409825756749,13.66670858541015,13.781233787536621,336110,0.0,0.0
2017-12-14 00:00:00+08:00,13.819408261946252,13.89575887347968,13.628532461246074,13.666707038879395,726777,0.0,0.0
2017-12-15 00:00:00+08:00,13.666707038879393,13.666707038879393,13.590356427345965,13.666707038879395,374000,0.0,0.0
2017-12-18 00:00:00+08:00,13.743057650412823,13.781232228046143,13.666707038879393,13.666707038879395,368001,0.0,0.0
2017-12-19 00:00:00+08:00,13.74305901872695,13.74305901872695,13.552183199022409,13.590357780456543,386000,0.0,0.0
2017-12-20 00:00:00+08:00,13.628532461246074,13.704883072779504,13.552181849712644,13.666707038879395,157000,0.0,0.0
2017-12-21 00:00:00+08:00,13.781232228046143,13.781232228046143,13.628532461246074,13.666707038879395,138000,0.0,0.0
2017-12-22 00:00:00+08:00,13.628533909467027,13.743059110803669,13.628533909467027,13.70488452911377,125000,0.0,0.0
2017-12-25 00:00:00+08:00,13.704883072779504,13.743057650412823,13.628532461246074,13.666707038879395,228000,0.0,0.0
2017-12-26 00:00:00+08:00,13.628533166844718,13.666707746454476,13.399481320385586,13.437657356262207,1191000,0.0,0.0
2017-12-27 00:00:00+08:00,13.514007817080103,13.895759433875961,13.514007817080103,13.743058204650879,421210,0.0,0.0
2017-12-28 00:00:00+08:00,13.857583398436265,13.857583398436265,13.743058204650879,13.743058204650879,119000,0.0,0.0
2017-12-29 00:00:00+08:00,13.743058957551655,14.506562232971193,13.70488437628745,14.506562232971191,860683,0.0,0.0
2018-01-02 00:00:00+08:00,14.468388944315404,14.96466582642218,14.23933706746585,14.888315200805664,2054620,0.0,0.0
2018-01-03 00:00:00+08:00,15.041014119329509,15.422765731939224,14.9646635055542,14.9646635055542,2680160,0.0,0.0
2018-01-04 00:00:00+08:00,15.041016082117137,15.079190665852995,14.926489418375523,15.002840042114258,700110,0.0,0.0
2018-01-05 00:00:00+08:00,15.117366382414822,15.155542425278439,14.582914888728375,14.659265518188477,840000,0.0,0.0
2018-01-08 00:00:00+08:00,14.659263253782477,14.811963032848121,14.54473659914961,14.773788452148438,511440,0.0,0.0
2018-01-09 00:00:00+08:00,14.964663760821475,15.231890185459992,14.735611915588379,14.735611915588379,1119500,0.0,0.0
2018-01-10 00:00:00+08:00,14.850141363705164,14.850141363705164,14.582914888728375,14.659265518188477,364620,0.0,0.0
2018-01-11 00:00:00+08:00,14.621088027954102,14.621088027954102,14.5447374060521,14.621088027954102,152000,0.0,0.0
2018-01-12 00:00:00+08:00,14.65926424563678,15.04101590353079,14.65926424563678,14.81196403503418,328110,0.0,0.0
2018-01-15 00:00:00+08:00,14.888314834639665,15.041016082117137,14.735613587162193,15.002840042114258,495000,0.0,0.0
2018-01-16 00:00:00+08:00,15.04101281773772,15.346413790143892,15.002836786020257,15.079187393188477,1013000,0.0,0.0
2018-01-17 00:00:00+08:00,15.15553880262379,15.15553880262379,14.888312391522593,14.92648696899414,433000,0.0,0.0
2018-01-18 00:00:00+08:00,15.117364047246317,15.117364047246317,14.773788452148438,14.773788452148438,533000,0.0,0.0
2018-01-19 00:00:00+08:00,14.926487725149197,15.079188955304595,14.735611915588379,14.735611915588379,557000,0.0,0.0
2018-01-22 00:00:00+08:00,14.888314061350638,14.964664681123773,14.659263658298176,14.69743824005127,870001,0.0,0.0
2018-01-23 00:00:00+08:00,14.77379006338378,14.77379006338378,14.43021297454834,14.43021297454834,559000,0.0,0.0
2018-01-24 00:00:00+08:00,14.544738185404464,14.544738185404464,14.39203838968532,14.43021297454834,670000,0.0,0.0
2018-01-25 00:00:00+08:00,14.4683860948939,14.506560672050481,14.35385945089061,14.392035484313965,437000,0.0,0.0
2018-01-26 00:00:00+08:00,14.392037253727507,14.392037253727507,14.20116143194403,14.239336013793945,476050,0.0,0.0
2018-01-29 00:00:00+08:00,14.35386116773987,14.430211787452018,14.162985346592972,14.20116138458252,459001,0.0,0.0
2018-01-30 00:00:00+08:00,14.201160229449034,14.239334808066486,14.010284423828125,14.010284423828125,157000,0.0,0.0
2018-01-31 00:00:00+08:00,14.010284271300497,14.010284271300497,13.78123243328896,13.857583045959473,217220,0.0,0.0
2018-02-01 00:00:00+08:00,13.895759080428133,13.895759080428133,13.857583045959473,13.857583045959473,162000,0.0,0.0
2018-02-02 00:00:00+08:00,13.857583398436265,13.857583398436265,13.743058204650879,13.743058204650879,178000,0.0,0.0
2018-02-05 00:00:00+08:00,13.666708491156927,13.743059110803669,13.3613074688369,13.70488452911377,437000,0.0,0.0
2018-02-06 00:00:00+08:00,13.514008405119274,13.552182985953223,12.59780390243539,12.903204917907715,1153050,0.0,0.0
2018-02-07 00:00:00+08:00,13.170431185945331,13.437657617203397,13.094080568976327,13.208605766296387,380000,0.0,0.0
2018-02-08 00:00:00+08:00,13.208606077039873,13.208606077039873,12.979555677011152,13.055906295776367,102150,0.0,0.0
2018-02-09 00:00:00+08:00,13.055906295776369,13.055906295776369,13.055906295776369,13.055906295776367,0,0.0,0.0
2018-02-12 00:00:00+08:00,13.704884048461466,13.704884048461466,13.132256605594277,13.208605766296387,439180,0.0,0.0
2018-02-21 00:00:00+08:00,13.514009112255183,13.666708899848079,13.475833073156718,13.628534317016602,189820,0.0,0.0
2018-02-22 00:00:00+08:00,13.666708135107102,13.857583951117723,13.590357517449473,13.819409370422363,320510,0.0,0.0
2018-02-23 00:00:00+08:00,13.895760445930048,13.97210960983639,13.74305920558345,13.781233787536621,141000,0.0,0.0
2018-02-26 00:00:00+08:00,14.010285833341701,14.010285833341701,13.781233969792607,13.9721097946167,437550,0.0,0.0
2018-02-27 00:00:00+08:00,14.048459767128346,14.048459767128346,13.819409370422363,13.819409370422363,117110,0.0,0.0
2018-03-01 00:00:00+08:00,13.628532664214745,13.972108236831835,13.628532664214745,13.857583045959473,96000,0.0,0.0
2018-03-02 00:00:00+08:00,13.743059294855337,13.89576053619385,13.743059294855337,13.895760536193848,451000,0.0,0.0
2018-03-05 00:00:00+08:00,13.895760256997356,13.895760256997356,13.475832579887204,13.590357780456543,607000,0.0,0.0
2018-03-06 00:00:00+08:00,13.743057650412823,13.743057650412823,13.514007272079326,13.666707038879395,193000,0.0,0.0
2018-03-07 00:00:00+08:00,13.666708351410705,13.666708351410705,13.514008569945565,13.552183151245117,418000,0.0,0.0
2018-03-08 00:00:00+08:00,13.628533217008448,13.781232992276394,13.475831985473633,13.475831985473633,423220,0.0,0.0
2018-03-09 00:00:00+08:00,13.628533166844718,13.704883782331096,13.323132161166074,13.437657356262207,407000,0.0,0.0
2018-03-12 00:00:00+08:00,13.475832579887204,13.972109419865625,13.475832579887204,13.590357780456543,639000,0.0,0.0
2018-03-13 00:00:00+08:00,13.590356427345965,13.704883072779504,13.514007272079326,13.666707038879395,738000,0.0,0.0
2018-03-14 00:00:00+08:00,13.628533770111153,13.628533770111153,13.514008569945565,13.552183151245117,958000,0.0,0.0
2018-03-15 00:00:00+08:00,13.666708899848079,13.666708899848079,13.55218369508666,13.628534317016602,260000,0.0,0.0
2018-03-16 00:00:00+08:00,13.666708766151547,13.9721097946167,13.552183562510487,13.9721097946167,532900,0.0,0.0
2018-03-19 00:00:00+08:00,14.048460553230802,14.048460553230802,13.590358277918137,13.628534317016602,836000,0.0,0.0
2018-03-20 00:00:00+08:00,13.59035773254467,13.59035773254467,13.514008569945565,13.552183151245117,182000,0.0,0.0
2018-03-21 00:00:00+08:00,13.475832579887204,13.781233600161084,13.399481960752,13.590357780456543,683001,0.0,0.0
2018-03-22 00:00:00+08:00,13.628533721793247,13.781233502717011,13.514008522033691,13.514008522033691,260000,0.0,0.0
2018-03-23 00:00:00+08:00,13.132256931882322,13.628533770111153,13.017730275449805,13.552183151245117,530000,0.0,0.0
2018-03-26 00:00:00+08:00,13.20860614104746,13.704884437292815,13.20860614104746,13.590357780456543,539000,0.0,0.0
2018-03-27 00:00:00+08:00,13.552182960510253,13.552182960510253,13.323132563402758,13.361307144165039,489000,0.0,0.0
2018-03-28 00:00:00+08:00,13.323133335187922,13.437658540375908,13.170432090759277,13.170432090759277,296000,0.0,0.0
2018-03-29 00:00:00+08:00,13.170431544032672,13.170431544032672,12.941381143164964,13.094080924987793,872726,0.0,0.0
2018-03-30 00:00:00+08:00,13.132255554199219,13.170430131493939,13.055904943343,13.132255554199219,325000,0.0,0.0
2018-04-02 00:00:00+08:00,13.132255554199219,13.208604708788659,13.09407952063772,13.132255554199219,102000,0.0,0.0
2018-04-03 00:00:00+08:00,13.017730258260297,13.170431495790728,12.979555677011152,13.055906295776367,126550,0.0,0.0
2018-04-09 00:00:00+08:00,13.208606125421646,13.208606125421646,13.017730305942912,13.094080924987793,89000,0.0,0.0
2018-04-10 00:00:00+08:00,13.170432090759277,13.170432090759277,13.094081468544957,13.170432090759277,230000,0.0,0.0
2018-04-11 00:00:00+08:00,13.170430990892829,13.208605570678523,12.979555179430614,13.017729759216309,384200,0.0,0.0
2018-04-12 00:00:00+08:00,13.208606673732943,13.590358328537558,13.094081468544957,13.170432090759277,465000,0.0,0.0
2018-04-13 00:00:00+08:00,13.28495638326539,13.32313241988334,13.132256605594277,13.208605766296387,245000,0.0,0.0
2018-04-16 00:00:00+08:00,13.361305930501098,13.361305930501098,13.09407952063772,13.132255554199219,194001,0.0,0.0
2018-04-17 00:00:00+08:00,13.132256411107134,13.132256411107134,12.94138059964492,13.017729759216309,294000,0.0,0.0
2018-04-18 00:00:00+08:00,13.017730116676471,13.055906153777332,12.903204917907713,12.903204917907715,299110,0.0,0.0
2018-04-19 00:00:00+08:00,12.941380955008574,12.979555535842524,12.903204917907713,12.903204917907715,154611,0.0,0.0
2018-04-20 00:00:00+08:00,12.903204366810094,12.903204366810094,12.788679172932722,12.82685375213623,213000,0.0,0.0
2018-04-23 00:00:00+08:00,12.750505138305009,12.979555535842524,12.674154520370198,12.903204917907715,868000,0.0,0.0
2018-04-24 00:00:00+08:00,13.017730898311745,13.017730898311745,12.635979241982756,12.712329864501953,345000,0.0,0.0
2018-04-25 00:00:00+08:00,12.59780502319336,12.674155647920667,12.292403980551171,12.59780502319336,584000,0.0,0.0
2018-04-26 00:00:00+08:00,12.483277772228435,12.635977540437468,12.3305765477526,12.445101737976074,645190,0.0,0.0
2018-04-27 00:00:00+08:00,12.483278631332682,12.483278631332682,12.368753433227539,12.368753433227539,112000,0.0,0.0
2018-04-30 00:00:00+08:00,12.48327812546426,12.48327812546426,12.25422628226909,12.33057689666748,189000,0.0,0.0
2018-05-02 00:00:00+08:00,12.406928785578515,12.94138168500254,12.406928785578515,12.674155235290527,429810,0.0,0.0
2018-05-03 00:00:00+08:00,12.559628818728823,12.559628818728823,12.06335127828984,12.177876472473145,965034,0.0,0.0
2018-05-04 00:00:00+08:00,12.368752303300585,12.368752303300585,11.490723194882717,11.757948875427246,908800,0.0,0.0
2018-05-07 00:00:00+08:00,11.757949911261246,11.757949911261246,11.56707409628536,11.605249404907227,596000,0.0,0.0
2018-05-08 00:00:00+08:00,11.605249949849814,11.757950463374124,11.567074639435365,11.681600570678711,247000,0.0,0.0
2018-05-09 00:00:00+08:00,11.757950102743738,12.063351848558804,11.681600212390068,11.796125411987305,452000,0.0,0.0
2018-05-10 00:00:00+08:00,11.834300316147631,11.948825511824717,11.834300316147631,11.872475624084473,233000,0.0,0.0
2018-05-11 00:00:00+08:00,11.94882674438577,12.101527991884772,11.83430153689503,11.910652160644531,392000,0.0,0.0
2018-05-14 00:00:00+08:00,11.910650932021312,11.987000819761558,11.834300316147631,11.872475624084473,151000,0.0,0.0
2018-05-15 00:00:00+08:00,11.834300994873047,11.91065161512562,11.79612568474676,11.834300994873047,133000,0.0,0.0
2018-05-16 00:00:00+08:00,11.987001507244713,11.987001507244713,11.79612568474676,11.834300994873047,97000,0.0,0.0
2018-05-17 00:00:00+08:00,11.948826197118427,11.948826197118427,11.79612568474676,11.834300994873047,121230,0.0,0.0
2018-05-18 00:00:00+08:00,11.987001419067383,12.177877240161237,11.948826109221917,11.987001419067383,422000,0.0,0.0
2018-05-21 00:00:00+08:00,12.139700745291208,12.445101737976074,12.063350861186692,12.445101737976074,339000,0.0,0.0
2018-05-22 00:00:00+08:00,12.368752932000097,12.445102090131643,12.216051703203318,12.33057689666748,262000,0.0,0.0
2018-05-23 00:00:00+08:00,12.254226684570312,12.368753338061182,12.254226684570312,12.254226684570312,88000,0.0,0.0
2018-05-24 00:00:00+08:00,12.25422642860569,12.521452854057776,12.25422642860569,12.483278274536133,222910,0.0,0.0
2018-05-25 00:00:00+08:00,12.483278274536133,12.521452854057776,12.483278274536133,12.483278274536133,118008,0.0,0.0
2018-05-28 00:00:00+08:00,12.368753079704343,12.483278274536133,12.368753079704343,12.483278274536133,90000,0.0,0.0
2018-05-29 00:00:00+08:00,12.483278274536133,12.521452854057776,12.445102238747628,12.483278274536133,66000,0.0,0.0
2018-05-30 00:00:00+08:00,12.48327812546426,12.48327812546426,12.33057689666748,12.33057689666748,136000,0.0,0.0
2018-05-31 00:00:00+08:00,12.445102643201244,12.445102643201244,12.368753481676684,12.406928062438965,105000,0.0,0.0
2018-06-01 00:00:00+08:00,12.406928062438965,12.483278680230432,12.368753481676684,12.406928062438965,80000,0.0,0.0
2018-06-04 00:00:00+08:00,12.406928653412997,12.559629896269486,12.406928653412997,12.521453857421875,218060,0.0,0.0
2018-06-05 00:00:00+08:00,12.521453857421875,12.59780447885012,12.521453857421875,12.521453857421875,127000,0.0,0.0
2018-06-06 00:00:00+08:00,12.597804658856656,12.712329864501955,12.52145403633746,12.712329864501953,98000,0.0,0.0
2018-06-07 00:00:00+08:00,12.941382211408902,13.284957841070849,12.903206170601761,13.246783256530762,761000,0.0,0.0
2018-06-08 00:00:00+08:00,13.246783301073735,13.361308511346149,13.170432675469774,13.284957885742188,343108,0.0,0.0
2018-06-11 00:00:00+08:00,13.28495638326539,13.32313241988334,13.208605766296387,13.208605766296387,397000,0.0,0.0
2018-06-12 00:00:00+08:00,13.323133926677697,13.361308511346149,13.246783301073735,13.284957885742188,157000,0.0,0.0
2018-06-13 00:00:00+08:00,13.361307918161586,13.361307918161586,13.170432090759277,13.170432090759277,278000,0.0,0.0
2018-06-14 00:00:00+08:00,13.132256605594277,13.246781802914336,13.017729952007324,13.208605766296387,318000,0.0,0.0
2018-06-15 00:00:00+08:00,13.246782163077553,13.246782163077553,13.094080924987793,13.094080924987793,106000,0.0,0.0
2018-06-19 00:00:00+08:00,13.094080924987793,13.284956744466527,13.094080924987793,13.094080924987793,324111,0.0,0.0
2018-06-20 00:00:00+08:00,13.017730258260297,13.094080877025512,12.903205058245936,13.055906295776367,203000,0.0,0.0
2018-06-21 00:00:00+08:00,12.979555179430614,13.094080375054569,12.94138059964492,13.017729759216309,208000,0.0,0.0
2018-06-22 00:00:00+08:00,12.979555739908784,14.124810658136031,12.903205120773581,13.590357780456543,13966000,0.0,0.0
2018-06-25 00:00:00+08:00,13.590357491851632,13.857583925016554,13.170431279925971,13.323132514953613,1982000,0.0,0.0
2018-06-26 00:00:00+08:00,13.094080877025512,13.246782114555943,12.941381095762008,13.055906295776367,969000,0.0,0.0
2018-06-27 00:00:00+08:00,13.017729759216309,13.094080375054569,12.979555179430614,13.017729759216309,296000,0.0,0.0
2018-06-28 00:00:00+08:00,13.017730258260297,13.132256914541584,12.979555677011152,13.055906295776367,170000,0.0,0.0
2018-06-29 00:00:00+08:00,13.055905795268874,13.132256411107134,12.979555179430614,13.017729759216309,234000,0.0,0.0
2018-07-02 00:00:00+08:00,13.017730305942912,13.246782163077553,12.979555724553938,13.094080924987793,202000,0.0,0.0
2018-07-03 00:00:00+08:00,13.094080877025512,13.094080877025512,12.979555677011152,13.055906295776367,284000,0.0,0.0
2018-07-04 00:00:00+08:00,13.055906937704844,13.055906937704844,12.674155281375855,12.712329864501953,271200,0.0,0.0
2018-07-05 00:00:00+08:00,12.712329864501955,12.712329864501955,12.597804658856656,12.712329864501953,253000,0.0,0.0
2018-07-06 00:00:00+08:00,12.750505355718978,12.750505355718978,12.483278916524018,12.635978698730469,298000,0.0,0.0
2018-07-09 00:00:00+08:00,12.597804117245591,12.674154736482285,12.521453498008897,12.635978698730469,74680,0.0,0.0
2018-07-10 00:00:00+08:00,13.132256361099921,13.132256361099921,12.788679319269516,12.979555130004883,316082,0.0,0.0
2018-07-11 00:00:00+08:00,13.055905745552401,13.055905745552401,12.826853898909842,12.979555130004883,155000,0.0,0.0
2018-07-12 00:00:00+08:00,12.979556795948989,13.284957841070849,12.903206170601761,13.246783256530762,368487,0.0,0.0
2018-07-13 00:00:00+08:00,13.28495652637357,13.361307144165039,13.246781945611291,13.361307144165039,341000,0.0,0.0
2018-07-16 00:00:00+08:00,13.28495652637357,13.399481724927318,13.28495652637357,13.361307144165039,144000,0.0,0.0
2018-07-17 00:00:00+08:00,13.361307144165039,13.399481724927318,13.323132563402758,13.361307144165039,155000,0.0,0.0
2018-07-18 00:00:00+08:00,13.514008021490772,13.590357180991308,13.475831985473633,13.475831985473633,147000,0.0,0.0
2018-07-19 00:00:00+08:00,13.552183151245117,13.704884388977186,13.514008569945565,13.552183151245117,401000,0.0,0.0
2018-07-20 00:00:00+08:00,13.552183289820285,13.70488452911377,13.552183289820285,13.70488452911377,199200,0.0,0.0
2018-07-23 00:00:00+08:00,13.704883072779504,13.704883072779504,13.590356427345965,13.666707038879395,235000,0.0,0.0
2018-07-24 00:00:00+08:00,13.704883625478033,13.857583398436265,13.704883625478033,13.743058204650879,291082,0.0,0.0
2018-07-25 00:00:00+08:00,13.819409825756749,13.819409825756749,13.704884623630276,13.781233787536621,84003,0.0,0.0
2018-07-26 00:00:00+08:00,13.743058752764732,13.857583951117723,13.743058752764732,13.819409370422363,230000,0.0,0.0
2018-07-27 00:00:00+08:00,13.89575977649537,14.23933536632287,13.819409160000298,14.08663558959961,737000,0.0,0.0
2018-07-30 00:00:00+08:00,14.23933536632287,14.23933536632287,13.972108936723558,14.08663558959961,234000,0.0,0.0
2018-07-31 00:00:00+08:00,14.08663558959961,14.08663558959961,14.010284973104536,14.08663558959961,87000,0.0,0.0
2018-08-01 00:00:00+08:00,14.086636635798222,14.162985801696777,14.048460596581952,14.162985801696777,211000,0.0,0.0
2018-08-02 00:00:00+08:00,14.239336423862325,14.239336423862325,14.086636635798222,14.162985801696777,272000,0.0,0.0
2018-08-03 00:00:00+08:00,14.162985801696777,14.162985801696777,14.1248112187475,14.162985801696777,140000,0.0,0.0
2018-08-06 00:00:00+08:00,14.162985933809928,14.31568717956543,14.162985933809928,14.31568717956543,169000,0.0,0.0
2018-08-07 00:00:00+08:00,14.353861762870801,14.353861762870801,14.239336556687679,14.31568717956543,153000,0.0,0.0
2018-08-08 00:00:00+08:00,14.315686586017268,14.35386116773987,14.162985346592972,14.20116138458252,1058387,0.0,0.0
2018-08-09 00:00:00+08:00,14.162985755309597,14.201161794400832,13.933935345830143,14.124811172485352,478000,0.0,0.0
2018-08-10 00:00:00+08:00,14.277511402703848,14.277511402703848,14.048459553218631,14.08663558959961,171000,0.0,0.0
2018-08-13 00:00:00+08:00,14.124810850182989,14.124810850182989,13.55218338328368,13.781233787536621,643000,0.0,0.0
2018-08-14 00:00:00+08:00,13.781233692493569,13.781233692493569,13.70488452911377,13.70488452911377,88000,0.0,0.0
2018-08-15 00:00:00+08:00,13.743059521778022,13.819410143707964,13.628534317016602,13.628534317016602,60000,0.0,0.0
2018-08-16 00:00:00+08:00,13.590356427345965,13.704883072779504,13.552181849712644,13.666707038879395,78000,0.0,0.0
2018-08-17 00:00:00+08:00,13.590358277918137,13.666708899848079,13.514009112255183,13.628534317016602,1332000,0.0,0.0
2018-08-20 00:00:00+08:00,13.552183103197901,13.590357684362113,13.514008522033691,13.514008522033691,56000,0.0,0.0
2018-08-21 00:00:00+08:00,13.514007971748585,13.514007971748585,13.399481320385586,13.437657356262207,1133000,0.0,0.0
2018-08-22 00:00:00+08:00,13.39948133111594,13.55218256221098,13.361306751475613,12.979555130004883,92000,0.0,0.0
2018-08-23 00:00:00+08:00,13.61270523071289,13.731420376131469,13.61270523071289,13.61270523071289,69000,0.6,0.0
2018-08-24 00:00:00+08:00,13.533561706542969,13.533561706542969,13.454417770688737,13.533561706542969,37000,0.0,0.0
2018-08-27 00:00:00+08:00,13.691847654628626,13.691847654628626,13.533561297252183,13.61270523071289,22000,0.0,0.0
2018-08-28 00:00:00+08:00,13.533560757032593,13.533560757032593,13.493988037109375,13.493988037109375,46000,0.0,0.0
2018-08-29 00:00:00+08:00,13.49398857574934,13.61270523071289,13.49398857574934,13.61270523071289,72000,0.0,0.0
2018-08-30 00:00:00+08:00,13.69184684413314,13.731419563293457,13.65227563451771,13.731419563293457,51000,0.0,0.0
2018-08-31 00:00:00+08:00,13.731421190453856,13.929280281066893,13.731421190453856,13.929280281066895,84000,0.0,0.0
2018-09-03 00:00:00+08:00,13.929280153916292,13.929280153916292,13.770992279052733,13.770992279052734,42000,0.0,0.0
2018-09-04 00:00:00+08:00,13.85013540002265,13.8897066116333,13.770991467256385,13.8897066116333,23000,0.0,0.0
2018-09-05 00:00:00+08:00,13.92927973829293,13.92927973829293,13.770991868152382,13.850135803222656,9000,0.0,0.0
2018-09-06 00:00:00+08:00,13.770991588089336,13.770991588089336,13.61270523071289,13.61270523071289,122000,0.0,0.0
2018-09-07 00:00:00+08:00,13.53356156808236,13.77099186367091,13.375273697993325,13.414846420288086,136000,0.0,0.0
2018-09-10 00:00:00+08:00,13.454416939539335,13.454416939539335,13.216986656188965,13.216986656188965,187000,0.0,0.0
2018-09-11 00:00:00+08:00,13.296128273010254,13.335700990870572,13.216985856379289,13.296128273010254,40000,0.0,0.0
2018-09-12 00:00:00+08:00,13.296128273010254,13.454416125361858,13.256557064694771,13.296128273010254,44000,0.0,0.0
2018-09-13 00:00:00+08:00,13.256557064694771,13.375272199186057,13.256557064694771,13.296128273010254,20000,0.0,0.0
2018-09-14 00:00:00+08:00,13.256557611466754,13.375272750854492,13.256557611466754,13.375272750854492,98220,0.0,0.0
2018-09-17 00:00:00+08:00,13.296129221759806,13.454417085406089,13.296129221759806,13.335701942443848,31000,0.0,0.0
2018-09-18 00:00:00+08:00,13.335701942443848,13.335701942443848,13.177414078797565,13.335701942443848,69000,0.0,0.0
2018-09-19 00:00:00+08:00,13.375272750854492,13.454416680294615,13.375272750854492,13.375272750854492,34000,0.0,0.0
2018-09-20 00:00:00+08:00,13.296128821414367,13.454416680294615,13.296128821414367,13.375272750854492,32000,0.0,0.0
2018-09-21 00:00:00+08:00,13.335700990870572,13.335700990870572,13.296128273010254,13.296128273010254,42000,0.0,0.0
2018-09-25 00:00:00+08:00,13.296128934978201,13.296128934978201,13.019127443889209,13.058698654174805,239000,0.0,0.0
2018-09-26 00:00:00+08:00,13.019127443889209,13.256557724692605,13.019127443889209,13.058698654174805,124440,0.0,0.0
2018-09-27 00:00:00+08:00,13.21698651440701,13.21698651440701,13.019127443889209,13.058698654174805,39000,0.0,0.0
2018-09-28 00:00:00+08:00,13.098271228249962,13.098271228249962,13.019128799438477,13.019128799438477,66000,0.0,0.0
2018-10-01 00:00:00+08:00,13.137842178344727,13.137842178344727,13.137842178344727,13.137842178344727,7000,0.0,0.0
2018-10-02 00:00:00+08:00,13.058700155100297,13.098271369934082,12.97955621588764,13.098271369934082,40000,0.0,0.0
2018-10-03 00:00:00+08:00,13.098269459736978,13.137842178344727,13.098269459736978,13.137842178344727,23078,0.0,0.0
2018-10-04 00:00:00+08:00,13.137842584290908,13.137842584290908,13.058698654174805,13.058698654174805,62000,0.0,0.0
2018-10-05 00:00:00+08:00,12.939984321594238,12.979555534350197,12.821269173781356,12.939984321594238,86091,0.0,0.0
2018-10-08 00:00:00+08:00,13.177413794576504,13.21698651440701,12.979554724058703,13.058698654174805,74000,0.0,0.0
2018-10-09 00:00:00+08:00,13.177413794576504,13.177413794576504,12.979554724058703,13.058698654174805,103000,0.0,0.0
2018-10-11 00:00:00+08:00,12.821269916685756,12.821269916685756,11.752830505371094,11.752830505371094,494000,0.0,0.0
2018-10-12 00:00:00+08:00,11.47582721710205,11.515399186046565,11.040537068257468,11.47582721710205,632000,0.0,0.0
2018-10-15 00:00:00+08:00,11.515399186046565,11.515399186046565,11.277968127152016,11.47582721710205,70100,0.0,0.0
2018-10-16 00:00:00+08:00,11.43625517672767,11.673686234139243,11.43625517672767,11.634114265441895,70900,0.0,0.0
2018-10-17 00:00:00+08:00,11.752829691481141,11.950688772113669,11.752829691481141,11.87154483795166,64000,0.0,0.0
2018-10-18 00:00:00+08:00,11.871546000497187,11.871546000497187,11.71325887144507,11.831974029541016,45000,0.0,0.0
2018-10-19 00:00:00+08:00,11.792401385458769,11.792401385458769,11.634114265441895,11.634114265441895,87000,0.0,0.0
2018-10-22 00:00:00+08:00,11.713257789611816,11.713257789611816,11.673685822310501,11.713257789611816,29000,0.0,0.0
2018-10-23 00:00:00+08:00,11.594542626085554,11.752830505371094,11.554971411036716,11.752830505371094,82000,0.0,0.0
2018-10-24 00:00:00+08:00,11.554970675179055,11.713257789611816,11.554970675179055,11.713257789611816,35000,0.0,0.0
2018-10-25 00:00:00+08:00,11.04053667295738,11.594541954027132,11.04053667295738,11.554970741271973,80000,0.0,0.0
2018-10-26 00:00:00+08:00,11.475825510728903,11.475825510728903,11.277966450199095,11.436253547668457,95000,0.0,0.0
2018-10-29 00:00:00+08:00,11.277967046864816,11.396682187554411,11.2383950817108,11.357110977172852,80000,0.0,0.0
2018-10-30 00:00:00+08:00,11.317539012018834,11.357110977172852,11.2383950817108,11.357110977172852,106000,0.0,0.0
2018-10-31 00:00:00+08:00,11.277968127152016,11.554971154991078,11.277968127152016,11.47582721710205,94000,0.0,0.0
2018-11-01 00:00:00+08:00,11.51539877374431,11.554970741271973,11.317539690878506,11.554970741271973,649000,0.0,0.0
2018-11-02 00:00:00+08:00,11.594540197115517,11.713256081709575,11.5153970288252,11.673684120178223,61000,0.0,0.0
2018-11-05 00:00:00+08:00,11.634114265441895,11.634114265441895,11.55497108281972,11.634114265441895,30000,0.0,0.0
2018-11-06 00:00:00+08:00,11.634114265441895,11.634114265441895,11.594542296744544,11.634114265441895,12000,0.0,0.0
2018-11-07 00:00:00+08:00,11.713258460641894,11.911117553710938,11.713258460641894,11.911117553710938,85000,0.0,0.0
2018-11-08 00:00:00+08:00,11.950689523279255,12.029832707643347,11.911117553710938,11.911117553710938,46000,0.0,0.0
2018-11-09 00:00:00+08:00,11.950689523279255,11.950689523279255,11.831973614574304,11.911117553710938,34000,0.0,0.0
2018-11-12 00:00:00+08:00,11.911116805032664,11.950688772113669,11.87154483795166,11.87154483795166,21000,0.0,0.0
2018-11-13 00:00:00+08:00,11.87154558414262,11.911117553710938,11.87154558414262,11.911117553710938,30000,0.0,0.0
2018-11-14 00:00:00+08:00,11.911116538368645,12.069403648376465,11.911116538368645,12.069403648376465,89000,0.0,0.0
2018-11-15 00:00:00+08:00,12.069403789431183,12.227690901288899,12.069403789431183,12.188118934631348,66330,0.0,0.0
2018-11-16 00:00:00+08:00,12.188118934631348,12.227690901288899,12.188118934631348,12.188118934631348,30000,0.0,0.0
2018-11-19 00:00:00+08:00,12.18811927130856,12.306835174560547,12.18811927130856,12.306835174560547,56500,0.0,0.0
2018-11-20 00:00:00+08:00,12.26726245880127,12.26726245880127,12.227690493463548,12.26726245880127,13000,0.0,0.0
2018-11-21 00:00:00+08:00,12.227690493463548,12.26726245880127,12.148547317560565,12.26726245880127,52000,0.0,0.0
2018-11-22 00:00:00+08:00,12.267262867946448,12.306834834603999,12.188118934631348,12.188118934631348,35000,0.0,0.0
2018-11-23 00:00:00+08:00,12.267262867946448,12.267262867946448,12.148547722746283,12.188118934631348,32000,0.0,0.0
2018-11-26 00:00:00+08:00,12.227690696716309,12.227690696716309,12.188118730720808,12.227690696716309,7550,0.0,0.0
2018-11-27 00:00:00+08:00,12.227690493463548,12.26726245880127,12.227690493463548,12.26726245880127,30000,0.0,0.0
2018-11-28 00:00:00+08:00,12.267263950023555,12.346407890319824,12.267263950023555,12.346407890319824,58000,0.0,0.0
2018-11-29 00:00:00+08:00,12.34640714231121,12.385978355289366,12.267263206809885,12.306835174560547,40000,0.0,0.0
2018-11-30 00:00:00+08:00,12.306834424138993,12.306834424138993,12.26726245880127,12.26726245880127,103180,0.0,0.0
2018-12-03 00:00:00+08:00,12.306834905332964,12.504693984985352,12.306834905332964,12.504693984985352,111000,0.0,0.0
2018-12-04 00:00:00+08:00,12.544265951870326,12.544265951870326,12.504693984985352,12.504693984985352,29000,0.0,0.0
2018-12-05 00:00:00+08:00,12.504694397194308,12.504694397194308,12.42555046081543,12.42555046081543,53000,0.0,0.0
2018-12-06 00:00:00+08:00,12.34640659470281,12.34640659470281,12.02983162151128,12.227690696716309,410000,0.0,0.0
2018-12-07 00:00:00+08:00,12.188118730720808,12.26726266271181,12.188118730720808,12.227690696716309,45000,0.0,0.0
2018-12-10 00:00:00+08:00,12.188120296200696,12.188120296200696,11.950689979276355,12.14854907989502,113000,0.0,0.0
2018-12-11 00:00:00+08:00,12.02983283996582,12.108976779973,12.02983283996582,12.02983283996582,19000,0.0,0.0
2018-12-12 00:00:00+08:00,12.10897561457154,12.10897561457154,12.069403648376465,12.069403648376465,35000,0.0,0.0
2018-12-13 00:00:00+08:00,12.069403648376465,12.10897561457154,12.069403648376465,12.069403648376465,41000,0.0,0.0
2018-12-14 00:00:00+08:00,12.02983283996582,12.02983283996582,11.99026086996223,12.02983283996582,37000,0.0,0.0
2018-12-17 00:00:00+08:00,11.95068850456372,12.069403648376465,11.95068850456372,12.069403648376465,86000,0.0,0.0
2018-12-18 00:00:00+08:00,11.95068850456372,12.069403648376465,11.911116538368645,12.069403648376465,188000,0.0,0.0
2018-12-19 00:00:00+08:00,12.029832498785938,12.029832498785938,11.950689315795898,11.950689315795898,165000,0.0,0.0
2018-12-20 00:00:00+08:00,11.87154558414262,11.950689523279255,11.87154558414262,11.911117553710938,240200,0.0,0.0
2018-12-21 00:00:00+08:00,11.911117553710938,11.911117553710938,11.87154558414262,11.911117553710938,108000,0.0,0.0
2018-12-24 00:00:00+08:00,11.792401645005986,11.950689523279255,11.792401645005986,11.911117553710938,248000,0.0,0.0
2018-12-25 00:00:00+08:00,11.792401645005986,11.911117553710938,11.75283043021021,11.911117553710938,119000,0.0,0.0
2018-12-26 00:00:00+08:00,11.911117553710938,11.911117553710938,11.792401645005986,11.911117553710938,65000,0.0,0.0
2018-12-27 00:00:00+08:00,11.911117346914615,11.990260529904655,11.911117346914615,11.950689315795898,174000,0.0,0.0
2018-12-28 00:00:00+08:00,11.911117346914615,11.990260529904655,11.871545378033332,11.950689315795898,361000,0.0,0.0
2019-01-02 00:00:00+08:00,11.87154558414262,11.950689523279255,11.831973614574304,11.911117553710938,376000,0.0,0.0
2019-01-03 00:00:00+08:00,11.831973614574304,11.911117553710938,11.75283043021021,11.911117553710938,261000,0.0,0.0
2019-01-04 00:00:00+08:00,11.871545378033332,11.950689315795898,11.871545378033332,11.950689315795898,296000,0.0,0.0
2019-01-07 00:00:00+08:00,11.950689654731189,12.06940480996941,11.950689654731189,12.02983283996582,305000,0.0,0.0
2019-01-08 00:00:00+08:00,12.108976026833565,12.108976026833565,11.950688911436705,11.990260124206543,112000,0.0,0.0
2019-01-09 00:00:00+08:00,11.99026086996223,12.02983283996582,11.99026086996223,12.02983283996582,60000,0.0,0.0
2019-01-10 00:00:00+08:00,12.02983283996582,12.02983283996582,12.02983283996582,12.02983283996582,50000,0.0,0.0
2019-01-11 00:00:00+08:00,11.99026086996223,12.02983283996582,11.99026086996223,12.02983283996582,14000,0.0,0.0
2019-01-14 00:00:00+08:00,12.029832498785938,12.029832498785938,11.911117346914615,11.950689315795898,34000,0.0,0.0
2019-01-15 00:00:00+08:00,11.950689315795898,11.950689315795898,11.792401440270766,11.950689315795898,441000,0.0,0.0
2019-01-16 00:00:00+08:00,11.911117553710938,11.950689523279255,11.87154558414262,11.911117553710938,69000,0.0,0.0
2019-01-17 00:00:00+08:00,11.9111176847276,12.14854874997659,11.871545714724009,12.02983283996582,120000,0.0,0.0
2019-01-18 00:00:00+08:00,11.950689315795898,11.990260529904655,11.950689315795898,11.950689315795898,76000,0.0,0.0
2019-01-21 00:00:00+08:00,11.950689523279255,11.950689523279255,11.87154558414262,11.911117553710938,56000,0.0,0.0
2019-01-22 00:00:00+08:00,11.87154558414262,11.911117553710938,11.75283043021021,11.911117553710938,103000,0.0,0.0
2019-01-23 00:00:00+08:00,11.71325887144507,11.950689942409529,11.71325887144507,11.831974029541016,53000,0.0,0.0
2019-01-24 00:00:00+08:00,11.792402058584845,11.831974029541016,11.71325887144507,11.831974029541016,338000,0.0,0.0
2019-01-25 00:00:00+08:00,11.792400969441948,11.792400969441948,11.594541887707871,11.713257789611816,185000,0.0,0.0
2019-01-28 00:00:00+08:00,11.673685889082455,11.673685889082455,11.396682871161326,11.554970741271973,177000,0.0,0.0
2019-01-29 00:00:00+08:00,11.515398025512695,11.515398025512695,11.396682130643468,11.515398025512695,79110,0.0,0.0
2019-01-30 00:00:00+08:00,11.515398025512695,11.515398025512695,11.436254095599876,11.515398025512695,5000,0.0,0.0
2019-02-11 00:00:00+08:00,11.673686234139243,11.673686234139243,11.515399114122369,11.634114265441895,94180,0.0,0.0
2019-02-12 00:00:00+08:00,11.634114265441895,11.634114265441895,11.634114265441895,11.634114265441895,16000,0.0,0.0
2019-02-13 00:00:00+08:00,11.634114265441895,11.634114265441895,11.55497108281972,11.634114265441895,57000,0.0,0.0
2019-02-14 00:00:00+08:00,11.634114265441895,11.634114265441895,11.594542296744544,11.634114265441895,80440,0.0,0.0
2019-02-15 00:00:00+08:00,11.634114595906938,11.752830505371094,11.554971411036716,11.752830505371094,159000,0.0,0.0
2019-02-18 00:00:00+08:00,11.831973690241318,11.831973690241318,11.71325853554971,11.752830505371094,152000,0.0,0.0
2019-02-19 00:00:00+08:00,11.79240044100953,12.267262517801141,11.79240044100953,12.108975410461426,651000,0.0,0.0
2019-02-20 00:00:00+08:00,12.029833166660278,12.188120296200696,12.029833166660278,12.14854907989502,102000,0.0,0.0
2019-02-21 00:00:00+08:00,12.069403648376465,12.10897561457154,12.02983168218139,12.069403648376465,40000,0.0,0.0
2019-02-22 00:00:00+08:00,12.069404059291225,12.108976026833565,11.950688911436705,11.990260124206543,144000,0.0,0.0
2019-02-25 00:00:00+08:00,12.029832498785938,12.029832498785938,11.950689315795898,11.950689315795898,66000,0.0,0.0
2019-02-26 00:00:00+08:00,11.990260124206543,12.188119207145744,11.950688911436705,11.990260124206543,624000,0.0,0.0
2019-02-27 00:00:00+08:00,11.99026086996223,12.108976779973,11.950689654731189,12.02983283996582,145000,0.0,0.0
2019-03-04 00:00:00+08:00,11.990260124206543,12.029832091748885,11.792401041267343,11.990260124206543,136000,0.0,0.0
2019-03-05 00:00:00+08:00,11.990260124206543,11.990260124206543,11.950688911436705,11.990260124206543,23000,0.0,0.0
2019-03-06 00:00:00+08:00,11.99026086996223,12.02983283996582,11.99026086996223,12.02983283996582,28000,0.0,0.0
2019-03-07 00:00:00+08:00,12.029832498785938,12.029832498785938,11.950689315795898,11.950689315795898,96001,0.0,0.0
2019-03-08 00:00:00+08:00,11.950689654731189,12.02983283996582,11.871545714724009,12.02983283996582,90550,0.0,0.0
2019-03-11 00:00:00+08:00,11.911116943894365,12.029832091748885,11.911116943894365,11.990260124206543,41000,0.0,0.0
2019-03-12 00:00:00+08:00,11.990260529904655,11.990260529904655,11.950689315795898,11.950689315795898,141221,0.0,0.0
2019-03-13 00:00:00+08:00,11.950689523279255,11.950689523279255,11.911117553710938,11.911117553710938,267000,0.0,0.0
2019-03-14 00:00:00+08:00,11.95068830312171,12.108975410461426,11.911116337593665,12.108975410461426,722000,0.0,0.0
2019-03-15 00:00:00+08:00,12.148547580766612,12.18811879218921,12.02983168218139,12.069403648376465,248000,0.0,0.0
2019-03-18 00:00:00+08:00,12.069404677211663,12.069404677211663,11.911117553710938,11.911117553710938,304000,0.0,0.0
2019-03-19 00:00:00+08:00,11.950689523279255,11.950689523279255,11.831973614574304,11.911117553710938,236000,0.0,0.0
2019-03-20 00:00:00+08:00,11.99026073807503,11.99026073807503,11.911117553710938,11.911117553710938,76500,0.0,0.0
2019-03-21 00:00:00+08:00,11.911118008198107,12.14854907989502,11.871546037119861,12.14854907989502,400044,0.0,0.0
2019-03-22 00:00:00+08:00,12.18811879218921,12.18811879218921,12.069403648376465,12.069403648376465,296002,0.0,0.0
2019-03-25 00:00:00+08:00,11.911117346914615,11.990260529904655,11.911117346914615,11.950689315795898,94088,0.0,0.0
2019-03-26 00:00:00+08:00,11.950689315795898,12.029832498785938,11.950689315795898,11.950689315795898,68026,0.0,0.0
2019-03-27 00:00:00+08:00,11.950689523279255,11.99026073807503,11.911117553710938,11.911117553710938,67023,0.0,0.0
2019-03-28 00:00:00+08:00,11.911117553710938,11.950689523279255,11.911117553710938,11.911117553710938,54002,0.0,0.0
2019-03-29 00:00:00+08:00,11.950688911436705,12.029832091748885,11.871544976352023,11.990260124206543,144550,0.0,0.0
2019-04-01 00:00:00+08:00,11.990260124206543,12.029832091748885,11.990260124206543,11.990260124206543,42021,0.0,0.0
2019-04-02 00:00:00+08:00,11.990259513877291,12.108975410461426,11.990259513877291,12.108975410461426,130013,0.0,0.0
2019-04-03 00:00:00+08:00,12.02983283996582,12.06940480996941,12.02983283996582,12.02983283996582,59030,0.0,0.0
2019-04-08 00:00:00+08:00,12.02983283996582,12.108976779973,12.02983283996582,12.02983283996582,114124,0.0,0.0
2019-04-09 00:00:00+08:00,12.06940344493338,12.108975410461426,12.029831479405335,12.108975410461426,175072,0.0,0.0
2019-04-10 00:00:00+08:00,12.108976024629165,12.583837370733297,12.108976024629165,12.46512222290039,874150,0.0,0.0
2019-04-11 00:00:00+08:00,12.504695016139811,12.504695016139811,12.267263950023555,12.346407890319824,543000,0.0,0.0
2019-04-12 00:00:00+08:00,12.346406389476714,12.385977600041976,12.029831421547398,12.26726245880127,211153,0.0,0.0
2019-04-15 00:00:00+08:00,12.188119204926936,12.544266157970664,12.188119204926936,12.46512222290039,332111,0.0,0.0
2019-04-16 00:00:00+08:00,12.346405687535142,13.61270397771346,12.346405687535142,13.296128273010254,1575054,0.0,0.0
2019-04-17 00:00:00+08:00,13.375273008574236,13.414845728829249,13.098270004968853,13.216986656188965,466023,0.0,0.0
2019-04-18 00:00:00+08:00,13.216986799481607,13.573132228368332,13.216986799481607,13.335701942443848,1001085,0.0,0.0
2019-04-19 00:00:00+08:00,13.375273153582947,13.454417085406089,13.216986799481607,13.335701942443848,425110,0.0,0.0
2019-04-22 00:00:00+08:00,13.33570179786415,13.414845728829249,13.098270004968853,13.216986656188965,155441,0.0,0.0
2019-04-23 00:00:00+08:00,13.216987890557327,13.216987890557327,12.900412137131111,13.019128799438477,120180,0.0,0.0
2019-04-24 00:00:00+08:00,13.21698651440701,13.21698651440701,12.939983513773107,13.058698654174805,223075,0.0,0.0
2019-04-25 00:00:00+08:00,13.05869946940712,13.05869946940712,12.900411599293275,12.939984321594238,125110,0.0,0.0
2019-04-26 00:00:00+08:00,12.97955442875104,12.97955442875104,12.821268081665039,12.821268081665039,350100,0.0,0.0
2019-04-29 00:00:00+08:00,12.939984188060476,12.939984188060476,12.781696319580078,12.781696319580078,175022,0.0,0.0
2019-04-30 00:00:00+08:00,12.742125107232473,12.821269041472672,12.662981172992273,12.781696319580078,164017,0.0,0.0
2019-05-02 00:00:00+08:00,12.781696451480393,13.019128256651161,12.781696451480393,12.939984321594238,168003,0.0,0.0
2019-05-03 00:00:00+08:00,12.93998377546668,12.93998377546668,12.78169591203332,12.86083984375,54532,0.0,0.0
2019-05-06 00:00:00+08:00,12.662980225034161,12.86083929105032,12.662980225034161,12.821268081665039,199001,0.0,0.0
2019-05-07 00:00:00+08:00,12.821268081665039,12.93998321936576,12.702551434419442,12.821268081665039,222004,0.0,0.0
2019-05-08 00:00:00+08:00,12.6629815744203,12.742125511169434,12.385978550570849,12.742125511169434,180012,0.0,0.0
2019-05-09 00:00:00+08:00,12.623407965084512,12.623407965084512,12.504692830165528,12.544264793395996,115007,0.0,0.0
2019-05-10 00:00:00+08:00,12.623407965084512,12.66297992831498,12.504692830165528,12.544264793395996,89002,0.0,0.0
2019-05-13 00:00:00+08:00,12.544265461392863,12.544265461392863,12.148547317560565,12.26726245880127,137200,0.0,0.0
2019-05-14 00:00:00+08:00,12.10897561457154,12.148547580766612,11.990259715986317,12.069403648376465,123008,0.0,0.0
2019-05-15 00:00:00+08:00,12.069404854055433,12.504695016139811,12.069404854055433,12.346407890319824,116002,0.0,0.0
2019-05-16 00:00:00+08:00,12.30683592017169,12.465123045991676,12.30683592017169,12.346407890319824,37004,0.0,0.0
2019-05-17 00:00:00+08:00,12.148547317560565,12.306834424138993,12.148547317560565,12.26726245880127,176100,0.0,0.0
2019-05-20 00:00:00+08:00,12.267264238357189,12.267264238357189,11.99026119558203,12.14854907989502,49006,0.0,0.0
2019-05-21 00:00:00+08:00,12.14854907989502,12.14854907989502,12.14854907989502,12.14854907989502,0,0.0,0.0
2019-05-22 00:00:00+08:00,12.465123045991676,12.504695016139811,12.148548794351703,12.346407890319824,365008,0.0,0.0
2019-05-23 00:00:00+08:00,12.346407890319824,12.504695016139811,12.22769197987542,12.346407890319824,171000,0.0,0.0
2019-05-24 00:00:00+08:00,11.871545378033332,11.950689315795898,11.752830226162011,11.950689315795898,415000,0.0,0.0
2019-05-27 00:00:00+08:00,11.871545322853468,11.871545322853468,11.634114265441895,11.634114265441895,175000,0.0,0.0
2019-05-28 00:00:00+08:00,11.63411419472697,11.911117219152205,11.475827075672203,11.792401313781738,88000,0.0,0.0
2019-05-29 00:00:00+08:00,11.5153970288252,11.752828043240928,11.5153970288252,11.673684120178223,14000,0.0,0.0
2019-05-30 00:00:00+08:00,11.673685822310501,11.713257789611816,11.554970675179055,11.713257789611816,82000,0.0,0.0
2019-05-31 00:00:00+08:00,11.831973690241318,11.831973690241318,11.71325853554971,11.752830505371094,64000,0.0,0.0
2019-06-03 00:00:00+08:00,11.594540197115517,11.752828043240928,11.554968990356553,11.673684120178223,37000,0.0,0.0
2019-06-04 00:00:00+08:00,11.634112558901068,11.634112558901068,11.554969387887947,11.5945405960083,139000,0.0,0.0
2019-06-05 00:00:00+08:00,11.554969387887947,11.634112558901068,11.554969387887947,11.5945405960083,309000,0.0,0.0
2019-06-06 00:00:00+08:00,11.634112558901068,11.634112558901068,11.5945405960083,11.5945405960083,58000,0.0,0.0
2019-06-10 00:00:00+08:00,11.594542369163062,11.594542369163062,11.436255248157538,11.47582721710205,201000,0.0,0.0
2019-06-11 00:00:00+08:00,11.554969990469104,11.554969990469104,11.396682130643468,11.515398025512695,143001,0.0,0.0
2019-06-12 00:00:00+08:00,11.515399186046565,11.515399186046565,11.47582721710205,11.47582721710205,70002,0.0,0.0
2019-06-13 00:00:00+08:00,11.51539877374431,11.673685889082455,11.51539877374431,11.554970741271973,125000,0.0,0.0
2019-06-14 00:00:00+08:00,11.515397473789347,11.554969436849793,11.436253547668457,11.436253547668457,50000,0.0,0.0
2019-06-17 00:00:00+08:00,11.436255248157538,11.554971154991078,11.396683279213025,11.47582721710205,239000,0.0,0.0
2019-06-18 00:00:00+08:00,11.47582535675922,11.47582535675922,11.317538261413574,11.317538261413574,211000,0.0,0.0
2019-06-19 00:00:00+08:00,11.080107241008903,11.357110223943089,11.080107241008903,11.317538261413574,205000,0.0,0.0
2019-06-20 00:00:00+08:00,11.317539419581998,11.357111386161067,11.27796745300293,11.27796745300293,195000,0.0,0.0
2019-06-21 00:00:00+08:00,11.317538261413574,11.317538261413574,11.277966298884062,11.317538261413574,156005,0.0,0.0
2019-06-24 00:00:00+08:00,11.317539419581998,11.317539419581998,11.27796745300293,11.27796745300293,130198,0.0,0.0
2019-06-25 00:00:00+08:00,11.27796745300293,11.357111386161067,11.238395486423862,11.27796745300293,810011,0.0,0.0
2019-06-26 00:00:00+08:00,11.317540506942601,11.436255663313172,11.317540506942601,11.396683692932129,177000,0.0,0.0
2019-06-27 00:00:00+08:00,11.436254152708429,11.436254152708429,11.357110977172852,11.357110977172852,145000,0.0,0.0
2019-06-28 00:00:00+08:00,11.357110223943089,11.396681431700195,11.317538261413574,11.317538261413574,57000,0.0,0.0
2019-07-01 00:00:00+08:00,11.31753841325954,11.436253547668457,11.31753841325954,11.436253547668457,176140,0.0,0.0
2019-07-02 00:00:00+08:00,11.475825510728903,11.634112608198267,11.436253547668457,11.436253547668457,47001,0.0,0.0
2019-07-03 00:00:00+08:00,11.475825510728903,11.475825510728903,11.436253547668457,11.436253547668457,67000,0.0,0.0
2019-07-04 00:00:00+08:00,11.396683279213025,11.47582721710205,11.396683279213025,11.47582721710205,73000,0.0,0.0
2019-07-05 00:00:00+08:00,11.47582680621665,11.554970741271973,11.47582680621665,11.554970741271973,96000,0.0,0.0
2019-07-08 00:00:00+08:00,11.554970741271973,11.554970741271973,11.47582680621665,11.554970741271973,86000,0.0,0.0
2019-07-09 00:00:00+08:00,11.55497108281972,11.634114265441895,11.515399114122369,11.634114265441895,176000,0.0,0.0
2019-07-10 00:00:00+08:00,11.594542296744544,11.634114265441895,11.55497108281972,11.634114265441895,200000,0.0,0.0
2019-07-11 00:00:00+08:00,11.634113921554793,11.634113921554793,11.554970741271973,11.554970741271973,47551,0.0,0.0
2019-07-12 00:00:00+08:00,11.594542296744544,11.634114265441895,11.55497108281972,11.634114265441895,122039,0.0,0.0
2019-07-15 00:00:00+08:00,11.63411215864687,11.673684120178223,11.594540197115517,11.673684120178223,128001,0.0,0.0
2019-07-16 00:00:00+08:00,11.673686234139243,11.673686234139243,11.594542296744544,11.634114265441895,42041,0.0,0.0
2019-07-17 00:00:00+08:00,11.594542296744544,11.634114265441895,11.55497108281972,11.634114265441895,261012,0.0,0.0
2019-07-18 00:00:00+08:00,11.634114265441895,11.713258202836593,11.634114265441895,11.634114265441895,175000,0.0,0.0
2019-07-19 00:00:00+08:00,11.634114265441895,11.673686234139243,11.634114265441895,11.634114265441895,57003,0.0,0.0
2019-07-22 00:00:00+08:00,11.594542296744544,11.634114265441895,11.55497108281972,11.634114265441895,209001,0.0,0.0
2019-07-23 00:00:00+08:00,11.634112558901068,11.634112558901068,11.5945405960083,11.5945405960083,38220,0.0,0.0
2019-07-24 00:00:00+08:00,11.673686163183792,11.911117219152205,11.673686163183792,11.792401313781738,146002,0.0,0.0
2019-07-25 00:00:00+08:00,11.911116943894365,12.029832091748885,11.871544976352023,11.990260124206543,120001,0.0,0.0
2019-07-26 00:00:00+08:00,11.99026086996223,12.06940480996941,11.99026086996223,12.02983283996582,130000,0.0,0.0
2019-07-29 00:00:00+08:00,11.871545714724009,12.02983283996582,11.871545714724009,12.02983283996582,43000,0.0,0.0
2019-07-30 00:00:00+08:00,12.029832498785938,12.069404467667221,11.950689315795898,11.950689315795898,64100,0.0,0.0
2019-07-31 00:00:00+08:00,11.950689315795898,11.990260529904655,11.911117346914615,11.950689315795898,40004,0.0,0.0
2019-08-01 00:00:00+08:00,11.911116805032664,11.950688772113669,11.87154483795166,11.87154483795166,53011,0.0,0.0
2019-08-02 00:00:00+08:00,11.87154483795166,11.87154483795166,11.792400903789652,11.87154483795166,87004,0.0,0.0
2019-08-05 00:00:00+08:00,11.911116805032664,11.911116805032664,11.752829691481141,11.87154483795166,25001,0.0,0.0
2019-08-06 00:00:00+08:00,11.752830842401242,11.831974029541016,11.71325887144507,11.831974029541016,32110,0.0,0.0
2019-08-07 00:00:00+08:00,11.792401313781738,11.792401313781738,11.792401313781738,11.792401313781738,2479,0.0,0.0
2019-08-08 00:00:00+08:00,11.792402058584845,11.950689942409529,11.792402058584845,11.831974029541016,52000,0.0,0.0
2019-08-12 00:00:00+08:00,11.831973409152049,11.990260529904655,11.831973409152049,11.950689315795898,17005,0.0,0.0
2019-08-13 00:00:00+08:00,11.990261158593132,11.990261158593132,11.634114929532728,11.831974029541016,78000,0.0,0.0
2019-08-14 00:00:00+08:00,11.831973282238561,11.911117219152205,11.713258131640615,11.792401313781738,78000,0.0,0.0
2019-08-15 00:00:00+08:00,11.792401313781738,11.792401313781738,11.713258131640615,11.792401313781738,38061,0.0,0.0
2019-08-16 00:00:00+08:00,11.75283043021021,11.911117553710938,11.75283043021021,11.911117553710938,261015,0.0,0.0
2019-08-19 00:00:00+08:00,11.911117971453358,11.911117971453358,11.752830842401242,11.831974029541016,31000,0.0,0.0
2019-08-20 00:00:00+08:00,11.831972870870656,11.950688772113669,11.831972870870656,11.87154483795166,616039,0.0,0.0
2019-08-21 00:00:00+08:00,11.950688772113669,11.950688772113669,11.87154483795166,11.87154483795166,455002,0.0,0.0
2019-08-22 00:00:00+08:00,11.907123940709537,12.15347838576585,11.825005531311035,11.825005531311035,182021,0.543327,0.0
2019-08-23 00:00:00+08:00,11.825005120353698,11.825005120353698,11.660769090403623,11.742887496948242,15000,0.0,0.0
2019-08-26 00:00:00+08:00,11.537592263725857,11.742887496948242,11.537592263725857,11.742887496948242,36004,0.0,0.0
2019-08-27 00:00:00+08:00,11.496533459995415,11.866064736010287,11.496533459995415,11.825005531311035,286003,0.0,0.0
2019-08-28 00:00:00+08:00,11.660769495653225,11.825005531311035,11.619710290953975,11.825005531311035,16000,0.0,0.0
2019-08-29 00:00:00+08:00,11.742886836330033,11.78394603729248,11.660768434405139,11.78394603729248,33000,0.0,0.0
2019-08-30 00:00:00+08:00,11.742886836330033,11.78394603729248,11.701827635367586,11.78394603729248,100000,0.0,0.0
2019-09-02 00:00:00+08:00,11.907123940709537,11.907123940709537,11.783947109750978,11.825005531311035,125000,0.0,0.0
2019-09-03 00:00:00+08:00,11.78394603729248,11.78394603729248,11.742886836330033,11.78394603729248,277000,0.0,0.0
2019-09-04 00:00:00+08:00,11.742886836330033,11.78394603729248,11.701827635367586,11.78394603729248,26008,0.0,0.0
2019-09-05 00:00:00+08:00,11.825004455115806,11.825004455115806,11.742886836330033,11.78394603729248,273000,0.0,0.0
2019-09-06 00:00:00+08:00,11.78394603729248,11.825004455115806,11.742886836330033,11.78394603729248,162000,0.0,0.0
2019-09-10 00:00:00+08:00,11.78394603729248,11.78394603729248,11.742886836330033,11.78394603729248,16118,0.0,0.0
2019-09-11 00:00:00+08:00,11.866064736010287,11.866064736010287,11.825005531311035,11.825005531311035,3500,0.0,0.0
2019-09-12 00:00:00+08:00,11.825004455115806,11.825004455115806,11.78394603729248,11.78394603729248,65518,0.0,0.0
2019-09-16 00:00:00+08:00,11.742886836330033,11.78394603729248,11.742886836330033,11.78394603729248,73274,0.0,0.0
2019-09-17 00:00:00+08:00,11.742886836330033,11.825004455115806,11.742886836330033,11.78394603729248,50013,0.0,0.0
2019-09-18 00:00:00+08:00,11.78394603729248,11.78394603729248,11.78394603729248,11.78394603729248,71044,0.0,0.0
2019-09-19 00:00:00+08:00,11.78394603729248,11.78394603729248,11.742886836330033,11.78394603729248,56007,0.0,0.0
2019-09-20 00:00:00+08:00,11.783947109750978,11.825005531311035,11.783947109750978,11.825005531311035,24260,0.0,0.0
2019-09-23 00:00:00+08:00,11.825005531311035,11.866064736010287,11.783947109750978,11.825005531311035,58300,0.0,0.0
2019-09-24 00:00:00+08:00,11.783947109750978,11.825005531311035,11.783947109750978,11.825005531311035,77282,0.0,0.0
2019-09-25 00:00:00+08:00,11.825005531311035,11.866064736010287,11.537592664694666,11.825005531311035,280002,0.0,0.0
2019-09-26 00:00:00+08:00,11.825004455115806,11.825004455115806,11.78394603729248,11.78394603729248,27006,0.0,0.0
2019-09-27 00:00:00+08:00,11.783946700220552,11.825005120353698,11.742887496948242,11.742887496948242,26027,0.0,0.0
2019-10-01 00:00:00+08:00,11.742887496948242,11.783946700220552,11.742887496948242,11.742887496948242,55214,0.0,0.0
2019-10-02 00:00:00+08:00,11.783946700220552,11.783946700220552,11.701828293675932,11.742887496948242,119027,0.0,0.0
2019-10-03 00:00:00+08:00,11.660769090403623,11.742887496948242,11.660769090403623,11.742887496948242,25000,0.0,0.0
2019-10-04 00:00:00+08:00,11.742887496948242,11.742887496948242,11.701828293675932,11.742887496948242,13002,0.0,0.0
2019-10-07 00:00:00+08:00,11.742886836330033,11.78394603729248,11.742886836330033,11.78394603729248,13000,0.0,0.0
2019-10-08 00:00:00+08:00,11.78394603729248,11.825004455115806,11.78394603729248,11.78394603729248,60000,0.0,0.0
2019-10-09 00:00:00+08:00,11.783946700220552,11.783946700220552,11.742887496948242,11.742887496948242,47001,0.0,0.0
2019-10-14 00:00:00+08:00,11.742887496948242,11.742887496948242,11.742887496948242,11.742887496948242,85060,0.0,0.0
2019-10-15 00:00:00+08:00,11.742887496948242,11.783946700220552,11.701828293675932,11.742887496948242,98001,0.0,0.0
2019-10-16 00:00:00+08:00,11.742888500113054,12.07136058807373,11.742888500113054,12.07136058807373,306005,0.0,0.0
2019-10-17 00:00:00+08:00,11.989242264097074,12.27665512865154,11.907123855287692,11.948183059692383,1263001,0.0,0.0
2019-10-18 00:00:00+08:00,11.86606531265358,11.948183726042709,11.86606531265358,11.907124519348145,81004,0.0,0.0
2019-10-21 00:00:00+08:00,11.86606531265358,11.907124519348145,11.86606531265358,11.907124519348145,132000,0.0,0.0
2019-10-22 00:00:00+08:00,11.90712423102995,11.90712423102995,11.86606502532959,11.86606502532959,38000,0.0,0.0
2019-10-23 00:00:00+08:00,11.86606502532959,11.86606502532959,11.825005819629231,11.86606502532959,40000,0.0,0.0
2019-10-24 00:00:00+08:00,11.825005531311035,11.866064736010287,11.825005531311035,11.825005531311035,14001,0.0,0.0
2019-10-25 00:00:00+08:00,11.825004455115806,11.825004455115806,11.78394603729248,11.78394603729248,57001,0.0,0.0
2019-10-28 00:00:00+08:00,11.783946700220552,11.783946700220552,11.742887496948242,11.742887496948242,165000,0.0,0.0
2019-10-29 00:00:00+08:00,11.742887496948242,11.907123526898317,11.742887496948242,11.742887496948242,65002,0.0,0.0
2019-10-30 00:00:00+08:00,11.742886836330033,11.866063656078254,11.742886836330033,11.78394603729248,32220,0.0,0.0
2019-10-31 00:00:00+08:00,11.78394603729248,11.78394603729248,11.78394603729248,11.78394603729248,30005,0.0,0.0
2019-11-01 00:00:00+08:00,11.742886836330033,11.78394603729248,11.742886836330033,11.78394603729248,36003,0.0,0.0
2019-11-04 00:00:00+08:00,11.825004455115806,11.825004455115806,11.742886836330033,11.78394603729248,93000,0.0,0.0
2019-11-05 00:00:00+08:00,11.78394603729248,11.78394603729248,11.742886836330033,11.78394603729248,139000,0.0,0.0
2019-11-06 00:00:00+08:00,11.825005819629231,11.86606502532959,11.825005819629231,11.86606502532959,124000,0.0,0.0
2019-11-07 00:00:00+08:00,11.86606502532959,11.90712423102995,11.86606502532959,11.86606502532959,58000,0.0,0.0
2019-11-08 00:00:00+08:00,11.907124519348145,11.907124519348145,11.86606531265358,11.907124519348145,109000,0.0,0.0
2019-11-11 00:00:00+08:00,11.907124519348145,11.907124519348145,11.825006105959018,11.907124519348145,319000,0.0,0.0
2019-11-12 00:00:00+08:00,11.907124519348145,11.907124519348145,11.825006105959018,11.907124519348145,80000,0.0,0.0
2019-11-13 00:00:00+08:00,11.825005819629231,11.86606502532959,11.825005819629231,11.86606502532959,19000,0.0,0.0
2019-11-14 00:00:00+08:00,11.90712423102995,11.90712423102995,11.825005819629231,11.86606502532959,70000,0.0,0.0
2019-11-15 00:00:00+08:00,11.86606531265358,11.907124519348145,11.825006105959018,11.907124519348145,55000,0.0,0.0
2019-11-18 00:00:00+08:00,11.90712423102995,11.90712423102995,11.825005819629231,11.86606502532959,129000,0.0,0.0
2019-11-19 00:00:00+08:00,11.825005819629231,11.90712423102995,11.825005819629231,11.86606502532959,148000,0.0,0.0
2019-11-20 00:00:00+08:00,11.989242264097074,11.989242264097074,11.907123855287692,11.948183059692383,42000,0.0,0.0
2019-11-21 00:00:00+08:00,11.989242264097074,11.989242264097074,11.907123855287692,11.948183059692383,42000,0.0,0.0
2019-11-22 00:00:00+08:00,11.907125090060166,11.989243507385254,11.907125090060166,11.989243507385254,39201,0.0,0.0
2019-11-25 00:00:00+08:00,11.948183059692383,11.989242264097074,11.825005446478308,11.948183059692383,128000,0.0,0.0
2019-11-26 00:00:00+08:00,11.907124519348145,11.907124519348145,11.825006105959018,11.907124519348145,254000,0.0,0.0
2019-11-27 00:00:00+08:00,11.907124519348145,11.948183726042709,11.86606531265358,11.907124519348145,165000,0.0,0.0
2019-11-28 00:00:00+08:00,11.86606531265358,11.907124519348145,11.86606531265358,11.907124519348145,114000,0.0,0.0
2019-11-29 00:00:00+08:00,11.90712423102995,11.90712423102995,11.86606502532959,11.86606502532959,103005,0.0,0.0
2019-12-02 00:00:00+08:00,11.866064736010287,11.866064736010287,11.825005531311035,11.825005531311035,69000,0.0,0.0
2019-12-03 00:00:00+08:00,11.825005819629231,11.90712423102995,11.825005819629231,11.86606502532959,129000,0.0,0.0
2019-12-04 00:00:00+08:00,11.825005819629231,11.86606502532959,11.825005819629231,11.86606502532959,177000,0.0,0.0
2019-12-05 00:00:00+08:00,11.90712423102995,11.90712423102995,11.825005819629231,11.86606502532959,170000,0.0,0.0
2019-12-06 00:00:00+08:00,11.866064736010287,11.907123940709537,11.825005531311035,11.825005531311035,55000,0.0,0.0
2019-12-09 00:00:00+08:00,11.86606502532959,11.90712423102995,11.825005819629231,11.86606502532959,181000,0.0,0.0
2019-12-10 00:00:00+08:00,11.907124519348145,11.948183726042709,11.86606531265358,11.907124519348145,171000,0.0,0.0
2019-12-11 00:00:00+08:00,11.907123855287692,11.948183059692383,11.825005446478308,11.948183059692383,125000,0.0,0.0
2019-12-12 00:00:00+08:00,11.989243507385254,12.03030193290853,11.866065881397622,11.989243507385254,180000,0.0,0.0
2019-12-13 00:00:00+08:00,12.030301356292606,12.030301356292606,11.86606531265358,11.907124519348145,115000,0.0,0.0
2019-12-16 00:00:00+08:00,11.948183126351836,12.35877360641108,11.948183126351836,12.276655197143555,629000,0.0,0.0
2019-12-17 00:00:00+08:00,12.153478366381458,12.317714401777318,12.153478366381458,12.276655197143555,191000,0.0,0.0
2019-12-18 00:00:00+08:00,12.317715661371578,12.646187765752446,12.317715661371578,12.481951713562012,511000,0.0,0.0
2019-12-19 00:00:00+08:00,12.399831893737646,12.523008715387444,12.399831893737646,12.440890312194824,162000,0.0,0.0
2019-12-20 00:00:00+08:00,12.358774853613733,12.440892488029082,12.194538801643768,12.317715644836426,359007,0.0,0.0
2019-12-23 00:00:00+08:00,12.317715644836426,12.317715644836426,12.276656436059117,12.317715644836426,96000,0.0,0.0
2019-12-24 00:00:00+08:00,12.317715644836426,12.317715644836426,12.276656436059117,12.317715644836426,96000,0.0,0.0
2019-12-25 00:00:00+08:00,12.317715644836426,12.317715644836426,12.276656436059117,12.317715644836426,100000,0.0,0.0
2019-12-26 00:00:00+08:00,12.317715644836426,12.399834062391042,12.317715644836426,12.317715644836426,222000,0.0,0.0
2019-12-27 00:00:00+08:00,12.358774185180664,12.440891815154622,12.317714978624071,12.358774185180664,160020,0.0,0.0
2019-12-30 00:00:00+08:00,12.399833391737257,12.440891815154622,12.358774185180664,12.358774185180664,180000,0.0,0.0
2019-12-31 00:00:00+08:00,12.399832106234156,12.605127334594727,12.358772903934213,12.605127334594727,624205,0.0,0.0
2020-01-02 00:00:00+08:00,12.687246034403037,12.769364445982546,12.564069200172986,12.646186828613281,716000,0.0,0.0
2020-01-03 00:00:00+08:00,12.68724536895752,12.769363776229921,12.564068541188087,12.68724536895752,467550,0.0,0.0
2020-01-06 00:00:00+08:00,12.892540898128573,12.933600102701494,12.64618645383023,12.728304862976074,918000,0.0,0.0
2020-01-07 00:00:00+08:00,12.769363776229921,12.769363776229921,12.646186165321318,12.68724536895752,616000,0.0,0.0
2020-01-08 00:00:00+08:00,12.687244956055467,12.687244956055467,12.605127334594727,12.605127334594727,512000,0.0,0.0
2020-01-09 00:00:00+08:00,12.52300999438323,12.728305240192793,12.52300999438323,12.646186828613281,721000,0.0,0.0
2020-01-10 00:00:00+08:00,12.646186828613281,12.646186828613281,12.60512840596274,12.646186828613281,413000,0.0,0.0
2020-01-13 00:00:00+08:00,12.646186828613281,12.646186828613281,12.60512840596274,12.646186828613281,524000,0.0,0.0
2020-01-14 00:00:00+08:00,12.646186828613281,12.646186828613281,12.60512840596274,12.646186828613281,542000,0.0,0.0
2020-01-15 00:00:00+08:00,12.605128955504604,12.605128955504604,12.440892125185403,12.564069747924805,633000,0.0,0.0
2020-01-16 00:00:00+08:00,12.564069460546902,12.564069460546902,12.481951047265596,12.52301025390625,158000,0.0,0.0
2020-01-17 00:00:00+08:00,12.481951332765204,12.564069747924805,12.481951332765204,12.564069747924805,101016,0.0,0.0
2020-01-20 00:00:00+08:00,12.523010540345004,12.646187379945157,12.523010540345004,12.564069747924805,1168024,0.0,0.0
2020-01-30 00:00:00+08:00,12.153479001633515,12.235596632054069,12.030301381293837,12.07136058807373,386000,0.0,0.0
2020-01-31 00:00:00+08:00,11.742888219736738,12.030301094055176,11.742888219736738,12.030301094055176,133138,0.0,0.0
2020-02-03 00:00:00+08:00,11.742888219736738,12.030301094055176,11.496533768078638,12.030301094055176,323000,0.0,0.0
2020-02-04 00:00:00+08:00,12.030301381293837,12.07136058807373,11.989242957653177,12.07136058807373,167000,0.0,0.0
2020-02-05 00:00:00+08:00,11.989242932737271,12.030301356292606,11.907124519348145,11.907124519348145,41000,0.0,0.0
2020-02-06 00:00:00+08:00,12.071360299854728,12.071360299854728,12.030301094055176,12.030301094055176,83000,0.0,0.0
2020-02-07 00:00:00+08:00,12.030301094055176,12.030301094055176,12.030301094055176,12.030301094055176,0,0.0,0.0
2020-02-10 00:00:00+08:00,12.030301356292606,12.030301356292606,11.783947682403683,11.907124519348145,140042,0.0,0.0
2020-02-11 00:00:00+08:00,11.90712423102995,11.90712423102995,11.825005819629231,11.86606502532959,72000,0.0,0.0
2020-02-12 00:00:00+08:00,11.907123888953258,12.112419128417969,11.866064684432478,12.112419128417969,110000,0.0,0.0
2020-02-13 00:00:00+08:00,12.440890930279483,13.097835839041187,12.440890930279483,12.68724536895752,1102000,0.0,0.0
2020-02-14 00:00:00+08:00,12.728304158355412,12.8104225629553,12.523008929994841,12.605127334594727,1543126,0.0,0.0
2020-02-17 00:00:00+08:00,12.605127964138632,12.605127964138632,12.399832725524902,12.399832725524902,1494000,0.0,0.0
2020-02-18 00:00:00+08:00,12.4408911467363,12.523009555437465,12.317714316823738,12.399832725524902,1738000,0.0,0.0
2020-02-19 00:00:00+08:00,12.4408911467363,12.481950351086883,12.358773521174319,12.399832725524902,1146000,0.0,0.0
2020-02-20 00:00:00+08:00,13.303133780426833,13.631605890724586,13.015720096561836,13.138896942138672,3345000,0.0,0.0
2020-02-21 00:00:00+08:00,13.097837732566632,13.138896942138672,12.851483258273674,13.138896942138672,613050,0.0,0.0
2020-02-24 00:00:00+08:00,12.892541162643713,13.221014022827148,12.892541162643713,13.221014022827148,230000,0.0,0.0
2020-02-25 00:00:00+08:00,13.015720096561836,13.221015361282753,12.933601677417755,13.138896942138672,344000,0.0,0.0
2020-02-26 00:00:00+08:00,13.056777000427246,13.138895409995396,13.015718578782366,13.056777000427246,133000,0.0,0.0
2020-02-27 00:00:00+08:00,13.138895936161532,13.138895936161532,12.810423851013184,12.810423851013184,477000,0.0,0.0
2020-03-02 00:00:00+08:00,12.646186165321318,12.933599807635554,12.564068541188087,12.68724536895752,256000,0.0,0.0
2020-03-03 00:00:00+08:00,12.974659893587358,13.097836729733181,12.728305438156484,12.810423851013184,166000,0.0,0.0
2020-03-04 00:00:00+08:00,12.769363403320312,12.810422605757443,12.728304200883182,12.769363403320312,97000,0.0,0.0
2020-03-05 00:00:00+08:00,12.89254064143854,12.974659048949409,12.810423017066844,12.851481437683105,235000,0.0,0.0
2020-03-06 00:00:00+08:00,12.687245691441635,12.89254093170166,12.687245691441635,12.89254093170166,172000,0.0,0.0
2020-03-09 00:00:00+08:00,12.851481025055424,13.015717834803946,12.728304200883182,12.769363403320312,293000,0.0,0.0
2020-03-10 00:00:00+08:00,12.769364644584835,12.810423851013184,12.646187025299785,12.810423851013184,237000,0.0,0.0
2020-03-11 00:00:00+08:00,12.933599429929686,13.015717834803946,12.769363403320312,12.769363403320312,329000,0.0,0.0
2020-03-12 00:00:00+08:00,12.769365339416515,12.769365339416515,11.825006672735078,11.989243507385254,731000,0.0,0.0
2020-03-13 00:00:00+08:00,11.989243507385254,11.989243507385254,11.989243507385254,11.989243507385254,0,0.0,0.0
2020-03-16 00:00:00+08:00,11.04488439468759,11.29123885357526,10.921707556813372,11.003825187683105,272000,0.0,0.0
2020-03-17 00:00:00+08:00,10.305820594325917,11.00382389910724,10.305820594325917,10.798528671264648,161000,0.0,0.0
2020-03-18 00:00:00+08:00,11.085943222045898,11.578652122948066,11.085943222045898,11.085943222045898,553000,0.0,0.0
2020-03-19 00:00:00+08:00,11.003825471383706,11.044884679446778,10.018408393566236,10.100526809692383,649000,0.0,0.0
2020-03-20 00:00:00+08:00,10.30582258819012,11.085944448294066,10.30582258819012,10.962767601013184,406000,0.0,0.0
2020-03-23 00:00:00+08:00,10.470057516503905,10.798529595922853,10.470057516503905,10.634293556213379,176000,0.0,0.0
2020-03-24 00:00:00+08:00,10.921707556813372,11.04488439468759,10.880648349808888,11.003825187683105,210000,0.0,0.0
2020-03-25 00:00:00+08:00,11.12700242764428,11.250179261300218,11.085943222045898,11.085943222045898,377000,0.0,0.0
2020-03-26 00:00:00+08:00,11.085943601692074,11.085943601692074,10.962766763817857,11.003825187683105,171000,0.0,0.0
2020-03-27 00:00:00+08:00,11.168062015701043,11.168062015701043,11.003825187683105,11.003825187683105,285000,0.0,0.0
2020-03-30 00:00:00+08:00,10.675353635696846,10.921708106994629,10.593235217551161,10.921708106994629,149000,0.0,0.0
2020-03-31 00:00:00+08:00,10.921706863700546,11.003824489358934,10.880647659301758,10.880647659301758,129000,0.0,0.0
2020-04-01 00:00:00+08:00,10.880649180733064,10.962767601013184,10.839589970593005,10.962767601013184,160000,0.0,0.0
2020-04-06 00:00:00+08:00,10.921706930482378,11.20911979675293,10.921706930482378,11.20911979675293,147000,0.0,0.0
2020-04-07 00:00:00+08:00,11.332297410702473,11.455474241512826,11.168061375242273,11.20911979675293,552000,0.0,0.0
2020-04-08 00:00:00+08:00,11.085942965942579,11.20911979675293,11.04488376129273,11.20911979675293,271000,0.0,0.0
2020-04-09 00:00:00+08:00,11.209120085065543,11.291238496477426,11.168061662498811,11.250179290771484,303000,0.0,0.0
2020-04-10 00:00:00+08:00,11.25017986321825,11.373357486603766,11.20912065542308,11.332298278808594,236000,0.0,0.0
2020-04-13 00:00:00+08:00,11.37335719829875,11.37335719829875,11.250179578035684,11.291238784790039,255000,0.0,0.0
2020-04-14 00:00:00+08:00,11.33229710992475,11.619709968566895,11.33229710992475,11.619709968566895,274000,0.0,0.0
2020-04-15 00:00:00+08:00,11.660770086553269,12.153479001633515,11.660770086553269,12.07136058807373,492000,0.0,0.0
2020-04-16 00:00:00+08:00,11.948183093474038,12.112419128417969,11.948183093474038,12.112419128417969,315000,0.0,0.0
2020-04-17 00:00:00+08:00,12.15347957611084,12.564070097039318,11.9481843156466,12.15347957611084,750000,0.0,0.0
2020-04-20 00:00:00+08:00,12.153478366381458,12.276655197143555,12.112419161747695,12.276655197143555,86000,0.0,0.0
2020-04-21 00:00:00+08:00,12.317715045613854,12.317715045613854,11.907124544093392,12.07136058807373,186000,0.0,0.0
2020-04-22 00:00:00+08:00,12.071361158669436,12.235597210412974,11.989243524367302,12.15347957611084,253000,0.0,0.0
2020-04-23 00:00:00+08:00,12.15347890998481,12.276655746256386,12.15347890998481,12.194538116455078,33000,0.0,0.0
2020-04-24 00:00:00+08:00,12.112419703514544,12.235596539786119,12.112419703514544,12.194538116455078,64000,0.0,0.0
2020-04-27 00:00:00+08:00,12.235596539786119,12.235596539786119,12.15347890998481,12.194538116455078,548000,0.0,0.0
2020-04-28 00:00:00+08:00,12.194538784831542,12.276656419133676,12.112420367390138,12.15347957611084,278000,0.0,0.0
2020-04-29 00:00:00+08:00,12.194538233075619,12.317715070525178,12.194538233075619,12.235596656799316,379000,0.0,0.0
2020-04-30 00:00:00+08:00,12.317715003842212,12.605128667187556,12.27665579720156,12.52301025390625,538000,0.0,0.0
2020-05-04 00:00:00+08:00,12.317713490545026,12.523008715387444,12.235595087352406,12.440890312194824,285000,0.0,0.0
2020-05-05 00:00:00+08:00,12.440891815154622,12.523010228267806,12.317714978624071,12.358774185180664,265000,0.0,0.0
2020-05-06 00:00:00+08:00,12.317714978624071,12.358774185180664,12.276655772067478,12.358774185180664,266000,0.0,0.0
2020-05-07 00:00:00+08:00,12.399834062391042,12.399834062391042,12.235597227281808,12.317715644836426,194000,0.0,0.0
2020-05-08 00:00:00+08:00,12.235595908122571,12.399832725524902,12.194537486911173,12.399832725524902,613000,0.0,0.0
2020-05-11 00:00:00+08:00,12.440892504729586,12.523010922394437,12.317715661371578,12.481951713562012,353000,0.0,0.0
2020-05-12 00:00:00+08:00,12.481951021711213,12.523010228267806,12.358774185180664,12.358774185180664,180000,0.0,0.0
2020-05-13 00:00:00+08:00,12.399832106234156,12.646185753755525,12.358772903934213,12.605127334594727,496000,0.0,0.0
2020-05-14 00:00:00+08:00,12.605128735426458,12.605128735426458,12.235596656799316,12.235596656799316,443000,0.0,0.0
2020-05-15 00:00:00+08:00,12.481950351086883,12.481950351086883,12.235595908122571,12.399832725524902,143000,0.0,0.0
2020-05-18 00:00:00+08:00,12.399832725524902,12.4408911467363,12.358773521174319,12.399832725524902,89000,0.0,0.0
2020-05-19 00:00:00+08:00,12.399833391737257,12.481951021711213,12.317714978624071,12.358774185180664,193000,0.0,0.0
2020-05-20 00:00:00+08:00,12.399831893737646,12.481949513791134,12.399831893737646,12.440890312194824,192000,0.0,0.0
2020-05-21 00:00:00+08:00,12.523010922394437,12.523010922394437,12.481951713562012,12.481951713562012,126000,0.0,0.0
2020-05-22 00:00:00+08:00,12.481951047265596,12.564069460546902,12.440891840624943,12.52301025390625,220000,0.0,0.0
2020-05-25 00:00:00+08:00,12.523009337551885,12.974659011271756,12.481950133915685,12.68724536895752,708000,0.0,0.0
2020-05-26 00:00:00+08:00,12.728304862976074,12.85148169355565,12.64618645383023,12.728304862976074,372000,0.0,0.0
2020-05-27 00:00:00+08:00,12.76936381331141,12.851481437683105,12.728304609555975,12.851481437683105,533000,0.0,0.0
2020-05-28 00:00:00+08:00,12.892541480730658,12.892541480730658,12.769364644584835,12.810423851013184,361000,0.0,0.0
2020-05-29 00:00:00+08:00,12.728304609555975,12.851481437683105,12.728304609555975,12.851481437683105,187000,0.0,0.0
2020-06-01 00:00:00+08:00,12.89254093170166,12.933600136381504,12.851481727021817,12.89254093170166,206000,0.0,0.0
2020-06-02 00:00:00+08:00,12.933600136381504,12.933600136381504,12.769364100801322,12.89254093170166,552000,0.0,0.0
2020-06-03 00:00:00+08:00,12.93360071322766,12.97465991973877,12.810423876833564,12.97465991973877,403000,0.0,0.0
2020-06-04 00:00:00+08:00,13.015717877187566,13.056776296619248,12.892540269475065,12.933599472045898,445000,0.0,0.0
2020-06-05 00:00:00+08:00,12.974658674616732,12.974658674616732,12.851481066904233,12.933599472045898,610000,0.0,0.0
2020-06-08 00:00:00+08:00,12.97465991973877,13.056777549621758,12.93360071322766,12.97465991973877,678000,0.0,0.0
2020-06-09 00:00:00+08:00,12.97465925567338,13.056776881353448,12.933600051263753,13.015718460083008,308000,0.0,0.0
2020-06-10 00:00:00+08:00,13.015718578782366,13.056777000427246,13.015718578782366,13.056777000427246,100000,0.0,0.0
2020-06-11 00:00:00+08:00,13.056777549621758,13.097836756132866,12.892541506716553,12.97465991973877,541000,0.0,0.0
2020-06-12 00:00:00+08:00,12.89254064143854,12.933599845193974,12.728304609555975,12.851481437683105,347000,0.0,0.0
2020-06-15 00:00:00+08:00,13.015717877187566,13.015717877187566,12.892540269475065,12.933599472045898,98000,0.0,0.0
2020-06-16 00:00:00+08:00,12.974659373998293,13.056777000427246,12.892540964430143,13.056777000427246,367000,0.0,0.0
2020-06-17 00:00:00+08:00,13.097837732566632,13.138896942138672,13.056778522994591,13.138896942138672,273000,0.0,0.0
2020-06-18 00:00:00+08:00,13.138894743472667,13.138894743472667,13.015717918508273,13.097835540771484,453000,0.0,0.0
2020-06-19 00:00:00+08:00,13.097835540771484,13.138894743472667,13.056776338070302,13.097835540771484,135000,0.0,0.0
2020-06-22 00:00:00+08:00,13.138894743472667,13.138894743472667,13.056776338070302,13.097835540771484,198000,0.0,0.0
2020-06-23 00:00:00+08:00,13.138894743472667,13.138894743472667,13.056776338070302,13.097835540771484,234000,0.0,0.0
2020-06-24 00:00:00+08:00,13.097837732566632,13.138896942138672,13.056778522994591,13.138896942138672,218000,0.0,0.0
2020-06-29 00:00:00+08:00,13.138896942138672,13.262073787715508,13.056778522994591,13.138896942138672,1009000,0.0,0.0
2020-06-30 00:00:00+08:00,13.221014022827148,13.262072445103273,13.138895611996489,13.221014022827148,515000,0.0,0.0
2020-07-01 00:00:00+08:00,13.221014022827148,13.262072445103273,13.179954034272614,13.221014022827148,494000,0.0,0.0
2020-07-02 00:00:00+08:00,13.262072563171387,13.262072563171387,13.179954151609651,13.262072563171387,310000,0.0,0.0
2020-07-03 00:00:00+08:00,13.262073136099206,13.344191551208496,13.262073136099206,13.344191551208496,229000,0.0,0.0
2020-07-06 00:00:00+08:00,13.385250166052787,13.508428573608398,13.385250166052787,13.508428573608398,518000,0.0,0.0
2020-07-07 00:00:00+08:00,13.50842811580203,13.590544963018107,13.385249712420986,13.467368125915527,334000,0.0,0.0
2020-07-08 00:00:00+08:00,13.508427854991925,13.590544700622559,13.426309443082863,13.590544700622559,483000,0.0,0.0
2020-07-09 00:00:00+08:00,13.590544325343842,13.7137227229453,13.590544325343842,13.672662734985352,555000,0.0,0.0
2020-07-10 00:00:00+08:00,13.672663839885022,13.672663839885022,13.42631015733083,13.508428573608398,568000,0.0,0.0
2020-07-13 00:00:00+08:00,13.549485903662282,13.672662734985352,13.549485903662282,13.672662734985352,907000,0.0,0.0
2020-07-14 00:00:00+08:00,13.672663112531621,13.71372310162537,13.549486277807242,13.590544700622559,1099000,0.0,0.0
2020-07-15 00:00:00+08:00,13.679083309834374,13.679083309834374,13.546277011863515,13.634814262390137,418000,1.2,0.0
2020-07-16 00:00:00+08:00,13.679082902185005,13.723351948309983,13.45773851592194,13.590545654296875,145000,0.0,0.0
2020-07-17 00:00:00+08:00,13.590545576177066,13.679082823556275,13.45773843856552,13.502007484436035,348000,0.0,0.0
2020-07-20 00:00:00+08:00,13.546276608171896,13.590545654296875,13.45773851592194,13.590545654296875,113000,0.0,0.0
2020-07-21 00:00:00+08:00,13.63481429695468,13.63481429695468,13.413469903534235,13.546277046203613,465000,0.0,0.0
2020-07-22 00:00:00+08:00,13.54627653030655,13.590545576177066,13.45773843856552,13.502007484436035,110000,0.0,0.0
2020-07-23 00:00:00+08:00,13.546276608171896,13.634813856060028,13.502007562046918,13.590545654296875,573000,0.0,0.0
2020-07-24 00:00:00+08:00,13.590545576177066,13.63481377768576,13.36920119118631,13.502007484436035,528000,0.0,0.0
2020-07-27 00:00:00+08:00,13.502006994916727,13.502006994916727,13.280662617950878,13.369200706481934,227000,0.0,0.0
2020-07-28 00:00:00+08:00,13.457739318650676,13.457739318650676,13.059319568484538,13.147857666015625,283000,0.0,0.0
2020-07-29 00:00:00+08:00,13.14785668198505,13.36920106488472,13.103587636532755,13.236393928527832,222000,0.0,0.0
2020-07-30 00:00:00+08:00,13.28066259033633,13.502006966841936,13.236393546162851,13.457737922668457,299000,0.0,0.0
2020-07-31 00:00:00+08:00,13.457737922668457,13.502006966841936,13.32493163450981,13.457737922668457,66000,0.0,0.0
2020-08-03 00:00:00+08:00,13.457737922668457,13.502006966841936,13.369200678683288,13.457737922668457,107000,0.0,0.0
2020-08-04 00:00:00+08:00,13.457737922668457,13.502006966841936,13.369200678683288,13.457737922668457,140000,0.0,0.0
2020-08-05 00:00:00+08:00,13.900427702693705,13.944696750137942,13.369201666448419,13.634814262390137,1333000,0.0,0.0
2020-08-06 00:00:00+08:00,13.811890602111816,13.944696901524448,13.679083458337324,13.811890602111816,1381000,0.0,0.0
2020-08-07 00:00:00+08:00,13.900426345979922,13.944695389103396,13.811889104094737,13.856157302856445,364000,0.0,0.0
2020-08-10 00:00:00+08:00,13.900426345979922,13.900426345979922,13.767620060971263,13.856157302856445,175000,0.0,0.0
2020-08-11 00:00:00+08:00,13.900427853599618,13.944696901524448,13.634814410412494,13.811890602111816,666000,0.0,0.0
2020-08-12 00:00:00+08:00,13.811890086616836,13.811890086616836,13.63481390152645,13.767621040344238,88000,0.0,0.0
2020-08-13 00:00:00+08:00,13.811890086616836,13.856158288527604,13.723351994071642,13.767621040344238,220000,0.0,0.0
2020-08-14 00:00:00+08:00,13.811890567035386,13.944696866110744,13.679083423598168,13.90042781829834,494000,0.0,0.0
2020-08-17 00:00:00+08:00,13.988965952836464,14.121772252281254,13.944696904900916,14.077503204345703,648000,0.0,0.0
2020-08-18 00:00:00+08:00,14.121771780076761,14.210309028625488,14.077502733621483,14.210309028625488,624000,0.0,0.0
2020-08-19 00:00:00+08:00,14.210309723704423,14.387385918186993,14.210309723704423,14.343117713928223,622000,0.0,0.0
2020-08-20 00:00:00+08:00,14.43165389910638,14.43165389910638,13.856158809029816,14.077503204345703,482000,0.0,0.0
2020-08-21 00:00:00+08:00,14.166040499526302,14.298846791464635,14.166040499526302,14.254578590393066,233000,0.0,0.0
2020-08-24 00:00:00+08:00,14.343116132914744,14.431652531673091,14.210308157330108,14.298846244812012,354000,0.0,0.0
2020-08-25 00:00:00+08:00,14.343117713928223,14.431654122445762,14.25457961668694,14.343117713928223,300000,0.0,0.0
2020-08-26 00:00:00+08:00,14.387384821880543,14.520191113260871,14.343116620994973,14.431653022766113,930000,0.0,0.0
2020-08-27 00:00:00+08:00,14.475922529326427,14.697266905344495,14.475922529326427,14.652997016906738,809000,0.0,0.0
2020-08-28 00:00:00+08:00,14.741535368767813,15.626912888678476,14.652997279032027,15.184224128723145,3139000,0.0,0.0
2020-08-31 00:00:00+08:00,15.361300874400303,15.75971975981135,15.228494579263288,15.405569076538086,1417000,0.0,0.0
2020-09-01 00:00:00+08:00,15.36130190185928,15.449840000780489,15.139957498918148,15.228495597839355,716000,0.0,0.0
2020-09-02 00:00:00+08:00,15.361300862265596,15.361300862265596,15.1399564743042,15.1399564743042,1184000,0.0,0.0
2020-09-03 00:00:00+08:00,15.317030733775583,15.317030733775583,14.87434196472168,14.87434196472168,1167000,0.0,0.0
2020-09-04 00:00:00+08:00,14.697266207309449,15.09568505198524,14.652996320974255,14.918610572814941,944000,0.0,0.0
2020-09-07 00:00:00+08:00,14.962880198277317,15.007150088837017,14.785805702209473,14.785805702209473,714000,0.0,0.0
2020-09-08 00:00:00+08:00,14.830073275410266,14.918611364052953,14.652997098124889,14.741535186767578,519000,0.0,0.0
2020-09-09 00:00:00+08:00,14.608729517417975,15.405568971532407,14.475923223186179,14.785805702209473,10456000,0.0,0.0
2020-09-10 00:00:00+08:00,14.741534979127216,16.24667739868164,14.697266779791198,16.24667739868164,7082000,0.0,0.0
2020-09-11 00:00:00+08:00,16.42375420209325,17.84035873413086,16.42375420209325,17.84035873413086,19294000,0.0,0.0
2020-09-14 00:00:00+08:00,18.371584656922757,18.81427344383656,16.95498020105385,17.574745178222656,16047000,0.0,0.0
2020-09-15 00:00:00+08:00,17.264864821183053,17.441941033300136,16.777907770946943,16.822175979614258,3516000,0.0,0.0
2020-09-16 00:00:00+08:00,16.91071046577665,17.264861125477633,16.423751831054688,16.423751831054688,2517000,0.0,0.0
2020-09-17 00:00:00+08:00,16.64509976749717,17.043520400398656,16.512293452771317,16.822175979614258,1569000,0.0,0.0
2020-09-18 00:00:00+08:00,16.822173440142272,17.884627175009143,16.73363534744942,17.441938400268555,6556000,0.0,0.0
2020-09-21 00:00:00+08:00,17.353402014074497,17.57474642321136,16.866443300739114,16.91071319580078,1913000,0.0,0.0
2020-09-22 00:00:00+08:00,16.866440243823902,16.910710130861986,16.37948330746962,16.468021392822266,1159000,0.0,0.0
2020-09-23 00:00:00+08:00,16.512289972144863,16.822172433667664,16.24667739868164,16.24667739868164,1128000,0.0,0.0
2020-09-24 00:00:00+08:00,15.936795851763556,16.025333944240305,15.007150102566811,15.05141830444336,2212000,0.0,0.0
2020-09-25 00:00:00+08:00,15.139956140754219,15.40556872496669,14.21030871856332,14.520191192626953,2117000,0.0,0.0
2020-09-28 00:00:00+08:00,14.697267470334301,14.87434196472168,14.697267470334301,14.87434196472168,502000,0.0,0.0
2020-09-29 00:00:00+08:00,15.007150088837017,15.184224584904861,14.785805702209473,14.785805702209473,674000,0.0,0.0
2020-09-30 00:00:00+08:00,14.962880056277188,14.962880056277188,14.652997580194729,14.87434196472168,344000,0.0,0.0
2020-10-05 00:00:00+08:00,14.962880614609578,15.184225007395884,14.918612411541796,15.095686912536621,628000,0.0,0.0
2020-10-06 00:00:00+08:00,15.184224128723145,15.40556850870081,15.184224128723145,15.184224128723145,749000,0.0,0.0
2020-10-07 00:00:00+08:00,15.05141939999694,15.272763802938071,14.918613095977017,15.228495597839355,377000,0.0,0.0
2020-10-08 00:00:00+08:00,15.361300783750158,15.361300783750158,15.05141830444336,15.05141830444336,506000,0.0,0.0
2020-10-12 00:00:00+08:00,15.09568642824898,15.13995631862023,14.918611932934915,14.96288013458252,381000,0.0,0.0
2020-10-13 00:00:00+08:00,14.962879748745479,15.317030418965023,14.741535368767813,15.184224128723145,540000,0.0,0.0
2020-10-14 00:00:00+08:00,15.228493231388187,15.494105798152829,15.051417061062748,15.361299514770508,565000,0.0,0.0
2020-10-15 00:00:00+08:00,15.361300308194718,15.361300308194718,15.095686038987358,15.184224128723145,249000,0.0,0.0
2020-10-16 00:00:00+08:00,15.184225557612145,15.538376261158515,15.184225557612145,15.317031860351562,610000,0.0,0.0
2020-10-19 00:00:00+08:00,16.37948390767793,16.37948390767793,15.715450776285582,15.848257064819336,1140000,0.0,0.0
2020-10-20 00:00:00+08:00,15.848256366637862,16.158138818714068,15.494105716575133,16.11387062072754,823000,0.0,0.0
2020-10-21 00:00:00+08:00,16.37948318609371,16.423751384080237,15.759718281941304,16.11387062072754,1444000,0.0,0.0
2020-10-22 00:00:00+08:00,16.11387062072754,16.246676903410627,15.848256366637862,16.11387062072754,920000,0.0,0.0
2020-10-23 00:00:00+08:00,16.202408865649076,16.556561244849643,16.202408865649076,16.29094696044922,1539000,0.0,0.0
2020-10-26 00:00:00+08:00,16.379483225237173,17.353398781779763,16.20240705542088,17.220592498779297,3325000,0.0,0.0
2020-10-27 00:00:00+08:00,17.220593858958008,17.66328262974126,17.087785876744118,17.264862060546875,7171000,0.0,0.0
2020-10-28 00:00:00+08:00,17.087786115164544,17.353400394574713,16.86644172668457,16.86644172668457,3399000,0.0,0.0
2020-10-29 00:00:00+08:00,16.822173923012507,16.866442126267795,16.29094704033053,16.645097732543945,1345000,0.0,0.0
2020-10-30 00:00:00+08:00,16.645098812016744,17.309132036252368,16.556562399764385,17.087787628173828,3217000,0.0,0.0
2020-11-02 00:00:00+08:00,17.176323712922933,17.22059360257635,16.73363494873047,16.73363494873047,2738000,0.0,0.0
2020-11-03 00:00:00+08:00,16.910712315198296,17.486207411241235,16.866442422441924,16.999250411987305,3863000,0.0,0.0
2020-11-04 00:00:00+08:00,17.353402927241596,17.353402927241596,16.822175979614258,16.822175979614258,1308000,0.0,0.0
2020-11-05 00:00:00+08:00,17.043519422047645,17.53047644433091,16.866443220095288,17.087787628173828,3700000,0.0,0.0
2020-11-06 00:00:00+08:00,17.087786820052575,17.39766931445223,16.999250411987305,16.999250411987305,1461000,0.0,0.0
2020-11-09 00:00:00+08:00,17.264863296929413,17.973164705416497,17.264863296929413,17.884628295898438,6100000,0.0,0.0
2020-11-10 00:00:00+08:00,18.06170313948912,18.06170313948912,17.397669923414345,17.84035873413086,2368000,0.0,0.0
2020-11-11 00:00:00+08:00,17.973162524074905,19.611111232223262,17.973162524074905,19.566843032836914,7935000,0.0,0.0
2020-11-12 00:00:00+08:00,19.38976787988271,20.142339130183757,19.124155292117,19.65538215637207,3876000,0.0,0.0
2020-11-13 00:00:00+08:00,19.434037021639142,20.0538002654576,18.238777045292963,18.991348266601562,4722000,0.0,0.0
2020-11-16 00:00:00+08:00,18.99134971915901,19.30123052040775,17.441938958020472,17.928895950317383,9939000,0.0,0.0
2020-11-17 00:00:00+08:00,18.150239327260167,18.90281056394007,18.150239327260167,18.770004272460938,4803000,0.0,0.0
2020-11-18 00:00:00+08:00,18.72573519143349,18.902811380201246,18.283046408237787,18.85854148864746,2688000,0.0,0.0
2020-11-19 00:00:00+08:00,18.85853996082385,18.94707804803482,18.592927387914493,18.637195587158203,1015000,0.0,0.0
2020-11-20 00:00:00+08:00,18.681468411839354,18.81427471917109,18.504392209581155,18.725736618041992,1017000,0.0,0.0
2020-11-23 00:00:00+08:00,18.81427390584041,19.345500800926533,18.637197711237118,19.168424606323242,1551000,0.0,0.0
2020-11-24 00:00:00+08:00,19.38976811802372,19.6111125067882,19.035617433745287,19.256961822509766,2661000,0.0,0.0
2020-11-25 00:00:00+08:00,19.47830646061092,19.47830646061092,18.814273285817368,18.85854148864746,2469000,0.0,0.0
2020-11-26 00:00:00+08:00,18.77000306378197,18.77000306378197,18.238776243349744,18.5043888092041,2420000,0.0,0.0
2020-11-27 00:00:00+08:00,18.50439174119986,18.991350440722144,18.3715854372297,18.59292984008789,2181000,0.0,0.0
2020-11-30 00:00:00+08:00,18.59292689406339,18.72573317699057,18.46012061113621,18.5043888092041,874000,0.0,0.0
2020-12-01 00:00:00+08:00,18.415853912329176,18.50439201251537,18.017434994576995,18.194509506225586,1424000,0.0,0.0
2020-12-02 00:00:00+08:00,18.19450814688185,18.415852536448412,18.017433648462806,18.150239944458008,2112000,0.0,0.0
2020-12-03 00:00:00+08:00,18.150238529422168,18.72573355968353,18.150238529422168,18.283044815063477,1205000,0.0,0.0
2020-12-04 00:00:00+08:00,18.28304760641178,18.50439201251537,18.194509506225586,18.194509506225586,1541000,0.0,0.0
2020-12-07 00:00:00+08:00,18.194506728394757,18.504389187373505,17.70754978480212,18.283044815063477,5164000,0.0,0.0
2020-12-08 00:00:00+08:00,18.283047128590308,18.283047128590308,18.017434523697222,18.061702728271484,818000,0.0,0.0
2020-12-09 00:00:00+08:00,17.928894208842074,18.37158295473941,17.928894208842074,18.10597038269043,1168000,0.0,0.0
2020-12-10 00:00:00+08:00,18.415852536448412,18.54866052116729,18.150239944458008,18.150239944458008,1035000,0.0,0.0
2020-12-11 00:00:00+08:00,18.238778038029366,18.415852536448412,17.796089258896245,18.150239944458008,548000,0.0,0.0
2020-12-14 00:00:00+08:00,18.194509699991222,18.94708102650283,18.15024149378858,18.725736618041992,5601000,0.0,0.0
2020-12-15 00:00:00+08:00,18.548660278320312,18.77000466498894,18.28304600108377,18.548660278320312,1393000,0.0,0.0
2020-12-16 00:00:00+08:00,18.858541159633603,19.168423640208996,18.504390477000438,18.90281105041504,2406000,0.0,0.0
2020-12-17 00:00:00+08:00,18.902812003142053,19.256962703624886,18.902812003142053,19.168424606323242,2084000,0.0,0.0
2020-12-18 00:00:00+08:00,19.389766804915222,20.71783304756316,19.389766804915222,19.74391746520996,6846000,0.0,0.0
2020-12-21 00:00:00+08:00,20.053802490234375,20.806373795033533,19.920996186734236,20.053802490234375,4246000,0.0,0.0
2020-12-22 00:00:00+08:00,20.31941581157645,20.6292966086424,19.38976835420754,19.788188934326172,2619000,0.0,0.0
2020-12-23 00:00:00+08:00,19.920992470920712,21.337596717708657,19.920992470920712,21.160520553588867,6655000,0.0,0.0
2020-12-24 00:00:00+08:00,21.47040721660391,21.957364230563144,20.806374003719252,21.86882781982422,5975000,0.0,0.0
2020-12-25 00:00:00+08:00,21.913093884785972,23.993731419671988,21.780287592925934,23.905193328857422,10897000,0.0,0.0
2020-12-28 00:00:00+08:00,23.905192805371964,23.905192805371964,21.603210938221057,21.73601722717285,11137000,0.0,0.0
2020-12-29 00:00:00+08:00,21.736018409356227,22.62139596882041,21.02771703727435,22.001632690429688,17279000,0.0,0.0
2020-12-30 00:00:00+08:00,22.178706637721938,22.31151461931888,21.780287759102023,22.045900344848633,2283000,0.0,0.0
2020-12-31 00:00:00+08:00,21.913093956149353,21.95736215733899,21.426136988168818,21.691749572753906,1600000,0.0,0.0
2021-01-04 00:00:00+08:00,21.691750290370223,22.7542040413064,21.691750290370223,22.355783462524414,2412000,0.0,0.0
2021-01-05 00:00:00+08:00,22.66566545641943,22.79847175022943,22.045900500341208,22.222976684570312,1261000,0.0,0.0
2021-01-06 00:00:00+08:00,22.222977330664175,22.842740616037272,21.603212356567383,21.603212356567383,5853000,0.0,0.0
2021-01-07 00:00:00+08:00,21.603210560722655,22.04589930864207,21.603210560722655,21.957361221313477,677000,0.0,0.0
2021-01-08 00:00:00+08:00,22.311515173986887,22.532859563852934,22.001632690429688,22.001632690429688,1037000,0.0,0.0
2021-01-11 00:00:00+08:00,22.709933905485403,22.975548184722292,22.311515019715564,22.75420379638672,2642000,0.0,0.0
2021-01-12 00:00:00+08:00,22.79847057391422,23.28542752233364,21.64748050198273,21.78028678894043,8227000,0.0,0.0
2021-01-13 00:00:00+08:00,22.04589957976621,22.665664509964785,22.04589957976621,22.488588333129883,1500000,0.0,0.0
2021-01-14 00:00:00+08:00,22.621395658541587,22.75420364161854,22.26724497735824,22.57712745666504,1006000,0.0,0.0
2021-01-15 00:00:00+08:00,22.84273945128693,22.93127754146102,22.045900017167362,22.09016990661621,1596000,0.0,0.0
2021-01-18 00:00:00+08:00,22.311513960503266,22.355782160579334,21.51467284934533,21.73601722717285,825000,0.0,0.0
2021-01-19 00:00:00+08:00,21.82455650304738,22.13443898660458,21.82455650304738,22.001632690429688,550000,0.0,0.0
2021-01-20 00:00:00+08:00,22.00163167679761,22.00163167679761,20.762103488398505,20.806371688842773,1327000,0.0,0.0
2021-01-21 00:00:00+08:00,20.89490955671295,21.95736155461278,20.850639668014885,21.204792022705078,1122000,0.0,0.0
2021-01-22 00:00:00+08:00,21.29332836663849,21.647480720397027,21.16052207834083,21.381866455078125,519000,0.0,0.0
2021-01-25 00:00:00+08:00,21.647480883908198,21.95736166270219,21.381866616583018,21.558942794799805,682000,0.0,0.0
2021-01-26 00:00:00+08:00,21.60321083181542,21.824555208552717,20.983447590185136,21.381866455078125,595000,0.0,0.0
2021-01-27 00:00:00+08:00,21.42613634365973,21.42613634365973,21.1162538784828,21.381866455078125,424000,0.0,0.0
2021-01-28 00:00:00+08:00,20.894908905029297,21.24905955995043,20.80637081911813,20.894908905029297,466000,0.0,0.0
2021-01-29 00:00:00+08:00,21.249061007011722,21.249061007011722,20.407951666661386,20.762104034423828,416000,0.0,0.0
2021-02-01 00:00:00+08:00,20.806372221987115,20.806372221987115,19.655382093707072,19.832456588745117,714000,0.0,0.0
2021-02-02 00:00:00+08:00,19.832456743324926,20.230877315532307,19.832456743324926,20.009532928466797,471000,0.0,0.0
2021-02-03 00:00:00+08:00,20.00953442632136,20.49649143882818,20.00953442632136,20.230878829956055,250000,0.0,0.0
2021-02-04 00:00:00+08:00,20.186606544639933,20.230876433356823,20.009532055943122,20.09807014465332,261000,0.0,0.0
2021-02-05 00:00:00+08:00,20.363682556152344,20.363682556152344,19.92099380493164,19.92099380493164,235000,0.0,0.0
2021-02-17 00:00:00+08:00,20.053800987622584,20.806372236032313,19.965262895681974,20.762104034423828,440000,0.0,0.0
2021-02-18 00:00:00+08:00,20.717834081970853,21.160522851622897,20.54075958734422,20.939178466796875,401000,0.0,0.0
2021-02-19 00:00:00+08:00,21.337597929756544,21.470404216028506,20.894909183034308,21.426136016845703,433000,0.0,0.0
2021-02-22 00:00:00+08:00,21.647480390206823,21.691748589389626,21.29332804185019,21.426136016845703,656000,0.0,0.0
2021-02-23 00:00:00+08:00,21.470404326890087,21.913093075898132,21.249059952386066,21.78028678894043,783000,0.0,0.0
2021-02-24 00:00:00+08:00,21.470405975977577,21.691750367482502,21.249061584472656,21.249061584472656,562000,0.0,0.0
2021-02-25 00:00:00+08:00,21.381867330958084,21.60321171676246,21.2933292388916,21.2933292388916,271000,0.0,0.0
2021-02-26 00:00:00+08:00,21.11625393403253,21.381866511326592,21.02771584535998,21.204792022705078,287000,0.0,0.0
2021-03-02 00:00:00+08:00,21.293328811491733,21.69174937343197,20.983448028564453,20.983448028564453,397000,0.0,0.0
2021-03-03 00:00:00+08:00,20.98344883976252,21.11625513596888,20.806372652338258,21.071985244750977,113000,0.0,0.0
2021-03-04 00:00:00+08:00,21.160522915071112,21.160522915071112,20.762104034423828,20.762104034423828,196000,0.0,0.0
2021-03-05 00:00:00+08:00,20.5850282427351,20.762104429990032,20.452221946655737,20.540760040283203,265000,0.0,0.0
2021-03-08 00:00:00+08:00,20.762103647202903,21.33759870099821,20.62929566740708,20.983448028564453,332000,0.0,0.0
2021-03-09 00:00:00+08:00,20.983447763038306,20.983447763038306,20.407951027801765,20.452220916748047,717000,0.0,0.0
2021-03-10 00:00:00+08:00,20.585027206139713,20.67356529530869,20.452220916748047,20.452220916748047,140000,0.0,0.0
2021-03-11 00:00:00+08:00,20.2751447384101,20.67356529530869,20.2751447384101,20.452220916748047,513000,0.0,0.0
2021-03-12 00:00:00+08:00,20.806372652338258,21.071985244750977,20.54076005992554,21.071985244750977,455000,0.0,0.0
2021-03-15 00:00:00+08:00,21.51467372439134,22.842740045371634,21.381867430038042,22.57712745666504,2553000,0.0,0.0
2021-03-16 00:00:00+08:00,22.577126094102358,22.79847046757395,22.045899260025827,22.53285789489746,1170000,0.0,0.0
2021-03-17 00:00:00+08:00,21.824553577722234,22.222974101566994,21.691747299348464,21.9130916595459,1612000,0.0,0.0
2021-03-18 00:00:00+08:00,22.178707034276908,22.222976925175313,21.691750055460126,21.824556350708008,800000,0.0,0.0
2021-03-19 00:00:00+08:00,21.780288774634393,22.13443946838379,21.691750679016113,22.13443946838379,861000,0.0,0.0
2021-03-22 00:00:00+08:00,22.488591138615625,22.57712923807834,21.691751620898795,21.86882781982422,1149000,0.0,0.0
2021-03-23 00:00:00+08:00,21.736018010500356,21.78028790089542,21.20479283554877,21.2933292388916,1249000,0.0,0.0
2021-03-24 00:00:00+08:00,22.66566640478044,23.418237686157227,22.045901422770445,23.418237686157227,4476000,0.0,0.0
2021-03-25 00:00:00+08:00,25.720214133681328,25.720214133681328,22.222974234825067,22.267242431640625,20388000,0.0,0.0
2021-03-26 00:00:00+08:00,22.621394677906686,22.754202655226425,22.26724401207573,22.311513900756836,1813000,0.0,0.0
2021-03-29 00:00:00+08:00,22.53285667870435,22.577124875519903,22.045898070115918,22.267242431640625,1541000,0.0,0.0
2021-03-30 00:00:00+08:00,22.40005118007577,22.44432107049487,22.178706794151214,22.222976684570312,883000,0.0,0.0
2021-03-31 00:00:00+08:00,22.48858709541292,23.28542646986672,22.40004901186839,22.79846954345703,2163000,0.0,0.0
2021-04-01 00:00:00+08:00,23.06408354050796,23.241159718615418,22.577126583797835,22.665664672851562,1112000,0.0,0.0
2021-04-07 00:00:00+08:00,22.48858800696901,22.665664181235705,22.31151352142587,22.53285789489746,948000,0.0,0.0
2021-04-08 00:00:00+08:00,22.665666181336988,23.196893062290922,22.488589991444442,22.88701057434082,2780000,0.0,0.0
2021-04-09 00:00:00+08:00,22.97554747242019,23.064083874030626,22.488588819944713,22.621395111083984,948000,0.0,0.0
2021-04-12 00:00:00+08:00,22.842740200742014,22.975548184722292,22.62139581240644,22.75420379638672,1072000,0.0,0.0
2021-04-13 00:00:00+08:00,22.842740855882585,22.842740855882585,22.13443946838379,22.13443946838379,1253000,0.0,0.0
2021-04-14 00:00:00+08:00,22.178706794151214,22.35578297838032,21.736018022302098,22.222976684570312,1083000,0.0,0.0
2021-04-15 00:00:00+08:00,22.2229758121182,22.577126477949157,22.2229758121182,22.311513900756836,368000,0.0,0.0
2021-04-16 00:00:00+08:00,22.31151384501856,22.62139462139427,22.31151384501856,22.488588333129883,554000,0.0,0.0
2021-04-19 00:00:00+08:00,22.48858709541292,22.842737740867555,22.355780814457866,22.79846954345703,1357000,0.0,0.0
2021-04-20 00:00:00+08:00,22.798471998564366,23.06408458907759,22.709933905485403,22.75420379638672,910000,0.0,0.0
2021-04-21 00:00:00+08:00,22.57712668638963,23.19689162385839,22.57712668638963,23.01981544494629,1967000,0.0,0.0
2021-04-22 00:00:00+08:00,23.329697807669145,23.728116675325545,22.665664672851562,22.665664672851562,2630000,0.0,0.0
2021-04-23 00:00:00+08:00,22.79847096207036,22.842739162235432,22.311514005360237,22.665664672851562,848000,0.0,0.0
2021-04-26 00:00:00+08:00,23.10835527052829,24.30361534617563,22.7984727785125,23.772388458251953,3625000,0.0,0.0
2021-04-27 00:00:00+08:00,23.772386837036453,23.9051931277794,23.19689178466797,23.19689178466797,1355000,0.0,0.0
2021-04-28 00:00:00+08:00,23.196893062290922,23.41823745529475,22.665666181336988,22.88701057434082,805000,0.0,0.0
2021-04-29 00:00:00+08:00,22.887009382086138,22.931277582891354,22.488588819944713,22.621395111083984,682000,0.0,0.0
2021-05-03 00:00:00+08:00,22.5771247401382,22.5771247401382,21.824553577722234,21.9130916595459,1393000,0.0,0.0
2021-05-04 00:00:00+08:00,21.913094260048307,22.17870684831701,20.496489848926718,21.116254806518555,1266000,0.0,0.0
2021-05-05 00:00:00+08:00,20.983449071194286,21.868826640633305,20.983449071194286,21.603212356567383,618000,0.0,0.0
2021-05-06 00:00:00+08:00,21.64748224827355,21.913094843615777,21.51467426187874,21.603212356567383,501000,0.0,0.0
2021-05-07 00:00:00+08:00,21.647482475568832,22.13443946838379,21.603212583397838,22.13443946838379,409000,0.0,0.0
2021-05-10 00:00:00+08:00,22.1344383395448,22.17870654073444,21.691749572753906,21.691749572753906,384000,0.0,0.0
2021-05-11 00:00:00+08:00,21.426135731772764,21.558942016277747,20.540758250108162,20.894908905029297,825000,0.0,0.0
2021-05-12 00:00:00+08:00,20.806372637029654,20.894910730676642,19.035617518984576,19.611112594604492,1535000,0.0,0.0
2021-05-13 00:00:00+08:00,18.5043905629658,19.522574413537676,17.973163692186315,19.256961822509766,533000,0.0,0.0
2021-05-14 00:00:00+08:00,19.345499825887412,20.14233928399295,18.90281105041504,18.90281105041504,443000,0.0,0.0
2021-05-17 00:00:00+08:00,17.353400479763124,18.59292872359113,17.353400479763124,18.150239944458008,794000,0.0,0.0
2021-05-18 00:00:00+08:00,18.327315918011283,19.301229869775067,18.283046027379694,19.079885482788086,313000,0.0,0.0
2021-05-19 00:00:00+08:00,19.256960407360904,19.61111106561364,18.947077948118434,19.389766693115234,259000,0.0,0.0
2021-05-20 00:00:00+08:00,19.389767628883032,19.389767628883032,18.7700043692113,19.124155044555664,206000,0.0,0.0
2021-05-21 00:00:00+08:00,19.035618912089955,19.566845824125597,18.94708081196338,19.478307723999023,153000,0.0,0.0
2021-05-24 00:00:00+08:00,19.03561719995388,20.09807092846402,19.03561719995388,19.65538215637207,162000,0.0,0.0
2021-05-25 00:00:00+08:00,19.65538176883092,20.186606933888285,19.65538176883092,19.876726150512695,265000,0.0,0.0
2021-05-26 00:00:00+08:00,20.098071021037732,20.098071021037732,19.876726633972222,20.009532928466797,39000,0.0,0.0
2021-05-27 00:00:00+08:00,20.009532055943122,20.31941452206702,20.009532055943122,20.09807014465332,97000,0.0,0.0
2021-05-28 00:00:00+08:00,20.18660697287125,20.629295737089684,20.098070571006456,20.40795135498047,172000,0.0,0.0
2021-05-31 00:00:00+08:00,20.496490149107633,20.894910726069394,20.496490149107633,20.540760040283203,190000,0.0,0.0
2021-06-01 00:00:00+08:00,20.717833110288208,20.80637119781084,20.45222053644388,20.673564910888672,169000,0.0,0.0
2021-06-02 00:00:00+08:00,20.717833495531384,20.762103384477665,20.452220916748047,20.452220916748047,218000,0.0,0.0
2021-06-03 00:00:00+08:00,20.629295737089684,20.629295737089684,20.363683154048072,20.40795135498047,135000,0.0,0.0
2021-06-04 00:00:00+08:00,20.407950865360938,20.540758842419088,20.275144577026367,20.275144577026367,98000,0.0,0.0
2021-06-07 00:00:00+08:00,20.27514463335013,20.27514463335013,19.920993967232928,20.09807014465332,96000,0.0,0.0
2021-06-08 00:00:00+08:00,20.230878829956055,20.27514703519348,20.186608935994848,20.230878829956055,87000,0.0,0.0
2021-06-09 00:00:00+08:00,20.452221637709947,20.452221637709947,20.142339159056654,20.186607360839844,107000,0.0,0.0
2021-06-10 00:00:00+08:00,20.098071021037732,20.142339222961372,19.92099483589586,20.009532928466797,126000,0.0,0.0
2021-06-11 00:00:00+08:00,20.230876433356823,20.363682722060325,20.009532055943122,20.09807014465332,220000,0.0,0.0
2021-06-15 00:00:00+08:00,20.098072383883604,20.14234058880906,19.920996186734236,20.053802490234375,119000,0.0,0.0
2021-06-16 00:00:00+08:00,20.05380130565622,21.071985157311534,20.05380130565622,20.71783447265625,1192000,0.0,0.0
2021-06-17 00:00:00+08:00,20.80637119781084,20.80637119781084,20.49648873584341,20.673564910888672,174000,0.0,0.0
2021-06-18 00:00:00+08:00,20.673566668616427,20.673566668616427,20.496490478515625,20.496490478515625,115000,0.0,0.0
2021-06-21 00:00:00+08:00,20.363684990883886,20.363684990883886,20.00953428530892,20.053802490234375,274000,0.0,0.0
2021-06-22 00:00:00+08:00,20.540758842419088,20.89490950755247,20.275144577026367,20.275144577026367,157000,0.0,0.0
2021-06-23 00:00:00+08:00,20.540759335224894,20.540759335224894,20.319414953115675,20.40795135498047,191000,0.0,0.0
2021-06-24 00:00:00+08:00,20.762104063940015,21.381867330958084,20.36368349400268,21.2933292388916,565000,0.0,0.0
2021-06-25 00:00:00+08:00,21.78028790089542,21.8688259929619,21.071984853087226,21.2933292388916,421000,0.0,0.0
2021-06-28 00:00:00+08:00,21.293326832316982,21.691747357224777,21.160520553588867,21.160520553588867,198000,0.0,0.0
2021-06-29 00:00:00+08:00,21.24905955995043,21.293327758544248,20.85063901771195,20.894908905029297,145000,0.0,0.0
2021-06-30 00:00:00+08:00,20.850640529526203,21.47040548711804,20.496489848926718,21.116254806518555,233000,0.0,0.0
2021-07-01 00:00:00+08:00,21.33759903497317,21.33759903497317,20.85064037512174,20.939178466796875,190000,0.0,0.0
2021-07-02 00:00:00+08:00,20.80637217364599,21.07198475994776,20.80637217364599,20.939178466796875,79000,0.0,0.0
2021-07-05 00:00:00+08:00,21.160522714860104,21.82455586504645,20.983448221377923,21.691749572753906,1088000,0.0,0.0
2021-07-06 00:00:00+08:00,22.0016310498399,22.045899249022703,21.381866128939347,21.426136016845703,406000,0.0,0.0
2021-07-07 00:00:00+08:00,21.426136016845703,21.736016788572428,21.249059842667386,21.426136016845703,305000,0.0,0.0
2021-07-08 00:00:00+08:00,21.647481273757435,21.647481273757435,21.293328910945934,21.33759880065918,93000,0.0,0.0
2021-07-09 00:00:00+08:00,21.337596717708657,21.337596717708657,21.160520553588867,21.160520553588867,150000,0.0,0.0
2021-07-12 00:00:00+08:00,21.514673233032227,21.691749413941604,21.0719844694824,21.514673233032227,617000,0.0,0.0
2021-07-13 00:00:00+08:00,21.69174870139411,21.913093075898132,21.337598039932388,21.78028678894043,512000,0.0,0.0
2021-07-14 00:00:00+08:00,21.691750451256024,21.780288545944664,21.293329869518985,21.603212356567383,210000,0.0,0.0
2021-07-15 00:00:00+08:00,21.426137376621067,21.47040557861328,21.337599283912983,21.47040557861328,65000,0.0,0.0
2021-07-16 00:00:00+08:00,21.514672415211308,21.514672415211308,21.29332804185019,21.426136016845703,113000,0.0,0.0
2021-07-19 00:00:00+08:00,21.55894312262138,21.691749413941604,21.337598740846467,21.514673233032227,317000,0.0,0.0
2021-07-20 00:00:00+08:00,21.42613479976855,21.42613479976855,21.071982471528973,21.160520553588867,176000,0.0,0.0
2021-07-21 00:00:00+08:00,21.47040582209373,21.47040582209373,21.02771704225675,21.071985244750977,266000,0.0,0.0
2021-07-22 00:00:00+08:00,21.071985244750977,21.426137619599505,20.98344883976252,21.071985244750977,214000,0.0,0.0
2021-07-23 00:00:00+08:00,21.07198366848907,21.426136016845703,20.983447270123467,21.426136016845703,461000,0.0,0.0
2021-07-26 00:00:00+08:00,21.426136400024657,21.426136400024657,21.160522134007014,21.204792022705078,107000,0.0,0.0
2021-07-27 00:00:00+08:00,21.337599678819362,21.691750367482502,21.204793381661148,21.249061584472656,322000,0.0,0.0
2021-07-28 00:00:00+08:00,21.337596717708657,21.691747357224777,20.806369914072746,21.160520553588867,234000,0.0,0.0
2021-07-29 00:00:00+08:00,21.249060709956304,21.426136891362056,21.249060709956304,21.33759880065918,286000,0.0,0.0
2021-07-30 00:00:00+08:00,21.55894351509104,21.55894351509104,21.2933292388916,21.2933292388916,263000,0.0,0.0
2021-08-02 00:00:00+08:00,21.337598255220097,21.558942631957393,21.337598255220097,21.381866455078125,213000,0.0,0.0
2021-08-03 00:00:00+08:00,21.55894268867169,21.55894268867169,21.071984045334464,21.204792022705078,614000,0.0,0.0
2021-08-04 00:00:00+08:00,21.204792741822285,21.249060943298034,20.894910265321126,20.939178466796875,437000,0.0,0.0
2021-08-05 00:00:00+08:00,20.983448990156223,21.337599678819362,20.894910895809517,21.249061584472656,434000,0.0,0.0
2021-08-06 00:00:00+08:00,21.249058635648762,21.249058635648762,20.983446078192532,21.160520553588867,352000,0.0,0.0
2021-08-09 00:00:00+08:00,21.20479043898054,21.337596717708657,21.027714274860752,21.160520553588867,410000,0.0,0.0
2021-08-10 00:00:00+08:00,21.160523338463108,21.24906143217524,20.806372652338258,21.071985244750977,855000,0.0,0.0
2021-08-11 00:00:00+08:00,20.64676639912865,21.21372601008131,20.316039809213358,20.882999420166016,512000,1.5,0.0
2021-08-12 00:00:00+08:00,21.07198551675301,21.166479089044163,20.694013029903378,20.835752487182617,126000,0.0,0.0
2021-08-13 00:00:00+08:00,20.8357520004502,21.024739140617683,20.599518976398315,20.646766662597656,234000,0.0,0.0
2021-08-16 00:00:00+08:00,20.69401388535053,21.166479964022074,20.55227442221208,20.78850746154785,216000,0.0,0.0
2021-08-17 00:00:00+08:00,20.78850746154785,20.78850746154785,20.78850746154785,20.78850746154785,0,0.0,0.0
2021-08-18 00:00:00+08:00,20.363284616661584,20.50502586364746,19.938066282648418,20.50502586364746,240000,0.0,0.0
2021-08-19 00:00:00+08:00,20.410533905029297,20.64676693216548,20.26879444921058,20.410533905029297,146000,0.0,0.0
2021-08-20 00:00:00+08:00,20.3160400390625,20.4105336090095,20.221546469115502,20.3160400390625,182000,0.0,0.0
2021-08-23 00:00:00+08:00,20.316039225888176,21.16647771674145,20.316039225888176,20.694011688232422,105000,0.0,0.0
2021-08-24 00:00:00+08:00,20.599520301095705,20.788507453416422,20.457780838012695,20.457780838012695,59000,0.0,0.0
2021-08-25 00:00:00+08:00,20.457778180547226,20.599517625218283,20.457778180547226,20.50502586364746,34000,0.0,0.0
2021-08-26 00:00:00+08:00,20.505026059790932,20.599517822265625,20.36328481144921,20.599517822265625,83000,0.0,0.0
2021-08-27 00:00:00+08:00,20.457779227907505,20.59951867983508,20.410533344703286,20.55227279663086,32000,0.0,0.0
2021-08-30 00:00:00+08:00,20.59951900526812,20.977493286132812,20.59951900526812,20.977493286132812,135000,0.0,0.0
2021-08-31 00:00:00+08:00,20.977492989043945,20.977492989043945,20.83575173456959,20.882999420166016,62000,0.0,0.0
2021-09-01 00:00:00+08:00,20.93024530344752,20.977492989043945,20.74125996800658,20.882999420166016,156000,0.0,0.0
2021-09-02 00:00:00+08:00,20.74125996800658,21.02473887232545,20.74125996800658,20.882999420166016,187000,0.0,0.0
2021-09-03 00:00:00+08:00,20.88299990492312,21.071985244750977,20.741260449473486,21.071985244750977,121000,0.0,0.0
2021-09-06 00:00:00+08:00,20.97749461394249,21.07198638782475,20.74126157460672,20.78850746154785,108000,0.0,0.0
2021-09-07 00:00:00+08:00,20.883000174485687,20.883000174485687,20.78850660219453,20.835752487182617,101000,0.0,0.0
2021-09-08 00:00:00+08:00,20.55227224014269,20.835751136322155,20.55227224014269,20.694011688232422,175000,0.0,0.0
2021-09-09 00:00:00+08:00,20.882999420166016,21.02473887232545,20.64676639912865,20.882999420166016,110000,0.0,0.0
2021-09-10 00:00:00+08:00,20.977493286132812,21.024739170083425,20.74126026174985,20.977493286132812,110000,0.0,0.0
2021-09-13 00:00:00+08:00,20.977492129461165,21.0247380108067,20.93024444580078,20.93024444580078,88000,0.0,0.0
2021-09-14 00:00:00+08:00,21.119231575812623,21.119231575812623,20.93024444580078,20.93024444580078,108000,0.0,0.0
2021-09-15 00:00:00+08:00,20.88299971591664,21.07198505403404,20.83575202965108,20.977493286132812,45000,0.0,0.0
2021-09-16 00:00:00+08:00,21.02473887232545,21.02473887232545,20.882999420166016,20.882999420166016,108000,0.0,0.0
2021-09-17 00:00:00+08:00,20.88300103774517,20.88300103774517,20.69401388535053,20.78850746154785,53000,0.0,0.0
2021-09-22 00:00:00+08:00,20.694012546482057,20.741260232681398,20.410533638545772,20.646766662597656,67000,0.0,0.0
2021-09-23 00:00:00+08:00,20.788505851288086,20.882999420166016,20.64676639912865,20.882999420166016,52000,0.0,0.0
2021-09-24 00:00:00+08:00,20.88299998455457,20.88299998455457,20.741260528564453,20.741260528564453,34000,0.0,0.0
2021-09-27 00:00:00+08:00,20.741259372472246,20.741259372472246,20.316039225888176,20.694011688232422,99000,0.0,0.0
2021-09-28 00:00:00+08:00,20.505028543040293,21.119234085083008,20.457780853766202,21.119234085083008,60000,0.0,0.0
2021-09-29 00:00:00+08:00,20.977492954728497,21.024738837932716,20.55227279663086,20.55227279663086,74000,0.0,0.0
2021-09-30 00:00:00+08:00,20.93024526920936,20.93024526920936,20.55227279663086,20.55227279663086,57000,0.0,0.0
2021-10-01 00:00:00+08:00,20.552271692382817,20.552271692382817,20.032559795800214,20.174299240112305,136000,0.0,0.0
2021-10-04 00:00:00+08:00,20.127052373649217,20.127052373649217,19.65458633856529,19.796327590942383,110000,0.0,0.0
2021-10-05 00:00:00+08:00,19.749079906045054,19.84357347352482,19.70183402346262,19.796327590942383,50000,0.0,0.0
2021-10-06 00:00:00+08:00,19.796327590942383,19.796327590942383,19.749079906045054,19.796327590942383,20000,0.0,0.0
2021-10-07 00:00:00+08:00,20.127051809895143,20.127051809895143,19.843572917710922,19.938066482543945,27000,0.0,0.0
2021-10-08 00:00:00+08:00,19.938067825852468,20.07980728149414,19.84357425465303,20.07980728149414,48000,0.0,0.0
2021-10-12 00:00:00+08:00,20.17429999187008,20.17429999187008,19.93806697510887,20.127052307128906,5000,0.0,0.0
2021-10-13 00:00:00+08:00,20.032560874737502,20.032560874737502,19.512847147848724,19.560094833374023,39000,0.0,0.0
2021-10-14 00:00:00+08:00,19.560095880617506,19.607341766357422,19.41835461876773,19.607341766357422,35000,0.0,0.0
2021-10-15 00:00:00+08:00,19.701835340152268,19.98531425922179,19.512848192562576,19.607341766357422,17000,0.0,0.0
2021-10-18 00:00:00+08:00,19.65458794356862,19.70183563232422,19.60734205712806,19.70183563232422,7000,0.0,0.0
2021-10-19 00:00:00+08:00,19.985313117959333,20.03256080331618,19.84357366651861,19.890819549560547,28000,0.0,0.0
2021-10-20 00:00:00+08:00,19.890819845721612,19.985313415527344,19.749080392170484,19.985313415527344,23000,0.0,0.0
2021-10-21 00:00:00+08:00,19.84357509396093,19.84357509396093,19.65458794356862,19.70183563232422,22000,0.0,0.0
2021-10-22 00:00:00+08:00,19.70183317263599,19.84357261657715,19.65458548977906,19.84357261657715,17000,0.0,0.0
2021-10-25 00:00:00+08:00,19.843572312561697,19.938065874513043,19.74907875061035,19.74907875061035,90000,0.0,0.0
2021-10-26 00:00:00+08:00,19.843572312561697,19.843572312561697,19.74907875061035,19.74907875061035,18000,0.0,0.0
2021-10-27 00:00:00+08:00,19.749081518764775,19.84357509396093,19.70183563232422,19.70183563232422,34000,0.0,0.0
2021-10-28 00:00:00+08:00,19.70183563232422,19.796329207520373,19.70183563232422,19.70183563232422,28000,0.0,0.0
2021-10-29 00:00:00+08:00,19.70183402346262,19.84357347352482,19.70183402346262,19.796327590942383,50000,0.0,0.0
2021-11-01 00:00:00+08:00,19.70183447797951,19.749080361651895,19.654586791992188,19.654586791992188,73000,0.0,0.0
2021-11-02 00:00:00+08:00,19.607340716584407,19.654586599794786,19.560094833374023,19.560094833374023,51000,0.0,0.0
2021-11-03 00:00:00+08:00,19.56009615906912,19.56009615906912,19.371109008789062,19.371109008789062,101000,0.0,0.0
2021-11-04 00:00:00+08:00,19.41835432801066,19.60734147277059,19.371108442978173,19.512847900390625,112000,0.0,0.0
2021-11-05 00:00:00+08:00,19.512848470341584,19.512848470341584,19.371109008789062,19.371109008789062,106000,0.0,0.0
2021-11-08 00:00:00+08:00,19.0876300739524,19.182121846719312,18.99313649887045,19.040382385253906,134000,0.0,0.0
2021-11-09 00:00:00+08:00,19.229367256978318,20.882998316875216,19.229367256978318,20.50502586364746,375000,0.0,0.0
2021-11-10 00:00:00+08:00,20.7885052543972,20.7885052543972,20.316039225888176,20.694011688232422,92000,0.0,0.0
2021-11-11 00:00:00+08:00,20.599520007927243,20.599520007927243,20.316041085795643,20.3632869720459,25000,0.0,0.0
2021-11-12 00:00:00+08:00,20.599518915792192,20.599518915792192,19.890819845721612,19.985313415527344,48000,0.0,0.0
2021-11-15 00:00:00+08:00,20.22154506785851,20.22154506785851,19.84357261657715,19.84357261657715,55000,0.0,0.0
2021-11-16 00:00:00+08:00,19.843573931311603,19.843573931311603,19.560095024647413,19.654586791992188,58000,0.0,0.0
2021-11-17 00:00:00+08:00,19.749080361651895,19.749080361651895,19.654586791992188,19.654586791992188,26000,0.0,0.0
2021-11-18 00:00:00+08:00,19.938065874513043,19.938065874513043,19.70183287079207,19.74907875061035,15000,0.0,0.0
2021-11-19 00:00:00+08:00,19.701835340152268,19.701835340152268,19.560095880617506,19.607341766357422,84000,0.0,0.0
2021-11-22 00:00:00+08:00,19.607340716584407,19.607340716584407,19.512847147848724,19.560094833374023,42000,0.0,0.0
2021-11-23 00:00:00+08:00,19.560096451307672,19.560096451307672,19.46560287475586,19.46560287475586,34000,0.0,0.0
2021-11-24 00:00:00+08:00,19.46560287475586,19.749081802096235,19.371109298204047,19.46560287475586,21000,0.0,0.0
2021-11-25 00:00:00+08:00,19.512847147848724,19.654586599794786,19.512847147848724,19.560094833374023,25000,0.0,0.0
2021-11-26 00:00:00+08:00,19.70183591497786,19.890821265766423,19.46560287475586,19.46560287475586,38000,0.0,0.0
2021-11-29 00:00:00+08:00,19.465602571965164,19.465602571965164,18.756903462323095,19.040382385253906,47000,0.0,0.0
2021-11-30 00:00:00+08:00,19.371109582941124,19.560096738822683,19.182122427059564,19.2293701171875,20000,0.0,0.0
2021-12-01 00:00:00+08:00,19.08763008568402,19.985314543726684,19.08763008568402,19.371109008789062,38000,0.0,0.0
2021-12-02 00:00:00+08:00,19.087630364119022,19.465602867877653,19.087630364119022,19.134876251220703,30000,0.0,0.0
2021-12-03 00:00:00+08:00,19.796327854055765,19.796327854055765,19.371107695902666,19.560094833374023,11000,0.0,0.0
2021-12-06 00:00:00+08:00,19.512848470341584,19.512848470341584,19.18212185850901,19.371109008789062,84000,0.0,0.0
2021-12-07 00:00:00+08:00,19.276614315668287,19.465601454987702,19.276614315668287,19.654586791992188,71000,0.0,0.0
2021-12-08 00:00:00+08:00,19.46560287475586,19.46560287475586,19.18212214510042,19.46560287475586,67000,0.0,0.0
2021-12-09 00:00:00+08:00,19.465601721056963,19.654587060644626,19.323862265787472,19.418354034423828,43000,0.0,0.0
2021-12-10 00:00:00+08:00,19.560095880617506,19.654587652097337,19.371108733027814,19.607341766357422,68000,0.0,0.0
2021-12-13 00:00:00+08:00,19.465601264638345,19.654586599794786,19.371107695902666,19.560094833374023,56000,0.0,0.0
2021-12-14 00:00:00+08:00,19.560096451307672,19.607342338426047,19.371109298204047,19.46560287475586,58000,0.0,0.0
2021-12-15 00:00:00+08:00,20.032562531751672,20.079808418870048,19.41835518532242,19.46560287475586,28000,0.0,0.0
2021-12-16 00:00:00+08:00,19.74908093018304,19.74908093018304,19.371108442978173,19.512847900390625,20000,0.0,0.0
2021-12-17 00:00:00+08:00,19.371108442978173,19.654587357803077,19.371108442978173,19.512847900390625,37000,0.0,0.0
2021-12-20 00:00:00+08:00,19.465602015358137,19.512847900390625,19.371108442978173,19.512847900390625,26000,0.0,0.0
2021-12-21 00:00:00+08:00,19.560094833374023,19.843573737266144,19.465601264638345,19.560094833374023,24000,0.0,0.0
2021-12-22 00:00:00+08:00,19.70183402346262,19.890819356107254,19.56009457340042,19.796327590942383,226000,0.0,0.0
2021-12-23 00:00:00+08:00,20.4105321946566,20.4105321946566,19.84357261657715,19.84357261657715,204000,0.0,0.0
2021-12-24 00:00:00+08:00,20.221547604045195,20.410534754546052,19.985314567076642,20.032562255859375,47000,0.0,0.0
2021-12-27 00:00:00+08:00,19.796327525515125,20.26879355903754,19.749079840773952,20.127052307128906,40000,0.0,0.0
2021-12-28 00:00:00+08:00,20.26879355903754,20.26879355903754,20.127052307128906,20.127052307128906,35000,0.0,0.0
2021-12-29 00:00:00+08:00,20.3160400390625,20.3160400390625,20.1270528991685,20.3160400390625,24000,0.0,0.0
2021-12-30 00:00:00+08:00,20.316039741659427,20.457779193347555,20.12705260453198,20.221546173095703,52000,0.0,0.0
2022-01-03 00:00:00+08:00,20.41053279205295,20.835751136322155,20.316039225888176,20.694011688232422,193000,0.0,0.0
2022-01-04 00:00:00+08:00,20.88299882056198,21.024738268651713,20.599518122067643,20.694011688232422,97000,0.0,0.0
2022-01-05 00:00:00+08:00,20.69401144535774,20.69401144535774,20.127051857338042,20.2687931060791,88000,0.0,0.0
2022-01-06 00:00:00+08:00,20.268793858535023,20.268793858535023,20.079806721407575,20.221546173095703,33000,0.0,0.0
2022-01-07 00:00:00+08:00,20.174299493469075,20.174299493469075,19.938066482543945,19.938066482543945,50000,0.0,0.0
2022-01-10 00:00:00+08:00,19.985314567076642,20.032562255859375,19.938068680608946,20.032562255859375,14000,0.0,0.0
2022-01-11 00:00:00+08:00,19.843572917710922,20.079805928636056,19.843572917710922,19.938066482543945,35000,0.0,0.0
2022-01-12 00:00:00+08:00,20.032561101587678,20.032561101587678,19.890819845721612,19.985313415527344,41000,0.0,0.0
2022-01-13 00:00:00+08:00,20.032561101587678,20.174300555138807,19.985313415527344,19.985313415527344,12000,0.0,0.0
2022-01-14 00:00:00+08:00,19.985311754331324,19.985311754331324,19.654585188659006,19.74907875061035,35000,0.0,0.0
2022-01-17 00:00:00+08:00,19.796327783476674,19.890819549560547,19.749080098119826,19.890819549560547,26000,0.0,0.0
2022-01-18 00:00:00+08:00,19.84357261657715,19.84357261657715,19.749079053178104,19.84357261657715,30000,0.0,0.0
2022-01-19 00:00:00+08:00,19.843573737266144,19.843573737266144,19.560094833374023,19.560094833374023,36000,0.0,0.0
2022-01-20 00:00:00+08:00,19.56009534336969,20.127053165936378,18.8986421472886,20.07980728149414,96000,0.0,0.0
2022-01-21 00:00:00+08:00,19.418354895201556,19.654587931894106,19.371109008789062,19.371109008789062,48000,0.0,0.0
2022-01-24 00:00:00+08:00,19.371109008789062,19.371109008789062,19.040382396956485,19.371109008789062,29000,0.0,0.0
2022-01-25 00:00:00+08:00,20.032562232454218,20.032562232454218,19.32386312237657,19.371109008789062,34000,0.0,0.0
2022-01-26 00:00:00+08:00,19.371110633235084,19.418356523609578,19.182123467106713,19.2766170501709,38000,0.0,0.0
2022-02-07 00:00:00+08:00,19.749080361651895,19.749080361651895,19.654586791992188,19.654586791992188,7000,0.0,0.0
2022-02-08 00:00:00+08:00,19.654587652097337,19.701835340152268,19.560095880617506,19.607341766357422,30000,0.0,0.0
2022-02-09 00:00:00+08:00,19.607339308840725,19.843572312561697,19.607339308840725,19.74907875061035,27000,0.0,0.0
2022-02-10 00:00:00+08:00,19.654585188659006,19.74907875061035,19.654585188659006,19.74907875061035,27000,0.0,0.0
2022-02-11 00:00:00+08:00,19.74907875061035,19.843572312561697,19.74907875061035,19.74907875061035,53000,0.0,0.0
2022-02-14 00:00:00+08:00,19.749080168530465,19.749080168530465,19.465601264638345,19.560094833374023,87000,0.0,0.0
2022-02-15 00:00:00+08:00,19.5600955877381,19.654587357803077,19.512847900390625,19.512847900390625,77000,0.0,0.0
2022-02-16 00:00:00+08:00,19.74908063159594,19.74908063159594,19.418354034423828,19.418354034423828,81000,0.0,0.0
2022-02-17 00:00:00+08:00,19.560096451307672,19.560096451307672,19.32386341108567,19.46560287475586,83000,0.0,0.0
2022-02-18 00:00:00+08:00,19.512849048694747,19.512849048694747,19.13487653924672,19.2293701171875,99000,0.0,0.0
2022-02-21 00:00:00+08:00,19.22936877409098,19.22936877409098,19.087629318237305,19.087629318237305,52000,0.0,0.0
2022-02-22 00:00:00+08:00,19.276616003062372,19.276616003062372,18.898643493652344,18.898643493652344,130000,0.0,0.0
2022-02-23 00:00:00+08:00,18.945890426635742,19.040384009779885,18.945890426635742,18.945890426635742,61000,0.0,0.0
2022-02-24 00:00:00+08:00,18.99313601854988,18.99313601854988,18.804148873165307,18.851396560668945,145000,0.0,0.0
2022-02-25 00:00:00+08:00,18.898642445857593,18.898642445857593,18.851396560668945,18.851396560668945,49000,0.0,0.0
2022-03-01 00:00:00+08:00,18.85139864580679,18.99313811936541,18.85139864580679,18.945890426635742,38000,0.0,0.0
2022-03-02 00:00:00+08:00,18.75690269470215,18.898642150366907,18.61516323903739,18.75690269470215,94000,0.0,0.0
2022-03-03 00:00:00+08:00,18.898641851883898,18.945887735587636,18.615162945031614,18.66240882873535,123000,0.0,0.0
2022-03-04 00:00:00+08:00,19.8908209437039,19.8908209437039,18.70965576171875,18.70965576171875,44000,0.0,0.0
2022-03-07 00:00:00+08:00,18.70965584548102,18.70965584548102,17.95371084655221,18.04820442199707,141000,0.0,0.0
2022-03-08 00:00:00+08:00,18.048203834804564,18.048203834804564,17.670231347637372,17.859216690063477,108000,0.0,0.0
2022-03-09 00:00:00+08:00,17.9064649599873,18.04820442199707,17.859217271107344,18.04820442199707,36000,0.0,0.0
2022-03-10 00:00:00+08:00,18.66241131680525,18.66241131680525,18.14269931751649,18.520671844482422,21000,0.0,0.0
2022-03-11 00:00:00+08:00,18.52066907981861,18.615162648033404,18.52066907981861,18.567914962768555,29000,0.0,0.0
2022-03-14 00:00:00+08:00,18.61516398901197,18.70965576171875,18.52067041399015,18.70965576171875,16000,0.0,0.0
2022-03-15 00:00:00+08:00,18.520670496906337,18.520670496906337,17.811971384542435,18.04820442199707,77000,0.0,0.0
2022-03-16 00:00:00+08:00,18.000956931045334,19.087630357137126,18.000956931045334,18.804149627685547,431000,0.0,0.0
2022-03-17 00:00:00+08:00,18.80414857915208,18.898642150366907,18.70965500793725,18.75690269470215,79000,0.0,0.0
2022-03-18 00:00:00+08:00,18.52066907981861,18.756902099198147,18.52066907981861,18.567914962768555,57000,0.0,0.0
2022-03-21 00:00:00+08:00,18.615164277032893,18.804149627685547,18.56791658763343,18.804149627685547,36000,0.0,0.0
2022-03-22 00:00:00+08:00,18.80414933674057,18.80414933674057,18.70965576171875,18.70965576171875,33000,0.0,0.0
2022-03-23 00:00:00+08:00,18.709654712439086,18.709654712439086,18.567915259012945,18.66240882873535,41000,0.0,0.0
2022-03-24 00:00:00+08:00,18.756903450387178,18.80414933674057,18.66240987536536,18.70965576171875,40000,0.0,0.0
2022-03-25 00:00:00+08:00,18.66241016411729,18.804149627685547,18.56791658763343,18.804149627685547,53000,0.0,0.0
2022-03-28 00:00:00+08:00,18.61516323903739,18.75690269470215,18.567915552272492,18.75690269470215,14000,0.0,0.0
2022-03-29 00:00:00+08:00,18.615162945031614,18.66240882873535,18.615162945031614,18.66240882873535,31000,0.0,0.0
2022-03-30 00:00:00+08:00,18.851396560668945,18.898642445857593,18.70965530047302,18.851396560668945,29000,0.0,0.0
2022-03-31 00:00:00+08:00,18.851396560668945,18.851396560668945,18.804148873165307,18.851396560668945,7000,0.0,0.0
2022-04-01 00:00:00+08:00,18.851396560668945,18.851396560668945,18.520669957403438,18.851396560668945,69000,0.0,0.0
2022-04-06 00:00:00+08:00,18.85139731708501,18.85139731708501,18.520670700549033,18.804149627685547,40000,0.0,0.0
2022-04-07 00:00:00+08:00,18.80414798214809,18.80414798214809,18.567914962768555,18.567914962768555,45000,0.0,0.0
2022-04-08 00:00:00+08:00,18.56791658763343,18.804149627685547,18.56791658763343,18.804149627685547,14000,0.0,0.0
2022-04-11 00:00:00+08:00,18.80414943180761,18.80414943180761,18.378931045532227,18.378931045532227,31000,0.0,0.0
2022-04-12 00:00:00+08:00,18.37893018678229,18.520669642251356,18.37893018678229,18.426176071166992,22000,0.0,0.0
2022-04-13 00:00:00+08:00,18.804148553189478,18.804148553189478,18.426176071166992,18.426176071166992,63000,0.0,0.0
2022-04-14 00:00:00+08:00,18.804148282161492,18.945887735587636,18.520669375309208,18.66240882873535,42000,0.0,0.0
2022-04-15 00:00:00+08:00,18.66241131680525,18.804150789128077,18.473424152164696,18.520671844482422,20000,0.0,0.0
2022-04-18 00:00:00+08:00,18.426178262162146,18.520671844482422,18.237191097521592,18.520671844482422,40000,0.0,0.0
2022-04-19 00:00:00+08:00,18.520671844482422,18.567917734484972,18.426178262162146,18.520671844482422,22000,0.0,0.0
2022-04-20 00:00:00+08:00,18.520669375309208,18.66240882873535,18.331682235864395,18.66240882873535,51000,0.0,0.0
2022-04-21 00:00:00+08:00,18.66240882873535,18.709654712439086,18.4261758055868,18.66240882873535,24000,0.0,0.0
2022-04-22 00:00:00+08:00,18.662409097720417,18.709654982105118,18.426176071166992,18.426176071166992,26000,0.0,0.0
2022-04-25 00:00:00+08:00,18.567915526636053,18.662409097720417,18.18994304461357,18.426176071166992,12000,0.0,0.0
2022-04-26 00:00:00+08:00,18.28443602440514,18.28443602440514,18.2371883392334,18.2371883392334,6000,0.0,0.0
2022-04-27 00:00:00+08:00,17.906465246726395,18.142698287963867,17.57573862853092,18.142698287963867,30000,0.0,0.0
2022-04-28 00:00:00+08:00,17.95371084655221,18.04820442199707,17.764723695662482,18.04820442199707,25000,0.0,0.0
2022-04-29 00:00:00+08:00,18.378930160479214,18.4261760447963,17.859216421416498,18.095449447631836,14000,0.0,0.0
2022-05-03 00:00:00+08:00,17.953709206139255,18.095448655198428,17.481243174398745,17.811969757080078,17000,0.0,0.0
2022-05-04 00:00:00+08:00,17.81197001885377,17.906463587053576,17.57573699951172,17.57573699951172,13000,0.0,0.0
2022-05-05 00:00:00+08:00,17.95371084655221,18.142697997441932,17.859217271107344,18.04820442199707,37000,0.0,0.0
2022-05-06 00:00:00+08:00,18.048205735196213,19.087631536088907,17.953712152875937,18.520671844482422,276000,0.0,0.0
2022-05-09 00:00:00+08:00,18.520668804690835,18.520668804690835,17.7647220725171,17.811969757080078,28000,0.0,0.0
2022-05-10 00:00:00+08:00,17.81197242308007,17.81197242308007,17.52849168021697,17.764724731445312,28000,0.0,0.0
2022-05-11 00:00:00+08:00,17.764723392082715,17.764723392082715,17.575738046737587,17.622983932495117,7000,0.0,0.0
2022-05-12 00:00:00+08:00,17.481244750256014,17.481244750256014,17.386751174926758,17.386751174926758,55000,0.0,0.0
2022-05-13 00:00:00+08:00,17.67023056771152,17.764722333596417,17.57573699951172,17.57573699951172,18000,0.0,0.0
2022-05-16 00:00:00+08:00,17.670231636597908,18.142697703861863,17.670231636597908,17.953710556030273,13000,0.0,0.0
2022-05-17 00:00:00+08:00,18.567913732005486,19.74907875061035,18.567913732005486,19.74907875061035,1205000,0.0,0.0
2022-05-18 00:00:00+08:00,20.268795564811658,20.45778091553344,19.087630364119022,19.134876251220703,927000,0.0,0.0
2022-05-19 00:00:00+08:00,18.615163447837066,19.18212127685547,18.426176303287612,19.18212127685547,150000,0.0,0.0
2022-05-20 00:00:00+08:00,19.418355468801746,19.560096736856213,18.898643493652344,18.898643493652344,64000,0.0,0.0
2022-05-23 00:00:00+08:00,19.276616898414286,19.276616898414286,18.520671844482422,18.520671844482422,118000,0.0,0.0
2022-05-24 00:00:00+08:00,18.52067069353195,18.709656044113004,18.47342300415039,18.47342300415039,40000,0.0,0.0
2022-05-25 00:00:00+08:00,18.426176932124477,18.615164083123567,18.237189781125387,18.378931045532227,54000,0.0,0.0
2022-05-26 00:00:00+08:00,18.47342300415039,18.56791658059845,18.331683540635836,18.47342300415039,41000,0.0,0.0
2022-05-27 00:00:00+08:00,18.426175511603816,18.615162648033404,18.426175511603816,18.567914962768555,19000,0.0,0.0
2022-05-30 00:00:00+08:00,18.56791630034354,18.80414933674057,18.426176838968328,18.70965576171875,71000,0.0,0.0
2022-05-31 00:00:00+08:00,18.473422540825922,18.615163803100586,18.473422540825922,18.615163803100586,19000,0.0,0.0
2022-06-01 00:00:00+08:00,18.709656044113004,18.804149620561063,18.426177117083895,18.47342300415039,68000,0.0,0.0
2022-06-02 00:00:00+08:00,18.756902099198147,19.134874569742422,18.567914962768555,18.567914962768555,83000,0.0,0.0
2022-06-06 00:00:00+08:00,18.66241131680525,18.804150789128077,18.520671844482422,18.520671844482422,17000,0.0,0.0
2022-06-07 00:00:00+08:00,18.56791630034354,18.851397025408996,18.56791630034354,18.70965576171875,118000,0.0,0.0
2022-06-08 00:00:00+08:00,18.8986429237885,19.371108996883212,18.8986429237885,19.040382385253906,134000,0.0,0.0
2022-06-09 00:00:00+08:00,19.087631686357717,19.323864742860586,19.087631686357717,19.2766170501709,95000,0.0,0.0
2022-06-10 00:00:00+08:00,19.182122427059564,19.749082092389152,19.087630651433876,19.2293701171875,43000,0.0,0.0
2022-06-13 00:00:00+08:00,18.70965605804533,19.18212213832238,18.662410170943648,19.134876251220703,97000,0.0,0.0
2022-06-14 00:00:00+08:00,18.804148312520578,19.229368475800452,18.756902428740563,18.993135452270508,15000,0.0,0.0
2022-06-15 00:00:00+08:00,18.945888810171958,19.134875960335858,18.7096557736246,19.040382385253906,128000,0.0,0.0
2022-06-16 00:00:00+08:00,19.087630061806028,19.087630061806028,18.70965576171875,18.70965576171875,24000,0.0,0.0
2022-06-17 00:00:00+08:00,18.61516326384841,19.134875202750205,18.52066969250764,19.087629318237305,151000,0.0,0.0
2022-06-20 00:00:00+08:00,19.465601401585023,20.552272943903123,17.764722559321324,18.00095558166504,902000,0.0,0.0
2022-06-21 00:00:00+08:00,18.426176071166992,18.94588800865854,18.331682500082632,18.426176071166992,213000,0.0,0.0
2022-06-22 00:00:00+08:00,18.75690233455388,19.27661426278408,17.859216128721798,18.00095558166504,166000,0.0,0.0
2022-06-23 00:00:00+08:00,18.142697703861863,18.37893073749384,17.622983948482503,17.953710556030273,177000,0.0,0.0
2022-06-24 00:00:00+08:00,18.095448888347992,18.426175475290545,17.95370943746258,18.2371883392334,99000,0.0,0.0
2022-06-27 00:00:00+08:00,18.7096572068078,18.7096572068078,18.331684679841867,18.520671844482422,16000,0.0,0.0
2022-06-28 00:00:00+08:00,18.615162611347692,18.615162611347692,18.14269657351973,18.2371883392334,21000,0.0,0.0
2022-06-29 00:00:00+08:00,18.3316836395648,18.3316836395648,18.09545059832733,18.142698287963867,15000,0.0,0.0
2022-06-30 00:00:00+08:00,19.465602348758093,19.465602348758093,18.142697719725312,18.28443717956543,205000,0.0,0.0
2022-07-01 00:00:00+08:00,18.47342250909462,18.47342250909462,17.670231636597908,17.953710556030273,118000,0.0,0.0
2022-07-04 00:00:00+08:00,18.142696642863772,18.142696642863772,17.717476486267394,17.906463623046875,61000,0.0,0.0
2022-07-05 00:00:00+08:00,18.14269742851528,18.61516348860875,17.953710283551896,18.189943313598633,92000,0.0,0.0
2022-07-06 00:00:00+08:00,18.52066991612706,18.52066991612706,17.953710283551896,18.189943313598633,40000,0.0,0.0
2022-07-07 00:00:00+08:00,18.00095616863525,18.284436886080325,18.00095616863525,18.189943313598633,34000,0.0,0.0
2022-07-08 00:00:00+08:00,18.378931045532227,18.426176932124477,18.28443747003268,18.378931045532227,37000,0.0,0.0
2022-07-11 00:00:00+08:00,18.615163803100586,18.615163803100586,18.473422540825922,18.615163803100586,65000,0.0,0.0
2022-07-12 00:00:00+08:00,18.615162611347692,18.615162611347692,18.000955320319417,18.2371883392334,17000,0.0,0.0
2022-07-13 00:00:00+08:00,18.615163787402377,18.615163787402377,18.28443717956543,18.28443717956543,82000,0.0,0.0
2022-07-14 00:00:00+08:00,18.378930952614937,18.756903450387178,18.378930952614937,18.70965576171875,116000,0.0,0.0
2022-07-15 00:00:00+08:00,19.229369523181237,19.229369523181237,18.66240987536536,18.70965576171875,78000,0.0,0.0
2022-07-18 00:00:00+08:00,18.898642362346266,19.56009556595438,18.898642362346266,19.18212127685547,151000,0.0,0.0
2022-07-19 00:00:00+08:00,18.8986429237885,19.182121846719312,18.8986429237885,19.040382385253906,53000,0.0,0.0
2022-07-20 00:00:00+08:00,18.99313679431186,19.560096451307672,18.99313679431186,19.46560287475586,312000,0.0,0.0
2022-07-21 00:00:00+08:00,19.512848761874235,19.607342338426047,19.276615721652234,19.46560287475586,151000,0.0,0.0
2022-07-22 00:00:00+08:00,19.46560119523838,20.268793823155686,19.371107626839596,19.890819549560547,378000,0.0,0.0
2022-07-25 00:00:00+08:00,19.938067041004583,20.032560608484346,19.65458633856529,19.796327590942383,114000,0.0,0.0
2022-07-26 00:00:00+08:00,19.796326432743417,19.985311754331324,19.654585188659006,19.74907875061035,73000,0.0,0.0
2022-07-27 00:00:00+08:00,19.418352184938033,19.985311754331324,19.418352184938033,19.74907875061035,108000,0.0,0.0
2022-07-28 00:00:00+08:00,19.796327783476674,20.268793823155686,19.749080098119826,19.890819549560547,180000,0.0,0.0
2022-07-29 00:00:00+08:00,19.985314555597643,20.0798081307938,19.70183563232422,19.70183563232422,94000,0.0,0.0
2022-08-01 00:00:00+08:00,19.70183447797951,20.17430052396312,19.560095024647413,19.654586791992188,111000,0.0,0.0
2022-08-02 00:00:00+08:00,19.7991068769898,20.136318323071464,19.654588210856097,19.750934600830078,103000,0.4,0.0
2022-08-03 00:00:00+08:00,20.039971439870214,20.377182877652373,19.799106389690746,19.847280502319336,63000,0.0,0.0
2022-08-04 00:00:00+08:00,20.955260484459824,21.82237434387207,20.23266529534052,21.82237434387207,3475000,0.0,0.0
2022-08-05 00:00:00+08:00,22.111411496357782,22.59314157830323,21.099777221679688,21.099777221679688,3816000,0.0,0.0
2022-08-08 00:00:00+08:00,21.196124134732774,22.159584322675173,21.003431362082505,22.111412048339844,1171000,0.0,0.0
2022-08-09 00:00:00+08:00,22.111411474320796,23.074871637251473,21.726025939024986,22.593141555786133,950000,0.0,0.0
2022-08-10 00:00:00+08:00,22.641314133353855,22.834006903593114,22.159584045410156,22.159584045410156,519000,0.0,0.0
2022-08-11 00:00:00+08:00,23.123044025935453,23.219390410241072,22.35227662679938,22.93035125732422,902000,0.0,0.0
2022-08-12 00:00:00+08:00,23.267562683566663,23.31573679454669,22.737660326367415,22.93035125732422,313000,0.0,0.0
2022-08-15 00:00:00+08:00,23.123044796240723,23.123044796240723,22.641314696319043,22.78583335876465,381000,0.0,0.0
2022-08-16 00:00:00+08:00,22.978527710006286,23.749295187689945,22.978527710006286,23.219392776489258,863000,0.0,0.0
2022-08-17 00:00:00+08:00,23.74929456089893,23.893813229443655,23.556603615390824,23.701122283935547,496000,0.0,0.0
2022-08-18 00:00:00+08:00,23.652947817058905,25.965253829956055,23.60477554081294,25.965253829956055,2963000,0.0,0.0
2022-08-19 00:00:00+08:00,26.928714144976038,27.5549629265129,26.061598468450867,27.410444259643555,3472000,0.0,0.0
2022-08-22 00:00:00+08:00,27.26592314278939,27.554962307691472,26.54332798701595,26.78419303894043,967000,0.0,0.0
2022-08-23 00:00:00+08:00,27.12140464782715,27.314097425626848,26.30246309866021,27.12140464782715,1098000,0.0,0.0
2022-08-24 00:00:00+08:00,27.21775143502159,27.410444215641085,26.591502654490057,26.687849044799805,673000,0.0,0.0
2022-08-25 00:00:00+08:00,26.591501893307054,26.928713330911204,26.254290455702908,26.832366943359375,749000,0.0,0.0
2022-08-26 00:00:00+08:00,26.97688609630138,27.07323248560479,26.736021041870117,26.736021041870117,482000,0.0,0.0
2022-08-29 00:00:00+08:00,25.917079772721745,29.385536961996504,25.62804243930491,29.241018295288086,2200000,0.0,0.0
2022-08-30 00:00:00+08:00,28.90380758589772,29.000153978714966,28.08486600343303,28.373905181884766,1438000,0.0,0.0
2022-08-31 00:00:00+08:00,27.362269644681,28.13303891663179,26.01342571583526,26.3988094329834,2367000,0.0,0.0
2022-09-01 00:00:00+08:00,26.63967403249939,26.687848144857053,25.339002401314207,25.387176513671875,962000,0.0,0.0
2022-09-02 00:00:00+08:00,25.435349768802578,25.917079885021018,24.616408203700324,25.19448471069336,819000,0.0,0.0
2022-09-05 00:00:00+08:00,25.339002439159813,25.339002439159813,24.086504918461603,24.279197692871094,725000,0.0,0.0
2022-09-06 00:00:00+08:00,24.616407786029473,24.664581899426675,23.50842890505725,24.182851791381836,791000,0.0,0.0
2022-09-07 00:00:00+08:00,24.52006301257308,25.194484055137856,23.94198652062148,24.9536190032959,609000,0.0,0.0
2022-09-08 00:00:00+08:00,25.146312867810348,25.483524322509766,24.56823635084772,25.483524322509766,470000,0.0,0.0
2022-09-12 00:00:00+08:00,25.917080331990796,25.96525444703619,25.146312867810348,25.483524322509766,603000,0.0,0.0
2022-09-13 00:00:00+08:00,25.483521759169186,26.4951541838546,25.483521759169186,26.350635528564453,732000,0.0,0.0
2022-09-14 00:00:00+08:00,25.57986799484745,26.302463156709294,25.194484276052037,26.013425827026367,343000,0.0,0.0
2022-09-15 00:00:00+08:00,26.06159726332029,26.639673741721026,25.435348510742188,25.435348510742188,459000,0.0,0.0
2022-09-16 00:00:00+08:00,26.013425341202495,27.16957831365107,25.820732566576236,26.109771728515625,848000,0.0,0.0
2022-09-19 00:00:00+08:00,26.013425941561565,26.49515605159048,25.579868107473725,25.628042221069336,319000,0.0,0.0
2022-09-20 00:00:00+08:00,26.01342683472751,27.169579873555016,25.820734049038062,26.5433292388916,432000,0.0,0.0
2022-09-21 00:00:00+08:00,26.446984683701473,26.832368417425776,26.254291898012024,26.5433292388916,276000,0.0,0.0
2022-09-22 00:00:00+08:00,26.20611941264176,27.26592421256728,26.109773020560915,26.591503143310547,528000,0.0,0.0
2022-09-23 00:00:00+08:00,26.49515558816179,26.49515558816179,25.19448394630295,25.33900260925293,431000,0.0,0.0
2022-09-26 00:00:00+08:00,25.579866592730205,25.579866592730205,24.37554138897352,24.809099197387695,342000,0.0,0.0
2022-09-27 00:00:00+08:00,24.568235451834543,25.772560719081334,24.471889062923896,25.290830612182617,458000,0.0,0.0
2022-09-28 00:00:00+08:00,25.001793509397032,25.001793509397032,23.41208267211914,23.41208267211914,488000,0.0,0.0
2022-09-29 00:00:00+08:00,23.79746759450186,24.52006274205571,23.79746759450186,24.279197692871094,266000,0.0,0.0
2022-09-30 00:00:00+08:00,23.604775294197122,24.5682355102868,23.604775294197122,24.182851791381836,206000,0.0,0.0
2022-10-03 00:00:00+08:00,24.182850754647284,24.90544588573642,23.990157984628404,24.37554168701172,161000,0.0,0.0
2022-10-04 00:00:00+08:00,24.664581951692753,25.19448433660317,24.568235562348715,24.905447006225586,225000,0.0,0.0
2022-10-05 00:00:00+08:00,25.098137494790215,25.339002544980733,24.568235119432874,24.61640739440918,341000,0.0,0.0
2022-10-06 00:00:00+08:00,24.664581298828125,24.712753573397773,24.423716250670925,24.664581298828125,120000,0.0,0.0
2022-10-07 00:00:00+08:00,24.61640652216266,24.809099290549085,24.32736920723745,24.423715591430664,132000,0.0,0.0
2022-10-11 00:00:00+08:00,24.568234056704952,24.61640632959751,22.978525161743164,22.978525161743164,410000,0.0,0.0
2022-10-12 00:00:00+08:00,22.978527381524795,23.31573883731139,21.19612554749959,21.82237434387207,930000,0.0,0.0
2022-10-13 00:00:00+08:00,21.9187205128934,22.015066904656816,19.799107244716605,20.03997230529785,852000,0.0,0.0
2022-10-14 00:00:00+08:00,21.00343166172097,21.774200925663497,20.569875673554392,21.677854537963867,223000,0.0,0.0
2022-10-17 00:00:00+08:00,21.003431362082505,22.207756597010505,20.907086813411844,22.111412048339844,263000,0.0,0.0
2022-10-18 00:00:00+08:00,22.352278245530982,22.448622799159352,21.918720403585056,22.255931854248047,89000,0.0,0.0
2022-10-19 00:00:00+08:00,22.400450734217536,22.64131579587579,22.159585672559285,22.2077579498291,142000,0.0,0.0
2022-10-20 00:00:00+08:00,21.774201735487935,22.352278245530982,21.774201735487935,22.255931854248047,125000,0.0,0.0
2022-10-21 00:00:00+08:00,21.96689224243164,22.255931410517693,21.96689224243164,21.96689224243164,43000,0.0,0.0
2022-10-24 00:00:00+08:00,22.01506691719113,22.73766209934628,21.774201856472747,21.870548248291016,135000,0.0,0.0
2022-10-25 00:00:00+08:00,21.774202195705296,21.774202195705296,21.05160700229243,21.43699073791504,339000,0.0,0.0
2022-10-26 00:00:00+08:00,21.4369881586595,21.774199575877155,21.147950851132588,21.196123123168945,135000,0.0,0.0
2022-10-27 00:00:00+08:00,21.196123605599663,21.34064226265241,20.810739907574188,21.099777221679688,152000,0.0,0.0
2022-10-28 00:00:00+08:00,21.003432368792158,21.099778759735244,20.42535769844276,20.810741424560547,200000,0.0,0.0
2022-10-31 00:00:00+08:00,20.955260608973127,21.58150940906669,20.907088331140777,21.43699073791504,192000,0.0,0.0
2022-11-01 00:00:00+08:00,21.38881704136873,21.67785436450027,21.244296542148472,21.34064292907715,67000,0.0,0.0
2022-11-02 00:00:00+08:00,21.19612554749959,22.063239406911837,20.66622314387394,21.82237434387207,228000,0.0,0.0
2022-11-03 00:00:00+08:00,21.48516273498535,21.870548303226457,21.196125396459106,21.48516273498535,80000,0.0,0.0
2022-11-04 00:00:00+08:00,21.43698959545654,21.62968237182582,21.196124543822197,21.292470932006836,88000,0.0,0.0
2022-11-07 00:00:00+08:00,21.870548248291016,22.97852716006466,21.38881812685425,21.870548248291016,601000,0.0,0.0
2022-11-08 00:00:00+08:00,21.918720403585056,22.544969190442288,21.918720403585056,22.255931854248047,154000,0.0,0.0
2022-11-09 00:00:00+08:00,22.641313660108217,24.471887588500977,22.641313660108217,24.471887588500977,1241000,0.0,0.0
2022-11-10 00:00:00+08:00,24.471888951070145,24.85727266729674,23.508428741676404,23.845640182495117,2503000,0.0,0.0
2022-11-11 00:00:00+08:00,24.953618727995323,25.19448377717994,23.893812144052117,24.279197692871094,1315000,0.0,0.0
2022-11-14 00:00:00+08:00,24.760926529834048,25.724386677490557,24.42371511062339,24.520061492919922,1540000,0.0,0.0
2022-11-15 00:00:00+08:00,24.9536190032959,26.928713530992656,24.3755425113443,24.9536190032959,4369000,0.0,0.0
2022-11-16 00:00:00+08:00,25.049965449434684,26.206118436008857,24.857272672454148,25.67621421813965,1867000,0.0,0.0
2022-11-17 00:00:00+08:00,26.157944820943158,26.157944820943158,25.242658706996277,25.57986831665039,856000,0.0,0.0
2022-11-18 00:00:00+08:00,25.820733325909075,26.30246343898689,25.628042383270675,25.965253829956055,789000,0.0,0.0
2022-11-21 00:00:00+08:00,26.013425486558848,26.49515558816179,25.29083033415444,25.33900260925293,700000,0.0,0.0
2022-11-22 00:00:00+08:00,25.628041458451605,26.302462489830514,25.098137250595517,25.772560119628906,624000,0.0,0.0
2022-11-23 00:00:00+08:00,25.77255927138442,26.591500774641535,25.676212887885743,26.302461624145508,757000,0.0,0.0
2022-11-24 00:00:00+08:00,26.302462207217147,26.976885069004034,25.82073211669922,25.82073211669922,769000,0.0,0.0
2022-11-25 00:00:00+08:00,25.868907276083796,26.206118720634944,25.628042221069336,25.628042221069336,436000,0.0,0.0
2022-11-28 00:00:00+08:00,25.24265802166914,26.446983273892773,25.24265802166914,25.724388122558594,520000,0.0,0.0
2022-11-29 00:00:00+08:00,25.724387088173554,25.917078018188477,25.531694320504204,25.917078018188477,156000,0.0,0.0
2022-11-30 00:00:00+08:00,26.206118493236588,27.073232316233526,26.109772104535924,26.3988094329834,1231000,0.0,0.0
2022-12-01 00:00:00+08:00,26.44698201839635,28.325728220084304,26.398807908001636,28.181209564208984,2385000,0.0,0.0
2022-12-02 00:00:00+08:00,28.18121142136423,28.325730086763397,27.073232536431245,27.458616256713867,1192000,0.0,0.0
2022-12-05 00:00:00+08:00,27.169578650489363,28.22938341110938,27.169578650489363,27.50678825378418,782000,0.0,0.0
2022-12-06 00:00:00+08:00,27.506787402828863,27.651307899946598,26.013424858950874,26.206117630004883,1454000,0.0,0.0
2022-12-07 00:00:00+08:00,26.302463156709294,26.976886042842157,25.820733048801397,26.013425827026367,668000,0.0,0.0
2022-12-08 00:00:00+08:00,26.01342698255733,26.928714963301747,25.62804324664296,26.88054084777832,686000,0.0,0.0
2022-12-09 00:00:00+08:00,26.92871365200979,27.025058203055934,26.25429076875966,26.3988094329834,372000,0.0,0.0
2022-12-12 00:00:00+08:00,25.820733781232008,26.013426564922895,24.857273538086712,25.146312713623047,1227000,0.0,0.0
2022-12-13 00:00:00+08:00,25.33900415567349,25.6280433368678,25.001794534095378,25.04996681213379,391000,0.0,0.0
2022-12-14 00:00:00+08:00,25.00179392348081,25.820733656060668,24.905447532102425,25.531696319580078,348000,0.0,0.0
2022-12-15 00:00:00+08:00,25.579868107473725,25.820733162488185,25.483523555591567,25.628042221069336,130000,0.0,0.0
2022-12-16 00:00:00+08:00,25.14631227226993,25.82073332804185,24.85727310180664,24.85727310180664,629000,0.0,0.0
2022-12-19 00:00:00+08:00,25.242657005801874,25.38717566272179,24.809099197387695,24.809099197387695,237000,0.0,0.0
2022-12-20 00:00:00+08:00,24.905446453220197,25.483522938794174,24.182851305666347,24.279197692871094,480000,0.0,0.0
2022-12-21 00:00:00+08:00,24.664580842040042,25.242657314442237,24.32736941333422,24.37554168701172,173000,0.0,0.0
2022-12-22 00:00:00+08:00,24.905446453220197,24.905446453220197,24.279197692871094,24.279197692871094,109000,0.0,0.0
2022-12-23 00:00:00+08:00,24.134678166610538,24.52006373097247,23.941987222084137,24.086505889892578,139000,0.0,0.0
2022-12-26 00:00:00+08:00,23.99015787436311,24.08650425892972,23.797466942884334,24.038331985473633,63000,0.0,0.0
2022-12-27 00:00:00+08:00,24.08650540224196,24.471889121146926,23.99015901310209,24.182851791381836,143000,0.0,0.0
2022-12-28 00:00:00+08:00,24.08650474492302,24.664581226332064,23.893811971901844,23.941986083984375,204000,0.0,0.0
2022-12-29 00:00:00+08:00,23.941987344061612,23.941987344061612,23.556603615390824,23.701122283935547,123000,0.0,0.0
2022-12-30 00:00:00+08:00,23.941987344061612,23.941987344061612,23.701122283935547,23.701122283935547,83000,0.0,0.0
2023-01-03 00:00:00+08:00,23.990158631444732,24.857272444599698,23.893812243837623,24.61640739440918,251000,0.0,0.0
2023-01-04 00:00:00+08:00,24.61640808871396,25.676214706974942,24.56823581237896,25.57986831665039,555000,0.0,0.0
2023-01-05 00:00:00+08:00,25.628042992336773,25.917080331990796,25.339003815028168,25.483524322509766,205000,0.0,0.0
2023-01-06 00:00:00+08:00,25.48352321994091,25.48352321994091,24.616407563186257,24.9536190032959,163000,0.0,0.0
2023-01-09 00:00:00+08:00,25.628041203679825,25.628041203679825,24.712753295898438,24.712753295898438,265000,0.0,0.0
2023-01-10 00:00:00+08:00,24.5200626374647,24.712753573397773,24.5200626374647,24.664581298828125,98000,0.0,0.0
2023-01-11 00:00:00+08:00,23.845639801161447,23.9901584627285,23.315737429530763,23.556602478027344,830000,0.0,0.0
2023-01-12 00:00:00+08:00,23.41208246324926,23.893812570210393,23.31573791198065,23.460256576538086,289000,0.0,0.0
2023-01-13 00:00:00+08:00,23.749293734661023,23.749293734661023,23.026698579421918,23.123044967651367,327000,0.0,0.0
2023-01-16 00:00:00+08:00,23.123044796240723,23.123044796240723,22.73766108383428,22.78583335876465,277000,0.0,0.0
2023-01-17 00:00:00+08:00,22.8340089445838,25.04996681213379,22.8340089445838,25.04996681213379,1259000,0.0,0.0
2023-01-30 00:00:00+08:00,26.013425607843896,27.362269531090085,25.387176840371147,26.78419303894043,2978000,0.0,0.0
2023-01-31 00:00:00+08:00,26.495156836132303,28.951979734966372,26.30246405135314,28.759288787841797,5443000,0.0,0.0
2023-02-01 00:00:00+08:00,28.903807801017084,29.19284514396541,27.988519818923034,28.32573127746582,1873000,0.0,0.0
2023-02-02 00:00:00+08:00,28.518420986354336,28.711111914969955,27.988516797938953,28.181209564208984,818000,0.0,0.0
2023-02-03 00:00:00+08:00,28.03669259470639,30.108131687258897,27.651308876640382,30.059959411621094,3668000,0.0,0.0
2023-02-06 00:00:00+08:00,30.05995893650307,31.119763685020033,27.121404227679736,27.940345764160156,5566000,0.0,0.0
2023-02-07 00:00:00+08:00,28.229383153503395,28.807459641619246,27.65130850304204,28.662940979003906,1102000,0.0,0.0
2023-02-08 00:00:00+08:00,28.90380609230917,30.011784958316788,28.422075990770683,29.385536193847656,2923000,0.0,0.0
2023-02-09 00:00:00+08:00,29.04832400333809,30.30082333751052,29.00015172949296,29.530054092407227,1356000,0.0,0.0
2023-02-10 00:00:00+08:00,29.48188347272752,29.915439474622975,28.855634689331055,28.855634689331055,1145000,0.0,0.0
2023-02-13 00:00:00+08:00,28.711113298575693,28.759287411291947,27.31409710758536,27.554962158203125,1272000,0.0,0.0
2023-02-14 00:00:00+08:00,28.036691766372368,28.22938270088513,27.60313394782334,27.651308059692383,316000,0.0,0.0
2023-02-15 00:00:00+08:00,27.651307507328447,27.988517095403274,27.1214033132812,27.747652053833008,660000,0.0,0.0
2023-02-16 00:00:00+08:00,27.79582671999057,28.036691766372368,27.506787561739728,27.651308059692383,569000,0.0,0.0
2023-02-17 00:00:00+08:00,27.506787191650233,28.373902817081696,27.506787191650233,28.084863662719727,555000,0.0,0.0
2023-02-20 00:00:00+08:00,28.277555947344002,28.61476736948935,28.036690908333668,28.181209564208984,342000,0.0,0.0
2023-02-21 00:00:00+08:00,28.133037567138672,28.32572849764243,27.747652030822294,28.133037567138672,399000,0.0,0.0
2023-02-22 00:00:00+08:00,27.98851873960351,28.903806686401367,27.554962741900212,28.903806686401367,789000,0.0,0.0
2023-02-23 00:00:00+08:00,28.95197879693208,29.14467157546806,28.470248688246656,28.56659507751465,797000,0.0,0.0
2023-02-24 00:00:00+08:00,28.662941630681356,29.963613299100327,28.133039243159146,28.903806686401367,1652000,0.0,0.0
2023-03-01 00:00:00+08:00,28.711114393459983,29.289190904518183,28.133039720056352,28.80746078491211,904000,0.0,0.0
2023-03-02 00:00:00+08:00,28.807460072013882,30.20447811936131,28.759287796307223,29.67457389831543,1219000,0.0,0.0
2023-03-03 00:00:00+08:00,29.915439474622975,29.915439474622975,28.855634689331055,28.855634689331055,912000,0.0,0.0
2023-03-06 00:00:00+08:00,28.951977323437653,30.252648918222256,28.951977323437653,29.963611602783203,1202000,0.0,0.0
2023-03-07 00:00:00+08:00,30.156303621247435,30.734380110624517,29.385536193847656,29.385536193847656,903000,0.0,0.0
2023-03-08 00:00:00+08:00,29.385535709087698,29.674573030180873,29.241017048541114,29.481882095336914,359000,0.0,0.0
2023-03-09 00:00:00+08:00,29.67457372575978,29.72274783884084,27.50678825378418,27.50678825378418,1456000,0.0,0.0
2023-03-10 00:00:00+08:00,27.121405258064616,27.362270316906496,26.591502863674307,26.63967514038086,1103000,0.0,0.0
2023-03-13 00:00:00+08:00,26.639675574286418,27.21775209245352,26.15794544875627,26.928714752197266,657000,0.0,0.0
2023-03-14 00:00:00+08:00,26.92871382047694,27.362269815860493,26.206118657183154,26.736021041870117,447000,0.0,0.0
2023-03-15 00:00:00+08:00,27.025057840272424,28.181210813851195,27.025057840272424,27.940345764160156,847000,0.0,0.0
2023-03-16 00:00:00+08:00,27.603134642291778,27.892173807814565,27.12140453740831,27.50678825378418,486000,0.0,0.0
2023-03-17 00:00:00+08:00,27.169578025149992,27.458615346365736,25.72438774376232,26.157943725585938,1554000,0.0,0.0
2023-03-20 00:00:00+08:00,26.446984195900093,26.784193808155074,25.676214905013346,26.63967514038086,569000,0.0,0.0
2023-03-21 00:00:00+08:00,26.68784876604568,27.025058372125823,26.543328263263298,26.736021041870117,261000,0.0,0.0
2023-03-22 00:00:00+08:00,26.832367112516096,27.410443603816876,26.736020724356884,27.169578552246094,356000,0.0,0.0
2023-03-23 00:00:00+08:00,27.025057880808536,27.16957838096352,26.591501893307054,26.832366943359375,227000,0.0,0.0
2023-03-24 00:00:00+08:00,26.73602153144852,26.976886590290402,26.63967514038086,26.63967514038086,170000,0.0,0.0
2023-03-27 00:00:00+08:00,27.073232536431245,27.8921740905659,27.073232536431245,27.458616256713867,574000,0.0,0.0
2023-03-28 00:00:00+08:00,27.31409646942931,27.699480173882872,26.206117630004883,26.206117630004883,478000,0.0,0.0
2023-03-29 00:00:00+08:00,26.591501151106637,26.591501151106637,25.8207319098596,25.868906021118164,265000,0.0,0.0
2023-03-30 00:00:00+08:00,26.109772331098256,26.109772331098256,25.049965721503728,25.628042221069336,258000,0.0,0.0
2023-03-31 00:00:00+08:00,25.628041734849802,26.206118223448048,25.33900257172343,25.724388122558594,348000,0.0,0.0
2023-04-06 00:00:00+08:00,25.43534927672133,25.483523390003914,24.857272780911966,25.290830612182617,476000,0.0,0.0
2023-04-07 00:00:00+08:00,25.339002298442516,26.01342516747591,25.339002298442516,25.772560119628906,620000,0.0,0.0
2023-04-10 00:00:00+08:00,25.820733048801397,26.398809545821777,25.628042108230954,26.013425827026367,275000,0.0,0.0
2023-04-11 00:00:00+08:00,26.109771244477876,26.784192267858003,26.061597132887147,26.206117630004883,430000,0.0,0.0
2023-04-12 00:00:00+08:00,26.30246304428273,26.591502210384725,26.01342571583526,26.3988094329834,303000,0.0,0.0
2023-04-13 00:00:00+08:00,26.206117630004883,26.398808563404437,25.868906199487594,26.206117630004883,232000,0.0,0.0
2023-04-14 00:00:00+08:00,26.206118115828755,26.78419276439855,25.917078953889366,26.109771728515625,313000,0.0,0.0
2023-04-17 00:00:00+08:00,26.398809118203403,27.073231993411696,26.398809118203403,26.832366943359375,696000,0.0,0.0
2023-04-18 00:00:00+08:00,27.073232768384244,27.265923711349192,26.591502654490057,26.687849044799805,424000,0.0,0.0
2023-04-19 00:00:00+08:00,26.639672839144744,26.928711987379437,26.302461418364803,26.350635528564453,424000,0.0,0.0
2023-04-20 00:00:00+08:00,26.639675518780432,26.639675518780432,25.146312867810348,25.483524322509766,497000,0.0,0.0
2023-04-21 00:00:00+08:00,25.531696943136364,25.72438973059924,24.90544814036394,25.04996681213379,317000,0.0,0.0
2023-04-24 00:00:00+08:00,25.14631194764391,25.531695665631975,25.14631194764391,25.290830612182617,97000,0.0,0.0
2023-04-25 00:00:00+08:00,25.724388386393095,25.724388386393095,24.568235397338867,24.568235397338867,413000,0.0,0.0
2023-04-26 00:00:00+08:00,24.375542988689034,24.85727310180664,23.797468323071545,24.85727310180664,390000,0.0,0.0
2023-04-27 00:00:00+08:00,24.664580147537517,24.857271074476184,23.845638654498607,24.520061492919922,778000,0.0,0.0
2023-04-28 00:00:00+08:00,24.857273055216908,25.242658615112305,24.66458211292375,25.242658615112305,302000,0.0,0.0
2023-05-02 00:00:00+08:00,25.290829924284232,26.20611783755821,25.290829924284232,26.157943725585938,408000,0.0,0.0
2023-05-03 00:00:00+08:00,26.10977249634849,26.206118886494963,25.868907439809583,25.965253829956055,155000,0.0,0.0
2023-05-04 00:00:00+08:00,26.061597616031815,26.254290390658074,25.676213904433787,26.109771728515625,254000,0.0,0.0
2023-05-05 00:00:00+08:00,26.157944003344944,26.398809052800523,26.013425341202495,26.109771728515625,292000,0.0,0.0
2023-05-08 00:00:00+08:00,26.109770490529414,26.83236560463454,26.06159638032976,26.350635528564453,391000,0.0,0.0
2023-05-09 00:00:00+08:00,26.5915016498396,26.5915016498396,25.772560119628906,25.772560119628906,262000,0.0,0.0
2023-05-10 00:00:00+08:00,25.531696159577177,25.82073349424642,25.19448471069336,25.19448471069336,144000,0.0,0.0
2023-05-11 00:00:00+08:00,25.194482989667502,25.483522142247143,24.423715591430664,24.423715591430664,465000,0.0,0.0
2023-05-12 00:00:00+08:00,24.568234344108312,24.568234344108312,23.893811489796505,24.038331985473633,428000,0.0,0.0
2023-05-15 00:00:00+08:00,24.086506226658287,24.42371768136242,23.50842970968757,23.6529483795166,547000,0.0,0.0
2023-05-16 00:00:00+08:00,23.701121518616958,24.32737028719199,23.60477513014668,23.845640182495117,238000,0.0,0.0
2023-05-17 00:00:00+08:00,23.893812737367423,24.471889237295812,23.797468185424805,23.797468185424805,117000,0.0,0.0
2023-05-18 00:00:00+08:00,24.086506012606336,24.375543349695782,23.652948169317593,23.701122283935547,288000,0.0,0.0
2023-05-19 00:00:00+08:00,23.89381306869945,23.89381306869945,23.363910675048828,23.363910675048828,312000,0.0,0.0
2023-05-22 00:00:00+08:00,23.41208298991376,24.086505889892578,23.41208298991376,24.086505889892578,180000,0.0,0.0
2023-05-23 00:00:00+08:00,24.086504918461603,24.279197692871094,23.941986256481734,24.279197692871094,130000,0.0,0.0
2023-05-24 00:00:00+08:00,24.086506012606336,24.086506012606336,23.60477589235421,23.701122283935547,286000,0.0,0.0
2023-05-25 00:00:00+08:00,24.086506512700296,24.086506512700296,23.508429988864567,23.60477638244629,158000,0.0,0.0
2023-05-26 00:00:00+08:00,23.652947346431574,23.652947346431574,23.123044967651367,23.123044967651367,449000,0.0,0.0
2023-05-29 00:00:00+08:00,23.171217893182476,23.94198718299332,23.026699225609992,23.363910675048828,488000,0.0,0.0
2023-05-30 00:00:00+08:00,23.460256298544913,23.70112134917134,23.123044860137014,23.5084285736084,206000,0.0,0.0
2023-05-31 00:00:00+08:00,23.74929443990317,24.086505889892578,23.70112216318521,24.086505889892578,201000,0.0,0.0
2023-06-01 00:00:00+08:00,23.893811971901844,24.08650474492302,23.79746742304573,23.941986083984375,90000,0.0,0.0
2023-06-02 00:00:00+08:00,24.08650474492302,24.134677019351074,23.941986083984375,23.941986083984375,104000,0.0,0.0
2023-06-05 00:00:00+08:00,24.182851791381836,24.23102406712451,24.03833312649929,24.182851791381836,102000,0.0,0.0
2023-06-06 00:00:00+08:00,24.086506012606336,24.23102468115106,23.701122283935547,23.701122283935547,227000,0.0,0.0
2023-06-07 00:00:00+08:00,23.893812287079783,23.893812287079783,23.5084285736084,23.5084285736084,121000,0.0,0.0
2023-06-08 00:00:00+08:00,23.604775733554487,23.94198718299332,23.219392007476344,23.363910675048828,220000,0.0,0.0
2023-06-09 00:00:00+08:00,23.363911166519436,23.41208344417207,23.12304610294707,23.26756477355957,272000,0.0,0.0
2023-06-12 00:00:00+08:00,23.21939152305752,23.460256576538086,23.074872858500086,23.460256576538086,193000,0.0,0.0
2023-06-13 00:00:00+08:00,23.556601132714064,23.941984820768504,23.02669695369163,23.074871063232422,405000,0.0,0.0
2023-06-14 00:00:00+08:00,23.123043541098934,23.50842723258637,23.026697158813477,23.026697158813477,127000,0.0,0.0
2023-06-15 00:00:00+08:00,23.123044655671706,23.701121139594395,23.074872381034183,23.556602478027344,151000,0.0,0.0
2023-06-16 00:00:00+08:00,23.46025784297223,23.46025784297223,23.17121866059989,23.219392776489258,142000,0.0,0.0
2023-06-19 00:00:00+08:00,23.267564166431075,23.797468395056068,23.219391890035418,23.74929428100586,180000,0.0,0.0
2023-06-20 00:00:00+08:00,23.604775241095524,23.701121630018655,23.41208246324926,23.460256576538086,83000,0.0,0.0
2023-06-21 00:00:00+08:00,23.460256091097815,23.65294702730239,23.363909704168286,23.556602478027344,61000,0.0,0.0
2023-06-26 00:00:00+08:00,23.508430121206974,23.508430121206974,23.123046382365146,23.219392776489258,310000,0.0,0.0
2023-06-27 00:00:00+08:00,23.219392007476344,23.363910675048828,23.026699225609992,23.363910675048828,96000,0.0,0.0
2023-06-28 00:00:00+08:00,23.363911448848114,23.363911448848114,23.17121866059989,23.219392776489258,30000,0.0,0.0
2023-06-29 00:00:00+08:00,23.123043335118833,23.21938971654604,22.97852468180522,23.074871063232422,130000,0.0,0.0
2023-06-30 00:00:00+08:00,23.074873616584746,23.412083232412357,22.93035310962482,23.315738677978516,93000,0.0,0.0
2023-07-03 00:00:00+08:00,23.219392988399335,23.26756526707372,23.123046593395927,23.171218872070312,172000,0.0,0.0
2023-07-04 00:00:00+08:00,23.363910019397736,23.363910019397736,23.123044967651367,23.123044967651367,155000,0.0,0.0
2023-07-05 00:00:00+08:00,23.123044967651367,23.219391355880816,23.123044967651367,23.123044967651367,85000,0.0,0.0
2023-07-06 00:00:00+08:00,23.12304561654317,23.460257065982002,23.12304561654317,23.363910675048828,221000,0.0,0.0
2023-07-07 00:00:00+08:00,23.171215607005248,23.21938971654604,23.02669695369163,23.074871063232422,175000,0.0,0.0
2023-07-10 00:00:00+08:00,23.0846731629149,23.525782329456693,22.83961293031639,22.888626098632812,287000,0.41,0.0
2023-07-11 00:00:00+08:00,22.937637397288036,23.329733395513408,22.594552697717884,22.888626098632812,262000,0.0,0.0
2023-07-12 00:00:00+08:00,22.692578132771445,23.819854876882786,22.594553661618008,23.721832275390625,401000,0.0,0.0
2023-07-13 00:00:00+08:00,23.86886777240709,23.96689224243164,23.476771761970145,23.96689224243164,210000,0.0,0.0
2023-07-14 00:00:00+08:00,23.77084270477295,24.506023406982422,23.672818237212777,24.506023406982422,313000,0.0,0.0
2023-07-17 00:00:00+08:00,24.947132140533117,25.780335426091735,24.55503427713944,24.89811897277832,1464000,0.0,0.0
2023-07-18 00:00:00+08:00,24.898119785009865,24.898119785009865,23.819854364824216,24.162939071655273,453000,0.0,0.0
2023-07-19 00:00:00+08:00,24.260964062242618,24.260964062242618,23.623807804237188,23.721832275390625,204000,0.0,0.0
2023-07-20 00:00:00+08:00,23.81985508518907,23.81985508518907,23.52578353881836,23.52578353881836,151000,0.0,0.0
2023-07-21 00:00:00+08:00,23.427758996542746,23.9668926561538,23.378747695515056,23.57479476928711,212000,0.0,0.0
2023-07-24 00:00:00+08:00,23.57479328872324,23.57479328872324,23.133685998192934,23.182697296142578,151000,0.0,0.0
2023-07-25 00:00:00+08:00,23.280721472317005,23.62380616268338,23.231710174976588,23.476770401000977,89000,0.0,0.0
2023-07-26 00:00:00+08:00,23.47677049745958,23.52578179500137,23.329732865511897,23.378746032714844,117000,0.0,0.0
2023-07-27 00:00:00+08:00,23.37874596578212,23.86886641844145,23.37874596578212,23.427757263183594,38000,0.0,0.0
2023-07-28 00:00:00+08:00,23.42775723399941,23.574792995681815,23.37874593665899,23.476770401000977,53000,0.0,0.0
2023-07-31 00:00:00+08:00,23.47677059473047,24.06491364631342,23.18269719927783,23.28072166442871,254000,0.0,0.0
2023-08-01 00:00:00+08:00,23.427757359765668,23.525781824633874,23.231710299690413,23.32973289489746,120000,0.0,0.0
2023-08-02 00:00:00+08:00,23.280722027651827,23.378746494332074,22.888626030592036,22.937637329101562,180000,0.0,0.0
2023-08-04 00:00:00+08:00,22.93763723112615,23.182697461949424,22.79060146656442,23.035661697387695,102000,0.0,0.0
2023-08-07 00:00:00+08:00,22.937637329101562,23.133686262462057,22.888626030592036,22.937637329101562,90000,0.0,0.0
2023-08-08 00:00:00+08:00,22.937637397288036,23.035661864259676,22.83961293031639,22.888626098632812,63000,0.0,0.0
2023-08-09 00:00:00+08:00,22.888626367064305,22.888626367064305,22.594552962700565,22.643566131591797,165000,0.0,0.0
2023-08-10 00:00:00+08:00,22.741591150829034,22.741591150829034,22.055421727013012,22.153446197509766,130000,0.0,0.0
2023-08-11 00:00:00+08:00,23.182698390535283,23.182698390535283,22.15344612771518,22.202457427978516,150000,0.0,0.0
2023-08-14 00:00:00+08:00,22.153444808163872,22.153444808163872,21.614311189073934,21.6633243560791,106000,0.0,0.0
2023-08-15 00:00:00+08:00,21.614311122500588,21.761348753402054,21.56529982530753,21.71233558654785,71000,0.0,0.0
2023-08-16 00:00:00+08:00,21.418264064067206,21.71233558654785,21.418264064067206,21.71233558654785,21000,0.0,0.0
2023-08-17 00:00:00+08:00,21.418264225444794,22.00640914449865,20.781108008828596,21.56529998779297,155000,0.0,0.0
2023-08-18 00:00:00+08:00,21.32023995321571,21.565300182563018,21.075179723868406,21.369251251220703,84000,0.0,0.0
2023-08-21 00:00:00+08:00,21.467275784893868,21.467275784893868,21.124191088788614,21.320240020751953,47000,0.0,0.0
2023-08-22 00:00:00+08:00,21.467275784893868,21.516288952715293,21.271228722591708,21.320240020751953,52000,0.0,0.0
2023-08-23 00:00:00+08:00,21.32024011889874,21.32024011889874,21.22221565246582,21.22221565246582,22000,0.0,0.0
2023-08-24 00:00:00+08:00,21.22221572054015,21.51628912078221,21.17320442199707,21.17320442199707,52000,0.0,0.0
2023-08-25 00:00:00+08:00,21.173204354079953,21.22221565246582,20.928144122828243,21.22221565246582,44000,0.0,0.0
2023-08-28 00:00:00+08:00,21.222216161232335,21.222216161232335,20.781108856201172,20.781108856201172,74000,0.0,0.0
2023-08-29 00:00:00+08:00,20.830120155762003,20.87913145532283,20.53604861907456,20.781108856201172,29000,0.0,0.0
2023-08-30 00:00:00+08:00,21.026168559379762,21.41826455489303,21.026168559379762,21.271228790283203,47000,0.0,0.0
2023-08-31 00:00:00+08:00,21.761348724365234,22.643565160291146,21.5652997965323,21.761348724365234,167000,0.0,0.0
2023-09-01 00:00:00+08:00,21.614311093659964,21.85937131862056,21.5652997965323,21.761348724365234,36000,0.0,0.0
2023-09-04 00:00:00+08:00,21.95739753150029,21.95739753150029,21.761350457712844,21.90838623046875,22000,0.0,0.0
2023-09-05 00:00:00+08:00,21.957395879465505,22.00640904647067,21.614311189073934,21.6633243560791,117000,0.0,0.0
2023-09-06 00:00:00+08:00,21.908384611706385,21.908384611706385,21.61431121826172,21.61431121826172,4000,0.0,0.0
2023-09-07 00:00:00+08:00,21.516288594385898,21.6633243560791,21.516288594385898,21.6633243560791,38000,0.0,0.0
2023-09-08 00:00:00+08:00,21.51628852811447,21.761348753402054,21.51628852811447,21.71233558654785,28000,0.0,0.0
2023-09-11 00:00:00+08:00,21.51628875732422,21.761348985222394,21.51628875732422,21.51628875732422,17000,0.0,0.0
2023-09-12 00:00:00+08:00,21.516288854572636,21.516288854572636,21.418264389038086,21.418264389038086,18000,0.0,0.0
2023-09-13 00:00:00+08:00,21.41826432172418,21.467275619506836,21.173204093488575,21.467275619506836,62000,0.0,0.0
2023-09-14 00:00:00+08:00,21.516288854572636,21.516288854572636,21.320239923503536,21.418264389038086,51000,0.0,0.0
2023-09-15 00:00:00+08:00,21.467275686974777,21.467275686974777,21.418264389038086,21.418264389038086,19000,0.0,0.0
2023-09-18 00:00:00+08:00,21.41826432172418,21.467275619506836,21.41826432172418,21.467275619506836,66000,0.0,0.0
2023-09-19 00:00:00+08:00,21.810361791546118,22.006410735289702,21.614312847802534,21.859373092651367,75000,0.0,0.0
2023-09-20 00:00:00+08:00,21.810361862182617,22.00641080656114,21.565301616540115,21.810361862182617,37000,0.0,0.0
2023-09-21 00:00:00+08:00,21.76134891736464,21.85937151248932,21.56529998779297,21.56529998779297,36000,0.0,0.0
2023-09-22 00:00:00+08:00,21.56529982530753,21.71233558654785,21.467275361260267,21.71233558654785,54000,0.0,0.0
2023-09-25 00:00:00+08:00,21.663326018569077,21.859373092651367,21.663326018569077,21.859373092651367,44000,0.0,0.0
2023-09-26 00:00:00+08:00,21.90838451464238,21.90838451464238,21.71233558654785,21.71233558654785,41000,0.0,0.0
2023-09-27 00:00:00+08:00,21.71233558654785,21.761348753402054,21.71233558654785,21.71233558654785,13000,0.0,0.0
2023-09-28 00:00:00+08:00,21.71233738999336,21.810361862182617,21.614312917804096,21.810361862182617,40000,0.0,0.0
2023-10-02 00:00:00+08:00,21.908384582121485,21.908384582121485,21.32023966568753,21.6633243560791,113000,0.0,0.0
2023-10-03 00:00:00+08:00,21.66332438533307,21.761348849814627,21.46727545636996,21.61431121826172,40000,0.0,0.0
2023-10-04 00:00:00+08:00,21.761349083578423,21.761349083578423,21.418264389038086,21.418264389038086,35000,0.0,0.0
2023-10-05 00:00:00+08:00,21.41826432172418,21.467275619506836,21.320239856497704,21.467275619506836,37000,0.0,0.0
2023-10-06 00:00:00+08:00,21.467275716891862,21.516288884558026,21.32023995321571,21.369251251220703,27000,0.0,0.0
2023-10-11 00:00:00+08:00,21.27122905722095,21.369251655083485,20.879131187125964,21.026168823242188,19000,0.0,0.0
2023-10-12 00:00:00+08:00,21.026168922944613,21.026168922944613,20.781108687803822,20.928144454956055,30000,0.0,0.0
2023-10-13 00:00:00+08:00,20.928144555127673,20.928144555127673,20.830120086669922,20.830120086669922,24000,0.0,0.0
2023-10-16 00:00:00+08:00,20.78110878727166,20.928144555127673,20.683084318813908,20.830120086669922,24000,0.0,0.0
2023-10-17 00:00:00+08:00,20.830120288916664,20.879131588790795,20.634071350097656,20.634071350097656,59000,0.0,0.0
2023-10-18 00:00:00+08:00,20.683084866443316,20.683084866443316,20.192964380838788,20.34000015258789,93000,0.0,0.0
2023-10-19 00:00:00+08:00,20.34000043171208,20.34000043171208,20.094940185546875,20.094940185546875,50000,0.0,0.0
2023-10-20 00:00:00+08:00,19.99691390991211,19.99691390991211,19.7028423888965,19.99691390991211,23000,0.0,0.0
2023-10-23 00:00:00+08:00,20.094940185546875,20.34000043171208,20.094940185546875,20.094940185546875,31000,0.0,0.0
2023-10-24 00:00:00+08:00,20.143951312750936,20.241975784301758,20.094940011806166,20.241975784301758,9000,0.0,0.0
2023-10-25 00:00:00+08:00,20.192964450726716,20.34000022298471,20.192964450726716,20.29098892211914,40000,0.0,0.0
2023-10-26 00:00:00+08:00,20.192964483356988,20.241975784301758,20.143951312750936,20.241975784301758,39000,0.0,0.0
2023-10-27 00:00:00+08:00,20.192964553833008,20.29098902572595,20.192964553833008,20.192964553833008,13000,0.0,0.0
2023-10-30 00:00:00+08:00,20.634070187320276,20.634070187320276,19.94790267944336,19.94790267944336,33000,0.0,0.0
2023-10-31 00:00:00+08:00,19.94790267944336,20.290987368212388,19.89888951266999,19.94790267944336,13000,0.0,0.0
2023-11-01 00:00:00+08:00,19.94790434157026,20.143951416015625,19.94790434157026,20.143951416015625,18000,0.0,0.0
2023-11-02 00:00:00+08:00,19.996914005654215,20.143949766866005,19.898889541625977,19.898889541625977,100000,0.0,0.0
2023-11-03 00:00:00+08:00,19.898889675716106,19.898889675716106,19.702842615999693,19.800867080688477,37000,0.0,0.0
2023-11-06 00:00:00+08:00,19.80086694725888,20.045927172498907,19.80086694725888,19.898889541625977,28000,0.0,0.0
2023-11-07 00:00:00+08:00,19.898891240750192,20.094940185546875,19.898891240750192,20.094940185546875,23000,0.0,0.0
2023-11-08 00:00:00+08:00,20.438024694377134,20.487035995242707,19.996915507941868,20.29098892211914,66000,0.0,0.0
2023-11-09 00:00:00+08:00,20.29098892211914,20.585060466635127,20.192964450726716,20.29098892211914,42000,0.0,0.0
2023-11-10 00:00:00+08:00,20.192962808026106,20.192962808026106,19.99691388118987,20.045927047729492,44000,0.0,0.0
2023-11-13 00:00:00+08:00,20.04592881362359,20.143951416015625,19.99691564276628,20.143951416015625,30000,0.0,0.0
2023-11-14 00:00:00+08:00,20.2419741049046,20.2419741049046,20.045927047729492,20.045927047729492,32000,0.0,0.0
2023-11-15 00:00:00+08:00,20.094938373471024,20.094938373471024,19.94790261296322,19.99691390991211,48000,0.0,0.0
2023-11-16 00:00:00+08:00,19.84987821555776,19.99691397655559,19.84987821555776,19.94790267944336,53000,0.0,0.0
2023-11-17 00:00:00+08:00,19.89888941777175,20.192962808026106,19.849878120893255,20.045927047729492,95000,0.0,0.0
2023-11-20 00:00:00+08:00,19.947904411780012,20.094940185546875,19.947904411780012,20.094940185546875,76000,0.0,0.0
2023-11-21 00:00:00+08:00,20.192964042246757,20.634071350097656,20.143950872711383,20.634071350097656,139000,0.0,0.0
2023-11-22 00:00:00+08:00,20.634071350097656,20.781108989042536,20.58506005022353,20.634071350097656,69000,0.0,0.0
2023-11-23 00:00:00+08:00,20.73209568697911,20.87913145532283,20.58505991863539,20.781108856201172,94000,0.0,0.0
2023-11-24 00:00:00+08:00,20.97715565464971,21.46727612260723,20.781108589263425,21.026168823242188,293000,0.0,0.0
2023-11-27 00:00:00+08:00,21.07518025340695,21.32024048891168,20.879131317138672,20.879131317138672,92000,0.0,0.0
2023-11-28 00:00:00+08:00,20.879131317138672,21.173204721541083,20.781108718665756,20.879131317138672,102000,0.0,0.0
2023-11-29 00:00:00+08:00,20.928144486036352,20.97715578527281,20.830120017902214,20.879131317138672,92000,0.0,0.0
2023-11-30 00:00:00+08:00,21.075180222108287,21.075180222108287,20.879131286131166,20.928144454956055,113000,0.0,0.0
2023-12-01 00:00:00+08:00,20.97715565464971,21.026168823242188,20.879131187125964,21.026168823242188,37000,0.0,0.0
2023-12-04 00:00:00+08:00,21.026168425863414,21.41826441888687,21.026168425863414,21.369251251220703,98000,0.0,0.0
2023-12-05 00:00:00+08:00,21.222215554770283,21.369251318912198,21.02616849246812,21.320240020751953,71000,0.0,0.0
2023-12-06 00:00:00+08:00,21.320239991329647,21.516288923022437,21.124191059636857,23.133686065673828,75000,0.0,0.0
2023-12-07 00:00:00+08:00,21.320240020751953,21.516288952715293,21.320240020751953,21.320240020751953,48000,0.0,0.0
2023-12-08 00:00:00+08:00,21.320240020751953,21.369251318912198,20.92814402648645,21.320240020751953,74000,0.0,0.0
2023-12-11 00:00:00+08:00,21.17320432398959,21.41826455489303,20.87913092510875,21.271228790283203,87000,0.0,0.0
2023-12-12 00:00:00+08:00,21.075179723868406,21.369251251220703,20.977155258197246,21.369251251220703,36000,0.0,0.0
2023-12-13 00:00:00+08:00,21.369251251220703,21.810360411910327,21.222215487544556,21.369251251220703,81000,0.0,0.0
2023-12-14 00:00:00+08:00,21.32024008859942,21.56530031950286,21.026168559379762,21.271228790283203,83000,0.0,0.0
2023-12-15 00:00:00+08:00,21.27122908842747,21.27122908842747,20.928144386421632,20.977155685424805,135000,0.0,0.0
2023-12-18 00:00:00+08:00,20.977155754119725,21.22221598926052,20.781108687803822,20.928144454956055,111000,0.0,0.0
2023-12-19 00:00:00+08:00,20.830120288916664,20.92814475832617,20.58506005022353,20.634071350097656,117000,0.0,0.0
2023-12-20 00:00:00+08:00,20.63407121819622,21.026169093327784,20.63407121819622,20.781108856201172,89000,0.0,0.0
2023-12-21 00:00:00+08:00,20.781108687803822,20.977155754119725,20.781108687803822,20.928144454956055,18000,0.0,0.0
2023-12-22 00:00:00+08:00,20.977155955881614,20.977155955881614,20.585059949817342,20.73209571838379,107000,0.0,0.0
2023-12-25 00:00:00+08:00,20.73209578771401,20.78110895717422,20.63407131845483,20.68308448791504,48000,0.0,0.0
2023-12-26 00:00:00+08:00,20.781108856201172,20.977155924105723,20.58505991863539,20.781108856201172,78000,0.0,0.0
2023-12-27 00:00:00+08:00,20.781108687803822,20.928144454956055,20.781108687803822,20.928144454956055,51000,0.0,0.0
2023-12-28 00:00:00+08:00,20.781108856201172,20.87913145532283,20.63407121819622,20.781108856201172,48000,0.0,0.0
2023-12-29 00:00:00+08:00,20.781108856201172,21.026169093327784,20.73209568697911,20.781108856201172,76000,0.0,0.0
2024-01-02 00:00:00+08:00,20.781108718665756,20.928144486036352,20.68308425053162,20.879131317138672,102000,0.0,0.0
2024-01-03 00:00:00+08:00,20.928144624544892,20.928144624544892,20.73209568697911,20.781108856201172,55000,0.0,0.0
2024-01-04 00:00:00+08:00,20.68308451963303,20.781108989042536,20.536048750349398,20.634071350097656,89000,0.0,0.0
2024-01-05 00:00:00+08:00,20.68308451963303,20.781108989042536,20.58506005022353,20.634071350097656,43000,0.0,0.0
2024-01-08 00:00:00+08:00,20.63407124945241,20.73209571838379,20.63407124945241,20.73209571838379,48000,0.0,0.0
2024-01-09 00:00:00+08:00,20.732096095730356,20.732096095730356,20.192964311286854,20.38901138305664,144000,0.0,0.0
2024-01-10 00:00:00+08:00,20.29098885189195,20.585060395390155,20.29098885189195,20.34000015258789,31000,0.0,0.0
2024-01-11 00:00:00+08:00,20.339999980835252,20.683084691793642,20.339999980835252,20.487035751342773,93000,0.0,0.0
2024-01-12 00:00:00+08:00,20.340000050313755,20.6340715923333,20.340000050313755,20.438024520874023,81000,0.0,0.0
2024-01-15 00:00:00+08:00,20.53604902396057,20.5850603244877,20.29098878200238,20.38901138305664,68000,0.0,0.0
2024-01-16 00:00:00+08:00,20.34000015258789,20.389011453283832,20.34000015258789,20.34000015258789,55000,0.0,0.0
2024-01-17 00:00:00+08:00,20.3890116279576,20.3890116279576,20.143951383055892,20.192964553833008,35000,0.0,0.0
2024-01-18 00:00:00+08:00,20.192964380838788,20.389011453283832,20.192964380838788,20.34000015258789,18000,0.0,0.0
2024-01-19 00:00:00+08:00,20.487035751342773,20.585060221568206,20.38901128111734,20.487035751342773,30000,0.0,0.0
2024-01-22 00:00:00+08:00,20.38901128111734,20.585060221568206,20.38901128111734,20.487035751342773,44000,0.0,0.0
2024-01-23 00:00:00+08:00,20.438023984674466,21.124191521271957,20.438023984674466,20.928144454956055,149000,0.0,0.0
2024-01-24 00:00:00+08:00,20.781108521756195,21.124191352482995,20.781108521756195,21.075180053710938,100000,0.0,0.0
2024-01-25 00:00:00+08:00,20.928144287733566,21.075180053710938,20.830119820528253,21.075180053710938,39000,0.0,0.0
2024-01-26 00:00:00+08:00,20.928144486036352,21.124191552643406,20.879131317138672,20.879131317138672,93000,0.0,0.0
2024-01-29 00:00:00+08:00,20.830119986967492,21.075180222108287,20.781108687803822,20.928144454956055,58000,0.0,0.0
2024-01-30 00:00:00+08:00,21.026168922944613,21.026168922944613,20.928144454956055,20.928144454956055,30000,0.0,0.0
2024-01-31 00:00:00+08:00,20.928144486036352,20.928144486036352,20.879131317138672,20.879131317138672,47000,0.0,0.0
2024-02-01 00:00:00+08:00,20.781108718665756,20.928144486036352,20.63407108163394,20.879131317138672,82000,0.0,0.0
2024-02-02 00:00:00+08:00,20.879131317138672,20.928144486036352,20.68308425053162,20.879131317138672,81000,0.0,0.0
2024-02-05 00:00:00+08:00,20.73209571838379,20.781108887680094,20.68308441874872,20.73209571838379,34000,0.0,0.0
2024-02-15 00:00:00+08:00,20.928144624544892,21.173204861671504,20.73209568697911,20.781108856201172,65000,0.0,0.0
2024-02-16 00:00:00+08:00,20.781108262344535,21.418264486733623,20.63407062854144,21.320240020751953,218000,0.0,0.0
2024-02-19 00:00:00+08:00,21.51628951762794,22.545541763305664,21.51628951762794,22.545541763305664,297000,0.0,0.0
2024-02-20 00:00:00+08:00,22.83961319817307,23.13368660253681,22.496530364240538,22.643566131591797,303000,0.0,0.0
2024-02-21 00:00:00+08:00,22.692577164689528,23.13368633123132,22.643565866034304,22.888626098632812,404000,0.0,0.0
2024-02-22 00:00:00+08:00,23.182697560971583,23.182697560971583,22.741590265402262,22.937637329101562,162000,0.0,0.0
2024-02-23 00:00:00+08:00,23.035662134415563,23.084673433645577,22.447517195349306,22.643566131591797,217000,0.0,0.0
2024-02-26 00:00:00+08:00,22.741591150829034,22.790602451246777,22.153446197509766,22.153446197509766,223000,0.0,0.0
2024-02-27 00:00:00+08:00,22.153444808163872,22.20245610550789,21.516288594385898,21.6633243560791,176000,0.0,0.0
2024-02-29 00:00:00+08:00,21.663326018569077,21.859373092651367,21.369252602953704,21.859373092651367,105000,0.0,0.0
2024-03-01 00:00:00+08:00,21.859372989528147,22.055421932346853,21.66332591637072,21.9573974609375,112000,0.0,0.0
2024-03-04 00:00:00+08:00,21.957395782537027,22.104431543581153,21.71233555757643,21.761348724365234,186000,0.0,0.0
2024-03-05 00:00:00+08:00,21.71233738999336,21.859373163446598,21.663326088729377,21.810361862182617,81000,0.0,0.0
2024-03-06 00:00:00+08:00,21.90838451464238,21.90838451464238,21.56529982530753,21.71233558654785,164000,0.0,0.0
2024-03-07 00:00:00+08:00,21.8593716794518,21.90838484704966,21.1732041600323,21.418264389038086,281000,0.0,0.0
2024-03-08 00:00:00+08:00,21.4182650277552,21.516289496212952,20.63407114975442,20.830120086669922,187000,0.0,0.0
2024-03-11 00:00:00+08:00,20.68308441874872,20.879131486950236,20.68308441874872,20.73209571838379,58000,0.0,0.0
2024-03-12 00:00:00+08:00,20.634070284904393,21.85937141511632,20.634070284904393,21.6633243560791,167000,0.0,0.0
2024-03-13 00:00:00+08:00,21.81036092753067,21.81036092753067,20.73209551897893,20.928144454956055,147000,0.0,0.0
2024-03-14 00:00:00+08:00,20.781108989042536,20.92814475832617,20.634071350097656,20.634071350097656,100000,0.0,0.0
2024-03-15 00:00:00+08:00,20.53604902396057,20.53604902396057,20.38901138305664,20.38901138305664,34000,0.0,0.0
2024-03-18 00:00:00+08:00,20.38901138305664,20.38901138305664,20.38901138305664,20.38901138305664,0,0.0,0.0
2024-03-19 00:00:00+08:00,20.3890116279576,20.438024798734716,20.192964553833008,20.192964553833008,56000,0.0,0.0
2024-03-20 00:00:00+08:00,20.192964553833008,20.192964553833008,20.192964553833008,20.192964553833008,0,0.0,0.0
2024-03-21 00:00:00+08:00,19.80086694725888,20.045927172498907,19.751853780414187,19.898889541625977,61000,0.0,0.0
2024-03-22 00:00:00+08:00,19.80086691844553,19.94790267944336,19.80086691844553,19.94790267944336,59000,0.0,0.0
2024-03-25 00:00:00+08:00,19.996914005654215,20.143949766866005,19.80086694725888,19.898889541625977,149000,0.0,0.0
2024-03-26 00:00:00+08:00,19.898889541625977,19.898889541625977,19.898889541625977,19.898889541625977,0,0.0,0.0
2024-03-27 00:00:00+08:00,20.04592714332896,20.04592714332896,19.84987821555776,19.94790267944336,42000,0.0,0.0
2024-03-28 00:00:00+08:00,20.094938373471024,20.19296283702994,19.94790261296322,19.99691390991211,55000,0.0,0.0
2024-03-29 00:00:00+08:00,20.045928884178355,20.094940185546875,20.045928884178355,20.094940185546875,20000,0.0,0.0
2024-04-01 00:00:00+08:00,20.094938605093677,20.143949902607492,19.800867080688477,19.800867080688477,94000,0.0,0.0
2024-04-02 00:00:00+08:00,19.849878641960178,19.849878641960178,19.408769479829925,19.55580711364746,609000,0.0,0.0
2024-04-03 00:00:00+08:00,19.555807512464483,19.60481881162907,19.114698341338343,19.16370964050293,233000,0.0,0.0
2024-04-08 00:00:00+08:00,19.21272350603411,19.408770579462868,18.526554074880245,18.5755672454834,712000,0.0,0.0
2024-04-09 00:00:00+08:00,18.771613378899644,19.653829839304155,18.771613378899644,19.408769607543945,294000,0.0,0.0
2024-04-10 00:00:00+08:00,19.457782775692703,19.555807242329024,19.26173384242006,19.408769607543945,57000,0.0,0.0
2024-04-11 00:00:00+08:00,19.457782775692703,19.70284300745291,19.310747010568818,19.408769607543945,121000,0.0,0.0
2024-04-12 00:00:00+08:00,19.45778291276615,19.45778291276615,19.163709510785537,19.310747146606445,219000,0.0,0.0
2024-04-15 00:00:00+08:00,19.16370981020508,19.212722979464914,18.820626973692413,19.016674041748047,192000,0.0,0.0
2024-04-16 00:00:00+08:00,18.96766311883633,18.96766311883633,18.526553935043818,18.6735897064209,185000,0.0,0.0
2024-04-17 00:00:00+08:00,18.72260267321378,19.01667421277255,18.72260267321378,18.869638442993164,47000,0.0,0.0
2024-04-18 00:00:00+08:00,18.869638273291013,19.16370981020508,18.869638273291013,19.016674041748047,34000,0.0,0.0
2024-04-19 00:00:00+08:00,18.967662842982303,19.212723081600522,18.820627073743623,18.918649673461914,74000,0.0,0.0
2024-04-22 00:00:00+08:00,18.96766298284732,19.40877029381603,18.771614042642607,18.820627212524414,68000,0.0,0.0
2024-04-23 00:00:00+08:00,19.114698612220987,19.114698612220987,18.918649673461914,18.918649673461914,31000,0.0,0.0
2024-04-24 00:00:00+08:00,19.065687312361842,19.114698612220987,18.722602604364088,18.918649673461914,98000,0.0,0.0
2024-04-25 00:00:00+08:00,18.918649673461914,19.065687312361842,18.86963837360277,18.918649673461914,50000,0.0,0.0
2024-04-26 00:00:00+08:00,18.918650091399044,18.9676632620022,18.379518302393354,18.5755672454834,570000,0.0,0.0
2024-04-29 00:00:00+08:00,18.624578579384508,18.722603051103,18.036433618734844,18.526554107666016,946000,0.0,0.0
2024-04-30 00:00:00+08:00,18.771613973253157,18.869638442993164,18.67358950351315,18.869638442993164,108000,0.0,0.0
2024-05-02 00:00:00+08:00,19.016673744625834,19.50679421159898,19.016673744625834,19.310747146606445,213000,0.0,0.0
2024-05-03 00:00:00+08:00,19.408769675734955,19.457782844055917,19.31074707841543,19.359758377075195,97000,0.0,0.0
2024-05-06 00:00:00+08:00,19.45778248431192,19.751854010155963,19.408769316897136,19.702842712402344,141000,0.0,0.0
2024-05-07 00:00:00+08:00,19.849878772576798,19.94790323921312,19.16370937578374,19.408769607543945,116000,0.0,0.0
2024-05-08 00:00:00+08:00,19.45778267758962,19.702842908114274,19.45778267758962,19.506793975830078,69000,0.0,0.0
2024-05-09 00:00:00+08:00,19.604818540816588,19.604818540816588,19.408769607543945,19.408769607543945,34000,0.0,0.0
2024-05-10 00:00:00+08:00,19.261734008789062,19.40876977518294,19.11469824239519,19.261734008789062,158000,0.0,0.0
2024-05-13 00:00:00+08:00,19.31074717736116,19.80086764511488,19.11469824239519,19.261734008789062,282000,0.0,0.0
2024-05-14 00:00:00+08:00,19.261733910094474,19.555807311036638,19.261733910094474,19.359758377075195,58000,0.0,0.0
2024-05-15 00:00:00+08:00,19.408769346125492,19.800867207389576,19.408769346125492,19.65382957458496,154000,0.0,0.0
2024-05-16 00:00:00+08:00,19.751853846799527,19.9969140728632,19.751853846799527,19.849878311157227,100000,0.0,0.0
2024-05-17 00:00:00+08:00,20.143949932547862,20.143949932547862,19.70284264528443,19.751853942871094,65000,0.0,0.0
2024-05-20 00:00:00+08:00,20.045927172498907,20.094938469682457,19.751853780414187,19.898889541625977,51000,0.0,0.0
2024-05-21 00:00:00+08:00,19.849878475324367,19.849878475324367,19.702842712402344,19.702842712402344,61000,0.0,0.0
2024-05-22 00:00:00+08:00,19.751853846799527,19.9969140728632,19.65382938244183,19.849878311157227,106000,0.0,0.0
2024-05-23 00:00:00+08:00,20.094938802719117,20.094938802719117,19.55580704612039,19.60481834411621,112000,0.0,0.0
2024-05-24 00:00:00+08:00,19.604818441972178,19.604818441972178,19.408769509687982,19.506793975830078,87000,0.0,0.0
2024-05-27 00:00:00+08:00,19.653829740212633,19.653829740212633,19.45778267758962,19.506793975830078,90000,0.0,0.0
2024-05-28 00:00:00+08:00,19.50679371561547,19.751853942871094,19.50679371561547,19.751853942871094,63000,0.0,0.0
2024-05-29 00:00:00+08:00,19.702842549451255,20.094938537220894,19.702842549451255,19.849878311157227,90000,0.0,0.0
2024-05-30 00:00:00+08:00,19.849878505217003,19.849878505217003,19.604818276757534,19.65382957458496,156000,0.0,0.0
2024-05-31 00:00:00+08:00,19.702842742073557,19.89888980304443,19.65382957458496,19.65382957458496,54000,0.0,0.0
2024-06-03 00:00:00+08:00,19.653829544987563,19.800867177570748,19.55580694948032,19.702842712402344,106000,0.0,0.0
2024-06-04 00:00:00+08:00,19.751853846799527,20.585058989348234,19.457782323387583,19.849878311157227,328000,0.0,0.0
2024-06-05 00:00:00+08:00,19.849878475324367,19.947902940492767,19.653829544987563,19.702842712402344,88000,0.0,0.0
2024-06-06 00:00:00+08:00,19.751853942871094,19.80086711011891,19.653829478036613,19.751853942871094,122000,0.0,0.0
2024-06-07 00:00:00+08:00,19.751853780414187,20.045927172498907,19.751853780414187,19.898889541625977,100000,0.0,0.0
2024-06-11 00:00:00+08:00,20.241975888068957,20.241975888068957,20.04592881362359,20.143951416015625,194000,0.0,0.0
2024-06-12 00:00:00+08:00,20.143951486915395,20.192964657945218,20.045928884178355,20.094940185546875,114000,0.0,0.0
2024-06-13 00:00:00+08:00,20.094938344607986,20.389009865201214,20.045927047729492,20.045927047729492,93000,0.0,0.0
2024-06-14 00:00:00+08:00,20.045928678468723,20.389011523850282,19.70284396342588,20.29098892211914,198000,0.0,0.0
2024-06-17 00:00:00+08:00,20.3890116279576,20.3890116279576,20.094940081940067,20.192964553833008,70000,0.0,0.0
2024-06-18 00:00:00+08:00,20.19296458687294,20.389011661318303,20.143951416015625,20.143951416015625,85000,0.0,0.0
2024-06-19 00:00:00+08:00,20.192962808026106,20.2419741049046,20.045927047729492,20.045927047729492,55000,0.0,0.0
2024-06-20 00:00:00+08:00,19.99691397655559,19.99691397655559,19.89888951266999,19.94790267944336,81000,0.0,0.0
2024-06-21 00:00:00+08:00,19.996914005654215,19.996914005654215,19.898889541625977,19.898889541625977,58000,0.0,0.0
2024-06-24 00:00:00+08:00,19.8988896085055,20.094938537220894,19.849878311157227,19.849878311157227,74000,0.0,0.0
2024-06-25 00:00:00+08:00,19.751853846799527,19.947902775514923,19.751853846799527,19.849878311157227,43000,0.0,0.0
2024-06-26 00:00:00+08:00,19.849878407705575,19.947902872540055,19.60481818044995,19.751853942871094,143000,0.0,0.0
2024-06-27 00:00:00+08:00,19.898889541625977,19.947902708470668,19.849878244442426,19.898889541625977,31000,0.0,0.0
2024-06-28 00:00:00+08:00,19.849878244442426,20.045927172498907,19.849878244442426,19.898889541625977,58000,0.0,0.0
2024-07-01 00:00:00+08:00,20.094940081940067,20.340000326841775,20.04592878082424,20.192964553833008,134000,0.0,0.0
2024-07-02 00:00:00+08:00,20.241975888068957,20.241975888068957,20.04592881362359,20.143951416015625,66000,0.0,0.0
2024-07-03 00:00:00+08:00,20.192964380838788,20.487035924336993,20.192964380838788,20.34000015258789,233000,0.0,0.0
2024-07-04 00:00:00+08:00,21.200000762939453,21.200000762939453,20.700000762939453,20.75,344000,0.41,0.0
2024-07-05 00:00:00+08:00,20.799999237060547,21.450000762939453,20.799999237060547,21.450000762939453,269000,0.0,0.0
2024-07-08 00:00:00+08:00,21.75,22.0,21.25,21.299999237060547,349000,0.0,0.0
2024-07-09 00:00:00+08:00,21.399999618530273,21.950000762939453,21.149999618530273,21.350000381469727,387000,0.0,0.0
2024-07-10 00:00:00+08:00,21.5,23.399999618530273,21.399999618530273,22.700000762939453,1729000,0.0,0.0
2024-07-11 00:00:00+08:00,22.899999618530273,23.850000381469727,22.700000762939453,22.850000381469727,1191000,0.0,0.0
2024-07-12 00:00:00+08:00,22.950000762939453,23.399999618530273,22.649999618530273,23.0,658000,0.0,0.0
2024-07-15 00:00:00+08:00,23.100000381469727,23.100000381469727,22.350000381469727,22.649999618530273,479000,0.0,0.0
2024-07-16 00:00:00+08:00,22.700000762939453,23.100000381469727,22.600000381469727,22.649999618530273,246000,0.0,0.0
2024-07-17 00:00:00+08:00,22.850000381469727,23.25,22.75,22.850000381469727,403000,0.0,0.0
2024-07-18 00:00:00+08:00,23.25,23.350000381469727,22.850000381469727,23.100000381469727,644000,0.0,0.0
2024-07-19 00:00:00+08:00,23.25,23.399999618530273,22.700000762939453,22.850000381469727,513000,0.0,0.0
2024-07-22 00:00:00+08:00,23.25,23.299999237060547,21.450000762939453,22.299999237060547,606000,0.0,0.0
2024-07-23 00:00:00+08:00,22.399999618530273,22.799999237060547,22.049999237060547,22.049999237060547,270000,0.0,0.0
2024-07-26 00:00:00+08:00,21.549999237060547,22.0,21.149999618530273,21.799999237060547,226000,0.0,0.0
2024-07-29 00:00:00+08:00,22.149999618530273,22.5,21.899999618530273,22.0,176000,0.0,0.0
2024-07-30 00:00:00+08:00,22.25,22.25,21.600000381469727,22.149999618530273,193000,0.0,0.0
2024-07-31 00:00:00+08:00,22.100000381469727,22.350000381469727,22.0,22.100000381469727,276000,0.0,0.0
2024-08-01 00:00:00+08:00,22.5,22.549999237060547,22.149999618530273,22.350000381469727,234000,0.0,0.0
2024-08-02 00:00:00+08:00,22.149999618530273,22.25,21.5,21.549999237060547,378000,0.0,0.0
2024-08-05 00:00:00+08:00,20.850000381469727,21.0,19.399999618530273,19.399999618530273,478000,0.0,0.0
2024-08-06 00:00:00+08:00,19.5,19.950000762939453,18.5,19.899999618530273,335000,0.0,0.0
2024-08-07 00:00:00+08:00,19.899999618530273,20.75,19.799999237060547,20.700000762939453,146000,0.0,0.0
2024-08-08 00:00:00+08:00,20.700000762939453,21.5,20.5,20.899999618530273,330000,0.0,0.0
2024-08-09 00:00:00+08:00,21.100000381469727,21.600000381469727,21.049999237060547,21.299999237060547,172000,0.0,0.0
2024-08-12 00:00:00+08:00,21.600000381469727,22.25,21.299999237060547,21.299999237060547,366000,0.0,0.0
2024-08-13 00:00:00+08:00,21.200000762939453,21.799999237060547,21.200000762939453,21.549999237060547,252000,0.0,0.0
2024-08-14 00:00:00+08:00,21.950000762939453,22.0,21.649999618530273,21.649999618530273,189000,0.0,0.0
2024-08-15 00:00:00+08:00,21.649999618530273,21.950000762939453,21.549999237060547,21.899999618530273,206000,0.0,0.0
2024-08-16 00:00:00+08:00,22.049999237060547,23.100000381469727,22.049999237060547,22.600000381469727,784000,0.0,0.0
2024-08-19 00:00:00+08:00,23.0,23.0,22.549999237060547,22.799999237060547,320000,0.0,0.0
2024-08-20 00:00:00+08:00,22.799999237060547,22.850000381469727,22.549999237060547,22.700000762939453,193000,0.0,0.0
2024-08-21 00:00:00+08:00,22.899999618530273,22.899999618530273,22.5,22.899999618530273,277000,0.0,0.0
2024-08-22 00:00:00+08:00,22.899999618530273,23.600000381469727,22.600000381469727,22.700000762939453,546000,0.0,0.0
2024-08-23 00:00:00+08:00,22.549999237060547,23.100000381469727,22.399999618530273,22.799999237060547,399000,0.0,0.0
2024-08-26 00:00:00+08:00,23.25,23.600000381469727,23.100000381469727,23.350000381469727,525000,0.0,0.0
2024-08-27 00:00:00+08:00,23.75,23.799999237060547,23.299999237060547,23.350000381469727,499000,0.0,0.0
2024-08-28 00:00:00+08:00,23.549999237060547,23.600000381469727,23.25,23.450000762939453,167000,0.0,0.0
2024-08-29 00:00:00+08:00,23.600000381469727,24.0,23.299999237060547,23.950000762939453,679000,0.0,0.0
2024-08-30 00:00:00+08:00,24.149999618530273,24.899999618530273,23.950000762939453,24.0,1003000,0.0,0.0
2024-09-02 00:00:00+08:00,24.799999237060547,24.799999237060547,24.0,24.25,487000,0.0,0.0
2024-09-03 00:00:00+08:00,24.5,24.600000381469727,24.25,24.450000762939453,356000,0.0,0.0
2024-09-04 00:00:00+08:00,23.25,23.899999618530273,22.850000381469727,23.450000762939453,435000,0.0,0.0
2024-09-05 00:00:00+08:00,23.5,23.899999618530273,23.0,23.0,308000,0.0,0.0
2024-09-06 00:00:00+08:00,23.0,23.0,22.25,22.25,578000,0.0,0.0
2024-09-09 00:00:00+08:00,21.350000381469727,22.799999237060547,21.350000381469727,22.75,290000,0.0,0.0
2024-09-10 00:00:00+08:00,22.75,23.149999618530273,22.75,23.100000381469727,255000,0.0,0.0
2024-09-11 00:00:00+08:00,24.149999618530273,24.25,23.5,23.850000381469727,789000,0.0,0.0
2024-09-12 00:00:00+08:00,24.100000381469727,24.299999237060547,24.0,24.100000381469727,611000,0.0,0.0
2024-09-13 00:00:00+08:00,24.100000381469727,24.649999618530273,24.100000381469727,24.600000381469727,899000,0.0,0.0
2024-09-16 00:00:00+08:00,25.100000381469727,25.899999618530273,24.799999237060547,25.799999237060547,1655000,0.0,0.0
2024-09-18 00:00:00+08:00,25.850000381469727,27.299999237060547,25.549999237060547,25.600000381469727,2885000,0.0,0.0
2024-09-19 00:00:00+08:00,25.5,26.149999618530273,25.149999618530273,25.899999618530273,958000,0.0,0.0
2024-09-20 00:00:00+08:00,25.950000762939453,26.149999618530273,25.649999618530273,25.850000381469727,1012000,0.0,0.0
2024-09-23 00:00:00+08:00,25.950000762939453,28.399999618530273,25.950000762939453,28.399999618530273,6290000,0.0,0.0
2024-09-24 00:00:00+08:00,28.25,28.75,26.5,26.549999237060547,4917000,0.0,0.0
2024-09-25 00:00:00+08:00,26.700000762939453,27.299999237060547,26.399999618530273,26.649999618530273,1807000,0.0,0.0
2024-09-26 00:00:00+08:00,27.200000762939453,28.5,27.200000762939453,27.950000762939453,6738000,0.0,0.0
2024-09-27 00:00:00+08:00,28.100000381469727,28.5,27.299999237060547,28.149999618530273,5396000,0.0,0.0
2024-09-30 00:00:00+08:00,27.899999618530273,27.899999618530273,25.850000381469727,26.5,2493000,0.0,0.0
2024-10-01 00:00:00+08:00,26.100000381469727,26.450000762939453,25.799999237060547,26.350000381469727,1351000,0.0,0.0
2024-10-04 00:00:00+08:00,26.299999237060547,26.5,25.899999618530273,25.950000762939453,634000,0.0,0.0
2024-10-07 00:00:00+08:00,25.950000762939453,26.75,25.799999237060547,26.149999618530273,2416000,0.0,0.0
2024-10-08 00:00:00+08:00,26.049999237060547,26.149999618530273,25.75,25.950000762939453,565000,0.0,0.0
2024-10-09 00:00:00+08:00,26.100000381469727,26.200000762939453,24.799999237060547,24.799999237060547,1788000,0.0,0.0
2024-10-11 00:00:00+08:00,24.450000762939453,25.100000381469727,24.299999237060547,24.399999618530273,872000,0.0,0.0
2024-10-14 00:00:00+08:00,24.25,24.950000762939453,23.899999618530273,24.649999618530273,968000,0.0,0.0
2024-10-15 00:00:00+08:00,24.75,25.799999237060547,24.75,25.350000381469727,838000,0.0,0.0
2024-10-16 00:00:00+08:00,25.049999237060547,25.399999618530273,25.049999237060547,25.200000762939453,271000,0.0,0.0
2024-10-17 00:00:00+08:00,25.399999618530273,25.649999618530273,25.200000762939453,25.25,324000,0.0,0.0
2024-10-18 00:00:00+08:00,25.549999237060547,25.549999237060547,24.600000381469727,24.600000381469727,421000,0.0,0.0
2024-10-21 00:00:00+08:00,24.600000381469727,24.75,24.200000762939453,24.549999237060547,558000,0.0,0.0
2024-10-22 00:00:00+08:00,24.600000381469727,24.75,24.299999237060547,24.450000762939453,282000,0.0,0.0
2024-10-23 00:00:00+08:00,24.200000762939453,25.149999618530273,24.149999618530273,24.549999237060547,617000,0.0,0.0
2024-10-24 00:00:00+08:00,24.549999237060547,25.100000381469727,24.399999618530273,24.799999237060547,729000,0.0,0.0
2024-10-25 00:00:00+08:00,25.149999618530273,25.450000762939453,24.950000762939453,24.950000762939453,407000,0.0,0.0
2024-10-28 00:00:00+08:00,25.0,25.299999237060547,24.350000381469727,24.549999237060547,713000,0.0,0.0
2024-10-29 00:00:00+08:00,24.5,24.600000381469727,24.200000762939453,24.25,393000,0.0,0.0
2024-10-30 00:00:00+08:00,24.299999237060547,24.350000381469727,23.950000762939453,24.0,365000,0.0,0.0
2024-11-01 00:00:00+08:00,23.700000762939453,23.950000762939453,23.350000381469727,23.850000381469727,438000,0.0,0.0
2024-11-04 00:00:00+08:00,23.75,23.850000381469727,23.25,23.299999237060547,518000,0.0,0.0
2024-11-05 00:00:00+08:00,23.299999237060547,23.649999618530273,23.200000762939453,23.200000762939453,273000,0.0,0.0
2024-11-06 00:00:00+08:00,23.200000762939453,23.399999618530273,22.950000762939453,23.0,441000,0.0,0.0
2024-11-07 00:00:00+08:00,23.200000762939453,23.600000381469727,23.100000381469727,23.600000381469727,321000,0.0,0.0
2024-11-08 00:00:00+08:00,23.75,23.950000762939453,23.299999237060547,23.850000381469727,470000,0.0,0.0
2024-11-11 00:00:00+08:00,25.5,26.200000762939453,24.649999618530273,26.200000762939453,2604000,0.0,0.0
2024-11-12 00:00:00+08:00,26.100000381469727,26.799999237060547,25.450000762939453,26.350000381469727,3975000,0.0,0.0
2024-11-13 00:00:00+08:00,26.450000762939453,26.5,25.5,26.200000762939453,1497000,0.0,0.0
2024-11-14 00:00:00+08:00,26.700000762939453,27.850000381469727,26.200000762939453,26.549999237060547,3627000,0.0,0.0
2024-11-15 00:00:00+08:00,26.700000762939453,27.25,26.299999237060547,27.149999618530273,1829000,0.0,0.0
2024-11-18 00:00:00+08:00,27.0,27.0,25.700000762939453,25.700000762939453,1939000,0.0,0.0
2024-11-19 00:00:00+08:00,25.75,26.549999237060547,25.700000762939453,26.0,1049000,0.0,0.0
2024-11-20 00:00:00+08:00,26.299999237060547,26.5,25.850000381469727,26.100000381469727,937937,0.0,0.0
2024-11-21 00:00:00+08:00,26.0,26.149999618530273,25.549999237060547,25.799999237060547,576000,0.0,0.0
2024-11-22 00:00:00+08:00,26.0,27.049999237060547,26.0,26.350000381469727,1498000,0.0,0.0
2024-11-25 00:00:00+08:00,26.350000381469727,28.399999618530273,26.350000381469727,28.399999618530273,2246000,0.0,0.0
2024-11-26 00:00:00+08:00,28.200000762939453,28.200000762939453,27.100000381469727,27.450000762939453,1863000,0.0,0.0
2024-11-27 00:00:00+08:00,27.600000381469727,27.649999618530273,26.350000381469727,26.350000381469727,1320000,0.0,0.0
2024-11-28 00:00:00+08:00,26.600000381469727,26.600000381469727,25.399999618530273,26.149999618530273,1055000,0.0,0.0
2024-11-29 00:00:00+08:00,25.899999618530273,27.75,25.899999618530273,27.25,1684000,0.0,0.0
2024-12-02 00:00:00+08:00,27.549999237060547,28.25,27.200000762939453,27.200000762939453,1108000,0.0,0.0
2024-12-03 00:00:00+08:00,27.399999618530273,27.75,26.649999618530273,26.649999618530273,826000,0.0,0.0
2024-12-04 00:00:00+08:00,26.950000762939453,27.950000762939453,26.75,27.600000381469727,1225000,0.0,0.0
2024-12-05 00:00:00+08:00,28.0,28.200000762939453,27.399999618530273,27.850000381469727,1687000,0.0,0.0
2024-12-06 00:00:00+08:00,28.100000381469727,28.649999618530273,26.850000381469727,26.850000381469727,2517000,0.0,0.0
2024-12-09 00:00:00+08:00,27.049999237060547,27.049999237060547,25.899999618530273,26.649999618530273,1351000,0.0,0.0
2024-12-10 00:00:00+08:00,26.200000762939453,27.200000762939453,26.149999618530273,26.700000762939453,714000,0.0,0.0
2024-12-11 00:00:00+08:00,26.25,27.0,26.200000762939453,26.350000381469727,584000,0.0,0.0
2024-12-12 00:00:00+08:00,26.549999237060547,26.700000762939453,26.100000381469727,26.100000381469727,444000,0.0,0.0
2024-12-13 00:00:00+08:00,26.100000381469727,26.850000381469727,26.0,26.549999237060547,860000,0.0,0.0
2024-12-16 00:00:00+08:00,26.899999618530273,26.950000762939453,25.299999237060547,25.299999237060547,1070000,0.0,0.0
2024-12-17 00:00:00+08:00,25.450000762939453,25.899999618530273,25.149999618530273,25.149999618530273,450000,0.0,0.0
2024-12-18 00:00:00+08:00,25.299999237060547,25.299999237060547,24.799999237060547,24.850000381469727,496000,0.0,0.0
2024-12-19 00:00:00+08:00,24.700000762939453,25.100000381469727,24.299999237060547,24.899999618530273,315000,0.0,0.0
2024-12-20 00:00:00+08:00,24.899999618530273,25.299999237060547,24.75,24.850000381469727,251000,0.0,0.0
2024-12-23 00:00:00+08:00,25.100000381469727,25.450000762939453,25.100000381469727,25.100000381469727,112000,0.0,0.0
2024-12-24 00:00:00+08:00,25.149999618530273,25.25,24.850000381469727,24.850000381469727,365000,0.0,0.0
2024-12-25 00:00:00+08:00,25.0,25.350000381469727,24.950000762939453,25.149999618530273,171000,0.0,0.0
2024-12-26 00:00:00+08:00,25.299999237060547,25.799999237060547,25.149999618530273,25.299999237060547,177000,0.0,0.0
2024-12-27 00:00:00+08:00,25.299999237060547,25.5,25.049999237060547,25.100000381469727,151000,0.0,0.0
2024-12-30 00:00:00+08:00,24.950000762939453,24.950000762939453,24.5,24.600000381469727,333000,0.0,0.0
2024-12-31 00:00:00+08:00,24.600000381469727,24.75,24.25,24.700000762939453,239000,0.0,0.0
2025-01-02 00:00:00+08:00,24.450000762939453,24.850000381469727,24.399999618530273,24.850000381469727,148000,0.0,0.0
2025-01-03 00:00:00+08:00,24.799999237060547,25.25,23.149999618530273,23.5,1043000,0.0,0.0
2025-01-06 00:00:00+08:00,23.649999618530273,24.700000762939453,23.649999618530273,24.350000381469727,467000,0.0,0.0
2025-01-07 00:00:00+08:00,24.5,24.5,24.0,24.0,203000,0.0,0.0
2025-01-08 00:00:00+08:00,23.799999237060547,24.600000381469727,23.799999237060547,24.5,304000,0.0,0.0
2025-01-09 00:00:00+08:00,24.799999237060547,24.850000381469727,24.049999237060547,24.200000762939453,355000,0.0,0.0
2025-01-10 00:00:00+08:00,24.200000762939453,24.600000381469727,24.049999237060547,24.200000762939453,127000,0.0,0.0
2025-01-13 00:00:00+08:00,23.5,23.5,22.75,23.0,495000,0.0,0.0
2025-01-14 00:00:00+08:00,22.899999618530273,23.200000762939453,22.700000762939453,23.100000381469727,204000,0.0,0.0
2025-01-15 00:00:00+08:00,23.100000381469727,23.299999237060547,23.100000381469727,23.200000762939453,152000,0.0,0.0
2025-01-16 00:00:00+08:00,23.399999618530273,23.600000381469727,23.299999237060547,23.549999237060547,120000,0.0,0.0
2025-01-17 00:00:00+08:00,23.700000762939453,23.700000762939453,23.100000381469727,23.149999618530273,105000,0.0,0.0
2025-01-20 00:00:00+08:00,23.399999618530273,23.399999618530273,22.950000762939453,23.149999618530273,152000,0.0,0.0
2025-01-21 00:00:00+08:00,23.149999618530273,23.399999618530273,23.149999618530273,23.350000381469727,90000,0.0,0.0
2025-01-22 00:00:00+08:00,23.5,23.700000762939453,23.299999237060547,23.5,250000,0.0,0.0
2025-02-03 00:00:00+08:00,22.799999237060547,22.899999618530273,22.25,22.75,204000,0.0,0.0
2025-02-04 00:00:00+08:00,23.200000762939453,23.299999237060547,22.700000762939453,23.049999237060547,246046,0.0,0.0
2025-02-05 00:00:00+08:00,23.299999237060547,23.549999237060547,23.049999237060547,23.149999618530273,235077,0.0,0.0
2025-02-06 00:00:00+08:00,23.100000381469727,23.549999237060547,23.100000381469727,23.549999237060547,157000,0.0,0.0
2025-02-07 00:00:00+08:00,23.450000762939453,23.649999618530273,23.299999237060547,23.549999237060547,284000,0.0,0.0
2025-02-10 00:00:00+08:00,23.299999237060547,23.850000381469727,23.25,23.799999237060547,159588,0.0,0.0
2025-02-11 00:00:00+08:00,23.75,23.75,23.200000762939453,23.549999237060547,457100,0.0,0.0
2025-02-12 00:00:00+08:00,23.549999237060547,24.200000762939453,23.549999237060547,23.899999618530273,453001,0.0,0.0
2025-02-13 00:00:00+08:00,23.850000381469727,23.950000762939453,23.700000762939453,23.799999237060547,126319,0.0,0.0
2025-02-14 00:00:00+08:00,23.899999618530273,23.950000762939453,23.350000381469727,23.549999237060547,194000,0.0,0.0
2025-02-17 00:00:00+08:00,23.600000381469727,23.649999618530273,23.350000381469727,23.399999618530273,306243,0.0,0.0
2025-02-18 00:00:00+08:00,23.399999618530273,23.649999618530273,23.299999237060547,23.600000381469727,227046,0.0,0.0
2025-02-19 00:00:00+08:00,23.450000762939453,24.0,23.450000762939453,23.649999618530273,275051,0.0,0.0
2025-02-20 00:00:00+08:00,23.799999237060547,24.0,23.75,23.75,149000,0.0,0.0
2025-02-21 00:00:00+08:00,23.649999618530273,24.0,23.649999618530273,23.899999618530273,168043,0.0,0.0
2025-02-24 00:00:00+08:00,23.850000381469727,24.0,23.700000762939453,23.799999237060547,176002,0.0,0.0
2025-02-25 00:00:00+08:00,23.850000381469727,23.850000381469727,23.5,23.600000381469727,121045,0.0,0.0
2025-02-26 00:00:00+08:00,23.600000381469727,23.700000762939453,23.299999237060547,23.350000381469727,339000,0.0,0.0
2025-02-27 00:00:00+08:00,23.399999618530273,24.0,23.049999237060547,23.649999618530273,250000,0.0,0.0
2025-03-03 00:00:00+08:00,23.649999618530273,23.649999618530273,23.25,23.399999618530273,175000,0.0,0.0
2025-03-04 00:00:00+08:00,23.25,23.700000762939453,22.950000762939453,23.649999618530273,163150,0.0,0.0
2025-03-05 00:00:00+08:00,23.799999237060547,24.799999237060547,23.799999237060547,24.700000762939453,1052103,0.0,0.0
2025-03-06 00:00:00+08:00,24.75,25.350000381469727,24.649999618530273,25.100000381469727,653135,0.0,0.0
2025-03-07 00:00:00+08:00,25.0,25.200000762939453,24.899999618530273,25.100000381469727,322001,0.0,0.0
2025-03-10 00:00:00+08:00,25.100000381469727,25.5,24.950000762939453,25.25,482025,0.0,0.0
2025-03-11 00:00:00+08:00,24.75,25.0,24.200000762939453,25.0,321003,0.0,0.0
2025-03-12 00:00:00+08:00,25.149999618530273,25.149999618530273,24.75,24.950000762939453,350001,0.0,0.0
2025-03-13 00:00:00+08:00,24.850000381469727,25.0,24.350000381469727,24.399999618530273,307008,0.0,0.0
2025-03-14 00:00:00+08:00,24.399999618530273,25.049999237060547,24.200000762939453,25.049999237060547,296021,0.0,0.0
2025-03-17 00:00:00+08:00,25.350000381469727,26.0,25.25,25.75,1342075,0.0,0.0
2025-03-18 00:00:00+08:00,25.899999618530273,27.600000381469727,25.649999618530273,27.25,3770118,0.0,0.0
2025-03-19 00:00:00+08:00,27.200000762939453,27.350000381469727,26.649999618530273,26.899999618530273,1502075,0.0,0.0
2025-03-20 00:00:00+08:00,27.299999237060547,27.5,27.049999237060547,27.200000762939453,1320300,0.0,0.0
2025-03-21 00:00:00+08:00,27.100000381469727,27.149999618530273,26.149999618530273,27.0,1073130,0.0,0.0
2025-03-24 00:00:00+08:00,27.0,27.100000381469727,26.350000381469727,26.549999237060547,931001,0.0,0.0
2025-03-25 00:00:00+08:00,26.75,26.75,25.799999237060547,25.850000381469727,410209,0.0,0.0
2025-03-26 00:00:00+08:00,26.5,27.25,26.5,26.5,1268012,0.0,0.0
2025-03-27 00:00:00+08:00,26.5,27.149999618530273,25.799999237060547,25.799999237060547,1411000,0.0,0.0
2025-03-28 00:00:00+08:00,25.799999237060547,26.100000381469727,25.450000762939453,25.549999237060547,686000,0.0,0.0
2025-03-31 00:00:00+08:00,24.950000762939453,25.049999237060547,24.100000381469727,24.25,698998,0.0,0.0
2025-04-01 00:00:00+08:00,24.700000762939453,24.75,24.200000762939453,24.299999237060547,579050,0.0,0.0
2025-04-02 00:00:00+08:00,24.600000381469727,24.899999618530273,24.549999237060547,24.649999618530273,534043,0.0,0.0
2025-04-07 00:00:00+08:00,22.200000762939453,22.200000762939453,22.200000762939453,22.200000762939453,67000,0.0,0.0
2025-04-08 00:00:00+08:00,20.0,20.0,20.0,20.0,389015,0.0,0.0
2025-04-09 00:00:00+08:00,18.299999237060547,18.75,18.0,18.0,1051050,0.0,0.0
2025-04-10 00:00:00+08:00,19.5,19.799999237060547,19.0,19.799999237060547,1662000,0.0,0.0
2025-04-11 00:00:00+08:00,18.799999237060547,19.149999618530273,18.100000381469727,19.100000381469727,712000,0.0,0.0
