Date,Open,High,Low,Close,Volume,Dividends,Stock Splits
2007-12-31 00:00:00+08:00,121.5490621633875,123.50952476765583,118.93510296010709,122.20254516601562,62858,0.0,0.0
2008-01-02 00:00:00+08:00,120.89556448992688,124.81650326000052,119.26185019968409,119.58858489990234,90538,0.0,0.0
2008-01-03 00:00:00+08:00,113.05368744984415,117.30136748169322,113.05368744984415,114.68740844726562,55495,0.0,0.0
2008-01-04 00:00:00+08:00,115.0141611187639,116.97462367127518,113.7071815516285,115.99439239501953,28770,0.0,0.0
2008-01-07 00:00:00+08:00,111.09322177236963,112.40020133191693,108.47926265327504,110.11298370361328,63267,0.0,0.0
2008-01-08 00:00:00+08:00,110.1129827267119,112.4002003347238,107.49903042899957,109.13275146484375,42814,0.0,0.0
2008-01-09 00:00:00+08:00,104.55833195707501,109.13276076472252,104.55833195707501,108.4792709350586,52632,0.0,0.0
2008-01-10 00:00:00+08:00,109.78625059438644,110.7664819397862,107.82578110539465,108.4792709350586,33406,0.0,0.0
2008-01-11 00:00:00+08:00,109.13276076472252,113.70718957237003,108.4792709350586,108.4792709350586,111945,0.0,0.0
2008-01-14 00:00:00+08:00,109.78624338774162,110.11298488202931,105.2118148803711,105.2118148803711,33815,0.0,0.0
2008-01-15 00:00:00+08:00,107.82576783807643,109.45949561031193,102.59784984402916,104.55831909179688,117263,0.0,0.0
2008-01-16 00:00:00+08:00,103.90484075281478,103.90484075281478,97.36994934082031,97.36994934082031,163896,0.0,0.0
2008-01-17 00:00:00+08:00,94.75598974371317,97.36994901915246,90.83505083055425,91.48854064941406,244344,0.0,0.0
2008-01-18 00:00:00+08:00,90.83504849633796,93.77574920654297,88.22108928807039,93.77574920654297,64494,0.0,0.0
2008-01-21 00:00:00+08:00,94.10249473866132,94.75598452150591,91.48853560728298,91.81527709960938,53041,0.0,0.0
2008-01-22 00:00:00+08:00,85.60713195800781,87.56760140722083,85.60713195800781,85.60713195800781,67085,0.0,0.0
2008-01-23 00:00:00+08:00,79.7257308959961,84.3001528406019,79.7257308959961,79.7257308959961,159533,0.0,0.0
2008-01-24 00:00:00+08:00,79.72573332597533,82.66643420830825,74.17106628417969,74.17106628417969,171941,0.0,0.0
2008-01-25 00:00:00+08:00,74.49781389791475,79.0722427368164,71.88385456139952,79.0722427368164,194848,0.0,0.0
2008-01-28 00:00:00+08:00,77.11177229688664,77.76526212307017,75.15130281833608,76.45828247070312,103355,0.0,0.0
2008-01-29 00:00:00+08:00,77.11175970767394,81.68618774414062,77.11175970767394,81.68618774414062,104446,0.0,0.0
2008-01-30 00:00:00+08:00,84.30014817786561,86.91410731488342,82.33967882510224,85.93387603759766,140307,0.0,0.0
2008-01-31 00:00:00+08:00,83.64666055691723,86.2606197615384,80.05247004965914,82.012939453125,51950,0.0,0.0
2008-02-01 00:00:00+08:00,82.66642855670885,84.30014964671511,82.66642855670885,83.64665985107422,40360,0.0,0.0
2008-02-12 00:00:00+08:00,78.41873931884766,82.99316056716721,78.41873931884766,78.41873931884766,64767,0.0,0.0
2008-02-13 00:00:00+08:00,78.41874803993214,81.35944871206243,78.41874803993214,81.03270721435547,28088,0.0,0.0
2008-02-14 00:00:00+08:00,84.30015070563869,86.58736841820831,82.99317109793948,86.2606201171875,71585,0.0,0.0
2008-02-15 00:00:00+08:00,84.95363958096843,86.91410897108985,84.3001497842613,85.28038787841797,42678,0.0,0.0
2008-02-18 00:00:00+08:00,86.26061954490966,89.85481684133354,85.6071297453955,89.52806854248047,57540,0.0,0.0
2008-02-19 00:00:00+08:00,90.18155573472609,90.83504551534699,83.31991643730247,89.20132446289062,69267,0.0,0.0
2008-02-20 00:00:00+08:00,88.87457765081817,89.52806744230182,86.91410827636719,86.91410827636719,56722,0.0,0.0
2008-02-21 00:00:00+08:00,87.89434365739132,92.46876525878906,87.89434365739132,92.46876525878906,67767,0.0,0.0
2008-02-22 00:00:00+08:00,90.1815577858373,94.75598635422554,90.1815577858373,92.79551696777344,69812,0.0,0.0
2008-02-25 00:00:00+08:00,93.4490019220536,97.3699404918303,93.4490019220536,94.7559814453125,88220,0.0,0.0
2008-02-26 00:00:00+08:00,96.71645337270883,98.67692271116155,94.7559840342561,95.08272552490234,111809,0.0,0.0
2008-02-27 00:00:00+08:00,96.7164637355749,97.69669511073411,95.08273571271958,97.04320526123047,44996,0.0,0.0
2008-02-29 00:00:00+08:00,95.73621484480661,98.67692223746477,94.75598357938172,98.35017395019531,157760,0.0,0.0
2008-03-03 00:00:00+08:00,95.40947120694194,96.38970245029033,92.79551216042414,94.7559814453125,44860,0.0,0.0
2008-03-04 00:00:00+08:00,96.0629653930664,96.71645518479447,95.40947560133833,96.0629653930664,77175,0.0,0.0
2008-03-05 00:00:00+08:00,96.71645951980165,99.33041880387631,96.71645951980165,97.36994934082031,201393,0.0,0.0
2008-03-06 00:00:00+08:00,97.36994286725154,101.6176230223729,97.36994286725154,99.98390197753906,192666,0.0,0.0
2008-03-07 00:00:00+08:00,98.02343025885415,103.9048313156513,98.02343025885415,100.63738250732422,174940,0.0,0.0
2008-03-10 00:00:00+08:00,99.33041146819345,99.33041146819345,93.77574500065818,94.10249328613281,172350,0.0,0.0
2008-03-11 00:00:00+08:00,91.48853670668018,94.7559856601673,91.48853670668018,94.42923736572266,41042,0.0,0.0
2008-03-12 00:00:00+08:00,96.71645503225957,98.02343461365443,94.42923736572266,94.42923736572266,70903,0.0,0.0
2008-03-13 00:00:00+08:00,94.42924143518718,94.42924143518718,91.48854064941406,91.48854064941406,38860,0.0,0.0
2008-03-14 00:00:00+08:00,92.14203046827389,94.42924143518718,90.83505083055425,91.48854064941406,46769,0.0,0.0
2008-03-17 00:00:00+08:00,90.18155573472609,90.83504551534699,87.2408551210279,89.20132446289062,41996,0.0,0.0
2008-03-18 00:00:00+08:00,89.20132868818456,89.20132868818456,87.56760076014989,88.87458038330078,30406,0.0,0.0
2008-03-19 00:00:00+08:00,90.18155508492762,92.79551418857649,88.54783404424293,90.83504486083984,405650,0.0,0.0
2008-03-20 00:00:00+08:00,90.18156010540224,90.83504991769472,88.54783897376709,90.50830841064453,56995,0.0,0.0
2008-03-21 00:00:00+08:00,92.14202441266428,93.12225567743674,90.83504486083984,90.83504486083984,78130,0.0,0.0
2008-03-24 00:00:00+08:00,95.7362263869588,95.7362263869588,91.16180419921875,91.16180419921875,74039,0.0,0.0
2008-03-25 00:00:00+08:00,93.77574826190353,93.77574826190353,91.48853737680537,92.79551696777344,61767,0.0,0.0
2008-03-26 00:00:00+08:00,94.42923457289882,94.42923457289882,92.14202377219995,92.46876525878906,56995,0.0,0.0
2008-03-27 00:00:00+08:00,92.14202954227969,92.14202954227969,89.20132878605956,90.50830841064453,37906,0.0,0.0
2008-03-28 00:00:00+08:00,90.50830274287098,93.7757448015289,90.50830274287098,92.46876525878906,28906,0.0,0.0
2008-03-31 00:00:00+08:00,90.50830274287098,93.12225503015898,90.50830274287098,92.46876525878906,38451,0.0,0.0
2008-04-01 00:00:00+08:00,91.48853787009668,98.67692565917969,91.48853787009668,98.67692565917969,319066,0.0,0.0
2008-04-02 00:00:00+08:00,103.90483115916214,105.53855895996094,102.27111015655491,105.53855895996094,421467,0.0,0.0
2008-04-03 00:00:00+08:00,107.82577236971191,109.13275192315267,103.25134393266927,105.86530303955078,396514,0.0,0.0
2008-04-07 00:00:00+08:00,106.19205798144668,106.19205798144668,103.25135040283203,103.25135040283203,177940,0.0,0.0
2008-04-08 00:00:00+08:00,103.25135040283203,105.8653096735152,101.29088094981967,103.25135040283203,80584,0.0,0.0
2008-04-09 00:00:00+08:00,101.2908780570179,102.597857655033,98.02343586017214,98.67692565917969,171668,0.0,0.0
2008-04-10 00:00:00+08:00,98.02343264482342,101.29087473449108,98.02343264482342,99.98390197753906,68176,0.0,0.0
2008-04-11 00:00:00+08:00,101.944374897795,103.57810290725901,100.31065368652344,100.31065368652344,129808,0.0,0.0
2008-04-14 00:00:00+08:00,100.31064675760257,100.31064675760257,98.02343586017214,98.67692565917969,80039,0.0,0.0
2008-04-15 00:00:00+08:00,99.00366051341628,102.59785076758179,98.0234292798044,99.65715026855469,64767,0.0,0.0
2008-04-16 00:00:00+08:00,100.96413488981145,101.94436617304433,98.67692403014017,99.33041381835938,69403,0.0,0.0
2008-04-17 00:00:00+08:00,100.96412977883152,103.2513405227202,99.33040879008124,99.65715026855469,67358,0.0,0.0
2008-04-18 00:00:00+08:00,99.98389954385038,100.63738250732422,99.00366150225648,100.63738250732422,50859,0.0,0.0
2008-04-21 00:00:00+08:00,101.94436187711852,106.51879020188696,100.63738235575612,105.53855895996094,223482,0.0,0.0
2008-04-22 00:00:00+08:00,105.21181985584441,106.51879949118599,101.94437076749045,103.25135040283203,93538,0.0,0.0
2008-04-23 00:00:00+08:00,100.96412918993624,105.53855744922379,100.96412918993624,101.2908706665039,150942,0.0,0.0
2008-04-24 00:00:00+08:00,102.59785076758179,102.59785076758179,99.65715026855469,99.65715026855469,77584,0.0,0.0
2008-04-25 00:00:00+08:00,100.6373849569192,102.92460257751665,99.33041219996718,99.98390197753906,72539,0.0,0.0
2008-04-28 00:00:00+08:00,100.3106400236931,100.63738150216655,99.33040879008124,99.65715026855469,45405,0.0,0.0
2008-04-29 00:00:00+08:00,99.65715531337305,100.96413488981145,99.33041381835938,99.33041381835938,41314,0.0,0.0
2008-04-30 00:00:00+08:00,99.65716384237632,103.25135458608923,99.65716384237632,100.31065368652344,66403,0.0,0.0
2008-05-02 00:00:00+08:00,101.29087226898963,103.25134155398588,99.98389954385038,100.63738250732422,110718,0.0,0.0
2008-05-05 00:00:00+08:00,101.94435479979676,101.94435479979676,98.67691302141915,99.00365447998047,39542,0.0,0.0
2008-05-06 00:00:00+08:00,100.6373849569192,100.6373849569192,98.3501741345135,99.98390197753906,47314,0.0,0.0
2008-05-07 00:00:00+08:00,99.98390197753906,101.6176230223729,99.33041219996718,99.98390197753906,66812,0.0,0.0
2008-05-08 00:00:00+08:00,100.6373809151771,103.57808819524341,99.9838979620418,101.2908706665039,79221,0.0,0.0
2008-05-09 00:00:00+08:00,102.59785076758179,102.59785076758179,99.65715026855469,99.65715026855469,45541,0.0,0.0
2008-05-12 00:00:00+08:00,98.67691616491413,99.00365763388427,96.3896986893579,97.6966781616211,43632,0.0,0.0
2008-05-13 00:00:00+08:00,98.02343916183898,98.02343916183898,96.71645951980165,97.36994934082031,38860,0.0,0.0
2008-05-14 00:00:00+08:00,98.02343916183898,98.67692898285765,96.06296969878298,97.36994934082031,35315,0.0,0.0
2008-05-15 00:00:00+08:00,97.36994445370176,100.96413488981145,97.36994445370176,99.33041381835938,73766,0.0,0.0
2008-05-16 00:00:00+08:00,101.2908780570179,101.2908780570179,98.67692565917969,98.67692565917969,73630,0.0,0.0
2008-05-19 00:00:00+08:00,98.67692565917969,101.2908780570179,97.04319776256484,98.67692565917969,114945,0.0,0.0
2008-05-20 00:00:00+08:00,98.67691302141915,99.65714419529421,97.69667504935299,99.00365447998047,47859,0.0,0.0
2008-05-21 00:00:00+08:00,98.0234324611176,99.65715350288967,98.0234324611176,98.35017395019531,45269,0.0,0.0
2008-05-22 00:00:00+08:00,96.71645073552331,100.96413078725271,96.71645073552331,100.63738250732422,168532,0.0,0.0
2008-05-23 00:00:00+08:00,102.92459966458786,102.92459966458786,98.02342987060547,98.02342987060547,75403,0.0,0.0
2008-05-26 00:00:00+08:00,96.71645387003966,98.02343343572883,91.48853560728298,91.81527709960938,79084,0.0,0.0
2008-05-27 00:00:00+08:00,91.81527290361356,94.4292319155329,91.81527290361356,92.14202117919922,28770,0.0,0.0
2008-05-28 00:00:00+08:00,93.44900916686466,93.44900916686466,90.18156010540224,90.50830841064453,26316,0.0,0.0
2008-05-29 00:00:00+08:00,91.48853794102295,91.48853794102295,88.8745787429663,89.52806854248047,29724,0.0,0.0
2008-05-30 00:00:00+08:00,90.1815606728382,90.1815606728382,83.3199209996887,85.60713195800781,95583,0.0,0.0
2008-06-02 00:00:00+08:00,85.2803888105091,87.5675997248867,83.64666090178909,86.2606201171875,33542,0.0,0.0
2008-06-03 00:00:00+08:00,86.26062177441216,87.24085989811473,85.60713195800781,85.60713195800781,28497,0.0,0.0
2008-06-04 00:00:00+08:00,83.97340491283259,86.2606157103627,83.97340491283259,84.9536361694336,15135,0.0,0.0
2008-06-05 00:00:00+08:00,85.28038516468185,90.83504486083984,85.28038516468185,90.83504486083984,57813,0.0,0.0
2008-06-06 00:00:00+08:00,92.79552028713371,94.10249992485335,91.16179913908024,91.48854064941406,57268,0.0,0.0
2008-06-09 00:00:00+08:00,88.8745787429663,89.52806854248047,87.56759914393798,89.52806854248047,15816,0.0,0.0
2008-06-10 00:00:00+08:00,88.2210895287363,88.87457933258591,86.2606201171875,86.2606201171875,35179,0.0,0.0
2008-06-11 00:00:00+08:00,84.9536361694336,86.2606157103627,84.30014639896903,84.9536361694336,33542,0.0,0.0
2008-06-12 00:00:00+08:00,79.07224107559638,84.62690114989785,79.07224107559638,79.7257308959961,63540,0.0,0.0
2008-06-13 00:00:00+08:00,81.03270746670259,83.97340814799063,81.03270746670259,83.64665985107422,22634,0.0,0.0
2008-06-16 00:00:00+08:00,83.64666055691723,85.93387826005674,82.012939453125,82.012939453125,13362,0.0,0.0
2008-06-17 00:00:00+08:00,81.03270886206964,81.6861986689635,79.39898094573898,80.37921905517578,14453,0.0,0.0
2008-06-18 00:00:00+08:00,76.4582785202234,80.37921727473577,76.4582785202234,79.39897918701172,13498,0.0,0.0
2008-06-19 00:00:00+08:00,78.09199960217427,79.72572748231704,76.78502001733682,79.39897918701172,12953,0.0,0.0
2008-06-20 00:00:00+08:00,79.39897918701172,81.03270706715449,78.41874789747958,79.39897918701172,9681,0.0,0.0
2008-06-23 00:00:00+08:00,76.45827325308782,78.09199422249326,75.15129375828691,77.11176300048828,14998,0.0,0.0
2008-06-24 00:00:00+08:00,75.15129349966445,81.03270120602855,75.15129349966445,75.47803497314453,20452,0.0,0.0
2008-06-25 00:00:00+08:00,73.84431400936133,75.47803497314453,73.84431400936133,75.47803497314453,18544,0.0,0.0
2008-06-26 00:00:00+08:00,78.09199232693842,78.09199232693842,75.15129193411275,76.13152313232422,8044,0.0,0.0
2008-06-27 00:00:00+08:00,71.88385009765625,73.19082968475486,71.23036030410694,71.88385009765625,45405,0.0,0.0
2008-06-30 00:00:00+08:00,71.8838432292426,72.53733296035176,66.98267364501953,66.98267364501953,47859,0.0,0.0
2008-07-01 00:00:00+08:00,62.34290313720703,64.8915181997604,62.34290313720703,62.34290313720703,51132,0.0,0.0
2008-07-02 00:00:00+08:00,58.944754419470534,62.081508049611365,58.944754419470534,60.77452850341797,40633,0.0,0.0
2008-07-03 00:00:00+08:00,57.83382416478912,62.53894805908203,56.85359285272478,62.53894805908203,65994,0.0,0.0
2008-07-04 00:00:00+08:00,63.38849041248623,64.04197341642889,62.0815108082169,62.73500061035156,26861,0.0,0.0
2008-07-07 00:00:00+08:00,62.73500061035156,62.73500061035156,60.90522644509771,62.73500061035156,7499,0.0,0.0
2008-07-08 00:00:00+08:00,62.735002987242616,62.735002987242616,58.814064025878906,58.814064025878906,24679,0.0,0.0
2008-07-09 00:00:00+08:00,55.54661489140915,60.774533506560765,54.69707879626623,58.814064025878906,114809,0.0,0.0
2008-07-10 00:00:00+08:00,57.507080078125,58.81405963432273,56.853590300026134,57.507080078125,24270,0.0,0.0
2008-07-11 00:00:00+08:00,57.50708169823934,61.49336469821149,57.50708169823934,61.42802047729492,41860,0.0,0.0
2008-07-14 00:00:00+08:00,60.31708874883586,65.21825895401105,60.31708874883586,63.12709426879883,37906,0.0,0.0
2008-07-15 00:00:00+08:00,63.12709258858062,63.12709258858062,60.12104088427639,61.42802047729492,25088,0.0,0.0
2008-07-16 00:00:00+08:00,59.46755385277286,61.42802333345472,58.814064025878906,58.814064025878906,26452,0.0,0.0
2008-07-17 00:00:00+08:00,60.44778021777377,62.081508049611365,59.46754895722457,60.77452850341797,25225,0.0,0.0
2008-07-18 00:00:00+08:00,62.08151316034867,62.08151316034867,56.526849631750075,58.814064025878906,46223,0.0,0.0
2008-07-21 00:00:00+08:00,58.81406327650527,60.774532732208,58.81406327650527,60.447784423828125,16771,0.0,0.0
2008-07-22 00:00:00+08:00,60.12104074655327,60.44778224496344,56.85359177149191,59.79429244995117,16907,0.0,0.0
2008-07-23 00:00:00+08:00,59.46754484549949,62.73499348506395,59.46754484549949,61.820106506347656,30679,0.0,0.0
2008-07-24 00:00:00+08:00,62.14686087958105,66.00244903564453,60.90523217810826,66.00244903564453,45269,0.0,0.0
2008-07-25 00:00:00+08:00,65.15289937906358,65.34894561767578,63.38848323155379,65.34894561767578,33133,0.0,0.0
2008-07-28 00:00:00+08:00,65.34894561767578,65.34894561767578,65.34894561767578,65.34894561767578,0,0.0,0.0
2008-07-29 00:00:00+08:00,65.34894561767578,65.34894561767578,65.34894561767578,65.34894561767578,0,0.0,0.0
2008-07-30 00:00:00+08:00,65.34894561767578,65.34894561767578,65.34894561767578,65.34894561767578,0,0.0,0.0
2008-07-31 00:00:00+08:00,65.34894561767578,65.34894561767578,65.34894561767578,65.34894561767578,0,0.0,0.0
2008-08-01 00:00:00+08:00,65.34894561767578,65.34894561767578,65.34894561767578,65.34894561767578,0,0.0,0.0
2008-08-04 00:00:00+08:00,65.34894561767578,65.34894561767578,65.34894561767578,65.34894561767578,0,0.0,0.0
2008-08-05 00:00:00+08:00,65.34894561767578,65.34894561767578,65.34894561767578,65.34894561767578,0,0.0,0.0
2008-08-06 00:00:00+08:00,65.34894561767578,65.34894561767578,65.34894561767578,65.34894561767578,0,0.0,0.0
2008-08-07 00:00:00+08:00,65.34894561767578,65.34894561767578,65.34894561767578,65.34894561767578,0,0.0,0.0
2008-08-08 00:00:00+08:00,65.34894561767578,65.34894561767578,65.34894561767578,65.34894561767578,0,0.0,0.0
2008-08-11 00:00:00+08:00,65.34894561767578,65.34894561767578,65.34894561767578,65.34894561767578,0,0.0,0.0
2008-08-12 00:00:00+08:00,65.34894561767578,65.34894561767578,65.34894561767578,65.34894561767578,0,0.0,0.0
2008-08-13 00:00:00+08:00,65.34894561767578,65.34894561767578,65.34894561767578,65.34894561767578,0,0.0,0.0
2008-08-14 00:00:00+08:00,65.34894561767578,65.34894561767578,65.34894561767578,65.34894561767578,0,0.0,0.0
2008-08-15 00:00:00+08:00,65.34894561767578,65.34894561767578,65.34894561767578,65.34894561767578,0,0.0,0.0
2008-08-18 00:00:00+08:00,62.734999615255084,62.734999615255084,60.186384668621386,60.25173568725586,24407,0.0,0.0
2008-08-19 00:00:00+08:00,58.16056728201551,60.251731760099474,58.16056728201551,60.121036529541016,11453,0.0,0.0
2008-08-20 00:00:00+08:00,60.12104064246943,60.12104064246943,58.81406105470758,59.663597106933594,14862,0.0,0.0
2008-08-21 00:00:00+08:00,59.66359302529926,61.101267754208045,59.66359302529926,60.121036529541016,9681,0.0,0.0
2008-08-22 00:00:00+08:00,60.12104291364042,60.447784423828125,58.81406327650527,60.447784423828125,14044,0.0,0.0
2008-08-25 00:00:00+08:00,60.64383018105416,61.10127373003482,59.140804290771484,59.140804290771484,18680,0.0,0.0
2008-08-26 00:00:00+08:00,58.87940124737419,60.121036529541016,58.16056728201551,60.121036529541016,13635,0.0,0.0
2008-08-27 00:00:00+08:00,60.121039406831244,60.31708566114709,59.924993152515405,59.99033737182617,14726,0.0,0.0
2008-08-28 00:00:00+08:00,59.99033669678691,61.42801827651467,59.99033669678691,60.77452850341797,26725,0.0,0.0
2008-08-29 00:00:00+08:00,61.39608478114301,62.43201821290546,60.77452903275721,61.46514892578125,40905,3.666953,0.0
2008-09-01 00:00:00+08:00,58.70267126884944,60.77453101551563,58.01205135329405,58.081111907958984,17453,0.0,0.0
2008-09-02 00:00:00+08:00,57.666739081168885,58.9789147127265,55.940189361572266,55.940189361572266,19089,0.0,0.0
2008-09-03 00:00:00+08:00,56.285496439454825,56.285496439454825,52.072716775042814,52.48708724975586,51405,0.0,0.0
2008-09-04 00:00:00+08:00,52.48709022586111,52.48709022586111,48.826809109824055,51.10585403442383,105128,0.0,0.0
2008-09-05 00:00:00+08:00,47.583695688945994,51.036791676776666,47.583695688945994,48.34337615966797,52632,0.0,0.0
2008-09-08 00:00:00+08:00,49.72461384803725,51.72740936279297,49.72461384803725,51.72740936279297,17453,0.0,0.0
2008-09-09 00:00:00+08:00,51.72740810271674,51.72740810271674,48.48149759024724,49.033992767333984,5181,0.0,0.0
2008-09-10 00:00:00+08:00,46.8930767279704,50.4152369344713,46.8930767279704,49.72461700439453,15544,0.0,0.0
2008-09-11 00:00:00+08:00,50.0699274583476,51.10585736357824,48.48150232210595,50.41523742675781,13226,0.0,0.0
2008-09-12 00:00:00+08:00,50.41523414259199,51.45116398033974,48.826809109824055,51.10585403442383,10226,0.0,0.0
2008-09-15 00:00:00+08:00,48.61962343568874,50.41523742675781,47.583697122684725,50.41523742675781,20180,0.0,0.0
2008-09-16 00:00:00+08:00,46.893077148358046,47.307447673228225,46.893077148358046,47.1693229675293,64494,0.0,0.0
2008-09-17 00:00:00+08:00,46.96213789984287,47.65275783897487,43.92341232299805,43.92341232299805,31497,0.0,0.0
2008-09-18 00:00:00+08:00,40.884681701660156,40.884681701660156,40.884681701660156,40.884681701660156,46905,0.0,0.0
2008-09-19 00:00:00+08:00,40.95374506486442,43.716224670410156,40.95374506486442,43.716224670410156,35860,0.0,0.0
2008-09-22 00:00:00+08:00,45.99526740750936,46.75495147705078,44.89027696919199,46.75495147705078,19634,0.0,0.0
2008-09-23 00:00:00+08:00,43.647161449235504,49.448366588395665,43.647161449235504,48.34337615966797,20316,0.0,0.0
2008-09-24 00:00:00+08:00,47.99806453720352,49.37930432132828,47.99806453720352,48.20524978637695,19362,0.0,0.0
2008-09-25 00:00:00+08:00,48.205250049641556,50.415234434755895,48.205250049641556,48.550559997558594,14317,0.0,0.0
2008-09-26 00:00:00+08:00,49.03399133451179,49.93179642007128,45.64995622859891,47.30744171142578,10908,0.0,0.0
2008-09-29 00:00:00+08:00,47.30744171142578,47.30744171142578,47.30744171142578,47.30744171142578,0,0.0,0.0
2008-09-30 00:00:00+08:00,44.061532525561105,46.4786984732281,44.061532525561105,44.19965362548828,14044,0.0,0.0
2008-10-01 00:00:00+08:00,46.0643295316253,46.96213467234952,44.890274997342985,44.9593391418457,13089,0.0,0.0
2008-10-02 00:00:00+08:00,45.166527991586676,46.409643177246735,44.89027857600592,45.92620849609375,8999,0.0,0.0
2008-10-03 00:00:00+08:00,43.23278777409036,48.688682556152344,43.23278777409036,48.688682556152344,8181,0.0,0.0
2008-10-06 00:00:00+08:00,47.79087954903167,49.03399464308773,45.857144559141524,48.550559997558594,40496,0.0,0.0
2008-10-07 00:00:00+08:00,46.27151712335896,49.72461675652999,46.27151712335896,49.37930679321289,9544,0.0,0.0
2008-10-08 00:00:00+08:00,46.40964011249171,47.9980651666195,46.40964011249171,46.962135314941406,19634,0.0,0.0
2008-10-09 00:00:00+08:00,43.71622424886094,46.96213488029618,43.71622424886094,44.3377799987793,30815,0.0,0.0
2008-10-13 00:00:00+08:00,42.818416595458984,42.818416595458984,42.818416595458984,42.818416595458984,11044,0.0,0.0
2008-10-14 00:00:00+08:00,45.580895418903374,45.78808067036734,44.061534513350004,45.649959564208984,14044,0.0,0.0
2008-10-15 00:00:00+08:00,44.06153106689453,44.19965216224917,44.06153106689453,44.06153106689453,7499,0.0,0.0
2008-10-16 00:00:00+08:00,42.542171478271484,42.542171478271484,42.542171478271484,42.542171478271484,3136,0.0,0.0
2008-10-17 00:00:00+08:00,42.542169695821734,42.542169695821734,41.09186935424805,41.09186935424805,22498,0.0,0.0
2008-10-20 00:00:00+08:00,41.09187025815694,41.09187025815694,39.71063043875987,40.19406509399414,19498,0.0,0.0
2008-10-21 00:00:00+08:00,40.33218451770945,41.98967366865275,38.81282365360882,40.055938720703125,19907,0.0,0.0
2008-10-22 00:00:00+08:00,38.67469787597656,39.77968821751126,38.67469787597656,38.67469787597656,15544,0.0,0.0
2008-10-23 00:00:00+08:00,37.36252212524414,37.36252212524414,37.36252212524414,37.36252212524414,8181,0.0,0.0
2008-10-24 00:00:00+08:00,36.119407653808594,36.119407653808594,36.119407653808594,36.119407653808594,5999,0.0,0.0
2008-10-27 00:00:00+08:00,33.633174896240234,33.633174896240234,33.633174896240234,33.633174896240234,12544,0.0,0.0
2008-10-28 00:00:00+08:00,31.285070513163436,34.53098122523113,31.285070513163436,33.08068084716797,58086,0.0,0.0
2008-10-29 00:00:00+08:00,35.35972634428642,35.35972634428642,32.45912554662354,32.8044319152832,16498,0.0,0.0
2008-10-30 00:00:00+08:00,30.52538437960921,34.1856689453125,30.52538437960921,34.1856689453125,84402,0.0,0.0
2008-10-31 00:00:00+08:00,34.53098296324844,35.77409814876069,33.84036301660534,35.49785232543945,25361,0.0,0.0
2008-11-03 00:00:00+08:00,36.60284072789804,37.91501998901367,36.395655474097275,37.91501998901367,44587,0.0,0.0
2008-11-04 00:00:00+08:00,38.19126041242802,38.19126041242802,35.29066008369408,36.1884651184082,13089,0.0,0.0
2008-11-05 00:00:00+08:00,36.18846715437392,37.984077324823325,36.18846715437392,37.017208099365234,11317,0.0,0.0
2008-11-06 00:00:00+08:00,34.73816993266223,36.6028408134541,34.53098108615071,35.0144157409668,7226,0.0,0.0
2008-11-07 00:00:00+08:00,33.149740676861654,36.87908955640104,33.149740676861654,36.257530212402344,8181,0.0,0.0
2008-11-10 00:00:00+08:00,36.602843781010755,37.984083711196334,35.63597798521691,35.91222381591797,18816,0.0,0.0
2008-11-11 00:00:00+08:00,34.600045635960626,35.84316076839667,33.42599105834961,33.42599105834961,27952,0.0,0.0
2008-11-12 00:00:00+08:00,33.14974184775268,33.14974184775268,31.83756615284586,32.45912551879883,15135,0.0,0.0
2008-11-13 00:00:00+08:00,30.59444949936636,31.906625129347297,30.318200107672286,30.387264251708984,25498,0.0,0.0
2008-11-14 00:00:00+08:00,28.315405407402235,30.45632568199099,28.315405407402235,29.006025314331055,20725,0.0,0.0
2008-11-17 00:00:00+08:00,28.315406305793946,30.38726609231641,27.00322880021904,27.624786376953125,29861,0.0,0.0
2008-11-18 00:00:00+08:00,25.760112762451172,27.141352572717263,25.760112762451172,25.760112762451172,14589,0.0,0.0
2008-11-19 00:00:00+08:00,24.171685862973405,26.3126059693678,24.171685862973405,26.24354362487793,22361,0.0,0.0
2008-11-20 00:00:00+08:00,26.24354540631607,26.24354540631607,24.447935104370117,24.447935104370117,28088,0.0,0.0
2008-11-21 00:00:00+08:00,22.790447656914072,25.48386490030272,22.790447656914072,25.41480255126953,32042,0.0,0.0
2008-11-24 00:00:00+08:00,25.414801495461244,25.414801495461244,24.447934037502865,24.516996383666992,6272,0.0,0.0
2008-11-25 00:00:00+08:00,24.655120591505316,24.862307641019804,24.309810638427734,24.309810638427734,10635,0.0,0.0
2008-11-26 00:00:00+08:00,23.20481900189792,24.65511929145997,23.20481900189792,23.550128936767578,11999,0.0,0.0
2008-11-27 00:00:00+08:00,23.48106631096961,25.138553619384766,23.48106631096961,25.138553619384766,42951,0.0,0.0
2008-11-28 00:00:00+08:00,25.552924320622395,26.31260653408911,25.552924320622395,25.967296600341797,7226,0.0,0.0
2008-12-01 00:00:00+08:00,25.967296900109584,27.762908935546875,25.967296900109584,27.762908935546875,20043,0.0,0.0
2008-12-02 00:00:00+08:00,26.93416404724121,29.69664351636121,26.93416404724121,26.93416404724121,8999,0.0,0.0
2008-12-03 00:00:00+08:00,26.934166204474632,28.315406049662034,26.243546281880935,27.279476165771484,5317,0.0,0.0
2008-12-04 00:00:00+08:00,27.624786376953125,27.693848729059866,27.279476412532713,27.624786376953125,3954,0.0,0.0
2008-12-05 00:00:00+08:00,25.967298756453054,27.624786216841677,25.967298756453054,26.31260871887207,4090,0.0,0.0
2008-12-08 00:00:00+08:00,27.762910590025555,27.762910590025555,26.24354605500882,27.417600631713867,9272,0.0,0.0
2008-12-09 00:00:00+08:00,26.934165461971844,27.417600112905745,26.726980209350586,26.726980209350586,9272,0.0,0.0
2008-12-10 00:00:00+08:00,26.79603986799977,28.591651916503906,26.79603986799977,28.591651916503906,46496,0.0,0.0
2008-12-11 00:00:00+08:00,28.59165354906633,30.525386810302734,28.453530642748934,30.525386810302734,44860,0.0,0.0
2008-12-12 00:00:00+08:00,30.525385621202297,32.39006005081249,28.591652435293458,30.732574462890625,22770,0.0,0.0
2008-12-15 00:00:00+08:00,30.18007811027401,32.39005880947296,30.18007811027401,30.801633834838867,19225,0.0,0.0
2008-12-16 00:00:00+08:00,29.69664432718929,30.041954270257527,29.351334384121053,29.90382957458496,7772,0.0,0.0
2008-12-17 00:00:00+08:00,30.387264213325764,30.663510012444537,29.69664432718929,29.90382957458496,10090,0.0,0.0
2008-12-18 00:00:00+08:00,30.111014363571694,31.008819483435687,30.111014363571694,30.180078506469727,10499,0.0,0.0
2008-12-19 00:00:00+08:00,31.49225736159541,32.25193786621094,31.49225736159541,32.25193786621094,15407,0.0,0.0
2008-12-22 00:00:00+08:00,33.8403608367814,34.46192018561317,33.287865633501184,33.356929779052734,52904,0.0,0.0
2008-12-23 00:00:00+08:00,33.149739521567454,33.149739521567454,31.077883495639206,31.146944046020508,26452,0.0,0.0
2008-12-24 00:00:00+08:00,29.006025314331055,29.006025314331055,29.006025314331055,29.006025314331055,6272,0.0,0.0
2008-12-25 00:00:00+08:00,27.00322914123535,27.00322914123535,27.00322914123535,27.00322914123535,8453,0.0,0.0
2008-12-26 00:00:00+08:00,25.207614364947744,28.86789894104004,25.207614364947744,28.86789894104004,313339,0.0,0.0
2008-12-29 00:00:00+08:00,30.318200144768838,30.870698928833008,30.180079040979162,30.870698928833008,41587,0.0,0.0
2008-12-30 00:00:00+08:00,32.8044310475874,33.01161989242009,29.765707423613964,30.45632553100586,172350,0.0,0.0
2008-12-31 00:00:00+08:00,32.459123606486706,32.459123606486706,28.591651916503906,28.591651916503906,49087,0.0,0.0
2009-01-02 00:00:00+08:00,28.591651916503906,28.591651916503906,28.591651916503906,28.591651916503906,0,0.0,0.0
2009-01-05 00:00:00+08:00,29.35133384535888,29.972891372249993,28.660713971899167,29.21320915222168,35588,0.0,0.0
2009-01-06 00:00:00+08:00,29.55851936340332,30.041953997759084,29.075084729047557,29.55851936340332,23589,0.0,0.0
2009-01-07 00:00:00+08:00,29.903830807075213,30.663511276245117,29.903830807075213,30.663511276245117,18953,0.0,0.0
2009-01-08 00:00:00+08:00,29.834770095148833,29.834770095148833,28.522592544555664,28.522592544555664,25498,0.0,0.0
2009-01-09 00:00:00+08:00,28.177281103108978,28.522591061420666,26.9341659716322,27.417600631713867,16771,0.0,0.0
2009-01-12 00:00:00+08:00,27.072291152325782,27.624786376953125,27.072291152325782,27.624786376953125,5181,0.0,0.0
2009-01-13 00:00:00+08:00,27.624786376953125,27.693848729059866,27.210415856539264,27.624786376953125,15680,0.0,0.0
2009-01-14 00:00:00+08:00,27.762911081166603,27.901033989266796,27.624786376953125,27.624786376953125,10635,0.0,0.0
2009-01-15 00:00:00+08:00,27.624785093899714,27.624785093899714,26.243545300370766,26.381669998168945,3545,0.0,0.0
2009-01-16 00:00:00+08:00,26.381668313857674,27.141350511020086,26.24354362487793,26.24354362487793,8317,0.0,0.0
2009-01-19 00:00:00+08:00,24.862307302955028,27.210414592731595,24.862307302955028,26.381669998168945,28225,0.0,0.0
2009-01-20 00:00:00+08:00,25.345739364624023,26.1054215866571,25.345739364624023,25.345739364624023,7499,0.0,0.0
2009-01-21 00:00:00+08:00,27.07228989493342,27.07228989493342,25.76011245030356,26.381669998168945,56177,0.0,0.0
2009-02-02 00:00:00+08:00,26.381669458441134,26.93416464610424,25.621987228319483,25.691049575805664,8726,0.0,0.0
2009-02-03 00:00:00+08:00,25.898235494654752,27.27947340388674,25.898235494654752,26.24354362487793,12271,0.0,0.0
2009-02-04 00:00:00+08:00,26.24354636716561,26.450733422284987,25.967298756453054,26.31260871887207,10090,0.0,0.0
2009-02-05 00:00:00+08:00,26.312606877638324,26.312606877638324,25.621987001126655,25.829174041748047,19225,0.0,0.0
2009-02-06 00:00:00+08:00,26.312606747794135,27.279474210916664,26.312606747794135,26.796039581298828,9817,0.0,0.0
2009-02-09 00:00:00+08:00,28.660715103149414,28.660715103149414,28.660715103149414,28.660715103149414,24952,0.0,0.0
2009-02-10 00:00:00+08:00,30.318201318944887,30.663511276245117,29.144148541792052,30.663511276245117,55359,0.0,0.0
2009-02-11 00:00:00+08:00,30.387264288890044,32.04474986440345,29.558519705020156,30.870698928833008,109218,0.0,0.0
2009-02-12 00:00:00+08:00,30.870699362470468,30.870699362470468,30.041954766959293,30.11101531982422,49632,0.0,0.0
2009-02-13 00:00:00+08:00,30.939757761597345,32.1828727722168,30.939757761597345,32.1828727722168,40087,0.0,0.0
2009-02-16 00:00:00+08:00,34.392852783203125,34.392852783203125,34.392852783203125,34.392852783203125,30815,0.0,0.0
2009-02-17 00:00:00+08:00,36.74096439224808,36.74096439224808,34.94535412028447,36.53377914428711,163078,0.0,0.0
2009-02-18 00:00:00+08:00,35.56690979003906,36.53377906814363,34.46191940839929,35.56690979003906,83448,0.0,0.0
2009-02-19 00:00:00+08:00,35.56691222275113,38.05314254760742,35.56691222275113,38.05314254760742,54404,0.0,0.0
2009-02-20 00:00:00+08:00,40.055939873774264,40.677495629100676,38.67470007230254,39.50344467163086,168259,0.0,0.0
2009-02-23 00:00:00+08:00,40.40125125508129,40.40125125508129,38.32939147949219,38.32939147949219,102537,0.0,0.0
2009-02-24 00:00:00+08:00,39.15813295599008,39.15813295599008,36.671899270086065,38.3984489440918,77039,0.0,0.0
2009-02-25 00:00:00+08:00,38.46751181818675,40.055936747459405,38.46751181818675,39.57250213623047,55904,0.0,0.0
2009-02-26 00:00:00+08:00,39.71062938971281,39.84875408644893,38.26032546232309,38.81282424926758,27270,0.0,0.0
2009-02-27 00:00:00+08:00,38.81282780307889,41.506243471031254,38.60564253511743,40.74656295776367,110036,0.0,0.0
2009-03-02 00:00:00+08:00,40.125002435301866,43.578102111816406,40.05594187866222,43.578102111816406,74857,0.0,0.0
2009-03-03 00:00:00+08:00,43.57809971116192,46.616825103759766,42.19685991664661,46.616825103759766,110036,0.0,0.0
2009-03-04 00:00:00+08:00,46.9621350535201,49.862735748291016,46.9621350535201,49.862735748291016,190894,0.0,0.0
2009-03-05 00:00:00+08:00,53.315836247905395,53.315836247905395,49.72461558761069,49.931800842285156,138671,0.0,0.0
2009-03-06 00:00:00+08:00,49.931802752538196,52.34897253140968,49.931802752538196,50.41523742675781,121899,0.0,0.0
2009-03-09 00:00:00+08:00,49.448366588395665,50.27711120605469,47.72181679836707,48.34337615966797,59858,0.0,0.0
2009-03-10 00:00:00+08:00,48.34337148527739,48.34337148527739,44.95933637936451,47.30744171142578,105673,0.0,0.0
2009-03-11 00:00:00+08:00,48.34337805739971,48.412438614821234,45.58089828491211,45.58089828491211,99946,0.0,0.0
2009-03-12 00:00:00+08:00,45.719018134056526,47.998062985751005,45.23558350679375,47.100257873535156,78812,0.0,0.0
2009-03-13 00:00:00+08:00,46.96213396209293,47.514629148626774,45.09746315656949,45.2355842590332,129535,0.0,0.0
2009-03-16 00:00:00+08:00,45.23558314266688,45.23558314266688,43.50903348221658,43.85434341430664,76630,0.0,0.0
2009-03-17 00:00:00+08:00,43.509033878791726,43.78528326387222,42.88747815070002,43.2327880859375,97492,0.0,0.0
2009-03-18 00:00:00+08:00,43.50903348221658,45.16652259313937,43.16372355012651,43.85434341430664,185576,0.0,0.0
2009-03-19 00:00:00+08:00,46.06432944868875,46.89307403564453,45.442770110415324,46.89307403564453,56859,0.0,0.0
2009-03-20 00:00:00+08:00,50.13898532001635,50.13898532001635,44.890275519205865,45.649959564208984,200438,0.0,0.0
2009-03-23 00:00:00+08:00,44.959339774460446,45.58089553037237,43.50903582621307,43.716224670410156,125308,0.0,0.0
2009-03-24 00:00:00+08:00,44.683091804053134,44.683091804053134,42.0587368134163,42.542171478271484,112627,0.0,0.0
2009-03-25 00:00:00+08:00,39.5725049672813,42.54216980267403,39.5725049672813,42.40404510498047,356426,0.0,0.0
2009-03-26 00:00:00+08:00,44.7521505626752,45.304649353027344,44.06153425918784,45.304649353027344,402786,0.0,0.0
2009-03-27 00:00:00+08:00,48.343378309632016,48.41243886741387,45.30465269937705,45.92620849609375,575955,0.0,0.0
2009-03-30 00:00:00+08:00,45.857144868372394,45.857144868372394,42.74935531616211,42.74935531616211,296704,0.0,0.0
2009-03-31 00:00:00+08:00,41.43717498517466,42.68028994735182,39.779685974121094,39.779685974121094,200847,0.0,0.0
2009-04-02 00:00:00+08:00,42.404045747160275,42.404045747160275,41.09187007976547,41.16093063354492,146852,0.0,0.0
2009-04-03 00:00:00+08:00,42.0587363120258,43.16372673947063,41.437180543673016,41.8515510559082,137443,0.0,0.0
2009-04-06 00:00:00+08:00,39.91781397460792,43.232788679993114,39.91781397460792,41.98967361450195,155169,0.0,0.0
2009-04-07 00:00:00+08:00,41.782488193302115,44.89027404785156,41.437178254771474,44.89027404785156,452828,0.0,0.0
2009-04-08 00:00:00+08:00,44.54496410932092,46.9621336790354,43.85434423225964,44.89027404785156,335973,0.0,0.0
2009-04-09 00:00:00+08:00,46.61682186219138,47.99806156066018,44.95933637936451,47.30744171142578,468917,0.0,0.0
2009-04-10 00:00:00+08:00,48.688686776234796,49.586491960748035,45.580897112147504,46.133392333984375,264524,0.0,0.0
2009-04-13 00:00:00+08:00,46.40963800379584,48.96493224027656,46.40963800379584,47.100257873535156,259207,0.0,0.0
2009-04-14 00:00:00+08:00,48.34337714424099,49.72461700439453,47.10026198854812,49.72461700439453,462373,0.0,0.0
2009-04-15 00:00:00+08:00,48.6886851624873,52.34896992709427,46.96213540633058,48.27431106567383,400332,0.0,0.0
2009-04-16 00:00:00+08:00,48.481500217059704,50.06992528433261,47.652755610413614,49.586490631103516,469599,0.0,0.0
2009-04-17 00:00:00+08:00,50.27711188610077,52.48709277344826,46.133392333984375,46.133392333984375,446828,0.0,0.0
2009-04-20 00:00:00+08:00,44.89027659735155,45.7190212153381,42.95654155020062,43.163726806640625,215165,0.0,0.0
2009-04-21 00:00:00+08:00,40.194065112289785,44.75215148925781,40.194065112289785,44.75215148925781,97356,0.0,0.0
2009-04-22 00:00:00+08:00,44.890275196115525,45.58089509084241,43.23278960410684,44.3377799987793,106764,0.0,0.0
2009-04-23 00:00:00+08:00,44.89027808244687,44.89027808244687,43.23279238386605,43.92341232299805,100219,0.0,0.0
2009-04-24 00:00:00+08:00,43.50903820418287,45.92620799114487,43.50903820418287,43.92341232299805,132262,0.0,0.0
2009-04-27 00:00:00+08:00,43.509036658696616,43.9234107627928,40.884681701660156,40.884681701660156,202075,0.0,0.0
2009-04-28 00:00:00+08:00,40.88468283937301,41.43718166020917,38.05314254760742,38.05314254760742,182849,0.0,0.0
2009-04-29 00:00:00+08:00,38.05314254760742,38.05314254760742,35.49785166625991,38.05314254760742,103764,0.0,0.0
2009-04-30 00:00:00+08:00,38.67470102849535,40.60843607992011,38.398451624480444,39.917816162109375,232072,0.0,0.0
2009-05-04 00:00:00+08:00,37.15533447265625,38.67469892775607,37.15533447265625,37.15533447265625,176986,0.0,0.0
2009-05-05 00:00:00+08:00,34.60004425048828,34.60004425048828,34.60004425048828,34.60004425048828,20862,0.0,0.0
2009-05-06 00:00:00+08:00,32.1828727722168,32.1828727722168,32.1828727722168,32.1828727722168,136,0.0,0.0
2009-05-07 00:00:00+08:00,29.97289276123047,29.97289276123047,29.97289276123047,29.97289276123047,136,0.0,0.0
2009-05-08 00:00:00+08:00,27.901033401489258,27.901033401489258,27.901033401489258,27.901033401489258,409,0.0,0.0
2009-05-11 00:00:00+08:00,25.967296600341797,25.967296600341797,25.967296600341797,25.967296600341797,7363,0.0,0.0
2009-05-12 00:00:00+08:00,24.171688079833984,24.171688079833984,24.171688079833984,24.171688079833984,272,0.0,0.0
2009-05-13 00:00:00+08:00,22.51420021057129,22.51420021057129,22.51420021057129,22.51420021057129,136,0.0,0.0
2009-05-14 00:00:00+08:00,20.994836807250977,20.994836807250977,20.994836807250977,20.994836807250977,7090,0.0,0.0
2009-05-15 00:00:00+08:00,19.544536590576172,19.544536590576172,19.544536590576172,19.544536590576172,1636,0.0,0.0
2009-05-18 00:00:00+08:00,18.232357025146484,18.232357025146484,18.232357025146484,18.232357025146484,136,0.0,0.0
2009-05-19 00:00:00+08:00,16.989242553710938,16.989242553710938,16.989242553710938,16.989242553710938,136,0.0,0.0
2009-05-20 00:00:00+08:00,15.815189361572266,15.815189361572266,15.815189361572266,15.815189361572266,545,0.0,0.0
2009-05-21 00:00:00+08:00,14.710198402404785,14.710198402404785,14.710198402404785,14.710198402404785,31224,0.0,0.0
2009-05-22 00:00:00+08:00,13.743330775552435,15.6770658493042,13.743330775552435,15.6770658493042,775848,0.0,0.0
2009-05-25 00:00:00+08:00,14.641136169433594,14.641136169433594,14.641136169433594,14.641136169433594,250071,0.0,0.0
2009-05-26 00:00:00+08:00,13.674267768859863,13.950515348578415,13.674267768859863,13.674267768859863,174531,0.0,0.0
2009-05-27 00:00:00+08:00,12.914587251142008,12.914587251142008,12.77646255493164,12.77646255493164,46496,0.0,0.0
2009-06-01 00:00:00+08:00,11.947720527648926,11.947720527648926,11.947720527648926,11.947720527648926,27952,0.0,0.0
2009-06-02 00:00:00+08:00,11.118975639343262,11.118975639343262,11.118975639343262,11.118975639343262,12408,0.0,0.0
2009-06-03 00:00:00+08:00,10.359294891357422,10.359294891357422,10.359294891357422,10.359294891357422,23180,0.0,0.0
2009-06-04 00:00:00+08:00,9.668673669290207,11.04991340637207,9.668673669290207,11.04991340637207,141125,0.0,0.0
2009-06-05 00:00:00+08:00,11.809596061706543,11.809596061706543,11.809596061706543,11.809596061706543,40087,0.0,0.0
2009-06-08 00:00:00+08:00,13.398019790649414,13.398019790649414,11.80959569901277,13.398019790649414,156124,0.0,0.0
2009-06-09 00:00:00+08:00,13.743329874246328,14.295825958251953,13.743329874246328,14.295825958251953,62040,0.0,0.0
2009-06-10 00:00:00+08:00,15.262693405151367,15.262693405151367,15.262693405151367,15.262693405151367,30270,0.0,0.0
2009-06-11 00:00:00+08:00,16.298622131347656,16.298622131347656,16.298622131347656,16.298622131347656,16362,0.0,0.0
2009-06-12 00:00:00+08:00,17.403614559199642,17.403614559199642,15.19363021850586,15.19363021850586,92856,0.0,0.0
2009-06-15 00:00:00+08:00,14.157702445983887,14.295826245244015,14.157702445983887,14.157702445983887,105946,0.0,0.0
2009-06-16 00:00:00+08:00,14.157702402945038,15.1245698928833,14.157702402945038,15.1245698928833,45405,0.0,0.0
2009-06-17 00:00:00+08:00,16.022375214646328,16.09143756387179,14.088640213012695,14.088640213012695,30679,0.0,0.0
2009-06-18 00:00:00+08:00,14.088640800790232,14.088640800790232,13.12177325963574,13.812393188476562,53314,0.0,0.0
2009-06-19 00:00:00+08:00,13.881453658256563,14.77925968170166,13.812392209103297,14.77925968170166,44178,0.0,0.0
2009-06-22 00:00:00+08:00,15.193630491406552,15.193630491406552,14.157702445983887,14.157702445983887,26452,0.0,0.0
2009-06-23 00:00:00+08:00,13.190834999084473,13.190834999084473,13.190834999084473,13.190834999084473,136,0.0,0.0
2009-06-24 00:00:00+08:00,12.293029374659662,14.088640628904848,12.293029374659662,12.500215530395508,41996,0.0,0.0
2009-06-25 00:00:00+08:00,13.121772367180382,13.328958511352539,13.052710917827385,13.328958511352539,35315,0.0,0.0
2009-06-26 00:00:00+08:00,13.328958643979993,14.226764678955078,13.328958643979993,14.226764678955078,57404,0.0,0.0
2009-06-29 00:00:00+08:00,14.572073582027683,15.19363021850586,14.572073582027683,15.19363021850586,70903,0.0,0.0
2009-06-30 00:00:00+08:00,16.229560124411723,16.229560124411723,14.295826061559524,16.160499572753906,80175,0.0,0.0
2009-07-01 00:00:00+08:00,16.160499855222604,16.160499855222604,15.05550765991211,15.05550765991211,6272,0.0,0.0
2009-07-02 00:00:00+08:00,14.019578386643648,15.6770658493042,14.019578386643648,15.6770658493042,10362,0.0,0.0
2009-07-03 00:00:00+08:00,14.779259968476843,14.779259968476843,14.641136169433594,14.641136169433594,11590,0.0,0.0
2009-07-06 00:00:00+08:00,14.641135733291886,14.710197181727954,13.881453514099121,13.881453514099121,23998,0.0,0.0
2009-07-07 00:00:00+08:00,13.259896061073283,13.328958407947079,12.914587020874023,12.914587020874023,62040,0.0,0.0
2009-07-08 00:00:00+08:00,12.15490540201064,12.569276809692383,12.15490540201064,12.569276809692383,5181,0.0,0.0
2009-07-09 00:00:00+08:00,12.638338902061573,13.190834999084473,12.638338902061573,13.190834999084473,2999,0.0,0.0
2009-07-10 00:00:00+08:00,13.328958511352539,13.674268452287274,13.328958511352539,13.328958511352539,8590,0.0,0.0
2009-07-13 00:00:00+08:00,14.019577953502255,14.019577953502255,12.500215241385368,12.638339042663574,1908,0.0,0.0
2009-07-14 00:00:00+08:00,12.70739981038998,13.467082023620605,12.70739981038998,13.467082023620605,954,0.0,0.0
2009-07-15 00:00:00+08:00,13.398020249668532,13.881453997792343,13.190834999084473,13.190834999084473,16907,0.0,0.0
2009-07-16 00:00:00+08:00,13.812392546949857,13.812392546949857,12.845525050702236,13.190834999084473,37224,0.0,0.0
2009-07-17 00:00:00+08:00,13.190834714589963,13.328958511352539,12.776462426245649,13.328958511352539,17998,0.0,0.0
2009-07-20 00:00:00+08:00,14.088639984477396,14.088639984477396,12.50021495862409,12.77646255493164,15953,0.0,0.0
2009-07-21 00:00:00+08:00,12.500215357440403,12.569276809692383,12.500215357440403,12.569276809692383,954,0.0,0.0
2009-07-22 00:00:00+08:00,12.776462962561567,12.845525312870167,12.500215357440403,12.569276809692383,20316,0.0,0.0
2009-07-23 00:00:00+08:00,11.878657961244604,12.500215530395508,11.878657961244604,12.500215530395508,17044,0.0,0.0
2009-07-24 00:00:00+08:00,12.500215649345664,12.500215649345664,11.671472814629356,12.431153297424316,50450,0.0,0.0
2009-07-27 00:00:00+08:00,11.67147291373122,12.431153402976587,11.67147291373122,11.947720527648926,3272,0.0,0.0
2009-07-28 00:00:00+08:00,11.947719978682292,11.947719978682292,11.740533828735352,11.740533828735352,8862,0.0,0.0
2009-07-29 00:00:00+08:00,11.32616138458252,11.602409880345457,11.32616138458252,11.32616138458252,15544,0.0,0.0
2009-07-30 00:00:00+08:00,11.740533385707842,11.740533385707842,10.911789715249224,11.464284896850586,4908,0.0,0.0
2009-07-31 00:00:00+08:00,10.842727546243546,11.188037489432649,10.842727546243546,10.911789894104004,14317,0.0,0.0
2009-08-03 00:00:00+08:00,10.566480041861785,11.32616138458252,10.566480041861785,11.32616138458252,10771,0.0,0.0
2009-08-04 00:00:00+08:00,12.016780740868478,12.085843086242676,11.326160879352738,11.602409362792969,37633,0.0,0.0
2009-08-05 00:00:00+08:00,10.980852127075195,11.188038287376736,10.980852127075195,10.980852127075195,22361,0.0,0.0
2009-08-06 00:00:00+08:00,11.049914479861261,11.049914479861261,10.980852127075195,10.980852127075195,4090,0.0,0.0
2009-08-10 00:00:00+08:00,11.118975141572193,11.118975141572193,10.911789894104004,10.911789894104004,13362,0.0,0.0
2009-08-11 00:00:00+08:00,11.049913510649564,11.53334634552247,11.049913510649564,11.464284896850586,19907,0.0,0.0
2009-08-12 00:00:00+08:00,11.464285970751487,11.464285970751487,11.326162162412592,11.395223617553711,9544,0.0,0.0
2009-08-13 00:00:00+08:00,11.464285498381992,11.740534001734016,11.326161695734292,11.671472549438477,16089,0.0,0.0
2009-08-14 00:00:00+08:00,11.740534268494061,12.431153297424316,11.464285758865316,12.431153297424316,13226,0.0,0.0
2009-08-17 00:00:00+08:00,11.947720065812609,12.63833907391116,11.947720065812609,12.154905319213867,7635,0.0,0.0
2009-08-18 00:00:00+08:00,12.085844455361501,12.085844455361501,11.395223617553711,11.395223617553711,10362,0.0,0.0
2009-08-19 00:00:00+08:00,11.740534081911274,12.15490549268416,11.740534081911274,12.085844039916992,13908,0.0,0.0
2009-08-20 00:00:00+08:00,11.740534197054625,12.085844158446914,11.671472743610149,12.0167818069458,19089,0.0,0.0
2009-08-21 00:00:00+08:00,12.085843749345422,12.085843749345422,11.257099151611328,11.257099151611328,4090,0.0,0.0
2009-08-24 00:00:00+08:00,11.257099179506953,11.740533828735352,11.257099179506953,11.740533828735352,7363,0.0,0.0
2009-08-25 00:00:00+08:00,11.671472730728189,11.671472730728189,11.533347129821777,11.533347129821777,1772,0.0,0.0
2009-08-26 00:00:00+08:00,11.533347142551287,12.0167818069458,11.3952233376057,12.0167818069458,4499,0.0,0.0
2009-08-27 00:00:00+08:00,11.947719949075276,11.947719949075276,11.188037700504559,11.257099151611328,13089,0.0,0.0
2009-08-28 00:00:00+08:00,11.395223247038881,11.395223247038881,11.118975639343262,11.118975639343262,12135,0.0,0.0
2009-08-31 00:00:00+08:00,11.118975038314487,11.118975038314487,10.497418403625488,10.497418403625488,8999,0.0,0.0
2009-09-01 00:00:00+08:00,9.875859426605047,9.875859426605047,9.806797981262207,9.806797981262207,42951,0.0,0.0
2009-09-02 00:00:00+08:00,9.18524169921875,9.18524169921875,9.18524169921875,9.18524169921875,14589,0.0,0.0
2009-09-03 00:00:00+08:00,8.56368350982666,8.56368350982666,8.56368350982666,8.56368350982666,16089,0.0,0.0
2009-09-04 00:00:00+08:00,8.011187553405762,8.011187553405762,8.011187553405762,8.011187553405762,58222,0.0,0.0
2009-09-07 00:00:00+08:00,7.527753498008831,7.527753498008831,7.458691596984863,7.458691596984863,49768,0.0,0.0
2009-09-08 00:00:00+08:00,6.9752583503723145,6.9752583503723145,6.9752583503723145,6.9752583503723145,48814,0.0,0.0
2009-09-09 00:00:00+08:00,6.491824150085449,6.491824150085449,6.491824150085449,6.491824150085449,43496,0.0,0.0
2009-09-10 00:00:00+08:00,6.077452659606934,6.077452659606934,6.077452659606934,6.077452659606934,48678,0.0,0.0
2009-09-11 00:00:00+08:00,5.801204282590823,6.491824150085449,5.801204282590823,6.491824150085449,61086,0.0,0.0
2009-09-14 00:00:00+08:00,6.906196594238281,6.906196594238281,6.837134691159863,6.906196594238281,24952,0.0,0.0
2009-09-15 00:00:00+08:00,7.389629364013672,7.389629364013672,7.389629364013672,7.389629364013672,17998,0.0,0.0
2009-09-16 00:00:00+08:00,7.873063564300537,7.873063564300537,7.873063564300537,7.873063564300537,7499,0.0,0.0
2009-09-17 00:00:00+08:00,8.356497764587402,8.356497764587402,8.356497764587402,8.356497764587402,11999,0.0,0.0
2009-09-18 00:00:00+08:00,8.908992484361445,8.908992484361445,7.873063564300537,7.873063564300537,38315,0.0,0.0
2009-09-21 00:00:00+08:00,7.458691798843262,8.287435531616211,7.458691798843262,8.287435531616211,3272,0.0,0.0
2009-09-22 00:00:00+08:00,8.839930754760417,8.839930754760417,8.287435531616211,8.287435531616211,5454,0.0,0.0
2009-09-23 00:00:00+08:00,8.218373879000282,8.218373879000282,7.942126274108887,7.942126274108887,10226,0.0,0.0
2009-09-24 00:00:00+08:00,7.458691453424193,7.5277533531188965,7.458691453424193,7.5277533531188965,4090,0.0,0.0
2009-09-25 00:00:00+08:00,7.113381862640381,7.1824437614388685,7.113381862640381,7.113381862640381,5045,0.0,0.0
2009-09-28 00:00:00+08:00,7.044319569218845,7.182443359078121,6.7680715404720235,6.837133884429932,8453,0.0,0.0
2009-09-29 00:00:00+08:00,7.113381862640381,7.1824437614388685,7.113381862640381,7.113381862640381,4363,0.0,0.0
2009-09-30 00:00:00+08:00,6.906196306112032,7.044320106506348,6.906196306112032,7.044320106506348,11453,0.0,0.0
2009-10-01 00:00:00+08:00,7.251505754340083,7.5277533531188965,7.251505754340083,7.5277533531188965,5999,0.0,0.0
2009-10-02 00:00:00+08:00,7.458691610955301,8.011187718238512,7.458691610955301,7.665876865386963,35860,0.0,0.0
2009-10-05 00:00:00+08:00,8.080249617403627,8.149311065673828,8.080249617403627,8.149311065673828,26861,0.0,0.0
2009-10-06 00:00:00+08:00,8.287434853869543,8.632744789123535,8.218373405652686,8.632744789123535,18134,0.0,0.0
2009-10-07 00:00:00+08:00,9.18524169921875,9.18524169921875,8.978054641584588,9.18524169921875,34497,0.0,0.0
2009-10-08 00:00:00+08:00,9.806797981262207,9.806797981262207,9.806797981262207,9.806797981262207,25634,0.0,0.0
2009-10-09 00:00:00+08:00,10.428356170654297,10.428356170654297,10.428356170654297,10.428356170654297,69267,0.0,0.0
2009-10-12 00:00:00+08:00,9.737736701965332,10.635542773983294,9.737736701965332,9.737736701965332,33679,0.0,0.0
2009-10-13 00:00:00+08:00,9.116178512573242,9.116178512573242,9.116178512573242,9.116178512573242,47859,0.0,0.0
2009-10-14 00:00:00+08:00,8.563683098441114,9.254303021819366,8.563683098441114,8.770869255065918,42814,0.0,0.0
2009-10-15 00:00:00+08:00,8.978054336705135,8.978054336705135,8.632745279877591,8.839930534362793,28906,0.0,0.0
2009-10-16 00:00:00+08:00,8.83993148803711,8.83993148803711,8.83993148803711,8.83993148803711,0,0.0,0.136353
2009-10-19 00:00:00+08:00,8.83993148803711,8.83993148803711,8.83993148803711,8.83993148803711,0,0.0,0.0
2009-10-20 00:00:00+08:00,8.83993148803711,8.83993148803711,8.83993148803711,8.83993148803711,0,0.0,0.0
2009-10-21 00:00:00+08:00,8.83993148803711,8.83993148803711,8.83993148803711,8.83993148803711,0,0.0,0.0
2009-10-22 00:00:00+08:00,8.83993148803711,8.83993148803711,8.83993148803711,8.83993148803711,0,0.0,0.0
2009-10-23 00:00:00+08:00,8.83993148803711,8.83993148803711,8.83993148803711,8.83993148803711,0,0.0,0.0
2009-10-26 00:00:00+08:00,8.83993148803711,8.83993148803711,8.83993148803711,8.83993148803711,0,0.0,0.0
2009-10-27 00:00:00+08:00,8.83993148803711,8.83993148803711,8.83993148803711,8.83993148803711,0,0.0,0.0
2009-10-28 00:00:00+08:00,8.230287551879883,8.230287551879883,8.230287551879883,8.230287551879883,9000,0.0,0.0
2009-10-29 00:00:00+08:00,7.6558637619018555,7.6558637619018555,7.6558637619018555,7.6558637619018555,29000,0.0,0.0
2009-10-30 00:00:00+08:00,7.137938976287842,7.6558634931647065,7.128522403650461,7.137938976287842,5000,0.0,0.0
2009-11-02 00:00:00+08:00,6.657682376679807,7.627613646597461,6.638848781585693,6.638848781585693,8000,0.0,0.0
2009-11-03 00:00:00+08:00,6.177424687378626,7.090855121612549,6.177424687378626,7.090855121612549,13000,0.0,0.0
2009-11-04 00:00:00+08:00,6.601181549373927,7.571112364088614,6.601181549373927,6.6200151443481445,11000,0.0,0.0
2009-11-05 00:00:00+08:00,6.620015102719549,6.620015102719549,6.196258544921875,6.196258544921875,20000,0.0,0.0
2009-11-06 00:00:00+08:00,6.591764661437173,6.591764661437173,5.847836971282959,5.847836971282959,7000,0.0,0.0
2009-11-09 00:00:00+08:00,5.650084060371386,5.668917655944824,5.650084060371386,5.668917655944824,16000,0.0,0.0
2009-11-10 00:00:00+08:00,5.480580806732178,5.480580806732178,5.480580806732178,5.480580806732178,3000,0.0,0.0
2009-11-11 00:00:00+08:00,5.103909023167183,5.273411372815529,5.103909023167183,5.113325595855713,18000,0.0,0.0
2009-11-12 00:00:00+08:00,5.452330744180716,5.471164338586088,5.113325595855713,5.113325595855713,25000,0.0,0.0
2009-11-13 00:00:00+08:00,5.273411527911073,5.273411527911073,4.755487442016602,4.755487442016602,15000,0.0,0.0
2009-11-16 00:00:00+08:00,4.444732387192793,4.614235188396709,4.444732387192793,4.52006721496582,23000,0.0,0.0
2009-11-17 00:00:00+08:00,4.614234757645996,4.774320522048247,4.614234757645996,4.74606990814209,14000,0.0,0.0
2009-11-18 00:00:00+08:00,5.056824727293107,5.075658321380615,5.056824727293107,5.075658321380615,52000,0.0,0.0
2009-11-19 00:00:00+08:00,5.424080848693848,5.424080848693848,5.424080848693848,5.424080848693848,7000,0.0,0.0
2009-11-20 00:00:00+08:00,5.800752639770508,5.800752639770508,5.800752639770508,5.800752639770508,4000,0.0,0.0
2009-11-23 00:00:00+08:00,6.20567512512207,6.20567512512207,6.20567512512207,6.20567512512207,1000,0.0,0.0
2009-11-24 00:00:00+08:00,6.638848224998687,6.638848224998687,6.20567512512207,6.20567512512207,27000,0.0,0.0
2009-11-25 00:00:00+08:00,6.629431717321092,6.629431717321092,6.6200151443481445,6.6200151443481445,4000,0.0,0.0
2009-11-26 00:00:00+08:00,7.062604904174805,7.062604904174805,7.062604904174805,7.062604904174805,18000,0.0,0.0
2009-11-27 00:00:00+08:00,7.250940534413567,7.250940534413567,6.572930691194084,7.1285223960876465,7000,0.0,0.0
2009-11-30 00:00:00+08:00,7.1285223960876465,7.1285223960876465,7.1285223960876465,7.1285223960876465,0,0.0,0.0
2009-12-01 00:00:00+08:00,7.1285223960876465,7.1285223960876465,7.1285223960876465,7.1285223960876465,0,0.0,0.0
2009-12-02 00:00:00+08:00,6.525846481323242,6.525846481323242,6.525846481323242,6.525846481323242,2000,0.0,0.0
2009-12-03 00:00:00+08:00,6.0738396644592285,6.0738396644592285,6.0738396644592285,6.0738396644592285,24000,0.0,0.0
2009-12-04 00:00:00+08:00,5.650083541870117,5.650083541870117,5.650083541870117,5.650083541870117,40000,0.0,0.0
2009-12-07 00:00:00+08:00,5.320495439874212,5.320495439874212,5.25457763671875,5.25457763671875,9000,0.0,0.0
2009-12-08 00:00:00+08:00,4.896739012222225,5.50883150100708,4.896739012222225,5.50883150100708,11000,0.0,0.0
2009-12-09 00:00:00+08:00,5.132158992944493,5.876086616897292,5.132158992944493,5.829002857208252,19000,0.0,0.0
2009-12-10 00:00:00+08:00,5.424080848693848,5.424080848693848,5.424080848693848,5.424080848693848,9000,0.0,0.0
2009-12-11 00:00:00+08:00,5.79133589250572,5.79133589250572,5.113325595855713,5.113325595855713,7000,0.0,0.0
2009-12-14 00:00:00+08:00,5.452330632512339,5.471164226531982,5.452330632512339,5.471164226531982,12000,0.0,0.0
2009-12-15 00:00:00+08:00,5.838419099952861,5.838419099952861,5.103908538818359,5.103908538818359,15000,0.0,0.0
2009-12-16 00:00:00+08:00,5.452330589294434,5.452330589294434,5.452330589294434,5.452330589294434,12000,0.0,0.0
2009-12-17 00:00:00+08:00,5.829002857208252,5.829002857208252,5.829002857208252,5.829002857208252,9000,0.0,0.0
2009-12-18 00:00:00+08:00,6.233925334669191,6.233925334669191,6.224508762359619,6.224508762359619,29000,0.0,0.0
2009-12-21 00:00:00+08:00,5.791335582733154,5.791335582733154,5.791335582733154,5.791335582733154,2000,0.0,0.0
2009-12-22 00:00:00+08:00,5.8384198633273146,5.8384198633273146,5.38641313236448,5.395830154418945,17000,0.0,0.0
2009-12-23 00:00:00+08:00,5.772502422332764,5.772502422332764,5.772502422332764,5.772502422332764,43000,0.0,0.0
2009-12-24 00:00:00+08:00,6.168007850646973,6.168007850646973,6.168007850646973,6.168007850646973,32000,0.0,0.0
2009-12-25 00:00:00+08:00,6.591764450073242,6.591764450073242,6.591764450073242,6.591764450073242,38000,0.0,0.0
2009-12-28 00:00:00+08:00,7.053187182337736,7.053187182337736,6.168007850646973,6.168007850646973,26000,0.0,0.0
2009-12-29 00:00:00+08:00,6.5917645035978065,6.5917645035978065,5.7913360465380235,6.403428554534912,98000,0.0,0.0
2009-12-30 00:00:00+08:00,6.120924031273485,6.130341053009033,6.120924031273485,6.130341053009033,43000,0.0,0.0
2009-12-31 00:00:00+08:00,6.02675581765408,6.215091754538026,6.02675581765408,6.036172389984131,43000,0.0,0.0
2010-01-04 00:00:00+08:00,6.036172596953782,6.12092399597168,6.036172596953782,6.12092399597168,30000,0.0,0.0
2010-01-05 00:00:00+08:00,6.10209058700596,6.403428554534912,6.10209058700596,6.403428554534912,35000,0.0,0.0
2010-01-06 00:00:00+08:00,6.0267558097839355,6.2150917464219395,6.0267558097839355,6.0267558097839355,33000,0.0,0.0
2010-01-07 00:00:00+08:00,6.12092379203685,6.12092379203685,5.838419437408447,5.838419437408447,24000,0.0,0.0
2010-01-08 00:00:00+08:00,5.650083953545273,6.243342876434326,5.650083953545273,6.243342876434326,34000,0.0,0.0
2010-01-11 00:00:00+08:00,6.572930431886693,6.572930431886693,5.810169219970703,5.810169219970703,17000,0.0,0.0
2010-01-12 00:00:00+08:00,6.120923737896296,6.120923737896296,5.810169219970703,5.810169219970703,39000,0.0,0.0
2010-01-13 00:00:00+08:00,6.026756251620172,6.120924226842858,6.01733922958374,6.01733922958374,27000,0.0,0.0
2010-01-14 00:00:00+08:00,6.01733922958374,6.01733922958374,6.01733922958374,6.01733922958374,2000,0.0,0.0
2010-01-15 00:00:00+08:00,6.12092399597168,6.12092399597168,5.838419631930894,6.12092399597168,21000,0.0,0.0
2010-01-18 00:00:00+08:00,6.2150921564436965,6.403428554534912,6.2150921564436965,6.403428554534912,57000,0.0,0.0
2010-01-19 00:00:00+08:00,6.403428554534912,6.403428554534912,6.309260130975144,6.403428554534912,56000,0.0,0.0
2010-01-20 00:00:00+08:00,6.403428132088236,6.403428132088236,6.0267558097839355,6.0267558097839355,7000,0.0,0.0
2010-01-21 00:00:00+08:00,6.12092399597168,6.215091967642505,6.12092399597168,6.12092399597168,24000,0.0,0.0
2010-01-22 00:00:00+08:00,6.205674953092934,6.205674953092934,5.744251251220703,5.744251251220703,11000,0.0,0.0
2010-01-25 00:00:00+08:00,5.461747484118892,5.602999210357666,5.461747484118892,5.602999210357666,3000,0.0,0.0
2010-01-26 00:00:00+08:00,5.989088535308838,5.989088535308838,5.989088535308838,5.989088535308838,8000,0.0,0.0
2010-01-27 00:00:00+08:00,5.753668308258057,5.753668308258057,5.753668308258057,5.753668308258057,2000,0.0,0.0
2010-01-28 00:00:00+08:00,5.932587667326512,5.932587667326512,5.753668308258057,5.753668308258057,7000,0.0,0.0
2010-01-29 00:00:00+08:00,5.753668308258057,5.753668308258057,5.753668308258057,5.753668308258057,0,0.0,0.0
2010-02-01 00:00:00+08:00,5.414663436834946,5.461747646331787,5.414663436834946,5.461747646331787,2000,0.0,0.0
2010-02-02 00:00:00+08:00,5.132159037587371,5.650083541870117,5.132159037587371,5.650083541870117,5000,0.0,0.0
2010-02-03 00:00:00+08:00,5.650083541870117,5.650083541870117,5.650083541870117,5.650083541870117,0,0.0,0.0
2010-02-04 00:00:00+08:00,6.045589846664709,6.045589846664709,6.01733922958374,6.01733922958374,10000,0.0,0.0
2010-02-05 00:00:00+08:00,5.650083541870117,5.650083541870117,5.650083541870117,5.650083541870117,1000,0.0,0.0
2010-02-08 00:00:00+08:00,5.25457763671875,5.25457763671875,5.25457763671875,5.25457763671875,5000,0.0,0.0
2010-02-09 00:00:00+08:00,5.621832847595215,5.621832847595215,4.887322248928649,5.621832847595215,13000,0.0,0.0
2010-02-10 00:00:00+08:00,5.631249904632568,5.631249904632568,5.631249904632568,5.631249904632568,8000,0.0,0.0
2010-02-22 00:00:00+08:00,5.631249904632568,5.631249904632568,5.631249904632568,5.631249904632568,136,0.0,0.0
2010-02-23 00:00:00+08:00,5.631250211423663,5.631250211423663,5.555915832519531,5.555915832519531,8000,0.0,0.0
2010-02-24 00:00:00+08:00,5.461747646331787,5.461747646331787,5.461747646331787,5.461747646331787,2000,0.0,0.0
2010-02-25 00:00:00+08:00,5.461747646331787,5.461747646331787,5.461747646331787,5.461747646331787,2,0.0,0.0
2010-02-26 00:00:00+08:00,5.0850749015808105,5.0850749015808105,5.0850749015808105,5.0850749015808105,6000,0.0,0.0
2010-03-01 00:00:00+08:00,4.74606990814209,4.74606990814209,4.74606990814209,4.74606990814209,3000,0.0,0.0
2010-03-02 00:00:00+08:00,5.075658321380615,5.075658321380615,5.075658321380615,5.075658321380615,4000,0.0,0.0
2010-03-03 00:00:00+08:00,5.424080848693848,5.424080848693848,5.424080848693848,5.424080848693848,9000,0.0,0.0
2010-03-04 00:00:00+08:00,5.800752118977092,5.800752118977092,5.781918525695801,5.781918525695801,5000,0.0,0.0
2010-03-05 00:00:00+08:00,6.13975715637207,6.13975715637207,6.13975715637207,6.13975715637207,6000,0.0,0.0
2010-03-08 00:00:00+08:00,6.497596263885498,6.497596263885498,6.403428293197249,6.497596263885498,17000,0.0,0.0
2010-03-09 00:00:00+08:00,6.497596263885498,6.497596263885498,6.497596263885498,6.497596263885498,18,0.0,0.0
2010-03-10 00:00:00+08:00,6.497596263885498,6.497596263885498,6.497596263885498,6.497596263885498,18,0.0,0.0
2010-03-11 00:00:00+08:00,6.045589447021484,6.045589447021484,6.045589447021484,6.045589447021484,10000,0.0,0.0
2010-03-12 00:00:00+08:00,6.045589447021484,6.045589447021484,6.045589447021484,6.045589447021484,10,0.0,0.0
2010-03-15 00:00:00+08:00,6.045589447021484,6.045589447021484,6.045589447021484,6.045589447021484,0,0.0,0.0
2010-03-16 00:00:00+08:00,6.045589447021484,6.045589447021484,6.045589447021484,6.045589447021484,0,0.0,0.0
2010-03-17 00:00:00+08:00,6.045589447021484,6.045589447021484,6.045589447021484,6.045589447021484,10000,0.0,0.0
2010-03-18 00:00:00+08:00,6.045589447021484,6.045589447021484,6.045589447021484,6.045589447021484,4000,0.0,0.0
2010-03-19 00:00:00+08:00,5.631249904632568,5.631249904632568,5.631249904632568,5.631249904632568,1000,0.0,0.0
2010-03-22 00:00:00+08:00,5.631249904632568,5.631249904632568,5.631249904632568,5.631249904632568,0,0.0,0.0
2010-03-23 00:00:00+08:00,5.461747523255168,5.461747523255168,5.414663314819336,5.414663314819336,4000,0.0,0.0
2010-03-24 00:00:00+08:00,5.424080848693848,5.424080848693848,5.424080848693848,5.424080848693848,31000,0.0,0.0
2010-03-25 00:00:00+08:00,5.075658321380615,5.075658321380615,5.075658321380615,5.075658321380615,1000,0.0,0.0
2010-03-26 00:00:00+08:00,4.793154377226899,5.273411247681948,4.793154377226899,4.859071731567383,13000,0.0,0.0
2010-03-29 00:00:00+08:00,4.89673877616573,5.132158918270395,4.89673877616573,4.990907192230225,7000,0.0,0.0
2010-03-30 00:00:00+08:00,4.708403079928478,5.3110785484313965,4.708403079928478,5.3110785484313965,5000,0.0,0.0
2010-03-31 00:00:00+08:00,4.943823153526837,5.273411273956299,4.943823153526837,5.273411273956299,19000,0.0,0.0
2010-04-01 00:00:00+08:00,4.906156063079834,4.906156063079834,4.906156063079834,4.906156063079834,11000,0.0,0.0
2010-04-02 00:00:00+08:00,4.9909077684873155,5.245161533355713,4.9909077684873155,5.245161533355713,11000,0.0,0.0
2010-04-06 00:00:00+08:00,5.245161533355713,5.245161533355713,5.245161533355713,5.245161533355713,11000,0.0,0.0
2010-04-07 00:00:00+08:00,5.245161533355713,5.245161533355713,5.245161533355713,5.245161533355713,11000,0.0,0.0
2010-04-08 00:00:00+08:00,4.924989657507022,4.924989657507022,4.906156063079834,4.906156063079834,14000,0.0,0.0
2010-04-09 00:00:00+08:00,4.642485618591309,4.642485618591309,4.642485618591309,4.642485618591309,5000,0.0,0.0
2010-04-12 00:00:00+08:00,4.6424851942172225,4.6424851942172225,4.463565826416016,4.463565826416016,14000,0.0,0.0
2010-04-13 00:00:00+08:00,4.463565826416016,4.463565826416016,4.463565826416016,4.463565826416016,14000,0.0,0.0
2010-04-14 00:00:00+08:00,4.576567737099807,4.614234924316406,4.576567737099807,4.614234924316406,13000,0.0,0.0
2010-04-15 00:00:00+08:00,4.614234924316406,4.614234924316406,4.614234924316406,4.614234924316406,8000,0.0,0.0
2010-04-16 00:00:00+08:00,4.727236691507389,4.906156063079834,4.727236691507389,4.906156063079834,11000,0.0,0.0
2010-04-19 00:00:00+08:00,4.8025708118493515,4.8025708118493515,4.793154239654541,4.793154239654541,3000,0.0,0.0
2010-04-20 00:00:00+08:00,4.793154681545618,4.793154681545618,4.783737659454346,4.783737659454346,4000,0.0,0.0
2010-04-21 00:00:00+08:00,4.887322425842285,4.887322425842285,4.887322425842285,4.887322425842285,1000,0.0,0.0
2010-04-22 00:00:00+08:00,4.906156020104501,4.906156020104501,4.887322425842285,4.887322425842285,4000,0.0,0.0
2010-04-23 00:00:00+08:00,4.849655628204346,4.849655628204346,4.849655628204346,4.849655628204346,1000,0.0,0.0
2010-04-26 00:00:00+08:00,5.169826030731201,5.169826030731201,5.169826030731201,5.169826030731201,14000,0.0,0.0
2010-04-27 00:00:00+08:00,4.915572988920945,4.915572988920945,4.849655628204346,4.849655628204346,4000,0.0,0.0
2010-04-28 00:00:00+08:00,4.849655019908264,4.849655019908264,4.793154239654541,4.793154239654541,5000,0.0,0.0
2010-04-29 00:00:00+08:00,4.717820259261259,4.764904022216797,4.717820259261259,4.764904022216797,7000,0.0,0.0
2010-04-30 00:00:00+08:00,4.764903501070103,4.764903501070103,4.74606990814209,4.74606990814209,4000,0.0,0.0
2010-05-03 00:00:00+08:00,4.74606990814209,4.74606990814209,4.74606990814209,4.74606990814209,4000,0.0,0.0
2010-05-04 00:00:00+08:00,4.74606990814209,4.74606990814209,4.74606990814209,4.74606990814209,4000,0.0,0.0
2010-05-05 00:00:00+08:00,4.74606990814209,4.74606990814209,4.74606990814209,4.74606990814209,4000,0.0,0.0
2010-05-06 00:00:00+08:00,4.74606990814209,4.74606990814209,4.74606990814209,4.74606990814209,4000,0.0,0.0
2010-05-07 00:00:00+08:00,4.4164814949035645,4.4164814949035645,4.4164814949035645,4.4164814949035645,3000,0.0,0.0
2010-05-10 00:00:00+08:00,4.4164814949035645,4.4164814949035645,4.4164814949035645,4.4164814949035645,3000,0.0,0.0
2010-05-11 00:00:00+08:00,4.4164814949035645,4.4164814949035645,4.4164814949035645,4.4164814949035645,3000,0.0,0.0
2010-05-12 00:00:00+08:00,4.115143856412341,4.143394470214844,4.115143856412341,4.143394470214844,3000,0.0,0.0
2010-05-13 00:00:00+08:00,4.425899028778076,4.425899028778076,4.425899028778076,4.425899028778076,6000,0.0,0.0
2010-05-14 00:00:00+08:00,4.727236747741699,4.727236747741699,4.727236747741699,4.727236747741699,7000,0.0,0.0
2010-05-17 00:00:00+08:00,5.056824684143066,5.056824684143066,5.056824684143066,5.056824684143066,67000,0.0,0.0
2010-05-18 00:00:00+08:00,5.405246257781982,5.405246257781982,5.405246257781982,5.405246257781982,22000,0.0,0.0
2010-05-19 00:00:00+08:00,5.405246257781982,5.461747487142717,5.405246257781982,5.405246257781982,7000,0.0,0.0
2010-05-20 00:00:00+08:00,5.3769965171813965,5.3769965171813965,5.3769965171813965,5.3769965171813965,5000,0.0,0.0
2010-05-21 00:00:00+08:00,5.3769965171813965,5.3769965171813965,5.367579495200763,5.3769965171813965,9000,0.0,0.0
2010-05-24 00:00:00+08:00,5.3769965171813965,5.3769965171813965,5.3769965171813965,5.3769965171813965,9,0.0,0.0
2010-05-25 00:00:00+08:00,5.376996137129833,5.376996137129833,5.019157409667969,5.019157409667969,15000,0.0,0.0
2010-05-26 00:00:00+08:00,5.019157409667969,5.019157409667969,5.019157409667969,5.019157409667969,26000,0.0,0.0
2010-05-27 00:00:00+08:00,5.019157409667969,5.019157409667969,5.019157409667969,5.019157409667969,26,0.0,0.0
2010-05-28 00:00:00+08:00,4.990907385370591,4.990907385370591,4.670735836029053,4.670735836029053,2000,0.0,0.0
2010-05-31 00:00:00+08:00,4.943822984197977,4.990907192230225,4.943822984197977,4.990907192230225,5000,0.0,0.0
2010-06-01 00:00:00+08:00,4.990907192230225,4.990907192230225,4.990907192230225,4.990907192230225,5,0.0,0.0
2010-06-02 00:00:00+08:00,4.990907192230225,4.990907192230225,4.990907192230225,4.990907192230225,5,0.0,0.0
2010-06-03 00:00:00+08:00,4.708402633666992,4.708402633666992,4.708402633666992,4.708402633666992,5000,0.0,0.0
2010-06-04 00:00:00+08:00,5.037991157873397,5.037991157873397,4.472982883453369,4.472982883453369,21000,0.0,0.0
2010-06-07 00:00:00+08:00,4.698986053466797,4.698986053466797,4.698986053466797,4.698986053466797,1000,0.0,0.0
2010-06-08 00:00:00+08:00,4.698986053466797,4.698986053466797,4.698986053466797,4.698986053466797,1,0.0,0.0
2010-06-09 00:00:00+08:00,4.378815174102783,4.378815174102783,4.378815174102783,4.378815174102783,3000,0.0,0.0
2010-06-10 00:00:00+08:00,4.661318302154541,4.661318302154541,4.661318302154541,4.661318302154541,1000,0.0,0.0
2010-06-11 00:00:00+08:00,4.661318302154541,4.661318302154541,4.661318302154541,4.661318302154541,1,0.0,0.0
2010-06-14 00:00:00+08:00,4.661318302154541,4.661318302154541,4.661318302154541,4.661318302154541,1,0.0,0.0
2010-06-15 00:00:00+08:00,4.661318683823011,4.661318683823011,4.614234924316406,4.614234924316406,3000,0.0,0.0
2010-06-17 00:00:00+08:00,4.623651504516602,4.623651504516602,4.623651504516602,4.623651504516602,11000,0.0,0.0
2010-06-18 00:00:00+08:00,4.623651504516602,4.623651504516602,4.623651504516602,4.623651504516602,11,0.0,0.0
2010-06-21 00:00:00+08:00,4.3411478996276855,4.3411478996276855,4.3411478996276855,4.3411478996276855,1000,0.0,0.0
2010-06-22 00:00:00+08:00,4.567150592803955,4.567150592803955,4.567150592803955,4.567150592803955,2000,0.0,0.0
2010-06-23 00:00:00+08:00,4.567150592803955,4.567150592803955,4.567150592803955,4.567150592803955,2,0.0,0.0
2010-06-24 00:00:00+08:00,4.52006721496582,4.52006721496582,4.52006721496582,4.52006721496582,1000,0.0,0.0
2010-06-25 00:00:00+08:00,4.52006721496582,4.52006721496582,4.52006721496582,4.52006721496582,1,0.0,0.0
2010-06-28 00:00:00+08:00,4.52006721496582,4.52006721496582,4.52006721496582,4.52006721496582,0,0.0,0.0
2010-06-29 00:00:00+08:00,4.661318302154541,4.661318302154541,4.661318302154541,4.661318302154541,2000,0.0,0.0
2010-06-30 00:00:00+08:00,4.670735836029053,4.670735836029053,4.670735836029053,4.670735836029053,3000,0.0,0.0
2010-07-01 00:00:00+08:00,4.670735836029053,4.670735836029053,4.670735836029053,4.670735836029053,3,0.0,0.0
2010-07-02 00:00:00+08:00,4.38823145029515,4.463565826416016,4.38823145029515,4.463565826416016,21000,0.0,0.0
2010-07-05 00:00:00+08:00,4.463565826416016,4.463565826416016,4.463565826416016,4.463565826416016,21,0.0,0.0
2010-07-06 00:00:00+08:00,4.463565826416016,4.463565826416016,4.463565826416016,4.463565826416016,21,0.0,0.0
2010-07-07 00:00:00+08:00,4.463565826416016,4.463565826416016,4.463565826416016,4.463565826416016,21,0.0,0.0
2010-07-08 00:00:00+08:00,4.463565826416016,4.463565826416016,4.463565826416016,4.463565826416016,21,0.0,0.0
2010-07-09 00:00:00+08:00,4.463565826416016,4.463565826416016,4.463565826416016,4.463565826416016,21,0.0,0.0
2010-07-12 00:00:00+08:00,4.472982883453369,4.472982883453369,4.472982883453369,4.472982883453369,2000,0.0,0.0
2010-07-13 00:00:00+08:00,4.472982883453369,4.472982883453369,4.472982883453369,4.472982883453369,2,0.0,0.0
2010-07-14 00:00:00+08:00,4.472982883453369,4.472982883453369,4.472982883453369,4.472982883453369,2,0.0,0.0
2010-07-15 00:00:00+08:00,4.472982883453369,4.472982883453369,4.472982883453369,4.472982883453369,3000,0.0,0.0
2010-07-16 00:00:00+08:00,4.237562656402588,4.237562656402588,4.237562656402588,4.237562656402588,2000,0.0,0.0
2010-07-19 00:00:00+08:00,4.37881457645575,4.529483318328857,4.237562406435576,4.529483318328857,6000,0.0,0.0
2010-07-20 00:00:00+08:00,4.218729019165039,4.218729019165039,4.218729019165039,4.218729019165039,1000,0.0,0.0
2010-07-21 00:00:00+08:00,4.096310615539551,4.096310615539551,4.096310615539551,4.096310615539551,56000,0.0,0.0
2010-07-22 00:00:00+08:00,4.096310615539551,4.096310615539551,4.096310615539551,4.096310615539551,2000,0.0,0.0
2010-07-23 00:00:00+08:00,4.378815174102783,4.378815174102783,4.378815174102783,4.378815174102783,10000,0.0,0.0
2010-07-26 00:00:00+08:00,4.378815174102783,4.378815174102783,4.378815174102783,4.378815174102783,4000,0.0,0.0
2010-07-27 00:00:00+08:00,4.378814981726408,4.378814981726408,4.096310615539551,4.096310615539551,8000,0.0,0.0
2010-07-28 00:00:00+08:00,3.8797237873077393,3.8797237873077393,3.8797237873077393,3.8797237873077393,2000,0.0,0.0
2010-07-29 00:00:00+08:00,4.133977560361427,4.133977560361427,3.691387891769409,3.691387891769409,9000,0.0,0.0
2010-07-30 00:00:00+08:00,3.757305383682251,3.757305383682251,3.757305383682251,3.757305383682251,3000,0.0,0.0
2010-08-02 00:00:00+08:00,3.7573060129652376,3.936225175857544,3.7573060129652376,3.936225175857544,4000,0.0,0.0
2010-08-03 00:00:00+08:00,4.096310865213865,4.209312438964844,4.096310865213865,4.209312438964844,5000,0.0,0.0
2010-08-04 00:00:00+08:00,4.1904784778292115,4.1904784778292115,3.9456417560577393,3.9456417560577393,4000,0.0,0.0
2010-08-05 00:00:00+08:00,3.9456417560577393,3.9456417560577393,3.9456417560577393,3.9456417560577393,1000,0.0,0.0
2010-08-06 00:00:00+08:00,3.7196383383750247,4.218729019165039,3.7196383383750247,4.218729019165039,17000,0.0,0.0
2010-08-09 00:00:00+08:00,4.2093120411207865,4.237562656402588,4.199895468712384,4.237562656402588,13000,0.0,0.0
2010-08-10 00:00:00+08:00,4.237562656402588,4.237562656402588,4.237562656402588,4.237562656402588,4000,0.0,0.0
2010-08-11 00:00:00+08:00,4.52006721496582,4.52006721496582,4.52006721496582,4.52006721496582,3000,0.0,0.0
2010-08-12 00:00:00+08:00,4.501233381362279,4.821404474033195,4.20931200567871,4.228145599365234,33000,0.0,0.0
2010-08-13 00:00:00+08:00,4.218729184940148,4.218729184940148,3.983309030532837,3.983309030532837,4000,0.0,0.0
2010-08-16 00:00:00+08:00,3.776139497756958,3.776139497756958,3.776139497756958,3.776139497756958,1000,0.0,0.0
2010-08-17 00:00:00+08:00,4.039809703826904,4.039809703826904,4.039809703826904,4.039809703826904,5000,0.0,0.0
2010-08-18 00:00:00+08:00,4.237562656402588,4.237562656402588,4.237562656402588,4.237562656402588,5000,0.0,0.0
2010-08-19 00:00:00+08:00,3.9550585746765137,3.9550585746765137,3.9550585746765137,3.9550585746765137,1000,0.0,0.0
2010-08-20 00:00:00+08:00,3.9550582663964833,4.228145599365234,3.9550582663964833,4.228145599365234,4000,0.0,0.0
2010-08-23 00:00:00+08:00,4.237562656402588,4.237562656402588,4.237562656402588,4.237562656402588,7000,0.0,0.0
2010-08-24 00:00:00+08:00,4.23756298837582,4.435315963755625,3.964475631713867,3.964475631713867,37000,0.0,0.0
2010-08-25 00:00:00+08:00,3.7949730996994946,3.7949730996994946,3.7855560779571533,3.7855560779571533,4000,0.0,0.0
2010-08-26 00:00:00+08:00,3.550135850906372,3.550135850906372,3.550135850906372,3.550135850906372,1000,0.0,0.0
2010-08-27 00:00:00+08:00,3.7949728965759277,3.7949728965759277,3.7949728965759277,3.7949728965759277,4000,0.0,0.0
2010-08-30 00:00:00+08:00,4.058643341064453,4.058643341064453,4.058643341064453,4.058643341064453,27000,0.0,0.0
2010-08-31 00:00:00+08:00,4.341147605449392,4.341147605449392,3.7761393464843604,3.8138065338134766,33000,0.0,0.0
2010-09-01 00:00:00+08:00,3.8138065338134766,3.8138065338134766,3.8138065338134766,3.8138065338134766,33,0.0,0.0
2010-09-02 00:00:00+08:00,3.823223352432251,3.823223352432251,3.823223352432251,3.823223352432251,8000,0.0,0.0
2010-09-03 00:00:00+08:00,4.0492268464537835,4.0868940353393555,4.0492268464537835,4.0868940353393555,19000,0.0,0.0
2010-09-06 00:00:00+08:00,4.3693976402282715,4.3693976402282715,4.359981068192899,4.3693976402282715,22000,0.0,0.0
2010-09-07 00:00:00+08:00,4.670735578840948,4.670735578840948,4.3693976402282715,4.3693976402282715,24000,0.0,0.0
2010-09-08 00:00:00+08:00,4.359981267872974,4.651902198791504,4.359981267872974,4.651902198791504,2000,0.0,0.0
2010-09-09 00:00:00+08:00,4.520067477536317,4.849655628204346,4.341148093110053,4.849655628204346,10000,0.0,0.0
2010-09-10 00:00:00+08:00,4.520067327295311,4.783737659454346,4.520067327295311,4.783737659454346,11000,0.0,0.0
2010-09-13 00:00:00+08:00,4.52006721496582,4.52006721496582,4.52006721496582,4.52006721496582,2000,0.0,0.0
2010-09-14 00:00:00+08:00,4.52006721496582,4.52006721496582,4.52006721496582,4.52006721496582,2,0.0,0.0
2010-09-15 00:00:00+08:00,4.708402951558431,4.708402951558431,4.237562656402588,4.237562656402588,9000,0.0,0.0
2010-09-16 00:00:00+08:00,3.9550585746765137,3.9550585746765137,3.9550585746765137,3.9550585746765137,2000,0.0,0.0
2010-09-17 00:00:00+08:00,4.228145599365234,4.228145599365234,4.228145599365234,4.228145599365234,5000,0.0,0.0
2010-09-20 00:00:00+08:00,4.52006721496582,4.52006721496582,4.52006721496582,4.52006721496582,9000,0.0,0.0
2010-09-21 00:00:00+08:00,4.491816520690918,4.491816520690918,4.491816520690918,4.491816520690918,1000,0.0,0.0
2010-09-23 00:00:00+08:00,4.49181639042043,4.802570912866451,4.4353156089782715,4.4353156089782715,26000,0.0,0.0
2010-09-24 00:00:00+08:00,4.736653804779053,4.736653804779053,4.520067240166326,4.736653804779053,14000,0.0,0.0
2010-09-27 00:00:00+08:00,5.06624169784075,5.06624169784075,5.047408103942871,5.047408103942871,10000,0.0,0.0
2010-09-28 00:00:00+08:00,5.047408103942871,5.047408103942871,5.047408103942871,5.047408103942871,10,0.0,0.0
2010-09-29 00:00:00+08:00,4.698986053466797,4.708403075150686,4.698986053466797,4.698986053466797,12000,0.0,0.0
2010-09-30 00:00:00+08:00,4.793154236940043,4.990907192230225,4.793154236940043,4.990907192230225,10000,0.0,0.0
2010-10-01 00:00:00+08:00,4.972074039006891,4.981490612030029,4.972074039006891,4.981490612030029,4000,0.0,0.0
2010-10-04 00:00:00+08:00,4.651902198791504,4.651902198791504,4.651902198791504,4.651902198791504,8000,0.0,0.0
2010-10-05 00:00:00+08:00,4.651902198791504,4.651902198791504,4.651902198791504,4.651902198791504,8,0.0,0.0
2010-10-06 00:00:00+08:00,4.972073467009594,4.972073467009594,4.350564002990723,4.350564002990723,11000,0.0,0.0
2010-10-07 00:00:00+08:00,4.651902198791504,4.651902198791504,4.651902198791504,4.651902198791504,8000,0.0,0.0
2010-10-08 00:00:00+08:00,4.972073554992676,4.972073554992676,4.972073554992676,4.972073554992676,12000,0.0,0.0
2010-10-11 00:00:00+08:00,4.972073554992676,4.972073554992676,4.972073554992676,4.972073554992676,12,0.0,0.0
2010-10-12 00:00:00+08:00,4.642485237544821,5.292244911193848,4.642485237544821,5.292244911193848,5000,0.0,0.0
2010-10-13 00:00:00+08:00,5.292244911193848,5.292244911193848,5.292244911193848,5.292244911193848,2000,0.0,0.0
2010-10-14 00:00:00+08:00,5.631249904632568,5.631249904632568,5.631249904632568,5.631249904632568,2000,0.0,0.0
2010-10-15 00:00:00+08:00,5.631249904632568,5.631249904632568,5.631249904632568,5.631249904632568,2,0.0,0.0
2010-10-18 00:00:00+08:00,5.631249904632568,5.631249904632568,5.631249904632568,5.631249904632568,2,0.0,0.0
2010-10-19 00:00:00+08:00,5.461747646331787,5.461747646331787,5.461747646331787,5.461747646331787,2,0.0,0.0
2010-10-20 00:00:00+08:00,5.0850749015808105,5.0850749015808105,5.0850749015808105,5.0850749015808105,2000,0.0,0.0
2010-10-21 00:00:00+08:00,4.736653804779053,4.736653804779053,4.736653804779053,4.736653804779053,10000,0.0,0.0
2010-10-22 00:00:00+08:00,4.990907192230225,4.990907192230225,4.990907192230225,4.990907192230225,5000,0.0,0.0
2010-10-25 00:00:00+08:00,4.943823337554932,4.943823337554932,4.943823337554932,4.943823337554932,6000,0.0,0.0
2010-10-26 00:00:00+08:00,4.614234924316406,4.614234924316406,4.614234924316406,4.614234924316406,1000,0.0,0.0
2010-10-27 00:00:00+08:00,4.614234924316406,4.614234924316406,4.614234924316406,4.614234924316406,1,0.0,0.0
2010-10-28 00:00:00+08:00,4.849655628204346,4.849655628204346,4.849655628204346,4.849655628204346,6000,0.0,0.0
2010-10-29 00:00:00+08:00,4.990907192230225,4.990907192230225,4.990907192230225,4.990907192230225,7000,0.0,0.0
2010-11-01 00:00:00+08:00,4.972073922819397,5.339329242706299,4.972073922819397,5.339329242706299,59000,0.0,0.0
2010-11-02 00:00:00+08:00,5.452330331981963,5.452330331981963,5.348745346069336,5.348745346069336,3000,0.0,0.0
2010-11-03 00:00:00+08:00,5.320495466869563,5.706584368241781,5.320495466869563,5.461747646331787,17000,0.0,0.0
2010-11-04 00:00:00+08:00,5.461747526675377,5.621832847595215,5.461747526675377,5.621832847595215,7000,0.0,0.0
2010-11-05 00:00:00+08:00,5.621832926588316,6.007922273955349,5.621832926588316,5.650083541870117,41000,0.0,0.0
2010-11-08 00:00:00+08:00,5.640666441175684,5.640666441175684,5.273411141842401,5.621832847595215,15,0.0,0.0
2010-11-09 00:00:00+08:00,5.602999210357666,6.007922142725125,5.602999210357666,5.602999210357666,15000,0.0,0.0
2010-11-10 00:00:00+08:00,5.593582760334812,5.650083541870117,5.593582760334812,5.650083541870117,9000,0.0,0.0
2010-11-11 00:00:00+08:00,5.6406665824903675,5.6406665824903675,5.273411273956299,5.273411273956299,5000,0.0,0.0
2010-11-12 00:00:00+08:00,5.508831505881155,5.640666666203854,5.301661968231201,5.301661968231201,40000,0.0,0.0
2010-11-15 00:00:00+08:00,5.301662317748619,5.668917655944824,5.301662317748619,5.668917655944824,42000,0.0,0.0
2010-11-16 00:00:00+08:00,5.857253562499515,6.064423561096191,5.857253562499515,6.064423561096191,35000,0.0,0.0
2010-11-17 00:00:00+08:00,6.309260302691814,6.488179683685303,6.309260302691814,6.488179683685303,24000,0.0,0.0
2010-11-18 00:00:00+08:00,6.940186023712158,6.940186023712158,6.940186023712158,6.940186023712158,30000,0.0,0.0
2010-11-19 00:00:00+08:00,7.4016093351287,7.420442928387417,6.968436241149902,6.968436241149902,48000,0.0,0.0
2010-11-22 00:00:00+08:00,6.497596263885498,6.497596263885498,6.497596263885498,6.497596263885498,4000,0.0,0.0
2010-11-23 00:00:00+08:00,6.478762149810791,6.478762149810791,6.478762149810791,6.478762149810791,6000,0.0,0.0
2010-11-24 00:00:00+08:00,6.591764450073242,6.591764450073242,6.40342850253962,6.591764450073242,10000,0.0,0.0
2010-11-25 00:00:00+08:00,6.8177676027833805,7.0155205726623535,6.8177676027833805,7.0155205726623535,10000,0.0,0.0
2010-11-26 00:00:00+08:00,6.968436802908194,7.006103992462158,6.968436802908194,7.006103992462158,5000,0.0,0.0
2010-11-29 00:00:00+08:00,7.006103992462158,7.006103992462158,7.006103992462158,7.006103992462158,5,0.0,0.0
2010-11-30 00:00:00+08:00,7.006104213304313,7.3074421882629395,7.006104213304313,7.3074421882629395,5000,0.0,0.0
2010-12-01 00:00:00+08:00,6.798933982849121,6.798933982849121,6.798933982849121,6.798933982849121,2000,0.0,0.0
2010-12-02 00:00:00+08:00,6.328093528747559,6.337510550421503,6.328093528747559,6.328093528747559,11000,0.0,0.0
2010-12-03 00:00:00+08:00,5.885504245758057,5.885504245758057,5.885504245758057,5.885504245758057,8000,0.0,0.0
2010-12-06 00:00:00+08:00,5.885504245758057,5.885504245758057,5.885504245758057,5.885504245758057,2000,0.0,0.0
2010-12-07 00:00:00+08:00,6.233925263929792,6.233925263929792,5.5747490447212265,5.602999210357666,8000,0.0,0.0
2010-12-08 00:00:00+08:00,5.226327142516799,5.904336929321289,5.226327142516799,5.904336929321289,7000,0.0,0.0
2010-12-09 00:00:00+08:00,5.537082122584252,6.12092399597168,5.537082122584252,6.12092399597168,15000,0.0,0.0
2010-12-10 00:00:00+08:00,6.1020904254654935,6.544680118560791,6.1020904254654935,6.544680118560791,27000,0.0,0.0
2010-12-13 00:00:00+08:00,6.544680118560791,6.544680118560791,6.544680118560791,6.544680118560791,27,0.0,0.0
2010-12-14 00:00:00+08:00,6.874268054962158,6.874268054962158,6.874268054962158,6.874268054962158,2000,0.0,0.0
2010-12-15 00:00:00+08:00,6.403428554534912,6.403428554534912,6.403428554534912,6.403428554534912,2000,0.0,0.0
2010-12-16 00:00:00+08:00,5.989088535308838,5.989088535308838,5.989088535308838,5.989088535308838,1000,0.0,0.0
2010-12-17 00:00:00+08:00,5.989088535308838,5.989088535308838,5.989088535308838,5.989088535308838,1,0.0,0.0
2010-12-20 00:00:00+08:00,5.6124162673950195,5.744251422272163,5.574749080287265,5.6124162673950195,43000,0.0,0.0
2010-12-21 00:00:00+08:00,5.8949208818518315,5.932588070634475,5.716001510620117,5.716001510620117,28000,0.0,0.0
2010-12-22 00:00:00+08:00,5.716001510620117,5.716001510620117,5.716001510620117,5.716001510620117,28,0.0,0.0
2010-12-23 00:00:00+08:00,5.716001510620117,5.716001510620117,5.716001510620117,5.716001510620117,6000,0.0,0.0
2010-12-24 00:00:00+08:00,5.716001344842121,5.716001344842121,5.650083541870117,5.650083541870117,28000,0.0,0.0
2010-12-27 00:00:00+08:00,5.640666756858295,5.640666756858295,5.339329242706299,5.339329242706299,3000,0.0,0.0
2010-12-28 00:00:00+08:00,5.706584626957223,5.706584626957223,5.075658526042854,5.160409927368164,8000,0.0,0.0
2010-12-29 00:00:00+08:00,5.367579323878396,5.518248527561217,5.301661968231201,5.301661968231201,4000,0.0,0.0
2010-12-30 00:00:00+08:00,5.555916082504197,5.668917655944824,5.555916082504197,5.668917655944824,22000,0.0,0.0
2010-12-31 00:00:00+08:00,6.055005806479346,6.055005806479346,5.348745390290055,5.565331935882568,20000,0.0,0.0
2011-01-03 00:00:00+08:00,5.942004680633545,5.942004680633545,5.942004680633545,5.942004680633545,2000,0.0,0.0
2011-01-04 00:00:00+08:00,5.555916097801274,5.885504245758057,5.555916097801274,5.885504245758057,13000,0.0,0.0
2011-01-05 00:00:00+08:00,5.489997863769531,5.489997863769531,5.489997863769531,5.489997863769531,1000,0.0,0.0
2011-01-06 00:00:00+08:00,5.810169219970703,5.810169219970703,5.810169219970703,5.810169219970703,16000,0.0,0.0
2011-01-07 00:00:00+08:00,5.442914009094238,5.442914009094238,5.442914009094238,5.442914009094238,1000,0.0,0.0
2011-01-10 00:00:00+08:00,5.301661968231201,5.301661968231201,5.301661968231201,5.301661968231201,1000,0.0,0.0
2011-01-11 00:00:00+08:00,5.555915355256877,5.668916913906047,5.3581624031066895,5.3581624031066895,3000,0.0,0.0
2011-01-12 00:00:00+08:00,5.056824972584598,5.179243564605713,5.056824972584598,5.179243564605713,2000,0.0,0.0
2011-01-13 00:00:00+08:00,4.849655055452258,5.537081893786597,4.849655055452258,5.207493782043457,6000,0.0,0.0
2011-01-14 00:00:00+08:00,4.962656497955322,4.962656497955322,4.962656497955322,4.962656497955322,1000,0.0,0.0
2011-01-17 00:00:00+08:00,5.066241791761776,5.094491958618164,5.066241791761776,5.094491958618164,4000,0.0,0.0
2011-01-18 00:00:00+08:00,5.442914216917873,5.442914216917873,4.849655314654951,5.132159233093262,5000,0.0,0.0
2011-01-19 00:00:00+08:00,5.282828307744321,5.282828307744321,4.868488788604736,4.868488788604736,18000,0.0,0.0
2011-01-20 00:00:00+08:00,5.085075076628728,5.207493656300515,4.567150592803955,4.567150592803955,6000,0.0,0.0
2011-01-21 00:00:00+08:00,4.680152416229248,4.680152416229248,4.680152416229248,4.680152416229248,1000,0.0,0.0
2011-01-24 00:00:00+08:00,4.680152416229248,4.680152416229248,4.680152416229248,4.680152416229248,1,0.0,0.0
2011-01-25 00:00:00+08:00,4.614235383616525,5.00032431553204,4.614235383616525,4.821404933929443,17000,0.0,0.0
2011-01-26 00:00:00+08:00,5.1509928703308105,5.1509928703308105,5.1509928703308105,5.1509928703308105,12000,0.0,0.0
2011-01-27 00:00:00+08:00,5.132159165675761,5.50883150100708,5.132159165675761,5.50883150100708,12000,0.0,0.0
2011-01-28 00:00:00+08:00,5.565332486641802,5.8855040506883105,5.179243564605713,5.179243564605713,10000,0.0,0.0
2011-02-08 00:00:00+08:00,5.537081718444824,5.537081718444824,4.877905066804282,5.537081718444824,49000,0.0,0.0
2011-02-09 00:00:00+08:00,5.508831424124243,5.65008360403067,5.273411273956299,5.273411273956299,39000,0.0,0.0
2011-02-10 00:00:00+08:00,5.461748030659817,5.640666961669922,5.461748030659817,5.640666961669922,8000,0.0,0.0
2011-02-11 00:00:00+08:00,6.017338788437889,6.0267558097839355,6.017338788437889,6.0267558097839355,82000,0.0,0.0
2011-02-14 00:00:00+08:00,6.026755840433773,6.441095352172852,6.026755840433773,6.441095352172852,18000,0.0,0.0
2011-02-15 00:00:00+08:00,6.88368558883667,6.88368558883667,6.88368558883667,6.88368558883667,33000,0.0,0.0
2011-02-16 00:00:00+08:00,7.3639421463012695,7.3639421463012695,7.3639421463012695,7.3639421463012695,95000,0.0,0.0
2011-02-17 00:00:00+08:00,7.872450351715088,7.872450351715088,7.872450351715088,7.872450351715088,59000,0.0,0.0
2011-02-18 00:00:00+08:00,8.418624614981455,8.418624614981455,7.326275653812199,7.881866931915283,70000,0.0,0.0
2011-02-21 00:00:00+08:00,7.533444627571136,7.533444627571136,7.392192450998519,7.429859638214111,6000,0.0,0.0
2011-02-22 00:00:00+08:00,6.911935806274414,6.911935806274414,6.911935806274414,6.911935806274414,40000,0.0,0.0
2011-02-23 00:00:00+08:00,6.535263538360596,6.535263538360596,6.535263538360596,6.535263538360596,1000,0.0,0.0
2011-02-24 00:00:00+08:00,6.224508673066024,6.987269878387451,6.224508673066024,6.987269878387451,2000,0.0,0.0
2011-02-25 00:00:00+08:00,6.601181303229144,7.335691928863525,6.601181303229144,7.335691928863525,5000,0.0,0.0
2011-03-01 00:00:00+08:00,6.836601734161377,6.836601734161377,6.836601734161377,6.836601734161377,2000,0.0,0.0
2011-03-02 00:00:00+08:00,7.250940953122677,7.3074421882629395,7.250940953122677,7.3074421882629395,25000,0.0,0.0
2011-03-03 00:00:00+08:00,6.808350956598018,7.787699222564697,6.808350956598018,7.787699222564697,3000,0.0,0.0
2011-03-04 00:00:00+08:00,7.269773960113525,7.269773960113525,7.269773960113525,7.269773960113525,1000,0.0,0.0
2011-03-07 00:00:00+08:00,7.269773960113525,7.269773960113525,7.269773960113525,7.269773960113525,0,0.0,0.0
2011-03-08 00:00:00+08:00,7.241523742675781,7.241523742675781,7.241523742675781,7.241523742675781,4000,0.0,0.0
2011-03-09 00:00:00+08:00,7.222689929139393,7.345108509063721,6.751849651610392,7.345108509063721,3000,0.0,0.0
2011-03-10 00:00:00+08:00,6.836601734161377,6.836601734161377,6.836601734161377,6.836601734161377,2000,0.0,0.0
2011-03-11 00:00:00+08:00,6.365761112401504,6.874268603743837,6.365761112401504,6.507012844085693,6000,0.0,0.0
2011-03-14 00:00:00+08:00,6.733016524206495,6.827184496420425,6.130341053009033,6.130341053009033,5000,0.0,0.0
2011-03-15 00:00:00+08:00,5.716001302829213,5.838419437408447,5.716001302829213,5.838419437408447,17000,0.0,0.0
2011-03-16 00:00:00+08:00,5.6595001220703125,5.6595001220703125,5.6595001220703125,5.6595001220703125,1000,0.0,0.0
2011-03-17 00:00:00+08:00,6.045589454823902,6.05500602722168,5.838419473733249,6.05500602722168,22000,0.0,0.0
2011-03-18 00:00:00+08:00,5.631249583574962,6.478762149810791,5.631249583574962,6.478762149810791,5000,0.0,0.0
2011-03-21 00:00:00+08:00,6.441094974839706,6.911935240274696,6.441094974839706,6.874268054962158,11000,0.0,0.0
2011-03-22 00:00:00+08:00,6.874268054962158,6.874268054962158,6.874268054962158,6.874268054962158,0,0.0,0.0
2011-03-23 00:00:00+08:00,6.874268054962158,6.874268054962158,6.874268054962158,6.874268054962158,0,0.0,0.0
2011-03-24 00:00:00+08:00,6.874268054962158,6.874268054962158,6.874268054962158,6.874268054962158,0,0.0,0.0
2011-03-25 00:00:00+08:00,6.394011497497559,6.394011497497559,6.394011497497559,6.394011497497559,1000,0.0,0.0
2011-03-28 00:00:00+08:00,5.9702549854942975,6.780099956192748,5.9702549854942975,6.412844657897949,11000,0.0,0.0
2011-03-29 00:00:00+08:00,6.412844657897949,6.412844657897949,6.412844657897949,6.412844657897949,0,0.0,0.0
2011-03-30 00:00:00+08:00,5.989088622456335,6.0267558097839355,5.989088622456335,6.0267558097839355,3000,0.0,0.0
2011-03-31 00:00:00+08:00,6.403428554534912,6.403428554534912,6.403428554534912,6.403428554534912,12000,0.0,0.0
2011-04-01 00:00:00+08:00,5.989089017568223,6.403428554534912,5.989089017568223,6.403428554534912,16000,0.0,0.0
2011-04-06 00:00:00+08:00,6.403428519413214,6.403428519413214,6.394011497497559,6.394011497497559,2000,0.0,0.0
2011-04-07 00:00:00+08:00,6.384594440460205,6.384594440460205,6.384594440460205,6.384594440460205,5000,0.0,0.0
2011-04-08 00:00:00+08:00,6.384595006494706,6.384595006494706,6.01733922958374,6.01733922958374,5000,0.0,0.0
2011-04-11 00:00:00+08:00,6.00792254537086,6.00792254537086,5.76308536529541,5.76308536529541,5000,0.0,0.0
2011-04-12 00:00:00+08:00,6.0267558097839355,6.0267558097839355,6.0267558097839355,6.0267558097839355,1000,0.0,0.0
2011-04-13 00:00:00+08:00,6.441095327827054,6.441095327827054,6.036172389984131,6.036172389984131,24000,0.0,0.0
2011-04-14 00:00:00+08:00,6.036172389984131,6.036172389984131,6.036172389984131,6.036172389984131,1000,0.0,0.0
2011-04-15 00:00:00+08:00,6.055006191287947,6.12092399597168,6.055006191287947,6.12092399597168,8000,0.0,0.0
2011-04-18 00:00:00+08:00,6.535263538360596,6.535263538360596,6.224509006476382,6.535263538360596,16000,0.0,0.0
2011-04-19 00:00:00+08:00,6.535263538360596,6.535263538360596,6.535263538360596,6.535263538360596,0,0.0,0.0
2011-04-20 00:00:00+08:00,6.4787627373491254,6.5917643033541164,6.12092399597168,6.12092399597168,8000,0.0,0.0
2011-04-21 00:00:00+08:00,6.12092399597168,6.12092399597168,6.12092399597168,6.12092399597168,0,0.0,0.0
2011-04-22 00:00:00+08:00,6.12092399597168,6.12092399597168,6.12092399597168,6.12092399597168,0,0.0,0.0
2011-04-25 00:00:00+08:00,6.346926689147949,6.346926689147949,6.346926689147949,6.346926689147949,3000,0.0,0.0
2011-04-26 00:00:00+08:00,6.346926689147949,6.346926689147949,6.346926689147949,6.346926689147949,0,0.0,0.0
2011-04-27 00:00:00+08:00,5.913754463195801,5.913754463195801,5.913754463195801,5.913754463195801,1000,0.0,0.0
2011-04-28 00:00:00+08:00,5.91375398810299,5.91375398810299,5.527664661407471,5.527664661407471,3000,0.0,0.0
2011-04-29 00:00:00+08:00,5.640666182268934,5.904336929321289,5.640666182268934,5.904336929321289,21000,0.0,0.0
2011-05-03 00:00:00+08:00,5.904336929321289,5.904336929321289,5.904336929321289,5.904336929321289,0,0.0,0.0
2011-05-04 00:00:00+08:00,5.518248558044434,5.518248558044434,5.518248558044434,5.518248558044434,1000,0.0,0.0
2011-05-05 00:00:00+08:00,5.282828340501467,5.894920825958252,5.282828340501467,5.894920825958252,9000,0.0,0.0
2011-05-06 00:00:00+08:00,5.894920825958252,5.894920825958252,5.894920825958252,5.894920825958252,0,0.0,0.0
2011-05-09 00:00:00+08:00,5.876086235046387,5.876086235046387,5.471163772698263,5.876086235046387,13000,0.0,0.0
2011-05-10 00:00:00+08:00,5.518248522678809,5.518248522678809,5.50883150100708,5.50883150100708,11000,0.0,0.0
2011-05-11 00:00:00+08:00,5.329912185668945,5.329912185668945,5.329912185668945,5.329912185668945,3000,0.0,0.0
2011-05-12 00:00:00+08:00,5.555915649934706,5.6783342361450195,5.22632752854627,5.6783342361450195,13000,0.0,0.0
2011-05-13 00:00:00+08:00,5.6595001220703125,5.6595001220703125,5.6595001220703125,5.6595001220703125,2000,0.0,0.0
2011-05-16 00:00:00+08:00,5.650083541870117,5.650083541870117,5.650083541870117,5.650083541870117,18000,0.0,0.0
2011-05-17 00:00:00+08:00,5.263994658181658,5.8478365180330085,5.25457763671875,5.25457763671875,7000,0.0,0.0
2011-05-18 00:00:00+08:00,5.55591549457772,5.621832847595215,5.55591549457772,5.621832847595215,6000,0.0,0.0
2011-05-19 00:00:00+08:00,5.621832847595215,5.621832847595215,5.621832847595215,5.621832847595215,0,0.0,0.0
2011-05-20 00:00:00+08:00,5.71600108624526,5.744251251220703,5.71600108624526,5.744251251220703,60000,0.0,0.0
2011-05-23 00:00:00+08:00,5.518248558044434,5.518248558044434,5.518248558044434,5.518248558044434,1000,0.0,0.0
2011-05-24 00:00:00+08:00,5.46174770807604,5.46174770807604,5.292244911193848,5.292244911193848,8000,0.0,0.0
2011-05-25 00:00:00+08:00,4.990907069733533,5.141575813293457,4.990907069733533,5.141575813293457,4000,0.0,0.0
2011-05-26 00:00:00+08:00,5.0285749435424805,5.0285749435424805,5.0285749435424805,5.0285749435424805,2000,0.0,0.0
2011-05-27 00:00:00+08:00,5.3769965171813965,5.3769965171813965,5.3769965171813965,5.3769965171813965,3000,0.0,0.0
2011-05-30 00:00:00+08:00,5.3769965171813965,5.3769965171813965,5.3769965171813965,5.3769965171813965,0,0.0,0.0
2011-05-31 00:00:00+08:00,5.132159233093262,5.132159233093262,5.132159233093262,5.132159233093262,3000,0.0,0.0
2011-06-01 00:00:00+08:00,5.132159233093262,5.132159233093262,5.132159233093262,5.132159233093262,0,0.0,0.0
2011-06-02 00:00:00+08:00,4.783737355733516,5.273411247681948,4.783737355733516,4.859071731567383,9000,0.0,0.0
2011-06-03 00:00:00+08:00,5.019157409667969,5.019157409667969,5.019157409667969,5.019157409667969,2000,0.0,0.0
2011-06-07 00:00:00+08:00,5.019157409667969,5.019157409667969,5.019157409667969,5.019157409667969,0,0.0,0.0
2011-06-08 00:00:00+08:00,5.019157409667969,5.019157409667969,5.019157409667969,5.019157409667969,3000,0.0,0.0
2011-06-09 00:00:00+08:00,5.329911920192067,5.3581625350642375,5.009740829467773,5.009740829467773,14000,0.0,0.0
2011-06-10 00:00:00+08:00,5.000324249267578,5.000324249267578,5.000324249267578,5.000324249267578,3000,0.0,0.0
2011-06-13 00:00:00+08:00,4.953240197098446,5.028574573642737,4.670735836029053,4.670735836029053,7000,0.0,0.0
2011-06-14 00:00:00+08:00,4.9061557973834935,4.990907192230225,4.9061557973834935,4.990907192230225,5000,0.0,0.0
2011-06-15 00:00:00+08:00,4.990907192230225,4.990907192230225,4.990907192230225,4.990907192230225,2000,0.0,0.0
2011-06-16 00:00:00+08:00,4.849654839731701,4.849654839731701,4.717819690704346,4.717819690704346,10000,0.0,0.0
2011-06-17 00:00:00+08:00,4.510650634765625,4.510650634765625,4.510650634765625,4.510650634765625,1000,0.0,0.0
2011-06-20 00:00:00+08:00,4.821404970325155,4.821404970325155,4.209312438964844,4.209312438964844,12000,0.0,0.0
2011-06-21 00:00:00+08:00,3.9738917350769043,3.9738917350769043,3.9738917350769043,3.9738917350769043,1000,0.0,0.0
2011-06-22 00:00:00+08:00,4.24697971872438,4.24697971872438,3.7478888034820557,3.7478888034820557,2000,0.0,0.0
2011-06-23 00:00:00+08:00,3.7478888034820557,3.7478888034820557,3.7478888034820557,3.7478888034820557,0,0.0,0.0
2011-06-24 00:00:00+08:00,3.7478888034820557,3.7478888034820557,3.7478888034820557,3.7478888034820557,0,0.0,0.0
2011-06-27 00:00:00+08:00,3.8138065338134766,3.8138065338134766,3.8138065338134766,3.8138065338134766,0,0.0,0.0
2011-06-28 00:00:00+08:00,4.359981536865234,4.359981536865234,4.359981536865234,4.359981536865234,8000,0.0,0.0
2011-06-29 00:00:00+08:00,4.661318302154541,4.661318302154541,4.661318302154541,4.661318302154541,8000,0.0,0.0
2011-06-30 00:00:00+08:00,4.802571234307134,4.981490612030029,4.802571234307134,4.981490612030029,12000,0.0,0.0
2011-07-01 00:00:00+08:00,5.000324057228088,5.329912185668945,5.000324057228088,5.329912185668945,8000,0.0,0.0
2011-07-04 00:00:00+08:00,5.329912185668945,5.329912185668945,5.329912185668945,5.329912185668945,5000,0.0,0.0
2011-07-05 00:00:00+08:00,5.452330983897727,5.452330983897727,5.000324249267578,5.000324249267578,6000,0.0,0.0
2011-07-06 00:00:00+08:00,5.282828330993652,5.3487456861054845,5.282828330993652,5.282828330993652,35000,0.0,0.0
2011-07-07 00:00:00+08:00,5.273411273956299,5.273411273956299,5.273411273956299,5.273411273956299,1000,0.0,0.0
2011-07-08 00:00:00+08:00,5.2639946937561035,5.2639946937561035,5.2639946937561035,5.2639946937561035,1000,0.0,0.0
2011-07-11 00:00:00+08:00,5.631249904632568,5.631249904632568,5.631249904632568,5.631249904632568,1000,0.0,0.0
2011-07-12 00:00:00+08:00,5.923170566558838,5.923170566558838,5.923170566558838,5.923170566558838,1000,0.0,0.0
2011-07-13 00:00:00+08:00,5.650083682884864,5.650083682884864,5.50883150100708,5.50883150100708,4000,0.0,0.0
2011-07-14 00:00:00+08:00,5.282828191422986,5.829002857208252,5.282828191422986,5.829002857208252,4000,0.0,0.0
2011-07-15 00:00:00+08:00,5.5935830471169785,5.772502422332764,5.424080693820701,5.772502422332764,6000,0.0,0.0
2011-07-18 00:00:00+08:00,5.763085062581752,5.838419437408447,5.744251468875078,5.838419437408447,13000,0.0,0.0
2011-07-19 00:00:00+08:00,5.838419437408447,5.838419437408447,5.838419437408447,5.838419437408447,0,0.0,0.0
2011-07-20 00:00:00+08:00,5.791335582733154,5.791335582733154,5.791335582733154,5.791335582733154,0,0.0,0.0
2011-07-21 00:00:00+08:00,5.791335582733154,5.791335582733154,5.791335582733154,5.791335582733154,0,0.0,0.0
2011-07-22 00:00:00+08:00,5.744251251220703,5.744251251220703,5.744251251220703,5.744251251220703,3000,0.0,0.0
2011-07-25 00:00:00+08:00,5.3487460097214194,5.640666961669922,5.3487460097214194,5.640666961669922,6000,0.0,0.0
2011-07-26 00:00:00+08:00,5.640666961669922,5.640666961669922,5.640666961669922,5.640666961669922,0,0.0,0.0
2011-07-27 00:00:00+08:00,5.16982646709338,5.555915832519531,5.16982646709338,5.555915832519531,6000,0.0,0.0
2011-07-28 00:00:00+08:00,5.546498342486932,5.546498342486932,5.169826030731201,5.169826030731201,14000,0.0,0.0
2011-07-29 00:00:00+08:00,5.169826030731201,5.169826030731201,5.169826030731201,5.169826030731201,0,0.0,0.0
2011-08-01 00:00:00+08:00,5.169826030731201,5.169826030731201,5.169826030731201,5.169826030731201,0,0.0,0.0
2011-08-02 00:00:00+08:00,5.169826155090938,5.169826155090938,4.81198787689209,4.81198787689209,8000,0.0,0.0
2011-08-03 00:00:00+08:00,5.1415756953615865,5.1415756953615865,4.501233100891113,4.501233100891113,6000,0.0,0.0
2011-08-04 00:00:00+08:00,4.501233100891113,4.501233100891113,4.501233100891113,4.501233100891113,0,0.0,0.0
2011-08-05 00:00:00+08:00,4.482399940490723,4.482399940490723,4.482399940490723,4.482399940490723,2000,0.0,0.0
2011-08-08 00:00:00+08:00,4.1810622215271,4.1810622215271,4.1810622215271,4.1810622215271,2000,0.0,0.0
2011-08-09 00:00:00+08:00,3.898557424545288,3.898557424545288,3.898557424545288,3.898557424545288,1000,0.0,0.0
2011-08-10 00:00:00+08:00,4.162228584289551,4.162228584289551,4.15281156216671,4.162228584289551,6000,0.0,0.0
2011-08-11 00:00:00+08:00,4.4164820229219135,4.444732189178467,4.4164820229219135,4.444732189178467,6000,0.0,0.0
2011-08-12 00:00:00+08:00,4.425898595331332,4.444732189178467,4.425898595331332,4.444732189178467,4000,0.0,0.0
2011-08-15 00:00:00+08:00,4.444731955957417,4.444731955957417,4.143394470214844,4.143394470214844,7000,0.0,0.0
2011-08-16 00:00:00+08:00,4.425899028778076,4.425899028778076,4.058643688277954,4.425899028778076,16000,0.0,0.0
2011-08-17 00:00:00+08:00,4.425898784293715,4.727236747741699,4.425898784293715,4.727236747741699,137000,0.0,0.0
2011-08-18 00:00:00+08:00,5.056824818497341,5.056824818497341,4.8025710692161425,4.906156063079834,212000,0.0,0.0
2011-08-19 00:00:00+08:00,4.896739341550004,5.245161533355713,4.896739341550004,5.245161533355713,336000,0.0,0.0
2011-08-22 00:00:00+08:00,5.245161533355713,5.245161533355713,5.245161533355713,5.245161533355713,0,0.0,0.0
2011-08-23 00:00:00+08:00,5.245161533355713,5.245161533355713,5.245161533355713,5.245161533355713,0,0.0,0.0
2011-08-24 00:00:00+08:00,5.245161533355713,5.245161533355713,5.245161533355713,5.245161533355713,0,0.0,0.0
2011-08-25 00:00:00+08:00,5.245161533355713,5.245161533355713,5.245161533355713,5.245161533355713,0,0.0,0.0
2011-08-26 00:00:00+08:00,5.245161533355713,5.245161533355713,5.245161533355713,5.245161533355713,0,0.0,0.0
2011-08-29 00:00:00+08:00,5.245161533355713,5.245161533355713,5.245161533355713,5.245161533355713,0,0.0,0.0
2011-08-30 00:00:00+08:00,5.245161533355713,5.245161533355713,5.245161533355713,5.245161533355713,0,0.0,0.0
2011-08-31 00:00:00+08:00,5.245161533355713,5.245161533355713,5.245161533355713,5.245161533355713,0,0.0,0.0
2011-09-01 00:00:00+08:00,5.245161533355713,5.245161533355713,5.245161533355713,5.245161533355713,0,0.0,0.0
2011-09-02 00:00:00+08:00,5.245161533355713,5.245161533355713,5.245161533355713,5.245161533355713,0,0.0,0.0
2011-09-05 00:00:00+08:00,5.245161533355713,5.245161533355713,5.245161533355713,5.245161533355713,0,0.0,0.0
2011-09-06 00:00:00+08:00,5.245161533355713,5.245161533355713,5.245161533355713,5.245161533355713,0,0.0,0.0
2011-09-07 00:00:00+08:00,12.430184364318848,12.430184364318848,11.676839666893567,12.430184364318848,82000,0.0,0.0
2011-09-08 00:00:00+08:00,13.277696367397866,13.277696367397866,11.582671165466309,11.582671165466309,34000,0.0,0.0
2011-09-09 00:00:00+08:00,11.582671440445058,11.582671440445058,11.300167083740234,11.300167083740234,14000,0.0,0.0
2011-09-13 00:00:00+08:00,11.39433562735116,11.39433562735116,10.546822547912598,10.546822547912598,9000,0.0,0.0
2011-09-14 00:00:00+08:00,9.840562299105578,11.253083229064941,9.840562299105578,11.253083229064941,3000,0.0,0.0
2011-09-15 00:00:00+08:00,10.546822547912598,10.546822547912598,10.546822547912598,10.546822547912598,3000,0.0,0.0
2011-09-16 00:00:00+08:00,10.546822547912598,10.546822547912598,10.546822547912598,10.546822547912598,0,0.0,0.0
2011-09-19 00:00:00+08:00,10.546822547912598,10.546822547912598,10.546822547912598,10.546822547912598,0,0.0,0.0
2011-09-20 00:00:00+08:00,10.546822547912598,10.546822547912598,10.546822547912598,10.546822547912598,0,0.0,0.0
2011-09-21 00:00:00+08:00,10.546822547912598,10.546822547912598,10.546822547912598,10.546822547912598,0,0.0,0.0
2011-09-22 00:00:00+08:00,10.546822547912598,10.546822547912598,10.546822547912598,10.546822547912598,0,0.0,0.0
2011-09-23 00:00:00+08:00,10.546822547912598,10.546822547912598,10.546822547912598,10.546822547912598,0,0.0,0.0
2011-09-26 00:00:00+08:00,10.546822547912598,10.546822547912598,10.546822547912598,10.546822547912598,0,0.0,0.0
2011-09-27 00:00:00+08:00,10.546822547912598,10.546822547912598,10.546822547912598,10.546822547912598,0,0.0,0.0
2011-09-28 00:00:00+08:00,10.546822547912598,10.546822547912598,10.546822547912598,10.546822547912598,0,0.0,0.0
2011-09-29 00:00:00+08:00,10.546822547912598,10.546822547912598,10.546822547912598,10.546822547912598,0,0.0,0.0
2011-09-30 00:00:00+08:00,10.546822547912598,10.546822547912598,10.546822547912598,10.546822547912598,0,0.0,0.0
2011-10-03 00:00:00+08:00,10.546822547912598,10.546822547912598,10.546822547912598,10.546822547912598,0,0.0,0.0
2011-10-04 00:00:00+08:00,10.546822547912598,10.546822547912598,10.546822547912598,10.546822547912598,0,0.0,0.0
2011-10-05 00:00:00+08:00,10.546822547912598,10.546822547912598,10.546822547912598,10.546822547912598,0,0.0,0.0
2011-10-06 00:00:00+08:00,10.546822547912598,10.546822547912598,10.546822547912598,10.546822547912598,0,0.0,0.0
2011-10-07 00:00:00+08:00,10.546822547912598,10.546822547912598,10.546822547912598,10.546822547912598,0,0.0,0.0
2011-10-11 00:00:00+08:00,10.546822547912598,10.546822547912598,10.546822547912598,10.546822547912598,0,0.0,0.0
2011-10-12 00:00:00+08:00,10.546822547912598,10.546822547912598,10.546822547912598,10.546822547912598,0,0.0,0.0
2011-10-13 00:00:00+08:00,10.546822547912598,10.546822547912598,10.546822547912598,10.546822547912598,0,0.0,0.0
2011-10-14 00:00:00+08:00,10.546822547912598,10.546822547912598,10.546822547912598,10.546822547912598,0,0.0,0.0
2011-10-17 00:00:00+08:00,10.546822547912598,10.546822547912598,10.546822547912598,10.546822547912598,0,0.0,0.0
2011-10-18 00:00:00+08:00,10.546822547912598,10.546822547912598,10.546822547912598,10.546822547912598,0,0.0,0.0
2011-10-19 00:00:00+08:00,10.546822547912598,10.546822547912598,10.546822547912598,10.546822547912598,0,0.0,0.0
2011-10-20 00:00:00+08:00,10.546822547912598,10.546822547912598,10.546822547912598,10.546822547912598,0,0.0,0.0
2011-10-21 00:00:00+08:00,10.546822547912598,10.546822547912598,10.546822547912598,10.546822547912598,0,0.0,0.0
2011-10-24 00:00:00+08:00,10.499738693237305,10.499738693237305,10.499738693237305,10.499738693237305,0,0.0,0.0
2011-10-25 00:00:00+08:00,10.499738693237305,10.499738693237305,10.499738693237305,10.499738693237305,0,0.0,0.0
2011-10-26 00:00:00+08:00,9.793478012084961,9.793478012084961,9.793478012084961,9.793478012084961,0,0.0,0.0
2011-10-27 00:00:00+08:00,10.452654838562012,10.452654838562012,10.452654838562012,10.452654838562012,8000,0.0,0.0
2011-10-28 00:00:00+08:00,11.111831665039062,11.158915876368303,11.111831665039062,11.111831665039062,5000,0.0,0.0
2011-10-31 00:00:00+08:00,11.8651762008667,11.8651762008667,11.8651762008667,11.8651762008667,1000,0.0,0.0
2011-11-01 00:00:00+08:00,11.8651762008667,11.8651762008667,11.8651762008667,11.8651762008667,0,0.0,0.0
2011-11-02 00:00:00+08:00,11.8651762008667,11.8651762008667,11.8651762008667,11.8651762008667,0,0.0,0.0
2011-11-03 00:00:00+08:00,12.665604591369629,12.665604591369629,12.665604591369629,12.665604591369629,23000,0.0,0.0
2011-11-04 00:00:00+08:00,13.513116836547852,13.513116836547852,13.513116836547852,13.513116836547852,23000,0.0,0.0
2011-11-07 00:00:00+08:00,14.454797744750977,14.454797744750977,14.454797744750977,14.454797744750977,13000,0.0,0.0
2011-11-08 00:00:00+08:00,15.443560600280762,15.443560600280762,15.443560600280762,15.443560600280762,31000,0.0,0.0
2011-11-09 00:00:00+08:00,16.479412078857422,16.479412078857422,16.479412078857422,16.479412078857422,22000,0.0,0.0
2011-11-10 00:00:00+08:00,17.60942840576172,17.60942840576172,17.60942840576172,17.60942840576172,56000,0.0,0.0
2011-11-11 00:00:00+08:00,18.83361053466797,18.83361053466797,18.83361053466797,18.83361053466797,215000,0.0,0.0
2011-11-14 00:00:00+08:00,20.15196291287211,20.15196291287211,17.986098419830522,18.83361053466797,167000,0.0,0.0
2011-11-15 00:00:00+08:00,18.833611062307675,18.833611062307675,18.26860237121582,18.26860237121582,75000,0.0,0.0
2011-11-16 00:00:00+08:00,16.997333526611328,17.797762368288147,16.997333526611328,16.997333526611328,49000,0.0,0.0
2011-11-17 00:00:00+08:00,15.820234877257775,16.856083995722916,15.820234877257775,16.479412078857422,51000,0.0,0.0
2011-11-18 00:00:00+08:00,15.349392890930176,15.349392890930176,15.349392890930176,15.349392890930176,7000,0.0,0.0
2011-11-21 00:00:00+08:00,14.313545227050781,14.313545227050781,14.313545227050781,14.313545227050781,9000,0.0,0.0
2011-11-22 00:00:00+08:00,13.324780464172363,13.324780464172363,13.324780464172363,13.324780464172363,3000,0.0,0.0
2011-11-23 00:00:00+08:00,12.430184364318848,12.430184364318848,12.430184364318848,12.430184364318848,6000,0.0,0.0
2011-11-24 00:00:00+08:00,11.582671165466309,11.582671165466309,11.582671165466309,11.582671165466309,2000,0.0,0.0
2011-11-25 00:00:00+08:00,10.829326922030921,12.383099555969238,10.829326922030921,12.383099555969238,22000,0.0,0.0
2011-11-28 00:00:00+08:00,13.230613322276675,13.230613322276675,11.818092346191406,11.818092346191406,26000,0.0,0.0
2011-11-29 00:00:00+08:00,11.347251331746678,12.524352073669434,11.064746974073898,12.524352073669434,29000,0.0,0.0
2011-11-30 00:00:00+08:00,12.524351938702102,12.524351938702102,11.676838874816895,11.676838874816895,63000,0.0,0.0
2011-12-01 00:00:00+08:00,10.970577924154398,12.477267146330083,10.970577924154398,11.629755020141602,71000,0.0,0.0
2011-12-02 00:00:00+08:00,11.629755537618216,12.430183492843879,11.30016697495927,12.053511619567871,86000,0.0,0.0
2011-12-05 00:00:00+08:00,11.865175352101856,12.806855907092272,11.676838522658525,12.712687492370605,55000,0.0,0.0
2011-12-06 00:00:00+08:00,12.61851988905012,13.560200504592864,12.288932212444129,13.466032981872559,43000,0.0,0.0
2011-12-07 00:00:00+08:00,14.313545153505206,14.313545153505206,14.078125,14.078125,32000,0.0,0.0
2011-12-08 00:00:00+08:00,13.466032923132829,14.596049477243591,13.466032923132829,14.454797744750977,9000,0.0,0.0
2011-12-09 00:00:00+08:00,14.031040812364235,14.454797807803763,13.466032981872559,13.466032981872559,20000,0.0,0.0
2011-12-12 00:00:00+08:00,12.7597725202155,13.654368925369784,12.66560409943858,13.466032981872559,7000,0.0,0.0
2011-12-13 00:00:00+08:00,13.466032981872559,13.466032981872559,13.466032981872559,13.466032981872559,0,0.0,0.0
2011-12-14 00:00:00+08:00,12.901024253324266,13.466032981872559,12.901024253324266,13.466032981872559,2000,0.0,0.0
2011-12-15 00:00:00+08:00,13.089360514700175,13.089360514700175,12.571436882019043,12.571436882019043,8000,0.0,0.0
2011-12-16 00:00:00+08:00,12.053512508872284,12.053512508872284,11.818092346191406,11.818092346191406,5000,0.0,0.0
2011-12-19 00:00:00+08:00,11.347251823628634,11.723923718149292,11.111831665039062,11.111831665039062,7000,0.0,0.0
2011-12-20 00:00:00+08:00,10.82932678858439,11.300167083740234,10.358486493428547,11.300167083740234,60000,0.0,0.0
2011-12-21 00:00:00+08:00,11.818092346191406,11.818092346191406,11.818092346191406,11.818092346191406,1000,0.0,0.0
2011-12-22 00:00:00+08:00,11.300167365769727,11.300167365769727,11.01766300201416,11.01766300201416,13000,0.0,0.0
2011-12-23 00:00:00+08:00,10.640991043078058,10.829326984944023,10.640991043078058,10.782242774963379,4000,0.0,0.0
2011-12-26 00:00:00+08:00,10.78224266417305,11.253082963028262,10.78224266417305,10.923495292663574,10000,0.0,0.0
2011-12-27 00:00:00+08:00,10.923495046510336,10.923495046510336,10.829326629638672,10.829326629638672,5000,0.0,0.0
2011-12-28 00:00:00+08:00,10.829326629638672,10.829326629638672,10.829326629638672,10.829326629638672,0,0.0,0.0
2011-12-29 00:00:00+08:00,10.876410484313965,10.876410484313965,10.876410484313965,10.876410484313965,1000,0.0,0.0
2011-12-30 00:00:00+08:00,10.829326873669892,10.923495292663574,10.829326873669892,10.923495292663574,8000,0.0,0.0
2012-01-02 00:00:00+08:00,11.441418272997055,11.441418272997055,10.876410484313965,10.876410484313965,2000,0.0,0.0
2012-01-03 00:00:00+08:00,10.45265499380836,11.111831232594339,10.45265499380836,10.923495292663574,12000,0.0,0.0
2012-01-04 00:00:00+08:00,10.640990775695549,10.640990775695549,10.170150483833414,10.452654838562012,86000,0.0,0.0
2012-01-05 00:00:00+08:00,10.358486992972239,10.358486992972239,9.887646675109863,9.887646675109863,21000,0.0,0.0
2012-01-06 00:00:00+08:00,9.463890568645054,10.311402781574673,9.463890568645054,9.887646675109863,34000,0.0,0.0
2012-01-09 00:00:00+08:00,9.699310139192864,9.840561866760254,9.699310139192864,9.840561866760254,3000,0.0,0.0
2012-01-10 00:00:00+08:00,9.793478012084961,9.793478012084961,9.793478012084961,9.793478012084961,1000,0.0,0.0
2012-01-11 00:00:00+08:00,9.699310659124354,9.699310659124354,9.652226448059082,9.652226448059082,9000,0.0,0.0
2012-01-12 00:00:00+08:00,9.652226448059082,9.652226448059082,9.652226448059082,9.652226448059082,0,0.0,0.0
2012-01-13 00:00:00+08:00,9.558057858928528,9.793478012084961,9.558057858928528,9.793478012084961,2000,0.0,0.0
2012-01-16 00:00:00+08:00,9.793478012084961,9.793478012084961,9.793478012084961,9.793478012084961,0,0.0,0.0
2012-01-17 00:00:00+08:00,9.6993096387893,10.028897285461426,9.115467817945369,10.028897285461426,73000,0.0,0.0
2012-01-18 00:00:00+08:00,10.12306676259855,10.12306676259855,9.652226448059082,9.652226448059082,9000,0.0,0.0
2012-01-30 00:00:00+08:00,9.41680646020846,9.510974884033203,9.41680646020846,9.510974884033203,6000,0.0,0.0
2012-01-31 00:00:00+08:00,9.049550684959938,9.887646783218884,9.049550684959938,9.510974884033203,13000,0.0,0.0
2012-02-01 00:00:00+08:00,9.228469770723445,9.605141639709473,9.228469770723445,9.605141639709473,28000,0.0,0.0
2012-02-02 00:00:00+08:00,10.217235153322608,10.264318466186523,10.123066731481526,10.264318466186523,23000,0.0,0.0
2012-02-03 00:00:00+08:00,10.640990693951924,10.829326629638672,9.887646053148353,10.829326629638672,14000,0.0,0.0
2012-02-06 00:00:00+08:00,10.54682276408526,11.253083229064941,10.54682276408526,11.253083229064941,4000,0.0,0.0
2012-02-07 00:00:00+08:00,10.735158529351663,11.253083041306482,10.499738378286438,11.158915519714355,53000,0.0,0.0
2012-02-08 00:00:00+08:00,11.111830902575008,11.253082628813782,10.640990617703665,11.205998420715332,25000,0.0,0.0
2012-02-09 00:00:00+08:00,11.959343910217285,11.959343910217285,11.959343910217285,11.959343910217285,30000,0.0,0.0
2012-02-10 00:00:00+08:00,12.759772300720215,12.759772300720215,12.759772300720215,12.759772300720215,11000,0.0,0.0
2012-02-13 00:00:00+08:00,13.607284545898438,13.607284545898438,13.607284545898438,13.607284545898438,9000,0.0,0.0
2012-02-14 00:00:00+08:00,14.548965454101562,14.548965454101562,13.607284830560275,14.548965454101562,84000,0.0,0.0
2012-02-15 00:00:00+08:00,14.172292641862034,14.172292641862034,13.560199737548828,13.560199737548828,66000,0.0,0.0
2012-02-16 00:00:00+08:00,12.712688348967419,13.136444447655009,12.618519927900568,13.089360237121582,59000,0.0,0.0
2012-02-17 00:00:00+08:00,12.712687931386897,12.901023869277607,12.288931846618652,12.288931846618652,34000,0.0,0.0
2012-02-20 00:00:00+08:00,12.288932510884202,12.571436882019043,12.288932510884202,12.571436882019043,5000,0.0,0.0
2012-02-21 00:00:00+08:00,11.723923032600561,13.183528110117773,11.723923032600561,13.042276382446289,22000,0.0,0.0
2012-02-22 00:00:00+08:00,13.042277230217893,13.418949127197266,13.042277230217893,13.418949127197266,2000,0.0,0.0
2012-02-23 00:00:00+08:00,13.04227613478526,13.04227613478526,12.52435164639709,12.948107719421387,13000,0.0,0.0
2012-02-24 00:00:00+08:00,13.042276579726765,13.042276579726765,12.524352073669434,12.524352073669434,12000,0.0,0.0
2012-02-29 00:00:00+08:00,11.959343432055318,12.90102403139915,11.959343432055318,12.759772300720215,5000,0.0,0.0
2012-03-01 00:00:00+08:00,12.100596738933094,12.665604591369629,12.100596738933094,12.665604591369629,4000,0.0,0.0
2012-03-02 00:00:00+08:00,12.901023869277607,12.901023869277607,12.288931846618652,12.288931846618652,4000,0.0,0.0
2012-03-05 00:00:00+08:00,12.053511776900331,12.524352073669434,12.053511776900331,12.524352073669434,2000,0.0,0.0
2012-03-06 00:00:00+08:00,12.61851978302002,12.61851978302002,12.053511957275955,12.61851978302002,4000,0.0,0.0
2012-03-07 00:00:00+08:00,12.571436882019043,12.571436882019043,12.571436882019043,12.571436882019043,2000,0.0,0.0
2012-03-08 00:00:00+08:00,12.57143656633371,12.80685672002493,12.24184799194336,12.24184799194336,6000,0.0,0.0
2012-03-09 00:00:00+08:00,12.665604407026231,12.665604407026231,12.430184247423304,12.571436882019043,20000,0.0,0.0
2012-03-12 00:00:00+08:00,11.959343991201834,12.806857109069824,11.959343991201834,12.806857109069824,2000,0.0,0.0
2012-03-13 00:00:00+08:00,12.147679328918457,12.147679328918457,12.147679328918457,12.147679328918457,3000,0.0,0.0
2012-03-14 00:00:00+08:00,12.194763428645002,12.288931846618652,12.147679219658176,12.288931846618652,10000,0.0,0.0
2012-03-15 00:00:00+08:00,12.19476318359375,12.19476318359375,12.19476318359375,12.19476318359375,1000,0.0,0.0
2012-03-16 00:00:00+08:00,12.241848831176759,12.241848831176759,11.771008491516113,11.771008491516113,9000,0.0,0.0
2012-03-19 00:00:00+08:00,11.8651762008667,11.8651762008667,11.8651762008667,11.8651762008667,1000,0.0,0.0
2012-03-20 00:00:00+08:00,11.771008491516113,11.818092705093514,11.771008491516113,11.771008491516113,12000,0.0,0.0
2012-03-21 00:00:00+08:00,11.771008491516113,11.771008491516113,11.771008491516113,11.771008491516113,0,0.0,0.0
2012-03-22 00:00:00+08:00,11.771007419227551,12.524352073669434,11.723923209939322,12.524352073669434,13000,0.0,0.0
2012-03-23 00:00:00+08:00,12.43018478742968,12.43018478742968,11.771008491516113,11.771008491516113,17000,0.0,0.0
2012-03-26 00:00:00+08:00,11.771008491516113,11.771008491516113,11.771008491516113,11.771008491516113,1000,0.0,0.0
2012-03-27 00:00:00+08:00,11.771007449749124,12.241847747739088,11.771007449749124,12.147679328918457,9000,0.0,0.0
2012-03-28 00:00:00+08:00,12.147679215391276,12.901023864746094,12.147679215391276,12.901023864746094,36000,0.0,0.0
2012-03-29 00:00:00+08:00,13.79561996459961,13.79561996459961,13.27769637054642,13.79561996459961,103000,0.0,0.0
2012-03-30 00:00:00+08:00,13.37186415833578,13.37186415833578,12.853939655775806,12.901023864746094,50000,0.0,0.0
2012-04-02 00:00:00+08:00,12.853940542181808,12.948108966616223,12.618520379152422,12.665604591369629,40000,0.0,0.0
2012-04-03 00:00:00+08:00,12.52435267048713,12.712688618558145,12.053512351281272,12.571436882019043,41000,0.0,0.0
2012-04-05 00:00:00+08:00,12.524352355984144,13.136444396358666,11.865176105260057,12.24184799194336,48000,0.0,0.0
2012-04-06 00:00:00+08:00,12.901024242667447,12.901024242667447,12.24184799194336,12.24184799194336,39000,0.0,0.0
2012-04-09 00:00:00+08:00,12.430183805584889,12.995192527770996,12.430183805584889,12.995192527770996,29000,0.0,0.0
2012-04-10 00:00:00+08:00,13.230612754821777,13.371864487149423,13.183528544693692,13.230612754821777,53000,0.0,0.0
2012-04-11 00:00:00+08:00,13.230612754821777,13.230612754821777,13.230612754821777,13.230612754821777,17000,0.0,0.0
2012-04-12 00:00:00+08:00,13.65436840057373,13.65436840057373,13.65436840057373,13.65436840057373,1000,0.0,0.0
2012-04-13 00:00:00+08:00,13.18352785389452,13.936872482299805,13.18352785389452,13.936872482299805,18000,0.0,0.0
2012-04-16 00:00:00+08:00,14.878554511072918,14.878554511072918,13.936873857182945,14.12520980834961,8000,0.0,0.0
2012-04-17 00:00:00+08:00,13.230612061555455,13.936872482299805,13.136443646233584,13.936872482299805,20000,0.0,0.0
2012-04-18 00:00:00+08:00,13.23061247971022,13.513116836547852,13.136444061412147,13.513116836547852,4000,0.0,0.0
2012-04-19 00:00:00+08:00,12.571436489609258,13.842704772949219,12.571436489609258,13.842704772949219,11000,0.0,0.0
2012-04-20 00:00:00+08:00,13.842704772949219,13.842704772949219,13.842704772949219,13.842704772949219,0,0.0,0.0
2012-04-23 00:00:00+08:00,13.842704772949219,13.842704772949219,13.842704772949219,13.842704772949219,0,0.0,0.0
2012-04-24 00:00:00+08:00,13.842704772949219,13.842704772949219,13.842704772949219,13.842704772949219,0,0.0,0.0
2012-04-25 00:00:00+08:00,13.607284545898438,13.607284545898438,13.607284545898438,13.607284545898438,1000,0.0,0.0
2012-04-26 00:00:00+08:00,13.607284545898438,13.607284545898438,13.607284545898438,13.607284545898438,0,0.0,0.0
2012-04-27 00:00:00+08:00,13.136443901541751,13.136443901541751,12.665603611894689,13.042276382446289,13000,0.0,0.0
2012-04-30 00:00:00+08:00,13.183527846488433,13.183527846488433,12.336015701293945,12.336015701293945,15000,0.0,0.0
2012-05-02 00:00:00+08:00,12.336016283924943,12.995192527770996,12.336016283924943,12.995192527770996,6000,0.0,0.0
2012-05-03 00:00:00+08:00,12.336016722416115,12.995192989692987,12.336016722416115,12.571436882019043,6000,0.0,0.0
2012-05-04 00:00:00+08:00,12.477268015443165,12.995192527770996,12.477268015443165,12.995192527770996,10000,0.0,0.0
2012-05-07 00:00:00+08:00,13.65436840057373,13.65436840057373,13.65436840057373,13.65436840057373,1000,0.0,0.0
2012-05-08 00:00:00+08:00,13.654368152999034,13.654368152999034,12.806856006173444,13.560199737548828,8000,0.0,0.0
2012-05-09 00:00:00+08:00,13.560199737548828,13.560199737548828,13.560199737548828,13.560199737548828,0,0.0,0.0
2012-05-10 00:00:00+08:00,12.71268858228411,13.183528900146484,12.71268858228411,13.183528900146484,2000,0.0,0.0
2012-05-11 00:00:00+08:00,13.277696728111316,13.277696728111316,12.524352073669434,12.524352073669434,4000,0.0,0.0
2012-05-14 00:00:00+08:00,13.089358932282817,13.136443138122559,12.99519141865986,13.136443138122559,4000,0.0,0.0
2012-05-15 00:00:00+08:00,13.136443138122559,13.136443138122559,13.136443138122559,13.136443138122559,0,0.0,0.0
2012-05-16 00:00:00+08:00,13.089360237121582,13.089360237121582,13.089360237121582,13.089360237121582,2000,0.0,0.0
2012-05-17 00:00:00+08:00,13.089360237121582,13.089360237121582,13.089360237121582,13.089360237121582,0,0.0,0.0
2012-05-18 00:00:00+08:00,12.99519141865986,13.136443138122559,12.99519141865986,13.136443138122559,2000,0.0,0.0
2012-05-21 00:00:00+08:00,12.61851978302002,12.61851978302002,12.61851978302002,12.61851978302002,2000,0.0,0.0
2012-05-22 00:00:00+08:00,12.61852038779244,13.32478087736418,12.61852038779244,13.277697563171387,13000,0.0,0.0
2012-05-23 00:00:00+08:00,13.277697563171387,13.277697563171387,13.277697563171387,13.277697563171387,0,0.0,0.0
2012-05-24 00:00:00+08:00,12.75977295008511,12.75977295008511,12.430184364318848,12.430184364318848,12000,0.0,0.0
2012-05-25 00:00:00+08:00,12.61851906033187,12.665603267628088,12.100595474243164,12.100595474243164,3000,0.0,0.0
2012-05-28 00:00:00+08:00,12.053512351281272,12.571436882019043,11.865176403210258,12.571436882019043,6000,0.0,0.0
2012-05-29 00:00:00+08:00,12.712688803586836,12.712688803586836,12.618520379152422,12.665604591369629,6000,0.0,0.0
2012-05-30 00:00:00+08:00,12.28893149365946,12.336015701293945,12.241847286024974,12.336015701293945,16000,0.0,0.0
2012-05-31 00:00:00+08:00,11.86517646569871,12.806857109069824,11.86517646569871,12.806857109069824,7000,0.0,0.0
2012-06-01 00:00:00+08:00,12.712688685510056,12.806857109069824,12.383100101107507,12.806857109069824,29000,0.0,0.0
2012-06-04 00:00:00+08:00,12.053512333139379,12.053512333139379,11.959343910217285,11.959343910217285,22000,0.0,0.0
2012-06-05 00:00:00+08:00,12.006427764892578,12.006427764892578,12.006427764892578,12.006427764892578,3000,0.0,0.0
2012-06-06 00:00:00+08:00,11.535587341961916,12.759772300720215,11.535587341961916,12.759772300720215,8000,0.0,0.0
2012-06-07 00:00:00+08:00,12.759771699731438,12.759771699731438,12.712687492370605,12.712687492370605,19000,0.0,0.0
2012-06-08 00:00:00+08:00,12.524351560983835,12.806855907092272,12.524351560983835,12.712687492370605,10000,0.0,0.0
2012-06-11 00:00:00+08:00,12.712688012765755,12.712688012765755,12.524352073669434,12.524352073669434,16000,0.0,0.0
2012-06-12 00:00:00+08:00,12.61851978302002,12.61851978302002,12.61851978302002,12.61851978302002,10000,0.0,0.0
2012-06-13 00:00:00+08:00,12.712688803586836,12.712688803586836,12.665604591369629,12.665604591369629,15000,0.0,0.0
2012-06-14 00:00:00+08:00,12.571436882019043,12.571436882019043,12.571436882019043,12.571436882019043,2000,0.0,0.0
2012-06-15 00:00:00+08:00,12.571436882019043,12.571436882019043,12.571436882019043,12.571436882019043,0,0.0,0.0
2012-06-18 00:00:00+08:00,12.61851978302002,12.61851978302002,12.61851978302002,12.61851978302002,2000,0.0,0.0
2012-06-19 00:00:00+08:00,12.61851978302002,12.61851978302002,12.61851978302002,12.61851978302002,1000,0.0,0.0
2012-06-20 00:00:00+08:00,12.10059616726878,12.806856622991317,12.10059616726878,12.61851978302002,9000,0.0,0.0
2012-06-21 00:00:00+08:00,12.61851978302002,12.61851978302002,12.61851978302002,12.61851978302002,9000,0.0,0.0
2012-06-22 00:00:00+08:00,12.61851978302002,12.61851978302002,12.61851978302002,12.61851978302002,8000,0.0,0.0
2012-06-25 00:00:00+08:00,12.61851978302002,12.61851978302002,12.61851978302002,12.61851978302002,0,0.0,0.0
2012-06-26 00:00:00+08:00,12.524352429620539,12.618519952816708,12.47726821899414,12.47726821899414,12000,0.0,0.0
2012-06-27 00:00:00+08:00,12.995192527770996,12.995192527770996,12.995192527770996,12.995192527770996,1000,0.0,0.0
2012-06-28 00:00:00+08:00,12.995192527770996,12.995192527770996,12.995192527770996,12.995192527770996,0,0.0,0.0
2012-06-29 00:00:00+08:00,12.477268576293548,12.477268576293548,12.430184364318848,12.430184364318848,6000,0.0,0.0
2012-07-02 00:00:00+08:00,12.430184364318848,12.430184364318848,12.430184364318848,12.430184364318848,0,0.0,0.0
2012-07-03 00:00:00+08:00,12.52435267048713,12.618520195494318,12.52435267048713,12.571436882019043,22000,0.0,0.0
2012-07-04 00:00:00+08:00,12.571436471083803,12.61851978302002,12.571436471083803,12.61851978302002,13000,0.0,0.0
2012-07-05 00:00:00+08:00,12.61851978302002,12.61851978302002,12.61851978302002,12.61851978302002,0,0.0,0.0
2012-07-06 00:00:00+08:00,12.665604591369629,12.665604591369629,12.665604591369629,12.665604591369629,7000,0.0,0.0
2012-07-09 00:00:00+08:00,12.665604591369629,12.665604591369629,12.665604591369629,12.665604591369629,12000,0.0,0.0
2012-07-10 00:00:00+08:00,12.759771786750207,12.948107719421387,12.665603371386334,12.948107719421387,19000,0.0,0.0
2012-07-11 00:00:00+08:00,13.371863792445682,13.371863792445682,12.806855994432143,12.948107719421387,6000,0.0,0.0
2012-07-12 00:00:00+08:00,12.8539400100708,12.8539400100708,12.8539400100708,12.8539400100708,3000,0.0,0.0
2012-07-13 00:00:00+08:00,12.853939934927531,12.853939934927531,12.61851978302002,12.61851978302002,10000,0.0,0.0
2012-07-16 00:00:00+08:00,13.466032947442553,13.466032947442553,12.8539400100708,12.8539400100708,9000,0.0,0.0
2012-07-17 00:00:00+08:00,12.8539400100708,12.8539400100708,12.8539400100708,12.8539400100708,3000,0.0,0.0
2012-07-18 00:00:00+08:00,13.277697430755381,13.277697430755381,12.806857109069824,12.806857109069824,4000,0.0,0.0
2012-07-19 00:00:00+08:00,12.806856586394497,12.995192527770996,12.524352225301444,12.995192527770996,23000,0.0,0.0
2012-07-20 00:00:00+08:00,12.995192527770996,12.995192527770996,12.995192527770996,12.995192527770996,0,0.0,0.0
2012-07-23 00:00:00+08:00,12.948107719421387,12.948107719421387,12.948107719421387,12.948107719421387,1000,0.0,0.0
2012-07-24 00:00:00+08:00,13.277697563171387,13.277697563171387,12.75977302454078,13.277697563171387,19000,0.0,0.0
2012-07-25 00:00:00+08:00,13.136443138122559,13.136443138122559,13.136443138122559,13.136443138122559,7000,0.0,0.0
2012-07-26 00:00:00+08:00,13.607284756876023,13.607284756876023,12.759772559500844,13.089360237121582,9000,0.0,0.0
2012-07-27 00:00:00+08:00,13.089360237121582,13.089360237121582,13.089360237121582,13.089360237121582,0,0.0,0.0
2012-07-30 00:00:00+08:00,13.089360237121582,13.089360237121582,12.9010242930445,13.089360237121582,8000,0.0,0.0
2012-07-31 00:00:00+08:00,13.466033096540562,13.466033096540562,13.324780464172363,13.324780464172363,4000,0.0,0.0
2012-08-01 00:00:00+08:00,13.324780464172363,13.324780464172363,13.324780464172363,13.324780464172363,0,0.0,0.0
2012-08-02 00:00:00+08:00,13.324780464172363,13.324780464172363,13.324780464172363,13.324780464172363,0,0.0,0.0
2012-08-03 00:00:00+08:00,12.995192527770996,12.995192527770996,12.995192527770996,12.995192527770996,3000,0.0,0.0
2012-08-06 00:00:00+08:00,13.418949059077672,13.418949059077672,12.901024529817732,13.183528900146484,6000,0.0,0.0
2012-08-07 00:00:00+08:00,12.995192952612863,13.23061311154405,12.995192952612863,13.183528900146484,5000,0.0,0.0
2012-08-08 00:00:00+08:00,12.901023864746094,12.901023864746094,12.901023864746094,12.901023864746094,4000,0.0,0.0
2012-08-09 00:00:00+08:00,12.712688166677943,12.995192527770996,12.712688166677943,12.995192527770996,4000,0.0,0.0
2012-08-10 00:00:00+08:00,12.806857109069824,12.806857109069824,12.806857109069824,12.806857109069824,3000,0.0,0.0
2012-08-13 00:00:00+08:00,12.806857109069824,12.806857109069824,12.806857109069824,12.806857109069824,0,0.0,0.0
2012-08-14 00:00:00+08:00,12.712687492370605,12.712687492370605,12.712687492370605,12.712687492370605,1000,0.0,0.0
2012-08-15 00:00:00+08:00,12.712687492370605,12.712687492370605,12.712687492370605,12.712687492370605,0,0.0,0.0
2012-08-16 00:00:00+08:00,12.712687492370605,12.712687492370605,12.712687492370605,12.712687492370605,0,0.0,0.0
2012-08-17 00:00:00+08:00,12.571436198067266,12.901023864746094,12.571436198067266,12.901023864746094,2000,0.0,0.0
2012-08-20 00:00:00+08:00,12.901023864746094,12.901023864746094,12.901023864746094,12.901023864746094,0,0.0,0.0
2012-08-21 00:00:00+08:00,12.477267675647179,13.042276382446289,12.477267675647179,13.042276382446289,6000,0.0,0.0
2012-08-22 00:00:00+08:00,13.042276382446289,13.042276382446289,13.042276382446289,13.042276382446289,4000,0.0,0.0
2012-08-23 00:00:00+08:00,13.042276382446289,13.042276382446289,13.042276382446289,13.042276382446289,0,0.0,0.0
2012-08-24 00:00:00+08:00,12.901023423757376,12.901023423757376,12.712687492370605,12.712687492370605,2000,0.0,0.0
2012-08-27 00:00:00+08:00,13.371864410523996,13.371864410523996,12.995192527770996,12.995192527770996,2000,0.0,0.0
2012-08-28 00:00:00+08:00,12.571436092799225,13.042276382446289,12.571436092799225,13.042276382446289,2000,0.0,0.0
2012-08-29 00:00:00+08:00,12.61851978302002,12.61851978302002,12.61851978302002,12.61851978302002,2000,0.0,0.0
2012-08-30 00:00:00+08:00,12.61851907764894,12.712687492370605,12.61851907764894,12.712687492370605,5000,0.0,0.0
2012-08-31 00:00:00+08:00,12.712688166677943,12.995192527770996,12.712688166677943,12.995192527770996,3000,0.0,0.0
2012-09-03 00:00:00+08:00,12.995192527770996,12.995192527770996,12.995192527770996,12.995192527770996,0,0.0,0.0
2012-09-04 00:00:00+08:00,12.995192527770996,12.995192527770996,12.995192527770996,12.995192527770996,0,0.0,0.0
2012-09-05 00:00:00+08:00,12.712688091141704,12.759772300720215,12.712688091141704,12.759772300720215,9000,0.0,0.0
2012-09-06 00:00:00+08:00,12.336015629597064,12.712687492370605,12.336015629597064,12.712687492370605,4000,0.0,0.0
2012-09-07 00:00:00+08:00,13.371864847680108,13.371864847680108,13.183528900146484,13.183528900146484,41000,0.0,0.0
2012-09-10 00:00:00+08:00,13.23061335092194,13.371865089613626,13.23061335092194,13.277697563171387,41000,0.0,0.0
2012-09-11 00:00:00+08:00,13.136443138122559,13.136443138122559,13.136443138122559,13.136443138122559,2000,0.0,0.0
2012-09-12 00:00:00+08:00,13.089360237121582,13.089360237121582,13.089360237121582,13.089360237121582,1000,0.0,0.0
2012-09-13 00:00:00+08:00,12.948108778161075,12.948108778161075,12.52435267048713,12.571436882019043,36000,0.0,0.0
2012-09-14 00:00:00+08:00,13.089359971656595,13.089359971656595,12.383099522148722,12.759772300720215,21000,0.0,0.0
2012-09-17 00:00:00+08:00,12.712688803586836,12.712688803586836,12.665604591369629,12.665604591369629,18000,0.0,0.0
2012-09-18 00:00:00+08:00,12.665603881563191,12.806856510298728,12.665603881563191,12.759772300720215,15000,0.0,0.0
2012-09-19 00:00:00+08:00,12.430183731727233,12.759772300720215,12.430183731727233,12.759772300720215,7000,0.0,0.0
2012-09-20 00:00:00+08:00,12.712688091141704,12.759772300720215,12.524352150884258,12.759772300720215,6000,0.0,0.0
2012-09-21 00:00:00+08:00,12.712688091141704,12.759772300720215,12.712688091141704,12.759772300720215,7000,0.0,0.0
2012-09-24 00:00:00+08:00,12.759772300720215,12.759772300720215,12.759772300720215,12.759772300720215,0,0.0,0.0
2012-09-25 00:00:00+08:00,12.759771699731438,12.806855907092272,12.712687492370605,12.712687492370605,12000,0.0,0.0
2012-09-26 00:00:00+08:00,12.995192282686666,13.08935980257065,12.901023864746094,12.901023864746094,5000,0.0,0.0
2012-09-27 00:00:00+08:00,13.183529138672494,13.277697563171387,13.183529138672494,13.277697563171387,6000,0.0,0.0
2012-09-28 00:00:00+08:00,13.136444926423046,13.277697563171387,13.136444926423046,13.277697563171387,10000,0.0,0.0
2012-10-01 00:00:00+08:00,12.94810807371638,12.94810807371638,12.901023864746094,12.901023864746094,2000,0.0,0.0
2012-10-02 00:00:00+08:00,12.759772300720215,12.759772300720215,12.759772300720215,12.759772300720215,4000,0.0,0.0
2012-10-03 00:00:00+08:00,12.712688803586836,12.712688803586836,12.665604591369629,12.665604591369629,10000,0.0,0.0
2012-10-04 00:00:00+08:00,12.806856586394497,12.995192527770996,12.806856586394497,12.995192527770996,3000,0.0,0.0
2012-10-05 00:00:00+08:00,12.806856510298728,12.94810824097766,12.759772300720215,12.759772300720215,14000,0.0,0.0
2012-10-08 00:00:00+08:00,13.089360477351356,13.183528900146484,13.089360477351356,13.183528900146484,4000,0.0,0.0
2012-10-09 00:00:00+08:00,12.524352736447161,12.806857109069824,12.524352736447161,12.806857109069824,8000,0.0,0.0
2012-10-11 00:00:00+08:00,13.418949059077672,13.418949059077672,12.995192952612863,13.183528900146484,17000,0.0,0.0
2012-10-12 00:00:00+08:00,13.23061311154405,13.277697322941615,13.183528900146484,13.183528900146484,10000,0.0,0.0
2012-10-15 00:00:00+08:00,13.183529138672494,13.277697563171387,13.183529138672494,13.277697563171387,5000,0.0,0.0
2012-10-16 00:00:00+08:00,13.371864847680108,13.371864847680108,13.183528900146484,13.183528900146484,10000,0.0,0.0
2012-10-17 00:00:00+08:00,13.371863804704981,13.889788293567984,13.277696287311342,13.560199737548828,62000,0.0,0.0
2012-10-18 00:00:00+08:00,14.125208771079144,14.501880645751953,14.078124562230895,14.501880645751953,53000,0.0,0.0
2012-10-19 00:00:00+08:00,15.490647315979004,15.490647315979004,15.490647315979004,15.490647315979004,27000,0.0,0.0
2012-10-22 00:00:00+08:00,16.573577880859375,16.573577880859375,16.573577880859375,16.573577880859375,33000,0.0,0.0
2012-10-23 00:00:00+08:00,17.703596115112305,17.703596115112305,17.703596115112305,17.703596115112305,17000,0.0,0.0
2012-10-24 00:00:00+08:00,18.92778114103355,18.92778114103355,17.7035952366813,18.315689086914062,151000,0.0,0.0
2012-10-25 00:00:00+08:00,17.986099798276562,17.986099798276562,17.044419199373216,17.421091079711914,62000,0.0,0.0
2012-10-26 00:00:00+08:00,17.421090665070906,17.421090665070906,16.243989944458008,16.243989944458008,19000,0.0,0.0
2012-10-29 00:00:00+08:00,15.113972663879395,15.113972663879395,15.113972663879395,15.113972663879395,9000,0.0,0.0
2012-10-30 00:00:00+08:00,15.06688952836834,15.113972839699214,14.266460662951133,14.360629081726074,29000,0.0,0.0
2012-10-31 00:00:00+08:00,13.65436840057373,14.219377107406311,13.65436840057373,13.65436840057373,29000,0.0,0.0
2012-11-01 00:00:00+08:00,13.607284545898438,14.172293267425983,13.371864394938061,13.607284545898438,43000,0.0,0.0
2012-11-02 00:00:00+08:00,13.466033338833848,13.936873659086384,13.371864915560684,13.418949127197266,47000,0.0,0.0
2012-11-05 00:00:00+08:00,13.183528729860791,13.418948885751162,13.183528729860791,13.324780464172363,15000,0.0,0.0
2012-11-06 00:00:00+08:00,13.371863804704981,13.654368152999034,13.371863804704981,13.560199737548828,13000,0.0,0.0
2012-11-07 00:00:00+08:00,13.560199285305092,13.842703624177393,13.560199285305092,13.748536109924316,9000,0.0,0.0
2012-11-08 00:00:00+08:00,13.560200258932943,13.654368678003884,13.371864318847656,13.371864318847656,9000,0.0,0.0
2012-11-09 00:00:00+08:00,14.219378058703317,14.266461372375488,14.219378058703317,14.266461372375488,16000,0.0,0.0
2012-11-12 00:00:00+08:00,15.255226135253906,15.255226135253906,14.925637572581703,15.255226135253906,88000,0.0,0.0
2012-11-13 00:00:00+08:00,14.972721480641003,14.972721480641003,14.21937770399882,14.313545227050781,45000,0.0,0.0
2012-11-14 00:00:00+08:00,14.313545367115285,14.784385681152344,14.313545367115285,14.784385681152344,10000,0.0,0.0
2012-11-15 00:00:00+08:00,14.501881532962917,14.501881532962917,14.266461372375488,14.266461372375488,8000,0.0,0.0
2012-11-16 00:00:00+08:00,14.737301325926165,14.87855395758904,14.313545227050781,14.313545227050781,11000,0.0,0.0
2012-11-19 00:00:00+08:00,14.172293267425983,14.172293267425983,13.607284545898438,13.607284545898438,13000,0.0,0.0
2012-11-20 00:00:00+08:00,13.607284468468414,13.607284468468414,13.371864318847656,13.371864318847656,2000,0.0,0.0
2012-11-21 00:00:00+08:00,13.560200577003675,13.795620732146494,13.418948843140633,13.70145320892334,12000,0.0,0.0
2012-11-22 00:00:00+08:00,13.8897878303322,14.031039550740081,13.748536109924316,13.748536109924316,10000,0.0,0.0
2012-11-23 00:00:00+08:00,13.748536896406335,14.501880645751953,13.748536896406335,14.501880645751953,21000,0.0,0.0
2012-11-26 00:00:00+08:00,14.501879941976034,14.97272021149547,14.501879941976034,14.596048355102539,17000,0.0,0.0
2012-11-27 00:00:00+08:00,14.831469892167377,15.066890049185906,14.784385681152344,14.784385681152344,23000,0.0,0.0
2012-11-28 00:00:00+08:00,15.066889068161352,15.066889068161352,14.172292709350586,14.172292709350586,17000,0.0,0.0
2012-11-29 00:00:00+08:00,14.219378186958483,14.784386038630553,14.172293974804981,14.73730182647705,15000,0.0,0.0
2012-11-30 00:00:00+08:00,14.313545227050781,14.313545227050781,14.313545227050781,14.313545227050781,1000,0.0,0.0
2012-12-03 00:00:00+08:00,14.690217287714448,14.690217287714448,14.407712936401367,14.407712936401367,6000,0.0,0.0
2012-12-04 00:00:00+08:00,13.889789018667289,14.454797744750977,13.889789018667289,14.454797744750977,28000,0.0,0.0
2012-12-05 00:00:00+08:00,14.266460662951133,14.360629081726074,13.748537053858751,14.360629081726074,31000,0.0,0.0
2012-12-06 00:00:00+08:00,13.607285269098792,14.73730187415543,13.607285269098792,14.12520980834961,3000,0.0,0.0
2012-12-07 00:00:00+08:00,14.125209081740605,14.831469535827637,13.889788930378263,14.831469535827637,32000,0.0,0.0
2012-12-10 00:00:00+08:00,14.831469892167377,14.878554103182408,14.031040999081723,14.784385681152344,27000,0.0,0.0
2012-12-11 00:00:00+08:00,14.454797144629643,14.501880454801343,14.407712936401367,14.407712936401367,9000,0.0,0.0
2012-12-12 00:00:00+08:00,14.407713459393213,14.407713459393213,14.219377517700195,14.219377517700195,9000,0.0,0.0
2012-12-13 00:00:00+08:00,14.21937770399882,14.501881171211327,14.21937770399882,14.313545227050781,11000,0.0,0.0
2012-12-14 00:00:00+08:00,14.313544708415549,14.690217481144945,14.313544708415549,14.501880645751953,11000,0.0,0.0
2012-12-17 00:00:00+08:00,15.019806095808873,15.490647315979004,15.019806095808873,15.490647315979004,36000,0.0,0.0
2012-12-18 00:00:00+08:00,16.573577880859375,16.573577880859375,16.573577880859375,16.573577880859375,12000,0.0,0.0
2012-12-19 00:00:00+08:00,17.703595049855817,17.703595049855817,16.573579376355614,16.620662689208984,51000,0.0,0.0
2012-12-20 00:00:00+08:00,16.573579697617365,17.04442001973085,15.490647315979004,15.490647315979004,20000,0.0,0.0
2012-12-21 00:00:00+08:00,15.914402513002912,15.914402513002912,14.548965759790153,14.878554344177246,13000,0.0,0.0
2012-12-24 00:00:00+08:00,14.643133163452148,14.925637516385153,14.643133163452148,14.643133163452148,6000,0.0,0.0
2012-12-25 00:00:00+08:00,15.208141710969139,15.208141710969139,14.548965454101562,14.548965454101562,11000,0.0,0.0
2012-12-26 00:00:00+08:00,14.360629437605073,14.784385536480457,14.313545227050781,14.313545227050781,14000,0.0,0.0
2012-12-27 00:00:00+08:00,14.407713648159366,14.407713648159366,14.313545227050781,14.313545227050781,3000,0.0,0.0
2012-12-28 00:00:00+08:00,14.40771371979302,14.596049664889952,14.40771371979302,14.548965454101562,12000,0.0,0.0
2013-01-02 00:00:00+08:00,14.596048603399018,14.690217018127441,14.596048603399018,14.690217018127441,8000,0.0,0.0
2013-01-03 00:00:00+08:00,14.73730182647705,14.73730182647705,14.73730182647705,14.73730182647705,3000,0.0,0.0
2013-01-04 00:00:00+08:00,14.972720746283825,15.208140889452165,14.972720746283825,15.019804954528809,13000,0.0,0.0
2013-01-07 00:00:00+08:00,15.16105842590332,15.16105842590332,15.16105842590332,15.16105842590332,2000,0.0,0.0
2013-01-08 00:00:00+08:00,15.161057717902823,15.255226135253906,15.161057717902823,15.255226135253906,7000,0.0,0.0
2013-01-09 00:00:00+08:00,15.726065841841978,15.726065841841978,15.443560600280762,15.443560600280762,3000,0.0,0.0
2013-01-10 00:00:00+08:00,15.537729590719215,16.14982160931279,15.537729590719215,15.867318153381348,11000,0.0,0.0
2013-01-11 00:00:00+08:00,15.86731897329409,16.95025133847394,15.86731897329409,16.856082916259766,29000,0.0,0.0
2013-01-14 00:00:00+08:00,16.85608246495611,16.950250884649027,16.432327270507812,16.432327270507812,7000,0.0,0.0
2013-01-15 00:00:00+08:00,15.867319646682347,15.914402961730957,15.867319646682347,15.914402961730957,5000,0.0,0.0
2013-01-16 00:00:00+08:00,15.914401463998864,16.19690671604348,15.773149736033142,15.867318153381348,10000,0.0,0.0
2013-01-17 00:00:00+08:00,15.86731871801077,15.86731871801077,15.3023099899292,15.3023099899292,22000,0.0,0.0
2013-01-18 00:00:00+08:00,15.914402659067372,15.914402659067372,15.584814071655273,15.584814071655273,4000,0.0,0.0
2013-01-21 00:00:00+08:00,15.820234298706055,15.820234298706055,15.820234298706055,15.820234298706055,1000,0.0,0.0
2013-01-22 00:00:00+08:00,15.631897926330566,15.631897926330566,15.631897926330566,15.631897926330566,2000,0.0,0.0
2013-01-23 00:00:00+08:00,16.102739814152077,16.149823129200687,15.914402961730957,15.914402961730957,11000,0.0,0.0
2013-01-24 00:00:00+08:00,15.914401463998864,15.914401463998864,15.867318153381348,15.867318153381348,3000,0.0,0.0
2013-01-25 00:00:00+08:00,15.820234298706055,16.008571148307944,15.820234298706055,15.820234298706055,7000,0.0,0.0
2013-01-28 00:00:00+08:00,15.820234298706055,15.820234298706055,15.820234298706055,15.820234298706055,5000,0.0,0.0
2013-01-29 00:00:00+08:00,15.820234298706055,15.820234298706055,15.820234298706055,15.820234298706055,7000,0.0,0.0
2013-01-30 00:00:00+08:00,15.820234298706055,15.820234298706055,15.820234298706055,15.820234298706055,0,0.0,0.0
2013-01-31 00:00:00+08:00,15.867319409163184,15.867319409163184,15.820234298706055,15.820234298706055,10000,0.0,0.0
2013-02-01 00:00:00+08:00,15.820233858599854,15.820233858599854,15.396478652954102,15.396478652954102,12000,0.0,0.0
2013-02-04 00:00:00+08:00,15.490645705264182,15.490645705264182,15.396477291410443,15.443560600280762,24000,0.0,0.0
2013-02-05 00:00:00+08:00,16.10273770114383,16.10273770114383,15.443560600280762,15.443560600280762,7000,0.0,0.0
2013-02-06 00:00:00+08:00,15.443560600280762,15.443560600280762,15.255225568686386,15.443560600280762,13000,0.0,0.0
2013-02-18 00:00:00+08:00,15.066889604662093,16.19690704345703,15.066889604662093,16.19690704345703,13000,0.0,0.0
2013-02-19 00:00:00+08:00,15.255226134787769,15.867318153381348,15.255226134787769,15.867318153381348,2000,0.0,0.0
2013-02-20 00:00:00+08:00,15.349393970814646,15.820234298706055,15.349393970814646,15.820234298706055,5000,0.0,0.0
2013-02-21 00:00:00+08:00,15.349392756491818,15.537729591193983,15.255226135253906,15.255226135253906,4000,0.0,0.0
2013-02-22 00:00:00+08:00,15.255226135253906,15.255226135253906,15.255226135253906,15.255226135253906,0,0.0,0.0
2013-02-25 00:00:00+08:00,14.596049221111974,14.972721099853516,14.596049221111974,14.972721099853516,3000,0.0,0.0
2013-02-26 00:00:00+08:00,15.443560600280762,15.443560600280762,15.066888740978909,15.443560600280762,13000,0.0,0.0
2013-02-27 00:00:00+08:00,15.914401776724434,15.914401776724434,15.208141326904297,15.208141326904297,3000,0.0,0.0
2013-03-01 00:00:00+08:00,15.208141326904297,15.208141326904297,15.208141326904297,15.208141326904297,0,0.0,0.0
2013-03-04 00:00:00+08:00,15.255226135253906,15.255226135253906,15.255226135253906,15.255226135253906,3000,0.0,0.0
2013-03-05 00:00:00+08:00,15.255226135253906,15.255226135253906,15.255226135253906,15.255226135253906,1000,0.0,0.0
2013-03-06 00:00:00+08:00,15.255226135253906,15.255226135253906,15.255226135253906,15.255226135253906,0,0.0,0.0
2013-03-07 00:00:00+08:00,14.878554344177246,14.878554344177246,14.878554344177246,14.878554344177246,1000,0.0,0.0
2013-03-08 00:00:00+08:00,14.878554127070464,15.396478652954102,14.878554127070464,15.396478652954102,4000,0.0,0.0
2013-03-11 00:00:00+08:00,15.537729263305664,15.537729263305664,15.537729263305664,15.537729263305664,7000,0.0,0.0
2013-03-12 00:00:00+08:00,15.537729727281897,15.537729727281897,15.349392890930176,15.349392890930176,4740,0.0,0.0
2013-03-13 00:00:00+08:00,15.773149490356445,15.773149490356445,15.773149490356445,15.773149490356445,6000,0.0,0.0
2013-03-14 00:00:00+08:00,15.537729263305664,15.537729263305664,15.537729263305664,15.537729263305664,2,0.0,0.0
2013-03-15 00:00:00+08:00,15.113972292224803,15.537729263305664,15.113972292224803,15.537729263305664,8294,0.0,0.0
2013-03-18 00:00:00+08:00,15.537729829873513,15.96148681640625,15.537729829873513,15.96148681640625,4133,0.0,0.0
2013-03-19 00:00:00+08:00,15.773149490356445,15.773149490356445,15.773149490356445,15.773149490356445,277,0.0,0.0
2013-03-20 00:00:00+08:00,15.44356109261894,15.726066343186378,15.44356109261894,15.631897926330566,5083,0.0,0.0
2013-03-21 00:00:00+08:00,15.82023296392903,16.573578502662368,15.631897926330566,15.631897926330566,5000,0.0,0.0
2013-03-22 00:00:00+08:00,16.243989944458008,16.243989944458008,15.820232966592101,16.243989944458008,9173,0.0,0.0
2013-03-25 00:00:00+08:00,16.196907997909832,16.243991312253648,15.537730820416535,15.820234298706055,10564,0.0,0.0
2013-03-26 00:00:00+08:00,16.714830809562777,16.714830809562777,16.667747497558594,16.667747497558594,2219,0.0,0.0
2013-03-27 00:00:00+08:00,16.667747867944676,16.856082916259766,16.667747867944676,16.856082916259766,4306,0.0,0.0
2013-03-28 00:00:00+08:00,15.773149490356445,15.773149490356445,15.773149490356445,15.773149490356445,1000,0.0,0.0
2013-03-29 00:00:00+08:00,15.443561628204373,16.667747497558594,15.443561628204373,16.667747497558594,3159,0.0,0.0
2013-04-01 00:00:00+08:00,16.573579376355614,17.42109158050908,16.573579376355614,16.620662689208984,9185,0.0,0.0
2013-04-02 00:00:00+08:00,16.620662689208984,16.620662689208984,16.620662689208984,16.620662689208984,61,0.0,0.0
2013-04-03 00:00:00+08:00,15.867316993335097,17.138586044311523,15.867316993335097,17.138586044311523,5000,0.0,0.0
2013-04-08 00:00:00+08:00,16.432327114281204,16.7148305745609,15.96148681640625,15.96148681640625,20551,0.0,0.0
2013-04-09 00:00:00+08:00,15.584812572931035,16.19690637473964,15.537729263305664,15.537729263305664,4000,0.0,0.0
2013-04-10 00:00:00+08:00,15.490647443348934,16.008571083487016,15.490647443348934,15.584814071655273,6641,0.0,0.0
2013-04-11 00:00:00+08:00,16.667747497558594,16.667747497558594,16.667747497558594,16.667747497558594,18920,0.0,0.0
2013-04-12 00:00:00+08:00,17.797761917114258,17.797761917114258,17.797761917114258,17.797761917114258,75575,0.0,0.0
2013-04-15 00:00:00+08:00,19.021949768066406,19.021949768066406,19.021949768066406,19.021949768066406,32090,0.0,0.0
2013-04-16 00:00:00+08:00,20.340299606323242,20.340299606323242,20.340299606323242,20.340299606323242,159637,0.0,0.0
2013-04-17 00:00:00+08:00,21.75282096862793,21.75282096862793,21.75282096862793,21.75282096862793,159508,0.0,0.0
2013-04-18 00:00:00+08:00,23.259510040283203,23.259510040283203,23.259510040283203,23.259510040283203,54585,0.0,0.0
2013-04-19 00:00:00+08:00,24.860368728637695,24.860368728637695,23.30659601986908,24.860368728637695,314092,0.0,0.0
2013-04-22 00:00:00+08:00,26.178719440210372,26.178719440210372,23.400762803200788,24.107023239135742,160781,0.0,0.0
2013-04-23 00:00:00+08:00,22.977006202679465,24.059938529775984,22.45908259288515,23.07117462158203,141999,0.0,0.0
2013-04-24 00:00:00+08:00,23.07117446263631,23.353677921284543,22.03532545407082,22.60033416748047,141109,0.0,0.0
2013-04-25 00:00:00+08:00,23.118258350691942,23.118258350691942,22.03532600402832,22.03532600402832,89458,0.0,0.0
2013-04-26 00:00:00+08:00,22.035326582930974,22.223663429086997,20.528637202022598,21.470317840576172,158451,0.0,0.0
2013-04-29 00:00:00+08:00,21.376149637444826,21.846989922004287,21.09364438904126,21.18781280517578,59455,0.0,0.0
2013-04-30 00:00:00+08:00,22.553252011803405,22.553252011803405,20.95239420781702,21.470317840576172,152996,0.0,0.0
2013-05-02 00:00:00+08:00,21.47031739572543,21.47031739572543,20.340301730542286,21.04656219482422,49128,0.0,0.0
2013-05-03 00:00:00+08:00,21.046562844484058,21.329066320471778,20.528637410355508,20.71697425842285,38191,0.0,0.0
2013-05-06 00:00:00+08:00,21.658653002106742,21.658653002106742,20.575720711224033,20.952392578125,94324,0.0,0.0
2013-05-07 00:00:00+08:00,21.517401363590032,21.517401363590032,21.09364438904126,21.18781280517578,41894,0.0,0.0
2013-05-08 00:00:00+08:00,21.187813591488695,21.329065322875977,20.764056601213635,21.329065322875977,28322,0.0,0.0
2013-05-09 00:00:00+08:00,21.32906500469112,21.32906500469112,20.38738441467285,20.38738441467285,46019,0.0,0.0
2013-05-10 00:00:00+08:00,20.199049528401794,20.905309976302373,20.199049528401794,20.858224868774414,61185,0.0,0.0
2013-05-13 00:00:00+08:00,21.140732001149516,21.140732001149516,20.246134635997315,20.622806549072266,53442,0.0,0.0
2013-05-14 00:00:00+08:00,19.681125521387862,20.434471130371094,19.681125521387862,20.434471130371094,34660,0.0,0.0
2013-05-15 00:00:00+08:00,20.43446968876151,21.84699058532715,20.43446968876151,21.84699058532715,473294,0.0,0.0
2013-05-16 00:00:00+08:00,22.0353257759256,22.0353257759256,20.999476752230176,21.329065322875977,139308,0.0,0.0
2013-05-17 00:00:00+08:00,21.32906453132099,21.56448467360072,21.140729495165093,21.18781280517578,32778,0.0,0.0
2013-05-20 00:00:00+08:00,21.093645952817784,21.093645952817784,20.010713577270508,20.010713577270508,97114,0.0,0.0
2013-05-21 00:00:00+08:00,20.057795769769317,20.293215916344607,19.72820900145446,20.15196418762207,50367,0.0,0.0
2013-05-22 00:00:00+08:00,19.916545502632133,20.246134091247193,19.351536750165362,19.72821044921875,39211,0.0,0.0
2013-05-23 00:00:00+08:00,19.72820930251904,21.093645095825195,19.72820930251904,21.093645095825195,306592,0.0,0.0
2013-05-24 00:00:00+08:00,21.046562639316576,21.046562639316576,20.010713577270508,20.010713577270508,149650,0.0,0.0
2013-05-27 00:00:00+08:00,19.916542880794747,20.104879705528557,19.06903076171875,19.06903076171875,141527,0.0,0.0
2013-05-28 00:00:00+08:00,19.163199796679372,19.492788352615012,18.645274409891037,18.739442825317383,49263,0.0,0.0
2013-05-29 00:00:00+08:00,18.974862349351845,19.06903076171875,18.833610628858025,19.06903076171875,16124,0.0,0.0
2013-05-30 00:00:00+08:00,19.11611639577786,19.11611639577786,18.69236118273645,19.021949768066406,12016,0.0,0.0
2013-05-31 00:00:00+08:00,19.021949211726795,19.210284257754708,18.551108902487154,18.59819221496582,36237,0.0,0.0
2013-06-03 00:00:00+08:00,18.974863380658448,18.974863380658448,18.456939778660313,18.692359924316406,15310,0.0,0.0
2013-06-04 00:00:00+08:00,18.88069472051374,19.210283279418945,18.88069472051374,19.210283279418945,26735,0.0,0.0
2013-06-05 00:00:00+08:00,19.21028398982555,19.21028398982555,19.02194894642438,19.11611557006836,10137,0.0,0.0
2013-06-06 00:00:00+08:00,18.598190402984617,18.83361053466797,18.551107095093176,18.83361053466797,7000,0.0,0.0
2013-06-07 00:00:00+08:00,18.833610942578197,18.833610942578197,18.36277066901374,18.786527633666992,24371,0.0,0.0
2013-06-10 00:00:00+08:00,18.833611484229678,18.833611484229678,18.221519470214844,18.221519470214844,7617,0.0,0.0
2013-06-11 00:00:00+08:00,18.83361120422617,19.492788314819336,18.83361120422617,19.492788314819336,61318,0.0,0.0
2013-06-13 00:00:00+08:00,20.811141967773438,20.811141967773438,20.811141967773438,20.811141967773438,32282,0.0,0.0
2013-06-14 00:00:00+08:00,22.223663330078125,22.223663330078125,21.752823012898983,22.223663330078125,489622,0.0,0.0
2013-06-17 00:00:00+08:00,23.730352734660904,23.730352734660904,21.23489761352539,21.23489761352539,370252,0.0,0.0
2013-06-18 00:00:00+08:00,21.47031705426326,21.988242464167577,21.329065322875977,21.329065322875977,106369,0.0,0.0
2013-06-19 00:00:00+08:00,21.423233597912176,22.78867118303757,21.423233597912176,21.84699058532715,211437,0.0,0.0
2013-06-20 00:00:00+08:00,21.799904815880453,21.799904815880453,21.18781280517578,21.18781280517578,56393,0.0,0.0
2013-06-21 00:00:00+08:00,21.187813928457956,21.47031739572543,20.716973618936667,21.04656219482422,82362,0.0,0.0
2013-06-24 00:00:00+08:00,19.586956024169922,20.104881438782012,19.586956024169922,19.586956024169922,64099,0.0,0.0
2013-06-25 00:00:00+08:00,19.02194963364808,19.02194963364808,18.362772467646238,18.551109313964844,58001,0.0,0.0
2013-06-26 00:00:00+08:00,19.257369318429603,19.822376251220703,18.692360589525265,19.822376251220703,79183,0.0,0.0
2013-06-27 00:00:00+08:00,19.681122937675916,19.681122937675916,19.11611425414042,19.539871215820312,36000,0.0,0.0
2013-06-28 00:00:00+08:00,19.351537287752873,19.351537287752873,18.92778205871582,18.92778205871582,14559,0.0,0.0
2013-07-01 00:00:00+08:00,18.5511087871722,19.586956024169922,18.12735179304533,19.586956024169922,21530,0.0,0.0
2013-07-02 00:00:00+08:00,19.5869575725629,19.5869575725629,18.73944531342464,19.398622512817383,7012,0.0,0.0
2013-07-03 00:00:00+08:00,19.586956024169922,19.586956024169922,19.586956024169922,19.586956024169922,10697,0.0,0.0
2013-07-04 00:00:00+08:00,19.021949768066406,19.58695671878828,19.021949768066406,19.021949768066406,6184,0.0,0.0
2013-07-05 00:00:00+08:00,19.68112444465514,19.68112444465514,18.927780672999848,19.586956024169922,6339,0.0,0.0
2013-07-08 00:00:00+08:00,19.021949093485066,19.586956024169922,19.021949093485066,19.586956024169922,3001,0.0,0.0
2013-07-09 00:00:00+08:00,19.5398710274402,19.5398710274402,19.06903076171875,19.06903076171875,5018,0.0,0.0
2013-07-10 00:00:00+08:00,18.551106595371895,19.02194684605531,18.551106595371895,18.645273208618164,7061,0.0,0.0
2013-07-11 00:00:00+08:00,18.645274735292045,18.645274735292045,18.456939697265625,18.456939697265625,11283,0.0,0.0
2013-07-12 00:00:00+08:00,18.64527495669193,18.64527495669193,18.174434661865234,18.174434661865234,12000,0.0,0.0
2013-07-15 00:00:00+08:00,18.174435343865227,18.174435343865227,17.51525998404005,17.60942840576172,29583,0.0,0.0
2013-07-16 00:00:00+08:00,17.326923370361328,17.421091793331723,17.326923370361328,17.326923370361328,24000,0.0,0.0
2013-07-17 00:00:00+08:00,17.609427290533066,18.4569394401275,17.609427290533066,17.75067901611328,30363,0.0,0.0
2013-07-18 00:00:00+08:00,17.891932602504347,17.986101028055984,17.515260696411133,17.515260696411133,5340,0.0,0.0
2013-07-19 00:00:00+08:00,17.32692258263845,17.32692258263845,17.185670852661133,17.185670852661133,4002,0.0,0.0
2013-07-22 00:00:00+08:00,17.185670852661133,17.185670852661133,17.185670852661133,17.185670852661133,1386,0.0,0.0
2013-07-23 00:00:00+08:00,17.185671114057502,17.185671114057502,16.667747497558594,16.667747497558594,13004,0.0,0.0
2013-07-24 00:00:00+08:00,16.6677462558374,17.609426794673116,16.38524101651883,17.562341690063477,18373,0.0,0.0
2013-07-25 00:00:00+08:00,17.42108947958938,17.42108947958938,17.138586044311523,17.138586044311523,6122,0.0,0.0
2013-07-26 00:00:00+08:00,18.174434325908415,18.174434325908415,17.23275375366211,17.23275375366211,5014,0.0,0.0
2013-07-29 00:00:00+08:00,17.797764542598582,17.797764542598582,17.703596115112305,17.703596115112305,4000,0.0,0.0
2013-07-30 00:00:00+08:00,17.468173896723687,17.468173896723687,16.808998573819164,17.23275375366211,21000,0.0,0.0
2013-07-31 00:00:00+08:00,16.950252423967633,16.950252423967633,16.479412078857422,16.479412078857422,18655,0.0,0.0
2013-08-01 00:00:00+08:00,17.18567005841018,17.51525861053382,16.479409645050858,17.044418334960938,16000,0.0,0.0
2013-08-02 00:00:00+08:00,16.57358050710214,16.950252423967633,16.479412078857422,16.479412078857422,28620,0.0,0.0
2013-08-05 00:00:00+08:00,17.138588786468663,17.138588786468663,16.196908123390457,16.291074752807617,17000,0.0,0.0
2013-08-06 00:00:00+08:00,16.80899740077467,16.95024911753149,16.14982032775879,16.14982032775879,30084,0.0,0.0
2013-08-07 00:00:00+08:00,16.432326539467795,16.903166820872453,16.291073018155892,16.761913299560547,21001,0.0,0.0
2013-08-08 00:00:00+08:00,16.479412078857422,16.479412078857422,16.43232876279175,16.479412078857422,6000,0.0,0.0
2013-08-09 00:00:00+08:00,16.47941008858059,16.47941008858059,16.243989944458008,16.243989944458008,14275,0.0,0.0
2013-08-12 00:00:00+08:00,16.149823368104563,16.149823368104563,16.00857162475586,16.00857162475586,12735,0.0,0.0
2013-08-13 00:00:00+08:00,16.338160334547034,16.479412078857422,16.338160334547034,16.479412078857422,23735,0.0,0.0
2013-08-14 00:00:00+08:00,16.05565310801198,16.05565310801198,15.631897926330566,15.631897926330566,17555,0.0,0.0
2013-08-15 00:00:00+08:00,15.631899306657028,16.667748391312088,15.631899306657028,16.055654525756836,25766,0.0,0.0
2013-08-16 00:00:00+08:00,15.914402487299917,16.102739334106445,15.914402487299917,16.102739334106445,3184,0.0,0.0
2013-08-19 00:00:00+08:00,15.914402961730957,15.914402961730957,15.914402961730957,15.914402961730957,122,0.0,0.0
2013-08-20 00:00:00+08:00,15.914402132243922,15.914402132243922,14.925638198852539,14.925638198852539,18613,0.0,0.0
2013-08-22 00:00:00+08:00,14.64313321858504,15.255226135253906,14.64313321858504,15.255226135253906,17017,0.0,0.0
2013-08-23 00:00:00+08:00,15.255225897178057,15.773149490356445,15.255225897178057,15.773149490356445,2228,0.0,0.0
2013-08-26 00:00:00+08:00,14.972721267422399,15.06688968718998,14.831469535827637,14.831469535827637,11249,0.0,0.0
2013-08-27 00:00:00+08:00,14.831469535827637,15.208141418784741,14.125209081740605,14.831469535827637,35000,0.0,0.0
2013-08-28 00:00:00+08:00,15.537730088678662,15.537730088678662,14.454797744750977,14.454797744750977,40267,0.0,0.0
2013-08-29 00:00:00+08:00,14.454796633469327,14.596048355102539,14.454796633469327,14.596048355102539,5388,0.0,0.0
2013-08-30 00:00:00+08:00,14.596048954953885,14.643133163452148,14.596048954953885,14.643133163452148,2935,0.0,0.0
2013-09-02 00:00:00+08:00,14.643133163452148,14.643133163452148,14.643133163452148,14.643133163452148,122,0.0,0.0
2013-09-03 00:00:00+08:00,14.878554344177246,14.878554344177246,14.878554344177246,14.878554344177246,1571,0.0,0.0
2013-09-04 00:00:00+08:00,14.596048355102539,14.596048355102539,14.596048355102539,14.596048355102539,5068,0.0,0.0
2013-09-05 00:00:00+08:00,14.925638198852539,14.925638198852539,14.925638198852539,14.925638198852539,1012,0.0,0.0
2013-09-06 00:00:00+08:00,14.596048603399018,14.690217018127441,14.407712671998729,14.690217018127441,4411,0.0,0.0
2013-09-09 00:00:00+08:00,14.596049477243591,14.643133687426667,14.360629324384824,14.454797744750977,10613,0.0,0.0
2013-09-10 00:00:00+08:00,14.454797744750977,14.454797744750977,14.454797744750977,14.454797744750977,1191,0.0,0.0
2013-09-11 00:00:00+08:00,14.407712936401367,14.407712936401367,14.407712936401367,14.407712936401367,2849,0.0,0.0
2013-09-12 00:00:00+08:00,14.78438556689904,14.972721511447082,14.78438556689904,14.925638198852539,21040,0.0,0.0
2013-09-13 00:00:00+08:00,15.443561411075882,15.96148681640625,15.443561411075882,15.96148681640625,162097,0.0,0.0
2013-09-16 00:00:00+08:00,16.102739130772896,16.903168025423483,16.102739130772896,16.856082916259766,52003,0.0,0.0
2013-09-17 00:00:00+08:00,16.6677462941822,16.903166429432723,16.38524105421372,16.573577880859375,24828,0.0,0.0
2013-09-18 00:00:00+08:00,16.479410252100983,16.997333855864603,16.479410252100983,16.71483039855957,48245,0.0,0.0
2013-09-23 00:00:00+08:00,16.903167649805958,16.95025096181014,16.667747497558594,16.667747497558594,61227,0.0,0.0
2013-09-24 00:00:00+08:00,16.573577880859375,16.620661189464244,16.47940946753655,16.573577880859375,29116,0.0,0.0
2013-09-25 00:00:00+08:00,16.76191449404559,16.856082916259766,16.76191449404559,16.856082916259766,3999,0.0,0.0
2013-09-26 00:00:00+08:00,16.856082916259766,16.856082916259766,16.856082916259766,16.856082916259766,3000,0.0,0.0
2013-09-27 00:00:00+08:00,16.856082916259766,16.856082916259766,16.102739130772896,16.856082916259766,6982,0.0,0.0
2013-09-30 00:00:00+08:00,16.149823368104563,16.149823368104563,15.726068138058455,16.00857162475586,19093,0.0,0.0
2013-10-01 00:00:00+08:00,15.631899816881715,16.479412078857422,15.631899816881715,16.479412078857422,23758,0.0,0.0
2013-10-02 00:00:00+08:00,15.820234535520399,16.055654702990125,15.820234535520399,15.914402961730957,13383,0.0,0.0
2013-10-03 00:00:00+08:00,15.91439969971105,15.91439969971105,15.726064682006836,15.726064682006836,14324,0.0,0.0
2013-10-04 00:00:00+08:00,16.243991438099037,16.291074752807617,16.243991438099037,16.291074752807617,8471,0.0,0.0
2013-10-07 00:00:00+08:00,15.820234298706055,16.008571148307944,15.820234298706055,15.820234298706055,11348,0.0,0.0
2013-10-08 00:00:00+08:00,16.102739334106445,16.102739334106445,16.102739334106445,16.102739334106445,2765,0.0,0.0
2013-10-09 00:00:00+08:00,16.291073083534833,16.291073083534833,15.773149490356445,15.773149490356445,9000,0.0,0.0
2013-10-11 00:00:00+08:00,16.291073083534833,16.291073083534833,15.773149490356445,15.773149490356445,10711,0.0,0.0
2013-10-14 00:00:00+08:00,15.63189936632087,16.291074752807617,15.584814255498964,16.291074752807617,10289,0.0,0.0
2013-10-15 00:00:00+08:00,16.196908178813434,16.196908178813434,15.443562568105058,15.678982734680176,6986,0.0,0.0
2013-10-16 00:00:00+08:00,15.678981560013359,15.96148681640625,15.678981560013359,15.96148681640625,4427,0.0,0.0
2013-10-17 00:00:00+08:00,15.82023447540258,16.291074808552814,15.678982734680176,15.678982734680176,16220,0.0,0.0
2013-10-18 00:00:00+08:00,15.63189936632087,16.291074752807617,15.63189936632087,16.291074752807617,8203,0.0,0.0
2013-10-21 00:00:00+08:00,15.914402723507,15.914402723507,15.820234298706055,15.820234298706055,3307,0.0,0.0
2013-10-22 00:00:00+08:00,15.726064682006836,15.726064682006836,15.726064682006836,15.726064682006836,377,0.0,0.0
2013-10-23 00:00:00+08:00,15.726064682006836,15.726064682006836,15.726064682006836,15.726064682006836,10000,0.0,0.0
2013-10-24 00:00:00+08:00,16.761914904940845,16.80900001525879,16.714831590736207,16.80900001525879,51781,0.0,0.0
2013-10-25 00:00:00+08:00,16.950250884649027,16.950250884649027,16.385242162604747,16.432327270507812,26076,0.0,0.0
2013-10-28 00:00:00+08:00,16.291074752807617,16.291074752807617,16.10273969785997,16.291074752807617,11367,0.0,0.0
2013-10-29 00:00:00+08:00,16.52649419622332,16.57357930498719,15.82023372978449,16.385242462158203,10704,0.0,0.0
2013-10-30 00:00:00+08:00,16.29107411089562,16.620662689208984,16.055653954402256,16.620662689208984,10633,0.0,0.0
2013-10-31 00:00:00+08:00,16.573577880859375,16.573577880859375,16.573577880859375,16.573577880859375,16,0.0,0.0
2013-11-01 00:00:00+08:00,16.102739334106445,16.102739334106445,16.102739334106445,16.102739334106445,2429,0.0,0.0
2013-11-04 00:00:00+08:00,16.00857162475586,16.00857162475586,16.00857162475586,16.00857162475586,2208,0.0,0.0
2013-11-05 00:00:00+08:00,15.820233609604585,15.820233609604585,15.3023099899292,15.3023099899292,4157,0.0,0.0
2013-11-06 00:00:00+08:00,15.113973074942123,15.113973074942123,15.0198055527581,15.066889762878418,3839,0.0,0.0
2013-11-07 00:00:00+08:00,15.349393473287302,15.820233785917136,15.16105842590332,15.16105842590332,12470,0.0,0.0
2013-11-08 00:00:00+08:00,15.255226434560228,15.255226434560228,15.208141326904297,15.208141326904297,6019,0.0,0.0
2013-11-11 00:00:00+08:00,15.443560600280762,15.443560600280762,15.443560600280762,15.443560600280762,2184,0.0,0.0
2013-11-12 00:00:00+08:00,15.537730629745036,15.58481394351107,15.490647315979004,15.490647315979004,4372,0.0,0.0
2013-11-13 00:00:00+08:00,15.4435619659881,15.4435619659881,15.396478652954102,15.396478652954102,3329,0.0,0.0
2013-11-14 00:00:00+08:00,15.63189936632087,16.385243178338104,15.63189936632087,16.291074752807617,6612,0.0,0.0
2013-11-15 00:00:00+08:00,15.537729509474753,15.631897926330566,15.537729509474753,15.631897926330566,2000,0.0,0.0
2013-11-18 00:00:00+08:00,16.291074752807617,16.291074752807617,16.291074752807617,16.291074752807617,1135,0.0,0.0
2013-11-19 00:00:00+08:00,16.291074752807617,16.291074752807617,16.291074752807617,16.291074752807617,760,0.0,0.0
2013-11-20 00:00:00+08:00,16.291074752807617,16.291074752807617,16.291074752807617,16.291074752807617,700,0.0,0.0
2013-11-21 00:00:00+08:00,16.243989944458008,16.243989944458008,16.243989944458008,16.243989944458008,132,0.0,0.0
2013-11-22 00:00:00+08:00,16.19690704345703,16.19690704345703,16.19690704345703,16.19690704345703,1061,0.0,0.0
2013-11-25 00:00:00+08:00,15.820234298706055,15.820234298706055,15.820234298706055,15.820234298706055,3368,0.0,0.0
2013-11-26 00:00:00+08:00,15.820234298706055,15.820234298706055,15.820234298706055,15.820234298706055,1,0.0,0.0
2013-11-27 00:00:00+08:00,16.14982193577454,16.19690704345703,15.537729904807783,16.19690704345703,9027,0.0,0.0
2013-11-28 00:00:00+08:00,15.82023476954868,16.00857162475586,15.82023476954868,16.00857162475586,2929,0.0,0.0
2013-11-29 00:00:00+08:00,16.00857162475586,16.00857162475586,16.00857162475586,16.00857162475586,1188,0.0,0.0
2013-12-02 00:00:00+08:00,16.14982032775879,16.14982032775879,16.14982032775879,16.14982032775879,2000,0.0,0.0
2013-12-03 00:00:00+08:00,16.14982032775879,16.14982032775879,16.14982032775879,16.14982032775879,4285,0.0,0.0
2013-12-04 00:00:00+08:00,15.631899710454865,16.00857162475586,15.631899710454865,16.00857162475586,8000,0.0,0.0
2013-12-05 00:00:00+08:00,15.726066343186378,15.726066343186378,15.631897926330566,15.631897926330566,4220,0.0,0.0
2013-12-06 00:00:00+08:00,15.631897926330566,15.631897926330566,15.631897926330566,15.631897926330566,184,0.0,0.0
2013-12-09 00:00:00+08:00,14.548966009416434,16.24399137609896,14.548966009416434,16.055654525756836,25355,0.0,0.0
2013-12-10 00:00:00+08:00,15.914402961730957,15.914402961730957,15.914402961730957,15.914402961730957,41,0.0,0.0
2013-12-11 00:00:00+08:00,15.443560600280762,15.443560600280762,15.443560600280762,15.443560600280762,1000,0.0,0.0
2013-12-12 00:00:00+08:00,15.726064682006836,15.726064682006836,15.726064682006836,15.726064682006836,1967,0.0,0.0
2013-12-13 00:00:00+08:00,15.631899419810484,15.726067845663199,15.113973975677228,15.678982734680176,11797,0.0,0.0
2013-12-16 00:00:00+08:00,15.20814240152994,15.678982734680176,15.20814240152994,15.678982734680176,2068,0.0,0.0
2013-12-17 00:00:00+08:00,15.349392432577918,15.631897678669537,15.349392432577918,15.537729263305664,5148,0.0,0.0
2013-12-18 00:00:00+08:00,15.490646280575026,15.490646280575026,15.255226135253906,15.255226135253906,4000,0.0,0.0
2013-12-19 00:00:00+08:00,15.584814071655273,15.584814071655273,15.584814071655273,15.584814071655273,2330,0.0,0.0
2013-12-20 00:00:00+08:00,15.584814071655273,15.584814071655273,15.584814071655273,15.584814071655273,2330,0.0,0.0
2013-12-23 00:00:00+08:00,15.255226135253906,15.255226135253906,15.255226135253906,15.255226135253906,1223,0.0,0.0
2013-12-24 00:00:00+08:00,15.255226135253906,15.255226135253906,15.255226135253906,15.255226135253906,6,0.0,0.0
2013-12-25 00:00:00+08:00,15.678981236701892,15.678981236701892,15.631897926330566,15.631897926330566,3001,0.0,0.0
2013-12-26 00:00:00+08:00,16.714830912076508,16.714830912076508,15.208141569230065,15.3023099899292,99306,0.0,0.0
2013-12-27 00:00:00+08:00,15.349392432577918,15.537729263305664,15.349392432577918,15.537729263305664,4944,0.0,0.0
2013-12-30 00:00:00+08:00,15.537729509474753,15.631897926330566,15.349392675763129,15.631897926330566,17374,0.0,0.0
2013-12-31 00:00:00+08:00,15.631897926330566,15.631897926330566,15.631897926330566,15.631897926330566,61,0.0,0.0
2014-01-02 00:00:00+08:00,15.349392756491818,15.349392756491818,15.255226135253906,15.255226135253906,5988,0.0,0.0
2014-01-03 00:00:00+08:00,15.255226268867501,15.631898145457757,15.255226268867501,15.349392890930176,5000,0.0,0.0
2014-01-06 00:00:00+08:00,15.349392890930176,15.537729727281897,15.349392890930176,15.349392890930176,17368,0.0,0.0
2014-01-07 00:00:00+08:00,15.349392890930176,15.349392890930176,15.349392890930176,15.349392890930176,196,0.0,0.0
2014-01-08 00:00:00+08:00,15.349392890930176,15.349392890930176,15.349392890930176,15.349392890930176,4551,0.0,0.0
2014-01-09 00:00:00+08:00,15.349393543806844,15.58481370120335,15.349393543806844,15.396478652954102,8672,0.0,0.0
2014-01-10 00:00:00+08:00,15.396478652954102,15.396478652954102,15.396478652954102,15.396478652954102,2999,0.0,0.0
2014-01-13 00:00:00+08:00,15.396478652954102,15.396478652954102,15.396478652954102,15.396478652954102,674,0.0,0.0
2014-01-14 00:00:00+08:00,15.396478652954102,15.396478652954102,15.396478652954102,15.396478652954102,368,0.0,0.0
2014-01-15 00:00:00+08:00,15.537729263305664,15.537729263305664,15.537729263305664,15.537729263305664,1169,0.0,0.0
2014-01-16 00:00:00+08:00,15.678980648462154,16.620661189464244,15.678980648462154,16.573577880859375,66951,0.0,0.0
2014-01-17 00:00:00+08:00,16.950251935407692,16.950251935407692,16.008571272329487,16.291074752807617,25115,0.0,0.0
2014-01-20 00:00:00+08:00,16.291074870459855,16.291074870459855,15.914402961730957,15.914402961730957,4628,0.0,0.0
2014-01-21 00:00:00+08:00,16.856081800694984,16.997333526611328,16.808998490760583,16.997333526611328,89823,0.0,0.0
2014-01-22 00:00:00+08:00,16.950252308565027,16.950252308565027,16.00857162475586,16.00857162475586,69355,0.0,0.0
2014-01-23 00:00:00+08:00,16.338160334547034,16.903169107901963,16.338160334547034,16.479412078857422,32190,0.0,0.0
2014-01-24 00:00:00+08:00,16.714829989865336,17.37400710227711,16.714829989865336,16.761913299560547,7306,0.0,0.0
2014-01-27 00:00:00+08:00,16.66774716696212,16.95025062561035,16.66774716696212,16.95025062561035,6000,0.0,0.0
2014-02-05 00:00:00+08:00,17.89193017850914,18.033181899643175,16.338157653808594,16.338157653808594,25000,0.0,0.0
2014-02-06 00:00:00+08:00,16.808998896286234,16.95025062561035,16.808998896286234,16.95025062561035,11000,0.0,0.0
2014-02-07 00:00:00+08:00,17.60942840576172,17.60942840576172,17.42109156231838,17.60942840576172,10245,0.0,0.0
2014-02-10 00:00:00+08:00,18.033183750577045,18.08026885986328,17.986100437404076,18.08026885986328,6004,0.0,0.0
2014-02-11 00:00:00+08:00,18.45694025726181,18.45694025726181,17.044419346697588,17.891931533813477,22551,0.0,0.0
2014-02-12 00:00:00+08:00,18.12735168557418,18.12735168557418,17.27983949845829,17.891931533813477,16204,0.0,0.0
2014-02-13 00:00:00+08:00,17.32692250251239,17.609427757273806,16.95025062561035,16.95025062561035,29442,0.0,0.0
2014-02-14 00:00:00+08:00,16.6677462941822,16.6677462941822,16.573577880859375,16.573577880859375,5000,0.0,0.0
2014-02-17 00:00:00+08:00,16.573577787736344,16.856081230004413,16.338157653808594,16.338157653808594,6790,0.0,0.0
2014-02-18 00:00:00+08:00,16.291073817072235,16.667747497558594,16.291073817072235,16.667747497558594,8349,0.0,0.0
2014-02-19 00:00:00+08:00,16.99733393668066,16.99733393668066,16.573578748708314,16.95025062561035,42163,0.0,0.0
2014-02-20 00:00:00+08:00,17.27984005693277,17.374008479903164,16.76191462865224,17.326923370361328,8420,0.0,0.0
2014-02-21 00:00:00+08:00,17.656511068344116,17.656511068344116,16.856082207356543,16.95025062561035,6796,0.0,0.0
2014-02-24 00:00:00+08:00,16.95025062561035,16.95025062561035,16.95025062561035,16.95025062561035,1001,0.0,0.0
2014-02-25 00:00:00+08:00,16.38524415861129,16.903169631958008,16.38524415861129,16.903169631958008,4000,0.0,0.0
2014-02-26 00:00:00+08:00,16.432328289160008,16.432328289160008,16.291074752807617,16.291074752807617,10613,0.0,0.0
2014-02-27 00:00:00+08:00,16.6677462941822,16.6677462941822,16.291072640890892,16.573577880859375,34940,0.0,0.0
2014-03-03 00:00:00+08:00,16.385243178338104,16.573580029399075,16.10273969785997,16.291074752807617,59010,0.0,0.0
2014-03-04 00:00:00+08:00,16.29107404074371,16.385242462158203,16.149822306678594,16.385242462158203,13922,0.0,0.0
2014-03-05 00:00:00+08:00,16.950251939214645,17.515260696411133,16.950251939214645,17.515260696411133,76121,0.0,0.0
2014-03-06 00:00:00+08:00,18.504022684808085,18.739442825317383,18.45693937515148,18.739442825317383,289887,0.0,0.0
2014-03-07 00:00:00+08:00,19.210283406967466,19.210283406967466,17.46817398071289,17.46817398071289,163126,0.0,0.0
2014-03-10 00:00:00+08:00,17.468173317143503,17.468173317143503,16.573577880859375,16.573577880859375,63933,0.0,0.0
2014-03-11 00:00:00+08:00,16.95024922338426,17.185669351486823,16.95024922338426,17.138586044311523,39142,0.0,0.0
2014-03-12 00:00:00+08:00,17.279838049396336,18.268601885429714,17.279838049396336,17.844846725463867,44624,0.0,0.0
2014-03-13 00:00:00+08:00,18.03318310977645,18.03318310977645,17.421091079711914,17.421091079711914,33234,0.0,0.0
2014-03-14 00:00:00+08:00,17.326923783912676,17.326923783912676,17.23275535869471,17.27984046936035,16000,0.0,0.0
2014-03-17 00:00:00+08:00,17.421091079711914,17.421091079711914,17.421091079711914,17.421091079711914,3244,0.0,0.0
2014-03-18 00:00:00+08:00,17.421090500473507,17.515258916455455,16.620661658796692,16.997333526611328,30411,0.0,0.0
2014-03-19 00:00:00+08:00,16.997333229735784,17.421090196196623,16.6206613685001,17.044418334960938,38000,0.0,0.0
2014-03-20 00:00:00+08:00,17.044418334960938,17.044418334960938,17.044418334960938,17.044418334960938,1061,0.0,0.0
2014-03-21 00:00:00+08:00,17.044418334960938,17.044418334960938,17.044418334960938,17.044418334960938,1061,0.0,0.0
2014-03-24 00:00:00+08:00,17.044418334960938,17.044418334960938,17.044418334960938,17.044418334960938,32,0.0,0.0
2014-03-25 00:00:00+08:00,17.091501855766435,17.091501855766435,16.714829989865336,16.761913299560547,6000,0.0,0.0
2014-03-26 00:00:00+08:00,16.856081715064107,16.856081715064107,16.761913299560547,16.761913299560547,10000,0.0,0.0
2014-03-27 00:00:00+08:00,17.13858761848619,17.421091079711914,16.76191394203429,17.421091079711914,40188,0.0,0.0
2014-03-28 00:00:00+08:00,17.42109058655663,17.42109058655663,17.138587133328002,17.23275375366211,29247,0.0,0.0
2014-03-31 00:00:00+08:00,17.23275375366211,17.23275375366211,17.23275375366211,17.23275375366211,19000,0.0,0.0
2014-04-01 00:00:00+08:00,16.95025078026024,17.609427917937865,16.95025078026024,17.421091079711914,29110,0.0,0.0
2014-04-02 00:00:00+08:00,17.421091079711914,17.65651122943775,17.091502510873102,17.421091079711914,16528,0.0,0.0
2014-04-03 00:00:00+08:00,17.421091079711914,17.421091079711914,17.421091079711914,17.421091079711914,2773,0.0,0.0
2014-04-07 00:00:00+08:00,17.374007768212028,17.421091079711914,17.374007768212028,17.421091079711914,8001,0.0,0.0
2014-04-08 00:00:00+08:00,17.421091079711914,17.421091079711914,17.421091079711914,17.421091079711914,15,0.0,0.0
2014-04-09 00:00:00+08:00,16.76191378910274,16.95025062561035,16.66774716696212,16.95025062561035,27003,0.0,0.0
2014-04-10 00:00:00+08:00,16.95024992062374,17.044418334960938,16.761913091949342,17.044418334960938,6685,0.0,0.0
2014-04-11 00:00:00+08:00,16.903168025423483,16.95025133847394,16.526494336566785,16.856082916259766,10122,0.0,0.0
2014-04-14 00:00:00+08:00,17.7035939523062,17.7035939523062,16.761913384713036,16.997333526611328,7063,0.0,0.0
2014-04-15 00:00:00+08:00,16.85608150628654,17.044418334960938,16.85608150628654,17.044418334960938,3049,0.0,0.0
2014-04-16 00:00:00+08:00,16.903169631958008,16.903169631958008,16.903169631958008,16.903169631958008,38,0.0,0.0
2014-04-17 00:00:00+08:00,16.903169631958008,16.903169631958008,16.903169631958008,16.903169631958008,1104,0.0,0.0
2014-04-18 00:00:00+08:00,17.326922846183276,17.326922846183276,16.667747497558594,16.667747497558594,5449,0.0,0.0
2014-04-21 00:00:00+08:00,17.04442085221235,17.04442085221235,16.1498234780576,16.479412078857422,16000,0.0,0.0
2014-04-22 00:00:00+08:00,16.1498234780576,16.526495394923092,16.1498234780576,16.479412078857422,11009,0.0,0.0
2014-04-23 00:00:00+08:00,16.47940976306056,16.526493072509766,16.291072933037473,16.526493072509766,9002,0.0,0.0
2014-04-24 00:00:00+08:00,16.196908590236646,16.479412078857422,16.196908590236646,16.479412078857422,6184,0.0,0.0
2014-04-25 00:00:00+08:00,15.914401069104427,16.526493072509766,15.914401069104427,16.526493072509766,2000,0.0,0.0
2014-04-28 00:00:00+08:00,15.820233440560472,16.432327270507812,15.820233440560472,16.432327270507812,3479,0.0,0.0
2014-04-29 00:00:00+08:00,16.76191291139194,16.76191291139194,16.008569197035502,16.573577880859375,5660,0.0,0.0
2014-04-30 00:00:00+08:00,16.761914423882352,16.761914423882352,16.29107411089562,16.620662689208984,9122,0.0,0.0
2014-05-02 00:00:00+08:00,16.808998016109896,16.808998016109896,16.243989332286024,16.573577880859375,9000,0.0,0.0
2014-05-05 00:00:00+08:00,16.761915453357847,16.761915453357847,15.443562855247686,16.00857162475586,52135,0.0,0.0
2014-05-06 00:00:00+08:00,16.00857091070318,16.19690775750971,16.00857091070318,16.102739334106445,18496,0.0,0.0
2014-05-07 00:00:00+08:00,15.584814598596388,16.00857162475586,15.584814598596388,16.00857162475586,11822,0.0,0.0
2014-05-08 00:00:00+08:00,16.00857173374721,16.479412078857422,16.00857173374721,16.479412078857422,6974,0.0,0.0
2014-05-09 00:00:00+08:00,16.196905932674557,16.43232606660231,16.14982082822116,16.338157653808594,5034,0.0,0.0
2014-05-12 00:00:00+08:00,16.291072933037473,16.714829902532852,16.196906314139056,16.526493072509766,10184,0.0,0.0
2014-05-13 00:00:00+08:00,16.3381587742781,16.3381587742781,15.914401785701694,16.19690704345703,3000,0.0,0.0
2014-05-14 00:00:00+08:00,15.678983132947385,16.479412078857422,15.678983132947385,16.479412078857422,3551,0.0,0.0
2014-05-15 00:00:00+08:00,16.43232615893168,16.573577880859375,16.43232615893168,16.573577880859375,2002,0.0,0.0
2014-05-16 00:00:00+08:00,16.102740161991928,16.479412078857422,16.05565504981288,16.479412078857422,4000,0.0,0.0
2014-05-19 00:00:00+08:00,16.57358050710214,16.57358050710214,16.196908590236646,16.479412078857422,6122,0.0,0.0
2014-05-20 00:00:00+08:00,16.479412078857422,16.479412078857422,16.479412078857422,16.479412078857422,3269,0.0,0.0
2014-05-21 00:00:00+08:00,15.537730940790384,16.291074752807617,15.537730940790384,16.291074752807617,9251,0.0,0.0
2014-05-22 00:00:00+08:00,16.291075222367986,16.479412078857422,16.291075222367986,16.479412078857422,4751,0.0,0.0
2014-05-23 00:00:00+08:00,16.526493072509766,16.526493072509766,16.526493072509766,16.526493072509766,2471,0.0,0.0
2014-05-26 00:00:00+08:00,16.526493072509766,16.526493072509766,16.526493072509766,16.526493072509766,162,0.0,0.0
2014-05-27 00:00:00+08:00,16.291074309913544,17.326923370361328,16.14982257351459,17.326923370361328,17058,0.0,0.0
2014-05-28 00:00:00+08:00,17.23275487915015,17.23275487915015,16.950251407470944,17.091503143310547,14000,0.0,0.0
2014-05-29 00:00:00+08:00,17.32692217010937,17.32692217010937,17.185670443495056,17.23275375366211,4840,0.0,0.0
2014-05-30 00:00:00+08:00,17.232754163949174,17.232754163949174,16.573578825350637,17.185670852661133,6040,0.0,0.0
2014-06-03 00:00:00+08:00,16.950251879154134,17.27984046936035,16.950251879154134,17.27984046936035,6323,0.0,0.0
2014-06-04 00:00:00+08:00,17.27984046936035,17.27984046936035,17.27984046936035,17.27984046936035,2009,0.0,0.0
2014-06-05 00:00:00+08:00,16.761914904940845,16.80900001525879,16.573579852008983,16.80900001525879,12434,0.0,0.0
2014-06-06 00:00:00+08:00,16.808997505745335,17.185669351486823,16.29107214625188,17.138586044311523,8857,0.0,0.0
2014-06-09 00:00:00+08:00,17.13858721573251,17.46817398071289,17.13858721573251,17.46817398071289,10126,0.0,0.0
2014-06-10 00:00:00+08:00,16.997334788021586,17.326923370361328,16.950251474593028,17.326923370361328,3000,0.0,0.0
2014-06-11 00:00:00+08:00,17.23275375366211,17.42109058655663,17.23275375366211,17.23275375366211,8152,0.0,0.0
2014-06-12 00:00:00+08:00,17.421090670319455,17.46817398071289,16.95025038193244,17.46817398071289,20230,0.0,0.0
2014-06-13 00:00:00+08:00,17.421091079711914,17.421091079711914,17.421091079711914,17.421091079711914,709,0.0,0.0
2014-06-16 00:00:00+08:00,16.809000139383848,17.27984046936035,16.761915028718207,17.27984046936035,14005,0.0,0.0
2014-06-17 00:00:00+08:00,16.385240556715512,17.138586044311523,16.385240556715512,17.138586044311523,41227,0.0,0.0
2014-06-18 00:00:00+08:00,16.95024992062374,17.09150164407298,16.761913091949342,17.044418334960938,42773,0.0,0.0
2014-06-19 00:00:00+08:00,17.044419897563422,17.374008479903164,16.856083051622633,17.326923370361328,7556,0.0,0.0
2014-06-20 00:00:00+08:00,16.62066328894792,17.27984046936035,16.62066328894792,17.27984046936035,5000,0.0,0.0
2014-06-23 00:00:00+08:00,16.997333526611328,17.18567035857522,16.620661658796692,16.997333526611328,19078,0.0,0.0
2014-06-24 00:00:00+08:00,17.091503143310547,17.091503143310547,17.091503143310547,17.091503143310547,1653,0.0,0.0
2014-06-25 00:00:00+08:00,16.667749452104072,16.903169631958008,16.667749452104072,16.903169631958008,2007,0.0,0.0
2014-06-26 00:00:00+08:00,16.526495394923092,16.856083995722916,16.479412078857422,16.479412078857422,32600,0.0,0.0
2014-06-27 00:00:00+08:00,16.620661189464244,16.76191291139194,16.149820918963197,16.573577880859375,8360,0.0,0.0
2014-06-30 00:00:00+08:00,16.85608254168855,16.85608254168855,16.291073817072235,16.667747497558594,18000,0.0,0.0
2014-07-01 00:00:00+08:00,16.291073416488846,16.90316723417171,16.196906794795954,16.71483039855957,42079,0.0,0.0
2014-07-02 00:00:00+08:00,16.479411603868588,16.620663344107655,16.291074752807617,16.291074752807617,5238,0.0,0.0
2014-07-03 00:00:00+08:00,16.291074752807617,16.291074752807617,16.291074752807617,16.291074752807617,551,0.0,0.0
2014-07-04 00:00:00+08:00,16.19690748518888,16.620662689208984,16.19690748518888,16.620662689208984,3523,0.0,0.0
2014-07-07 00:00:00+08:00,16.479410954535616,16.620662689208984,16.479410954535616,16.620662689208984,2429,0.0,0.0
2014-07-08 00:00:00+08:00,16.620662689208984,16.620662689208984,16.620662689208984,16.620662689208984,61,0.0,0.0
2014-07-09 00:00:00+08:00,16.479409374942627,16.479409374942627,15.53772883923162,16.338157653808594,14131,0.0,0.0
2014-07-10 00:00:00+08:00,16.00856980033543,16.243989944458008,16.00856980033543,16.243989944458008,3306,0.0,0.0
2014-07-11 00:00:00+08:00,15.914400201126409,16.14982032775879,15.914400201126409,16.14982032775879,3349,0.0,0.0
2014-07-14 00:00:00+08:00,16.14982032775879,16.14982032775879,16.14982032775879,16.14982032775879,3349,0.0,0.0
2014-07-15 00:00:00+08:00,15.726066343186378,16.008569797640654,15.537729509474753,15.631897926330566,11007,0.0,0.0
2014-07-16 00:00:00+08:00,16.055651412017454,16.10273651352823,15.726064682006836,15.726064682006836,13562,0.0,0.0
2014-07-17 00:00:00+08:00,15.678982794261229,15.914402961730957,15.678982794261229,15.914402961730957,6921,0.0,0.0
2014-07-18 00:00:00+08:00,16.19690847996304,16.19690847996304,15.726068138058455,16.00857162475586,3015,0.0,0.0
2014-07-21 00:00:00+08:00,15.820234298706055,15.961487833964128,15.820234298706055,15.820234298706055,4000,0.0,0.0
2014-07-22 00:00:00+08:00,15.631899479212619,15.914402961730957,15.631899479212619,15.914402961730957,2306,0.0,0.0
2014-07-23 00:00:00+08:00,15.914402961730957,15.914402961730957,15.914402961730957,15.914402961730957,0,0.0,0.0
2014-07-24 00:00:00+08:00,16.2439901056424,16.997333855864603,16.2439901056424,16.71483039855957,52306,0.0,0.0
2014-07-25 00:00:00+08:00,16.6677462941822,16.6677462941822,16.05565250564037,16.573577880859375,13000,0.0,0.0
2014-07-28 00:00:00+08:00,16.196906794795954,16.71483039855957,16.196906794795954,16.71483039855957,3000,0.0,0.0
2014-07-29 00:00:00+08:00,16.196906794795954,16.71483039855957,16.196906794795954,16.71483039855957,3000,0.0,0.0
2014-07-30 00:00:00+08:00,16.667747497558594,16.667747497558594,16.667747497558594,16.667747497558594,962,0.0,0.0
2014-07-31 00:00:00+08:00,16.667747497558594,16.667747497558594,16.62066238944119,16.667747497558594,6000,0.0,0.0
2014-08-01 00:00:00+08:00,16.667747497558594,16.667747497558594,16.667747497558594,16.667747497558594,6000,0.0,0.0
2014-08-04 00:00:00+08:00,16.573578264666565,16.761913299560547,16.291073018155892,16.761913299560547,4439,0.0,0.0
2014-08-05 00:00:00+08:00,16.008570641548886,16.620662689208984,16.008570641548886,16.620662689208984,2000,0.0,0.0
2014-08-06 00:00:00+08:00,16.19690602368116,16.573577880859375,16.149820918963197,16.573577880859375,8000,0.0,0.0
2014-08-07 00:00:00+08:00,16.24399179570815,16.24399179570815,16.00857162475586,16.00857162475586,5063,0.0,0.0
2014-08-08 00:00:00+08:00,16.14982032775879,16.14982032775879,16.14982032775879,16.14982032775879,1000,0.0,0.0
2014-08-11 00:00:00+08:00,16.291074752807617,16.291074752807617,16.291074752807617,16.291074752807617,1249,0.0,0.0
2014-08-12 00:00:00+08:00,15.867319586385602,16.243991493683126,15.631899419810484,15.678982734680176,11693,0.0,0.0
2014-08-13 00:00:00+08:00,16.19690704345703,16.19690704345703,15.820233366449916,16.19690704345703,4975,0.0,0.0
2014-08-14 00:00:00+08:00,15.537729263305664,15.537729263305664,15.537729263305664,15.537729263305664,2929,0.0,0.0
2014-08-15 00:00:00+08:00,16.00857162475586,16.00857162475586,16.00857162475586,16.00857162475586,1490,0.0,0.0
2014-08-18 00:00:00+08:00,15.396477862753493,15.867318153381348,15.396477862753493,15.867318153381348,3122,0.0,0.0
2014-08-19 00:00:00+08:00,15.726066035194467,16.526493072509766,15.726066035194467,16.526493072509766,3308,0.0,0.0
2014-08-20 00:00:00+08:00,16.526495394923092,16.526495394923092,15.631899816881715,16.479412078857422,4294,0.0,0.0
2014-08-21 00:00:00+08:00,16.291074752807617,16.291074752807617,16.291074752807617,16.291074752807617,4294,0.0,0.0
2014-08-22 00:00:00+08:00,15.820232966592101,16.243989944458008,15.820232966592101,16.243989944458008,2000,0.0,0.0
2014-08-25 00:00:00+08:00,16.243989944458008,16.243989944458008,16.243989944458008,16.243989944458008,2000,0.0,0.0
2014-08-26 00:00:00+08:00,16.243989944458008,16.243989944458008,16.243989944458008,16.243989944458008,920,0.0,0.0
2014-08-27 00:00:00+08:00,16.479410582297664,16.479410582297664,16.243990431121983,16.432327270507812,9756,0.0,0.0
2014-08-28 00:00:00+08:00,16.432327270507812,16.432327270507812,16.385242162604747,16.432327270507812,3697,0.0,0.0
2014-08-29 00:00:00+08:00,16.620661815831504,16.620661815831504,16.00856980033543,16.243989944458008,3122,0.0,0.0
2014-09-01 00:00:00+08:00,16.196908590236646,16.479412078857422,16.196908590236646,16.479412078857422,5007,0.0,0.0
2014-09-02 00:00:00+08:00,15.678980560365655,16.338157653808594,15.678980560365655,16.338157653808594,3000,0.0,0.0
2014-09-03 00:00:00+08:00,16.338157653808594,16.338157653808594,16.338157653808594,16.338157653808594,1002,0.0,0.0
2014-09-04 00:00:00+08:00,16.338157653808594,16.338157653808594,16.338157653808594,16.338157653808594,1002,0.0,0.0
2014-09-05 00:00:00+08:00,16.432327270507812,16.432327270507812,16.432327270507812,16.432327270507812,1082,0.0,0.0
2014-09-09 00:00:00+08:00,16.620662689208984,16.620662689208984,16.620662689208984,16.620662689208984,1613,0.0,0.0
2014-09-10 00:00:00+08:00,16.00857091070318,16.102739334106445,16.00857091070318,16.102739334106445,4426,0.0,0.0
2014-09-11 00:00:00+08:00,16.055654525756836,16.055654525756836,16.055654525756836,16.055654525756836,2000,0.0,0.0
2014-09-12 00:00:00+08:00,16.055654525756836,16.055654525756836,16.055654525756836,16.055654525756836,1164,0.0,0.0
2014-09-15 00:00:00+08:00,16.432327270507812,16.432327270507812,16.432327270507812,16.432327270507812,1306,0.0,0.0
2014-09-16 00:00:00+08:00,16.338157653808594,16.338157653808594,16.338157653808594,16.338157653808594,244,0.0,0.0
2014-09-17 00:00:00+08:00,16.338158361329672,16.338158361329672,16.243989944458008,16.243989944458008,2306,0.0,0.0
2014-09-18 00:00:00+08:00,16.243989944458008,16.243989944458008,16.243989944458008,16.243989944458008,1001,0.0,0.0
2014-09-19 00:00:00+08:00,16.196908123390457,16.291074752807617,16.196908123390457,16.291074752807617,4796,0.0,0.0
2014-09-22 00:00:00+08:00,16.243989944458008,16.243989944458008,16.243989944458008,16.243989944458008,1000,0.0,0.0
2014-09-23 00:00:00+08:00,15.537729904807783,16.19690704345703,15.537729904807783,16.19690704345703,4104,0.0,0.0
2014-09-24 00:00:00+08:00,16.19690704345703,16.19690704345703,16.19690704345703,16.19690704345703,11,0.0,0.0
2014-09-25 00:00:00+08:00,16.479412078857422,16.479412078857422,16.479412078857422,16.479412078857422,1255,0.0,0.0
2014-09-26 00:00:00+08:00,16.432327270507812,16.432327270507812,16.432327270507812,16.432327270507812,184,0.0,0.0
2014-09-29 00:00:00+08:00,16.385242462158203,16.385242462158203,16.385242462158203,16.385242462158203,245,0.0,0.0
2014-09-30 00:00:00+08:00,16.338157653808594,16.338157653808594,16.338157653808594,16.338157653808594,613,0.0,0.0
2014-10-01 00:00:00+08:00,15.726067477035746,16.055654265624558,15.490647315979004,15.490647315979004,10582,0.0,0.0
2014-10-02 00:00:00+08:00,15.490644562791841,15.91439969971105,15.490644562791841,15.726064682006836,8352,0.0,0.0
2014-10-03 00:00:00+08:00,16.19690847996304,16.19690847996304,16.00857162475586,16.00857162475586,8042,0.0,0.0
2014-10-06 00:00:00+08:00,16.479411476199353,16.479411476199353,15.537730820416535,15.820234298706055,11122,0.0,0.0
2014-10-07 00:00:00+08:00,15.349394142252345,15.678982734680176,15.349394142252345,15.678982734680176,3000,0.0,0.0
2014-10-08 00:00:00+08:00,15.914401463998864,15.914401463998864,15.443561173371009,15.867318153381348,5164,0.0,0.0
2014-10-09 00:00:00+08:00,15.490646038825167,15.773149490356445,15.490646038825167,15.773149490356445,3081,0.0,0.0
2014-10-13 00:00:00+08:00,15.537729263305664,15.537729263305664,15.537729263305664,15.537729263305664,3831,0.0,0.0
2014-10-14 00:00:00+08:00,15.773149490356445,15.773149490356445,15.773149490356445,15.773149490356445,1122,0.0,0.0
2014-10-15 00:00:00+08:00,15.066889221308852,15.631897926330566,15.066889221308852,15.631897926330566,6000,0.0,0.0
2014-10-16 00:00:00+08:00,15.443560600280762,15.443560600280762,15.443560600280762,15.443560600280762,169,0.0,0.0
2014-10-17 00:00:00+08:00,15.914402659067372,15.914402659067372,15.11397374567036,15.584814071655273,3042,0.0,0.0
2014-10-20 00:00:00+08:00,15.537729263305664,15.537729263305664,15.537729263305664,15.537729263305664,4,0.0,0.0
2014-10-21 00:00:00+08:00,15.820232459582613,15.820232459582613,14.831468604401113,15.443560600280762,4000,0.0,0.0
2014-10-22 00:00:00+08:00,14.925637018254852,15.490645705264182,14.925637018254852,15.443560600280762,9000,0.0,0.0
2014-10-23 00:00:00+08:00,14.925638198852539,15.34939340054317,14.925638198852539,14.925638198852539,7023,0.0,0.0
2014-10-24 00:00:00+08:00,13.889788622385595,15.255226188455211,13.889788622385595,15.113972663879395,9000,0.0,0.0
2014-10-27 00:00:00+08:00,14.407713574129934,15.208141557213665,14.078125,14.078125,21000,0.0,0.0
2014-10-28 00:00:00+08:00,14.078125072335945,14.313545227050781,14.078125072335945,14.313545227050781,13000,0.0,0.0
2014-10-29 00:00:00+08:00,14.172293846974503,14.266461372375488,14.172293846974503,14.266461372375488,4184,0.0,0.0
2014-10-30 00:00:00+08:00,14.360628728173092,14.501880454801343,14.360628728173092,14.407712936401367,5000,0.0,0.0
2014-10-31 00:00:00+08:00,14.548965381765619,14.643133802874202,14.313545227050781,14.313545227050781,4000,0.0,0.0
2014-11-03 00:00:00+08:00,14.313545759516273,14.45479839643376,14.03104138373795,14.12520980834961,20217,0.0,0.0
2014-11-04 00:00:00+08:00,14.407713459393213,14.407713459393213,14.219377517700195,14.219377517700195,2500,0.0,0.0
2014-11-05 00:00:00+08:00,14.078124887887975,14.266460829580993,14.078124887887975,14.219377517700195,5000,0.0,0.0
2014-11-06 00:00:00+08:00,14.12520980834961,14.12520980834961,14.12520980834961,14.12520980834961,1000,0.0,0.0
2014-11-07 00:00:00+08:00,14.125208771079144,14.643133272296698,14.125208771079144,14.501880645751953,18773,0.0,0.0
2014-11-10 00:00:00+08:00,14.501880645751953,15.019805146969505,14.078124562230895,14.501880645751953,39000,0.0,0.0
2014-11-11 00:00:00+08:00,14.172292709350586,14.501880368882674,14.07812429345195,14.172292709350586,10145,0.0,0.0
2014-11-12 00:00:00+08:00,14.313545367115285,14.784385681152344,14.313545367115285,14.784385681152344,10000,0.0,0.0
2014-11-13 00:00:00+08:00,14.784384534799305,14.878552949527728,14.360628464634516,14.690217018127441,18061,0.0,0.0
2014-11-14 00:00:00+08:00,14.548965524133814,14.784385681152344,14.548965524133814,14.784385681152344,5000,0.0,0.0
2014-11-17 00:00:00+08:00,14.407712851040607,14.643132992730628,14.172292709350586,14.172292709350586,9069,0.0,0.0
2014-11-18 00:00:00+08:00,14.54896530701041,14.54896530701041,14.078125,14.078125,19326,0.0,0.0
2014-11-19 00:00:00+08:00,14.125208085583102,14.596048355102539,14.07812387901985,14.596048355102539,108019,0.0,0.0
2014-11-20 00:00:00+08:00,14.360629437605073,14.360629437605073,14.313545227050781,14.313545227050781,2040,0.0,0.0
2014-11-21 00:00:00+08:00,14.690217949554677,15.3023099899292,14.313545164814757,15.3023099899292,140872,0.0,0.0
2014-11-24 00:00:00+08:00,15.302310656470828,16.243991312253648,15.302310656470828,15.820234298706055,123313,0.0,0.0
2014-11-25 00:00:00+08:00,15.631898409682247,16.903167586261546,14.831469535827637,14.831469535827637,258888,0.0,0.0
2014-11-26 00:00:00+08:00,14.878553840285436,15.16105820332728,14.454797744750977,14.454797744750977,54257,0.0,0.0
2014-11-27 00:00:00+08:00,14.454798219290746,14.454798219290746,14.266461372375488,14.266461372375488,16376,0.0,0.0
2014-11-28 00:00:00+08:00,14.407712936401367,14.737300597886149,14.407712936401367,14.407712936401367,19183,0.0,0.0
2014-12-01 00:00:00+08:00,14.266461016496491,14.407713648159366,14.266461016496491,14.313545227050781,4103,0.0,0.0
2014-12-02 00:00:00+08:00,14.878554344177246,14.878554344177246,14.878554344177246,14.878554344177246,20084,0.0,0.0
2014-12-03 00:00:00+08:00,14.87855357919643,14.972721099853516,14.87855357919643,14.972721099853516,50612,0.0,0.0
2014-12-04 00:00:00+08:00,14.972721099853516,14.972721099853516,14.972721099853516,14.972721099853516,4124,0.0,0.0
2014-12-05 00:00:00+08:00,14.878552811327983,15.443560600280762,14.878552811327983,15.443560600280762,3552,0.0,0.0
2014-12-08 00:00:00+08:00,15.066889300551741,15.255226135253906,14.784384946555079,15.255226135253906,24674,0.0,0.0
2014-12-09 00:00:00+08:00,14.925638555954922,15.208142030507695,14.83147013239957,14.878554344177246,36042,0.0,0.0
2014-12-10 00:00:00+08:00,14.92563778855327,14.972721099853516,14.92563778855327,14.972721099853516,34785,0.0,0.0
2014-12-11 00:00:00+08:00,14.972721099853516,14.972721099853516,14.972721099853516,14.972721099853516,0,0.0,0.0
2014-12-12 00:00:00+08:00,14.972721099853516,14.972721099853516,14.972721099853516,14.972721099853516,0,0.0,0.0
2014-12-15 00:00:00+08:00,14.972721099853516,14.972721099853516,14.972721099853516,14.972721099853516,0,0.0,0.0
2014-12-16 00:00:00+08:00,15.066889762878418,15.066889762878418,15.066889762878418,15.066889762878418,1000,0.0,0.0
2014-12-17 00:00:00+08:00,14.784385160482746,14.972721099853516,14.690217639825658,14.972721099853516,3000,0.0,0.0
2014-12-18 00:00:00+08:00,14.501880811831889,14.501880811831889,14.360629081726074,14.360629081726074,7613,0.0,0.0
2014-12-19 00:00:00+08:00,13.889789644877116,14.596050135294595,13.889789644877116,14.12520980834961,15212,0.0,0.0
2014-12-22 00:00:00+08:00,14.407712936401367,14.407712936401367,14.407712936401367,14.407712936401367,1909,0.0,0.0
2014-12-23 00:00:00+08:00,14.219377517700195,14.219377517700195,14.219377517700195,14.219377517700195,3000,0.0,0.0
2014-12-24 00:00:00+08:00,14.690218013428494,14.784385536480457,14.313545227050781,14.313545227050781,5000,0.0,0.0
2014-12-25 00:00:00+08:00,14.313545227050781,14.313545227050781,14.313545227050781,14.313545227050781,0,0.0,0.0
2014-12-26 00:00:00+08:00,14.266460227192653,14.266460227192653,14.172292709350586,14.172292709350586,16613,0.0,0.0
2014-12-29 00:00:00+08:00,14.313545039518399,14.407713459393213,14.219377517700195,14.219377517700195,5028,0.0,0.0
2014-12-30 00:00:00+08:00,14.219378058703317,14.266461372375488,14.125209635245689,14.266461372375488,12490,0.0,0.0
2014-12-31 00:00:00+08:00,14.360629081726074,14.360629081726074,14.360629081726074,14.360629081726074,4000,0.0,0.0
2015-01-05 00:00:00+08:00,14.219377351620262,14.360629081726074,14.219377351620262,14.360629081726074,4231,0.0,0.0
2015-01-06 00:00:00+08:00,14.219376917299904,14.219376917299904,14.172292709350586,14.172292709350586,7000,0.0,0.0
2015-01-07 00:00:00+08:00,14.313545227050781,14.313545227050781,14.313545227050781,14.313545227050781,1613,0.0,0.0
2015-01-08 00:00:00+08:00,14.313544257270305,14.690217018127441,14.313544257270305,14.690217018127441,4327,0.0,0.0
2015-01-09 00:00:00+08:00,14.596049592319911,14.596049592319911,14.313545227050781,14.313545227050781,3007,0.0,0.0
2015-01-12 00:00:00+08:00,14.407712936401367,14.407712936401367,14.407712936401367,14.407712936401367,1019,0.0,0.0
2015-01-13 00:00:00+08:00,14.69021808646673,14.878554031563663,14.548965454101562,14.548965454101562,17252,0.0,0.0
2015-01-14 00:00:00+08:00,14.548965454101562,14.548965454101562,14.548965454101562,14.548965454101562,0,0.0,0.0
2015-01-15 00:00:00+08:00,14.266460829580993,14.266460829580993,14.219377517700195,14.219377517700195,5012,0.0,0.0
2015-01-16 00:00:00+08:00,14.172292709350586,14.172292709350586,14.172292709350586,14.172292709350586,2000,0.0,0.0
2015-01-19 00:00:00+08:00,14.219377517700195,14.219377517700195,14.219377517700195,14.219377517700195,1227,0.0,0.0
2015-01-20 00:00:00+08:00,14.4077135345679,14.454797744750977,14.4077135345679,14.454797744750977,4315,0.0,0.0
2015-01-21 00:00:00+08:00,14.454797744750977,14.454797744750977,14.454797744750977,14.454797744750977,97,0.0,0.0
2015-01-22 00:00:00+08:00,14.313545227050781,14.313545227050781,14.313545227050781,14.313545227050781,1000,0.0,0.0
2015-01-23 00:00:00+08:00,14.313545713208836,14.73730182647705,14.313545713208836,14.73730182647705,25308,0.0,0.0
2015-01-26 00:00:00+08:00,14.690217018127441,14.690217018127441,14.690217018127441,14.690217018127441,72,0.0,0.0
2015-01-27 00:00:00+08:00,14.548965454101562,14.548965454101562,14.548965454101562,14.548965454101562,1065,0.0,0.0
2015-01-28 00:00:00+08:00,14.407712936401367,14.407712936401367,14.407712936401367,14.407712936401367,2000,0.0,0.0
2015-01-29 00:00:00+08:00,14.407712936401367,14.407712936401367,14.407712936401367,14.407712936401367,7020,0.0,0.0
2015-01-30 00:00:00+08:00,14.407713291113545,14.407713291113545,14.360629081726074,14.360629081726074,10349,0.0,0.0
2015-02-02 00:00:00+08:00,14.360629081726074,14.360629081726074,14.360629081726074,14.360629081726074,0,0.0,0.0
2015-02-03 00:00:00+08:00,14.360629081726074,14.360629081726074,14.360629081726074,14.360629081726074,613,0.0,0.0
2015-02-04 00:00:00+08:00,14.12520980834961,14.12520980834961,14.12520980834961,14.12520980834961,3662,0.0,0.0
2015-02-05 00:00:00+08:00,14.548965381765619,14.737301325926165,14.313545227050781,14.313545227050781,25097,0.0,0.0
2015-02-06 00:00:00+08:00,14.407713789145348,14.972721627155842,14.407713789145348,14.784385681152344,45013,0.0,0.0
2015-02-09 00:00:00+08:00,14.501879941976034,14.596048355102539,14.501879941976034,14.596048355102539,3627,0.0,0.0
2015-02-10 00:00:00+08:00,14.596048355102539,14.596048355102539,14.596048355102539,14.596048355102539,1184,0.0,0.0
2015-02-11 00:00:00+08:00,14.878552949527728,14.878552949527728,14.596048603399018,14.690217018127441,20619,0.0,0.0
2015-02-12 00:00:00+08:00,14.407712426906073,14.87855269642551,14.407712426906073,14.596048355102539,11039,0.0,0.0
2015-02-13 00:00:00+08:00,14.690217018127441,14.690217018127441,14.690217018127441,14.690217018127441,3000,0.0,0.0
2015-02-24 00:00:00+08:00,14.690217018127441,14.690217018127441,14.690217018127441,14.690217018127441,0,0.0,0.0
2015-02-25 00:00:00+08:00,14.87855269642551,14.87855269642551,14.596048355102539,14.596048355102539,3920,0.0,0.0
2015-02-26 00:00:00+08:00,15.06688968718998,15.113972999017163,14.690217804232873,14.831469535827637,11482,0.0,0.0
2015-03-02 00:00:00+08:00,14.737301708844216,14.925638555954922,14.737301708844216,14.878554344177246,4107,0.0,0.0
2015-03-03 00:00:00+08:00,15.066890293231308,15.11397360695234,14.878554344177246,14.878554344177246,8560,0.0,0.0
2015-03-04 00:00:00+08:00,14.501881548012477,14.878554344177246,14.501881548012477,14.878554344177246,7999,0.0,0.0
2015-03-05 00:00:00+08:00,14.87855357919643,14.972721099853516,14.87855357919643,14.972721099853516,5354,0.0,0.0
2015-03-06 00:00:00+08:00,15.019805793280394,15.16105842590332,15.019805793280394,15.16105842590332,17319,0.0,0.0
2015-03-09 00:00:00+08:00,15.161057717902823,15.443561173842902,15.161057717902823,15.255226135253906,17000,0.0,0.0
2015-03-10 00:00:00+08:00,15.631897678669537,15.82023271328415,15.537729263305664,15.537729263305664,11086,0.0,0.0
2015-03-11 00:00:00+08:00,15.443560847941791,15.537729263305664,15.066888982599432,15.537729263305664,11317,0.0,0.0
2015-03-12 00:00:00+08:00,15.631897926330566,15.631897926330566,15.631897926330566,15.631897926330566,1195,0.0,0.0
2015-03-13 00:00:00+08:00,15.349394142252345,15.678982734680176,15.20814240152994,15.678982734680176,12410,0.0,0.0
2015-03-16 00:00:00+08:00,15.678982734680176,15.678982734680176,15.678982734680176,15.678982734680176,0,0.0,0.0
2015-03-17 00:00:00+08:00,15.867318967747112,15.867318967747112,15.349393543806844,15.396478652954102,9001,0.0,0.0
2015-03-18 00:00:00+08:00,15.396478335664028,15.443561647727734,14.690217878029102,15.066889762878418,14122,0.0,0.0
2015-03-19 00:00:00+08:00,15.161058183119053,15.302309915423393,15.066889762878418,15.066889762878418,10249,0.0,0.0
2015-03-20 00:00:00+08:00,15.20814108155888,15.443561227701009,15.113972663879395,15.113972663879395,10885,0.0,0.0
2015-03-23 00:00:00+08:00,15.161058183119053,15.161058183119053,15.066889762878418,15.066889762878418,6919,0.0,0.0
2015-03-24 00:00:00+08:00,15.161057770775725,15.20814108155888,15.113972663879395,15.113972663879395,8940,0.0,0.0
2015-03-25 00:00:00+08:00,15.113973316972384,15.16105842590332,15.113973316972384,15.16105842590332,3218,0.0,0.0
2015-03-26 00:00:00+08:00,15.255226847651937,15.255226847651937,15.16105842590332,15.16105842590332,11151,0.0,0.0
2015-03-27 00:00:00+08:00,15.16105785069164,15.349392890930176,14.83146928513272,15.349392890930176,6000,0.0,0.0
2015-03-30 00:00:00+08:00,15.113973316972384,15.16105842590332,15.066890004154702,15.16105842590332,8122,0.0,0.0
2015-03-31 00:00:00+08:00,15.161057717902823,15.255226135253906,14.925637572581703,15.255226135253906,16084,0.0,0.0
2015-04-01 00:00:00+08:00,15.208140707588676,16.291072993990383,15.208140707588676,15.537729263305664,29169,0.0,0.0
2015-04-02 00:00:00+08:00,15.63189875038215,16.620662689208984,15.63189875038215,16.620662689208984,152696,0.0,0.0
2015-04-07 00:00:00+08:00,17.60942863927251,17.750680375671465,16.667748001795122,17.326923370361328,218816,0.0,0.0
2015-04-08 00:00:00+08:00,17.138587089530812,18.50402283813073,17.138587089530812,17.986099243164062,140941,0.0,0.0
2015-04-09 00:00:00+08:00,17.609426300516642,17.8919297357945,17.138586044311523,17.138586044311523,34410,0.0,0.0
2015-04-10 00:00:00+08:00,17.13858928045707,17.13858928045707,16.243991906302316,16.479412078857422,37669,0.0,0.0
2015-04-13 00:00:00+08:00,16.1498229509279,17.42109220045396,16.055654525756836,16.055654525756836,33992,0.0,0.0
2015-04-14 00:00:00+08:00,16.05565201814932,17.138586044311523,16.008568710974025,17.138586044311523,59936,0.0,0.0
2015-04-15 00:00:00+08:00,17.42109176435331,18.315689086914062,17.232754918725803,18.315689086914062,151952,0.0,0.0
2015-04-16 00:00:00+08:00,19.492789399797932,19.586956024169922,18.83361225251463,19.586956024169922,166105,0.0,0.0
2015-04-17 00:00:00+08:00,20.246132266215387,20.34030068249018,18.551107957721683,19.210283279418945,155158,0.0,0.0
2015-04-20 00:00:00+08:00,19.775291615423058,19.775291615423058,18.26860237121582,18.26860237121582,41166,0.0,0.0
2015-04-21 00:00:00+08:00,18.31568743823034,18.362770747342385,16.997333229735784,17.044418334960938,44000,0.0,0.0
2015-04-22 00:00:00+08:00,17.091503618924424,17.79776411388918,17.091503618924424,17.27984046936035,17073,0.0,0.0
2015-04-23 00:00:00+08:00,17.65651185685349,18.268603908668425,17.46817501193508,18.08026885986328,25558,0.0,0.0
2015-04-24 00:00:00+08:00,18.26860209419026,18.26860209419026,17.374006659964184,17.562341690063477,15006,0.0,0.0
2015-04-27 00:00:00+08:00,17.56234437193957,17.939016285771316,17.56234437193957,17.703596115112305,11613,0.0,0.0
2015-04-28 00:00:00+08:00,17.84484708653808,18.786527633666992,17.84484708653808,18.786527633666992,21519,0.0,0.0
2015-04-29 00:00:00+08:00,18.83361053466797,19.445702517822063,18.22151855151387,18.83361053466797,31825,0.0,0.0
2015-04-30 00:00:00+08:00,18.40985578116925,18.551109313964844,18.268604044486935,18.551109313964844,13227,0.0,0.0
2015-05-04 00:00:00+08:00,18.033184713257594,18.40985662708934,17.703596115112305,17.703596115112305,10999,0.0,0.0
2015-05-05 00:00:00+08:00,17.750681226912125,18.598193482061895,17.32692420128056,17.703596115112305,33074,0.0,0.0
2015-05-06 00:00:00+08:00,17.703594540937637,17.703594540937637,17.185670929986077,17.421091079711914,27740,0.0,0.0
2015-05-07 00:00:00+08:00,17.04441961594641,17.23275466266215,16.385242462158203,16.385242462158203,13000,0.0,0.0
2015-05-08 00:00:00+08:00,16.856082916259766,16.95025133847394,16.14982244382335,16.856082916259766,17018,0.0,0.0
2015-05-11 00:00:00+08:00,17.421091079711914,17.421091079711914,17.421091079711914,17.421091079711914,1009,0.0,0.0
2015-05-12 00:00:00+08:00,17.27984046936035,17.27984046936035,17.27984046936035,17.27984046936035,382,0.0,0.0
2015-05-13 00:00:00+08:00,16.761912402457,17.138586044311523,16.761912402457,17.138586044311523,4697,0.0,0.0
2015-05-14 00:00:00+08:00,16.573579445730505,16.95025133847394,16.385242601302156,16.856082916259766,8001,0.0,0.0
2015-05-15 00:00:00+08:00,16.479410330454506,16.95025062561035,16.432327019384196,16.95025062561035,9000,0.0,0.0
2015-05-18 00:00:00+08:00,16.950252423967633,16.950252423967633,16.479412078857422,16.479412078857422,6003,0.0,0.0
2015-05-19 00:00:00+08:00,17.044419043864156,17.091502354934466,16.903167314540042,16.95025062561035,4180,0.0,0.0
2015-05-20 00:00:00+08:00,16.3381592882517,16.856082916259766,16.3381592882517,16.856082916259766,2642,0.0,0.0
2015-05-21 00:00:00+08:00,16.43232876279175,17.09150416827802,16.43232876279175,16.479412078857422,24160,0.0,0.0
2015-05-22 00:00:00+08:00,16.526492683282946,16.526492683282946,16.055652415427442,16.338157653808594,5122,0.0,0.0
2015-05-25 00:00:00+08:00,16.29107438479969,16.29107438479969,16.102739334106445,16.102739334106445,13000,0.0,0.0
2015-05-26 00:00:00+08:00,16.80899960320931,16.856082916259766,16.80899960320931,16.856082916259766,2000,0.0,0.0
2015-05-27 00:00:00+08:00,16.856083445540897,17.0915036104119,16.055654525756836,16.055654525756836,22613,0.0,0.0
2015-05-28 00:00:00+08:00,16.19690704345703,16.19690704345703,16.19690704345703,16.19690704345703,2230,0.0,0.0
2015-05-29 00:00:00+08:00,16.66774751862954,16.66774751862954,15.066889762878418,15.066889762878418,19130,0.0,0.0
2015-06-01 00:00:00+08:00,15.678980988294906,16.008569544011895,15.490645953680293,15.537729263305664,18004,0.0,0.0
2015-06-02 00:00:00+08:00,13.983957618810765,14.737301399198495,13.983957618810765,14.548965454101562,24027,0.0,0.0
2015-06-03 00:00:00+08:00,14.690218013428494,14.690218013428494,14.313545227050781,14.313545227050781,3899,0.0,0.0
2015-06-04 00:00:00+08:00,14.313544013779568,14.596048355102539,14.313544013779568,14.596048355102539,3000,0.0,0.0
2015-06-05 00:00:00+08:00,14.925638570220164,15.490647315979004,14.596049985518066,15.490647315979004,13552,0.0,0.0
2015-06-08 00:00:00+08:00,15.537729263305664,15.537729263305664,15.537729263305664,15.537729263305664,1000,0.0,0.0
2015-06-09 00:00:00+08:00,15.678982528045404,15.678982528045404,14.12520980834961,14.12520980834961,11000,0.0,0.0
2015-06-10 00:00:00+08:00,14.878554344177246,14.878554344177246,14.878554344177246,14.878554344177246,1045,0.0,0.0
2015-06-11 00:00:00+08:00,14.878554344177246,14.878554344177246,14.878554344177246,14.878554344177246,0,0.0,0.0
2015-06-12 00:00:00+08:00,14.501881201048663,14.925638198852539,14.501881201048663,14.925638198852539,2070,0.0,0.0
2015-06-15 00:00:00+08:00,14.596049887280813,14.596049887280813,14.031041145324707,14.031041145324707,3000,0.0,0.0
2015-06-16 00:00:00+08:00,13.889789474658262,14.266461372375488,13.889789474658262,14.266461372375488,5000,0.0,0.0
2015-06-17 00:00:00+08:00,14.690217018127441,14.690217018127441,14.690217018127441,14.690217018127441,1000,0.0,0.0
2015-06-18 00:00:00+08:00,14.596049063448449,14.596049063448449,14.501880645751953,14.501880645751953,2613,0.0,0.0
2015-06-22 00:00:00+08:00,14.501880645751953,14.501880645751953,14.501880645751953,14.501880645751953,0,0.0,0.0
2015-06-23 00:00:00+08:00,14.501881056877439,14.501881056877439,14.454797744750977,14.454797744750977,2000,0.0,0.0
2015-06-24 00:00:00+08:00,14.266460829580993,14.266460829580993,14.219377517700195,14.219377517700195,3000,0.0,0.0
2015-06-25 00:00:00+08:00,15.16105842590332,15.16105842590332,15.16105842590332,15.16105842590332,1000,0.0,0.0
2015-06-26 00:00:00+08:00,14.690216768229044,14.690216768229044,14.596048355102539,14.596048355102539,5249,0.0,0.0
2015-06-29 00:00:00+08:00,14.596048355102539,14.596048355102539,14.596048355102539,14.596048355102539,1001,0.0,0.0
2015-06-30 00:00:00+08:00,14.596048355102539,14.596048355102539,14.596048355102539,14.596048355102539,20,0.0,0.0
2015-07-01 00:00:00+08:00,14.784385325943846,14.831469535827637,14.784385325943846,14.831469535827637,3000,0.0,0.0
2015-07-02 00:00:00+08:00,14.643133802874202,14.643133802874202,14.313545227050781,14.313545227050781,14000,0.0,0.0
2015-07-03 00:00:00+08:00,13.042275824911016,14.596048355102539,13.042275824911016,14.596048355102539,3046,0.0,0.0
2015-07-06 00:00:00+08:00,14.831469099388626,14.831469099388626,14.643133163452148,14.643133163452148,2063,0.0,0.0
2015-07-07 00:00:00+08:00,14.690218395123184,14.878554344177246,14.690218395123184,14.878554344177246,2000,0.0,0.0
2015-07-08 00:00:00+08:00,14.266461156100252,14.784385681152344,14.078125210096754,14.784385681152344,31070,0.0,0.0
2015-07-09 00:00:00+08:00,14.454797744750977,14.454797744750977,14.454797744750977,14.454797744750977,2000,0.0,0.0
2015-07-10 00:00:00+08:00,14.454797744750977,14.454797744750977,14.454797744750977,14.454797744750977,0,0.0,0.0
2015-07-13 00:00:00+08:00,14.407712936401367,14.407712936401367,14.407712936401367,14.407712936401367,4000,0.0,0.0
2015-07-14 00:00:00+08:00,14.407712936401367,14.407712936401367,14.407712936401367,14.407712936401367,2000,0.0,0.0
2015-07-15 00:00:00+08:00,14.21937674059844,14.690217018127441,14.125208325870016,14.690217018127441,8000,0.0,0.0
2015-07-16 00:00:00+08:00,14.690217018127441,14.690217018127441,14.690217018127441,14.690217018127441,0,0.0,0.0
2015-07-17 00:00:00+08:00,14.407713291113545,14.407713291113545,14.313544872338603,14.360629081726074,11102,0.0,0.0
2015-07-20 00:00:00+08:00,14.313545584104302,14.313545584104302,14.266461372375488,14.266461372375488,6554,0.0,0.0
2015-07-21 00:00:00+08:00,14.78438489089036,14.78438489089036,14.643133163452148,14.643133163452148,3806,0.0,0.0
2015-07-22 00:00:00+08:00,14.313545039518399,14.313545039518399,14.219377517700195,14.219377517700195,11000,0.0,0.0
2015-07-23 00:00:00+08:00,14.266461547210444,14.313545759516273,14.12520980834961,14.12520980834961,14001,0.0,0.0
2015-07-24 00:00:00+08:00,14.172294020655437,14.172294020655437,14.12520980834961,14.12520980834961,10124,0.0,0.0
2015-07-27 00:00:00+08:00,13.842704986445597,14.548965454101562,13.842704986445597,14.548965454101562,9000,0.0,0.0
2015-07-28 00:00:00+08:00,14.125209210312363,14.125209210312363,14.078125,14.078125,6000,0.0,0.0
2015-07-29 00:00:00+08:00,14.360629081726074,14.360629081726074,14.360629081726074,14.360629081726074,1000,0.0,0.0
2015-07-30 00:00:00+08:00,14.360629081726074,14.360629081726074,14.360629081726074,14.360629081726074,173,0.0,0.0
2015-07-31 00:00:00+08:00,14.078125,14.078125,14.078125,14.078125,1000,0.0,0.0
2015-08-03 00:00:00+08:00,14.12520980834961,14.12520980834961,14.12520980834961,14.12520980834961,2000,0.0,0.0
2015-08-04 00:00:00+08:00,14.078124811959741,14.31354496232046,13.983957290649414,13.983957290649414,14000,0.0,0.0
2015-08-05 00:00:00+08:00,13.842705262929448,14.266461372375488,13.842705262929448,14.266461372375488,14000,0.0,0.0
2015-08-06 00:00:00+08:00,14.266461372375488,14.266461372375488,14.266461372375488,14.266461372375488,0,0.0,0.0
2015-08-07 00:00:00+08:00,14.125209282890236,14.313545227050781,14.078125072335945,14.313545227050781,15000,0.0,0.0
2015-08-10 00:00:00+08:00,14.219377261159403,15.3964779980747,14.219377261159403,15.349392890930176,557000,0.0,0.0
2015-08-11 00:00:00+08:00,15.91440225522996,16.479410991297083,14.596049735148846,14.784385681152344,90122,0.0,0.0
2015-08-12 00:00:00+08:00,13.701452565239054,16.243989941723605,13.701452565239054,15.631897926330566,255000,0.0,0.0
2015-08-13 00:00:00+08:00,14.925638675091058,15.113973727591762,14.73730182647705,14.73730182647705,6000,0.0,0.0
2015-08-14 00:00:00+08:00,15.066889762878418,15.066889762878418,15.066889762878418,15.066889762878418,1183,0.0,0.0
2015-08-17 00:00:00+08:00,14.596048871257896,14.878553222570977,14.360628728173092,14.407712936401367,5000,0.0,0.0
2015-08-18 00:00:00+08:00,14.596048954953885,14.643133163452148,14.596048954953885,14.643133163452148,4000,0.0,0.0
2015-08-19 00:00:00+08:00,14.172292709350586,14.784384718522013,14.125208501401268,14.172292709350586,26367,0.0,0.0
2015-08-20 00:00:00+08:00,14.125209282890236,14.313545227050781,14.125209282890236,14.313545227050781,22000,0.0,0.0
2015-08-21 00:00:00+08:00,14.12520980834961,14.407714184127931,14.07812559604378,14.12520980834961,47067,0.0,0.0
2015-08-24 00:00:00+08:00,14.12520980834961,14.313545759516273,14.03104138373795,14.12520980834961,110121,0.0,0.0
2015-08-25 00:00:00+08:00,12.712688354601212,14.407713648159366,12.712688354601212,14.313545227050781,23184,0.0,0.0
2015-08-26 00:00:00+08:00,14.125208085583102,14.87855269642551,14.125208085583102,14.596048355102539,13005,0.0,0.0
2015-08-27 00:00:00+08:00,15.631897860053668,15.631897860053668,14.407712936401367,14.407712936401367,7000,0.0,0.0
2015-08-28 00:00:00+08:00,14.454797669330619,14.501880981211416,14.17229330776279,14.219377517700195,16868,0.0,0.0
2015-08-31 00:00:00+08:00,14.219377517700195,14.219377517700195,14.219377517700195,14.219377517700195,0,0.0,0.0
2015-09-01 00:00:00+08:00,15.255226135253906,15.255226135253906,15.255226135253906,15.255226135253906,1000,0.0,0.0
2015-09-02 00:00:00+08:00,15.113973591267573,15.113973591267573,14.266461372375488,14.266461372375488,12049,0.0,0.0
2015-09-03 00:00:00+08:00,14.690217018127441,14.690217018127441,14.690217018127441,14.690217018127441,1613,0.0,0.0
2015-09-04 00:00:00+08:00,14.690216768229044,14.690216768229044,14.172292292146356,14.596048355102539,14000,0.0,0.0
2015-09-07 00:00:00+08:00,14.219377774696087,14.548965454101562,14.219377774696087,14.548965454101562,2000,0.0,0.0
2015-09-08 00:00:00+08:00,14.596049401086228,14.596049401086228,14.219377517700195,14.219377517700195,3000,0.0,0.0
2015-09-09 00:00:00+08:00,14.31354529821624,14.596049664889952,14.31354529821624,14.548965454101562,6803,0.0,0.0
2015-09-10 00:00:00+08:00,14.31354529821624,14.548965454101562,14.31354529821624,14.548965454101562,4613,0.0,0.0
2015-09-11 00:00:00+08:00,14.454797144629643,14.454797144629643,14.407712936401367,14.407712936401367,4255,0.0,0.0
2015-09-14 00:00:00+08:00,14.219377517700195,14.219377517700195,14.219377517700195,14.219377517700195,5011,0.0,0.0
2015-09-15 00:00:00+08:00,14.454797058989925,14.454797058989925,14.172292709350586,14.172292709350586,14000,0.0,0.0
2015-09-16 00:00:00+08:00,14.172292709350586,14.172292709350586,14.172292709350586,14.172292709350586,3000,0.0,0.0
2015-09-17 00:00:00+08:00,14.454797744750977,14.454797744750977,14.454797744750977,14.454797744750977,2245,0.0,0.0
2015-09-18 00:00:00+08:00,14.172292793316563,14.407712936401367,13.654368298918676,14.407712936401367,92000,0.0,0.0
2015-09-21 00:00:00+08:00,14.360629324384824,14.454797744750977,14.172293381709133,14.454797744750977,10000,0.0,0.0
2015-09-22 00:00:00+08:00,14.172292709350586,14.172292709350586,14.172292709350586,14.172292709350586,19000,0.0,0.0
2015-09-23 00:00:00+08:00,14.454797744750977,14.454797744750977,14.454797744750977,14.454797744750977,1000,0.0,0.0
2015-09-24 00:00:00+08:00,14.454797744750977,14.454797744750977,14.454797744750977,14.454797744750977,0,0.0,0.0
2015-09-25 00:00:00+08:00,14.172292709350586,14.172292709350586,14.172292709350586,14.172292709350586,4061,0.0,0.0
2015-09-29 00:00:00+08:00,14.172292709350586,14.172292709350586,14.172292709350586,14.172292709350586,0,0.0,0.0
2015-09-30 00:00:00+08:00,14.21937759189221,14.454797744750977,14.21937759189221,14.454797744750977,8000,0.0,0.0
2015-10-01 00:00:00+08:00,14.54896466302962,14.54896466302962,14.219377001544839,14.407712936401367,10000,0.0,0.0
2015-10-02 00:00:00+08:00,14.219377001544839,14.407712936401367,14.172292793316563,14.407712936401367,21274,0.0,0.0
2015-10-05 00:00:00+08:00,14.172292793316563,14.407712936401367,14.172292793316563,14.407712936401367,12000,0.0,0.0
2015-10-06 00:00:00+08:00,14.219376917299904,14.219376917299904,14.172292709350586,14.172292709350586,18101,0.0,0.0
2015-10-07 00:00:00+08:00,14.219377517700195,14.219377517700195,14.219377517700195,14.219377517700195,9232,0.0,0.0
2015-10-08 00:00:00+08:00,14.266461372375488,14.266461372375488,14.266461372375488,14.266461372375488,1184,0.0,0.0
2015-10-12 00:00:00+08:00,14.219377517700195,14.219377517700195,14.125209097825383,14.219377517700195,15424,0.0,0.0
2015-10-13 00:00:00+08:00,14.17229330776279,14.219377517700195,14.17229330776279,14.219377517700195,8122,0.0,0.0
2015-10-14 00:00:00+08:00,14.219377517700195,14.219377517700195,14.219377517700195,14.219377517700195,1061,0.0,0.0
2015-10-15 00:00:00+08:00,14.172292709350586,14.266460227192653,14.172292709350586,14.172292709350586,14000,0.0,0.0
2015-10-16 00:00:00+08:00,14.172293493444528,14.313545227050781,14.172293493444528,14.313545227050781,14245,0.0,0.0
2015-10-19 00:00:00+08:00,14.172292709350586,14.172292709350586,14.172292709350586,14.172292709350586,21136,0.0,0.0
2015-10-20 00:00:00+08:00,14.219377517700195,14.219377517700195,14.17229330776279,14.219377517700195,15000,0.0,0.0
2015-10-21 00:00:00+08:00,14.219377517700195,14.219377517700195,14.219377517700195,14.219377517700195,6000,0.0,0.0
2015-10-22 00:00:00+08:00,14.219377517700195,14.219377517700195,14.219377517700195,14.219377517700195,5732,0.0,0.0
2015-10-23 00:00:00+08:00,14.266460829580993,14.266460829580993,14.219377517700195,14.219377517700195,3000,0.0,0.0
2015-10-26 00:00:00+08:00,14.219377517700195,14.219377517700195,14.219377517700195,14.219377517700195,1128,0.0,0.0
2015-10-27 00:00:00+08:00,14.407712936401367,14.407712936401367,14.407712936401367,14.407712936401367,2319,0.0,0.0
2015-10-28 00:00:00+08:00,14.219377517700195,14.219377517700195,14.219377517700195,14.219377517700195,9063,0.0,0.0
2015-10-29 00:00:00+08:00,14.219377517700195,14.219377517700195,14.219377517700195,14.219377517700195,10033,0.0,0.0
2015-10-30 00:00:00+08:00,14.219377517700195,14.219377517700195,14.219377517700195,14.219377517700195,0,0.0,0.0
2015-11-02 00:00:00+08:00,14.266461372375488,14.266461372375488,14.266461372375488,14.266461372375488,1000,0.0,0.0
2015-11-03 00:00:00+08:00,14.266461372375488,14.266461372375488,14.266461372375488,14.266461372375488,578,0.0,0.0
2015-11-04 00:00:00+08:00,14.313545227050781,14.313545227050781,14.313545227050781,14.313545227050781,2391,0.0,0.0
2015-11-05 00:00:00+08:00,14.313545227050781,14.313545227050781,14.313545227050781,14.313545227050781,1135,0.0,0.0
2015-11-06 00:00:00+08:00,14.266461372375488,14.266461372375488,14.266461372375488,14.266461372375488,5000,0.0,0.0
2015-11-09 00:00:00+08:00,14.266461372375488,14.266461372375488,14.266461372375488,14.266461372375488,8013,0.0,0.0
2015-11-10 00:00:00+08:00,14.266461372375488,14.266461372375488,14.266461372375488,14.266461372375488,0,0.0,0.0
2015-11-11 00:00:00+08:00,14.266460829580993,14.266460829580993,14.219377517700195,14.219377517700195,12016,0.0,0.0
2015-11-12 00:00:00+08:00,14.219377517700195,14.219377517700195,14.219377517700195,14.219377517700195,70000,0.0,0.0
2015-11-13 00:00:00+08:00,14.219376917299904,14.219376917299904,14.172292709350586,14.172292709350586,7319,0.0,0.0
2015-11-16 00:00:00+08:00,14.172292709350586,14.31354443514197,14.172292709350586,14.172292709350586,11000,0.0,0.0
2015-11-17 00:00:00+08:00,14.219377517700195,14.548965191148822,14.219377517700195,14.219377517700195,4110,0.0,0.0
2015-11-18 00:00:00+08:00,14.219377517700195,14.219377517700195,14.219377517700195,14.219377517700195,0,0.0,0.0
2015-11-19 00:00:00+08:00,14.219377517700195,14.219377517700195,14.219377517700195,14.219377517700195,2000,0.0,0.0
2015-11-20 00:00:00+08:00,14.219377517700195,14.219377517700195,14.219377517700195,14.219377517700195,694,0.0,0.0
2015-11-23 00:00:00+08:00,14.219377517700195,14.219377517700195,14.219377517700195,14.219377517700195,2306,0.0,0.0
2015-11-24 00:00:00+08:00,14.219377517700195,14.219377517700195,14.219377517700195,14.219377517700195,10000,0.0,0.0
2015-11-25 00:00:00+08:00,14.219377517700195,14.219377517700195,14.219377517700195,14.219377517700195,12184,0.0,0.0
2015-11-26 00:00:00+08:00,14.266460829580993,14.266460829580993,14.219377517700195,14.219377517700195,7000,0.0,0.0
2015-11-27 00:00:00+08:00,14.31354470583011,15.443561227701009,14.31354470583011,15.113972663879395,13210,0.0,0.0
2015-11-30 00:00:00+08:00,14.596048871257896,14.596048871257896,14.407712936401367,14.407712936401367,5000,0.0,0.0
2015-12-01 00:00:00+08:00,14.40771344298674,14.831469535827637,14.40771344298674,14.831469535827637,4196,0.0,0.0
2015-12-02 00:00:00+08:00,14.831469535827637,14.831469535827637,14.831469535827637,14.831469535827637,203,0.0,0.0
2015-12-03 00:00:00+08:00,14.454797144629643,14.454797144629643,14.407712936401367,14.407712936401367,5000,0.0,0.0
2015-12-04 00:00:00+08:00,14.40771301901741,14.643133163452148,14.266460393522616,14.643133163452148,4000,0.0,0.0
2015-12-07 00:00:00+08:00,14.925638198852539,14.925638198852539,14.925638198852539,14.925638198852539,1169,0.0,0.0
2015-12-08 00:00:00+08:00,14.407713291113545,14.407713291113545,14.360629081726074,14.360629081726074,2063,0.0,0.0
2015-12-09 00:00:00+08:00,14.737301693550345,14.737301693550345,14.266461372375488,14.266461372375488,7227,0.0,0.0
2015-12-10 00:00:00+08:00,14.266460904018672,14.454797744750977,14.266460904018672,14.454797744750977,2307,0.0,0.0
2015-12-11 00:00:00+08:00,14.266459807216316,14.596048355102539,14.266459807216316,14.596048355102539,2920,0.0,0.0
2015-12-14 00:00:00+08:00,14.313545584104302,14.313545584104302,14.266461372375488,14.266461372375488,4084,0.0,0.0
2015-12-15 00:00:00+08:00,14.266461372375488,14.266461372375488,14.266461372375488,14.266461372375488,1000,0.0,0.0
2015-12-16 00:00:00+08:00,14.266461087427851,14.548965454101562,14.266461087427851,14.548965454101562,6000,0.0,0.0
2015-12-17 00:00:00+08:00,14.266461156100252,14.784385681152344,14.266461156100252,14.784385681152344,2024,0.0,0.0
2015-12-18 00:00:00+08:00,14.784385681152344,14.784385681152344,14.784385681152344,14.784385681152344,0,0.0,0.0
2015-12-21 00:00:00+08:00,14.784385681152344,14.784385681152344,14.784385681152344,14.784385681152344,122,0.0,0.0
2015-12-22 00:00:00+08:00,14.784385681152344,14.784385681152344,14.784385681152344,14.784385681152344,0,0.0,0.0
2015-12-23 00:00:00+08:00,14.784385681152344,14.784385681152344,14.784385681152344,14.784385681152344,829,0.0,0.0
2015-12-24 00:00:00+08:00,14.501880645751953,14.501880645751953,14.501880645751953,14.501880645751953,1000,0.0,0.0
2015-12-25 00:00:00+08:00,14.266461372375488,14.360629795833118,14.219378058703317,14.266461372375488,21002,0.0,0.0
2015-12-28 00:00:00+08:00,14.266461372375488,14.266461372375488,14.266461372375488,14.266461372375488,0,0.0,0.0
2015-12-29 00:00:00+08:00,14.266460829580993,14.266460829580993,14.219377517700195,14.219377517700195,10000,0.0,0.0
2015-12-30 00:00:00+08:00,14.266460829580993,14.266460829580993,14.219377517700195,14.219377517700195,18000,0.0,0.0
2015-12-31 00:00:00+08:00,14.219377517700195,14.219377517700195,14.219377517700195,14.219377517700195,613,0.0,0.0
2016-01-04 00:00:00+08:00,14.266460372204188,15.631897926330566,14.266460372204188,15.631897926330566,43000,0.0,0.0
2016-01-05 00:00:00+08:00,16.10273770114383,17.185669970179067,15.066888740978909,15.443560600280762,71175,0.0,0.0
2016-01-06 00:00:00+08:00,15.584812958978718,15.584812958978718,14.501880645751953,14.501880645751953,35169,0.0,0.0
2016-01-07 00:00:00+08:00,14.501880537957357,14.737300682392096,14.266460393522616,14.643133163452148,19000,0.0,0.0
2016-01-08 00:00:00+08:00,14.784385681152344,14.784385681152344,14.784385681152344,14.784385681152344,1736,0.0,0.0
2016-01-11 00:00:00+08:00,14.407712426906073,14.596048355102539,14.313544013779568,14.596048355102539,8005,0.0,0.0
2016-01-12 00:00:00+08:00,14.313544257270305,14.690217018127441,14.266460049906092,14.690217018127441,6000,0.0,0.0
2016-01-13 00:00:00+08:00,14.266460393522616,14.643133163452148,14.266460393522616,14.643133163452148,8007,0.0,0.0
2016-01-14 00:00:00+08:00,14.313544872338603,14.831469379487585,14.313544872338603,14.360629081726074,6000,0.0,0.0
2016-01-15 00:00:00+08:00,14.36062950900463,15.019805765872206,14.36062950900463,14.548965454101562,4613,0.0,0.0
2016-01-18 00:00:00+08:00,14.407714137515839,15.01980620134141,14.360629925362337,14.73730182647705,12111,0.0,0.0
2016-01-19 00:00:00+08:00,14.360628464634516,14.690217018127441,14.313544257270305,14.690217018127441,3000,0.0,0.0
2016-01-20 00:00:00+08:00,14.454796633469327,14.690216768229044,14.125208085583102,14.596048355102539,22000,0.0,0.0
2016-01-21 00:00:00+08:00,14.266461372375488,14.313545584104302,13.842705262929448,14.266461372375488,142254,0.0,0.0
2016-01-22 00:00:00+08:00,14.407712936401367,14.407712936401367,14.407712936401367,14.407712936401367,3009,0.0,0.0
2016-01-25 00:00:00+08:00,14.407712936401367,14.407712936401367,14.407712936401367,14.407712936401367,613,0.0,0.0
2016-01-26 00:00:00+08:00,14.407712936401367,14.407712936401367,14.407712936401367,14.407712936401367,0,0.0,0.0
2016-01-27 00:00:00+08:00,14.407712936401367,14.407712936401367,14.407712936401367,14.407712936401367,0,0.0,0.0
2016-01-28 00:00:00+08:00,14.407712936401367,14.407712936401367,14.407712936401367,14.407712936401367,1,0.0,0.0
2016-01-29 00:00:00+08:00,14.407712936401367,14.407712936401367,14.407712936401367,14.407712936401367,0,0.0,0.0
2016-02-01 00:00:00+08:00,14.266461372375488,14.266461372375488,14.266461372375488,14.266461372375488,1176,0.0,0.0
2016-02-02 00:00:00+08:00,14.266461016496491,14.548965381765619,14.266461016496491,14.313545227050781,5000,0.0,0.0
2016-02-03 00:00:00+08:00,14.313545584104302,14.313545584104302,14.266461372375488,14.266461372375488,9000,0.0,0.0
2016-02-15 00:00:00+08:00,14.266461372375488,14.313545584104302,14.266461372375488,14.266461372375488,5000,0.0,0.0
2016-02-16 00:00:00+08:00,14.313545227050781,14.313545227050781,14.266461016496491,14.313545227050781,4000,0.0,0.0
2016-02-17 00:00:00+08:00,14.266461372375488,14.266461372375488,14.266461372375488,14.266461372375488,1000,0.0,0.0
2016-02-18 00:00:00+08:00,14.266461016496491,14.313545227050781,14.266461016496491,14.313545227050781,5227,0.0,0.0
2016-02-19 00:00:00+08:00,14.313545227050781,14.313545227050781,14.313545227050781,14.313545227050781,0,0.0,0.0
2016-02-22 00:00:00+08:00,14.313545227050781,14.313545227050781,14.313545227050781,14.313545227050781,0,0.0,0.0
2016-02-23 00:00:00+08:00,14.313545227050781,14.313545227050781,14.313545227050781,14.313545227050781,4,0.0,0.0
2016-02-24 00:00:00+08:00,14.313545227050781,14.313545227050781,14.313545227050781,14.313545227050781,0,0.0,0.0
2016-02-25 00:00:00+08:00,14.313545227050781,14.313545227050781,14.313545227050781,14.313545227050781,1000,0.0,0.0
2016-02-26 00:00:00+08:00,14.313545227050781,14.313545227050781,14.313545227050781,14.313545227050781,0,0.0,0.0
2016-03-01 00:00:00+08:00,14.313545584104302,14.313545584104302,14.266461372375488,14.266461372375488,4000,0.0,0.0
2016-03-02 00:00:00+08:00,14.266461372375488,14.266461372375488,14.266461372375488,14.266461372375488,5128,0.0,0.0
2016-03-03 00:00:00+08:00,14.266460662951133,14.360629081726074,14.266460662951133,14.360629081726074,10000,0.0,0.0
2016-03-04 00:00:00+08:00,14.501880454801343,14.501880454801343,14.407712936401367,14.407712936401367,3613,0.0,0.0
2016-03-07 00:00:00+08:00,14.407712936401367,14.407712936401367,14.407712936401367,14.407712936401367,1001,0.0,0.0
2016-03-08 00:00:00+08:00,14.784385681152344,14.784385681152344,14.784385681152344,14.784385681152344,1000,0.0,0.0
2016-03-09 00:00:00+08:00,14.784385681152344,14.784385681152344,14.784385681152344,14.784385681152344,0,0.0,0.0
2016-03-10 00:00:00+08:00,14.784385681152344,14.784385681152344,14.784385681152344,14.784385681152344,3303,0.0,0.0
2016-03-11 00:00:00+08:00,14.784385681152344,14.784385681152344,14.784385681152344,14.784385681152344,61,0.0,0.0
2016-03-14 00:00:00+08:00,14.831469892167377,14.831469892167377,14.784385681152344,14.784385681152344,15042,0.0,0.0
2016-03-15 00:00:00+08:00,14.360629437605073,14.360629437605073,14.313545227050781,14.313545227050781,6095,0.0,0.0
2016-03-16 00:00:00+08:00,14.313545227050781,14.313545227050781,14.313545227050781,14.313545227050781,0,0.0,0.0
2016-03-17 00:00:00+08:00,14.313545227050781,14.313545227050781,14.313545227050781,14.313545227050781,0,0.0,0.0
2016-03-18 00:00:00+08:00,14.313545227050781,14.313545227050781,14.313545227050781,14.313545227050781,5122,0.0,0.0
2016-03-21 00:00:00+08:00,14.266460829580993,14.266460829580993,14.219377517700195,14.219377517700195,11613,0.0,0.0
2016-03-22 00:00:00+08:00,14.21937718877564,14.972720938121258,14.21937718877564,14.501880645751953,98007,0.0,0.0
2016-03-23 00:00:00+08:00,14.831469535827637,14.831469535827637,14.831469535827637,14.831469535827637,1497,0.0,0.0
2016-03-24 00:00:00+08:00,14.831469535827637,14.831469535827637,14.831469535827637,14.831469535827637,0,0.0,0.0
2016-03-25 00:00:00+08:00,14.784386038630553,14.784386038630553,14.313545713208836,14.73730182647705,7000,0.0,0.0
2016-03-28 00:00:00+08:00,15.726065841841978,15.726065841841978,15.443560600280762,15.443560600280762,6839,0.0,0.0
2016-03-29 00:00:00+08:00,14.5489648546002,14.5489648546002,14.454797334960293,14.501880645751953,15302,0.0,0.0
2016-03-30 00:00:00+08:00,14.501880645751953,14.501880645751953,14.501880645751953,14.501880645751953,1001,0.0,0.0
2016-03-31 00:00:00+08:00,14.501880645751953,14.501880645751953,14.501880645751953,14.501880645751953,239,0.0,0.0
2016-04-01 00:00:00+08:00,14.596048355102539,14.596048355102539,14.596048355102539,14.596048355102539,2060,0.0,0.0
2016-04-06 00:00:00+08:00,14.407714007561932,14.407714007561932,14.266461372375488,14.266461372375488,4067,0.0,0.0
2016-04-07 00:00:00+08:00,14.266461372375488,14.266461372375488,14.266461372375488,14.266461372375488,0,0.0,0.0
2016-04-08 00:00:00+08:00,14.313545227050781,14.313545227050781,14.313545227050781,14.313545227050781,62,0.0,0.0
2016-04-11 00:00:00+08:00,14.313545227050781,14.313545227050781,14.313545227050781,14.313545227050781,369,0.0,0.0
2016-04-12 00:00:00+08:00,14.21937770399882,14.313545227050781,14.21937770399882,14.313545227050781,4184,0.0,0.0
2016-04-13 00:00:00+08:00,14.313545227050781,14.313545227050781,14.313545227050781,14.313545227050781,0,0.0,0.0
2016-04-14 00:00:00+08:00,14.313545227050781,14.313545227050781,14.313545227050781,14.313545227050781,477,0.0,0.0
2016-04-15 00:00:00+08:00,14.313545227050781,14.313545227050781,14.313545227050781,14.313545227050781,500,0.0,0.0
2016-04-18 00:00:00+08:00,14.313545227050781,14.313545227050781,14.313545227050781,14.313545227050781,1,0.0,0.0
2016-04-19 00:00:00+08:00,15.396478861640459,15.726067445685516,14.219378058703317,14.266461372375488,163428,0.0,0.0
2016-04-20 00:00:00+08:00,14.313544708415549,14.5489648546002,14.2664604995673,14.501880645751953,31000,0.0,0.0
2016-04-21 00:00:00+08:00,14.643133439994301,14.643133439994301,14.266460662951133,14.360629081726074,3000,0.0,0.0
2016-04-22 00:00:00+08:00,14.313544519944815,14.407712936401367,14.172292793316563,14.407712936401367,28096,0.0,0.0
2016-04-25 00:00:00+08:00,14.690217018127441,14.690217018127441,14.690217018127441,14.690217018127441,1012,0.0,0.0
2016-04-26 00:00:00+08:00,14.26646031171654,14.407712936401367,14.07812437686001,14.407712936401367,24007,0.0,0.0
2016-04-27 00:00:00+08:00,14.266461087427851,14.548965454101562,14.266461087427851,14.548965454101562,2061,0.0,0.0
2016-04-28 00:00:00+08:00,14.548965454101562,14.548965454101562,14.548965454101562,14.548965454101562,0,0.0,0.0
2016-04-29 00:00:00+08:00,14.548965454101562,14.548965454101562,14.548965454101562,14.548965454101562,0,0.0,0.0
2016-05-03 00:00:00+08:00,14.501880645751953,14.501880645751953,14.501880645751953,14.501880645751953,245,0.0,0.0
2016-05-04 00:00:00+08:00,14.266460829580993,14.454797669330619,14.219377517700195,14.219377517700195,3007,0.0,0.0
2016-05-05 00:00:00+08:00,14.831469535827637,14.831469535827637,14.831469535827637,14.831469535827637,1000,0.0,0.0
2016-05-06 00:00:00+08:00,14.831469535827637,14.831469535827637,14.831469535827637,14.831469535827637,1000,0.0,0.0
2016-05-09 00:00:00+08:00,14.219376498709607,14.596048355102539,14.219376498709607,14.596048355102539,11013,0.0,0.0
2016-05-10 00:00:00+08:00,14.548965454101562,14.548965454101562,14.548965454101562,14.548965454101562,63,0.0,0.0
2016-05-11 00:00:00+08:00,14.548965454101562,14.548965454101562,14.548965454101562,14.548965454101562,0,0.0,0.0
2016-05-12 00:00:00+08:00,14.548965454101562,14.548965454101562,14.548965454101562,14.548965454101562,0,0.0,0.0
2016-05-13 00:00:00+08:00,14.266460829580993,14.266460829580993,14.17229330776279,14.219377517700195,14000,0.0,0.0
2016-05-16 00:00:00+08:00,14.219377517700195,14.313545039518399,14.219377517700195,14.219377517700195,13000,0.0,0.0
2016-05-17 00:00:00+08:00,14.548965454101562,14.548965454101562,14.548965454101562,14.548965454101562,1368,0.0,0.0
2016-05-18 00:00:00+08:00,14.501880645751953,14.501880645751953,14.501880645751953,14.501880645751953,306,0.0,0.0
2016-05-19 00:00:00+08:00,14.454797744750977,14.454797744750977,14.454797744750977,14.454797744750977,46,0.0,0.0
2016-05-20 00:00:00+08:00,14.219377517700195,14.219377517700195,14.219377517700195,14.219377517700195,3000,0.0,0.0
2016-05-23 00:00:00+08:00,14.219377517700195,14.219377517700195,14.219377517700195,14.219377517700195,0,0.0,0.0
2016-05-24 00:00:00+08:00,14.596049664889952,14.596049664889952,14.548965454101562,14.548965454101562,2183,0.0,0.0
2016-05-25 00:00:00+08:00,14.548965454101562,14.548965454101562,14.548965454101562,14.548965454101562,0,0.0,0.0
2016-05-26 00:00:00+08:00,14.548965454101562,14.548965454101562,14.548965454101562,14.548965454101562,56,0.0,0.0
2016-05-27 00:00:00+08:00,14.219377774696087,14.548965454101562,14.172293563907697,14.548965454101562,8363,0.0,0.0
2016-05-30 00:00:00+08:00,14.21937759189221,14.454797744750977,14.21937759189221,14.454797744750977,4613,0.0,0.0
2016-05-31 00:00:00+08:00,14.313545039518399,14.313545039518399,14.219377517700195,14.219377517700195,7006,0.0,0.0
2016-06-01 00:00:00+08:00,14.219377517700195,14.219377517700195,14.219377517700195,14.219377517700195,209,0.0,0.0
2016-06-02 00:00:00+08:00,14.219377517700195,14.219377517700195,14.219377517700195,14.219377517700195,4012,0.0,0.0
2016-06-03 00:00:00+08:00,14.219377517700195,14.219377517700195,14.219377517700195,14.219377517700195,1000,0.0,0.0
2016-06-06 00:00:00+08:00,14.596048355102539,14.596048355102539,14.596048355102539,14.596048355102539,2290,0.0,0.0
2016-06-07 00:00:00+08:00,14.596048355102539,14.596048355102539,14.596048355102539,14.596048355102539,0,0.0,0.0
2016-06-08 00:00:00+08:00,14.21937770399882,14.313545227050781,14.21937770399882,14.313545227050781,2000,0.0,0.0
2016-06-13 00:00:00+08:00,14.219377517700195,14.219377517700195,14.219377517700195,14.219377517700195,1000,0.0,0.0
2016-06-14 00:00:00+08:00,14.266461372375488,14.266461372375488,14.266461372375488,14.266461372375488,5000,0.0,0.0
2016-06-15 00:00:00+08:00,14.266461372375488,14.266461372375488,14.266461372375488,14.266461372375488,306,0.0,0.0
2016-06-16 00:00:00+08:00,14.266461372375488,14.266461372375488,14.266461372375488,14.266461372375488,0,0.0,0.0
2016-06-17 00:00:00+08:00,14.266461372375488,14.266461372375488,14.266461372375488,14.266461372375488,3122,0.0,0.0
2016-06-20 00:00:00+08:00,14.266461372375488,14.266461372375488,14.266461372375488,14.266461372375488,0,0.0,0.0
2016-06-21 00:00:00+08:00,14.266461372375488,14.266461372375488,14.266461372375488,14.266461372375488,1000,0.0,0.0
2016-06-22 00:00:00+08:00,14.266461372375488,14.266461372375488,14.266461372375488,14.266461372375488,0,0.0,0.0
2016-06-23 00:00:00+08:00,14.266461372375488,14.266461372375488,14.266461372375488,14.266461372375488,1012,0.0,0.0
2016-06-24 00:00:00+08:00,14.266461372375488,14.266461372375488,14.266461372375488,14.266461372375488,75,0.0,0.0
2016-06-27 00:00:00+08:00,14.266461372375488,14.266461372375488,14.266461372375488,14.266461372375488,0,0.0,0.0
2016-06-28 00:00:00+08:00,14.266461372375488,14.266461372375488,14.266461372375488,14.266461372375488,12,0.0,0.0
2016-06-29 00:00:00+08:00,14.266461372375488,14.266461372375488,14.266461372375488,14.266461372375488,7000,0.0,0.0
2016-06-30 00:00:00+08:00,14.266461372375488,14.266461372375488,14.266461372375488,14.266461372375488,306,0.0,0.0
2016-07-01 00:00:00+08:00,14.219377517700195,14.219377517700195,14.219377517700195,14.219377517700195,2000,0.0,0.0
2016-07-04 00:00:00+08:00,14.219377517700195,14.219377517700195,14.219377517700195,14.219377517700195,0,0.0,0.0
2016-07-05 00:00:00+08:00,14.219377517700195,14.219377517700195,14.219377517700195,14.219377517700195,0,0.0,0.0
2016-07-06 00:00:00+08:00,14.219377517700195,14.219377517700195,14.219377517700195,14.219377517700195,4000,0.0,0.0
2016-07-07 00:00:00+08:00,14.219377517700195,14.219377517700195,14.219377517700195,14.219377517700195,5000,0.0,0.0
2016-07-08 00:00:00+08:00,14.219377517700195,14.219377517700195,14.219377517700195,14.219377517700195,0,0.0,0.0
2016-07-11 00:00:00+08:00,14.266461372375488,14.266461372375488,14.266461372375488,14.266461372375488,1025,0.0,0.0
2016-07-12 00:00:00+08:00,14.266461372375488,14.266461372375488,14.266461372375488,14.266461372375488,306,0.0,0.0
2016-07-13 00:00:00+08:00,14.266461372375488,14.266461372375488,14.266461372375488,14.266461372375488,0,0.0,0.0
2016-07-14 00:00:00+08:00,14.266461372375488,14.266461372375488,14.266461372375488,14.266461372375488,1306,0.0,0.0
2016-07-15 00:00:00+08:00,14.266461372375488,14.266461372375488,14.266461372375488,14.266461372375488,100,0.0,0.0
2016-07-18 00:00:00+08:00,14.266461372375488,14.266461372375488,14.266461372375488,14.266461372375488,5,0.0,0.0
2016-07-19 00:00:00+08:00,14.266461372375488,14.266461372375488,14.266461372375488,14.266461372375488,0,0.0,0.0
2016-07-20 00:00:00+08:00,14.266461372375488,14.266461372375488,14.266461372375488,14.266461372375488,600,0.0,0.0
2016-07-21 00:00:00+08:00,14.266461372375488,14.548965744691731,14.266461372375488,14.266461372375488,3093,0.0,0.0
2016-07-22 00:00:00+08:00,15.443562191339433,15.443562191339433,14.878554344177246,14.878554344177246,22838,0.0,0.0
2016-07-25 00:00:00+08:00,14.784384534799305,14.784384534799305,14.643132810763229,14.690217018127441,7203,0.0,0.0
2016-07-26 00:00:00+08:00,14.643134300226698,15.01980620134141,14.643134300226698,14.73730182647705,4066,0.0,0.0
2016-07-27 00:00:00+08:00,14.972721627155842,14.972721627155842,14.360629578130316,14.784385681152344,11000,0.0,0.0
2016-07-28 00:00:00+08:00,14.407713677802953,14.925638198852539,14.407713677802953,14.925638198852539,5092,0.0,0.0
2016-07-29 00:00:00+08:00,14.784385681152344,14.784385681152344,14.784385681152344,14.784385681152344,2,0.0,0.0
2016-08-01 00:00:00+08:00,14.548964396034805,14.690217018127441,14.548964396034805,14.690217018127441,7360,0.0,0.0
2016-08-02 00:00:00+08:00,14.643132674750188,15.5377290141345,14.643132674750188,15.443560600280762,12208,0.0,0.0
2016-08-03 00:00:00+08:00,15.396478652954102,15.396478652954102,15.396478652954102,15.396478652954102,1200,0.0,0.0
2016-08-04 00:00:00+08:00,14.87855382045376,15.631898488209004,14.87855382045376,15.066889762878418,41001,0.0,0.0
2016-08-05 00:00:00+08:00,14.737299567964499,16.432325557385465,14.690216261083233,16.14982032775879,29027,0.0,0.0
2016-08-08 00:00:00+08:00,16.055653763295805,16.055653763295805,15.3023099899292,15.3023099899292,15472,0.0,0.0
2016-08-09 00:00:00+08:00,15.255224443576846,15.91439969971105,14.831467510544668,15.726064682006836,28612,0.0,0.0
2016-08-10 00:00:00+08:00,15.16105785069164,15.349392890930176,15.06688943251578,15.349392890930176,3254,0.0,0.0
2016-08-11 00:00:00+08:00,15.349392890930176,15.349392890930176,15.349392890930176,15.349392890930176,1000,0.0,0.0
2016-08-12 00:00:00+08:00,15.019805309210357,15.255226355994568,14.972721099853516,14.972721099853516,3489,0.0,0.0
2016-08-15 00:00:00+08:00,14.737301116060056,14.831469535827637,14.737301116060056,14.831469535827637,3490,0.0,0.0
2016-08-16 00:00:00+08:00,15.208141326904297,15.208141326904297,15.208141326904297,15.208141326904297,1082,0.0,0.0
2016-08-17 00:00:00+08:00,14.690217427260581,15.255226135253906,14.690217427260581,15.255226135253906,6058,0.0,0.0
2016-08-18 00:00:00+08:00,14.831469535827637,14.831469535827637,14.831469535827637,14.831469535827637,1993,0.0,0.0
2016-08-19 00:00:00+08:00,14.831469535827637,14.831469535827637,14.831469535827637,14.831469535827637,2,0.0,0.0
2016-08-22 00:00:00+08:00,15.16105842590332,15.16105842590332,15.16105842590332,15.16105842590332,1067,0.0,0.0
2016-08-23 00:00:00+08:00,14.548965174581502,14.831469535827637,14.548965174581502,14.831469535827637,2380,0.0,0.0
2016-08-24 00:00:00+08:00,14.548965454101562,14.548965454101562,14.548965454101562,14.548965454101562,1002,0.0,0.0
2016-08-25 00:00:00+08:00,14.831469535827637,14.831469535827637,14.831469535827637,14.831469535827637,1252,0.0,0.0
2016-08-26 00:00:00+08:00,14.73730182647705,14.73730182647705,14.73730182647705,14.73730182647705,184,0.0,0.0
2016-08-29 00:00:00+08:00,14.73730182647705,14.73730182647705,14.73730182647705,14.73730182647705,61,0.0,0.0
2016-08-30 00:00:00+08:00,14.784386038630553,14.831470250784054,14.73730182647705,14.73730182647705,6088,0.0,0.0
2016-08-31 00:00:00+08:00,14.87855349422065,15.349392890930176,14.87855349422065,15.349392890930176,10200,0.0,0.0
2016-09-01 00:00:00+08:00,15.537729348709334,16.80899847282636,15.20814079118075,15.773149490356445,69713,0.0,0.0
2016-09-02 00:00:00+08:00,15.726066653449793,15.726066653449793,14.737300951125903,14.972721099853516,20746,0.0,0.0
2016-09-05 00:00:00+08:00,14.925637624633596,15.631898063059982,14.925637624633596,15.113972663879395,6459,0.0,0.0
2016-09-06 00:00:00+08:00,14.784384811360468,16.43232671159543,14.784384811360468,15.019804954528809,63150,0.0,0.0
2016-09-07 00:00:00+08:00,15.631897427988239,15.631897427988239,15.161057154832648,15.443560600280762,4348,0.0,0.0
2016-09-08 00:00:00+08:00,15.20814108155888,15.58481295616365,15.066889353096238,15.113972663879395,10408,0.0,0.0
2016-09-09 00:00:00+08:00,15.396478335664028,15.396478335664028,14.925638030574078,15.066889762878418,11735,0.0,0.0
2016-09-12 00:00:00+08:00,14.925638198852539,14.925638198852539,14.925638198852539,14.925638198852539,1169,0.0,0.0
2016-09-13 00:00:00+08:00,14.78438556689904,15.396478509250958,14.737301356247873,14.925638198852539,6000,0.0,0.0
2016-09-14 00:00:00+08:00,15.255226077816422,15.255226077816422,14.643133163452148,14.643133163452148,9122,0.0,0.0
2016-09-19 00:00:00+08:00,14.45479834966934,14.73730182647705,14.45479834966934,14.73730182647705,10012,0.0,0.0
2016-09-20 00:00:00+08:00,14.784385636965476,15.726067160281772,14.784385636965476,15.16105842590332,22138,0.0,0.0
2016-09-21 00:00:00+08:00,15.161058837801916,15.86731932593449,14.73730182647705,14.73730182647705,38619,0.0,0.0
2016-09-22 00:00:00+08:00,14.878554058714094,15.16105842590332,14.737301426091168,15.16105842590332,15000,0.0,0.0
2016-09-23 00:00:00+08:00,15.255226355994568,15.255226355994568,14.972721099853516,14.972721099853516,12381,0.0,0.0
2016-09-26 00:00:00+08:00,14.878554058714094,15.820233785917136,14.878554058714094,15.16105842590332,58000,0.0,0.0
2016-09-27 00:00:00+08:00,15.16105842590332,15.16105842590332,15.16105842590332,15.16105842590332,0,0.0,0.0
2016-09-28 00:00:00+08:00,15.16105842590332,15.16105842590332,15.16105842590332,15.16105842590332,0,0.0,0.0
2016-09-29 00:00:00+08:00,14.925637572581703,15.773149736515105,14.925637572581703,15.255226135253906,39956,0.0,0.0
2016-09-30 00:00:00+08:00,15.066889762878418,15.255226603359688,15.066889762878418,15.066889762878418,3000,0.0,0.0
2016-10-03 00:00:00+08:00,15.066889762878418,15.066889762878418,15.066889762878418,15.066889762878418,122,0.0,0.0
2016-10-04 00:00:00+08:00,14.972720746283825,15.019804954528809,14.596048876437111,15.019804954528809,6024,0.0,0.0
2016-10-05 00:00:00+08:00,14.73730086695686,15.49064641625056,14.266460572190741,15.349392890930176,57840,0.0,0.0
2016-10-06 00:00:00+08:00,15.678981876612502,15.678981876612502,15.06688983623798,15.3023099899292,3840,0.0,0.0
2016-10-07 00:00:00+08:00,14.784385472197194,15.3023099899292,14.64313373920511,15.3023099899292,23118,0.0,0.0
2016-10-11 00:00:00+08:00,14.831469892167377,14.831469892167377,14.643133946163879,14.784385681152344,11000,0.0,0.0
2016-10-12 00:00:00+08:00,14.407713677802953,14.972721511447082,14.31354525650062,14.925638198852539,44797,0.0,0.0
2016-10-13 00:00:00+08:00,14.596049063448449,14.690217481144945,14.501880645751953,14.501880645751953,9000,0.0,0.0
2016-10-14 00:00:00+08:00,14.313544708415549,14.501880645751953,14.313544708415549,14.501880645751953,2103,0.0,0.0
2016-10-17 00:00:00+08:00,14.501880645751953,14.501880645751953,14.501880645751953,14.501880645751953,660,0.0,0.0
2016-10-18 00:00:00+08:00,14.313545114201748,14.972721362594974,14.313545114201748,14.454797744750977,22000,0.0,0.0
2016-10-19 00:00:00+08:00,14.266460904018672,14.454797744750977,14.266460904018672,14.454797744750977,6306,0.0,0.0
2016-10-20 00:00:00+08:00,14.454797744750977,14.454797744750977,14.454797744750977,14.454797744750977,639,0.0,0.0
2016-10-21 00:00:00+08:00,14.266460829580993,14.596049401086228,14.125209097825383,14.219377517700195,29100,0.0,0.0
2016-10-24 00:00:00+08:00,14.219377517700195,14.219377517700195,14.219377517700195,14.219377517700195,10165,0.0,0.0
2016-10-25 00:00:00+08:00,14.266461016496491,14.313545227050781,14.266461016496491,14.313545227050781,9998,0.0,0.0
2016-10-26 00:00:00+08:00,14.313545227050781,14.313545227050781,14.313545227050781,14.313545227050781,2067,0.0,0.0
2016-10-27 00:00:00+08:00,14.313545227050781,14.313545227050781,14.313545227050781,14.313545227050781,0,0.0,0.0
2016-10-28 00:00:00+08:00,14.501880645751953,14.501880645751953,14.501880645751953,14.501880645751953,39,0.0,0.0
2016-10-31 00:00:00+08:00,14.219377517700195,14.219377517700195,14.219377517700195,14.219377517700195,2368,0.0,0.0
2016-11-01 00:00:00+08:00,14.219377517700195,14.219377517700195,14.219377517700195,14.219377517700195,3000,0.0,0.0
2016-11-02 00:00:00+08:00,14.219376917299904,14.219376917299904,14.172292709350586,14.172292709350586,14000,0.0,0.0
2016-11-03 00:00:00+08:00,14.172292709350586,14.172292709350586,14.172292709350586,14.172292709350586,0,0.0,0.0
2016-11-04 00:00:00+08:00,14.172292709350586,14.172292709350586,14.172292709350586,14.172292709350586,29,0.0,0.0
2016-11-07 00:00:00+08:00,14.219377517700195,14.454797669330619,14.125209097825383,14.219377517700195,8000,0.0,0.0
2016-11-08 00:00:00+08:00,14.219377517700195,14.219377517700195,14.219377517700195,14.219377517700195,4000,0.0,0.0
2016-11-09 00:00:00+08:00,14.219377630937093,14.219377630937093,14.078125,14.078125,6000,0.0,0.0
2016-11-10 00:00:00+08:00,14.125209649904352,14.972721869675956,14.125209649904352,14.878554344177246,20860,0.0,0.0
2016-11-11 00:00:00+08:00,14.878554344177246,14.878554344177246,14.501881548012477,14.878554344177246,8438,0.0,0.0
2016-11-14 00:00:00+08:00,14.266461372375488,14.266461372375488,14.266461372375488,14.266461372375488,2000,0.0,0.0
2016-11-15 00:00:00+08:00,14.266461372375488,14.266461372375488,14.266461372375488,14.266461372375488,4061,0.0,0.0
2016-11-16 00:00:00+08:00,14.266461372375488,14.266461372375488,14.266461372375488,14.266461372375488,0,0.0,0.0
2016-11-17 00:00:00+08:00,14.5489648546002,14.87855341848135,14.454797334960293,14.501880645751953,20336,0.0,0.0
2016-11-18 00:00:00+08:00,14.548965174581502,15.019805477306189,14.548965174581502,14.831469535827637,14094,0.0,0.0
2016-11-21 00:00:00+08:00,14.878553655822195,15.208141326904297,14.878553655822195,15.208141326904297,5187,0.0,0.0
2016-11-22 00:00:00+08:00,15.161056036668255,15.773147987404647,14.97271922285107,15.726064682006836,42778,0.0,0.0
2016-11-23 00:00:00+08:00,15.914401463998864,16.008569881347068,15.678981318684936,15.867318153381348,44000,0.0,0.0
2016-11-24 00:00:00+08:00,15.961488072892907,15.961488072892907,15.914402961730957,15.914402961730957,4000,0.0,0.0
2016-11-25 00:00:00+08:00,16.008570127748467,16.008570127748467,15.914401708950836,15.96148681640625,21000,0.0,0.0
2016-11-28 00:00:00+08:00,16.338160223311743,16.338160223311743,15.961488309010747,16.00857162475586,27944,0.0,0.0
2016-11-29 00:00:00+08:00,16.00857162475586,16.00857162475586,16.00857162475586,16.00857162475586,3339,0.0,0.0
2016-11-30 00:00:00+08:00,16.14982193577454,16.291073666595604,16.14982193577454,16.19690704345703,20897,0.0,0.0
2016-12-01 00:00:00+08:00,16.19690704345703,16.19690704345703,16.19690704345703,16.19690704345703,4299,0.0,0.0
2016-12-02 00:00:00+08:00,16.19690704345703,16.19690704345703,16.19690704345703,16.19690704345703,9026,0.0,0.0
2016-12-05 00:00:00+08:00,16.19690704345703,16.19690704345703,16.19690704345703,16.19690704345703,1000,0.0,0.0
2016-12-06 00:00:00+08:00,16.243989944458008,16.29107325483726,16.243989944458008,16.243989944458008,15244,0.0,0.0
2016-12-07 00:00:00+08:00,16.19690704345703,16.19690704345703,16.19690704345703,16.19690704345703,4000,0.0,0.0
2016-12-08 00:00:00+08:00,16.24399035502632,16.24399035502632,16.19690704345703,16.19690704345703,6003,0.0,0.0
2016-12-09 00:00:00+08:00,16.196908123390457,16.76191508434672,16.196908123390457,16.291074752807617,9000,0.0,0.0
2016-12-12 00:00:00+08:00,16.291073742911834,16.432327270507812,16.291073742911834,16.432327270507812,16000,0.0,0.0
2016-12-13 00:00:00+08:00,16.761913384713036,18.033182510186435,16.761913384713036,16.997333526611328,157201,0.0,0.0
2016-12-14 00:00:00+08:00,17.138587133328002,17.42109058655663,17.138587133328002,17.23275375366211,19180,0.0,0.0
2016-12-15 00:00:00+08:00,17.374007597550396,18.40985480927858,17.374007597550396,18.174434661865234,35271,0.0,0.0
2016-12-16 00:00:00+08:00,18.268604044486935,18.880696100852486,18.221520730963924,18.551109313964844,57537,0.0,0.0
2016-12-19 00:00:00+08:00,18.692360375330814,19.163200678003562,18.692360375330814,19.11611557006836,56976,0.0,0.0
2016-12-20 00:00:00+08:00,18.927778436696023,18.927778436696023,18.12734965131161,18.645273208618164,89306,0.0,0.0
2016-12-21 00:00:00+08:00,18.551107670800707,19.257368087768555,18.45693925598237,19.257368087768555,29368,0.0,0.0
2016-12-22 00:00:00+08:00,19.02194949509922,20.99947738647461,19.02194949509922,20.99947738647461,64574,0.0,0.0
2016-12-23 00:00:00+08:00,22.03532605836331,22.03532605836331,19.822376251220703,19.822376251220703,49572,0.0,0.0
2016-12-26 00:00:00+08:00,19.822376251220703,19.822376251220703,19.822376251220703,19.822376251220703,3492,0.0,0.0
2016-12-27 00:00:00+08:00,18.974865374348816,18.974865374348816,18.88069694696946,18.92778205871582,10007,0.0,0.0
2016-12-28 00:00:00+08:00,18.692358695099813,20.811139866672796,18.456938564925036,20.340299606323242,431750,0.0,0.0
2016-12-29 00:00:00+08:00,19.822375951806777,19.963629478984178,19.822375951806777,19.869461059570312,38428,0.0,0.0
2016-12-30 00:00:00+08:00,19.492788314819336,20.151963629299374,19.492788314819336,19.492788314819336,34000,0.0,0.0
2017-01-03 00:00:00+08:00,19.304451397121163,19.304451397121163,19.257368087768555,19.257368087768555,8000,0.0,0.0
2017-01-04 00:00:00+08:00,19.021950486095175,19.021950486095175,18.88069694696946,18.92778205871582,42000,0.0,0.0
2017-01-05 00:00:00+08:00,19.163200215628592,19.163200215628592,18.692359924316406,18.692359924316406,61211,0.0,0.0
2017-01-06 00:00:00+08:00,18.880694963173376,18.880694963173376,18.692359924316406,18.692359924316406,6008,0.0,0.0
2017-01-09 00:00:00+08:00,18.456940408614173,18.645275453899206,18.36277198791504,18.36277198791504,12446,0.0,0.0
2017-01-10 00:00:00+08:00,18.409855300207987,18.880695607590425,18.36277198791504,18.36277198791504,16179,0.0,0.0
2017-01-11 00:00:00+08:00,18.927778946563922,18.927778946563922,18.83361053466797,18.83361053466797,15061,0.0,0.0
2017-01-12 00:00:00+08:00,18.83361053466797,18.83361053466797,18.83361053466797,18.83361053466797,61,0.0,0.0
2017-01-13 00:00:00+08:00,18.59819221496582,18.59819221496582,18.59819221496582,18.59819221496582,3250,0.0,0.0
2017-01-16 00:00:00+08:00,19.021949768066406,19.021949768066406,19.021949768066406,19.021949768066406,1000,0.0,0.0
2017-01-17 00:00:00+08:00,19.021949768066406,19.021949768066406,18.83361292041692,19.021949768066406,8300,0.0,0.0
2017-01-18 00:00:00+08:00,19.021949768066406,19.021949768066406,18.97486465809739,19.021949768066406,8000,0.0,0.0
2017-01-19 00:00:00+08:00,19.06903076171875,19.586954335567114,19.021947453591835,19.06903076171875,16000,0.0,0.0
2017-01-20 00:00:00+08:00,19.39862239949923,19.39862239949923,18.92778205871582,18.92778205871582,22082,0.0,0.0
2017-01-23 00:00:00+08:00,18.92778205871582,18.92778205871582,18.92778205871582,18.92778205871582,0,0.0,0.0
2017-01-24 00:00:00+08:00,18.786527226776524,18.83361053466797,18.786527226776524,18.83361053466797,2034,0.0,0.0
2017-02-02 00:00:00+08:00,19.304452558827496,19.586956024169922,19.304452558827496,19.586956024169922,5334,0.0,0.0
2017-02-03 00:00:00+08:00,19.775293350219727,19.963630195809987,19.58695650462947,19.775293350219727,20704,0.0,0.0
2017-02-06 00:00:00+08:00,19.775294428421788,19.775294428421788,19.021950597212975,19.398622512817383,10306,0.0,0.0
2017-02-07 00:00:00+08:00,19.398622512817383,19.398622512817383,19.398622512817383,19.398622512817383,160,0.0,0.0
2017-02-08 00:00:00+08:00,19.445703671970634,19.445703671970634,18.692359924316406,18.692359924316406,18773,0.0,0.0
2017-02-09 00:00:00+08:00,18.739442825317383,18.739442825317383,18.739442825317383,18.739442825317383,5000,0.0,0.0
2017-02-10 00:00:00+08:00,18.83361053466797,18.83361053466797,18.786527226776524,18.83361053466797,6381,0.0,0.0
2017-02-13 00:00:00+08:00,18.786528798145476,20.34030143799578,18.786528798145476,20.104881286621094,50292,0.0,0.0
2017-02-14 00:00:00+08:00,19.77529268538945,21.564485473892518,19.77529268538945,21.329065322875977,28432,0.0,0.0
2017-02-15 00:00:00+08:00,21.376149372023733,21.4232326814498,20.481552124023438,20.481552124023438,6000,0.0,0.0
2017-02-16 00:00:00+08:00,20.434468389688217,21.281980514526367,19.775291294751273,21.281980514526367,64888,0.0,0.0
2017-02-17 00:00:00+08:00,21.329065823852375,21.84699124592171,20.528636932373047,20.528636932373047,14999,0.0,0.0
2017-02-20 00:00:00+08:00,21.329065823852375,21.329065823852375,20.434470306645217,20.528636932373047,18052,0.0,0.0
2017-02-21 00:00:00+08:00,20.340299606323242,20.340299606323242,19.86945934597369,20.340299606323242,69973,0.0,0.0
2017-02-22 00:00:00+08:00,19.77529225820963,20.905309677124023,19.77529225820963,20.905309677124023,14000,0.0,0.0
2017-02-23 00:00:00+08:00,20.575721740722656,20.575721740722656,20.575721740722656,20.575721740722656,3184,0.0,0.0
2017-02-24 00:00:00+08:00,20.057795636164112,20.716972760629407,20.010712325607948,20.669889450073242,19000,0.0,0.0
2017-03-01 00:00:00+08:00,20.622805052898645,20.669890161187865,19.916544593579424,20.575721740722656,40786,0.0,0.0
2017-03-02 00:00:00+08:00,20.716973473363854,20.716973473363854,20.575721740722656,20.575721740722656,2214,0.0,0.0
2017-03-03 00:00:00+08:00,20.010713014044633,20.575721740722656,20.010713014044633,20.575721740722656,34000,0.0,0.0
2017-03-06 00:00:00+08:00,20.057796890771716,20.057796890771716,20.010713577270508,20.010713577270508,2367,0.0,0.0
2017-03-07 00:00:00+08:00,19.869461209753517,19.869461209753517,19.2102840649873,19.35153579711914,3067,0.0,0.0
2017-03-08 00:00:00+08:00,19.304452558827496,19.586956024169922,18.927780672999848,19.586956024169922,25310,0.0,0.0
2017-03-09 00:00:00+08:00,20.010713018296794,20.010713018296794,19.586956024169922,19.586956024169922,4000,0.0,0.0
2017-03-10 00:00:00+08:00,18.974864959716797,18.974864959716797,18.927781645112645,18.974864959716797,3000,0.0,0.0
2017-03-13 00:00:00+08:00,17.939014149992094,19.257368385612917,17.939014149992094,19.210283279418945,29000,0.0,0.0
2017-03-14 00:00:00+08:00,19.351534389270785,19.728208042369843,19.210282667415182,19.539871215820312,23000,0.0,0.0
2017-03-15 00:00:00+08:00,19.58695555393469,20.38738441467285,19.53987224287905,20.38738441467285,43366,0.0,0.0
2017-03-16 00:00:00+08:00,20.52863608551481,21.140729904174805,20.057795791846,21.140729904174805,95344,0.0,0.0
2017-03-17 00:00:00+08:00,21.65865342565817,21.65865342565817,20.858224570269908,20.905309677124023,21382,0.0,0.0
2017-03-20 00:00:00+08:00,20.764056152674844,20.952392987864968,20.764056152674844,20.905309677124023,6000,0.0,0.0
2017-03-21 00:00:00+08:00,20.764056232349212,21.140729904174805,20.716972921427605,21.140729904174805,10468,0.0,0.0
2017-03-22 00:00:00+08:00,20.85822480514593,22.78867110118656,20.85822480514593,21.611570358276367,17000,0.0,0.0
2017-03-23 00:00:00+08:00,20.999476457986486,21.42323344232388,20.999476457986486,21.376150131225586,6982,0.0,0.0
2017-03-24 00:00:00+08:00,21.376150131225586,21.376150131225586,21.376150131225586,21.376150131225586,27,0.0,0.0
2017-03-27 00:00:00+08:00,21.611570278943432,21.7528220083515,21.376150131225586,21.376150131225586,6001,0.0,0.0
2017-03-28 00:00:00+08:00,21.37615162518629,21.423234939575195,21.37615162518629,21.423234939575195,6000,0.0,0.0
2017-03-29 00:00:00+08:00,21.423234939575195,21.423234939575195,21.423234939575195,21.423234939575195,3136,0.0,0.0
2017-03-30 00:00:00+08:00,21.281983200295166,21.423234939575195,21.281983200295166,21.423234939575195,3522,0.0,0.0
2017-03-31 00:00:00+08:00,20.90531076011446,20.99947738647461,20.90531076011446,20.99947738647461,5122,0.0,0.0
2017-04-05 00:00:00+08:00,21.658653893521777,21.7057372052798,21.140730279730672,21.329065322875977,12887,0.0,0.0
2017-04-06 00:00:00+08:00,22.223661805150016,22.882837126302007,21.79990483032055,22.411996841430664,14740,0.0,0.0
2017-04-07 00:00:00+08:00,22.459083421652473,23.447847366333008,22.411998312407093,23.447847366333008,19536,0.0,0.0
2017-04-10 00:00:00+08:00,23.494931742512957,25.75496482849121,23.494931742512957,25.75496482849121,150027,0.0,0.0
2017-04-11 00:00:00+08:00,25.94330126515662,27.308738930107307,25.94330126515662,26.555395126342773,79042,0.0,0.0
2017-04-12 00:00:00+08:00,26.225804712168177,26.225804712168177,24.860367142312814,25.802047729492188,15999,0.0,0.0
2017-04-13 00:00:00+08:00,25.80204814015428,25.80204814015428,25.75496482849121,25.75496482849121,7613,0.0,0.0
2017-04-14 00:00:00+08:00,25.001619750558056,25.048704859241077,24.95453643798828,24.95453643798828,9362,0.0,0.0
2017-04-17 00:00:00+08:00,24.95453643798828,24.95453643798828,24.95453643798828,24.95453643798828,184,0.0,0.0
2017-04-18 00:00:00+08:00,23.589097524665696,24.483694783268856,22.835753788241146,24.3895263671875,19063,0.0,0.0
2017-04-19 00:00:00+08:00,24.389528677150594,24.389528677150594,23.071176115488214,23.11825942993164,8332,0.0,0.0
2017-04-20 00:00:00+08:00,23.02409280104479,23.11825942993164,23.02409280104479,23.11825942993164,5000,0.0,0.0
2017-04-21 00:00:00+08:00,23.11825942993164,23.11825942993164,23.11825942993164,23.11825942993164,184,0.0,0.0
2017-04-24 00:00:00+08:00,23.259510040283203,23.259510040283203,23.259510040283203,23.259510040283203,700,0.0,0.0
2017-04-25 00:00:00+08:00,23.259510040283203,23.259510040283203,23.259510040283203,23.259510040283203,499,0.0,0.0
2017-04-26 00:00:00+08:00,23.259510040283203,23.259510040283203,23.259510040283203,23.259510040283203,0,0.0,0.0
2017-04-27 00:00:00+08:00,21.47031712996547,21.564485549926758,21.47031712996547,21.564485549926758,2000,0.0,0.0
2017-04-28 00:00:00+08:00,21.799904708081712,23.071173829328565,21.799904708081712,22.929922103881836,4744,0.0,0.0
2017-05-02 00:00:00+08:00,21.470316425534016,21.658653259277344,21.470316425534016,21.658653259277344,2000,0.0,0.0
2017-05-03 00:00:00+08:00,21.79990577697754,21.79990577697754,21.79990577697754,21.79990577697754,2489,0.0,0.0
2017-05-04 00:00:00+08:00,21.79990577697754,21.79990577697754,21.79990577697754,21.79990577697754,191,0.0,0.0
2017-05-05 00:00:00+08:00,21.79990577697754,21.79990577697754,21.79990577697754,21.79990577697754,1000,0.0,0.0
2017-05-08 00:00:00+08:00,21.23489768093778,21.470317840576172,21.23489768093778,21.470317840576172,2027,0.0,0.0
2017-05-09 00:00:00+08:00,23.353677830026587,23.58909797668457,23.353677830026587,23.58909797668457,65729,0.0,0.0
2017-05-10 00:00:00+08:00,24.107024072864732,24.107024072864732,22.03532600402832,22.03532600402832,35649,0.0,0.0
2017-05-11 00:00:00+08:00,22.03532600402832,22.36491457808592,22.03532600402832,22.03532600402832,12000,0.0,0.0
2017-05-12 00:00:00+08:00,21.705737838745776,23.447847366333008,21.705737838745776,23.447847366333008,7000,0.0,0.0
2017-05-15 00:00:00+08:00,23.306595332339626,24.248275951828095,23.306595332339626,23.494932174682617,12901,0.0,0.0
2017-05-16 00:00:00+08:00,22.223662211607504,22.9770059627346,21.94115695784996,22.364913940429688,17061,0.0,0.0
2017-05-17 00:00:00+08:00,22.364914019902546,23.07117446263631,22.364914019902546,22.60033416748047,8122,0.0,0.0
2017-05-18 00:00:00+08:00,22.60033518018287,22.647418493362945,20.99947738647461,20.99947738647461,15022,0.0,0.0
2017-05-19 00:00:00+08:00,22.317830629526686,22.364913940429688,22.317830629526686,22.364913940429688,9332,0.0,0.0
2017-05-22 00:00:00+08:00,22.411997330972856,23.165342880890115,22.411997330972856,22.60033416748047,9700,0.0,0.0
2017-05-23 00:00:00+08:00,22.600334652976844,22.788671493530273,22.035325927429778,22.788671493530273,5449,0.0,0.0
2017-05-24 00:00:00+08:00,22.129493552611976,22.882837295532227,22.129493552611976,22.882837295532227,7569,0.0,0.0
2017-05-25 00:00:00+08:00,22.60033394991854,24.107023239135742,22.60033394991854,24.107023239135742,11546,0.0,0.0
2017-05-26 00:00:00+08:00,22.788671493530273,23.918687148511182,22.788671493530273,22.788671493530273,20100,0.0,0.0
2017-05-31 00:00:00+08:00,22.694503579539578,23.447847366333008,22.694503579539578,23.447847366333008,10910,0.0,0.0
2017-06-01 00:00:00+08:00,22.506164987960712,25.425375078407956,22.506164987960712,23.683265686035156,78612,0.0,0.0
2017-06-02 00:00:00+08:00,25.23703956604004,25.23703956604004,25.23703956604004,25.23703956604004,5000,0.0,0.0
2017-06-05 00:00:00+08:00,22.788671141159583,24.295358657836914,22.788671141159583,24.295358657836914,8100,0.0,0.0
2017-06-06 00:00:00+08:00,23.542014295851732,24.62494659423828,23.542014295851732,24.62494659423828,4000,0.0,0.0
2017-06-07 00:00:00+08:00,24.577865538083632,25.425377771235485,24.342445373535156,24.342445373535156,9497,0.0,0.0
2017-06-08 00:00:00+08:00,25.425376406011335,25.425376406011335,25.23703956604004,25.23703956604004,4981,0.0,0.0
2017-06-09 00:00:00+08:00,25.37829343556923,25.425376748139005,24.95453643798828,24.95453643798828,5122,0.0,0.0
2017-06-12 00:00:00+08:00,25.09578718812845,25.23703891641436,23.35367774963379,23.35367774963379,8188,0.0,0.0
2017-06-13 00:00:00+08:00,24.012854498975223,24.3895263671875,24.012854498975223,24.3895263671875,4000,0.0,0.0
2017-06-14 00:00:00+08:00,24.3895263671875,24.3895263671875,24.3895263671875,24.3895263671875,268,0.0,0.0
2017-06-15 00:00:00+08:00,24.3895263671875,24.3895263671875,24.3895263671875,24.3895263671875,422,0.0,0.0
2017-06-16 00:00:00+08:00,24.012854498975223,24.3895263671875,23.96577118899112,24.3895263671875,13200,0.0,0.0
2017-06-19 00:00:00+08:00,24.107024097203414,24.48369598388672,24.107024097203414,24.48369598388672,10197,0.0,0.0
2017-06-20 00:00:00+08:00,24.48369598388672,24.48369598388672,24.48369598388672,24.48369598388672,0,0.0,0.0
2017-06-21 00:00:00+08:00,24.436613082885742,24.436613082885742,24.436613082885742,24.436613082885742,300,0.0,0.0
2017-06-22 00:00:00+08:00,24.201190948486328,24.201190948486328,24.201190948486328,24.201190948486328,532,0.0,0.0
2017-06-23 00:00:00+08:00,24.107023239135742,24.107023239135742,24.107023239135742,24.107023239135742,4434,0.0,0.0
2017-06-26 00:00:00+08:00,23.542016983032227,23.542016983032227,23.542016983032227,23.542016983032227,3319,0.0,0.0
2017-06-27 00:00:00+08:00,23.91868782043457,23.91868782043457,23.91868782043457,23.91868782043457,2124,0.0,0.0
2017-06-28 00:00:00+08:00,23.91868570470903,24.201190948486328,23.91868570470903,24.201190948486328,11343,0.0,0.0
2017-06-29 00:00:00+08:00,24.154106549752804,24.154106549752804,24.107023239135742,24.107023239135742,2134,0.0,0.0
2017-06-30 00:00:00+08:00,24.154106549752804,24.154106549752804,24.107023239135742,24.107023239135742,11061,0.0,0.0
2017-07-03 00:00:00+08:00,24.107023239135742,24.107023239135742,24.107023239135742,24.107023239135742,35,0.0,0.0
2017-07-04 00:00:00+08:00,24.107023239135742,24.107023239135742,24.107023239135742,24.107023239135742,0,0.0,0.0
2017-07-05 00:00:00+08:00,24.154106549752804,24.201191656483036,24.05993813240551,24.107023239135742,11131,0.0,0.0
2017-07-06 00:00:00+08:00,24.107023239135742,24.107023239135742,24.107023239135742,24.107023239135742,306,0.0,0.0
2017-07-07 00:00:00+08:00,23.965771511171386,24.107023239135742,23.965771511171386,24.107023239135742,3000,0.0,0.0
2017-07-10 00:00:00+08:00,24.107023239135742,24.107023239135742,24.107023239135742,24.107023239135742,0,0.0,0.0
2017-07-11 00:00:00+08:00,24.10702402427119,24.248275756835938,24.10702402427119,24.248275756835938,7228,0.0,0.0
2017-07-12 00:00:00+08:00,24.248275756835938,24.248275756835938,24.248275756835938,24.248275756835938,0,0.0,0.0
2017-07-13 00:00:00+08:00,24.107023239135742,24.107023239135742,24.107023239135742,24.107023239135742,84,0.0,0.0
2017-07-14 00:00:00+08:00,23.96577262878418,23.96577262878418,23.96577262878418,23.96577262878418,613,0.0,0.0
2017-07-17 00:00:00+08:00,22.5061665294415,22.741586685180664,22.5061665294415,22.741586685180664,5306,0.0,0.0
2017-07-18 00:00:00+08:00,22.694502257858744,22.882837295532227,22.694502257858744,22.882837295532227,5000,0.0,0.0
2017-07-19 00:00:00+08:00,22.835753985142148,22.882837295532227,22.835753985142148,22.882837295532227,2000,0.0,0.0
2017-07-20 00:00:00+08:00,22.882837295532227,22.882837295532227,22.882837295532227,22.882837295532227,0,0.0,0.0
2017-07-21 00:00:00+08:00,22.882837295532227,22.882837295532227,22.882837295532227,22.882837295532227,3681,0.0,0.0
2017-07-24 00:00:00+08:00,22.882837295532227,22.882837295532227,22.882837295532227,22.882837295532227,1,0.0,0.0
2017-07-25 00:00:00+08:00,21.84698938243672,21.94115600013241,21.75282096862793,21.75282096862793,6067,0.0,0.0
2017-07-26 00:00:00+08:00,22.411997002024336,22.411997002024336,21.234896281411437,21.658653259277344,16319,0.0,0.0
2017-07-27 00:00:00+08:00,21.65865438350862,22.12949469619359,20.952393914481167,21.51740264892578,16183,0.0,0.0
2017-07-28 00:00:00+08:00,21.51740264892578,21.51740264892578,21.51740264892578,21.51740264892578,2000,0.0,0.0
2017-07-31 00:00:00+08:00,22.129493713378906,22.129493713378906,22.129493713378906,22.129493713378906,3000,0.0,0.0
2017-08-01 00:00:00+08:00,22.129493713378906,22.129493713378906,22.129493713378906,22.129493713378906,1380,0.0,0.0
2017-08-02 00:00:00+08:00,21.75282175854219,21.894073486328125,21.75282175854219,21.894073486328125,2626,0.0,0.0
2017-08-03 00:00:00+08:00,21.894073486328125,21.894073486328125,21.894073486328125,21.894073486328125,0,0.0,0.0
2017-08-04 00:00:00+08:00,21.658653259277344,21.658653259277344,21.658653259277344,21.658653259277344,2000,0.0,0.0
2017-08-07 00:00:00+08:00,21.658653421604885,22.129493713378906,21.658653421604885,22.129493713378906,8229,0.0,0.0
2017-08-08 00:00:00+08:00,21.894073486328125,21.894073486328125,21.894073486328125,21.894073486328125,1217,0.0,0.0
2017-08-09 00:00:00+08:00,22.082411112386968,22.082411112386968,22.03532600402832,22.03532600402832,3007,0.0,0.0
2017-08-10 00:00:00+08:00,22.03532600402832,22.03532600402832,22.03532600402832,22.03532600402832,0,0.0,0.0
2017-08-11 00:00:00+08:00,22.03532600402832,22.03532600402832,22.03532600402832,22.03532600402832,110,0.0,0.0
2017-08-14 00:00:00+08:00,22.03532600402832,22.03532600402832,22.03532600402832,22.03532600402832,0,0.0,0.0
2017-08-15 00:00:00+08:00,22.223663330078125,22.223663330078125,22.223663330078125,22.223663330078125,3000,0.0,0.0
2017-08-16 00:00:00+08:00,22.223663330078125,22.223663330078125,22.223663330078125,22.223663330078125,0,0.0,0.0
2017-08-17 00:00:00+08:00,20.387385374634164,22.364915066009214,20.387385374634164,22.223663330078125,9700,0.0,0.0
2017-08-18 00:00:00+08:00,21.04656219482422,21.04656219482422,21.04656219482422,21.04656219482422,2000,0.0,0.0
2017-08-21 00:00:00+08:00,21.658652850787078,21.70573616027832,21.658652850787078,21.70573616027832,2784,0.0,0.0
2017-08-22 00:00:00+08:00,21.564485549926758,21.564485549926758,21.564485549926758,21.564485549926758,2184,0.0,0.0
2017-08-23 00:00:00+08:00,21.564485549926758,21.564485549926758,21.564485549926758,21.564485549926758,0,0.0,0.0
2017-08-24 00:00:00+08:00,21.564485549926758,21.564485549926758,21.564485549926758,21.564485549926758,0,0.0,0.0
2017-08-25 00:00:00+08:00,21.564485549926758,21.564485549926758,21.564485549926758,21.564485549926758,13,0.0,0.0
2017-08-28 00:00:00+08:00,21.564485549926758,21.564485549926758,21.564485549926758,21.564485549926758,429,0.0,0.0
2017-08-29 00:00:00+08:00,21.564485549926758,21.564485549926758,21.564485549926758,21.564485549926758,13021,0.0,0.0
2017-08-30 00:00:00+08:00,21.564485549926758,21.564485549926758,21.564485549926758,21.564485549926758,25,0.0,0.0
2017-08-31 00:00:00+08:00,20.71697252061632,21.18781280517578,20.71697252061632,21.18781280517578,40207,0.0,0.0
2017-09-01 00:00:00+08:00,21.18781280517578,21.18781280517578,21.18781280517578,21.18781280517578,390,0.0,0.0
2017-09-04 00:00:00+08:00,20.199051320405452,20.622806549072266,20.199051320405452,20.622806549072266,3000,0.0,0.0
2017-09-05 00:00:00+08:00,20.622806549072266,20.622806549072266,20.622806549072266,20.622806549072266,0,0.0,0.0
2017-09-06 00:00:00+08:00,20.010712078896574,20.010712078896574,19.9636287689209,19.9636287689209,4000,0.0,0.0
2017-09-07 00:00:00+08:00,19.96363061307046,20.57572267986225,19.304453435840344,19.72821044921875,10000,0.0,0.0
2017-09-08 00:00:00+08:00,19.445704070264533,19.963629478984178,19.445704070264533,19.869461059570312,7004,0.0,0.0
2017-09-11 00:00:00+08:00,20.05779538887225,20.10488049496107,19.9636287689209,19.9636287689209,3380,0.0,0.0
2017-09-12 00:00:00+08:00,19.9636287689209,19.9636287689209,19.9636287689209,19.9636287689209,487,0.0,0.0
2017-09-13 00:00:00+08:00,19.304453243427343,19.304453243427343,19.021949768066406,19.021949768066406,2227,0.0,0.0
2017-09-14 00:00:00+08:00,18.645276072767434,19.49279009107683,18.362772597406497,19.021949768066406,6001,0.0,0.0
2017-09-15 00:00:00+08:00,20.15196418762207,20.15196418762207,20.15196418762207,20.15196418762207,2230,0.0,0.0
2017-09-18 00:00:00+08:00,20.15196418762207,20.15196418762207,20.15196418762207,20.15196418762207,1061,0.0,0.0
2017-09-19 00:00:00+08:00,20.669890742967084,20.669890742967084,20.010713577270508,20.010713577270508,6018,0.0,0.0
2017-09-20 00:00:00+08:00,20.66988886442431,20.66988886442431,20.246131896972656,20.246131896972656,3406,0.0,0.0
2017-09-21 00:00:00+08:00,20.528636932373047,20.528636932373047,20.24613346296305,20.528636932373047,4000,0.0,0.0
2017-09-22 00:00:00+08:00,20.528636006743778,21.894073571589235,20.528636006743778,20.905309677124023,6000,0.0,0.0
2017-09-25 00:00:00+08:00,20.905309912530253,21.611570358276367,20.48155292663731,21.611570358276367,10000,0.0,0.0
2017-09-26 00:00:00+08:00,21.611570358276367,21.611570358276367,21.611570358276367,21.611570358276367,0,0.0,0.0
2017-09-27 00:00:00+08:00,21.423234939575195,21.423234939575195,21.423234939575195,21.423234939575195,122,0.0,0.0
2017-09-28 00:00:00+08:00,22.2707462310791,22.2707462310791,22.2707462310791,22.2707462310791,1810,0.0,0.0
2017-09-29 00:00:00+08:00,22.2707462310791,22.2707462310791,22.2707462310791,22.2707462310791,61,0.0,0.0
2017-10-02 00:00:00+08:00,22.2707462310791,22.2707462310791,22.2707462310791,22.2707462310791,410,0.0,0.0
2017-10-03 00:00:00+08:00,21.18781280517578,21.18781280517578,21.18781280517578,21.18781280517578,1000,0.0,0.0
2017-10-05 00:00:00+08:00,21.18781280517578,21.18781280517578,21.18781280517578,21.18781280517578,517,0.0,0.0
2017-10-06 00:00:00+08:00,21.04656219482422,21.04656219482422,21.04656219482422,21.04656219482422,349,0.0,0.0
2017-10-11 00:00:00+08:00,21.187813515115014,21.187813515115014,21.04656178423689,21.093645095825195,5000,0.0,0.0
2017-10-12 00:00:00+08:00,21.093645095825195,21.093645095825195,21.093645095825195,21.093645095825195,227,0.0,0.0
2017-10-13 00:00:00+08:00,21.329065322875977,21.329065322875977,21.187813591488695,21.329065322875977,5500,0.0,0.0
2017-10-16 00:00:00+08:00,21.329065322875977,21.329065322875977,21.329065322875977,21.329065322875977,1004,0.0,0.0
2017-10-17 00:00:00+08:00,21.281982011117954,21.329065322875977,21.281982011117954,21.329065322875977,2227,0.0,0.0
2017-10-18 00:00:00+08:00,21.329065322875977,21.329065322875977,21.329065322875977,21.329065322875977,23,0.0,0.0
2017-10-19 00:00:00+08:00,21.329065024014106,21.376150131225586,21.329065024014106,21.376150131225586,2046,0.0,0.0
2017-10-20 00:00:00+08:00,21.3761495509593,21.3761495509593,19.634040145915044,20.952392578125,5122,0.0,0.0
2017-10-23 00:00:00+08:00,20.952392578125,20.952392578125,20.952392578125,20.952392578125,494,0.0,0.0
2017-10-24 00:00:00+08:00,20.952392578125,20.952392578125,20.952392578125,20.952392578125,0,0.0,0.0
2017-10-25 00:00:00+08:00,22.788671792931382,22.788671792931382,20.104881658407685,20.293216705322266,3007,0.0,0.0
2017-10-26 00:00:00+08:00,19.9636287689209,19.9636287689209,19.9636287689209,19.9636287689209,1127,0.0,0.0
2017-10-27 00:00:00+08:00,19.9636287689209,19.9636287689209,19.9636287689209,19.9636287689209,0,0.0,0.0
2017-10-30 00:00:00+08:00,19.9636287689209,19.9636287689209,19.9636287689209,19.9636287689209,0,0.0,0.0
2017-10-31 00:00:00+08:00,19.775294295625283,20.622806549072266,19.775294295625283,20.622806549072266,9000,0.0,0.0
2017-11-01 00:00:00+08:00,20.95239372660524,22.647418118626884,20.95239372660524,22.2707462310791,69079,0.0,0.0
2017-11-02 00:00:00+08:00,22.2707462310791,22.2707462310791,22.2707462310791,22.2707462310791,2000,0.0,0.0
2017-11-03 00:00:00+08:00,22.2707462310791,22.2707462310791,22.2707462310791,22.2707462310791,2056,0.0,0.0
2017-11-06 00:00:00+08:00,22.2707462310791,22.2707462310791,22.2707462310791,22.2707462310791,3000,0.0,0.0
2017-11-07 00:00:00+08:00,22.2707462310791,22.2707462310791,22.2707462310791,22.2707462310791,0,0.0,0.0
2017-11-08 00:00:00+08:00,22.223663330078125,22.223663330078125,22.223663330078125,22.223663330078125,61,0.0,0.0
2017-11-09 00:00:00+08:00,21.14073028410258,22.31783103942871,20.34030141125817,22.31783103942871,48613,0.0,0.0
2017-11-10 00:00:00+08:00,22.31783103942871,22.31783103942871,22.31783103942871,22.31783103942871,0,0.0,0.0
2017-11-13 00:00:00+08:00,22.2707462310791,22.2707462310791,22.2707462310791,22.2707462310791,135,0.0,0.0
2017-11-14 00:00:00+08:00,22.317829584718904,22.317829584718904,20.340300085446717,20.764055252075195,10000,0.0,0.0
2017-11-15 00:00:00+08:00,20.764055252075195,20.764055252075195,20.764055252075195,20.764055252075195,61,0.0,0.0
2017-11-16 00:00:00+08:00,20.764055252075195,20.764055252075195,20.764055252075195,20.764055252075195,2000,0.0,0.0
2017-11-17 00:00:00+08:00,20.764055252075195,20.764055252075195,20.764055252075195,20.764055252075195,108,0.0,0.0
2017-11-20 00:00:00+08:00,20.764056674425643,21.564485549926758,19.86946117507646,21.564485549926758,26800,0.0,0.0
2017-11-21 00:00:00+08:00,22.788671003988078,22.788671003988078,22.60033416748047,22.60033416748047,7490,0.0,0.0
2017-11-22 00:00:00+08:00,22.60033416748047,22.60033416748047,22.60033416748047,22.60033416748047,306,0.0,0.0
2017-11-23 00:00:00+08:00,20.52863659134201,22.788671493530273,20.52863659134201,22.788671493530273,4191,0.0,0.0
2017-11-24 00:00:00+08:00,22.788672510606016,22.788672510606016,22.600335661646966,22.647418975830078,30000,0.0,0.0
2017-11-27 00:00:00+08:00,21.517402950171817,21.517402950171817,21.470317840576172,21.470317840576172,3068,0.0,0.0
2017-11-28 00:00:00+08:00,21.470317840576172,21.470317840576172,21.470317840576172,21.470317840576172,127,0.0,0.0
2017-11-29 00:00:00+08:00,21.470317840576172,21.470317840576172,21.470317840576172,21.470317840576172,151,0.0,0.0
2017-11-30 00:00:00+08:00,21.470317840576172,21.470317840576172,21.470317840576172,21.470317840576172,23,0.0,0.0
2017-12-01 00:00:00+08:00,22.55324935913086,22.55324935913086,22.55324935913086,22.55324935913086,1338,0.0,0.0
2017-12-04 00:00:00+08:00,22.364913940429688,22.364913940429688,22.364913940429688,22.364913940429688,291,0.0,0.0
2017-12-05 00:00:00+08:00,21.611570358276367,21.611570358276367,21.611570358276367,21.611570358276367,523,0.0,0.0
2017-12-06 00:00:00+08:00,23.730352809995374,23.730352809995374,21.281982790533426,21.470317840576172,12054,0.0,0.0
2017-12-07 00:00:00+08:00,21.470317840576172,21.470317840576172,21.470317840576172,21.470317840576172,0,0.0,0.0
2017-12-08 00:00:00+08:00,21.470317840576172,21.470317840576172,21.470317840576172,21.470317840576172,0,0.0,0.0
2017-12-11 00:00:00+08:00,21.423234939575195,21.423234939575195,21.423234939575195,21.423234939575195,35,0.0,0.0
2017-12-12 00:00:00+08:00,21.423234939575195,21.423234939575195,21.423234939575195,21.423234939575195,0,0.0,0.0
2017-12-13 00:00:00+08:00,21.423234939575195,21.423234939575195,21.423234939575195,21.423234939575195,0,0.0,0.0
2017-12-14 00:00:00+08:00,21.423234939575195,21.423234939575195,21.423234939575195,21.423234939575195,0,0.0,0.0
2017-12-15 00:00:00+08:00,21.423234939575195,21.423234939575195,21.423234939575195,21.423234939575195,0,0.0,0.0
2017-12-18 00:00:00+08:00,21.329065322875977,21.329065322875977,21.329065322875977,21.329065322875977,152,0.0,0.0
2017-12-19 00:00:00+08:00,21.329065322875977,21.329065322875977,21.329065322875977,21.329065322875977,0,0.0,0.0
2017-12-20 00:00:00+08:00,19.916542850642873,20.481551527875858,19.916542850642873,20.05779457092285,3183,0.0,0.0
2017-12-21 00:00:00+08:00,19.869462312642813,20.4344710686452,18.83361322599066,20.199050903320312,23435,0.0,0.0
2017-12-22 00:00:00+08:00,20.481552124023438,20.481552124023438,20.481552124023438,20.481552124023438,1000,0.0,0.0
2017-12-25 00:00:00+08:00,20.481552124023438,20.481552124023438,20.481552124023438,20.481552124023438,0,0.0,0.0
2017-12-26 00:00:00+08:00,20.669889450073242,20.669889450073242,20.669889450073242,20.669889450073242,1000,0.0,0.0
2017-12-27 00:00:00+08:00,20.71697425842285,20.71697425842285,20.71697425842285,20.71697425842285,1122,0.0,0.0
2017-12-28 00:00:00+08:00,20.71697425842285,20.71697425842285,20.71697425842285,20.71697425842285,0,0.0,0.0
2017-12-29 00:00:00+08:00,20.528636932373047,20.528636932373047,20.528636932373047,20.528636932373047,306,0.0,0.0
2018-01-02 00:00:00+08:00,19.021949211726795,19.39862109989586,18.551108902487154,18.59819221496582,110000,0.0,0.0
2018-01-03 00:00:00+08:00,18.59819221496582,18.59819221496582,18.59819221496582,18.59819221496582,3198,0.0,0.0
2018-01-04 00:00:00+08:00,18.645273208618164,18.645273208618164,18.456938186012607,18.645273208618164,4429,0.0,0.0
2018-01-05 00:00:00+08:00,18.50402420432855,18.551109313964844,18.50402420432855,18.551109313964844,3000,0.0,0.0
2018-01-08 00:00:00+08:00,18.551107095093176,18.83361053466797,18.551107095093176,18.83361053466797,8042,0.0,0.0
2018-01-09 00:00:00+08:00,18.551108114335417,18.551108114335417,18.456939697265625,18.456939697265625,3349,0.0,0.0
2018-01-10 00:00:00+08:00,18.64527594101087,18.64527594101087,18.551109313964844,18.551109313964844,6061,0.0,0.0
2018-01-11 00:00:00+08:00,18.551109313964844,18.551109313964844,18.551109313964844,18.551109313964844,1306,0.0,0.0
2018-01-12 00:00:00+08:00,18.50402420432855,18.551109313964844,18.50402420432855,18.551109313964844,2063,0.0,0.0
2018-01-15 00:00:00+08:00,18.974863380658448,18.974863380658448,18.692359924316406,18.692359924316406,2004,0.0,0.0
2018-01-16 00:00:00+08:00,18.692359924316406,18.692359924316406,18.692359924316406,18.692359924316406,0,0.0,0.0
2018-01-17 00:00:00+08:00,18.83361053466797,18.83361053466797,18.83361053466797,18.83361053466797,2004,0.0,0.0
2018-01-18 00:00:00+08:00,18.833613093982592,18.833613093982592,18.504024505615234,18.504024505615234,3408,0.0,0.0
2018-01-19 00:00:00+08:00,18.64527552744449,18.64527552744449,18.59819221496582,18.59819221496582,2245,0.0,0.0
2018-01-22 00:00:00+08:00,18.362772766633025,18.504024505615234,18.362772766633025,18.504024505615234,2122,0.0,0.0
2018-01-23 00:00:00+08:00,18.174436985269377,18.174436985269377,18.12735366821289,18.12735366821289,2227,0.0,0.0
2018-01-24 00:00:00+08:00,18.12735366821289,18.12735366821289,18.12735366821289,18.12735366821289,0,0.0,0.0
2018-01-25 00:00:00+08:00,17.93901484572033,17.93901484572033,17.891931533813477,17.891931533813477,3306,0.0,0.0
2018-01-26 00:00:00+08:00,17.891931533813477,17.891931533813477,17.891931533813477,17.891931533813477,2000,0.0,0.0
2018-01-29 00:00:00+08:00,18.033183750577045,18.08026885986328,17.93901532811784,18.08026885986328,583026,0.0,0.0
2018-01-30 00:00:00+08:00,18.36277027130127,18.83361053466797,18.36277027130127,18.83361053466797,11437,0.0,0.0
2018-01-31 00:00:00+08:00,18.73944387459834,18.833612295297474,18.36277198791504,18.36277198791504,7318,0.0,0.0
2018-02-01 00:00:00+08:00,18.127352241286555,18.315689086914062,18.127352241286555,18.315689086914062,3072,0.0,0.0
2018-02-02 00:00:00+08:00,18.739442528642684,18.786527633666992,18.739442528642684,18.786527633666992,8250,0.0,0.0
2018-02-05 00:00:00+08:00,18.692361888324115,18.92778205871582,18.692361888324115,18.92778205871582,22002,0.0,0.0
2018-02-06 00:00:00+08:00,18.83361087443056,18.83361087443056,17.044418200582275,17.797761917114258,12000,0.0,0.0
2018-02-07 00:00:00+08:00,18.409854888916016,18.409854888916016,18.409854888916016,18.409854888916016,1000,0.0,0.0
2018-02-08 00:00:00+08:00,19.021949768066406,19.021949768066406,19.021949768066406,19.021949768066406,1000,0.0,0.0
2018-02-09 00:00:00+08:00,19.021949768066406,19.021949768066406,19.021949768066406,19.021949768066406,1,0.0,0.0
2018-02-12 00:00:00+08:00,17.939013315826013,18.83361053466797,17.939013315826013,18.83361053466797,4000,0.0,0.0
2018-02-21 00:00:00+08:00,18.83361053466797,18.83361053466797,18.83361053466797,18.83361053466797,0,0.0,0.0
2018-02-22 00:00:00+08:00,18.83361053466797,18.83361053466797,18.83361053466797,18.83361053466797,0,0.0,0.0
2018-02-23 00:00:00+08:00,18.83361053466797,18.83361053466797,18.83361053466797,18.83361053466797,0,0.0,0.0
2018-02-26 00:00:00+08:00,18.786527633666992,18.786527633666992,18.786527633666992,18.786527633666992,174,0.0,0.0
2018-02-27 00:00:00+08:00,18.786527633666992,18.786527633666992,18.786527633666992,18.786527633666992,0,0.0,0.0
2018-03-01 00:00:00+08:00,18.786528173964367,18.833611484229678,18.221519470214844,18.221519470214844,4019,0.0,0.0
2018-03-02 00:00:00+08:00,18.221520105501106,18.221520105501106,17.891931533813477,17.891931533813477,3000,0.0,0.0
2018-03-05 00:00:00+08:00,18.409856248868355,18.409856248868355,17.515260696411133,17.515260696411133,5379,0.0,0.0
2018-03-06 00:00:00+08:00,18.033183265647256,18.080268373667327,17.891931533813477,17.891931533813477,10000,0.0,0.0
2018-03-07 00:00:00+08:00,17.891931533813477,17.891931533813477,17.891931533813477,17.891931533813477,1000,0.0,0.0
2018-03-08 00:00:00+08:00,17.46817398071289,17.46817398071289,17.46817398071289,17.46817398071289,2348,0.0,0.0
2018-03-09 00:00:00+08:00,17.65651081451296,18.080267792506536,17.46817398071289,17.46817398071289,4000,0.0,0.0
2018-03-12 00:00:00+08:00,17.46817398071289,17.46817398071289,17.46817398071289,17.46817398071289,255,0.0,0.0
2018-03-13 00:00:00+08:00,17.515260634348603,18.22152112931336,17.27984046936035,17.27984046936035,11069,0.0,0.0
2018-03-14 00:00:00+08:00,17.374007359926015,17.46817398071289,17.374007359926015,17.46817398071289,3000,0.0,0.0
2018-03-15 00:00:00+08:00,17.185670852661133,17.185670852661133,17.185670852661133,17.185670852661133,1000,0.0,0.0
2018-03-16 00:00:00+08:00,17.23275577379428,17.844849654398402,17.23275577379428,17.703596115112305,4169,0.0,0.0
2018-03-19 00:00:00+08:00,17.60942840576172,17.60942840576172,17.60942840576172,17.60942840576172,1200,0.0,0.0
2018-03-20 00:00:00+08:00,17.468173505308666,17.51525861053382,17.044418334960938,17.044418334960938,3000,0.0,0.0
2018-03-21 00:00:00+08:00,16.95025078026024,17.65651122943775,16.95025078026024,17.421091079711914,6010,0.0,0.0
2018-03-22 00:00:00+08:00,16.950251407470944,17.986100463816822,16.950251407470944,17.091503143310547,11000,0.0,0.0
2018-03-23 00:00:00+08:00,16.573579852008983,16.80900001525879,16.573579852008983,16.80900001525879,6259,0.0,0.0
2018-03-26 00:00:00+08:00,16.714831590736207,17.2798403417584,16.573579852008983,16.80900001525879,18000,0.0,0.0
2018-03-27 00:00:00+08:00,17.044420178508595,17.562343819212845,16.80900001525879,16.80900001525879,14010,0.0,0.0
2018-03-28 00:00:00+08:00,17.09150307373857,17.09150307373857,16.80899960320931,16.856082916259766,12000,0.0,0.0
2018-03-29 00:00:00+08:00,17.091503143310547,17.091503143310547,17.091503143310547,17.091503143310547,2122,0.0,0.0
2018-03-30 00:00:00+08:00,16.761912402457,17.138586044311523,16.761912402457,17.138586044311523,4000,0.0,0.0
2018-04-02 00:00:00+08:00,16.76191386661599,17.185670852661133,16.76191386661599,17.185670852661133,4122,0.0,0.0
2018-04-03 00:00:00+08:00,17.185671406070835,17.60942840576172,17.185671406070835,17.60942840576172,404122,0.0,0.0
2018-04-09 00:00:00+08:00,17.609427290533066,17.75067901611328,17.13858700785692,17.75067901611328,6252,0.0,0.0
2018-04-10 00:00:00+08:00,17.27984046936035,17.27984046936035,17.27984046936035,17.27984046936035,1023,0.0,0.0
2018-04-11 00:00:00+08:00,17.09150265860444,18.033183265647256,17.09150265860444,17.891931533813477,20965,0.0,0.0
2018-04-12 00:00:00+08:00,17.89193201494487,18.08026885986328,17.89193201494487,18.08026885986328,10245,0.0,0.0
2018-04-13 00:00:00+08:00,18.174434363836376,18.221519470214844,18.127351053571065,18.221519470214844,12000,0.0,0.0
2018-04-16 00:00:00+08:00,18.26860397745055,18.315689086914062,18.221520664100307,18.315689086914062,6001,0.0,0.0
2018-04-17 00:00:00+08:00,18.12735366821289,18.12735366821289,18.12735366821289,18.12735366821289,4,0.0,0.0
2018-04-18 00:00:00+08:00,18.12735366821289,18.12735366821289,18.12735366821289,18.12735366821289,0,0.0,0.0
2018-04-19 00:00:00+08:00,18.12735366821289,18.12735366821289,18.12735366821289,18.12735366821289,46,0.0,0.0
2018-04-20 00:00:00+08:00,17.986099243164062,17.986099243164062,17.986099243164062,17.986099243164062,122,0.0,0.0
2018-04-23 00:00:00+08:00,17.986099243164062,17.986099243164062,17.986099243164062,17.986099243164062,3840,0.0,0.0
2018-04-24 00:00:00+08:00,17.986099243164062,17.986099243164062,17.891930826957445,17.986099243164062,7160,0.0,0.0
2018-04-25 00:00:00+08:00,17.891930421115692,18.03318214416504,17.891930421115692,18.03318214416504,18000,0.0,0.0
2018-04-26 00:00:00+08:00,18.26860237121582,18.26860237121582,18.26860237121582,18.26860237121582,1000,0.0,0.0
2018-04-27 00:00:00+08:00,18.12735183422382,18.36277198791504,18.12735183422382,18.36277198791504,3000,0.0,0.0
2018-04-30 00:00:00+08:00,18.221520254922954,18.36277198791504,18.221520254922954,18.36277198791504,4000,0.0,0.0
2018-05-02 00:00:00+08:00,18.456939697265625,18.456939697265625,18.456939697265625,18.456939697265625,1000,0.0,0.0
2018-05-03 00:00:00+08:00,18.36277198791504,18.36277198791504,18.36277198791504,18.36277198791504,9000,0.0,0.0
2018-05-04 00:00:00+08:00,18.36277198791504,18.36277198791504,18.36277198791504,18.36277198791504,5122,0.0,0.0
2018-05-07 00:00:00+08:00,18.36277198791504,18.36277198791504,18.36277198791504,18.36277198791504,1000,0.0,0.0
2018-05-08 00:00:00+08:00,18.36277198791504,18.36277198791504,18.36277198791504,18.36277198791504,0,0.0,0.0
2018-05-09 00:00:00+08:00,18.456939697265625,18.456939697265625,18.456939697265625,18.456939697265625,1000,0.0,0.0
2018-05-10 00:00:00+08:00,18.551107614818303,18.598190924028827,18.26860237121582,18.26860237121582,10000,0.0,0.0
2018-05-11 00:00:00+08:00,18.26860237121582,18.26860237121582,18.26860237121582,18.26860237121582,1000,0.0,0.0
2018-05-14 00:00:00+08:00,18.12735366821289,18.12735366821289,18.12735366821289,18.12735366821289,1000,0.0,0.0
2018-05-15 00:00:00+08:00,17.091502267111434,18.17443458118269,17.091502267111434,17.939014434814453,5769,0.0,0.0
2018-05-16 00:00:00+08:00,17.891931533813477,17.891931533813477,17.891931533813477,17.891931533813477,1000,0.0,0.0
2018-05-17 00:00:00+08:00,18.12735366821289,18.12735366821289,18.12735366821289,18.12735366821289,6184,0.0,0.0
2018-05-18 00:00:00+08:00,18.12735366821289,18.12735366821289,18.12735366821289,18.12735366821289,638,0.0,0.0
2018-05-21 00:00:00+08:00,17.891933490703632,18.12735366821289,17.891933490703632,18.12735366821289,5040,0.0,0.0
2018-05-22 00:00:00+08:00,18.12735366821289,18.12735366821289,18.12735366821289,18.12735366821289,0,0.0,0.0
2018-05-23 00:00:00+08:00,18.221519062005296,18.26860237121582,18.174433956681657,18.26860237121582,10000,0.0,0.0
2018-05-24 00:00:00+08:00,18.268603567215905,18.36277198791504,18.221520254922954,18.36277198791504,13000,0.0,0.0
2018-05-25 00:00:00+08:00,18.36277198791504,18.36277198791504,18.36277198791504,18.36277198791504,1000,0.0,0.0
2018-05-28 00:00:00+08:00,18.36277198791504,18.36277198791504,18.36277198791504,18.36277198791504,84,0.0,0.0
2018-05-29 00:00:00+08:00,17.515260696411133,17.515260696411133,17.515260696411133,17.515260696411133,1227,0.0,0.0
2018-05-30 00:00:00+08:00,17.515260696411133,17.515260696411133,17.515260696411133,17.515260696411133,1,0.0,0.0
2018-05-31 00:00:00+08:00,17.27983964015808,18.36277198791504,17.27983964015808,18.36277198791504,9070,0.0,0.0
2018-06-01 00:00:00+08:00,19.021949768066406,19.021949768066406,19.021949768066406,19.021949768066406,1000,0.0,0.0
2018-06-04 00:00:00+08:00,17.138587342226952,20.905309677124023,17.138587342226952,20.905309677124023,176971,0.0,0.0
2018-06-05 00:00:00+08:00,21.234895632398096,22.977005004882812,21.234895632398096,22.977005004882812,19213,0.0,0.0
2018-06-06 00:00:00+08:00,24.24827542364008,24.907452561368782,23.353678136167304,24.530778884887695,90241,0.0,0.0
2018-06-07 00:00:00+08:00,24.059940638213593,24.059940638213593,23.542016983032227,23.542016983032227,18004,0.0,0.0
2018-06-08 00:00:00+08:00,23.542014665798245,23.58909797668457,23.542014665798245,23.58909797668457,3004,0.0,0.0
2018-06-11 00:00:00+08:00,23.542016983032227,23.542016983032227,23.542016983032227,23.542016983032227,1009,0.0,0.0
2018-06-12 00:00:00+08:00,22.647417023212547,23.4007625579834,22.553250402965197,23.4007625579834,8594,0.0,0.0
2018-06-13 00:00:00+08:00,23.44784616719545,23.44784616719545,23.35367774963379,23.35367774963379,5551,0.0,0.0
2018-06-14 00:00:00+08:00,23.35367774963379,23.35367774963379,23.35367774963379,23.35367774963379,656,0.0,0.0
2018-06-15 00:00:00+08:00,22.647417312091076,23.35367774963379,22.647417312091076,23.35367774963379,8000,0.0,0.0
2018-06-19 00:00:00+08:00,23.35367894395551,23.447847366333008,23.118258786068406,23.447847366333008,22956,0.0,0.0
2018-06-20 00:00:00+08:00,23.542013483641668,23.542013483641668,23.071173213968834,23.259510040283203,28000,0.0,0.0
2018-06-21 00:00:00+08:00,23.49493127403287,23.730351419880442,23.35367774963379,23.35367774963379,23186,0.0,0.0
2018-06-22 00:00:00+08:00,23.447847366333008,23.447847366333008,23.447847366333008,23.447847366333008,1104,0.0,0.0
2018-06-25 00:00:00+08:00,23.447848555877428,23.542016983032227,23.353680128722626,23.542016983032227,60631,0.0,0.0
2018-06-26 00:00:00+08:00,23.44784616719545,23.542014584757116,23.35367774963379,23.35367774963379,64338,0.0,0.0
2018-06-27 00:00:00+08:00,23.306595332339626,23.494932174682617,23.306595332339626,23.494932174682617,21494,0.0,0.0
2018-06-28 00:00:00+08:00,23.494930974343898,23.494930974343898,23.353677451746574,23.4007625579834,37306,0.0,0.0
2018-06-29 00:00:00+08:00,24.342445373535156,24.342445373535156,24.342445373535156,24.342445373535156,2581,0.0,0.0
2018-07-02 00:00:00+08:00,24.342445373535156,24.342445373535156,24.342445373535156,24.342445373535156,2013,0.0,0.0
2018-07-03 00:00:00+08:00,24.107024097203414,24.48369598388672,24.107024097203414,24.48369598388672,4126,0.0,0.0
2018-07-04 00:00:00+08:00,24.483696004111337,26.932065963745117,24.483696004111337,26.932065963745117,355133,0.0,0.0
2018-07-05 00:00:00+08:00,27.355820442969183,28.438754559227256,25.99038466404326,27.026233673095703,133858,0.0,0.0
2018-07-06 00:00:00+08:00,27.12039926527871,27.12039926527871,25.42537498474121,25.42537498474121,63406,0.0,0.0
2018-07-09 00:00:00+08:00,25.237039343969357,25.51954460144043,25.189956032447448,25.51954460144043,16084,0.0,0.0
2018-07-10 00:00:00+08:00,24.577863850569766,25.048704147338867,24.577863850569766,25.048704147338867,5175,0.0,0.0
2018-07-11 00:00:00+08:00,24.248275788227563,25.7078800201416,24.248275788227563,25.7078800201416,17962,0.0,0.0
2018-07-12 00:00:00+08:00,26.084552983313905,26.084552983313905,25.660796000637916,25.802047729492188,72189,0.0,0.0
2018-07-13 00:00:00+08:00,25.56662806487411,25.990385055541992,25.56662806487411,25.990385055541992,22241,0.0,0.0
2018-07-16 00:00:00+08:00,25.943299947627107,25.990385055541992,25.943299947627107,25.990385055541992,9755,0.0,0.0
2018-07-17 00:00:00+08:00,26.084553296425117,26.743728637695312,26.084553296425117,26.743728637695312,18272,0.0,0.0
2018-07-18 00:00:00+08:00,27.449989006376935,27.449989006376935,26.50830841064453,26.50830841064453,10063,0.0,0.0
2018-07-19 00:00:00+08:00,26.5083096709951,26.83789825439453,26.367057934141997,26.83789825439453,22490,0.0,0.0
2018-07-20 00:00:00+08:00,29.521685891605397,29.521685891605397,26.837895938529794,26.884979248046875,23283,0.0,0.0
2018-07-23 00:00:00+08:00,26.884980067950863,27.02623359303613,26.790813446044922,26.790813446044922,28325,0.0,0.0
2018-07-24 00:00:00+08:00,25.42537498474121,25.42537498474121,25.42537498474121,25.42537498474121,1175,0.0,0.0
2018-07-25 00:00:00+08:00,26.319974620562054,26.83789825439453,25.707880767343134,26.83789825439453,12301,0.0,0.0
2018-07-26 00:00:00+08:00,27.214566982919795,27.497072219848633,27.120398570610185,27.497072219848633,44000,0.0,0.0
2018-07-27 00:00:00+08:00,27.308739122018785,27.308739122018785,27.167487382334457,27.261655807495117,27461,0.0,0.0
2018-07-30 00:00:00+08:00,27.261653490625232,27.449988528827316,27.073316656309984,27.30873680114746,124000,0.0,0.0
2018-07-31 00:00:00+08:00,26.932065391181048,28.72125816345215,26.932065391181048,28.72125816345215,65272,0.0,0.0
2018-08-01 00:00:00+08:00,28.297502930948394,28.297502930948394,28.25041961669922,28.25041961669922,17085,0.0,0.0
2018-08-02 00:00:00+08:00,28.721259455617083,28.721259455617083,27.873747240739565,28.062082290649414,22000,0.0,0.0
2018-08-03 00:00:00+08:00,28.062082423576122,28.532922744750977,28.062082423576122,28.532922744750977,9000,0.0,0.0
2018-08-06 00:00:00+08:00,28.72125746653754,30.41628177890433,28.72125746653754,30.039609909057617,56080,0.0,0.0
2018-08-07 00:00:00+08:00,30.039609611571958,30.227944646573633,29.757106161012874,30.086694717407227,40245,0.0,0.0
2018-08-08 00:00:00+08:00,30.133778027129363,30.133778027129363,29.898357886292416,30.086694717407227,20063,0.0,0.0
2018-08-09 00:00:00+08:00,30.133780826989824,30.133780826989824,29.286268600453397,29.4746036529541,29563,0.0,0.0
2018-08-10 00:00:00+08:00,28.815425872802734,29.003760909602686,28.815425872802734,28.815425872802734,20000,0.0,0.0
2018-08-13 00:00:00+08:00,29.192097876629006,29.38043471040736,26.837896434965376,28.297500610351562,23000,0.0,0.0
2018-08-14 00:00:00+08:00,28.297500775481474,28.297500775481474,27.49707371753548,27.544157028198242,47000,0.0,0.0
2018-08-15 00:00:00+08:00,27.8737461619319,28.062081204552552,27.35582075347039,27.967914581298828,28448,0.0,0.0
2018-08-16 00:00:00+08:00,27.87374575337639,28.25041762920989,27.308737041569557,28.014997482299805,85428,0.0,0.0
2018-08-17 00:00:00+08:00,29.09793184597753,29.09793184597753,28.25041961669922,28.25041961669922,45073,0.0,0.0
2018-08-20 00:00:00+08:00,28.721259147845203,29.003762617739362,28.06208198994116,28.109167098999023,33000,0.0,0.0
2018-08-21 00:00:00+08:00,28.109167400211835,28.109167400211835,28.062082290649414,28.062082290649414,4000,0.0,0.0
2018-08-22 00:00:00+08:00,28.062082290649414,28.062082290649414,28.062082290649414,28.062082290649414,2000,0.0,0.0
2018-08-23 00:00:00+08:00,28.156250713660977,28.156250713660977,28.062082290649414,28.062082290649414,19249,0.0,0.0
2018-08-24 00:00:00+08:00,27.685410189538306,27.685410189538306,26.837897980941744,27.35582160949707,33000,0.0,0.0
2018-08-27 00:00:00+08:00,27.355821380323125,27.63832664489746,27.355821380323125,27.63832664489746,9000,0.0,0.0
2018-08-28 00:00:00+08:00,27.544157740759495,28.43875503540039,27.544157740759495,28.43875503540039,32737,0.0,0.0
2018-08-29 00:00:00+08:00,28.391669927406376,28.72125849891161,28.250418195650767,28.43875503540039,26184,0.0,0.0
2018-08-30 00:00:00+08:00,28.43875500301637,29.662939071655273,28.43875500301637,29.662939071655273,35113,0.0,0.0
2018-08-31 00:00:00+08:00,29.38043617293346,29.615856328818783,27.920830128776515,29.097930908203125,39024,0.0,0.0
2018-09-03 00:00:00+08:00,29.14501481610524,29.14501481610524,27.87374566748548,29.003761291503906,15061,0.0,0.0
2018-09-04 00:00:00+08:00,29.003761291503906,29.003761291503906,28.72125783452759,29.003761291503906,7015,0.0,0.0
2018-09-05 00:00:00+08:00,29.003760737765347,29.003760737765347,28.344585418701172,28.344585418701172,8665,0.0,0.0
2018-09-06 00:00:00+08:00,28.39166872859392,28.39166872859392,28.1562485869039,28.344585418701172,10551,0.0,0.0
2018-09-07 00:00:00+08:00,28.344585245095843,28.344585245095843,27.87374496459961,27.87374496459961,13450,0.0,0.0
2018-09-10 00:00:00+08:00,27.87374496459961,27.87374496459961,27.402904684103376,27.87374496459961,11000,0.0,0.0
2018-09-11 00:00:00+08:00,27.873744733888405,28.39166831970215,27.59123949026108,28.39166831970215,6000,0.0,0.0
2018-09-12 00:00:00+08:00,28.250419270491378,28.532922744750977,27.87374737277415,28.532922744750977,7000,0.0,0.0
2018-09-13 00:00:00+08:00,28.438753425029926,28.438753425029926,27.21456762820444,28.39166831970215,44184,0.0,0.0
2018-09-14 00:00:00+08:00,28.48583849591088,28.909595489501953,28.48583849591088,28.909595489501953,11477,0.0,0.0
2018-09-17 00:00:00+08:00,28.909594675602726,29.003761297204555,27.73249394444811,27.779577255249023,32539,0.0,0.0
2018-09-18 00:00:00+08:00,28.532921004742708,28.532921004742708,27.779577255249023,27.779577255249023,2000,0.0,0.0
2018-09-19 00:00:00+08:00,28.48583978017171,28.48583978017171,27.638327550893397,28.25041961669922,13400,0.0,0.0
2018-09-20 00:00:00+08:00,28.43875367310168,31.075458526611328,28.43875367310168,31.075458526611328,252202,0.0,0.0
2018-09-21 00:00:00+08:00,32.72339968894845,32.72339968894845,31.357962148949944,31.54629898071289,170350,0.0,0.0
2018-09-25 00:00:00+08:00,30.557536365277464,30.604619677104644,29.662939071655273,29.662939071655273,37245,0.0,0.0
2018-09-26 00:00:00+08:00,29.710023815664957,31.075461477833255,29.4746036529541,29.4746036529541,34000,0.0,0.0
2018-09-27 00:00:00+08:00,30.322115894286565,30.604619354498194,28.34458628446558,28.72125816345215,41000,0.0,0.0
2018-09-28 00:00:00+08:00,28.72125872763514,29.09793061402082,27.638326380733837,28.15625,45324,0.0,0.0
2018-10-01 00:00:00+08:00,28.721257286182578,28.721257286182578,28.1562485869039,28.344585418701172,13184,0.0,0.0
2018-10-02 00:00:00+08:00,28.250416829773968,28.344585245095843,27.87374496459961,27.87374496459961,22000,0.0,0.0
2018-10-03 00:00:00+08:00,27.638325935141527,27.873746084851227,27.638325935141527,27.732494354248047,14000,0.0,0.0
2018-10-04 00:00:00+08:00,27.732494994269274,27.732494994269274,27.40290641784668,27.40290641784668,9000,0.0,0.0
2018-10-05 00:00:00+08:00,27.30873680114746,27.30873680114746,27.30873680114746,27.30873680114746,100,0.0,0.0
2018-10-08 00:00:00+08:00,26.884979248046875,26.884979248046875,26.884979248046875,26.884979248046875,5000,0.0,0.0
2018-10-09 00:00:00+08:00,26.884978437892688,28.156247513789776,26.884978437892688,27.497072219848633,23100,0.0,0.0
2018-10-11 00:00:00+08:00,29.521686879372144,29.521686879372144,25.425375950367997,27.026233673095703,20002,0.0,0.0
2018-10-12 00:00:00+08:00,24.342445233128657,26.555395126342773,24.342445233128657,26.555395126342773,19000,0.0,0.0
2018-10-15 00:00:00+08:00,24.90745300668909,25.943300247192383,24.483696011128117,25.943300247192383,33002,0.0,0.0
2018-10-16 00:00:00+08:00,25.802047729492188,25.89621614743276,25.42537585384307,25.802047729492188,24000,0.0,0.0
2018-10-17 00:00:00+08:00,25.990384901112346,25.990384901112346,25.472459493805317,25.51954460144043,10007,0.0,0.0
2018-10-18 00:00:00+08:00,25.660795123488814,25.849131952932147,24.90745139794173,25.42537498474121,49000,0.0,0.0
2018-10-19 00:00:00+08:00,24.90745139794173,25.707878432793088,24.90745139794173,25.42537498474121,28000,0.0,0.0
2018-10-22 00:00:00+08:00,25.001619039994043,25.048704147338867,25.001619039994043,25.048704147338867,5000,0.0,0.0
2018-10-23 00:00:00+08:00,25.048704147338867,25.048704147338867,25.048704147338867,25.048704147338867,0,0.0,0.0
2018-10-24 00:00:00+08:00,22.647418848336557,24.907453838669042,22.6003355344185,24.860368728637695,14000,0.0,0.0
2018-10-25 00:00:00+08:00,24.05993866050168,24.766199111938477,24.012855348851176,24.766199111938477,10000,0.0,0.0
2018-10-26 00:00:00+08:00,24.57786298731892,24.67203140258789,24.57786298731892,24.67203140258789,2613,0.0,0.0
2018-10-29 00:00:00+08:00,24.67203140258789,24.67203140258789,24.67203140258789,24.67203140258789,5,0.0,0.0
2018-10-30 00:00:00+08:00,24.67203140258789,24.67203140258789,24.67203140258789,24.67203140258789,0,0.0,0.0
2018-10-31 00:00:00+08:00,24.483694855846277,25.001618451659304,23.353677451746574,23.4007625579834,47000,0.0,0.0
2018-11-01 00:00:00+08:00,22.600334867723273,23.494932174682617,22.176577870508165,23.494932174682617,6000,0.0,0.0
2018-11-02 00:00:00+08:00,22.64741961923166,23.542016983032227,22.64741961923166,23.542016983032227,4122,0.0,0.0
2018-11-05 00:00:00+08:00,22.2707462310791,23.400763689835692,22.12949449776284,22.2707462310791,58122,0.0,0.0
2018-11-06 00:00:00+08:00,23.30659405690334,23.824517650833712,22.600333630936575,23.165342330932617,52113,0.0,0.0
2018-11-07 00:00:00+08:00,23.353678385032037,24.012855529785156,23.353678385032037,24.012855529785156,4000,0.0,0.0
2018-11-08 00:00:00+08:00,24.059938430786133,24.059938430786133,24.059938430786133,24.059938430786133,1000,0.0,0.0
2018-11-09 00:00:00+08:00,21.658653368671935,24.483695112411752,21.658653368671935,24.107023239135742,13388,0.0,0.0
2018-11-12 00:00:00+08:00,23.636184692382812,23.636184692382812,23.636184692382812,23.636184692382812,1644,0.0,0.0
2018-11-13 00:00:00+08:00,23.07117438589464,25.849132836519065,23.07117438589464,25.802047729492188,25188,0.0,0.0
2018-11-14 00:00:00+08:00,25.707880636840336,26.4612262230881,25.707880636840336,26.36705780029297,12000,0.0,0.0
2018-11-15 00:00:00+08:00,28.062080546182123,28.062080546182123,25.566627370127488,27.30873680114746,26000,0.0,0.0
2018-11-16 00:00:00+08:00,27.355819615666604,27.355819615666604,27.120399475097656,27.120399475097656,10493,0.0,0.0
2018-11-19 00:00:00+08:00,27.120399475097656,27.120399475097656,27.120399475097656,27.120399475097656,2,0.0,0.0
2018-11-20 00:00:00+08:00,27.120399475097656,27.120399475097656,27.120399475097656,27.120399475097656,307,0.0,0.0
2018-11-21 00:00:00+08:00,27.120399475097656,27.120399475097656,27.120399475097656,27.120399475097656,0,0.0,0.0
2018-11-22 00:00:00+08:00,27.308736882658085,27.544157028198242,27.308736882658085,27.544157028198242,32000,0.0,0.0
2018-11-23 00:00:00+08:00,27.544157028198242,27.544157028198242,27.544157028198242,27.544157028198242,0,0.0,0.0
2018-11-26 00:00:00+08:00,25.51954421065479,27.779577255249023,25.51954421065479,27.779577255249023,5349,0.0,0.0
2018-11-27 00:00:00+08:00,27.779578750263834,27.967915595829577,27.779578750263834,27.826662063598633,14000,0.0,0.0
2018-11-28 00:00:00+08:00,27.826662063598633,28.156250645282046,27.826662063598633,27.826662063598633,19149,0.0,0.0
2018-11-29 00:00:00+08:00,28.203335253282802,29.003762342422654,28.203335253282802,28.627090454101562,16306,0.0,0.0
2018-11-30 00:00:00+08:00,27.873744314773273,29.192096710205078,27.873744314773273,29.192096710205078,22063,0.0,0.0
2018-12-03 00:00:00+08:00,32.11130720893307,32.11130720893307,29.192098768930585,29.662939071655273,37490,0.0,0.0
2018-12-04 00:00:00+08:00,31.781719207763672,31.781719207763672,31.781719207763672,31.781719207763672,1084,0.0,0.0
2018-12-05 00:00:00+08:00,31.781719207763672,31.781719207763672,31.781719207763672,31.781719207763672,0,0.0,0.0
2018-12-06 00:00:00+08:00,30.133779525756836,30.133779525756836,30.133779525756836,30.133779525756836,3,0.0,0.0
2018-12-07 00:00:00+08:00,30.133779525756836,30.133779525756836,30.133779525756836,30.133779525756836,191,0.0,0.0
2018-12-10 00:00:00+08:00,27.167485540061804,28.76834147478302,27.120400432617735,28.72125816345215,9033,0.0,0.0
2018-12-11 00:00:00+08:00,29.19209718643614,31.593381881713867,29.0979287717734,31.593381881713867,8626,0.0,0.0
2018-12-12 00:00:00+08:00,31.1225418362367,31.1225418362367,31.075458526611328,31.075458526611328,9677,0.0,0.0
2018-12-13 00:00:00+08:00,30.604621251444954,31.405048370361328,30.604621251444954,31.405048370361328,24243,0.0,0.0
2018-12-14 00:00:00+08:00,30.604618245905094,31.075458526611328,30.604618245905094,31.075458526611328,13980,0.0,0.0
2018-12-17 00:00:00+08:00,28.014997482299805,28.014997482299805,28.014997482299805,28.014997482299805,1595,0.0,0.0
2018-12-18 00:00:00+08:00,29.662939831959672,30.792957305908203,29.662939831959672,30.792957305908203,18406,0.0,0.0
2018-12-19 00:00:00+08:00,30.698784372854046,31.075458028269,30.27503100079498,30.887121200561523,26049,0.0,0.0
2018-12-20 00:00:00+08:00,30.934205005508954,31.075458526611328,30.887121695883582,31.075458526611328,15000,0.0,0.0
2018-12-21 00:00:00+08:00,30.981294631958008,30.981294631958008,30.604620937376588,30.981294631958008,10691,0.0,0.0
2018-12-24 00:00:00+08:00,30.698784372854046,30.887121200561523,30.698784372854046,30.887121200561523,4042,0.0,0.0
2018-12-25 00:00:00+08:00,30.887121695883582,31.075458526611328,30.887121695883582,31.075458526611328,4000,0.0,0.0
2018-12-26 00:00:00+08:00,31.075458526611328,31.075458526611328,30.981291907360585,31.075458526611328,11000,0.0,0.0
2018-12-27 00:00:00+08:00,30.69878578186035,30.69878578186035,30.69878578186035,30.69878578186035,2000,0.0,0.0
2018-12-28 00:00:00+08:00,31.499216079711914,31.499216079711914,31.499216079711914,31.499216079711914,1000,0.0,0.0
2019-01-02 00:00:00+08:00,31.546301968724478,31.64046859741211,30.604621312941656,31.64046859741211,42002,0.0,0.0
2019-01-03 00:00:00+08:00,31.07546210600412,31.828805923461914,30.9812954759069,31.828805923461914,9014,0.0,0.0
2019-01-04 00:00:00+08:00,31.54629898071289,31.54629898071289,31.54629898071289,31.54629898071289,1000,0.0,0.0
2019-01-07 00:00:00+08:00,32.958822663296054,33.19424282517674,32.29964549158481,32.911739349365234,34000,0.0,0.0
2019-01-08 00:00:00+08:00,32.95882116459533,33.33549484336699,32.864654541015625,32.864654541015625,36755,0.0,0.0
2019-01-09 00:00:00+08:00,32.48797916047759,32.81756591796875,32.48797916047759,32.81756591796875,5007,0.0,0.0
2019-01-10 00:00:00+08:00,32.48798172071774,32.48798172071774,30.792957305908203,30.792957305908203,2000,0.0,0.0
2019-01-11 00:00:00+08:00,31.499216246143476,31.499216246143476,30.745872497558594,30.745872497558594,3000,0.0,0.0
2019-01-14 00:00:00+08:00,31.075462777273994,33.00590747378052,31.075462777273994,32.958824157714844,14368,0.0,0.0
2019-01-15 00:00:00+08:00,33.05299148540914,36.25470733642578,33.05299148540914,36.25470733642578,233673,0.0,0.0
2019-01-16 00:00:00+08:00,38.797242910304966,39.8801734860525,38.6089060647147,39.55058670043945,1611667,0.0,0.0
2019-01-17 00:00:00+08:00,41.05727134616316,41.10435824836512,38.985576969423136,39.9272575378418,686547,0.0,0.0
2019-01-18 00:00:00+08:00,39.9272575378418,40.1155907777445,39.07974358937449,39.9272575378418,219386,0.0,0.0
2019-01-21 00:00:00+08:00,39.88017042190242,42.28145873228136,39.409330140216554,41.66936492919922,691886,0.0,0.0
2019-01-22 00:00:00+08:00,41.66936749023179,41.716450802848904,39.69183962250122,40.35101318359375,577510,0.0,0.0
2019-01-23 00:00:00+08:00,40.30393042074116,40.35101373400051,39.03266300160604,39.31516647338867,459672,0.0,0.0
2019-01-24 00:00:00+08:00,39.409333235664796,41.15144457007426,39.31516660882171,39.786006927490234,368110,0.0,0.0
2019-01-25 00:00:00+08:00,39.97434176472073,41.386862649748124,39.59766809182287,40.7747688293457,539466,0.0,0.0
2019-01-28 00:00:00+08:00,40.77477087824882,40.77477087824882,39.786006927490234,39.786006927490234,383245,0.0,0.0
2019-01-29 00:00:00+08:00,39.17391095323748,40.30392837524414,38.09098043432697,40.30392837524414,268451,0.0,0.0
2019-01-30 00:00:00+08:00,40.303931397141355,40.5864348757679,39.550587590061696,39.69184112548828,307100,0.0,0.0
2019-02-11 00:00:00+08:00,39.550587590061696,40.115594547314785,39.550587590061696,39.69184112548828,137000,0.0,0.0
2019-02-12 00:00:00+08:00,39.456416084739686,39.456416084739686,38.326398717668695,39.079742431640625,155001,0.0,0.0
2019-02-13 00:00:00+08:00,38.608904897689285,40.86893979200558,38.608904897689285,40.44518280029297,377834,0.0,0.0
2019-02-14 00:00:00+08:00,40.02142810523016,40.398101806640625,39.73892462528563,40.398101806640625,110049,0.0,0.0
2019-02-15 00:00:00+08:00,39.550584464839,41.33977900847225,39.550584464839,39.83308792114258,396183,0.0,0.0
2019-02-18 00:00:00+08:00,39.83309106868824,40.068511232914794,39.362250740235126,39.69184112548828,137071,0.0,0.0
2019-02-19 00:00:00+08:00,39.691838958663155,40.20976257324219,39.691838958663155,40.20976257324219,56000,0.0,0.0
2019-02-20 00:00:00+08:00,40.02142618578646,40.35101296454352,39.644752502441406,39.644752502441406,124000,0.0,0.0
2019-02-21 00:00:00+08:00,39.644752502441406,40.02142618578646,38.79724210325475,39.644752502441406,192000,0.0,0.0
2019-02-22 00:00:00+08:00,39.644754218861664,39.83309106868824,39.22100079703517,39.69184112548828,62000,0.0,0.0
2019-02-25 00:00:00+08:00,39.644750922175795,39.88017106682583,39.362247467041016,39.362247467041016,72719,0.0,0.0
2019-02-26 00:00:00+08:00,39.31516347602896,40.021423897754026,39.17390995479344,39.22099685668945,80081,0.0,0.0
2019-02-27 00:00:00+08:00,39.079744011906236,39.644750922175795,38.70307034357565,39.362247467041016,110027,0.0,0.0
2019-03-04 00:00:00+08:00,39.40933253734581,43.12897170736181,39.26808259958408,42.32854461669922,1180921,0.0,0.0
2019-03-05 00:00:00+08:00,42.84646786536615,44.07065194307418,40.58643295865406,41.15144348144531,876320,0.0,0.0
2019-03-06 00:00:00+08:00,42.18728943240195,43.270223540575394,40.963105392005666,41.81061935424805,353471,0.0,0.0
2019-03-07 00:00:00+08:00,41.904787547394626,42.32854454440908,40.774770086098236,42.09312438964844,276184,0.0,0.0
2019-03-08 00:00:00+08:00,41.81062221298039,41.81062221298039,41.292694982738546,41.4339485168457,109077,0.0,0.0
2019-03-11 00:00:00+08:00,41.245609006942416,42.375626430192824,41.245609006942416,42.28145980834961,93181,0.0,0.0
2019-03-12 00:00:00+08:00,42.658128890051934,42.658128890051934,41.90478515625,41.90478515625,112219,0.0,0.0
2019-03-13 00:00:00+08:00,41.76353304896359,41.857703264019506,41.2926927503632,41.71644973754883,77184,0.0,0.0
2019-03-14 00:00:00+08:00,41.71645150362644,42.752302359736156,41.71645150362644,42.70521545410156,203076,0.0,0.0
2019-03-15 00:00:00+08:00,42.84646655143575,44.63566109706756,42.84646655143575,44.25898742675781,334500,0.0,0.0
2019-03-18 00:00:00+08:00,44.258987507492144,45.20066809275794,44.258987507492144,44.494407653808594,238577,0.0,0.0
2019-03-19 00:00:00+08:00,44.635662148749105,45.5302558504166,42.375627258093544,42.893550872802734,394500,0.0,0.0
2019-03-20 00:00:00+08:00,41.43394783033526,42.75230215273654,39.644753191680174,41.99895477294922,539200,0.0,0.0
2019-03-21 00:00:00+08:00,42.0931223907519,42.0931223907519,40.63351821899414,40.63351821899414,233353,0.0,0.0
2019-03-22 00:00:00+08:00,40.58643058818583,40.963104248046875,40.02142369062051,40.963104248046875,202168,0.0,0.0
2019-03-25 00:00:00+08:00,40.916023783999854,40.916023783999854,40.1155930991882,40.58643341064453,97656,0.0,0.0
2019-03-26 00:00:00+08:00,40.58643131649686,40.916021672846234,40.49226469595494,40.63351821899414,57253,0.0,0.0
2019-03-27 00:00:00+08:00,40.63351821899414,40.680601529265104,40.398098075413,40.63351821899414,51869,0.0,0.0
2019-03-28 00:00:00+08:00,40.63351731383794,40.774767241504335,40.39809717550105,40.49226379394531,47900,0.0,0.0
2019-03-29 00:00:00+08:00,40.02142351727153,40.586430412389575,40.02142351727153,40.49226379394531,111908,0.0,0.0
2019-04-01 00:00:00+08:00,40.49226603644652,40.49226603644652,37.05513038948549,40.20976257324219,376880,0.0,0.0
2019-04-02 00:00:00+08:00,40.2097619122253,41.622282797252694,39.880171550383075,40.7747688293457,182208,0.0,0.0
2019-04-03 00:00:00+08:00,39.597669475031545,40.77477025367236,39.597669475031545,40.58643341064453,215296,0.0,0.0
2019-04-08 00:00:00+08:00,40.0214235074038,41.38686102786636,36.53720474243164,36.53720474243164,733050,0.0,0.0
2019-04-09 00:00:00+08:00,32.911739349365234,32.911739349365234,32.911739349365234,32.911739349365234,100102,0.0,0.0
2019-04-10 00:00:00+08:00,29.662939071655273,29.662939071655273,29.662939071655273,29.662939071655273,36002,0.0,0.0
2019-04-11 00:00:00+08:00,26.696643829345703,26.696643829345703,26.696643829345703,26.696643829345703,30001,0.0,0.0
2019-04-12 00:00:00+08:00,24.29535857901736,25.425376008972524,24.059938430786133,24.059938430786133,1456507,0.0,0.0
2019-04-15 00:00:00+08:00,23.63618282912965,23.730351246001312,21.658653259277344,21.658653259277344,760676,0.0,0.0
2019-04-16 00:00:00+08:00,21.658654248234804,23.824518954612987,20.151964897830602,23.494932174682617,721533,0.0,0.0
2019-04-17 00:00:00+08:00,23.542015263517545,23.683266995876007,22.788671493530273,22.788671493530273,331526,0.0,0.0
2019-04-18 00:00:00+08:00,21.658653259277344,22.600333835767664,21.658653259277344,21.658653259277344,173227,0.0,0.0
2019-04-19 00:00:00+08:00,21.65865440223954,21.65865440223954,20.151965041121965,20.528636932373047,255002,0.0,0.0
2019-04-22 00:00:00+08:00,20.52863534453168,20.52863534453168,20.151963482415276,20.246131896972656,124638,0.0,0.0
2019-04-23 00:00:00+08:00,20.151962783738202,20.57571973649802,20.151962783738202,20.340299606323242,66319,0.0,0.0
2019-04-24 00:00:00+08:00,20.669890601987557,21.894074705802154,20.669890601987557,20.99947738647461,136000,0.0,0.0
2019-04-25 00:00:00+08:00,20.99947846214722,20.99947846214722,20.340303063294392,20.622806549072266,57163,0.0,0.0
2019-04-26 00:00:00+08:00,20.528636632433436,20.99947693864625,20.29321647932703,20.575721740722656,66024,0.0,0.0
2019-04-29 00:00:00+08:00,20.575720538988698,20.622803848414765,20.43446881459737,20.481552124023438,47000,0.0,0.0
2019-04-30 00:00:00+08:00,20.481553619509132,21.234897402011292,20.434470306645217,20.528636932373047,105200,0.0,0.0
2019-05-02 00:00:00+08:00,20.528636558406514,20.528636558406514,19.116115644861665,19.35153579711914,234012,0.0,0.0
2019-05-03 00:00:00+08:00,19.351536420535723,19.351536420535723,18.40985578116925,18.551109313964844,239257,0.0,0.0
2019-05-06 00:00:00+08:00,18.22151943218862,18.22151943218862,17.138587133328002,17.23275375366211,177350,0.0,0.0
2019-05-07 00:00:00+08:00,17.09150103836249,17.703593015692515,17.044417730919047,17.374006271362305,125772,0.0,0.0
2019-05-08 00:00:00+08:00,17.374008894578317,17.60942905956657,17.138588729590065,17.27984046936035,43752,0.0,0.0
2019-05-09 00:00:00+08:00,17.421092266946793,17.51526069247728,16.055654587038067,16.291074752807617,88300,0.0,0.0
2019-05-10 00:00:00+08:00,16.19690721353959,16.291073837667,14.737301190092808,15.066889762878418,272000,0.0,0.0
2019-05-13 00:00:00+08:00,15.06688952836834,15.06688952836834,14.360629081726074,14.360629081726074,152739,0.0,0.0
2019-05-14 00:00:00+08:00,14.12520859010043,15.584812759298881,13.795620030442123,15.019804954528809,266500,0.0,0.0
2019-05-15 00:00:00+08:00,14.97272032712517,15.584812323004819,14.97272032712517,15.443560600280762,86000,0.0,0.0
2019-05-16 00:00:00+08:00,15.49064633459734,15.726066480739469,15.113972663879395,15.113972663879395,72121,0.0,0.0
2019-05-17 00:00:00+08:00,15.11397360695234,15.537730614894787,14.83147013239957,14.878554344177246,119170,0.0,0.0
2019-05-20 00:00:00+08:00,14.87855349422065,15.349392890930176,14.596049137749661,15.349392890930176,91148,0.0,0.0
2019-05-21 00:00:00+08:00,15.066888982599432,15.631897678669537,15.066888982599432,15.537729263305664,61294,0.0,0.0
2019-05-22 00:00:00+08:00,15.773150054880627,17.044419224496632,15.773150054880627,16.19690704345703,138116,0.0,0.0
2019-05-23 00:00:00+08:00,16.14982268926991,16.14982268926991,15.396478892333649,15.490647315979004,56150,0.0,0.0
2019-05-24 00:00:00+08:00,15.302309746102956,15.396478165301616,15.16105801536157,15.208141326904297,56000,0.0,0.0
2019-05-27 00:00:00+08:00,15.161057154832648,15.726065841841978,14.925637018254852,15.443560600280762,77727,0.0,0.0
2019-05-28 00:00:00+08:00,15.39647901892929,15.584814071655273,15.39647901892929,15.584814071655273,26173,0.0,0.0
2019-05-29 00:00:00+08:00,15.349392432577918,15.584812572931035,15.302309122952547,15.537729263305664,57179,0.0,0.0
2019-05-30 00:00:00+08:00,15.5848126585935,15.867317906237917,15.490646038825167,15.773149490356445,34000,0.0,0.0
2019-05-31 00:00:00+08:00,16.14982257351459,17.326923370361328,15.914402414145242,17.326923370361328,156647,0.0,0.0
2019-06-03 00:00:00+08:00,17.84484896054035,19.021949768066406,17.797763850571332,19.021949768066406,630463,0.0,0.0
2019-06-04 00:00:00+08:00,19.49278880153762,20.905309677124023,19.445703694683505,20.905309677124023,561029,0.0,0.0
2019-06-05 00:00:00+08:00,21.6586558025572,22.082412830183014,19.06903391312101,19.398622512817383,803504,0.0,0.0
2019-06-06 00:00:00+08:00,19.39862204058998,20.99947809196686,19.39862204058998,20.434471130371094,410007,0.0,0.0
2019-06-10 00:00:00+08:00,20.81114189825131,20.81114189825131,19.398620979312714,19.586956024169922,189000,0.0,0.0
2019-06-11 00:00:00+08:00,19.5869575725629,19.5869575725629,18.927782169283528,19.398622512817383,119188,0.0,0.0
2019-06-12 00:00:00+08:00,20.151966344026196,21.329067202860827,19.398622512817383,19.398622512817383,702400,0.0,0.0
2019-06-13 00:00:00+08:00,19.586955148404975,19.634040254598947,18.83361141043292,19.210283279418945,104000,0.0,0.0
2019-06-14 00:00:00+08:00,19.63404268458431,19.63404268458431,19.210285656958494,19.398622512817383,41000,0.0,0.0
2019-06-17 00:00:00+08:00,19.021949768066406,19.304453243427343,19.021949768066406,19.021949768066406,68449,0.0,0.0
2019-06-18 00:00:00+08:00,19.398621975607423,20.57572280184436,18.974864959716797,18.974864959716797,347290,0.0,0.0
2019-06-19 00:00:00+08:00,19.398620111968533,19.398620111968533,18.409854435252917,19.210283279418945,65021,0.0,0.0
2019-06-20 00:00:00+08:00,19.069031381253026,19.069031381253026,18.59819110023443,18.739442825317383,73580,0.0,0.0
2019-06-21 00:00:00+08:00,18.97486266542491,19.163199493295934,18.739442528642684,18.786527633666992,41720,0.0,0.0
2019-06-24 00:00:00+08:00,18.221520254922954,18.69236056230539,18.08026852193087,18.36277198791504,46080,0.0,0.0
2019-06-25 00:00:00+08:00,18.268604508597566,18.598193099971624,17.515260696411133,17.515260696411133,86008,0.0,0.0
2019-06-26 00:00:00+08:00,17.750679100704097,18.033182553210796,17.374007231990777,17.986099243164062,33000,0.0,0.0
2019-06-27 00:00:00+08:00,17.75068034614481,18.504024136428296,17.75068034614481,18.315689086914062,26000,0.0,0.0
2019-06-28 00:00:00+08:00,17.891930421115692,18.174433867214383,17.891930421115692,18.03318214416504,14000,0.0,0.0
2019-07-01 00:00:00+08:00,18.033182200787056,18.80672465081665,17.743104934692383,17.743104934692383,82684,0.5,0.0
2019-07-02 00:00:00+08:00,17.5980662994975,17.74310493252714,17.5980662994975,17.646411895751953,12000,0.0,0.0
2019-07-03 00:00:00+08:00,17.598068142380434,17.984838485717773,17.50137509547948,17.984838485717773,30000,0.0,0.0
2019-07-04 00:00:00+08:00,17.984838501811875,18.033184103172378,17.791452407836914,17.791452407836914,15000,0.0,0.0
2019-07-05 00:00:00+08:00,17.6464119000355,17.839797973632812,17.59806630376931,17.839797973632812,17000,0.0,0.0
2019-07-08 00:00:00+08:00,17.64641375948893,17.791452407836914,17.598068158128427,17.791452407836914,9000,0.0,0.0
2019-07-09 00:00:00+08:00,17.79145052878159,17.79145052878159,17.646411895751953,17.646411895751953,4000,0.0,0.0
2019-07-10 00:00:00+08:00,17.646411926294185,17.646411926294185,17.404680256070975,17.598066329956055,16000,0.0,0.0
2019-07-11 00:00:00+08:00,17.40468022807108,17.743104934692383,17.40468022807108,17.743104934692383,2306,0.0,0.0
2019-07-12 00:00:00+08:00,17.598066323861932,17.598066323861932,17.25964161681338,17.307987213134766,18000,0.0,0.0
2019-07-15 00:00:00+08:00,17.307987272821254,17.307987272821254,17.01791000536004,17.11460304260254,57000,0.0,0.0
2019-07-16 00:00:00+08:00,17.114602981562975,17.59806632178491,17.06625554098101,17.211294174194336,78006,0.0,0.0
2019-07-17 00:00:00+08:00,17.211294030544238,18.85507011128593,17.211294030544238,18.758377075195312,161547,0.0,0.0
2019-07-18 00:00:00+08:00,19.000110859146666,19.000110859146666,18.081531524658203,18.081531524658203,88053,0.0,0.0
2019-07-19 00:00:00+08:00,18.274913787841797,18.274913787841797,18.274913787841797,18.274913787841797,2001,0.0,0.0
2019-07-22 00:00:00+08:00,18.2749157741085,18.2749157741085,17.7431067827871,18.081531524658203,17124,0.0,0.0
2019-07-23 00:00:00+08:00,18.081531454035744,18.27491570273072,17.791452314593577,18.17822265625,9622,0.0,0.0
2019-07-24 00:00:00+08:00,18.081529634620708,18.081529634620708,17.404680221628638,17.453025817871094,47061,0.0,0.0
2019-07-25 00:00:00+08:00,17.791450533100345,18.081529643496314,17.6464119000355,17.839797973632812,64613,0.0,0.0
2019-07-26 00:00:00+08:00,17.791452384083055,18.081531524658203,17.791452384083055,18.081531524658203,13387,0.0,0.0
2019-07-29 00:00:00+08:00,17.83979985346389,17.83979985346389,17.791452407836914,17.791452407836914,5694,0.0,0.0
2019-07-30 00:00:00+08:00,17.74310495499823,17.74310495499823,17.211294174194336,17.211294174194336,43000,0.0,0.0
2019-07-31 00:00:00+08:00,16.824523897078322,17.11460300822312,16.824523897078322,16.969562530517578,26010,0.0,0.0
2019-08-01 00:00:00+08:00,16.872871368243278,16.92121696472168,16.679485293797086,16.92121696472168,16020,0.0,0.0
2019-08-02 00:00:00+08:00,16.92121898426729,16.969564586515737,16.437755584716797,16.437755584716797,17000,0.0,0.0
2019-08-05 00:00:00+08:00,16.437755584716797,16.486101186965243,16.244369487189996,16.437755584716797,48020,0.0,0.0
2019-08-06 00:00:00+08:00,16.38940805162686,16.582792282104492,16.38940805162686,16.582792282104492,12075,0.0,0.0
2019-08-07 00:00:00+08:00,16.631139727561607,16.9212169954921,16.582792286729,16.87287139892578,33022,0.0,0.0
2019-08-08 00:00:00+08:00,16.872871427015628,16.872871427015628,16.631139755249023,16.631139755249023,2000,0.0,0.0
2019-08-12 00:00:00+08:00,16.58279231295136,16.58279231295136,16.534446716308594,16.534446716308594,11000,0.0,0.0
2019-08-13 00:00:00+08:00,16.2443675718903,16.486099243164062,16.196021975342063,16.486099243164062,13020,0.0,0.0
2019-08-14 00:00:00+08:00,16.292715071402526,16.437753705836055,16.196022033691406,16.196022033691406,34753,0.0,0.0
2019-08-15 00:00:00+08:00,16.002635874215937,16.72783088684082,15.95429027774746,16.72783088684082,21234,0.0,0.0
2019-08-16 00:00:00+08:00,16.92121702224961,16.92121702224961,16.486099275399532,16.534446716308594,10000,0.0,0.0
2019-08-19 00:00:00+08:00,16.82452395180059,16.82452395180059,16.486099243164062,16.486099243164062,3001,0.0,0.0
2019-08-20 00:00:00+08:00,16.534446775214438,16.534446775214438,16.147676467895508,16.147676467895508,21613,0.0,0.0
2019-08-21 00:00:00+08:00,16.389408111572266,16.389408111572266,16.389408111572266,16.389408111572266,1129,0.0,0.0
2019-08-22 00:00:00+08:00,16.341062535953395,16.631141682243598,16.341062535953395,16.437755584716797,10000,0.0,0.0
2019-08-23 00:00:00+08:00,16.582792340269584,16.582792340269584,16.050983399257877,16.196022033691406,16011,0.0,0.0
2019-08-26 00:00:00+08:00,16.92121708143264,16.92121708143264,15.905944794253202,16.050983428955078,61349,0.0,0.0
2019-08-27 00:00:00+08:00,16.099329025766938,16.38940813943699,16.050983428955078,16.050983428955078,9000,0.0,0.0
2019-08-28 00:00:00+08:00,16.147676467895508,16.147676467895508,16.147676467895508,16.147676467895508,2061,0.0,0.0
2019-08-29 00:00:00+08:00,16.244367475159827,17.743104934692383,16.244367475159827,17.743104934692383,201956,0.0,0.0
2019-08-30 00:00:00+08:00,18.516645506322757,18.951763248928966,17.69475746154785,17.69475746154785,256247,0.0,0.0
2019-09-02 00:00:00+08:00,17.69475936084943,17.791452407836914,17.307989017165983,17.791452407836914,30031,0.0,0.0
2019-09-03 00:00:00+08:00,17.74310488376493,18.564992927695833,17.74310488376493,18.2265682220459,58688,0.0,0.0
2019-09-04 00:00:00+08:00,18.371606829346526,18.468299865722656,18.323261233291596,18.468299865722656,39138,0.0,0.0
2019-09-05 00:00:00+08:00,18.613338495555677,18.613338495555677,18.371606826782227,18.371606826782227,6000,0.0,0.0
2019-09-06 00:00:00+08:00,18.371606854676937,18.371606854676937,17.839797920274375,18.2265682220459,25008,0.0,0.0
2019-09-10 00:00:00+08:00,18.17822077426681,18.17822077426681,17.59806624397855,17.93648910522461,9306,0.0,0.0
2019-09-11 00:00:00+08:00,17.69475746154785,17.888143534765337,17.404680195987897,17.69475746154785,29000,0.0,0.0
2019-09-12 00:00:00+08:00,17.50137323259664,17.791450498156596,17.45302579215913,17.69475746154785,21084,0.0,0.0
2019-09-16 00:00:00+08:00,17.69475746154785,17.69475746154785,17.50137323259664,17.69475746154785,6012,0.0,0.0
2019-09-17 00:00:00+08:00,17.453025820048268,17.64641189357478,17.21129415027327,17.549718856811523,25004,0.0,0.0
2019-09-18 00:00:00+08:00,17.549718854622284,17.79145052436713,17.21129414812625,17.453025817871094,34557,0.0,0.0
2019-09-19 00:00:00+08:00,17.88814356773972,17.88814356773972,17.21129415449711,17.743104934692383,16001,0.0,0.0
2019-09-20 00:00:00+08:00,17.50137323259664,17.69475746154785,17.50137323259664,17.69475746154785,4000,0.0,0.0
2019-09-23 00:00:00+08:00,17.839797973632812,17.839797973632812,17.839797973632812,17.839797973632812,1306,0.0,0.0
2019-09-24 00:00:00+08:00,17.74310490198536,17.74310490198536,17.404680195987897,17.69475746154785,11319,0.0,0.0
2019-09-25 00:00:00+08:00,17.404680225947132,17.646411895751953,17.307987189171946,17.646411895751953,9432,0.0,0.0
2019-09-26 00:00:00+08:00,17.598066269205383,17.69475746154785,17.598066269205383,17.69475746154785,2191,0.0,0.0
2019-09-27 00:00:00+08:00,17.404680223799783,17.64641189357478,17.162948554024783,17.549718856811523,31034,0.0,0.0
2019-10-01 00:00:00+08:00,17.549718856811523,17.549718856811523,17.549718856811523,17.549718856811523,0,0.0,0.0
2019-10-02 00:00:00+08:00,19.29018783569336,19.29018783569336,19.29018783569336,19.29018783569336,86227,0.0,0.0
2019-10-03 00:00:00+08:00,21.175695419311523,21.175695419311523,21.175695419311523,21.175695419311523,104091,0.0,0.0
2019-10-04 00:00:00+08:00,23.254587798716695,23.254587798716695,20.112075834335172,20.160423278808594,2288060,0.0,0.0
2019-10-07 00:00:00+08:00,20.015382805044347,20.402153104158977,19.048456135124646,19.241840362548828,263232,0.0,0.0
2019-10-08 00:00:00+08:00,19.725303753501212,19.725303753501212,18.951763153076172,18.951763153076172,85197,0.0,0.0
2019-10-09 00:00:00+08:00,19.145147429150757,19.145147429150757,18.371606826782227,18.371606826782227,62002,0.0,0.0
2019-10-14 00:00:00+08:00,18.468299910151522,18.468299910151522,17.69475746154785,17.69475746154785,86127,0.0,0.0
2019-10-15 00:00:00+08:00,17.88814543881682,18.178222735253208,17.743106790598627,17.984838485717773,61249,0.0,0.0
2019-10-16 00:00:00+08:00,18.226568140312953,19.773651184727772,18.226568140312953,18.661684036254883,507062,0.0,0.0
2019-10-17 00:00:00+08:00,18.661684091603856,18.661684091603856,18.22656819437141,18.371606826782227,124433,0.0,0.0
2019-10-18 00:00:00+08:00,18.081529584539865,18.37160684972373,18.03318214416504,18.03318214416504,92061,0.0,0.0
2019-10-21 00:00:00+08:00,18.226568196915466,18.564992902098787,17.984836528108275,18.468299865722656,45823,0.0,0.0
2019-10-22 00:00:00+08:00,18.71003153191831,18.758377127966494,18.371606826782227,18.371606826782227,56037,0.0,0.0
2019-10-23 00:00:00+08:00,18.613338492930144,18.66168408897151,18.274913787841797,18.274913787841797,18012,0.0,0.0
2019-10-24 00:00:00+08:00,18.516645428781956,18.516645428781956,18.323261200640566,18.419952392578125,5264,0.0,0.0
2019-10-25 00:00:00+08:00,18.613338495555677,18.806724568280945,18.371606826782227,18.371606826782227,58712,0.0,0.0
2019-10-28 00:00:00+08:00,18.323261230734044,18.613338495555677,18.22656819437141,18.371606826782227,61788,0.0,0.0
2019-10-29 00:00:00+08:00,18.516645431518555,18.516645431518555,18.37160679932451,18.516645431518555,19053,0.0,0.0
2019-10-30 00:00:00+08:00,18.51664548976461,18.51664548976461,18.323261260986328,18.323261260986328,24604,0.0,0.0
2019-10-31 00:00:00+08:00,18.51664548976461,18.51664548976461,18.323261260986328,18.323261260986328,9343,0.0,0.0
2019-11-01 00:00:00+08:00,18.2265682220459,18.32326125855535,18.2265682220459,18.2265682220459,19063,0.0,0.0
2019-11-04 00:00:00+08:00,18.226568214635012,18.226568214635012,17.93648910522461,17.93648910522461,41000,0.0,0.0
2019-11-05 00:00:00+08:00,18.564992902098787,19.38687910063022,18.419952425401455,18.468299865722656,164000,0.0,0.0
2019-11-06 00:00:00+08:00,18.66168408897151,18.66168408897151,18.12987515545144,18.274913787841797,38000,0.0,0.0
2019-11-07 00:00:00+08:00,18.27491381324035,18.27491381324035,18.03318214416504,18.03318214416504,48000,0.0,0.0
2019-11-08 00:00:00+08:00,18.081529591813773,18.51664548976461,18.081529591813773,18.323261260986328,77255,0.0,0.0
2019-11-11 00:00:00+08:00,18.51664547977914,18.51664547977914,17.93648910522461,17.93648910522461,36000,0.0,0.0
2019-11-12 00:00:00+08:00,18.081531532618726,18.323263227737872,17.93649104013406,17.984838485717773,58000,0.0,0.0
2019-11-13 00:00:00+08:00,17.984836606697655,17.984836606697655,17.791450533100345,17.839797973632812,17000,0.0,0.0
2019-11-14 00:00:00+08:00,17.79145052878159,17.79145052878159,17.549718858976767,17.646411895751953,27000,0.0,0.0
2019-11-15 00:00:00+08:00,17.59806815021187,17.888145446777344,17.59806815021187,17.888145446777344,26001,0.0,0.0
2019-11-18 00:00:00+08:00,17.79145239983336,18.08153154066531,17.79145239983336,17.888145446777344,12000,0.0,0.0
2019-11-19 00:00:00+08:00,18.08152955941008,18.51664545658115,18.08152955941008,18.274913787841797,42000,0.0,0.0
2019-11-20 00:00:00+08:00,20.06372833251953,20.06372833251953,20.06372833251953,20.06372833251953,201000,0.0,0.0
2019-11-21 00:00:00+08:00,20.06372833251953,20.06372833251953,20.06372833251953,20.06372833251953,201000,0.0,0.0
2019-11-22 00:00:00+08:00,21.949236207189173,21.949236207189173,18.951763153076172,18.951763153076172,845647,0.0,0.0
2019-11-25 00:00:00+08:00,19.43522648940839,19.43522648940839,18.951763153076172,18.951763153076172,132000,0.0,0.0
2019-11-26 00:00:00+08:00,19.096801785122583,19.096801785122583,18.951763153076172,18.951763153076172,45000,0.0,0.0
2019-11-27 00:00:00+08:00,18.758379017666517,18.85507206376991,18.468301723622794,18.710033416748047,62000,0.0,0.0
2019-11-28 00:00:00+08:00,18.710033416748047,18.951765109873303,18.613340370644654,18.710033416748047,101000,0.0,0.0
2019-11-29 00:00:00+08:00,18.61333844035009,18.661684036254883,18.51664540427424,18.661684036254883,30000,0.0,0.0
2019-12-02 00:00:00+08:00,18.468299865722656,18.468299865722656,18.323261233291596,18.468299865722656,11000,0.0,0.0
2019-12-03 00:00:00+08:00,18.371608684589336,18.613340377807617,18.323263083652265,18.613340377807617,20000,0.0,0.0
2019-12-04 00:00:00+08:00,18.661685964455398,18.903417657488585,18.661685964455398,18.806726455688477,80000,0.0,0.0
2019-12-05 00:00:00+08:00,18.85507206376991,18.85507206376991,18.564994769726187,18.710033416748047,20000,0.0,0.0
2019-12-06 00:00:00+08:00,18.758377075195312,18.903415707198103,18.758377075195312,18.758377075195312,17858,0.0,0.0
2019-12-09 00:00:00+08:00,18.85507206376991,18.85507206376991,18.371608677519397,18.710033416748047,38000,0.0,0.0
2019-12-10 00:00:00+08:00,18.710033416748047,19.00011071079177,18.51664732454126,18.710033416748047,26000,0.0,0.0
2019-12-11 00:00:00+08:00,18.806726470088826,18.806726470088826,18.516647331667013,18.613340377807617,30000,0.0,0.0
2019-12-12 00:00:00+08:00,18.5649928444453,18.661684036254883,18.51664540427424,18.661684036254883,36000,0.0,0.0
2019-12-13 00:00:00+08:00,18.61333844035009,18.661684036254883,18.61333844035009,18.661684036254883,28227,0.0,0.0
2019-12-16 00:00:00+08:00,18.661684036254883,18.855070108406586,18.661684036254883,18.661684036254883,7000,0.0,0.0
2019-12-17 00:00:00+08:00,18.758377072330735,18.758377072330735,18.661684036254883,18.661684036254883,17000,0.0,0.0
2019-12-18 00:00:00+08:00,18.564992904663086,18.564992904663086,18.516645464335205,18.564992904663086,12000,0.0,0.0
2019-12-19 00:00:00+08:00,18.468299835542627,18.564992871760747,18.468299835542627,18.516645431518555,10000,0.0,0.0
2019-12-20 00:00:00+08:00,18.419952425401455,18.661684094208645,18.323261233291596,18.468299865722656,37053,0.0,0.0
2019-12-23 00:00:00+08:00,18.41995242794572,18.564992904663086,18.41995242794572,18.564992904663086,8000,0.0,0.0
2019-12-24 00:00:00+08:00,18.564992847280344,18.758377075195312,18.468299811189727,18.758377075195312,26000,0.0,0.0
2019-12-25 00:00:00+08:00,18.758377072330735,18.758377072330735,18.51664540427424,18.661684036254883,20000,0.0,0.0
2019-12-26 00:00:00+08:00,18.758377078030513,18.855070114135742,18.419952373795336,18.855070114135742,28000,0.0,0.0
2019-12-27 00:00:00+08:00,18.95176495898391,19.7253056331194,18.903417514183918,19.53192138671875,108877,0.0,0.0
2019-12-30 00:00:00+08:00,19.53192131159413,20.0153846921359,19.290189621323243,19.725305557250977,126000,0.0,0.0
2019-12-31 00:00:00+08:00,19.53191944622226,19.53191944622226,19.29018777903766,19.483572006225586,21700,0.0,0.0
2020-01-02 00:00:00+08:00,19.290189695518105,19.628612587785852,19.09680360485101,19.53192138671875,68000,0.0,0.0
2020-01-03 00:00:00+08:00,19.58026509946034,19.67695813547142,19.096801763671195,19.29018783569336,46084,0.0,0.0
2020-01-06 00:00:00+08:00,19.483572026878832,19.483572026878832,19.1451473236084,19.1451473236084,4000,0.0,0.0
2020-01-07 00:00:00+08:00,19.145147359543603,19.29018783569336,19.000108727660113,19.29018783569336,44000,0.0,0.0
2020-01-08 00:00:00+08:00,18.41995420300951,19.000110632987717,18.226569955861073,18.903417587280273,85000,0.0,0.0
2020-01-09 00:00:00+08:00,18.85507206376991,18.85507206376991,18.51664732454126,18.710033416748047,40000,0.0,0.0
2020-01-10 00:00:00+08:00,18.564992847280344,18.758377075195312,18.419952371011284,18.758377075195312,34000,0.0,0.0
2020-01-13 00:00:00+08:00,18.468299835542627,18.6616840637126,18.37160679932451,18.516645431518555,37000,0.0,0.0
2020-01-14 00:00:00+08:00,18.5649928444453,18.661684036254883,18.419952368198388,18.661684036254883,46000,0.0,0.0
2020-01-15 00:00:00+08:00,18.758379017666517,18.758379017666517,18.419954278437867,18.710033416748047,54000,0.0,0.0
2020-01-16 00:00:00+08:00,18.516645461777586,18.661684094208645,18.419952425401455,18.468299865722656,34000,0.0,0.0
2020-01-17 00:00:00+08:00,18.46829986314486,18.613338495555677,18.323261230734044,18.371606826782227,83021,0.0,0.0
2020-01-20 00:00:00+08:00,18.468299835542627,18.6616840637126,18.37160679932451,18.516645431518555,46184,0.0,0.0
2020-01-30 00:00:00+08:00,17.69475760288027,17.69475760288027,16.679485321044922,16.679485321044922,82000,0.0,0.0
2020-01-31 00:00:00+08:00,16.679485351895828,16.72783094854263,16.14767641171581,16.631139755249023,62000,0.0,0.0
2020-02-03 00:00:00+08:00,16.437753734071165,16.437753734071165,15.470827043831687,15.857597351074219,83000,0.0,0.0
2020-02-04 00:00:00+08:00,16.050983372815747,16.534446716308594,16.050983372815747,16.534446716308594,22000,0.0,0.0
2020-02-05 00:00:00+08:00,16.437753624531275,17.2596416746111,16.437753624531275,17.01791000366211,29000,0.0,0.0
2020-02-06 00:00:00+08:00,17.114602983582937,17.307987213134766,16.727830835946715,17.307987213134766,20000,0.0,0.0
2020-02-07 00:00:00+08:00,16.9212169954921,17.017910032891027,16.582792286729,16.87287139892578,47000,0.0,0.0
2020-02-10 00:00:00+08:00,16.29271693370495,16.631141682243598,16.29271693370495,16.437755584716797,61010,0.0,0.0
2020-02-11 00:00:00+08:00,16.582792280526824,16.631139721341352,16.38940805006759,16.486099243164062,15000,0.0,0.0
2020-02-12 00:00:00+08:00,16.582792253169103,16.72783088684082,16.34106058229414,16.72783088684082,17000,0.0,0.0
2020-02-13 00:00:00+08:00,16.534446716308594,16.96956261889238,16.389408082114,16.534446716308594,58000,0.0,0.0
2020-02-14 00:00:00+08:00,16.582792282104492,16.631139722923617,16.24436757343577,16.582792282104492,36122,0.0,0.0
2020-02-17 00:00:00+08:00,16.43775368012922,16.72783094854263,16.43775368012922,16.631139755249023,37000,0.0,0.0
2020-02-18 00:00:00+08:00,16.631139695621087,16.82452392578125,16.631139695621087,16.82452392578125,28000,0.0,0.0
2020-02-19 00:00:00+08:00,17.162948604614108,17.162948604614108,16.824523897078322,16.969562530517578,13000,0.0,0.0
2020-02-20 00:00:00+08:00,16.969562504083367,17.211294174194336,16.824523870870046,17.211294174194336,22000,0.0,0.0
2020-02-21 00:00:00+08:00,17.211296117521453,17.211296117521453,16.969564420116562,17.16295051574707,7020,0.0,0.0
2020-02-24 00:00:00+08:00,16.969564420116562,17.16295051574707,16.631141519162913,17.16295051574707,43000,0.0,0.0
2020-02-25 00:00:00+08:00,16.727830893632536,17.11460304260254,16.67948529714443,17.11460304260254,22000,0.0,0.0
2020-02-26 00:00:00+08:00,17.066255601848145,17.11460304260254,17.066255601848145,17.11460304260254,7000,0.0,0.0
2020-02-27 00:00:00+08:00,17.211294233861526,17.211294233861526,16.72783089196355,17.01791000366211,26000,0.0,0.0
2020-03-02 00:00:00+08:00,16.2443675779659,16.87287139892578,16.2443675779659,16.87287139892578,12000,0.0,0.0
2020-03-03 00:00:00+08:00,16.92121696472168,17.21129423212468,16.534446660095586,16.92121696472168,74000,0.0,0.0
2020-03-04 00:00:00+08:00,16.631139727561607,16.87287139892578,16.53444669016268,16.87287139892578,12000,0.0,0.0
2020-03-05 00:00:00+08:00,16.87287139892578,16.87287139892578,16.582792286729,16.87287139892578,36000,0.0,0.0
2020-03-06 00:00:00+08:00,16.82452392578125,16.969562559467946,16.679485292094554,16.82452392578125,21000,0.0,0.0
2020-03-09 00:00:00+08:00,16.82452392578125,16.82452392578125,16.82452392578125,16.82452392578125,0,0.0,0.0
2020-03-10 00:00:00+08:00,16.43775370830193,16.631139783753177,16.147676439391354,16.389408111572266,35000,0.0,0.0
2020-03-11 00:00:00+08:00,16.147676438187364,16.292715072631836,16.099328997195006,16.292715072631836,12000,0.0,0.0
2020-03-12 00:00:00+08:00,16.00263607765781,16.00263607765781,14.890670746349807,15.18074893951416,113000,0.0,0.0
2020-03-13 00:00:00+08:00,15.18074893951416,15.18074893951416,15.18074893951416,15.18074893951416,0,0.0,0.0
2020-03-16 00:00:00+08:00,15.035710304746031,15.325788497924805,14.697285592348601,15.325788497924805,66000,0.0,0.0
2020-03-17 00:00:00+08:00,14.939017327270014,14.987363846685955,14.358861860678195,14.842325210571289,110000,0.0,0.0
2020-03-18 00:00:00+08:00,14.74563211108011,15.567520171370623,14.697285591863052,15.229095458984375,28000,0.0,0.0
2020-03-19 00:00:00+08:00,15.18074903488408,15.18074903488408,14.310515372057113,14.455554008483887,389000,0.0,0.0
2020-03-20 00:00:00+08:00,14.455554008533817,14.793978723041674,14.407207489013672,14.407207489013672,88000,0.0,0.0
2020-03-23 00:00:00+08:00,14.697285683800338,14.697285683800338,14.407207488816596,14.600593566894531,86000,0.0,0.0
2020-03-24 00:00:00+08:00,14.165475813352336,14.697285683800338,14.165475813352336,14.600593566894531,21000,0.0,0.0
2020-03-25 00:00:00+08:00,14.93901732704862,14.93901732704862,14.552247015993139,14.64893913269043,14000,0.0,0.0
2020-03-26 00:00:00+08:00,14.648939164280854,14.648939164280854,14.503900527855563,14.600593566894531,22000,0.0,0.0
2020-03-27 00:00:00+08:00,14.600593535462993,14.697285652160645,14.50390049663218,14.697285652160645,37000,0.0,0.0
2020-03-30 00:00:00+08:00,14.503900527954102,14.503900527954102,14.165475813448575,14.503900527954102,7000,0.0,0.0
2020-03-31 00:00:00+08:00,15.857597352130997,15.954290390014648,15.47082704486269,15.954290390014648,76000,0.0,0.0
2020-04-01 00:00:00+08:00,16.921217145038316,16.921217145038316,15.664213180541992,15.664213180541992,94000,0.0,0.0
2020-04-06 00:00:00+08:00,15.66421317844226,15.66421317844226,15.180748909372818,15.374134063720703,10000,0.0,0.0
2020-04-07 00:00:00+08:00,15.71255877684223,15.760904373833682,15.567520141601562,15.567520141601562,16000,0.0,0.0
2020-04-08 00:00:00+08:00,15.325788468111682,15.567520141601562,15.325788468111682,15.567520141601562,21000,0.0,0.0
2020-04-09 00:00:00+08:00,15.809252743942489,15.857598343774422,15.615866656081927,15.712559700012207,40000,0.0,0.0
2020-04-10 00:00:00+08:00,15.857597350004475,15.905944791072969,15.519172639590227,15.760904312133789,19000,0.0,0.0
2020-04-13 00:00:00+08:00,15.905944853340657,15.905944853340657,15.567520141601562,15.567520141601562,21000,0.0,0.0
2020-04-14 00:00:00+08:00,15.809251782608655,15.809251782608655,15.277441917596981,15.519172668457031,34000,0.0,0.0
2020-04-15 00:00:00+08:00,15.519173617110598,15.712559705032955,15.470828017263218,15.615866661071777,10000,0.0,0.0
2020-04-16 00:00:00+08:00,15.664214105185575,15.760905304880335,15.37413497330204,15.615866661071777,18000,0.0,0.0
2020-04-17 00:00:00+08:00,15.809251754268765,15.905944792145974,15.470827043831687,15.857597351074219,131000,0.0,0.0
2020-04-20 00:00:00+08:00,15.954291392802693,16.14767748072505,15.567521061224395,15.615866661071777,50000,0.0,0.0
2020-04-21 00:00:00+08:00,15.809251845059118,15.809251845059118,15.18074893951416,15.18074893951416,39000,0.0,0.0
2020-04-22 00:00:00+08:00,15.567520141601562,15.567520141601562,15.567520141601562,15.567520141601562,1000,0.0,0.0
2020-04-23 00:00:00+08:00,15.567520109615453,15.567520109615453,15.277441917596981,15.519172668457031,2000,0.0,0.0
2020-04-24 00:00:00+08:00,15.325788497924805,15.567520171884924,15.27744197870615,15.325788497924805,15000,0.0,0.0
2020-04-27 00:00:00+08:00,15.567520140554988,15.567520140554988,15.37413406406956,15.422480583190918,7000,0.0,0.0
2020-04-28 00:00:00+08:00,15.470827102661133,15.470827102661133,15.37413406441624,15.470827102661133,4000,0.0,0.0
2020-04-29 00:00:00+08:00,15.760904373129506,15.760904373129506,15.422480583538686,15.470827102661133,10000,0.0,0.0
2020-04-30 00:00:00+08:00,15.470827133447614,15.615865768970423,15.325788497924805,15.325788497924805,22000,0.0,0.0
2020-05-04 00:00:00+08:00,15.422480583190918,15.422480583190918,15.035710274486371,15.422480583190918,4000,0.0,0.0
2020-05-05 00:00:00+08:00,15.519172699650426,15.519172699650426,15.229095429182053,15.470827102661133,12000,0.0,0.0
2020-05-06 00:00:00+08:00,15.519172668457031,15.519172668457031,15.519172668457031,15.519172668457031,8000,0.0,0.0
2020-05-07 00:00:00+08:00,15.277441947960002,15.470827102312274,15.277441947960002,15.422480583190918,9000,0.0,0.0
2020-05-08 00:00:00+08:00,15.519172699300476,15.519172699300476,15.277441947960002,15.422480583190918,8000,0.0,0.0
2020-05-11 00:00:00+08:00,15.470827133447614,15.470827133447614,15.229095459487494,15.325788497924805,13000,0.0,0.0
2020-05-12 00:00:00+08:00,15.325788497924805,15.325788497924805,15.325788497924805,15.325788497924805,0,0.0,0.0
2020-05-13 00:00:00+08:00,15.180749895980597,15.180749895980597,15.035711251326806,15.132403373718262,7000,0.0,0.0
2020-05-14 00:00:00+08:00,15.229095458984375,15.42248061371945,15.229095458984375,15.229095458984375,14000,0.0,0.0
2020-05-15 00:00:00+08:00,15.374134095010303,15.374134095010303,15.035710304746031,15.325788497924805,10000,0.0,0.0
2020-05-18 00:00:00+08:00,15.325788497162915,15.325788497162915,15.18074893951416,15.18074893951416,10000,0.0,0.0
2020-05-19 00:00:00+08:00,15.37413409424601,15.422480613462263,15.13240242029791,15.18074893951416,11000,0.0,0.0
2020-05-20 00:00:00+08:00,15.37413406406956,15.519172699300476,15.180748909717288,15.422480583190918,22000,0.0,0.0
2020-05-21 00:00:00+08:00,15.519172699300476,15.519172699300476,15.37413406406956,15.422480583190918,8000,0.0,0.0
2020-05-22 00:00:00+08:00,15.470827101961222,15.470827101961222,15.229095428493077,15.374134063720703,14000,0.0,0.0
2020-05-25 00:00:00+08:00,15.47082713319287,15.47082713319287,14.987363785280593,15.27744197845459,44000,0.0,0.0
2020-05-26 00:00:00+08:00,15.37413409424601,15.37413409424601,15.18074893951416,15.18074893951416,4000,0.0,0.0
2020-05-27 00:00:00+08:00,15.325788497162915,15.325788497162915,14.98736378478231,15.18074893951416,38000,0.0,0.0
2020-05-28 00:00:00+08:00,15.277442940505265,15.374135062896721,15.035711251326806,15.132403373718262,59000,0.0,0.0
2020-05-29 00:00:00+08:00,15.180748939767318,15.229095458984375,15.180748939767318,15.229095458984375,7000,0.0,0.0
2020-06-01 00:00:00+08:00,15.22909641824293,15.22909641824293,15.08405777358914,15.132403373718262,19000,0.0,0.0
2020-06-02 00:00:00+08:00,15.08405777358914,15.180749895980597,15.08405777358914,15.132403373718262,11000,0.0,0.0
2020-06-03 00:00:00+08:00,15.180748940018873,15.27744197845459,15.180748940018873,15.27744197845459,49000,0.0,0.0
2020-06-04 00:00:00+08:00,15.422481490354572,16.244368675229133,15.325789368557498,15.712559700012207,97000,0.0,0.0
2020-06-05 00:00:00+08:00,15.712558715331598,15.809251753202282,15.664213118529405,15.760904312133789,32000,0.0,0.0
2020-06-08 00:00:00+08:00,15.954290390014648,16.099329024706975,15.615865679555016,15.954290390014648,41000,0.0,0.0
2020-06-09 00:00:00+08:00,16.002636977496266,16.002636977496266,15.712559690153837,15.905945777893066,23000,0.0,0.0
2020-06-10 00:00:00+08:00,15.712559700012207,15.712559700012207,15.519173612151645,15.712559700012207,20000,0.0,0.0
2020-06-11 00:00:00+08:00,15.905944853340657,16.002636047323563,15.470827103352349,15.567520141601562,47000,0.0,0.0
2020-06-12 00:00:00+08:00,15.18074894026884,15.374134095010303,15.035710304746031,15.325788497924805,36000,0.0,0.0
2020-06-15 00:00:00+08:00,15.325788497924805,15.325788497924805,15.325788497924805,15.325788497924805,1000,0.0,0.0
2020-06-16 00:00:00+08:00,15.325788468111682,15.615865738593016,15.325788468111682,15.567520141601562,82000,0.0,0.0
2020-06-17 00:00:00+08:00,15.422480523852691,15.95429038787516,15.422480523852691,15.760904312133789,106000,0.0,0.0
2020-06-18 00:00:00+08:00,15.760905294869548,15.905945782852399,15.567521051336438,15.809252738952637,101000,0.0,0.0
2020-06-19 00:00:00+08:00,15.809252743942489,15.954291387704703,15.615866656081927,15.712559700012207,51000,0.0,0.0
2020-06-22 00:00:00+08:00,15.519173612151645,15.809252743942489,15.519173612151645,15.712559700012207,16000,0.0,0.0
2020-06-23 00:00:00+08:00,15.80925181578906,15.90594485404254,15.664213180541992,15.664213180541992,75000,0.0,0.0
2020-06-24 00:00:00+08:00,15.905944792145974,15.905944792145974,15.664213119586103,15.857597351074219,128000,0.0,0.0
2020-06-29 00:00:00+08:00,15.905944764824348,16.196022033691406,15.905944764824348,16.196022033691406,218000,0.0,0.0
2020-06-30 00:00:00+08:00,16.38940811035025,16.96956264812814,16.099328997195006,16.292715072631836,142000,0.0,0.0
2020-07-01 00:00:00+08:00,16.53444674479472,16.727830975965254,16.292715072631836,16.292715072631836,72000,0.0,0.0
2020-07-02 00:00:00+08:00,16.486099300025565,16.486099300025565,15.954290359095564,16.002635955810547,55000,0.0,0.0
2020-07-03 00:00:00+08:00,16.244367627918056,16.292715068899334,15.809251724684318,16.002635955810547,32000,0.0,0.0
2020-07-06 00:00:00+08:00,16.099329022548037,16.099329022548037,15.519172639590227,15.760904312133789,114000,0.0,0.0
2020-07-07 00:00:00+08:00,15.615866661071777,15.760905304880335,15.519173617110598,15.615866661071777,71000,0.0,0.0
2020-07-08 00:00:00+08:00,15.615866651153112,15.954291382669073,15.615866651153112,15.809252738952637,126000,0.0,0.0
2020-07-09 00:00:00+08:00,15.954291382669073,16.147677470468597,15.712559695052875,15.809252738952637,81000,0.0,0.0
2020-07-10 00:00:00+08:00,15.664213119586103,15.857597351074219,15.615865678514348,15.857597351074219,32000,0.0,0.0
2020-07-13 00:00:00+08:00,15.905944766024476,16.292715072631836,15.905944766024476,16.292715072631836,92000,0.0,0.0
2020-07-14 00:00:00+08:00,16.050985253341764,16.437755604596617,16.050985253341764,16.244369506835938,46000,0.0,0.0
2020-07-15 00:00:00+08:00,16.389408028047995,17.83979805374193,16.389408028047995,17.01791000366211,300000,0.0,0.0
2020-07-16 00:00:00+08:00,17.06625559668117,17.06625559668117,16.631139695621087,16.82452392578125,86000,0.0,0.0
2020-07-17 00:00:00+08:00,17.06625559668117,17.114603037420927,16.53444665840786,16.82452392578125,14000,0.0,0.0
2020-07-20 00:00:00+08:00,16.67948535050319,16.67948535050319,16.147676410367577,16.534446716308594,40000,0.0,0.0
2020-07-21 00:00:00+08:00,16.486099243164062,16.486099243164062,16.29271501270483,16.486099243164062,19000,0.0,0.0
2020-07-22 00:00:00+08:00,16.486101186965243,16.486101186965243,16.29271693370495,16.437755584716797,30000,0.0,0.0
2020-07-23 00:00:00+08:00,16.38940805006759,16.486099243164062,16.2443675718903,16.486099243164062,17000,0.0,0.0
2020-07-24 00:00:00+08:00,16.29271507384664,16.43775370830193,16.147676439391354,16.389408111572266,16000,0.0,0.0
2020-07-27 00:00:00+08:00,16.582792342757216,16.631139783753177,16.147676439391354,16.389408111572266,60000,0.0,0.0
2020-07-28 00:00:00+08:00,16.196022063656955,16.196022063656955,16.050983428955078,16.050983428955078,15000,0.0,0.0
2020-07-29 00:00:00+08:00,15.857599155581083,16.486101206903534,15.857599155581083,16.244369506835938,9000,0.0,0.0
2020-07-30 00:00:00+08:00,16.24436763163948,16.292715072631836,16.099328997195006,16.292715072631836,7000,0.0,0.0
2020-07-31 00:00:00+08:00,16.727830947145954,16.727830947145954,16.534446716308594,16.534446716308594,6000,0.0,0.0
2020-08-03 00:00:00+08:00,16.727830947145954,16.727830947145954,16.002635931906685,16.534446716308594,8000,0.0,0.0
2020-08-04 00:00:00+08:00,16.824524013683668,16.824524013683668,15.954290362750534,16.292715072631836,37000,0.0,0.0
2020-08-05 00:00:00+08:00,16.486099243164062,16.486099243164062,16.486099243164062,16.486099243164062,1000,0.0,0.0
2020-08-06 00:00:00+08:00,16.631139721341352,16.67948531788959,16.43775364661583,16.486099243164062,36000,0.0,0.0
2020-08-07 00:00:00+08:00,16.631139755249023,16.72783094854263,16.631139755249023,16.631139755249023,4000,0.0,0.0
2020-08-10 00:00:00+08:00,16.196022008362615,16.679485351895828,16.196022008362615,16.631139755249023,6000,0.0,0.0
2020-08-11 00:00:00+08:00,16.631139755249023,16.72783094854263,16.43775368012922,16.631139755249023,7000,0.0,0.0
2020-08-12 00:00:00+08:00,16.679487284492044,16.72783288674049,16.437755584716797,16.437755584716797,7000,0.0,0.0
2020-08-13 00:00:00+08:00,16.2443675718903,16.53444668397859,16.196021975342063,16.486099243164062,33000,0.0,0.0
2020-08-14 00:00:00+08:00,16.534446687106485,16.679485321044922,16.43775364972543,16.679485321044922,15000,0.0,0.0
2020-08-17 00:00:00+08:00,16.77617835998535,16.77617835998535,16.77617835998535,16.77617835998535,1000,0.0,0.0
2020-08-18 00:00:00+08:00,16.292715014254895,16.679485319476456,16.24436757343577,16.582792282104492,11000,0.0,0.0
2020-08-19 00:00:00+08:00,16.776178327575586,16.776178327575586,16.34106058229414,16.72783088684082,17000,0.0,0.0
2020-08-20 00:00:00+08:00,16.82452593550389,16.82452593550389,15.857599136402902,16.437755584716797,34000,0.0,0.0
2020-08-21 00:00:00+08:00,16.582792314335926,16.631139755249023,16.582792314335926,16.631139755249023,2000,0.0,0.0
2020-08-24 00:00:00+08:00,16.77617835998535,16.77617835998535,16.77617835998535,16.77617835998535,1000,0.0,0.0
2020-08-25 00:00:00+08:00,16.631139755249023,16.631139755249023,16.631139755249023,16.631139755249023,1000,0.0,0.0
2020-08-26 00:00:00+08:00,16.582792253169103,16.72783088684082,16.534446656700624,16.72783088684082,10000,0.0,0.0
2020-08-27 00:00:00+08:00,16.776178356848416,16.824523953401254,16.437753648179694,16.582792282104492,20000,0.0,0.0
2020-08-28 00:00:00+08:00,16.292715045922517,16.631139755249023,16.292715045922517,16.631139755249023,30000,0.0,0.0
2020-08-31 00:00:00+08:00,16.582792253169103,16.824523924044062,16.437753619497382,16.72783088684082,11000,0.0,0.0
2020-09-01 00:00:00+08:00,16.486099276776024,16.679485351895828,16.486099276776024,16.631139755249023,7000,0.0,0.0
2020-09-02 00:00:00+08:00,16.63113972448754,16.679485321044922,16.43775364972543,16.679485321044922,24000,0.0,0.0
2020-09-03 00:00:00+08:00,17.259641641662377,17.259641641662377,16.727830860030053,16.969562530517578,3000,0.0,0.0
2020-09-04 00:00:00+08:00,16.437753678756764,16.776178388055015,16.437753678756764,16.534446716308594,18000,0.0,0.0
2020-09-07 00:00:00+08:00,16.486099243164062,16.486099243164062,16.29271501270483,16.486099243164062,29000,0.0,0.0
2020-09-08 00:00:00+08:00,16.29271504456217,16.58279231295136,15.954290335263918,16.534446716308594,59000,0.0,0.0
2020-09-09 00:00:00+08:00,16.534446688643392,16.77617835998535,16.486099247815222,16.77617835998535,24000,0.0,0.0
2020-09-10 00:00:00+08:00,16.82452392578125,16.82452392578125,16.82452392578125,16.82452392578125,1000,0.0,0.0
2020-09-11 00:00:00+08:00,16.82452392578125,16.82452392578125,16.82452392578125,16.82452392578125,0,0.0,0.0
2020-09-14 00:00:00+08:00,16.244369336349322,17.06625747680664,16.244369336349322,17.06625747680664,91000,0.0,0.0
2020-09-15 00:00:00+08:00,17.307987272821254,17.307987272821254,16.67948529714443,17.11460304260254,40000,0.0,0.0
2020-09-16 00:00:00+08:00,16.72783081482847,18.274913870621376,16.72783081482847,17.743104934692383,143000,0.0,0.0
2020-09-17 00:00:00+08:00,17.79145061299236,17.936489246708497,16.679485295480266,17.01791000366211,188000,0.0,0.0
2020-09-18 00:00:00+08:00,17.211294174194336,17.30798721109198,16.824523870870046,17.211294174194336,98000,0.0,0.0
2020-09-21 00:00:00+08:00,16.921216992364414,16.921216992364414,16.534446687106485,16.679485321044922,45000,0.0,0.0
2020-09-22 00:00:00+08:00,16.67948535050319,16.67948535050319,16.389408082114,16.534446716308594,18000,0.0,0.0
2020-09-23 00:00:00+08:00,16.679485290372345,16.72783088684082,16.534446656700624,16.72783088684082,12000,0.0,0.0
2020-09-24 00:00:00+08:00,17.2596417042552,17.307987300821516,16.87287139892578,16.87287139892578,15000,0.0,0.0
2020-09-25 00:00:00+08:00,17.066255594919024,17.50137334020047,16.631139693903865,16.72783088684082,40000,0.0,0.0
2020-09-28 00:00:00+08:00,17.501373347306256,17.501373347306256,16.82452393087504,17.11460304260254,11000,0.0,0.0
2020-09-29 00:00:00+08:00,17.114604922872655,17.211296126471698,17.06625747680664,17.06625747680664,3000,0.0,0.0
2020-09-30 00:00:00+08:00,17.06625747680664,17.06625747680664,17.06625747680664,17.06625747680664,0,0.0,0.0
2020-10-05 00:00:00+08:00,17.501373345560086,17.501373345560086,16.679485295480266,17.01791000366211,20000,0.0,0.0
2020-10-06 00:00:00+08:00,17.066255601848145,17.11460304260254,16.727830893632536,17.11460304260254,21000,0.0,0.0
2020-10-07 00:00:00+08:00,17.307987300821516,17.307987300821516,16.631139727561607,16.87287139892578,16000,0.0,0.0
2020-10-08 00:00:00+08:00,17.162948604614108,17.162948604614108,16.727830860030053,16.969562530517578,7000,0.0,0.0
2020-10-12 00:00:00+08:00,16.921218809641374,17.2596435546875,16.921218809641374,17.2596435546875,5000,0.0,0.0
2020-10-13 00:00:00+08:00,16.824523956547228,17.114603068717354,16.77617835998535,16.77617835998535,18000,0.0,0.0
2020-10-14 00:00:00+08:00,17.162950524672176,17.162950524672176,17.01791187500712,17.06625747680664,27000,0.0,0.0
2020-10-15 00:00:00+08:00,17.017910032891027,17.162948666856273,16.87287139892578,16.87287139892578,6000,0.0,0.0
2020-10-16 00:00:00+08:00,16.872871337735596,17.162948604614108,16.727830860030053,16.969562530517578,8000,0.0,0.0
2020-10-19 00:00:00+08:00,16.727830920694245,16.87287139892578,16.679485324127924,16.87287139892578,19000,0.0,0.0
2020-10-20 00:00:00+08:00,16.87287139892578,16.87287139892578,16.87287139892578,16.87287139892578,1000,0.0,0.0
2020-10-21 00:00:00+08:00,16.87287139892578,16.87287139892578,16.87287139892578,16.87287139892578,0,0.0,0.0
2020-10-22 00:00:00+08:00,16.77617835998535,17.16294866527923,16.67948532259531,16.77617835998535,15000,0.0,0.0
2020-10-23 00:00:00+08:00,16.824523927498586,16.969562561200085,16.534446660095586,16.92121696472168,16000,0.0,0.0
2020-10-26 00:00:00+08:00,16.727832731410512,17.162950524672176,16.679487129610987,17.06625747680664,123000,0.0,0.0
2020-10-27 00:00:00+08:00,16.872871371629433,17.11460304260254,16.48609922265943,17.11460304260254,449000,0.0,0.0
2020-10-28 00:00:00+08:00,16.77617833438693,17.11460304260254,16.727830893632536,17.11460304260254,38000,0.0,0.0
2020-10-29 00:00:00+08:00,17.01791002974547,17.01791002974547,16.679485321044922,16.679485321044922,63000,0.0,0.0
2020-10-30 00:00:00+08:00,16.872871368243278,17.307987269347777,16.824523927498586,16.92121696472168,62000,0.0,0.0
2020-11-02 00:00:00+08:00,16.921216968117538,17.11460304260254,16.921216968117538,17.11460304260254,3000,0.0,0.0
2020-11-03 00:00:00+08:00,17.21129426342259,17.21129426342259,16.631139727561607,16.87287139892578,13000,0.0,0.0
2020-11-04 00:00:00+08:00,17.017910001944777,17.06625559842318,16.92121696472168,16.92121696472168,5000,0.0,0.0
2020-11-05 00:00:00+08:00,17.017909971174852,17.11460300822312,16.969562530517578,16.969562530517578,3000,0.0,0.0
2020-11-06 00:00:00+08:00,17.01791000366211,17.01791000366211,16.921216966429256,17.01791000366211,9000,0.0,0.0
2020-11-09 00:00:00+08:00,17.017909946673882,17.356334653722435,16.534446606394887,17.307987213134766,117000,0.0,0.0
2020-11-10 00:00:00+08:00,17.404680221628638,17.453025817871094,17.307987184877444,17.453025817871094,26000,0.0,0.0
2020-11-11 00:00:00+08:00,17.501373288995538,17.501373288995538,17.307987215154856,17.404680252075195,34000,0.0,0.0
2020-11-12 00:00:00+08:00,17.549718858976767,17.646411895751953,17.066255519367125,17.646411895751953,111000,0.0,0.0
2020-11-13 00:00:00+08:00,17.646411895751953,17.646411895751953,17.501373262722318,17.646411895751953,48000,0.0,0.0
2020-11-16 00:00:00+08:00,18.323261176388804,19.38687904042437,17.743104804199962,18.661684036254883,340000,0.0,0.0
2020-11-17 00:00:00+08:00,18.661684091603856,18.806724568280945,18.081529561960593,18.371606826782227,41000,0.0,0.0
2020-11-18 00:00:00+08:00,18.32326122814943,18.468299860539787,18.274913787841797,18.274913787841797,12000,0.0,0.0
2020-11-19 00:00:00+08:00,18.371606796609345,18.419952392578125,18.129875128232907,18.419952392578125,22000,0.0,0.0
2020-11-20 00:00:00+08:00,18.758377097158395,18.758377097158395,18.129875128232907,18.419952392578125,28000,0.0,0.0
2020-11-23 00:00:00+08:00,18.6133385794895,18.6133385794895,17.791450533100345,17.839797973632812,54000,0.0,0.0
2020-11-24 00:00:00+08:00,18.081529561960593,19.58026517064948,18.033182121646142,18.371606826782227,318000,0.0,0.0
2020-11-25 00:00:00+08:00,18.37160675718357,19.24184039261796,18.37160675718357,19.19349479675293,83000,0.0,0.0
2020-11-26 00:00:00+08:00,19.193494824084492,19.48357208822027,18.85507011974857,19.0484561920166,55000,0.0,0.0
2020-11-27 00:00:00+08:00,19.290187649065885,20.933961868286133,18.758376878283194,20.933961868286133,227000,0.0,0.0
2020-11-30 00:00:00+08:00,21.417427226150014,21.755851958806964,20.49884791667135,20.74057960510254,132000,0.0,0.0
2020-12-01 00:00:00+08:00,19.967037052973993,20.982311248779297,19.967037052973993,20.982311248779297,37000,0.0,0.0
2020-12-02 00:00:00+08:00,20.547191601378977,20.885616302490234,20.49884600590576,20.885616302490234,16000,0.0,0.0
2020-12-03 00:00:00+08:00,21.272388462996606,21.272388462996606,20.692232045152508,21.175695419311523,38000,0.0,0.0
2020-12-04 00:00:00+08:00,20.83726886275077,21.12734796838881,20.788923267277553,20.885616302490234,22000,0.0,0.0
2020-12-07 00:00:00+08:00,20.402153107424418,20.83726900239817,19.14514732976786,19.338533401489258,60000,0.0,0.0
2020-12-08 00:00:00+08:00,19.338535165424755,20.208768879015583,19.338535165424755,20.160423278808594,22000,0.0,0.0
2020-12-09 00:00:00+08:00,19.38688082201845,19.91869164717426,19.38688082201845,19.725305557250977,21000,0.0,0.0
2020-12-10 00:00:00+08:00,19.19349474957934,19.676958084106445,19.19349474957934,19.676958084106445,4000,0.0,0.0
2020-12-11 00:00:00+08:00,19.628610640904366,19.628610640904366,19.000108674974513,19.580265045166016,17000,0.0,0.0
2020-12-14 00:00:00+08:00,19.580265045166016,19.580265045166016,19.580265045166016,19.580265045166016,0,0.0,0.0
2020-12-15 00:00:00+08:00,18.71003141201189,19.580265045166016,18.71003141201189,19.580265045166016,2000,0.0,0.0
2020-12-16 00:00:00+08:00,19.82199669540344,20.06372836242055,19.82199669540344,20.015382766723633,47000,0.0,0.0
2020-12-17 00:00:00+08:00,20.257114403551522,20.257114403551522,19.386878928173815,20.06372833251953,12000,0.0,0.0
2020-12-18 00:00:00+08:00,20.06372833251953,20.06372833251953,20.06372833251953,20.06372833251953,3000,0.0,0.0
2020-12-21 00:00:00+08:00,20.40215310086055,20.40215310086055,18.903415656167553,19.1451473236084,41000,0.0,0.0
2020-12-22 00:00:00+08:00,19.048457936895602,19.628612518310547,19.048457936895602,19.628612518310547,7000,0.0,0.0
2020-12-23 00:00:00+08:00,19.628612518310547,19.628612518310547,19.628612518310547,19.628612518310547,0,0.0,0.0
2020-12-24 00:00:00+08:00,19.0968017578125,19.0968017578125,19.048456161954924,19.0968017578125,6000,0.0,0.0
2020-12-25 00:00:00+08:00,19.43522646757685,19.43522646757685,18.951763131787704,19.29018783569336,18000,0.0,0.0
2020-12-28 00:00:00+08:00,19.04845618919587,19.096801785122583,18.855070116956476,18.951763153076172,22000,0.0,0.0
2020-12-29 00:00:00+08:00,18.951763125973507,19.0968017578125,18.51664538619026,19.0968017578125,13000,0.0,0.0
2020-12-30 00:00:00+08:00,19.096803611132806,19.43522834777832,19.096803611132806,19.43522834777832,18000,0.0,0.0
2020-12-31 00:00:00+08:00,19.09680173397064,19.338533401489258,19.09680173397064,19.338533401489258,7000,0.0,0.0
2021-01-04 00:00:00+08:00,19.338533428614284,19.338533428614284,19.00010872476028,19.19349479675293,45000,0.0,0.0
2021-01-05 00:00:00+08:00,19.290187785338013,19.676958084106445,19.145147309566873,19.676958084106445,157000,0.0,0.0
2021-01-06 00:00:00+08:00,19.338533398394052,19.483572030028753,18.758377027588978,19.241840362548828,33000,0.0,0.0
2021-01-07 00:00:00+08:00,19.096801730914127,19.338533398394052,19.000108695068903,19.241840362548828,46000,0.0,0.0
2021-01-08 00:00:00+08:00,18.95176309927942,19.241840362548828,18.95176309927942,19.241840362548828,4000,0.0,0.0
2021-01-11 00:00:00+08:00,18.758377075195312,18.758377075195312,18.758377075195312,18.758377075195312,1000,0.0,0.0
2021-01-12 00:00:00+08:00,18.806726379141143,19.24184231826999,18.806726379141143,19.000110626220703,21000,0.0,0.0
2021-01-13 00:00:00+08:00,19.1451473810493,19.1451473810493,18.855070116956476,18.951763153076172,10000,0.0,0.0
2021-01-14 00:00:00+08:00,18.85507198655978,18.903417587280273,18.85507198655978,18.903417587280273,3000,0.0,0.0
2021-01-15 00:00:00+08:00,18.758379024885294,18.758379024885294,18.564994776870545,18.613340377807617,11000,0.0,0.0
2021-01-18 00:00:00+08:00,18.419952321285862,19.1451473236084,18.419952321285862,19.1451473236084,16000,0.0,0.0
2021-01-19 00:00:00+08:00,18.951765102655095,19.14514935052177,18.806726455688477,18.806726455688477,7000,0.0,0.0
2021-01-20 00:00:00+08:00,18.71003153711418,18.855070169565273,18.564992904663086,18.564992904663086,8000,0.0,0.0
2021-01-21 00:00:00+08:00,18.564992930158887,19.000108828109724,18.323261260986328,18.323261260986328,8000,0.0,0.0
2021-01-22 00:00:00+08:00,18.323261233291596,18.468299865722656,18.323261233291596,18.468299865722656,3000,0.0,0.0
2021-01-25 00:00:00+08:00,18.274913787841797,18.51664545658115,17.646411817972734,18.274913787841797,12000,0.0,0.0
2021-01-26 00:00:00+08:00,18.12987712595416,18.468301867825264,18.081531524658203,18.081531524658203,3000,0.0,0.0
2021-01-27 00:00:00+08:00,18.081531524658203,18.081531524658203,18.081531524658203,18.081531524658203,0,0.0,0.0
2021-01-28 00:00:00+08:00,17.694757438606345,18.03318214416504,17.694757438606345,18.03318214416504,8000,0.0,0.0
2021-01-29 00:00:00+08:00,17.79145239191587,18.033184087035014,17.646413743697675,17.984838485717773,8000,0.0,0.0
2021-02-01 00:00:00+08:00,17.549718856811523,17.549718856811523,17.549718856811523,17.549718856811523,1000,0.0,0.0
2021-02-02 00:00:00+08:00,17.839797895677215,18.468299865722656,17.839797895677215,18.468299865722656,2000,0.0,0.0
2021-02-03 00:00:00+08:00,18.468299865722656,18.468299865722656,18.468299865722656,18.468299865722656,0,0.0,0.0
2021-02-04 00:00:00+08:00,18.468299865722656,18.468299865722656,18.468299865722656,18.468299865722656,0,0.0,0.0
2021-02-05 00:00:00+08:00,18.468299865722656,18.468299865722656,18.468299865722656,18.468299865722656,0,0.0,0.0
2021-02-17 00:00:00+08:00,18.323261233291596,18.903415763015836,17.984836528108275,18.468299865722656,26000,0.0,0.0
2021-02-18 00:00:00+08:00,18.129875158008776,18.371606826782227,18.129875158008776,18.371606826782227,6000,0.0,0.0
2021-02-19 00:00:00+08:00,18.178220779220574,18.178220779220574,17.791450477500913,18.12987518310547,18000,0.0,0.0
2021-02-22 00:00:00+08:00,18.12987518310547,18.12987518310547,17.9364891101125,18.12987518310547,53000,0.0,0.0
2021-02-23 00:00:00+08:00,18.12987518553645,18.2265682220459,18.033182149027,18.2265682220459,14000,0.0,0.0
2021-02-24 00:00:00+08:00,18.178220784069776,18.323261260986328,18.129875187941774,18.323261260986328,16000,0.0,0.0
2021-02-25 00:00:00+08:00,18.32326122814943,18.806724565628137,18.12987515545144,18.274913787841797,13000,0.0,0.0
2021-02-26 00:00:00+08:00,18.274913787841797,18.274913787841797,18.274913787841797,18.274913787841797,0,0.0,0.0
2021-03-02 00:00:00+08:00,18.274913795494626,18.855070169565273,18.226568199433018,18.564992904663086,22000,0.0,0.0
2021-03-03 00:00:00+08:00,18.37160679932451,18.516645431518555,18.27491376310639,18.516645431518555,7000,0.0,0.0
2021-03-04 00:00:00+08:00,18.516645431518555,18.516645431518555,18.516645431518555,18.516645431518555,0,0.0,0.0
2021-03-05 00:00:00+08:00,18.274913760405514,18.419952392578125,18.226568164436735,18.419952392578125,17000,0.0,0.0
2021-03-08 00:00:00+08:00,18.419952392578125,18.419952392578125,18.419952392578125,18.419952392578125,0,0.0,0.0
2021-03-09 00:00:00+08:00,17.936490962181427,18.17822265625,17.936490962181427,18.17822265625,4000,0.0,0.0
2021-03-10 00:00:00+08:00,18.12987705514287,18.17822265625,18.12987705514287,18.17822265625,5000,0.0,0.0
2021-03-11 00:00:00+08:00,18.178220781658037,18.855070192957907,18.081529589414863,18.2265682220459,33000,0.0,0.0
2021-03-12 00:00:00+08:00,17.98483655049388,18.12987518310547,17.98483655049388,18.12987518310547,8000,0.0,0.0
2021-03-15 00:00:00+08:00,18.419952395300434,18.613338467736675,18.37160679932451,18.516645431518555,59000,0.0,0.0
2021-03-16 00:00:00+08:00,18.22656819437141,18.71003153191831,18.22656819437141,18.371606826782227,22000,0.0,0.0
2021-03-17 00:00:00+08:00,18.419952425401455,18.516645461777586,18.371606829346526,18.468299865722656,16000,0.0,0.0
2021-03-18 00:00:00+08:00,18.46829986314486,18.46829986314486,18.22656819437141,18.371606826782227,27000,0.0,0.0
2021-03-19 00:00:00+08:00,18.37160685711433,18.37160685711433,18.22656822446405,18.323261260986328,11000,0.0,0.0
2021-03-22 00:00:00+08:00,18.661684091603856,18.661684091603856,18.081529561960593,18.371606826782227,7000,0.0,0.0
2021-03-23 00:00:00+08:00,18.46829989363661,18.46829989363661,18.129875187941774,18.323261260986328,14000,0.0,0.0
2021-03-24 00:00:00+08:00,18.371606826782227,18.371606826782227,18.371606826782227,18.371606826782227,1000,0.0,0.0
2021-03-25 00:00:00+08:00,18.17822265625,18.468301795692163,18.03318400866215,18.17822265625,5000,0.0,0.0
2021-03-26 00:00:00+08:00,18.27491381324035,18.27491381324035,17.888143511573105,18.03318214416504,3000,0.0,0.0
2021-03-29 00:00:00+08:00,17.888145454824393,17.888145454824393,17.69475936084943,17.791452407836914,15000,0.0,0.0
2021-03-30 00:00:00+08:00,18.17822265625,18.17822265625,18.17822265625,18.17822265625,1000,0.0,0.0
2021-03-31 00:00:00+08:00,17.93648913093657,18.661684139102736,17.598066269205383,17.69475746154785,21000,0.0,0.0
2021-04-01 00:00:00+08:00,17.839799697215703,18.613340377807617,17.839799697215703,18.613340377807617,44000,0.0,0.0
2021-04-07 00:00:00+08:00,18.419952392578125,18.419952392578125,18.419952392578125,18.419952392578125,0,0.0,0.0
2021-04-08 00:00:00+08:00,20.20876693725586,20.20876693725586,20.1120739018662,20.20876693725586,342000,0.0,0.0
2021-04-09 00:00:00+08:00,22.190969467163086,22.190969467163086,22.190969467163086,22.190969467163086,55000,0.0,0.0
2021-04-12 00:00:00+08:00,24.366554260253906,24.366554260253906,23.302934491606898,24.366554260253906,567000,0.0,0.0
2021-04-13 00:00:00+08:00,25.09174947246567,25.236788113639903,23.302934646606445,23.302934646606445,193000,0.0,0.0
2021-04-14 00:00:00+08:00,24.511593373633293,24.511593373633293,21.4657744933719,21.70750617980957,114000,0.0,0.0
2021-04-15 00:00:00+08:00,22.287660364583125,23.83474349975586,21.949237484863843,23.83474349975586,211000,0.0,0.0
2021-04-16 00:00:00+08:00,24.31820686423069,26.203714723389076,23.83474349975586,23.83474349975586,267000,0.0,0.0
2021-04-19 00:00:00+08:00,23.834743706700653,24.704977401457864,22.33600800152248,22.52939224243164,89000,0.0,0.0
2021-04-20 00:00:00+08:00,22.529392438284532,22.529392438284532,21.4657744933719,21.70750617980957,64000,0.0,0.0
2021-04-21 00:00:00+08:00,21.755851754358805,22.094276483835444,21.27238838203972,21.56246566772461,36000,0.0,0.0
2021-04-22 00:00:00+08:00,22.287658712043484,22.287658712043484,21.562463719101512,22.045927047729492,42000,0.0,0.0
2021-04-23 00:00:00+08:00,22.045928997089927,22.09427644078748,21.417426983152954,21.804197311401367,15000,0.0,0.0
2021-04-26 00:00:00+08:00,21.659156770525097,23.06120116234314,21.32073207136906,22.43269920349121,36000,0.0,0.0
2021-04-27 00:00:00+08:00,23.351280338028158,23.351280338028158,22.52939224243164,22.52939224243164,29000,0.0,0.0
2021-04-28 00:00:00+08:00,21.997581465459692,22.33600616455078,21.949235870275068,22.33600616455078,21000,0.0,0.0
2021-04-29 00:00:00+08:00,22.287658704588043,22.57773780822754,21.61081115129502,22.57773780822754,21000,0.0,0.0
2021-05-03 00:00:00+08:00,22.67443276981158,22.67443276981158,21.804197229200405,22.287660598754883,13000,0.0,0.0
2021-05-04 00:00:00+08:00,21.659158788639616,21.70750623260458,21.272388458251953,21.272388458251953,49000,0.0,0.0
2021-05-05 00:00:00+08:00,21.562465613450424,22.57773979932483,21.562465613450424,22.094276428222656,14000,0.0,0.0
2021-05-06 00:00:00+08:00,22.094274563826264,22.094274563826264,21.417425163691707,21.610811233520508,9000,0.0,0.0
2021-05-07 00:00:00+08:00,21.610813069410362,21.804197311401367,21.610813069410362,21.804197311401367,5000,0.0,0.0
2021-05-10 00:00:00+08:00,21.804195437654457,22.23931317220851,21.804195437654457,21.852542877197266,11000,0.0,0.0
2021-05-11 00:00:00+08:00,21.852545008627498,21.852545008627498,20.64388656616211,20.64388656616211,22000,0.0,0.0
2021-05-12 00:00:00+08:00,20.69223225228793,20.69223225228793,18.903417381139725,20.257116317749023,25000,0.0,0.0
2021-05-13 00:00:00+08:00,20.257116388620798,20.257116388620798,18.758378801921697,19.628612518310547,14000,0.0,0.0
2021-05-14 00:00:00+08:00,20.01538476912004,20.01538476912004,19.483573941918753,19.53192138671875,18000,0.0,0.0
2021-05-17 00:00:00+08:00,17.646411728858947,19.338533401489258,17.598066133061728,19.338533401489258,52000,0.0,0.0
2021-05-18 00:00:00+08:00,19.4352283413852,19.5802669872523,19.4352283413852,19.53192138671875,16000,0.0,0.0
2021-05-19 00:00:00+08:00,19.53192138671875,19.53192138671875,19.53192138671875,19.53192138671875,0,0.0,0.0
2021-05-20 00:00:00+08:00,19.33853332588338,19.870342254638672,19.00010862382717,19.870342254638672,18000,0.0,0.0
2021-05-21 00:00:00+08:00,19.386878970498493,19.483572006225586,19.386878970498493,19.483572006225586,20000,0.0,0.0
2021-05-24 00:00:00+08:00,19.531919374612414,20.11207389831543,19.531919374612414,20.11207389831543,7000,0.0,0.0
2021-05-25 00:00:00+08:00,20.160421421877544,20.54719172070821,19.773651123046875,19.773651123046875,19000,0.0,0.0
2021-05-26 00:00:00+08:00,19.53192131159413,19.725305557250977,19.48357386698009,19.725305557250977,3000,0.0,0.0
2021-05-27 00:00:00+08:00,20.112075834335172,20.160423278808594,20.112075834335172,20.160423278808594,4000,0.0,0.0
2021-05-28 00:00:00+08:00,20.257116185032544,22.14262224421425,20.257116185032544,20.982311248779297,31000,0.0,0.0
2021-05-31 00:00:00+08:00,20.98230933394049,21.030654929405035,20.547191597694574,20.788923263549805,13000,0.0,0.0
2021-06-01 00:00:00+08:00,20.20876879966264,20.595539132599132,20.20876879966264,20.45050048828125,8000,0.0,0.0
2021-06-02 00:00:00+08:00,21.272388592888326,21.272388592888326,20.402154882941634,20.54719352722168,12000,0.0,0.0
2021-06-03 00:00:00+08:00,20.160421345219568,20.30545997619629,19.967035274406435,20.30545997619629,9000,0.0,0.0
2021-06-04 00:00:00+08:00,19.82199666246311,20.25711440007734,19.773651066846533,19.9670352935791,16000,0.0,0.0
2021-06-07 00:00:00+08:00,19.96703527091484,20.257114377083816,19.96703527091484,20.20876693725586,9000,0.0,0.0
2021-06-08 00:00:00+08:00,20.20876693725586,20.20876693725586,20.20876693725586,20.20876693725586,0,0.0,0.0
2021-06-09 00:00:00+08:00,19.870342254638672,20.112073921212215,19.870342254638672,19.870342254638672,5000,0.0,0.0
2021-06-10 00:00:00+08:00,19.290187788441976,19.870342314554847,19.290187788441976,19.773651123046875,9000,0.0,0.0
2021-06-11 00:00:00+08:00,20.450500621851504,20.450500621851504,19.821998596191406,19.821998596191406,7000,0.0,0.0
2021-06-15 00:00:00+08:00,19.193496440163887,20.837270815781768,19.193496440163887,20.54719352722168,12000,0.0,0.0
2021-06-16 00:00:00+08:00,20.54719352722168,20.54719352722168,20.54719352722168,20.54719352722168,0,0.0,0.0
2021-06-17 00:00:00+08:00,19.87034382209295,21.900890350341797,19.72530517956083,21.900890350341797,117000,0.0,0.0
2021-06-18 00:00:00+08:00,21.659158656524138,23.883091270153983,21.07900224234825,22.094276428222656,54000,0.0,0.0
2021-06-21 00:00:00+08:00,22.045928746407537,23.641359329223633,21.41742673961721,23.641359329223633,34000,0.0,0.0
2021-06-22 00:00:00+08:00,23.206239601063047,24.753322609987162,23.206239601063047,24.318204879760742,30000,0.0,0.0
2021-06-23 00:00:00+08:00,23.496319018627386,24.26986151634225,22.384353637695312,22.384353637695312,24000,0.0,0.0
2021-06-24 00:00:00+08:00,23.496318975989,23.496318975989,22.62608528137207,22.62608528137207,5000,0.0,0.0
2021-06-25 00:00:00+08:00,22.67443263867385,23.302934646606445,22.67443263867385,23.302934646606445,20000,0.0,0.0
2021-06-28 00:00:00+08:00,23.302932695500946,23.6897029876709,23.302932695500946,23.6897029876709,6000,0.0,0.0
2021-06-29 00:00:00+08:00,23.6897029876709,24.07647327984085,23.6897029876709,23.6897029876709,16000,0.0,0.0
2021-06-30 00:00:00+08:00,23.689704981241466,23.689704981241466,22.819471289559342,23.012855529785156,17000,0.0,0.0
2021-07-01 00:00:00+08:00,23.59300994873047,23.834741611820466,23.20623965663972,23.59300994873047,19000,0.0,0.0
2021-07-02 00:00:00+08:00,24.028127679998956,24.124820714088198,23.59300994873047,23.59300994873047,11000,0.0,0.0
2021-07-05 00:00:00+08:00,23.883090907154482,24.656631551454346,23.883090907154482,23.979782104492188,46000,0.0,0.0
2021-07-06 00:00:00+08:00,24.6082859837242,24.656631582453834,24.02812957763672,24.02812957763672,23000,0.0,0.0
2021-07-07 00:00:00+08:00,23.399627692103117,23.399627692103117,23.206241607666016,23.206241607666016,8000,0.0,0.0
2021-07-08 00:00:00+08:00,22.48104656061542,23.39962769542239,22.48104656061542,23.109548568725586,5000,0.0,0.0
2021-07-09 00:00:00+08:00,23.109548568725586,23.109548568725586,23.109548568725586,23.109548568725586,1000,0.0,0.0
2021-07-12 00:00:00+08:00,22.72277643791417,22.72277643791417,22.529390368821172,22.57773780822754,6000,0.0,0.0
2021-07-13 00:00:00+08:00,22.57773968221917,22.62608528137207,22.57773968221917,22.62608528137207,3000,0.0,0.0
2021-07-14 00:00:00+08:00,22.62608528137207,22.62608528137207,22.62608528137207,22.62608528137207,0,0.0,0.0
2021-07-15 00:00:00+08:00,22.62608528137207,22.62608528137207,22.62608528137207,22.62608528137207,0,0.0,0.0
2021-07-16 00:00:00+08:00,22.674432724791362,22.72277832394426,22.529392238799883,22.62608528137207,11000,0.0,0.0
2021-07-19 00:00:00+08:00,22.62608528137207,22.62608528137207,22.62608528137207,22.62608528137207,0,0.0,0.0
2021-07-20 00:00:00+08:00,22.626085198621087,23.206241607666016,22.626085198621087,23.206241607666016,76000,0.0,0.0
2021-07-21 00:00:00+08:00,23.689704608768473,25.526865005493164,23.689704608768473,25.526865005493164,209000,0.0,0.0
2021-07-22 00:00:00+08:00,26.203714108182638,28.040874481201172,26.203714108182638,28.040874481201172,269000,0.0,0.0
2021-07-23 00:00:00+08:00,28.621030508130968,30.844961166381836,28.524337469888255,30.844961166381836,199000,0.0,0.0
2021-07-26 00:00:00+08:00,33.26227749254676,33.890777587890625,32.778814178344234,33.890777587890625,235000,0.0,0.0
2021-07-27 00:00:00+08:00,37.17833321722716,37.2750244140625,36.98494713502376,37.2750244140625,120000,0.0,0.0
2021-07-28 00:00:00+08:00,40.80430671600034,40.80430671600034,33.649047794156644,33.939125061035156,386000,0.0,0.0
2021-07-29 00:00:00+08:00,33.842434156098825,33.842434156098825,30.651576816230314,31.521808624267578,112000,0.0,0.0
2021-07-30 00:00:00+08:00,31.76354041902184,31.76354041902184,30.506536454665493,30.844961166381836,8000,0.0,0.0
2021-08-02 00:00:00+08:00,30.79661556869482,31.90858089779502,30.748268127441406,30.748268127441406,16000,0.0,0.0
2021-08-03 00:00:00+08:00,30.844962610029018,33.794090270996094,30.844962610029018,33.794090270996094,86000,0.0,0.0
2021-08-04 00:00:00+08:00,36.59817334192088,36.59817334192088,33.79408818462381,35.679595947265625,122000,0.0,0.0
2021-08-05 00:00:00+08:00,35.292823954990936,35.292823954990936,33.84243392944336,33.84243392944336,42000,0.0,0.0
2021-08-06 00:00:00+08:00,35.58290134633791,35.58290134633791,31.908580673192017,33.26227951049805,24000,0.0,0.0
2021-08-09 00:00:00+08:00,33.26227956251658,33.45566194940623,32.00527191653834,32.39204406738281,48000,0.0,0.0
2021-08-10 00:00:00+08:00,32.39204406738281,33.117239083816756,32.39204406738281,32.39204406738281,20000,0.0,0.0
2021-08-11 00:00:00+08:00,33.11724091399028,33.11724091399028,30.941655744458075,32.92385482788086,11000,0.0,0.0
2021-08-12 00:00:00+08:00,32.82715986766163,32.875505461516205,31.71519276634445,32.63377380371094,12000,0.0,0.0
2021-08-13 00:00:00+08:00,32.63377573703561,33.745742904229125,31.666849048530857,32.19865798950195,10000,0.0,0.0
2021-08-16 00:00:00+08:00,32.19866006293383,33.310627301732445,29.974729273869443,31.425119400024414,55000,0.0,0.0
2021-08-17 00:00:00+08:00,31.425119400024414,31.425119400024414,31.425119400024414,31.425119400024414,0,0.0,0.0
2021-08-18 00:00:00+08:00,34.519285436295874,34.519285436295874,31.425119123365626,32.73046875,25000,0.0,0.0
2021-08-19 00:00:00+08:00,32.73046875,32.73046875,32.73046875,32.73046875,0,0.0,0.0
2021-08-20 00:00:00+08:00,32.73047069383024,32.73047069383024,32.63377948927523,32.682125091552734,3000,0.0,0.0
2021-08-23 00:00:00+08:00,32.39204390389579,34.035820003889555,32.39204390389579,33.84243392944336,4000,0.0,0.0
2021-08-24 00:00:00+08:00,33.74574279785156,33.74574279785156,33.74574279785156,33.74574279785156,1000,0.0,0.0
2021-08-25 00:00:00+08:00,35.58290549059942,35.58290549059942,32.682125091552734,32.682125091552734,13000,0.0,0.0
2021-08-26 00:00:00+08:00,34.712671496577215,34.712671496577215,31.90858247070794,33.31062698364258,32000,0.0,0.0
2021-08-27 00:00:00+08:00,33.93912731805657,33.93912731805657,32.537086486816406,32.537086486816406,19000,0.0,0.0
2021-08-30 00:00:00+08:00,31.08669662475586,31.08669662475586,31.08669662475586,31.08669662475586,2000,0.0,0.0
2021-08-31 00:00:00+08:00,30.941656024639425,31.425119400024414,30.941656024639425,31.425119400024414,12000,0.0,0.0
2021-09-01 00:00:00+08:00,32.198660073222506,32.198660073222506,31.231733322143555,31.231733322143555,5000,0.0,0.0
2021-09-02 00:00:00+08:00,30.168113587895732,31.618503628770213,30.168113587895732,30.941654205322266,23000,0.0,0.0
2021-09-03 00:00:00+08:00,30.990001678466797,31.038347278382965,30.94165607855063,30.990001678466797,17000,0.0,0.0
2021-09-06 00:00:00+08:00,30.941654205322266,30.941654205322266,30.941654205322266,30.941654205322266,2000,0.0,0.0
2021-09-07 00:00:00+08:00,30.941654205322266,30.941654205322266,30.941654205322266,30.941654205322266,0,0.0,0.0
2021-09-08 00:00:00+08:00,29.974727630615234,29.974727630615234,29.974727630615234,29.974727630615234,1000,0.0,0.0
2021-09-09 00:00:00+08:00,28.330951565820303,29.781341615488913,28.04087429359311,29.49126434326172,10000,0.0,0.0
2021-09-10 00:00:00+08:00,28.621030807495117,29.491264472249206,28.524337768241036,28.621030807495117,18000,0.0,0.0
2021-09-13 00:00:00+08:00,29.442918909177504,29.442918909177504,28.1859130859375,28.1859130859375,6000,0.0,0.0
2021-09-14 00:00:00+08:00,28.13756752067927,28.13756752067927,28.040874481201172,28.040874481201172,11000,0.0,0.0
2021-09-15 00:00:00+08:00,28.71772381520556,28.71772381520556,28.572683334350586,28.572683334350586,3000,0.0,0.0
2021-09-16 00:00:00+08:00,28.28260612487793,28.28260612487793,28.28260612487793,28.28260612487793,1000,0.0,0.0
2021-09-17 00:00:00+08:00,28.330951690673828,28.330951690673828,28.330951690673828,28.330951690673828,1000,0.0,0.0
2021-09-22 00:00:00+08:00,27.847488403320312,28.23426056124764,27.847488403320312,27.847488403320312,7000,0.0,0.0
2021-09-23 00:00:00+08:00,27.895835876464844,27.895835876464844,27.895835876464844,27.895835876464844,2000,0.0,0.0
2021-09-24 00:00:00+08:00,27.895835876464844,27.895835876464844,27.895835876464844,27.895835876464844,0,0.0,0.0
2021-09-27 00:00:00+08:00,28.330951565715,29.39457130432129,28.330951565715,29.39457130432129,3000,0.0,0.0
2021-09-28 00:00:00+08:00,29.39457130443055,29.974727693151255,29.39457130443055,29.49126434326172,8000,0.0,0.0
2021-09-29 00:00:00+08:00,28.717723846435547,28.717723846435547,28.717723846435547,28.717723846435547,1000,0.0,0.0
2021-09-30 00:00:00+08:00,28.47599220275879,28.47599220275879,28.47599220275879,28.47599220275879,1000,0.0,0.0
2021-10-01 00:00:00+08:00,28.3309517224276,28.3309517224276,28.28260612487793,28.28260612487793,4000,0.0,0.0
2021-10-04 00:00:00+08:00,28.28260615668607,28.28260615668607,28.23426055908203,28.23426055908203,2000,0.0,0.0
2021-10-05 00:00:00+08:00,26.590484301249184,29.39457136780038,26.590484301249184,29.007801055908203,15000,0.0,0.0
2021-10-06 00:00:00+08:00,29.394571467807303,29.394571467807303,28.08922004699707,28.08922004699707,23000,0.0,0.0
2021-10-07 00:00:00+08:00,27.750797208104814,27.992528884676226,27.412372492051567,27.847488403320312,21000,0.0,0.0
2021-10-08 00:00:00+08:00,27.55741126196725,28.04087461744036,27.07394790649414,27.07394790649414,17000,0.0,0.0
2021-10-12 00:00:00+08:00,26.20371437072754,26.20371437072754,26.20371437072754,26.20371437072754,1000,0.0,0.0
2021-10-13 00:00:00+08:00,26.63883011738814,27.75079730907558,26.590484519604484,27.12229347229004,8000,0.0,0.0
2021-10-14 00:00:00+08:00,27.75079723921268,28.234260592897456,27.75079723921268,27.895835876464844,12000,0.0,0.0
2021-10-15 00:00:00+08:00,27.895835876464844,27.895835876464844,27.895835876464844,27.895835876464844,0,0.0,0.0
2021-10-18 00:00:00+08:00,26.977252960205078,26.977252960205078,26.977252960205078,26.977252960205078,1000,0.0,0.0
2021-10-19 00:00:00+08:00,27.460718154907227,27.460718154907227,27.460718154907227,27.460718154907227,5000,0.0,0.0
2021-10-20 00:00:00+08:00,27.460718186890258,27.460718186890258,27.412372589111328,27.412372589111328,2000,0.0,0.0
2021-10-21 00:00:00+08:00,27.412372589111328,27.412372589111328,27.412372589111328,27.412372589111328,0,0.0,0.0
2021-10-22 00:00:00+08:00,27.412372589111328,27.412372589111328,27.412372589111328,27.412372589111328,0,0.0,0.0
2021-10-25 00:00:00+08:00,27.267333984375,27.267333984375,27.267333984375,27.267333984375,2000,0.0,0.0
2021-10-26 00:00:00+08:00,27.267333984375,27.267333984375,27.267333984375,27.267333984375,14000,0.0,0.0
2021-10-27 00:00:00+08:00,27.267333984375,27.267333984375,27.267333984375,27.267333984375,0,0.0,0.0
2021-10-28 00:00:00+08:00,27.315679651647915,27.315679651647915,26.783870697021484,26.783870697021484,10000,0.0,0.0
2021-10-29 00:00:00+08:00,27.122293504334916,27.122293504334916,27.07394790649414,27.07394790649414,12000,0.0,0.0
2021-11-01 00:00:00+08:00,28.13756762048933,28.330951855865173,27.364025146186957,27.509065628051758,17000,0.0,0.0
2021-11-02 00:00:00+08:00,26.88056182659836,27.07394790649414,26.59048455102103,27.07394790649414,6000,0.0,0.0
2021-11-03 00:00:00+08:00,27.07394790649414,27.07394790649414,27.07394790649414,27.07394790649414,0,0.0,0.0
2021-11-04 00:00:00+08:00,27.07394790649414,27.07394790649414,27.07394790649414,27.07394790649414,0,0.0,0.0
2021-11-05 00:00:00+08:00,27.07394790649414,27.07394790649414,27.07394790649414,27.07394790649414,2000,0.0,0.0
2021-11-08 00:00:00+08:00,27.07394790649414,27.07394790649414,27.07394790649414,27.07394790649414,1000,0.0,0.0
2021-11-09 00:00:00+08:00,27.073947870990025,27.509065628051758,27.073947870990025,27.509065628051758,4000,0.0,0.0
2021-11-10 00:00:00+08:00,27.509065628051758,27.509065628051758,27.509065628051758,27.509065628051758,0,0.0,0.0
2021-11-11 00:00:00+08:00,27.509065628051758,27.509065628051758,27.509065628051758,27.509065628051758,0,0.0,0.0
2021-11-12 00:00:00+08:00,26.445445913232366,27.07394790649414,26.445445913232366,27.07394790649414,8000,0.0,0.0
2021-11-15 00:00:00+08:00,27.07394797331475,27.07394797331475,26.783870697021484,26.783870697021484,5000,0.0,0.0
2021-11-16 00:00:00+08:00,26.783870697021484,26.783870697021484,26.783870697021484,26.783870697021484,2000,0.0,0.0
2021-11-17 00:00:00+08:00,26.59048455102103,27.17064094644203,26.59048455102103,27.07394790649414,8000,0.0,0.0
2021-11-18 00:00:00+08:00,27.07394790649414,27.07394790649414,26.252059833336585,27.07394790649414,3000,0.0,0.0
2021-11-19 00:00:00+08:00,27.07394790649414,27.07394790649414,27.07394790649414,27.07394790649414,3000,0.0,0.0
2021-11-22 00:00:00+08:00,27.07394790649414,27.07394790649414,27.07394790649414,27.07394790649414,0,0.0,0.0
2021-11-23 00:00:00+08:00,27.07394790649414,27.07394790649414,27.07394790649414,27.07394790649414,0,0.0,0.0
2021-11-24 00:00:00+08:00,27.07394790649414,27.07394790649414,27.07394790649414,27.07394790649414,0,0.0,0.0
2021-11-25 00:00:00+08:00,27.07394790649414,27.07394790649414,27.07394790649414,27.07394790649414,0,0.0,0.0
2021-11-26 00:00:00+08:00,27.07394790649414,27.07394790649414,27.07394790649414,27.07394790649414,0,0.0,0.0
2021-11-29 00:00:00+08:00,27.94418164776568,27.94418164776568,26.107021261201094,26.687177658081055,13000,0.0,0.0
2021-11-30 00:00:00+08:00,27.31567770108426,27.31567770108426,26.107019395726553,26.155364990234375,24000,0.0,0.0
2021-12-01 00:00:00+08:00,27.025600355042588,27.79914093017578,27.025600355042588,27.79914093017578,10000,0.0,0.0
2021-12-02 00:00:00+08:00,28.95945569633033,29.007801294113985,27.073947874506384,27.12229347229004,22000,0.0,0.0
2021-12-03 00:00:00+08:00,27.12229347229004,27.12229347229004,27.12229347229004,27.12229347229004,0,0.0,0.0
2021-12-06 00:00:00+08:00,27.99252901856165,27.99252901856165,27.17064094543457,27.17064094543457,2000,0.0,0.0
2021-12-07 00:00:00+08:00,29.829689256613822,29.829689256613822,28.040874481201172,28.040874481201172,17000,0.0,0.0
2021-12-08 00:00:00+08:00,29.97472751073003,30.844961166381836,29.007800816835513,30.844961166381836,35000,0.0,0.0
2021-12-09 00:00:00+08:00,33.165586430336106,33.407318115234375,32.97220034471093,33.407318115234375,151000,0.0,0.0
2021-12-10 00:00:00+08:00,36.06636262214397,36.404789156334374,31.183383870111978,32.8271598815918,307000,0.0,0.0
2021-12-13 00:00:00+08:00,32.827161996165614,32.827161996165614,30.941654205322266,30.941654205322266,53000,0.0,0.0
2021-12-14 00:00:00+08:00,30.216459368096025,30.216459368096025,29.44291874597929,29.49126434326172,22000,0.0,0.0
2021-12-15 00:00:00+08:00,29.539609909057617,29.58795735055483,29.539609909057617,29.539609909057617,5000,0.0,0.0
2021-12-16 00:00:00+08:00,29.636302947998047,29.684650389495605,29.636302947998047,29.636302947998047,8000,0.0,0.0
2021-12-17 00:00:00+08:00,29.63630282728276,30.989999831173066,29.63630282728276,30.50653648376465,5000,0.0,0.0
2021-12-20 00:00:00+08:00,30.94165607855063,33.552359047884906,30.94165607855063,30.990001678466797,59000,0.0,0.0
2021-12-21 00:00:00+08:00,30.893306715436125,32.19865619682865,30.168111739433083,31.57015609741211,17000,0.0,0.0
2021-12-22 00:00:00+08:00,31.956928253173828,31.956928253173828,31.956928253173828,31.956928253173828,1000,0.0,0.0
2021-12-23 00:00:00+08:00,32.73046693047305,32.875507409161806,31.473462973123386,32.19865798950195,29000,0.0,0.0
2021-12-24 00:00:00+08:00,33.310627174494144,33.310627174494144,31.956928253173828,31.956928253173828,12000,0.0,0.0
2021-12-27 00:00:00+08:00,32.537086495946916,32.73046889442547,32.053623122684904,32.34370040893555,9000,0.0,0.0
2021-12-28 00:00:00+08:00,33.310625164236015,33.310625164236015,32.77881622314453,32.77881622314453,2000,0.0,0.0
2021-12-29 00:00:00+08:00,32.827164934886646,33.02055102868855,31.763543263242635,35.96967697143555,17000,0.0,0.0
2021-12-30 00:00:00+08:00,33.89077958755052,33.89077958755052,32.97219849866014,33.74574279785156,30000,0.0,0.0
2022-01-03 00:00:00+08:00,33.74574461240574,34.80936254818724,32.9722002716198,33.69739532470703,28000,0.0,0.0
2022-01-04 00:00:00+08:00,32.53708438186358,34.71266942018494,32.53708438186358,33.84243392944336,16000,0.0,0.0
2022-01-05 00:00:00+08:00,34.132513162062295,34.132513162062295,32.10196848479794,33.600704193115234,19000,0.0,0.0
2022-01-06 00:00:00+08:00,33.98747850491739,34.03582410722431,32.488739013671875,32.488739013671875,40000,0.0,0.0
2022-01-07 00:00:00+08:00,32.48873719867752,32.537086486816406,31.57015974056371,32.537086486816406,20000,0.0,0.0
2022-01-10 00:00:00+08:00,33.649049884391594,33.649049884391594,32.005273685260704,32.92385482788086,10000,0.0,0.0
2022-01-11 00:00:00+08:00,32.05362490437661,32.875511209193235,32.05362490437661,32.488739013671875,3000,0.0,0.0
2022-01-12 00:00:00+08:00,32.10196475442672,33.02054578779235,32.005269878606335,35.72793960571289,17000,0.0,0.0
2022-01-13 00:00:00+08:00,33.939123251124144,33.939123251124144,32.05361927269798,32.24700164794922,12000,0.0,0.0
2022-01-14 00:00:00+08:00,31.135040190050397,31.28007698059082,31.135040190050397,31.28007698059082,2000,0.0,0.0
2022-01-17 00:00:00+08:00,31.280076904796807,34.18085697096774,31.280076904796807,32.77881622314453,38000,0.0,0.0
2022-01-18 00:00:00+08:00,33.11724288911634,34.03582408652106,32.00527559406857,32.682125091552734,20000,0.0,0.0
2022-01-19 00:00:00+08:00,33.649048029876255,33.649048029876255,32.0536212066018,32.77881622314453,11000,0.0,0.0
2022-01-20 00:00:00+08:00,33.93912715252169,33.93912715252169,32.875509212244545,33.31062698364258,13000,0.0,0.0
2022-01-21 00:00:00+08:00,31.811891555786133,31.811891555786133,31.811891555786133,31.811891555786133,1000,0.0,0.0
2022-01-24 00:00:00+08:00,32.29535271093898,33.890779525921765,32.29535271093898,33.84243392944336,22000,0.0,0.0
2022-01-25 00:00:00+08:00,33.8424339783267,33.8424339783267,32.150312279410365,32.972198486328125,19000,0.0,0.0
2022-01-26 00:00:00+08:00,32.343698357213036,33.79408838499359,32.343698357213036,33.165584564208984,9000,0.0,0.0
2022-02-07 00:00:00+08:00,33.79408644308944,35.58289923248218,33.79408644308944,34.4709358215332,21000,0.0,0.0
2022-02-08 00:00:00+08:00,33.60070626875933,33.939129173031475,32.875511169433594,32.875511169433594,9000,0.0,0.0
2022-02-09 00:00:00+08:00,31.763538373677854,34.80935873872965,31.763538373677854,32.8271598815918,38000,0.0,0.0
2022-02-10 00:00:00+08:00,33.40731819888802,33.50401308620913,32.92385482788086,32.92385482788086,9000,0.0,0.0
2022-02-11 00:00:00+08:00,33.45566167965979,35.00274658203125,32.87550714660334,35.00274658203125,14000,0.0,0.0
2022-02-14 00:00:00+08:00,35.727941755367674,35.727941755367674,33.165584564208984,33.165584564208984,10000,0.0,0.0
2022-02-15 00:00:00+08:00,33.745742729557655,34.27755166777606,33.35897058074469,33.45566177368164,9000,0.0,0.0
2022-02-16 00:00:00+08:00,33.6007003495751,33.84243200676629,33.21392822265625,33.21392822265625,12000,0.0,0.0
2022-02-17 00:00:00+08:00,32.923854292277476,33.745744222738864,32.923854292277476,36.50148391723633,5000,0.0,0.0
2022-02-18 00:00:00+08:00,33.890781569895175,33.890781569895175,32.73046874177144,32.92385482788086,6000,0.0,0.0
2022-02-21 00:00:00+08:00,32.972198486328125,33.02054777140894,32.972198486328125,32.972198486328125,3000,0.0,0.0
2022-02-22 00:00:00+08:00,32.537086247807764,34.13251315428545,32.537086247807764,33.794090270996094,11000,0.0,0.0
2022-02-23 00:00:00+08:00,33.794090270996094,33.794090270996094,33.794090270996094,33.794090270996094,0,0.0,0.0
2022-02-24 00:00:00+08:00,32.682125111432555,32.682125111432555,32.488739013671875,32.488739013671875,11000,0.0,0.0
2022-02-25 00:00:00+08:00,32.488739013671875,32.53708830451181,32.488739013671875,32.488739013671875,3000,0.0,0.0
2022-03-01 00:00:00+08:00,33.21393017002431,33.74574279785156,33.21393017002431,33.74574279785156,3000,0.0,0.0
2022-03-02 00:00:00+08:00,34.27755166777606,34.27755166777606,33.45566177368164,33.45566177368164,2000,0.0,0.0
2022-03-03 00:00:00+08:00,33.35896880527262,33.35896880527262,32.97219667704491,33.020545959472656,10000,0.0,0.0
2022-03-04 00:00:00+08:00,31.9085805620466,35.486210029437125,31.9085805620466,33.84243392944336,59000,0.0,0.0
2022-03-07 00:00:00+08:00,33.842437050559305,37.226680755615234,33.842437050559305,37.226680755615234,278000,0.0,0.0
2022-03-08 00:00:00+08:00,38.04856324219766,39.16053039550781,35.582900955001826,36.25975036621094,195000,0.0,0.0
2022-03-09 00:00:00+08:00,38.96714415300043,38.96714415300043,37.03329080854848,37.323368072509766,34000,0.0,0.0
2022-03-10 00:00:00+08:00,38.67706700375206,39.11218474525077,36.74321365356445,36.74321365356445,69000,0.0,0.0
2022-03-11 00:00:00+08:00,38.00021748077446,38.00021748077446,36.01801854041771,37.323368072509766,22000,0.0,0.0
2022-03-14 00:00:00+08:00,38.870454901470474,38.870454901470474,37.51675601736909,37.951873779296875,13000,0.0,0.0
2022-03-15 00:00:00+08:00,37.516754150390625,37.5650997463028,37.27502248229722,37.516754150390625,9000,0.0,0.0
2022-03-16 00:00:00+08:00,37.710138277626314,38.435333244503745,36.40478881265988,37.56509780883789,13000,0.0,0.0
2022-03-17 00:00:00+08:00,38.628721255408244,38.628721255408244,37.27502244020093,38.193603515625,19000,0.0,0.0
2022-03-18 00:00:00+08:00,37.08164023587761,37.71014411317706,37.08164023587761,37.61345291137695,4000,0.0,0.0
2022-03-21 00:00:00+08:00,36.93660152395314,38.48368280398493,36.93660152395314,37.85518264770508,17000,0.0,0.0
2022-03-22 00:00:00+08:00,37.420064753246976,40.900999465326024,37.420064753246976,38.24195098876953,25000,0.0,0.0
2022-03-23 00:00:00+08:00,37.80683322762648,39.49895498543515,37.758487629395624,38.24195098876953,17000,0.0,0.0
2022-03-24 00:00:00+08:00,38.2902967261751,38.2902967261751,37.56510168447836,37.66179656982422,14000,0.0,0.0
2022-03-25 00:00:00+08:00,37.75848572870127,39.063838946421306,37.75848572870127,38.677066802978516,10000,0.0,0.0
2022-03-28 00:00:00+08:00,37.323367977453415,38.87045286219434,37.323367977453415,38.2902946472168,16000,0.0,0.0
2022-03-29 00:00:00+08:00,39.59564792668989,39.59564792668989,37.85518065608944,38.193603515625,213000,0.0,0.0
2022-03-30 00:00:00+08:00,37.758489560392114,38.048566853144685,37.758489560392114,38.000221252441406,222000,0.0,0.0
2022-03-31 00:00:00+08:00,37.565101680232985,38.87045496825924,37.565101680232985,37.85518264770508,18000,0.0,0.0
2022-04-01 00:00:00+08:00,38.290298715627266,38.290298715627266,37.37172123257763,37.420066833496094,14000,0.0,0.0
2022-04-06 00:00:00+08:00,38.72541648620986,38.72541648620986,37.61345291137695,37.61345291137695,10000,0.0,0.0
2022-04-07 00:00:00+08:00,37.95187565173813,38.19360734378741,37.758489560392114,38.000221252441406,11000,0.0,0.0
2022-04-08 00:00:00+08:00,38.483680580801426,39.83737938902627,38.435334985193215,39.740684509277344,30000,0.0,0.0
2022-04-11 00:00:00+08:00,41.57784470823398,41.57784470823398,38.72541043821844,39.2088737487793,27000,0.0,0.0
2022-04-12 00:00:00+08:00,39.2088777702033,39.2088777702033,36.45313809277932,38.338645935058594,19000,0.0,0.0
2022-04-13 00:00:00+08:00,39.643995385201826,39.643995385201826,38.19360531013347,39.305572509765625,16000,0.0,0.0
2022-04-14 00:00:00+08:00,38.48368451409522,38.87045669555664,38.48368451409522,38.87045669555664,2000,0.0,0.0
2022-04-15 00:00:00+08:00,38.48368068439757,39.16053009033203,37.75848568272475,39.16053009033203,11000,0.0,0.0
2022-04-18 00:00:00+08:00,40.12746059727638,40.12746059727638,38.87045654518876,39.257225036621094,15000,0.0,0.0
2022-04-19 00:00:00+08:00,40.079114972444806,40.079114972444806,39.11218821165498,39.64399719238281,14000,0.0,0.0
2022-04-20 00:00:00+08:00,39.06384083375178,39.160532030017755,38.870454752687124,39.112186431884766,4000,0.0,0.0
2022-04-21 00:00:00+08:00,40.07911301419655,40.07911301419655,39.11218630065035,39.49895477294922,5000,0.0,0.0
2022-04-22 00:00:00+08:00,38.77375793457031,39.06383888596977,38.67706674312551,38.77375793457031,14000,0.0,0.0
2022-04-25 00:00:00+08:00,36.98494512442862,38.58037560520914,36.98494512442862,38.483680725097656,4000,0.0,0.0
2022-04-26 00:00:00+08:00,38.483682664876746,38.67706874631486,38.43533706665039,38.43533706665039,4000,0.0,0.0
2022-04-27 00:00:00+08:00,37.129987610286484,37.66179656982422,36.888255929720906,37.66179656982422,19000,0.0,0.0
2022-04-28 00:00:00+08:00,38.96714817924305,39.93407495137579,37.371721218343765,37.61345291137695,17000,0.0,0.0
2022-04-29 00:00:00+08:00,37.80683142011045,37.80683142011045,37.710140228271484,37.710140228271484,5000,0.0,0.0
2022-05-03 00:00:00+08:00,37.710140228271484,37.710140228271484,37.710140228271484,37.710140228271484,1000,0.0,0.0
2022-05-04 00:00:00+08:00,38.096912372692415,38.096912372692415,37.710140228271484,37.710140228271484,2000,0.0,0.0
2022-05-05 00:00:00+08:00,38.096914262783706,38.096914262783706,37.951873779296875,37.951873779296875,4000,0.0,0.0
2022-05-06 00:00:00+08:00,36.646520576632795,37.3717155456543,36.646520576632795,37.3717155456543,2000,0.0,0.0
2022-05-09 00:00:00+08:00,36.066366142763144,36.88825607299805,36.066366142763144,36.88825607299805,3000,0.0,0.0
2022-05-10 00:00:00+08:00,37.22667867528889,38.145259795892166,37.22667867528889,38.04856491088867,11000,0.0,0.0
2022-05-11 00:00:00+08:00,38.918800433256564,38.918800433256564,37.71014203470822,38.04856491088867,7000,0.0,0.0
2022-05-12 00:00:00+08:00,37.95186994900614,37.95186994900614,37.75848388671875,37.75848388671875,4000,0.0,0.0
2022-05-13 00:00:00+08:00,37.85518071022563,39.06383905105617,37.71014023391295,37.903526306152344,21000,0.0,0.0
2022-05-16 00:00:00+08:00,37.903528325606544,37.903528325606544,37.1783332824707,37.1783332824707,17000,0.0,0.0
2022-05-17 00:00:00+08:00,37.17833129609211,38.43533523266132,37.17833129609211,37.710140228271484,8000,0.0,0.0
2022-05-18 00:00:00+08:00,38.145257968611894,38.145257968611894,37.710140228271484,37.710140228271484,2000,0.0,0.0
2022-05-19 00:00:00+08:00,37.2750244140625,37.2750244140625,37.2750244140625,37.2750244140625,2000,0.0,0.0
2022-05-20 00:00:00+08:00,37.75848568272475,39.45060735329466,37.75848568272475,39.16053009033203,41000,0.0,0.0
2022-05-23 00:00:00+08:00,40.07911255971472,43.07658386230469,40.07911255971472,43.07658386230469,203000,0.0,0.0
2022-05-24 00:00:00+08:00,44.96209201747122,47.37940879260408,41.19107637285089,41.23942565917969,1123000,0.0,0.0
2022-05-25 00:00:00+08:00,41.52950118026733,42.44808225372314,38.91879843569437,39.54730224609375,264000,0.0,0.0
2022-05-26 00:00:00+08:00,39.837381694914455,39.9340728917276,37.033292724940615,37.66179656982422,102000,0.0,0.0
2022-05-27 00:00:00+08:00,38.77375608696694,40.030763647047024,37.56509780883789,37.56509780883789,96000,0.0,0.0
2022-05-30 00:00:00+08:00,37.56509960507398,39.643993418274555,37.56509960507398,38.96714401245117,63000,0.0,0.0
2022-05-31 00:00:00+08:00,39.160530138015744,39.160530138015744,38.58037561138408,38.677066802978516,45000,0.0,0.0
2022-06-01 00:00:00+08:00,38.677066863131536,38.677066863131536,38.19360352734239,38.58037567138672,17000,0.0,0.0
2022-06-02 00:00:00+08:00,38.29029465340721,38.677066796788104,37.855180602769366,38.483680725097656,19000,0.0,0.0
2022-06-06 00:00:00+08:00,38.48368266845649,38.48368266845649,37.80683322762648,38.24195098876953,18000,0.0,0.0
2022-06-07 00:00:00+08:00,38.0002214071103,38.870456977442934,37.56510362194398,37.61345291137695,26000,0.0,0.0
2022-06-08 00:00:00+08:00,38.19360560996859,38.19360560996859,36.93660160608124,36.984947204589844,31000,0.0,0.0
2022-06-09 00:00:00+08:00,37.661794794790886,37.661794794790886,36.25975037588355,36.646522521972656,20000,0.0,0.0
2022-06-10 00:00:00+08:00,37.08163854443751,37.08163854443751,35.87298013440327,36.40479278564453,34000,0.0,0.0
2022-06-13 00:00:00+08:00,34.422590042362174,37.75848799176324,34.422590042362174,36.40479278564453,20000,0.0,0.0
2022-06-14 00:00:00+08:00,36.40479474432913,37.661798820688695,35.72794526058692,36.163063049316406,35000,0.0,0.0
2022-06-15 00:00:00+08:00,37.03329058136017,37.03329058136017,35.82463224849246,39.740684509277344,16000,0.0,0.0
2022-06-16 00:00:00+08:00,36.839906796022774,36.839906796022774,36.01802055409412,36.50148391723633,18000,0.0,0.0
2022-06-17 00:00:00+08:00,35.53455740874547,36.453138542052244,35.09943964154407,35.4378662109375,41000,0.0,0.0
2022-06-20 00:00:00+08:00,36.64652303793154,36.64652303793154,31.908580780029297,31.908580780029297,84000,0.0,0.0
2022-06-21 00:00:00+08:00,32.87550735751353,33.213930222545486,30.941653983542146,33.06889343261719,42000,0.0,0.0
2022-06-22 00:00:00+08:00,34.519283525140565,36.356442020595935,31.61850345896964,32.77881622314453,94000,0.0,0.0
2022-06-23 00:00:00+08:00,32.923853321422634,34.035820499273235,32.15031270091173,30.071420669555664,15000,0.0,0.0
2022-06-24 00:00:00+08:00,33.649049792377184,34.277553648380945,32.48873696742636,33.600704193115234,35000,0.0,0.0
2022-06-27 00:00:00+08:00,34.519286785523306,36.646526439341855,32.44039273300072,36.163063049316406,158000,0.0,0.0
2022-06-28 00:00:00+08:00,36.59817311677981,38.000217531069666,36.59817311677981,36.83990478515625,279000,0.0,0.0
2022-06-29 00:00:00+08:00,36.308098076393456,36.54982975957655,34.42259020985881,34.85770797729492,94000,0.0,0.0
2022-06-30 00:00:00+08:00,34.08416555360393,35.82463284416655,33.60070221241806,34.712669372558594,29000,0.0,0.0
2022-07-01 00:00:00+08:00,35.92133092673089,36.211408219586765,34.22920908178322,37.80683517456055,23000,0.0,0.0
2022-07-04 00:00:00+08:00,36.54982778738551,36.54982778738551,34.08416548966915,34.61597442626953,13000,0.0,0.0
2022-07-05 00:00:00+08:00,35.82463088988835,35.82463088988835,33.79408644308944,34.4709358215332,30000,0.0,0.0
2022-07-06 00:00:00+08:00,35.341171424896345,35.341171424896345,33.9874762090791,34.374244689941406,10000,0.0,0.0
2022-07-07 00:00:00+08:00,35.48620804493265,35.63124482625694,34.27754975790179,34.4709358215332,21000,0.0,0.0
2022-07-08 00:00:00+08:00,34.56762883398268,34.90605169680445,34.18085668630132,34.80936050415039,18000,0.0,0.0
2022-07-11 00:00:00+08:00,35.244482201216776,35.244482201216776,35.244482201216776,34.519287109375,1000,0.0,0.0
2022-07-12 00:00:00+08:00,35.244480226813955,35.292825825855154,34.13251300620267,34.374244689941406,10000,0.0,0.0
2022-07-13 00:00:00+08:00,35.5345536071046,35.5345536071046,32.875505378001534,33.21392822265625,60000,0.0,0.0
2022-07-14 00:00:00+08:00,34.37424494954415,34.37424494954415,32.73046875,32.73046875,7000,0.0,0.0
2022-07-15 00:00:00+08:00,33.69739165107258,33.69739165107258,32.68211942514032,33.020545959472656,20000,0.0,0.0
2022-07-18 00:00:00+08:00,32.875505461516205,32.875505461516205,32.39204214590567,32.63377380371094,12000,0.0,0.0
2022-07-19 00:00:00+08:00,33.649048029876255,33.649048029876255,32.34369847551237,32.77881622314453,3000,0.0,0.0
2022-07-20 00:00:00+08:00,33.50400926144024,33.50400926144024,32.19865609561845,32.8271598815918,14000,0.0,0.0
2022-07-21 00:00:00+08:00,33.939129173031475,33.939129173031475,32.63377946965834,32.875511169433594,7000,0.0,0.0
2022-07-22 00:00:00+08:00,33.98747660619546,33.98747660619546,32.48873719867752,32.537086486816406,9000,0.0,0.0
2022-07-25 00:00:00+08:00,32.778816109382944,35.29282401592631,32.58543003460286,33.5523567199707,66000,0.0,0.0
2022-07-26 00:00:00+08:00,35.24447829478732,35.24447829478732,33.50401100498367,33.939125061035156,34000,0.0,0.0
2022-07-27 00:00:00+08:00,34.567631001542395,34.61597660090093,32.92385480362263,33.50401306152344,54000,0.0,0.0
2022-07-28 00:00:00+08:00,34.22920608520508,34.27755168169318,33.45566178726507,34.22920608520508,26000,0.0,0.0
2022-07-29 00:00:00+08:00,33.600704185459556,34.13251315428545,33.21393201438647,33.794090270996094,16000,0.0,0.0
2022-08-01 00:00:00+08:00,33.794090270996094,33.794090270996094,33.794090270996094,33.794090270996094,1000,0.0,0.0
2022-08-02 00:00:00+08:00,33.98747434595872,36.45313664722493,33.649047794156644,33.939125061035156,38000,0.0,0.0
2022-08-03 00:00:00+08:00,33.93912487191121,33.93912487191121,33.06889307612499,36.4531364440918,18000,0.0,0.0
2022-08-04 00:00:00+08:00,33.93912745531916,35.53455806850176,31.570159868245305,31.811891555786133,64000,0.0,0.0
2022-08-05 00:00:00+08:00,31.908582711723742,32.48873728561468,31.28007884956454,32.05362319946289,19000,0.0,0.0
2022-08-08 00:00:00+08:00,34.42259054895046,34.42259054895046,32.19865977946499,32.73046875,101000,0.0,0.0
2022-08-09 00:00:00+08:00,32.68212139884365,33.21393034087389,32.24700365044341,32.295352935791016,50000,0.0,0.0
2022-08-10 00:00:00+08:00,32.05362128626734,33.020547977394166,31.47346305847168,31.47346305847168,62000,0.0,0.0
2022-08-11 00:00:00+08:00,31.666850966757423,32.00527385282109,30.603231176119923,31.956928253173828,26000,0.0,0.0
2022-08-12 00:00:00+08:00,31.908582478544137,33.89078156147441,31.908582478544137,33.11724090576172,11000,0.0,0.0
2022-08-15 00:00:00+08:00,33.11724075765036,33.89078140990352,32.48873690289497,33.69739532470703,91000,0.0,0.0
2022-08-16 00:00:00+08:00,33.117239088784764,33.79408850859784,32.77881622314453,32.77881622314453,32000,0.0,0.0
2022-08-17 00:00:00+08:00,32.875507238994764,33.794088326026134,32.827161642526285,33.45566177368164,22000,0.0,0.0
2022-08-18 00:00:00+08:00,33.9874740491403,33.9874740491403,33.842433572701424,36.83990478515625,2000,0.0,0.0
2022-08-19 00:00:00+08:00,32.778819660561744,34.90605564800459,32.778819660561744,34.13251495361328,16000,0.0,0.0
2022-08-22 00:00:00+08:00,34.32589726424453,34.32589726424453,32.827161642526285,33.45566177368164,17000,0.0,0.0
2022-08-23 00:00:00+08:00,34.18085648433143,34.18085648433143,33.31062468998929,36.549827575683594,8000,0.0,0.0
2022-08-24 00:00:00+08:00,34.132509257689236,34.132509257689236,32.29535087615563,33.21392822265625,38000,0.0,0.0
2022-08-25 00:00:00+08:00,33.213930225318656,33.26227951049805,33.06889343537824,33.26227951049805,4000,0.0,0.0
2022-08-26 00:00:00+08:00,33.06889338032536,34.035820065782055,32.827161708961185,33.74574279785156,16000,0.0,0.0
2022-08-29 00:00:00+08:00,32.682123118297156,33.93912714428305,32.682123118297156,33.50401306152344,30000,0.0,0.0
2022-08-30 00:00:00+08:00,33.55235683641693,33.55235683641693,32.77881622314453,32.77881622314453,17000,0.0,0.0
2022-08-31 00:00:00+08:00,32.68212444240198,34.325900706918766,32.5854332397675,35.96967697143555,16000,0.0,0.0
2022-09-01 00:00:00+08:00,33.213928224423945,34.084163665771484,33.165582630689606,34.084163665771484,6000,0.0,0.0
2022-09-02 00:00:00+08:00,33.987476465760864,34.035822065167174,32.68212315059369,32.73046875,16000,0.0,0.0
2022-09-05 00:00:00+08:00,31.956929991791064,32.682125091552734,31.908584389513557,32.682125091552734,4000,0.0,0.0
2022-09-06 00:00:00+08:00,33.11724092231608,33.987476465760864,32.68212315059369,32.73046875,13000,0.0,0.0
2022-09-07 00:00:00+08:00,33.117237147263396,33.117237147263396,33.020545959472656,33.020545959472656,2000,0.0,0.0
2022-09-08 00:00:00+08:00,33.02054795361388,33.02054795361388,32.1019668599984,32.295352935791016,31000,0.0,0.0
2022-09-12 00:00:00+08:00,32.8271618149497,33.407316352683814,32.29535287393799,32.39204406738281,7000,0.0,0.0
2022-09-13 00:00:00+08:00,32.00527196935471,32.682121390183205,30.7482680098347,31.521808624267578,72000,0.0,0.0
2022-09-14 00:00:00+08:00,33.020547885298704,33.020547885298704,31.763540239513585,32.005271911621094,59000,0.0,0.0
2022-09-15 00:00:00+08:00,33.117241203419134,33.117241203419134,31.5701598780886,31.618505477905273,15000,0.0,0.0
2022-09-16 00:00:00+08:00,30.989999833000926,30.989999833000926,30.796615600585938,30.796615600585938,5000,0.0,0.0
2022-09-19 00:00:00+08:00,30.796615244646716,30.796615244646716,29.73299552372524,33.84243392944336,15000,0.0,0.0
2022-09-20 00:00:00+08:00,29.926382033122177,30.361497940550663,29.781341553046367,29.878034591674805,23000,0.0,0.0
2022-09-21 00:00:00+08:00,30.699922653617026,30.699922653617026,29.878034591674805,29.878034591674805,14000,0.0,0.0
2022-09-22 00:00:00+08:00,29.878034591674805,29.878034591674805,29.878034591674805,29.878034591674805,0,0.0,0.0
2022-09-23 00:00:00+08:00,29.007800963275745,29.926382064819336,29.007800963275745,29.926382064819336,2000,0.0,0.0
2022-09-26 00:00:00+08:00,30.409845544489887,30.409845544489887,28.959455490112305,28.959455490112305,3000,0.0,0.0
2022-09-27 00:00:00+08:00,26.638829604477067,31.66684913635254,26.638829604477067,31.66684913635254,22000,0.0,0.0
2022-09-28 00:00:00+08:00,32.24700410361402,32.24700410361402,28.524337768554688,28.524337768554688,53000,0.0,0.0
2022-09-29 00:00:00+08:00,28.717723912732772,29.10449422637144,28.08922007827031,28.1375675201416,30000,0.0,0.0
2022-09-30 00:00:00+08:00,27.412372428089807,28.427644729614258,27.412372428089807,28.427644729614258,3000,0.0,0.0
2022-10-03 00:00:00+08:00,28.766069477008912,28.766069477008912,26.928909106154045,28.37929916381836,48000,0.0,0.0
2022-10-04 00:00:00+08:00,28.91110804840659,29.636303075595382,28.717723814382705,28.959455490112305,25000,0.0,0.0
2022-10-05 00:00:00+08:00,28.234260401438128,29.24953269958496,27.750797051031764,29.24953269958496,30000,0.0,0.0
2022-10-06 00:00:00+08:00,28.911108016967773,28.911108016967773,28.911108016967773,28.911108016967773,1000,0.0,0.0
2022-10-07 00:00:00+08:00,29.491264221668416,30.36149787902832,29.491264221668416,30.36149787902832,3000,0.0,0.0
2022-10-11 00:00:00+08:00,31.37677243122865,31.37677243122865,27.460718154907227,27.460718154907227,23000,0.0,0.0
2022-10-12 00:00:00+08:00,27.84748846870794,27.84748846870794,26.783870564709343,27.557411193847656,7000,0.0,0.0
2022-10-13 00:00:00+08:00,27.557411003112794,29.249532731374103,25.86528927485148,29.007801055908203,44000,0.0,0.0
2022-10-14 00:00:00+08:00,28.379299406492237,29.152840039487952,26.687177658081055,26.687177658081055,20000,0.0,0.0
2022-10-17 00:00:00+08:00,27.557410973168224,27.557410973168224,26.10702092194884,29.34622573852539,13000,0.0,0.0
2022-10-18 00:00:00+08:00,27.509065317098997,27.509065317098997,27.07394756495568,29.539609909057617,2000,0.0,0.0
2022-10-19 00:00:00+08:00,26.15536669786686,28.669376505998898,26.15536669786686,27.702449798583984,48000,0.0,0.0
2022-10-20 00:00:00+08:00,28.669376161869703,29.394571183726104,27.750796907411384,30.45819091796875,13000,0.0,0.0
2022-10-21 00:00:00+08:00,29.346225971904385,31.76354089889432,27.750797271728516,27.750797271728516,187000,0.0,0.0
2022-10-24 00:00:00+08:00,27.509065596126387,30.119766602667944,27.073947839569627,27.557411193847656,64000,0.0,0.0
2022-10-25 00:00:00+08:00,27.8958358777735,27.8958358777735,27.073947807617557,27.702449798583984,9000,0.0,0.0
2022-10-26 00:00:00+08:00,28.18591311882747,28.18591311882747,28.18591311882747,27.944181442260742,1000,0.0,0.0
2022-10-27 00:00:00+08:00,28.1859112634783,28.1859112634783,26.59048267201089,26.977252960205078,40000,0.0,0.0
2022-10-28 00:00:00+08:00,26.687177254309578,27.654103953057994,26.252059502166265,29.539609909057617,14000,0.0,0.0
2022-10-31 00:00:00+08:00,27.75079734394318,27.75079734394318,26.590484553014207,26.88056182861328,12000,0.0,0.0
2022-11-01 00:00:00+08:00,26.880561928039967,27.267334089291126,26.542139053344727,26.542139053344727,3000,0.0,0.0
2022-11-02 00:00:00+08:00,26.252059833336585,27.07394790649414,26.252059833336585,27.07394790649414,11000,0.0,0.0
2022-11-03 00:00:00+08:00,26.348752840430336,28.42764489751928,26.348752840430336,27.3156795501709,42000,0.0,0.0
2022-11-04 00:00:00+08:00,26.97725493312821,27.509065732020986,26.39709853627534,26.783870697021484,39000,0.0,0.0
2022-11-07 00:00:00+08:00,27.70244983283369,27.70244983283369,26.880561761661614,27.364025115966797,16000,0.0,0.0
2022-11-08 00:00:00+08:00,29.201187266405682,29.829689256613822,27.65410416755511,28.040874481201172,67000,0.0,0.0
2022-11-09 00:00:00+08:00,28.91110808099104,28.91110808099104,28.621030807495117,28.621030807495117,9000,0.0,0.0
2022-11-10 00:00:00+08:00,27.55741112860724,28.52433783487416,27.55741112860724,27.944181442260742,17000,0.0,0.0
2022-11-11 00:00:00+08:00,28.427644761793267,28.959455556171285,27.460718056669236,28.28260612487793,22000,0.0,0.0
2022-11-14 00:00:00+08:00,28.282606092863098,29.15283975763639,28.282606092863098,28.427644729614258,5000,0.0,0.0
2022-11-15 00:00:00+08:00,28.71772387903258,28.71772387903258,27.557411095211865,28.47599220275879,26000,0.0,0.0
2022-11-16 00:00:00+08:00,28.71772378315418,30.458191108808116,28.23426043222072,28.911108016967773,42000,0.0,0.0
2022-11-17 00:00:00+08:00,28.814415009465815,28.862762451171875,27.94418134568636,28.862762451171875,13000,0.0,0.0
2022-11-18 00:00:00+08:00,29.442918745869854,29.82968905692678,28.717723721038247,29.39457130432129,36000,0.0,0.0
2022-11-21 00:00:00+08:00,29.39457130432129,30.69992271787145,29.201187070925986,29.39457130432129,40000,0.0,0.0
2022-11-22 00:00:00+08:00,30.40984535094061,30.40984535094061,29.491264251308095,30.119766235351562,3000,0.0,0.0
2022-11-23 00:00:00+08:00,29.15283962937742,29.926382095757596,28.862762357151304,29.39457130432129,11000,0.0,0.0
2022-11-24 00:00:00+08:00,29.587957478155992,30.16811386876029,28.766069411822095,28.959455490112305,14000,0.0,0.0
2022-11-25 00:00:00+08:00,29.781343167323477,29.781343167323477,28.717725217556964,31.811891555786133,17000,0.0,0.0
2022-11-28 00:00:00+08:00,29.829689221929645,29.829689221929645,27.799142772315914,28.28260612487793,26000,0.0,0.0
2022-11-29 00:00:00+08:00,27.79914277189937,29.104494192650517,27.750797174350424,28.37929916381836,21000,0.0,0.0
2022-11-30 00:00:00+08:00,28.766069444877854,28.766069444877854,27.944181377599506,28.427644729614258,23000,0.0,0.0
2022-12-01 00:00:00+08:00,28.911108016967773,28.911108016967773,28.137567393180763,28.911108016967773,54000,0.0,0.0
2022-12-02 00:00:00+08:00,28.81441501008711,30.893308896834274,28.282606061173286,28.572683334350586,78000,0.0,0.0
2022-12-05 00:00:00+08:00,28.33095165820545,28.766069412231445,28.33095165820545,28.766069412231445,26000,0.0,0.0
2022-12-06 00:00:00+08:00,28.66937637349846,29.39457140070803,28.52433773690981,28.572683334350586,23000,0.0,0.0
2022-12-07 00:00:00+08:00,28.572683365734914,28.621030807495117,28.379299131493077,28.621030807495117,22000,0.0,0.0
2022-12-08 00:00:00+08:00,29.104494159181325,29.104494159181325,28.717723846435547,28.717723846435547,7000,0.0,0.0
2022-12-09 00:00:00+08:00,28.62103080812669,28.62103080812669,28.427644729614258,28.427644729614258,3000,0.0,0.0
2022-12-12 00:00:00+08:00,28.814415041422244,28.814415041422244,28.040874415930688,28.717723846435547,5000,0.0,0.0
2022-12-13 00:00:00+08:00,29.056146590437894,29.056146590437894,29.056146590437894,29.29787826538086,1000,0.0,0.0
2022-12-14 00:00:00+08:00,28.33095175536913,28.91110814797139,27.65410416755511,28.040874481201172,46000,0.0,0.0
2022-12-15 00:00:00+08:00,27.267333884894942,28.37929922949085,27.267333884894942,27.992528915405273,18000,0.0,0.0
2022-12-16 00:00:00+08:00,27.557409269913382,27.944179557479977,27.557409269913382,27.79914093017578,9000,0.0,0.0
2022-12-19 00:00:00+08:00,27.557411095621983,28.37929916381836,27.557411095621983,28.37929916381836,9000,0.0,0.0
2022-12-20 00:00:00+08:00,28.47599220275879,28.47599220275879,28.47599220275879,28.47599220275879,2000,0.0,0.0
2022-12-21 00:00:00+08:00,28.42764469714898,29.346225802634496,28.42764469714898,28.862762451171875,5000,0.0,0.0
2022-12-22 00:00:00+08:00,29.104494296390616,29.104494296390616,27.557411193847656,27.557411193847656,36000,0.0,0.0
2022-12-23 00:00:00+08:00,26.928909236889083,27.12229347229004,26.78387059927178,27.12229347229004,8000,0.0,0.0
2022-12-26 00:00:00+08:00,27.12229350332925,27.99252901856165,27.12229350332925,27.17064094543457,13000,0.0,0.0
2022-12-27 00:00:00+08:00,28.089220322741628,28.089220322741628,26.445446014404297,26.445446014404297,15000,0.0,0.0
2022-12-28 00:00:00+08:00,26.445445636070595,27.36402489528252,26.445445636070595,29.0561466217041,12000,0.0,0.0
2022-12-29 00:00:00+08:00,27.26733361487076,27.65410392512621,27.26733361487076,30.071420669555664,2000,0.0,0.0
2022-12-30 00:00:00+08:00,26.687177661874145,26.687177661874145,26.397098541259766,26.397098541259766,27000,0.0,0.0
2023-01-03 00:00:00+08:00,26.590484619140625,26.590484619140625,26.590484619140625,26.590484619140625,1000,0.0,0.0
2023-01-04 00:00:00+08:00,26.59048455102103,27.799142939703806,26.20371423549581,27.07394790649414,20000,0.0,0.0
2023-01-05 00:00:00+08:00,26.783870632924483,27.460718224077766,26.252059835304394,26.88056182861328,21000,0.0,0.0
2023-01-06 00:00:00+08:00,26.88056182861328,26.88056182861328,26.88056182861328,26.88056182861328,0,0.0,0.0
2023-01-09 00:00:00+08:00,26.68717755597201,27.509065628051758,26.68717755597201,27.509065628051758,6000,0.0,0.0
2023-01-10 00:00:00+08:00,27.02560237916801,27.02560237916801,26.348752942033098,26.493791580200195,3000,0.0,0.0
2023-01-11 00:00:00+08:00,26.107021328785244,26.493791646284347,25.816944051727504,26.30040740966797,20000,0.0,0.0
2023-01-12 00:00:00+08:00,25.96198252454741,27.412372589111328,25.76859644489902,27.412372589111328,17000,0.0,0.0
2023-01-13 00:00:00+08:00,26.590484689783167,26.92890940923368,26.10702133178711,26.10702133178711,27000,0.0,0.0
2023-01-16 00:00:00+08:00,26.010328326853962,26.638830324253842,25.86528968811035,25.86528968811035,14000,0.0,0.0
2023-01-17 00:00:00+08:00,26.30040737606076,27.073948010070524,25.96198265708161,26.445446014404297,19000,0.0,0.0
2023-01-30 00:00:00+08:00,26.010328289833733,26.445446049711617,26.010328289833733,26.20371437072754,10000,0.0,0.0
2023-01-31 00:00:00+08:00,26.397098504632726,26.832216262817383,26.397098504632726,26.832216262817383,2000,0.0,0.0
2023-02-01 00:00:00+08:00,26.155366860393606,26.590484619140625,26.10702126242898,26.590484619140625,4000,0.0,0.0
2023-02-02 00:00:00+08:00,25.913635284628405,26.49379168383246,25.526864966581154,25.96198272705078,120000,0.0,0.0
2023-02-03 00:00:00+08:00,26.01032829284668,26.348753012316863,25.7685966138346,26.01032829284668,64000,0.0,0.0
2023-02-06 00:00:00+08:00,25.913635320532414,25.913635320532414,25.575212444438645,25.720251083374023,42000,0.0,0.0
2023-02-07 00:00:00+08:00,25.623558012064215,25.86528969142331,25.623558012064215,25.671903610229492,17000,0.0,0.0
2023-02-08 00:00:00+08:00,25.865289722309406,26.107021401957155,25.67190364088466,25.720251083374023,53000,0.0,0.0
2023-02-09 00:00:00+08:00,25.816944093258034,25.816944093258034,25.430171930870397,25.671903610229492,21000,0.0,0.0
2023-02-10 00:00:00+08:00,25.52686467513006,25.768596351682934,25.47851907752602,28.23426055908203,16000,0.0,0.0
2023-02-13 00:00:00+08:00,25.575212478637695,25.575212478637695,25.575212478637695,25.575212478637695,1000,0.0,0.0
2023-02-14 00:00:00+08:00,25.768596716054674,25.81694415860869,25.52686503608368,25.575212478637695,17000,0.0,0.0
2023-02-15 00:00:00+08:00,25.961982728694878,25.961982728694878,25.526864968197696,25.86528968811035,15000,0.0,0.0
2023-02-16 00:00:00+08:00,25.913635318753833,25.913635318753833,25.62355804090298,25.816944122314453,12000,0.0,0.0
2023-02-17 00:00:00+08:00,25.961982797738013,25.961982797738013,25.52686503608368,25.575212478637695,22000,0.0,0.0
2023-02-20 00:00:00+08:00,25.768596685174472,25.768596685174472,25.526865005493164,25.526865005493164,11000,0.0,0.0
2023-02-21 00:00:00+08:00,25.720251086944753,25.720251086944753,25.478519407263445,25.526865005493164,25000,0.0,0.0
2023-02-22 00:00:00+08:00,25.67190364088466,25.816944124086397,25.623558042661653,25.720251083374023,14000,0.0,0.0
2023-02-23 00:00:00+08:00,25.913635287922787,26.01032832851348,25.720251051007754,25.768596649169922,35000,0.0,0.0
2023-02-24 00:00:00+08:00,25.961982691743458,26.30040741117444,25.961982691743458,26.20371437072754,49000,0.0,0.0
2023-03-01 00:00:00+08:00,25.913633329162835,26.54213712336181,25.913633329162835,26.155364990234375,32000,0.0,0.0
2023-03-02 00:00:00+08:00,26.252059968817814,26.39709860735499,26.20371437072754,26.20371437072754,20000,0.0,0.0
2023-03-03 00:00:00+08:00,26.252059932406357,26.542139053344727,26.252059932406357,26.542139053344727,41000,0.0,0.0
2023-03-06 00:00:00+08:00,26.59048427234459,29.15283966064453,26.59048427234459,29.15283966064453,167000,0.0,0.0
2023-03-07 00:00:00+08:00,31.66684952125549,31.66684952125549,28.524337736703416,28.669376373291016,296000,0.0,0.0
2023-03-08 00:00:00+08:00,28.33095162680059,29.829689121243867,28.33095162680059,29.104494094848633,74000,0.0,0.0
2023-03-09 00:00:00+08:00,29.104494225819106,29.829689255477724,28.23426055908203,28.23426055908203,64000,0.0,0.0
2023-03-10 00:00:00+08:00,28.717723847703002,29.442918875733216,28.330951690673828,28.330951690673828,121000,0.0,0.0
2023-03-13 00:00:00+08:00,28.42764489568626,29.24953296776601,27.509065628051758,27.509065628051758,28000,0.0,0.0
2023-03-14 00:00:00+08:00,27.557411064232866,30.216459500255336,27.50906546673899,28.621030807495117,422000,0.0,0.0
2023-03-15 00:00:00+08:00,29.104494227487578,29.104494227487578,27.944181442260742,27.944181442260742,28000,0.0,0.0
2023-03-16 00:00:00+08:00,27.36402518207147,28.427644932965578,26.832216228757584,27.07394790649414,42000,0.0,0.0
2023-03-17 00:00:00+08:00,27.07394790649414,28.71772405280925,27.07394790649414,27.07394790649414,52000,0.0,0.0
2023-03-20 00:00:00+08:00,28.524337936423734,28.524337936423734,27.412372589111328,27.412372589111328,24000,0.0,0.0
2023-03-21 00:00:00+08:00,27.799143010919746,27.799143010919746,26.49379157894503,26.590484619140625,80000,0.0,0.0
2023-03-22 00:00:00+08:00,27.073947943158103,27.21898658114318,26.638830184936523,26.638830184936523,39000,0.0,0.0
2023-03-23 00:00:00+08:00,26.735523222746753,26.832216262817383,26.68717762484461,26.832216262817383,14000,0.0,0.0
2023-03-24 00:00:00+08:00,27.460718289794546,27.460718289794546,26.783870697021484,26.783870697021484,22000,0.0,0.0
2023-03-27 00:00:00+08:00,26.880561863000437,26.880561863000437,26.638830184936523,26.638830184936523,29000,0.0,0.0
2023-03-28 00:00:00+08:00,26.590484620400375,26.638830218367293,26.397098540000016,26.493791580200195,21000,0.0,0.0
2023-03-29 00:00:00+08:00,26.97725493822218,26.97725493822218,26.300407345321315,26.397098541259766,36000,0.0,0.0
2023-03-30 00:00:00+08:00,26.44544601578673,26.54213905610959,26.348752975463867,26.348752975463867,13000,0.0,0.0
2023-03-31 00:00:00+08:00,26.44544604819684,26.44544604819684,26.252059967314114,26.30040740966797,16000,0.0,0.0
2023-04-06 00:00:00+08:00,26.542139023700127,26.542139023700127,26.397098541259766,26.397098541259766,9000,0.0,0.0
2023-04-07 00:00:00+08:00,26.348752975463867,26.348752975463867,26.30040737743561,26.348752975463867,9000,0.0,0.0
2023-04-10 00:00:00+08:00,26.252059903085748,26.445445983495333,26.252059903085748,26.397098541259766,3000,0.0,0.0
2023-04-11 00:00:00+08:00,26.397098541259766,26.397098541259766,26.397098541259766,26.397098541259766,1000,0.0,0.0
2023-04-12 00:00:00+08:00,26.203714369226606,26.59048468672571,26.155366926872748,26.30040740966797,18000,0.0,0.0
2023-04-13 00:00:00+08:00,28.330951626994352,28.911108016967773,27.799142678674073,28.911108016967773,707000,0.0,0.0
2023-04-14 00:00:00+08:00,29.0078011199283,31.425117879922322,28.52433776792949,28.717723846435547,415000,0.0,0.0
2023-04-17 00:00:00+08:00,28.862762517679514,29.4912645071759,28.08922004699707,28.08922004699707,137000,0.0,0.0
2023-04-18 00:00:00+08:00,28.3309517224276,28.475992203609266,28.089220046146593,28.28260612487793,41000,0.0,0.0
2023-04-19 00:00:00+08:00,28.185913150314896,28.57268346440047,27.992528915405273,27.992528915405273,69000,0.0,0.0
2023-04-20 00:00:00+08:00,28.040874546572734,28.475992303105397,27.654104232025,27.750797271728516,52000,0.0,0.0
2023-04-21 00:00:00+08:00,27.605756963986366,27.605756963986366,26.542139053344727,26.542139053344727,54000,0.0,0.0
2023-04-24 00:00:00+08:00,26.20371437223959,26.44544605123762,26.01032829133463,26.10702133178711,65000,0.0,0.0
2023-04-25 00:00:00+08:00,26.348753079796463,26.348753079796463,25.816944122314453,25.816944122314453,37000,0.0,0.0
2023-04-26 00:00:00+08:00,25.8652896542927,26.155366931400657,25.8652896542927,26.01032829284668,19000,0.0,0.0
2023-04-27 00:00:00+08:00,26.155366576985347,26.39709825272187,26.0103279403967,28.572683334350586,14000,0.0,0.0
2023-04-28 00:00:00+08:00,26.397098540000016,26.638830218367293,26.397098540000016,26.493791580200195,16000,0.0,0.0
2023-05-02 00:00:00+08:00,26.832216300048163,26.832216300048163,26.34875294329054,26.397098541259766,10000,0.0,0.0
2023-05-03 00:00:00+08:00,26.49379158146456,26.49379158146456,26.397098541259766,26.397098541259766,19000,0.0,0.0
2023-05-04 00:00:00+08:00,26.832216006175592,29.007801087757397,26.44544569385876,28.862762451171875,306000,0.0,0.0
2023-05-05 00:00:00+08:00,28.86276255092085,28.86276255092085,27.895835844653927,27.944181442260742,101000,0.0,0.0
2023-05-08 00:00:00+08:00,28.040874448176755,29.829689221482674,27.50906549807304,28.37929916381836,146000,0.0,0.0
2023-05-09 00:00:00+08:00,28.37929916339601,28.911108113491814,28.37929916339601,28.47599220275879,57000,0.0,0.0
2023-05-10 00:00:00+08:00,30.40984517175046,31.28007698059082,29.49126407753069,31.28007698059082,295000,0.0,0.0
2023-05-11 00:00:00+08:00,34.374244689941406,34.374244689941406,34.374244689941406,34.374244689941406,328000,0.0,0.0
2023-05-12 00:00:00+08:00,30.94165607855063,32.68212349526254,30.94165607855063,30.990001678466797,783000,0.0,0.0
2023-05-15 00:00:00+08:00,30.990000057128395,30.990000057128395,28.862762419580957,28.911108016967773,429000,0.0,0.0
2023-05-16 00:00:00+08:00,29.587957320055814,30.941654328054955,29.29787820417051,29.878034591674805,215000,0.0,0.0
2023-05-17 00:00:00+08:00,29.539609909057617,29.92638206397004,29.346225675867725,29.539609909057617,62000,0.0,0.0
2023-05-18 00:00:00+08:00,29.68465032917192,31.715194917018717,29.63630288777261,30.313152313232422,199000,0.0,0.0
2023-05-19 00:00:00+08:00,30.216459433032423,30.844961420386234,29.007801055711127,29.201187133789062,112000,0.0,0.0
2023-05-22 00:00:00+08:00,29.104494063316316,29.63630301105679,28.911107985447245,29.24953269958496,70000,0.0,0.0
2023-05-23 00:00:00+08:00,29.24953263713962,29.58795735055483,29.24953263713962,29.539609909057617,43000,0.0,0.0
2023-05-24 00:00:00+08:00,29.87803453212547,31.32842642012861,29.39457118421319,30.55488395690918,172000,0.0,0.0
2023-05-25 00:00:00+08:00,31.086694777224533,31.086694777224533,30.313152313232422,30.313152313232422,67000,0.0,0.0
2023-05-26 00:00:00+08:00,30.458190948072296,30.65157702513166,30.02307319682188,30.119766235351562,81000,0.0,0.0
2023-05-29 00:00:00+08:00,30.458190979496123,30.458190979496123,29.974727630615234,29.974727630615234,91000,0.0,0.0
2023-05-30 00:00:00+08:00,30.26480478322651,31.135040283203125,30.02307310973663,31.135040283203125,63000,0.0,0.0
2023-05-31 00:00:00+08:00,32.00527176142643,34.22920608520508,31.425117226504,34.22920608520508,560000,0.0,0.0
2023-06-01 00:00:00+08:00,37.56510006864927,37.61344935350886,34.80936050415039,34.80936050415039,619000,0.0,0.0
2023-06-02 00:00:00+08:00,35.29282395855245,35.48621003301815,33.4556617839271,34.03582000732422,226000,0.0,0.0
2023-06-05 00:00:00+08:00,33.84243587795779,34.03582196353839,33.40731810753463,33.600704193115234,76000,0.0,0.0
2023-06-06 00:00:00+08:00,34.61597833067341,35.58290512029296,34.13251493586363,34.32590103149414,161000,0.0,0.0
2023-06-07 00:00:00+08:00,34.66432018854238,34.66432018854238,32.39204395376587,33.165584564208984,175000,0.0,0.0
2023-06-08 00:00:00+08:00,34.132511371693106,34.22920625367782,32.392044069826845,32.58543014526367,68000,0.0,0.0
2023-06-09 00:00:00+08:00,33.020547949291846,33.16558473971787,31.908580780029297,31.908580780029297,73000,0.0,0.0
2023-06-12 00:00:00+08:00,32.39204213199626,34.61597264514326,31.90857881659333,32.44038772583008,91000,0.0,0.0
2023-06-13 00:00:00+08:00,32.44039341136496,33.16558851156775,32.05362490437661,32.488739013671875,47000,0.0,0.0
2023-06-14 00:00:00+08:00,33.16558665876097,33.16558665876097,32.24700551211435,32.537086486816406,40000,0.0,0.0
2023-06-15 00:00:00+08:00,32.682123285634624,32.682123285634624,32.295354800253236,32.537086486816406,23000,0.0,0.0
2023-06-16 00:00:00+08:00,32.537084431956956,34.51928339888387,32.537084431956956,33.165584564208984,58000,0.0,0.0
2023-06-19 00:00:00+08:00,33.60070237555826,34.180856912385075,33.26227951049805,33.26227951049805,31000,0.0,0.0
2023-06-20 00:00:00+08:00,33.55235677611003,33.55235677611003,33.06889343261719,33.06889343261719,8000,0.0,0.0
2023-06-21 00:00:00+08:00,33.06889348958944,33.06889348958944,32.58543014526367,32.58543014526367,21000,0.0,0.0
2023-06-26 00:00:00+08:00,32.68212507190679,32.972202373930486,32.63377946965834,32.875511169433594,21000,0.0,0.0
2023-06-27 00:00:00+08:00,32.8755074724977,33.35897081768149,32.101966857910156,32.101966857910156,43000,0.0,0.0
2023-06-28 00:00:00+08:00,32.198658051533876,32.633775799905806,31.90858078213012,32.101966857910156,28000,0.0,0.0
2023-06-29 00:00:00+08:00,31.956926372552513,32.29535292723306,31.521808624267578,31.521808624267578,17000,0.0,0.0
2023-06-30 00:00:00+08:00,31.42511939010575,32.343700540753865,31.42511939010575,31.618505477905273,17000,0.0,0.0
2023-07-03 00:00:00+08:00,32.4887353166335,32.4887353166335,31.61850350853753,31.715194702148438,29000,0.0,0.0
2023-07-04 00:00:00+08:00,32.68212139456591,32.68212139456591,31.715194704261993,31.908580780029297,13000,0.0,0.0
2023-07-05 00:00:00+08:00,31.52180874905833,31.57015803458453,31.135040284577023,31.328426361083984,45000,0.0,0.0
2023-07-06 00:00:00+08:00,33.020547612571114,34.42258834838867,32.39204379486957,34.42258834838867,673000,0.0,0.0
2023-07-07 00:00:00+08:00,34.277555807291904,34.277555807291904,32.39204780905804,32.488739013671875,281000,0.0,0.0
2023-07-10 00:00:00+08:00,32.538568059680486,33.03686157482611,30.495563507080078,30.495563507080078,152000,1.0,0.0
2023-07-11 00:00:00+08:00,30.495563390329163,31.392491333989657,30.495563390329163,30.59522247314453,91000,0.0,0.0
2023-07-12 00:00:00+08:00,30.69488071161275,32.588397647761255,30.69488071161275,31.29283332824707,125000,0.0,0.0
2023-07-13 00:00:00+08:00,31.342662862995425,31.342662862995425,30.44573301506217,30.495563507080078,62000,0.0,0.0
2023-07-14 00:00:00+08:00,30.49556456196458,33.53515625,30.49556456196458,33.53515625,250000,0.0,0.0
2023-07-17 00:00:00+08:00,36.873722076416016,36.873722076416016,35.677816816304755,36.873722076416016,580000,0.0,0.0
2023-07-18 00:00:00+08:00,40.561092376708984,40.561092376708984,37.37201316004923,40.561092376708984,1183000,0.0,0.0
2023-07-19 00:00:00+08:00,41.458018498860135,42.305119746612036,38.36860025846041,38.86689376831055,660000,0.0,0.0
2023-07-20 00:00:00+08:00,39.11604085921381,40.81023956759176,36.9733772277832,36.9733772277832,308000,0.0,0.0
2023-07-21 00:00:00+08:00,38.219110455173926,38.41842861825182,36.62457275390625,36.62457275390625,170000,0.0,0.0
2023-07-24 00:00:00+08:00,35.279183201471206,39.71399254655713,34.9802040441899,39.36518859863281,220000,0.0,0.0
2023-07-25 00:00:00+08:00,40.36177565418984,43.30170822143555,38.51809112645974,43.30170822143555,848000,0.0,0.0
2023-07-26 00:00:00+08:00,46.34129639049708,46.83958990007231,42.85324182347041,43.75017166137695,1206000,0.0,0.0
2023-07-27 00:00:00+08:00,43.849828532322704,48.085323333740234,42.354948014175335,48.085323333740234,787000,0.0,0.0
2023-07-28 00:00:00+08:00,48.08532326370372,52.81911156427559,47.83617651104204,49.77952194213867,1523000,0.0,0.0
2023-07-31 00:00:00+08:00,52.61979637355515,52.61979637355515,44.896246604849594,45.14539337158203,775000,0.0,0.0
2023-08-01 00:00:00+08:00,45.14539255469981,47.18839524460314,43.84983015146925,44.24846649169922,317000,0.0,0.0
2023-08-02 00:00:00+08:00,43.55085597697194,45.29488335978918,42.35495072556166,42.50444030761719,233000,0.0,0.0
2023-08-04 00:00:00+08:00,41.55767972128038,46.739933013916016,41.55767972128038,46.739933013916016,414000,0.0,0.0
2023-08-07 00:00:00+08:00,47.836177941524625,51.32423258309412,46.989080477814596,49.331058502197266,1145000,0.0,0.0
2023-08-08 00:00:00+08:00,48.135151930256164,52.32081814194751,48.135151930256164,50.52696228027344,735000,0.0,0.0
2023-08-09 00:00:00+08:00,50.12832626741254,51.523549613905665,47.53720154012848,48.633445739746094,537000,0.0,0.0
2023-08-10 00:00:00+08:00,48.83276327468643,51.72286711161447,47.33788276627766,47.537200927734375,904000,0.0,0.0
2023-08-11 00:00:00+08:00,48.434128184841896,50.32764506437053,47.836177486926445,49.72969436645508,549000,0.0,0.0
2023-08-14 00:00:00+08:00,49.032081761932076,54.114674003621595,48.832763599151015,50.52696228027344,1284000,0.0,0.0
2023-08-15 00:00:00+08:00,49.72969412002114,53.31740589309071,49.63003313641056,49.92900848388672,863000,0.0,0.0
2023-08-16 00:00:00+08:00,51.32423120615434,51.32423120615434,48.832763671875,48.832763671875,479000,0.0,0.0
2023-08-17 00:00:00+08:00,48.38430173612609,49.82935375536734,47.93583679199219,47.93583679199219,376000,0.0,0.0
2023-08-18 00:00:00+08:00,47.98566785179965,52.021844633334695,47.6866886962447,50.62662124633789,907000,0.0,0.0
2023-08-21 00:00:00+08:00,51.62320888615886,53.81570117588223,51.32423352885065,51.722869873046875,975000,0.0,0.0
2023-08-22 00:00:00+08:00,51.722870531548516,53.317408325278166,49.18157045787979,49.630035400390625,549000,0.0,0.0
2023-08-23 00:00:00+08:00,51.523552609687044,51.523552609687044,48.932423930066825,49.43071746826172,217000,0.0,0.0
2023-08-24 00:00:00+08:00,49.58020563543001,50.726282261241764,47.33788477754624,47.43754196166992,306000,0.0,0.0
2023-08-25 00:00:00+08:00,46.14197827551304,49.53037566490738,46.14197827551304,46.939247131347656,188000,0.0,0.0
2023-08-28 00:00:00+08:00,48.284644549286554,49.032084855617065,44.946075566670146,47.93583679199219,370000,0.0,0.0
2023-08-29 00:00:00+08:00,49.032081604003906,51.32423096440895,48.83276344186483,49.032081604003906,840000,0.0,0.0
2023-08-30 00:00:00+08:00,49.03208261946761,51.02525667878192,48.98225402832031,48.98225402832031,384000,0.0,0.0
2023-08-31 00:00:00+08:00,49.03208315039831,51.025257231295164,48.83276498197305,49.331058502197266,360000,0.0,0.0
2023-09-01 00:00:00+08:00,49.829353539848576,50.02867171434357,48.88259506225586,48.88259506225586,160000,0.0,0.0
2023-09-04 00:00:00+08:00,48.63344580103764,51.82252502441406,48.63344580103764,51.82252502441406,585000,0.0,0.0
2023-09-05 00:00:00+08:00,51.92218359791491,57.00477981567383,51.92218359791491,57.00477981567383,1068000,0.0,0.0
2023-09-06 00:00:00+08:00,58.101023047343546,60.09419710592602,54.1146749301786,54.61296844482422,1949000,0.0,0.0
2023-09-07 00:00:00+08:00,54.812285913893334,57.303753455433935,54.41364958657573,55.21092224121094,498000,0.0,0.0
2023-09-08 00:00:00+08:00,55.01160464016186,57.104435875788475,52.91876960285744,53.11808776855469,479000,0.0,0.0
2023-09-11 00:00:00+08:00,53.118086770560595,55.70921527258656,52.22116074429132,55.609554290771484,625000,0.0,0.0
2023-09-12 00:00:00+08:00,56.406824196687005,56.406824196687005,52.91876960285744,53.11808776855469,711000,0.0,0.0
2023-09-13 00:00:00+08:00,54.11467541044337,55.210923433399564,53.11808837230748,54.21433639526367,474000,0.0,0.0
2023-09-14 00:00:00+08:00,54.21433716603708,58.30034255981445,54.21433716603708,58.30034255981445,1027000,0.0,0.0
2023-09-15 00:00:00+08:00,58.79863372085445,58.79863372085445,55.011603834762084,55.41023635864258,660000,0.0,0.0
2023-09-18 00:00:00+08:00,53.815699351917615,57.00477859236681,53.815699351917615,54.812286376953125,217000,0.0,0.0
2023-09-19 00:00:00+08:00,55.11126425767258,55.808875967603214,53.61638365139749,54.313995361328125,276000,0.0,0.0
2023-09-20 00:00:00+08:00,55.80887268420083,57.00477785919782,54.21433498532333,55.41023635864258,428000,0.0,0.0
2023-09-21 00:00:00+08:00,54.51331032865315,57.20409602197695,54.51331032865315,55.41023635864258,348000,0.0,0.0
2023-09-22 00:00:00+08:00,54.61296775023453,56.107848275158894,54.61296775023453,55.21092224121094,131000,0.0,0.0
2023-09-25 00:00:00+08:00,55.210924445137216,58.49966097091604,55.210924445137216,58.10102462768555,510000,0.0,0.0
2023-09-26 00:00:00+08:00,57.90170604969767,63.5822529916357,56.40682547559176,63.18362045288086,1478000,0.0,0.0
2023-09-27 00:00:00+08:00,65.774743484858,69.46211242675781,64.0805485879539,69.46211242675781,2378000,0.0,0.0
2023-09-28 00:00:00+08:00,75.04300348506216,76.33856201171875,70.45869724246936,76.33856201171875,3056000,0.0,0.0
2023-10-02 00:00:00+08:00,75.64095866033887,82.41774604232724,74.74402879413806,75.74061584472656,3104000,0.0,0.0
2023-10-03 00:00:00+08:00,73.74744093747815,80.22525669549987,73.74744093747815,78.03276824951172,1938000,0.0,0.0
2023-10-04 00:00:00+08:00,77.43481030462547,78.03276861391986,75.939929738101,76.13925170898438,278000,0.0,0.0
2023-10-05 00:00:00+08:00,76.83685772367649,76.83685772367649,72.65119528089083,72.85050964355469,542000,0.0,0.0
2023-10-06 00:00:00+08:00,73.2491480161066,74.64437140375121,72.7508544921875,72.7508544921875,390000,0.0,0.0
2023-10-11 00:00:00+08:00,74.94334101234743,76.73720069327265,74.0464187752404,74.34539031982422,341000,0.0,0.0
2023-10-12 00:00:00+08:00,76.73720252340016,78.53106224710766,75.64095829373701,77.6341323852539,439000,0.0,0.0
2023-10-13 00:00:00+08:00,79.62730951862108,79.62730951862108,74.64437409947527,75.24232482910156,276000,0.0,0.0
2023-10-16 00:00:00+08:00,73.84709970026448,74.34539323077011,71.65461120738202,71.95358276367188,297000,0.0,0.0
2023-10-17 00:00:00+08:00,72.35222055420795,72.85051409466855,69.26280212402344,69.26280212402344,177000,0.0,0.0
2023-10-18 00:00:00+08:00,67.56860695604342,68.36587205674016,64.77816009521484,64.77816009521484,272000,0.0,0.0
2023-10-19 00:00:00+08:00,63.482595310169415,67.07031094093126,63.482595310169415,66.77133178710938,235000,0.0,0.0
2023-10-20 00:00:00+08:00,65.27645363440881,67.46894216551983,64.77816009521484,64.77816009521484,175000,0.0,0.0
2023-10-23 00:00:00+08:00,64.47917868703135,64.87781502518858,61.788396710342596,61.88805389404297,186000,0.0,0.0
2023-10-24 00:00:00+08:00,62.28668694171657,68.06689453125,62.08736878316754,68.06689453125,440000,0.0,0.0
2023-10-25 00:00:00+08:00,69.76109220165998,73.54812596252091,68.6648479877336,70.55836486816406,984000,0.0,0.0
2023-10-26 00:00:00+08:00,69.76109095450734,73.24914550223271,68.06689607266865,68.3658676147461,466000,0.0,0.0
2023-10-27 00:00:00+08:00,69.76109496507802,70.45870287338643,64.87781679685136,65.17679595947266,287000,0.0,0.0
2023-10-30 00:00:00+08:00,65.37610984900451,67.56860595085473,65.17679547763444,65.57543182373047,172000,0.0,0.0
2023-10-31 00:00:00+08:00,65.57542988720549,65.97405861817361,60.79180908203125,60.79180908203125,308000,0.0,0.0
2023-11-01 00:00:00+08:00,61.290102362911966,63.28327642349447,60.991127014160156,60.991127014160156,173000,0.0,0.0
2023-11-02 00:00:00+08:00,62.68532764357866,64.27986542015155,62.386348484003044,62.58566665649414,149000,0.0,0.0
2023-11-03 00:00:00+08:00,63.08395677909847,68.7645034790039,61.38975810696138,68.7645034790039,813000,0.0,0.0
2023-11-06 00:00:00+08:00,72.65119355733839,73.14948705553228,68.76450275075507,71.05665588378906,1251000,0.0,0.0
2023-11-07 00:00:00+08:00,71.05665616455127,71.15631334391274,69.06348216390025,69.16313934326172,311000,0.0,0.0
2023-11-08 00:00:00+08:00,69.06348513933,70.45870091721082,68.2662124633789,68.2662124633789,188000,0.0,0.0
2023-11-09 00:00:00+08:00,68.46552671648479,68.96382023728411,66.57201742013194,66.77133178710938,151000,0.0,0.0
2023-11-10 00:00:00+08:00,66.77133119038812,68.56519089057663,65.67508697509766,65.67508697509766,187000,0.0,0.0
2023-11-13 00:00:00+08:00,64.87781466055905,70.75767970610359,63.58225227134625,70.15972900390625,487000,0.0,0.0
2023-11-14 00:00:00+08:00,70.6580226404052,75.34197868598464,69.46211363066708,71.65460968017578,1088000,0.0,0.0
2023-11-15 00:00:00+08:00,71.65460719321011,73.74743838341985,71.65460719321011,72.15290069580078,295000,0.0,0.0
2023-11-16 00:00:00+08:00,72.15290628899017,75.44163909901319,70.8573400404818,72.2525634765625,570000,0.0,0.0
2023-11-17 00:00:00+08:00,72.7508569636815,73.54812967037932,70.75768280029297,70.75768280029297,212000,0.0,0.0
2023-11-20 00:00:00+08:00,71.55495077998853,72.05324428791782,69.76109111010088,69.86074829101562,188000,0.0,0.0
2023-11-21 00:00:00+08:00,70.75768290339289,74.74403123597841,70.06007498653284,73.74744415283203,783000,0.0,0.0
2023-11-22 00:00:00+08:00,72.95016886041283,73.64778435591302,72.15290378415574,72.7508544921875,313000,0.0,0.0
2023-11-23 00:00:00+08:00,72.75085751327657,78.73038004861438,71.85392761230469,71.85392761230469,943000,0.0,0.0
2023-11-24 00:00:00+08:00,71.85392308411679,77.9331024245997,71.85392308411679,72.45187377929688,878000,0.0,0.0
2023-11-27 00:00:00+08:00,74.04641830975605,79.62730407714844,72.65119496706907,79.62730407714844,1440000,0.0,0.0
2023-11-28 00:00:00+08:00,87.40067853815441,87.5003433227539,84.41091748070299,87.5003433227539,1113000,0.0,0.0
2023-11-29 00:00:00+08:00,88.29760775123324,96.17064666748047,87.89897142572285,96.17064666748047,1830000,0.0,0.0
2023-11-30 00:00:00+08:00,102.15017462676427,105.63822937011719,101.15358755723486,105.63822937011719,631000,0.0,0.0
2023-12-01 00:00:00+08:00,109.62457840287541,110.1228719410703,98.36314139832855,98.86143493652344,2422000,0.0,0.0
2023-12-04 00:00:00+08:00,98.86143364831854,99.35972718002047,93.67918395996094,93.67918395996094,1149000,0.0,0.0
2023-12-05 00:00:00+08:00,94.1774745941162,100.65529030693902,89.29419661300942,89.69283294677734,2013000,0.0,0.0
2023-12-06 00:00:00+08:00,89.89214800710606,98.66211700439453,88.89556096665764,98.66211700439453,1760000,0.0,0.0
2023-12-07 00:00:00+08:00,99.65870232158088,103.64505041444411,95.67235422871764,96.86825561523438,2484000,0.0,0.0
2023-12-08 00:00:00+08:00,99.45939021971856,106.13652038574219,99.3597254324464,106.13652038574219,1203000,0.0,0.0
2023-12-11 00:00:00+08:00,109.62457575349727,116.6006851196289,109.62457575349727,116.6006851196289,1579000,0.0,0.0
2023-12-12 00:00:00+08:00,125.56996575717268,126.56655278699152,108.62798625025256,115.60409545898438,3082000,0.0,0.0
2023-12-13 00:00:00+08:00,117.09897927676931,127.06484985351562,116.60068574793199,127.06484985351562,1576000,0.0,0.0
2023-12-14 00:00:00+08:00,128.0614338859183,134.53924960777408,117.59727002753586,121.5836181640625,3687000,0.0,0.0
2023-12-15 00:00:00+08:00,124.57337638823059,129.5563114437598,116.1023867938309,119.09214782714844,2413000,0.0,0.0
2023-12-18 00:00:00+08:00,116.60068557923098,129.55631731025665,116.60068557923098,124.07508850097656,2137000,0.0,0.0
2023-12-19 00:00:00+08:00,124.57337702413004,125.56996404032309,119.09214843506832,125.07167053222656,671000,0.0,0.0
2023-12-20 00:00:00+08:00,126.06825769980122,129.5563122606653,125.0716706824115,126.5665512084961,407000,0.0,0.0
2023-12-21 00:00:00+08:00,124.07508336344073,126.06825739337552,123.07849634847334,123.57678985595703,197000,0.0,0.0
2023-12-22 00:00:00+08:00,126.06825707175514,126.06825707175514,120.08873499720549,120.58702850341797,141000,0.0,0.0
2023-12-25 00:00:00+08:00,124.57337621915137,124.57337621915137,117.5972671508789,117.5972671508789,179000,0.0,0.0
2023-12-26 00:00:00+08:00,118.59385941823324,123.07850116093954,115.60409825642904,119.59044647216797,184000,0.0,0.0
2023-12-27 00:00:00+08:00,119.09214766550872,121.58361518989174,117.5972671508789,117.5972671508789,118000,0.0,0.0
2023-12-28 00:00:00+08:00,118.5938541606321,119.09214766550872,115.60409313137248,117.5972671508789,100000,0.0,0.0
2023-12-29 00:00:00+08:00,122.5802023660189,122.5802023660189,118.59385432159551,119.09214782714844,150000,0.0,0.0
2024-01-02 00:00:00+08:00,119.09215275039021,119.09215275039021,116.10239159347665,116.6006851196289,106000,0.0,0.0
2024-01-03 00:00:00+08:00,116.6006804537182,123.07849603448032,116.6006804537182,120.58702850341797,224000,0.0,0.0
2024-01-04 00:00:00+08:00,121.58362038115152,121.58362038115152,116.6006851196289,116.6006851196289,241000,0.0,0.0
2024-01-05 00:00:00+08:00,116.6006829934042,128.0614338859183,109.12628023741675,121.5836181640625,2250000,0.0,0.0
2024-01-08 00:00:00+08:00,124.57337671396684,133.54265983737247,122.0819091796875,122.0819091796875,2750000,0.0,0.0
2024-01-09 00:00:00+08:00,124.57337926645748,127.06484685178663,120.088737612865,121.5836181640625,1031000,0.0,0.0
2024-01-10 00:00:00+08:00,120.58703087558266,123.07849845565669,117.59726977949383,118.59385681152344,699000,0.0,0.0
2024-01-11 00:00:00+08:00,119.59044384355305,126.56655306776031,117.59726977949383,118.59385681152344,730000,0.0,0.0
2024-01-12 00:00:00+08:00,119.59044371259974,122.08191128994557,115.6040955888464,117.0989761352539,424000,0.0,0.0
2024-01-15 00:00:00+08:00,118.09556354460169,127.56314036885246,115.60409595927254,121.5836181640625,1293949,0.0,0.0
2024-01-16 00:00:00+08:00,122.0819115539804,123.07849858707412,116.60068287196495,120.08873748779297,612000,0.0,0.0
2024-01-17 00:00:00+08:00,120.08873467526193,123.57678920939817,117.09897364600229,117.5972671508789,818000,0.0,0.0
2024-01-18 00:00:00+08:00,117.5972668191661,119.59044083305027,114.60750579833984,114.60750579833984,375000,0.0,0.0
2024-01-19 00:00:00+08:00,115.60409834747944,121.0853271484375,113.61092423804013,121.0853271484375,1009000,0.0,0.0
2024-01-22 00:00:00+08:00,127.06485019640976,133.04437255859375,126.06826313604576,133.04437255859375,1835000,0.0,0.0
2024-01-23 00:00:00+08:00,141.51535836177473,146.0,140.02047781569965,146.0,1832000,0.0,0.0
2024-01-24 00:00:00+08:00,148.49146328550398,148.98975678646204,131.5494842529297,131.5494842529297,3265000,0.0,0.0
2024-01-25 00:00:00+08:00,132.5460733128345,133.04436682152937,124.57337717371662,126.5665512084961,1139000,0.0,0.0
2024-01-26 00:00:00+08:00,127.06484976268949,134.53925268990653,124.57338212028382,125.5699691772461,1386000,0.0,0.0
2024-01-29 00:00:00+08:00,125.56996419110635,128.06143173458068,122.58020313893715,126.5665512084961,521000,0.0,0.0
2024-01-30 00:00:00+08:00,125.56996025282518,136.53241710029405,124.07507977362489,135.03753662109375,1756000,0.0,0.0
2024-01-31 00:00:00+08:00,137.5290040864276,145.50169997549585,135.03753662109375,135.03753662109375,3843000,0.0,0.0
2024-02-01 00:00:00+08:00,133.54265893023947,140.51876797883406,132.54607192329738,137.5290069580078,1211000,0.0,0.0
2024-02-02 00:00:00+08:00,139.52217805869466,142.01364552402848,134.53924312802698,135.03753662109375,1400000,0.0,0.0
2024-02-05 00:00:00+08:00,133.0443749647874,133.0443749647874,128.55973311204178,129.5563201904297,728000,0.0,0.0
2024-02-15 00:00:00+08:00,130.5528982176003,141.0170618151942,127.56313718971631,140.51876831054688,930000,0.0,0.0
2024-02-16 00:00:00+08:00,141.5153581041077,146.49829324861852,138.0273035029501,143.01023864746094,1452000,0.0,0.0
2024-02-19 00:00:00+08:00,144.50512127284586,146.00000183773736,136.5324249267578,136.5324249267578,736000,0.0,0.0
2024-02-20 00:00:00+08:00,135.5358403803228,139.5221886268029,134.53925331870278,136.0341339111328,279000,0.0,0.0
2024-02-21 00:00:00+08:00,138.52559901327982,142.51194718632385,136.0341314051273,136.5324249267578,590000,0.0,0.0
2024-02-22 00:00:00+08:00,139.52218879508288,144.00683057778198,136.0341340752058,139.02389526367188,923000,0.0,0.0
2024-02-23 00:00:00+08:00,142.0136500339882,152.47781372070312,138.5255954717499,152.47781372070312,2759000,0.0,0.0
2024-02-26 00:00:00+08:00,167.42662744614682,167.42662744614682,150.48464728790577,153.9727020263672,4651000,0.0,0.0
2024-02-27 00:00:00+08:00,153.97269062187434,155.46757111334884,143.0102336843946,144.00682067871094,960000,0.0,0.0
2024-02-29 00:00:00+08:00,143.5085333694795,157.95904541015625,143.5085333694795,157.95904541015625,1651000,0.0,0.0
2024-03-01 00:00:00+08:00,158.45733868270827,161.94539330779932,153.97269702187688,154.9692840576172,1791000,0.0,0.0
2024-03-04 00:00:00+08:00,154.96928475330665,166.43003571576986,153.4744041929854,163.93856811523438,1510000,0.0,0.0
2024-03-05 00:00:00+08:00,164.43686654634564,165.93174715131244,159.45393119645638,159.9522247314453,1117000,0.0,0.0
2024-03-06 00:00:00+08:00,158.4573314666748,165.93173389434813,156.46415748596192,159.45391845703125,1274000,0.0,0.0
2024-03-07 00:00:00+08:00,157.46075399298417,160.4505151447497,149.48805758827612,151.48123168945312,677000,0.0,0.0
2024-03-08 00:00:00+08:00,155.46757946275685,155.46757946275685,143.50853488869865,145.501708984375,587000,0.0,0.0
2024-03-11 00:00:00+08:00,146.4982921672317,158.45733642578125,146.4982921672317,158.45733642578125,643000,0.0,0.0
2024-03-12 00:00:00+08:00,157.9590529909559,158.95564007607237,153.97270465049016,156.46417236328125,684000,0.0,0.0
2024-03-13 00:00:00+08:00,157.46075439453125,159.95222202735613,151.4812320757516,157.46075439453125,710000,0.0,0.0
2024-03-14 00:00:00+08:00,157.4607594483977,163.93857550165455,156.46417236328125,156.46417236328125,1317000,0.0,0.0
2024-03-15 00:00:00+08:00,156.9624604676899,160.94880867004395,150.98293816415887,151.48123168945312,699000,0.0,0.0
2024-03-18 00:00:00+08:00,151.48123168945312,151.48123168945312,151.48123168945312,151.48123168945312,0,0.0,0.0
2024-03-19 00:00:00+08:00,159.45392060203676,161.4470946095622,155.9658660888672,155.9658660888672,721000,0.0,0.0
2024-03-20 00:00:00+08:00,155.9658660888672,155.9658660888672,155.9658660888672,155.9658660888672,0,0.0,0.0
2024-03-21 00:00:00+08:00,164.43685825054462,165.93173878009503,154.4709880535419,155.4675750732422,1217000,0.0,0.0
2024-03-22 00:00:00+08:00,156.46416984437005,159.45393105158732,153.972702171689,156.96246337890625,556000,0.0,0.0
2024-03-25 00:00:00+08:00,156.96246337890625,156.96246337890625,156.96246337890625,156.96246337890625,0,0.0,0.0
2024-03-26 00:00:00+08:00,156.96246337890625,156.96246337890625,156.96246337890625,156.96246337890625,0,0.0,0.0
2024-03-27 00:00:00+08:00,159.45392643427053,164.43686163534147,157.46075235384214,163.93856811523438,839000,0.0,0.0
2024-03-28 00:00:00+08:00,167.42662818030973,178.88737951408092,164.93516049905512,168.9215087890625,2526000,0.0,0.0
2024-03-29 00:00:00+08:00,168.42320694158107,171.41296801154996,159.95221724333587,161.4470977783203,813000,0.0,0.0
2024-04-01 00:00:00+08:00,161.9453918366205,168.9215010234288,160.94880480993362,167.42662048339844,724000,0.0,0.0
2024-04-02 00:00:00+08:00,168.92149636911793,175.39931186409885,167.42661587027618,171.4129638671875,1361000,0.0,0.0
2024-04-03 00:00:00+08:00,169.91808583785078,172.907846878986,166.92832479671557,170.9146728515625,476000,0.0,0.0
2024-04-08 00:00:00+08:00,172.40955533114345,172.40955533114345,164.43685913085938,164.43685913085938,490000,0.0,0.0
2024-04-09 00:00:00+08:00,168.4232046813043,168.92149818627857,160.4505086017159,164.93515014648438,676000,0.0,0.0
2024-04-10 00:00:00+08:00,167.9249188492938,169.41979943252193,162.94198357186667,163.44027709960938,510000,0.0,0.0
2024-04-11 00:00:00+08:00,164.93514729131218,166.4300277803573,161.94538631322192,162.4436798095703,416000,0.0,0.0
2024-04-12 00:00:00+08:00,165.43344912710776,172.90785194911564,165.43344912710776,169.9180908203125,1125000,0.0,0.0
2024-04-15 00:00:00+08:00,169.41979453677223,171.91126210348946,166.928326970055,167.42662048339844,428000,0.0,0.0
2024-04-16 00:00:00+08:00,165.43345314756084,165.43345314756084,150.98294067382812,150.98294067382812,872000,0.0,0.0
2024-04-17 00:00:00+08:00,151.48122388263081,156.96245237838392,149.98634338378906,149.98634338378906,576000,0.0,0.0
2024-04-18 00:00:00+08:00,151.4812305756729,152.4778176189339,135.5358378834968,136.5324249267578,855000,0.0,0.0
2024-04-19 00:00:00+08:00,138.02730738927448,138.5256009177556,123.07850153484041,125.5699691772461,820000,0.0,0.0
2024-04-22 00:00:00+08:00,126.56655278699152,127.06484630190093,115.10580194407497,115.60409545898438,675000,0.0,0.0
2024-04-23 00:00:00+08:00,118.59385986328125,127.06484985351562,116.60068574793199,127.06484985351562,967000,0.0,0.0
2024-04-24 00:00:00+08:00,130.5529028756278,139.52218627929688,130.5529028756278,139.52218627929688,1290000,0.0,0.0
2024-04-25 00:00:00+08:00,136.53242514474053,147.49488263811384,136.53242514474053,139.52218627929688,1411000,0.0,0.0
2024-04-26 00:00:00+08:00,140.51877568842292,143.50853687328296,134.53925331870278,136.0341339111328,617000,0.0,0.0
2024-04-29 00:00:00+08:00,138.02731070758628,143.50853965265287,132.04778822205907,138.52560424804688,566000,0.0,0.0
2024-04-30 00:00:00+08:00,137.03071866716658,143.50853445870536,136.03413162231445,139.52218627929688,378000,0.0,0.0
2024-05-02 00:00:00+08:00,140.518773324149,141.51536036900112,136.03413162231445,139.52218627929688,380000,0.0,0.0
2024-05-03 00:00:00+08:00,140.5187710752055,144.0068256763631,139.02389053185226,143.01023864746094,686000,0.0,0.0
2024-05-06 00:00:00+08:00,146.0000048721046,148.98976606402482,142.01365661621094,142.01365661621094,1050000,0.0,0.0
2024-05-07 00:00:00+08:00,142.0136494539222,147.49487802933675,142.0136494539222,146.498291015625,542000,0.0,0.0
2024-05-08 00:00:00+08:00,150.48464728790577,158.4573438329604,147.4948860835103,153.9727020263672,1170000,0.0,0.0
2024-05-09 00:00:00+08:00,151.48123435603762,155.4675826285649,147.4948860835103,153.9727020263672,856000,0.0,0.0
2024-05-10 00:00:00+08:00,155.46758517971287,157.46075934868352,151.97953038401417,153.4744110107422,819000,0.0,0.0
2024-05-13 00:00:00+08:00,153.9726913807004,154.47098488031432,148.98975638456125,149.98634338378906,389000,0.0,0.0
2024-05-14 00:00:00+08:00,149.48805536104553,155.9658710933575,149.48805536104553,154.9692840576172,435000,0.0,0.0
2024-05-15 00:00:00+08:00,154.96928185037098,160.45051046887284,153.97269482882518,158.45733642578125,721000,0.0,0.0
2024-05-16 00:00:00+08:00,159.45393105158732,160.45051812065972,154.9692892407614,156.96246337890625,590000,0.0,0.0
2024-05-17 00:00:00+08:00,158.95563586461063,172.40956115722656,158.45734233525448,172.40956115722656,1619000,0.0,0.0
2024-05-20 00:00:00+08:00,176.39589886332666,179.38565986101017,167.9249093698901,171.4129638671875,1842000,0.0,0.0
2024-05-21 00:00:00+08:00,171.4129703259342,188.35494995117188,167.9249156972088,188.35494995117188,1876000,0.0,0.0
2024-05-22 00:00:00+08:00,186.86006507095027,206.79180534518497,181.8771300023916,195.3310546875,2534000,0.0,0.0
2024-05-23 00:00:00+08:00,197.8225325763528,203.30376143866988,193.33789077991156,196.32765197753906,1749000,0.0,0.0
2024-05-24 00:00:00+08:00,203.3037567138672,205.7952243206548,196.32764741486196,203.3037567138672,1583000,0.0,0.0
2024-05-27 00:00:00+08:00,202.8054680633545,209.28328399658204,195.82935859680177,199.31741333007812,1105000,0.0,0.0
2024-05-28 00:00:00+08:00,198.81911800608916,214.26621740004597,193.33788918887868,211.77474975585938,1660000,0.0,0.0
2024-05-29 00:00:00+08:00,217.25597974626106,232.7030792236328,214.26621855709232,232.7030792236328,1396000,0.0,0.0
2024-05-30 00:00:00+08:00,245.16041223326727,255.12628264925374,232.20478069248486,233.6996612548828,3205000,0.0,0.0
2024-05-31 00:00:00+08:00,239.1808876871061,247.15358394334297,233.20136549492844,237.18771362304688,1667000,0.0,0.0
2024-06-03 00:00:00+08:00,239.1808919270833,246.15700127495657,223.23549913194444,224.23208618164062,1499000,0.0,0.0
2024-06-04 00:00:00+08:00,223.7337883387335,226.22525591488866,201.80887366856808,203.8020477294922,1595000,0.0,0.0
2024-06-05 00:00:00+08:00,207.29010009765625,209.2832741370568,195.331055861253,207.29010009765625,915000,0.0,0.0
2024-06-06 00:00:00+08:00,207.2901106013808,223.23550372456396,207.2901106013808,214.26622009277344,1297000,0.0,0.0
2024-06-07 00:00:00+08:00,216.75768606057653,232.70307905813618,212.27304428001287,229.71331787109375,1469000,0.0,0.0
2024-06-11 00:00:00+08:00,233.2013694144584,236.19113056079763,210.77816081691432,221.24232482910156,1567000,0.0,0.0
2024-06-12 00:00:00+08:00,219.24914152725881,234.1979466313901,219.24914152725881,229.2150115966797,1085000,0.0,0.0
2024-06-13 00:00:00+08:00,229.71330955744858,232.70307063628738,221.24231983407196,222.23890686035156,1048000,0.0,0.0
2024-06-14 00:00:00+08:00,224.73037496508468,232.70307119444468,221.2423203647397,228.2184295654297,936000,0.0,0.0
2024-06-17 00:00:00+08:00,232.7030792236328,247.15359163794835,231.70649216057657,232.7030792236328,1379000,0.0,0.0
2024-06-18 00:00:00+08:00,234.69624874249814,241.17406452519978,233.2013681772593,239.67918395996094,875000,0.0,0.0
2024-06-19 00:00:00+08:00,242.66893687490688,244.6621108944133,230.21159925299173,235.1945343017578,1112000,0.0,0.0
2024-06-20 00:00:00+08:00,235.69283787001913,241.67236018384625,231.70648966080105,233.2013702392578,655000,0.0,0.0
2024-06-21 00:00:00+08:00,236.19112952387064,243.66553235690452,232.2047813462526,242.6689453125,921000,0.0,0.0
2024-06-24 00:00:00+08:00,245.16041784744422,255.12628849164926,238.18430839650068,238.68260192871094,1908000,0.0,0.0
2024-06-25 00:00:00+08:00,241.1740566876144,242.17064369872026,235.69282812653228,238.18429565429688,473000,0.0,0.0
2024-06-26 00:00:00+08:00,239.18088545710404,248.6484621731144,238.68259194573508,240.67576599121094,811000,0.0,0.0
2024-06-27 00:00:00+08:00,240.67576898736993,248.15017175095284,239.18088843465335,246.15699768066406,773000,0.0,0.0
2024-06-28 00:00:00+08:00,253.13312071067853,270.5733947753906,250.14335944244215,270.5733947753906,2370000,0.0,0.0
2024-07-01 00:00:00+08:00,274.061422145113,281.0375310724432,251.1399213838854,257.61773681640625,2181000,0.0,0.0
2024-07-02 00:00:00+08:00,257.6177430444834,272.0682547433036,250.6416339485013,268.5802001953125,1504000,0.0,0.0
2024-07-03 00:00:00+08:00,273.0648607821078,294.9897766113281,273.0648607821078,294.9897766113281,2189000,0.0,0.0
2024-07-04 00:00:00+08:00,316.9146710205078,316.9146710205078,284.02729949951174,298.9761047363281,3071000,0.0,0.0
2024-07-05 00:00:00+08:00,298.9761201461943,309.9385778848881,292.9965977432704,301.96588134765625,1453000,0.0,0.0
2024-07-08 00:00:00+08:00,313.9249099731445,320.90101908365887,298.9761047363281,298.9761047363281,1453000,0.0,0.0
2024-07-09 00:00:00+08:00,298.97610921501706,316.4163822525597,292.0,292.0,1065000,0.0,0.0
2024-07-10 00:00:00+08:00,291.0,298.0,280.0,280.5,1206000,1.0,0.0
2024-07-11 00:00:00+08:00,285.0,297.0,283.5,293.0,949000,0.0,0.0
2024-07-12 00:00:00+08:00,293.5,301.5,288.0,288.0,1472000,0.0,0.0
2024-07-15 00:00:00+08:00,292.5,297.5,285.0,285.0,767000,0.0,0.0
2024-07-16 00:00:00+08:00,289.0,297.0,284.0,296.0,725000,0.0,0.0
2024-07-17 00:00:00+08:00,301.0,303.5,291.5,292.5,1006000,0.0,0.0
2024-07-18 00:00:00+08:00,292.0,292.5,281.0,281.0,504000,0.0,0.0
2024-07-19 00:00:00+08:00,280.0,283.5,263.0,265.0,656000,0.0,0.0
2024-07-22 00:00:00+08:00,263.0,269.5,251.5,255.0,683000,0.0,0.0
2024-07-23 00:00:00+08:00,270.0,275.0,263.0,264.0,658000,0.0,0.0
2024-07-26 00:00:00+08:00,253.0,260.0,247.5,252.0,309000,0.0,0.0
2024-07-29 00:00:00+08:00,257.0,259.5,246.0,256.0,579000,0.0,0.0
2024-07-30 00:00:00+08:00,256.5,267.0,253.5,257.0,675000,0.0,0.0
2024-07-31 00:00:00+08:00,258.0,260.0,245.0,245.0,370000,0.0,0.0
2024-08-01 00:00:00+08:00,250.0,268.0,249.0,268.0,587000,0.0,0.0
2024-08-02 00:00:00+08:00,266.5,266.5,259.5,260.0,433000,0.0,0.0
2024-08-05 00:00:00+08:00,251.0,251.0,234.0,234.0,265000,0.0,0.0
2024-08-06 00:00:00+08:00,236.0,240.0,211.0,219.0,630000,0.0,0.0
2024-08-07 00:00:00+08:00,228.5,240.5,226.0,237.0,582000,0.0,0.0
2024-08-08 00:00:00+08:00,234.5,236.0,223.0,226.0,362000,0.0,0.0
2024-08-09 00:00:00+08:00,234.5,242.5,232.5,238.0,476000,0.0,0.0
2024-08-12 00:00:00+08:00,245.0,248.0,233.0,233.5,554000,0.0,0.0
2024-08-13 00:00:00+08:00,239.5,249.0,232.5,245.5,485000,0.0,0.0
2024-08-14 00:00:00+08:00,249.5,255.5,243.0,248.5,674000,0.0,0.0
2024-08-15 00:00:00+08:00,252.5,254.5,248.5,249.5,554000,0.0,0.0
2024-08-16 00:00:00+08:00,254.0,255.5,252.0,253.5,268000,0.0,0.0
2024-08-19 00:00:00+08:00,256.5,274.0,253.5,270.0,618000,0.0,0.0
2024-08-20 00:00:00+08:00,270.0,282.0,268.0,276.0,687000,0.0,0.0
2024-08-21 00:00:00+08:00,276.5,280.0,265.0,267.5,727000,0.0,0.0
2024-08-22 00:00:00+08:00,273.0,275.0,267.5,273.0,400000,0.0,0.0
2024-08-23 00:00:00+08:00,275.0,282.0,273.0,273.5,930000,0.0,0.0
2024-08-26 00:00:00+08:00,275.5,288.0,274.0,282.0,725000,0.0,0.0
2024-08-27 00:00:00+08:00,283.5,289.5,280.0,282.5,577000,0.0,0.0
2024-08-28 00:00:00+08:00,285.5,287.5,283.0,287.0,442000,0.0,0.0
2024-08-29 00:00:00+08:00,284.5,299.5,284.5,294.0,680000,0.0,0.0
2024-08-30 00:00:00+08:00,299.0,303.0,294.0,295.5,854000,0.0,0.0
2024-09-02 00:00:00+08:00,296.5,300.5,275.5,275.5,495000,0.0,0.0
2024-09-03 00:00:00+08:00,277.0,287.0,274.0,286.0,623000,0.0,0.0
2024-09-04 00:00:00+08:00,277.0,280.0,266.0,275.5,594000,0.0,0.0
2024-09-05 00:00:00+08:00,280.0,281.5,272.5,272.5,409000,0.0,0.0
2024-09-06 00:00:00+08:00,277.0,290.0,274.5,281.0,933000,0.0,0.0
2024-09-09 00:00:00+08:00,275.0,293.5,275.0,293.0,645000,0.0,0.0
2024-09-10 00:00:00+08:00,298.5,303.0,286.0,289.0,1334000,0.0,0.0
2024-09-11 00:00:00+08:00,291.5,295.0,274.0,275.5,1026000,0.0,0.0
2024-09-12 00:00:00+08:00,279.5,294.0,277.5,291.5,799000,0.0,0.0
2024-09-13 00:00:00+08:00,296.0,297.0,289.5,293.0,855000,0.0,0.0
2024-09-16 00:00:00+08:00,296.5,298.5,285.5,289.0,610000,0.0,0.0
2024-09-18 00:00:00+08:00,287.5,295.5,287.5,290.0,420000,0.0,0.0
2024-09-19 00:00:00+08:00,291.5,299.0,287.0,287.0,843000,0.0,0.0
2024-09-20 00:00:00+08:00,290.0,292.5,274.0,276.0,683000,0.0,0.0
2024-09-23 00:00:00+08:00,273.0,287.5,273.0,287.5,647000,0.0,0.0
2024-09-24 00:00:00+08:00,287.0,290.0,280.5,286.5,636000,0.0,0.0
2024-09-25 00:00:00+08:00,290.0,291.5,279.0,279.0,733000,0.0,0.0
2024-09-26 00:00:00+08:00,282.5,283.0,271.5,271.5,372000,0.0,0.0
2024-09-27 00:00:00+08:00,274.5,279.5,267.0,277.5,657000,0.0,0.0
2024-09-30 00:00:00+08:00,277.0,278.5,273.0,274.5,384000,0.0,0.0
2024-10-01 00:00:00+08:00,276.0,280.0,272.0,272.0,405000,0.0,0.0
2024-10-04 00:00:00+08:00,275.5,276.0,267.0,267.0,305000,0.0,0.0
2024-10-07 00:00:00+08:00,271.5,275.5,270.5,273.0,263000,0.0,0.0
2024-10-08 00:00:00+08:00,274.0,276.0,269.0,269.0,402000,0.0,0.0
2024-10-09 00:00:00+08:00,272.5,273.0,265.5,265.5,249000,0.0,0.0
2024-10-11 00:00:00+08:00,266.0,269.5,252.5,261.0,333000,0.0,0.0
2024-10-14 00:00:00+08:00,262.0,269.5,260.5,267.5,399000,0.0,0.0
2024-10-15 00:00:00+08:00,268.0,270.0,256.5,256.5,326000,0.0,0.0
2024-10-16 00:00:00+08:00,258.0,266.0,258.0,263.5,423000,0.0,0.0
2024-10-17 00:00:00+08:00,264.5,269.5,263.5,268.0,312000,0.0,0.0
2024-10-18 00:00:00+08:00,270.0,271.5,265.5,269.5,386000,0.0,0.0
2024-10-21 00:00:00+08:00,271.0,273.5,264.0,264.0,355000,0.0,0.0
2024-10-22 00:00:00+08:00,266.0,269.0,262.0,268.0,216000,0.0,0.0
2024-10-23 00:00:00+08:00,268.5,270.0,262.5,263.0,260000,0.0,0.0
2024-10-24 00:00:00+08:00,263.0,265.0,253.5,254.0,223000,0.0,0.0
2024-10-25 00:00:00+08:00,254.5,255.5,240.5,242.0,233000,0.0,0.0
2024-10-28 00:00:00+08:00,242.0,242.0,218.5,219.0,610000,0.0,0.0
2024-10-29 00:00:00+08:00,224.0,233.0,222.0,231.5,461000,0.0,0.0
2024-10-30 00:00:00+08:00,233.5,235.5,222.5,222.5,387000,0.0,0.0
2024-11-01 00:00:00+08:00,222.0,227.0,222.0,224.0,119000,0.0,0.0
2024-11-04 00:00:00+08:00,228.0,228.0,216.5,216.5,134000,0.0,0.0
2024-11-05 00:00:00+08:00,214.0,222.5,212.0,213.0,195000,0.0,0.0
2024-11-06 00:00:00+08:00,217.0,217.0,202.0,207.5,301000,0.0,0.0
2024-11-07 00:00:00+08:00,208.5,221.5,204.5,220.0,468000,0.0,0.0
2024-11-08 00:00:00+08:00,220.0,221.0,215.5,220.5,402000,0.0,0.0
2024-11-11 00:00:00+08:00,220.5,223.5,214.5,217.0,392000,0.0,0.0
2024-11-12 00:00:00+08:00,216.5,216.5,204.0,204.0,201000,0.0,0.0
2024-11-13 00:00:00+08:00,203.5,208.0,195.0,196.0,265000,0.0,0.0
2024-11-14 00:00:00+08:00,201.5,201.5,186.5,186.5,364000,0.0,0.0
2024-11-15 00:00:00+08:00,192.5,195.0,187.5,189.0,274000,0.0,0.0
2024-11-18 00:00:00+08:00,191.5,192.0,180.5,180.5,226000,0.0,0.0
2024-11-19 00:00:00+08:00,184.0,185.5,180.0,184.0,205000,0.0,0.0
2024-11-20 00:00:00+08:00,186.0,186.0,177.5,179.0,173793,0.0,0.0
2024-11-21 00:00:00+08:00,176.5,180.5,172.5,173.0,269000,0.0,0.0
2024-11-22 00:00:00+08:00,175.0,178.5,174.0,175.0,178000,0.0,0.0
2024-11-25 00:00:00+08:00,176.0,184.5,176.0,180.0,297000,0.0,0.0
2024-11-26 00:00:00+08:00,179.5,179.5,172.0,172.0,180000,0.0,0.0
2024-11-27 00:00:00+08:00,174.5,175.0,163.0,165.0,276000,0.0,0.0
2024-11-28 00:00:00+08:00,167.0,168.0,162.5,163.5,283000,0.0,0.0
2024-11-29 00:00:00+08:00,164.5,168.5,162.0,167.0,181000,0.0,0.0
2024-12-02 00:00:00+08:00,172.0,172.0,163.5,164.0,142000,0.0,0.0
2024-12-03 00:00:00+08:00,165.5,168.5,164.5,166.0,109000,0.0,0.0
2024-12-04 00:00:00+08:00,166.0,168.5,165.0,167.5,107000,0.0,0.0
2024-12-05 00:00:00+08:00,169.0,169.0,164.0,164.0,90000,0.0,0.0
2024-12-06 00:00:00+08:00,164.0,165.0,158.0,158.0,152000,0.0,0.0
2024-12-09 00:00:00+08:00,157.5,161.0,154.0,155.0,183000,0.0,0.0
2024-12-10 00:00:00+08:00,155.5,159.0,153.5,155.5,175000,0.0,0.0
2024-12-11 00:00:00+08:00,155.5,157.5,154.5,157.0,119000,0.0,0.0
2024-12-12 00:00:00+08:00,160.0,170.0,158.5,159.5,342000,0.0,0.0
2024-12-13 00:00:00+08:00,160.0,160.0,152.5,152.5,134000,0.0,0.0
2024-12-16 00:00:00+08:00,152.5,156.0,142.0,149.0,248000,0.0,0.0
2024-12-17 00:00:00+08:00,149.5,153.0,149.5,151.5,130000,0.0,0.0
2024-12-18 00:00:00+08:00,154.5,154.5,148.0,149.5,118000,0.0,0.0
2024-12-19 00:00:00+08:00,145.0,149.0,144.0,145.5,120000,0.0,0.0
2024-12-20 00:00:00+08:00,146.0,155.0,146.0,149.0,186000,0.0,0.0
2024-12-23 00:00:00+08:00,156.5,162.0,151.5,156.5,300000,0.0,0.0
2024-12-24 00:00:00+08:00,158.0,158.0,151.5,151.5,118000,0.0,0.0
2024-12-25 00:00:00+08:00,153.5,156.5,152.0,154.0,77000,0.0,0.0
2024-12-26 00:00:00+08:00,154.0,155.0,146.0,147.5,146000,0.0,0.0
2024-12-27 00:00:00+08:00,150.0,150.0,143.0,143.0,89000,0.0,0.0
2024-12-30 00:00:00+08:00,142.5,143.5,137.0,138.5,114000,0.0,0.0
2024-12-31 00:00:00+08:00,138.5,139.5,134.0,136.5,113000,0.0,0.0
2025-01-02 00:00:00+08:00,138.0,138.0,129.0,129.0,121000,0.0,0.0
2025-01-03 00:00:00+08:00,126.0,130.0,119.5,121.0,325000,0.0,0.0
2025-01-06 00:00:00+08:00,121.0,126.0,121.0,121.0,164000,0.0,0.0
2025-01-07 00:00:00+08:00,124.5,124.5,118.5,122.0,143000,0.0,0.0
2025-01-08 00:00:00+08:00,122.0,122.0,116.5,117.0,119000,0.0,0.0
2025-01-09 00:00:00+08:00,118.0,119.5,108.5,108.5,230000,0.0,0.0
2025-01-10 00:00:00+08:00,109.5,119.0,109.5,119.0,314000,0.0,0.0
2025-01-13 00:00:00+08:00,124.5,130.5,123.0,130.5,467000,0.0,0.0
2025-01-14 00:00:00+08:00,136.0,137.5,123.0,129.5,2237000,0.0,0.0
2025-01-15 00:00:00+08:00,128.5,129.0,123.5,125.0,444000,0.0,0.0
2025-01-16 00:00:00+08:00,127.5,129.5,122.5,122.5,371000,0.0,0.0
2025-01-17 00:00:00+08:00,123.0,123.5,116.5,116.5,280000,0.0,0.0
2025-01-20 00:00:00+08:00,118.0,127.5,116.5,124.5,312000,0.0,0.0
2025-01-21 00:00:00+08:00,124.5,131.0,120.0,122.5,372000,0.0,0.0
2025-01-22 00:00:00+08:00,123.5,129.5,122.0,124.0,279000,0.0,0.0
2025-02-03 00:00:00+08:00,120.0,121.5,113.5,121.0,277010,0.0,0.0
2025-02-04 00:00:00+08:00,125.5,128.0,122.0,126.0,476011,0.0,0.0
2025-02-05 00:00:00+08:00,127.5,129.0,125.0,128.5,173040,0.0,0.0
2025-02-06 00:00:00+08:00,128.0,133.5,125.5,129.0,247000,0.0,0.0
2025-02-07 00:00:00+08:00,128.0,135.5,127.5,134.0,256035,0.0,0.0
2025-02-10 00:00:00+08:00,130.0,140.0,127.5,138.0,552039,0.0,0.0
2025-02-11 00:00:00+08:00,140.5,140.5,134.0,135.0,669183,0.0,0.0
2025-02-12 00:00:00+08:00,136.5,142.0,134.5,140.5,572035,0.0,0.0
2025-02-13 00:00:00+08:00,142.0,144.0,140.0,141.0,632105,0.0,0.0
2025-02-14 00:00:00+08:00,139.0,152.0,139.0,148.5,753043,0.0,0.0
2025-02-17 00:00:00+08:00,151.0,154.0,147.0,147.5,888000,0.0,0.0
2025-02-18 00:00:00+08:00,148.0,154.0,145.5,149.0,507146,0.0,0.0
2025-02-19 00:00:00+08:00,150.0,152.0,148.5,149.5,415023,0.0,0.0
2025-02-20 00:00:00+08:00,151.0,155.0,150.0,152.0,465073,0.0,0.0
2025-02-21 00:00:00+08:00,152.5,152.5,149.5,149.5,307050,0.0,0.0
2025-02-24 00:00:00+08:00,147.5,148.5,144.0,144.0,252050,0.0,0.0
2025-02-25 00:00:00+08:00,143.5,146.5,140.0,140.5,195146,0.0,0.0
2025-02-26 00:00:00+08:00,139.5,144.0,139.5,140.0,81000,0.0,0.0
2025-02-27 00:00:00+08:00,140.5,142.5,137.5,138.5,123061,0.0,0.0
2025-03-03 00:00:00+08:00,136.5,149.5,133.5,146.5,409070,0.0,0.0
2025-03-04 00:00:00+08:00,146.5,148.0,143.5,144.5,405082,0.0,0.0
2025-03-05 00:00:00+08:00,147.0,148.5,145.0,145.0,249840,0.0,0.0
2025-03-06 00:00:00+08:00,145.5,152.0,145.5,149.0,327030,0.0,0.0
2025-03-07 00:00:00+08:00,148.5,152.5,147.5,150.0,436010,0.0,0.0
2025-03-10 00:00:00+08:00,151.0,151.5,148.5,151.0,201089,0.0,0.0
2025-03-11 00:00:00+08:00,148.5,150.5,146.0,146.0,176140,0.0,0.0
2025-03-12 00:00:00+08:00,146.0,150.5,146.0,147.5,241099,0.0,0.0
2025-03-13 00:00:00+08:00,148.5,149.5,141.0,144.0,197000,0.0,0.0
2025-03-14 00:00:00+08:00,145.0,145.0,140.0,140.0,107100,0.0,0.0
2025-03-17 00:00:00+08:00,141.5,144.0,139.0,139.0,77000,0.0,0.0
2025-03-18 00:00:00+08:00,140.5,143.0,139.0,140.0,106057,0.0,0.0
2025-03-19 00:00:00+08:00,140.5,141.0,135.5,136.0,108006,0.0,0.0
2025-03-20 00:00:00+08:00,138.5,139.5,136.5,139.0,94200,0.0,0.0
2025-03-21 00:00:00+08:00,140.0,146.0,136.0,145.5,400159,0.0,0.0
2025-03-24 00:00:00+08:00,145.5,146.5,140.5,140.5,308050,0.0,0.0
2025-03-25 00:00:00+08:00,142.5,144.0,138.5,139.5,139020,0.0,0.0
2025-03-26 00:00:00+08:00,141.5,143.5,138.5,139.5,207033,0.0,0.0
2025-03-27 00:00:00+08:00,138.0,139.0,136.5,137.0,104000,0.0,0.0
2025-03-28 00:00:00+08:00,138.5,138.5,130.0,131.0,152029,0.0,0.0
2025-03-31 00:00:00+08:00,129.0,129.0,118.0,124.5,324030,0.0,0.0
2025-04-01 00:00:00+08:00,129.0,136.0,127.5,134.5,179002,0.0,0.0
2025-04-02 00:00:00+08:00,136.0,140.5,134.5,139.5,312010,0.0,0.0
2025-04-07 00:00:00+08:00,126.0,126.0,126.0,126.0,51000,0.0,0.0
2025-04-08 00:00:00+08:00,115.0,130.0,115.0,116.0,348000,0.0,0.0
2025-04-09 00:00:00+08:00,111.5,115.5,104.5,104.5,270020,0.0,0.0
2025-04-10 00:00:00+08:00,112.0,114.5,110.0,114.0,366000,0.0,0.0
2025-04-11 00:00:00+08:00,105.5,113.5,104.5,110.0,260000,0.0,0.0
