Date,Open,High,Low,Close,Volume,Dividends,Stock Splits
2022-08-04 00:00:00+09:00,2090.0,2095.0,2085.0,2090.0,1680664,0.0,0.0
2022-08-05 00:00:00+09:00,2090.0,2100.0,2085.0,2095.0,118000,0.0,0.0
2022-08-08 00:00:00+09:00,2090.0,2105.0,2090.0,2100.0,48165,0.0,0.0
2022-08-09 00:00:00+09:00,2100.0,2110.0,2095.0,2100.0,34740,0.0,0.0
2022-08-10 00:00:00+09:00,2100.0,2105.0,2095.0,2095.0,27871,0.0,0.0
2022-08-11 00:00:00+09:00,2100.0,2105.0,2095.0,2100.0,20231,0.0,0.0
2022-08-12 00:00:00+09:00,2100.0,2105.0,2100.0,2100.0,19102,0.0,0.0
2022-08-16 00:00:00+09:00,2100.0,2105.0,2095.0,2100.0,47026,0.0,0.0
2022-08-17 00:00:00+09:00,2100.0,2110.0,2100.0,2100.0,37738,0.0,0.0
2022-08-18 00:00:00+09:00,2100.0,2105.0,2100.0,2105.0,11719,0.0,0.0
2022-08-19 00:00:00+09:00,2095.0,2105.0,2095.0,2100.0,25936,0.0,0.0
2022-08-22 00:00:00+09:00,2100.0,2105.0,2095.0,2100.0,23480,0.0,0.0
2022-08-23 00:00:00+09:00,2095.0,2105.0,2095.0,2100.0,29089,0.0,0.0
2022-08-24 00:00:00+09:00,2095.0,2105.0,2095.0,2100.0,16245,0.0,0.0
2022-08-25 00:00:00+09:00,2100.0,2105.0,2100.0,2100.0,17728,0.0,0.0
2022-08-26 00:00:00+09:00,2095.0,2105.0,2095.0,2100.0,27342,0.0,0.0
2022-08-29 00:00:00+09:00,2095.0,2100.0,2095.0,2100.0,3557,0.0,0.0
2022-08-30 00:00:00+09:00,2100.0,2105.0,2095.0,2100.0,14054,0.0,0.0
2022-08-31 00:00:00+09:00,2095.0,2100.0,2095.0,2095.0,6695,0.0,0.0
2022-09-01 00:00:00+09:00,2100.0,2105.0,2095.0,2095.0,36704,0.0,0.0
2022-09-02 00:00:00+09:00,2095.0,2100.0,2095.0,2095.0,22758,0.0,0.0
2022-09-05 00:00:00+09:00,2075.0,2095.0,2075.0,2085.0,101240,0.0,0.0
2022-09-06 00:00:00+09:00,2090.0,2100.0,2085.0,2100.0,41446,0.0,0.0
2022-09-07 00:00:00+09:00,2095.0,2105.0,2095.0,2100.0,43111,0.0,0.0
2022-09-08 00:00:00+09:00,2100.0,2105.0,2095.0,2105.0,26125,0.0,0.0
2022-09-13 00:00:00+09:00,2105.0,2110.0,2095.0,2110.0,28684,0.0,0.0
2022-09-14 00:00:00+09:00,2105.0,2135.0,2105.0,2120.0,35615,0.0,0.0
2022-09-15 00:00:00+09:00,2130.0,2135.0,2125.0,2135.0,35586,0.0,0.0
2022-09-16 00:00:00+09:00,2135.0,2135.0,2125.0,2135.0,7138,0.0,0.0
2022-09-19 00:00:00+09:00,2130.0,2145.0,2130.0,2140.0,10572,0.0,0.0
2022-09-20 00:00:00+09:00,2135.0,2145.0,2120.0,2140.0,8231,0.0,0.0
2022-09-21 00:00:00+09:00,2130.0,2145.0,2125.0,2145.0,15168,0.0,0.0
2022-09-22 00:00:00+09:00,2135.0,2150.0,2130.0,2130.0,44419,0.0,0.0
2022-09-23 00:00:00+09:00,2125.0,2155.0,2125.0,2140.0,18936,0.0,0.0
2022-09-26 00:00:00+09:00,2140.0,2145.0,2105.0,2105.0,49445,0.0,0.0
2022-09-27 00:00:00+09:00,2110.0,2120.0,2105.0,2120.0,28297,0.0,0.0
2022-09-28 00:00:00+09:00,2120.0,2125.0,2110.0,2115.0,9842,0.0,0.0
2022-09-29 00:00:00+09:00,2110.0,2130.0,2110.0,2125.0,22149,0.0,0.0
2022-09-30 00:00:00+09:00,2115.0,2130.0,2105.0,2110.0,9655,0.0,0.0
2022-10-04 00:00:00+09:00,2120.0,2125.0,2095.0,2100.0,13267,0.0,0.0
2022-10-05 00:00:00+09:00,2095.0,2115.0,2095.0,2105.0,20555,0.0,0.0
2022-10-06 00:00:00+09:00,2095.0,2100.0,2090.0,2100.0,4106,0.0,0.0
2022-10-07 00:00:00+09:00,2090.0,2100.0,2090.0,2100.0,4883,0.0,0.0
2022-10-11 00:00:00+09:00,2100.0,2110.0,2090.0,2100.0,6285,0.0,0.0
2022-10-12 00:00:00+09:00,2090.0,2105.0,2050.0,2090.0,38548,0.0,0.0
2022-10-13 00:00:00+09:00,2085.0,2095.0,2070.0,2080.0,24499,0.0,0.0
2022-10-14 00:00:00+09:00,2070.0,2085.0,2035.0,2050.0,24215,0.0,0.0
2022-10-17 00:00:00+09:00,2040.0,2055.0,2040.0,2055.0,8178,0.0,0.0
2022-10-18 00:00:00+09:00,2045.0,2060.0,2045.0,2055.0,9742,0.0,0.0
2022-10-19 00:00:00+09:00,2045.0,2075.0,2045.0,2075.0,17620,0.0,0.0
2022-10-20 00:00:00+09:00,2050.0,2075.0,2045.0,2060.0,9431,0.0,0.0
2022-10-21 00:00:00+09:00,2060.0,2060.0,2055.0,2060.0,4456,0.0,0.0
2022-10-24 00:00:00+09:00,2055.0,2055.0,2040.0,2040.0,5480,0.0,0.0
2022-10-25 00:00:00+09:00,2025.0,2045.0,2010.0,2040.0,11318,0.0,0.0
2022-10-26 00:00:00+09:00,2010.0,2035.0,2010.0,2030.0,53713,0.0,0.0
2022-10-27 00:00:00+09:00,2025.0,2030.0,2010.0,2010.0,12690,0.0,0.0
2022-10-28 00:00:00+09:00,2020.0,2025.0,2005.0,2010.0,46117,0.0,0.0
2022-10-31 00:00:00+09:00,2010.0,2015.0,2010.0,2010.0,2745,0.0,0.0
2022-11-01 00:00:00+09:00,2000.0,2015.0,2000.0,2010.0,2817,0.0,0.0
2022-11-02 00:00:00+09:00,2010.0,2010.0,2005.0,2005.0,16323,0.0,0.0
2022-11-03 00:00:00+09:00,2005.0,2005.0,1995.0,1995.0,7020,0.0,0.0
2022-11-04 00:00:00+09:00,1985.0,1985.0,1950.0,1975.0,117558,0.0,0.0
2022-11-07 00:00:00+09:00,1970.0,1985.0,1970.0,1985.0,7814,0.0,0.0
2022-11-08 00:00:00+09:00,1990.0,1995.0,1975.0,1990.0,62152,0.0,0.0
2022-11-09 00:00:00+09:00,2015.0,2015.0,1985.0,2000.0,21174,0.0,0.0
2022-11-10 00:00:00+09:00,1990.0,2005.0,1990.0,2005.0,14716,0.0,0.0
2022-11-11 00:00:00+09:00,2000.0,2010.0,1990.0,2005.0,52554,0.0,0.0
2022-11-14 00:00:00+09:00,2005.0,2015.0,2000.0,2015.0,9903,0.0,0.0
2022-11-15 00:00:00+09:00,2010.0,2010.0,2005.0,2005.0,30962,0.0,0.0
2022-11-16 00:00:00+09:00,2005.0,2005.0,2000.0,2000.0,11188,0.0,0.0
2022-11-17 00:00:00+09:00,1990.0,2015.0,1990.0,2010.0,17233,0.0,0.0
2022-11-18 00:00:00+09:00,2010.0,2015.0,2000.0,2010.0,5819,0.0,0.0
2022-11-21 00:00:00+09:00,2015.0,2020.0,1995.0,2020.0,31185,0.0,0.0
2022-11-22 00:00:00+09:00,2030.0,2030.0,1995.0,2020.0,17553,0.0,0.0
2022-11-23 00:00:00+09:00,1990.0,2025.0,1990.0,2010.0,10130,0.0,0.0
2022-11-24 00:00:00+09:00,2010.0,2020.0,1995.0,2015.0,27206,0.0,0.0
2022-11-25 00:00:00+09:00,2000.0,2015.0,2000.0,2010.0,16047,0.0,0.0
2022-11-28 00:00:00+09:00,1975.0,2010.0,1975.0,2005.0,5414,0.0,0.0
2022-11-29 00:00:00+09:00,1985.0,2005.0,1985.0,2005.0,20315,0.0,0.0
2022-11-30 00:00:00+09:00,2000.0,2005.0,2000.0,2000.0,9005,0.0,0.0
2022-12-01 00:00:00+09:00,2000.0,2000.0,1980.0,1995.0,26653,0.0,0.0
2022-12-02 00:00:00+09:00,1990.0,2000.0,1990.0,2000.0,3224,0.0,0.0
2022-12-05 00:00:00+09:00,1980.0,2000.0,1980.0,1995.0,16515,0.0,0.0
2022-12-06 00:00:00+09:00,1995.0,2000.0,1995.0,2000.0,12647,0.0,0.0
2022-12-07 00:00:00+09:00,1985.0,2000.0,1985.0,1990.0,3179,0.0,0.0
2022-12-08 00:00:00+09:00,2000.0,2000.0,1985.0,1985.0,2146,0.0,0.0
2022-12-09 00:00:00+09:00,1995.0,2000.0,1990.0,1995.0,438,0.0,0.0
2022-12-12 00:00:00+09:00,1990.0,2000.0,1990.0,1995.0,7370,0.0,0.0
2022-12-13 00:00:00+09:00,1995.0,2005.0,1995.0,1995.0,29475,0.0,0.0
2022-12-14 00:00:00+09:00,1995.0,2005.0,1995.0,2000.0,11558,0.0,0.0
2022-12-15 00:00:00+09:00,1995.0,2020.0,1995.0,2005.0,15710,0.0,0.0
2022-12-16 00:00:00+09:00,2010.0,2015.0,2005.0,2010.0,21806,0.0,0.0
2022-12-19 00:00:00+09:00,2015.0,2020.0,2000.0,2000.0,15146,0.0,0.0
2022-12-20 00:00:00+09:00,1995.0,2010.0,1995.0,2005.0,21685,0.0,0.0
2022-12-21 00:00:00+09:00,1995.0,2015.0,1995.0,2010.0,9000,0.0,0.0
2022-12-22 00:00:00+09:00,2010.0,2015.0,2010.0,2010.0,11147,0.0,0.0
2022-12-23 00:00:00+09:00,2000.0,2010.0,2000.0,2010.0,2886,0.0,0.0
2022-12-26 00:00:00+09:00,2010.0,2020.0,2010.0,2010.0,16092,0.0,0.0
2022-12-27 00:00:00+09:00,2015.0,2025.0,2005.0,2020.0,3428,0.0,0.0
2022-12-28 00:00:00+09:00,2020.0,2020.0,2005.0,2015.0,115,0.0,0.0
2022-12-29 00:00:00+09:00,2020.0,2020.0,2015.0,2015.0,6169,0.0,0.0
2023-01-02 00:00:00+09:00,2000.0,2015.0,2000.0,2010.0,368,0.0,0.0
2023-01-03 00:00:00+09:00,2000.0,2010.0,2000.0,2010.0,7277,0.0,0.0
2023-01-04 00:00:00+09:00,2010.0,2015.0,2010.0,2015.0,4597,0.0,0.0
2023-01-05 00:00:00+09:00,2015.0,2025.0,2015.0,2025.0,14218,0.0,0.0
2023-01-06 00:00:00+09:00,2010.0,2030.0,2010.0,2030.0,13486,0.0,0.0
2023-01-09 00:00:00+09:00,2030.0,2035.0,2025.0,2035.0,5625,0.0,0.0
2023-01-10 00:00:00+09:00,2020.0,2025.0,2005.0,2025.0,7532,0.0,0.0
2023-01-11 00:00:00+09:00,2025.0,2035.0,2010.0,2025.0,13302,0.0,0.0
2023-01-12 00:00:00+09:00,2025.0,2035.0,2025.0,2025.0,12913,0.0,0.0
2023-01-13 00:00:00+09:00,2025.0,2035.0,2025.0,2035.0,25833,0.0,0.0
2023-01-16 00:00:00+09:00,2040.0,2040.0,2025.0,2040.0,12737,0.0,0.0
2023-01-17 00:00:00+09:00,2035.0,2045.0,2030.0,2045.0,9509,0.0,0.0
2023-01-18 00:00:00+09:00,2045.0,2045.0,2005.0,2040.0,18447,0.0,0.0
2023-01-19 00:00:00+09:00,2040.0,2040.0,2025.0,2040.0,8304,0.0,0.0
2023-01-20 00:00:00+09:00,2035.0,2040.0,2030.0,2040.0,14641,0.0,0.0
2023-01-25 00:00:00+09:00,2025.0,2050.0,2020.0,2045.0,5106,0.0,0.0
2023-01-26 00:00:00+09:00,2030.0,2050.0,2030.0,2050.0,4559,0.0,0.0
2023-01-27 00:00:00+09:00,2050.0,2055.0,2035.0,2055.0,18827,0.0,0.0
2023-01-30 00:00:00+09:00,2050.0,2060.0,2040.0,2060.0,4347,0.0,0.0
2023-01-31 00:00:00+09:00,2060.0,2075.0,2060.0,2065.0,15254,0.0,0.0
2023-02-01 00:00:00+09:00,2075.0,2075.0,2060.0,2070.0,8848,0.0,0.0
2023-02-02 00:00:00+09:00,2085.0,2085.0,2070.0,2085.0,2445,0.0,0.0
2023-02-03 00:00:00+09:00,2095.0,2095.0,2075.0,2090.0,11433,0.0,0.0
2023-02-06 00:00:00+09:00,2070.0,2080.0,2060.0,2070.0,46281,0.0,0.0
2023-02-07 00:00:00+09:00,2070.0,2070.0,2050.0,2065.0,34486,0.0,0.0
2023-02-08 00:00:00+09:00,2070.0,2070.0,2045.0,2045.0,44848,0.0,0.0
2023-02-09 00:00:00+09:00,2055.0,2055.0,2040.0,2050.0,7284,0.0,0.0
2023-02-10 00:00:00+09:00,2055.0,2055.0,2045.0,2055.0,10578,0.0,0.0
2023-02-13 00:00:00+09:00,2065.0,2075.0,2055.0,2070.0,6929,0.0,0.0
2023-02-14 00:00:00+09:00,2075.0,2075.0,2060.0,2065.0,8153,0.0,0.0
2023-02-15 00:00:00+09:00,2085.0,2085.0,2060.0,2060.0,11107,0.0,0.0
2023-02-16 00:00:00+09:00,2080.0,2080.0,2040.0,2045.0,54287,0.0,0.0
2023-02-17 00:00:00+09:00,2055.0,2065.0,2040.0,2060.0,20641,0.0,0.0
2023-02-20 00:00:00+09:00,2065.0,2085.0,2050.0,2085.0,24745,0.0,0.0
2023-02-21 00:00:00+09:00,2085.0,2120.0,2060.0,2090.0,39037,0.0,0.0
2023-02-22 00:00:00+09:00,2095.0,2100.0,2080.0,2095.0,4901,0.0,0.0
2023-02-23 00:00:00+09:00,2105.0,2105.0,2080.0,2095.0,4839,0.0,0.0
2023-02-24 00:00:00+09:00,2080.0,2105.0,2080.0,2100.0,11199,0.0,0.0
2023-02-27 00:00:00+09:00,2105.0,2105.0,2080.0,2105.0,4759,0.0,0.0
2023-02-28 00:00:00+09:00,2075.0,2090.0,2075.0,2090.0,7003,0.0,0.0
2023-03-02 00:00:00+09:00,2080.0,2110.0,2075.0,2090.0,4959,0.0,0.0
2023-03-03 00:00:00+09:00,2100.0,2100.0,2090.0,2095.0,15002,0.0,0.0
2023-03-06 00:00:00+09:00,2115.0,2115.0,2080.0,2085.0,6534,0.0,0.0
2023-03-07 00:00:00+09:00,2085.0,2090.0,2065.0,2065.0,2884,0.0,0.0
2023-03-08 00:00:00+09:00,2070.0,2075.0,2065.0,2070.0,3331,0.0,0.0
2023-03-09 00:00:00+09:00,2070.0,2095.0,2065.0,2075.0,1945,0.0,0.0
2023-03-10 00:00:00+09:00,2065.0,2070.0,2060.0,2070.0,3841,0.0,0.0
2023-03-13 00:00:00+09:00,2065.0,2065.0,2050.0,2060.0,11267,0.0,0.0
2023-03-14 00:00:00+09:00,2055.0,2060.0,2050.0,2055.0,16107,0.0,0.0
2023-03-15 00:00:00+09:00,2060.0,2065.0,2055.0,2065.0,1107,0.0,0.0
2023-03-16 00:00:00+09:00,2055.0,2065.0,2040.0,2060.0,15426,0.0,0.0
2023-03-17 00:00:00+09:00,2050.0,2060.0,2040.0,2060.0,8309,0.0,0.0
2023-03-20 00:00:00+09:00,2050.0,2060.0,2045.0,2060.0,10043,0.0,0.0
2023-03-21 00:00:00+09:00,2060.0,2060.0,2045.0,2060.0,1210,0.0,0.0
2023-03-22 00:00:00+09:00,2070.0,2070.0,2050.0,2065.0,12282,0.0,0.0
2023-03-23 00:00:00+09:00,2065.0,2065.0,2055.0,2060.0,2122,0.0,0.0
2023-03-24 00:00:00+09:00,2050.0,2090.0,2030.0,2050.0,8614,0.0,0.0
2023-03-27 00:00:00+09:00,2045.0,2065.0,2045.0,2060.0,4083,0.0,0.0
2023-03-28 00:00:00+09:00,2050.0,2060.0,2050.0,2060.0,6840,0.0,0.0
2023-03-29 00:00:00+09:00,2065.0,2065.0,2045.0,2060.0,29043,0.0,0.0
2023-03-30 00:00:00+09:00,2080.0,2080.0,2055.0,2065.0,9250,0.0,0.0
2023-03-31 00:00:00+09:00,2060.0,2075.0,2060.0,2075.0,2452,0.0,0.0
2023-04-03 00:00:00+09:00,2090.0,2100.0,2085.0,2090.0,9330,0.0,0.0
2023-04-04 00:00:00+09:00,2065.0,2095.0,2065.0,2090.0,3016,0.0,0.0
2023-04-05 00:00:00+09:00,2075.0,2100.0,2075.0,2090.0,8739,0.0,0.0
2023-04-06 00:00:00+09:00,2075.0,2090.0,2055.0,2085.0,23439,0.0,0.0
2023-04-07 00:00:00+09:00,2095.0,2095.0,2070.0,2090.0,11142,0.0,0.0
2023-04-10 00:00:00+09:00,2065.0,2090.0,2055.0,2055.0,5417,0.0,0.0
2023-04-11 00:00:00+09:00,2075.0,2075.0,2045.0,2060.0,46860,0.0,0.0
2023-04-12 00:00:00+09:00,2080.0,2080.0,2055.0,2070.0,8053,0.0,0.0
2023-04-13 00:00:00+09:00,2055.0,2080.0,2055.0,2080.0,17654,0.0,0.0
2023-04-14 00:00:00+09:00,2095.0,2110.0,2075.0,2095.0,20037,0.0,0.0
2023-04-17 00:00:00+09:00,2110.0,2110.0,2085.0,2095.0,22154,0.0,0.0
2023-04-18 00:00:00+09:00,2110.0,2125.0,2075.0,2105.0,126574,0.0,0.0
2023-04-19 00:00:00+09:00,2095.0,2245.0,2070.0,2120.0,450291,0.0,0.0
2023-04-20 00:00:00+09:00,2115.0,2130.0,2105.0,2125.0,83107,0.0,0.0
2023-04-21 00:00:00+09:00,2120.0,2135.0,2120.0,2125.0,17626,0.0,0.0
2023-04-24 00:00:00+09:00,2130.0,2130.0,2105.0,2120.0,1399,0.0,0.0
2023-04-25 00:00:00+09:00,2125.0,2125.0,2115.0,2120.0,3282,0.0,0.0
2023-04-26 00:00:00+09:00,2105.0,2125.0,2105.0,2115.0,14232,0.0,0.0
2023-04-27 00:00:00+09:00,2120.0,2120.0,2080.0,2100.0,40006,0.0,0.0
2023-04-28 00:00:00+09:00,2115.0,2115.0,2090.0,2105.0,37429,0.0,0.0
2023-05-02 00:00:00+09:00,2105.0,2130.0,2105.0,2120.0,21073,0.0,0.0
2023-05-03 00:00:00+09:00,2120.0,2130.0,2115.0,2125.0,6868,0.0,0.0
2023-05-04 00:00:00+09:00,2130.0,2140.0,2115.0,2130.0,4347,0.0,0.0
2023-05-08 00:00:00+09:00,2135.0,2135.0,2115.0,2125.0,19347,0.0,0.0
2023-05-09 00:00:00+09:00,2130.0,2150.0,2115.0,2145.0,14966,0.0,0.0
2023-05-10 00:00:00+09:00,2140.0,2140.0,2110.0,2140.0,5313,0.0,0.0
2023-05-11 00:00:00+09:00,2115.0,2140.0,2115.0,2140.0,7637,0.0,0.0
2023-05-12 00:00:00+09:00,2140.0,2140.0,2125.0,2130.0,442,0.0,0.0
2023-05-15 00:00:00+09:00,2120.0,2155.0,2115.0,2155.0,12759,0.0,0.0
2023-05-16 00:00:00+09:00,2145.0,2170.0,2140.0,2155.0,7773,0.0,0.0
2023-05-17 00:00:00+09:00,2170.0,2170.0,2135.0,2150.0,15536,0.0,0.0
2023-05-18 00:00:00+09:00,2150.0,2165.0,2140.0,2150.0,10760,0.0,0.0
2023-05-19 00:00:00+09:00,2130.0,2160.0,2125.0,2150.0,5953,0.0,0.0
2023-05-22 00:00:00+09:00,2130.0,2160.0,2125.0,2160.0,6599,0.0,0.0
2023-05-23 00:00:00+09:00,2165.0,2165.0,2145.0,2160.0,3268,0.0,0.0
2023-05-24 00:00:00+09:00,2145.0,2160.0,2140.0,2160.0,2103,0.0,0.0
2023-05-25 00:00:00+09:00,2160.0,2190.0,2150.0,2170.0,13460,0.0,0.0
2023-05-26 00:00:00+09:00,2185.0,2195.0,2100.0,2190.0,32635,0.0,0.0
2023-05-30 00:00:00+09:00,2170.0,2195.0,2150.0,2165.0,17350,0.0,0.0
2023-05-31 00:00:00+09:00,2180.0,2190.0,2165.0,2190.0,11761,0.0,0.0
2023-06-01 00:00:00+09:00,2170.0,2190.0,2160.0,2190.0,13218,0.0,0.0
2023-06-02 00:00:00+09:00,2165.0,2200.0,2165.0,2195.0,21700,0.0,0.0
2023-06-05 00:00:00+09:00,2190.0,2215.0,2190.0,2200.0,49889,0.0,0.0
2023-06-07 00:00:00+09:00,2190.0,2230.0,2190.0,2200.0,32051,0.0,0.0
2023-06-08 00:00:00+09:00,2210.0,2210.0,2180.0,2200.0,4674,0.0,0.0
2023-06-09 00:00:00+09:00,2210.0,2210.0,2170.0,2200.0,14397,0.0,0.0
2023-06-12 00:00:00+09:00,2195.0,2195.0,2190.0,2195.0,1016,0.0,0.0
2023-06-13 00:00:00+09:00,2180.0,2210.0,2165.0,2210.0,19590,0.0,0.0
2023-06-14 00:00:00+09:00,2205.0,2210.0,2195.0,2210.0,20320,0.0,0.0
2023-06-15 00:00:00+09:00,2200.0,2215.0,2200.0,2215.0,35955,0.0,0.0
2023-06-16 00:00:00+09:00,2215.0,2220.0,2190.0,2210.0,5229,0.0,0.0
2023-06-19 00:00:00+09:00,2195.0,2210.0,2175.0,2210.0,25163,0.0,0.0
2023-06-20 00:00:00+09:00,2195.0,2210.0,2180.0,2205.0,6949,0.0,0.0
2023-06-21 00:00:00+09:00,2180.0,2210.0,2180.0,2190.0,567,0.0,0.0
2023-06-22 00:00:00+09:00,2200.0,2200.0,2190.0,2195.0,11833,0.0,0.0
2023-06-23 00:00:00+09:00,2200.0,2205.0,2180.0,2185.0,46127,0.0,0.0
2023-06-26 00:00:00+09:00,2200.0,2200.0,2165.0,2185.0,15137,0.0,0.0
2023-06-27 00:00:00+09:00,2170.0,2215.0,2155.0,2210.0,44300,0.0,0.0
2023-06-28 00:00:00+09:00,2205.0,2210.0,2190.0,2205.0,10672,0.0,0.0
2023-06-29 00:00:00+09:00,2200.0,2200.0,2185.0,2200.0,6305,0.0,0.0
2023-06-30 00:00:00+09:00,2190.0,2200.0,2185.0,2200.0,5294,0.0,0.0
2023-07-03 00:00:00+09:00,2200.0,2225.0,2195.0,2220.0,12677,0.0,0.0
2023-07-04 00:00:00+09:00,2200.0,2225.0,2195.0,2220.0,12895,0.0,0.0
2023-07-05 00:00:00+09:00,2220.0,2225.0,2195.0,2215.0,11266,0.0,0.0
2023-07-06 00:00:00+09:00,2200.0,2220.0,2200.0,2220.0,4182,0.0,0.0
2023-07-07 00:00:00+09:00,2195.0,2220.0,2195.0,2215.0,599,0.0,0.0
2023-07-10 00:00:00+09:00,2205.0,2220.0,2180.0,2195.0,15369,0.0,0.0
2023-07-12 00:00:00+09:00,2180.0,2200.0,2180.0,2195.0,8955,0.0,0.0
2023-07-13 00:00:00+09:00,2185.0,2205.0,2185.0,2205.0,14941,0.0,0.0
2023-07-14 00:00:00+09:00,2185.0,2210.0,2180.0,2205.0,12212,0.0,0.0
2023-07-17 00:00:00+09:00,2180.0,2215.0,2180.0,2200.0,18600,0.0,0.0
2023-07-18 00:00:00+09:00,2220.0,2240.0,2200.0,2225.0,28323,0.0,0.0
2023-07-19 00:00:00+09:00,2210.0,2240.0,2185.0,2200.0,16894,0.0,0.0
2023-07-20 00:00:00+09:00,2190.0,2215.0,2175.0,2200.0,22979,0.0,0.0
2023-07-21 00:00:00+09:00,2180.0,2200.0,2165.0,2195.0,5749,0.0,0.0
2023-07-24 00:00:00+09:00,2170.0,2200.0,2160.0,2195.0,20691,0.0,0.0
2023-07-25 00:00:00+09:00,2160.0,2195.0,2130.0,2180.0,15724,0.0,0.0
2023-07-26 00:00:00+09:00,2175.0,2180.0,2125.0,2145.0,10561,0.0,0.0
2023-07-27 00:00:00+09:00,2125.0,2145.0,2110.0,2135.0,37857,0.0,0.0
2023-07-28 00:00:00+09:00,2140.0,2145.0,2110.0,2145.0,17227,0.0,0.0
2023-07-31 00:00:00+09:00,2130.0,2150.0,2120.0,2145.0,2901,0.0,0.0
2023-08-01 00:00:00+09:00,2125.0,2145.0,2120.0,2130.0,418,0.0,0.0
2023-08-02 00:00:00+09:00,2125.0,2130.0,2055.0,2095.0,61088,0.0,0.0
2023-08-03 00:00:00+09:00,2090.0,2090.0,2070.0,2085.0,3731,0.0,0.0
2023-08-04 00:00:00+09:00,2085.0,2090.0,2080.0,2090.0,2675,0.0,0.0
2023-08-07 00:00:00+09:00,2085.0,2100.0,2080.0,2100.0,4922,0.0,0.0
2023-08-08 00:00:00+09:00,2080.0,2095.0,2070.0,2090.0,5453,0.0,0.0
2023-08-09 00:00:00+09:00,2080.0,2090.0,2070.0,2090.0,6619,0.0,0.0
2023-08-10 00:00:00+09:00,2085.0,2090.0,2075.0,2075.0,8821,0.0,0.0
2023-08-11 00:00:00+09:00,2075.0,2080.0,2075.0,2080.0,610,0.0,0.0
2023-08-14 00:00:00+09:00,2080.0,2090.0,2075.0,2085.0,3556,0.0,0.0
2023-08-16 00:00:00+09:00,2085.0,2090.0,2075.0,2090.0,26676,0.0,0.0
2023-08-17 00:00:00+09:00,2065.0,2090.0,2065.0,2090.0,3946,0.0,0.0
2023-08-18 00:00:00+09:00,2065.0,2090.0,2060.0,2090.0,2660,0.0,0.0
2023-08-21 00:00:00+09:00,2090.0,2090.0,2045.0,2065.0,28727,0.0,0.0
2023-08-22 00:00:00+09:00,2060.0,2070.0,2055.0,2070.0,6635,0.0,0.0
2023-08-23 00:00:00+09:00,2065.0,2065.0,2045.0,2060.0,31684,0.0,0.0
2023-08-24 00:00:00+09:00,2060.0,2080.0,2050.0,2070.0,9437,0.0,0.0
2023-08-25 00:00:00+09:00,2060.0,2075.0,2050.0,2070.0,8381,0.0,0.0
2023-08-28 00:00:00+09:00,2090.0,2100.0,2070.0,2095.0,7571,0.0,0.0
2023-08-29 00:00:00+09:00,2090.0,2120.0,2070.0,2110.0,2344,0.0,0.0
2023-08-30 00:00:00+09:00,2110.0,2120.0,2090.0,2115.0,1722,0.0,0.0
2023-08-31 00:00:00+09:00,2115.0,2120.0,2090.0,2110.0,11239,0.0,0.0
2023-09-01 00:00:00+09:00,2085.0,2110.0,2070.0,2110.0,8120,0.0,0.0
2023-09-04 00:00:00+09:00,2110.0,2110.0,2075.0,2100.0,7194,0.0,0.0
2023-09-05 00:00:00+09:00,2080.0,2095.0,2075.0,2095.0,1494,0.0,0.0
2023-09-06 00:00:00+09:00,2095.0,2095.0,2080.0,2090.0,3956,0.0,0.0
2023-09-07 00:00:00+09:00,2085.0,2100.0,2085.0,2100.0,4839,0.0,0.0
2023-09-08 00:00:00+09:00,2095.0,2120.0,2085.0,2120.0,635,0.0,0.0
2023-09-11 00:00:00+09:00,2125.0,2135.0,2105.0,2130.0,20579,0.0,0.0
2023-09-12 00:00:00+09:00,2110.0,2130.0,2110.0,2130.0,10237,0.0,0.0
2023-09-13 00:00:00+09:00,2105.0,2130.0,2100.0,2125.0,2402,0.0,0.0
2023-09-14 00:00:00+09:00,2125.0,2145.0,2115.0,2140.0,7738,0.0,0.0
2023-09-15 00:00:00+09:00,2140.0,2140.0,2120.0,2140.0,3016,0.0,0.0
2023-09-18 00:00:00+09:00,2120.0,2125.0,2100.0,2115.0,25017,0.0,0.0
2023-09-19 00:00:00+09:00,2115.0,2115.0,2090.0,2110.0,8540,0.0,0.0
2023-09-20 00:00:00+09:00,2120.0,2120.0,2080.0,2110.0,17918,0.0,0.0
2023-09-21 00:00:00+09:00,2090.0,2115.0,2070.0,2100.0,9579,0.0,0.0
2023-09-22 00:00:00+09:00,2115.0,2115.0,2070.0,2110.0,13463,0.0,0.0
2023-09-25 00:00:00+09:00,2100.0,2110.0,2080.0,2105.0,1605,0.0,0.0
2023-09-26 00:00:00+09:00,2105.0,2110.0,2075.0,2095.0,6764,0.0,0.0
2023-09-27 00:00:00+09:00,2095.0,2105.0,2085.0,2105.0,2393,0.0,0.0
2023-10-04 00:00:00+09:00,2090.0,2120.0,2090.0,2110.0,1385,0.0,0.0
2023-10-05 00:00:00+09:00,2095.0,2115.0,2085.0,2115.0,3316,0.0,0.0
2023-10-06 00:00:00+09:00,2115.0,2120.0,2085.0,2120.0,189,0.0,0.0
2023-10-10 00:00:00+09:00,2115.0,2120.0,2080.0,2120.0,1055,0.0,0.0
2023-10-11 00:00:00+09:00,2090.0,2110.0,2090.0,2110.0,5342,0.0,0.0
2023-10-12 00:00:00+09:00,2125.0,2125.0,2085.0,2110.0,7025,0.0,0.0
2023-10-13 00:00:00+09:00,2125.0,2125.0,2105.0,2110.0,159,0.0,0.0
2023-10-16 00:00:00+09:00,2120.0,2120.0,2100.0,2115.0,385,0.0,0.0
2023-10-17 00:00:00+09:00,2115.0,2125.0,2075.0,2125.0,6472,0.0,0.0
2023-10-18 00:00:00+09:00,2125.0,2125.0,2095.0,2125.0,6698,0.0,0.0
2023-10-19 00:00:00+09:00,2125.0,2130.0,2095.0,2110.0,1280,0.0,0.0
2023-10-20 00:00:00+09:00,2100.0,2120.0,2100.0,2120.0,256,0.0,0.0
2023-10-23 00:00:00+09:00,2100.0,2125.0,2090.0,2115.0,126,0.0,0.0
2023-10-24 00:00:00+09:00,2085.0,2100.0,2080.0,2095.0,1030,0.0,0.0
2023-10-25 00:00:00+09:00,2110.0,2110.0,2080.0,2080.0,7419,0.0,0.0
2023-10-26 00:00:00+09:00,2070.0,2085.0,2070.0,2085.0,4795,0.0,0.0
2023-10-27 00:00:00+09:00,2085.0,2090.0,2075.0,2090.0,4266,0.0,0.0
2023-10-30 00:00:00+09:00,2090.0,2090.0,2070.0,2090.0,21364,0.0,0.0
2023-10-31 00:00:00+09:00,2095.0,2095.0,2085.0,2085.0,4572,0.0,0.0
2023-11-01 00:00:00+09:00,2090.0,2090.0,2070.0,2085.0,6831,0.0,0.0
2023-11-02 00:00:00+09:00,2070.0,2095.0,2055.0,2095.0,9771,0.0,0.0
2023-11-03 00:00:00+09:00,2095.0,2100.0,2090.0,2100.0,5489,0.0,0.0
2023-11-06 00:00:00+09:00,2070.0,2095.0,2055.0,2080.0,14093,0.0,0.0
2023-11-07 00:00:00+09:00,2080.0,2090.0,2075.0,2085.0,8303,0.0,0.0
2023-11-08 00:00:00+09:00,2090.0,2090.0,2080.0,2090.0,7008,0.0,0.0
2023-11-09 00:00:00+09:00,2070.0,2090.0,2060.0,2085.0,4134,0.0,0.0
2023-11-10 00:00:00+09:00,2080.0,2080.0,2045.0,2045.0,24839,0.0,0.0
2023-11-13 00:00:00+09:00,2065.0,2070.0,2050.0,2065.0,8007,0.0,0.0
2023-11-14 00:00:00+09:00,2065.0,2070.0,2050.0,2065.0,21366,0.0,0.0
2023-11-15 00:00:00+09:00,2045.0,2085.0,2045.0,2085.0,4074,0.0,0.0
2023-11-16 00:00:00+09:00,2090.0,2090.0,2060.0,2085.0,567,0.0,0.0
2023-11-17 00:00:00+09:00,2075.0,2075.0,2060.0,2075.0,2571,0.0,0.0
2023-11-20 00:00:00+09:00,2075.0,2075.0,2070.0,2075.0,2456,0.0,0.0
2023-11-21 00:00:00+09:00,2075.0,2080.0,2055.0,2080.0,5903,0.0,0.0
2023-11-22 00:00:00+09:00,2080.0,2080.0,2080.0,2080.0,956,0.0,0.0
2023-11-23 00:00:00+09:00,2080.0,2080.0,2040.0,2060.0,5478,0.0,0.0
2023-11-24 00:00:00+09:00,2075.0,2075.0,2060.0,2075.0,64,0.0,0.0
2023-11-27 00:00:00+09:00,2050.0,2075.0,2050.0,2075.0,7636,0.0,0.0
2023-11-28 00:00:00+09:00,2075.0,2075.0,2065.0,2075.0,1484,0.0,0.0
2023-11-29 00:00:00+09:00,2070.0,2075.0,2065.0,2075.0,787,0.0,0.0
2023-11-30 00:00:00+09:00,2075.0,2080.0,2060.0,2080.0,13193,0.0,0.0
2023-12-01 00:00:00+09:00,2070.0,2100.0,2060.0,2095.0,14330,0.0,0.0
2023-12-04 00:00:00+09:00,2100.0,2100.0,2070.0,2095.0,4758,0.0,0.0
2023-12-05 00:00:00+09:00,2075.0,2090.0,2070.0,2090.0,5124,0.0,0.0
2023-12-06 00:00:00+09:00,2070.0,2085.0,2055.0,2085.0,14200,0.0,0.0
2023-12-07 00:00:00+09:00,2085.0,2085.0,2075.0,2080.0,162,0.0,0.0
2023-12-08 00:00:00+09:00,2075.0,2080.0,2060.0,2080.0,12163,0.0,0.0
2023-12-11 00:00:00+09:00,2080.0,2080.0,2050.0,2075.0,18997,0.0,0.0
2023-12-12 00:00:00+09:00,2075.0,2080.0,2065.0,2080.0,4465,0.0,0.0
2023-12-13 00:00:00+09:00,2080.0,2085.0,2070.0,2080.0,4534,0.0,0.0
2023-12-14 00:00:00+09:00,2085.0,2085.0,2065.0,2080.0,7941,0.0,0.0
2023-12-15 00:00:00+09:00,2065.0,2090.0,2055.0,2080.0,4784,0.0,0.0
2023-12-18 00:00:00+09:00,2085.0,2085.0,2060.0,2060.0,19500,0.0,0.0
2023-12-19 00:00:00+09:00,2070.0,2070.0,2060.0,2070.0,11009,0.0,0.0
2023-12-20 00:00:00+09:00,2075.0,2080.0,2075.0,2080.0,29732,0.0,0.0
2023-12-21 00:00:00+09:00,2060.0,2095.0,2060.0,2095.0,23901,0.0,0.0
2023-12-22 00:00:00+09:00,2080.0,2105.0,2080.0,2105.0,5134,0.0,0.0
2023-12-26 00:00:00+09:00,2100.0,2105.0,2095.0,2100.0,2359,0.0,0.0
2023-12-27 00:00:00+09:00,2110.0,2110.0,2090.0,2095.0,3964,0.0,0.0
2023-12-28 00:00:00+09:00,2110.0,2120.0,2100.0,2115.0,41055,0.0,0.0
2024-01-02 00:00:00+09:00,2120.0,2120.0,2095.0,2095.0,2727,0.0,0.0
2024-01-03 00:00:00+09:00,2110.0,2120.0,2090.0,2115.0,13525,0.0,0.0
2024-01-04 00:00:00+09:00,2115.0,2115.0,2100.0,2110.0,3408,0.0,0.0
2024-01-05 00:00:00+09:00,2105.0,2125.0,2090.0,2120.0,5897,0.0,0.0
2024-01-08 00:00:00+09:00,2100.0,2180.0,2100.0,2135.0,32679,0.0,0.0
2024-01-09 00:00:00+09:00,2135.0,2145.0,2100.0,2140.0,16587,0.0,0.0
2024-01-10 00:00:00+09:00,2150.0,2150.0,2140.0,2145.0,415,0.0,0.0
2024-01-11 00:00:00+09:00,2145.0,2150.0,2130.0,2140.0,7626,0.0,0.0
2024-01-12 00:00:00+09:00,2150.0,2185.0,2150.0,2185.0,10079,0.0,0.0
2024-01-15 00:00:00+09:00,2165.0,2190.0,2165.0,2185.0,7924,0.0,0.0
2024-01-16 00:00:00+09:00,2185.0,2185.0,2160.0,2180.0,4167,0.0,0.0
2024-01-17 00:00:00+09:00,2180.0,2185.0,2165.0,2185.0,2132,0.0,0.0
2024-01-18 00:00:00+09:00,2185.0,2185.0,2150.0,2160.0,15949,0.0,0.0
2024-01-19 00:00:00+09:00,2160.0,2180.0,2135.0,2170.0,13837,0.0,0.0
2024-01-22 00:00:00+09:00,2165.0,2175.0,2150.0,2165.0,14506,0.0,0.0
2024-01-23 00:00:00+09:00,2165.0,2175.0,2150.0,2160.0,12126,0.0,0.0
2024-01-24 00:00:00+09:00,2165.0,2165.0,2145.0,2165.0,8380,0.0,0.0
2024-01-25 00:00:00+09:00,2165.0,2235.0,2140.0,2140.0,28299,0.0,0.0
2024-01-26 00:00:00+09:00,2140.0,2175.0,2140.0,2175.0,9312,0.0,0.0
2024-01-29 00:00:00+09:00,2135.0,2200.0,2135.0,2185.0,10718,0.0,0.0
2024-01-30 00:00:00+09:00,2185.0,2200.0,2180.0,2190.0,1213,0.0,0.0
2024-01-31 00:00:00+09:00,2190.0,2200.0,2170.0,2185.0,10498,0.0,0.0
2024-02-01 00:00:00+09:00,2180.0,2185.0,2170.0,2185.0,2439,0.0,0.0
2024-02-02 00:00:00+09:00,2190.0,2190.0,2170.0,2190.0,7558,0.0,0.0
2024-02-05 00:00:00+09:00,2170.0,2200.0,2170.0,2200.0,10511,0.0,0.0
2024-02-06 00:00:00+09:00,2180.0,2195.0,2175.0,2190.0,2282,0.0,0.0
2024-02-07 00:00:00+09:00,2210.0,2210.0,2150.0,2170.0,6453,0.0,0.0
2024-02-08 00:00:00+09:00,2165.0,2200.0,2155.0,2200.0,8368,0.0,0.0
2024-02-13 00:00:00+09:00,2195.0,2200.0,2190.0,2200.0,1444,0.0,0.0
2024-02-14 00:00:00+09:00,2195.0,2200.0,2180.0,2200.0,415,0.0,0.0
2024-02-15 00:00:00+09:00,2195.0,2200.0,2155.0,2195.0,5308,0.0,0.0
2024-02-16 00:00:00+09:00,2195.0,2210.0,2155.0,2175.0,28607,0.0,0.0
2024-02-19 00:00:00+09:00,2210.0,2210.0,2190.0,2195.0,1619,0.0,0.0
2024-02-20 00:00:00+09:00,2200.0,2200.0,2190.0,2200.0,27216,0.0,0.0
2024-02-21 00:00:00+09:00,2200.0,2200.0,2190.0,2200.0,10199,0.0,0.0
2024-02-22 00:00:00+09:00,2200.0,2205.0,2195.0,2205.0,39888,0.0,0.0
2024-02-23 00:00:00+09:00,2200.0,2220.0,2200.0,2220.0,47699,0.0,0.0
2024-02-26 00:00:00+09:00,2225.0,2240.0,2220.0,2240.0,31991,0.0,0.0
2024-02-27 00:00:00+09:00,2240.0,2325.0,2220.0,2280.0,18920,0.0,0.0
2024-02-28 00:00:00+09:00,2290.0,2300.0,2250.0,2295.0,5762,0.0,0.0
2024-02-29 00:00:00+09:00,2230.0,2300.0,2230.0,2260.0,19026,0.0,0.0
2024-03-04 00:00:00+09:00,2215.0,2280.0,2210.0,2250.0,12280,0.0,0.0
2024-03-05 00:00:00+09:00,2240.0,2245.0,2200.0,2220.0,14984,0.0,0.0
2024-03-06 00:00:00+09:00,2215.0,2220.0,2165.0,2180.0,12082,0.0,0.0
2024-03-07 00:00:00+09:00,2180.0,2195.0,2165.0,2170.0,17208,0.0,0.0
2024-03-08 00:00:00+09:00,2175.0,2190.0,2160.0,2170.0,9252,0.0,0.0
2024-03-11 00:00:00+09:00,2170.0,2185.0,2160.0,2185.0,10407,0.0,0.0
2024-03-12 00:00:00+09:00,2195.0,2195.0,2160.0,2185.0,5900,0.0,0.0
2024-03-13 00:00:00+09:00,2180.0,2185.0,2165.0,2180.0,5450,0.0,0.0
2024-03-14 00:00:00+09:00,2175.0,2195.0,2170.0,2195.0,6786,0.0,0.0
2024-03-15 00:00:00+09:00,2190.0,2215.0,2170.0,2190.0,25926,0.0,0.0
2024-03-18 00:00:00+09:00,2185.0,2195.0,2160.0,2165.0,34471,0.0,0.0
2024-03-19 00:00:00+09:00,2170.0,2190.0,2160.0,2190.0,24541,0.0,0.0
2024-03-20 00:00:00+09:00,2190.0,2190.0,2165.0,2190.0,19428,0.0,0.0
2024-03-21 00:00:00+09:00,2190.0,2195.0,2170.0,2195.0,15577,0.0,0.0
2024-03-22 00:00:00+09:00,2190.0,2195.0,2170.0,2190.0,17233,0.0,0.0
2024-03-25 00:00:00+09:00,2190.0,2195.0,2180.0,2195.0,23300,0.0,0.0
2024-03-26 00:00:00+09:00,2190.0,2195.0,2175.0,2185.0,29112,0.0,0.0
2024-03-27 00:00:00+09:00,2195.0,2220.0,2195.0,2215.0,14213,0.0,0.0
2024-03-28 00:00:00+09:00,2210.0,2215.0,2200.0,2205.0,4089,0.0,0.0
2024-03-29 00:00:00+09:00,2200.0,2290.0,2200.0,2280.0,13198,0.0,0.0
2024-04-01 00:00:00+09:00,2275.0,2365.0,2255.0,2315.0,42104,0.0,0.0
2024-04-02 00:00:00+09:00,2315.0,2330.0,2305.0,2330.0,19468,0.0,0.0
2024-04-03 00:00:00+09:00,2325.0,2345.0,2315.0,2335.0,12658,0.0,0.0
2024-04-04 00:00:00+09:00,2330.0,2340.0,2325.0,2335.0,16671,0.0,0.0
2024-04-05 00:00:00+09:00,2330.0,2355.0,2310.0,2325.0,42954,0.0,0.0
2024-04-08 00:00:00+09:00,2335.0,2390.0,2325.0,2390.0,39882,0.0,0.0
2024-04-09 00:00:00+09:00,2390.0,2415.0,2350.0,2380.0,73944,0.0,0.0
2024-04-11 00:00:00+09:00,2395.0,2400.0,2375.0,2385.0,10545,0.0,0.0
2024-04-12 00:00:00+09:00,2390.0,2400.0,2385.0,2390.0,18329,0.0,0.0
2024-04-15 00:00:00+09:00,2385.0,2400.0,2350.0,2400.0,6188,0.0,0.0
2024-04-16 00:00:00+09:00,2395.0,2400.0,2365.0,2380.0,13908,0.0,0.0
2024-04-17 00:00:00+09:00,2385.0,2395.0,2345.0,2395.0,6067,0.0,0.0
2024-04-18 00:00:00+09:00,2390.0,2395.0,2370.0,2385.0,15058,0.0,0.0
2024-04-19 00:00:00+09:00,2380.0,2390.0,2355.0,2385.0,7874,0.0,0.0
2024-04-22 00:00:00+09:00,2380.0,2390.0,2350.0,2390.0,6171,0.0,0.0
2024-04-23 00:00:00+09:00,2385.0,2395.0,2335.0,2380.0,19538,0.0,0.0
2024-04-24 00:00:00+09:00,2380.0,2380.0,2305.0,2345.0,25263,0.0,0.0
2024-04-25 00:00:00+09:00,2250.0,2270.0,2150.0,2190.0,378792,0.0,0.0
2024-04-26 00:00:00+09:00,2195.0,2220.0,2165.0,2210.0,45567,0.0,0.0
2024-04-29 00:00:00+09:00,2210.0,2210.0,2180.0,2195.0,43973,0.0,0.0
2024-04-30 00:00:00+09:00,2215.0,2215.0,2190.0,2200.0,15868,0.0,0.0
2024-05-02 00:00:00+09:00,2190.0,2190.0,2175.0,2185.0,33580,0.0,0.0
2024-05-03 00:00:00+09:00,2180.0,2190.0,2165.0,2180.0,13857,0.0,0.0
2024-05-07 00:00:00+09:00,2180.0,2185.0,2165.0,2165.0,20675,0.0,0.0
2024-05-08 00:00:00+09:00,2170.0,2175.0,2160.0,2175.0,25445,0.0,0.0
2024-05-09 00:00:00+09:00,2170.0,2180.0,2155.0,2175.0,13872,0.0,0.0
2024-05-10 00:00:00+09:00,2175.0,2175.0,2160.0,2170.0,1580,0.0,0.0
2024-05-13 00:00:00+09:00,2170.0,2175.0,2155.0,2175.0,7317,0.0,0.0
2024-05-14 00:00:00+09:00,2170.0,2175.0,2155.0,2160.0,4538,0.0,0.0
2024-05-16 00:00:00+09:00,2170.0,2180.0,2155.0,2165.0,10862,0.0,0.0
2024-05-17 00:00:00+09:00,2180.0,2180.0,2160.0,2175.0,19230,0.0,0.0
2024-05-20 00:00:00+09:00,2160.0,2170.0,2155.0,2170.0,10570,0.0,0.0
2024-05-21 00:00:00+09:00,2165.0,2180.0,2145.0,2170.0,19370,0.0,0.0
2024-05-22 00:00:00+09:00,2165.0,2165.0,2145.0,2150.0,16978,0.0,0.0
2024-05-23 00:00:00+09:00,2145.0,2165.0,2130.0,2140.0,17173,0.0,0.0
2024-05-24 00:00:00+09:00,2135.0,2145.0,2125.0,2145.0,24996,0.0,0.0
2024-05-27 00:00:00+09:00,2120.0,2155.0,2120.0,2150.0,2451,0.0,0.0
2024-05-28 00:00:00+09:00,2150.0,2150.0,2140.0,2150.0,2969,0.0,0.0
2024-05-29 00:00:00+09:00,2140.0,2150.0,2130.0,2140.0,14249,0.0,0.0
2024-05-30 00:00:00+09:00,2145.0,2145.0,2140.0,2140.0,2997,0.0,0.0
2024-05-31 00:00:00+09:00,2150.0,2150.0,2110.0,2145.0,17800,0.0,0.0
2024-06-03 00:00:00+09:00,2145.0,2165.0,2140.0,2160.0,44565,0.0,0.0
2024-06-04 00:00:00+09:00,2155.0,2165.0,2140.0,2165.0,25091,0.0,0.0
2024-06-05 00:00:00+09:00,2165.0,2165.0,2150.0,2160.0,16485,0.0,0.0
2024-06-07 00:00:00+09:00,2160.0,2170.0,2145.0,2155.0,32134,0.0,0.0
2024-06-10 00:00:00+09:00,2150.0,2160.0,2140.0,2155.0,7480,0.0,0.0
2024-06-11 00:00:00+09:00,2155.0,2165.0,2140.0,2155.0,15697,0.0,0.0
2024-06-12 00:00:00+09:00,2155.0,2170.0,2140.0,2155.0,13442,0.0,0.0
2024-06-13 00:00:00+09:00,2165.0,2170.0,2140.0,2165.0,11969,0.0,0.0
2024-06-14 00:00:00+09:00,2175.0,2175.0,2160.0,2165.0,6603,0.0,0.0
2024-06-17 00:00:00+09:00,2165.0,2175.0,2165.0,2165.0,26258,0.0,0.0
2024-06-18 00:00:00+09:00,2165.0,2175.0,2160.0,2175.0,17069,0.0,0.0
2024-06-19 00:00:00+09:00,2175.0,2185.0,2170.0,2170.0,23110,0.0,0.0
2024-06-20 00:00:00+09:00,2175.0,2190.0,2175.0,2185.0,8455,0.0,0.0
2024-06-21 00:00:00+09:00,2190.0,2200.0,2190.0,2200.0,11664,0.0,0.0
2024-06-24 00:00:00+09:00,2190.0,2210.0,2190.0,2205.0,22447,0.0,0.0
2024-06-25 00:00:00+09:00,2205.0,2295.0,2205.0,2215.0,12018,0.0,0.0
2024-06-26 00:00:00+09:00,2230.0,2230.0,2215.0,2225.0,12052,0.0,0.0
2024-06-27 00:00:00+09:00,2220.0,2220.0,2160.0,2190.0,12574,0.0,0.0
2024-06-28 00:00:00+09:00,2235.0,2235.0,2165.0,2190.0,17228,0.0,0.0
2024-07-01 00:00:00+09:00,2240.0,2240.0,2175.0,2205.0,2840,0.0,0.0
2024-07-02 00:00:00+09:00,2200.0,2210.0,2170.0,2195.0,799,0.0,0.0
2024-07-03 00:00:00+09:00,2185.0,2195.0,2175.0,2195.0,5989,0.0,0.0
2024-07-04 00:00:00+09:00,2190.0,2195.0,2180.0,2190.0,7093,0.0,0.0
2024-07-05 00:00:00+09:00,2185.0,2210.0,2185.0,2205.0,16790,0.0,0.0
2024-07-08 00:00:00+09:00,2205.0,2220.0,2175.0,2200.0,12266,0.0,0.0
2024-07-09 00:00:00+09:00,2215.0,2215.0,2185.0,2205.0,3266,0.0,0.0
2024-07-10 00:00:00+09:00,2200.0,2200.0,2195.0,2200.0,2095,0.0,0.0
2024-07-11 00:00:00+09:00,2205.0,2205.0,2190.0,2200.0,1315,0.0,0.0
2024-07-12 00:00:00+09:00,2195.0,2210.0,2170.0,2195.0,1349,0.0,0.0
2024-07-15 00:00:00+09:00,2190.0,2200.0,2175.0,2200.0,4144,0.0,0.0
2024-07-16 00:00:00+09:00,2200.0,2210.0,2180.0,2195.0,22331,0.0,0.0
2024-07-17 00:00:00+09:00,2195.0,2200.0,2185.0,2200.0,12295,0.0,0.0
2024-07-18 00:00:00+09:00,2195.0,2200.0,2160.0,2165.0,9134,0.0,0.0
2024-07-19 00:00:00+09:00,2180.0,2195.0,2170.0,2195.0,5399,0.0,0.0
2024-07-22 00:00:00+09:00,2195.0,2195.0,2155.0,2175.0,28620,0.0,0.0
2024-07-23 00:00:00+09:00,2180.0,2195.0,2170.0,2190.0,15127,0.0,0.0
2024-07-24 00:00:00+09:00,2190.0,2200.0,2185.0,2200.0,19597,0.0,0.0
2024-07-25 00:00:00+09:00,2195.0,2195.0,2170.0,2195.0,4138,0.0,0.0
2024-07-26 00:00:00+09:00,2190.0,2195.0,2170.0,2185.0,3459,0.0,0.0
2024-07-29 00:00:00+09:00,2180.0,2180.0,2155.0,2180.0,5994,0.0,0.0
2024-07-30 00:00:00+09:00,2175.0,2195.0,2170.0,2190.0,7458,0.0,0.0
2024-07-31 00:00:00+09:00,2185.0,2185.0,2170.0,2185.0,5022,0.0,0.0
2024-08-01 00:00:00+09:00,2180.0,2190.0,2160.0,2180.0,65743,0.0,0.0
2024-08-02 00:00:00+09:00,2175.0,2180.0,2155.0,2170.0,11616,0.0,0.0
2024-08-05 00:00:00+09:00,2165.0,2170.0,2140.0,2155.0,32473,0.0,0.0
2024-08-06 00:00:00+09:00,2170.0,2170.0,2135.0,2165.0,13854,0.0,0.0
2024-08-07 00:00:00+09:00,2160.0,2175.0,2140.0,2170.0,7666,0.0,0.0
2024-08-08 00:00:00+09:00,2170.0,2175.0,2160.0,2160.0,896,0.0,0.0
2024-08-09 00:00:00+09:00,2165.0,2165.0,2125.0,2155.0,6786,0.0,0.0
2024-08-12 00:00:00+09:00,2155.0,2155.0,2125.0,2130.0,36184,0.0,0.0
2024-08-13 00:00:00+09:00,2130.0,2155.0,2130.0,2150.0,10647,0.0,0.0
2024-08-14 00:00:00+09:00,2150.0,2160.0,2150.0,2160.0,6703,0.0,0.0
2024-08-16 00:00:00+09:00,2145.0,2160.0,2140.0,2160.0,6126,0.0,0.0
2024-08-19 00:00:00+09:00,2140.0,2155.0,2135.0,2150.0,5591,0.0,0.0
2024-08-20 00:00:00+09:00,2155.0,2155.0,2135.0,2155.0,4175,0.0,0.0
2024-08-21 00:00:00+09:00,2140.0,2160.0,2135.0,2160.0,4847,0.0,0.0
2024-08-22 00:00:00+09:00,2165.0,2165.0,2145.0,2160.0,13838,0.0,0.0
2024-08-23 00:00:00+09:00,2130.0,2150.0,2110.0,2140.0,27392,0.0,0.0
2024-08-26 00:00:00+09:00,2140.0,2140.0,2125.0,2135.0,5868,0.0,0.0
2024-08-27 00:00:00+09:00,2135.0,2145.0,2135.0,2145.0,4786,0.0,0.0
2024-08-28 00:00:00+09:00,2160.0,2160.0,2140.0,2145.0,4943,0.0,0.0
2024-08-29 00:00:00+09:00,2145.0,2145.0,2145.0,2145.0,9967,0.0,0.0
2024-08-30 00:00:00+09:00,2145.0,2150.0,2110.0,2150.0,3011,0.0,0.0
2024-09-02 00:00:00+09:00,2145.0,2145.0,2125.0,2125.0,1065,0.0,0.0
2024-09-03 00:00:00+09:00,2125.0,2125.0,2120.0,2125.0,1651,0.0,0.0
2024-09-04 00:00:00+09:00,2120.0,2140.0,2115.0,2125.0,9415,0.0,0.0
2024-09-05 00:00:00+09:00,2130.0,2130.0,2125.0,2130.0,138,0.0,0.0
2024-09-06 00:00:00+09:00,2125.0,2125.0,2110.0,2120.0,4681,0.0,0.0
2024-09-09 00:00:00+09:00,2150.0,2150.0,2135.0,2140.0,2804,0.0,0.0
2024-09-10 00:00:00+09:00,2145.0,2145.0,2105.0,2140.0,10410,0.0,0.0
2024-09-11 00:00:00+09:00,2140.0,2140.0,2110.0,2130.0,8011,0.0,0.0
2024-09-12 00:00:00+09:00,2145.0,2145.0,2135.0,2135.0,2,0.0,0.0
2024-09-13 00:00:00+09:00,2145.0,2145.0,2105.0,2105.0,13295,0.0,0.0
2024-09-19 00:00:00+09:00,2105.0,2145.0,2105.0,2120.0,3589,0.0,0.0
2024-09-20 00:00:00+09:00,2145.0,2145.0,2105.0,2125.0,1876,0.0,0.0
2024-09-23 00:00:00+09:00,2125.0,2125.0,2105.0,2120.0,3189,0.0,0.0
2024-09-24 00:00:00+09:00,2140.0,2140.0,2080.0,2095.0,12946,0.0,0.0
2024-09-25 00:00:00+09:00,2130.0,2130.0,2095.0,2110.0,1097,0.0,0.0
2024-09-26 00:00:00+09:00,2095.0,2130.0,2090.0,2095.0,13064,0.0,0.0
2024-09-27 00:00:00+09:00,2100.0,2100.0,2085.0,2100.0,24400,0.0,0.0
2024-09-30 00:00:00+09:00,2090.0,2100.0,2090.0,2100.0,11548,0.0,0.0
2024-10-02 00:00:00+09:00,2100.0,2130.0,2095.0,2130.0,2649,0.0,0.0
2024-10-04 00:00:00+09:00,2125.0,2125.0,2100.0,2100.0,5618,0.0,0.0
2024-10-07 00:00:00+09:00,2145.0,2145.0,2100.0,2100.0,6283,0.0,0.0
2024-10-08 00:00:00+09:00,2105.0,2140.0,2100.0,2120.0,5919,0.0,0.0
2024-10-10 00:00:00+09:00,2100.0,2105.0,2090.0,2105.0,9688,0.0,0.0
2024-10-11 00:00:00+09:00,2140.0,2140.0,2095.0,2120.0,5165,0.0,0.0
2024-10-14 00:00:00+09:00,2135.0,2135.0,2080.0,2100.0,24517,0.0,0.0
2024-10-15 00:00:00+09:00,2110.0,2110.0,2095.0,2105.0,380,0.0,0.0
2024-10-16 00:00:00+09:00,2100.0,2105.0,2085.0,2090.0,22562,0.0,0.0
2024-10-17 00:00:00+09:00,2105.0,2105.0,2095.0,2105.0,1135,0.0,0.0
2024-10-18 00:00:00+09:00,2100.0,2110.0,2090.0,2105.0,12339,0.0,0.0
2024-10-21 00:00:00+09:00,2110.0,2110.0,2090.0,2105.0,831,0.0,0.0
2024-10-22 00:00:00+09:00,2085.0,2110.0,2085.0,2110.0,6071,0.0,0.0
2024-10-23 00:00:00+09:00,2090.0,2105.0,2090.0,2105.0,2271,0.0,0.0
2024-10-24 00:00:00+09:00,2090.0,2110.0,2090.0,2110.0,5030,0.0,0.0
2024-10-25 00:00:00+09:00,2105.0,2110.0,2100.0,2110.0,10862,0.0,0.0
2024-10-28 00:00:00+09:00,2110.0,2110.0,2090.0,2105.0,1625,0.0,0.0
2024-10-29 00:00:00+09:00,2110.0,2120.0,2090.0,2105.0,6104,0.0,0.0
2024-10-30 00:00:00+09:00,2110.0,2110.0,2095.0,2110.0,2255,0.0,0.0
2024-10-31 00:00:00+09:00,2110.0,2110.0,2095.0,2110.0,132,0.0,0.0
2024-11-01 00:00:00+09:00,2110.0,2110.0,2095.0,2110.0,20331,0.0,0.0
2024-11-04 00:00:00+09:00,2110.0,2110.0,2090.0,2105.0,9031,0.0,0.0
2024-11-05 00:00:00+09:00,2105.0,2105.0,2090.0,2105.0,738,0.0,0.0
2024-11-06 00:00:00+09:00,2100.0,2100.0,2090.0,2100.0,3300,0.0,0.0
2024-11-07 00:00:00+09:00,2090.0,2100.0,2090.0,2095.0,14784,0.0,0.0
2024-11-08 00:00:00+09:00,2095.0,2110.0,2085.0,2110.0,2614,0.0,0.0
2024-11-11 00:00:00+09:00,2090.0,2110.0,2085.0,2105.0,11935,0.0,0.0
2024-11-12 00:00:00+09:00,2105.0,2105.0,2080.0,2090.0,6106,0.0,0.0
2024-11-13 00:00:00+09:00,2075.0,2080.0,2075.0,2080.0,8352,0.0,0.0
2024-11-14 00:00:00+09:00,2085.0,2090.0,2075.0,2085.0,7605,0.0,0.0
2024-11-15 00:00:00+09:00,2080.0,2085.0,2070.0,2080.0,64651,0.0,0.0
2024-11-18 00:00:00+09:00,2080.0,2100.0,2075.0,2090.0,39595,0.0,0.0
2024-11-19 00:00:00+09:00,2100.0,2100.0,2080.0,2085.0,12793,0.0,0.0
2024-11-20 00:00:00+09:00,2080.0,2085.0,2075.0,2085.0,27389,0.0,0.0
2024-11-21 00:00:00+09:00,2085.0,2085.0,2075.0,2075.0,23693,0.0,0.0
2024-11-22 00:00:00+09:00,2085.0,2090.0,2075.0,2080.0,12747,0.0,0.0
2024-11-25 00:00:00+09:00,2080.0,2085.0,2075.0,2085.0,13493,0.0,0.0
2024-11-26 00:00:00+09:00,2090.0,2090.0,2075.0,2080.0,3383,0.0,0.0
2024-11-27 00:00:00+09:00,2085.0,2085.0,2075.0,2075.0,4081,0.0,0.0
2024-11-28 00:00:00+09:00,2085.0,2085.0,2075.0,2080.0,16485,0.0,0.0
2024-11-29 00:00:00+09:00,2085.0,2085.0,2075.0,2080.0,5696,0.0,0.0
2024-12-02 00:00:00+09:00,2090.0,2090.0,2075.0,2090.0,6406,0.0,0.0
2024-12-03 00:00:00+09:00,2090.0,2090.0,2075.0,2090.0,10644,0.0,0.0
2024-12-04 00:00:00+09:00,2090.0,2095.0,2070.0,2075.0,18897,0.0,0.0
2024-12-05 00:00:00+09:00,2085.0,2085.0,2075.0,2085.0,13874,0.0,0.0
2024-12-06 00:00:00+09:00,2085.0,2085.0,2070.0,2080.0,68044,0.0,0.0
2024-12-09 00:00:00+09:00,2080.0,2080.0,2075.0,2080.0,7731,0.0,0.0
2024-12-10 00:00:00+09:00,2085.0,2090.0,2080.0,2090.0,3959,0.0,0.0
2024-12-11 00:00:00+09:00,2090.0,2090.0,2075.0,2085.0,10239,0.0,0.0
2024-12-12 00:00:00+09:00,2090.0,2090.0,2075.0,2080.0,1891,0.0,0.0
2024-12-13 00:00:00+09:00,2080.0,2090.0,2075.0,2090.0,11869,0.0,0.0
2024-12-16 00:00:00+09:00,2090.0,2090.0,2075.0,2080.0,8042,0.0,0.0
2024-12-17 00:00:00+09:00,2090.0,2090.0,2080.0,2080.0,254,0.0,0.0
2024-12-18 00:00:00+09:00,2090.0,2090.0,2080.0,2085.0,3023,0.0,0.0
2024-12-19 00:00:00+09:00,2090.0,2090.0,2080.0,2085.0,18092,0.0,0.0
2024-12-20 00:00:00+09:00,2085.0,2085.0,2075.0,2080.0,651,0.0,0.0
2024-12-23 00:00:00+09:00,2085.0,2085.0,2075.0,2085.0,13210,0.0,0.0
2024-12-24 00:00:00+09:00,2085.0,2085.0,2075.0,2085.0,117741,0.0,0.0
2024-12-26 00:00:00+09:00,2085.0,2085.0,2075.0,2075.0,46081,0.0,0.0
2024-12-27 00:00:00+09:00,2085.0,2085.0,2075.0,2075.0,5255,0.0,0.0
2024-12-30 00:00:00+09:00,2085.0,2090.0,2075.0,2080.0,6438,0.0,0.0
2025-01-02 00:00:00+09:00,2090.0,2090.0,2080.0,2085.0,2548,0.0,0.0
2025-01-03 00:00:00+09:00,2090.0,2090.0,2080.0,2090.0,13160,0.0,0.0
