Date,Open,High,Low,Close,Volume,Dividends,Stock Splits,Capital Gains
2019-09-25 00:00:00-04:00,19.567591954356516,19.644367218017578,19.5183784377503,19.644367218017578,1000,0.0,0.0,0.0
2019-09-26 00:00:00-04:00,19.60696296784176,19.60696296784176,19.571529388427734,19.571529388427734,500,0.0,0.0,0.0
2019-09-27 00:00:00-04:00,19.59712030507324,19.59712030507324,19.461288452148438,19.461288452148438,1000,0.0,0.0,0.0
2019-09-30 00:00:00-04:00,19.577435464179867,19.579404830932617,19.577435464179867,19.579404830932617,200,0.0,0.0,0.0
2019-10-01 00:00:00-04:00,19.3392391204834,19.3392391204834,19.3392391204834,19.3392391204834,0,0.0,0.0,0.0
2019-10-02 00:00:00-04:00,18.97406768798828,18.97406768798828,18.97406768798828,18.97406768798828,100,0.0,0.0,0.0
2019-10-03 00:00:00-04:00,18.9081194693395,19.098087310791016,18.9081194693395,19.098087310791016,800,0.0,0.0,0.0
2019-10-04 00:00:00-04:00,19.4002628326416,19.4002628326416,19.4002628326416,19.4002628326416,0,0.0,0.0,0.0
2019-10-07 00:00:00-04:00,19.346128463745117,19.346128463745117,19.346128463745117,19.346128463745117,0,0.0,0.0,0.0
2019-10-08 00:00:00-04:00,19.183722288963608,19.183722288963608,19.037063598632812,19.037063598632812,100,0.0,0.0,0.0
2019-10-09 00:00:00-04:00,19.203406451334985,19.25261996544397,19.197500228881836,19.197500228881836,300,0.0,0.0,0.0
2019-10-10 00:00:00-04:00,19.331362211445537,19.331362211445537,19.311677932739258,19.311677932739258,100,0.0,0.0,0.0
2019-10-11 00:00:00-04:00,19.636493277143057,19.666020635812632,19.565624237060547,19.565624237060547,300,0.0,0.0,0.0
2019-10-14 00:00:00-04:00,19.528221042001427,19.53215789794922,19.528221042001427,19.53215789794922,100,0.0,0.0,0.0
2019-10-15 00:00:00-04:00,19.636493287617103,19.77429263448274,19.636493287617103,19.722126007080078,500,0.0,0.0,0.0
2019-10-16 00:00:00-04:00,19.664052963256836,19.664052963256836,19.664052963256836,19.664052963256836,0,0.0,0.0,0.0
2019-10-17 00:00:00-04:00,19.726062774658203,19.726062774658203,19.726062774658203,19.726062774658203,0,0.0,0.0,0.0
2019-10-18 00:00:00-04:00,19.6492862701416,19.6492862701416,19.6492862701416,19.6492862701416,0,0.0,0.0,0.0
2019-10-21 00:00:00-04:00,19.786102294921875,19.786102294921875,19.786102294921875,19.786102294921875,0,0.0,0.0,0.0
2019-10-22 00:00:00-04:00,19.737873077392578,19.737873077392578,19.737873077392578,19.737873077392578,0,0.0,0.0,0.0
2019-10-23 00:00:00-04:00,19.78905487060547,19.78905487060547,19.78905487060547,19.78905487060547,0,0.0,0.0,0.0
2019-10-24 00:00:00-04:00,19.85303497314453,19.85303497314453,19.85303497314453,19.85303497314453,0,0.0,0.0,0.0
2019-10-25 00:00:00-04:00,19.917997360229492,19.917997360229492,19.917997360229492,19.917997360229492,0,0.0,0.0,0.0
2019-10-28 00:00:00-04:00,20.041034698486328,20.041034698486328,20.041034698486328,20.041034698486328,0,0.0,0.0,0.0
2019-10-29 00:00:00-04:00,20.108950270147886,20.108950270147886,20.036113739013672,20.036113739013672,500,0.0,0.0,0.0
2019-10-30 00:00:00-04:00,19.9908360380492,20.06268882751465,19.980992958719977,20.06268882751465,800,0.0,0.0,0.0
2019-10-31 00:00:00-04:00,20.06268882751465,20.06268882751465,20.06268882751465,20.06268882751465,0,0.0,0.0,0.0
2019-11-01 00:00:00-04:00,20.1483197046069,20.194581985473633,20.1483197046069,20.194581985473633,500,0.0,0.0,0.0
2019-11-04 00:00:00-05:00,20.305805023872644,20.305805023872644,20.293010711669922,20.293010711669922,300,0.0,0.0,0.0
2019-11-05 00:00:00-05:00,20.293010711669922,20.293010711669922,20.293010711669922,20.293010711669922,0,0.0,0.0,0.0
2019-11-06 00:00:00-05:00,20.256591796875,20.256591796875,20.256591796875,20.256591796875,200,0.0,0.0,0.0
2019-11-07 00:00:00-05:00,20.256591796875,20.256591796875,20.256591796875,20.256591796875,0,0.0,0.0,0.0
2019-11-08 00:00:00-05:00,20.315648514860058,20.38454818725586,20.315648514860058,20.38454818725586,400,0.0,0.0,0.0
2019-11-11 00:00:00-05:00,20.374707698467038,20.374707698467038,20.373722076416016,20.373722076416016,200,0.0,0.0,0.0
2019-11-12 00:00:00-05:00,20.443606723999626,20.443606723999626,20.40522003173828,20.40522003173828,200,0.0,0.0,0.0
2019-11-13 00:00:00-05:00,20.40522003173828,20.40522003173828,20.40522003173828,20.40522003173828,0,0.0,0.0,0.0
2019-11-14 00:00:00-05:00,20.40522003173828,20.40522003173828,20.40522003173828,20.40522003173828,0,0.0,0.0,0.0
2019-11-15 00:00:00-05:00,20.4928210204792,20.54695701599121,20.4928210204792,20.54695701599121,200,0.0,0.0,0.0
2019-11-18 00:00:00-05:00,20.52234954575647,20.557783126831055,20.52234954575647,20.557783126831055,400,0.0,0.0,0.0
2019-11-19 00:00:00-05:00,20.557783126831055,20.557783126831055,20.557783126831055,20.557783126831055,0,0.0,0.0,0.0
2019-11-20 00:00:00-05:00,20.56171989431883,20.56171989431883,20.450496673583984,20.450496673583984,500,0.0,0.0,0.0
2019-11-21 00:00:00-05:00,20.41407805901497,20.422937393188477,20.41407805901497,20.422937393188477,200,0.0,0.0,0.0
2019-11-22 00:00:00-05:00,20.473132405643533,20.48396110534668,20.473132405643533,20.48396110534668,200,0.0,0.0,0.0
2019-11-25 00:00:00-05:00,20.601091691503367,20.630619049072266,20.601091691503367,20.630619049072266,200,0.0,0.0,0.0
2019-11-26 00:00:00-05:00,20.6601474103057,20.694597244262695,20.6601474103057,20.694597244262695,700,0.0,0.0,0.0
2019-11-27 00:00:00-05:00,20.758578129285496,20.789091110229492,20.758578129285496,20.789091110229492,200,0.0,0.0,0.0
2019-11-29 00:00:00-05:00,20.789091110229492,20.789091110229492,20.789091110229492,20.789091110229492,0,0.0,0.0,0.0
2019-12-02 00:00:00-05:00,20.54695701599121,20.54695701599121,20.54695701599121,20.54695701599121,0,0.0,0.0,0.0
2019-12-03 00:00:00-05:00,20.280214911192115,20.409156799316406,20.280214911192115,20.409156799316406,1500,0.0,0.0,0.0
2019-12-04 00:00:00-05:00,20.561718610624382,20.561718610624382,20.554828643798828,20.554828643798828,200,0.0,0.0,0.0
2019-12-05 00:00:00-05:00,20.542036003048363,20.56664276123047,20.542036003048363,20.56664276123047,200,0.0,0.0,0.0
2019-12-06 00:00:00-05:00,20.78810569272538,20.78810569272538,20.77727699279785,20.77727699279785,200,0.0,0.0,0.0
2019-12-09 00:00:00-05:00,20.733970642089844,20.733970642089844,20.733970642089844,20.733970642089844,0,0.0,0.0,0.0
2019-12-10 00:00:00-05:00,20.709365456173476,20.748735895442138,20.704442977905273,20.704442977905273,400,0.0,0.0,0.0
2019-12-11 00:00:00-05:00,20.704442977905273,20.704442977905273,20.704442977905273,20.704442977905273,0,0.0,0.0,0.0
2019-12-12 00:00:00-05:00,20.886533361854283,20.926889419555664,20.886533361854283,20.926889419555664,200,0.0,0.0,0.0
2019-12-13 00:00:00-05:00,20.926889419555664,20.926889419555664,20.926889419555664,20.926889419555664,0,0.0,0.0,0.0
2019-12-16 00:00:00-05:00,21.083391189575195,21.083391189575195,21.083391189575195,21.083391189575195,0,0.0,0.0,0.0
2019-12-17 00:00:00-05:00,21.083391189575195,21.083391189575195,21.083391189575195,21.083391189575195,0,0.0,0.0,0.0
2019-12-18 00:00:00-05:00,21.083391189575195,21.083391189575195,21.083391189575195,21.083391189575195,0,0.0,0.0,0.0
2019-12-19 00:00:00-05:00,21.17197817377385,21.191664331409005,21.164104461669922,21.164104461669922,1200,0.0,0.0,0.0
2019-12-20 00:00:00-05:00,21.26895523071289,21.26895523071289,21.26895523071289,21.26895523071289,0,0.106,0.0,0.0
2019-12-23 00:00:00-05:00,21.284780502319336,21.284780502319336,21.284780502319336,21.284780502319336,0,0.0,0.0,0.0
2019-12-24 00:00:00-05:00,21.284780502319336,21.284780502319336,21.284780502319336,21.284780502319336,0,0.0,0.0,0.0
2019-12-26 00:00:00-05:00,21.356000900268555,21.356000900268555,21.356000900268555,21.356000900268555,200,0.0,0.0,0.0
2019-12-27 00:00:00-05:00,21.37281608581543,21.37281608581543,21.37281608581543,21.37281608581543,100,0.0,0.0,0.0
2019-12-30 00:00:00-05:00,21.306543907108367,21.306543907108367,21.26203155517578,21.26203155517578,200,0.0,0.0,0.0
2019-12-31 00:00:00-05:00,21.306543350219727,21.306543350219727,21.306543350219727,21.306543350219727,200,0.0,0.0,0.0
2020-01-02 00:00:00-05:00,21.48162269592285,21.48162269592285,21.48162269592285,21.48162269592285,0,0.0,0.0,0.0
2020-01-03 00:00:00-05:00,21.48162269592285,21.48162269592285,21.48162269592285,21.48162269592285,0,0.0,0.0,0.0
2020-01-06 00:00:00-05:00,21.346108391501314,21.375783920288086,21.346108391501314,21.375783920288086,400,0.0,0.0,0.0
2020-01-07 00:00:00-05:00,21.336217584845443,21.336217584845443,21.305553436279297,21.305553436279297,400,0.0,0.0,0.0
2020-01-08 00:00:00-05:00,21.37578362433605,21.484590121695515,21.365891781544082,21.429197311401367,1000,0.0,0.0,0.0
2020-01-09 00:00:00-05:00,21.55383432052029,21.576583862304688,21.55383432052029,21.576583862304688,200,0.0,0.0,0.0
2020-01-10 00:00:00-05:00,21.623075227306845,21.623075227306845,21.551855087280273,21.551855087280273,200,0.0,0.0,0.0
2020-01-13 00:00:00-05:00,21.632965940548726,21.703195571899414,21.632965940548726,21.703195571899414,500,0.0,0.0,0.0
2020-01-14 00:00:00-05:00,21.712099741801396,21.73188154162875,21.69231605529785,21.69231605529785,700,0.0,0.0,0.0
2020-01-15 00:00:00-05:00,21.771448543554996,21.781340386638167,21.74276351928711,21.74276351928711,300,0.0,0.0,0.0
2020-01-16 00:00:00-05:00,21.870364845888407,21.923778533935547,21.870364845888407,21.923778533935547,400,0.0,0.0,0.0
2020-01-17 00:00:00-05:00,21.998955069649416,22.029619216918945,21.998955069649416,22.029619216918945,300,0.0,0.0,0.0
2020-01-21 00:00:00-05:00,21.95938991803028,21.95938991803028,21.935649871826172,21.935649871826172,200,0.0,0.0,0.0
2020-01-22 00:00:00-05:00,21.935649871826172,21.935649871826172,21.935649871826172,21.935649871826172,0,0.0,0.0,0.0
2020-01-23 00:00:00-05:00,21.850581401115477,21.973237991333008,21.850581401115477,21.973237991333008,600,0.0,0.0,0.0
2020-01-24 00:00:00-05:00,21.785297393798828,21.785297393798828,21.785297393798828,21.785297393798828,100,0.0,0.0,0.0
2020-01-27 00:00:00-05:00,21.44007825514306,21.524157977429606,21.44007825514306,21.465797424316406,800,0.0,0.0,0.0
2020-01-28 00:00:00-05:00,21.563724311118683,21.682424545288086,21.563724311118683,21.682424545288086,900,0.0,0.0,0.0
2020-01-29 00:00:00-05:00,21.70022814526196,21.70022814526196,21.67154312133789,21.67154312133789,100,0.0,0.0,0.0
2020-01-30 00:00:00-05:00,21.603291185265327,21.708141326904297,21.603291185265327,21.708141326904297,800,0.0,0.0,0.0
2020-01-31 00:00:00-05:00,21.277856826782227,21.277856826782227,21.277856826782227,21.277856826782227,100,0.0,0.0,0.0
2020-02-03 00:00:00-05:00,21.481623141175035,21.481623141175035,21.412382125854492,21.412382125854492,100,0.0,0.0,0.0
2020-02-04 00:00:00-05:00,21.692316165405412,21.74177349523912,21.692316165405412,21.717044830322266,500,0.0,0.0,0.0
2020-02-05 00:00:00-05:00,21.88124534573098,21.945541381835938,21.88124534573098,21.945541381835938,400,0.0,0.0,0.0
2020-02-06 00:00:00-05:00,22.04841423034668,22.04841423034668,22.04841423034668,22.04841423034668,100,0.0,0.0,0.0
2020-02-07 00:00:00-05:00,21.96927940915576,21.96927940915576,21.92081069946289,21.92081069946289,400,0.0,0.0,0.0
2020-02-10 00:00:00-05:00,21.9494980365803,22.060283660888672,21.9494980365803,22.060283660888672,600,0.0,0.0,0.0
2020-02-11 00:00:00-05:00,22.186896053790463,22.186896053790463,22.104795455932617,22.104795455932617,300,0.0,0.0,0.0
2020-02-12 00:00:00-05:00,22.226461782162005,22.238332748413086,22.226461782162005,22.238332748413086,300,0.0,0.0,0.0
2020-02-13 00:00:00-05:00,22.236353030112465,22.236353030112465,22.177003860473633,22.177003860473633,400,0.0,0.0,0.0
2020-02-14 00:00:00-05:00,22.201732635498047,22.201732635498047,22.201732635498047,22.201732635498047,100,0.0,0.0,0.0
2020-02-18 00:00:00-05:00,22.138427734375,22.138427734375,22.138427734375,22.138427734375,100,0.0,0.0,0.0
2020-02-19 00:00:00-05:00,22.23635325334092,22.23635325334092,22.22646141052246,22.22646141052246,300,0.0,0.0,0.0
2020-02-20 00:00:00-05:00,22.21656932604747,22.21656932604747,22.155242919921875,22.155242919921875,300,0.0,0.0,0.0
2020-02-21 00:00:00-05:00,21.93169403076172,21.93169403076172,21.93169403076172,21.93169403076172,100,0.0,0.0,0.0
2020-02-24 00:00:00-05:00,21.243236541748047,21.243236541748047,21.243236541748047,21.243236541748047,100,0.0,0.0,0.0
2020-02-25 00:00:00-05:00,20.66358597550061,20.66358597550061,20.547855377197266,20.547855377197266,100,0.0,0.0,0.0
2020-02-26 00:00:00-05:00,20.46674346923828,20.46674346923828,20.46674346923828,20.46674346923828,100,0.0,0.0,0.0
2020-02-27 00:00:00-05:00,19.607162475585938,19.607162475585938,19.607162475585938,19.607162475585938,0,0.0,0.0,0.0
2020-02-28 00:00:00-05:00,19.219411849975586,19.219411849975586,19.219411849975586,19.219411849975586,100,0.0,0.0,0.0
2020-03-02 00:00:00-05:00,20.237258911132812,20.237258911132812,20.237258911132812,20.237258911132812,0,0.0,0.0,0.0
2020-03-03 00:00:00-05:00,19.694208774512127,19.714981079101562,19.694208774512127,19.714981079101562,100,0.0,0.0,0.0
2020-03-04 00:00:00-05:00,20.519168853759766,20.519168853759766,20.519168853759766,20.519168853759766,0,0.0,0.0,0.0
2020-03-05 00:00:00-05:00,19.838626861572266,19.838626861572266,19.838626861572266,19.838626861572266,0,0.0,0.0,0.0
2020-03-06 00:00:00-05:00,19.57649803161621,19.57649803161621,19.57649803161621,19.57649803161621,0,0.0,0.0,0.0
2020-03-09 00:00:00-04:00,18.177824020385742,18.177824020385742,18.177824020385742,18.177824020385742,0,0.0,0.0,0.0
2020-03-10 00:00:00-04:00,18.95827293395996,18.95827293395996,18.95827293395996,18.95827293395996,0,0.0,0.0,0.0
2020-03-11 00:00:00-04:00,18.07594108581543,18.07594108581543,18.07594108581543,18.07594108581543,0,0.0,0.0,0.0
2020-03-12 00:00:00-04:00,16.435909271240234,16.435909271240234,16.435909271240234,16.435909271240234,0,0.0,0.0,0.0
2020-03-13 00:00:00-04:00,17.68621063232422,17.68621063232422,17.68621063232422,17.68621063232422,231400,0.0,0.0,0.0
2020-03-16 00:00:00-04:00,15.782073974609375,15.782073974609375,15.782073974609375,15.782073974609375,100,0.0,0.0,0.0
2020-03-17 00:00:00-04:00,16.547685623168945,16.547685623168945,16.547685623168945,16.547685623168945,0,0.0,0.0,0.0
2020-03-18 00:00:00-04:00,15.332006279340925,15.640625,15.332006279340925,15.640625,100,0.0,0.0,0.0
2020-03-19 00:00:00-04:00,15.529838069742215,15.786030769348145,15.529838069742215,15.786030769348145,2700,0.0,0.0,0.0
2020-03-20 00:00:00-04:00,15.529837835299142,15.529837835299142,15.045148849487305,15.045148849487305,300,0.0,0.0,0.0
2020-03-23 00:00:00-04:00,14.612885475158691,14.612885475158691,14.612885475158691,14.612885475158691,0,0.0,0.0,0.0
2020-03-24 00:00:00-04:00,15.871099472045898,15.871099472045898,15.871099472045898,15.871099472045898,100,0.0,0.0,0.0
2020-03-25 00:00:00-04:00,16.162900924682617,16.162900924682617,16.162900924682617,16.162900924682617,0,0.0,0.0,0.0
2020-03-26 00:00:00-04:00,17.180747985839844,17.180747985839844,17.180747985839844,17.180747985839844,0,0.0,0.0,0.0
2020-03-27 00:00:00-04:00,16.616926193237305,16.616926193237305,16.616926193237305,16.616926193237305,100,0.0,0.0,0.0
2020-03-30 00:00:00-04:00,17.19855308532715,17.19855308532715,17.19855308532715,17.19855308532715,0,0.0,0.0,0.0
2020-03-31 00:00:00-04:00,16.92653465270996,16.92653465270996,16.92653465270996,16.92653465270996,100,0.0,0.0,0.0
2020-04-01 00:00:00-04:00,16.184661865234375,16.184661865234375,16.184661865234375,16.184661865234375,100,0.0,0.0,0.0
2020-04-02 00:00:00-04:00,16.184661865234375,16.184661865234375,16.184661865234375,16.184661865234375,0,0.0,0.0,0.0
2020-04-03 00:00:00-04:00,16.573402404785156,16.573402404785156,16.573402404785156,16.573402404785156,0,0.0,0.0,0.0
2020-04-06 00:00:00-04:00,16.362712860107422,16.362712860107422,16.362712860107422,16.362712860107422,0,0.0,0.0,0.0
2020-04-07 00:00:00-04:00,17.54475975036621,17.54475975036621,17.54475975036621,17.54475975036621,0,0.0,0.0,0.0
2020-04-08 00:00:00-04:00,17.53981590270996,17.53981590270996,17.53981590270996,17.53981590270996,0,0.0,0.0,0.0
2020-04-09 00:00:00-04:00,18.074951171875,18.074951171875,18.074951171875,18.074951171875,0,0.0,0.0,0.0
2020-04-13 00:00:00-04:00,18.361806869506836,18.361806869506836,18.361806869506836,18.361806869506836,0,0.0,0.0,0.0
2020-04-14 00:00:00-04:00,18.139245986938477,18.139245986938477,18.139245986938477,18.139245986938477,0,0.0,0.0,0.0
2020-04-15 00:00:00-04:00,18.669437408447266,18.669437408447266,18.669437408447266,18.669437408447266,0,0.0,0.0,0.0
2020-04-16 00:00:00-04:00,18.205520629882812,18.205520629882812,18.205520629882812,18.205520629882812,0,0.0,0.0,0.0
2020-04-17 00:00:00-04:00,18.6061302510416,18.824735641479492,18.6061302510416,18.824735641479492,231400,0.0,0.0,0.0
2020-04-20 00:00:00-04:00,18.824735641479492,18.824735641479492,18.824735641479492,18.824735641479492,0,0.0,0.0,0.0
2020-04-21 00:00:00-04:00,18.517105102539062,18.517105102539062,18.517105102539062,18.517105102539062,0,0.0,0.0,0.0
2020-04-22 00:00:00-04:00,17.918663024902344,17.918663024902344,17.918663024902344,17.918663024902344,0,0.0,0.0,0.0
2020-04-23 00:00:00-04:00,18.369720458984375,18.369720458984375,18.369720458984375,18.369720458984375,0,0.0,0.0,0.0
2020-04-24 00:00:00-04:00,18.34697151184082,18.34697151184082,18.34697151184082,18.34697151184082,0,0.0,0.0,0.0
2020-04-27 00:00:00-04:00,18.61008644104004,18.61008644104004,18.61008644104004,18.61008644104004,0,0.0,0.0,0.0
2020-04-28 00:00:00-04:00,18.9661865234375,18.9661865234375,18.9661865234375,18.9661865234375,0,0.0,0.0,0.0
2020-04-29 00:00:00-04:00,18.906835556030273,18.906835556030273,18.906835556030273,18.906835556030273,0,0.0,0.0,0.0
2020-04-30 00:00:00-04:00,19.413286209106445,19.413286209106445,19.413286209106445,19.413286209106445,0,0.0,0.0,0.0
2020-05-01 00:00:00-04:00,19.231281280517578,19.231281280517578,19.231281280517578,19.231281280517578,0,0.0,0.0,0.0
2020-05-04 00:00:00-04:00,18.655590126572147,18.80495262145996,18.655590126572147,18.80495262145996,20200,0.0,0.0,0.0
2020-05-05 00:00:00-04:00,19.02058982849121,19.02058982849121,19.02058982849121,19.02058982849121,0,0.0,0.0,0.0
2020-05-06 00:00:00-04:00,19.02058982849121,19.02058982849121,19.02058982849121,19.02058982849121,0,0.0,0.0,0.0
2020-05-07 00:00:00-04:00,18.873205184936523,18.873205184936523,18.873205184936523,18.873205184936523,0,0.0,0.0,0.0
2020-05-08 00:00:00-04:00,19.29854422623165,19.413286209106445,19.29854422623165,19.413286209106445,11900,0.0,0.0,0.0
2020-05-11 00:00:00-04:00,19.448898315429688,19.448898315429688,19.448898315429688,19.448898315429688,0,0.0,0.0,0.0
2020-05-12 00:00:00-04:00,19.052242279052734,19.052242279052734,19.052242279052734,19.052242279052734,0,0.0,0.0,0.0
2020-05-13 00:00:00-04:00,18.653610229492188,18.653610229492188,18.653610229492188,18.653610229492188,17600,0.0,0.0,0.0
2020-05-14 00:00:00-04:00,18.84056282043457,18.84056282043457,18.84056282043457,18.84056282043457,0,0.0,0.0,0.0
2020-05-15 00:00:00-04:00,18.843529025086752,18.93651008605957,18.843529025086752,18.93651008605957,33600,0.0,0.0,0.0
2020-05-18 00:00:00-04:00,19.45779799163881,19.582433700561523,19.4568093733697,19.582433700561523,500,0.0,0.0,0.0
2020-05-19 00:00:00-04:00,19.371742248535156,19.371742248535156,19.371742248535156,19.371742248535156,0,0.0,0.0,0.0
2020-05-20 00:00:00-04:00,19.652664184570312,19.652664184570312,19.652664184570312,19.652664184570312,100,0.0,0.0,0.0
2020-05-21 00:00:00-04:00,19.58540027605853,19.58540027605853,19.543855667114258,19.543855667114258,300,0.0,0.0,0.0
2020-05-22 00:00:00-04:00,19.53495514277712,19.57056427001953,19.53495514277712,19.57056427001953,100,0.0,0.0,0.0
2020-05-26 00:00:00-04:00,19.856430053710938,19.856430053710938,19.856430053710938,19.856430053710938,0,0.0,0.0,0.0
2020-05-27 00:00:00-04:00,20.16307258605957,20.16307258605957,20.16307258605957,20.16307258605957,0,0.0,0.0,0.0
2020-05-28 00:00:00-04:00,20.116580963134766,20.116580963134766,20.116580963134766,20.116580963134766,100,0.0,0.0,0.0
2020-05-29 00:00:00-04:00,20.200660705566406,20.200660705566406,20.200660705566406,20.200660705566406,746600,0.0,0.0,0.0
2020-06-01 00:00:00-04:00,20.263965606689453,20.263965606689453,20.263965606689453,20.263965606689453,0,0.0,0.0,0.0
2020-06-02 00:00:00-04:00,20.263965606689453,20.263965606689453,20.263965606689453,20.263965606689453,0,0.0,0.0,0.0
2020-06-03 00:00:00-04:00,20.709089279174805,20.709089279174805,20.709089279174805,20.709089279174805,100,0.0,0.0,0.0
2020-06-04 00:00:00-04:00,20.606216430664062,20.606216430664062,20.606216430664062,20.606216430664062,0,0.0,0.0,0.0
2020-06-05 00:00:00-04:00,21.128493929578358,21.138385772705078,21.128493929578358,21.138385772705078,11800,0.0,0.0,0.0
2020-06-08 00:00:00-04:00,21.227408216841923,21.35698890686035,21.227408216841923,21.35698890686035,500,0.0,0.0,0.0
2020-06-09 00:00:00-04:00,21.23235511779785,21.23235511779785,21.23235511779785,21.23235511779785,100,0.0,0.0,0.0
2020-06-10 00:00:00-04:00,21.121570587158203,21.121570587158203,21.121570587158203,21.121570587158203,100,0.0,0.0,0.0
2020-06-11 00:00:00-04:00,19.851486206054688,19.851486206054688,19.851486206054688,19.851486206054688,100,0.0,0.0,0.0
2020-06-12 00:00:00-04:00,20.136363983154297,20.136363983154297,20.136363983154297,20.136363983154297,51200,0.0,0.0,0.0
2020-06-15 00:00:00-04:00,20.2313232421875,20.2313232421875,20.2313232421875,20.2313232421875,100,0.0,0.0,0.0
2020-06-16 00:00:00-04:00,20.632923126220703,20.632923126220703,20.632923126220703,20.632923126220703,43700,0.0,0.0,0.0
2020-06-17 00:00:00-04:00,20.597312927246094,20.597312927246094,20.597312927246094,20.597312927246094,100,0.0,0.0,0.0
2020-06-18 00:00:00-04:00,20.54587745666504,20.54587745666504,20.54587745666504,20.54587745666504,10500,0.0,0.0,0.0
2020-06-19 00:00:00-04:00,20.491472244262695,20.491472244262695,20.491472244262695,20.491472244262695,100,0.0,0.0,0.0
2020-06-22 00:00:00-04:00,20.569616317749023,20.569616317749023,20.569616317749023,20.569616317749023,100,0.0,0.0,0.0
2020-06-23 00:00:00-04:00,20.672489166259766,20.672489166259766,20.672489166259766,20.672489166259766,25700,0.0,0.0,0.0
2020-06-24 00:00:00-04:00,20.119548797607422,20.119548797607422,20.119548797607422,20.119548797607422,7800,0.0,0.0,0.0
2020-06-25 00:00:00-04:00,20.30155372619629,20.30155372619629,20.30155372619629,20.30155372619629,37100,0.0,0.0,0.0
2020-06-26 00:00:00-04:00,19.951391220092773,19.951391220092773,19.951391220092773,19.951391220092773,0,0.0,0.0,0.0
2020-06-29 00:00:00-04:00,20.14130973815918,20.14130973815918,20.14130973815918,20.14130973815918,23900,0.0,0.0,0.0
2020-06-30 00:00:00-04:00,20.506311416625977,20.506311416625977,20.506311416625977,20.506311416625977,0,0.0,0.0,0.0
2020-07-01 00:00:00-04:00,20.522136688232422,20.522136688232422,20.522136688232422,20.522136688232422,0,0.0,0.0,0.0
2020-07-02 00:00:00-04:00,20.604236602783203,20.604236602783203,20.604236602783203,20.604236602783203,0,0.0,0.0,0.0
2020-07-06 00:00:00-04:00,20.875267028808594,20.875267028808594,20.875267028808594,20.875267028808594,0,0.0,0.0,0.0
2020-07-07 00:00:00-04:00,20.679414749145508,20.679414749145508,20.679414749145508,20.679414749145508,100,0.0,0.0,0.0
2020-07-08 00:00:00-04:00,20.805038452148438,20.805038452148438,20.805038452148438,20.805038452148438,0,0.0,0.0,0.0
2020-07-09 00:00:00-04:00,20.656661987304688,20.656661987304688,20.656661987304688,20.656661987304688,31900,0.0,0.0,0.0
2020-07-10 00:00:00-04:00,20.882192611694336,20.882192611694336,20.882192611694336,20.882192611694336,0,0.0,0.0,0.0
2020-07-13 00:00:00-04:00,20.744699478149414,20.744699478149414,20.744699478149414,20.744699478149414,16100,0.0,0.0,0.0
2020-07-14 00:00:00-04:00,21.020673751831055,21.020673751831055,21.020673751831055,21.020673751831055,0,0.0,0.0,0.0
2020-07-15 00:00:00-04:00,21.237300872802734,21.237300872802734,21.237300872802734,21.237300872802734,100,0.0,0.0,0.0
2020-07-16 00:00:00-04:00,21.158166885375977,21.158166885375977,21.158166885375977,21.158166885375977,100,0.0,0.0,0.0
2020-07-17 00:00:00-04:00,21.243236541748047,21.243236541748047,21.243236541748047,21.243236541748047,0,0.0,0.0,0.0
2020-07-20 00:00:00-04:00,21.361936569213867,21.361936569213867,21.361936569213867,21.361936569213867,11100,0.0,0.0,0.0
2020-07-21 00:00:00-04:00,21.377761840820312,21.377761840820312,21.377761840820312,21.377761840820312,20400,0.0,0.0,0.0
2020-07-22 00:00:00-04:00,21.563724517822266,21.563724517822266,21.563724517822266,21.563724517822266,0,0.0,0.0,0.0
2020-07-23 00:00:00-04:00,21.27389907836914,21.27389907836914,21.27389907836914,21.27389907836914,100,0.0,0.0,0.0
2020-07-24 00:00:00-04:00,21.12750244140625,21.12750244140625,21.12750244140625,21.12750244140625,100,0.0,0.0,0.0
2020-07-27 00:00:00-04:00,21.286760330200195,21.286760330200195,21.286760330200195,21.286760330200195,40200,0.0,0.0,0.0
2020-07-28 00:00:00-04:00,21.160146713256836,21.160146713256836,21.160146713256836,21.160146713256836,100,0.0,0.0,0.0
2020-07-29 00:00:00-04:00,21.410404205322266,21.410404205322266,21.410404205322266,21.410404205322266,26800,0.0,0.0,0.0
2020-07-30 00:00:00-04:00,21.315444946289062,21.315444946289062,21.315444946289062,21.315444946289062,0,0.0,0.0,0.0
2020-07-31 00:00:00-04:00,21.42029571533203,21.42029571533203,21.42029571533203,21.42029571533203,39500,0.0,0.0,0.0
2020-08-03 00:00:00-04:00,21.690336227416992,21.690336227416992,21.690336227416992,21.690336227416992,0,0.0,0.0,0.0
2020-08-04 00:00:00-04:00,21.71308708190918,21.71308708190918,21.71308708190918,21.71308708190918,0,0.0,0.0,0.0
2020-08-05 00:00:00-04:00,21.833765029907227,21.833765029907227,21.833765029907227,21.833765029907227,0,0.0,0.0,0.0
2020-08-06 00:00:00-04:00,21.985107421875,21.985107421875,21.985107421875,21.985107421875,100,0.0,0.0,0.0
2020-08-07 00:00:00-04:00,22.042478561401367,22.042478561401367,22.042478561401367,22.042478561401367,0,0.0,0.0,0.0
2020-08-10 00:00:00-04:00,22.139415740966797,22.139415740966797,22.139415740966797,22.139415740966797,0,0.0,0.0,0.0
2020-08-11 00:00:00-04:00,21.983129501342773,21.983129501342773,21.983129501342773,21.983129501342773,100,0.0,0.0,0.0
2020-08-12 00:00:00-04:00,22.314498901367188,22.314498901367188,22.314498901367188,22.314498901367188,24600,0.0,0.0,0.0
2020-08-13 00:00:00-04:00,22.255149841308594,22.255149841308594,22.255149841308594,22.255149841308594,0,0.0,0.0,0.0
2020-08-14 00:00:00-04:00,22.257125854492188,22.257125854492188,22.257125854492188,22.257125854492188,0,0.0,0.0,0.0
2020-08-17 00:00:00-04:00,22.394619062721738,22.394619062721738,22.375825881958008,22.375825881958008,200,0.0,0.0,0.0
2020-08-18 00:00:00-04:00,22.364946365356445,22.364946365356445,22.364946365356445,22.364946365356445,0,0.0,0.0,0.0
2020-08-19 00:00:00-04:00,22.319442749023438,22.319442749023438,22.319442749023438,22.319442749023438,6700,0.0,0.0,0.0
2020-08-20 00:00:00-04:00,22.32537825280975,22.403522491455078,22.32537825280975,22.403522491455078,100,0.0,0.0,0.0
2020-08-21 00:00:00-04:00,22.529146194458008,22.529146194458008,22.529146194458008,22.529146194458008,0,0.0,0.0,0.0
2020-08-24 00:00:00-04:00,22.73686981201172,22.73686981201172,22.73686981201172,22.73686981201172,2200,0.0,0.0,0.0
2020-08-25 00:00:00-04:00,22.82193946838379,22.82193946838379,22.82193946838379,22.82193946838379,0,0.0,0.0,0.0
2020-08-26 00:00:00-04:00,23.013835906982422,23.013835906982422,23.013835906982422,23.013835906982422,0,0.0,0.0,0.0
2020-08-27 00:00:00-04:00,23.05537986755371,23.05537986755371,23.05537986755371,23.05537986755371,0,0.0,0.0,0.0
2020-08-28 00:00:00-04:00,23.166166305541992,23.166166305541992,23.166166305541992,23.166166305541992,0,0.0,0.0,0.0
2020-08-31 00:00:00-04:00,23.1364916106289,23.1364916106289,23.130558013916016,23.130558013916016,100,0.0,0.0,0.0
2020-09-01 00:00:00-04:00,23.254201889038086,23.254201889038086,23.254201889038086,23.254201889038086,0,0.0,0.0,0.0
2020-09-02 00:00:00-04:00,23.62711524963379,23.62711524963379,23.62711524963379,23.62711524963379,0,0.0,0.0,0.0
2020-09-03 00:00:00-04:00,22.74280548095703,22.74280548095703,22.74280548095703,22.74280548095703,0,0.0,0.0,0.0
2020-09-04 00:00:00-04:00,22.585529327392578,22.585529327392578,22.585529327392578,22.585529327392578,0,0.0,0.0,0.0
2020-09-08 00:00:00-04:00,22.582560504109665,22.582560504109665,21.94257354736328,21.94257354736328,200,0.0,0.0,0.0
2020-09-09 00:00:00-04:00,22.426273345947266,22.426273345947266,22.426273345947266,22.426273345947266,94500,0.0,0.0,0.0
2020-09-10 00:00:00-04:00,22.020715713500977,22.020715713500977,22.020715713500977,22.020715713500977,0,0.0,0.0,0.0
2020-09-11 00:00:00-04:00,22.04050064086914,22.04050064086914,22.04050064086914,22.04050064086914,22700,0.0,0.0,0.0
2020-09-14 00:00:00-04:00,22.347139358520508,22.347139358520508,22.347139358520508,22.347139358520508,0,0.0,0.0,0.0
2020-09-15 00:00:00-04:00,22.44407844543457,22.44407844543457,22.44407844543457,22.44407844543457,42800,0.0,0.0,0.0
2020-09-16 00:00:00-04:00,22.35406494140625,22.35406494140625,22.35406494140625,22.35406494140625,100,0.0,0.0,0.0
2020-09-17 00:00:00-04:00,22.181949615478516,22.181949615478516,22.181949615478516,22.181949615478516,6900,0.0,0.0,0.0
2020-09-18 00:00:00-04:00,21.967302322387695,21.967302322387695,21.967302322387695,21.967302322387695,0,0.0,0.0,0.0
2020-09-21 00:00:00-04:00,21.662639617919922,21.662639617919922,21.662639617919922,21.662639617919922,57900,0.0,0.0,0.0
2020-09-22 00:00:00-04:00,21.889158248901367,21.889158248901367,21.889158248901367,21.889158248901367,0,0.0,0.0,0.0
2020-09-23 00:00:00-04:00,21.362924575805664,21.362924575805664,21.362924575805664,21.362924575805664,21400,0.0,0.0,0.0
2020-09-24 00:00:00-04:00,21.45590591430664,21.45590591430664,21.45590591430664,21.45590591430664,0,0.0,0.0,0.0
2020-09-25 00:00:00-04:00,21.788265228271484,21.788265228271484,21.788265228271484,21.788265228271484,33000,0.0,0.0,0.0
2020-09-28 00:00:00-04:00,22.107764569118384,22.109741805810483,22.086992263793945,22.086992263793945,300,0.0,0.0,0.0
2020-09-29 00:00:00-04:00,21.980161666870117,21.980161666870117,21.980161666870117,21.980161666870117,0,0.0,0.0,0.0
2020-09-30 00:00:00-04:00,22.217559814453125,22.217559814453125,22.217559814453125,22.217559814453125,0,0.0,0.0,0.0
2020-10-01 00:00:00-04:00,22.282845635933334,22.282845635933334,22.25613784790039,22.25613784790039,100,0.0,0.0,0.0
2020-10-02 00:00:00-04:00,22.11864471435547,22.11864471435547,22.11864471435547,22.11864471435547,0,0.0,0.0,0.0
2020-10-05 00:00:00-04:00,22.365934851334252,22.48661231994629,22.364946233015022,22.48661231994629,200,0.0,0.0,0.0
2020-10-06 00:00:00-04:00,22.552884941327896,22.552884941327896,22.213603973388672,22.213603973388672,5500,0.0,0.0,0.0
2020-10-07 00:00:00-04:00,22.553874969482422,22.553874969482422,22.553874969482422,22.553874969482422,8400,0.0,0.0,0.0
2020-10-08 00:00:00-04:00,22.745773315429688,22.745773315429688,22.745773315429688,22.745773315429688,0,0.0,0.0,0.0
2020-10-09 00:00:00-04:00,22.920854568481445,22.920854568481445,22.920854568481445,22.920854568481445,0,0.0,0.0,0.0
2020-10-12 00:00:00-04:00,23.294755935668945,23.294755935668945,23.294755935668945,23.294755935668945,0,0.0,0.0,0.0
2020-10-13 00:00:00-04:00,23.215624581428422,23.235408268368452,23.15528678894043,23.15528678894043,1200,0.0,0.0,0.0
2020-10-14 00:00:00-04:00,23.024717330932617,23.024717330932617,23.024717330932617,23.024717330932617,100,0.0,0.0,0.0
2020-10-15 00:00:00-04:00,22.907006790572325,22.998008728027344,22.907006790572325,22.998008728027344,200,0.0,0.0,0.0
2020-10-16 00:00:00-04:00,23.029661178588867,23.029661178588867,23.029661178588867,23.029661178588867,0,0.0,0.0,0.0
2020-10-19 00:00:00-04:00,23.096925365545644,23.096925365545644,22.62410545349121,22.62410545349121,300,0.0,0.0,0.0
2020-10-20 00:00:00-04:00,22.978224518228338,22.978224518228338,22.7714900970459,22.7714900970459,27000,0.0,0.0,0.0
2020-10-21 00:00:00-04:00,22.71510887145996,22.71510887145996,22.71510887145996,22.71510887145996,0,0.0,0.0,0.0
2020-10-22 00:00:00-04:00,22.7418155670166,22.7418155670166,22.7418155670166,22.7418155670166,0,0.0,0.0,0.0
2020-10-23 00:00:00-04:00,22.834796905517578,22.834796905517578,22.834796905517578,22.834796905517578,100,0.0,0.0,0.0
2020-10-26 00:00:00-04:00,22.3876953125,22.3876953125,22.3876953125,22.3876953125,0,0.0,0.0,0.0
2020-10-27 00:00:00-04:00,22.301637649536133,22.301637649536133,22.301637649536133,22.301637649536133,0,0.0,0.0,0.0
2020-10-28 00:00:00-04:00,21.53998374938965,21.53998374938965,21.53998374938965,21.53998374938965,39900,0.0,0.0,0.0
2020-10-29 00:00:00-04:00,21.850582122802734,21.850582122802734,21.850582122802734,21.850582122802734,0,0.0,0.0,0.0
2020-10-30 00:00:00-04:00,21.500417709350586,21.500417709350586,21.500417709350586,21.500417709350586,100,0.0,0.0,0.0
2020-11-02 00:00:00-05:00,21.78133951734713,21.818927764892578,21.78133951734713,21.818927764892578,45600,0.0,0.0,0.0
2020-11-03 00:00:00-05:00,22.284822463989258,22.284822463989258,22.284822463989258,22.284822463989258,0,0.0,0.0,0.0
2020-11-04 00:00:00-05:00,22.55783210710956,22.705217361450195,22.55783210710956,22.705217361450195,200,0.0,0.0,0.0
2020-11-05 00:00:00-05:00,23.138469696044922,23.138469696044922,23.138469696044922,23.138469696044922,100,0.0,0.0,0.0
2020-11-06 00:00:00-05:00,23.094945907592773,23.094945907592773,23.094945907592773,23.094945907592773,100,0.0,0.0,0.0
2020-11-09 00:00:00-05:00,23.68053138812502,23.725043739644427,23.352128982543945,23.352128982543945,1200,0.0,0.0,0.0
2020-11-10 00:00:00-05:00,23.328388214111328,23.328388214111328,23.328388214111328,23.328388214111328,0,0.0,0.0,0.0
2020-11-11 00:00:00-05:00,23.512372970581055,23.512372970581055,23.512372970581055,23.512372970581055,0,0.0,0.0,0.0
2020-11-12 00:00:00-05:00,23.374879799267745,23.374879799267745,23.269039154052734,23.269039154052734,400,0.0,0.0,0.0
2020-11-13 00:00:00-05:00,23.623159408569336,23.623159408569336,23.623159408569336,23.623159408569336,100,0.0,0.0,0.0
2020-11-16 00:00:00-05:00,23.84967803955078,23.84967803955078,23.84967803955078,23.84967803955078,100,0.0,0.0,0.0
2020-11-17 00:00:00-05:00,23.73691177368164,23.73691177368164,23.73691177368164,23.73691177368164,0,0.0,0.0,0.0
2020-11-18 00:00:00-05:00,23.524242401123047,23.524242401123047,23.524242401123047,23.524242401123047,0,0.0,0.0,0.0
2020-11-19 00:00:00-05:00,23.60535430908203,23.60535430908203,23.60535430908203,23.60535430908203,0,0.0,0.0,0.0
2020-11-20 00:00:00-05:00,23.473796844482422,23.473796844482422,23.473796844482422,23.473796844482422,0,0.0,0.0,0.0
2020-11-23 00:00:00-05:00,23.575679779052734,23.575679779052734,23.575679779052734,23.575679779052734,0,0.0,0.0,0.0
2020-11-24 00:00:00-05:00,23.977277755737305,23.977277755737305,23.977277755737305,23.977277755737305,0,0.0,0.0,0.0
2020-11-25 00:00:00-05:00,23.923864364624023,23.923864364624023,23.923864364624023,23.923864364624023,0,0.0,0.0,0.0
2020-11-27 00:00:00-05:00,23.983213424682617,23.983213424682617,23.983213424682617,23.983213424682617,0,0.0,0.0,0.0
2020-11-30 00:00:00-05:00,23.860557556152344,23.860557556152344,23.860557556152344,23.860557556152344,0,0.0,0.0,0.0
2020-12-01 00:00:00-05:00,24.145436704386647,24.145436704386647,24.12763214111328,24.12763214111328,100,0.0,0.0,0.0
2020-12-02 00:00:00-05:00,24.157306671142578,24.157306671142578,24.157306671142578,24.157306671142578,0,0.0,0.0,0.0
2020-12-03 00:00:00-05:00,24.095979690551758,24.095979690551758,24.095979690551758,24.095979690551758,0,0.0,0.0,0.0
2020-12-04 00:00:00-05:00,24.336345672607422,24.336345672607422,24.336345672607422,24.336345672607422,100,0.0,0.0,0.0
2020-12-07 00:00:00-05:00,24.299745559692383,24.299745559692383,24.299745559692383,24.299745559692383,100,0.0,0.0,0.0
2020-12-08 00:00:00-05:00,24.368986129760742,24.368986129760742,24.368986129760742,24.368986129760742,100,0.0,0.0,0.0
2020-12-09 00:00:00-05:00,24.255233764648438,24.255233764648438,24.255233764648438,24.255233764648438,100,0.0,0.0,0.0
2020-12-10 00:00:00-05:00,24.208744049072266,24.208744049072266,24.208744049072266,24.208744049072266,7900,0.0,0.0,0.0
2020-12-11 00:00:00-05:00,24.102903366088867,24.102903366088867,24.102903366088867,24.102903366088867,0,0.0,0.0,0.0
2020-12-14 00:00:00-05:00,24.09597958078078,24.09597958078078,24.00893211364746,24.00893211364746,100,0.0,0.0,0.0
2020-12-15 00:00:00-05:00,24.28886604309082,24.28886604309082,24.28886604309082,24.28886604309082,49300,0.0,0.0,0.0
2020-12-16 00:00:00-05:00,24.346237182617188,24.346237182617188,24.346237182617188,24.346237182617188,0,0.0,0.0,0.0
2020-12-17 00:00:00-05:00,24.458999633789062,24.458999633789062,24.458999633789062,24.458999633789062,0,0.0,0.0,0.0
2020-12-18 00:00:00-05:00,24.416000366210938,24.416000366210938,24.416000366210938,24.416000366210938,0,0.268,0.0,0.0
2020-12-21 00:00:00-05:00,24.315000534057617,24.315000534057617,24.315000534057617,24.315000534057617,100,0.0,0.0,0.0
2020-12-22 00:00:00-05:00,24.334999084472656,24.334999084472656,24.32200050354004,24.32200050354004,200,0.0,0.0,0.0
2020-12-23 00:00:00-05:00,24.35700035095215,24.35700035095215,24.35700035095215,24.35700035095215,100,0.0,0.0,0.0
2020-12-24 00:00:00-05:00,24.39900016784668,24.39900016784668,24.39900016784668,24.39900016784668,0,0.0,0.0,0.0
2020-12-28 00:00:00-05:00,24.551000595092773,24.551000595092773,24.551000595092773,24.551000595092773,100,0.0,0.0,0.0
2020-12-29 00:00:00-05:00,24.43600082397461,24.43600082397461,24.43600082397461,24.43600082397461,100,0.0,0.0,0.0
2020-12-30 00:00:00-05:00,24.45599937438965,24.45599937438965,24.45599937438965,24.45599937438965,11700,0.0,0.0,0.0
2020-12-31 00:00:00-05:00,24.577999114990234,24.577999114990234,24.577999114990234,24.577999114990234,0,0.0,0.0,0.0
2021-01-04 00:00:00-05:00,24.243999481201172,24.243999481201172,24.243999481201172,24.243999481201172,400,0.0,0.0,0.0
2021-01-05 00:00:00-05:00,24.308000564575195,24.433000564575195,24.308000564575195,24.433000564575195,100,0.0,0.0,0.0
2021-01-06 00:00:00-05:00,24.611000061035156,24.611000061035156,24.611000061035156,24.611000061035156,56800,0.0,0.0,0.0
2021-01-07 00:00:00-05:00,24.968000411987305,24.968000411987305,24.968000411987305,24.968000411987305,100,0.0,0.0,0.0
2021-01-08 00:00:00-05:00,25.040000915527344,25.040000915527344,25.040000915527344,25.040000915527344,0,0.0,0.0,0.0
2021-01-11 00:00:00-05:00,24.934999465942383,24.934999465942383,24.934999465942383,24.934999465942383,100,0.0,0.0,0.0
2021-01-12 00:00:00-05:00,25.014999389648438,25.014999389648438,25.014999389648438,25.014999389648438,0,0.0,0.0,0.0
2021-01-13 00:00:00-05:00,25.04199981689453,25.04199981689453,25.04199981689453,25.04199981689453,0,0.0,0.0,0.0
2021-01-14 00:00:00-05:00,25.06599998474121,25.100000381469727,24.947999954223633,24.947999954223633,1900,0.0,0.0,0.0
2021-01-15 00:00:00-05:00,24.82699966430664,24.82699966430664,24.82699966430664,24.82699966430664,0,0.0,0.0,0.0
2021-01-19 00:00:00-05:00,25.0,25.01799964904785,24.950000762939453,25.01799964904785,1800,0.0,0.0,0.0
2021-01-20 00:00:00-05:00,25.367000579833984,25.367000579833984,25.367000579833984,25.367000579833984,0,0.0,0.0,0.0
2021-01-21 00:00:00-05:00,25.38800048828125,25.38800048828125,25.38800048828125,25.38800048828125,2000,0.0,0.0,0.0
2021-01-22 00:00:00-05:00,25.39699935913086,25.39699935913086,25.39699935913086,25.39699935913086,2000,0.0,0.0,0.0
2021-01-25 00:00:00-05:00,25.200000762939453,25.474000930786133,25.200000762939453,25.474000930786133,600,0.0,0.0,0.0
2021-01-26 00:00:00-05:00,25.437999725341797,25.437999725341797,25.437999725341797,25.437999725341797,40300,0.0,0.0,0.0
2021-01-27 00:00:00-05:00,24.85700035095215,24.85700035095215,24.85700035095215,24.85700035095215,0,0.0,0.0,0.0
2021-01-28 00:00:00-05:00,24.389999389648438,25.209999084472656,24.389999389648438,25.100000381469727,400,0.0,0.0,0.0
2021-01-29 00:00:00-05:00,24.628999710083008,24.628999710083008,24.628999710083008,24.628999710083008,100,0.0,0.0,0.0
2021-02-01 00:00:00-05:00,24.770000457763672,24.913999557495117,24.770000457763672,24.913999557495117,1400,0.0,0.0,0.0
2021-02-02 00:00:00-05:00,25.200000762939453,25.200000762939453,25.184999465942383,25.184999465942383,39900,0.0,0.0,0.0
2021-02-03 00:00:00-05:00,25.84000015258789,25.84000015258789,25.312999725341797,25.312999725341797,200,0.0,0.0,0.0
2021-02-04 00:00:00-05:00,25.481000900268555,25.565000534057617,25.481000900268555,25.565000534057617,9900,0.0,0.0,0.0
2021-02-05 00:00:00-05:00,25.739999771118164,25.739999771118164,25.711999893188477,25.711999893188477,200,0.0,0.0,0.0
2021-02-08 00:00:00-05:00,25.829999923706055,25.888999938964844,25.829999923706055,25.888999938964844,100,0.0,0.0,0.0
2021-02-09 00:00:00-05:00,25.895999908447266,25.895999908447266,25.895999908447266,25.895999908447266,100,0.0,0.0,0.0
2021-02-10 00:00:00-05:00,25.888999938964844,25.888999938964844,25.888999938964844,25.888999938964844,100,0.0,0.0,0.0
2021-02-11 00:00:00-05:00,25.90399932861328,25.90399932861328,25.90399932861328,25.90399932861328,100,0.0,0.0,0.0
2021-02-12 00:00:00-05:00,26.047000885009766,26.047000885009766,26.047000885009766,26.047000885009766,0,0.0,0.0,0.0
2021-02-16 00:00:00-05:00,26.15999984741211,26.15999984741211,26.003000259399414,26.003000259399414,400,0.0,0.0,0.0
2021-02-17 00:00:00-05:00,25.91900062561035,25.979999542236328,25.91900062561035,25.979999542236328,200,0.0,0.0,0.0
2021-02-18 00:00:00-05:00,25.760000228881836,25.812000274658203,25.739999771118164,25.812000274658203,17300,0.0,0.0,0.0
2021-02-19 00:00:00-05:00,25.83099937438965,25.84000015258789,25.79800033569336,25.79800033569336,1300,0.0,0.0,0.0
2021-02-22 00:00:00-05:00,25.6200008392334,25.6200008392334,25.6200008392334,25.6200008392334,21900,0.0,0.0,0.0
2021-02-23 00:00:00-05:00,25.621999740600586,25.621999740600586,25.621999740600586,25.621999740600586,2300,0.0,0.0,0.0
2021-02-24 00:00:00-05:00,25.809999465942383,25.8700008392334,25.760000228881836,25.84000015258789,1800,0.0,0.0,0.0
2021-02-25 00:00:00-05:00,25.284000396728516,25.284000396728516,25.284000396728516,25.284000396728516,12500,0.0,0.0,0.0
2021-02-26 00:00:00-05:00,25.280000686645508,25.280000686645508,25.2450008392334,25.2450008392334,100,0.0,0.0,0.0
2021-03-01 00:00:00-05:00,25.738000869750977,25.750999450683594,25.738000869750977,25.750999450683594,21800,0.0,0.0,0.0
2021-03-02 00:00:00-05:00,26.389999389648438,26.389999389648438,25.604000091552734,25.604000091552734,100,0.0,0.0,0.0
2021-03-03 00:00:00-05:00,25.2810001373291,25.2810001373291,25.2810001373291,25.2810001373291,24900,0.0,0.0,0.0
2021-03-04 00:00:00-05:00,24.926000595092773,24.926000595092773,24.926000595092773,24.926000595092773,100,0.0,0.0,0.0
2021-03-05 00:00:00-05:00,25.524999618530273,25.524999618530273,25.524999618530273,25.524999618530273,100,0.0,0.0,0.0
2021-03-08 00:00:00-05:00,25.5,25.5,25.465999603271484,25.465999603271484,200,0.0,0.0,0.0
2021-03-09 00:00:00-05:00,25.74799919128418,25.74799919128418,25.74799919128418,25.74799919128418,0,0.0,0.0,0.0
2021-03-10 00:00:00-05:00,25.90999984741211,25.90999984741211,25.90999984741211,25.90999984741211,100,0.0,0.0,0.0
2021-03-11 00:00:00-05:00,26.167999267578125,26.167999267578125,26.167999267578125,26.167999267578125,100,0.0,0.0,0.0
2021-03-12 00:00:00-05:00,26.18600082397461,26.18600082397461,26.18600082397461,26.18600082397461,0,0.0,0.0,0.0
2021-03-15 00:00:00-04:00,26.381999969482422,26.381999969482422,26.381999969482422,26.381999969482422,100,0.0,0.0,0.0
2021-03-16 00:00:00-04:00,26.39900016784668,26.39900016784668,26.39900016784668,26.39900016784668,0,0.0,0.0,0.0
2021-03-17 00:00:00-04:00,26.40999984741211,26.40999984741211,26.40999984741211,26.40999984741211,0,0.0,0.0,0.0
2021-03-18 00:00:00-04:00,26.11400032043457,26.11400032043457,26.11400032043457,26.11400032043457,0,0.0,0.0,0.0
2021-03-19 00:00:00-04:00,26.16900062561035,26.16900062561035,26.16900062561035,26.16900062561035,100,0.0,0.0,0.0
2021-03-22 00:00:00-04:00,26.31100082397461,26.31100082397461,26.31100082397461,26.31100082397461,0,0.0,0.0,0.0
2021-03-23 00:00:00-04:00,26.100000381469727,26.100000381469727,26.100000381469727,26.100000381469727,100,0.0,0.0,0.0
2021-03-24 00:00:00-04:00,26.0310001373291,26.0310001373291,26.0310001373291,26.0310001373291,100,0.0,0.0,0.0
2021-03-25 00:00:00-04:00,26.222999572753906,26.222999572753906,26.222999572753906,26.222999572753906,100,0.0,0.0,0.0
2021-03-26 00:00:00-04:00,26.67799949645996,26.67799949645996,26.67799949645996,26.67799949645996,100,0.0,0.0,0.0
2021-03-29 00:00:00-04:00,26.655000686645508,26.655000686645508,26.655000686645508,26.655000686645508,100,0.0,0.0,0.0
2021-03-30 00:00:00-04:00,26.540000915527344,26.540000915527344,26.527000427246094,26.527000427246094,200,0.0,0.0,0.0
2021-03-31 00:00:00-04:00,26.69099998474121,26.69099998474121,26.69099998474121,26.69099998474121,400,0.0,0.0,0.0
2021-04-01 00:00:00-04:00,26.819000244140625,26.952999114990234,26.819000244140625,26.952999114990234,100,0.0,0.0,0.0
2021-04-05 00:00:00-04:00,27.709999084472656,27.709999084472656,27.3700008392334,27.3700008392334,700,0.0,0.0,0.0
2021-04-06 00:00:00-04:00,27.312000274658203,27.312000274658203,27.312000274658203,27.312000274658203,0,0.0,0.0,0.0
2021-04-07 00:00:00-04:00,27.358999252319336,27.358999252319336,27.358999252319336,27.358999252319336,100,0.0,0.0,0.0
2021-04-08 00:00:00-04:00,27.48900032043457,27.48900032043457,27.48900032043457,27.48900032043457,100,0.0,0.0,0.0
2021-04-09 00:00:00-04:00,27.589000701904297,27.70599937438965,27.589000701904297,27.70599937438965,100,0.0,0.0,0.0
2021-04-12 00:00:00-04:00,27.691999435424805,27.695999145507812,27.691999435424805,27.695999145507812,100,0.0,0.0,0.0
2021-04-13 00:00:00-04:00,27.698999404907227,27.760000228881836,27.698999404907227,27.760000228881836,200,0.0,0.0,0.0
2021-04-14 00:00:00-04:00,27.680999755859375,27.680999755859375,27.680999755859375,27.680999755859375,53500,0.0,0.0,0.0
2021-04-15 00:00:00-04:00,27.99799919128418,27.99799919128418,27.99799919128418,27.99799919128418,0,0.0,0.0,0.0
2021-04-16 00:00:00-04:00,28.106000900268555,28.106000900268555,28.106000900268555,28.106000900268555,100,0.0,0.0,0.0
2021-04-19 00:00:00-04:00,27.979000091552734,27.979000091552734,27.979000091552734,27.979000091552734,100,0.0,0.0,0.0
2021-04-20 00:00:00-04:00,27.781999588012695,27.809999465942383,27.781999588012695,27.80900001525879,2100,0.0,0.0,0.0
2021-04-21 00:00:00-04:00,28.011999130249023,28.011999130249023,28.011999130249023,28.011999130249023,900,0.0,0.0,0.0
2021-04-22 00:00:00-04:00,27.774999618530273,27.774999618530273,27.774999618530273,27.774999618530273,900,0.0,0.0,0.0
2021-04-23 00:00:00-04:00,28.100000381469727,28.100000381469727,27.860000610351562,28.08099937438965,1000,0.0,0.0,0.0
2021-04-26 00:00:00-04:00,28.159000396728516,28.15999984741211,28.073999404907227,28.073999404907227,1200,0.0,0.0,0.0
2021-04-27 00:00:00-04:00,28.125,28.125,28.125,28.125,100,0.0,0.0,0.0
2021-04-28 00:00:00-04:00,28.209999084472656,28.209999084472656,28.106000900268555,28.106000900268555,500,0.0,0.0,0.0
2021-04-29 00:00:00-04:00,28.260000228881836,28.29400062561035,28.260000228881836,28.29400062561035,500,0.0,0.0,0.0
2021-04-30 00:00:00-04:00,28.069000244140625,28.069000244140625,28.069000244140625,28.069000244140625,100,0.0,0.0,0.0
2021-05-03 00:00:00-04:00,28.34000015258789,28.34000015258789,28.259000778198242,28.259000778198242,2834400,0.0,0.0,0.0
2021-05-04 00:00:00-04:00,28.045000076293945,28.113000869750977,27.959999084472656,28.113000869750977,700,0.0,0.0,0.0
2021-05-05 00:00:00-04:00,28.209999084472656,28.209999084472656,28.19099998474121,28.19099998474121,200,0.0,0.0,0.0
2021-05-06 00:00:00-04:00,28.209999084472656,28.437000274658203,28.14900016784668,28.437000274658203,1000,0.0,0.0,0.0
2021-05-07 00:00:00-04:00,28.70400047302246,28.70400047302246,28.70400047302246,28.70400047302246,100,0.0,0.0,0.0
2021-05-10 00:00:00-04:00,28.690000534057617,28.799999237060547,28.524999618530273,28.524999618530273,600,0.0,0.0,0.0
2021-05-11 00:00:00-04:00,28.040000915527344,28.183000564575195,28.040000915527344,28.183000564575195,2300,0.0,0.0,0.0
2021-05-12 00:00:00-04:00,27.799999237060547,27.799999237060547,27.547000885009766,27.547000885009766,2100,0.0,0.0,0.0
2021-05-13 00:00:00-04:00,27.97599983215332,27.97599983215332,27.97599983215332,27.97599983215332,200,0.0,0.0,0.0
2021-05-14 00:00:00-04:00,28.292999267578125,28.382999420166016,28.292999267578125,28.382999420166016,200,0.0,0.0,0.0
2021-05-17 00:00:00-04:00,28.17099952697754,28.292999267578125,28.17099952697754,28.292999267578125,400,0.0,0.0,0.0
2021-05-18 00:00:00-04:00,28.270000457763672,28.270000457763672,28.079999923706055,28.079999923706055,1200,0.0,0.0,0.0
2021-05-19 00:00:00-04:00,27.934999465942383,27.934999465942383,27.934999465942383,27.934999465942383,100,0.0,0.0,0.0
2021-05-20 00:00:00-04:00,28.236000061035156,28.236000061035156,28.236000061035156,28.236000061035156,100,0.0,0.0,0.0
2021-05-21 00:00:00-04:00,28.378999710083008,28.3799991607666,28.211999893188477,28.211999893188477,2300,0.0,0.0,0.0
2021-05-24 00:00:00-04:00,28.518999099731445,28.518999099731445,28.45400047302246,28.45400047302246,100,0.0,0.0,0.0
2021-05-25 00:00:00-04:00,28.368999481201172,28.368999481201172,28.368999481201172,28.368999481201172,0,0.0,0.0,0.0
2021-05-26 00:00:00-04:00,28.423999786376953,28.423999786376953,28.423999786376953,28.423999786376953,0,0.0,0.0,0.0
2021-05-27 00:00:00-04:00,28.479999542236328,28.479999542236328,28.447999954223633,28.447999954223633,200,0.0,0.0,0.0
2021-05-28 00:00:00-04:00,28.469999313354492,28.469999313354492,28.454999923706055,28.454999923706055,100,0.0,0.0,0.0
2021-06-01 00:00:00-04:00,28.479999542236328,28.479999542236328,28.451000213623047,28.451000213623047,1000,0.0,0.0,0.0
2021-06-02 00:00:00-04:00,28.469999313354492,28.469999313354492,28.46299934387207,28.46299934387207,400,0.0,0.0,0.0
2021-06-03 00:00:00-04:00,28.239999771118164,28.4060001373291,28.239999771118164,28.4060001373291,500,0.0,0.0,0.0
2021-06-04 00:00:00-04:00,28.579999923706055,28.648000717163086,28.579999923706055,28.648000717163086,400,0.0,0.0,0.0
2021-06-07 00:00:00-04:00,28.639999389648438,28.670000076293945,28.639999389648438,28.670000076293945,300,0.0,0.0,0.0
2021-06-08 00:00:00-04:00,28.649999618530273,28.69300079345703,28.649999618530273,28.69300079345703,100,0.0,0.0,0.0
2021-06-09 00:00:00-04:00,28.636999130249023,28.636999130249023,28.636999130249023,28.636999130249023,100,0.0,0.0,0.0
2021-06-10 00:00:00-04:00,28.780000686645508,28.780000686645508,28.72800064086914,28.72800064086914,300,0.0,0.0,0.0
2021-06-11 00:00:00-04:00,28.791000366210938,28.791000366210938,28.791000366210938,28.791000366210938,500,0.0,0.0,0.0
2021-06-14 00:00:00-04:00,28.780000686645508,28.790000915527344,28.780000686645508,28.790000915527344,500,0.0,0.0,0.0
2021-06-15 00:00:00-04:00,28.76799964904785,28.76799964904785,28.76799964904785,28.76799964904785,500,0.0,0.0,0.0
2021-06-16 00:00:00-04:00,28.569000244140625,28.569000244140625,28.569000244140625,28.569000244140625,500,0.0,0.0,0.0
2021-06-17 00:00:00-04:00,28.479999542236328,28.518999099731445,28.479999542236328,28.518999099731445,400,0.0,0.0,0.0
2021-06-18 00:00:00-04:00,28.350000381469727,28.350000381469727,28.158000946044922,28.158000946044922,300,0.0,0.0,0.0
2021-06-21 00:00:00-04:00,28.399999618530273,28.56599998474121,28.399999618530273,28.56599998474121,100,0.0,0.0,0.0
2021-06-22 00:00:00-04:00,28.7450008392334,28.7450008392334,28.7450008392334,28.7450008392334,0,0.0,0.0,0.0
2021-06-23 00:00:00-04:00,28.67300033569336,28.67300033569336,28.67300033569336,28.67300033569336,0,0.0,0.0,0.0
2021-06-24 00:00:00-04:00,28.833999633789062,28.833999633789062,28.833999633789062,28.833999633789062,100,0.0,0.0,0.0
2021-06-25 00:00:00-04:00,28.94099998474121,28.94099998474121,28.94099998474121,28.94099998474121,0,0.0,0.0,0.0
2021-06-28 00:00:00-04:00,28.993000030517578,28.993000030517578,28.993000030517578,28.993000030517578,0,0.0,0.0,0.0
2021-06-29 00:00:00-04:00,29.024999618530273,29.024999618530273,29.024999618530273,29.024999618530273,100,0.0,0.0,0.0
2021-06-30 00:00:00-04:00,29.10099983215332,29.10099983215332,29.10099983215332,29.10099983215332,100,0.0,0.0,0.0
2021-07-01 00:00:00-04:00,29.249000549316406,29.249000549316406,29.249000549316406,29.249000549316406,100,0.0,0.0,0.0
2021-07-02 00:00:00-04:00,29.485000610351562,29.485000610351562,29.485000610351562,29.485000610351562,100,0.0,0.0,0.0
2021-07-06 00:00:00-04:00,29.38599967956543,29.38599967956543,29.38599967956543,29.38599967956543,0,0.0,0.0,0.0
2021-07-07 00:00:00-04:00,29.534000396728516,29.534000396728516,29.534000396728516,29.534000396728516,100,0.0,0.0,0.0
2021-07-08 00:00:00-04:00,29.20400047302246,29.20400047302246,29.20400047302246,29.20400047302246,100,0.0,0.0,0.0
2021-07-09 00:00:00-04:00,29.61199951171875,29.61199951171875,29.61199951171875,29.61199951171875,0,0.0,0.0,0.0
2021-07-12 00:00:00-04:00,29.729999542236328,29.760000228881836,29.68000030517578,29.68000030517578,10400,0.0,0.0,0.0
2021-07-13 00:00:00-04:00,29.729999542236328,29.729999542236328,29.573999404907227,29.573999404907227,11800,0.0,0.0,0.0
2021-07-14 00:00:00-04:00,29.628000259399414,29.628000259399414,29.628000259399414,29.628000259399414,100,0.0,0.0,0.0
2021-07-15 00:00:00-04:00,29.59000015258789,29.59000015258789,29.530000686645508,29.542999267578125,9200,0.0,0.0,0.0
2021-07-16 00:00:00-04:00,29.420000076293945,29.43000030517578,29.3700008392334,29.3700008392334,1500,0.0,0.0,0.0
2021-07-19 00:00:00-04:00,28.868999481201172,28.868999481201172,28.868999481201172,28.868999481201172,100,0.0,0.0,0.0
2021-07-20 00:00:00-04:00,29.402999877929688,29.402999877929688,29.402999877929688,29.402999877929688,100,0.0,0.0,0.0
2021-07-21 00:00:00-04:00,29.625999450683594,29.625999450683594,29.625999450683594,29.625999450683594,100,0.0,0.0,0.0
2021-07-22 00:00:00-04:00,29.614999771118164,29.708999633789062,29.614999771118164,29.708999633789062,200,0.0,0.0,0.0
2021-07-23 00:00:00-04:00,30.07699966430664,30.07699966430664,30.07699966430664,30.07699966430664,0,0.0,0.0,0.0
2021-07-26 00:00:00-04:00,30.132999420166016,30.132999420166016,30.132999420166016,30.132999420166016,100,0.0,0.0,0.0
2021-07-27 00:00:00-04:00,29.989999771118164,30.0,29.878999710083008,29.952999114990234,1600,0.0,0.0,0.0
2021-07-28 00:00:00-04:00,30.0,30.0,29.961999893188477,29.961999893188477,300,0.0,0.0,0.0
2021-07-29 00:00:00-04:00,30.05500030517578,30.05500030517578,30.05500030517578,30.05500030517578,0,0.0,0.0,0.0
2021-07-30 00:00:00-04:00,29.959999084472656,29.98900032043457,29.957000732421875,29.957000732421875,300,0.0,0.0,0.0
2021-08-02 00:00:00-04:00,30.100000381469727,30.100000381469727,29.868999481201172,29.868999481201172,7200,0.0,0.0,0.0
2021-08-03 00:00:00-04:00,30.09000015258789,30.121000289916992,30.084999084472656,30.121000289916992,700,0.0,0.0,0.0
2021-08-04 00:00:00-04:00,30.00200080871582,30.00200080871582,30.00200080871582,30.00200080871582,100,0.0,0.0,0.0
2021-08-05 00:00:00-04:00,30.125,30.125,30.125,30.125,100,0.0,0.0,0.0
2021-08-06 00:00:00-04:00,30.219999313354492,30.219999313354492,30.17099952697754,30.17099952697754,4100,0.0,0.0,0.0
2021-08-09 00:00:00-04:00,30.170000076293945,30.174999237060547,30.170000076293945,30.174999237060547,500,0.0,0.0,0.0
2021-08-10 00:00:00-04:00,30.31800079345703,30.34000015258789,30.280000686645508,30.280000686645508,6900,0.0,0.0,0.0
2021-08-11 00:00:00-04:00,30.3799991607666,30.3799991607666,30.3799991607666,30.3799991607666,3500,0.0,0.0,0.0
2021-08-12 00:00:00-04:00,30.440000534057617,30.513999938964844,30.389999389648438,30.513999938964844,1300,0.0,0.0,0.0
2021-08-13 00:00:00-04:00,30.5310001373291,30.5310001373291,30.5310001373291,30.5310001373291,100,0.0,0.0,0.0
2021-08-16 00:00:00-04:00,30.520000457763672,30.665000915527344,30.520000457763672,30.665000915527344,400,0.0,0.0,0.0
2021-08-17 00:00:00-04:00,30.445999145507812,30.445999145507812,30.445999145507812,30.445999145507812,100,0.0,0.0,0.0
2021-08-18 00:00:00-04:00,30.459999084472656,30.459999084472656,30.172000885009766,30.172000885009766,96400,0.0,0.0,0.0
2021-08-19 00:00:00-04:00,30.17099952697754,30.17099952697754,30.17099952697754,30.17099952697754,192700,0.0,0.0,0.0
2021-08-20 00:00:00-04:00,30.47599983215332,30.47599983215332,30.47599983215332,30.47599983215332,192700,0.0,0.0,0.0
2021-08-23 00:00:00-04:00,30.69300079345703,30.69300079345703,30.69300079345703,30.69300079345703,192700,0.0,0.0,0.0
2021-08-24 00:00:00-04:00,30.731000900268555,30.731000900268555,30.731000900268555,30.731000900268555,192700,0.0,0.0,0.0
2021-08-25 00:00:00-04:00,30.827999114990234,30.827999114990234,30.827999114990234,30.827999114990234,192700,0.0,0.0,0.0
2021-08-26 00:00:00-04:00,30.799999237060547,30.799999237060547,30.638999938964844,30.638999938964844,300,0.0,0.0,0.0
2021-08-27 00:00:00-04:00,30.892000198364258,30.892000198364258,30.884000778198242,30.884000778198242,1100,0.0,0.0,0.0
2021-08-30 00:00:00-04:00,31.010000228881836,31.010000228881836,31.010000228881836,31.010000228881836,2100,0.0,0.0,0.0
2021-08-31 00:00:00-04:00,31.0,31.0,30.961000442504883,30.961000442504883,1400,0.0,0.0,0.0
2021-09-01 00:00:00-04:00,30.945999145507812,30.945999145507812,30.945999145507812,30.945999145507812,1600,0.0,0.0,0.0
2021-09-02 00:00:00-04:00,31.045000076293945,31.045000076293945,31.045000076293945,31.045000076293945,100,0.0,0.0,0.0
2021-09-03 00:00:00-04:00,31.06999969482422,31.110000610351562,31.040000915527344,31.075000762939453,2200,0.0,0.0,0.0
2021-09-07 00:00:00-04:00,31.190000534057617,31.190000534057617,30.920000076293945,30.959999084472656,2100,0.0,0.0,0.0
2021-09-08 00:00:00-04:00,30.84000015258789,30.84000015258789,30.805999755859375,30.805999755859375,700,0.0,0.0,0.0
2021-09-09 00:00:00-04:00,30.770000457763672,30.770000457763672,30.679000854492188,30.679000854492188,100,0.0,0.0,0.0
2021-09-10 00:00:00-04:00,30.850000381469727,30.850000381469727,30.44499969482422,30.44499969482422,400,0.0,0.0,0.0
2021-09-13 00:00:00-04:00,30.5,30.5,30.5,30.5,100,0.0,0.0,0.0
2021-09-14 00:00:00-04:00,30.520000457763672,30.559999465942383,30.280000686645508,30.347000122070312,6300,0.0,0.0,0.0
2021-09-15 00:00:00-04:00,30.621999740600586,30.621999740600586,30.621999740600586,30.621999740600586,5700,0.0,0.0,0.0
2021-09-16 00:00:00-04:00,30.58799934387207,30.58799934387207,30.58799934387207,30.58799934387207,100,0.0,0.0,0.0
2021-09-17 00:00:00-04:00,30.30699920654297,30.30699920654297,30.30699920654297,30.30699920654297,25500,0.0,0.0,0.0
2021-09-20 00:00:00-04:00,29.801000595092773,29.801000595092773,29.801000595092773,29.801000595092773,100,0.0,0.0,0.0
2021-09-21 00:00:00-04:00,29.81999969482422,29.836000442504883,29.81999969482422,29.833999633789062,400,0.0,0.0,0.0
2021-09-22 00:00:00-04:00,30.018999099731445,30.018999099731445,30.018999099731445,30.018999099731445,11200,0.0,0.0,0.0
2021-09-23 00:00:00-04:00,30.413000106811523,30.413000106811523,30.329999923706055,30.360000610351562,2200,0.0,0.0,0.0
2021-09-24 00:00:00-04:00,30.398000717163086,30.398000717163086,30.398000717163086,30.398000717163086,100,0.0,0.0,0.0
2021-09-27 00:00:00-04:00,30.31800079345703,30.31800079345703,30.31800079345703,30.31800079345703,100,0.0,0.0,0.0
2021-09-28 00:00:00-04:00,29.950000762939453,29.950000762939453,29.711000442504883,29.711000442504883,200,0.0,0.0,0.0
2021-09-29 00:00:00-04:00,29.780000686645508,29.780000686645508,29.719999313354492,29.719999313354492,300,0.0,0.0,0.0
2021-09-30 00:00:00-04:00,29.549999237060547,29.56999969482422,29.375,29.375,600,0.0,0.0,0.0
2021-10-01 00:00:00-04:00,29.67099952697754,29.67099952697754,29.67099952697754,29.67099952697754,1000,0.0,0.0,0.0
2021-10-04 00:00:00-04:00,29.209999084472656,29.301000595092773,29.200000762939453,29.301000595092773,1300,0.0,0.0,0.0
2021-10-05 00:00:00-04:00,29.6200008392334,29.621000289916992,29.610000610351562,29.610000610351562,600,0.0,0.0,0.0
2021-10-06 00:00:00-04:00,29.687000274658203,29.687000274658203,29.687000274658203,29.687000274658203,100,0.0,0.0,0.0
2021-10-07 00:00:00-04:00,29.905000686645508,29.905000686645508,29.905000686645508,29.905000686645508,200,0.0,0.0,0.0
2021-10-08 00:00:00-04:00,29.895999908447266,29.895999908447266,29.895999908447266,29.895999908447266,200,0.0,0.0,0.0
2021-10-11 00:00:00-04:00,29.72599983215332,29.72599983215332,29.72599983215332,29.72599983215332,100,0.0,0.0,0.0
2021-10-12 00:00:00-04:00,29.635000228881836,29.635000228881836,29.635000228881836,29.635000228881836,0,0.0,0.0,0.0
2021-10-13 00:00:00-04:00,29.739999771118164,29.739999771118164,29.739999771118164,29.739999771118164,100,0.0,0.0,0.0
2021-10-14 00:00:00-04:00,30.149999618530273,30.253999710083008,30.145000457763672,30.253999710083008,800,0.0,0.0,0.0
2021-10-15 00:00:00-04:00,30.40399932861328,30.40399932861328,30.40399932861328,30.40399932861328,100,0.0,0.0,0.0
2021-10-18 00:00:00-04:00,30.461000442504883,30.54400062561035,30.459999084472656,30.54400062561035,400,0.0,0.0,0.0
2021-10-19 00:00:00-04:00,30.732999801635742,30.732999801635742,30.732999801635742,30.732999801635742,100,0.0,0.0,0.0
2021-10-20 00:00:00-04:00,30.871000289916992,30.871000289916992,30.871000289916992,30.871000289916992,100,0.0,0.0,0.0
2021-10-21 00:00:00-04:00,30.93899917602539,30.93899917602539,30.93899917602539,30.93899917602539,100,0.0,0.0,0.0
2021-10-22 00:00:00-04:00,30.906999588012695,30.906999588012695,30.906999588012695,30.906999588012695,100,0.0,0.0,0.0
2021-10-25 00:00:00-04:00,30.95800018310547,30.989999771118164,30.95800018310547,30.989999771118164,600,0.0,0.0,0.0
2021-10-26 00:00:00-04:00,31.040000915527344,31.040000915527344,31.040000915527344,31.040000915527344,100,0.0,0.0,0.0
2021-10-27 00:00:00-04:00,30.929000854492188,30.929000854492188,30.929000854492188,30.929000854492188,100,0.0,0.0,0.0
2021-10-28 00:00:00-04:00,31.195999145507812,31.195999145507812,31.195999145507812,31.195999145507812,100,0.0,0.0,0.0
2021-10-29 00:00:00-04:00,31.1299991607666,31.236000061035156,31.1299991607666,31.236000061035156,1800,0.0,0.0,0.0
2021-11-01 00:00:00-04:00,31.263999938964844,31.263999938964844,31.263999938964844,31.263999938964844,100,0.0,0.0,0.0
2021-11-02 00:00:00-04:00,31.489999771118164,31.489999771118164,31.445999145507812,31.445999145507812,200,0.0,0.0,0.0
2021-11-03 00:00:00-04:00,31.549999237060547,31.64699935913086,31.549999237060547,31.64699935913086,200,0.0,0.0,0.0
2021-11-04 00:00:00-04:00,31.64900016784668,31.64900016784668,31.64900016784668,31.64900016784668,100,0.0,0.0,0.0
2021-11-05 00:00:00-04:00,31.739999771118164,31.756000518798828,31.739999771118164,31.756000518798828,800,0.0,0.0,0.0
2021-11-08 00:00:00-05:00,31.761999130249023,31.804000854492188,31.761999130249023,31.804000854492188,600,0.0,0.0,0.0
2021-11-09 00:00:00-05:00,31.631000518798828,31.74799919128418,31.6299991607666,31.74799919128418,3700,0.0,0.0,0.0
2021-11-10 00:00:00-05:00,31.481000900268555,31.481000900268555,31.481000900268555,31.481000900268555,100,0.0,0.0,0.0
2021-11-11 00:00:00-05:00,31.540000915527344,31.540000915527344,31.540000915527344,31.540000915527344,100,0.0,0.0,0.0
2021-11-12 00:00:00-05:00,31.799999237060547,31.823999404907227,31.799999237060547,31.823999404907227,1200,0.0,0.0,0.0
2021-11-15 00:00:00-05:00,31.84000015258789,31.84000015258789,31.825000762939453,31.825000762939453,6500,0.0,0.0,0.0
2021-11-16 00:00:00-05:00,32.18000030517578,32.18000030517578,31.920000076293945,32.029998779296875,15500,0.0,0.0,0.0
2021-11-17 00:00:00-05:00,31.83099937438965,31.863000869750977,31.829999923706055,31.863000869750977,300,0.0,0.0,0.0
2021-11-18 00:00:00-05:00,31.889999389648438,31.913999557495117,31.889999389648438,31.913999557495117,100,0.0,0.0,0.0
2021-11-19 00:00:00-05:00,31.950000762939453,31.950000762939453,31.849000930786133,31.849000930786133,600,0.0,0.0,0.0
2021-11-22 00:00:00-05:00,32.06999969482422,32.06999969482422,31.839000701904297,31.839000701904297,13700,0.0,0.0,0.0
2021-11-23 00:00:00-05:00,31.729999542236328,31.951000213623047,31.729999542236328,31.94499969482422,1900,0.0,0.0,0.0
2021-11-24 00:00:00-05:00,31.948999404907227,31.972000122070312,31.940000534057617,31.972000122070312,1800,0.0,0.0,0.0
2021-11-26 00:00:00-05:00,31.378000259399414,31.378000259399414,31.356000900268555,31.356000900268555,200,0.0,0.0,0.0
2021-11-29 00:00:00-05:00,31.631000518798828,31.631000518798828,31.631000518798828,31.631000518798828,100,0.0,0.0,0.0
2021-11-30 00:00:00-05:00,31.003000259399414,31.003000259399414,31.003000259399414,31.003000259399414,100,0.0,0.0,0.0
2021-12-01 00:00:00-05:00,31.569000244140625,31.569000244140625,30.76300048828125,30.76300048828125,200,0.0,0.0,0.0
2021-12-02 00:00:00-05:00,30.1200008392334,31.15999984741211,30.1200008392334,31.020000457763672,2600,0.0,0.0,0.0
2021-12-03 00:00:00-05:00,30.908000946044922,30.908000946044922,30.908000946044922,30.908000946044922,100,0.0,0.0,0.0
2021-12-06 00:00:00-05:00,31.31599998474121,31.31599998474121,31.31599998474121,31.31599998474121,100,0.0,0.0,0.0
2021-12-07 00:00:00-05:00,32.0099983215332,32.0099983215332,31.902000427246094,31.902000427246094,500,0.0,0.0,0.0
2021-12-08 00:00:00-05:00,32.05400085449219,32.05400085449219,32.05400085449219,32.05400085449219,100,0.0,0.0,0.0
2021-12-09 00:00:00-05:00,31.92300033569336,31.92300033569336,31.92300033569336,31.92300033569336,100,0.0,0.0,0.0
2021-12-10 00:00:00-05:00,32.150001525878906,32.249000549316406,32.150001525878906,32.249000549316406,4600,0.0,0.0,0.0
2021-12-13 00:00:00-05:00,32.18000030517578,32.209999084472656,32.069000244140625,32.069000244140625,1400,0.0,0.0,0.0
2021-12-14 00:00:00-05:00,31.9689998626709,32.0,31.79199981689453,31.79199981689453,22500,0.0,0.0,0.0
2021-12-15 00:00:00-05:00,31.760000228881836,32.3120002746582,31.760000228881836,32.3120002746582,8100,0.0,0.0,0.0
2021-12-16 00:00:00-05:00,32.34000015258789,32.34000015258789,32.0880012512207,32.0880012512207,600,0.0,0.0,0.0
2021-12-17 00:00:00-05:00,31.950000762939453,31.950000762939453,31.739999771118164,31.742000579833984,11700,0.0,0.0,0.0
2021-12-20 00:00:00-05:00,25.65999984741211,25.729999542236328,25.639999389648438,25.715999603271484,2800,0.0,0.0,0.0
2021-12-21 00:00:00-05:00,26.219999313354492,26.32699966430664,26.2189998626709,26.32699966430664,800,0.0,0.0,0.0
2021-12-22 00:00:00-05:00,26.459999084472656,26.489999771118164,26.450000762939453,26.48900032043457,600,0.0,0.0,0.0
2021-12-23 00:00:00-05:00,26.684999465942383,26.684999465942383,26.684999465942383,26.684999465942383,100,0.0,0.0,0.0
2021-12-27 00:00:00-05:00,26.979999542236328,26.992000579833984,26.829999923706055,26.992000579833984,11400,0.0,0.0,0.0
2021-12-28 00:00:00-05:00,27.09000015258789,27.149999618530273,26.957000732421875,26.957000732421875,19900,0.0,0.0,0.0
2021-12-29 00:00:00-05:00,27.06999969482422,27.07900047302246,26.989999771118164,27.070999145507812,1900,0.0,0.0,0.0
2021-12-30 00:00:00-05:00,27.040000915527344,27.040000915527344,26.97800064086914,26.97800064086914,400,0.0,0.0,0.0
2021-12-31 00:00:00-05:00,27.059999465942383,27.059999465942383,26.91200065612793,26.91200065612793,500,0.0,0.0,0.0
2022-01-03 00:00:00-05:00,27.0,27.0,26.979999542236328,26.979999542236328,2500,0.0,0.0,0.0
2022-01-04 00:00:00-05:00,27.059999465942383,27.06100082397461,26.9950008392334,27.02899932861328,2400,0.0,0.0,0.0
2022-01-05 00:00:00-05:00,26.985000610351562,26.985000610351562,26.57200050354004,26.57200050354004,300,0.0,0.0,0.0
2022-01-06 00:00:00-05:00,26.690000534057617,26.709999084472656,26.527000427246094,26.527000427246094,5300,0.0,0.0,0.0
2022-01-07 00:00:00-05:00,26.510000228881836,26.549999237060547,26.5,26.5,1400,0.0,0.0,0.0
2022-01-10 00:00:00-05:00,26.40999984741211,26.44099998474121,26.054000854492188,26.44099998474121,600,0.0,0.0,0.0
2022-01-11 00:00:00-05:00,26.584999084472656,26.69099998474121,26.584999084472656,26.69099998474121,300,0.0,0.0,0.0
2022-01-12 00:00:00-05:00,27.09000015258789,27.09000015258789,26.729999542236328,26.750999450683594,4600,0.0,0.0,0.0
2022-01-13 00:00:00-05:00,26.6299991607666,26.649999618530273,26.44300079345703,26.44300079345703,2000,0.0,0.0,0.0
2022-01-14 00:00:00-05:00,26.280000686645508,26.500999450683594,26.270000457763672,26.5,9400,0.0,0.0,0.0
2022-01-18 00:00:00-05:00,26.06999969482422,26.110000610351562,25.959999084472656,25.959999084472656,8900,0.0,0.0,0.0
2022-01-19 00:00:00-05:00,26.040000915527344,26.100000381469727,25.809999465942383,25.809999465942383,1100,0.0,0.0,0.0
2022-01-20 00:00:00-05:00,25.979999542236328,26.270000457763672,25.56599998474121,25.56599998474121,4600,0.0,0.0,0.0
2022-01-21 00:00:00-05:00,25.56999969482422,25.65999984741211,25.242000579833984,25.242000579833984,2000,0.0,0.0,0.0
2022-01-24 00:00:00-05:00,24.65999984741211,25.30500030517578,24.65999984741211,25.30500030517578,5500,0.0,0.0,0.0
2022-01-25 00:00:00-05:00,24.780000686645508,25.290000915527344,24.700000762939453,25.052000045776367,3400,0.0,0.0,0.0
2022-01-26 00:00:00-05:00,25.350000381469727,25.639999389648438,25.023000717163086,25.023000717163086,211700,0.0,0.0,0.0
2022-01-27 00:00:00-05:00,25.170000076293945,25.170000076293945,24.979999542236328,25.031999588012695,900,0.0,0.0,0.0
2022-01-28 00:00:00-05:00,25.010000228881836,25.583999633789062,24.948999404907227,25.583999633789062,2600,0.0,0.0,0.0
2022-01-31 00:00:00-05:00,25.743000030517578,25.98200035095215,25.743000030517578,25.98200035095215,90800,0.0,0.0,0.0
2022-02-01 00:00:00-05:00,26.0,26.211999893188477,26.0,26.211999893188477,300,0.0,0.0,0.0
2022-02-02 00:00:00-05:00,26.479999542236328,26.558000564575195,26.479999542236328,26.558000564575195,600,0.0,0.0,0.0
2022-02-03 00:00:00-05:00,26.27400016784668,26.27400016784668,25.968000411987305,25.968000411987305,3500,0.0,0.0,0.0
2022-02-04 00:00:00-05:00,26.010000228881836,26.110000610351562,25.760000228881836,26.030000686645508,1500,0.0,0.0,0.0
2022-02-07 00:00:00-05:00,26.049999237060547,26.06999969482422,25.856000900268555,25.856000900268555,36600,0.0,0.0,0.0
2022-02-08 00:00:00-05:00,26.030000686645508,26.118999481201172,26.030000686645508,26.118999481201172,500,0.0,0.0,0.0
2022-02-09 00:00:00-05:00,26.374000549316406,26.44300079345703,26.374000549316406,26.44300079345703,6200,0.0,0.0,0.0
2022-02-10 00:00:00-05:00,26.3700008392334,26.385000228881836,26.007999420166016,26.007999420166016,5900,0.0,0.0,0.0
2022-02-11 00:00:00-05:00,26.079999923706055,26.1299991607666,25.6299991607666,25.631999969482422,14300,0.0,0.0,0.0
2022-02-14 00:00:00-05:00,25.479999542236328,25.479999542236328,25.43000030517578,25.461999893188477,600,0.0,0.0,0.0
2022-02-15 00:00:00-05:00,25.530000686645508,25.791000366210938,25.530000686645508,25.791000366210938,400,0.0,0.0,0.0
2022-02-16 00:00:00-05:00,25.690000534057617,25.85099983215332,25.690000534057617,25.85099983215332,500,0.0,0.0,0.0
2022-02-17 00:00:00-05:00,25.51099967956543,25.51099967956543,25.312999725341797,25.312999725341797,200,0.0,0.0,0.0
2022-02-18 00:00:00-05:00,25.219999313354492,25.290000915527344,25.166000366210938,25.166000366210938,4500,0.0,0.0,0.0
2022-02-22 00:00:00-05:00,24.940000534057617,24.940000534057617,24.90399932861328,24.90399932861328,200,0.0,0.0,0.0
2022-02-23 00:00:00-05:00,24.860000610351562,24.860000610351562,24.513999938964844,24.513999938964844,2800,0.0,0.0,0.0
2022-02-24 00:00:00-05:00,24.118999481201172,24.768999099731445,24.118999481201172,24.768999099731445,200,0.0,0.0,0.0
2022-02-25 00:00:00-05:00,25.28499984741211,25.312000274658203,25.28499984741211,25.312000274658203,900,0.0,0.0,0.0
2022-02-28 00:00:00-05:00,25.014999389648438,25.209999084472656,25.014999389648438,25.209999084472656,200,0.0,0.0,0.0
2022-03-01 00:00:00-05:00,25.06999969482422,25.06999969482422,24.804000854492188,24.804000854492188,500,0.0,0.0,0.0
2022-03-02 00:00:00-05:00,25.33300018310547,25.33300018310547,25.33300018310547,25.33300018310547,100,0.0,0.0,0.0
2022-03-03 00:00:00-05:00,25.341999053955078,25.341999053955078,25.187000274658203,25.187000274658203,1000,0.0,0.0,0.0
2022-03-04 00:00:00-05:00,24.84000015258789,24.990999221801758,24.84000015258789,24.990999221801758,4800,0.0,0.0,0.0
2022-03-07 00:00:00-05:00,24.288999557495117,24.288999557495117,24.288999557495117,24.288999557495117,100,0.0,0.0,0.0
2022-03-08 00:00:00-05:00,24.059999465942383,24.617000579833984,24.059999465942383,24.091999053955078,400,0.0,0.0,0.0
2022-03-09 00:00:00-05:00,24.549999237060547,24.64900016784668,24.549999237060547,24.64900016784668,200,0.0,0.0,0.0
2022-03-10 00:00:00-05:00,24.575000762939453,24.575000762939453,24.575000762939453,24.575000762939453,100,0.0,0.0,0.0
2022-03-11 00:00:00-05:00,24.690000534057617,24.690000534057617,24.332000732421875,24.332000732421875,800,0.0,0.0,0.0
2022-03-14 00:00:00-04:00,24.170000076293945,24.170000076293945,24.118999481201172,24.118999481201172,4400,0.0,0.0,0.0
2022-03-15 00:00:00-04:00,24.59600067138672,24.59600067138672,24.59600067138672,24.59600067138672,100,0.0,0.0,0.0
2022-03-16 00:00:00-04:00,25.09000015258789,25.15999984741211,24.81999969482422,25.15999984741211,1400,0.0,0.0,0.0
2022-03-17 00:00:00-04:00,25.280000686645508,25.31100082397461,25.229999542236328,25.31100082397461,800,0.0,0.0,0.0
2022-03-18 00:00:00-04:00,25.305999755859375,25.583999633789062,25.305999755859375,25.583999633789062,3600,0.0,0.0,0.0
2022-03-21 00:00:00-04:00,25.533000946044922,25.533000946044922,25.533000946044922,25.533000946044922,100,0.0,0.0,0.0
2022-03-22 00:00:00-04:00,25.809999465942383,25.84000015258789,25.80500030517578,25.80500030517578,600,0.0,0.0,0.0
2022-03-23 00:00:00-04:00,25.670000076293945,25.670000076293945,25.5310001373291,25.5310001373291,9600,0.0,0.0,0.0
2022-03-24 00:00:00-04:00,25.610000610351562,25.82900047302246,25.610000610351562,25.82900047302246,1700,0.0,0.0,0.0
2022-03-25 00:00:00-04:00,25.899999618530273,26.040000915527344,25.809999465942383,26.040000915527344,10100,0.0,0.0,0.0
2022-03-28 00:00:00-04:00,25.940000534057617,26.04800033569336,25.93000030517578,26.04800033569336,3100,0.0,0.0,0.0
2022-03-29 00:00:00-04:00,26.3799991607666,26.420000076293945,26.25,26.416000366210938,16700,0.0,0.0,0.0
2022-03-30 00:00:00-04:00,26.350000381469727,26.350000381469727,26.229000091552734,26.229000091552734,4300,0.0,0.0,0.0
2022-03-31 00:00:00-04:00,26.15999984741211,26.219999313354492,25.93199920654297,25.93199920654297,3200,0.0,0.0,0.0
2022-04-01 00:00:00-04:00,25.920000076293945,25.959999084472656,25.760000228881836,25.944000244140625,3900,0.0,0.0,0.0
2022-04-04 00:00:00-04:00,26.010000228881836,26.090999603271484,25.951000213623047,26.090999603271484,4800,0.0,0.0,0.0
2022-04-05 00:00:00-04:00,26.013999938964844,26.020000457763672,25.795000076293945,25.795000076293945,10800,0.0,0.0,0.0
2022-04-06 00:00:00-04:00,25.600000381469727,25.760000228881836,25.599000930786133,25.71299934387207,35900,0.0,0.0,0.0
2022-04-07 00:00:00-04:00,25.719999313354492,25.736000061035156,25.649999618530273,25.736000061035156,4600,0.0,0.0,0.0
2022-04-08 00:00:00-04:00,25.69099998474121,25.69099998474121,25.69099998474121,25.69099998474121,100,0.0,0.0,0.0
2022-04-11 00:00:00-04:00,25.32200050354004,25.32200050354004,25.32200050354004,25.32200050354004,100,0.0,0.0,0.0
2022-04-12 00:00:00-04:00,25.5,25.5,25.20599937438965,25.30299949645996,2100,0.0,0.0,0.0
2022-04-13 00:00:00-04:00,25.56399917602539,25.56399917602539,25.56399917602539,25.56399917602539,500,0.0,0.0,0.0
2022-04-14 00:00:00-04:00,25.639999389648438,25.649999618530273,25.34600067138672,25.34600067138672,6900,0.0,0.0,0.0
2022-04-18 00:00:00-04:00,25.350000381469727,25.459999084472656,25.200000762939453,25.349000930786133,7700,0.0,0.0,0.0
2022-04-19 00:00:00-04:00,25.639999389648438,25.84000015258789,25.639999389648438,25.716999053955078,4500,0.0,0.0,0.0
2022-04-20 00:00:00-04:00,25.829999923706055,25.829999923706055,25.81999969482422,25.81999969482422,3900,0.0,0.0,0.0
2022-04-21 00:00:00-04:00,25.81999969482422,25.81999969482422,25.503000259399414,25.503000259399414,20600,0.0,0.0,0.0
2022-04-22 00:00:00-04:00,25.270000457763672,25.299999237060547,24.825000762939453,24.825000762939453,5700,0.0,0.0,0.0
2022-04-25 00:00:00-04:00,24.559999465942383,24.559999465942383,24.458999633789062,24.458999633789062,400,0.0,0.0,0.0
2022-04-26 00:00:00-04:00,24.780000686645508,24.84000015258789,24.545000076293945,24.545000076293945,6000,0.0,0.0,0.0
2022-04-27 00:00:00-04:00,24.639999389648438,24.729999542236328,24.475000381469727,24.503000259399414,5700,0.0,0.0,0.0
2022-04-28 00:00:00-04:00,24.65999984741211,25.06999969482422,24.645000457763672,25.018999099731445,8600,0.0,0.0,0.0
2022-04-29 00:00:00-04:00,24.639999389648438,24.860000610351562,24.229999542236328,24.229999542236328,2200,0.0,0.0,0.0
2022-05-02 00:00:00-04:00,24.132999420166016,24.361000061035156,24.100000381469727,24.361000061035156,366400,0.0,0.0,0.0
2022-05-03 00:00:00-04:00,24.31399917602539,24.459999084472656,24.31399917602539,24.459999084472656,14800,0.0,0.0,0.0
2022-05-04 00:00:00-04:00,24.520000457763672,25.159000396728516,24.520000457763672,25.159000396728516,3300,0.0,0.0,0.0
2022-05-05 00:00:00-04:00,24.440000534057617,24.489999771118164,24.209999084472656,24.32900047302246,24400,0.0,0.0,0.0
2022-05-06 00:00:00-04:00,24.399999618530273,24.43000030517578,24.260000228881836,24.260000228881836,700,0.0,0.0,0.0
2022-05-09 00:00:00-04:00,23.72800064086914,23.733999252319336,23.565000534057617,23.565000534057617,2500,0.0,0.0,0.0
2022-05-10 00:00:00-04:00,23.5,23.749000549316406,23.489999771118164,23.618999481201172,406300,0.0,0.0,0.0
2022-05-11 00:00:00-04:00,23.469999313354492,23.469999313354492,23.263999938964844,23.263999938964844,2800,0.0,0.0,0.0
2022-05-12 00:00:00-04:00,22.790000915527344,23.1299991607666,22.790000915527344,23.1299991607666,600,0.0,0.0,0.0
2022-05-13 00:00:00-04:00,23.739999771118164,23.850000381469727,23.722000122070312,23.722000122070312,4000,0.0,0.0,0.0
2022-05-16 00:00:00-04:00,23.549999237060547,23.7549991607666,23.549999237060547,23.67099952697754,2400,0.0,0.0,0.0
2022-05-17 00:00:00-04:00,24.079999923706055,24.139999389648438,24.059999465942383,24.10300064086914,14100,0.0,0.0,0.0
2022-05-18 00:00:00-04:00,23.729999542236328,23.809999465942383,23.163999557495117,23.163999557495117,2900,0.0,0.0,0.0
2022-05-19 00:00:00-04:00,23.049999237060547,23.18000030517578,23.049999237060547,23.06399917602539,8200,0.0,0.0,0.0
2022-05-20 00:00:00-04:00,22.790000915527344,24.31999969482422,22.700000762939453,23.09000015258789,398800,0.0,0.0,0.0
2022-05-23 00:00:00-04:00,23.450000762939453,23.514999389648438,23.450000762939453,23.506999969482422,2500,0.0,0.0,0.0
2022-05-24 00:00:00-04:00,22.940000534057617,23.392000198364258,22.920000076293945,23.35099983215332,37200,0.0,0.0,0.0
2022-05-25 00:00:00-04:00,23.579999923706055,23.606000900268555,23.40999984741211,23.606000900268555,11000,0.0,0.0,0.0
2022-05-26 00:00:00-04:00,23.959999084472656,24.06999969482422,23.940000534057617,24.062999725341797,3000,0.0,0.0,0.0
2022-05-27 00:00:00-04:00,24.420000076293945,24.516000747680664,24.360000610351562,24.516000747680664,20100,0.0,0.0,0.0
2022-05-31 00:00:00-04:00,24.43000030517578,24.459999084472656,24.35099983215332,24.357999801635742,10100,0.0,0.0,0.0
2022-06-01 00:00:00-04:00,24.100000381469727,24.226999282836914,24.100000381469727,24.226999282836914,100,0.0,0.0,0.0
2022-06-02 00:00:00-04:00,24.209999084472656,24.593000411987305,24.209999084472656,24.593000411987305,7400,0.0,0.0,0.0
2022-06-03 00:00:00-04:00,24.440000534057617,24.450000762939453,24.25200080871582,24.25200080871582,400,0.0,0.0,0.0
2022-06-06 00:00:00-04:00,24.489999771118164,24.549999237060547,24.280000686645508,24.333999633789062,4400,0.0,0.0,0.0
2022-06-07 00:00:00-04:00,24.309999465942383,24.610000610351562,24.309999465942383,24.610000610351562,4400,0.0,0.0,0.0
2022-06-08 00:00:00-04:00,24.530000686645508,24.59000015258789,24.382999420166016,24.382999420166016,10600,0.0,0.0,0.0
2022-06-09 00:00:00-04:00,24.229999542236328,24.229999542236328,23.832000732421875,23.832000732421875,31400,0.0,0.0,0.0
2022-06-10 00:00:00-04:00,23.360000610351562,23.399999618530273,23.0939998626709,23.0939998626709,1100,0.0,0.0,0.0
2022-06-13 00:00:00-04:00,22.489999771118164,22.559999465942383,22.197999954223633,22.197999954223633,1800,0.0,0.0,0.0
2022-06-14 00:00:00-04:00,22.299999237060547,22.579999923706055,22.0,22.22599983215332,452500,0.0,0.0,0.0
2022-06-15 00:00:00-04:00,22.398000717163086,22.572999954223633,22.219999313354492,22.402999877929688,4400,0.0,0.0,0.0
2022-06-16 00:00:00-04:00,21.850000381469727,21.860000610351562,21.667999267578125,21.667999267578125,24800,0.0,0.0,0.0
2022-06-17 00:00:00-04:00,21.8700008392334,21.8700008392334,21.66699981689453,21.770000457763672,7300,0.0,0.0,0.0
2022-06-21 00:00:00-04:00,22.010000228881836,22.170000076293945,22.010000228881836,22.139999389648438,800,0.0,0.0,0.0
2022-06-22 00:00:00-04:00,21.889999389648438,22.309999465942383,21.889999389648438,22.079999923706055,4800,0.0,0.0,0.0
2022-06-23 00:00:00-04:00,22.219999313354492,22.450000762939453,22.219999313354492,22.450000762939453,6900,0.0,0.0,0.0
2022-06-24 00:00:00-04:00,23.0,23.041000366210938,23.0,23.041000366210938,13200,0.0,0.0,0.0
2022-06-27 00:00:00-04:00,23.079999923706055,23.209999084472656,22.988000869750977,22.988000869750977,1000,0.0,0.0,0.0
2022-06-28 00:00:00-04:00,23.200000762939453,23.200000762939453,22.61400032043457,22.61400032043457,10800,0.0,0.0,0.0
2022-06-29 00:00:00-04:00,22.489999771118164,23.040000915527344,22.451000213623047,22.610000610351562,20900,0.0,0.0,0.0
2022-06-30 00:00:00-04:00,22.110000610351562,22.559999465942383,22.110000610351562,22.277999877929688,31200,0.0,0.0,0.0
2022-07-01 00:00:00-04:00,22.53700065612793,22.53700065612793,22.53700065612793,22.53700065612793,200,0.0,0.0,0.0
2022-07-05 00:00:00-04:00,22.239999771118164,22.572999954223633,22.239999771118164,22.572999954223633,1800,0.0,0.0,0.0
2022-07-06 00:00:00-04:00,22.530000686645508,22.690000534057617,22.530000686645508,22.63800048828125,8600,0.0,0.0,0.0
2022-07-07 00:00:00-04:00,22.993999481201172,22.993999481201172,22.993999481201172,22.993999481201172,100,0.0,0.0,0.0
2022-07-08 00:00:00-04:00,23.0,23.033000946044922,23.0,23.033000946044922,600,0.0,0.0,0.0
2022-07-11 00:00:00-04:00,22.739999771118164,22.884000778198242,22.690000534057617,22.711999893188477,9300,0.0,0.0,0.0
2022-07-12 00:00:00-04:00,22.510000228881836,22.549999237060547,22.510000228881836,22.549999237060547,4300,0.0,0.0,0.0
2022-07-13 00:00:00-04:00,22.440000534057617,22.6200008392334,22.440000534057617,22.53700065612793,8900,0.0,0.0,0.0
2022-07-14 00:00:00-04:00,22.149999618530273,22.320999145507812,22.149999618530273,22.320999145507812,1700,0.0,0.0,0.0
2022-07-15 00:00:00-04:00,22.649999618530273,22.66900062561035,22.649999618530273,22.66900062561035,338400,0.0,0.0,0.0
2022-07-18 00:00:00-04:00,22.690000534057617,22.708999633789062,22.540000915527344,22.55699920654297,4400,0.0,0.0,0.0
2022-07-19 00:00:00-04:00,23.010000228881836,23.16200065612793,22.979999542236328,23.16200065612793,10700,0.0,0.0,0.0
2022-07-20 00:00:00-04:00,23.250999450683594,23.250999450683594,23.250999450683594,23.250999450683594,389200,0.0,0.0,0.0
2022-07-21 00:00:00-04:00,23.420000076293945,23.420000076293945,23.190000534057617,23.389999389648438,2200,0.0,0.0,0.0
2022-07-22 00:00:00-04:00,23.222999572753906,23.222999572753906,23.138999938964844,23.138999938964844,200,0.0,0.0,0.0
2022-07-25 00:00:00-04:00,23.200000762939453,23.225000381469727,23.200000762939453,23.225000381469727,800,0.0,0.0,0.0
2022-07-26 00:00:00-04:00,23.010000228881836,23.09000015258789,22.95400047302246,22.979999542236328,10700,0.0,0.0,0.0
2022-07-27 00:00:00-04:00,23.670000076293945,23.68000030517578,23.58300018310547,23.58300018310547,4300,0.0,0.0,0.0
2022-07-28 00:00:00-04:00,23.709999084472656,23.860000610351562,23.709999084472656,23.775999069213867,6900,0.0,0.0,0.0
2022-07-29 00:00:00-04:00,24.05900001525879,24.05900001525879,24.05900001525879,24.05900001525879,100,0.0,0.0,0.0
2022-08-01 00:00:00-04:00,24.239999771118164,24.239999771118164,23.97800064086914,23.97800064086914,359000,0.0,0.0,0.0
2022-08-02 00:00:00-04:00,24.049999237060547,24.049999237060547,23.825000762939453,23.825000762939453,4000,0.0,0.0,0.0
2022-08-03 00:00:00-04:00,24.049999237060547,24.191999435424805,24.049999237060547,24.191999435424805,1500,0.0,0.0,0.0
2022-08-04 00:00:00-04:00,24.09000015258789,24.209999084472656,24.09000015258789,24.131000518798828,1500,0.0,0.0,0.0
2022-08-05 00:00:00-04:00,24.16699981689453,24.16699981689453,24.16699981689453,24.16699981689453,3700,0.0,0.0,0.0
2022-08-08 00:00:00-04:00,24.165000915527344,24.187000274658203,24.110000610351562,24.187000274658203,1100,0.0,0.0,0.0
2022-08-09 00:00:00-04:00,24.10700035095215,24.10700035095215,24.10700035095215,24.10700035095215,200,0.0,0.0,0.0
2022-08-10 00:00:00-04:00,24.68000030517578,24.700000762939453,24.527000427246094,24.700000762939453,3100,0.0,0.0,0.0
2022-08-11 00:00:00-04:00,24.719999313354492,24.719999313354492,24.658000946044922,24.658000946044922,300,0.0,0.0,0.0
2022-08-12 00:00:00-04:00,25.040000915527344,25.040000915527344,25.040000915527344,25.040000915527344,100,0.0,0.0,0.0
2022-08-15 00:00:00-04:00,25.010000228881836,25.200000762939453,25.010000228881836,25.134000778198242,360800,0.0,0.0,0.0
2022-08-16 00:00:00-04:00,25.059999465942383,25.270000457763672,25.059999465942383,25.20400047302246,1300,0.0,0.0,0.0
2022-08-17 00:00:00-04:00,25.03499984741211,25.062999725341797,25.03499984741211,25.04199981689453,1400,0.0,0.0,0.0
2022-08-18 00:00:00-04:00,25.389999389648438,25.389999389648438,25.089000701904297,25.089000701904297,3000,0.0,0.0,0.0
2022-08-19 00:00:00-04:00,24.760000228881836,24.90999984741211,24.729999542236328,24.729999542236328,1600,0.0,0.0,0.0
2022-08-22 00:00:00-04:00,24.434999465942383,24.434999465942383,24.290000915527344,24.304000854492188,1000,0.0,0.0,0.0
2022-08-23 00:00:00-04:00,24.459999084472656,24.459999084472656,24.283000946044922,24.283000946044922,1000,0.0,0.0,0.0
2022-08-24 00:00:00-04:00,24.31999969482422,24.3799991607666,24.31999969482422,24.347000122070312,4200,0.0,0.0,0.0
2022-08-25 00:00:00-04:00,24.579999923706055,24.700000762939453,24.579999923706055,24.700000762939453,4000,0.0,0.0,0.0
2022-08-26 00:00:00-04:00,24.016000747680664,24.016000747680664,23.892000198364258,23.892000198364258,800,0.0,0.0,0.0
2022-08-29 00:00:00-04:00,23.719999313354492,23.719999313354492,23.719999313354492,23.719999313354492,100,0.0,0.0,0.0
2022-08-30 00:00:00-04:00,23.461000442504883,23.510000228881836,23.41699981689453,23.41699981689453,4200,0.0,0.0,0.0
2022-08-31 00:00:00-04:00,23.520000457763672,23.520000457763672,23.28499984741211,23.32699966430664,24500,0.0,0.0,0.0
2022-09-01 00:00:00-04:00,23.06999969482422,23.350000381469727,22.985000610351562,23.336999893188477,24700,0.0,0.0,0.0
2022-09-02 00:00:00-04:00,23.472999572753906,23.540000915527344,23.07900047302246,23.07900047302246,1300,0.0,0.0,0.0
2022-09-06 00:00:00-04:00,23.09000015258789,23.09000015258789,22.93000030517578,22.964000701904297,4800,0.0,0.0,0.0
2022-09-07 00:00:00-04:00,23.1299991607666,23.382999420166016,23.1299991607666,23.382999420166016,27100,0.0,0.0,0.0
2022-09-08 00:00:00-04:00,23.559999465942383,23.600000381469727,23.450000762939453,23.493000030517578,2600,0.0,0.0,0.0
2022-09-09 00:00:00-04:00,23.797000885009766,23.91900062561035,23.797000885009766,23.91900062561035,200,0.0,0.0,0.0
2022-09-12 00:00:00-04:00,24.1200008392334,24.125,24.114999771118164,24.114999771118164,400,0.0,0.0,0.0
2022-09-13 00:00:00-04:00,23.559999465942383,23.559999465942383,23.084999084472656,23.10099983215332,10500,0.0,0.0,0.0
2022-09-14 00:00:00-04:00,23.110000610351562,23.239999771118164,23.076000213623047,23.200000762939453,9900,0.0,0.0,0.0
2022-09-15 00:00:00-04:00,23.167999267578125,23.190000534057617,22.86400032043457,22.86400032043457,694600,0.0,0.0,0.0
2022-09-16 00:00:00-04:00,22.680999755859375,22.687999725341797,22.680999755859375,22.687999725341797,337700,0.0,0.0,0.0
2022-09-19 00:00:00-04:00,22.674999237060547,22.83099937438965,22.674999237060547,22.83099937438965,300,0.0,0.0,0.0
2022-09-20 00:00:00-04:00,22.583999633789062,22.6299991607666,22.565000534057617,22.607999801635742,3600,0.0,0.0,0.0
2022-09-21 00:00:00-04:00,22.770000457763672,22.790000915527344,22.31100082397461,22.31100082397461,8300,0.0,0.0,0.0
2022-09-22 00:00:00-04:00,22.440000534057617,22.440000534057617,22.113000869750977,22.113000869750977,10000,0.0,0.0,0.0
2022-09-23 00:00:00-04:00,21.469999313354492,21.663000106811523,21.469999313354492,21.663000106811523,344100,0.0,0.0,0.0
2022-09-26 00:00:00-04:00,21.760000228881836,21.780000686645508,21.490999221801758,21.490999221801758,4000,0.0,0.0,0.0
2022-09-27 00:00:00-04:00,21.42099952697754,21.433000564575195,21.375,21.433000564575195,1400,0.0,0.0,0.0
2022-09-28 00:00:00-04:00,21.875999450683594,21.875999450683594,21.875999450683594,21.875999450683594,200,0.0,0.0,0.0
2022-09-29 00:00:00-04:00,21.31999969482422,21.41900062561035,21.274999618530273,21.41900062561035,8600,0.0,0.0,0.0
2022-09-30 00:00:00-04:00,21.44499969482422,21.44499969482422,21.093000411987305,21.093000411987305,900,0.0,0.0,0.0
2022-10-03 00:00:00-04:00,21.40999984741211,21.839000701904297,21.40999984741211,21.750999450683594,370100,0.0,0.0,0.0
2022-10-04 00:00:00-04:00,22.235000610351562,22.334999084472656,22.235000610351562,22.334999084472656,1200,0.0,0.0,0.0
2022-10-05 00:00:00-04:00,22.177000045776367,22.479999542236328,22.177000045776367,22.360000610351562,18900,0.0,0.0,0.0
2022-10-06 00:00:00-04:00,22.399999618530273,22.489999771118164,22.177000045776367,22.177000045776367,12600,0.0,0.0,0.0
2022-10-07 00:00:00-04:00,21.77199935913086,21.829999923706055,21.56999969482422,21.56999969482422,3400,0.0,0.0,0.0
2022-10-10 00:00:00-04:00,21.479999542236328,21.610000610351562,21.3700008392334,21.506999969482422,6800,0.0,0.0,0.0
2022-10-11 00:00:00-04:00,21.399999618530273,21.600000381469727,21.315000534057617,21.375999450683594,32800,0.0,0.0,0.0
2022-10-12 00:00:00-04:00,21.510000228881836,21.860000610351562,21.35099983215332,21.35099983215332,22200,0.0,0.0,0.0
2022-10-13 00:00:00-04:00,20.958999633789062,21.93000030517578,20.94700050354004,21.8700008392334,2400,0.0,0.0,0.0
2022-10-14 00:00:00-04:00,22.190000534057617,22.190000534057617,21.385000228881836,21.385000228881836,19500,0.0,0.0,0.0
2022-10-17 00:00:00-04:00,22.059999465942383,22.059999465942383,21.84000015258789,21.969999313354492,12700,0.0,0.0,0.0
2022-10-18 00:00:00-04:00,22.559999465942383,22.559999465942383,21.917999267578125,22.11400032043457,14400,0.0,0.0,0.0
2022-10-19 00:00:00-04:00,22.190000534057617,22.208999633789062,21.920000076293945,21.961999893188477,39500,0.0,0.0,0.0
2022-10-20 00:00:00-04:00,22.15999984741211,22.15999984741211,21.81999969482422,21.85300064086914,15700,0.0,0.0,0.0
2022-10-21 00:00:00-04:00,22.010000228881836,22.277000427246094,21.886999130249023,22.277000427246094,8200,0.0,0.0,0.0
2022-10-24 00:00:00-04:00,22.450000762939453,22.579999923706055,22.43000030517578,22.579999923706055,10800,0.0,0.0,0.0
2022-10-25 00:00:00-04:00,22.770000457763672,22.90999984741211,22.700000762939453,22.902999877929688,9100,0.0,0.0,0.0
2022-10-26 00:00:00-04:00,22.93000030517578,23.030000686645508,22.702999114990234,22.702999114990234,29600,0.0,0.0,0.0
2022-10-27 00:00:00-04:00,22.878999710083008,22.8799991607666,22.601999282836914,22.601999282836914,5400,0.0,0.0,0.0
2022-10-28 00:00:00-04:00,22.784000396728516,23.190000534057617,22.760000228881836,23.190000534057617,38300,0.0,0.0,0.0
2022-10-31 00:00:00-04:00,23.239999771118164,23.239999771118164,23.035999298095703,23.035999298095703,64400,0.0,0.0,0.0
2022-11-01 00:00:00-04:00,23.290000915527344,23.290000915527344,22.959999084472656,23.020999908447266,48700,0.0,0.0,0.0
2022-11-02 00:00:00-04:00,23.15999984741211,23.209999084472656,22.440000534057617,22.450000762939453,10800,0.0,0.0,0.0
2022-11-03 00:00:00-04:00,22.21500015258789,22.339000701904297,22.134000778198242,22.134000778198242,367900,0.0,0.0,0.0
2022-11-04 00:00:00-04:00,22.670000076293945,22.670000076293945,22.268999099731445,22.41200065612793,13000,0.0,0.0,0.0
2022-11-07 00:00:00-05:00,22.530000686645508,22.75,22.530000686645508,22.70400047302246,320000,0.0,0.0,0.0
2022-11-08 00:00:00-05:00,22.989999771118164,22.989999771118164,22.65999984741211,22.739999771118164,5400,0.0,0.0,0.0
2022-11-09 00:00:00-05:00,22.780000686645508,22.790000915527344,22.18000030517578,22.309999465942383,28700,0.0,0.0,0.0
2022-11-10 00:00:00-05:00,23.360000610351562,23.549999237060547,23.350000381469727,23.520000457763672,19700,0.0,0.0,0.0
2022-11-11 00:00:00-05:00,23.56999969482422,23.8700008392334,23.549999237060547,23.746999740600586,387300,0.0,0.0,0.0
2022-11-14 00:00:00-05:00,23.780000686645508,23.780000686645508,23.58300018310547,23.58300018310547,63600,0.0,0.0,0.0
2022-11-15 00:00:00-05:00,24.139999389648438,24.139999389648438,23.649999618530273,23.690000534057617,97000,0.0,0.0,0.0
2022-11-16 00:00:00-05:00,23.790000915527344,23.790000915527344,23.510000228881836,23.530000686645508,9400,0.0,0.0,0.0
2022-11-17 00:00:00-05:00,23.450000762939453,23.5049991607666,23.350000381469727,23.459999084472656,3200,0.0,0.0,0.0
2022-11-18 00:00:00-05:00,23.549999237060547,23.604000091552734,23.4950008392334,23.604000091552734,1500,0.0,0.0,0.0
2022-11-21 00:00:00-05:00,23.739999771118164,23.739999771118164,23.593000411987305,23.593000411987305,3400,0.0,0.0,0.0
2022-11-22 00:00:00-05:00,23.773000717163086,23.950000762939453,23.75,23.8700008392334,12700,0.0,0.0,0.0
2022-11-23 00:00:00-05:00,24.040000915527344,24.139999389648438,23.840999603271484,23.950000762939453,7300,0.0,0.0,0.0
2022-11-25 00:00:00-05:00,24.280000686645508,24.280000686645508,23.940000534057617,23.961999893188477,2600,0.0,0.0,0.0
2022-11-28 00:00:00-05:00,24.149999618530273,24.149999618530273,23.659000396728516,23.659000396728516,12400,0.0,0.0,0.0
2022-11-29 00:00:00-05:00,24.010000228881836,24.010000228881836,23.610000610351562,23.610000610351562,8400,0.0,0.0,0.0
2022-11-30 00:00:00-05:00,23.617000579833984,24.280000686645508,23.610000610351562,24.280000686645508,3700,0.0,0.0,0.0
2022-12-01 00:00:00-05:00,24.329999923706055,24.391000747680664,24.299999237060547,24.391000747680664,338000,0.0,0.0,0.0
2022-12-02 00:00:00-05:00,24.260000228881836,24.371000289916992,24.260000228881836,24.371000289916992,61200,0.0,0.0,0.0
2022-12-05 00:00:00-05:00,24.03499984741211,24.049999237060547,23.969999313354492,24.030000686645508,7500,0.0,0.0,0.0
2022-12-06 00:00:00-05:00,23.719999313354492,23.719999313354492,23.530000686645508,23.530000686645508,28800,0.0,0.0,0.0
2022-12-07 00:00:00-05:00,23.59000015258789,23.670000076293945,23.56999969482422,23.56999969482422,9100,0.0,0.0,0.0
2022-12-08 00:00:00-05:00,24.010000228881836,24.010000228881836,23.649999618530273,23.81999969482422,22200,0.0,0.0,0.0
2022-12-09 00:00:00-05:00,23.725000381469727,23.799999237060547,23.5,23.5,4800,0.0,0.0,0.0
2022-12-12 00:00:00-05:00,23.920000076293945,23.989999771118164,23.670000076293945,23.989999771118164,31000,0.0,0.0,0.0
2022-12-13 00:00:00-05:00,24.59000015258789,24.59000015258789,24.030000686645508,24.117000579833984,7500,0.0,0.0,0.0
2022-12-14 00:00:00-05:00,24.25,24.290000915527344,23.959999084472656,24.06399917602539,67800,0.0,0.0,0.0
2022-12-15 00:00:00-05:00,23.559999465942383,23.559999465942383,23.253000259399414,23.43000030517578,23000,0.0,0.0,0.0
2022-12-16 00:00:00-05:00,23.459999084472656,23.5,23.0,23.260000228881836,89400,0.0,0.0,0.0
2022-12-19 00:00:00-05:00,23.200000762939453,23.219999313354492,22.559999465942383,22.6299991607666,59100,0.0,0.0,0.0
2022-12-20 00:00:00-05:00,22.670000076293945,22.770000457763672,22.559999465942383,22.639999389648438,14300,0.0,0.0,0.0
2022-12-21 00:00:00-05:00,22.959999084472656,23.160999298095703,22.8700008392334,23.09000015258789,50600,0.0,0.0,0.0
2022-12-22 00:00:00-05:00,22.65999984741211,22.719999313354492,22.3799991607666,22.6200008392334,27000,0.0,0.0,0.0
2022-12-23 00:00:00-05:00,22.639999389648438,22.84000015258789,22.6299991607666,22.770000457763672,9100,0.0,0.0,0.0
2022-12-27 00:00:00-05:00,22.850000381469727,22.969999313354492,22.700000762939453,22.874000549316406,12800,0.0,0.0,0.0
2022-12-28 00:00:00-05:00,23.139999389648438,23.139999389648438,22.545000076293945,22.600000381469727,14300,0.0,0.0,0.0
2022-12-29 00:00:00-05:00,22.950000762939453,22.950000762939453,22.667999267578125,22.709999084472656,126100,0.0,0.0,0.0
2022-12-30 00:00:00-05:00,22.75,22.75,22.579999923706055,22.722000122070312,10700,0.0,0.0,0.0
2023-01-03 00:00:00-05:00,23.030000686645508,23.030000686645508,22.530000686645508,22.700000762939453,615100,0.0,0.0,0.0
2023-01-04 00:00:00-05:00,22.649999618530273,22.850000381469727,22.6200008392334,22.670000076293945,2200,0.0,0.0,0.0
2023-01-05 00:00:00-05:00,22.549999237060547,22.649999618530273,22.530000686645508,22.53499984741211,10500,0.0,0.0,0.0
2023-01-06 00:00:00-05:00,22.799999237060547,22.940000534057617,22.760000228881836,22.940000534057617,3900,0.0,0.0,0.0
2023-01-09 00:00:00-05:00,23.729999542236328,23.729999542236328,22.93000030517578,22.989999771118164,8800,0.0,0.0,0.0
2023-01-10 00:00:00-05:00,22.89699935913086,23.04800033569336,22.89699935913086,23.04800033569336,23700,0.0,0.0,0.0
2023-01-11 00:00:00-05:00,23.170000076293945,23.291000366210938,23.1200008392334,23.291000366210938,36000,0.0,0.0,0.0
2023-01-12 00:00:00-05:00,23.290000915527344,23.489999771118164,23.290000915527344,23.413000106811523,4600,0.0,0.0,0.0
2023-01-13 00:00:00-05:00,23.549999237060547,23.549999237060547,23.280000686645508,23.503000259399414,18500,0.0,0.0,0.0
2023-01-17 00:00:00-05:00,23.420000076293945,23.510000228881836,23.290000915527344,23.3700008392334,182000,0.0,0.0,0.0
2023-01-18 00:00:00-05:00,23.5,23.5,23.100000381469727,23.1299991607666,29600,0.0,0.0,0.0
2023-01-19 00:00:00-05:00,22.91200065612793,23.100000381469727,22.90999984741211,22.90999984741211,2900,0.0,0.0,0.0
2023-01-20 00:00:00-05:00,23.049999237060547,23.391000747680664,23.049999237060547,23.391000747680664,1300,0.0,0.0,0.0
2023-01-23 00:00:00-05:00,23.6200008392334,23.739999771118164,23.47100067138672,23.690000534057617,251700,0.0,0.0,0.0
2023-01-24 00:00:00-05:00,23.600000381469727,23.672000885009766,23.59000015258789,23.639999389648438,12600,0.0,0.0,0.0
2023-01-25 00:00:00-05:00,23.360000610351562,23.643999099731445,23.309999465942383,23.559999465942383,11400,0.0,0.0,0.0
2023-01-26 00:00:00-05:00,23.816999435424805,23.868000030517578,23.700000762939453,23.865999221801758,14700,0.0,0.0,0.0
2023-01-27 00:00:00-05:00,23.940000534057617,24.069000244140625,23.87700080871582,23.965999603271484,7800,0.0,0.0,0.0
2023-01-30 00:00:00-05:00,23.809999465942383,23.829999923706055,23.59000015258789,23.655000686645508,12700,0.0,0.0,0.0
2023-01-31 00:00:00-05:00,23.770999908447266,23.959999084472656,23.770999908447266,23.959999084472656,5200,0.0,0.0,0.0
2023-02-01 00:00:00-05:00,23.8799991607666,24.275999069213867,23.780000686645508,24.172000885009766,9100,0.0,0.0,0.0
2023-02-02 00:00:00-05:00,24.34000015258789,24.600000381469727,24.34000015258789,24.600000381469727,15900,0.0,0.0,0.0
2023-02-03 00:00:00-05:00,24.22100067138672,24.540000915527344,24.22100067138672,24.354999542236328,626500,0.0,0.0,0.0
2023-02-06 00:00:00-05:00,24.25200080871582,24.25200080871582,24.15999984741211,24.200000762939453,5700,0.0,0.0,0.0
2023-02-07 00:00:00-05:00,24.479999542236328,24.6200008392334,24.15999984741211,24.55699920654297,95800,0.0,0.0,0.0
2023-02-08 00:00:00-05:00,24.719999313354492,24.719999313354492,24.190000534057617,24.27199935913086,45100,0.0,0.0,0.0
2023-02-09 00:00:00-05:00,24.31999969482422,24.375,24.018999099731445,24.034000396728516,75900,0.0,0.0,0.0
2023-02-10 00:00:00-05:00,24.014999389648438,24.14900016784668,23.986000061035156,24.099000930786133,3600,0.0,0.0,0.0
2023-02-13 00:00:00-05:00,24.190000534057617,24.422000885009766,24.190000534057617,24.364999771118164,21000,0.0,0.0,0.0
2023-02-14 00:00:00-05:00,24.454999923706055,24.454999923706055,24.2189998626709,24.375999450683594,4800,0.0,0.0,0.0
2023-02-15 00:00:00-05:00,24.34000015258789,24.39900016784668,24.19499969482422,24.356000900268555,36900,0.0,0.0,0.0
2023-02-16 00:00:00-05:00,24.209999084472656,24.360000610351562,24.163000106811523,24.163000106811523,7200,0.0,0.0,0.0
2023-02-17 00:00:00-05:00,24.31999969482422,24.31999969482422,23.899999618530273,24.042999267578125,6100,0.0,0.0,0.0
2023-02-21 00:00:00-05:00,24.0,24.0,23.615999221801758,23.615999221801758,49300,0.0,0.0,0.0
2023-02-22 00:00:00-05:00,23.55299949645996,23.700000762939453,23.55299949645996,23.56100082397461,12700,0.0,0.0,0.0
2023-02-23 00:00:00-05:00,23.610000610351562,23.666000366210938,23.472000122070312,23.666000366210938,6300,0.0,0.0,0.0
2023-02-24 00:00:00-05:00,23.402000427246094,23.402000427246094,23.389999389648438,23.389999389648438,300,0.0,0.0,0.0
2023-02-27 00:00:00-05:00,23.709999084472656,23.709999084472656,23.44300079345703,23.44300079345703,5200,0.0,0.0,0.0
2023-02-28 00:00:00-05:00,23.459999084472656,23.559999465942383,23.458999633789062,23.510000228881836,20900,0.0,0.0,0.0
2023-03-01 00:00:00-05:00,23.385000228881836,23.43000030517578,23.280000686645508,23.325000762939453,9500,0.0,0.0,0.0
2023-03-02 00:00:00-05:00,23.280000686645508,23.503000259399414,23.260000228881836,23.503000259399414,3600,0.0,0.0,0.0
2023-03-03 00:00:00-05:00,23.690000534057617,23.89900016784668,23.690000534057617,23.840999603271484,6100,0.0,0.0,0.0
2023-03-06 00:00:00-05:00,23.881999969482422,23.881999969482422,23.881999969482422,23.881999969482422,280800,0.0,0.0,0.0
2023-03-07 00:00:00-05:00,23.950000762939453,23.959999084472656,23.440000534057617,23.559999465942383,13100,0.0,0.0,0.0
2023-03-08 00:00:00-05:00,23.594999313354492,23.594999313354492,23.43000030517578,23.545000076293945,5400,0.0,0.0,0.0
2023-03-09 00:00:00-05:00,23.700000762939453,23.700000762939453,23.132999420166016,23.132999420166016,8900,0.0,0.0,0.0
2023-03-10 00:00:00-05:00,23.239999771118164,23.239999771118164,22.788999557495117,22.788999557495117,316500,0.0,0.0,0.0
2023-03-13 00:00:00-04:00,22.829999923706055,22.93000030517578,22.70199966430664,22.70199966430664,3500,0.0,0.0,0.0
2023-03-14 00:00:00-04:00,23.114999771118164,23.125,22.899999618530273,23.01799964904785,6400,0.0,0.0,0.0
2023-03-15 00:00:00-04:00,22.684999465942383,22.915000915527344,22.670000076293945,22.826000213623047,292000,0.0,0.0,0.0
2023-03-16 00:00:00-04:00,22.6299991607666,23.249000549316406,22.6299991607666,23.249000549316406,2000,0.0,0.0,0.0
2023-03-17 00:00:00-04:00,23.200000762939453,23.200000762939453,22.920000076293945,23.0049991607666,6100,0.0,0.0,0.0
2023-03-20 00:00:00-04:00,23.149999618530273,23.202999114990234,23.149999618530273,23.202999114990234,25300,0.0,0.0,0.0
2023-03-21 00:00:00-04:00,23.559999465942383,23.559999465942383,23.350000381469727,23.50200080871582,2600,0.0,0.0,0.0
2023-03-22 00:00:00-04:00,23.600000381469727,23.600000381469727,23.143999099731445,23.143999099731445,67000,0.0,0.0,0.0
2023-03-23 00:00:00-04:00,23.280000686645508,23.29800033569336,23.145999908447266,23.145999908447266,3100,0.0,0.0,0.0
2023-03-24 00:00:00-04:00,23.149999618530273,23.246000289916992,23.149999618530273,23.246000289916992,300,0.0,0.0,0.0
2023-03-27 00:00:00-04:00,23.31999969482422,23.417999267578125,23.280000686645508,23.309999465942383,1100,0.0,0.0,0.0
2023-03-28 00:00:00-04:00,23.270999908447266,23.270999908447266,23.270999908447266,23.270999908447266,100,0.0,0.0,0.0
2023-03-29 00:00:00-04:00,23.360000610351562,23.573999404907227,23.360000610351562,23.573999404907227,28800,0.0,0.0,0.0
2023-03-30 00:00:00-04:00,23.65999984741211,23.75,23.628000259399414,23.68199920654297,6400,0.0,0.0,0.0
2023-03-31 00:00:00-04:00,23.81399917602539,24.013999938964844,23.81399917602539,24.013999938964844,13400,0.0,0.0,0.0
2023-04-03 00:00:00-04:00,24.170000076293945,24.239999771118164,24.040000915527344,24.239999771118164,101300,0.0,0.0,0.0
2023-04-04 00:00:00-04:00,24.1299991607666,24.1299991607666,23.959999084472656,24.014999389648438,1123900,0.0,0.0,0.0
2023-04-05 00:00:00-04:00,24.290000915527344,24.290000915527344,23.93899917602539,24.01799964904785,41200,0.0,0.0,0.0
2023-04-06 00:00:00-04:00,23.992000579833984,24.149999618530273,23.992000579833984,24.11199951171875,7500,0.0,0.0,0.0
2023-04-10 00:00:00-04:00,24.56999969482422,24.56999969482422,24.006000518798828,24.125999450683594,637200,0.0,0.0,0.0
2023-04-11 00:00:00-04:00,24.420000076293945,24.549999237060547,24.1299991607666,24.22100067138672,1891000,0.0,0.0,0.0
2023-04-12 00:00:00-04:00,24.209999084472656,24.341999053955078,24.13800048828125,24.13800048828125,11800,0.0,0.0,0.0
2023-04-13 00:00:00-04:00,24.222999572753906,24.469999313354492,24.18000030517578,24.434999465942383,75800,0.0,0.0,0.0
2023-04-14 00:00:00-04:00,24.479999542236328,24.479999542236328,24.290000915527344,24.382999420166016,92700,0.0,0.0,0.0
2023-04-17 00:00:00-04:00,24.420000076293945,24.440000534057617,24.280000686645508,24.38599967956543,35800,0.0,0.0,0.0
2023-04-18 00:00:00-04:00,24.489999771118164,24.530000686645508,24.360000610351562,24.430999755859375,28400,0.0,0.0,0.0
2023-04-19 00:00:00-04:00,24.360000610351562,24.450000762939453,24.295000076293945,24.399999618530273,66500,0.0,0.0,0.0
2023-04-20 00:00:00-04:00,24.270000457763672,24.459999084472656,24.270000457763672,24.319000244140625,14700,0.0,0.0,0.0
2023-04-21 00:00:00-04:00,24.360000610351562,24.3700008392334,24.25,24.29599952697754,9900,0.0,0.0,0.0
2023-04-24 00:00:00-04:00,24.209999084472656,24.364999771118164,24.209999084472656,24.31999969482422,5300,0.0,0.0,0.0
2023-04-25 00:00:00-04:00,24.360000610351562,24.360000610351562,23.974000930786133,23.974000930786133,27900,0.0,0.0,0.0
2023-04-26 00:00:00-04:00,23.989999771118164,24.062000274658203,23.81999969482422,23.889999389648438,5300,0.0,0.0,0.0
2023-04-27 00:00:00-04:00,23.989999771118164,24.386999130249023,23.989999771118164,24.329999923706055,39000,0.0,0.0,0.0
2023-04-28 00:00:00-04:00,24.350000381469727,24.59000015258789,24.350000381469727,24.59000015258789,6800,0.0,0.0,0.0
2023-05-01 00:00:00-04:00,24.549999237060547,24.63599967956543,24.510000228881836,24.579999923706055,23100,0.0,0.0,0.0
2023-05-02 00:00:00-04:00,24.3799991607666,24.3799991607666,24.100000381469727,24.273000717163086,160400,0.0,0.0,0.0
2023-05-03 00:00:00-04:00,24.200000762939453,24.3700008392334,24.083999633789062,24.083999633789062,194700,0.0,0.0,0.0
2023-05-04 00:00:00-04:00,24.010000228881836,24.010000228881836,23.739999771118164,23.868000030517578,12000,0.0,0.0,0.0
2023-05-05 00:00:00-04:00,24.270000457763672,24.339000701904297,24.149999618530273,24.339000701904297,6700,0.0,0.0,0.0
2023-05-08 00:00:00-04:00,24.420000076293945,24.420000076293945,24.270000457763672,24.332000732421875,16000,0.0,0.0,0.0
2023-05-09 00:00:00-04:00,24.260000228881836,24.341999053955078,24.239999771118164,24.299999237060547,19500,0.0,0.0,0.0
2023-05-10 00:00:00-04:00,24.40999984741211,24.40999984741211,24.170000076293945,24.316999435424805,4300,0.0,0.0,0.0
2023-05-11 00:00:00-04:00,24.299999237060547,24.3799991607666,24.219999313354492,24.305999755859375,1233600,0.0,0.0,0.0
2023-05-12 00:00:00-04:00,24.299999237060547,24.329999923706055,24.101999282836914,24.280000686645508,35900,0.0,0.0,0.0
2023-05-15 00:00:00-04:00,24.33099937438965,24.393999099731445,24.219999313354492,24.347999572753906,176200,0.0,0.0,0.0
2023-05-16 00:00:00-04:00,24.540000915527344,24.540000915527344,24.190000534057617,24.190000534057617,17200,0.0,0.0,0.0
2023-05-17 00:00:00-04:00,24.250999450683594,24.510000228881836,24.250999450683594,24.469999313354492,7000,0.0,0.0,0.0
2023-05-18 00:00:00-04:00,24.459999084472656,24.729999542236328,24.420000076293945,24.700000762939453,40400,0.0,0.0,0.0
2023-05-19 00:00:00-04:00,24.809999465942383,24.809999465942383,24.520000457763672,24.613000869750977,8700,0.0,0.0,0.0
2023-05-22 00:00:00-04:00,24.540000915527344,24.674999237060547,24.518999099731445,24.610000610351562,3000,0.0,0.0,0.0
2023-05-23 00:00:00-04:00,24.610000610351562,24.610000610351562,24.3700008392334,24.402000427246094,13400,0.0,0.0,0.0
2023-05-24 00:00:00-04:00,24.229999542236328,24.32900047302246,24.155000686645508,24.20400047302246,9200,0.0,0.0,0.0
2023-05-25 00:00:00-04:00,24.489999771118164,24.489999771118164,24.20599937438965,24.347999572753906,20400,0.0,0.0,0.0
2023-05-26 00:00:00-04:00,24.39299964904785,24.621999740600586,24.39299964904785,24.58799934387207,11300,0.0,0.0,0.0
2023-05-30 00:00:00-04:00,24.6200008392334,24.670000076293945,24.420000076293945,24.506000518798828,1647400,0.0,0.0,0.0
2023-05-31 00:00:00-04:00,24.3799991607666,24.44099998474121,24.267000198364258,24.367000579833984,10300,0.0,0.0,0.0
2023-06-01 00:00:00-04:00,24.489999771118164,24.6200008392334,24.31100082397461,24.523000717163086,208100,0.0,0.0,0.0
2023-06-02 00:00:00-04:00,24.829999923706055,25.027999877929688,24.829999923706055,24.96299934387207,16900,0.0,0.0,0.0
2023-06-05 00:00:00-04:00,25.020000457763672,25.100000381469727,24.850000381469727,24.91699981689453,762700,0.0,0.0,0.0
2023-06-06 00:00:00-04:00,24.84000015258789,25.0310001373291,24.84000015258789,25.0049991607666,270300,0.0,0.0,0.0
2023-06-07 00:00:00-04:00,25.079999923706055,25.079999923706055,24.889999389648438,24.898000717163086,11400,0.0,0.0,0.0
2023-06-08 00:00:00-04:00,24.959999084472656,25.059999465942383,24.90999984741211,25.000999450683594,22000,0.0,0.0,0.0
2023-06-09 00:00:00-04:00,25.045000076293945,25.18000030517578,24.979999542236328,25.038000106811523,23200,0.0,0.0,0.0
2023-06-12 00:00:00-04:00,25.013999938964844,25.25,25.013999938964844,25.160999298095703,355300,0.0,0.0,0.0
2023-06-13 00:00:00-04:00,25.299999237060547,25.43899917602539,25.299999237060547,25.3700008392334,401600,0.0,0.0,0.0
2023-06-14 00:00:00-04:00,25.440000534057617,25.540000915527344,25.219999313354492,25.277999877929688,21000,0.0,0.0,0.0
2023-06-15 00:00:00-04:00,25.329999923706055,25.639999389648438,25.329999923706055,25.639999389648438,443200,0.0,0.0,0.0
2023-06-16 00:00:00-04:00,25.60300064086914,25.722000122070312,25.545000076293945,25.545000076293945,9500,0.0,0.0,0.0
2023-06-20 00:00:00-04:00,25.520000457763672,25.520000457763672,25.260000228881836,25.39299964904785,5800,0.0,0.0,0.0
2023-06-21 00:00:00-04:00,25.290000915527344,25.389999389648438,25.270000457763672,25.30299949645996,24600,0.0,0.0,0.0
2023-06-22 00:00:00-04:00,25.26300048828125,25.395000457763672,25.187999725341797,25.351999282836914,19500,0.0,0.0,0.0
2023-06-23 00:00:00-04:00,25.229999542236328,25.295000076293945,25.15999984741211,25.260000228881836,16500,0.0,0.0,0.0
2023-06-26 00:00:00-04:00,25.229999542236328,25.25,25.100000381469727,25.145000457763672,11400,0.0,0.0,0.0
2023-06-27 00:00:00-04:00,25.549999237060547,25.549999237060547,25.158000946044922,25.3799991607666,15400,0.0,0.0,0.0
2023-06-28 00:00:00-04:00,25.420000076293945,25.420000076293945,25.299999237060547,25.34000015258789,9400,0.0,0.0,0.0
2023-06-29 00:00:00-04:00,25.450000762939453,25.690000534057617,25.420000076293945,25.503999710083008,16200,0.0,0.0,0.0
2023-06-30 00:00:00-04:00,25.739999771118164,25.889999389648438,25.714000701904297,25.847999572753906,62400,0.0,0.0,0.0
2023-07-03 00:00:00-04:00,25.940000534057617,25.940000534057617,25.729999542236328,25.850000381469727,389200,0.0,0.0,0.0
2023-07-05 00:00:00-04:00,25.799999237060547,25.84000015258789,25.68000030517578,25.809999465942383,241200,0.0,0.0,0.0
2023-07-06 00:00:00-04:00,25.68000030517578,25.68000030517578,25.40999984741211,25.579999923706055,194500,0.0,0.0,0.0
2023-07-07 00:00:00-04:00,25.56999969482422,25.75,25.511999130249023,25.511999130249023,52500,0.0,0.0,0.0
2023-07-10 00:00:00-04:00,25.559999465942383,25.65999984741211,25.5,25.65999984741211,27900,0.0,0.0,0.0
2023-07-11 00:00:00-04:00,25.639999389648438,25.809999465942383,25.6299991607666,25.770000457763672,15800,0.0,0.0,0.0
2023-07-12 00:00:00-04:00,26.010000228881836,26.107999801635742,25.93000030517578,25.961999893188477,29600,0.0,0.0,0.0
2023-07-13 00:00:00-04:00,26.1299991607666,26.239999771118164,26.059999465942383,26.219999313354492,1638400,0.0,0.0,0.0
2023-07-14 00:00:00-04:00,26.309999465942383,26.309999465942383,26.131000518798828,26.136999130249023,287800,0.0,0.0,0.0
2023-07-17 00:00:00-04:00,26.190000534057617,26.299999237060547,26.15999984741211,26.261999130249023,63100,0.0,0.0,0.0
2023-07-18 00:00:00-04:00,26.299999237060547,26.530000686645508,26.270000457763672,26.5,23000,0.0,0.0,0.0
2023-07-19 00:00:00-04:00,26.549999237060547,26.579999923706055,26.489999771118164,26.549999237060547,43000,0.0,0.0,0.0
2023-07-20 00:00:00-04:00,26.56999969482422,26.56999969482422,26.410999298095703,26.489999771118164,68300,0.0,0.0,0.0
2023-07-21 00:00:00-04:00,26.600000381469727,26.600000381469727,26.440000534057617,26.450000762939453,10400,0.0,0.0,0.0
2023-07-24 00:00:00-04:00,26.56999969482422,26.600000381469727,26.479999542236328,26.527000427246094,18800,0.0,0.0,0.0
2023-07-25 00:00:00-04:00,26.520000457763672,26.65999984741211,26.520000457763672,26.62299919128418,930000,0.0,0.0,0.0
2023-07-26 00:00:00-04:00,26.6299991607666,26.75,26.600000381469727,26.690000534057617,36300,0.0,0.0,0.0
2023-07-27 00:00:00-04:00,26.969999313354492,26.969999313354492,26.450000762939453,26.46500015258789,39200,0.0,0.0,0.0
2023-07-28 00:00:00-04:00,26.690000534057617,26.790000915527344,26.6299991607666,26.75,19000,0.0,0.0,0.0
2023-07-31 00:00:00-04:00,26.790000915527344,26.791000366210938,26.663000106811523,26.70800018310547,30900,0.0,0.0,0.0
2023-08-01 00:00:00-04:00,26.610000610351562,26.742000579833984,26.610000610351562,26.701000213623047,620700,0.0,0.0,0.0
2023-08-02 00:00:00-04:00,26.5,26.520000457763672,26.35300064086914,26.399999618530273,24600,0.0,0.0,0.0
2023-08-03 00:00:00-04:00,26.219999313354492,26.34000015258789,26.2189998626709,26.280000686645508,794700,0.0,0.0,0.0
2023-08-04 00:00:00-04:00,26.309999465942383,26.399999618530273,26.049999237060547,26.049999237060547,42400,0.0,0.0,0.0
2023-08-07 00:00:00-04:00,26.190000534057617,26.299999237060547,26.18000030517578,26.29599952697754,49400,0.0,0.0,0.0
2023-08-08 00:00:00-04:00,26.190000534057617,26.239999771118164,25.965999603271484,26.209999084472656,72100,0.0,0.0,0.0
2023-08-09 00:00:00-04:00,26.260000228881836,26.260000228881836,26.040000915527344,26.045000076293945,23500,0.0,0.0,0.0
2023-08-10 00:00:00-04:00,26.25,26.360000610351562,26.020000457763672,26.06999969482422,31600,0.0,0.0,0.0
2023-08-11 00:00:00-04:00,26.010000228881836,26.104999542236328,25.96500015258789,26.06999969482422,778900,0.0,0.0,0.0
2023-08-14 00:00:00-04:00,26.079999923706055,26.170000076293945,26.030000686645508,26.139999389648438,307700,0.0,0.0,0.0
2023-08-15 00:00:00-04:00,26.1200008392334,26.1200008392334,25.829999923706055,25.8799991607666,55600,0.0,0.0,0.0
2023-08-16 00:00:00-04:00,25.8799991607666,25.93899917602539,25.724000930786133,25.73200035095215,48200,0.0,0.0,0.0
2023-08-17 00:00:00-04:00,25.829999923706055,25.829999923706055,25.489999771118164,25.530000686645508,34300,0.0,0.0,0.0
2023-08-18 00:00:00-04:00,25.3799991607666,25.586000442504883,25.3799991607666,25.520000457763672,107200,0.0,0.0,0.0
2023-08-21 00:00:00-04:00,25.610000610351562,25.6560001373291,25.43000030517578,25.6200008392334,63200,0.0,0.0,0.0
2023-08-22 00:00:00-04:00,25.75,25.75,25.5,25.5,51700,0.0,0.0,0.0
2023-08-23 00:00:00-04:00,25.649999618530273,25.85099983215332,25.635000228881836,25.81999969482422,40400,0.0,0.0,0.0
2023-08-24 00:00:00-04:00,25.920000076293945,25.920000076293945,25.482999801635742,25.482999801635742,19300,0.0,0.0,0.0
2023-08-25 00:00:00-04:00,25.600000381469727,25.700000762939453,25.389999389648438,25.65999984741211,50800,0.0,0.0,0.0
2023-08-28 00:00:00-04:00,25.790000915527344,25.829999923706055,25.65999984741211,25.790000915527344,37800,0.0,0.0,0.0
2023-08-29 00:00:00-04:00,25.81999969482422,26.1200008392334,25.809999465942383,26.1200008392334,38800,0.0,0.0,0.0
2023-08-30 00:00:00-04:00,26.15999984741211,26.229999542236328,26.136999130249023,26.219999313354492,531600,0.0,0.0,0.0
2023-08-31 00:00:00-04:00,26.290000915527344,26.290000915527344,26.1299991607666,26.149999618530273,27700,0.0,0.0,0.0
2023-09-01 00:00:00-04:00,26.34000015258789,26.349000930786133,26.18000030517578,26.280000686645508,21400,0.0,0.0,0.0
2023-09-05 00:00:00-04:00,26.270000457763672,26.270000457763672,26.100000381469727,26.170000076293945,22100,0.0,0.0,0.0
2023-09-06 00:00:00-04:00,26.139999389648438,26.139999389648438,25.822999954223633,26.040000915527344,52600,0.0,0.0,0.0
2023-09-07 00:00:00-04:00,25.809999465942383,25.87700080871582,25.739999771118164,25.832000732421875,45400,0.0,0.0,0.0
2023-09-08 00:00:00-04:00,25.889999389648438,26.010000228881836,25.8799991607666,25.950000762939453,67600,0.0,0.0,0.0
2023-09-11 00:00:00-04:00,26.06999969482422,26.06999969482422,25.95599937438965,26.020000457763672,26100,0.0,0.0,0.0
2023-09-12 00:00:00-04:00,26.020000457763672,26.040000915527344,25.87299919128418,25.93000030517578,240000,0.0,0.0,0.0
2023-09-13 00:00:00-04:00,26.0,26.0,25.809999465942383,25.902000427246094,206600,0.0,0.0,0.0
2023-09-14 00:00:00-04:00,26.079999923706055,26.18899917602539,26.010000228881836,26.149999618530273,34800,0.0,0.0,0.0
2023-09-15 00:00:00-04:00,26.1299991607666,26.1299991607666,25.840999603271484,25.8799991607666,301400,0.0,0.0,0.0
2023-09-18 00:00:00-04:00,25.899999618530273,26.020000457763672,25.889999389648438,25.922000885009766,24500,0.0,0.0,0.0
2023-09-19 00:00:00-04:00,25.920000076293945,25.94300079345703,25.766000747680664,25.93000030517578,54100,0.0,0.0,0.0
2023-09-20 00:00:00-04:00,26.010000228881836,26.010000228881836,25.440000534057617,25.700000762939453,176200,0.0,0.0,0.0
2023-09-21 00:00:00-04:00,25.770000457763672,25.770000457763672,25.32900047302246,25.32900047302246,697700,0.0,0.0,0.0
2023-09-22 00:00:00-04:00,25.399999618530273,25.45400047302246,25.25,25.280000686645508,27300,0.0,0.0,0.0
2023-09-25 00:00:00-04:00,25.209999084472656,25.389999389648438,25.200000762939453,25.389999389648438,59000,0.0,0.0,0.0
2023-09-26 00:00:00-04:00,25.15999984741211,25.216999053955078,24.950000762939453,25.020000457763672,49400,0.0,0.0,0.0
2023-09-27 00:00:00-04:00,25.139999389648438,25.139999389648438,24.854999542236328,25.059999465942383,55600,0.0,0.0,0.0
2023-09-28 00:00:00-04:00,25.049999237060547,25.308000564575195,24.969999313354492,25.194000244140625,240000,0.0,0.0,0.0
2023-09-29 00:00:00-04:00,25.40999984741211,25.40999984741211,25.049999237060547,25.1299991607666,72100,0.0,0.0,0.0
2023-10-02 00:00:00-04:00,25.15999984741211,25.15999984741211,24.950000762939453,25.1299991607666,74000,0.0,0.0,0.0
2023-10-03 00:00:00-04:00,24.950000762939453,25.040000915527344,24.709999084472656,24.809999465942383,32800,0.0,0.0,0.0
2023-10-04 00:00:00-04:00,24.770000457763672,25.0,24.709999084472656,25.0,234000,0.0,0.0,0.0
2023-10-05 00:00:00-04:00,25.0,25.0,24.780000686645508,24.929000854492188,693000,0.0,0.0,0.0
2023-10-06 00:00:00-04:00,24.81999969482422,25.31999969482422,24.7549991607666,25.25,83100,0.0,0.0,0.0
2023-10-09 00:00:00-04:00,25.1200008392334,25.445999145507812,25.1200008392334,25.43000030517578,25800,0.0,0.0,0.0
2023-10-10 00:00:00-04:00,25.440000534057617,25.690000534057617,25.440000534057617,25.540000915527344,75900,0.0,0.0,0.0
2023-10-11 00:00:00-04:00,25.579999923706055,25.6200008392334,25.413000106811523,25.6200008392334,41900,0.0,0.0,0.0
2023-10-12 00:00:00-04:00,25.649999618530273,25.649999618530273,25.277000427246094,25.440000534057617,642500,0.0,0.0,0.0
2023-10-13 00:00:00-04:00,25.549999237060547,25.610000610351562,25.253000259399414,25.3700008392334,201900,0.0,0.0,0.0
2023-10-16 00:00:00-04:00,25.5,25.649999618530273,25.486000061035156,25.6299991607666,560800,0.0,0.0,0.0
2023-10-17 00:00:00-04:00,25.510000228881836,25.76099967956543,25.5,25.690000534057617,138200,0.0,0.0,0.0
2023-10-18 00:00:00-04:00,25.600000381469727,25.64900016784668,25.315000534057617,25.389999389648438,26800,0.0,0.0,0.0
2023-10-19 00:00:00-04:00,25.399999618530273,25.420000076293945,25.09000015258789,25.1200008392334,276600,0.0,0.0,0.0
2023-10-20 00:00:00-04:00,25.139999389648438,25.139999389648438,24.829999923706055,24.8799991607666,80900,0.0,0.0,0.0
2023-10-23 00:00:00-04:00,24.719999313354492,24.920000076293945,24.68000030517578,24.790000915527344,46400,0.0,0.0,0.0
2023-10-24 00:00:00-04:00,24.899999618530273,24.969999313354492,24.74799919128418,24.90999984741211,500900,0.0,0.0,0.0
2023-10-25 00:00:00-04:00,24.829999923706055,24.829999923706055,24.540000915527344,24.6299991607666,105500,0.0,0.0,0.0
2023-10-26 00:00:00-04:00,24.56999969482422,24.56999969482422,24.290000915527344,24.3700008392334,87200,0.0,0.0,0.0
2023-10-27 00:00:00-04:00,24.40999984741211,24.40999984741211,24.049999237060547,24.170000076293945,376900,0.0,0.0,0.0
2023-10-30 00:00:00-04:00,24.290000915527344,24.514999389648438,24.290000915527344,24.450000762939453,176800,0.0,0.0,0.0
2023-10-31 00:00:00-04:00,24.549999237060547,24.6200008392334,24.399999618530273,24.6200008392334,221300,0.0,0.0,0.0
2023-11-01 00:00:00-04:00,24.65999984741211,24.860000610351562,24.614999771118164,24.790000915527344,322900,0.0,0.0,0.0
2023-11-02 00:00:00-04:00,25.030000686645508,25.280000686645508,25.030000686645508,25.239999771118164,43300,0.0,0.0,0.0
2023-11-03 00:00:00-04:00,25.389999389648438,25.586999893188477,25.389999389648438,25.549999237060547,527700,0.0,0.0,0.0
2023-11-06 00:00:00-05:00,25.540000915527344,25.56999969482422,25.459999084472656,25.56999969482422,101000,0.0,0.0,0.0
2023-11-07 00:00:00-05:00,25.540000915527344,25.68000030517578,25.469999313354492,25.65999984741211,38000,0.0,0.0,0.0
2023-11-08 00:00:00-05:00,25.670000076293945,25.68000030517578,25.510000228881836,25.62700080871582,121900,0.0,0.0,0.0
2023-11-09 00:00:00-05:00,25.690000534057617,25.690000534057617,25.399999618530273,25.479999542236328,72500,0.0,0.0,0.0
2023-11-10 00:00:00-05:00,25.559999465942383,25.850000381469727,25.5,25.850000381469727,36000,0.0,0.0,0.0
2023-11-13 00:00:00-05:00,25.770000457763672,25.840999603271484,25.726999282836914,25.770000457763672,28000,0.0,0.0,0.0
2023-11-14 00:00:00-05:00,26.107999801635742,26.356000900268555,26.107999801635742,26.290000915527344,102800,0.0,0.0,0.0
2023-11-15 00:00:00-05:00,26.31999969482422,26.40999984741211,26.2810001373291,26.34000015258789,54600,0.0,0.0,0.0
2023-11-16 00:00:00-05:00,26.31999969482422,26.395999908447266,26.229999542236328,26.360000610351562,36900,0.0,0.0,0.0
2023-11-17 00:00:00-05:00,26.360000610351562,26.420000076293945,26.299999237060547,26.399999618530273,53600,0.0,0.0,0.0
2023-11-20 00:00:00-05:00,26.399999618530273,26.579999923706055,26.3799991607666,26.559999465942383,81700,0.0,0.0,0.0
2023-11-21 00:00:00-05:00,26.559999465942383,26.559999465942383,26.389999389648438,26.559999465942383,405400,0.0,0.0,0.0
2023-11-22 00:00:00-05:00,26.700000762939453,26.700000762939453,26.510000228881836,26.649999618530273,62300,0.0,0.0,0.0
2023-11-24 00:00:00-05:00,26.610000610351562,26.649999618530273,26.600000381469727,26.600000381469727,15000,0.0,0.0,0.0
2023-11-27 00:00:00-05:00,26.59000015258789,26.6299991607666,26.510000228881836,26.59000015258789,775100,0.0,0.0,0.0
2023-11-28 00:00:00-05:00,26.549999237060547,26.69300079345703,26.520000457763672,26.610000610351562,63700,0.0,0.0,0.0
2023-11-29 00:00:00-05:00,26.729999542236328,26.790000915527344,26.530000686645508,26.540000915527344,70300,0.0,0.0,0.0
2023-11-30 00:00:00-05:00,26.639999389648438,26.735000610351562,26.510000228881836,26.690000534057617,1034800,0.0,0.0,0.0
2023-12-01 00:00:00-05:00,26.700000762939453,26.940000534057617,26.670000076293945,26.940000534057617,51200,0.0,0.0,0.0
2023-12-04 00:00:00-05:00,26.700000762939453,26.850000381469727,26.667999267578125,26.790000915527344,37200,0.0,0.0,0.0
2023-12-05 00:00:00-05:00,26.75,26.822999954223633,26.701000213623047,26.760000228881836,41300,0.0,0.0,0.0
2023-12-06 00:00:00-05:00,26.899999618530273,26.90999984741211,26.68000030517578,26.700000762939453,72200,0.0,0.0,0.0
2023-12-07 00:00:00-05:00,26.850000381469727,26.950000762939453,26.809999465942383,26.950000762939453,69500,0.0,0.0,0.0
2023-12-08 00:00:00-05:00,26.889999389648438,27.06999969482422,26.8799991607666,27.059999465942383,41000,0.0,0.0,0.0
2023-12-11 00:00:00-05:00,26.979999542236328,27.1200008392334,26.969999313354492,27.09000015258789,29600,0.0,0.0,0.0
2023-12-12 00:00:00-05:00,27.1299991607666,27.270000457763672,27.05500030517578,27.270000457763672,45000,0.0,0.0,0.0
2023-12-13 00:00:00-05:00,27.260000228881836,27.56999969482422,27.209999084472656,27.549999237060547,100900,0.0,0.0,0.0
2023-12-14 00:00:00-05:00,27.700000762939453,27.788999557495117,27.600000381469727,27.709999084472656,277300,0.0,0.0,0.0
2023-12-15 00:00:00-05:00,27.65999984741211,27.690000534057617,27.540000915527344,27.6299991607666,41900,0.0,0.0,0.0
2023-12-18 00:00:00-05:00,27.450000762939453,27.56999969482422,27.423999786376953,27.479999542236328,26400,0.0,0.0,0.0
2023-12-19 00:00:00-05:00,27.56999969482422,27.700000762939453,27.549999237060547,27.700000762939453,36700,0.0,0.0,0.0
2023-12-20 00:00:00-05:00,27.649999618530273,27.770000457763672,27.34000015258789,27.34000015258789,46800,0.0,0.0,0.0
2023-12-21 00:00:00-05:00,27.510000228881836,27.549999237060547,27.354999542236328,27.549999237060547,30600,0.0,0.0,0.0
2023-12-22 00:00:00-05:00,27.6200008392334,27.71500015258789,27.549999237060547,27.639999389648438,69100,0.0,0.0,0.0
2023-12-26 00:00:00-05:00,27.65999984741211,27.75,27.600000381469727,27.700000762939453,25500,0.0,0.0,0.0
2023-12-27 00:00:00-05:00,27.719999313354492,27.760000228881836,27.649999618530273,27.709999084472656,41700,0.0,0.0,0.0
2023-12-28 00:00:00-05:00,27.709999084472656,27.809999465942383,27.709999084472656,27.75,37200,0.0,0.0,0.0
2023-12-29 00:00:00-05:00,27.770000457763672,27.770000457763672,27.56999969482422,27.709999084472656,22300,0.0,0.0,0.0
2024-01-02 00:00:00-05:00,27.520000457763672,27.6200008392334,27.415000915527344,27.549999237060547,34300,0.0,0.0,0.0
2024-01-03 00:00:00-05:00,27.440000534057617,27.5,27.34000015258789,27.34000015258789,35100,0.0,0.0,0.0
2024-01-04 00:00:00-05:00,27.29400062561035,27.565000534057617,27.26300048828125,27.26300048828125,46200,0.0,0.0,0.0
2024-01-05 00:00:00-05:00,27.309999465942383,27.5,27.239999771118164,27.31999969482422,27300,0.0,0.0,0.0
2024-01-08 00:00:00-05:00,27.420000076293945,27.770000457763672,27.40999984741211,27.770000457763672,57400,0.0,0.0,0.0
2024-01-09 00:00:00-05:00,27.65999984741211,27.780000686645508,27.59000015258789,27.729999542236328,35200,0.0,0.0,0.0
2024-01-10 00:00:00-05:00,27.799999237060547,27.98900032043457,27.7549991607666,27.950000762939453,56700,0.0,0.0,0.0
2024-01-11 00:00:00-05:00,28.010000228881836,28.024999618530273,27.719999313354492,27.920000076293945,99600,0.0,0.0,0.0
2024-01-12 00:00:00-05:00,28.040000915527344,28.077999114990234,27.875,27.959999084472656,28800,0.0,0.0,0.0
2024-01-16 00:00:00-05:00,27.8799991607666,27.950000762939453,27.739999771118164,27.860000610351562,415100,0.0,0.0,0.0
2024-01-17 00:00:00-05:00,27.65999984741211,27.760000228881836,27.55900001525879,27.736000061035156,26500,0.0,0.0,0.0
2024-01-18 00:00:00-05:00,27.829999923706055,28.0,27.709999084472656,27.940000534057617,57700,0.0,0.0,0.0
2024-01-19 00:00:00-05:00,28.079999923706055,28.280000686645508,27.969999313354492,28.260000228881836,100200,0.0,0.0,0.0
2024-01-22 00:00:00-05:00,28.3799991607666,28.441999435424805,28.309999465942383,28.329999923706055,40600,0.0,0.0,0.0
2024-01-23 00:00:00-05:00,28.3799991607666,28.42300033569336,28.260000228881836,28.389999389648438,44900,0.0,0.0,0.0
2024-01-24 00:00:00-05:00,28.56999969482422,28.632999420166016,28.3799991607666,28.389999389648438,326700,0.0,0.0,0.0
2024-01-25 00:00:00-05:00,28.510000228881836,28.649999618530273,28.510000228881836,28.649999618530273,97800,0.0,0.0,0.0
2024-01-26 00:00:00-05:00,28.65999984741211,28.746000289916992,28.56999969482422,28.639999389648438,802000,0.0,0.0,0.0
2024-01-29 00:00:00-05:00,28.649999618530273,28.889999389648438,28.59000015258789,28.889999389648438,40700,0.0,0.0,0.0
2024-01-30 00:00:00-05:00,28.81999969482422,28.9060001373291,28.770000457763672,28.8799991607666,26700,0.0,0.0,0.0
2024-01-31 00:00:00-05:00,28.68000030517578,28.77899932861328,28.34000015258789,28.3799991607666,57900,0.0,0.0,0.0
2024-02-01 00:00:00-05:00,28.489999771118164,28.695999145507812,28.422000885009766,28.670000076293945,212700,0.0,0.0,0.0
2024-02-02 00:00:00-05:00,28.81999969482422,29.211000442504883,28.809999465942383,29.1200008392334,221000,0.0,0.0,0.0
2024-02-05 00:00:00-05:00,29.030000686645508,29.100000381469727,28.84000015258789,28.959999084472656,87700,0.0,0.0,0.0
2024-02-06 00:00:00-05:00,29.049999237060547,29.079999923706055,28.93000030517578,29.030000686645508,138500,0.0,0.0,0.0
2024-02-07 00:00:00-05:00,29.190000534057617,29.299999237060547,29.1200008392334,29.280000686645508,131900,0.0,0.0,0.0
2024-02-08 00:00:00-05:00,29.219999313354492,29.270000457763672,29.15999984741211,29.270000457763672,1193800,0.0,0.0,0.0
2024-02-09 00:00:00-05:00,29.31999969482422,29.47800064086914,29.25,29.469999313354492,44300,0.0,0.0,0.0
2024-02-12 00:00:00-05:00,29.450000762939453,29.58799934387207,29.389999389648438,29.440000534057617,85000,0.0,0.0,0.0
2024-02-13 00:00:00-05:00,29.020000457763672,29.12700080871582,28.815000534057617,29.059999465942383,103100,0.0,0.0,0.0
2024-02-14 00:00:00-05:00,29.18000030517578,29.350000381469727,28.985000610351562,29.350000381469727,75500,0.0,0.0,0.0
2024-02-15 00:00:00-05:00,29.299999237060547,29.459999084472656,29.260000228881836,29.43000030517578,397400,0.0,0.0,0.0
2024-02-16 00:00:00-05:00,29.440000534057617,29.489999771118164,29.246000289916992,29.25,71600,0.0,0.0,0.0
2024-02-20 00:00:00-05:00,29.15999984741211,29.18400001525879,29.020000457763672,29.1200008392334,58900,0.0,0.0,0.0
2024-02-21 00:00:00-05:00,29.059999465942383,29.200000762939453,28.979000091552734,29.200000762939453,152900,0.0,0.0,0.0
2024-02-22 00:00:00-05:00,29.579999923706055,29.878999710083008,29.541000366210938,29.809999465942383,77700,0.0,0.0,0.0
2024-02-23 00:00:00-05:00,29.889999389648438,30.009000778198242,29.81999969482422,29.8700008392334,50500,0.0,0.0,0.0
2024-02-26 00:00:00-05:00,29.8700008392334,29.8700008392334,29.709999084472656,29.709999084472656,346100,0.0,0.0,0.0
2024-02-27 00:00:00-05:00,29.770000457763672,29.81999969482422,29.618000030517578,29.81999969482422,160400,0.0,0.0,0.0
2024-02-28 00:00:00-05:00,29.690000534057617,29.790000915527344,29.670000076293945,29.75,68700,0.0,0.0,0.0
2024-02-29 00:00:00-05:00,29.829999923706055,29.989999771118164,29.684999465942383,29.860000610351562,237400,0.0,0.0,0.0
2024-03-01 00:00:00-05:00,29.90999984741211,30.1200008392334,29.895000457763672,30.049999237060547,64100,0.0,0.0,0.0
2024-03-04 00:00:00-05:00,30.040000915527344,30.149999618530273,29.979999542236328,30.049999237060547,70700,0.0,0.0,0.0
2024-03-05 00:00:00-05:00,29.920000076293945,29.93000030517578,29.6200008392334,29.770000457763672,237000,0.0,0.0,0.0
2024-03-06 00:00:00-05:00,29.940000534057617,30.030000686645508,29.790000915527344,29.899999618530273,104100,0.0,0.0,0.0
2024-03-07 00:00:00-05:00,30.059999465942383,30.239999771118164,30.040000915527344,30.18000030517578,62300,0.0,0.0,0.0
2024-03-08 00:00:00-05:00,30.25,30.440000534057617,30.02899932861328,30.06999969482422,135900,0.0,0.0,0.0
2024-03-11 00:00:00-04:00,30.010000228881836,30.06599998474121,29.860000610351562,30.059999465942383,117100,0.0,0.0,0.0
2024-03-12 00:00:00-04:00,30.149999618530273,30.410999298095703,30.06999969482422,30.31999969482422,96400,0.0,0.0,0.0
2024-03-13 00:00:00-04:00,30.389999389648438,30.459999084472656,30.329999923706055,30.420000076293945,52800,0.0,0.0,0.0
2024-03-14 00:00:00-04:00,30.450000762939453,30.4689998626709,30.190000534057617,30.3700008392334,42300,0.0,0.0,0.0
2024-03-15 00:00:00-04:00,30.1200008392334,30.219999313354492,30.024999618530273,30.139999389648438,77000,0.0,0.0,0.0
2024-03-18 00:00:00-04:00,30.34000015258789,30.459999084472656,30.270000457763672,30.270000457763672,47700,0.0,0.0,0.0
2024-03-19 00:00:00-04:00,30.25,30.517000198364258,30.239999771118164,30.510000228881836,71300,0.0,0.0,0.0
2024-03-20 00:00:00-04:00,30.479999542236328,30.79800033569336,30.43400001525879,30.719999313354492,57100,0.0,0.0,0.0
2024-03-21 00:00:00-04:00,30.93000030517578,30.969999313354492,30.860000610351562,30.860000610351562,85700,0.0,0.0,0.0
2024-03-22 00:00:00-04:00,30.889999389648438,30.899999618530273,30.799999237060547,30.799999237060547,31600,0.0,0.0,0.0
2024-03-25 00:00:00-04:00,30.75,30.84000015258789,30.736000061035156,30.809999465942383,207100,0.0,0.0,0.0
2024-03-26 00:00:00-04:00,30.829999923706055,30.860000610351562,30.68000030517578,30.84000015258789,65400,0.0,0.0,0.0
2024-03-27 00:00:00-04:00,30.8700008392334,30.9689998626709,30.729999542236328,30.90999984741211,74000,0.0,0.0,0.0
2024-03-28 00:00:00-04:00,30.950000762939453,31.05500030517578,30.93000030517578,30.979999542236328,70200,0.0,0.0,0.0
2024-04-01 00:00:00-04:00,31.030000686645508,31.100000381469727,30.850000381469727,30.940000534057617,78600,0.0,0.0,0.0
2024-04-02 00:00:00-04:00,30.729999542236328,30.809999465942383,30.65999984741211,30.790000915527344,71200,0.0,0.0,0.0
2024-04-03 00:00:00-04:00,30.75,30.93899917602539,30.739999771118164,30.84000015258789,60800,0.0,0.0,0.0
2024-04-04 00:00:00-04:00,31.040000915527344,31.09000015258789,30.440000534057617,30.440000534057617,71300,0.0,0.0,0.0
2024-04-05 00:00:00-04:00,30.559999465942383,30.959999084472656,30.503000259399414,30.809999465942383,58900,0.0,0.0,0.0
2024-04-08 00:00:00-04:00,30.8700008392334,30.90999984741211,30.780000686645508,30.81999969482422,32200,0.0,0.0,0.0
2024-04-09 00:00:00-04:00,30.920000076293945,30.920000076293945,30.579999923706055,30.860000610351562,81300,0.0,0.0,0.0
2024-04-10 00:00:00-04:00,30.540000915527344,30.829999923706055,30.469999313354492,30.600000381469727,257900,0.0,0.0,0.0
2024-04-11 00:00:00-04:00,30.65999984741211,30.892000198364258,30.44099998474121,30.850000381469727,65700,0.0,0.0,0.0
2024-04-12 00:00:00-04:00,30.6299991607666,30.68000030517578,30.29199981689453,30.3700008392334,200900,0.0,0.0,0.0
2024-04-15 00:00:00-04:00,30.579999923706055,30.68000030517578,29.969999313354492,30.020000457763672,581200,0.0,0.0,0.0
2024-04-16 00:00:00-04:00,30.049999237060547,30.049999237060547,29.84000015258789,29.920000076293945,70400,0.0,0.0,0.0
2024-04-17 00:00:00-04:00,30.040000915527344,30.06999969482422,29.660999298095703,29.709999084472656,167800,0.0,0.0,0.0
2024-04-18 00:00:00-04:00,29.8700008392334,29.950000762939453,29.65999984741211,29.729999542236328,107900,0.0,0.0,0.0
2024-04-19 00:00:00-04:00,29.690000534057617,29.729999542236328,29.4060001373291,29.479999542236328,88300,0.0,0.0,0.0
2024-04-22 00:00:00-04:00,29.6299991607666,29.979000091552734,29.549999237060547,29.799999237060547,70200,0.0,0.0,0.0
2024-04-23 00:00:00-04:00,29.90999984741211,30.190000534057617,29.889999389648438,30.110000610351562,85000,0.0,0.0,0.0
2024-04-24 00:00:00-04:00,30.190000534057617,30.239999771118164,29.969999313354492,30.1200008392334,102200,0.0,0.0,0.0
2024-04-25 00:00:00-04:00,29.600000381469727,29.905000686645508,29.520000457763672,29.889999389648438,72500,0.0,0.0,0.0
2024-04-26 00:00:00-04:00,30.149999618530273,30.299999237060547,30.104999542236328,30.209999084472656,134600,0.0,0.0,0.0
2024-04-29 00:00:00-04:00,30.280000686645508,30.309999465942383,30.100000381469727,30.270000457763672,116600,0.0,0.0,0.0
2024-04-30 00:00:00-04:00,30.15999984741211,30.19300079345703,29.700000762939453,29.739999771118164,58200,0.0,0.0,0.0
2024-05-01 00:00:00-04:00,29.809999465942383,30.18000030517578,29.709999084472656,29.780000686645508,1807900,0.0,0.0,0.0
2024-05-02 00:00:00-04:00,29.989999771118164,30.106000900268555,29.729999542236328,30.06999969482422,117600,0.0,0.0,0.0
2024-05-03 00:00:00-04:00,30.459999084472656,30.549999237060547,30.315000534057617,30.440000534057617,266700,0.0,0.0,0.0
2024-05-06 00:00:00-04:00,30.56999969482422,30.790000915527344,30.53700065612793,30.790000915527344,96100,0.0,0.0,0.0
2024-05-07 00:00:00-04:00,30.770000457763672,30.8700008392334,30.700000762939453,30.760000228881836,277300,0.0,0.0,0.0
2024-05-08 00:00:00-04:00,30.65999984741211,30.829999923706055,30.65999984741211,30.829999923706055,132000,0.0,0.0,0.0
2024-05-09 00:00:00-04:00,30.799999237060547,31.020000457763672,30.770000457763672,31.020000457763672,140900,0.0,0.0,0.0
2024-05-10 00:00:00-04:00,31.059999465942383,31.1200008392334,30.93000030517578,31.100000381469727,72700,0.0,0.0,0.0
2024-05-13 00:00:00-04:00,31.100000381469727,31.100000381469727,30.950000762939453,31.010000228881836,125700,0.0,0.0,0.0
2024-05-14 00:00:00-04:00,31.020000457763672,31.200000762939453,30.972999572753906,31.139999389648438,235400,0.0,0.0,0.0
2024-05-15 00:00:00-04:00,31.290000915527344,31.50200080871582,31.259000778198242,31.5,102500,0.0,0.0,0.0
2024-05-16 00:00:00-04:00,31.489999771118164,31.569000244140625,31.360000610351562,31.399999618530273,98800,0.0,0.0,0.0
2024-05-17 00:00:00-04:00,31.399999618530273,31.440000534057617,31.309999465942383,31.440000534057617,80400,0.0,0.0,0.0
2024-05-20 00:00:00-04:00,31.43000030517578,31.559999465942383,31.389999389648438,31.43000030517578,106100,0.0,0.0,0.0
2024-05-21 00:00:00-04:00,31.3700008392334,31.5,31.358999252319336,31.5,683600,0.0,0.0,0.0
2024-05-22 00:00:00-04:00,31.450000762939453,31.496999740600586,31.260000228881836,31.350000381469727,253400,0.0,0.0,0.0
2024-05-23 00:00:00-04:00,31.559999465942383,31.559999465942383,31.1200008392334,31.219999313354492,149300,0.0,0.0,0.0
2024-05-24 00:00:00-04:00,31.290000915527344,31.479999542236328,31.225000381469727,31.399999618530273,209700,0.0,0.0,0.0
2024-05-28 00:00:00-04:00,31.440000534057617,31.440000534057617,31.219999313354492,31.360000610351562,166000,0.0,0.0,0.0
2024-05-29 00:00:00-04:00,31.139999389648438,31.260000228881836,31.1200008392334,31.200000762939453,138700,0.0,0.0,0.0
2024-05-30 00:00:00-04:00,31.059999465942383,31.09000015258789,30.829999923706055,30.989999771118164,1489400,0.0,0.0,0.0
2024-05-31 00:00:00-04:00,31.0,31.200000762939453,30.68000030517578,31.200000762939453,101800,0.0,0.0,0.0
2024-06-03 00:00:00-04:00,31.270000457763672,31.375999450683594,30.90999984741211,31.290000915527344,342700,0.0,0.0,0.0
2024-06-04 00:00:00-04:00,31.149999618530273,31.270000457763672,31.03700065612793,31.229999542236328,110100,0.0,0.0,0.0
2024-06-05 00:00:00-04:00,31.360000610351562,31.56999969482422,31.25,31.549999237060547,247300,0.0,0.0,0.0
2024-06-06 00:00:00-04:00,31.56999969482422,31.63599967956543,31.44700050354004,31.59000015258789,405600,0.0,0.0,0.0
2024-06-07 00:00:00-04:00,31.520000457763672,31.709999084472656,31.399999618530273,31.56999969482422,272400,0.0,0.0,0.0
2024-06-10 00:00:00-04:00,31.510000228881836,31.690000534057617,31.437000274658203,31.65999984741211,106100,0.0,0.0,0.0
2024-06-11 00:00:00-04:00,31.559999465942383,31.770000457763672,31.440000534057617,31.770000457763672,77500,0.0,0.0,0.0
2024-06-12 00:00:00-04:00,32.04999923706055,32.15299987792969,31.92300033569336,31.989999771118164,117700,0.0,0.0,0.0
2024-06-13 00:00:00-04:00,32.02000045776367,32.02000045776367,31.760000228881836,31.959999084472656,551000,0.0,0.0,0.0
2024-06-14 00:00:00-04:00,31.829999923706055,31.950000762939453,31.76300048828125,31.950000762939453,192200,0.0,0.0,0.0
2024-06-17 00:00:00-04:00,31.8799991607666,32.220001220703125,31.829999923706055,32.189998626708984,139900,0.0,0.0,0.0
2024-06-18 00:00:00-04:00,32.150001525878906,32.25,32.119998931884766,32.25,195600,0.0,0.0,0.0
2024-06-20 00:00:00-04:00,32.209999084472656,32.279998779296875,32.06999969482422,32.130001068115234,494700,0.0,0.0,0.0
2024-06-21 00:00:00-04:00,32.29999923706055,32.29999923706055,32.06999969482422,32.189998626708984,116600,0.0,0.0,0.0
2024-06-24 00:00:00-04:00,32.220001220703125,32.380001068115234,32.119998931884766,32.150001525878906,307300,0.0,0.0,0.0
2024-06-25 00:00:00-04:00,32.209999084472656,32.279998779296875,32.119998931884766,32.279998779296875,241100,0.0,0.0,0.0
2024-06-26 00:00:00-04:00,32.16999816894531,32.34000015258789,32.150001525878906,32.25,148900,0.0,0.0,0.0
2024-06-27 00:00:00-04:00,32.310001373291016,32.439998626708984,32.279998779296875,32.439998626708984,160900,0.0,0.0,0.0
2024-06-28 00:00:00-04:00,32.470001220703125,32.630001068115234,32.20000076293945,32.27000045776367,168300,0.0,0.0,0.0
2024-07-01 00:00:00-04:00,32.31999969482422,32.36000061035156,32.13999938964844,32.33000183105469,109100,0.0,0.0,0.0
2024-07-02 00:00:00-04:00,32.20000076293945,32.4900016784668,32.185001373291016,32.470001220703125,539700,0.0,0.0,0.0
2024-07-03 00:00:00-04:00,32.439998626708984,32.619998931884766,32.41999816894531,32.619998931884766,728600,0.0,0.0,0.0
2024-07-05 00:00:00-04:00,32.59000015258789,32.81999969482422,32.56999969482422,32.81999969482422,408000,0.0,0.0,0.0
2024-07-08 00:00:00-04:00,32.810001373291016,32.86000061035156,32.67900085449219,32.709999084472656,714400,0.0,0.0,0.0
2024-07-09 00:00:00-04:00,32.83000183105469,32.900001525878906,32.790000915527344,32.849998474121094,161000,0.0,0.0,0.0
2024-07-10 00:00:00-04:00,32.90999984741211,33.150001525878906,32.847999572753906,33.150001525878906,82000,0.0,0.0,0.0
2024-07-11 00:00:00-04:00,33.150001525878906,33.19900131225586,32.77000045776367,32.93000030517578,229400,0.0,0.0,0.0
2024-07-12 00:00:00-04:00,32.90999984741211,33.23400115966797,32.88999938964844,32.97999954223633,218400,0.0,0.0,0.0
2024-07-15 00:00:00-04:00,33.18000030517578,33.34000015258789,33.040000915527344,33.150001525878906,142300,0.0,0.0,0.0
2024-07-16 00:00:00-04:00,33.22999954223633,33.40999984741211,33.17900085449219,33.40999984741211,175500,0.0,0.0,0.0
2024-07-17 00:00:00-04:00,33.04999923706055,33.15999984741211,32.88800048828125,32.9900016784668,162000,0.0,0.0,0.0
2024-07-18 00:00:00-04:00,33.06999969482422,33.11199951171875,32.58000183105469,32.79999923706055,277100,0.0,0.0,0.0
2024-07-19 00:00:00-04:00,32.63999938964844,32.779998779296875,32.45000076293945,32.540000915527344,79000,0.0,0.0,0.0
