Date,Open,High,Low,Close,Volume,Dividends,Stock Splits
1986-07-08 00:00:00-04:00,0.0,4.400000095367432,4.133333206176758,4.133333206176758,132938,0.0,0.0
1986-07-09 00:00:00-04:00,0.0,4.533332824707031,4.266666889190674,4.266666889190674,45750,0.0,0.0
1986-07-10 00:00:00-04:00,0.0,4.800000190734863,4.533332824707031,4.533332824707031,34500,0.0,0.0
1986-07-11 00:00:00-04:00,0.0,5.733333110809326,5.466667175292969,5.466667175292969,94125,0.0,0.0
1986-07-14 00:00:00-04:00,0.0,5.599999904632568,5.3333330154418945,5.3333330154418945,79688,0.0,0.0
1986-07-15 00:00:00-04:00,0.0,5.3333330154418945,5.066667079925537,5.066667079925537,25125,0.0,0.0
1986-07-16 00:00:00-04:00,0.0,5.599999904632568,5.066667079925537,5.066667079925537,15750,0.0,0.0
1986-07-17 00:00:00-04:00,0.0,5.066667079925537,4.800000190734863,4.800000190734863,25313,0.0,0.0
1986-07-18 00:00:00-04:00,0.0,4.533332824707031,4.266666889190674,4.266666889190674,48375,0.0,0.0
1986-07-21 00:00:00-04:00,0.0,4.6666669845581055,4.266666889190674,4.266666889190674,7875,0.0,0.0
1986-07-22 00:00:00-04:00,0.0,4.6666669845581055,4.266666889190674,4.266666889190674,24188,0.0,0.0
1986-07-23 00:00:00-04:00,0.0,4.933332920074463,4.533332824707031,4.533332824707031,36938,0.0,0.0
1986-07-24 00:00:00-04:00,0.0,4.933332920074463,4.533332824707031,4.533332824707031,11063,0.0,0.0
1986-07-25 00:00:00-04:00,0.0,4.933332920074463,4.533332824707031,4.533332824707031,7125,0.0,0.0
1986-07-28 00:00:00-04:00,0.0,4.933332920074463,4.533332824707031,4.533332824707031,16125,0.0,0.0
1986-07-29 00:00:00-04:00,0.0,4.6666669845581055,4.266666889190674,4.266666889190674,12938,0.0,0.0
1986-07-30 00:00:00-04:00,0.0,4.6666669845581055,4.266666889190674,4.266666889190674,10313,0.0,0.0
1986-07-31 00:00:00-04:00,0.0,4.400000095367432,4.0,4.0,13875,0.0,0.0
1986-08-01 00:00:00-04:00,0.0,4.133333206176758,3.5999999046325684,3.5999999046325684,17250,0.0,0.0
1986-08-04 00:00:00-04:00,0.0,4.133333206176758,3.5999999046325684,3.5999999046325684,6188,0.0,0.0
1986-08-05 00:00:00-04:00,0.0,4.133333206176758,3.733333110809326,3.733333110809326,6563,0.0,0.0
1986-08-06 00:00:00-04:00,0.0,4.133333206176758,3.733333110809326,3.733333110809326,1875,0.0,0.0
1986-08-07 00:00:00-04:00,0.0,4.0,3.733333110809326,3.733333110809326,1313,0.0,0.0
1986-08-08 00:00:00-04:00,0.0,4.0,3.733333110809326,3.733333110809326,1125,0.0,0.0
1986-08-11 00:00:00-04:00,0.0,4.0,3.5999999046325684,3.5999999046325684,3750,0.0,0.0
1986-08-12 00:00:00-04:00,0.0,3.5999999046325684,3.200000047683716,3.200000047683716,17438,0.0,0.0
1986-08-13 00:00:00-04:00,0.0,3.4666669368743896,3.200000047683716,3.200000047683716,1313,0.0,0.0
1986-08-14 00:00:00-04:00,0.0,3.4666669368743896,3.200000047683716,3.200000047683716,1500,0.0,0.0
1986-08-15 00:00:00-04:00,0.0,3.3333330154418945,3.200000047683716,3.200000047683716,6000,0.0,0.0
1986-08-18 00:00:00-04:00,0.0,3.3333330154418945,3.200000047683716,3.200000047683716,2438,0.0,0.0
1986-08-19 00:00:00-04:00,0.0,3.3333330154418945,3.200000047683716,3.200000047683716,5813,0.0,0.0
1986-08-20 00:00:00-04:00,0.0,3.3333330154418945,3.200000047683716,3.200000047683716,7125,0.0,0.0
1986-08-21 00:00:00-04:00,0.0,3.3333330154418945,3.1333329677581787,3.1333329677581787,8063,0.0,0.0
1986-08-22 00:00:00-04:00,0.0,3.3333330154418945,3.066667079925537,3.066667079925537,6563,0.0,0.0
1986-08-25 00:00:00-04:00,0.0,3.200000047683716,3.0,3.0,10875,0.0,0.0
1986-08-26 00:00:00-04:00,0.0,3.200000047683716,2.799999952316284,2.799999952316284,9563,0.0,0.0
1986-08-27 00:00:00-04:00,0.0,3.066667079925537,2.6666669845581055,2.6666669845581055,21375,0.0,0.0
1986-08-28 00:00:00-04:00,0.0,3.3333330154418945,3.0,3.0,32813,0.0,0.0
1986-08-29 00:00:00-04:00,0.0,3.733333110809326,3.3333330154418945,3.3333330154418945,15000,0.0,0.0
1986-09-02 00:00:00-04:00,0.0,3.8666670322418213,3.4666669368743896,3.4666669368743896,11063,0.0,0.0
1986-09-03 00:00:00-04:00,0.0,3.5999999046325684,3.200000047683716,3.200000047683716,12938,0.0,0.0
1986-09-04 00:00:00-04:00,0.0,3.4666669368743896,3.200000047683716,3.200000047683716,15938,0.0,0.0
1986-09-05 00:00:00-04:00,0.0,3.4666669368743896,3.066667079925537,3.066667079925537,14250,0.0,0.0
1986-09-08 00:00:00-04:00,0.0,3.4666669368743896,3.0,3.0,2625,0.0,0.0
1986-09-09 00:00:00-04:00,0.0,3.3333330154418945,2.933332920074463,2.933332920074463,4500,0.0,0.0
1986-09-10 00:00:00-04:00,0.0,3.4666669368743896,3.0,3.0,8813,0.0,0.0
1986-09-11 00:00:00-04:00,0.0,3.4666669368743896,2.933332920074463,2.933332920074463,11438,0.0,0.0
1986-09-12 00:00:00-04:00,0.0,3.066667079925537,2.6666669845581055,2.6666669845581055,15375,0.0,0.0
1986-09-15 00:00:00-04:00,0.0,3.066667079925537,2.799999952316284,2.799999952316284,5813,0.0,0.0
1986-09-16 00:00:00-04:00,0.0,3.200000047683716,2.933332920074463,2.933332920074463,16500,0.0,0.0
1986-09-17 00:00:00-04:00,0.0,3.200000047683716,2.933332920074463,2.933332920074463,7688,0.0,0.0
1986-09-18 00:00:00-04:00,0.0,3.200000047683716,2.799999952316284,2.799999952316284,13125,0.0,0.0
1986-09-19 00:00:00-04:00,0.0,3.3333330154418945,2.933332920074463,2.933332920074463,13500,0.0,0.0
1986-09-22 00:00:00-04:00,0.0,3.3333330154418945,2.933332920074463,2.933332920074463,8438,0.0,0.0
1986-09-23 00:00:00-04:00,0.0,3.4666669368743896,3.066667079925537,3.066667079925537,5813,0.0,0.0
1986-09-24 00:00:00-04:00,0.0,3.5999999046325684,3.066667079925537,3.066667079925537,3188,0.0,0.0
1986-09-25 00:00:00-04:00,0.0,3.5999999046325684,3.200000047683716,3.200000047683716,9000,0.0,0.0
1986-09-26 00:00:00-04:00,0.0,3.5999999046325684,3.200000047683716,3.200000047683716,4688,0.0,0.0
1986-09-29 00:00:00-04:00,0.0,4.0,3.4666669368743896,3.4666669368743896,8250,0.0,0.0
1986-09-30 00:00:00-04:00,0.0,4.400000095367432,4.0,4.0,19875,0.0,0.0
1986-10-01 00:00:00-04:00,0.0,4.400000095367432,4.0,4.0,3563,0.0,0.0
1986-10-02 00:00:00-04:00,0.0,4.266666889190674,3.8666670322418213,3.8666670322418213,11438,0.0,0.0
1986-10-03 00:00:00-04:00,0.0,4.133333206176758,3.733333110809326,3.733333110809326,2438,0.0,0.0
1986-10-06 00:00:00-04:00,0.0,4.0,3.5999999046325684,3.5999999046325684,11438,0.0,0.0
1986-10-07 00:00:00-04:00,0.0,4.0,3.733333110809326,3.733333110809326,6000,0.0,0.0
1986-10-08 00:00:00-04:00,0.0,4.0,3.733333110809326,3.733333110809326,6000,0.0,0.0
1986-10-09 00:00:00-04:00,0.0,4.0,3.733333110809326,3.733333110809326,1875,0.0,0.0
1986-10-10 00:00:00-04:00,0.0,4.0,3.733333110809326,3.733333110809326,1875,0.0,0.0
1986-10-13 00:00:00-04:00,3.733333110809326,3.733333110809326,3.733333110809326,3.733333110809326,0,0.0,0.0
1986-10-14 00:00:00-04:00,0.0,4.0,3.733333110809326,3.733333110809326,3750,0.0,0.0
1986-10-15 00:00:00-04:00,0.0,4.0,3.733333110809326,3.733333110809326,4313,0.0,0.0
1986-10-16 00:00:00-04:00,0.0,4.0,3.733333110809326,3.733333110809326,4313,0.0,0.0
1986-10-17 00:00:00-04:00,0.0,4.0,3.733333110809326,3.733333110809326,8250,0.0,0.0
1986-10-20 00:00:00-04:00,0.0,4.0,3.4666669368743896,3.4666669368743896,10500,0.0,0.0
1986-10-21 00:00:00-04:00,0.0,4.0,3.4666669368743896,3.4666669368743896,750,0.0,0.0
1986-10-22 00:00:00-04:00,0.0,4.0,3.5999999046325684,3.5999999046325684,4313,0.0,0.0
1986-10-23 00:00:00-04:00,0.0,4.0,3.5999999046325684,3.5999999046325684,1688,0.0,0.0
1986-10-24 00:00:00-04:00,0.0,4.0,3.5999999046325684,3.5999999046325684,3750,0.0,0.0
1986-10-27 00:00:00-05:00,0.0,4.0,3.5999999046325684,3.5999999046325684,2625,0.0,0.0
1986-10-28 00:00:00-05:00,0.0,3.8666670322418213,3.5999999046325684,3.5999999046325684,14063,0.0,0.0
1986-10-29 00:00:00-05:00,0.0,3.733333110809326,3.4666669368743896,3.4666669368743896,8063,0.0,0.0
1986-10-30 00:00:00-05:00,0.0,3.200000047683716,3.066667079925537,3.066667079925537,15375,0.0,0.0
1986-10-31 00:00:00-05:00,0.0,3.200000047683716,2.933332920074463,2.933332920074463,18750,0.0,0.0
1986-11-03 00:00:00-05:00,0.0,3.200000047683716,2.933332920074463,2.933332920074463,3750,0.0,0.0
1986-11-04 00:00:00-05:00,0.0,3.200000047683716,2.933332920074463,2.933332920074463,1875,0.0,0.0
1986-11-05 00:00:00-05:00,0.0,3.066667079925537,2.799999952316284,2.799999952316284,8250,0.0,0.0
1986-11-06 00:00:00-05:00,2.799999952316284,2.799999952316284,2.799999952316284,2.799999952316284,0,0.0,0.0
1986-11-07 00:00:00-05:00,2.799999952316284,2.799999952316284,2.799999952316284,2.799999952316284,0,0.0,0.0
1986-11-10 00:00:00-05:00,0.0,3.066667079925537,2.799999952316284,2.799999952316284,7688,0.0,0.0
1986-11-11 00:00:00-05:00,0.0,3.066667079925537,2.799999952316284,2.799999952316284,375,0.0,0.0
1986-11-12 00:00:00-05:00,0.0,3.066667079925537,2.799999952316284,2.799999952316284,13125,0.0,0.0
1986-11-13 00:00:00-05:00,0.0,3.066667079925537,2.799999952316284,2.799999952316284,3375,0.0,0.0
1986-11-14 00:00:00-05:00,0.0,3.066667079925537,2.799999952316284,2.799999952316284,1313,0.0,0.0
1986-11-17 00:00:00-05:00,0.0,3.066667079925537,2.799999952316284,2.799999952316284,6000,0.0,0.0
1986-11-18 00:00:00-05:00,0.0,3.066667079925537,2.799999952316284,2.799999952316284,0,0.0,0.0
1986-11-19 00:00:00-05:00,0.0,3.066667079925537,2.799999952316284,2.799999952316284,2250,0.0,0.0
1986-11-20 00:00:00-05:00,0.0,3.066667079925537,2.799999952316284,2.799999952316284,2813,0.0,0.0
1986-11-21 00:00:00-05:00,0.0,3.066667079925537,2.799999952316284,2.799999952316284,1500,0.0,0.0
1986-11-24 00:00:00-05:00,0.0,3.066667079925537,2.799999952316284,2.799999952316284,3938,0.0,0.0
1986-11-25 00:00:00-05:00,0.0,3.066667079925537,2.799999952316284,2.799999952316284,188,0.0,0.0
1986-11-26 00:00:00-05:00,0.0,3.066667079925537,2.6666669845581055,2.6666669845581055,6938,0.0,0.0
1986-11-28 00:00:00-05:00,0.0,3.066667079925537,2.6666669845581055,2.6666669845581055,3188,0.0,0.0
1986-12-01 00:00:00-05:00,2.6666669845581055,2.6666669845581055,2.6666669845581055,2.6666669845581055,0,0.0,0.0
1986-12-02 00:00:00-05:00,0.0,3.066667079925537,2.799999952316284,2.799999952316284,6750,0.0,0.0
1986-12-03 00:00:00-05:00,0.0,2.933332920074463,2.6666669845581055,2.6666669845581055,12563,0.0,0.0
1986-12-04 00:00:00-05:00,0.0,2.933332920074463,2.6666669845581055,2.6666669845581055,8250,0.0,0.0
1986-12-05 00:00:00-05:00,0.0,2.933332920074463,2.6666669845581055,2.6666669845581055,1688,0.0,0.0
1986-12-08 00:00:00-05:00,0.0,2.933332920074463,2.6666669845581055,2.6666669845581055,6563,0.0,0.0
1986-12-09 00:00:00-05:00,0.0,2.933332920074463,2.6666669845581055,2.6666669845581055,375,0.0,0.0
1986-12-10 00:00:00-05:00,0.0,2.933332920074463,2.6666669845581055,2.6666669845581055,3188,0.0,0.0
1986-12-11 00:00:00-05:00,0.0,2.933332920074463,2.6666669845581055,2.6666669845581055,5625,0.0,0.0
1986-12-12 00:00:00-05:00,0.0,2.933332920074463,2.6666669845581055,2.6666669845581055,2438,0.0,0.0
1986-12-15 00:00:00-05:00,0.0,2.933332920074463,2.6666669845581055,2.6666669845581055,3563,0.0,0.0
1986-12-16 00:00:00-05:00,0.0,2.799999952316284,2.5333330631256104,2.5333330631256104,3938,0.0,0.0
1986-12-17 00:00:00-05:00,0.0,2.799999952316284,2.5333330631256104,2.5333330631256104,188,0.0,0.0
1986-12-18 00:00:00-05:00,0.0,2.933332920074463,2.6666669845581055,2.6666669845581055,14438,0.0,0.0
1986-12-19 00:00:00-05:00,0.0,2.799999952316284,2.6666669845581055,2.6666669845581055,9000,0.0,0.0
1986-12-22 00:00:00-05:00,0.0,2.933332920074463,2.6666669845581055,2.6666669845581055,3938,0.0,0.0
1986-12-23 00:00:00-05:00,0.0,2.933332920074463,2.6666669845581055,2.6666669845581055,1875,0.0,0.0
1986-12-24 00:00:00-05:00,2.6666669845581055,2.6666669845581055,2.6666669845581055,2.6666669845581055,0,0.0,0.0
1986-12-26 00:00:00-05:00,0.0,2.933332920074463,2.6666669845581055,2.6666669845581055,9375,0.0,0.0
1986-12-29 00:00:00-05:00,0.0,2.799999952316284,2.5333330631256104,2.5333330631256104,5625,0.0,0.0
1986-12-30 00:00:00-05:00,0.0,2.799999952316284,2.5333330631256104,2.5333330631256104,5625,0.0,0.0
1986-12-31 00:00:00-05:00,0.0,4.0,3.5999999046325684,3.5999999046325684,53625,0.0,0.0
1987-01-02 00:00:00-05:00,0.0,4.400000095367432,4.0,4.0,31125,0.0,0.0
1987-01-05 00:00:00-05:00,0.0,4.400000095367432,4.0,4.0,14625,0.0,0.0
1987-01-06 00:00:00-05:00,0.0,4.533332824707031,4.133333206176758,4.133333206176758,11063,0.0,0.0
1987-01-07 00:00:00-05:00,0.0,4.800000190734863,4.533332824707031,4.533332824707031,18750,0.0,0.0
1987-01-08 00:00:00-05:00,0.0,5.3333330154418945,5.199999809265137,5.199999809265137,40500,0.0,0.0
1987-01-09 00:00:00-05:00,0.0,5.199999809265137,4.800000190734863,4.800000190734863,9750,0.0,0.0
1987-01-12 00:00:00-05:00,0.0,5.3333330154418945,4.933332920074463,4.933332920074463,6375,0.0,0.0
1987-01-13 00:00:00-05:00,0.0,5.733333110809326,5.3333330154418945,5.3333330154418945,40875,0.0,0.0
1987-01-14 00:00:00-05:00,0.0,6.133333206176758,5.599999904632568,5.599999904632568,57188,0.0,0.0
1987-01-15 00:00:00-05:00,0.0,6.0,5.599999904632568,5.599999904632568,28313,0.0,0.0
1987-01-16 00:00:00-05:00,0.0,5.866666793823242,5.466667175292969,5.466667175292969,27750,0.0,0.0
1987-01-19 00:00:00-05:00,0.0,5.733333110809326,5.466667175292969,5.466667175292969,18000,0.0,0.0
1987-01-20 00:00:00-05:00,0.0,5.866666793823242,5.599999904632568,5.599999904632568,15375,0.0,0.0
1987-01-21 00:00:00-05:00,0.0,4.933332920074463,4.533332824707031,4.533332824707031,107625,0.0,0.0
1987-01-22 00:00:00-05:00,0.0,5.066667079925537,4.6666669845581055,4.6666669845581055,16313,0.0,0.0
1987-01-23 00:00:00-05:00,0.0,4.933332920074463,4.533332824707031,4.533332824707031,18750,0.0,0.0
1987-01-26 00:00:00-05:00,0.0,4.6666669845581055,4.400000095367432,4.400000095367432,5438,0.0,0.0
1987-01-27 00:00:00-05:00,0.0,4.6666669845581055,4.400000095367432,4.400000095367432,2813,0.0,0.0
1987-01-28 00:00:00-05:00,0.0,4.800000190734863,4.400000095367432,4.400000095367432,1313,0.0,0.0
1987-01-29 00:00:00-05:00,0.0,4.6666669845581055,4.400000095367432,4.400000095367432,4313,0.0,0.0
1987-01-30 00:00:00-05:00,0.0,4.6666669845581055,4.400000095367432,4.400000095367432,4875,0.0,0.0
1987-02-02 00:00:00-05:00,0.0,4.6666669845581055,4.400000095367432,4.400000095367432,7688,0.0,0.0
1987-02-03 00:00:00-05:00,0.0,4.800000190734863,4.533332824707031,4.533332824707031,9188,0.0,0.0
1987-02-04 00:00:00-05:00,0.0,4.800000190734863,4.533332824707031,4.533332824707031,7125,0.0,0.0
1987-02-05 00:00:00-05:00,0.0,5.066667079925537,4.6666669845581055,4.6666669845581055,7500,0.0,0.0
1987-02-06 00:00:00-05:00,0.0,5.066667079925537,4.6666669845581055,4.6666669845581055,3750,0.0,0.0
1987-02-09 00:00:00-05:00,0.0,4.933332920074463,4.6666669845581055,4.6666669845581055,9188,0.0,0.0
1987-02-10 00:00:00-05:00,0.0,5.066667079925537,4.800000190734863,4.800000190734863,13313,0.0,0.0
1987-02-11 00:00:00-05:00,0.0,5.199999809265137,4.800000190734863,4.800000190734863,9563,0.0,0.0
1987-02-12 00:00:00-05:00,0.0,5.599999904632568,5.3333330154418945,5.3333330154418945,23063,0.0,0.0
1987-02-13 00:00:00-05:00,0.0,5.733333110809326,5.466667175292969,5.466667175292969,11813,0.0,0.0
1987-02-17 00:00:00-05:00,0.0,5.733333110809326,5.466667175292969,5.466667175292969,4125,0.0,0.0
1987-02-18 00:00:00-05:00,0.0,5.466667175292969,5.066667079925537,5.066667079925537,15000,0.0,0.0
1987-02-19 00:00:00-05:00,0.0,5.199999809265137,4.800000190734863,4.800000190734863,9375,0.0,0.0
1987-02-20 00:00:00-05:00,0.0,5.066667079925537,4.6666669845581055,4.6666669845581055,5625,0.0,0.0
1987-02-23 00:00:00-05:00,0.0,5.066667079925537,4.6666669845581055,4.6666669845581055,3188,0.0,0.0
1987-02-24 00:00:00-05:00,0.0,5.066667079925537,4.800000190734863,4.800000190734863,563,0.0,0.0
1987-02-25 00:00:00-05:00,0.0,5.066667079925537,4.6666669845581055,4.6666669845581055,7688,0.0,0.0
1987-02-26 00:00:00-05:00,0.0,5.066667079925537,4.6666669845581055,4.6666669845581055,0,0.0,0.0
1987-02-27 00:00:00-05:00,0.0,5.066667079925537,4.6666669845581055,4.6666669845581055,2813,0.0,0.0
1987-03-02 00:00:00-05:00,0.0,4.800000190734863,4.400000095367432,4.400000095367432,11438,0.0,0.0
1987-03-03 00:00:00-05:00,0.0,4.533332824707031,4.266666889190674,4.266666889190674,11063,0.0,0.0
1987-03-04 00:00:00-05:00,0.0,4.533332824707031,4.266666889190674,4.266666889190674,6000,0.0,0.0
1987-03-05 00:00:00-05:00,0.0,4.533332824707031,4.266666889190674,4.266666889190674,3938,0.0,0.0
1987-03-06 00:00:00-05:00,0.0,4.533332824707031,4.266666889190674,4.266666889190674,3000,0.0,0.0
1987-03-09 00:00:00-05:00,0.0,4.533332824707031,4.266666889190674,4.266666889190674,11438,0.0,0.0
1987-03-10 00:00:00-05:00,0.0,4.533332824707031,4.266666889190674,4.266666889190674,3000,0.0,0.0
1987-03-11 00:00:00-05:00,0.0,4.400000095367432,4.266666889190674,4.266666889190674,2438,0.0,0.0
1987-03-12 00:00:00-05:00,0.0,4.266666889190674,4.0,4.0,10875,0.0,0.0
1987-03-13 00:00:00-05:00,0.0,4.133333206176758,3.8666670322418213,3.8666670322418213,3938,0.0,0.0
1987-03-16 00:00:00-05:00,0.0,4.266666889190674,4.0,4.0,9563,0.0,0.0
1987-03-17 00:00:00-05:00,0.0,4.266666889190674,4.0,4.0,2438,0.0,0.0
1987-03-18 00:00:00-05:00,4.0,4.0,4.0,4.0,0,0.0,0.0
1987-03-19 00:00:00-05:00,0.0,4.6666669845581055,4.400000095367432,4.400000095367432,3750,0.0,0.0
1987-03-20 00:00:00-05:00,0.0,4.6666669845581055,4.400000095367432,4.400000095367432,3188,0.0,0.0
1987-03-23 00:00:00-05:00,0.0,4.6666669845581055,4.400000095367432,4.400000095367432,1500,0.0,0.0
1987-03-24 00:00:00-05:00,0.0,4.6666669845581055,4.266666889190674,4.266666889190674,4688,0.0,0.0
1987-03-25 00:00:00-05:00,0.0,4.6666669845581055,4.266666889190674,4.266666889190674,2438,0.0,0.0
1987-03-26 00:00:00-05:00,0.0,4.800000190734863,4.400000095367432,4.400000095367432,6938,0.0,0.0
1987-03-27 00:00:00-05:00,0.0,4.800000190734863,4.533332824707031,4.533332824707031,1875,0.0,0.0
1987-03-30 00:00:00-05:00,0.0,4.800000190734863,4.400000095367432,4.400000095367432,2250,0.0,0.0
1987-03-31 00:00:00-05:00,4.400000095367432,4.400000095367432,4.400000095367432,4.400000095367432,0,0.0,0.0
1987-04-01 00:00:00-05:00,0.0,4.6666669845581055,4.266666889190674,4.266666889190674,14063,0.0,0.0
1987-04-02 00:00:00-05:00,0.0,4.0,3.5999999046325684,3.5999999046325684,14438,0.0,0.0
1987-04-03 00:00:00-05:00,0.0,4.0,3.733333110809326,3.733333110809326,27938,0.0,0.0
1987-04-06 00:00:00-04:00,0.0,4.0,3.733333110809326,3.733333110809326,2063,0.0,0.0
1987-04-07 00:00:00-04:00,0.0,4.0,3.733333110809326,3.733333110809326,1875,0.0,0.0
1987-04-08 00:00:00-04:00,0.0,4.133333206176758,3.733333110809326,3.733333110809326,2250,0.0,0.0
1987-04-09 00:00:00-04:00,0.0,4.133333206176758,3.733333110809326,3.733333110809326,2813,0.0,0.0
1987-04-10 00:00:00-04:00,0.0,4.133333206176758,3.733333110809326,3.733333110809326,2250,0.0,0.0
1987-04-13 00:00:00-04:00,0.0,3.8666670322418213,3.5999999046325684,3.5999999046325684,5813,0.0,0.0
1987-04-14 00:00:00-04:00,0.0,3.8666670322418213,3.4666669368743896,3.4666669368743896,12000,0.0,0.0
1987-04-15 00:00:00-04:00,0.0,3.8666670322418213,3.4666669368743896,3.4666669368743896,938,0.0,0.0
1987-04-16 00:00:00-04:00,0.0,3.8666670322418213,3.4666669368743896,3.4666669368743896,4313,0.0,0.0
1987-04-20 00:00:00-04:00,0.0,3.8666670322418213,3.4666669368743896,3.4666669368743896,7500,0.0,0.0
1987-04-21 00:00:00-04:00,0.0,3.733333110809326,3.3333330154418945,3.3333330154418945,6938,0.0,0.0
1987-04-22 00:00:00-04:00,0.0,3.733333110809326,3.3333330154418945,3.3333330154418945,3938,0.0,0.0
1987-04-23 00:00:00-04:00,0.0,3.733333110809326,3.3333330154418945,3.3333330154418945,4313,0.0,0.0
1987-04-24 00:00:00-04:00,0.0,3.733333110809326,3.3333330154418945,3.3333330154418945,3188,0.0,0.0
1987-04-27 00:00:00-04:00,0.0,3.4666669368743896,3.200000047683716,3.200000047683716,10875,0.0,0.0
1987-04-28 00:00:00-04:00,0.0,3.5999999046325684,3.200000047683716,3.200000047683716,7313,0.0,0.0
1987-04-29 00:00:00-04:00,0.0,3.4666669368743896,3.3333330154418945,3.3333330154418945,6000,0.0,0.0
1987-04-30 00:00:00-04:00,0.0,3.4666669368743896,3.200000047683716,3.200000047683716,3188,0.0,0.0
1987-05-01 00:00:00-04:00,0.0,3.4666669368743896,3.066667079925537,3.066667079925537,8813,0.0,0.0
1987-05-04 00:00:00-04:00,0.0,3.4666669368743896,3.200000047683716,3.200000047683716,14813,0.0,0.0
1987-05-05 00:00:00-04:00,0.0,3.4666669368743896,3.200000047683716,3.200000047683716,8813,0.0,0.0
1987-05-06 00:00:00-04:00,0.0,3.4666669368743896,3.200000047683716,3.200000047683716,5063,0.0,0.0
1987-05-07 00:00:00-04:00,0.0,3.5999999046325684,3.3333330154418945,3.3333330154418945,7125,0.0,0.0
1987-05-08 00:00:00-04:00,0.0,3.5999999046325684,3.3333330154418945,3.3333330154418945,5063,0.0,0.0
1987-05-11 00:00:00-04:00,0.0,3.5999999046325684,3.3333330154418945,3.3333330154418945,7313,0.0,0.0
1987-05-12 00:00:00-04:00,0.0,3.5999999046325684,3.200000047683716,3.200000047683716,4875,0.0,0.0
1987-05-13 00:00:00-04:00,0.0,3.5999999046325684,3.200000047683716,3.200000047683716,2438,0.0,0.0
1987-05-14 00:00:00-04:00,0.0,3.5999999046325684,3.200000047683716,3.200000047683716,938,0.0,0.0
1987-05-15 00:00:00-04:00,0.0,3.5999999046325684,3.200000047683716,3.200000047683716,2438,0.0,0.0
1987-05-18 00:00:00-04:00,0.0,3.4666669368743896,3.200000047683716,3.200000047683716,5063,0.0,0.0
1987-05-19 00:00:00-04:00,0.0,3.4666669368743896,3.200000047683716,3.200000047683716,7688,0.0,0.0
1987-05-20 00:00:00-04:00,0.0,3.5999999046325684,3.200000047683716,3.200000047683716,6000,0.0,0.0
1987-05-21 00:00:00-04:00,0.0,3.5999999046325684,3.200000047683716,3.200000047683716,1688,0.0,0.0
1987-05-22 00:00:00-04:00,0.0,3.5999999046325684,3.200000047683716,3.200000047683716,4500,0.0,0.0
1987-05-26 00:00:00-04:00,0.0,3.5999999046325684,3.200000047683716,3.200000047683716,2250,0.0,0.0
1987-05-27 00:00:00-04:00,0.0,3.5999999046325684,3.200000047683716,3.200000047683716,3938,0.0,0.0
1987-05-28 00:00:00-04:00,0.0,3.4666669368743896,3.200000047683716,3.200000047683716,10875,0.0,0.0
1987-05-29 00:00:00-04:00,0.0,3.4666669368743896,3.200000047683716,3.200000047683716,3375,0.0,0.0
1987-06-01 00:00:00-04:00,0.0,3.4666669368743896,3.200000047683716,3.200000047683716,2250,0.0,0.0
1987-06-02 00:00:00-04:00,0.0,3.200000047683716,3.066667079925537,3.066667079925537,15938,0.0,0.0
1987-06-03 00:00:00-04:00,0.0,3.3333330154418945,3.066667079925537,3.066667079925537,7500,0.0,0.0
1987-06-04 00:00:00-04:00,0.0,3.200000047683716,3.066667079925537,3.066667079925537,6750,0.0,0.0
1987-06-05 00:00:00-04:00,0.0,3.200000047683716,3.066667079925537,3.066667079925537,3000,0.0,0.0
1987-06-08 00:00:00-04:00,0.0,3.200000047683716,3.066667079925537,3.066667079925537,1875,0.0,0.0
1987-06-09 00:00:00-04:00,3.066667079925537,3.066667079925537,3.066667079925537,3.066667079925537,0,0.0,0.0
1987-06-10 00:00:00-04:00,0.0,3.200000047683716,3.066667079925537,3.066667079925537,2438,0.0,0.0
1987-06-11 00:00:00-04:00,0.0,3.200000047683716,3.066667079925537,3.066667079925537,17813,0.0,0.0
1987-06-12 00:00:00-04:00,0.0,3.200000047683716,3.066667079925537,3.066667079925537,2250,0.0,0.0
1987-06-15 00:00:00-04:00,0.0,3.4666669368743896,3.066667079925537,3.066667079925537,3938,0.0,0.0
1987-06-16 00:00:00-04:00,0.0,3.3333330154418945,3.066667079925537,3.066667079925537,3188,0.0,0.0
1987-06-17 00:00:00-04:00,0.0,3.3333330154418945,3.066667079925537,3.066667079925537,2625,0.0,0.0
1987-06-18 00:00:00-04:00,0.0,3.4666669368743896,3.066667079925537,3.066667079925537,17813,0.0,0.0
1987-06-19 00:00:00-04:00,0.0,3.4666669368743896,3.066667079925537,3.066667079925537,188,0.0,0.0
1987-06-22 00:00:00-04:00,0.0,3.4666669368743896,3.066667079925537,3.066667079925537,563,0.0,0.0
1987-06-23 00:00:00-04:00,0.0,3.4666669368743896,3.066667079925537,3.066667079925537,2813,0.0,0.0
1987-06-24 00:00:00-04:00,0.0,3.3333330154418945,3.066667079925537,3.066667079925537,750,0.0,0.0
1987-06-25 00:00:00-04:00,0.0,3.3333330154418945,3.066667079925537,3.066667079925537,2813,0.0,0.0
1987-06-26 00:00:00-04:00,0.0,3.3333330154418945,3.066667079925537,3.066667079925537,938,0.0,0.0
1987-06-29 00:00:00-04:00,0.0,3.3333330154418945,3.066667079925537,3.066667079925537,563,0.0,0.0
1987-06-30 00:00:00-04:00,0.0,3.3333330154418945,3.066667079925537,3.066667079925537,8438,0.0,0.0
1987-07-01 00:00:00-04:00,0.0,3.3333330154418945,3.066667079925537,3.066667079925537,188,0.0,0.0
1987-07-02 00:00:00-04:00,0.0,3.3333330154418945,2.933332920074463,2.933332920074463,3000,0.0,0.0
1987-07-06 00:00:00-04:00,0.0,3.200000047683716,2.933332920074463,2.933332920074463,3750,0.0,0.0
1987-07-07 00:00:00-04:00,0.0,3.066667079925537,2.6666669845581055,2.6666669845581055,8813,0.0,0.0
1987-07-08 00:00:00-04:00,0.0,2.933332920074463,2.6666669845581055,2.6666669845581055,21000,0.0,0.0
1987-07-09 00:00:00-04:00,0.0,2.933332920074463,2.6666669845581055,2.6666669845581055,4875,0.0,0.0
1987-07-10 00:00:00-04:00,0.0,3.066667079925537,2.6666669845581055,2.6666669845581055,22313,0.0,0.0
1987-07-13 00:00:00-04:00,0.0,2.933332920074463,2.6666669845581055,2.6666669845581055,938,0.0,0.0
1987-07-14 00:00:00-04:00,0.0,2.933332920074463,2.6666669845581055,2.6666669845581055,1500,0.0,0.0
1987-07-15 00:00:00-04:00,0.0,2.933332920074463,2.6666669845581055,2.6666669845581055,188,0.0,0.0
1987-07-16 00:00:00-04:00,0.0,3.066667079925537,2.799999952316284,2.799999952316284,9188,0.0,0.0
1987-07-17 00:00:00-04:00,0.0,3.200000047683716,2.933332920074463,2.933332920074463,3000,0.0,0.0
1987-07-20 00:00:00-04:00,0.0,3.200000047683716,2.933332920074463,2.933332920074463,5063,0.0,0.0
1987-07-21 00:00:00-04:00,0.0,3.200000047683716,2.933332920074463,2.933332920074463,188,0.0,0.0
1987-07-22 00:00:00-04:00,0.0,3.200000047683716,2.799999952316284,2.799999952316284,3938,0.0,0.0
1987-07-23 00:00:00-04:00,0.0,3.200000047683716,2.799999952316284,2.799999952316284,750,0.0,0.0
1987-07-24 00:00:00-04:00,0.0,3.200000047683716,2.799999952316284,2.799999952316284,5625,0.0,0.0
1987-07-27 00:00:00-04:00,0.0,3.200000047683716,2.799999952316284,2.799999952316284,375,0.0,0.0
1987-07-28 00:00:00-04:00,0.0,3.200000047683716,2.799999952316284,2.799999952316284,9938,0.0,0.0
1987-07-29 00:00:00-04:00,0.0,3.200000047683716,2.799999952316284,2.799999952316284,1313,0.0,0.0
1987-07-30 00:00:00-04:00,0.0,3.200000047683716,2.799999952316284,2.799999952316284,7313,0.0,0.0
1987-07-31 00:00:00-04:00,0.0,3.3333330154418945,2.933332920074463,2.933332920074463,2438,0.0,0.0
1987-08-03 00:00:00-04:00,0.0,3.733333110809326,3.200000047683716,3.200000047683716,10313,0.0,0.0
1987-08-04 00:00:00-04:00,0.0,4.133333206176758,3.8666670322418213,3.8666670322418213,18750,0.0,0.0
1987-08-05 00:00:00-04:00,0.0,4.133333206176758,3.733333110809326,3.733333110809326,11063,0.0,0.0
1987-08-06 00:00:00-04:00,0.0,3.8666670322418213,3.5999999046325684,3.5999999046325684,8250,0.0,0.0
1987-08-07 00:00:00-04:00,0.0,4.0,3.5999999046325684,3.5999999046325684,1875,0.0,0.0
1987-08-10 00:00:00-04:00,0.0,4.0,3.5999999046325684,3.5999999046325684,3188,0.0,0.0
1987-08-11 00:00:00-04:00,0.0,4.133333206176758,3.733333110809326,3.733333110809326,4125,0.0,0.0
1987-08-12 00:00:00-04:00,0.0,4.0,3.5999999046325684,3.5999999046325684,7500,0.0,0.0
1987-08-13 00:00:00-04:00,0.0,4.0,3.733333110809326,3.733333110809326,3750,0.0,0.0
1987-08-14 00:00:00-04:00,0.0,4.133333206176758,3.8666670322418213,3.8666670322418213,8625,0.0,0.0
1987-08-17 00:00:00-04:00,0.0,4.133333206176758,3.733333110809326,3.733333110809326,938,0.0,0.0
1987-08-18 00:00:00-04:00,0.0,4.133333206176758,3.8666670322418213,3.8666670322418213,2250,0.0,0.0
1987-08-19 00:00:00-04:00,0.0,4.133333206176758,3.8666670322418213,3.8666670322418213,375,0.0,0.0
1987-08-20 00:00:00-04:00,0.0,4.133333206176758,3.8666670322418213,3.8666670322418213,938,0.0,0.0
1987-08-21 00:00:00-04:00,0.0,4.133333206176758,3.8666670322418213,3.8666670322418213,2813,0.0,0.0
1987-08-24 00:00:00-04:00,0.0,4.0,3.5999999046325684,3.5999999046325684,4313,0.0,0.0
1987-08-25 00:00:00-04:00,0.0,4.0,3.5999999046325684,3.5999999046325684,3750,0.0,0.0
1987-08-26 00:00:00-04:00,0.0,4.133333206176758,3.733333110809326,3.733333110809326,4500,0.0,0.0
1987-08-27 00:00:00-04:00,0.0,4.266666889190674,4.0,4.0,10500,0.0,0.0
1987-08-28 00:00:00-04:00,0.0,4.133333206176758,3.733333110809326,3.733333110809326,3938,0.0,0.0
1987-08-31 00:00:00-04:00,0.0,4.133333206176758,3.733333110809326,3.733333110809326,5250,0.0,0.0
1987-09-01 00:00:00-04:00,0.0,3.8666670322418213,3.5999999046325684,3.5999999046325684,5063,0.0,0.0
1987-09-02 00:00:00-04:00,0.0,3.733333110809326,3.4666669368743896,3.4666669368743896,4688,0.0,0.0
1987-09-03 00:00:00-04:00,0.0,3.3333330154418945,2.933332920074463,2.933332920074463,5063,0.0,0.0
1987-09-04 00:00:00-04:00,0.0,3.3333330154418945,2.933332920074463,2.933332920074463,938,0.0,0.0
1987-09-08 00:00:00-04:00,0.0,3.3333330154418945,2.933332920074463,2.933332920074463,7125,0.0,0.0
1987-09-09 00:00:00-04:00,0.0,3.3333330154418945,2.933332920074463,2.933332920074463,563,0.0,0.0
1987-09-10 00:00:00-04:00,2.933332920074463,2.933332920074463,2.933332920074463,2.933332920074463,0,0.0,0.0
1987-09-11 00:00:00-04:00,2.933332920074463,2.933332920074463,2.933332920074463,2.933332920074463,0,0.0,0.0
1987-09-14 00:00:00-04:00,0.0,3.3333330154418945,2.933332920074463,2.933332920074463,1875,0.0,0.0
1987-09-15 00:00:00-04:00,0.0,3.3333330154418945,2.933332920074463,2.933332920074463,2438,0.0,0.0
1987-09-16 00:00:00-04:00,0.0,3.200000047683716,2.933332920074463,2.933332920074463,3000,0.0,0.0
1987-09-17 00:00:00-04:00,0.0,2.8666670322418213,2.5333330631256104,2.5333330631256104,9188,0.0,0.0
1987-09-18 00:00:00-04:00,0.0,2.8666670322418213,2.6666669845581055,2.6666669845581055,14250,0.0,0.0
1987-09-21 00:00:00-04:00,0.0,2.8666670322418213,2.6666669845581055,2.6666669845581055,3000,0.0,0.0
1987-09-22 00:00:00-04:00,0.0,2.8666670322418213,2.6666669845581055,2.6666669845581055,750,0.0,0.0
1987-09-23 00:00:00-04:00,0.0,2.8666670322418213,2.6666669845581055,2.6666669845581055,8063,0.0,0.0
1987-09-24 00:00:00-04:00,0.0,3.0,2.799999952316284,2.799999952316284,3750,0.0,0.0
1987-09-25 00:00:00-04:00,2.799999952316284,2.799999952316284,2.799999952316284,2.799999952316284,0,0.0,0.0
1987-09-28 00:00:00-04:00,2.799999952316284,2.799999952316284,2.799999952316284,2.799999952316284,0,0.0,0.0
1987-09-29 00:00:00-04:00,0.0,3.0,2.799999952316284,2.799999952316284,188,0.0,0.0
1987-09-30 00:00:00-04:00,2.799999952316284,2.799999952316284,2.799999952316284,2.799999952316284,0,0.0,0.0
1987-10-01 00:00:00-04:00,0.0,3.0,2.799999952316284,2.799999952316284,750,0.0,0.0
1987-10-02 00:00:00-04:00,0.0,3.0,2.799999952316284,2.799999952316284,188,0.0,0.0
1987-10-05 00:00:00-04:00,0.0,3.0,2.6666669845581055,2.6666669845581055,1500,0.0,0.0
1987-10-06 00:00:00-04:00,0.0,3.0,2.6666669845581055,2.6666669845581055,3750,0.0,0.0
1987-10-07 00:00:00-04:00,0.0,3.066667079925537,2.799999952316284,2.799999952316284,3938,0.0,0.0
1987-10-08 00:00:00-04:00,0.0,3.066667079925537,2.799999952316284,2.799999952316284,563,0.0,0.0
1987-10-09 00:00:00-04:00,0.0,3.066667079925537,2.799999952316284,2.799999952316284,3938,0.0,0.0
1987-10-12 00:00:00-04:00,0.0,3.066667079925537,2.6666669845581055,2.6666669845581055,3750,0.0,0.0
1987-10-13 00:00:00-04:00,0.0,3.066667079925537,2.6666669845581055,2.6666669845581055,4500,0.0,0.0
1987-10-14 00:00:00-04:00,0.0,3.066667079925537,2.6666669845581055,2.6666669845581055,1688,0.0,0.0
1987-10-15 00:00:00-04:00,0.0,3.066667079925537,2.6666669845581055,2.6666669845581055,1125,0.0,0.0
1987-10-16 00:00:00-04:00,0.0,2.933332920074463,2.5333330631256104,2.5333330631256104,2063,0.0,0.0
1987-10-19 00:00:00-04:00,0.0,2.4000000953674316,2.1333329677581787,2.1333329677581787,8813,0.0,0.0
1987-10-20 00:00:00-04:00,0.0,2.0,1.600000023841858,1.600000023841858,3188,0.0,0.0
1987-10-21 00:00:00-04:00,0.0,2.1333329677581787,1.600000023841858,1.600000023841858,7500,0.0,0.0
1987-10-22 00:00:00-04:00,0.0,2.1333329677581787,1.600000023841858,1.600000023841858,20625,0.0,0.0
1987-10-23 00:00:00-04:00,0.0,1.8666670322418213,1.600000023841858,1.600000023841858,9188,0.0,0.0
1987-10-26 00:00:00-05:00,0.0,1.8666670322418213,1.3333330154418945,1.3333330154418945,16875,0.0,0.0
1987-10-27 00:00:00-05:00,0.0,1.600000023841858,1.3333330154418945,1.3333330154418945,36938,0.0,0.0
1987-10-28 00:00:00-05:00,0.0,1.4666670560836792,1.2000000476837158,1.2000000476837158,14438,0.0,0.0
1987-10-29 00:00:00-05:00,0.0,1.4666670560836792,1.0666669607162476,1.0666669607162476,7125,0.0,0.0
1987-10-30 00:00:00-05:00,0.0,1.4666670560836792,1.2000000476837158,1.2000000476837158,2250,0.0,0.0
1987-11-02 00:00:00-05:00,0.0,1.8666670322418213,1.5333329439163208,1.5333329439163208,30188,0.0,0.0
1987-11-03 00:00:00-05:00,0.0,1.8666670322418213,1.5333329439163208,1.5333329439163208,13688,0.0,0.0
1987-11-04 00:00:00-05:00,0.0,1.7333329916000366,1.5333329439163208,1.5333329439163208,4500,0.0,0.0
1987-11-05 00:00:00-05:00,0.0,1.8666670322418213,1.600000023841858,1.600000023841858,4875,0.0,0.0
1987-11-06 00:00:00-05:00,0.0,1.8666670322418213,1.6666669845581055,1.6666669845581055,3188,0.0,0.0
1987-11-09 00:00:00-05:00,0.0,2.0,1.7333329916000366,1.7333329916000366,11625,0.0,0.0
1987-11-10 00:00:00-05:00,0.0,2.0,1.600000023841858,1.600000023841858,4688,0.0,0.0
1987-11-11 00:00:00-05:00,0.0,2.0,1.600000023841858,1.600000023841858,2250,0.0,0.0
1987-11-12 00:00:00-05:00,0.0,2.0,1.5333329439163208,1.5333329439163208,1688,0.0,0.0
1987-11-13 00:00:00-05:00,0.0,1.8666670322418213,1.5333329439163208,1.5333329439163208,2438,0.0,0.0
1987-11-16 00:00:00-05:00,0.0,1.8666670322418213,1.600000023841858,1.600000023841858,2438,0.0,0.0
1987-11-17 00:00:00-05:00,0.0,1.8666670322418213,1.600000023841858,1.600000023841858,375,0.0,0.0
1987-11-18 00:00:00-05:00,0.0,1.8666670322418213,1.600000023841858,1.600000023841858,1313,0.0,0.0
1987-11-19 00:00:00-05:00,0.0,1.8666670322418213,1.600000023841858,1.600000023841858,375,0.0,0.0
1987-11-20 00:00:00-05:00,0.0,1.8666670322418213,1.5333329439163208,1.5333329439163208,2813,0.0,0.0
1987-11-23 00:00:00-05:00,0.0,1.7333329916000366,1.4666670560836792,1.4666670560836792,3938,0.0,0.0
1987-11-24 00:00:00-05:00,0.0,1.8666670322418213,1.5333329439163208,1.5333329439163208,8438,0.0,0.0
1987-11-25 00:00:00-05:00,0.0,1.8666670322418213,1.600000023841858,1.600000023841858,6938,0.0,0.0
1987-11-27 00:00:00-05:00,0.0,1.8666670322418213,1.600000023841858,1.600000023841858,3750,0.0,0.0
1987-11-30 00:00:00-05:00,0.0,1.7999999523162842,1.6666669845581055,1.6666669845581055,5625,0.0,0.0
1987-12-01 00:00:00-05:00,0.0,1.8666670322418213,1.600000023841858,1.600000023841858,4875,0.0,0.0
1987-12-02 00:00:00-05:00,0.0,1.8666670322418213,1.600000023841858,1.600000023841858,5625,0.0,0.0
1987-12-03 00:00:00-05:00,0.0,1.6666669845581055,1.5333329439163208,1.5333329439163208,11250,0.0,0.0
1987-12-04 00:00:00-05:00,0.0,1.4666670560836792,1.2000000476837158,1.2000000476837158,11438,0.0,0.0
1987-12-07 00:00:00-05:00,0.0,1.4666670560836792,1.2000000476837158,1.2000000476837158,4313,0.0,0.0
1987-12-08 00:00:00-05:00,0.0,1.8666670322418213,1.4666670560836792,1.4666670560836792,17063,0.0,0.0
1987-12-09 00:00:00-05:00,0.0,1.8666670322418213,1.600000023841858,1.600000023841858,6000,0.0,0.0
1987-12-10 00:00:00-05:00,0.0,1.7333329916000366,1.4666670560836792,1.4666670560836792,5063,0.0,0.0
1987-12-11 00:00:00-05:00,0.0,1.7333329916000366,1.4666670560836792,1.4666670560836792,375,0.0,0.0
1987-12-14 00:00:00-05:00,0.0,1.8666670322418213,1.600000023841858,1.600000023841858,6750,0.0,0.0
1987-12-15 00:00:00-05:00,0.0,1.8666670322418213,1.4666670560836792,1.4666670560836792,2063,0.0,0.0
1987-12-16 00:00:00-05:00,0.0,1.600000023841858,1.399999976158142,1.399999976158142,2625,0.0,0.0
1987-12-17 00:00:00-05:00,0.0,1.6666669845581055,1.399999976158142,1.399999976158142,5813,0.0,0.0
1987-12-18 00:00:00-05:00,0.0,1.6666669845581055,1.3333330154418945,1.3333330154418945,2625,0.0,0.0
1987-12-21 00:00:00-05:00,0.0,1.4666670560836792,1.2000000476837158,1.2000000476837158,5625,0.0,0.0
1987-12-22 00:00:00-05:00,0.0,1.4666670560836792,1.1333329677581787,1.1333329677581787,563,0.0,0.0
1987-12-23 00:00:00-05:00,0.0,1.4666670560836792,1.1333329677581787,1.1333329677581787,13688,0.0,0.0
1987-12-24 00:00:00-05:00,0.0,1.399999976158142,1.1333329677581787,1.1333329677581787,5625,0.0,0.0
1987-12-28 00:00:00-05:00,0.0,1.2000000476837158,0.9333329796791077,0.9333329796791077,7688,0.0,0.0
1987-12-29 00:00:00-05:00,0.0,1.1333329677581787,1.0666669607162476,1.0666669607162476,21938,0.0,0.0
1987-12-30 00:00:00-05:00,0.0,1.3333330154418945,1.0666669607162476,1.0666669607162476,21375,0.0,0.0
1987-12-31 00:00:00-05:00,0.0,1.4666670560836792,1.2000000476837158,1.2000000476837158,53250,0.0,0.0
1988-01-04 00:00:00-05:00,0.0,1.3333330154418945,1.2000000476837158,1.2000000476837158,375,0.0,0.0
1988-01-05 00:00:00-05:00,0.0,1.399999976158142,1.2666670083999634,1.2666670083999634,5813,0.0,0.0
1988-01-06 00:00:00-05:00,0.0,1.4666670560836792,1.2666670083999634,1.2666670083999634,8438,0.0,0.0
1988-01-07 00:00:00-05:00,0.0,1.4666670560836792,1.2666670083999634,1.2666670083999634,47250,0.0,0.0
1988-01-08 00:00:00-05:00,0.0,1.3333330154418945,1.2666670083999634,1.2666670083999634,6938,0.0,0.0
1988-01-11 00:00:00-05:00,0.0,1.4666670560836792,1.2666670083999634,1.2666670083999634,15000,0.0,0.0
1988-01-12 00:00:00-05:00,0.0,1.4666670560836792,1.2666670083999634,1.2666670083999634,375,0.0,0.0
1988-01-13 00:00:00-05:00,0.0,1.4666670560836792,1.3333330154418945,1.3333330154418945,1875,0.0,0.0
1988-01-14 00:00:00-05:00,0.0,1.4666670560836792,1.2666670083999634,1.2666670083999634,1688,0.0,0.0
1988-01-15 00:00:00-05:00,0.0,1.4666670560836792,1.2666670083999634,1.2666670083999634,23813,0.0,0.0
1988-01-18 00:00:00-05:00,0.0,1.3333330154418945,1.2000000476837158,1.2000000476837158,6563,0.0,0.0
1988-01-19 00:00:00-05:00,0.0,1.3333330154418945,1.2000000476837158,1.2000000476837158,1875,0.0,0.0
1988-01-20 00:00:00-05:00,1.2000000476837158,1.2000000476837158,1.2000000476837158,1.2000000476837158,0,0.0,0.0
1988-01-21 00:00:00-05:00,1.2000000476837158,1.2000000476837158,1.2000000476837158,1.2000000476837158,0,0.0,0.0
1988-01-22 00:00:00-05:00,0.0,1.3333330154418945,1.2000000476837158,1.2000000476837158,12188,0.0,0.0
1988-01-25 00:00:00-05:00,0.0,1.3333330154418945,1.2666670083999634,1.2666670083999634,11063,0.0,0.0
1988-01-26 00:00:00-05:00,0.0,1.4666670560836792,1.2666670083999634,1.2666670083999634,5438,0.0,0.0
1988-01-27 00:00:00-05:00,0.0,2.3333330154418945,2.0,2.0,19875,0.0,0.0
1988-01-28 00:00:00-05:00,0.0,2.4000000953674316,2.0,2.0,8250,0.0,0.0
1988-01-29 00:00:00-05:00,0.0,2.4000000953674316,2.1333329677581787,2.1333329677581787,33750,0.0,0.0
1988-02-01 00:00:00-05:00,0.0,2.5333330631256104,2.266666889190674,2.266666889190674,16313,0.0,0.0
1988-02-02 00:00:00-05:00,0.0,2.6666669845581055,2.4000000953674316,2.4000000953674316,8625,0.0,0.0
1988-02-03 00:00:00-05:00,0.0,2.6666669845581055,2.4000000953674316,2.4000000953674316,3563,0.0,0.0
1988-02-04 00:00:00-05:00,0.0,2.6666669845581055,2.4666669368743896,2.4666669368743896,49313,0.0,0.0
1988-02-05 00:00:00-05:00,0.0,2.5333330631256104,2.4000000953674316,2.4000000953674316,5438,0.0,0.0
1988-02-08 00:00:00-05:00,0.0,2.5999999046325684,2.4000000953674316,2.4000000953674316,6938,0.0,0.0
1988-02-09 00:00:00-05:00,0.0,2.6666669845581055,2.4000000953674316,2.4000000953674316,2625,0.0,0.0
1988-02-10 00:00:00-05:00,0.0,2.933332920074463,2.5999999046325684,2.5999999046325684,21563,0.0,0.0
1988-02-11 00:00:00-05:00,0.0,2.8666670322418213,2.5999999046325684,2.5999999046325684,9563,0.0,0.0
1988-02-12 00:00:00-05:00,0.0,2.933332920074463,2.6666669845581055,2.6666669845581055,7500,0.0,0.0
1988-02-16 00:00:00-05:00,0.0,3.066667079925537,2.799999952316284,2.799999952316284,12375,0.0,0.0
1988-02-17 00:00:00-05:00,0.0,3.066667079925537,2.799999952316284,2.799999952316284,21750,0.0,0.0
1988-02-18 00:00:00-05:00,2.799999952316284,2.799999952316284,2.799999952316284,2.799999952316284,0,0.0,0.0
1988-02-19 00:00:00-05:00,0.0,4.266666889190674,3.733333110809326,3.733333110809326,55500,0.0,0.0
1988-02-22 00:00:00-05:00,0.0,3.8666670322418213,3.4666669368743896,3.4666669368743896,23250,0.0,0.0
1988-02-23 00:00:00-05:00,0.0,3.4666669368743896,3.066667079925537,3.066667079925537,27000,0.0,0.0
1988-02-24 00:00:00-05:00,0.0,3.5999999046325684,3.3333330154418945,3.3333330154418945,20063,0.0,0.0
1988-02-25 00:00:00-05:00,0.0,3.733333110809326,3.3333330154418945,3.3333330154418945,1125,0.0,0.0
1988-02-26 00:00:00-05:00,0.0,3.6666669845581055,3.3333330154418945,3.3333330154418945,21938,0.0,0.0
1988-02-29 00:00:00-05:00,0.0,3.733333110809326,3.3333330154418945,3.3333330154418945,5250,0.0,0.0
1988-03-01 00:00:00-05:00,0.0,3.733333110809326,3.4666669368743896,3.4666669368743896,12563,0.0,0.0
1988-03-02 00:00:00-05:00,3.4666669368743896,3.4666669368743896,3.4666669368743896,3.4666669368743896,0,0.0,0.0
1988-03-03 00:00:00-05:00,0.0,3.733333110809326,3.4666669368743896,3.4666669368743896,2625,0.0,0.0
1988-03-04 00:00:00-05:00,0.0,3.733333110809326,3.4666669368743896,3.4666669368743896,4688,0.0,0.0
1988-03-07 00:00:00-05:00,0.0,3.733333110809326,3.4666669368743896,3.4666669368743896,10875,0.0,0.0
1988-03-08 00:00:00-05:00,0.0,3.733333110809326,3.4666669368743896,3.4666669368743896,1875,0.0,0.0
1988-03-09 00:00:00-05:00,0.0,3.733333110809326,3.4666669368743896,3.4666669368743896,375,0.0,0.0
1988-03-10 00:00:00-05:00,0.0,3.8666670322418213,3.4666669368743896,3.4666669368743896,2438,0.0,0.0
1988-03-11 00:00:00-05:00,0.0,4.0,3.5999999046325684,3.5999999046325684,18188,0.0,0.0
1988-03-14 00:00:00-05:00,0.0,4.266666889190674,3.799999952316284,3.799999952316284,33750,0.0,0.0
1988-03-15 00:00:00-05:00,0.0,4.800000190734863,4.400000095367432,4.400000095367432,30563,0.0,0.0
1988-03-16 00:00:00-05:00,0.0,4.800000190734863,4.533332824707031,4.533332824707031,45375,0.0,0.0
1988-03-17 00:00:00-05:00,0.0,4.800000190734863,4.533332824707031,4.533332824707031,21938,0.0,0.0
1988-03-18 00:00:00-05:00,0.0,4.800000190734863,4.266666889190674,4.266666889190674,31313,0.0,0.0
1988-03-21 00:00:00-05:00,0.0,4.800000190734863,4.266666889190674,4.266666889190674,9188,0.0,0.0
1988-03-22 00:00:00-05:00,0.0,4.533332824707031,4.133333206176758,4.133333206176758,9188,0.0,0.0
1988-03-23 00:00:00-05:00,0.0,4.6666669845581055,4.133333206176758,4.133333206176758,12563,0.0,0.0
1988-03-24 00:00:00-05:00,0.0,4.533332824707031,3.8666670322418213,3.8666670322418213,10125,0.0,0.0
1988-03-25 00:00:00-05:00,0.0,4.400000095367432,3.8666670322418213,3.8666670322418213,5063,0.0,0.0
1988-03-28 00:00:00-05:00,0.0,4.533332824707031,3.8666670322418213,3.8666670322418213,1688,0.0,0.0
1988-03-29 00:00:00-05:00,0.0,4.6666669845581055,4.133333206176758,4.133333206176758,15750,0.0,0.0
1988-03-30 00:00:00-05:00,0.0,4.933332920074463,4.266666889190674,4.266666889190674,12563,0.0,0.0
1988-03-31 00:00:00-05:00,0.0,4.800000190734863,4.266666889190674,4.266666889190674,2250,0.0,0.0
1988-04-04 00:00:00-04:00,0.0,4.800000190734863,4.266666889190674,4.266666889190674,6750,0.0,0.0
1988-04-05 00:00:00-04:00,0.0,4.933332920074463,4.533332824707031,4.533332824707031,10688,0.0,0.0
1988-04-06 00:00:00-04:00,0.0,5.066667079925537,4.533332824707031,4.533332824707031,5625,0.0,0.0
1988-04-07 00:00:00-04:00,0.0,5.066667079925537,4.533332824707031,4.533332824707031,1313,0.0,0.0
1988-04-08 00:00:00-04:00,0.0,5.066667079925537,4.533332824707031,4.533332824707031,7125,0.0,0.0
1988-04-11 00:00:00-04:00,0.0,5.066667079925537,4.533332824707031,4.533332824707031,5250,0.0,0.0
1988-04-12 00:00:00-04:00,0.0,5.066667079925537,4.533332824707031,4.533332824707031,2063,0.0,0.0
1988-04-13 00:00:00-04:00,0.0,4.800000190734863,4.400000095367432,4.400000095367432,6563,0.0,0.0
1988-04-14 00:00:00-04:00,0.0,4.533332824707031,4.0,4.0,25313,0.0,0.0
1988-04-15 00:00:00-04:00,0.0,4.6666669845581055,4.133333206176758,4.133333206176758,6188,0.0,0.0
1988-04-18 00:00:00-04:00,0.0,4.6666669845581055,4.266666889190674,4.266666889190674,5063,0.0,0.0
1988-04-19 00:00:00-04:00,0.0,4.400000095367432,4.133333206176758,4.133333206176758,5813,0.0,0.0
1988-04-20 00:00:00-04:00,0.0,4.533332824707031,4.0,4.0,6563,0.0,0.0
1988-04-21 00:00:00-04:00,0.0,4.266666889190674,4.133333206176758,4.133333206176758,9000,0.0,0.0
1988-04-22 00:00:00-04:00,0.0,4.266666889190674,4.0,4.0,3375,0.0,0.0
1988-04-25 00:00:00-04:00,0.0,4.266666889190674,3.8666670322418213,3.8666670322418213,12563,0.0,0.0
1988-04-26 00:00:00-04:00,0.0,4.133333206176758,3.8666670322418213,3.8666670322418213,5063,0.0,0.0
1988-04-27 00:00:00-04:00,0.0,3.8666670322418213,3.5999999046325684,3.5999999046325684,22125,0.0,0.0
1988-04-28 00:00:00-04:00,0.0,3.4666669368743896,3.066667079925537,3.066667079925537,28313,0.0,0.0
1988-04-29 00:00:00-04:00,0.0,3.3333330154418945,3.066667079925537,3.066667079925537,4125,0.0,0.0
1988-05-02 00:00:00-04:00,0.0,3.8666670322418213,3.4666669368743896,3.4666669368743896,20063,0.0,0.0
1988-05-03 00:00:00-04:00,0.0,3.8666670322418213,3.5999999046325684,3.5999999046325684,7313,0.0,0.0
1988-05-04 00:00:00-04:00,0.0,3.8666670322418213,3.733333110809326,3.733333110809326,29625,0.0,0.0
1988-05-05 00:00:00-04:00,0.0,3.733333110809326,3.4666669368743896,3.4666669368743896,17250,0.0,0.0
1988-05-06 00:00:00-04:00,0.0,3.733333110809326,3.4666669368743896,3.4666669368743896,750,0.0,0.0
1988-05-09 00:00:00-04:00,0.0,4.0,3.5999999046325684,3.5999999046325684,3938,0.0,0.0
1988-05-10 00:00:00-04:00,0.0,3.733333110809326,3.4666669368743896,3.4666669368743896,2063,0.0,0.0
1988-05-11 00:00:00-04:00,0.0,4.133333206176758,3.8666670322418213,3.8666670322418213,18563,0.0,0.0
1988-05-12 00:00:00-04:00,0.0,4.266666889190674,3.8666670322418213,3.8666670322418213,9563,0.0,0.0
1988-05-13 00:00:00-04:00,0.0,4.266666889190674,3.8666670322418213,3.8666670322418213,15188,0.0,0.0
1988-05-16 00:00:00-04:00,0.0,4.266666889190674,3.8666670322418213,3.8666670322418213,3375,0.0,0.0
1988-05-17 00:00:00-04:00,0.0,4.266666889190674,3.8666670322418213,3.8666670322418213,4688,0.0,0.0
1988-05-18 00:00:00-04:00,0.0,4.266666889190674,3.733333110809326,3.733333110809326,3563,0.0,0.0
1988-05-19 00:00:00-04:00,0.0,4.266666889190674,3.733333110809326,3.733333110809326,6563,0.0,0.0
1988-05-20 00:00:00-04:00,0.0,4.266666889190674,3.733333110809326,3.733333110809326,563,0.0,0.0
1988-05-23 00:00:00-04:00,0.0,4.133333206176758,3.5999999046325684,3.5999999046325684,6563,0.0,0.0
1988-05-24 00:00:00-04:00,0.0,4.133333206176758,3.733333110809326,3.733333110809326,563,0.0,0.0
1988-05-25 00:00:00-04:00,0.0,4.066667079925537,3.733333110809326,3.733333110809326,188,0.0,0.0
1988-05-26 00:00:00-04:00,0.0,3.733333110809326,3.200000047683716,3.200000047683716,22500,0.0,0.0
1988-05-27 00:00:00-04:00,0.0,4.0,3.5999999046325684,3.5999999046325684,12563,0.0,0.0
1988-05-31 00:00:00-04:00,0.0,4.0,3.4666669368743896,3.4666669368743896,938,0.0,0.0
1988-06-01 00:00:00-04:00,0.0,4.133333206176758,3.5999999046325684,3.5999999046325684,4313,0.0,0.0
1988-06-02 00:00:00-04:00,0.0,4.133333206176758,3.733333110809326,3.733333110809326,938,0.0,0.0
1988-06-03 00:00:00-04:00,0.0,4.400000095367432,3.8666670322418213,3.8666670322418213,3188,0.0,0.0
1988-06-06 00:00:00-04:00,0.0,4.400000095367432,3.8666670322418213,3.8666670322418213,3750,0.0,0.0
1988-06-07 00:00:00-04:00,0.0,4.400000095367432,3.8666670322418213,3.8666670322418213,9188,0.0,0.0
1988-06-08 00:00:00-04:00,0.0,4.400000095367432,4.0,4.0,3563,0.0,0.0
1988-06-09 00:00:00-04:00,0.0,4.400000095367432,4.0,4.0,3375,0.0,0.0
1988-06-10 00:00:00-04:00,0.0,4.533332824707031,4.266666889190674,4.266666889190674,6375,0.0,0.0
1988-06-13 00:00:00-04:00,0.0,4.533332824707031,4.400000095367432,4.400000095367432,10125,0.0,0.0
1988-06-14 00:00:00-04:00,0.0,4.6666669845581055,4.400000095367432,4.400000095367432,10875,0.0,0.0
1988-06-15 00:00:00-04:00,0.0,4.6666669845581055,4.400000095367432,4.400000095367432,9938,0.0,0.0
1988-06-16 00:00:00-04:00,0.0,4.533332824707031,4.133333206176758,4.133333206176758,11813,0.0,0.0
1988-06-17 00:00:00-04:00,0.0,4.533332824707031,4.133333206176758,4.133333206176758,3750,0.0,0.0
1988-06-20 00:00:00-04:00,0.0,4.533332824707031,4.133333206176758,4.133333206176758,10688,0.0,0.0
1988-06-21 00:00:00-04:00,0.0,4.533332824707031,4.133333206176758,4.133333206176758,6000,0.0,0.0
1988-06-22 00:00:00-04:00,0.0,4.533332824707031,4.133333206176758,4.133333206176758,750,0.0,0.0
1988-06-23 00:00:00-04:00,0.0,4.533332824707031,4.133333206176758,4.133333206176758,750,0.0,0.0
1988-06-24 00:00:00-04:00,0.0,4.400000095367432,3.8666670322418213,3.8666670322418213,6938,0.0,0.0
1988-06-27 00:00:00-04:00,0.0,4.400000095367432,3.8666670322418213,3.8666670322418213,6188,0.0,0.0
1988-06-28 00:00:00-04:00,0.0,4.400000095367432,3.8666670322418213,3.8666670322418213,375,0.0,0.0
1988-06-29 00:00:00-04:00,0.0,4.400000095367432,3.8666670322418213,3.8666670322418213,188,0.0,0.0
1988-06-30 00:00:00-04:00,0.0,4.533332824707031,4.0,4.0,10313,0.0,0.0
1988-07-01 00:00:00-04:00,0.0,4.533332824707031,4.0,4.0,2625,0.0,0.0
1988-07-05 00:00:00-04:00,4.0,4.0,4.0,4.0,0,0.0,0.0
1988-07-06 00:00:00-04:00,0.0,4.400000095367432,4.066667079925537,4.066667079925537,938,0.0,0.0
1988-07-07 00:00:00-04:00,0.0,4.400000095367432,4.066667079925537,4.066667079925537,4875,0.0,0.0
1988-07-08 00:00:00-04:00,0.0,4.400000095367432,4.066667079925537,4.066667079925537,4125,0.0,0.0
1988-07-11 00:00:00-04:00,0.0,4.266666889190674,4.066667079925537,4.066667079925537,4875,0.0,0.0
1988-07-12 00:00:00-04:00,0.0,4.266666889190674,3.733333110809326,3.733333110809326,2063,0.0,0.0
1988-07-13 00:00:00-04:00,3.733333110809326,3.733333110809326,3.733333110809326,3.733333110809326,0,0.0,0.0
1988-07-14 00:00:00-04:00,0.0,4.0,3.733333110809326,3.733333110809326,9000,0.0,0.0
1988-07-15 00:00:00-04:00,0.0,4.0,3.733333110809326,3.733333110809326,3188,0.0,0.0
1988-07-18 00:00:00-04:00,0.0,4.0,3.5999999046325684,3.5999999046325684,18375,0.0,0.0
1988-07-19 00:00:00-04:00,0.0,4.0,3.733333110809326,3.733333110809326,1313,0.0,0.0
1988-07-20 00:00:00-04:00,0.0,4.0,3.733333110809326,3.733333110809326,563,0.0,0.0
1988-07-21 00:00:00-04:00,3.733333110809326,3.733333110809326,3.733333110809326,3.733333110809326,0,0.0,0.0
1988-07-22 00:00:00-04:00,0.0,4.0,3.4666669368743896,3.4666669368743896,5250,0.0,0.0
1988-07-25 00:00:00-04:00,0.0,3.8666670322418213,3.4666669368743896,3.4666669368743896,2250,0.0,0.0
1988-07-26 00:00:00-04:00,0.0,3.8666670322418213,3.4666669368743896,3.4666669368743896,6750,0.0,0.0
1988-07-27 00:00:00-04:00,0.0,3.8666670322418213,3.5999999046325684,3.5999999046325684,3563,0.0,0.0
1988-07-28 00:00:00-04:00,0.0,4.0,3.733333110809326,3.733333110809326,8438,0.0,0.0
1988-07-29 00:00:00-04:00,0.0,4.0,3.733333110809326,3.733333110809326,16688,0.0,0.0
1988-08-01 00:00:00-04:00,0.0,4.0,3.8666670322418213,3.8666670322418213,4688,0.0,0.0
1988-08-02 00:00:00-04:00,0.0,4.0,3.733333110809326,3.733333110809326,3375,0.0,0.0
1988-08-03 00:00:00-04:00,0.0,4.0,3.733333110809326,3.733333110809326,9375,0.0,0.0
1988-08-04 00:00:00-04:00,3.733333110809326,3.733333110809326,3.733333110809326,3.733333110809326,0,0.0,0.0
1988-08-05 00:00:00-04:00,0.0,3.8666670322418213,3.5999999046325684,3.5999999046325684,21750,0.0,0.0
1988-08-08 00:00:00-04:00,0.0,4.0,3.733333110809326,3.733333110809326,11250,0.0,0.0
1988-08-09 00:00:00-04:00,3.733333110809326,3.733333110809326,3.733333110809326,3.733333110809326,0,0.0,0.0
1988-08-10 00:00:00-04:00,0.0,4.0,3.733333110809326,3.733333110809326,8813,0.0,0.0
1988-08-11 00:00:00-04:00,0.0,3.8666670322418213,3.733333110809326,3.733333110809326,10125,0.0,0.0
1988-08-12 00:00:00-04:00,0.0,3.8666670322418213,3.733333110809326,3.733333110809326,12563,0.0,0.0
1988-08-15 00:00:00-04:00,0.0,3.8666670322418213,3.5999999046325684,3.5999999046325684,1313,0.0,0.0
1988-08-16 00:00:00-04:00,0.0,3.733333110809326,3.4666669368743896,3.4666669368743896,11625,0.0,0.0
1988-08-17 00:00:00-04:00,0.0,3.733333110809326,3.3333330154418945,3.3333330154418945,8813,0.0,0.0
1988-08-18 00:00:00-04:00,3.3333330154418945,3.3333330154418945,3.3333330154418945,3.3333330154418945,0,0.0,0.0
1988-08-19 00:00:00-04:00,0.0,3.3333330154418945,2.933332920074463,2.933332920074463,18375,0.0,0.0
1988-08-22 00:00:00-04:00,0.0,3.3333330154418945,2.933332920074463,2.933332920074463,8625,0.0,0.0
1988-08-23 00:00:00-04:00,0.0,3.3333330154418945,2.933332920074463,2.933332920074463,2250,0.0,0.0
1988-08-24 00:00:00-04:00,0.0,3.3333330154418945,3.066667079925537,3.066667079925537,188,0.0,0.0
1988-08-25 00:00:00-04:00,3.066667079925537,3.066667079925537,3.066667079925537,3.066667079925537,0,0.0,0.0
1988-08-26 00:00:00-04:00,3.066667079925537,3.066667079925537,3.066667079925537,3.066667079925537,0,0.0,0.0
1988-08-29 00:00:00-04:00,0.0,3.3333330154418945,3.066667079925537,3.066667079925537,750,0.0,0.0
1988-08-30 00:00:00-04:00,0.0,3.3333330154418945,3.066667079925537,3.066667079925537,1125,0.0,0.0
1988-08-31 00:00:00-04:00,3.066667079925537,3.066667079925537,3.066667079925537,3.066667079925537,0,0.0,0.0
1988-09-01 00:00:00-04:00,3.066667079925537,3.066667079925537,3.066667079925537,3.066667079925537,0,0.0,0.0
1988-09-02 00:00:00-04:00,0.0,3.3333330154418945,3.066667079925537,3.066667079925537,3938,0.0,0.0
1988-09-06 00:00:00-04:00,0.0,3.3333330154418945,3.066667079925537,3.066667079925537,6563,0.0,0.0
1988-09-07 00:00:00-04:00,0.0,3.3333330154418945,3.066667079925537,3.066667079925537,10313,0.0,0.0
1988-09-08 00:00:00-04:00,0.0,3.3333330154418945,3.066667079925537,3.066667079925537,750,0.0,0.0
1988-09-09 00:00:00-04:00,0.0,3.3333330154418945,3.066667079925537,3.066667079925537,10875,0.0,0.0
1988-09-12 00:00:00-04:00,0.0,3.3333330154418945,3.066667079925537,3.066667079925537,1875,0.0,0.0
1988-09-13 00:00:00-04:00,0.0,3.200000047683716,2.933332920074463,2.933332920074463,4688,0.0,0.0
1988-09-14 00:00:00-04:00,0.0,3.200000047683716,2.933332920074463,2.933332920074463,4313,0.0,0.0
1988-09-15 00:00:00-04:00,0.0,3.200000047683716,2.799999952316284,2.799999952316284,6938,0.0,0.0
1988-09-16 00:00:00-04:00,0.0,3.066667079925537,2.799999952316284,2.799999952316284,3938,0.0,0.0
1988-09-19 00:00:00-04:00,0.0,2.933332920074463,2.799999952316284,2.799999952316284,19688,0.0,0.0
1988-09-20 00:00:00-04:00,0.0,2.799999952316284,2.4000000953674316,2.4000000953674316,9375,0.0,0.0
1988-09-21 00:00:00-04:00,0.0,2.799999952316284,2.5333330631256104,2.5333330631256104,6375,0.0,0.0
1988-09-22 00:00:00-04:00,0.0,2.799999952316284,2.5333330631256104,2.5333330631256104,13500,0.0,0.0
1988-09-23 00:00:00-04:00,0.0,2.933332920074463,2.5333330631256104,2.5333330631256104,9188,0.0,0.0
1988-09-26 00:00:00-04:00,0.0,2.933332920074463,2.6666669845581055,2.6666669845581055,9563,0.0,0.0
1988-09-27 00:00:00-04:00,0.0,2.799999952316284,2.5333330631256104,2.5333330631256104,5625,0.0,0.0
1988-09-28 00:00:00-04:00,0.0,2.799999952316284,2.5333330631256104,2.5333330631256104,25125,0.0,0.0
1988-09-29 00:00:00-04:00,0.0,2.799999952316284,2.5333330631256104,2.5333330631256104,938,0.0,0.0
1988-09-30 00:00:00-04:00,0.0,2.799999952316284,2.5333330631256104,2.5333330631256104,1875,0.0,0.0
1988-10-03 00:00:00-04:00,0.0,2.933332920074463,2.6666669845581055,2.6666669845581055,28688,0.0,0.0
1988-10-04 00:00:00-04:00,2.6666669845581055,2.6666669845581055,2.6666669845581055,2.6666669845581055,0,0.0,0.0
1988-10-05 00:00:00-04:00,0.0,2.933332920074463,2.6666669845581055,2.6666669845581055,4125,0.0,0.0
1988-10-06 00:00:00-04:00,0.0,2.933332920074463,2.6666669845581055,2.6666669845581055,188,0.0,0.0
1988-10-07 00:00:00-04:00,0.0,2.933332920074463,2.799999952316284,2.799999952316284,7875,0.0,0.0
1988-10-10 00:00:00-04:00,0.0,2.933332920074463,2.799999952316284,2.799999952316284,188,0.0,0.0
1988-10-11 00:00:00-04:00,0.0,3.200000047683716,2.933332920074463,2.933332920074463,1875,0.0,0.0
1988-10-12 00:00:00-04:00,0.0,3.066667079925537,2.6666669845581055,2.6666669845581055,8063,0.0,0.0
1988-10-13 00:00:00-04:00,2.6666669845581055,2.6666669845581055,2.6666669845581055,2.6666669845581055,0,0.0,0.0
1988-10-14 00:00:00-04:00,2.6666669845581055,2.6666669845581055,2.6666669845581055,2.6666669845581055,0,0.0,0.0
1988-10-17 00:00:00-04:00,0.0,3.066667079925537,2.6666669845581055,2.6666669845581055,5063,0.0,0.0
1988-10-18 00:00:00-04:00,0.0,3.066667079925537,2.6666669845581055,2.6666669845581055,22688,0.0,0.0
1988-10-19 00:00:00-04:00,0.0,3.200000047683716,2.933332920074463,2.933332920074463,24000,0.0,0.0
1988-10-20 00:00:00-04:00,0.0,3.200000047683716,2.933332920074463,2.933332920074463,11250,0.0,0.0
1988-10-21 00:00:00-04:00,0.0,3.200000047683716,2.933332920074463,2.933332920074463,188,0.0,0.0
1988-10-24 00:00:00-04:00,2.933332920074463,2.933332920074463,2.933332920074463,2.933332920074463,0,0.0,0.0
1988-10-25 00:00:00-04:00,0.0,3.200000047683716,2.933332920074463,2.933332920074463,1125,0.0,0.0
1988-10-26 00:00:00-04:00,0.0,3.200000047683716,2.933332920074463,2.933332920074463,938,0.0,0.0
1988-10-27 00:00:00-04:00,0.0,3.200000047683716,2.933332920074463,2.933332920074463,375,0.0,0.0
1988-10-28 00:00:00-04:00,0.0,3.200000047683716,2.933332920074463,2.933332920074463,15563,0.0,0.0
1988-10-31 00:00:00-05:00,0.0,3.200000047683716,2.933332920074463,2.933332920074463,2625,0.0,0.0
1988-11-01 00:00:00-05:00,2.933332920074463,2.933332920074463,2.933332920074463,2.933332920074463,0,0.0,0.0
1988-11-02 00:00:00-05:00,0.0,3.200000047683716,2.933332920074463,2.933332920074463,5813,0.0,0.0
1988-11-03 00:00:00-05:00,0.0,3.200000047683716,2.933332920074463,2.933332920074463,16688,0.0,0.0
1988-11-04 00:00:00-05:00,0.0,3.200000047683716,2.933332920074463,2.933332920074463,188,0.0,0.0
1988-11-07 00:00:00-05:00,2.933332920074463,2.933332920074463,2.933332920074463,2.933332920074463,0,0.0,0.0
1988-11-08 00:00:00-05:00,0.0,3.066667079925537,2.799999952316284,2.799999952316284,3000,0.0,0.0
1988-11-09 00:00:00-05:00,0.0,2.933332920074463,2.6666669845581055,2.6666669845581055,6750,0.0,0.0
1988-11-10 00:00:00-05:00,0.0,2.933332920074463,2.6666669845581055,2.6666669845581055,1875,0.0,0.0
1988-11-11 00:00:00-05:00,0.0,2.933332920074463,2.6666669845581055,2.6666669845581055,1875,0.0,0.0
1988-11-14 00:00:00-05:00,0.0,2.933332920074463,2.6666669845581055,2.6666669845581055,1875,0.0,0.0
1988-11-15 00:00:00-05:00,0.0,2.933332920074463,2.6666669845581055,2.6666669845581055,563,0.0,0.0
1988-11-16 00:00:00-05:00,0.0,2.933332920074463,2.6666669845581055,2.6666669845581055,1313,0.0,0.0
1988-11-17 00:00:00-05:00,0.0,2.933332920074463,2.6666669845581055,2.6666669845581055,375,0.0,0.0
1988-11-18 00:00:00-05:00,0.0,2.933332920074463,2.6666669845581055,2.6666669845581055,3000,0.0,0.0
1988-11-21 00:00:00-05:00,0.0,2.933332920074463,2.6666669845581055,2.6666669845581055,3375,0.0,0.0
1988-11-22 00:00:00-05:00,0.0,2.933332920074463,2.6666669845581055,2.6666669845581055,4875,0.0,0.0
1988-11-23 00:00:00-05:00,2.6666669845581055,2.6666669845581055,2.6666669845581055,2.6666669845581055,0,0.0,0.0
1988-11-25 00:00:00-05:00,0.0,2.933332920074463,2.6666669845581055,2.6666669845581055,1125,0.0,0.0
1988-11-28 00:00:00-05:00,2.6666669845581055,2.6666669845581055,2.6666669845581055,2.6666669845581055,0,0.0,0.0
1988-11-29 00:00:00-05:00,0.0,2.933332920074463,2.6666669845581055,2.6666669845581055,2250,0.0,0.0
1988-11-30 00:00:00-05:00,0.0,2.933332920074463,2.733333110809326,2.733333110809326,6563,0.0,0.0
1988-12-01 00:00:00-05:00,0.0,2.8666670322418213,2.733333110809326,2.733333110809326,5625,0.0,0.0
1988-12-02 00:00:00-05:00,0.0,2.933332920074463,2.733333110809326,2.733333110809326,7875,0.0,0.0
1988-12-05 00:00:00-05:00,2.733333110809326,2.733333110809326,2.733333110809326,2.733333110809326,0,0.0,0.0
1988-12-06 00:00:00-05:00,0.0,2.8666670322418213,2.733333110809326,2.733333110809326,563,0.0,0.0
1988-12-07 00:00:00-05:00,0.0,2.8666670322418213,2.733333110809326,2.733333110809326,563,0.0,0.0
1988-12-08 00:00:00-05:00,2.733333110809326,2.733333110809326,2.733333110809326,2.733333110809326,0,0.0,0.0
1988-12-09 00:00:00-05:00,0.0,2.8666670322418213,2.733333110809326,2.733333110809326,750,0.0,0.0
1988-12-12 00:00:00-05:00,0.0,2.8666670322418213,2.6666669845581055,2.6666669845581055,3563,0.0,0.0
1988-12-13 00:00:00-05:00,0.0,2.8666670322418213,2.6666669845581055,2.6666669845581055,2438,0.0,0.0
1988-12-14 00:00:00-05:00,2.6666669845581055,2.6666669845581055,2.6666669845581055,2.6666669845581055,0,0.0,0.0
1988-12-15 00:00:00-05:00,0.0,2.8666670322418213,2.6666669845581055,2.6666669845581055,188,0.0,0.0
1988-12-16 00:00:00-05:00,0.0,2.8666670322418213,2.733333110809326,2.733333110809326,563,0.0,0.0
1988-12-19 00:00:00-05:00,0.0,2.8666670322418213,2.733333110809326,2.733333110809326,4875,0.0,0.0
1988-12-20 00:00:00-05:00,0.0,2.8666670322418213,2.733333110809326,2.733333110809326,375,0.0,0.0
1988-12-21 00:00:00-05:00,0.0,2.8666670322418213,2.733333110809326,2.733333110809326,2250,0.0,0.0
1988-12-22 00:00:00-05:00,0.0,2.8666670322418213,2.733333110809326,2.733333110809326,2625,0.0,0.0
1988-12-23 00:00:00-05:00,0.0,2.8666670322418213,2.6666669845581055,2.6666669845581055,3750,0.0,0.0
1988-12-27 00:00:00-05:00,0.0,2.799999952316284,2.6666669845581055,2.6666669845581055,6000,0.0,0.0
1988-12-28 00:00:00-05:00,0.0,2.799999952316284,2.6666669845581055,2.6666669845581055,3375,0.0,0.0
1988-12-29 00:00:00-05:00,0.0,2.799999952316284,2.5333330631256104,2.5333330631256104,9750,0.0,0.0
1988-12-30 00:00:00-05:00,0.0,2.799999952316284,2.5333330631256104,2.5333330631256104,2063,0.0,0.0
1989-01-03 00:00:00-05:00,2.5333330631256104,2.5333330631256104,2.5333330631256104,2.5333330631256104,0,0.0,0.0
1989-01-04 00:00:00-05:00,0.0,2.799999952316284,2.5333330631256104,2.5333330631256104,188,0.0,0.0
1989-01-05 00:00:00-05:00,2.5333330631256104,2.5333330631256104,2.5333330631256104,2.5333330631256104,0,0.0,0.0
1989-01-06 00:00:00-05:00,0.0,2.6666669845581055,2.4000000953674316,2.4000000953674316,3938,0.0,0.0
1989-01-09 00:00:00-05:00,0.0,2.6666669845581055,2.4000000953674316,2.4000000953674316,1313,0.0,0.0
1989-01-10 00:00:00-05:00,0.0,2.6666669845581055,2.4000000953674316,2.4000000953674316,2063,0.0,0.0
1989-01-11 00:00:00-05:00,0.0,2.6666669845581055,2.4000000953674316,2.4000000953674316,2813,0.0,0.0
1989-01-12 00:00:00-05:00,0.0,2.6666669845581055,2.4000000953674316,2.4000000953674316,2438,0.0,0.0
1989-01-13 00:00:00-05:00,0.0,2.799999952316284,2.4000000953674316,2.4000000953674316,2063,0.0,0.0
1989-01-16 00:00:00-05:00,0.0,2.6666669845581055,2.4000000953674316,2.4000000953674316,3750,0.0,0.0
1989-01-17 00:00:00-05:00,0.0,2.6666669845581055,2.4000000953674316,2.4000000953674316,19125,0.0,0.0
1989-01-18 00:00:00-05:00,0.0,2.6666669845581055,2.4000000953674316,2.4000000953674316,1125,0.0,0.0
1989-01-19 00:00:00-05:00,0.0,2.6666669845581055,2.4000000953674316,2.4000000953674316,3188,0.0,0.0
1989-01-20 00:00:00-05:00,0.0,2.6666669845581055,2.4000000953674316,2.4000000953674316,4688,0.0,0.0
1989-01-23 00:00:00-05:00,2.4000000953674316,2.4000000953674316,2.4000000953674316,2.4000000953674316,0,0.0,0.0
1989-01-24 00:00:00-05:00,0.0,2.6666669845581055,2.4000000953674316,2.4000000953674316,6563,0.0,0.0
1989-01-25 00:00:00-05:00,0.0,2.6666669845581055,2.4000000953674316,2.4000000953674316,1500,0.0,0.0
1989-01-26 00:00:00-05:00,2.4000000953674316,2.4000000953674316,2.4000000953674316,2.4000000953674316,0,0.0,0.0
1989-01-27 00:00:00-05:00,0.0,2.6666669845581055,2.5333330631256104,2.5333330631256104,4500,0.0,0.0
1989-01-30 00:00:00-05:00,2.5333330631256104,2.5333330631256104,2.5333330631256104,2.5333330631256104,0,0.0,0.0
1989-01-31 00:00:00-05:00,0.0,2.6666669845581055,2.5333330631256104,2.5333330631256104,12938,0.0,0.0
1989-02-01 00:00:00-05:00,0.0,2.6666669845581055,2.5333330631256104,2.5333330631256104,4688,0.0,0.0
1989-02-02 00:00:00-05:00,0.0,2.799999952316284,2.5333330631256104,2.5333330631256104,3750,0.0,0.0
1989-02-03 00:00:00-05:00,0.0,3.3333330154418945,2.933332920074463,2.933332920074463,29813,0.0,0.0
1989-02-06 00:00:00-05:00,0.0,3.3333330154418945,3.200000047683716,3.200000047683716,26813,0.0,0.0
1989-02-07 00:00:00-05:00,0.0,3.3333330154418945,3.200000047683716,3.200000047683716,3750,0.0,0.0
1989-02-08 00:00:00-05:00,0.0,3.4666669368743896,3.200000047683716,3.200000047683716,4125,0.0,0.0
1989-02-09 00:00:00-05:00,0.0,3.4666669368743896,3.200000047683716,3.200000047683716,2063,0.0,0.0
1989-02-10 00:00:00-05:00,0.0,3.4666669368743896,3.200000047683716,3.200000047683716,6188,0.0,0.0
1989-02-13 00:00:00-05:00,0.0,3.733333110809326,3.4666669368743896,3.4666669368743896,21188,0.0,0.0
1989-02-14 00:00:00-05:00,0.0,3.8666670322418213,3.5999999046325684,3.5999999046325684,8438,0.0,0.0
1989-02-15 00:00:00-05:00,0.0,4.266666889190674,4.0,4.0,36375,0.0,0.0
1989-02-16 00:00:00-05:00,0.0,4.6666669845581055,4.400000095367432,4.400000095367432,39375,0.0,0.0
1989-02-17 00:00:00-05:00,0.0,4.133333206176758,3.8666670322418213,3.8666670322418213,145875,0.0,0.0
1989-02-21 00:00:00-05:00,0.0,3.8666670322418213,3.5999999046325684,3.5999999046325684,25688,0.0,0.0
1989-02-22 00:00:00-05:00,0.0,3.733333110809326,3.4666669368743896,3.4666669368743896,9375,0.0,0.0
1989-02-23 00:00:00-05:00,0.0,4.0,3.733333110809326,3.733333110809326,20250,0.0,0.0
1989-02-24 00:00:00-05:00,0.0,4.0,3.733333110809326,3.733333110809326,10313,0.0,0.0
1989-02-27 00:00:00-05:00,0.0,3.8666670322418213,3.5999999046325684,3.5999999046325684,15938,0.0,0.0
1989-02-28 00:00:00-05:00,0.0,3.8666670322418213,3.5999999046325684,3.5999999046325684,5625,0.0,0.0
1989-03-01 00:00:00-05:00,0.0,3.8666670322418213,3.5999999046325684,3.5999999046325684,3188,0.0,0.0
1989-03-02 00:00:00-05:00,0.0,3.3333330154418945,2.933332920074463,2.933332920074463,28125,0.0,0.0
1989-03-03 00:00:00-05:00,0.0,3.3333330154418945,3.066667079925537,3.066667079925537,8625,0.0,0.0
1989-03-06 00:00:00-05:00,0.0,3.4666669368743896,3.066667079925537,3.066667079925537,27000,0.0,0.0
1989-03-07 00:00:00-05:00,0.0,3.3333330154418945,3.066667079925537,3.066667079925537,2250,0.0,0.0
1989-03-08 00:00:00-05:00,0.0,3.4666669368743896,3.200000047683716,3.200000047683716,6750,0.0,0.0
1989-03-09 00:00:00-05:00,0.0,3.4666669368743896,3.3333330154418945,3.3333330154418945,10313,0.0,0.0
1989-03-10 00:00:00-05:00,0.0,3.4666669368743896,3.066667079925537,3.066667079925537,11063,0.0,0.0
1989-03-13 00:00:00-05:00,0.0,3.4666669368743896,3.066667079925537,3.066667079925537,3750,0.0,0.0
1989-03-14 00:00:00-05:00,0.0,3.4666669368743896,3.066667079925537,3.066667079925537,1875,0.0,0.0
1989-03-15 00:00:00-05:00,0.0,3.4666669368743896,3.066667079925537,3.066667079925537,1875,0.0,0.0
1989-03-16 00:00:00-05:00,0.0,3.3333330154418945,3.066667079925537,3.066667079925537,2250,0.0,0.0
1989-03-17 00:00:00-05:00,0.0,3.4666669368743896,3.066667079925537,3.066667079925537,4688,0.0,0.0
1989-03-20 00:00:00-05:00,0.0,3.3333330154418945,3.066667079925537,3.066667079925537,7875,0.0,0.0
1989-03-21 00:00:00-05:00,0.0,3.5999999046325684,3.3333330154418945,3.3333330154418945,23438,0.0,0.0
1989-03-22 00:00:00-05:00,0.0,3.5999999046325684,3.3333330154418945,3.3333330154418945,4313,0.0,0.0
1989-03-23 00:00:00-05:00,0.0,3.5999999046325684,3.4666669368743896,3.4666669368743896,2813,0.0,0.0
1989-03-27 00:00:00-05:00,0.0,3.5999999046325684,3.3333330154418945,3.3333330154418945,14625,0.0,0.0
1989-03-28 00:00:00-05:00,0.0,3.4666669368743896,3.066667079925537,3.066667079925537,18188,0.0,0.0
1989-03-29 00:00:00-05:00,0.0,3.4666669368743896,3.066667079925537,3.066667079925537,1875,0.0,0.0
1989-03-30 00:00:00-05:00,0.0,3.3333330154418945,3.066667079925537,3.066667079925537,2063,0.0,0.0
1989-03-31 00:00:00-05:00,0.0,3.3333330154418945,2.933332920074463,2.933332920074463,11438,0.0,0.0
1989-04-03 00:00:00-04:00,0.0,3.3333330154418945,2.933332920074463,2.933332920074463,2063,0.0,0.0
1989-04-04 00:00:00-04:00,0.0,3.3333330154418945,2.933332920074463,2.933332920074463,2625,0.0,0.0
1989-04-05 00:00:00-04:00,0.0,3.200000047683716,2.933332920074463,2.933332920074463,9750,0.0,0.0
1989-04-06 00:00:00-04:00,0.0,3.200000047683716,2.933332920074463,2.933332920074463,4125,0.0,0.0
1989-04-07 00:00:00-04:00,0.0,3.200000047683716,2.933332920074463,2.933332920074463,4500,0.0,0.0
1989-04-10 00:00:00-04:00,0.0,3.066667079925537,2.6666669845581055,2.6666669845581055,9375,0.0,0.0
1989-04-11 00:00:00-04:00,0.0,3.066667079925537,2.6666669845581055,2.6666669845581055,3750,0.0,0.0
1989-04-12 00:00:00-04:00,0.0,3.066667079925537,2.6666669845581055,2.6666669845581055,1688,0.0,0.0
1989-04-13 00:00:00-04:00,0.0,3.066667079925537,2.6666669845581055,2.6666669845581055,938,0.0,0.0
1989-04-14 00:00:00-04:00,0.0,3.066667079925537,2.6666669845581055,2.6666669845581055,2250,0.0,0.0
1989-04-17 00:00:00-04:00,0.0,3.066667079925537,2.799999952316284,2.799999952316284,12375,0.0,0.0
1989-04-18 00:00:00-04:00,0.0,3.066667079925537,2.799999952316284,2.799999952316284,2250,0.0,0.0
1989-04-19 00:00:00-04:00,0.0,3.066667079925537,2.799999952316284,2.799999952316284,4500,0.0,0.0
1989-04-20 00:00:00-04:00,0.0,2.933332920074463,2.799999952316284,2.799999952316284,8625,0.0,0.0
1989-04-21 00:00:00-04:00,0.0,2.933332920074463,2.6666669845581055,2.6666669845581055,5063,0.0,0.0
1989-04-24 00:00:00-04:00,0.0,3.066667079925537,2.6666669845581055,2.6666669845581055,4125,0.0,0.0
1989-04-25 00:00:00-04:00,2.6666669845581055,2.6666669845581055,2.6666669845581055,2.6666669845581055,0,0.0,0.0
1989-04-26 00:00:00-04:00,0.0,2.933332920074463,2.6666669845581055,2.6666669845581055,6750,0.0,0.0
1989-04-27 00:00:00-04:00,0.0,2.933332920074463,2.799999952316284,2.799999952316284,2438,0.0,0.0
1989-04-28 00:00:00-04:00,0.0,3.066667079925537,2.799999952316284,2.799999952316284,12000,0.0,0.0
1989-05-01 00:00:00-04:00,0.0,3.066667079925537,2.799999952316284,2.799999952316284,1313,0.0,0.0
1989-05-02 00:00:00-04:00,0.0,3.066667079925537,2.799999952316284,2.799999952316284,1125,0.0,0.0
1989-05-03 00:00:00-04:00,0.0,3.066667079925537,2.799999952316284,2.799999952316284,1875,0.0,0.0
1989-05-04 00:00:00-04:00,0.0,3.066667079925537,2.6666669845581055,2.6666669845581055,8063,0.0,0.0
1989-05-05 00:00:00-04:00,0.0,2.933332920074463,2.6666669845581055,2.6666669845581055,20625,0.0,0.0
1989-05-08 00:00:00-04:00,0.0,2.933332920074463,2.6666669845581055,2.6666669845581055,9750,0.0,0.0
1989-05-09 00:00:00-04:00,2.6666669845581055,2.6666669845581055,2.6666669845581055,2.6666669845581055,0,0.0,0.0
1989-05-10 00:00:00-04:00,0.0,3.200000047683716,2.799999952316284,2.799999952316284,26063,0.0,0.0
1989-05-11 00:00:00-04:00,0.0,3.200000047683716,2.933332920074463,2.933332920074463,3188,0.0,0.0
1989-05-12 00:00:00-04:00,0.0,3.200000047683716,2.933332920074463,2.933332920074463,14063,0.0,0.0
1989-05-15 00:00:00-04:00,0.0,3.3333330154418945,3.066667079925537,3.066667079925537,18563,0.0,0.0
1989-05-16 00:00:00-04:00,0.0,3.3333330154418945,3.066667079925537,3.066667079925537,6375,0.0,0.0
1989-05-17 00:00:00-04:00,0.0,3.4666669368743896,3.3333330154418945,3.3333330154418945,9375,0.0,0.0
1989-05-18 00:00:00-04:00,0.0,3.4666669368743896,3.200000047683716,3.200000047683716,11250,0.0,0.0
1989-05-19 00:00:00-04:00,0.0,3.4666669368743896,3.200000047683716,3.200000047683716,9563,0.0,0.0
1989-05-22 00:00:00-04:00,0.0,3.4666669368743896,3.200000047683716,3.200000047683716,7875,0.0,0.0
1989-05-23 00:00:00-04:00,0.0,3.4666669368743896,3.200000047683716,3.200000047683716,12563,0.0,0.0
1989-05-24 00:00:00-04:00,0.0,3.4666669368743896,3.200000047683716,3.200000047683716,10875,0.0,0.0
1989-05-25 00:00:00-04:00,0.0,3.4666669368743896,3.200000047683716,3.200000047683716,5250,0.0,0.0
1989-05-26 00:00:00-04:00,0.0,3.4666669368743896,3.200000047683716,3.200000047683716,7875,0.0,0.0
1989-05-30 00:00:00-04:00,0.0,3.4666669368743896,3.200000047683716,3.200000047683716,7125,0.0,0.0
1989-05-31 00:00:00-04:00,0.0,3.4666669368743896,3.200000047683716,3.200000047683716,5250,0.0,0.0
1989-06-01 00:00:00-04:00,0.0,3.4666669368743896,3.200000047683716,3.200000047683716,5438,0.0,0.0
1989-06-02 00:00:00-04:00,0.0,3.5999999046325684,3.3333330154418945,3.3333330154418945,7500,0.0,0.0
1989-06-05 00:00:00-04:00,0.0,3.5999999046325684,3.3333330154418945,3.3333330154418945,6938,0.0,0.0
1989-06-06 00:00:00-04:00,0.0,3.5999999046325684,3.3333330154418945,3.3333330154418945,5063,0.0,0.0
1989-06-07 00:00:00-04:00,0.0,3.5999999046325684,3.3333330154418945,3.3333330154418945,4313,0.0,0.0
1989-06-08 00:00:00-04:00,0.0,3.5999999046325684,3.3333330154418945,3.3333330154418945,4688,0.0,0.0
1989-06-09 00:00:00-04:00,0.0,3.5999999046325684,3.3333330154418945,3.3333330154418945,7313,0.0,0.0
1989-06-12 00:00:00-04:00,0.0,3.5999999046325684,3.3333330154418945,3.3333330154418945,11063,0.0,0.0
1989-06-13 00:00:00-04:00,0.0,3.5999999046325684,3.3333330154418945,3.3333330154418945,15563,0.0,0.0
1989-06-14 00:00:00-04:00,0.0,3.5999999046325684,3.3333330154418945,3.3333330154418945,6938,0.0,0.0
1989-06-15 00:00:00-04:00,0.0,3.4666669368743896,3.066667079925537,3.066667079925537,14438,0.0,0.0
1989-06-16 00:00:00-04:00,0.0,3.4666669368743896,3.066667079925537,3.066667079925537,938,0.0,0.0
1989-06-19 00:00:00-04:00,0.0,3.3333330154418945,3.066667079925537,3.066667079925537,11438,0.0,0.0
1989-06-20 00:00:00-04:00,0.0,3.3333330154418945,3.066667079925537,3.066667079925537,1125,0.0,0.0
1989-06-21 00:00:00-04:00,0.0,3.3333330154418945,3.066667079925537,3.066667079925537,7875,0.0,0.0
1989-06-22 00:00:00-04:00,0.0,3.066667079925537,2.933332920074463,2.933332920074463,11813,0.0,0.0
1989-06-23 00:00:00-04:00,0.0,3.066667079925537,2.933332920074463,2.933332920074463,10688,0.0,0.0
1989-06-26 00:00:00-04:00,0.0,3.066667079925537,2.6666669845581055,2.6666669845581055,14250,0.0,0.0
1989-06-27 00:00:00-04:00,0.0,3.066667079925537,2.6666669845581055,2.6666669845581055,2063,0.0,0.0
1989-06-28 00:00:00-04:00,2.6666669845581055,2.6666669845581055,2.6666669845581055,2.6666669845581055,0,0.0,0.0
1989-06-29 00:00:00-04:00,0.0,2.933332920074463,2.5333330631256104,2.5333330631256104,6563,0.0,0.0
1989-06-30 00:00:00-04:00,2.5333330631256104,2.5333330631256104,2.5333330631256104,2.5333330631256104,0,0.0,0.0
1989-07-03 00:00:00-04:00,2.5333330631256104,2.5333330631256104,2.5333330631256104,2.5333330631256104,0,0.0,0.0
1989-07-05 00:00:00-04:00,0.0,2.933332920074463,2.5333330631256104,2.5333330631256104,188,0.0,0.0
1989-07-06 00:00:00-04:00,0.0,2.799999952316284,2.5333330631256104,2.5333330631256104,1313,0.0,0.0
1989-07-07 00:00:00-04:00,0.0,2.799999952316284,2.5333330631256104,2.5333330631256104,5438,0.0,0.0
1989-07-10 00:00:00-04:00,0.0,2.933332920074463,2.5333330631256104,2.5333330631256104,1500,0.0,0.0
1989-07-11 00:00:00-04:00,0.0,2.933332920074463,2.6666669845581055,2.6666669845581055,375,0.0,0.0
1989-07-12 00:00:00-04:00,0.0,2.933332920074463,2.6666669845581055,2.6666669845581055,1313,0.0,0.0
1989-07-13 00:00:00-04:00,0.0,2.933332920074463,2.5333330631256104,2.5333330631256104,3375,0.0,0.0
1989-07-14 00:00:00-04:00,0.0,2.933332920074463,2.5333330631256104,2.5333330631256104,7688,0.0,0.0
1989-07-17 00:00:00-04:00,0.0,2.799999952316284,2.5333330631256104,2.5333330631256104,375,0.0,0.0
1989-07-18 00:00:00-04:00,0.0,2.799999952316284,2.5333330631256104,2.5333330631256104,4875,0.0,0.0
1989-07-19 00:00:00-04:00,0.0,2.799999952316284,2.5333330631256104,2.5333330631256104,3188,0.0,0.0
1989-07-20 00:00:00-04:00,0.0,2.799999952316284,2.5333330631256104,2.5333330631256104,1688,0.0,0.0
1989-07-21 00:00:00-04:00,0.0,2.799999952316284,2.5333330631256104,2.5333330631256104,2250,0.0,0.0
1989-07-24 00:00:00-04:00,0.0,2.799999952316284,2.5333330631256104,2.5333330631256104,188,0.0,0.0
1989-07-25 00:00:00-04:00,0.0,2.799999952316284,2.5333330631256104,2.5333330631256104,1500,0.0,0.0
1989-07-26 00:00:00-04:00,0.0,2.6666669845581055,2.5333330631256104,2.5333330631256104,7313,0.0,0.0
1989-07-27 00:00:00-04:00,0.0,2.6666669845581055,2.5333330631256104,2.5333330631256104,1500,0.0,0.0
1989-07-28 00:00:00-04:00,0.0,2.6666669845581055,2.5333330631256104,2.5333330631256104,1500,0.0,0.0
1989-07-31 00:00:00-04:00,0.0,2.6666669845581055,2.5333330631256104,2.5333330631256104,563,0.0,0.0
1989-08-01 00:00:00-04:00,0.0,2.6666669845581055,2.4000000953674316,2.4000000953674316,11813,0.0,0.0
1989-08-02 00:00:00-04:00,0.0,2.6666669845581055,2.4000000953674316,2.4000000953674316,1688,0.0,0.0
1989-08-03 00:00:00-04:00,0.0,2.6666669845581055,2.4000000953674316,2.4000000953674316,188,0.0,0.0
1989-08-04 00:00:00-04:00,0.0,2.6666669845581055,2.4000000953674316,2.4000000953674316,188,0.0,0.0
1989-08-07 00:00:00-04:00,0.0,2.6666669845581055,2.4000000953674316,2.4000000953674316,6938,0.0,0.0
1989-08-08 00:00:00-04:00,0.0,2.6666669845581055,2.4000000953674316,2.4000000953674316,1125,0.0,0.0
1989-08-09 00:00:00-04:00,0.0,2.799999952316284,2.4000000953674316,2.4000000953674316,3375,0.0,0.0
1989-08-10 00:00:00-04:00,0.0,2.6666669845581055,2.4000000953674316,2.4000000953674316,2063,0.0,0.0
1989-08-11 00:00:00-04:00,0.0,2.6666669845581055,2.4000000953674316,2.4000000953674316,2438,0.0,0.0
1989-08-14 00:00:00-04:00,0.0,2.6666669845581055,2.4000000953674316,2.4000000953674316,938,0.0,0.0
1989-08-15 00:00:00-04:00,0.0,2.6666669845581055,2.4000000953674316,2.4000000953674316,1125,0.0,0.0
1989-08-16 00:00:00-04:00,0.0,2.6666669845581055,2.4000000953674316,2.4000000953674316,2438,0.0,0.0
1989-08-17 00:00:00-04:00,0.0,2.6666669845581055,2.4000000953674316,2.4000000953674316,375,0.0,0.0
1989-08-18 00:00:00-04:00,0.0,2.6666669845581055,2.4000000953674316,2.4000000953674316,2063,0.0,0.0
1989-08-21 00:00:00-04:00,0.0,2.6666669845581055,2.266666889190674,2.266666889190674,14438,0.0,0.0
1989-08-22 00:00:00-04:00,0.0,2.6666669845581055,2.266666889190674,2.266666889190674,2438,0.0,0.0
1989-08-23 00:00:00-04:00,2.266666889190674,2.266666889190674,2.266666889190674,2.266666889190674,0,0.0,0.0
1989-08-24 00:00:00-04:00,0.0,2.6666669845581055,2.266666889190674,2.266666889190674,3750,0.0,0.0
1989-08-25 00:00:00-04:00,0.0,2.6666669845581055,2.266666889190674,2.266666889190674,4500,0.0,0.0
1989-08-28 00:00:00-04:00,0.0,2.6666669845581055,2.266666889190674,2.266666889190674,750,0.0,0.0
1989-08-29 00:00:00-04:00,0.0,2.5333330631256104,2.1333329677581787,2.1333329677581787,18188,0.0,0.0
1989-08-30 00:00:00-04:00,0.0,2.5333330631256104,2.1333329677581787,2.1333329677581787,2063,0.0,0.0
1989-08-31 00:00:00-04:00,0.0,2.5333330631256104,2.1333329677581787,2.1333329677581787,4688,0.0,0.0
1989-09-01 00:00:00-04:00,0.0,2.5333330631256104,2.1333329677581787,2.1333329677581787,2813,0.0,0.0
1989-09-05 00:00:00-04:00,0.0,2.4000000953674316,2.0,2.0,8813,0.0,0.0
1989-09-06 00:00:00-04:00,0.0,2.4000000953674316,2.0,2.0,3938,0.0,0.0
1989-09-07 00:00:00-04:00,0.0,2.4000000953674316,2.0,2.0,938,0.0,0.0
1989-09-08 00:00:00-04:00,0.0,2.4000000953674316,2.0,2.0,1313,0.0,0.0
1989-09-11 00:00:00-04:00,0.0,2.4000000953674316,2.0,2.0,375,0.0,0.0
1989-09-12 00:00:00-04:00,2.0,2.0,2.0,2.0,0,0.0,0.0
1989-09-13 00:00:00-04:00,0.0,2.266666889190674,2.0,2.0,2625,0.0,0.0
1989-09-14 00:00:00-04:00,0.0,2.266666889190674,2.0,2.0,4313,0.0,0.0
1989-09-15 00:00:00-04:00,2.0,2.0,2.0,2.0,0,0.0,0.0
1989-09-18 00:00:00-04:00,0.0,2.1333329677581787,1.8666670322418213,1.8666670322418213,11438,0.0,0.0
1989-09-19 00:00:00-04:00,0.0,2.1333329677581787,1.8666670322418213,1.8666670322418213,3750,0.0,0.0
1989-09-20 00:00:00-04:00,0.0,2.1333329677581787,1.8666670322418213,1.8666670322418213,2250,0.0,0.0
1989-09-21 00:00:00-04:00,1.8666670322418213,1.8666670322418213,1.8666670322418213,1.8666670322418213,0,0.0,0.0
1989-09-22 00:00:00-04:00,0.0,2.1333329677581787,1.8666670322418213,1.8666670322418213,1125,0.0,0.0
1989-09-25 00:00:00-04:00,0.0,2.1333329677581787,1.8666670322418213,1.8666670322418213,188,0.0,0.0
1989-09-26 00:00:00-04:00,0.0,2.1333329677581787,1.8666670322418213,1.8666670322418213,2063,0.0,0.0
1989-09-27 00:00:00-04:00,1.8666670322418213,1.8666670322418213,1.8666670322418213,1.8666670322418213,0,0.0,0.0
1989-09-28 00:00:00-04:00,0.0,2.1333329677581787,1.8666670322418213,1.8666670322418213,2250,0.0,0.0
1989-09-29 00:00:00-04:00,1.8666670322418213,1.8666670322418213,1.8666670322418213,1.8666670322418213,0,0.0,0.0
1989-10-02 00:00:00-04:00,0.0,2.1333329677581787,1.8666670322418213,1.8666670322418213,375,0.0,0.0
1989-10-03 00:00:00-04:00,0.0,2.1333329677581787,1.8666670322418213,1.8666670322418213,750,0.0,0.0
1989-10-04 00:00:00-04:00,1.8666670322418213,1.8666670322418213,1.8666670322418213,1.8666670322418213,0,0.0,0.0
1989-10-05 00:00:00-04:00,0.0,2.1333329677581787,1.8666670322418213,1.8666670322418213,2250,0.0,0.0
1989-10-06 00:00:00-04:00,0.0,2.1333329677581787,1.8666670322418213,1.8666670322418213,5250,0.0,0.0
1989-10-09 00:00:00-04:00,0.0,2.1333329677581787,1.8666670322418213,1.8666670322418213,750,0.0,0.0
1989-10-10 00:00:00-04:00,0.0,2.0,1.7333329916000366,1.7333329916000366,21375,0.0,0.0
1989-10-11 00:00:00-04:00,0.0,2.0,1.7333329916000366,1.7333329916000366,13313,0.0,0.0
1989-10-12 00:00:00-04:00,0.0,1.7333329916000366,1.4666670560836792,1.4666670560836792,15563,0.0,0.0
1989-10-13 00:00:00-04:00,0.0,1.4666670560836792,1.3333330154418945,1.3333330154418945,18563,0.0,0.0
1989-10-16 00:00:00-04:00,0.0,1.600000023841858,1.399999976158142,1.399999976158142,23813,0.0,0.0
1989-10-17 00:00:00-04:00,0.0,1.8666670322418213,1.600000023841858,1.600000023841858,35438,0.0,0.0
1989-10-18 00:00:00-04:00,0.0,1.8666670322418213,1.600000023841858,1.600000023841858,938,0.0,0.0
1989-10-19 00:00:00-04:00,0.0,2.1333329677581787,1.8666670322418213,1.8666670322418213,16313,0.0,0.0
1989-10-20 00:00:00-04:00,0.0,2.266666889190674,2.0,2.0,20250,0.0,0.0
1989-10-23 00:00:00-04:00,0.0,2.266666889190674,1.8666670322418213,1.8666670322418213,9000,0.0,0.0
1989-10-24 00:00:00-04:00,0.0,2.266666889190674,1.8666670322418213,1.8666670322418213,2625,0.0,0.0
1989-10-25 00:00:00-04:00,0.0,2.266666889190674,1.8666670322418213,1.8666670322418213,750,0.0,0.0
1989-10-26 00:00:00-04:00,0.0,2.266666889190674,1.8666670322418213,1.8666670322418213,563,0.0,0.0
1989-10-27 00:00:00-04:00,0.0,2.266666889190674,2.0,2.0,938,0.0,0.0
1989-10-30 00:00:00-05:00,0.0,2.266666889190674,2.0,2.0,1500,0.0,0.0
1989-10-31 00:00:00-05:00,2.0,2.0,2.0,2.0,0,0.0,0.0
1989-11-01 00:00:00-05:00,0.0,2.266666889190674,2.0,2.0,4875,0.0,0.0
1989-11-02 00:00:00-05:00,0.0,2.266666889190674,2.0,2.0,563,0.0,0.0
1989-11-03 00:00:00-05:00,0.0,2.266666889190674,2.0,2.0,1875,0.0,0.0
1989-11-06 00:00:00-05:00,0.0,2.266666889190674,2.0,2.0,563,0.0,0.0
1989-11-07 00:00:00-05:00,0.0,2.0,1.7333329916000366,1.7333329916000366,21188,0.0,0.0
1989-11-08 00:00:00-05:00,0.0,2.0,1.7333329916000366,1.7333329916000366,2813,0.0,0.0
1989-11-09 00:00:00-05:00,0.0,2.066667079925537,1.7333329916000366,1.7333329916000366,188,0.0,0.0
1989-11-10 00:00:00-05:00,0.0,2.066667079925537,1.7333329916000366,1.7333329916000366,2438,0.0,0.0
1989-11-13 00:00:00-05:00,0.0,2.0,1.7333329916000366,1.7333329916000366,188,0.0,0.0
1989-11-14 00:00:00-05:00,0.0,2.1333329677581787,1.8666670322418213,1.8666670322418213,15375,0.0,0.0
1989-11-15 00:00:00-05:00,0.0,2.1333329677581787,2.0,2.0,21938,0.0,0.0
1989-11-16 00:00:00-05:00,0.0,2.3333330154418945,2.1333329677581787,2.1333329677581787,23438,0.0,0.0
1989-11-17 00:00:00-05:00,0.0,2.4666669368743896,2.266666889190674,2.266666889190674,15375,0.0,0.0
1989-11-20 00:00:00-05:00,0.0,2.4666669368743896,2.266666889190674,2.266666889190674,11813,0.0,0.0
1989-11-21 00:00:00-05:00,0.0,2.266666889190674,2.0,2.0,23063,0.0,0.0
1989-11-22 00:00:00-05:00,0.0,2.200000047683716,2.0,2.0,1500,0.0,0.0
1989-11-24 00:00:00-05:00,0.0,2.200000047683716,2.0,2.0,3750,0.0,0.0
1989-11-27 00:00:00-05:00,0.0,2.200000047683716,2.0,2.0,7313,0.0,0.0
1989-11-28 00:00:00-05:00,0.0,2.1333329677581787,1.8666670322418213,1.8666670322418213,4125,0.0,0.0
1989-11-29 00:00:00-05:00,0.0,2.1333329677581787,1.8666670322418213,1.8666670322418213,2813,0.0,0.0
1989-11-30 00:00:00-05:00,0.0,2.1333329677581787,1.8666670322418213,1.8666670322418213,1875,0.0,0.0
1989-12-01 00:00:00-05:00,1.8666670322418213,1.8666670322418213,1.8666670322418213,1.8666670322418213,0,0.0,0.0
1989-12-04 00:00:00-05:00,0.0,2.1333329677581787,1.8666670322418213,1.8666670322418213,1875,0.0,0.0
1989-12-05 00:00:00-05:00,0.0,2.1333329677581787,1.8666670322418213,1.8666670322418213,14625,0.0,0.0
1989-12-06 00:00:00-05:00,0.0,2.1333329677581787,1.8666670322418213,1.8666670322418213,3000,0.0,0.0
1989-12-07 00:00:00-05:00,0.0,2.1333329677581787,1.8666670322418213,1.8666670322418213,1125,0.0,0.0
1989-12-08 00:00:00-05:00,0.0,2.1333329677581787,1.8666670322418213,1.8666670322418213,375,0.0,0.0
1989-12-11 00:00:00-05:00,0.0,2.0,1.7333329916000366,1.7333329916000366,15000,0.0,0.0
1989-12-12 00:00:00-05:00,0.0,2.0,1.7333329916000366,1.7333329916000366,1875,0.0,0.0
1989-12-13 00:00:00-05:00,0.0,2.0,1.7333329916000366,1.7333329916000366,938,0.0,0.0
1989-12-14 00:00:00-05:00,0.0,1.9333330392837524,1.7333329916000366,1.7333329916000366,8438,0.0,0.0
1989-12-15 00:00:00-05:00,0.0,1.7333329916000366,1.600000023841858,1.600000023841858,20250,0.0,0.0
1989-12-18 00:00:00-05:00,0.0,1.7333329916000366,1.4666670560836792,1.4666670560836792,4313,0.0,0.0
1989-12-19 00:00:00-05:00,0.0,1.7333329916000366,1.5333329439163208,1.5333329439163208,29063,0.0,0.0
1989-12-20 00:00:00-05:00,0.0,1.9333330392837524,1.6666669845581055,1.6666669845581055,18375,0.0,0.0
1989-12-21 00:00:00-05:00,0.0,2.0,1.7999999523162842,1.7999999523162842,15000,0.0,0.0
1989-12-22 00:00:00-05:00,0.0,1.9333330392837524,1.8666670322418213,1.8666670322418213,28125,0.0,0.0
1989-12-26 00:00:00-05:00,0.0,1.9333330392837524,1.6666669845581055,1.6666669845581055,9938,0.0,0.0
1989-12-27 00:00:00-05:00,0.0,1.9333330392837524,1.6666669845581055,1.6666669845581055,5438,0.0,0.0
1989-12-28 00:00:00-05:00,0.0,1.9333330392837524,1.7333329916000366,1.7333329916000366,11625,0.0,0.0
1989-12-29 00:00:00-05:00,0.0,1.9333330392837524,1.7999999523162842,1.7999999523162842,31875,0.0,0.0
1990-01-02 00:00:00-05:00,0.0,2.066667079925537,1.8666670322418213,1.8666670322418213,43688,0.0,0.0
1990-01-03 00:00:00-05:00,0.0,2.200000047683716,2.066667079925537,2.066667079925537,6375,0.0,0.0
1990-01-04 00:00:00-05:00,0.0,2.1333329677581787,1.9333330392837524,1.9333330392837524,30750,0.0,0.0
1990-01-05 00:00:00-05:00,0.0,2.0,1.8666670322418213,1.8666670322418213,4688,0.0,0.0
1990-01-08 00:00:00-05:00,0.0,2.0,1.8666670322418213,1.8666670322418213,1875,0.0,0.0
1990-01-09 00:00:00-05:00,1.8666670322418213,1.8666670322418213,1.8666670322418213,1.8666670322418213,0,0.0,0.0
1990-01-10 00:00:00-05:00,0.0,2.0,1.7999999523162842,1.7999999523162842,25313,0.0,0.0
1990-01-11 00:00:00-05:00,0.0,2.0,1.7999999523162842,1.7999999523162842,2250,0.0,0.0
1990-01-12 00:00:00-05:00,0.0,1.8666670322418213,1.7333329916000366,1.7333329916000366,2813,0.0,0.0
1990-01-15 00:00:00-05:00,0.0,1.8666670322418213,1.7333329916000366,1.7333329916000366,1313,0.0,0.0
1990-01-16 00:00:00-05:00,0.0,1.7999999523162842,1.7333329916000366,1.7333329916000366,4500,0.0,0.0
1990-01-17 00:00:00-05:00,0.0,1.8666670322418213,1.7333329916000366,1.7333329916000366,3750,0.0,0.0
1990-01-18 00:00:00-05:00,0.0,1.8666670322418213,1.7333329916000366,1.7333329916000366,3375,0.0,0.0
1990-01-19 00:00:00-05:00,0.0,2.0,1.8666670322418213,1.8666670322418213,12188,0.0,0.0
1990-01-22 00:00:00-05:00,0.0,2.0,1.8666670322418213,1.8666670322418213,4500,0.0,0.0
1990-01-23 00:00:00-05:00,1.8666670322418213,1.8666670322418213,1.8666670322418213,1.8666670322418213,0,0.0,0.0
1990-01-24 00:00:00-05:00,0.0,1.9333330392837524,1.7999999523162842,1.7999999523162842,11625,0.0,0.0
1990-01-25 00:00:00-05:00,0.0,1.9333330392837524,1.7999999523162842,1.7999999523162842,1875,0.0,0.0
1990-01-26 00:00:00-05:00,1.7999999523162842,1.7999999523162842,1.7999999523162842,1.7999999523162842,0,0.0,0.0
1990-01-29 00:00:00-05:00,0.0,1.8666670322418213,1.7333329916000366,1.7333329916000366,4875,0.0,0.0
1990-01-30 00:00:00-05:00,0.0,1.7333329916000366,1.6666669845581055,1.6666669845581055,32813,0.0,0.0
1990-01-31 00:00:00-05:00,0.0,1.7333329916000366,1.6666669845581055,1.6666669845581055,1125,0.0,0.0
1990-02-01 00:00:00-05:00,0.0,1.7999999523162842,1.7333329916000366,1.7333329916000366,1500,0.0,0.0
1990-02-02 00:00:00-05:00,0.0,1.9333330392837524,1.7999999523162842,1.7999999523162842,6000,0.0,0.0
1990-02-05 00:00:00-05:00,0.0,1.9333330392837524,1.7999999523162842,1.7999999523162842,12750,0.0,0.0
1990-02-06 00:00:00-05:00,1.7999999523162842,1.7999999523162842,1.7999999523162842,1.7999999523162842,0,0.0,0.0
1990-02-07 00:00:00-05:00,0.0,1.9333330392837524,1.7999999523162842,1.7999999523162842,23250,0.0,0.0
1990-02-08 00:00:00-05:00,0.0,1.9333330392837524,1.7999999523162842,1.7999999523162842,2625,0.0,0.0
1990-02-09 00:00:00-05:00,0.0,1.9333330392837524,1.7999999523162842,1.7999999523162842,1125,0.0,0.0
1990-02-12 00:00:00-05:00,0.0,2.0,1.8666670322418213,1.8666670322418213,7125,0.0,0.0
1990-02-13 00:00:00-05:00,0.0,2.0,1.8666670322418213,1.8666670322418213,563,0.0,0.0
1990-02-14 00:00:00-05:00,0.0,2.0,1.8666670322418213,1.8666670322418213,938,0.0,0.0
1990-02-15 00:00:00-05:00,0.0,2.0,1.8666670322418213,1.8666670322418213,3750,0.0,0.0
1990-02-16 00:00:00-05:00,0.0,2.0,1.8666670322418213,1.8666670322418213,188,0.0,0.0
1990-02-20 00:00:00-05:00,0.0,2.0,1.8666670322418213,1.8666670322418213,4688,0.0,0.0
1990-02-21 00:00:00-05:00,0.0,2.0,1.8666670322418213,1.8666670322418213,2813,0.0,0.0
1990-02-22 00:00:00-05:00,0.0,2.0,1.8666670322418213,1.8666670322418213,5063,0.0,0.0
1990-02-23 00:00:00-05:00,0.0,2.0,1.8666670322418213,1.8666670322418213,2250,0.0,0.0
1990-02-26 00:00:00-05:00,0.0,2.0,1.8666670322418213,1.8666670322418213,4125,0.0,0.0
1990-02-27 00:00:00-05:00,0.0,2.1333329677581787,2.0,2.0,3750,0.0,0.0
1990-02-28 00:00:00-05:00,0.0,2.266666889190674,2.0,2.0,3000,0.0,0.0
1990-03-01 00:00:00-05:00,0.0,2.4000000953674316,2.066667079925537,2.066667079925537,20813,0.0,0.0
1990-03-02 00:00:00-05:00,0.0,2.3333330154418945,2.1333329677581787,2.1333329677581787,5625,0.0,0.0
1990-03-05 00:00:00-05:00,0.0,2.3333330154418945,2.066667079925537,2.066667079925537,8250,0.0,0.0
1990-03-06 00:00:00-05:00,0.0,2.266666889190674,2.0,2.0,12000,0.0,0.0
1990-03-07 00:00:00-05:00,0.0,2.266666889190674,2.0,2.0,2063,0.0,0.0
1990-03-08 00:00:00-05:00,0.0,2.3333330154418945,2.0,2.0,1125,0.0,0.0
1990-03-09 00:00:00-05:00,0.0,2.266666889190674,2.066667079925537,2.066667079925537,9938,0.0,0.0
1990-03-12 00:00:00-05:00,0.0,2.266666889190674,2.066667079925537,2.066667079925537,2438,0.0,0.0
1990-03-13 00:00:00-05:00,0.0,2.266666889190674,2.0,2.0,3000,0.0,0.0
1990-03-14 00:00:00-05:00,0.0,2.266666889190674,2.0,2.0,8438,0.0,0.0
1990-03-15 00:00:00-05:00,0.0,2.266666889190674,2.0,2.0,3750,0.0,0.0
1990-03-16 00:00:00-05:00,2.0,2.0,2.0,2.0,0,0.0,0.0
1990-03-19 00:00:00-05:00,2.0,2.0,2.0,2.0,0,0.0,0.0
1990-03-20 00:00:00-05:00,0.0,2.266666889190674,2.0,2.0,4500,0.0,0.0
1990-03-21 00:00:00-05:00,0.0,2.266666889190674,2.0,2.0,2438,0.0,0.0
1990-03-22 00:00:00-05:00,0.0,2.266666889190674,2.0,2.0,8625,0.0,0.0
1990-03-23 00:00:00-05:00,0.0,2.266666889190674,2.0,2.0,3563,0.0,0.0
1990-03-26 00:00:00-05:00,0.0,2.5333330631256104,2.200000047683716,2.200000047683716,6188,0.0,0.0
1990-03-27 00:00:00-05:00,0.0,2.5333330631256104,2.200000047683716,2.200000047683716,2063,0.0,0.0
1990-03-28 00:00:00-05:00,0.0,2.4666669368743896,2.266666889190674,2.266666889190674,6563,0.0,0.0
1990-03-29 00:00:00-05:00,0.0,2.4666669368743896,2.1333329677581787,2.1333329677581787,9375,0.0,0.0
1990-03-30 00:00:00-05:00,0.0,2.5333330631256104,2.1333329677581787,2.1333329677581787,1875,0.0,0.0
1990-04-02 00:00:00-04:00,2.1333329677581787,2.1333329677581787,2.1333329677581787,2.1333329677581787,0,0.0,0.0
1990-04-03 00:00:00-04:00,0.0,2.5333330631256104,2.066667079925537,2.066667079925537,3750,0.0,0.0
1990-04-04 00:00:00-04:00,0.0,2.5333330631256104,2.066667079925537,2.066667079925537,375,0.0,0.0
1990-04-05 00:00:00-04:00,2.066667079925537,2.066667079925537,2.066667079925537,2.066667079925537,0,0.0,0.0
1990-04-06 00:00:00-04:00,0.0,2.5333330631256104,2.1333329677581787,2.1333329677581787,1875,0.0,0.0
1990-04-09 00:00:00-04:00,0.0,2.5333330631256104,2.1333329677581787,2.1333329677581787,1313,0.0,0.0
1990-04-10 00:00:00-04:00,2.1333329677581787,2.1333329677581787,2.1333329677581787,2.1333329677581787,0,0.0,0.0
1990-04-11 00:00:00-04:00,0.0,2.5333330631256104,2.1333329677581787,2.1333329677581787,3750,0.0,0.0
1990-04-12 00:00:00-04:00,2.1333329677581787,2.1333329677581787,2.1333329677581787,2.1333329677581787,0,0.0,0.0
1990-04-16 00:00:00-04:00,0.0,2.5333330631256104,2.266666889190674,2.266666889190674,2438,0.0,0.0
1990-04-17 00:00:00-04:00,0.0,2.5333330631256104,2.266666889190674,2.266666889190674,3563,0.0,0.0
1990-04-18 00:00:00-04:00,0.0,2.5333330631256104,2.266666889190674,2.266666889190674,5625,0.0,0.0
1990-04-19 00:00:00-04:00,2.266666889190674,2.266666889190674,2.266666889190674,2.266666889190674,0,0.0,0.0
1990-04-20 00:00:00-04:00,0.0,2.5333330631256104,2.266666889190674,2.266666889190674,750,0.0,0.0
1990-04-23 00:00:00-04:00,2.266666889190674,2.266666889190674,2.266666889190674,2.266666889190674,0,0.0,0.0
1990-04-24 00:00:00-04:00,0.0,2.5333330631256104,2.266666889190674,2.266666889190674,938,0.0,0.0
1990-04-25 00:00:00-04:00,0.0,2.4000000953674316,2.066667079925537,2.066667079925537,17250,0.0,0.0
1990-04-26 00:00:00-04:00,2.066667079925537,2.066667079925537,2.066667079925537,2.066667079925537,0,0.0,0.0
1990-04-27 00:00:00-04:00,2.066667079925537,2.066667079925537,2.066667079925537,2.066667079925537,0,0.0,0.0
1990-04-30 00:00:00-04:00,0.0,2.4000000953674316,2.066667079925537,2.066667079925537,188,0.0,0.0
1990-05-01 00:00:00-04:00,0.0,2.4000000953674316,2.1333329677581787,2.1333329677581787,375,0.0,0.0
1990-05-02 00:00:00-04:00,0.0,2.4000000953674316,2.200000047683716,2.200000047683716,4875,0.0,0.0
1990-05-03 00:00:00-04:00,0.0,2.4000000953674316,2.1333329677581787,2.1333329677581787,1125,0.0,0.0
1990-05-04 00:00:00-04:00,0.0,2.4000000953674316,2.1333329677581787,2.1333329677581787,1500,0.0,0.0
1990-05-07 00:00:00-04:00,0.0,2.4000000953674316,2.1333329677581787,2.1333329677581787,375,0.0,0.0
1990-05-08 00:00:00-04:00,0.0,2.4000000953674316,2.1333329677581787,2.1333329677581787,3750,0.0,0.0
1990-05-09 00:00:00-04:00,0.0,2.4000000953674316,2.200000047683716,2.200000047683716,2813,0.0,0.0
1990-05-10 00:00:00-04:00,0.0,2.4000000953674316,2.200000047683716,2.200000047683716,938,0.0,0.0
1990-05-11 00:00:00-04:00,2.200000047683716,2.200000047683716,2.200000047683716,2.200000047683716,0,0.0,0.0
1990-05-14 00:00:00-04:00,0.0,2.266666889190674,2.1333329677581787,2.1333329677581787,8063,0.0,0.0
1990-05-15 00:00:00-04:00,0.0,2.266666889190674,2.0,2.0,3938,0.0,0.0
1990-05-16 00:00:00-04:00,0.0,2.266666889190674,2.0,2.0,188,0.0,0.0
1990-05-17 00:00:00-04:00,0.0,2.266666889190674,2.0,2.0,3000,0.0,0.0
1990-05-18 00:00:00-04:00,0.0,2.266666889190674,2.0,2.0,188,0.0,0.0
1990-05-21 00:00:00-04:00,2.0,2.0,2.0,2.0,0,0.0,0.0
1990-05-22 00:00:00-04:00,0.0,2.3333330154418945,2.066667079925537,2.066667079925537,1875,0.0,0.0
1990-05-23 00:00:00-04:00,0.0,2.3333330154418945,2.066667079925537,2.066667079925537,1688,0.0,0.0
1990-05-24 00:00:00-04:00,0.0,2.3333330154418945,2.066667079925537,2.066667079925537,188,0.0,0.0
1990-05-25 00:00:00-04:00,0.0,2.3333330154418945,2.0,2.0,4313,0.0,0.0
1990-05-29 00:00:00-04:00,0.0,2.4000000953674316,2.066667079925537,2.066667079925537,938,0.0,0.0
1990-05-30 00:00:00-04:00,0.0,2.4000000953674316,2.066667079925537,2.066667079925537,2250,0.0,0.0
1990-05-31 00:00:00-04:00,0.0,2.266666889190674,2.066667079925537,2.066667079925537,5625,0.0,0.0
1990-06-01 00:00:00-04:00,0.0,2.266666889190674,2.0,2.0,24375,0.0,0.0
1990-06-04 00:00:00-04:00,0.0,2.200000047683716,2.0,2.0,750,0.0,0.0
1990-06-05 00:00:00-04:00,0.0,2.1333329677581787,2.0,2.0,750,0.0,0.0
1990-06-06 00:00:00-04:00,0.0,2.066667079925537,1.9333330392837524,1.9333330392837524,7875,0.0,0.0
1990-06-07 00:00:00-04:00,0.0,1.9333330392837524,1.7333329916000366,1.7333329916000366,10313,0.0,0.0
1990-06-08 00:00:00-04:00,0.0,1.8666670322418213,1.7333329916000366,1.7333329916000366,13125,0.0,0.0
1990-06-11 00:00:00-04:00,0.0,1.8666670322418213,1.7333329916000366,1.7333329916000366,2063,0.0,0.0
1990-06-12 00:00:00-04:00,0.0,1.8666670322418213,1.7333329916000366,1.7333329916000366,563,0.0,0.0
1990-06-13 00:00:00-04:00,0.0,1.8666670322418213,1.7333329916000366,1.7333329916000366,14063,0.0,0.0
1990-06-14 00:00:00-04:00,0.0,1.8666670322418213,1.7333329916000366,1.7333329916000366,13125,0.0,0.0
1990-06-15 00:00:00-04:00,0.0,1.8666670322418213,1.7333329916000366,1.7333329916000366,563,0.0,0.0
1990-06-18 00:00:00-04:00,0.0,2.0,1.7333329916000366,1.7333329916000366,3750,0.0,0.0
1990-06-19 00:00:00-04:00,0.0,1.9333330392837524,1.7333329916000366,1.7333329916000366,3750,0.0,0.0
1990-06-20 00:00:00-04:00,0.0,1.9333330392837524,1.7333329916000366,1.7333329916000366,8438,0.0,0.0
1990-06-21 00:00:00-04:00,0.0,1.9333330392837524,1.7333329916000366,1.7333329916000366,1875,0.0,0.0
1990-06-22 00:00:00-04:00,0.0,1.9333330392837524,1.7333329916000366,1.7333329916000366,1875,0.0,0.0
1990-06-25 00:00:00-04:00,0.0,1.9333330392837524,1.7333329916000366,1.7333329916000366,3938,0.0,0.0
1990-06-26 00:00:00-04:00,0.0,1.8666670322418213,1.6666669845581055,1.6666669845581055,10875,0.0,0.0
1990-06-27 00:00:00-04:00,0.0,1.8666670322418213,1.6666669845581055,1.6666669845581055,5625,0.0,0.0
1990-06-28 00:00:00-04:00,0.0,1.8666670322418213,1.6666669845581055,1.6666669845581055,2063,0.0,0.0
1990-06-29 00:00:00-04:00,0.0,1.8666670322418213,1.600000023841858,1.600000023841858,2813,0.0,0.0
1990-07-02 00:00:00-04:00,1.600000023841858,1.600000023841858,1.600000023841858,1.600000023841858,0,0.0,0.0
1990-07-03 00:00:00-04:00,0.0,1.8666670322418213,1.600000023841858,1.600000023841858,750,0.0,0.0
1990-07-05 00:00:00-04:00,0.0,1.9333330392837524,1.600000023841858,1.600000023841858,9563,0.0,0.0
1990-07-06 00:00:00-04:00,0.0,2.1333329677581787,1.7333329916000366,1.7333329916000366,4688,0.0,0.0
1990-07-09 00:00:00-04:00,0.0,2.066667079925537,1.7333329916000366,1.7333329916000366,1313,0.0,0.0
1990-07-10 00:00:00-04:00,0.0,2.066667079925537,1.7333329916000366,1.7333329916000366,188,0.0,0.0
1990-07-11 00:00:00-04:00,0.0,2.066667079925537,1.7333329916000366,1.7333329916000366,1875,0.0,0.0
1990-07-12 00:00:00-04:00,0.0,2.0,1.7333329916000366,1.7333329916000366,3000,0.0,0.0
1990-07-13 00:00:00-04:00,0.0,2.0,1.7333329916000366,1.7333329916000366,188,0.0,0.0
1990-07-16 00:00:00-04:00,0.0,2.0,1.7333329916000366,1.7333329916000366,188,0.0,0.0
1990-07-17 00:00:00-04:00,0.0,1.9333330392837524,1.7333329916000366,1.7333329916000366,13313,0.0,0.0
1990-07-18 00:00:00-04:00,0.0,1.9333330392837524,1.7333329916000366,1.7333329916000366,3563,0.0,0.0
1990-07-19 00:00:00-04:00,0.0,1.9333330392837524,1.7333329916000366,1.7333329916000366,8813,0.0,0.0
1990-07-20 00:00:00-04:00,0.0,1.9333330392837524,1.7333329916000366,1.7333329916000366,9938,0.0,0.0
1990-07-23 00:00:00-04:00,0.0,1.9333330392837524,1.7333329916000366,1.7333329916000366,375,0.0,0.0
1990-07-24 00:00:00-04:00,0.0,1.9333330392837524,1.7333329916000366,1.7333329916000366,1313,0.0,0.0
1990-07-25 00:00:00-04:00,0.0,1.9333330392837524,1.7333329916000366,1.7333329916000366,1875,0.0,0.0
1990-07-26 00:00:00-04:00,0.0,1.9333330392837524,1.7333329916000366,1.7333329916000366,188,0.0,0.0
1990-07-27 00:00:00-04:00,0.0,1.8666670322418213,1.7333329916000366,1.7333329916000366,4688,0.0,0.0
1990-07-30 00:00:00-04:00,0.0,1.8666670322418213,1.600000023841858,1.600000023841858,12000,0.0,0.0
1990-07-31 00:00:00-04:00,0.0,2.0,1.7333329916000366,1.7333329916000366,9938,0.0,0.0
1990-08-01 00:00:00-04:00,0.0,2.0,1.7333329916000366,1.7333329916000366,6563,0.0,0.0
1990-08-02 00:00:00-04:00,0.0,1.7333329916000366,1.600000023841858,1.600000023841858,3188,0.0,0.0
1990-08-03 00:00:00-04:00,0.0,1.7333329916000366,1.4666670560836792,1.4666670560836792,19313,0.0,0.0
1990-08-06 00:00:00-04:00,0.0,1.7333329916000366,1.4666670560836792,1.4666670560836792,1313,0.0,0.0
1990-08-07 00:00:00-04:00,0.0,1.7333329916000366,1.4666670560836792,1.4666670560836792,9750,0.0,0.0
1990-08-08 00:00:00-04:00,0.0,1.7333329916000366,1.4666670560836792,1.4666670560836792,2438,0.0,0.0
1990-08-09 00:00:00-04:00,1.4666670560836792,1.4666670560836792,1.4666670560836792,1.4666670560836792,0,0.0,0.0
1990-08-10 00:00:00-04:00,0.0,1.7333329916000366,1.4666670560836792,1.4666670560836792,7500,0.0,0.0
1990-08-13 00:00:00-04:00,0.0,1.7333329916000366,1.4666670560836792,1.4666670560836792,1875,0.0,0.0
1990-08-14 00:00:00-04:00,0.0,1.7333329916000366,1.4666670560836792,1.4666670560836792,5625,0.0,0.0
1990-08-15 00:00:00-04:00,0.0,1.7333329916000366,1.4666670560836792,1.4666670560836792,1875,0.0,0.0
1990-08-16 00:00:00-04:00,0.0,1.7333329916000366,1.4666670560836792,1.4666670560836792,938,0.0,0.0
1990-08-17 00:00:00-04:00,0.0,1.600000023841858,1.3333330154418945,1.3333330154418945,3938,0.0,0.0
1990-08-20 00:00:00-04:00,0.0,1.600000023841858,1.3333330154418945,1.3333330154418945,1875,0.0,0.0
1990-08-21 00:00:00-04:00,0.0,1.600000023841858,1.3333330154418945,1.3333330154418945,9563,0.0,0.0
1990-08-22 00:00:00-04:00,0.0,1.600000023841858,1.3333330154418945,1.3333330154418945,2063,0.0,0.0
1990-08-23 00:00:00-04:00,0.0,1.600000023841858,1.3333330154418945,1.3333330154418945,938,0.0,0.0
1990-08-24 00:00:00-04:00,0.0,1.4666670560836792,1.3333330154418945,1.3333330154418945,10500,0.0,0.0
1990-08-27 00:00:00-04:00,0.0,1.4666670560836792,1.399999976158142,1.399999976158142,13125,0.0,0.0
1990-08-28 00:00:00-04:00,0.0,1.7333329916000366,1.5333329439163208,1.5333329439163208,13125,0.0,0.0
1990-08-29 00:00:00-04:00,0.0,1.600000023841858,1.4666670560836792,1.4666670560836792,11250,0.0,0.0
1990-08-30 00:00:00-04:00,0.0,1.600000023841858,1.4666670560836792,1.4666670560836792,1875,0.0,0.0
1990-08-31 00:00:00-04:00,0.0,1.7333329916000366,1.4666670560836792,1.4666670560836792,5625,0.0,0.0
1990-09-04 00:00:00-04:00,0.0,1.600000023841858,1.3333330154418945,1.3333330154418945,1500,0.0,0.0
1990-09-05 00:00:00-04:00,0.0,1.5333329439163208,1.3333330154418945,1.3333330154418945,4500,0.0,0.0
1990-09-06 00:00:00-04:00,0.0,1.7333329916000366,1.3333330154418945,1.3333330154418945,1875,0.0,0.0
1990-09-07 00:00:00-04:00,0.0,1.7333329916000366,1.4666670560836792,1.4666670560836792,13500,0.0,0.0
1990-09-10 00:00:00-04:00,0.0,1.600000023841858,1.4666670560836792,1.4666670560836792,2438,0.0,0.0
1990-09-11 00:00:00-04:00,0.0,1.600000023841858,1.399999976158142,1.399999976158142,938,0.0,0.0
1990-09-12 00:00:00-04:00,0.0,1.600000023841858,1.399999976158142,1.399999976158142,3750,0.0,0.0
1990-09-13 00:00:00-04:00,0.0,1.600000023841858,1.399999976158142,1.399999976158142,938,0.0,0.0
1990-09-14 00:00:00-04:00,0.0,1.5333329439163208,1.399999976158142,1.399999976158142,6750,0.0,0.0
1990-09-17 00:00:00-04:00,0.0,1.5333329439163208,1.399999976158142,1.399999976158142,4688,0.0,0.0
1990-09-18 00:00:00-04:00,0.0,1.5333329439163208,1.399999976158142,1.399999976158142,1500,0.0,0.0
1990-09-19 00:00:00-04:00,0.0,1.600000023841858,1.399999976158142,1.399999976158142,11625,0.0,0.0
1990-09-20 00:00:00-04:00,0.0,1.4666670560836792,1.3333330154418945,1.3333330154418945,13313,0.0,0.0
1990-09-21 00:00:00-04:00,0.0,1.4666670560836792,1.2000000476837158,1.2000000476837158,47813,0.0,0.0
1990-09-24 00:00:00-04:00,0.0,1.2666670083999634,1.0666669607162476,1.0666669607162476,13313,0.0,0.0
1990-09-25 00:00:00-04:00,0.0,1.2666670083999634,1.0666669607162476,1.0666669607162476,7875,0.0,0.0
1990-09-26 00:00:00-04:00,0.0,1.2000000476837158,0.800000011920929,0.800000011920929,36938,0.0,0.0
1990-09-27 00:00:00-04:00,0.0,1.0666669607162476,0.800000011920929,0.800000011920929,20250,0.0,0.0
1990-09-28 00:00:00-04:00,0.0,1.2000000476837158,1.0,1.0,21375,0.0,0.0
1990-10-01 00:00:00-04:00,0.0,1.2000000476837158,1.0,1.0,375,0.0,0.0
1990-10-02 00:00:00-04:00,0.0,1.3333330154418945,1.0666669607162476,1.0666669607162476,24938,0.0,0.0
1990-10-03 00:00:00-04:00,0.0,1.3333330154418945,1.0666669607162476,1.0666669607162476,10313,0.0,0.0
1990-10-04 00:00:00-04:00,0.0,1.3333330154418945,1.0666669607162476,1.0666669607162476,8063,0.0,0.0
1990-10-05 00:00:00-04:00,0.0,1.3333330154418945,1.0666669607162476,1.0666669607162476,6563,0.0,0.0
1990-10-08 00:00:00-04:00,0.0,1.3333330154418945,1.0666669607162476,1.0666669607162476,5625,0.0,0.0
1990-10-09 00:00:00-04:00,0.0,1.3333330154418945,1.0666669607162476,1.0666669607162476,4688,0.0,0.0
1990-10-10 00:00:00-04:00,0.0,1.3333330154418945,1.0666669607162476,1.0666669607162476,750,0.0,0.0
1990-10-11 00:00:00-04:00,1.0666669607162476,1.0666669607162476,1.0666669607162476,1.0666669607162476,0,0.0,0.0
1990-10-12 00:00:00-04:00,0.0,1.3333330154418945,1.0666669607162476,1.0666669607162476,4125,0.0,0.0
1990-10-15 00:00:00-04:00,0.0,1.3333330154418945,1.0666669607162476,1.0666669607162476,1875,0.0,0.0
1990-10-16 00:00:00-04:00,0.0,1.3333330154418945,1.0666669607162476,1.0666669607162476,7125,0.0,0.0
1990-10-17 00:00:00-04:00,0.0,1.3333330154418945,1.0666669607162476,1.0666669607162476,2813,0.0,0.0
1990-10-18 00:00:00-04:00,0.0,1.3333330154418945,1.0666669607162476,1.0666669607162476,1688,0.0,0.0
1990-10-19 00:00:00-04:00,0.0,1.3333330154418945,1.0666669607162476,1.0666669607162476,563,0.0,0.0
1990-10-22 00:00:00-04:00,0.0,1.3333330154418945,1.0666669607162476,1.0666669607162476,188,0.0,0.0
1990-10-23 00:00:00-04:00,0.0,1.3333330154418945,1.0666669607162476,1.0666669607162476,5813,0.0,0.0
1990-10-24 00:00:00-04:00,0.0,1.3333330154418945,1.0666669607162476,1.0666669607162476,7500,0.0,0.0
1990-10-25 00:00:00-04:00,0.0,1.3333330154418945,1.0666669607162476,1.0666669607162476,5250,0.0,0.0
1990-10-26 00:00:00-04:00,0.0,1.3333330154418945,1.0666669607162476,1.0666669607162476,9375,0.0,0.0
1990-10-29 00:00:00-05:00,0.0,1.2000000476837158,1.0666669607162476,1.0666669607162476,20813,0.0,0.0
1990-10-30 00:00:00-05:00,0.0,1.2000000476837158,1.0666669607162476,1.0666669607162476,3000,0.0,0.0
1990-10-31 00:00:00-05:00,0.0,1.2000000476837158,1.0666669607162476,1.0666669607162476,3750,0.0,0.0
1990-11-01 00:00:00-05:00,0.0,1.2000000476837158,1.0666669607162476,1.0666669607162476,375,0.0,0.0
1990-11-02 00:00:00-05:00,0.0,1.2000000476837158,1.0666669607162476,1.0666669607162476,7688,0.0,0.0
1990-11-05 00:00:00-05:00,0.0,1.2000000476837158,1.0666669607162476,1.0666669607162476,938,0.0,0.0
1990-11-06 00:00:00-05:00,0.0,1.2000000476837158,1.0666669607162476,1.0666669607162476,1125,0.0,0.0
1990-11-07 00:00:00-05:00,0.0,1.2000000476837158,1.0666669607162476,1.0666669607162476,5063,0.0,0.0
1990-11-08 00:00:00-05:00,0.0,1.1333329677581787,1.0666669607162476,1.0666669607162476,375,0.0,0.0
1990-11-09 00:00:00-05:00,0.0,1.2000000476837158,1.0666669607162476,1.0666669607162476,2250,0.0,0.0
1990-11-12 00:00:00-05:00,0.0,1.2000000476837158,1.0666669607162476,1.0666669607162476,8063,0.0,0.0
1990-11-13 00:00:00-05:00,0.0,1.2666670083999634,1.0666669607162476,1.0666669607162476,4875,0.0,0.0
1990-11-14 00:00:00-05:00,0.0,1.2666670083999634,1.0666669607162476,1.0666669607162476,1313,0.0,0.0
1990-11-15 00:00:00-05:00,0.0,1.2000000476837158,1.0666669607162476,1.0666669607162476,750,0.0,0.0
1990-11-16 00:00:00-05:00,0.0,1.2000000476837158,1.0666669607162476,1.0666669607162476,938,0.0,0.0
1990-11-19 00:00:00-05:00,1.0666669607162476,1.0666669607162476,1.0666669607162476,1.0666669607162476,0,0.0,0.0
1990-11-20 00:00:00-05:00,0.0,1.2000000476837158,1.0666669607162476,1.0666669607162476,13688,0.0,0.0
1990-11-21 00:00:00-05:00,0.0,1.2000000476837158,1.0666669607162476,1.0666669607162476,938,0.0,0.0
1990-11-23 00:00:00-05:00,0.0,1.2666670083999634,1.0666669607162476,1.0666669607162476,188,0.0,0.0
1990-11-26 00:00:00-05:00,0.0,1.2000000476837158,1.0666669607162476,1.0666669607162476,938,0.0,0.0
1990-11-27 00:00:00-05:00,0.0,1.2000000476837158,1.0666669607162476,1.0666669607162476,11063,0.0,0.0
1990-11-28 00:00:00-05:00,0.0,1.2000000476837158,1.0666669607162476,1.0666669607162476,2250,0.0,0.0
1990-11-29 00:00:00-05:00,0.0,1.2000000476837158,1.0666669607162476,1.0666669607162476,9938,0.0,0.0
1990-11-30 00:00:00-05:00,0.0,1.2000000476837158,1.0666669607162476,1.0666669607162476,2063,0.0,0.0
1990-12-03 00:00:00-05:00,0.0,1.2000000476837158,1.0666669607162476,1.0666669607162476,1875,0.0,0.0
1990-12-04 00:00:00-05:00,0.0,1.1333329677581787,1.0,1.0,10313,0.0,0.0
1990-12-05 00:00:00-05:00,0.0,1.0666669607162476,0.9333329796791077,0.9333329796791077,9375,0.0,0.0
1990-12-06 00:00:00-05:00,0.0,1.2666670083999634,0.9333329796791077,0.9333329796791077,2625,0.0,0.0
1990-12-07 00:00:00-05:00,0.0,1.2666670083999634,1.0,1.0,563,0.0,0.0
1990-12-10 00:00:00-05:00,0.0,1.0666669607162476,1.0,1.0,35813,0.0,0.0
1990-12-11 00:00:00-05:00,0.0,1.2000000476837158,1.0,1.0,23063,0.0,0.0
1990-12-12 00:00:00-05:00,0.0,1.3333330154418945,1.0666669607162476,1.0666669607162476,1875,0.0,0.0
1990-12-13 00:00:00-05:00,0.0,1.3333330154418945,1.0666669607162476,1.0666669607162476,375,0.0,0.0
1990-12-14 00:00:00-05:00,0.0,1.3333330154418945,1.0666669607162476,1.0666669607162476,3188,0.0,0.0
1990-12-17 00:00:00-05:00,0.0,1.3333330154418945,1.0666669607162476,1.0666669607162476,563,0.0,0.0
1990-12-18 00:00:00-05:00,0.0,1.3333330154418945,1.0666669607162476,1.0666669607162476,10688,0.0,0.0
1990-12-19 00:00:00-05:00,0.0,1.3333330154418945,1.0666669607162476,1.0666669607162476,3750,0.0,0.0
1990-12-20 00:00:00-05:00,0.0,1.3333330154418945,1.0666669607162476,1.0666669607162476,2625,0.0,0.0
1990-12-21 00:00:00-05:00,0.0,1.3333330154418945,1.0666669607162476,1.0666669607162476,938,0.0,0.0
1990-12-24 00:00:00-05:00,0.0,1.3333330154418945,1.0666669607162476,1.0666669607162476,1688,0.0,0.0
1990-12-26 00:00:00-05:00,0.0,1.3333330154418945,1.0666669607162476,1.0666669607162476,11813,0.0,0.0
1990-12-27 00:00:00-05:00,0.0,1.3333330154418945,1.0666669607162476,1.0666669607162476,3938,0.0,0.0
1990-12-28 00:00:00-05:00,0.0,1.2000000476837158,1.0666669607162476,1.0666669607162476,19500,0.0,0.0
1990-12-31 00:00:00-05:00,0.0,1.2000000476837158,1.0666669607162476,1.0666669607162476,4313,0.0,0.0
1991-01-02 00:00:00-05:00,0.0,1.2000000476837158,1.0666669607162476,1.0666669607162476,938,0.0,0.0
1991-01-03 00:00:00-05:00,0.0,1.2000000476837158,1.0666669607162476,1.0666669607162476,8250,0.0,0.0
1991-01-04 00:00:00-05:00,0.0,1.3333330154418945,1.1333329677581787,1.1333329677581787,4500,0.0,0.0
1991-01-07 00:00:00-05:00,0.0,1.2666670083999634,1.1333329677581787,1.1333329677581787,3375,0.0,0.0
1991-01-08 00:00:00-05:00,0.0,1.2666670083999634,1.1333329677581787,1.1333329677581787,2063,0.0,0.0
1991-01-09 00:00:00-05:00,0.0,1.2666670083999634,1.1333329677581787,1.1333329677581787,938,0.0,0.0
1991-01-10 00:00:00-05:00,0.0,1.2000000476837158,1.1333329677581787,1.1333329677581787,11625,0.0,0.0
1991-01-11 00:00:00-05:00,0.0,1.2000000476837158,1.0666669607162476,1.0666669607162476,5813,0.0,0.0
1991-01-14 00:00:00-05:00,0.0,1.1333329677581787,1.0,1.0,20625,0.0,0.0
1991-01-15 00:00:00-05:00,0.0,1.1333329677581787,1.0,1.0,938,0.0,0.0
1991-01-16 00:00:00-05:00,0.0,1.0666669607162476,1.0,1.0,6938,0.0,0.0
1991-01-17 00:00:00-05:00,0.0,1.1333329677581787,1.0,1.0,1500,0.0,0.0
1991-01-18 00:00:00-05:00,0.0,1.1333329677581787,1.0,1.0,188,0.0,0.0
1991-01-21 00:00:00-05:00,0.0,1.1333329677581787,1.0,1.0,2250,0.0,0.0
1991-01-22 00:00:00-05:00,1.0,1.0,1.0,1.0,0,0.0,0.0
1991-01-23 00:00:00-05:00,0.0,1.0666669607162476,1.0,1.0,5063,0.0,0.0
1991-01-24 00:00:00-05:00,0.0,1.0666669607162476,1.0,1.0,3000,0.0,0.0
1991-01-25 00:00:00-05:00,0.0,1.1333329677581787,1.0,1.0,3750,0.0,0.0
1991-01-28 00:00:00-05:00,0.0,1.1333329677581787,1.0,1.0,4313,0.0,0.0
1991-01-29 00:00:00-05:00,0.0,1.1333329677581787,1.0,1.0,14813,0.0,0.0
1991-01-30 00:00:00-05:00,0.0,1.1333329677581787,1.0,1.0,1313,0.0,0.0
1991-01-31 00:00:00-05:00,0.0,1.0666669607162476,1.0,1.0,10500,0.0,0.0
1991-02-01 00:00:00-05:00,0.0,1.0666669607162476,1.0,1.0,1125,0.0,0.0
1991-02-04 00:00:00-05:00,0.0,1.1333329677581787,1.0,1.0,2250,0.0,0.0
1991-02-05 00:00:00-05:00,0.0,1.1333329677581787,1.0,1.0,4688,0.0,0.0
1991-02-06 00:00:00-05:00,1.0,1.0,1.0,1.0,0,0.0,0.0
1991-02-07 00:00:00-05:00,0.0,1.1333329677581787,1.0,1.0,1313,0.0,0.0
1991-02-08 00:00:00-05:00,0.0,1.1333329677581787,1.0,1.0,1875,0.0,0.0
1991-02-11 00:00:00-05:00,0.0,1.0666669607162476,1.0,1.0,10125,0.0,0.0
1991-02-12 00:00:00-05:00,0.0,1.0666669607162476,1.0,1.0,1125,0.0,0.0
1991-02-13 00:00:00-05:00,0.0,1.0666669607162476,1.0,1.0,4500,0.0,0.0
1991-02-14 00:00:00-05:00,0.0,1.0666669607162476,1.0,1.0,2250,0.0,0.0
1991-02-15 00:00:00-05:00,0.0,1.0666669607162476,1.0,1.0,2813,0.0,0.0
1991-02-19 00:00:00-05:00,0.0,1.0666669607162476,1.0,1.0,5625,0.0,0.0
1991-02-20 00:00:00-05:00,0.0,1.0666669607162476,1.0,1.0,4688,0.0,0.0
1991-02-21 00:00:00-05:00,0.0,1.0666669607162476,1.0,1.0,9188,0.0,0.0
1991-02-22 00:00:00-05:00,0.0,1.0666669607162476,1.0,1.0,23625,0.0,0.0
1991-02-25 00:00:00-05:00,0.0,1.1333329677581787,1.0666669607162476,1.0666669607162476,33750,0.0,0.0
1991-02-26 00:00:00-05:00,0.0,1.2000000476837158,1.1333329677581787,1.1333329677581787,26438,0.0,0.0
1991-02-27 00:00:00-05:00,0.0,1.3333330154418945,1.2000000476837158,1.2000000476837158,46875,0.0,0.0
1991-02-28 00:00:00-05:00,0.0,1.3333330154418945,1.2666670083999634,1.2666670083999634,33938,0.0,0.0
1991-03-01 00:00:00-05:00,0.0,1.3333330154418945,1.2666670083999634,1.2666670083999634,7125,0.0,0.0
1991-03-04 00:00:00-05:00,0.0,1.399999976158142,1.2666670083999634,1.2666670083999634,31500,0.0,0.0
1991-03-05 00:00:00-05:00,0.0,1.399999976158142,1.2666670083999634,1.2666670083999634,5250,0.0,0.0
1991-03-06 00:00:00-05:00,0.0,1.399999976158142,1.2666670083999634,1.2666670083999634,54938,0.0,0.0
1991-03-07 00:00:00-05:00,0.0,1.399999976158142,1.2666670083999634,1.2666670083999634,7688,0.0,0.0
1991-03-08 00:00:00-05:00,0.0,1.399999976158142,1.2666670083999634,1.2666670083999634,2813,0.0,0.0
1991-03-11 00:00:00-05:00,0.0,1.399999976158142,1.2666670083999634,1.2666670083999634,4688,0.0,0.0
1991-03-12 00:00:00-05:00,0.0,1.399999976158142,1.2666670083999634,1.2666670083999634,6000,0.0,0.0
1991-03-13 00:00:00-05:00,0.0,1.399999976158142,1.2666670083999634,1.2666670083999634,7875,0.0,0.0
1991-03-14 00:00:00-05:00,0.0,1.399999976158142,1.2666670083999634,1.2666670083999634,3563,0.0,0.0
1991-03-15 00:00:00-05:00,0.0,1.3333330154418945,1.2000000476837158,1.2000000476837158,27188,0.0,0.0
1991-03-18 00:00:00-05:00,0.0,1.2666670083999634,1.1333329677581787,1.1333329677581787,20813,0.0,0.0
1991-03-19 00:00:00-05:00,0.0,1.2666670083999634,1.1333329677581787,1.1333329677581787,1125,0.0,0.0
1991-03-20 00:00:00-05:00,0.0,1.2666670083999634,1.1333329677581787,1.1333329677581787,375,0.0,0.0
1991-03-21 00:00:00-05:00,0.0,1.2666670083999634,1.1333329677581787,1.1333329677581787,22688,0.0,0.0
1991-03-22 00:00:00-05:00,0.0,1.2000000476837158,1.0666669607162476,1.0666669607162476,68063,0.0,0.0
1991-03-25 00:00:00-05:00,0.0,1.2666670083999634,1.0666669607162476,1.0666669607162476,11625,0.0,0.0
1991-03-26 00:00:00-05:00,0.0,1.2666670083999634,1.0666669607162476,1.0666669607162476,35813,0.0,0.0
1991-03-27 00:00:00-05:00,0.0,1.2666670083999634,1.0666669607162476,1.0666669607162476,12938,0.0,0.0
1991-03-28 00:00:00-05:00,0.0,1.2666670083999634,1.0666669607162476,1.0666669607162476,16875,0.0,0.0
1991-04-01 00:00:00-05:00,0.0,1.2666670083999634,1.0666669607162476,1.0666669607162476,21750,0.0,0.0
1991-04-02 00:00:00-05:00,0.0,1.2666670083999634,1.0666669607162476,1.0666669607162476,23438,0.0,0.0
1991-04-03 00:00:00-05:00,0.0,2.0,1.8666670322418213,1.8666670322418213,140438,0.0,0.0
1991-04-04 00:00:00-05:00,0.0,2.1333329677581787,2.0,2.0,118125,0.0,0.0
1991-04-05 00:00:00-05:00,0.0,2.1333329677581787,2.0,2.0,32250,0.0,0.0
1991-04-08 00:00:00-04:00,0.0,2.0,1.7999999523162842,1.7999999523162842,11063,0.0,0.0
1991-04-09 00:00:00-04:00,0.0,2.066667079925537,1.8666670322418213,1.8666670322418213,35625,0.0,0.0
1991-04-10 00:00:00-04:00,0.0,2.066667079925537,1.8666670322418213,1.8666670322418213,6188,0.0,0.0
1991-04-11 00:00:00-04:00,0.0,2.066667079925537,1.8666670322418213,1.8666670322418213,1313,0.0,0.0
1991-04-12 00:00:00-04:00,0.0,2.200000047683716,2.0,2.0,65250,0.0,0.0
1991-04-15 00:00:00-04:00,0.0,2.1333329677581787,1.9333330392837524,1.9333330392837524,26813,0.0,0.0
1991-04-16 00:00:00-04:00,0.0,2.1333329677581787,2.0,2.0,11813,0.0,0.0
1991-04-17 00:00:00-04:00,0.0,2.200000047683716,2.066667079925537,2.066667079925537,54375,0.0,0.0
1991-04-18 00:00:00-04:00,0.0,2.200000047683716,2.066667079925537,2.066667079925537,26063,0.0,0.0
1991-04-19 00:00:00-04:00,0.0,2.200000047683716,2.066667079925537,2.066667079925537,33188,0.0,0.0
1991-04-22 00:00:00-04:00,0.0,2.1333329677581787,2.0,2.0,60750,0.0,0.0
1991-04-23 00:00:00-04:00,0.0,2.1333329677581787,2.0,2.0,46688,0.0,0.0
1991-04-24 00:00:00-04:00,0.0,2.266666889190674,2.1333329677581787,2.1333329677581787,117375,0.0,0.0
1991-04-25 00:00:00-04:00,0.0,2.4000000953674316,2.200000047683716,2.200000047683716,45375,0.0,0.0
1991-04-26 00:00:00-04:00,0.0,2.4000000953674316,2.200000047683716,2.200000047683716,26813,0.0,0.0
1991-04-29 00:00:00-04:00,0.0,2.4000000953674316,2.200000047683716,2.200000047683716,25875,0.0,0.0
1991-04-30 00:00:00-04:00,0.0,2.4000000953674316,2.200000047683716,2.200000047683716,8250,0.0,0.0
1991-05-01 00:00:00-04:00,0.0,2.3333330154418945,2.200000047683716,2.200000047683716,12188,0.0,0.0
1991-05-02 00:00:00-04:00,0.0,2.3333330154418945,2.1333329677581787,2.1333329677581787,12375,0.0,0.0
1991-05-03 00:00:00-04:00,0.0,2.266666889190674,2.1333329677581787,2.1333329677581787,20250,0.0,0.0
1991-05-06 00:00:00-04:00,0.0,2.266666889190674,2.1333329677581787,2.1333329677581787,71250,0.0,0.0
1991-05-07 00:00:00-04:00,0.0,2.4000000953674316,2.200000047683716,2.200000047683716,41813,0.0,0.0
1991-05-08 00:00:00-04:00,0.0,2.3333330154418945,2.200000047683716,2.200000047683716,14250,0.0,0.0
1991-05-09 00:00:00-04:00,0.0,2.3333330154418945,2.200000047683716,2.200000047683716,38438,0.0,0.0
1991-05-10 00:00:00-04:00,0.0,2.3333330154418945,2.200000047683716,2.200000047683716,27000,0.0,0.0
1991-05-13 00:00:00-04:00,0.0,2.3333330154418945,2.266666889190674,2.266666889190674,12000,0.0,0.0
1991-05-14 00:00:00-04:00,0.0,2.3333330154418945,2.200000047683716,2.200000047683716,13688,0.0,0.0
1991-05-15 00:00:00-04:00,0.0,2.3333330154418945,2.200000047683716,2.200000047683716,4500,0.0,0.0
1991-05-16 00:00:00-04:00,0.0,2.3333330154418945,2.200000047683716,2.200000047683716,10125,0.0,0.0
1991-05-17 00:00:00-04:00,0.0,2.3333330154418945,2.200000047683716,2.200000047683716,25313,0.0,0.0
1991-05-20 00:00:00-04:00,0.0,2.4666669368743896,2.3333330154418945,2.3333330154418945,43500,0.0,0.0
1991-05-21 00:00:00-04:00,0.0,2.4666669368743896,2.3333330154418945,2.3333330154418945,63750,0.0,0.0
1991-05-22 00:00:00-04:00,0.0,2.4666669368743896,2.3333330154418945,2.3333330154418945,18750,0.0,0.0
1991-05-23 00:00:00-04:00,0.0,2.4666669368743896,2.266666889190674,2.266666889190674,10688,0.0,0.0
1991-05-24 00:00:00-04:00,0.0,2.3333330154418945,2.200000047683716,2.200000047683716,18375,0.0,0.0
1991-05-28 00:00:00-04:00,0.0,2.3333330154418945,2.1333329677581787,2.1333329677581787,11813,0.0,0.0
1991-05-29 00:00:00-04:00,0.0,2.200000047683716,2.066667079925537,2.066667079925537,13688,0.0,0.0
1991-05-30 00:00:00-04:00,0.0,2.0,1.8666670322418213,1.8666670322418213,25875,0.0,0.0
1991-05-31 00:00:00-04:00,0.0,1.7999999523162842,1.600000023841858,1.600000023841858,36375,0.0,0.0
1991-06-03 00:00:00-04:00,0.0,1.8666670322418213,1.7333329916000366,1.7333329916000366,27000,0.0,0.0
1991-06-04 00:00:00-04:00,0.0,2.066667079925537,1.9333330392837524,1.9333330392837524,33188,0.0,0.0
1991-06-05 00:00:00-04:00,0.0,2.1333329677581787,1.9333330392837524,1.9333330392837524,15375,0.0,0.0
1991-06-06 00:00:00-04:00,0.0,2.1333329677581787,1.9333330392837524,1.9333330392837524,4313,0.0,0.0
1991-06-07 00:00:00-04:00,0.0,2.0,1.8666670322418213,1.8666670322418213,33563,0.0,0.0
1991-06-10 00:00:00-04:00,0.0,2.0,1.8666670322418213,1.8666670322418213,21000,0.0,0.0
1991-06-11 00:00:00-04:00,0.0,2.0,1.8666670322418213,1.8666670322418213,25688,0.0,0.0
1991-06-12 00:00:00-04:00,0.0,2.0,1.8666670322418213,1.8666670322418213,4313,0.0,0.0
1991-06-13 00:00:00-04:00,0.0,2.266666889190674,2.1333329677581787,2.1333329677581787,36000,0.0,0.0
1991-06-14 00:00:00-04:00,0.0,2.4000000953674316,2.266666889190674,2.266666889190674,29813,0.0,0.0
1991-06-17 00:00:00-04:00,0.0,2.3333330154418945,2.200000047683716,2.200000047683716,19688,0.0,0.0
1991-06-18 00:00:00-04:00,0.0,2.3333330154418945,2.200000047683716,2.200000047683716,16688,0.0,0.0
1991-06-19 00:00:00-04:00,0.0,2.3333330154418945,2.200000047683716,2.200000047683716,17438,0.0,0.0
1991-06-20 00:00:00-04:00,0.0,2.266666889190674,2.200000047683716,2.200000047683716,14250,0.0,0.0
1991-06-21 00:00:00-04:00,0.0,2.266666889190674,2.1333329677581787,2.1333329677581787,12563,0.0,0.0
1991-06-24 00:00:00-04:00,0.0,2.1333329677581787,2.0,2.0,21563,0.0,0.0
1991-06-25 00:00:00-04:00,0.0,2.066667079925537,1.9333330392837524,1.9333330392837524,30000,0.0,0.0
1991-06-26 00:00:00-04:00,0.0,2.1333329677581787,1.9333330392837524,1.9333330392837524,16125,0.0,0.0
1991-06-27 00:00:00-04:00,0.0,2.1333329677581787,1.9333330392837524,1.9333330392837524,11063,0.0,0.0
1991-06-28 00:00:00-04:00,0.0,2.200000047683716,2.0,2.0,18000,0.0,0.0
1991-07-01 00:00:00-04:00,0.0,2.200000047683716,2.066667079925537,2.066667079925537,24938,0.0,0.0
1991-07-02 00:00:00-04:00,0.0,2.200000047683716,2.0,2.0,15000,0.0,0.0
1991-07-03 00:00:00-04:00,0.0,2.4666669368743896,2.266666889190674,2.266666889190674,42750,0.0,0.0
1991-07-05 00:00:00-04:00,0.0,3.0,2.799999952316284,2.799999952316284,68438,0.0,0.0
1991-07-08 00:00:00-04:00,0.0,3.200000047683716,3.0,3.0,104813,0.0,0.0
1991-07-09 00:00:00-04:00,0.0,3.266666889190674,3.1333329677581787,3.1333329677581787,87938,0.0,0.0
1991-07-10 00:00:00-04:00,0.0,3.5999999046325684,3.4666669368743896,3.4666669368743896,80438,0.0,0.0
1991-07-11 00:00:00-04:00,0.0,4.0,3.799999952316284,3.799999952316284,108563,0.0,0.0
1991-07-12 00:00:00-04:00,0.0,3.5333330631256104,3.3333330154418945,3.3333330154418945,73125,0.0,0.0
1991-07-15 00:00:00-04:00,0.0,3.8666670322418213,3.733333110809326,3.733333110809326,71813,0.0,0.0
1991-07-16 00:00:00-04:00,0.0,3.933332920074463,3.8666670322418213,3.8666670322418213,58500,0.0,0.0
1991-07-17 00:00:00-04:00,0.0,3.799999952316284,3.733333110809326,3.733333110809326,78188,0.0,0.0
1991-07-18 00:00:00-04:00,0.0,3.733333110809326,3.5999999046325684,3.5999999046325684,46688,0.0,0.0
1991-07-19 00:00:00-04:00,0.0,3.5999999046325684,3.4666669368743896,3.4666669368743896,25500,0.0,0.0
1991-07-22 00:00:00-04:00,0.0,3.3333330154418945,3.200000047683716,3.200000047683716,58125,0.0,0.0
1991-07-23 00:00:00-04:00,0.0,3.3333330154418945,3.200000047683716,3.200000047683716,33938,0.0,0.0
1991-07-24 00:00:00-04:00,0.0,3.3333330154418945,3.266666889190674,3.266666889190674,20438,0.0,0.0
1991-07-25 00:00:00-04:00,0.0,3.8666670322418213,3.6666669845581055,3.6666669845581055,55500,0.0,0.0
1991-07-26 00:00:00-04:00,0.0,3.799999952316284,3.5333330631256104,3.5333330631256104,34688,0.0,0.0
1991-07-29 00:00:00-04:00,0.0,3.4666669368743896,3.3333330154418945,3.3333330154418945,37688,0.0,0.0
1991-07-30 00:00:00-04:00,0.0,3.5333330631256104,3.3333330154418945,3.3333330154418945,15188,0.0,0.0
1991-07-31 00:00:00-04:00,0.0,3.799999952316284,3.733333110809326,3.733333110809326,65625,0.0,0.0
1991-08-01 00:00:00-04:00,0.0,4.400000095367432,4.266666889190674,4.266666889190674,92438,0.0,0.0
1991-08-02 00:00:00-04:00,0.0,4.266666889190674,4.066667079925537,4.066667079925537,63000,0.0,0.0
1991-08-05 00:00:00-04:00,0.0,4.3333330154418945,4.133333206176758,4.133333206176758,28875,0.0,0.0
1991-08-06 00:00:00-04:00,0.0,4.199999809265137,4.0,4.0,44438,0.0,0.0
1991-08-07 00:00:00-04:00,0.0,4.133333206176758,4.0,4.0,24563,0.0,0.0
1991-08-08 00:00:00-04:00,0.0,4.133333206176758,3.8666670322418213,3.8666670322418213,22875,0.0,0.0
1991-08-09 00:00:00-04:00,0.0,3.6666669845581055,3.5333330631256104,3.5333330631256104,53625,0.0,0.0
1991-08-12 00:00:00-04:00,0.0,4.199999809265137,4.0,4.0,113625,0.0,0.0
1991-08-13 00:00:00-04:00,0.0,4.400000095367432,4.199999809265137,4.199999809265137,90188,0.0,0.0
1991-08-14 00:00:00-04:00,0.0,4.400000095367432,4.266666889190674,4.266666889190674,45563,0.0,0.0
1991-08-15 00:00:00-04:00,0.0,4.599999904632568,4.466667175292969,4.466667175292969,47063,0.0,0.0
1991-08-16 00:00:00-04:00,0.0,4.933332920074463,4.733333110809326,4.733333110809326,69375,0.0,0.0
1991-08-19 00:00:00-04:00,0.0,4.866666793823242,4.733333110809326,4.733333110809326,97500,0.0,0.0
1991-08-20 00:00:00-04:00,0.0,4.933332920074463,4.800000190734863,4.800000190734863,76125,0.0,0.0
1991-08-21 00:00:00-04:00,0.0,4.933332920074463,4.800000190734863,4.800000190734863,67500,0.0,0.0
1991-08-22 00:00:00-04:00,0.0,4.933332920074463,4.800000190734863,4.800000190734863,100313,0.0,0.0
1991-08-23 00:00:00-04:00,0.0,5.0,4.866666793823242,4.866666793823242,38625,0.0,0.0
1991-08-26 00:00:00-04:00,0.0,5.466667175292969,5.266666889190674,5.266666889190674,72188,0.0,0.0
1991-08-27 00:00:00-04:00,0.0,5.933332920074463,5.6666669845581055,5.6666669845581055,95250,0.0,0.0
1991-08-28 00:00:00-04:00,0.0,6.3333330154418945,6.066667079925537,6.066667079925537,139875,0.0,0.0
1991-08-29 00:00:00-04:00,0.0,7.133333206176758,6.933332920074463,6.933332920074463,145125,0.0,0.0
1991-08-30 00:00:00-04:00,0.0,6.466667175292969,6.266666889190674,6.266666889190674,90188,0.0,0.0
1991-09-03 00:00:00-04:00,0.0,6.133333206176758,6.0,6.0,74438,0.0,0.0
1991-09-04 00:00:00-04:00,0.0,6.0,5.6666669845581055,5.6666669845581055,110438,0.0,0.0
1991-09-05 00:00:00-04:00,0.0,5.599999904632568,5.3333330154418945,5.3333330154418945,60000,0.0,0.0
1991-09-06 00:00:00-04:00,0.0,5.866666793823242,5.599999904632568,5.599999904632568,77250,0.0,0.0
1991-09-09 00:00:00-04:00,0.0,5.3333330154418945,5.066667079925537,5.066667079925537,40313,0.0,0.0
1991-09-10 00:00:00-04:00,0.0,5.199999809265137,4.933332920074463,4.933332920074463,57375,0.0,0.0
1991-09-11 00:00:00-04:00,0.0,5.3333330154418945,5.133333206176758,5.133333206176758,38625,0.0,0.0
1991-09-12 00:00:00-04:00,0.0,5.3333330154418945,5.133333206176758,5.133333206176758,32438,0.0,0.0
1991-09-13 00:00:00-04:00,0.0,5.266666889190674,4.933332920074463,4.933332920074463,22875,0.0,0.0
1991-09-16 00:00:00-04:00,0.0,5.199999809265137,4.800000190734863,4.800000190734863,41625,0.0,0.0
1991-09-17 00:00:00-04:00,4.800000190734863,4.800000190734863,4.800000190734863,4.800000190734863,0,0.0,0.0
1991-09-18 00:00:00-04:00,0.0,5.133333206176758,4.800000190734863,4.800000190734863,20063,0.0,0.0
1991-09-19 00:00:00-04:00,0.0,5.133333206176758,4.866666793823242,4.866666793823242,15563,0.0,0.0
1991-09-20 00:00:00-04:00,0.0,5.133333206176758,4.933332920074463,4.933332920074463,19125,0.0,0.0
1991-09-23 00:00:00-04:00,0.0,5.0,4.800000190734863,4.800000190734863,34500,0.0,0.0
1991-09-24 00:00:00-04:00,0.0,5.0,4.733333110809326,4.733333110809326,31125,0.0,0.0
1991-09-25 00:00:00-04:00,0.0,5.066667079925537,4.866666793823242,4.866666793823242,37875,0.0,0.0
1991-09-26 00:00:00-04:00,0.0,5.0,4.866666793823242,4.866666793823242,46875,0.0,0.0
1991-09-27 00:00:00-04:00,0.0,5.3333330154418945,5.133333206176758,5.133333206176758,27188,0.0,0.0
1991-09-30 00:00:00-04:00,0.0,5.266666889190674,5.066667079925537,5.066667079925537,77063,0.0,0.0
1991-10-01 00:00:00-04:00,0.0,5.133333206176758,4.866666793823242,4.866666793823242,39750,0.0,0.0
1991-10-02 00:00:00-04:00,0.0,4.800000190734863,4.533332824707031,4.533332824707031,46688,0.0,0.0
1991-10-03 00:00:00-04:00,0.0,4.800000190734863,4.533332824707031,4.533332824707031,23625,0.0,0.0
1991-10-04 00:00:00-04:00,0.0,4.866666793823242,4.599999904632568,4.599999904632568,16688,0.0,0.0
1991-10-07 00:00:00-04:00,0.0,4.866666793823242,4.599999904632568,4.599999904632568,6188,0.0,0.0
1991-10-08 00:00:00-04:00,0.0,4.800000190734863,4.599999904632568,4.599999904632568,23438,0.0,0.0
1991-10-09 00:00:00-04:00,0.0,4.6666669845581055,4.533332824707031,4.533332824707031,47438,0.0,0.0
1991-10-10 00:00:00-04:00,0.0,4.6666669845581055,4.533332824707031,4.533332824707031,94313,0.0,0.0
1991-10-11 00:00:00-04:00,0.0,4.933332920074463,4.733333110809326,4.733333110809326,65063,0.0,0.0
1991-10-14 00:00:00-04:00,0.0,5.3333330154418945,5.133333206176758,5.133333206176758,51375,0.0,0.0
1991-10-15 00:00:00-04:00,0.0,5.199999809265137,5.0,5.0,37688,0.0,0.0
1991-10-16 00:00:00-04:00,0.0,5.066667079925537,4.733333110809326,4.733333110809326,21938,0.0,0.0
1991-10-17 00:00:00-04:00,0.0,5.066667079925537,4.800000190734863,4.800000190734863,28125,0.0,0.0
1991-10-18 00:00:00-04:00,0.0,5.066667079925537,4.800000190734863,4.800000190734863,18000,0.0,0.0
1991-10-21 00:00:00-04:00,0.0,4.800000190734863,4.466667175292969,4.466667175292969,21188,0.0,0.0
1991-10-22 00:00:00-04:00,0.0,4.733333110809326,4.466667175292969,4.466667175292969,15188,0.0,0.0
1991-10-23 00:00:00-04:00,0.0,4.533332824707031,4.400000095367432,4.400000095367432,32063,0.0,0.0
1991-10-24 00:00:00-04:00,0.0,4.466667175292969,4.133333206176758,4.133333206176758,18938,0.0,0.0
1991-10-25 00:00:00-04:00,0.0,4.266666889190674,3.933332920074463,3.933332920074463,41625,0.0,0.0
1991-10-28 00:00:00-05:00,0.0,3.799999952316284,3.5999999046325684,3.5999999046325684,75375,0.0,0.0
1991-10-29 00:00:00-05:00,0.0,3.733333110809326,3.5999999046325684,3.5999999046325684,47250,0.0,0.0
1991-10-30 00:00:00-05:00,0.0,4.0,3.733333110809326,3.733333110809326,59625,0.0,0.0
1991-10-31 00:00:00-05:00,0.0,4.400000095367432,4.199999809265137,4.199999809265137,64313,0.0,0.0
1991-11-01 00:00:00-05:00,0.0,4.6666669845581055,4.3333330154418945,4.3333330154418945,97500,0.0,0.0
1991-11-04 00:00:00-05:00,0.0,4.533332824707031,4.133333206176758,4.133333206176758,9563,0.0,0.0
1991-11-05 00:00:00-05:00,0.0,4.533332824707031,4.133333206176758,4.133333206176758,5250,0.0,0.0
1991-11-06 00:00:00-05:00,0.0,4.466667175292969,4.133333206176758,4.133333206176758,15563,0.0,0.0
1991-11-07 00:00:00-05:00,0.0,4.3333330154418945,4.066667079925537,4.066667079925537,18375,0.0,0.0
1991-11-08 00:00:00-05:00,0.0,4.599999904632568,4.400000095367432,4.400000095367432,47250,0.0,0.0
1991-11-11 00:00:00-05:00,0.0,4.733333110809326,4.533332824707031,4.533332824707031,30563,0.0,0.0
1991-11-12 00:00:00-05:00,0.0,5.466667175292969,5.199999809265137,5.199999809265137,47250,0.0,0.0
1991-11-13 00:00:00-05:00,0.0,6.066667079925537,5.800000190734863,5.800000190734863,107813,0.0,0.0
1991-11-14 00:00:00-05:00,0.0,5.533332824707031,5.3333330154418945,5.3333330154418945,116625,0.0,0.0
1991-11-15 00:00:00-05:00,0.0,5.066667079925537,4.733333110809326,4.733333110809326,75750,0.0,0.0
1991-11-18 00:00:00-05:00,0.0,4.800000190734863,4.533332824707031,4.533332824707031,53250,0.0,0.0
1991-11-19 00:00:00-05:00,0.0,4.733333110809326,4.466667175292969,4.466667175292969,14625,0.0,0.0
1991-11-20 00:00:00-05:00,0.0,4.800000190734863,4.533332824707031,4.533332824707031,12750,0.0,0.0
1991-11-21 00:00:00-05:00,0.0,4.6666669845581055,4.400000095367432,4.400000095367432,46688,0.0,0.0
1991-11-22 00:00:00-05:00,0.0,4.6666669845581055,4.533332824707031,4.533332824707031,45000,0.0,0.0
1991-11-25 00:00:00-05:00,0.0,4.733333110809326,4.466667175292969,4.466667175292969,72750,0.0,0.0
1991-11-26 00:00:00-05:00,0.0,4.400000095367432,4.133333206176758,4.133333206176758,34500,0.0,0.0
1991-11-27 00:00:00-05:00,0.0,4.266666889190674,4.066667079925537,4.066667079925537,67313,0.0,0.0
1991-11-29 00:00:00-05:00,0.0,4.466667175292969,4.266666889190674,4.266666889190674,80063,0.0,0.0
1991-12-02 00:00:00-05:00,0.0,4.6666669845581055,4.400000095367432,4.400000095367432,62813,0.0,0.0
1991-12-03 00:00:00-05:00,0.0,4.800000190734863,4.599999904632568,4.599999904632568,92250,0.0,0.0
1991-12-04 00:00:00-05:00,0.0,5.0,4.733333110809326,4.733333110809326,70313,0.0,0.0
1991-12-05 00:00:00-05:00,0.0,4.866666793823242,4.533332824707031,4.533332824707031,20063,0.0,0.0
1991-12-06 00:00:00-05:00,0.0,4.533332824707031,4.266666889190674,4.266666889190674,74438,0.0,0.0
1991-12-09 00:00:00-05:00,0.0,4.599999904632568,4.266666889190674,4.266666889190674,40875,0.0,0.0
1991-12-10 00:00:00-05:00,0.0,4.133333206176758,3.933332920074463,3.933332920074463,60750,0.0,0.0
1991-12-11 00:00:00-05:00,0.0,4.400000095367432,4.133333206176758,4.133333206176758,62250,0.0,0.0
1991-12-12 00:00:00-05:00,0.0,4.3333330154418945,4.133333206176758,4.133333206176758,48188,0.0,0.0
1991-12-13 00:00:00-05:00,0.0,4.3333330154418945,4.133333206176758,4.133333206176758,44813,0.0,0.0
1991-12-16 00:00:00-05:00,0.0,4.3333330154418945,4.066667079925537,4.066667079925537,87188,0.0,0.0
1991-12-17 00:00:00-05:00,0.0,4.0,3.933332920074463,3.933332920074463,50063,0.0,0.0
1991-12-18 00:00:00-05:00,0.0,3.6666669845581055,3.4666669368743896,3.4666669368743896,391500,0.0,0.0
1991-12-19 00:00:00-05:00,0.0,3.4666669368743896,3.3333330154418945,3.3333330154418945,115313,0.0,0.0
1991-12-20 00:00:00-05:00,0.0,3.733333110809326,3.5333330631256104,3.5333330631256104,62250,0.0,0.0
1991-12-23 00:00:00-05:00,0.0,3.5999999046325684,3.4666669368743896,3.4666669368743896,76125,0.0,0.0
1991-12-24 00:00:00-05:00,0.0,3.5333330631256104,3.4000000953674316,3.4000000953674316,21938,0.0,0.0
1991-12-26 00:00:00-05:00,0.0,3.4666669368743896,3.266666889190674,3.266666889190674,47625,0.0,0.0
1991-12-27 00:00:00-05:00,0.0,3.4666669368743896,3.266666889190674,3.266666889190674,27750,0.0,0.0
1991-12-30 00:00:00-05:00,0.0,3.4666669368743896,3.3333330154418945,3.3333330154418945,26438,0.0,0.0
1991-12-31 00:00:00-05:00,0.0,3.4666669368743896,3.3333330154418945,3.3333330154418945,18750,0.0,0.0
1992-01-02 00:00:00-05:00,0.0,3.5999999046325684,3.4000000953674316,3.4000000953674316,39375,0.0,0.0
1992-01-03 00:00:00-05:00,0.0,4.0,3.733333110809326,3.733333110809326,102563,0.0,0.0
1992-01-06 00:00:00-05:00,0.0,4.133333206176758,4.0,4.0,42563,0.0,0.0
1992-01-07 00:00:00-05:00,0.0,3.799999952316284,3.6666669845581055,3.6666669845581055,65813,0.0,0.0
1992-01-08 00:00:00-05:00,0.0,3.933332920074463,3.733333110809326,3.733333110809326,41250,0.0,0.0
1992-01-09 00:00:00-05:00,0.0,3.5333330631256104,3.4000000953674316,3.4000000953674316,44813,0.0,0.0
1992-01-10 00:00:00-05:00,0.0,3.733333110809326,3.4666669368743896,3.4666669368743896,22125,0.0,0.0
1992-01-13 00:00:00-05:00,0.0,3.4000000953674316,3.266666889190674,3.266666889190674,34875,0.0,0.0
1992-01-14 00:00:00-05:00,0.0,3.6666669845581055,3.4000000953674316,3.4000000953674316,70313,0.0,0.0
1992-01-15 00:00:00-05:00,0.0,3.933332920074463,3.8666670322418213,3.8666670322418213,161063,0.0,0.0
1992-01-16 00:00:00-05:00,0.0,3.933332920074463,3.8666670322418213,3.8666670322418213,72000,0.0,0.0
1992-01-17 00:00:00-05:00,0.0,4.066667079925537,3.8666670322418213,3.8666670322418213,103875,0.0,0.0
1992-01-20 00:00:00-05:00,0.0,3.933332920074463,3.799999952316284,3.799999952316284,28313,0.0,0.0
1992-01-21 00:00:00-05:00,0.0,4.133333206176758,3.933332920074463,3.933332920074463,58500,0.0,0.0
1992-01-22 00:00:00-05:00,0.0,4.3333330154418945,4.266666889190674,4.266666889190674,129563,0.0,0.0
1992-01-23 00:00:00-05:00,0.0,4.533332824707031,4.400000095367432,4.400000095367432,75938,0.0,0.0
1992-01-24 00:00:00-05:00,0.0,4.733333110809326,4.599999904632568,4.599999904632568,66000,0.0,0.0
1992-01-27 00:00:00-05:00,0.0,4.800000190734863,4.6666669845581055,4.6666669845581055,82500,0.0,0.0
1992-01-28 00:00:00-05:00,0.0,4.800000190734863,4.6666669845581055,4.6666669845581055,18188,0.0,0.0
1992-01-29 00:00:00-05:00,0.0,4.466667175292969,4.400000095367432,4.400000095367432,104063,0.0,0.0
1992-01-30 00:00:00-05:00,0.0,4.6666669845581055,4.533332824707031,4.533332824707031,54750,0.0,0.0
1992-01-31 00:00:00-05:00,0.0,4.6666669845581055,4.466667175292969,4.466667175292969,63000,0.0,0.0
1992-02-03 00:00:00-05:00,0.0,4.533332824707031,4.400000095367432,4.400000095367432,31313,0.0,0.0
1992-02-04 00:00:00-05:00,0.0,4.6666669845581055,4.400000095367432,4.400000095367432,24188,0.0,0.0
1992-02-05 00:00:00-05:00,0.0,4.599999904632568,4.400000095367432,4.400000095367432,61313,0.0,0.0
1992-02-06 00:00:00-05:00,0.0,4.733333110809326,4.599999904632568,4.599999904632568,34125,0.0,0.0
1992-02-07 00:00:00-05:00,0.0,4.800000190734863,4.6666669845581055,4.6666669845581055,51375,0.0,0.0
1992-02-10 00:00:00-05:00,0.0,4.800000190734863,4.6666669845581055,4.6666669845581055,45188,0.0,0.0
1992-02-11 00:00:00-05:00,0.0,4.800000190734863,4.6666669845581055,4.6666669845581055,34688,0.0,0.0
1992-02-12 00:00:00-05:00,0.0,4.533332824707031,4.400000095367432,4.400000095367432,57188,0.0,0.0
1992-02-13 00:00:00-05:00,0.0,4.400000095367432,4.266666889190674,4.266666889190674,27000,0.0,0.0
1992-02-14 00:00:00-05:00,0.0,4.400000095367432,4.199999809265137,4.199999809265137,21188,0.0,0.0
1992-02-18 00:00:00-05:00,0.0,4.199999809265137,4.066667079925537,4.066667079925537,31875,0.0,0.0
1992-02-19 00:00:00-05:00,0.0,4.133333206176758,3.8666670322418213,3.8666670322418213,19688,0.0,0.0
1992-02-20 00:00:00-05:00,0.0,3.8666670322418213,3.6666669845581055,3.6666669845581055,34688,0.0,0.0
1992-02-21 00:00:00-05:00,0.0,4.133333206176758,3.8666670322418213,3.8666670322418213,34313,0.0,0.0
1992-02-24 00:00:00-05:00,0.0,4.133333206176758,3.8666670322418213,3.8666670322418213,22875,0.0,0.0
1992-02-25 00:00:00-05:00,0.0,4.0,3.733333110809326,3.733333110809326,16688,0.0,0.0
1992-02-26 00:00:00-05:00,0.0,4.133333206176758,3.933332920074463,3.933332920074463,10500,0.0,0.0
1992-02-27 00:00:00-05:00,0.0,4.266666889190674,4.066667079925537,4.066667079925537,41813,0.0,0.0
1992-02-28 00:00:00-05:00,0.0,4.466667175292969,4.199999809265137,4.199999809265137,39188,0.0,0.0
1992-03-02 00:00:00-05:00,0.0,4.533332824707031,4.266666889190674,4.266666889190674,12938,0.0,0.0
1992-03-03 00:00:00-05:00,0.0,4.533332824707031,4.266666889190674,4.266666889190674,6375,0.0,0.0
1992-03-04 00:00:00-05:00,0.0,4.400000095367432,4.266666889190674,4.266666889190674,24188,0.0,0.0
1992-03-05 00:00:00-05:00,0.0,4.133333206176758,3.8666670322418213,3.8666670322418213,44250,0.0,0.0
1992-03-06 00:00:00-05:00,0.0,4.266666889190674,4.0,4.0,42375,0.0,0.0
1992-03-09 00:00:00-05:00,0.0,4.933332920074463,4.733333110809326,4.733333110809326,50250,0.0,0.0
1992-03-10 00:00:00-05:00,0.0,4.599999904632568,4.400000095367432,4.400000095367432,48000,0.0,0.0
1992-03-11 00:00:00-05:00,0.0,4.866666793823242,4.733333110809326,4.733333110809326,77813,0.0,0.0
1992-03-12 00:00:00-05:00,0.0,4.800000190734863,4.599999904632568,4.599999904632568,38625,0.0,0.0
1992-03-13 00:00:00-05:00,0.0,4.800000190734863,4.599999904632568,4.599999904632568,38063,0.0,0.0
1992-03-16 00:00:00-05:00,0.0,4.599999904632568,4.266666889190674,4.266666889190674,56438,0.0,0.0
1992-03-17 00:00:00-05:00,0.0,4.533332824707031,4.3333330154418945,4.3333330154418945,4125,0.0,0.0
1992-03-18 00:00:00-05:00,0.0,4.466667175292969,4.266666889190674,4.266666889190674,15375,0.0,0.0
1992-03-19 00:00:00-05:00,0.0,4.266666889190674,4.066667079925537,4.066667079925537,33563,0.0,0.0
1992-03-20 00:00:00-05:00,0.0,4.266666889190674,4.066667079925537,4.066667079925537,17625,0.0,0.0
1992-03-23 00:00:00-05:00,0.0,4.199999809265137,4.066667079925537,4.066667079925537,20063,0.0,0.0
1992-03-24 00:00:00-05:00,0.0,4.0,3.8666670322418213,3.8666670322418213,31313,0.0,0.0
1992-03-25 00:00:00-05:00,0.0,4.133333206176758,3.933332920074463,3.933332920074463,69000,0.0,0.0
1992-03-26 00:00:00-05:00,0.0,4.199999809265137,4.0,4.0,27188,0.0,0.0
1992-03-27 00:00:00-05:00,0.0,4.066667079925537,3.8666670322418213,3.8666670322418213,25875,0.0,0.0
1992-03-30 00:00:00-05:00,0.0,4.133333206176758,4.0,4.0,35813,0.0,0.0
1992-03-31 00:00:00-05:00,0.0,4.133333206176758,4.0,4.0,37500,0.0,0.0
1992-04-01 00:00:00-05:00,0.0,4.133333206176758,3.933332920074463,3.933332920074463,8813,0.0,0.0
1992-04-02 00:00:00-05:00,0.0,4.199999809265137,4.0,4.0,48563,0.0,0.0
1992-04-03 00:00:00-05:00,0.0,4.266666889190674,3.933332920074463,3.933332920074463,13313,0.0,0.0
1992-04-06 00:00:00-04:00,0.0,4.266666889190674,4.0,4.0,11438,0.0,0.0
1992-04-07 00:00:00-04:00,0.0,4.199999809265137,3.933332920074463,3.933332920074463,21188,0.0,0.0
1992-04-08 00:00:00-04:00,0.0,4.0,3.733333110809326,3.733333110809326,30563,0.0,0.0
1992-04-09 00:00:00-04:00,0.0,4.0,3.8666670322418213,3.8666670322418213,31313,0.0,0.0
1992-04-10 00:00:00-04:00,0.0,4.133333206176758,3.8666670322418213,3.8666670322418213,15750,0.0,0.0
1992-04-13 00:00:00-04:00,0.0,4.266666889190674,4.066667079925537,4.066667079925537,21188,0.0,0.0
1992-04-14 00:00:00-04:00,0.0,4.066667079925537,3.8666670322418213,3.8666670322418213,24563,0.0,0.0
1992-04-15 00:00:00-04:00,0.0,4.0,3.8666670322418213,3.8666670322418213,14813,0.0,0.0
1992-04-16 00:00:00-04:00,0.0,4.0,3.799999952316284,3.799999952316284,13125,0.0,0.0
1992-04-20 00:00:00-04:00,0.0,4.0,3.799999952316284,3.799999952316284,8625,0.0,0.0
1992-04-21 00:00:00-04:00,0.0,3.733333110809326,3.6666669845581055,3.6666669845581055,40313,0.0,0.0
1992-04-22 00:00:00-04:00,0.0,4.0,3.799999952316284,3.799999952316284,46125,0.0,0.0
1992-04-23 00:00:00-04:00,0.0,4.266666889190674,4.066667079925537,4.066667079925537,40500,0.0,0.0
1992-04-24 00:00:00-04:00,0.0,4.599999904632568,4.400000095367432,4.400000095367432,199313,0.0,0.0
1992-04-27 00:00:00-04:00,0.0,4.400000095367432,4.133333206176758,4.133333206176758,59250,0.0,0.0
1992-04-28 00:00:00-04:00,0.0,4.400000095367432,4.133333206176758,4.133333206176758,23250,0.0,0.0
1992-04-29 00:00:00-04:00,0.0,4.533332824707031,4.400000095367432,4.400000095367432,69188,0.0,0.0
1992-04-30 00:00:00-04:00,0.0,4.466667175292969,4.266666889190674,4.266666889190674,50813,0.0,0.0
1992-05-01 00:00:00-04:00,0.0,4.266666889190674,4.066667079925537,4.066667079925537,30750,0.0,0.0
1992-05-04 00:00:00-04:00,0.0,4.066667079925537,3.8666670322418213,3.8666670322418213,40313,0.0,0.0
1992-05-05 00:00:00-04:00,0.0,4.266666889190674,4.0,4.0,21000,0.0,0.0
1992-05-06 00:00:00-04:00,0.0,4.133333206176758,3.933332920074463,3.933332920074463,7500,0.0,0.0
1992-05-07 00:00:00-04:00,0.0,4.133333206176758,3.933332920074463,3.933332920074463,23813,0.0,0.0
1992-05-08 00:00:00-04:00,0.0,4.266666889190674,4.066667079925537,4.066667079925537,37125,0.0,0.0
1992-05-11 00:00:00-04:00,0.0,4.133333206176758,3.8666670322418213,3.8666670322418213,21938,0.0,0.0
1992-05-12 00:00:00-04:00,0.0,4.199999809265137,3.933332920074463,3.933332920074463,18750,0.0,0.0
1992-05-13 00:00:00-04:00,0.0,4.066667079925537,3.933332920074463,3.933332920074463,23063,0.0,0.0
1992-05-14 00:00:00-04:00,0.0,4.0,3.8666670322418213,3.8666670322418213,12000,0.0,0.0
1992-05-15 00:00:00-04:00,0.0,4.133333206176758,4.0,4.0,18188,0.0,0.0
1992-05-18 00:00:00-04:00,0.0,4.066667079925537,4.0,4.0,6750,0.0,0.0
1992-05-19 00:00:00-04:00,0.0,4.133333206176758,3.933332920074463,3.933332920074463,21000,0.0,0.0
1992-05-20 00:00:00-04:00,0.0,4.133333206176758,3.933332920074463,3.933332920074463,5625,0.0,0.0
1992-05-21 00:00:00-04:00,0.0,4.133333206176758,3.933332920074463,3.933332920074463,6375,0.0,0.0
1992-05-22 00:00:00-04:00,0.0,4.133333206176758,3.933332920074463,3.933332920074463,8250,0.0,0.0
1992-05-26 00:00:00-04:00,0.0,4.066667079925537,3.8666670322418213,3.8666670322418213,7313,0.0,0.0
1992-05-27 00:00:00-04:00,0.0,4.066667079925537,3.8666670322418213,3.8666670322418213,3188,0.0,0.0
1992-05-28 00:00:00-04:00,0.0,4.133333206176758,3.799999952316284,3.799999952316284,18750,0.0,0.0
1992-05-29 00:00:00-04:00,0.0,4.133333206176758,3.8666670322418213,3.8666670322418213,3750,0.0,0.0
1992-06-01 00:00:00-04:00,0.0,4.133333206176758,4.066667079925537,4.066667079925537,18188,0.0,0.0
1992-06-02 00:00:00-04:00,0.0,4.400000095367432,4.199999809265137,4.199999809265137,19688,0.0,0.0
1992-06-03 00:00:00-04:00,0.0,4.3333330154418945,4.066667079925537,4.066667079925537,10125,0.0,0.0
1992-06-04 00:00:00-04:00,0.0,4.266666889190674,4.0,4.0,21188,0.0,0.0
1992-06-05 00:00:00-04:00,0.0,4.266666889190674,4.0,4.0,8438,0.0,0.0
1992-06-08 00:00:00-04:00,0.0,4.133333206176758,4.0,4.0,19500,0.0,0.0
1992-06-09 00:00:00-04:00,0.0,3.933332920074463,3.799999952316284,3.799999952316284,15375,0.0,0.0
1992-06-10 00:00:00-04:00,0.0,3.933332920074463,3.733333110809326,3.733333110809326,6938,0.0,0.0
1992-06-11 00:00:00-04:00,0.0,3.933332920074463,3.733333110809326,3.733333110809326,2813,0.0,0.0
1992-06-12 00:00:00-04:00,0.0,4.133333206176758,3.8666670322418213,3.8666670322418213,11250,0.0,0.0
1992-06-15 00:00:00-04:00,3.8666670322418213,4.133333206176758,3.733333110809326,4.0,10313,0.0,0.0
1992-06-16 00:00:00-04:00,4.0,4.0,3.733333110809326,3.733333110809326,2438,0.0,0.0
1992-06-17 00:00:00-04:00,3.933332920074463,3.933332920074463,3.5333330631256104,3.5333330631256104,38625,0.0,0.0
1992-06-18 00:00:00-04:00,3.5333330631256104,3.733333110809326,3.3333330154418945,3.3333330154418945,35625,0.0,0.0
1992-06-19 00:00:00-04:00,3.6666669845581055,3.6666669845581055,3.3333330154418945,3.3333330154418945,43500,0.0,0.0
1992-06-22 00:00:00-04:00,3.5999999046325684,3.5999999046325684,3.3333330154418945,3.5999999046325684,7500,0.0,0.0
1992-06-23 00:00:00-04:00,3.4000000953674316,3.5999999046325684,3.3333330154418945,3.4666669368743896,8250,0.0,0.0
1992-06-24 00:00:00-04:00,3.4000000953674316,3.5999999046325684,3.3333330154418945,3.3333330154418945,2250,0.0,0.0
1992-06-25 00:00:00-04:00,3.5333330631256104,3.5333330631256104,3.200000047683716,3.200000047683716,52313,0.0,0.0
1992-06-26 00:00:00-04:00,3.4000000953674316,3.4000000953674316,3.066667079925537,3.066667079925537,53250,0.0,0.0
1992-06-29 00:00:00-04:00,3.066667079925537,3.266666889190674,2.933332920074463,3.266666889190674,22125,0.0,0.0
1992-06-30 00:00:00-04:00,3.266666889190674,3.3333330154418945,3.200000047683716,3.3333330154418945,13875,0.0,0.0
1992-07-01 00:00:00-04:00,3.4000000953674316,3.4666669368743896,3.266666889190674,3.266666889190674,7313,0.0,0.0
1992-07-02 00:00:00-04:00,3.4666669368743896,3.4666669368743896,3.266666889190674,3.266666889190674,26250,0.0,0.0
1992-07-06 00:00:00-04:00,3.266666889190674,3.4666669368743896,3.066667079925537,3.266666889190674,24375,0.0,0.0
1992-07-07 00:00:00-04:00,3.3333330154418945,3.4666669368743896,3.266666889190674,3.266666889190674,24188,0.0,0.0
1992-07-08 00:00:00-04:00,3.066667079925537,3.066667079925537,3.066667079925537,3.066667079925537,8250,0.0,0.0
1992-07-09 00:00:00-04:00,3.266666889190674,3.266666889190674,3.066667079925537,3.266666889190674,12938,0.0,0.0
1992-07-10 00:00:00-04:00,3.200000047683716,3.266666889190674,3.066667079925537,3.266666889190674,13875,0.0,0.0
1992-07-13 00:00:00-04:00,3.4000000953674316,3.4000000953674316,3.200000047683716,3.4000000953674316,2250,0.0,0.0
1992-07-14 00:00:00-04:00,3.4000000953674316,3.4000000953674316,3.200000047683716,3.4000000953674316,4875,0.0,0.0
1992-07-15 00:00:00-04:00,3.3333330154418945,3.3333330154418945,3.200000047683716,3.200000047683716,7500,0.0,0.0
1992-07-16 00:00:00-04:00,3.200000047683716,3.4000000953674316,3.200000047683716,3.3333330154418945,9000,0.0,0.0
1992-07-17 00:00:00-04:00,3.3333330154418945,3.4000000953674316,3.266666889190674,3.4000000953674316,27188,0.0,0.0
1992-07-20 00:00:00-04:00,3.4000000953674316,3.4000000953674316,3.200000047683716,3.266666889190674,35250,0.0,0.0
1992-07-21 00:00:00-04:00,3.3333330154418945,3.3333330154418945,3.1333329677581787,3.3333330154418945,11250,0.0,0.0
1992-07-22 00:00:00-04:00,3.266666889190674,3.4000000953674316,3.266666889190674,3.266666889190674,25688,0.0,0.0
1992-07-23 00:00:00-04:00,3.4000000953674316,3.4000000953674316,3.266666889190674,3.3333330154418945,15000,0.0,0.0
1992-07-24 00:00:00-04:00,3.4000000953674316,3.4666669368743896,3.4000000953674316,3.4666669368743896,8250,0.0,0.0
1992-07-27 00:00:00-04:00,3.4666669368743896,3.733333110809326,3.4000000953674316,3.733333110809326,39188,0.0,0.0
1992-07-28 00:00:00-04:00,3.799999952316284,3.8666670322418213,3.6666669845581055,3.733333110809326,24938,0.0,0.0
1992-07-29 00:00:00-04:00,3.8666670322418213,4.0,3.799999952316284,3.8666670322418213,38813,0.0,0.0
1992-07-30 00:00:00-04:00,4.066667079925537,4.133333206176758,3.933332920074463,4.0,28688,0.0,0.0
1992-07-31 00:00:00-04:00,4.199999809265137,4.199999809265137,4.066667079925537,4.133333206176758,26438,0.0,0.0
1992-08-03 00:00:00-04:00,4.133333206176758,4.133333206176758,3.933332920074463,3.933332920074463,37125,0.0,0.0
1992-08-04 00:00:00-04:00,3.8666670322418213,4.0,3.8666670322418213,4.0,4688,0.0,0.0
1992-08-05 00:00:00-04:00,4.0,4.0,3.6666669845581055,3.933332920074463,22500,0.0,0.0
1992-08-06 00:00:00-04:00,3.799999952316284,3.933332920074463,3.799999952316284,3.933332920074463,15188,0.0,0.0
1992-08-07 00:00:00-04:00,3.933332920074463,4.133333206176758,3.933332920074463,4.0,16125,0.0,0.0
1992-08-10 00:00:00-04:00,4.133333206176758,4.199999809265137,4.0,4.199999809265137,15375,0.0,0.0
1992-08-11 00:00:00-04:00,4.199999809265137,4.199999809265137,4.066667079925537,4.133333206176758,19875,0.0,0.0
1992-08-12 00:00:00-04:00,4.133333206176758,4.266666889190674,4.066667079925537,4.066667079925537,8250,0.0,0.0
1992-08-13 00:00:00-04:00,4.266666889190674,4.266666889190674,4.066667079925537,4.066667079925537,6000,0.0,0.0
1992-08-14 00:00:00-04:00,4.266666889190674,4.466667175292969,4.133333206176758,4.400000095367432,53813,0.0,0.0
1992-08-17 00:00:00-04:00,4.466667175292969,4.6666669845581055,4.400000095367432,4.533332824707031,72375,0.0,0.0
1992-08-18 00:00:00-04:00,4.533332824707031,4.599999904632568,4.466667175292969,4.599999904632568,15000,0.0,0.0
1992-08-19 00:00:00-04:00,4.533332824707031,4.6666669845581055,4.466667175292969,4.6666669845581055,32813,0.0,0.0
1992-08-20 00:00:00-04:00,4.733333110809326,4.733333110809326,4.599999904632568,4.599999904632568,15000,0.0,0.0
1992-08-21 00:00:00-04:00,4.599999904632568,4.733333110809326,4.599999904632568,4.599999904632568,20813,0.0,0.0
1992-08-24 00:00:00-04:00,4.6666669845581055,4.6666669845581055,4.400000095367432,4.599999904632568,33563,0.0,0.0
1992-08-25 00:00:00-04:00,4.3333330154418945,4.533332824707031,4.133333206176758,4.266666889190674,69938,0.0,0.0
1992-08-26 00:00:00-04:00,4.199999809265137,4.3333330154418945,4.133333206176758,4.199999809265137,24563,0.0,0.0
1992-08-27 00:00:00-04:00,4.133333206176758,4.266666889190674,4.133333206176758,4.266666889190674,4688,0.0,0.0
1992-08-28 00:00:00-04:00,4.133333206176758,4.133333206176758,4.133333206176758,4.133333206176758,1500,0.0,0.0
1992-08-31 00:00:00-04:00,4.266666889190674,4.266666889190674,4.066667079925537,4.199999809265137,17625,0.0,0.0
1992-09-01 00:00:00-04:00,4.266666889190674,4.3333330154418945,4.133333206176758,4.133333206176758,34500,0.0,0.0
1992-09-02 00:00:00-04:00,4.133333206176758,4.3333330154418945,4.066667079925537,4.266666889190674,59813,0.0,0.0
1992-09-03 00:00:00-04:00,4.266666889190674,4.266666889190674,4.133333206176758,4.266666889190674,13875,0.0,0.0
1992-09-04 00:00:00-04:00,4.266666889190674,4.466667175292969,4.266666889190674,4.466667175292969,24375,0.0,0.0
1992-09-08 00:00:00-04:00,4.466667175292969,4.533332824707031,4.266666889190674,4.533332824707031,40688,0.0,0.0
1992-09-09 00:00:00-04:00,4.533332824707031,4.733333110809326,4.466667175292969,4.733333110809326,82875,0.0,0.0
1992-09-10 00:00:00-04:00,4.866666793823242,5.066667079925537,4.733333110809326,5.0,99750,0.0,0.0
1992-09-11 00:00:00-04:00,5.199999809265137,5.533332824707031,4.933332920074463,5.266666889190674,167250,0.0,0.0
1992-09-14 00:00:00-04:00,5.266666889190674,5.3333330154418945,5.133333206176758,5.133333206176758,39563,0.0,0.0
1992-09-15 00:00:00-04:00,5.066667079925537,5.199999809265137,4.933332920074463,5.133333206176758,67313,0.0,0.0
1992-09-16 00:00:00-04:00,4.866666793823242,5.133333206176758,4.866666793823242,4.933332920074463,44438,0.0,0.0
1992-09-17 00:00:00-04:00,4.933332920074463,5.199999809265137,4.933332920074463,5.0,15750,0.0,0.0
1992-09-18 00:00:00-04:00,5.199999809265137,5.199999809265137,5.066667079925537,5.066667079925537,40688,0.0,0.0
1992-09-21 00:00:00-04:00,5.199999809265137,5.199999809265137,5.0,5.0,25875,0.0,0.0
1992-09-22 00:00:00-04:00,5.199999809265137,5.199999809265137,4.933332920074463,4.933332920074463,36563,0.0,0.0
1992-09-23 00:00:00-04:00,4.933332920074463,5.133333206176758,4.933332920074463,5.0,65250,0.0,0.0
1992-09-24 00:00:00-04:00,5.133333206176758,5.133333206176758,5.0,5.133333206176758,30000,0.0,0.0
1992-09-25 00:00:00-04:00,5.0,5.133333206176758,4.800000190734863,4.866666793823242,65063,0.0,0.0
1992-09-28 00:00:00-04:00,4.800000190734863,5.0,4.599999904632568,4.800000190734863,20063,0.0,0.0
1992-09-29 00:00:00-04:00,4.599999904632568,4.733333110809326,4.3333330154418945,4.400000095367432,40875,0.0,0.0
1992-09-30 00:00:00-04:00,4.533332824707031,4.533332824707031,4.3333330154418945,4.533332824707031,67313,0.0,0.0
1992-10-01 00:00:00-04:00,4.533332824707031,4.533332824707031,4.466667175292969,4.466667175292969,17813,0.0,0.0
1992-10-02 00:00:00-04:00,4.466667175292969,4.533332824707031,4.3333330154418945,4.533332824707031,13875,0.0,0.0
1992-10-05 00:00:00-04:00,4.266666889190674,4.400000095367432,4.133333206176758,4.3333330154418945,32813,0.0,0.0
1992-10-06 00:00:00-04:00,4.266666889190674,4.400000095367432,4.199999809265137,4.266666889190674,16125,0.0,0.0
1992-10-07 00:00:00-04:00,4.400000095367432,4.400000095367432,4.266666889190674,4.400000095367432,2250,0.0,0.0
1992-10-08 00:00:00-04:00,4.400000095367432,4.400000095367432,4.199999809265137,4.199999809265137,3188,0.0,0.0
1992-10-09 00:00:00-04:00,4.199999809265137,4.3333330154418945,3.933332920074463,4.133333206176758,59813,0.0,0.0
1992-10-12 00:00:00-04:00,4.066667079925537,4.133333206176758,4.0,4.133333206176758,12563,0.0,0.0
1992-10-13 00:00:00-04:00,4.133333206176758,4.133333206176758,4.0,4.066667079925537,11625,0.0,0.0
1992-10-14 00:00:00-04:00,4.0,4.0,4.0,4.0,6000,0.0,0.0
1992-10-15 00:00:00-04:00,4.0,4.066667079925537,3.733333110809326,3.933332920074463,63000,0.0,0.0
1992-10-16 00:00:00-04:00,3.933332920074463,3.933332920074463,3.6666669845581055,3.733333110809326,10313,0.0,0.0
1992-10-19 00:00:00-04:00,3.6666669845581055,3.733333110809326,3.5333330631256104,3.6666669845581055,24375,0.0,0.0
1992-10-20 00:00:00-04:00,3.5333330631256104,3.8666670322418213,3.4666669368743896,3.733333110809326,54750,0.0,0.0
1992-10-21 00:00:00-04:00,3.799999952316284,3.799999952316284,3.5999999046325684,3.5999999046325684,3563,0.0,0.0
1992-10-22 00:00:00-04:00,3.799999952316284,3.8666670322418213,3.733333110809326,3.8666670322418213,16688,0.0,0.0
1992-10-23 00:00:00-04:00,3.8666670322418213,4.0,3.733333110809326,4.0,36750,0.0,0.0
1992-10-26 00:00:00-05:00,4.0,4.133333206176758,3.933332920074463,4.133333206176758,23063,0.0,0.0
1992-10-27 00:00:00-05:00,4.0,4.133333206176758,4.0,4.133333206176758,6375,0.0,0.0
1992-10-28 00:00:00-05:00,4.0,4.133333206176758,3.8666670322418213,3.8666670322418213,36750,0.0,0.0
1992-10-29 00:00:00-05:00,3.8666670322418213,4.0,3.733333110809326,3.733333110809326,31500,0.0,0.0
1992-10-30 00:00:00-05:00,3.799999952316284,3.799999952316284,3.6666669845581055,3.799999952316284,20625,0.0,0.0
1992-11-02 00:00:00-05:00,3.799999952316284,3.933332920074463,3.5999999046325684,3.933332920074463,28125,0.0,0.0
1992-11-03 00:00:00-05:00,4.0,4.066667079925537,3.933332920074463,3.933332920074463,34688,0.0,0.0
1992-11-04 00:00:00-05:00,4.066667079925537,4.066667079925537,3.8666670322418213,4.066667079925537,3375,0.0,0.0
1992-11-05 00:00:00-05:00,4.066667079925537,4.066667079925537,3.933332920074463,4.0,2063,0.0,0.0
1992-11-06 00:00:00-05:00,3.933332920074463,4.066667079925537,3.933332920074463,3.933332920074463,3750,0.0,0.0
1992-11-09 00:00:00-05:00,4.0,4.066667079925537,3.933332920074463,3.933332920074463,3000,0.0,0.0
1992-11-10 00:00:00-05:00,4.0,4.066667079925537,4.0,4.066667079925537,14438,0.0,0.0
1992-11-11 00:00:00-05:00,4.0,4.3333330154418945,4.0,4.3333330154418945,18563,0.0,0.0
1992-11-12 00:00:00-05:00,4.3333330154418945,4.3333330154418945,4.133333206176758,4.3333330154418945,36563,0.0,0.0
1992-11-13 00:00:00-05:00,4.3333330154418945,4.3333330154418945,4.133333206176758,4.3333330154418945,20438,0.0,0.0
1992-11-16 00:00:00-05:00,4.3333330154418945,4.3333330154418945,4.133333206176758,4.266666889190674,3375,0.0,0.0
1992-11-17 00:00:00-05:00,4.133333206176758,4.3333330154418945,4.133333206176758,4.199999809265137,7875,0.0,0.0
1992-11-18 00:00:00-05:00,4.3333330154418945,4.400000095367432,4.199999809265137,4.266666889190674,23438,0.0,0.0
1992-11-19 00:00:00-05:00,4.266666889190674,4.266666889190674,4.266666889190674,4.266666889190674,3750,0.0,0.0
1992-11-20 00:00:00-05:00,4.266666889190674,4.266666889190674,4.066667079925537,4.066667079925537,39188,0.0,0.0
1992-11-23 00:00:00-05:00,4.266666889190674,4.266666889190674,3.8666670322418213,4.066667079925537,45750,0.0,0.0
1992-11-24 00:00:00-05:00,3.933332920074463,4.066667079925537,3.933332920074463,4.0,14438,0.0,0.0
1992-11-25 00:00:00-05:00,4.133333206176758,4.133333206176758,4.0,4.133333206176758,6938,0.0,0.0
1992-11-27 00:00:00-05:00,4.133333206176758,4.266666889190674,4.133333206176758,4.266666889190674,19125,0.0,0.0
1992-11-30 00:00:00-05:00,4.266666889190674,4.266666889190674,4.066667079925537,4.266666889190674,10688,0.0,0.0
1992-12-01 00:00:00-05:00,4.266666889190674,4.266666889190674,4.0,4.133333206176758,25875,0.0,0.0
1992-12-02 00:00:00-05:00,4.266666889190674,4.266666889190674,4.0,4.066667079925537,4125,0.0,0.0
1992-12-03 00:00:00-05:00,4.0,4.199999809265137,4.0,4.066667079925537,13875,0.0,0.0
1992-12-04 00:00:00-05:00,4.133333206176758,4.3333330154418945,4.133333206176758,4.3333330154418945,11438,0.0,0.0
1992-12-07 00:00:00-05:00,4.199999809265137,4.3333330154418945,4.066667079925537,4.199999809265137,49688,0.0,0.0
1992-12-08 00:00:00-05:00,4.066667079925537,4.199999809265137,4.0,4.199999809265137,16125,0.0,0.0
1992-12-09 00:00:00-05:00,4.199999809265137,4.199999809265137,4.0,4.0,7125,0.0,0.0
1992-12-10 00:00:00-05:00,4.133333206176758,4.133333206176758,4.0,4.133333206176758,17250,0.0,0.0
1992-12-11 00:00:00-05:00,4.0,4.133333206176758,4.0,4.133333206176758,6188,0.0,0.0
1992-12-14 00:00:00-05:00,4.133333206176758,4.133333206176758,4.0,4.133333206176758,7313,0.0,0.0
1992-12-15 00:00:00-05:00,4.0,4.066667079925537,3.8666670322418213,4.066667079925537,19688,0.0,0.0
1992-12-16 00:00:00-05:00,3.8666670322418213,4.0,3.5999999046325684,3.799999952316284,67875,0.0,0.0
1992-12-17 00:00:00-05:00,3.5999999046325684,3.8666670322418213,3.4666669368743896,3.5999999046325684,45938,0.0,0.0
1992-12-18 00:00:00-05:00,3.5333330631256104,3.733333110809326,3.4666669368743896,3.6666669845581055,68813,0.0,0.0
1992-12-21 00:00:00-05:00,3.733333110809326,3.733333110809326,3.733333110809326,3.733333110809326,5625,0.0,0.0
1992-12-22 00:00:00-05:00,3.733333110809326,3.933332920074463,3.5999999046325684,3.933332920074463,69750,0.0,0.0
1992-12-23 00:00:00-05:00,3.933332920074463,3.933332920074463,3.6666669845581055,3.799999952316284,84188,0.0,0.0
1992-12-24 00:00:00-05:00,3.5999999046325684,3.5999999046325684,3.5999999046325684,3.5999999046325684,2813,0.0,0.0
1992-12-28 00:00:00-05:00,3.5999999046325684,3.799999952316284,3.5999999046325684,3.733333110809326,25313,0.0,0.0
1992-12-29 00:00:00-05:00,3.733333110809326,3.733333110809326,3.5999999046325684,3.733333110809326,12750,0.0,0.0
1992-12-30 00:00:00-05:00,3.733333110809326,3.799999952316284,3.5999999046325684,3.799999952316284,29250,0.0,0.0
1992-12-31 00:00:00-05:00,3.6666669845581055,3.799999952316284,3.5999999046325684,3.733333110809326,37313,0.0,0.0
1993-01-04 00:00:00-05:00,3.733333110809326,3.8666670322418213,3.733333110809326,3.733333110809326,14625,0.0,0.0
1993-01-05 00:00:00-05:00,3.8666670322418213,3.933332920074463,3.8666670322418213,3.933332920074463,18750,0.0,0.0
1993-01-06 00:00:00-05:00,3.8666670322418213,4.066667079925537,3.8666670322418213,4.066667079925537,16313,0.0,0.0
1993-01-07 00:00:00-05:00,4.066667079925537,4.400000095367432,4.0,4.199999809265137,54375,0.0,0.0
1993-01-08 00:00:00-05:00,4.133333206176758,4.400000095367432,4.066667079925537,4.266666889190674,51000,0.0,0.0
1993-01-11 00:00:00-05:00,4.266666889190674,4.266666889190674,4.266666889190674,4.266666889190674,3938,0.0,0.0
1993-01-12 00:00:00-05:00,4.133333206176758,4.266666889190674,4.0,4.133333206176758,33750,0.0,0.0
1993-01-13 00:00:00-05:00,4.199999809265137,4.400000095367432,4.133333206176758,4.266666889190674,34500,0.0,0.0
1993-01-14 00:00:00-05:00,4.400000095367432,4.400000095367432,4.199999809265137,4.199999809265137,6938,0.0,0.0
1993-01-15 00:00:00-05:00,4.199999809265137,4.3333330154418945,4.199999809265137,4.3333330154418945,5813,0.0,0.0
1993-01-18 00:00:00-05:00,4.3333330154418945,4.400000095367432,4.266666889190674,4.400000095367432,19313,0.0,0.0
1993-01-19 00:00:00-05:00,4.266666889190674,4.400000095367432,4.266666889190674,4.3333330154418945,30188,0.0,0.0
1993-01-20 00:00:00-05:00,4.400000095367432,4.599999904632568,4.266666889190674,4.599999904632568,58875,0.0,0.0
1993-01-21 00:00:00-05:00,4.6666669845581055,4.6666669845581055,4.400000095367432,4.6666669845581055,34875,0.0,0.0
1993-01-22 00:00:00-05:00,4.533332824707031,4.6666669845581055,4.533332824707031,4.599999904632568,46500,0.0,0.0
1993-01-25 00:00:00-05:00,4.533332824707031,4.733333110809326,4.533332824707031,4.733333110809326,61313,0.0,0.0
1993-01-26 00:00:00-05:00,4.800000190734863,5.066667079925537,4.6666669845581055,4.933332920074463,55125,0.0,0.0
1993-01-27 00:00:00-05:00,4.933332920074463,4.933332920074463,4.533332824707031,4.533332824707031,77625,0.0,0.0
1993-01-28 00:00:00-05:00,4.533332824707031,4.733333110809326,4.533332824707031,4.6666669845581055,13313,0.0,0.0
1993-01-29 00:00:00-05:00,4.733333110809326,5.0,4.599999904632568,5.0,48375,0.0,0.0
1993-02-01 00:00:00-05:00,4.800000190734863,5.066667079925537,4.800000190734863,5.0,33000,0.0,0.0
1993-02-02 00:00:00-05:00,4.933332920074463,5.066667079925537,4.800000190734863,4.933332920074463,6938,0.0,0.0
1993-02-03 00:00:00-05:00,5.066667079925537,5.199999809265137,4.800000190734863,5.133333206176758,80250,0.0,0.0
1993-02-04 00:00:00-05:00,5.199999809265137,5.199999809265137,4.933332920074463,5.199999809265137,79125,0.0,0.0
1993-02-05 00:00:00-05:00,5.199999809265137,5.466667175292969,5.066667079925537,5.199999809265137,72750,0.0,0.0
1993-02-08 00:00:00-05:00,5.466667175292969,5.599999904632568,5.199999809265137,5.199999809265137,126000,0.0,0.0
1993-02-09 00:00:00-05:00,5.3333330154418945,5.3333330154418945,5.066667079925537,5.199999809265137,43313,0.0,0.0
1993-02-10 00:00:00-05:00,5.199999809265137,5.199999809265137,4.800000190734863,5.066667079925537,35250,0.0,0.0
1993-02-11 00:00:00-05:00,5.066667079925537,5.066667079925537,4.933332920074463,5.066667079925537,17438,0.0,0.0
1993-02-12 00:00:00-05:00,4.933332920074463,5.066667079925537,4.866666793823242,5.0,30938,0.0,0.0
1993-02-16 00:00:00-05:00,5.066667079925537,5.466667175292969,4.866666793823242,5.133333206176758,187313,0.0,0.0
1993-02-17 00:00:00-05:00,5.400000095367432,5.400000095367432,4.866666793823242,4.933332920074463,75750,0.0,0.0
1993-02-18 00:00:00-05:00,5.0,5.133333206176758,4.800000190734863,5.0,66000,0.0,0.0
1993-02-19 00:00:00-05:00,5.0,5.0,4.800000190734863,4.800000190734863,55500,0.0,0.0
1993-02-22 00:00:00-05:00,5.0,5.133333206176758,4.800000190734863,5.133333206176758,66375,0.0,0.0
1993-02-23 00:00:00-05:00,5.133333206176758,5.199999809265137,4.933332920074463,4.933332920074463,33000,0.0,0.0
1993-02-24 00:00:00-05:00,5.066667079925537,5.066667079925537,4.866666793823242,5.066667079925537,36938,0.0,0.0
1993-02-25 00:00:00-05:00,5.066667079925537,5.066667079925537,4.933332920074463,5.066667079925537,32250,0.0,0.0
1993-02-26 00:00:00-05:00,5.066667079925537,5.066667079925537,4.933332920074463,5.066667079925537,42750,0.0,0.0
1993-03-01 00:00:00-05:00,5.3333330154418945,5.466667175292969,5.066667079925537,5.400000095367432,54375,0.0,0.0
1993-03-02 00:00:00-05:00,5.266666889190674,5.599999904632568,5.266666889190674,5.599999904632568,63750,0.0,0.0
1993-03-03 00:00:00-05:00,5.6666669845581055,5.733333110809326,5.400000095367432,5.533332824707031,28875,0.0,0.0
1993-03-04 00:00:00-05:00,5.733333110809326,5.733333110809326,5.266666889190674,5.266666889190674,28313,0.0,0.0
1993-03-05 00:00:00-05:00,5.466667175292969,5.733333110809326,5.199999809265137,5.266666889190674,136125,0.0,0.0
1993-03-08 00:00:00-05:00,5.466667175292969,5.466667175292969,5.133333206176758,5.133333206176758,61500,0.0,0.0
1993-03-09 00:00:00-05:00,5.133333206176758,5.400000095367432,5.133333206176758,5.400000095367432,36938,0.0,0.0
1993-03-10 00:00:00-05:00,5.400000095367432,5.400000095367432,5.0,5.133333206176758,44813,0.0,0.0
1993-03-11 00:00:00-05:00,5.133333206176758,5.3333330154418945,4.933332920074463,5.3333330154418945,17813,0.0,0.0
1993-03-12 00:00:00-05:00,5.133333206176758,5.3333330154418945,5.133333206176758,5.3333330154418945,33188,0.0,0.0
1993-03-15 00:00:00-05:00,5.3333330154418945,5.3333330154418945,5.199999809265137,5.3333330154418945,8063,0.0,0.0
1993-03-16 00:00:00-05:00,5.466667175292969,5.466667175292969,5.266666889190674,5.3333330154418945,29438,0.0,0.0
1993-03-17 00:00:00-05:00,5.3333330154418945,5.599999904632568,5.266666889190674,5.466667175292969,15750,0.0,0.0
1993-03-18 00:00:00-05:00,5.3333330154418945,5.599999904632568,5.266666889190674,5.599999904632568,10500,0.0,0.0
1993-03-19 00:00:00-05:00,5.599999904632568,5.733333110809326,5.466667175292969,5.533332824707031,52500,0.0,0.0
1993-03-22 00:00:00-05:00,5.733333110809326,5.733333110809326,5.533332824707031,5.533332824707031,9375,0.0,0.0
1993-03-23 00:00:00-05:00,5.599999904632568,6.0,5.599999904632568,5.733333110809326,75000,0.0,0.0
1993-03-24 00:00:00-05:00,6.0,6.0,5.733333110809326,6.0,23063,0.0,0.0
1993-03-25 00:00:00-05:00,6.0,6.0,5.733333110809326,5.933332920074463,31688,0.0,0.0
1993-03-26 00:00:00-05:00,5.866666793823242,6.266666889190674,5.866666793823242,6.266666889190674,75750,0.0,0.0
1993-03-29 00:00:00-05:00,6.266666889190674,6.400000095367432,6.0,6.133333206176758,80438,0.0,0.0
1993-03-30 00:00:00-05:00,6.266666889190674,6.800000190734863,6.133333206176758,6.6666669845581055,116250,0.0,0.0
1993-03-31 00:00:00-05:00,6.6666669845581055,6.800000190734863,6.400000095367432,6.800000190734863,99000,0.0,0.0
1993-04-01 00:00:00-05:00,6.800000190734863,7.199999809265137,6.6666669845581055,7.199999809265137,81563,0.0,0.0
1993-04-02 00:00:00-05:00,6.933332920074463,7.599999904632568,6.933332920074463,7.066667079925537,278063,0.0,0.0
1993-04-05 00:00:00-04:00,6.933332920074463,7.066667079925537,6.533332824707031,6.6666669845581055,95813,0.0,0.0
1993-04-06 00:00:00-04:00,6.800000190734863,6.800000190734863,6.266666889190674,6.400000095367432,80250,0.0,0.0
1993-04-07 00:00:00-04:00,6.400000095367432,6.800000190734863,6.400000095367432,6.533332824707031,36563,0.0,0.0
1993-04-08 00:00:00-04:00,6.533332824707031,6.800000190734863,6.533332824707031,6.533332824707031,17625,0.0,0.0
1993-04-12 00:00:00-04:00,6.533332824707031,6.800000190734863,6.533332824707031,6.533332824707031,12188,0.0,0.0
1993-04-13 00:00:00-04:00,6.533332824707031,6.6666669845581055,6.533332824707031,6.6666669845581055,56063,0.0,0.0
1993-04-14 00:00:00-04:00,6.533332824707031,6.6666669845581055,6.533332824707031,6.533332824707031,40875,0.0,0.0
1993-04-15 00:00:00-04:00,6.533332824707031,6.6666669845581055,6.133333206176758,6.199999809265137,66750,0.0,0.0
1993-04-16 00:00:00-04:00,6.133333206176758,6.400000095367432,5.733333110809326,6.0,85688,0.0,0.0
1993-04-19 00:00:00-04:00,6.0,6.133333206176758,5.866666793823242,5.866666793823242,83250,0.0,0.0
1993-04-20 00:00:00-04:00,5.866666793823242,6.133333206176758,5.866666793823242,6.133333206176758,25500,0.0,0.0
1993-04-21 00:00:00-04:00,6.133333206176758,6.133333206176758,5.866666793823242,6.0,26438,0.0,0.0
1993-04-22 00:00:00-04:00,5.866666793823242,6.6666669845581055,5.866666793823242,6.6666669845581055,108000,0.0,0.0
1993-04-23 00:00:00-04:00,6.400000095367432,6.6666669845581055,6.400000095367432,6.6666669845581055,19125,0.0,0.0
1993-04-26 00:00:00-04:00,6.6666669845581055,6.6666669845581055,6.266666889190674,6.400000095367432,28688,0.0,0.0
1993-04-27 00:00:00-04:00,6.266666889190674,6.6666669845581055,6.266666889190674,6.6666669845581055,13875,0.0,0.0
1993-04-28 00:00:00-04:00,6.6666669845581055,6.933332920074463,6.533332824707031,6.800000190734863,72375,0.0,0.0
1993-04-29 00:00:00-04:00,6.533332824707031,6.800000190734863,6.533332824707031,6.533332824707031,30375,0.0,0.0
1993-04-30 00:00:00-04:00,6.533332824707031,6.800000190734863,6.533332824707031,6.6666669845581055,14813,0.0,0.0
1993-05-03 00:00:00-04:00,6.533332824707031,6.933332920074463,6.533332824707031,6.866666793823242,37875,0.0,0.0
1993-05-04 00:00:00-04:00,6.6666669845581055,6.800000190734863,6.533332824707031,6.800000190734863,19875,0.0,0.0
1993-05-05 00:00:00-04:00,6.800000190734863,6.800000190734863,6.533332824707031,6.6666669845581055,12938,0.0,0.0
1993-05-06 00:00:00-04:00,6.533332824707031,6.800000190734863,6.266666889190674,6.533332824707031,27375,0.0,0.0
1993-05-07 00:00:00-04:00,6.533332824707031,6.533332824707031,6.266666889190674,6.533332824707031,9938,0.0,0.0
1993-05-10 00:00:00-04:00,6.3333330154418945,6.6666669845581055,6.266666889190674,6.266666889190674,66375,0.0,0.0
1993-05-11 00:00:00-04:00,6.533332824707031,6.533332824707031,6.266666889190674,6.266666889190674,7688,0.0,0.0
1993-05-12 00:00:00-04:00,6.266666889190674,6.6666669845581055,6.266666889190674,6.466667175292969,26625,0.0,0.0
1993-05-13 00:00:00-04:00,6.400000095367432,6.6666669845581055,6.133333206176758,6.533332824707031,49688,0.0,0.0
1993-05-14 00:00:00-04:00,6.400000095367432,6.533332824707031,6.266666889190674,6.266666889190674,12000,0.0,0.0
1993-05-17 00:00:00-04:00,6.266666889190674,6.533332824707031,6.266666889190674,6.3333330154418945,13688,0.0,0.0
1993-05-18 00:00:00-04:00,6.400000095367432,6.400000095367432,6.0,6.066667079925537,60000,0.0,0.0
1993-05-19 00:00:00-04:00,6.066667079925537,6.266666889190674,6.0,6.0,7875,0.0,0.0
1993-05-20 00:00:00-04:00,6.266666889190674,6.400000095367432,6.066667079925537,6.400000095367432,38438,0.0,0.0
1993-05-21 00:00:00-04:00,6.466667175292969,6.466667175292969,6.133333206176758,6.266666889190674,41250,0.0,0.0
1993-05-24 00:00:00-04:00,6.199999809265137,6.400000095367432,6.199999809265137,6.400000095367432,5063,0.0,0.0
1993-05-25 00:00:00-04:00,6.400000095367432,6.400000095367432,6.0,6.066667079925537,38438,0.0,0.0
1993-05-26 00:00:00-04:00,6.0,6.533332824707031,6.0,6.266666889190674,55688,0.0,0.0
1993-05-27 00:00:00-04:00,6.533332824707031,6.533332824707031,6.3333330154418945,6.466667175292969,52125,0.0,0.0
1993-05-28 00:00:00-04:00,6.3333330154418945,6.6666669845581055,6.3333330154418945,6.533332824707031,69000,0.0,0.0
1993-06-01 00:00:00-04:00,6.6666669845581055,6.6666669845581055,6.3333330154418945,6.533332824707031,35438,0.0,0.0
1993-06-02 00:00:00-04:00,6.400000095367432,6.6666669845581055,6.400000095367432,6.6666669845581055,2813,0.0,0.0
1993-06-03 00:00:00-04:00,6.533332824707031,6.533332824707031,6.400000095367432,6.400000095367432,4125,0.0,0.0
1993-06-04 00:00:00-04:00,6.400000095367432,6.800000190734863,6.400000095367432,6.800000190734863,25313,0.0,0.0
1993-06-07 00:00:00-04:00,6.800000190734863,7.3333330154418945,6.6666669845581055,7.3333330154418945,77438,0.0,0.0
1993-06-08 00:00:00-04:00,7.466667175292969,7.733333110809326,7.199999809265137,7.599999904632568,154125,0.0,0.0
1993-06-09 00:00:00-04:00,7.599999904632568,7.599999904632568,7.3333330154418945,7.533332824707031,85500,0.0,0.0
1993-06-10 00:00:00-04:00,7.466667175292969,7.599999904632568,6.933332920074463,7.066667079925537,108188,0.0,0.0
1993-06-11 00:00:00-04:00,7.066667079925537,7.199999809265137,6.800000190734863,7.133333206176758,53250,0.0,0.0
1993-06-14 00:00:00-04:00,7.199999809265137,7.599999904632568,7.066667079925537,7.3333330154418945,75563,0.0,0.0
1993-06-15 00:00:00-04:00,7.599999904632568,7.599999904632568,7.066667079925537,7.066667079925537,28313,0.0,0.0
1993-06-16 00:00:00-04:00,7.466667175292969,7.466667175292969,7.066667079925537,7.3333330154418945,15750,0.0,0.0
1993-06-17 00:00:00-04:00,7.3333330154418945,7.466667175292969,7.066667079925537,7.466667175292969,25500,0.0,0.0
1993-06-18 00:00:00-04:00,7.199999809265137,7.599999904632568,7.199999809265137,7.599999904632568,35625,0.0,0.0
1993-06-21 00:00:00-04:00,7.3333330154418945,7.599999904632568,7.3333330154418945,7.3333330154418945,12750,0.0,0.0
1993-06-22 00:00:00-04:00,7.3333330154418945,7.599999904632568,7.266666889190674,7.266666889190674,34875,0.0,0.0
1993-06-23 00:00:00-04:00,7.466667175292969,7.466667175292969,7.199999809265137,7.3333330154418945,15188,0.0,0.0
1993-06-24 00:00:00-04:00,7.199999809265137,7.3333330154418945,7.066667079925537,7.3333330154418945,9000,0.0,0.0
1993-06-25 00:00:00-04:00,7.3333330154418945,7.3333330154418945,7.066667079925537,7.199999809265137,10688,0.0,0.0
1993-06-28 00:00:00-04:00,7.3333330154418945,7.466667175292969,7.066667079925537,7.466667175292969,27375,0.0,0.0
1993-06-29 00:00:00-04:00,7.400000095367432,7.466667175292969,7.199999809265137,7.266666889190674,18750,0.0,0.0
1993-06-30 00:00:00-04:00,7.199999809265137,7.3333330154418945,7.066667079925537,7.199999809265137,51563,0.0,0.0
1993-07-01 00:00:00-04:00,7.199999809265137,7.199999809265137,6.933332920074463,6.933332920074463,9750,0.0,0.0
1993-07-02 00:00:00-04:00,7.199999809265137,7.199999809265137,6.933332920074463,7.199999809265137,15375,0.0,0.0
1993-07-06 00:00:00-04:00,7.199999809265137,7.199999809265137,6.800000190734863,6.800000190734863,33000,0.0,0.0
1993-07-07 00:00:00-04:00,6.933332920074463,6.933332920074463,6.533332824707031,6.800000190734863,36563,0.0,0.0
1993-07-08 00:00:00-04:00,6.933332920074463,6.933332920074463,6.533332824707031,6.800000190734863,37125,0.0,0.0
1993-07-09 00:00:00-04:00,6.533332824707031,6.800000190734863,6.533332824707031,6.800000190734863,11813,0.0,0.0
1993-07-12 00:00:00-04:00,6.533332824707031,6.933332920074463,6.533332824707031,6.800000190734863,12188,0.0,0.0
1993-07-13 00:00:00-04:00,6.800000190734863,6.933332920074463,6.6666669845581055,6.6666669845581055,16688,0.0,0.0
1993-07-14 00:00:00-04:00,6.6666669845581055,6.933332920074463,6.6666669845581055,6.933332920074463,13125,0.0,0.0
1993-07-15 00:00:00-04:00,6.6666669845581055,6.933332920074463,6.6666669845581055,6.933332920074463,15750,0.0,0.0
1993-07-16 00:00:00-04:00,7.400000095367432,7.400000095367432,6.599999904632568,7.0,32250,0.0,1.5
1993-07-19 00:00:00-04:00,7.0,7.0,6.599999904632568,6.900000095367432,14125,0.0,0.0
1993-07-20 00:00:00-04:00,7.0,7.0,6.400000095367432,6.400000095367432,30500,0.0,0.0
1993-07-21 00:00:00-04:00,6.400000095367432,6.599999904632568,6.400000095367432,6.599999904632568,19625,0.0,0.0
1993-07-22 00:00:00-04:00,6.599999904632568,6.800000190734863,6.400000095367432,6.5,18125,0.0,0.0
1993-07-23 00:00:00-04:00,6.800000190734863,7.0,6.5,6.599999904632568,37500,0.0,0.0
1993-07-26 00:00:00-04:00,7.0,7.0,6.599999904632568,7.0,14625,0.0,0.0
1993-07-27 00:00:00-04:00,7.0,7.0,6.599999904632568,6.900000095367432,23375,0.0,0.0
1993-07-28 00:00:00-04:00,7.0,7.400000095367432,6.800000190734863,7.400000095367432,34875,0.0,0.0
1993-07-29 00:00:00-04:00,7.400000095367432,7.599999904632568,7.0,7.400000095367432,78750,0.0,0.0
1993-07-30 00:00:00-04:00,7.400000095367432,7.400000095367432,7.0,7.199999809265137,32875,0.0,0.0
1993-08-02 00:00:00-04:00,7.400000095367432,7.400000095367432,7.0,7.400000095367432,16875,0.0,0.0
1993-08-03 00:00:00-04:00,7.400000095367432,7.400000095367432,7.199999809265137,7.199999809265137,14000,0.0,0.0
1993-08-04 00:00:00-04:00,7.199999809265137,7.400000095367432,7.199999809265137,7.400000095367432,7125,0.0,0.0
1993-08-05 00:00:00-04:00,7.199999809265137,7.599999904632568,7.199999809265137,7.400000095367432,42000,0.0,0.0
1993-08-06 00:00:00-04:00,7.599999904632568,7.599999904632568,7.400000095367432,7.599999904632568,37000,0.0,0.0
1993-08-09 00:00:00-04:00,7.599999904632568,8.600000381469727,7.599999904632568,8.600000381469727,69500,0.0,0.0
1993-08-10 00:00:00-04:00,8.399999618530273,9.0,8.399999618530273,9.0,139250,0.0,0.0
1993-08-11 00:00:00-04:00,9.0,9.199999809265137,8.699999809265137,8.699999809265137,104000,0.0,0.0
1993-08-12 00:00:00-04:00,8.899999618530273,8.899999618530273,8.399999618530273,8.800000190734863,40125,0.0,0.0
1993-08-13 00:00:00-04:00,8.800000190734863,9.800000190734863,8.600000381469727,9.800000190734863,96500,0.0,0.0
1993-08-16 00:00:00-04:00,9.399999618530273,9.800000190734863,9.399999618530273,9.399999618530273,57375,0.0,0.0
1993-08-17 00:00:00-04:00,9.699999809265137,9.699999809265137,9.399999618530273,9.600000381469727,24625,0.0,0.0
1993-08-18 00:00:00-04:00,9.600000381469727,9.600000381469727,8.600000381469727,9.0,42500,0.0,0.0
1993-08-19 00:00:00-04:00,9.0,9.0,8.399999618530273,8.399999618530273,70375,0.0,0.0
1993-08-20 00:00:00-04:00,8.399999618530273,8.600000381469727,8.399999618530273,8.600000381469727,41375,0.0,0.0
1993-08-23 00:00:00-04:00,8.600000381469727,8.600000381469727,7.800000190734863,8.199999809265137,56875,0.0,0.0
1993-08-24 00:00:00-04:00,8.199999809265137,8.399999618530273,8.0,8.199999809265137,49625,0.0,0.0
1993-08-25 00:00:00-04:00,8.199999809265137,8.800000190734863,8.0,8.800000190734863,41375,0.0,0.0
1993-08-26 00:00:00-04:00,8.800000190734863,8.800000190734863,8.600000381469727,8.699999809265137,18375,0.0,0.0
1993-08-27 00:00:00-04:00,8.800000190734863,9.199999809265137,8.600000381469727,9.0,44750,0.0,0.0
1993-08-30 00:00:00-04:00,9.199999809265137,9.199999809265137,8.899999618530273,9.0,12375,0.0,0.0
1993-08-31 00:00:00-04:00,9.199999809265137,9.600000381469727,9.0,9.600000381469727,52500,0.0,0.0
1993-09-01 00:00:00-04:00,9.600000381469727,9.800000190734863,9.300000190734863,9.5,43625,0.0,0.0
1993-09-02 00:00:00-04:00,9.699999809265137,9.699999809265137,9.300000190734863,9.600000381469727,27375,0.0,0.0
1993-09-03 00:00:00-04:00,9.300000190734863,9.600000381469727,9.199999809265137,9.199999809265137,20000,0.0,0.0
1993-09-07 00:00:00-04:00,9.399999618530273,9.399999618530273,8.800000190734863,8.899999618530273,28875,0.0,0.0
1993-09-08 00:00:00-04:00,8.800000190734863,8.800000190734863,8.199999809265137,8.600000381469727,52250,0.0,0.0
1993-09-09 00:00:00-04:00,8.600000381469727,8.600000381469727,8.199999809265137,8.199999809265137,19250,0.0,0.0
1993-09-10 00:00:00-04:00,8.199999809265137,8.600000381469727,8.199999809265137,8.199999809265137,11625,0.0,0.0
1993-09-13 00:00:00-04:00,8.199999809265137,8.600000381469727,8.199999809265137,8.199999809265137,5500,0.0,0.0
1993-09-14 00:00:00-04:00,8.199999809265137,8.600000381469727,8.199999809265137,8.600000381469727,7875,0.0,0.0
1993-09-15 00:00:00-04:00,8.199999809265137,8.399999618530273,8.0,8.100000381469727,20000,0.0,0.0
1993-09-16 00:00:00-04:00,8.399999618530273,8.600000381469727,8.199999809265137,8.199999809265137,17875,0.0,0.0
1993-09-17 00:00:00-04:00,8.600000381469727,8.600000381469727,8.199999809265137,8.600000381469727,14000,0.0,0.0
1993-09-20 00:00:00-04:00,8.600000381469727,8.600000381469727,8.399999618530273,8.5,27000,0.0,0.0
1993-09-21 00:00:00-04:00,8.800000190734863,8.800000190734863,8.5,8.800000190734863,21875,0.0,0.0
1993-09-22 00:00:00-04:00,8.800000190734863,9.0,8.600000381469727,8.600000381469727,52500,0.0,0.0
1993-09-23 00:00:00-04:00,9.0,9.0,8.600000381469727,8.600000381469727,16500,0.0,0.0
1993-09-24 00:00:00-04:00,9.0,9.0,8.800000190734863,9.0,30250,0.0,0.0
1993-09-27 00:00:00-04:00,8.800000190734863,9.199999809265137,8.800000190734863,9.0,13375,0.0,0.0
1993-09-28 00:00:00-04:00,8.800000190734863,9.0,8.199999809265137,8.600000381469727,37875,0.0,0.0
1993-09-29 00:00:00-04:00,8.600000381469727,8.600000381469727,8.399999618530273,8.600000381469727,9625,0.0,0.0
1993-09-30 00:00:00-04:00,8.600000381469727,8.800000190734863,8.399999618530273,8.699999809265137,23250,0.0,0.0
1993-10-01 00:00:00-04:00,8.5,9.0,8.399999618530273,8.399999618530273,29500,0.0,0.0
1993-10-04 00:00:00-04:00,8.300000190734863,8.5,8.199999809265137,8.300000190734863,41000,0.0,0.0
1993-10-05 00:00:00-04:00,8.300000190734863,8.399999618530273,8.300000190734863,8.399999618530273,46625,0.0,0.0
1993-10-06 00:00:00-04:00,8.300000190734863,8.399999618530273,8.300000190734863,8.399999618530273,8875,0.0,0.0
1993-10-07 00:00:00-04:00,8.300000190734863,8.399999618530273,8.100000381469727,8.399999618530273,35625,0.0,0.0
1993-10-08 00:00:00-04:00,8.399999618530273,8.399999618530273,8.100000381469727,8.399999618530273,31000,0.0,0.0
1993-10-11 00:00:00-04:00,8.399999618530273,8.399999618530273,8.199999809265137,8.399999618530273,27625,0.0,0.0
1993-10-12 00:00:00-04:00,8.199999809265137,8.399999618530273,8.199999809265137,8.300000190734863,10000,0.0,0.0
1993-10-13 00:00:00-04:00,8.399999618530273,8.399999618530273,8.199999809265137,8.300000190734863,17375,0.0,0.0
1993-10-14 00:00:00-04:00,8.100000381469727,8.300000190734863,7.800000190734863,8.0,37375,0.0,0.0
1993-10-15 00:00:00-04:00,7.900000095367432,8.199999809265137,7.900000095367432,8.199999809265137,47000,0.0,0.0
1993-10-18 00:00:00-04:00,8.0,8.300000190734863,8.0,8.300000190734863,10250,0.0,0.0
1993-10-19 00:00:00-04:00,8.300000190734863,8.300000190734863,8.0,8.300000190734863,2500,0.0,0.0
1993-10-20 00:00:00-04:00,8.300000190734863,8.300000190734863,8.0,8.100000381469727,9625,0.0,0.0
1993-10-21 00:00:00-04:00,8.300000190734863,8.300000190734863,7.699999809265137,7.699999809265137,74500,0.0,0.0
1993-10-22 00:00:00-04:00,7.699999809265137,7.699999809265137,7.199999809265137,7.5,157375,0.0,0.0
1993-10-25 00:00:00-04:00,7.199999809265137,7.400000095367432,6.900000095367432,7.300000190734863,113500,0.0,0.0
1993-10-26 00:00:00-04:00,7.300000190734863,7.400000095367432,6.599999904632568,6.800000190734863,78500,0.0,0.0
1993-10-27 00:00:00-04:00,6.900000095367432,7.099999904632568,6.699999809265137,6.699999809265137,82875,0.0,0.0
1993-10-28 00:00:00-04:00,6.699999809265137,7.199999809265137,6.699999809265137,7.0,48125,0.0,0.0
1993-10-29 00:00:00-04:00,7.199999809265137,7.599999904632568,7.0,7.599999904632568,79125,0.0,0.0
1993-11-01 00:00:00-05:00,7.699999809265137,7.900000095367432,7.599999904632568,7.699999809265137,52375,0.0,0.0
1993-11-02 00:00:00-05:00,7.599999904632568,7.599999904632568,7.300000190734863,7.400000095367432,44750,0.0,0.0
1993-11-03 00:00:00-05:00,7.599999904632568,7.599999904632568,6.900000095367432,7.0,24000,0.0,0.0
1993-11-04 00:00:00-05:00,7.199999809265137,7.199999809265137,6.800000190734863,7.199999809265137,15500,0.0,0.0
1993-11-05 00:00:00-05:00,7.199999809265137,7.300000190734863,6.800000190734863,7.300000190734863,72125,0.0,0.0
1993-11-08 00:00:00-05:00,7.300000190734863,7.300000190734863,7.099999904632568,7.300000190734863,19625,0.0,0.0
1993-11-09 00:00:00-05:00,7.300000190734863,7.400000095367432,7.099999904632568,7.300000190734863,23375,0.0,0.0
1993-11-10 00:00:00-05:00,7.300000190734863,7.400000095367432,7.199999809265137,7.300000190734863,63625,0.0,0.0
1993-11-11 00:00:00-05:00,7.400000095367432,7.400000095367432,7.400000095367432,7.400000095367432,5500,0.0,0.0
1993-11-12 00:00:00-05:00,7.099999904632568,7.400000095367432,7.099999904632568,7.300000190734863,26750,0.0,0.0
1993-11-15 00:00:00-05:00,7.400000095367432,7.400000095367432,7.0,7.0,6875,0.0,0.0
1993-11-16 00:00:00-05:00,7.0,7.400000095367432,7.0,7.300000190734863,37000,0.0,0.0
1993-11-17 00:00:00-05:00,7.099999904632568,7.300000190734863,7.099999904632568,7.199999809265137,8500,0.0,0.0
1993-11-18 00:00:00-05:00,7.099999904632568,7.199999809265137,6.900000095367432,7.099999904632568,16750,0.0,0.0
1993-11-19 00:00:00-05:00,7.0,7.199999809265137,6.800000190734863,7.199999809265137,45625,0.0,0.0
1993-11-22 00:00:00-05:00,7.0,7.5,7.0,7.5,121375,0.0,0.0
1993-11-23 00:00:00-05:00,7.5,8.0,7.400000095367432,7.800000190734863,180625,0.0,0.0
1993-11-24 00:00:00-05:00,7.800000190734863,8.0,7.699999809265137,8.0,59250,0.0,0.0
1993-11-26 00:00:00-05:00,8.0,8.199999809265137,8.0,8.199999809265137,52125,0.0,0.0
1993-11-29 00:00:00-05:00,8.199999809265137,8.5,8.0,8.199999809265137,112000,0.0,0.0
1993-11-30 00:00:00-05:00,8.399999618530273,8.399999618530273,8.0,8.100000381469727,37750,0.0,0.0
1993-12-01 00:00:00-05:00,8.300000190734863,8.399999618530273,8.100000381469727,8.300000190734863,69750,0.0,0.0
1993-12-02 00:00:00-05:00,8.300000190734863,8.300000190734863,8.0,8.300000190734863,57000,0.0,0.0
1993-12-03 00:00:00-05:00,8.300000190734863,8.399999618530273,8.100000381469727,8.399999618530273,35375,0.0,0.0
1993-12-06 00:00:00-05:00,8.399999618530273,9.0,8.300000190734863,9.0,146625,0.0,0.0
1993-12-07 00:00:00-05:00,9.0,9.100000381469727,8.699999809265137,9.100000381469727,72625,0.0,0.0
1993-12-08 00:00:00-05:00,9.100000381469727,9.100000381469727,8.300000190734863,8.600000381469727,67375,0.0,0.0
1993-12-09 00:00:00-05:00,8.699999809265137,9.0,8.699999809265137,8.699999809265137,49625,0.0,0.0
1993-12-10 00:00:00-05:00,8.800000190734863,9.199999809265137,8.399999618530273,9.0,36000,0.0,0.0
1993-12-13 00:00:00-05:00,9.0,9.300000190734863,8.899999618530273,9.300000190734863,43250,0.0,0.0
1993-12-14 00:00:00-05:00,9.399999618530273,9.600000381469727,9.0,9.199999809265137,45500,0.0,0.0
1993-12-15 00:00:00-05:00,9.399999618530273,9.399999618530273,9.0,9.0,49375,0.0,0.0
1993-12-16 00:00:00-05:00,9.199999809265137,9.5,9.0,9.5,34125,0.0,0.0
1993-12-17 00:00:00-05:00,9.600000381469727,10.0,9.199999809265137,10.0,84250,0.0,0.0
1993-12-20 00:00:00-05:00,10.0,11.0,9.600000381469727,10.199999809265137,161000,0.0,0.0
1993-12-21 00:00:00-05:00,10.0,10.199999809265137,9.800000190734863,9.800000190734863,64375,0.0,0.0
1993-12-22 00:00:00-05:00,10.0,10.399999618530273,9.800000190734863,10.399999618530273,78625,0.0,0.0
1993-12-23 00:00:00-05:00,10.399999618530273,10.399999618530273,10.0,10.399999618530273,34250,0.0,0.0
1993-12-27 00:00:00-05:00,10.399999618530273,10.600000381469727,10.0,10.300000190734863,31500,0.0,0.0
1993-12-28 00:00:00-05:00,10.300000190734863,10.300000190734863,10.0,10.100000381469727,20250,0.0,0.0
1993-12-29 00:00:00-05:00,10.199999809265137,10.199999809265137,9.600000381469727,9.800000190734863,52125,0.0,0.0
1993-12-30 00:00:00-05:00,10.0,10.0,9.600000381469727,9.899999618530273,39875,0.0,0.0
1993-12-31 00:00:00-05:00,9.699999809265137,10.0,9.699999809265137,9.699999809265137,21500,0.0,0.0
1994-01-03 00:00:00-05:00,9.699999809265137,10.0,9.600000381469727,9.600000381469727,36500,0.0,0.0
1994-01-04 00:00:00-05:00,9.600000381469727,9.600000381469727,9.199999809265137,9.5,37000,0.0,0.0
1994-01-05 00:00:00-05:00,9.5,9.5,9.199999809265137,9.5,22250,0.0,0.0
1994-01-06 00:00:00-05:00,9.399999618530273,9.600000381469727,9.399999618530273,9.600000381469727,39375,0.0,0.0
1994-01-07 00:00:00-05:00,9.399999618530273,9.800000190734863,9.199999809265137,9.199999809265137,24000,0.0,0.0
1994-01-10 00:00:00-05:00,9.5,9.5,9.199999809265137,9.300000190734863,10875,0.0,0.0
1994-01-11 00:00:00-05:00,9.5,9.699999809265137,9.300000190734863,9.600000381469727,31750,0.0,0.0
1994-01-12 00:00:00-05:00,9.600000381469727,9.800000190734863,9.399999618530273,9.800000190734863,74625,0.0,0.0
1994-01-13 00:00:00-05:00,9.800000190734863,9.800000190734863,9.399999618530273,9.699999809265137,26500,0.0,0.0
1994-01-14 00:00:00-05:00,9.699999809265137,10.399999618530273,9.5,10.199999809265137,69625,0.0,0.0
1994-01-17 00:00:00-05:00,10.300000190734863,10.600000381469727,10.0,10.5,79625,0.0,0.0
1994-01-18 00:00:00-05:00,10.600000381469727,10.800000190734863,10.300000190734863,10.5,74875,0.0,0.0
1994-01-19 00:00:00-05:00,10.600000381469727,10.600000381469727,10.199999809265137,10.5,62750,0.0,0.0
1994-01-20 00:00:00-05:00,10.199999809265137,10.5,10.199999809265137,10.5,16000,0.0,0.0
1994-01-21 00:00:00-05:00,10.5,10.5,10.199999809265137,10.199999809265137,33625,0.0,0.0
1994-01-24 00:00:00-05:00,10.5,10.5,10.199999809265137,10.300000190734863,41500,0.0,0.0
1994-01-25 00:00:00-05:00,10.5,10.5,10.100000381469727,10.100000381469727,49500,0.0,0.0
1994-01-26 00:00:00-05:00,10.100000381469727,10.5,9.800000190734863,10.399999618530273,48625,0.0,0.0
1994-01-27 00:00:00-05:00,10.199999809265137,10.399999618530273,10.199999809265137,10.399999618530273,12500,0.0,0.0
1994-01-28 00:00:00-05:00,10.399999618530273,10.5,10.199999809265137,10.5,23750,0.0,0.0
1994-01-31 00:00:00-05:00,10.5,10.699999809265137,10.300000190734863,10.699999809265137,54625,0.0,0.0
1994-02-01 00:00:00-05:00,10.5,10.899999618530273,10.399999618530273,10.800000190734863,56375,0.0,0.0
1994-02-02 00:00:00-05:00,10.899999618530273,10.899999618530273,10.399999618530273,10.399999618530273,60375,0.0,0.0
1994-02-03 00:00:00-05:00,10.800000190734863,10.800000190734863,10.300000190734863,10.600000381469727,34375,0.0,0.0
1994-02-04 00:00:00-05:00,10.300000190734863,10.600000381469727,9.699999809265137,9.699999809265137,42125,0.0,0.0
1994-02-07 00:00:00-05:00,9.399999618530273,10.0,9.100000381469727,10.0,104000,0.0,0.0
1994-02-08 00:00:00-05:00,9.899999618530273,10.399999618530273,9.899999618530273,10.300000190734863,28500,0.0,0.0
1994-02-09 00:00:00-05:00,10.399999618530273,10.5,10.100000381469727,10.300000190734863,18750,0.0,0.0
1994-02-10 00:00:00-05:00,10.5,10.5,10.300000190734863,10.399999618530273,30750,0.0,0.0
1994-02-11 00:00:00-05:00,10.5,10.600000381469727,10.100000381469727,10.5,16250,0.0,0.0
1994-02-14 00:00:00-05:00,10.600000381469727,10.600000381469727,10.300000190734863,10.600000381469727,39125,0.0,0.0
1994-02-15 00:00:00-05:00,10.600000381469727,10.600000381469727,10.0,10.300000190734863,37250,0.0,0.0
1994-02-16 00:00:00-05:00,10.75,10.75,10.0,10.75,40300,0.0,1.25
1994-02-17 00:00:00-05:00,10.75,10.75,10.375,10.375,36600,0.0,0.0
1994-02-18 00:00:00-05:00,10.375,10.75,10.375,10.75,30500,0.0,0.0
1994-02-22 00:00:00-05:00,10.75,10.75,10.25,10.625,42700,0.0,0.0
1994-02-23 00:00:00-05:00,10.875,11.0,10.625,10.875,18800,0.0,0.0
1994-02-24 00:00:00-05:00,10.875,11.0,10.375,10.5,30500,0.0,0.0
1994-02-25 00:00:00-05:00,10.375,10.75,10.375,10.625,73300,0.0,0.0
1994-02-28 00:00:00-05:00,10.5,10.75,10.25,10.625,30900,0.0,0.0
1994-03-01 00:00:00-05:00,10.25,10.5,10.25,10.5,12800,0.0,0.0
1994-03-02 00:00:00-05:00,10.25,10.625,10.25,10.5,56400,0.0,0.0
1994-03-03 00:00:00-05:00,10.625,11.25,10.625,11.0,101300,0.0,0.0
1994-03-04 00:00:00-05:00,11.0,11.125,10.75,11.0,51000,0.0,0.0
1994-03-07 00:00:00-05:00,11.0,11.0,10.25,10.75,46400,0.0,0.0
1994-03-08 00:00:00-05:00,10.375,10.75,10.125,10.25,46300,0.0,0.0
1994-03-09 00:00:00-05:00,10.125,10.25,9.25,9.75,77700,0.0,0.0
1994-03-10 00:00:00-05:00,9.75,10.0,9.5,10.0,28800,0.0,0.0
1994-03-11 00:00:00-05:00,10.0,10.0,9.625,9.75,18800,0.0,0.0
1994-03-14 00:00:00-05:00,10.0,10.25,9.75,9.75,26200,0.0,0.0
1994-03-15 00:00:00-05:00,10.0,10.0,9.5,9.75,35800,0.0,0.0
1994-03-16 00:00:00-05:00,9.5,9.875,9.25,9.875,69700,0.0,0.0
1994-03-17 00:00:00-05:00,9.5,10.5,9.5,9.75,89500,0.0,0.0
1994-03-18 00:00:00-05:00,9.5,10.0,9.25,9.375,69900,0.0,0.0
1994-03-21 00:00:00-05:00,9.5,9.5,8.75,9.25,52900,0.0,0.0
1994-03-22 00:00:00-05:00,8.875,9.25,8.875,9.0,19000,0.0,0.0
1994-03-23 00:00:00-05:00,9.25,9.25,8.5,8.875,80500,0.0,0.0
1994-03-24 00:00:00-05:00,8.875,8.875,8.625,8.875,48400,0.0,0.0
1994-03-25 00:00:00-05:00,8.875,9.375,8.625,9.375,43300,0.0,0.0
1994-03-28 00:00:00-05:00,8.875,9.5,8.875,9.5,20300,0.0,0.0
1994-03-29 00:00:00-05:00,8.875,9.25,8.125,8.125,53700,0.0,0.0
1994-03-30 00:00:00-05:00,8.0,8.25,7.5,7.75,93300,0.0,0.0
1994-03-31 00:00:00-05:00,7.625,8.25,7.625,8.25,52500,0.0,0.0
1994-04-04 00:00:00-04:00,7.625,8.5,7.625,8.375,34500,0.0,0.0
1994-04-05 00:00:00-04:00,8.375,8.625,8.25,8.5,56200,0.0,0.0
1994-04-06 00:00:00-04:00,8.25,8.5,8.0,8.0,52400,0.0,0.0
1994-04-07 00:00:00-04:00,8.375,8.375,7.625,7.75,43700,0.0,0.0
1994-04-08 00:00:00-04:00,8.0,8.0,7.75,7.75,45500,0.0,0.0
1994-04-11 00:00:00-04:00,7.75,8.625,7.75,8.125,52100,0.0,0.0
1994-04-12 00:00:00-04:00,8.25,8.25,8.0,8.25,43900,0.0,0.0
1994-04-13 00:00:00-04:00,8.25,8.25,8.0,8.25,28000,0.0,0.0
1994-04-14 00:00:00-04:00,7.875,8.25,7.875,8.125,30600,0.0,0.0
1994-04-15 00:00:00-04:00,8.125,8.125,7.625,7.625,54900,0.0,0.0
1994-04-18 00:00:00-04:00,7.75,8.0,7.125,7.125,42400,0.0,0.0
1994-04-19 00:00:00-04:00,7.25,7.5,6.875,6.875,51300,0.0,0.0
1994-04-20 00:00:00-04:00,7.0,7.25,7.0,7.125,31600,0.0,0.0
1994-04-21 00:00:00-04:00,7.25,7.625,7.0,7.625,43000,0.0,0.0
1994-04-22 00:00:00-04:00,7.625,8.0,7.625,7.9375,55700,0.0,0.0
1994-04-25 00:00:00-04:00,8.0,8.0,7.625,7.875,21300,0.0,0.0
1994-04-26 00:00:00-04:00,7.5,7.875,7.5,7.875,10500,0.0,0.0
1994-04-28 00:00:00-04:00,7.875,8.375,7.625,8.375,27800,0.0,0.0
1994-04-29 00:00:00-04:00,8.125,8.375,7.875,8.375,31500,0.0,0.0
1994-05-02 00:00:00-04:00,8.125,9.0,8.125,9.0,85000,0.0,0.0
1994-05-03 00:00:00-04:00,9.0,9.75,8.75,9.5,116800,0.0,0.0
1994-05-04 00:00:00-04:00,9.75,9.75,9.25,9.625,90100,0.0,0.0
1994-05-05 00:00:00-04:00,9.625,9.625,9.125,9.5,28300,0.0,0.0
1994-05-06 00:00:00-04:00,8.875,9.375,8.75,8.75,49700,0.0,0.0
1994-05-09 00:00:00-04:00,8.625,9.125,8.0,8.25,43300,0.0,0.0
1994-05-10 00:00:00-04:00,8.625,8.625,8.25,8.625,19700,0.0,0.0
1994-05-11 00:00:00-04:00,8.625,8.625,8.25,8.625,23200,0.0,0.0
1994-05-12 00:00:00-04:00,8.25,8.625,7.75,8.0,53200,0.0,0.0
1994-05-13 00:00:00-04:00,7.75,8.5,7.75,8.5,31600,0.0,0.0
1994-05-16 00:00:00-04:00,8.25,8.625,8.25,8.375,23400,0.0,0.0
1994-05-17 00:00:00-04:00,8.375,8.625,8.375,8.625,9500,0.0,0.0
1994-05-18 00:00:00-04:00,8.625,8.875,8.375,8.875,30400,0.0,0.0
1994-05-19 00:00:00-04:00,8.5,9.125,8.5,9.125,24500,0.0,0.0
1994-05-20 00:00:00-04:00,9.25,9.375,9.125,9.25,46000,0.0,0.0
1994-05-23 00:00:00-04:00,9.0,9.25,8.875,8.875,9100,0.0,0.0
1994-05-24 00:00:00-04:00,9.125,9.25,8.875,9.0625,10800,0.0,0.0
1994-05-25 00:00:00-04:00,9.25,10.5,9.0,9.5,110400,0.0,0.0
1994-05-26 00:00:00-04:00,10.0,10.0,9.0,9.0,63900,0.0,0.0
1994-05-27 00:00:00-04:00,9.0,9.375,8.75,9.25,33000,0.0,0.0
1994-05-31 00:00:00-04:00,9.375,9.375,8.875,9.375,13500,0.0,0.0
1994-06-01 00:00:00-04:00,9.375,9.375,8.5,9.0,27100,0.0,0.0
1994-06-02 00:00:00-04:00,8.75,9.0,8.5,8.5625,29300,0.0,0.0
1994-06-03 00:00:00-04:00,8.5,8.75,8.125,8.375,16200,0.0,0.0
1994-06-06 00:00:00-04:00,8.0,8.5,7.75,8.5,41000,0.0,0.0
1994-06-07 00:00:00-04:00,8.5,8.5,8.0,8.375,41200,0.0,0.0
1994-06-08 00:00:00-04:00,8.0,8.375,8.0,8.375,15100,0.0,0.0
1994-06-09 00:00:00-04:00,8.125,8.375,8.125,8.375,14300,0.0,0.0
1994-06-10 00:00:00-04:00,8.125,8.375,7.75,7.75,57100,0.0,0.0
1994-06-13 00:00:00-04:00,8.0,8.375,7.625,7.625,48900,0.0,0.0
1994-06-14 00:00:00-04:00,7.875,8.0,7.5,7.75,43400,0.0,0.0
1994-06-15 00:00:00-04:00,7.875,7.875,7.5,7.625,38400,0.0,0.0
1994-06-16 00:00:00-04:00,7.875,7.875,7.625,7.625,27800,0.0,0.0
1994-06-17 00:00:00-04:00,7.625,8.25,7.625,8.1875,72800,0.0,0.0
1994-06-20 00:00:00-04:00,8.25,8.25,7.875,7.875,13900,0.0,0.0
1994-06-21 00:00:00-04:00,7.875,8.125,7.625,7.75,29300,0.0,0.0
1994-06-22 00:00:00-04:00,8.0,8.0,7.75,7.875,19000,0.0,0.0
1994-06-23 00:00:00-04:00,8.0,8.125,7.625,7.75,31600,0.0,0.0
1994-06-24 00:00:00-04:00,7.625,7.875,7.25,7.375,39000,0.0,0.0
1994-06-27 00:00:00-04:00,7.375,8.0,7.375,7.75,44600,0.0,0.0
1994-06-28 00:00:00-04:00,8.0,8.0,7.75,8.0,38300,0.0,0.0
1994-06-29 00:00:00-04:00,7.75,7.875,7.5,7.5,18300,0.0,0.0
1994-06-30 00:00:00-04:00,7.5,7.875,7.25,7.625,37600,0.0,0.0
1994-07-01 00:00:00-04:00,7.625,7.875,7.25,7.25,23000,0.0,0.0
1994-07-05 00:00:00-04:00,7.375,7.5,7.0,7.25,28000,0.0,0.0
1994-07-06 00:00:00-04:00,7.125,7.625,7.125,7.625,6800,0.0,0.0
1994-07-07 00:00:00-04:00,7.375,7.875,7.375,7.875,33600,0.0,0.0
1994-07-08 00:00:00-04:00,7.75,8.5,7.75,8.5,31400,0.0,0.0
1994-07-11 00:00:00-04:00,8.5,8.5,8.125,8.125,19700,0.0,0.0
1994-07-12 00:00:00-04:00,8.5,8.5,8.125,8.125,8000,0.0,0.0
1994-07-13 00:00:00-04:00,7.875,8.125,7.75,8.0,24800,0.0,0.0
1994-07-14 00:00:00-04:00,8.25,8.25,7.875,7.875,10700,0.0,0.0
1994-07-15 00:00:00-04:00,7.875,8.125,7.875,8.0,8500,0.0,0.0
1994-07-18 00:00:00-04:00,7.75,8.25,7.75,8.25,3400,0.0,0.0
1994-07-19 00:00:00-04:00,7.875,8.25,7.875,8.25,1300,0.0,0.0
1994-07-20 00:00:00-04:00,7.875,8.25,7.875,8.125,37600,0.0,0.0
1994-07-21 00:00:00-04:00,7.875,8.25,7.875,8.0,24500,0.0,0.0
1994-07-22 00:00:00-04:00,8.375,8.5,8.125,8.375,21800,0.0,0.0
1994-07-25 00:00:00-04:00,8.375,8.5,8.125,8.125,7800,0.0,0.0
1994-07-26 00:00:00-04:00,8.5,8.5,8.125,8.5,27900,0.0,0.0
1994-07-27 00:00:00-04:00,8.625,8.75,8.375,8.5,31900,0.0,0.0
1994-07-28 00:00:00-04:00,8.625,8.625,8.125,8.125,40400,0.0,0.0
1994-07-29 00:00:00-04:00,8.375,8.625,8.125,8.5,20700,0.0,0.0
1994-08-01 00:00:00-04:00,8.625,8.625,8.25,8.25,11600,0.0,0.0
1994-08-02 00:00:00-04:00,8.625,8.625,8.25,8.25,31900,0.0,0.0
1994-08-03 00:00:00-04:00,8.5,8.5,8.25,8.375,26300,0.0,0.0
1994-08-04 00:00:00-04:00,8.25,8.5,8.25,8.375,5100,0.0,0.0
1994-08-05 00:00:00-04:00,8.5,8.625,8.25,8.375,21500,0.0,0.0
1994-08-08 00:00:00-04:00,8.625,8.625,8.375,8.5,37400,0.0,0.0
1994-08-09 00:00:00-04:00,8.625,8.75,8.375,8.375,6700,0.0,0.0
1994-08-10 00:00:00-04:00,8.375,8.625,8.375,8.5,20700,0.0,0.0
1994-08-11 00:00:00-04:00,8.625,8.625,8.375,8.375,9200,0.0,0.0
1994-08-12 00:00:00-04:00,8.375,8.625,8.375,8.375,7000,0.0,0.0
1994-08-15 00:00:00-04:00,8.5,8.75,8.0,8.0,35500,0.0,0.0
1994-08-16 00:00:00-04:00,8.25,8.25,7.5,7.5,48100,0.0,0.0
1994-08-17 00:00:00-04:00,7.25,7.75,7.25,7.625,27400,0.0,0.0
1994-08-18 00:00:00-04:00,7.625,7.75,7.375,7.375,11700,0.0,0.0
1994-08-19 00:00:00-04:00,7.625,7.75,7.375,7.5,16200,0.0,0.0
1994-08-22 00:00:00-04:00,7.75,7.75,7.5,7.5,6200,0.0,0.0
1994-08-23 00:00:00-04:00,7.75,7.75,7.375,7.5625,29700,0.0,0.0
1994-08-24 00:00:00-04:00,7.625,7.75,7.5,7.75,25300,0.0,0.0
1994-08-25 00:00:00-04:00,7.75,7.875,7.5,7.6875,10400,0.0,0.0
1994-08-26 00:00:00-04:00,7.875,7.875,7.625,7.875,23600,0.0,0.0
1994-08-29 00:00:00-04:00,7.625,7.75,7.375,7.5,22400,0.0,0.0
1994-08-30 00:00:00-04:00,7.25,7.75,7.25,7.75,24100,0.0,0.0
1994-08-31 00:00:00-04:00,7.75,7.75,7.5,7.75,4500,0.0,0.0
1994-09-01 00:00:00-04:00,7.75,7.75,7.375,7.375,22800,0.0,0.0
1994-09-02 00:00:00-04:00,7.5625,7.625,7.5,7.625,37400,0.0,0.0
1994-09-06 00:00:00-04:00,7.625,7.75,7.375,7.5625,10000,0.0,0.0
1994-09-07 00:00:00-04:00,7.5,7.625,7.375,7.5,14200,0.0,0.0
1994-09-08 00:00:00-04:00,7.375,7.625,7.375,7.625,4600,0.0,0.0
1994-09-09 00:00:00-04:00,7.625,7.625,7.375,7.625,11200,0.0,0.0
1994-09-12 00:00:00-04:00,7.625,7.875,7.375,7.375,24600,0.0,0.0
1994-09-13 00:00:00-04:00,7.5,7.625,7.5,7.625,14100,0.0,0.0
1994-09-14 00:00:00-04:00,7.625,7.625,7.375,7.625,28600,0.0,0.0
1994-09-15 00:00:00-04:00,7.375,7.5,7.375,7.375,16100,0.0,0.0
1994-09-16 00:00:00-04:00,7.375,7.5,7.25,7.375,30000,0.0,0.0
1994-09-19 00:00:00-04:00,7.375,7.375,7.0,7.0,10000,0.0,0.0
1994-09-20 00:00:00-04:00,7.25,7.25,6.875,7.125,21900,0.0,0.0
1994-09-21 00:00:00-04:00,7.125,7.25,6.875,7.125,30100,0.0,0.0
1994-09-22 00:00:00-04:00,6.875,7.125,6.875,7.125,14900,0.0,0.0
1994-09-23 00:00:00-04:00,6.875,7.125,6.875,7.0,52800,0.0,0.0
1994-09-26 00:00:00-04:00,7.0,7.25,7.0,7.25,3600,0.0,0.0
1994-09-27 00:00:00-04:00,7.25,7.25,6.875,7.25,4300,0.0,0.0
1994-09-28 00:00:00-04:00,7.25,7.25,6.875,6.875,23200,0.0,0.0
1994-09-29 00:00:00-04:00,6.875,7.125,6.875,7.125,11000,0.0,0.0
1994-09-30 00:00:00-04:00,6.875,7.125,6.875,7.125,15500,0.0,0.0
1994-10-03 00:00:00-04:00,7.125,7.25,6.875,6.875,9900,0.0,0.0
1994-10-04 00:00:00-04:00,7.125,7.375,7.0,7.375,50000,0.0,0.0
1994-10-05 00:00:00-04:00,7.375,7.375,7.0,7.375,17200,0.0,0.0
1994-10-06 00:00:00-04:00,7.375,7.375,7.0,7.125,3500,0.0,0.0
1994-10-07 00:00:00-04:00,7.375,7.375,7.0,7.375,10800,0.0,0.0
1994-10-10 00:00:00-04:00,7.375,7.375,7.0,7.375,5800,0.0,0.0
1994-10-11 00:00:00-04:00,7.375,7.375,7.125,7.375,8700,0.0,0.0
1994-10-12 00:00:00-04:00,7.375,7.375,7.125,7.375,11800,0.0,0.0
1994-10-13 00:00:00-04:00,7.375,7.375,7.125,7.375,12300,0.0,0.0
1994-10-14 00:00:00-04:00,7.375,7.375,7.0,7.25,13800,0.0,0.0
1994-10-17 00:00:00-04:00,7.125,7.375,7.125,7.375,4900,0.0,0.0
1994-10-18 00:00:00-04:00,7.375,7.375,7.0,7.375,11400,0.0,0.0
1994-10-19 00:00:00-04:00,7.375,7.375,7.0,7.125,6900,0.0,0.0
1994-10-20 00:00:00-04:00,7.375,7.375,7.125,7.25,5400,0.0,0.0
1994-10-21 00:00:00-04:00,7.125,7.375,7.125,7.125,27300,0.0,0.0
1994-10-24 00:00:00-04:00,7.25,7.375,7.125,7.25,7300,0.0,0.0
1994-10-25 00:00:00-04:00,7.25,7.375,7.125,7.375,12100,0.0,0.0
1994-10-26 00:00:00-04:00,7.375,7.375,7.125,7.125,16600,0.0,0.0
1994-10-27 00:00:00-04:00,7.375,7.375,7.125,7.125,3100,0.0,0.0
1994-10-28 00:00:00-04:00,7.125,7.375,7.125,7.125,3600,0.0,0.0
1994-10-31 00:00:00-05:00,7.375,7.375,7.125,7.375,23400,0.0,0.0
1994-11-01 00:00:00-05:00,7.125,7.375,6.75,6.75,21000,0.0,0.0
1994-11-02 00:00:00-05:00,7.25,7.25,6.75,7.0,35300,0.0,0.0
1994-11-03 00:00:00-05:00,7.0,7.25,6.75,7.0,10000,0.0,0.0
1994-11-04 00:00:00-05:00,7.25,7.25,6.875,7.0,7300,0.0,0.0
1994-11-07 00:00:00-05:00,6.875,7.0,6.75,6.75,8300,0.0,0.0
1994-11-08 00:00:00-05:00,6.75,7.125,6.75,6.875,13800,0.0,0.0
1994-11-09 00:00:00-05:00,6.75,7.0,6.375,6.625,31700,0.0,0.0
1994-11-10 00:00:00-05:00,6.25,6.75,6.25,6.625,36200,0.0,0.0
1994-11-11 00:00:00-05:00,6.75,6.75,6.5,6.5,11400,0.0,0.0
1994-11-14 00:00:00-05:00,6.5,6.75,6.5,6.5,19800,0.0,0.0
1994-11-15 00:00:00-05:00,6.25,6.75,6.0,6.5,65300,0.0,0.0
1994-11-16 00:00:00-05:00,6.125,6.75,6.125,6.75,17900,0.0,0.0
1994-11-17 00:00:00-05:00,6.75,6.75,6.125,6.5,27700,0.0,0.0
1994-11-18 00:00:00-05:00,6.5,6.5,6.125,6.5,7900,0.0,0.0
1994-11-21 00:00:00-05:00,6.5,6.5,5.875,6.25,28700,0.0,0.0
1994-11-22 00:00:00-05:00,6.375,6.375,5.375,5.5,47100,0.0,0.0
1994-11-23 00:00:00-05:00,5.75,5.875,5.25,5.875,70400,0.0,0.0
1994-11-25 00:00:00-05:00,5.875,6.0,5.75,6.0,20300,0.0,0.0
1994-11-28 00:00:00-05:00,5.75,6.0,5.75,6.0,24600,0.0,0.0
1994-11-29 00:00:00-05:00,5.75,6.5,5.75,6.5,49100,0.0,0.0
1994-11-30 00:00:00-05:00,6.5,6.75,6.25,6.75,45200,0.0,0.0
1994-12-01 00:00:00-05:00,6.75,6.75,6.375,6.375,10800,0.0,0.0
1994-12-02 00:00:00-05:00,6.75,6.75,6.375,6.5,16000,0.0,0.0
1994-12-05 00:00:00-05:00,6.5,6.5,6.0,6.375,11500,0.0,0.0
1994-12-06 00:00:00-05:00,6.0,6.25,6.0,6.125,7500,0.0,0.0
1994-12-07 00:00:00-05:00,6.0,6.25,5.875,5.875,16900,0.0,0.0
1994-12-08 00:00:00-05:00,6.125,6.125,5.25,5.5,47100,0.0,0.0
1994-12-09 00:00:00-05:00,5.375,5.75,5.375,5.375,21700,0.0,0.0
1994-12-12 00:00:00-05:00,5.625,5.875,5.5,5.6875,57900,0.0,0.0
1994-12-13 00:00:00-05:00,5.875,5.875,5.25,5.25,36500,0.0,0.0
1994-12-14 00:00:00-05:00,5.5,5.5,5.25,5.25,41600,0.0,0.0
1994-12-15 00:00:00-05:00,5.5,5.5,5.25,5.375,44000,0.0,0.0
1994-12-16 00:00:00-05:00,5.5,5.5,5.125,5.125,42600,0.0,0.0
1994-12-19 00:00:00-05:00,5.375,5.375,4.875,4.875,103600,0.0,0.0
1994-12-20 00:00:00-05:00,5.125,5.125,4.625,5.0,80300,0.0,0.0
1994-12-21 00:00:00-05:00,5.0,5.75,4.875,5.5,131100,0.0,0.0
1994-12-22 00:00:00-05:00,5.75,6.75,5.5,6.75,114900,0.0,0.0
1994-12-23 00:00:00-05:00,6.875,6.875,6.375,6.625,20200,0.0,0.0
1994-12-27 00:00:00-05:00,6.5,6.875,6.5,6.875,35300,0.0,0.0
1994-12-28 00:00:00-05:00,6.75,6.875,6.421875,6.5,23300,0.0,0.0
1994-12-29 00:00:00-05:00,6.75,6.875,6.375,6.375,28700,0.0,0.0
1994-12-30 00:00:00-05:00,6.5,6.75,6.25,6.25,59300,0.0,0.0
1995-01-03 00:00:00-05:00,6.5,7.0,6.375,6.875,43500,0.0,0.0
1995-01-04 00:00:00-05:00,6.75,6.84375,6.625,6.625,19800,0.0,0.0
1995-01-05 00:00:00-05:00,7.0,7.0,6.625,7.0,8200,0.0,0.0
1995-01-06 00:00:00-05:00,6.875,7.0,6.75,6.75,38000,0.0,0.0
1995-01-09 00:00:00-05:00,7.0,7.0,6.375,6.5,45200,0.0,0.0
1995-01-10 00:00:00-05:00,6.375,6.5,6.0,6.25,35900,0.0,0.0
1995-01-11 00:00:00-05:00,6.25,6.25,5.875,6.25,62500,0.0,0.0
1995-01-12 00:00:00-05:00,6.25,6.25,6.0,6.25,8200,0.0,0.0
1995-01-13 00:00:00-05:00,6.25,6.25,5.875,6.125,48800,0.0,0.0
1995-01-16 00:00:00-05:00,6.125,6.125,5.875,6.0,20500,0.0,0.0
1995-01-17 00:00:00-05:00,6.125,6.125,5.875,5.875,22400,0.0,0.0
1995-01-18 00:00:00-05:00,5.875,6.125,5.875,5.875,22900,0.0,0.0
1995-01-19 00:00:00-05:00,6.125,6.125,5.875,5.875,15200,0.0,0.0
1995-01-20 00:00:00-05:00,6.125,6.125,5.75,5.875,10500,0.0,0.0
1995-01-23 00:00:00-05:00,5.5,6.0,5.5,5.875,3400,0.0,0.0
1995-01-24 00:00:00-05:00,6.0,6.0,5.125,5.5,68700,0.0,0.0
1995-01-25 00:00:00-05:00,5.75,5.75,5.375,5.375,1300,0.0,0.0
1995-01-26 00:00:00-05:00,5.75,5.75,5.5,5.75,27500,0.0,0.0
1995-01-27 00:00:00-05:00,5.5,5.75,5.5,5.5,15100,0.0,0.0
1995-01-30 00:00:00-05:00,5.5,6.25,5.375,6.0,32000,0.0,0.0
1995-01-31 00:00:00-05:00,6.0,6.25,5.75,5.875,12200,0.0,0.0
1995-02-01 00:00:00-05:00,6.0,6.25,6.0,6.1875,15000,0.0,0.0
1995-02-02 00:00:00-05:00,6.25,6.25,5.75,5.75,14800,0.0,0.0
1995-02-03 00:00:00-05:00,5.625,6.125,5.625,5.875,17100,0.0,0.0
1995-02-06 00:00:00-05:00,6.0,6.0,5.625,5.875,23900,0.0,0.0
1995-02-07 00:00:00-05:00,5.625,5.875,5.625,5.625,48400,0.0,0.0
1995-02-08 00:00:00-05:00,5.625,5.875,5.625,5.625,16000,0.0,0.0
1995-02-09 00:00:00-05:00,5.75,5.75,5.5,5.5,24600,0.0,0.0
1995-02-10 00:00:00-05:00,5.75,5.75,5.5,5.625,6400,0.0,0.0
1995-02-13 00:00:00-05:00,5.75,5.75,5.5,5.75,7000,0.0,0.0
1995-02-14 00:00:00-05:00,5.625,5.75,5.625,5.75,8800,0.0,0.0
1995-02-15 00:00:00-05:00,5.625,5.875,5.5,5.625,11400,0.0,0.0
1995-02-16 00:00:00-05:00,5.75,5.75,5.5,5.75,10700,0.0,0.0
1995-02-17 00:00:00-05:00,5.75,5.75,5.5,5.75,19600,0.0,0.0
1995-02-21 00:00:00-05:00,5.75,5.75,5.5,5.75,9400,0.0,0.0
1995-02-22 00:00:00-05:00,5.75,5.75,5.5,5.5,22400,0.0,0.0
1995-02-23 00:00:00-05:00,5.75,7.5,5.75,7.375,197800,0.0,0.0
1995-02-24 00:00:00-05:00,7.625,8.0,7.125,7.125,166400,0.0,0.0
1995-02-27 00:00:00-05:00,7.625,7.71875,7.125,7.5,55500,0.0,0.0
1995-02-28 00:00:00-05:00,7.5,7.5,7.375,7.375,23100,0.0,0.0
1995-03-01 00:00:00-05:00,7.375,7.75,7.375,7.5,29400,0.0,0.0
1995-03-02 00:00:00-05:00,7.5,7.5,7.125,7.375,18400,0.0,0.0
1995-03-03 00:00:00-05:00,7.375,7.5,7.125,7.125,28300,0.0,0.0
1995-03-06 00:00:00-05:00,7.375,7.375,7.0,7.0,35200,0.0,0.0
1995-03-07 00:00:00-05:00,7.25,7.25,6.875,6.875,18700,0.0,0.0
1995-03-08 00:00:00-05:00,7.125,7.125,6.875,7.125,8100,0.0,0.0
1995-03-09 00:00:00-05:00,7.125,7.125,6.625,6.875,13100,0.0,0.0
1995-03-10 00:00:00-05:00,6.875,7.0,6.5,6.875,7400,0.0,0.0
1995-03-13 00:00:00-05:00,7.125,7.125,7.0,7.0,2700,0.0,0.0
1995-03-14 00:00:00-05:00,7.125,7.125,6.875,6.875,14500,0.0,0.0
1995-03-15 00:00:00-05:00,7.125,7.125,6.875,6.875,7500,0.0,0.0
1995-03-16 00:00:00-05:00,7.125,7.125,6.75,6.75,9200,0.0,0.0
1995-03-17 00:00:00-05:00,7.0,7.0,6.875,7.0,12000,0.0,0.0
1995-03-20 00:00:00-05:00,6.75,7.125,6.75,7.125,23700,0.0,0.0
1995-03-21 00:00:00-05:00,7.125,7.46875,7.125,7.46875,18900,0.0,0.0
1995-03-22 00:00:00-05:00,7.625,7.75,7.28125,7.5625,30900,0.0,0.0
1995-03-23 00:00:00-05:00,7.625,7.625,7.125,7.375,27400,0.0,0.0
1995-03-24 00:00:00-05:00,7.625,7.625,7.15625,7.5,53600,0.0,0.0
1995-03-27 00:00:00-05:00,7.46875,7.46875,7.25,7.375,15100,0.0,0.0
1995-03-28 00:00:00-05:00,7.46875,7.46875,7.125,7.125,18200,0.0,0.0
1995-03-29 00:00:00-05:00,7.125,7.34375,7.125,7.125,9300,0.0,0.0
1995-03-30 00:00:00-05:00,7.375,7.375,6.875,6.875,13200,0.0,0.0
1995-03-31 00:00:00-05:00,7.21875,7.21875,6.75,7.21875,3900,0.0,0.0
1995-04-03 00:00:00-04:00,7.25,7.25,7.0,7.0,10100,0.0,0.0
1995-04-04 00:00:00-04:00,7.25,7.25,6.78125,7.25,5900,0.0,0.0
1995-04-05 00:00:00-04:00,7.0,7.25,6.78125,7.125,18100,0.0,0.0
1995-04-06 00:00:00-04:00,7.0,7.125,7.0,7.0,27100,0.0,0.0
1995-04-07 00:00:00-04:00,7.0,7.0,6.75,6.875,9900,0.0,0.0
1995-04-10 00:00:00-04:00,6.75,7.0,6.625,6.625,48000,0.0,0.0
1995-04-11 00:00:00-04:00,6.625,6.75,6.25,6.25,29500,0.0,0.0
1995-04-12 00:00:00-04:00,6.375,6.375,6.25,6.375,14500,0.0,0.0
1995-04-13 00:00:00-04:00,6.375,6.625,6.25,6.375,27200,0.0,0.0
1995-04-17 00:00:00-04:00,6.5,6.875,6.375,6.5,39300,0.0,0.0
1995-04-18 00:00:00-04:00,6.625,6.75,6.375,6.75,40800,0.0,0.0
1995-04-19 00:00:00-04:00,6.75,6.75,6.3125,6.3125,38700,0.0,0.0
1995-04-20 00:00:00-04:00,6.375,6.625,6.375,6.40625,10300,0.0,0.0
1995-04-21 00:00:00-04:00,6.625,6.75,6.28125,6.75,19100,0.0,0.0
1995-04-24 00:00:00-04:00,6.96875,6.96875,6.375,6.375,6700,0.0,0.0
1995-04-25 00:00:00-04:00,6.375,7.0,6.375,6.875,20500,0.0,0.0
1995-04-26 00:00:00-04:00,6.75,6.875,6.625,6.6875,39000,0.0,0.0
1995-04-27 00:00:00-04:00,6.75,6.75,6.6875,6.6875,27900,0.0,0.0
1995-04-28 00:00:00-04:00,6.875,6.875,6.6875,6.875,22300,0.0,0.0
1995-05-01 00:00:00-04:00,6.6875,6.875,6.625,6.75,10700,0.0,0.0
1995-05-02 00:00:00-04:00,6.75,6.75,6.25,6.34375,29500,0.0,0.0
1995-05-03 00:00:00-04:00,6.25,6.375,6.25,6.25,23900,0.0,0.0
1995-05-04 00:00:00-04:00,6.25,6.5,6.25,6.375,25400,0.0,0.0
1995-05-05 00:00:00-04:00,6.375,6.375,6.28125,6.34375,16300,0.0,0.0
1995-05-08 00:00:00-04:00,6.34375,6.34375,5.75,6.125,75600,0.0,0.0
1995-05-09 00:00:00-04:00,6.0,6.25,6.0,6.25,64000,0.0,0.0
1995-05-10 00:00:00-04:00,6.25,6.25,5.75,5.75,16000,0.0,0.0
1995-05-11 00:00:00-04:00,6.125,6.125,5.78125,5.875,14800,0.0,0.0
1995-05-12 00:00:00-04:00,5.875,6.125,5.78125,6.09375,21200,0.0,0.0
1995-05-15 00:00:00-04:00,6.125,6.25,6.0,6.125,24000,0.0,0.0
1995-05-16 00:00:00-04:00,6.125,6.375,6.0,6.375,24400,0.0,0.0
1995-05-17 00:00:00-04:00,6.375,6.375,6.125,6.125,14600,0.0,0.0
1995-05-18 00:00:00-04:00,6.34375,6.34375,6.125,6.125,12200,0.0,0.0
1995-05-19 00:00:00-04:00,6.125,6.34375,6.125,6.25,36300,0.0,0.0
1995-05-22 00:00:00-04:00,6.125,6.25,6.0,6.25,31600,0.0,0.0
1995-05-23 00:00:00-04:00,6.0,6.25,5.75,6.125,52500,0.0,0.0
1995-05-24 00:00:00-04:00,6.0,6.46875,6.0,6.25,55400,0.0,0.0
1995-05-25 00:00:00-04:00,6.5,7.125,6.25,7.125,111900,0.0,0.0
1995-05-26 00:00:00-04:00,7.125,7.625,7.0,7.5,54600,0.0,0.0
1995-05-30 00:00:00-04:00,7.625,7.625,6.75,6.75,51100,0.0,0.0
1995-05-31 00:00:00-04:00,7.0,7.0,6.75,7.0,30400,0.0,0.0
1995-06-01 00:00:00-04:00,7.0,7.5,7.0,7.375,34100,0.0,0.0
1995-06-02 00:00:00-04:00,7.375,7.5,7.25,7.375,38200,0.0,0.0
1995-06-05 00:00:00-04:00,7.5,7.5,7.25,7.375,13100,0.0,0.0
1995-06-06 00:00:00-04:00,7.5,7.5,7.25,7.25,23400,0.0,0.0
1995-06-07 00:00:00-04:00,7.5,7.5,7.125,7.375,32400,0.0,0.0
1995-06-08 00:00:00-04:00,7.375,7.375,6.75,6.75,57300,0.0,0.0
1995-06-09 00:00:00-04:00,7.0,7.0,6.75,7.0,28200,0.0,0.0
1995-06-12 00:00:00-04:00,7.0,7.0,6.75,7.0,31400,0.0,0.0
1995-06-13 00:00:00-04:00,6.875,7.25,6.875,7.25,29700,0.0,0.0
1995-06-14 00:00:00-04:00,7.25,7.34375,7.0,7.34375,34300,0.0,0.0
1995-06-15 00:00:00-04:00,7.125,7.46875,7.125,7.46875,34800,0.0,0.0
1995-06-16 00:00:00-04:00,7.625,8.5,7.5,8.25,93600,0.0,0.0
1995-06-19 00:00:00-04:00,8.5,8.75,8.125,8.375,122100,0.0,0.0
1995-06-20 00:00:00-04:00,8.375,8.625,8.375,8.375,90900,0.0,0.0
1995-06-21 00:00:00-04:00,8.5,8.5,8.25,8.3125,76200,0.0,0.0
1995-06-22 00:00:00-04:00,8.5,8.5,8.25,8.5,46600,0.0,0.0
1995-06-23 00:00:00-04:00,8.5,8.5,8.25,8.5,22500,0.0,0.0
1995-06-26 00:00:00-04:00,8.25,8.5,8.125,8.5,62200,0.0,0.0
1995-06-27 00:00:00-04:00,8.25,8.5,7.75,7.75,28700,0.0,0.0
1995-06-28 00:00:00-04:00,8.0,8.0,7.5,8.0,32700,0.0,0.0
1995-06-29 00:00:00-04:00,8.0,8.375,7.875,8.125,32700,0.0,0.0
1995-06-30 00:00:00-04:00,8.375,8.375,8.0,8.25,18700,0.0,0.0
1995-07-03 00:00:00-04:00,8.25,8.25,7.875,8.25,11200,0.0,0.0
1995-07-05 00:00:00-04:00,8.25,8.25,7.875,8.125,17400,0.0,0.0
1995-07-06 00:00:00-04:00,8.25,8.25,7.875,7.875,33700,0.0,0.0
1995-07-07 00:00:00-04:00,8.125,8.25,7.875,8.25,17500,0.0,0.0
1995-07-10 00:00:00-04:00,8.25,8.375,8.0,8.375,31500,0.0,0.0
1995-07-11 00:00:00-04:00,8.375,8.375,7.875,8.375,13400,0.0,0.0
1995-07-12 00:00:00-04:00,7.875,8.375,7.875,8.375,6500,0.0,0.0
1995-07-13 00:00:00-04:00,8.25,8.25,7.875,8.0,16400,0.0,0.0
1995-07-14 00:00:00-04:00,8.25,8.375,7.75,8.375,15400,0.0,0.0
1995-07-17 00:00:00-04:00,7.75,8.375,7.75,8.0,26900,0.0,0.0
1995-07-18 00:00:00-04:00,8.125,8.125,7.5,7.5,36600,0.0,0.0
1995-07-19 00:00:00-04:00,7.75,7.75,7.125,7.5,15900,0.0,0.0
1995-07-20 00:00:00-04:00,7.375,7.75,6.875,7.25,38600,0.0,0.0
1995-07-21 00:00:00-04:00,7.75,8.125,7.25,8.125,32400,0.0,0.0
1995-07-24 00:00:00-04:00,8.25,8.25,7.75,8.125,14800,0.0,0.0
1995-07-25 00:00:00-04:00,8.125,8.25,8.0,8.125,41900,0.0,0.0
1995-07-26 00:00:00-04:00,8.0,8.125,7.625,7.875,33600,0.0,0.0
1995-07-27 00:00:00-04:00,7.625,8.0,7.625,7.625,9400,0.0,0.0
1995-07-28 00:00:00-04:00,8.0,8.0,7.25,7.625,28500,0.0,0.0
1995-07-31 00:00:00-04:00,7.625,8.0,7.25,8.0,19600,0.0,0.0
1995-08-01 00:00:00-04:00,8.0,8.25,7.875,8.25,33600,0.0,0.0
1995-08-02 00:00:00-04:00,8.25,14.0,8.125,13.625,1304000,0.0,0.0
1995-08-03 00:00:00-04:00,13.25,13.375,11.25,11.5,543300,0.0,0.0
1995-08-04 00:00:00-04:00,11.375,11.75,10.125,11.125,335200,0.0,0.0
1995-08-07 00:00:00-04:00,11.375,12.375,11.125,11.875,151800,0.0,0.0
1995-08-08 00:00:00-04:00,11.75,13.25,11.75,13.25,265800,0.0,0.0
1995-08-09 00:00:00-04:00,13.25,13.875,13.25,13.5,315700,0.0,0.0
1995-08-10 00:00:00-04:00,13.75,14.625,13.75,14.125,251800,0.0,0.0
1995-08-11 00:00:00-04:00,14.125,14.375,13.625,13.625,99100,0.0,0.0
1995-08-14 00:00:00-04:00,13.875,14.0,12.875,13.0,120400,0.0,0.0
1995-08-15 00:00:00-04:00,13.0,13.875,13.0,13.75,65900,0.0,0.0
1995-08-16 00:00:00-04:00,13.875,14.0,13.625,13.875,63200,0.0,0.0
1995-08-17 00:00:00-04:00,14.0,14.25,12.875,13.125,138400,0.0,0.0
1995-08-18 00:00:00-04:00,12.875,13.375,12.875,13.0,47400,0.0,0.0
1995-08-21 00:00:00-04:00,13.25,13.25,12.625,13.0,47800,0.0,0.0
1995-08-22 00:00:00-04:00,13.0,13.0,12.0,12.25,106500,0.0,0.0
1995-08-23 00:00:00-04:00,12.125,12.875,12.125,12.375,57100,0.0,0.0
1995-08-24 00:00:00-04:00,12.625,12.75,12.375,12.375,11000,0.0,0.0
1995-08-25 00:00:00-04:00,12.625,13.25,12.5,13.0,81000,0.0,0.0
1995-08-28 00:00:00-04:00,12.75,13.0,12.75,13.0,15900,0.0,0.0
1995-08-29 00:00:00-04:00,12.75,13.0,12.5,12.875,38600,0.0,0.0
1995-08-30 00:00:00-04:00,12.875,12.875,12.375,12.5,28700,0.0,0.0
1995-08-31 00:00:00-04:00,12.75,12.75,12.25,12.5,57000,0.0,0.0
1995-09-01 00:00:00-04:00,12.25,12.5,12.0,12.1875,24100,0.0,0.0
1995-09-05 00:00:00-04:00,12.25,12.25,11.375,12.0,78700,0.0,0.0
1995-09-06 00:00:00-04:00,12.0,12.0,11.5,11.75,38100,0.0,0.0
1995-09-07 00:00:00-04:00,11.5,11.75,11.25,11.5,32400,0.0,0.0
1995-09-08 00:00:00-04:00,11.25,11.5,11.25,11.5,48300,0.0,0.0
1995-09-11 00:00:00-04:00,11.5,12.75,11.25,12.5,118200,0.0,0.0
1995-09-12 00:00:00-04:00,13.0,13.25,12.5,13.0,96200,0.0,0.0
1995-09-13 00:00:00-04:00,13.0,14.0,13.0,14.0,178400,0.0,0.0
1995-09-14 00:00:00-04:00,14.0,15.875,14.0,15.875,316300,0.0,0.0
1995-09-15 00:00:00-04:00,16.875,16.875,13.0,15.75,387900,0.0,0.0
1995-09-18 00:00:00-04:00,15.75,15.75,14.0,14.75,92900,0.0,0.0
1995-09-19 00:00:00-04:00,14.75,15.5,14.5,15.125,78400,0.0,0.0
1995-09-20 00:00:00-04:00,15.0,15.5,14.5,15.25,44200,0.0,0.0
1995-09-21 00:00:00-04:00,15.5,15.625,14.625,15.25,69700,0.0,0.0
1995-09-22 00:00:00-04:00,15.625,15.625,14.25,14.5,54100,0.0,0.0
1995-09-25 00:00:00-04:00,15.0,15.0,14.25,14.375,18200,0.0,0.0
1995-09-26 00:00:00-04:00,15.0,15.0,13.75,13.875,49100,0.0,0.0
1995-09-27 00:00:00-04:00,13.875,14.25,13.375,13.375,27900,0.0,0.0
1995-09-28 00:00:00-04:00,14.0,14.25,13.375,14.25,28100,0.0,0.0
1995-09-29 00:00:00-04:00,14.75,14.75,13.5,13.75,36200,0.0,0.0
1995-10-02 00:00:00-04:00,13.5,14.25,12.375,12.75,80000,0.0,0.0
1995-10-03 00:00:00-04:00,13.0,13.25,12.5,13.0,35400,0.0,0.0
1995-10-04 00:00:00-04:00,13.25,13.25,12.75,13.0,24400,0.0,0.0
1995-10-05 00:00:00-04:00,12.5,13.25,12.25,12.75,32100,0.0,0.0
1995-10-06 00:00:00-04:00,13.0,13.0,11.75,12.25,55600,0.0,0.0
1995-10-09 00:00:00-04:00,12.125,12.75,12.125,12.5,16600,0.0,0.0
1995-10-10 00:00:00-04:00,12.0,12.5,12.0,12.125,15400,0.0,0.0
1995-10-11 00:00:00-04:00,12.5,13.125,12.125,12.5,75900,0.0,0.0
1995-10-12 00:00:00-04:00,12.625,12.625,12.125,12.5,78000,0.0,0.0
1995-10-13 00:00:00-04:00,12.5,12.5,12.125,12.375,20100,0.0,0.0
1995-10-16 00:00:00-04:00,12.5,12.5,11.75,12.25,17000,0.0,0.0
1995-10-17 00:00:00-04:00,12.25,12.25,11.75,11.75,12900,0.0,0.0
1995-10-18 00:00:00-04:00,12.5,12.75,11.75,12.75,67800,0.0,0.0
1995-10-19 00:00:00-04:00,12.25,12.75,12.25,12.25,9200,0.0,0.0
1995-10-20 00:00:00-04:00,12.75,12.75,12.25,12.375,52700,0.0,0.0
1995-10-23 00:00:00-04:00,12.625,12.625,12.125,12.375,23600,0.0,0.0
1995-10-24 00:00:00-04:00,12.25,12.5,12.0,12.5,5500,0.0,0.0
1995-10-25 00:00:00-04:00,12.0,12.5,11.75,12.5,10100,0.0,0.0
1995-10-26 00:00:00-04:00,12.5,12.5,11.75,12.5,12400,0.0,0.0
1995-10-27 00:00:00-04:00,11.75,12.0,11.25,11.75,64700,0.0,0.0
1995-10-30 00:00:00-05:00,11.75,11.75,11.25,11.75,17700,0.0,0.0
1995-10-31 00:00:00-05:00,11.25,12.5,11.25,12.5,41100,0.0,0.0
1995-11-01 00:00:00-05:00,12.25,12.5,12.0,12.5,14900,0.0,0.0
1995-11-02 00:00:00-05:00,12.0,12.5,12.0,12.5,30500,0.0,0.0
1995-11-03 00:00:00-05:00,13.0,15.0,13.0,13.625,169600,0.0,0.0
1995-11-06 00:00:00-05:00,13.25,14.0,13.125,13.75,23800,0.0,0.0
1995-11-07 00:00:00-05:00,13.75,14.0,13.125,13.75,37100,0.0,0.0
1995-11-08 00:00:00-05:00,13.75,14.5,13.25,13.75,67700,0.0,0.0
1995-11-09 00:00:00-05:00,13.75,13.75,13.25,13.25,12900,0.0,0.0
1995-11-10 00:00:00-05:00,13.25,13.75,13.0,13.75,23200,0.0,0.0
1995-11-13 00:00:00-05:00,14.0,14.0,13.0,13.0,19600,0.0,0.0
1995-11-14 00:00:00-05:00,13.75,13.75,12.875,13.5,34900,0.0,0.0
1995-11-15 00:00:00-05:00,13.5,13.5,12.75,13.5,10500,0.0,0.0
1995-11-16 00:00:00-05:00,13.5,13.625,12.75,13.375,17000,0.0,0.0
1995-11-17 00:00:00-05:00,13.625,13.625,13.0,13.125,5700,0.0,0.0
1995-11-20 00:00:00-05:00,13.0,13.75,13.0,13.625,41200,0.0,0.0
1995-11-21 00:00:00-05:00,13.25,13.625,12.75,13.0,16900,0.0,0.0
1995-11-22 00:00:00-05:00,12.75,13.375,12.5,12.75,20300,0.0,0.0
1995-11-24 00:00:00-05:00,12.5,13.0,12.5,12.5,8800,0.0,0.0
1995-11-27 00:00:00-05:00,12.5,12.875,11.5,12.25,30000,0.0,0.0
1995-11-28 00:00:00-05:00,12.25,12.25,11.0,12.0,38600,0.0,0.0
1995-11-29 00:00:00-05:00,11.875,12.25,11.875,12.125,26800,0.0,0.0
1995-11-30 00:00:00-05:00,12.125,13.25,11.75,13.125,58000,0.0,0.0
1995-12-01 00:00:00-05:00,13.125,13.125,12.5,12.75,11400,0.0,0.0
1995-12-04 00:00:00-05:00,13.125,13.125,12.625,13.0,16600,0.0,0.0
1995-12-05 00:00:00-05:00,12.75,13.5,12.75,13.125,27600,0.0,0.0
1995-12-06 00:00:00-05:00,13.625,13.75,13.0,13.25,18800,0.0,0.0
1995-12-07 00:00:00-05:00,13.25,13.5,13.0,13.25,9900,0.0,0.0
1995-12-08 00:00:00-05:00,13.25,13.5,12.5,13.0,20600,0.0,0.0
1995-12-11 00:00:00-05:00,12.125,12.875,12.0,12.875,24700,0.0,0.0
1995-12-12 00:00:00-05:00,12.875,12.875,12.125,12.25,12800,0.0,0.0
1995-12-13 00:00:00-05:00,12.125,12.375,11.75,12.25,37900,0.0,0.0
1995-12-14 00:00:00-05:00,12.25,12.375,11.625,11.75,50000,0.0,0.0
1995-12-15 00:00:00-05:00,12.25,12.25,11.875,12.125,10600,0.0,0.0
1995-12-18 00:00:00-05:00,12.25,12.25,11.25,11.25,30700,0.0,0.0
1995-12-19 00:00:00-05:00,11.75,11.75,11.25,11.625,23000,0.0,0.0
1995-12-20 00:00:00-05:00,11.75,12.0,11.0,11.0,38900,0.0,0.0
1995-12-21 00:00:00-05:00,11.25,11.75,10.5,11.75,70200,0.0,0.0
1995-12-22 00:00:00-05:00,11.25,11.75,10.25,10.5,178200,0.0,0.0
1995-12-26 00:00:00-05:00,10.75,10.75,9.0,9.75,99300,0.0,0.0
1995-12-27 00:00:00-05:00,9.5,10.375,9.125,9.25,127300,0.0,0.0
1995-12-28 00:00:00-05:00,10.0,10.0,8.5,10.0,306600,0.0,0.0
1995-12-29 00:00:00-05:00,10.0,10.25,9.375,10.0,53100,0.0,0.0
1996-01-02 00:00:00-05:00,10.25,10.75,10.0,10.25,43600,0.0,0.0
1996-01-03 00:00:00-05:00,10.75,10.75,10.125,10.125,38900,0.0,0.0
1996-01-04 00:00:00-05:00,10.75,10.75,10.0,10.0,28000,0.0,0.0
1996-01-05 00:00:00-05:00,9.75,10.25,9.5,10.0,31000,0.0,0.0
1996-01-08 00:00:00-05:00,10.25,10.25,10.0,10.25,6400,0.0,0.0
1996-01-09 00:00:00-05:00,9.75,10.25,9.75,10.125,32000,0.0,0.0
1996-01-10 00:00:00-05:00,9.875,10.125,9.75,9.75,25700,0.0,0.0
1996-01-11 00:00:00-05:00,9.5,10.125,9.5,10.125,20400,0.0,0.0
1996-01-12 00:00:00-05:00,10.125,10.25,9.75,10.25,84800,0.0,0.0
1996-01-15 00:00:00-05:00,10.25,11.0,10.0,10.25,64000,0.0,0.0
1996-01-16 00:00:00-05:00,10.0,10.5,10.0,10.125,27400,0.0,0.0
1996-01-17 00:00:00-05:00,10.5,10.5,9.75,10.25,14800,0.0,0.0
1996-01-18 00:00:00-05:00,10.25,10.5,10.0,10.0,12800,0.0,0.0
1996-01-19 00:00:00-05:00,10.5,10.75,10.0,10.5,33200,0.0,0.0
1996-01-22 00:00:00-05:00,10.5,10.75,10.0,10.25,20800,0.0,0.0
1996-01-23 00:00:00-05:00,10.25,11.0,10.25,10.875,28600,0.0,0.0
1996-01-24 00:00:00-05:00,11.0,11.0,10.5,11.0,18600,0.0,0.0
1996-01-25 00:00:00-05:00,10.5,11.0,10.25,10.5,36900,0.0,0.0
1996-01-26 00:00:00-05:00,11.0,11.0,10.0,10.25,96300,0.0,0.0
1996-01-29 00:00:00-05:00,9.875,11.0,9.875,10.5,27400,0.0,0.0
1996-01-30 00:00:00-05:00,10.5,11.0,10.25,10.25,14600,0.0,0.0
1996-01-31 00:00:00-05:00,10.25,10.625,10.25,10.625,6800,0.0,0.0
1996-02-01 00:00:00-05:00,10.625,10.625,10.25,10.625,3600,0.0,0.0
1996-02-02 00:00:00-05:00,10.625,10.625,10.25,10.625,4900,0.0,0.0
1996-02-05 00:00:00-05:00,10.25,11.0,10.25,10.625,24200,0.0,0.0
1996-02-06 00:00:00-05:00,10.625,11.0,10.0,10.375,24700,0.0,0.0
1996-02-07 00:00:00-05:00,10.0,10.5,10.0,10.375,3500,0.0,0.0
1996-02-08 00:00:00-05:00,10.0,10.75,10.0,10.25,12900,0.0,0.0
1996-02-09 00:00:00-05:00,10.75,10.75,9.75,10.0,8800,0.0,0.0
1996-02-12 00:00:00-05:00,9.75,10.25,9.5,10.0,165100,0.0,0.0
1996-02-13 00:00:00-05:00,9.5,10.25,9.5,10.0,24600,0.0,0.0
1996-02-14 00:00:00-05:00,9.5,10.0,9.375,9.75,32500,0.0,0.0
1996-02-15 00:00:00-05:00,9.75,10.0,9.5,9.5,21400,0.0,0.0
1996-02-16 00:00:00-05:00,9.75,10.25,9.5,9.625,30400,0.0,0.0
1996-02-20 00:00:00-05:00,9.25,9.625,9.0,9.25,28000,0.0,0.0
1996-02-21 00:00:00-05:00,9.5,9.75,9.25,9.5,23200,0.0,0.0
1996-02-22 00:00:00-05:00,9.5,10.0,9.125,9.125,35700,0.0,0.0
1996-02-23 00:00:00-05:00,9.125,9.5,8.75,9.125,69600,0.0,0.0
1996-02-26 00:00:00-05:00,9.5,9.625,9.125,9.375,21700,0.0,0.0
1996-02-27 00:00:00-05:00,9.25,9.625,9.25,9.25,5500,0.0,0.0
1996-02-28 00:00:00-05:00,9.5,10.0,9.0,10.0,31000,0.0,0.0
1996-02-29 00:00:00-05:00,9.75,10.0,9.5,9.75,19200,0.0,0.0
1996-03-01 00:00:00-05:00,9.5,9.75,9.25,9.5,8700,0.0,0.0
1996-03-04 00:00:00-05:00,9.25,9.75,9.25,9.5,11600,0.0,0.0
1996-03-05 00:00:00-05:00,9.5,9.75,9.375,9.625,17400,0.0,0.0
1996-03-06 00:00:00-05:00,9.375,9.75,9.375,9.75,5100,0.0,0.0
1996-03-07 00:00:00-05:00,9.75,9.75,9.375,9.5,14500,0.0,0.0
1996-03-08 00:00:00-05:00,9.375,9.5,8.875,9.25,18400,0.0,0.0
1996-03-11 00:00:00-05:00,9.25,9.5,8.5,9.25,26000,0.0,0.0
1996-03-12 00:00:00-05:00,9.25,9.25,8.875,9.25,7200,0.0,0.0
1996-03-13 00:00:00-05:00,9.25,9.25,8.875,9.0,6500,0.0,0.0
1996-03-14 00:00:00-05:00,9.125,9.75,9.0,9.375,36100,0.0,0.0
1996-03-15 00:00:00-05:00,9.375,9.75,9.25,9.5,16200,0.0,0.0
1996-03-18 00:00:00-05:00,9.5,9.5,9.0,9.125,14200,0.0,0.0
1996-03-19 00:00:00-05:00,9.5,9.5,9.125,9.5,15900,0.0,0.0
1996-03-20 00:00:00-05:00,9.125,9.5,9.125,9.375,18600,0.0,0.0
1996-03-21 00:00:00-05:00,9.375,9.375,8.875,9.125,52500,0.0,0.0
1996-03-22 00:00:00-05:00,9.125,9.125,8.875,9.125,21000,0.0,0.0
1996-03-25 00:00:00-05:00,9.125,9.125,8.5,9.0,36600,0.0,0.0
1996-03-26 00:00:00-05:00,8.625,9.125,8.625,9.125,29900,0.0,0.0
1996-03-27 00:00:00-05:00,8.875,9.125,8.625,8.875,16200,0.0,0.0
1996-03-28 00:00:00-05:00,9.125,9.625,8.875,9.375,24900,0.0,0.0
1996-03-29 00:00:00-05:00,9.125,9.375,9.125,9.125,9300,0.0,0.0
1996-04-01 00:00:00-05:00,9.375,9.375,8.5,8.875,37200,0.0,0.0
1996-04-02 00:00:00-05:00,9.0,9.0,8.875,9.0,6700,0.0,0.0
1996-04-03 00:00:00-05:00,9.0,9.25,8.5,9.25,39600,0.0,0.0
1996-04-04 00:00:00-05:00,9.25,9.375,8.75,9.375,25300,0.0,0.0
1996-04-08 00:00:00-04:00,8.75,9.125,8.75,9.125,7500,0.0,0.0
1996-04-09 00:00:00-04:00,9.125,9.125,8.5,8.875,19200,0.0,0.0
1996-04-10 00:00:00-04:00,8.875,9.0,8.5,9.0,18100,0.0,0.0
1996-04-11 00:00:00-04:00,9.0,9.0,8.5,8.875,9900,0.0,0.0
1996-04-12 00:00:00-04:00,8.5,9.375,8.5,9.375,22200,0.0,0.0
1996-04-15 00:00:00-04:00,9.375,9.375,8.875,9.25,10600,0.0,0.0
1996-04-16 00:00:00-04:00,8.875,9.25,8.875,8.875,4800,0.0,0.0
1996-04-17 00:00:00-04:00,8.875,9.25,8.875,9.125,10400,0.0,0.0
1996-04-18 00:00:00-04:00,8.875,9.25,8.875,9.0,12300,0.0,0.0
1996-04-19 00:00:00-04:00,9.0,9.375,8.75,9.375,14100,0.0,0.0
1996-04-22 00:00:00-04:00,9.375,9.375,9.0,9.0,10000,0.0,0.0
1996-04-23 00:00:00-04:00,9.375,10.5,9.0,10.25,80400,0.0,0.0
1996-04-24 00:00:00-04:00,10.5,11.0,10.25,10.75,70500,0.0,0.0
1996-04-25 00:00:00-04:00,10.75,11.25,10.0,11.0,143900,0.0,0.0
1996-04-26 00:00:00-04:00,11.0,11.25,10.75,10.75,55700,0.0,0.0
1996-04-29 00:00:00-04:00,10.75,11.75,10.375,10.375,66500,0.0,0.0
1996-04-30 00:00:00-04:00,10.375,10.75,9.75,10.0,42900,0.0,0.0
1996-05-01 00:00:00-04:00,9.75,10.875,9.75,10.5,57400,0.0,0.0
1996-05-02 00:00:00-04:00,10.5,10.75,9.75,10.5,15300,0.0,0.0
1996-05-03 00:00:00-04:00,9.75,10.375,9.75,10.375,11100,0.0,0.0
1996-05-06 00:00:00-04:00,10.375,10.375,9.875,9.875,13000,0.0,0.0
1996-05-07 00:00:00-04:00,10.375,10.375,9.5,9.875,42400,0.0,0.0
1996-05-08 00:00:00-04:00,10.0,10.0,9.375,9.625,18200,0.0,0.0
1996-05-09 00:00:00-04:00,10.0,10.0,8.625,9.125,47700,0.0,0.0
1996-05-10 00:00:00-04:00,9.5,10.0,8.875,9.375,36800,0.0,0.0
1996-05-13 00:00:00-04:00,9.625,10.0,9.25,9.5,12800,0.0,0.0
1996-05-14 00:00:00-04:00,10.0,10.0,9.375,9.375,7300,0.0,0.0
1996-05-15 00:00:00-04:00,9.375,9.875,9.375,9.375,3900,0.0,0.0
1996-05-16 00:00:00-04:00,9.875,9.875,9.375,9.875,7800,0.0,0.0
1996-05-17 00:00:00-04:00,9.375,10.0,9.375,9.5,17200,0.0,0.0
1996-05-20 00:00:00-04:00,9.5,9.875,9.125,9.125,19700,0.0,0.0
1996-05-21 00:00:00-04:00,9.375,9.375,9.0,9.25,35800,0.0,0.0
1996-05-22 00:00:00-04:00,9.125,9.25,8.5,9.25,26000,0.0,0.0
1996-05-23 00:00:00-04:00,8.75,9.25,8.75,9.0,6600,0.0,0.0
1996-05-24 00:00:00-04:00,9.25,10.25,9.0,10.0,49100,0.0,0.0
1996-05-28 00:00:00-04:00,10.0,10.75,9.75,10.0,24500,0.0,0.0
1996-05-29 00:00:00-04:00,10.0,10.5,10.0,10.0,6300,0.0,0.0
1996-05-30 00:00:00-04:00,10.5,10.5,10.0,10.0,5500,0.0,0.0
1996-05-31 00:00:00-04:00,9.75,10.5,9.75,9.75,11300,0.0,0.0
1996-06-03 00:00:00-04:00,9.5,10.25,9.5,10.25,6600,0.0,0.0
1996-06-04 00:00:00-04:00,9.5,9.875,9.25,9.5,11200,0.0,0.0
1996-06-05 00:00:00-04:00,9.5,9.5,9.0,9.375,4500,0.0,0.0
1996-06-06 00:00:00-04:00,9.5,9.5,9.0,9.0,13200,0.0,0.0
1996-06-07 00:00:00-04:00,8.75,9.25,8.5,9.25,5000,0.0,0.0
1996-06-10 00:00:00-04:00,9.25,9.5,8.75,9.5,19600,0.0,0.0
1996-06-11 00:00:00-04:00,9.25,9.75,9.25,9.75,12300,0.0,0.0
1996-06-12 00:00:00-04:00,10.0,10.0,9.25,9.25,4100,0.0,0.0
1996-06-13 00:00:00-04:00,10.0,10.0,9.125,9.125,19800,0.0,0.0
1996-06-14 00:00:00-04:00,9.5,9.5,9.125,9.5,3000,0.0,0.0
1996-06-17 00:00:00-04:00,9.125,9.5,8.75,8.75,12400,0.0,0.0
1996-06-18 00:00:00-04:00,8.75,9.25,8.75,8.875,52900,0.0,0.0
1996-06-19 00:00:00-04:00,8.75,9.25,8.75,9.0,16200,0.0,0.0
1996-06-20 00:00:00-04:00,9.25,9.25,8.25,8.75,14000,0.0,0.0
1996-06-21 00:00:00-04:00,8.25,8.5,7.75,8.125,77900,0.0,0.0
1996-06-24 00:00:00-04:00,7.75,8.375,7.5,7.5,28600,0.0,0.0
1996-06-25 00:00:00-04:00,8.0,8.0,7.25,8.0,73000,0.0,0.0
1996-06-26 00:00:00-04:00,8.0,8.0,7.625,8.0,37600,0.0,0.0
1996-06-27 00:00:00-04:00,7.625,8.0,7.5,7.75,29000,0.0,0.0
1996-06-28 00:00:00-04:00,7.5,7.875,7.25,7.875,57600,0.0,0.0
1996-07-01 00:00:00-04:00,7.875,7.875,7.25,7.75,50000,0.0,0.0
1996-07-02 00:00:00-04:00,7.5,7.75,7.0,7.5,80700,0.0,0.0
1996-07-03 00:00:00-04:00,7.375,8.25,7.375,8.25,38800,0.0,0.0
1996-07-05 00:00:00-04:00,8.5,8.5,7.8125,8.25,36100,0.0,0.0
1996-07-08 00:00:00-04:00,7.75,8.25,7.625,8.125,35700,0.0,0.0
1996-07-09 00:00:00-04:00,8.0,9.0,8.0,9.0,19200,0.0,0.0
1996-07-10 00:00:00-04:00,9.0,9.0,8.25,8.5,38500,0.0,0.0
1996-07-11 00:00:00-04:00,8.25,8.5,8.0,8.5,18500,0.0,0.0
1996-07-12 00:00:00-04:00,8.25,8.375,8.125,8.375,16200,0.0,0.0
1996-07-15 00:00:00-04:00,8.375,8.5,8.0,8.0,18600,0.0,0.0
1996-07-16 00:00:00-04:00,8.5,9.0,8.0,8.375,53500,0.0,0.0
1996-07-17 00:00:00-04:00,8.5,8.875,8.25,8.25,27000,0.0,0.0
1996-07-18 00:00:00-04:00,8.5,9.0,8.5,8.875,21400,0.0,0.0
1996-07-19 00:00:00-04:00,8.5,9.0,8.5,8.75,10400,0.0,0.0
1996-07-22 00:00:00-04:00,9.0,9.0,8.5,8.5,7400,0.0,0.0
1996-07-23 00:00:00-04:00,8.875,9.0,8.5,9.0,29000,0.0,0.0
1996-07-24 00:00:00-04:00,8.25,8.75,8.125,8.75,52600,0.0,0.0
1996-07-25 00:00:00-04:00,8.25,8.5,8.125,8.125,32100,0.0,0.0
1996-07-26 00:00:00-04:00,8.125,8.25,8.0,8.0,4200,0.0,0.0
1996-07-29 00:00:00-04:00,8.0,8.375,7.625,8.0,34300,0.0,0.0
1996-07-30 00:00:00-04:00,8.125,8.125,7.875,8.0,29800,0.0,0.0
1996-07-31 00:00:00-04:00,7.75,7.875,7.25,7.75,39300,0.0,0.0
1996-08-01 00:00:00-04:00,7.375,7.75,7.375,7.75,7300,0.0,0.0
1996-08-02 00:00:00-04:00,7.875,8.25,7.375,8.125,24500,0.0,0.0
1996-08-05 00:00:00-04:00,8.0,8.5,7.75,8.25,13600,0.0,0.0
1996-08-06 00:00:00-04:00,8.25,8.25,7.875,8.0,4200,0.0,0.0
1996-08-07 00:00:00-04:00,8.25,8.75,8.125,8.25,20600,0.0,0.0
1996-08-08 00:00:00-04:00,8.25,8.75,8.25,8.5,6400,0.0,0.0
1996-08-09 00:00:00-04:00,8.25,8.75,8.125,8.5,15600,0.0,0.0
1996-08-12 00:00:00-04:00,8.625,8.625,8.25,8.5,22400,0.0,0.0
1996-08-13 00:00:00-04:00,8.625,8.625,8.125,8.25,16300,0.0,0.0
1996-08-14 00:00:00-04:00,8.0,8.5,8.0,8.375,9400,0.0,0.0
1996-08-15 00:00:00-04:00,8.0,8.875,8.0,8.625,33100,0.0,0.0
1996-08-16 00:00:00-04:00,8.5,9.125,8.5,8.75,33100,0.0,0.0
1996-08-19 00:00:00-04:00,9.125,10.5,9.0,10.0,164200,0.0,0.0
1996-08-20 00:00:00-04:00,9.75,10.625,9.75,10.25,89100,0.0,0.0
1996-08-21 00:00:00-04:00,10.5,10.5,10.0,10.0,40200,0.0,0.0
1996-08-22 00:00:00-04:00,10.25,10.375,9.75,10.125,49300,0.0,0.0
1996-08-23 00:00:00-04:00,10.125,10.125,9.5,9.5,33000,0.0,0.0
1996-08-26 00:00:00-04:00,9.875,9.875,9.125,9.25,21700,0.0,0.0
1996-08-27 00:00:00-04:00,9.5,9.5,8.75,9.25,15800,0.0,0.0
1996-08-28 00:00:00-04:00,9.0,9.25,8.875,9.125,21300,0.0,0.0
1996-08-29 00:00:00-04:00,9.25,9.25,8.625,9.0,20600,0.0,0.0
1996-08-30 00:00:00-04:00,8.625,8.75,8.3125,8.625,54900,0.0,0.0
1996-09-03 00:00:00-04:00,8.625,8.625,8.25,8.375,54900,0.0,0.0
1996-09-04 00:00:00-04:00,8.375,8.375,8.0,8.375,30200,0.0,0.0
1996-09-05 00:00:00-04:00,8.375,8.375,8.0,8.125,74800,0.0,0.0
1996-09-06 00:00:00-04:00,7.75,8.25,7.5,8.25,16000,0.0,0.0
1996-09-09 00:00:00-04:00,8.25,8.25,7.75,8.25,13300,0.0,0.0
1996-09-10 00:00:00-04:00,8.25,8.375,8.0,8.125,18400,0.0,0.0
1996-09-11 00:00:00-04:00,8.0,8.25,8.0,8.25,14900,0.0,0.0
1996-09-12 00:00:00-04:00,8.0,8.25,8.0,8.25,39100,0.0,0.0
1996-09-13 00:00:00-04:00,8.25,8.375,8.0,8.25,156500,0.0,0.0
1996-09-16 00:00:00-04:00,8.125,8.125,8.0,8.125,59500,0.0,0.0
1996-09-17 00:00:00-04:00,8.125,8.625,8.0,8.375,72100,0.0,0.0
1996-09-18 00:00:00-04:00,8.125,8.5,8.125,8.5,43200,0.0,0.0
1996-09-19 00:00:00-04:00,8.25,8.625,8.25,8.625,22500,0.0,0.0
1996-09-20 00:00:00-04:00,8.75,9.1875,8.75,8.75,58800,0.0,0.0
1996-09-23 00:00:00-04:00,9.0,9.75,8.75,9.625,75600,0.0,0.0
1996-09-24 00:00:00-04:00,9.625,10.0,9.25,9.75,50100,0.0,0.0
1996-09-25 00:00:00-04:00,10.125,10.125,9.5,9.75,39400,0.0,0.0
1996-09-26 00:00:00-04:00,9.5,9.75,9.25,9.5,27400,0.0,0.0
1996-09-27 00:00:00-04:00,9.25,9.5,9.125,9.5,8100,0.0,0.0
1996-09-30 00:00:00-04:00,9.5,9.5,9.0,9.0,25500,0.0,0.0
1996-10-01 00:00:00-04:00,9.5,9.5,9.0,9.25,9200,0.0,0.0
1996-10-02 00:00:00-04:00,9.5,9.5,8.625,9.25,29500,0.0,0.0
1996-10-03 00:00:00-04:00,9.25,9.25,8.625,8.75,5200,0.0,0.0
1996-10-04 00:00:00-04:00,8.75,9.25,8.75,9.25,4700,0.0,0.0
1996-10-07 00:00:00-04:00,8.875,9.25,8.875,9.25,5900,0.0,0.0
1996-10-08 00:00:00-04:00,8.875,9.25,8.75,8.75,37200,0.0,0.0
1996-10-09 00:00:00-04:00,8.75,9.0,8.125,8.5,20400,0.0,0.0
1996-10-10 00:00:00-04:00,8.25,8.75,8.25,8.625,8200,0.0,0.0
1996-10-11 00:00:00-04:00,8.25,9.0,8.25,8.5,23600,0.0,0.0
1996-10-14 00:00:00-04:00,8.5,8.75,8.25,8.375,36700,0.0,0.0
1996-10-15 00:00:00-04:00,8.625,8.625,8.125,8.5,22000,0.0,0.0
1996-10-16 00:00:00-04:00,8.25,8.375,8.0,8.375,38700,0.0,0.0
1996-10-17 00:00:00-04:00,8.125,8.5,7.625,8.0,49200,0.0,0.0
1996-10-18 00:00:00-04:00,8.0,8.25,7.875,8.125,21400,0.0,0.0
1996-10-21 00:00:00-04:00,8.375,8.375,7.875,8.25,31600,0.0,0.0
1996-10-22 00:00:00-04:00,7.875,8.25,7.875,8.125,46400,0.0,0.0
1996-10-23 00:00:00-04:00,7.875,8.0,7.625,7.875,47000,0.0,0.0
1996-10-24 00:00:00-04:00,7.75,7.875,7.5,7.875,23900,0.0,0.0
1996-10-25 00:00:00-04:00,7.625,8.125,7.5,7.75,30200,0.0,0.0
1996-10-28 00:00:00-05:00,7.5,7.75,7.25,7.625,38000,0.0,0.0
1996-10-29 00:00:00-05:00,7.625,7.75,7.5,7.75,18600,0.0,0.0
1996-10-30 00:00:00-05:00,7.5,7.75,7.375,7.625,16800,0.0,0.0
1996-10-31 00:00:00-05:00,7.375,7.625,7.3125,7.625,27700,0.0,0.0
1996-11-01 00:00:00-05:00,7.375,7.75,7.375,7.625,24400,0.0,0.0
1996-11-04 00:00:00-05:00,7.5,8.0,7.5,7.875,47500,0.0,0.0
1996-11-05 00:00:00-05:00,8.375,8.375,7.25,7.625,44200,0.0,0.0
1996-11-06 00:00:00-05:00,7.625,7.75,7.5,7.75,21600,0.0,0.0
1996-11-07 00:00:00-05:00,7.5,7.75,7.375,7.75,10500,0.0,0.0
1996-11-08 00:00:00-05:00,7.5,7.875,7.0,7.875,77600,0.0,0.0
1996-11-11 00:00:00-05:00,7.625,7.875,7.5,7.5,43200,0.0,0.0
1996-11-12 00:00:00-05:00,7.875,7.875,7.375,7.75,31000,0.0,0.0
1996-11-13 00:00:00-05:00,7.375,7.75,7.25,7.75,20100,0.0,0.0
1996-11-14 00:00:00-05:00,7.375,7.75,7.375,7.75,20700,0.0,0.0
1996-11-15 00:00:00-05:00,7.75,8.0,7.375,7.75,42400,0.0,0.0
1996-11-18 00:00:00-05:00,7.5,7.625,7.25,7.625,11400,0.0,0.0
1996-11-19 00:00:00-05:00,7.0,7.625,7.0,7.625,36700,0.0,0.0
1996-11-20 00:00:00-05:00,7.625,7.625,7.125,7.5,62400,0.0,0.0
1996-11-21 00:00:00-05:00,7.25,7.5,7.25,7.25,29000,0.0,0.0
1996-11-22 00:00:00-05:00,7.375,7.5,7.1875,7.375,31200,0.0,0.0
1996-11-25 00:00:00-05:00,7.25,7.875,7.25,7.625,28500,0.0,0.0
1996-11-26 00:00:00-05:00,7.625,7.625,7.25,7.625,15900,0.0,0.0
1996-11-27 00:00:00-05:00,7.625,7.625,7.25,7.5,21000,0.0,0.0
1996-11-29 00:00:00-05:00,7.625,8.0,7.5,7.875,42300,0.0,0.0
1996-12-02 00:00:00-05:00,7.875,7.875,7.375,7.625,109500,0.0,0.0
1996-12-03 00:00:00-05:00,7.625,7.75,7.375,7.625,52500,0.0,0.0
1996-12-04 00:00:00-05:00,7.75,8.25,7.625,7.875,52100,0.0,0.0
1996-12-05 00:00:00-05:00,7.875,8.125,7.5,7.875,54800,0.0,0.0
1996-12-06 00:00:00-05:00,7.5,7.625,7.25,7.625,20800,0.0,0.0
1996-12-09 00:00:00-05:00,7.625,7.625,7.25,7.5,19800,0.0,0.0
1996-12-10 00:00:00-05:00,7.5,7.75,7.25,7.5,24900,0.0,0.0
1996-12-11 00:00:00-05:00,7.25,7.75,7.25,7.75,37000,0.0,0.0
1996-12-12 00:00:00-05:00,7.25,7.75,7.25,7.5,20100,0.0,0.0
1996-12-13 00:00:00-05:00,7.375,7.75,7.375,7.625,38900,0.0,0.0
1996-12-16 00:00:00-05:00,7.5,8.0,7.5,7.875,39900,0.0,0.0
1996-12-17 00:00:00-05:00,7.625,8.0,7.25,7.625,16600,0.0,0.0
1996-12-18 00:00:00-05:00,7.625,7.75,7.25,7.75,15000,0.0,0.0
1996-12-19 00:00:00-05:00,7.375,7.8125,7.375,7.75,30100,0.0,0.0
1996-12-20 00:00:00-05:00,7.875,8.125,7.625,8.0,41700,0.0,0.0
1996-12-23 00:00:00-05:00,7.875,8.0,7.625,7.875,29300,0.0,0.0
1996-12-24 00:00:00-05:00,7.875,7.875,7.5,7.5,8300,0.0,0.0
1996-12-26 00:00:00-05:00,7.875,7.875,7.5,7.625,15800,0.0,0.0
1996-12-27 00:00:00-05:00,7.5,8.0,7.5,8.0,46600,0.0,0.0
1996-12-30 00:00:00-05:00,7.75,8.125,7.5,7.75,40100,0.0,0.0
1996-12-31 00:00:00-05:00,7.25,7.75,7.25,7.75,29000,0.0,0.0
1997-01-02 00:00:00-05:00,7.375,7.625,7.125,7.625,23500,0.0,0.0
1997-01-03 00:00:00-05:00,7.625,7.625,7.25,7.5,16300,0.0,0.0
1997-01-06 00:00:00-05:00,7.5,7.5,6.875,7.25,25100,0.0,0.0
1997-01-07 00:00:00-05:00,6.875,7.75,6.875,7.5,27800,0.0,0.0
1997-01-08 00:00:00-05:00,7.25,7.625,7.125,7.375,26800,0.0,0.0
1997-01-09 00:00:00-05:00,7.375,7.75,7.1875,7.75,32600,0.0,0.0
1997-01-10 00:00:00-05:00,7.5,7.75,7.375,7.625,16400,0.0,0.0
1997-01-13 00:00:00-05:00,7.875,8.625,7.875,8.25,42600,0.0,0.0
1997-01-14 00:00:00-05:00,8.5,8.625,8.0,8.625,18000,0.0,0.0
1997-01-15 00:00:00-05:00,8.625,8.625,7.875,8.125,72800,0.0,0.0
1997-01-16 00:00:00-05:00,8.125,8.5,8.125,8.125,7400,0.0,0.0
1997-01-17 00:00:00-05:00,8.375,8.625,8.125,8.5,32400,0.0,0.0
1997-01-20 00:00:00-05:00,9.75,9.875,8.25,9.0,156800,0.0,0.0
1997-01-21 00:00:00-05:00,9.0,9.125,8.5,8.875,41600,0.0,0.0
1997-01-22 00:00:00-05:00,8.5,8.875,8.25,8.5,28900,0.0,0.0
1997-01-23 00:00:00-05:00,8.5,8.5,7.375,8.0,53600,0.0,0.0
1997-01-24 00:00:00-05:00,8.0,8.375,7.75,8.0,23500,0.0,0.0
1997-01-27 00:00:00-05:00,7.875,8.0,7.5625,8.0,13700,0.0,0.0
1997-01-28 00:00:00-05:00,8.0,8.0,7.75,7.875,34900,0.0,0.0
1997-01-29 00:00:00-05:00,7.75,8.5,7.75,8.25,77400,0.0,0.0
1997-01-30 00:00:00-05:00,8.125,8.75,8.125,8.375,18800,0.0,0.0
1997-01-31 00:00:00-05:00,8.625,8.625,8.25,8.5,20100,0.0,0.0
1997-02-03 00:00:00-05:00,8.125,8.25,7.875,8.25,21800,0.0,0.0
1997-02-04 00:00:00-05:00,8.25,8.25,7.75,8.0,18400,0.0,0.0
1997-02-05 00:00:00-05:00,7.75,7.875,7.625,7.75,25600,0.0,0.0
1997-02-06 00:00:00-05:00,7.875,8.0,7.875,7.875,17800,0.0,0.0
1997-02-07 00:00:00-05:00,8.0,8.0,7.5,7.75,25500,0.0,0.0
1997-02-10 00:00:00-05:00,7.5,7.75,7.5,7.75,24100,0.0,0.0
1997-02-11 00:00:00-05:00,7.5,7.75,7.5,7.625,30400,0.0,0.0
1997-02-12 00:00:00-05:00,7.625,7.75,7.5,7.6875,22100,0.0,0.0
1997-02-13 00:00:00-05:00,7.75,7.75,7.5,7.625,18100,0.0,0.0
1997-02-14 00:00:00-05:00,7.5,7.625,7.0,7.375,39000,0.0,0.0
1997-02-18 00:00:00-05:00,7.125,7.25,6.625,7.25,41300,0.0,0.0
1997-02-19 00:00:00-05:00,7.25,7.25,6.875,7.0,41900,0.0,0.0
1997-02-20 00:00:00-05:00,6.875,7.0,6.5,6.875,57200,0.0,0.0
1997-02-21 00:00:00-05:00,6.625,7.0,6.375,6.375,43200,0.0,0.0
1997-02-24 00:00:00-05:00,6.625,7.125,6.25,6.625,128600,0.0,0.0
1997-02-25 00:00:00-05:00,6.625,7.125,6.625,7.0,68000,0.0,0.0
1997-02-26 00:00:00-05:00,7.25,7.25,7.0,7.125,17000,0.0,0.0
1997-02-27 00:00:00-05:00,7.25,7.25,6.875,7.0,23900,0.0,0.0
1997-02-28 00:00:00-05:00,7.125,7.125,6.375,6.625,40900,0.0,0.0
1997-03-03 00:00:00-05:00,6.625,6.75,6.375,6.625,40800,0.0,0.0
1997-03-04 00:00:00-05:00,6.625,6.75,6.625,6.75,15500,0.0,0.0
1997-03-05 00:00:00-05:00,6.625,7.375,6.625,7.25,24800,0.0,0.0
1997-03-06 00:00:00-05:00,7.25,7.25,6.75,7.125,13400,0.0,0.0
1997-03-07 00:00:00-05:00,7.375,7.5,7.0,7.0,27300,0.0,0.0
1997-03-10 00:00:00-05:00,7.125,7.5,6.75,7.25,24800,0.0,0.0
1997-03-11 00:00:00-05:00,7.0,7.25,7.0,7.0,9600,0.0,0.0
1997-03-12 00:00:00-05:00,7.0,7.25,6.75,7.125,21600,0.0,0.0
1997-03-13 00:00:00-05:00,6.75,7.375,6.75,7.015625,25400,0.0,0.0
1997-03-14 00:00:00-05:00,7.25,7.25,6.875,7.125,6700,0.0,0.0
1997-03-17 00:00:00-05:00,7.25,7.375,6.875,7.25,19600,0.0,0.0
1997-03-18 00:00:00-05:00,7.125,7.125,6.75,6.75,29300,0.0,0.0
1997-03-19 00:00:00-05:00,6.875,6.875,6.625,6.875,4100,0.0,0.0
1997-03-20 00:00:00-05:00,6.75,7.0,6.375,6.75,29800,0.0,0.0
1997-03-21 00:00:00-05:00,6.625,7.0,6.375,6.625,17800,0.0,0.0
1997-03-24 00:00:00-05:00,6.25,6.5,6.25,6.375,21000,0.0,0.0
1997-03-25 00:00:00-05:00,6.375,6.625,5.625,6.5,54000,0.0,0.0
1997-03-26 00:00:00-05:00,6.375,6.5,6.125,6.5,41900,0.0,0.0
1997-03-27 00:00:00-05:00,6.375,6.5,6.25,6.25,20500,0.0,0.0
1997-03-31 00:00:00-05:00,6.25,6.25,5.75,6.125,30200,0.0,0.0
1997-04-01 00:00:00-05:00,5.75,5.875,5.25,5.625,66700,0.0,0.0
1997-04-02 00:00:00-05:00,5.625,5.625,4.875,5.25,102500,0.0,0.0
1997-04-03 00:00:00-05:00,5.375,5.75,5.125,5.5,65500,0.0,0.0
1997-04-04 00:00:00-05:00,5.5,5.75,5.5,5.75,46100,0.0,0.0
1997-04-07 00:00:00-04:00,5.75,6.0,5.5,5.5,44400,0.0,0.0
1997-04-08 00:00:00-04:00,5.5,6.0,5.5,5.75,22900,0.0,0.0
1997-04-09 00:00:00-04:00,5.875,6.75,5.625,6.25,49600,0.0,0.0
1997-04-10 00:00:00-04:00,6.5,6.75,6.25,6.5,29700,0.0,0.0
1997-04-11 00:00:00-04:00,6.375,6.5,6.25,6.5,10800,0.0,0.0
1997-04-14 00:00:00-04:00,6.75,6.75,6.25,6.25,37000,0.0,0.0
1997-04-15 00:00:00-04:00,6.5,6.5,6.125,6.125,11000,0.0,0.0
1997-04-16 00:00:00-04:00,6.125,6.25,5.875,6.0,28100,0.0,0.0
1997-04-17 00:00:00-04:00,6.0,6.25,5.875,6.0,17900,0.0,0.0
1997-04-18 00:00:00-04:00,6.125,6.125,5.875,5.875,6100,0.0,0.0
1997-04-21 00:00:00-04:00,6.125,6.125,6.0,6.0625,22500,0.0,0.0
1997-04-22 00:00:00-04:00,6.25,6.25,6.0,6.125,15900,0.0,0.0
1997-04-23 00:00:00-04:00,6.25,6.625,6.0,6.125,34200,0.0,0.0
1997-04-24 00:00:00-04:00,6.125,7.5,6.125,7.5,225200,0.0,0.0
1997-04-25 00:00:00-04:00,7.5,7.875,7.125,7.125,155400,0.0,0.0
1997-04-28 00:00:00-04:00,7.4375,7.4375,6.25,6.625,34500,0.0,0.0
1997-04-29 00:00:00-04:00,6.625,6.875,6.5,6.875,10600,0.0,0.0
1997-04-30 00:00:00-04:00,6.875,6.875,6.125,6.125,27700,0.0,0.0
1997-05-01 00:00:00-04:00,6.125,6.625,6.125,6.375,11300,0.0,0.0
1997-05-02 00:00:00-04:00,6.625,6.875,6.125,6.375,46400,0.0,0.0
1997-05-05 00:00:00-04:00,6.25,6.625,6.125,6.375,21000,0.0,0.0
1997-05-06 00:00:00-04:00,6.5,6.5,6.125,6.375,16800,0.0,0.0
1997-05-07 00:00:00-04:00,6.375,6.5,6.125,6.5,32500,0.0,0.0
1997-05-08 00:00:00-04:00,6.375,6.625,6.25,6.25,24000,0.0,0.0
1997-05-09 00:00:00-04:00,6.25,6.625,6.125,6.25,21500,0.0,0.0
1997-05-12 00:00:00-04:00,6.25,6.5,6.0,6.1875,16300,0.0,0.0
1997-05-13 00:00:00-04:00,6.0,6.25,6.0,6.25,21000,0.0,0.0
1997-05-14 00:00:00-04:00,6.3125,6.5,6.125,6.125,17500,0.0,0.0
1997-05-15 00:00:00-04:00,6.5,6.5,6.25,6.5,33400,0.0,0.0
1997-05-16 00:00:00-04:00,6.25,6.5,6.25,6.5,8400,0.0,0.0
1997-05-19 00:00:00-04:00,6.5,6.5,6.125,6.25,17200,0.0,0.0
1997-05-20 00:00:00-04:00,6.375,6.5,6.25,6.375,16800,0.0,0.0
1997-05-21 00:00:00-04:00,6.375,6.625,6.25,6.375,20100,0.0,0.0
1997-05-22 00:00:00-04:00,6.25,6.375,6.125,6.1875,33500,0.0,0.0
1997-05-23 00:00:00-04:00,6.125,6.375,6.125,6.375,25700,0.0,0.0
1997-05-27 00:00:00-04:00,6.125,6.375,6.125,6.125,9400,0.0,0.0
1997-05-28 00:00:00-04:00,6.5,6.5,6.125,6.375,13200,0.0,0.0
1997-05-29 00:00:00-04:00,6.375,6.375,5.875,6.0,18800,0.0,0.0
1997-05-30 00:00:00-04:00,5.875,6.25,5.75,6.25,35500,0.0,0.0
1997-06-02 00:00:00-04:00,5.875,6.125,5.875,5.875,7300,0.0,0.0
1997-06-03 00:00:00-04:00,5.875,6.125,5.875,6.0,11300,0.0,0.0
1997-06-04 00:00:00-04:00,6.0,6.0625,5.75,5.875,17300,0.0,0.0
1997-06-05 00:00:00-04:00,5.875,5.875,5.375,5.75,69300,0.0,0.0
1997-06-06 00:00:00-04:00,5.6875,6.0625,5.5,6.0625,64500,0.0,0.0
1997-06-09 00:00:00-04:00,6.125,6.3125,6.0625,6.125,23900,0.0,0.0
1997-06-10 00:00:00-04:00,6.0625,6.25,5.875,6.25,16600,0.0,0.0
1997-06-11 00:00:00-04:00,6.25,6.25,5.75,6.125,34700,0.0,0.0
1997-06-12 00:00:00-04:00,6.25,6.25,6.125,6.125,9100,0.0,0.0
1997-06-13 00:00:00-04:00,6.25,6.625,6.25,6.4375,50000,0.0,0.0
1997-06-16 00:00:00-04:00,6.625,6.625,6.375,6.375,31100,0.0,0.0
1997-06-17 00:00:00-04:00,6.5,6.875,6.375,6.75,42800,0.0,0.0
1997-06-18 00:00:00-04:00,6.5625,6.75,6.25,6.5,53300,0.0,0.0
1997-06-19 00:00:00-04:00,6.5,6.5,6.25,6.5,12800,0.0,0.0
1997-06-20 00:00:00-04:00,6.5,6.5,6.25,6.3125,21200,0.0,0.0
1997-06-23 00:00:00-04:00,6.5625,6.5625,6.375,6.5,9100,0.0,0.0
1997-06-24 00:00:00-04:00,6.5625,6.5625,6.3125,6.3125,3000,0.0,0.0
1997-06-25 00:00:00-04:00,6.3125,6.3125,6.1875,6.25,8400,0.0,0.0
1997-06-26 00:00:00-04:00,6.25,6.375,6.1875,6.1875,11700,0.0,0.0
1997-06-27 00:00:00-04:00,6.1875,6.5,6.125,6.375,19400,0.0,0.0
1997-06-30 00:00:00-04:00,6.125,6.375,6.125,6.125,16500,0.0,0.0
1997-07-01 00:00:00-04:00,6.25,6.25,6.125,6.25,5100,0.0,0.0
1997-07-02 00:00:00-04:00,6.25,6.25,6.0,6.125,18000,0.0,0.0
1997-07-03 00:00:00-04:00,6.125,6.125,5.875,6.125,31700,0.0,0.0
1997-07-07 00:00:00-04:00,6.125,6.25,5.875,6.25,27400,0.0,0.0
1997-07-08 00:00:00-04:00,6.25,6.625,6.125,6.375,35600,0.0,0.0
1997-07-09 00:00:00-04:00,6.625,7.125,6.5,7.125,43900,0.0,0.0
1997-07-10 00:00:00-04:00,7.125,7.5,6.875,7.5,45800,0.0,0.0
1997-07-11 00:00:00-04:00,7.5,8.375,7.375,8.1875,143000,0.0,0.0
1997-07-14 00:00:00-04:00,8.125,8.75,8.125,8.5625,107900,0.0,0.0
1997-07-15 00:00:00-04:00,8.5,8.625,7.875,8.1875,92900,0.0,0.0
1997-07-16 00:00:00-04:00,8.0,8.25,7.875,7.875,51500,0.0,0.0
1997-07-17 00:00:00-04:00,8.0,8.0,7.0,7.5625,79900,0.0,0.0
1997-07-18 00:00:00-04:00,7.5625,7.625,7.375,7.5,12200,0.0,0.0
1997-07-21 00:00:00-04:00,7.625,7.875,7.5,7.875,42600,0.0,0.0
1997-07-22 00:00:00-04:00,7.875,8.5,7.875,8.0,78200,0.0,0.0
1997-07-23 00:00:00-04:00,8.75,8.8125,8.25,8.5,93100,0.0,0.0
1997-07-24 00:00:00-04:00,8.5,8.5,8.125,8.125,24600,0.0,0.0
1997-07-25 00:00:00-04:00,8.375,8.625,8.25,8.5,35200,0.0,0.0
1997-07-28 00:00:00-04:00,8.5,9.0,8.1875,8.625,108400,0.0,0.0
1997-07-29 00:00:00-04:00,8.375,8.875,8.375,8.6875,43100,0.0,0.0
1997-07-30 00:00:00-04:00,8.6875,9.5,8.6875,9.125,119800,0.0,0.0
1997-07-31 00:00:00-04:00,9.0,9.125,8.625,8.625,52900,0.0,0.0
1997-08-01 00:00:00-04:00,9.125,9.125,8.75,9.0,38500,0.0,0.0
1997-08-04 00:00:00-04:00,9.0,9.5,8.75,9.25,164900,0.0,0.0
1997-08-05 00:00:00-04:00,9.4375,9.75,9.125,9.625,55100,0.0,0.0
1997-08-06 00:00:00-04:00,9.75,11.5,9.625,11.25,366800,0.0,0.0
1997-08-07 00:00:00-04:00,11.125,11.25,9.75,10.125,197400,0.0,0.0
1997-08-08 00:00:00-04:00,10.0,10.375,9.25,10.125,150300,0.0,0.0
1997-08-11 00:00:00-04:00,11.0,11.625,9.5,11.125,185900,0.0,0.0
1997-08-12 00:00:00-04:00,11.125,11.375,10.625,10.75,124200,0.0,0.0
1997-08-13 00:00:00-04:00,11.0,11.0,10.375,10.625,43900,0.0,0.0
1997-08-14 00:00:00-04:00,10.75,11.125,10.5,10.6875,76300,0.0,0.0
1997-08-15 00:00:00-04:00,10.875,10.875,10.125,10.375,44000,0.0,0.0
1997-08-18 00:00:00-04:00,10.375,10.375,9.625,10.0,47000,0.0,0.0
1997-08-19 00:00:00-04:00,10.25,10.5,10.0,10.25,55000,0.0,0.0
1997-08-20 00:00:00-04:00,10.5,10.875,10.375,10.625,57900,0.0,0.0
1997-08-21 00:00:00-04:00,10.5,11.0,9.875,9.875,27300,0.0,0.0
1997-08-22 00:00:00-04:00,9.75,10.25,9.75,10.1875,39500,0.0,0.0
1997-08-25 00:00:00-04:00,10.25,10.3125,9.9375,10.25,34000,0.0,0.0
1997-08-26 00:00:00-04:00,10.4375,11.125,10.25,11.0625,135200,0.0,0.0
1997-08-27 00:00:00-04:00,11.0625,11.125,10.4375,10.875,117700,0.0,0.0
1997-08-28 00:00:00-04:00,10.875,10.875,10.5,10.75,83500,0.0,0.0
1997-08-29 00:00:00-04:00,10.75,10.75,10.25,10.25,17400,0.0,0.0
1997-09-02 00:00:00-04:00,10.6875,10.6875,10.25,10.5625,42300,0.0,0.0
1997-09-03 00:00:00-04:00,10.25,10.625,10.125,10.4375,24400,0.0,0.0
1997-09-04 00:00:00-04:00,10.25,10.8125,10.1875,10.625,36700,0.0,0.0
1997-09-05 00:00:00-04:00,10.625,10.875,10.25,10.75,29700,0.0,0.0
1997-09-08 00:00:00-04:00,10.6875,10.75,10.25,10.5,29300,0.0,0.0
1997-09-09 00:00:00-04:00,10.25,10.5625,10.25,10.3125,13000,0.0,0.0
1997-09-10 00:00:00-04:00,10.25,10.4375,10.0,10.125,32000,0.0,0.0
1997-09-11 00:00:00-04:00,10.125,10.375,9.75,10.0,35300,0.0,0.0
1997-09-12 00:00:00-04:00,10.0,10.0,9.75,10.0,13500,0.0,0.0
1997-09-15 00:00:00-04:00,10.0,10.125,9.875,9.9375,39900,0.0,0.0
1997-09-16 00:00:00-04:00,9.875,10.0625,9.875,10.0,41400,0.0,0.0
1997-09-17 00:00:00-04:00,10.0,10.5,9.9375,10.25,39900,0.0,0.0
1997-09-18 00:00:00-04:00,10.3125,10.3125,10.0,10.0625,20500,0.0,0.0
1997-09-19 00:00:00-04:00,10.1875,10.25,9.75,9.75,54600,0.0,0.0
1997-09-22 00:00:00-04:00,9.9375,10.0,9.75,10.0,34700,0.0,0.0
1997-09-23 00:00:00-04:00,10.0,10.0625,9.75,10.0,34600,0.0,0.0
1997-09-24 00:00:00-04:00,10.0,10.0,9.75,9.875,11100,0.0,0.0
1997-09-25 00:00:00-04:00,9.9375,10.0,9.5625,9.5625,56400,0.0,0.0
1997-09-26 00:00:00-04:00,9.5625,9.875,9.5625,9.875,28400,0.0,0.0
1997-09-29 00:00:00-04:00,9.875,10.0625,9.75,10.0,64600,0.0,0.0
1997-09-30 00:00:00-04:00,10.0625,10.0625,9.75,9.875,31900,0.0,0.0
1997-10-01 00:00:00-04:00,9.75,9.875,9.5625,9.75,59100,0.0,0.0
1997-10-02 00:00:00-04:00,9.625,9.75,9.5,9.6875,60500,0.0,0.0
1997-10-03 00:00:00-04:00,9.5625,9.6875,9.5,9.625,19400,0.0,0.0
1997-10-06 00:00:00-04:00,9.6875,9.8125,9.5625,9.625,55800,0.0,0.0
1997-10-07 00:00:00-04:00,9.75,10.0,9.625,9.875,21600,0.0,0.0
1997-10-08 00:00:00-04:00,9.875,10.0,9.6875,9.875,25500,0.0,0.0
1997-10-09 00:00:00-04:00,9.75,9.875,9.625,9.625,23200,0.0,0.0
1997-10-10 00:00:00-04:00,9.75,9.9375,9.5,9.625,45600,0.0,0.0
1997-10-13 00:00:00-04:00,9.5,9.75,9.5,9.53125,33600,0.0,0.0
1997-10-14 00:00:00-04:00,9.625,9.625,9.5,9.625,32200,0.0,0.0
1997-10-15 00:00:00-04:00,9.625,9.75,9.5,9.6875,22500,0.0,0.0
1997-10-16 00:00:00-04:00,9.75,9.75,9.5,9.625,30000,0.0,0.0
1997-10-17 00:00:00-04:00,9.5,9.75,9.5,9.75,27100,0.0,0.0
1997-10-20 00:00:00-04:00,9.75,10.0,9.75,10.0,17000,0.0,0.0
1997-10-21 00:00:00-04:00,10.0,10.125,9.875,10.125,25100,0.0,0.0
1997-10-22 00:00:00-04:00,10.0,10.125,9.625,9.6875,66100,0.0,0.0
1997-10-23 00:00:00-04:00,9.625,9.625,9.0,9.1875,78900,0.0,0.0
1997-10-24 00:00:00-04:00,9.1875,9.625,9.0,9.1875,37800,0.0,0.0
1997-10-27 00:00:00-05:00,9.25,9.25,8.25,8.25,68500,0.0,0.0
1997-10-28 00:00:00-05:00,7.375,8.625,7.0625,8.25,95600,0.0,0.0
1997-10-29 00:00:00-05:00,8.5,9.125,8.4375,8.5,47900,0.0,0.0
1997-10-30 00:00:00-05:00,8.5625,9.125,8.375,9.0,19800,0.0,0.0
1997-10-31 00:00:00-05:00,9.125,9.625,9.0,9.0,41700,0.0,0.0
1997-11-03 00:00:00-05:00,9.25,9.375,9.125,9.25,19400,0.0,0.0
1997-11-04 00:00:00-05:00,9.375,9.375,9.125,9.25,18600,0.0,0.0
1997-11-05 00:00:00-05:00,9.25,9.5625,9.125,9.1875,20500,0.0,0.0
1997-11-06 00:00:00-05:00,9.0625,9.625,9.0625,9.0625,8600,0.0,0.0
1997-11-07 00:00:00-05:00,9.0,9.0,8.5625,8.5625,36000,0.0,0.0
1997-11-10 00:00:00-05:00,9.0,9.0,8.5,8.5625,16800,0.0,0.0
1997-11-11 00:00:00-05:00,8.75,9.0,8.5,8.75,28100,0.0,0.0
1997-11-12 00:00:00-05:00,8.875,8.9375,8.5,8.625,26300,0.0,0.0
1997-11-13 00:00:00-05:00,8.625,8.75,8.4375,8.5,40700,0.0,0.0
1997-11-14 00:00:00-05:00,8.5,8.75,8.375,8.5,10200,0.0,0.0
1997-11-17 00:00:00-05:00,8.625,8.875,8.625,8.6875,11300,0.0,0.0
1997-11-18 00:00:00-05:00,8.875,8.875,8.4375,8.4375,18600,0.0,0.0
1997-11-19 00:00:00-05:00,8.625,8.75,8.375,8.75,17300,0.0,0.0
1997-11-20 00:00:00-05:00,8.375,8.5,8.125,8.125,14100,0.0,0.0
1997-11-21 00:00:00-05:00,8.125,8.375,8.125,8.25,26400,0.0,0.0
1997-11-24 00:00:00-05:00,8.25,8.375,7.625,8.0,61300,0.0,0.0
1997-11-25 00:00:00-05:00,8.125,8.1875,8.0,8.125,16400,0.0,0.0
1997-11-26 00:00:00-05:00,8.1875,8.375,8.0625,8.125,24100,0.0,0.0
1997-11-28 00:00:00-05:00,8.375,8.5625,8.125,8.375,26200,0.0,0.0
1997-12-01 00:00:00-05:00,8.5625,9.125,8.5,8.8125,81400,0.0,0.0
1997-12-02 00:00:00-05:00,8.9375,9.0,8.75,8.875,65700,0.0,0.0
1997-12-03 00:00:00-05:00,9.0,9.0625,8.75,8.75,114000,0.0,0.0
1997-12-04 00:00:00-05:00,8.875,8.875,8.6875,8.75,84400,0.0,0.0
1997-12-05 00:00:00-05:00,8.75,9.125,8.6875,8.9375,138700,0.0,0.0
1997-12-08 00:00:00-05:00,9.0,9.0625,8.75,8.75,54400,0.0,0.0
1997-12-09 00:00:00-05:00,9.0,9.0,8.5625,8.6875,28300,0.0,0.0
1997-12-10 00:00:00-05:00,8.6875,8.75,8.625,8.75,19400,0.0,0.0
1997-12-11 00:00:00-05:00,8.75,8.75,8.5625,8.625,24800,0.0,0.0
1997-12-12 00:00:00-05:00,8.75,8.875,8.625,8.75,27200,0.0,0.0
1997-12-15 00:00:00-05:00,8.625,8.9375,8.375,8.5625,58700,0.0,0.0
1997-12-16 00:00:00-05:00,8.375,8.625,7.5625,8.125,61700,0.0,0.0
1997-12-17 00:00:00-05:00,7.875,8.25,7.875,8.0,57000,0.0,0.0
1997-12-18 00:00:00-05:00,8.0,8.25,7.5625,8.25,39100,0.0,0.0
1997-12-19 00:00:00-05:00,8.125,8.25,7.75,7.875,37400,0.0,0.0
1997-12-22 00:00:00-05:00,7.75,8.0,7.75,7.75,32900,0.0,0.0
1997-12-23 00:00:00-05:00,7.75,8.0,7.5625,7.75,71800,0.0,0.0
1997-12-24 00:00:00-05:00,7.875,7.875,7.6875,7.875,11900,0.0,0.0
1997-12-26 00:00:00-05:00,7.625,7.875,7.625,7.625,7800,0.0,0.0
1997-12-29 00:00:00-05:00,7.875,7.875,7.5625,7.75,43400,0.0,0.0
1997-12-30 00:00:00-05:00,7.75,7.75,7.5625,7.75,47100,0.0,0.0
1997-12-31 00:00:00-05:00,7.625,7.75,7.375,7.625,106600,0.0,0.0
1998-01-02 00:00:00-05:00,7.5,7.75,7.25,7.75,64800,0.0,0.0
1998-01-05 00:00:00-05:00,7.75,7.75,7.5625,7.6875,68300,0.0,0.0
1998-01-06 00:00:00-05:00,7.6875,7.6875,7.5,7.5625,44100,0.0,0.0
1998-01-07 00:00:00-05:00,7.5625,7.625,7.46875,7.5,36600,0.0,0.0
1998-01-08 00:00:00-05:00,7.53125,7.53125,7.0625,7.0625,29200,0.0,0.0
1998-01-09 00:00:00-05:00,7.0,7.5,7.0,7.3125,37800,0.0,0.0
1998-01-12 00:00:00-05:00,7.25,7.625,7.125,7.375,63500,0.0,0.0
1998-01-13 00:00:00-05:00,7.375,7.375,7.125,7.375,19600,0.0,0.0
1998-01-14 00:00:00-05:00,7.125,7.3125,7.125,7.28125,36900,0.0,0.0
1998-01-15 00:00:00-05:00,7.125,7.3125,7.0,7.21875,34800,0.0,0.0
1998-01-16 00:00:00-05:00,7.25,7.25,7.125,7.125,37100,0.0,0.0
1998-01-20 00:00:00-05:00,7.1875,7.5,7.125,7.3125,80700,0.0,0.0
1998-01-21 00:00:00-05:00,7.3125,7.3125,7.125,7.1875,17800,0.0,0.0
1998-01-22 00:00:00-05:00,7.3125,7.3125,7.1875,7.3125,7000,0.0,0.0
1998-01-23 00:00:00-05:00,7.25,7.25,7.0625,7.125,24200,0.0,0.0
1998-01-26 00:00:00-05:00,7.0625,7.3125,7.0625,7.1875,13100,0.0,0.0
1998-01-27 00:00:00-05:00,7.3125,7.3125,7.0625,7.125,21600,0.0,0.0
1998-01-28 00:00:00-05:00,7.1875,7.1875,7.0625,7.0625,24200,0.0,0.0
1998-01-29 00:00:00-05:00,7.0625,7.3125,7.0,7.0,31700,0.0,0.0
1998-01-30 00:00:00-05:00,6.9375,7.0,6.5,6.75,38300,0.0,0.0
1998-02-02 00:00:00-05:00,6.5,7.4375,6.5,7.125,95600,0.0,0.0
1998-02-03 00:00:00-05:00,7.375,7.625,7.03125,7.4375,194200,0.0,0.0
1998-02-04 00:00:00-05:00,7.4375,7.4375,7.1875,7.4375,74900,0.0,0.0
1998-02-05 00:00:00-05:00,7.375,7.5,7.375,7.4375,89100,0.0,0.0
1998-02-06 00:00:00-05:00,7.5,7.5,7.375,7.4375,79600,0.0,0.0
1998-02-09 00:00:00-05:00,7.5,8.0625,7.375,7.875,70500,0.0,0.0
1998-02-10 00:00:00-05:00,8.0,8.625,7.75,8.625,79400,0.0,0.0
1998-02-11 00:00:00-05:00,8.75,9.0,8.4375,8.75,115400,0.0,0.0
1998-02-12 00:00:00-05:00,8.75,9.625,8.625,9.5,226600,0.0,0.0
1998-02-13 00:00:00-05:00,9.75,9.75,8.6875,9.0,125900,0.0,0.0
1998-02-17 00:00:00-05:00,8.875,9.125,8.5,8.5,50900,0.0,0.0
1998-02-18 00:00:00-05:00,8.6875,8.75,7.625,8.59375,82000,0.0,0.0
1998-02-19 00:00:00-05:00,8.6875,8.6875,8.1875,8.6875,67700,0.0,0.0
1998-02-20 00:00:00-05:00,8.6875,8.875,8.5625,8.875,26900,0.0,0.0
1998-02-23 00:00:00-05:00,8.625,8.875,8.625,8.875,21600,0.0,0.0
1998-02-24 00:00:00-05:00,8.875,9.125,8.625,9.125,44000,0.0,0.0
1998-02-25 00:00:00-05:00,9.1875,9.71875,9.0,9.4375,129800,0.0,0.0
1998-02-26 00:00:00-05:00,9.0,9.375,8.75,9.375,70100,0.0,0.0
1998-02-27 00:00:00-05:00,9.375,9.4375,9.0,9.25,34400,0.0,0.0
1998-03-02 00:00:00-05:00,9.375,9.6875,9.25,9.25,115600,0.0,0.0
1998-03-03 00:00:00-05:00,9.375,9.375,9.125,9.125,17300,0.0,0.0
1998-03-04 00:00:00-05:00,9.3125,9.3125,8.75,9.0625,42500,0.0,0.0
1998-03-05 00:00:00-05:00,8.96875,9.375,8.96875,9.0,43100,0.0,0.0
1998-03-06 00:00:00-05:00,9.0,9.125,8.875,9.03125,10100,0.0,0.0
1998-03-09 00:00:00-05:00,9.125,9.25,8.875,9.125,26700,0.0,0.0
1998-03-10 00:00:00-05:00,9.125,9.125,8.90625,9.0625,21900,0.0,0.0
1998-03-11 00:00:00-05:00,9.0,9.125,8.9375,9.0625,32400,0.0,0.0
1998-03-12 00:00:00-05:00,9.0625,9.1875,8.9375,9.0,13700,0.0,0.0
1998-03-13 00:00:00-05:00,9.0,9.5,9.0,9.5,31400,0.0,0.0
1998-03-16 00:00:00-05:00,9.5625,9.5625,9.0625,9.25,39500,0.0,0.0
1998-03-17 00:00:00-05:00,9.125,9.25,8.9375,9.125,26900,0.0,0.0
1998-03-18 00:00:00-05:00,8.875,8.875,8.75,8.875,23900,0.0,0.0
1998-03-19 00:00:00-05:00,8.75,9.125,8.75,9.0,34900,0.0,0.0
1998-03-20 00:00:00-05:00,9.125,9.125,8.875,9.125,32800,0.0,0.0
1998-03-23 00:00:00-05:00,9.0625,9.0625,8.875,8.9375,14000,0.0,0.0
1998-03-24 00:00:00-05:00,9.0,9.0,8.5,8.75,34800,0.0,0.0
1998-03-25 00:00:00-05:00,8.625,8.625,8.125,8.3125,39200,0.0,0.0
1998-03-26 00:00:00-05:00,7.875,8.125,7.875,8.0625,33800,0.0,0.0
1998-03-27 00:00:00-05:00,8.0,8.3125,7.8125,8.0625,36500,0.0,0.0
1998-03-30 00:00:00-05:00,8.0625,8.25,7.875,8.0,25200,0.0,0.0
1998-03-31 00:00:00-05:00,7.75,8.0,7.625,8.0,28400,0.0,0.0
1998-04-01 00:00:00-05:00,8.0,8.125,7.875,8.125,41300,0.0,0.0
1998-04-02 00:00:00-05:00,8.25,8.375,8.0625,8.375,13000,0.0,0.0
1998-04-03 00:00:00-05:00,8.25,8.25,8.0625,8.0625,23400,0.0,0.0
1998-04-06 00:00:00-04:00,8.0625,8.25,8.0,8.0625,10000,0.0,0.0
1998-04-07 00:00:00-04:00,8.0,8.375,7.875,8.0,42800,0.0,0.0
1998-04-08 00:00:00-04:00,8.0,8.125,7.78125,8.0,23100,0.0,0.0
1998-04-09 00:00:00-04:00,8.0,8.0,7.75,7.875,21100,0.0,0.0
1998-04-13 00:00:00-04:00,8.0,8.1875,7.75,8.0,38900,0.0,0.0
1998-04-14 00:00:00-04:00,8.1875,8.375,8.0,8.3125,33800,0.0,0.0
1998-04-15 00:00:00-04:00,8.25,8.25,8.0,8.1875,19100,0.0,0.0
1998-04-16 00:00:00-04:00,8.125,8.25,7.875,8.0625,26800,0.0,0.0
1998-04-17 00:00:00-04:00,7.875,8.0,7.875,7.9375,12000,0.0,0.0
1998-04-20 00:00:00-04:00,7.875,8.125,7.875,8.125,34500,0.0,0.0
1998-04-21 00:00:00-04:00,7.875,8.0,7.5,7.5625,48400,0.0,0.0
1998-04-22 00:00:00-04:00,7.625,8.25,7.4375,8.0,111200,0.0,0.0
1998-04-23 00:00:00-04:00,8.0625,8.0625,7.8125,7.9375,16600,0.0,0.0
1998-04-24 00:00:00-04:00,7.9375,7.9375,7.625,7.78125,35800,0.0,0.0
1998-04-27 00:00:00-04:00,7.75,7.78125,6.75,7.25,108600,0.0,0.0
1998-04-28 00:00:00-04:00,7.4375,7.625,7.25,7.5625,35700,0.0,0.0
1998-04-29 00:00:00-04:00,7.3125,7.625,7.3125,7.5,61400,0.0,0.0
1998-04-30 00:00:00-04:00,7.3125,7.5,6.9375,7.125,81000,0.0,0.0
1998-05-01 00:00:00-04:00,7.125,7.34375,7.125,7.25,42700,0.0,0.0
1998-05-04 00:00:00-04:00,7.125,7.96875,7.125,7.75,87800,0.0,0.0
1998-05-05 00:00:00-04:00,7.75,7.875,7.5,7.6875,32400,0.0,0.0
1998-05-06 00:00:00-04:00,7.6875,7.75,7.1875,7.3125,39500,0.0,0.0
1998-05-07 00:00:00-04:00,7.1875,7.4375,7.03125,7.3125,45100,0.0,0.0
1998-05-08 00:00:00-04:00,7.375,7.625,7.375,7.5,28600,0.0,0.0
1998-05-11 00:00:00-04:00,7.375,7.5,7.25,7.5,22700,0.0,0.0
1998-05-12 00:00:00-04:00,7.375,7.375,7.0,7.1875,35800,0.0,0.0
1998-05-13 00:00:00-04:00,7.1875,7.40625,7.0,7.40625,58300,0.0,0.0
1998-05-14 00:00:00-04:00,7.40625,8.0,7.1875,7.75,134700,0.0,0.0
1998-05-15 00:00:00-04:00,7.75,7.9375,7.5,7.625,35400,0.0,0.0
1998-05-18 00:00:00-04:00,7.5,7.75,7.375,7.5,26800,0.0,0.0
1998-05-19 00:00:00-04:00,7.375,7.5,7.375,7.5,16700,0.0,0.0
1998-05-20 00:00:00-04:00,7.1875,7.46875,7.125,7.375,36300,0.0,0.0
1998-05-21 00:00:00-04:00,7.25,7.46875,7.1875,7.46875,35100,0.0,0.0
1998-05-22 00:00:00-04:00,7.46875,7.46875,7.0625,7.34375,46500,0.0,0.0
1998-05-26 00:00:00-04:00,7.1875,7.3125,7.0625,7.3125,30100,0.0,0.0
1998-05-27 00:00:00-04:00,7.0625,7.25,6.875,7.25,60900,0.0,0.0
1998-05-28 00:00:00-04:00,6.875,7.625,6.875,7.375,46600,0.0,0.0
1998-05-29 00:00:00-04:00,7.375,7.5,7.0,7.0,37000,0.0,0.0
1998-06-01 00:00:00-04:00,7.25,7.25,6.8125,7.25,54300,0.0,0.0
1998-06-02 00:00:00-04:00,6.8125,7.25,6.8125,7.25,13300,0.0,0.0
1998-06-03 00:00:00-04:00,6.6875,7.25,6.6875,7.25,18900,0.0,0.0
1998-06-04 00:00:00-04:00,7.0625,7.25,6.84375,7.25,37600,0.0,0.0
1998-06-05 00:00:00-04:00,6.84375,7.25,6.71875,7.25,28100,0.0,0.0
1998-06-08 00:00:00-04:00,7.375,7.5,7.0625,7.40625,69100,0.0,0.0
1998-06-09 00:00:00-04:00,7.1875,7.375,7.0625,7.1875,82700,0.0,0.0
1998-06-10 00:00:00-04:00,7.3125,7.3125,7.0,7.125,36400,0.0,0.0
1998-06-11 00:00:00-04:00,7.0,7.1875,6.75,6.9375,74200,0.0,0.0
1998-06-12 00:00:00-04:00,6.75,7.0,6.5,6.75,56600,0.0,0.0
1998-06-15 00:00:00-04:00,6.75,6.75,5.75,5.96875,96800,0.0,0.0
1998-06-16 00:00:00-04:00,5.96875,6.5,5.625,6.5,178200,0.0,0.0
1998-06-17 00:00:00-04:00,6.25,7.125,6.25,6.9375,66000,0.0,0.0
1998-06-18 00:00:00-04:00,6.9375,7.0,6.375,6.625,30600,0.0,0.0
1998-06-19 00:00:00-04:00,6.6875,6.6875,6.125,6.4375,27600,0.0,0.0
1998-06-22 00:00:00-04:00,6.4375,6.9375,6.1875,6.1875,64600,0.0,0.0
1998-06-23 00:00:00-04:00,6.375,6.75,6.1875,6.3125,47600,0.0,0.0
1998-06-24 00:00:00-04:00,6.1875,6.25,6.1875,6.25,4800,0.0,0.0
1998-06-25 00:00:00-04:00,6.3125,6.3125,5.90625,6.0,57400,0.0,0.0
1998-06-26 00:00:00-04:00,6.0,6.1875,6.0,6.125,51000,0.0,0.0
1998-06-29 00:00:00-04:00,6.25,6.3125,6.125,6.3125,9600,0.0,0.0
1998-06-30 00:00:00-04:00,6.125,6.3125,6.0625,6.3125,23200,0.0,0.0
1998-07-01 00:00:00-04:00,6.1875,6.25,6.0625,6.125,34700,0.0,0.0
1998-07-02 00:00:00-04:00,6.1875,6.1875,6.0,6.0625,47500,0.0,0.0
1998-07-06 00:00:00-04:00,6.0,6.25,6.0,6.125,48600,0.0,0.0
1998-07-07 00:00:00-04:00,6.1875,6.1875,6.03125,6.03125,21500,0.0,0.0
1998-07-08 00:00:00-04:00,6.0625,6.375,5.75,6.375,115600,0.0,0.0
1998-07-09 00:00:00-04:00,6.4375,6.4375,6.125,6.375,27300,0.0,0.0
1998-07-10 00:00:00-04:00,6.375,6.375,6.1875,6.375,41400,0.0,0.0
1998-07-13 00:00:00-04:00,6.3125,6.375,6.125,6.125,29800,0.0,0.0
1998-07-14 00:00:00-04:00,6.3125,6.3125,6.0,6.1875,30500,0.0,0.0
1998-07-15 00:00:00-04:00,6.1875,6.1875,5.875,6.125,86400,0.0,0.0
1998-07-16 00:00:00-04:00,6.0,6.25,6.0,6.25,9400,0.0,0.0
1998-07-17 00:00:00-04:00,6.1875,6.3125,6.125,6.25,27400,0.0,0.0
1998-07-20 00:00:00-04:00,6.25,6.375,5.875,6.0,47700,0.0,0.0
1998-07-21 00:00:00-04:00,5.96875,6.125,5.8125,5.9375,58800,0.0,0.0
1998-07-22 00:00:00-04:00,5.84375,6.1875,5.84375,6.125,21800,0.0,0.0
1998-07-23 00:00:00-04:00,6.0,6.125,5.84375,5.9375,101500,0.0,0.0
1998-07-24 00:00:00-04:00,5.9375,6.0,5.75,5.875,65400,0.0,0.0
1998-07-27 00:00:00-04:00,5.875,5.875,5.71875,5.71875,51200,0.0,0.0
1998-07-28 00:00:00-04:00,5.6875,5.84375,5.625,5.8125,28800,0.0,0.0
1998-07-29 00:00:00-04:00,5.6875,6.09375,5.6875,6.0,34300,0.0,0.0
1998-07-30 00:00:00-04:00,6.09375,6.09375,6.0,6.09375,14500,0.0,0.0
1998-07-31 00:00:00-04:00,6.0,6.125,6.0,6.0,13900,0.0,0.0
1998-08-03 00:00:00-04:00,6.125,6.1875,6.0,6.03125,14500,0.0,0.0
1998-08-04 00:00:00-04:00,6.125,6.125,5.71875,5.84375,24400,0.0,0.0
1998-08-05 00:00:00-04:00,5.625,5.75,5.4375,5.75,50500,0.0,0.0
1998-08-06 00:00:00-04:00,5.75,5.75,5.4375,5.625,73200,0.0,0.0
1998-08-07 00:00:00-04:00,5.6875,5.75,5.5625,5.6875,7700,0.0,0.0
1998-08-10 00:00:00-04:00,5.6875,5.6875,5.5,5.65625,30300,0.0,0.0
1998-08-11 00:00:00-04:00,5.625,5.8125,5.59375,5.59375,28400,0.0,0.0
1998-08-12 00:00:00-04:00,5.625,5.75,5.5,5.75,32800,0.0,0.0
1998-08-13 00:00:00-04:00,5.75,5.875,5.59375,5.875,23700,0.0,0.0
1998-08-14 00:00:00-04:00,6.0,6.625,6.0,6.4375,108600,0.0,0.0
1998-08-17 00:00:00-04:00,6.625,7.125,6.5625,7.0,160400,0.0,0.0
1998-08-18 00:00:00-04:00,7.0625,7.625,7.0,7.375,170000,0.0,0.0
1998-08-19 00:00:00-04:00,7.5,7.5,6.9375,7.25,58600,0.0,0.0
1998-08-20 00:00:00-04:00,7.1875,7.1875,6.75,6.875,22000,0.0,0.0
1998-08-21 00:00:00-04:00,6.875,6.875,5.875,6.5,73200,0.0,0.0
1998-08-24 00:00:00-04:00,6.625,6.9375,6.5625,6.6875,38400,0.0,0.0
1998-08-25 00:00:00-04:00,6.8125,7.0,6.5,6.5625,58400,0.0,0.0
1998-08-26 00:00:00-04:00,6.375,6.5,6.125,6.375,17000,0.0,0.0
1998-08-27 00:00:00-04:00,6.125,6.5,6.0,6.5,38500,0.0,0.0
1998-08-28 00:00:00-04:00,6.5,6.5,6.0,6.5,42400,0.0,0.0
1998-08-31 00:00:00-04:00,6.0625,6.4375,6.0,6.15625,63800,0.0,0.0
1998-09-01 00:00:00-04:00,6.25,6.25,5.8125,5.8125,25100,0.0,0.0
1998-09-02 00:00:00-04:00,5.75,6.0,5.6875,6.0,60500,0.0,0.0
1998-09-03 00:00:00-04:00,5.6875,5.9375,5.6875,5.875,19800,0.0,0.0
1998-09-04 00:00:00-04:00,5.875,6.0,5.75,5.8125,14700,0.0,0.0
1998-09-08 00:00:00-04:00,5.9375,6.5,5.875,6.3125,25600,0.0,0.0
1998-09-09 00:00:00-04:00,6.3125,6.5,6.0,6.1875,30900,0.0,0.0
1998-09-10 00:00:00-04:00,5.875,6.5,5.875,6.5,32400,0.0,0.0
1998-09-11 00:00:00-04:00,6.4375,6.5,6.25,6.4375,30900,0.0,0.0
1998-09-14 00:00:00-04:00,6.4375,6.4375,6.25,6.3125,19700,0.0,0.0
1998-09-15 00:00:00-04:00,6.5,7.25,6.25,7.0625,110700,0.0,0.0
1998-09-16 00:00:00-04:00,7.5,7.5,7.125,7.375,46900,0.0,0.0
1998-09-17 00:00:00-04:00,6.75,7.0,6.5,7.0,38800,0.0,0.0
1998-09-18 00:00:00-04:00,7.0,7.125,6.8125,6.9375,22000,0.0,0.0
1998-09-21 00:00:00-04:00,6.75,6.8125,6.6875,6.75,16500,0.0,0.0
1998-09-22 00:00:00-04:00,6.625,6.875,6.625,6.875,38000,0.0,0.0
1998-09-23 00:00:00-04:00,6.625,7.125,6.625,7.0,30200,0.0,0.0
1998-09-24 00:00:00-04:00,6.9375,7.0,6.625,6.75,48700,0.0,0.0
1998-09-25 00:00:00-04:00,6.8125,6.8125,6.375,6.4375,56900,0.0,0.0
1998-09-28 00:00:00-04:00,6.65625,6.875,6.375,6.875,25100,0.0,0.0
1998-09-29 00:00:00-04:00,6.875,7.25,6.75,7.0,49800,0.0,0.0
1998-09-30 00:00:00-04:00,6.9375,7.0,6.9375,6.9375,7900,0.0,0.0
1998-10-01 00:00:00-04:00,6.90625,7.0,6.78125,7.0,27300,0.0,0.0
1998-10-02 00:00:00-04:00,7.0,7.9375,6.9375,7.875,85100,0.0,0.0
1998-10-05 00:00:00-04:00,7.75,7.875,7.0,7.125,80300,0.0,0.0
1998-10-06 00:00:00-04:00,7.125,7.4375,6.875,6.9375,27400,0.0,0.0
1998-10-07 00:00:00-04:00,7.0,7.0625,6.25,6.5625,79000,0.0,0.0
1998-10-08 00:00:00-04:00,6.375,6.375,6.03125,6.21875,39400,0.0,0.0
1998-10-09 00:00:00-04:00,6.28125,6.3125,6.0,6.1875,33400,0.0,0.0
1998-10-12 00:00:00-04:00,6.4375,6.5,6.1875,6.3125,34900,0.0,0.0
1998-10-13 00:00:00-04:00,6.3125,6.3125,6.1875,6.1875,7600,0.0,0.0
1998-10-14 00:00:00-04:00,6.1875,6.3125,5.75,5.9375,78600,0.0,0.0
1998-10-15 00:00:00-04:00,5.9375,6.25,5.90625,6.25,31100,0.0,0.0
1998-10-16 00:00:00-04:00,6.25,6.25,6.125,6.25,15100,0.0,0.0
1998-10-19 00:00:00-04:00,6.15625,6.875,6.125,6.875,26600,0.0,0.0
1998-10-20 00:00:00-04:00,6.625,7.5,6.5625,7.125,36500,0.0,0.0
1998-10-21 00:00:00-04:00,7.0625,7.0625,6.9375,7.0,16600,0.0,0.0
1998-10-22 00:00:00-04:00,7.25,7.25,7.0,7.0,23600,0.0,0.0
1998-10-23 00:00:00-04:00,6.875,7.25,6.875,7.0,5000,0.0,0.0
1998-10-26 00:00:00-05:00,6.875,7.125,6.875,6.9375,17500,0.0,0.0
1998-10-27 00:00:00-05:00,7.125,7.125,6.75,7.0,29200,0.0,0.0
1998-10-28 00:00:00-05:00,7.0,7.0,6.5,6.625,13600,0.0,0.0
1998-10-29 00:00:00-05:00,6.625,7.0,6.59375,6.625,18900,0.0,0.0
1998-10-30 00:00:00-05:00,6.5,6.75,6.5,6.59375,21400,0.0,0.0
1998-11-02 00:00:00-05:00,6.75,7.0,6.5,6.875,17600,0.0,0.0
1998-11-03 00:00:00-05:00,6.6875,7.0,6.65625,6.96875,13000,0.0,0.0
1998-11-04 00:00:00-05:00,6.96875,7.25,6.9375,7.25,45200,0.0,0.0
1998-11-05 00:00:00-05:00,7.0,7.5,7.0,7.4375,26500,0.0,0.0
1998-11-06 00:00:00-05:00,7.375,7.875,7.125,7.5,68200,0.0,0.0
1998-11-09 00:00:00-05:00,7.6875,7.6875,7.4375,7.4375,25000,0.0,0.0
1998-11-10 00:00:00-05:00,7.4375,7.4375,7.125,7.25,52200,0.0,0.0
1998-11-11 00:00:00-05:00,7.3125,7.375,6.9375,7.375,22300,0.0,0.0
1998-11-12 00:00:00-05:00,7.3125,7.3125,7.0,7.0,12400,0.0,0.0
1998-11-13 00:00:00-05:00,7.0,7.25,7.0,7.125,16300,0.0,0.0
1998-11-16 00:00:00-05:00,7.0,7.25,6.75,7.0625,27600,0.0,0.0
1998-11-17 00:00:00-05:00,7.0625,7.0625,6.75,7.0,14700,0.0,0.0
1998-11-18 00:00:00-05:00,7.125,7.125,6.84375,6.84375,9200,0.0,0.0
1998-11-19 00:00:00-05:00,6.875,7.0,6.78125,6.9375,27000,0.0,0.0
1998-11-20 00:00:00-05:00,6.75,6.875,6.625,6.8125,20900,0.0,0.0
1998-11-23 00:00:00-05:00,6.6875,6.75,6.5,6.53125,31100,0.0,0.0
1998-11-24 00:00:00-05:00,6.6875,6.75,6.5,6.6875,31700,0.0,0.0
1998-11-25 00:00:00-05:00,6.6875,6.6875,6.375,6.625,57800,0.0,0.0
1998-11-27 00:00:00-05:00,6.625,6.875,6.5,6.875,13600,0.0,0.0
1998-11-30 00:00:00-05:00,7.375,7.6875,7.0625,7.4375,66700,0.0,0.0
1998-12-01 00:00:00-05:00,7.5,7.5625,7.25,7.25,16200,0.0,0.0
1998-12-02 00:00:00-05:00,7.125,7.1875,6.875,7.125,36200,0.0,0.0
1998-12-03 00:00:00-05:00,7.125,7.375,7.125,7.25,39500,0.0,0.0
1998-12-04 00:00:00-05:00,7.0,7.25,6.875,7.015625,15800,0.0,0.0
1998-12-07 00:00:00-05:00,7.0,7.25,6.9375,7.25,44600,0.0,0.0
1998-12-08 00:00:00-05:00,7.25,7.5,7.25,7.40625,27700,0.0,0.0
1998-12-09 00:00:00-05:00,7.5,7.6875,7.3125,7.625,57100,0.0,0.0
1998-12-10 00:00:00-05:00,7.625,8.8125,7.5,8.59375,172000,0.0,0.0
1998-12-11 00:00:00-05:00,8.375,8.6875,7.875,8.1875,69400,0.0,0.0
1998-12-14 00:00:00-05:00,8.125,8.40625,7.4375,7.5,95600,0.0,0.0
1998-12-15 00:00:00-05:00,7.5,7.875,7.5,7.875,40600,0.0,0.0
1998-12-16 00:00:00-05:00,8.0,8.375,7.875,8.125,68700,0.0,0.0
1998-12-17 00:00:00-05:00,8.0,9.75,7.75,9.1875,161600,0.0,0.0
1998-12-18 00:00:00-05:00,9.75,10.25,9.3125,9.625,188600,0.0,0.0
1998-12-21 00:00:00-05:00,9.90625,10.625,9.6875,10.0,121400,0.0,0.0
1998-12-22 00:00:00-05:00,9.875,9.9375,9.0625,9.34375,64900,0.0,0.0
1998-12-23 00:00:00-05:00,9.1875,9.6875,9.1875,9.5625,53300,0.0,0.0
1998-12-24 00:00:00-05:00,9.4375,10.0,9.3125,10.0,26900,0.0,0.0
1998-12-28 00:00:00-05:00,9.9375,11.0,9.78125,10.875,109400,0.0,0.0
1998-12-29 00:00:00-05:00,10.9375,11.0625,10.5,11.0,127200,0.0,0.0
1998-12-30 00:00:00-05:00,10.75,11.125,10.5,10.8125,34700,0.0,0.0
1998-12-31 00:00:00-05:00,11.0,11.0,10.375,10.5,44100,0.0,0.0
1999-01-04 00:00:00-05:00,10.375,11.0,10.125,10.5,53900,0.0,0.0
1999-01-05 00:00:00-05:00,10.125,10.5,8.875,9.8125,135100,0.0,0.0
1999-01-06 00:00:00-05:00,9.875,9.875,9.0,9.375,63800,0.0,0.0
1999-01-07 00:00:00-05:00,9.25,9.75,9.25,9.625,51500,0.0,0.0
1999-01-08 00:00:00-05:00,9.625,10.4375,9.625,10.4375,78700,0.0,0.0
1999-01-11 00:00:00-05:00,10.0,10.5,10.0,10.375,28600,0.0,0.0
1999-01-12 00:00:00-05:00,10.125,10.125,9.75,9.75,40800,0.0,0.0
1999-01-13 00:00:00-05:00,9.875,10.0,9.5,9.625,57700,0.0,0.0
1999-01-14 00:00:00-05:00,10.0,10.0,9.625,9.8125,16600,0.0,0.0
1999-01-15 00:00:00-05:00,9.75,10.0,9.75,9.9375,37000,0.0,0.0
1999-01-19 00:00:00-05:00,9.9375,10.0,9.625,9.75,17300,0.0,0.0
1999-01-20 00:00:00-05:00,9.875,9.9375,9.75,9.9375,26200,0.0,0.0
1999-01-21 00:00:00-05:00,9.8125,10.0,9.75,10.0,39500,0.0,0.0
1999-01-22 00:00:00-05:00,10.0,10.0,9.4375,9.5,57600,0.0,0.0
1999-01-25 00:00:00-05:00,9.4375,9.625,8.75,9.125,55400,0.0,0.0
1999-01-26 00:00:00-05:00,9.25,9.25,8.0,8.9375,60500,0.0,0.0
1999-01-27 00:00:00-05:00,9.0,9.0,8.03125,8.25,55700,0.0,0.0
1999-01-28 00:00:00-05:00,8.25,8.625,8.1875,8.5,23000,0.0,0.0
1999-01-29 00:00:00-05:00,8.625,9.5,8.5,9.5,42800,0.0,0.0
1999-02-01 00:00:00-05:00,9.625,9.625,8.9375,9.25,20900,0.0,0.0
1999-02-02 00:00:00-05:00,9.25,9.25,8.75,9.0,8100,0.0,0.0
1999-02-03 00:00:00-05:00,8.84375,8.9375,8.6875,8.875,23500,0.0,0.0
1999-02-04 00:00:00-05:00,9.0625,9.125,8.75,8.8125,27900,0.0,0.0
1999-02-05 00:00:00-05:00,8.84375,9.0,8.5625,8.625,37600,0.0,0.0
1999-02-08 00:00:00-05:00,9.0,9.0,8.5625,8.6875,20200,0.0,0.0
1999-02-09 00:00:00-05:00,8.5625,8.75,8.5,8.5,51100,0.0,0.0
1999-02-10 00:00:00-05:00,8.5,8.5,8.375,8.5,36700,0.0,0.0
1999-02-11 00:00:00-05:00,8.625,8.625,8.375,8.375,12200,0.0,0.0
1999-02-12 00:00:00-05:00,8.6875,8.6875,8.25,8.375,13300,0.0,0.0
1999-02-16 00:00:00-05:00,8.3125,8.3125,7.75,7.8125,67400,0.0,0.0
1999-02-17 00:00:00-05:00,7.75,8.4375,7.6875,8.125,12900,0.0,0.0
1999-02-18 00:00:00-05:00,8.4375,8.4375,8.125,8.125,12500,0.0,0.0
1999-02-19 00:00:00-05:00,8.25,8.25,7.5,8.125,24600,0.0,0.0
1999-02-22 00:00:00-05:00,8.09375,8.125,7.625,7.875,18700,0.0,0.0
1999-02-23 00:00:00-05:00,7.75,7.9375,7.625,7.75,25500,0.0,0.0
1999-02-24 00:00:00-05:00,7.90625,7.90625,7.75,7.8125,5500,0.0,0.0
1999-02-25 00:00:00-05:00,7.8125,8.125,7.8125,7.9375,10600,0.0,0.0
1999-02-26 00:00:00-05:00,8.15625,8.15625,8.0,8.0625,14300,0.0,0.0
1999-03-01 00:00:00-05:00,8.125,8.125,7.96875,7.96875,11500,0.0,0.0
1999-03-02 00:00:00-05:00,7.9375,7.9375,7.625,7.75,20900,0.0,0.0
1999-03-03 00:00:00-05:00,7.875,7.96875,7.71875,7.96875,4700,0.0,0.0
1999-03-04 00:00:00-05:00,7.9375,7.9375,7.75,7.75,10700,0.0,0.0
1999-03-05 00:00:00-05:00,7.75,7.96875,7.75,7.75,13700,0.0,0.0
1999-03-08 00:00:00-05:00,7.8125,7.9375,7.75,7.8125,8300,0.0,0.0
1999-03-09 00:00:00-05:00,7.75,7.9375,7.75,7.75,17500,0.0,0.0
1999-03-10 00:00:00-05:00,7.75,7.875,7.5,7.625,23000,0.0,0.0
1999-03-11 00:00:00-05:00,7.5,7.625,7.1875,7.375,27900,0.0,0.0
1999-03-12 00:00:00-05:00,7.4375,7.46875,7.0,7.25,64700,0.0,0.0
1999-03-15 00:00:00-05:00,7.4375,7.4375,6.75,7.25,55900,0.0,0.0
1999-03-16 00:00:00-05:00,8.375,8.625,7.9375,8.0,119700,0.0,0.0
1999-03-17 00:00:00-05:00,8.1875,8.1875,7.8125,7.9375,34900,0.0,0.0
1999-03-18 00:00:00-05:00,8.0625,8.0625,7.9375,8.0,6800,0.0,0.0
1999-03-19 00:00:00-05:00,8.0625,8.0625,7.6875,7.9375,15700,0.0,0.0
1999-03-22 00:00:00-05:00,8.0,8.0,7.6875,8.0,20900,0.0,0.0
1999-03-23 00:00:00-05:00,8.0,8.0625,7.25,7.4375,56200,0.0,0.0
1999-03-24 00:00:00-05:00,7.5,7.875,7.5,7.75,21800,0.0,0.0
1999-03-25 00:00:00-05:00,7.875,8.0,7.5625,7.9375,23000,0.0,0.0
1999-03-26 00:00:00-05:00,7.9375,7.96875,7.6875,7.6875,13500,0.0,0.0
1999-03-29 00:00:00-05:00,7.8125,7.8125,7.5,7.5,13500,0.0,0.0
1999-03-30 00:00:00-05:00,7.5625,7.5625,7.25,7.375,37500,0.0,0.0
1999-03-31 00:00:00-05:00,7.4375,7.5,7.0,7.125,70200,0.0,0.0
1999-04-01 00:00:00-05:00,7.1875,7.1875,6.875,7.0,35800,0.0,0.0
1999-04-05 00:00:00-04:00,7.15625,7.5,7.0,7.03125,23700,0.0,0.0
1999-04-06 00:00:00-04:00,7.03125,7.375,7.03125,7.25,30800,0.0,0.0
1999-04-07 00:00:00-04:00,7.25,7.25,6.96875,6.96875,30800,0.0,0.0
1999-04-08 00:00:00-04:00,7.25,7.5,7.0,7.25,18800,0.0,0.0
1999-04-09 00:00:00-04:00,7.25,7.375,7.1875,7.25,7500,0.0,0.0
1999-04-12 00:00:00-04:00,7.375,7.8125,7.1875,7.8125,17300,0.0,0.0
1999-04-13 00:00:00-04:00,7.8125,9.0625,7.75,8.75,61400,0.0,0.0
1999-04-14 00:00:00-04:00,9.0,9.28125,8.6875,8.8125,61300,0.0,0.0
1999-04-15 00:00:00-04:00,8.875,9.0,8.1875,8.25,31300,0.0,0.0
1999-04-16 00:00:00-04:00,8.5,8.5,8.0,8.0625,28200,0.0,0.0
1999-04-19 00:00:00-04:00,8.0625,9.4375,8.0625,9.25,97300,0.0,0.0
1999-04-20 00:00:00-04:00,9.0,9.5,8.75,9.125,32800,0.0,0.0
1999-04-21 00:00:00-04:00,8.75,9.25,8.5625,9.125,42200,0.0,0.0
1999-04-22 00:00:00-04:00,9.25,9.25,8.25,8.625,19900,0.0,0.0
1999-04-23 00:00:00-04:00,8.6875,8.875,8.125,8.5,37900,0.0,0.0
1999-04-26 00:00:00-04:00,8.5,8.5625,8.0,8.5625,17000,0.0,0.0
1999-04-27 00:00:00-04:00,8.5625,9.0,8.5,8.8125,36100,0.0,0.0
1999-04-28 00:00:00-04:00,8.625,9.25,8.625,9.0,25700,0.0,0.0
1999-04-29 00:00:00-04:00,9.125,9.59375,9.0,9.59375,44900,0.0,0.0
1999-04-30 00:00:00-04:00,9.5625,9.5625,8.8125,9.3125,29200,0.0,0.0
1999-05-03 00:00:00-04:00,9.1875,9.25,8.875,9.25,6000,0.0,0.0
1999-05-04 00:00:00-04:00,8.9375,9.625,8.75,9.5,35200,0.0,0.0
1999-05-05 00:00:00-04:00,9.1875,9.625,9.125,9.375,19900,0.0,0.0
1999-05-06 00:00:00-04:00,9.375,9.375,9.125,9.1875,4100,0.0,0.0
1999-05-07 00:00:00-04:00,9.25,9.25,9.125,9.25,14200,0.0,0.0
1999-05-10 00:00:00-04:00,9.1875,9.25,9.0,9.1875,15100,0.0,0.0
1999-05-11 00:00:00-04:00,9.375,9.5625,9.25,9.5625,30300,0.0,0.0
1999-05-12 00:00:00-04:00,9.28125,9.5625,9.28125,9.375,20800,0.0,0.0
1999-05-13 00:00:00-04:00,9.375,9.46875,9.1875,9.1875,26400,0.0,0.0
1999-05-14 00:00:00-04:00,9.125,9.375,9.09375,9.09375,21900,0.0,0.0
1999-05-17 00:00:00-04:00,9.125,9.1875,9.0,9.125,11800,0.0,0.0
1999-05-18 00:00:00-04:00,9.0625,9.0625,8.375,8.75,38100,0.0,0.0
1999-05-19 00:00:00-04:00,8.6875,8.875,8.625,8.6875,12000,0.0,0.0
1999-05-20 00:00:00-04:00,8.875,8.875,8.6875,8.6875,18700,0.0,0.0
1999-05-21 00:00:00-04:00,8.8125,8.8125,8.25,8.4375,27100,0.0,0.0
1999-05-24 00:00:00-04:00,8.75,8.75,8.25,8.375,16000,0.0,0.0
1999-05-25 00:00:00-04:00,8.375,9.0,8.375,8.5625,16300,0.0,0.0
1999-05-26 00:00:00-04:00,8.96875,9.0,8.5,9.0,2900,0.0,0.0
1999-05-27 00:00:00-04:00,8.5625,9.0,8.375,8.9375,18000,0.0,0.0
1999-05-28 00:00:00-04:00,8.75,8.9375,8.5,8.9375,14300,0.0,0.0
1999-06-01 00:00:00-04:00,8.875,8.9375,8.5625,8.625,15600,0.0,0.0
1999-06-02 00:00:00-04:00,8.625,8.6875,8.25,8.625,20300,0.0,0.0
1999-06-03 00:00:00-04:00,8.375,8.8125,8.375,8.625,14700,0.0,0.0
1999-06-04 00:00:00-04:00,8.625,8.625,8.25,8.625,10700,0.0,0.0
1999-06-07 00:00:00-04:00,8.4375,8.75,8.375,8.5,12300,0.0,0.0
1999-06-08 00:00:00-04:00,8.5,8.75,8.375,8.5,21200,0.0,0.0
1999-06-09 00:00:00-04:00,8.6875,8.6875,8.0625,8.125,26300,0.0,0.0
1999-06-10 00:00:00-04:00,8.4375,8.4375,8.0,8.25,31400,0.0,0.0
1999-06-11 00:00:00-04:00,8.0,8.1875,7.875,8.125,26700,0.0,0.0
1999-06-14 00:00:00-04:00,8.125,8.125,7.75,7.9375,15200,0.0,0.0
1999-06-15 00:00:00-04:00,7.8125,7.8125,7.25,7.75,44200,0.0,0.0
1999-06-16 00:00:00-04:00,7.25,7.75,7.25,7.625,25500,0.0,0.0
1999-06-17 00:00:00-04:00,7.75,7.75,7.5625,7.6875,12100,0.0,0.0
1999-06-18 00:00:00-04:00,7.6875,9.8125,7.6875,9.34375,206900,0.0,0.0
1999-06-21 00:00:00-04:00,9.28125,9.4375,8.75,8.875,78000,0.0,0.0
1999-06-22 00:00:00-04:00,8.8125,9.0,8.5,8.625,28600,0.0,0.0
1999-06-23 00:00:00-04:00,8.5625,8.75,8.25,8.4375,22200,0.0,0.0
1999-06-24 00:00:00-04:00,8.421875,8.5625,8.3125,8.3125,17100,0.0,0.0
1999-06-25 00:00:00-04:00,8.5,8.8125,8.375,8.5,24500,0.0,0.0
1999-06-28 00:00:00-04:00,8.9375,8.9375,8.375,8.75,24100,0.0,0.0
1999-06-29 00:00:00-04:00,8.5625,9.4375,8.5,9.25,61300,0.0,0.0
1999-06-30 00:00:00-04:00,9.75,10.0,9.375,9.6875,109700,0.0,0.0
1999-07-01 00:00:00-04:00,9.6875,9.75,9.625,9.625,70600,0.0,0.0
1999-07-02 00:00:00-04:00,9.53125,9.625,9.0625,9.0625,52800,0.0,0.0
1999-07-06 00:00:00-04:00,9.25,9.375,9.0625,9.0625,23400,0.0,0.0
1999-07-07 00:00:00-04:00,9.375,9.8125,9.25,9.25,31600,0.0,0.0
1999-07-08 00:00:00-04:00,9.5,9.625,9.1875,9.5625,36900,0.0,0.0
1999-07-09 00:00:00-04:00,9.5625,9.6875,9.25,9.5625,18400,0.0,0.0
1999-07-12 00:00:00-04:00,9.5625,9.75,9.4375,9.6875,52300,0.0,0.0
1999-07-13 00:00:00-04:00,9.75,10.875,9.75,10.875,341900,0.0,0.0
1999-07-14 00:00:00-04:00,11.5625,11.6875,10.0,10.3125,326200,0.0,0.0
1999-07-15 00:00:00-04:00,10.375,10.4375,9.875,10.125,69000,0.0,0.0
1999-07-16 00:00:00-04:00,10.1875,10.5,9.875,10.3125,32600,0.0,0.0
1999-07-19 00:00:00-04:00,10.4375,11.0,10.1875,10.5,72600,0.0,0.0
1999-07-20 00:00:00-04:00,10.625,10.75,9.625,10.125,49800,0.0,0.0
1999-07-21 00:00:00-04:00,10.125,10.25,9.9375,10.125,38100,0.0,0.0
1999-07-22 00:00:00-04:00,10.0625,10.4375,9.875,10.375,35500,0.0,0.0
1999-07-23 00:00:00-04:00,10.375,10.375,9.9375,10.0,48700,0.0,0.0
1999-07-26 00:00:00-04:00,10.125,10.25,9.8125,9.875,16000,0.0,0.0
1999-07-27 00:00:00-04:00,9.75,9.9375,9.5,9.6875,17900,0.0,0.0
1999-07-28 00:00:00-04:00,9.6875,9.75,9.5,9.5,24600,0.0,0.0
1999-07-29 00:00:00-04:00,9.53125,10.25,9.4375,9.875,47700,0.0,0.0
1999-07-30 00:00:00-04:00,9.625,10.125,9.5,9.625,22300,0.0,0.0
1999-08-02 00:00:00-04:00,9.9375,10.0,9.3125,9.5,34700,0.0,0.0
1999-08-03 00:00:00-04:00,9.4375,10.0,9.375,9.5,31600,0.0,0.0
1999-08-04 00:00:00-04:00,9.375,9.53125,9.375,9.40625,7300,0.0,0.0
1999-08-05 00:00:00-04:00,9.34375,9.5625,9.34375,9.5,12000,0.0,0.0
1999-08-06 00:00:00-04:00,9.625,9.875,9.46875,9.5,14300,0.0,0.0
1999-08-09 00:00:00-04:00,9.546875,10.0,9.5,9.625,35800,0.0,0.0
1999-08-10 00:00:00-04:00,9.625,9.8125,9.5,9.6875,48300,0.0,0.0
1999-08-11 00:00:00-04:00,9.640625,10.875,9.625,10.125,196300,0.0,0.0
1999-08-12 00:00:00-04:00,10.1875,10.5,10.09375,10.3125,58900,0.0,0.0
1999-08-13 00:00:00-04:00,10.25,11.125,10.21875,10.875,168500,0.0,0.0
1999-08-16 00:00:00-04:00,11.1875,11.9375,10.9375,11.375,292000,0.0,0.0
1999-08-17 00:00:00-04:00,11.5,12.0,11.4375,11.5,167900,0.0,0.0
1999-08-18 00:00:00-04:00,11.5,11.6875,11.25,11.5,115700,0.0,0.0
1999-08-19 00:00:00-04:00,11.125,11.25,10.625,11.125,67400,0.0,0.0
1999-08-20 00:00:00-04:00,11.0,11.375,11.0,11.125,41900,0.0,0.0
1999-08-23 00:00:00-04:00,11.4375,11.5,11.0,11.25,87400,0.0,0.0
1999-08-24 00:00:00-04:00,11.25,11.875,11.21875,11.75,130300,0.0,0.0
1999-08-25 00:00:00-04:00,11.8125,13.1875,11.8125,12.4375,376300,0.0,0.0
1999-08-26 00:00:00-04:00,12.78125,12.875,12.3125,12.6875,117400,0.0,0.0
1999-08-27 00:00:00-04:00,12.6875,12.75,12.1875,12.75,134500,0.0,0.0
1999-08-30 00:00:00-04:00,12.75,13.5625,12.625,13.25,109000,0.0,0.0
1999-08-31 00:00:00-04:00,13.40625,13.5,12.3125,12.625,125100,0.0,0.0
1999-09-01 00:00:00-04:00,12.625,12.625,12.0625,12.125,61900,0.0,0.0
1999-09-02 00:00:00-04:00,12.125,12.1875,11.125,11.6875,82300,0.0,0.0
1999-09-03 00:00:00-04:00,11.75,12.0,11.375,11.5625,85900,0.0,0.0
1999-09-07 00:00:00-04:00,11.5625,11.875,11.5625,11.625,18000,0.0,0.0
1999-09-08 00:00:00-04:00,11.5,11.75,11.125,11.1875,76700,0.0,0.0
1999-09-09 00:00:00-04:00,11.5625,11.9375,11.4375,11.625,23000,0.0,0.0
1999-09-10 00:00:00-04:00,11.625,11.9375,11.625,11.9375,21900,0.0,0.0
1999-09-13 00:00:00-04:00,11.625,12.0625,11.625,11.8125,30400,0.0,0.0
1999-09-14 00:00:00-04:00,12.0,12.0,11.625,11.9375,19800,0.0,0.0
1999-09-15 00:00:00-04:00,11.8125,12.125,11.8125,11.9375,12900,0.0,0.0
1999-09-16 00:00:00-04:00,11.8125,11.9375,11.5625,11.625,16000,0.0,0.0
1999-09-17 00:00:00-04:00,11.75,11.75,11.4375,11.5625,19400,0.0,0.0
1999-09-20 00:00:00-04:00,11.6875,12.3125,11.3125,12.125,51200,0.0,0.0
1999-09-21 00:00:00-04:00,12.0625,12.1875,11.5,11.625,31000,0.0,0.0
1999-09-22 00:00:00-04:00,11.75,11.8125,11.125,11.375,19900,0.0,0.0
1999-09-23 00:00:00-04:00,11.375,11.5,10.75,11.0,77300,0.0,0.0
1999-09-24 00:00:00-04:00,10.8125,10.8125,9.875,10.25,72800,0.0,0.0
1999-09-27 00:00:00-04:00,10.1875,10.5,10.125,10.25,15700,0.0,0.0
1999-09-28 00:00:00-04:00,10.1875,10.375,9.5625,10.125,34200,0.0,0.0
1999-09-29 00:00:00-04:00,10.0,10.125,9.6875,10.0,18300,0.0,0.0
1999-09-30 00:00:00-04:00,9.875,10.0,9.75,10.0,37100,0.0,0.0
1999-10-01 00:00:00-04:00,9.875,10.0,9.75,9.875,18500,0.0,0.0
1999-10-04 00:00:00-04:00,9.9375,9.9375,9.75,9.875,12900,0.0,0.0
1999-10-05 00:00:00-04:00,9.9375,10.3125,9.875,10.125,19500,0.0,0.0
1999-10-06 00:00:00-04:00,10.28125,10.40625,10.125,10.375,17300,0.0,0.0
1999-10-07 00:00:00-04:00,10.5,11.25,10.5,10.6875,80500,0.0,0.0
1999-10-08 00:00:00-04:00,10.5625,10.75,10.1875,10.6875,37300,0.0,0.0
1999-10-11 00:00:00-04:00,10.6875,10.75,10.1875,10.3125,45000,0.0,0.0
1999-10-12 00:00:00-04:00,10.625,10.625,9.75,9.75,13600,0.0,0.0
1999-10-13 00:00:00-04:00,9.9375,10.0625,8.75,9.125,102100,0.0,0.0
1999-10-14 00:00:00-04:00,9.5625,9.5625,8.6875,9.0,62100,0.0,0.0
1999-10-15 00:00:00-04:00,8.875,9.1875,8.5,8.6875,53200,0.0,0.0
1999-10-18 00:00:00-04:00,8.53125,9.0,8.5,9.0,39900,0.0,0.0
1999-10-19 00:00:00-04:00,8.875,9.78125,8.65625,9.125,81100,0.0,0.0
1999-10-20 00:00:00-04:00,9.0,9.84375,9.0,9.3125,31700,0.0,0.0
1999-10-21 00:00:00-04:00,9.25,9.5,9.125,9.125,31500,0.0,0.0
1999-10-22 00:00:00-04:00,9.375,9.71875,9.1875,9.625,28600,0.0,0.0
1999-10-25 00:00:00-04:00,9.75,10.625,9.75,10.125,98900,0.0,0.0
1999-10-26 00:00:00-04:00,10.375,10.5,10.25,10.375,9500,0.0,0.0
1999-10-27 00:00:00-04:00,10.625,10.75,10.1875,10.3125,24200,0.0,0.0
1999-10-28 00:00:00-04:00,10.25,10.5,10.1875,10.1875,21200,0.0,0.0
1999-10-29 00:00:00-04:00,10.25,10.3125,10.0625,10.0625,17400,0.0,0.0
1999-11-01 00:00:00-05:00,10.125,10.3125,10.0,10.0,25200,0.0,0.0
1999-11-02 00:00:00-05:00,9.875,10.3125,9.84375,10.125,18200,0.0,0.0
1999-11-03 00:00:00-05:00,10.0,10.25,10.0,10.03125,14800,0.0,0.0
1999-11-04 00:00:00-05:00,10.0,10.25,9.8125,9.8125,10000,0.0,0.0
1999-11-05 00:00:00-05:00,9.875,10.125,9.75,10.0,10900,0.0,0.0
1999-11-08 00:00:00-05:00,10.1875,10.375,9.875,10.375,16200,0.0,0.0
1999-11-09 00:00:00-05:00,9.9375,10.0,9.625,9.875,20100,0.0,0.0
1999-11-10 00:00:00-05:00,9.6875,9.875,9.625,9.75,11800,0.0,0.0
1999-11-11 00:00:00-05:00,9.75,9.9375,9.625,9.75,13100,0.0,0.0
1999-11-12 00:00:00-05:00,9.9375,10.375,9.6875,10.375,18200,0.0,0.0
1999-11-15 00:00:00-05:00,10.3125,10.3125,9.875,10.125,27000,0.0,0.0
1999-11-16 00:00:00-05:00,10.0,10.5,10.0,10.1875,54600,0.0,0.0
1999-11-17 00:00:00-05:00,10.1875,10.3125,9.6875,9.875,77600,0.0,0.0
1999-11-18 00:00:00-05:00,9.875,10.0,9.75,9.859375,18800,0.0,0.0
1999-11-19 00:00:00-05:00,9.875,9.875,9.6875,9.875,30900,0.0,0.0
1999-11-22 00:00:00-05:00,9.8125,10.3125,9.75,10.125,11600,0.0,0.0
1999-11-23 00:00:00-05:00,10.125,10.3125,9.9375,10.125,27800,0.0,0.0
1999-11-24 00:00:00-05:00,10.0,10.3125,9.875,10.0,11600,0.0,0.0
1999-11-26 00:00:00-05:00,10.0,10.125,9.875,10.0,2900,0.0,0.0
1999-11-29 00:00:00-05:00,9.96875,10.125,9.75,9.75,20400,0.0,0.0
1999-11-30 00:00:00-05:00,9.75,9.8125,9.6875,9.8125,9200,0.0,0.0
1999-12-01 00:00:00-05:00,9.75,10.0,9.5625,9.8125,14300,0.0,0.0
1999-12-02 00:00:00-05:00,9.71875,9.75,9.3125,9.5,28100,0.0,0.0
1999-12-03 00:00:00-05:00,9.625,10.0,9.375,10.0,50900,0.0,0.0
1999-12-06 00:00:00-05:00,10.125,12.75,10.125,11.5,161500,0.0,0.0
1999-12-07 00:00:00-05:00,11.75,11.75,10.5,10.8125,57500,0.0,0.0
1999-12-08 00:00:00-05:00,10.8125,10.8125,10.5625,10.8125,19500,0.0,0.0
1999-12-09 00:00:00-05:00,10.6875,10.875,10.25,10.375,25100,0.0,0.0
1999-12-10 00:00:00-05:00,10.25,10.875,10.25,10.875,23100,0.0,0.0
1999-12-13 00:00:00-05:00,10.8125,11.0,10.5,11.0,43500,0.0,0.0
1999-12-14 00:00:00-05:00,11.03125,11.9375,10.9375,11.5,114900,0.0,0.0
1999-12-15 00:00:00-05:00,12.0625,14.5,12.0,13.0,476400,0.0,0.0
1999-12-16 00:00:00-05:00,13.4375,13.6875,12.625,12.9375,112300,0.0,0.0
1999-12-17 00:00:00-05:00,12.9375,12.9375,12.0625,12.125,48900,0.0,0.0
1999-12-20 00:00:00-05:00,12.0,12.5,12.0,12.5,27900,0.0,0.0
1999-12-21 00:00:00-05:00,12.5625,13.125,12.5,12.875,98600,0.0,0.0
1999-12-22 00:00:00-05:00,13.125,13.375,12.8125,12.9375,72800,0.0,0.0
1999-12-23 00:00:00-05:00,13.5,13.5,12.6875,13.0,78800,0.0,0.0
1999-12-27 00:00:00-05:00,13.0,13.625,12.5,13.625,123600,0.0,0.0
1999-12-28 00:00:00-05:00,13.5625,14.25,13.125,14.0625,104300,0.0,0.0
1999-12-29 00:00:00-05:00,14.3125,15.4375,14.0,14.875,296100,0.0,0.0
1999-12-30 00:00:00-05:00,15.0625,15.125,14.5,14.625,79400,0.0,0.0
1999-12-31 00:00:00-05:00,14.78125,14.875,14.5,14.8125,37900,0.0,0.0
2000-01-03 00:00:00-05:00,14.625,18.25,14.625,17.9375,243300,0.0,0.0
2000-01-04 00:00:00-05:00,17.5625,17.625,15.375,15.75,289400,0.0,0.0
2000-01-05 00:00:00-05:00,16.0,17.0625,15.625,16.25,233700,0.0,0.0
2000-01-06 00:00:00-05:00,16.625,17.8125,16.5625,17.25,199000,0.0,0.0
2000-01-07 00:00:00-05:00,17.4375,17.875,17.375,17.5,85300,0.0,0.0
2000-01-10 00:00:00-05:00,17.875,21.375,17.625,20.1875,394300,0.0,0.0
2000-01-11 00:00:00-05:00,20.1875,21.0,18.25,18.5,255900,0.0,0.0
2000-01-12 00:00:00-05:00,18.5,19.8125,17.9375,19.6875,118700,0.0,0.0
2000-01-13 00:00:00-05:00,19.9375,20.0625,18.5625,19.0,114100,0.0,0.0
2000-01-14 00:00:00-05:00,19.0,19.6875,18.375,18.75,105300,0.0,0.0
2000-01-18 00:00:00-05:00,18.75,20.125,18.625,19.625,100600,0.0,0.0
2000-01-19 00:00:00-05:00,20.1875,20.3125,19.125,19.8125,95000,0.0,0.0
2000-01-20 00:00:00-05:00,19.8125,20.0,19.5,19.875,42500,0.0,0.0
2000-01-21 00:00:00-05:00,20.0,21.0,19.75,20.8125,158600,0.0,0.0
2000-01-24 00:00:00-05:00,21.1875,24.4375,21.1875,24.125,427400,0.0,0.0
2000-01-25 00:00:00-05:00,24.125,29.6875,24.0,28.5,503500,0.0,0.0
2000-01-26 00:00:00-05:00,32.5,32.75,29.0,30.5,407500,0.0,0.0
2000-01-27 00:00:00-05:00,30.4375,30.5,23.25,24.875,490000,0.0,0.0
2000-01-28 00:00:00-05:00,25.125,25.6875,21.875,23.875,247700,0.0,0.0
2000-01-31 00:00:00-05:00,23.625,28.0,23.5625,26.5,264900,0.0,0.0
2000-02-01 00:00:00-05:00,28.0,28.25,26.8125,27.25,92400,0.0,0.0
2000-02-02 00:00:00-05:00,27.21875,27.9375,24.5,25.75,116000,0.0,0.0
2000-02-03 00:00:00-05:00,25.625,27.875,25.625,26.8125,102600,0.0,0.0
2000-02-04 00:00:00-05:00,28.0,29.5,27.0,27.375,123900,0.0,0.0
2000-02-07 00:00:00-05:00,28.0,28.9375,27.625,28.375,108300,0.0,0.0
2000-02-08 00:00:00-05:00,29.125,29.25,28.1875,28.1875,59900,0.0,0.0
2000-02-09 00:00:00-05:00,28.21875,28.625,26.9375,27.75,84100,0.0,0.0
2000-02-10 00:00:00-05:00,27.75,28.6875,27.5,28.375,59000,0.0,0.0
2000-02-11 00:00:00-05:00,28.6875,29.84375,28.125,28.75,112300,0.0,0.0
2000-02-14 00:00:00-05:00,28.875,29.875,28.625,29.0,62700,0.0,0.0
2000-02-15 00:00:00-05:00,29.875,31.0,29.125,30.8125,106400,0.0,0.0
2000-02-16 00:00:00-05:00,33.75,36.1875,32.375,35.1875,420700,0.0,0.0
2000-02-17 00:00:00-05:00,36.5,40.0,36.5,38.625,386500,0.0,0.0
2000-02-18 00:00:00-05:00,38.75,38.9375,35.125,35.6875,237900,0.0,0.0
2000-02-22 00:00:00-05:00,35.5,37.3125,35.125,37.0,86600,0.0,0.0
2000-02-23 00:00:00-05:00,37.5,39.0,36.875,36.875,108500,0.0,0.0
2000-02-24 00:00:00-05:00,37.125,37.125,33.375,34.8125,193000,0.0,0.0
2000-02-25 00:00:00-05:00,35.0,35.875,28.625,33.625,275200,0.0,0.0
2000-02-28 00:00:00-05:00,32.9375,33.875,30.75,33.0,148400,0.0,0.0
2000-02-29 00:00:00-05:00,33.25,36.0,32.25,34.9375,88500,0.0,0.0
2000-03-01 00:00:00-05:00,35.25,36.0,31.0,32.0,136300,0.0,0.0
2000-03-02 00:00:00-05:00,32.5,33.25,31.75,32.3125,72700,0.0,0.0
2000-03-03 00:00:00-05:00,32.0,33.9375,31.75,33.4375,90400,0.0,0.0
2000-03-06 00:00:00-05:00,33.4375,33.4375,32.5,32.875,41500,0.0,0.0
2000-03-07 00:00:00-05:00,32.8125,32.9375,27.0625,28.5,265800,0.0,0.0
2000-03-08 00:00:00-05:00,28.0,29.5,25.0,28.875,372900,0.0,0.0
2000-03-09 00:00:00-05:00,29.1875,31.375,28.0,29.625,162200,0.0,0.0
2000-03-10 00:00:00-05:00,30.5625,31.5,28.25,30.5,53500,0.0,0.0
2000-03-13 00:00:00-05:00,30.0,30.375,28.0,29.9375,48500,0.0,0.0
2000-03-14 00:00:00-05:00,29.9375,29.9375,27.9375,28.0,66800,0.0,0.0
2000-03-15 00:00:00-05:00,28.0,29.0,26.25,27.0625,69900,0.0,0.0
2000-03-16 00:00:00-05:00,26.25,27.75,26.0,26.5,107600,0.0,0.0
2000-03-17 00:00:00-05:00,27.09375,28.125,27.0,27.5,62600,0.0,0.0
2000-03-20 00:00:00-05:00,28.25,28.25,26.625,26.75,66400,0.0,0.0
2000-03-21 00:00:00-05:00,26.875,27.25,25.625,27.0,51100,0.0,0.0
2000-03-22 00:00:00-05:00,28.25,31.6875,28.0625,30.375,209200,0.0,0.0
2000-03-23 00:00:00-05:00,31.875,31.875,29.5,29.875,65600,0.0,0.0
2000-03-24 00:00:00-05:00,30.03125,31.5,29.875,30.75,57700,0.0,0.0
2000-03-27 00:00:00-05:00,30.875,34.0,30.8125,33.625,142700,0.0,0.0
2000-03-28 00:00:00-05:00,33.6875,35.0,33.4375,34.5,121900,0.0,0.0
2000-03-29 00:00:00-05:00,34.96875,35.875,33.0,33.875,120900,0.0,0.0
2000-03-30 00:00:00-05:00,33.0,33.875,28.625,31.5,119800,0.0,0.0
2000-03-31 00:00:00-05:00,31.25,31.25,27.375,29.5,121600,0.0,0.0
2000-04-03 00:00:00-04:00,30.0,30.0,28.3125,28.75,55900,0.0,0.0
2000-04-04 00:00:00-04:00,29.125,29.125,21.8125,24.8125,320500,0.0,0.0
2000-04-05 00:00:00-04:00,25.6875,28.5,25.25,26.75,119500,0.0,0.0
2000-04-06 00:00:00-04:00,26.625,27.875,26.5,26.9375,43900,0.0,0.0
2000-04-07 00:00:00-04:00,27.375,29.5,27.125,27.75,68900,0.0,0.0
2000-04-10 00:00:00-04:00,29.25,29.375,26.875,27.25,31800,0.0,0.0
2000-04-11 00:00:00-04:00,24.875,27.1875,24.75,26.0,45600,0.0,0.0
2000-04-12 00:00:00-04:00,25.375,25.5,23.6875,24.125,82500,0.0,0.0
2000-04-13 00:00:00-04:00,24.125,24.5,21.25,22.125,210800,0.0,0.0
2000-04-14 00:00:00-04:00,20.5,20.875,16.625,17.125,349600,0.0,0.0
2000-04-17 00:00:00-04:00,10.0625,17.0,9.6875,16.0,566800,0.0,0.0
2000-04-18 00:00:00-04:00,16.5,24.1875,16.0,20.625,252300,0.0,0.0
2000-04-19 00:00:00-04:00,22.0,22.5,20.5,21.875,92800,0.0,0.0
2000-04-20 00:00:00-04:00,22.0,22.625,20.9375,21.5,62900,0.0,0.0
2000-04-24 00:00:00-04:00,21.5625,21.5625,18.0,19.8125,97500,0.0,0.0
2000-04-25 00:00:00-04:00,19.75,19.75,18.5,19.125,65800,0.0,0.0
2000-04-26 00:00:00-04:00,19.75,20.0,15.25,17.25,124600,0.0,0.0
2000-04-27 00:00:00-04:00,16.59375,19.5,16.5,18.3125,97400,0.0,0.0
2000-04-28 00:00:00-04:00,18.3125,19.25,17.625,19.25,39000,0.0,0.0
2000-05-01 00:00:00-04:00,19.75,23.0,18.75,21.125,93700,0.0,0.0
2000-05-02 00:00:00-04:00,21.125,23.75,21.125,22.75,68700,0.0,0.0
2000-05-03 00:00:00-04:00,22.5,23.75,21.5625,21.75,67500,0.0,0.0
2000-05-04 00:00:00-04:00,22.125,23.0625,21.75,22.5625,24700,0.0,0.0
2000-05-05 00:00:00-04:00,22.6875,23.25,22.625,23.0,41200,0.0,0.0
2000-05-08 00:00:00-04:00,23.0625,24.5,22.5,23.5,35900,0.0,0.0
2000-05-09 00:00:00-04:00,24.4375,24.9375,22.125,22.75,35900,0.0,0.0
2000-05-10 00:00:00-04:00,21.625,22.6875,19.0,19.0625,69900,0.0,0.0
2000-05-11 00:00:00-04:00,20.125,21.125,20.0,20.4375,48500,0.0,0.0
2000-05-12 00:00:00-04:00,20.5,22.25,20.5,21.625,27400,0.0,0.0
2000-05-15 00:00:00-04:00,21.5,21.5625,19.5,20.0,43400,0.0,0.0
2000-05-16 00:00:00-04:00,20.625,21.0,19.3125,20.6875,36600,0.0,0.0
2000-05-17 00:00:00-04:00,19.625,20.6875,19.0,19.625,36600,0.0,0.0
2000-05-18 00:00:00-04:00,20.375,20.375,18.875,19.4375,62000,0.0,0.0
2000-05-19 00:00:00-04:00,19.0,19.5,18.0,19.5,37400,0.0,0.0
2000-05-22 00:00:00-04:00,19.25,19.875,18.25,19.375,34300,0.0,0.0
2000-05-23 00:00:00-04:00,19.625,22.1875,19.3125,21.5,116700,0.0,0.0
2000-05-24 00:00:00-04:00,24.75,25.5,19.0,20.5,148500,0.0,0.0
2000-05-25 00:00:00-04:00,21.375,21.625,19.625,20.5,66500,0.0,0.0
2000-05-26 00:00:00-04:00,20.1875,20.375,19.375,20.0,30400,0.0,0.0
2000-05-30 00:00:00-04:00,20.1875,21.375,20.125,20.625,33600,0.0,0.0
2000-05-31 00:00:00-04:00,20.5,21.875,20.125,20.1875,35100,0.0,0.0
2000-06-01 00:00:00-04:00,20.75,21.0,20.125,20.5,37800,0.0,0.0
2000-06-02 00:00:00-04:00,21.25,22.4375,20.375,22.0,36600,0.0,0.0
2000-06-05 00:00:00-04:00,22.0,24.5,21.4375,23.75,81600,0.0,0.0
2000-06-06 00:00:00-04:00,24.75,24.875,24.0,24.5,54600,0.0,0.0
2000-06-07 00:00:00-04:00,24.34375,24.5,24.0,24.375,21900,0.0,0.0
2000-06-08 00:00:00-04:00,24.1875,24.1875,22.75,24.0,18900,0.0,0.0
2000-06-09 00:00:00-04:00,24.0,24.0,22.5,22.90625,34500,0.0,0.0
2000-06-12 00:00:00-04:00,22.9375,25.5625,22.8125,25.375,77200,0.0,0.0
2000-06-13 00:00:00-04:00,25.875,27.375,25.875,27.1875,73700,0.0,0.0
2000-06-14 00:00:00-04:00,26.5,27.25,26.0625,26.6875,36400,0.0,0.0
2000-06-15 00:00:00-04:00,26.6875,28.375,26.6875,28.3125,49600,0.0,0.0
2000-06-16 00:00:00-04:00,28.3125,30.5,28.0,29.375,62500,0.0,0.0
2000-06-19 00:00:00-04:00,29.84375,29.875,26.75,27.5,54900,0.0,0.0
2000-06-20 00:00:00-04:00,27.65625,29.625,27.375,28.125,27200,0.0,0.0
2000-06-21 00:00:00-04:00,28.34375,30.375,27.6875,29.5,62200,0.0,0.0
2000-06-22 00:00:00-04:00,29.375,30.125,29.0625,29.375,50000,0.0,0.0
2000-06-23 00:00:00-04:00,29.625,30.0,28.0,29.0,45500,0.0,0.0
2000-06-26 00:00:00-04:00,29.875,31.375,29.8125,30.375,78400,0.0,0.0
2000-06-27 00:00:00-04:00,30.0,31.5,30.0,31.125,47300,0.0,0.0
2000-06-28 00:00:00-04:00,31.125,31.1875,30.25,30.75,59200,0.0,0.0
2000-06-29 00:00:00-04:00,30.75,31.25,30.125,30.5,76500,0.0,0.0
2000-06-30 00:00:00-04:00,30.625,32.0,28.5,30.0,236300,0.0,0.0
2000-07-03 00:00:00-04:00,29.5,31.5,29.5,30.75,29900,0.0,0.0
2000-07-05 00:00:00-04:00,30.0,31.1875,29.9375,30.6875,37700,0.0,0.0
2000-07-06 00:00:00-04:00,29.3125,31.75,29.3125,31.3125,64200,0.0,0.0
2000-07-07 00:00:00-04:00,31.0,31.75,30.75,31.125,43100,0.0,0.0
2000-07-10 00:00:00-04:00,30.4375,31.5,30.3125,30.375,22400,0.0,0.0
2000-07-11 00:00:00-04:00,30.40625,30.75,29.875,30.6875,31800,0.0,0.0
2000-07-12 00:00:00-04:00,29.5625,30.625,29.25,30.0625,33300,0.0,0.0
2000-07-13 00:00:00-04:00,30.125,30.25,29.0,29.3125,49800,0.0,0.0
2000-07-14 00:00:00-04:00,28.875,29.1875,27.75,28.0,105800,0.0,0.0
2000-07-17 00:00:00-04:00,27.3125,28.25,26.125,28.1875,63600,0.0,0.0
2000-07-18 00:00:00-04:00,28.25,29.5,28.1875,28.3125,56100,0.0,0.0
2000-07-19 00:00:00-04:00,27.75,28.75,27.0,27.375,58500,0.0,0.0
2000-07-20 00:00:00-04:00,26.25,27.75,26.25,26.75,64800,0.0,0.0
2000-07-21 00:00:00-04:00,26.8125,26.875,25.8125,26.328125,36900,0.0,0.0
2000-07-24 00:00:00-04:00,26.125,26.5625,25.0,25.5,35400,0.0,0.0
2000-07-25 00:00:00-04:00,25.4375,27.0625,25.4375,27.0,39700,0.0,0.0
2000-07-26 00:00:00-04:00,27.0,27.5,25.75,27.5,70400,0.0,0.0
2000-07-27 00:00:00-04:00,26.5,27.375,26.0625,26.875,38100,0.0,0.0
2000-07-28 00:00:00-04:00,26.796875,26.8125,22.9375,25.0625,68700,0.0,0.0
2000-07-31 00:00:00-04:00,23.75,26.4375,23.3125,26.4375,85100,0.0,0.0
2000-08-01 00:00:00-04:00,23.9375,25.6875,23.875,24.875,107600,0.0,0.0
2000-08-02 00:00:00-04:00,25.0,25.0,22.5,23.0625,89900,0.0,0.0
2000-08-03 00:00:00-04:00,22.5625,23.5,20.5,22.625,55200,0.0,0.0
2000-08-04 00:00:00-04:00,22.984375,24.0625,20.4375,23.75,78300,0.0,0.0
2000-08-07 00:00:00-04:00,22.5,24.0,21.5,22.25,35300,0.0,0.0
2000-08-08 00:00:00-04:00,23.125,23.125,22.5,22.6875,18900,0.0,0.0
2000-08-09 00:00:00-04:00,22.40625,22.5,21.875,22.5,25200,0.0,0.0
2000-08-10 00:00:00-04:00,22.5,22.5,21.25,22.0,22900,0.0,0.0
2000-08-11 00:00:00-04:00,21.75,22.5,21.4375,22.5,41100,0.0,0.0
2000-08-14 00:00:00-04:00,22.0,23.0,21.9375,22.0,36600,0.0,0.0
2000-08-15 00:00:00-04:00,22.0,22.375,21.75,22.0,20300,0.0,0.0
2000-08-16 00:00:00-04:00,21.9375,22.0,21.375,21.4375,20300,0.0,0.0
2000-08-17 00:00:00-04:00,21.375,21.625,19.9375,20.375,74600,0.0,0.0
2000-08-18 00:00:00-04:00,20.1875,20.25,19.3125,19.3125,59100,0.0,0.0
2000-08-21 00:00:00-04:00,19.875,19.875,18.5,18.625,70800,0.0,0.0
2000-08-22 00:00:00-04:00,18.78125,19.0,18.0,18.125,69800,0.0,0.0
2000-08-23 00:00:00-04:00,17.875,18.0,16.25,17.125,187800,0.0,0.0
2000-08-24 00:00:00-04:00,17.0625,17.125,14.75,15.625,274000,0.0,0.0
2000-08-25 00:00:00-04:00,16.0,20.25,15.625,19.0,375000,0.0,0.0
2000-08-28 00:00:00-04:00,19.5,20.75,19.125,20.0625,135100,0.0,0.0
2000-08-29 00:00:00-04:00,19.125,20.0,19.0,19.125,70400,0.0,0.0
2000-08-30 00:00:00-04:00,19.0,19.125,18.5625,19.125,54300,0.0,0.0
2000-08-31 00:00:00-04:00,19.125,19.125,18.5625,19.125,47700,0.0,0.0
2000-09-01 00:00:00-04:00,19.0625,20.375,18.625,19.5,74300,0.0,0.0
2000-09-05 00:00:00-04:00,20.1875,20.25,18.375,18.875,45000,0.0,0.0
2000-09-06 00:00:00-04:00,19.0625,19.5625,18.75,19.5625,38700,0.0,0.0
2000-09-07 00:00:00-04:00,19.3125,20.0625,19.0,20.0,28000,0.0,0.0
2000-09-08 00:00:00-04:00,20.0,20.0,19.0625,19.5625,20500,0.0,0.0
2000-09-11 00:00:00-04:00,19.90625,19.9375,19.0,19.4375,18900,0.0,0.0
2000-09-12 00:00:00-04:00,19.375,19.5,19.0,19.5,22500,0.0,0.0
2000-09-13 00:00:00-04:00,19.125,19.5625,19.0,19.03125,22700,0.0,0.0
2000-09-14 00:00:00-04:00,19.5,20.4375,19.125,20.25,44000,0.0,0.0
2000-09-15 00:00:00-04:00,20.03125,20.0625,19.375,19.4375,22000,0.0,0.0
2000-09-18 00:00:00-04:00,20.0,20.0,19.0,19.0,22900,0.0,0.0
2000-09-19 00:00:00-04:00,19.125,19.375,18.8125,19.0,21400,0.0,0.0
2000-09-20 00:00:00-04:00,18.875,19.625,18.84375,19.125,21600,0.0,0.0
2000-09-21 00:00:00-04:00,18.96875,19.0,18.625,18.8125,30100,0.0,0.0
2000-09-22 00:00:00-04:00,18.5625,18.875,18.0,18.75,32400,0.0,0.0
2000-09-25 00:00:00-04:00,18.8125,19.25,18.328125,19.0,12500,0.0,0.0
2000-09-26 00:00:00-04:00,18.3125,19.0625,18.3125,18.5625,37700,0.0,0.0
2000-09-27 00:00:00-04:00,19.34375,19.34375,16.25,16.3125,82300,0.0,0.0
2000-09-28 00:00:00-04:00,16.875,18.0,16.5625,17.75,19400,0.0,0.0
2000-09-29 00:00:00-04:00,18.0,19.25,16.5,19.1875,56500,0.0,0.0
2000-10-02 00:00:00-04:00,19.1875,19.1875,16.5,17.0,65200,0.0,0.0
2000-10-03 00:00:00-04:00,17.0,17.125,16.25,16.625,55600,0.0,0.0
2000-10-04 00:00:00-04:00,16.625,17.0,16.0,16.625,24500,0.0,0.0
2000-10-05 00:00:00-04:00,16.8125,17.875,16.625,17.375,49300,0.0,0.0
2000-10-06 00:00:00-04:00,17.25,17.734375,16.25,16.8125,20800,0.0,0.0
2000-10-09 00:00:00-04:00,16.3125,16.8125,16.0,16.6875,10200,0.0,0.0
2000-10-10 00:00:00-04:00,15.8125,16.375,15.0,15.25,61700,0.0,0.0
2000-10-11 00:00:00-04:00,15.0,15.0625,13.875,14.25,81700,0.0,0.0
2000-10-12 00:00:00-04:00,14.015625,14.9375,14.0,14.5,30000,0.0,0.0
2000-10-13 00:00:00-04:00,13.765625,17.21875,13.75,17.125,47900,0.0,0.0
2000-10-16 00:00:00-04:00,17.8125,19.0,17.8125,18.875,76500,0.0,0.0
2000-10-17 00:00:00-04:00,19.875,22.4375,19.375,19.875,158000,0.0,0.0
2000-10-18 00:00:00-04:00,20.0,20.0,18.5625,19.25,32500,0.0,0.0
2000-10-19 00:00:00-04:00,19.25,19.6875,18.75,19.0625,53300,0.0,0.0
2000-10-20 00:00:00-04:00,19.0,19.5,19.0,19.0625,40200,0.0,0.0
2000-10-23 00:00:00-04:00,19.0625,20.0,19.0625,20.0,51200,0.0,0.0
2000-10-24 00:00:00-04:00,20.296875,21.0,19.9375,19.9375,63200,0.0,0.0
2000-10-25 00:00:00-04:00,20.109375,20.109375,19.125,19.1875,43700,0.0,0.0
2000-10-26 00:00:00-04:00,19.25,19.4375,18.75,18.9375,40400,0.0,0.0
2000-10-27 00:00:00-04:00,18.875,19.375,18.25,18.625,55900,0.0,0.0
2000-10-30 00:00:00-05:00,18.9375,19.4375,18.5,19.1875,19200,0.0,0.0
2000-10-31 00:00:00-05:00,18.828125,19.875,18.828125,19.25,23500,0.0,0.0
2000-11-01 00:00:00-05:00,19.0,20.0,19.0,19.8125,22500,0.0,0.0
2000-11-02 00:00:00-05:00,19.5,19.5,19.0,19.25,33200,0.0,0.0
2000-11-03 00:00:00-05:00,19.4375,19.4375,18.75,19.0,20500,0.0,0.0
2000-11-06 00:00:00-05:00,18.75,19.0,18.375,18.546875,14800,0.0,0.0
2000-11-07 00:00:00-05:00,18.9375,18.984375,18.0,18.25,46500,0.0,0.0
2000-11-08 00:00:00-05:00,18.5,19.484375,17.5,18.0,52800,0.0,0.0
2000-11-09 00:00:00-05:00,17.5,18.5,17.0,17.5,39000,0.0,0.0
2000-11-10 00:00:00-05:00,17.5,17.9375,17.0,17.375,17400,0.0,0.0
2000-11-13 00:00:00-05:00,18.375,19.125,16.5,18.25,106700,0.0,0.0
2000-11-14 00:00:00-05:00,18.8125,19.875,18.5,18.75,50200,0.0,0.0
2000-11-15 00:00:00-05:00,19.25,19.25,18.5,18.75,23900,0.0,0.0
2000-11-16 00:00:00-05:00,19.171875,19.171875,18.0,18.0625,16900,0.0,0.0
2000-11-17 00:00:00-05:00,18.5,18.875,16.8125,16.8125,51100,0.0,0.0
2000-11-20 00:00:00-05:00,16.875,17.875,16.546875,17.875,21200,0.0,0.0
2000-11-21 00:00:00-05:00,17.875,18.4375,16.875,17.75,20100,0.0,0.0
2000-11-22 00:00:00-05:00,17.9375,17.9375,16.5,17.125,32100,0.0,0.0
2000-11-24 00:00:00-05:00,17.625,18.0,16.75,18.0,12600,0.0,0.0
2000-11-27 00:00:00-05:00,17.203125,18.109375,16.75,17.375,16100,0.0,0.0
2000-11-28 00:00:00-05:00,17.125,17.875,16.125,17.875,17600,0.0,0.0
2000-11-29 00:00:00-05:00,18.4375,18.4375,16.5625,17.25,16100,0.0,0.0
2000-11-30 00:00:00-05:00,17.03125,17.375,15.875,15.9375,46300,0.0,0.0
2000-12-01 00:00:00-05:00,16.25,17.1875,16.25,16.75,44100,0.0,0.0
2000-12-04 00:00:00-05:00,16.796875,17.5,16.1875,16.1875,18400,0.0,0.0
2000-12-05 00:00:00-05:00,16.25,17.25,16.1875,17.0,25100,0.0,0.0
2000-12-06 00:00:00-05:00,17.0,17.234375,16.3125,17.125,35600,0.0,0.0
2000-12-07 00:00:00-05:00,16.375,17.4375,16.375,17.0,17300,0.0,0.0
2000-12-08 00:00:00-05:00,17.078125,18.0625,16.5625,18.0625,36900,0.0,0.0
2000-12-11 00:00:00-05:00,18.625,19.4375,16.875,19.375,51200,0.0,0.0
2000-12-12 00:00:00-05:00,18.921875,19.8125,18.375,19.25,46600,0.0,0.0
2000-12-13 00:00:00-05:00,19.875,19.875,18.4375,19.0,31800,0.0,0.0
2000-12-14 00:00:00-05:00,19.1875,19.375,18.625,18.6875,10500,0.0,0.0
2000-12-15 00:00:00-05:00,18.359375,18.359375,17.4375,18.0,37300,0.0,0.0
2000-12-18 00:00:00-05:00,17.4375,18.0,16.75,16.9375,25200,0.0,0.0
2000-12-19 00:00:00-05:00,15.0625,18.375,14.75,18.375,81000,0.0,0.0
2000-12-20 00:00:00-05:00,16.265625,17.0,15.5,16.25,32600,0.0,0.0
2000-12-21 00:00:00-05:00,15.578125,17.1875,15.25,15.25,57900,0.0,0.0
2000-12-22 00:00:00-05:00,15.328125,17.125,14.5625,16.9375,40600,0.0,0.0
2000-12-26 00:00:00-05:00,17.0,17.0,15.25,16.6875,106900,0.0,0.0
2000-12-27 00:00:00-05:00,16.265625,17.0,15.875,16.9375,57500,0.0,0.0
2000-12-28 00:00:00-05:00,16.265625,18.0,16.125,18.0,59700,0.0,0.0
2000-12-29 00:00:00-05:00,18.0,18.0,16.5,17.5,94100,0.0,0.0
2001-01-02 00:00:00-05:00,18.0,18.0,15.0625,15.5,72200,0.0,0.0
2001-01-03 00:00:00-05:00,15.3125,16.875,15.3125,16.5625,25600,0.0,0.0
2001-01-04 00:00:00-05:00,16.640625,17.0,16.5,16.5625,21500,0.0,0.0
2001-01-05 00:00:00-05:00,16.671875,16.671875,15.625,16.25,26400,0.0,0.0
2001-01-08 00:00:00-05:00,16.625,18.75,16.5625,18.0,97100,0.0,0.0
2001-01-09 00:00:00-05:00,18.75,18.75,17.75,18.75,57900,0.0,0.0
2001-01-10 00:00:00-05:00,18.75,19.375,18.1875,19.375,77500,0.0,0.0
2001-01-11 00:00:00-05:00,19.484375,22.125,19.0625,22.0,104600,0.0,0.0
2001-01-12 00:00:00-05:00,22.25,23.75,21.1875,23.625,80300,0.0,0.0
2001-01-16 00:00:00-05:00,24.0,24.0,22.5,23.5,85300,0.0,0.0
2001-01-17 00:00:00-05:00,23.8125,24.25,22.0,22.125,112900,0.0,0.0
2001-01-18 00:00:00-05:00,22.984375,22.984375,19.625,21.375,58700,0.0,0.0
2001-01-19 00:00:00-05:00,22.0,22.0,19.625,20.0,59900,0.0,0.0
2001-01-22 00:00:00-05:00,19.703125,20.0,19.0625,19.5625,48800,0.0,0.0
2001-01-23 00:00:00-05:00,20.0,21.625,19.0,20.125,71600,0.0,0.0
2001-01-24 00:00:00-05:00,20.015625,21.0,20.0,20.0,57900,0.0,0.0
2001-01-25 00:00:00-05:00,20.125,20.125,18.875,19.0625,70700,0.0,0.0
2001-01-26 00:00:00-05:00,18.25,20.0,18.015625,19.0625,46500,0.0,0.0
2001-01-29 00:00:00-05:00,18.890625,19.375,18.625,19.25,31100,0.0,0.0
2001-01-30 00:00:00-05:00,19.25,20.8125,18.875,20.6875,69000,0.0,0.0
2001-01-31 00:00:00-05:00,20.5,21.0625,20.0,20.6875,50900,0.0,0.0
2001-02-01 00:00:00-05:00,20.6875,21.0625,20.25,20.5625,82500,0.0,0.0
2001-02-02 00:00:00-05:00,20.5,20.75,19.5,19.625,55500,0.0,0.0
2001-02-05 00:00:00-05:00,19.578125,20.75,19.5625,19.75,11500,0.0,0.0
2001-02-06 00:00:00-05:00,19.875,20.125,19.75,19.8125,17500,0.0,0.0
2001-02-07 00:00:00-05:00,19.9375,20.0,19.5,19.75,21300,0.0,0.0
2001-02-08 00:00:00-05:00,19.5,19.75,19.0625,19.5,24500,0.0,0.0
2001-02-09 00:00:00-05:00,19.609375,19.609375,18.125,18.421875,28800,0.0,0.0
2001-02-12 00:00:00-05:00,19.875,20.5,17.625,18.0625,38300,0.0,0.0
2001-02-13 00:00:00-05:00,18.046875,18.625,17.5,18.0625,20400,0.0,0.0
2001-02-14 00:00:00-05:00,17.703125,18.5,17.640625,17.9375,22600,0.0,0.0
2001-02-15 00:00:00-05:00,18.1875,18.1875,17.9375,18.125,17700,0.0,0.0
2001-02-16 00:00:00-05:00,17.453125,18.0,17.4375,17.6875,17400,0.0,0.0
2001-02-20 00:00:00-05:00,18.0,18.0,17.5,17.8125,39400,0.0,0.0
2001-02-21 00:00:00-05:00,17.9375,18.0,16.625,16.625,31900,0.0,0.0
2001-02-22 00:00:00-05:00,16.6875,16.75,15.5,16.0625,38800,0.0,0.0
2001-02-23 00:00:00-05:00,15.5625,16.375,15.0625,15.75,110600,0.0,0.0
2001-02-26 00:00:00-05:00,17.0,17.0,15.375,16.375,75900,0.0,0.0
2001-02-27 00:00:00-05:00,16.5,16.8125,15.875,16.0,24700,0.0,0.0
2001-02-28 00:00:00-05:00,15.9375,16.625,15.25,16.0,98800,0.0,0.0
2001-03-01 00:00:00-05:00,15.828125,15.828125,13.8125,14.25,134100,0.0,0.0
2001-03-02 00:00:00-05:00,14.21875,14.3125,13.25,14.25,70900,0.0,0.0
2001-03-05 00:00:00-05:00,14.1875,15.5,13.875,15.0,49700,0.0,0.0
2001-03-06 00:00:00-05:00,15.0,15.875,14.984375,15.5,22400,0.0,0.0
2001-03-07 00:00:00-05:00,15.5,16.0,15.0625,15.875,19300,0.0,0.0
2001-03-08 00:00:00-05:00,16.0,16.875,15.9375,16.125,46100,0.0,0.0
2001-03-09 00:00:00-05:00,15.671875,15.6875,14.5,14.6875,29700,0.0,0.0
2001-03-12 00:00:00-05:00,14.8125,14.8125,12.0,13.0625,70200,0.0,0.0
2001-03-13 00:00:00-05:00,13.0,13.3125,10.5,12.0,75200,0.0,0.0
2001-03-14 00:00:00-05:00,11.5,12.75,11.25,12.75,69700,0.0,0.0
2001-03-15 00:00:00-05:00,12.875,16.0,12.6875,15.875,41000,0.0,0.0
2001-03-16 00:00:00-05:00,15.3125,15.375,13.0,14.5,83700,0.0,0.0
2001-03-19 00:00:00-05:00,13.75,14.609375,13.1875,14.25,27300,0.0,0.0
2001-03-20 00:00:00-05:00,13.984375,14.5625,13.78125,14.4375,19800,0.0,0.0
2001-03-21 00:00:00-05:00,13.625,14.6875,13.5625,14.5,25500,0.0,0.0
2001-03-22 00:00:00-05:00,14.671875,14.875,13.625,14.625,78800,0.0,0.0
2001-03-23 00:00:00-05:00,14.5625,15.5625,14.5,15.5625,44700,0.0,0.0
2001-03-26 00:00:00-05:00,15.390625,17.5,15.390625,17.4375,54200,0.0,0.0
2001-03-27 00:00:00-05:00,17.328125,18.375,17.3125,18.3125,50200,0.0,0.0
2001-03-28 00:00:00-05:00,18.3125,18.5,16.6875,17.3125,68000,0.0,0.0
2001-03-29 00:00:00-05:00,17.609375,17.625,16.375,17.5,29600,0.0,0.0
2001-03-30 00:00:00-05:00,17.8125,18.5,16.125,18.25,57200,0.0,0.0
2001-04-02 00:00:00-04:00,17.8125,18.875,17.8125,18.75,47400,0.0,0.0
2001-04-03 00:00:00-04:00,19.0625,19.125,17.5625,18.0,60700,0.0,0.0
2001-04-04 00:00:00-04:00,17.6875,20.25,17.0,19.0,255600,0.0,0.0
2001-04-05 00:00:00-04:00,19.03125,19.25,18.25,18.5,82300,0.0,0.0
2001-04-06 00:00:00-04:00,18.625,19.125,17.375,18.3125,52200,0.0,0.0
2001-04-09 00:00:00-04:00,18.0,18.3799991607666,17.450000762939453,17.959999084472656,19400,0.0,0.0
2001-04-10 00:00:00-04:00,17.950000762939453,18.3700008392334,17.899999618530273,18.040000915527344,46300,0.0,0.0
2001-04-11 00:00:00-04:00,18.010000228881836,19.200000762939453,18.0,19.200000762939453,33400,0.0,0.0
2001-04-12 00:00:00-04:00,19.350000381469727,20.34000015258789,19.350000381469727,19.940000534057617,57700,0.0,0.0
2001-04-16 00:00:00-04:00,20.049999237060547,20.34000015258789,19.520000457763672,19.809999465942383,39800,0.0,0.0
2001-04-17 00:00:00-04:00,19.510000228881836,20.25,19.5,19.90999984741211,25800,0.0,0.0
2001-04-18 00:00:00-04:00,20.0,20.25,20.0,20.049999237060547,33100,0.0,0.0
2001-04-19 00:00:00-04:00,20.040000915527344,20.43000030517578,19.68000030517578,19.950000762939453,32200,0.0,0.0
2001-04-20 00:00:00-04:00,20.219999313354492,20.229999542236328,19.3700008392334,19.690000534057617,25900,0.0,0.0
2001-04-23 00:00:00-04:00,19.3799991607666,19.93000030517578,18.0,19.700000762939453,37700,0.0,0.0
2001-04-24 00:00:00-04:00,18.600000381469727,19.959999084472656,18.350000381469727,19.520000457763672,39600,0.0,0.0
2001-04-25 00:00:00-04:00,18.90999984741211,21.020000457763672,18.549999237060547,20.950000762939453,76000,0.0,0.0
2001-04-26 00:00:00-04:00,20.989999771118164,21.989999771118164,20.600000381469727,20.989999771118164,69200,0.0,0.0
2001-04-27 00:00:00-04:00,21.489999771118164,21.93000030517578,20.5,21.899999618530273,68500,0.0,0.0
2001-04-30 00:00:00-04:00,21.5,24.600000381469727,21.059999465942383,23.649999618530273,163800,0.0,0.0
2001-05-01 00:00:00-04:00,23.979999542236328,25.399999618530273,23.969999313354492,24.59000015258789,101100,0.0,0.0
2001-05-02 00:00:00-04:00,24.799999237060547,25.389999389648438,24.459999084472656,25.1299991607666,102600,0.0,0.0
2001-05-03 00:00:00-04:00,25.020000457763672,25.200000762939453,24.100000381469727,25.0,97300,0.0,0.0
2001-05-04 00:00:00-04:00,24.479999542236328,26.950000762939453,24.200000762939453,26.799999237060547,101000,0.0,0.0
2001-05-07 00:00:00-04:00,27.170000076293945,28.5,27.15999984741211,28.25,175600,0.0,0.0
2001-05-08 00:00:00-04:00,28.479999542236328,30.0,28.350000381469727,29.0,137400,0.0,0.0
2001-05-09 00:00:00-04:00,28.760000228881836,29.049999237060547,28.110000610351562,28.25,91900,0.0,0.0
2001-05-10 00:00:00-04:00,27.610000610351562,29.299999237060547,27.610000610351562,28.670000076293945,126600,0.0,0.0
2001-05-11 00:00:00-04:00,28.860000610351562,29.049999237060547,26.09000015258789,27.25,128800,0.0,0.0
2001-05-14 00:00:00-04:00,27.25,27.739999771118164,25.65999984741211,26.950000762939453,108600,0.0,0.0
2001-05-15 00:00:00-04:00,26.989999771118164,27.149999618530273,26.049999237060547,26.219999313354492,53900,0.0,0.0
2001-05-16 00:00:00-04:00,26.209999084472656,28.229999542236328,26.200000762939453,27.3799991607666,96000,0.0,0.0
2001-05-17 00:00:00-04:00,28.0,28.739999771118164,27.8799991607666,28.450000762939453,76800,0.0,0.0
2001-05-18 00:00:00-04:00,28.489999771118164,28.610000610351562,27.75,27.860000610351562,58500,0.0,0.0
2001-05-21 00:00:00-04:00,27.829999923706055,27.899999618530273,26.600000381469727,27.299999237060547,138100,0.0,0.0
2001-05-22 00:00:00-04:00,27.899999618530273,28.15999984741211,27.25,27.799999237060547,36900,0.0,0.0
2001-05-23 00:00:00-04:00,27.790000915527344,28.5,27.5,27.959999084472656,56800,0.0,0.0
2001-05-24 00:00:00-04:00,27.190000534057617,29.420000076293945,27.190000534057617,28.40999984741211,124700,0.0,0.0
2001-05-25 00:00:00-04:00,29.479999542236328,29.600000381469727,27.700000762939453,29.40999984741211,81100,0.0,0.0
2001-05-29 00:00:00-04:00,29.110000610351562,29.329999923706055,27.760000228881836,28.020000457763672,61900,0.0,0.0
2001-05-30 00:00:00-04:00,28.0,28.1299991607666,24.1299991607666,26.209999084472656,133100,0.0,0.0
2001-05-31 00:00:00-04:00,25.989999771118164,27.93000030517578,25.989999771118164,27.75,74900,0.0,0.0
2001-06-01 00:00:00-04:00,27.899999618530273,28.1200008392334,26.600000381469727,27.0,55300,0.0,0.0
2001-06-04 00:00:00-04:00,26.989999771118164,27.0,24.5,24.5,120900,0.0,0.0
2001-06-05 00:00:00-04:00,24.450000762939453,26.25,24.440000534057617,25.440000534057617,95600,0.0,0.0
2001-06-06 00:00:00-04:00,26.440000534057617,26.440000534057617,24.649999618530273,24.739999771118164,77600,0.0,0.0
2001-06-07 00:00:00-04:00,24.969999313354492,25.100000381469727,22.010000228881836,24.0,140200,0.0,0.0
2001-06-08 00:00:00-04:00,24.190000534057617,24.299999237060547,23.149999618530273,23.649999618530273,21600,0.0,0.0
2001-06-11 00:00:00-04:00,23.649999618530273,24.440000534057617,22.459999084472656,23.899999618530273,45000,0.0,0.0
2001-06-12 00:00:00-04:00,23.530000686645508,26.0,22.5,25.559999465942383,76400,0.0,0.0
2001-06-13 00:00:00-04:00,26.350000381469727,26.940000534057617,24.110000610351562,24.110000610351562,89400,0.0,0.0
2001-06-14 00:00:00-04:00,24.489999771118164,27.969999313354492,23.709999084472656,27.899999618530273,207000,0.0,0.0
2001-06-15 00:00:00-04:00,27.6200008392334,27.760000228881836,24.110000610351562,24.3799991607666,186400,0.0,0.0
2001-06-18 00:00:00-04:00,23.719999313354492,23.940000534057617,20.559999465942383,22.729999542236328,278900,0.0,0.0
2001-06-19 00:00:00-04:00,22.780000686645508,25.1299991607666,21.75,22.139999389648438,125300,0.0,0.0
2001-06-20 00:00:00-04:00,22.1299991607666,24.049999237060547,22.0,23.649999618530273,71700,0.0,0.0
2001-06-21 00:00:00-04:00,23.5,24.799999237060547,22.799999237060547,23.860000610351562,57600,0.0,0.0
2001-06-22 00:00:00-04:00,23.610000610351562,23.760000228881836,22.299999237060547,22.600000381469727,48900,0.0,0.0
2001-06-25 00:00:00-04:00,22.600000381469727,24.0,22.299999237060547,23.729999542236328,49100,0.0,0.0
2001-06-26 00:00:00-04:00,22.899999618530273,26.0,22.0,24.850000381469727,123500,0.0,0.0
2001-06-27 00:00:00-04:00,25.200000762939453,26.0,24.889999389648438,24.899999618530273,72000,0.0,0.0
2001-06-28 00:00:00-04:00,25.5,26.0,24.799999237060547,25.0,94800,0.0,0.0
2001-06-29 00:00:00-04:00,25.229999542236328,27.139999389648438,24.81999969482422,27.0,64900,0.0,0.0
2001-07-02 00:00:00-04:00,26.3799991607666,28.739999771118164,25.950000762939453,28.25,151100,0.0,0.0
2001-07-03 00:00:00-04:00,28.260000228881836,28.450000762939453,27.700000762939453,28.25,58200,0.0,0.0
2001-07-05 00:00:00-04:00,28.399999618530273,28.399999618530273,26.5,26.75,60900,0.0,0.0
2001-07-06 00:00:00-04:00,27.200000762939453,27.25,25.5,26.239999771118164,48800,0.0,0.0
2001-07-09 00:00:00-04:00,27.010000228881836,27.950000762939453,25.799999237060547,27.790000915527344,98700,0.0,0.0
2001-07-10 00:00:00-04:00,26.309999465942383,27.56999969482422,26.299999237060547,27.559999465942383,56500,0.0,0.0
2001-07-11 00:00:00-04:00,26.989999771118164,27.950000762939453,26.959999084472656,27.56999969482422,68300,0.0,0.0
2001-07-12 00:00:00-04:00,27.889999389648438,27.889999389648438,26.25,27.399999618530273,86200,0.0,0.0
2001-07-13 00:00:00-04:00,26.790000915527344,26.799999237060547,25.739999771118164,26.0,65000,0.0,0.0
2001-07-16 00:00:00-04:00,26.200000762939453,26.399999618530273,25.81999969482422,26.15999984741211,69000,0.0,0.0
2001-07-17 00:00:00-04:00,26.059999465942383,27.020000457763672,25.5,26.850000381469727,46400,0.0,0.0
2001-07-18 00:00:00-04:00,26.75,26.75,24.950000762939453,25.510000228881836,40300,0.0,0.0
2001-07-19 00:00:00-04:00,25.5,26.43000030517578,25.3799991607666,25.979999542236328,31900,0.0,0.0
2001-07-20 00:00:00-04:00,25.739999771118164,28.850000381469727,25.739999771118164,28.280000686645508,138800,0.0,0.0
2001-07-23 00:00:00-04:00,28.270000457763672,29.0,26.0,27.110000610351562,138800,0.0,0.0
2001-07-24 00:00:00-04:00,27.709999084472656,27.709999084472656,26.0,26.549999237060547,44300,0.0,0.0
2001-07-25 00:00:00-04:00,26.809999465942383,26.809999465942383,26.0,26.399999618530273,30800,0.0,0.0
2001-07-26 00:00:00-04:00,26.200000762939453,26.610000610351562,25.440000534057617,26.3799991607666,39900,0.0,0.0
2001-07-27 00:00:00-04:00,26.010000228881836,26.799999237060547,25.799999237060547,25.989999771118164,167700,0.0,0.0
2001-07-30 00:00:00-04:00,24.780000686645508,26.489999771118164,24.260000228881836,26.489999771118164,41800,0.0,0.0
2001-07-31 00:00:00-04:00,26.200000762939453,26.5,25.5,26.0,36200,0.0,0.0
2001-08-01 00:00:00-04:00,26.770000457763672,27.0,26.25,26.75,25300,0.0,0.0
2001-08-02 00:00:00-04:00,26.5,26.600000381469727,25.739999771118164,26.25,58600,0.0,0.0
2001-08-03 00:00:00-04:00,26.200000762939453,26.510000228881836,25.299999237060547,25.959999084472656,53200,0.0,0.0
2001-08-06 00:00:00-04:00,25.559999465942383,26.200000762939453,24.700000762939453,25.59000015258789,35100,0.0,0.0
2001-08-07 00:00:00-04:00,25.5,25.93000030517578,24.950000762939453,25.549999237060547,26200,0.0,0.0
2001-08-08 00:00:00-04:00,25.549999237060547,25.549999237060547,24.510000228881836,24.809999465942383,47200,0.0,0.0
2001-08-09 00:00:00-04:00,24.75,24.75,22.049999237060547,22.049999237060547,115400,0.0,0.0
2001-08-10 00:00:00-04:00,22.049999237060547,22.1299991607666,18.5,21.040000915527344,219500,0.0,0.0
2001-08-13 00:00:00-04:00,21.010000228881836,22.0,18.950000762939453,21.049999237060547,187700,0.0,0.0
2001-08-14 00:00:00-04:00,20.579999923706055,21.489999771118164,20.0,20.450000762939453,49400,0.0,0.0
2001-08-15 00:00:00-04:00,20.059999465942383,21.799999237060547,19.75,21.309999465942383,117900,0.0,0.0
2001-08-16 00:00:00-04:00,21.309999465942383,23.0,21.110000610351562,22.229999542236328,138100,0.0,0.0
2001-08-17 00:00:00-04:00,22.450000762939453,22.450000762939453,21.309999465942383,21.899999618530273,34400,0.0,0.0
2001-08-20 00:00:00-04:00,22.190000534057617,22.40999984741211,21.309999465942383,21.950000762939453,14800,0.0,0.0
2001-08-21 00:00:00-04:00,21.100000381469727,22.0,20.670000076293945,20.670000076293945,28600,0.0,0.0
2001-08-22 00:00:00-04:00,21.229999542236328,21.639999389648438,19.75,20.799999237060547,55000,0.0,0.0
2001-08-23 00:00:00-04:00,19.940000534057617,20.280000686645508,19.0,19.0,107400,0.0,0.0
2001-08-24 00:00:00-04:00,19.010000228881836,19.829999923706055,18.5,19.540000915527344,138600,0.0,0.0
2001-08-27 00:00:00-04:00,19.989999771118164,20.010000228881836,19.510000228881836,19.700000762939453,64500,0.0,0.0
2001-08-28 00:00:00-04:00,19.770000457763672,19.850000381469727,19.5,19.600000381469727,47500,0.0,0.0
2001-08-29 00:00:00-04:00,19.510000228881836,20.5,19.510000228881836,20.5,25100,0.0,0.0
2001-08-30 00:00:00-04:00,20.540000915527344,20.540000915527344,19.209999084472656,19.5,50500,0.0,0.0
2001-08-31 00:00:00-04:00,19.399999618530273,19.739999771118164,19.25,19.5,22200,0.0,0.0
2001-09-04 00:00:00-04:00,19.6200008392334,20.09000015258789,19.0,19.0,77800,0.0,0.0
2001-09-05 00:00:00-04:00,19.0,19.0,16.5,16.8799991607666,137200,0.0,0.0
2001-09-06 00:00:00-04:00,16.899999618530273,17.0,14.399999618530273,14.899999618530273,223500,0.0,0.0
2001-09-07 00:00:00-04:00,14.90999984741211,16.90999984741211,13.079999923706055,15.210000038146973,142600,0.0,0.0
2001-09-10 00:00:00-04:00,15.59000015258789,16.049999237060547,15.300000190734863,16.0,120700,0.0,0.0
2001-09-17 00:00:00-04:00,14.489999771118164,15.270000457763672,13.449999809265137,14.40999984741211,107400,0.0,0.0
2001-09-18 00:00:00-04:00,14.25,15.390000343322754,14.050000190734863,14.670000076293945,53200,0.0,0.0
2001-09-19 00:00:00-04:00,14.609999656677246,15.0,12.5,13.489999771118164,141600,0.0,0.0
2001-09-20 00:00:00-04:00,12.65999984741211,12.65999984741211,11.020000457763672,11.199999809265137,142500,0.0,0.0
2001-09-21 00:00:00-04:00,10.880000114440918,10.880000114440918,9.0,10.0,254600,0.0,0.0
2001-09-24 00:00:00-04:00,11.640000343322754,11.989999771118164,10.399999618530273,11.649999618530273,106000,0.0,0.0
2001-09-25 00:00:00-04:00,13.0,14.199999809265137,12.0,13.859999656677246,126700,0.0,0.0
2001-09-26 00:00:00-04:00,14.1899995803833,14.949999809265137,13.010000228881836,14.4399995803833,70500,0.0,0.0
2001-09-27 00:00:00-04:00,14.010000228881836,14.630000114440918,13.40999984741211,14.4399995803833,89000,0.0,0.0
2001-09-28 00:00:00-04:00,14.199999809265137,16.549999237060547,14.199999809265137,16.25,94500,0.0,0.0
2001-10-01 00:00:00-04:00,16.989999771118164,17.0,15.0,15.050000190734863,72200,0.0,0.0
2001-10-02 00:00:00-04:00,15.0,15.960000038146973,13.949999809265137,15.25,39500,0.0,0.0
2001-10-03 00:00:00-04:00,15.239999771118164,16.450000762939453,14.800000190734863,16.389999389648438,47900,0.0,0.0
2001-10-04 00:00:00-04:00,16.299999237060547,18.440000534057617,16.049999237060547,18.309999465942383,201800,0.0,0.0
2001-10-05 00:00:00-04:00,17.75,18.6200008392334,16.81999969482422,18.420000076293945,149200,0.0,0.0
2001-10-08 00:00:00-04:00,16.899999618530273,18.1200008392334,16.100000381469727,17.3700008392334,44400,0.0,0.0
2001-10-09 00:00:00-04:00,17.200000762939453,17.75,16.200000762939453,17.25,42200,0.0,0.0
2001-10-10 00:00:00-04:00,17.0,17.450000762939453,16.790000915527344,17.049999237060547,61600,0.0,0.0
2001-10-11 00:00:00-04:00,17.25,18.399999618530273,16.549999237060547,18.239999771118164,50900,0.0,0.0
2001-10-12 00:00:00-04:00,18.299999237060547,18.700000762939453,17.200000762939453,17.299999237060547,39500,0.0,0.0
2001-10-15 00:00:00-04:00,17.450000762939453,17.950000762939453,16.729999542236328,17.709999084472656,56100,0.0,0.0
2001-10-16 00:00:00-04:00,17.5,19.0,17.0,18.31999969482422,163300,0.0,0.0
2001-10-17 00:00:00-04:00,18.399999618530273,18.950000762939453,17.25,17.850000381469727,118800,0.0,0.0
2001-10-18 00:00:00-04:00,17.709999084472656,17.760000228881836,16.899999618530273,17.290000915527344,19200,0.0,0.0
2001-10-19 00:00:00-04:00,16.399999618530273,17.389999389648438,15.399999618530273,17.389999389648438,38200,0.0,0.0
2001-10-22 00:00:00-04:00,17.219999313354492,18.549999237060547,17.219999313354492,18.0,40100,0.0,0.0
2001-10-23 00:00:00-04:00,17.989999771118164,18.450000762939453,17.56999969482422,18.059999465942383,17700,0.0,0.0
2001-10-24 00:00:00-04:00,17.75,17.809999465942383,17.34000015258789,17.5,17800,0.0,0.0
2001-10-25 00:00:00-04:00,17.399999618530273,18.25,17.1200008392334,18.0,25600,0.0,0.0
2001-10-26 00:00:00-04:00,17.899999618530273,18.479999542236328,17.899999618530273,17.90999984741211,25900,0.0,0.0
2001-10-29 00:00:00-05:00,18.309999465942383,18.440000534057617,17.799999237060547,17.809999465942383,25800,0.0,0.0
2001-10-30 00:00:00-05:00,17.139999389648438,17.600000381469727,17.1299991607666,17.559999465942383,11900,0.0,0.0
2001-10-31 00:00:00-05:00,17.700000762939453,18.489999771118164,17.549999237060547,17.809999465942383,26800,0.0,0.0
2001-11-01 00:00:00-05:00,17.760000228881836,18.25,17.719999313354492,18.200000762939453,19000,0.0,0.0
2001-11-02 00:00:00-05:00,17.059999465942383,18.100000381469727,17.059999465942383,17.649999618530273,20400,0.0,0.0
2001-11-05 00:00:00-05:00,17.559999465942383,18.399999618530273,17.559999465942383,18.100000381469727,42500,0.0,0.0
2001-11-06 00:00:00-05:00,18.100000381469727,18.239999771118164,17.920000076293945,18.229999542236328,9400,0.0,0.0
2001-11-07 00:00:00-05:00,18.239999771118164,18.450000762939453,17.770000457763672,18.299999237060547,38600,0.0,0.0
2001-11-08 00:00:00-05:00,17.950000762939453,18.65999984741211,17.75,18.489999771118164,38900,0.0,0.0
2001-11-09 00:00:00-05:00,18.1200008392334,18.5,18.0,18.25,28100,0.0,0.0
2001-11-12 00:00:00-05:00,17.979999542236328,18.299999237060547,17.0,18.200000762939453,27600,0.0,0.0
2001-11-13 00:00:00-05:00,18.0,18.40999984741211,18.0,18.25,15500,0.0,0.0
2001-11-14 00:00:00-05:00,18.540000915527344,18.549999237060547,17.739999771118164,18.06999969482422,25700,0.0,0.0
2001-11-15 00:00:00-05:00,17.899999618530273,18.06999969482422,17.600000381469727,17.989999771118164,33300,0.0,0.0
2001-11-16 00:00:00-05:00,17.920000076293945,18.139999389648438,17.530000686645508,17.549999237060547,16200,0.0,0.0
2001-11-19 00:00:00-05:00,17.850000381469727,18.260000228881836,17.110000610351562,17.5,24600,0.0,0.0
2001-11-20 00:00:00-05:00,17.1299991607666,17.5,17.0,17.09000015258789,14500,0.0,0.0
2001-11-21 00:00:00-05:00,17.020000457763672,17.020000457763672,15.75,16.450000762939453,32400,0.0,0.0
2001-11-23 00:00:00-05:00,16.3799991607666,16.700000762939453,15.880000114440918,16.479999542236328,12200,0.0,0.0
2001-11-26 00:00:00-05:00,16.600000381469727,18.0,16.450000762939453,18.0,34300,0.0,0.0
2001-11-27 00:00:00-05:00,17.549999237060547,17.700000762939453,17.149999618530273,17.299999237060547,14200,0.0,0.0
2001-11-28 00:00:00-05:00,16.860000610351562,17.829999923706055,16.850000381469727,17.459999084472656,16200,0.0,0.0
2001-11-29 00:00:00-05:00,17.200000762939453,17.950000762939453,16.950000762939453,17.950000762939453,28400,0.0,0.0
2001-11-30 00:00:00-05:00,17.829999923706055,17.829999923706055,16.780000686645508,16.920000076293945,28100,0.0,0.0
2001-12-03 00:00:00-05:00,16.899999618530273,17.739999771118164,15.779999732971191,17.290000915527344,40400,0.0,0.0
2001-12-04 00:00:00-05:00,17.790000915527344,18.0,17.110000610351562,17.799999237060547,93500,0.0,0.0
2001-12-05 00:00:00-05:00,17.940000534057617,17.950000762939453,17.399999618530273,17.709999084472656,24600,0.0,0.0
2001-12-06 00:00:00-05:00,17.739999771118164,17.780000686645508,16.799999237060547,17.0,34200,0.0,0.0
2001-12-07 00:00:00-05:00,17.149999618530273,17.350000381469727,16.600000381469727,16.600000381469727,16900,0.0,0.0
2001-12-10 00:00:00-05:00,16.43000030517578,16.649999618530273,16.059999465942383,16.299999237060547,16400,0.0,0.0
2001-12-11 00:00:00-05:00,16.479999542236328,16.479999542236328,15.949999809265137,16.149999618530273,29100,0.0,0.0
2001-12-12 00:00:00-05:00,16.100000381469727,16.100000381469727,15.75,15.899999618530273,31200,0.0,0.0
2001-12-13 00:00:00-05:00,15.850000381469727,16.0,15.100000381469727,15.390000343322754,27100,0.0,0.0
2001-12-14 00:00:00-05:00,15.020000457763672,15.399999618530273,14.75,15.050000190734863,23100,0.0,0.0
2001-12-17 00:00:00-05:00,14.270000457763672,14.770000457763672,13.149999618530273,13.949999809265137,101400,0.0,0.0
2001-12-18 00:00:00-05:00,13.949999809265137,14.489999771118164,13.880000114440918,14.399999618530273,65100,0.0,0.0
2001-12-19 00:00:00-05:00,14.420000076293945,14.489999771118164,14.0600004196167,14.149999618530273,31500,0.0,0.0
2001-12-20 00:00:00-05:00,14.140000343322754,14.4399995803833,13.369999885559082,14.4399995803833,34800,0.0,0.0
2001-12-21 00:00:00-05:00,14.899999618530273,16.59000015258789,14.25,16.549999237060547,91800,0.0,0.0
2001-12-24 00:00:00-05:00,16.270000457763672,17.190000534057617,16.25,17.18000030517578,33100,0.0,0.0
2001-12-26 00:00:00-05:00,17.049999237060547,18.8700008392334,17.040000915527344,18.0,49800,0.0,0.0
2001-12-27 00:00:00-05:00,18.139999389648438,18.299999237060547,17.40999984741211,18.149999618530273,27800,0.0,0.0
2001-12-28 00:00:00-05:00,17.959999084472656,18.350000381469727,17.600000381469727,17.600000381469727,22500,0.0,0.0
2001-12-31 00:00:00-05:00,17.5,17.510000228881836,16.25,16.760000228881836,69300,0.0,0.0
2002-01-02 00:00:00-05:00,16.979999542236328,17.200000762939453,16.549999237060547,16.969999313354492,21300,0.0,0.0
2002-01-03 00:00:00-05:00,17.0,18.09000015258789,17.0,18.0,23400,0.0,0.0
2002-01-04 00:00:00-05:00,18.0,18.700000762939453,17.8700008392334,18.610000610351562,27900,0.0,0.0
2002-01-07 00:00:00-05:00,18.43000030517578,21.0,18.280000686645508,19.0,61700,0.0,0.0
2002-01-08 00:00:00-05:00,19.010000228881836,20.0,18.729999542236328,19.59000015258789,64000,0.0,0.0
2002-01-09 00:00:00-05:00,19.649999618530273,20.0,19.510000228881836,19.790000915527344,26100,0.0,0.0
2002-01-10 00:00:00-05:00,19.520000457763672,20.0,19.5,19.75,9700,0.0,0.0
2002-01-11 00:00:00-05:00,19.600000381469727,20.0,19.5,19.670000076293945,25100,0.0,0.0
2002-01-14 00:00:00-05:00,19.399999618530273,19.860000610351562,18.219999313354492,18.739999771118164,48200,0.0,0.0
2002-01-15 00:00:00-05:00,18.670000076293945,19.229999542236328,18.670000076293945,19.100000381469727,17500,0.0,0.0
2002-01-16 00:00:00-05:00,18.770000457763672,18.770000457763672,17.149999618530273,17.450000762939453,34700,0.0,0.0
2002-01-17 00:00:00-05:00,16.010000228881836,17.0,15.5,16.850000381469727,52500,0.0,0.0
2002-01-18 00:00:00-05:00,16.639999389648438,17.100000381469727,16.049999237060547,16.809999465942383,27700,0.0,0.0
2002-01-22 00:00:00-05:00,16.899999618530273,18.549999237060547,16.899999618530273,17.510000228881836,48000,0.0,0.0
2002-01-23 00:00:00-05:00,17.5,18.200000762939453,17.5,18.200000762939453,13600,0.0,0.0
2002-01-24 00:00:00-05:00,17.65999984741211,18.649999618530273,17.65999984741211,18.440000534057617,11600,0.0,0.0
2002-01-25 00:00:00-05:00,18.440000534057617,19.0,17.850000381469727,18.450000762939453,30500,0.0,0.0
2002-01-28 00:00:00-05:00,18.399999618530273,18.399999618530273,17.110000610351562,18.0,28700,0.0,0.0
2002-01-29 00:00:00-05:00,17.520000457763672,18.0,16.75,17.75,39700,0.0,0.0
2002-01-30 00:00:00-05:00,17.350000381469727,18.0,17.020000457763672,17.989999771118164,23100,0.0,0.0
2002-01-31 00:00:00-05:00,17.639999389648438,19.290000915527344,17.559999465942383,18.309999465942383,36000,0.0,0.0
2002-02-01 00:00:00-05:00,18.299999237060547,18.5,17.719999313354492,17.899999618530273,17200,0.0,0.0
2002-02-04 00:00:00-05:00,17.6200008392334,17.829999923706055,17.1200008392334,17.1200008392334,40600,0.0,0.0
2002-02-05 00:00:00-05:00,17.0,17.0,15.760000228881836,16.149999618530273,60300,0.0,0.0
2002-02-06 00:00:00-05:00,16.09000015258789,17.0,16.09000015258789,16.59000015258789,27300,0.0,0.0
2002-02-07 00:00:00-05:00,16.59000015258789,16.59000015258789,15.760000228881836,15.800000190734863,29300,0.0,0.0
2002-02-08 00:00:00-05:00,15.920000076293945,17.5,15.649999618530273,17.31999969482422,43700,0.0,0.0
2002-02-11 00:00:00-05:00,17.5,17.899999618530273,17.25,17.75,16100,0.0,0.0
2002-02-12 00:00:00-05:00,17.350000381469727,17.93000030517578,17.350000381469727,17.700000762939453,5100,0.0,0.0
2002-02-13 00:00:00-05:00,17.739999771118164,17.75,17.5,17.75,22500,0.0,0.0
2002-02-14 00:00:00-05:00,17.729999542236328,17.75,17.06999969482422,17.170000076293945,13600,0.0,0.0
2002-02-15 00:00:00-05:00,17.299999237060547,17.309999465942383,16.559999465942383,17.049999237060547,27000,0.0,0.0
2002-02-19 00:00:00-05:00,16.799999237060547,17.229999542236328,16.25,16.889999389648438,23300,0.0,0.0
2002-02-20 00:00:00-05:00,17.25,17.5,17.0,17.43000030517578,18800,0.0,0.0
2002-02-21 00:00:00-05:00,17.469999313354492,17.649999618530273,17.1200008392334,17.1200008392334,11700,0.0,0.0
2002-02-22 00:00:00-05:00,17.239999771118164,17.399999618530273,16.90999984741211,17.299999237060547,18200,0.0,0.0
2002-02-25 00:00:00-05:00,17.290000915527344,17.350000381469727,16.010000228881836,16.18000030517578,28900,0.0,0.0
2002-02-26 00:00:00-05:00,16.010000228881836,17.0,15.770000457763672,17.0,35300,0.0,0.0
2002-02-27 00:00:00-05:00,17.030000686645508,17.030000686645508,16.020000457763672,16.100000381469727,19800,0.0,0.0
2002-02-28 00:00:00-05:00,16.100000381469727,16.389999389648438,15.770000457763672,16.0,21100,0.0,0.0
2002-03-01 00:00:00-05:00,15.460000038146973,16.5,15.3100004196167,16.459999084472656,41000,0.0,0.0
2002-03-04 00:00:00-05:00,15.989999771118164,16.5,15.989999771118164,16.079999923706055,11700,0.0,0.0
2002-03-05 00:00:00-05:00,16.34000015258789,16.549999237060547,16.040000915527344,16.420000076293945,24400,0.0,0.0
2002-03-06 00:00:00-05:00,16.100000381469727,16.700000762939453,16.100000381469727,16.469999313354492,22300,0.0,0.0
2002-03-07 00:00:00-05:00,16.389999389648438,16.469999313354492,16.110000610351562,16.15999984741211,14000,0.0,0.0
2002-03-08 00:00:00-05:00,16.739999771118164,16.950000762939453,16.450000762939453,16.799999237060547,23400,0.0,0.0
2002-03-11 00:00:00-05:00,16.579999923706055,17.739999771118164,16.510000228881836,17.600000381469727,35300,0.0,0.0
2002-03-12 00:00:00-05:00,17.739999771118164,18.0,17.329999923706055,18.0,21800,0.0,0.0
2002-03-13 00:00:00-05:00,17.989999771118164,18.350000381469727,17.65999984741211,17.950000762939453,24000,0.0,0.0
2002-03-14 00:00:00-05:00,18.0,18.0,17.75,17.84000015258789,5900,0.0,0.0
2002-03-15 00:00:00-05:00,17.610000610351562,17.799999237060547,17.100000381469727,17.43000030517578,28300,0.0,0.0
2002-03-18 00:00:00-05:00,17.799999237060547,18.969999313354492,17.5,18.75,57500,0.0,0.0
2002-03-19 00:00:00-05:00,18.979999542236328,19.049999237060547,18.3700008392334,18.950000762939453,29800,0.0,0.0
2002-03-20 00:00:00-05:00,18.989999771118164,19.100000381469727,18.670000076293945,18.739999771118164,45600,0.0,0.0
2002-03-21 00:00:00-05:00,18.729999542236328,19.239999771118164,18.25,18.299999237060547,37800,0.0,0.0
2002-03-22 00:00:00-05:00,18.700000762939453,18.8700008392334,18.0,18.299999237060547,19000,0.0,0.0
2002-03-25 00:00:00-05:00,18.100000381469727,18.25,17.549999237060547,17.649999618530273,16000,0.0,0.0
2002-03-26 00:00:00-05:00,17.559999465942383,18.100000381469727,17.559999465942383,18.0,7900,0.0,0.0
2002-03-27 00:00:00-05:00,17.40999984741211,18.059999465942383,17.40999984741211,17.799999237060547,20800,0.0,0.0
2002-03-28 00:00:00-05:00,17.700000762939453,18.0,17.229999542236328,17.68000030517578,46800,0.0,0.0
2002-04-01 00:00:00-05:00,17.579999923706055,18.600000381469727,16.860000610351562,18.0,46000,0.0,0.0
2002-04-02 00:00:00-05:00,18.049999237060547,18.049999237060547,17.43000030517578,17.649999618530273,10400,0.0,0.0
2002-04-03 00:00:00-05:00,17.649999618530273,17.690000534057617,16.959999084472656,17.059999465942383,21700,0.0,0.0
2002-04-04 00:00:00-05:00,16.989999771118164,17.59000015258789,16.979999542236328,17.5,11700,0.0,0.0
2002-04-05 00:00:00-05:00,17.5,17.700000762939453,17.110000610351562,17.600000381469727,20100,0.0,0.0
2002-04-08 00:00:00-04:00,17.06999969482422,17.489999771118164,16.93000030517578,17.18000030517578,9100,0.0,0.0
2002-04-09 00:00:00-04:00,17.399999618530273,17.709999084472656,16.950000762939453,17.25,8500,0.0,0.0
2002-04-10 00:00:00-04:00,17.299999237060547,17.299999237060547,16.270000457763672,16.989999771118164,36500,0.0,0.0
2002-04-11 00:00:00-04:00,16.600000381469727,17.5,16.5,17.459999084472656,23300,0.0,0.0
2002-04-12 00:00:00-04:00,17.270000457763672,17.540000915527344,16.959999084472656,17.5,25700,0.0,0.0
2002-04-15 00:00:00-04:00,17.280000686645508,17.75,17.1299991607666,17.75,23900,0.0,0.0
2002-04-16 00:00:00-04:00,17.5,17.75,17.149999618530273,17.68000030517578,23800,0.0,0.0
2002-04-17 00:00:00-04:00,17.700000762939453,17.899999618530273,17.350000381469727,17.399999618530273,14100,0.0,0.0
2002-04-18 00:00:00-04:00,17.940000534057617,17.950000762939453,17.15999984741211,17.489999771118164,10400,0.0,0.0
2002-04-19 00:00:00-04:00,17.479999542236328,17.489999771118164,17.0,17.020000457763672,14700,0.0,0.0
2002-04-22 00:00:00-04:00,16.75,16.809999465942383,16.5,16.6299991607666,17200,0.0,0.0
2002-04-23 00:00:00-04:00,16.600000381469727,16.700000762939453,16.350000381469727,16.649999618530273,22900,0.0,0.0
2002-04-24 00:00:00-04:00,16.65999984741211,16.739999771118164,16.100000381469727,16.25,28400,0.0,0.0
2002-04-25 00:00:00-04:00,16.459999084472656,16.479999542236328,15.850000381469727,16.360000610351562,32800,0.0,0.0
2002-04-26 00:00:00-04:00,16.0,16.389999389648438,15.630000114440918,16.290000915527344,23000,0.0,0.0
2002-04-29 00:00:00-04:00,16.399999618530273,16.399999618530273,15.630000114440918,16.399999618530273,34500,0.0,0.0
2002-04-30 00:00:00-04:00,16.0,16.299999237060547,15.850000381469727,16.290000915527344,52800,0.0,0.0
2002-05-01 00:00:00-04:00,16.329999923706055,16.329999923706055,15.3100004196167,15.510000228881836,54800,0.0,0.0
2002-05-02 00:00:00-04:00,15.3100004196167,15.710000038146973,14.770000457763672,15.699999809265137,44500,0.0,0.0
2002-05-03 00:00:00-04:00,15.699999809265137,15.739999771118164,15.25,15.390000343322754,30200,0.0,0.0
2002-05-06 00:00:00-04:00,15.0600004196167,15.25,13.270000457763672,14.0,73600,0.0,0.0
2002-05-07 00:00:00-04:00,14.25,14.489999771118164,13.0,13.699999809265137,69900,0.0,0.0
2002-05-08 00:00:00-04:00,13.699999809265137,14.539999961853027,13.699999809265137,14.5,40400,0.0,0.0
2002-05-09 00:00:00-04:00,14.25,14.420000076293945,14.0,14.0,35600,0.0,0.0
2002-05-10 00:00:00-04:00,13.800000190734863,14.0600004196167,13.109999656677246,13.600000381469727,35000,0.0,0.0
2002-05-13 00:00:00-04:00,13.550000190734863,14.6899995803833,13.550000190734863,14.59000015258789,33900,0.0,0.0
2002-05-14 00:00:00-04:00,14.34000015258789,15.649999618530273,14.109999656677246,15.4399995803833,35200,0.0,0.0
2002-05-15 00:00:00-04:00,15.600000381469727,15.619999885559082,15.199999809265137,15.289999961853027,25100,0.0,0.0
2002-05-16 00:00:00-04:00,15.289999961853027,15.289999961853027,13.510000228881836,14.850000381469727,47500,0.0,0.0
2002-05-17 00:00:00-04:00,15.0,15.149999618530273,14.380000114440918,14.75,15100,0.0,0.0
2002-05-20 00:00:00-04:00,14.75,14.75,14.479999542236328,14.510000228881836,11000,0.0,0.0
2002-05-21 00:00:00-04:00,14.649999618530273,14.949999809265137,14.1899995803833,14.699999809265137,23200,0.0,0.0
2002-05-22 00:00:00-04:00,14.3100004196167,14.489999771118164,13.630000114440918,13.829999923706055,36200,0.0,0.0
2002-05-23 00:00:00-04:00,13.84000015258789,14.149999618530273,13.75,14.149999618530273,24500,0.0,0.0
2002-05-24 00:00:00-04:00,14.1899995803833,14.489999771118164,13.619999885559082,13.729999542236328,44000,0.0,0.0
2002-05-28 00:00:00-04:00,13.5,13.979999542236328,13.25,13.5,31500,0.0,0.0
2002-05-29 00:00:00-04:00,13.25,13.5,12.0,12.170000076293945,53000,0.0,0.0
2002-05-30 00:00:00-04:00,11.699999809265137,12.1899995803833,11.09000015258789,12.1899995803833,105200,0.0,0.0
2002-05-31 00:00:00-04:00,12.199999809265137,14.0,12.010000228881836,13.8100004196167,115100,0.0,0.0
2002-06-03 00:00:00-04:00,14.0,14.25,12.75,13.489999771118164,61700,0.0,0.0
2002-06-04 00:00:00-04:00,13.420000076293945,13.510000228881836,12.890000343322754,13.0,43700,0.0,0.0
2002-06-05 00:00:00-04:00,13.100000381469727,13.5,12.449999809265137,12.75,52300,0.0,0.0
2002-06-06 00:00:00-04:00,12.5,13.0,12.40999984741211,12.510000228881836,19200,0.0,0.0
2002-06-07 00:00:00-04:00,12.420000076293945,12.899999618530273,12.420000076293945,12.699999809265137,27200,0.0,0.0
2002-06-10 00:00:00-04:00,12.760000228881836,13.0,12.75,12.760000228881836,16300,0.0,0.0
2002-06-11 00:00:00-04:00,12.75,12.9399995803833,12.680000305175781,12.899999618530273,32000,0.0,0.0
2002-06-12 00:00:00-04:00,12.680000305175781,12.949999809265137,12.600000381469727,12.770000457763672,26400,0.0,0.0
2002-06-13 00:00:00-04:00,12.460000038146973,13.25,12.100000381469727,12.539999961853027,59500,0.0,0.0
2002-06-14 00:00:00-04:00,12.5,12.699999809265137,12.199999809265137,12.300000190734863,41600,0.0,0.0
2002-06-17 00:00:00-04:00,12.289999961853027,13.899999618530273,12.270000457763672,13.069999694824219,40600,0.0,0.0
2002-06-18 00:00:00-04:00,13.140000343322754,13.350000381469727,12.930000305175781,13.050000190734863,18500,0.0,0.0
2002-06-19 00:00:00-04:00,12.949999809265137,13.149999618530273,12.510000228881836,12.510000228881836,14100,0.0,0.0
2002-06-20 00:00:00-04:00,12.880000114440918,12.979999542236328,12.4399995803833,12.9399995803833,38500,0.0,0.0
2002-06-21 00:00:00-04:00,12.710000038146973,13.199999809265137,12.6899995803833,12.9399995803833,40400,0.0,0.0
2002-06-24 00:00:00-04:00,13.069999694824219,13.5,12.8100004196167,12.949999809265137,26500,0.0,0.0
2002-06-25 00:00:00-04:00,13.130000114440918,13.90999984741211,12.859999656677246,12.960000038146973,24700,0.0,0.0
2002-06-26 00:00:00-04:00,12.890000343322754,13.0,12.489999771118164,13.0,24700,0.0,0.0
2002-06-27 00:00:00-04:00,13.739999771118164,13.75,13.25,13.449999809265137,34000,0.0,0.0
2002-06-28 00:00:00-04:00,13.449999809265137,15.0,13.449999809265137,14.859999656677246,180200,0.0,0.0
2002-07-01 00:00:00-04:00,14.989999771118164,15.25,13.539999961853027,13.760000228881836,46600,0.0,0.0
2002-07-02 00:00:00-04:00,13.770000457763672,13.770000457763672,12.640000343322754,12.890000343322754,42000,0.0,0.0
2002-07-03 00:00:00-04:00,12.979999542236328,12.979999542236328,12.149999618530273,12.399999618530273,31300,0.0,0.0
2002-07-05 00:00:00-04:00,12.59000015258789,13.399999618530273,12.510000228881836,12.75,24100,0.0,0.0
2002-07-08 00:00:00-04:00,12.800000190734863,13.100000381469727,12.760000228881836,12.880000114440918,24100,0.0,0.0
2002-07-09 00:00:00-04:00,12.800000190734863,12.949999809265137,12.350000381469727,12.5,15800,0.0,0.0
2002-07-10 00:00:00-04:00,12.75,12.890000343322754,12.5,12.59000015258789,30300,0.0,0.0
2002-07-11 00:00:00-04:00,12.600000381469727,12.949999809265137,12.149999618530273,12.300000190734863,39100,0.0,0.0
2002-07-12 00:00:00-04:00,12.34000015258789,12.550000190734863,12.180000305175781,12.1899995803833,17400,0.0,0.0
2002-07-15 00:00:00-04:00,12.239999771118164,12.300000190734863,10.050000190734863,11.050000190734863,101400,0.0,0.0
2002-07-16 00:00:00-04:00,10.710000038146973,11.779999732971191,10.699999809265137,11.34000015258789,29100,0.0,0.0
2002-07-17 00:00:00-04:00,11.350000381469727,11.640000343322754,11.069999694824219,11.399999618530273,27000,0.0,0.0
2002-07-18 00:00:00-04:00,11.449999809265137,11.5,10.260000228881836,10.5,27000,0.0,0.0
2002-07-19 00:00:00-04:00,10.40999984741211,10.59000015258789,8.760000228881836,10.489999771118164,192900,0.0,0.0
2002-07-22 00:00:00-04:00,10.149999618530273,10.800000190734863,10.0,10.449999809265137,70600,0.0,0.0
2002-07-23 00:00:00-04:00,10.539999961853027,10.539999961853027,8.130000114440918,8.3100004196167,142700,0.0,0.0
2002-07-24 00:00:00-04:00,8.149999618530273,8.449999809265137,6.349999904632568,7.449999809265137,399800,0.0,0.0
2002-07-25 00:00:00-04:00,7.510000228881836,7.510000228881836,6.900000095367432,7.150000095367432,145000,0.0,0.0
2002-07-26 00:00:00-04:00,7.260000228881836,8.640000343322754,7.099999904632568,8.329999923706055,129500,0.0,0.0
2002-07-29 00:00:00-04:00,8.59000015258789,10.100000381469727,8.09000015258789,9.890000343322754,100500,0.0,0.0
2002-07-30 00:00:00-04:00,11.760000228881836,11.760000228881836,9.949999809265137,10.350000381469727,97100,0.0,0.0
2002-07-31 00:00:00-04:00,10.489999771118164,10.489999771118164,8.75,8.789999961853027,84000,0.0,0.0
2002-08-01 00:00:00-04:00,8.960000038146973,9.430000305175781,8.710000038146973,9.010000228881836,38600,0.0,0.0
2002-08-02 00:00:00-04:00,9.119999885559082,9.800000190734863,8.470000267028809,8.75,46800,0.0,0.0
2002-08-05 00:00:00-04:00,8.890000343322754,9.079999923706055,8.0,8.0,71200,0.0,0.0
2002-08-06 00:00:00-04:00,8.199999809265137,9.180000305175781,8.0,8.420000076293945,58900,0.0,0.0
2002-08-07 00:00:00-04:00,8.449999809265137,8.449999809265137,7.820000171661377,7.980000019073486,47400,0.0,0.0
2002-08-08 00:00:00-04:00,8.09000015258789,8.600000381469727,7.929999828338623,8.529999732971191,38700,0.0,0.0
2002-08-09 00:00:00-04:00,8.550000190734863,9.720000267028809,8.25,9.489999771118164,38200,0.0,0.0
2002-08-12 00:00:00-04:00,9.0600004196167,9.199999809265137,8.800000190734863,9.020000457763672,16200,0.0,0.0
2002-08-13 00:00:00-04:00,9.199999809265137,9.350000381469727,8.770000457763672,9.050000190734863,25000,0.0,0.0
2002-08-14 00:00:00-04:00,9.050000190734863,9.25,8.770000457763672,9.25,16500,0.0,0.0
2002-08-15 00:00:00-04:00,9.229999542236328,10.0,9.050000190734863,9.380000114440918,27900,0.0,0.0
2002-08-16 00:00:00-04:00,9.420000076293945,9.850000381469727,9.069999694824219,9.600000381469727,18900,0.0,0.0
2002-08-19 00:00:00-04:00,9.800000190734863,10.100000381469727,9.260000228881836,9.800000190734863,32300,0.0,0.0
2002-08-20 00:00:00-04:00,9.930000305175781,10.100000381469727,9.75,10.0,15000,0.0,0.0
2002-08-21 00:00:00-04:00,10.25,11.0,10.0,10.869999885559082,87100,0.0,0.0
2002-08-22 00:00:00-04:00,11.0,12.149999618530273,10.729999542236328,11.350000381469727,85100,0.0,0.0
2002-08-23 00:00:00-04:00,11.649999618530273,11.84000015258789,9.75,10.350000381469727,34400,0.0,0.0
2002-08-26 00:00:00-04:00,10.0,10.25,9.5600004196167,9.9399995803833,33700,0.0,0.0
2002-08-27 00:00:00-04:00,10.0,10.0,9.5600004196167,9.609999656677246,21300,0.0,0.0
2002-08-28 00:00:00-04:00,9.600000381469727,10.0,9.5,9.5,17400,0.0,0.0
2002-08-29 00:00:00-04:00,9.6899995803833,9.850000381469727,9.5,9.539999961853027,21900,0.0,0.0
2002-08-30 00:00:00-04:00,9.460000038146973,9.8100004196167,9.399999618530273,9.399999618530273,14200,0.0,0.0
2002-09-03 00:00:00-04:00,9.449999809265137,9.699999809265137,8.649999618530273,8.800000190734863,37400,0.0,0.0
2002-09-04 00:00:00-04:00,8.8100004196167,9.329999923706055,8.779999732971191,9.329999923706055,14000,0.0,0.0
2002-09-05 00:00:00-04:00,9.210000038146973,10.0,9.079999923706055,9.649999618530273,35600,0.0,0.0
2002-09-06 00:00:00-04:00,10.0,10.0,9.649999618530273,9.949999809265137,16300,0.0,0.0
2002-09-09 00:00:00-04:00,9.930000305175781,9.949999809265137,9.600000381469727,9.600000381469727,12300,0.0,0.0
2002-09-10 00:00:00-04:00,9.850000381469727,9.899999618530273,9.279999732971191,9.289999961853027,15900,0.0,0.0
2002-09-11 00:00:00-04:00,9.149999618530273,9.359999656677246,8.930000305175781,8.930000305175781,16700,0.0,0.0
2002-09-12 00:00:00-04:00,9.170000076293945,9.3100004196167,8.869999885559082,9.050000190734863,20100,0.0,0.0
2002-09-13 00:00:00-04:00,9.0,9.09000015258789,8.949999809265137,8.989999771118164,24200,0.0,0.0
2002-09-16 00:00:00-04:00,8.649999618530273,8.970000267028809,8.619999885559082,8.930000305175781,15100,0.0,0.0
2002-09-17 00:00:00-04:00,9.149999618530273,9.380000114440918,8.899999618530273,9.029999732971191,7200,0.0,0.0
2002-09-18 00:00:00-04:00,9.050000190734863,9.109999656677246,8.760000228881836,8.970000267028809,11200,0.0,0.0
2002-09-19 00:00:00-04:00,8.960000038146973,8.960000038146973,8.640000343322754,8.739999771118164,23800,0.0,0.0
2002-09-20 00:00:00-04:00,9.5,9.5,8.850000381469727,8.949999809265137,47300,0.0,0.0
2002-09-23 00:00:00-04:00,9.0600004196167,9.140000343322754,8.520000457763672,8.739999771118164,25100,0.0,0.0
2002-09-24 00:00:00-04:00,8.699999809265137,8.699999809265137,8.279999732971191,8.640000343322754,24700,0.0,0.0
2002-09-25 00:00:00-04:00,8.640000343322754,9.0,8.170000076293945,8.350000381469727,29500,0.0,0.0
2002-09-26 00:00:00-04:00,8.210000038146973,8.979999542236328,8.180000305175781,8.75,16400,0.0,0.0
2002-09-27 00:00:00-04:00,8.729999542236328,9.0,8.680000305175781,8.890000343322754,20800,0.0,0.0
2002-09-30 00:00:00-04:00,8.600000381469727,8.989999771118164,8.350000381469727,8.960000038146973,14200,0.0,0.0
2002-10-01 00:00:00-04:00,8.770000457763672,9.300000190734863,8.390000343322754,9.25,19900,0.0,0.0
2002-10-02 00:00:00-04:00,8.869999885559082,9.510000228881836,8.34000015258789,8.479999542236328,33400,0.0,0.0
2002-10-03 00:00:00-04:00,8.8100004196167,9.569999694824219,8.34000015258789,9.569999694824219,46900,0.0,0.0
2002-10-04 00:00:00-04:00,9.579999923706055,9.850000381469727,9.399999618530273,9.779999732971191,49600,0.0,0.0
2002-10-07 00:00:00-04:00,9.800000190734863,9.880000114440918,9.300000190734863,9.420000076293945,34200,0.0,0.0
2002-10-08 00:00:00-04:00,9.3100004196167,9.59000015258789,9.039999961853027,9.229999542236328,15800,0.0,0.0
2002-10-09 00:00:00-04:00,9.220000267028809,9.329999923706055,8.5,8.850000381469727,47800,0.0,0.0
2002-10-10 00:00:00-04:00,8.760000228881836,9.350000381469727,8.699999809265137,9.039999961853027,28200,0.0,0.0
2002-10-11 00:00:00-04:00,8.75,9.800000190734863,8.75,9.369999885559082,24900,0.0,0.0
2002-10-14 00:00:00-04:00,9.270000457763672,9.670000076293945,9.170000076293945,9.25,7200,0.0,0.0
2002-10-15 00:00:00-04:00,9.460000038146973,9.569999694824219,9.199999809265137,9.279999732971191,22500,0.0,0.0
2002-10-16 00:00:00-04:00,9.050000190734863,9.289999961853027,8.989999771118164,9.09000015258789,14000,0.0,0.0
2002-10-17 00:00:00-04:00,9.100000381469727,9.449999809265137,8.789999961853027,9.34000015258789,23700,0.0,0.0
2002-10-18 00:00:00-04:00,9.399999618530273,9.850000381469727,9.380000114440918,9.75,20400,0.0,0.0
2002-10-21 00:00:00-04:00,9.640000343322754,10.350000381469727,9.640000343322754,10.350000381469727,15300,0.0,0.0
2002-10-22 00:00:00-04:00,10.140000343322754,10.619999885559082,10.130000114440918,10.460000038146973,28800,0.0,0.0
2002-10-23 00:00:00-04:00,10.75,10.800000190734863,10.649999618530273,10.800000190734863,26500,0.0,0.0
2002-10-24 00:00:00-04:00,10.850000381469727,11.5,10.850000381469727,11.010000228881836,38300,0.0,0.0
2002-10-25 00:00:00-04:00,11.390000343322754,11.390000343322754,11.020000457763672,11.170000076293945,32100,0.0,0.0
2002-10-28 00:00:00-05:00,11.170000076293945,11.760000228881836,11.050000190734863,11.229999542236328,34200,0.0,0.0
2002-10-29 00:00:00-05:00,11.6899995803833,11.6899995803833,10.710000038146973,11.079999923706055,14000,0.0,0.0
2002-10-30 00:00:00-05:00,11.029999732971191,11.029999732971191,10.5,10.600000381469727,27100,0.0,0.0
2002-10-31 00:00:00-05:00,10.489999771118164,10.489999771118164,9.899999618530273,9.970000267028809,16900,0.0,0.0
2002-11-01 00:00:00-05:00,9.970000267028809,10.5,9.899999618530273,10.5,12300,0.0,0.0
2002-11-04 00:00:00-05:00,10.489999771118164,10.800000190734863,10.40999984741211,10.729999542236328,13000,0.0,0.0
2002-11-05 00:00:00-05:00,10.890000343322754,10.989999771118164,10.460000038146973,10.5,18000,0.0,0.0
2002-11-06 00:00:00-05:00,10.319999694824219,10.789999961853027,10.319999694824219,10.699999809265137,11600,0.0,0.0
2002-11-07 00:00:00-05:00,10.569999694824219,10.600000381469727,10.279999732971191,10.279999732971191,10400,0.0,0.0
2002-11-08 00:00:00-05:00,10.470000267028809,11.0,10.260000228881836,10.430000305175781,13800,0.0,0.0
2002-11-11 00:00:00-05:00,10.300000190734863,10.399999618530273,9.979999542236328,9.989999771118164,15800,0.0,0.0
2002-11-12 00:00:00-05:00,10.100000381469727,10.479999542236328,10.100000381469727,10.25,11700,0.0,0.0
2002-11-13 00:00:00-05:00,10.109999656677246,10.300000190734863,10.0,10.109999656677246,20500,0.0,0.0
2002-11-14 00:00:00-05:00,10.109999656677246,10.989999771118164,10.039999961853027,10.720000267028809,36100,0.0,0.0
2002-11-15 00:00:00-05:00,10.699999809265137,10.949999809265137,10.670000076293945,10.800000190734863,16100,0.0,0.0
2002-11-18 00:00:00-05:00,10.680000305175781,10.9399995803833,10.260000228881836,10.520000457763672,8000,0.0,0.0
2002-11-19 00:00:00-05:00,10.25,10.5600004196167,9.970000267028809,9.989999771118164,12000,0.0,0.0
2002-11-20 00:00:00-05:00,10.279999732971191,10.489999771118164,9.699999809265137,10.430000305175781,28300,0.0,0.0
2002-11-21 00:00:00-05:00,10.109999656677246,10.4399995803833,10.0,10.3100004196167,14100,0.0,0.0
2002-11-22 00:00:00-05:00,10.0,10.229999542236328,10.0,10.180000305175781,21300,0.0,0.0
2002-11-25 00:00:00-05:00,10.029999732971191,10.170000076293945,9.850000381469727,10.0,33600,0.0,0.0
2002-11-26 00:00:00-05:00,9.989999771118164,10.039999961853027,9.710000038146973,9.800000190734863,22600,0.0,0.0
2002-11-27 00:00:00-05:00,9.960000038146973,11.0,9.960000038146973,10.829999923706055,55500,0.0,0.0
2002-11-29 00:00:00-05:00,10.819999694824219,11.0,10.399999618530273,10.550000190734863,16700,0.0,0.0
2002-12-02 00:00:00-05:00,10.270000457763672,10.850000381469727,10.020000457763672,10.079999923706055,28600,0.0,0.0
2002-12-03 00:00:00-05:00,10.569999694824219,10.569999694824219,9.970000267028809,10.25,23100,0.0,0.0
2002-12-04 00:00:00-05:00,10.229999542236328,10.5,9.770000457763672,10.069999694824219,11900,0.0,0.0
2002-12-05 00:00:00-05:00,10.199999809265137,10.199999809265137,9.84000015258789,10.0,7700,0.0,0.0
2002-12-06 00:00:00-05:00,9.899999618530273,10.100000381469727,9.899999618530273,9.90999984741211,16100,0.0,0.0
2002-12-09 00:00:00-05:00,9.890000343322754,10.0,9.640000343322754,9.649999618530273,10200,0.0,0.0
2002-12-10 00:00:00-05:00,9.609999656677246,9.699999809265137,9.010000228881836,9.109999656677246,22900,0.0,0.0
2002-12-11 00:00:00-05:00,9.029999732971191,9.329999923706055,9.029999732971191,9.25,14700,0.0,0.0
2002-12-12 00:00:00-05:00,9.180000305175781,9.4399995803833,9.149999618530273,9.210000038146973,8200,0.0,0.0
2002-12-13 00:00:00-05:00,9.079999923706055,9.420000076293945,9.050000190734863,9.050000190734863,12600,0.0,0.0
2002-12-16 00:00:00-05:00,9.039999961853027,9.180000305175781,8.529999732971191,8.989999771118164,42900,0.0,0.0
2002-12-17 00:00:00-05:00,8.5,9.649999618530273,8.5,9.430000305175781,30300,0.0,0.0
2002-12-18 00:00:00-05:00,9.010000228881836,9.649999618530273,8.8100004196167,9.15999984741211,24800,0.0,0.0
2002-12-19 00:00:00-05:00,9.010000228881836,9.539999961853027,8.760000228881836,9.199999809265137,8900,0.0,0.0
2002-12-20 00:00:00-05:00,9.350000381469727,9.350000381469727,8.819999694824219,9.319999694824219,25200,0.0,0.0
2002-12-23 00:00:00-05:00,9.319999694824219,9.5,9.15999984741211,9.25,14300,0.0,0.0
2002-12-24 00:00:00-05:00,9.25,9.5,8.949999809265137,9.210000038146973,12100,0.0,0.0
2002-12-26 00:00:00-05:00,8.899999618530273,9.220000267028809,8.760000228881836,9.130000114440918,10200,0.0,0.0
2002-12-27 00:00:00-05:00,8.90999984741211,9.130000114440918,8.5,9.029999732971191,20100,0.0,0.0
2002-12-30 00:00:00-05:00,8.529999732971191,8.75,7.809999942779541,8.319999694824219,65900,0.0,0.0
2002-12-31 00:00:00-05:00,8.350000381469727,8.479999542236328,8.100000381469727,8.34000015258789,40200,0.0,0.0
2003-01-02 00:00:00-05:00,8.359999656677246,9.140000343322754,8.210000038146973,9.140000343322754,33300,0.0,0.0
2003-01-03 00:00:00-05:00,9.199999809265137,9.510000228881836,8.949999809265137,9.149999618530273,22100,0.0,0.0
2003-01-06 00:00:00-05:00,9.5,9.5,9.369999885559082,9.399999618530273,12400,0.0,0.0
2003-01-07 00:00:00-05:00,8.010000228881836,9.0,8.010000228881836,8.920000076293945,53100,0.0,0.0
2003-01-08 00:00:00-05:00,8.399999618530273,8.600000381469727,8.260000228881836,8.399999618530273,83800,0.0,0.0
2003-01-09 00:00:00-05:00,8.430000305175781,8.75,8.430000305175781,8.619999885559082,14800,0.0,0.0
2003-01-10 00:00:00-05:00,8.75,8.75,8.239999771118164,8.600000381469727,16800,0.0,0.0
2003-01-13 00:00:00-05:00,8.430000305175781,8.449999809265137,8.210000038146973,8.260000228881836,18600,0.0,0.0
2003-01-14 00:00:00-05:00,8.34000015258789,8.390000343322754,8.25,8.34000015258789,11800,0.0,0.0
2003-01-15 00:00:00-05:00,8.25,8.600000381469727,8.100000381469727,8.100000381469727,16000,0.0,0.0
2003-01-16 00:00:00-05:00,8.140000343322754,8.25,7.610000133514404,7.71999979019165,48000,0.0,0.0
2003-01-17 00:00:00-05:00,7.630000114440918,8.069999694824219,7.159999847412109,7.559999942779541,52300,0.0,0.0
2003-01-21 00:00:00-05:00,7.510000228881836,7.630000114440918,7.070000171661377,7.260000228881836,21100,0.0,0.0
2003-01-22 00:00:00-05:00,7.400000095367432,7.400000095367432,7.019999980926514,7.269999980926514,19100,0.0,0.0
2003-01-23 00:00:00-05:00,7.119999885559082,7.550000190734863,7.070000171661377,7.539999961853027,16000,0.0,0.0
2003-01-24 00:00:00-05:00,7.5,7.610000133514404,7.25,7.400000095367432,18000,0.0,0.0
2003-01-27 00:00:00-05:00,7.429999828338623,7.550000190734863,7.360000133514404,7.539999961853027,15400,0.0,0.0
2003-01-28 00:00:00-05:00,7.099999904632568,7.639999866485596,7.099999904632568,7.5,29700,0.0,0.0
2003-01-29 00:00:00-05:00,7.420000076293945,7.420000076293945,7.110000133514404,7.199999809265137,46900,0.0,0.0
2003-01-30 00:00:00-05:00,7.050000190734863,7.489999771118164,7.050000190734863,7.190000057220459,31800,0.0,0.0
2003-01-31 00:00:00-05:00,7.090000152587891,7.420000076293945,7.090000152587891,7.340000152587891,16100,0.0,0.0
2003-02-03 00:00:00-05:00,7.420000076293945,7.420000076293945,7.110000133514404,7.119999885559082,21900,0.0,0.0
2003-02-04 00:00:00-05:00,7.179999828338623,7.179999828338623,6.519999980926514,6.599999904632568,67600,0.0,0.0
2003-02-05 00:00:00-05:00,6.610000133514404,7.190000057220459,6.610000133514404,7.059999942779541,33200,0.0,0.0
2003-02-06 00:00:00-05:00,7.059999942779541,7.099999904632568,6.909999847412109,6.949999809265137,28400,0.0,0.0
2003-02-07 00:00:00-05:00,6.900000095367432,7.25,6.900000095367432,7.0,25000,0.0,0.0
2003-02-10 00:00:00-05:00,7.019999980926514,7.019999980926514,6.75,6.989999771118164,24200,0.0,0.0
2003-02-11 00:00:00-05:00,6.980000019073486,7.190000057220459,6.78000020980835,6.989999771118164,31500,0.0,0.0
2003-02-12 00:00:00-05:00,7.019999980926514,7.019999980926514,6.849999904632568,6.849999904632568,16200,0.0,0.0
2003-02-13 00:00:00-05:00,6.849999904632568,6.929999828338623,6.710000038146973,6.840000152587891,14700,0.0,0.0
2003-02-14 00:00:00-05:00,6.940000057220459,6.980000019073486,6.860000133514404,6.889999866485596,8300,0.0,0.0
2003-02-18 00:00:00-05:00,6.929999828338623,7.28000020980835,6.909999847412109,7.190000057220459,43600,0.0,0.0
2003-02-19 00:00:00-05:00,7.360000133514404,7.360000133514404,7.199999809265137,7.21999979019165,17200,0.0,0.0
2003-02-20 00:00:00-05:00,7.239999771118164,7.309999942779541,7.119999885559082,7.159999847412109,58100,0.0,0.0
2003-02-21 00:00:00-05:00,7.199999809265137,7.389999866485596,7.170000076293945,7.25,21200,0.0,0.0
2003-02-24 00:00:00-05:00,7.400000095367432,7.400000095367432,6.989999771118164,7.050000190734863,17800,0.0,0.0
2003-02-25 00:00:00-05:00,7.0,7.130000114440918,6.860000133514404,7.03000020980835,13900,0.0,0.0
2003-02-26 00:00:00-05:00,7.03000020980835,7.190000057220459,6.75,6.760000228881836,31300,0.0,0.0
2003-02-27 00:00:00-05:00,6.800000190734863,6.989999771118164,6.75,6.789999961853027,9200,0.0,0.0
2003-02-28 00:00:00-05:00,6.949999809265137,6.960000038146973,6.550000190734863,6.699999809265137,34000,0.0,0.0
2003-03-03 00:00:00-05:00,6.769999980926514,6.769999980926514,5.25,6.03000020980835,115900,0.0,0.0
2003-03-04 00:00:00-05:00,5.840000152587891,6.159999847412109,5.349999904632568,5.510000228881836,59600,0.0,0.0
2003-03-05 00:00:00-05:00,5.349999904632568,6.159999847412109,5.260000228881836,5.900000095367432,97300,0.0,0.0
2003-03-06 00:00:00-05:00,5.900000095367432,5.980000019073486,5.25,5.429999828338623,57100,0.0,0.0
2003-03-07 00:00:00-05:00,5.360000133514404,5.630000114440918,5.360000133514404,5.389999866485596,58700,0.0,0.0
2003-03-10 00:00:00-05:00,5.349999904632568,5.349999904632568,4.860000133514404,4.929999828338623,63400,0.0,0.0
2003-03-11 00:00:00-05:00,4.940000057220459,4.96999979019165,4.28000020980835,4.75,70800,0.0,0.0
2003-03-12 00:00:00-05:00,4.53000020980835,4.849999904632568,4.400000095367432,4.550000190734863,71400,0.0,0.0
2003-03-13 00:00:00-05:00,4.579999923706055,4.800000190734863,4.429999828338623,4.789999961853027,55000,0.0,0.0
2003-03-14 00:00:00-05:00,4.800000190734863,4.869999885559082,4.699999809265137,4.760000228881836,41000,0.0,0.0
2003-03-17 00:00:00-05:00,4.789999961853027,5.519999980926514,4.699999809265137,5.309999942779541,61700,0.0,0.0
2003-03-18 00:00:00-05:00,5.309999942779541,6.190000057220459,5.309999942779541,5.5,63200,0.0,0.0
2003-03-19 00:00:00-05:00,5.730000019073486,5.869999885559082,5.599999904632568,5.659999847412109,30600,0.0,0.0
2003-03-20 00:00:00-05:00,5.610000133514404,6.179999828338623,5.610000133514404,5.840000152587891,47900,0.0,0.0
2003-03-21 00:00:00-05:00,6.210000038146973,6.28000020980835,5.900000095367432,5.949999809265137,51900,0.0,0.0
2003-03-24 00:00:00-05:00,5.880000114440918,5.909999847412109,5.559999942779541,5.559999942779541,18500,0.0,0.0
2003-03-25 00:00:00-05:00,5.989999771118164,6.039999961853027,5.760000228881836,6.019999980926514,20600,0.0,0.0
2003-03-26 00:00:00-05:00,6.099999904632568,6.639999866485596,5.940000057220459,6.46999979019165,73200,0.0,0.0
2003-03-27 00:00:00-05:00,6.519999980926514,7.989999771118164,6.260000228881836,7.460000038146973,106500,0.0,0.0
2003-03-28 00:00:00-05:00,7.5,7.96999979019165,7.5,7.75,61600,0.0,0.0
2003-03-31 00:00:00-05:00,7.849999904632568,7.849999904632568,6.920000076293945,7.199999809265137,61800,0.0,0.0
2003-04-01 00:00:00-05:00,7.079999923706055,7.269999980926514,6.510000228881836,6.769999980926514,56400,0.0,0.0
2003-04-02 00:00:00-05:00,6.829999923706055,7.900000095367432,6.829999923706055,7.25,56000,0.0,0.0
2003-04-03 00:00:00-05:00,7.429999828338623,7.429999828338623,7.110000133514404,7.179999828338623,12300,0.0,0.0
2003-04-04 00:00:00-05:00,7.190000057220459,7.449999809265137,7.190000057220459,7.239999771118164,23200,0.0,0.0
2003-04-07 00:00:00-04:00,7.5,7.5,6.949999809265137,6.949999809265137,32300,0.0,0.0
2003-04-08 00:00:00-04:00,6.949999809265137,7.050000190734863,6.730000019073486,6.880000114440918,22200,0.0,0.0
2003-04-09 00:00:00-04:00,6.760000228881836,6.929999828338623,6.760000228881836,6.800000190734863,13300,0.0,0.0
2003-04-10 00:00:00-04:00,6.800000190734863,6.96999979019165,6.760000228881836,6.929999828338623,13000,0.0,0.0
2003-04-11 00:00:00-04:00,6.909999847412109,6.909999847412109,5.820000171661377,6.329999923706055,76300,0.0,0.0
2003-04-14 00:00:00-04:00,6.289999961853027,6.380000114440918,6.130000114440918,6.179999828338623,23000,0.0,0.0
2003-04-15 00:00:00-04:00,6.320000171661377,6.480000019073486,6.079999923706055,6.190000057220459,15300,0.0,0.0
2003-04-16 00:00:00-04:00,5.840000152587891,6.710000038146973,5.840000152587891,6.53000020980835,27700,0.0,0.0
2003-04-17 00:00:00-04:00,6.679999828338623,6.699999809265137,6.349999904632568,6.5,21200,0.0,0.0
2003-04-21 00:00:00-04:00,6.400000095367432,6.630000114440918,6.150000095367432,6.239999771118164,50100,0.0,0.0
2003-04-22 00:00:00-04:00,6.159999847412109,6.550000190734863,6.050000190734863,6.5,64400,0.0,0.0
2003-04-23 00:00:00-04:00,6.46999979019165,6.510000228881836,6.170000076293945,6.420000076293945,35700,0.0,0.0
2003-04-24 00:00:00-04:00,6.389999866485596,6.599999904632568,6.269999980926514,6.510000228881836,27900,0.0,0.0
2003-04-25 00:00:00-04:00,6.5,6.599999904632568,6.349999904632568,6.349999904632568,57700,0.0,0.0
2003-04-28 00:00:00-04:00,6.519999980926514,6.900000095367432,6.400000095367432,6.800000190734863,55700,0.0,0.0
2003-04-29 00:00:00-04:00,6.900000095367432,7.929999828338623,6.800000190734863,7.130000114440918,84100,0.0,0.0
2003-04-30 00:00:00-04:00,7.239999771118164,7.420000076293945,7.090000152587891,7.090000152587891,36400,0.0,0.0
2003-05-01 00:00:00-04:00,7.050000190734863,7.150000095367432,6.800000190734863,6.96999979019165,22600,0.0,0.0
2003-05-02 00:00:00-04:00,6.980000019073486,7.25,6.860000133514404,7.25,34900,0.0,0.0
2003-05-05 00:00:00-04:00,7.159999847412109,7.610000133514404,7.070000171661377,7.369999885559082,39400,0.0,0.0
2003-05-06 00:00:00-04:00,7.599999904632568,8.720000267028809,7.389999866485596,8.069999694824219,99600,0.0,0.0
2003-05-07 00:00:00-04:00,8.5,10.9399995803833,8.140000343322754,9.899999618530273,182600,0.0,0.0
2003-05-08 00:00:00-04:00,9.720000267028809,9.899999618530273,9.15999984741211,9.489999771118164,53200,0.0,0.0
2003-05-09 00:00:00-04:00,9.399999618530273,10.0,8.8100004196167,9.979999542236328,59100,0.0,0.0
2003-05-12 00:00:00-04:00,10.09000015258789,10.850000381469727,9.729999542236328,10.420000076293945,79100,0.0,0.0
2003-05-13 00:00:00-04:00,10.170000076293945,10.6899995803833,9.760000228881836,10.050000190734863,38200,0.0,0.0
2003-05-14 00:00:00-04:00,10.050000190734863,10.149999618530273,9.4399995803833,9.600000381469727,65700,0.0,0.0
2003-05-15 00:00:00-04:00,9.4399995803833,9.5,8.569999694824219,8.699999809265137,61000,0.0,0.0
2003-05-16 00:00:00-04:00,8.479999542236328,8.729999542236328,7.75,8.5,93800,0.0,0.0
2003-05-19 00:00:00-04:00,8.739999771118164,9.3100004196167,8.449999809265137,8.630000114440918,62600,0.0,0.0
2003-05-20 00:00:00-04:00,8.90999984741211,8.90999984741211,8.220000267028809,8.390000343322754,36700,0.0,0.0
2003-05-21 00:00:00-04:00,8.600000381469727,8.949999809265137,8.260000228881836,8.9399995803833,33300,0.0,0.0
2003-05-22 00:00:00-04:00,8.9399995803833,9.600000381469727,8.699999809265137,9.550000190734863,55100,0.0,0.0
2003-05-23 00:00:00-04:00,9.550000190734863,10.25,9.539999961853027,9.949999809265137,51500,0.0,0.0
2003-05-27 00:00:00-04:00,10.199999809265137,10.600000381469727,10.15999984741211,10.34000015258789,51000,0.0,0.0
2003-05-28 00:00:00-04:00,10.180000305175781,11.0,10.180000305175781,10.899999618530273,61200,0.0,0.0
2003-05-29 00:00:00-04:00,10.65999984741211,11.600000381469727,10.65999984741211,11.5,78700,0.0,0.0
2003-05-30 00:00:00-04:00,11.489999771118164,11.680000305175781,11.25,11.449999809265137,68600,0.0,0.0
2003-06-02 00:00:00-04:00,11.399999618530273,11.449999809265137,10.5,10.890000343322754,58000,0.0,0.0
2003-06-03 00:00:00-04:00,10.5600004196167,11.079999923706055,10.5600004196167,11.0,30700,0.0,0.0
2003-06-04 00:00:00-04:00,10.850000381469727,11.050000190734863,10.760000228881836,10.779999732971191,18100,0.0,0.0
2003-06-05 00:00:00-04:00,10.710000038146973,11.029999732971191,10.710000038146973,11.0,37300,0.0,0.0
2003-06-06 00:00:00-04:00,11.0,11.979999542236328,10.800000190734863,11.270000457763672,60400,0.0,0.0
2003-06-09 00:00:00-04:00,11.199999809265137,12.890000343322754,11.199999809265137,12.399999618530273,91000,0.0,0.0
2003-06-10 00:00:00-04:00,12.520000457763672,13.850000381469727,12.420000076293945,12.649999618530273,197900,0.0,0.0
2003-06-11 00:00:00-04:00,12.699999809265137,13.0,12.619999885559082,12.649999618530273,38300,0.0,0.0
2003-06-12 00:00:00-04:00,12.449999809265137,12.819999694824219,11.630000114440918,11.829999923706055,63800,0.0,0.0
2003-06-13 00:00:00-04:00,11.880000114440918,11.880000114440918,11.010000228881836,11.380000114440918,66500,0.0,0.0
2003-06-16 00:00:00-04:00,11.3100004196167,11.619999885559082,11.220000267028809,11.350000381469727,33900,0.0,0.0
2003-06-17 00:00:00-04:00,11.220000267028809,11.800000190734863,10.550000190734863,11.800000190734863,117100,0.0,0.0
2003-06-18 00:00:00-04:00,11.789999961853027,12.819999694824219,11.789999961853027,12.729999542236328,58500,0.0,0.0
2003-06-19 00:00:00-04:00,12.729999542236328,12.949999809265137,12.399999618530273,12.6899995803833,48400,0.0,0.0
2003-06-20 00:00:00-04:00,12.550000190734863,12.739999771118164,12.029999732971191,12.600000381469727,26600,0.0,0.0
2003-06-23 00:00:00-04:00,12.1899995803833,12.729999542236328,11.649999618530273,11.699999809265137,44200,0.0,0.0
2003-06-24 00:00:00-04:00,11.819999694824219,12.3100004196167,11.75,11.75,48800,0.0,0.0
2003-06-25 00:00:00-04:00,11.949999809265137,12.619999885559082,11.800000190734863,12.069999694824219,62900,0.0,0.0
2003-06-26 00:00:00-04:00,12.470000267028809,12.979999542236328,11.65999984741211,12.890000343322754,75700,0.0,0.0
2003-06-27 00:00:00-04:00,12.550000190734863,13.489999771118164,12.550000190734863,13.399999618530273,58300,0.0,0.0
2003-06-30 00:00:00-04:00,13.350000381469727,14.09000015258789,13.050000190734863,13.979999542236328,100800,0.0,0.0
2003-07-01 00:00:00-04:00,14.0,15.770000457763672,13.270000457763672,15.770000457763672,155900,0.0,0.0
2003-07-02 00:00:00-04:00,16.270000457763672,17.200000762939453,15.010000228881836,15.119999885559082,248700,0.0,0.0
2003-07-03 00:00:00-04:00,15.109999656677246,15.5,14.300000190734863,15.5,91900,0.0,0.0
2003-07-07 00:00:00-04:00,15.84000015258789,16.06999969482422,15.050000190734863,15.989999771118164,77000,0.0,0.0
2003-07-08 00:00:00-04:00,15.149999618530273,16.18000030517578,15.109999656677246,15.890000343322754,66800,0.0,0.0
2003-07-09 00:00:00-04:00,15.899999618530273,16.0,15.270000457763672,16.0,46800,0.0,0.0
2003-07-10 00:00:00-04:00,15.489999771118164,15.970000267028809,15.239999771118164,15.649999618530273,47700,0.0,0.0
2003-07-11 00:00:00-04:00,15.600000381469727,15.789999961853027,15.270000457763672,15.680000305175781,29100,0.0,0.0
2003-07-14 00:00:00-04:00,15.770000457763672,16.0,15.319999694824219,15.460000038146973,74000,0.0,0.0
2003-07-15 00:00:00-04:00,15.399999618530273,15.449999809265137,14.25,15.149999618530273,111300,0.0,0.0
2003-07-16 00:00:00-04:00,15.130000114440918,15.359999656677246,13.520000457763672,14.010000228881836,79700,0.0,0.0
2003-07-17 00:00:00-04:00,13.800000190734863,13.989999771118164,12.920000076293945,13.039999961853027,83800,0.0,0.0
2003-07-18 00:00:00-04:00,13.010000228881836,13.84000015258789,12.850000381469727,13.680000305175781,46300,0.0,0.0
2003-07-21 00:00:00-04:00,13.449999809265137,14.449999809265137,13.199999809265137,14.210000038146973,61900,0.0,0.0
2003-07-22 00:00:00-04:00,15.609999656677246,15.789999961853027,13.5,13.600000381469727,65300,0.0,0.0
2003-07-23 00:00:00-04:00,13.600000381469727,13.869999885559082,13.520000457763672,13.850000381469727,24100,0.0,0.0
2003-07-24 00:00:00-04:00,13.960000038146973,14.300000190734863,13.619999885559082,14.199999809265137,24500,0.0,0.0
2003-07-25 00:00:00-04:00,13.960000038146973,14.199999809265137,13.670000076293945,13.829999923706055,21100,0.0,0.0
2003-07-28 00:00:00-04:00,14.069999694824219,14.25,13.84000015258789,14.1899995803833,29000,0.0,0.0
2003-07-29 00:00:00-04:00,14.100000381469727,14.239999771118164,13.850000381469727,14.09000015258789,18800,0.0,0.0
2003-07-30 00:00:00-04:00,14.180000305175781,14.180000305175781,13.0,13.680000305175781,15400,0.0,0.0
2003-07-31 00:00:00-04:00,13.710000038146973,13.970000267028809,13.34000015258789,13.59000015258789,22900,0.0,0.0
2003-08-01 00:00:00-04:00,13.390000343322754,13.5,12.270000457763672,12.420000076293945,57200,0.0,0.0
2003-08-04 00:00:00-04:00,12.90999984741211,12.920000076293945,11.180000305175781,12.890000343322754,117300,0.0,0.0
2003-08-05 00:00:00-04:00,12.890000343322754,13.289999961853027,12.699999809265137,13.050000190734863,29100,0.0,0.0
2003-08-06 00:00:00-04:00,13.100000381469727,13.279999732971191,12.760000228881836,13.25,44300,0.0,0.0
2003-08-07 00:00:00-04:00,13.0,13.5,12.5600004196167,13.5,25400,0.0,0.0
2003-08-08 00:00:00-04:00,13.289999961853027,13.539999961853027,12.510000228881836,12.979999542236328,10600,0.0,0.0
2003-08-11 00:00:00-04:00,13.399999618530273,13.399999618530273,12.699999809265137,12.899999618530273,19600,0.0,0.0
2003-08-12 00:00:00-04:00,12.649999618530273,12.899999618530273,12.319999694824219,12.890000343322754,16800,0.0,0.0
2003-08-13 00:00:00-04:00,12.880000114440918,12.9399995803833,12.40999984741211,12.600000381469727,16000,0.0,0.0
2003-08-14 00:00:00-04:00,12.850000381469727,12.850000381469727,12.279999732971191,12.5,21100,0.0,0.0
2003-08-15 00:00:00-04:00,12.3100004196167,12.5,12.300000190734863,12.449999809265137,9500,0.0,0.0
2003-08-18 00:00:00-04:00,11.899999618530273,13.0,11.899999618530273,12.949999809265137,21500,0.0,0.0
2003-08-19 00:00:00-04:00,13.0,13.210000038146973,12.539999961853027,12.710000038146973,27700,0.0,0.0
2003-08-20 00:00:00-04:00,12.84000015258789,13.100000381469727,12.5600004196167,12.789999961853027,19200,0.0,0.0
2003-08-21 00:00:00-04:00,13.0,13.09000015258789,12.789999961853027,12.890000343322754,12100,0.0,0.0
2003-08-22 00:00:00-04:00,12.800000190734863,13.039999961853027,12.100000381469727,12.25,30800,0.0,0.0
2003-08-25 00:00:00-04:00,12.5,12.5,11.819999694824219,11.84000015258789,14500,0.0,0.0
2003-08-26 00:00:00-04:00,11.6899995803833,12.0,11.09000015258789,11.619999885559082,42200,0.0,0.0
2003-08-27 00:00:00-04:00,11.800000190734863,12.319999694824219,11.399999618530273,11.699999809265137,27200,0.0,0.0
2003-08-28 00:00:00-04:00,11.960000038146973,12.350000381469727,11.640000343322754,12.109999656677246,29100,0.0,0.0
2003-08-29 00:00:00-04:00,11.989999771118164,12.09000015258789,11.260000228881836,11.579999923706055,26000,0.0,0.0
2003-09-02 00:00:00-04:00,11.350000381469727,12.699999809265137,11.350000381469727,12.699999809265137,28900,0.0,0.0
2003-09-03 00:00:00-04:00,12.800000190734863,12.819999694824219,11.699999809265137,11.800000190734863,30600,0.0,0.0
2003-09-04 00:00:00-04:00,11.949999809265137,12.479999542236328,11.949999809265137,12.449999809265137,30700,0.0,0.0
2003-09-05 00:00:00-04:00,12.4399995803833,12.5,11.59000015258789,12.0,32700,0.0,0.0
2003-09-08 00:00:00-04:00,11.75,12.699999809265137,11.75,11.800000190734863,25400,0.0,0.0
2003-09-09 00:00:00-04:00,11.789999961853027,12.0,11.489999771118164,11.699999809265137,20600,0.0,0.0
2003-09-10 00:00:00-04:00,11.380000114440918,11.760000228881836,11.319999694824219,11.649999618530273,38500,0.0,0.0
2003-09-11 00:00:00-04:00,11.420000076293945,11.699999809265137,11.260000228881836,11.390000343322754,15100,0.0,0.0
2003-09-12 00:00:00-04:00,11.550000190734863,14.489999771118164,11.520000457763672,13.800000190734863,193600,0.0,0.0
2003-09-15 00:00:00-04:00,14.649999618530273,15.399999618530273,14.199999809265137,14.220000267028809,199500,0.0,0.0
2003-09-16 00:00:00-04:00,15.0,15.0,13.5600004196167,13.569999694824219,69600,0.0,0.0
2003-09-17 00:00:00-04:00,14.050000190734863,14.050000190734863,12.930000305175781,12.970000267028809,33800,0.0,0.0
2003-09-18 00:00:00-04:00,13.149999618530273,13.399999618530273,12.9399995803833,12.9399995803833,43800,0.0,0.0
2003-09-19 00:00:00-04:00,13.399999618530273,13.40999984741211,12.949999809265137,13.300000190734863,24100,0.0,0.0
2003-09-22 00:00:00-04:00,12.970000267028809,13.180000305175781,12.119999885559082,12.420000076293945,39500,0.0,0.0
2003-09-23 00:00:00-04:00,12.5,13.449999809265137,12.399999618530273,12.75,25300,0.0,0.0
2003-09-24 00:00:00-04:00,12.489999771118164,13.149999618530273,12.489999771118164,12.90999984741211,38900,0.0,0.0
2003-09-25 00:00:00-04:00,13.15999984741211,13.15999984741211,12.0,12.010000228881836,72900,0.0,0.0
2003-09-26 00:00:00-04:00,12.260000228881836,12.3100004196167,11.1899995803833,11.600000381469727,66800,0.0,0.0
2003-09-29 00:00:00-04:00,11.449999809265137,12.050000190734863,11.359999656677246,11.779999732971191,44700,0.0,0.0
2003-09-30 00:00:00-04:00,11.949999809265137,11.949999809265137,11.1899995803833,11.470000267028809,35600,0.0,0.0
2003-10-01 00:00:00-04:00,11.710000038146973,12.369999885559082,11.399999618530273,12.369999885559082,38400,0.0,0.0
2003-10-02 00:00:00-04:00,12.390000343322754,12.390000343322754,11.619999885559082,12.130000114440918,14000,0.0,0.0
2003-10-03 00:00:00-04:00,12.199999809265137,12.600000381469727,12.199999809265137,12.420000076293945,21300,0.0,0.0
2003-10-06 00:00:00-04:00,12.640000343322754,12.65999984741211,12.039999961853027,12.279999732971191,7600,0.0,0.0
2003-10-07 00:00:00-04:00,12.079999923706055,12.199999809265137,11.609999656677246,12.1899995803833,35400,0.0,0.0
2003-10-08 00:00:00-04:00,12.539999961853027,12.539999961853027,11.529999732971191,11.680000305175781,31000,0.0,0.0
2003-10-09 00:00:00-04:00,11.5600004196167,12.25,11.5600004196167,11.6899995803833,32600,0.0,0.0
2003-10-10 00:00:00-04:00,11.670000076293945,11.829999923706055,11.369999885559082,11.4399995803833,29500,0.0,0.0
2003-10-13 00:00:00-04:00,11.350000381469727,12.029999732971191,11.350000381469727,11.84000015258789,20600,0.0,0.0
2003-10-14 00:00:00-04:00,11.609999656677246,12.050000190734863,11.529999732971191,12.050000190734863,18200,0.0,0.0
2003-10-15 00:00:00-04:00,11.989999771118164,11.989999771118164,11.510000228881836,11.600000381469727,3200,0.0,0.0
2003-10-16 00:00:00-04:00,11.5600004196167,11.899999618530273,11.5600004196167,11.899999618530273,8900,0.0,0.0
2003-10-17 00:00:00-04:00,11.680000305175781,11.899999618530273,11.350000381469727,11.350000381469727,16200,0.0,0.0
2003-10-20 00:00:00-04:00,11.359999656677246,11.949999809265137,11.359999656677246,11.550000190734863,13400,0.0,0.0
2003-10-21 00:00:00-04:00,11.630000114440918,11.75,11.149999618530273,11.319999694824219,37700,0.0,0.0
2003-10-22 00:00:00-04:00,11.149999618530273,11.390000343322754,10.5,10.850000381469727,78300,0.0,0.0
2003-10-23 00:00:00-04:00,10.800000190734863,11.079999923706055,10.5,10.539999961853027,35300,0.0,0.0
2003-10-24 00:00:00-04:00,10.649999618530273,10.90999984741211,10.539999961853027,10.75,34500,0.0,0.0
2003-10-27 00:00:00-05:00,10.75,11.109999656677246,10.5,10.5,32000,0.0,0.0
2003-10-28 00:00:00-05:00,10.430000305175781,10.75,10.260000228881836,10.550000190734863,28700,0.0,0.0
2003-10-29 00:00:00-05:00,10.550000190734863,10.75,10.119999885559082,10.390000343322754,35800,0.0,0.0
2003-10-30 00:00:00-05:00,10.380000114440918,10.949999809265137,10.359999656677246,10.510000228881836,36400,0.0,0.0
2003-10-31 00:00:00-05:00,10.300000190734863,10.869999885559082,10.300000190734863,10.5600004196167,17900,0.0,0.0
2003-11-03 00:00:00-05:00,10.449999809265137,10.930000305175781,10.40999984741211,10.489999771118164,21900,0.0,0.0
2003-11-04 00:00:00-05:00,10.510000228881836,10.770000457763672,9.949999809265137,9.949999809265137,62700,0.0,0.0
2003-11-05 00:00:00-05:00,9.890000343322754,10.15999984741211,9.84000015258789,10.100000381469727,41900,0.0,0.0
2003-11-06 00:00:00-05:00,10.170000076293945,10.1899995803833,9.960000038146973,10.039999961853027,8100,0.0,0.0
2003-11-07 00:00:00-05:00,10.050000190734863,10.079999923706055,9.770000457763672,9.90999984741211,35300,0.0,0.0
2003-11-10 00:00:00-05:00,9.699999809265137,9.989999771118164,9.100000381469727,9.199999809265137,68900,0.0,0.0
2003-11-11 00:00:00-05:00,9.149999618530273,9.5,9.010000228881836,9.390000343322754,42700,0.0,0.0
2003-11-12 00:00:00-05:00,9.130000114440918,9.8100004196167,9.130000114440918,9.8100004196167,31400,0.0,0.0
2003-11-13 00:00:00-05:00,9.520000457763672,9.84000015258789,9.4399995803833,9.670000076293945,12800,0.0,0.0
2003-11-14 00:00:00-05:00,9.829999923706055,9.899999618530273,9.180000305175781,9.350000381469727,30900,0.0,0.0
2003-11-17 00:00:00-05:00,9.029999732971191,9.460000038146973,8.329999923706055,9.220000267028809,50400,0.0,0.0
2003-11-18 00:00:00-05:00,8.8100004196167,9.5,8.8100004196167,9.010000228881836,26300,0.0,0.0
2003-11-19 00:00:00-05:00,8.800000190734863,9.420000076293945,8.75,9.420000076293945,16800,0.0,0.0
2003-11-20 00:00:00-05:00,9.25,9.479999542236328,9.0,9.199999809265137,16700,0.0,0.0
2003-11-21 00:00:00-05:00,9.75,9.75,9.069999694824219,9.079999923706055,19800,0.0,0.0
2003-11-24 00:00:00-05:00,8.989999771118164,9.5,8.989999771118164,9.329999923706055,25300,0.0,0.0
2003-11-25 00:00:00-05:00,9.25,9.5,9.25,9.449999809265137,16600,0.0,0.0
2003-11-26 00:00:00-05:00,9.5,9.5,9.15999984741211,9.449999809265137,6600,0.0,0.0
2003-11-28 00:00:00-05:00,9.239999771118164,9.600000381469727,9.239999771118164,9.40999984741211,10200,0.0,0.0
2003-12-01 00:00:00-05:00,9.470000267028809,10.319999694824219,9.3100004196167,10.25,61400,0.0,0.0
2003-12-02 00:00:00-05:00,10.449999809265137,10.949999809265137,10.229999542236328,10.600000381469727,45300,0.0,0.0
2003-12-03 00:00:00-05:00,10.949999809265137,10.949999809265137,9.630000114440918,9.800000190734863,41000,0.0,0.0
2003-12-04 00:00:00-05:00,9.649999618530273,9.989999771118164,9.149999618530273,9.460000038146973,28900,0.0,0.0
2003-12-05 00:00:00-05:00,9.260000228881836,9.489999771118164,9.0,9.130000114440918,38500,0.0,0.0
2003-12-08 00:00:00-05:00,9.149999618530273,9.25,8.699999809265137,9.239999771118164,31800,0.0,0.0
2003-12-09 00:00:00-05:00,8.989999771118164,9.199999809265137,8.800000190734863,8.829999923706055,32200,0.0,0.0
2003-12-10 00:00:00-05:00,9.34000015258789,9.34000015258789,8.8100004196167,9.0,17100,0.0,0.0
2003-12-11 00:00:00-05:00,9.1899995803833,9.649999618530273,8.989999771118164,9.399999618530273,18300,0.0,0.0
2003-12-12 00:00:00-05:00,9.079999923706055,9.470000267028809,9.079999923706055,9.100000381469727,18100,0.0,0.0
2003-12-15 00:00:00-05:00,9.5,10.300000190734863,9.130000114440918,9.130000114440918,47200,0.0,0.0
2003-12-16 00:00:00-05:00,8.770000457763672,9.800000190734863,8.770000457763672,9.800000190734863,44100,0.0,0.0
2003-12-17 00:00:00-05:00,10.3100004196167,10.3100004196167,9.800000190734863,10.0,38700,0.0,0.0
2003-12-18 00:00:00-05:00,9.680000305175781,9.920000076293945,9.5,9.829999923706055,16000,0.0,0.0
2003-12-19 00:00:00-05:00,10.149999618530273,10.1899995803833,9.520000457763672,9.960000038146973,32500,0.0,0.0
2003-12-22 00:00:00-05:00,9.550000190734863,9.84000015258789,9.260000228881836,9.800000190734863,32800,0.0,0.0
2003-12-23 00:00:00-05:00,9.5600004196167,9.899999618530273,9.300000190734863,9.699999809265137,26100,0.0,0.0
2003-12-24 00:00:00-05:00,9.300000190734863,9.90999984741211,9.25,9.25,24000,0.0,0.0
2003-12-26 00:00:00-05:00,9.0,9.600000381469727,8.890000343322754,9.449999809265137,27400,0.0,0.0
2003-12-29 00:00:00-05:00,9.550000190734863,9.65999984741211,9.199999809265137,9.300000190734863,75800,0.0,0.0
2003-12-30 00:00:00-05:00,8.90999984741211,9.489999771118164,8.90999984741211,9.239999771118164,34000,0.0,0.0
2003-12-31 00:00:00-05:00,9.010000228881836,9.300000190734863,9.010000228881836,9.289999961853027,52000,0.0,0.0
2004-01-02 00:00:00-05:00,9.399999618530273,9.5,9.260000228881836,9.380000114440918,16400,0.0,0.0
2004-01-05 00:00:00-05:00,9.399999618530273,9.399999618530273,9.220000267028809,9.359999656677246,21400,0.0,0.0
2004-01-06 00:00:00-05:00,9.300000190734863,9.399999618530273,9.050000190734863,9.050000190734863,110900,0.0,0.0
2004-01-07 00:00:00-05:00,9.300000190734863,9.300000190734863,8.899999618530273,9.0,51400,0.0,0.0
2004-01-08 00:00:00-05:00,9.100000381469727,9.5,9.0,9.270000457763672,36100,0.0,0.0
2004-01-09 00:00:00-05:00,9.260000228881836,9.489999771118164,9.109999656677246,9.220000267028809,32700,0.0,0.0
2004-01-12 00:00:00-05:00,9.75,10.199999809265137,9.449999809265137,9.850000381469727,49400,0.0,0.0
2004-01-13 00:00:00-05:00,9.84000015258789,9.989999771118164,9.699999809265137,9.890000343322754,14000,0.0,0.0
2004-01-14 00:00:00-05:00,10.0,10.199999809265137,9.789999961853027,10.199999809265137,43300,0.0,0.0
2004-01-15 00:00:00-05:00,10.25,11.0,10.0,10.989999771118164,67000,0.0,0.0
2004-01-16 00:00:00-05:00,10.920000076293945,12.619999885559082,10.920000076293945,11.760000228881836,103000,0.0,0.0
2004-01-20 00:00:00-05:00,12.0,12.850000381469727,11.850000381469727,12.649999618530273,111600,0.0,0.0
2004-01-21 00:00:00-05:00,12.899999618530273,13.100000381469727,11.600000381469727,11.989999771118164,106600,0.0,0.0
2004-01-22 00:00:00-05:00,11.899999618530273,12.489999771118164,11.829999923706055,11.899999618530273,42800,0.0,0.0
2004-01-23 00:00:00-05:00,12.0,12.0,11.699999809265137,11.800000190734863,33700,0.0,0.0
2004-01-26 00:00:00-05:00,11.960000038146973,12.25,11.670000076293945,12.199999809265137,39900,0.0,0.0
2004-01-27 00:00:00-05:00,11.949999809265137,12.75,11.949999809265137,12.630000114440918,36400,0.0,0.0
2004-01-28 00:00:00-05:00,12.729999542236328,12.899999618530273,12.0600004196167,12.420000076293945,49600,0.0,0.0
2004-01-29 00:00:00-05:00,12.300000190734863,12.449999809265137,11.949999809265137,12.1899995803833,33700,0.0,0.0
2004-01-30 00:00:00-05:00,12.289999961853027,12.800000190734863,12.0,12.680000305175781,45100,0.0,0.0
2004-02-02 00:00:00-05:00,12.550000190734863,12.800000190734863,12.180000305175781,12.229999542236328,33100,0.0,0.0
2004-02-03 00:00:00-05:00,12.220000267028809,13.0,11.90999984741211,12.550000190734863,69400,0.0,0.0
2004-02-04 00:00:00-05:00,12.779999732971191,13.199999809265137,12.0,12.0,57900,0.0,0.0
2004-02-05 00:00:00-05:00,12.020000457763672,12.399999618530273,12.0,12.020000457763672,25700,0.0,0.0
2004-02-06 00:00:00-05:00,12.050000190734863,12.640000343322754,12.020000457763672,12.5,39000,0.0,0.0
2004-02-09 00:00:00-05:00,12.890000343322754,13.0,12.5600004196167,12.779999732971191,34800,0.0,0.0
2004-02-10 00:00:00-05:00,12.90999984741211,13.25,12.800000190734863,13.1899995803833,36700,0.0,0.0
2004-02-11 00:00:00-05:00,13.199999809265137,13.630000114440918,13.199999809265137,13.609999656677246,41300,0.0,0.0
2004-02-12 00:00:00-05:00,13.710000038146973,13.710000038146973,13.270000457763672,13.449999809265137,45400,0.0,0.0
2004-02-13 00:00:00-05:00,13.300000190734863,13.979999542236328,12.949999809265137,13.359999656677246,59100,0.0,0.0
2004-02-17 00:00:00-05:00,13.449999809265137,13.760000228881836,13.149999618530273,13.34000015258789,34400,0.0,0.0
2004-02-18 00:00:00-05:00,13.3100004196167,13.579999923706055,13.199999809265137,13.380000114440918,26400,0.0,0.0
2004-02-19 00:00:00-05:00,13.539999961853027,13.539999961853027,13.119999885559082,13.270000457763672,37300,0.0,0.0
2004-02-20 00:00:00-05:00,13.170000076293945,13.369999885559082,12.899999618530273,13.010000228881836,54500,0.0,0.0
2004-02-23 00:00:00-05:00,12.989999771118164,13.130000114440918,11.699999809265137,12.0,70700,0.0,0.0
2004-02-24 00:00:00-05:00,11.149999618530273,12.260000228881836,11.119999885559082,12.0,52800,0.0,0.0
2004-02-25 00:00:00-05:00,12.149999618530273,12.399999618530273,11.399999618530273,12.220000267028809,16100,0.0,0.0
2004-02-26 00:00:00-05:00,12.050000190734863,12.09000015258789,11.850000381469727,11.949999809265137,30000,0.0,0.0
2004-02-27 00:00:00-05:00,11.6899995803833,12.029999732971191,11.6899995803833,11.970000267028809,25300,0.0,0.0
2004-03-01 00:00:00-05:00,11.020000457763672,12.239999771118164,11.010000228881836,11.609999656677246,40600,0.0,0.0
2004-03-02 00:00:00-05:00,11.920000076293945,11.920000076293945,11.739999771118164,11.819999694824219,27600,0.0,0.0
2004-03-03 00:00:00-05:00,11.819999694824219,12.09000015258789,10.8100004196167,11.399999618530273,79200,0.0,0.0
2004-03-04 00:00:00-05:00,11.359999656677246,11.5600004196167,10.979999542236328,11.399999618530273,29000,0.0,0.0
2004-03-05 00:00:00-05:00,11.319999694824219,11.470000267028809,10.75,11.170000076293945,52000,0.0,0.0
2004-03-08 00:00:00-05:00,11.100000381469727,11.119999885559082,10.289999961853027,10.470000267028809,57300,0.0,0.0
2004-03-09 00:00:00-05:00,10.3100004196167,10.4399995803833,9.65999984741211,9.789999961853027,109600,0.0,0.0
2004-03-10 00:00:00-05:00,9.710000038146973,9.989999771118164,9.0,9.239999771118164,114700,0.0,0.0
2004-03-11 00:00:00-05:00,9.6899995803833,9.6899995803833,9.010000228881836,9.0600004196167,24300,0.0,0.0
2004-03-12 00:00:00-05:00,8.970000267028809,10.489999771118164,8.970000267028809,10.100000381469727,56400,0.0,0.0
2004-03-15 00:00:00-05:00,9.800000190734863,10.479999542236328,9.069999694824219,9.619999885559082,39100,0.0,0.0
2004-03-16 00:00:00-05:00,9.0,9.75,9.0,9.399999618530273,47100,0.0,0.0
2004-03-17 00:00:00-05:00,9.5600004196167,9.710000038146973,9.069999694824219,9.4399995803833,30200,0.0,0.0
2004-03-18 00:00:00-05:00,9.520000457763672,9.520000457763672,9.050000190734863,9.350000381469727,29000,0.0,0.0
2004-03-19 00:00:00-05:00,9.75,9.75,9.100000381469727,9.149999618530273,22000,0.0,0.0
2004-03-22 00:00:00-05:00,9.149999618530273,9.25,8.670000076293945,8.770000457763672,52800,0.0,0.0
2004-03-23 00:00:00-05:00,9.329999923706055,9.329999923706055,8.760000228881836,9.0,19300,0.0,0.0
2004-03-24 00:00:00-05:00,8.399999618530273,9.470000267028809,8.279999732971191,9.25,60400,0.0,0.0
2004-03-25 00:00:00-05:00,9.289999961853027,10.380000114440918,9.15999984741211,9.949999809265137,35200,0.0,0.0
2004-03-26 00:00:00-05:00,10.449999809265137,10.600000381469727,10.119999885559082,10.40999984741211,29700,0.0,0.0
2004-03-29 00:00:00-05:00,10.789999961853027,11.449999809265137,10.300000190734863,10.489999771118164,72900,0.0,0.0
2004-03-30 00:00:00-05:00,10.899999618530273,10.899999618530273,9.930000305175781,10.0600004196167,33200,0.0,0.0
2004-03-31 00:00:00-05:00,9.949999809265137,10.0,9.619999885559082,9.619999885559082,38100,0.0,0.0
2004-04-01 00:00:00-05:00,9.539999961853027,9.989999771118164,9.529999732971191,9.819999694824219,21900,0.0,0.0
2004-04-02 00:00:00-05:00,10.680000305175781,10.699999809265137,10.130000114440918,10.5600004196167,70400,0.0,0.0
2004-04-05 00:00:00-04:00,10.609999656677246,11.550000190734863,10.520000457763672,11.199999809265137,101400,0.0,0.0
2004-04-06 00:00:00-04:00,11.239999771118164,11.430000305175781,10.850000381469727,10.9399995803833,30600,0.0,0.0
2004-04-07 00:00:00-04:00,11.25,11.329999923706055,10.3100004196167,10.989999771118164,28100,0.0,0.0
2004-04-08 00:00:00-04:00,11.09000015258789,11.25,10.399999618530273,10.420000076293945,17500,0.0,0.0
2004-04-12 00:00:00-04:00,10.420000076293945,10.949999809265137,10.420000076293945,10.460000038146973,7700,0.0,0.0
2004-04-13 00:00:00-04:00,10.5,10.5,10.199999809265137,10.390000343322754,11800,0.0,0.0
2004-04-14 00:00:00-04:00,10.170000076293945,10.479999542236328,10.149999618530273,10.479999542236328,29100,0.0,0.0
2004-04-15 00:00:00-04:00,11.430000305175781,11.449999809265137,10.59000015258789,10.859999656677246,70200,0.0,0.0
2004-04-16 00:00:00-04:00,11.09000015258789,11.09000015258789,10.050000190734863,10.270000457763672,72500,0.0,0.0
2004-04-19 00:00:00-04:00,10.649999618530273,10.880000114440918,10.279999732971191,10.510000228881836,19900,0.0,0.0
2004-04-20 00:00:00-04:00,10.25,10.770000457763672,10.25,10.649999618530273,33300,0.0,0.0
2004-04-21 00:00:00-04:00,10.600000381469727,10.819999694824219,10.399999618530273,10.630000114440918,56500,0.0,0.0
2004-04-22 00:00:00-04:00,10.960000038146973,10.960000038146973,10.5,10.609999656677246,32700,0.0,0.0
2004-04-23 00:00:00-04:00,10.760000228881836,10.899999618530273,10.649999618530273,10.890000343322754,28800,0.0,0.0
2004-04-26 00:00:00-04:00,11.130000114440918,11.229999542236328,10.5,11.0,21400,0.0,0.0
2004-04-27 00:00:00-04:00,11.239999771118164,11.5,11.0,11.460000038146973,55800,0.0,0.0
2004-04-28 00:00:00-04:00,10.930000305175781,11.5,10.890000343322754,11.149999618530273,26700,0.0,0.0
2004-04-29 00:00:00-04:00,11.1899995803833,11.430000305175781,11.0,11.0,28200,0.0,0.0
2004-04-30 00:00:00-04:00,11.010000228881836,11.09000015258789,10.420000076293945,10.430000305175781,79900,0.0,0.0
2004-05-03 00:00:00-04:00,9.960000038146973,10.100000381469727,9.300000190734863,9.819999694824219,67600,0.0,0.0
2004-05-04 00:00:00-04:00,9.65999984741211,10.100000381469727,9.609999656677246,10.100000381469727,23800,0.0,0.0
2004-05-05 00:00:00-04:00,10.100000381469727,10.600000381469727,9.699999809265137,10.199999809265137,22700,0.0,0.0
2004-05-06 00:00:00-04:00,10.0600004196167,10.550000190734863,9.619999885559082,10.229999542236328,70100,0.0,0.0
2004-05-07 00:00:00-04:00,10.40999984741211,10.479999542236328,10.0,10.199999809265137,21100,0.0,0.0
2004-05-10 00:00:00-04:00,10.149999618530273,10.149999618530273,9.510000228881836,9.75,57200,0.0,0.0
2004-05-11 00:00:00-04:00,9.720000267028809,10.1899995803833,9.609999656677246,10.09000015258789,13800,0.0,0.0
2004-05-12 00:00:00-04:00,9.619999885559082,10.09000015258789,9.5,9.800000190734863,27300,0.0,0.0
2004-05-13 00:00:00-04:00,10.100000381469727,10.130000114440918,9.890000343322754,10.0,24100,0.0,0.0
2004-05-14 00:00:00-04:00,9.859999656677246,9.859999656677246,9.5,9.510000228881836,21400,0.0,0.0
2004-05-17 00:00:00-04:00,9.5,9.75,9.029999732971191,9.25,42200,0.0,0.0
2004-05-18 00:00:00-04:00,9.0,9.460000038146973,9.0,9.270000457763672,19600,0.0,0.0
2004-05-19 00:00:00-04:00,9.430000305175781,9.489999771118164,8.989999771118164,9.0,33100,0.0,0.0
2004-05-20 00:00:00-04:00,9.010000228881836,9.09000015258789,8.520000457763672,8.75,91500,0.0,0.0
2004-05-21 00:00:00-04:00,8.800000190734863,8.979999542236328,8.739999771118164,8.979999542236328,37800,0.0,0.0
2004-05-24 00:00:00-04:00,8.979999542236328,9.15999984741211,8.789999961853027,9.039999961853027,27600,0.0,0.0
2004-05-25 00:00:00-04:00,9.039999961853027,9.25,8.979999542236328,9.25,29400,0.0,0.0
2004-05-26 00:00:00-04:00,8.90999984741211,9.260000228881836,8.899999618530273,9.140000343322754,36800,0.0,0.0
2004-05-27 00:00:00-04:00,8.949999809265137,8.979999542236328,8.789999961853027,8.970000267028809,19800,0.0,0.0
2004-05-28 00:00:00-04:00,8.899999618530273,9.3100004196167,8.680000305175781,9.0,31900,0.0,0.0
2004-06-01 00:00:00-04:00,8.899999618530273,9.020000457763672,8.75,9.020000457763672,30100,0.0,0.0
2004-06-02 00:00:00-04:00,9.34000015258789,9.34000015258789,8.829999923706055,9.140000343322754,8500,0.0,0.0
2004-06-03 00:00:00-04:00,8.90999984741211,9.020000457763672,8.65999984741211,8.670000076293945,30200,0.0,0.0
2004-06-04 00:00:00-04:00,8.649999618530273,8.90999984741211,8.649999618530273,8.670000076293945,10000,0.0,0.0
2004-06-07 00:00:00-04:00,8.649999618530273,9.029999732971191,8.649999618530273,8.850000381469727,26600,0.0,0.0
2004-06-08 00:00:00-04:00,8.760000228881836,9.180000305175781,8.699999809265137,8.739999771118164,12000,0.0,0.0
2004-06-09 00:00:00-04:00,8.699999809265137,8.819999694824219,8.279999732971191,8.420000076293945,47900,0.0,0.0
2004-06-10 00:00:00-04:00,8.350000381469727,8.779999732971191,8.239999771118164,8.399999618530273,48300,0.0,0.0
2004-06-14 00:00:00-04:00,8.149999618530273,8.260000228881836,7.610000133514404,7.760000228881836,87600,0.0,0.0
2004-06-15 00:00:00-04:00,7.869999885559082,8.0,7.25,7.599999904632568,106400,0.0,0.0
2004-06-16 00:00:00-04:00,7.260000228881836,8.300000190734863,7.25,7.860000133514404,57200,0.0,0.0
2004-06-17 00:00:00-04:00,8.039999961853027,8.449999809265137,7.650000095367432,8.069999694824219,26200,0.0,0.0
2004-06-18 00:00:00-04:00,7.829999923706055,8.079999923706055,7.510000228881836,7.590000152587891,53200,0.0,0.0
2004-06-21 00:00:00-04:00,7.880000114440918,7.880000114440918,7.409999847412109,7.429999828338623,39200,0.0,0.0
2004-06-22 00:00:00-04:00,7.349999904632568,7.710000038146973,7.25,7.360000133514404,44200,0.0,0.0
2004-06-23 00:00:00-04:00,7.139999866485596,7.590000152587891,6.940000057220459,7.230000019073486,67600,0.0,0.0
2004-06-24 00:00:00-04:00,7.199999809265137,7.650000095367432,7.199999809265137,7.510000228881836,36800,0.0,0.0
2004-06-25 00:00:00-04:00,7.980000019073486,9.199999809265137,7.449999809265137,7.619999885559082,564100,0.0,0.0
2004-06-28 00:00:00-04:00,7.989999771118164,7.989999771118164,7.03000020980835,7.03000020980835,61800,0.0,0.0
2004-06-29 00:00:00-04:00,7.03000020980835,7.480000019073486,7.010000228881836,7.070000171661377,51800,0.0,0.0
2004-06-30 00:00:00-04:00,7.050000190734863,7.300000190734863,7.050000190734863,7.110000133514404,43500,0.0,0.0
2004-07-01 00:00:00-04:00,7.269999980926514,7.269999980926514,6.760000228881836,6.78000020980835,69700,0.0,0.0
2004-07-02 00:00:00-04:00,6.78000020980835,7.340000152587891,6.78000020980835,7.210000038146973,50100,0.0,0.0
2004-07-06 00:00:00-04:00,6.869999885559082,7.269999980926514,6.75,6.789999961853027,63500,0.0,0.0
2004-07-07 00:00:00-04:00,6.75,7.460000038146973,6.53000020980835,7.239999771118164,48200,0.0,0.0
2004-07-08 00:00:00-04:00,6.900000095367432,7.409999847412109,6.900000095367432,7.099999904632568,23900,0.0,0.0
2004-07-09 00:00:00-04:00,7.360000133514404,7.360000133514404,6.75,6.849999904632568,15800,0.0,0.0
2004-07-12 00:00:00-04:00,6.849999904632568,7.0,6.46999979019165,6.570000171661377,37900,0.0,0.0
2004-07-13 00:00:00-04:00,6.670000076293945,6.670000076293945,6.510000228881836,6.550000190734863,24800,0.0,0.0
2004-07-14 00:00:00-04:00,6.690000057220459,6.690000057220459,6.510000228881836,6.510000228881836,12300,0.0,0.0
2004-07-15 00:00:00-04:00,6.420000076293945,6.650000095367432,6.369999885559082,6.650000095367432,46800,0.0,0.0
2004-07-16 00:00:00-04:00,6.699999809265137,7.389999866485596,6.360000133514404,6.630000114440918,52800,0.0,0.0
2004-07-19 00:00:00-04:00,6.849999904632568,6.980000019073486,6.659999847412109,6.980000019073486,24800,0.0,0.0
2004-07-20 00:00:00-04:00,7.03000020980835,7.130000114440918,6.920000076293945,7.059999942779541,25900,0.0,0.0
2004-07-21 00:00:00-04:00,7.0,7.420000076293945,6.5,7.090000152587891,42200,0.0,0.0
2004-07-22 00:00:00-04:00,7.119999885559082,7.230000019073486,7.119999885559082,7.139999866485596,7300,0.0,0.0
2004-07-23 00:00:00-04:00,7.179999828338623,7.239999771118164,7.0,7.090000152587891,10000,0.0,0.0
2004-07-26 00:00:00-04:00,7.599999904632568,7.599999904632568,7.0,7.090000152587891,11700,0.0,0.0
2004-07-27 00:00:00-04:00,6.949999809265137,7.139999866485596,6.550000190734863,6.550000190734863,40800,0.0,0.0
2004-07-28 00:00:00-04:00,6.539999961853027,6.769999980926514,6.510000228881836,6.539999961853027,31800,0.0,0.0
2004-07-29 00:00:00-04:00,6.409999847412109,7.130000114440918,6.409999847412109,6.800000190734863,13900,0.0,0.0
2004-07-30 00:00:00-04:00,7.039999961853027,7.039999961853027,7.0,7.019999980926514,7400,0.0,0.0
2004-08-02 00:00:00-04:00,6.360000133514404,7.079999923706055,6.320000171661377,6.989999771118164,15500,0.0,0.0
2004-08-03 00:00:00-04:00,6.760000228881836,7.050000190734863,6.75,6.829999923706055,10200,0.0,0.0
2004-08-04 00:00:00-04:00,6.940000057220459,7.150000095367432,6.880000114440918,6.920000076293945,12100,0.0,0.0
2004-08-05 00:00:00-04:00,6.929999828338623,6.929999828338623,6.46999979019165,6.590000152587891,22100,0.0,0.0
2004-08-06 00:00:00-04:00,6.889999866485596,6.900000095367432,6.260000228881836,6.5,21300,0.0,0.0
2004-08-09 00:00:00-04:00,6.519999980926514,6.519999980926514,6.25,6.380000114440918,25200,0.0,0.0
2004-08-10 00:00:00-04:00,6.429999828338623,6.579999923706055,6.389999866485596,6.460000038146973,8700,0.0,0.0
2004-08-11 00:00:00-04:00,6.420000076293945,6.420000076293945,6.199999809265137,6.239999771118164,17300,0.0,0.0
2004-08-12 00:00:00-04:00,6.300000190734863,6.300000190734863,5.760000228881836,5.829999923706055,64400,0.0,0.0
2004-08-13 00:00:00-04:00,5.920000076293945,6.079999923706055,5.889999866485596,6.050000190734863,12100,0.0,0.0
2004-08-16 00:00:00-04:00,5.989999771118164,6.130000114440918,5.820000171661377,5.820000171661377,16200,0.0,0.0
2004-08-17 00:00:00-04:00,5.829999923706055,5.829999923706055,5.130000114440918,5.429999828338623,80300,0.0,0.0
2004-08-18 00:00:00-04:00,5.349999904632568,5.900000095367432,5.25,5.679999828338623,23900,0.0,0.0
2004-08-19 00:00:00-04:00,5.599999904632568,6.179999828338623,5.599999904632568,6.119999885559082,45100,0.0,0.0
2004-08-20 00:00:00-04:00,6.199999809265137,6.309999942779541,5.929999828338623,6.119999885559082,15100,0.0,0.0
2004-08-23 00:00:00-04:00,5.849999904632568,6.119999885559082,5.849999904632568,6.0,11500,0.0,0.0
2004-08-24 00:00:00-04:00,5.849999904632568,6.230000019073486,5.840000152587891,6.0,17500,0.0,0.0
2004-08-25 00:00:00-04:00,5.809999942779541,6.039999961853027,5.809999942779541,5.949999809265137,4700,0.0,0.0
2004-08-26 00:00:00-04:00,5.820000171661377,6.239999771118164,5.820000171661377,6.03000020980835,11700,0.0,0.0
2004-08-27 00:00:00-04:00,5.940000057220459,6.139999866485596,5.940000057220459,6.099999904632568,3400,0.0,0.0
2004-08-30 00:00:00-04:00,5.920000076293945,6.150000095367432,5.679999828338623,5.889999866485596,18300,0.0,0.0
2004-08-31 00:00:00-04:00,6.099999904632568,6.099999904632568,5.809999942779541,5.960000038146973,17100,0.0,0.0
2004-09-01 00:00:00-04:00,5.880000114440918,6.179999828338623,5.820000171661377,5.820000171661377,4900,0.0,0.0
2004-09-02 00:00:00-04:00,5.820000171661377,6.150000095367432,5.820000171661377,6.099999904632568,17100,0.0,0.0
2004-09-03 00:00:00-04:00,6.170000076293945,6.210000038146973,5.860000133514404,6.130000114440918,15300,0.0,0.0
2004-09-07 00:00:00-04:00,6.130000114440918,6.400000095367432,6.130000114440918,6.25,16800,0.0,0.0
2004-09-08 00:00:00-04:00,6.239999771118164,6.239999771118164,6.099999904632568,6.21999979019165,9800,0.0,0.0
2004-09-09 00:00:00-04:00,6.070000171661377,6.070000171661377,6.0,6.019999980926514,3400,0.0,0.0
2004-09-10 00:00:00-04:00,6.5,6.5,6.019999980926514,6.039999961853027,6700,0.0,0.0
2004-09-13 00:00:00-04:00,6.010000228881836,6.179999828338623,5.989999771118164,6.179999828338623,23300,0.0,0.0
2004-09-14 00:00:00-04:00,6.210000038146973,6.309999942779541,6.199999809265137,6.21999979019165,7600,0.0,0.0
2004-09-15 00:00:00-04:00,6.099999904632568,6.329999923706055,5.949999809265137,6.050000190734863,8700,0.0,0.0
2004-09-16 00:00:00-04:00,6.199999809265137,6.199999809265137,6.099999904632568,6.110000133514404,6300,0.0,0.0
2004-09-17 00:00:00-04:00,6.190000057220459,6.21999979019165,6.110000133514404,6.130000114440918,1900,0.0,0.0
2004-09-20 00:00:00-04:00,6.110000133514404,6.170000076293945,6.110000133514404,6.110000133514404,8100,0.0,0.0
2004-09-21 00:00:00-04:00,5.75,6.210000038146973,5.75,6.03000020980835,17200,0.0,0.0
2004-09-22 00:00:00-04:00,6.0,6.03000020980835,5.800000190734863,5.840000152587891,15100,0.0,0.0
2004-09-23 00:00:00-04:00,5.820000171661377,6.130000114440918,5.800000190734863,6.010000228881836,4500,0.0,0.0
2004-09-24 00:00:00-04:00,6.059999942779541,6.059999942779541,5.809999942779541,5.820000171661377,4900,0.0,0.0
2004-09-27 00:00:00-04:00,6.03000020980835,6.190000057220459,5.820000171661377,6.150000095367432,27600,0.0,0.0
2004-09-28 00:00:00-04:00,5.96999979019165,6.230000019073486,5.949999809265137,6.0,12200,0.0,0.0
2004-09-29 00:00:00-04:00,6.400000095367432,6.400000095367432,6.110000133514404,6.369999885559082,30700,0.0,0.0
2004-09-30 00:00:00-04:00,6.389999866485596,6.480000019073486,6.210000038146973,6.360000133514404,13300,0.0,0.0
2004-10-01 00:00:00-04:00,6.380000114440918,6.489999771118164,6.239999771118164,6.440000057220459,7900,0.0,0.0
2004-10-04 00:00:00-04:00,6.230000019073486,6.889999866485596,6.230000019073486,6.860000133514404,28900,0.0,0.0
2004-10-05 00:00:00-04:00,6.900000095367432,7.360000133514404,6.820000171661377,7.03000020980835,29000,0.0,0.0
2004-10-06 00:00:00-04:00,7.179999828338623,7.420000076293945,7.159999847412109,7.380000114440918,19700,0.0,0.0
2004-10-07 00:00:00-04:00,7.369999885559082,7.860000133514404,7.21999979019165,7.860000133514404,36300,0.0,0.0
2004-10-08 00:00:00-04:00,7.639999866485596,7.960000038146973,7.349999904632568,7.75,28200,0.0,0.0
2004-10-11 00:00:00-04:00,7.400000095367432,7.650000095367432,7.269999980926514,7.289999961853027,12300,0.0,0.0
2004-10-12 00:00:00-04:00,7.639999866485596,7.639999866485596,7.050000190734863,7.150000095367432,20000,0.0,0.0
2004-10-13 00:00:00-04:00,7.239999771118164,7.239999771118164,7.010000228881836,7.110000133514404,6900,0.0,0.0
2004-10-14 00:00:00-04:00,7.050000190734863,7.420000076293945,7.050000190734863,7.409999847412109,11000,0.0,0.0
2004-10-15 00:00:00-04:00,7.460000038146973,7.46999979019165,7.329999923706055,7.46999979019165,6000,0.0,0.0
2004-10-18 00:00:00-04:00,7.0,7.610000133514404,6.75,7.460000038146973,9600,0.0,0.0
2004-10-19 00:00:00-04:00,7.380000114440918,7.699999809265137,7.380000114440918,7.679999828338623,5800,0.0,0.0
2004-10-20 00:00:00-04:00,7.679999828338623,7.679999828338623,7.409999847412109,7.599999904632568,5600,0.0,0.0
2004-10-21 00:00:00-04:00,7.449999809265137,7.71999979019165,7.449999809265137,7.550000190734863,7000,0.0,0.0
2004-10-22 00:00:00-04:00,7.699999809265137,7.699999809265137,7.329999923706055,7.329999923706055,9800,0.0,0.0
2004-10-25 00:00:00-04:00,7.300000190734863,7.320000171661377,6.889999866485596,7.139999866485596,15400,0.0,0.0
2004-10-26 00:00:00-04:00,6.75,7.710000038146973,6.75,7.670000076293945,27800,0.0,0.0
2004-10-27 00:00:00-04:00,7.670000076293945,7.670000076293945,7.329999923706055,7.369999885559082,11900,0.0,0.0
2004-10-28 00:00:00-04:00,7.340000152587891,7.340000152587891,7.179999828338623,7.190000057220459,5700,0.0,0.0
2004-10-29 00:00:00-04:00,7.269999980926514,7.400000095367432,7.210000038146973,7.239999771118164,8500,0.0,0.0
2004-11-01 00:00:00-05:00,7.380000114440918,7.46999979019165,7.199999809265137,7.340000152587891,3900,0.0,0.0
2004-11-02 00:00:00-05:00,7.440000057220459,7.489999771118164,7.25,7.25,13700,0.0,0.0
2004-11-03 00:00:00-05:00,7.28000020980835,7.599999904632568,7.28000020980835,7.559999942779541,13700,0.0,0.0
2004-11-04 00:00:00-05:00,7.650000095367432,7.650000095367432,7.25,7.25,17600,0.0,0.0
2004-11-05 00:00:00-05:00,7.360000133514404,7.619999885559082,7.300000190734863,7.5,30200,0.0,0.0
2004-11-08 00:00:00-05:00,7.670000076293945,7.730000019073486,7.480000019073486,7.710000038146973,31800,0.0,0.0
2004-11-09 00:00:00-05:00,7.75,7.800000190734863,7.599999904632568,7.800000190734863,17700,0.0,0.0
2004-11-10 00:00:00-05:00,7.170000076293945,7.699999809265137,7.170000076293945,7.639999866485596,17900,0.0,0.0
2004-11-11 00:00:00-05:00,7.360000133514404,7.630000114440918,7.360000133514404,7.440000057220459,9200,0.0,0.0
2004-11-12 00:00:00-05:00,7.369999885559082,7.380000114440918,7.050000190734863,7.050000190734863,13700,0.0,0.0
2004-11-15 00:00:00-05:00,7.110000133514404,7.460000038146973,7.110000133514404,7.349999904632568,9200,0.0,0.0
2004-11-16 00:00:00-05:00,7.25,7.489999771118164,6.980000019073486,7.059999942779541,10700,0.0,0.0
2004-11-17 00:00:00-05:00,7.320000171661377,7.380000114440918,7.03000020980835,7.190000057220459,6400,0.0,0.0
2004-11-18 00:00:00-05:00,7.079999923706055,7.199999809265137,7.0,7.199999809265137,11900,0.0,0.0
2004-11-19 00:00:00-05:00,6.980000019073486,7.099999904632568,6.869999885559082,6.949999809265137,13100,0.0,0.0
2004-11-22 00:00:00-05:00,6.949999809265137,6.989999771118164,6.690000057220459,6.800000190734863,28400,0.0,0.0
2004-11-23 00:00:00-05:00,6.670000076293945,6.800000190734863,6.110000133514404,6.110000133514404,59600,0.0,0.0
2004-11-24 00:00:00-05:00,6.059999942779541,6.510000228881836,6.059999942779541,6.309999942779541,14300,0.0,0.0
2004-11-26 00:00:00-05:00,6.400000095367432,6.690000057220459,6.400000095367432,6.519999980926514,4000,0.0,0.0
2004-11-29 00:00:00-05:00,6.5,6.75,6.5,6.519999980926514,5800,0.0,0.0
2004-11-30 00:00:00-05:00,6.349999904632568,6.489999771118164,6.21999979019165,6.269999980926514,21700,0.0,0.0
2004-12-01 00:00:00-05:00,6.010000228881836,6.420000076293945,6.010000228881836,6.150000095367432,38800,0.0,0.0
2004-12-02 00:00:00-05:00,6.150000095367432,6.199999809265137,5.840000152587891,6.199999809265137,34200,0.0,0.0
2004-12-03 00:00:00-05:00,5.800000190734863,6.289999961853027,5.800000190734863,6.159999847412109,16200,0.0,0.0
2004-12-06 00:00:00-05:00,6.039999961853027,6.300000190734863,6.039999961853027,6.150000095367432,12600,0.0,0.0
2004-12-07 00:00:00-05:00,6.25,6.599999904632568,6.050000190734863,6.099999904632568,54100,0.0,0.0
2004-12-08 00:00:00-05:00,5.650000095367432,6.239999771118164,5.650000095367432,6.039999961853027,16400,0.0,0.0
2004-12-09 00:00:00-05:00,6.210000038146973,6.210000038146973,5.78000020980835,6.139999866485596,14000,0.0,0.0
2004-12-10 00:00:00-05:00,6.139999866485596,6.25,6.130000114440918,6.139999866485596,5900,0.0,0.0
2004-12-13 00:00:00-05:00,6.150000095367432,6.25,6.099999904632568,6.159999847412109,16700,0.0,0.0
2004-12-14 00:00:00-05:00,6.199999809265137,6.230000019073486,6.0,6.130000114440918,50300,0.0,0.0
2004-12-15 00:00:00-05:00,6.0,6.199999809265137,6.0,6.130000114440918,22000,0.0,0.0
2004-12-16 00:00:00-05:00,6.0,6.590000152587891,6.0,6.159999847412109,38500,0.0,0.0
2004-12-17 00:00:00-05:00,6.25,6.25,6.059999942779541,6.070000171661377,6500,0.0,0.0
2004-12-20 00:00:00-05:00,6.0,6.099999904632568,5.929999828338623,5.949999809265137,42200,0.0,0.0
2004-12-21 00:00:00-05:00,5.769999980926514,6.059999942779541,5.769999980926514,5.960000038146973,37500,0.0,0.0
2004-12-22 00:00:00-05:00,5.900000095367432,6.099999904632568,5.869999885559082,6.099999904632568,39000,0.0,0.0
2004-12-23 00:00:00-05:00,6.079999923706055,6.210000038146973,5.860000133514404,6.050000190734863,32100,0.0,0.0
2004-12-27 00:00:00-05:00,6.050000190734863,6.150000095367432,5.949999809265137,6.150000095367432,41100,0.0,0.0
2004-12-28 00:00:00-05:00,6.099999904632568,6.269999980926514,6.010000228881836,6.050000190734863,37400,0.0,0.0
2004-12-29 00:00:00-05:00,6.010000228881836,6.119999885559082,5.949999809265137,6.0,29900,0.0,0.0
2004-12-30 00:00:00-05:00,6.0,6.349999904632568,6.0,6.349999904632568,37100,0.0,0.0
2004-12-31 00:00:00-05:00,6.190000057220459,6.420000076293945,6.190000057220459,6.380000114440918,27200,0.0,0.0
2005-01-03 00:00:00-05:00,6.380000114440918,6.380000114440918,5.980000019073486,6.010000228881836,32800,0.0,0.0
2005-01-04 00:00:00-05:00,5.960000038146973,6.210000038146973,5.960000038146973,6.210000038146973,25600,0.0,0.0
2005-01-05 00:00:00-05:00,6.079999923706055,6.150000095367432,6.0,6.03000020980835,17800,0.0,0.0
2005-01-06 00:00:00-05:00,6.139999866485596,6.210000038146973,6.059999942779541,6.099999904632568,14200,0.0,0.0
2005-01-07 00:00:00-05:00,6.369999885559082,6.369999885559082,6.079999923706055,6.110000133514404,12400,0.0,0.0
2005-01-10 00:00:00-05:00,6.340000152587891,6.440000057220459,6.150000095367432,6.320000171661377,23300,0.0,0.0
2005-01-11 00:00:00-05:00,6.320000171661377,6.320000171661377,6.059999942779541,6.070000171661377,15300,0.0,0.0
2005-01-12 00:00:00-05:00,6.090000152587891,6.090000152587891,5.989999771118164,5.989999771118164,26000,0.0,0.0
2005-01-13 00:00:00-05:00,5.920000076293945,6.170000076293945,5.920000076293945,6.0,22300,0.0,0.0
2005-01-14 00:00:00-05:00,5.920000076293945,6.110000133514404,5.800000190734863,6.010000228881836,18900,0.0,0.0
2005-01-18 00:00:00-05:00,6.0,6.050000190734863,5.96999979019165,6.0,12300,0.0,0.0
2005-01-19 00:00:00-05:00,5.989999771118164,6.039999961853027,5.900000095367432,6.019999980926514,18300,0.0,0.0
2005-01-20 00:00:00-05:00,6.0,6.099999904632568,5.900000095367432,6.050000190734863,10100,0.0,0.0
2005-01-21 00:00:00-05:00,6.0,6.110000133514404,5.949999809265137,6.0,23200,0.0,0.0
2005-01-24 00:00:00-05:00,6.010000228881836,6.079999923706055,5.900000095367432,6.0,24600,0.0,0.0
2005-01-25 00:00:00-05:00,5.920000076293945,6.019999980926514,5.920000076293945,6.0,9600,0.0,0.0
2005-01-26 00:00:00-05:00,5.960000038146973,6.03000020980835,5.960000038146973,6.03000020980835,9000,0.0,0.0
2005-01-27 00:00:00-05:00,5.960000038146973,6.099999904632568,5.960000038146973,6.079999923706055,14200,0.0,0.0
2005-01-28 00:00:00-05:00,6.139999866485596,6.199999809265137,6.0,6.079999923706055,14800,0.0,0.0
2005-01-31 00:00:00-05:00,6.010000228881836,6.090000152587891,5.960000038146973,6.0,30400,0.0,0.0
2005-02-01 00:00:00-05:00,6.0,6.039999961853027,5.960000038146973,6.0,27100,0.0,0.0
2005-02-02 00:00:00-05:00,5.960000038146973,6.159999847412109,5.960000038146973,6.019999980926514,19900,0.0,0.0
2005-02-03 00:00:00-05:00,5.960000038146973,6.059999942779541,5.960000038146973,6.0,9800,0.0,0.0
2005-02-04 00:00:00-05:00,6.050000190734863,6.059999942779541,5.75,5.980000019073486,44800,0.0,0.0
2005-02-07 00:00:00-05:00,5.800000190734863,6.090000152587891,5.800000190734863,6.0,37500,0.0,0.0
2005-02-08 00:00:00-05:00,6.0,6.070000171661377,6.0,6.0,21900,0.0,0.0
2005-02-09 00:00:00-05:00,6.0,6.050000190734863,5.739999771118164,5.739999771118164,16400,0.0,0.0
2005-02-10 00:00:00-05:00,5.940000057220459,6.079999923706055,5.889999866485596,5.929999828338623,4200,0.0,0.0
2005-02-11 00:00:00-05:00,5.900000095367432,5.949999809265137,5.820000171661377,5.949999809265137,17600,0.0,0.0
2005-02-14 00:00:00-05:00,6.0,6.079999923706055,5.900000095367432,6.0,57300,0.0,0.0
2005-02-15 00:00:00-05:00,5.980000019073486,6.0,5.949999809265137,5.96999979019165,25200,0.0,0.0
2005-02-16 00:00:00-05:00,6.039999961853027,6.039999961853027,5.96999979019165,6.0,30300,0.0,0.0
2005-02-17 00:00:00-05:00,5.949999809265137,6.039999961853027,5.949999809265137,5.960000038146973,26600,0.0,0.0
2005-02-18 00:00:00-05:00,6.059999942779541,6.059999942779541,5.820000171661377,5.869999885559082,15900,0.0,0.0
2005-02-22 00:00:00-05:00,5.900000095367432,5.929999828338623,5.800000190734863,5.849999904632568,17600,0.0,0.0
2005-02-23 00:00:00-05:00,5.849999904632568,5.889999866485596,5.710000038146973,5.860000133514404,13200,0.0,0.0
2005-02-24 00:00:00-05:00,5.840000152587891,5.960000038146973,5.840000152587891,5.849999904632568,41800,0.0,0.0
2005-02-25 00:00:00-05:00,5.730000019073486,5.849999904632568,5.5,5.539999961853027,66500,0.0,0.0
2005-02-28 00:00:00-05:00,5.519999980926514,5.659999847412109,5.0,5.139999866485596,95500,0.0,0.0
2005-03-01 00:00:00-05:00,5.150000095367432,5.21999979019165,5.039999961853027,5.050000190734863,27300,0.0,0.0
2005-03-02 00:00:00-05:00,5.079999923706055,5.159999847412109,5.03000020980835,5.050000190734863,39700,0.0,0.0
2005-03-03 00:00:00-05:00,5.059999942779541,5.199999809265137,5.050000190734863,5.159999847412109,15800,0.0,0.0
2005-03-04 00:00:00-05:00,5.28000020980835,5.289999961853027,5.150000095367432,5.28000020980835,17900,0.0,0.0
2005-03-07 00:00:00-05:00,5.369999885559082,5.539999961853027,5.309999942779541,5.5,27400,0.0,0.0
2005-03-08 00:00:00-05:00,5.400000095367432,5.829999923706055,5.400000095367432,5.75,55900,0.0,0.0
2005-03-09 00:00:00-05:00,5.800000190734863,5.900000095367432,5.699999809265137,5.869999885559082,60200,0.0,0.0
2005-03-10 00:00:00-05:00,5.730000019073486,5.849999904632568,5.730000019073486,5.789999961853027,28100,0.0,0.0
2005-03-11 00:00:00-05:00,5.900000095367432,6.079999923706055,5.900000095367432,6.039999961853027,53900,0.0,0.0
2005-03-14 00:00:00-05:00,6.079999923706055,6.25,6.079999923706055,6.199999809265137,41600,0.0,0.0
2005-03-15 00:00:00-05:00,6.110000133514404,6.590000152587891,6.110000133514404,6.460000038146973,34700,0.0,0.0
2005-03-16 00:00:00-05:00,6.5,6.550000190734863,6.150000095367432,6.190000057220459,52800,0.0,0.0
2005-03-17 00:00:00-05:00,6.039999961853027,6.039999961853027,5.690000057220459,6.0,24000,0.0,0.0
2005-03-18 00:00:00-05:00,5.889999866485596,6.0,5.699999809265137,6.0,15800,0.0,0.0
2005-03-21 00:00:00-05:00,5.75,6.0,5.75,5.880000114440918,9100,0.0,0.0
2005-03-22 00:00:00-05:00,5.849999904632568,5.869999885559082,5.349999904632568,5.349999904632568,43600,0.0,0.0
2005-03-23 00:00:00-05:00,5.550000190734863,5.75,5.360000133514404,5.360000133514404,6300,0.0,0.0
2005-03-24 00:00:00-05:00,5.369999885559082,5.699999809265137,5.309999942779541,5.320000171661377,16700,0.0,0.0
2005-03-28 00:00:00-05:00,5.599999904632568,5.599999904632568,5.340000152587891,5.360000133514404,7200,0.0,0.0
2005-03-29 00:00:00-05:00,5.329999923706055,5.329999923706055,5.260000228881836,5.269999980926514,25900,0.0,0.0
2005-03-30 00:00:00-05:00,5.320000171661377,5.320000171661377,5.110000133514404,5.210000038146973,10800,0.0,0.0
2005-03-31 00:00:00-05:00,5.199999809265137,5.289999961853027,5.199999809265137,5.199999809265137,6000,0.0,0.0
2005-04-01 00:00:00-05:00,5.159999847412109,5.75,5.099999904632568,5.599999904632568,25700,0.0,0.0
2005-04-04 00:00:00-04:00,5.739999771118164,5.739999771118164,5.650000095367432,5.699999809265137,6700,0.0,0.0
2005-04-05 00:00:00-04:00,5.28000020980835,5.659999847412109,5.28000020980835,5.590000152587891,12000,0.0,0.0
2005-04-06 00:00:00-04:00,5.739999771118164,5.75,5.550000190734863,5.559999942779541,6900,0.0,0.0
2005-04-07 00:00:00-04:00,5.71999979019165,5.71999979019165,5.170000076293945,5.199999809265137,14200,0.0,0.0
2005-04-08 00:00:00-04:00,5.179999828338623,5.289999961853027,5.159999847412109,5.230000019073486,17200,0.0,0.0
2005-04-11 00:00:00-04:00,5.230000019073486,5.340000152587891,5.150000095367432,5.150000095367432,8800,0.0,0.0
2005-04-12 00:00:00-04:00,5.179999828338623,5.440000057220459,5.130000114440918,5.320000171661377,8400,0.0,0.0
2005-04-13 00:00:00-04:00,5.199999809265137,5.300000190734863,5.179999828338623,5.25,11900,0.0,0.0
2005-04-14 00:00:00-04:00,5.150000095367432,5.400000095367432,5.130000114440918,5.21999979019165,12900,0.0,0.0
2005-04-15 00:00:00-04:00,5.440000057220459,5.440000057220459,5.179999828338623,5.179999828338623,22200,0.0,0.0
2005-04-18 00:00:00-04:00,5.159999847412109,5.199999809265137,5.150000095367432,5.159999847412109,3400,0.0,0.0
2005-04-19 00:00:00-04:00,5.25,5.289999961853027,5.110000133514404,5.150000095367432,7800,0.0,0.0
2005-04-20 00:00:00-04:00,5.099999904632568,5.110000133514404,5.0,5.099999904632568,24000,0.0,0.0
2005-04-21 00:00:00-04:00,5.0,5.070000171661377,4.769999980926514,5.070000171661377,34100,0.0,0.0
2005-04-22 00:00:00-04:00,5.0,5.0,4.78000020980835,4.840000152587891,10800,0.0,0.0
2005-04-25 00:00:00-04:00,4.840000152587891,4.849999904632568,4.71999979019165,4.820000171661377,20400,0.0,0.0
2005-04-26 00:00:00-04:00,4.75,4.849999904632568,4.699999809265137,4.760000228881836,29200,0.0,0.0
2005-04-27 00:00:00-04:00,4.659999847412109,4.739999771118164,4.5,4.670000076293945,37600,0.0,0.0
2005-04-28 00:00:00-04:00,4.730000019073486,4.75,4.5,4.510000228881836,21900,0.0,0.0
2005-04-29 00:00:00-04:00,4.570000171661377,4.730000019073486,4.5,4.550000190734863,12500,0.0,0.0
2005-05-02 00:00:00-04:00,4.5,4.599999904632568,4.170000076293945,4.420000076293945,53600,0.0,0.0
2005-05-03 00:00:00-04:00,4.199999809265137,4.539999961853027,3.8499999046325684,4.019999980926514,89000,0.0,0.0
2005-05-04 00:00:00-04:00,3.930000066757202,4.349999904632568,3.609999895095825,4.179999828338623,155900,0.0,0.0
2005-05-05 00:00:00-04:00,4.199999809265137,4.340000152587891,4.0,4.0,29600,0.0,0.0
2005-05-06 00:00:00-04:00,3.9200000762939453,4.389999866485596,3.9200000762939453,4.380000114440918,40200,0.0,0.0
2005-05-09 00:00:00-04:00,4.369999885559082,4.550000190734863,4.300000190734863,4.449999809265137,21800,0.0,0.0
2005-05-10 00:00:00-04:00,4.550000190734863,4.989999771118164,4.550000190734863,4.760000228881836,53700,0.0,0.0
2005-05-11 00:00:00-04:00,4.840000152587891,4.860000133514404,4.769999980926514,4.769999980926514,15200,0.0,0.0
2005-05-12 00:00:00-04:00,4.809999942779541,4.840000152587891,4.789999961853027,4.800000190734863,6800,0.0,0.0
2005-05-13 00:00:00-04:00,4.599999904632568,4.650000095367432,4.230000019073486,4.489999771118164,35600,0.0,0.0
2005-05-16 00:00:00-04:00,4.559999942779541,4.559999942779541,4.239999771118164,4.289999961853027,7000,0.0,0.0
2005-05-17 00:00:00-04:00,4.400000095367432,4.599999904632568,4.329999923706055,4.480000019073486,14000,0.0,0.0
2005-05-18 00:00:00-04:00,4.590000152587891,4.610000133514404,4.46999979019165,4.489999771118164,5300,0.0,0.0
2005-05-19 00:00:00-04:00,4.389999866485596,4.599999904632568,4.300000190734863,4.369999885559082,10500,0.0,0.0
2005-05-20 00:00:00-04:00,4.309999942779541,4.5,4.269999980926514,4.289999961853027,10700,0.0,0.0
2005-05-23 00:00:00-04:00,4.28000020980835,4.420000076293945,4.269999980926514,4.340000152587891,7400,0.0,0.0
2005-05-24 00:00:00-04:00,4.329999923706055,4.53000020980835,4.28000020980835,4.449999809265137,9000,0.0,0.0
2005-05-25 00:00:00-04:00,4.349999904632568,4.579999923706055,4.329999923706055,4.389999866485596,9100,0.0,0.0
2005-05-26 00:00:00-04:00,4.46999979019165,4.5,4.369999885559082,4.389999866485596,9600,0.0,0.0
2005-05-27 00:00:00-04:00,4.519999980926514,4.519999980926514,4.349999904632568,4.349999904632568,11400,0.0,0.0
2005-05-31 00:00:00-04:00,4.349999904632568,4.449999809265137,4.349999904632568,4.360000133514404,6000,0.0,0.0
2005-06-01 00:00:00-04:00,4.429999828338623,4.5,4.309999942779541,4.320000171661377,11500,0.0,0.0
2005-06-02 00:00:00-04:00,4.320000171661377,4.320000171661377,4.309999942779541,4.320000171661377,9200,0.0,0.0
2005-06-03 00:00:00-04:00,4.340000152587891,4.489999771118164,4.340000152587891,4.369999885559082,7500,0.0,0.0
2005-06-06 00:00:00-04:00,4.320000171661377,4.389999866485596,4.320000171661377,4.389999866485596,9000,0.0,0.0
2005-06-07 00:00:00-04:00,4.329999923706055,4.389999866485596,4.159999847412109,4.360000133514404,22100,0.0,0.0
2005-06-08 00:00:00-04:00,4.340000152587891,4.349999904632568,4.150000095367432,4.170000076293945,24200,0.0,0.0
2005-06-09 00:00:00-04:00,4.199999809265137,4.269999980926514,3.950000047683716,3.9800000190734863,26700,0.0,0.0
2005-06-10 00:00:00-04:00,3.930000066757202,4.090000152587891,3.7799999713897705,3.799999952316284,47500,0.0,0.0
2005-06-13 00:00:00-04:00,3.9000000953674316,3.9100000858306885,3.7200000286102295,3.7200000286102295,24000,0.0,0.0
2005-06-14 00:00:00-04:00,3.7200000286102295,3.890000104904175,3.7200000286102295,3.880000114440918,18200,0.0,0.0
2005-06-15 00:00:00-04:00,3.819999933242798,3.890000104904175,3.819999933242798,3.869999885559082,8600,0.0,0.0
2005-06-16 00:00:00-04:00,3.799999952316284,3.8499999046325684,3.75,3.7899999618530273,20900,0.0,0.0
2005-06-17 00:00:00-04:00,3.740000009536743,3.8499999046325684,3.5999999046325684,3.740000009536743,53500,0.0,0.0
2005-06-20 00:00:00-04:00,3.680000066757202,3.759999990463257,3.5,3.559999942779541,23000,0.0,0.0
2005-06-21 00:00:00-04:00,3.4200000762939453,3.450000047683716,3.2899999618530273,3.3499999046325684,52900,0.0,0.0
2005-06-22 00:00:00-04:00,3.2699999809265137,3.299999952316284,2.9600000381469727,3.0,131800,0.0,0.0
2005-06-23 00:00:00-04:00,2.990000009536743,3.0199999809265137,2.7699999809265137,2.869999885559082,67200,0.0,0.0
2005-06-24 00:00:00-04:00,2.940000057220459,3.25,2.8499999046325684,3.0299999713897705,76300,0.0,0.0
2005-06-27 00:00:00-04:00,3.130000114440918,3.130000114440918,3.0,3.0399999618530273,15300,0.0,0.0
2005-06-28 00:00:00-04:00,2.9800000190734863,3.1600000858306885,2.759999990463257,2.9700000286102295,63400,0.0,0.0
2005-06-29 00:00:00-04:00,3.049999952316284,3.0899999141693115,3.0399999618530273,3.0399999618530273,10600,0.0,0.0
2005-06-30 00:00:00-04:00,3.0999999046325684,3.1700000762939453,2.9000000953674316,3.1700000762939453,20600,0.0,0.0
2005-07-01 00:00:00-04:00,3.450000047683716,3.450000047683716,3.0299999713897705,3.0999999046325684,29300,0.0,0.0
2005-07-05 00:00:00-04:00,3.0299999713897705,3.0999999046325684,3.0199999809265137,3.0899999141693115,13400,0.0,0.0
2005-07-06 00:00:00-04:00,3.0399999618530273,3.119999885559082,2.950000047683716,3.0299999713897705,46800,0.0,0.0
2005-07-07 00:00:00-04:00,3.009999990463257,3.190000057220459,3.009999990463257,3.049999952316284,20000,0.0,0.0
2005-07-08 00:00:00-04:00,3.0,3.059999942779541,3.0,3.059999942779541,15700,0.0,0.0
2005-07-11 00:00:00-04:00,3.059999942779541,3.2200000286102295,3.059999942779541,3.2200000286102295,20800,0.0,0.0
2005-07-12 00:00:00-04:00,3.130000114440918,3.440000057220459,3.130000114440918,3.319999933242798,24100,0.0,0.0
2005-07-13 00:00:00-04:00,3.3399999141693115,3.369999885559082,3.0299999713897705,3.119999885559082,18000,0.0,0.0
2005-07-14 00:00:00-04:00,3.130000114440918,3.309999942779541,3.049999952316284,3.1700000762939453,13100,0.0,0.0
2005-07-15 00:00:00-04:00,3.2300000190734863,3.369999885559082,3.200000047683716,3.2699999809265137,7500,0.0,0.0
2005-07-18 00:00:00-04:00,3.369999885559082,3.369999885559082,3.0,3.069999933242798,26700,0.0,0.0
2005-07-19 00:00:00-04:00,3.0899999141693115,3.0899999141693115,2.950000047683716,3.059999942779541,27200,0.0,0.0
2005-07-20 00:00:00-04:00,3.069999933242798,3.309999942779541,3.009999990463257,3.130000114440918,28500,0.0,0.0
2005-07-21 00:00:00-04:00,3.0299999713897705,3.1700000762939453,3.0299999713897705,3.1500000953674316,27900,0.0,0.0
2005-07-22 00:00:00-04:00,3.2200000286102295,3.259999990463257,3.0999999046325684,3.119999885559082,10900,0.0,0.0
2005-07-25 00:00:00-04:00,3.0399999618530273,3.190000057220459,3.0399999618530273,3.180000066757202,5900,0.0,0.0
2005-07-26 00:00:00-04:00,3.109999895095825,3.109999895095825,3.0299999713897705,3.0299999713897705,30300,0.0,0.0
2005-07-27 00:00:00-04:00,3.0299999713897705,3.059999942779541,2.9600000381469727,2.9800000190734863,20200,0.0,0.0
2005-07-28 00:00:00-04:00,2.9600000381469727,3.0799999237060547,2.799999952316284,2.940000057220459,31700,0.0,0.0
2005-07-29 00:00:00-04:00,2.8499999046325684,3.0799999237060547,2.8499999046325684,2.930000066757202,25400,0.0,0.0
2005-08-01 00:00:00-04:00,2.859999895095825,3.0899999141693115,2.549999952316284,2.9000000953674316,34500,0.0,0.0
2005-08-02 00:00:00-04:00,3.0,3.0199999809265137,2.9000000953674316,2.9000000953674316,21400,0.0,0.0
2005-08-03 00:00:00-04:00,2.890000104904175,2.990000009536743,2.890000104904175,2.9100000858306885,9100,0.0,0.0
2005-08-04 00:00:00-04:00,2.9800000190734863,2.9800000190734863,2.9000000953674316,2.9000000953674316,13600,0.0,0.0
2005-08-05 00:00:00-04:00,3.0,3.0,2.9000000953674316,2.9700000286102295,7700,0.0,0.0
2005-08-08 00:00:00-04:00,2.890000104904175,2.950000047683716,2.809999942779541,2.9200000762939453,6400,0.0,0.0
2005-08-09 00:00:00-04:00,3.0,3.049999952316284,2.9000000953674316,3.0399999618530273,8500,0.0,0.0
2005-08-10 00:00:00-04:00,3.0399999618530273,3.049999952316284,2.930000066757202,3.0,15400,0.0,0.0
2005-08-11 00:00:00-04:00,2.940000057220459,3.0999999046325684,2.940000057220459,3.0,4500,0.0,0.0
2005-08-12 00:00:00-04:00,3.0,3.1500000953674316,2.930000066757202,3.1500000953674316,9900,0.0,0.0
2005-08-15 00:00:00-04:00,3.1500000953674316,3.4700000286102295,3.109999895095825,3.2899999618530273,35300,0.0,0.0
2005-08-16 00:00:00-04:00,3.2899999618530273,3.5,2.9800000190734863,3.0,28000,0.0,0.0
2005-08-17 00:00:00-04:00,3.049999952316284,3.200000047683716,3.049999952316284,3.059999942779541,5800,0.0,0.0
2005-08-18 00:00:00-04:00,3.059999942779541,3.200000047683716,3.009999990463257,3.0299999713897705,18700,0.0,0.0
2005-08-19 00:00:00-04:00,3.049999952316284,3.059999942779541,3.009999990463257,3.0299999713897705,5300,0.0,0.0
2005-08-22 00:00:00-04:00,3.0,3.0299999713897705,2.6700000762939453,2.8499999046325684,34700,0.0,0.0
2005-08-23 00:00:00-04:00,2.859999895095825,2.990000009536743,2.859999895095825,2.9800000190734863,9600,0.0,0.0
2005-08-24 00:00:00-04:00,2.9800000190734863,2.9800000190734863,2.9200000762939453,2.950000047683716,8400,0.0,0.0
2005-08-25 00:00:00-04:00,2.9800000190734863,2.9800000190734863,2.619999885559082,2.809999942779541,16700,0.0,0.0
2005-08-26 00:00:00-04:00,3.0,3.059999942779541,2.75,2.7799999713897705,29600,0.0,0.0
2005-08-29 00:00:00-04:00,2.75,2.859999895095825,2.75,2.8499999046325684,22000,0.0,0.0
2005-08-30 00:00:00-04:00,2.799999952316284,3.0,2.799999952316284,2.990000009536743,9400,0.0,0.0
2005-08-31 00:00:00-04:00,2.859999895095825,3.0,2.8499999046325684,2.869999885559082,12300,0.0,0.0
2005-09-01 00:00:00-04:00,2.8499999046325684,3.0199999809265137,2.8499999046325684,2.859999895095825,37300,0.0,0.0
2005-09-02 00:00:00-04:00,2.9000000953674316,3.009999990463257,2.9000000953674316,3.009999990463257,5100,0.0,0.0
2005-09-06 00:00:00-04:00,3.0,3.0,2.8499999046325684,3.0,20800,0.0,0.0
2005-09-07 00:00:00-04:00,2.9800000190734863,3.0199999809265137,2.9000000953674316,2.9200000762939453,7400,0.0,0.0
2005-09-08 00:00:00-04:00,2.859999895095825,3.0,2.75,2.930000066757202,20300,0.0,0.0
2005-09-09 00:00:00-04:00,2.9200000762939453,2.9200000762939453,2.859999895095825,2.890000104904175,25400,0.0,0.0
2005-09-12 00:00:00-04:00,3.0299999713897705,3.0299999713897705,2.880000114440918,2.890000104904175,11900,0.0,0.0
2005-09-13 00:00:00-04:00,2.859999895095825,3.009999990463257,2.8499999046325684,2.9100000858306885,8200,0.0,0.0
2005-09-14 00:00:00-04:00,2.9100000858306885,2.950000047683716,2.9100000858306885,2.9200000762939453,6800,0.0,0.0
2005-09-15 00:00:00-04:00,2.990000009536743,3.0799999237060547,2.9700000286102295,2.9700000286102295,12500,0.0,0.0
2005-09-16 00:00:00-04:00,2.859999895095825,3.0,2.8499999046325684,3.0,16100,0.0,0.0
2005-09-19 00:00:00-04:00,2.930000066757202,2.9800000190734863,2.869999885559082,2.9100000858306885,8600,0.0,0.0
2005-09-20 00:00:00-04:00,2.950000047683716,2.9700000286102295,2.869999885559082,2.9700000286102295,7900,0.0,0.0
2005-09-21 00:00:00-04:00,3.0,3.0,2.859999895095825,2.940000057220459,7100,0.0,0.0
2005-09-22 00:00:00-04:00,3.0,3.0,2.859999895095825,2.859999895095825,9000,0.0,0.0
2005-09-23 00:00:00-04:00,3.069999933242798,3.119999885559082,2.859999895095825,2.940000057220459,15100,0.0,0.0
2005-09-26 00:00:00-04:00,2.859999895095825,2.859999895095825,2.630000114440918,2.809999942779541,40100,0.0,0.0
2005-09-27 00:00:00-04:00,2.950000047683716,3.0,2.759999990463257,3.0,16600,0.0,0.0
2005-09-28 00:00:00-04:00,3.0,3.119999885559082,2.990000009536743,3.0,27100,0.0,0.0
2005-09-29 00:00:00-04:00,3.009999990463257,3.059999942779541,2.8499999046325684,3.059999942779541,19300,0.0,0.0
2005-09-30 00:00:00-04:00,3.059999942779541,3.1500000953674316,3.049999952316284,3.0999999046325684,19800,0.0,0.0
2005-10-03 00:00:00-04:00,3.180000066757202,5.300000190734863,3.180000066757202,4.650000095367432,458600,0.0,0.0
2005-10-04 00:00:00-04:00,4.900000095367432,5.119999885559082,4.679999828338623,4.760000228881836,232000,0.0,0.0
2005-10-05 00:00:00-04:00,5.119999885559082,5.119999885559082,4.550000190734863,4.710000038146973,54400,0.0,0.0
2005-10-06 00:00:00-04:00,4.650000095367432,4.789999961853027,4.389999866485596,4.550000190734863,58400,0.0,0.0
2005-10-07 00:00:00-04:00,4.199999809265137,4.5,3.809999942779541,4.130000114440918,81800,0.0,0.0
2005-10-10 00:00:00-04:00,4.5,4.53000020980835,4.320000171661377,4.320000171661377,28000,0.0,0.0
2005-10-11 00:00:00-04:00,4.28000020980835,4.28000020980835,3.9600000381469727,4.0,31500,0.0,0.0
2005-10-12 00:00:00-04:00,3.950000047683716,4.199999809265137,3.950000047683716,4.03000020980835,17400,0.0,0.0
2005-10-13 00:00:00-04:00,4.0,4.070000171661377,4.0,4.03000020980835,12100,0.0,0.0
2005-10-14 00:00:00-04:00,4.0,4.25,4.0,4.039999961853027,27700,0.0,0.0
2005-10-17 00:00:00-04:00,4.130000114440918,4.130000114440918,3.859999895095825,4.090000152587891,24100,0.0,0.0
2005-10-18 00:00:00-04:00,4.139999866485596,4.150000095367432,3.990000009536743,3.990000009536743,17700,0.0,0.0
2005-10-19 00:00:00-04:00,3.9800000190734863,4.099999904632568,3.950000047683716,3.9800000190734863,11200,0.0,0.0
2005-10-20 00:00:00-04:00,4.0,4.25,4.0,4.21999979019165,42500,0.0,0.0
2005-10-21 00:00:00-04:00,4.269999980926514,4.559999942779541,4.269999980926514,4.5,56300,0.0,0.0
2005-10-24 00:00:00-04:00,4.75,5.0,4.550000190734863,4.980000019073486,110400,0.0,0.0
2005-10-25 00:00:00-04:00,5.239999771118164,5.239999771118164,5.0,5.010000228881836,54800,0.0,0.0
2005-10-26 00:00:00-04:00,5.210000038146973,5.210000038146973,4.760000228881836,4.829999923706055,37900,0.0,0.0
2005-10-27 00:00:00-04:00,5.0,5.0,4.849999904632568,4.900000095367432,28800,0.0,0.0
2005-10-28 00:00:00-04:00,4.880000114440918,4.889999866485596,4.760000228881836,4.820000171661377,22100,0.0,0.0
2005-10-31 00:00:00-05:00,4.809999942779541,4.809999942779541,4.539999961853027,4.71999979019165,40600,0.0,0.0
2005-11-01 00:00:00-05:00,4.769999980926514,4.769999980926514,4.599999904632568,4.710000038146973,14100,0.0,0.0
2005-11-02 00:00:00-05:00,4.650000095367432,4.760000228881836,4.550000190734863,4.599999904632568,18800,0.0,0.0
2005-11-03 00:00:00-05:00,4.599999904632568,4.639999866485596,4.5,4.599999904632568,13700,0.0,0.0
2005-11-04 00:00:00-05:00,4.559999942779541,4.599999904632568,4.5,4.599999904632568,36800,0.0,0.0
2005-11-07 00:00:00-05:00,4.820000171661377,4.820000171661377,4.559999942779541,4.650000095367432,10000,0.0,0.0
2005-11-08 00:00:00-05:00,4.590000152587891,4.760000228881836,4.570000171661377,4.590000152587891,12900,0.0,0.0
2005-11-09 00:00:00-05:00,4.590000152587891,4.699999809265137,4.579999923706055,4.579999923706055,25700,0.0,0.0
2005-11-10 00:00:00-05:00,4.599999904632568,5.0,4.599999904632568,4.860000133514404,36100,0.0,0.0
2005-11-11 00:00:00-05:00,4.78000020980835,4.909999847412109,4.659999847412109,4.860000133514404,24200,0.0,0.0
2005-11-14 00:00:00-05:00,4.920000076293945,5.239999771118164,4.920000076293945,5.0,45300,0.0,0.0
2005-11-15 00:00:00-05:00,5.190000057220459,5.210000038146973,5.0,5.159999847412109,32300,0.0,0.0
2005-11-16 00:00:00-05:00,5.03000020980835,5.239999771118164,5.03000020980835,5.230000019073486,22700,0.0,0.0
2005-11-17 00:00:00-05:00,5.199999809265137,6.300000190734863,5.199999809265137,6.099999904632568,118300,0.0,0.0
2005-11-18 00:00:00-05:00,6.550000190734863,7.0,5.820000171661377,5.949999809265137,117200,0.0,0.0
2005-11-21 00:00:00-05:00,5.900000095367432,6.0,5.900000095367432,5.949999809265137,44900,0.0,0.0
2005-11-22 00:00:00-05:00,6.0,6.0,5.920000076293945,6.0,27300,0.0,0.0
2005-11-23 00:00:00-05:00,5.989999771118164,5.989999771118164,5.78000020980835,5.849999904632568,36000,0.0,0.0
2005-11-25 00:00:00-05:00,5.849999904632568,5.849999904632568,5.519999980926514,5.519999980926514,28400,0.0,0.0
2005-11-28 00:00:00-05:00,5.599999904632568,5.670000076293945,4.989999771118164,4.989999771118164,87300,0.0,0.0
2005-11-29 00:00:00-05:00,5.239999771118164,5.440000057220459,5.050000190734863,5.420000076293945,49600,0.0,0.0
2005-11-30 00:00:00-05:00,5.630000114440918,5.760000228881836,5.5,5.659999847412109,29400,0.0,0.0
2005-12-01 00:00:00-05:00,5.800000190734863,5.800000190734863,5.260000228881836,5.300000190734863,35800,0.0,0.0
2005-12-02 00:00:00-05:00,5.349999904632568,5.349999904632568,5.150000095367432,5.309999942779541,15500,0.0,0.0
2005-12-05 00:00:00-05:00,5.400000095367432,5.789999961853027,5.400000095367432,5.559999942779541,22800,0.0,0.0
2005-12-06 00:00:00-05:00,5.510000228881836,5.670000076293945,5.210000038146973,5.309999942779541,55700,0.0,0.0
2005-12-07 00:00:00-05:00,5.400000095367432,5.400000095367432,5.019999980926514,5.230000019073486,28700,0.0,0.0
2005-12-08 00:00:00-05:00,5.179999828338623,5.329999923706055,5.119999885559082,5.269999980926514,31600,0.0,0.0
2005-12-09 00:00:00-05:00,5.210000038146973,5.349999904632568,5.210000038146973,5.25,23100,0.0,0.0
2005-12-12 00:00:00-05:00,5.239999771118164,5.25,4.869999885559082,4.869999885559082,39000,0.0,0.0
2005-12-13 00:00:00-05:00,4.860000133514404,5.019999980926514,4.760000228881836,4.909999847412109,36900,0.0,0.0
2005-12-14 00:00:00-05:00,4.909999847412109,5.099999904632568,4.829999923706055,4.989999771118164,18800,0.0,0.0
2005-12-15 00:00:00-05:00,5.090000152587891,5.099999904632568,4.900000095367432,4.909999847412109,16500,0.0,0.0
2005-12-16 00:00:00-05:00,4.820000171661377,4.929999828338623,4.5,4.739999771118164,294800,0.0,0.0
2005-12-19 00:00:00-05:00,4.659999847412109,4.880000114440918,4.599999904632568,4.679999828338623,35200,0.0,0.0
2005-12-20 00:00:00-05:00,4.599999904632568,4.940000057220459,4.599999904632568,4.739999771118164,20400,0.0,0.0
2005-12-21 00:00:00-05:00,4.900000095367432,5.0,4.650000095367432,5.0,18800,0.0,0.0
2005-12-22 00:00:00-05:00,5.0,5.0,4.739999771118164,4.820000171661377,30100,0.0,0.0
2005-12-23 00:00:00-05:00,4.820000171661377,4.849999904632568,4.670000076293945,4.829999923706055,25600,0.0,0.0
2005-12-27 00:00:00-05:00,4.699999809265137,4.829999923706055,4.679999828338623,4.789999961853027,29100,0.0,0.0
2005-12-28 00:00:00-05:00,4.690000057220459,5.0,4.690000057220459,4.920000076293945,112000,0.0,0.0
2005-12-29 00:00:00-05:00,4.849999904632568,5.090000152587891,4.849999904632568,5.0,59900,0.0,0.0
2005-12-30 00:00:00-05:00,5.099999904632568,5.25,4.980000019073486,5.170000076293945,138800,0.0,0.0
2006-01-03 00:00:00-05:00,5.170000076293945,5.599999904632568,5.019999980926514,5.329999923706055,118400,0.0,0.0
2006-01-04 00:00:00-05:00,5.550000190734863,5.739999771118164,5.380000114440918,5.579999923706055,37900,0.0,0.0
2006-01-05 00:00:00-05:00,5.809999942779541,6.090000152587891,5.650000095367432,5.739999771118164,175500,0.0,0.0
2006-01-06 00:00:00-05:00,5.96999979019165,6.070000171661377,5.71999979019165,6.070000171661377,74400,0.0,0.0
2006-01-09 00:00:00-05:00,6.110000133514404,6.320000171661377,6.0,6.0,39400,0.0,0.0
2006-01-10 00:00:00-05:00,6.010000228881836,6.010000228881836,5.960000038146973,5.96999979019165,17500,0.0,0.0
2006-01-11 00:00:00-05:00,5.96999979019165,5.96999979019165,5.480000019073486,5.489999771118164,76500,0.0,0.0
2006-01-12 00:00:00-05:00,5.5,5.519999980926514,5.159999847412109,5.21999979019165,99300,0.0,0.0
2006-01-13 00:00:00-05:00,5.28000020980835,5.320000171661377,5.190000057220459,5.269999980926514,23500,0.0,0.0
2006-01-17 00:00:00-05:00,5.25,5.360000133514404,5.079999923706055,5.179999828338623,49800,0.0,0.0
2006-01-18 00:00:00-05:00,5.099999904632568,5.380000114440918,5.079999923706055,5.380000114440918,124900,0.0,0.0
2006-01-19 00:00:00-05:00,5.400000095367432,5.420000076293945,5.150000095367432,5.28000020980835,119500,0.0,0.0
2006-01-20 00:00:00-05:00,5.5,5.5,5.099999904632568,5.130000114440918,77300,0.0,0.0
2006-01-23 00:00:00-05:00,5.070000171661377,5.099999904632568,4.869999885559082,4.900000095367432,52300,0.0,0.0
2006-01-24 00:00:00-05:00,4.900000095367432,4.940000057220459,4.769999980926514,4.940000057220459,35800,0.0,0.0
2006-01-25 00:00:00-05:00,4.880000114440918,4.989999771118164,4.769999980926514,4.989999771118164,24700,0.0,0.0
2006-01-26 00:00:00-05:00,4.889999866485596,5.090000152587891,4.849999904632568,5.019999980926514,44900,0.0,0.0
2006-01-27 00:00:00-05:00,4.96999979019165,5.070000171661377,4.849999904632568,5.019999980926514,25600,0.0,0.0
2006-01-30 00:00:00-05:00,4.960000038146973,5.0,4.949999809265137,4.989999771118164,11900,0.0,0.0
2006-01-31 00:00:00-05:00,5.0,5.150000095367432,4.960000038146973,5.099999904632568,33600,0.0,0.0
2006-02-01 00:00:00-05:00,5.289999961853027,5.289999961853027,4.989999771118164,5.019999980926514,19100,0.0,0.0
2006-02-02 00:00:00-05:00,5.039999961853027,5.079999923706055,5.010000228881836,5.050000190734863,5400,0.0,0.0
2006-02-03 00:00:00-05:00,5.090000152587891,5.130000114440918,5.070000171661377,5.110000133514404,4500,0.0,0.0
2006-02-06 00:00:00-05:00,5.190000057220459,5.190000057220459,5.059999942779541,5.099999904632568,10400,0.0,0.0
2006-02-07 00:00:00-05:00,5.0,5.090000152587891,4.909999847412109,4.960000038146973,24000,0.0,0.0
2006-02-08 00:00:00-05:00,4.949999809265137,5.039999961853027,4.949999809265137,4.980000019073486,3900,0.0,0.0
2006-02-09 00:00:00-05:00,5.0,5.059999942779541,4.949999809265137,5.019999980926514,6700,0.0,0.0
2006-02-10 00:00:00-05:00,5.0,5.019999980926514,4.989999771118164,5.019999980926514,2900,0.0,0.0
2006-02-13 00:00:00-05:00,5.039999961853027,5.050000190734863,4.989999771118164,5.010000228881836,6500,0.0,0.0
2006-02-14 00:00:00-05:00,5.010000228881836,5.019999980926514,4.869999885559082,4.869999885559082,11000,0.0,0.0
2006-02-15 00:00:00-05:00,4.880000114440918,4.96999979019165,4.739999771118164,4.78000020980835,15800,0.0,0.0
2006-02-16 00:00:00-05:00,4.769999980926514,4.829999923706055,4.710000038146973,4.820000171661377,18800,0.0,0.0
2006-02-17 00:00:00-05:00,4.730000019073486,4.809999942779541,4.699999809265137,4.710000038146973,8800,0.0,0.0
2006-02-21 00:00:00-05:00,4.699999809265137,5.0,4.650000095367432,4.670000076293945,21700,0.0,0.0
2006-02-22 00:00:00-05:00,4.599999904632568,4.869999885559082,4.579999923706055,4.739999771118164,18200,0.0,0.0
2006-02-23 00:00:00-05:00,4.610000133514404,4.659999847412109,4.340000152587891,4.489999771118164,45500,0.0,0.0
2006-02-24 00:00:00-05:00,4.429999828338623,4.599999904632568,4.300000190734863,4.420000076293945,38700,0.0,0.0
2006-02-27 00:00:00-05:00,4.420000076293945,4.420000076293945,4.179999828338623,4.199999809265137,31700,0.0,0.0
2006-02-28 00:00:00-05:00,4.25,4.25,4.050000190734863,4.179999828338623,29000,0.0,0.0
2006-03-01 00:00:00-05:00,4.110000133514404,4.329999923706055,4.099999904632568,4.329999923706055,34200,0.0,0.0
2006-03-02 00:00:00-05:00,4.349999904632568,4.53000020980835,4.179999828338623,4.53000020980835,10900,0.0,0.0
2006-03-03 00:00:00-05:00,4.590000152587891,4.599999904632568,4.369999885559082,4.400000095367432,12900,0.0,0.0
2006-03-06 00:00:00-05:00,4.289999961853027,4.96999979019165,4.289999961853027,4.800000190734863,33100,0.0,0.0
2006-03-07 00:00:00-05:00,4.650000095367432,4.760000228881836,4.650000095367432,4.690000057220459,10400,0.0,0.0
2006-03-08 00:00:00-05:00,4.650000095367432,4.650000095367432,4.409999847412109,4.46999979019165,8000,0.0,0.0
2006-03-09 00:00:00-05:00,4.510000228881836,4.510000228881836,4.420000076293945,4.420000076293945,3000,0.0,0.0
2006-03-10 00:00:00-05:00,4.429999828338623,4.460000038146973,4.300000190734863,4.449999809265137,9700,0.0,0.0
2006-03-13 00:00:00-05:00,4.300000190734863,4.309999942779541,4.0,4.070000171661377,71600,0.0,0.0
2006-03-14 00:00:00-05:00,4.0,4.099999904632568,4.0,4.079999923706055,19200,0.0,0.0
2006-03-15 00:00:00-05:00,3.9800000190734863,4.25,3.9800000190734863,4.03000020980835,21000,0.0,0.0
2006-03-16 00:00:00-05:00,4.0,4.050000190734863,3.9000000953674316,3.9600000381469727,36600,0.0,0.0
2006-03-17 00:00:00-05:00,3.9100000858306885,4.769999980926514,3.5899999141693115,4.150000095367432,67400,0.0,0.0
2006-03-20 00:00:00-05:00,4.199999809265137,4.590000152587891,3.990000009536743,4.010000228881836,19700,0.0,0.0
2006-03-21 00:00:00-05:00,4.079999923706055,4.119999885559082,4.010000228881836,4.079999923706055,12800,0.0,0.0
2006-03-22 00:00:00-05:00,4.099999904632568,4.099999904632568,3.880000114440918,3.9000000953674316,11700,0.0,0.0
2006-03-23 00:00:00-05:00,4.0,4.199999809265137,3.9100000858306885,4.03000020980835,28200,0.0,0.0
2006-03-24 00:00:00-05:00,3.9800000190734863,4.170000076293945,3.930000066757202,3.9600000381469727,25200,0.0,0.0
2006-03-27 00:00:00-05:00,3.940000057220459,4.070000171661377,3.940000057220459,4.010000228881836,5700,0.0,0.0
2006-03-28 00:00:00-05:00,4.099999904632568,4.099999904632568,3.9700000286102295,3.9700000286102295,9400,0.0,0.0
2006-03-29 00:00:00-05:00,3.9700000286102295,4.130000114440918,3.799999952316284,3.950000047683716,47800,0.0,0.0
2006-03-30 00:00:00-05:00,3.799999952316284,3.990000009536743,3.799999952316284,3.950000047683716,18900,0.0,0.0
2006-03-31 00:00:00-05:00,3.8499999046325684,3.9000000953674316,3.7300000190734863,3.859999895095825,116100,0.0,0.0
2006-04-03 00:00:00-04:00,3.950000047683716,3.950000047683716,3.7100000381469727,3.7699999809265137,11700,0.0,0.0
2006-04-04 00:00:00-04:00,3.950000047683716,4.119999885559082,3.819999933242798,3.9100000858306885,83400,0.0,0.0
2006-04-05 00:00:00-04:00,3.950000047683716,4.389999866485596,3.799999952316284,4.230000019073486,974900,0.0,0.0
2006-04-06 00:00:00-04:00,4.400000095367432,5.21999979019165,4.309999942779541,4.809999942779541,352300,0.0,0.0
2006-04-07 00:00:00-04:00,4.809999942779541,4.900000095367432,4.619999885559082,4.710000038146973,147900,0.0,0.0
2006-04-10 00:00:00-04:00,5.0,5.46999979019165,4.960000038146973,5.360000133514404,384300,0.0,0.0
2006-04-11 00:00:00-04:00,5.460000038146973,5.989999771118164,4.860000133514404,5.070000171661377,420200,0.0,0.0
2006-04-12 00:00:00-04:00,5.139999866485596,5.139999866485596,4.75,4.849999904632568,126700,0.0,0.0
2006-04-13 00:00:00-04:00,4.75,5.130000114440918,4.75,5.110000133514404,21900,0.0,0.0
2006-04-17 00:00:00-04:00,5.010000228881836,6.0,5.010000228881836,5.739999771118164,1141800,0.0,0.0
2006-04-18 00:00:00-04:00,5.769999980926514,5.769999980926514,5.300000190734863,5.400000095367432,78100,0.0,0.0
2006-04-19 00:00:00-04:00,5.389999866485596,5.730000019073486,5.320000171661377,5.730000019073486,87400,0.0,0.0
2006-04-20 00:00:00-04:00,5.699999809265137,5.699999809265137,5.300000190734863,5.369999885559082,170500,0.0,0.0
2006-04-21 00:00:00-04:00,5.5,5.71999979019165,5.400000095367432,5.460000038146973,132900,0.0,0.0
2006-04-24 00:00:00-04:00,5.380000114440918,5.559999942779541,5.21999979019165,5.559999942779541,41600,0.0,0.0
2006-04-25 00:00:00-04:00,5.5,5.5,5.28000020980835,5.480000019073486,38500,0.0,0.0
2006-04-26 00:00:00-04:00,5.429999828338623,5.639999866485596,5.340000152587891,5.519999980926514,41200,0.0,0.0
2006-04-27 00:00:00-04:00,5.449999809265137,5.769999980926514,5.369999885559082,5.739999771118164,271300,0.0,0.0
2006-04-28 00:00:00-04:00,5.75,5.800000190734863,5.329999923706055,5.449999809265137,87700,0.0,0.0
2006-05-01 00:00:00-04:00,5.449999809265137,5.5,5.300000190734863,5.320000171661377,56000,0.0,0.0
2006-05-02 00:00:00-04:00,5.320000171661377,5.400000095367432,5.28000020980835,5.349999904632568,19000,0.0,0.0
2006-05-03 00:00:00-04:00,5.349999904632568,5.349999904632568,5.199999809265137,5.300000190734863,16700,0.0,0.0
2006-05-04 00:00:00-04:00,5.329999923706055,5.400000095367432,5.300000190734863,5.340000152587891,16600,0.0,0.0
2006-05-05 00:00:00-04:00,5.400000095367432,5.699999809265137,5.340000152587891,5.670000076293945,436200,0.0,0.0
2006-05-08 00:00:00-04:00,5.630000114440918,5.679999828338623,5.420000076293945,5.590000152587891,130500,0.0,0.0
2006-05-09 00:00:00-04:00,5.539999961853027,5.949999809265137,5.449999809265137,5.679999828338623,131100,0.0,0.0
2006-05-10 00:00:00-04:00,5.849999904632568,5.949999809265137,5.639999866485596,5.789999961853027,86400,0.0,0.0
2006-05-11 00:00:00-04:00,5.739999771118164,5.929999828338623,5.510000228881836,5.699999809265137,323700,0.0,0.0
2006-05-12 00:00:00-04:00,5.699999809265137,5.789999961853027,5.5,5.599999904632568,41500,0.0,0.0
2006-05-15 00:00:00-04:00,5.800000190734863,6.0,5.699999809265137,5.800000190734863,42700,0.0,0.0
2006-05-16 00:00:00-04:00,5.880000114440918,6.0,5.610000133514404,6.0,52800,0.0,0.0
2006-05-17 00:00:00-04:00,5.949999809265137,5.989999771118164,5.659999847412109,5.829999923706055,57100,0.0,0.0
2006-05-18 00:00:00-04:00,5.619999885559082,6.099999904632568,5.619999885559082,6.0,337300,0.0,0.0
2006-05-19 00:00:00-04:00,6.070000171661377,6.489999771118164,6.0,6.039999961853027,654500,0.0,0.0
2006-05-22 00:00:00-04:00,5.989999771118164,6.139999866485596,5.900000095367432,5.949999809265137,53200,0.0,0.0
2006-05-23 00:00:00-04:00,5.929999828338623,6.079999923706055,5.909999847412109,5.980000019073486,48800,0.0,0.0
2006-05-24 00:00:00-04:00,5.940000057220459,6.0,5.230000019073486,5.25,140800,0.0,0.0
2006-05-25 00:00:00-04:00,5.230000019073486,5.550000190734863,5.230000019073486,5.389999866485596,62900,0.0,0.0
2006-05-26 00:00:00-04:00,5.400000095367432,5.429999828338623,5.289999961853027,5.429999828338623,14800,0.0,0.0
2006-05-30 00:00:00-04:00,5.389999866485596,5.400000095367432,5.190000057220459,5.340000152587891,65100,0.0,0.0
2006-05-31 00:00:00-04:00,5.239999771118164,5.579999923706055,5.21999979019165,5.400000095367432,80900,0.0,0.0
2006-06-01 00:00:00-04:00,5.389999866485596,5.480000019073486,5.139999866485596,5.190000057220459,45800,0.0,0.0
2006-06-02 00:00:00-04:00,5.150000095367432,5.460000038146973,5.150000095367432,5.460000038146973,39800,0.0,0.0
2006-06-05 00:00:00-04:00,5.489999771118164,5.760000228881836,5.260000228881836,5.650000095367432,345100,0.0,0.0
2006-06-06 00:00:00-04:00,5.679999828338623,5.860000133514404,5.599999904632568,5.78000020980835,79500,0.0,0.0
2006-06-07 00:00:00-04:00,5.800000190734863,5.820000171661377,5.309999942779541,5.429999828338623,80400,0.0,0.0
2006-06-08 00:00:00-04:00,5.400000095367432,5.510000228881836,5.159999847412109,5.309999942779541,44900,0.0,0.0
2006-06-09 00:00:00-04:00,5.349999904632568,5.809999942779541,5.349999904632568,5.710000038146973,31800,0.0,0.0
2006-06-12 00:00:00-04:00,5.739999771118164,5.869999885559082,5.369999885559082,5.380000114440918,53600,0.0,0.0
2006-06-13 00:00:00-04:00,5.300000190734863,5.400000095367432,4.539999961853027,4.809999942779541,163000,0.0,0.0
2006-06-14 00:00:00-04:00,4.900000095367432,5.0,4.599999904632568,4.599999904632568,71000,0.0,0.0
2006-06-15 00:00:00-04:00,4.710000038146973,5.090000152587891,4.630000114440918,4.820000171661377,59500,0.0,0.0
2006-06-16 00:00:00-04:00,5.0,5.039999961853027,4.849999904632568,4.909999847412109,32800,0.0,0.0
2006-06-19 00:00:00-04:00,4.900000095367432,5.300000190734863,4.71999979019165,5.139999866485596,49300,0.0,0.0
2006-06-20 00:00:00-04:00,5.110000133514404,5.289999961853027,4.909999847412109,5.110000133514404,20900,0.0,0.0
2006-06-21 00:00:00-04:00,5.079999923706055,5.150000095367432,4.739999771118164,4.820000171661377,51400,0.0,0.0
2006-06-22 00:00:00-04:00,4.869999885559082,4.940000057220459,4.800000190734863,4.869999885559082,22300,0.0,0.0
2006-06-23 00:00:00-04:00,4.900000095367432,4.900000095367432,4.849999904632568,4.869999885559082,13900,0.0,0.0
2006-06-26 00:00:00-04:00,4.849999904632568,4.900000095367432,4.71999979019165,4.829999923706055,29200,0.0,0.0
2006-06-27 00:00:00-04:00,4.829999923706055,4.900000095367432,4.800000190734863,4.900000095367432,18700,0.0,0.0
2006-06-28 00:00:00-04:00,4.900000095367432,5.0,4.760000228881836,4.929999828338623,17400,0.0,0.0
2006-06-29 00:00:00-04:00,4.900000095367432,5.230000019073486,4.900000095367432,5.03000020980835,23000,0.0,0.0
2006-06-30 00:00:00-04:00,5.0,5.179999828338623,4.880000114440918,5.179999828338623,25200,0.0,0.0
2006-07-03 00:00:00-04:00,5.150000095367432,5.25,5.099999904632568,5.21999979019165,7400,0.0,0.0
2006-07-05 00:00:00-04:00,5.190000057220459,5.21999979019165,5.0,5.159999847412109,13800,0.0,0.0
2006-07-06 00:00:00-04:00,5.150000095367432,5.150000095367432,4.869999885559082,4.869999885559082,26300,0.0,0.0
2006-07-07 00:00:00-04:00,4.929999828338623,4.989999771118164,4.699999809265137,4.769999980926514,26800,0.0,0.0
2006-07-10 00:00:00-04:00,4.989999771118164,5.099999904632568,4.699999809265137,5.0,21600,0.0,0.0
2006-07-11 00:00:00-04:00,4.849999904632568,5.150000095367432,4.809999942779541,4.980000019073486,21200,0.0,0.0
2006-07-12 00:00:00-04:00,4.949999809265137,5.179999828338623,4.929999828338623,5.099999904632568,20500,0.0,0.0
2006-07-13 00:00:00-04:00,5.170000076293945,5.170000076293945,4.869999885559082,4.909999847412109,26000,0.0,0.0
2006-07-14 00:00:00-04:00,5.0,5.019999980926514,4.849999904632568,4.940000057220459,26700,0.0,0.0
2006-07-17 00:00:00-04:00,4.699999809265137,4.849999904632568,4.420000076293945,4.420000076293945,140200,0.0,0.0
2006-07-18 00:00:00-04:00,4.400000095367432,4.550000190734863,4.369999885559082,4.550000190734863,89900,0.0,0.0
2006-07-19 00:00:00-04:00,4.519999980926514,4.559999942779541,4.28000020980835,4.480000019073486,101900,0.0,0.0
2006-07-20 00:00:00-04:00,4.5,4.550000190734863,4.349999904632568,4.409999847412109,19000,0.0,0.0
2006-07-21 00:00:00-04:00,4.449999809265137,4.539999961853027,4.309999942779541,4.380000114440918,10600,0.0,0.0
2006-07-24 00:00:00-04:00,4.599999904632568,4.599999904632568,4.300000190734863,4.309999942779541,14700,0.0,0.0
2006-07-25 00:00:00-04:00,4.28000020980835,4.539999961853027,4.25,4.320000171661377,17200,0.0,0.0
2006-07-26 00:00:00-04:00,4.449999809265137,4.449999809265137,4.21999979019165,4.21999979019165,23600,0.0,0.0
2006-07-27 00:00:00-04:00,4.21999979019165,4.289999961853027,4.199999809265137,4.25,17800,0.0,0.0
2006-07-28 00:00:00-04:00,4.25,4.420000076293945,4.239999771118164,4.369999885559082,33900,0.0,0.0
2006-07-31 00:00:00-04:00,4.340000152587891,4.400000095367432,4.289999961853027,4.300000190734863,18400,0.0,0.0
2006-08-01 00:00:00-04:00,4.329999923706055,4.440000057220459,4.25,4.260000228881836,17200,0.0,0.0
2006-08-02 00:00:00-04:00,4.260000228881836,4.28000020980835,4.210000038146973,4.210000038146973,5700,0.0,0.0
2006-08-03 00:00:00-04:00,4.389999866485596,4.420000076293945,4.090000152587891,4.28000020980835,32300,0.0,0.0
2006-08-04 00:00:00-04:00,4.329999923706055,4.400000095367432,4.25,4.25,20200,0.0,0.0
2006-08-07 00:00:00-04:00,4.199999809265137,4.369999885559082,4.170000076293945,4.179999828338623,29800,0.0,0.0
2006-08-08 00:00:00-04:00,4.460000038146973,4.460000038146973,4.21999979019165,4.269999980926514,31100,0.0,0.0
2006-08-09 00:00:00-04:00,4.460000038146973,4.460000038146973,4.28000020980835,4.28000020980835,8700,0.0,0.0
2006-08-10 00:00:00-04:00,4.300000190734863,4.449999809265137,4.300000190734863,4.449999809265137,30100,0.0,0.0
2006-08-11 00:00:00-04:00,4.369999885559082,4.389999866485596,4.349999904632568,4.349999904632568,24100,0.0,0.0
2006-08-14 00:00:00-04:00,4.369999885559082,4.519999980926514,4.369999885559082,4.420000076293945,38900,0.0,0.0
2006-08-15 00:00:00-04:00,4.409999847412109,4.440000057220459,4.289999961853027,4.289999961853027,20700,0.0,0.0
2006-08-16 00:00:00-04:00,4.380000114440918,4.380000114440918,4.300000190734863,4.320000171661377,34500,0.0,0.0
2006-08-17 00:00:00-04:00,4.320000171661377,4.320000171661377,4.130000114440918,4.179999828338623,35100,0.0,0.0
2006-08-18 00:00:00-04:00,4.289999961853027,4.289999961853027,4.199999809265137,4.199999809265137,29700,0.0,0.0
2006-08-21 00:00:00-04:00,4.349999904632568,4.349999904632568,4.070000171661377,4.190000057220459,46400,0.0,0.0
2006-08-22 00:00:00-04:00,4.25,4.289999961853027,4.159999847412109,4.199999809265137,17000,0.0,0.0
2006-08-23 00:00:00-04:00,4.199999809265137,4.269999980926514,4.179999828338623,4.210000038146973,13700,0.0,0.0
2006-08-24 00:00:00-04:00,4.25,4.340000152587891,4.199999809265137,4.199999809265137,19800,0.0,0.0
2006-08-25 00:00:00-04:00,4.159999847412109,4.269999980926514,4.110000133514404,4.139999866485596,33000,0.0,0.0
2006-08-28 00:00:00-04:00,4.210000038146973,4.480000019073486,4.150000095367432,4.159999847412109,58700,0.0,0.0
2006-08-29 00:00:00-04:00,4.150000095367432,4.300000190734863,4.150000095367432,4.190000057220459,27500,0.0,0.0
2006-08-30 00:00:00-04:00,4.25,4.260000228881836,4.179999828338623,4.25,27400,0.0,0.0
2006-08-31 00:00:00-04:00,4.210000038146973,4.269999980926514,4.179999828338623,4.199999809265137,11200,0.0,0.0
2006-09-01 00:00:00-04:00,4.25,4.289999961853027,4.199999809265137,4.25,20800,0.0,0.0
2006-09-05 00:00:00-04:00,4.25,4.300000190734863,4.190000057220459,4.239999771118164,24600,0.0,0.0
2006-09-06 00:00:00-04:00,4.25,4.25,4.199999809265137,4.210000038146973,13000,0.0,0.0
2006-09-07 00:00:00-04:00,4.159999847412109,4.230000019073486,4.110000133514404,4.190000057220459,12500,0.0,0.0
2006-09-08 00:00:00-04:00,4.210000038146973,4.210000038146973,4.090000152587891,4.119999885559082,26500,0.0,0.0
2006-09-11 00:00:00-04:00,4.159999847412109,4.159999847412109,4.050000190734863,4.059999942779541,15600,0.0,0.0
2006-09-12 00:00:00-04:00,4.070000171661377,4.119999885559082,4.059999942779541,4.110000133514404,15300,0.0,0.0
2006-09-13 00:00:00-04:00,4.139999866485596,4.21999979019165,4.099999904632568,4.210000038146973,10100,0.0,0.0
2006-09-14 00:00:00-04:00,4.159999847412109,4.260000228881836,4.099999904632568,4.260000228881836,10500,0.0,0.0
2006-09-15 00:00:00-04:00,4.210000038146973,4.25,4.150000095367432,4.239999771118164,20000,0.0,0.0
2006-09-18 00:00:00-04:00,4.260000228881836,4.260000228881836,4.139999866485596,4.179999828338623,12600,0.0,0.0
2006-09-19 00:00:00-04:00,4.150000095367432,4.150000095367432,4.019999980926514,4.119999885559082,32600,0.0,0.0
2006-09-20 00:00:00-04:00,4.150000095367432,4.170000076293945,4.0,4.010000228881836,39300,0.0,0.0
2006-09-21 00:00:00-04:00,4.0,4.21999979019165,4.0,4.090000152587891,40000,0.0,0.0
2006-09-22 00:00:00-04:00,4.230000019073486,4.25,4.070000171661377,4.21999979019165,9200,0.0,0.0
2006-09-25 00:00:00-04:00,4.320000171661377,4.320000171661377,4.210000038146973,4.230000019073486,12100,0.0,0.0
2006-09-26 00:00:00-04:00,4.239999771118164,4.429999828338623,4.239999771118164,4.409999847412109,23400,0.0,0.0
2006-09-27 00:00:00-04:00,4.360000133514404,4.519999980926514,4.309999942779541,4.380000114440918,42000,0.0,0.0
2006-09-28 00:00:00-04:00,4.400000095367432,4.409999847412109,4.260000228881836,4.320000171661377,14500,0.0,0.0
2006-09-29 00:00:00-04:00,4.03000020980835,4.53000020980835,4.03000020980835,4.320000171661377,18800,0.0,0.0
2006-10-02 00:00:00-04:00,4.28000020980835,4.53000020980835,4.28000020980835,4.519999980926514,24100,0.0,0.0
2006-10-03 00:00:00-04:00,4.460000038146973,4.519999980926514,4.269999980926514,4.269999980926514,31400,0.0,0.0
2006-10-04 00:00:00-04:00,4.260000228881836,4.300000190734863,4.119999885559082,4.159999847412109,40400,0.0,0.0
2006-10-05 00:00:00-04:00,4.119999885559082,4.199999809265137,4.119999885559082,4.199999809265137,32200,0.0,0.0
2006-10-06 00:00:00-04:00,4.139999866485596,4.139999866485596,4.050000190734863,4.099999904632568,17200,0.0,0.0
2006-10-09 00:00:00-04:00,4.190000057220459,4.369999885559082,4.090000152587891,4.21999979019165,33400,0.0,0.0
2006-10-10 00:00:00-04:00,4.440000057220459,4.440000057220459,4.340000152587891,4.400000095367432,15200,0.0,0.0
2006-10-11 00:00:00-04:00,4.489999771118164,4.489999771118164,4.329999923706055,4.369999885559082,12600,0.0,0.0
2006-10-12 00:00:00-04:00,4.440000057220459,5.199999809265137,4.440000057220459,5.110000133514404,140300,0.0,0.0
2006-10-13 00:00:00-04:00,5.21999979019165,5.300000190734863,4.800000190734863,4.909999847412109,66400,0.0,0.0
2006-10-16 00:00:00-04:00,5.0,5.409999847412109,5.0,5.380000114440918,60700,0.0,0.0
2006-10-17 00:00:00-04:00,5.489999771118164,5.539999961853027,5.099999904632568,5.150000095367432,50200,0.0,0.0
2006-10-18 00:00:00-04:00,5.150000095367432,5.5,5.150000095367432,5.369999885559082,47800,0.0,0.0
2006-10-19 00:00:00-04:00,5.369999885559082,5.369999885559082,5.210000038146973,5.25,36300,0.0,0.0
2006-10-20 00:00:00-04:00,5.289999961853027,5.409999847412109,5.28000020980835,5.349999904632568,12400,0.0,0.0
2006-10-23 00:00:00-04:00,5.5,5.5,5.110000133514404,5.199999809265137,31200,0.0,0.0
2006-10-24 00:00:00-04:00,5.5,5.5,5.199999809265137,5.460000038146973,28700,0.0,0.0
2006-10-25 00:00:00-04:00,5.449999809265137,5.599999904632568,5.300000190734863,5.489999771118164,23300,0.0,0.0
2006-10-26 00:00:00-04:00,5.400000095367432,5.590000152587891,5.380000114440918,5.46999979019165,34400,0.0,0.0
2006-10-27 00:00:00-04:00,5.510000228881836,5.510000228881836,5.420000076293945,5.489999771118164,7200,0.0,0.0
2006-10-30 00:00:00-05:00,5.489999771118164,5.599999904632568,5.409999847412109,5.46999979019165,20200,0.0,0.0
2006-10-31 00:00:00-05:00,5.5,5.78000020980835,5.480000019073486,5.78000020980835,37700,0.0,0.0
2006-11-01 00:00:00-05:00,5.800000190734863,6.369999885559082,5.800000190734863,6.210000038146973,100000,0.0,0.0
2006-11-02 00:00:00-05:00,6.480000019073486,6.480000019073486,6.119999885559082,6.269999980926514,61700,0.0,0.0
2006-11-03 00:00:00-05:00,6.679999828338623,6.820000171661377,6.329999923706055,6.5,83600,0.0,0.0
2006-11-06 00:00:00-05:00,6.599999904632568,6.599999904632568,6.050000190734863,6.230000019073486,74800,0.0,0.0
2006-11-07 00:00:00-05:00,6.25,6.260000228881836,5.550000190734863,5.75,85400,0.0,0.0
2006-11-08 00:00:00-05:00,5.639999866485596,5.639999866485596,5.360000133514404,5.46999979019165,49400,0.0,0.0
2006-11-09 00:00:00-05:00,5.46999979019165,5.929999828338623,5.46999979019165,5.559999942779541,30900,0.0,0.0
2006-11-10 00:00:00-05:00,5.440000057220459,5.699999809265137,5.389999866485596,5.599999904632568,22200,0.0,0.0
2006-11-13 00:00:00-05:00,5.650000095367432,5.929999828338623,5.590000152587891,5.590000152587891,40700,0.0,0.0
2006-11-14 00:00:00-05:00,5.539999961853027,5.71999979019165,5.139999866485596,5.230000019073486,41300,0.0,0.0
2006-11-15 00:00:00-05:00,5.159999847412109,5.480000019073486,5.159999847412109,5.380000114440918,24300,0.0,0.0
2006-11-16 00:00:00-05:00,5.369999885559082,5.690000057220459,5.340000152587891,5.690000057220459,21600,0.0,0.0
2006-11-17 00:00:00-05:00,5.619999885559082,5.630000114440918,5.210000038146973,5.400000095367432,33000,0.0,0.0
2006-11-20 00:00:00-05:00,5.5,5.510000228881836,5.21999979019165,5.340000152587891,25600,0.0,0.0
2006-11-21 00:00:00-05:00,5.340000152587891,5.360000133514404,5.230000019073486,5.25,9000,0.0,0.0
2006-11-22 00:00:00-05:00,5.25,5.400000095367432,5.230000019073486,5.400000095367432,27100,0.0,0.0
2006-11-24 00:00:00-05:00,5.489999771118164,5.489999771118164,5.300000190734863,5.429999828338623,10200,0.0,0.0
2006-11-27 00:00:00-05:00,5.409999847412109,5.610000133514404,5.409999847412109,5.550000190734863,23600,0.0,0.0
2006-11-28 00:00:00-05:00,5.489999771118164,5.949999809265137,5.489999771118164,5.949999809265137,22700,0.0,0.0
2006-11-29 00:00:00-05:00,5.96999979019165,6.5,5.960000038146973,6.210000038146973,57700,0.0,0.0
2006-11-30 00:00:00-05:00,6.159999847412109,6.429999828338623,6.03000020980835,6.03000020980835,20300,0.0,0.0
2006-12-01 00:00:00-05:00,6.0,6.070000171661377,5.980000019073486,6.0,28100,0.0,0.0
2006-12-04 00:00:00-05:00,6.050000190734863,6.150000095367432,6.0,6.039999961853027,19300,0.0,0.0
2006-12-05 00:00:00-05:00,6.059999942779541,6.239999771118164,6.059999942779541,6.150000095367432,15800,0.0,0.0
2006-12-06 00:00:00-05:00,6.210000038146973,6.25,6.010000228881836,6.159999847412109,28300,0.0,0.0
2006-12-07 00:00:00-05:00,6.199999809265137,6.199999809265137,6.0,6.050000190734863,20900,0.0,0.0
2006-12-08 00:00:00-05:00,6.0,6.090000152587891,5.960000038146973,6.019999980926514,33800,0.0,0.0
2006-12-11 00:00:00-05:00,5.96999979019165,6.0,5.900000095367432,5.900000095367432,23900,0.0,0.0
2006-12-12 00:00:00-05:00,5.960000038146973,5.960000038146973,5.840000152587891,5.889999866485596,10200,0.0,0.0
2006-12-13 00:00:00-05:00,5.849999904632568,5.849999904632568,5.489999771118164,5.579999923706055,34100,0.0,0.0
2006-12-14 00:00:00-05:00,5.53000020980835,5.630000114440918,5.380000114440918,5.559999942779541,34400,0.0,0.0
2006-12-15 00:00:00-05:00,5.489999771118164,5.849999904632568,5.46999979019165,5.559999942779541,21900,0.0,0.0
2006-12-18 00:00:00-05:00,5.53000020980835,5.53000020980835,5.21999979019165,5.300000190734863,28300,0.0,0.0
2006-12-19 00:00:00-05:00,5.5,5.5,5.320000171661377,5.389999866485596,13700,0.0,0.0
2006-12-20 00:00:00-05:00,5.449999809265137,5.449999809265137,5.329999923706055,5.380000114440918,22200,0.0,0.0
2006-12-21 00:00:00-05:00,5.320000171661377,5.420000076293945,5.300000190734863,5.320000171661377,18200,0.0,0.0
2006-12-22 00:00:00-05:00,5.320000171661377,5.400000095367432,5.320000171661377,5.400000095367432,16700,0.0,0.0
2006-12-26 00:00:00-05:00,5.309999942779541,5.380000114440918,5.25,5.380000114440918,15900,0.0,0.0
2006-12-27 00:00:00-05:00,5.289999961853027,5.320000171661377,5.25,5.300000190734863,16800,0.0,0.0
2006-12-28 00:00:00-05:00,5.28000020980835,5.460000038146973,5.269999980926514,5.460000038146973,17900,0.0,0.0
2006-12-29 00:00:00-05:00,5.420000076293945,5.480000019073486,5.260000228881836,5.480000019073486,32300,0.0,0.0
2007-01-03 00:00:00-05:00,5.349999904632568,5.5,5.0,5.159999847412109,53300,0.0,0.0
2007-01-04 00:00:00-05:00,5.139999866485596,5.25,5.139999866485596,5.25,7600,0.0,0.0
2007-01-05 00:00:00-05:00,5.289999961853027,5.289999961853027,5.130000114440918,5.190000057220459,19100,0.0,0.0
2007-01-08 00:00:00-05:00,5.139999866485596,5.139999866485596,5.03000020980835,5.03000020980835,32800,0.0,0.0
2007-01-09 00:00:00-05:00,5.010000228881836,5.139999866485596,5.010000228881836,5.019999980926514,13800,0.0,0.0
2007-01-10 00:00:00-05:00,5.079999923706055,5.079999923706055,4.929999828338623,4.989999771118164,25400,0.0,0.0
2007-01-11 00:00:00-05:00,4.949999809265137,5.159999847412109,4.940000057220459,5.159999847412109,20900,0.0,0.0
2007-01-12 00:00:00-05:00,5.480000019073486,5.840000152587891,5.25,5.840000152587891,48700,0.0,0.0
2007-01-16 00:00:00-05:00,5.849999904632568,6.369999885559082,5.849999904632568,6.070000171661377,83500,0.0,0.0
2007-01-17 00:00:00-05:00,6.150000095367432,6.150000095367432,5.889999866485596,5.900000095367432,36500,0.0,0.0
2007-01-18 00:00:00-05:00,5.840000152587891,5.909999847412109,5.659999847412109,5.71999979019165,75800,0.0,0.0
2007-01-19 00:00:00-05:00,5.78000020980835,6.090000152587891,5.730000019073486,6.03000020980835,37800,0.0,0.0
2007-01-22 00:00:00-05:00,5.829999923706055,6.019999980926514,5.630000114440918,5.630000114440918,202100,0.0,0.0
2007-01-23 00:00:00-05:00,5.630000114440918,5.679999828338623,5.5,5.650000095367432,55300,0.0,0.0
2007-01-24 00:00:00-05:00,5.610000133514404,5.800000190734863,5.610000133514404,5.760000228881836,30700,0.0,0.0
2007-01-25 00:00:00-05:00,5.960000038146973,6.170000076293945,5.900000095367432,6.050000190734863,75700,0.0,0.0
2007-01-26 00:00:00-05:00,6.139999866485596,6.150000095367432,5.889999866485596,6.050000190734863,35800,0.0,0.0
2007-01-29 00:00:00-05:00,6.119999885559082,6.119999885559082,5.989999771118164,6.0,52800,0.0,0.0
2007-01-30 00:00:00-05:00,5.960000038146973,6.150000095367432,5.929999828338623,6.150000095367432,24900,0.0,0.0
2007-01-31 00:00:00-05:00,6.039999961853027,6.539999961853027,6.0,6.389999866485596,412100,0.0,0.0
2007-02-01 00:00:00-05:00,6.5,9.75,6.5,8.399999618530273,1753200,0.0,0.0
2007-02-02 00:00:00-05:00,8.720000267028809,9.0,8.210000038146973,8.329999923706055,393800,0.0,0.0
2007-02-05 00:00:00-05:00,8.59000015258789,8.59000015258789,7.659999847412109,7.690000057220459,316900,0.0,0.0
2007-02-06 00:00:00-05:00,7.679999828338623,9.800000190734863,7.679999828338623,9.319999694824219,956700,0.0,0.0
2007-02-07 00:00:00-05:00,9.399999618530273,10.199999809265137,9.069999694824219,9.380000114440918,641400,0.0,0.0
2007-02-08 00:00:00-05:00,9.539999961853027,9.539999961853027,8.960000038146973,9.119999885559082,242100,0.0,0.0
2007-02-09 00:00:00-05:00,9.430000305175781,11.65999984741211,8.960000038146973,11.5,1739800,0.0,0.0
2007-02-12 00:00:00-05:00,11.319999694824219,12.329999923706055,11.199999809265137,11.899999618530273,1358200,0.0,0.0
2007-02-13 00:00:00-05:00,12.0,12.0,10.75,11.100000381469727,511700,0.0,0.0
2007-02-14 00:00:00-05:00,11.0,11.430000305175781,9.850000381469727,9.850000381469727,695700,0.0,0.0
2007-02-15 00:00:00-05:00,9.989999771118164,10.880000114440918,9.949999809265137,10.050000190734863,909300,0.0,0.0
2007-02-16 00:00:00-05:00,10.0600004196167,10.279999732971191,9.75,10.069999694824219,272300,0.0,0.0
2007-02-20 00:00:00-05:00,10.180000305175781,10.850000381469727,10.140000343322754,10.649999618530273,448500,0.0,0.0
2007-02-21 00:00:00-05:00,10.800000190734863,11.329999923706055,10.510000228881836,10.829999923706055,383000,0.0,0.0
2007-02-22 00:00:00-05:00,10.850000381469727,10.949999809265137,10.069999694824219,10.170000076293945,344800,0.0,0.0
2007-02-23 00:00:00-05:00,10.100000381469727,10.449999809265137,10.020000457763672,10.170000076293945,217200,0.0,0.0
2007-02-26 00:00:00-05:00,10.199999809265137,10.479999542236328,9.760000228881836,9.979999542236328,207800,0.0,0.0
2007-02-27 00:00:00-05:00,9.979999542236328,9.979999542236328,9.0,9.050000190734863,294000,0.0,0.0
2007-02-28 00:00:00-05:00,9.100000381469727,9.5,9.050000190734863,9.34000015258789,209600,0.0,0.0
2007-03-01 00:00:00-05:00,9.109999656677246,9.279999732971191,8.630000114440918,9.010000228881836,178000,0.0,0.0
2007-03-02 00:00:00-05:00,8.949999809265137,9.279999732971191,8.649999618530273,9.050000190734863,122000,0.0,0.0
2007-03-05 00:00:00-05:00,8.779999732971191,8.920000076293945,8.270000457763672,8.319999694824219,161900,0.0,0.0
2007-03-06 00:00:00-05:00,8.899999618530273,9.050000190734863,8.520000457763672,8.890000343322754,156900,0.0,0.0
2007-03-07 00:00:00-05:00,8.760000228881836,9.210000038146973,8.699999809265137,9.020000457763672,77200,0.0,0.0
2007-03-08 00:00:00-05:00,9.020000457763672,9.199999809265137,8.84000015258789,9.0,91800,0.0,0.0
2007-03-09 00:00:00-05:00,9.050000190734863,9.109999656677246,8.930000305175781,9.069999694824219,56400,0.0,0.0
2007-03-12 00:00:00-04:00,9.1899995803833,9.1899995803833,8.800000190734863,9.050000190734863,48100,0.0,0.0
2007-03-13 00:00:00-04:00,9.0,9.039999961853027,8.8100004196167,8.979999542236328,74800,0.0,0.0
2007-03-14 00:00:00-04:00,8.949999809265137,9.0,8.710000038146973,8.800000190734863,54700,0.0,0.0
2007-03-15 00:00:00-04:00,8.800000190734863,9.029999732971191,8.75,8.960000038146973,49800,0.0,0.0
2007-03-16 00:00:00-04:00,8.970000267028809,9.0,8.869999885559082,8.920000076293945,43100,0.0,0.0
2007-03-19 00:00:00-04:00,9.279999732971191,10.520000457763672,9.220000267028809,10.229999542236328,676400,0.0,0.0
2007-03-20 00:00:00-04:00,10.5,10.640000343322754,10.0,10.0600004196167,184300,0.0,0.0
2007-03-21 00:00:00-04:00,10.140000343322754,10.15999984741211,9.579999923706055,9.880000114440918,115300,0.0,0.0
2007-03-22 00:00:00-04:00,10.109999656677246,10.970000267028809,9.869999885559082,10.800000190734863,281500,0.0,0.0
2007-03-23 00:00:00-04:00,10.869999885559082,10.9399995803833,10.260000228881836,10.319999694824219,174100,0.0,0.0
2007-03-26 00:00:00-04:00,10.579999923706055,10.609999656677246,9.75,9.899999618530273,136700,0.0,0.0
2007-03-27 00:00:00-04:00,10.130000114440918,10.130000114440918,9.75,10.010000228881836,95900,0.0,0.0
2007-03-28 00:00:00-04:00,9.899999618530273,9.899999618530273,9.5,9.789999961853027,106300,0.0,0.0
2007-03-29 00:00:00-04:00,9.970000267028809,9.970000267028809,9.550000190734863,9.739999771118164,60500,0.0,0.0
2007-03-30 00:00:00-04:00,9.890000343322754,9.890000343322754,9.5,9.600000381469727,50400,0.0,0.0
2007-04-02 00:00:00-04:00,9.609999656677246,10.880000114440918,9.600000381469727,10.800000190734863,177700,0.0,0.0
2007-04-03 00:00:00-04:00,10.859999656677246,11.25,10.569999694824219,10.869999885559082,314800,0.0,0.0
2007-04-04 00:00:00-04:00,10.520000457763672,11.729999542236328,10.479999542236328,11.399999618530273,267200,0.0,0.0
2007-04-05 00:00:00-04:00,11.390000343322754,11.829999923706055,11.149999618530273,11.350000381469727,179700,0.0,0.0
2007-04-09 00:00:00-04:00,11.529999732971191,12.239999771118164,11.420000076293945,11.770000457763672,221100,0.0,0.0
2007-04-10 00:00:00-04:00,11.739999771118164,11.890000343322754,11.34000015258789,11.380000114440918,110200,0.0,0.0
2007-04-11 00:00:00-04:00,11.359999656677246,11.359999656677246,10.710000038146973,10.890000343322754,130200,0.0,0.0
2007-04-12 00:00:00-04:00,10.800000190734863,11.5,10.5600004196167,11.130000114440918,79100,0.0,0.0
2007-04-13 00:00:00-04:00,11.050000190734863,11.850000381469727,10.960000038146973,11.739999771118164,137300,0.0,0.0
2007-04-16 00:00:00-04:00,11.800000190734863,12.579999923706055,11.489999771118164,12.579999923706055,245800,0.0,0.0
2007-04-17 00:00:00-04:00,12.75,12.75,11.869999885559082,11.899999618530273,175900,0.0,0.0
2007-04-18 00:00:00-04:00,12.779999732971191,12.779999732971191,11.800000190734863,11.90999984741211,101500,0.0,0.0
2007-04-19 00:00:00-04:00,12.0,12.010000228881836,11.600000381469727,11.789999961853027,57100,0.0,0.0
2007-04-20 00:00:00-04:00,11.680000305175781,12.100000381469727,11.680000305175781,12.0,53400,0.0,0.0
2007-04-23 00:00:00-04:00,12.0,12.25,11.649999618530273,11.75,66900,0.0,0.0
2007-04-24 00:00:00-04:00,11.699999809265137,11.720000267028809,11.300000190734863,11.550000190734863,74600,0.0,0.0
2007-04-25 00:00:00-04:00,11.75,11.75,11.399999618530273,11.520000457763672,35500,0.0,0.0
2007-04-26 00:00:00-04:00,11.529999732971191,11.600000381469727,11.199999809265137,11.289999961853027,50700,0.0,0.0
2007-04-27 00:00:00-04:00,11.109999656677246,11.34000015258789,10.510000228881836,10.779999732971191,156600,0.0,0.0
2007-04-30 00:00:00-04:00,10.699999809265137,11.380000114440918,10.609999656677246,10.859999656677246,121100,0.0,0.0
2007-05-01 00:00:00-04:00,10.800000190734863,10.84000015258789,10.289999961853027,10.649999618530273,62200,0.0,0.0
2007-05-02 00:00:00-04:00,10.579999923706055,10.84000015258789,10.390000343322754,10.84000015258789,68000,0.0,0.0
2007-05-03 00:00:00-04:00,10.800000190734863,11.380000114440918,10.800000190734863,11.34000015258789,73800,0.0,0.0
2007-05-04 00:00:00-04:00,11.399999618530273,11.75,11.300000190734863,11.569999694824219,104400,0.0,0.0
2007-05-07 00:00:00-04:00,11.539999961853027,11.739999771118164,11.399999618530273,11.670000076293945,31600,0.0,0.0
2007-05-08 00:00:00-04:00,11.529999732971191,11.699999809265137,10.899999618530273,11.520000457763672,84900,0.0,0.0
2007-05-09 00:00:00-04:00,11.390000343322754,11.619999885559082,11.380000114440918,11.390000343322754,45700,0.0,0.0
2007-05-10 00:00:00-04:00,11.0600004196167,11.350000381469727,10.899999618530273,11.149999618530273,75100,0.0,0.0
2007-05-11 00:00:00-04:00,11.15999984741211,11.5600004196167,11.0,11.279999732971191,39500,0.0,0.0
2007-05-14 00:00:00-04:00,11.460000038146973,11.460000038146973,11.079999923706055,11.220000267028809,99900,0.0,0.0
2007-05-15 00:00:00-04:00,11.399999618530273,11.399999618530273,10.699999809265137,10.75,120100,0.0,0.0
2007-05-16 00:00:00-04:00,10.75,10.9399995803833,10.050000190734863,10.130000114440918,124400,0.0,0.0
2007-05-17 00:00:00-04:00,10.0,10.329999923706055,9.550000190734863,10.210000038146973,205900,0.0,0.0
2007-05-18 00:00:00-04:00,10.229999542236328,10.489999771118164,9.90999984741211,10.260000228881836,41000,0.0,0.0
2007-05-21 00:00:00-04:00,10.149999618530273,10.350000381469727,9.760000228881836,9.84000015258789,495500,0.0,0.0
2007-05-22 00:00:00-04:00,9.84000015258789,10.100000381469727,9.800000190734863,9.829999923706055,48200,0.0,0.0
2007-05-23 00:00:00-04:00,9.789999961853027,10.100000381469727,9.699999809265137,9.829999923706055,39200,0.0,0.0
2007-05-24 00:00:00-04:00,9.899999618530273,10.0,9.729999542236328,9.75,31900,0.0,0.0
2007-05-25 00:00:00-04:00,9.9399995803833,10.199999809265137,9.800000190734863,9.890000343322754,403700,0.0,0.0
2007-05-29 00:00:00-04:00,10.0,10.050000190734863,9.760000228881836,9.920000076293945,33500,0.0,0.0
2007-05-30 00:00:00-04:00,9.920000076293945,10.569999694824219,9.829999923706055,10.1899995803833,35900,0.0,0.0
2007-05-31 00:00:00-04:00,10.34000015258789,10.680000305175781,10.210000038146973,10.359999656677246,32800,0.0,0.0
2007-06-01 00:00:00-04:00,10.65999984741211,10.65999984741211,10.399999618530273,10.529999732971191,40300,0.0,0.0
2007-06-04 00:00:00-04:00,10.40999984741211,11.329999923706055,10.40999984741211,11.020000457763672,573500,0.0,0.0
2007-06-05 00:00:00-04:00,11.029999732971191,11.180000305175781,10.9399995803833,11.09000015258789,30400,0.0,0.0
2007-06-06 00:00:00-04:00,11.229999542236328,11.600000381469727,10.979999542236328,11.329999923706055,564900,0.0,0.0
2007-06-07 00:00:00-04:00,11.270000457763672,12.0,10.970000267028809,11.65999984741211,1090400,0.0,0.0
2007-06-08 00:00:00-04:00,11.550000190734863,11.960000038146973,11.270000457763672,11.729999542236328,167100,0.0,0.0
2007-06-11 00:00:00-04:00,12.0,12.0,11.449999809265137,11.84000015258789,152800,0.0,0.0
2007-06-12 00:00:00-04:00,11.75,11.75,11.210000038146973,11.260000228881836,65300,0.0,0.0
2007-06-13 00:00:00-04:00,11.4399995803833,11.4399995803833,11.199999809265137,11.279999732971191,24800,0.0,0.0
2007-06-14 00:00:00-04:00,11.329999923706055,11.470000267028809,10.949999809265137,11.449999809265137,66200,0.0,0.0
2007-06-15 00:00:00-04:00,11.600000381469727,11.9399995803833,11.34000015258789,11.9399995803833,82800,0.0,0.0
2007-06-18 00:00:00-04:00,11.90999984741211,12.329999923706055,11.789999961853027,12.260000228881836,142500,0.0,0.0
2007-06-19 00:00:00-04:00,12.199999809265137,13.350000381469727,12.199999809265137,13.260000228881836,366500,0.0,0.0
2007-06-20 00:00:00-04:00,13.399999618530273,13.600000381469727,13.010000228881836,13.3100004196167,304900,0.0,0.0
2007-06-21 00:00:00-04:00,13.220000267028809,13.279999732971191,12.720000267028809,13.130000114440918,61000,0.0,0.0
2007-06-22 00:00:00-04:00,13.210000038146973,13.210000038146973,12.789999961853027,12.920000076293945,96900,0.0,0.0
2007-06-25 00:00:00-04:00,12.90999984741211,13.359999656677246,12.770000457763672,12.850000381469727,218700,0.0,0.0
2007-06-26 00:00:00-04:00,12.90999984741211,13.489999771118164,12.720000267028809,12.850000381469727,654500,0.0,0.0
2007-06-27 00:00:00-04:00,12.75,13.210000038146973,12.75,13.020000457763672,102400,0.0,0.0
2007-06-28 00:00:00-04:00,13.0,14.109999656677246,13.0,13.920000076293945,241400,0.0,0.0
2007-06-29 00:00:00-04:00,14.0,14.289999961853027,13.75,14.109999656677246,190900,0.0,0.0
2007-07-02 00:00:00-04:00,14.170000076293945,14.300000190734863,13.579999923706055,13.949999809265137,209700,0.0,0.0
2007-07-03 00:00:00-04:00,14.0,14.0,13.75,13.930000305175781,28900,0.0,0.0
2007-07-05 00:00:00-04:00,14.0,14.380000114440918,13.850000381469727,14.329999923706055,129800,0.0,0.0
2007-07-06 00:00:00-04:00,14.300000190734863,14.369999885559082,14.069999694824219,14.3100004196167,80300,0.0,0.0
2007-07-09 00:00:00-04:00,14.329999923706055,14.34000015258789,13.930000305175781,14.039999961853027,48300,0.0,0.0
2007-07-10 00:00:00-04:00,14.600000381469727,15.640000343322754,14.600000381469727,15.100000381469727,413600,0.0,0.0
2007-07-11 00:00:00-04:00,15.25,15.25,14.609999656677246,15.239999771118164,183400,0.0,0.0
2007-07-12 00:00:00-04:00,15.279999732971191,15.279999732971191,14.9399995803833,14.9399995803833,89500,0.0,0.0
2007-07-13 00:00:00-04:00,14.829999923706055,14.869999885559082,14.109999656677246,14.239999771118164,116300,0.0,0.0
2007-07-16 00:00:00-04:00,14.15999984741211,14.15999984741211,13.130000114440918,13.359999656677246,294500,0.0,0.0
2007-07-17 00:00:00-04:00,13.649999618530273,13.949999809265137,13.300000190734863,13.350000381469727,143000,0.0,0.0
2007-07-18 00:00:00-04:00,13.229999542236328,13.300000190734863,12.779999732971191,12.930000305175781,237000,0.0,0.0
2007-07-19 00:00:00-04:00,13.0,13.470000267028809,12.609999656677246,13.029999732971191,221200,0.0,0.0
2007-07-20 00:00:00-04:00,14.0,15.5,13.800000190734863,14.979999542236328,696100,0.0,0.0
2007-07-23 00:00:00-04:00,15.5,15.5,14.899999618530273,15.229999542236328,349600,0.0,0.0
2007-07-24 00:00:00-04:00,15.399999618530273,15.399999618530273,14.9399995803833,15.140000343322754,197500,0.0,0.0
2007-07-25 00:00:00-04:00,15.300000190734863,15.300000190734863,14.359999656677246,14.770000457763672,143800,0.0,0.0
2007-07-26 00:00:00-04:00,14.539999961853027,14.789999961853027,13.5,13.829999923706055,563400,0.0,0.0
2007-07-27 00:00:00-04:00,13.819999694824219,14.369999885559082,13.5,13.920000076293945,434700,0.0,0.0
2007-07-30 00:00:00-04:00,14.010000228881836,14.5,13.90999984741211,14.270000457763672,88500,0.0,0.0
2007-07-31 00:00:00-04:00,14.489999771118164,15.5,14.380000114440918,14.930000305175781,173300,0.0,0.0
2007-08-01 00:00:00-04:00,15.100000381469727,15.390000343322754,14.390000343322754,14.670000076293945,167600,0.0,0.0
2007-08-02 00:00:00-04:00,14.710000038146973,15.25,14.369999885559082,15.180000305175781,76100,0.0,0.0
2007-08-03 00:00:00-04:00,15.25,15.270000457763672,14.880000114440918,15.100000381469727,93700,0.0,0.0
2007-08-06 00:00:00-04:00,15.050000190734863,15.100000381469727,13.779999732971191,14.09000015258789,149800,0.0,0.0
2007-08-07 00:00:00-04:00,14.0,14.25,13.890000343322754,14.25,58100,0.0,0.0
2007-08-08 00:00:00-04:00,14.350000381469727,14.350000381469727,14.010000228881836,14.140000343322754,42600,0.0,0.0
2007-08-09 00:00:00-04:00,14.0,14.329999923706055,13.819999694824219,14.050000190734863,75200,0.0,0.0
2007-08-10 00:00:00-04:00,13.899999618530273,14.350000381469727,13.75,14.1899995803833,104000,0.0,0.0
2007-08-13 00:00:00-04:00,14.40999984741211,14.6899995803833,13.899999618530273,14.109999656677246,80200,0.0,0.0
2007-08-14 00:00:00-04:00,14.100000381469727,14.229999542236328,13.550000190734863,13.5600004196167,74800,0.0,0.0
2007-08-15 00:00:00-04:00,13.5,13.6899995803833,12.75,12.789999961853027,148600,0.0,0.0
2007-08-16 00:00:00-04:00,12.75,12.819999694824219,10.0,11.050000190734863,503000,0.0,0.0
2007-08-17 00:00:00-04:00,11.529999732971191,11.75,10.859999656677246,11.489999771118164,109000,0.0,0.0
2007-08-20 00:00:00-04:00,11.720000267028809,11.869999885559082,11.0,11.130000114440918,80000,0.0,0.0
2007-08-21 00:00:00-04:00,11.069999694824219,11.140000343322754,10.270000457763672,10.479999542236328,260200,0.0,0.0
2007-08-22 00:00:00-04:00,10.550000190734863,11.529999732971191,10.390000343322754,11.4399995803833,104000,0.0,0.0
2007-08-23 00:00:00-04:00,11.430000305175781,11.800000190734863,10.899999618530273,11.069999694824219,76100,0.0,0.0
2007-08-24 00:00:00-04:00,11.109999656677246,11.1899995803833,10.800000190734863,11.069999694824219,40700,0.0,0.0
2007-08-27 00:00:00-04:00,11.069999694824219,11.289999961853027,10.949999809265137,10.989999771118164,41900,0.0,0.0
2007-08-28 00:00:00-04:00,10.960000038146973,11.050000190734863,10.8100004196167,10.8100004196167,50200,0.0,0.0
2007-08-29 00:00:00-04:00,10.859999656677246,11.350000381469727,10.850000381469727,11.210000038146973,32600,0.0,0.0
2007-08-30 00:00:00-04:00,11.109999656677246,11.59000015258789,11.100000381469727,11.350000381469727,43100,0.0,0.0
2007-08-31 00:00:00-04:00,11.529999732971191,11.789999961853027,11.489999771118164,11.710000038146973,56200,0.0,0.0
2007-09-04 00:00:00-04:00,12.0,12.489999771118164,11.710000038146973,12.050000190734863,73800,0.0,0.0
2007-09-05 00:00:00-04:00,12.050000190734863,14.180000305175781,12.050000190734863,14.0,167800,0.0,0.0
2007-09-06 00:00:00-04:00,14.0,15.0,13.510000228881836,14.380000114440918,134200,0.0,0.0
2007-09-07 00:00:00-04:00,14.319999694824219,14.369999885559082,13.359999656677246,14.279999732971191,126500,0.0,0.0
2007-09-10 00:00:00-04:00,14.3100004196167,14.529999732971191,13.720000267028809,14.289999961853027,80000,0.0,0.0
2007-09-11 00:00:00-04:00,14.300000190734863,14.720000267028809,13.979999542236328,14.699999809265137,80600,0.0,0.0
2007-09-12 00:00:00-04:00,14.670000076293945,15.180000305175781,14.350000381469727,14.84000015258789,140500,0.0,0.0
2007-09-13 00:00:00-04:00,14.899999618530273,15.100000381469727,14.600000381469727,14.84000015258789,69800,0.0,0.0
2007-09-14 00:00:00-04:00,14.65999984741211,15.09000015258789,14.350000381469727,14.970000267028809,187700,0.0,0.0
2007-09-17 00:00:00-04:00,14.90999984741211,14.90999984741211,14.369999885559082,14.800000190734863,81600,0.0,0.0
2007-09-18 00:00:00-04:00,14.84000015258789,14.850000381469727,14.399999618530273,14.75,47700,0.0,0.0
2007-09-19 00:00:00-04:00,14.699999809265137,14.710000038146973,14.010000228881836,14.149999618530273,78500,0.0,0.0
2007-09-20 00:00:00-04:00,14.399999618530273,14.800000190734863,13.90999984741211,14.710000038146973,57900,0.0,0.0
2007-09-21 00:00:00-04:00,14.6899995803833,14.979999542236328,14.430000305175781,14.979999542236328,67200,0.0,0.0
2007-09-24 00:00:00-04:00,14.930000305175781,15.350000381469727,14.5600004196167,14.600000381469727,100300,0.0,0.0
2007-09-25 00:00:00-04:00,14.65999984741211,15.029999732971191,14.520000457763672,14.65999984741211,47100,0.0,0.0
2007-09-26 00:00:00-04:00,14.619999885559082,14.850000381469727,14.479999542236328,14.5,39800,0.0,0.0
2007-09-27 00:00:00-04:00,14.84000015258789,14.949999809265137,14.510000228881836,14.930000305175781,53300,0.0,0.0
2007-09-28 00:00:00-04:00,14.869999885559082,14.949999809265137,14.649999618530273,14.920000076293945,35800,0.0,0.0
2007-10-01 00:00:00-04:00,14.899999618530273,16.059999465942383,14.819999694824219,15.859999656677246,274400,0.0,0.0
2007-10-02 00:00:00-04:00,16.219999313354492,16.219999313354492,15.75,15.8100004196167,138400,0.0,0.0
2007-10-03 00:00:00-04:00,15.680000305175781,15.949999809265137,15.539999961853027,15.949999809265137,93200,0.0,0.0
2007-10-04 00:00:00-04:00,15.859999656677246,16.049999237060547,15.34000015258789,15.59000015258789,77300,0.0,0.0
2007-10-05 00:00:00-04:00,15.600000381469727,16.0,15.600000381469727,15.729999542236328,36900,0.0,0.0
2007-10-08 00:00:00-04:00,16.0,16.0,15.449999809265137,15.569999694824219,51000,0.0,0.0
2007-10-09 00:00:00-04:00,15.880000114440918,15.880000114440918,15.40999984741211,15.6899995803833,57400,0.0,0.0
2007-10-10 00:00:00-04:00,15.609999656677246,15.640000343322754,15.149999618530273,15.319999694824219,120200,0.0,0.0
2007-10-11 00:00:00-04:00,15.319999694824219,15.779999732971191,14.75,15.029999732971191,94100,0.0,0.0
2007-10-12 00:00:00-04:00,14.979999542236328,15.270000457763672,14.850000381469727,15.0,63500,0.0,0.0
2007-10-15 00:00:00-04:00,15.109999656677246,15.239999771118164,14.180000305175781,14.529999732971191,135400,0.0,0.0
2007-10-16 00:00:00-04:00,14.460000038146973,14.6899995803833,14.270000457763672,14.5,74100,0.0,0.0
2007-10-17 00:00:00-04:00,14.600000381469727,14.6899995803833,14.050000190734863,14.109999656677246,54100,0.0,0.0
2007-10-18 00:00:00-04:00,14.399999618530273,16.030000686645508,14.399999618530273,15.970000267028809,298000,0.0,0.0
2007-10-19 00:00:00-04:00,15.989999771118164,16.100000381469727,14.800000190734863,14.949999809265137,120000,0.0,0.0
2007-10-22 00:00:00-04:00,14.850000381469727,15.109999656677246,14.039999961853027,14.970000267028809,125600,0.0,0.0
2007-10-23 00:00:00-04:00,15.029999732971191,15.619999885559082,15.029999732971191,15.4399995803833,196000,0.0,0.0
2007-10-24 00:00:00-04:00,15.0,15.739999771118164,15.0,15.739999771118164,174900,0.0,0.0
2007-10-25 00:00:00-04:00,16.649999618530273,17.399999618530273,15.260000228881836,15.539999961853027,453900,0.0,0.0
2007-10-26 00:00:00-04:00,15.699999809265137,15.729999542236328,14.90999984741211,15.130000114440918,103200,0.0,0.0
2007-10-29 00:00:00-04:00,15.460000038146973,15.75,14.880000114440918,15.079999923706055,183900,0.0,0.0
2007-10-30 00:00:00-04:00,15.0,15.210000038146973,14.239999771118164,14.760000228881836,148400,0.0,0.0
2007-10-31 00:00:00-04:00,14.850000381469727,15.140000343322754,14.199999809265137,14.859999656677246,100600,0.0,0.0
2007-11-01 00:00:00-04:00,14.729999542236328,14.729999542236328,13.779999732971191,14.140000343322754,117700,0.0,0.0
2007-11-02 00:00:00-04:00,14.229999542236328,14.489999771118164,14.050000190734863,14.140000343322754,59700,0.0,0.0
2007-11-05 00:00:00-05:00,14.130000114440918,14.130000114440918,13.289999961853027,13.399999618530273,158500,0.0,0.0
2007-11-06 00:00:00-05:00,13.619999885559082,13.8100004196167,13.350000381469727,13.479999542236328,58100,0.0,0.0
2007-11-07 00:00:00-05:00,13.130000114440918,13.34000015258789,12.369999885559082,12.510000228881836,230500,0.0,0.0
2007-11-08 00:00:00-05:00,12.600000381469727,12.979999542236328,11.949999809265137,12.25,147300,0.0,0.0
2007-11-09 00:00:00-05:00,12.25,12.25,11.5,11.979999542236328,83000,0.0,0.0
2007-11-12 00:00:00-05:00,11.979999542236328,12.069999694824219,11.079999923706055,11.220000267028809,119600,0.0,0.0
2007-11-13 00:00:00-05:00,11.449999809265137,12.079999923706055,11.220000267028809,11.600000381469727,88700,0.0,0.0
2007-11-14 00:00:00-05:00,11.600000381469727,11.930000305175781,10.890000343322754,11.210000038146973,56300,0.0,0.0
2007-11-15 00:00:00-05:00,11.149999618530273,11.149999618530273,9.220000267028809,9.989999771118164,366400,0.0,0.0
2007-11-16 00:00:00-05:00,10.149999618530273,11.100000381469727,9.75,11.0,212100,0.0,0.0
2007-11-19 00:00:00-05:00,10.960000038146973,10.960000038146973,10.100000381469727,10.350000381469727,75900,0.0,0.0
2007-11-20 00:00:00-05:00,10.760000228881836,10.760000228881836,10.260000228881836,10.699999809265137,118900,0.0,0.0
2007-11-21 00:00:00-05:00,10.609999656677246,10.779999732971191,10.010000228881836,10.479999542236328,75800,0.0,0.0
2007-11-23 00:00:00-05:00,10.15999984741211,10.479999542236328,10.010000228881836,10.289999961853027,18200,0.0,0.0
2007-11-26 00:00:00-05:00,10.229999542236328,10.390000343322754,9.449999809265137,9.930000305175781,133900,0.0,0.0
2007-11-27 00:00:00-05:00,10.180000305175781,10.180000305175781,9.449999809265137,9.65999984741211,99200,0.0,0.0
2007-11-28 00:00:00-05:00,9.729999542236328,10.0600004196167,9.729999542236328,9.899999618530273,80000,0.0,0.0
2007-11-29 00:00:00-05:00,9.90999984741211,10.09000015258789,9.699999809265137,9.699999809265137,58500,0.0,0.0
2007-11-30 00:00:00-05:00,9.789999961853027,10.050000190734863,9.550000190734863,9.850000381469727,75800,0.0,0.0
2007-12-03 00:00:00-05:00,9.8100004196167,9.8100004196167,9.5,9.59000015258789,179800,0.0,0.0
2007-12-04 00:00:00-05:00,9.529999732971191,9.529999732971191,9.079999923706055,9.09000015258789,93400,0.0,0.0
2007-12-05 00:00:00-05:00,9.100000381469727,9.289999961853027,8.0,8.600000381469727,352700,0.0,0.0
2007-12-06 00:00:00-05:00,8.600000381469727,10.449999809265137,8.600000381469727,10.210000038146973,128300,0.0,0.0
2007-12-07 00:00:00-05:00,10.180000305175781,10.180000305175781,9.300000190734863,9.529999732971191,57200,0.0,0.0
2007-12-10 00:00:00-05:00,9.020000457763672,9.34000015258789,8.829999923706055,9.069999694824219,111700,0.0,0.0
2007-12-11 00:00:00-05:00,9.069999694824219,9.75,8.960000038146973,9.050000190734863,60500,0.0,0.0
2007-12-12 00:00:00-05:00,9.100000381469727,9.710000038146973,8.819999694824219,8.890000343322754,39900,0.0,0.0
2007-12-13 00:00:00-05:00,8.970000267028809,9.270000457763672,8.680000305175781,9.199999809265137,70500,0.0,0.0
2007-12-14 00:00:00-05:00,9.199999809265137,9.199999809265137,8.630000114440918,8.630000114440918,53500,0.0,0.0
2007-12-17 00:00:00-05:00,9.699999809265137,9.9399995803833,7.900000095367432,8.229999542236328,163600,0.0,0.0
2007-12-18 00:00:00-05:00,8.300000190734863,8.40999984741211,8.109999656677246,8.270000457763672,61000,0.0,0.0
2007-12-19 00:00:00-05:00,8.229999542236328,8.850000381469727,8.1899995803833,8.579999923706055,54500,0.0,0.0
2007-12-20 00:00:00-05:00,8.670000076293945,8.850000381469727,8.1899995803833,8.40999984741211,44800,0.0,0.0
2007-12-21 00:00:00-05:00,8.600000381469727,8.850000381469727,8.260000228881836,8.609999656677246,72600,0.0,0.0
2007-12-24 00:00:00-05:00,8.6899995803833,8.710000038146973,8.369999885559082,8.59000015258789,17600,0.0,0.0
2007-12-26 00:00:00-05:00,8.460000038146973,8.75,8.300000190734863,8.670000076293945,42400,0.0,0.0
2007-12-27 00:00:00-05:00,8.789999961853027,9.300000190734863,8.789999961853027,9.079999923706055,64000,0.0,0.0
2007-12-28 00:00:00-05:00,9.100000381469727,10.350000381469727,9.020000457763672,10.260000228881836,194400,0.0,0.0
2007-12-31 00:00:00-05:00,10.069999694824219,10.470000267028809,9.489999771118164,10.0,129700,0.0,0.0
2008-01-02 00:00:00-05:00,9.850000381469727,10.319999694824219,9.680000305175781,10.319999694824219,46400,0.0,0.0
2008-01-03 00:00:00-05:00,10.140000343322754,10.170000076293945,9.25,9.300000190734863,50200,0.0,0.0
2008-01-04 00:00:00-05:00,9.25,9.5,9.0,9.180000305175781,28800,0.0,0.0
2008-01-07 00:00:00-05:00,9.15999984741211,9.489999771118164,9.149999618530273,9.25,44200,0.0,0.0
2008-01-08 00:00:00-05:00,9.149999618530273,9.6899995803833,9.100000381469727,9.149999618530273,30900,0.0,0.0
2008-01-09 00:00:00-05:00,9.15999984741211,9.4399995803833,8.779999732971191,9.15999984741211,29600,0.0,0.0
2008-01-10 00:00:00-05:00,8.90999984741211,9.329999923706055,8.699999809265137,8.90999984741211,40500,0.0,0.0
2008-01-11 00:00:00-05:00,8.800000190734863,9.140000343322754,8.75,9.140000343322754,31000,0.0,0.0
2008-01-14 00:00:00-05:00,9.270000457763672,9.270000457763672,9.069999694824219,9.069999694824219,18300,0.0,0.0
2008-01-15 00:00:00-05:00,9.149999618530273,9.210000038146973,9.0,9.039999961853027,39200,0.0,0.0
2008-01-16 00:00:00-05:00,8.850000381469727,8.850000381469727,7.940000057220459,8.039999961853027,154100,0.0,0.0
2008-01-17 00:00:00-05:00,8.039999961853027,8.09000015258789,7.570000171661377,7.699999809265137,156100,0.0,0.0
2008-01-18 00:00:00-05:00,7.630000114440918,7.75,7.329999923706055,7.519999980926514,99100,0.0,0.0
2008-01-22 00:00:00-05:00,6.96999979019165,7.480000019073486,6.0,6.96999979019165,204900,0.0,0.0
2008-01-23 00:00:00-05:00,6.78000020980835,6.920000076293945,6.099999904632568,6.610000133514404,190900,0.0,0.0
2008-01-24 00:00:00-05:00,6.510000228881836,7.130000114440918,6.510000228881836,6.840000152587891,70000,0.0,0.0
2008-01-25 00:00:00-05:00,7.0,7.0,6.860000133514404,6.900000095367432,76900,0.0,0.0
2008-01-28 00:00:00-05:00,6.849999904632568,7.150000095367432,6.550000190734863,6.960000038146973,57600,0.0,0.0
2008-01-29 00:00:00-05:00,7.0,7.150000095367432,6.949999809265137,7.150000095367432,59500,0.0,0.0
2008-01-30 00:00:00-05:00,7.460000038146973,7.559999942779541,7.099999904632568,7.28000020980835,97200,0.0,0.0
2008-01-31 00:00:00-05:00,7.150000095367432,7.389999866485596,7.010000228881836,7.110000133514404,42100,0.0,0.0
2008-02-01 00:00:00-05:00,7.179999828338623,7.289999961853027,7.099999904632568,7.25,31000,0.0,0.0
2008-02-04 00:00:00-05:00,7.010000228881836,7.25,6.96999979019165,7.010000228881836,31500,0.0,0.0
2008-02-05 00:00:00-05:00,7.019999980926514,7.039999961853027,6.840000152587891,6.840000152587891,51300,0.0,0.0
2008-02-06 00:00:00-05:00,6.849999904632568,6.860000133514404,6.679999828338623,6.75,22100,0.0,0.0
2008-02-07 00:00:00-05:00,6.769999980926514,6.789999961853027,6.5,6.670000076293945,19400,0.0,0.0
2008-02-08 00:00:00-05:00,6.650000095367432,6.650000095367432,6.409999847412109,6.610000133514404,48900,0.0,0.0
2008-02-11 00:00:00-05:00,6.650000095367432,6.650000095367432,6.360000133514404,6.510000228881836,38800,0.0,0.0
2008-02-12 00:00:00-05:00,6.5,6.5,6.349999904632568,6.409999847412109,46300,0.0,0.0
2008-02-13 00:00:00-05:00,6.460000038146973,6.699999809265137,6.429999828338623,6.579999923706055,34400,0.0,0.0
2008-02-14 00:00:00-05:00,6.650000095367432,6.699999809265137,6.489999771118164,6.570000171661377,47300,0.0,0.0
2008-02-15 00:00:00-05:00,6.53000020980835,6.619999885559082,6.28000020980835,6.340000152587891,37300,0.0,0.0
2008-02-19 00:00:00-05:00,6.380000114440918,6.550000190734863,6.0,6.289999961853027,82200,0.0,0.0
2008-02-20 00:00:00-05:00,6.110000133514404,6.110000133514404,5.929999828338623,6.019999980926514,102300,0.0,0.0
2008-02-21 00:00:00-05:00,6.03000020980835,6.239999771118164,6.010000228881836,6.210000038146973,29900,0.0,0.0
2008-02-22 00:00:00-05:00,6.190000057220459,6.239999771118164,5.75,6.010000228881836,102900,0.0,0.0
2008-02-25 00:00:00-05:00,6.090000152587891,6.25,5.96999979019165,6.199999809265137,51800,0.0,0.0
2008-02-26 00:00:00-05:00,6.199999809265137,7.329999923706055,6.199999809265137,7.309999942779541,93800,0.0,0.0
2008-02-27 00:00:00-05:00,7.300000190734863,8.0,7.119999885559082,7.71999979019165,104200,0.0,0.0
2008-02-28 00:00:00-05:00,7.75,8.09000015258789,7.75,8.069999694824219,122500,0.0,0.0
2008-02-29 00:00:00-05:00,8.010000228881836,8.010000228881836,6.909999847412109,7.550000190734863,100200,0.0,0.0
2008-03-03 00:00:00-05:00,7.519999980926514,7.519999980926514,6.809999942779541,7.070000171661377,48800,0.0,0.0
2008-03-04 00:00:00-05:00,7.150000095367432,7.150000095367432,6.679999828338623,6.840000152587891,55500,0.0,0.0
2008-03-05 00:00:00-05:00,7.0,7.380000114440918,6.71999979019165,6.940000057220459,32900,0.0,0.0
2008-03-06 00:00:00-05:00,6.96999979019165,7.190000057220459,6.5,6.519999980926514,29900,0.0,0.0
2008-03-07 00:00:00-05:00,6.480000019073486,6.599999904632568,5.829999923706055,6.260000228881836,74400,0.0,0.0
2008-03-10 00:00:00-04:00,6.199999809265137,6.199999809265137,5.800000190734863,6.010000228881836,31100,0.0,0.0
2008-03-11 00:00:00-04:00,6.199999809265137,6.449999809265137,5.96999979019165,5.96999979019165,39400,0.0,0.0
2008-03-12 00:00:00-04:00,6.099999904632568,6.210000038146973,5.769999980926514,5.78000020980835,66100,0.0,0.0
2008-03-13 00:00:00-04:00,5.800000190734863,5.889999866485596,5.079999923706055,5.360000133514404,116100,0.0,0.0
2008-03-14 00:00:00-04:00,5.380000114440918,5.489999771118164,4.829999923706055,5.150000095367432,71900,0.0,0.0
2008-03-17 00:00:00-04:00,5.0,5.03000020980835,4.75,5.0,49400,0.0,0.0
2008-03-18 00:00:00-04:00,5.050000190734863,5.28000020980835,4.75,5.050000190734863,54500,0.0,0.0
2008-03-19 00:00:00-04:00,5.070000171661377,5.340000152587891,4.860000133514404,4.949999809265137,55000,0.0,0.0
2008-03-20 00:00:00-04:00,5.190000057220459,5.5,4.96999979019165,5.46999979019165,94200,0.0,0.0
2008-03-24 00:00:00-04:00,5.920000076293945,6.130000114440918,5.590000152587891,6.0,62900,0.0,0.0
2008-03-25 00:00:00-04:00,6.099999904632568,6.150000095367432,5.920000076293945,6.150000095367432,37400,0.0,0.0
2008-03-26 00:00:00-04:00,6.190000057220459,6.369999885559082,5.980000019073486,6.369999885559082,58400,0.0,0.0
2008-03-27 00:00:00-04:00,6.309999942779541,6.539999961853027,6.099999904632568,6.519999980926514,41900,0.0,0.0
2008-03-28 00:00:00-04:00,6.650000095367432,7.539999961853027,6.380000114440918,6.630000114440918,82000,0.0,0.0
2008-03-31 00:00:00-04:00,6.710000038146973,6.840000152587891,6.699999809265137,6.78000020980835,30900,0.0,0.0
2008-04-01 00:00:00-04:00,6.800000190734863,7.079999923706055,6.75,7.010000228881836,34500,0.0,0.0
2008-04-02 00:00:00-04:00,6.980000019073486,7.239999771118164,6.949999809265137,6.980000019073486,35600,0.0,0.0
2008-04-03 00:00:00-04:00,6.980000019073486,7.019999980926514,6.920000076293945,6.920000076293945,26200,0.0,0.0
2008-04-04 00:00:00-04:00,6.829999923706055,7.260000228881836,6.670000076293945,7.139999866485596,157900,0.0,0.0
2008-04-07 00:00:00-04:00,7.289999961853027,7.460000038146973,7.039999961853027,7.360000133514404,36300,0.0,0.0
2008-04-08 00:00:00-04:00,7.349999904632568,7.349999904632568,7.0,7.059999942779541,23700,0.0,0.0
2008-04-09 00:00:00-04:00,7.400000095367432,7.449999809265137,7.139999866485596,7.210000038146973,33500,0.0,0.0
2008-04-10 00:00:00-04:00,7.210000038146973,7.309999942779541,7.0,7.210000038146973,28600,0.0,0.0
2008-04-11 00:00:00-04:00,7.119999885559082,7.21999979019165,7.050000190734863,7.070000171661377,15100,0.0,0.0
2008-04-14 00:00:00-04:00,7.0,7.460000038146973,6.75,7.340000152587891,145400,0.0,0.0
2008-04-15 00:00:00-04:00,7.340000152587891,7.940000057220459,7.079999923706055,7.800000190734863,68200,0.0,0.0
2008-04-16 00:00:00-04:00,7.989999771118164,7.989999771118164,7.579999923706055,7.909999847412109,24800,0.0,0.0
2008-04-17 00:00:00-04:00,7.880000114440918,7.949999809265137,7.610000133514404,7.869999885559082,133500,0.0,0.0
2008-04-18 00:00:00-04:00,7.849999904632568,7.980000019073486,7.599999904632568,7.619999885559082,42100,0.0,0.0
2008-04-21 00:00:00-04:00,7.710000038146973,7.78000020980835,7.480000019073486,7.489999771118164,97400,0.0,0.0
2008-04-22 00:00:00-04:00,7.480000019073486,7.630000114440918,7.150000095367432,7.579999923706055,35700,0.0,0.0
2008-04-23 00:00:00-04:00,7.670000076293945,7.699999809265137,7.440000057220459,7.510000228881836,17700,0.0,0.0
2008-04-24 00:00:00-04:00,7.489999771118164,7.489999771118164,7.010000228881836,7.159999847412109,25800,0.0,0.0
2008-04-25 00:00:00-04:00,7.119999885559082,7.179999828338623,7.0,7.0,47800,0.0,0.0
2008-04-28 00:00:00-04:00,6.900000095367432,6.909999847412109,6.53000020980835,6.599999904632568,36000,0.0,0.0
2008-04-29 00:00:00-04:00,6.5,6.670000076293945,6.0,6.090000152587891,48000,0.0,0.0
2008-04-30 00:00:00-04:00,6.079999923706055,6.179999828338623,4.760000228881836,5.909999847412109,261300,0.0,0.0
2008-05-01 00:00:00-04:00,5.96999979019165,5.989999771118164,5.599999904632568,5.980000019073486,39400,0.0,0.0
2008-05-02 00:00:00-04:00,6.0,6.289999961853027,5.909999847412109,6.03000020980835,17100,0.0,0.0
2008-05-05 00:00:00-04:00,6.110000133514404,6.139999866485596,6.019999980926514,6.090000152587891,14300,0.0,0.0
2008-05-06 00:00:00-04:00,6.159999847412109,6.480000019073486,6.159999847412109,6.449999809265137,40200,0.0,0.0
2008-05-07 00:00:00-04:00,6.460000038146973,6.690000057220459,6.460000038146973,6.599999904632568,41300,0.0,0.0
2008-05-08 00:00:00-04:00,6.619999885559082,6.75,6.550000190734863,6.679999828338623,62800,0.0,0.0
2008-05-09 00:00:00-04:00,6.75,6.75,6.429999828338623,6.53000020980835,23100,0.0,0.0
2008-05-12 00:00:00-04:00,6.519999980926514,6.599999904632568,6.429999828338623,6.539999961853027,20200,0.0,0.0
2008-05-13 00:00:00-04:00,6.53000020980835,6.599999904632568,6.409999847412109,6.510000228881836,16500,0.0,0.0
2008-05-14 00:00:00-04:00,6.5,6.53000020980835,6.400000095367432,6.440000057220459,21700,0.0,0.0
2008-05-15 00:00:00-04:00,6.420000076293945,6.599999904632568,6.349999904632568,6.420000076293945,30500,0.0,0.0
2008-05-16 00:00:00-04:00,6.400000095367432,6.5,6.28000020980835,6.460000038146973,16000,0.0,0.0
2008-05-19 00:00:00-04:00,6.340000152587891,6.599999904632568,6.210000038146973,6.5,17200,0.0,0.0
2008-05-20 00:00:00-04:00,6.269999980926514,6.360000133514404,6.110000133514404,6.25,8600,0.0,0.0
2008-05-21 00:00:00-04:00,6.21999979019165,6.309999942779541,6.010000228881836,6.099999904632568,18200,0.0,0.0
2008-05-22 00:00:00-04:00,6.349999904632568,6.78000020980835,6.199999809265137,6.71999979019165,75900,0.0,0.0
2008-05-23 00:00:00-04:00,6.789999961853027,6.789999961853027,6.449999809265137,6.590000152587891,16000,0.0,0.0
2008-05-27 00:00:00-04:00,6.389999866485596,6.440000057220459,5.610000133514404,5.650000095367432,136400,0.0,0.0
2008-05-28 00:00:00-04:00,5.599999904632568,6.170000076293945,5.5,6.119999885559082,43900,0.0,0.0
2008-05-29 00:00:00-04:00,6.190000057220459,6.25,5.960000038146973,6.170000076293945,28800,0.0,0.0
2008-05-30 00:00:00-04:00,6.269999980926514,6.269999980926514,5.860000133514404,5.860000133514404,32800,0.0,0.0
2008-06-02 00:00:00-04:00,5.849999904632568,5.920000076293945,5.610000133514404,5.679999828338623,31100,0.0,0.0
2008-06-03 00:00:00-04:00,5.699999809265137,5.920000076293945,5.699999809265137,5.820000171661377,14400,0.0,0.0
2008-06-04 00:00:00-04:00,5.730000019073486,6.170000076293945,5.670000076293945,5.909999847412109,21900,0.0,0.0
2008-06-05 00:00:00-04:00,5.809999942779541,6.21999979019165,5.760000228881836,6.21999979019165,84300,0.0,0.0
2008-06-06 00:00:00-04:00,6.110000133514404,6.21999979019165,5.800000190734863,5.829999923706055,50800,0.0,0.0
2008-06-09 00:00:00-04:00,5.829999923706055,5.829999923706055,5.710000038146973,5.71999979019165,11500,0.0,0.0
2008-06-10 00:00:00-04:00,5.599999904632568,5.980000019073486,5.599999904632568,5.980000019073486,28000,0.0,0.0
2008-06-11 00:00:00-04:00,6.039999961853027,6.039999961853027,5.920000076293945,6.0,15700,0.0,0.0
2008-06-12 00:00:00-04:00,6.0,6.21999979019165,5.889999866485596,6.21999979019165,35600,0.0,0.0
2008-06-13 00:00:00-04:00,6.25,6.449999809265137,5.989999771118164,6.210000038146973,26300,0.0,0.0
2008-06-16 00:00:00-04:00,6.210000038146973,6.420000076293945,6.110000133514404,6.409999847412109,23300,0.0,0.0
2008-06-17 00:00:00-04:00,6.360000133514404,6.75,6.269999980926514,6.75,21500,0.0,0.0
2008-06-18 00:00:00-04:00,6.659999847412109,6.710000038146973,6.599999904632568,6.610000133514404,27900,0.0,0.0
2008-06-19 00:00:00-04:00,6.769999980926514,6.809999942779541,6.489999771118164,6.619999885559082,129700,0.0,0.0
2008-06-20 00:00:00-04:00,6.690000057220459,6.71999979019165,6.5,6.610000133514404,34300,0.0,0.0
2008-06-23 00:00:00-04:00,6.710000038146973,6.71999979019165,6.400000095367432,6.409999847412109,24800,0.0,0.0
2008-06-24 00:00:00-04:00,6.489999771118164,6.489999771118164,6.210000038146973,6.269999980926514,116200,0.0,0.0
2008-06-25 00:00:00-04:00,6.329999923706055,6.599999904632568,6.329999923706055,6.570000171661377,21900,0.0,0.0
2008-06-26 00:00:00-04:00,6.670000076293945,6.699999809265137,6.360000133514404,6.539999961853027,29300,0.0,0.0
2008-06-27 00:00:00-04:00,6.46999979019165,6.53000020980835,6.0,6.53000020980835,70000,0.0,0.0
2008-06-30 00:00:00-04:00,6.460000038146973,6.460000038146973,6.260000228881836,6.309999942779541,11500,0.0,0.0
2008-07-01 00:00:00-04:00,6.210000038146973,6.210000038146973,5.630000114440918,5.630000114440918,39200,0.0,0.0
2008-07-02 00:00:00-04:00,5.659999847412109,5.989999771118164,5.5,5.5,33500,0.0,0.0
2008-07-03 00:00:00-04:00,5.449999809265137,6.050000190734863,5.369999885559082,5.630000114440918,13200,0.0,0.0
2008-07-07 00:00:00-04:00,5.559999942779541,5.559999942779541,5.139999866485596,5.230000019073486,35000,0.0,0.0
2008-07-08 00:00:00-04:00,5.119999885559082,5.429999828338623,5.0,5.190000057220459,66200,0.0,0.0
2008-07-09 00:00:00-04:00,5.239999771118164,5.239999771118164,4.710000038146973,4.789999961853027,68700,0.0,0.0
2008-07-10 00:00:00-04:00,4.739999771118164,5.050000190734863,4.480000019073486,4.650000095367432,61700,0.0,0.0
2008-07-11 00:00:00-04:00,4.559999942779541,4.559999942779541,4.0,4.300000190734863,93900,0.0,0.0
2008-07-14 00:00:00-04:00,4.71999979019165,4.739999771118164,4.050000190734863,4.079999923706055,38700,0.0,0.0
2008-07-15 00:00:00-04:00,4.010000228881836,4.139999866485596,3.9000000953674316,4.03000020980835,101200,0.0,0.0
2008-07-16 00:00:00-04:00,3.9800000190734863,4.670000076293945,3.9200000762939453,4.519999980926514,62500,0.0,0.0
2008-07-17 00:00:00-04:00,4.760000228881836,5.119999885559082,4.539999961853027,5.010000228881836,36400,0.0,0.0
2008-07-18 00:00:00-04:00,5.099999904632568,5.230000019073486,4.789999961853027,4.920000076293945,41300,0.0,0.0
2008-07-21 00:00:00-04:00,5.079999923706055,5.079999923706055,4.889999866485596,5.0,35600,0.0,0.0
2008-07-22 00:00:00-04:00,5.0,5.0,4.809999942779541,4.940000057220459,30200,0.0,0.0
2008-07-23 00:00:00-04:00,4.949999809265137,5.199999809265137,4.710000038146973,4.940000057220459,35000,0.0,0.0
2008-07-24 00:00:00-04:00,4.989999771118164,4.989999771118164,4.610000133514404,4.840000152587891,29900,0.0,0.0
2008-07-25 00:00:00-04:00,4.75,4.960000038146973,4.619999885559082,4.679999828338623,21200,0.0,0.0
2008-07-28 00:00:00-04:00,4.559999942779541,4.650000095367432,4.420000076293945,4.460000038146973,37900,0.0,0.0
2008-07-29 00:00:00-04:00,4.400000095367432,4.659999847412109,4.400000095367432,4.659999847412109,22100,0.0,0.0
2008-07-30 00:00:00-04:00,4.75,4.829999923706055,4.670000076293945,4.710000038146973,10200,0.0,0.0
2008-07-31 00:00:00-04:00,4.75,4.789999961853027,4.570000171661377,4.570000171661377,12300,0.0,0.0
2008-08-01 00:00:00-04:00,4.550000190734863,4.619999885559082,4.420000076293945,4.46999979019165,26000,0.0,0.0
2008-08-04 00:00:00-04:00,4.5,4.5,4.389999866485596,4.400000095367432,11200,0.0,0.0
2008-08-05 00:00:00-04:00,4.429999828338623,4.840000152587891,4.429999828338623,4.619999885559082,20500,0.0,0.0
2008-08-06 00:00:00-04:00,4.550000190734863,4.639999866485596,4.550000190734863,4.559999942779541,12100,0.0,0.0
2008-08-07 00:00:00-04:00,4.599999904632568,4.599999904632568,4.309999942779541,4.380000114440918,33100,0.0,0.0
2008-08-08 00:00:00-04:00,4.639999866485596,4.639999866485596,4.360000133514404,4.420000076293945,12900,0.0,0.0
2008-08-11 00:00:00-04:00,4.340000152587891,4.800000190734863,4.340000152587891,4.800000190734863,39100,0.0,0.0
2008-08-12 00:00:00-04:00,5.070000171661377,5.409999847412109,4.710000038146973,5.329999923706055,85000,0.0,0.0
2008-08-13 00:00:00-04:00,5.5,5.849999904632568,5.110000133514404,5.5,45400,0.0,0.0
2008-08-14 00:00:00-04:00,5.5,5.5,5.110000133514404,5.119999885559082,32000,0.0,0.0
2008-08-15 00:00:00-04:00,5.21999979019165,5.289999961853027,4.909999847412109,5.190000057220459,13500,0.0,0.0
2008-08-18 00:00:00-04:00,5.409999847412109,5.409999847412109,5.019999980926514,5.050000190734863,7200,0.0,0.0
2008-08-19 00:00:00-04:00,5.050000190734863,5.070000171661377,4.849999904632568,4.960000038146973,24500,0.0,0.0
2008-08-20 00:00:00-04:00,4.920000076293945,5.170000076293945,4.900000095367432,5.119999885559082,17600,0.0,0.0
2008-08-21 00:00:00-04:00,4.989999771118164,5.139999866485596,4.989999771118164,5.059999942779541,14700,0.0,0.0
2008-08-22 00:00:00-04:00,5.019999980926514,5.03000020980835,4.980000019073486,4.989999771118164,9600,0.0,0.0
2008-08-25 00:00:00-04:00,5.010000228881836,5.03000020980835,4.809999942779541,4.860000133514404,12900,0.0,0.0
2008-08-26 00:00:00-04:00,4.96999979019165,5.03000020980835,4.860000133514404,5.03000020980835,7800,0.0,0.0
2008-08-27 00:00:00-04:00,4.960000038146973,5.0,4.840000152587891,4.840000152587891,12500,0.0,0.0
2008-08-28 00:00:00-04:00,4.949999809265137,4.980000019073486,4.929999828338623,4.929999828338623,2800,0.0,0.0
2008-08-29 00:00:00-04:00,4.980000019073486,5.210000038146973,4.909999847412109,5.150000095367432,24700,0.0,0.0
2008-09-02 00:00:00-04:00,5.260000228881836,5.429999828338623,5.170000076293945,5.329999923706055,34800,0.0,0.0
2008-09-03 00:00:00-04:00,5.210000038146973,5.289999961853027,5.170000076293945,5.25,7600,0.0,0.0
2008-09-04 00:00:00-04:00,5.269999980926514,5.349999904632568,5.099999904632568,5.110000133514404,11600,0.0,0.0
2008-09-05 00:00:00-04:00,5.110000133514404,5.159999847412109,5.050000190734863,5.059999942779541,3900,0.0,0.0
2008-09-08 00:00:00-04:00,5.269999980926514,5.269999980926514,5.110000133514404,5.139999866485596,16000,0.0,0.0
2008-09-09 00:00:00-04:00,5.179999828338623,5.179999828338623,5.0,5.019999980926514,13700,0.0,0.0
2008-09-10 00:00:00-04:00,5.010000228881836,5.039999961853027,4.909999847412109,5.039999961853027,11700,0.0,0.0
2008-09-11 00:00:00-04:00,5.03000020980835,5.03000020980835,4.78000020980835,4.78000020980835,19100,0.0,0.0
2008-09-12 00:00:00-04:00,5.320000171661377,5.320000171661377,4.670000076293945,4.809999942779541,10000,0.0,0.0
2008-09-15 00:00:00-04:00,4.75,4.980000019073486,4.699999809265137,4.889999866485596,19100,0.0,0.0
2008-09-16 00:00:00-04:00,4.789999961853027,4.920000076293945,4.699999809265137,4.840000152587891,22900,0.0,0.0
2008-09-17 00:00:00-04:00,4.71999979019165,4.789999961853027,4.400000095367432,4.449999809265137,31700,0.0,0.0
2008-09-18 00:00:00-04:00,4.920000076293945,4.920000076293945,4.360000133514404,4.429999828338623,24300,0.0,0.0
2008-09-19 00:00:00-04:00,4.460000038146973,4.96999979019165,4.369999885559082,4.789999961853027,37400,0.0,0.0
2008-09-22 00:00:00-04:00,4.889999866485596,4.900000095367432,4.369999885559082,4.639999866485596,32900,0.0,0.0
2008-09-23 00:00:00-04:00,4.889999866485596,4.889999866485596,4.550000190734863,4.659999847412109,7500,0.0,0.0
2008-09-24 00:00:00-04:00,4.840000152587891,4.840000152587891,4.550000190734863,4.75,3700,0.0,0.0
2008-09-25 00:00:00-04:00,4.840000152587891,4.849999904632568,4.510000228881836,4.590000152587891,31500,0.0,0.0
2008-09-26 00:00:00-04:00,4.550000190734863,4.659999847412109,4.460000038146973,4.630000114440918,19400,0.0,0.0
2008-09-29 00:00:00-04:00,4.449999809265137,4.630000114440918,4.010000228881836,4.130000114440918,52300,0.0,0.0
2008-09-30 00:00:00-04:00,4.159999847412109,4.230000019073486,4.0,4.119999885559082,32500,0.0,0.0
2008-10-01 00:00:00-04:00,4.25,4.480000019073486,4.099999904632568,4.199999809265137,20800,0.0,0.0
2008-10-02 00:00:00-04:00,4.090000152587891,4.199999809265137,3.799999952316284,3.9200000762939453,31900,0.0,0.0
2008-10-03 00:00:00-04:00,3.9000000953674316,4.380000114440918,3.880000114440918,4.130000114440918,35500,0.0,0.0
2008-10-06 00:00:00-04:00,4.010000228881836,4.190000057220459,3.799999952316284,4.150000095367432,73300,0.0,0.0
2008-10-07 00:00:00-04:00,4.360000133514404,4.460000038146973,4.25,4.269999980926514,22300,0.0,0.0
2008-10-08 00:00:00-04:00,4.300000190734863,4.300000190734863,3.819999933242798,4.110000133514404,26900,0.0,0.0
2008-10-09 00:00:00-04:00,4.019999980926514,4.440000057220459,3.799999952316284,3.930000066757202,44900,0.0,0.0
2008-10-10 00:00:00-04:00,3.819999933242798,4.119999885559082,3.559999942779541,4.119999885559082,91000,0.0,0.0
2008-10-13 00:00:00-04:00,4.449999809265137,4.449999809265137,4.110000133514404,4.150000095367432,20100,0.0,0.0
2008-10-14 00:00:00-04:00,4.179999828338623,4.389999866485596,3.9800000190734863,4.139999866485596,26300,0.0,0.0
2008-10-15 00:00:00-04:00,4.050000190734863,4.050000190734863,3.680000066757202,3.930000066757202,20400,0.0,0.0
2008-10-16 00:00:00-04:00,3.8299999237060547,4.269999980926514,3.7100000381469727,4.0,21200,0.0,0.0
2008-10-17 00:00:00-04:00,4.099999904632568,4.099999904632568,3.759999990463257,4.0,7100,0.0,0.0
2008-10-20 00:00:00-04:00,3.990000009536743,4.099999904632568,3.9100000858306885,3.950000047683716,10800,0.0,0.0
2008-10-21 00:00:00-04:00,3.9800000190734863,3.9800000190734863,3.8499999046325684,3.9000000953674316,14300,0.0,0.0
2008-10-22 00:00:00-04:00,3.880000114440918,3.9700000286102295,3.759999990463257,3.9600000381469727,16700,0.0,0.0
2008-10-23 00:00:00-04:00,4.0,4.0,3.8499999046325684,3.9000000953674316,13900,0.0,0.0
2008-10-24 00:00:00-04:00,3.5999999046325684,3.75,3.5,3.690000057220459,31300,0.0,0.0
2008-10-27 00:00:00-04:00,3.6500000953674316,3.700000047683716,3.3399999141693115,3.359999895095825,26300,0.0,0.0
2008-10-28 00:00:00-04:00,3.5,3.6500000953674316,3.5,3.559999942779541,23400,0.0,0.0
2008-10-29 00:00:00-04:00,3.569999933242798,3.680000066757202,3.319999933242798,3.680000066757202,59900,0.0,0.0
2008-10-30 00:00:00-04:00,3.619999885559082,3.700000047683716,3.5999999046325684,3.700000047683716,12300,0.0,0.0
2008-10-31 00:00:00-04:00,3.6500000953674316,3.8299999237060547,3.6500000953674316,3.8299999237060547,11700,0.0,0.0
2008-11-03 00:00:00-05:00,3.8299999237060547,3.930000066757202,3.359999895095825,3.890000104904175,26600,0.0,0.0
2008-11-04 00:00:00-05:00,3.680000066757202,3.930000066757202,3.6600000858306885,3.930000066757202,12400,0.0,0.0
2008-11-05 00:00:00-05:00,3.8299999237060547,3.940000057220459,3.619999885559082,3.940000057220459,11200,0.0,0.0
2008-11-06 00:00:00-05:00,3.9000000953674316,3.9000000953674316,3.75,3.799999952316284,34400,0.0,0.0
2008-11-07 00:00:00-05:00,3.8299999237060547,3.8399999141693115,3.5999999046325684,3.5999999046325684,24200,0.0,0.0
2008-11-10 00:00:00-05:00,3.619999885559082,3.7200000286102295,3.299999952316284,3.3399999141693115,25200,0.0,0.0
2008-11-11 00:00:00-05:00,3.4000000953674316,3.4000000953674316,3.180000066757202,3.200000047683716,43400,0.0,0.0
2008-11-12 00:00:00-05:00,3.130000114440918,3.1600000858306885,2.6600000858306885,2.890000104904175,84100,0.0,0.0
2008-11-13 00:00:00-05:00,2.6700000762939453,2.890000104904175,2.5,2.890000104904175,62700,0.0,0.0
2008-11-14 00:00:00-05:00,2.9000000953674316,3.1500000953674316,2.6500000953674316,2.950000047683716,34400,0.0,0.0
2008-11-17 00:00:00-05:00,2.930000066757202,2.930000066757202,2.509999990463257,2.619999885559082,21900,0.0,0.0
2008-11-18 00:00:00-05:00,2.700000047683716,2.740000009536743,2.3399999141693115,2.640000104904175,46200,0.0,0.0
2008-11-19 00:00:00-05:00,2.5299999713897705,2.5299999713897705,2.0,2.009999990463257,71300,0.0,0.0
2008-11-20 00:00:00-05:00,2.0,2.0999999046325684,1.9900000095367432,2.0199999809265137,43800,0.0,0.0
2008-11-21 00:00:00-05:00,2.2100000381469727,2.4800000190734863,1.8700000047683716,1.8899999856948853,31700,0.0,0.0
2008-11-24 00:00:00-05:00,1.909999966621399,2.0799999237060547,1.909999966621399,2.0199999809265137,71800,0.0,0.0
2008-11-25 00:00:00-05:00,1.899999976158142,2.0,1.850000023841858,1.9199999570846558,17600,0.0,0.0
2008-11-26 00:00:00-05:00,1.9600000381469727,1.9800000190734863,1.649999976158142,1.75,81900,0.0,0.0
2008-11-28 00:00:00-05:00,1.75,1.9700000286102295,1.75,1.9700000286102295,37000,0.0,0.0
2008-12-01 00:00:00-05:00,1.9700000286102295,1.9700000286102295,1.7000000476837158,1.8300000429153442,62400,0.0,0.0
2008-12-02 00:00:00-05:00,1.8300000429153442,1.8600000143051147,1.809999942779541,1.8300000429153442,18700,0.0,0.0
2008-12-03 00:00:00-05:00,1.7400000095367432,1.7899999618530273,1.6799999475479126,1.7200000286102295,7800,0.0,0.0
2008-12-04 00:00:00-05:00,1.7799999713897705,1.809999942779541,1.559999942779541,1.6799999475479126,8300,0.0,0.0
2008-12-05 00:00:00-05:00,1.7100000381469727,1.75,1.5499999523162842,1.600000023841858,18900,0.0,0.0
2008-12-08 00:00:00-05:00,1.7400000095367432,1.940000057220459,1.7000000476837158,1.909999966621399,45400,0.0,0.0
2008-12-09 00:00:00-05:00,1.9700000286102295,2.0799999237060547,1.7599999904632568,1.8899999856948853,28100,0.0,0.0
2008-12-10 00:00:00-05:00,2.0299999713897705,2.140000104904175,1.8899999856948853,1.940000057220459,10200,0.0,0.0
2008-12-11 00:00:00-05:00,2.0,2.0399999618530273,1.940000057220459,1.940000057220459,27600,0.0,0.0
2008-12-12 00:00:00-05:00,2.140000104904175,2.140000104904175,1.899999976158142,1.899999976158142,29100,0.0,0.0
2008-12-15 00:00:00-05:00,2.0899999141693115,2.0899999141693115,1.7599999904632568,1.7599999904632568,26500,0.0,0.0
2008-12-16 00:00:00-05:00,1.7999999523162842,1.8799999952316284,1.7599999904632568,1.8600000143051147,63600,0.0,0.0
2008-12-17 00:00:00-05:00,1.809999942779541,1.9600000381469727,1.809999942779541,1.9600000381469727,23300,0.0,0.0
2008-12-18 00:00:00-05:00,1.899999976158142,2.0,1.8899999856948853,1.9600000381469727,26600,0.0,0.0
2008-12-19 00:00:00-05:00,2.009999990463257,2.0899999141693115,2.0,2.0299999713897705,15100,0.0,0.0
2008-12-22 00:00:00-05:00,2.4100000858306885,2.4100000858306885,2.0399999618530273,2.2100000381469727,28900,0.0,0.0
2008-12-23 00:00:00-05:00,2.200000047683716,2.25,1.9800000190734863,2.0399999618530273,9200,0.0,0.0
2008-12-24 00:00:00-05:00,1.9700000286102295,2.240000009536743,1.9700000286102295,2.0299999713897705,4900,0.0,0.0
2008-12-26 00:00:00-05:00,2.0199999809265137,2.0299999713897705,1.9700000286102295,2.009999990463257,27800,0.0,0.0
2008-12-29 00:00:00-05:00,2.0,2.1600000858306885,1.9600000381469727,2.0799999237060547,23900,0.0,0.0
2008-12-30 00:00:00-05:00,2.049999952316284,2.1700000762939453,2.0199999809265137,2.0199999809265137,40200,0.0,0.0
2008-12-31 00:00:00-05:00,2.0399999618530273,2.25,2.0399999618530273,2.1700000762939453,33600,0.0,0.0
2009-01-02 00:00:00-05:00,2.109999895095825,2.430000066757202,2.069999933242798,2.319999933242798,25000,0.0,0.0
2009-01-05 00:00:00-05:00,2.4700000286102295,2.5,2.25,2.4600000381469727,20100,0.0,0.0
2009-01-06 00:00:00-05:00,2.3399999141693115,2.5899999141693115,2.2899999618530273,2.390000104904175,46900,0.0,0.0
2009-01-07 00:00:00-05:00,2.630000114440918,2.680000066757202,2.359999895095825,2.359999895095825,13300,0.0,0.0
2009-01-08 00:00:00-05:00,2.4000000953674316,2.430000066757202,2.049999952316284,2.2899999618530273,27200,0.0,0.0
2009-01-09 00:00:00-05:00,2.240000009536743,2.4800000190734863,2.180000066757202,2.3399999141693115,15400,0.0,0.0
2009-01-12 00:00:00-05:00,2.4000000953674316,2.4600000381469727,2.180000066757202,2.180000066757202,9400,0.0,0.0
2009-01-13 00:00:00-05:00,2.109999895095825,2.319999933242798,2.109999895095825,2.240000009536743,13200,0.0,0.0
2009-01-14 00:00:00-05:00,2.130000114440918,2.4800000190734863,2.130000114440918,2.4800000190734863,15700,0.0,0.0
2009-01-15 00:00:00-05:00,2.569999933242798,2.609999895095825,2.509999990463257,2.5399999618530273,45900,0.0,0.0
2009-01-16 00:00:00-05:00,2.5,2.5,2.009999990463257,2.0999999046325684,62900,0.0,0.0
2009-01-20 00:00:00-05:00,2.0199999809265137,2.130000114440918,1.909999966621399,2.049999952316284,46500,0.0,0.0
2009-01-21 00:00:00-05:00,2.450000047683716,2.6700000762939453,2.390000104904175,2.6500000953674316,17000,0.0,0.0
2009-01-22 00:00:00-05:00,2.5199999809265137,2.680000066757202,2.4100000858306885,2.559999942779541,8600,0.0,0.0
2009-01-23 00:00:00-05:00,2.5,2.6700000762939453,2.5,2.609999895095825,8200,0.0,0.0
2009-01-26 00:00:00-05:00,2.630000114440918,2.690000057220459,2.509999990463257,2.630000114440918,12000,0.0,0.0
2009-01-27 00:00:00-05:00,2.559999942779541,2.75,2.509999990463257,2.75,13600,0.0,0.0
2009-01-28 00:00:00-05:00,2.7699999809265137,2.9800000190734863,2.7699999809265137,2.859999895095825,10900,0.0,0.0
2009-01-29 00:00:00-05:00,2.799999952316284,3.069999933242798,2.799999952316284,2.9200000762939453,21000,0.0,0.0
2009-01-30 00:00:00-05:00,2.9800000190734863,3.0999999046325684,2.9800000190734863,3.0999999046325684,11200,0.0,0.0
2009-02-02 00:00:00-05:00,3.069999933242798,3.109999895095825,2.950000047683716,3.049999952316284,51600,0.0,0.0
2009-02-03 00:00:00-05:00,3.200000047683716,3.5,3.109999895095825,3.390000104904175,33500,0.0,0.0
2009-02-04 00:00:00-05:00,3.4800000190734863,3.700000047683716,3.4800000190734863,3.700000047683716,15500,0.0,0.0
2009-02-05 00:00:00-05:00,3.700000047683716,3.8399999141693115,3.5899999141693115,3.630000114440918,50500,0.0,0.0
2009-02-06 00:00:00-05:00,3.690000057220459,3.690000057220459,3.490000009536743,3.569999933242798,9700,0.0,0.0
2009-02-09 00:00:00-05:00,3.799999952316284,3.9100000858306885,3.799999952316284,3.9100000858306885,23400,0.0,0.0
2009-02-10 00:00:00-05:00,3.930000066757202,4.190000057220459,3.8499999046325684,3.859999895095825,25200,0.0,0.0
2009-02-11 00:00:00-05:00,3.5899999141693115,4.900000095367432,3.5899999141693115,4.800000190734863,45700,0.0,0.0
2009-02-12 00:00:00-05:00,4.75,4.849999904632568,4.269999980926514,4.400000095367432,69100,0.0,0.0
2009-02-13 00:00:00-05:00,4.25,4.75,4.21999979019165,4.739999771118164,27100,0.0,0.0
2009-02-17 00:00:00-05:00,4.579999923706055,4.730000019073486,3.9600000381469727,3.9600000381469727,24200,0.0,0.0
2009-02-18 00:00:00-05:00,4.0,4.079999923706055,3.190000057220459,3.190000057220459,53500,0.0,0.0
2009-02-19 00:00:00-05:00,3.4200000762939453,3.430000066757202,3.200000047683716,3.200000047683716,13300,0.0,0.0
2009-02-20 00:00:00-05:00,3.450000047683716,3.4700000286102295,3.190000057220459,3.2100000381469727,11100,0.0,0.0
2009-02-23 00:00:00-05:00,3.069999933242798,3.069999933242798,2.6700000762939453,2.6700000762939453,41300,0.0,0.0
2009-02-24 00:00:00-05:00,2.740000009536743,2.75,2.5299999713897705,2.640000104904175,29000,0.0,0.0
2009-02-25 00:00:00-05:00,2.6500000953674316,2.680000066757202,2.430000066757202,2.430000066757202,46100,0.0,0.0
2009-02-26 00:00:00-05:00,2.5799999237060547,2.5999999046325684,2.5,2.5799999237060547,13000,0.0,0.0
2009-02-27 00:00:00-05:00,2.5,2.700000047683716,2.5,2.5999999046325684,15600,0.0,0.0
2009-03-02 00:00:00-05:00,2.5,2.5999999046325684,2.5,2.5,12400,0.0,0.0
2009-03-03 00:00:00-05:00,2.75,2.759999990463257,2.6500000953674316,2.75,17800,0.0,0.0
2009-03-04 00:00:00-05:00,2.6700000762939453,2.940000057220459,2.6700000762939453,2.940000057220459,7300,0.0,0.0
2009-03-05 00:00:00-05:00,3.109999895095825,3.130000114440918,3.0399999618530273,3.0799999237060547,11800,0.0,0.0
2009-03-06 00:00:00-05:00,3.009999990463257,3.069999933242798,2.7200000286102295,2.75,29100,0.0,0.0
2009-03-09 00:00:00-04:00,2.859999895095825,2.890000104904175,2.5399999618530273,2.5399999618530273,16700,0.0,0.0
2009-03-10 00:00:00-04:00,2.5,2.7300000190734863,2.5,2.5299999713897705,17800,0.0,0.0
2009-03-11 00:00:00-04:00,2.8499999046325684,2.8499999046325684,2.5899999141693115,2.799999952316284,6900,0.0,0.0
2009-03-12 00:00:00-04:00,2.8499999046325684,2.890000104904175,2.680000066757202,2.8499999046325684,14200,0.0,0.0
2009-03-13 00:00:00-04:00,3.0199999809265137,3.2100000381469727,2.930000066757202,3.109999895095825,19000,0.0,0.0
2009-03-16 00:00:00-04:00,3.1700000762939453,3.25,3.119999885559082,3.180000066757202,6800,0.0,0.0
2009-03-17 00:00:00-04:00,3.680000066757202,3.680000066757202,3.25,3.359999895095825,27800,0.0,0.0
2009-03-18 00:00:00-04:00,3.990000009536743,3.990000009536743,3.4800000190734863,3.640000104904175,17700,0.0,0.0
2009-03-19 00:00:00-04:00,3.9800000190734863,3.9800000190734863,3.5,3.6500000953674316,6000,0.0,0.0
2009-03-20 00:00:00-04:00,3.5999999046325684,3.6600000858306885,3.5899999141693115,3.6600000858306885,4100,0.0,0.0
2009-03-23 00:00:00-04:00,3.700000047683716,3.9600000381469727,3.690000057220459,3.9600000381469727,10500,0.0,0.0
2009-03-24 00:00:00-04:00,3.9600000381469727,3.990000009536743,3.9000000953674316,3.940000057220459,4000,0.0,0.0
2009-03-25 00:00:00-04:00,4.0,4.0,3.890000104904175,3.990000009536743,23300,0.0,0.0
2009-03-26 00:00:00-04:00,4.0,4.159999847412109,4.0,4.139999866485596,33100,0.0,0.0
2009-03-27 00:00:00-04:00,4.230000019073486,4.239999771118164,4.090000152587891,4.190000057220459,15100,0.0,0.0
2009-03-30 00:00:00-04:00,4.699999809265137,4.699999809265137,4.050000190734863,4.329999923706055,11900,0.0,0.0
2009-03-31 00:00:00-04:00,4.480000019073486,4.489999771118164,4.059999942779541,4.489999771118164,12000,0.0,0.0
2009-04-01 00:00:00-04:00,4.300000190734863,4.349999904632568,4.210000038146973,4.349999904632568,11900,0.0,0.0
2009-04-02 00:00:00-04:00,4.449999809265137,4.489999771118164,4.119999885559082,4.199999809265137,37400,0.0,0.0
2009-04-03 00:00:00-04:00,4.059999942779541,4.369999885559082,4.059999942779541,4.159999847412109,16100,0.0,0.0
2009-04-06 00:00:00-04:00,4.050000190734863,4.480000019073486,4.0,4.03000020980835,11200,0.0,0.0
2009-04-07 00:00:00-04:00,3.950000047683716,4.21999979019165,3.9000000953674316,3.9700000286102295,18000,0.0,0.0
2009-04-08 00:00:00-04:00,3.880000114440918,4.170000076293945,3.819999933242798,3.8299999237060547,6900,0.0,0.0
2009-04-09 00:00:00-04:00,4.110000133514404,4.110000133514404,3.890000104904175,3.9700000286102295,9900,0.0,0.0
2009-04-13 00:00:00-04:00,4.590000152587891,4.590000152587891,3.9700000286102295,4.03000020980835,22300,0.0,0.0
2009-04-14 00:00:00-04:00,3.880000114440918,4.269999980926514,3.7699999809265137,3.819999933242798,18200,0.0,0.0
2009-04-15 00:00:00-04:00,3.8499999046325684,4.099999904632568,3.680000066757202,3.809999942779541,2900,0.0,0.0
2009-04-16 00:00:00-04:00,3.8399999141693115,3.8399999141693115,3.680000066757202,3.740000009536743,6400,0.0,0.0
2009-04-17 00:00:00-04:00,3.619999885559082,3.7899999618530273,3.380000114440918,3.450000047683716,15600,0.0,0.0
2009-04-20 00:00:00-04:00,3.259999990463257,3.2899999618530273,3.190000057220459,3.240000009536743,20900,0.0,0.0
2009-04-21 00:00:00-04:00,3.140000104904175,3.2899999618530273,3.059999942779541,3.2899999618530273,11000,0.0,0.0
2009-04-22 00:00:00-04:00,3.240000009536743,3.5,3.130000114440918,3.450000047683716,8700,0.0,0.0
2009-04-23 00:00:00-04:00,3.5,3.5,3.359999895095825,3.440000057220459,5000,0.0,0.0
2009-04-24 00:00:00-04:00,3.6500000953674316,3.799999952316284,3.4000000953674316,3.5399999618530273,16700,0.0,0.0
2009-04-27 00:00:00-04:00,3.4200000762939453,3.5399999618530273,3.4100000858306885,3.4800000190734863,7800,0.0,0.0
2009-04-28 00:00:00-04:00,3.5,3.5,3.450000047683716,3.4600000381469727,3300,0.0,0.0
2009-04-29 00:00:00-04:00,3.4100000858306885,3.5999999046325684,3.4100000858306885,3.509999990463257,4000,0.0,0.0
2009-04-30 00:00:00-04:00,3.5,3.6500000953674316,3.5,3.6500000953674316,19100,0.0,0.0
2009-05-01 00:00:00-04:00,3.5899999141693115,3.5999999046325684,3.509999990463257,3.549999952316284,3700,0.0,0.0
2009-05-04 00:00:00-04:00,3.509999990463257,4.599999904632568,3.509999990463257,3.5899999141693115,9500,0.0,0.0
2009-05-05 00:00:00-04:00,3.4800000190734863,3.5899999141693115,3.4800000190734863,3.5799999237060547,14200,0.0,0.0
2009-05-06 00:00:00-04:00,3.5299999713897705,3.549999952316284,3.299999952316284,3.319999933242798,16400,0.0,0.0
2009-05-07 00:00:00-04:00,3.3499999046325684,3.3499999046325684,3.009999990463257,3.130000114440918,18500,0.0,0.0
2009-05-08 00:00:00-04:00,3.3399999141693115,3.3499999046325684,3.190000057220459,3.190000057220459,17800,0.0,0.0
2009-05-11 00:00:00-04:00,3.1500000953674316,3.490000009536743,3.1500000953674316,3.240000009536743,18000,0.0,0.0
2009-05-12 00:00:00-04:00,3.2300000190734863,3.240000009536743,3.1500000953674316,3.1600000858306885,8200,0.0,0.0
2009-05-13 00:00:00-04:00,3.4600000381469727,3.4600000381469727,3.0,3.049999952316284,16900,0.0,0.0
2009-05-14 00:00:00-04:00,3.0,3.190000057220459,3.0,3.0199999809265137,5400,0.0,0.0
2009-05-15 00:00:00-04:00,3.0199999809265137,3.0299999713897705,2.9000000953674316,2.9600000381469727,7800,0.0,0.0
2009-05-18 00:00:00-04:00,3.390000104904175,3.4800000190734863,3.0999999046325684,3.0999999046325684,8700,0.0,0.0
2009-05-19 00:00:00-04:00,3.0999999046325684,3.0999999046325684,3.0899999141693115,3.0999999046325684,3900,0.0,0.0
2009-05-20 00:00:00-04:00,3.1600000858306885,3.450000047683716,3.140000104904175,3.140000104904175,12500,0.0,0.0
2009-05-21 00:00:00-04:00,3.440000057220459,3.440000057220459,3.1600000858306885,3.430000066757202,6200,0.0,0.0
2009-05-22 00:00:00-04:00,3.2699999809265137,3.440000057220459,3.259999990463257,3.259999990463257,2600,0.0,0.0
2009-05-26 00:00:00-04:00,3.259999990463257,3.299999952316284,3.140000104904175,3.1500000953674316,8500,0.0,0.0
2009-05-27 00:00:00-04:00,3.140000104904175,3.450000047683716,3.009999990463257,3.119999885559082,8400,0.0,0.0
2009-05-28 00:00:00-04:00,3.130000114440918,3.140000104904175,2.950000047683716,3.0899999141693115,17300,0.0,0.0
2009-05-29 00:00:00-04:00,3.130000114440918,3.1700000762939453,2.869999885559082,3.0999999046325684,20800,0.0,0.0
2009-06-01 00:00:00-04:00,3.069999933242798,3.190000057220459,3.0199999809265137,3.0199999809265137,9700,0.0,0.0
2009-06-02 00:00:00-04:00,3.049999952316284,3.180000066757202,2.859999895095825,3.0199999809265137,14800,0.0,0.0
2009-06-03 00:00:00-04:00,3.0,3.140000104904175,2.869999885559082,2.930000066757202,16700,0.0,0.0
2009-06-04 00:00:00-04:00,3.049999952316284,3.0899999141693115,2.9000000953674316,3.0299999713897705,17100,0.0,0.0
2009-06-05 00:00:00-04:00,3.190000057220459,3.799999952316284,2.75,3.0399999618530273,103400,0.0,0.0
2009-06-08 00:00:00-04:00,3.0,3.0799999237060547,2.869999885559082,2.9800000190734863,17500,0.0,0.0
2009-06-09 00:00:00-04:00,2.990000009536743,3.1600000858306885,2.990000009536743,2.990000009536743,17000,0.0,0.0
2009-06-10 00:00:00-04:00,3.0,3.0999999046325684,2.990000009536743,3.049999952316284,21100,0.0,0.0
2009-06-11 00:00:00-04:00,3.049999952316284,3.5,3.0,3.5,39600,0.0,0.0
2009-06-12 00:00:00-04:00,3.569999933242798,3.799999952316284,3.5,3.7799999713897705,61500,0.0,0.0
2009-06-15 00:00:00-04:00,3.700000047683716,3.799999952316284,3.4200000762939453,3.5799999237060547,35600,0.0,0.0
2009-06-16 00:00:00-04:00,3.5999999046325684,3.7699999809265137,3.5999999046325684,3.700000047683716,18700,0.0,0.0
2009-06-17 00:00:00-04:00,3.7699999809265137,3.7799999713897705,3.7100000381469727,3.7300000190734863,10900,0.0,0.0
2009-06-18 00:00:00-04:00,3.5899999141693115,3.5899999141693115,3.5199999809265137,3.5899999141693115,9600,0.0,0.0
2009-06-19 00:00:00-04:00,3.5,3.5,3.3399999141693115,3.380000114440918,25400,0.0,0.0
2009-06-22 00:00:00-04:00,3.3299999237060547,3.509999990463257,3.3299999237060547,3.4700000286102295,21500,0.0,0.0
2009-06-23 00:00:00-04:00,3.4100000858306885,3.450000047683716,3.309999942779541,3.4100000858306885,15200,0.0,0.0
2009-06-24 00:00:00-04:00,3.4800000190734863,3.9000000953674316,3.4100000858306885,3.4600000381469727,26400,0.0,0.0
2009-06-25 00:00:00-04:00,3.4200000762939453,3.5799999237060547,3.3399999141693115,3.4800000190734863,26900,0.0,0.0
2009-06-26 00:00:00-04:00,3.549999952316284,3.5799999237060547,3.490000009536743,3.5799999237060547,10000,0.0,0.0
2009-06-29 00:00:00-04:00,3.509999990463257,3.509999990463257,3.3399999141693115,3.359999895095825,18000,0.0,0.0
2009-06-30 00:00:00-04:00,3.4000000953674316,3.5799999237060547,3.359999895095825,3.5799999237060547,18400,0.0,0.0
2009-07-01 00:00:00-04:00,3.4700000286102295,3.4700000286102295,3.380000114440918,3.380000114440918,9700,0.0,0.0
2009-07-02 00:00:00-04:00,3.299999952316284,3.369999885559082,3.2699999809265137,3.3499999046325684,12700,0.0,0.0
2009-07-06 00:00:00-04:00,3.4000000953674316,3.4000000953674316,3.2300000190734863,3.2300000190734863,10300,0.0,0.0
2009-07-07 00:00:00-04:00,3.299999952316284,3.299999952316284,3.190000057220459,3.190000057220459,19700,0.0,0.0
2009-07-08 00:00:00-04:00,3.109999895095825,3.140000104904175,3.009999990463257,3.009999990463257,20600,0.0,0.0
2009-07-09 00:00:00-04:00,3.009999990463257,3.0999999046325684,3.0,3.0,15300,0.0,0.0
2009-07-10 00:00:00-04:00,3.0899999141693115,3.0899999141693115,2.7799999713897705,2.990000009536743,21500,0.0,0.0
2009-07-13 00:00:00-04:00,2.950000047683716,2.950000047683716,2.609999895095825,2.700000047683716,34900,0.0,0.0
2009-07-14 00:00:00-04:00,2.559999942779541,2.740000009536743,2.380000114440918,2.5199999809265137,28800,0.0,0.0
2009-07-15 00:00:00-04:00,2.880000114440918,2.880000114440918,2.5199999809265137,2.630000114440918,117500,0.0,0.0
2009-07-16 00:00:00-04:00,2.7200000286102295,2.7899999618530273,2.7100000381469727,2.7100000381469727,10000,0.0,0.0
2009-07-17 00:00:00-04:00,2.700000047683716,2.799999952316284,2.700000047683716,2.75,115100,0.0,0.0
2009-07-20 00:00:00-04:00,2.7799999713897705,3.490000009536743,2.7799999713897705,3.2899999618530273,66700,0.0,0.0
2009-07-21 00:00:00-04:00,3.4000000953674316,3.880000114440918,3.119999885559082,3.4800000190734863,45900,0.0,0.0
2009-07-22 00:00:00-04:00,3.690000057220459,4.480000019073486,3.690000057220459,4.199999809265137,153500,0.0,0.0
2009-07-23 00:00:00-04:00,4.150000095367432,4.25,4.010000228881836,4.019999980926514,26500,0.0,0.0
2009-07-24 00:00:00-04:00,4.0,4.269999980926514,4.0,4.090000152587891,22200,0.0,0.0
2009-07-27 00:00:00-04:00,4.179999828338623,4.179999828338623,4.0,4.0,27500,0.0,0.0
2009-07-28 00:00:00-04:00,3.9600000381469727,3.9600000381469727,3.4000000953674316,3.6500000953674316,44200,0.0,0.0
2009-07-29 00:00:00-04:00,3.75,4.099999904632568,3.640000104904175,3.9000000953674316,29700,0.0,0.0
2009-07-30 00:00:00-04:00,3.8499999046325684,4.059999942779541,3.8499999046325684,3.940000057220459,19400,0.0,0.0
2009-07-31 00:00:00-04:00,4.179999828338623,4.179999828338623,3.8399999141693115,3.8499999046325684,17700,0.0,0.0
2009-08-03 00:00:00-04:00,3.869999885559082,3.9700000286102295,3.869999885559082,3.9000000953674316,22400,0.0,0.0
2009-08-04 00:00:00-04:00,3.950000047683716,3.950000047683716,3.7899999618530273,3.799999952316284,10300,0.0,0.0
2009-08-05 00:00:00-04:00,3.799999952316284,3.799999952316284,3.6500000953674316,3.700000047683716,26300,0.0,0.0
2009-08-06 00:00:00-04:00,3.869999885559082,3.869999885559082,3.5999999046325684,3.6500000953674316,13200,0.0,0.0
2009-08-07 00:00:00-04:00,3.6700000762939453,3.759999990463257,3.640000104904175,3.6500000953674316,13700,0.0,0.0
2009-08-10 00:00:00-04:00,3.8399999141693115,3.9000000953674316,3.619999885559082,3.6500000953674316,33000,0.0,0.0
2009-08-11 00:00:00-04:00,3.7100000381469727,3.880000114440918,3.619999885559082,3.819999933242798,11500,0.0,0.0
2009-08-12 00:00:00-04:00,3.7899999618530273,3.8299999237060547,3.7200000286102295,3.7200000286102295,16400,0.0,0.0
2009-08-13 00:00:00-04:00,3.690000057220459,3.700000047683716,3.619999885559082,3.6500000953674316,17700,0.0,0.0
2009-08-14 00:00:00-04:00,3.7100000381469727,3.819999933242798,3.5999999046325684,3.5999999046325684,9700,0.0,0.0
2009-08-17 00:00:00-04:00,3.509999990463257,3.630000114440918,3.509999990463257,3.5199999809265137,7500,0.0,0.0
2009-08-18 00:00:00-04:00,3.509999990463257,3.549999952316284,3.509999990463257,3.5399999618530273,14700,0.0,0.0
2009-08-19 00:00:00-04:00,3.869999885559082,3.869999885559082,3.509999990463257,3.559999942779541,29100,0.0,0.0
2009-08-20 00:00:00-04:00,3.559999942779541,3.6500000953674316,3.5399999618530273,3.630000114440918,3400,0.0,0.0
2009-08-21 00:00:00-04:00,3.549999952316284,3.630000114440918,3.549999952316284,3.619999885559082,3300,0.0,0.0
2009-08-24 00:00:00-04:00,3.569999933242798,3.7200000286102295,3.5299999713897705,3.5299999713897705,40400,0.0,0.0
2009-08-25 00:00:00-04:00,3.5399999618530273,3.609999895095825,3.5,3.5199999809265137,13000,0.0,0.0
2009-08-26 00:00:00-04:00,3.509999990463257,3.5199999809265137,3.4700000286102295,3.4800000190734863,10600,0.0,0.0
2009-08-27 00:00:00-04:00,3.5,3.5,3.3299999237060547,3.3499999046325684,16100,0.0,0.0
2009-08-28 00:00:00-04:00,3.359999895095825,3.369999885559082,3.200000047683716,3.200000047683716,27200,0.0,0.0
2009-08-31 00:00:00-04:00,3.200000047683716,3.309999942779541,3.0899999141693115,3.109999895095825,35800,0.0,0.0
2009-09-01 00:00:00-04:00,3.190000057220459,3.2200000286102295,3.009999990463257,3.049999952316284,9400,0.0,0.0
2009-09-02 00:00:00-04:00,3.069999933242798,3.240000009536743,3.0399999618530273,3.1500000953674316,12600,0.0,0.0
2009-09-03 00:00:00-04:00,3.200000047683716,3.200000047683716,3.1700000762939453,3.190000057220459,6400,0.0,0.0
2009-09-04 00:00:00-04:00,3.200000047683716,3.4800000190734863,3.200000047683716,3.390000104904175,52000,0.0,0.0
2009-09-08 00:00:00-04:00,3.359999895095825,3.450000047683716,3.2699999809265137,3.2699999809265137,12900,0.0,0.0
2009-09-09 00:00:00-04:00,3.3299999237060547,3.4000000953674316,3.319999933242798,3.319999933242798,24200,0.0,0.0
2009-09-10 00:00:00-04:00,3.2799999713897705,3.4000000953674316,3.2799999713897705,3.3299999237060547,41400,0.0,0.0
2009-09-11 00:00:00-04:00,3.3299999237060547,3.5,3.140000104904175,3.4200000762939453,42700,0.0,0.0
2009-09-14 00:00:00-04:00,3.2799999713897705,3.5,3.2799999713897705,3.4100000858306885,70200,0.0,0.0
2009-09-15 00:00:00-04:00,3.490000009536743,3.640000104904175,3.490000009536743,3.559999942779541,42800,0.0,0.0
2009-09-16 00:00:00-04:00,3.5999999046325684,3.859999895095825,3.5999999046325684,3.700000047683716,74400,0.0,0.0
2009-09-17 00:00:00-04:00,3.7300000190734863,4.090000152587891,3.7300000190734863,4.039999961853027,71100,0.0,0.0
2009-09-18 00:00:00-04:00,4.0,4.099999904632568,3.9100000858306885,3.9100000858306885,59100,0.0,0.0
2009-09-21 00:00:00-04:00,4.010000228881836,4.099999904632568,4.0,4.070000171661377,16500,0.0,0.0
2009-09-22 00:00:00-04:00,4.170000076293945,4.75,4.099999904632568,4.71999979019165,65000,0.0,0.0
2009-09-23 00:00:00-04:00,4.75,4.889999866485596,4.46999979019165,4.539999961853027,78300,0.0,0.0
2009-09-24 00:00:00-04:00,4.619999885559082,4.619999885559082,4.190000057220459,4.260000228881836,78000,0.0,0.0
2009-09-25 00:00:00-04:00,4.590000152587891,4.590000152587891,4.329999923706055,4.46999979019165,24500,0.0,0.0
2009-09-28 00:00:00-04:00,4.690000057220459,4.690000057220459,4.349999904632568,4.440000057220459,15600,0.0,0.0
2009-09-29 00:00:00-04:00,4.400000095367432,4.510000228881836,4.400000095367432,4.400000095367432,28500,0.0,0.0
2009-09-30 00:00:00-04:00,4.300000190734863,4.300000190734863,4.119999885559082,4.119999885559082,16100,0.0,0.0
2009-10-01 00:00:00-04:00,4.190000057220459,4.289999961853027,4.139999866485596,4.21999979019165,13300,0.0,0.0
2009-10-02 00:00:00-04:00,4.28000020980835,4.28000020980835,4.139999866485596,4.150000095367432,7900,0.0,0.0
2009-10-05 00:00:00-04:00,4.119999885559082,4.130000114440918,4.0,4.039999961853027,18500,0.0,0.0
2009-10-06 00:00:00-04:00,4.190000057220459,4.190000057220459,4.0,4.059999942779541,17400,0.0,0.0
2009-10-07 00:00:00-04:00,4.0,4.230000019073486,4.0,4.159999847412109,29300,0.0,0.0
2009-10-08 00:00:00-04:00,4.119999885559082,4.289999961853027,4.119999885559082,4.260000228881836,13100,0.0,0.0
2009-10-09 00:00:00-04:00,4.340000152587891,4.380000114440918,4.230000019073486,4.300000190734863,10100,0.0,0.0
2009-10-12 00:00:00-04:00,4.300000190734863,4.440000057220459,4.300000190734863,4.380000114440918,17000,0.0,0.0
2009-10-13 00:00:00-04:00,4.440000057220459,4.75,4.440000057220459,4.630000114440918,29600,0.0,0.0
2009-10-14 00:00:00-04:00,4.679999828338623,4.789999961853027,4.389999866485596,4.389999866485596,34200,0.0,0.0
2009-10-15 00:00:00-04:00,4.460000038146973,4.670000076293945,4.460000038146973,4.670000076293945,23300,0.0,0.0
2009-10-16 00:00:00-04:00,4.590000152587891,4.670000076293945,4.510000228881836,4.550000190734863,24300,0.0,0.0
2009-10-19 00:00:00-04:00,4.5,4.650000095367432,4.389999866485596,4.559999942779541,31400,0.0,0.0
2009-10-20 00:00:00-04:00,4.639999866485596,4.670000076293945,4.210000038146973,4.289999961853027,44900,0.0,0.0
2009-10-21 00:00:00-04:00,4.340000152587891,4.389999866485596,4.289999961853027,4.320000171661377,16000,0.0,0.0
2009-10-22 00:00:00-04:00,4.25,4.320000171661377,4.210000038146973,4.289999961853027,21200,0.0,0.0
2009-10-23 00:00:00-04:00,4.329999923706055,4.360000133514404,4.050000190734863,4.25,20600,0.0,0.0
2009-10-26 00:00:00-04:00,4.25,4.25,4.019999980926514,4.070000171661377,14900,0.0,0.0
2009-10-27 00:00:00-04:00,4.150000095367432,4.199999809265137,3.990000009536743,4.050000190734863,20400,0.0,0.0
2009-10-28 00:00:00-04:00,4.019999980926514,4.019999980926514,3.609999895095825,3.75,40600,0.0,0.0
2009-10-29 00:00:00-04:00,3.5999999046325684,3.869999885559082,3.569999933242798,3.569999933242798,27700,0.0,0.0
2009-10-30 00:00:00-04:00,3.609999895095825,3.740000009536743,3.5999999046325684,3.619999885559082,31100,0.0,0.0
2009-11-02 00:00:00-05:00,3.6600000858306885,3.7200000286102295,3.630000114440918,3.6700000762939453,19100,0.0,0.0
2009-11-03 00:00:00-05:00,3.6700000762939453,3.740000009536743,3.6500000953674316,3.740000009536743,12600,0.0,0.0
2009-11-04 00:00:00-05:00,3.700000047683716,3.7699999809265137,3.6700000762939453,3.680000066757202,7600,0.0,0.0
2009-11-05 00:00:00-05:00,3.6600000858306885,3.740000009536743,3.6600000858306885,3.6700000762939453,16800,0.0,0.0
2009-11-06 00:00:00-05:00,3.6600000858306885,3.8399999141693115,3.6600000858306885,3.8399999141693115,6100,0.0,0.0
2009-11-09 00:00:00-05:00,3.8499999046325684,3.8499999046325684,3.6700000762939453,3.8399999141693115,8600,0.0,0.0
2009-11-10 00:00:00-05:00,3.759999990463257,3.809999942779541,3.5999999046325684,3.6700000762939453,12200,0.0,0.0
2009-11-11 00:00:00-05:00,3.6700000762939453,3.7300000190734863,3.5999999046325684,3.680000066757202,7400,0.0,0.0
2009-11-12 00:00:00-05:00,3.609999895095825,3.7699999809265137,3.609999895095825,3.7699999809265137,21400,0.0,0.0
2009-11-13 00:00:00-05:00,3.7699999809265137,3.990000009536743,3.7699999809265137,3.940000057220459,17900,0.0,0.0
2009-11-16 00:00:00-05:00,3.950000047683716,4.159999847412109,3.950000047683716,4.159999847412109,31000,0.0,0.0
2009-11-17 00:00:00-05:00,4.199999809265137,4.5,4.199999809265137,4.409999847412109,28600,0.0,0.0
2009-11-18 00:00:00-05:00,4.349999904632568,4.409999847412109,4.28000020980835,4.300000190734863,13500,0.0,0.0
2009-11-19 00:00:00-05:00,4.210000038146973,4.260000228881836,3.880000114440918,4.090000152587891,16500,0.0,0.0
2009-11-20 00:00:00-05:00,3.7699999809265137,4.25,3.7699999809265137,4.099999904632568,9100,0.0,0.0
2009-11-23 00:00:00-05:00,4.099999904632568,4.119999885559082,3.880000114440918,4.0,8900,0.0,0.0
2009-11-24 00:00:00-05:00,3.9000000953674316,4.139999866485596,3.7699999809265137,4.139999866485596,26400,0.0,0.0
2009-11-25 00:00:00-05:00,4.099999904632568,4.099999904632568,3.9000000953674316,3.9000000953674316,5100,0.0,0.0
2009-11-27 00:00:00-05:00,3.9100000858306885,3.9800000190734863,3.819999933242798,3.9100000858306885,1500,0.0,0.0
2009-11-30 00:00:00-05:00,3.859999895095825,4.010000228881836,3.8299999237060547,3.869999885559082,11700,0.0,0.0
2009-12-01 00:00:00-05:00,3.9600000381469727,3.9700000286102295,3.809999942779541,3.809999942779541,26100,0.0,0.0
2009-12-02 00:00:00-05:00,3.8499999046325684,3.869999885559082,3.809999942779541,3.809999942779541,8300,0.0,0.0
2009-12-03 00:00:00-05:00,3.869999885559082,3.9200000762939453,3.869999885559082,3.9000000953674316,10100,0.0,0.0
2009-12-04 00:00:00-05:00,3.869999885559082,3.990000009536743,3.869999885559082,3.9600000381469727,9300,0.0,0.0
2009-12-07 00:00:00-05:00,3.950000047683716,3.950000047683716,3.799999952316284,3.8399999141693115,14000,0.0,0.0
2009-12-08 00:00:00-05:00,3.819999933242798,3.869999885559082,3.759999990463257,3.799999952316284,29700,0.0,0.0
2009-12-09 00:00:00-05:00,3.799999952316284,3.799999952316284,3.75,3.7699999809265137,4100,0.0,0.0
2009-12-10 00:00:00-05:00,3.7799999713897705,3.799999952316284,3.7200000286102295,3.759999990463257,31700,0.0,0.0
2009-12-11 00:00:00-05:00,3.7300000190734863,3.75,3.5999999046325684,3.7100000381469727,16100,0.0,0.0
2009-12-14 00:00:00-05:00,3.740000009536743,3.740000009536743,3.5999999046325684,3.619999885559082,13800,0.0,0.0
2009-12-15 00:00:00-05:00,3.609999895095825,3.740000009536743,3.509999990463257,3.700000047683716,17600,0.0,0.0
2009-12-16 00:00:00-05:00,3.6500000953674316,3.9000000953674316,3.6500000953674316,3.869999885559082,58300,0.0,0.0
2009-12-17 00:00:00-05:00,3.9000000953674316,3.9200000762939453,3.700000047683716,3.9200000762939453,22800,0.0,0.0
2009-12-18 00:00:00-05:00,3.7899999618530273,3.930000066757202,3.75,3.930000066757202,21400,0.0,0.0
2009-12-21 00:00:00-05:00,3.930000066757202,3.950000047683716,3.75,3.75,17500,0.0,0.0
2009-12-22 00:00:00-05:00,3.75,3.990000009536743,3.75,3.990000009536743,13800,0.0,0.0
2009-12-23 00:00:00-05:00,3.9200000762939453,3.9200000762939453,3.7100000381469727,3.7100000381469727,18100,0.0,0.0
2009-12-24 00:00:00-05:00,3.890000104904175,3.890000104904175,3.7200000286102295,3.75,6400,0.0,0.0
2009-12-28 00:00:00-05:00,3.680000066757202,3.740000009536743,3.5999999046325684,3.700000047683716,20700,0.0,0.0
2009-12-29 00:00:00-05:00,3.690000057220459,3.9700000286102295,3.5399999618530273,3.7200000286102295,32000,0.0,0.0
2009-12-30 00:00:00-05:00,3.700000047683716,3.7699999809265137,3.619999885559082,3.630000114440918,19300,0.0,0.0
2009-12-31 00:00:00-05:00,3.630000114440918,3.7899999618530273,3.5899999141693115,3.7899999618530273,11500,0.0,0.0
2010-01-04 00:00:00-05:00,3.799999952316284,3.819999933242798,3.6500000953674316,3.7100000381469727,8900,0.0,0.0
2010-01-05 00:00:00-05:00,3.6700000762939453,3.75,3.5899999141693115,3.6600000858306885,20800,0.0,0.0
2010-01-06 00:00:00-05:00,3.680000066757202,3.690000057220459,3.5,3.5899999141693115,27100,0.0,0.0
2010-01-07 00:00:00-05:00,3.5399999618530273,3.759999990463257,3.5199999809265137,3.759999990463257,16600,0.0,0.0
2010-01-08 00:00:00-05:00,3.740000009536743,3.740000009536743,3.5,3.5299999713897705,14600,0.0,0.0
2010-01-11 00:00:00-05:00,3.6700000762939453,3.680000066757202,3.5,3.5899999141693115,17800,0.0,0.0
2010-01-12 00:00:00-05:00,3.5999999046325684,3.5999999046325684,3.490000009536743,3.5,18100,0.0,0.0
2010-01-13 00:00:00-05:00,3.5899999141693115,3.5999999046325684,3.4000000953674316,3.5199999809265137,15000,0.0,0.0
2010-01-14 00:00:00-05:00,3.4700000286102295,3.4800000190734863,3.3299999237060547,3.4700000286102295,9800,0.0,0.0
2010-01-15 00:00:00-05:00,3.5899999141693115,3.5899999141693115,3.3499999046325684,3.3499999046325684,19600,0.0,0.0
2010-01-19 00:00:00-05:00,3.369999885559082,3.549999952316284,3.1700000762939453,3.390000104904175,28500,0.0,0.0
2010-01-20 00:00:00-05:00,3.359999895095825,3.369999885559082,3.180000066757202,3.180000066757202,11000,0.0,0.0
2010-01-21 00:00:00-05:00,3.5,3.509999990463257,2.819999933242798,3.0399999618530273,53600,0.0,0.0
2010-01-22 00:00:00-05:00,3.0799999237060547,3.299999952316284,3.0799999237060547,3.1500000953674316,13100,0.0,0.0
2010-01-25 00:00:00-05:00,3.140000104904175,3.200000047683716,3.059999942779541,3.1700000762939453,26300,0.0,0.0
2010-01-26 00:00:00-05:00,3.059999942779541,3.190000057220459,2.7899999618530273,3.059999942779541,34600,0.0,0.0
2010-01-27 00:00:00-05:00,2.9600000381469727,3.0799999237060547,2.9200000762939453,2.930000066757202,17100,0.0,0.0
2010-01-28 00:00:00-05:00,3.009999990463257,3.190000057220459,2.9000000953674316,3.1500000953674316,18500,0.0,0.0
2010-01-29 00:00:00-05:00,3.0899999141693115,3.0999999046325684,2.9100000858306885,3.0,6500,0.0,0.0
2010-02-01 00:00:00-05:00,3.059999942779541,3.380000114440918,3.0,3.319999933242798,29800,0.0,0.0
2010-02-02 00:00:00-05:00,3.4000000953674316,3.4200000762939453,3.3299999237060547,3.369999885559082,7200,0.0,0.0
2010-02-03 00:00:00-05:00,3.4700000286102295,3.490000009536743,3.319999933242798,3.319999933242798,12600,0.0,0.0
2010-02-04 00:00:00-05:00,3.309999942779541,3.309999942779541,3.069999933242798,3.069999933242798,26600,0.0,0.0
2010-02-05 00:00:00-05:00,3.069999933242798,3.069999933242798,2.9700000286102295,3.0,11300,0.0,0.0
2010-02-08 00:00:00-05:00,2.9600000381469727,2.990000009536743,2.75,2.75,3900,0.0,0.0
2010-02-09 00:00:00-05:00,2.759999990463257,3.180000066757202,2.759999990463257,3.0399999618530273,22300,0.0,0.0
2010-02-10 00:00:00-05:00,3.0899999141693115,3.0899999141693115,3.0199999809265137,3.0199999809265137,4400,0.0,0.0
2010-02-11 00:00:00-05:00,3.059999942779541,3.069999933242798,2.9000000953674316,2.930000066757202,15000,0.0,0.0
2010-02-12 00:00:00-05:00,3.009999990463257,3.0999999046325684,2.940000057220459,2.940000057220459,14300,0.0,0.0
2010-02-16 00:00:00-05:00,3.009999990463257,3.049999952316284,2.8399999141693115,2.9200000762939453,26500,0.0,0.0
2010-02-17 00:00:00-05:00,2.9700000286102295,2.9700000286102295,2.869999885559082,2.9100000858306885,9600,0.0,0.0
2010-02-18 00:00:00-05:00,2.9000000953674316,2.950000047683716,2.759999990463257,2.759999990463257,12600,0.0,0.0
2010-02-19 00:00:00-05:00,2.799999952316284,2.950000047683716,2.799999952316284,2.8399999141693115,21500,0.0,0.0
2010-02-22 00:00:00-05:00,2.869999885559082,2.880000114440918,2.8499999046325684,2.859999895095825,6600,0.0,0.0
2010-02-23 00:00:00-05:00,2.869999885559082,2.869999885559082,2.759999990463257,2.809999942779541,8700,0.0,0.0
2010-02-24 00:00:00-05:00,2.8399999141693115,2.8499999046325684,2.5399999618530273,2.609999895095825,39200,0.0,0.0
2010-02-25 00:00:00-05:00,2.549999952316284,2.75,2.549999952316284,2.75,21800,0.0,0.0
2010-02-26 00:00:00-05:00,2.8299999237060547,2.890000104904175,2.799999952316284,2.8299999237060547,4000,0.0,0.0
2010-03-01 00:00:00-05:00,2.859999895095825,3.049999952316284,2.7100000381469727,3.049999952316284,51200,0.0,0.0
2010-03-02 00:00:00-05:00,3.0399999618530273,3.059999942779541,2.9800000190734863,3.0,11800,0.0,0.0
2010-03-03 00:00:00-05:00,3.009999990463257,3.2899999618530273,2.890000104904175,3.0,63600,0.0,0.0
2010-03-04 00:00:00-05:00,2.990000009536743,3.0999999046325684,2.9800000190734863,3.0399999618530273,41000,0.0,0.0
2010-03-05 00:00:00-05:00,3.0,3.059999942779541,2.8499999046325684,2.8499999046325684,33900,0.0,0.0
2010-03-08 00:00:00-05:00,2.8499999046325684,2.930000066757202,2.759999990463257,2.7799999713897705,28500,0.0,0.0
2010-03-09 00:00:00-05:00,2.75,2.950000047683716,2.75,2.869999885559082,23100,0.0,0.0
2010-03-10 00:00:00-05:00,2.8399999141693115,2.9700000286102295,2.8399999141693115,2.9700000286102295,17900,0.0,0.0
2010-03-11 00:00:00-05:00,2.8499999046325684,2.9200000762939453,2.8499999046325684,2.9000000953674316,20400,0.0,0.0
2010-03-12 00:00:00-05:00,2.990000009536743,3.0999999046325684,2.9000000953674316,2.9700000286102295,18600,0.0,0.0
2010-03-15 00:00:00-04:00,3.0,3.2899999618530273,2.950000047683716,3.009999990463257,9000,0.0,0.0
2010-03-16 00:00:00-04:00,3.049999952316284,3.049999952316284,2.9800000190734863,3.0,900,0.0,0.0
2010-03-17 00:00:00-04:00,3.049999952316284,3.049999952316284,2.9700000286102295,3.009999990463257,10400,0.0,0.0
2010-03-18 00:00:00-04:00,2.990000009536743,3.0899999141693115,2.990000009536743,3.0399999618530273,16800,0.0,0.0
2010-03-19 00:00:00-04:00,3.0,3.0999999046325684,2.9600000381469727,3.0999999046325684,30500,0.0,0.0
2010-03-22 00:00:00-04:00,3.049999952316284,3.1500000953674316,2.9800000190734863,3.119999885559082,15500,0.0,0.0
2010-03-23 00:00:00-04:00,3.049999952316284,3.0899999141693115,3.009999990463257,3.009999990463257,7000,0.0,0.0
2010-03-24 00:00:00-04:00,3.0,3.0,2.940000057220459,3.0,11900,0.0,0.0
2010-03-25 00:00:00-04:00,3.0199999809265137,3.0799999237060547,2.990000009536743,2.990000009536743,5500,0.0,0.0
2010-03-26 00:00:00-04:00,3.0199999809265137,3.0199999809265137,2.9000000953674316,2.9000000953674316,10200,0.0,0.0
2010-03-29 00:00:00-04:00,2.8499999046325684,2.859999895095825,2.799999952316284,2.799999952316284,7800,0.0,0.0
2010-03-30 00:00:00-04:00,2.7799999713897705,2.859999895095825,2.7799999713897705,2.819999933242798,21500,0.0,0.0
2010-03-31 00:00:00-04:00,2.7899999618530273,3.0399999618530273,2.7799999713897705,2.7899999618530273,5600,0.0,0.0
2010-04-01 00:00:00-04:00,2.809999942779541,2.819999933242798,2.7899999618530273,2.7899999618530273,5900,0.0,0.0
2010-04-05 00:00:00-04:00,2.7899999618530273,2.9700000286102295,2.7899999618530273,2.9000000953674316,25500,0.0,0.0
2010-04-06 00:00:00-04:00,2.9000000953674316,2.9100000858306885,2.799999952316284,2.8499999046325684,27200,0.0,0.0
2010-04-07 00:00:00-04:00,2.9100000858306885,3.200000047683716,2.9100000858306885,3.1500000953674316,82100,0.0,0.0
2010-04-08 00:00:00-04:00,3.190000057220459,3.240000009536743,3.109999895095825,3.119999885559082,27000,0.0,0.0
2010-04-09 00:00:00-04:00,3.1500000953674316,3.75,3.0899999141693115,3.5799999237060547,103900,0.0,0.0
2010-04-12 00:00:00-04:00,3.640000104904175,3.680000066757202,3.4200000762939453,3.549999952316284,27900,0.0,0.0
2010-04-13 00:00:00-04:00,3.559999942779541,3.5899999141693115,3.25,3.2799999713897705,20800,0.0,0.0
2010-04-14 00:00:00-04:00,3.259999990463257,3.4000000953674316,3.0899999141693115,3.0899999141693115,17700,0.0,0.0
2010-04-15 00:00:00-04:00,3.0899999141693115,3.25,3.0899999141693115,3.2200000286102295,4100,0.0,0.0
2010-04-16 00:00:00-04:00,3.1600000858306885,3.240000009536743,3.0,3.1500000953674316,9500,0.0,0.0
2010-04-19 00:00:00-04:00,3.140000104904175,3.1600000858306885,3.0399999618530273,3.140000104904175,12800,0.0,0.0
2010-04-20 00:00:00-04:00,3.0999999046325684,3.109999895095825,3.0,3.069999933242798,23100,0.0,0.0
2010-04-21 00:00:00-04:00,3.0799999237060547,3.4800000190734863,3.0299999713897705,3.299999952316284,48600,0.0,0.0
2010-04-22 00:00:00-04:00,3.180000066757202,3.700000047683716,3.180000066757202,3.5799999237060547,70000,0.0,0.0
2010-04-23 00:00:00-04:00,3.6600000858306885,3.75,3.5999999046325684,3.6600000858306885,56700,0.0,0.0
2010-04-26 00:00:00-04:00,3.7100000381469727,3.7300000190734863,3.5,3.5,55100,0.0,0.0
2010-04-27 00:00:00-04:00,3.5999999046325684,3.700000047683716,3.450000047683716,3.490000009536743,24300,0.0,0.0
2010-04-28 00:00:00-04:00,3.4000000953674316,3.5,3.299999952316284,3.5,16700,0.0,0.0
2010-04-29 00:00:00-04:00,3.4700000286102295,3.5,3.4000000953674316,3.4200000762939453,12100,0.0,0.0
2010-04-30 00:00:00-04:00,3.4000000953674316,3.4000000953674316,3.109999895095825,3.2100000381469727,22500,0.0,0.0
2010-05-03 00:00:00-04:00,3.1700000762939453,3.4100000858306885,3.1700000762939453,3.299999952316284,12100,0.0,0.0
2010-05-04 00:00:00-04:00,3.25,3.4000000953674316,3.180000066757202,3.259999990463257,10900,0.0,0.0
2010-05-05 00:00:00-04:00,3.259999990463257,3.440000057220459,3.200000047683716,3.4000000953674316,35300,0.0,0.0
2010-05-06 00:00:00-04:00,3.4000000953674316,3.440000057220459,2.75,2.9800000190734863,57300,0.0,0.0
2010-05-07 00:00:00-04:00,2.990000009536743,3.3499999046325684,2.950000047683716,3.130000114440918,27000,0.0,0.0
2010-05-10 00:00:00-04:00,3.200000047683716,3.430000066757202,3.140000104904175,3.3499999046325684,10600,0.0,0.0
2010-05-11 00:00:00-04:00,3.2200000286102295,3.3499999046325684,3.0299999713897705,3.299999952316284,16600,0.0,0.0
2010-05-12 00:00:00-04:00,3.299999952316284,3.299999952316284,3.2200000286102295,3.240000009536743,7400,0.0,0.0
2010-05-13 00:00:00-04:00,3.2799999713897705,3.359999895095825,3.1600000858306885,3.1600000858306885,32800,0.0,0.0
2010-05-14 00:00:00-04:00,3.3399999141693115,3.450000047683716,3.180000066757202,3.440000057220459,42000,0.0,0.0
2010-05-17 00:00:00-04:00,3.450000047683716,3.5,3.319999933242798,3.4600000381469727,6700,0.0,0.0
2010-05-18 00:00:00-04:00,3.4800000190734863,3.4800000190734863,3.259999990463257,3.4200000762939453,9500,0.0,0.0
2010-05-19 00:00:00-04:00,3.450000047683716,3.450000047683716,3.2200000286102295,3.299999952316284,17900,0.0,0.0
2010-05-20 00:00:00-04:00,3.25,3.2799999713897705,3.0199999809265137,3.109999895095825,20000,0.0,0.0
2010-05-21 00:00:00-04:00,3.119999885559082,3.1500000953674316,3.0,3.009999990463257,43200,0.0,0.0
2010-05-24 00:00:00-04:00,3.0999999046325684,3.359999895095825,3.0,3.3399999141693115,36200,0.0,0.0
2010-05-25 00:00:00-04:00,3.109999895095825,3.140000104904175,3.0,3.059999942779541,22900,0.0,0.0
2010-05-26 00:00:00-04:00,3.009999990463257,3.049999952316284,2.9200000762939453,3.049999952316284,21400,0.0,0.0
2010-05-27 00:00:00-04:00,3.0199999809265137,3.1600000858306885,3.0,3.0799999237060547,10400,0.0,0.0
2010-05-28 00:00:00-04:00,3.109999895095825,3.109999895095825,3.0,3.0999999046325684,8700,0.0,0.0
2010-06-01 00:00:00-04:00,3.049999952316284,3.0899999141693115,3.0,3.009999990463257,6900,0.0,0.0
2010-06-02 00:00:00-04:00,3.0999999046325684,3.0999999046325684,3.009999990463257,3.0799999237060547,13600,0.0,0.0
2010-06-03 00:00:00-04:00,3.049999952316284,3.0999999046325684,3.049999952316284,3.069999933242798,15200,0.0,0.0
2010-06-04 00:00:00-04:00,2.9800000190734863,3.0899999141693115,2.9800000190734863,3.049999952316284,34400,0.0,0.0
2010-06-07 00:00:00-04:00,3.049999952316284,3.069999933242798,2.8399999141693115,3.069999933242798,20000,0.0,0.0
2010-06-08 00:00:00-04:00,3.0399999618530273,3.0899999141693115,2.950000047683716,3.0899999141693115,19800,0.0,0.0
2010-06-09 00:00:00-04:00,3.0,3.049999952316284,2.9000000953674316,3.049999952316284,9900,0.0,0.0
2010-06-10 00:00:00-04:00,3.0,3.140000104904175,2.950000047683716,3.140000104904175,6900,0.0,0.0
2010-06-11 00:00:00-04:00,3.130000114440918,3.2300000190734863,2.990000009536743,3.180000066757202,33300,0.0,0.0
2010-06-14 00:00:00-04:00,3.200000047683716,3.240000009536743,3.0999999046325684,3.2200000286102295,17500,0.0,0.0
2010-06-15 00:00:00-04:00,3.2300000190734863,3.25,3.0799999237060547,3.119999885559082,54500,0.0,0.0
2010-06-16 00:00:00-04:00,3.0799999237060547,3.2300000190734863,3.0799999237060547,3.200000047683716,3000,0.0,0.0
2010-06-17 00:00:00-04:00,3.180000066757202,3.5,3.0999999046325684,3.5,65200,0.0,0.0
2010-06-18 00:00:00-04:00,3.7100000381469727,4.0,3.559999942779541,3.700000047683716,91800,0.0,0.0
2010-06-21 00:00:00-04:00,3.9100000858306885,4.71999979019165,3.8499999046325684,4.25,220300,0.0,0.0
2010-06-22 00:00:00-04:00,4.309999942779541,4.5,4.099999904632568,4.159999847412109,126300,0.0,0.0
2010-06-23 00:00:00-04:00,4.28000020980835,4.329999923706055,4.139999866485596,4.199999809265137,103600,0.0,0.0
2010-06-24 00:00:00-04:00,4.199999809265137,4.900000095367432,4.199999809265137,4.579999923706055,277800,0.0,0.0
2010-06-25 00:00:00-04:00,4.630000114440918,5.139999866485596,4.599999904632568,4.699999809265137,195100,0.0,0.0
2010-06-28 00:00:00-04:00,4.619999885559082,4.78000020980835,4.369999885559082,4.460000038146973,95300,0.0,0.0
2010-06-29 00:00:00-04:00,4.449999809265137,4.570000171661377,4.409999847412109,4.53000020980835,41300,0.0,0.0
2010-06-30 00:00:00-04:00,4.550000190734863,4.599999904632568,4.190000057220459,4.449999809265137,62700,0.0,0.0
2010-07-01 00:00:00-04:00,4.360000133514404,4.53000020980835,4.300000190734863,4.400000095367432,41800,0.0,0.0
2010-07-02 00:00:00-04:00,4.400000095367432,4.400000095367432,4.0,4.050000190734863,86800,0.0,0.0
2010-07-06 00:00:00-04:00,4.050000190734863,4.050000190734863,3.869999885559082,4.03000020980835,60800,0.0,0.0
2010-07-07 00:00:00-04:00,3.950000047683716,3.9600000381469727,3.569999933242798,3.630000114440918,77700,0.0,0.0
2010-07-08 00:00:00-04:00,3.630000114440918,3.8499999046325684,3.5199999809265137,3.740000009536743,67600,0.0,0.0
2010-07-09 00:00:00-04:00,3.690000057220459,3.8499999046325684,3.6600000858306885,3.7699999809265137,27500,0.0,0.0
2010-07-12 00:00:00-04:00,3.759999990463257,3.8299999237060547,3.75,3.799999952316284,40700,0.0,0.0
2010-07-13 00:00:00-04:00,3.7799999713897705,4.03000020980835,3.7799999713897705,4.03000020980835,66600,0.0,0.0
2010-07-14 00:00:00-04:00,4.0,4.329999923706055,3.990000009536743,4.099999904632568,76600,0.0,0.0
2010-07-15 00:00:00-04:00,4.099999904632568,4.179999828338623,4.010000228881836,4.170000076293945,26200,0.0,0.0
2010-07-16 00:00:00-04:00,4.190000057220459,4.199999809265137,4.050000190734863,4.119999885559082,39100,0.0,0.0
2010-07-19 00:00:00-04:00,4.099999904632568,4.159999847412109,4.039999961853027,4.090000152587891,19500,0.0,0.0
2010-07-20 00:00:00-04:00,4.070000171661377,4.150000095367432,4.039999961853027,4.090000152587891,33000,0.0,0.0
2010-07-21 00:00:00-04:00,4.150000095367432,4.409999847412109,4.099999904632568,4.369999885559082,41900,0.0,0.0
2010-07-22 00:00:00-04:00,4.380000114440918,4.820000171661377,4.329999923706055,4.489999771118164,83700,0.0,0.0
2010-07-23 00:00:00-04:00,4.539999961853027,4.559999942779541,4.369999885559082,4.559999942779541,73100,0.0,0.0
2010-07-26 00:00:00-04:00,4.599999904632568,4.650000095367432,4.5,4.579999923706055,32400,0.0,0.0
2010-07-27 00:00:00-04:00,4.570000171661377,4.949999809265137,4.570000171661377,4.909999847412109,63100,0.0,0.0
2010-07-28 00:00:00-04:00,4.900000095367432,4.96999979019165,4.409999847412109,4.739999771118164,60700,0.0,0.0
2010-07-29 00:00:00-04:00,4.730000019073486,4.829999923706055,4.590000152587891,4.75,35100,0.0,0.0
2010-07-30 00:00:00-04:00,4.789999961853027,4.789999961853027,4.630000114440918,4.679999828338623,31600,0.0,0.0
2010-08-02 00:00:00-04:00,4.699999809265137,4.699999809265137,4.349999904632568,4.369999885559082,40700,0.0,0.0
2010-08-03 00:00:00-04:00,4.400000095367432,4.489999771118164,4.349999904632568,4.400000095367432,35300,0.0,0.0
2010-08-04 00:00:00-04:00,4.440000057220459,4.480000019073486,4.300000190734863,4.369999885559082,18200,0.0,0.0
2010-08-05 00:00:00-04:00,4.329999923706055,4.46999979019165,4.329999923706055,4.429999828338623,24500,0.0,0.0
2010-08-06 00:00:00-04:00,4.349999904632568,4.380000114440918,4.150000095367432,4.340000152587891,31900,0.0,0.0
2010-08-09 00:00:00-04:00,4.260000228881836,4.449999809265137,4.159999847412109,4.340000152587891,11400,0.0,0.0
2010-08-10 00:00:00-04:00,4.239999771118164,4.420000076293945,4.230000019073486,4.28000020980835,15400,0.0,0.0
2010-08-11 00:00:00-04:00,4.150000095367432,4.199999809265137,4.099999904632568,4.179999828338623,14100,0.0,0.0
2010-08-12 00:00:00-04:00,4.059999942779541,4.130000114440918,4.059999942779541,4.090000152587891,24600,0.0,0.0
2010-08-13 00:00:00-04:00,4.119999885559082,4.119999885559082,4.050000190734863,4.110000133514404,7400,0.0,0.0
2010-08-16 00:00:00-04:00,4.090000152587891,4.090000152587891,3.9800000190734863,3.9800000190734863,17200,0.0,0.0
2010-08-17 00:00:00-04:00,4.03000020980835,4.340000152587891,4.03000020980835,4.179999828338623,29700,0.0,0.0
2010-08-18 00:00:00-04:00,4.099999904632568,4.570000171661377,4.099999904632568,4.449999809265137,53700,0.0,0.0
2010-08-19 00:00:00-04:00,4.46999979019165,4.46999979019165,4.170000076293945,4.340000152587891,54800,0.0,0.0
2010-08-20 00:00:00-04:00,4.329999923706055,4.409999847412109,4.300000190734863,4.349999904632568,12900,0.0,0.0
2010-08-23 00:00:00-04:00,4.320000171661377,4.340000152587891,4.079999923706055,4.260000228881836,9900,0.0,0.0
2010-08-24 00:00:00-04:00,4.289999961853027,4.289999961853027,3.990000009536743,4.099999904632568,13000,0.0,0.0
2010-08-25 00:00:00-04:00,4.150000095367432,4.150000095367432,4.03000020980835,4.110000133514404,5800,0.0,0.0
2010-08-26 00:00:00-04:00,4.050000190734863,4.070000171661377,4.019999980926514,4.070000171661377,10300,0.0,0.0
2010-08-27 00:00:00-04:00,4.039999961853027,4.070000171661377,4.019999980926514,4.070000171661377,6600,0.0,0.0
2010-08-30 00:00:00-04:00,4.010000228881836,4.050000190734863,4.0,4.0,12700,0.0,0.0
2010-08-31 00:00:00-04:00,4.059999942779541,4.059999942779541,4.0,4.010000228881836,7500,0.0,0.0
2010-09-01 00:00:00-04:00,4.03000020980835,4.050000190734863,3.9800000190734863,4.03000020980835,16600,0.0,0.0
2010-09-02 00:00:00-04:00,3.9700000286102295,4.039999961853027,3.9000000953674316,3.9100000858306885,15400,0.0,0.0
2010-09-03 00:00:00-04:00,3.9200000762939453,3.950000047683716,3.9000000953674316,3.9100000858306885,9400,0.0,0.0
2010-09-07 00:00:00-04:00,3.950000047683716,3.990000009536743,3.9000000953674316,3.9700000286102295,11500,0.0,0.0
2010-09-08 00:00:00-04:00,3.990000009536743,4.099999904632568,3.990000009536743,4.050000190734863,14600,0.0,0.0
2010-09-09 00:00:00-04:00,4.130000114440918,4.130000114440918,3.9000000953674316,3.9800000190734863,29100,0.0,0.0
2010-09-10 00:00:00-04:00,3.9600000381469727,4.090000152587891,3.759999990463257,3.940000057220459,29800,0.0,0.0
2010-09-13 00:00:00-04:00,3.9700000286102295,4.03000020980835,3.859999895095825,3.9600000381469727,10800,0.0,0.0
2010-09-14 00:00:00-04:00,3.9600000381469727,3.990000009536743,3.9200000762939453,3.950000047683716,3500,0.0,0.0
2010-09-15 00:00:00-04:00,3.950000047683716,4.0,3.809999942779541,3.8499999046325684,18700,0.0,0.0
2010-09-16 00:00:00-04:00,3.819999933242798,4.400000095367432,3.819999933242798,4.119999885559082,42600,0.0,0.0
2010-09-17 00:00:00-04:00,4.179999828338623,4.5,4.050000190734863,4.119999885559082,39600,0.0,0.0
2010-09-20 00:00:00-04:00,4.119999885559082,4.199999809265137,4.110000133514404,4.150000095367432,27900,0.0,0.0
2010-09-21 00:00:00-04:00,4.599999904632568,4.599999904632568,4.139999866485596,4.289999961853027,70500,0.0,0.0
2010-09-22 00:00:00-04:00,4.380000114440918,4.440000057220459,4.199999809265137,4.239999771118164,43400,0.0,0.0
2010-09-23 00:00:00-04:00,4.210000038146973,4.360000133514404,4.159999847412109,4.329999923706055,10000,0.0,0.0
2010-09-24 00:00:00-04:00,4.329999923706055,4.329999923706055,4.199999809265137,4.309999942779541,15900,0.0,0.0
2010-09-27 00:00:00-04:00,4.369999885559082,4.400000095367432,4.079999923706055,4.150000095367432,39100,0.0,0.0
2010-09-28 00:00:00-04:00,4.099999904632568,4.099999904632568,4.010000228881836,4.019999980926514,22200,0.0,0.0
2010-09-29 00:00:00-04:00,4.019999980926514,4.059999942779541,3.950000047683716,3.950000047683716,31000,0.0,0.0
2010-09-30 00:00:00-04:00,4.0,4.0,3.9000000953674316,3.9600000381469727,17100,0.0,0.0
2010-10-01 00:00:00-04:00,3.9100000858306885,4.260000228881836,3.9100000858306885,4.050000190734863,34500,0.0,0.0
2010-10-04 00:00:00-04:00,4.110000133514404,4.110000133514404,4.0,4.059999942779541,16000,0.0,0.0
2010-10-05 00:00:00-04:00,4.150000095367432,4.150000095367432,3.940000057220459,3.950000047683716,13800,0.0,0.0
2010-10-06 00:00:00-04:00,4.0,4.0,3.9100000858306885,4.0,11000,0.0,0.0
2010-10-07 00:00:00-04:00,4.03000020980835,4.03000020980835,3.950000047683716,3.9600000381469727,30000,0.0,0.0
2010-10-08 00:00:00-04:00,3.9600000381469727,4.0,3.9600000381469727,3.9700000286102295,4300,0.0,0.0
2010-10-11 00:00:00-04:00,4.0,4.0,3.940000057220459,3.990000009536743,16400,0.0,0.0
2010-10-12 00:00:00-04:00,3.950000047683716,4.0,3.930000066757202,4.0,25000,0.0,0.0
2010-10-13 00:00:00-04:00,4.0,4.010000228881836,3.950000047683716,4.0,46000,0.0,0.0
2010-10-14 00:00:00-04:00,4.0,4.119999885559082,4.0,4.070000171661377,27000,0.0,0.0
2010-10-15 00:00:00-04:00,4.070000171661377,4.099999904632568,3.990000009536743,4.03000020980835,23700,0.0,0.0
2010-10-18 00:00:00-04:00,4.090000152587891,4.159999847412109,4.050000190734863,4.079999923706055,17900,0.0,0.0
2010-10-19 00:00:00-04:00,4.050000190734863,4.28000020980835,4.03000020980835,4.050000190734863,23300,0.0,0.0
2010-10-20 00:00:00-04:00,4.079999923706055,4.269999980926514,4.079999923706055,4.179999828338623,20100,0.0,0.0
2010-10-21 00:00:00-04:00,4.110000133514404,4.150000095367432,4.03000020980835,4.050000190734863,18900,0.0,0.0
2010-10-22 00:00:00-04:00,4.079999923706055,4.150000095367432,4.059999942779541,4.090000152587891,28400,0.0,0.0
2010-10-25 00:00:00-04:00,4.150000095367432,4.170000076293945,4.099999904632568,4.170000076293945,8200,0.0,0.0
2010-10-26 00:00:00-04:00,4.110000133514404,4.170000076293945,4.090000152587891,4.170000076293945,5400,0.0,0.0
2010-10-27 00:00:00-04:00,4.110000133514404,4.139999866485596,3.990000009536743,4.050000190734863,26200,0.0,0.0
2010-10-28 00:00:00-04:00,3.990000009536743,4.03000020980835,3.9600000381469727,4.010000228881836,15600,0.0,0.0
2010-10-29 00:00:00-04:00,4.010000228881836,4.099999904632568,3.9700000286102295,4.090000152587891,19700,0.0,0.0
2010-11-01 00:00:00-04:00,4.090000152587891,4.110000133514404,4.039999961853027,4.079999923706055,12500,0.0,0.0
2010-11-02 00:00:00-04:00,4.099999904632568,4.150000095367432,4.099999904632568,4.110000133514404,7100,0.0,0.0
2010-11-03 00:00:00-04:00,4.099999904632568,4.179999828338623,4.079999923706055,4.159999847412109,20300,0.0,0.0
2010-11-04 00:00:00-04:00,4.199999809265137,4.269999980926514,4.159999847412109,4.190000057220459,42500,0.0,0.0
2010-11-05 00:00:00-04:00,4.230000019073486,4.239999771118164,4.159999847412109,4.239999771118164,12000,0.0,0.0
2010-11-08 00:00:00-05:00,4.260000228881836,4.409999847412109,4.239999771118164,4.349999904632568,56500,0.0,0.0
2010-11-09 00:00:00-05:00,4.400000095367432,4.550000190734863,4.28000020980835,4.340000152587891,37800,0.0,0.0
2010-11-10 00:00:00-05:00,4.320000171661377,4.440000057220459,4.260000228881836,4.369999885559082,37800,0.0,0.0
2010-11-11 00:00:00-05:00,4.369999885559082,4.75,4.289999961853027,4.420000076293945,27700,0.0,0.0
2010-11-12 00:00:00-05:00,4.5,4.619999885559082,4.320000171661377,4.349999904632568,36500,0.0,0.0
2010-11-15 00:00:00-05:00,4.429999828338623,4.730000019073486,4.309999942779541,4.510000228881836,62600,0.0,0.0
2010-11-16 00:00:00-05:00,4.489999771118164,4.489999771118164,4.400000095367432,4.449999809265137,41600,0.0,0.0
2010-11-17 00:00:00-05:00,4.550000190734863,4.630000114440918,4.400000095367432,4.599999904632568,22100,0.0,0.0
2010-11-18 00:00:00-05:00,4.679999828338623,4.900000095367432,4.639999866485596,4.900000095367432,52500,0.0,0.0
2010-11-19 00:00:00-05:00,4.929999828338623,4.980000019073486,4.800000190734863,4.900000095367432,50100,0.0,0.0
2010-11-22 00:00:00-05:00,4.949999809265137,5.050000190734863,4.800000190734863,4.920000076293945,64900,0.0,0.0
2010-11-23 00:00:00-05:00,4.889999866485596,4.920000076293945,4.800000190734863,4.920000076293945,33600,0.0,0.0
2010-11-24 00:00:00-05:00,5.0,5.099999904632568,4.860000133514404,5.0,58600,0.0,0.0
2010-11-26 00:00:00-05:00,5.050000190734863,5.050000190734863,4.949999809265137,5.0,28200,0.0,0.0
2010-11-29 00:00:00-05:00,5.079999923706055,5.349999904632568,5.079999923706055,5.25,115900,0.0,0.0
2010-11-30 00:00:00-05:00,5.159999847412109,5.199999809265137,4.920000076293945,5.079999923706055,67000,0.0,0.0
2010-12-01 00:00:00-05:00,5.079999923706055,5.110000133514404,4.949999809265137,4.960000038146973,34700,0.0,0.0
2010-12-02 00:00:00-05:00,4.949999809265137,4.960000038146973,4.840000152587891,4.900000095367432,14900,0.0,0.0
2010-12-03 00:00:00-05:00,4.949999809265137,5.0,4.900000095367432,4.940000057220459,21000,0.0,0.0
2010-12-06 00:00:00-05:00,4.909999847412109,5.0,4.820000171661377,4.920000076293945,15100,0.0,0.0
2010-12-07 00:00:00-05:00,5.0,5.0,4.800000190734863,4.889999866485596,52500,0.0,0.0
2010-12-08 00:00:00-05:00,4.909999847412109,4.909999847412109,4.820000171661377,4.840000152587891,30000,0.0,0.0
2010-12-09 00:00:00-05:00,4.800000190734863,5.019999980926514,4.800000190734863,4.900000095367432,70000,0.0,0.0
2010-12-10 00:00:00-05:00,4.940000057220459,5.090000152587891,4.920000076293945,5.03000020980835,81200,0.0,0.0
2010-12-13 00:00:00-05:00,5.0,5.25,5.0,5.25,95500,0.0,0.0
2010-12-14 00:00:00-05:00,5.199999809265137,5.199999809265137,4.949999809265137,5.090000152587891,62100,0.0,0.0
2010-12-15 00:00:00-05:00,5.039999961853027,5.199999809265137,5.0,5.119999885559082,70500,0.0,0.0
2010-12-16 00:00:00-05:00,5.079999923706055,5.090000152587891,5.0,5.019999980926514,34400,0.0,0.0
2010-12-17 00:00:00-05:00,5.0,5.079999923706055,4.949999809265137,5.059999942779541,46100,0.0,0.0
2010-12-20 00:00:00-05:00,5.019999980926514,5.190000057220459,4.909999847412109,5.099999904632568,86000,0.0,0.0
2010-12-21 00:00:00-05:00,5.199999809265137,5.199999809265137,5.0,5.099999904632568,31100,0.0,0.0
2010-12-22 00:00:00-05:00,5.050000190734863,5.090000152587891,5.0,5.050000190734863,37900,0.0,0.0
2010-12-23 00:00:00-05:00,5.010000228881836,5.050000190734863,4.960000038146973,5.0,39500,0.0,0.0
2010-12-27 00:00:00-05:00,5.0,5.099999904632568,4.909999847412109,4.949999809265137,38200,0.0,0.0
2010-12-28 00:00:00-05:00,4.929999828338623,4.949999809265137,4.869999885559082,4.929999828338623,49100,0.0,0.0
2010-12-29 00:00:00-05:00,4.960000038146973,5.099999904632568,4.900000095367432,5.099999904632568,61100,0.0,0.0
2010-12-30 00:00:00-05:00,5.050000190734863,5.050000190734863,4.920000076293945,5.03000020980835,33000,0.0,0.0
2010-12-31 00:00:00-05:00,5.050000190734863,5.349999904632568,5.050000190734863,5.289999961853027,74800,0.0,0.0
2011-01-03 00:00:00-05:00,5.389999866485596,6.110000133514404,5.28000020980835,5.880000114440918,116500,0.0,0.0
2011-01-04 00:00:00-05:00,5.900000095367432,6.760000228881836,5.760000228881836,6.659999847412109,263500,0.0,0.0
2011-01-05 00:00:00-05:00,6.730000019073486,7.179999828338623,6.5,6.849999904632568,218300,0.0,0.0
2011-01-06 00:00:00-05:00,6.929999828338623,6.929999828338623,6.210000038146973,6.340000152587891,178600,0.0,0.0
2011-01-07 00:00:00-05:00,6.5,6.659999847412109,6.170000076293945,6.190000057220459,83200,0.0,0.0
2011-01-10 00:00:00-05:00,6.190000057220459,6.190000057220459,5.920000076293945,6.099999904632568,61800,0.0,0.0
2011-01-11 00:00:00-05:00,6.139999866485596,6.900000095367432,6.139999866485596,6.639999866485596,138200,0.0,0.0
2011-01-12 00:00:00-05:00,6.699999809265137,6.949999809265137,6.670000076293945,6.929999828338623,87700,0.0,0.0
2011-01-13 00:00:00-05:00,6.940000057220459,6.96999979019165,6.630000114440918,6.949999809265137,65200,0.0,0.0
2011-01-14 00:00:00-05:00,6.989999771118164,6.989999771118164,6.75,6.789999961853027,47100,0.0,0.0
2011-01-18 00:00:00-05:00,6.800000190734863,7.079999923706055,6.760000228881836,7.0,84300,0.0,0.0
2011-01-19 00:00:00-05:00,7.050000190734863,7.25,6.949999809265137,6.949999809265137,129200,0.0,0.0
2011-01-20 00:00:00-05:00,6.989999771118164,6.989999771118164,6.599999904632568,6.699999809265137,119500,0.0,0.0
2011-01-21 00:00:00-05:00,6.75,6.940000057220459,6.75,6.869999885559082,83800,0.0,0.0
2011-01-24 00:00:00-05:00,6.929999828338623,7.070000171661377,6.75,7.0,96400,0.0,0.0
2011-01-25 00:00:00-05:00,7.019999980926514,7.199999809265137,6.900000095367432,6.909999847412109,76500,0.0,0.0
2011-01-26 00:00:00-05:00,6.949999809265137,7.110000133514404,6.820000171661377,6.820000171661377,116600,0.0,0.0
2011-01-27 00:00:00-05:00,6.820000171661377,6.949999809265137,6.820000171661377,6.909999847412109,40100,0.0,0.0
2011-01-28 00:00:00-05:00,6.900000095367432,6.96999979019165,6.610000133514404,6.650000095367432,69000,0.0,0.0
2011-01-31 00:00:00-05:00,6.639999866485596,6.820000171661377,6.21999979019165,6.53000020980835,83800,0.0,0.0
2011-02-01 00:00:00-05:00,6.579999923706055,6.579999923706055,6.329999923706055,6.53000020980835,84300,0.0,0.0
2011-02-02 00:00:00-05:00,6.53000020980835,6.599999904632568,6.5,6.559999942779541,75700,0.0,0.0
2011-02-03 00:00:00-05:00,6.559999942779541,6.78000020980835,6.539999961853027,6.639999866485596,44100,0.0,0.0
2011-02-04 00:00:00-05:00,6.739999771118164,7.400000095367432,6.679999828338623,7.300000190734863,97400,0.0,0.0
2011-02-07 00:00:00-05:00,8.899999618530273,10.289999961853027,8.619999885559082,9.140000343322754,1272300,0.0,0.0
2011-02-08 00:00:00-05:00,9.239999771118164,9.40999984741211,8.75,9.260000228881836,353200,0.0,0.0
2011-02-09 00:00:00-05:00,9.399999618530273,9.399999618530273,8.850000381469727,8.960000038146973,175200,0.0,0.0
2011-02-10 00:00:00-05:00,9.100000381469727,9.100000381469727,8.199999809265137,8.25,298300,0.0,0.0
2011-02-11 00:00:00-05:00,8.220000267028809,8.279999732971191,7.699999809265137,8.170000076293945,193100,0.0,0.0
2011-02-14 00:00:00-05:00,8.210000038146973,8.210000038146973,8.010000228881836,8.09000015258789,78700,0.0,0.0
2011-02-15 00:00:00-05:00,8.199999809265137,8.720000267028809,8.15999984741211,8.550000190734863,232700,0.0,0.0
2011-02-16 00:00:00-05:00,8.699999809265137,8.880000114440918,8.399999618530273,8.460000038146973,206300,0.0,0.0
2011-02-17 00:00:00-05:00,8.460000038146973,8.649999618530273,8.460000038146973,8.460000038146973,61100,0.0,0.0
2011-02-18 00:00:00-05:00,8.460000038146973,8.600000381469727,8.350000381469727,8.520000457763672,87500,0.0,0.0
2011-02-22 00:00:00-05:00,8.75,8.90999984741211,8.520000457763672,8.520000457763672,177100,0.0,0.0
2011-02-23 00:00:00-05:00,8.520000457763672,8.600000381469727,8.09000015258789,8.170000076293945,102600,0.0,0.0
2011-02-24 00:00:00-05:00,8.0600004196167,8.0600004196167,7.75,7.840000152587891,102300,0.0,0.0
2011-02-25 00:00:00-05:00,7.909999847412109,8.239999771118164,7.849999904632568,8.09000015258789,49600,0.0,0.0
2011-02-28 00:00:00-05:00,8.079999923706055,8.25,7.75,7.840000152587891,63500,0.0,0.0
2011-03-01 00:00:00-05:00,7.860000133514404,7.960000038146973,7.630000114440918,7.679999828338623,96300,0.0,0.0
2011-03-02 00:00:00-05:00,7.610000133514404,7.789999961853027,7.489999771118164,7.489999771118164,162100,0.0,0.0
2011-03-03 00:00:00-05:00,7.53000020980835,7.699999809265137,7.349999904632568,7.389999866485596,126200,0.0,0.0
2011-03-04 00:00:00-05:00,7.440000057220459,7.550000190734863,7.300000190734863,7.340000152587891,159600,0.0,0.0
2011-03-07 00:00:00-05:00,7.5,7.5,7.0,7.079999923706055,151600,0.0,0.0
2011-03-08 00:00:00-05:00,7.050000190734863,7.190000057220459,7.0,7.03000020980835,90800,0.0,0.0
2011-03-09 00:00:00-05:00,7.059999942779541,7.190000057220459,6.699999809265137,6.75,127100,0.0,0.0
2011-03-10 00:00:00-05:00,6.71999979019165,6.71999979019165,6.340000152587891,6.340000152587891,107400,0.0,0.0
2011-03-11 00:00:00-05:00,6.340000152587891,6.480000019073486,6.110000133514404,6.360000133514404,63900,0.0,0.0
2011-03-14 00:00:00-04:00,6.349999904632568,6.349999904632568,6.110000133514404,6.170000076293945,31000,0.0,0.0
2011-03-15 00:00:00-04:00,6.0,6.150000095367432,5.599999904632568,6.079999923706055,135000,0.0,0.0
2011-03-16 00:00:00-04:00,6.090000152587891,6.639999866485596,6.090000152587891,6.199999809265137,83200,0.0,0.0
2011-03-17 00:00:00-04:00,6.349999904632568,6.389999866485596,6.119999885559082,6.269999980926514,81600,0.0,0.0
2011-03-18 00:00:00-04:00,6.329999923706055,6.400000095367432,6.230000019073486,6.340000152587891,45100,0.0,0.0
2011-03-21 00:00:00-04:00,6.389999866485596,6.949999809265137,6.360000133514404,6.739999771118164,145200,0.0,0.0
2011-03-22 00:00:00-04:00,6.75,7.110000133514404,6.619999885559082,6.639999866485596,59900,0.0,0.0
2011-03-23 00:00:00-04:00,6.599999904632568,6.639999866485596,6.489999771118164,6.510000228881836,31200,0.0,0.0
2011-03-24 00:00:00-04:00,6.519999980926514,6.710000038146973,6.510000228881836,6.599999904632568,37000,0.0,0.0
2011-03-25 00:00:00-04:00,6.590000152587891,6.829999923706055,6.46999979019165,6.5,43300,0.0,0.0
2011-03-28 00:00:00-04:00,6.510000228881836,6.610000133514404,6.369999885559082,6.400000095367432,32800,0.0,0.0
2011-03-29 00:00:00-04:00,6.369999885559082,7.159999847412109,6.150000095367432,6.900000095367432,189500,0.0,0.0
2011-03-30 00:00:00-04:00,6.96999979019165,7.050000190734863,6.75,6.860000133514404,83600,0.0,0.0
2011-03-31 00:00:00-04:00,6.880000114440918,6.880000114440918,6.699999809265137,6.820000171661377,28700,0.0,0.0
2011-04-01 00:00:00-04:00,6.789999961853027,6.789999961853027,6.550000190734863,6.599999904632568,79300,0.0,0.0
2011-04-04 00:00:00-04:00,6.659999847412109,7.159999847412109,6.659999847412109,6.769999980926514,60000,0.0,0.0
2011-04-05 00:00:00-04:00,6.929999828338623,6.929999828338623,6.599999904632568,6.690000057220459,48200,0.0,0.0
2011-04-06 00:00:00-04:00,6.699999809265137,6.699999809265137,6.320000171661377,6.329999923706055,67300,0.0,0.0
2011-04-07 00:00:00-04:00,6.449999809265137,6.46999979019165,6.099999904632568,6.099999904632568,92400,0.0,0.0
2011-04-08 00:00:00-04:00,6.179999828338623,6.179999828338623,5.909999847412109,6.159999847412109,122500,0.0,0.0
2011-04-11 00:00:00-04:00,6.139999866485596,6.239999771118164,6.050000190734863,6.179999828338623,49000,0.0,0.0
2011-04-12 00:00:00-04:00,6.150000095367432,6.230000019073486,6.059999942779541,6.179999828338623,49600,0.0,0.0
2011-04-13 00:00:00-04:00,6.199999809265137,6.199999809265137,6.099999904632568,6.150000095367432,20200,0.0,0.0
2011-04-14 00:00:00-04:00,6.090000152587891,6.199999809265137,6.079999923706055,6.199999809265137,32700,0.0,0.0
2011-04-15 00:00:00-04:00,6.170000076293945,6.269999980926514,6.119999885559082,6.170000076293945,24200,0.0,0.0
2011-04-18 00:00:00-04:00,6.090000152587891,6.170000076293945,5.96999979019165,6.010000228881836,44000,0.0,0.0
2011-04-19 00:00:00-04:00,6.010000228881836,6.090000152587891,5.809999942779541,5.840000152587891,55300,0.0,0.0
2011-04-20 00:00:00-04:00,5.920000076293945,5.920000076293945,5.510000228881836,5.510000228881836,119000,0.0,0.0
2011-04-21 00:00:00-04:00,5.5,5.53000020980835,5.210000038146973,5.239999771118164,169900,0.0,0.0
2011-04-25 00:00:00-04:00,5.21999979019165,5.519999980926514,4.880000114440918,5.409999847412109,344600,0.0,0.0
2011-04-26 00:00:00-04:00,5.5,6.210000038146973,5.5,5.860000133514404,196500,0.0,0.0
2011-04-27 00:00:00-04:00,5.840000152587891,6.050000190734863,5.78000020980835,5.960000038146973,51000,0.0,0.0
2011-04-28 00:00:00-04:00,5.929999828338623,5.960000038146973,5.75,5.860000133514404,38000,0.0,0.0
2011-04-29 00:00:00-04:00,5.889999866485596,5.929999828338623,5.800000190734863,5.869999885559082,35000,0.0,0.0
2011-05-02 00:00:00-04:00,5.989999771118164,6.25,5.989999771118164,6.050000190734863,53000,0.0,0.0
2011-05-03 00:00:00-04:00,6.079999923706055,6.090000152587891,5.769999980926514,5.849999904632568,41000,0.0,0.0
2011-05-04 00:00:00-04:00,5.900000095367432,5.900000095367432,5.75,5.760000228881836,30400,0.0,0.0
2011-05-05 00:00:00-04:00,5.769999980926514,5.769999980926514,5.420000076293945,5.440000057220459,45400,0.0,0.0
2011-05-06 00:00:00-04:00,5.400000095367432,5.510000228881836,5.400000095367432,5.449999809265137,38000,0.0,0.0
2011-05-09 00:00:00-04:00,5.409999847412109,5.599999904632568,5.409999847412109,5.559999942779541,24000,0.0,0.0
2011-05-10 00:00:00-04:00,5.550000190734863,5.829999923706055,5.550000190734863,5.829999923706055,28900,0.0,0.0
2011-05-11 00:00:00-04:00,5.840000152587891,6.170000076293945,5.650000095367432,5.78000020980835,35800,0.0,0.0
2011-05-12 00:00:00-04:00,5.760000228881836,5.800000190734863,5.590000152587891,5.699999809265137,19900,0.0,0.0
2011-05-13 00:00:00-04:00,5.71999979019165,5.860000133514404,5.639999866485596,5.670000076293945,27000,0.0,0.0
2011-05-16 00:00:00-04:00,5.699999809265137,5.699999809265137,5.429999828338623,5.46999979019165,21900,0.0,0.0
2011-05-17 00:00:00-04:00,5.420000076293945,5.449999809265137,5.380000114440918,5.409999847412109,27600,0.0,0.0
2011-05-18 00:00:00-04:00,5.400000095367432,5.420000076293945,5.28000020980835,5.300000190734863,22500,0.0,0.0
2011-05-19 00:00:00-04:00,5.340000152587891,5.400000095367432,5.150000095367432,5.239999771118164,34800,0.0,0.0
2011-05-20 00:00:00-04:00,5.239999771118164,5.300000190734863,5.199999809265137,5.210000038146973,17500,0.0,0.0
2011-05-23 00:00:00-04:00,5.179999828338623,5.179999828338623,5.059999942779541,5.090000152587891,55200,0.0,0.0
2011-05-24 00:00:00-04:00,5.119999885559082,5.119999885559082,5.079999923706055,5.090000152587891,23700,0.0,0.0
2011-05-25 00:00:00-04:00,5.059999942779541,5.130000114440918,4.989999771118164,5.019999980926514,36800,0.0,0.0
2011-05-26 00:00:00-04:00,5.03000020980835,5.340000152587891,5.0,5.150000095367432,40500,0.0,0.0
2011-05-27 00:00:00-04:00,5.199999809265137,5.489999771118164,5.170000076293945,5.440000057220459,54700,0.0,0.0
2011-05-31 00:00:00-04:00,5.449999809265137,5.449999809265137,5.150000095367432,5.170000076293945,51700,0.0,0.0
2011-06-01 00:00:00-04:00,5.170000076293945,5.170000076293945,4.769999980926514,5.0,99000,0.0,0.0
2011-06-02 00:00:00-04:00,5.039999961853027,5.449999809265137,4.949999809265137,5.110000133514404,49400,0.0,0.0
2011-06-03 00:00:00-04:00,5.079999923706055,5.079999923706055,4.940000057220459,4.949999809265137,23000,0.0,0.0
2011-06-06 00:00:00-04:00,4.96999979019165,5.019999980926514,4.920000076293945,4.920000076293945,20000,0.0,0.0
2011-06-07 00:00:00-04:00,4.900000095367432,4.949999809265137,4.809999942779541,4.820000171661377,60300,0.0,0.0
2011-06-08 00:00:00-04:00,4.800000190734863,4.800000190734863,4.71999979019165,4.730000019073486,41400,0.0,0.0
2011-06-09 00:00:00-04:00,4.71999979019165,4.760000228881836,4.659999847412109,4.71999979019165,42200,0.0,0.0
2011-06-10 00:00:00-04:00,4.679999828338623,4.920000076293945,4.679999828338623,4.860000133514404,47700,0.0,0.0
2011-06-13 00:00:00-04:00,4.860000133514404,5.0,4.820000171661377,4.840000152587891,31700,0.0,0.0
2011-06-14 00:00:00-04:00,4.820000171661377,4.840000152587891,4.679999828338623,4.800000190734863,48500,0.0,0.0
2011-06-15 00:00:00-04:00,4.75,5.0,4.699999809265137,4.71999979019165,19800,0.0,0.0
2011-06-16 00:00:00-04:00,4.710000038146973,4.739999771118164,4.659999847412109,4.71999979019165,23400,0.0,0.0
2011-06-17 00:00:00-04:00,4.739999771118164,4.739999771118164,4.659999847412109,4.71999979019165,22400,0.0,0.0
2011-06-20 00:00:00-04:00,4.699999809265137,4.940000057220459,4.699999809265137,4.820000171661377,28600,0.0,0.0
2011-06-21 00:00:00-04:00,4.829999923706055,4.920000076293945,4.800000190734863,4.869999885559082,34900,0.0,0.0
2011-06-22 00:00:00-04:00,4.869999885559082,4.909999847412109,4.730000019073486,4.739999771118164,22300,0.0,0.0
2011-06-23 00:00:00-04:00,4.71999979019165,4.789999961853027,4.650000095367432,4.730000019073486,30500,0.0,0.0
2011-06-24 00:00:00-04:00,4.730000019073486,4.730000019073486,4.519999980926514,4.590000152587891,85000,0.0,0.0
2011-06-27 00:00:00-04:00,4.559999942779541,4.869999885559082,4.539999961853027,4.769999980926514,35900,0.0,0.0
2011-06-28 00:00:00-04:00,4.820000171661377,4.820000171661377,4.71999979019165,4.769999980926514,16200,0.0,0.0
2011-06-29 00:00:00-04:00,4.760000228881836,4.760000228881836,4.5,4.539999961853027,52500,0.0,0.0
2011-06-30 00:00:00-04:00,4.869999885559082,4.869999885559082,4.53000020980835,4.570000171661377,19000,0.0,0.0
2011-07-01 00:00:00-04:00,4.550000190734863,4.650000095367432,4.510000228881836,4.619999885559082,8900,0.0,0.0
2011-07-05 00:00:00-04:00,4.599999904632568,4.670000076293945,4.5,4.5,17500,0.0,0.0
2011-07-06 00:00:00-04:00,4.619999885559082,4.619999885559082,4.210000038146973,4.25,64900,0.0,0.0
2011-07-07 00:00:00-04:00,4.239999771118164,4.289999961853027,4.050000190734863,4.119999885559082,75400,0.0,0.0
2011-07-08 00:00:00-04:00,4.099999904632568,4.329999923706055,3.809999942779541,4.119999885559082,144700,0.0,0.0
2011-07-11 00:00:00-04:00,3.9100000858306885,4.099999904632568,3.9100000858306885,3.9700000286102295,45800,0.0,0.0
2011-07-12 00:00:00-04:00,3.9200000762939453,4.019999980926514,3.869999885559082,3.880000114440918,40700,0.0,0.0
2011-07-13 00:00:00-04:00,3.940000057220459,4.0,3.880000114440918,3.9600000381469727,17700,0.0,0.0
2011-07-14 00:00:00-04:00,3.950000047683716,4.010000228881836,3.859999895095825,3.9100000858306885,27700,0.0,0.0
2011-07-15 00:00:00-04:00,3.9600000381469727,4.079999923706055,3.950000047683716,3.9800000190734863,19900,0.0,0.0
2011-07-18 00:00:00-04:00,4.0,4.019999980926514,3.9800000190734863,4.0,17000,0.0,0.0
2011-07-19 00:00:00-04:00,4.059999942779541,4.349999904632568,4.010000228881836,4.25,23700,0.0,0.0
2011-07-20 00:00:00-04:00,4.260000228881836,4.360000133514404,4.239999771118164,4.309999942779541,14700,0.0,0.0
2011-07-21 00:00:00-04:00,4.300000190734863,4.619999885559082,4.300000190734863,4.5,54100,0.0,0.0
2011-07-22 00:00:00-04:00,4.550000190734863,4.739999771118164,4.449999809265137,4.650000095367432,42600,0.0,0.0
2011-07-25 00:00:00-04:00,4.53000020980835,4.610000133514404,4.309999942779541,4.5,19100,0.0,0.0
2011-07-26 00:00:00-04:00,4.519999980926514,4.519999980926514,4.369999885559082,4.409999847412109,15400,0.0,0.0
2011-07-27 00:00:00-04:00,4.389999866485596,4.449999809265137,4.28000020980835,4.389999866485596,12600,0.0,0.0
2011-07-28 00:00:00-04:00,4.389999866485596,4.53000020980835,4.309999942779541,4.360000133514404,23000,0.0,0.0
2011-07-29 00:00:00-04:00,4.349999904632568,4.440000057220459,4.0,4.360000133514404,31300,0.0,0.0
2011-08-01 00:00:00-04:00,4.349999904632568,4.75,4.239999771118164,4.690000057220459,32100,0.0,0.0
2011-08-02 00:00:00-04:00,4.78000020980835,4.940000057220459,4.559999942779541,4.630000114440918,33900,0.0,0.0
2011-08-03 00:00:00-04:00,4.699999809265137,4.739999771118164,4.630000114440918,4.690000057220459,12700,0.0,0.0
2011-08-04 00:00:00-04:00,4.650000095367432,4.650000095367432,4.210000038146973,4.25,38400,0.0,0.0
2011-08-05 00:00:00-04:00,4.25,4.480000019073486,3.9100000858306885,3.9700000286102295,63300,0.0,0.0
2011-08-08 00:00:00-04:00,3.8499999046325684,3.930000066757202,3.5899999141693115,3.690000057220459,87100,0.0,0.0
2011-08-09 00:00:00-04:00,3.690000057220459,4.050000190734863,3.259999990463257,3.9000000953674316,52800,0.0,0.0
2011-08-10 00:00:00-04:00,3.8299999237060547,4.119999885559082,3.8299999237060547,3.9100000858306885,3400,0.0,0.0
2011-08-11 00:00:00-04:00,3.9100000858306885,4.139999866485596,3.9100000858306885,4.130000114440918,19600,0.0,0.0
2011-08-12 00:00:00-04:00,4.199999809265137,4.28000020980835,4.090000152587891,4.139999866485596,9800,0.0,0.0
2011-08-15 00:00:00-04:00,4.070000171661377,4.070000171661377,3.740000009536743,3.950000047683716,25900,0.0,0.0
2011-08-16 00:00:00-04:00,3.9000000953674316,3.9000000953674316,3.869999885559082,3.9000000953674316,25700,0.0,0.0
2011-08-17 00:00:00-04:00,3.9000000953674316,4.039999961853027,3.8399999141693115,3.869999885559082,16400,0.0,0.0
2011-08-18 00:00:00-04:00,3.7699999809265137,3.880000114440918,3.740000009536743,3.7899999618530273,12900,0.0,0.0
2011-08-19 00:00:00-04:00,3.759999990463257,3.799999952316284,3.700000047683716,3.740000009536743,21800,0.0,0.0
2011-08-22 00:00:00-04:00,3.7300000190734863,3.7899999618530273,3.680000066757202,3.7300000190734863,27800,0.0,0.0
2011-08-23 00:00:00-04:00,3.6600000858306885,4.389999866485596,3.450000047683716,3.9800000190734863,66400,0.0,0.0
2011-08-24 00:00:00-04:00,3.940000057220459,4.090000152587891,3.8499999046325684,4.019999980926514,19400,0.0,0.0
2011-08-25 00:00:00-04:00,4.059999942779541,4.099999904632568,3.940000057220459,4.039999961853027,13500,0.0,0.0
2011-08-26 00:00:00-04:00,3.9600000381469727,4.079999923706055,3.940000057220459,4.0,30000,0.0,0.0
2011-08-29 00:00:00-04:00,4.070000171661377,4.119999885559082,3.759999990463257,3.7899999618530273,41400,0.0,0.0
2011-08-30 00:00:00-04:00,3.7899999618530273,3.9600000381469727,3.7899999618530273,3.9600000381469727,20500,0.0,0.0
2011-08-31 00:00:00-04:00,4.050000190734863,4.179999828338623,3.940000057220459,4.119999885559082,19100,0.0,0.0
2011-09-01 00:00:00-04:00,4.170000076293945,4.170000076293945,3.8299999237060547,4.010000228881836,11800,0.0,0.0
2011-09-02 00:00:00-04:00,3.9200000762939453,4.0,3.75,4.0,47300,0.0,0.0
2011-09-06 00:00:00-04:00,3.880000114440918,3.990000009536743,3.75,3.9200000762939453,10700,0.0,0.0
2011-09-07 00:00:00-04:00,3.9200000762939453,3.9800000190734863,3.8499999046325684,3.930000066757202,3300,0.0,0.0
2011-09-08 00:00:00-04:00,3.9200000762939453,4.070000171661377,3.9200000762939453,4.050000190734863,19400,0.0,0.0
2011-09-09 00:00:00-04:00,4.019999980926514,4.019999980926514,3.9000000953674316,3.9000000953674316,7700,0.0,0.0
2011-09-12 00:00:00-04:00,3.859999895095825,3.990000009536743,3.8499999046325684,3.9600000381469727,7500,0.0,0.0
2011-09-13 00:00:00-04:00,3.9700000286102295,4.059999942779541,3.8499999046325684,3.859999895095825,61700,0.0,0.0
2011-09-14 00:00:00-04:00,3.9000000953674316,4.039999961853027,3.9000000953674316,4.039999961853027,25400,0.0,0.0
2011-09-15 00:00:00-04:00,4.050000190734863,4.050000190734863,3.940000057220459,3.950000047683716,14300,0.0,0.0
2011-09-16 00:00:00-04:00,3.9000000953674316,3.9000000953674316,3.7899999618530273,3.880000114440918,23800,0.0,0.0
2011-09-19 00:00:00-04:00,3.819999933242798,3.9000000953674316,3.75,3.759999990463257,6200,0.0,0.0
2011-09-20 00:00:00-04:00,3.7799999713897705,3.859999895095825,3.7699999809265137,3.859999895095825,16400,0.0,0.0
2011-09-21 00:00:00-04:00,3.7899999618530273,3.869999885559082,3.75,3.75,15000,0.0,0.0
2011-09-22 00:00:00-04:00,3.7200000286102295,3.7200000286102295,3.4800000190734863,3.640000104904175,43600,0.0,0.0
2011-09-23 00:00:00-04:00,3.549999952316284,3.6500000953674316,3.450000047683716,3.450000047683716,34900,0.0,0.0
2011-09-26 00:00:00-04:00,3.490000009536743,3.5,3.369999885559082,3.440000057220459,32100,0.0,0.0
2011-09-27 00:00:00-04:00,3.559999942779541,3.690000057220459,3.559999942779541,3.5999999046325684,22600,0.0,0.0
2011-09-28 00:00:00-04:00,3.6600000858306885,3.700000047683716,3.4800000190734863,3.6500000953674316,10900,0.0,0.0
2011-09-29 00:00:00-04:00,3.680000066757202,3.740000009536743,3.430000066757202,3.680000066757202,18400,0.0,0.0
2011-09-30 00:00:00-04:00,3.569999933242798,3.7799999713897705,3.5,3.7799999713897705,29200,0.0,0.0
2011-10-03 00:00:00-04:00,3.7300000190734863,3.7300000190734863,3.450000047683716,3.5,12500,0.0,0.0
2011-10-04 00:00:00-04:00,3.4100000858306885,3.6700000762939453,3.259999990463257,3.6500000953674316,85600,0.0,0.0
2011-10-05 00:00:00-04:00,3.6700000762939453,3.799999952316284,3.5899999141693115,3.7300000190734863,43800,0.0,0.0
2011-10-06 00:00:00-04:00,3.7899999618530273,4.349999904632568,3.7200000286102295,4.260000228881836,95500,0.0,0.0
2011-10-07 00:00:00-04:00,4.340000152587891,4.449999809265137,4.199999809265137,4.440000057220459,31500,0.0,0.0
2011-10-10 00:00:00-04:00,4.480000019073486,4.679999828338623,4.460000038146973,4.550000190734863,28200,0.0,0.0
2011-10-11 00:00:00-04:00,4.599999904632568,4.599999904632568,4.420000076293945,4.449999809265137,20600,0.0,0.0
2011-10-12 00:00:00-04:00,4.53000020980835,4.739999771118164,4.300000190734863,4.300000190734863,32300,0.0,0.0
2011-10-13 00:00:00-04:00,4.300000190734863,4.400000095367432,4.210000038146973,4.300000190734863,17700,0.0,0.0
2011-10-14 00:00:00-04:00,4.340000152587891,4.440000057220459,4.300000190734863,4.300000190734863,8900,0.0,0.0
2011-10-17 00:00:00-04:00,4.300000190734863,4.329999923706055,4.059999942779541,4.199999809265137,19700,0.0,0.0
2011-10-18 00:00:00-04:00,4.380000114440918,4.639999866485596,4.150000095367432,4.210000038146973,16700,0.0,0.0
2011-10-19 00:00:00-04:00,4.21999979019165,4.53000020980835,4.21999979019165,4.25,10900,0.0,0.0
2011-10-20 00:00:00-04:00,4.25,4.25,3.9800000190734863,4.010000228881836,52200,0.0,0.0
2011-10-21 00:00:00-04:00,4.260000228881836,4.260000228881836,4.050000190734863,4.110000133514404,7300,0.0,0.0
2011-10-24 00:00:00-04:00,4.090000152587891,4.090000152587891,3.9000000953674316,3.9000000953674316,18200,0.0,0.0
2011-10-25 00:00:00-04:00,3.990000009536743,4.039999961853027,3.75,3.9100000858306885,48100,0.0,0.0
2011-10-26 00:00:00-04:00,3.869999885559082,4.150000095367432,3.8499999046325684,3.990000009536743,18700,0.0,0.0
2011-10-27 00:00:00-04:00,4.150000095367432,4.150000095367432,3.8499999046325684,3.990000009536743,23700,0.0,0.0
2011-10-28 00:00:00-04:00,3.990000009536743,4.050000190734863,3.9200000762939453,3.990000009536743,6900,0.0,0.0
2011-10-31 00:00:00-04:00,3.8499999046325684,3.950000047683716,3.8399999141693115,3.8499999046325684,24000,0.0,0.0
2011-11-01 00:00:00-04:00,3.8399999141693115,3.9200000762939453,3.7799999713897705,3.8499999046325684,18200,0.0,0.0
2011-11-02 00:00:00-04:00,3.950000047683716,3.9700000286102295,3.8499999046325684,3.9200000762939453,16400,0.0,0.0
2011-11-03 00:00:00-04:00,3.9100000858306885,3.990000009536743,3.869999885559082,3.950000047683716,5900,0.0,0.0
2011-11-04 00:00:00-04:00,3.869999885559082,3.9000000953674316,3.8499999046325684,3.859999895095825,10600,0.0,0.0
2011-11-07 00:00:00-05:00,3.799999952316284,3.9800000190734863,3.799999952316284,3.8499999046325684,15700,0.0,0.0
2011-11-08 00:00:00-05:00,3.940000057220459,3.940000057220459,3.569999933242798,3.740000009536743,35200,0.0,0.0
2011-11-09 00:00:00-05:00,3.630000114440918,3.809999942779541,3.630000114440918,3.6500000953674316,8400,0.0,0.0
2011-11-10 00:00:00-05:00,3.7899999618530273,3.890000104904175,3.6500000953674316,3.700000047683716,12700,0.0,0.0
2011-11-11 00:00:00-05:00,3.809999942779541,3.880000114440918,3.5,3.5799999237060547,28400,0.0,0.0
2011-11-14 00:00:00-05:00,3.5999999046325684,3.700000047683716,3.450000047683716,3.5,65800,0.0,0.0
2011-11-15 00:00:00-05:00,3.5,3.7100000381469727,3.4100000858306885,3.680000066757202,22000,0.0,0.0
2011-11-16 00:00:00-05:00,3.5299999713897705,3.8299999237060547,3.5299999713897705,3.700000047683716,27800,0.0,0.0
2011-11-17 00:00:00-05:00,3.75,3.990000009536743,3.75,3.9200000762939453,27000,0.0,0.0
2011-11-18 00:00:00-05:00,3.8499999046325684,3.990000009536743,3.6700000762939453,3.799999952316284,53000,0.0,0.0
2011-11-21 00:00:00-05:00,3.740000009536743,3.819999933242798,3.6600000858306885,3.759999990463257,24600,0.0,0.0
2011-11-22 00:00:00-05:00,3.700000047683716,3.9100000858306885,3.700000047683716,3.759999990463257,28100,0.0,0.0
2011-11-23 00:00:00-05:00,3.759999990463257,3.799999952316284,3.630000114440918,3.799999952316284,7600,0.0,0.0
2011-11-25 00:00:00-05:00,3.799999952316284,3.890000104904175,3.7699999809265137,3.890000104904175,10200,0.0,0.0
2011-11-28 00:00:00-05:00,3.930000066757202,3.930000066757202,3.700000047683716,3.75,9400,0.0,0.0
2011-11-29 00:00:00-05:00,3.799999952316284,3.9100000858306885,3.630000114440918,3.869999885559082,17100,0.0,0.0
2011-11-30 00:00:00-05:00,3.930000066757202,3.930000066757202,3.700000047683716,3.7899999618530273,21400,0.0,0.0
2011-12-01 00:00:00-05:00,3.7300000190734863,3.799999952316284,3.6500000953674316,3.7100000381469727,13300,0.0,0.0
2011-12-02 00:00:00-05:00,3.759999990463257,3.759999990463257,3.6500000953674316,3.6500000953674316,11300,0.0,0.0
2011-12-05 00:00:00-05:00,3.6600000858306885,3.880000114440918,3.5299999713897705,3.740000009536743,25900,0.0,0.0
2011-12-06 00:00:00-05:00,3.7300000190734863,3.7300000190734863,3.6500000953674316,3.680000066757202,10500,0.0,0.0
2011-12-07 00:00:00-05:00,3.619999885559082,3.7200000286102295,3.609999895095825,3.6700000762939453,18900,0.0,0.0
2011-12-08 00:00:00-05:00,3.619999885559082,3.7699999809265137,3.5999999046325684,3.640000104904175,21400,0.0,0.0
2011-12-09 00:00:00-05:00,3.690000057220459,3.799999952316284,3.609999895095825,3.619999885559082,12500,0.0,0.0
2011-12-12 00:00:00-05:00,3.5899999141693115,3.690000057220459,3.430000066757202,3.4700000286102295,14800,0.0,0.0
2011-12-13 00:00:00-05:00,3.440000057220459,3.5399999618530273,3.109999895095825,3.190000057220459,83500,0.0,0.0
2011-12-14 00:00:00-05:00,3.200000047683716,3.25,3.069999933242798,3.140000104904175,30500,0.0,0.0
2011-12-15 00:00:00-05:00,3.190000057220459,3.5799999237060547,3.190000057220459,3.359999895095825,68400,0.0,0.0
2011-12-16 00:00:00-05:00,3.25,3.430000066757202,3.2200000286102295,3.3299999237060547,69500,0.0,0.0
2011-12-19 00:00:00-05:00,3.2899999618530273,3.4600000381469727,3.200000047683716,3.299999952316284,25500,0.0,0.0
2011-12-20 00:00:00-05:00,3.259999990463257,3.440000057220459,3.0799999237060547,3.25,32200,0.0,0.0
2011-12-21 00:00:00-05:00,3.140000104904175,3.390000104904175,3.109999895095825,3.2100000381469727,77100,0.0,0.0
2011-12-22 00:00:00-05:00,3.359999895095825,3.450000047683716,3.2699999809265137,3.3399999141693115,33700,0.0,0.0
2011-12-23 00:00:00-05:00,3.299999952316284,3.4000000953674316,3.2100000381469727,3.25,44100,0.0,0.0
2011-12-27 00:00:00-05:00,3.25,3.4000000953674316,3.240000009536743,3.3299999237060547,35700,0.0,0.0
2011-12-28 00:00:00-05:00,3.299999952316284,3.5,3.2300000190734863,3.3499999046325684,37800,0.0,0.0
2011-12-29 00:00:00-05:00,3.3399999141693115,3.5199999809265137,3.2799999713897705,3.380000114440918,64200,0.0,0.0
2011-12-30 00:00:00-05:00,3.509999990463257,3.509999990463257,3.25,3.390000104904175,50000,0.0,0.0
2012-01-03 00:00:00-05:00,3.390000104904175,3.700000047683716,3.390000104904175,3.5999999046325684,14400,0.0,0.0
2012-01-04 00:00:00-05:00,3.6600000858306885,3.680000066757202,3.609999895095825,3.6500000953674316,10200,0.0,0.0
2012-01-05 00:00:00-05:00,3.6500000953674316,3.740000009536743,3.6500000953674316,3.7100000381469727,9700,0.0,0.0
2012-01-06 00:00:00-05:00,3.740000009536743,4.179999828338623,3.700000047683716,3.930000066757202,42900,0.0,0.0
2012-01-09 00:00:00-05:00,4.159999847412109,4.590000152587891,4.03000020980835,4.320000171661377,114100,0.0,0.0
2012-01-10 00:00:00-05:00,4.309999942779541,4.309999942779541,3.940000057220459,4.050000190734863,48100,0.0,0.0
2012-01-11 00:00:00-05:00,3.990000009536743,3.990000009536743,3.630000114440918,3.869999885559082,53700,0.0,0.0
2012-01-12 00:00:00-05:00,3.819999933242798,3.819999933242798,3.609999895095825,3.6700000762939453,45900,0.0,0.0
2012-01-13 00:00:00-05:00,3.609999895095825,3.7100000381469727,3.5999999046325684,3.680000066757202,38000,0.0,0.0
2012-01-17 00:00:00-05:00,3.75,3.9000000953674316,3.75,3.7899999618530273,6400,0.0,0.0
2012-01-18 00:00:00-05:00,3.7899999618530273,3.809999942779541,3.700000047683716,3.7300000190734863,10100,0.0,0.0
2012-01-19 00:00:00-05:00,3.7699999809265137,3.799999952316284,3.6500000953674316,3.700000047683716,11900,0.0,0.0
2012-01-20 00:00:00-05:00,3.7300000190734863,3.7300000190734863,3.6500000953674316,3.7100000381469727,13600,0.0,0.0
2012-01-23 00:00:00-05:00,3.690000057220459,3.9000000953674316,3.680000066757202,3.880000114440918,25500,0.0,0.0
2012-01-24 00:00:00-05:00,3.890000104904175,3.9000000953674316,3.740000009536743,3.7799999713897705,13300,0.0,0.0
2012-01-25 00:00:00-05:00,3.7200000286102295,3.7899999618530273,3.6500000953674316,3.6700000762939453,14800,0.0,0.0
2012-01-26 00:00:00-05:00,3.690000057220459,3.7799999713897705,3.6500000953674316,3.759999990463257,10700,0.0,0.0
2012-01-27 00:00:00-05:00,3.7799999713897705,3.809999942779541,3.7799999713897705,3.799999952316284,9900,0.0,0.0
2012-01-30 00:00:00-05:00,3.930000066757202,3.930000066757202,3.7100000381469727,3.8399999141693115,19100,0.0,0.0
2012-01-31 00:00:00-05:00,3.859999895095825,3.859999895095825,3.759999990463257,3.8399999141693115,16800,0.0,0.0
2012-02-01 00:00:00-05:00,3.7899999618530273,3.940000057220459,3.7899999618530273,3.930000066757202,9400,0.0,0.0
2012-02-02 00:00:00-05:00,3.890000104904175,3.940000057220459,3.859999895095825,3.930000066757202,8400,0.0,0.0
2012-02-03 00:00:00-05:00,3.950000047683716,4.0,3.859999895095825,3.9600000381469727,41900,0.0,0.0
2012-02-06 00:00:00-05:00,4.0,4.019999980926514,3.9700000286102295,4.010000228881836,34400,0.0,0.0
2012-02-07 00:00:00-05:00,3.990000009536743,3.990000009536743,3.950000047683716,3.9700000286102295,3100,0.0,0.0
2012-02-08 00:00:00-05:00,4.0,4.139999866485596,4.0,4.099999904632568,47000,0.0,0.0
2012-02-09 00:00:00-05:00,4.079999923706055,4.130000114440918,4.010000228881836,4.099999904632568,40100,0.0,0.0
2012-02-10 00:00:00-05:00,4.110000133514404,4.150000095367432,4.039999961853027,4.119999885559082,32200,0.0,0.0
2012-02-13 00:00:00-05:00,4.110000133514404,4.170000076293945,4.03000020980835,4.090000152587891,17000,0.0,0.0
2012-02-14 00:00:00-05:00,4.090000152587891,4.090000152587891,3.9000000953674316,3.9600000381469727,36300,0.0,0.0
2012-02-15 00:00:00-05:00,3.940000057220459,4.079999923706055,3.940000057220459,4.070000171661377,39200,0.0,0.0
2012-02-16 00:00:00-05:00,4.03000020980835,4.130000114440918,4.0,4.010000228881836,31300,0.0,0.0
2012-02-17 00:00:00-05:00,4.039999961853027,4.099999904632568,4.0,4.0,8300,0.0,0.0
2012-02-21 00:00:00-05:00,4.039999961853027,4.059999942779541,3.9100000858306885,3.950000047683716,11100,0.0,0.0
2012-02-22 00:00:00-05:00,3.990000009536743,4.039999961853027,3.930000066757202,3.950000047683716,28100,0.0,0.0
2012-02-23 00:00:00-05:00,3.9800000190734863,4.010000228881836,3.5999999046325684,3.5999999046325684,44300,0.0,0.0
2012-02-24 00:00:00-05:00,3.680000066757202,3.869999885559082,3.680000066757202,3.759999990463257,34000,0.0,0.0
2012-02-27 00:00:00-05:00,3.7100000381469727,3.75,3.6500000953674316,3.690000057220459,5300,0.0,0.0
2012-02-28 00:00:00-05:00,3.630000114440918,3.7300000190734863,3.609999895095825,3.630000114440918,12300,0.0,0.0
2012-02-29 00:00:00-05:00,3.6500000953674316,3.690000057220459,3.5,3.5,64400,0.0,0.0
2012-03-01 00:00:00-05:00,3.5799999237060547,3.9000000953674316,3.5799999237060547,3.690000057220459,24200,0.0,0.0
2012-03-02 00:00:00-05:00,3.630000114440918,3.7899999618530273,3.619999885559082,3.7799999713897705,8900,0.0,0.0
2012-03-05 00:00:00-05:00,3.6700000762939453,3.700000047683716,3.5999999046325684,3.5999999046325684,19000,0.0,0.0
2012-03-06 00:00:00-05:00,3.619999885559082,3.700000047683716,3.5,3.509999990463257,21800,0.0,0.0
2012-03-07 00:00:00-05:00,3.5299999713897705,3.609999895095825,3.509999990463257,3.5799999237060547,5300,0.0,0.0
2012-03-08 00:00:00-05:00,3.5899999141693115,3.5999999046325684,3.569999933242798,3.569999933242798,4800,0.0,0.0
2012-03-09 00:00:00-05:00,3.569999933242798,3.5999999046325684,3.559999942779541,3.559999942779541,11100,0.0,0.0
2012-03-12 00:00:00-04:00,3.5999999046325684,3.799999952316284,3.5999999046325684,3.680000066757202,29000,0.0,0.0
2012-03-13 00:00:00-04:00,3.6700000762939453,3.700000047683716,3.609999895095825,3.609999895095825,21500,0.0,0.0
2012-03-14 00:00:00-04:00,3.619999885559082,3.700000047683716,3.609999895095825,3.619999885559082,10300,0.0,0.0
2012-03-15 00:00:00-04:00,3.75,3.75,3.5999999046325684,3.740000009536743,14500,0.0,0.0
2012-03-16 00:00:00-04:00,3.640000104904175,3.7200000286102295,3.5,3.609999895095825,38100,0.0,0.0
2012-03-19 00:00:00-04:00,3.5899999141693115,3.700000047683716,3.5199999809265137,3.619999885559082,6500,0.0,0.0
2012-03-20 00:00:00-04:00,3.5799999237060547,3.700000047683716,3.5,3.700000047683716,14300,0.0,0.0
2012-03-21 00:00:00-04:00,3.700000047683716,3.75,3.680000066757202,3.700000047683716,21200,0.0,0.0
2012-03-22 00:00:00-04:00,3.680000066757202,3.680000066757202,3.5799999237060547,3.5899999141693115,11900,0.0,0.0
2012-03-23 00:00:00-04:00,3.5999999046325684,3.5999999046325684,3.5,3.549999952316284,14500,0.0,0.0
2012-03-26 00:00:00-04:00,3.5299999713897705,3.5999999046325684,3.5299999713897705,3.5299999713897705,29100,0.0,0.0
2012-03-27 00:00:00-04:00,3.5899999141693115,3.6700000762939453,3.5799999237060547,3.5999999046325684,19900,0.0,0.0
2012-03-28 00:00:00-04:00,3.5899999141693115,3.640000104904175,3.5,3.559999942779541,26900,0.0,0.0
2012-03-29 00:00:00-04:00,3.5999999046325684,3.5999999046325684,3.4800000190734863,3.4800000190734863,19700,0.0,0.0
2012-03-30 00:00:00-04:00,3.549999952316284,3.549999952316284,3.4600000381469727,3.5399999618530273,20900,0.0,0.0
2012-04-02 00:00:00-04:00,3.5,3.509999990463257,3.299999952316284,3.4000000953674316,27700,0.0,0.0
2012-04-03 00:00:00-04:00,3.3499999046325684,3.4000000953674316,3.3299999237060547,3.3299999237060547,14300,0.0,0.0
2012-04-04 00:00:00-04:00,3.369999885559082,3.369999885559082,3.180000066757202,3.240000009536743,43100,0.0,0.0
2012-04-05 00:00:00-04:00,3.2799999713897705,3.2899999618530273,3.180000066757202,3.180000066757202,31800,0.0,0.0
2012-04-09 00:00:00-04:00,3.2200000286102295,3.25,3.109999895095825,3.180000066757202,16900,0.0,0.0
2012-04-10 00:00:00-04:00,3.2100000381469727,3.2100000381469727,3.0399999618530273,3.109999895095825,20400,0.0,0.0
2012-04-11 00:00:00-04:00,3.0999999046325684,3.1500000953674316,3.0999999046325684,3.109999895095825,11100,0.0,0.0
2012-04-12 00:00:00-04:00,3.0999999046325684,3.119999885559082,2.890000104904175,2.9700000286102295,52500,0.0,0.0
2012-04-13 00:00:00-04:00,2.9700000286102295,3.0,2.859999895095825,2.990000009536743,24900,0.0,0.0
2012-04-16 00:00:00-04:00,3.0,3.0,2.7899999618530273,2.9000000953674316,16700,0.0,0.0
2012-04-17 00:00:00-04:00,2.9000000953674316,2.950000047683716,2.809999942779541,2.9100000858306885,27600,0.0,0.0
2012-04-18 00:00:00-04:00,2.8499999046325684,2.9700000286102295,2.8299999237060547,2.8499999046325684,8900,0.0,0.0
2012-04-19 00:00:00-04:00,2.8399999141693115,2.950000047683716,2.8399999141693115,2.869999885559082,4100,0.0,0.0
2012-04-20 00:00:00-04:00,2.9000000953674316,2.9700000286102295,2.859999895095825,2.890000104904175,23200,0.0,0.0
2012-04-23 00:00:00-04:00,2.9200000762939453,3.0,2.869999885559082,2.930000066757202,12300,0.0,0.0
2012-04-24 00:00:00-04:00,2.940000057220459,3.059999942779541,2.940000057220459,3.009999990463257,30400,0.0,0.0
2012-04-25 00:00:00-04:00,3.049999952316284,3.359999895095825,3.0299999713897705,3.359999895095825,30600,0.0,0.0
2012-04-26 00:00:00-04:00,3.359999895095825,3.359999895095825,3.3299999237060547,3.3499999046325684,5000,0.0,0.0
2012-04-27 00:00:00-04:00,3.3399999141693115,3.359999895095825,3.2899999618530273,3.3399999141693115,6300,0.0,0.0
2012-04-30 00:00:00-04:00,3.2699999809265137,3.3299999237060547,3.2699999809265137,3.299999952316284,11000,0.0,0.0
2012-05-01 00:00:00-04:00,3.319999933242798,3.3499999046325684,3.200000047683716,3.200000047683716,8000,0.0,0.0
2012-05-02 00:00:00-04:00,3.190000057220459,3.3399999141693115,3.180000066757202,3.190000057220459,4800,0.0,0.0
2012-05-03 00:00:00-04:00,3.2300000190734863,3.2300000190734863,3.0999999046325684,3.119999885559082,14000,0.0,0.0
2012-05-04 00:00:00-04:00,3.1500000953674316,3.1500000953674316,2.9200000762939453,2.9700000286102295,43600,0.0,0.0
2012-05-07 00:00:00-04:00,2.9700000286102295,3.009999990463257,2.9200000762939453,2.950000047683716,19000,0.0,0.0
2012-05-08 00:00:00-04:00,3.009999990463257,3.140000104904175,2.940000057220459,2.9700000286102295,54700,0.0,0.0
2012-05-09 00:00:00-04:00,3.0,3.009999990463257,2.9200000762939453,3.0,20000,0.0,0.0
2012-05-10 00:00:00-04:00,2.950000047683716,3.0199999809265137,2.9200000762939453,2.9200000762939453,38000,0.0,0.0
2012-05-11 00:00:00-04:00,2.9200000762939453,3.109999895095825,2.9200000762939453,3.0799999237060547,1200,0.0,0.0
2012-05-14 00:00:00-04:00,3.0299999713897705,3.0999999046325684,3.0,3.069999933242798,59400,0.0,0.0
2012-05-15 00:00:00-04:00,3.0999999046325684,3.180000066757202,3.0399999618530273,3.0899999141693115,12000,0.0,0.0
2012-05-16 00:00:00-04:00,3.0199999809265137,3.119999885559082,3.009999990463257,3.009999990463257,18400,0.0,0.0
2012-05-17 00:00:00-04:00,3.0,3.049999952316284,3.0,3.009999990463257,10800,0.0,0.0
2012-05-18 00:00:00-04:00,3.049999952316284,3.049999952316284,3.0,3.0,40000,0.0,0.0
2012-05-21 00:00:00-04:00,2.9700000286102295,3.059999942779541,2.9700000286102295,3.0199999809265137,19500,0.0,0.0
2012-05-22 00:00:00-04:00,3.009999990463257,3.049999952316284,3.0,3.0199999809265137,8500,0.0,0.0
2012-05-23 00:00:00-04:00,3.0,3.130000114440918,3.0,3.130000114440918,16000,0.0,0.0
2012-05-24 00:00:00-04:00,3.0299999713897705,3.140000104904175,3.009999990463257,3.140000104904175,17400,0.0,0.0
2012-05-25 00:00:00-04:00,3.140000104904175,3.180000066757202,3.140000104904175,3.1500000953674316,3600,0.0,0.0
2012-05-29 00:00:00-04:00,3.1500000953674316,3.440000057220459,3.1500000953674316,3.4200000762939453,44300,0.0,0.0
2012-05-30 00:00:00-04:00,3.4200000762939453,3.630000114440918,3.180000066757202,3.319999933242798,52000,0.0,0.0
2012-05-31 00:00:00-04:00,3.319999933242798,3.4000000953674316,3.109999895095825,3.390000104904175,43500,0.0,0.0
2012-06-01 00:00:00-04:00,3.3399999141693115,3.3399999141693115,3.0899999141693115,3.259999990463257,11100,0.0,0.0
2012-06-04 00:00:00-04:00,3.259999990463257,3.359999895095825,3.0299999713897705,3.259999990463257,40800,0.0,0.0
2012-06-05 00:00:00-04:00,3.2100000381469727,3.3399999141693115,3.0999999046325684,3.1600000858306885,15800,0.0,0.0
2012-06-06 00:00:00-04:00,3.1700000762939453,3.2300000190734863,3.109999895095825,3.190000057220459,16900,0.0,0.0
2012-06-07 00:00:00-04:00,3.140000104904175,3.2300000190734863,3.049999952316284,3.0999999046325684,9500,0.0,0.0
2012-06-08 00:00:00-04:00,3.109999895095825,3.130000114440918,3.049999952316284,3.069999933242798,9100,0.0,0.0
2012-06-11 00:00:00-04:00,3.119999885559082,3.130000114440918,3.0199999809265137,3.0199999809265137,17000,0.0,0.0
2012-06-12 00:00:00-04:00,3.0199999809265137,3.0799999237060547,2.859999895095825,2.9000000953674316,31800,0.0,0.0
2012-06-13 00:00:00-04:00,2.869999885559082,3.049999952316284,2.7899999618530273,2.819999933242798,43000,0.0,0.0
2012-06-14 00:00:00-04:00,2.9000000953674316,3.009999990463257,2.8299999237060547,2.9200000762939453,53200,0.0,0.0
2012-06-15 00:00:00-04:00,2.930000066757202,3.069999933242798,2.819999933242798,2.9700000286102295,11200,0.0,0.0
2012-06-18 00:00:00-04:00,2.9800000190734863,3.0,2.819999933242798,2.880000114440918,7600,0.0,0.0
2012-06-19 00:00:00-04:00,2.8499999046325684,2.990000009536743,2.8499999046325684,2.9700000286102295,5500,0.0,0.0
2012-06-20 00:00:00-04:00,2.930000066757202,3.0799999237060547,2.9000000953674316,3.0799999237060547,12000,0.0,0.0
2012-06-21 00:00:00-04:00,2.990000009536743,3.0999999046325684,2.9800000190734863,2.9800000190734863,10300,0.0,0.0
2012-06-22 00:00:00-04:00,3.0299999713897705,3.0899999141693115,3.0199999809265137,3.0799999237060547,12200,0.0,0.0
2012-06-25 00:00:00-04:00,3.0299999713897705,3.130000114440918,3.0,3.119999885559082,17600,0.0,0.0
2012-06-26 00:00:00-04:00,3.059999942779541,3.059999942779541,2.930000066757202,2.9600000381469727,19100,0.0,0.0
2012-06-27 00:00:00-04:00,2.990000009536743,2.990000009536743,2.9000000953674316,2.940000057220459,12300,0.0,0.0
2012-06-28 00:00:00-04:00,2.950000047683716,3.119999885559082,2.9200000762939453,3.0199999809265137,24600,0.0,0.0
2012-06-29 00:00:00-04:00,3.0,3.119999885559082,3.0,3.119999885559082,21500,0.0,0.0
2012-07-02 00:00:00-04:00,3.119999885559082,3.119999885559082,3.0,3.0,10700,0.0,0.0
2012-07-03 00:00:00-04:00,3.0,3.119999885559082,3.0,3.0799999237060547,8600,0.0,0.0
2012-07-05 00:00:00-04:00,3.0399999618530273,3.0799999237060547,2.9600000381469727,3.049999952316284,8500,0.0,0.0
2012-07-06 00:00:00-04:00,3.0399999618530273,3.0399999618530273,3.0199999809265137,3.0199999809265137,4300,0.0,0.0
2012-07-09 00:00:00-04:00,3.0399999618530273,3.0999999046325684,2.9800000190734863,3.0,18300,0.0,0.0
2012-07-10 00:00:00-04:00,3.069999933242798,3.130000114440918,2.950000047683716,3.0899999141693115,15700,0.0,0.0
2012-07-11 00:00:00-04:00,3.0399999618530273,3.0799999237060547,2.9800000190734863,3.0799999237060547,10200,0.0,0.0
2012-07-12 00:00:00-04:00,3.119999885559082,3.119999885559082,3.0,3.059999942779541,4100,0.0,0.0
2012-07-13 00:00:00-04:00,3.0299999713897705,3.059999942779541,3.009999990463257,3.0399999618530273,3300,0.0,0.0
2012-07-16 00:00:00-04:00,3.009999990463257,3.059999942779541,3.0,3.059999942779541,5800,0.0,0.0
2012-07-17 00:00:00-04:00,3.0299999713897705,3.059999942779541,3.0,3.0,5100,0.0,0.0
2012-07-18 00:00:00-04:00,3.0,3.0999999046325684,3.0,3.0999999046325684,3900,0.0,0.0
2012-07-19 00:00:00-04:00,3.049999952316284,3.0999999046325684,2.990000009536743,3.0999999046325684,2400,0.0,0.0
2012-07-20 00:00:00-04:00,3.0899999141693115,3.0899999141693115,2.9700000286102295,2.9800000190734863,23600,0.0,0.0
2012-07-23 00:00:00-04:00,2.990000009536743,2.990000009536743,2.9000000953674316,2.990000009536743,18200,0.0,0.0
2012-07-24 00:00:00-04:00,2.950000047683716,2.950000047683716,2.869999885559082,2.9000000953674316,4000,0.0,0.0
2012-07-25 00:00:00-04:00,2.869999885559082,2.9000000953674316,2.859999895095825,2.9000000953674316,7200,0.0,0.0
2012-07-26 00:00:00-04:00,2.890000104904175,2.9000000953674316,2.8299999237060547,2.9000000953674316,6000,0.0,0.0
2012-07-27 00:00:00-04:00,2.9100000858306885,3.0,2.9000000953674316,2.9800000190734863,17100,0.0,0.0
2012-07-30 00:00:00-04:00,2.9600000381469727,3.0,2.950000047683716,2.9700000286102295,14600,0.0,0.0
2012-07-31 00:00:00-04:00,2.990000009536743,2.990000009536743,2.950000047683716,2.9700000286102295,16200,0.0,0.0
2012-08-01 00:00:00-04:00,2.990000009536743,2.990000009536743,2.799999952316284,2.9200000762939453,22000,0.0,0.0
2012-08-02 00:00:00-04:00,2.9000000953674316,2.9800000190734863,2.9000000953674316,2.9600000381469727,16400,0.0,0.0
2012-08-03 00:00:00-04:00,2.9200000762939453,2.9700000286102295,2.8399999141693115,2.950000047683716,16800,0.0,0.0
2012-08-06 00:00:00-04:00,2.990000009536743,2.990000009536743,2.869999885559082,2.890000104904175,18300,0.0,0.0
2012-08-07 00:00:00-04:00,2.9200000762939453,2.9700000286102295,2.8499999046325684,2.9700000286102295,9600,0.0,0.0
2012-08-08 00:00:00-04:00,2.950000047683716,2.950000047683716,2.869999885559082,2.930000066757202,19500,0.0,0.0
2012-08-09 00:00:00-04:00,2.9000000953674316,2.9200000762939453,2.9000000953674316,2.9000000953674316,8400,0.0,0.0
2012-08-10 00:00:00-04:00,2.930000066757202,3.0199999809265137,2.9100000858306885,3.0199999809265137,45900,0.0,0.0
2012-08-13 00:00:00-04:00,2.9800000190734863,3.0199999809265137,2.950000047683716,3.0,49000,0.0,0.0
2012-08-14 00:00:00-04:00,2.9200000762939453,2.950000047683716,2.859999895095825,2.869999885559082,29800,0.0,0.0
2012-08-15 00:00:00-04:00,2.890000104904175,2.9700000286102295,2.880000114440918,2.950000047683716,10000,0.0,0.0
2012-08-16 00:00:00-04:00,2.9800000190734863,3.0,2.950000047683716,3.0,7100,0.0,0.0
2012-08-17 00:00:00-04:00,2.9800000190734863,3.0,2.869999885559082,2.9000000953674316,12300,0.0,0.0
2012-08-20 00:00:00-04:00,2.9200000762939453,3.0,2.9200000762939453,2.9700000286102295,16700,0.0,0.0
2012-08-21 00:00:00-04:00,2.9700000286102295,2.9700000286102295,2.8499999046325684,2.9600000381469727,20100,0.0,0.0
2012-08-22 00:00:00-04:00,2.9000000953674316,2.9700000286102295,2.859999895095825,2.9600000381469727,10800,0.0,0.0
2012-08-23 00:00:00-04:00,2.9200000762939453,2.9700000286102295,2.869999885559082,2.9700000286102295,5300,0.0,0.0
2012-08-24 00:00:00-04:00,2.930000066757202,2.930000066757202,2.9200000762939453,2.930000066757202,2100,0.0,0.0
2012-08-27 00:00:00-04:00,2.950000047683716,2.950000047683716,2.8299999237060547,2.8499999046325684,28100,0.0,0.0
2012-08-28 00:00:00-04:00,2.8499999046325684,2.9600000381469727,2.8499999046325684,2.9100000858306885,82100,0.0,0.0
2012-08-29 00:00:00-04:00,2.9600000381469727,2.9700000286102295,2.9200000762939453,2.950000047683716,135800,0.0,0.0
2012-08-30 00:00:00-04:00,2.950000047683716,2.990000009536743,2.940000057220459,2.9800000190734863,172200,0.0,0.0
2012-08-31 00:00:00-04:00,2.9800000190734863,3.200000047683716,2.9700000286102295,3.1600000858306885,130500,0.0,0.0
2012-09-04 00:00:00-04:00,3.130000114440918,3.2699999809265137,3.0899999141693115,3.2699999809265137,65800,0.0,0.0
2012-09-05 00:00:00-04:00,3.180000066757202,3.2799999713897705,3.180000066757202,3.2200000286102295,15500,0.0,0.0
2012-09-06 00:00:00-04:00,3.200000047683716,3.2899999618530273,3.1500000953674316,3.259999990463257,58900,0.0,0.0
2012-09-07 00:00:00-04:00,3.25,3.3499999046325684,3.180000066757202,3.25,73000,0.0,0.0
2012-09-10 00:00:00-04:00,3.2200000286102295,3.259999990463257,3.200000047683716,3.240000009536743,12100,0.0,0.0
2012-09-11 00:00:00-04:00,3.2100000381469727,3.259999990463257,3.1700000762939453,3.25,21700,0.0,0.0
2012-09-12 00:00:00-04:00,3.2899999618530273,3.2899999618530273,3.0999999046325684,3.2100000381469727,52500,0.0,0.0
2012-09-13 00:00:00-04:00,3.2100000381469727,3.2100000381469727,3.1500000953674316,3.1500000953674316,17300,0.0,0.0
2012-09-14 00:00:00-04:00,3.200000047683716,3.299999952316284,3.200000047683716,3.2799999713897705,51500,0.0,0.0
2012-09-17 00:00:00-04:00,3.299999952316284,3.549999952316284,3.2699999809265137,3.549999952316284,116100,0.0,0.0
2012-09-18 00:00:00-04:00,3.569999933242798,3.950000047683716,3.549999952316284,3.880000114440918,179900,0.0,0.0
2012-09-19 00:00:00-04:00,3.880000114440918,4.440000057220459,3.799999952316284,4.340000152587891,266000,0.0,0.0
2012-09-20 00:00:00-04:00,4.389999866485596,4.420000076293945,3.819999933242798,4.039999961853027,351300,0.0,0.0
2012-09-21 00:00:00-04:00,4.130000114440918,4.300000190734863,4.099999904632568,4.159999847412109,115900,0.0,0.0
2012-09-24 00:00:00-04:00,4.21999979019165,4.300000190734863,4.159999847412109,4.269999980926514,55400,0.0,0.0
2012-09-25 00:00:00-04:00,4.329999923706055,4.329999923706055,4.0,4.019999980926514,52300,0.0,0.0
2012-09-26 00:00:00-04:00,4.070000171661377,4.329999923706055,3.8499999046325684,4.320000171661377,111300,0.0,0.0
2012-09-27 00:00:00-04:00,4.320000171661377,4.989999771118164,4.170000076293945,4.889999866485596,407000,0.0,0.0
2012-09-28 00:00:00-04:00,4.730000019073486,4.800000190734863,4.420000076293945,4.449999809265137,106500,0.0,0.0
2012-10-01 00:00:00-04:00,4.5,4.550000190734863,4.46999979019165,4.5,60800,0.0,0.0
2012-10-02 00:00:00-04:00,4.610000133514404,4.610000133514404,4.300000190734863,4.510000228881836,221000,0.0,0.0
2012-10-03 00:00:00-04:00,4.550000190734863,4.679999828338623,4.510000228881836,4.650000095367432,304100,0.0,0.0
2012-10-04 00:00:00-04:00,4.739999771118164,4.860000133514404,4.650000095367432,4.800000190734863,188100,0.0,0.0
2012-10-05 00:00:00-04:00,4.849999904632568,4.889999866485596,4.78000020980835,4.880000114440918,313500,0.0,0.0
2012-10-08 00:00:00-04:00,4.900000095367432,4.900000095367432,4.769999980926514,4.880000114440918,77400,0.0,0.0
2012-10-09 00:00:00-04:00,4.809999942779541,4.880000114440918,4.659999847412109,4.760000228881836,220700,0.0,0.0
2012-10-10 00:00:00-04:00,4.75,4.769999980926514,4.539999961853027,4.570000171661377,216700,0.0,0.0
2012-10-11 00:00:00-04:00,4.639999866485596,4.78000020980835,4.570000171661377,4.78000020980835,52400,0.0,0.0
2012-10-12 00:00:00-04:00,4.800000190734863,4.800000190734863,4.539999961853027,4.650000095367432,33700,0.0,0.0
2012-10-15 00:00:00-04:00,4.599999904632568,4.949999809265137,4.579999923706055,4.849999904632568,106800,0.0,0.0
2012-10-16 00:00:00-04:00,4.949999809265137,5.170000076293945,4.75,4.829999923706055,130800,0.0,0.0
2012-10-17 00:00:00-04:00,4.889999866485596,5.03000020980835,4.800000190734863,4.960000038146973,158000,0.0,0.0
2012-10-18 00:00:00-04:00,4.940000057220459,5.150000095367432,4.900000095367432,4.940000057220459,116300,0.0,0.0
2012-10-19 00:00:00-04:00,4.980000019073486,5.099999904632568,4.860000133514404,4.929999828338623,39600,0.0,0.0
2012-10-22 00:00:00-04:00,5.0,5.0,4.730000019073486,4.730000019073486,33800,0.0,0.0
2012-10-23 00:00:00-04:00,4.75,4.849999904632568,4.5,4.699999809265137,39100,0.0,0.0
2012-10-24 00:00:00-04:00,4.690000057220459,4.789999961853027,4.460000038146973,4.519999980926514,41200,0.0,0.0
2012-10-25 00:00:00-04:00,4.480000019073486,4.590000152587891,4.239999771118164,4.349999904632568,55600,0.0,0.0
2012-10-26 00:00:00-04:00,4.300000190734863,4.400000095367432,4.110000133514404,4.230000019073486,65700,0.0,0.0
2012-10-31 00:00:00-04:00,4.230000019073486,4.289999961853027,4.119999885559082,4.170000076293945,22500,0.0,0.0
2012-11-01 00:00:00-04:00,4.090000152587891,4.300000190734863,4.090000152587891,4.300000190734863,61100,0.0,0.0
2012-11-02 00:00:00-04:00,4.210000038146973,4.230000019073486,4.03000020980835,4.099999904632568,41000,0.0,0.0
2012-11-05 00:00:00-05:00,4.019999980926514,4.090000152587891,3.880000114440918,3.9200000762939453,79100,0.0,0.0
2012-11-06 00:00:00-05:00,3.9100000858306885,4.159999847412109,3.7699999809265137,4.110000133514404,57300,0.0,0.0
2012-11-07 00:00:00-05:00,3.9600000381469727,4.03000020980835,3.9200000762939453,4.0,52600,0.0,0.0
2012-11-08 00:00:00-05:00,3.990000009536743,4.099999904632568,3.9600000381469727,4.0,26100,0.0,0.0
2012-11-09 00:00:00-05:00,4.0,4.03000020980835,3.9700000286102295,3.9800000190734863,17200,0.0,0.0
2012-11-12 00:00:00-05:00,4.0,4.010000228881836,3.9000000953674316,3.950000047683716,24100,0.0,0.0
2012-11-13 00:00:00-05:00,3.940000057220459,3.950000047683716,3.9100000858306885,3.9100000858306885,12800,0.0,0.0
2012-11-14 00:00:00-05:00,3.9100000858306885,3.990000009536743,3.9100000858306885,3.9200000762939453,18000,0.0,0.0
2012-11-15 00:00:00-05:00,3.9000000953674316,3.990000009536743,3.9000000953674316,3.9100000858306885,24800,0.0,0.0
2012-11-16 00:00:00-05:00,3.9000000953674316,4.099999904632568,3.9000000953674316,4.099999904632568,26100,0.0,0.0
2012-11-19 00:00:00-05:00,3.990000009536743,4.0,3.9100000858306885,4.0,26200,0.0,0.0
2012-11-20 00:00:00-05:00,3.940000057220459,3.9800000190734863,3.9100000858306885,3.9200000762939453,21600,0.0,0.0
2012-11-21 00:00:00-05:00,3.9000000953674316,3.9000000953674316,3.6600000858306885,3.680000066757202,67600,0.0,0.0
2012-11-23 00:00:00-05:00,3.6500000953674316,3.6500000953674316,3.509999990463257,3.569999933242798,38700,0.0,0.0
2012-11-26 00:00:00-05:00,3.609999895095825,3.609999895095825,3.4600000381469727,3.4800000190734863,63600,0.0,0.0
2012-11-27 00:00:00-05:00,3.4000000953674316,3.5,3.25,3.3499999046325684,66100,0.0,0.0
2012-11-28 00:00:00-05:00,3.299999952316284,3.6600000858306885,3.299999952316284,3.5,40200,0.0,0.0
2012-11-29 00:00:00-05:00,3.509999990463257,3.609999895095825,3.5,3.5899999141693115,16700,0.0,0.0
2012-11-30 00:00:00-05:00,3.549999952316284,3.619999885559082,3.549999952316284,3.619999885559082,9200,0.0,0.0
2012-12-03 00:00:00-05:00,3.5999999046325684,3.7200000286102295,3.5,3.640000104904175,39400,0.0,0.0
2012-12-04 00:00:00-05:00,3.6500000953674316,3.6600000858306885,3.5299999713897705,3.5999999046325684,21900,0.0,0.0
2012-12-05 00:00:00-05:00,3.549999952316284,3.5799999237060547,3.5,3.5,44100,0.0,0.0
2012-12-06 00:00:00-05:00,3.5,3.559999942779541,3.5,3.5299999713897705,29900,0.0,0.0
2012-12-07 00:00:00-05:00,3.490000009536743,3.559999942779541,3.490000009536743,3.5399999618530273,40500,0.0,0.0
2012-12-10 00:00:00-05:00,3.640000104904175,3.640000104904175,3.509999990463257,3.559999942779541,52800,0.0,0.0
2012-12-11 00:00:00-05:00,3.5399999618530273,3.609999895095825,3.5399999618530273,3.549999952316284,13200,0.0,0.0
2012-12-12 00:00:00-05:00,3.509999990463257,3.619999885559082,3.509999990463257,3.609999895095825,30100,0.0,0.0
2012-12-13 00:00:00-05:00,3.7100000381469727,3.7200000286102295,3.549999952316284,3.559999942779541,33300,0.0,0.0
2012-12-14 00:00:00-05:00,3.549999952316284,3.619999885559082,3.549999952316284,3.5999999046325684,11000,0.0,0.0
2012-12-17 00:00:00-05:00,3.6500000953674316,3.7300000190734863,3.549999952316284,3.6600000858306885,51700,0.0,0.0
2012-12-18 00:00:00-05:00,3.5899999141693115,3.700000047683716,3.5899999141693115,3.630000114440918,56200,0.0,0.0
2012-12-19 00:00:00-05:00,3.5899999141693115,3.6500000953674316,3.5899999141693115,3.609999895095825,34800,0.0,0.0
2012-12-20 00:00:00-05:00,3.6500000953674316,3.6500000953674316,3.5999999046325684,3.619999885559082,26100,0.0,0.0
2012-12-21 00:00:00-05:00,3.619999885559082,3.819999933242798,3.5999999046325684,3.819999933242798,65200,0.0,0.0
2012-12-24 00:00:00-05:00,3.8499999046325684,3.890000104904175,3.700000047683716,3.700000047683716,6800,0.0,0.0
2012-12-26 00:00:00-05:00,3.799999952316284,3.8499999046325684,3.700000047683716,3.7699999809265137,18300,0.0,0.0
2012-12-27 00:00:00-05:00,3.7200000286102295,3.759999990463257,3.549999952316284,3.619999885559082,98300,0.0,0.0
2012-12-28 00:00:00-05:00,3.559999942779541,3.740000009536743,3.559999942779541,3.700000047683716,34100,0.0,0.0
2012-12-31 00:00:00-05:00,3.690000057220459,3.7799999713897705,3.630000114440918,3.740000009536743,45700,0.0,0.0
2013-01-02 00:00:00-05:00,3.8399999141693115,3.890000104904175,3.700000047683716,3.869999885559082,22900,0.0,0.0
2013-01-03 00:00:00-05:00,3.880000114440918,3.890000104904175,3.7699999809265137,3.8499999046325684,60800,0.0,0.0
2013-01-04 00:00:00-05:00,3.8499999046325684,4.0,3.8499999046325684,3.950000047683716,61100,0.0,0.0
2013-01-07 00:00:00-05:00,3.9800000190734863,4.099999904632568,3.9100000858306885,4.039999961853027,25300,0.0,0.0
2013-01-08 00:00:00-05:00,4.03000020980835,4.090000152587891,3.9700000286102295,4.019999980926514,51600,0.0,0.0
2013-01-09 00:00:00-05:00,4.019999980926514,4.019999980926514,3.9700000286102295,4.010000228881836,20600,0.0,0.0
2013-01-10 00:00:00-05:00,4.039999961853027,4.090000152587891,3.9100000858306885,3.9600000381469727,24000,0.0,0.0
2013-01-11 00:00:00-05:00,4.039999961853027,4.039999961853027,3.890000104904175,3.950000047683716,34700,0.0,0.0
2013-01-14 00:00:00-05:00,3.950000047683716,3.950000047683716,3.6500000953674316,3.700000047683716,43500,0.0,0.0
2013-01-15 00:00:00-05:00,3.700000047683716,3.7300000190734863,3.700000047683716,3.7200000286102295,11800,0.0,0.0
2013-01-16 00:00:00-05:00,3.7300000190734863,3.740000009536743,3.609999895095825,3.6500000953674316,62400,0.0,0.0
2013-01-17 00:00:00-05:00,3.619999885559082,3.619999885559082,3.559999942779541,3.5899999141693115,42700,0.0,0.0
2013-01-18 00:00:00-05:00,3.619999885559082,3.950000047683716,3.549999952316284,3.680000066757202,82900,0.0,0.0
2013-01-22 00:00:00-05:00,3.700000047683716,3.7799999713897705,3.640000104904175,3.690000057220459,127800,0.0,0.0
2013-01-23 00:00:00-05:00,3.5999999046325684,3.7200000286102295,3.5999999046325684,3.6500000953674316,52300,0.0,0.0
2013-01-24 00:00:00-05:00,3.690000057220459,3.7100000381469727,3.509999990463257,3.5399999618530273,54200,0.0,0.0
2013-01-25 00:00:00-05:00,3.549999952316284,3.5999999046325684,3.450000047683716,3.549999952316284,167700,0.0,0.0
2013-01-28 00:00:00-05:00,3.5799999237060547,3.700000047683716,3.5,3.509999990463257,39800,0.0,0.0
2013-01-29 00:00:00-05:00,3.509999990463257,3.6600000858306885,3.369999885559082,3.440000057220459,40200,0.0,0.0
2013-01-30 00:00:00-05:00,3.4700000286102295,3.4700000286102295,3.2699999809265137,3.2899999618530273,29500,0.0,0.0
2013-01-31 00:00:00-05:00,3.319999933242798,3.3499999046325684,3.200000047683716,3.3499999046325684,48800,0.0,0.0
2013-02-01 00:00:00-05:00,3.3299999237060547,3.3299999237060547,3.1500000953674316,3.2799999713897705,58600,0.0,0.0
2013-02-04 00:00:00-05:00,3.2200000286102295,3.259999990463257,3.1500000953674316,3.1500000953674316,52800,0.0,0.0
2013-02-05 00:00:00-05:00,3.119999885559082,3.200000047683716,3.119999885559082,3.1700000762939453,44400,0.0,0.0
2013-02-06 00:00:00-05:00,3.1500000953674316,3.1700000762939453,3.009999990463257,3.049999952316284,28700,0.0,0.0
2013-02-07 00:00:00-05:00,3.049999952316284,3.130000114440918,3.049999952316284,3.069999933242798,30600,0.0,0.0
2013-02-08 00:00:00-05:00,3.059999942779541,3.119999885559082,3.0,3.0199999809265137,88700,0.0,0.0
2013-02-11 00:00:00-05:00,3.0299999713897705,3.0899999141693115,2.930000066757202,3.009999990463257,81800,0.0,0.0
2013-02-12 00:00:00-05:00,2.9700000286102295,3.059999942779541,2.9700000286102295,3.0399999618530273,28100,0.0,0.0
2013-02-13 00:00:00-05:00,3.0399999618530273,3.059999942779541,3.0,3.0199999809265137,42000,0.0,0.0
2013-02-14 00:00:00-05:00,3.049999952316284,3.130000114440918,2.990000009536743,3.069999933242798,34600,0.0,0.0
2013-02-15 00:00:00-05:00,3.0799999237060547,3.0799999237060547,3.0,3.0299999713897705,33900,0.0,0.0
2013-02-19 00:00:00-05:00,3.0,3.0299999713897705,2.950000047683716,2.990000009536743,61400,0.0,0.0
2013-02-20 00:00:00-05:00,2.990000009536743,3.3299999237060547,2.9600000381469727,3.2899999618530273,65600,0.0,0.0
2013-02-21 00:00:00-05:00,3.259999990463257,3.2799999713897705,3.119999885559082,3.1500000953674316,4600,0.0,0.0
2013-02-22 00:00:00-05:00,3.0299999713897705,3.109999895095825,3.0299999713897705,3.0999999046325684,22900,0.0,0.0
2013-02-25 00:00:00-05:00,3.180000066757202,3.180000066757202,3.0199999809265137,3.0799999237060547,15300,0.0,0.0
2013-02-26 00:00:00-05:00,3.1600000858306885,3.200000047683716,3.049999952316284,3.0899999141693115,14200,0.0,0.0
2013-02-27 00:00:00-05:00,3.1500000953674316,3.5999999046325684,3.140000104904175,3.4200000762939453,93600,0.0,0.0
2013-02-28 00:00:00-05:00,3.440000057220459,3.509999990463257,3.259999990463257,3.2799999713897705,55600,0.0,0.0
2013-03-01 00:00:00-05:00,3.200000047683716,3.309999942779541,3.0999999046325684,3.0999999046325684,62100,0.0,0.0
2013-03-04 00:00:00-05:00,3.140000104904175,3.140000104904175,3.0,3.009999990463257,20600,0.0,0.0
2013-03-05 00:00:00-05:00,3.009999990463257,3.069999933242798,3.009999990463257,3.049999952316284,8200,0.0,0.0
2013-03-06 00:00:00-05:00,3.0799999237060547,3.0799999237060547,3.0299999713897705,3.049999952316284,13500,0.0,0.0
2013-03-07 00:00:00-05:00,3.0899999141693115,3.2300000190734863,3.059999942779541,3.1700000762939453,36100,0.0,0.0
2013-03-08 00:00:00-05:00,3.200000047683716,3.3299999237060547,3.140000104904175,3.25,33200,0.0,0.0
2013-03-11 00:00:00-04:00,3.2799999713897705,3.2899999618530273,3.200000047683716,3.2200000286102295,9500,0.0,0.0
2013-03-12 00:00:00-04:00,3.140000104904175,3.380000114440918,3.140000104904175,3.140000104904175,15300,0.0,0.0
2013-03-13 00:00:00-04:00,3.299999952316284,3.299999952316284,3.1500000953674316,3.1500000953674316,15100,0.0,0.0
2013-03-14 00:00:00-04:00,3.1600000858306885,3.240000009536743,3.140000104904175,3.2200000286102295,23800,0.0,0.0
2013-03-15 00:00:00-04:00,3.25,3.3499999046325684,3.200000047683716,3.3499999046325684,20100,0.0,0.0
2013-03-18 00:00:00-04:00,3.369999885559082,3.5399999618530273,3.3499999046325684,3.5199999809265137,33700,0.0,0.0
2013-03-19 00:00:00-04:00,3.5199999809265137,3.5399999618530273,3.4000000953674316,3.490000009536743,51900,0.0,0.0
2013-03-20 00:00:00-04:00,3.4600000381469727,3.859999895095825,3.440000057220459,3.7100000381469727,41300,0.0,0.0
2013-03-21 00:00:00-04:00,3.740000009536743,3.819999933242798,3.6500000953674316,3.7300000190734863,28900,0.0,0.0
2013-03-22 00:00:00-04:00,3.700000047683716,3.799999952316284,3.559999942779541,3.5999999046325684,35400,0.0,0.0
2013-03-25 00:00:00-04:00,3.5999999046325684,3.619999885559082,3.319999933242798,3.549999952316284,38000,0.0,0.0
2013-03-26 00:00:00-04:00,3.5199999809265137,3.799999952316284,3.490000009536743,3.6700000762939453,127400,0.0,0.0
2013-03-27 00:00:00-04:00,3.6500000953674316,3.7300000190734863,3.490000009536743,3.700000047683716,73500,0.0,0.0
2013-03-28 00:00:00-04:00,3.5799999237060547,3.7300000190734863,3.549999952316284,3.680000066757202,17500,0.0,0.0
2013-04-01 00:00:00-04:00,3.630000114440918,4.909999847412109,3.630000114440918,4.300000190734863,1274300,0.0,0.0
2013-04-02 00:00:00-04:00,4.480000019073486,4.480000019073486,3.8399999141693115,4.079999923706055,531400,0.0,0.0
2013-04-03 00:00:00-04:00,4.079999923706055,4.130000114440918,3.809999942779541,3.950000047683716,280600,0.0,0.0
2013-04-04 00:00:00-04:00,4.079999923706055,4.329999923706055,4.0,4.099999904632568,178500,0.0,0.0
2013-04-05 00:00:00-04:00,4.099999904632568,4.159999847412109,3.859999895095825,4.059999942779541,181200,0.0,0.0
2013-04-08 00:00:00-04:00,4.099999904632568,4.099999904632568,3.9800000190734863,4.039999961853027,124500,0.0,0.0
2013-04-09 00:00:00-04:00,4.190000057220459,4.190000057220459,4.010000228881836,4.059999942779541,100600,0.0,0.0
2013-04-10 00:00:00-04:00,4.159999847412109,4.159999847412109,3.9600000381469727,4.03000020980835,135100,0.0,0.0
2013-04-11 00:00:00-04:00,4.050000190734863,4.420000076293945,4.03000020980835,4.400000095367432,380800,0.0,0.0
2013-04-12 00:00:00-04:00,4.420000076293945,4.420000076293945,4.239999771118164,4.320000171661377,301300,0.0,0.0
2013-04-15 00:00:00-04:00,4.349999904632568,4.389999866485596,4.050000190734863,4.190000057220459,140400,0.0,0.0
2013-04-16 00:00:00-04:00,4.170000076293945,4.25,4.099999904632568,4.099999904632568,51100,0.0,0.0
2013-04-17 00:00:00-04:00,4.070000171661377,4.159999847412109,4.039999961853027,4.050000190734863,72100,0.0,0.0
2013-04-18 00:00:00-04:00,4.050000190734863,4.159999847412109,4.050000190734863,4.099999904632568,249200,0.0,0.0
2013-04-19 00:00:00-04:00,4.190000057220459,4.199999809265137,4.070000171661377,4.199999809265137,57500,0.0,0.0
2013-04-22 00:00:00-04:00,4.25,4.320000171661377,4.139999866485596,4.179999828338623,38800,0.0,0.0
2013-04-23 00:00:00-04:00,4.150000095367432,4.389999866485596,4.150000095367432,4.269999980926514,178100,0.0,0.0
2013-04-24 00:00:00-04:00,4.199999809265137,4.269999980926514,4.159999847412109,4.179999828338623,55900,0.0,0.0
2013-04-25 00:00:00-04:00,4.179999828338623,4.25,4.159999847412109,4.230000019073486,45700,0.0,0.0
2013-04-26 00:00:00-04:00,4.199999809265137,4.239999771118164,4.159999847412109,4.199999809265137,42300,0.0,0.0
2013-04-29 00:00:00-04:00,4.179999828338623,4.21999979019165,4.170000076293945,4.199999809265137,18500,0.0,0.0
2013-04-30 00:00:00-04:00,4.199999809265137,4.199999809265137,4.099999904632568,4.150000095367432,39400,0.0,0.0
2013-05-01 00:00:00-04:00,4.139999866485596,4.170000076293945,3.9200000762939453,3.9700000286102295,130300,0.0,0.0
2013-05-02 00:00:00-04:00,3.940000057220459,4.159999847412109,3.799999952316284,4.059999942779541,75200,0.0,0.0
2013-05-03 00:00:00-04:00,4.039999961853027,4.179999828338623,4.039999961853027,4.070000171661377,45600,0.0,0.0
2013-05-06 00:00:00-04:00,4.099999904632568,4.190000057220459,4.050000190734863,4.150000095367432,107300,0.0,0.0
2013-05-07 00:00:00-04:00,4.159999847412109,4.349999904632568,4.119999885559082,4.170000076293945,151600,0.0,0.0
2013-05-08 00:00:00-04:00,4.239999771118164,4.239999771118164,4.130000114440918,4.190000057220459,60100,0.0,0.0
2013-05-09 00:00:00-04:00,4.239999771118164,4.400000095367432,4.159999847412109,4.400000095367432,182100,0.0,0.0
2013-05-10 00:00:00-04:00,4.369999885559082,4.369999885559082,3.369999885559082,3.7699999809265137,745500,0.0,0.0
2013-05-13 00:00:00-04:00,3.75,3.75,3.3299999237060547,3.490000009536743,285100,0.0,0.0
2013-05-14 00:00:00-04:00,3.5199999809265137,3.619999885559082,3.3399999141693115,3.569999933242798,152800,0.0,0.0
2013-05-15 00:00:00-04:00,3.5999999046325684,3.8499999046325684,3.5999999046325684,3.7699999809265137,154300,0.0,0.0
2013-05-16 00:00:00-04:00,3.75,3.75,3.490000009536743,3.509999990463257,62200,0.0,0.0
2013-05-17 00:00:00-04:00,3.4800000190734863,3.6700000762939453,3.4700000286102295,3.6500000953674316,65100,0.0,0.0
2013-05-20 00:00:00-04:00,3.619999885559082,3.740000009536743,3.430000066757202,3.430000066757202,92000,0.0,0.0
2013-05-21 00:00:00-04:00,3.490000009536743,3.630000114440918,3.4000000953674316,3.5399999618530273,69300,0.0,0.0
2013-05-22 00:00:00-04:00,3.5399999618530273,3.5899999141693115,3.390000104904175,3.390000104904175,127400,0.0,0.0
2013-05-23 00:00:00-04:00,3.390000104904175,3.4700000286102295,3.309999942779541,3.4200000762939453,91200,0.0,0.0
2013-05-24 00:00:00-04:00,3.390000104904175,3.4700000286102295,3.319999933242798,3.4000000953674316,61300,0.0,0.0
2013-05-28 00:00:00-04:00,3.4100000858306885,3.559999942779541,3.4000000953674316,3.549999952316284,53200,0.0,0.0
2013-05-29 00:00:00-04:00,3.549999952316284,3.7200000286102295,3.5299999713897705,3.7200000286102295,91400,0.0,0.0
2013-05-30 00:00:00-04:00,3.680000066757202,3.740000009536743,3.6500000953674316,3.680000066757202,20200,0.0,0.0
2013-05-31 00:00:00-04:00,3.700000047683716,3.7200000286102295,3.630000114440918,3.6700000762939453,40300,0.0,0.0
2013-06-03 00:00:00-04:00,3.690000057220459,3.809999942779541,3.6700000762939453,3.7799999713897705,83000,0.0,0.0
2013-06-04 00:00:00-04:00,3.7799999713897705,3.799999952316284,3.7300000190734863,3.759999990463257,13600,0.0,0.0
2013-06-05 00:00:00-04:00,3.7200000286102295,3.799999952316284,3.7100000381469727,3.7899999618530273,37600,0.0,0.0
2013-06-06 00:00:00-04:00,3.75,3.8299999237060547,3.75,3.8299999237060547,38700,0.0,0.0
2013-06-07 00:00:00-04:00,3.809999942779541,3.8499999046325684,3.759999990463257,3.799999952316284,14400,0.0,0.0
2013-06-10 00:00:00-04:00,3.8399999141693115,4.010000228881836,3.809999942779541,4.010000228881836,40100,0.0,0.0
2013-06-11 00:00:00-04:00,4.0,4.0,3.950000047683716,3.990000009536743,25700,0.0,0.0
2013-06-12 00:00:00-04:00,3.9800000190734863,4.03000020980835,3.950000047683716,4.019999980926514,13800,0.0,0.0
2013-06-13 00:00:00-04:00,4.019999980926514,4.099999904632568,3.930000066757202,4.070000171661377,31800,0.0,0.0
2013-06-14 00:00:00-04:00,4.050000190734863,4.090000152587891,3.950000047683716,4.059999942779541,29800,0.0,0.0
2013-06-17 00:00:00-04:00,4.050000190734863,4.059999942779541,3.990000009536743,4.039999961853027,38100,0.0,0.0
2013-06-18 00:00:00-04:00,3.990000009536743,4.070000171661377,3.9600000381469727,4.039999961853027,33700,0.0,0.0
2013-06-19 00:00:00-04:00,4.079999923706055,4.300000190734863,4.079999923706055,4.139999866485596,286000,0.0,0.0
2013-06-20 00:00:00-04:00,4.110000133514404,4.170000076293945,3.9800000190734863,4.010000228881836,134200,0.0,0.0
2013-06-21 00:00:00-04:00,4.139999866485596,4.139999866485596,3.9100000858306885,4.03000020980835,101700,0.0,0.0
2013-06-24 00:00:00-04:00,4.03000020980835,4.099999904632568,3.9600000381469727,4.059999942779541,96600,0.0,0.0
2013-06-25 00:00:00-04:00,4.039999961853027,4.099999904632568,3.9600000381469727,4.019999980926514,26800,0.0,0.0
2013-06-26 00:00:00-04:00,4.039999961853027,4.079999923706055,3.9600000381469727,3.9800000190734863,40700,0.0,0.0
2013-06-27 00:00:00-04:00,3.9600000381469727,4.019999980926514,3.75,3.8499999046325684,86200,0.0,0.0
2013-06-28 00:00:00-04:00,3.809999942779541,4.039999961853027,3.799999952316284,3.9800000190734863,28200,0.0,0.0
2013-07-01 00:00:00-04:00,3.9700000286102295,4.059999942779541,3.8499999046325684,3.880000114440918,20000,0.0,0.0
2013-07-02 00:00:00-04:00,3.9000000953674316,3.950000047683716,3.75,3.950000047683716,60100,0.0,0.0
2013-07-03 00:00:00-04:00,3.950000047683716,3.950000047683716,3.8499999046325684,3.9200000762939453,22200,0.0,0.0
2013-07-05 00:00:00-04:00,3.950000047683716,4.0,3.950000047683716,4.0,8300,0.0,0.0
2013-07-08 00:00:00-04:00,4.0,4.03000020980835,3.930000066757202,3.9700000286102295,21800,0.0,0.0
2013-07-09 00:00:00-04:00,3.9100000858306885,3.930000066757202,3.8299999237060547,3.890000104904175,16200,0.0,0.0
2013-07-10 00:00:00-04:00,3.9000000953674316,3.9200000762939453,3.880000114440918,3.9000000953674316,17200,0.0,0.0
2013-07-11 00:00:00-04:00,3.9200000762939453,3.950000047683716,3.890000104904175,3.940000057220459,20600,0.0,0.0
2013-07-12 00:00:00-04:00,3.9100000858306885,3.950000047683716,3.9000000953674316,3.940000057220459,11900,0.0,0.0
2013-07-15 00:00:00-04:00,4.019999980926514,4.150000095367432,4.0,4.03000020980835,68700,0.0,0.0
2013-07-16 00:00:00-04:00,4.059999942779541,4.199999809265137,3.9800000190734863,4.199999809265137,99700,0.0,0.0
2013-07-17 00:00:00-04:00,4.179999828338623,4.230000019073486,4.0,4.070000171661377,44500,0.0,0.0
2013-07-18 00:00:00-04:00,4.039999961853027,4.090000152587891,4.019999980926514,4.079999923706055,11600,0.0,0.0
2013-07-19 00:00:00-04:00,4.079999923706055,4.170000076293945,4.079999923706055,4.079999923706055,11800,0.0,0.0
2013-07-22 00:00:00-04:00,4.059999942779541,4.119999885559082,3.9600000381469727,4.059999942779541,38100,0.0,0.0
2013-07-23 00:00:00-04:00,4.050000190734863,4.079999923706055,4.0,4.070000171661377,11000,0.0,0.0
2013-07-24 00:00:00-04:00,4.050000190734863,4.139999866485596,4.0,4.139999866485596,7400,0.0,0.0
2013-07-25 00:00:00-04:00,4.090000152587891,4.130000114440918,4.0,4.130000114440918,13600,0.0,0.0
2013-07-26 00:00:00-04:00,4.079999923706055,4.139999866485596,4.039999961853027,4.119999885559082,7100,0.0,0.0
2013-07-29 00:00:00-04:00,4.139999866485596,4.199999809265137,4.03000020980835,4.119999885559082,27400,0.0,0.0
2013-07-30 00:00:00-04:00,4.179999828338623,4.179999828338623,3.9800000190734863,4.079999923706055,15200,0.0,0.0
2013-07-31 00:00:00-04:00,4.059999942779541,4.099999904632568,4.0,4.079999923706055,12300,0.0,0.0
2013-08-01 00:00:00-04:00,4.059999942779541,4.079999923706055,3.9800000190734863,3.990000009536743,29900,0.0,0.0
2013-08-02 00:00:00-04:00,3.990000009536743,4.03000020980835,3.9600000381469727,4.0,12000,0.0,0.0
2013-08-05 00:00:00-04:00,3.990000009536743,4.010000228881836,3.8499999046325684,3.950000047683716,58600,0.0,0.0
2013-08-06 00:00:00-04:00,3.9000000953674316,3.9700000286102295,3.880000114440918,3.9100000858306885,45500,0.0,0.0
2013-08-07 00:00:00-04:00,3.869999885559082,4.0,3.869999885559082,3.950000047683716,44800,0.0,0.0
2013-08-08 00:00:00-04:00,3.9800000190734863,4.150000095367432,3.950000047683716,4.119999885559082,40700,0.0,0.0
2013-08-09 00:00:00-04:00,4.179999828338623,5.150000095367432,4.179999828338623,4.619999885559082,900300,0.0,0.0
2013-08-12 00:00:00-04:00,4.650000095367432,4.690000057220459,4.409999847412109,4.510000228881836,208900,0.0,0.0
2013-08-13 00:00:00-04:00,4.599999904632568,4.599999904632568,4.300000190734863,4.349999904632568,126800,0.0,0.0
2013-08-14 00:00:00-04:00,4.309999942779541,4.389999866485596,4.150000095367432,4.260000228881836,74700,0.0,0.0
2013-08-15 00:00:00-04:00,4.260000228881836,4.590000152587891,4.199999809265137,4.300000190734863,165300,0.0,0.0
2013-08-16 00:00:00-04:00,4.340000152587891,4.46999979019165,4.329999923706055,4.369999885559082,59500,0.0,0.0
2013-08-19 00:00:00-04:00,4.380000114440918,4.5,4.199999809265137,4.260000228881836,70200,0.0,0.0
2013-08-20 00:00:00-04:00,4.289999961853027,4.289999961853027,4.150000095367432,4.170000076293945,24400,0.0,0.0
2013-08-21 00:00:00-04:00,4.159999847412109,4.260000228881836,4.159999847412109,4.170000076293945,40800,0.0,0.0
2013-08-22 00:00:00-04:00,4.170000076293945,4.239999771118164,4.150000095367432,4.230000019073486,10500,0.0,0.0
2013-08-23 00:00:00-04:00,4.21999979019165,4.329999923706055,4.199999809265137,4.289999961853027,16200,0.0,0.0
2013-08-26 00:00:00-04:00,4.300000190734863,4.400000095367432,4.289999961853027,4.289999961853027,44400,0.0,0.0
2013-08-27 00:00:00-04:00,4.25,4.300000190734863,4.210000038146973,4.260000228881836,24800,0.0,0.0
2013-08-28 00:00:00-04:00,4.260000228881836,4.320000171661377,4.21999979019165,4.28000020980835,11000,0.0,0.0
2013-08-29 00:00:00-04:00,4.28000020980835,4.349999904632568,4.230000019073486,4.269999980926514,13600,0.0,0.0
2013-08-30 00:00:00-04:00,4.289999961853027,4.300000190734863,4.199999809265137,4.269999980926514,11500,0.0,0.0
2013-09-03 00:00:00-04:00,4.289999961853027,4.320000171661377,4.21999979019165,4.300000190734863,16400,0.0,0.0
2013-09-04 00:00:00-04:00,4.269999980926514,4.300000190734863,4.199999809265137,4.199999809265137,71600,0.0,0.0
2013-09-05 00:00:00-04:00,4.210000038146973,4.309999942779541,4.03000020980835,4.150000095367432,62500,0.0,0.0
2013-09-06 00:00:00-04:00,4.150000095367432,4.300000190734863,4.150000095367432,4.230000019073486,55700,0.0,0.0
2013-09-09 00:00:00-04:00,4.199999809265137,4.21999979019165,4.090000152587891,4.150000095367432,31000,0.0,0.0
2013-09-10 00:00:00-04:00,4.159999847412109,4.340000152587891,4.159999847412109,4.230000019073486,71000,0.0,0.0
2013-09-11 00:00:00-04:00,4.210000038146973,4.309999942779541,4.199999809265137,4.25,43500,0.0,0.0
2013-09-12 00:00:00-04:00,4.25,4.289999961853027,4.210000038146973,4.25,14100,0.0,0.0
2013-09-13 00:00:00-04:00,4.25,4.349999904632568,4.25,4.320000171661377,34200,0.0,0.0
2013-09-16 00:00:00-04:00,4.349999904632568,4.349999904632568,4.199999809265137,4.269999980926514,41500,0.0,0.0
2013-09-17 00:00:00-04:00,4.269999980926514,4.369999885559082,4.269999980926514,4.349999904632568,28000,0.0,0.0
2013-09-18 00:00:00-04:00,4.320000171661377,4.409999847412109,4.309999942779541,4.380000114440918,34300,0.0,0.0
2013-09-19 00:00:00-04:00,4.360000133514404,4.360000133514404,4.28000020980835,4.340000152587891,21200,0.0,0.0
2013-09-20 00:00:00-04:00,4.329999923706055,4.46999979019165,4.300000190734863,4.320000171661377,58600,0.0,0.0
2013-09-23 00:00:00-04:00,4.320000171661377,4.369999885559082,4.25,4.300000190734863,17300,0.0,0.0
2013-09-24 00:00:00-04:00,4.28000020980835,4.349999904632568,4.150000095367432,4.179999828338623,44200,0.0,0.0
2013-09-25 00:00:00-04:00,4.190000057220459,4.260000228881836,4.119999885559082,4.230000019073486,67500,0.0,0.0
2013-09-26 00:00:00-04:00,4.239999771118164,4.429999828338623,4.239999771118164,4.320000171661377,63200,0.0,0.0
2013-09-27 00:00:00-04:00,4.349999904632568,4.400000095367432,4.25,4.260000228881836,167900,0.0,0.0
2013-09-30 00:00:00-04:00,4.210000038146973,4.289999961853027,4.170000076293945,4.239999771118164,86900,0.0,0.0
2013-10-01 00:00:00-04:00,4.199999809265137,4.28000020980835,4.179999828338623,4.260000228881836,47600,0.0,0.0
2013-10-02 00:00:00-04:00,4.269999980926514,4.300000190734863,4.210000038146973,4.300000190734863,29300,0.0,0.0
2013-10-03 00:00:00-04:00,4.239999771118164,4.329999923706055,4.199999809265137,4.239999771118164,34800,0.0,0.0
2013-10-04 00:00:00-04:00,4.21999979019165,4.309999942779541,4.21999979019165,4.28000020980835,13700,0.0,0.0
2013-10-07 00:00:00-04:00,4.260000228881836,4.309999942779541,4.260000228881836,4.28000020980835,9700,0.0,0.0
2013-10-08 00:00:00-04:00,4.260000228881836,4.309999942779541,4.260000228881836,4.289999961853027,7100,0.0,0.0
2013-10-09 00:00:00-04:00,4.309999942779541,4.309999942779541,4.210000038146973,4.300000190734863,15900,0.0,0.0
2013-10-10 00:00:00-04:00,4.269999980926514,4.300000190734863,4.25,4.300000190734863,16000,0.0,0.0
2013-10-11 00:00:00-04:00,4.260000228881836,4.349999904632568,4.260000228881836,4.340000152587891,22100,0.0,0.0
2013-10-14 00:00:00-04:00,4.329999923706055,4.730000019073486,4.329999923706055,4.690000057220459,88800,0.0,0.0
2013-10-15 00:00:00-04:00,4.690000057220459,4.690000057220459,4.510000228881836,4.559999942779541,63000,0.0,0.0
2013-10-16 00:00:00-04:00,4.650000095367432,4.659999847412109,4.550000190734863,4.659999847412109,15100,0.0,0.0
2013-10-17 00:00:00-04:00,4.659999847412109,4.900000095367432,4.639999866485596,4.880000114440918,50800,0.0,0.0
2013-10-18 00:00:00-04:00,4.900000095367432,5.0,4.78000020980835,4.96999979019165,72100,0.0,0.0
2013-10-21 00:00:00-04:00,5.0,5.0,4.760000228881836,4.889999866485596,52500,0.0,0.0
2013-10-22 00:00:00-04:00,4.869999885559082,4.900000095367432,4.599999904632568,4.670000076293945,76100,0.0,0.0
2013-10-23 00:00:00-04:00,4.639999866485596,4.739999771118164,4.5,4.630000114440918,69000,0.0,0.0
2013-10-24 00:00:00-04:00,4.670000076293945,4.75,4.619999885559082,4.690000057220459,40500,0.0,0.0
2013-10-25 00:00:00-04:00,4.690000057220459,4.769999980926514,4.670000076293945,4.71999979019165,40700,0.0,0.0
2013-10-28 00:00:00-04:00,4.690000057220459,4.730000019073486,4.630000114440918,4.679999828338623,21200,0.0,0.0
2013-10-29 00:00:00-04:00,4.619999885559082,4.820000171661377,4.619999885559082,4.800000190734863,43500,0.0,0.0
2013-10-30 00:00:00-04:00,4.849999904632568,4.849999904632568,4.769999980926514,4.789999961853027,17000,0.0,0.0
2013-10-31 00:00:00-04:00,4.800000190734863,4.829999923706055,4.679999828338623,4.820000171661377,27700,0.0,0.0
2013-11-01 00:00:00-04:00,4.869999885559082,4.869999885559082,4.710000038146973,4.75,37000,0.0,0.0
2013-11-04 00:00:00-05:00,4.78000020980835,4.869999885559082,4.730000019073486,4.809999942779541,19300,0.0,0.0
2013-11-05 00:00:00-05:00,4.75,4.869999885559082,4.710000038146973,4.739999771118164,29100,0.0,0.0
2013-11-06 00:00:00-05:00,4.710000038146973,4.849999904632568,4.710000038146973,4.769999980926514,15400,0.0,0.0
2013-11-07 00:00:00-05:00,4.849999904632568,4.849999904632568,4.699999809265137,4.739999771118164,71900,0.0,0.0
2013-11-08 00:00:00-05:00,4.860000133514404,5.289999961853027,4.75,5.0,361700,0.0,0.0
2013-11-11 00:00:00-05:00,5.0,5.139999866485596,4.840000152587891,5.050000190734863,99800,0.0,0.0
2013-11-12 00:00:00-05:00,5.199999809265137,5.199999809265137,4.940000057220459,4.949999809265137,76600,0.0,0.0
2013-11-13 00:00:00-05:00,4.900000095367432,5.079999923706055,4.860000133514404,5.019999980926514,52900,0.0,0.0
2013-11-14 00:00:00-05:00,5.070000171661377,5.489999771118164,5.070000171661377,5.389999866485596,153600,0.0,0.0
2013-11-15 00:00:00-05:00,5.449999809265137,6.090000152587891,5.400000095367432,6.039999961853027,261400,0.0,0.0
2013-11-18 00:00:00-05:00,6.070000171661377,6.190000057220459,5.789999961853027,5.980000019073486,225800,0.0,0.0
2013-11-19 00:00:00-05:00,5.96999979019165,6.130000114440918,5.579999923706055,5.96999979019165,175300,0.0,0.0
2013-11-20 00:00:00-05:00,5.949999809265137,6.199999809265137,5.920000076293945,6.150000095367432,111400,0.0,0.0
2013-11-21 00:00:00-05:00,6.170000076293945,7.590000152587891,6.159999847412109,7.429999828338623,1137000,0.0,0.0
2013-11-22 00:00:00-05:00,7.289999961853027,7.639999866485596,6.349999904632568,6.840000152587891,994700,0.0,0.0
2013-11-25 00:00:00-05:00,6.820000171661377,7.0,6.559999942779541,6.730000019073486,141800,0.0,0.0
2013-11-26 00:00:00-05:00,6.71999979019165,7.460000038146973,6.639999866485596,6.880000114440918,457600,0.0,0.0
2013-11-27 00:00:00-05:00,6.949999809265137,7.119999885559082,6.71999979019165,6.789999961853027,149900,0.0,0.0
2013-11-29 00:00:00-05:00,6.800000190734863,6.860000133514404,6.599999904632568,6.679999828338623,62200,0.0,0.0
2013-12-02 00:00:00-05:00,6.699999809265137,6.800000190734863,6.5,6.690000057220459,117600,0.0,0.0
2013-12-03 00:00:00-05:00,6.599999904632568,6.769999980926514,6.53000020980835,6.71999979019165,77800,0.0,0.0
2013-12-04 00:00:00-05:00,6.710000038146973,7.130000114440918,6.710000038146973,7.070000171661377,111600,0.0,0.0
2013-12-05 00:00:00-05:00,7.099999904632568,7.139999866485596,6.860000133514404,7.019999980926514,52800,0.0,0.0
2013-12-06 00:00:00-05:00,7.150000095367432,7.150000095367432,6.909999847412109,6.960000038146973,53600,0.0,0.0
2013-12-09 00:00:00-05:00,7.0,7.010000228881836,6.75,6.75,77000,0.0,0.0
2013-12-10 00:00:00-05:00,6.769999980926514,6.980000019073486,6.75,6.800000190734863,81000,0.0,0.0
2013-12-11 00:00:00-05:00,6.800000190734863,6.800000190734863,6.269999980926514,6.289999961853027,123400,0.0,0.0
2013-12-12 00:00:00-05:00,6.230000019073486,6.300000190734863,5.949999809265137,6.0,222300,0.0,0.0
2013-12-13 00:00:00-05:00,5.960000038146973,6.059999942779541,5.519999980926514,5.630000114440918,364000,0.0,0.0
2013-12-16 00:00:00-05:00,5.630000114440918,5.940000057220459,5.630000114440918,5.920000076293945,215500,0.0,0.0
2013-12-17 00:00:00-05:00,5.889999866485596,5.949999809265137,5.690000057220459,5.800000190734863,116400,0.0,0.0
2013-12-18 00:00:00-05:00,5.829999923706055,5.829999923706055,5.5,5.679999828338623,141800,0.0,0.0
2013-12-19 00:00:00-05:00,5.570000171661377,5.75,5.570000171661377,5.619999885559082,75000,0.0,0.0
2013-12-20 00:00:00-05:00,5.650000095367432,5.869999885559082,5.559999942779541,5.829999923706055,188500,0.0,0.0
2013-12-23 00:00:00-05:00,5.710000038146973,5.860000133514404,5.420000076293945,5.489999771118164,188400,0.0,0.0
2013-12-24 00:00:00-05:00,5.53000020980835,5.639999866485596,5.46999979019165,5.559999942779541,83100,0.0,0.0
2013-12-26 00:00:00-05:00,5.550000190734863,5.659999847412109,5.5,5.539999961853027,62200,0.0,0.0
2013-12-27 00:00:00-05:00,5.5,5.639999866485596,5.5,5.570000171661377,56700,0.0,0.0
2013-12-30 00:00:00-05:00,5.53000020980835,5.610000133514404,5.510000228881836,5.570000171661377,82900,0.0,0.0
2013-12-31 00:00:00-05:00,5.579999923706055,5.800000190734863,5.579999923706055,5.78000020980835,124400,0.0,0.0
2014-01-02 00:00:00-05:00,5.840000152587891,6.670000076293945,5.789999961853027,6.519999980926514,365100,0.0,0.0
2014-01-03 00:00:00-05:00,6.460000038146973,6.789999961853027,6.210000038146973,6.289999961853027,186100,0.0,0.0
2014-01-06 00:00:00-05:00,6.150000095367432,6.25,6.0,6.03000020980835,105300,0.0,0.0
2014-01-07 00:00:00-05:00,6.03000020980835,6.25,6.03000020980835,6.159999847412109,78500,0.0,0.0
2014-01-08 00:00:00-05:00,6.130000114440918,6.440000057220459,6.130000114440918,6.349999904632568,85600,0.0,0.0
2014-01-09 00:00:00-05:00,6.360000133514404,6.53000020980835,6.110000133514404,6.159999847412109,132800,0.0,0.0
2014-01-10 00:00:00-05:00,6.170000076293945,6.409999847412109,6.159999847412109,6.400000095367432,52200,0.0,0.0
2014-01-13 00:00:00-05:00,6.400000095367432,7.400000095367432,6.300000190734863,7.210000038146973,956400,0.0,0.0
2014-01-14 00:00:00-05:00,7.119999885559082,7.349999904632568,6.519999980926514,6.599999904632568,499600,0.0,0.0
2014-01-15 00:00:00-05:00,6.639999866485596,6.690000057220459,6.380000114440918,6.400000095367432,190800,0.0,0.0
2014-01-16 00:00:00-05:00,6.420000076293945,6.5,6.329999923706055,6.460000038146973,102400,0.0,0.0
2014-01-17 00:00:00-05:00,6.420000076293945,6.559999942779541,6.300000190734863,6.360000133514404,86300,0.0,0.0
2014-01-21 00:00:00-05:00,6.409999847412109,6.829999923706055,6.289999961853027,6.489999771118164,104000,0.0,0.0
2014-01-22 00:00:00-05:00,6.460000038146973,6.699999809265137,6.420000076293945,6.630000114440918,62100,0.0,0.0
2014-01-23 00:00:00-05:00,6.679999828338623,6.800000190734863,6.5,6.670000076293945,131500,0.0,0.0
2014-01-24 00:00:00-05:00,6.630000114440918,6.639999866485596,6.159999847412109,6.239999771118164,103100,0.0,0.0
2014-01-27 00:00:00-05:00,6.329999923706055,7.179999828338623,6.0,6.880000114440918,711800,0.0,0.0
2014-01-28 00:00:00-05:00,6.949999809265137,6.949999809265137,6.630000114440918,6.760000228881836,164900,0.0,0.0
2014-01-29 00:00:00-05:00,6.769999980926514,6.900000095367432,6.670000076293945,6.840000152587891,84100,0.0,0.0
2014-01-30 00:00:00-05:00,6.929999828338623,6.989999771118164,6.730000019073486,6.789999961853027,55300,0.0,0.0
2014-01-31 00:00:00-05:00,6.840000152587891,7.119999885559082,6.75,6.980000019073486,132800,0.0,0.0
2014-02-03 00:00:00-05:00,7.050000190734863,7.349999904632568,6.78000020980835,6.940000057220459,162300,0.0,0.0
2014-02-04 00:00:00-05:00,7.010000228881836,7.059999942779541,6.820000171661377,6.980000019073486,81200,0.0,0.0
2014-02-05 00:00:00-05:00,6.980000019073486,7.059999942779541,6.550000190734863,6.71999979019165,102300,0.0,0.0
2014-02-06 00:00:00-05:00,6.699999809265137,7.010000228881836,6.590000152587891,6.710000038146973,55800,0.0,0.0
2014-02-07 00:00:00-05:00,6.78000020980835,6.809999942779541,6.630000114440918,6.760000228881836,44500,0.0,0.0
2014-02-10 00:00:00-05:00,6.71999979019165,6.789999961853027,6.519999980926514,6.619999885559082,54600,0.0,0.0
2014-02-11 00:00:00-05:00,6.760000228881836,7.170000076293945,6.599999904632568,6.949999809265137,297100,0.0,0.0
2014-02-12 00:00:00-05:00,6.989999771118164,7.599999904632568,6.989999771118164,7.21999979019165,438600,0.0,0.0
2014-02-13 00:00:00-05:00,7.300000190734863,7.360000133514404,6.889999866485596,7.230000019073486,237500,0.0,0.0
2014-02-14 00:00:00-05:00,7.269999980926514,7.349999904632568,6.829999923706055,6.960000038146973,211600,0.0,0.0
2014-02-18 00:00:00-05:00,7.159999847412109,7.159999847412109,6.760000228881836,6.760000228881836,351700,0.0,0.0
2014-02-19 00:00:00-05:00,6.809999942779541,6.989999771118164,6.650000095367432,6.679999828338623,73900,0.0,0.0
2014-02-20 00:00:00-05:00,6.699999809265137,6.889999866485596,6.599999904632568,6.650000095367432,84800,0.0,0.0
2014-02-21 00:00:00-05:00,6.710000038146973,6.739999771118164,6.5,6.519999980926514,91700,0.0,0.0
2014-02-24 00:00:00-05:00,6.619999885559082,6.670000076293945,6.5,6.53000020980835,50900,0.0,0.0
2014-02-25 00:00:00-05:00,6.599999904632568,6.650000095367432,6.159999847412109,6.360000133514404,155800,0.0,0.0
2014-02-26 00:00:00-05:00,6.360000133514404,6.420000076293945,5.940000057220459,5.989999771118164,247100,0.0,0.0
2014-02-27 00:00:00-05:00,6.0,6.159999847412109,5.880000114440918,6.010000228881836,188600,0.0,0.0
2014-02-28 00:00:00-05:00,6.0,6.130000114440918,5.900000095367432,6.010000228881836,108300,0.0,0.0
2014-03-03 00:00:00-05:00,5.96999979019165,6.179999828338623,5.960000038146973,6.130000114440918,61400,0.0,0.0
2014-03-04 00:00:00-05:00,6.179999828338623,6.179999828338623,6.0,6.059999942779541,50400,0.0,0.0
2014-03-05 00:00:00-05:00,6.03000020980835,6.170000076293945,6.019999980926514,6.130000114440918,34800,0.0,0.0
2014-03-06 00:00:00-05:00,6.139999866485596,6.170000076293945,6.070000171661377,6.139999866485596,32800,0.0,0.0
2014-03-07 00:00:00-05:00,6.090000152587891,6.190000057220459,6.050000190734863,6.090000152587891,58700,0.0,0.0
2014-03-10 00:00:00-04:00,6.039999961853027,6.110000133514404,5.909999847412109,6.019999980926514,68800,0.0,0.0
2014-03-11 00:00:00-04:00,6.019999980926514,6.190000057220459,5.929999828338623,5.949999809265137,36500,0.0,0.0
2014-03-12 00:00:00-04:00,5.909999847412109,6.110000133514404,5.849999904632568,5.989999771118164,42100,0.0,0.0
2014-03-13 00:00:00-04:00,6.050000190734863,6.199999809265137,6.0,6.179999828338623,107400,0.0,0.0
2014-03-14 00:00:00-04:00,6.199999809265137,6.340000152587891,5.75,5.760000228881836,221500,0.0,0.0
2014-03-17 00:00:00-04:00,5.75,5.800000190734863,5.630000114440918,5.75,150100,0.0,0.0
2014-03-18 00:00:00-04:00,5.670000076293945,5.949999809265137,5.639999866485596,5.849999904632568,74700,0.0,0.0
2014-03-19 00:00:00-04:00,5.800000190734863,5.809999942779541,5.650000095367432,5.769999980926514,64100,0.0,0.0
2014-03-20 00:00:00-04:00,5.75,5.880000114440918,5.699999809265137,5.760000228881836,66000,0.0,0.0
2014-03-21 00:00:00-04:00,5.71999979019165,5.96999979019165,5.699999809265137,5.869999885559082,88400,0.0,0.0
2014-03-24 00:00:00-04:00,5.889999866485596,5.909999847412109,5.650000095367432,5.730000019073486,56700,0.0,0.0
2014-03-25 00:00:00-04:00,5.75,5.800000190734863,5.610000133514404,5.659999847412109,32000,0.0,0.0
2014-03-26 00:00:00-04:00,5.619999885559082,5.840000152587891,5.619999885559082,5.630000114440918,54200,0.0,0.0
2014-03-27 00:00:00-04:00,5.639999866485596,5.659999847412109,5.420000076293945,5.5,51900,0.0,0.0
2014-03-28 00:00:00-04:00,5.5,5.519999980926514,5.170000076293945,5.28000020980835,89600,0.0,0.0
2014-03-31 00:00:00-04:00,5.28000020980835,5.409999847412109,5.179999828338623,5.190000057220459,88600,0.0,0.0
2014-04-01 00:00:00-04:00,5.21999979019165,5.71999979019165,5.150000095367432,5.639999866485596,68900,0.0,0.0
2014-04-02 00:00:00-04:00,5.699999809265137,5.960000038146973,5.599999904632568,5.630000114440918,78700,0.0,0.0
2014-04-03 00:00:00-04:00,5.570000171661377,5.989999771118164,5.570000171661377,5.71999979019165,42400,0.0,0.0
2014-04-04 00:00:00-04:00,5.699999809265137,5.699999809265137,5.320000171661377,5.460000038146973,83600,0.0,0.0
2014-04-07 00:00:00-04:00,5.480000019073486,5.550000190734863,5.210000038146973,5.230000019073486,73000,0.0,0.0
2014-04-08 00:00:00-04:00,5.230000019073486,5.340000152587891,5.050000190734863,5.099999904632568,131200,0.0,0.0
2014-04-09 00:00:00-04:00,5.139999866485596,5.170000076293945,5.039999961853027,5.099999904632568,59200,0.0,0.0
2014-04-10 00:00:00-04:00,5.070000171661377,5.139999866485596,5.050000190734863,5.099999904632568,185400,0.0,0.0
2014-04-11 00:00:00-04:00,5.050000190734863,5.139999866485596,5.050000190734863,5.059999942779541,32600,0.0,0.0
2014-04-14 00:00:00-04:00,5.110000133514404,5.110000133514404,4.949999809265137,4.949999809265137,59900,0.0,0.0
2014-04-15 00:00:00-04:00,4.949999809265137,4.980000019073486,4.349999904632568,4.5,255400,0.0,0.0
2014-04-16 00:00:00-04:00,4.5,4.949999809265137,4.460000038146973,4.639999866485596,57100,0.0,0.0
2014-04-17 00:00:00-04:00,4.670000076293945,4.699999809265137,4.550000190734863,4.599999904632568,62400,0.0,0.0
2014-04-21 00:00:00-04:00,4.619999885559082,4.869999885559082,4.619999885559082,4.760000228881836,25400,0.0,0.0
2014-04-22 00:00:00-04:00,4.730000019073486,5.25,4.679999828338623,4.900000095367432,125800,0.0,0.0
2014-04-23 00:00:00-04:00,4.880000114440918,5.239999771118164,4.659999847412109,4.690000057220459,120600,0.0,0.0
2014-04-24 00:00:00-04:00,4.71999979019165,4.920000076293945,4.5,4.539999961853027,143600,0.0,0.0
2014-04-25 00:00:00-04:00,4.510000228881836,4.510000228881836,4.400000095367432,4.420000076293945,137300,0.0,0.0
2014-04-28 00:00:00-04:00,4.400000095367432,4.449999809265137,4.28000020980835,4.309999942779541,110700,0.0,0.0
2014-04-29 00:00:00-04:00,4.369999885559082,4.599999904632568,4.369999885559082,4.539999961853027,46100,0.0,0.0
2014-04-30 00:00:00-04:00,4.71999979019165,4.71999979019165,4.489999771118164,4.550000190734863,19800,0.0,0.0
2014-05-01 00:00:00-04:00,4.559999942779541,4.820000171661377,4.559999942779541,4.78000020980835,26300,0.0,0.0
2014-05-02 00:00:00-04:00,4.809999942779541,4.809999942779541,4.630000114440918,4.71999979019165,17900,0.0,0.0
2014-05-05 00:00:00-04:00,4.699999809265137,4.800000190734863,4.679999828338623,4.760000228881836,53100,0.0,0.0
2014-05-06 00:00:00-04:00,4.730000019073486,4.880000114440918,4.639999866485596,4.860000133514404,51900,0.0,0.0
2014-05-07 00:00:00-04:00,4.900000095367432,5.210000038146973,4.78000020980835,4.869999885559082,126100,0.0,0.0
2014-05-08 00:00:00-04:00,4.900000095367432,5.059999942779541,4.900000095367432,4.980000019073486,48500,0.0,0.0
2014-05-09 00:00:00-04:00,5.050000190734863,5.349999904632568,4.869999885559082,5.179999828338623,105800,0.0,0.0
2014-05-12 00:00:00-04:00,5.199999809265137,5.260000228881836,5.0,5.190000057220459,81100,0.0,0.0
2014-05-13 00:00:00-04:00,5.239999771118164,5.420000076293945,5.119999885559082,5.269999980926514,63000,0.0,0.0
2014-05-14 00:00:00-04:00,5.380000114440918,5.400000095367432,5.150000095367432,5.150000095367432,50500,0.0,0.0
2014-05-15 00:00:00-04:00,5.179999828338623,5.369999885559082,5.179999828338623,5.300000190734863,104500,0.0,0.0
2014-05-16 00:00:00-04:00,5.269999980926514,5.46999979019165,5.239999771118164,5.440000057220459,44100,0.0,0.0
2014-05-19 00:00:00-04:00,5.440000057220459,5.800000190734863,5.389999866485596,5.639999866485596,131900,0.0,0.0
2014-05-20 00:00:00-04:00,5.659999847412109,5.789999961853027,5.610000133514404,5.690000057220459,51200,0.0,0.0
2014-05-21 00:00:00-04:00,5.730000019073486,5.760000228881836,5.449999809265137,5.460000038146973,67700,0.0,0.0
2014-05-22 00:00:00-04:00,5.420000076293945,5.650000095367432,5.420000076293945,5.550000190734863,52400,0.0,0.0
2014-05-23 00:00:00-04:00,5.579999923706055,5.670000076293945,5.579999923706055,5.590000152587891,20800,0.0,0.0
2014-05-27 00:00:00-04:00,5.630000114440918,6.0,5.53000020980835,6.0,112800,0.0,0.0
2014-05-28 00:00:00-04:00,6.0,6.099999904632568,5.869999885559082,5.989999771118164,75600,0.0,0.0
2014-05-29 00:00:00-04:00,5.980000019073486,6.079999923706055,5.869999885559082,5.960000038146973,28800,0.0,0.0
2014-05-30 00:00:00-04:00,6.0,6.0,5.849999904632568,5.900000095367432,38900,0.0,0.0
2014-06-02 00:00:00-04:00,5.880000114440918,6.090000152587891,5.659999847412109,5.690000057220459,85700,0.0,0.0
2014-06-03 00:00:00-04:00,5.699999809265137,5.880000114440918,5.449999809265137,5.46999979019165,88800,0.0,0.0
2014-06-04 00:00:00-04:00,5.409999847412109,5.510000228881836,5.289999961853027,5.389999866485596,53200,0.0,0.0
2014-06-05 00:00:00-04:00,5.460000038146973,5.760000228881836,5.460000038146973,5.710000038146973,35600,0.0,0.0
2014-06-06 00:00:00-04:00,5.71999979019165,5.760000228881836,5.559999942779541,5.690000057220459,8600,0.0,0.0
2014-06-09 00:00:00-04:00,5.619999885559082,5.909999847412109,5.619999885559082,5.739999771118164,27600,0.0,0.0
2014-06-10 00:00:00-04:00,5.679999828338623,5.800000190734863,5.610000133514404,5.619999885559082,23800,0.0,0.0
2014-06-11 00:00:00-04:00,5.619999885559082,5.710000038146973,5.599999904632568,5.639999866485596,18900,0.0,0.0
2014-06-12 00:00:00-04:00,5.639999866485596,5.699999809265137,5.599999904632568,5.670000076293945,30300,0.0,0.0
2014-06-13 00:00:00-04:00,5.699999809265137,6.239999771118164,5.659999847412109,6.139999866485596,116900,0.0,0.0
2014-06-16 00:00:00-04:00,6.150000095367432,6.150000095367432,5.809999942779541,5.909999847412109,110600,0.0,0.0
2014-06-17 00:00:00-04:00,5.949999809265137,6.090000152587891,5.880000114440918,5.900000095367432,95400,0.0,0.0
2014-06-18 00:00:00-04:00,5.960000038146973,6.090000152587891,5.909999847412109,6.010000228881836,37500,0.0,0.0
2014-06-19 00:00:00-04:00,5.760000228881836,5.760000228881836,5.349999904632568,5.440000057220459,409900,0.0,0.0
2014-06-20 00:00:00-04:00,5.25,5.75,5.150000095367432,5.630000114440918,230600,0.0,0.0
2014-06-23 00:00:00-04:00,5.570000171661377,5.889999866485596,5.559999942779541,5.639999866485596,36900,0.0,0.0
2014-06-24 00:00:00-04:00,5.639999866485596,5.659999847412109,5.460000038146973,5.570000171661377,85400,0.0,0.0
2014-06-25 00:00:00-04:00,5.550000190734863,5.739999771118164,5.460000038146973,5.639999866485596,46500,0.0,0.0
2014-06-26 00:00:00-04:00,5.650000095367432,5.900000095367432,5.630000114440918,5.880000114440918,33000,0.0,0.0
2014-06-27 00:00:00-04:00,5.880000114440918,6.059999942779541,5.849999904632568,6.059999942779541,47900,0.0,0.0
2014-06-30 00:00:00-04:00,6.019999980926514,6.090000152587891,5.900000095367432,6.059999942779541,41400,0.0,0.0
2014-07-01 00:00:00-04:00,6.050000190734863,6.090000152587891,5.929999828338623,6.019999980926514,56400,0.0,0.0
2014-07-02 00:00:00-04:00,5.989999771118164,5.989999771118164,5.900000095367432,5.920000076293945,33200,0.0,0.0
2014-07-03 00:00:00-04:00,5.989999771118164,6.059999942779541,5.809999942779541,5.860000133514404,36500,0.0,0.0
2014-07-07 00:00:00-04:00,5.829999923706055,5.849999904632568,5.570000171661377,5.730000019073486,45000,0.0,0.0
2014-07-08 00:00:00-04:00,5.679999828338623,5.679999828338623,5.519999980926514,5.610000133514404,38800,0.0,0.0
2014-07-09 00:00:00-04:00,5.610000133514404,5.789999961853027,5.610000133514404,5.659999847412109,19000,0.0,0.0
2014-07-10 00:00:00-04:00,5.659999847412109,5.670000076293945,5.539999961853027,5.610000133514404,15600,0.0,0.0
2014-07-11 00:00:00-04:00,5.610000133514404,5.690000057220459,5.590000152587891,5.650000095367432,10100,0.0,0.0
2014-07-14 00:00:00-04:00,5.670000076293945,5.78000020980835,5.659999847412109,5.760000228881836,38600,0.0,0.0
2014-07-15 00:00:00-04:00,5.769999980926514,5.769999980926514,5.679999828338623,5.730000019073486,19900,0.0,0.0
2014-07-16 00:00:00-04:00,5.75,5.849999904632568,5.71999979019165,5.820000171661377,36200,0.0,0.0
2014-07-17 00:00:00-04:00,5.809999942779541,5.96999979019165,5.670000076293945,5.690000057220459,68800,0.0,0.0
2014-07-18 00:00:00-04:00,5.739999771118164,5.769999980926514,5.510000228881836,5.519999980926514,55200,0.0,0.0
2014-07-21 00:00:00-04:00,5.5,5.679999828338623,5.5,5.579999923706055,41600,0.0,0.0
2014-07-22 00:00:00-04:00,5.610000133514404,5.75,5.539999961853027,5.630000114440918,24400,0.0,0.0
2014-07-23 00:00:00-04:00,5.599999904632568,5.619999885559082,5.380000114440918,5.389999866485596,33900,0.0,0.0
2014-07-24 00:00:00-04:00,5.369999885559082,5.480000019073486,5.269999980926514,5.400000095367432,33700,0.0,0.0
2014-07-25 00:00:00-04:00,5.389999866485596,5.449999809265137,5.300000190734863,5.400000095367432,30300,0.0,0.0
2014-07-28 00:00:00-04:00,5.440000057220459,5.460000038146973,5.269999980926514,5.380000114440918,24000,0.0,0.0
2014-07-29 00:00:00-04:00,5.400000095367432,5.460000038146973,5.210000038146973,5.230000019073486,41800,0.0,0.0
2014-07-30 00:00:00-04:00,5.199999809265137,5.440000057220459,5.150000095367432,5.300000190734863,54400,0.0,0.0
2014-07-31 00:00:00-04:00,5.25,5.369999885559082,5.099999904632568,5.190000057220459,29700,0.0,0.0
2014-08-01 00:00:00-04:00,5.170000076293945,5.300000190734863,5.110000133514404,5.21999979019165,18100,0.0,0.0
2014-08-04 00:00:00-04:00,5.269999980926514,5.340000152587891,5.099999904632568,5.179999828338623,22200,0.0,0.0
2014-08-05 00:00:00-04:00,5.159999847412109,5.309999942779541,4.920000076293945,4.980000019073486,50600,0.0,0.0
2014-08-06 00:00:00-04:00,4.920000076293945,4.929999828338623,4.599999904632568,4.690000057220459,121000,0.0,0.0
2014-08-07 00:00:00-04:00,4.579999923706055,4.71999979019165,4.579999923706055,4.650000095367432,39500,0.0,0.0
2014-08-08 00:00:00-04:00,4.75,5.010000228881836,4.75,5.0,90100,0.0,0.0
2014-08-11 00:00:00-04:00,5.039999961853027,5.139999866485596,4.980000019073486,4.980000019073486,35800,0.0,0.0
2014-08-12 00:00:00-04:00,4.989999771118164,5.019999980926514,4.820000171661377,4.929999828338623,32800,0.0,0.0
2014-08-13 00:00:00-04:00,4.96999979019165,5.050000190734863,4.96999979019165,4.989999771118164,19300,0.0,0.0
2014-08-14 00:00:00-04:00,5.090000152587891,5.110000133514404,5.019999980926514,5.110000133514404,31400,0.0,0.0
2014-08-15 00:00:00-04:00,5.010000228881836,5.110000133514404,4.960000038146973,5.019999980926514,23300,0.0,0.0
2014-08-18 00:00:00-04:00,5.019999980926514,5.039999961853027,5.0,5.0,42000,0.0,0.0
2014-08-19 00:00:00-04:00,5.039999961853027,5.25,5.039999961853027,5.170000076293945,27700,0.0,0.0
2014-08-20 00:00:00-04:00,5.110000133514404,5.159999847412109,4.940000057220459,5.03000020980835,45100,0.0,0.0
2014-08-21 00:00:00-04:00,5.0,5.199999809265137,5.0,5.019999980926514,24400,0.0,0.0
2014-08-22 00:00:00-04:00,5.079999923706055,5.190000057220459,4.980000019073486,5.010000228881836,24600,0.0,0.0
2014-08-25 00:00:00-04:00,5.019999980926514,5.119999885559082,4.949999809265137,4.989999771118164,31900,0.0,0.0
2014-08-26 00:00:00-04:00,4.989999771118164,5.150000095367432,4.989999771118164,5.150000095367432,41900,0.0,0.0
2014-08-27 00:00:00-04:00,5.139999866485596,5.199999809265137,4.989999771118164,5.199999809265137,47400,0.0,0.0
2014-08-28 00:00:00-04:00,5.170000076293945,5.179999828338623,5.039999961853027,5.079999923706055,21200,0.0,0.0
2014-08-29 00:00:00-04:00,5.079999923706055,5.199999809265137,5.079999923706055,5.090000152587891,27700,0.0,0.0
2014-09-02 00:00:00-04:00,5.090000152587891,5.179999828338623,5.039999961853027,5.159999847412109,11500,0.0,0.0
2014-09-03 00:00:00-04:00,5.150000095367432,5.170000076293945,5.079999923706055,5.079999923706055,12100,0.0,0.0
2014-09-04 00:00:00-04:00,5.099999904632568,5.099999904632568,4.849999904632568,4.889999866485596,46300,0.0,0.0
2014-09-05 00:00:00-04:00,4.860000133514404,4.929999828338623,4.860000133514404,4.920000076293945,49400,0.0,0.0
2014-09-08 00:00:00-04:00,4.949999809265137,4.949999809265137,4.610000133514404,4.690000057220459,60500,0.0,0.0
2014-09-09 00:00:00-04:00,4.659999847412109,4.920000076293945,4.599999904632568,4.900000095367432,70700,0.0,0.0
2014-09-10 00:00:00-04:00,4.949999809265137,5.139999866485596,4.940000057220459,5.079999923706055,54100,0.0,0.0
2014-09-11 00:00:00-04:00,5.079999923706055,5.170000076293945,5.010000228881836,5.070000171661377,29800,0.0,0.0
2014-09-12 00:00:00-04:00,5.079999923706055,5.119999885559082,5.010000228881836,5.059999942779541,27000,0.0,0.0
2014-09-15 00:00:00-04:00,5.050000190734863,5.079999923706055,5.050000190734863,5.059999942779541,8600,0.0,0.0
2014-09-16 00:00:00-04:00,5.079999923706055,5.150000095367432,5.050000190734863,5.090000152587891,23800,0.0,0.0
2014-09-17 00:00:00-04:00,5.110000133514404,5.210000038146973,5.0,5.159999847412109,33000,0.0,0.0
2014-09-18 00:00:00-04:00,5.119999885559082,5.190000057220459,5.090000152587891,5.179999828338623,36900,0.0,0.0
2014-09-19 00:00:00-04:00,5.190000057220459,5.289999961853027,5.170000076293945,5.28000020980835,85000,0.0,0.0
2014-09-22 00:00:00-04:00,5.269999980926514,5.28000020980835,5.03000020980835,5.150000095367432,83000,0.0,0.0
2014-09-23 00:00:00-04:00,5.090000152587891,5.199999809265137,5.070000171661377,5.070000171661377,41800,0.0,0.0
2014-09-24 00:00:00-04:00,5.050000190734863,5.159999847412109,5.039999961853027,5.130000114440918,17200,0.0,0.0
2014-09-25 00:00:00-04:00,5.139999866485596,5.699999809265137,5.099999904632568,5.320000171661377,97200,0.0,0.0
2014-09-26 00:00:00-04:00,5.360000133514404,5.619999885559082,5.300000190734863,5.400000095367432,38200,0.0,0.0
2014-09-29 00:00:00-04:00,5.360000133514404,5.579999923706055,5.28000020980835,5.53000020980835,28100,0.0,0.0
2014-09-30 00:00:00-04:00,5.480000019073486,5.75,5.480000019073486,5.75,99900,0.0,0.0
2014-10-01 00:00:00-04:00,5.690000057220459,5.699999809265137,5.570000171661377,5.690000057220459,21000,0.0,0.0
2014-10-02 00:00:00-04:00,5.590000152587891,5.599999904632568,5.239999771118164,5.460000038146973,69600,0.0,0.0
2014-10-03 00:00:00-04:00,5.420000076293945,5.539999961853027,5.400000095367432,5.46999979019165,42100,0.0,0.0
2014-10-06 00:00:00-04:00,5.53000020980835,5.659999847412109,5.320000171661377,5.329999923706055,23300,0.0,0.0
2014-10-07 00:00:00-04:00,5.320000171661377,5.369999885559082,5.25,5.25,30500,0.0,0.0
2014-10-08 00:00:00-04:00,5.25,5.369999885559082,5.170000076293945,5.320000171661377,20900,0.0,0.0
2014-10-09 00:00:00-04:00,5.269999980926514,5.269999980926514,5.130000114440918,5.150000095367432,30900,0.0,0.0
2014-10-10 00:00:00-04:00,5.130000114440918,5.159999847412109,5.039999961853027,5.090000152587891,33100,0.0,0.0
2014-10-13 00:00:00-04:00,5.159999847412109,5.159999847412109,4.980000019073486,5.050000190734863,27600,0.0,0.0
2014-10-14 00:00:00-04:00,5.039999961853027,5.039999961853027,4.71999979019165,4.900000095367432,70200,0.0,0.0
2014-10-15 00:00:00-04:00,4.769999980926514,4.860000133514404,4.679999828338623,4.710000038146973,63800,0.0,0.0
2014-10-16 00:00:00-04:00,4.53000020980835,4.820000171661377,4.5,4.820000171661377,61800,0.0,0.0
2014-10-17 00:00:00-04:00,4.800000190734863,4.96999979019165,4.789999961853027,4.860000133514404,51700,0.0,0.0
2014-10-20 00:00:00-04:00,4.900000095367432,5.0,4.880000114440918,4.980000019073486,23200,0.0,0.0
2014-10-21 00:00:00-04:00,5.0,5.0,4.840000152587891,4.900000095367432,34200,0.0,0.0
2014-10-22 00:00:00-04:00,4.849999904632568,4.960000038146973,4.809999942779541,4.949999809265137,16400,0.0,0.0
2014-10-23 00:00:00-04:00,4.610000133514404,5.0,4.610000133514404,4.96999979019165,12600,0.0,0.0
2014-10-24 00:00:00-04:00,4.980000019073486,5.139999866485596,4.949999809265137,4.989999771118164,22000,0.0,0.0
2014-10-27 00:00:00-04:00,5.0,5.059999942779541,4.949999809265137,5.050000190734863,20100,0.0,0.0
2014-10-28 00:00:00-04:00,5.019999980926514,5.21999979019165,5.019999980926514,5.179999828338623,19900,0.0,0.0
2014-10-29 00:00:00-04:00,5.159999847412109,5.25,5.070000171661377,5.110000133514404,18700,0.0,0.0
2014-10-30 00:00:00-04:00,5.059999942779541,5.210000038146973,4.900000095367432,5.070000171661377,46000,0.0,0.0
2014-10-31 00:00:00-04:00,5.079999923706055,5.199999809265137,4.929999828338623,4.980000019073486,29900,0.0,0.0
2014-11-03 00:00:00-05:00,4.940000057220459,5.0,4.820000171661377,4.960000038146973,27300,0.0,0.0
2014-11-04 00:00:00-05:00,4.980000019073486,4.989999771118164,4.760000228881836,4.809999942779541,41600,0.0,0.0
2014-11-05 00:00:00-05:00,4.849999904632568,4.849999904632568,4.760000228881836,4.809999942779541,21600,0.0,0.0
2014-11-06 00:00:00-05:00,4.710000038146973,4.880000114440918,4.710000038146973,4.730000019073486,31800,0.0,0.0
2014-11-07 00:00:00-05:00,4.78000020980835,5.090000152587891,4.699999809265137,4.989999771118164,63800,0.0,0.0
2014-11-10 00:00:00-05:00,5.03000020980835,5.070000171661377,4.699999809265137,4.900000095367432,41400,0.0,0.0
2014-11-11 00:00:00-05:00,4.840000152587891,5.0,4.840000152587891,4.889999866485596,16700,0.0,0.0
2014-11-12 00:00:00-05:00,4.860000133514404,4.960000038146973,4.800000190734863,4.949999809265137,12000,0.0,0.0
2014-11-13 00:00:00-05:00,4.900000095367432,4.940000057220459,4.820000171661377,4.849999904632568,9800,0.0,0.0
2014-11-14 00:00:00-05:00,4.820000171661377,4.980000019073486,4.820000171661377,4.900000095367432,17400,0.0,0.0
2014-11-17 00:00:00-05:00,4.869999885559082,4.909999847412109,4.800000190734863,4.800000190734863,16000,0.0,0.0
2014-11-18 00:00:00-05:00,4.860000133514404,4.889999866485596,4.829999923706055,4.889999866485596,4300,0.0,0.0
2014-11-19 00:00:00-05:00,4.809999942779541,4.909999847412109,4.760000228881836,4.800000190734863,24700,0.0,0.0
2014-11-20 00:00:00-05:00,4.840000152587891,4.949999809265137,4.829999923706055,4.889999866485596,11900,0.0,0.0
2014-11-21 00:00:00-05:00,4.889999866485596,4.940000057220459,4.809999942779541,4.869999885559082,41000,0.0,0.0
2014-11-24 00:00:00-05:00,4.840000152587891,4.900000095367432,4.840000152587891,4.860000133514404,19900,0.0,0.0
2014-11-25 00:00:00-05:00,4.900000095367432,5.159999847412109,4.900000095367432,5.099999904632568,100600,0.0,0.0
2014-11-26 00:00:00-05:00,5.150000095367432,5.309999942779541,4.960000038146973,5.130000114440918,108300,0.0,0.0
2014-11-28 00:00:00-05:00,5.059999942779541,5.150000095367432,5.010000228881836,5.070000171661377,9000,0.0,0.0
2014-12-01 00:00:00-05:00,5.050000190734863,5.110000133514404,4.96999979019165,5.059999942779541,21200,0.0,0.0
2014-12-02 00:00:00-05:00,5.039999961853027,5.110000133514404,4.980000019073486,5.110000133514404,17500,0.0,0.0
2014-12-03 00:00:00-05:00,5.059999942779541,5.190000057220459,5.059999942779541,5.130000114440918,24900,0.0,0.0
2014-12-04 00:00:00-05:00,5.199999809265137,5.199999809265137,5.039999961853027,5.190000057220459,18900,0.0,0.0
2014-12-05 00:00:00-05:00,5.150000095367432,5.159999847412109,5.059999942779541,5.070000171661377,19800,0.0,0.0
2014-12-08 00:00:00-05:00,5.03000020980835,5.150000095367432,4.860000133514404,5.130000114440918,51700,0.0,0.0
2014-12-09 00:00:00-05:00,5.050000190734863,5.21999979019165,5.0,5.159999847412109,25600,0.0,0.0
2014-12-10 00:00:00-05:00,5.130000114440918,5.320000171661377,5.079999923706055,5.21999979019165,63900,0.0,0.0
2014-12-11 00:00:00-05:00,5.340000152587891,5.349999904632568,5.25,5.28000020980835,37800,0.0,0.0
2014-12-12 00:00:00-05:00,5.28000020980835,5.349999904632568,5.110000133514404,5.210000038146973,17000,0.0,0.0
2014-12-15 00:00:00-05:00,5.21999979019165,5.21999979019165,5.050000190734863,5.110000133514404,60600,0.0,0.0
2014-12-16 00:00:00-05:00,5.050000190734863,5.289999961853027,5.039999961853027,5.239999771118164,18000,0.0,0.0
2014-12-17 00:00:00-05:00,5.289999961853027,5.289999961853027,5.130000114440918,5.150000095367432,23900,0.0,0.0
2014-12-18 00:00:00-05:00,5.179999828338623,5.210000038146973,5.099999904632568,5.159999847412109,33900,0.0,0.0
2014-12-19 00:00:00-05:00,5.190000057220459,5.190000057220459,5.079999923706055,5.119999885559082,22400,0.0,0.0
2014-12-22 00:00:00-05:00,5.099999904632568,5.110000133514404,4.940000057220459,5.059999942779541,78500,0.0,0.0
2014-12-23 00:00:00-05:00,5.050000190734863,5.25,5.050000190734863,5.190000057220459,30700,0.0,0.0
2014-12-24 00:00:00-05:00,5.130000114440918,5.269999980926514,5.070000171661377,5.269999980926514,30900,0.0,0.0
2014-12-26 00:00:00-05:00,5.25,5.269999980926514,5.159999847412109,5.25,40200,0.0,0.0
2014-12-29 00:00:00-05:00,5.210000038146973,5.349999904632568,5.199999809265137,5.230000019073486,28600,0.0,0.0
2014-12-30 00:00:00-05:00,5.309999942779541,5.309999942779541,5.03000020980835,5.139999866485596,37200,0.0,0.0
2014-12-31 00:00:00-05:00,5.099999904632568,5.21999979019165,5.099999904632568,5.119999885559082,31200,0.0,0.0
2015-01-02 00:00:00-05:00,5.090000152587891,5.230000019073486,5.090000152587891,5.130000114440918,17600,0.0,0.0
2015-01-05 00:00:00-05:00,5.070000171661377,5.230000019073486,5.070000171661377,5.119999885559082,29500,0.0,0.0
2015-01-06 00:00:00-05:00,5.119999885559082,5.130000114440918,4.96999979019165,5.010000228881836,53800,0.0,0.0
2015-01-07 00:00:00-05:00,5.019999980926514,5.019999980926514,4.940000057220459,4.96999979019165,7500,0.0,0.0
2015-01-08 00:00:00-05:00,5.0,5.150000095367432,4.96999979019165,5.03000020980835,20000,0.0,0.0
2015-01-09 00:00:00-05:00,5.159999847412109,5.199999809265137,5.039999961853027,5.079999923706055,11300,0.0,0.0
2015-01-12 00:00:00-05:00,5.070000171661377,5.170000076293945,5.070000171661377,5.139999866485596,10500,0.0,0.0
2015-01-13 00:00:00-05:00,5.070000171661377,5.239999771118164,5.070000171661377,5.139999866485596,17600,0.0,0.0
2015-01-14 00:00:00-05:00,5.119999885559082,5.150000095367432,5.050000190734863,5.079999923706055,19300,0.0,0.0
2015-01-15 00:00:00-05:00,5.050000190734863,5.099999904632568,4.96999979019165,5.010000228881836,29700,0.0,0.0
2015-01-16 00:00:00-05:00,5.03000020980835,5.059999942779541,4.909999847412109,5.0,18900,0.0,0.0
2015-01-20 00:00:00-05:00,4.980000019073486,5.139999866485596,4.980000019073486,5.079999923706055,24700,0.0,0.0
2015-01-21 00:00:00-05:00,5.079999923706055,5.099999904632568,5.03000020980835,5.03000020980835,32300,0.0,0.0
2015-01-22 00:00:00-05:00,5.050000190734863,5.050000190734863,4.909999847412109,5.0,30200,0.0,0.0
2015-01-23 00:00:00-05:00,5.0,5.039999961853027,4.940000057220459,4.949999809265137,32600,0.0,0.0
2015-01-26 00:00:00-05:00,4.989999771118164,5.050000190734863,4.949999809265137,5.050000190734863,23800,0.0,0.0
2015-01-27 00:00:00-05:00,4.989999771118164,5.139999866485596,4.960000038146973,5.090000152587891,6600,0.0,0.0
2015-01-28 00:00:00-05:00,5.110000133514404,5.110000133514404,5.03000020980835,5.039999961853027,9900,0.0,0.0
2015-01-29 00:00:00-05:00,5.090000152587891,5.090000152587891,5.0,5.039999961853027,18700,0.0,0.0
2015-01-30 00:00:00-05:00,5.079999923706055,5.110000133514404,5.0,5.03000020980835,10800,0.0,0.0
2015-02-02 00:00:00-05:00,5.010000228881836,5.050000190734863,4.960000038146973,5.010000228881836,7200,0.0,0.0
2015-02-03 00:00:00-05:00,5.0,5.130000114440918,5.0,5.039999961853027,6900,0.0,0.0
2015-02-04 00:00:00-05:00,5.059999942779541,5.139999866485596,5.010000228881836,5.010000228881836,14900,0.0,0.0
2015-02-05 00:00:00-05:00,5.130000114440918,5.150000095367432,5.0,5.03000020980835,22600,0.0,0.0
2015-02-06 00:00:00-05:00,5.03000020980835,5.119999885559082,4.989999771118164,5.050000190734863,9300,0.0,0.0
2015-02-09 00:00:00-05:00,5.03000020980835,5.050000190734863,4.980000019073486,5.039999961853027,30000,0.0,0.0
2015-02-10 00:00:00-05:00,5.050000190734863,5.130000114440918,4.960000038146973,5.090000152587891,26200,0.0,0.0
2015-02-11 00:00:00-05:00,5.059999942779541,5.130000114440918,4.989999771118164,5.130000114440918,12100,0.0,0.0
2015-02-12 00:00:00-05:00,5.099999904632568,5.130000114440918,5.0,5.039999961853027,18000,0.0,0.0
2015-02-13 00:00:00-05:00,5.019999980926514,5.099999904632568,5.019999980926514,5.059999942779541,13200,0.0,0.0
2015-02-17 00:00:00-05:00,5.059999942779541,5.130000114440918,5.039999961853027,5.079999923706055,20600,0.0,0.0
2015-02-18 00:00:00-05:00,5.079999923706055,5.130000114440918,5.050000190734863,5.059999942779541,9900,0.0,0.0
2015-02-19 00:00:00-05:00,5.119999885559082,5.130000114440918,5.010000228881836,5.050000190734863,15400,0.0,0.0
2015-02-20 00:00:00-05:00,5.039999961853027,5.119999885559082,5.0,5.070000171661377,31900,0.0,0.0
2015-02-23 00:00:00-05:00,5.019999980926514,5.150000095367432,5.019999980926514,5.119999885559082,62500,0.0,0.0
2015-02-24 00:00:00-05:00,5.150000095367432,5.550000190734863,5.119999885559082,5.539999961853027,81800,0.0,0.0
2015-02-25 00:00:00-05:00,5.570000171661377,5.739999771118164,5.5,5.579999923706055,63000,0.0,0.0
2015-02-26 00:00:00-05:00,5.690000057220459,5.699999809265137,5.340000152587891,5.5,46900,0.0,0.0
2015-02-27 00:00:00-05:00,5.550000190734863,5.550000190734863,5.360000133514404,5.420000076293945,41700,0.0,0.0
2015-03-02 00:00:00-05:00,5.46999979019165,5.659999847412109,5.329999923706055,5.329999923706055,48800,0.0,0.0
2015-03-03 00:00:00-05:00,5.420000076293945,5.449999809265137,5.300000190734863,5.329999923706055,17900,0.0,0.0
2015-03-04 00:00:00-05:00,5.239999771118164,5.340000152587891,5.159999847412109,5.28000020980835,48700,0.0,0.0
2015-03-05 00:00:00-05:00,5.28000020980835,5.480000019073486,5.190000057220459,5.320000171661377,12400,0.0,0.0
2015-03-06 00:00:00-05:00,5.320000171661377,5.449999809265137,5.309999942779541,5.369999885559082,15600,0.0,0.0
2015-03-09 00:00:00-04:00,5.309999942779541,5.369999885559082,5.25,5.260000228881836,24300,0.0,0.0
2015-03-10 00:00:00-04:00,5.260000228881836,5.329999923706055,5.239999771118164,5.260000228881836,17800,0.0,0.0
2015-03-11 00:00:00-04:00,5.239999771118164,5.300000190734863,5.230000019073486,5.25,36400,0.0,0.0
2015-03-12 00:00:00-04:00,5.25,5.400000095367432,5.170000076293945,5.309999942779541,35500,0.0,0.0
2015-03-13 00:00:00-04:00,5.300000190734863,5.449999809265137,5.199999809265137,5.420000076293945,38900,0.0,0.0
2015-03-16 00:00:00-04:00,5.400000095367432,5.510000228881836,5.210000038146973,5.480000019073486,28700,0.0,0.0
2015-03-17 00:00:00-04:00,5.449999809265137,5.519999980926514,5.260000228881836,5.300000190734863,63700,0.0,0.0
2015-03-18 00:00:00-04:00,5.420000076293945,5.420000076293945,5.28000020980835,5.380000114440918,21600,0.0,0.0
2015-03-19 00:00:00-04:00,5.289999961853027,5.480000019073486,5.170000076293945,5.289999961853027,51100,0.0,0.0
2015-03-20 00:00:00-04:00,5.269999980926514,5.400000095367432,5.230000019073486,5.230000019073486,23200,0.0,0.0
2015-03-23 00:00:00-04:00,5.28000020980835,5.369999885559082,5.28000020980835,5.300000190734863,38400,0.0,0.0
2015-03-24 00:00:00-04:00,5.260000228881836,5.289999961853027,5.25,5.25,34400,0.0,0.0
2015-03-25 00:00:00-04:00,5.25,5.25,5.159999847412109,5.159999847412109,26600,0.0,0.0
2015-03-26 00:00:00-04:00,5.150000095367432,5.159999847412109,5.079999923706055,5.079999923706055,29700,0.0,0.0
2015-03-27 00:00:00-04:00,5.050000190734863,5.190000057220459,4.989999771118164,5.190000057220459,37400,0.0,0.0
2015-03-30 00:00:00-04:00,5.5,6.630000114440918,5.5,6.53000020980835,1495200,0.0,0.0
2015-03-31 00:00:00-04:00,6.460000038146973,6.590000152587891,5.940000057220459,6.099999904632568,750900,0.0,0.0
2015-04-01 00:00:00-04:00,6.139999866485596,6.150000095367432,5.699999809265137,6.050000190734863,206600,0.0,0.0
2015-04-02 00:00:00-04:00,6.059999942779541,6.090000152587891,5.829999923706055,5.909999847412109,146800,0.0,0.0
2015-04-06 00:00:00-04:00,5.800000190734863,5.849999904632568,5.550000190734863,5.710000038146973,178000,0.0,0.0
2015-04-07 00:00:00-04:00,5.630000114440918,5.869999885559082,5.610000133514404,5.809999942779541,53400,0.0,0.0
2015-04-08 00:00:00-04:00,5.760000228881836,5.860000133514404,5.760000228881836,5.840000152587891,60300,0.0,0.0
2015-04-09 00:00:00-04:00,5.840000152587891,5.940000057220459,5.789999961853027,5.909999847412109,58200,0.0,0.0
2015-04-10 00:00:00-04:00,6.0,6.0,5.809999942779541,5.889999866485596,30200,0.0,0.0
2015-04-13 00:00:00-04:00,5.889999866485596,6.039999961853027,5.849999904632568,5.989999771118164,105200,0.0,0.0
2015-04-14 00:00:00-04:00,5.909999847412109,6.300000190734863,5.909999847412109,6.21999979019165,192500,0.0,0.0
2015-04-15 00:00:00-04:00,6.300000190734863,6.360000133514404,6.230000019073486,6.300000190734863,87000,0.0,0.0
2015-04-16 00:00:00-04:00,6.079999923706055,6.320000171661377,6.079999923706055,6.309999942779541,91200,0.0,0.0
2015-04-17 00:00:00-04:00,6.320000171661377,6.340000152587891,6.260000228881836,6.320000171661377,28900,0.0,0.0
2015-04-20 00:00:00-04:00,6.309999942779541,6.389999866485596,6.269999980926514,6.309999942779541,69900,0.0,0.0
2015-04-21 00:00:00-04:00,6.349999904632568,6.360000133514404,6.150000095367432,6.300000190734863,31500,0.0,0.0
2015-04-22 00:00:00-04:00,6.329999923706055,6.389999866485596,6.289999961853027,6.300000190734863,181500,0.0,0.0
2015-04-23 00:00:00-04:00,6.25,6.349999904632568,6.190000057220459,6.199999809265137,55100,0.0,0.0
2015-04-24 00:00:00-04:00,6.119999885559082,6.190000057220459,6.050000190734863,6.090000152587891,124200,0.0,0.0
2015-04-27 00:00:00-04:00,6.059999942779541,6.150000095367432,5.900000095367432,5.96999979019165,37900,0.0,0.0
2015-04-28 00:00:00-04:00,5.909999847412109,5.929999828338623,5.800000190734863,5.849999904632568,52100,0.0,0.0
2015-04-29 00:00:00-04:00,5.789999961853027,5.849999904632568,5.789999961853027,5.829999923706055,77900,0.0,0.0
2015-04-30 00:00:00-04:00,5.820000171661377,5.849999904632568,5.670000076293945,5.670000076293945,63400,0.0,0.0
2015-05-01 00:00:00-04:00,5.659999847412109,5.75,5.659999847412109,5.739999771118164,34300,0.0,0.0
2015-05-04 00:00:00-04:00,5.710000038146973,5.929999828338623,5.710000038146973,5.809999942779541,28800,0.0,0.0
2015-05-05 00:00:00-04:00,5.800000190734863,5.809999942779541,5.639999866485596,5.730000019073486,37300,0.0,0.0
2015-05-06 00:00:00-04:00,5.75,5.800000190734863,5.610000133514404,5.670000076293945,36700,0.0,0.0
2015-05-07 00:00:00-04:00,5.659999847412109,5.800000190734863,5.659999847412109,5.78000020980835,45300,0.0,0.0
2015-05-08 00:00:00-04:00,5.789999961853027,5.849999904632568,5.679999828338623,5.849999904632568,13200,0.0,0.0
2015-05-11 00:00:00-04:00,5.909999847412109,6.090000152587891,5.909999847412109,6.050000190734863,65300,0.0,0.0
2015-05-12 00:00:00-04:00,6.0,6.179999828338623,6.0,6.179999828338623,68900,0.0,0.0
2015-05-13 00:00:00-04:00,6.119999885559082,6.28000020980835,6.0,6.110000133514404,84900,0.0,0.0
2015-05-14 00:00:00-04:00,6.110000133514404,6.190000057220459,6.03000020980835,6.170000076293945,43300,0.0,0.0
2015-05-15 00:00:00-04:00,6.110000133514404,6.25,6.110000133514404,6.239999771118164,45100,0.0,0.0
2015-05-18 00:00:00-04:00,6.300000190734863,6.320000171661377,6.179999828338623,6.239999771118164,88400,0.0,0.0
2015-05-19 00:00:00-04:00,6.309999942779541,6.320000171661377,6.159999847412109,6.179999828338623,51400,0.0,0.0
2015-05-20 00:00:00-04:00,6.190000057220459,6.260000228881836,6.070000171661377,6.079999923706055,55300,0.0,0.0
2015-05-21 00:00:00-04:00,6.070000171661377,6.070000171661377,5.949999809265137,6.0,48100,0.0,0.0
2015-05-22 00:00:00-04:00,6.019999980926514,6.050000190734863,5.989999771118164,5.989999771118164,78100,0.0,0.0
2015-05-26 00:00:00-04:00,6.019999980926514,6.019999980926514,5.920000076293945,5.920000076293945,26300,0.0,0.0
2015-05-27 00:00:00-04:00,5.920000076293945,5.960000038146973,5.900000095367432,5.920000076293945,98300,0.0,0.0
2015-05-28 00:00:00-04:00,5.960000038146973,5.960000038146973,5.900000095367432,5.900000095367432,15000,0.0,0.0
2015-05-29 00:00:00-04:00,5.929999828338623,6.0,5.840000152587891,5.900000095367432,49800,0.0,0.0
2015-06-01 00:00:00-04:00,5.880000114440918,5.889999866485596,5.5,5.5,110900,0.0,0.0
2015-06-02 00:00:00-04:00,5.5,5.690000057220459,5.360000133514404,5.559999942779541,50900,0.0,0.0
2015-06-03 00:00:00-04:00,5.71999979019165,5.71999979019165,5.519999980926514,5.619999885559082,8100,0.0,0.0
2015-06-04 00:00:00-04:00,5.650000095367432,5.679999828338623,5.519999980926514,5.559999942779541,12100,0.0,0.0
2015-06-05 00:00:00-04:00,5.610000133514404,5.730000019073486,5.510000228881836,5.659999847412109,26500,0.0,0.0
2015-06-08 00:00:00-04:00,5.659999847412109,5.809999942779541,5.639999866485596,5.690000057220459,35700,0.0,0.0
2015-06-09 00:00:00-04:00,5.690000057220459,5.739999771118164,5.630000114440918,5.639999866485596,50100,0.0,0.0
2015-06-10 00:00:00-04:00,5.699999809265137,5.730000019073486,5.599999904632568,5.670000076293945,31500,0.0,0.0
2015-06-11 00:00:00-04:00,5.679999828338623,5.769999980926514,5.630000114440918,5.670000076293945,18200,0.0,0.0
2015-06-12 00:00:00-04:00,5.699999809265137,5.880000114440918,5.699999809265137,5.860000133514404,21700,0.0,0.0
2015-06-15 00:00:00-04:00,5.809999942779541,5.949999809265137,5.800000190734863,5.840000152587891,17100,0.0,0.0
2015-06-16 00:00:00-04:00,5.880000114440918,5.880000114440918,5.659999847412109,5.690000057220459,11600,0.0,0.0
2015-06-17 00:00:00-04:00,5.679999828338623,5.800000190734863,5.630000114440918,5.78000020980835,10100,0.0,0.0
2015-06-18 00:00:00-04:00,5.800000190734863,5.920000076293945,5.71999979019165,5.829999923706055,22300,0.0,0.0
2015-06-19 00:00:00-04:00,5.789999961853027,5.869999885559082,5.599999904632568,5.78000020980835,21600,0.0,0.0
2015-06-22 00:00:00-04:00,5.710000038146973,5.789999961853027,5.659999847412109,5.760000228881836,25000,0.0,0.0
2015-06-23 00:00:00-04:00,5.769999980926514,5.829999923706055,5.71999979019165,5.75,16700,0.0,0.0
2015-06-24 00:00:00-04:00,5.730000019073486,5.809999942779541,5.730000019073486,5.75,37900,0.0,0.0
2015-06-25 00:00:00-04:00,5.730000019073486,5.769999980926514,5.650000095367432,5.739999771118164,18600,0.0,0.0
2015-06-26 00:00:00-04:00,5.760000228881836,5.760000228881836,5.5,5.5,27300,0.0,0.0
2015-06-29 00:00:00-04:00,5.570000171661377,5.570000171661377,5.369999885559082,5.369999885559082,34500,0.0,0.0
2015-06-30 00:00:00-04:00,5.449999809265137,5.570000171661377,5.309999942779541,5.340000152587891,45600,0.0,0.0
2015-07-01 00:00:00-04:00,5.349999904632568,5.96999979019165,5.349999904632568,5.409999847412109,346700,0.0,0.0
2015-07-02 00:00:00-04:00,5.739999771118164,5.739999771118164,5.309999942779541,5.460000038146973,18600,0.0,0.0
2015-07-06 00:00:00-04:00,5.400000095367432,5.510000228881836,5.389999866485596,5.5,43500,0.0,0.0
2015-07-07 00:00:00-04:00,5.460000038146973,5.53000020980835,5.440000057220459,5.510000228881836,27700,0.0,0.0
2015-07-08 00:00:00-04:00,5.519999980926514,5.670000076293945,5.519999980926514,5.610000133514404,35900,0.0,0.0
2015-07-09 00:00:00-04:00,5.619999885559082,5.78000020980835,5.599999904632568,5.610000133514404,25800,0.0,0.0
2015-07-10 00:00:00-04:00,5.610000133514404,5.78000020980835,5.610000133514404,5.630000114440918,12100,0.0,0.0
2015-07-13 00:00:00-04:00,5.619999885559082,5.760000228881836,5.510000228881836,5.53000020980835,32500,0.0,0.0
2015-07-14 00:00:00-04:00,5.75,5.75,5.539999961853027,5.619999885559082,16200,0.0,0.0
2015-07-15 00:00:00-04:00,5.590000152587891,5.730000019073486,5.570000171661377,5.579999923706055,9100,0.0,0.0
2015-07-16 00:00:00-04:00,5.610000133514404,5.630000114440918,5.53000020980835,5.579999923706055,16300,0.0,0.0
2015-07-17 00:00:00-04:00,5.550000190734863,5.639999866485596,5.53000020980835,5.53000020980835,25500,0.0,0.0
2015-07-20 00:00:00-04:00,5.570000171661377,5.570000171661377,5.449999809265137,5.449999809265137,15600,0.0,0.0
2015-07-21 00:00:00-04:00,5.449999809265137,5.5,5.389999866485596,5.389999866485596,14000,0.0,0.0
2015-07-22 00:00:00-04:00,5.429999828338623,5.5,5.400000095367432,5.480000019073486,10300,0.0,0.0
2015-07-23 00:00:00-04:00,5.449999809265137,5.539999961853027,5.449999809265137,5.519999980926514,4900,0.0,0.0
2015-07-24 00:00:00-04:00,5.489999771118164,5.53000020980835,5.329999923706055,5.329999923706055,46700,0.0,0.0
2015-07-27 00:00:00-04:00,5.289999961853027,5.349999904632568,5.050000190734863,5.210000038146973,75100,0.0,0.0
2015-07-28 00:00:00-04:00,5.25,5.25,5.059999942779541,5.099999904632568,13000,0.0,0.0
2015-07-29 00:00:00-04:00,5.099999904632568,5.190000057220459,5.050000190734863,5.050000190734863,33600,0.0,0.0
2015-07-30 00:00:00-04:00,5.050000190734863,5.150000095367432,5.0,5.119999885559082,22200,0.0,0.0
2015-07-31 00:00:00-04:00,5.210000038146973,5.239999771118164,5.150000095367432,5.150000095367432,7900,0.0,0.0
2015-08-03 00:00:00-04:00,5.199999809265137,5.239999771118164,5.050000190734863,5.190000057220459,19900,0.0,0.0
2015-08-04 00:00:00-04:00,5.21999979019165,5.769999980926514,5.21999979019165,5.659999847412109,110100,0.0,0.0
2015-08-05 00:00:00-04:00,5.639999866485596,5.769999980926514,5.53000020980835,5.619999885559082,31300,0.0,0.0
2015-08-06 00:00:00-04:00,5.130000114440918,5.679999828338623,5.130000114440918,5.460000038146973,16700,0.0,0.0
2015-08-07 00:00:00-04:00,5.489999771118164,5.550000190734863,5.349999904632568,5.369999885559082,22800,0.0,0.0
2015-08-10 00:00:00-04:00,5.289999961853027,5.46999979019165,5.260000228881836,5.260000228881836,30800,0.0,0.0
2015-08-11 00:00:00-04:00,5.25,5.260000228881836,5.110000133514404,5.159999847412109,51800,0.0,0.0
2015-08-12 00:00:00-04:00,5.159999847412109,5.309999942779541,5.150000095367432,5.289999961853027,25600,0.0,0.0
2015-08-13 00:00:00-04:00,5.300000190734863,5.409999847412109,5.300000190734863,5.349999904632568,7600,0.0,0.0
2015-08-14 00:00:00-04:00,5.349999904632568,5.400000095367432,5.329999923706055,5.400000095367432,3300,0.0,0.0
2015-08-17 00:00:00-04:00,5.400000095367432,5.449999809265137,5.329999923706055,5.429999828338623,15100,0.0,0.0
2015-08-18 00:00:00-04:00,5.400000095367432,5.599999904632568,5.400000095367432,5.579999923706055,21700,0.0,0.0
2015-08-19 00:00:00-04:00,5.539999961853027,5.539999961853027,5.369999885559082,5.420000076293945,25500,0.0,0.0
2015-08-20 00:00:00-04:00,5.400000095367432,5.5,5.179999828338623,5.190000057220459,51300,0.0,0.0
2015-08-21 00:00:00-04:00,5.179999828338623,5.190000057220459,4.980000019073486,5.0,71000,0.0,0.0
2015-08-24 00:00:00-04:00,4.550000190734863,5.0,4.550000190734863,4.909999847412109,75700,0.0,0.0
2015-08-25 00:00:00-04:00,4.949999809265137,5.230000019073486,4.900000095367432,5.079999923706055,25700,0.0,0.0
2015-08-26 00:00:00-04:00,5.230000019073486,5.230000019073486,5.050000190734863,5.159999847412109,22300,0.0,0.0
2015-08-27 00:00:00-04:00,5.159999847412109,5.260000228881836,5.090000152587891,5.260000228881836,15500,0.0,0.0
2015-08-28 00:00:00-04:00,5.360000133514404,5.360000133514404,5.230000019073486,5.269999980926514,23600,0.0,0.0
2015-08-31 00:00:00-04:00,5.300000190734863,5.320000171661377,5.170000076293945,5.320000171661377,21400,0.0,0.0
2015-09-01 00:00:00-04:00,5.300000190734863,5.340000152587891,5.130000114440918,5.159999847412109,22600,0.0,0.0
2015-09-02 00:00:00-04:00,5.210000038146973,5.239999771118164,5.090000152587891,5.090000152587891,18400,0.0,0.0
2015-09-03 00:00:00-04:00,5.119999885559082,5.309999942779541,4.909999847412109,5.300000190734863,30300,0.0,0.0
2015-09-04 00:00:00-04:00,5.260000228881836,5.380000114440918,5.210000038146973,5.380000114440918,25500,0.0,0.0
2015-09-08 00:00:00-04:00,5.400000095367432,5.46999979019165,5.28000020980835,5.340000152587891,47100,0.0,0.0
2015-09-09 00:00:00-04:00,5.420000076293945,5.46999979019165,5.260000228881836,5.289999961853027,36700,0.0,0.0
2015-09-10 00:00:00-04:00,5.28000020980835,5.349999904632568,5.139999866485596,5.139999866485596,34500,0.0,0.0
2015-09-11 00:00:00-04:00,5.130000114440918,5.230000019073486,5.110000133514404,5.110000133514404,68100,0.0,0.0
2015-09-14 00:00:00-04:00,5.170000076293945,5.170000076293945,5.039999961853027,5.059999942779541,18000,0.0,0.0
2015-09-15 00:00:00-04:00,5.010000228881836,5.130000114440918,5.010000228881836,5.090000152587891,20700,0.0,0.0
2015-09-16 00:00:00-04:00,5.059999942779541,5.210000038146973,5.059999942779541,5.119999885559082,12300,0.0,0.0
2015-09-17 00:00:00-04:00,5.130000114440918,5.289999961853027,5.130000114440918,5.210000038146973,20300,0.0,0.0
2015-09-18 00:00:00-04:00,5.119999885559082,5.300000190734863,5.03000020980835,5.289999961853027,51800,0.0,0.0
2015-09-21 00:00:00-04:00,5.289999961853027,5.400000095367432,5.289999961853027,5.340000152587891,26600,0.0,0.0
2015-09-22 00:00:00-04:00,5.25,5.380000114440918,5.239999771118164,5.28000020980835,17300,0.0,0.0
2015-09-23 00:00:00-04:00,5.210000038146973,5.329999923706055,5.210000038146973,5.269999980926514,6700,0.0,0.0
2015-09-24 00:00:00-04:00,5.25,5.25,5.139999866485596,5.139999866485596,14100,0.0,0.0
2015-09-25 00:00:00-04:00,5.21999979019165,5.25,5.170000076293945,5.179999828338623,17100,0.0,0.0
2015-09-28 00:00:00-04:00,5.179999828338623,5.179999828338623,4.980000019073486,4.980000019073486,64500,0.0,0.0
2015-09-29 00:00:00-04:00,5.059999942779541,5.059999942779541,4.980000019073486,5.019999980926514,37800,0.0,0.0
2015-09-30 00:00:00-04:00,5.059999942779541,5.119999885559082,5.010000228881836,5.070000171661377,8500,0.0,0.0
2015-10-01 00:00:00-04:00,5.039999961853027,5.170000076293945,4.960000038146973,5.039999961853027,19800,0.0,0.0
2015-10-02 00:00:00-04:00,5.0,5.150000095367432,4.96999979019165,5.079999923706055,11800,0.0,0.0
2015-10-05 00:00:00-04:00,5.170000076293945,5.170000076293945,5.0,5.090000152587891,31800,0.0,0.0
2015-10-06 00:00:00-04:00,5.050000190734863,5.300000190734863,5.050000190734863,5.25,9700,0.0,0.0
2015-10-07 00:00:00-04:00,5.199999809265137,5.300000190734863,5.199999809265137,5.269999980926514,14300,0.0,0.0
2015-10-08 00:00:00-04:00,5.21999979019165,5.289999961853027,5.150000095367432,5.25,13900,0.0,0.0
2015-10-09 00:00:00-04:00,5.239999771118164,5.360000133514404,5.210000038146973,5.349999904632568,11400,0.0,0.0
2015-10-12 00:00:00-04:00,5.269999980926514,5.28000020980835,5.170000076293945,5.230000019073486,21700,0.0,0.0
2015-10-13 00:00:00-04:00,5.300000190734863,5.349999904632568,5.190000057220459,5.269999980926514,9900,0.0,0.0
2015-10-14 00:00:00-04:00,5.260000228881836,5.289999961853027,5.159999847412109,5.159999847412109,10100,0.0,0.0
2015-10-15 00:00:00-04:00,5.150000095367432,5.300000190734863,5.150000095367432,5.269999980926514,20500,0.0,0.0
2015-10-16 00:00:00-04:00,5.309999942779541,5.309999942779541,5.059999942779541,5.179999828338623,23800,0.0,0.0
2015-10-19 00:00:00-04:00,5.210000038146973,5.239999771118164,5.179999828338623,5.210000038146973,5500,0.0,0.0
2015-10-20 00:00:00-04:00,5.170000076293945,5.309999942779541,5.099999904632568,5.130000114440918,10700,0.0,0.0
2015-10-21 00:00:00-04:00,5.079999923706055,5.210000038146973,5.079999923706055,5.139999866485596,19500,0.0,0.0
2015-10-22 00:00:00-04:00,5.210000038146973,5.25,5.170000076293945,5.190000057220459,17400,0.0,0.0
2015-10-23 00:00:00-04:00,5.190000057220459,5.289999961853027,5.190000057220459,5.269999980926514,24500,0.0,0.0
2015-10-26 00:00:00-04:00,5.289999961853027,5.389999866485596,5.110000133514404,5.199999809265137,38000,0.0,0.0
2015-10-27 00:00:00-04:00,5.150000095367432,5.150000095367432,4.96999979019165,5.010000228881836,63400,0.0,0.0
2015-10-28 00:00:00-04:00,5.070000171661377,5.159999847412109,5.0,5.03000020980835,48500,0.0,0.0
2015-10-29 00:00:00-04:00,5.050000190734863,5.119999885559082,5.0,5.019999980926514,8600,0.0,0.0
2015-10-30 00:00:00-04:00,5.059999942779541,5.059999942779541,5.03000020980835,5.03000020980835,8700,0.0,0.0
2015-11-02 00:00:00-05:00,5.050000190734863,5.050000190734863,4.989999771118164,5.010000228881836,28900,0.0,0.0
2015-11-03 00:00:00-05:00,5.050000190734863,5.050000190734863,5.010000228881836,5.050000190734863,11400,0.0,0.0
2015-11-04 00:00:00-05:00,5.050000190734863,5.050000190734863,5.0,5.050000190734863,38600,0.0,0.0
2015-11-05 00:00:00-05:00,5.010000228881836,5.050000190734863,4.96999979019165,5.03000020980835,33700,0.0,0.0
2015-11-06 00:00:00-05:00,5.0,5.010000228881836,4.949999809265137,5.010000228881836,29800,0.0,0.0
2015-11-09 00:00:00-05:00,4.980000019073486,5.03000020980835,4.880000114440918,4.929999828338623,20900,0.0,0.0
2015-11-10 00:00:00-05:00,4.920000076293945,4.949999809265137,4.800000190734863,4.900000095367432,63200,0.0,0.0
2015-11-11 00:00:00-05:00,4.889999866485596,4.940000057220459,4.820000171661377,4.900000095367432,15500,0.0,0.0
2015-11-12 00:00:00-05:00,4.900000095367432,4.949999809265137,4.860000133514404,4.860000133514404,22300,0.0,0.0
2015-11-13 00:00:00-05:00,4.849999904632568,4.849999904632568,4.769999980926514,4.840000152587891,36400,0.0,0.0
2015-11-16 00:00:00-05:00,4.769999980926514,4.840000152587891,4.699999809265137,4.809999942779541,56600,0.0,0.0
2015-11-17 00:00:00-05:00,4.769999980926514,5.0,4.769999980926514,4.900000095367432,48100,0.0,0.0
2015-11-18 00:00:00-05:00,4.940000057220459,4.960000038146973,4.869999885559082,4.900000095367432,27400,0.0,0.0
2015-11-19 00:00:00-05:00,4.840000152587891,5.019999980926514,4.75,4.860000133514404,30800,0.0,0.0
2015-11-20 00:00:00-05:00,4.820000171661377,4.960000038146973,4.820000171661377,4.909999847412109,62500,0.0,0.0
2015-11-23 00:00:00-05:00,4.889999866485596,4.920000076293945,4.869999885559082,4.920000076293945,33200,0.0,0.0
2015-11-24 00:00:00-05:00,4.889999866485596,5.059999942779541,4.889999866485596,5.039999961853027,49200,0.0,0.0
2015-11-25 00:00:00-05:00,5.050000190734863,5.099999904632568,5.0,5.0,148800,0.0,0.0
2015-11-27 00:00:00-05:00,4.980000019073486,4.989999771118164,4.929999828338623,4.940000057220459,17600,0.0,0.0
2015-11-30 00:00:00-05:00,4.929999828338623,5.050000190734863,4.929999828338623,5.019999980926514,22800,0.0,0.0
2015-12-01 00:00:00-05:00,5.0,5.079999923706055,4.96999979019165,4.96999979019165,17000,0.0,0.0
2015-12-02 00:00:00-05:00,5.0,5.0,4.849999904632568,4.869999885559082,26300,0.0,0.0
2015-12-03 00:00:00-05:00,4.849999904632568,4.889999866485596,4.769999980926514,4.769999980926514,34500,0.0,0.0
2015-12-04 00:00:00-05:00,4.760000228881836,4.880000114440918,4.760000228881836,4.860000133514404,21200,0.0,0.0
2015-12-07 00:00:00-05:00,4.849999904632568,5.0,4.849999904632568,4.960000038146973,37000,0.0,0.0
2015-12-08 00:00:00-05:00,4.920000076293945,4.949999809265137,4.880000114440918,4.900000095367432,14000,0.0,0.0
2015-12-09 00:00:00-05:00,4.880000114440918,4.889999866485596,4.800000190734863,4.809999942779541,38200,0.0,0.0
2015-12-10 00:00:00-05:00,4.78000020980835,4.789999961853027,4.670000076293945,4.739999771118164,34100,0.0,0.0
2015-12-11 00:00:00-05:00,4.800000190734863,4.800000190734863,4.639999866485596,4.699999809265137,33500,0.0,0.0
2015-12-14 00:00:00-05:00,4.699999809265137,4.71999979019165,4.5,4.539999961853027,26000,0.0,0.0
2015-12-15 00:00:00-05:00,4.510000228881836,4.630000114440918,4.340000152587891,4.570000171661377,70000,0.0,0.0
2015-12-16 00:00:00-05:00,4.579999923706055,4.75,4.570000171661377,4.710000038146973,32700,0.0,0.0
2015-12-17 00:00:00-05:00,4.75,4.920000076293945,4.75,4.849999904632568,31600,0.0,0.0
2015-12-18 00:00:00-05:00,4.849999904632568,4.920000076293945,4.849999904632568,4.909999847412109,24900,0.0,0.0
2015-12-21 00:00:00-05:00,4.889999866485596,5.019999980926514,4.849999904632568,5.0,14000,0.0,0.0
2015-12-22 00:00:00-05:00,5.0,5.079999923706055,4.900000095367432,5.010000228881836,16900,0.0,0.0
2015-12-23 00:00:00-05:00,5.050000190734863,5.190000057220459,5.050000190734863,5.139999866485596,19800,0.0,0.0
2015-12-24 00:00:00-05:00,5.190000057220459,5.210000038146973,5.119999885559082,5.210000038146973,18900,0.0,0.0
2015-12-28 00:00:00-05:00,5.170000076293945,5.400000095367432,5.170000076293945,5.329999923706055,63000,0.0,0.0
2015-12-29 00:00:00-05:00,5.400000095367432,5.400000095367432,5.28000020980835,5.360000133514404,24300,0.0,0.0
2015-12-30 00:00:00-05:00,5.300000190734863,5.349999904632568,5.170000076293945,5.239999771118164,34900,0.0,0.0
2015-12-31 00:00:00-05:00,5.210000038146973,5.360000133514404,5.170000076293945,5.210000038146973,54300,0.0,0.0
2016-01-04 00:00:00-05:00,5.150000095367432,5.199999809265137,4.849999904632568,4.860000133514404,25400,0.0,0.0
2016-01-05 00:00:00-05:00,4.849999904632568,5.059999942779541,4.829999923706055,5.039999961853027,39700,0.0,0.0
2016-01-06 00:00:00-05:00,5.010000228881836,5.090000152587891,4.989999771118164,5.03000020980835,24000,0.0,0.0
2016-01-07 00:00:00-05:00,4.980000019073486,4.980000019073486,4.75,4.840000152587891,19100,0.0,0.0
2016-01-08 00:00:00-05:00,4.900000095367432,4.900000095367432,4.760000228881836,4.829999923706055,20500,0.0,0.0
2016-01-11 00:00:00-05:00,4.820000171661377,4.900000095367432,4.670000076293945,4.820000171661377,31300,0.0,0.0
2016-01-12 00:00:00-05:00,4.820000171661377,4.820000171661377,4.699999809265137,4.699999809265137,15800,0.0,0.0
2016-01-13 00:00:00-05:00,4.789999961853027,4.789999961853027,4.5,4.5,42200,0.0,0.0
2016-01-14 00:00:00-05:00,4.559999942779541,4.579999923706055,4.46999979019165,4.519999980926514,102600,0.0,0.0
2016-01-15 00:00:00-05:00,4.460000038146973,4.510000228881836,4.349999904632568,4.380000114440918,46400,0.0,0.0
2016-01-19 00:00:00-05:00,4.329999923706055,4.369999885559082,4.099999904632568,4.210000038146973,110700,0.0,0.0
2016-01-20 00:00:00-05:00,4.150000095367432,4.369999885559082,4.099999904632568,4.25,74200,0.0,0.0
2016-01-21 00:00:00-05:00,4.25,4.519999980926514,4.25,4.340000152587891,46700,0.0,0.0
2016-01-22 00:00:00-05:00,4.400000095367432,4.670000076293945,4.179999828338623,4.519999980926514,38500,0.0,0.0
2016-01-25 00:00:00-05:00,4.539999961853027,4.539999961853027,4.190000057220459,4.210000038146973,17500,0.0,0.0
2016-01-26 00:00:00-05:00,4.210000038146973,4.409999847412109,4.210000038146973,4.400000095367432,32000,0.0,0.0
2016-01-27 00:00:00-05:00,4.449999809265137,4.449999809265137,4.199999809265137,4.239999771118164,32900,0.0,0.0
2016-01-28 00:00:00-05:00,4.230000019073486,4.309999942779541,4.230000019073486,4.230000019073486,20400,0.0,0.0
2016-01-29 00:00:00-05:00,4.269999980926514,4.400000095367432,4.260000228881836,4.289999961853027,20100,0.0,0.0
2016-02-01 00:00:00-05:00,4.300000190734863,4.340000152587891,4.159999847412109,4.340000152587891,35000,0.0,0.0
2016-02-02 00:00:00-05:00,4.269999980926514,4.340000152587891,4.130000114440918,4.21999979019165,45200,0.0,0.0
2016-02-03 00:00:00-05:00,4.21999979019165,4.269999980926514,4.079999923706055,4.170000076293945,46300,0.0,0.0
2016-02-04 00:00:00-05:00,4.119999885559082,4.389999866485596,4.119999885559082,4.320000171661377,19700,0.0,0.0
2016-02-05 00:00:00-05:00,4.340000152587891,4.349999904632568,4.21999979019165,4.28000020980835,70800,0.0,0.0
2016-02-08 00:00:00-05:00,4.199999809265137,4.210000038146973,4.050000190734863,4.139999866485596,47900,0.0,0.0
2016-02-09 00:00:00-05:00,4.079999923706055,4.28000020980835,4.039999961853027,4.170000076293945,30000,0.0,0.0
2016-02-10 00:00:00-05:00,4.230000019073486,4.28000020980835,4.199999809265137,4.210000038146973,6800,0.0,0.0
2016-02-11 00:00:00-05:00,4.170000076293945,4.179999828338623,4.070000171661377,4.099999904632568,25100,0.0,0.0
2016-02-12 00:00:00-05:00,4.110000133514404,4.21999979019165,4.090000152587891,4.179999828338623,74200,0.0,0.0
2016-02-16 00:00:00-05:00,4.190000057220459,4.329999923706055,4.190000057220459,4.289999961853027,35400,0.0,0.0
2016-02-17 00:00:00-05:00,4.349999904632568,4.389999866485596,4.25,4.300000190734863,12900,0.0,0.0
2016-02-18 00:00:00-05:00,4.349999904632568,4.349999904632568,4.25,4.329999923706055,15500,0.0,0.0
2016-02-19 00:00:00-05:00,4.349999904632568,4.429999828338623,4.320000171661377,4.320000171661377,26600,0.0,0.0
2016-02-22 00:00:00-05:00,4.400000095367432,4.409999847412109,4.340000152587891,4.389999866485596,29200,0.0,0.0
2016-02-23 00:00:00-05:00,4.340000152587891,4.389999866485596,4.260000228881836,4.320000171661377,22300,0.0,0.0
2016-02-24 00:00:00-05:00,4.320000171661377,4.329999923706055,4.269999980926514,4.329999923706055,19700,0.0,0.0
2016-02-25 00:00:00-05:00,4.300000190734863,4.449999809265137,4.300000190734863,4.449999809265137,14100,0.0,0.0
2016-02-26 00:00:00-05:00,4.449999809265137,4.679999828338623,4.449999809265137,4.610000133514404,32300,0.0,0.0
2016-02-29 00:00:00-05:00,4.659999847412109,4.699999809265137,4.619999885559082,4.630000114440918,18000,0.0,0.0
2016-03-01 00:00:00-05:00,4.630000114440918,4.679999828338623,4.550000190734863,4.610000133514404,13900,0.0,0.0
2016-03-02 00:00:00-05:00,4.539999961853027,4.650000095367432,4.539999961853027,4.590000152587891,17300,0.0,0.0
2016-03-03 00:00:00-05:00,4.619999885559082,4.789999961853027,4.599999904632568,4.610000133514404,44500,0.0,0.0
2016-03-04 00:00:00-05:00,4.610000133514404,4.610000133514404,4.400000095367432,4.400000095367432,34200,0.0,0.0
2016-03-07 00:00:00-05:00,4.420000076293945,4.650000095367432,4.420000076293945,4.559999942779541,15400,0.0,0.0
2016-03-08 00:00:00-05:00,4.5,4.630000114440918,4.5,4.550000190734863,15400,0.0,0.0
2016-03-09 00:00:00-05:00,4.53000020980835,4.699999809265137,4.53000020980835,4.670000076293945,25000,0.0,0.0
2016-03-10 00:00:00-05:00,4.650000095367432,4.650000095367432,4.300000190734863,4.300000190734863,65600,0.0,0.0
2016-03-11 00:00:00-05:00,4.269999980926514,4.519999980926514,4.269999980926514,4.440000057220459,16700,0.0,0.0
2016-03-14 00:00:00-04:00,4.440000057220459,4.440000057220459,4.380000114440918,4.380000114440918,19500,0.0,0.0
2016-03-15 00:00:00-04:00,4.320000171661377,4.449999809265137,4.320000171661377,4.429999828338623,12900,0.0,0.0
2016-03-16 00:00:00-04:00,4.449999809265137,4.519999980926514,4.429999828338623,4.519999980926514,24700,0.0,0.0
2016-03-17 00:00:00-04:00,4.53000020980835,4.590000152587891,4.460000038146973,4.5,20100,0.0,0.0
2016-03-18 00:00:00-04:00,4.619999885559082,4.699999809265137,4.519999980926514,4.599999904632568,29400,0.0,0.0
2016-03-21 00:00:00-04:00,4.699999809265137,4.840000152587891,4.650000095367432,4.829999923706055,65100,0.0,0.0
2016-03-22 00:00:00-04:00,4.71999979019165,4.849999904632568,4.71999979019165,4.78000020980835,47800,0.0,0.0
2016-03-23 00:00:00-04:00,4.75,4.829999923706055,4.730000019073486,4.739999771118164,6000,0.0,0.0
2016-03-24 00:00:00-04:00,4.75,4.940000057220459,4.75,4.849999904632568,44600,0.0,0.0
2016-03-28 00:00:00-04:00,4.820000171661377,4.909999847412109,4.75,4.800000190734863,83100,0.0,0.0
2016-03-29 00:00:00-04:00,4.75,4.829999923706055,4.699999809265137,4.699999809265137,14600,0.0,0.0
2016-03-30 00:00:00-04:00,4.75,4.880000114440918,4.690000057220459,4.690000057220459,36800,0.0,0.0
2016-03-31 00:00:00-04:00,4.730000019073486,4.75,4.559999942779541,4.559999942779541,16200,0.0,0.0
2016-04-01 00:00:00-04:00,4.619999885559082,4.739999771118164,4.619999885559082,4.679999828338623,16900,0.0,0.0
2016-04-04 00:00:00-04:00,4.639999866485596,4.800000190734863,4.639999866485596,4.760000228881836,22300,0.0,0.0
2016-04-05 00:00:00-04:00,4.679999828338623,4.71999979019165,4.659999847412109,4.679999828338623,20900,0.0,0.0
2016-04-06 00:00:00-04:00,4.710000038146973,4.78000020980835,4.630000114440918,4.75,19200,0.0,0.0
2016-04-07 00:00:00-04:00,4.75,4.849999904632568,4.739999771118164,4.840000152587891,16100,0.0,0.0
2016-04-08 00:00:00-04:00,4.900000095367432,4.920000076293945,4.820000171661377,4.869999885559082,46200,0.0,0.0
2016-04-11 00:00:00-04:00,4.900000095367432,5.03000020980835,4.900000095367432,5.0,69600,0.0,0.0
2016-04-12 00:00:00-04:00,5.019999980926514,5.019999980926514,4.980000019073486,4.989999771118164,29600,0.0,0.0
2016-04-13 00:00:00-04:00,4.989999771118164,5.019999980926514,4.980000019073486,4.980000019073486,12100,0.0,0.0
2016-04-14 00:00:00-04:00,5.019999980926514,5.019999980926514,4.809999942779541,4.809999942779541,23500,0.0,0.0
2016-04-15 00:00:00-04:00,4.800000190734863,5.010000228881836,4.78000020980835,4.78000020980835,10300,0.0,0.0
2016-04-18 00:00:00-04:00,4.71999979019165,4.96999979019165,4.690000057220459,4.690000057220459,20700,0.0,0.0
2016-04-19 00:00:00-04:00,4.659999847412109,4.699999809265137,4.5,4.53000020980835,21900,0.0,0.0
2016-04-20 00:00:00-04:00,4.5,4.639999866485596,4.5,4.610000133514404,16700,0.0,0.0
2016-04-21 00:00:00-04:00,4.630000114440918,4.71999979019165,4.5,4.53000020980835,8000,0.0,0.0
2016-04-22 00:00:00-04:00,4.550000190734863,4.630000114440918,4.46999979019165,4.559999942779541,15000,0.0,0.0
2016-04-25 00:00:00-04:00,4.679999828338623,4.679999828338623,4.539999961853027,4.639999866485596,16700,0.0,0.0
2016-04-26 00:00:00-04:00,4.690000057220459,4.71999979019165,4.519999980926514,4.579999923706055,34400,0.0,0.0
2016-04-27 00:00:00-04:00,4.579999923706055,4.630000114440918,4.510000228881836,4.559999942779541,12400,0.0,0.0
2016-04-28 00:00:00-04:00,4.599999904632568,4.78000020980835,4.550000190734863,4.590000152587891,14200,0.0,0.0
2016-04-29 00:00:00-04:00,4.550000190734863,4.559999942779541,4.510000228881836,4.539999961853027,21700,0.0,0.0
2016-05-02 00:00:00-04:00,4.539999961853027,4.590000152587891,4.510000228881836,4.519999980926514,22900,0.0,0.0
2016-05-03 00:00:00-04:00,4.53000020980835,4.599999904632568,4.53000020980835,4.599999904632568,31700,0.0,0.0
2016-05-04 00:00:00-04:00,4.599999904632568,4.739999771118164,4.570000171661377,4.690000057220459,29900,0.0,0.0
2016-05-05 00:00:00-04:00,4.619999885559082,4.78000020980835,4.510000228881836,4.510000228881836,17800,0.0,0.0
2016-05-06 00:00:00-04:00,4.489999771118164,4.760000228881836,4.369999885559082,4.400000095367432,50500,0.0,0.0
2016-05-09 00:00:00-04:00,4.349999904632568,4.400000095367432,4.199999809265137,4.210000038146973,42100,0.0,0.0
2016-05-10 00:00:00-04:00,4.199999809265137,4.320000171661377,4.099999904632568,4.28000020980835,49200,0.0,0.0
2016-05-11 00:00:00-04:00,4.320000171661377,4.320000171661377,4.269999980926514,4.289999961853027,1100,0.0,0.0
2016-05-12 00:00:00-04:00,4.239999771118164,4.289999961853027,4.170000076293945,4.170000076293945,20300,0.0,0.0
2016-05-13 00:00:00-04:00,4.199999809265137,4.199999809265137,3.859999895095825,3.9600000381469727,102500,0.0,0.0
2016-05-16 00:00:00-04:00,4.010000228881836,4.170000076293945,3.9800000190734863,4.110000133514404,36900,0.0,0.0
2016-05-17 00:00:00-04:00,4.139999866485596,4.139999866485596,3.9600000381469727,3.9600000381469727,57500,0.0,0.0
2016-05-18 00:00:00-04:00,4.289999961853027,4.289999961853027,3.940000057220459,3.9600000381469727,17700,0.0,0.0
2016-05-19 00:00:00-04:00,3.9200000762939453,3.9600000381469727,3.9200000762939453,3.940000057220459,10300,0.0,0.0
2016-05-20 00:00:00-04:00,3.9600000381469727,3.9700000286102295,3.9200000762939453,3.9200000762939453,11100,0.0,0.0
2016-05-23 00:00:00-04:00,3.9100000858306885,3.9700000286102295,3.9100000858306885,3.9200000762939453,29900,0.0,0.0
2016-05-24 00:00:00-04:00,3.940000057220459,3.9700000286102295,3.940000057220459,3.950000047683716,7600,0.0,0.0
2016-05-25 00:00:00-04:00,3.9700000286102295,3.9700000286102295,3.950000047683716,3.9700000286102295,12000,0.0,0.0
2016-05-26 00:00:00-04:00,3.9700000286102295,4.03000020980835,3.9200000762939453,3.990000009536743,24000,0.0,0.0
2016-05-27 00:00:00-04:00,4.059999942779541,4.079999923706055,3.9800000190734863,4.050000190734863,20300,0.0,0.0
2016-05-31 00:00:00-04:00,3.9600000381469727,4.099999904632568,3.9600000381469727,4.070000171661377,24300,0.0,0.0
2016-06-01 00:00:00-04:00,4.090000152587891,4.099999904632568,4.0,4.050000190734863,14000,0.0,0.0
2016-06-02 00:00:00-04:00,4.039999961853027,4.079999923706055,3.9800000190734863,3.9800000190734863,10700,0.0,0.0
2016-06-03 00:00:00-04:00,3.9800000190734863,3.9800000190734863,3.859999895095825,3.9200000762939453,42100,0.0,0.0
2016-06-06 00:00:00-04:00,4.0,4.0,3.890000104904175,3.9100000858306885,29100,0.0,0.0
2016-06-07 00:00:00-04:00,3.9000000953674316,3.9600000381469727,3.799999952316284,3.9200000762939453,53800,0.0,0.0
2016-06-08 00:00:00-04:00,3.9600000381469727,3.9600000381469727,3.799999952316284,3.8399999141693115,19000,0.0,0.0
2016-06-09 00:00:00-04:00,3.8299999237060547,3.8399999141693115,3.7699999809265137,3.7699999809265137,39500,0.0,0.0
2016-06-10 00:00:00-04:00,3.75,3.7699999809265137,3.740000009536743,3.759999990463257,26700,0.0,0.0
2016-06-13 00:00:00-04:00,3.759999990463257,3.7899999618530273,3.7300000190734863,3.7300000190734863,13700,0.0,0.0
2016-06-14 00:00:00-04:00,3.7300000190734863,3.809999942779541,3.7300000190734863,3.7799999713897705,21900,0.0,0.0
2016-06-15 00:00:00-04:00,3.7899999618530273,3.819999933242798,3.7799999713897705,3.7899999618530273,46700,0.0,0.0
2016-06-16 00:00:00-04:00,3.7899999618530273,3.890000104904175,3.7799999713897705,3.8399999141693115,23700,0.0,0.0
2016-06-17 00:00:00-04:00,3.809999942779541,3.9000000953674316,3.799999952316284,3.799999952316284,6800,0.0,0.0
2016-06-20 00:00:00-04:00,3.8499999046325684,3.8499999046325684,3.799999952316284,3.809999942779541,7000,0.0,0.0
2016-06-21 00:00:00-04:00,3.8499999046325684,3.8499999046325684,3.75,3.75,17100,0.0,0.0
2016-06-22 00:00:00-04:00,3.7300000190734863,3.799999952316284,3.690000057220459,3.7200000286102295,13100,0.0,0.0
2016-06-23 00:00:00-04:00,3.7300000190734863,3.7799999713897705,3.609999895095825,3.6600000858306885,40600,0.0,0.0
2016-06-24 00:00:00-04:00,3.5999999046325684,3.690000057220459,3.5899999141693115,3.609999895095825,26800,0.0,0.0
2016-06-27 00:00:00-04:00,3.5999999046325684,3.640000104904175,3.299999952316284,3.309999942779541,32400,0.0,0.0
2016-06-28 00:00:00-04:00,3.4000000953674316,3.5299999713897705,3.4000000953674316,3.4800000190734863,13700,0.0,0.0
2016-06-29 00:00:00-04:00,3.690000057220459,3.690000057220459,3.559999942779541,3.559999942779541,14600,0.0,0.0
2016-06-30 00:00:00-04:00,3.5999999046325684,3.700000047683716,3.549999952316284,3.6500000953674316,35400,0.0,0.0
2016-07-01 00:00:00-04:00,3.619999885559082,3.630000114440918,3.5999999046325684,3.5999999046325684,4200,0.0,0.0
2016-07-05 00:00:00-04:00,3.5899999141693115,3.5999999046325684,3.4000000953674316,3.430000066757202,32800,0.0,0.0
2016-07-06 00:00:00-04:00,3.390000104904175,3.6600000858306885,3.359999895095825,3.619999885559082,33600,0.0,0.0
2016-07-07 00:00:00-04:00,3.680000066757202,3.7300000190734863,3.6700000762939453,3.7300000190734863,23000,0.0,0.0
2016-07-08 00:00:00-04:00,3.7300000190734863,3.7300000190734863,3.7100000381469727,3.7300000190734863,11300,0.0,0.0
2016-07-11 00:00:00-04:00,3.7200000286102295,3.819999933242798,3.700000047683716,3.7899999618530273,29800,0.0,0.0
2016-07-12 00:00:00-04:00,3.7799999713897705,3.809999942779541,3.759999990463257,3.759999990463257,6900,0.0,0.0
2016-07-13 00:00:00-04:00,3.799999952316284,3.799999952316284,3.559999942779541,3.5899999141693115,16000,0.0,0.0
2016-07-14 00:00:00-04:00,3.569999933242798,3.6700000762939453,3.430000066757202,3.440000057220459,30000,0.0,0.0
2016-07-15 00:00:00-04:00,3.4100000858306885,3.4700000286102295,3.4000000953674316,3.4000000953674316,14700,0.0,0.0
2016-07-18 00:00:00-04:00,3.4000000953674316,3.4700000286102295,3.4000000953674316,3.430000066757202,12500,0.0,0.0
2016-07-19 00:00:00-04:00,3.4800000190734863,3.4800000190734863,3.4000000953674316,3.4200000762939453,7000,0.0,0.0
2016-07-20 00:00:00-04:00,3.4200000762939453,3.450000047683716,3.4100000858306885,3.430000066757202,8900,0.0,0.0
2016-07-21 00:00:00-04:00,3.4000000953674316,3.440000057220459,3.4000000953674316,3.4100000858306885,10700,0.0,0.0
2016-07-22 00:00:00-04:00,3.4000000953674316,3.430000066757202,3.2799999713897705,3.309999942779541,15600,0.0,0.0
2016-07-25 00:00:00-04:00,3.299999952316284,3.359999895095825,3.2100000381469727,3.259999990463257,41800,0.0,0.0
2016-07-26 00:00:00-04:00,3.2200000286102295,3.380000114440918,3.2100000381469727,3.25,24500,0.0,0.0
2016-07-27 00:00:00-04:00,3.2799999713897705,3.299999952316284,3.109999895095825,3.130000114440918,63900,0.0,0.0
2016-07-28 00:00:00-04:00,3.109999895095825,3.2300000190734863,3.0999999046325684,3.2300000190734863,164400,0.0,0.0
2016-07-29 00:00:00-04:00,3.25,3.4800000190734863,3.2200000286102295,3.440000057220459,44600,0.0,0.0
2016-08-01 00:00:00-04:00,3.3499999046325684,3.5999999046325684,3.3399999141693115,3.5299999713897705,54000,0.0,0.0
2016-08-02 00:00:00-04:00,3.5399999618530273,3.7899999618530273,3.5399999618530273,3.7300000190734863,56500,0.0,0.0
2016-08-03 00:00:00-04:00,3.759999990463257,3.759999990463257,3.5,3.690000057220459,57600,0.0,0.0
2016-08-04 00:00:00-04:00,3.6600000858306885,3.680000066757202,3.240000009536743,3.490000009536743,50400,0.0,0.0
2016-08-05 00:00:00-04:00,3.25,3.319999933242798,3.0799999237060547,3.2200000286102295,120800,0.0,0.0
2016-08-08 00:00:00-04:00,3.1500000953674316,3.1500000953674316,2.6700000762939453,2.9100000858306885,150900,0.0,0.0
2016-08-09 00:00:00-04:00,3.0,3.049999952316284,2.880000114440918,3.0,78900,0.0,0.0
2016-08-10 00:00:00-04:00,3.0299999713897705,3.049999952316284,2.990000009536743,3.0199999809265137,41400,0.0,0.0
2016-08-11 00:00:00-04:00,3.0,3.140000104904175,3.0,3.0399999618530273,46800,0.0,0.0
2016-08-12 00:00:00-04:00,3.049999952316284,3.119999885559082,3.0299999713897705,3.069999933242798,20100,0.0,0.0
2016-08-15 00:00:00-04:00,3.059999942779541,3.180000066757202,3.009999990463257,3.0999999046325684,36800,0.0,0.0
2016-08-16 00:00:00-04:00,3.0799999237060547,3.140000104904175,3.0799999237060547,3.0899999141693115,44700,0.0,0.0
2016-08-17 00:00:00-04:00,3.0899999141693115,3.0899999141693115,3.0399999618530273,3.059999942779541,38600,0.0,0.0
2016-08-18 00:00:00-04:00,3.049999952316284,3.069999933242798,3.009999990463257,3.009999990463257,4700,0.0,0.0
2016-08-19 00:00:00-04:00,3.009999990463257,3.0399999618530273,3.0,3.009999990463257,11000,0.0,0.0
2016-08-22 00:00:00-04:00,3.0899999141693115,3.0899999141693115,2.819999933242798,2.9100000858306885,44600,0.0,0.0
2016-08-23 00:00:00-04:00,3.059999942779541,3.059999942779541,2.9100000858306885,3.0,6700,0.0,0.0
2016-08-24 00:00:00-04:00,2.9700000286102295,3.0299999713897705,2.9200000762939453,2.950000047683716,21200,0.0,0.0
2016-08-25 00:00:00-04:00,2.9600000381469727,3.0,2.799999952316284,2.930000066757202,4600,0.0,0.0
2016-08-26 00:00:00-04:00,2.930000066757202,3.0,2.7899999618530273,2.9700000286102295,5700,0.0,0.0
2016-08-29 00:00:00-04:00,2.9000000953674316,3.0899999141693115,2.819999933242798,3.069999933242798,45300,0.0,0.0
2016-08-30 00:00:00-04:00,3.0899999141693115,3.0899999141693115,3.0199999809265137,3.0899999141693115,6100,0.0,0.0
2016-08-31 00:00:00-04:00,3.0899999141693115,3.119999885559082,3.049999952316284,3.109999895095825,21000,0.0,0.0
2016-09-01 00:00:00-04:00,3.069999933242798,3.240000009536743,3.049999952316284,3.059999942779541,44500,0.0,0.0
2016-09-02 00:00:00-04:00,3.140000104904175,3.140000104904175,3.0,3.009999990463257,34100,0.0,0.0
2016-09-06 00:00:00-04:00,2.950000047683716,2.9800000190734863,2.880000114440918,2.950000047683716,25800,0.0,0.0
2016-09-07 00:00:00-04:00,2.9100000858306885,3.049999952316284,2.9000000953674316,3.0,47200,0.0,0.0
2016-09-08 00:00:00-04:00,2.990000009536743,3.0199999809265137,2.9200000762939453,2.9800000190734863,22300,0.0,0.0
2016-09-09 00:00:00-04:00,3.0,3.0,2.9100000858306885,2.930000066757202,13700,0.0,0.0
2016-09-12 00:00:00-04:00,2.859999895095825,3.1700000762939453,2.859999895095825,3.130000114440918,89000,0.0,0.0
2016-09-13 00:00:00-04:00,3.200000047683716,3.200000047683716,2.930000066757202,2.930000066757202,15600,0.0,0.0
2016-09-14 00:00:00-04:00,2.950000047683716,2.990000009536743,2.880000114440918,2.9100000858306885,16400,0.0,0.0
2016-09-15 00:00:00-04:00,2.880000114440918,2.990000009536743,2.8499999046325684,2.869999885559082,16900,0.0,0.0
2016-09-16 00:00:00-04:00,2.8499999046325684,2.890000104904175,2.8299999237060547,2.869999885559082,42300,0.0,0.0
2016-09-19 00:00:00-04:00,2.8399999141693115,3.0,2.8399999141693115,2.950000047683716,76100,0.0,0.0
2016-09-20 00:00:00-04:00,2.9000000953674316,2.9200000762939453,2.8299999237060547,2.8299999237060547,36500,0.0,0.0
2016-09-21 00:00:00-04:00,2.930000066757202,2.930000066757202,2.7300000190734863,2.799999952316284,23300,0.0,0.0
2016-09-22 00:00:00-04:00,2.7699999809265137,2.8499999046325684,2.6500000953674316,2.6600000858306885,50200,0.0,0.0
2016-09-23 00:00:00-04:00,2.5999999046325684,2.700000047683716,2.5999999046325684,2.6500000953674316,107600,0.0,0.0
2016-09-26 00:00:00-04:00,2.6500000953674316,2.680000066757202,2.5999999046325684,2.609999895095825,52700,0.0,0.0
2016-09-27 00:00:00-04:00,2.609999895095825,2.6600000858306885,2.5999999046325684,2.609999895095825,22800,0.0,0.0
2016-09-28 00:00:00-04:00,2.5799999237060547,2.680000066757202,2.5799999237060547,2.5799999237060547,42900,0.0,0.0
2016-09-29 00:00:00-04:00,2.630000114440918,2.690000057220459,2.569999933242798,2.5899999141693115,112600,0.0,0.0
2016-09-30 00:00:00-04:00,2.5899999141693115,2.619999885559082,2.559999942779541,2.5899999141693115,85800,0.0,0.0
2016-10-03 00:00:00-04:00,2.5799999237060547,2.619999885559082,2.559999942779541,2.559999942779541,88900,0.0,0.0
2016-10-04 00:00:00-04:00,2.5799999237060547,2.619999885559082,2.4100000858306885,2.440000057220459,69100,0.0,0.0
2016-10-05 00:00:00-04:00,2.440000057220459,2.4800000190734863,2.4200000762939453,2.4700000286102295,43800,0.0,0.0
2016-10-06 00:00:00-04:00,2.4700000286102295,2.5399999618530273,2.4600000381469727,2.5199999809265137,24700,0.0,0.0
2016-10-07 00:00:00-04:00,2.5199999809265137,2.5799999237060547,2.440000057220459,2.4800000190734863,42500,0.0,0.0
2016-10-10 00:00:00-04:00,2.450000047683716,2.5799999237060547,2.450000047683716,2.490000009536743,83400,0.0,0.0
2016-10-11 00:00:00-04:00,2.490000009536743,2.5,2.4200000762939453,2.4200000762939453,14200,0.0,0.0
2016-10-12 00:00:00-04:00,2.4100000858306885,2.430000066757202,2.25,2.259999990463257,19800,0.0,0.0
2016-10-13 00:00:00-04:00,2.240000009536743,2.240000009536743,2.0799999237060547,2.1600000858306885,122600,0.0,0.0
2016-10-14 00:00:00-04:00,2.1600000858306885,2.1600000858306885,2.059999942779541,2.109999895095825,53600,0.0,0.0
2016-10-17 00:00:00-04:00,2.130000114440918,2.25,2.119999885559082,2.200000047683716,5200,0.0,0.0
2016-10-18 00:00:00-04:00,2.180000066757202,2.2300000190734863,2.1500000953674316,2.2200000286102295,30600,0.0,0.0
2016-10-19 00:00:00-04:00,2.25,2.2799999713897705,2.200000047683716,2.2300000190734863,32900,0.0,0.0
2016-10-20 00:00:00-04:00,2.2200000286102295,2.369999885559082,2.2200000286102295,2.3499999046325684,74700,0.0,0.0
2016-10-21 00:00:00-04:00,2.2899999618530273,2.4600000381469727,2.2899999618530273,2.380000114440918,25100,0.0,0.0
2016-10-24 00:00:00-04:00,2.4000000953674316,2.4600000381469727,2.3299999237060547,2.380000114440918,19300,0.0,0.0
2016-10-25 00:00:00-04:00,2.359999895095825,2.430000066757202,2.200000047683716,2.25,36800,0.0,0.0
2016-10-26 00:00:00-04:00,2.2699999809265137,2.369999885559082,2.180000066757202,2.2200000286102295,9700,0.0,0.0
2016-10-27 00:00:00-04:00,2.2200000286102295,2.2200000286102295,2.1600000858306885,2.1600000858306885,12800,0.0,0.0
2016-10-28 00:00:00-04:00,2.1600000858306885,2.2200000286102295,2.1500000953674316,2.1500000953674316,15600,0.0,0.0
2016-10-31 00:00:00-04:00,2.1700000762939453,2.200000047683716,2.1500000953674316,2.190000057220459,13300,0.0,0.0
2016-11-01 00:00:00-04:00,2.2200000286102295,2.2699999809265137,2.069999933242798,2.0899999141693115,25800,0.0,0.0
2016-11-02 00:00:00-04:00,2.1600000858306885,2.1600000858306885,2.0199999809265137,2.0199999809265137,6300,0.0,0.0
2016-11-03 00:00:00-04:00,2.0,2.059999942779541,1.899999976158142,1.909999966621399,51100,0.0,0.0
2016-11-04 00:00:00-04:00,1.9199999570846558,2.2699999809265137,1.909999966621399,2.069999933242798,114000,0.0,0.0
2016-11-07 00:00:00-05:00,2.1500000953674316,2.1500000953674316,2.0,2.0399999618530273,32200,0.0,0.0
2016-11-08 00:00:00-05:00,2.0,2.119999885559082,2.0,2.069999933242798,8300,0.0,0.0
2016-11-09 00:00:00-05:00,2.0299999713897705,2.130000114440918,1.9900000095367432,1.9900000095367432,112800,0.0,0.0
2016-11-10 00:00:00-05:00,2.109999895095825,2.140000104904175,1.909999966621399,2.0,120100,0.0,0.0
2016-11-11 00:00:00-05:00,2.0199999809265137,2.0399999618530273,1.9500000476837158,2.0399999618530273,56500,0.0,0.0
2016-11-14 00:00:00-05:00,2.0799999237060547,2.0799999237060547,2.0299999713897705,2.0399999618530273,20900,0.0,0.0
2016-11-15 00:00:00-05:00,2.0299999713897705,2.1500000953674316,2.0,2.049999952316284,46700,0.0,0.0
2016-11-16 00:00:00-05:00,2.0999999046325684,2.25,2.009999990463257,2.200000047683716,101700,0.0,0.0
2016-11-17 00:00:00-05:00,2.180000066757202,2.25,2.0299999713897705,2.180000066757202,118100,0.0,0.0
2016-11-18 00:00:00-05:00,2.1500000953674316,2.1600000858306885,2.0999999046325684,2.1600000858306885,83700,0.0,0.0
2016-11-21 00:00:00-05:00,2.140000104904175,2.190000057220459,2.0799999237060547,2.1500000953674316,88100,0.0,0.0
2016-11-22 00:00:00-05:00,2.1500000953674316,2.1600000858306885,2.0999999046325684,2.130000114440918,48600,0.0,0.0
2016-11-23 00:00:00-05:00,2.140000104904175,2.1500000953674316,2.059999942779541,2.109999895095825,103600,0.0,0.0
2016-11-25 00:00:00-05:00,2.0899999141693115,2.1700000762939453,2.069999933242798,2.109999895095825,30800,0.0,0.0
2016-11-28 00:00:00-05:00,2.069999933242798,2.0799999237060547,2.0,2.0199999809265137,42900,0.0,0.0
2016-11-29 00:00:00-05:00,2.0,2.109999895095825,1.8700000047683716,1.8700000047683716,200400,0.0,0.0
2016-11-30 00:00:00-05:00,1.899999976158142,1.899999976158142,1.7300000190734863,1.7699999809265137,121500,0.0,0.0
2016-12-01 00:00:00-05:00,1.7699999809265137,1.809999942779541,1.649999976158142,1.690000057220459,103400,0.0,0.0
2016-12-02 00:00:00-05:00,1.7000000476837158,1.7699999809265137,1.7000000476837158,1.75,111500,0.0,0.0
2016-12-05 00:00:00-05:00,1.7300000190734863,1.7799999713897705,1.649999976158142,1.7000000476837158,115100,0.0,0.0
2016-12-06 00:00:00-05:00,1.7400000095367432,1.8300000429153442,1.7000000476837158,1.809999942779541,171300,0.0,0.0
2016-12-07 00:00:00-05:00,1.8200000524520874,1.9500000476837158,1.8200000524520874,1.8600000143051147,85300,0.0,0.0
2016-12-08 00:00:00-05:00,1.899999976158142,1.940000057220459,1.7899999618530273,1.840000033378601,30300,0.0,0.0
2016-12-09 00:00:00-05:00,1.7899999618530273,1.909999966621399,1.649999976158142,1.909999966621399,70500,0.0,0.0
2016-12-12 00:00:00-05:00,1.8799999952316284,1.899999976158142,1.7599999904632568,1.8200000524520874,25200,0.0,0.0
2016-12-13 00:00:00-05:00,1.809999942779541,1.9299999475479126,1.7999999523162842,1.909999966621399,96700,0.0,0.0
2016-12-14 00:00:00-05:00,1.8799999952316284,1.9199999570846558,1.7999999523162842,1.8600000143051147,37300,0.0,0.0
2016-12-15 00:00:00-05:00,1.8799999952316284,2.0299999713897705,1.7999999523162842,1.9600000381469727,112100,0.0,0.0
2016-12-16 00:00:00-05:00,1.9600000381469727,2.0,1.9299999475479126,1.9299999475479126,53700,0.0,0.0
2016-12-19 00:00:00-05:00,1.899999976158142,1.9199999570846558,1.690000057220459,1.8700000047683716,70000,0.0,0.0
2016-12-20 00:00:00-05:00,1.840000033378601,1.940000057220459,1.75,1.840000033378601,81700,0.0,0.0
2016-12-21 00:00:00-05:00,1.809999942779541,1.9299999475479126,1.7999999523162842,1.8799999952316284,65800,0.0,0.0
2016-12-22 00:00:00-05:00,1.840000033378601,1.9199999570846558,1.840000033378601,1.8600000143051147,49600,0.0,0.0
2016-12-23 00:00:00-05:00,1.8200000524520874,2.0,1.8200000524520874,1.9800000190734863,81700,0.0,0.0
2016-12-27 00:00:00-05:00,1.9800000190734863,2.0299999713897705,1.8700000047683716,1.899999976158142,63200,0.0,0.0
2016-12-28 00:00:00-05:00,1.8700000047683716,1.9900000095367432,1.7899999618530273,1.7899999618530273,83100,0.0,0.0
2016-12-29 00:00:00-05:00,1.7599999904632568,1.899999976158142,1.75,1.7699999809265137,71900,0.0,0.0
2016-12-30 00:00:00-05:00,1.7999999523162842,1.8799999952316284,1.7799999713897705,1.8200000524520874,82100,0.0,0.0
2017-01-03 00:00:00-05:00,1.8200000524520874,1.8700000047683716,1.7799999713897705,1.7799999713897705,48900,0.0,0.0
2017-01-04 00:00:00-05:00,1.7999999523162842,1.8600000143051147,1.7799999713897705,1.850000023841858,29700,0.0,0.0
2017-01-05 00:00:00-05:00,1.850000023841858,1.8899999856948853,1.8200000524520874,1.8700000047683716,21900,0.0,0.0
2017-01-06 00:00:00-05:00,1.8700000047683716,1.899999976158142,1.850000023841858,1.850000023841858,9800,0.0,0.0
2017-01-09 00:00:00-05:00,1.8600000143051147,1.8899999856948853,1.75,1.7599999904632568,53100,0.0,0.0
2017-01-10 00:00:00-05:00,1.7799999713897705,1.9500000476837158,1.7599999904632568,1.940000057220459,54400,0.0,0.0
2017-01-11 00:00:00-05:00,1.940000057220459,2.0999999046325684,1.9299999475479126,2.0899999141693115,265800,0.0,0.0
2017-01-12 00:00:00-05:00,2.119999885559082,2.1500000953674316,1.9600000381469727,1.9900000095367432,51400,0.0,0.0
2017-01-13 00:00:00-05:00,1.9800000190734863,2.109999895095825,1.9800000190734863,2.0399999618530273,72600,0.0,0.0
2017-01-17 00:00:00-05:00,2.069999933242798,2.130000114440918,1.909999966621399,1.9600000381469727,42800,0.0,0.0
2017-01-18 00:00:00-05:00,1.9900000095367432,2.0,1.9299999475479126,1.9900000095367432,29500,0.0,0.0
2017-01-19 00:00:00-05:00,1.9600000381469727,2.0399999618530273,1.9500000476837158,2.0,29600,0.0,0.0
2017-01-20 00:00:00-05:00,1.9700000286102295,1.9900000095367432,1.9299999475479126,1.9800000190734863,9300,0.0,0.0
2017-01-23 00:00:00-05:00,1.9500000476837158,1.9700000286102295,1.8799999952316284,1.8899999856948853,22800,0.0,0.0
2017-01-24 00:00:00-05:00,1.8600000143051147,2.0199999809265137,1.8600000143051147,1.9700000286102295,24400,0.0,0.0
2017-01-25 00:00:00-05:00,1.9299999475479126,2.009999990463257,1.9299999475479126,1.9800000190734863,70300,0.0,0.0
2017-01-26 00:00:00-05:00,2.0,2.0,1.899999976158142,1.899999976158142,17000,0.0,0.0
2017-01-27 00:00:00-05:00,1.899999976158142,1.940000057220459,1.8799999952316284,1.940000057220459,37700,0.0,0.0
2017-01-30 00:00:00-05:00,1.909999966621399,2.0,1.8799999952316284,1.899999976158142,11100,0.0,0.0
2017-01-31 00:00:00-05:00,1.809999942779541,1.9600000381469727,1.809999942779541,1.909999966621399,30500,0.0,0.0
2017-02-01 00:00:00-05:00,1.909999966621399,1.9299999475479126,1.8300000429153442,1.9299999475479126,16500,0.0,0.0
2017-02-02 00:00:00-05:00,1.899999976158142,1.909999966621399,1.8200000524520874,1.8799999952316284,14700,0.0,0.0
2017-02-03 00:00:00-05:00,1.850000023841858,1.909999966621399,1.850000023841858,1.8799999952316284,22600,0.0,0.0
2017-02-06 00:00:00-05:00,1.8799999952316284,1.899999976158142,1.7799999713897705,1.7899999618530273,22800,0.0,0.0
2017-02-07 00:00:00-05:00,1.850000023841858,1.850000023841858,1.7599999904632568,1.7799999713897705,43100,0.0,0.0
2017-02-08 00:00:00-05:00,1.7999999523162842,1.8300000429153442,1.7599999904632568,1.7599999904632568,24400,0.0,0.0
2017-02-09 00:00:00-05:00,1.7999999523162842,1.9299999475479126,1.7599999904632568,1.809999942779541,115100,0.0,0.0
2017-02-10 00:00:00-05:00,1.809999942779541,1.899999976158142,1.7899999618530273,1.8200000524520874,56100,0.0,0.0
2017-02-13 00:00:00-05:00,1.8799999952316284,1.8799999952316284,1.7699999809265137,1.7999999523162842,40200,0.0,0.0
2017-02-14 00:00:00-05:00,1.7899999618530273,1.809999942779541,1.75,1.809999942779541,48000,0.0,0.0
2017-02-15 00:00:00-05:00,1.7999999523162842,1.7999999523162842,1.7400000095367432,1.7699999809265137,49800,0.0,0.0
2017-02-16 00:00:00-05:00,1.809999942779541,1.850000023841858,1.7599999904632568,1.7699999809265137,29500,0.0,0.0
2017-02-17 00:00:00-05:00,1.809999942779541,1.809999942779541,1.75,1.7999999523162842,32100,0.0,0.0
2017-02-21 00:00:00-05:00,1.809999942779541,1.8200000524520874,1.7300000190734863,1.7599999904632568,70500,0.0,0.0
2017-02-22 00:00:00-05:00,1.75,1.7699999809265137,1.649999976158142,1.7699999809265137,143500,0.0,0.0
2017-02-23 00:00:00-05:00,1.7000000476837158,1.7699999809265137,1.7000000476837158,1.7400000095367432,43600,0.0,0.0
2017-02-24 00:00:00-05:00,1.7200000286102295,1.7400000095367432,1.7000000476837158,1.7000000476837158,20500,0.0,0.0
2017-02-27 00:00:00-05:00,1.7400000095367432,1.7400000095367432,1.7000000476837158,1.7200000286102295,14100,0.0,0.0
2017-02-28 00:00:00-05:00,1.7000000476837158,1.7400000095367432,1.6799999475479126,1.6799999475479126,30000,0.0,0.0
2017-03-01 00:00:00-05:00,1.690000057220459,1.7100000381469727,1.659999966621399,1.659999966621399,69500,0.0,0.0
2017-03-02 00:00:00-05:00,1.659999966621399,1.690000057220459,1.590000033378601,1.600000023841858,122200,0.0,0.0
2017-03-03 00:00:00-05:00,1.5800000429153442,1.6299999952316284,1.5800000429153442,1.6100000143051147,32000,0.0,0.0
2017-03-06 00:00:00-05:00,1.6299999952316284,1.6299999952316284,1.5299999713897705,1.5700000524520874,133200,0.0,0.0
2017-03-07 00:00:00-05:00,1.5800000429153442,1.600000023841858,1.5399999618530273,1.5499999523162842,67700,0.0,0.0
2017-03-08 00:00:00-05:00,1.5800000429153442,1.600000023841858,1.5099999904632568,1.5099999904632568,67700,0.0,0.0
2017-03-09 00:00:00-05:00,1.5099999904632568,1.7100000381469727,1.5099999904632568,1.600000023841858,60100,0.0,0.0
2017-03-10 00:00:00-05:00,1.6299999952316284,1.7100000381469727,1.5700000524520874,1.600000023841858,42200,0.0,0.0
2017-03-13 00:00:00-04:00,1.6299999952316284,1.6299999952316284,1.5,1.5800000429153442,69700,0.0,0.0
2017-03-14 00:00:00-04:00,1.5,1.5700000524520874,1.399999976158142,1.4199999570846558,106700,0.0,0.0
2017-03-15 00:00:00-04:00,1.4199999570846558,1.4500000476837158,1.399999976158142,1.4299999475479126,37100,0.0,0.0
2017-03-16 00:00:00-04:00,1.4199999570846558,1.5099999904632568,1.4199999570846558,1.5,12800,0.0,0.0
2017-03-17 00:00:00-04:00,1.5,1.5099999904632568,1.4500000476837158,1.4600000381469727,35000,0.0,0.0
2017-03-20 00:00:00-04:00,1.440000057220459,1.4900000095367432,1.399999976158142,1.399999976158142,65400,0.0,0.0
2017-03-21 00:00:00-04:00,1.399999976158142,1.440000057220459,1.2599999904632568,1.2899999618530273,84800,0.0,0.0
2017-03-22 00:00:00-04:00,1.2899999618530273,1.3200000524520874,1.25,1.2999999523162842,63100,0.0,0.0
2017-03-23 00:00:00-04:00,1.3300000429153442,1.409999966621399,1.3200000524520874,1.350000023841858,19900,0.0,0.0
2017-03-24 00:00:00-04:00,1.3799999952316284,1.5,1.3799999952316284,1.440000057220459,21900,0.0,0.0
2017-03-27 00:00:00-04:00,1.4600000381469727,1.4800000190734863,1.409999966621399,1.4700000286102295,12100,0.0,0.0
2017-03-28 00:00:00-04:00,1.4900000095367432,1.5,1.440000057220459,1.4700000286102295,47200,0.0,0.0
2017-03-29 00:00:00-04:00,1.4600000381469727,1.5,1.409999966621399,1.440000057220459,19800,0.0,0.0
2017-03-30 00:00:00-04:00,1.4500000476837158,1.5,1.3899999856948853,1.4299999475479126,52600,0.0,0.0
2017-03-31 00:00:00-04:00,1.4299999475479126,1.4500000476837158,1.3899999856948853,1.399999976158142,16700,0.0,0.0
2017-04-03 00:00:00-04:00,1.399999976158142,1.4299999475479126,1.340000033378601,1.340000033378601,26100,0.0,0.0
2017-04-04 00:00:00-04:00,1.340000033378601,1.3700000047683716,1.2599999904632568,1.2899999618530273,42900,0.0,0.0
2017-04-05 00:00:00-04:00,1.2899999618530273,1.350000023841858,1.2899999618530273,1.2899999618530273,22600,0.0,0.0
2017-04-06 00:00:00-04:00,1.3200000524520874,1.3300000429153442,1.2799999713897705,1.309999942779541,4100,0.0,0.0
2017-04-07 00:00:00-04:00,1.3200000524520874,1.340000033378601,1.2699999809265137,1.2699999809265137,65500,0.0,0.0
2017-04-10 00:00:00-04:00,1.25,1.2699999809265137,1.2100000381469727,1.2300000190734863,29800,0.0,0.0
2017-04-11 00:00:00-04:00,1.2599999904632568,1.4800000190734863,1.2599999904632568,1.3799999952316284,59300,0.0,0.0
2017-04-12 00:00:00-04:00,1.340000033378601,1.4500000476837158,1.3200000524520874,1.3700000047683716,13900,0.0,0.0
2017-04-13 00:00:00-04:00,1.3799999952316284,1.4199999570846558,1.350000023841858,1.3799999952316284,17100,0.0,0.0
2017-04-17 00:00:00-04:00,1.409999966621399,1.409999966621399,1.2599999904632568,1.2899999618530273,41300,0.0,0.0
2017-04-18 00:00:00-04:00,1.2999999523162842,1.350000023841858,1.2599999904632568,1.2999999523162842,20500,0.0,0.0
2017-04-19 00:00:00-04:00,1.309999942779541,1.3300000429153442,1.309999942779541,1.309999942779541,4800,0.0,0.0
2017-04-20 00:00:00-04:00,1.2799999713897705,1.3300000429153442,1.2799999713897705,1.2999999523162842,61600,0.0,0.0
2017-04-21 00:00:00-04:00,1.2999999523162842,1.399999976158142,1.2999999523162842,1.3799999952316284,23600,0.0,0.0
2017-04-24 00:00:00-04:00,1.399999976158142,1.399999976158142,1.340000033378601,1.3700000047683716,18200,0.0,0.0
2017-04-25 00:00:00-04:00,1.340000033378601,1.399999976158142,1.340000033378601,1.3899999856948853,14400,0.0,0.0
2017-04-26 00:00:00-04:00,1.3899999856948853,1.399999976158142,1.3300000429153442,1.340000033378601,97500,0.0,0.0
2017-04-27 00:00:00-04:00,1.3300000429153442,1.3799999952316284,1.2999999523162842,1.309999942779541,304900,0.0,0.0
2017-04-28 00:00:00-04:00,1.3200000524520874,1.4299999475479126,1.2400000095367432,1.2599999904632568,51600,0.0,0.0
2017-05-01 00:00:00-04:00,1.2899999618530273,1.309999942779541,1.190000057220459,1.2100000381469727,65400,0.0,0.0
2017-05-02 00:00:00-04:00,1.2200000286102295,1.25,1.1699999570846558,1.1699999570846558,56900,0.0,0.0
2017-05-03 00:00:00-04:00,1.1799999475479126,1.2000000476837158,1.1799999475479126,1.2000000476837158,26000,0.0,0.0
2017-05-04 00:00:00-04:00,1.2000000476837158,1.2599999904632568,1.1799999475479126,1.2000000476837158,80400,0.0,0.0
2017-05-05 00:00:00-04:00,1.2100000381469727,1.5499999523162842,1.1799999475479126,1.409999966621399,245600,0.0,0.0
2017-05-08 00:00:00-04:00,1.4299999475479126,1.4700000286102295,1.309999942779541,1.3799999952316284,106200,0.0,0.0
2017-05-09 00:00:00-04:00,1.3899999856948853,1.4700000286102295,1.3600000143051147,1.399999976158142,33800,0.0,0.0
2017-05-10 00:00:00-04:00,1.3600000143051147,1.440000057220459,1.350000023841858,1.3700000047683716,37900,0.0,0.0
2017-05-11 00:00:00-04:00,1.309999942779541,1.399999976158142,1.2899999618530273,1.2899999618530273,30200,0.0,0.0
2017-05-12 00:00:00-04:00,1.2899999618530273,1.409999966621399,1.2699999809265137,1.2699999809265137,14800,0.0,0.0
2017-05-15 00:00:00-04:00,1.2899999618530273,1.3200000524520874,1.059999942779541,1.1399999856948853,132400,0.0,0.0
2017-05-16 00:00:00-04:00,1.1699999570846558,1.190000057220459,1.1299999952316284,1.1299999952316284,67000,0.0,0.0
2017-05-17 00:00:00-04:00,1.1299999952316284,1.149999976158142,1.059999942779541,1.0700000524520874,49300,0.0,0.0
2017-05-18 00:00:00-04:00,1.0499999523162842,1.100000023841858,0.9800000190734863,1.0,270800,0.0,0.0
2017-05-19 00:00:00-04:00,1.149999976158142,1.25,1.0299999713897705,1.100000023841858,161800,0.0,0.0
2017-05-22 00:00:00-04:00,1.100000023841858,1.149999976158142,1.0800000429153442,1.1299999952316284,61300,0.0,0.0
2017-05-23 00:00:00-04:00,1.1299999952316284,1.149999976158142,1.0099999904632568,1.0800000429153442,122500,0.0,0.0
2017-05-24 00:00:00-04:00,1.0800000429153442,1.149999976158142,1.0800000429153442,1.149999976158142,22600,0.0,0.0
2017-05-25 00:00:00-04:00,1.149999976158142,1.190000057220459,1.1399999856948853,1.149999976158142,42500,0.0,0.0
2017-05-26 00:00:00-04:00,1.1799999475479126,1.1799999475479126,1.0499999523162842,1.090000033378601,58500,0.0,0.0
2017-05-30 00:00:00-04:00,1.059999942779541,1.090000033378601,1.0499999523162842,1.059999942779541,50000,0.0,0.0
2017-05-31 00:00:00-04:00,1.090000033378601,1.090000033378601,1.0499999523162842,1.0700000524520874,21200,0.0,0.0
2017-06-01 00:00:00-04:00,1.100000023841858,1.1299999952316284,1.0499999523162842,1.059999942779541,19000,0.0,0.0
2017-06-02 00:00:00-04:00,1.0700000524520874,1.0800000429153442,1.059999942779541,1.0800000429153442,8900,0.0,0.0
2017-06-05 00:00:00-04:00,1.0800000429153442,1.1799999475479126,1.0499999523162842,1.159999966621399,75100,0.0,0.0
2017-06-06 00:00:00-04:00,1.149999976158142,1.190000057220459,1.149999976158142,1.190000057220459,10100,0.0,0.0
2017-06-07 00:00:00-04:00,1.2000000476837158,1.2599999904632568,1.1699999570846558,1.2000000476837158,19100,0.0,0.0
2017-06-08 00:00:00-04:00,1.2100000381469727,1.2400000095367432,1.190000057220459,1.2000000476837158,30500,0.0,0.0
2017-06-09 00:00:00-04:00,1.2300000190734863,1.4299999475479126,1.2300000190734863,1.4199999570846558,119800,0.0,0.0
2017-06-12 00:00:00-04:00,1.4800000190734863,1.5,1.2599999904632568,1.2899999618530273,143700,0.0,0.0
2017-06-13 00:00:00-04:00,1.2999999523162842,1.4500000476837158,1.2699999809265137,1.3600000143051147,94200,0.0,0.0
2017-06-14 00:00:00-04:00,1.399999976158142,1.4199999570846558,1.2999999523162842,1.3300000429153442,13500,0.0,0.0
2017-06-15 00:00:00-04:00,1.3300000429153442,1.350000023841858,1.2400000095367432,1.3300000429153442,11900,0.0,0.0
2017-06-16 00:00:00-04:00,1.2999999523162842,1.3600000143051147,1.25,1.3600000143051147,22600,0.0,0.0
2017-06-19 00:00:00-04:00,1.3700000047683716,1.3799999952316284,1.2999999523162842,1.3300000429153442,56200,0.0,0.0
2017-06-20 00:00:00-04:00,1.350000023841858,1.350000023841858,1.3200000524520874,1.340000033378601,12400,0.0,0.0
2017-06-21 00:00:00-04:00,1.350000023841858,1.350000023841858,1.309999942779541,1.309999942779541,15600,0.0,0.0
2017-06-22 00:00:00-04:00,1.2999999523162842,1.350000023841858,1.2999999523162842,1.3200000524520874,22000,0.0,0.0
2017-06-23 00:00:00-04:00,1.350000023841858,1.350000023841858,1.2899999618530273,1.2999999523162842,18600,0.0,0.0
2017-06-26 00:00:00-04:00,1.3300000429153442,1.3300000429153442,1.25,1.2799999713897705,24300,0.0,0.0
2017-06-27 00:00:00-04:00,1.2699999809265137,1.2799999713897705,1.25,1.2699999809265137,32800,0.0,0.0
2017-06-28 00:00:00-04:00,1.25,1.2799999713897705,1.25,1.25,16300,0.0,0.0
2017-06-29 00:00:00-04:00,1.25,1.2899999618530273,1.25,1.2799999713897705,21600,0.0,0.0
2017-06-30 00:00:00-04:00,1.2599999904632568,1.2999999523162842,1.25,1.2899999618530273,14400,0.0,0.0
2017-07-03 00:00:00-04:00,1.2799999713897705,1.2999999523162842,1.2699999809265137,1.2699999809265137,3300,0.0,0.0
2017-07-05 00:00:00-04:00,1.2100000381469727,1.2699999809265137,1.2100000381469727,1.2200000286102295,24400,0.0,0.0
2017-07-06 00:00:00-04:00,1.2300000190734863,1.25,1.2200000286102295,1.2300000190734863,15600,0.0,0.0
2017-07-07 00:00:00-04:00,1.2400000095367432,1.2599999904632568,1.2200000286102295,1.25,3300,0.0,0.0
2017-07-10 00:00:00-04:00,1.2999999523162842,1.2999999523162842,1.2100000381469727,1.2300000190734863,24700,0.0,0.0
2017-07-11 00:00:00-04:00,1.25,1.25,1.2000000476837158,1.2000000476837158,15000,0.0,0.0
2017-07-12 00:00:00-04:00,1.25,1.2899999618530273,1.2000000476837158,1.2100000381469727,103900,0.0,0.0
2017-07-13 00:00:00-04:00,1.2300000190734863,1.309999942779541,1.2300000190734863,1.309999942779541,13800,0.0,0.0
2017-07-14 00:00:00-04:00,1.2799999713897705,1.350000023841858,1.2200000286102295,1.309999942779541,15500,0.0,0.0
2017-07-17 00:00:00-04:00,1.2999999523162842,1.2999999523162842,1.25,1.2599999904632568,21100,0.0,0.0
2017-07-18 00:00:00-04:00,1.2200000286102295,1.2899999618530273,1.2000000476837158,1.2599999904632568,63500,0.0,0.0
2017-07-19 00:00:00-04:00,1.25,1.3200000524520874,1.25,1.2599999904632568,15300,0.0,0.0
2017-07-20 00:00:00-04:00,1.25,1.2899999618530273,1.25,1.2699999809265137,6300,0.0,0.0
2017-07-21 00:00:00-04:00,1.2999999523162842,1.2999999523162842,1.2899999618530273,1.2899999618530273,43000,0.0,0.0
2017-07-24 00:00:00-04:00,1.2699999809265137,1.2999999523162842,1.2300000190734863,1.2300000190734863,8600,0.0,0.0
2017-07-25 00:00:00-04:00,1.2799999713897705,1.2999999523162842,1.2400000095367432,1.2400000095367432,18300,0.0,0.0
2017-07-26 00:00:00-04:00,1.2400000095367432,1.2400000095367432,1.2400000095367432,1.2400000095367432,0,0.0,0.0
2017-07-27 00:00:00-04:00,1.2200000286102295,1.2899999618530273,1.2200000286102295,1.2899999618530273,8900,0.0,0.0
2017-07-28 00:00:00-04:00,1.2799999713897705,1.2799999713897705,1.2300000190734863,1.2799999713897705,8100,0.0,0.0
2017-07-31 00:00:00-04:00,1.2999999523162842,1.2999999523162842,1.2000000476837158,1.2599999904632568,24600,0.0,0.0
2017-08-01 00:00:00-04:00,1.25,1.2599999904632568,1.2000000476837158,1.2100000381469727,10600,0.0,0.0
2017-08-02 00:00:00-04:00,1.2300000190734863,1.2300000190734863,1.149999976158142,1.159999966621399,74800,0.0,0.0
2017-08-03 00:00:00-04:00,1.149999976158142,1.159999966621399,1.0800000429153442,1.159999966621399,55500,0.0,0.0
2017-08-04 00:00:00-04:00,1.090000033378601,1.2899999618530273,1.090000033378601,1.2300000190734863,69300,0.0,0.0
2017-08-07 00:00:00-04:00,1.25,1.2699999809265137,1.1100000143051147,1.2200000286102295,75000,0.0,0.0
2017-08-08 00:00:00-04:00,1.190000057220459,1.190000057220459,1.1200000047683716,1.1399999856948853,23400,0.0,0.0
2017-08-09 00:00:00-04:00,1.100000023841858,1.1399999856948853,1.100000023841858,1.1299999952316284,39400,0.0,0.0
2017-08-10 00:00:00-04:00,1.100000023841858,1.159999966621399,1.100000023841858,1.100000023841858,29200,0.0,0.0
2017-08-11 00:00:00-04:00,1.100000023841858,1.1100000143051147,1.0099999904632568,1.0800000429153442,37700,0.0,0.0
2017-08-14 00:00:00-04:00,1.100000023841858,1.100000023841858,1.0299999713897705,1.0800000429153442,51200,0.0,0.0
2017-08-15 00:00:00-04:00,1.100000023841858,1.100000023841858,1.0199999809265137,1.0199999809265137,33600,0.0,0.0
2017-08-16 00:00:00-04:00,1.0099999904632568,1.059999942779541,1.0099999904632568,1.0199999809265137,42600,0.0,0.0
2017-08-17 00:00:00-04:00,1.0800000429153442,1.100000023841858,1.0399999618530273,1.100000023841858,8800,0.0,0.0
2017-08-18 00:00:00-04:00,1.0499999523162842,1.149999976158142,1.0199999809265137,1.100000023841858,65300,0.0,0.0
2017-08-21 00:00:00-04:00,1.100000023841858,1.2599999904632568,1.090000033378601,1.1399999856948853,141200,0.0,0.0
2017-08-22 00:00:00-04:00,1.1200000047683716,1.1799999475479126,1.1200000047683716,1.1699999570846558,19200,0.0,0.0
2017-08-23 00:00:00-04:00,1.1799999475479126,1.1799999475479126,1.1299999952316284,1.159999966621399,38100,0.0,0.0
2017-08-24 00:00:00-04:00,1.1399999856948853,1.190000057220459,1.1299999952316284,1.1699999570846558,108900,0.0,0.0
2017-08-25 00:00:00-04:00,1.1799999475479126,1.2699999809265137,1.1799999475479126,1.2699999809265137,113100,0.0,0.0
2017-08-28 00:00:00-04:00,1.2699999809265137,1.2899999618530273,1.2300000190734863,1.25,43400,0.0,0.0
2017-08-29 00:00:00-04:00,1.2699999809265137,1.2699999809265137,1.2100000381469727,1.2100000381469727,5900,0.0,0.0
2017-08-30 00:00:00-04:00,1.2200000286102295,1.2799999713897705,1.2000000476837158,1.2799999713897705,6600,0.0,0.0
2017-08-31 00:00:00-04:00,1.2699999809265137,1.2699999809265137,1.1799999475479126,1.1799999475479126,16800,0.0,0.0
2017-09-01 00:00:00-04:00,1.190000057220459,1.25,1.1100000143051147,1.25,61500,0.0,0.0
2017-09-05 00:00:00-04:00,1.2000000476837158,1.25,1.159999966621399,1.190000057220459,49400,0.0,0.0
2017-09-06 00:00:00-04:00,1.190000057220459,1.2100000381469727,1.1299999952316284,1.190000057220459,54100,0.0,0.0
2017-09-07 00:00:00-04:00,1.2000000476837158,1.25,1.1799999475479126,1.2000000476837158,32900,0.0,0.0
2017-09-08 00:00:00-04:00,1.1699999570846558,1.2200000286102295,1.1699999570846558,1.2000000476837158,11200,0.0,0.0
2017-09-11 00:00:00-04:00,1.2000000476837158,1.2400000095367432,1.1699999570846558,1.2000000476837158,15600,0.0,0.0
2017-09-12 00:00:00-04:00,1.2000000476837158,1.2000000476837158,1.149999976158142,1.1699999570846558,58200,0.0,0.0
2017-09-13 00:00:00-04:00,1.149999976158142,1.2400000095367432,1.149999976158142,1.159999966621399,40400,0.0,0.0
2017-09-14 00:00:00-04:00,1.190000057220459,1.190000057220459,1.149999976158142,1.159999966621399,20600,0.0,0.0
2017-09-15 00:00:00-04:00,1.149999976158142,1.25,1.1399999856948853,1.25,50100,0.0,0.0
2017-09-18 00:00:00-04:00,1.2100000381469727,1.25,1.1699999570846558,1.2100000381469727,38400,0.0,0.0
2017-09-19 00:00:00-04:00,1.1699999570846558,1.2400000095367432,1.159999966621399,1.2200000286102295,45100,0.0,0.0
2017-09-20 00:00:00-04:00,1.2200000286102295,1.2400000095367432,1.159999966621399,1.190000057220459,30700,0.0,0.0
2017-09-21 00:00:00-04:00,1.1699999570846558,1.190000057220459,1.159999966621399,1.1799999475479126,7800,0.0,0.0
2017-09-22 00:00:00-04:00,1.190000057220459,1.2000000476837158,1.149999976158142,1.190000057220459,35700,0.0,0.0
2017-09-25 00:00:00-04:00,1.159999966621399,1.2000000476837158,1.149999976158142,1.1799999475479126,64800,0.0,0.0
2017-09-26 00:00:00-04:00,1.1799999475479126,1.1799999475479126,1.1699999570846558,1.1699999570846558,4100,0.0,0.0
2017-09-27 00:00:00-04:00,1.2000000476837158,1.2000000476837158,1.1699999570846558,1.190000057220459,15200,0.0,0.0
2017-09-28 00:00:00-04:00,1.2000000476837158,1.2000000476837158,1.1699999570846558,1.1799999475479126,9000,0.0,0.0
2017-09-29 00:00:00-04:00,1.1799999475479126,1.190000057220459,1.1699999570846558,1.190000057220459,23300,0.0,0.0
2017-10-02 00:00:00-04:00,1.190000057220459,1.2000000476837158,1.159999966621399,1.190000057220459,18300,0.0,0.0
2017-10-03 00:00:00-04:00,1.190000057220459,1.2100000381469727,1.159999966621399,1.159999966621399,20100,0.0,0.0
2017-10-04 00:00:00-04:00,1.159999966621399,1.1799999475479126,1.159999966621399,1.159999966621399,22900,0.0,0.0
2017-10-05 00:00:00-04:00,1.159999966621399,1.1799999475479126,1.1299999952316284,1.1399999856948853,50000,0.0,0.0
2017-10-06 00:00:00-04:00,1.1399999856948853,1.1699999570846558,1.1299999952316284,1.1699999570846558,18700,0.0,0.0
2017-10-09 00:00:00-04:00,1.159999966621399,1.1699999570846558,1.149999976158142,1.1699999570846558,24900,0.0,0.0
2017-10-10 00:00:00-04:00,1.149999976158142,1.1799999475479126,1.1399999856948853,1.159999966621399,40700,0.0,0.0
2017-10-11 00:00:00-04:00,1.1299999952316284,1.2200000286102295,1.1299999952316284,1.190000057220459,111000,0.0,0.0
2017-10-12 00:00:00-04:00,1.190000057220459,1.4600000381469727,1.190000057220459,1.3600000143051147,218800,0.0,0.0
2017-10-13 00:00:00-04:00,1.3799999952316284,1.3899999856948853,1.3300000429153442,1.340000033378601,60700,0.0,0.0
2017-10-16 00:00:00-04:00,1.3700000047683716,1.3700000047683716,1.2100000381469727,1.2699999809265137,85000,0.0,0.0
2017-10-17 00:00:00-04:00,1.190000057220459,1.2699999809265137,1.190000057220459,1.2100000381469727,101600,0.0,0.0
2017-10-18 00:00:00-04:00,1.2100000381469727,1.25,1.149999976158142,1.2300000190734863,81600,0.0,0.0
2017-10-19 00:00:00-04:00,1.25,1.2899999618530273,1.149999976158142,1.149999976158142,84400,0.0,0.0
2017-10-20 00:00:00-04:00,1.2000000476837158,1.2000000476837158,1.1399999856948853,1.1799999475479126,78900,0.0,0.0
2017-10-23 00:00:00-04:00,1.2000000476837158,1.2400000095367432,1.149999976158142,1.149999976158142,26900,0.0,0.0
2017-10-24 00:00:00-04:00,1.1799999475479126,1.190000057220459,1.1399999856948853,1.149999976158142,19300,0.0,0.0
2017-10-25 00:00:00-04:00,1.1799999475479126,1.1799999475479126,1.1200000047683716,1.1399999856948853,28700,0.0,0.0
2017-10-26 00:00:00-04:00,1.1299999952316284,1.1399999856948853,1.1100000143051147,1.1399999856948853,22100,0.0,0.0
2017-10-27 00:00:00-04:00,1.1100000143051147,1.1699999570846558,1.0800000429153442,1.090000033378601,93800,0.0,0.0
2017-10-30 00:00:00-04:00,1.090000033378601,1.149999976158142,1.059999942779541,1.100000023841858,84400,0.0,0.0
2017-10-31 00:00:00-04:00,1.100000023841858,1.159999966621399,1.100000023841858,1.1100000143051147,29700,0.0,0.0
2017-11-01 00:00:00-04:00,1.059999942779541,1.159999966621399,1.059999942779541,1.1200000047683716,30600,0.0,0.0
2017-11-02 00:00:00-04:00,1.100000023841858,1.149999976158142,1.0700000524520874,1.100000023841858,36300,0.0,0.0
2017-11-03 00:00:00-04:00,1.1799999475479126,1.2000000476837158,1.1200000047683716,1.159999966621399,98600,0.0,0.0
2017-11-06 00:00:00-05:00,1.159999966621399,1.190000057220459,1.149999976158142,1.1799999475479126,40500,0.0,0.0
2017-11-07 00:00:00-05:00,1.149999976158142,1.1699999570846558,1.149999976158142,1.159999966621399,23000,0.0,0.0
2017-11-08 00:00:00-05:00,1.149999976158142,1.159999966621399,1.100000023841858,1.1200000047683716,19600,0.0,0.0
2017-11-09 00:00:00-05:00,1.100000023841858,1.149999976158142,1.0700000524520874,1.0800000429153442,15300,0.0,0.0
2017-11-10 00:00:00-05:00,1.1299999952316284,1.1399999856948853,1.0499999523162842,1.0700000524520874,52500,0.0,0.0
2017-11-13 00:00:00-05:00,1.0499999523162842,1.1299999952316284,1.0399999618530273,1.1100000143051147,41200,0.0,0.0
2017-11-14 00:00:00-05:00,1.1100000143051147,1.1299999952316284,1.0499999523162842,1.0499999523162842,15400,0.0,0.0
2017-11-15 00:00:00-05:00,1.0499999523162842,1.100000023841858,1.0099999904632568,1.0499999523162842,55500,0.0,0.0
2017-11-16 00:00:00-05:00,1.0800000429153442,1.1399999856948853,1.0299999713897705,1.0800000429153442,73600,0.0,0.0
2017-11-17 00:00:00-05:00,1.0700000524520874,1.0800000429153442,1.0299999713897705,1.0800000429153442,39000,0.0,0.0
2017-11-20 00:00:00-05:00,1.0700000524520874,1.0800000429153442,1.0399999618530273,1.0499999523162842,27900,0.0,0.0
2017-11-21 00:00:00-05:00,1.0399999618530273,1.0800000429153442,1.0299999713897705,1.0299999713897705,41000,0.0,0.0
2017-11-22 00:00:00-05:00,1.0199999809265137,1.059999942779541,1.0199999809265137,1.0299999713897705,42300,0.0,0.0
2017-11-24 00:00:00-05:00,1.0299999713897705,1.0700000524520874,1.0299999713897705,1.0700000524520874,67800,0.0,0.0
2017-11-27 00:00:00-05:00,1.0800000429153442,1.090000033378601,1.0199999809265137,1.0499999523162842,31000,0.0,0.0
2017-11-28 00:00:00-05:00,1.0399999618530273,1.0700000524520874,1.0399999618530273,1.0499999523162842,29900,0.0,0.0
2017-11-29 00:00:00-05:00,1.0499999523162842,1.0499999523162842,1.0199999809265137,1.0299999713897705,19600,0.0,0.0
2017-11-30 00:00:00-05:00,1.0399999618530273,1.0499999523162842,1.0,1.0399999618530273,76100,0.0,0.0
2017-12-01 00:00:00-05:00,1.0099999904632568,1.0499999523162842,0.9700000286102295,1.0499999523162842,114300,0.0,0.0
2017-12-04 00:00:00-05:00,1.0499999523162842,1.0499999523162842,0.949999988079071,0.9700000286102295,157100,0.0,0.0
2017-12-05 00:00:00-05:00,0.9399999976158142,1.0,0.8899999856948853,0.9399999976158142,91700,0.0,0.0
2017-12-06 00:00:00-05:00,0.9399999976158142,0.9700000286102295,0.9200000166893005,0.9200000166893005,89100,0.0,0.0
2017-12-07 00:00:00-05:00,0.9300000071525574,1.0700000524520874,0.9200000166893005,0.9900000095367432,450700,0.0,0.0
2017-12-08 00:00:00-05:00,0.9300000071525574,1.0399999618530273,0.9200000166893005,0.9399999976158142,49500,0.0,0.0
2017-12-11 00:00:00-05:00,0.9399999976158142,0.9800000190734863,0.9200000166893005,0.9300000071525574,42400,0.0,0.0
2017-12-12 00:00:00-05:00,0.9800000190734863,0.9800000190734863,0.8600000143051147,0.9100000262260437,131900,0.0,0.0
2017-12-13 00:00:00-05:00,0.8799999952316284,0.9200000166893005,0.8799999952316284,0.9100000262260437,93400,0.0,0.0
2017-12-14 00:00:00-05:00,0.8999999761581421,0.9399999976158142,0.8899999856948853,0.9300000071525574,137400,0.0,0.0
2017-12-15 00:00:00-05:00,0.9300000071525574,0.9900000095367432,0.9200000166893005,0.9800000190734863,186100,0.0,0.0
2017-12-18 00:00:00-05:00,0.9900000095367432,1.0499999523162842,0.8700000047683716,1.0199999809265137,269200,0.0,0.0
2017-12-19 00:00:00-05:00,0.9599999785423279,1.0399999618530273,0.9599999785423279,1.0099999904632568,82200,0.0,0.0
2017-12-20 00:00:00-05:00,1.0299999713897705,1.0800000429153442,1.0,1.0099999904632568,41300,0.0,0.0
2017-12-21 00:00:00-05:00,1.0299999713897705,1.059999942779541,1.0099999904632568,1.0399999618530273,72600,0.0,0.0
2017-12-22 00:00:00-05:00,1.0299999713897705,1.0700000524520874,1.0299999713897705,1.0700000524520874,86900,0.0,0.0
2017-12-26 00:00:00-05:00,1.0499999523162842,1.100000023841858,1.0399999618530273,1.0800000429153442,132000,0.0,0.0
2017-12-27 00:00:00-05:00,1.0700000524520874,1.100000023841858,1.0499999523162842,1.090000033378601,115600,0.0,0.0
2017-12-28 00:00:00-05:00,1.100000023841858,1.100000023841858,1.0099999904632568,1.0199999809265137,125500,0.0,0.0
2017-12-29 00:00:00-05:00,1.100000023841858,1.100000023841858,1.0199999809265137,1.0399999618530273,73200,0.0,0.0
2018-01-02 00:00:00-05:00,1.100000023841858,1.100000023841858,1.0399999618530273,1.0399999618530273,40700,0.0,0.0
2018-01-03 00:00:00-05:00,1.1399999856948853,1.1399999856948853,1.0700000524520874,1.1100000143051147,31400,0.0,0.0
2018-01-04 00:00:00-05:00,1.090000033378601,1.100000023841858,1.0800000429153442,1.100000023841858,17000,0.0,0.0
2018-01-05 00:00:00-05:00,1.090000033378601,1.1299999952316284,1.059999942779541,1.0700000524520874,15500,0.0,0.0
2018-01-08 00:00:00-05:00,1.100000023841858,1.1399999856948853,1.059999942779541,1.1200000047683716,12000,0.0,0.0
2018-01-09 00:00:00-05:00,1.100000023841858,1.1200000047683716,1.0700000524520874,1.090000033378601,21900,0.0,0.0
2018-01-10 00:00:00-05:00,1.0700000524520874,1.3700000047683716,1.059999942779541,1.1100000143051147,373900,0.0,0.0
2018-01-11 00:00:00-05:00,1.1200000047683716,1.1299999952316284,1.0700000524520874,1.100000023841858,26600,0.0,0.0
2018-01-12 00:00:00-05:00,1.1100000143051147,1.149999976158142,1.100000023841858,1.1299999952316284,63300,0.0,0.0
2018-01-16 00:00:00-05:00,1.149999976158142,1.149999976158142,1.0700000524520874,1.090000033378601,57100,0.0,0.0
2018-01-17 00:00:00-05:00,1.1100000143051147,1.1100000143051147,1.0700000524520874,1.090000033378601,22200,0.0,0.0
2018-01-18 00:00:00-05:00,1.0700000524520874,1.0800000429153442,1.0099999904632568,1.059999942779541,32700,0.0,0.0
2018-01-19 00:00:00-05:00,1.0499999523162842,1.0700000524520874,1.0299999713897705,1.0299999713897705,8900,0.0,0.0
2018-01-22 00:00:00-05:00,1.0399999618530273,1.100000023841858,1.0099999904632568,1.0299999713897705,6400,0.0,0.0
2018-01-23 00:00:00-05:00,1.059999942779541,1.059999942779541,0.9800000190734863,1.0199999809265137,40200,0.0,0.0
2018-01-24 00:00:00-05:00,1.0199999809265137,1.0499999523162842,1.0199999809265137,1.0399999618530273,4500,0.0,0.0
2018-01-25 00:00:00-05:00,1.0700000524520874,1.0700000524520874,1.0099999904632568,1.0299999713897705,7500,0.0,0.0
2018-01-26 00:00:00-05:00,1.0199999809265137,1.0299999713897705,1.0099999904632568,1.0299999713897705,37400,0.0,0.0
2018-01-29 00:00:00-05:00,1.0199999809265137,1.059999942779541,1.0,1.0099999904632568,74700,0.0,0.0
2018-01-30 00:00:00-05:00,1.0099999904632568,1.0299999713897705,0.9599999785423279,0.9700000286102295,59100,0.0,0.0
2018-01-31 00:00:00-05:00,0.9599999785423279,0.9800000190734863,0.9599999785423279,0.9700000286102295,20900,0.0,0.0
2018-02-01 00:00:00-05:00,0.9599999785423279,0.9800000190734863,0.9399999976158142,0.9599999785423279,15900,0.0,0.0
2018-02-02 00:00:00-05:00,0.8999999761581421,0.949999988079071,0.8899999856948853,0.9100000262260437,70000,0.0,0.0
2018-02-05 00:00:00-05:00,0.9300000071525574,0.9399999976158142,0.8799999952316284,0.8799999952316284,32100,0.0,0.0
2018-02-06 00:00:00-05:00,0.8999999761581421,0.9200000166893005,0.8500000238418579,0.8600000143051147,119100,0.0,0.0
2018-02-07 00:00:00-05:00,1.0,1.0,0.8700000047683716,0.9200000166893005,22100,0.0,0.0
2018-02-08 00:00:00-05:00,0.8899999856948853,0.9200000166893005,0.8799999952316284,0.8999999761581421,56400,0.0,0.0
2018-02-09 00:00:00-05:00,0.8999999761581421,0.9100000262260437,0.8500000238418579,0.8899999856948853,115000,0.0,0.0
2018-02-12 00:00:00-05:00,0.9200000166893005,0.9200000166893005,0.8799999952316284,0.8999999761581421,81800,0.0,0.0
2018-02-13 00:00:00-05:00,0.9200000166893005,0.949999988079071,0.8899999856948853,0.8999999761581421,43300,0.0,0.0
2018-02-14 00:00:00-05:00,0.949999988079071,0.949999988079071,0.8799999952316284,0.8799999952316284,49500,0.0,0.0
2018-02-15 00:00:00-05:00,0.8799999952316284,0.8999999761581421,0.8799999952316284,0.8899999856948853,25700,0.0,0.0
2018-02-16 00:00:00-05:00,0.9200000166893005,0.9900000095367432,0.8799999952316284,0.9599999785423279,14400,0.0,0.0
2018-02-20 00:00:00-05:00,0.9800000190734863,0.9800000190734863,0.8999999761581421,0.9800000190734863,9400,0.0,0.0
2018-02-21 00:00:00-05:00,0.9800000190734863,0.9800000190734863,0.8899999856948853,0.8999999761581421,7500,0.0,0.0
2018-02-22 00:00:00-05:00,0.9399999976158142,0.9399999976158142,0.8700000047683716,0.8799999952316284,53200,0.0,0.0
2018-02-23 00:00:00-05:00,0.9200000166893005,0.949999988079071,0.8600000143051147,0.9200000166893005,3600,0.0,0.0
2018-02-26 00:00:00-05:00,0.9200000166893005,0.9200000166893005,0.8999999761581421,0.9100000262260437,19700,0.0,0.0
2018-02-27 00:00:00-05:00,0.9100000262260437,0.9700000286102295,0.9100000262260437,0.9300000071525574,4000,0.0,0.0
2018-02-28 00:00:00-05:00,0.949999988079071,0.949999988079071,0.9399999976158142,0.9399999976158142,3600,0.0,0.0
2018-03-01 00:00:00-05:00,0.949999988079071,0.949999988079071,0.9100000262260437,0.9100000262260437,2100,0.0,0.0
2018-03-02 00:00:00-05:00,0.8999999761581421,0.9200000166893005,0.8600000143051147,0.8600000143051147,59100,0.0,0.0
2018-03-05 00:00:00-05:00,0.8799999952316284,0.9200000166893005,0.8799999952316284,0.8999999761581421,16500,0.0,0.0
2018-03-06 00:00:00-05:00,0.8700000047683716,0.9200000166893005,0.8700000047683716,0.8700000047683716,14200,0.0,0.0
2018-03-07 00:00:00-05:00,0.8700000047683716,0.9200000166893005,0.8700000047683716,0.8899999856948853,53500,0.0,0.0
2018-03-08 00:00:00-05:00,0.9100000262260437,0.9200000166893005,0.8799999952316284,0.9100000262260437,54900,0.0,0.0
2018-03-09 00:00:00-05:00,0.9100000262260437,1.0,0.8899999856948853,0.9700000286102295,84400,0.0,0.0
2018-03-12 00:00:00-04:00,0.9900000095367432,1.0199999809265137,0.9300000071525574,0.9900000095367432,25600,0.0,0.0
2018-03-13 00:00:00-04:00,1.0099999904632568,1.0099999904632568,0.9300000071525574,0.9300000071525574,16500,0.0,0.0
2018-03-14 00:00:00-04:00,0.9200000166893005,0.9800000190734863,0.8999999761581421,0.9800000190734863,17600,0.0,0.0
2018-03-15 00:00:00-04:00,0.949999988079071,1.0399999618530273,0.9300000071525574,1.0,195600,0.0,0.0
2018-03-16 00:00:00-04:00,1.0199999809265137,1.0199999809265137,0.949999988079071,1.0,41000,0.0,0.0
2018-03-19 00:00:00-04:00,1.0,1.0099999904632568,0.949999988079071,1.0,7100,0.0,0.0
2018-03-20 00:00:00-04:00,0.9900000095367432,1.0,0.9599999785423279,0.9599999785423279,7800,0.0,0.0
2018-03-21 00:00:00-04:00,1.0,1.0,0.8999999761581421,0.9599999785423279,6500,0.0,0.0
2018-03-22 00:00:00-04:00,0.9200000166893005,0.9700000286102295,0.8999999761581421,0.9200000166893005,23600,0.0,0.0
2018-03-23 00:00:00-04:00,0.9200000166893005,0.9700000286102295,0.8999999761581421,0.9200000166893005,10600,0.0,0.0
2018-03-26 00:00:00-04:00,0.949999988079071,0.949999988079071,0.9200000166893005,0.9200000166893005,22000,0.0,0.0
2018-03-27 00:00:00-04:00,0.9399999976158142,0.949999988079071,0.9200000166893005,0.9399999976158142,34500,0.0,0.0
2018-03-28 00:00:00-04:00,0.949999988079071,0.9599999785423279,0.9200000166893005,0.9599999785423279,36400,0.0,0.0
2018-03-29 00:00:00-04:00,0.949999988079071,1.100000023841858,0.949999988079071,0.9800000190734863,83300,0.0,0.0
2018-04-02 00:00:00-04:00,0.9800000190734863,1.0199999809265137,0.9800000190734863,1.0199999809265137,72100,0.0,0.0
2018-04-03 00:00:00-04:00,1.0299999713897705,1.2000000476837158,1.0,1.1399999856948853,732800,0.0,0.0
2018-04-04 00:00:00-04:00,1.1399999856948853,1.1699999570846558,1.090000033378601,1.1299999952316284,165800,0.0,0.0
2018-04-05 00:00:00-04:00,1.1299999952316284,1.1399999856948853,1.0499999523162842,1.0499999523162842,155600,0.0,0.0
2018-04-06 00:00:00-04:00,1.0499999523162842,1.0800000429153442,1.0,1.0299999713897705,96900,0.0,0.0
2018-04-09 00:00:00-04:00,1.059999942779541,1.1699999570846558,1.0299999713897705,1.1699999570846558,461900,0.0,0.0
2018-04-10 00:00:00-04:00,1.1699999570846558,1.190000057220459,1.0299999713897705,1.0399999618530273,489200,0.0,0.0
2018-04-11 00:00:00-04:00,1.0299999713897705,1.0800000429153442,0.9800000190734863,1.0399999618530273,87100,0.0,0.0
2018-04-12 00:00:00-04:00,1.0399999618530273,1.059999942779541,0.9800000190734863,1.0199999809265137,58400,0.0,0.0
2018-04-13 00:00:00-04:00,1.0199999809265137,1.0399999618530273,1.0099999904632568,1.0399999618530273,34300,0.0,0.0
2018-04-16 00:00:00-04:00,1.0399999618530273,1.0399999618530273,0.9800000190734863,0.9900000095367432,27800,0.0,0.0
2018-04-17 00:00:00-04:00,1.0099999904632568,1.0499999523162842,0.9800000190734863,1.0,73600,0.0,0.0
2018-04-18 00:00:00-04:00,1.0,1.0299999713897705,0.9900000095367432,0.9900000095367432,52900,0.0,0.0
2018-04-19 00:00:00-04:00,0.9900000095367432,1.0099999904632568,0.9599999785423279,1.0,70100,0.0,0.0
2018-04-20 00:00:00-04:00,1.0099999904632568,1.0099999904632568,0.9800000190734863,1.0,12800,0.0,0.0
2018-04-23 00:00:00-04:00,1.0099999904632568,1.0299999713897705,0.9800000190734863,1.0,29300,0.0,0.0
2018-04-24 00:00:00-04:00,0.9900000095367432,0.9900000095367432,0.9200000166893005,0.9399999976158142,68900,0.0,0.0
2018-04-25 00:00:00-04:00,0.9599999785423279,1.0299999713897705,0.9200000166893005,0.949999988079071,37900,0.0,0.0
2018-04-26 00:00:00-04:00,0.9800000190734863,0.9800000190734863,0.9200000166893005,0.9399999976158142,28700,0.0,0.0
2018-04-27 00:00:00-04:00,0.9399999976158142,0.949999988079071,0.9399999976158142,0.949999988079071,6700,0.0,0.0
2018-04-30 00:00:00-04:00,0.9399999976158142,0.9599999785423279,0.9100000262260437,0.949999988079071,65700,0.0,0.0
2018-05-01 00:00:00-04:00,0.9800000190734863,0.9800000190734863,0.9100000262260437,0.9300000071525574,10500,0.0,0.0
2018-05-02 00:00:00-04:00,0.9599999785423279,0.9700000286102295,0.8999999761581421,0.9300000071525574,53300,0.0,0.0
2018-05-03 00:00:00-04:00,0.9300000071525574,0.9599999785423279,0.8600000143051147,0.8700000047683716,44800,0.0,0.0
2018-05-04 00:00:00-04:00,0.9100000262260437,0.9300000071525574,0.8899999856948853,0.9200000166893005,9200,0.0,0.0
2018-05-07 00:00:00-04:00,0.8999999761581421,0.9100000262260437,0.8799999952316284,0.8999999761581421,52900,0.0,0.0
2018-05-08 00:00:00-04:00,0.9200000166893005,0.9300000071525574,0.8700000047683716,0.8700000047683716,44300,0.0,0.0
2018-05-09 00:00:00-04:00,0.8700000047683716,0.8899999856948853,0.8500000238418579,0.8899999856948853,102700,0.0,0.0
2018-05-10 00:00:00-04:00,0.8899999856948853,0.9200000166893005,0.8600000143051147,0.8600000143051147,18200,0.0,0.0
2018-05-11 00:00:00-04:00,0.8799999952316284,0.8799999952316284,0.8500000238418579,0.8500000238418579,79700,0.0,0.0
2018-05-14 00:00:00-04:00,0.8500000238418579,0.8700000047683716,0.8500000238418579,0.8600000143051147,44200,0.0,0.0
2018-05-15 00:00:00-04:00,0.8999999761581421,0.9900000095367432,0.8799999952316284,0.9300000071525574,110500,0.0,0.0
2018-05-16 00:00:00-04:00,0.949999988079071,0.949999988079071,0.8600000143051147,0.8700000047683716,108800,0.0,0.0
2018-05-17 00:00:00-04:00,0.9300000071525574,0.9300000071525574,0.8500000238418579,0.8600000143051147,106000,0.0,0.0
2018-05-18 00:00:00-04:00,0.8600000143051147,0.8700000047683716,0.8500000238418579,0.8600000143051147,53300,0.0,0.0
2018-05-21 00:00:00-04:00,0.8500000238418579,0.8700000047683716,0.8199999928474426,0.8199999928474426,114700,0.0,0.0
2018-05-22 00:00:00-04:00,0.8600000143051147,0.8700000047683716,0.8199999928474426,0.8399999737739563,61100,0.0,0.0
2018-05-23 00:00:00-04:00,0.8500000238418579,0.8500000238418579,0.8199999928474426,0.8399999737739563,41800,0.0,0.0
2018-05-24 00:00:00-04:00,0.8199999928474426,0.8399999737739563,0.800000011920929,0.8399999737739563,49200,0.0,0.0
2018-05-25 00:00:00-04:00,0.8399999737739563,0.8500000238418579,0.8100000023841858,0.8500000238418579,18100,0.0,0.0
2018-05-29 00:00:00-04:00,0.8500000238418579,0.8500000238418579,0.8299999833106995,0.8299999833106995,11600,0.0,0.0
2018-05-30 00:00:00-04:00,0.8500000238418579,0.8500000238418579,0.800000011920929,0.800000011920929,26200,0.0,0.0
2018-05-31 00:00:00-04:00,0.800000011920929,0.8299999833106995,0.800000011920929,0.8100000023841858,62300,0.0,0.0
2018-06-01 00:00:00-04:00,0.800000011920929,0.8500000238418579,0.800000011920929,0.8500000238418579,36200,0.0,0.0
2018-06-04 00:00:00-04:00,0.8199999928474426,0.8500000238418579,0.800000011920929,0.8399999737739563,36700,0.0,0.0
2018-06-05 00:00:00-04:00,0.8500000238418579,0.9300000071525574,0.8500000238418579,0.9300000071525574,24500,0.0,0.0
2018-06-06 00:00:00-04:00,0.9100000262260437,0.9100000262260437,0.8700000047683716,0.8700000047683716,38800,0.0,0.0
2018-06-07 00:00:00-04:00,0.8999999761581421,0.949999988079071,0.8999999761581421,0.9399999976158142,33700,0.0,0.0
2018-06-08 00:00:00-04:00,0.8700000047683716,0.9399999976158142,0.8700000047683716,0.8899999856948853,39300,0.0,0.0
2018-06-11 00:00:00-04:00,0.8700000047683716,0.9399999976158142,0.8700000047683716,0.8999999761581421,5300,0.0,0.0
2018-06-12 00:00:00-04:00,0.9300000071525574,0.9800000190734863,0.8700000047683716,0.9100000262260437,11400,0.0,0.0
2018-06-13 00:00:00-04:00,0.8700000047683716,0.9100000262260437,0.8700000047683716,0.8799999952316284,10700,0.0,0.0
2018-06-14 00:00:00-04:00,0.8799999952316284,0.9200000166893005,0.8700000047683716,0.8700000047683716,17700,0.0,0.0
2018-06-15 00:00:00-04:00,0.8700000047683716,0.9900000095367432,0.800000011920929,0.800000011920929,37800,0.0,0.0
2018-06-18 00:00:00-04:00,0.8700000047683716,0.8999999761581421,0.8399999737739563,0.8500000238418579,5300,0.0,0.0
2018-06-19 00:00:00-04:00,0.8399999737739563,0.9300000071525574,0.8100000023841858,0.8399999737739563,16000,0.0,0.0
2018-06-20 00:00:00-04:00,0.8100000023841858,0.8700000047683716,0.8100000023841858,0.8500000238418579,13300,0.0,0.0
2018-06-21 00:00:00-04:00,0.8399999737739563,0.8799999952316284,0.8199999928474426,0.8199999928474426,3500,0.0,0.0
2018-06-22 00:00:00-04:00,0.8199999928474426,0.8899999856948853,0.6000000238418579,0.6000000238418579,51300,0.0,0.0
2018-06-25 00:00:00-04:00,0.7099999785423279,0.9800000190734863,0.7099999785423279,0.7900000214576721,172900,0.0,0.0
2018-06-26 00:00:00-04:00,0.7900000214576721,0.8399999737739563,0.7900000214576721,0.8100000023841858,59200,0.0,0.0
2018-06-27 00:00:00-04:00,0.8100000023841858,0.8199999928474426,0.7900000214576721,0.7900000214576721,48500,0.0,0.0
2018-06-28 00:00:00-04:00,0.7900000214576721,0.800000011920929,0.7900000214576721,0.7900000214576721,24200,0.0,0.0
2018-06-29 00:00:00-04:00,0.7900000214576721,0.8199999928474426,0.7900000214576721,0.8199999928474426,41100,0.0,0.0
2018-07-02 00:00:00-04:00,0.8199999928474426,0.8299999833106995,0.7900000214576721,0.8199999928474426,11100,0.0,0.0
2018-07-03 00:00:00-04:00,0.8199999928474426,0.8199999928474426,0.7900000214576721,0.7900000214576721,10900,0.0,0.0
2018-07-05 00:00:00-04:00,0.7900000214576721,0.8299999833106995,0.7900000214576721,0.8100000023841858,15900,0.0,0.0
2018-07-06 00:00:00-04:00,0.8299999833106995,1.100000023841858,0.8299999833106995,0.9200000166893005,345400,0.0,0.0
2018-07-09 00:00:00-04:00,0.8500000238418579,0.9100000262260437,0.8500000238418579,0.9100000262260437,40100,0.0,0.0
2018-07-10 00:00:00-04:00,0.949999988079071,0.949999988079071,0.8100000023841858,0.8500000238418579,25100,0.0,0.0
2018-07-11 00:00:00-04:00,0.8500000238418579,0.8500000238418579,0.8199999928474426,0.8399999737739563,30400,0.0,0.0
2018-07-12 00:00:00-04:00,0.8299999833106995,0.8799999952316284,0.8299999833106995,0.8700000047683716,42000,0.0,0.0
2018-07-13 00:00:00-04:00,0.8399999737739563,0.8700000047683716,0.8199999928474426,0.8299999833106995,11500,0.0,0.0
2018-07-16 00:00:00-04:00,0.8199999928474426,0.8799999952316284,0.7799999713897705,0.800000011920929,27300,0.0,0.0
2018-07-17 00:00:00-04:00,0.800000011920929,0.8700000047683716,0.800000011920929,0.8299999833106995,9000,0.0,0.0
2018-07-18 00:00:00-04:00,0.8199999928474426,0.8700000047683716,0.8199999928474426,0.8500000238418579,10500,0.0,0.0
2018-07-19 00:00:00-04:00,0.8199999928474426,0.8600000143051147,0.8199999928474426,0.8199999928474426,14900,0.0,0.0
2018-07-20 00:00:00-04:00,0.8199999928474426,0.8399999737739563,0.8199999928474426,0.8299999833106995,8700,0.0,0.0
2018-07-23 00:00:00-04:00,0.8199999928474426,0.8799999952316284,0.8199999928474426,0.8500000238418579,20700,0.0,0.0
2018-07-24 00:00:00-04:00,0.8600000143051147,0.8799999952316284,0.8600000143051147,0.8700000047683716,44100,0.0,0.0
2018-07-25 00:00:00-04:00,0.8500000238418579,0.8700000047683716,0.8500000238418579,0.8500000238418579,23600,0.0,0.0
2018-07-26 00:00:00-04:00,0.8799999952316284,0.9300000071525574,0.8299999833106995,0.9200000166893005,54300,0.0,0.0
2018-07-27 00:00:00-04:00,0.8899999856948853,0.9100000262260437,0.8799999952316284,0.9100000262260437,7100,0.0,0.0
2018-07-30 00:00:00-04:00,0.8899999856948853,0.9399999976158142,0.8899999856948853,0.9200000166893005,11800,0.0,0.0
2018-07-31 00:00:00-04:00,0.9100000262260437,0.949999988079071,0.8999999761581421,0.9200000166893005,58100,0.0,0.0
2018-08-01 00:00:00-04:00,0.9300000071525574,0.9900000095367432,0.9300000071525574,0.949999988079071,16000,0.0,0.0
2018-08-02 00:00:00-04:00,0.949999988079071,0.9700000286102295,0.9399999976158142,0.9700000286102295,19200,0.0,0.0
2018-08-03 00:00:00-04:00,0.949999988079071,0.9700000286102295,0.8299999833106995,0.949999988079071,16900,0.0,0.0
2018-08-06 00:00:00-04:00,0.9200000166893005,0.9700000286102295,0.9200000166893005,0.9300000071525574,5500,0.0,0.0
2018-08-07 00:00:00-04:00,0.9300000071525574,0.9300000071525574,0.8999999761581421,0.9300000071525574,2100,0.0,0.0
2018-08-08 00:00:00-04:00,0.9300000071525574,0.9300000071525574,0.8700000047683716,0.8899999856948853,18300,0.0,0.0
2018-08-09 00:00:00-04:00,0.8700000047683716,0.8999999761581421,0.8700000047683716,0.8899999856948853,12600,0.0,0.0
2018-08-10 00:00:00-04:00,0.8799999952316284,0.8999999761581421,0.8799999952316284,0.8999999761581421,8100,0.0,0.0
2018-08-13 00:00:00-04:00,0.8999999761581421,0.8999999761581421,0.8500000238418579,0.8600000143051147,29800,0.0,0.0
2018-08-14 00:00:00-04:00,0.8999999761581421,0.9200000166893005,0.8700000047683716,0.8899999856948853,45900,0.0,0.0
2018-08-15 00:00:00-04:00,0.8500000238418579,0.8899999856948853,0.8500000238418579,0.8799999952316284,16600,0.0,0.0
2018-08-16 00:00:00-04:00,0.8899999856948853,0.8999999761581421,0.8600000143051147,0.8799999952316284,68600,0.0,0.0
2018-08-17 00:00:00-04:00,0.8799999952316284,0.8999999761581421,0.8600000143051147,0.8899999856948853,12700,0.0,0.0
2018-08-20 00:00:00-04:00,0.9200000166893005,1.0800000429153442,0.9200000166893005,1.0199999809265137,129600,0.0,0.0
2018-08-21 00:00:00-04:00,1.0299999713897705,1.090000033378601,1.0,1.0199999809265137,88300,0.0,0.0
2018-08-22 00:00:00-04:00,1.0499999523162842,1.100000023841858,1.0499999523162842,1.090000033378601,56200,0.0,0.0
2018-08-23 00:00:00-04:00,1.090000033378601,1.2400000095367432,1.0800000429153442,1.1799999475479126,274100,0.0,0.0
2018-08-24 00:00:00-04:00,1.2400000095367432,1.340000033378601,1.1100000143051147,1.2599999904632568,140400,0.0,0.0
2018-08-27 00:00:00-04:00,1.2599999904632568,1.3200000524520874,1.2000000476837158,1.2400000095367432,130500,0.0,0.0
2018-08-28 00:00:00-04:00,1.25,1.2999999523162842,1.1299999952316284,1.149999976158142,140700,0.0,0.0
2018-08-29 00:00:00-04:00,1.149999976158142,1.190000057220459,1.0800000429153442,1.1699999570846558,75700,0.0,0.0
2018-08-30 00:00:00-04:00,1.159999966621399,1.159999966621399,1.0800000429153442,1.0800000429153442,45900,0.0,0.0
2018-08-31 00:00:00-04:00,1.0800000429153442,1.149999976158142,1.059999942779541,1.149999976158142,38800,0.0,0.0
2018-09-04 00:00:00-04:00,1.1399999856948853,1.1399999856948853,1.090000033378601,1.100000023841858,33400,0.0,0.0
2018-09-05 00:00:00-04:00,1.1100000143051147,1.1299999952316284,1.100000023841858,1.1299999952316284,34300,0.0,0.0
2018-09-06 00:00:00-04:00,1.1399999856948853,1.2300000190734863,1.1200000047683716,1.1299999952316284,48100,0.0,0.0
2018-09-07 00:00:00-04:00,1.149999976158142,1.2000000476837158,1.149999976158142,1.190000057220459,26700,0.0,0.0
2018-09-10 00:00:00-04:00,1.2200000286102295,1.2799999713897705,1.2200000286102295,1.2699999809265137,132100,0.0,0.0
2018-09-11 00:00:00-04:00,1.2699999809265137,1.2699999809265137,1.2100000381469727,1.2400000095367432,44400,0.0,0.0
2018-09-12 00:00:00-04:00,1.2699999809265137,1.2699999809265137,1.2000000476837158,1.2699999809265137,56800,0.0,0.0
2018-09-13 00:00:00-04:00,1.2599999904632568,1.5499999523162842,1.25,1.4299999475479126,583000,0.0,0.0
2018-09-14 00:00:00-04:00,1.4500000476837158,1.4500000476837158,1.3600000143051147,1.409999966621399,120500,0.0,0.0
2018-09-17 00:00:00-04:00,1.3899999856948853,1.399999976158142,1.2100000381469727,1.3300000429153442,143700,0.0,0.0
2018-09-18 00:00:00-04:00,1.2999999523162842,1.3300000429153442,1.2899999618530273,1.3200000524520874,28600,0.0,0.0
2018-09-19 00:00:00-04:00,1.3200000524520874,1.340000033378601,1.2899999618530273,1.2899999618530273,34600,0.0,0.0
2018-09-20 00:00:00-04:00,1.309999942779541,1.3300000429153442,1.2999999523162842,1.309999942779541,24800,0.0,0.0
2018-09-21 00:00:00-04:00,1.3200000524520874,1.3200000524520874,1.2100000381469727,1.2100000381469727,44500,0.0,0.0
2018-09-24 00:00:00-04:00,1.2200000286102295,1.440000057220459,1.2200000286102295,1.440000057220459,259800,0.0,0.0
2018-09-25 00:00:00-04:00,1.4500000476837158,1.8300000429153442,1.4199999570846558,1.649999976158142,473700,0.0,0.0
2018-09-26 00:00:00-04:00,1.6799999475479126,1.7999999523162842,1.600000023841858,1.649999976158142,230000,0.0,0.0
2018-09-27 00:00:00-04:00,1.6200000047683716,1.649999976158142,1.4500000476837158,1.5,125300,0.0,0.0
2018-09-28 00:00:00-04:00,1.5,1.600000023841858,1.4600000381469727,1.5700000524520874,45000,0.0,0.0
2018-10-01 00:00:00-04:00,1.600000023841858,1.6399999856948853,1.5499999523162842,1.6299999952316284,67300,0.0,0.0
2018-10-02 00:00:00-04:00,1.559999942779541,1.7999999523162842,1.559999942779541,1.7599999904632568,212300,0.0,0.0
2018-10-03 00:00:00-04:00,1.7699999809265137,1.9500000476837158,1.690000057220459,1.7999999523162842,451400,0.0,0.0
2018-10-04 00:00:00-04:00,1.840000033378601,1.8600000143051147,1.6200000047683716,1.7999999523162842,99900,0.0,0.0
2018-10-05 00:00:00-04:00,1.7899999618530273,1.7899999618530273,1.659999966621399,1.7000000476837158,42000,0.0,0.0
2018-10-08 00:00:00-04:00,1.7000000476837158,1.8200000524520874,1.6200000047683716,1.7599999904632568,58100,0.0,0.0
2018-10-09 00:00:00-04:00,1.75,1.840000033378601,1.7000000476837158,1.75,39400,0.0,0.0
2018-10-10 00:00:00-04:00,1.7100000381469727,1.7799999713897705,1.6100000143051147,1.7100000381469727,75500,0.0,0.0
2018-10-11 00:00:00-04:00,1.7300000190734863,1.7599999904632568,1.690000057220459,1.7400000095367432,30900,0.0,0.0
2018-10-12 00:00:00-04:00,1.7100000381469727,1.75,1.659999966621399,1.7000000476837158,31700,0.0,0.0
2018-10-15 00:00:00-04:00,1.7100000381469727,1.75,1.6299999952316284,1.649999976158142,54200,0.0,0.0
2018-10-16 00:00:00-04:00,1.649999976158142,1.7000000476837158,1.5199999809265137,1.5800000429153442,71500,0.0,0.0
2018-10-17 00:00:00-04:00,1.5499999523162842,1.5499999523162842,1.4600000381469727,1.4800000190734863,111800,0.0,0.0
2018-10-18 00:00:00-04:00,1.4800000190734863,1.600000023841858,1.4800000190734863,1.4800000190734863,107300,0.0,0.0
2018-10-19 00:00:00-04:00,1.4700000286102295,1.4800000190734863,1.409999966621399,1.409999966621399,40400,0.0,0.0
2018-10-22 00:00:00-04:00,1.440000057220459,1.440000057220459,1.3600000143051147,1.3799999952316284,68700,0.0,0.0
2018-10-23 00:00:00-04:00,1.3700000047683716,1.5399999618530273,1.350000023841858,1.3600000143051147,55400,0.0,0.0
2018-10-24 00:00:00-04:00,1.3200000524520874,1.4600000381469727,1.3200000524520874,1.3300000429153442,40100,0.0,0.0
2018-10-25 00:00:00-04:00,1.3200000524520874,1.3700000047683716,1.3200000524520874,1.3600000143051147,19000,0.0,0.0
2018-10-26 00:00:00-04:00,1.340000033378601,1.440000057220459,1.340000033378601,1.399999976158142,20700,0.0,0.0
2018-10-29 00:00:00-04:00,1.399999976158142,1.4199999570846558,1.309999942779541,1.3799999952316284,13300,0.0,0.0
2018-10-30 00:00:00-04:00,1.3700000047683716,1.3700000047683716,1.309999942779541,1.340000033378601,23200,0.0,0.0
2018-10-31 00:00:00-04:00,1.350000023841858,1.409999966621399,1.3200000524520874,1.399999976158142,29800,0.0,0.0
2018-11-01 00:00:00-04:00,1.399999976158142,1.399999976158142,1.3600000143051147,1.399999976158142,20200,0.0,0.0
2018-11-02 00:00:00-04:00,1.3899999856948853,1.399999976158142,1.2999999523162842,1.2999999523162842,81400,0.0,0.0
2018-11-05 00:00:00-05:00,1.309999942779541,1.3600000143051147,1.309999942779541,1.309999942779541,17600,0.0,0.0
2018-11-06 00:00:00-05:00,1.2799999713897705,1.309999942779541,1.2599999904632568,1.2599999904632568,16700,0.0,0.0
2018-11-07 00:00:00-05:00,1.2599999904632568,1.350000023841858,1.2599999904632568,1.340000033378601,15800,0.0,0.0
2018-11-08 00:00:00-05:00,1.350000023841858,1.350000023841858,1.3200000524520874,1.350000023841858,9100,0.0,0.0
2018-11-09 00:00:00-05:00,1.3200000524520874,1.3200000524520874,1.100000023841858,1.25,136900,0.0,0.0
2018-11-12 00:00:00-05:00,1.2400000095367432,1.25,1.159999966621399,1.2000000476837158,37300,0.0,0.0
2018-11-13 00:00:00-05:00,1.2100000381469727,1.2400000095367432,1.1799999475479126,1.2300000190734863,16300,0.0,0.0
2018-11-14 00:00:00-05:00,1.2200000286102295,1.25,1.2000000476837158,1.2300000190734863,25800,0.0,0.0
2018-11-15 00:00:00-05:00,1.190000057220459,1.2300000190734863,1.1799999475479126,1.2300000190734863,32500,0.0,0.0
2018-11-16 00:00:00-05:00,1.2300000190734863,1.25,1.2100000381469727,1.2400000095367432,27200,0.0,0.0
2018-11-19 00:00:00-05:00,1.25,1.25,1.2000000476837158,1.2100000381469727,53300,0.0,0.0
2018-11-20 00:00:00-05:00,1.2000000476837158,1.25,1.149999976158142,1.2400000095367432,39900,0.0,0.0
2018-11-21 00:00:00-05:00,1.2400000095367432,1.340000033378601,1.2300000190734863,1.2599999904632568,84400,0.0,0.0
2018-11-23 00:00:00-05:00,1.2799999713897705,1.3700000047683716,1.2799999713897705,1.3300000429153442,31200,0.0,0.0
2018-11-26 00:00:00-05:00,1.340000033378601,1.399999976158142,1.340000033378601,1.3899999856948853,31000,0.0,0.0
2018-11-27 00:00:00-05:00,1.399999976158142,1.399999976158142,1.340000033378601,1.3799999952316284,28100,0.0,0.0
2018-11-28 00:00:00-05:00,1.3700000047683716,1.6299999952316284,1.3600000143051147,1.4900000095367432,52300,0.0,0.0
2018-11-29 00:00:00-05:00,1.600000023841858,1.600000023841858,1.350000023841858,1.5199999809265137,38800,0.0,0.0
2018-11-30 00:00:00-05:00,1.5099999904632568,1.600000023841858,1.4900000095367432,1.4900000095367432,47000,0.0,0.0
2018-12-03 00:00:00-05:00,1.5399999618530273,1.5499999523162842,1.4700000286102295,1.5499999523162842,19500,0.0,0.0
2018-12-04 00:00:00-05:00,1.5299999713897705,1.5499999523162842,1.4600000381469727,1.5,12100,0.0,0.0
2018-12-06 00:00:00-05:00,1.4700000286102295,1.5399999618530273,1.4500000476837158,1.4600000381469727,25400,0.0,0.0
2018-12-07 00:00:00-05:00,1.5199999809265137,1.5499999523162842,1.4600000381469727,1.5499999523162842,42200,0.0,0.0
2018-12-10 00:00:00-05:00,1.5499999523162842,1.559999942779541,1.409999966621399,1.5499999523162842,57100,0.0,0.0
2018-12-11 00:00:00-05:00,1.5499999523162842,1.600000023841858,1.4500000476837158,1.4800000190734863,52900,0.0,0.0
2018-12-12 00:00:00-05:00,1.4800000190734863,1.5800000429153442,1.4500000476837158,1.5700000524520874,40600,0.0,0.0
2018-12-13 00:00:00-05:00,1.5199999809265137,1.7699999809265137,1.5,1.690000057220459,159200,0.0,0.0
2018-12-14 00:00:00-05:00,1.7000000476837158,1.7100000381469727,1.5499999523162842,1.649999976158142,53500,0.0,0.0
2018-12-17 00:00:00-05:00,1.6399999856948853,1.6399999856948853,1.4700000286102295,1.4800000190734863,70000,0.0,0.0
2018-12-18 00:00:00-05:00,1.4800000190734863,1.4900000095367432,1.4500000476837158,1.4600000381469727,17500,0.0,0.0
2018-12-19 00:00:00-05:00,1.4700000286102295,1.5099999904632568,1.4199999570846558,1.4500000476837158,24800,0.0,0.0
2018-12-20 00:00:00-05:00,1.440000057220459,1.5,1.399999976158142,1.399999976158142,42100,0.0,0.0
2018-12-21 00:00:00-05:00,1.4199999570846558,1.440000057220459,1.2699999809265137,1.2699999809265137,71600,0.0,0.0
2018-12-24 00:00:00-05:00,1.2999999523162842,1.4199999570846558,1.2599999904632568,1.4199999570846558,15600,0.0,0.0
2018-12-26 00:00:00-05:00,1.350000023841858,1.399999976158142,1.3300000429153442,1.399999976158142,30500,0.0,0.0
2018-12-27 00:00:00-05:00,1.3799999952316284,1.4800000190734863,1.2899999618530273,1.2999999523162842,44300,0.0,0.0
2018-12-28 00:00:00-05:00,1.2999999523162842,1.3700000047683716,1.2999999523162842,1.3700000047683716,37600,0.0,0.0
2018-12-31 00:00:00-05:00,1.3700000047683716,1.6299999952316284,1.3300000429153442,1.559999942779541,136400,0.0,0.0
2019-01-02 00:00:00-05:00,1.5499999523162842,1.590000033378601,1.4800000190734863,1.559999942779541,19500,0.0,0.0
2019-01-03 00:00:00-05:00,1.559999942779541,1.7300000190734863,1.4900000095367432,1.7300000190734863,88700,0.0,0.0
2019-01-04 00:00:00-05:00,1.75,1.8799999952316284,1.6399999856948853,1.8600000143051147,88500,0.0,0.0
2019-01-07 00:00:00-05:00,1.850000023841858,1.850000023841858,1.7200000286102295,1.8200000524520874,45700,0.0,0.0
2019-01-08 00:00:00-05:00,1.8200000524520874,1.8200000524520874,1.7699999809265137,1.7799999713897705,16500,0.0,0.0
2019-01-09 00:00:00-05:00,1.7300000190734863,1.909999966621399,1.7300000190734863,1.8600000143051147,79400,0.0,0.0
2019-01-10 00:00:00-05:00,1.8600000143051147,1.940000057220459,1.7599999904632568,1.8700000047683716,68300,0.0,0.0
2019-01-11 00:00:00-05:00,1.8600000143051147,1.8899999856948853,1.850000023841858,1.8799999952316284,8300,0.0,0.0
2019-01-14 00:00:00-05:00,1.8899999856948853,1.940000057220459,1.850000023841858,1.940000057220459,73500,0.0,0.0
2019-01-15 00:00:00-05:00,1.940000057220459,2.130000114440918,1.850000023841858,2.109999895095825,259800,0.0,0.0
2019-01-16 00:00:00-05:00,2.1700000762939453,2.569999933242798,2.109999895095825,2.2100000381469727,247200,0.0,0.0
2019-01-17 00:00:00-05:00,2.2200000286102295,2.25,2.049999952316284,2.2300000190734863,66800,0.0,0.0
2019-01-18 00:00:00-05:00,2.2200000286102295,2.3499999046325684,2.1600000858306885,2.2799999713897705,62200,0.0,0.0
2019-01-22 00:00:00-05:00,2.3499999046325684,2.4600000381469727,2.1500000953674316,2.299999952316284,100000,0.0,0.0
2019-01-23 00:00:00-05:00,2.2699999809265137,2.299999952316284,2.25,2.2799999713897705,33200,0.0,0.0
2019-01-24 00:00:00-05:00,2.2899999618530273,2.299999952316284,2.25,2.2899999618530273,34700,0.0,0.0
2019-01-25 00:00:00-05:00,2.299999952316284,2.4600000381469727,2.2899999618530273,2.450000047683716,114700,0.0,0.0
2019-01-28 00:00:00-05:00,2.4800000190734863,3.0,2.440000057220459,2.880000114440918,416900,0.0,0.0
2019-01-29 00:00:00-05:00,2.9600000381469727,2.9600000381469727,2.319999933242798,2.4000000953674316,375600,0.0,0.0
2019-01-30 00:00:00-05:00,2.4700000286102295,2.75,2.450000047683716,2.5,124700,0.0,0.0
2019-01-31 00:00:00-05:00,2.5199999809265137,2.5399999618530273,2.2899999618530273,2.5,244500,0.0,0.0
2019-02-01 00:00:00-05:00,2.549999952316284,2.819999933242798,2.5299999713897705,2.5899999141693115,277500,0.0,0.0
2019-02-04 00:00:00-05:00,2.5999999046325684,2.690000057220459,2.4700000286102295,2.640000104904175,114900,0.0,0.0
2019-02-05 00:00:00-05:00,2.6700000762939453,2.6700000762939453,2.5,2.569999933242798,104700,0.0,0.0
2019-02-06 00:00:00-05:00,2.569999933242798,2.759999990463257,2.5299999713897705,2.700000047683716,242300,0.0,0.0
2019-02-07 00:00:00-05:00,2.740000009536743,2.7799999713897705,2.549999952316284,2.630000114440918,54600,0.0,0.0
2019-02-08 00:00:00-05:00,2.640000104904175,2.7200000286102295,2.5,2.5799999237060547,65600,0.0,0.0
2019-02-11 00:00:00-05:00,2.559999942779541,2.75,2.5399999618530273,2.5999999046325684,65300,0.0,0.0
2019-02-12 00:00:00-05:00,2.740000009536743,2.990000009536743,2.630000114440918,2.9700000286102295,392400,0.0,0.0
2019-02-13 00:00:00-05:00,3.0,3.490000009536743,2.759999990463257,2.869999885559082,724700,0.0,0.0
2019-02-14 00:00:00-05:00,2.9000000953674316,2.9000000953674316,2.640000104904175,2.809999942779541,180000,0.0,0.0
2019-02-15 00:00:00-05:00,2.8499999046325684,2.890000104904175,2.680000066757202,2.7699999809265137,122500,0.0,0.0
2019-02-19 00:00:00-05:00,2.7899999618530273,2.9000000953674316,2.75,2.8399999141693115,116600,0.0,0.0
2019-02-20 00:00:00-05:00,2.859999895095825,2.9000000953674316,2.630000114440918,2.630000114440918,101300,0.0,0.0
2019-02-21 00:00:00-05:00,2.5999999046325684,2.740000009536743,2.450000047683716,2.450000047683716,255000,0.0,0.0
2019-02-22 00:00:00-05:00,2.440000057220459,2.559999942779541,2.3299999237060547,2.3399999141693115,127600,0.0,0.0
2019-02-25 00:00:00-05:00,2.319999933242798,2.4100000858306885,2.009999990463257,2.109999895095825,466200,0.0,0.0
2019-02-26 00:00:00-05:00,2.2200000286102295,2.319999933242798,2.109999895095825,2.2699999809265137,104300,0.0,0.0
2019-02-27 00:00:00-05:00,2.2699999809265137,2.5,2.259999990463257,2.390000104904175,105200,0.0,0.0
2019-02-28 00:00:00-05:00,2.4200000762939453,2.4200000762939453,2.1500000953674316,2.380000114440918,53400,0.0,0.0
2019-03-01 00:00:00-05:00,2.4200000762939453,2.4200000762939453,2.2200000286102295,2.2699999809265137,59200,0.0,0.0
2019-03-04 00:00:00-05:00,2.1500000953674316,2.2799999713897705,2.109999895095825,2.1600000858306885,154500,0.0,0.0
2019-03-05 00:00:00-05:00,2.1700000762939453,2.200000047683716,2.140000104904175,2.180000066757202,47900,0.0,0.0
2019-03-06 00:00:00-05:00,2.140000104904175,2.3499999046325684,2.119999885559082,2.119999885559082,108800,0.0,0.0
2019-03-07 00:00:00-05:00,2.119999885559082,2.2300000190734863,2.119999885559082,2.1700000762939453,73300,0.0,0.0
2019-03-08 00:00:00-05:00,2.1500000953674316,2.190000057220459,1.9500000476837158,2.049999952316284,77100,0.0,0.0
2019-03-11 00:00:00-04:00,2.049999952316284,2.1600000858306885,2.049999952316284,2.0799999237060547,39200,0.0,0.0
2019-03-12 00:00:00-04:00,2.069999933242798,2.190000057220459,2.069999933242798,2.130000114440918,22100,0.0,0.0
2019-03-13 00:00:00-04:00,2.140000104904175,2.25,2.140000104904175,2.2300000190734863,65500,0.0,0.0
2019-03-14 00:00:00-04:00,2.369999885559082,2.390000104904175,2.069999933242798,2.180000066757202,219800,0.0,0.0
2019-03-15 00:00:00-04:00,2.490000009536743,2.490000009536743,2.2100000381469727,2.2799999713897705,191800,0.0,0.0
2019-03-18 00:00:00-04:00,2.299999952316284,2.5,2.240000009536743,2.5,83300,0.0,0.0
2019-03-19 00:00:00-04:00,2.5,2.609999895095825,2.3499999046325684,2.3499999046325684,58300,0.0,0.0
2019-03-20 00:00:00-04:00,2.369999885559082,2.5999999046325684,2.3499999046325684,2.4700000286102295,107200,0.0,0.0
2019-03-21 00:00:00-04:00,2.4800000190734863,2.5399999618530273,2.2699999809265137,2.3299999237060547,189100,0.0,0.0
2019-03-22 00:00:00-04:00,2.3299999237060547,2.369999885559082,2.2300000190734863,2.25,46500,0.0,0.0
2019-03-25 00:00:00-04:00,2.25,2.390000104904175,2.2100000381469727,2.2799999713897705,90600,0.0,0.0
2019-03-26 00:00:00-04:00,2.2899999618530273,2.369999885559082,2.2100000381469727,2.299999952316284,141700,0.0,0.0
2019-03-27 00:00:00-04:00,2.309999942779541,2.3499999046325684,2.2100000381469727,2.2300000190734863,116800,0.0,0.0
2019-03-28 00:00:00-04:00,2.240000009536743,2.3399999141693115,2.2300000190734863,2.299999952316284,66900,0.0,0.0
2019-03-29 00:00:00-04:00,2.4000000953674316,2.4000000953674316,2.130000114440918,2.1600000858306885,144400,0.0,0.0
2019-04-01 00:00:00-04:00,2.240000009536743,2.309999942779541,2.1500000953674316,2.259999990463257,103100,0.0,0.0
2019-04-02 00:00:00-04:00,2.2699999809265137,2.2699999809265137,2.0799999237060547,2.109999895095825,118900,0.0,0.0
2019-04-03 00:00:00-04:00,2.140000104904175,2.240000009536743,2.0799999237060547,2.1500000953674316,140500,0.0,0.0
2019-04-04 00:00:00-04:00,2.1700000762939453,2.200000047683716,1.9700000286102295,2.0399999618530273,185600,0.0,0.0
2019-04-05 00:00:00-04:00,2.0399999618530273,2.190000057220459,2.0,2.0399999618530273,60200,0.0,0.0
2019-04-08 00:00:00-04:00,2.0199999809265137,2.180000066757202,2.0199999809265137,2.0799999237060547,59500,0.0,0.0
2019-04-09 00:00:00-04:00,2.0399999618530273,2.2100000381469727,2.0399999618530273,2.2100000381469727,78700,0.0,0.0
2019-04-10 00:00:00-04:00,2.200000047683716,2.2200000286102295,2.049999952316284,2.0899999141693115,40300,0.0,0.0
2019-04-11 00:00:00-04:00,2.130000114440918,2.1500000953674316,2.059999942779541,2.130000114440918,59200,0.0,0.0
2019-04-12 00:00:00-04:00,2.1600000858306885,2.1600000858306885,2.0799999237060547,2.130000114440918,14800,0.0,0.0
2019-04-15 00:00:00-04:00,2.140000104904175,2.2200000286102295,2.0799999237060547,2.190000057220459,61100,0.0,0.0
2019-04-16 00:00:00-04:00,2.2300000190734863,2.299999952316284,2.130000114440918,2.1500000953674316,60600,0.0,0.0
2019-04-17 00:00:00-04:00,2.200000047683716,2.200000047683716,2.119999885559082,2.180000066757202,46800,0.0,0.0
2019-04-18 00:00:00-04:00,2.2200000286102295,2.4700000286102295,2.200000047683716,2.450000047683716,143800,0.0,0.0
2019-04-22 00:00:00-04:00,2.5,2.5799999237060547,2.380000114440918,2.5799999237060547,299000,0.0,0.0
2019-04-23 00:00:00-04:00,2.5899999141693115,2.75,2.4700000286102295,2.740000009536743,158900,0.0,0.0
2019-04-24 00:00:00-04:00,2.6500000953674316,2.9000000953674316,2.5299999713897705,2.809999942779541,488800,0.0,0.0
2019-04-25 00:00:00-04:00,2.8399999141693115,2.9600000381469727,2.740000009536743,2.799999952316284,256200,0.0,0.0
2019-04-26 00:00:00-04:00,2.7799999713897705,2.930000066757202,2.740000009536743,2.859999895095825,269000,0.0,0.0
2019-04-29 00:00:00-04:00,2.950000047683716,2.950000047683716,2.759999990463257,2.809999942779541,81000,0.0,0.0
2019-04-30 00:00:00-04:00,2.819999933242798,3.1700000762939453,2.819999933242798,3.1700000762939453,639500,0.0,0.0
2019-05-01 00:00:00-04:00,3.180000066757202,3.4700000286102295,2.9100000858306885,3.450000047683716,670800,0.0,0.0
2019-05-02 00:00:00-04:00,3.4600000381469727,3.7100000381469727,3.0199999809265137,3.049999952316284,511600,0.0,0.0
2019-05-03 00:00:00-04:00,3.0899999141693115,3.190000057220459,3.0399999618530273,3.0799999237060547,50500,0.0,0.0
2019-05-06 00:00:00-04:00,3.0,3.069999933242798,2.7300000190734863,2.8499999046325684,294800,0.0,0.0
2019-05-07 00:00:00-04:00,2.7899999618530273,2.9200000762939453,2.680000066757202,2.859999895095825,116600,0.0,0.0
2019-05-08 00:00:00-04:00,2.8499999046325684,3.059999942779541,2.7300000190734863,2.7699999809265137,125800,0.0,0.0
2019-05-09 00:00:00-04:00,2.7699999809265137,2.8399999141693115,2.680000066757202,2.7300000190734863,94800,0.0,0.0
2019-05-10 00:00:00-04:00,2.799999952316284,2.9200000762939453,2.6700000762939453,2.759999990463257,66400,0.0,0.0
2019-05-13 00:00:00-04:00,2.700000047683716,2.7699999809265137,2.619999885559082,2.7699999809265137,41800,0.0,0.0
2019-05-14 00:00:00-04:00,2.8499999046325684,2.9800000190734863,2.7899999618530273,2.930000066757202,25500,0.0,0.0
2019-05-15 00:00:00-04:00,2.950000047683716,3.369999885559082,2.700000047683716,3.319999933242798,328600,0.0,0.0
2019-05-16 00:00:00-04:00,3.299999952316284,3.369999885559082,3.069999933242798,3.0999999046325684,110700,0.0,0.0
2019-05-17 00:00:00-04:00,3.069999933242798,3.3299999237060547,2.990000009536743,3.2699999809265137,195000,0.0,0.0
2019-05-20 00:00:00-04:00,3.3499999046325684,3.369999885559082,3.109999895095825,3.2899999618530273,107100,0.0,0.0
2019-05-21 00:00:00-04:00,3.390000104904175,3.559999942779541,3.180000066757202,3.2699999809265137,162500,0.0,0.0
2019-05-22 00:00:00-04:00,3.2300000190734863,3.359999895095825,3.180000066757202,3.2699999809265137,67500,0.0,0.0
2019-05-23 00:00:00-04:00,3.240000009536743,3.380000114440918,3.180000066757202,3.2699999809265137,48500,0.0,0.0
2019-05-24 00:00:00-04:00,3.299999952316284,3.490000009536743,2.990000009536743,3.069999933242798,222100,0.0,0.0
2019-05-28 00:00:00-04:00,2.9800000190734863,3.0299999713897705,2.950000047683716,2.950000047683716,86100,0.0,0.0
2019-05-29 00:00:00-04:00,2.950000047683716,2.950000047683716,2.759999990463257,2.8499999046325684,137300,0.0,0.0
2019-05-30 00:00:00-04:00,2.8299999237060547,2.990000009536743,2.75,2.7899999618530273,61200,0.0,0.0
2019-05-31 00:00:00-04:00,2.7799999713897705,2.9800000190734863,2.609999895095825,2.930000066757202,43400,0.0,0.0
2019-06-03 00:00:00-04:00,2.950000047683716,2.990000009536743,2.549999952316284,2.609999895095825,225300,0.0,0.0
2019-06-04 00:00:00-04:00,2.6700000762939453,2.950000047683716,2.6700000762939453,2.950000047683716,33000,0.0,0.0
2019-06-05 00:00:00-04:00,2.950000047683716,3.0799999237060547,2.799999952316284,2.9100000858306885,99700,0.0,0.0
2019-06-06 00:00:00-04:00,2.930000066757202,3.0899999141693115,2.809999942779541,2.9800000190734863,78900,0.0,0.0
2019-06-07 00:00:00-04:00,3.0,3.0,2.7799999713897705,2.950000047683716,83600,0.0,0.0
2019-06-10 00:00:00-04:00,2.9600000381469727,3.0799999237060547,2.930000066757202,3.0399999618530273,46700,0.0,0.0
2019-06-11 00:00:00-04:00,3.0199999809265137,3.049999952316284,2.9100000858306885,2.940000057220459,44400,0.0,0.0
2019-06-12 00:00:00-04:00,2.9200000762939453,2.930000066757202,2.8399999141693115,2.890000104904175,35800,0.0,0.0
2019-06-13 00:00:00-04:00,2.9000000953674316,2.9000000953674316,2.7200000286102295,2.7899999618530273,124700,0.0,0.0
2019-06-14 00:00:00-04:00,2.819999933242798,2.990000009536743,2.799999952316284,2.990000009536743,36200,0.0,0.0
2019-06-17 00:00:00-04:00,3.0199999809265137,3.0299999713897705,2.869999885559082,3.0199999809265137,61400,0.0,0.0
2019-06-18 00:00:00-04:00,3.0,3.069999933242798,2.859999895095825,3.069999933242798,151800,0.0,0.0
2019-06-19 00:00:00-04:00,3.0799999237060547,3.4000000953674316,3.0,3.2899999618530273,241400,0.0,0.0
2019-06-20 00:00:00-04:00,3.2699999809265137,3.4000000953674316,3.200000047683716,3.390000104904175,231000,0.0,0.0
2019-06-21 00:00:00-04:00,3.4000000953674316,3.609999895095825,3.319999933242798,3.509999990463257,451900,0.0,0.0
2019-06-24 00:00:00-04:00,3.5399999618530273,3.5999999046325684,3.200000047683716,3.2799999713897705,258600,0.0,0.0
2019-06-25 00:00:00-04:00,3.1600000858306885,3.4000000953674316,3.1600000858306885,3.359999895095825,99500,0.0,0.0
2019-06-26 00:00:00-04:00,3.359999895095825,3.5,3.3499999046325684,3.380000114440918,43000,0.0,0.0
2019-06-27 00:00:00-04:00,3.3499999046325684,3.450000047683716,3.1500000953674316,3.190000057220459,230700,0.0,0.0
2019-06-28 00:00:00-04:00,3.200000047683716,3.440000057220459,3.200000047683716,3.3299999237060547,216800,0.0,0.0
2019-07-01 00:00:00-04:00,3.3399999141693115,3.4800000190734863,3.2899999618530273,3.390000104904175,179400,0.0,0.0
2019-07-02 00:00:00-04:00,3.5,3.509999990463257,3.390000104904175,3.4700000286102295,193400,0.0,0.0
2019-07-03 00:00:00-04:00,3.5399999618530273,3.569999933242798,3.1700000762939453,3.2799999713897705,140500,0.0,0.0
2019-07-05 00:00:00-04:00,3.25,3.380000114440918,3.2100000381469727,3.3399999141693115,129500,0.0,0.0
2019-07-08 00:00:00-04:00,3.3399999141693115,3.3399999141693115,3.200000047683716,3.200000047683716,116000,0.0,0.0
2019-07-09 00:00:00-04:00,3.2699999809265137,3.2899999618530273,3.1500000953674316,3.1500000953674316,83000,0.0,0.0
2019-07-10 00:00:00-04:00,3.1600000858306885,3.259999990463257,3.009999990463257,3.059999942779541,172800,0.0,0.0
2019-07-11 00:00:00-04:00,3.059999942779541,3.140000104904175,2.940000057220459,2.950000047683716,118500,0.0,0.0
2019-07-12 00:00:00-04:00,2.9700000286102295,3.119999885559082,2.950000047683716,3.0899999141693115,103300,0.0,0.0
2019-07-15 00:00:00-04:00,3.0899999141693115,3.200000047683716,3.0,3.200000047683716,67400,0.0,0.0
2019-07-16 00:00:00-04:00,3.0999999046325684,3.0999999046325684,2.9000000953674316,3.0199999809265137,174100,0.0,0.0
2019-07-17 00:00:00-04:00,2.9800000190734863,3.109999895095825,2.9000000953674316,3.0799999237060547,135000,0.0,0.0
2019-07-18 00:00:00-04:00,3.059999942779541,3.0999999046325684,2.8499999046325684,2.8499999046325684,111700,0.0,0.0
2019-07-19 00:00:00-04:00,2.880000114440918,2.930000066757202,2.700000047683716,2.7899999618530273,117200,0.0,0.0
2019-07-22 00:00:00-04:00,2.7899999618530273,3.0999999046325684,2.7899999618530273,3.049999952316284,60700,0.0,0.0
2019-07-23 00:00:00-04:00,3.069999933242798,3.130000114440918,2.9600000381469727,3.0199999809265137,103100,0.0,0.0
2019-07-24 00:00:00-04:00,3.009999990463257,3.119999885559082,2.9000000953674316,3.049999952316284,42300,0.0,0.0
2019-07-25 00:00:00-04:00,3.0299999713897705,3.049999952316284,2.9000000953674316,2.9100000858306885,33600,0.0,0.0
2019-07-26 00:00:00-04:00,2.859999895095825,3.0299999713897705,2.8399999141693115,3.009999990463257,70100,0.0,0.0
2019-07-29 00:00:00-04:00,3.009999990463257,3.6500000953674316,2.869999885559082,3.5899999141693115,2473300,0.0,0.0
2019-07-30 00:00:00-04:00,3.559999942779541,3.740000009536743,3.299999952316284,3.619999885559082,861700,0.0,0.0
2019-07-31 00:00:00-04:00,3.569999933242798,3.75,3.3499999046325684,3.5399999618530273,614500,0.0,0.0
2019-08-01 00:00:00-04:00,3.5899999141693115,3.700000047683716,3.4600000381469727,3.5399999618530273,300500,0.0,0.0
2019-08-02 00:00:00-04:00,3.569999933242798,4.090000152587891,3.5,4.050000190734863,464200,0.0,0.0
2019-08-05 00:00:00-04:00,4.0,4.400000095367432,3.8499999046325684,3.930000066757202,789600,0.0,0.0
2019-08-06 00:00:00-04:00,3.9700000286102295,4.170000076293945,3.890000104904175,3.9200000762939453,347000,0.0,0.0
2019-08-07 00:00:00-04:00,3.950000047683716,4.050000190734863,3.799999952316284,3.8399999141693115,207000,0.0,0.0
2019-08-08 00:00:00-04:00,3.799999952316284,4.059999942779541,3.799999952316284,3.9200000762939453,303200,0.0,0.0
2019-08-09 00:00:00-04:00,3.9200000762939453,4.300000190734863,3.869999885559082,3.9100000858306885,429000,0.0,0.0
2019-08-12 00:00:00-04:00,3.9800000190734863,4.190000057220459,3.950000047683716,3.950000047683716,375200,0.0,0.0
2019-08-13 00:00:00-04:00,3.9600000381469727,4.46999979019165,3.9600000381469727,4.309999942779541,320800,0.0,0.0
2019-08-14 00:00:00-04:00,4.25,4.679999828338623,4.210000038146973,4.349999904632568,393100,0.0,0.0
2019-08-15 00:00:00-04:00,4.389999866485596,4.519999980926514,4.099999904632568,4.110000133514404,259700,0.0,0.0
2019-08-16 00:00:00-04:00,4.150000095367432,4.800000190734863,4.139999866485596,4.659999847412109,278600,0.0,0.0
2019-08-19 00:00:00-04:00,4.800000190734863,5.380000114440918,4.760000228881836,5.050000190734863,973300,0.0,0.0
2019-08-20 00:00:00-04:00,5.150000095367432,5.25,4.840000152587891,4.96999979019165,507500,0.0,0.0
2019-08-21 00:00:00-04:00,5.0,5.050000190734863,4.610000133514404,4.650000095367432,579800,0.0,0.0
2019-08-22 00:00:00-04:00,4.679999828338623,4.960000038146973,4.670000076293945,4.690000057220459,253100,0.0,0.0
2019-08-23 00:00:00-04:00,4.670000076293945,4.889999866485596,4.619999885559082,4.690000057220459,309400,0.0,0.0
2019-08-26 00:00:00-04:00,4.760000228881836,4.789999961853027,4.269999980926514,4.570000171661377,520600,0.0,0.0
2019-08-27 00:00:00-04:00,4.539999961853027,4.670000076293945,4.25,4.349999904632568,397400,0.0,0.0
2019-08-28 00:00:00-04:00,4.309999942779541,4.800000190734863,4.309999942779541,4.650000095367432,198900,0.0,0.0
2019-08-29 00:00:00-04:00,4.650000095367432,4.900000095367432,4.579999923706055,4.769999980926514,239800,0.0,0.0
2019-08-30 00:00:00-04:00,4.800000190734863,4.900000095367432,4.46999979019165,4.5,161500,0.0,0.0
2019-09-03 00:00:00-04:00,4.489999771118164,4.5,4.090000152587891,4.309999942779541,378600,0.0,0.0
2019-09-04 00:00:00-04:00,4.309999942779541,4.539999961853027,4.170000076293945,4.320000171661377,113200,0.0,0.0
2019-09-05 00:00:00-04:00,4.329999923706055,4.829999923706055,4.28000020980835,4.53000020980835,606500,0.0,0.0
2019-09-06 00:00:00-04:00,4.550000190734863,4.639999866485596,4.340000152587891,4.489999771118164,81000,0.0,0.0
2019-09-09 00:00:00-04:00,4.519999980926514,4.550000190734863,4.059999942779541,4.110000133514404,253300,0.0,0.0
2019-09-10 00:00:00-04:00,4.099999904632568,4.230000019073486,3.799999952316284,4.139999866485596,281800,0.0,0.0
2019-09-11 00:00:00-04:00,4.199999809265137,4.289999961853027,3.950000047683716,4.050000190734863,249500,0.0,0.0
2019-09-12 00:00:00-04:00,4.090000152587891,4.130000114440918,3.809999942779541,3.8399999141693115,221700,0.0,0.0
2019-09-13 00:00:00-04:00,3.880000114440918,3.990000009536743,3.75,3.940000057220459,223800,0.0,0.0
2019-09-16 00:00:00-04:00,3.940000057220459,3.940000057220459,3.700000047683716,3.799999952316284,222000,0.0,0.0
2019-09-17 00:00:00-04:00,3.75,3.950000047683716,3.700000047683716,3.8399999141693115,107500,0.0,0.0
2019-09-18 00:00:00-04:00,3.799999952316284,3.9800000190734863,3.7100000381469727,3.809999942779541,210600,0.0,0.0
2019-09-19 00:00:00-04:00,3.819999933242798,3.9200000762939453,3.7799999713897705,3.819999933242798,89100,0.0,0.0
2019-09-20 00:00:00-04:00,3.799999952316284,3.930000066757202,3.740000009536743,3.740000009536743,248500,0.0,0.0
2019-09-23 00:00:00-04:00,3.740000009536743,3.7799999713897705,3.6700000762939453,3.7300000190734863,126400,0.0,0.0
2019-09-24 00:00:00-04:00,3.7300000190734863,3.809999942779541,3.690000057220459,3.759999990463257,82500,0.0,0.0
2019-09-25 00:00:00-04:00,3.75,3.809999942779541,3.640000104904175,3.6600000858306885,138700,0.0,0.0
2019-09-26 00:00:00-04:00,3.690000057220459,3.799999952316284,3.6600000858306885,3.7200000286102295,93000,0.0,0.0
2019-09-27 00:00:00-04:00,3.75,3.7699999809265137,3.369999885559082,3.4000000953674316,310100,0.0,0.0
2019-09-30 00:00:00-04:00,3.4100000858306885,3.5299999713897705,3.1500000953674316,3.200000047683716,246300,0.0,0.0
2019-10-01 00:00:00-04:00,3.2300000190734863,3.319999933242798,3.140000104904175,3.190000057220459,77400,0.0,0.0
2019-10-02 00:00:00-04:00,3.1500000953674316,3.25,3.0899999141693115,3.190000057220459,134500,0.0,0.0
2019-10-03 00:00:00-04:00,3.1700000762939453,3.25,3.049999952316284,3.2300000190734863,164100,0.0,0.0
2019-10-04 00:00:00-04:00,3.2100000381469727,3.2799999713897705,3.119999885559082,3.240000009536743,101200,0.0,0.0
2019-10-07 00:00:00-04:00,3.2100000381469727,3.3399999141693115,3.0,3.0,146800,0.0,0.0
2019-10-08 00:00:00-04:00,3.0,3.109999895095825,2.930000066757202,3.069999933242798,129400,0.0,0.0
2019-10-09 00:00:00-04:00,3.0799999237060547,3.2300000190734863,3.0299999713897705,3.049999952316284,63800,0.0,0.0
2019-10-10 00:00:00-04:00,3.0399999618530273,3.190000057220459,3.0,3.069999933242798,47800,0.0,0.0
2019-10-11 00:00:00-04:00,3.069999933242798,3.25,3.0,3.0,83100,0.0,0.0
2019-10-14 00:00:00-04:00,3.0,3.2200000286102295,2.9800000190734863,3.0,65900,0.0,0.0
2019-10-15 00:00:00-04:00,3.009999990463257,3.049999952316284,2.759999990463257,2.8499999046325684,164000,0.0,0.0
2019-10-16 00:00:00-04:00,2.8499999046325684,2.990000009536743,2.799999952316284,2.940000057220459,76100,0.0,0.0
2019-10-17 00:00:00-04:00,2.890000104904175,3.0899999141693115,2.890000104904175,3.009999990463257,48800,0.0,0.0
2019-10-18 00:00:00-04:00,3.0,3.0899999141693115,2.940000057220459,2.950000047683716,94000,0.0,0.0
2019-10-21 00:00:00-04:00,2.950000047683716,3.2799999713897705,2.930000066757202,3.2799999713897705,100200,0.0,0.0
2019-10-22 00:00:00-04:00,3.200000047683716,3.299999952316284,3.130000114440918,3.2300000190734863,73600,0.0,0.0
2019-10-23 00:00:00-04:00,3.2799999713897705,3.5,3.1700000762939453,3.4200000762939453,103900,0.0,0.0
2019-10-24 00:00:00-04:00,3.4600000381469727,3.700000047683716,3.4200000762939453,3.5899999141693115,177700,0.0,0.0
2019-10-25 00:00:00-04:00,3.640000104904175,3.690000057220459,3.309999942779541,3.430000066757202,81600,0.0,0.0
2019-10-28 00:00:00-04:00,3.490000009536743,3.509999990463257,3.2100000381469727,3.25,123300,0.0,0.0
2019-10-29 00:00:00-04:00,3.299999952316284,3.4000000953674316,3.2200000286102295,3.3299999237060547,27500,0.0,0.0
2019-10-30 00:00:00-04:00,3.309999942779541,3.549999952316284,3.25,3.549999952316284,42200,0.0,0.0
2019-10-31 00:00:00-04:00,3.549999952316284,3.549999952316284,3.319999933242798,3.5,52000,0.0,0.0
2019-11-01 00:00:00-04:00,3.5,3.5399999618530273,3.4000000953674316,3.4100000858306885,27800,0.0,0.0
2019-11-04 00:00:00-05:00,3.4700000286102295,3.569999933242798,3.369999885559082,3.5,63000,0.0,0.0
2019-11-05 00:00:00-05:00,3.5199999809265137,3.7799999713897705,3.5,3.7799999713897705,277600,0.0,0.0
2019-11-06 00:00:00-05:00,3.799999952316284,3.799999952316284,3.5,3.630000114440918,99200,0.0,0.0
2019-11-07 00:00:00-05:00,3.609999895095825,3.6500000953674316,3.450000047683716,3.4700000286102295,94200,0.0,0.0
2019-11-08 00:00:00-05:00,3.5899999141693115,3.740000009536743,3.3499999046325684,3.609999895095825,121900,0.0,0.0
2019-11-11 00:00:00-05:00,3.609999895095825,3.630000114440918,3.4100000858306885,3.509999990463257,28900,0.0,0.0
2019-11-12 00:00:00-05:00,3.450000047683716,3.5799999237060547,3.309999942779541,3.390000104904175,74400,0.0,0.0
2019-11-13 00:00:00-05:00,3.4100000858306885,3.490000009536743,3.299999952316284,3.3399999141693115,86100,0.0,0.0
2019-11-14 00:00:00-05:00,3.3499999046325684,3.380000114440918,3.2799999713897705,3.319999933242798,114800,0.0,0.0
2019-11-15 00:00:00-05:00,3.309999942779541,3.390000104904175,3.109999895095825,3.1600000858306885,103400,0.0,0.0
2019-11-18 00:00:00-05:00,2.9700000286102295,3.0999999046325684,2.9100000858306885,3.0399999618530273,202500,0.0,0.0
2019-11-19 00:00:00-05:00,3.049999952316284,3.190000057220459,3.0,3.130000114440918,156100,0.0,0.0
2019-11-20 00:00:00-05:00,3.1600000858306885,3.390000104904175,3.1600000858306885,3.180000066757202,121400,0.0,0.0
2019-11-21 00:00:00-05:00,3.2200000286102295,3.4100000858306885,3.0299999713897705,3.049999952316284,125400,0.0,0.0
2019-11-22 00:00:00-05:00,3.059999942779541,3.4000000953674316,3.0199999809265137,3.380000114440918,143100,0.0,0.0
2019-11-25 00:00:00-05:00,3.319999933242798,3.680000066757202,3.25,3.5899999141693115,216300,0.0,0.0
2019-11-26 00:00:00-05:00,3.549999952316284,3.640000104904175,3.490000009536743,3.490000009536743,85600,0.0,0.0
2019-11-27 00:00:00-05:00,3.5,3.5999999046325684,3.240000009536743,3.25,94600,0.0,0.0
2019-11-29 00:00:00-05:00,3.2100000381469727,3.4000000953674316,3.180000066757202,3.180000066757202,25800,0.0,0.0
2019-12-02 00:00:00-05:00,3.1500000953674316,3.2699999809265137,3.009999990463257,3.0999999046325684,84200,0.0,0.0
2019-12-03 00:00:00-05:00,3.0799999237060547,3.25,3.0299999713897705,3.069999933242798,69500,0.0,0.0
2019-12-04 00:00:00-05:00,3.069999933242798,3.0999999046325684,2.9800000190734863,3.0399999618530273,89800,0.0,0.0
2019-12-05 00:00:00-05:00,3.0,3.190000057220459,3.0,3.0,88100,0.0,0.0
2019-12-06 00:00:00-05:00,3.0199999809265137,3.2200000286102295,3.0199999809265137,3.059999942779541,131000,0.0,0.0
2019-12-09 00:00:00-05:00,3.0999999046325684,3.1500000953674316,2.7799999713897705,3.0199999809265137,270100,0.0,0.0
2019-12-10 00:00:00-05:00,2.950000047683716,3.0899999141693115,2.8499999046325684,2.8499999046325684,139200,0.0,0.0
2019-12-11 00:00:00-05:00,2.890000104904175,3.0899999141693115,2.869999885559082,2.950000047683716,84700,0.0,0.0
2019-12-12 00:00:00-05:00,2.990000009536743,3.0899999141693115,2.9600000381469727,3.0,33200,0.0,0.0
2019-12-13 00:00:00-05:00,3.0299999713897705,3.0299999713897705,2.809999942779541,2.890000104904175,176500,0.0,0.0
2019-12-16 00:00:00-05:00,2.890000104904175,2.990000009536743,2.809999942779541,2.990000009536743,111200,0.0,0.0
2019-12-17 00:00:00-05:00,2.990000009536743,3.25,2.9000000953674316,3.25,93700,0.0,0.0
2019-12-18 00:00:00-05:00,3.259999990463257,3.440000057220459,3.0999999046325684,3.359999895095825,113300,0.0,0.0
2019-12-19 00:00:00-05:00,3.380000114440918,3.380000114440918,3.1600000858306885,3.2200000286102295,82900,0.0,0.0
2019-12-20 00:00:00-05:00,3.2200000286102295,3.3399999141693115,3.069999933242798,3.1700000762939453,42900,0.0,0.0
2019-12-23 00:00:00-05:00,3.130000114440918,3.1600000858306885,3.059999942779541,3.069999933242798,45300,0.0,0.0
2019-12-24 00:00:00-05:00,3.049999952316284,3.1700000762939453,3.049999952316284,3.059999942779541,40000,0.0,0.0
2019-12-26 00:00:00-05:00,3.009999990463257,3.180000066757202,3.0,3.0799999237060547,44200,0.0,0.0
2019-12-27 00:00:00-05:00,3.059999942779541,3.119999885559082,3.0199999809265137,3.069999933242798,87300,0.0,0.0
2019-12-30 00:00:00-05:00,3.0899999141693115,3.180000066757202,3.0399999618530273,3.0999999046325684,89500,0.0,0.0
2019-12-31 00:00:00-05:00,3.0999999046325684,3.3299999237060547,3.009999990463257,3.009999990463257,184500,0.0,0.0
2020-01-02 00:00:00-05:00,3.0399999618530273,3.180000066757202,3.0199999809265137,3.059999942779541,71500,0.0,0.0
2020-01-03 00:00:00-05:00,3.069999933242798,3.1700000762939453,3.0299999713897705,3.0799999237060547,61700,0.0,0.0
2020-01-06 00:00:00-05:00,3.0799999237060547,3.140000104904175,3.0299999713897705,3.109999895095825,80300,0.0,0.0
2020-01-07 00:00:00-05:00,3.0799999237060547,3.1500000953674316,3.0299999713897705,3.0299999713897705,85600,0.0,0.0
2020-01-08 00:00:00-05:00,3.049999952316284,3.130000114440918,3.049999952316284,3.069999933242798,56600,0.0,0.0
2020-01-09 00:00:00-05:00,3.059999942779541,3.119999885559082,3.0199999809265137,3.059999942779541,39700,0.0,0.0
2020-01-10 00:00:00-05:00,3.0899999141693115,3.0899999141693115,3.0299999713897705,3.069999933242798,25400,0.0,0.0
2020-01-13 00:00:00-05:00,3.0999999046325684,3.109999895095825,2.950000047683716,3.0999999046325684,112900,0.0,0.0
2020-01-14 00:00:00-05:00,3.0799999237060547,3.190000057220459,3.069999933242798,3.140000104904175,32800,0.0,0.0
2020-01-15 00:00:00-05:00,3.1600000858306885,3.1600000858306885,3.009999990463257,3.0299999713897705,102600,0.0,0.0
2020-01-16 00:00:00-05:00,3.049999952316284,3.140000104904175,3.0399999618530273,3.119999885559082,42800,0.0,0.0
2020-01-17 00:00:00-05:00,3.0999999046325684,3.190000057220459,3.0999999046325684,3.180000066757202,38200,0.0,0.0
2020-01-21 00:00:00-05:00,3.190000057220459,3.2100000381469727,3.180000066757202,3.2100000381469727,42300,0.0,0.0
2020-01-22 00:00:00-05:00,3.200000047683716,3.440000057220459,3.180000066757202,3.4200000762939453,131000,0.0,0.0
2020-01-23 00:00:00-05:00,3.390000104904175,3.569999933242798,3.299999952316284,3.5399999618530273,112000,0.0,0.0
2020-01-24 00:00:00-05:00,3.5399999618530273,3.5899999141693115,3.440000057220459,3.509999990463257,46000,0.0,0.0
2020-01-27 00:00:00-05:00,3.5,3.5,3.359999895095825,3.380000114440918,63400,0.0,0.0
2020-01-28 00:00:00-05:00,3.4100000858306885,3.5299999713897705,3.4100000858306885,3.4800000190734863,17300,0.0,0.0
2020-01-29 00:00:00-05:00,3.4100000858306885,3.690000057220459,3.4100000858306885,3.5999999046325684,137600,0.0,0.0
2020-01-30 00:00:00-05:00,3.630000114440918,3.7100000381469727,3.3299999237060547,3.4200000762939453,89300,0.0,0.0
2020-01-31 00:00:00-05:00,3.440000057220459,3.450000047683716,3.2699999809265137,3.3299999237060547,69500,0.0,0.0
2020-02-03 00:00:00-05:00,3.369999885559082,3.5199999809265137,3.3399999141693115,3.490000009536743,31900,0.0,0.0
2020-02-04 00:00:00-05:00,3.5399999618530273,3.5899999141693115,3.4000000953674316,3.4800000190734863,45100,0.0,0.0
2020-02-05 00:00:00-05:00,3.430000066757202,3.450000047683716,3.369999885559082,3.380000114440918,45000,0.0,0.0
2020-02-06 00:00:00-05:00,3.380000114440918,3.430000066757202,3.3299999237060547,3.430000066757202,42600,0.0,0.0
2020-02-07 00:00:00-05:00,3.4200000762939453,3.430000066757202,3.309999942779541,3.3299999237060547,32000,0.0,0.0
2020-02-10 00:00:00-05:00,3.309999942779541,3.369999885559082,3.240000009536743,3.259999990463257,104300,0.0,0.0
2020-02-11 00:00:00-05:00,3.2799999713897705,3.4000000953674316,3.25,3.3299999237060547,29800,0.0,0.0
2020-02-12 00:00:00-05:00,3.369999885559082,3.450000047683716,3.2799999713897705,3.390000104904175,68700,0.0,0.0
2020-02-13 00:00:00-05:00,3.369999885559082,3.440000057220459,3.369999885559082,3.4200000762939453,42700,0.0,0.0
2020-02-14 00:00:00-05:00,3.450000047683716,3.7899999618530273,3.440000057220459,3.680000066757202,228400,0.0,0.0
2020-02-18 00:00:00-05:00,3.609999895095825,3.809999942779541,3.609999895095825,3.7300000190734863,142000,0.0,0.0
2020-02-19 00:00:00-05:00,3.7899999618530273,3.950000047683716,3.6600000858306885,3.869999885559082,91800,0.0,0.0
2020-02-20 00:00:00-05:00,3.9000000953674316,4.239999771118164,3.869999885559082,4.150000095367432,320000,0.0,0.0
2020-02-21 00:00:00-05:00,4.190000057220459,4.230000019073486,3.6600000858306885,3.809999942779541,180600,0.0,0.0
2020-02-24 00:00:00-05:00,3.759999990463257,3.809999942779541,3.5999999046325684,3.7799999713897705,75900,0.0,0.0
2020-02-25 00:00:00-05:00,3.799999952316284,3.8499999046325684,3.6600000858306885,3.7300000190734863,126000,0.0,0.0
2020-02-26 00:00:00-05:00,3.7100000381469727,3.819999933242798,3.509999990463257,3.509999990463257,122400,0.0,0.0
2020-02-27 00:00:00-05:00,3.4700000286102295,3.4800000190734863,3.059999942779541,3.3499999046325684,374500,0.0,0.0
2020-02-28 00:00:00-05:00,3.190000057220459,3.3299999237060547,3.059999942779541,3.0999999046325684,141800,0.0,0.0
2020-03-02 00:00:00-05:00,3.180000066757202,3.440000057220459,3.1500000953674316,3.390000104904175,187300,0.0,0.0
2020-03-03 00:00:00-05:00,3.4100000858306885,3.5299999713897705,3.130000114440918,3.2300000190734863,68600,0.0,0.0
2020-03-04 00:00:00-05:00,3.2699999809265137,3.4000000953674316,3.2200000286102295,3.3399999141693115,49000,0.0,0.0
2020-03-05 00:00:00-05:00,3.380000114440918,3.450000047683716,3.119999885559082,3.240000009536743,108700,0.0,0.0
2020-03-06 00:00:00-05:00,3.1500000953674316,3.259999990463257,3.0999999046325684,3.2200000286102295,72400,0.0,0.0
2020-03-09 00:00:00-04:00,3.0899999141693115,3.25,2.9600000381469727,3.0399999618530273,173900,0.0,0.0
2020-03-10 00:00:00-04:00,3.180000066757202,3.240000009536743,2.859999895095825,2.940000057220459,130200,0.0,0.0
2020-03-11 00:00:00-04:00,2.8499999046325684,2.9100000858306885,2.609999895095825,2.740000009536743,157300,0.0,0.0
2020-03-12 00:00:00-04:00,2.559999942779541,2.7200000286102295,2.369999885559082,2.619999885559082,164200,0.0,0.0
2020-03-13 00:00:00-04:00,2.759999990463257,2.8299999237060547,2.200000047683716,2.809999942779541,422600,0.0,0.0
2020-03-16 00:00:00-04:00,2.4700000286102295,2.8499999046325684,2.240000009536743,2.7799999713897705,188200,0.0,0.0
2020-03-17 00:00:00-04:00,2.759999990463257,3.25,2.7300000190734863,3.0299999713897705,184400,0.0,0.0
2020-03-18 00:00:00-04:00,2.9600000381469727,2.9600000381469727,2.609999895095825,2.7799999713897705,202400,0.0,0.0
2020-03-19 00:00:00-04:00,2.75,2.8499999046325684,2.549999952316284,2.75,97500,0.0,0.0
2020-03-20 00:00:00-04:00,2.75,2.890000104904175,2.5,2.509999990463257,177500,0.0,0.0
2020-03-23 00:00:00-04:00,2.5,2.75,2.3399999141693115,2.700000047683716,240400,0.0,0.0
2020-03-24 00:00:00-04:00,2.759999990463257,2.990000009536743,2.759999990463257,2.940000057220459,275600,0.0,0.0
2020-03-25 00:00:00-04:00,2.940000057220459,2.990000009536743,2.700000047683716,2.930000066757202,250800,0.0,0.0
2020-03-26 00:00:00-04:00,3.0,3.0,2.5999999046325684,2.700000047683716,158500,0.0,0.0
2020-03-27 00:00:00-04:00,2.6500000953674316,2.8299999237060547,2.5999999046325684,2.640000104904175,107600,0.0,0.0
2020-03-30 00:00:00-04:00,2.559999942779541,2.6700000762939453,2.4700000286102295,2.4700000286102295,173200,0.0,0.0
2020-03-31 00:00:00-04:00,2.4200000762939453,2.5999999046325684,2.319999933242798,2.3399999141693115,231400,0.0,0.0
2020-04-01 00:00:00-04:00,2.299999952316284,2.3399999141693115,2.1500000953674316,2.180000066757202,101900,0.0,0.0
2020-04-02 00:00:00-04:00,2.119999885559082,2.2699999809265137,1.9800000190734863,1.9900000095367432,237700,0.0,0.0
2020-04-03 00:00:00-04:00,2.0,2.069999933242798,1.659999966621399,1.7899999618530273,286400,0.0,0.0
2020-04-06 00:00:00-04:00,1.8200000524520874,2.0299999713897705,1.8200000524520874,1.909999966621399,84900,0.0,0.0
2020-04-07 00:00:00-04:00,1.9299999475479126,2.0899999141693115,1.8600000143051147,1.9500000476837158,152600,0.0,0.0
2020-04-08 00:00:00-04:00,1.909999966621399,2.240000009536743,1.8799999952316284,2.0799999237060547,136800,0.0,0.0
2020-04-09 00:00:00-04:00,2.1600000858306885,2.1600000858306885,1.850000023841858,2.049999952316284,218300,0.0,0.0
2020-04-13 00:00:00-04:00,2.130000114440918,2.430000066757202,2.0,2.3499999046325684,109300,0.0,0.0
2020-04-14 00:00:00-04:00,2.4000000953674316,2.5399999618530273,2.3499999046325684,2.4000000953674316,109600,0.0,0.0
2020-04-15 00:00:00-04:00,2.319999933242798,2.369999885559082,2.119999885559082,2.1600000858306885,124500,0.0,0.0
2020-04-16 00:00:00-04:00,2.1600000858306885,2.299999952316284,2.1600000858306885,2.259999990463257,71300,0.0,0.0
2020-04-17 00:00:00-04:00,2.25,2.5,2.180000066757202,2.390000104904175,42500,0.0,0.0
2020-04-20 00:00:00-04:00,2.450000047683716,2.5999999046325684,2.299999952316284,2.4600000381469727,100600,0.0,0.0
2020-04-21 00:00:00-04:00,2.490000009536743,2.569999933242798,2.309999942779541,2.430000066757202,69800,0.0,0.0
2020-04-22 00:00:00-04:00,2.430000066757202,2.5399999618530273,2.4200000762939453,2.4800000190734863,37500,0.0,0.0
2020-04-23 00:00:00-04:00,2.4800000190734863,2.7799999713897705,2.390000104904175,2.6600000858306885,172700,0.0,0.0
2020-04-24 00:00:00-04:00,2.859999895095825,2.869999885559082,2.700000047683716,2.819999933242798,81100,0.0,0.0
2020-04-27 00:00:00-04:00,2.8399999141693115,3.0399999618530273,2.809999942779541,3.0,128600,0.0,0.0
2020-04-28 00:00:00-04:00,3.0,3.009999990463257,2.930000066757202,3.0,71200,0.0,0.0
2020-04-29 00:00:00-04:00,3.0,3.0,2.869999885559082,2.890000104904175,90300,0.0,0.0
2020-04-30 00:00:00-04:00,2.9200000762939453,3.049999952316284,2.799999952316284,3.009999990463257,49000,0.0,0.0
2020-05-01 00:00:00-04:00,2.9600000381469727,3.0,2.700000047683716,2.819999933242798,81400,0.0,0.0
2020-05-04 00:00:00-04:00,2.740000009536743,2.740000009536743,2.559999942779541,2.640000104904175,60000,0.0,0.0
2020-05-05 00:00:00-04:00,2.559999942779541,2.890000104904175,2.4700000286102295,2.7200000286102295,70000,0.0,0.0
2020-05-06 00:00:00-04:00,2.7100000381469727,2.869999885559082,2.609999895095825,2.6700000762939453,33900,0.0,0.0
2020-05-07 00:00:00-04:00,2.6600000858306885,3.299999952316284,2.640000104904175,3.2699999809265137,499400,0.0,0.0
2020-05-08 00:00:00-04:00,3.0899999141693115,3.630000114440918,3.009999990463257,3.609999895095825,289500,0.0,0.0
2020-05-11 00:00:00-04:00,3.5199999809265137,4.03000020980835,3.509999990463257,3.809999942779541,357000,0.0,0.0
2020-05-12 00:00:00-04:00,3.859999895095825,3.9200000762939453,3.630000114440918,3.8399999141693115,135700,0.0,0.0
2020-05-13 00:00:00-04:00,3.880000114440918,3.9000000953674316,3.5199999809265137,3.809999942779541,207400,0.0,0.0
2020-05-14 00:00:00-04:00,3.7799999713897705,4.0,3.5199999809265137,3.950000047683716,243100,0.0,0.0
2020-05-15 00:00:00-04:00,3.9600000381469727,4.25,3.9100000858306885,4.130000114440918,287900,0.0,0.0
2020-05-18 00:00:00-04:00,4.119999885559082,4.260000228881836,3.75,3.819999933242798,362500,0.0,0.0
2020-05-19 00:00:00-04:00,3.869999885559082,4.179999828338623,3.859999895095825,4.139999866485596,143200,0.0,0.0
2020-05-20 00:00:00-04:00,4.150000095367432,4.25,4.070000171661377,4.199999809265137,142000,0.0,0.0
2020-05-21 00:00:00-04:00,4.239999771118164,4.360000133514404,4.150000095367432,4.210000038146973,109000,0.0,0.0
2020-05-22 00:00:00-04:00,4.179999828338623,4.329999923706055,4.170000076293945,4.28000020980835,92700,0.0,0.0
2020-05-26 00:00:00-04:00,4.28000020980835,4.579999923706055,4.199999809265137,4.5,206700,0.0,0.0
2020-05-27 00:00:00-04:00,4.550000190734863,4.699999809265137,4.329999923706055,4.699999809265137,144100,0.0,0.0
2020-05-28 00:00:00-04:00,4.710000038146973,4.960000038146973,4.699999809265137,4.860000133514404,242500,0.0,0.0
2020-05-29 00:00:00-04:00,4.860000133514404,4.96999979019165,4.360000133514404,4.449999809265137,238400,0.0,0.0
2020-06-01 00:00:00-04:00,4.360000133514404,4.960000038146973,4.360000133514404,4.860000133514404,164000,0.0,0.0
2020-06-02 00:00:00-04:00,4.920000076293945,5.090000152587891,4.730000019073486,4.889999866485596,216700,0.0,0.0
2020-06-03 00:00:00-04:00,4.980000019073486,4.980000019073486,4.769999980926514,4.809999942779541,175200,0.0,0.0
2020-06-04 00:00:00-04:00,4.809999942779541,4.980000019073486,4.710000038146973,4.960000038146973,190300,0.0,0.0
2020-06-05 00:00:00-04:00,5.0,5.139999866485596,4.849999904632568,5.119999885559082,165500,0.0,0.0
2020-06-08 00:00:00-04:00,5.119999885559082,5.269999980926514,5.0,5.03000020980835,171700,0.0,0.0
2020-06-09 00:00:00-04:00,5.039999961853027,5.139999866485596,4.840000152587891,5.039999961853027,202900,0.0,0.0
2020-06-10 00:00:00-04:00,4.96999979019165,5.25,4.800000190734863,5.130000114440918,219100,0.0,0.0
2020-06-11 00:00:00-04:00,5.010000228881836,5.130000114440918,4.380000114440918,4.429999828338623,239200,0.0,0.0
2020-06-12 00:00:00-04:00,4.639999866485596,4.940000057220459,4.599999904632568,4.909999847412109,124700,0.0,0.0
2020-06-15 00:00:00-04:00,4.789999961853027,5.179999828338623,4.78000020980835,4.849999904632568,182400,0.0,0.0
2020-06-16 00:00:00-04:00,5.059999942779541,5.230000019073486,4.900000095367432,5.050000190734863,134900,0.0,0.0
2020-06-17 00:00:00-04:00,5.039999961853027,5.25,5.03000020980835,5.050000190734863,108500,0.0,0.0
2020-06-18 00:00:00-04:00,5.019999980926514,5.199999809265137,4.920000076293945,4.989999771118164,95800,0.0,0.0
2020-06-19 00:00:00-04:00,5.019999980926514,5.190000057220459,4.960000038146973,5.130000114440918,139600,0.0,0.0
2020-06-22 00:00:00-04:00,5.159999847412109,5.25,5.059999942779541,5.239999771118164,147800,0.0,0.0
2020-06-23 00:00:00-04:00,5.25,5.289999961853027,5.0,5.119999885559082,199500,0.0,0.0
2020-06-24 00:00:00-04:00,5.150000095367432,5.480000019073486,5.059999942779541,5.440000057220459,352000,0.0,0.0
2020-06-25 00:00:00-04:00,5.480000019073486,5.699999809265137,4.909999847412109,5.010000228881836,422100,0.0,0.0
2020-06-26 00:00:00-04:00,5.050000190734863,5.099999904632568,4.019999980926514,4.050000190734863,3616500,0.0,0.0
2020-06-29 00:00:00-04:00,4.340000152587891,4.389999866485596,3.680000066757202,3.809999942779541,661500,0.0,0.0
2020-06-30 00:00:00-04:00,3.8499999046325684,4.130000114440918,3.680000066757202,4.059999942779541,278200,0.0,0.0
2020-07-01 00:00:00-04:00,4.03000020980835,4.099999904632568,3.509999990463257,3.680000066757202,284100,0.0,0.0
2020-07-02 00:00:00-04:00,3.680000066757202,3.940000057220459,3.680000066757202,3.859999895095825,167800,0.0,0.0
2020-07-06 00:00:00-04:00,3.880000114440918,3.9200000762939453,3.4700000286102295,3.619999885559082,265600,0.0,0.0
2020-07-07 00:00:00-04:00,3.5799999237060547,3.680000066757202,3.3399999141693115,3.390000104904175,146600,0.0,0.0
2020-07-08 00:00:00-04:00,3.450000047683716,3.450000047683716,3.140000104904175,3.2899999618530273,256300,0.0,0.0
2020-07-09 00:00:00-04:00,3.3399999141693115,3.3399999141693115,3.1500000953674316,3.2100000381469727,159100,0.0,0.0
2020-07-10 00:00:00-04:00,3.2100000381469727,3.440000057220459,3.1500000953674316,3.380000114440918,210100,0.0,0.0
2020-07-13 00:00:00-04:00,3.549999952316284,3.690000057220459,3.309999942779541,3.430000066757202,249100,0.0,0.0
2020-07-14 00:00:00-04:00,3.450000047683716,3.640000104904175,3.299999952316284,3.369999885559082,161800,0.0,0.0
2020-07-15 00:00:00-04:00,3.4000000953674316,3.5,3.3399999141693115,3.4600000381469727,134300,0.0,0.0
2020-07-16 00:00:00-04:00,3.4000000953674316,3.450000047683716,3.2300000190734863,3.259999990463257,127000,0.0,0.0
2020-07-17 00:00:00-04:00,3.3399999141693115,3.359999895095825,3.1700000762939453,3.309999942779541,128300,0.0,0.0
2020-07-20 00:00:00-04:00,3.3499999046325684,3.4700000286102295,3.2699999809265137,3.430000066757202,225800,0.0,0.0
2020-07-21 00:00:00-04:00,3.4800000190734863,3.569999933242798,3.2899999618530273,3.3299999237060547,128600,0.0,0.0
2020-07-22 00:00:00-04:00,3.3499999046325684,3.450000047683716,3.25,3.25,121200,0.0,0.0
2020-07-23 00:00:00-04:00,3.2899999618530273,3.319999933242798,3.200000047683716,3.2100000381469727,97300,0.0,0.0
2020-07-24 00:00:00-04:00,3.2100000381469727,3.259999990463257,3.0999999046325684,3.1700000762939453,77300,0.0,0.0
2020-07-27 00:00:00-04:00,3.2300000190734863,3.450000047683716,3.2300000190734863,3.450000047683716,131500,0.0,0.0
2020-07-28 00:00:00-04:00,3.5,3.5799999237060547,3.200000047683716,3.2899999618530273,220400,0.0,0.0
2020-07-29 00:00:00-04:00,3.319999933242798,3.380000114440918,3.2100000381469727,3.3499999046325684,79100,0.0,0.0
2020-07-30 00:00:00-04:00,3.299999952316284,3.3399999141693115,3.2200000286102295,3.299999952316284,66500,0.0,0.0
2020-07-31 00:00:00-04:00,3.3399999141693115,3.4100000858306885,3.2100000381469727,3.380000114440918,120800,0.0,0.0
2020-08-03 00:00:00-04:00,3.430000066757202,3.700000047683716,3.380000114440918,3.5399999618530273,135300,0.0,0.0
2020-08-04 00:00:00-04:00,3.5399999618530273,3.740000009536743,3.3399999141693115,3.4000000953674316,165000,0.0,0.0
2020-08-05 00:00:00-04:00,3.440000057220459,3.630000114440918,3.4000000953674316,3.619999885559082,98500,0.0,0.0
2020-08-06 00:00:00-04:00,3.5999999046325684,4.110000133514404,3.5999999046325684,4.079999923706055,290300,0.0,0.0
2020-08-07 00:00:00-04:00,4.0,4.0,3.5799999237060547,3.609999895095825,243400,0.0,0.0
2020-08-10 00:00:00-04:00,3.6700000762939453,3.6700000762939453,3.109999895095825,3.190000057220459,303100,0.0,0.0
2020-08-11 00:00:00-04:00,3.1700000762939453,3.1700000762939453,2.9800000190734863,2.990000009536743,219200,0.0,0.0
2020-08-12 00:00:00-04:00,3.0,3.0399999618530273,2.8399999141693115,2.9200000762939453,206300,0.0,0.0
2020-08-13 00:00:00-04:00,2.9000000953674316,3.0399999618530273,2.8499999046325684,3.0199999809265137,111700,0.0,0.0
2020-08-14 00:00:00-04:00,3.009999990463257,3.0399999618530273,2.3399999141693115,2.569999933242798,2299200,0.0,0.0
2020-08-17 00:00:00-04:00,2.4700000286102295,2.5,2.2699999809265137,2.3399999141693115,605300,0.0,0.0
2020-08-18 00:00:00-04:00,2.25,2.319999933242798,2.200000047683716,2.2799999713897705,285300,0.0,0.0
2020-08-19 00:00:00-04:00,2.2899999618530273,2.3499999046325684,2.1500000953674316,2.240000009536743,308700,0.0,0.0
2020-08-20 00:00:00-04:00,2.240000009536743,2.2699999809265137,2.1600000858306885,2.1700000762939453,145300,0.0,0.0
2020-08-21 00:00:00-04:00,2.1700000762939453,2.190000057220459,2.009999990463257,2.140000104904175,377800,0.0,0.0
2020-08-24 00:00:00-04:00,2.1700000762939453,2.319999933242798,2.0299999713897705,2.2799999713897705,358300,0.0,0.0
2020-08-25 00:00:00-04:00,2.2699999809265137,2.390000104904175,2.1500000953674316,2.25,441900,0.0,0.0
2020-08-26 00:00:00-04:00,2.2899999618530273,2.309999942779541,2.2699999809265137,2.2699999809265137,108600,0.0,0.0
2020-08-27 00:00:00-04:00,2.259999990463257,2.299999952316284,2.2100000381469727,2.2699999809265137,288000,0.0,0.0
2020-08-28 00:00:00-04:00,2.299999952316284,2.3399999141693115,2.25,2.299999952316284,157000,0.0,0.0
2020-08-31 00:00:00-04:00,2.299999952316284,2.369999885559082,2.2100000381469727,2.319999933242798,190100,0.0,0.0
2020-09-01 00:00:00-04:00,2.309999942779541,2.380000114440918,2.2699999809265137,2.3499999046325684,161100,0.0,0.0
2020-09-02 00:00:00-04:00,2.3299999237060547,2.5999999046325684,2.309999942779541,2.5299999713897705,348700,0.0,0.0
2020-09-03 00:00:00-04:00,2.5299999713897705,2.640000104904175,2.450000047683716,2.5799999237060547,380800,0.0,0.0
2020-09-04 00:00:00-04:00,2.5799999237060547,2.630000114440918,2.309999942779541,2.3399999141693115,297300,0.0,0.0
2020-09-08 00:00:00-04:00,2.3399999141693115,2.3499999046325684,2.2200000286102295,2.309999942779541,97600,0.0,0.0
2020-09-09 00:00:00-04:00,2.3299999237060547,2.450000047683716,2.3299999237060547,2.4200000762939453,180200,0.0,0.0
2020-09-10 00:00:00-04:00,2.430000066757202,3.0,2.4200000762939453,2.690000057220459,591900,0.0,0.0
2020-09-11 00:00:00-04:00,2.690000057220459,2.8499999046325684,2.4200000762939453,2.5299999713897705,191400,0.0,0.0
2020-09-14 00:00:00-04:00,2.5399999618530273,2.5399999618530273,2.369999885559082,2.4000000953674316,135900,0.0,0.0
2020-09-15 00:00:00-04:00,2.390000104904175,2.549999952316284,2.380000114440918,2.4700000286102295,114000,0.0,0.0
2020-09-16 00:00:00-04:00,2.4700000286102295,3.0799999237060547,2.450000047683716,2.7100000381469727,668400,0.0,0.0
2020-09-17 00:00:00-04:00,2.7699999809265137,2.869999885559082,2.5999999046325684,2.690000057220459,177900,0.0,0.0
2020-09-18 00:00:00-04:00,2.75,3.0299999713897705,2.609999895095825,2.9000000953674316,368800,0.0,0.0
2020-09-21 00:00:00-04:00,2.880000114440918,2.880000114440918,2.4000000953674316,2.4100000858306885,303500,0.0,0.0
2020-09-22 00:00:00-04:00,2.4200000762939453,2.509999990463257,2.319999933242798,2.430000066757202,149700,0.0,0.0
2020-09-23 00:00:00-04:00,2.4000000953674316,2.5,2.3499999046325684,2.380000114440918,94600,0.0,0.0
2020-09-24 00:00:00-04:00,2.369999885559082,2.569999933242798,2.3499999046325684,2.440000057220459,190600,0.0,0.0
2020-09-25 00:00:00-04:00,2.430000066757202,2.5899999141693115,2.380000114440918,2.4800000190734863,179100,0.0,0.0
2020-09-28 00:00:00-04:00,2.5299999713897705,2.700000047683716,2.4800000190734863,2.6500000953674316,145700,0.0,0.0
2020-09-29 00:00:00-04:00,2.6500000953674316,2.8299999237060547,2.630000114440918,2.809999942779541,128800,0.0,0.0
2020-09-30 00:00:00-04:00,2.8399999141693115,2.8399999141693115,2.6500000953674316,2.700000047683716,77900,0.0,0.0
2020-10-01 00:00:00-04:00,2.680000066757202,2.809999942779541,2.619999885559082,2.7799999713897705,87100,0.0,0.0
2020-10-02 00:00:00-04:00,2.690000057220459,2.8299999237060547,2.619999885559082,2.7200000286102295,98200,0.0,0.0
2020-10-05 00:00:00-04:00,2.759999990463257,2.799999952316284,2.630000114440918,2.680000066757202,86600,0.0,0.0
2020-10-06 00:00:00-04:00,2.690000057220459,2.75,2.630000114440918,2.7200000286102295,115600,0.0,0.0
2020-10-07 00:00:00-04:00,2.7200000286102295,2.7899999618530273,2.6700000762939453,2.7200000286102295,84500,0.0,0.0
2020-10-08 00:00:00-04:00,2.759999990463257,2.799999952316284,2.640000104904175,2.700000047683716,115700,0.0,0.0
2020-10-09 00:00:00-04:00,2.690000057220459,2.940000057220459,2.6700000762939453,2.9000000953674316,169500,0.0,0.0
2020-10-12 00:00:00-04:00,2.9000000953674316,2.9200000762939453,2.7899999618530273,2.890000104904175,99700,0.0,0.0
2020-10-13 00:00:00-04:00,2.890000104904175,2.9100000858306885,2.799999952316284,2.799999952316284,65100,0.0,0.0
2020-10-14 00:00:00-04:00,2.8399999141693115,2.859999895095825,2.799999952316284,2.8299999237060547,84700,0.0,0.0
2020-10-15 00:00:00-04:00,2.799999952316284,3.0,2.7699999809265137,2.9800000190734863,168800,0.0,0.0
2020-10-16 00:00:00-04:00,2.950000047683716,3.0999999046325684,2.7799999713897705,2.859999895095825,135300,0.0,0.0
2020-10-19 00:00:00-04:00,2.890000104904175,2.9800000190734863,2.809999942779541,2.8399999141693115,59300,0.0,0.0
2020-10-20 00:00:00-04:00,2.869999885559082,2.9000000953674316,2.7300000190734863,2.7799999713897705,57200,0.0,0.0
2020-10-21 00:00:00-04:00,2.7899999618530273,2.9800000190734863,2.7799999713897705,2.890000104904175,71200,0.0,0.0
2020-10-22 00:00:00-04:00,2.930000066757202,3.0399999618530273,2.7899999618530273,2.890000104904175,109300,0.0,0.0
2020-10-23 00:00:00-04:00,2.9000000953674316,3.049999952316284,2.9000000953674316,2.9600000381469727,91600,0.0,0.0
2020-10-26 00:00:00-04:00,2.9800000190734863,2.990000009536743,2.7200000286102295,2.759999990463257,80000,0.0,0.0
2020-10-27 00:00:00-04:00,2.759999990463257,2.819999933242798,2.680000066757202,2.7899999618530273,73700,0.0,0.0
2020-10-28 00:00:00-04:00,2.7699999809265137,2.7699999809265137,2.5199999809265137,2.619999885559082,96100,0.0,0.0
2020-10-29 00:00:00-04:00,2.5899999141693115,2.75,2.5,2.7300000190734863,96700,0.0,0.0
2020-10-30 00:00:00-04:00,2.6700000762939453,2.7100000381469727,2.5399999618530273,2.5899999141693115,47900,0.0,0.0
2020-11-02 00:00:00-05:00,2.5999999046325684,2.7300000190734863,2.569999933242798,2.7200000286102295,62100,0.0,0.0
2020-11-03 00:00:00-05:00,2.7200000286102295,2.880000114440918,2.630000114440918,2.819999933242798,90900,0.0,0.0
2020-11-04 00:00:00-05:00,2.75,2.9100000858306885,2.690000057220459,2.8299999237060547,23000,0.0,0.0
2020-11-05 00:00:00-05:00,2.759999990463257,2.950000047683716,2.759999990463257,2.8399999141693115,87100,0.0,0.0
2020-11-06 00:00:00-05:00,2.819999933242798,2.9200000762939453,2.6500000953674316,2.859999895095825,74900,0.0,0.0
2020-11-09 00:00:00-05:00,3.0299999713897705,3.069999933242798,2.880000114440918,2.9800000190734863,284700,0.0,0.0
2020-11-10 00:00:00-05:00,3.049999952316284,3.1500000953674316,2.990000009536743,3.049999952316284,124800,0.0,0.0
2020-11-11 00:00:00-05:00,3.109999895095825,3.109999895095825,3.009999990463257,3.059999942779541,63600,0.0,0.0
2020-11-12 00:00:00-05:00,3.0799999237060547,3.0799999237060547,2.930000066757202,2.9700000286102295,53300,0.0,0.0
2020-11-13 00:00:00-05:00,2.990000009536743,3.009999990463257,2.9200000762939453,2.950000047683716,74400,0.0,0.0
2020-11-16 00:00:00-05:00,2.950000047683716,3.0,2.930000066757202,2.9800000190734863,66800,0.0,0.0
2020-11-17 00:00:00-05:00,2.880000114440918,2.950000047683716,2.6600000858306885,2.7100000381469727,187100,0.0,0.0
2020-11-18 00:00:00-05:00,2.759999990463257,2.809999942779541,2.6600000858306885,2.7100000381469727,148500,0.0,0.0
2020-11-19 00:00:00-05:00,2.7100000381469727,2.7899999618530273,2.5999999046325684,2.7300000190734863,90200,0.0,0.0
2020-11-20 00:00:00-05:00,2.690000057220459,2.799999952316284,2.690000057220459,2.7699999809265137,79900,0.0,0.0
2020-11-23 00:00:00-05:00,2.7799999713897705,2.8299999237060547,2.7300000190734863,2.7899999618530273,102300,0.0,0.0
2020-11-24 00:00:00-05:00,2.8299999237060547,3.0399999618530273,2.809999942779541,3.0,219500,0.0,0.0
2020-11-25 00:00:00-05:00,3.0399999618530273,3.059999942779541,2.869999885559082,2.869999885559082,92900,0.0,0.0
2020-11-27 00:00:00-05:00,2.8499999046325684,2.9700000286102295,2.7699999809265137,2.809999942779541,51000,0.0,0.0
2020-11-30 00:00:00-05:00,2.809999942779541,2.990000009536743,2.7899999618530273,2.930000066757202,70100,0.0,0.0
2020-12-01 00:00:00-05:00,3.0899999141693115,3.569999933242798,2.9600000381469727,3.0299999713897705,1674700,0.0,0.0
2020-12-02 00:00:00-05:00,3.009999990463257,3.130000114440918,2.8499999046325684,3.0399999618530273,392200,0.0,0.0
2020-12-03 00:00:00-05:00,3.0199999809265137,3.1700000762939453,2.9600000381469727,3.009999990463257,117200,0.0,0.0
2020-12-04 00:00:00-05:00,3.0199999809265137,3.0899999141693115,2.9800000190734863,3.0299999713897705,123400,0.0,0.0
2020-12-07 00:00:00-05:00,3.059999942779541,3.059999942779541,2.759999990463257,2.8299999237060547,352600,0.0,0.0
2020-12-08 00:00:00-05:00,2.7799999713897705,2.8499999046325684,2.7300000190734863,2.7799999713897705,179200,0.0,0.0
2020-12-09 00:00:00-05:00,2.819999933242798,2.859999895095825,2.6600000858306885,2.690000057220459,247600,0.0,0.0
2020-12-10 00:00:00-05:00,2.690000057220459,2.7899999618530273,2.690000057220459,2.7200000286102295,127300,0.0,0.0
2020-12-11 00:00:00-05:00,2.680000066757202,2.759999990463257,2.5799999237060547,2.75,348200,0.0,0.0
2020-12-14 00:00:00-05:00,2.75,2.8399999141693115,2.6700000762939453,2.7100000381469727,197300,0.0,0.0
2020-12-15 00:00:00-05:00,2.75,2.799999952316284,2.680000066757202,2.7300000190734863,53100,0.0,0.0
2020-12-16 00:00:00-05:00,2.7100000381469727,3.509999990463257,2.549999952316284,2.680000066757202,3114200,0.0,0.0
2020-12-17 00:00:00-05:00,2.6600000858306885,2.7799999713897705,2.5299999713897705,2.6600000858306885,572800,0.0,0.0
2020-12-18 00:00:00-05:00,2.6600000858306885,2.6600000858306885,2.559999942779541,2.619999885559082,360700,0.0,0.0
2020-12-21 00:00:00-05:00,2.5799999237060547,2.75,2.5399999618530273,2.700000047683716,384500,0.0,0.0
2020-12-22 00:00:00-05:00,2.700000047683716,2.9600000381469727,2.6700000762939453,2.950000047683716,234500,0.0,0.0
2020-12-23 00:00:00-05:00,2.930000066757202,3.119999885559082,2.7799999713897705,2.8299999237060547,494500,0.0,0.0
2020-12-24 00:00:00-05:00,2.8299999237060547,2.9100000858306885,2.7799999713897705,2.809999942779541,69000,0.0,0.0
2020-12-28 00:00:00-05:00,2.809999942779541,2.8399999141693115,2.740000009536743,2.759999990463257,182300,0.0,0.0
2020-12-29 00:00:00-05:00,2.75,2.930000066757202,2.6700000762939453,2.819999933242798,312600,0.0,0.0
2020-12-30 00:00:00-05:00,2.7899999618530273,2.859999895095825,2.7100000381469727,2.819999933242798,145600,0.0,0.0
2020-12-31 00:00:00-05:00,2.8399999141693115,2.8499999046325684,2.75,2.809999942779541,201700,0.0,0.0
2021-01-04 00:00:00-05:00,2.809999942779541,2.8499999046325684,2.6500000953674316,2.6700000762939453,138900,0.0,0.0
2021-01-05 00:00:00-05:00,2.7100000381469727,2.890000104904175,2.700000047683716,2.8299999237060547,84100,0.0,0.0
2021-01-06 00:00:00-05:00,2.8399999141693115,2.9200000762939453,2.740000009536743,2.8499999046325684,121800,0.0,0.0
2021-01-07 00:00:00-05:00,2.869999885559082,2.9200000762939453,2.7799999713897705,2.8499999046325684,99600,0.0,0.0
2021-01-08 00:00:00-05:00,2.859999895095825,2.950000047683716,2.799999952316284,2.9200000762939453,155500,0.0,0.0
2021-01-11 00:00:00-05:00,2.9000000953674316,3.049999952316284,2.819999933242798,2.940000057220459,164300,0.0,0.0
2021-01-12 00:00:00-05:00,2.940000057220459,3.109999895095825,2.940000057220459,3.109999895095825,171500,0.0,0.0
2021-01-13 00:00:00-05:00,3.130000114440918,4.860000133514404,3.0799999237060547,3.950000047683716,2963900,0.0,0.0
2021-01-14 00:00:00-05:00,3.9100000858306885,4.199999809265137,3.559999942779541,3.950000047683716,793500,0.0,0.0
2021-01-15 00:00:00-05:00,3.950000047683716,4.21999979019165,3.619999885559082,3.940000057220459,360300,0.0,0.0
2021-01-19 00:00:00-05:00,3.940000057220459,4.050000190734863,3.7699999809265137,3.799999952316284,313100,0.0,0.0
2021-01-20 00:00:00-05:00,3.940000057220459,4.349999904632568,3.799999952316284,4.25,385900,0.0,0.0
2021-01-21 00:00:00-05:00,4.300000190734863,4.610000133514404,4.039999961853027,4.460000038146973,505100,0.0,0.0
2021-01-22 00:00:00-05:00,4.449999809265137,4.550000190734863,4.130000114440918,4.190000057220459,352400,0.0,0.0
2021-01-25 00:00:00-05:00,4.599999904632568,5.170000076293945,4.420000076293945,4.860000133514404,889300,0.0,0.0
2021-01-26 00:00:00-05:00,4.989999771118164,5.019999980926514,4.639999866485596,4.809999942779541,506600,0.0,0.0
2021-01-27 00:00:00-05:00,4.78000020980835,4.860000133514404,4.199999809265137,4.289999961853027,522600,0.0,0.0
2021-01-28 00:00:00-05:00,4.289999961853027,4.300000190734863,3.6700000762939453,3.890000104904175,553100,0.0,0.0
2021-01-29 00:00:00-05:00,3.930000066757202,4.400000095367432,3.869999885559082,4.059999942779541,360900,0.0,0.0
2021-02-01 00:00:00-05:00,4.099999904632568,4.269999980926514,3.9100000858306885,4.139999866485596,188000,0.0,0.0
2021-02-02 00:00:00-05:00,4.150000095367432,4.150000095367432,3.859999895095825,3.9800000190734863,231900,0.0,0.0
2021-02-03 00:00:00-05:00,3.9700000286102295,4.090000152587891,3.869999885559082,4.0,258900,0.0,0.0
2021-02-04 00:00:00-05:00,4.050000190734863,4.800000190734863,3.950000047683716,4.769999980926514,415800,0.0,0.0
2021-02-05 00:00:00-05:00,4.949999809265137,5.5,4.730000019073486,5.269999980926514,951200,0.0,0.0
2021-02-08 00:00:00-05:00,5.389999866485596,5.489999771118164,4.730000019073486,5.0,546200,0.0,0.0
2021-02-09 00:00:00-05:00,4.909999847412109,5.099999904632568,4.809999942779541,4.980000019073486,295600,0.0,0.0
2021-02-10 00:00:00-05:00,4.989999771118164,4.989999771118164,4.53000020980835,4.570000171661377,276300,0.0,0.0
2021-02-11 00:00:00-05:00,4.53000020980835,4.679999828338623,4.329999923706055,4.550000190734863,196600,0.0,0.0
2021-02-12 00:00:00-05:00,4.460000038146973,4.789999961853027,4.400000095367432,4.760000228881836,135400,0.0,0.0
2021-02-16 00:00:00-05:00,4.789999961853027,4.889999866485596,4.579999923706055,4.800000190734863,158600,0.0,0.0
2021-02-17 00:00:00-05:00,4.71999979019165,5.199999809265137,4.599999904632568,5.170000076293945,344400,0.0,0.0
2021-02-18 00:00:00-05:00,5.119999885559082,5.659999847412109,4.869999885559082,5.369999885559082,671300,0.0,0.0
2021-02-19 00:00:00-05:00,5.329999923706055,5.449999809265137,4.949999809265137,5.03000020980835,344000,0.0,0.0
2021-02-22 00:00:00-05:00,5.03000020980835,5.360000133514404,4.820000171661377,4.869999885559082,236400,0.0,0.0
2021-02-23 00:00:00-05:00,4.599999904632568,4.710000038146973,4.010000228881836,4.619999885559082,277500,0.0,0.0
2021-02-24 00:00:00-05:00,4.5,4.840000152587891,4.5,4.619999885559082,103000,0.0,0.0
2021-02-25 00:00:00-05:00,4.619999885559082,4.760000228881836,4.050000190734863,4.070000171661377,204000,0.0,0.0
2021-02-26 00:00:00-05:00,4.0,4.289999961853027,3.930000066757202,4.03000020980835,213900,0.0,0.0
2021-03-01 00:00:00-05:00,4.119999885559082,4.179999828338623,3.859999895095825,4.03000020980835,252900,0.0,0.0
2021-03-02 00:00:00-05:00,3.9600000381469727,4.070000171661377,3.7799999713897705,3.890000104904175,239800,0.0,0.0
2021-03-03 00:00:00-05:00,3.8499999046325684,3.950000047683716,3.690000057220459,3.700000047683716,249100,0.0,0.0
2021-03-04 00:00:00-05:00,3.740000009536743,3.75,3.4000000953674316,3.680000066757202,433300,0.0,0.0
2021-03-05 00:00:00-05:00,3.7200000286102295,3.7200000286102295,3.259999990463257,3.640000104904175,191000,0.0,0.0
2021-03-08 00:00:00-05:00,3.640000104904175,3.799999952316284,3.509999990463257,3.5299999713897705,119800,0.0,0.0
2021-03-09 00:00:00-05:00,3.6500000953674316,3.890000104904175,3.609999895095825,3.7699999809265137,228900,0.0,0.0
2021-03-10 00:00:00-05:00,3.799999952316284,3.9200000762939453,3.740000009536743,3.75,139200,0.0,0.0
2021-03-11 00:00:00-05:00,3.819999933242798,3.9000000953674316,3.75,3.9000000953674316,181300,0.0,0.0
2021-03-12 00:00:00-05:00,3.799999952316284,3.8499999046325684,3.509999990463257,3.5799999237060547,227800,0.0,0.0
2021-03-15 00:00:00-04:00,3.4200000762939453,3.640000104904175,3.380000114440918,3.430000066757202,180100,0.0,0.0
2021-03-16 00:00:00-04:00,3.450000047683716,3.4800000190734863,3.2100000381469727,3.2200000286102295,147700,0.0,0.0
2021-03-17 00:00:00-04:00,3.2200000286102295,3.2899999618530273,3.049999952316284,3.2200000286102295,134700,0.0,0.0
2021-03-18 00:00:00-04:00,3.2300000190734863,3.390000104904175,3.180000066757202,3.190000057220459,67100,0.0,0.0
2021-03-19 00:00:00-04:00,3.1600000858306885,3.309999942779541,3.140000104904175,3.200000047683716,225100,0.0,0.0
2021-03-22 00:00:00-04:00,3.2699999809265137,3.359999895095825,3.1700000762939453,3.2799999713897705,180700,0.0,0.0
2021-03-23 00:00:00-04:00,3.240000009536743,3.2899999618530273,3.059999942779541,3.069999933242798,114000,0.0,0.0
2021-03-24 00:00:00-04:00,3.0299999713897705,3.2300000190734863,2.9000000953674316,2.9100000858306885,205500,0.0,0.0
2021-03-25 00:00:00-04:00,2.8499999046325684,3.059999942779541,2.7899999618530273,3.0399999618530273,127400,0.0,0.0
2021-03-26 00:00:00-04:00,3.0799999237060547,3.0799999237060547,2.930000066757202,2.990000009536743,77900,0.0,0.0
2021-03-29 00:00:00-04:00,3.0,3.0,2.8399999141693115,2.869999885559082,64700,0.0,0.0
2021-03-30 00:00:00-04:00,2.8499999046325684,2.990000009536743,2.7100000381469727,2.7100000381469727,115700,0.0,0.0
2021-03-31 00:00:00-04:00,2.759999990463257,2.9000000953674316,2.75,2.8399999141693115,245100,0.0,0.0
2021-04-01 00:00:00-04:00,2.950000047683716,3.049999952316284,2.869999885559082,3.0299999713897705,73300,0.0,0.0
2021-04-05 00:00:00-04:00,3.119999885559082,3.119999885559082,2.799999952316284,2.8399999141693115,215200,0.0,0.0
2021-04-06 00:00:00-04:00,2.8299999237060547,3.1500000953674316,2.8299999237060547,3.0299999713897705,123700,0.0,0.0
2021-04-07 00:00:00-04:00,3.0199999809265137,3.0199999809265137,2.809999942779541,2.880000114440918,104500,0.0,0.0
2021-04-08 00:00:00-04:00,2.880000114440918,2.9100000858306885,2.740000009536743,2.799999952316284,101500,0.0,0.0
2021-04-09 00:00:00-04:00,2.8399999141693115,2.8399999141693115,2.700000047683716,2.759999990463257,77400,0.0,0.0
2021-04-12 00:00:00-04:00,2.759999990463257,2.7699999809265137,2.4800000190734863,2.630000114440918,235600,0.0,0.0
2021-04-13 00:00:00-04:00,2.619999885559082,2.7100000381469727,2.569999933242798,2.6700000762939453,81000,0.0,0.0
2021-04-14 00:00:00-04:00,2.700000047683716,2.75,2.549999952316284,2.569999933242798,125700,0.0,0.0
2021-04-15 00:00:00-04:00,2.569999933242798,2.5999999046325684,2.4700000286102295,2.5199999809265137,247700,0.0,0.0
2021-04-16 00:00:00-04:00,2.5399999618530273,2.700000047683716,2.5,2.6700000762939453,189800,0.0,0.0
2021-04-19 00:00:00-04:00,2.690000057220459,2.690000057220459,2.4100000858306885,2.509999990463257,198900,0.0,0.0
2021-04-20 00:00:00-04:00,2.4600000381469727,2.5,2.4000000953674316,2.4700000286102295,131500,0.0,0.0
2021-04-21 00:00:00-04:00,2.430000066757202,2.6600000858306885,2.430000066757202,2.5999999046325684,131800,0.0,0.0
2021-04-22 00:00:00-04:00,2.630000114440918,2.700000047683716,2.5299999713897705,2.5799999237060547,115100,0.0,0.0
2021-04-23 00:00:00-04:00,2.619999885559082,2.740000009536743,2.5899999141693115,2.700000047683716,100100,0.0,0.0
2021-04-26 00:00:00-04:00,2.680000066757202,2.9600000381469727,2.680000066757202,2.819999933242798,157700,0.0,0.0
2021-04-27 00:00:00-04:00,2.859999895095825,3.0,2.799999952316284,2.8499999046325684,210400,0.0,0.0
2021-04-28 00:00:00-04:00,2.819999933242798,2.8299999237060547,2.700000047683716,2.7300000190734863,231400,0.0,0.0
2021-04-29 00:00:00-04:00,2.740000009536743,2.8399999141693115,2.569999933242798,2.630000114440918,71300,0.0,0.0
2021-04-30 00:00:00-04:00,2.619999885559082,2.7100000381469727,2.5399999618530273,2.559999942779541,152800,0.0,0.0
2021-05-03 00:00:00-04:00,2.5899999141693115,2.640000104904175,2.5199999809265137,2.5799999237060547,98800,0.0,0.0
2021-05-04 00:00:00-04:00,2.5399999618530273,2.630000114440918,2.440000057220459,2.609999895095825,150600,0.0,0.0
2021-05-05 00:00:00-04:00,2.6500000953674316,2.6500000953674316,2.450000047683716,2.4800000190734863,194500,0.0,0.0
2021-05-06 00:00:00-04:00,2.450000047683716,2.5,2.3499999046325684,2.430000066757202,195100,0.0,0.0
2021-05-07 00:00:00-04:00,2.4600000381469727,2.5999999046325684,2.3499999046325684,2.5199999809265137,198800,0.0,0.0
2021-05-10 00:00:00-04:00,2.549999952316284,2.75,2.440000057220459,2.690000057220459,233000,0.0,0.0
2021-05-11 00:00:00-04:00,2.5199999809265137,2.859999895095825,2.430000066757202,2.7899999618530273,387600,0.0,0.0
2021-05-12 00:00:00-04:00,2.740000009536743,2.7699999809265137,2.450000047683716,2.4700000286102295,94900,0.0,0.0
2021-05-13 00:00:00-04:00,2.4600000381469727,2.5799999237060547,2.4000000953674316,2.4100000858306885,192400,0.0,0.0
2021-05-14 00:00:00-04:00,2.430000066757202,2.5399999618530273,2.3499999046325684,2.430000066757202,131400,0.0,0.0
2021-05-17 00:00:00-04:00,2.430000066757202,2.450000047683716,2.309999942779541,2.3299999237060547,240900,0.0,0.0
2021-05-18 00:00:00-04:00,2.319999933242798,2.380000114440918,2.190000057220459,2.2699999809265137,283400,0.0,0.0
2021-05-19 00:00:00-04:00,2.2300000190734863,2.309999942779541,2.119999885559082,2.259999990463257,187700,0.0,0.0
2021-05-20 00:00:00-04:00,2.2899999618530273,2.309999942779541,2.0999999046325684,2.130000114440918,314500,0.0,0.0
2021-05-21 00:00:00-04:00,2.140000104904175,2.450000047683716,2.0799999237060547,2.4200000762939453,284600,0.0,0.0
2021-05-24 00:00:00-04:00,2.4200000762939453,2.4200000762939453,2.25,2.309999942779541,108700,0.0,0.0
2021-05-25 00:00:00-04:00,2.3499999046325684,2.380000114440918,2.190000057220459,2.200000047683716,75700,0.0,0.0
2021-05-26 00:00:00-04:00,2.190000057220459,2.3499999046325684,2.1700000762939453,2.3299999237060547,84300,0.0,0.0
2021-05-27 00:00:00-04:00,2.3499999046325684,2.5,2.3299999237060547,2.4600000381469727,157100,0.0,0.0
2021-05-28 00:00:00-04:00,2.549999952316284,2.609999895095825,2.3499999046325684,2.380000114440918,91300,0.0,0.0
2021-06-01 00:00:00-04:00,2.390000104904175,2.490000009536743,2.3399999141693115,2.4100000858306885,69000,0.0,0.0
2021-06-02 00:00:00-04:00,2.430000066757202,2.490000009536743,2.390000104904175,2.4000000953674316,80300,0.0,0.0
2021-06-03 00:00:00-04:00,2.4100000858306885,2.5799999237060547,2.3499999046325684,2.509999990463257,109100,0.0,0.0
2021-06-04 00:00:00-04:00,2.549999952316284,2.6700000762939453,2.4100000858306885,2.549999952316284,152000,0.0,0.0
2021-06-07 00:00:00-04:00,2.559999942779541,2.630000114440918,2.4000000953674316,2.450000047683716,121900,0.0,0.0
2021-06-08 00:00:00-04:00,2.440000057220459,2.549999952316284,2.4200000762939453,2.4800000190734863,64000,0.0,0.0
2021-06-09 00:00:00-04:00,2.4800000190734863,2.5799999237060547,2.430000066757202,2.4800000190734863,62400,0.0,0.0
2021-06-10 00:00:00-04:00,2.5,2.5,2.4000000953674316,2.4100000858306885,72200,0.0,0.0
2021-06-11 00:00:00-04:00,2.4000000953674316,2.4700000286102295,2.359999895095825,2.440000057220459,99900,0.0,0.0
2021-06-14 00:00:00-04:00,2.430000066757202,2.490000009536743,2.2899999618530273,2.319999933242798,101800,0.0,0.0
2021-06-15 00:00:00-04:00,2.299999952316284,2.299999952316284,2.200000047683716,2.2200000286102295,113100,0.0,0.0
2021-06-16 00:00:00-04:00,2.2200000286102295,2.259999990463257,2.1600000858306885,2.180000066757202,154100,0.0,0.0
2021-06-17 00:00:00-04:00,2.180000066757202,2.299999952316284,2.0999999046325684,2.119999885559082,183600,0.0,0.0
2021-06-18 00:00:00-04:00,2.119999885559082,2.1600000858306885,2.0399999618530273,2.0799999237060547,218900,0.0,0.0
2021-06-21 00:00:00-04:00,2.069999933242798,2.130000114440918,2.009999990463257,2.049999952316284,149800,0.0,0.0
2021-06-22 00:00:00-04:00,2.049999952316284,2.130000114440918,2.0199999809265137,2.0999999046325684,159500,0.0,0.0
2021-06-23 00:00:00-04:00,2.130000114440918,2.549999952316284,2.130000114440918,2.440000057220459,499300,0.0,0.0
2021-06-24 00:00:00-04:00,2.4800000190734863,2.5299999713897705,2.2699999809265137,2.390000104904175,289600,0.0,0.0
2021-06-25 00:00:00-04:00,2.390000104904175,2.450000047683716,2.2899999618530273,2.380000114440918,3132800,0.0,0.0
2021-06-28 00:00:00-04:00,2.359999895095825,2.4800000190734863,2.359999895095825,2.450000047683716,92500,0.0,0.0
2021-06-29 00:00:00-04:00,2.4200000762939453,2.4600000381469727,2.3399999141693115,2.3399999141693115,69400,0.0,0.0
2021-06-30 00:00:00-04:00,2.369999885559082,2.4600000381469727,2.2899999618530273,2.369999885559082,130900,0.0,0.0
2021-07-01 00:00:00-04:00,2.369999885559082,2.390000104904175,2.299999952316284,2.3399999141693115,83200,0.0,0.0
2021-07-02 00:00:00-04:00,2.309999942779541,2.309999942779541,2.2100000381469727,2.2899999618530273,87800,0.0,0.0
2021-07-06 00:00:00-04:00,2.299999952316284,2.4000000953674316,2.25,2.319999933242798,102500,0.0,0.0
2021-07-07 00:00:00-04:00,2.299999952316284,2.3499999046325684,2.140000104904175,2.190000057220459,96200,0.0,0.0
2021-07-08 00:00:00-04:00,2.1700000762939453,2.190000057220459,2.0999999046325684,2.180000066757202,65800,0.0,0.0
2021-07-09 00:00:00-04:00,2.2200000286102295,2.3399999141693115,2.180000066757202,2.25,212000,0.0,0.0
2021-07-12 00:00:00-04:00,2.259999990463257,2.4200000762939453,2.200000047683716,2.3499999046325684,271400,0.0,0.0
2021-07-13 00:00:00-04:00,2.3399999141693115,2.369999885559082,2.2200000286102295,2.309999942779541,127200,0.0,0.0
2021-07-14 00:00:00-04:00,2.299999952316284,2.309999942779541,2.1600000858306885,2.190000057220459,96200,0.0,0.0
2021-07-15 00:00:00-04:00,2.1500000953674316,2.1600000858306885,2.0799999237060547,2.1500000953674316,154300,0.0,0.0
2021-07-16 00:00:00-04:00,2.140000104904175,2.1500000953674316,2.049999952316284,2.059999942779541,76400,0.0,0.0
2021-07-19 00:00:00-04:00,2.009999990463257,2.140000104904175,2.0,2.109999895095825,81600,0.0,0.0
2021-07-20 00:00:00-04:00,2.130000114440918,2.2899999618530273,2.119999885559082,2.2100000381469727,94500,0.0,0.0
2021-07-21 00:00:00-04:00,2.25,2.25,2.1600000858306885,2.1700000762939453,40400,0.0,0.0
2021-07-22 00:00:00-04:00,2.190000057220459,2.2300000190734863,2.140000104904175,2.2200000286102295,35300,0.0,0.0
2021-07-23 00:00:00-04:00,2.1700000762939453,2.2300000190734863,2.1600000858306885,2.2200000286102295,53000,0.0,0.0
2021-07-26 00:00:00-04:00,2.2300000190734863,2.2300000190734863,2.1600000858306885,2.180000066757202,24100,0.0,0.0
2021-07-27 00:00:00-04:00,2.1600000858306885,2.259999990463257,2.119999885559082,2.190000057220459,97300,0.0,0.0
2021-07-28 00:00:00-04:00,2.190000057220459,2.240000009536743,2.1600000858306885,2.180000066757202,30400,0.0,0.0
2021-07-29 00:00:00-04:00,2.190000057220459,2.319999933242798,2.1600000858306885,2.2799999713897705,114400,0.0,0.0
2021-07-30 00:00:00-04:00,2.2699999809265137,2.6500000953674316,2.240000009536743,2.549999952316284,336400,0.0,0.0
2021-08-02 00:00:00-04:00,2.5899999141693115,2.7100000381469727,2.4000000953674316,2.4600000381469727,186000,0.0,0.0
2021-08-03 00:00:00-04:00,2.450000047683716,2.4600000381469727,2.359999895095825,2.390000104904175,43500,0.0,0.0
2021-08-04 00:00:00-04:00,2.380000114440918,2.4600000381469727,2.299999952316284,2.380000114440918,55700,0.0,0.0
2021-08-05 00:00:00-04:00,2.369999885559082,2.5799999237060547,2.369999885559082,2.569999933242798,113400,0.0,0.0
2021-08-06 00:00:00-04:00,2.549999952316284,2.569999933242798,2.369999885559082,2.440000057220459,100000,0.0,0.0
2021-08-09 00:00:00-04:00,2.4000000953674316,2.430000066757202,2.009999990463257,2.259999990463257,657300,0.0,0.0
2021-08-10 00:00:00-04:00,2.240000009536743,2.3499999046325684,2.2100000381469727,2.240000009536743,51600,0.0,0.0
2021-08-11 00:00:00-04:00,2.2799999713897705,2.369999885559082,2.2200000286102295,2.369999885559082,217400,0.0,0.0
2021-08-12 00:00:00-04:00,2.369999885559082,2.4200000762939453,2.2200000286102295,2.309999942779541,132700,0.0,0.0
2021-08-13 00:00:00-04:00,2.299999952316284,2.3399999141693115,1.7599999904632568,1.9600000381469727,755100,0.0,0.0
2021-08-16 00:00:00-04:00,2.0199999809265137,2.4700000286102295,2.0199999809265137,2.25,660200,0.0,0.0
2021-08-17 00:00:00-04:00,2.180000066757202,2.190000057220459,2.059999942779541,2.0899999141693115,171500,0.0,0.0
2021-08-18 00:00:00-04:00,2.059999942779541,2.130000114440918,2.0299999713897705,2.069999933242798,64900,0.0,0.0
2021-08-19 00:00:00-04:00,2.0299999713897705,2.069999933242798,2.009999990463257,2.0299999713897705,63500,0.0,0.0
2021-08-20 00:00:00-04:00,2.059999942779541,2.0899999141693115,2.0199999809265137,2.0899999141693115,46700,0.0,0.0
2021-08-23 00:00:00-04:00,2.0799999237060547,2.2300000190734863,2.0299999713897705,2.2200000286102295,56100,0.0,0.0
2021-08-24 00:00:00-04:00,2.200000047683716,2.200000047683716,2.1500000953674316,2.1700000762939453,16000,0.0,0.0
2021-08-25 00:00:00-04:00,2.1700000762939453,2.299999952316284,2.0799999237060547,2.109999895095825,167300,0.0,0.0
2021-08-26 00:00:00-04:00,2.109999895095825,2.25,2.0999999046325684,2.1500000953674316,38200,0.0,0.0
2021-08-27 00:00:00-04:00,2.1500000953674316,2.25,2.1500000953674316,2.200000047683716,38600,0.0,0.0
2021-08-30 00:00:00-04:00,2.1700000762939453,2.2799999713897705,2.1700000762939453,2.240000009536743,23400,0.0,0.0
2021-08-31 00:00:00-04:00,2.2200000286102295,2.309999942779541,2.190000057220459,2.2899999618530273,71400,0.0,0.0
2021-09-01 00:00:00-04:00,2.3299999237060547,2.3299999237060547,2.2200000286102295,2.2699999809265137,19900,0.0,0.0
2021-09-02 00:00:00-04:00,2.2699999809265137,2.3299999237060547,2.25,2.25,27100,0.0,0.0
2021-09-03 00:00:00-04:00,2.240000009536743,2.2799999713897705,2.190000057220459,2.25,23500,0.0,0.0
2021-09-07 00:00:00-04:00,2.1500000953674316,2.430000066757202,2.130000114440918,2.359999895095825,127800,0.0,0.0
2021-09-08 00:00:00-04:00,2.380000114440918,2.440000057220459,2.299999952316284,2.390000104904175,73500,0.0,0.0
2021-09-09 00:00:00-04:00,2.3499999046325684,2.4700000286102295,2.319999933242798,2.369999885559082,73400,0.0,0.0
2021-09-10 00:00:00-04:00,2.4000000953674316,3.180000066757202,2.4000000953674316,2.880000114440918,2489600,0.0,0.0
2021-09-13 00:00:00-04:00,2.809999942779541,2.9000000953674316,2.180000066757202,2.2200000286102295,1519100,0.0,0.0
2021-09-14 00:00:00-04:00,2.2200000286102295,2.440000057220459,2.130000114440918,2.299999952316284,489000,0.0,0.0
2021-09-15 00:00:00-04:00,2.2699999809265137,2.549999952316284,2.200000047683716,2.450000047683716,262900,0.0,0.0
2021-09-16 00:00:00-04:00,2.490000009536743,2.549999952316284,2.430000066757202,2.4700000286102295,97400,0.0,0.0
2021-09-17 00:00:00-04:00,2.4700000286102295,2.559999942779541,2.380000114440918,2.4700000286102295,209600,0.0,0.0
2021-09-20 00:00:00-04:00,2.3499999046325684,2.450000047683716,2.3499999046325684,2.4200000762939453,79800,0.0,0.0
2021-09-21 00:00:00-04:00,2.4200000762939453,2.440000057220459,2.259999990463257,2.440000057220459,62000,0.0,0.0
2021-09-22 00:00:00-04:00,2.440000057220459,2.5299999713897705,2.4100000858306885,2.4700000286102295,81200,0.0,0.0
2021-09-23 00:00:00-04:00,2.4800000190734863,2.5899999141693115,2.430000066757202,2.559999942779541,108800,0.0,0.0
2021-09-24 00:00:00-04:00,2.559999942779541,2.7200000286102295,2.490000009536743,2.7100000381469727,137600,0.0,0.0
2021-09-27 00:00:00-04:00,2.7300000190734863,2.799999952316284,2.6600000858306885,2.690000057220459,47000,0.0,0.0
2021-09-28 00:00:00-04:00,2.6600000858306885,2.690000057220459,2.509999990463257,2.569999933242798,54400,0.0,0.0
2021-09-29 00:00:00-04:00,2.609999895095825,2.630000114440918,2.4800000190734863,2.5199999809265137,42800,0.0,0.0
2021-09-30 00:00:00-04:00,2.509999990463257,2.6500000953674316,2.450000047683716,2.559999942779541,180800,0.0,0.0
2021-10-01 00:00:00-04:00,2.569999933242798,2.5899999141693115,2.440000057220459,2.559999942779541,95900,0.0,0.0
2021-10-04 00:00:00-04:00,2.5299999713897705,2.630000114440918,2.440000057220459,2.440000057220459,84900,0.0,0.0
2021-10-05 00:00:00-04:00,2.440000057220459,2.5899999141693115,2.4000000953674316,2.4600000381469727,39800,0.0,0.0
2021-10-06 00:00:00-04:00,2.430000066757202,2.4600000381469727,2.390000104904175,2.4000000953674316,60400,0.0,0.0
2021-10-07 00:00:00-04:00,2.4000000953674316,2.5,2.299999952316284,2.4100000858306885,47100,0.0,0.0
2021-10-08 00:00:00-04:00,2.4200000762939453,2.4600000381469727,2.3499999046325684,2.4100000858306885,53200,0.0,0.0
2021-10-11 00:00:00-04:00,2.390000104904175,2.450000047683716,2.359999895095825,2.4000000953674316,12100,0.0,0.0
2021-10-12 00:00:00-04:00,2.4000000953674316,2.4600000381469727,2.309999942779541,2.359999895095825,105200,0.0,0.0
2021-10-13 00:00:00-04:00,2.4000000953674316,2.4200000762939453,2.2699999809265137,2.319999933242798,88000,0.0,0.0
2021-10-14 00:00:00-04:00,2.2899999618530273,2.4000000953674316,2.2899999618530273,2.390000104904175,28000,0.0,0.0
2021-10-15 00:00:00-04:00,2.359999895095825,2.440000057220459,2.299999952316284,2.309999942779541,79000,0.0,0.0
2021-10-18 00:00:00-04:00,2.2899999618530273,2.3399999141693115,2.2899999618530273,2.3399999141693115,22500,0.0,0.0
2021-10-19 00:00:00-04:00,2.2699999809265137,2.369999885559082,2.25,2.369999885559082,22400,0.0,0.0
2021-10-20 00:00:00-04:00,2.3399999141693115,2.440000057220459,2.3399999141693115,2.4100000858306885,29300,0.0,0.0
2021-10-21 00:00:00-04:00,2.4100000858306885,2.4200000762939453,2.3399999141693115,2.369999885559082,21900,0.0,0.0
2021-10-22 00:00:00-04:00,2.3499999046325684,2.359999895095825,2.2100000381469727,2.25,62000,0.0,0.0
2021-10-25 00:00:00-04:00,2.25,2.2899999618530273,2.1600000858306885,2.2799999713897705,44800,0.0,0.0
2021-10-26 00:00:00-04:00,2.2799999713897705,2.3399999141693115,2.180000066757202,2.2899999618530273,68800,0.0,0.0
2021-10-27 00:00:00-04:00,2.25,2.3499999046325684,2.25,2.309999942779541,12800,0.0,0.0
2021-10-28 00:00:00-04:00,2.2899999618530273,2.4000000953674316,2.2899999618530273,2.390000104904175,39800,0.0,0.0
2021-10-29 00:00:00-04:00,2.3499999046325684,2.3499999046325684,2.25,2.25,53800,0.0,0.0
2021-11-01 00:00:00-04:00,2.25,2.450000047683716,2.2200000286102295,2.2200000286102295,86100,0.0,0.0
2021-11-02 00:00:00-04:00,2.200000047683716,2.2799999713897705,2.1600000858306885,2.2799999713897705,99200,0.0,0.0
2021-11-03 00:00:00-04:00,2.259999990463257,2.2799999713897705,2.200000047683716,2.2300000190734863,23500,0.0,0.0
2021-11-04 00:00:00-04:00,2.2300000190734863,2.2699999809265137,2.1600000858306885,2.1700000762939453,77300,0.0,0.0
2021-11-05 00:00:00-04:00,2.200000047683716,2.4800000190734863,2.200000047683716,2.4700000286102295,248300,0.0,0.0
2021-11-08 00:00:00-05:00,2.4800000190734863,2.490000009536743,2.309999942779541,2.3499999046325684,52900,0.0,0.0
2021-11-09 00:00:00-05:00,2.3299999237060547,2.359999895095825,2.2699999809265137,2.319999933242798,21300,0.0,0.0
2021-11-10 00:00:00-05:00,2.299999952316284,2.3399999141693115,2.2699999809265137,2.2899999618530273,27400,0.0,0.0
2021-11-11 00:00:00-05:00,2.299999952316284,2.3499999046325684,2.2799999713897705,2.3499999046325684,14100,0.0,0.0
2021-11-12 00:00:00-05:00,2.319999933242798,2.4100000858306885,2.299999952316284,2.380000114440918,30800,0.0,0.0
2021-11-15 00:00:00-05:00,2.359999895095825,2.430000066757202,2.309999942779541,2.359999895095825,47200,0.0,0.0
2021-11-16 00:00:00-05:00,2.359999895095825,2.369999885559082,2.309999942779541,2.3299999237060547,46000,0.0,0.0
2021-11-17 00:00:00-05:00,2.3499999046325684,2.450000047683716,2.309999942779541,2.390000104904175,125800,0.0,0.0
2021-11-18 00:00:00-05:00,2.380000114440918,2.440000057220459,2.25,2.2799999713897705,58200,0.0,0.0
2021-11-19 00:00:00-05:00,2.25,2.309999942779541,2.049999952316284,2.130000114440918,227900,0.0,0.0
2021-11-22 00:00:00-05:00,2.0999999046325684,2.1500000953674316,2.0199999809265137,2.049999952316284,94100,0.0,0.0
2021-11-23 00:00:00-05:00,2.069999933242798,2.0899999141693115,1.9700000286102295,2.049999952316284,122400,0.0,0.0
2021-11-24 00:00:00-05:00,2.059999942779541,2.130000114440918,2.0,2.130000114440918,36900,0.0,0.0
2021-11-26 00:00:00-05:00,2.109999895095825,2.119999885559082,2.0299999713897705,2.119999885559082,17000,0.0,0.0
2021-11-29 00:00:00-05:00,2.119999885559082,2.119999885559082,2.049999952316284,2.069999933242798,14200,0.0,0.0
2021-11-30 00:00:00-05:00,2.069999933242798,2.069999933242798,1.9800000190734863,2.009999990463257,131500,0.0,0.0
2021-12-01 00:00:00-05:00,2.0299999713897705,2.0899999141693115,1.899999976158142,1.899999976158142,80800,0.0,0.0
2021-12-02 00:00:00-05:00,1.9299999475479126,2.0299999713897705,1.899999976158142,2.0,66600,0.0,0.0
2021-12-03 00:00:00-05:00,2.0,2.0899999141693115,1.899999976158142,2.059999942779541,87100,0.0,0.0
2021-12-06 00:00:00-05:00,2.049999952316284,2.049999952316284,1.8799999952316284,1.9500000476837158,70700,0.0,0.0
2021-12-07 00:00:00-05:00,1.9199999570846558,2.0,1.8799999952316284,1.899999976158142,106100,0.0,0.0
2021-12-08 00:00:00-05:00,1.9199999570846558,1.9900000095367432,1.8899999856948853,1.899999976158142,147800,0.0,0.0
2021-12-09 00:00:00-05:00,1.899999976158142,1.9700000286102295,1.899999976158142,1.899999976158142,99900,0.0,0.0
2021-12-10 00:00:00-05:00,1.8700000047683716,1.9299999475479126,1.8600000143051147,1.9199999570846558,97000,0.0,0.0
2021-12-13 00:00:00-05:00,1.899999976158142,1.9299999475479126,1.850000023841858,1.8700000047683716,59800,0.0,0.0
2021-12-14 00:00:00-05:00,1.850000023841858,1.909999966621399,1.840000033378601,1.8700000047683716,43100,0.0,0.0
2021-12-15 00:00:00-05:00,1.8899999856948853,1.8899999856948853,1.8300000429153442,1.850000023841858,97600,0.0,0.0
2021-12-16 00:00:00-05:00,1.850000023841858,1.8700000047683716,1.850000023841858,1.8600000143051147,45500,0.0,0.0
2021-12-17 00:00:00-05:00,1.8300000429153442,1.8799999952316284,1.8200000524520874,1.8600000143051147,35200,0.0,0.0
2021-12-20 00:00:00-05:00,1.8300000429153442,1.850000023841858,1.7200000286102295,1.7400000095367432,372500,0.0,0.0
2021-12-21 00:00:00-05:00,1.75,1.7999999523162842,1.7200000286102295,1.7400000095367432,158700,0.0,0.0
2021-12-22 00:00:00-05:00,1.7300000190734863,1.7799999713897705,1.7200000286102295,1.7300000190734863,135400,0.0,0.0
2021-12-23 00:00:00-05:00,1.7799999713897705,1.8200000524520874,1.7400000095367432,1.75,72700,0.0,0.0
2021-12-27 00:00:00-05:00,1.7300000190734863,1.75,1.7000000476837158,1.7200000286102295,71800,0.0,0.0
2021-12-28 00:00:00-05:00,1.7100000381469727,1.7699999809265137,1.7000000476837158,1.7000000476837158,47600,0.0,0.0
2021-12-29 00:00:00-05:00,1.7000000476837158,1.7200000286102295,1.649999976158142,1.6799999475479126,129700,0.0,0.0
2021-12-30 00:00:00-05:00,1.6799999475479126,1.75,1.6799999475479126,1.7400000095367432,95400,0.0,0.0
2021-12-31 00:00:00-05:00,1.7000000476837158,1.8200000524520874,1.6699999570846558,1.7200000286102295,144400,0.0,0.0
2022-01-03 00:00:00-05:00,1.7799999713897705,1.7999999523162842,1.7200000286102295,1.7899999618530273,72600,0.0,0.0
2022-01-04 00:00:00-05:00,1.7999999523162842,1.8799999952316284,1.75,1.7999999523162842,20500,0.0,0.0
2022-01-05 00:00:00-05:00,1.8600000143051147,1.8600000143051147,1.7799999713897705,1.7999999523162842,49200,0.0,0.0
2022-01-06 00:00:00-05:00,1.8300000429153442,1.850000023841858,1.7599999904632568,1.7899999618530273,17300,0.0,0.0
2022-01-07 00:00:00-05:00,1.809999942779541,1.8600000143051147,1.7699999809265137,1.7899999618530273,14200,0.0,0.0
2022-01-10 00:00:00-05:00,1.7899999618530273,1.7999999523162842,1.75,1.75,22700,0.0,0.0
2022-01-11 00:00:00-05:00,1.7999999523162842,1.8200000524520874,1.7599999904632568,1.7999999523162842,19200,0.0,0.0
2022-01-12 00:00:00-05:00,1.7799999713897705,1.7899999618530273,1.75,1.7799999713897705,16000,0.0,0.0
2022-01-13 00:00:00-05:00,1.7699999809265137,1.7999999523162842,1.7699999809265137,1.7999999523162842,11000,0.0,0.0
2022-01-14 00:00:00-05:00,1.7899999618530273,1.7999999523162842,1.6299999952316284,1.6399999856948853,105500,0.0,0.0
2022-01-18 00:00:00-05:00,1.6100000143051147,1.6299999952316284,1.559999942779541,1.5800000429153442,129700,0.0,0.0
2022-01-19 00:00:00-05:00,1.5700000524520874,1.600000023841858,1.559999942779541,1.590000033378601,20500,0.0,0.0
2022-01-20 00:00:00-05:00,1.559999942779541,1.590000033378601,1.559999942779541,1.5700000524520874,26000,0.0,0.0
2022-01-21 00:00:00-05:00,1.559999942779541,1.5700000524520874,1.3899999856948853,1.5199999809265137,142000,0.0,0.0
2022-01-24 00:00:00-05:00,1.440000057220459,1.4800000190734863,1.340000033378601,1.409999966621399,111500,0.0,0.0
2022-01-25 00:00:00-05:00,1.409999966621399,1.4500000476837158,1.350000023841858,1.409999966621399,49500,0.0,0.0
2022-01-26 00:00:00-05:00,1.4199999570846558,1.4900000095367432,1.409999966621399,1.4500000476837158,19700,0.0,0.0
2022-01-27 00:00:00-05:00,1.440000057220459,1.4600000381469727,1.409999966621399,1.409999966621399,16900,0.0,0.0
2022-01-28 00:00:00-05:00,1.409999966621399,1.440000057220459,1.350000023841858,1.3799999952316284,98000,0.0,0.0
2022-01-31 00:00:00-05:00,1.3600000143051147,1.4900000095367432,1.3600000143051147,1.4800000190734863,63900,0.0,0.0
2022-02-01 00:00:00-05:00,1.4800000190734863,1.559999942779541,1.4600000381469727,1.5099999904632568,59000,0.0,0.0
2022-02-02 00:00:00-05:00,1.5099999904632568,1.5099999904632568,1.4199999570846558,1.4500000476837158,42900,0.0,0.0
2022-02-03 00:00:00-05:00,1.4299999475479126,1.4500000476837158,1.4199999570846558,1.440000057220459,30200,0.0,0.0
2022-02-04 00:00:00-05:00,1.4600000381469727,1.4600000381469727,1.4299999475479126,1.440000057220459,7300,0.0,0.0
2022-02-07 00:00:00-05:00,1.4299999475479126,1.440000057220459,1.399999976158142,1.409999966621399,69700,0.0,0.0
2022-02-08 00:00:00-05:00,1.399999976158142,1.4900000095367432,1.350000023841858,1.4199999570846558,210500,0.0,0.0
2022-02-09 00:00:00-05:00,1.5199999809265137,1.75,1.4199999570846558,1.7300000190734863,133800,0.0,0.0
2022-02-10 00:00:00-05:00,1.7400000095367432,1.9199999570846558,1.7000000476837158,1.8600000143051147,103500,0.0,0.0
2022-02-11 00:00:00-05:00,1.8799999952316284,1.9199999570846558,1.7999999523162842,1.909999966621399,78400,0.0,0.0
2022-02-14 00:00:00-05:00,1.899999976158142,1.899999976158142,1.75,1.8200000524520874,31600,0.0,0.0
2022-02-15 00:00:00-05:00,1.850000023841858,1.850000023841858,1.7599999904632568,1.7599999904632568,6100,0.0,0.0
2022-02-16 00:00:00-05:00,1.7799999713897705,1.940000057220459,1.7599999904632568,1.8700000047683716,31100,0.0,0.0
2022-02-17 00:00:00-05:00,1.850000023841858,1.850000023841858,1.7899999618530273,1.7899999618530273,18500,0.0,0.0
2022-02-18 00:00:00-05:00,1.7599999904632568,1.8300000429153442,1.75,1.7999999523162842,13800,0.0,0.0
2022-02-22 00:00:00-05:00,1.7699999809265137,1.899999976158142,1.75,1.840000033378601,27300,0.0,0.0
2022-02-23 00:00:00-05:00,1.8700000047683716,1.8899999856948853,1.7599999904632568,1.7899999618530273,50200,0.0,0.0
2022-02-24 00:00:00-05:00,1.75,1.840000033378601,1.649999976158142,1.7799999713897705,42600,0.0,0.0
2022-02-25 00:00:00-05:00,1.7799999713897705,1.9600000381469727,1.7699999809265137,1.9600000381469727,63900,0.0,0.0
2022-02-28 00:00:00-05:00,1.9800000190734863,2.0199999809265137,1.9600000381469727,1.9900000095367432,57100,0.0,0.0
2022-03-01 00:00:00-05:00,1.9600000381469727,2.059999942779541,1.940000057220459,1.940000057220459,55100,0.0,0.0
2022-03-02 00:00:00-05:00,1.9600000381469727,2.069999933242798,1.9299999475479126,1.9600000381469727,33800,0.0,0.0
2022-03-03 00:00:00-05:00,2.0399999618530273,2.0399999618530273,1.8300000429153442,1.9800000190734863,45300,0.0,0.0
2022-03-04 00:00:00-05:00,1.940000057220459,2.059999942779541,1.940000057220459,1.9900000095367432,46000,0.0,0.0
2022-03-07 00:00:00-05:00,2.0,2.049999952316284,1.9199999570846558,2.0,27300,0.0,0.0
2022-03-08 00:00:00-05:00,2.0,2.4000000953674316,1.9500000476837158,2.380000114440918,175600,0.0,0.0
2022-03-09 00:00:00-05:00,2.319999933242798,2.359999895095825,2.130000114440918,2.1600000858306885,92400,0.0,0.0
2022-03-10 00:00:00-05:00,2.190000057220459,2.359999895095825,2.1700000762939453,2.3299999237060547,96000,0.0,0.0
2022-03-11 00:00:00-05:00,2.2899999618530273,2.3299999237060547,2.180000066757202,2.2200000286102295,61900,0.0,0.0
2022-03-14 00:00:00-04:00,2.25,2.450000047683716,2.25,2.390000104904175,97500,0.0,0.0
2022-03-15 00:00:00-04:00,2.390000104904175,2.430000066757202,2.3499999046325684,2.4000000953674316,65100,0.0,0.0
2022-03-16 00:00:00-04:00,2.440000057220459,2.440000057220459,2.369999885559082,2.4100000858306885,38600,0.0,0.0
2022-03-17 00:00:00-04:00,2.430000066757202,2.430000066757202,2.2200000286102295,2.3399999141693115,94400,0.0,0.0
2022-03-18 00:00:00-04:00,2.380000114440918,2.380000114440918,2.119999885559082,2.2200000286102295,100800,0.0,0.0
2022-03-21 00:00:00-04:00,2.190000057220459,2.25,2.1600000858306885,2.2200000286102295,18400,0.0,0.0
2022-03-22 00:00:00-04:00,2.2100000381469727,2.259999990463257,2.069999933242798,2.119999885559082,102200,0.0,0.0
2022-03-23 00:00:00-04:00,2.140000104904175,2.140000104904175,2.059999942779541,2.059999942779541,8100,0.0,0.0
2022-03-24 00:00:00-04:00,2.0799999237060547,2.1500000953674316,2.0799999237060547,2.0999999046325684,9600,0.0,0.0
2022-03-25 00:00:00-04:00,2.0899999141693115,2.0899999141693115,1.899999976158142,1.9600000381469727,104200,0.0,0.0
2022-03-28 00:00:00-04:00,1.9700000286102295,2.0199999809265137,1.8700000047683716,1.8899999856948853,84100,0.0,0.0
2022-03-29 00:00:00-04:00,1.8899999856948853,2.0,1.8899999856948853,1.9600000381469727,33700,0.0,0.0
2022-03-30 00:00:00-04:00,1.9199999570846558,1.9600000381469727,1.9199999570846558,1.940000057220459,18100,0.0,0.0
2022-03-31 00:00:00-04:00,1.9900000095367432,1.9900000095367432,1.9199999570846558,1.9199999570846558,9200,0.0,0.0
2022-04-01 00:00:00-04:00,1.9600000381469727,2.1600000858306885,1.9299999475479126,2.130000114440918,59900,0.0,0.0
2022-04-04 00:00:00-04:00,2.140000104904175,2.190000057220459,2.0999999046325684,2.140000104904175,18100,0.0,0.0
2022-04-05 00:00:00-04:00,2.109999895095825,2.119999885559082,2.009999990463257,2.0199999809265137,39900,0.0,0.0
2022-04-06 00:00:00-04:00,1.9500000476837158,2.190000057220459,1.9500000476837158,2.109999895095825,44200,0.0,0.0
2022-04-07 00:00:00-04:00,2.069999933242798,2.200000047683716,2.069999933242798,2.140000104904175,38700,0.0,0.0
2022-04-08 00:00:00-04:00,2.140000104904175,2.1500000953674316,2.0199999809265137,2.0199999809265137,12400,0.0,0.0
2022-04-11 00:00:00-04:00,2.0,2.1500000953674316,2.0,2.0299999713897705,8400,0.0,0.0
2022-04-12 00:00:00-04:00,2.0799999237060547,2.200000047683716,2.009999990463257,2.180000066757202,8100,0.0,0.0
2022-04-13 00:00:00-04:00,2.109999895095825,2.2899999618530273,1.8300000429153442,1.850000023841858,121000,0.0,0.0
2022-04-14 00:00:00-04:00,1.9800000190734863,2.059999942779541,1.9700000286102295,2.0,35600,0.0,0.0
2022-04-18 00:00:00-04:00,1.9900000095367432,2.119999885559082,1.9800000190734863,2.0999999046325684,52500,0.0,0.0
2022-04-19 00:00:00-04:00,2.049999952316284,2.0999999046325684,1.909999966621399,1.9700000286102295,84700,0.0,0.0
2022-04-20 00:00:00-04:00,2.0,2.0299999713897705,1.7799999713897705,1.8799999952316284,155900,0.0,0.0
2022-04-21 00:00:00-04:00,1.9500000476837158,1.9800000190734863,1.909999966621399,1.909999966621399,28700,0.0,0.0
2022-04-22 00:00:00-04:00,1.9199999570846558,1.9900000095367432,1.8700000047683716,1.9900000095367432,26700,0.0,0.0
2022-04-25 00:00:00-04:00,1.9900000095367432,1.9900000095367432,1.8899999856948853,1.899999976158142,7200,0.0,0.0
2022-04-26 00:00:00-04:00,1.7999999523162842,1.909999966621399,1.7799999713897705,1.7999999523162842,45000,0.0,0.0
2022-04-27 00:00:00-04:00,1.809999942779541,1.9299999475479126,1.7999999523162842,1.809999942779541,16300,0.0,0.0
2022-04-28 00:00:00-04:00,1.850000023841858,1.909999966621399,1.7799999713897705,1.8799999952316284,21800,0.0,0.0
2022-04-29 00:00:00-04:00,1.7999999523162842,1.8600000143051147,1.7999999523162842,1.8600000143051147,17600,0.0,0.0
2022-05-02 00:00:00-04:00,1.8300000429153442,1.850000023841858,1.7699999809265137,1.8200000524520874,10000,0.0,0.0
2022-05-03 00:00:00-04:00,1.7999999523162842,1.8799999952316284,1.7999999523162842,1.809999942779541,3100,0.0,0.0
2022-05-04 00:00:00-04:00,1.7999999523162842,1.840000033378601,1.600000023841858,1.690000057220459,112500,0.0,0.0
2022-05-05 00:00:00-04:00,1.7400000095367432,1.7400000095367432,1.690000057220459,1.7000000476837158,27400,0.0,0.0
2022-05-06 00:00:00-04:00,1.7000000476837158,1.7400000095367432,1.6799999475479126,1.7100000381469727,60500,0.0,0.0
2022-05-09 00:00:00-04:00,1.6799999475479126,1.7699999809265137,1.6799999475479126,1.7300000190734863,74800,0.0,0.0
2022-05-10 00:00:00-04:00,1.7599999904632568,1.7599999904632568,1.6799999475479126,1.7100000381469727,51600,0.0,0.0
2022-05-11 00:00:00-04:00,1.6799999475479126,1.75,1.659999966621399,1.6699999570846558,38400,0.0,0.0
2022-05-12 00:00:00-04:00,1.659999966621399,1.6699999570846558,1.6399999856948853,1.649999976158142,33400,0.0,0.0
2022-05-13 00:00:00-04:00,1.6399999856948853,1.7100000381469727,1.6399999856948853,1.6699999570846558,16800,0.0,0.0
2022-05-16 00:00:00-04:00,1.6100000143051147,1.7000000476837158,1.6100000143051147,1.6799999475479126,9300,0.0,0.0
2022-05-17 00:00:00-04:00,1.690000057220459,1.690000057220459,1.659999966621399,1.659999966621399,6700,0.0,0.0
2022-05-18 00:00:00-04:00,1.6399999856948853,1.6799999475479126,1.6399999856948853,1.6399999856948853,14000,0.0,0.0
2022-05-19 00:00:00-04:00,1.590000033378601,1.659999966621399,1.5800000429153442,1.600000023841858,40900,0.0,0.0
2022-05-20 00:00:00-04:00,1.590000033378601,1.6299999952316284,1.590000033378601,1.6100000143051147,8800,0.0,0.0
2022-05-23 00:00:00-04:00,1.6299999952316284,1.6399999856948853,1.590000033378601,1.600000023841858,11500,0.0,0.0
2022-05-24 00:00:00-04:00,1.600000023841858,1.6399999856948853,1.5499999523162842,1.590000033378601,26500,0.0,0.0
2022-05-25 00:00:00-04:00,1.600000023841858,1.6200000047683716,1.5299999713897705,1.5800000429153442,34200,0.0,0.0
2022-05-26 00:00:00-04:00,1.5499999523162842,1.649999976158142,1.5499999523162842,1.6100000143051147,16000,0.0,0.0
2022-05-27 00:00:00-04:00,1.659999966621399,1.7100000381469727,1.6200000047683716,1.7000000476837158,14400,0.0,0.0
2022-05-31 00:00:00-04:00,1.7000000476837158,1.75,1.6200000047683716,1.7300000190734863,13700,0.0,0.0
2022-06-01 00:00:00-04:00,1.7899999618530273,1.9900000095367432,1.7599999904632568,1.9700000286102295,54600,0.0,0.0
2022-06-02 00:00:00-04:00,1.9600000381469727,1.9700000286102295,1.909999966621399,1.9600000381469727,35700,0.0,0.0
2022-06-03 00:00:00-04:00,1.9800000190734863,2.0199999809265137,1.940000057220459,2.0,55600,0.0,0.0
2022-06-06 00:00:00-04:00,2.049999952316284,2.049999952316284,1.899999976158142,1.899999976158142,27700,0.0,0.0
2022-06-07 00:00:00-04:00,2.0399999618530273,2.0399999618530273,1.9500000476837158,1.9900000095367432,61200,0.0,0.0
2022-06-08 00:00:00-04:00,1.9600000381469727,2.069999933242798,1.940000057220459,1.9700000286102295,31600,0.0,0.0
2022-06-09 00:00:00-04:00,1.9199999570846558,2.0399999618530273,1.899999976158142,1.899999976158142,21400,0.0,0.0
2022-06-10 00:00:00-04:00,1.899999976158142,1.899999976158142,1.7999999523162842,1.7999999523162842,15100,0.0,0.0
2022-06-13 00:00:00-04:00,1.75,1.7599999904632568,1.659999966621399,1.659999966621399,66000,0.0,0.0
2022-06-14 00:00:00-04:00,1.7000000476837158,1.7000000476837158,1.649999976158142,1.649999976158142,14900,0.0,0.0
2022-06-15 00:00:00-04:00,1.7000000476837158,1.7100000381469727,1.5099999904632568,1.559999942779541,119800,0.0,0.0
2022-06-16 00:00:00-04:00,1.5199999809265137,1.7300000190734863,1.5199999809265137,1.5700000524520874,63300,0.0,0.0
2022-06-17 00:00:00-04:00,1.659999966621399,1.7000000476837158,1.5800000429153442,1.7000000476837158,24900,0.0,0.0
2022-06-21 00:00:00-04:00,1.6200000047683716,1.809999942779541,1.6200000047683716,1.7599999904632568,32800,0.0,0.0
2022-06-22 00:00:00-04:00,1.7300000190734863,1.809999942779541,1.7000000476837158,1.7100000381469727,17100,0.0,0.0
2022-06-23 00:00:00-04:00,1.6699999570846558,1.7300000190734863,1.6699999570846558,1.690000057220459,7500,0.0,0.0
2022-06-24 00:00:00-04:00,1.7000000476837158,1.809999942779541,1.5800000429153442,1.75,27000,0.0,0.0
2022-06-27 00:00:00-04:00,1.7799999713897705,1.7999999523162842,1.6100000143051147,1.7100000381469727,7700,0.0,0.0
2022-06-28 00:00:00-04:00,1.75,1.75,1.7100000381469727,1.7100000381469727,6400,0.0,0.0
2022-06-29 00:00:00-04:00,1.7300000190734863,1.7300000190734863,1.6799999475479126,1.7100000381469727,16900,0.0,0.0
2022-06-30 00:00:00-04:00,1.7200000286102295,1.7400000095367432,1.6799999475479126,1.7400000095367432,16700,0.0,0.0
2022-07-01 00:00:00-04:00,1.6799999475479126,1.7300000190734863,1.6799999475479126,1.690000057220459,13100,0.0,0.0
2022-07-05 00:00:00-04:00,1.6399999856948853,1.7599999904632568,1.6399999856948853,1.7100000381469727,26500,0.0,0.0
2022-07-06 00:00:00-04:00,1.7899999618530273,1.7899999618530273,1.6299999952316284,1.7000000476837158,23100,0.0,0.0
2022-07-07 00:00:00-04:00,1.75,1.7899999618530273,1.6799999475479126,1.7699999809265137,19000,0.0,0.0
2022-07-08 00:00:00-04:00,1.8700000047683716,1.8700000047683716,1.7699999809265137,1.7999999523162842,32400,0.0,0.0
2022-07-11 00:00:00-04:00,1.8200000524520874,1.8200000524520874,1.7400000095367432,1.7699999809265137,11300,0.0,0.0
2022-07-12 00:00:00-04:00,1.75,1.7599999904632568,1.7000000476837158,1.75,11500,0.0,0.0
2022-07-13 00:00:00-04:00,1.75,1.75,1.7300000190734863,1.7300000190734863,800,0.0,0.0
2022-07-14 00:00:00-04:00,1.7000000476837158,1.7000000476837158,1.6299999952316284,1.6799999475479126,19100,0.0,0.0
2022-07-15 00:00:00-04:00,1.6699999570846558,1.7000000476837158,1.649999976158142,1.649999976158142,28100,0.0,0.0
2022-07-18 00:00:00-04:00,1.649999976158142,1.75,1.649999976158142,1.75,73200,0.0,0.0
2022-07-19 00:00:00-04:00,1.7100000381469727,1.75,1.6100000143051147,1.6200000047683716,55100,0.0,0.0
2022-07-20 00:00:00-04:00,1.649999976158142,1.7000000476837158,1.649999976158142,1.649999976158142,7400,0.0,0.0
2022-07-21 00:00:00-04:00,1.7200000286102295,1.7200000286102295,1.5700000524520874,1.659999966621399,70900,0.0,0.0
2022-07-22 00:00:00-04:00,1.659999966621399,1.7100000381469727,1.5499999523162842,1.6699999570846558,44900,0.0,0.0
2022-07-25 00:00:00-04:00,1.7100000381469727,1.7100000381469727,1.5499999523162842,1.590000033378601,18800,0.0,0.0
2022-07-26 00:00:00-04:00,1.590000033378601,1.690000057220459,1.590000033378601,1.600000023841858,12400,0.0,0.0
2022-07-27 00:00:00-04:00,1.6299999952316284,1.6299999952316284,1.559999942779541,1.5800000429153442,14800,0.0,0.0
2022-07-28 00:00:00-04:00,1.590000033378601,1.590000033378601,1.5700000524520874,1.5800000429153442,12300,0.0,0.0
2022-07-29 00:00:00-04:00,1.590000033378601,1.6200000047683716,1.5800000429153442,1.5800000429153442,14500,0.0,0.0
2022-08-01 00:00:00-04:00,1.6100000143051147,1.6299999952316284,1.5700000524520874,1.590000033378601,18700,0.0,0.0
2022-08-02 00:00:00-04:00,1.6100000143051147,1.6100000143051147,1.5800000429153442,1.600000023841858,7400,0.0,0.0
2022-08-03 00:00:00-04:00,1.6100000143051147,1.649999976158142,1.590000033378601,1.6299999952316284,11600,0.0,0.0
2022-08-04 00:00:00-04:00,1.600000023841858,1.7300000190734863,1.600000023841858,1.7000000476837158,51500,0.0,0.0
2022-08-05 00:00:00-04:00,1.7000000476837158,2.0399999618530273,1.6200000047683716,1.850000023841858,266800,0.0,0.0
2022-08-08 00:00:00-04:00,1.899999976158142,1.9900000095367432,1.8300000429153442,1.9800000190734863,61800,0.0,0.0
2022-08-09 00:00:00-04:00,2.0,2.049999952316284,1.9299999475479126,1.9600000381469727,39400,0.0,0.0
2022-08-10 00:00:00-04:00,2.0199999809265137,2.240000009536743,1.9299999475479126,2.180000066757202,125100,0.0,0.0
2022-08-11 00:00:00-04:00,2.109999895095825,2.2899999618530273,2.049999952316284,2.1700000762939453,98900,0.0,0.0
2022-08-12 00:00:00-04:00,2.2300000190734863,2.299999952316284,2.1500000953674316,2.25,25700,0.0,0.0
2022-08-15 00:00:00-04:00,2.25,2.2699999809265137,2.140000104904175,2.2699999809265137,21500,0.0,0.0
2022-08-16 00:00:00-04:00,2.2699999809265137,2.2799999713897705,2.0899999141693115,2.259999990463257,81600,0.0,0.0
2022-08-17 00:00:00-04:00,2.2100000381469727,2.5,2.140000104904175,2.4100000858306885,114600,0.0,0.0
2022-08-18 00:00:00-04:00,2.1500000953674316,2.5899999141693115,2.0299999713897705,2.5399999618530273,92700,0.0,0.0
2022-08-19 00:00:00-04:00,2.5999999046325684,2.7699999809265137,2.549999952316284,2.5999999046325684,57100,0.0,0.0
2022-08-22 00:00:00-04:00,2.609999895095825,2.7100000381469727,2.3299999237060547,2.3299999237060547,36800,0.0,0.0
2022-08-23 00:00:00-04:00,2.430000066757202,2.450000047683716,2.390000104904175,2.4200000762939453,11800,0.0,0.0
2022-08-24 00:00:00-04:00,2.4100000858306885,2.490000009536743,2.2699999809265137,2.299999952316284,22800,0.0,0.0
2022-08-25 00:00:00-04:00,2.2799999713897705,2.5,2.2200000286102295,2.259999990463257,49200,0.0,0.0
2022-08-26 00:00:00-04:00,2.2300000190734863,2.380000114440918,2.1500000953674316,2.2100000381469727,73700,0.0,0.0
2022-08-29 00:00:00-04:00,2.200000047683716,2.4000000953674316,2.180000066757202,2.190000057220459,41700,0.0,0.0
2022-08-30 00:00:00-04:00,2.2799999713897705,2.3399999141693115,2.259999990463257,2.2799999713897705,15700,0.0,0.0
2022-08-31 00:00:00-04:00,2.319999933242798,2.4000000953674316,2.299999952316284,2.309999942779541,17300,0.0,0.0
2022-09-01 00:00:00-04:00,2.3299999237060547,2.3299999237060547,2.180000066757202,2.2300000190734863,51300,0.0,0.0
2022-09-02 00:00:00-04:00,2.299999952316284,2.3299999237060547,2.190000057220459,2.200000047683716,39900,0.0,0.0
2022-09-06 00:00:00-04:00,2.240000009536743,2.4800000190734863,2.1500000953674316,2.1500000953674316,28600,0.0,0.0
2022-09-07 00:00:00-04:00,2.0999999046325684,2.1700000762939453,2.0999999046325684,2.0999999046325684,17000,0.0,0.0
2022-09-08 00:00:00-04:00,2.0999999046325684,2.200000047683716,2.0999999046325684,2.200000047683716,14500,0.0,0.0
2022-09-09 00:00:00-04:00,2.240000009536743,2.240000009536743,2.140000104904175,2.200000047683716,12800,0.0,0.0
2022-09-12 00:00:00-04:00,2.200000047683716,2.380000114440918,2.200000047683716,2.309999942779541,14200,0.0,0.0
2022-09-13 00:00:00-04:00,2.299999952316284,2.3499999046325684,2.2799999713897705,2.319999933242798,9700,0.0,0.0
2022-09-14 00:00:00-04:00,2.359999895095825,2.450000047683716,2.299999952316284,2.299999952316284,22500,0.0,0.0
2022-09-15 00:00:00-04:00,2.3399999141693115,2.3399999141693115,2.2899999618530273,2.309999942779541,9300,0.0,0.0
2022-09-16 00:00:00-04:00,2.2899999618530273,2.450000047683716,2.2799999713897705,2.450000047683716,75300,0.0,0.0
2022-09-19 00:00:00-04:00,2.440000057220459,2.819999933242798,2.440000057220459,2.809999942779541,67000,0.0,0.0
2022-09-20 00:00:00-04:00,2.8299999237060547,2.8499999046325684,2.2699999809265137,2.369999885559082,103600,0.0,0.0
2022-09-21 00:00:00-04:00,2.3499999046325684,2.450000047683716,2.2699999809265137,2.380000114440918,21000,0.0,0.0
2022-09-22 00:00:00-04:00,2.3499999046325684,2.450000047683716,2.2899999618530273,2.4100000858306885,17400,0.0,0.0
2022-09-23 00:00:00-04:00,2.4100000858306885,2.4100000858306885,2.1500000953674316,2.2899999618530273,19100,0.0,0.0
2022-09-26 00:00:00-04:00,2.259999990463257,2.259999990463257,2.180000066757202,2.190000057220459,10600,0.0,0.0
2022-09-27 00:00:00-04:00,2.190000057220459,2.2300000190734863,2.190000057220459,2.200000047683716,2100,0.0,0.0
2022-09-28 00:00:00-04:00,2.3299999237060547,2.3299999237060547,2.2200000286102295,2.2799999713897705,5000,0.0,0.0
2022-09-29 00:00:00-04:00,2.1700000762939453,2.299999952316284,2.1500000953674316,2.1700000762939453,19400,0.0,0.0
2022-09-30 00:00:00-04:00,2.2200000286102295,2.240000009536743,2.130000114440918,2.130000114440918,14700,0.0,0.0
2022-10-03 00:00:00-04:00,2.180000066757202,2.2899999618530273,2.180000066757202,2.2799999713897705,3900,0.0,0.0
2022-10-04 00:00:00-04:00,2.2899999618530273,2.390000104904175,2.240000009536743,2.240000009536743,8200,0.0,0.0
2022-10-05 00:00:00-04:00,2.180000066757202,2.2699999809265137,2.180000066757202,2.2100000381469727,4300,0.0,0.0
2022-10-06 00:00:00-04:00,2.240000009536743,2.299999952316284,2.200000047683716,2.200000047683716,11100,0.0,0.0
2022-10-07 00:00:00-04:00,2.200000047683716,2.2699999809265137,2.190000057220459,2.190000057220459,4000,0.0,0.0
2022-10-10 00:00:00-04:00,2.190000057220459,2.359999895095825,2.190000057220459,2.3299999237060547,41600,0.0,0.0
2022-10-11 00:00:00-04:00,2.430000066757202,2.440000057220459,2.3299999237060547,2.3399999141693115,44700,0.0,0.0
2022-10-12 00:00:00-04:00,2.3399999141693115,2.5,2.25,2.259999990463257,6300,0.0,0.0
2022-10-13 00:00:00-04:00,2.25,2.3499999046325684,2.25,2.2899999618530273,15400,0.0,0.0
2022-10-14 00:00:00-04:00,2.3499999046325684,2.430000066757202,2.299999952316284,2.359999895095825,12800,0.0,0.0
2022-10-17 00:00:00-04:00,2.359999895095825,2.5299999713897705,2.359999895095825,2.4600000381469727,38400,0.0,0.0
2022-10-18 00:00:00-04:00,2.5299999713897705,2.5299999713897705,2.4200000762939453,2.450000047683716,6000,0.0,0.0
2022-10-19 00:00:00-04:00,2.5199999809265137,2.5299999713897705,2.4200000762939453,2.4700000286102295,11800,0.0,0.0
2022-10-20 00:00:00-04:00,2.450000047683716,2.5,2.380000114440918,2.430000066757202,18100,0.0,0.0
2022-10-21 00:00:00-04:00,2.4800000190734863,2.5299999713897705,2.4100000858306885,2.450000047683716,29800,0.0,0.0
2022-10-24 00:00:00-04:00,2.5199999809265137,2.5199999809265137,2.299999952316284,2.3299999237060547,48300,0.0,0.0
2022-10-25 00:00:00-04:00,2.390000104904175,2.430000066757202,2.3399999141693115,2.380000114440918,9700,0.0,0.0
2022-10-26 00:00:00-04:00,2.3499999046325684,2.4100000858306885,2.2899999618530273,2.2899999618530273,36700,0.0,0.0
2022-10-27 00:00:00-04:00,2.359999895095825,2.4800000190734863,2.2799999713897705,2.4100000858306885,190800,0.0,0.0
2022-10-28 00:00:00-04:00,2.450000047683716,2.450000047683716,2.3399999141693115,2.390000104904175,14800,0.0,0.0
2022-10-31 00:00:00-04:00,2.4100000858306885,2.5299999713897705,2.380000114440918,2.440000057220459,18400,0.0,0.0
2022-11-01 00:00:00-04:00,2.440000057220459,2.4700000286102295,2.3399999141693115,2.359999895095825,10300,0.0,0.0
2022-11-02 00:00:00-04:00,2.490000009536743,2.490000009536743,2.319999933242798,2.3399999141693115,42000,0.0,0.0
2022-11-03 00:00:00-04:00,2.319999933242798,2.390000104904175,2.2200000286102295,2.2300000190734863,34000,0.0,0.0
2022-11-04 00:00:00-04:00,2.5,2.5,2.299999952316284,2.4600000381469727,35800,0.0,0.0
2022-11-07 00:00:00-05:00,2.4800000190734863,2.5,2.4000000953674316,2.4700000286102295,21800,0.0,0.0
2022-11-08 00:00:00-05:00,2.430000066757202,2.4800000190734863,2.4100000858306885,2.440000057220459,37100,0.0,0.0
2022-11-09 00:00:00-05:00,2.5,2.5,2.380000114440918,2.390000104904175,26000,0.0,0.0
2022-11-10 00:00:00-05:00,2.440000057220459,2.440000057220459,2.390000104904175,2.4200000762939453,12400,0.0,0.0
2022-11-11 00:00:00-05:00,2.440000057220459,2.450000047683716,2.380000114440918,2.4100000858306885,79400,0.0,0.0
2022-11-14 00:00:00-05:00,2.4100000858306885,2.4100000858306885,2.299999952316284,2.4000000953674316,35100,0.0,0.0
2022-11-15 00:00:00-05:00,2.369999885559082,2.4700000286102295,2.369999885559082,2.450000047683716,27400,0.0,0.0
2022-11-16 00:00:00-05:00,2.5,2.5,2.369999885559082,2.440000057220459,21600,0.0,0.0
2022-11-17 00:00:00-05:00,2.440000057220459,2.450000047683716,2.4000000953674316,2.4000000953674316,8000,0.0,0.0
2022-11-18 00:00:00-05:00,2.390000104904175,2.430000066757202,2.299999952316284,2.380000114440918,25200,0.0,0.0
2022-11-21 00:00:00-05:00,2.359999895095825,2.380000114440918,2.2699999809265137,2.309999942779541,8100,0.0,0.0
2022-11-22 00:00:00-05:00,2.309999942779541,2.3299999237060547,2.2799999713897705,2.299999952316284,21700,0.0,0.0
2022-11-23 00:00:00-05:00,2.299999952316284,2.380000114440918,2.259999990463257,2.319999933242798,37100,0.0,0.0
2022-11-25 00:00:00-05:00,2.2699999809265137,2.319999933242798,2.2699999809265137,2.309999942779541,5100,0.0,0.0
2022-11-28 00:00:00-05:00,2.2799999713897705,2.319999933242798,2.2799999713897705,2.299999952316284,4800,0.0,0.0
2022-11-29 00:00:00-05:00,2.2799999713897705,2.3499999046325684,2.2799999713897705,2.299999952316284,9400,0.0,0.0
2022-11-30 00:00:00-05:00,2.2799999713897705,2.4000000953674316,2.259999990463257,2.3499999046325684,18500,0.0,0.0
2022-12-01 00:00:00-05:00,2.380000114440918,2.4200000762939453,2.299999952316284,2.359999895095825,14600,0.0,0.0
2022-12-02 00:00:00-05:00,2.3299999237060547,2.3299999237060547,2.25,2.2899999618530273,27500,0.0,0.0
2022-12-05 00:00:00-05:00,2.2799999713897705,2.299999952316284,2.200000047683716,2.2200000286102295,23900,0.0,0.0
2022-12-06 00:00:00-05:00,2.2300000190734863,2.259999990463257,2.190000057220459,2.240000009536743,13000,0.0,0.0
2022-12-07 00:00:00-05:00,2.2200000286102295,2.25,2.1500000953674316,2.180000066757202,24600,0.0,0.0
2022-12-08 00:00:00-05:00,2.2100000381469727,2.2300000190734863,2.1500000953674316,2.2100000381469727,9500,0.0,0.0
2022-12-09 00:00:00-05:00,2.200000047683716,2.299999952316284,2.1500000953674316,2.299999952316284,16300,0.0,0.0
2022-12-12 00:00:00-05:00,2.2899999618530273,2.319999933242798,2.180000066757202,2.309999942779541,5700,0.0,0.0
2022-12-13 00:00:00-05:00,2.3499999046325684,2.4000000953674316,2.1500000953674316,2.2799999713897705,19400,0.0,0.0
2022-12-14 00:00:00-05:00,2.2899999618530273,2.369999885559082,2.1700000762939453,2.2100000381469727,9800,0.0,0.0
2022-12-15 00:00:00-05:00,2.1600000858306885,2.2100000381469727,2.1600000858306885,2.1600000858306885,10500,0.0,0.0
2022-12-16 00:00:00-05:00,2.1500000953674316,2.1700000762939453,1.9800000190734863,2.0899999141693115,38900,0.0,0.0
2022-12-19 00:00:00-05:00,2.059999942779541,2.0999999046325684,2.0199999809265137,2.0199999809265137,15400,0.0,0.0
2022-12-20 00:00:00-05:00,2.0299999713897705,2.109999895095825,1.9199999570846558,1.9800000190734863,25700,0.0,0.0
2022-12-21 00:00:00-05:00,2.0,2.1700000762939453,1.9900000095367432,2.009999990463257,25200,0.0,0.0
2022-12-22 00:00:00-05:00,2.049999952316284,2.049999952316284,1.9500000476837158,2.0199999809265137,18600,0.0,0.0
2022-12-23 00:00:00-05:00,2.049999952316284,2.1700000762939453,1.9600000381469727,2.0299999713897705,38200,0.0,0.0
2022-12-27 00:00:00-05:00,2.059999942779541,2.0899999141693115,1.8700000047683716,1.8700000047683716,23000,0.0,0.0
2022-12-28 00:00:00-05:00,1.8300000429153442,1.9900000095367432,1.8300000429153442,1.909999966621399,23200,0.0,0.0
2022-12-29 00:00:00-05:00,1.9500000476837158,2.0,1.8300000429153442,1.9199999570846558,18500,0.0,0.0
2022-12-30 00:00:00-05:00,1.909999966621399,1.9900000095367432,1.909999966621399,1.909999966621399,29800,0.0,0.0
2023-01-03 00:00:00-05:00,1.9600000381469727,2.059999942779541,1.9600000381469727,2.059999942779541,27300,0.0,0.0
2023-01-04 00:00:00-05:00,2.0899999141693115,2.299999952316284,2.0899999141693115,2.2899999618530273,30100,0.0,0.0
2023-01-05 00:00:00-05:00,2.2899999618530273,2.2899999618530273,2.180000066757202,2.2300000190734863,13400,0.0,0.0
2023-01-06 00:00:00-05:00,2.2899999618530273,2.299999952316284,2.1700000762939453,2.2799999713897705,16900,0.0,0.0
2023-01-09 00:00:00-05:00,2.299999952316284,2.299999952316284,2.190000057220459,2.2200000286102295,15500,0.0,0.0
2023-01-10 00:00:00-05:00,2.200000047683716,2.2799999713897705,2.1700000762939453,2.25,25000,0.0,0.0
2023-01-11 00:00:00-05:00,2.2200000286102295,2.25,2.119999885559082,2.2100000381469727,26100,0.0,0.0
2023-01-12 00:00:00-05:00,2.2100000381469727,2.2100000381469727,2.119999885559082,2.200000047683716,10300,0.0,0.0
2023-01-13 00:00:00-05:00,2.2200000286102295,2.2200000286102295,2.109999895095825,2.1500000953674316,16100,0.0,0.0
2023-01-17 00:00:00-05:00,2.1500000953674316,2.259999990463257,2.0999999046325684,2.240000009536743,31400,0.0,0.0
2023-01-18 00:00:00-05:00,2.2300000190734863,2.240000009536743,2.1600000858306885,2.180000066757202,2600,0.0,0.0
2023-01-19 00:00:00-05:00,2.2100000381469727,2.240000009536743,2.1500000953674316,2.1500000953674316,19000,0.0,0.0
2023-01-20 00:00:00-05:00,2.1600000858306885,2.1600000858306885,2.069999933242798,2.109999895095825,3100,0.0,0.0
2023-01-23 00:00:00-05:00,2.130000114440918,2.1500000953674316,2.0999999046325684,2.109999895095825,22600,0.0,0.0
2023-01-24 00:00:00-05:00,2.069999933242798,2.1500000953674316,2.069999933242798,2.130000114440918,14000,0.0,0.0
2023-01-25 00:00:00-05:00,2.130000114440918,2.1500000953674316,1.9500000476837158,2.0399999618530273,80300,0.0,0.0
2023-01-26 00:00:00-05:00,2.0399999618530273,2.2100000381469727,2.0399999618530273,2.0899999141693115,8000,0.0,0.0
2023-01-27 00:00:00-05:00,2.049999952316284,2.119999885559082,2.009999990463257,2.049999952316284,13400,0.0,0.0
2023-01-30 00:00:00-05:00,2.0199999809265137,2.049999952316284,2.0199999809265137,2.0199999809265137,17900,0.0,0.0
2023-01-31 00:00:00-05:00,2.069999933242798,2.1600000858306885,2.0199999809265137,2.119999885559082,19900,0.0,0.0
2023-02-01 00:00:00-05:00,2.0799999237060547,2.0799999237060547,2.049999952316284,2.049999952316284,11400,0.0,0.0
2023-02-02 00:00:00-05:00,2.119999885559082,2.119999885559082,2.069999933242798,2.0999999046325684,17300,0.0,0.0
2023-02-03 00:00:00-05:00,2.130000114440918,2.130000114440918,2.059999942779541,2.109999895095825,14700,0.0,0.0
2023-02-06 00:00:00-05:00,2.069999933242798,2.069999933242798,2.0399999618530273,2.069999933242798,4700,0.0,0.0
2023-02-07 00:00:00-05:00,2.0799999237060547,2.0799999237060547,2.049999952316284,2.049999952316284,8000,0.0,0.0
2023-02-08 00:00:00-05:00,2.0399999618530273,2.0399999618530273,2.0299999713897705,2.0399999618530273,3800,0.0,0.0
2023-02-09 00:00:00-05:00,2.049999952316284,2.049999952316284,1.9500000476837158,1.9800000190734863,37300,0.0,0.0
2023-02-10 00:00:00-05:00,2.0,2.059999942779541,1.9199999570846558,1.9500000476837158,17300,0.0,0.0
2023-02-13 00:00:00-05:00,1.909999966621399,1.9600000381469727,1.909999966621399,1.9199999570846558,8500,0.0,0.0
2023-02-14 00:00:00-05:00,1.9700000286102295,2.0,1.9199999570846558,1.9900000095367432,21700,0.0,0.0
2023-02-15 00:00:00-05:00,1.9500000476837158,2.0399999618530273,1.9500000476837158,2.0199999809265137,4100,0.0,0.0
2023-02-16 00:00:00-05:00,2.0199999809265137,2.0199999809265137,1.8899999856948853,1.9199999570846558,52200,0.0,0.0
2023-02-17 00:00:00-05:00,1.909999966621399,2.009999990463257,1.909999966621399,1.9900000095367432,9400,0.0,0.0
2023-02-21 00:00:00-05:00,1.9800000190734863,1.9800000190734863,1.9299999475479126,1.9500000476837158,4600,0.0,0.0
2023-02-22 00:00:00-05:00,1.9700000286102295,1.9700000286102295,1.9500000476837158,1.9500000476837158,4000,0.0,0.0
2023-02-23 00:00:00-05:00,1.9500000476837158,1.9700000286102295,1.9199999570846558,1.9299999475479126,23200,0.0,0.0
2023-02-24 00:00:00-05:00,1.899999976158142,1.9500000476837158,1.8300000429153442,1.9199999570846558,13000,0.0,0.0
2023-02-27 00:00:00-05:00,1.9199999570846558,1.9500000476837158,1.850000023841858,1.8799999952316284,13500,0.0,0.0
2023-02-28 00:00:00-05:00,1.8899999856948853,1.9299999475479126,1.8799999952316284,1.8799999952316284,12700,0.0,0.0
2023-03-01 00:00:00-05:00,1.8700000047683716,1.899999976158142,1.8700000047683716,1.8700000047683716,19600,0.0,0.0
2023-03-02 00:00:00-05:00,1.8700000047683716,1.9199999570846558,1.8700000047683716,1.8899999856948853,22800,0.0,0.0
2023-03-03 00:00:00-05:00,1.899999976158142,1.940000057220459,1.8899999856948853,1.899999976158142,9300,0.0,0.0
2023-03-06 00:00:00-05:00,1.899999976158142,1.899999976158142,1.8700000047683716,1.8899999856948853,9300,0.0,0.0
2023-03-07 00:00:00-05:00,1.850000023841858,1.8700000047683716,1.8200000524520874,1.8200000524520874,46400,0.0,0.0
2023-03-08 00:00:00-05:00,1.840000033378601,1.840000033378601,1.7999999523162842,1.7999999523162842,16200,0.0,0.0
2023-03-09 00:00:00-05:00,1.809999942779541,1.8200000524520874,1.75,1.75,11800,0.0,0.0
2023-03-10 00:00:00-05:00,1.7999999523162842,1.850000023841858,1.7899999618530273,1.7899999618530273,12600,0.0,0.0
2023-03-13 00:00:00-04:00,1.7799999713897705,1.9199999570846558,1.7799999713897705,1.899999976158142,90000,0.0,0.0
2023-03-14 00:00:00-04:00,1.899999976158142,1.9199999570846558,1.8200000524520874,1.8600000143051147,39200,0.0,0.0
2023-03-15 00:00:00-04:00,1.8600000143051147,1.8600000143051147,1.8200000524520874,1.8200000524520874,26900,0.0,0.0
2023-03-16 00:00:00-04:00,1.7799999713897705,1.8799999952316284,1.7799999713897705,1.8600000143051147,6400,0.0,0.0
2023-03-17 00:00:00-04:00,1.850000023841858,1.9500000476837158,1.850000023841858,1.899999976158142,43600,0.0,0.0
2023-03-20 00:00:00-04:00,1.899999976158142,1.899999976158142,1.7999999523162842,1.7999999523162842,19700,0.0,0.0
2023-03-21 00:00:00-04:00,1.809999942779541,1.840000033378601,1.7799999713897705,1.7799999713897705,19900,0.0,0.0
2023-03-22 00:00:00-04:00,1.8600000143051147,1.8600000143051147,1.7799999713897705,1.809999942779541,13700,0.0,0.0
2023-03-23 00:00:00-04:00,1.7799999713897705,1.7999999523162842,1.7799999713897705,1.7899999618530273,3200,0.0,0.0
2023-03-24 00:00:00-04:00,1.7799999713897705,1.840000033378601,1.75,1.7699999809265137,23000,0.0,0.0
2023-03-27 00:00:00-04:00,1.7799999713897705,1.7899999618530273,1.7100000381469727,1.7400000095367432,12800,0.0,0.0
2023-03-28 00:00:00-04:00,1.7999999523162842,1.7999999523162842,1.7200000286102295,1.7599999904632568,34600,0.0,0.0
2023-03-29 00:00:00-04:00,1.7899999618530273,1.7999999523162842,1.7100000381469727,1.7200000286102295,18500,0.0,0.0
2023-03-30 00:00:00-04:00,1.7100000381469727,1.7400000095367432,1.6799999475479126,1.7100000381469727,34300,0.0,0.0
2023-03-31 00:00:00-04:00,1.7000000476837158,1.7400000095367432,1.6799999475479126,1.7100000381469727,12800,0.0,0.0
2023-04-03 00:00:00-04:00,1.6799999475479126,1.75,1.659999966621399,1.7100000381469727,37500,0.0,0.0
2023-04-04 00:00:00-04:00,1.690000057220459,1.7400000095367432,1.6799999475479126,1.7300000190734863,35700,0.0,0.0
2023-04-05 00:00:00-04:00,1.7200000286102295,1.7599999904632568,1.649999976158142,1.7100000381469727,27500,0.0,0.0
2023-04-06 00:00:00-04:00,1.6399999856948853,1.7100000381469727,1.6399999856948853,1.6699999570846558,18100,0.0,0.0
2023-04-10 00:00:00-04:00,1.6799999475479126,1.7000000476837158,1.6799999475479126,1.6799999475479126,4100,0.0,0.0
2023-04-11 00:00:00-04:00,1.7400000095367432,1.7400000095367432,1.600000023841858,1.659999966621399,44200,0.0,0.0
2023-04-12 00:00:00-04:00,1.7599999904632568,1.7599999904632568,1.649999976158142,1.6799999475479126,24300,0.0,0.0
2023-04-13 00:00:00-04:00,1.659999966621399,1.7000000476837158,1.6299999952316284,1.6699999570846558,3300,0.0,0.0
2023-04-14 00:00:00-04:00,1.6399999856948853,1.649999976158142,1.5499999523162842,1.5700000524520874,39400,0.0,0.0
2023-04-17 00:00:00-04:00,1.590000033378601,1.6299999952316284,1.5800000429153442,1.5800000429153442,9000,0.0,0.0
2023-04-18 00:00:00-04:00,1.5800000429153442,1.6200000047683716,1.5800000429153442,1.590000033378601,70900,0.0,0.0
2023-04-19 00:00:00-04:00,1.590000033378601,1.649999976158142,1.590000033378601,1.6399999856948853,5500,0.0,0.0
2023-04-20 00:00:00-04:00,1.600000023841858,1.649999976158142,1.600000023841858,1.6200000047683716,15200,0.0,0.0
2023-04-21 00:00:00-04:00,1.590000033378601,1.649999976158142,1.590000033378601,1.649999976158142,3600,0.0,0.0
2023-04-24 00:00:00-04:00,1.6100000143051147,1.6699999570846558,1.590000033378601,1.6100000143051147,8400,0.0,0.0
2023-04-25 00:00:00-04:00,1.659999966621399,1.659999966621399,1.590000033378601,1.590000033378601,31100,0.0,0.0
2023-04-26 00:00:00-04:00,1.590000033378601,1.600000023841858,1.590000033378601,1.590000033378601,2400,0.0,0.0
2023-04-27 00:00:00-04:00,1.600000023841858,1.7000000476837158,1.590000033378601,1.6200000047683716,17200,0.0,0.0
2023-04-28 00:00:00-04:00,1.600000023841858,1.6699999570846558,1.590000033378601,1.600000023841858,28200,0.0,0.0
2023-05-01 00:00:00-04:00,1.6200000047683716,1.6399999856948853,1.590000033378601,1.590000033378601,48800,0.0,0.0
2023-05-02 00:00:00-04:00,1.590000033378601,1.6699999570846558,1.590000033378601,1.590000033378601,16300,0.0,0.0
2023-05-03 00:00:00-04:00,1.590000033378601,1.659999966621399,1.590000033378601,1.590000033378601,20800,0.0,0.0
2023-05-04 00:00:00-04:00,1.6200000047683716,1.6200000047683716,1.4199999570846558,1.4199999570846558,68500,0.0,0.0
2023-05-05 00:00:00-04:00,1.5,1.590000033378601,1.5,1.590000033378601,47300,0.0,0.0
2023-05-08 00:00:00-04:00,1.5199999809265137,1.5700000524520874,1.4700000286102295,1.4700000286102295,53700,0.0,0.0
2023-05-09 00:00:00-04:00,1.5199999809265137,1.5499999523162842,1.5099999904632568,1.5499999523162842,4800,0.0,0.0
2023-05-10 00:00:00-04:00,1.5399999618530273,1.5700000524520874,1.5,1.5700000524520874,14000,0.0,0.0
2023-05-11 00:00:00-04:00,1.5700000524520874,1.600000023841858,1.5399999618530273,1.5399999618530273,16200,0.0,0.0
2023-05-12 00:00:00-04:00,1.5800000429153442,1.600000023841858,1.5499999523162842,1.5499999523162842,4500,0.0,0.0
2023-05-15 00:00:00-04:00,1.5,1.559999942779541,1.5,1.5399999618530273,21300,0.0,0.0
2023-05-16 00:00:00-04:00,1.5199999809265137,1.5499999523162842,1.4800000190734863,1.5099999904632568,27000,0.0,0.0
2023-05-17 00:00:00-04:00,1.5099999904632568,1.590000033378601,1.5099999904632568,1.590000033378601,5900,0.0,0.0
2023-05-18 00:00:00-04:00,1.600000023841858,1.6699999570846558,1.4900000095367432,1.559999942779541,29300,0.0,0.0
2023-05-19 00:00:00-04:00,1.5299999713897705,1.5299999713897705,1.5,1.5199999809265137,8400,0.0,0.0
2023-05-22 00:00:00-04:00,1.5199999809265137,1.6100000143051147,1.5099999904632568,1.590000033378601,24100,0.0,0.0
2023-05-23 00:00:00-04:00,1.659999966621399,1.659999966621399,1.5800000429153442,1.590000033378601,17600,0.0,0.0
2023-05-24 00:00:00-04:00,1.6200000047683716,1.649999976158142,1.6100000143051147,1.6299999952316284,4400,0.0,0.0
2023-05-25 00:00:00-04:00,1.590000033378601,1.6200000047683716,1.5499999523162842,1.5800000429153442,38500,0.0,0.0
2023-05-26 00:00:00-04:00,1.6399999856948853,1.7400000095367432,1.6299999952316284,1.7200000286102295,33600,0.0,0.0
2023-05-30 00:00:00-04:00,1.7799999713897705,1.7799999713897705,1.6699999570846558,1.7100000381469727,25700,0.0,0.0
2023-05-31 00:00:00-04:00,1.6699999570846558,1.7999999523162842,1.6200000047683716,1.7400000095367432,45600,0.0,0.0
2023-06-01 00:00:00-04:00,1.7799999713897705,1.809999942779541,1.6699999570846558,1.75,13000,0.0,0.0
2023-06-02 00:00:00-04:00,1.7799999713897705,1.7799999713897705,1.659999966621399,1.7100000381469727,7800,0.0,0.0
2023-06-05 00:00:00-04:00,1.7599999904632568,1.850000023841858,1.690000057220459,1.7000000476837158,47200,0.0,0.0
2023-06-06 00:00:00-04:00,1.7000000476837158,1.7699999809265137,1.649999976158142,1.690000057220459,41600,0.0,0.0
2023-06-07 00:00:00-04:00,1.75,1.809999942779541,1.7000000476837158,1.7599999904632568,22200,0.0,0.0
2023-06-08 00:00:00-04:00,1.7200000286102295,1.840000033378601,1.690000057220459,1.7100000381469727,25200,0.0,0.0
2023-06-09 00:00:00-04:00,1.75,1.7599999904632568,1.7000000476837158,1.7400000095367432,21900,0.0,0.0
2023-06-12 00:00:00-04:00,1.7400000095367432,1.7799999713897705,1.7400000095367432,1.7400000095367432,16100,0.0,0.0
2023-06-13 00:00:00-04:00,1.7599999904632568,1.7699999809265137,1.7200000286102295,1.7200000286102295,24600,0.0,0.0
2023-06-14 00:00:00-04:00,1.75,1.75,1.600000023841858,1.6100000143051147,120600,0.0,0.0
2023-06-15 00:00:00-04:00,1.600000023841858,1.6799999475479126,1.5199999809265137,1.5299999713897705,201500,0.0,0.0
2023-06-16 00:00:00-04:00,1.559999942779541,1.5700000524520874,1.4500000476837158,1.4500000476837158,180900,0.0,0.0
2023-06-20 00:00:00-04:00,1.4900000095367432,1.5700000524520874,1.4500000476837158,1.4700000286102295,249800,0.0,0.0
2023-06-21 00:00:00-04:00,1.4700000286102295,1.5,1.4299999475479126,1.440000057220459,200500,0.0,0.0
2023-06-22 00:00:00-04:00,1.4700000286102295,1.6399999856948853,1.4600000381469727,1.600000023841858,73000,0.0,0.0
2023-06-23 00:00:00-04:00,1.6299999952316284,1.659999966621399,1.6200000047683716,1.649999976158142,42100,0.0,0.0
2023-06-26 00:00:00-04:00,1.649999976158142,1.7100000381469727,1.600000023841858,1.600000023841858,17100,0.0,0.0
2023-06-27 00:00:00-04:00,1.6200000047683716,1.649999976158142,1.600000023841858,1.6100000143051147,27200,0.0,0.0
2023-06-28 00:00:00-04:00,1.649999976158142,1.659999966621399,1.600000023841858,1.600000023841858,29300,0.0,0.0
2023-06-29 00:00:00-04:00,1.600000023841858,1.7000000476837158,1.600000023841858,1.6399999856948853,15500,0.0,0.0
2023-06-30 00:00:00-04:00,1.6399999856948853,1.659999966621399,1.600000023841858,1.600000023841858,14500,0.0,0.0
2023-07-03 00:00:00-04:00,1.6100000143051147,1.649999976158142,1.6100000143051147,1.6399999856948853,1000,0.0,0.0
2023-07-05 00:00:00-04:00,1.6100000143051147,1.659999966621399,1.5700000524520874,1.6200000047683716,5000,0.0,0.0
2023-07-06 00:00:00-04:00,1.590000033378601,1.6200000047683716,1.590000033378601,1.590000033378601,2000,0.0,0.0
2023-07-07 00:00:00-04:00,1.590000033378601,1.7000000476837158,1.590000033378601,1.6100000143051147,24600,0.0,0.0
2023-07-10 00:00:00-04:00,1.590000033378601,1.6799999475479126,1.5800000429153442,1.600000023841858,9200,0.0,0.0
2023-07-11 00:00:00-04:00,1.7100000381469727,1.7100000381469727,1.5199999809265137,1.6200000047683716,27400,0.0,0.0
2023-07-12 00:00:00-04:00,1.6399999856948853,1.6699999570846558,1.6100000143051147,1.6299999952316284,9900,0.0,0.0
2023-07-13 00:00:00-04:00,1.6200000047683716,1.7000000476837158,1.6200000047683716,1.7000000476837158,14200,0.0,0.0
2023-07-14 00:00:00-04:00,1.649999976158142,1.7000000476837158,1.649999976158142,1.7000000476837158,12400,0.0,0.0
2023-07-17 00:00:00-04:00,1.6699999570846558,1.6699999570846558,1.6100000143051147,1.6299999952316284,44700,0.0,0.0
2023-07-18 00:00:00-04:00,1.6200000047683716,1.6699999570846558,1.6200000047683716,1.6699999570846558,14800,0.0,0.0
2023-07-19 00:00:00-04:00,1.690000057220459,1.7100000381469727,1.6299999952316284,1.6799999475479126,21100,0.0,0.0
2023-07-20 00:00:00-04:00,1.7000000476837158,1.7000000476837158,1.600000023841858,1.649999976158142,40400,0.0,0.0
2023-07-21 00:00:00-04:00,1.6100000143051147,1.6799999475479126,1.6100000143051147,1.649999976158142,11500,0.0,0.0
2023-07-24 00:00:00-04:00,1.6699999570846558,1.6699999570846558,1.6200000047683716,1.6200000047683716,10800,0.0,0.0
2023-07-25 00:00:00-04:00,1.590000033378601,1.649999976158142,1.5800000429153442,1.6100000143051147,8700,0.0,0.0
2023-07-26 00:00:00-04:00,1.5800000429153442,1.6399999856948853,1.5199999809265137,1.5700000524520874,48800,0.0,0.0
2023-07-27 00:00:00-04:00,1.5499999523162842,1.6399999856948853,1.5499999523162842,1.6100000143051147,18500,0.0,0.0
2023-07-28 00:00:00-04:00,1.600000023841858,1.690000057220459,1.600000023841858,1.6699999570846558,10900,0.0,0.0
2023-07-31 00:00:00-04:00,1.7100000381469727,1.7300000190734863,1.659999966621399,1.6799999475479126,36600,0.0,0.0
2023-08-01 00:00:00-04:00,1.6699999570846558,1.7000000476837158,1.6699999570846558,1.690000057220459,19700,0.0,0.0
2023-08-02 00:00:00-04:00,1.7100000381469727,1.7100000381469727,1.6699999570846558,1.6699999570846558,17500,0.0,0.0
2023-08-03 00:00:00-04:00,1.6699999570846558,1.690000057220459,1.600000023841858,1.600000023841858,25600,0.0,0.0
2023-08-04 00:00:00-04:00,1.4700000286102295,1.75,1.4700000286102295,1.659999966621399,112100,0.0,0.0
2023-08-07 00:00:00-04:00,1.7300000190734863,1.7400000095367432,1.659999966621399,1.6699999570846558,18200,0.0,0.0
2023-08-08 00:00:00-04:00,1.5700000524520874,1.7000000476837158,1.5700000524520874,1.6299999952316284,26700,0.0,0.0
2023-08-09 00:00:00-04:00,1.600000023841858,1.649999976158142,1.5800000429153442,1.6200000047683716,20800,0.0,0.0
2023-08-10 00:00:00-04:00,1.5800000429153442,1.659999966621399,1.5800000429153442,1.649999976158142,24200,0.0,0.0
2023-08-11 00:00:00-04:00,1.6799999475479126,1.7000000476837158,1.600000023841858,1.600000023841858,9200,0.0,0.0
2023-08-14 00:00:00-04:00,1.600000023841858,1.6299999952316284,1.5700000524520874,1.6200000047683716,17500,0.0,0.0
2023-08-15 00:00:00-04:00,1.600000023841858,1.6299999952316284,1.5700000524520874,1.590000033378601,20300,0.0,0.0
2023-08-16 00:00:00-04:00,1.5700000524520874,1.6100000143051147,1.559999942779541,1.5800000429153442,20100,0.0,0.0
2023-08-17 00:00:00-04:00,1.6200000047683716,1.6399999856948853,1.5499999523162842,1.6299999952316284,12900,0.0,0.0
2023-08-18 00:00:00-04:00,1.590000033378601,1.6399999856948853,1.590000033378601,1.600000023841858,9100,0.0,0.0
2023-08-21 00:00:00-04:00,1.6200000047683716,1.649999976158142,1.5800000429153442,1.600000023841858,15700,0.0,0.0
2023-08-22 00:00:00-04:00,1.5700000524520874,1.659999966621399,1.5700000524520874,1.5700000524520874,8900,0.0,0.0
2023-08-23 00:00:00-04:00,1.590000033378601,1.6200000047683716,1.590000033378601,1.590000033378601,4900,0.0,0.0
2023-08-24 00:00:00-04:00,1.5700000524520874,1.600000023841858,1.5700000524520874,1.590000033378601,4700,0.0,0.0
2023-08-25 00:00:00-04:00,1.6100000143051147,1.649999976158142,1.5800000429153442,1.6200000047683716,16100,0.0,0.0
2023-08-28 00:00:00-04:00,1.6299999952316284,1.659999966621399,1.4199999570846558,1.5299999713897705,363600,0.0,0.0
2023-08-29 00:00:00-04:00,1.5,1.5700000524520874,1.5,1.5499999523162842,21400,0.0,0.0
2023-08-30 00:00:00-04:00,1.5199999809265137,1.559999942779541,1.4700000286102295,1.5299999713897705,13500,0.0,0.0
2023-08-31 00:00:00-04:00,1.4800000190734863,1.559999942779541,1.4700000286102295,1.5099999904632568,44100,0.0,0.0
2023-09-01 00:00:00-04:00,1.600000023841858,1.600000023841858,1.5,1.5,13900,0.0,0.0
2023-09-05 00:00:00-04:00,1.5,1.5499999523162842,1.4800000190734863,1.4800000190734863,1800,0.0,0.0
2023-09-06 00:00:00-04:00,1.5800000429153442,1.5800000429153442,1.4700000286102295,1.4900000095367432,10900,0.0,0.0
2023-09-07 00:00:00-04:00,1.4700000286102295,1.5,1.4700000286102295,1.4700000286102295,17000,0.0,0.0
2023-09-08 00:00:00-04:00,1.4800000190734863,1.5199999809265137,1.409999966621399,1.4500000476837158,42400,0.0,0.0
2023-09-11 00:00:00-04:00,1.4199999570846558,1.440000057220459,1.409999966621399,1.4299999475479126,12600,0.0,0.0
2023-09-12 00:00:00-04:00,1.440000057220459,1.5,1.440000057220459,1.4500000476837158,15000,0.0,0.0
2023-09-13 00:00:00-04:00,1.409999966621399,1.4299999475479126,1.2799999713897705,1.409999966621399,92300,0.0,0.0
2023-09-14 00:00:00-04:00,1.4199999570846558,1.4199999570846558,1.340000033378601,1.3799999952316284,22000,0.0,0.0
2023-09-15 00:00:00-04:00,1.3799999952316284,1.399999976158142,1.2899999618530273,1.2999999523162842,73500,0.0,0.0
2023-09-18 00:00:00-04:00,1.2799999713897705,1.2999999523162842,1.2599999904632568,1.2799999713897705,22100,0.0,0.0
2023-09-19 00:00:00-04:00,1.2599999904632568,1.3300000429153442,1.25,1.2699999809265137,34800,0.0,0.0
2023-09-20 00:00:00-04:00,1.2599999904632568,1.2599999904632568,1.149999976158142,1.159999966621399,61600,0.0,0.0
2023-09-21 00:00:00-04:00,1.149999976158142,1.2200000286102295,1.149999976158142,1.190000057220459,24000,0.0,0.0
2023-09-22 00:00:00-04:00,1.2300000190734863,1.2699999809265137,1.159999966621399,1.159999966621399,19400,0.0,0.0
2023-09-25 00:00:00-04:00,1.1200000047683716,1.2000000476837158,1.1200000047683716,1.159999966621399,20100,0.0,0.0
2023-09-26 00:00:00-04:00,1.1399999856948853,1.1399999856948853,0.9900000095367432,1.0199999809265137,95200,0.0,0.0
2023-09-27 00:00:00-04:00,1.0299999713897705,1.0700000524520874,1.0,1.0299999713897705,50100,0.0,0.0
2023-09-28 00:00:00-04:00,1.0299999713897705,1.0800000429153442,1.0099999904632568,1.0399999618530273,11200,0.0,0.0
2023-09-29 00:00:00-04:00,1.0800000429153442,1.1100000143051147,1.0499999523162842,1.0800000429153442,20500,0.0,0.0
2023-10-02 00:00:00-04:00,1.100000023841858,1.1299999952316284,1.0399999618530273,1.0399999618530273,23600,0.0,0.0
2023-10-03 00:00:00-04:00,1.0499999523162842,1.100000023841858,1.0499999523162842,1.059999942779541,28700,0.0,0.0
2023-10-04 00:00:00-04:00,1.0199999809265137,1.1399999856948853,1.0199999809265137,1.059999942779541,15100,0.0,0.0
2023-10-05 00:00:00-04:00,1.0700000524520874,1.1399999856948853,1.059999942779541,1.059999942779541,34100,0.0,0.0
2023-10-06 00:00:00-04:00,1.100000023841858,1.1399999856948853,1.0700000524520874,1.090000033378601,37300,0.0,0.0
2023-10-09 00:00:00-04:00,1.1100000143051147,1.149999976158142,1.090000033378601,1.149999976158142,27700,0.0,0.0
2023-10-10 00:00:00-04:00,1.159999966621399,1.25,1.1100000143051147,1.149999976158142,36200,0.0,0.0
2023-10-11 00:00:00-04:00,1.25,1.25,1.159999966621399,1.2200000286102295,16000,0.0,0.0
2023-10-12 00:00:00-04:00,1.25,1.25,1.100000023841858,1.1699999570846558,30200,0.0,0.0
2023-10-13 00:00:00-04:00,1.149999976158142,1.149999976158142,1.100000023841858,1.149999976158142,4300,0.0,0.0
2023-10-16 00:00:00-04:00,1.100000023841858,1.2899999618530273,1.100000023841858,1.159999966621399,30400,0.0,0.0
2023-10-17 00:00:00-04:00,1.100000023841858,1.2899999618530273,1.100000023841858,1.159999966621399,65600,0.0,0.0
2023-10-18 00:00:00-04:00,1.2899999618530273,1.2899999618530273,1.1399999856948853,1.149999976158142,11200,0.0,0.0
2023-10-19 00:00:00-04:00,1.1799999475479126,1.1799999475479126,1.1100000143051147,1.1100000143051147,12500,0.0,0.0
2023-10-20 00:00:00-04:00,1.2100000381469727,1.2699999809265137,1.090000033378601,1.090000033378601,73200,0.0,0.0
2023-10-23 00:00:00-04:00,1.1200000047683716,1.1200000047683716,1.0299999713897705,1.059999942779541,19000,0.0,0.0
2023-10-24 00:00:00-04:00,1.1100000143051147,1.1100000143051147,1.0099999904632568,1.0099999904632568,10900,0.0,0.0
2023-10-25 00:00:00-04:00,1.0399999618530273,1.149999976158142,1.0399999618530273,1.1200000047683716,5800,0.0,0.0
2023-10-26 00:00:00-04:00,1.059999942779541,1.1100000143051147,1.059999942779541,1.0700000524520874,8600,0.0,0.0
2023-10-27 00:00:00-04:00,1.0700000524520874,1.1100000143051147,1.0299999713897705,1.0800000429153442,5900,0.0,0.0
2023-10-30 00:00:00-04:00,1.1200000047683716,1.190000057220459,1.0199999809265137,1.0700000524520874,19800,0.0,0.0
2023-10-31 00:00:00-04:00,1.1100000143051147,1.1399999856948853,1.0800000429153442,1.0800000429153442,2200,0.0,0.0
2023-11-01 00:00:00-04:00,1.0800000429153442,1.0800000429153442,1.0099999904632568,1.0099999904632568,48400,0.0,0.0
2023-11-02 00:00:00-04:00,1.0499999523162842,1.0499999523162842,1.0099999904632568,1.0199999809265137,19000,0.0,0.0
2023-11-03 00:00:00-04:00,1.1100000143051147,1.1100000143051147,1.0399999618530273,1.0399999618530273,38500,0.0,0.0
2023-11-06 00:00:00-05:00,1.0199999809265137,1.0800000429153442,1.0,1.0,33900,0.0,0.0
2023-11-07 00:00:00-05:00,1.0099999904632568,1.0800000429153442,1.0099999904632568,1.0499999523162842,11300,0.0,0.0
2023-11-08 00:00:00-05:00,1.0800000429153442,1.100000023841858,1.0299999713897705,1.0499999523162842,8800,0.0,0.0
2023-11-09 00:00:00-05:00,1.059999942779541,1.090000033378601,1.059999942779541,1.059999942779541,10300,0.0,0.0
2023-11-10 00:00:00-05:00,1.0800000429153442,1.090000033378601,1.0499999523162842,1.0499999523162842,11600,0.0,0.0
2023-11-13 00:00:00-05:00,1.0499999523162842,1.0700000524520874,1.0199999809265137,1.0399999618530273,39900,0.0,0.0
2023-11-14 00:00:00-05:00,1.0299999713897705,1.0700000524520874,0.9100000262260437,1.0,152500,0.0,0.0
2023-11-15 00:00:00-05:00,1.0199999809265137,1.090000033378601,0.9900000095367432,1.0199999809265137,90100,0.0,0.0
2023-11-16 00:00:00-05:00,1.0199999809265137,1.0800000429153442,1.0,1.0099999904632568,31200,0.0,0.0
2023-11-17 00:00:00-05:00,0.9800000190734863,1.0299999713897705,0.9800000190734863,1.0,26700,0.0,0.0
2023-11-20 00:00:00-05:00,1.0,1.0800000429153442,1.0,1.0199999809265137,20000,0.0,0.0
2023-11-21 00:00:00-05:00,1.0,1.059999942779541,1.0,1.0,19100,0.0,0.0
2023-11-22 00:00:00-05:00,1.0099999904632568,1.0800000429153442,1.0,1.0399999618530273,56300,0.0,0.0
2023-11-24 00:00:00-05:00,1.0399999618530273,1.100000023841858,1.0399999618530273,1.0700000524520874,10900,0.0,0.0
2023-11-27 00:00:00-05:00,1.0499999523162842,1.100000023841858,1.0499999523162842,1.0499999523162842,36600,0.0,0.0
2023-11-28 00:00:00-05:00,1.0800000429153442,1.0800000429153442,1.0499999523162842,1.059999942779541,15800,0.0,0.0
2023-11-29 00:00:00-05:00,1.0800000429153442,1.0800000429153442,1.0099999904632568,1.0499999523162842,25600,0.0,0.0
2023-11-30 00:00:00-05:00,1.0199999809265137,1.0499999523162842,1.0099999904632568,1.0299999713897705,25600,0.0,0.0
2023-12-01 00:00:00-05:00,1.0099999904632568,1.0800000429153442,1.0099999904632568,1.0199999809265137,32300,0.0,0.0
2023-12-04 00:00:00-05:00,1.0299999713897705,1.0399999618530273,0.9900000095367432,1.0099999904632568,40600,0.0,0.0
2023-12-05 00:00:00-05:00,0.9900000095367432,1.0199999809265137,0.9700000286102295,0.9900000095367432,87500,0.0,0.0
2023-12-06 00:00:00-05:00,0.9700000286102295,1.0099999904632568,0.949999988079071,0.9900000095367432,32500,0.0,0.0
2023-12-07 00:00:00-05:00,1.0199999809265137,1.0199999809265137,0.9800000190734863,1.0099999904632568,24700,0.0,0.0
2023-12-08 00:00:00-05:00,1.0,1.0299999713897705,0.9900000095367432,1.0099999904632568,42100,0.0,0.0
2023-12-11 00:00:00-05:00,1.0099999904632568,1.0199999809265137,0.9700000286102295,0.9700000286102295,71000,0.0,0.0
2023-12-12 00:00:00-05:00,0.9700000286102295,1.0,0.9700000286102295,0.9700000286102295,31900,0.0,0.0
2023-12-13 00:00:00-05:00,1.0,1.0099999904632568,0.9599999785423279,0.9599999785423279,28400,0.0,0.0
2023-12-14 00:00:00-05:00,0.949999988079071,1.0099999904632568,0.949999988079071,1.0,43800,0.0,0.0
2023-12-15 00:00:00-05:00,1.0,1.0099999904632568,0.949999988079071,0.949999988079071,61200,0.0,0.0
2023-12-18 00:00:00-05:00,0.949999988079071,1.0,0.8999999761581421,0.9200000166893005,151500,0.0,0.0
2023-12-19 00:00:00-05:00,0.9100000262260437,0.9399999976158142,0.9100000262260437,0.9300000071525574,97500,0.0,0.0
2023-12-20 00:00:00-05:00,0.9300000071525574,1.0099999904632568,0.9200000166893005,0.9800000190734863,89500,0.0,0.0
2023-12-21 00:00:00-05:00,0.9700000286102295,0.9800000190734863,0.9200000166893005,0.9599999785423279,72900,0.0,0.0
2023-12-22 00:00:00-05:00,0.949999988079071,1.0,0.9300000071525574,0.949999988079071,78100,0.0,0.0
2023-12-26 00:00:00-05:00,0.949999988079071,0.949999988079071,0.9100000262260437,0.9300000071525574,135300,0.0,0.0
2023-12-27 00:00:00-05:00,0.9200000166893005,0.949999988079071,0.9200000166893005,0.949999988079071,59300,0.0,0.0
2023-12-28 00:00:00-05:00,0.9200000166893005,0.9700000286102295,0.9200000166893005,0.9700000286102295,94400,0.0,0.0
2023-12-29 00:00:00-05:00,0.9599999785423279,1.090000033378601,0.9399999976158142,1.0099999904632568,227800,0.0,0.0
2024-01-02 00:00:00-05:00,1.0,1.0499999523162842,1.0,1.0099999904632568,37200,0.0,0.0
2024-01-03 00:00:00-05:00,1.0199999809265137,1.0800000429153442,1.0199999809265137,1.0800000429153442,36600,0.0,0.0
2024-01-04 00:00:00-05:00,1.059999942779541,1.090000033378601,1.0399999618530273,1.059999942779541,38100,0.0,0.0
2024-01-05 00:00:00-05:00,1.0499999523162842,1.1399999856948853,1.0299999713897705,1.1100000143051147,139900,0.0,0.0
2024-01-08 00:00:00-05:00,1.1399999856948853,1.190000057220459,1.1200000047683716,1.159999966621399,80800,0.0,0.0
2024-01-09 00:00:00-05:00,1.149999976158142,1.190000057220459,1.1100000143051147,1.1399999856948853,53300,0.0,0.0
2024-01-10 00:00:00-05:00,1.1200000047683716,1.1399999856948853,1.0299999713897705,1.0399999618530273,33800,0.0,0.0
2024-01-11 00:00:00-05:00,1.0800000429153442,1.0800000429153442,1.0099999904632568,1.0299999713897705,54700,0.0,0.0
2024-01-12 00:00:00-05:00,1.0199999809265137,1.090000033378601,1.0099999904632568,1.0399999618530273,28400,0.0,0.0
2024-01-16 00:00:00-05:00,1.0199999809265137,1.0800000429153442,1.0,1.0,46700,0.0,0.0
2024-01-17 00:00:00-05:00,1.0,1.0399999618530273,1.0,1.0199999809265137,20700,0.0,0.0
2024-01-18 00:00:00-05:00,1.0199999809265137,1.059999942779541,0.9900000095367432,1.0099999904632568,33000,0.0,0.0
2024-01-19 00:00:00-05:00,1.0,1.059999942779541,0.9900000095367432,0.9900000095367432,17400,0.0,0.0
2024-01-22 00:00:00-05:00,1.0,1.0499999523162842,0.9900000095367432,0.9900000095367432,19400,0.0,0.0
2024-01-23 00:00:00-05:00,0.9900000095367432,1.0299999713897705,0.9900000095367432,1.0,21200,0.0,0.0
2024-01-24 00:00:00-05:00,1.0,1.0299999713897705,1.0,1.0,19800,0.0,0.0
2024-01-25 00:00:00-05:00,0.9900000095367432,1.0499999523162842,0.9900000095367432,1.0099999904632568,50200,0.0,0.0
2024-01-26 00:00:00-05:00,1.0499999523162842,1.100000023841858,1.0199999809265137,1.0399999618530273,18300,0.0,0.0
2024-01-29 00:00:00-05:00,1.0399999618530273,1.0700000524520874,1.0399999618530273,1.0700000524520874,5300,0.0,0.0
2024-01-30 00:00:00-05:00,1.059999942779541,1.090000033378601,1.0399999618530273,1.059999942779541,26400,0.0,0.0
2024-01-31 00:00:00-05:00,1.059999942779541,1.059999942779541,1.0,1.0199999809265137,15800,0.0,0.0
2024-02-01 00:00:00-05:00,1.0499999523162842,1.0499999523162842,1.0,1.0299999713897705,4600,0.0,0.0
2024-02-02 00:00:00-05:00,1.0399999618530273,1.0399999618530273,1.0199999809265137,1.0399999618530273,20200,0.0,0.0
2024-02-05 00:00:00-05:00,1.0800000429153442,1.0800000429153442,1.0099999904632568,1.0299999713897705,16800,0.0,0.0
2024-02-06 00:00:00-05:00,1.0299999713897705,1.059999942779541,1.0099999904632568,1.0099999904632568,26200,0.0,0.0
2024-02-07 00:00:00-05:00,1.0099999904632568,1.0199999809265137,1.0,1.0099999904632568,53100,0.0,0.0
2024-02-08 00:00:00-05:00,1.0,1.0299999713897705,1.0,1.0299999713897705,18000,0.0,0.0
2024-02-09 00:00:00-05:00,1.0099999904632568,1.0499999523162842,0.9900000095367432,1.0099999904632568,18400,0.0,0.0
2024-02-12 00:00:00-05:00,1.059999942779541,1.0700000524520874,1.0399999618530273,1.059999942779541,20000,0.0,0.0
2024-02-13 00:00:00-05:00,1.0299999713897705,1.0499999523162842,1.0299999713897705,1.0499999523162842,8600,0.0,0.0
2024-02-14 00:00:00-05:00,1.090000033378601,1.090000033378601,1.0199999809265137,1.0499999523162842,23500,0.0,0.0
2024-02-15 00:00:00-05:00,1.0299999713897705,1.059999942779541,1.0,1.059999942779541,36000,0.0,0.0
2024-02-16 00:00:00-05:00,1.0299999713897705,1.059999942779541,1.0,1.0399999618530273,20400,0.0,0.0
2024-02-20 00:00:00-05:00,1.0299999713897705,1.0299999713897705,0.9900000095367432,1.0199999809265137,8000,0.0,0.0
2024-02-21 00:00:00-05:00,0.9900000095367432,1.0099999904632568,0.9700000286102295,1.0,48900,0.0,0.0
2024-02-22 00:00:00-05:00,1.0299999713897705,1.0399999618530273,0.9700000286102295,0.9700000286102295,37900,0.0,0.0
2024-02-23 00:00:00-05:00,0.9700000286102295,1.0,0.9599999785423279,0.9900000095367432,26500,0.0,0.0
2024-02-26 00:00:00-05:00,0.9800000190734863,1.0099999904632568,0.9300000071525574,0.9300000071525574,61800,0.0,0.0
2024-02-27 00:00:00-05:00,0.9599999785423279,0.9900000095367432,0.9599999785423279,0.9800000190734863,5600,0.0,0.0
2024-02-28 00:00:00-05:00,0.9900000095367432,1.0,0.9800000190734863,1.0,24800,0.0,0.0
2024-02-29 00:00:00-05:00,1.0,1.0,0.9800000190734863,0.9800000190734863,22100,0.0,0.0
2024-03-01 00:00:00-05:00,1.0,1.0700000524520874,0.9800000190734863,1.059999942779541,107800,0.0,0.0
2024-03-04 00:00:00-05:00,1.059999942779541,1.0700000524520874,0.9800000190734863,1.0099999904632568,37200,0.0,0.0
2024-03-05 00:00:00-05:00,1.0,1.0399999618530273,1.0,1.0299999713897705,12900,0.0,0.0
2024-03-06 00:00:00-05:00,1.0499999523162842,1.1299999952316284,1.0299999713897705,1.090000033378601,172800,0.0,0.0
2024-03-07 00:00:00-05:00,1.100000023841858,1.2200000286102295,1.059999942779541,1.1299999952316284,41700,0.0,0.0
2024-03-08 00:00:00-05:00,1.2699999809265137,1.4199999570846558,1.159999966621399,1.3200000524520874,204300,0.0,0.0
2024-03-11 00:00:00-04:00,1.3600000143051147,1.4500000476837158,1.309999942779541,1.3799999952316284,150600,0.0,0.0
2024-03-12 00:00:00-04:00,1.399999976158142,1.4199999570846558,1.309999942779541,1.350000023841858,32800,0.0,0.0
2024-03-13 00:00:00-04:00,1.3300000429153442,1.3300000429153442,1.25,1.25,49900,0.0,0.0
2024-03-14 00:00:00-04:00,1.2300000190734863,1.2300000190734863,1.2000000476837158,1.2200000286102295,8600,0.0,0.0
2024-03-15 00:00:00-04:00,1.2400000095367432,1.3200000524520874,1.1799999475479126,1.2000000476837158,32300,0.0,0.0
2024-03-18 00:00:00-04:00,1.2000000476837158,1.340000033378601,1.2000000476837158,1.25,16800,0.0,0.0
2024-03-19 00:00:00-04:00,1.2100000381469727,1.3200000524520874,1.2100000381469727,1.2400000095367432,18400,0.0,0.0
2024-03-20 00:00:00-04:00,1.2599999904632568,1.2899999618530273,1.2100000381469727,1.2599999904632568,25200,0.0,0.0
2024-03-21 00:00:00-04:00,1.2799999713897705,1.2999999523162842,1.2100000381469727,1.2100000381469727,12600,0.0,0.0
2024-03-22 00:00:00-04:00,1.2300000190734863,1.2599999904632568,1.2200000286102295,1.2599999904632568,10200,0.0,0.0
2024-03-25 00:00:00-04:00,1.2799999713897705,1.5700000524520874,1.25,1.4700000286102295,291100,0.0,0.0
2024-03-26 00:00:00-04:00,1.5099999904632568,1.5299999713897705,1.3200000524520874,1.3600000143051147,78000,0.0,0.0
2024-03-27 00:00:00-04:00,1.3300000429153442,1.399999976158142,1.3200000524520874,1.350000023841858,13700,0.0,0.0
2024-03-28 00:00:00-04:00,1.340000033378601,1.3700000047683716,1.2799999713897705,1.2999999523162842,29900,0.0,0.0
2024-04-01 00:00:00-04:00,1.3300000429153442,1.3600000143051147,1.25,1.2599999904632568,29400,0.0,0.0
2024-04-02 00:00:00-04:00,1.2699999809265137,1.3200000524520874,1.2000000476837158,1.3200000524520874,21100,0.0,0.0
2024-04-03 00:00:00-04:00,1.25,1.2899999618530273,1.2100000381469727,1.2699999809265137,29100,0.0,0.0
2024-04-04 00:00:00-04:00,1.2799999713897705,1.3600000143051147,1.1799999475479126,1.2400000095367432,33400,0.0,0.0
2024-04-05 00:00:00-04:00,1.2100000381469727,1.2699999809265137,1.159999966621399,1.2699999809265137,20300,0.0,0.0
2024-04-08 00:00:00-04:00,1.2699999809265137,1.2699999809265137,1.2599999904632568,1.2699999809265137,7700,0.0,0.0
2024-04-09 00:00:00-04:00,1.2699999809265137,1.309999942779541,1.2400000095367432,1.2899999618530273,6000,0.0,0.0
2024-04-10 00:00:00-04:00,1.2899999618530273,1.2899999618530273,1.2599999904632568,1.2899999618530273,4900,0.0,0.0
2024-04-11 00:00:00-04:00,1.2999999523162842,1.440000057220459,1.2999999523162842,1.3600000143051147,69700,0.0,0.0
2024-04-12 00:00:00-04:00,1.3899999856948853,1.409999966621399,1.3700000047683716,1.409999966621399,31100,0.0,0.0
2024-04-15 00:00:00-04:00,1.440000057220459,1.5,1.3799999952316284,1.4600000381469727,89500,0.0,0.0
2024-04-16 00:00:00-04:00,1.4700000286102295,1.75,1.3899999856948853,1.5499999523162842,79900,0.0,0.0
2024-04-17 00:00:00-04:00,1.5499999523162842,1.6399999856948853,1.5399999618530273,1.6399999856948853,68300,0.0,0.0
2024-04-18 00:00:00-04:00,1.6699999570846558,1.7000000476837158,1.5800000429153442,1.590000033378601,56700,0.0,0.0
2024-04-19 00:00:00-04:00,1.5399999618530273,1.659999966621399,1.5199999809265137,1.5299999713897705,49400,0.0,0.0
2024-04-22 00:00:00-04:00,1.5299999713897705,1.590000033378601,1.5199999809265137,1.5199999809265137,25100,0.0,0.0
2024-04-23 00:00:00-04:00,1.559999942779541,1.5700000524520874,1.4600000381469727,1.4900000095367432,18500,0.0,0.0
2024-04-24 00:00:00-04:00,1.590000033378601,1.649999976158142,1.590000033378601,1.6100000143051147,28100,0.0,0.0
2024-04-25 00:00:00-04:00,1.6299999952316284,1.6299999952316284,1.5700000524520874,1.6100000143051147,5500,0.0,0.0
2024-04-26 00:00:00-04:00,1.649999976158142,1.690000057220459,1.590000033378601,1.590000033378601,89300,0.0,0.0
2024-04-29 00:00:00-04:00,1.6399999856948853,1.6399999856948853,1.5199999809265137,1.5800000429153442,11000,0.0,0.0
2024-04-30 00:00:00-04:00,1.5800000429153442,1.5800000429153442,1.5099999904632568,1.5499999523162842,11800,0.0,0.0
2024-05-01 00:00:00-04:00,1.5800000429153442,1.590000033378601,1.5099999904632568,1.590000033378601,22700,0.0,0.0
2024-05-02 00:00:00-04:00,1.590000033378601,1.600000023841858,1.5299999713897705,1.590000033378601,17300,0.0,0.0
2024-05-03 00:00:00-04:00,1.600000023841858,1.6100000143051147,1.5800000429153442,1.590000033378601,17700,0.0,0.0
2024-05-06 00:00:00-04:00,1.590000033378601,1.649999976158142,1.5800000429153442,1.6100000143051147,28300,0.0,0.0
2024-05-07 00:00:00-04:00,1.6299999952316284,1.649999976158142,1.6100000143051147,1.6200000047683716,31000,0.0,0.0
2024-05-08 00:00:00-04:00,1.649999976158142,1.7799999713897705,1.649999976158142,1.7599999904632568,79700,0.0,0.0
2024-05-09 00:00:00-04:00,1.8200000524520874,2.049999952316284,1.8200000524520874,2.0,156200,0.0,0.0
2024-05-10 00:00:00-04:00,2.0299999713897705,2.2100000381469727,1.7999999523162842,2.069999933242798,127600,0.0,0.0
2024-05-13 00:00:00-04:00,2.069999933242798,2.200000047683716,1.909999966621399,2.0899999141693115,101000,0.0,0.0
2024-05-14 00:00:00-04:00,2.119999885559082,2.240000009536743,2.119999885559082,2.190000057220459,116400,0.0,0.0
2024-05-15 00:00:00-04:00,2.1500000953674316,2.2300000190734863,2.0,2.109999895095825,72700,0.0,0.0
2024-05-16 00:00:00-04:00,2.119999885559082,2.119999885559082,1.9199999570846558,1.9700000286102295,77600,0.0,0.0
2024-05-17 00:00:00-04:00,1.9800000190734863,2.0,1.7799999713897705,1.9199999570846558,107500,0.0,0.0
2024-05-20 00:00:00-04:00,1.9199999570846558,1.9700000286102295,1.8700000047683716,1.9700000286102295,20900,0.0,0.0
2024-05-21 00:00:00-04:00,1.9600000381469727,2.140000104904175,1.9199999570846558,2.0199999809265137,75300,0.0,0.0
2024-05-22 00:00:00-04:00,2.009999990463257,2.0199999809265137,1.8899999856948853,1.9299999475479126,56900,0.0,0.0
2024-05-23 00:00:00-04:00,1.899999976158142,1.9500000476837158,1.8600000143051147,1.8600000143051147,47600,0.0,0.0
2024-05-24 00:00:00-04:00,1.9199999570846558,2.140000104904175,1.8899999856948853,2.059999942779541,49900,0.0,0.0
2024-05-28 00:00:00-04:00,2.0999999046325684,2.25,1.9600000381469727,2.1600000858306885,78200,0.0,0.0
2024-05-29 00:00:00-04:00,2.180000066757202,2.180000066757202,2.069999933242798,2.0999999046325684,34500,0.0,0.0
2024-05-30 00:00:00-04:00,2.1600000858306885,2.180000066757202,2.0999999046325684,2.130000114440918,36500,0.0,0.0
2024-05-31 00:00:00-04:00,2.140000104904175,2.1700000762939453,2.0399999618530273,2.109999895095825,40000,0.0,0.0
2024-06-03 00:00:00-04:00,2.109999895095825,2.180000066757202,2.0399999618530273,2.130000114440918,83900,0.0,0.0
2024-06-04 00:00:00-04:00,2.0899999141693115,2.140000104904175,2.0,2.0999999046325684,52600,0.0,0.0
2024-06-05 00:00:00-04:00,2.109999895095825,2.25,2.109999895095825,2.2200000286102295,41200,0.0,0.0
2024-06-06 00:00:00-04:00,2.240000009536743,2.4100000858306885,2.0399999618530273,2.140000104904175,166200,0.0,0.0
2024-06-07 00:00:00-04:00,2.0999999046325684,2.0999999046325684,1.649999976158142,1.7000000476837158,177300,0.0,0.0
2024-06-10 00:00:00-04:00,1.7899999618530273,2.049999952316284,1.7799999713897705,2.0,83100,0.0,0.0
2024-06-11 00:00:00-04:00,2.009999990463257,2.049999952316284,1.9299999475479126,1.9800000190734863,24100,0.0,0.0
2024-06-12 00:00:00-04:00,1.9600000381469727,2.0299999713897705,1.840000033378601,1.850000023841858,59800,0.0,0.0
2024-06-13 00:00:00-04:00,1.850000023841858,1.940000057220459,1.7799999713897705,1.7999999523162842,22400,0.0,0.0
2024-06-14 00:00:00-04:00,1.8300000429153442,1.9600000381469727,1.7699999809265137,1.8600000143051147,45900,0.0,0.0
2024-06-17 00:00:00-04:00,1.840000033378601,1.8799999952316284,1.7999999523162842,1.8300000429153442,24000,0.0,0.0
2024-06-18 00:00:00-04:00,1.899999976158142,1.9800000190734863,1.7999999523162842,1.7999999523162842,69600,0.0,0.0
2024-06-20 00:00:00-04:00,1.7999999523162842,1.909999966621399,1.7999999523162842,1.8300000429153442,37100,0.0,0.0
2024-06-21 00:00:00-04:00,1.8700000047683716,2.0,1.8200000524520874,1.8600000143051147,68800,0.0,0.0
2024-06-24 00:00:00-04:00,1.7999999523162842,1.9700000286102295,1.75,1.7699999809265137,49100,0.0,0.0
2024-06-25 00:00:00-04:00,1.7799999713897705,1.9800000190734863,1.7699999809265137,1.7799999713897705,62000,0.0,0.0
2024-06-26 00:00:00-04:00,1.7799999713897705,1.850000023841858,1.7799999713897705,1.7999999523162842,25100,0.0,0.0
2024-06-27 00:00:00-04:00,1.7999999523162842,1.8899999856948853,1.7799999713897705,1.840000033378601,16100,0.0,0.0
2024-06-28 00:00:00-04:00,1.8799999952316284,1.8799999952316284,1.7799999713897705,1.840000033378601,13600,0.0,0.0
2024-07-01 00:00:00-04:00,1.909999966621399,1.909999966621399,1.7899999618530273,1.7899999618530273,12200,0.0,0.0
2024-07-02 00:00:00-04:00,1.7999999523162842,1.9199999570846558,1.7999999523162842,1.840000033378601,44200,0.0,0.0
2024-07-03 00:00:00-04:00,1.8899999856948853,1.9800000190734863,1.8899999856948853,1.940000057220459,7300,0.0,0.0
2024-07-05 00:00:00-04:00,1.9299999475479126,1.9700000286102295,1.8899999856948853,1.9500000476837158,18600,0.0,0.0
2024-07-08 00:00:00-04:00,1.9600000381469727,1.9600000381469727,1.8700000047683716,1.8700000047683716,4400,0.0,0.0
2024-07-09 00:00:00-04:00,1.8600000143051147,2.0899999141693115,1.840000033378601,2.0199999809265137,37600,0.0,0.0
2024-07-10 00:00:00-04:00,1.9299999475479126,2.0999999046325684,1.8600000143051147,1.8799999952316284,40600,0.0,0.0
2024-07-11 00:00:00-04:00,1.9199999570846558,1.9600000381469727,1.8899999856948853,1.8899999856948853,14600,0.0,0.0
2024-07-12 00:00:00-04:00,1.899999976158142,2.1700000762939453,1.8799999952316284,2.119999885559082,83600,0.0,0.0
2024-07-15 00:00:00-04:00,2.119999885559082,2.1500000953674316,1.9800000190734863,2.049999952316284,42000,0.0,0.0
2024-07-16 00:00:00-04:00,2.109999895095825,2.109999895095825,1.9600000381469727,2.0399999618530273,25500,0.0,0.0
2024-07-17 00:00:00-04:00,2.049999952316284,2.069999933242798,1.9700000286102295,2.0199999809265137,32200,0.0,0.0
2024-07-18 00:00:00-04:00,2.049999952316284,2.049999952316284,1.9700000286102295,2.0,16500,0.0,0.0
2024-07-19 00:00:00-04:00,1.9600000381469727,2.0,1.9600000381469727,1.9800000190734863,26000,0.0,0.0
