Date,Open,High,Low,Close,Volume,Dividends,Stock Splits,Capital Gains
2021-08-26 00:00:00-04:00,26.860000610351562,26.860000610351562,26.75,26.75,1600,0.0,0.0,0.0
2021-08-27 00:00:00-04:00,26.860000610351562,26.860000610351562,26.844999313354492,26.844999313354492,400,0.0,0.0,0.0
2021-08-30 00:00:00-04:00,26.8700008392334,26.90999984741211,26.834999084472656,26.884000778198242,5300,0.0,0.0,0.0
2021-08-31 00:00:00-04:00,26.8700008392334,26.8799991607666,26.864999771118164,26.8700008392334,1900,0.0,0.0,0.0
2021-09-01 00:00:00-04:00,26.93000030517578,26.93000030517578,26.847999572753906,26.889999389648438,2500,0.0,0.0,0.0
2021-09-02 00:00:00-04:00,26.898000717163086,26.899999618530273,26.8700008392334,26.87299919128418,3400,0.0,0.0,0.0
2021-09-03 00:00:00-04:00,26.90999984741211,26.90999984741211,26.885000228881836,26.885000228881836,1500,0.0,0.0,0.0
2021-09-07 00:00:00-04:00,26.959999084472656,26.959999084472656,26.888999938964844,26.889999389648438,800,0.0,0.0,0.0
2021-09-08 00:00:00-04:00,26.799999237060547,26.875,26.799999237060547,26.875,500,0.0,0.0,0.0
2021-09-09 00:00:00-04:00,26.90999984741211,26.90999984741211,26.864999771118164,26.864999771118164,4800,0.0,0.0,0.0
2021-09-10 00:00:00-04:00,26.834999084472656,26.8799991607666,26.781999588012695,26.781999588012695,800,0.0,0.0,0.0
2021-09-13 00:00:00-04:00,26.829999923706055,26.850000381469727,26.78499984741211,26.832000732421875,900,0.0,0.0,0.0
2021-09-14 00:00:00-04:00,26.84000015258789,26.84000015258789,26.790000915527344,26.790000915527344,700,0.0,0.0,0.0
2021-09-15 00:00:00-04:00,26.850000381469727,26.979999542236328,26.850000381469727,26.910999298095703,9000,0.0,0.0,0.0
2021-09-16 00:00:00-04:00,26.8799991607666,26.8799991607666,26.844999313354492,26.8799991607666,2500,0.0,0.0,0.0
2021-09-17 00:00:00-04:00,26.799999237060547,26.809999465942383,26.784000396728516,26.784000396728516,700,0.0,0.0,0.0
2021-09-20 00:00:00-04:00,26.780000686645508,26.780000686645508,26.290000915527344,26.37700080871582,8000,0.0,0.0,0.0
2021-09-21 00:00:00-04:00,26.48900032043457,26.48900032043457,26.37299919128418,26.37299919128418,1800,0.0,0.0,0.0
2021-09-22 00:00:00-04:00,26.440000534057617,26.459999084472656,26.440000534057617,26.45199966430664,400,0.0,0.0,0.0
2021-09-23 00:00:00-04:00,26.559999465942383,26.719999313354492,26.540000915527344,26.6299991607666,49900,0.0,0.0,0.0
2021-09-24 00:00:00-04:00,26.600000381469727,26.639999389648438,26.600000381469727,26.610000610351562,2500,0.0,0.0,0.0
2021-09-27 00:00:00-04:00,26.65999984741211,26.65999984741211,26.59000015258789,26.608999252319336,2100,0.0,0.0,0.0
2021-09-28 00:00:00-04:00,26.530000686645508,26.530000686645508,26.329999923706055,26.344999313354492,13500,0.0,0.0,0.0
2021-09-29 00:00:00-04:00,26.440000534057617,26.450000762939453,26.350000381469727,26.3799991607666,8300,0.0,0.0,0.0
2021-09-30 00:00:00-04:00,26.459999084472656,26.459999084472656,26.219999313354492,26.23900032043457,13500,0.0,0.0,0.0
2021-10-01 00:00:00-04:00,26.219999313354492,26.3799991607666,26.1299991607666,26.3439998626709,18200,0.0,0.0,0.0
2021-10-04 00:00:00-04:00,26.34000015258789,26.3700008392334,26.030000686645508,26.10099983215332,5100,0.0,0.0,0.0
2021-10-05 00:00:00-04:00,26.229999542236328,26.368999481201172,26.150999069213867,26.280000686645508,8400,0.0,0.0,0.0
2021-10-06 00:00:00-04:00,26.059999465942383,26.312999725341797,26.059999465942383,26.312999725341797,4300,0.0,0.0,0.0
2021-10-07 00:00:00-04:00,26.549999237060547,26.59000015258789,26.461999893188477,26.461999893188477,18100,0.0,0.0,0.0
2021-10-08 00:00:00-04:00,26.56999969482422,26.575000762939453,26.451000213623047,26.451000213623047,12900,0.0,0.0,0.0
2021-10-11 00:00:00-04:00,26.530000686645508,26.56999969482422,26.299999237060547,26.299999237060547,26600,0.0,0.0,0.0
2021-10-12 00:00:00-04:00,26.3700008392334,26.3799991607666,26.219999313354492,26.243999481201172,15600,0.0,0.0,0.0
2021-10-13 00:00:00-04:00,26.25,26.34000015258789,26.15999984741211,26.30299949645996,14100,0.0,0.0,0.0
2021-10-14 00:00:00-04:00,26.600000381469727,26.739999771118164,26.479999542236328,26.697999954223633,8500,0.0,0.0,0.0
2021-10-15 00:00:00-04:00,26.75,26.959999084472656,26.742000579833984,26.849000930786133,16800,0.0,0.0,0.0
2021-10-18 00:00:00-04:00,26.81999969482422,26.81999969482422,26.56999969482422,26.690000534057617,14300,0.0,0.0,0.0
2021-10-19 00:00:00-04:00,26.75,26.780000686645508,26.67099952697754,26.735000610351562,3100,0.0,0.0,0.0
2021-10-20 00:00:00-04:00,26.899999618530273,26.920000076293945,26.7549991607666,26.774999618530273,10800,0.0,0.0,0.0
2021-10-21 00:00:00-04:00,26.799999237060547,26.799999237060547,26.75,26.777000427246094,2900,0.0,0.0,0.0
2021-10-22 00:00:00-04:00,26.860000610351562,26.860000610351562,26.731000900268555,26.770000457763672,2600,0.0,0.0,0.0
2021-10-25 00:00:00-04:00,26.790000915527344,26.860000610351562,26.719999313354492,26.795000076293945,11100,0.0,0.0,0.0
2021-10-26 00:00:00-04:00,26.8799991607666,26.8799991607666,26.760000228881836,26.834999084472656,5000,0.0,0.0,0.0
2021-10-27 00:00:00-04:00,26.860000610351562,26.860000610351562,26.77899932861328,26.77899932861328,3300,0.0,0.0,0.0
2021-10-28 00:00:00-04:00,26.809999465942383,26.8700008392334,26.809999465942383,26.81999969482422,8900,0.0,0.0,0.0
2021-10-29 00:00:00-04:00,26.860000610351562,26.8700008392334,26.84000015258789,26.84000015258789,4500,0.0,0.0,0.0
2021-11-01 00:00:00-04:00,27.0,27.0,26.770000457763672,26.8700008392334,15200,0.0,0.0,0.0
2021-11-02 00:00:00-04:00,26.909000396728516,26.920000076293945,26.899999618530273,26.90999984741211,10800,0.0,0.0,0.0
2021-11-03 00:00:00-04:00,26.850000381469727,26.940000534057617,26.850000381469727,26.940000534057617,4900,0.0,0.0,0.0
2021-11-04 00:00:00-04:00,27.0,27.0,26.899999618530273,26.92300033569336,13800,0.0,0.0,0.0
2021-11-05 00:00:00-04:00,27.0,27.0,26.899999618530273,26.950000762939453,11100,0.0,0.0,0.0
2021-11-08 00:00:00-05:00,26.969999313354492,26.969999313354492,26.889999389648438,26.93000030517578,11300,0.0,0.0,0.0
2021-11-09 00:00:00-05:00,27.0,27.0,26.889999389648438,26.927000045776367,4200,0.0,0.0,0.0
2021-11-10 00:00:00-05:00,26.969999313354492,27.049999237060547,26.920000076293945,26.924999237060547,5200,0.0,0.0,0.0
2021-11-11 00:00:00-05:00,27.0,27.0,26.899999618530273,26.93000030517578,5300,0.0,0.0,0.0
2021-11-12 00:00:00-05:00,27.0,27.0,26.934999465942383,26.940000534057617,14300,0.0,0.0,0.0
2021-11-15 00:00:00-05:00,26.979999542236328,26.979999542236328,26.93000030517578,26.94700050354004,5600,0.0,0.0,0.0
2021-11-16 00:00:00-05:00,26.899999618530273,26.979999542236328,26.889999389648438,26.940000534057617,5400,0.0,0.0,0.0
2021-11-17 00:00:00-05:00,27.0,27.0,26.940000534057617,26.965999603271484,13200,0.0,0.0,0.0
2021-11-18 00:00:00-05:00,27.0,27.0,26.934999465942383,26.969999313354492,15400,0.0,0.0,0.0
2021-11-19 00:00:00-05:00,26.969999313354492,26.969999313354492,26.889999389648438,26.915000915527344,17300,0.0,0.0,0.0
2021-11-22 00:00:00-05:00,26.770000457763672,26.850000381469727,26.700000762939453,26.739999771118164,32100,0.0,0.0,0.0
2021-11-23 00:00:00-05:00,26.84000015258789,26.84000015258789,26.639999389648438,26.704999923706055,9900,0.0,0.0,0.0
2021-11-24 00:00:00-05:00,26.700000762939453,26.774999618530273,26.649999618530273,26.739999771118164,7000,0.0,0.0,0.0
2021-11-26 00:00:00-05:00,26.510000228881836,26.700000762939453,26.510000228881836,26.533000946044922,17400,0.0,0.0,0.0
2021-11-29 00:00:00-05:00,26.75,26.75,26.540000915527344,26.655000686645508,10800,0.0,0.0,0.0
2021-11-30 00:00:00-05:00,26.5,26.649999618530273,26.42099952697754,26.479999542236328,16700,0.0,0.0,0.0
2021-12-01 00:00:00-05:00,26.64900016784668,26.68000030517578,26.34000015258789,26.34000015258789,7400,0.0,0.0,0.0
2021-12-02 00:00:00-05:00,26.360000610351562,26.549999237060547,26.329999923706055,26.451000213623047,20100,0.0,0.0,0.0
2021-12-03 00:00:00-05:00,26.440000534057617,26.4689998626709,26.32900047302246,26.420000076293945,7700,0.0,0.0,0.0
2021-12-06 00:00:00-05:00,26.40999984741211,26.59000015258789,26.299999237060547,26.4950008392334,21400,0.0,0.0,0.0
2021-12-07 00:00:00-05:00,26.690000534057617,26.790000915527344,26.65999984741211,26.7189998626709,12900,0.0,0.0,0.0
2021-12-08 00:00:00-05:00,26.899999618530273,26.899999618530273,26.680999755859375,26.829999923706055,14300,0.0,0.0,0.0
2021-12-09 00:00:00-05:00,26.780000686645508,26.834999084472656,26.650999069213867,26.707000732421875,14500,0.0,0.0,0.0
2021-12-10 00:00:00-05:00,26.799999237060547,26.850000381469727,26.75,26.81800079345703,11700,0.0,0.0,0.0
2021-12-13 00:00:00-05:00,26.858999252319336,26.860000610351562,26.719999313354492,26.719999313354492,4300,0.0,0.0,0.0
2021-12-14 00:00:00-05:00,26.739999771118164,26.739999771118164,26.489999771118164,26.565000534057617,8300,0.0,0.0,0.0
2021-12-15 00:00:00-05:00,27.020000457763672,27.020000457763672,26.389999389648438,26.860000610351562,18300,0.0,0.0,0.0
2021-12-16 00:00:00-05:00,26.950000762939453,26.975000381469727,26.700000762939453,26.76799964904785,9900,0.0,0.0,0.0
2021-12-17 00:00:00-05:00,26.549999237060547,26.739999771118164,26.5,26.584999084472656,25500,0.0,0.0,0.0
2021-12-20 00:00:00-05:00,26.454999923706055,26.520000457763672,26.399999618530273,26.469999313354492,6500,0.0,0.0,0.0
2021-12-21 00:00:00-05:00,26.68000030517578,26.68000030517578,26.5049991607666,26.614999771118164,16000,0.0,0.0,0.0
2021-12-22 00:00:00-05:00,26.65999984741211,26.729999542236328,26.559999465942383,26.697999954223633,13500,0.0,0.0,0.0
2021-12-23 00:00:00-05:00,26.75,26.82900047302246,26.75,26.823999404907227,7900,0.0,0.0,0.0
2021-12-27 00:00:00-05:00,26.84000015258789,26.889999389648438,26.839000701904297,26.8799991607666,12700,0.0,0.0,0.0
2021-12-28 00:00:00-05:00,26.8700008392334,26.889999389648438,26.864999771118164,26.8799991607666,13600,0.0,0.0,0.0
2021-12-29 00:00:00-05:00,26.8799991607666,26.90999984741211,26.8799991607666,26.90999984741211,24000,0.0,0.0,0.0
2021-12-30 00:00:00-05:00,26.90999984741211,26.90999984741211,26.660999298095703,26.68000030517578,20900,0.0,0.0,0.0
2021-12-31 00:00:00-05:00,26.719999313354492,26.719999313354492,26.639999389648438,26.674999237060547,7900,0.0,0.0,0.0
2022-01-03 00:00:00-05:00,26.709999084472656,26.719999313354492,26.690000534057617,26.719999313354492,13000,0.0,0.0,0.0
2022-01-04 00:00:00-05:00,26.75,26.75,26.68000030517578,26.709999084472656,9000,0.0,0.0,0.0
2022-01-05 00:00:00-05:00,26.72800064086914,26.739999771118164,26.540000915527344,26.540000915527344,9300,0.0,0.0,0.0
2022-01-06 00:00:00-05:00,26.6299991607666,26.639999389648438,26.530000686645508,26.56399917602539,9100,0.0,0.0,0.0
2022-01-07 00:00:00-05:00,26.520000457763672,26.6299991607666,26.5,26.59000015258789,15500,0.0,0.0,0.0
2022-01-10 00:00:00-05:00,26.6200008392334,26.6200008392334,26.360000610351562,26.538999557495117,17300,0.0,0.0,0.0
2022-01-11 00:00:00-05:00,26.479999542236328,26.68000030517578,26.420000076293945,26.67300033569336,14600,0.0,0.0,0.0
2022-01-12 00:00:00-05:00,26.709999084472656,26.75,26.610000610351562,26.709999084472656,34800,0.0,0.0,0.0
2022-01-13 00:00:00-05:00,26.790000915527344,26.790000915527344,26.549999237060547,26.579999923706055,41100,0.0,0.0,0.0
2022-01-14 00:00:00-05:00,26.579999923706055,26.610000610351562,26.479999542236328,26.56800079345703,24300,0.0,0.0,0.0
2022-01-18 00:00:00-05:00,26.5,26.520000457763672,26.299999237060547,26.350000381469727,56100,0.0,0.0,0.0
2022-01-19 00:00:00-05:00,26.489999771118164,26.489999771118164,26.118999481201172,26.118999481201172,20800,0.0,0.0,0.0
2022-01-20 00:00:00-05:00,26.25,26.415000915527344,25.760000228881836,25.760000228881836,16600,0.0,0.0,0.0
2022-01-21 00:00:00-05:00,25.760000228881836,25.760000228881836,25.440000534057617,25.604999542236328,23200,0.0,0.0,0.0
2022-01-24 00:00:00-05:00,25.280000686645508,25.35099983215332,25.100000381469727,25.35099983215332,18900,0.0,0.0,0.0
2022-01-25 00:00:00-05:00,25.329999923706055,25.3799991607666,25.139999389648438,25.29400062561035,26900,0.0,0.0,0.0
2022-01-26 00:00:00-05:00,25.378999710083008,25.440000534057617,25.229999542236328,25.249000549316406,6700,0.0,0.0,0.0
2022-01-27 00:00:00-05:00,25.31599998474121,25.420000076293945,25.180999755859375,25.229999542236328,36000,0.0,0.0,0.0
2022-01-28 00:00:00-05:00,25.219999313354492,25.450000762939453,25.155000686645508,25.440000534057617,11300,0.0,0.0,0.0
2022-01-31 00:00:00-05:00,25.423999786376953,25.549999237060547,25.399999618530273,25.549999237060547,17000,0.0,0.0,0.0
2022-02-01 00:00:00-05:00,25.649999618530273,25.649999618530273,25.514999389648438,25.649999618530273,22700,0.0,0.0,0.0
2022-02-02 00:00:00-05:00,25.700000762939453,25.709999084472656,25.559999465942383,25.704999923706055,11900,0.0,0.0,0.0
2022-02-03 00:00:00-05:00,25.649999618530273,25.81999969482422,25.489999771118164,25.540000915527344,21500,0.0,0.0,0.0
2022-02-04 00:00:00-05:00,25.520000457763672,25.649999618530273,25.5,25.572999954223633,9700,0.0,0.0,0.0
2022-02-07 00:00:00-05:00,25.6299991607666,25.6299991607666,25.524999618530273,25.524999618530273,8600,0.0,0.0,0.0
2022-02-08 00:00:00-05:00,25.559999465942383,25.65999984741211,25.559999465942383,25.6200008392334,10400,0.0,0.0,0.0
2022-02-09 00:00:00-05:00,25.790000915527344,25.790000915527344,25.610000610351562,25.739999771118164,15100,0.0,0.0,0.0
2022-02-10 00:00:00-05:00,25.649999618530273,25.75,25.579999923706055,25.6200008392334,19700,0.0,0.0,0.0
2022-02-11 00:00:00-05:00,25.6200008392334,25.6200008392334,25.360000610351562,25.43000030517578,37500,0.0,0.0,0.0
2022-02-14 00:00:00-05:00,25.309999465942383,25.43000030517578,25.25,25.322999954223633,38700,0.0,0.0,0.0
2022-02-15 00:00:00-05:00,25.538999557495117,25.610000610351562,25.475000381469727,25.558000564575195,12900,0.0,0.0,0.0
2022-02-16 00:00:00-05:00,25.579999923706055,25.690000534057617,25.475000381469727,25.690000534057617,20300,0.0,0.0,0.0
2022-02-17 00:00:00-05:00,25.56999969482422,25.56999969482422,25.25,25.26300048828125,10700,0.0,0.0,0.0
2022-02-18 00:00:00-05:00,25.350000381469727,25.350000381469727,25.0,25.09000015258789,60100,0.0,0.0,0.0
2022-02-22 00:00:00-05:00,24.899999618530273,24.899999618530273,24.68000030517578,24.743000030517578,57000,0.0,0.0,0.0
2022-02-23 00:00:00-05:00,24.84000015258789,24.84000015258789,24.559999465942383,24.58099937438965,14300,0.0,0.0,0.0
2022-02-24 00:00:00-05:00,24.260000228881836,24.69300079345703,24.25,24.69300079345703,27200,0.0,0.0,0.0
2022-02-25 00:00:00-05:00,24.798999786376953,24.8700008392334,24.760000228881836,24.856000900268555,10400,0.0,0.0,0.0
2022-02-28 00:00:00-05:00,24.770000457763672,24.8799991607666,24.719999313354492,24.792999267578125,17400,0.0,0.0,0.0
2022-03-01 00:00:00-05:00,24.799999237060547,24.8700008392334,24.709999084472656,24.726999282836914,14500,0.0,0.0,0.0
2022-03-02 00:00:00-05:00,24.829999923706055,24.929000854492188,24.68000030517578,24.90999984741211,6300,0.0,0.0,0.0
2022-03-03 00:00:00-05:00,25.059999465942383,25.059999465942383,24.829999923706055,24.850000381469727,9500,0.0,0.0,0.0
2022-03-04 00:00:00-05:00,24.84000015258789,24.84000015258789,24.670000076293945,24.76799964904785,12800,0.0,0.0,0.0
2022-03-07 00:00:00-05:00,24.81999969482422,24.829999923706055,24.5,24.54400062561035,14400,0.0,0.0,0.0
2022-03-08 00:00:00-05:00,24.510000228881836,24.68000030517578,24.420000076293945,24.434999465942383,28100,0.0,0.0,0.0
2022-03-09 00:00:00-05:00,24.719999313354492,24.729999542236328,24.56999969482422,24.672000885009766,13500,0.0,0.0,0.0
2022-03-10 00:00:00-05:00,24.479999542236328,24.62299919128418,24.479999542236328,24.62299919128418,2600,0.0,0.0,0.0
2022-03-11 00:00:00-05:00,24.729999542236328,24.729999542236328,24.479999542236328,24.479999542236328,7300,0.0,0.0,0.0
2022-03-14 00:00:00-04:00,24.639999389648438,24.639999389648438,24.333999633789062,24.333999633789062,11300,0.0,0.0,0.0
2022-03-15 00:00:00-04:00,24.329999923706055,24.610000610351562,24.329999923706055,24.590999603271484,18700,0.0,0.0,0.0
2022-03-16 00:00:00-04:00,24.770000457763672,24.916000366210938,24.600000381469727,24.916000366210938,7400,0.0,0.0,0.0
2022-03-17 00:00:00-04:00,24.829999923706055,25.110000610351562,24.829999923706055,25.106000900268555,4700,0.0,0.0,0.0
2022-03-18 00:00:00-04:00,25.110000610351562,25.434999465942383,25.110000610351562,25.40999984741211,7300,0.0,0.0,0.0
2022-03-21 00:00:00-04:00,25.280000686645508,25.280000686645508,25.010000228881836,25.073999404907227,14300,0.0,0.0,0.0
2022-03-22 00:00:00-04:00,25.125,25.170000076293945,25.09000015258789,25.142000198364258,3100,0.0,0.0,0.0
2022-03-23 00:00:00-04:00,25.100000381469727,25.18000030517578,25.100000381469727,25.1200008392334,18700,0.0,0.0,0.0
2022-03-24 00:00:00-04:00,25.25,25.25,25.09000015258789,25.200000762939453,4200,0.0,0.0,0.0
2022-03-25 00:00:00-04:00,25.239999771118164,25.25,25.19499969482422,25.235000610351562,4300,0.0,0.0,0.0
2022-03-28 00:00:00-04:00,25.190000534057617,25.260000228881836,25.1299991607666,25.23699951171875,19500,0.0,0.0,0.0
2022-03-29 00:00:00-04:00,25.239999771118164,25.309999465942383,25.209999084472656,25.274999618530273,11600,0.0,0.0,0.0
2022-03-30 00:00:00-04:00,25.299999237060547,25.350000381469727,25.292999267578125,25.305999755859375,3400,0.0,0.0,0.0
2022-03-31 00:00:00-04:00,25.329999923706055,25.329999923706055,25.260000228881836,25.261999130249023,3100,0.0,0.0,0.0
2022-04-01 00:00:00-04:00,25.31999969482422,25.31999969482422,25.25,25.280000686645508,7200,0.0,0.0,0.0
2022-04-04 00:00:00-04:00,25.315000534057617,25.358999252319336,25.299999237060547,25.344999313354492,21800,0.0,0.0,0.0
2022-04-05 00:00:00-04:00,25.358999252319336,25.358999252319336,25.231000900268555,25.299999237060547,10400,0.0,0.0,0.0
2022-04-06 00:00:00-04:00,25.3799991607666,25.3799991607666,25.18000030517578,25.224000930786133,12100,0.0,0.0,0.0
2022-04-07 00:00:00-04:00,25.242000579833984,25.309999465942383,25.21500015258789,25.309999465942383,3300,0.0,0.0,0.0
2022-04-08 00:00:00-04:00,25.288999557495117,25.350000381469727,25.288999557495117,25.309999465942383,22700,0.0,0.0,0.0
2022-04-11 00:00:00-04:00,25.469999313354492,25.469999313354492,25.18000030517578,25.18000030517578,11800,0.0,0.0,0.0
2022-04-12 00:00:00-04:00,25.30900001525879,25.309999465942383,25.110000610351562,25.145999908447266,20500,0.0,0.0,0.0
2022-04-13 00:00:00-04:00,25.149999618530273,25.349000930786133,25.149999618530273,25.30500030517578,5300,0.0,0.0,0.0
2022-04-14 00:00:00-04:00,25.270000457763672,25.270000457763672,25.049999237060547,25.049999237060547,11900,0.0,0.0,0.0
2022-04-18 00:00:00-04:00,24.8799991607666,24.889999389648438,24.75,24.834999084472656,11100,0.0,0.0,0.0
2022-04-19 00:00:00-04:00,24.878999710083008,24.926000595092773,24.878999710083008,24.926000595092773,2000,0.0,0.0,0.0
2022-04-20 00:00:00-04:00,24.93000030517578,24.989999771118164,24.93000030517578,24.961999893188477,1500,0.0,0.0,0.0
2022-04-21 00:00:00-04:00,24.924999237060547,25.018999099731445,24.827999114990234,24.840999603271484,3900,0.0,0.0,0.0
2022-04-22 00:00:00-04:00,24.950000762939453,24.950000762939453,24.665000915527344,24.68000030517578,7400,0.0,0.0,0.0
2022-04-25 00:00:00-04:00,24.68000030517578,24.68000030517578,24.510000228881836,24.639999389648438,11700,0.0,0.0,0.0
2022-04-26 00:00:00-04:00,24.549999237060547,24.65999984741211,24.43000030517578,24.448999404907227,27800,0.0,0.0,0.0
2022-04-27 00:00:00-04:00,24.450000762939453,24.670000076293945,24.389999389648438,24.389999389648438,21000,0.0,0.0,0.0
2022-04-28 00:00:00-04:00,24.549999237060547,24.700000762939453,24.499000549316406,24.670000076293945,9500,0.0,0.0,0.0
2022-04-29 00:00:00-04:00,24.610000610351562,24.610000610351562,24.31999969482422,24.341999053955078,4200,0.0,0.0,0.0
2022-05-02 00:00:00-04:00,24.389999389648438,24.389999389648438,24.18000030517578,24.288000106811523,18900,0.0,0.0,0.0
2022-05-03 00:00:00-04:00,24.361000061035156,24.40999984741211,24.290000915527344,24.351999282836914,6000,0.0,0.0,0.0
2022-05-04 00:00:00-04:00,24.420000076293945,24.615999221801758,24.25,24.615999221801758,30900,0.0,0.0,0.0
2022-05-05 00:00:00-04:00,24.6200008392334,24.6200008392334,24.260000228881836,24.320999145507812,25700,0.0,0.0,0.0
2022-05-06 00:00:00-04:00,24.31999969482422,24.31999969482422,24.18000030517578,24.232999801635742,7800,0.0,0.0,0.0
2022-05-09 00:00:00-04:00,24.1200008392334,24.13800048828125,24.030000686645508,24.07699966430664,13400,0.0,0.0,0.0
2022-05-10 00:00:00-04:00,24.079999923706055,24.079999923706055,24.0,24.049999237060547,8400,0.0,0.0,0.0
2022-05-11 00:00:00-04:00,23.989999771118164,24.110000610351562,23.989999771118164,24.024999618530273,5600,0.0,0.0,0.0
2022-05-12 00:00:00-04:00,23.940000534057617,24.058000564575195,23.940000534057617,24.010000228881836,5500,0.0,0.0,0.0
2022-05-13 00:00:00-04:00,23.959999084472656,24.05900001525879,23.940000534057617,24.006000518798828,7400,0.0,0.0,0.0
2022-05-16 00:00:00-04:00,23.93000030517578,24.027999877929688,23.93000030517578,23.979999542236328,8400,0.0,0.0,0.0
2022-05-17 00:00:00-04:00,24.049999237060547,24.049999237060547,23.950000762939453,24.02899932861328,8100,0.0,0.0,0.0
2022-05-18 00:00:00-04:00,23.93000030517578,24.030000686645508,23.93000030517578,23.985000610351562,9100,0.0,0.0,0.0
2022-05-19 00:00:00-04:00,24.020000457763672,24.079999923706055,23.93000030517578,23.979999542236328,3600,0.0,0.0,0.0
2022-05-20 00:00:00-04:00,23.979999542236328,23.979999542236328,23.459999084472656,23.562000274658203,13900,0.0,0.0,0.0
2022-05-23 00:00:00-04:00,23.420000076293945,23.469999313354492,23.309999465942383,23.389999389648438,13000,0.0,0.0,0.0
2022-05-24 00:00:00-04:00,23.290000915527344,23.399999618530273,23.239999771118164,23.360000610351562,16100,0.0,0.0,0.0
2022-05-25 00:00:00-04:00,23.399999618530273,23.489999771118164,23.34000015258789,23.489999771118164,8200,0.0,0.0,0.0
2022-05-26 00:00:00-04:00,23.5,23.548999786376953,23.46500015258789,23.540000915527344,9800,0.0,0.0,0.0
2022-05-27 00:00:00-04:00,23.549999237060547,23.638999938964844,23.520999908447266,23.600000381469727,39300,0.0,0.0,0.0
2022-05-31 00:00:00-04:00,23.579999923706055,23.639999389648438,23.549999237060547,23.63599967956543,10200,0.0,0.0,0.0
2022-06-01 00:00:00-04:00,23.700000762939453,23.700000762939453,23.56999969482422,23.606000900268555,17900,0.0,0.0,0.0
2022-06-02 00:00:00-04:00,23.56999969482422,23.670000076293945,23.559999465942383,23.652000427246094,9400,0.0,0.0,0.0
2022-06-03 00:00:00-04:00,23.68000030517578,23.68000030517578,23.610000610351562,23.64699935913086,17400,0.0,0.0,0.0
2022-06-06 00:00:00-04:00,23.709999084472656,23.729999542236328,23.610000610351562,23.729999542236328,10900,0.0,0.0,0.0
2022-06-07 00:00:00-04:00,23.6299991607666,23.700000762939453,23.600000381469727,23.68000030517578,12800,0.0,0.0,0.0
2022-06-08 00:00:00-04:00,23.59000015258789,23.709999084472656,23.59000015258789,23.700000762939453,11500,0.0,0.0,0.0
2022-06-09 00:00:00-04:00,23.649999618530273,23.700000762939453,23.590999603271484,23.590999603271484,3300,0.0,0.0,0.0
2022-06-10 00:00:00-04:00,23.510000228881836,23.530000686645508,23.420000076293945,23.44499969482422,4900,0.0,0.0,0.0
2022-06-13 00:00:00-04:00,23.280000686645508,23.280000686645508,22.989999771118164,23.0,19700,0.0,0.0,0.0
2022-06-14 00:00:00-04:00,23.1299991607666,23.1299991607666,22.8700008392334,22.952999114990234,12700,0.0,0.0,0.0
2022-06-15 00:00:00-04:00,23.159000396728516,23.344999313354492,22.950000762939453,23.18000030517578,7100,0.0,0.0,0.0
2022-06-16 00:00:00-04:00,22.81999969482422,22.81999969482422,22.600000381469727,22.61400032043457,11100,0.0,0.0,0.0
2022-06-17 00:00:00-04:00,22.639999389648438,22.75,22.399999618530273,22.57900047302246,9400,0.0,0.0,0.0
2022-06-21 00:00:00-04:00,22.559999465942383,22.559999465942383,22.389999389648438,22.52400016784668,11300,0.0,0.0,0.0
2022-06-22 00:00:00-04:00,22.5,22.540000915527344,22.43000030517578,22.489999771118164,3200,0.0,0.0,0.0
2022-06-23 00:00:00-04:00,22.43000030517578,22.56999969482422,22.43000030517578,22.531999588012695,5800,0.0,0.0,0.0
2022-06-24 00:00:00-04:00,22.5,22.65999984741211,22.5,22.635000228881836,6400,0.0,0.0,0.0
2022-06-27 00:00:00-04:00,22.68000030517578,22.700000762939453,22.639999389648438,22.670000076293945,3700,0.0,0.0,0.0
2022-06-28 00:00:00-04:00,22.719999313354492,22.719999313354492,22.559999465942383,22.559999465942383,3300,0.0,0.0,0.0
2022-06-29 00:00:00-04:00,22.530000686645508,22.639999389648438,22.510000228881836,22.618999481201172,5000,0.0,0.0,0.0
2022-06-30 00:00:00-04:00,22.530000686645508,22.56999969482422,22.459999084472656,22.545000076293945,4900,0.0,0.0,0.0
2022-07-01 00:00:00-04:00,22.600000381469727,22.639999389648438,22.540000915527344,22.594999313354492,15500,0.0,0.0,0.0
2022-07-05 00:00:00-04:00,22.6299991607666,22.65999984741211,22.459999084472656,22.6299991607666,5200,0.0,0.0,0.0
2022-07-06 00:00:00-04:00,22.770000457763672,22.770000457763672,22.579999923706055,22.649999618530273,7900,0.0,0.0,0.0
2022-07-07 00:00:00-04:00,22.739999771118164,22.75,22.610000610351562,22.69700050354004,7000,0.0,0.0,0.0
2022-07-08 00:00:00-04:00,22.770000457763672,22.770000457763672,22.6299991607666,22.76300048828125,9200,0.0,0.0,0.0
2022-07-11 00:00:00-04:00,22.780000686645508,22.780000686645508,22.700000762939453,22.700000762939453,4400,0.0,0.0,0.0
2022-07-12 00:00:00-04:00,22.729999542236328,22.760000228881836,22.700000762939453,22.726999282836914,7600,0.0,0.0,0.0
2022-07-13 00:00:00-04:00,22.719999313354492,22.770000457763672,22.719999313354492,22.760000228881836,8400,0.0,0.0,0.0
2022-07-14 00:00:00-04:00,22.649999618530273,22.770000457763672,22.639999389648438,22.735000610351562,5000,0.0,0.0,0.0
2022-07-15 00:00:00-04:00,22.700000762939453,22.8700008392334,22.625999450683594,22.8700008392334,3500,0.0,0.0,0.0
2022-07-18 00:00:00-04:00,22.68000030517578,22.68000030517578,22.5,22.538000106811523,12900,0.0,0.0,0.0
2022-07-19 00:00:00-04:00,22.6299991607666,22.709999084472656,22.58099937438965,22.709999084472656,8400,0.0,0.0,0.0
2022-07-20 00:00:00-04:00,22.729000091552734,22.739999771118164,22.649999618530273,22.729999542236328,7100,0.0,0.0,0.0
2022-07-21 00:00:00-04:00,22.739999771118164,22.770000457763672,22.690000534057617,22.73900032043457,3900,0.0,0.0,0.0
2022-07-22 00:00:00-04:00,22.799999237060547,22.809999465942383,22.729999542236328,22.809999465942383,6000,0.0,0.0,0.0
2022-07-25 00:00:00-04:00,22.790000915527344,22.790000915527344,22.68000030517578,22.735000610351562,4100,0.0,0.0,0.0
2022-07-26 00:00:00-04:00,22.760000228881836,22.760000228881836,22.639999389648438,22.67099952697754,7800,0.0,0.0,0.0
2022-07-27 00:00:00-04:00,22.770000457763672,22.78499984741211,22.68000030517578,22.78499984741211,3700,0.0,0.0,0.0
2022-07-28 00:00:00-04:00,22.860000610351562,22.878999710083008,22.760000228881836,22.829999923706055,3700,0.0,0.0,0.0
2022-07-29 00:00:00-04:00,22.799999237060547,22.90999984741211,22.799999237060547,22.885000228881836,6700,0.0,0.0,0.0
2022-08-01 00:00:00-04:00,22.920000076293945,22.920000076293945,22.8799991607666,22.899999618530273,1700,0.0,0.0,0.0
2022-08-02 00:00:00-04:00,22.93000030517578,22.93000030517578,22.860000610351562,22.8799991607666,3800,0.0,0.0,0.0
2022-08-03 00:00:00-04:00,22.850000381469727,23.110000610351562,22.850000381469727,22.895000457763672,9300,0.0,0.0,0.0
2022-08-04 00:00:00-04:00,22.895999908447266,22.940000534057617,22.895999908447266,22.924999237060547,1400,0.0,0.0,0.0
2022-08-05 00:00:00-04:00,22.93000030517578,22.940000534057617,22.860000610351562,22.924999237060547,6000,0.0,0.0,0.0
2022-08-08 00:00:00-04:00,22.950000762939453,22.959999084472656,22.860000610351562,22.926000595092773,7700,0.0,0.0,0.0
2022-08-09 00:00:00-04:00,22.950000762939453,22.950000762939453,22.920000076293945,22.924999237060547,3800,0.0,0.0,0.0
2022-08-10 00:00:00-04:00,22.950000762939453,22.979999542236328,22.950000762939453,22.969999313354492,27600,0.0,0.0,0.0
2022-08-11 00:00:00-04:00,23.040000915527344,23.040000915527344,22.951000213623047,22.979999542236328,58700,0.0,0.0,0.0
2022-08-12 00:00:00-04:00,22.96500015258789,22.989999771118164,22.93000030517578,22.96500015258789,34500,0.0,0.0,0.0
2022-08-15 00:00:00-04:00,23.0,23.010000228881836,22.920000076293945,22.969999313354492,66100,0.0,0.0,0.0
2022-08-16 00:00:00-04:00,22.969999313354492,22.969999313354492,22.959999084472656,22.959999084472656,6500,0.0,0.0,0.0
2022-08-17 00:00:00-04:00,22.989999771118164,22.989999771118164,22.959999084472656,22.959999084472656,19200,0.0,0.0,0.0
2022-08-18 00:00:00-04:00,22.989999771118164,22.989999771118164,22.93000030517578,22.951000213623047,13800,0.0,0.0,0.0
2022-08-19 00:00:00-04:00,22.93000030517578,22.969999313354492,22.799999237060547,22.799999237060547,3400,0.0,0.0,0.0
2022-08-22 00:00:00-04:00,22.540000915527344,22.540000915527344,22.31999969482422,22.31999969482422,24700,0.0,0.0,0.0
2022-08-23 00:00:00-04:00,22.329999923706055,22.405000686645508,22.229999542236328,22.364999771118164,23700,0.0,0.0,0.0
2022-08-24 00:00:00-04:00,22.31999969482422,22.40399932861328,22.31999969482422,22.381999969482422,7600,0.0,0.0,0.0
2022-08-25 00:00:00-04:00,22.40999984741211,22.5049991607666,22.40999984741211,22.5049991607666,4500,0.0,0.0,0.0
2022-08-26 00:00:00-04:00,22.459999084472656,22.479999542236328,22.2549991607666,22.2549991607666,5300,0.0,0.0,0.0
2022-08-29 00:00:00-04:00,22.209999084472656,22.209999084472656,22.079999923706055,22.190000534057617,17600,0.0,0.0,0.0
2022-08-30 00:00:00-04:00,22.229999542236328,22.229999542236328,22.020000457763672,22.020000457763672,3600,0.0,0.0,0.0
2022-08-31 00:00:00-04:00,22.020000457763672,22.099000930786133,22.0,22.0,16000,0.0,0.0,0.0
2022-09-01 00:00:00-04:00,21.989999771118164,21.989999771118164,21.8700008392334,21.920000076293945,5700,0.0,0.0,0.0
2022-09-02 00:00:00-04:00,21.940000534057617,22.04800033569336,21.882999420166016,21.882999420166016,10700,0.0,0.0,0.0
2022-09-06 00:00:00-04:00,21.940000534057617,21.940000534057617,21.809999465942383,21.844999313354492,8900,0.0,0.0,0.0
2022-09-07 00:00:00-04:00,21.780000686645508,21.929000854492188,21.780000686645508,21.929000854492188,5400,0.0,0.0,0.0
2022-09-08 00:00:00-04:00,21.850000381469727,21.954999923706055,21.850000381469727,21.954999923706055,1100,0.0,0.0,0.0
2022-09-09 00:00:00-04:00,22.0,22.139999389648438,22.0,22.11199951171875,8000,0.0,0.0,0.0
2022-09-12 00:00:00-04:00,22.25,22.270000457763672,22.190000534057617,22.259000778198242,5600,0.0,0.0,0.0
2022-09-13 00:00:00-04:00,22.0,22.0,21.858999252319336,21.858999252319336,2200,0.0,0.0,0.0
2022-09-14 00:00:00-04:00,21.950000762939453,21.950000762939453,21.790000915527344,21.790000915527344,4000,0.0,0.0,0.0
2022-09-15 00:00:00-04:00,21.75,21.780000686645508,21.75,21.75,2300,0.0,0.0,0.0
2022-09-16 00:00:00-04:00,21.75,21.75,21.610000610351562,21.66699981689453,8400,0.0,0.0,0.0
2022-09-19 00:00:00-04:00,21.469999313354492,21.47599983215332,21.34000015258789,21.47599983215332,5800,0.0,0.0,0.0
2022-09-20 00:00:00-04:00,21.3799991607666,21.450000762939453,21.3700008392334,21.413999557495117,3100,0.0,0.0,0.0
2022-09-21 00:00:00-04:00,21.420000076293945,21.450000762939453,21.325000762939453,21.325000762939453,9200,0.0,0.0,0.0
2022-09-22 00:00:00-04:00,21.280000686645508,21.3700008392334,21.229999542236328,21.298999786376953,7500,0.0,0.0,0.0
2022-09-23 00:00:00-04:00,21.31999969482422,21.31999969482422,21.1200008392334,21.19300079345703,24100,0.0,0.0,0.0
2022-09-26 00:00:00-04:00,21.1200008392334,21.280000686645508,21.100000381469727,21.145000457763672,11400,0.0,0.0,0.0
2022-09-27 00:00:00-04:00,21.270000457763672,21.270000457763672,21.113000869750977,21.128000259399414,15700,0.0,0.0,0.0
2022-09-28 00:00:00-04:00,21.100000381469727,21.243999481201172,21.100000381469727,21.243999481201172,4900,0.0,0.0,0.0
2022-09-29 00:00:00-04:00,21.1299991607666,21.139999389648438,21.040000915527344,21.104999542236328,10300,0.0,0.0,0.0
2022-09-30 00:00:00-04:00,21.030000686645508,21.139999389648438,21.02400016784668,21.02400016784668,11700,0.0,0.0,0.0
2022-10-03 00:00:00-04:00,21.09000015258789,21.18000030517578,20.959999084472656,21.176000595092773,13200,0.0,0.0,0.0
2022-10-04 00:00:00-04:00,21.309999465942383,21.40999984741211,21.229999542236328,21.402999877929688,8200,0.0,0.0,0.0
2022-10-05 00:00:00-04:00,21.290000915527344,21.356000900268555,21.277000427246094,21.356000900268555,7700,0.0,0.0,0.0
2022-10-06 00:00:00-04:00,21.270000457763672,21.350000381469727,21.270000457763672,21.288999557495117,2100,0.0,0.0,0.0
2022-10-07 00:00:00-04:00,21.09000015258789,21.149999618530273,21.04800033569336,21.04800033569336,700,0.0,0.0,0.0
2022-10-10 00:00:00-04:00,21.1200008392334,21.1200008392334,20.920000076293945,20.966999053955078,3400,0.0,0.0,0.0
2022-10-11 00:00:00-04:00,20.913000106811523,21.030000686645508,20.913000106811523,20.93000030517578,6700,0.0,0.0,0.0
2022-10-12 00:00:00-04:00,20.8700008392334,20.954999923706055,20.8700008392334,20.920000076293945,1000,0.0,0.0,0.0
2022-10-13 00:00:00-04:00,20.84000015258789,21.076000213623047,20.700000762939453,21.076000213623047,3400,0.0,0.0,0.0
2022-10-14 00:00:00-04:00,21.18000030517578,21.18000030517578,20.801000595092773,20.801000595092773,14400,0.0,0.0,0.0
2022-10-17 00:00:00-04:00,20.90999984741211,21.049999237060547,20.90999984741211,21.016000747680664,2600,0.0,0.0,0.0
2022-10-18 00:00:00-04:00,21.270000457763672,21.270000457763672,21.100000381469727,21.1200008392334,3800,0.0,0.0,0.0
2022-10-19 00:00:00-04:00,21.1200008392334,21.1200008392334,20.959999084472656,20.996999740600586,2000,0.0,0.0,0.0
2022-10-20 00:00:00-04:00,20.989999771118164,21.139999389648438,20.799999237060547,20.833999633789062,700,0.0,0.0,0.0
2022-10-21 00:00:00-04:00,20.829999923706055,21.111000061035156,20.75,21.111000061035156,5100,0.0,0.0,0.0
2022-10-24 00:00:00-04:00,20.760000228881836,20.940000534057617,20.760000228881836,20.940000534057617,5200,0.0,0.0,0.0
2022-10-25 00:00:00-04:00,20.959999084472656,21.0049991607666,20.920000076293945,21.0049991607666,5100,0.0,0.0,0.0
2022-10-26 00:00:00-04:00,20.959999084472656,20.975000381469727,20.950000762939453,20.975000381469727,3000,0.0,0.0,0.0
2022-10-27 00:00:00-04:00,21.079999923706055,21.079999923706055,20.954999923706055,20.979999542236328,3700,0.0,0.0,0.0
2022-10-28 00:00:00-04:00,20.969999313354492,21.09000015258789,20.950000762939453,21.05500030517578,3700,0.0,0.0,0.0
2022-10-31 00:00:00-04:00,21.06999969482422,21.09000015258789,21.030000686645508,21.033000946044922,3400,0.0,0.0,0.0
2022-11-01 00:00:00-04:00,21.09000015258789,21.09000015258789,21.000999450683594,21.033000946044922,5600,0.0,0.0,0.0
2022-11-02 00:00:00-04:00,21.100000381469727,21.100000381469727,21.0049991607666,21.0049991607666,3500,0.0,0.0,0.0
2022-11-03 00:00:00-04:00,20.969999313354492,20.979999542236328,20.84000015258789,20.920000076293945,10100,0.0,0.0,0.0
2022-11-04 00:00:00-04:00,21.059999465942383,21.079999923706055,20.950000762939453,21.0049991607666,2800,0.0,0.0,0.0
2022-11-07 00:00:00-05:00,21.09000015258789,21.09000015258789,20.979999542236328,21.079999923706055,1700,0.0,0.0,0.0
2022-11-08 00:00:00-05:00,21.040000915527344,21.115999221801758,21.040000915527344,21.104999542236328,10900,0.0,0.0,0.0
2022-11-09 00:00:00-05:00,21.100000381469727,21.100000381469727,20.979999542236328,21.030000686645508,1200,0.0,0.0,0.0
2022-11-10 00:00:00-05:00,21.1299991607666,21.20199966430664,21.1299991607666,21.16900062561035,6100,0.0,0.0,0.0
2022-11-11 00:00:00-05:00,21.420000076293945,21.420000076293945,21.0,21.200000762939453,3200,0.0,0.0,0.0
2022-11-14 00:00:00-05:00,21.260000228881836,21.260000228881836,21.149999618530273,21.200000762939453,6600,0.0,0.0,0.0
2022-11-15 00:00:00-05:00,21.260000228881836,21.260000228881836,21.15999984741211,21.21299934387207,7600,0.0,0.0,0.0
2022-11-16 00:00:00-05:00,21.149999618530273,21.274999618530273,21.149999618530273,21.274999618530273,18400,0.0,0.0,0.0
2022-11-17 00:00:00-05:00,21.219999313354492,21.219999313354492,21.170000076293945,21.21500015258789,4500,0.0,0.0,0.0
2022-11-18 00:00:00-05:00,21.219999313354492,21.219999313354492,20.969999313354492,21.034000396728516,10100,0.0,0.0,0.0
2022-11-21 00:00:00-05:00,20.8799991607666,20.8799991607666,20.766000747680664,20.827999114990234,13800,0.0,0.0,0.0
2022-11-22 00:00:00-05:00,20.809999465942383,20.920000076293945,20.809999465942383,20.90999984741211,16200,0.0,0.0,0.0
2022-11-23 00:00:00-05:00,21.0,21.0,20.90999984741211,20.961999893188477,1100,0.0,0.0,0.0
2022-11-25 00:00:00-05:00,20.899999618530273,20.975000381469727,20.899999618530273,20.975000381469727,5300,0.0,0.0,0.0
2022-11-28 00:00:00-05:00,20.8799991607666,20.950000762939453,20.86400032043457,20.86400032043457,28500,0.0,0.0,0.0
2022-11-29 00:00:00-05:00,20.809999465942383,20.93000030517578,20.809999465942383,20.858999252319336,3500,0.0,0.0,0.0
2022-11-30 00:00:00-05:00,20.829999923706055,21.0,20.829999923706055,20.985000610351562,12300,0.0,0.0,0.0
2022-12-01 00:00:00-05:00,21.1200008392334,21.1200008392334,21.01099967956543,21.058000564575195,4400,0.0,0.0,0.0
2022-12-02 00:00:00-05:00,21.040000915527344,21.09000015258789,20.993999481201172,21.062999725341797,10500,0.0,0.0,0.0
2022-12-05 00:00:00-05:00,21.059999465942383,21.059999465942383,20.93000030517578,20.972999572753906,3500,0.0,0.0,0.0
2022-12-06 00:00:00-05:00,20.93000030517578,21.0,20.799999237060547,20.84600067138672,2600,0.0,0.0,0.0
2022-12-07 00:00:00-05:00,20.809999465942383,20.889999389648438,20.809999465942383,20.84600067138672,2200,0.0,0.0,0.0
2022-12-08 00:00:00-05:00,20.8700008392334,20.93000030517578,20.8700008392334,20.915000915527344,1400,0.0,0.0,0.0
2022-12-09 00:00:00-05:00,20.90999984741211,20.90999984741211,20.868000030517578,20.868000030517578,600,0.0,0.0,0.0
2022-12-12 00:00:00-05:00,20.8799991607666,20.937000274658203,20.829999923706055,20.937000274658203,1000,0.0,0.0,0.0
2022-12-13 00:00:00-05:00,21.110000610351562,21.110000610351562,21.049999237060547,21.06599998474121,2900,0.0,0.0,0.0
2022-12-14 00:00:00-05:00,21.149999618530273,21.170000076293945,21.035999298095703,21.1299991607666,56700,0.0,0.0,0.0
2022-12-15 00:00:00-05:00,21.139999389648438,21.139999389648438,20.825000762939453,20.87299919128418,1900,0.0,0.0,0.0
2022-12-16 00:00:00-05:00,20.799999237060547,20.799999237060547,20.579999923706055,20.590999603271484,3600,0.0,0.0,0.0
2022-12-19 00:00:00-05:00,20.459999084472656,20.6299991607666,20.459999084472656,20.520000457763672,5300,0.0,0.0,0.0
2022-12-20 00:00:00-05:00,20.59000015258789,20.59000015258789,20.5,20.55500030517578,2800,0.0,0.0,0.0
2022-12-21 00:00:00-05:00,20.549999237060547,20.645000457763672,20.545000076293945,20.6200008392334,2400,0.0,0.0,0.0
2022-12-22 00:00:00-05:00,20.59000015258789,20.59000015258789,20.5,20.545000076293945,6900,0.0,0.0,0.0
2022-12-23 00:00:00-05:00,20.530000686645508,20.614999771118164,20.530000686645508,20.614999771118164,1000,0.0,0.0,0.0
2022-12-27 00:00:00-05:00,20.65999984741211,20.65999984741211,20.559999465942383,20.584999084472656,5500,0.0,0.0,0.0
2022-12-28 00:00:00-05:00,20.600000381469727,20.600000381469727,20.482999801635742,20.5049991607666,11700,0.0,0.0,0.0
2022-12-29 00:00:00-05:00,20.450000762939453,20.469999313354492,20.399999618530273,20.43000030517578,6700,0.0,0.0,0.0
2022-12-30 00:00:00-05:00,20.350000381469727,20.450000762939453,20.329999923706055,20.441999435424805,2700,0.0,0.0,0.0
2023-01-03 00:00:00-05:00,20.510000228881836,20.510000228881836,20.31999969482422,20.371999740600586,5000,0.0,0.0,0.0
2023-01-04 00:00:00-05:00,20.3700008392334,20.48900032043457,20.360000610351562,20.399999618530273,4200,0.0,0.0,0.0
2023-01-05 00:00:00-05:00,20.43000030517578,20.43000030517578,20.364999771118164,20.364999771118164,3600,0.0,0.0,0.0
2023-01-06 00:00:00-05:00,20.389999389648438,20.56999969482422,20.3799991607666,20.55500030517578,9700,0.0,0.0,0.0
2023-01-09 00:00:00-05:00,20.649999618530273,20.65999984741211,20.549999237060547,20.56999969482422,5800,0.0,0.0,0.0
2023-01-10 00:00:00-05:00,20.600000381469727,20.600000381469727,20.549999237060547,20.584999084472656,7900,0.0,0.0,0.0
2023-01-11 00:00:00-05:00,20.600000381469727,20.660999298095703,20.59000015258789,20.660999298095703,4000,0.0,0.0,0.0
2023-01-12 00:00:00-05:00,20.760000228881836,20.770000457763672,20.719999313354492,20.729999542236328,4100,0.0,0.0,0.0
2023-01-13 00:00:00-05:00,20.780000686645508,20.790000915527344,20.700000762939453,20.700000762939453,6900,0.0,0.0,0.0
2023-01-17 00:00:00-05:00,20.690000534057617,20.7549991607666,20.68000030517578,20.7549991607666,2000,0.0,0.0,0.0
2023-01-18 00:00:00-05:00,20.809999465942383,20.809999465942383,20.709999084472656,20.75,1600,0.0,0.0,0.0
2023-01-19 00:00:00-05:00,20.75,20.760000228881836,20.709999084472656,20.760000228881836,3600,0.0,0.0,0.0
2023-01-20 00:00:00-05:00,20.709999084472656,20.950000762939453,20.709999084472656,20.927000045776367,3500,0.0,0.0,0.0
2023-01-23 00:00:00-05:00,20.8799991607666,20.8799991607666,20.729999542236328,20.780000686645508,11300,0.0,0.0,0.0
2023-01-24 00:00:00-05:00,20.700000762939453,20.790000915527344,20.59000015258789,20.760000228881836,3400,0.0,0.0,0.0
2023-01-25 00:00:00-05:00,20.770000457763672,20.770000457763672,20.701000213623047,20.750999450683594,3600,0.0,0.0,0.0
2023-01-26 00:00:00-05:00,20.770000457763672,20.834999084472656,20.760000228881836,20.834999084472656,9600,0.0,0.0,0.0
2023-01-27 00:00:00-05:00,20.8799991607666,20.899999618530273,20.81999969482422,20.854999542236328,11200,0.0,0.0,0.0
2023-01-30 00:00:00-05:00,20.8799991607666,20.8799991607666,20.795000076293945,20.795000076293945,1600,0.0,0.0,0.0
2023-01-31 00:00:00-05:00,20.850000381469727,20.8799991607666,20.780000686645508,20.86199951171875,7000,0.0,0.0,0.0
2023-02-01 00:00:00-05:00,20.850000381469727,20.899999618530273,20.799999237060547,20.881000518798828,7200,0.0,0.0,0.0
2023-02-02 00:00:00-05:00,20.8799991607666,20.959999084472656,20.8799991607666,20.934999465942383,10100,0.0,0.0,0.0
2023-02-03 00:00:00-05:00,20.93000030517578,20.979999542236328,20.924999237060547,20.959999084472656,5400,0.0,0.0,0.0
2023-02-06 00:00:00-05:00,20.989999771118164,20.989999771118164,20.93000030517578,20.940000534057617,7000,0.0,0.0,0.0
2023-02-07 00:00:00-05:00,20.940000534057617,20.98900032043457,20.93000030517578,20.945999145507812,3100,0.0,0.0,0.0
2023-02-08 00:00:00-05:00,20.90999984741211,20.979999542236328,20.90999984741211,20.97800064086914,1700,0.0,0.0,0.0
2023-02-09 00:00:00-05:00,20.920000076293945,20.979999542236328,20.920000076293945,20.954999923706055,6800,0.0,0.0,0.0
2023-02-10 00:00:00-05:00,20.979999542236328,20.979999542236328,20.899999618530273,20.954999923706055,8000,0.0,0.0,0.0
2023-02-13 00:00:00-05:00,21.020000457763672,21.020000457763672,20.961999893188477,21.010000228881836,5900,0.0,0.0,0.0
2023-02-14 00:00:00-05:00,21.010000228881836,21.010000228881836,20.950000762939453,20.985000610351562,4100,0.0,0.0,0.0
2023-02-15 00:00:00-05:00,20.989999771118164,21.045000076293945,20.95599937438965,20.996999740600586,10500,0.0,0.0,0.0
2023-02-16 00:00:00-05:00,20.979999542236328,21.049999237060547,20.979999542236328,21.040000915527344,25300,0.0,0.0,0.0
2023-02-17 00:00:00-05:00,21.049999237060547,21.049999237060547,20.940000534057617,21.010000228881836,14500,0.0,0.0,0.0
2023-02-21 00:00:00-05:00,20.850000381469727,20.850000381469727,20.6299991607666,20.642000198364258,15700,0.0,0.0,0.0
2023-02-22 00:00:00-05:00,20.610000610351562,20.698999404907227,20.600000381469727,20.6299991607666,8100,0.0,0.0,0.0
2023-02-23 00:00:00-05:00,20.631999969482422,20.738000869750977,20.610000610351562,20.67300033569336,4500,0.0,0.0,0.0
2023-02-24 00:00:00-05:00,20.6200008392334,20.6200008392334,20.531999588012695,20.570999145507812,2800,0.0,0.0,0.0
2023-02-27 00:00:00-05:00,20.709999084472656,20.709999084472656,20.56999969482422,20.60099983215332,15000,0.0,0.0,0.0
2023-02-28 00:00:00-05:00,20.601999282836914,20.6200008392334,20.549999237060547,20.604000091552734,3700,0.0,0.0,0.0
2023-03-01 00:00:00-05:00,20.6200008392334,20.6200008392334,20.5,20.53499984741211,5000,0.0,0.0,0.0
2023-03-02 00:00:00-05:00,20.450000762939453,20.625,20.450000762939453,20.625,6500,0.0,0.0,0.0
2023-03-03 00:00:00-05:00,20.719999313354492,20.760000228881836,20.6299991607666,20.760000228881836,3000,0.0,0.0,0.0
2023-03-06 00:00:00-05:00,20.799999237060547,20.84000015258789,20.760000228881836,20.790000915527344,3900,0.0,0.0,0.0
2023-03-07 00:00:00-05:00,20.739999771118164,20.739999771118164,20.6200008392334,20.645000457763672,1500,0.0,0.0,0.0
2023-03-08 00:00:00-05:00,20.600000381469727,20.68000030517578,20.56999969482422,20.655000686645508,2300,0.0,0.0,0.0
2023-03-09 00:00:00-05:00,20.709999084472656,20.709999084472656,20.44499969482422,20.445999145507812,2000,0.0,0.0,0.0
2023-03-10 00:00:00-05:00,20.43000030517578,20.440000534057617,20.231000900268555,20.275999069213867,16000,0.0,0.0,0.0
2023-03-13 00:00:00-04:00,20.290000915527344,20.360000610351562,20.25,20.285999298095703,4400,0.0,0.0,0.0
2023-03-14 00:00:00-04:00,20.260000228881836,20.450000762939453,20.260000228881836,20.375999450683594,4900,0.0,0.0,0.0
2023-03-15 00:00:00-04:00,20.690000534057617,20.690000534057617,20.184999465942383,20.242000579833984,2900,0.0,0.0,0.0
2023-03-16 00:00:00-04:00,20.200000762939453,20.559999465942383,20.200000762939453,20.552000045776367,8500,0.0,0.0,0.0
2023-03-17 00:00:00-04:00,20.440000534057617,20.549999237060547,20.326000213623047,20.326000213623047,1700,0.0,0.0,0.0
2023-03-20 00:00:00-04:00,20.190000534057617,20.190000534057617,20.059999465942383,20.15999984741211,6800,0.0,0.0,0.0
2023-03-21 00:00:00-04:00,20.170000076293945,20.22599983215332,20.170000076293945,20.22599983215332,1600,0.0,0.0,0.0
2023-03-22 00:00:00-04:00,20.27899932861328,20.31999969482422,20.177000045776367,20.177000045776367,6800,0.0,0.0,0.0
2023-03-23 00:00:00-04:00,20.280000686645508,20.280000686645508,20.1200008392334,20.19499969482422,4700,0.0,0.0,0.0
2023-03-24 00:00:00-04:00,20.200000762939453,20.25,20.101999282836914,20.219999313354492,11300,0.0,0.0,0.0
2023-03-27 00:00:00-04:00,20.309999465942383,20.309999465942383,20.209999084472656,20.222000122070312,5700,0.0,0.0,0.0
2023-03-28 00:00:00-04:00,20.25,20.25,20.18000030517578,20.229999542236328,3700,0.0,0.0,0.0
2023-03-29 00:00:00-04:00,20.229999542236328,20.325000762939453,20.229999542236328,20.308000564575195,2800,0.0,0.0,0.0
2023-03-30 00:00:00-04:00,20.3799991607666,20.389999389648438,20.290000915527344,20.350000381469727,3100,0.0,0.0,0.0
2023-03-31 00:00:00-04:00,20.31999969482422,20.40999984741211,20.31999969482422,20.364999771118164,2000,0.0,0.0,0.0
2023-04-03 00:00:00-04:00,20.440000534057617,20.450000762939453,20.399999618530273,20.422000885009766,9000,0.0,0.0,0.0
2023-04-04 00:00:00-04:00,20.350000381469727,20.459999084472656,20.350000381469727,20.389999389648438,4300,0.0,0.0,0.0
2023-04-05 00:00:00-04:00,20.489999771118164,20.489999771118164,20.43000030517578,20.44499969482422,3900,0.0,0.0,0.0
2023-04-06 00:00:00-04:00,20.489999771118164,20.489999771118164,20.3700008392334,20.424999237060547,5500,0.0,0.0,0.0
2023-04-10 00:00:00-04:00,20.489999771118164,20.489999771118164,20.42300033569336,20.454999923706055,7000,0.0,0.0,0.0
2023-04-11 00:00:00-04:00,20.5,20.5,20.420000076293945,20.44499969482422,3900,0.0,0.0,0.0
2023-04-12 00:00:00-04:00,20.450000762939453,20.5,20.40999984741211,20.450000762939453,5000,0.0,0.0,0.0
2023-04-13 00:00:00-04:00,20.510000228881836,20.510000228881836,20.420000076293945,20.46500015258789,11900,0.0,0.0,0.0
2023-04-14 00:00:00-04:00,20.479999542236328,20.479999542236328,20.420000076293945,20.469999313354492,8900,0.0,0.0,0.0
2023-04-17 00:00:00-04:00,20.420000076293945,20.5049991607666,20.420000076293945,20.5049991607666,3800,0.0,0.0,0.0
2023-04-18 00:00:00-04:00,20.510000228881836,20.520000457763672,20.459999084472656,20.475000381469727,4700,0.0,0.0,0.0
2023-04-19 00:00:00-04:00,20.520000457763672,20.530000686645508,20.479999542236328,20.479999542236328,4100,0.0,0.0,0.0
2023-04-20 00:00:00-04:00,20.530000686645508,20.549999237060547,20.450000762939453,20.489999771118164,7100,0.0,0.0,0.0
2023-04-21 00:00:00-04:00,20.450000762939453,20.5,20.43000030517578,20.451000213623047,9500,0.0,0.0,0.0
2023-04-24 00:00:00-04:00,20.31999969482422,20.31999969482422,20.219999313354492,20.264999389648438,12100,0.0,0.0,0.0
2023-04-25 00:00:00-04:00,20.299999237060547,20.299999237060547,20.190000534057617,20.190000534057617,6600,0.0,0.0,0.0
2023-04-26 00:00:00-04:00,20.18000030517578,20.2189998626709,20.13800048828125,20.149999618530273,3500,0.0,0.0,0.0
2023-04-27 00:00:00-04:00,20.239999771118164,20.290000915527344,20.214000701904297,20.280000686645508,8900,0.0,0.0,0.0
2023-04-28 00:00:00-04:00,20.31999969482422,20.360000610351562,20.31999969482422,20.360000610351562,3000,0.0,0.0,0.0
2023-05-01 00:00:00-04:00,20.389999389648438,20.399999618530273,20.3700008392334,20.375,9600,0.0,0.0,0.0
2023-05-02 00:00:00-04:00,20.389999389648438,20.389999389648438,20.25,20.274999618530273,5500,0.0,0.0,0.0
2023-05-03 00:00:00-04:00,20.32900047302246,20.350000381469727,20.200000762939453,20.200000762939453,9400,0.0,0.0,0.0
2023-05-04 00:00:00-04:00,20.200000762939453,20.209999084472656,20.1200008392334,20.149999618530273,8600,0.0,0.0,0.0
2023-05-05 00:00:00-04:00,20.299999237060547,20.360000610351562,20.299999237060547,20.334999084472656,1100,0.0,0.0,0.0
2023-05-08 00:00:00-04:00,20.290000915527344,20.389999389648438,20.290000915527344,20.322999954223633,6200,0.0,0.0,0.0
2023-05-09 00:00:00-04:00,20.329999923706055,20.3700008392334,20.325000762939453,20.325000762939453,15400,0.0,0.0,0.0
2023-05-10 00:00:00-04:00,20.3799991607666,20.399999618530273,20.34000015258789,20.385000228881836,3100,0.0,0.0,0.0
2023-05-11 00:00:00-04:00,20.420000076293945,20.420000076293945,20.290000915527344,20.38800048828125,6300,0.0,0.0,0.0
2023-05-12 00:00:00-04:00,20.469999313354492,20.469999313354492,20.3700008392334,20.389999389648438,700,0.0,0.0,0.0
2023-05-15 00:00:00-04:00,20.360000610351562,20.469999313354492,20.360000610351562,20.440000534057617,1200,0.0,0.0,0.0
2023-05-16 00:00:00-04:00,20.43000030517578,20.479999542236328,20.420000076293945,20.424999237060547,3900,0.0,0.0,0.0
2023-05-17 00:00:00-04:00,20.540000915527344,20.540000915527344,20.450000762939453,20.4950008392334,4400,0.0,0.0,0.0
2023-05-18 00:00:00-04:00,20.510000228881836,20.559999465942383,20.488000869750977,20.520000457763672,3100,0.0,0.0,0.0
2023-05-19 00:00:00-04:00,20.549999237060547,20.549999237060547,20.40999984741211,20.440000534057617,10700,0.0,0.0,0.0
2023-05-22 00:00:00-04:00,20.309999465942383,20.309999465942383,20.209999084472656,20.260000228881836,23200,0.0,0.0,0.0
2023-05-23 00:00:00-04:00,20.280000686645508,20.290000915527344,20.17799949645996,20.17799949645996,4500,0.0,0.0,0.0
2023-05-24 00:00:00-04:00,20.200000762939453,20.200000762939453,20.06999969482422,20.073999404907227,7000,0.0,0.0,0.0
2023-05-25 00:00:00-04:00,20.25,20.25,20.155000686645508,20.200000762939453,6700,0.0,0.0,0.0
2023-05-26 00:00:00-04:00,20.260000228881836,20.329999923706055,20.260000228881836,20.295000076293945,5400,0.0,0.0,0.0
2023-05-30 00:00:00-04:00,20.40999984741211,20.40999984741211,20.239999771118164,20.29599952697754,10000,0.0,0.0,0.0
2023-05-31 00:00:00-04:00,20.329999923706055,20.329999923706055,20.200000762939453,20.28499984741211,8900,0.0,0.0,0.0
2023-06-01 00:00:00-04:00,20.31999969482422,20.399999618530273,20.270000457763672,20.3700008392334,6000,0.0,0.0,0.0
2023-06-02 00:00:00-04:00,20.469999313354492,20.489999771118164,20.434999465942383,20.469999313354492,13500,0.0,0.0,0.0
2023-06-05 00:00:00-04:00,20.5,20.510000228881836,20.454999923706055,20.454999923706055,4100,0.0,0.0,0.0
2023-06-06 00:00:00-04:00,20.499000549316406,20.5,20.40999984741211,20.475000381469727,6900,0.0,0.0,0.0
2023-06-07 00:00:00-04:00,20.420000076293945,20.510000228881836,20.420000076293945,20.479999542236328,10200,0.0,0.0,0.0
2023-06-08 00:00:00-04:00,20.56999969482422,20.56999969482422,20.479999542236328,20.540000915527344,6200,0.0,0.0,0.0
2023-06-09 00:00:00-04:00,20.530000686645508,20.56999969482422,20.459999084472656,20.459999084472656,63400,0.0,0.0,0.0
2023-06-12 00:00:00-04:00,20.56999969482422,20.56999969482422,20.481000900268555,20.549999237060547,3700,0.0,0.0,0.0
2023-06-13 00:00:00-04:00,20.514999389648438,20.56999969482422,20.5,20.52899932861328,4200,0.0,0.0,0.0
2023-06-14 00:00:00-04:00,20.530000686645508,20.56999969482422,20.479999542236328,20.53499984741211,3600,0.0,0.0,0.0
2023-06-15 00:00:00-04:00,20.535999298095703,20.59000015258789,20.520000457763672,20.54400062561035,6900,0.0,0.0,0.0
2023-06-16 00:00:00-04:00,20.600000381469727,20.600000381469727,20.40999984741211,20.43000030517578,7500,0.0,0.0,0.0
2023-06-20 00:00:00-04:00,20.229999542236328,20.229999542236328,20.149999618530273,20.209999084472656,16100,0.0,0.0,0.0
2023-06-21 00:00:00-04:00,20.219999313354492,20.219999313354492,20.09000015258789,20.170000076293945,13100,0.0,0.0,0.0
2023-06-22 00:00:00-04:00,20.170000076293945,20.190000534057617,20.070999145507812,20.177000045776367,3500,0.0,0.0,0.0
2023-06-23 00:00:00-04:00,20.079999923706055,20.139999389648438,20.079999923706055,20.139999389648438,4000,0.0,0.0,0.0
2023-06-26 00:00:00-04:00,20.149999618530273,20.170000076293945,20.06999969482422,20.06999969482422,4300,0.0,0.0,0.0
2023-06-27 00:00:00-04:00,20.1200008392334,20.219999313354492,20.100000381469727,20.18000030517578,8100,0.0,0.0,0.0
2023-06-28 00:00:00-04:00,20.09000015258789,20.209999084472656,20.09000015258789,20.163000106811523,9300,0.0,0.0,0.0
2023-06-29 00:00:00-04:00,20.229999542236328,20.25,20.18000030517578,20.211999893188477,4200,0.0,0.0,0.0
2023-06-30 00:00:00-04:00,20.25,20.35300064086914,20.25,20.35300064086914,4700,0.0,0.0,0.0
2023-07-03 00:00:00-04:00,20.389999389648438,20.389999389648438,20.309999465942383,20.375,2500,0.0,0.0,0.0
2023-07-05 00:00:00-04:00,20.3700008392334,20.389999389648438,20.299999237060547,20.375,5500,0.0,0.0,0.0
2023-07-06 00:00:00-04:00,20.350000381469727,20.350000381469727,20.229999542236328,20.34000015258789,9200,0.0,0.0,0.0
2023-07-07 00:00:00-04:00,20.25,20.389999389648438,20.25,20.27400016784668,8900,0.0,0.0,0.0
2023-07-10 00:00:00-04:00,20.25,20.329999923706055,20.229999542236328,20.295000076293945,5500,0.0,0.0,0.0
2023-07-11 00:00:00-04:00,20.299999237060547,20.374000549316406,20.299999237060547,20.364999771118164,4200,0.0,0.0,0.0
2023-07-12 00:00:00-04:00,20.479999542236328,20.56999969482422,20.43000030517578,20.469999313354492,28400,0.0,0.0,0.0
2023-07-13 00:00:00-04:00,20.469999313354492,20.520000457763672,20.469999313354492,20.514999389648438,1800,0.0,0.0,0.0
2023-07-14 00:00:00-04:00,20.540000915527344,20.549999237060547,20.459999084472656,20.464000701904297,7200,0.0,0.0,0.0
2023-07-17 00:00:00-04:00,20.450000762939453,20.549999237060547,20.450000762939453,20.514999389648438,8500,0.0,0.0,0.0
2023-07-18 00:00:00-04:00,20.520000457763672,20.540000915527344,20.5,20.53700065612793,3900,0.0,0.0,0.0
2023-07-19 00:00:00-04:00,20.450000762939453,20.549999237060547,20.450000762939453,20.507999420166016,4000,0.0,0.0,0.0
2023-07-20 00:00:00-04:00,20.469999313354492,20.559999465942383,20.469999313354492,20.51799964904785,3700,0.0,0.0,0.0
2023-07-21 00:00:00-04:00,20.479999542236328,20.540000915527344,20.43000030517578,20.472000122070312,15500,0.0,0.0,0.0
2023-07-24 00:00:00-04:00,20.34000015258789,20.350000381469727,20.270000457763672,20.319000244140625,5000,0.0,0.0,0.0
2023-07-25 00:00:00-04:00,20.34000015258789,20.350000381469727,20.270000457763672,20.32699966430664,12900,0.0,0.0,0.0
2023-07-26 00:00:00-04:00,20.350000381469727,20.350000381469727,20.270000457763672,20.30500030517578,20000,0.0,0.0,0.0
2023-07-27 00:00:00-04:00,20.440000534057617,20.440000534057617,20.2810001373291,20.2810001373291,8100,0.0,0.0,0.0
2023-07-28 00:00:00-04:00,20.3700008392334,20.424999237060547,20.301000595092773,20.399999618530273,12200,0.0,0.0,0.0
2023-07-31 00:00:00-04:00,20.399999618530273,20.43000030517578,20.329999923706055,20.43000030517578,5800,0.0,0.0,0.0
2023-08-01 00:00:00-04:00,20.43000030517578,20.43000030517578,20.3700008392334,20.40999984741211,15900,0.0,0.0,0.0
2023-08-02 00:00:00-04:00,20.389999389648438,20.389999389648438,20.22100067138672,20.299999237060547,16900,0.0,0.0,0.0
2023-08-03 00:00:00-04:00,20.25,20.299999237060547,20.239999771118164,20.266000747680664,8200,0.0,0.0,0.0
2023-08-04 00:00:00-04:00,20.32200050354004,20.360000610351562,20.209999084472656,20.211000442504883,9900,0.0,0.0,0.0
2023-08-07 00:00:00-04:00,20.309999465942383,20.34000015258789,20.219999313354492,20.323999404907227,15400,0.0,0.0,0.0
2023-08-08 00:00:00-04:00,20.260000228881836,20.290000915527344,20.200000762939453,20.26099967956543,17800,0.0,0.0,0.0
2023-08-09 00:00:00-04:00,20.260000228881836,20.290000915527344,20.170000076293945,20.184999465942383,5900,0.0,0.0,0.0
2023-08-10 00:00:00-04:00,20.190000534057617,20.3799991607666,20.190000534057617,20.209999084472656,6000,0.0,0.0,0.0
2023-08-11 00:00:00-04:00,20.198999404907227,20.200000762939453,20.100000381469727,20.174999237060547,13800,0.0,0.0,0.0
2023-08-14 00:00:00-04:00,20.18000030517578,20.25,20.18000030517578,20.229999542236328,5200,0.0,0.0,0.0
2023-08-15 00:00:00-04:00,20.19499969482422,20.19499969482422,20.059999465942383,20.059999465942383,4000,0.0,0.0,0.0
2023-08-16 00:00:00-04:00,20.0,20.139999389648438,19.8799991607666,19.940000534057617,29600,0.0,0.0,0.0
2023-08-17 00:00:00-04:00,19.90999984741211,19.979999542236328,19.75,19.75,13200,0.0,0.0,0.0
2023-08-18 00:00:00-04:00,19.68000030517578,19.780000686645508,19.610000610351562,19.767000198364258,12400,0.0,0.0,0.0
2023-08-21 00:00:00-04:00,19.6299991607666,19.6299991607666,19.5,19.6299991607666,17200,0.0,0.0,0.0
2023-08-22 00:00:00-04:00,19.649999618530273,19.649999618530273,19.549999237060547,19.56999969482422,8600,0.0,0.0,0.0
2023-08-23 00:00:00-04:00,19.639999389648438,19.670000076293945,19.56999969482422,19.59000015258789,12100,0.0,0.0,0.0
2023-08-24 00:00:00-04:00,19.590999603271484,19.65999984741211,19.549999237060547,19.549999237060547,1500,0.0,0.0,0.0
2023-08-25 00:00:00-04:00,19.549999237060547,19.65999984741211,19.549999237060547,19.607999801635742,4100,0.0,0.0,0.0
2023-08-28 00:00:00-04:00,19.670000076293945,19.709999084472656,19.610000610351562,19.6299991607666,3500,0.0,0.0,0.0
2023-08-29 00:00:00-04:00,19.729999542236328,19.760000228881836,19.65999984741211,19.725000381469727,3700,0.0,0.0,0.0
2023-08-30 00:00:00-04:00,19.68000030517578,19.780000686645508,19.68000030517578,19.739999771118164,20000,0.0,0.0,0.0
2023-08-31 00:00:00-04:00,19.709999084472656,19.799999237060547,19.709999084472656,19.709999084472656,10600,0.0,0.0,0.0
2023-09-01 00:00:00-04:00,19.81999969482422,19.81999969482422,19.719999313354492,19.766000747680664,20600,0.0,0.0,0.0
2023-09-05 00:00:00-04:00,19.760000228881836,19.790000915527344,19.729999542236328,19.76099967956543,8000,0.0,0.0,0.0
2023-09-06 00:00:00-04:00,19.770000457763672,19.799999237060547,19.709999084472656,19.739999771118164,4200,0.0,0.0,0.0
2023-09-07 00:00:00-04:00,19.780000686645508,19.809999465942383,19.780000686645508,19.78700065612793,8100,0.0,0.0,0.0
2023-09-08 00:00:00-04:00,19.78499984741211,19.81999969482422,19.739999771118164,19.775999069213867,11000,0.0,0.0,0.0
2023-09-11 00:00:00-04:00,19.829999923706055,19.829999923706055,19.75,19.75,6400,0.0,0.0,0.0
2023-09-12 00:00:00-04:00,19.75,19.790000915527344,19.75,19.760000228881836,9700,0.0,0.0,0.0
2023-09-13 00:00:00-04:00,19.81100082397461,19.829999923706055,19.75,19.795000076293945,5600,0.0,0.0,0.0
2023-09-14 00:00:00-04:00,19.760000228881836,19.799999237060547,19.760000228881836,19.798999786376953,2100,0.0,0.0,0.0
2023-09-15 00:00:00-04:00,19.774999618530273,19.774999618530273,19.670000076293945,19.670000076293945,4700,0.0,0.0,0.0
2023-09-18 00:00:00-04:00,19.5,19.56999969482422,19.43000030517578,19.510000228881836,6700,0.0,0.0,0.0
2023-09-19 00:00:00-04:00,19.510000228881836,19.510000228881836,19.40999984741211,19.486000061035156,2800,0.0,0.0,0.0
2023-09-20 00:00:00-04:00,19.579999923706055,19.579999923706055,19.40999984741211,19.415000915527344,8500,0.0,0.0,0.0
2023-09-21 00:00:00-04:00,19.450000762939453,19.450000762939453,19.264999389648438,19.264999389648438,9700,0.0,0.0,0.0
2023-09-22 00:00:00-04:00,19.329999923706055,19.329999923706055,19.21500015258789,19.21500015258789,15400,0.0,0.0,0.0
2023-09-25 00:00:00-04:00,19.139999389648438,19.239999771118164,19.139999389648438,19.229000091552734,10500,0.0,0.0,0.0
2023-09-26 00:00:00-04:00,19.239999771118164,19.239999771118164,19.059999465942383,19.06999969482422,15100,0.0,0.0,0.0
2023-09-27 00:00:00-04:00,19.15999984741211,19.18000030517578,19.059999465942383,19.079999923706055,4600,0.0,0.0,0.0
2023-09-28 00:00:00-04:00,19.149999618530273,19.197999954223633,19.14699935913086,19.197999954223633,1800,0.0,0.0,0.0
2023-09-29 00:00:00-04:00,19.190000534057617,19.200000762939453,19.079999923706055,19.125999450683594,4100,0.0,0.0,0.0
2023-10-02 00:00:00-04:00,19.125,19.125,19.05900001525879,19.101999282836914,8300,0.0,0.0,0.0
2023-10-03 00:00:00-04:00,19.1200008392334,19.1200008392334,18.940000534057617,18.993000030517578,7500,0.0,0.0,0.0
2023-10-04 00:00:00-04:00,18.950000762939453,19.059999465942383,18.950000762939453,19.05500030517578,8200,0.0,0.0,0.0
2023-10-05 00:00:00-04:00,19.049999237060547,19.049999237060547,18.969999313354492,19.03700065612793,2200,0.0,0.0,0.0
2023-10-06 00:00:00-04:00,19.020000457763672,19.229999542236328,19.020000457763672,19.209999084472656,9800,0.0,0.0,0.0
2023-10-09 00:00:00-04:00,19.170000076293945,19.260000228881836,19.09000015258789,19.235000610351562,12800,0.0,0.0,0.0
2023-10-10 00:00:00-04:00,19.299999237060547,19.375,19.299999237060547,19.30299949645996,3500,0.0,0.0,0.0
2023-10-11 00:00:00-04:00,19.290000915527344,19.3799991607666,19.290000915527344,19.340999603271484,3600,0.0,0.0,0.0
2023-10-12 00:00:00-04:00,19.399999618530273,19.399999618530273,19.239999771118164,19.2810001373291,3100,0.0,0.0,0.0
2023-10-13 00:00:00-04:00,19.389999389648438,19.399999618530273,19.170000076293945,19.198999404907227,7200,0.0,0.0,0.0
2023-10-16 00:00:00-04:00,19.329999923706055,19.420000076293945,19.329999923706055,19.399999618530273,2500,0.0,0.0,0.0
2023-10-17 00:00:00-04:00,19.280000686645508,19.399999618530273,19.200000762939453,19.399999618530273,6900,0.0,0.0,0.0
2023-10-18 00:00:00-04:00,19.229999542236328,19.229999542236328,19.079999923706055,19.079999923706055,7300,0.0,0.0,0.0
2023-10-19 00:00:00-04:00,19.110000610351562,19.110000610351562,18.889999389648438,18.96299934387207,6900,0.0,0.0,0.0
2023-10-20 00:00:00-04:00,18.959999084472656,18.959999084472656,18.739999771118164,18.761999130249023,2800,0.0,0.0,0.0
2023-10-23 00:00:00-04:00,18.549999237060547,18.639999389648438,18.489999771118164,18.566999435424805,7300,0.0,0.0,0.0
2023-10-24 00:00:00-04:00,18.649999618530273,18.65999984741211,18.610000610351562,18.649999618530273,2300,0.0,0.0,0.0
2023-10-25 00:00:00-04:00,18.610000610351562,18.610000610351562,18.489999771118164,18.489999771118164,1900,0.0,0.0,0.0
2023-10-26 00:00:00-04:00,18.559999465942383,18.559999465942383,18.450000762939453,18.479999542236328,10600,0.0,0.0,0.0
2023-10-27 00:00:00-04:00,18.520000457763672,18.520000457763672,18.3799991607666,18.440000534057617,7900,0.0,0.0,0.0
2023-10-30 00:00:00-04:00,18.450000762939453,18.506999969482422,18.43000030517578,18.506999969482422,2000,0.0,0.0,0.0
2023-10-31 00:00:00-04:00,18.520000457763672,18.600000381469727,18.469999313354492,18.600000381469727,8100,0.0,0.0,0.0
2023-11-01 00:00:00-04:00,18.628999710083008,18.690000534057617,18.549999237060547,18.690000534057617,7400,0.0,0.0,0.0
2023-11-02 00:00:00-04:00,18.780000686645508,18.81999969482422,18.719999313354492,18.809999465942383,17400,0.0,0.0,0.0
2023-11-03 00:00:00-04:00,18.860000610351562,18.860000610351562,18.770000457763672,18.860000610351562,6900,0.0,0.0,0.0
2023-11-06 00:00:00-05:00,18.8799991607666,18.8799991607666,18.790000915527344,18.8700008392334,6700,0.0,0.0,0.0
2023-11-07 00:00:00-05:00,18.8700008392334,18.8799991607666,18.799999237060547,18.84600067138672,3400,0.0,0.0,0.0
2023-11-08 00:00:00-05:00,18.799999237060547,18.889999389648438,18.799999237060547,18.889999389648438,6200,0.0,0.0,0.0
2023-11-09 00:00:00-05:00,18.889999389648438,18.889999389648438,18.81999969482422,18.849000930786133,2500,0.0,0.0,0.0
2023-11-10 00:00:00-05:00,18.90999984741211,18.90999984741211,18.84000015258789,18.889999389648438,4400,0.0,0.0,0.0
2023-11-13 00:00:00-05:00,18.84000015258789,18.889999389648438,18.84000015258789,18.84000015258789,3400,0.0,0.0,0.0
2023-11-14 00:00:00-05:00,18.829999923706055,18.92300033569336,18.829999923706055,18.850000381469727,8300,0.0,0.0,0.0
2023-11-15 00:00:00-05:00,18.864999771118164,18.899999618530273,18.850000381469727,18.895999908447266,2700,0.0,0.0,0.0
2023-11-16 00:00:00-05:00,18.889999389648438,18.89900016784668,18.860000610351562,18.871000289916992,2900,0.0,0.0,0.0
2023-11-17 00:00:00-05:00,18.899999618530273,18.899999618530273,18.850000381469727,18.8799991607666,4700,0.0,0.0,0.0
2023-11-20 00:00:00-05:00,18.68000030517578,18.739999771118164,18.649999618530273,18.690000534057617,3000,0.0,0.0,0.0
2023-11-21 00:00:00-05:00,18.760000228881836,18.760000228881836,18.700000762939453,18.75,6800,0.0,0.0,0.0
2023-11-22 00:00:00-05:00,18.729999542236328,18.780000686645508,18.729999542236328,18.729999542236328,9400,0.0,0.0,0.0
2023-11-24 00:00:00-05:00,18.809999465942383,18.809999465942383,18.729999542236328,18.799999237060547,1500,0.0,0.0,0.0
2023-11-27 00:00:00-05:00,18.719999313354492,18.799999237060547,18.719999313354492,18.729999542236328,10300,0.0,0.0,0.0
2023-11-28 00:00:00-05:00,18.764999389648438,18.809999465942383,18.73200035095215,18.7810001373291,5700,0.0,0.0,0.0
2023-11-29 00:00:00-05:00,18.850000381469727,18.850000381469727,18.739999771118164,18.809999465942383,7600,0.0,0.0,0.0
2023-11-30 00:00:00-05:00,18.75,18.829999923706055,18.75,18.81999969482422,7900,0.0,0.0,0.0
2023-12-01 00:00:00-05:00,18.77199935913086,18.82200050354004,18.77199935913086,18.790000915527344,3300,0.0,0.0,0.0
2023-12-04 00:00:00-05:00,18.780000686645508,18.82900047302246,18.780000686645508,18.815000534057617,1400,0.0,0.0,0.0
2023-12-05 00:00:00-05:00,18.84000015258789,18.860000610351562,18.780000686645508,18.860000610351562,18000,0.0,0.0,0.0
2023-12-06 00:00:00-05:00,18.8799991607666,18.8799991607666,18.799999237060547,18.850000381469727,15900,0.0,0.0,0.0
2023-12-07 00:00:00-05:00,18.816999435424805,18.8799991607666,18.809999465942383,18.85300064086914,8200,0.0,0.0,0.0
2023-12-08 00:00:00-05:00,18.84000015258789,18.959999084472656,18.84000015258789,18.90999984741211,51800,0.0,0.0,0.0
2023-12-11 00:00:00-05:00,18.93000030517578,18.93000030517578,18.860000610351562,18.93000030517578,14800,0.0,0.0,0.0
2023-12-12 00:00:00-05:00,18.8799991607666,18.940000534057617,18.8799991607666,18.93000030517578,6900,0.0,0.0,0.0
2023-12-13 00:00:00-05:00,18.920000076293945,18.950000762939453,18.90999984741211,18.920000076293945,7900,0.0,0.0,0.0
2023-12-14 00:00:00-05:00,18.899999618530273,18.940000534057617,18.8799991607666,18.940000534057617,9800,0.0,0.0,0.0
2023-12-15 00:00:00-05:00,18.90999984741211,19.06999969482422,18.850000381469727,19.06999969482422,18100,0.0,0.0,0.0
2023-12-18 00:00:00-05:00,19.1200008392334,19.1200008392334,19.030000686645508,19.079999923706055,8200,0.0,0.0,0.0
2023-12-19 00:00:00-05:00,19.065000534057617,19.149999618530273,19.040000915527344,19.1200008392334,25600,0.0,0.0,0.0
2023-12-20 00:00:00-05:00,19.020000457763672,19.086000442504883,19.0,19.0,15800,0.0,0.0,0.0
2023-12-21 00:00:00-05:00,19.100000381469727,19.100000381469727,19.0,19.09000015258789,7700,0.0,0.0,0.0
2023-12-22 00:00:00-05:00,19.066999435424805,19.079999923706055,19.05699920654297,19.062999725341797,2700,0.0,0.0,0.0
2023-12-26 00:00:00-05:00,19.1299991607666,19.1299991607666,19.08300018310547,19.1200008392334,6700,0.0,0.0,0.0
2023-12-27 00:00:00-05:00,19.100000381469727,19.149999618530273,19.06999969482422,19.149999618530273,10900,0.0,0.0,0.0
2023-12-28 00:00:00-05:00,18.899999618530273,19.0,18.899999618530273,18.90999984741211,13200,0.0,0.0,0.0
2023-12-29 00:00:00-05:00,18.899999618530273,18.979999542236328,18.899999618530273,18.899999618530273,15000,0.0,0.0,0.0
2024-01-02 00:00:00-05:00,18.969999313354492,18.969999313354492,18.90999984741211,18.924999237060547,6900,0.0,0.0,0.0
2024-01-03 00:00:00-05:00,18.93000030517578,18.93000030517578,18.860000610351562,18.90999984741211,8700,0.0,0.0,0.0
2024-01-04 00:00:00-05:00,18.90999984741211,18.950000762939453,18.81999969482422,18.8799991607666,8800,0.0,0.0,0.0
2024-01-05 00:00:00-05:00,18.899999618530273,18.93400001525879,18.850000381469727,18.899999618530273,11800,0.0,0.0,0.0
2024-01-08 00:00:00-05:00,18.860000610351562,19.030000686645508,18.860000610351562,18.959999084472656,14400,0.0,0.0,0.0
2024-01-09 00:00:00-05:00,18.940000534057617,19.030000686645508,18.90999984741211,19.003999710083008,20400,0.0,0.0,0.0
2024-01-10 00:00:00-05:00,19.010000228881836,19.06999969482422,19.0,19.059999465942383,6500,0.0,0.0,0.0
2024-01-11 00:00:00-05:00,19.030000686645508,19.09000015258789,19.020000457763672,19.082000732421875,19800,0.0,0.0,0.0
2024-01-12 00:00:00-05:00,19.040000915527344,19.100000381469727,19.020000457763672,19.020000457763672,8100,0.0,0.0,0.0
2024-01-16 00:00:00-05:00,19.020000457763672,19.100000381469727,19.0,19.09000015258789,19500,0.0,0.0,0.0
2024-01-17 00:00:00-05:00,19.079999923706055,19.079999923706055,19.014999389648438,19.014999389648438,5600,0.0,0.0,0.0
2024-01-18 00:00:00-05:00,19.075000762939453,19.1200008392334,19.03499984741211,19.1200008392334,3000,0.0,0.0,0.0
2024-01-19 00:00:00-05:00,19.110000610351562,19.149999618530273,19.079999923706055,19.149999618530273,4100,0.0,0.0,0.0
2024-01-22 00:00:00-05:00,19.139999389648438,19.139999389648438,19.0049991607666,19.02199935913086,11000,0.0,0.0,0.0
2024-01-23 00:00:00-05:00,19.09000015258789,19.09000015258789,19.0,19.035999298095703,13600,0.0,0.0,0.0
2024-01-24 00:00:00-05:00,19.09000015258789,19.09000015258789,19.041000366210938,19.06999969482422,4900,0.0,0.0,0.0
2024-01-25 00:00:00-05:00,19.100000381469727,19.100000381469727,19.010000228881836,19.09000015258789,19100,0.0,0.0,0.0
2024-01-26 00:00:00-05:00,19.100000381469727,19.100000381469727,19.030000686645508,19.09000015258789,3700,0.0,0.0,0.0
2024-01-29 00:00:00-05:00,19.049999237060547,19.09000015258789,19.040000915527344,19.08799934387207,4600,0.0,0.0,0.0
2024-01-30 00:00:00-05:00,19.079999923706055,19.1299991607666,19.049999237060547,19.1200008392334,20300,0.0,0.0,0.0
2024-01-31 00:00:00-05:00,19.100000381469727,19.100000381469727,19.040000915527344,19.06999969482422,8500,0.0,0.0,0.0
2024-02-01 00:00:00-05:00,19.100000381469727,19.1299991607666,19.040000915527344,19.100000381469727,11200,0.0,0.0,0.0
2024-02-02 00:00:00-05:00,19.139999389648438,19.15999984741211,19.110000610351562,19.1200008392334,3800,0.0,0.0,0.0
2024-02-05 00:00:00-05:00,19.149999618530273,19.15999984741211,19.139999389648438,19.149999618530273,12900,0.0,0.0,0.0
2024-02-06 00:00:00-05:00,19.18000030517578,19.18000030517578,19.165000915527344,19.179000854492188,17200,0.0,0.0,0.0
2024-02-07 00:00:00-05:00,19.219999313354492,19.219999313354492,19.170000076293945,19.18000030517578,14500,0.0,0.0,0.0
2024-02-08 00:00:00-05:00,19.18000030517578,19.190000534057617,19.18000030517578,19.18899917602539,13300,0.0,0.0,0.0
2024-02-09 00:00:00-05:00,19.25,19.25,19.18000030517578,19.190000534057617,5300,0.0,0.0,0.0
2024-02-12 00:00:00-05:00,19.200000762939453,19.200000762939453,19.135000228881836,19.200000762939453,12600,0.0,0.0,0.0
2024-02-13 00:00:00-05:00,19.110000610351562,19.200000762939453,19.110000610351562,19.200000762939453,14700,0.0,0.0,0.0
2024-02-14 00:00:00-05:00,19.290000915527344,19.290000915527344,19.149999618530273,19.209999084472656,18300,0.0,0.0,0.0
2024-02-15 00:00:00-05:00,19.15999984741211,19.25,19.152999877929688,19.190000534057617,20100,0.0,0.0,0.0
2024-02-16 00:00:00-05:00,19.25,19.25,19.158000946044922,19.190000534057617,16500,0.0,0.0,0.0
2024-02-20 00:00:00-05:00,19.059999465942383,19.059999465942383,18.850000381469727,18.940000534057617,23400,0.0,0.0,0.0
2024-02-21 00:00:00-05:00,18.950000762939453,18.950000762939453,18.865999221801758,18.913000106811523,9100,0.0,0.0,0.0
2024-02-22 00:00:00-05:00,19.09000015258789,19.110000610351562,19.010000228881836,19.110000610351562,8000,0.0,0.0,0.0
2024-02-23 00:00:00-05:00,19.118000030517578,19.1200008392334,19.049999237060547,19.117000579833984,17000,0.0,0.0,0.0
2024-02-26 00:00:00-05:00,19.149999618530273,19.149999618530273,19.09000015258789,19.1200008392334,11900,0.0,0.0,0.0
2024-02-27 00:00:00-05:00,19.110000610351562,19.145000457763672,19.059999465942383,19.09000015258789,5400,0.0,0.0,0.0
2024-02-28 00:00:00-05:00,19.110000610351562,19.1299991607666,19.049999237060547,19.1200008392334,15100,0.0,0.0,0.0
2024-02-29 00:00:00-05:00,19.200000762939453,19.200000762939453,19.094999313354492,19.149999618530273,7400,0.0,0.0,0.0
2024-03-01 00:00:00-05:00,19.170000076293945,19.190000534057617,19.100000381469727,19.190000534057617,14800,0.0,0.0,0.0
2024-03-04 00:00:00-05:00,19.1299991607666,19.190000534057617,19.1299991607666,19.190000534057617,4200,0.0,0.0,0.0
2024-03-05 00:00:00-05:00,19.16699981689453,19.18000030517578,19.100000381469727,19.1200008392334,13700,0.0,0.0,0.0
2024-03-06 00:00:00-05:00,19.18000030517578,19.18000030517578,19.110000610351562,19.14299964904785,6800,0.0,0.0,0.0
2024-03-07 00:00:00-05:00,19.149999618530273,19.18000030517578,19.149999618530273,19.149999618530273,9700,0.0,0.0,0.0
2024-03-08 00:00:00-05:00,19.200000762939453,19.219999313354492,19.200000762939453,19.209999084472656,5200,0.0,0.0,0.0
2024-03-11 00:00:00-04:00,19.229999542236328,19.229999542236328,19.139999389648438,19.219999313354492,18200,0.0,0.0,0.0
2024-03-12 00:00:00-04:00,19.270000457763672,19.270000457763672,19.204999923706055,19.239999771118164,9900,0.0,0.0,0.0
2024-03-13 00:00:00-04:00,19.25,19.25,19.200000762939453,19.239999771118164,15800,0.0,0.0,0.0
2024-03-14 00:00:00-04:00,19.270000457763672,19.270000457763672,19.225000381469727,19.25,5000,0.0,0.0,0.0
2024-03-15 00:00:00-04:00,19.299999237060547,19.309999465942383,19.229999542236328,19.261999130249023,18500,0.0,0.0,0.0
2024-03-18 00:00:00-04:00,19.280000686645508,19.280000686645508,19.100000381469727,19.148000717163086,17900,0.0,0.0,0.0
2024-03-19 00:00:00-04:00,19.15999984741211,19.15999984741211,19.1299991607666,19.139999389648438,13600,0.0,0.0,0.0
2024-03-20 00:00:00-04:00,19.139999389648438,19.25,19.1200008392334,19.187000274658203,30300,0.0,0.0,0.0
2024-03-21 00:00:00-04:00,19.280000686645508,19.280000686645508,19.200000762939453,19.280000686645508,5400,0.0,0.0,0.0
2024-03-22 00:00:00-04:00,19.309999465942383,19.309999465942383,19.229999542236328,19.25,5700,0.0,0.0,0.0
2024-03-25 00:00:00-04:00,19.219999313354492,19.280000686645508,19.139999389648438,19.200000762939453,7800,0.0,0.0,0.0
2024-03-26 00:00:00-04:00,19.299999237060547,19.299999237060547,19.219999313354492,19.26300048828125,10600,0.0,0.0,0.0
2024-03-27 00:00:00-04:00,19.299999237060547,19.299999237060547,19.25,19.274999618530273,6600,0.0,0.0,0.0
2024-03-28 00:00:00-04:00,19.350000381469727,19.350000381469727,19.239999771118164,19.299999237060547,11500,0.0,0.0,0.0
2024-04-01 00:00:00-04:00,19.579999923706055,19.579999923706055,19.25,19.32900047302246,8100,0.0,0.0,0.0
2024-04-02 00:00:00-04:00,19.31999969482422,19.690000534057617,19.25,19.299999237060547,44400,0.0,0.0,0.0
2024-04-03 00:00:00-04:00,19.299999237060547,19.31999969482422,19.25,19.31999969482422,18000,0.0,0.0,0.0
2024-04-04 00:00:00-04:00,19.309999465942383,19.354999542236328,19.200000762939453,19.200000762939453,7500,0.0,0.0,0.0
2024-04-05 00:00:00-04:00,19.219999313354492,19.350000381469727,19.219999313354492,19.299999237060547,5400,0.0,0.0,0.0
2024-04-08 00:00:00-04:00,19.329999923706055,19.329999923706055,19.309999465942383,19.329999923706055,4800,0.0,0.0,0.0
2024-04-09 00:00:00-04:00,19.350000381469727,19.350000381469727,19.260000228881836,19.329999923706055,19000,0.0,0.0,0.0
2024-04-10 00:00:00-04:00,19.299999237060547,19.299999237060547,19.25200080871582,19.25200080871582,11700,0.0,0.0,0.0
2024-04-11 00:00:00-04:00,19.28499984741211,19.360000610351562,19.267000198364258,19.35700035095215,11300,0.0,0.0,0.0
2024-04-12 00:00:00-04:00,19.309999465942383,19.31999969482422,19.18000030517578,19.200000762939453,9100,0.0,0.0,0.0
2024-04-15 00:00:00-04:00,19.360000610351562,19.360000610351562,19.059999465942383,19.1200008392334,18900,0.0,0.0,0.0
2024-04-16 00:00:00-04:00,19.149999618530273,19.149999618530273,19.020000457763672,19.020000457763672,10800,0.0,0.0,0.0
2024-04-17 00:00:00-04:00,19.200000762939453,19.200000762939453,18.899999618530273,19.010000228881836,14900,0.0,0.0,0.0
2024-04-18 00:00:00-04:00,19.06999969482422,19.100000381469727,18.937999725341797,18.937999725341797,16400,0.0,0.0,0.0
2024-04-19 00:00:00-04:00,18.979999542236328,18.979999542236328,18.799999237060547,18.815000534057617,8800,0.0,0.0,0.0
2024-04-22 00:00:00-04:00,18.790000915527344,18.790000915527344,18.610000610351562,18.677000045776367,11900,0.0,0.0,0.0
2024-04-23 00:00:00-04:00,18.770000457763672,18.780000686645508,18.709999084472656,18.76799964904785,4800,0.0,0.0,0.0
2024-04-24 00:00:00-04:00,18.729999542236328,18.809999465942383,18.719999313354492,18.763999938964844,14500,0.0,0.0,0.0
2024-04-25 00:00:00-04:00,18.75,18.780000686645508,18.659000396728516,18.7450008392334,5100,0.0,0.0,0.0
2024-04-26 00:00:00-04:00,18.799999237060547,18.860000610351562,18.799999237060547,18.84000015258789,5700,0.0,0.0,0.0
2024-04-29 00:00:00-04:00,18.84000015258789,18.8700008392334,18.809999465942383,18.8700008392334,27800,0.0,0.0,0.0
2024-04-30 00:00:00-04:00,18.8700008392334,18.8700008392334,18.760000228881836,18.797000885009766,38600,0.0,0.0,0.0
2024-05-01 00:00:00-04:00,18.799999237060547,18.839000701904297,18.690000534057617,18.746000289916992,17300,0.0,0.0,0.0
2024-05-02 00:00:00-04:00,18.84000015258789,18.850000381469727,18.780000686645508,18.850000381469727,52400,0.0,0.0,0.0
2024-05-03 00:00:00-04:00,18.881000518798828,18.93000030517578,18.86400032043457,18.920000076293945,27700,0.0,0.0,0.0
2024-05-06 00:00:00-04:00,18.950000762939453,18.950000762939453,18.899999618530273,18.950000762939453,13800,0.0,0.0,0.0
2024-05-07 00:00:00-04:00,18.917999267578125,19.0,18.915000915527344,18.941999435424805,44200,0.0,0.0,0.0
2024-05-08 00:00:00-04:00,18.969999313354492,18.969999313354492,18.8700008392334,18.950000762939453,5400,0.0,0.0,0.0
2024-05-09 00:00:00-04:00,18.899999618530273,18.979999542236328,18.899999618530273,18.934999465942383,18300,0.0,0.0,0.0
2024-05-10 00:00:00-04:00,19.0,19.0,18.93000030517578,18.969999313354492,11400,0.0,0.0,0.0
2024-05-13 00:00:00-04:00,18.950000762939453,19.059999465942383,18.90999984741211,19.059999465942383,15500,0.0,0.0,0.0
2024-05-14 00:00:00-04:00,18.889999389648438,19.0,18.889999389648438,18.899999618530273,9100,0.0,0.0,0.0
2024-05-15 00:00:00-04:00,18.969999313354492,18.979999542236328,18.90999984741211,18.948999404907227,9400,0.0,0.0,0.0
2024-05-16 00:00:00-04:00,19.0,19.0,18.950000762939453,18.979999542236328,5700,0.0,0.0,0.0
2024-05-17 00:00:00-04:00,19.049999237060547,19.049999237060547,18.899999618530273,18.940000534057617,20700,0.0,0.0,0.0
2024-05-20 00:00:00-04:00,18.670000076293945,18.780000686645508,18.670000076293945,18.700000762939453,19600,0.0,0.0,0.0
2024-05-21 00:00:00-04:00,18.780000686645508,18.7810001373291,18.735000610351562,18.780000686645508,10700,0.0,0.0,0.0
2024-05-22 00:00:00-04:00,18.799999237060547,18.799999237060547,18.709999084472656,18.729999542236328,19200,0.0,0.0,0.0
2024-05-23 00:00:00-04:00,18.75,18.799999237060547,18.649999618530273,18.690000534057617,18100,0.0,0.0,0.0
2024-05-24 00:00:00-04:00,18.780000686645508,18.799999237060547,18.739999771118164,18.790000915527344,19600,0.0,0.0,0.0
2024-05-28 00:00:00-04:00,18.850000381469727,18.850000381469727,18.75,18.799999237060547,13700,0.0,0.0,0.0
2024-05-29 00:00:00-04:00,19.0,19.0,18.718000411987305,18.718000411987305,16100,0.0,0.0,0.0
2024-05-30 00:00:00-04:00,18.739999771118164,18.739999771118164,18.63800048828125,18.63800048828125,14600,0.0,0.0,0.0
2024-05-31 00:00:00-04:00,18.674999237060547,19.0,18.559999465942383,18.68000030517578,70600,0.0,0.0,0.0
2024-06-03 00:00:00-04:00,18.709999084472656,18.780000686645508,18.670000076293945,18.75,23500,0.0,0.0,0.0
2024-06-04 00:00:00-04:00,18.790000915527344,18.790000915527344,18.667999267578125,18.7450008392334,25700,0.0,0.0,0.0
2024-06-05 00:00:00-04:00,18.719999313354492,18.829999923706055,18.719999313354492,18.799999237060547,9000,0.0,0.0,0.0
2024-06-06 00:00:00-04:00,18.829999923706055,18.8799991607666,18.80299949645996,18.8700008392334,41600,0.0,0.0,0.0
2024-06-07 00:00:00-04:00,18.860000610351562,18.909000396728516,18.829999923706055,18.899999618530273,19100,0.0,0.0,0.0
2024-06-10 00:00:00-04:00,18.860000610351562,18.899999618530273,18.809999465942383,18.860000610351562,29800,0.0,0.0,0.0
2024-06-11 00:00:00-04:00,18.850000381469727,18.90999984741211,18.809999465942383,18.90999984741211,10300,0.0,0.0,0.0
2024-06-12 00:00:00-04:00,19.010000228881836,19.010000228881836,18.889999389648438,18.959999084472656,16400,0.0,0.0,0.0
2024-06-13 00:00:00-04:00,18.989999771118164,18.989999771118164,18.889999389648438,18.959999084472656,16600,0.0,0.0,0.0
2024-06-14 00:00:00-04:00,18.889999389648438,18.989999771118164,18.889999389648438,18.950000762939453,16000,0.0,0.0,0.0
2024-06-17 00:00:00-04:00,19.020000457763672,19.020000457763672,18.950000762939453,18.985000610351562,13600,0.0,0.0,0.0
2024-06-18 00:00:00-04:00,19.020000457763672,19.020000457763672,18.950000762939453,19.0,26600,0.0,0.0,0.0
2024-06-20 00:00:00-04:00,19.0,19.038999557495117,18.950000762939453,18.950000762939453,6100,0.0,0.0,0.0
2024-06-21 00:00:00-04:00,18.959999084472656,18.979999542236328,18.899999618530273,18.959999084472656,3900,0.0,0.0,0.0
2024-06-24 00:00:00-04:00,18.780000686645508,18.82200050354004,18.75,18.763999938964844,13700,0.0,0.0,0.0
2024-06-25 00:00:00-04:00,18.739999771118164,18.799999237060547,18.739999771118164,18.760000228881836,24100,0.0,0.0,0.0
2024-06-26 00:00:00-04:00,18.799999237060547,18.84000015258789,18.700000762939453,18.84000015258789,25000,0.0,0.0,0.0
2024-06-27 00:00:00-04:00,18.790000915527344,18.850000381469727,18.790000915527344,18.81999969482422,19700,0.0,0.0,0.0
2024-06-28 00:00:00-04:00,18.84000015258789,18.90999984741211,18.81999969482422,18.84000015258789,8400,0.0,0.0,0.0
2024-07-01 00:00:00-04:00,18.850000381469727,18.8799991607666,18.839000701904297,18.8799991607666,8600,0.0,0.0,0.0
2024-07-02 00:00:00-04:00,18.8799991607666,18.899999618530273,18.847999572753906,18.89900016784668,5700,0.0,0.0,0.0
2024-07-03 00:00:00-04:00,18.91699981689453,18.940000534057617,18.91699981689453,18.940000534057617,7300,0.0,0.0,0.0
2024-07-05 00:00:00-04:00,18.940000534057617,19.0,18.93000030517578,18.940000534057617,17500,0.0,0.0,0.0
2024-07-08 00:00:00-04:00,19.010000228881836,19.010000228881836,18.95800018310547,19.0,27400,0.0,0.0,0.0
2024-07-09 00:00:00-04:00,19.009000778198242,19.010000228881836,18.972000122070312,18.981000900268555,5200,0.0,0.0,0.0
2024-07-10 00:00:00-04:00,19.0,19.010000228881836,18.951000213623047,18.992000579833984,4500,0.0,0.0,0.0
2024-07-11 00:00:00-04:00,18.989999771118164,19.010000228881836,18.950000762939453,18.958999633789062,18500,0.0,0.0,0.0
2024-07-12 00:00:00-04:00,18.979999542236328,19.040000915527344,18.969999313354492,19.016000747680664,6800,0.0,0.0,0.0
2024-07-15 00:00:00-04:00,19.010000228881836,19.040000915527344,18.979999542236328,19.020000457763672,26800,0.0,0.0,0.0
2024-07-16 00:00:00-04:00,19.030000686645508,19.040000915527344,19.0,19.02400016784668,14900,0.0,0.0,0.0
2024-07-17 00:00:00-04:00,19.0,19.049999237060547,19.0,19.030000686645508,10600,0.0,0.0,0.0
2024-07-18 00:00:00-04:00,19.049999237060547,19.049999237060547,19.030000686645508,19.049999237060547,18300,0.0,0.0,0.0
2024-07-19 00:00:00-04:00,19.030000686645508,19.040000915527344,18.8700008392334,18.899999618530273,16200,0.0,0.0,0.0
