Date,Open,High,Low,Close,Volume,Dividends,Stock Splits,Capital Gains
2023-08-22 00:00:00-04:00,20.1200008392334,20.1200008392334,20.041000366210938,20.041000366210938,376100,0.0,0.0,0.0
2023-08-23 00:00:00-04:00,20.190000534057617,20.270000457763672,20.190000534057617,20.19700050354004,500600,0.0,0.0,0.0
2023-08-24 00:00:00-04:00,20.09000015258789,20.09000015258789,19.98699951171875,19.98699951171875,502000,0.0,0.0,0.0
2023-08-25 00:00:00-04:00,20.030000686645508,20.10099983215332,20.020000457763672,20.10099983215332,775500,0.0,0.0,0.0
2023-08-28 00:00:00-04:00,20.214000701904297,20.214000701904297,20.214000701904297,20.214000701904297,100,0.0,0.0,0.0
2023-08-29 00:00:00-04:00,20.274999618530273,20.399999618530273,20.274999618530273,20.395000457763672,1400,0.0,0.0,0.0
2023-08-30 00:00:00-04:00,20.440000534057617,20.440000534057617,20.40999984741211,20.422000885009766,951400,0.0,0.0,0.0
2023-08-31 00:00:00-04:00,20.516000747680664,20.516000747680664,20.516000747680664,20.516000747680664,100,0.0,0.0,0.0
2023-09-01 00:00:00-04:00,20.547000885009766,20.547000885009766,20.547000885009766,20.547000885009766,100,0.0,0.0,0.0
2023-09-05 00:00:00-04:00,20.399999618530273,20.399999618530273,20.290000915527344,20.290000915527344,200,0.0,0.0,0.0
2023-09-06 00:00:00-04:00,20.25,20.25,20.25,20.25,100,0.0,0.0,0.0
2023-09-07 00:00:00-04:00,20.256999969482422,20.256999969482422,20.256999969482422,20.256999969482422,100,0.0,0.0,0.0
2023-09-08 00:00:00-04:00,20.34000015258789,20.360000610351562,20.260000228881836,20.260000228881836,600,0.0,0.0,0.0
2023-09-11 00:00:00-04:00,20.309999465942383,20.309999465942383,20.309999465942383,20.309999465942383,100,0.0,0.0,0.0
2023-09-12 00:00:00-04:00,20.31999969482422,20.3799991607666,20.290000915527344,20.350000381469727,876700,0.0,0.0,0.0
2023-09-13 00:00:00-04:00,20.329999923706055,20.329999923706055,20.309999465942383,20.309999465942383,200,0.0,0.0,0.0
2023-09-14 00:00:00-04:00,20.400999069213867,20.43000030517578,20.400999069213867,20.43000030517578,400,0.0,0.0,0.0
2023-09-15 00:00:00-04:00,20.389999389648438,20.389999389648438,20.31999969482422,20.31999969482422,800,0.0,0.0,0.0
2023-09-18 00:00:00-04:00,20.350000381469727,20.350000381469727,20.350000381469727,20.350000381469727,100,0.0,0.0,0.0
2023-09-19 00:00:00-04:00,20.299999237060547,20.299999237060547,20.299999237060547,20.299999237060547,500,0.0,0.0,0.0
2023-09-20 00:00:00-04:00,20.229999542236328,20.229999542236328,20.229999542236328,20.229999542236328,200,0.0,0.0,0.0
2023-09-21 00:00:00-04:00,20.020999908447266,20.020999908447266,20.020999908447266,20.020999908447266,100,0.0,0.0,0.0
2023-09-22 00:00:00-04:00,20.020000457763672,20.020000457763672,19.920000076293945,19.920000076293945,600,0.0,0.0,0.0
2023-09-25 00:00:00-04:00,19.98200035095215,19.98200035095215,19.98200035095215,19.98200035095215,100,0.0,0.0,0.0
2023-09-26 00:00:00-04:00,19.75,19.75,19.75,19.75,200,0.0,0.0,0.0
2023-09-27 00:00:00-04:00,19.739999771118164,19.739999771118164,19.739999771118164,19.739999771118164,400,0.0,0.0,0.0
2023-09-28 00:00:00-04:00,19.829999923706055,19.829999923706055,19.780000686645508,19.780000686645508,500,0.0,0.0,0.0
2023-09-29 00:00:00-04:00,19.739999771118164,19.739999771118164,19.739999771118164,19.739999771118164,300,0.0,0.0,0.0
2023-10-02 00:00:00-04:00,19.610000610351562,19.610000610351562,19.610000610351562,19.610000610351562,200,0.0,0.0,0.0
2023-10-03 00:00:00-04:00,19.43000030517578,19.43000030517578,19.43000030517578,19.43000030517578,300,0.0,0.0,0.0
2023-10-04 00:00:00-04:00,19.40999984741211,19.40999984741211,19.40999984741211,19.40999984741211,0,0.0,0.0,0.0
2023-10-05 00:00:00-04:00,19.354999542236328,19.354999542236328,19.354999542236328,19.354999542236328,0,0.0,0.0,0.0
2023-10-06 00:00:00-04:00,19.54800033569336,19.54800033569336,19.54800033569336,19.54800033569336,0,0.0,0.0,0.0
2023-10-09 00:00:00-04:00,19.621000289916992,19.621000289916992,19.621000289916992,19.621000289916992,0,0.0,0.0,0.0
2023-10-10 00:00:00-04:00,19.719999313354492,19.719999313354492,19.707000732421875,19.707000732421875,300,0.0,0.0,0.0
2023-10-11 00:00:00-04:00,19.733999252319336,19.733999252319336,19.733999252319336,19.733999252319336,100,0.0,0.0,0.0
2023-10-12 00:00:00-04:00,19.59000015258789,19.59000015258789,19.59000015258789,19.59000015258789,200,0.0,0.0,0.0
2023-10-13 00:00:00-04:00,19.59000015258789,19.6299991607666,19.59000015258789,19.6299991607666,600,0.0,0.0,0.0
2023-10-16 00:00:00-04:00,19.812999725341797,19.812999725341797,19.812999725341797,19.812999725341797,100,0.0,0.0,0.0
2023-10-17 00:00:00-04:00,19.854999542236328,19.854999542236328,19.854999542236328,19.854999542236328,0,0.0,0.0,0.0
2023-10-18 00:00:00-04:00,19.700000762939453,19.700000762939453,19.700000762939453,19.700000762939453,0,0.0,0.0,0.0
2023-10-19 00:00:00-04:00,19.63599967956543,19.63599967956543,19.63599967956543,19.63599967956543,100,0.0,0.0,0.0
2023-10-20 00:00:00-04:00,19.520000457763672,19.520000457763672,19.5049991607666,19.5049991607666,500,0.0,0.0,0.0
2023-10-23 00:00:00-04:00,19.367000579833984,19.367000579833984,19.367000579833984,19.367000579833984,100,0.0,0.0,0.0
2023-10-24 00:00:00-04:00,19.500999450683594,19.500999450683594,19.500999450683594,19.500999450683594,0,0.0,0.0,0.0
2023-10-25 00:00:00-04:00,19.36400032043457,19.36400032043457,19.36400032043457,19.36400032043457,100,0.0,0.0,0.0
2023-10-26 00:00:00-04:00,19.361000061035156,19.361000061035156,19.361000061035156,19.361000061035156,0,0.0,0.0,0.0
2023-10-27 00:00:00-04:00,19.211000442504883,19.211000442504883,19.211000442504883,19.211000442504883,100,0.0,0.0,0.0
2023-10-30 00:00:00-04:00,19.363000869750977,19.363000869750977,19.363000869750977,19.363000869750977,100,0.0,0.0,0.0
2023-10-31 00:00:00-04:00,19.51099967956543,19.51099967956543,19.51099967956543,19.51099967956543,100,0.0,0.0,0.0
2023-11-01 00:00:00-04:00,19.56100082397461,19.56100082397461,19.56100082397461,19.56100082397461,100,0.0,0.0,0.0
2023-11-02 00:00:00-04:00,19.82699966430664,19.878000259399414,19.82699966430664,19.878000259399414,400,0.0,0.0,0.0
2023-11-03 00:00:00-04:00,20.077999114990234,20.077999114990234,20.077999114990234,20.077999114990234,100,0.0,0.0,0.0
2023-11-06 00:00:00-05:00,20.024999618530273,20.024999618530273,20.024999618530273,20.024999618530273,100,0.0,0.0,0.0
2023-11-07 00:00:00-05:00,19.945999145507812,19.945999145507812,19.945999145507812,19.945999145507812,100,0.0,0.0,0.0
2023-11-08 00:00:00-05:00,19.865999221801758,19.865999221801758,19.865999221801758,19.865999221801758,200,0.0,0.0,0.0
2023-11-09 00:00:00-05:00,19.732999801635742,19.732999801635742,19.732999801635742,19.732999801635742,100,0.0,0.0,0.0
2023-11-10 00:00:00-05:00,19.913000106811523,19.913000106811523,19.913000106811523,19.913000106811523,100,0.0,0.0,0.0
2023-11-13 00:00:00-05:00,19.947999954223633,19.950000762939453,19.895000457763672,19.895000457763672,600,0.0,0.0,0.0
2023-11-14 00:00:00-05:00,20.20800018310547,20.20800018310547,20.20800018310547,20.20800018310547,100,0.0,0.0,0.0
2023-11-15 00:00:00-05:00,20.290000915527344,20.290000915527344,20.290000915527344,20.290000915527344,100,0.0,0.0,0.0
2023-11-16 00:00:00-05:00,20.200000762939453,20.216999053955078,20.200000762939453,20.216999053955078,300,0.0,0.0,0.0
2023-11-17 00:00:00-05:00,20.274999618530273,20.274999618530273,20.274999618530273,20.274999618530273,100,0.0,0.0,0.0
2023-11-20 00:00:00-05:00,20.420000076293945,20.420000076293945,20.361000061035156,20.361000061035156,100,0.0,0.0,0.0
2023-11-21 00:00:00-05:00,20.302000045776367,20.302000045776367,20.302000045776367,20.302000045776367,0,0.0,0.0,0.0
2023-11-22 00:00:00-05:00,20.43000030517578,20.440000534057617,20.43000030517578,20.440000534057617,300,0.0,0.0,0.0
2023-11-24 00:00:00-05:00,20.459999084472656,20.459999084472656,20.459999084472656,20.459999084472656,200,0.0,0.0,0.0
2023-11-27 00:00:00-05:00,20.40999984741211,20.40999984741211,20.40999984741211,20.40999984741211,200,0.0,0.0,0.0
2023-11-28 00:00:00-05:00,20.520000457763672,20.520000457763672,20.43000030517578,20.43000030517578,400,0.0,0.0,0.0
2023-11-29 00:00:00-05:00,20.40999984741211,20.40999984741211,20.40999984741211,20.40999984741211,200,0.0,0.0,0.0
2023-11-30 00:00:00-05:00,20.479999542236328,20.479999542236328,20.479999542236328,20.479999542236328,200,0.0,0.0,0.0
2023-12-01 00:00:00-05:00,20.6200008392334,20.6200008392334,20.6200008392334,20.6200008392334,200,0.0,0.0,0.0
2023-12-04 00:00:00-05:00,20.600000381469727,20.600000381469727,20.600000381469727,20.600000381469727,200,0.0,0.0,0.0
2023-12-05 00:00:00-05:00,20.525999069213867,20.525999069213867,20.525999069213867,20.525999069213867,100,0.0,0.0,0.0
2023-12-06 00:00:00-05:00,20.600000381469727,20.600000381469727,20.527000427246094,20.527000427246094,100,0.0,0.0,0.0
2023-12-07 00:00:00-05:00,20.576000213623047,20.576000213623047,20.576000213623047,20.576000213623047,100,0.0,0.0,0.0
2023-12-08 00:00:00-05:00,20.56999969482422,20.56999969482422,20.56999969482422,20.56999969482422,200,0.0,0.0,0.0
2023-12-11 00:00:00-05:00,20.690000534057617,20.729999542236328,20.690000534057617,20.71500015258789,1000,0.0,0.0,0.0
2023-12-12 00:00:00-05:00,20.670000076293945,20.670000076293945,20.670000076293945,20.670000076293945,300,0.0,0.0,0.0
2023-12-13 00:00:00-05:00,20.760000228881836,20.850000381469727,20.760000228881836,20.850000381469727,1100,0.0,0.0,0.0
2023-12-14 00:00:00-05:00,20.93000030517578,20.93000030517578,20.93000030517578,20.93000030517578,100,0.0,0.0,0.0
2023-12-15 00:00:00-05:00,20.84000015258789,20.84000015258789,20.81599998474121,20.81599998474121,100,0.0,0.0,0.0
2023-12-18 00:00:00-05:00,20.889999389648438,20.889999389648438,20.889999389648438,20.889999389648438,200,0.0,0.0,0.0
2023-12-19 00:00:00-05:00,20.950000762939453,20.950000762939453,20.950000762939453,20.950000762939453,200,0.0,0.0,0.0
2023-12-20 00:00:00-05:00,20.767000198364258,20.767000198364258,20.767000198364258,20.767000198364258,100,0.0,0.0,0.0
2023-12-21 00:00:00-05:00,20.8799991607666,20.899999618530273,20.8799991607666,20.899999618530273,7100,0.0,0.0,0.0
2023-12-22 00:00:00-05:00,20.940000534057617,20.940000534057617,20.91200065612793,20.91200065612793,200,0.0,0.0,0.0
2023-12-26 00:00:00-05:00,20.719999313354492,20.719999313354492,20.68000030517578,20.68000030517578,200,0.0,0.0,0.0
2023-12-27 00:00:00-05:00,20.709999084472656,20.709999084472656,20.683000564575195,20.683000564575195,100,0.0,0.0,0.0
2023-12-28 00:00:00-05:00,20.704999923706055,20.704999923706055,20.704999923706055,20.704999923706055,100,0.0,0.0,0.0
2023-12-29 00:00:00-05:00,20.719999313354492,20.790000915527344,20.719999313354492,20.760000228881836,1200,0.0,0.0,0.0
2024-01-02 00:00:00-05:00,20.777999877929688,20.777999877929688,20.777999877929688,20.777999877929688,100,0.0,0.0,0.0
2024-01-03 00:00:00-05:00,20.649999618530273,20.649999618530273,20.649999618530273,20.649999618530273,200,0.0,0.0,0.0
2024-01-04 00:00:00-05:00,20.68000030517578,20.719999313354492,20.665000915527344,20.665000915527344,5600,0.0,0.0,0.0
2024-01-05 00:00:00-05:00,20.679000854492188,20.679000854492188,20.679000854492188,20.679000854492188,100,0.0,0.0,0.0
2024-01-08 00:00:00-05:00,20.770000457763672,20.770000457763672,20.770000457763672,20.770000457763672,300,0.0,0.0,0.0
2024-01-09 00:00:00-05:00,20.709999084472656,20.709999084472656,20.709999084472656,20.709999084472656,200,0.0,0.0,0.0
2024-01-10 00:00:00-05:00,20.75,20.75,20.75,20.75,300,0.0,0.0,0.0
2024-01-11 00:00:00-05:00,20.690000534057617,20.690000534057617,20.690000534057617,20.690000534057617,200,0.0,0.0,0.0
2024-01-12 00:00:00-05:00,20.73200035095215,20.73200035095215,20.73200035095215,20.73200035095215,100,0.0,0.0,0.0
2024-01-16 00:00:00-05:00,20.65999984741211,20.65999984741211,20.65999984741211,20.65999984741211,200,0.0,0.0,0.0
2024-01-17 00:00:00-05:00,20.59000015258789,20.59000015258789,20.59000015258789,20.59000015258789,200,0.0,0.0,0.0
2024-01-18 00:00:00-05:00,20.700000762939453,20.700000762939453,20.700000762939453,20.700000762939453,200,0.0,0.0,0.0
2024-01-19 00:00:00-05:00,20.719999313354492,20.719999313354492,20.719999313354492,20.719999313354492,200,0.0,0.0,0.0
2024-01-22 00:00:00-05:00,20.57200050354004,20.57200050354004,20.57200050354004,20.57200050354004,100,0.0,0.0,0.0
2024-01-23 00:00:00-05:00,20.594999313354492,20.594999313354492,20.594999313354492,20.594999313354492,100,0.0,0.0,0.0
2024-01-24 00:00:00-05:00,20.59000015258789,20.59000015258789,20.562000274658203,20.562000274658203,1000,0.0,0.0,0.0
2024-01-25 00:00:00-05:00,20.645000457763672,20.645000457763672,20.645000457763672,20.645000457763672,100,0.0,0.0,0.0
2024-01-26 00:00:00-05:00,20.658000946044922,20.658000946044922,20.658000946044922,20.658000946044922,100,0.0,0.0,0.0
2024-01-29 00:00:00-05:00,20.724000930786133,20.724000930786133,20.724000930786133,20.724000930786133,100,0.0,0.0,0.0
2024-01-30 00:00:00-05:00,20.72599983215332,20.72599983215332,20.72599983215332,20.72599983215332,100,0.0,0.0,0.0
2024-01-31 00:00:00-05:00,20.61400032043457,20.61400032043457,20.61400032043457,20.61400032043457,100,0.0,0.0,0.0
2024-02-01 00:00:00-05:00,20.7549991607666,20.7549991607666,20.7549991607666,20.7549991607666,0,0.0,0.0,0.0
2024-02-02 00:00:00-05:00,20.68600082397461,20.68600082397461,20.68600082397461,20.68600082397461,100,0.0,0.0,0.0
2024-02-05 00:00:00-05:00,20.56399917602539,20.56399917602539,20.56399917602539,20.56399917602539,100,0.0,0.0,0.0
2024-02-06 00:00:00-05:00,20.63599967956543,20.63599967956543,20.63599967956543,20.63599967956543,0,0.0,0.0,0.0
2024-02-07 00:00:00-05:00,20.65399932861328,20.65399932861328,20.65399932861328,20.65399932861328,100,0.0,0.0,0.0
2024-02-08 00:00:00-05:00,20.6299991607666,20.6299991607666,20.6299991607666,20.6299991607666,0,0.0,0.0,0.0
2024-02-09 00:00:00-05:00,20.674999237060547,20.674999237060547,20.674999237060547,20.674999237060547,100,0.0,0.0,0.0
2024-02-12 00:00:00-05:00,20.77899932861328,20.77899932861328,20.77899932861328,20.77899932861328,100,0.0,0.0,0.0
2024-02-13 00:00:00-05:00,20.631000518798828,20.631000518798828,20.631000518798828,20.631000518798828,100,0.0,0.0,0.0
2024-02-14 00:00:00-05:00,20.722000122070312,20.722000122070312,20.722000122070312,20.722000122070312,100,0.0,0.0,0.0
2024-02-15 00:00:00-05:00,20.797000885009766,20.797000885009766,20.797000885009766,20.797000885009766,0,0.0,0.0,0.0
2024-02-16 00:00:00-05:00,20.746999740600586,20.746999740600586,20.746999740600586,20.746999740600586,100,0.0,0.0,0.0
2024-02-20 00:00:00-05:00,20.704999923706055,20.704999923706055,20.704999923706055,20.704999923706055,100,0.0,0.0,0.0
2024-02-21 00:00:00-05:00,20.746000289916992,20.749000549316406,20.739999771118164,20.749000549316406,1900,0.0,0.0,0.0
2024-02-22 00:00:00-05:00,20.78700065612793,20.78700065612793,20.78700065612793,20.78700065612793,100,0.0,0.0,0.0
2024-02-23 00:00:00-05:00,20.834999084472656,20.834999084472656,20.834999084472656,20.834999084472656,100,0.0,0.0,0.0
2024-02-26 00:00:00-05:00,20.760000228881836,20.775999069213867,20.760000228881836,20.775999069213867,200,0.0,0.0,0.0
2024-02-27 00:00:00-05:00,20.7810001373291,20.7810001373291,20.7810001373291,20.7810001373291,0,0.0,0.0,0.0
2024-02-28 00:00:00-05:00,20.80500030517578,20.80500030517578,20.80500030517578,20.80500030517578,100,0.0,0.0,0.0
2024-02-29 00:00:00-05:00,20.885000228881836,20.885000228881836,20.885000228881836,20.885000228881836,100,0.0,0.0,0.0
2024-03-01 00:00:00-05:00,20.89699935913086,20.89699935913086,20.89699935913086,20.89699935913086,100,0.0,0.0,0.0
2024-03-04 00:00:00-05:00,20.81999969482422,20.875999450683594,20.809999465942383,20.875999450683594,2000,0.0,0.0,0.0
2024-03-05 00:00:00-05:00,20.799999237060547,20.85099983215332,20.799999237060547,20.85099983215332,50000,0.0,0.0,0.0
2024-03-06 00:00:00-05:00,20.89900016784668,20.89900016784668,20.89900016784668,20.89900016784668,100,0.0,0.0,0.0
2024-03-07 00:00:00-05:00,20.934999465942383,20.934999465942383,20.934999465942383,20.934999465942383,100,0.0,0.0,0.0
2024-03-08 00:00:00-05:00,20.959999084472656,20.97599983215332,20.959999084472656,20.97599983215332,50000,0.0,0.0,0.0
2024-03-11 00:00:00-04:00,21.07200050354004,21.07200050354004,21.07200050354004,21.07200050354004,0,0.0,0.0,0.0
2024-03-12 00:00:00-04:00,21.108999252319336,21.108999252319336,21.108999252319336,21.108999252319336,100,0.0,0.0,0.0
2024-03-13 00:00:00-04:00,21.155000686645508,21.155000686645508,21.155000686645508,21.155000686645508,100,0.0,0.0,0.0
2024-03-14 00:00:00-04:00,21.08300018310547,21.08300018310547,21.08300018310547,21.08300018310547,100,0.0,0.0,0.0
2024-03-15 00:00:00-04:00,20.98900032043457,20.98900032043457,20.98900032043457,20.98900032043457,100,0.0,0.0,0.0
2024-03-18 00:00:00-04:00,21.03700065612793,21.03700065612793,21.03700065612793,21.03700065612793,100,0.0,0.0,0.0
2024-03-19 00:00:00-04:00,21.059999465942383,21.059999465942383,21.059999465942383,21.059999465942383,200,0.0,0.0,0.0
2024-03-20 00:00:00-04:00,21.136999130249023,21.136999130249023,21.136999130249023,21.136999130249023,100,0.0,0.0,0.0
2024-03-21 00:00:00-04:00,21.219999313354492,21.219999313354492,21.195999145507812,21.195999145507812,200,0.0,0.0,0.0
2024-03-22 00:00:00-04:00,21.163999557495117,21.163999557495117,21.163999557495117,21.163999557495117,100,0.0,0.0,0.0
2024-03-25 00:00:00-04:00,21.174999237060547,21.174999237060547,21.174999237060547,21.174999237060547,100,0.0,0.0,0.0
2024-03-26 00:00:00-04:00,19.829999923706055,19.829999923706055,19.749000549316406,19.749000549316406,8100,0.0,0.0,0.0
2024-03-27 00:00:00-04:00,19.78499984741211,19.87700080871582,19.78499984741211,19.87700080871582,700,0.0,0.0,0.0
2024-03-28 00:00:00-04:00,19.94099998474121,19.94099998474121,19.94099998474121,19.94099998474121,100,0.0,0.0,0.0
2024-04-01 00:00:00-04:00,19.940000534057617,19.940000534057617,19.8799991607666,19.937000274658203,2400,0.0,0.0,0.0
2024-04-02 00:00:00-04:00,19.850000381469727,19.850000381469727,19.850000381469727,19.850000381469727,100,0.0,0.0,0.0
2024-04-03 00:00:00-04:00,19.84000015258789,19.840999603271484,19.84000015258789,19.840999603271484,900,0.0,0.0,0.0
2024-04-04 00:00:00-04:00,19.719999313354492,19.719999313354492,19.702999114990234,19.702999114990234,3600,0.0,0.0,0.0
2024-04-05 00:00:00-04:00,19.781999588012695,19.781999588012695,19.781999588012695,19.781999588012695,100,0.0,0.0,0.0
2024-04-08 00:00:00-04:00,19.764999389648438,19.764999389648438,19.764999389648438,19.764999389648438,100,0.0,0.0,0.0
2024-04-09 00:00:00-04:00,19.83799934387207,19.83799934387207,19.83799934387207,19.83799934387207,100,0.0,0.0,0.0
2024-04-10 00:00:00-04:00,19.649999618530273,19.649999618530273,19.649999618530273,19.649999618530273,100,0.0,0.0,0.0
2024-04-11 00:00:00-04:00,19.655000686645508,19.655000686645508,19.655000686645508,19.655000686645508,100,0.0,0.0,0.0
2024-04-12 00:00:00-04:00,19.389999389648438,19.389999389648438,19.389999389648438,19.389999389648438,100,0.0,0.0,0.0
2024-04-15 00:00:00-04:00,19.304000854492188,19.304000854492188,19.304000854492188,19.304000854492188,100,0.0,0.0,0.0
2024-04-16 00:00:00-04:00,19.200000762939453,19.34000015258789,19.200000762939453,19.277000427246094,103500,0.0,0.0,0.0
2024-04-17 00:00:00-04:00,19.235000610351562,19.235000610351562,19.235000610351562,19.235000610351562,100,0.0,0.0,0.0
2024-04-18 00:00:00-04:00,19.16900062561035,19.16900062561035,19.16900062561035,19.16900062561035,100,0.0,0.0,0.0
2024-04-19 00:00:00-04:00,19.209999084472656,19.209999084472656,19.18600082397461,19.18600082397461,600,0.0,0.0,0.0
2024-04-22 00:00:00-04:00,19.309999465942383,19.389999389648438,19.29400062561035,19.29400062561035,400,0.0,0.0,0.0
2024-04-23 00:00:00-04:00,19.468000411987305,19.468000411987305,19.468000411987305,19.468000411987305,100,0.0,0.0,0.0
2024-04-24 00:00:00-04:00,19.49799919128418,19.49799919128418,19.49799919128418,19.49799919128418,100,0.0,0.0,0.0
2024-04-25 00:00:00-04:00,19.375999450683594,19.375999450683594,19.375999450683594,19.375999450683594,100,0.0,0.0,0.0
2024-04-26 00:00:00-04:00,19.47100067138672,19.47100067138672,19.47100067138672,19.47100067138672,100,0.0,0.0,0.0
2024-04-29 00:00:00-04:00,19.520000457763672,19.520000457763672,19.520000457763672,19.520000457763672,100,0.0,0.0,0.0
2024-04-30 00:00:00-04:00,19.32699966430664,19.32699966430664,19.32699966430664,19.32699966430664,100,0.0,0.0,0.0
2024-05-01 00:00:00-04:00,19.371000289916992,19.371000289916992,19.371000289916992,19.371000289916992,100,0.0,0.0,0.0
2024-05-02 00:00:00-04:00,19.356000900268555,19.356000900268555,19.356000900268555,19.356000900268555,100,0.0,0.0,0.0
2024-05-03 00:00:00-04:00,19.481000900268555,19.481000900268555,19.481000900268555,19.481000900268555,100,0.0,0.0,0.0
2024-05-06 00:00:00-04:00,19.569000244140625,19.569000244140625,19.569000244140625,19.569000244140625,100,0.0,0.0,0.0
2024-05-07 00:00:00-04:00,19.636999130249023,19.636999130249023,19.636999130249023,19.636999130249023,100,0.0,0.0,0.0
2024-05-08 00:00:00-04:00,19.676000595092773,19.676000595092773,19.676000595092773,19.676000595092773,100,0.0,0.0,0.0
2024-05-09 00:00:00-04:00,19.774999618530273,19.774999618530273,19.774999618530273,19.774999618530273,0,0.0,0.0,0.0
2024-05-10 00:00:00-04:00,19.90999984741211,19.90999984741211,19.829999923706055,19.8700008392334,6200,0.0,0.0,0.0
2024-05-13 00:00:00-04:00,19.829999923706055,19.863000869750977,19.809999465942383,19.863000869750977,50200,0.0,0.0,0.0
2024-05-14 00:00:00-04:00,19.8799991607666,19.8799991607666,19.8799991607666,19.8799991607666,300,0.0,0.0,0.0
2024-05-15 00:00:00-04:00,19.97800064086914,19.97800064086914,19.97800064086914,19.97800064086914,100,0.0,0.0,0.0
2024-05-16 00:00:00-04:00,20.02199935913086,20.02199935913086,20.02199935913086,20.02199935913086,100,0.0,0.0,0.0
2024-05-17 00:00:00-04:00,20.025999069213867,20.025999069213867,20.025999069213867,20.025999069213867,100,0.0,0.0,0.0
2024-05-20 00:00:00-04:00,20.059999465942383,20.059999465942383,20.0,20.0,200,0.0,0.0,0.0
2024-05-21 00:00:00-04:00,19.979000091552734,19.979000091552734,19.979000091552734,19.979000091552734,100,0.0,0.0,0.0
2024-05-22 00:00:00-04:00,19.972000122070312,19.972000122070312,19.972000122070312,19.972000122070312,100,0.0,0.0,0.0
2024-05-23 00:00:00-04:00,19.7450008392334,19.7450008392334,19.7450008392334,19.7450008392334,100,0.0,0.0,0.0
2024-05-24 00:00:00-04:00,19.770000457763672,19.770000457763672,19.729999542236328,19.729999542236328,700,0.0,0.0,0.0
2024-05-28 00:00:00-04:00,19.687999725341797,19.687999725341797,19.687999725341797,19.687999725341797,100,0.0,0.0,0.0
2024-05-29 00:00:00-04:00,19.490999221801758,19.490999221801758,19.490999221801758,19.490999221801758,100,0.0,0.0,0.0
2024-05-30 00:00:00-04:00,19.493999481201172,19.493999481201172,19.493999481201172,19.493999481201172,0,0.0,0.0,0.0
2024-05-31 00:00:00-04:00,19.670000076293945,19.670000076293945,19.670000076293945,19.670000076293945,200,0.0,0.0,0.0
2024-06-03 00:00:00-04:00,19.590999603271484,19.590999603271484,19.590999603271484,19.590999603271484,100,0.0,0.0,0.0
2024-06-04 00:00:00-04:00,19.60099983215332,19.60099983215332,19.60099983215332,19.60099983215332,100,0.0,0.0,0.0
2024-06-05 00:00:00-04:00,19.624000549316406,19.624000549316406,19.624000549316406,19.624000549316406,100,0.0,0.0,0.0
2024-06-06 00:00:00-04:00,19.672000885009766,19.672000885009766,19.672000885009766,19.672000885009766,200,0.0,0.0,0.0
2024-06-07 00:00:00-04:00,19.67799949645996,19.67799949645996,19.67799949645996,19.67799949645996,100,0.0,0.0,0.0
2024-06-10 00:00:00-04:00,19.70800018310547,19.70800018310547,19.70800018310547,19.70800018310547,100,0.0,0.0,0.0
2024-06-11 00:00:00-04:00,19.631000518798828,19.631000518798828,19.631000518798828,19.631000518798828,100,0.0,0.0,0.0
2024-06-12 00:00:00-04:00,19.650999069213867,19.650999069213867,19.650999069213867,19.650999069213867,100,0.0,0.0,0.0
2024-06-13 00:00:00-04:00,19.520999908447266,19.520999908447266,19.520999908447266,19.520999908447266,100,0.0,0.0,0.0
2024-06-14 00:00:00-04:00,19.503999710083008,19.503999710083008,19.503999710083008,19.503999710083008,100,0.0,0.0,0.0
2024-06-17 00:00:00-04:00,19.586000442504883,19.586000442504883,19.586000442504883,19.586000442504883,100,0.0,0.0,0.0
2024-06-18 00:00:00-04:00,19.608999252319336,19.608999252319336,19.608999252319336,19.608999252319336,100,0.0,0.0,0.0
2024-06-20 00:00:00-04:00,19.732999801635742,19.732999801635742,19.732999801635742,19.732999801635742,100,0.0,0.0,0.0
2024-06-21 00:00:00-04:00,19.843000411987305,19.843000411987305,19.843000411987305,19.843000411987305,100,0.0,0.0,0.0
2024-06-24 00:00:00-04:00,19.875999450683594,19.875999450683594,19.875999450683594,19.875999450683594,100,0.0,0.0,0.0
2024-06-25 00:00:00-04:00,19.760000228881836,19.760000228881836,19.760000228881836,19.760000228881836,100,0.0,0.0,0.0
2024-06-26 00:00:00-04:00,18.950000762939453,18.950000762939453,18.906999588012695,18.906999588012695,300,0.0,0.0,0.0
2024-06-27 00:00:00-04:00,18.889999389648438,18.889999389648438,18.889999389648438,18.889999389648438,100,0.0,0.0,0.0
2024-06-28 00:00:00-04:00,18.87700080871582,18.87700080871582,18.87700080871582,18.87700080871582,100,0.0,0.0,0.0
2024-07-01 00:00:00-04:00,18.801000595092773,18.801000595092773,18.801000595092773,18.801000595092773,100,0.0,0.0,0.0
2024-07-02 00:00:00-04:00,18.8700008392334,18.8700008392334,18.81999969482422,18.81999969482422,900,0.0,0.0,0.0
2024-07-03 00:00:00-04:00,18.844999313354492,18.844999313354492,18.844999313354492,18.844999313354492,100,0.0,0.0,0.0
2024-07-05 00:00:00-04:00,18.860000610351562,18.860000610351562,18.81999969482422,18.81999969482422,600,0.0,0.0,0.0
2024-07-08 00:00:00-04:00,18.81399917602539,18.81399917602539,18.81399917602539,18.81399917602539,100,0.0,0.0,0.0
2024-07-09 00:00:00-04:00,18.777000427246094,18.777000427246094,18.777000427246094,18.777000427246094,100,0.0,0.0,0.0
2024-07-10 00:00:00-04:00,18.899999618530273,18.899999618530273,18.889999389648438,18.889999389648438,200,0.0,0.0,0.0
2024-07-11 00:00:00-04:00,18.94499969482422,19.023000717163086,18.94499969482422,19.023000717163086,100,0.0,0.0,0.0
2024-07-12 00:00:00-04:00,19.12700080871582,19.12700080871582,19.12700080871582,19.12700080871582,100,0.0,0.0,0.0
2024-07-15 00:00:00-04:00,19.1200008392334,19.1200008392334,19.1200008392334,19.1200008392334,100,0.0,0.0,0.0
2024-07-16 00:00:00-04:00,19.301000595092773,19.301000595092773,19.301000595092773,19.301000595092773,100,0.0,0.0,0.0
2024-07-17 00:00:00-04:00,19.246999740600586,19.246999740600586,19.246999740600586,19.246999740600586,100,0.0,0.0,0.0
2024-07-18 00:00:00-04:00,19.156999588012695,19.156999588012695,19.156999588012695,19.156999588012695,100,0.0,0.0,0.0
2024-07-19 00:00:00-04:00,19.034000396728516,19.034000396728516,19.034000396728516,19.034000396728516,100,0.0,0.0,0.0
2024-07-22 00:00:00-04:00,19.167999267578125,19.167999267578125,19.167999267578125,19.167999267578125,100,0.0,0.0,0.0
2024-07-23 00:00:00-04:00,19.07699966430664,19.07699966430664,19.07699966430664,19.07699966430664,100,0.0,0.0,0.0
2024-07-24 00:00:00-04:00,18.982999801635742,18.982999801635742,18.982999801635742,18.982999801635742,200,0.0,0.0,0.0
2024-07-25 00:00:00-04:00,19.017000198364258,19.017000198364258,19.017000198364258,19.017000198364258,100,0.0,0.0,0.0
2024-07-26 00:00:00-04:00,19.209999084472656,19.209999084472656,19.125999450683594,19.125999450683594,300,0.0,0.0,0.0
2024-07-29 00:00:00-04:00,19.1299991607666,19.1299991607666,19.1299991607666,19.1299991607666,100,0.0,0.0,0.0
2024-07-30 00:00:00-04:00,19.20400047302246,19.20400047302246,19.20400047302246,19.20400047302246,100,0.0,0.0,0.0
2024-07-31 00:00:00-04:00,19.297000885009766,19.297000885009766,19.297000885009766,19.297000885009766,100,0.0,0.0,0.0
2024-08-01 00:00:00-04:00,19.190000534057617,19.190000534057617,19.190000534057617,19.190000534057617,600,0.0,0.0,0.0
2024-08-02 00:00:00-04:00,18.8799991607666,18.8799991607666,18.865999221801758,18.865999221801758,100,0.0,0.0,0.0
2024-08-05 00:00:00-04:00,18.600000381469727,18.600000381469727,18.493000030517578,18.493000030517578,200,0.0,0.0,0.0
2024-08-06 00:00:00-04:00,18.790000915527344,18.790000915527344,18.68000030517578,18.68000030517578,200,0.0,0.0,0.0
2024-08-07 00:00:00-04:00,18.809999465942383,18.809999465942383,18.606000900268555,18.606000900268555,200,0.0,0.0,0.0
2024-08-08 00:00:00-04:00,18.93199920654297,18.93199920654297,18.93199920654297,18.93199920654297,100,0.0,0.0,0.0
2024-08-09 00:00:00-04:00,18.94499969482422,18.94499969482422,18.94499969482422,18.94499969482422,100,0.0,0.0,0.0
2024-08-12 00:00:00-04:00,18.908000946044922,18.908000946044922,18.908000946044922,18.908000946044922,100,0.0,0.0,0.0
2024-08-13 00:00:00-04:00,19.075000762939453,19.075000762939453,19.075000762939453,19.075000762939453,100,0.0,0.0,0.0
2024-08-14 00:00:00-04:00,19.13599967956543,19.13599967956543,19.13599967956543,19.13599967956543,100,0.0,0.0,0.0
2024-08-15 00:00:00-04:00,19.33799934387207,19.33799934387207,19.33799934387207,19.33799934387207,100,0.0,0.0,0.0
2024-08-16 00:00:00-04:00,19.371000289916992,19.371000289916992,19.371000289916992,19.371000289916992,200,0.0,0.0,0.0
2024-08-19 00:00:00-04:00,19.427000045776367,19.427000045776367,19.427000045776367,19.427000045776367,100,0.0,0.0,0.0
2024-08-20 00:00:00-04:00,19.406999588012695,19.406999588012695,19.406999588012695,19.406999588012695,100,0.0,0.0,0.0
2024-08-21 00:00:00-04:00,19.479999542236328,19.485000610351562,19.479999542236328,19.485000610351562,400,0.0,0.0,0.0
2024-08-22 00:00:00-04:00,19.399999618530273,19.399999618530273,19.399999618530273,19.399999618530273,100,0.0,0.0,0.0
2024-08-23 00:00:00-04:00,19.496000289916992,19.496000289916992,19.496000289916992,19.496000289916992,100,0.0,0.0,0.0
2024-08-26 00:00:00-04:00,19.5310001373291,19.5310001373291,19.5310001373291,19.5310001373291,100,0.0,0.0,0.0
2024-08-27 00:00:00-04:00,19.489999771118164,19.489999771118164,19.489999771118164,19.489999771118164,100,0.0,0.0,0.0
2024-08-28 00:00:00-04:00,19.44300079345703,19.44300079345703,19.44300079345703,19.44300079345703,100,0.0,0.0,0.0
2024-08-29 00:00:00-04:00,19.511999130249023,19.511999130249023,19.511999130249023,19.511999130249023,100,0.0,0.0,0.0
2024-08-30 00:00:00-04:00,19.538999557495117,19.538999557495117,19.538999557495117,19.538999557495117,0,0.0,0.0,0.0
2024-09-03 00:00:00-04:00,19.538999557495117,19.538999557495117,19.538999557495117,19.538999557495117,0,0.0,0.0,0.0
2024-09-04 00:00:00-04:00,19.344999313354492,19.344999313354492,19.344999313354492,19.344999313354492,100,0.0,0.0,0.0
2024-09-05 00:00:00-04:00,19.309999465942383,19.309999465942383,19.309999465942383,19.309999465942383,100,0.0,0.0,0.0
2024-09-06 00:00:00-04:00,19.239999771118164,19.239999771118164,19.15399932861328,19.15399932861328,100,0.0,0.0,0.0
2024-09-09 00:00:00-04:00,19.23699951171875,19.23699951171875,19.23699951171875,19.23699951171875,100,0.0,0.0,0.0
2024-09-10 00:00:00-04:00,19.200000762939453,19.200000762939453,19.200000762939453,19.200000762939453,100,0.0,0.0,0.0
2024-09-11 00:00:00-04:00,19.298999786376953,19.298999786376953,19.298999786376953,19.298999786376953,100,0.0,0.0,0.0
2024-09-12 00:00:00-04:00,19.350000381469727,19.350000381469727,19.350000381469727,19.350000381469727,200,0.0,0.0,0.0
2024-09-13 00:00:00-04:00,19.42799949645996,19.437000274658203,19.42799949645996,19.437000274658203,300,0.0,0.0,0.0
2024-09-16 00:00:00-04:00,19.489999771118164,19.489999771118164,19.489999771118164,19.489999771118164,100,0.0,0.0,0.0
2024-09-17 00:00:00-04:00,19.540000915527344,19.540000915527344,19.540000915527344,19.540000915527344,200,0.0,0.0,0.0
2024-09-18 00:00:00-04:00,19.533000946044922,19.533000946044922,19.533000946044922,19.533000946044922,100,0.0,0.0,0.0
2024-09-19 00:00:00-04:00,19.829999923706055,19.84000015258789,19.687000274658203,19.70400047302246,6400,0.0,0.0,0.0
2024-09-20 00:00:00-04:00,19.649999618530273,19.631099700927734,19.602500915527344,19.631099700927734,283,0.0,0.0,0.0
