Date,Open,High,Low,Close,Volume,Dividends,Stock Splits,Capital Gains
2017-11-06 00:00:00-05:00,23.218812942504883,23.218812942504883,23.19151747546437,23.218812942504883,600,0.0,0.0,0.0
2017-11-07 00:00:00-05:00,23.18242014330593,23.18242014330593,23.118732452392578,23.118732452392578,2100,0.0,0.0,0.0
2017-11-08 00:00:00-05:00,23.118732452392578,23.118732452392578,23.118732452392578,23.118732452392578,0,0.0,0.0,0.0
2017-11-09 00:00:00-05:00,22.745701091645795,22.76935577392578,22.745701091645795,22.76935577392578,2200,0.0,0.0,0.0
2017-11-10 00:00:00-05:00,22.8184871673584,22.8184871673584,22.8184871673584,22.8184871673584,500,0.0,0.0,0.0
2017-11-13 00:00:00-05:00,22.672008991305507,22.67291831970215,22.65563066800874,22.67291831970215,600,0.0,0.0,0.0
2017-11-14 00:00:00-05:00,22.882173538208008,22.882173538208008,22.882173538208008,22.882173538208008,2700,0.0,0.0,0.0
2017-11-15 00:00:00-05:00,22.76389868593001,22.76389868593001,22.72750473022461,22.72750473022461,1300,0.0,0.0,0.0
2017-11-16 00:00:00-05:00,22.72750473022461,22.72750473022461,22.72750473022461,22.72750473022461,0,0.0,0.0,0.0
2017-11-17 00:00:00-05:00,22.72750473022461,22.72750473022461,22.72750473022461,22.72750473022461,0,0.0,0.0,0.0
2017-11-20 00:00:00-05:00,22.82758903503418,22.82758903503418,22.82758903503418,22.82758903503418,1000,0.0,0.0,0.0
2017-11-21 00:00:00-05:00,23.018648147583008,23.018648147583008,23.018648147583008,23.018648147583008,200,0.0,0.0,0.0
2017-11-22 00:00:00-05:00,23.018648147583008,23.018648147583008,23.018648147583008,23.018648147583008,0,0.0,0.0,0.0
2017-11-24 00:00:00-05:00,23.23700965709288,23.24064870558516,23.231550216674805,23.231550216674805,300,0.0,0.0,0.0
2017-11-27 00:00:00-05:00,23.19151715670214,23.19151715670214,23.10963249206543,23.10963249206543,800,0.0,0.0,0.0
2017-11-28 00:00:00-05:00,23.10963249206543,23.10963249206543,23.10963249206543,23.10963249206543,0,0.0,0.0,0.0
2017-11-29 00:00:00-05:00,23.06414249076578,23.06414249076578,23.05140495300293,23.05140495300293,400,0.0,0.0,0.0
2017-11-30 00:00:00-05:00,23.237010955810547,23.237010955810547,23.237010955810547,23.237010955810547,100,0.0,0.0,0.0
2017-12-01 00:00:00-05:00,22.973159790039062,22.973159790039062,22.973159790039062,22.973159790039062,1300,0.0,0.0,0.0
2017-12-04 00:00:00-05:00,23.06414031982422,23.06414031982422,23.06414031982422,23.06414031982422,200,0.0,0.0,0.0
2017-12-05 00:00:00-05:00,23.009553909301758,23.009553909301758,23.009553909301758,23.009553909301758,300,0.0,0.0,0.0
2017-12-06 00:00:00-05:00,23.009553909301758,23.009553909301758,23.009553909301758,23.009553909301758,0,0.0,0.0,0.0
2017-12-07 00:00:00-05:00,23.009553909301758,23.009553909301758,23.009553909301758,23.009553909301758,400,0.0,0.0,0.0
2017-12-08 00:00:00-05:00,23.07324070726585,23.100534439086914,23.07324070726585,23.100534439086914,300,0.0,0.0,0.0
2017-12-11 00:00:00-05:00,23.036848068237305,23.036848068237305,23.036848068237305,23.036848068237305,100,0.0,0.0,0.0
2017-12-12 00:00:00-05:00,23.036848068237305,23.036848068237305,23.036848068237305,23.036848068237305,0,0.0,0.0,0.0
2017-12-13 00:00:00-05:00,23.036848068237305,23.036848068237305,23.036848068237305,23.036848068237305,0,0.0,0.0,0.0
2017-12-14 00:00:00-05:00,23.036848068237305,23.036848068237305,23.036848068237305,23.036848068237305,0,0.0,0.0,0.0
2017-12-15 00:00:00-05:00,23.036848068237305,23.036848068237305,23.036848068237305,23.036848068237305,0,0.0,0.0,0.0
2017-12-18 00:00:00-05:00,23.408967971801758,23.408967971801758,23.408967971801758,23.408967971801758,200,0.0,0.0,0.0
2017-12-19 00:00:00-05:00,23.330720901489258,23.330720901489258,23.330720901489258,23.330720901489258,200,0.0,0.0,0.0
2017-12-20 00:00:00-05:00,23.26430320739746,23.26430320739746,23.26430320739746,23.26430320739746,200,0.0,0.0,0.0
2017-12-21 00:00:00-05:00,23.26430320739746,23.26430320739746,23.26430320739746,23.26430320739746,0,0.0,0.0,0.0
2017-12-22 00:00:00-05:00,23.055042266845703,23.055042266845703,23.055042266845703,23.055042266845703,100,0.0,0.0,0.0
2017-12-26 00:00:00-05:00,23.055042266845703,23.055042266845703,23.055042266845703,23.055042266845703,0,0.0,0.0,0.0
2017-12-27 00:00:00-05:00,23.055042266845703,23.055042266845703,23.055042266845703,23.055042266845703,0,0.0,0.0,0.0
2017-12-28 00:00:00-05:00,23.178779346851076,23.178779346851076,23.15512466430664,23.15512466430664,400,0.0,0.0,0.0
2017-12-29 00:00:00-05:00,23.15512466430664,23.15512466430664,23.15512466430664,23.15512466430664,0,0.0,0.0,0.0
2018-01-02 00:00:00-05:00,23.20061492919922,23.20061492919922,23.20061492919922,23.20061492919922,100,0.0,0.0,0.0
2018-01-03 00:00:00-05:00,23.409875714417222,23.409875714417222,23.336180210291985,23.33708953857422,8700,0.0,0.0,0.0
2018-01-04 00:00:00-05:00,23.764713287353516,23.764713287353516,23.764713287353516,23.764713287353516,200,0.0,0.0,0.0
2018-01-05 00:00:00-05:00,23.764713287353516,23.764713287353516,23.764713287353516,23.764713287353516,0,0.0,0.0,0.0
2018-01-08 00:00:00-05:00,23.764713287353516,23.764713287353516,23.764713287353516,23.764713287353516,0,0.0,0.0,0.0
2018-01-09 00:00:00-05:00,23.764713287353516,23.764713287353516,23.764713287353516,23.764713287353516,0,0.0,0.0,0.0
2018-01-10 00:00:00-05:00,23.728316824459988,23.737415313720703,23.728316824459988,23.737415313720703,1800,0.0,0.0,0.0
2018-01-11 00:00:00-05:00,23.737415313720703,23.737415313720703,23.737415313720703,23.737415313720703,0,0.0,0.0,0.0
2018-01-12 00:00:00-05:00,24.01035953387085,24.100433349609375,24.01035953387085,24.100433349609375,900,0.0,0.0,0.0
2018-01-16 00:00:00-05:00,24.292408312747977,24.301505065638857,24.146835971465226,24.187776565551758,1200,0.0,0.0,0.0
2018-01-17 00:00:00-05:00,24.11044386114645,24.28331168039113,24.11044386114645,24.246917724609375,1900,0.0,0.0,0.0
2018-01-18 00:00:00-05:00,24.291495757295337,24.292406820815824,24.28057861328125,24.28057861328125,1000,0.0,0.0,0.0
2018-01-19 00:00:00-05:00,24.28057861328125,24.28057861328125,24.28057861328125,24.28057861328125,0,0.0,0.0,0.0
2018-01-22 00:00:00-05:00,24.72821807861328,24.72821807861328,24.72821807861328,24.72821807861328,100,0.0,0.0,0.0
2018-01-23 00:00:00-05:00,24.84740447998047,24.84740447998047,24.84740447998047,24.84740447998047,200,0.0,0.0,0.0
2018-01-24 00:00:00-05:00,24.84740447998047,24.84740447998047,24.84740447998047,24.84740447998047,100,0.0,0.0,0.0
2018-01-25 00:00:00-05:00,24.792814254760742,24.792814254760742,24.792814254760742,24.792814254760742,100,0.0,0.0,0.0
2018-01-26 00:00:00-05:00,24.792814254760742,24.792814254760742,24.792814254760742,24.792814254760742,0,0.0,0.0,0.0
2018-01-29 00:00:00-05:00,24.61084850863104,24.629045486450195,24.61084850863104,24.629045486450195,600,0.0,0.0,0.0
2018-01-30 00:00:00-05:00,24.547159352785826,24.547159352785826,24.402496337890625,24.402496337890625,900,0.0,0.0,0.0
2018-01-31 00:00:00-05:00,24.402496337890625,24.402496337890625,24.402496337890625,24.402496337890625,0,0.0,0.0,0.0
2018-02-01 00:00:00-05:00,24.210527420043945,24.210527420043945,24.210527420043945,24.210527420043945,400,0.0,0.0,0.0
2018-02-02 00:00:00-05:00,23.801105512874344,23.801105512874344,23.764713287353516,23.764713287353516,900,0.0,0.0,0.0
2018-02-05 00:00:00-05:00,22.736602783203125,22.736602783203125,22.736602783203125,22.736602783203125,200,0.0,0.0,0.0
2018-02-06 00:00:00-05:00,22.736602783203125,22.736602783203125,22.736602783203125,22.736602783203125,0,0.0,0.0,0.0
2018-02-07 00:00:00-05:00,23.13055992126465,23.13055992126465,23.13055992126465,23.13055992126465,2800,0.0,0.0,0.0
2018-02-08 00:00:00-05:00,22.82758935341144,22.82758935341144,22.449100494384766,22.449100494384766,1000,0.0,0.0,0.0
2018-02-09 00:00:00-05:00,22.449100494384766,22.449100494384766,22.449100494384766,22.449100494384766,0,0.0,0.0,0.0
2018-02-12 00:00:00-05:00,22.449100494384766,22.449100494384766,22.449100494384766,22.449100494384766,0,0.0,0.0,0.0
2018-02-13 00:00:00-05:00,22.65471649169922,22.65471649169922,22.65471649169922,22.65471649169922,100,0.0,0.0,0.0
2018-02-14 00:00:00-05:00,23.018649472455863,23.018649472455863,22.886725721204172,22.918569564819336,8400,0.0,0.0,0.0
2018-02-15 00:00:00-05:00,23.12691879272461,23.12691879272461,23.12691879272461,23.12691879272461,300,0.0,0.0,0.0
2018-02-16 00:00:00-05:00,23.317983513836882,23.317983513836882,23.255205154418945,23.255205154418945,400,0.0,0.0,0.0
2018-02-20 00:00:00-05:00,23.12328110137613,23.12328110137613,23.073240280151367,23.073240280151367,400,0.0,0.0,0.0
2018-02-21 00:00:00-05:00,22.918569564819336,22.918569564819336,22.918569564819336,22.918569564819336,400,0.0,0.0,0.0
2018-02-22 00:00:00-05:00,23.055042266845703,23.055042266845703,23.055042266845703,23.055042266845703,300,0.0,0.0,0.0
2018-02-23 00:00:00-05:00,23.164220809936523,23.164220809936523,23.164220809936523,23.164220809936523,200,0.0,0.0,0.0
2018-02-26 00:00:00-05:00,23.14602632320205,23.26430320739746,23.14602632320205,23.26430320739746,400,0.0,0.0,0.0
2018-02-27 00:00:00-05:00,22.8930962458997,22.8930962458997,22.84578514099121,22.84578514099121,1200,0.0,0.0,0.0
2018-02-28 00:00:00-05:00,22.84578514099121,22.84578514099121,22.84578514099121,22.84578514099121,0,0.0,0.0,0.0
2018-03-01 00:00:00-05:00,22.40906524658203,22.40906524658203,22.40906524658203,22.40906524658203,300,0.0,0.0,0.0
2018-03-02 00:00:00-05:00,22.208901488359015,22.22709846496582,22.19343423177915,22.22709846496582,1000,0.0,0.0,0.0
2018-03-05 00:00:00-05:00,22.22709846496582,22.22709846496582,22.22709846496582,22.22709846496582,0,0.0,0.0,0.0
2018-03-06 00:00:00-05:00,22.22709846496582,22.22709846496582,22.22709846496582,22.22709846496582,0,0.0,0.0,0.0
2018-03-07 00:00:00-05:00,22.22709846496582,22.22709846496582,22.22709846496582,22.22709846496582,0,0.0,0.0,0.0
2018-03-08 00:00:00-05:00,22.891273498535156,22.891273498535156,22.891273498535156,22.891273498535156,800,0.0,0.0,0.0
2018-03-09 00:00:00-05:00,22.891273498535156,22.891273498535156,22.891273498535156,22.891273498535156,0,0.0,0.0,0.0
2018-03-12 00:00:00-04:00,22.891273498535156,22.891273498535156,22.891273498535156,22.891273498535156,0,0.0,0.0,0.0
2018-03-13 00:00:00-04:00,22.891273498535156,22.891273498535156,22.891273498535156,22.891273498535156,0,0.0,0.0,0.0
2018-03-14 00:00:00-04:00,22.882177202970336,22.882177202970336,22.809391021728516,22.809391021728516,300,0.0,0.0,0.0
2018-03-15 00:00:00-04:00,22.809391021728516,22.809391021728516,22.809391021728516,22.809391021728516,0,0.0,0.0,0.0
2018-03-16 00:00:00-04:00,22.900373458862305,22.900373458862305,22.900373458862305,22.900373458862305,100,0.0,0.0,0.0
2018-03-19 00:00:00-04:00,22.900373458862305,22.900373458862305,22.900373458862305,22.900373458862305,0,0.0,0.0,0.0
2018-03-20 00:00:00-04:00,22.900373458862305,22.900373458862305,22.900373458862305,22.900373458862305,0,0.0,0.0,0.0
2018-03-21 00:00:00-04:00,22.900373458862305,22.900373458862305,22.900373458862305,22.900373458862305,0,0.0,0.0,0.0
2018-03-22 00:00:00-04:00,22.900373458862305,22.900373458862305,22.900373458862305,22.900373458862305,0,0.0,0.0,0.0
2018-03-23 00:00:00-04:00,21.991451263427734,21.991451263427734,21.991451263427734,21.991451263427734,500,0.0,0.0,0.0
2018-03-26 00:00:00-04:00,22.02693738615184,22.37267303466797,22.01784063230191,22.37267303466797,1100,0.0,0.0,0.0
2018-03-27 00:00:00-04:00,22.37267303466797,22.37267303466797,22.37267303466797,22.37267303466797,0,0.0,0.0,0.0
2018-03-28 00:00:00-04:00,22.117921829223633,22.117921829223633,22.117921829223633,22.117921829223633,200,0.0,0.0,0.0
2018-03-29 00:00:00-04:00,22.445457458496094,22.445457458496094,22.445457458496094,22.445457458496094,100,0.0,0.0,0.0
2018-04-02 00:00:00-04:00,22.445457458496094,22.445457458496094,22.445457458496094,22.445457458496094,0,0.0,0.0,0.0
2018-04-03 00:00:00-04:00,22.26349449157715,22.26349449157715,22.26349449157715,22.26349449157715,100,0.0,0.0,0.0
2018-04-04 00:00:00-04:00,22.299884796142578,22.299884796142578,22.299884796142578,22.299884796142578,200,0.0,0.0,0.0
2018-04-05 00:00:00-04:00,22.572834014892578,22.572834014892578,22.572834014892578,22.572834014892578,100,0.0,0.0,0.0
2018-04-06 00:00:00-04:00,22.48185045097101,22.48185045097101,22.47639274597168,22.47639274597168,300,0.0,0.0,0.0
2018-04-09 00:00:00-04:00,22.47639274597168,22.47639274597168,22.47639274597168,22.47639274597168,0,0.0,0.0,0.0
2018-04-10 00:00:00-04:00,22.47639274597168,22.47639274597168,22.47639274597168,22.47639274597168,0,0.0,0.0,0.0
2018-04-11 00:00:00-04:00,22.47639274597168,22.47639274597168,22.47639274597168,22.47639274597168,0,0.0,0.0,0.0
2018-04-12 00:00:00-04:00,22.47639274597168,22.47639274597168,22.47639274597168,22.47639274597168,0,0.0,0.0,0.0
2018-04-13 00:00:00-04:00,22.47639274597168,22.47639274597168,22.47639274597168,22.47639274597168,0,0.0,0.0,0.0
2018-04-16 00:00:00-04:00,22.47639274597168,22.47639274597168,22.47639274597168,22.47639274597168,0,0.0,0.0,0.0
2018-04-17 00:00:00-04:00,22.47639274597168,22.47639274597168,22.47639274597168,22.47639274597168,0,0.0,0.0,0.0
2018-04-18 00:00:00-04:00,22.47639274597168,22.47639274597168,22.47639274597168,22.47639274597168,0,0.0,0.0,0.0
2018-04-19 00:00:00-04:00,22.47639274597168,22.47639274597168,22.47639274597168,22.47639274597168,0,0.0,0.0,0.0
2018-04-20 00:00:00-04:00,22.47639274597168,22.47639274597168,22.47639274597168,22.47639274597168,0,0.0,0.0,0.0
2018-04-23 00:00:00-04:00,22.47639274597168,22.47639274597168,22.47639274597168,22.47639274597168,0,0.0,0.0,0.0
2018-04-24 00:00:00-04:00,22.47639274597168,22.47639274597168,22.47639274597168,22.47639274597168,0,0.0,0.0,0.0
2018-04-25 00:00:00-04:00,22.70475959777832,22.70475959777832,22.70475959777832,22.70475959777832,100,0.0,0.0,0.0
2018-04-26 00:00:00-04:00,22.70475959777832,22.70475959777832,22.70475959777832,22.70475959777832,0,0.0,0.0,0.0
2018-04-27 00:00:00-04:00,22.70475959777832,22.70475959777832,22.70475959777832,22.70475959777832,0,0.0,0.0,0.0
2018-04-30 00:00:00-04:00,22.70475959777832,22.70475959777832,22.70475959777832,22.70475959777832,0,0.0,0.0,0.0
2018-05-01 00:00:00-04:00,22.70475959777832,22.70475959777832,22.70475959777832,22.70475959777832,0,0.0,0.0,0.0
2018-05-02 00:00:00-04:00,23.018650064359566,23.018650064359566,22.982257843017578,22.982257843017578,300,0.0,0.0,0.0
2018-05-03 00:00:00-04:00,22.982257843017578,22.982257843017578,22.982257843017578,22.982257843017578,0,0.0,0.0,0.0
2018-05-04 00:00:00-04:00,22.900373458862305,22.900373458862305,22.900373458862305,22.900373458862305,40000,0.0,0.0,0.0
2018-05-07 00:00:00-04:00,22.900373458862305,22.900373458862305,22.900373458862305,22.900373458862305,0,0.0,0.0,0.0
2018-05-08 00:00:00-04:00,22.900373458862305,22.900373458862305,22.900373458862305,22.900373458862305,0,0.0,0.0,0.0
2018-05-09 00:00:00-04:00,22.900373458862305,22.900373458862305,22.900373458862305,22.900373458862305,0,0.0,0.0,0.0
2018-05-10 00:00:00-04:00,22.900373458862305,22.900373458862305,22.900373458862305,22.900373458862305,0,0.0,0.0,0.0
2018-05-11 00:00:00-04:00,22.900373458862305,22.900373458862305,22.900373458862305,22.900373458862305,0,0.0,0.0,0.0
2018-05-14 00:00:00-04:00,23.20061492919922,23.20061492919922,23.20061492919922,23.20061492919922,200,0.0,0.0,0.0
2018-05-15 00:00:00-04:00,23.20061492919922,23.20061492919922,23.20061492919922,23.20061492919922,0,0.0,0.0,0.0
2018-05-16 00:00:00-04:00,23.20061492919922,23.20061492919922,23.20061492919922,23.20061492919922,0,0.0,0.0,0.0
2018-05-17 00:00:00-04:00,23.20061492919922,23.20061492919922,23.20061492919922,23.20061492919922,0,0.0,0.0,0.0
2018-05-18 00:00:00-04:00,23.20061492919922,23.20061492919922,23.20061492919922,23.20061492919922,0,0.0,0.0,0.0
2018-05-21 00:00:00-04:00,23.218812942504883,23.218812942504883,23.218812942504883,23.218812942504883,200,0.0,0.0,0.0
2018-05-22 00:00:00-04:00,23.218812942504883,23.218812942504883,23.218812942504883,23.218812942504883,0,0.0,0.0,0.0
2018-05-23 00:00:00-04:00,23.218812942504883,23.218812942504883,23.218812942504883,23.218812942504883,0,0.0,0.0,0.0
2018-05-24 00:00:00-04:00,23.218812942504883,23.218812942504883,23.218812942504883,23.218812942504883,0,0.0,0.0,0.0
2018-05-25 00:00:00-04:00,22.48185279567052,22.48185279567052,22.467296600341797,22.467296600341797,300,0.0,0.0,0.0
2018-05-29 00:00:00-04:00,22.467296600341797,22.467296600341797,22.467296600341797,22.467296600341797,0,0.0,0.0,0.0
2018-05-30 00:00:00-04:00,22.467296600341797,22.467296600341797,22.467296600341797,22.467296600341797,0,0.0,0.0,0.0
2018-05-31 00:00:00-04:00,22.467296600341797,22.467296600341797,22.467296600341797,22.467296600341797,0,0.0,0.0,0.0
2018-06-01 00:00:00-04:00,22.36357307434082,22.36357307434082,22.36357307434082,22.36357307434082,100,0.0,0.0,0.0
2018-06-04 00:00:00-04:00,22.36357307434082,22.36357307434082,22.36357307434082,22.36357307434082,0,0.0,0.0,0.0
2018-06-05 00:00:00-04:00,22.36357307434082,22.36357307434082,22.36357307434082,22.36357307434082,0,0.0,0.0,0.0
2018-06-06 00:00:00-04:00,22.72750560281893,22.72750560281893,22.709308624267578,22.709308624267578,3000,0.0,0.0,0.0
2018-06-07 00:00:00-04:00,22.709308624267578,22.709308624267578,22.709308624267578,22.709308624267578,0,0.0,0.0,0.0
2018-06-08 00:00:00-04:00,22.709308624267578,22.709308624267578,22.709308624267578,22.709308624267578,0,0.0,0.0,0.0
2018-06-11 00:00:00-04:00,22.709308624267578,22.709308624267578,22.709308624267578,22.709308624267578,0,0.0,0.0,0.0
2018-06-12 00:00:00-04:00,22.709308624267578,22.709308624267578,22.709308624267578,22.709308624267578,800,0.0,0.0,0.0
2018-06-13 00:00:00-04:00,22.709308624267578,22.709308624267578,22.709308624267578,22.709308624267578,0,0.0,0.0,0.0
2018-06-14 00:00:00-04:00,22.709308624267578,22.709308624267578,22.709308624267578,22.709308624267578,0,0.0,0.0,0.0
2018-06-15 00:00:00-04:00,22.709308624267578,22.709308624267578,22.709308624267578,22.709308624267578,0,0.0,0.0,0.0
2018-06-18 00:00:00-04:00,22.709308624267578,22.709308624267578,22.709308624267578,22.709308624267578,0,0.0,0.0,0.0
2018-06-19 00:00:00-04:00,22.709308624267578,22.709308624267578,22.709308624267578,22.709308624267578,0,0.0,0.0,0.0
2018-06-20 00:00:00-04:00,23.265785217285156,23.265785217285156,23.265785217285156,23.265785217285156,0,0.597,0.0,0.0
2018-06-21 00:00:00-04:00,23.265785217285156,23.265785217285156,23.265785217285156,23.265785217285156,0,0.0,0.0,0.0
2018-06-22 00:00:00-04:00,23.265785217285156,23.265785217285156,23.265785217285156,23.265785217285156,0,0.0,0.0,0.0
2018-06-25 00:00:00-04:00,21.569320678710938,21.569320678710938,21.569320678710938,21.569320678710938,100,0.0,0.0,0.0
2018-06-26 00:00:00-04:00,21.569320678710938,21.569320678710938,21.569320678710938,21.569320678710938,0,0.0,0.0,0.0
2018-06-27 00:00:00-04:00,21.569320678710938,21.569320678710938,21.569320678710938,21.569320678710938,0,0.0,0.0,0.0
2018-06-28 00:00:00-04:00,21.569320678710938,21.569320678710938,21.569320678710938,21.569320678710938,100,0.0,0.0,0.0
2018-06-29 00:00:00-04:00,21.569320678710938,21.569320678710938,21.569320678710938,21.569320678710938,100,0.0,0.0,0.0
2018-07-02 00:00:00-04:00,21.569320678710938,21.569320678710938,21.569320678710938,21.569320678710938,0,0.0,0.0,0.0
2018-07-03 00:00:00-04:00,21.569320678710938,21.569320678710938,21.569320678710938,21.569320678710938,0,0.0,0.0,0.0
2018-07-05 00:00:00-04:00,21.569320678710938,21.569320678710938,21.569320678710938,21.569320678710938,0,0.0,0.0,0.0
2018-07-06 00:00:00-04:00,21.569320678710938,21.569320678710938,21.569320678710938,21.569320678710938,0,0.0,0.0,0.0
2018-07-09 00:00:00-04:00,21.569320678710938,21.569320678710938,21.569320678710938,21.569320678710938,0,0.0,0.0,0.0
2018-07-10 00:00:00-04:00,21.569320678710938,21.569320678710938,21.569320678710938,21.569320678710938,0,0.0,0.0,0.0
2018-07-11 00:00:00-04:00,21.569320678710938,21.569320678710938,21.569320678710938,21.569320678710938,0,0.0,0.0,0.0
2018-07-12 00:00:00-04:00,21.569320678710938,21.569320678710938,21.569320678710938,21.569320678710938,0,0.0,0.0,0.0
2018-07-13 00:00:00-04:00,21.569320678710938,21.569320678710938,21.569320678710938,21.569320678710938,0,0.0,0.0,0.0
2018-07-16 00:00:00-04:00,21.569320678710938,21.569320678710938,21.569320678710938,21.569320678710938,0,0.0,0.0,0.0
2018-07-17 00:00:00-04:00,22.054026054544202,22.109952926635742,22.049366222654577,22.109952926635742,600,0.0,0.0,0.0
2018-07-18 00:00:00-04:00,22.147239685058594,22.147239685058594,22.147239685058594,22.147239685058594,200,0.0,0.0,0.0
2018-07-19 00:00:00-04:00,22.147239685058594,22.147239685058594,22.147239685058594,22.147239685058594,0,0.0,0.0,0.0
2018-07-20 00:00:00-04:00,21.8582820892334,21.8582820892334,21.8582820892334,21.8582820892334,100,0.0,0.0,0.0
2018-07-23 00:00:00-04:00,21.97945785522461,21.97945785522461,21.97945785522461,21.97945785522461,100,0.0,0.0,0.0
2018-07-24 00:00:00-04:00,22.100631476445113,22.100631476445113,22.082921981811523,22.082921981811523,4000,0.0,0.0,0.0
2018-07-25 00:00:00-04:00,22.119274139404297,22.119274139404297,22.119274139404297,22.119274139404297,200,0.0,0.0,0.0
2018-07-26 00:00:00-04:00,22.119274139404297,22.119274139404297,22.119274139404297,22.119274139404297,0,0.0,0.0,0.0
2018-07-27 00:00:00-04:00,22.119274139404297,22.119274139404297,22.119274139404297,22.119274139404297,0,0.0,0.0,0.0
2018-07-30 00:00:00-04:00,22.119274139404297,22.119274139404297,22.119274139404297,22.119274139404297,0,0.0,0.0,0.0
2018-07-31 00:00:00-04:00,22.429671358226905,22.429671358226905,22.408233642578125,22.408233642578125,600,0.0,0.0,0.0
2018-08-01 00:00:00-04:00,22.29078483581543,22.29078483581543,22.29078483581543,22.29078483581543,200,0.0,0.0,0.0
2018-08-02 00:00:00-04:00,22.29078483581543,22.29078483581543,22.29078483581543,22.29078483581543,0,0.0,0.0,0.0
2018-08-03 00:00:00-04:00,22.29078483581543,22.29078483581543,22.29078483581543,22.29078483581543,0,0.0,0.0,0.0
2018-08-06 00:00:00-04:00,21.774391174316406,21.774391174316406,21.774391174316406,21.774391174316406,200,0.0,0.0,0.0
2018-08-07 00:00:00-04:00,21.970136642456055,21.970136642456055,21.970136642456055,21.970136642456055,200,0.0,0.0,0.0
2018-08-08 00:00:00-04:00,21.970136642456055,21.970136642456055,21.970136642456055,21.970136642456055,0,0.0,0.0,0.0
2018-08-09 00:00:00-04:00,21.970136642456055,21.970136642456055,21.970136642456055,21.970136642456055,0,0.0,0.0,0.0
2018-08-10 00:00:00-04:00,21.970136642456055,21.970136642456055,21.970136642456055,21.970136642456055,200,0.0,0.0,0.0
2018-08-13 00:00:00-04:00,21.24307974255766,21.24307974255766,21.191812703427438,21.214183807373047,6800,0.0,0.0,0.0
2018-08-14 00:00:00-04:00,21.17690086364746,21.17690086364746,21.17690086364746,21.17690086364746,2000,0.0,0.0,0.0
2018-08-15 00:00:00-04:00,20.647451715534547,20.73973274230957,20.647451715534547,20.73973274230957,2200,0.0,0.0,0.0
2018-08-16 00:00:00-04:00,20.921498903977973,20.921498903977973,20.851590750875847,20.860910415649414,6500,0.0,0.0,0.0
2018-08-17 00:00:00-04:00,21.028690338134766,21.028690338134766,21.028690338134766,21.028690338134766,100,0.0,0.0,0.0
2018-08-20 00:00:00-04:00,21.243080139160156,21.243080139160156,21.168508606027114,21.243080139160156,1600,0.0,0.0,0.0
2018-08-21 00:00:00-04:00,21.522714386813668,21.53203582763672,21.522714386813668,21.53203582763672,1100,0.0,0.0,0.0
2018-08-22 00:00:00-04:00,21.58796501159668,21.58796501159668,21.58796501159668,21.58796501159668,300,0.0,0.0,0.0
2018-08-23 00:00:00-04:00,21.513394446383437,21.513394446383437,21.476110458374023,21.476110458374023,400,0.0,0.0,0.0
2018-08-24 00:00:00-04:00,21.476110458374023,21.476110458374023,21.476110458374023,21.476110458374023,0,0.0,0.0,0.0
2018-08-27 00:00:00-04:00,22.04470443725586,22.04470443725586,22.04470443725586,22.04470443725586,200,0.0,0.0,0.0
2018-08-28 00:00:00-04:00,22.165882110595703,22.165882110595703,22.165882110595703,22.165882110595703,400,0.0,0.0,0.0
2018-08-29 00:00:00-04:00,22.165882110595703,22.165882110595703,22.165882110595703,22.165882110595703,0,0.0,0.0,0.0
2018-08-30 00:00:00-04:00,21.97945785522461,21.97945785522461,21.97945785522461,21.97945785522461,200,0.0,0.0,0.0
2018-08-31 00:00:00-04:00,21.97945785522461,21.97945785522461,21.97945785522461,21.97945785522461,0,0.0,0.0,0.0
2018-09-04 00:00:00-04:00,21.97945785522461,21.97945785522461,21.97945785522461,21.97945785522461,0,0.0,0.0,0.0
2018-09-05 00:00:00-04:00,21.149866104125977,21.149866104125977,21.149866104125977,21.149866104125977,900,0.0,0.0,0.0
2018-09-06 00:00:00-04:00,21.149866104125977,21.149866104125977,21.149866104125977,21.149866104125977,0,0.0,0.0,0.0
2018-09-07 00:00:00-04:00,21.149866104125977,21.149866104125977,21.149866104125977,21.149866104125977,0,0.0,0.0,0.0
2018-09-10 00:00:00-04:00,21.149866104125977,21.149866104125977,21.149866104125977,21.149866104125977,0,0.0,0.0,0.0
2018-09-11 00:00:00-04:00,21.149866104125977,21.149866104125977,21.149866104125977,21.149866104125977,0,0.0,0.0,0.0
2018-09-12 00:00:00-04:00,21.149866104125977,21.149866104125977,21.149866104125977,21.149866104125977,0,0.0,0.0,0.0
2018-09-13 00:00:00-04:00,21.149866104125977,21.149866104125977,21.149866104125977,21.149866104125977,0,0.0,0.0,0.0
2018-09-14 00:00:00-04:00,21.149866104125977,21.149866104125977,21.149866104125977,21.149866104125977,0,0.0,0.0,0.0
2018-09-17 00:00:00-04:00,21.149866104125977,21.149866104125977,21.149866104125977,21.149866104125977,0,0.0,0.0,0.0
2018-09-18 00:00:00-04:00,21.149866104125977,21.149866104125977,21.149866104125977,21.149866104125977,0,0.0,0.0,0.0
2018-09-19 00:00:00-04:00,21.149866104125977,21.149866104125977,21.149866104125977,21.149866104125977,0,0.0,0.0,0.0
2018-09-20 00:00:00-04:00,21.85175748690612,21.853620708611434,21.848960876464844,21.848960876464844,1200,0.0,0.0,0.0
2018-09-21 00:00:00-04:00,21.848960876464844,21.848960876464844,21.848960876464844,21.848960876464844,0,0.0,0.0,0.0
2018-09-24 00:00:00-04:00,21.848960876464844,21.848960876464844,21.848960876464844,21.848960876464844,0,0.0,0.0,0.0
2018-09-25 00:00:00-04:00,21.848960876464844,21.848960876464844,21.848960876464844,21.848960876464844,0,0.0,0.0,0.0
2018-09-26 00:00:00-04:00,21.848960876464844,21.848960876464844,21.848960876464844,21.848960876464844,0,0.0,0.0,0.0
2018-09-27 00:00:00-04:00,21.848960876464844,21.848960876464844,21.848960876464844,21.848960876464844,0,0.0,0.0,0.0
2018-09-28 00:00:00-04:00,21.848960876464844,21.848960876464844,21.848960876464844,21.848960876464844,0,0.0,0.0,0.0
2018-10-01 00:00:00-04:00,21.33070182800293,21.33070182800293,21.33070182800293,21.33070182800293,700,0.0,0.0,0.0
2018-10-02 00:00:00-04:00,21.33070182800293,21.33070182800293,21.33070182800293,21.33070182800293,0,0.0,0.0,0.0
2018-10-03 00:00:00-04:00,21.36052773928079,21.36052773928079,21.28968620300293,21.28968620300293,800,0.0,0.0,0.0
2018-10-04 00:00:00-04:00,21.148935317993164,21.148935317993164,21.148935317993164,21.148935317993164,1000,0.0,0.0,0.0
2018-10-05 00:00:00-04:00,21.148935317993164,21.148935317993164,21.148935317993164,21.148935317993164,0,0.0,0.0,0.0
2018-10-08 00:00:00-04:00,20.562631607055664,20.562631607055664,20.562631607055664,20.562631607055664,200,0.0,0.0,0.0
2018-10-09 00:00:00-04:00,20.562631607055664,20.562631607055664,20.562631607055664,20.562631607055664,0,0.0,0.0,0.0
2018-10-10 00:00:00-04:00,20.562631607055664,20.562631607055664,20.562631607055664,20.562631607055664,0,0.0,0.0,0.0
2018-10-11 00:00:00-04:00,20.10588836669922,20.10588836669922,20.10588836669922,20.10588836669922,200,0.0,0.0,0.0
2018-10-12 00:00:00-04:00,19.975393295288086,19.975393295288086,19.975393295288086,19.975393295288086,200,0.0,0.0,0.0
2018-10-15 00:00:00-04:00,19.975393295288086,19.975393295288086,19.975393295288086,19.975393295288086,0,0.0,0.0,0.0
2018-10-16 00:00:00-04:00,19.975393295288086,19.975393295288086,19.975393295288086,19.975393295288086,0,0.0,0.0,0.0
2018-10-17 00:00:00-04:00,19.975393295288086,19.975393295288086,19.975393295288086,19.975393295288086,0,0.0,0.0,0.0
2018-10-18 00:00:00-04:00,19.975393295288086,19.975393295288086,19.975393295288086,19.975393295288086,0,0.0,0.0,0.0
2018-10-19 00:00:00-04:00,19.90082359313965,19.90082359313965,19.90082359313965,19.90082359313965,100,0.0,0.0,0.0
2018-10-22 00:00:00-04:00,19.76100372267574,19.76100372267574,19.75168228149414,19.75168228149414,24100,0.0,0.0,0.0
2018-10-23 00:00:00-04:00,19.381629943847656,19.381629943847656,19.381629943847656,19.381629943847656,200,0.0,0.0,0.0
2018-10-24 00:00:00-04:00,19.381629943847656,19.381629943847656,19.381629943847656,19.381629943847656,100,0.0,0.0,0.0
2018-10-25 00:00:00-04:00,19.381629943847656,19.381629943847656,19.381629943847656,19.381629943847656,0,0.0,0.0,0.0
2018-10-26 00:00:00-04:00,19.381629943847656,19.381629943847656,19.381629943847656,19.381629943847656,100,0.0,0.0,0.0
2018-10-29 00:00:00-04:00,19.381629943847656,19.381629943847656,19.381629943847656,19.381629943847656,0,0.0,0.0,0.0
2018-10-30 00:00:00-04:00,19.257660079198427,19.518655146245187,19.257660079198427,19.322908401489258,67500,0.0,0.0,0.0
2018-10-31 00:00:00-04:00,19.322908401489258,19.322908401489258,19.322908401489258,19.322908401489258,0,0.0,0.0,0.0
2018-11-01 00:00:00-04:00,19.555936813354492,19.555936813354492,19.555936813354492,19.555936813354492,600,0.0,0.0,0.0
2018-11-02 00:00:00-04:00,19.83557342480094,19.900821735026362,19.826251983642578,19.826251983642578,500,0.0,0.0,0.0
2018-11-05 00:00:00-05:00,19.826251983642578,19.826251983642578,19.826251983642578,19.826251983642578,0,0.0,0.0,0.0
2018-11-06 00:00:00-05:00,19.826251983642578,19.826251983642578,19.826251983642578,19.826251983642578,0,0.0,0.0,0.0
2018-11-07 00:00:00-05:00,19.826251983642578,19.826251983642578,19.826251983642578,19.826251983642578,0,0.0,0.0,0.0
2018-11-08 00:00:00-05:00,19.826251983642578,19.826251983642578,19.826251983642578,19.826251983642578,0,0.0,0.0,0.0
2018-11-09 00:00:00-05:00,19.826251983642578,19.826251983642578,19.826251983642578,19.826251983642578,100,0.0,0.0,0.0
2018-11-12 00:00:00-05:00,19.826251983642578,19.826251983642578,19.826251983642578,19.826251983642578,0,0.0,0.0,0.0
2018-11-13 00:00:00-05:00,19.826251983642578,19.826251983642578,19.826251983642578,19.826251983642578,100,0.0,0.0,0.0
2018-11-14 00:00:00-05:00,19.826251983642578,19.826251983642578,19.826251983642578,19.826251983642578,0,0.0,0.0,0.0
2018-11-15 00:00:00-05:00,19.826251983642578,19.826251983642578,19.826251983642578,19.826251983642578,0,0.0,0.0,0.0
2018-11-16 00:00:00-05:00,19.826251983642578,19.826251983642578,19.826251983642578,19.826251983642578,0,0.0,0.0,0.0
2018-11-19 00:00:00-05:00,19.826251983642578,19.826251983642578,19.826251983642578,19.826251983642578,0,0.0,0.0,0.0
2018-11-20 00:00:00-05:00,19.826251983642578,19.826251983642578,19.826251983642578,19.826251983642578,0,0.0,0.0,0.0
2018-11-21 00:00:00-05:00,19.826251983642578,19.826251983642578,19.826251983642578,19.826251983642578,0,0.0,0.0,0.0
2018-11-23 00:00:00-05:00,19.826251983642578,19.826251983642578,19.826251983642578,19.826251983642578,0,0.0,0.0,0.0
2018-11-26 00:00:00-05:00,19.826251983642578,19.826251983642578,19.826251983642578,19.826251983642578,0,0.0,0.0,0.0
2018-11-27 00:00:00-05:00,19.826251983642578,19.826251983642578,19.826251983642578,19.826251983642578,0,0.0,0.0,0.0
2018-11-28 00:00:00-05:00,19.108517257209016,19.45340347290039,19.108517257209016,19.45340347290039,300,0.0,0.0,0.0
2018-11-29 00:00:00-05:00,19.36951515500708,19.36951515500708,19.341550827026367,19.341550827026367,2100,0.0,0.0,0.0
2018-11-30 00:00:00-05:00,19.341550827026367,19.341550827026367,19.341550827026367,19.341550827026367,100,0.0,0.0,0.0
2018-12-03 00:00:00-05:00,19.425439834594727,19.425439834594727,19.425439834594727,19.425439834594727,100,0.0,0.0,0.0
2018-12-04 00:00:00-05:00,19.21105194091797,19.21105194091797,19.21105194091797,19.21105194091797,2500,0.0,0.0,0.0
2018-12-06 00:00:00-05:00,18.642457962036133,18.642457962036133,18.642457962036133,18.642457962036133,500,0.0,0.0,0.0
2018-12-07 00:00:00-05:00,18.642457962036133,18.642457962036133,18.642457962036133,18.642457962036133,100,0.0,0.0,0.0
2018-12-10 00:00:00-05:00,18.07386128117243,18.250965118408203,18.06453983943547,18.250965118408203,400,0.0,0.0,0.0
2018-12-11 00:00:00-05:00,18.250965118408203,18.250965118408203,18.250965118408203,18.250965118408203,0,0.0,0.0,0.0
2018-12-12 00:00:00-05:00,18.59864616394043,18.59864616394043,18.59864616394043,18.59864616394043,100,0.0,0.0,0.0
2018-12-13 00:00:00-05:00,18.59864616394043,18.59864616394043,18.59864616394043,18.59864616394043,0,0.0,0.0,0.0
2018-12-14 00:00:00-05:00,18.316211859893826,18.335786352495635,18.316211859893826,18.3273983001709,300,0.0,0.0,0.0
2018-12-17 00:00:00-05:00,18.1279239654541,18.1279239654541,18.1279239654541,18.1279239654541,100,0.0,0.0,0.0
2018-12-18 00:00:00-05:00,18.32553400711728,18.32553400711728,18.213680267333984,18.213680267333984,700,0.0,0.0,0.0
2018-12-19 00:00:00-05:00,18.38146332652687,18.390784769064844,18.12047004699707,18.12047004699707,1900,0.0,0.0,0.0
2018-12-20 00:00:00-05:00,18.092506869415264,18.148433750314677,18.073863983154297,18.073863983154297,3700,0.0,0.0,0.0
2018-12-21 00:00:00-05:00,17.88184356689453,17.88184356689453,17.88184356689453,17.88184356689453,100,0.0,0.0,0.0
2018-12-24 00:00:00-05:00,17.7569375420555,17.781173643648334,17.5080623626709,17.5080623626709,500,0.0,0.0,0.0
2018-12-26 00:00:00-05:00,17.53322992082591,17.896759033203125,17.53322992082591,17.896759033203125,1700,0.0,0.0,0.0
2018-12-27 00:00:00-05:00,17.85201644897461,17.85201644897461,17.85201644897461,17.85201644897461,100,0.0,0.0,0.0
2018-12-28 00:00:00-05:00,18.092504451517364,18.101825893402122,18.092504451517364,18.097166061401367,400,0.0,0.0,0.0
2018-12-31 00:00:00-05:00,18.1204685435555,18.20435974155351,18.1204685435555,18.176395416259766,10900,0.0,0.0,0.0
2019-01-02 00:00:00-05:00,18.176395416259766,18.176395416259766,18.176395416259766,18.176395416259766,0,0.0,0.0,0.0
2019-01-03 00:00:00-05:00,17.83150916988665,17.924721809583293,17.83150916988665,17.88743782043457,19600,0.0,0.0,0.0
2019-01-04 00:00:00-05:00,18.402900407238388,18.467217107792116,18.402900407238388,18.459760665893555,1100,0.0,0.0,0.0
2019-01-07 00:00:00-05:00,18.446713358912582,18.511028289794922,18.409427588892832,18.511028289794922,200,0.0,0.0,0.0
2019-01-08 00:00:00-05:00,18.61915397644043,18.61915397644043,18.61915397644043,18.61915397644043,100,0.0,0.0,0.0
2019-01-09 00:00:00-05:00,18.84379423494854,18.931413650512695,18.84379423494854,18.931413650512695,500,0.0,0.0,0.0
2019-01-10 00:00:00-05:00,18.911840438842773,18.911840438842773,18.911840438842773,18.911840438842773,100,0.0,0.0,0.0
2019-01-11 00:00:00-05:00,18.707706221886728,18.71702766418457,18.707706221886728,18.71702766418457,300,0.0,0.0,0.0
2019-01-14 00:00:00-05:00,18.684402465820312,18.684402465820312,18.684402465820312,18.684402465820312,100,0.0,0.0,0.0
2019-01-15 00:00:00-05:00,18.651779345983005,18.71702766418457,18.63313646138732,18.71702766418457,4300,0.0,0.0,0.0
2019-01-16 00:00:00-05:00,18.726348876953125,18.726348876953125,18.726348876953125,18.726348876953125,100,0.0,0.0,0.0
2019-01-17 00:00:00-05:00,18.66109925266527,18.734737396240234,18.66109925266527,18.734737396240234,100,0.0,0.0,0.0
2019-01-18 00:00:00-05:00,19.080554626094415,19.16910743713379,19.080554626094415,19.16910743713379,100,0.0,0.0,0.0
2019-01-22 00:00:00-05:00,18.894129943214914,18.894129943214914,18.847522735595703,18.847522735595703,1700,0.0,0.0,0.0
2019-01-23 00:00:00-05:00,18.939804293524805,18.973360061645508,18.931414462553015,18.973360061645508,4000,0.0,0.0,0.0
2019-01-24 00:00:00-05:00,18.973360061645508,18.973360061645508,18.973360061645508,18.973360061645508,0,0.0,0.0,0.0
2019-01-25 00:00:00-05:00,19.360193252563477,19.360193252563477,19.360193252563477,19.360193252563477,100,0.0,0.0,0.0
2019-01-28 00:00:00-05:00,19.346208572387695,19.346208572387695,19.346208572387695,19.346208572387695,100,0.0,0.0,0.0
2019-01-29 00:00:00-05:00,19.388154767706578,19.44408341935616,19.354598999023438,19.354598999023438,2700,0.0,0.0,0.0
2019-01-30 00:00:00-05:00,19.382564544677734,19.382564544677734,19.382564544677734,19.382564544677734,100,0.0,0.0,0.0
2019-01-31 00:00:00-05:00,19.25765609741211,19.25765609741211,19.25765609741211,19.25765609741211,100,0.0,0.0,0.0
2019-02-01 00:00:00-05:00,19.239948272705078,19.239948272705078,19.239948272705078,19.239948272705078,100,0.0,0.0,0.0
2019-02-04 00:00:00-05:00,19.239948272705078,19.239948272705078,19.239948272705078,19.239948272705078,0,0.0,0.0,0.0
2019-02-05 00:00:00-05:00,19.481367111206055,19.481367111206055,19.481367111206055,19.481367111206055,0,0.0,0.0,0.0
2019-02-06 00:00:00-05:00,19.373242686686698,19.373242686686698,19.36951446533203,19.36951446533203,2200,0.0,0.0,0.0
2019-02-07 00:00:00-05:00,18.959378486225386,18.959378486225386,18.80464575524039,18.83820152282715,2300,0.0,0.0,0.0
2019-02-08 00:00:00-05:00,18.567886936076864,18.61915397644043,18.567886936076864,18.61915397644043,1500,0.0,0.0,0.0
2019-02-11 00:00:00-05:00,18.661100387573242,18.661100387573242,18.661100387573242,18.661100387573242,100,0.0,0.0,0.0
2019-02-12 00:00:00-05:00,18.922093879274794,18.9966636390577,18.91277421494983,18.913705825805664,2200,0.0,0.0,0.0
2019-02-13 00:00:00-05:00,18.93141497622887,18.93141497622887,18.88014793395996,18.88014793395996,100,0.0,0.0,0.0
2019-02-14 00:00:00-05:00,18.84286313258727,18.847522964464183,18.83820152282715,18.83820152282715,1700,0.0,0.0,0.0
2019-02-15 00:00:00-05:00,19.08055439793008,19.178428649902344,19.08055439793008,19.178428649902344,100,0.0,0.0,0.0
2019-02-19 00:00:00-05:00,19.136482414257326,19.201730728149414,19.12249936279244,19.201730728149414,1700,0.0,0.0,0.0
2019-02-20 00:00:00-05:00,19.248335546794916,19.444082260131836,19.248335546794916,19.444082260131836,600,0.0,0.0,0.0
2019-02-21 00:00:00-05:00,19.369515800904992,19.369515800904992,19.345279693603516,19.345279693603516,500,0.0,0.0,0.0
2019-02-22 00:00:00-05:00,19.434761914095322,19.434761914095322,19.402137756347656,19.402137756347656,500,0.0,0.0,0.0
2019-02-25 00:00:00-05:00,19.459928512573242,19.459928512573242,19.459928512573242,19.459928512573242,100,0.0,0.0,0.0
2019-02-26 00:00:00-05:00,19.611866054610893,19.634235382080078,19.611866054610893,19.634235382080078,100,0.0,0.0,0.0
2019-02-27 00:00:00-05:00,19.504671096801758,19.504671096801758,19.504671096801758,19.504671096801758,100,0.0,0.0,0.0
2019-02-28 00:00:00-05:00,19.586694717407227,19.586694717407227,19.586694717407227,19.586694717407227,100,0.0,0.0,0.0
2019-03-01 00:00:00-05:00,19.818796157836914,19.818796157836914,19.818796157836914,19.818796157836914,100,0.0,0.0,0.0
2019-03-04 00:00:00-05:00,19.668724060058594,19.668724060058594,19.668724060058594,19.668724060058594,100,0.0,0.0,0.0
2019-03-05 00:00:00-05:00,19.718128204345703,19.718128204345703,19.718128204345703,19.718128204345703,100,0.0,0.0,0.0
2019-03-06 00:00:00-05:00,19.624916076660156,19.624916076660156,19.624916076660156,19.624916076660156,100,0.0,0.0,0.0
2019-03-07 00:00:00-05:00,19.24087905883789,19.24087905883789,19.24087905883789,19.24087905883789,100,0.0,0.0,0.0
2019-03-08 00:00:00-05:00,19.290283203125,19.290283203125,19.290283203125,19.290283203125,100,0.0,0.0,0.0
2019-03-11 00:00:00-04:00,19.46831512451172,19.46831512451172,19.46831512451172,19.46831512451172,100,0.0,0.0,0.0
2019-03-12 00:00:00-04:00,19.458993911743164,19.458993911743164,19.458993911743164,19.458993911743164,100,0.0,0.0,0.0
2019-03-13 00:00:00-04:00,19.61745834350586,19.61745834350586,19.61745834350586,19.61745834350586,100,0.0,0.0,0.0
2019-03-14 00:00:00-04:00,19.621187210083008,19.621187210083008,19.621187210083008,19.621187210083008,100,0.0,0.0,0.0
2019-03-15 00:00:00-04:00,19.793628692626953,19.793628692626953,19.793628692626953,19.793628692626953,100,0.0,0.0,0.0
2019-03-18 00:00:00-04:00,19.83837127685547,19.83837127685547,19.83837127685547,19.83837127685547,0,0.0,0.0,0.0
2019-03-19 00:00:00-04:00,20.077924793912796,20.077924793912796,19.98750877380371,19.98750877380371,300,0.0,0.0,0.0
2019-03-20 00:00:00-04:00,19.733040965168904,20.012677111276634,19.733040965168904,19.910144805908203,7800,0.0,0.0,0.0
2019-03-21 00:00:00-04:00,19.66779157338033,19.744224548339844,19.664994963168628,19.744224548339844,2400,0.0,0.0,0.0
2019-03-22 00:00:00-04:00,19.397474606069242,19.397474606069242,19.21198272705078,19.21198272705078,3000,0.0,0.0,0.0
2019-03-25 00:00:00-04:00,19.25392723083496,19.25392723083496,19.25392723083496,19.25392723083496,0,0.0,0.0,0.0
2019-03-26 00:00:00-04:00,19.307058334350586,19.307058334350586,19.307058334350586,19.307058334350586,300,0.0,0.0,0.0
2019-03-27 00:00:00-04:00,19.31078802560606,19.31078802560606,19.309856414794922,19.309856414794922,700,0.0,0.0,0.0
2019-03-28 00:00:00-04:00,19.206390380859375,19.206390380859375,19.206390380859375,19.206390380859375,100,0.0,0.0,0.0
2019-03-29 00:00:00-04:00,19.45340487475488,19.45340487475488,19.311721801757812,19.311721801757812,600,0.0,0.0,0.0
2019-04-01 00:00:00-04:00,19.537293481475714,19.60161018371582,19.527973817799726,19.60161018371582,1100,0.0,0.0,0.0
2019-04-02 00:00:00-04:00,19.64914930399243,19.73676872253418,19.63050642058783,19.73676872253418,2000,0.0,0.0,0.0
2019-04-03 00:00:00-04:00,20.02665901184082,20.02665901184082,20.02665901184082,20.02665901184082,0,0.0,0.0,0.0
2019-04-04 00:00:00-04:00,20.055557250976562,20.055557250976562,20.055557250976562,20.055557250976562,0,0.0,0.0,0.0
2019-04-05 00:00:00-04:00,20.035982131958008,20.035982131958008,20.035982131958008,20.035982131958008,100,0.0,0.0,0.0
2019-04-08 00:00:00-04:00,20.02665901184082,20.02665901184082,20.02665901184082,20.02665901184082,100,0.0,0.0,0.0
2019-04-09 00:00:00-04:00,19.91014362455143,19.91014362455143,19.850486755371094,19.850486755371094,300,0.0,0.0,0.0
2019-04-10 00:00:00-04:00,19.98471242189825,19.98937225341797,19.98471242189825,19.98937225341797,500,0.0,0.0,0.0
2019-04-11 00:00:00-04:00,20.00801658630371,20.00801658630371,20.00801658630371,20.00801658630371,0,0.0,0.0,0.0
2019-04-12 00:00:00-04:00,20.232656478881836,20.232656478881836,20.232656478881836,20.232656478881836,100,0.0,0.0,0.0
2019-04-15 00:00:00-04:00,20.269010543823242,20.269010543823242,20.269010543823242,20.269010543823242,100,0.0,0.0,0.0
2019-04-16 00:00:00-04:00,20.379003524780273,20.379003524780273,20.379003524780273,20.379003524780273,100,0.0,0.0,0.0
2019-04-17 00:00:00-04:00,20.497382428846315,20.525346755981445,20.497382428846315,20.525346755981445,600,0.0,0.0,0.0
2019-04-18 00:00:00-04:00,20.511363983154297,20.511363983154297,20.511363983154297,20.511363983154297,0,0.0,0.0,0.0
2019-04-22 00:00:00-04:00,20.548646926879883,20.548646926879883,20.548646926879883,20.548646926879883,0,0.0,0.0,0.0
2019-04-23 00:00:00-04:00,20.487128107926534,20.502042770385742,20.478738276940124,20.502042770385742,1300,0.0,0.0,0.0
2019-04-24 00:00:00-04:00,20.479673184017567,20.500179290771484,20.479673184017567,20.500179290771484,500,0.0,0.0,0.0
2019-04-25 00:00:00-04:00,20.422811458382476,20.427473068237305,20.422811458382476,20.427473068237305,200,0.0,0.0,0.0
2019-04-26 00:00:00-04:00,20.497380973014234,20.497380973014234,20.479671478271484,20.479671478271484,200,0.0,0.0,0.0
2019-04-29 00:00:00-04:00,20.60830307006836,20.60830307006836,20.60830307006836,20.60830307006836,0,0.0,0.0,0.0
2019-04-30 00:00:00-04:00,20.684736251831055,20.684736251831055,20.684736251831055,20.684736251831055,0,0.0,0.0,0.0
2019-05-01 00:00:00-04:00,20.53932762145996,20.53932762145996,20.53932762145996,20.53932762145996,100,0.0,0.0,0.0
2019-05-02 00:00:00-04:00,20.618559683025616,20.618559683025616,20.511363983154297,20.511363983154297,100,0.0,0.0,0.0
2019-05-03 00:00:00-04:00,20.763036727905273,20.763036727905273,20.763036727905273,20.763036727905273,100,0.0,0.0,0.0
2019-05-06 00:00:00-04:00,20.366883070876373,20.56915283203125,20.366883070876373,20.56915283203125,400,0.0,0.0,0.0
2019-05-07 00:00:00-04:00,20.13571548461914,20.13571548461914,20.13571548461914,20.13571548461914,0,0.0,0.0,0.0
2019-05-08 00:00:00-04:00,20.32493782043457,20.32493782043457,20.32493782043457,20.32493782043457,0,0.0,0.0,0.0
2019-05-09 00:00:00-04:00,20.076061807238837,20.213083267211914,20.06394375519295,20.213083267211914,2300,0.0,0.0,0.0
2019-05-10 00:00:00-04:00,20.33892059326172,20.33892059326172,20.33892059326172,20.33892059326172,100,0.0,0.0,0.0
2019-05-13 00:00:00-04:00,20.021999332714017,20.021999332714017,19.818796157836914,19.818796157836914,1000,0.0,0.0,0.0
2019-05-14 00:00:00-04:00,19.96607226196455,19.96607226196455,19.96141242980957,19.96141242980957,200,0.0,0.0,0.0
2019-05-15 00:00:00-04:00,20.15622329711914,20.15622329711914,20.15622329711914,20.15622329711914,100,0.0,0.0,0.0
2019-05-16 00:00:00-04:00,20.33519172668457,20.33519172668457,20.33519172668457,20.33519172668457,100,0.0,0.0,0.0
2019-05-17 00:00:00-04:00,20.2084234685127,20.2084234685127,20.154359817504883,20.154359817504883,400,0.0,0.0,0.0
2019-05-20 00:00:00-04:00,19.908279418945312,19.908279418945312,19.908279418945312,19.908279418945312,100,0.0,0.0,0.0
2019-05-21 00:00:00-04:00,20.077926635742188,20.077926635742188,20.077926635742188,20.077926635742188,100,0.0,0.0,0.0
2019-05-22 00:00:00-04:00,20.031320571899414,20.031320571899414,20.031320571899414,20.031320571899414,0,0.0,0.0,0.0
2019-05-23 00:00:00-04:00,19.733041354567874,19.74702262878418,19.733041354567874,19.74702262878418,1000,0.0,0.0,0.0
2019-05-24 00:00:00-04:00,19.910144805908203,19.910144805908203,19.910144805908203,19.910144805908203,100,0.0,0.0,0.0
2019-05-28 00:00:00-04:00,19.910144506089367,19.910144506089367,19.774986267089844,19.774986267089844,600,0.0,0.0,0.0
2019-05-29 00:00:00-04:00,19.546615600585938,19.546615600585938,19.546615600585938,19.546615600585938,100,0.0,0.0,0.0
2019-05-30 00:00:00-04:00,19.593222934112696,19.616525650024414,19.593222934112696,19.616525650024414,100,0.0,0.0,0.0
2019-05-31 00:00:00-04:00,19.378834486519576,19.378834486519576,19.3620548248291,19.3620548248291,100,0.0,0.0,0.0
2019-06-03 00:00:00-04:00,19.546615621573117,19.546615621573117,19.53076934814453,19.53076934814453,100,0.0,0.0,0.0
2019-06-04 00:00:00-04:00,19.863535515015407,19.91480255126953,19.863535515015407,19.91480255126953,100,0.0,0.0,0.0
2019-06-05 00:00:00-04:00,19.84769058227539,19.84769058227539,19.84769058227539,19.84769058227539,0,0.0,0.0,0.0
2019-06-06 00:00:00-04:00,19.879383087158203,19.879383087158203,19.879383087158203,19.879383087158203,100,0.0,0.0,0.0
2019-06-07 00:00:00-04:00,20.046234130859375,20.046234130859375,20.046234130859375,20.046234130859375,0,0.0,0.0,0.0
2019-06-10 00:00:00-04:00,20.081655502319336,20.081655502319336,20.081655502319336,20.081655502319336,100,0.0,0.0,0.0
2019-06-11 00:00:00-04:00,20.22561264038086,20.22561264038086,20.22561264038086,20.22561264038086,0,0.48,0.0,0.0
2019-06-12 00:00:00-04:00,20.09214210510254,20.09214210510254,20.09214210510254,20.09214210510254,0,0.0,0.0,0.0
2019-06-13 00:00:00-04:00,20.13981056213379,20.13981056213379,20.13981056213379,20.13981056213379,0,0.0,0.0,0.0
2019-06-14 00:00:00-04:00,19.930070877075195,19.930070877075195,19.930070877075195,19.930070877075195,100,0.0,0.0,0.0
2019-06-17 00:00:00-04:00,19.91100311279297,19.91100311279297,19.91100311279297,19.91100311279297,100,0.0,0.0,0.0
2019-06-18 00:00:00-04:00,20.26374626159668,20.26374626159668,20.26374626159668,20.26374626159668,0,0.0,0.0,0.0
2019-06-19 00:00:00-04:00,20.34287452697754,20.34287452697754,20.34287452697754,20.34287452697754,0,0.0,0.0,0.0
2019-06-20 00:00:00-04:00,20.62125766149712,20.62125766149712,20.487787314830197,20.54498863220215,1100,0.0,0.0,0.0
2019-06-21 00:00:00-04:00,20.544988332421163,20.573589899888347,20.544988332421163,20.548803329467773,1000,0.0,0.0,0.0
2019-06-24 00:00:00-04:00,20.512575149536133,20.512575149536133,20.512575149536133,20.512575149536133,100,0.0,0.0,0.0
2019-06-25 00:00:00-04:00,20.34954833984375,20.34954833984375,20.34954833984375,20.34954833984375,200,0.0,0.0,0.0
2019-06-26 00:00:00-04:00,20.459184646606445,20.459184646606445,20.459184646606445,20.459184646606445,0,0.0,0.0,0.0
2019-06-27 00:00:00-04:00,20.53068733215332,20.53068733215332,20.53068733215332,20.53068733215332,0,0.0,0.0,0.0
2019-06-28 00:00:00-04:00,20.742334365844727,20.742334365844727,20.742334365844727,20.742334365844727,0,0.0,0.0,0.0
2019-07-01 00:00:00-04:00,20.792863845825195,20.792863845825195,20.792863845825195,20.792863845825195,100,0.0,0.0,0.0
2019-07-02 00:00:00-04:00,20.7852351358818,20.788095474243164,20.7852351358818,20.788095474243164,500,0.0,0.0,0.0
2019-07-03 00:00:00-04:00,20.935867896034654,20.95970344543457,20.935867896034654,20.95970344543457,500,0.0,0.0,0.0
2019-07-05 00:00:00-04:00,20.74995994567871,20.74995994567871,20.74995994567871,20.74995994567871,0,0.0,0.0,0.0
2019-07-08 00:00:00-04:00,20.62602424621582,20.62602424621582,20.62602424621582,20.62602424621582,100,0.0,0.0,0.0
2019-07-09 00:00:00-04:00,20.549755096435547,20.549755096435547,20.549755096435547,20.549755096435547,100,0.0,0.0,0.0
2019-07-10 00:00:00-04:00,20.5078067779541,20.5078067779541,20.5078067779541,20.5078067779541,100,0.0,0.0,0.0
2019-07-11 00:00:00-04:00,20.42105342904694,20.444887161254883,20.41151957248432,20.444887161254883,200,0.0,0.0,0.0
2019-07-12 00:00:00-04:00,20.43821144104004,20.43821144104004,20.43821144104004,20.43821144104004,0,0.0,0.0,0.0
2019-07-15 00:00:00-04:00,20.544988923188154,20.562150955200195,20.543083243007118,20.562150955200195,300,0.0,0.0,0.0
2019-07-16 00:00:00-04:00,20.54498852303303,20.54498852303303,20.51734161376953,20.51734161376953,400,0.0,0.0,0.0
2019-07-17 00:00:00-04:00,20.340015411376953,20.340015411376953,20.340015411376953,20.340015411376953,100,0.0,0.0,0.0
2019-07-18 00:00:00-04:00,20.292346954345703,20.292346954345703,20.292346954345703,20.292346954345703,0,0.0,0.0,0.0
2019-07-19 00:00:00-04:00,20.192244357305306,20.192244357305306,20.174129486083984,20.174129486083984,200,0.0,0.0,0.0
2019-07-22 00:00:00-04:00,20.273279190063477,20.273279190063477,20.273279190063477,20.273279190063477,100,0.0,0.0,0.0
2019-07-23 00:00:00-04:00,20.52210807800293,20.52210807800293,20.52210807800293,20.52210807800293,100,0.0,0.0,0.0
2019-07-24 00:00:00-04:00,20.54498863220215,20.54498863220215,20.54498863220215,20.54498863220215,100,0.0,0.0,0.0
2019-07-25 00:00:00-04:00,20.283767700195312,20.283767700195312,20.283767700195312,20.283767700195312,100,0.0,0.0,0.0
2019-07-26 00:00:00-04:00,20.35431671142578,20.35431671142578,20.35431671142578,20.35431671142578,200,0.0,0.0,0.0
2019-07-29 00:00:00-04:00,20.397218704223633,20.397218704223633,20.397218704223633,20.397218704223633,0,0.0,0.0,0.0
2019-07-30 00:00:00-04:00,19.915769577026367,19.915769577026367,19.915769577026367,19.915769577026367,100,0.0,0.0,0.0
2019-07-31 00:00:00-04:00,19.906234741210938,19.906234741210938,19.906234741210938,19.906234741210938,400,0.0,0.0,0.0
2019-08-01 00:00:00-04:00,19.967251092067478,19.967251092067478,19.887168884277344,19.887168884277344,3100,0.0,0.0,0.0
2019-08-02 00:00:00-04:00,19.648827919619272,19.648827919619272,19.595439781150763,19.62499237060547,2300,0.0,0.0,0.0
2019-08-05 00:00:00-04:00,19.247461318969727,19.247461318969727,19.247461318969727,19.247461318969727,2400,0.0,0.0,0.0
2019-08-06 00:00:00-04:00,19.243647410501797,19.284643173217773,19.243647410501797,19.284643173217773,300,0.0,0.0,0.0
2019-08-07 00:00:00-04:00,19.451480865478516,19.451480865478516,19.451480865478516,19.451480865478516,2400,0.0,0.0,0.0
2019-08-08 00:00:00-04:00,19.57732391357422,19.57732391357422,19.57732391357422,19.57732391357422,2400,0.0,0.0,0.0
2019-08-09 00:00:00-04:00,19.49628869174126,19.49628869174126,19.48198699951172,19.48198699951172,200,0.0,0.0,0.0
2019-08-12 00:00:00-04:00,19.39141845703125,19.39141845703125,19.39141845703125,19.39141845703125,300,0.0,0.0,0.0
2019-08-13 00:00:00-04:00,19.23888047532056,19.448619842529297,19.23888047532056,19.448619842529297,300,0.0,0.0,0.0
2019-08-14 00:00:00-04:00,18.855627059936523,18.855627059936523,18.855627059936523,18.855627059936523,2400,0.0,0.0,0.0
2019-08-15 00:00:00-04:00,18.725019454956055,18.725019454956055,18.725019454956055,18.725019454956055,900,0.0,0.0,0.0
2019-08-16 00:00:00-04:00,18.97003173828125,18.97003173828125,18.97003173828125,18.97003173828125,0,0.0,0.0,0.0
2019-08-19 00:00:00-04:00,19.229347606832288,19.229347606832288,19.176912307739258,19.176912307739258,100,0.0,0.0,0.0
2019-08-20 00:00:00-04:00,19.081575393676758,19.081575393676758,19.081575393676758,19.081575393676758,100,0.0,0.0,0.0
2019-08-21 00:00:00-04:00,19.3590030670166,19.3590030670166,19.3590030670166,19.3590030670166,100,0.0,0.0,0.0
2019-08-22 00:00:00-04:00,19.31229019165039,19.31229019165039,19.31229019165039,19.31229019165039,100,0.0,0.0,0.0
2019-08-23 00:00:00-04:00,19.07871437072754,19.07871437072754,19.07871437072754,19.07871437072754,100,0.0,0.0,0.0
2019-08-26 00:00:00-04:00,19.200746292798225,19.2131404876709,19.196933114005976,19.2131404876709,300,0.0,0.0,0.0
2019-08-27 00:00:00-04:00,19.296083450317383,19.33421887585262,19.28654959393357,19.296083450317383,31500,0.0,0.0,0.0
2019-08-28 00:00:00-04:00,19.15307990012875,19.212188720703125,19.15307990012875,19.212188720703125,400,0.0,0.0,0.0
2019-08-29 00:00:00-04:00,19.420021057128906,19.420021057128906,19.420021057128906,19.420021057128906,100,0.0,0.0,0.0
2019-08-30 00:00:00-04:00,19.582091571530594,19.582091571530594,19.420019667305958,19.48198699951172,600,0.0,0.0,0.0
2019-09-03 00:00:00-04:00,19.334217195269684,19.42002007686858,19.334217195269684,19.410486221313477,22200,0.0,0.0,0.0
2019-09-04 00:00:00-04:00,19.683147430419922,19.683147430419922,19.683147430419922,19.683147430419922,100,0.0,0.0,0.0
2019-09-05 00:00:00-04:00,19.834734015009325,19.853801727294922,19.834734015009325,19.853801727294922,600,0.0,0.0,0.0
2019-09-06 00:00:00-04:00,19.98250125748517,19.98250125748517,19.90337371826172,19.90337371826172,900,0.0,0.0,0.0
2019-09-09 00:00:00-04:00,20.059728622436523,20.059728622436523,20.059728622436523,20.059728622436523,100,0.0,0.0,0.0
2019-09-10 00:00:00-04:00,20.120741813704736,20.12169647216797,20.120741813704736,20.12169647216797,300,0.0,0.0,0.0
2019-09-11 00:00:00-04:00,20.211313247680664,20.211313247680664,20.211313247680664,20.211313247680664,0,0.0,0.0,0.0
2019-09-12 00:00:00-04:00,20.24944796249202,20.354318567913833,20.24944796249202,20.335250854492188,1200,0.0,0.0,0.0
2019-09-13 00:00:00-04:00,20.41628646850586,20.41628646850586,20.41628646850586,20.41628646850586,0,0.0,0.0,0.0
2019-09-16 00:00:00-04:00,20.197011947631836,20.197011947631836,20.197011947631836,20.197011947631836,0,0.0,0.0,0.0
2019-09-17 00:00:00-04:00,20.23991267624779,20.272327423095703,20.23991267624779,20.272327423095703,600,0.0,0.0,0.0
2019-09-18 00:00:00-04:00,20.240867614746094,20.240867614746094,20.240867614746094,20.240867614746094,0,0.0,0.0,0.0
2019-09-19 00:00:00-04:00,20.265653610229492,20.265653610229492,20.265653610229492,20.265653610229492,0,0.0,0.0,0.0
2019-09-20 00:00:00-04:00,20.178897857666016,20.178897857666016,20.178897857666016,20.178897857666016,0,0.0,0.0,0.0
2019-09-23 00:00:00-04:00,20.015872955322266,20.015872955322266,20.015872955322266,20.015872955322266,0,0.0,0.0,0.0
2019-09-24 00:00:00-04:00,19.972971431876793,19.972971431876793,19.910049438476562,19.910049438476562,500,0.0,0.0,0.0
2019-09-25 00:00:00-04:00,19.78801918029785,19.78801918029785,19.78801918029785,19.78801918029785,0,0.0,0.0,0.0
2019-09-26 00:00:00-04:00,19.82996710474679,19.844268798828125,19.82996710474679,19.844268798828125,200,0.0,0.0,0.0
2019-09-27 00:00:00-04:00,19.97297226873124,19.97297226873124,19.91100311279297,19.91100311279297,100,0.0,0.0,0.0
2019-09-30 00:00:00-04:00,19.95104217529297,19.95104217529297,19.95104217529297,19.95104217529297,0,0.0,0.0,0.0
2019-10-01 00:00:00-04:00,19.77753257751465,19.77753257751465,19.77753257751465,19.77753257751465,0,0.0,0.0,0.0
2019-10-02 00:00:00-04:00,19.601159143787545,19.601159143787545,19.329450607299805,19.329450607299805,1800,0.0,0.0,0.0
2019-10-03 00:00:00-04:00,19.424787521362305,19.424787521362305,19.424787521362305,19.424787521362305,0,0.0,0.0,0.0
2019-10-04 00:00:00-04:00,19.610691900881882,19.622133255004883,19.610691900881882,19.622133255004883,200,0.0,0.0,0.0
2019-10-07 00:00:00-04:00,19.6145076751709,19.6145076751709,19.6145076751709,19.6145076751709,0,0.0,0.0,0.0
2019-10-08 00:00:00-04:00,19.417160167509234,19.417160167509234,19.377119064331055,19.377119064331055,100,0.0,0.0,0.0
2019-10-09 00:00:00-04:00,19.62022649738835,19.639294209382008,19.601158785394695,19.633573532104492,1700,0.0,0.0,0.0
2019-10-10 00:00:00-04:00,19.72223472595215,19.72223472595215,19.72223472595215,19.72223472595215,0,0.0,0.0,0.0
2019-10-11 00:00:00-04:00,20.275188446044922,20.275188446044922,20.275188446044922,20.275188446044922,0,0.0,0.0,0.0
2019-10-14 00:00:00-04:00,20.271374437410117,20.271374437410117,20.26374626159668,20.26374626159668,500,0.0,0.0,0.0
2019-10-15 00:00:00-04:00,20.550709698427113,20.550709698427113,20.541175842285156,20.541175842285156,100,0.0,0.0,0.0
2019-10-16 00:00:00-04:00,20.64509391784668,20.64509391784668,20.64509391784668,20.64509391784668,0,0.0,0.0,0.0
2019-10-17 00:00:00-04:00,20.761402130126953,20.761402130126953,20.761402130126953,20.761402130126953,0,0.0,0.0,0.0
2019-10-18 00:00:00-04:00,20.827184677124023,20.827184677124023,20.827184677124023,20.827184677124023,0,0.0,0.0,0.0
2019-10-21 00:00:00-04:00,20.98830223083496,20.98830223083496,20.98830223083496,20.98830223083496,0,0.0,0.0,0.0
2019-10-22 00:00:00-04:00,20.908220291137695,20.908220291137695,20.908220291137695,20.908220291137695,0,0.0,0.0,0.0
2019-10-23 00:00:00-04:00,21.053133010864258,21.053133010864258,21.053133010864258,21.053133010864258,0,0.0,0.0,0.0
2019-10-24 00:00:00-04:00,21.09793883335695,21.104612350463867,21.09793883335695,21.104612350463867,600,0.0,0.0,0.0
2019-10-25 00:00:00-04:00,21.040737002292747,21.050270857697143,21.040737002292747,21.042644500732422,600,0.0,0.0,0.0
2019-10-28 00:00:00-04:00,21.19327539849849,21.19327539849849,21.17420768737793,21.17420768737793,700,0.0,0.0,0.0
2019-10-29 00:00:00-04:00,21.118913650512695,21.118913650512695,21.118913650512695,21.118913650512695,0,0.0,0.0,0.0
2019-10-30 00:00:00-04:00,21.0693404708082,21.207578659057617,21.0693404708082,21.207578659057617,700,0.0,0.0,0.0
2019-10-31 00:00:00-04:00,21.078873914592606,21.124635696411133,21.078873914592606,21.124635696411133,300,0.0,0.0,0.0
2019-11-01 00:00:00-04:00,21.30768033261337,21.324840545654297,21.30768033261337,21.324840545654297,200,0.0,0.0,0.0
2019-11-04 00:00:00-05:00,21.51837128249193,21.522186279296875,21.51646560248641,21.522186279296875,400,0.0,0.0,0.0
2019-11-05 00:00:00-05:00,21.403015398168645,21.428754806518555,21.403015398168645,21.428754806518555,300,0.0,0.0,0.0
2019-11-06 00:00:00-05:00,21.469753710598408,21.474519729614258,21.45068599774065,21.474519729614258,900,0.0,0.0,0.0
2019-11-07 00:00:00-05:00,21.566041946411133,21.566041946411133,21.566041946411133,21.566041946411133,0,0.0,0.0,0.0
2019-11-08 00:00:00-05:00,21.464984893798828,21.464984893798828,21.464984893798828,21.464984893798828,0,0.0,0.0,0.0
2019-11-11 00:00:00-05:00,21.423037652525206,21.423037652525206,21.411596298217773,21.411596298217773,200,0.0,0.0,0.0
2019-11-12 00:00:00-05:00,21.41445541381836,21.41445541381836,21.41445541381836,21.41445541381836,0,0.0,0.0,0.0
2019-11-13 00:00:00-05:00,21.355347902674588,21.355347902674588,21.352487564086914,21.352487564086914,400,0.0,0.0,0.0
2019-11-14 00:00:00-05:00,21.32198143005371,21.32198143005371,21.32198143005371,21.32198143005371,0,0.0,0.0,0.0
2019-11-15 00:00:00-05:00,21.465940475463867,21.465940475463867,21.465940475463867,21.465940475463867,0,0.0,0.0,0.0
2019-11-18 00:00:00-05:00,21.46975326538086,21.46975326538086,21.46975326538086,21.46975326538086,0,0.0,0.0,0.0
2019-11-19 00:00:00-05:00,21.469752637728227,21.511699421842547,21.469752637728227,21.47547149658203,300,0.0,0.0,0.0
2019-11-20 00:00:00-05:00,21.359161376953125,21.359161376953125,21.359161376953125,21.359161376953125,0,0.0,0.0,0.0
2019-11-21 00:00:00-05:00,21.361068725585938,21.361068725585938,21.361068725585938,21.361068725585938,0,0.0,0.0,0.0
2019-11-22 00:00:00-05:00,21.345815658569336,21.345815658569336,21.345815658569336,21.345815658569336,0,0.0,0.0,0.0
2019-11-25 00:00:00-05:00,21.441152089921577,21.45545196533203,21.441152089921577,21.45545196533203,600,0.0,0.0,0.0
2019-11-26 00:00:00-05:00,21.502166748046875,21.502166748046875,21.502166748046875,21.502166748046875,0,0.0,0.0,0.0
2019-11-27 00:00:00-05:00,21.50788688659668,21.50788688659668,21.50788688659668,21.50788688659668,300,0.0,0.0,0.0
2019-11-29 00:00:00-05:00,21.439247131347656,21.439247131347656,21.439247131347656,21.439247131347656,100,0.0,0.0,0.0
2019-12-02 00:00:00-05:00,21.238082885742188,21.238082885742188,21.238082885742188,21.238082885742188,0,0.0,0.0,0.0
2019-12-03 00:00:00-05:00,21.183743720725463,21.307682037353516,21.183743720725463,21.307682037353516,1400,0.0,0.0,0.0
2019-12-04 00:00:00-05:00,21.45545196533203,21.45545196533203,21.45545196533203,21.45545196533203,100,0.0,0.0,0.0
2019-12-05 00:00:00-05:00,21.441152118277408,21.441152118277408,21.38776397705078,21.38776397705078,300,0.0,0.0,0.0
2019-12-06 00:00:00-05:00,21.40301447312791,21.43828773498535,21.40301447312791,21.43828773498535,200,0.0,0.0,0.0
2019-12-09 00:00:00-05:00,21.31911849975586,21.31911849975586,21.31911849975586,21.31911849975586,100,0.0,0.0,0.0
2019-12-10 00:00:00-05:00,21.363929748535156,21.363929748535156,21.363929748535156,21.363929748535156,100,0.0,0.0,0.0
2019-12-11 00:00:00-05:00,21.49317526528397,21.537214279174805,21.49317526528397,21.537214279174805,200,0.094,0.0,0.0
2019-12-12 00:00:00-05:00,21.593700714561052,21.7133731842041,21.593700714561052,21.7133731842041,1000,0.0,0.0,0.0
2019-12-13 00:00:00-05:00,21.86655347353545,21.86655347353545,21.77943229675293,21.77943229675293,1100,0.0,0.0,0.0
2019-12-16 00:00:00-05:00,22.029307206128397,22.036008834838867,22.029307206128397,22.036008834838867,500,0.0,0.0,0.0
2019-12-17 00:00:00-05:00,21.861764907836914,21.861764907836914,21.861764907836914,21.861764907836914,100,0.0,0.0,0.0
2019-12-18 00:00:00-05:00,21.742090860725664,21.751664876302158,21.71528434753418,21.71528434753418,500,0.0,0.0,0.0
2019-12-19 00:00:00-05:00,21.722945452097147,21.722945452097147,21.7191162109375,21.7191162109375,400,0.0,0.0,0.0
2019-12-20 00:00:00-05:00,21.7373046875,21.7373046875,21.7373046875,21.7373046875,100,0.0,0.0,0.0
2019-12-23 00:00:00-05:00,21.789963486621758,21.789963486621758,21.766029357910156,21.766029357910156,700,0.0,0.0,0.0
2019-12-24 00:00:00-05:00,21.744009017944336,21.744009017944336,21.744009017944336,21.744009017944336,0,0.0,0.0,0.0
2019-12-26 00:00:00-05:00,21.81102514321724,21.815813064575195,21.81102514321724,21.815813064575195,1500,0.0,0.0,0.0
2019-12-27 00:00:00-05:00,21.93548583984375,21.93548583984375,21.93548583984375,21.93548583984375,100,0.0,0.0,0.0
2019-12-30 00:00:00-05:00,21.705713272094727,21.705713272094727,21.705713272094727,21.705713272094727,100,0.0,0.0,0.0
2019-12-31 00:00:00-05:00,21.67507687045947,21.810068130493164,21.67507687045947,21.810068130493164,200,0.0,0.0,0.0
2020-01-02 00:00:00-05:00,22.080046813302904,22.17865753173828,22.080046813302904,22.17865753173828,400,0.0,0.0,0.0
2020-01-03 00:00:00-05:00,21.766029357910156,21.766029357910156,21.766029357910156,21.766029357910156,100,0.0,0.0,0.0
2020-01-06 00:00:00-05:00,21.799535751342773,21.799535751342773,21.799535751342773,21.799535751342773,300,0.0,0.0,0.0
2020-01-07 00:00:00-05:00,21.76123984642506,21.78038787841797,21.76123984642506,21.78038787841797,600,0.0,0.0,0.0
2020-01-08 00:00:00-05:00,21.957504272460938,21.957504272460938,21.957504272460938,21.957504272460938,400,0.0,0.0,0.0
2020-01-09 00:00:00-05:00,22.093452372529192,22.1154727935791,22.093452372529192,22.1154727935791,700,0.0,0.0,0.0
2020-01-10 00:00:00-05:00,22.134621549003484,22.134621549003484,22.066646575927734,22.066646575927734,800,0.0,0.0,0.0
2020-01-13 00:00:00-05:00,22.105897743832244,22.125045776367188,22.06760167876236,22.125045776367188,600,0.0,0.0,0.0
2020-01-14 00:00:00-05:00,22.038882175436605,22.0484561920166,22.038882175436605,22.0484561920166,500,0.0,0.0,0.0
2020-01-15 00:00:00-05:00,22.0484561920166,22.0484561920166,22.0484561920166,22.0484561920166,300,0.0,0.0,0.0
2020-01-16 00:00:00-05:00,22.10494041442871,22.10494041442871,22.10494041442871,22.10494041442871,300,0.0,0.0,0.0
2020-01-17 00:00:00-05:00,22.101109822670065,22.125045776367188,22.101109822670065,22.125045776367188,700,0.0,0.0,0.0
2020-01-21 00:00:00-05:00,22.2016372736329,22.22078348113993,22.14898109436035,22.14898109436035,1200,0.0,0.0,0.0
2020-01-22 00:00:00-05:00,22.115470489201407,22.115470489201407,22.098237991333008,22.098237991333008,300,0.0,0.0,0.0
2020-01-23 00:00:00-05:00,21.98143625422768,21.98143625422768,21.837829669543122,21.840702056884766,700,0.0,0.0,0.0
2020-01-24 00:00:00-05:00,22.023561954942426,22.023561954942426,21.991010665893555,21.991010665893555,500,0.0,0.0,0.0
2020-01-27 00:00:00-05:00,21.512321873313113,21.512321873313113,21.474027633666992,21.474027633666992,1000,0.0,0.0,0.0
2020-01-28 00:00:00-05:00,21.6463565826416,21.6463565826416,21.6463565826416,21.6463565826416,400,0.0,0.0,0.0
2020-01-29 00:00:00-05:00,21.61667823791504,21.61667823791504,21.61667823791504,21.61667823791504,100,0.0,0.0,0.0
2020-01-30 00:00:00-05:00,21.397437947501192,21.608060836791992,21.393608706031465,21.608060836791992,17800,0.0,0.0,0.0
2020-01-31 00:00:00-05:00,21.37828899413123,21.37828899413123,21.186812320428814,21.22127914428711,5500,0.0,0.0,0.0
2020-02-03 00:00:00-05:00,21.278721493316286,21.278721493316286,21.251914978027344,21.251914978027344,600,0.0,0.0,0.0
2020-02-04 00:00:00-05:00,21.608060679747606,21.608060679747606,21.599445343017578,21.599445343017578,200,0.0,0.0,0.0
2020-02-05 00:00:00-05:00,21.866552751149765,21.87612676738914,21.848361572477884,21.856021881103516,1100,0.0,0.0,0.0
2020-02-06 00:00:00-05:00,21.991009871799918,21.991009871799918,21.928781509399414,21.928781509399414,200,0.0,0.0,0.0
2020-02-07 00:00:00-05:00,21.75358240297347,21.75358240297347,21.69039535522461,21.69039535522461,800,0.0,0.0,0.0
2020-02-10 00:00:00-05:00,21.66741784189838,21.7066707611084,21.643483714056657,21.7066707611084,400,0.0,0.0,0.0
2020-02-11 00:00:00-05:00,21.9077205657959,21.9077205657959,21.9077205657959,21.9077205657959,100,0.0,0.0,0.0
2020-02-12 00:00:00-05:00,22.053241729736328,22.053241729736328,22.053241729736328,22.053241729736328,100,0.0,0.0,0.0
2020-02-13 00:00:00-05:00,21.856978653281104,21.90484690824233,21.856978653281104,21.88091278076172,900,0.0,0.0,0.0
2020-02-14 00:00:00-05:00,21.909633795053097,21.909633795053097,21.890485763549805,21.890485763549805,300,0.0,0.0,0.0
2020-02-18 00:00:00-05:00,21.770813386872778,21.80910945002208,21.732519149780273,21.732519149780273,2700,0.0,0.0,0.0
2020-02-19 00:00:00-05:00,21.809110082572065,21.866552352905273,21.789962050442046,21.866552352905273,2300,0.0,0.0,0.0
2020-02-20 00:00:00-05:00,21.71432963651211,21.751667022705078,21.71432963651211,21.751667022705078,300,0.0,0.0,0.0
2020-02-21 00:00:00-05:00,21.608060836791992,21.608060836791992,21.608060836791992,21.608060836791992,100,0.0,0.0,0.0
2020-02-24 00:00:00-05:00,20.76556603136176,20.76556603136176,20.746417999267578,20.746417999267578,500,0.0,0.0,0.0
2020-02-25 00:00:00-05:00,20.643977808883815,20.643977808883815,20.285917282104492,20.285917282104492,600,0.0,0.0,0.0
2020-02-26 00:00:00-05:00,20.18730926513672,20.18730926513672,20.18730926513672,20.18730926513672,100,0.0,0.0,0.0
2020-02-27 00:00:00-05:00,19.836906757438346,20.037957444300268,19.715320587158203,19.715320587158203,4900,0.0,0.0,0.0
2020-02-28 00:00:00-05:00,19.233759858545472,19.449170673498223,19.146638678692163,19.407045364379883,2400,0.0,0.0,0.0
2020-03-02 00:00:00-05:00,19.511399467105395,19.798614501953125,19.511399467105395,19.798614501953125,1200,0.0,0.0,0.0
2020-03-03 00:00:00-05:00,20.018809826050237,20.024554601065446,19.54682159423828,19.54682159423828,300,0.0,0.0,0.0
2020-03-04 00:00:00-05:00,19.908711809402817,20.151885986328125,19.908711809402817,20.151885986328125,1000,0.0,0.0,0.0
2020-03-05 00:00:00-05:00,19.693299613039216,19.71532003215091,19.664579391479492,19.664579391479492,2700,0.0,0.0,0.0
2020-03-06 00:00:00-05:00,19.425236712110458,19.425236712110458,19.310350334457475,19.335241317749023,1700,0.0,0.0,0.0
2020-03-09 00:00:00-04:00,18.448705809781746,18.448705809781746,17.816835403442383,17.816835403442383,3300,0.0,0.0,0.0
2020-03-10 00:00:00-04:00,18.43913293508892,18.43913293508892,17.75939240982114,18.209362030029297,5100,0.0,0.0,0.0
2020-03-11 00:00:00-04:00,17.49132777359441,17.49132777359441,17.098802237824025,17.297937393188477,7100,0.0,0.0,0.0
2020-03-12 00:00:00-04:00,16.074406359093285,16.074406359093285,15.211806297302246,15.211806297302246,3100,0.0,0.0,0.0
2020-03-13 00:00:00-04:00,16.189290520908756,16.466931509386956,15.356371207587872,16.249605178833008,7400,0.0,0.0,0.0
2020-03-16 00:00:00-04:00,13.834136500158246,14.604827451816961,13.776694229380409,14.414308547973633,8600,0.0,0.0,0.0
2020-03-17 00:00:00-04:00,14.083055053157947,14.437285423278809,14.073481037282905,14.437285423278809,4100,0.0,0.0,0.0
2020-03-18 00:00:00-04:00,13.326725600177895,13.5947916626045,13.02036438597606,13.365020751953125,7500,0.0,0.0,0.0
2020-03-19 00:00:00-04:00,13.07780672998846,13.556496586360094,13.07780672998846,13.460759162902832,900,0.0,0.0,0.0
2020-03-20 00:00:00-04:00,14.121351791601146,14.150072929427607,13.556497573852539,13.556497573852539,6300,0.0,0.0,0.0
2020-03-23 00:00:00-04:00,13.757546498384508,13.996891428933358,13.757546498384508,13.85328483581543,1000,0.0,0.0,0.0
2020-03-24 00:00:00-04:00,15.04043518219355,15.308501243591309,15.04043518219355,15.308501243591309,8100,0.0,0.0,0.0
2020-03-25 00:00:00-04:00,15.33722428241318,15.902078490174025,15.33722428241318,15.710601806640625,1600,0.0,0.0,0.0
2020-03-26 00:00:00-04:00,16.24673286711258,16.332897186279297,16.24673286711258,16.332897186279297,800,0.0,0.0,0.0
2020-03-27 00:00:00-04:00,15.576568201243981,15.759427709851947,15.576568201243981,15.679965019226074,2100,0.0,0.0,0.0
2020-03-30 00:00:00-04:00,15.978667894422973,15.97962474822998,15.978667894422973,15.97962474822998,500,0.0,0.0,0.0
2020-03-31 00:00:00-04:00,16.00451493486682,16.00451493486682,15.854206722070538,15.904949188232422,1300,0.0,0.0,0.0
2020-04-01 00:00:00-04:00,15.480829280015131,15.480829280015131,15.2702054977417,15.2702054977417,5100,0.0,0.0,0.0
2020-04-02 00:00:00-04:00,15.346797933289194,15.442534446716309,15.346797933289194,15.442534446716309,2000,0.0,0.0,0.0
2020-04-03 00:00:00-04:00,15.174469226099223,15.251059532165527,15.174469226099223,15.251059532165527,700,0.0,0.0,0.0
2020-04-06 00:00:00-04:00,15.720174999328265,16.208438873291016,15.720174999328265,16.208438873291016,8800,0.0,0.0,0.0
2020-04-07 00:00:00-04:00,16.533947309704068,16.533947309704068,16.35204466143216,16.36257553100586,4500,0.0,0.0,0.0
2020-04-08 00:00:00-04:00,16.40853054856604,16.5406494140625,16.356831226917215,16.5406494140625,3500,0.0,0.0,0.0
2020-04-09 00:00:00-04:00,17.070080276122038,17.16486175919334,16.94562171641313,17.142841339111328,5000,0.0,0.0,0.0
2020-04-13 00:00:00-04:00,16.888177954059273,16.888177954059273,16.8632869720459,16.8632869720459,200,0.0,0.0,0.0
2020-04-14 00:00:00-04:00,17.3860154985998,17.3860154985998,17.26729988789691,17.32857322692871,2300,0.0,0.0,0.0
2020-04-15 00:00:00-04:00,16.58086014124709,16.62968707827769,16.539691687103144,16.553096771240234,2900,0.0,0.0,0.0
2020-04-16 00:00:00-04:00,16.648833446957305,16.648833446957305,16.49565283139682,16.53394889831543,3900,0.0,0.0,0.0
2020-04-17 00:00:00-04:00,17.041358069034455,17.137096405029297,17.033699586493068,17.137096405029297,6100,0.0,0.0,0.0
2020-04-20 00:00:00-04:00,16.95519344002412,17.11794806043005,16.95519344002412,16.964767456054688,5100,0.0,0.0,0.0
2020-04-21 00:00:00-04:00,16.639258789211326,16.639258789211326,16.53394826135612,16.53586196899414,1200,0.0,0.0,0.0
2020-04-22 00:00:00-04:00,16.64883406464551,16.692874908447266,16.610539822363123,16.692874908447266,25200,0.0,0.0,0.0
2020-04-23 00:00:00-04:00,16.658405303955078,16.658405303955078,16.658405303955078,16.658405303955078,800,0.0,0.0,0.0
2020-04-24 00:00:00-04:00,16.572242566566075,16.749359130859375,16.572242566566075,16.749359130859375,200,0.0,0.0,0.0
2020-04-27 00:00:00-04:00,17.105503954373013,17.117948532104492,17.105503954373013,17.117948532104492,800,0.0,0.0,0.0
2020-04-28 00:00:00-04:00,17.47218055850491,17.47218055850491,17.146671295166016,17.146671295166016,1000,0.0,0.0,0.0
2020-04-29 00:00:00-04:00,17.850345768674682,17.93651009173633,17.850345768674682,17.85896110534668,1800,0.0,0.0,0.0
2020-04-30 00:00:00-04:00,17.5583438873291,17.5583438873291,17.5583438873291,17.5583438873291,100,0.0,0.0,0.0
2020-05-01 00:00:00-04:00,17.5583438873291,17.5583438873291,17.5583438873291,17.5583438873291,0,0.0,0.0,0.0
2020-05-04 00:00:00-04:00,17.167734146118164,17.167734146118164,17.167734146118164,17.167734146118164,0,0.0,0.0,0.0
2020-05-05 00:00:00-04:00,17.071035385131836,17.071035385131836,17.071035385131836,17.071035385131836,0,0.0,0.0,0.0
2020-05-06 00:00:00-04:00,16.96476761706562,16.96476761706562,16.9427490234375,16.9427490234375,300,0.0,0.0,0.0
2020-05-07 00:00:00-04:00,17.213688205085628,17.280704498291016,17.213688205085628,17.280704498291016,600,0.0,0.0,0.0
2020-05-08 00:00:00-04:00,17.280704498291016,17.280704498291016,17.280704498291016,17.280704498291016,0,0.0,0.0,0.0
2020-05-11 00:00:00-04:00,17.51909065246582,17.51909065246582,17.51909065246582,17.51909065246582,100,0.0,0.0,0.0
2020-05-12 00:00:00-04:00,17.66365527699345,17.66365527699345,17.251981735229492,17.251981735229492,800,0.0,0.0,0.0
2020-05-13 00:00:00-04:00,17.280703002948353,17.280703002948353,17.00402069091797,17.00402069091797,400,0.0,0.0,0.0
2020-05-14 00:00:00-04:00,16.57224240334158,16.848926544189453,16.57224240334158,16.848926544189453,400,0.0,0.0,0.0
2020-05-15 00:00:00-04:00,16.98200225830078,16.98200225830078,16.98200225830078,16.98200225830078,100,0.0,0.0,0.0
2020-05-18 00:00:00-04:00,17.57366498475789,18.008314053477196,17.57366498475789,18.005441665649414,700,0.0,0.0,0.0
2020-05-19 00:00:00-04:00,17.78141212463379,17.78141212463379,17.78141212463379,17.78141212463379,100,0.0,0.0,0.0
2020-05-20 00:00:00-04:00,18.21893762715765,18.27829360961914,18.21893762715765,18.27829360961914,200,0.0,0.0,0.0
2020-05-21 00:00:00-04:00,18.23234019164937,18.23234019164937,18.027460257276555,18.033205032348633,3300,0.0,0.0,0.0
2020-05-22 00:00:00-04:00,18.037034190762235,18.082988739013672,18.027460174371775,18.082988739013672,900,0.0,0.0,0.0
2020-05-26 00:00:00-04:00,18.82208323193706,18.869951482638537,18.745492935180664,18.745492935180664,2700,0.0,0.0,0.0
2020-05-27 00:00:00-04:00,19.013562033900296,19.147594611844998,18.99441400103479,19.128446578979492,4000,0.0,0.0,0.0
2020-05-28 00:00:00-04:00,19.219397465495238,19.38693817610055,19.176315307617188,19.176315307617188,3600,0.0,0.0,0.0
2020-05-29 00:00:00-04:00,19.157167116781736,19.25098991394043,19.073875189051112,19.25098991394043,3600,0.0,0.0,0.0
2020-06-01 00:00:00-04:00,19.597562146050304,19.754573822021484,19.597562146050304,19.754573822021484,1200,0.0,0.0,0.0
2020-06-02 00:00:00-04:00,19.94222068166867,19.994876861572266,19.846482338758225,19.994876861572266,1000,0.0,0.0,0.0
2020-06-03 00:00:00-04:00,20.51856126805114,20.848858438013163,20.51856126805114,20.794286727905273,1600,0.0,0.0,0.0
2020-06-04 00:00:00-04:00,20.73684310982411,20.789499282836914,20.73684310982411,20.789499282836914,800,0.0,0.0,0.0
2020-06-05 00:00:00-04:00,21.23468415171321,21.29691434970307,21.21553611755371,21.21553611755371,6400,0.0,0.0,0.0
2020-06-08 00:00:00-04:00,21.3304197757978,21.47498321533203,21.282549696504788,21.47498321533203,500,0.0,0.0,0.0
2020-06-09 00:00:00-04:00,21.081502040695135,21.081502040695135,21.071928024291992,21.071928024291992,500,0.0,0.0,0.0
2020-06-10 00:00:00-04:00,20.985763792018,21.014485841349643,20.93789553585551,20.94172477722168,3600,0.0,0.0,0.0
2020-06-11 00:00:00-04:00,19.701543939863164,19.711225509643555,19.6628176607416,19.711225509643555,1200,0.243,0.0,0.0
2020-06-12 00:00:00-04:00,20.195292550171082,20.195292550171082,19.982301712036133,19.982301712036133,600,0.0,0.0,0.0
2020-06-15 00:00:00-04:00,19.98617208695161,20.160436630249023,19.98617208695161,20.160436630249023,400,0.0,0.0,0.0
2020-06-16 00:00:00-04:00,20.44700733922811,20.44700733922811,20.388917922973633,20.388917922973633,2300,0.0,0.0,0.0
2020-06-17 00:00:00-04:00,20.39860020187702,20.427644911014525,20.397632598876953,20.397632598876953,4300,0.0,0.0,0.0
2020-06-18 00:00:00-04:00,20.282424926757812,20.282424926757812,20.282424926757812,20.282424926757812,200,0.0,0.0,0.0
2020-06-19 00:00:00-04:00,20.505094334117278,20.505094334117278,20.1226806640625,20.1226806640625,400,0.0,0.0,0.0
2020-06-22 00:00:00-04:00,20.311468073608935,20.456687927246094,20.30178650382371,20.456687927246094,1900,0.0,0.0,0.0
2020-06-23 00:00:00-04:00,20.921392919673995,20.921392919673995,20.692913055419922,20.692913055419922,1300,0.0,0.0,0.0
2020-06-24 00:00:00-04:00,20.292104649836844,20.30662792759659,20.282424926757812,20.282424926757812,1100,0.0,0.0,0.0
2020-06-25 00:00:00-04:00,20.39859962463379,20.39859962463379,20.39859962463379,20.39859962463379,100,0.0,0.0,0.0
2020-06-26 00:00:00-04:00,20.340512193900647,20.340512193900647,19.962940216064453,19.962940216064453,1200,0.0,0.0,0.0
2020-06-29 00:00:00-04:00,20.238858314668576,20.276615142822266,20.2243350372475,20.276615142822266,600,0.0,0.0,0.0
2020-06-30 00:00:00-04:00,20.456687927246094,20.456687927246094,20.456687927246094,20.456687927246094,200,0.0,0.0,0.0
2020-07-01 00:00:00-04:00,20.427644067877985,20.437325637190888,20.379236221313477,20.379236221313477,500,0.0,0.0,0.0
2020-07-02 00:00:00-04:00,20.829418830154115,20.829418830154115,20.699689865112305,20.699689865112305,1800,0.0,0.0,0.0
2020-07-06 00:00:00-04:00,21.15374648547404,21.20505714416504,21.15374648547404,21.20505714416504,1400,0.0,0.0,0.0
2020-07-07 00:00:00-04:00,21.018205183141525,21.018205183141525,20.74519157409668,20.74519157409668,2400,0.0,0.0,0.0
2020-07-08 00:00:00-04:00,20.766490830955515,21.04047203063965,20.766490830955515,21.04047203063965,400,0.0,0.0,0.0
2020-07-09 00:00:00-04:00,20.921394689139277,20.921394689139277,20.911713119055545,20.917522430419922,400,0.0,0.0,0.0
2020-07-10 00:00:00-04:00,21.008525773616235,21.137287139892578,21.008525773616235,21.137287139892578,600,0.0,0.0,0.0
2020-07-13 00:00:00-04:00,21.366735695422243,21.366735695422243,21.01336669921875,21.01336669921875,2700,0.0,0.0,0.0
2020-07-14 00:00:00-04:00,21.337692260742188,21.337692260742188,21.337692260742188,21.337692260742188,100,0.0,0.0,0.0
2020-07-15 00:00:00-04:00,21.589405059814453,21.589405059814453,21.589405059814453,21.589405059814453,200,0.0,0.0,0.0
2020-07-16 00:00:00-04:00,21.550679421819662,21.550679421819662,21.5255069732666,21.5255069732666,400,0.0,0.0,0.0
2020-07-17 00:00:00-04:00,21.685251235961914,21.685251235961914,21.685251235961914,21.685251235961914,100,0.0,0.0,0.0
2020-07-20 00:00:00-04:00,21.686219057534252,21.96697903468215,21.686219057534252,21.955360412597656,2000,0.0,0.0,0.0
2020-07-21 00:00:00-04:00,22.170285913889327,22.188681449550224,22.150922775268555,22.150922775268555,3100,0.0,0.0,0.0
2020-07-22 00:00:00-04:00,22.325186145291948,22.363912420478943,22.28646171667539,22.337772369384766,4100,0.0,0.0,0.0
2020-07-23 00:00:00-04:00,22.35423142983069,22.35423142983069,22.087994744030933,22.102516174316406,3200,0.0,0.0,0.0
2020-07-24 00:00:00-04:00,21.841120475575927,21.849834442138672,21.841120475575927,21.849834442138672,200,0.0,0.0,0.0
2020-07-27 00:00:00-04:00,22.218693712576815,22.218693712576815,22.165446004769663,22.190616607666016,1700,0.0,0.0,0.0
2020-07-28 00:00:00-04:00,22.17996742222977,22.189648991513543,21.986339729695356,22.012479782104492,7300,0.0,0.0,0.0
2020-07-29 00:00:00-04:00,22.170287434667483,22.267101287841797,22.159638261666736,22.267101287841797,1700,0.0,0.0,0.0
2020-07-30 00:00:00-04:00,21.540998679913976,21.705581665039062,21.231195848283352,21.705581665039062,7500,0.0,0.0,0.0
2020-07-31 00:00:00-04:00,21.482910918129498,21.49259248735252,21.202150950373397,21.217641830444336,4200,0.0,0.0,0.0
2020-08-03 00:00:00-04:00,21.83143751936175,21.83143751936175,21.815948486328125,21.815948486328125,200,0.0,0.0,0.0
2020-08-04 00:00:00-04:00,21.540998304879935,21.821758270263672,21.540998304879935,21.821758270263672,2800,0.0,0.0,0.0
2020-08-05 00:00:00-04:00,21.99601978017939,22.073470482531167,21.935997009277344,21.935997009277344,700,0.0,0.0,0.0
2020-08-06 00:00:00-04:00,22.048301696777344,22.048301696777344,22.048301696777344,22.048301696777344,100,0.0,0.0,0.0
2020-08-07 00:00:00-04:00,21.937933833675483,22.00570297241211,21.9079215227249,22.00570297241211,400,0.0,0.0,0.0
2020-08-10 00:00:00-04:00,21.976660659759467,21.988277435302734,21.976660659759467,21.988277435302734,300,0.0,0.0,0.0
2020-08-11 00:00:00-04:00,22.44136569644457,22.44136569644457,22.11703956757672,22.135435104370117,4700,0.0,0.0,0.0
2020-08-12 00:00:00-04:00,22.611757794918088,22.64467291641229,22.605948483713558,22.610788345336914,700,0.0,0.0,0.0
2020-08-13 00:00:00-04:00,22.60594666300643,22.60594666300643,22.425872802734375,22.425872802734375,4300,0.0,0.0,0.0
2020-08-14 00:00:00-04:00,22.305826334871977,22.305826334871977,22.29227066040039,22.29227066040039,200,0.0,0.0,0.0
2020-08-17 00:00:00-04:00,22.47525050744166,22.494613647460938,22.47525050744166,22.494613647460938,200,0.0,0.0,0.0
2020-08-18 00:00:00-04:00,22.659194019864458,22.668875588752677,22.4897693341763,22.558507919311523,2900,0.0,0.0,0.0
2020-08-19 00:00:00-04:00,22.71244155480273,22.713411004362406,22.482994079589844,22.482994079589844,3600,0.0,0.0,0.0
2020-08-20 00:00:00-04:00,22.228373635542166,22.411352157592773,22.228373635542166,22.411352157592773,100,0.0,0.0,0.0
2020-08-21 00:00:00-04:00,21.986339508391932,22.187711715698242,21.976659785776118,22.187711715698242,1600,0.0,0.0,0.0
2020-08-24 00:00:00-04:00,22.615628931520714,22.615628931520714,22.572062792789406,22.59626579284668,1600,0.0,0.0,0.0
2020-08-25 00:00:00-04:00,22.799573136781202,22.799573136781202,22.586584151755083,22.725027084350586,700,0.0,0.0,0.0
2020-08-26 00:00:00-04:00,22.810224924289173,22.977710723876953,22.810224924289173,22.977710723876953,700,0.0,0.0,0.0
2020-08-27 00:00:00-04:00,22.993200085864498,22.993200085864498,22.654352557390293,22.66693878173828,3200,0.0,0.0,0.0
2020-08-28 00:00:00-04:00,22.702760202800647,22.78601837158203,22.702760202800647,22.78601837158203,300,0.0,0.0,0.0
2020-08-31 00:00:00-04:00,22.81409604350213,22.81409604350213,22.712440490722656,22.712440490722656,2400,0.0,0.0,0.0
2020-09-01 00:00:00-04:00,22.64080047607422,22.64080047607422,22.64080047607422,22.64080047607422,300,0.0,0.0,0.0
2020-09-02 00:00:00-04:00,23.099695027130586,23.12970733642578,23.099695027130586,23.12970733642578,500,0.0,0.0,0.0
2020-09-03 00:00:00-04:00,22.586586022784804,22.586586022784804,22.530433654785156,22.530433654785156,300,0.0,0.0,0.0
2020-09-04 00:00:00-04:00,22.470407485961914,22.567221333829735,22.08315394106119,22.470407485961914,6100,0.0,0.0,0.0
2020-09-08 00:00:00-04:00,22.441364956957795,22.45104652654519,22.28839874267578,22.28839874267578,1000,0.0,0.0,0.0
2020-09-09 00:00:00-04:00,22.935113273297652,22.944794842609316,22.90316390991211,22.90316390991211,1900,0.0,0.0,0.0
2020-09-10 00:00:00-04:00,23.11421892907831,23.11421892907831,22.699857711791992,22.699857711791992,1200,0.0,0.0,0.0
2020-09-11 00:00:00-04:00,22.82765007019043,22.82765007019043,22.82765007019043,22.82765007019043,100,0.0,0.0,0.0
2020-09-14 00:00:00-04:00,22.881864547729492,22.881864547729492,22.881864547729492,22.881864547729492,0,0.0,0.0,0.0
2020-09-15 00:00:00-04:00,22.867345281324777,22.934144973754883,22.864440625728577,22.934144973754883,4200,0.0,0.0,0.0
2020-09-16 00:00:00-04:00,22.867344291381567,22.938985688894142,22.799573305735535,22.82377815246582,12500,0.0,0.0,0.0
2020-09-17 00:00:00-04:00,22.789893323140888,22.909940719604492,22.789893323140888,22.909940719604492,400,0.0,0.0,0.0
2020-09-18 00:00:00-04:00,22.756006240844727,22.756006240844727,22.756006240844727,22.756006240844727,100,0.0,0.0,0.0
2020-09-21 00:00:00-04:00,22.189648737695276,22.189648737695276,21.70558135846682,21.831438064575195,5900,0.0,0.0,0.0
2020-09-22 00:00:00-04:00,21.637813568115234,21.637813568115234,21.628131998339377,21.637813568115234,1600,0.0,0.0,0.0
2020-09-23 00:00:00-04:00,21.879845725636518,21.879845725636518,21.521635055541992,21.521635055541992,300,0.0,0.0,0.0
2020-09-24 00:00:00-04:00,21.671697477110413,21.671697477110413,21.589405059814453,21.589405059814453,200,0.0,0.0,0.0
2020-09-25 00:00:00-04:00,21.29896515277042,21.497432708740234,21.182788166718815,21.497432708740234,2900,0.0,0.0,0.0
2020-09-28 00:00:00-04:00,22.00570282066856,22.052173614501953,21.996021251405725,22.052173614501953,1700,0.0,0.0,0.0
2020-09-29 00:00:00-04:00,22.170286254932194,22.170286254932194,22.10735697673191,22.147050857543945,1000,0.0,0.0,0.0
2020-09-30 00:00:00-04:00,22.08896310407622,22.08896310407622,22.071537017822266,22.071537017822266,2600,0.0,0.0,0.0
2020-10-01 00:00:00-04:00,22.073472850661577,22.136402130126953,22.073472850661577,22.136402130126953,500,0.0,0.0,0.0
2020-10-02 00:00:00-04:00,21.783033560372264,22.003768920898438,21.783033560372264,22.003768920898438,200,0.0,0.0,0.0
2020-10-05 00:00:00-04:00,22.471376419067383,22.471376419067383,22.471376419067383,22.471376419067383,100,0.0,0.0,0.0
2020-10-06 00:00:00-04:00,22.49945157672436,22.49945157672436,22.243864059448242,22.243864059448242,600,0.0,0.0,0.0
2020-10-07 00:00:00-04:00,22.45298194885254,22.45298194885254,22.45298194885254,22.45298194885254,200,0.0,0.0,0.0
2020-10-08 00:00:00-04:00,22.673717262367223,22.673717262367223,22.670812606811523,22.670812606811523,300,0.0,0.0,0.0
2020-10-09 00:00:00-04:00,22.76084980665954,22.79570198059082,22.76084980665954,22.79570198059082,400,0.0,0.0,0.0
2020-10-12 00:00:00-04:00,22.85766420947407,22.96899949471048,22.85766420947407,22.95641326904297,200,0.0,0.0,0.0
2020-10-13 00:00:00-04:00,22.547860236870978,22.59626623793901,22.53333695929411,22.585617065429688,3500,0.0,0.0,0.0
2020-10-14 00:00:00-04:00,22.683399588464003,22.683399588464003,22.567222595214844,22.567222595214844,300,0.0,0.0,0.0
2020-10-15 00:00:00-04:00,22.110260009765625,22.110260009765625,22.110260009765625,22.110260009765625,100,0.0,0.0,0.0
2020-10-16 00:00:00-04:00,22.36778450012207,22.36778450012207,22.36778450012207,22.36778450012207,100,0.0,0.0,0.0
2020-10-19 00:00:00-04:00,22.422001338552512,22.43168290793298,22.17706298828125,22.17706298828125,1600,0.0,0.0,0.0
2020-10-20 00:00:00-04:00,22.270971298217773,22.270971298217773,22.270971298217773,22.270971298217773,0,0.0,0.0,0.0
2020-10-21 00:00:00-04:00,22.025066688809556,22.044429827976657,22.004735946655273,22.004735946655273,2200,0.0,0.0,0.0
2020-10-22 00:00:00-04:00,21.9863399659089,22.015384674072266,21.9863399659089,22.015384674072266,1700,0.0,0.0,0.0
2020-10-23 00:00:00-04:00,22.12187980990849,22.157699584960938,22.04442910236004,22.157699584960938,2200,0.0,0.0,0.0
2020-10-26 00:00:00-04:00,21.30864672759006,21.31832829697771,21.081134463406688,21.157617568969727,2200,0.0,0.0,0.0
2020-10-27 00:00:00-04:00,21.08113458492536,21.08113458492536,20.98916244506836,20.98916244506836,1700,0.0,0.0,0.0
2020-10-28 00:00:00-04:00,20.03070979732081,20.04039136703895,19.81481430109044,19.879680633544922,5800,0.0,0.0,0.0
2020-10-29 00:00:00-04:00,19.89032923632487,20.06943365455187,19.89032923632487,19.953258514404297,1000,0.0,0.0,0.0
2020-10-30 00:00:00-04:00,19.856445571783937,19.856445571783937,19.798357999062052,19.803197860717773,900,0.0,0.0,0.0
2020-11-02 00:00:00-05:00,20.07911491394043,20.07911491394043,20.07911491394043,20.07911491394043,200,0.0,0.0,0.0
2020-11-03 00:00:00-05:00,20.67936045709575,20.773269653320312,20.640634177733993,20.773269653320312,600,0.0,0.0,0.0
2020-11-04 00:00:00-05:00,21.025951385498047,21.025951385498047,21.025951385498047,21.025951385498047,100,0.0,0.0,0.0
2020-11-05 00:00:00-05:00,21.550681149780672,21.64265329221104,21.492593578065208,21.55552101135254,2200,0.0,0.0,0.0
2020-11-06 00:00:00-05:00,21.589404988380483,21.599086557828596,21.54003138473684,21.57972526550293,1000,0.0,0.0,0.0
2020-11-09 00:00:00-05:00,22.14511489868164,22.14511489868164,22.14511489868164,22.14511489868164,100,0.0,0.0,0.0
2020-11-10 00:00:00-05:00,22.354232788085938,22.354232788085938,22.354232788085938,22.354232788085938,100,0.0,0.0,0.0
2020-11-11 00:00:00-05:00,22.3929560549864,22.48493003845215,22.383276332425215,22.48493003845215,40100,0.0,0.0,0.0
2020-11-12 00:00:00-05:00,22.238054976286644,22.238054976286644,22.174158096313477,22.174158096313477,200,0.0,0.0,0.0
2020-11-13 00:00:00-05:00,22.383275947238996,22.52849578857422,22.383275947238996,22.52849578857422,300,0.0,0.0,0.0
2020-11-16 00:00:00-05:00,22.60594746644608,22.60594746644608,22.589488983154297,22.589488983154297,700,0.0,0.0,0.0
2020-11-17 00:00:00-05:00,22.5188144628639,22.668876013587905,22.5188144628639,22.636926651000977,1000,0.0,0.0,0.0
2020-11-18 00:00:00-05:00,22.693080142453912,22.712441434986392,22.60594786306072,22.618534088134766,700,0.0,0.0,0.0
2020-11-19 00:00:00-05:00,22.697917938232422,22.697917938232422,22.697917938232422,22.697917938232422,100,0.0,0.0,0.0
2020-11-20 00:00:00-05:00,22.67371598905584,22.702760696411133,22.66403441993741,22.702760696411133,2600,0.0,0.0,0.0
2020-11-23 00:00:00-05:00,22.702760696411133,22.702760696411133,22.702760696411133,22.702760696411133,0,0.0,0.0,0.0
2020-11-24 00:00:00-05:00,22.925430929187886,22.99029541015625,22.925430929187886,22.99029541015625,600,0.0,0.0,0.0
2020-11-25 00:00:00-05:00,23.036767959594727,23.036767959594727,23.036767959594727,23.036767959594727,0,0.0,0.0,0.0
2020-11-27 00:00:00-05:00,23.070650479190256,23.188762664794922,23.070650479190256,23.188762664794922,100,0.0,0.0,0.0
2020-11-30 00:00:00-05:00,23.38045410748376,23.38045410748376,23.11808967590332,23.11808967590332,500,0.0,0.0,0.0
2020-12-01 00:00:00-05:00,23.332048428466734,23.51018524169922,23.332048428466734,23.51018524169922,900,0.0,0.0,0.0
2020-12-02 00:00:00-05:00,23.438543138025164,23.468555450439453,23.438543138025164,23.468555450439453,100,0.0,0.0,0.0
2020-12-03 00:00:00-05:00,23.488885592781433,23.50631352592161,23.420148849487305,23.420148849487305,800,0.0,0.0,0.0
2020-12-04 00:00:00-05:00,23.583764578957016,23.59344614865224,23.52180290222168,23.52180290222168,900,0.0,0.0,0.0
2020-12-07 00:00:00-05:00,23.467587178006784,23.515995025634766,23.467587178006784,23.515995025634766,1100,0.0,0.0,0.0
2020-12-08 00:00:00-05:00,23.57408319635898,23.57408319635898,23.55762471240353,23.564401626586914,900,0.0,0.0,0.0
2020-12-09 00:00:00-05:00,23.612807231910292,23.61474428446039,23.486950520130517,23.535356521606445,1000,0.0,0.0,0.0
2020-12-10 00:00:00-05:00,23.58376549548398,23.62248992919922,23.58376549548398,23.62248992919922,600,0.0,0.0,0.0
2020-12-11 00:00:00-05:00,23.307845387962136,23.315589904785156,23.307845387962136,23.315589904785156,300,0.0,0.0,0.0
2020-12-14 00:00:00-05:00,23.594268556550354,23.594268556550354,23.54897117614746,23.54897117614746,500,0.406,0.0,0.0
2020-12-15 00:00:00-05:00,23.67304914512434,23.87984275817871,23.67304914512434,23.87984275817871,4100,0.0,0.0,0.0
2020-12-16 00:00:00-05:00,24.126027051752956,24.291461944580078,24.126027051752956,24.291461944580078,400,0.0,0.0,0.0
2020-12-17 00:00:00-05:00,24.60362434387207,24.60362434387207,24.60362434387207,24.60362434387207,100,0.0,0.0,0.0
2020-12-18 00:00:00-05:00,24.52976804794814,24.539615631103516,24.52976804794814,24.539615631103516,300,0.0,0.0,0.0
2020-12-21 00:00:00-05:00,23.658277810318147,24.06201934814453,23.658277810318147,24.06201934814453,500,0.0,0.0,0.0
2020-12-22 00:00:00-05:00,23.97437858581543,23.97437858581543,23.97437858581543,23.97437858581543,200,0.0,0.0,0.0
2020-12-23 00:00:00-05:00,24.33282100730471,24.352516174316406,24.26388980099827,24.352516174316406,1500,0.0,0.0,0.0
2020-12-24 00:00:00-05:00,24.332821033410944,24.35350227355957,24.332821033410944,24.35350227355957,400,0.0,0.0,0.0
2020-12-28 00:00:00-05:00,24.707021339056844,24.707021339056844,24.638090133666992,24.638090133666992,400,0.0,0.0,0.0
2020-12-29 00:00:00-05:00,24.835036600342384,24.835036600342384,24.716869354248047,24.716869354248047,2300,0.0,0.0,0.0
2020-12-30 00:00:00-05:00,24.765121399598705,24.766105594491023,24.756258010864258,24.756258010864258,3200,0.0,0.0,0.0
2020-12-31 00:00:00-05:00,24.726715457637034,24.726715457637034,24.45098876953125,24.45098876953125,2300,0.0,0.0,0.0
2021-01-04 00:00:00-05:00,24.736564103486735,24.736564103486735,24.588852231012226,24.64301300048828,700,0.0,0.0,0.0
2021-01-05 00:00:00-05:00,24.736562975593024,24.78087615966797,24.736562975593024,24.78087615966797,200,0.0,0.0,0.0
2021-01-06 00:00:00-05:00,25.051679380955793,25.051679380955793,25.01228904724121,25.01228904724121,1100,0.0,0.0,0.0
2021-01-07 00:00:00-05:00,25.022135254364805,25.169845241200946,25.022135254364805,25.107807159423828,3000,0.0,0.0,0.0
2021-01-08 00:00:00-05:00,25.258473490271946,25.258473490271946,25.100915908813477,25.100915908813477,1200,0.0,0.0,0.0
2021-01-11 00:00:00-05:00,24.638088981167158,24.82518742183497,24.638088981167158,24.775951385498047,600,0.0,0.0,0.0
2021-01-12 00:00:00-05:00,24.769058872190623,24.884273529052734,24.738531927878736,24.884273529052734,900,0.0,0.0,0.0
2021-01-13 00:00:00-05:00,24.835035196585768,24.913813982273997,24.809432983398438,24.809432983398438,1100,0.0,0.0,0.0
2021-01-14 00:00:00-05:00,24.903968903345632,24.923662191586768,24.903968903345632,24.921693801879883,600,0.0,0.0,0.0
2021-01-15 00:00:00-05:00,24.61839378588917,24.61839378588917,24.41160017964021,24.4283390045166,6000,0.0,0.0,0.0
2021-01-19 00:00:00-05:00,24.707021454519552,24.707021454519552,24.618395081965716,24.657785415649414,1800,0.0,0.0,0.0
2021-01-20 00:00:00-05:00,24.790722159787776,24.837989807128906,24.790722159787776,24.837989807128906,200,0.0,0.0,0.0
2021-01-21 00:00:00-05:00,24.889197357568616,25.061527252197266,24.889197357568616,25.061527252197266,1000,0.0,0.0,0.0
2021-01-22 00:00:00-05:00,24.95911407470703,24.95911407470703,24.95911407470703,24.95911407470703,100,0.0,0.0,0.0
2021-01-25 00:00:00-05:00,24.6046085357666,24.6046085357666,24.6046085357666,24.6046085357666,100,0.0,0.0,0.0
2021-01-26 00:00:00-05:00,24.894121239209266,24.943357277003788,24.894121239209266,24.909875869750977,400,0.0,0.0,0.0
2021-01-27 00:00:00-05:00,24.352516174316406,24.431294964128693,24.106332221373698,24.352516174316406,2000,0.0,0.0,0.0
2021-01-28 00:00:00-05:00,24.53961525430847,24.54946283731264,24.470684051513672,24.470684051513672,1800,0.0,0.0,0.0
2021-01-29 00:00:00-05:00,24.126026338762728,24.161476135253906,24.07679030161004,24.161476135253906,400,0.0,0.0,0.0
2021-02-01 00:00:00-05:00,24.389936447143555,24.389936447143555,24.389936447143555,24.389936447143555,200,0.0,0.0,0.0
2021-02-02 00:00:00-05:00,24.709976196289062,24.709976196289062,24.709976196289062,24.709976196289062,200,0.0,0.0,0.0
2021-02-03 00:00:00-05:00,24.687325541965304,24.872455596923828,24.687325541965304,24.872455596923828,300,0.0,0.0,0.0
2021-02-04 00:00:00-05:00,24.884273491468786,24.884273491468786,24.835035575765378,24.87738037109375,1100,0.0,0.0,0.0
2021-02-05 00:00:00-05:00,25.022136688232422,25.022136688232422,25.022136688232422,25.022136688232422,100,0.0,0.0,0.0
2021-02-08 00:00:00-05:00,25.110763268488625,25.110763268488625,24.963053271967947,25.05955696105957,2200,0.0,0.0,0.0
2021-02-09 00:00:00-05:00,25.081220687218163,25.090084075927734,25.081220687218163,25.090084075927734,400,0.0,0.0,0.0
2021-02-10 00:00:00-05:00,24.982747835341666,24.982747835341666,24.951234817504883,24.951234817504883,300,0.0,0.0,0.0
2021-02-11 00:00:00-05:00,25.199388639995092,25.22203826904297,25.189541056854033,25.22203826904297,400,0.0,0.0,0.0
2021-02-12 00:00:00-05:00,25.242717742919922,25.242717742919922,25.242717742919922,25.242717742919922,100,0.0,0.0,0.0
2021-02-16 00:00:00-05:00,25.28801536263762,25.327403817516633,25.284076704973163,25.288999557495117,14400,0.0,0.0,0.0
2021-02-17 00:00:00-05:00,24.98274776025321,24.98274776025321,24.903968972366965,24.937448501586914,4300,0.0,0.0,0.0
2021-02-18 00:00:00-05:00,24.976839065551758,24.976839065551758,24.976839065551758,24.976839065551758,2800,0.0,0.0,0.0
2021-02-19 00:00:00-05:00,25.18954209901273,25.18954209901273,25.065465927124023,25.065465927124023,500,0.0,0.0,0.0
2021-02-22 00:00:00-05:00,25.15015371185899,25.15015371185899,25.081220626831055,25.081220626831055,500,0.0,0.0,0.0
2021-02-23 00:00:00-05:00,24.96305186224432,24.96305186224432,24.73754728331468,24.801555633544922,2800,0.0,0.0,0.0
2021-02-24 00:00:00-05:00,25.022137003613054,25.081220626831055,25.022137003613054,25.081220626831055,300,0.0,0.0,0.0
2021-02-25 00:00:00-05:00,24.74345777106523,24.74345777106523,24.741487503051758,24.741487503051758,400,0.0,0.0,0.0
2021-02-26 00:00:00-05:00,24.637104034423828,24.637104034423828,24.637104034423828,24.637104034423828,500,0.0,0.0,0.0
2021-03-01 00:00:00-05:00,24.87442592269172,24.884273505838088,24.87442592269172,24.88230323791504,500,0.0,0.0,0.0
2021-03-02 00:00:00-05:00,24.96305274963379,25.012288788032283,24.945327850939712,24.96305274963379,1300,0.0,0.0,0.0
2021-03-03 00:00:00-05:00,24.98274763309576,24.98274763309576,24.911846160888672,24.911846160888672,200,0.0,0.0,0.0
2021-03-04 00:00:00-05:00,24.85473112676937,24.933509914879792,24.599685668945312,24.599685668945312,700,0.0,0.0,0.0
2021-03-05 00:00:00-05:00,24.42144652869879,24.543554306030273,24.372210491121614,24.543554306030273,1700,0.0,0.0,0.0
2021-03-08 00:00:00-05:00,24.618394131900345,24.992592896282087,24.618394131900345,24.83503532409668,1700,0.0,0.0,0.0
2021-03-09 00:00:00-05:00,25.114700317382812,25.114700317382812,25.114700317382812,25.114700317382812,100,0.0,0.0,0.0
2021-03-10 00:00:00-05:00,25.29786323105107,25.339221954345703,25.29786323105107,25.339221954345703,1400,0.0,0.0,0.0
2021-03-11 00:00:00-05:00,25.49776268005371,25.49776268005371,25.49776268005371,25.49776268005371,100,0.0,0.0,0.0
2021-03-12 00:00:00-05:00,25.39633765828281,25.42391014099121,25.369749370461275,25.42391014099121,300,0.0,0.0,0.0
2021-03-15 00:00:00-04:00,25.307710552397943,25.307710552397943,25.228931764333222,25.290969848632812,1000,0.0,0.0,0.0
2021-03-16 00:00:00-04:00,25.38648966100773,25.38648966100773,25.337251743949032,25.349069595336914,1000,0.0,0.0,0.0
2021-03-17 00:00:00-04:00,25.39633704211375,25.662214279174805,25.356946708780573,25.662214279174805,700,0.0,0.0,0.0
2021-03-18 00:00:00-04:00,25.689786703472215,25.701604554739394,25.652366638183594,25.652366638183594,1400,0.0,0.0,0.0
2021-03-19 00:00:00-04:00,25.288016191347957,25.43769645690918,25.288016191347957,25.43769645690918,600,0.0,0.0,0.0
2021-03-22 00:00:00-04:00,25.596237182617188,25.596237182617188,25.596237182617188,25.596237182617188,100,0.0,0.0,0.0
2021-03-23 00:00:00-04:00,25.504655704531938,25.51450328747998,25.481021881103516,25.481021881103516,2300,0.0,0.0,0.0
2021-03-24 00:00:00-04:00,25.199388010276415,25.306723470833152,25.110761642456055,25.110761642456055,3000,0.0,0.0,0.0
2021-03-25 00:00:00-04:00,24.98274704921424,25.15113639831543,24.98274704921424,25.15113639831543,1000,0.0,0.0,0.0
2021-03-26 00:00:00-04:00,25.278168244677868,25.39535129484897,25.278168244677868,25.375656127929688,5500,0.0,0.0,0.0
2021-03-29 00:00:00-04:00,25.366794620560317,25.386489787481914,25.366794620560317,25.374671936035156,300,0.0,0.0,0.0
2021-03-30 00:00:00-04:00,25.435724426785793,25.467235565185547,25.435724426785793,25.467235565185547,1100,0.0,0.0,0.0
2021-03-31 00:00:00-04:00,25.57358745812393,25.603130207604796,25.57358745812393,25.579496383666992,6000,0.0,0.0,0.0
2021-04-01 00:00:00-04:00,26.006872177124023,26.006872177124023,26.006872177124023,26.006872177124023,200,0.0,0.0,0.0
2021-04-05 00:00:00-04:00,26.50908687247042,26.55733871459961,26.50908687247042,26.55733871459961,143500,0.0,0.0,0.0
2021-04-06 00:00:00-04:00,26.281612190851824,26.292445847028002,26.243207931518555,26.243207931518555,1200,0.0,0.0,0.0
2021-04-07 00:00:00-04:00,26.253055832246478,26.302291870117188,26.253055832246478,26.302291870117188,300,0.0,0.0,0.0
2021-04-08 00:00:00-04:00,26.435232018941555,26.435232018941555,26.405691146850586,26.405691146850586,2100,0.0,0.0,0.0
2021-04-09 00:00:00-04:00,26.47462272644043,26.47462272644043,26.47462272644043,26.47462272644043,1200,0.0,0.0,0.0
2021-04-12 00:00:00-04:00,26.371225443115584,26.390918731689453,26.321987526094702,26.390918731689453,5300,0.0,0.0,0.0
2021-04-13 00:00:00-04:00,26.490375826066394,26.54355239868164,26.47954404822406,26.54355239868164,1500,0.0,0.0,0.0
2021-04-14 00:00:00-04:00,26.49924080371765,26.518935970922012,26.48447036743164,26.48447036743164,500,0.0,0.0,0.0
2021-04-15 00:00:00-04:00,26.646949768066406,26.646949768066406,26.627256479860158,26.646949768066406,800,0.0,0.0,0.0
2021-04-16 00:00:00-04:00,27.001455612434967,27.05463218688965,27.001455612434967,27.05463218688965,300,0.0,0.0,0.0
2021-04-19 00:00:00-04:00,26.971912427489222,26.976837158203125,26.971912427489222,26.976837158203125,300,0.0,0.0,0.0
2021-04-20 00:00:00-04:00,26.607561111450195,26.607561111450195,26.607561111450195,26.607561111450195,6500,0.0,0.0,0.0
2021-04-21 00:00:00-04:00,26.518935229607205,26.69618797302246,26.518935229607205,26.69618797302246,2300,0.0,0.0,0.0
2021-04-22 00:00:00-04:00,26.78481490921139,26.80943292893022,26.725729408004785,26.798601150512695,4100,0.0,0.0,0.0
2021-04-23 00:00:00-04:00,26.8635924805288,26.930553415996815,26.8635924805288,26.92759895324707,800,0.0,0.0,0.0
2021-04-26 00:00:00-04:00,26.912828271453627,26.92267585445119,26.883285522460938,26.883285522460938,7000,0.0,0.0,0.0
2021-04-27 00:00:00-04:00,26.873439933557716,26.90298080444336,26.84389718443766,26.90298080444336,2800,0.0,0.0,0.0
2021-04-28 00:00:00-04:00,27.129469958404272,27.129469958404272,26.922676346380157,26.971912384033203,1100,0.0,0.0,0.0
2021-04-29 00:00:00-04:00,26.883287157810408,26.883287157810408,26.784815078313393,26.82912826538086,1100,0.0,0.0,0.0
2021-04-30 00:00:00-04:00,26.814355980360236,26.814355980360236,26.48939323425293,26.48939323425293,3700,0.0,0.0,0.0
2021-05-03 00:00:00-04:00,26.78481482862353,26.78678321838379,26.774967245118724,26.78678321838379,1500,0.0,0.0,0.0
2021-05-04 00:00:00-04:00,26.29244676428294,26.29244676428294,25.96748402352144,26.061033248901367,3000,0.0,0.0,0.0
2021-05-05 00:00:00-04:00,26.469697765591846,26.469697765591846,26.435232162475586,26.435232162475586,200,0.0,0.0,0.0
2021-05-06 00:00:00-04:00,26.450003795685486,26.656797409057617,26.450003795685486,26.656797409057617,700,0.0,0.0,0.0
2021-05-07 00:00:00-04:00,27.168861389160156,27.188556556311145,27.129471054858186,27.168861389160156,4800,0.0,0.0,0.0
2021-05-10 00:00:00-04:00,27.090081067359296,27.090081067359296,26.89313316345215,26.89313316345215,2400,0.0,0.0,0.0
2021-05-11 00:00:00-04:00,26.410612882853883,26.612483639290172,26.410612882853883,26.550445556640625,600,0.0,0.0,0.0
2021-05-12 00:00:00-04:00,26.30229196535446,26.319032669067383,26.30229196535446,26.319032669067383,700,0.0,0.0,0.0
2021-05-13 00:00:00-04:00,26.56423198246361,26.585895538330078,26.489391853535636,26.585895538330078,1000,0.0,0.0,0.0
2021-05-14 00:00:00-04:00,26.863593498741718,27.109777450561523,26.863593498741718,27.109777450561523,600,0.0,0.0,0.0
2021-05-17 00:00:00-04:00,27.09992986114076,27.111745834350586,27.080234694223233,27.111745834350586,800,0.0,0.0,0.0
2021-05-18 00:00:00-04:00,27.237790869889025,27.237790869889025,27.204309463500977,27.204309463500977,1100,0.0,0.0,0.0
2021-05-19 00:00:00-04:00,26.627257100435664,26.75921058654785,26.627257100435664,26.75921058654785,400,0.0,0.0,0.0
2021-05-20 00:00:00-04:00,27.17870742711219,27.232868194580078,27.168859844096716,27.232868194580078,600,0.0,0.0,0.0
2021-05-21 00:00:00-04:00,27.237791133760798,27.252561569213867,27.237791133760798,27.252561569213867,600,0.0,0.0,0.0
2021-05-24 00:00:00-04:00,27.493824005126953,27.493824005126953,27.493824005126953,27.493824005126953,600,0.0,0.0,0.0
2021-05-25 00:00:00-04:00,27.513519172185468,27.513519172185468,27.493824005126953,27.493824005126953,500,0.0,0.0,0.0
2021-05-26 00:00:00-04:00,27.454432837865753,27.454432837865753,27.34512710571289,27.34512710571289,2900,0.0,0.0,0.0
2021-05-27 00:00:00-04:00,27.2604410662134,27.30672264099121,27.2604410662134,27.30672264099121,700,0.0,0.0,0.0
2021-05-28 00:00:00-04:00,27.523366528277197,27.523366528277197,27.449510591535322,27.453449249267578,900,0.0,0.0,0.0
2021-06-01 00:00:00-04:00,27.672060012817383,27.672060012817383,27.672060012817383,27.672060012817383,100,0.0,0.0,0.0
2021-06-02 00:00:00-04:00,27.690771001665777,27.690771001665777,27.67599868774414,27.67599868774414,900,0.0,0.0,0.0
2021-06-03 00:00:00-04:00,27.543058517268687,27.5607852935791,27.543058517268687,27.5607852935791,300,0.0,0.0,0.0
2021-06-04 00:00:00-04:00,27.76068687438965,27.76068687438965,27.76068687438965,27.76068687438965,100,0.0,0.0,0.0
2021-06-07 00:00:00-04:00,27.81878539141381,27.942861557006836,27.81878539141381,27.942861557006836,400,0.0,0.0,0.0
2021-06-08 00:00:00-04:00,27.867038442212838,27.86802263709008,27.816816329956055,27.816816329956055,2800,0.0,0.0,0.0
2021-06-09 00:00:00-04:00,27.76954978905487,27.76954978905487,27.67107583525989,27.67599868774414,1300,0.0,0.0,0.0
2021-06-10 00:00:00-04:00,27.709999084472656,27.709999084472656,27.67799949645996,27.67799949645996,1600,0.429,0.0,0.0
2021-06-11 00:00:00-04:00,27.739999771118164,27.746000289916992,27.739999771118164,27.746000289916992,400,0.0,0.0,0.0
2021-06-14 00:00:00-04:00,27.81999969482422,27.82699966430664,27.79599952697754,27.82699966430664,900,0.0,0.0,0.0
2021-06-15 00:00:00-04:00,27.81800079345703,27.81999969482422,27.809999465942383,27.81999969482422,700,0.0,0.0,0.0
2021-06-16 00:00:00-04:00,27.780000686645508,27.780000686645508,27.530000686645508,27.530000686645508,1100,0.0,0.0,0.0
2021-06-17 00:00:00-04:00,27.399999618530273,27.399999618530273,27.33799934387207,27.33799934387207,500,0.0,0.0,0.0
2021-06-18 00:00:00-04:00,26.860000610351562,26.860000610351562,26.81100082397461,26.81100082397461,1700,0.0,0.0,0.0
2021-06-21 00:00:00-04:00,27.059999465942383,27.219999313354492,27.038999557495117,27.207000732421875,3200,0.0,0.0,0.0
2021-06-22 00:00:00-04:00,27.15999984741211,27.2810001373291,27.15999984741211,27.249000549316406,700,0.0,0.0,0.0
2021-06-23 00:00:00-04:00,27.020000457763672,27.020000457763672,26.950000762939453,26.951000213623047,500,0.0,0.0,0.0
2021-06-24 00:00:00-04:00,27.229999542236328,27.239999771118164,27.21500015258789,27.22800064086914,400,0.0,0.0,0.0
2021-06-25 00:00:00-04:00,27.31599998474121,27.31599998474121,27.31599998474121,27.31599998474121,100,0.0,0.0,0.0
2021-06-28 00:00:00-04:00,27.18000030517578,27.18000030517578,27.1200008392334,27.1200008392334,1300,0.0,0.0,0.0
2021-06-29 00:00:00-04:00,27.270000457763672,27.270000457763672,27.224000930786133,27.224000930786133,1800,0.0,0.0,0.0
2021-06-30 00:00:00-04:00,26.90999984741211,26.945999145507812,26.860000610351562,26.945999145507812,1900,0.0,0.0,0.0
2021-07-01 00:00:00-04:00,27.00200080871582,27.00200080871582,27.00200080871582,27.00200080871582,100,0.0,0.0,0.0
2021-07-02 00:00:00-04:00,27.139999389648438,27.139999389648438,27.1299991607666,27.1299991607666,500,0.0,0.0,0.0
2021-07-06 00:00:00-04:00,27.200000762939453,27.200000762939453,26.829999923706055,26.849000930786133,3800,0.0,0.0,0.0
2021-07-07 00:00:00-04:00,27.1200008392334,27.1299991607666,27.104000091552734,27.104000091552734,1000,0.0,0.0,0.0
2021-07-08 00:00:00-04:00,26.733999252319336,26.733999252319336,26.733999252319336,26.733999252319336,300,0.0,0.0,0.0
2021-07-09 00:00:00-04:00,27.229999542236328,27.229999542236328,27.22599983215332,27.22599983215332,200,0.0,0.0,0.0
2021-07-12 00:00:00-04:00,27.389999389648438,27.398000717163086,27.350000381469727,27.398000717163086,3200,0.0,0.0,0.0
2021-07-13 00:00:00-04:00,27.260000228881836,27.260000228881836,27.25,27.25,700,0.0,0.0,0.0
2021-07-14 00:00:00-04:00,27.298999786376953,27.298999786376953,27.298999786376953,27.298999786376953,600,0.0,0.0,0.0
2021-07-15 00:00:00-04:00,27.0,27.0,26.993000030517578,26.993000030517578,200,0.0,0.0,0.0
2021-07-16 00:00:00-04:00,26.969999313354492,26.969999313354492,26.76099967956543,26.76099967956543,800,0.0,0.0,0.0
2021-07-19 00:00:00-04:00,26.229999542236328,26.229999542236328,26.07900047302246,26.150999069213867,2000,0.0,0.0,0.0
2021-07-20 00:00:00-04:00,26.040000915527344,26.329999923706055,26.040000915527344,26.329999923706055,1900,0.0,0.0,0.0
2021-07-21 00:00:00-04:00,26.658000946044922,26.658000946044922,26.658000946044922,26.658000946044922,100,0.0,0.0,0.0
2021-07-22 00:00:00-04:00,26.780000686645508,26.780000686645508,26.770000457763672,26.770000457763672,600,0.0,0.0,0.0
2021-07-23 00:00:00-04:00,26.93000030517578,26.959999084472656,26.93000030517578,26.948999404907227,400,0.0,0.0,0.0
2021-07-26 00:00:00-04:00,26.809999465942383,26.93000030517578,26.809999465942383,26.93000030517578,1300,0.0,0.0,0.0
2021-07-27 00:00:00-04:00,26.90999984741211,26.90999984741211,26.780000686645508,26.849000930786133,800,0.0,0.0,0.0
2021-07-28 00:00:00-04:00,26.84000015258789,26.933000564575195,26.82900047302246,26.933000564575195,500,0.0,0.0,0.0
2021-07-29 00:00:00-04:00,27.145000457763672,27.145000457763672,27.128000259399414,27.128000259399414,200,0.0,0.0,0.0
2021-07-30 00:00:00-04:00,26.8799991607666,26.895000457763672,26.8799991607666,26.895000457763672,700,0.0,0.0,0.0
2021-08-02 00:00:00-04:00,27.139999389648438,27.139999389648438,27.0,27.0,1600,0.0,0.0,0.0
2021-08-03 00:00:00-04:00,27.058000564575195,27.058000564575195,27.058000564575195,27.058000564575195,100,0.0,0.0,0.0
2021-08-04 00:00:00-04:00,27.139999389648438,27.149999618530273,27.1299991607666,27.1299991607666,500,0.0,0.0,0.0
2021-08-05 00:00:00-04:00,27.280000686645508,27.280000686645508,27.280000686645508,27.280000686645508,200,0.0,0.0,0.0
2021-08-06 00:00:00-04:00,27.229999542236328,27.229999542236328,27.100000381469727,27.100000381469727,200,0.0,0.0,0.0
2021-08-09 00:00:00-04:00,27.076000213623047,27.076000213623047,27.076000213623047,27.076000213623047,100,0.0,0.0,0.0
2021-08-10 00:00:00-04:00,27.06999969482422,27.125,27.059999465942383,27.0939998626709,2200,0.0,0.0,0.0
2021-08-11 00:00:00-04:00,27.219999313354492,27.219999313354492,27.2189998626709,27.2189998626709,500,0.0,0.0,0.0
2021-08-12 00:00:00-04:00,27.371999740600586,27.371999740600586,27.371999740600586,27.371999740600586,100,0.0,0.0,0.0
2021-08-13 00:00:00-04:00,27.520000457763672,27.540000915527344,27.520000457763672,27.530000686645508,800,0.0,0.0,0.0
2021-08-16 00:00:00-04:00,27.530000686645508,27.530000686645508,27.43000030517578,27.469999313354492,1900,0.0,0.0,0.0
2021-08-17 00:00:00-04:00,27.18000030517578,27.2189998626709,27.18000030517578,27.2189998626709,1100,0.0,0.0,0.0
2021-08-18 00:00:00-04:00,27.222999572753906,27.222999572753906,27.222999572753906,27.222999572753906,200,0.0,0.0,0.0
2021-08-19 00:00:00-04:00,26.81999969482422,26.94300079345703,26.81999969482422,26.94300079345703,1400,0.0,0.0,0.0
2021-08-20 00:00:00-04:00,27.0,27.0,27.0,27.0,300,0.0,0.0,0.0
2021-08-23 00:00:00-04:00,27.170000076293945,27.219999313354492,27.15999984741211,27.20599937438965,600,0.0,0.0,0.0
2021-08-24 00:00:00-04:00,27.299999237060547,27.34000015258789,27.299999237060547,27.327999114990234,600,0.0,0.0,0.0
2021-08-25 00:00:00-04:00,27.256999969482422,27.256999969482422,27.256999969482422,27.256999969482422,200,0.0,0.0,0.0
2021-08-26 00:00:00-04:00,27.09000015258789,27.09000015258789,27.049999237060547,27.059999465942383,1300,0.0,0.0,0.0
2021-08-27 00:00:00-04:00,27.31999969482422,27.34000015258789,27.270999908447266,27.292999267578125,1300,0.0,0.0,0.0
2021-08-30 00:00:00-04:00,27.3799991607666,27.3799991607666,27.3700008392334,27.3700008392334,600,0.0,0.0,0.0
2021-08-31 00:00:00-04:00,27.25200080871582,27.25200080871582,27.25200080871582,27.25200080871582,400,0.0,0.0,0.0
2021-09-01 00:00:00-04:00,27.341999053955078,27.341999053955078,27.341999053955078,27.341999053955078,100,0.0,0.0,0.0
2021-09-02 00:00:00-04:00,27.44099998474121,27.44099998474121,27.43600082397461,27.43600082397461,400,0.0,0.0,0.0
2021-09-03 00:00:00-04:00,27.350000381469727,27.420000076293945,27.350000381469727,27.389999389648438,800,0.0,0.0,0.0
2021-09-07 00:00:00-04:00,27.530000686645508,27.530000686645508,27.420000076293945,27.420000076293945,1800,0.0,0.0,0.0
2021-09-08 00:00:00-04:00,27.2549991607666,27.2549991607666,27.049999237060547,27.049999237060547,2600,0.0,0.0,0.0
2021-09-09 00:00:00-04:00,27.06999969482422,27.06999969482422,26.959999084472656,26.96299934387207,1300,0.0,0.0,0.0
2021-09-10 00:00:00-04:00,27.059999465942383,27.059999465942383,26.91900062561035,26.91900062561035,300,0.0,0.0,0.0
2021-09-13 00:00:00-04:00,27.079999923706055,27.10700035095215,27.079999923706055,27.10700035095215,900,0.0,0.0,0.0
2021-09-14 00:00:00-04:00,27.15999984741211,27.15999984741211,27.070999145507812,27.070999145507812,600,0.0,0.0,0.0
2021-09-15 00:00:00-04:00,27.027999877929688,27.027999877929688,27.027999877929688,27.027999877929688,100,0.0,0.0,0.0
2021-09-16 00:00:00-04:00,26.899999618530273,26.929000854492188,26.899999618530273,26.929000854492188,1100,0.0,0.0,0.0
2021-09-17 00:00:00-04:00,26.549999237060547,26.562999725341797,26.489999771118164,26.562999725341797,7300,0.0,0.0,0.0
2021-09-20 00:00:00-04:00,25.989999771118164,25.989999771118164,25.809999465942383,25.91200065612793,1400,0.0,0.0,0.0
2021-09-21 00:00:00-04:00,26.239999771118164,26.25,26.215999603271484,26.215999603271484,700,0.0,0.0,0.0
2021-09-22 00:00:00-04:00,26.509000778198242,26.59000015258789,26.469999313354492,26.469999313354492,1600,0.0,0.0,0.0
2021-09-23 00:00:00-04:00,26.850000381469727,26.850000381469727,26.78700065612793,26.78700065612793,500,0.0,0.0,0.0
2021-09-24 00:00:00-04:00,26.520000457763672,26.53700065612793,26.520000457763672,26.53700065612793,1200,0.0,0.0,0.0
2021-09-27 00:00:00-04:00,26.5,26.57699966430664,26.5,26.547000885009766,600,0.0,0.0,0.0
2021-09-28 00:00:00-04:00,26.209999084472656,26.209999084472656,25.899999618530273,25.959999084472656,7800,0.0,0.0,0.0
2021-09-29 00:00:00-04:00,25.975000381469727,25.975000381469727,25.851999282836914,25.851999282836914,2600,0.0,0.0,0.0
2021-09-30 00:00:00-04:00,25.729999542236328,25.770000457763672,25.690000534057617,25.718000411987305,2200,0.0,0.0,0.0
2021-10-01 00:00:00-04:00,25.760000228881836,25.760000228881836,25.559999465942383,25.691999435424805,1500,0.0,0.0,0.0
2021-10-04 00:00:00-04:00,25.479999542236328,25.482999801635742,25.479999542236328,25.482999801635742,500,0.0,0.0,0.0
2021-10-05 00:00:00-04:00,25.6200008392334,25.6200008392334,25.520000457763672,25.559999465942383,2000,0.0,0.0,0.0
2021-10-06 00:00:00-04:00,25.1200008392334,25.299999237060547,25.100000381469727,25.299999237060547,1100,0.0,0.0,0.0
2021-10-07 00:00:00-04:00,25.520000457763672,25.530000686645508,25.496999740600586,25.496999740600586,1500,0.0,0.0,0.0
2021-10-08 00:00:00-04:00,25.549999237060547,25.850000381469727,25.530000686645508,25.579999923706055,17700,0.0,0.0,0.0
2021-10-11 00:00:00-04:00,25.43000030517578,25.43000030517578,25.43000030517578,25.43000030517578,200,0.0,0.0,0.0
2021-10-12 00:00:00-04:00,25.469999313354492,25.479999542236328,25.40999984741211,25.424999237060547,3500,0.0,0.0,0.0
2021-10-13 00:00:00-04:00,25.729999542236328,25.729999542236328,25.65999984741211,25.709999084472656,2400,0.0,0.0,0.0
2021-10-14 00:00:00-04:00,26.06999969482422,26.15999984741211,26.06999969482422,26.10700035095215,900,0.0,0.0,0.0
2021-10-15 00:00:00-04:00,26.229999542236328,26.31999969482422,26.229999542236328,26.31999969482422,10700,0.0,0.0,0.0
2021-10-18 00:00:00-04:00,26.159000396728516,26.159000396728516,26.159000396728516,26.159000396728516,700,0.0,0.0,0.0
2021-10-19 00:00:00-04:00,26.26799964904785,26.26799964904785,26.250999450683594,26.250999450683594,500,0.0,0.0,0.0
2021-10-20 00:00:00-04:00,26.329999923706055,26.329999923706055,26.309999465942383,26.309999465942383,300,0.0,0.0,0.0
2021-10-21 00:00:00-04:00,26.209999084472656,26.229000091552734,26.200000762939453,26.229000091552734,1200,0.0,0.0,0.0
2021-10-22 00:00:00-04:00,26.424999237060547,26.530000686645508,26.389999389648438,26.450000762939453,10700,0.0,0.0,0.0
2021-10-25 00:00:00-04:00,26.395000457763672,26.450000762939453,26.395000457763672,26.450000762939453,120900,0.0,0.0,0.0
2021-10-26 00:00:00-04:00,26.670000076293945,26.670000076293945,26.579999923706055,26.58799934387207,1200,0.0,0.0,0.0
2021-10-27 00:00:00-04:00,26.540000915527344,26.540000915527344,26.485000610351562,26.485000610351562,25300,0.0,0.0,0.0
2021-10-28 00:00:00-04:00,26.68000030517578,26.68000030517578,26.679000854492188,26.679000854492188,200,0.0,0.0,0.0
2021-10-29 00:00:00-04:00,26.3700008392334,26.520000457763672,26.350000381469727,26.520000457763672,11000,0.0,0.0,0.0
2021-11-01 00:00:00-04:00,26.652000427246094,26.695999145507812,26.649999618530273,26.695999145507812,1100,0.0,0.0,0.0
2021-11-02 00:00:00-04:00,26.84000015258789,26.84000015258789,26.799999237060547,26.820999145507812,700,0.0,0.0,0.0
2021-11-03 00:00:00-04:00,26.860000610351562,27.082000732421875,26.860000610351562,27.082000732421875,1200,0.0,0.0,0.0
2021-11-04 00:00:00-04:00,27.0,27.0,26.8799991607666,26.959999084472656,1600,0.0,0.0,0.0
2021-11-05 00:00:00-04:00,26.8799991607666,26.950000762939453,26.8799991607666,26.950000762939453,700,0.0,0.0,0.0
2021-11-08 00:00:00-05:00,26.940000534057617,26.940000534057617,26.923999786376953,26.923999786376953,400,0.0,0.0,0.0
2021-11-09 00:00:00-05:00,27.010000228881836,27.010000228881836,26.889999389648438,26.93000030517578,2200,0.0,0.0,0.0
2021-11-10 00:00:00-05:00,26.780000686645508,26.809999465942383,26.594999313354492,26.594999313354492,900,0.0,0.0,0.0
2021-11-11 00:00:00-05:00,26.610000610351562,26.690000534057617,26.610000610351562,26.610000610351562,1900,0.0,0.0,0.0
2021-11-12 00:00:00-05:00,26.649999618530273,26.670000076293945,26.649999618530273,26.66200065612793,1500,0.0,0.0,0.0
2021-11-15 00:00:00-05:00,26.69300079345703,26.69300079345703,26.527000427246094,26.527000427246094,600,0.0,0.0,0.0
2021-11-16 00:00:00-05:00,26.700000762939453,26.700000762939453,26.610000610351562,26.610000610351562,200,0.0,0.0,0.0
2021-11-17 00:00:00-05:00,26.649999618530273,26.65999984741211,26.610000610351562,26.656999588012695,1400,0.0,0.0,0.0
2021-11-18 00:00:00-05:00,26.729999542236328,26.761999130249023,26.729999542236328,26.761999130249023,600,0.0,0.0,0.0
2021-11-19 00:00:00-05:00,26.489999771118164,26.530000686645508,26.360000610351562,26.39299964904785,1100,0.0,0.0,0.0
2021-11-22 00:00:00-05:00,26.280000686645508,26.30699920654297,26.1299991607666,26.131999969482422,1300,0.0,0.0,0.0
2021-11-23 00:00:00-05:00,25.989999771118164,25.989999771118164,25.950000762939453,25.988000869750977,500,0.0,0.0,0.0
2021-11-24 00:00:00-05:00,25.5,25.70400047302246,25.5,25.70400047302246,300,0.0,0.0,0.0
2021-11-26 00:00:00-05:00,25.239999771118164,25.239999771118164,24.966999053955078,24.966999053955078,900,0.0,0.0,0.0
2021-11-29 00:00:00-05:00,25.100000381469727,25.100000381469727,24.81999969482422,24.989999771118164,3800,0.0,0.0,0.0
2021-11-30 00:00:00-05:00,24.59000015258789,24.809999465942383,24.59000015258789,24.809999465942383,1500,0.0,0.0,0.0
2021-12-01 00:00:00-05:00,24.834999084472656,24.834999084472656,24.834999084472656,24.834999084472656,100,0.0,0.0,0.0
2021-12-02 00:00:00-05:00,24.90999984741211,25.010000228881836,24.90999984741211,25.0,900,0.0,0.0,0.0
2021-12-03 00:00:00-05:00,24.979999542236328,24.979999542236328,24.649999618530273,24.780000686645508,2800,0.0,0.0,0.0
2021-12-06 00:00:00-05:00,24.93000030517578,25.06999969482422,24.8799991607666,25.06100082397461,3100,0.0,0.0,0.0
2021-12-07 00:00:00-05:00,25.614999771118164,25.690000534057617,25.614999771118164,25.67799949645996,600,0.0,0.0,0.0
2021-12-08 00:00:00-05:00,25.670000076293945,25.716999053955078,25.670000076293945,25.716999053955078,400,0.0,0.0,0.0
2021-12-09 00:00:00-05:00,25.440000534057617,25.440000534057617,25.40999984741211,25.40999984741211,200,0.0,0.0,0.0
2021-12-10 00:00:00-05:00,25.44700050354004,25.506999969482422,25.44700050354004,25.506999969482422,500,0.0,0.0,0.0
2021-12-13 00:00:00-05:00,25.25,25.25,25.139999389648438,25.139999389648438,1700,0.0,0.0,0.0
2021-12-14 00:00:00-05:00,24.81999969482422,24.8700008392334,24.790000915527344,24.8700008392334,5400,0.0,0.0,0.0
2021-12-15 00:00:00-05:00,25.1299991607666,25.1299991607666,25.1299991607666,25.1299991607666,400,0.0,0.0,0.0
2021-12-16 00:00:00-05:00,25.229999542236328,25.229999542236328,25.139999389648438,25.139999389648438,500,0.0,0.0,0.0
2021-12-17 00:00:00-05:00,24.8700008392334,24.90999984741211,24.799999237060547,24.799999237060547,900,0.0,0.0,0.0
2021-12-20 00:00:00-05:00,24.520000457763672,24.6299991607666,24.469999313354492,24.6299991607666,1000,0.0,0.0,0.0
2021-12-21 00:00:00-05:00,24.860000610351562,24.864999771118164,24.860000610351562,24.864999771118164,300,0.0,0.0,0.0
2021-12-22 00:00:00-05:00,25.1299991607666,25.18000030517578,25.1299991607666,25.18000030517578,400,0.0,0.0,0.0
2021-12-23 00:00:00-05:00,25.309999465942383,25.360000610351562,25.309999465942383,25.360000610351562,600,0.0,0.0,0.0
2021-12-27 00:00:00-05:00,25.420000076293945,25.552000045776367,25.420000076293945,25.552000045776367,500,0.0,0.0,0.0
2021-12-28 00:00:00-05:00,25.58099937438965,25.58099937438965,25.58099937438965,25.58099937438965,100,0.0,0.0,0.0
2021-12-29 00:00:00-05:00,25.530000686645508,25.586999893188477,25.530000686645508,25.586999893188477,1500,0.0,0.0,0.0
2021-12-30 00:00:00-05:00,25.541000366210938,25.541000366210938,25.483999252319336,25.483999252319336,300,0.0,0.0,0.0
2021-12-31 00:00:00-05:00,25.5,25.56999969482422,25.5,25.514999389648438,1700,0.0,0.0,0.0
2022-01-03 00:00:00-05:00,25.709999084472656,25.768999099731445,25.709999084472656,25.768999099731445,500,0.0,0.0,0.0
2022-01-04 00:00:00-05:00,25.84000015258789,25.850000381469727,25.84000015258789,25.841999053955078,400,0.0,0.0,0.0
2022-01-05 00:00:00-05:00,25.801000595092773,25.801000595092773,25.801000595092773,25.801000595092773,100,0.0,0.0,0.0
2022-01-06 00:00:00-05:00,25.667999267578125,25.770000457763672,25.667999267578125,25.700000762939453,3400,0.0,0.0,0.0
2022-01-07 00:00:00-05:00,25.729999542236328,25.80500030517578,25.729999542236328,25.799999237060547,700,0.0,0.0,0.0
2022-01-10 00:00:00-05:00,25.440000534057617,25.538999557495117,25.329999923706055,25.538999557495117,1800,0.0,0.0,0.0
2022-01-11 00:00:00-05:00,25.6299991607666,25.857999801635742,25.6299991607666,25.857999801635742,900,0.0,0.0,0.0
2022-01-12 00:00:00-05:00,26.05299949645996,26.079999923706055,26.030000686645508,26.03499984741211,700,0.0,0.0,0.0
2022-01-13 00:00:00-05:00,26.170000076293945,26.170000076293945,25.899999618530273,25.899999618530273,7500,0.0,0.0,0.0
2022-01-14 00:00:00-05:00,25.84000015258789,25.899999618530273,25.719999313354492,25.899999618530273,2600,0.0,0.0,0.0
2022-01-18 00:00:00-05:00,25.459999084472656,25.469999313354492,25.405000686645508,25.41200065612793,2100,0.0,0.0,0.0
2022-01-19 00:00:00-05:00,25.649999618530273,25.649999618530273,25.520000457763672,25.520000457763672,2000,0.0,0.0,0.0
2022-01-20 00:00:00-05:00,25.6299991607666,25.6299991607666,25.43000030517578,25.43000030517578,900,0.0,0.0,0.0
2022-01-21 00:00:00-05:00,25.190000534057617,25.233999252319336,25.027999877929688,25.027999877929688,4300,0.0,0.0,0.0
2022-01-24 00:00:00-05:00,24.43000030517578,24.6200008392334,24.020000457763672,24.6200008392334,4900,0.0,0.0,0.0
2022-01-25 00:00:00-05:00,24.15999984741211,24.450000762939453,24.139999389648438,24.41900062561035,1800,0.0,0.0,0.0
2022-01-26 00:00:00-05:00,24.899999618530273,24.899999618530273,24.530000686645508,24.621999740600586,1800,0.0,0.0,0.0
2022-01-27 00:00:00-05:00,24.450000762939453,24.520000457763672,24.399999618530273,24.43600082397461,1300,0.0,0.0,0.0
2022-01-28 00:00:00-05:00,24.139999389648438,24.469999313354492,24.139999389648438,24.469999313354492,1400,0.0,0.0,0.0
2022-01-31 00:00:00-05:00,24.600000381469727,24.889999389648438,24.530000686645508,24.88599967956543,5800,0.0,0.0,0.0
2022-02-01 00:00:00-05:00,25.093000411987305,25.093000411987305,25.093000411987305,25.093000411987305,200,0.0,0.0,0.0
2022-02-02 00:00:00-05:00,25.15999984741211,25.190000534057617,25.100000381469727,25.190000534057617,4000,0.0,0.0,0.0
2022-02-03 00:00:00-05:00,25.15999984741211,25.15999984741211,24.99799919128418,24.99799919128418,4200,0.0,0.0,0.0
2022-02-04 00:00:00-05:00,24.7450008392334,24.950000762939453,24.7450008392334,24.863000869750977,1400,0.0,0.0,0.0
2022-02-07 00:00:00-05:00,24.85300064086914,24.85300064086914,24.85300064086914,24.85300064086914,0,0.0,0.0,0.0
2022-02-08 00:00:00-05:00,24.850000381469727,24.952999114990234,24.850000381469727,24.952999114990234,1900,0.0,0.0,0.0
2022-02-09 00:00:00-05:00,25.299999237060547,25.309999465942383,25.280000686645508,25.309999465942383,1800,0.0,0.0,0.0
2022-02-10 00:00:00-05:00,25.059999465942383,25.399999618530273,25.05299949645996,25.05299949645996,1400,0.0,0.0,0.0
2022-02-11 00:00:00-05:00,25.024999618530273,25.024999618530273,24.530000686645508,24.56100082397461,2300,0.0,0.0,0.0
2022-02-14 00:00:00-05:00,24.329999923706055,24.329999923706055,24.200000762939453,24.242000579833984,800,0.0,0.0,0.0
2022-02-15 00:00:00-05:00,24.945999145507812,24.945999145507812,24.945999145507812,24.945999145507812,100,0.0,0.0,0.0
2022-02-16 00:00:00-05:00,24.889999389648438,24.996000289916992,24.889999389648438,24.996000289916992,700,0.0,0.0,0.0
2022-02-17 00:00:00-05:00,24.56599998474121,24.56599998474121,24.56599998474121,24.56599998474121,100,0.0,0.0,0.0
2022-02-18 00:00:00-05:00,24.280000686645508,24.280000686645508,24.184999465942383,24.207000732421875,1500,0.0,0.0,0.0
2022-02-22 00:00:00-05:00,23.790000915527344,23.834999084472656,23.45800018310547,23.569000244140625,3900,0.0,0.0,0.0
2022-02-23 00:00:00-05:00,23.829999923706055,23.829999923706055,23.308000564575195,23.309999465942383,2300,0.0,0.0,0.0
2022-02-24 00:00:00-05:00,21.959999084472656,22.770000457763672,21.959999084472656,22.729999542236328,3000,0.0,0.0,0.0
2022-02-25 00:00:00-05:00,23.016000747680664,23.371999740600586,23.016000747680664,23.371999740600586,2500,0.0,0.0,0.0
2022-02-28 00:00:00-05:00,22.670000076293945,22.920000076293945,22.610000610351562,22.68000030517578,3900,0.0,0.0,0.0
2022-03-01 00:00:00-05:00,22.290000915527344,22.290000915527344,21.75,21.799999237060547,26000,0.0,0.0,0.0
2022-03-02 00:00:00-05:00,22.0,22.079999923706055,21.850000381469727,22.059999465942383,9700,0.0,0.0,0.0
2022-03-03 00:00:00-05:00,21.899999618530273,21.899999618530273,21.350000381469727,21.360000610351562,4100,0.0,0.0,0.0
2022-03-04 00:00:00-05:00,20.549999237060547,20.549999237060547,20.104999542236328,20.25,16900,0.0,0.0,0.0
2022-03-07 00:00:00-05:00,20.040000915527344,20.040000915527344,19.329999923706055,19.360000610351562,24100,0.0,0.0,0.0
2022-03-08 00:00:00-05:00,19.950000762939453,20.579999923706055,19.68899917602539,20.06999969482422,18700,0.0,0.0,0.0
2022-03-09 00:00:00-05:00,21.43000030517578,21.760000228881836,21.31999969482422,21.59000015258789,6600,0.0,0.0,0.0
2022-03-10 00:00:00-05:00,20.985000610351562,21.030000686645508,20.89699935913086,20.89699935913086,1100,0.0,0.0,0.0
2022-03-11 00:00:00-05:00,21.099000930786133,21.099000930786133,20.867000579833984,20.867000579833984,500,0.0,0.0,0.0
2022-03-14 00:00:00-04:00,21.510000228881836,21.674999237060547,21.43000030517578,21.45599937438965,1600,0.0,0.0,0.0
2022-03-15 00:00:00-04:00,21.420000076293945,21.610000610351562,21.420000076293945,21.56599998474121,400,0.0,0.0,0.0
2022-03-16 00:00:00-04:00,22.0939998626709,22.55699920654297,22.0939998626709,22.55699920654297,900,0.0,0.0,0.0
2022-03-17 00:00:00-04:00,22.219999313354492,22.459999084472656,22.219999313354492,22.42300033569336,10800,0.0,0.0,0.0
2022-03-18 00:00:00-04:00,21.969999313354492,22.479999542236328,21.969999313354492,22.479999542236328,800,0.0,0.0,0.0
2022-03-21 00:00:00-04:00,22.299999237060547,22.299999237060547,22.020000457763672,22.030000686645508,2100,0.0,0.0,0.0
2022-03-22 00:00:00-04:00,22.400999069213867,22.489999771118164,22.400999069213867,22.489999771118164,300,0.0,0.0,0.0
2022-03-23 00:00:00-04:00,21.989999771118164,21.989999771118164,21.950000762939453,21.950000762939453,200,0.0,0.0,0.0
2022-03-24 00:00:00-04:00,21.940000534057617,22.06999969482422,21.940000534057617,22.041000366210938,500,0.0,0.0,0.0
2022-03-25 00:00:00-04:00,22.018999099731445,22.09000015258789,22.018999099731445,22.09000015258789,1600,0.0,0.0,0.0
2022-03-28 00:00:00-04:00,22.18000030517578,22.31999969482422,22.18000030517578,22.31999969482422,2000,0.0,0.0,0.0
2022-03-29 00:00:00-04:00,22.940000534057617,22.969999313354492,22.940000534057617,22.969999313354492,700,0.0,0.0,0.0
2022-03-30 00:00:00-04:00,22.739999771118164,22.739999771118164,22.670000076293945,22.670000076293945,1000,0.0,0.0,0.0
2022-03-31 00:00:00-04:00,22.43000030517578,22.43000030517578,22.100000381469727,22.100000381469727,2200,0.0,0.0,0.0
2022-04-01 00:00:00-04:00,22.229999542236328,22.280000686645508,22.1299991607666,22.25,2300,0.0,0.0,0.0
2022-04-04 00:00:00-04:00,22.28499984741211,22.290000915527344,22.225000381469727,22.290000915527344,7000,0.0,0.0,0.0
2022-04-05 00:00:00-04:00,21.940000534057617,21.940000534057617,21.850000381469727,21.90999984741211,2100,0.0,0.0,0.0
2022-04-06 00:00:00-04:00,21.520000457763672,21.549999237060547,21.520000457763672,21.549999237060547,700,0.0,0.0,0.0
2022-04-07 00:00:00-04:00,21.631999969482422,21.631999969482422,21.530000686645508,21.530000686645508,1300,0.0,0.0,0.0
2022-04-08 00:00:00-04:00,21.59000015258789,21.59000015258789,21.55299949645996,21.55299949645996,500,0.0,0.0,0.0
2022-04-11 00:00:00-04:00,21.600000381469727,21.600000381469727,21.31999969482422,21.31999969482422,1600,0.0,0.0,0.0
2022-04-12 00:00:00-04:00,21.405000686645508,21.405000686645508,21.09000015258789,21.124000549316406,2800,0.0,0.0,0.0
2022-04-13 00:00:00-04:00,21.1200008392334,21.31999969482422,21.1200008392334,21.31999969482422,16300,0.0,0.0,0.0
2022-04-14 00:00:00-04:00,21.149999618530273,21.200000762939453,21.09000015258789,21.170000076293945,5800,0.0,0.0,0.0
2022-04-18 00:00:00-04:00,21.049999237060547,21.239999771118164,20.979999542236328,20.979999542236328,2600,0.0,0.0,0.0
2022-04-19 00:00:00-04:00,21.319000244140625,21.319000244140625,21.319000244140625,21.319000244140625,100,0.0,0.0,0.0
2022-04-20 00:00:00-04:00,21.6299991607666,21.6299991607666,21.520000457763672,21.600000381469727,91900,0.0,0.0,0.0
2022-04-21 00:00:00-04:00,21.84000015258789,21.850000381469727,21.540000915527344,21.540000915527344,900,0.0,0.0,0.0
2022-04-22 00:00:00-04:00,21.267000198364258,21.270000457763672,21.15999984741211,21.17300033569336,5000,0.0,0.0,0.0
2022-04-25 00:00:00-04:00,20.889999389648438,21.01799964904785,20.81999969482422,21.01799964904785,5200,0.0,0.0,0.0
2022-04-26 00:00:00-04:00,20.725000381469727,20.81999969482422,20.239999771118164,20.239999771118164,19600,0.0,0.0,0.0
2022-04-27 00:00:00-04:00,20.200000762939453,20.211000442504883,20.1299991607666,20.211000442504883,5600,0.0,0.0,0.0
2022-04-28 00:00:00-04:00,20.329999923706055,20.549999237060547,20.239999771118164,20.549999237060547,400,0.0,0.0,0.0
2022-04-29 00:00:00-04:00,20.5,20.5,20.329999923706055,20.329999923706055,1300,0.0,0.0,0.0
2022-05-02 00:00:00-04:00,20.260000228881836,20.285999298095703,20.18000030517578,20.285999298095703,1000,0.0,0.0,0.0
2022-05-03 00:00:00-04:00,20.434999465942383,20.434999465942383,20.395999908447266,20.395999908447266,300,0.0,0.0,0.0
2022-05-04 00:00:00-04:00,20.440000534057617,20.839000701904297,20.440000534057617,20.839000701904297,200,0.0,0.0,0.0
2022-05-05 00:00:00-04:00,20.2810001373291,20.2810001373291,20.059999465942383,20.14900016784668,8800,0.0,0.0,0.0
2022-05-06 00:00:00-04:00,19.860000610351562,20.030000686645508,19.809999465942383,19.87299919128418,7300,0.0,0.0,0.0
2022-05-09 00:00:00-04:00,19.59000015258789,19.59000015258789,19.469999313354492,19.479999542236328,1900,0.0,0.0,0.0
2022-05-10 00:00:00-04:00,19.850000381469727,19.850000381469727,19.6299991607666,19.75,1800,0.0,0.0,0.0
2022-05-11 00:00:00-04:00,19.875,19.875,19.68000030517578,19.708999633789062,2900,0.0,0.0,0.0
2022-05-12 00:00:00-04:00,19.43000030517578,19.714000701904297,19.43000030517578,19.575000762939453,600,0.0,0.0,0.0
2022-05-13 00:00:00-04:00,20.0,20.10099983215332,20.0,20.10099983215332,300,0.0,0.0,0.0
2022-05-16 00:00:00-04:00,19.93000030517578,20.18000030517578,19.93000030517578,20.097999572753906,1900,0.0,0.0,0.0
2022-05-17 00:00:00-04:00,20.459999084472656,20.642000198364258,20.459999084472656,20.642000198364258,400,0.0,0.0,0.0
2022-05-18 00:00:00-04:00,20.190000534057617,20.190000534057617,20.0,20.0,1900,0.0,0.0,0.0
2022-05-19 00:00:00-04:00,20.079999923706055,20.284000396728516,20.079999923706055,20.284000396728516,100,0.0,0.0,0.0
2022-05-20 00:00:00-04:00,20.368999481201172,20.368999481201172,20.368999481201172,20.368999481201172,100,0.0,0.0,0.0
2022-05-23 00:00:00-04:00,20.839000701904297,20.839000701904297,20.839000701904297,20.839000701904297,100,0.0,0.0,0.0
2022-05-24 00:00:00-04:00,20.719999313354492,20.719999313354492,20.71500015258789,20.71500015258789,300,0.0,0.0,0.0
2022-05-25 00:00:00-04:00,20.639999389648438,20.70400047302246,20.639999389648438,20.70400047302246,200,0.0,0.0,0.0
2022-05-26 00:00:00-04:00,21.059999465942383,21.073999404907227,21.059999465942383,21.069000244140625,500,0.0,0.0,0.0
2022-05-27 00:00:00-04:00,21.34000015258789,21.365999221801758,21.309999465942383,21.365999221801758,600,0.0,0.0,0.0
2022-05-31 00:00:00-04:00,21.3799991607666,21.3799991607666,21.3799991607666,21.3799991607666,1000,0.0,0.0,0.0
2022-06-01 00:00:00-04:00,21.200000762939453,21.200000762939453,21.1200008392334,21.12700080871582,2000,0.0,0.0,0.0
2022-06-02 00:00:00-04:00,21.299999237060547,21.628999710083008,21.299999237060547,21.628999710083008,200,0.0,0.0,0.0
2022-06-03 00:00:00-04:00,21.43000030517578,21.43000030517578,21.31999969482422,21.395000457763672,4800,0.0,0.0,0.0
2022-06-06 00:00:00-04:00,21.6299991607666,21.6299991607666,21.440000534057617,21.469999313354492,16700,0.0,0.0,0.0
2022-06-07 00:00:00-04:00,21.3799991607666,21.440000534057617,21.3799991607666,21.440000534057617,6100,0.0,0.0,0.0
2022-06-08 00:00:00-04:00,21.270000457763672,21.270000457763672,21.18000030517578,21.200000762939453,4300,0.0,0.0,0.0
2022-06-09 00:00:00-04:00,20.770000457763672,20.770000457763672,20.59000015258789,20.59000015258789,500,0.0,0.0,0.0
2022-06-10 00:00:00-04:00,20.149999618530273,20.149999618530273,19.93000030517578,19.989999771118164,1500,0.0,0.0,0.0
2022-06-13 00:00:00-04:00,19.40999984741211,19.40999984741211,19.309999465942383,19.309999465942383,1300,0.0,0.0,0.0
2022-06-14 00:00:00-04:00,19.229999542236328,19.229999542236328,19.077999114990234,19.079999923706055,600,0.0,0.0,0.0
2022-06-15 00:00:00-04:00,19.5,19.5,19.5,19.5,300,0.0,0.0,0.0
2022-06-16 00:00:00-04:00,18.8700008392334,18.959999084472656,18.829999923706055,18.913999557495117,3600,0.0,0.0,0.0
2022-06-17 00:00:00-04:00,18.360000610351562,18.450000762939453,18.31999969482422,18.450000762939453,4600,0.0,0.0,0.0
2022-06-21 00:00:00-04:00,18.719999313354492,18.790000915527344,18.6200008392334,18.65999984741211,6600,0.0,0.0,0.0
2022-06-22 00:00:00-04:00,18.399999618530273,18.540000915527344,18.399999618530273,18.520000457763672,3900,0.0,0.0,0.0
2022-06-23 00:00:00-04:00,18.270000457763672,18.270000457763672,18.1299991607666,18.224000930786133,3400,0.0,0.0,0.0
2022-06-24 00:00:00-04:00,18.579999923706055,18.617000579833984,18.510000228881836,18.617000579833984,1900,0.0,0.0,0.0
2022-06-27 00:00:00-04:00,18.610000610351562,18.6299991607666,18.56999969482422,18.56999969482422,1300,0.0,0.0,0.0
2022-06-28 00:00:00-04:00,18.6299991607666,18.639999389648438,18.483999252319336,18.483999252319336,2700,0.0,0.0,0.0
2022-06-29 00:00:00-04:00,18.399999618530273,18.399999618530273,18.125,18.125,3900,0.0,0.0,0.0
2022-06-30 00:00:00-04:00,17.68000030517578,17.920000076293945,17.68000030517578,17.920000076293945,3900,0.0,0.0,0.0
2022-07-01 00:00:00-04:00,17.700000762939453,17.929000854492188,17.700000762939453,17.929000854492188,600,0.0,0.0,0.0
2022-07-05 00:00:00-04:00,17.100000381469727,17.200000762939453,17.0,17.200000762939453,15500,0.0,0.0,0.0
2022-07-06 00:00:00-04:00,17.110000610351562,17.209999084472656,17.09000015258789,17.194000244140625,2800,0.0,0.0,0.0
2022-07-07 00:00:00-04:00,17.399999618530273,17.459999084472656,17.399999618530273,17.454999923706055,1100,0.0,0.0,0.0
2022-07-08 00:00:00-04:00,17.594999313354492,17.68000030517578,17.594999313354492,17.667999267578125,10900,0.0,0.0,0.0
2022-07-11 00:00:00-04:00,17.360000610351562,17.360000610351562,17.15999984741211,17.15999984741211,5500,0.0,0.0,0.0
2022-07-12 00:00:00-04:00,17.25,17.299999237060547,17.09000015258789,17.09000015258789,1500,0.0,0.0,0.0
2022-07-13 00:00:00-04:00,16.8700008392334,17.110000610351562,16.8700008392334,17.09000015258789,6300,0.0,0.0,0.0
2022-07-14 00:00:00-04:00,16.709999084472656,16.7189998626709,16.469999313354492,16.7189998626709,1600,0.0,0.0,0.0
2022-07-15 00:00:00-04:00,17.149999618530273,17.149999618530273,17.149999618530273,17.149999618530273,200,0.0,0.0,0.0
2022-07-18 00:00:00-04:00,17.479999542236328,17.479999542236328,17.288999557495117,17.288999557495117,2800,0.0,0.0,0.0
2022-07-19 00:00:00-04:00,18.100000381469727,18.11199951171875,18.06999969482422,18.11199951171875,2600,0.0,0.0,0.0
2022-07-20 00:00:00-04:00,17.969999313354492,18.040000915527344,17.850000381469727,17.868999481201172,8100,0.0,0.0,0.0
2022-07-21 00:00:00-04:00,17.81999969482422,17.9689998626709,17.81999969482422,17.9689998626709,400,0.0,0.0,0.0
2022-07-22 00:00:00-04:00,18.079999923706055,18.15999984741211,17.8700008392334,17.8799991607666,7000,0.0,0.0,0.0
2022-07-25 00:00:00-04:00,18.049999237060547,18.049999237060547,17.829999923706055,17.9060001373291,3800,0.0,0.0,0.0
2022-07-26 00:00:00-04:00,17.530000686645508,17.579999923706055,17.5,17.5,4500,0.0,0.0,0.0
2022-07-27 00:00:00-04:00,17.937999725341797,17.937999725341797,17.937999725341797,17.937999725341797,100,0.0,0.0,0.0
2022-07-28 00:00:00-04:00,17.809999465942383,17.9950008392334,17.809999465942383,17.9950008392334,400,0.0,0.0,0.0
2022-07-29 00:00:00-04:00,18.1299991607666,18.3799991607666,18.1299991607666,18.3799991607666,1800,0.0,0.0,0.0
2022-08-01 00:00:00-04:00,18.371000289916992,18.41699981689453,18.31999969482422,18.334999084472656,2500,0.0,0.0,0.0
2022-08-02 00:00:00-04:00,18.280000686645508,18.280000686645508,18.14699935913086,18.14699935913086,10900,0.0,0.0,0.0
2022-08-03 00:00:00-04:00,18.34000015258789,18.445999145507812,18.34000015258789,18.445999145507812,500,0.0,0.0,0.0
2022-08-04 00:00:00-04:00,18.639999389648438,18.639999389648438,18.621000289916992,18.621000289916992,500,0.0,0.0,0.0
2022-08-05 00:00:00-04:00,18.31999969482422,18.43000030517578,18.31999969482422,18.43000030517578,6500,0.0,0.0,0.0
2022-08-08 00:00:00-04:00,18.579999923706055,18.59000015258789,18.457000732421875,18.457000732421875,6000,0.0,0.0,0.0
2022-08-09 00:00:00-04:00,18.3799991607666,18.3799991607666,18.295000076293945,18.295000076293945,300,0.0,0.0,0.0
2022-08-10 00:00:00-04:00,18.729999542236328,18.729999542236328,18.704999923706055,18.725000381469727,700,0.0,0.0,0.0
2022-08-11 00:00:00-04:00,18.739999771118164,18.770000457763672,18.68000030517578,18.68000030517578,1500,0.0,0.0,0.0
2022-08-12 00:00:00-04:00,18.729999542236328,18.867000579833984,18.729999542236328,18.867000579833984,1100,0.0,0.0,0.0
2022-08-15 00:00:00-04:00,18.610000610351562,18.670000076293945,18.549999237060547,18.579999923706055,6200,0.0,0.0,0.0
2022-08-16 00:00:00-04:00,18.549999237060547,18.770000457763672,18.549999237060547,18.770000457763672,2700,0.0,0.0,0.0
2022-08-17 00:00:00-04:00,18.3700008392334,18.399999618530273,18.309999465942383,18.399999618530273,2400,0.0,0.0,0.0
2022-08-18 00:00:00-04:00,18.299999237060547,18.299999237060547,18.211999893188477,18.211999893188477,400,0.0,0.0,0.0
2022-08-19 00:00:00-04:00,18.06999969482422,18.06999969482422,17.910999298095703,17.910999298095703,1100,0.0,0.0,0.0
2022-08-22 00:00:00-04:00,17.510000228881836,17.510000228881836,17.239999771118164,17.31999969482422,11800,0.0,0.0,0.0
2022-08-23 00:00:00-04:00,17.34000015258789,17.34000015258789,17.219999313354492,17.243000030517578,7800,0.0,0.0,0.0
2022-08-24 00:00:00-04:00,17.219999313354492,17.3700008392334,17.219999313354492,17.360000610351562,3400,0.0,0.0,0.0
2022-08-25 00:00:00-04:00,17.360000610351562,17.489999771118164,17.360000610351562,17.489999771118164,12800,0.0,0.0,0.0
2022-08-26 00:00:00-04:00,17.139999389648438,17.139999389648438,16.878000259399414,16.878000259399414,2000,0.0,0.0,0.0
2022-08-29 00:00:00-04:00,16.989999771118164,17.040000915527344,16.989999771118164,17.024999618530273,1400,0.0,0.0,0.0
2022-08-30 00:00:00-04:00,17.07900047302246,17.07900047302246,17.07900047302246,17.07900047302246,100,0.0,0.0,0.0
2022-08-31 00:00:00-04:00,17.132999420166016,17.15999984741211,17.0310001373291,17.0310001373291,23400,0.0,0.0,0.0
2022-09-01 00:00:00-04:00,16.719999313354492,16.780000686645508,16.579999923706055,16.770999908447266,2500,0.0,0.0,0.0
2022-09-02 00:00:00-04:00,17.100000381469727,17.170000076293945,16.610000610351562,16.610000610351562,2500,0.0,0.0,0.0
2022-09-06 00:00:00-04:00,16.739999771118164,16.850000381469727,16.739999771118164,16.746999740600586,7900,0.0,0.0,0.0
2022-09-07 00:00:00-04:00,16.850000381469727,17.15999984741211,16.790000915527344,17.155000686645508,6900,0.0,0.0,0.0
2022-09-08 00:00:00-04:00,16.732999801635742,16.969999313354492,16.732999801635742,16.969999313354492,900,0.0,0.0,0.0
2022-09-09 00:00:00-04:00,17.469999313354492,17.469999313354492,17.469999313354492,17.469999313354492,100,0.0,0.0,0.0
2022-09-12 00:00:00-04:00,17.899999618530273,17.950000762939453,17.899999618530273,17.91900062561035,400,0.0,0.0,0.0
2022-09-13 00:00:00-04:00,17.549999237060547,17.559999465942383,17.19499969482422,17.200000762939453,85300,0.0,0.0,0.0
2022-09-14 00:00:00-04:00,17.149999618530273,17.25,16.989999771118164,17.15999984741211,12500,0.0,0.0,0.0
2022-09-15 00:00:00-04:00,17.010000228881836,17.100000381469727,16.969999313354492,17.020000457763672,7200,0.0,0.0,0.0
2022-09-16 00:00:00-04:00,16.75,16.850000381469727,16.690000534057617,16.799999237060547,29700,0.0,0.0,0.0
2022-09-19 00:00:00-04:00,16.81999969482422,16.950000762939453,16.81999969482422,16.950000762939453,3000,0.0,0.0,0.0
2022-09-20 00:00:00-04:00,16.649999618530273,16.649999618530273,16.420000076293945,16.540000915527344,3400,0.0,0.0,0.0
2022-09-21 00:00:00-04:00,16.510000228881836,16.649999618530273,16.260000228881836,16.260000228881836,3900,0.0,0.0,0.0
2022-09-22 00:00:00-04:00,16.149999618530273,16.290000915527344,16.1200008392334,16.290000915527344,32800,0.0,0.0,0.0
2022-09-23 00:00:00-04:00,15.829999923706055,15.829999923706055,15.4399995803833,15.550000190734863,4500,0.0,0.0,0.0
2022-09-26 00:00:00-04:00,15.600000381469727,15.600000381469727,15.3100004196167,15.34000015258789,5400,0.0,0.0,0.0
2022-09-27 00:00:00-04:00,15.279999732971191,15.279999732971191,15.050000190734863,15.130000114440918,1700,0.0,0.0,0.0
2022-09-28 00:00:00-04:00,15.300000190734863,15.619999885559082,15.300000190734863,15.619999885559082,1600,0.0,0.0,0.0
2022-09-29 00:00:00-04:00,15.25,15.34000015258789,15.25,15.34000015258789,800,0.0,0.0,0.0
2022-09-30 00:00:00-04:00,15.380000114440918,15.380000114440918,15.329999923706055,15.329999923706055,1300,0.0,0.0,0.0
2022-10-03 00:00:00-04:00,15.680000305175781,15.696999549865723,15.65999984741211,15.65999984741211,2500,0.0,0.0,0.0
2022-10-04 00:00:00-04:00,16.420000076293945,16.5,16.420000076293945,16.5,400,0.0,0.0,0.0
2022-10-05 00:00:00-04:00,16.006999969482422,16.309999465942383,16.006999969482422,16.190000534057617,5700,0.0,0.0,0.0
2022-10-06 00:00:00-04:00,16.0,16.0,15.859999656677246,15.859999656677246,2500,0.0,0.0,0.0
2022-10-07 00:00:00-04:00,15.710000038146973,15.710000038146973,15.510000228881836,15.520000457763672,2900,0.0,0.0,0.0
2022-10-10 00:00:00-04:00,15.460000038146973,15.569999694824219,15.420000076293945,15.52299976348877,23100,0.0,0.0,0.0
2022-10-11 00:00:00-04:00,15.300000190734863,15.399999618530273,15.300000190734863,15.3149995803833,700,0.0,0.0,0.0
2022-10-12 00:00:00-04:00,15.329999923706055,15.335000038146973,15.3149995803833,15.3149995803833,600,0.0,0.0,0.0
2022-10-13 00:00:00-04:00,15.772000312805176,15.772000312805176,15.772000312805176,15.772000312805176,100,0.0,0.0,0.0
2022-10-14 00:00:00-04:00,15.640000343322754,15.640000343322754,15.595000267028809,15.595000267028809,300,0.0,0.0,0.0
2022-10-17 00:00:00-04:00,16.1200008392334,16.18000030517578,16.1200008392334,16.149999618530273,900,0.0,0.0,0.0
2022-10-18 00:00:00-04:00,16.56999969482422,16.56999969482422,16.389999389648438,16.409000396728516,400,0.0,0.0,0.0
2022-10-19 00:00:00-04:00,16.131000518798828,16.131000518798828,16.131000518798828,16.131000518798828,100,0.0,0.0,0.0
2022-10-20 00:00:00-04:00,16.280000686645508,16.290000915527344,16.06999969482422,16.06999969482422,2400,0.0,0.0,0.0
2022-10-21 00:00:00-04:00,16.299999237060547,16.39299964904785,16.285999298095703,16.39299964904785,400,0.0,0.0,0.0
2022-10-24 00:00:00-04:00,16.5,16.610000610351562,16.5,16.610000610351562,1400,0.0,0.0,0.0
2022-10-25 00:00:00-04:00,16.75,16.972000122070312,16.75,16.972000122070312,5200,0.0,0.0,0.0
2022-10-26 00:00:00-04:00,17.239999771118164,17.280000686645508,17.20599937438965,17.20599937438965,800,0.0,0.0,0.0
2022-10-27 00:00:00-04:00,17.219999313354492,17.219999313354492,17.035999298095703,17.035999298095703,1200,0.0,0.0,0.0
2022-10-28 00:00:00-04:00,17.03499984741211,17.131000518798828,17.006999969482422,17.131000518798828,1000,0.0,0.0,0.0
2022-10-31 00:00:00-04:00,16.959999084472656,17.030000686645508,16.906999588012695,16.950000762939453,1600,0.0,0.0,0.0
2022-11-01 00:00:00-04:00,17.131999969482422,17.131999969482422,17.017000198364258,17.084999084472656,2700,0.0,0.0,0.0
2022-11-02 00:00:00-04:00,16.959999084472656,17.020000457763672,16.68000030517578,16.68000030517578,27300,0.0,0.0,0.0
2022-11-03 00:00:00-04:00,16.549999237060547,16.549999237060547,16.3799991607666,16.3799991607666,1000,0.0,0.0,0.0
2022-11-04 00:00:00-04:00,17.15999984741211,17.280000686645508,17.110000610351562,17.200000762939453,5200,0.0,0.0,0.0
2022-11-07 00:00:00-05:00,17.440000534057617,17.486000061035156,17.440000534057617,17.486000061035156,400,0.0,0.0,0.0
2022-11-08 00:00:00-05:00,17.756999969482422,17.756999969482422,17.756999969482422,17.756999969482422,300,0.0,0.0,0.0
2022-11-09 00:00:00-05:00,17.59000015258789,17.68000030517578,17.559999465942383,17.559999465942383,2700,0.0,0.0,0.0
2022-11-10 00:00:00-05:00,18.579999923706055,18.677000045776367,18.559999465942383,18.677000045776367,6200,0.0,0.0,0.0
2022-11-11 00:00:00-05:00,18.940000534057617,19.260000228881836,18.940000534057617,19.260000228881836,2000,0.0,0.0,0.0
2022-11-14 00:00:00-05:00,19.145000457763672,19.145000457763672,19.145000457763672,19.145000457763672,200,0.0,0.0,0.0
2022-11-15 00:00:00-05:00,19.3799991607666,19.3799991607666,19.15999984741211,19.15999984741211,2300,0.0,0.0,0.0
2022-11-16 00:00:00-05:00,19.21299934387207,19.21299934387207,19.21299934387207,19.21299934387207,200,0.0,0.0,0.0
2022-11-17 00:00:00-05:00,18.989999771118164,19.288000106811523,18.989999771118164,19.288000106811523,400,0.0,0.0,0.0
2022-11-18 00:00:00-05:00,19.32699966430664,19.32699966430664,19.305999755859375,19.305999755859375,200,0.0,0.0,0.0
2022-11-21 00:00:00-05:00,19.040000915527344,19.124000549316406,19.040000915527344,19.124000549316406,1800,0.0,0.0,0.0
2022-11-22 00:00:00-05:00,19.295000076293945,19.295000076293945,19.295000076293945,19.295000076293945,100,0.0,0.0,0.0
2022-11-23 00:00:00-05:00,19.399999618530273,19.399999618530273,19.399999618530273,19.399999618530273,100,0.0,0.0,0.0
2022-11-25 00:00:00-05:00,19.5,19.56999969482422,19.489999771118164,19.559999465942383,2200,0.0,0.0,0.0
2022-11-28 00:00:00-05:00,19.26799964904785,19.26799964904785,19.26799964904785,19.26799964904785,100,0.0,0.0,0.0
2022-11-29 00:00:00-05:00,19.31999969482422,19.389999389648438,19.290000915527344,19.347000122070312,1200,0.0,0.0,0.0
2022-11-30 00:00:00-05:00,19.724000930786133,19.724000930786133,19.724000930786133,19.724000930786133,100,0.0,0.0,0.0
2022-12-01 00:00:00-05:00,19.719999313354492,19.854000091552734,19.719999313354492,19.854000091552734,1600,0.0,0.0,0.0
2022-12-02 00:00:00-05:00,19.690000534057617,20.003999710083008,19.690000534057617,19.968000411987305,15700,0.0,0.0,0.0
2022-12-05 00:00:00-05:00,19.90999984741211,19.920000076293945,19.700000762939453,19.711000442504883,2500,0.0,0.0,0.0
2022-12-06 00:00:00-05:00,19.510000228881836,19.510000228881836,19.459999084472656,19.464000701904297,1300,0.0,0.0,0.0
2022-12-07 00:00:00-05:00,19.59000015258789,19.59000015258789,19.54800033569336,19.54800033569336,1200,0.0,0.0,0.0
2022-12-08 00:00:00-05:00,19.600000381469727,19.6200008392334,19.56999969482422,19.6200008392334,10800,0.0,0.0,0.0
2022-12-09 00:00:00-05:00,19.579999923706055,19.670000076293945,19.579999923706055,19.6299991607666,48600,0.0,0.0,0.0
2022-12-12 00:00:00-05:00,19.530000686645508,19.611000061035156,19.530000686645508,19.611000061035156,200,0.0,0.0,0.0
2022-12-13 00:00:00-05:00,20.209999084472656,20.222000122070312,19.920000076293945,19.920000076293945,700,0.0,0.0,0.0
2022-12-14 00:00:00-05:00,19.93000030517578,20.079999923706055,19.8700008392334,19.899999618530273,16900,0.0,0.0,0.0
2022-12-15 00:00:00-05:00,19.6299991607666,19.6299991607666,19.34000015258789,19.360000610351562,11600,0.0,0.0,0.0
2022-12-16 00:00:00-05:00,19.170000076293945,19.190000534057617,19.079999923706055,19.190000534057617,1400,0.0,0.0,0.0
2022-12-19 00:00:00-05:00,19.03499984741211,19.03499984741211,19.03499984741211,19.03499984741211,100,0.0,0.0,0.0
2022-12-20 00:00:00-05:00,19.110000610351562,19.15399932861328,19.09000015258789,19.090999603271484,1700,0.0,0.0,0.0
2022-12-21 00:00:00-05:00,19.329999923706055,19.368000030517578,19.280000686645508,19.290000915527344,1900,0.0,0.0,0.0
2022-12-22 00:00:00-05:00,18.959999084472656,19.099000930786133,18.959999084472656,19.099000930786133,300,0.0,0.0,0.0
2022-12-23 00:00:00-05:00,19.100000381469727,19.148000717163086,19.100000381469727,19.148000717163086,400,0.0,0.0,0.0
2022-12-27 00:00:00-05:00,19.149999618530273,19.23200035095215,19.149999618530273,19.23200035095215,7500,0.0,0.0,0.0
2022-12-28 00:00:00-05:00,19.14299964904785,19.14299964904785,19.1200008392334,19.1200008392334,900,0.0,0.0,0.0
2022-12-29 00:00:00-05:00,19.405000686645508,19.405000686645508,19.405000686645508,19.405000686645508,100,0.0,0.0,0.0
2022-12-30 00:00:00-05:00,19.209999084472656,19.209999084472656,19.18000030517578,19.20800018310547,400,0.0,0.0,0.0
2023-01-03 00:00:00-05:00,19.459999084472656,19.530000686645508,19.440000534057617,19.520000457763672,4000,0.0,0.0,0.0
2023-01-04 00:00:00-05:00,20.059999465942383,20.09000015258789,19.989999771118164,20.09000015258789,5700,0.0,0.0,0.0
2023-01-05 00:00:00-05:00,19.920000076293945,19.979000091552734,19.920000076293945,19.972000122070312,1500,0.0,0.0,0.0
2023-01-06 00:00:00-05:00,20.440000534057617,20.459999084472656,20.40999984741211,20.40999984741211,1900,0.0,0.0,0.0
2023-01-09 00:00:00-05:00,20.790000915527344,20.850000381469727,20.704999923706055,20.719999313354492,40600,0.0,0.0,0.0
2023-01-10 00:00:00-05:00,20.690000534057617,20.90999984741211,20.690000534057617,20.850000381469727,2500,0.0,0.0,0.0
2023-01-11 00:00:00-05:00,21.079999923706055,21.170000076293945,21.079999923706055,21.155000686645508,2400,0.0,0.0,0.0
2023-01-12 00:00:00-05:00,21.329999923706055,21.573999404907227,21.27899932861328,21.5,5400,0.0,0.0,0.0
2023-01-13 00:00:00-05:00,21.475000381469727,21.551000595092773,21.440000534057617,21.551000595092773,36000,0.0,0.0,0.0
2023-01-17 00:00:00-05:00,21.6200008392334,21.635000228881836,21.55500030517578,21.55500030517578,2100,0.0,0.0,0.0
2023-01-18 00:00:00-05:00,21.709999084472656,21.709999084472656,21.510000228881836,21.510000228881836,2500,0.0,0.0,0.0
2023-01-19 00:00:00-05:00,21.260000228881836,21.389999389648438,21.232999801635742,21.3700008392334,52200,0.0,0.0,0.0
2023-01-20 00:00:00-05:00,21.559999465942383,21.559999465942383,21.540000915527344,21.541000366210938,3400,0.0,0.0,0.0
2023-01-23 00:00:00-05:00,21.549999237060547,21.639999389648438,21.489999771118164,21.6200008392334,22600,0.0,0.0,0.0
2023-01-24 00:00:00-05:00,21.559999465942383,21.700000762939453,21.5,21.6299991607666,30900,0.0,0.0,0.0
2023-01-25 00:00:00-05:00,21.6200008392334,21.790000915527344,21.600000381469727,21.739999771118164,21800,0.0,0.0,0.0
2023-01-26 00:00:00-05:00,21.690000534057617,21.81999969482422,21.641000747680664,21.81999969482422,1900,0.0,0.0,0.0
2023-01-27 00:00:00-05:00,21.6200008392334,21.7549991607666,21.6200008392334,21.7549991607666,1100,0.0,0.0,0.0
2023-01-30 00:00:00-05:00,21.75,21.75,21.6299991607666,21.6299991607666,2600,0.0,0.0,0.0
2023-01-31 00:00:00-05:00,21.674999237060547,21.84000015258789,21.674999237060547,21.84000015258789,1100,0.0,0.0,0.0
2023-02-01 00:00:00-05:00,21.799999237060547,22.219999313354492,21.799999237060547,22.152999877929688,3600,0.0,0.0,0.0
2023-02-02 00:00:00-05:00,22.360000610351562,22.479999542236328,22.295000076293945,22.399999618530273,5700,0.0,0.0,0.0
2023-02-03 00:00:00-05:00,22.110000610351562,22.219999313354492,22.09000015258789,22.09000015258789,900,0.0,0.0,0.0
2023-02-06 00:00:00-05:00,21.780000686645508,21.815000534057617,21.780000686645508,21.815000534057617,700,0.0,0.0,0.0
2023-02-07 00:00:00-05:00,21.530000686645508,21.864999771118164,21.530000686645508,21.864999771118164,5900,0.0,0.0,0.0
2023-02-08 00:00:00-05:00,21.871999740600586,21.871999740600586,21.780000686645508,21.805999755859375,1400,0.0,0.0,0.0
2023-02-09 00:00:00-05:00,22.1200008392334,22.125,21.81999969482422,21.83099937438965,4600,0.0,0.0,0.0
2023-02-10 00:00:00-05:00,21.5,21.523000717163086,21.450000762939453,21.523000717163086,600,0.0,0.0,0.0
2023-02-13 00:00:00-05:00,21.639999389648438,21.73900032043457,21.60700035095215,21.73900032043457,2600,0.0,0.0,0.0
2023-02-14 00:00:00-05:00,21.799999237060547,21.833999633789062,21.729999542236328,21.833999633789062,600,0.0,0.0,0.0
2023-02-15 00:00:00-05:00,21.719999313354492,21.82200050354004,21.719999313354492,21.82200050354004,300,0.0,0.0,0.0
2023-02-16 00:00:00-05:00,21.829999923706055,21.8700008392334,21.739999771118164,21.739999771118164,3200,0.0,0.0,0.0
2023-02-17 00:00:00-05:00,21.820999145507812,21.820999145507812,21.820999145507812,21.820999145507812,200,0.0,0.0,0.0
2023-02-21 00:00:00-05:00,21.635000228881836,21.635000228881836,21.450000762939453,21.5,1800,0.0,0.0,0.0
2023-02-22 00:00:00-05:00,21.354999542236328,21.354999542236328,21.354999542236328,21.354999542236328,100,0.0,0.0,0.0
2023-02-23 00:00:00-05:00,21.540000915527344,21.579999923706055,21.540000915527344,21.565000534057617,500,0.0,0.0,0.0
2023-02-24 00:00:00-05:00,21.013999938964844,21.013999938964844,21.013999938964844,21.013999938964844,600,0.0,0.0,0.0
2023-02-27 00:00:00-05:00,21.3799991607666,21.3799991607666,21.290000915527344,21.31999969482422,3300,0.0,0.0,0.0
2023-02-28 00:00:00-05:00,21.219999313354492,21.219999313354492,21.219999313354492,21.219999313354492,200,0.0,0.0,0.0
2023-03-01 00:00:00-05:00,21.290000915527344,21.371000289916992,21.290000915527344,21.371000289916992,37000,0.0,0.0,0.0
2023-03-02 00:00:00-05:00,21.209999084472656,21.399999618530273,21.209999084472656,21.334999084472656,8600,0.0,0.0,0.0
2023-03-03 00:00:00-05:00,21.690000534057617,21.850000381469727,21.670000076293945,21.690000534057617,6600,0.0,0.0,0.0
2023-03-06 00:00:00-05:00,21.8799991607666,21.8799991607666,21.826000213623047,21.826000213623047,1200,0.0,0.0,0.0
2023-03-07 00:00:00-05:00,21.7549991607666,21.7549991607666,21.459999084472656,21.469999313354492,6500,0.0,0.0,0.0
2023-03-08 00:00:00-05:00,21.59000015258789,21.59000015258789,21.510000228881836,21.540000915527344,2600,0.0,0.0,0.0
2023-03-09 00:00:00-05:00,21.5310001373291,21.549999237060547,21.360000610351562,21.368999481201172,600,0.0,0.0,0.0
2023-03-10 00:00:00-05:00,21.3799991607666,21.420000076293945,21.222999572753906,21.222999572753906,2200,0.0,0.0,0.0
2023-03-13 00:00:00-04:00,20.920000076293945,21.100000381469727,20.920000076293945,20.993999481201172,1400,0.0,0.0,0.0
2023-03-14 00:00:00-04:00,21.3700008392334,21.389999389648438,21.21500015258789,21.389999389648438,1900,0.0,0.0,0.0
2023-03-15 00:00:00-04:00,20.229999542236328,20.56999969482422,20.229999542236328,20.510000228881836,1400,0.0,0.0,0.0
2023-03-16 00:00:00-04:00,20.649999618530273,20.829999923706055,20.649999618530273,20.829999923706055,14100,0.0,0.0,0.0
2023-03-17 00:00:00-04:00,20.56999969482422,20.6299991607666,20.459999084472656,20.590999603271484,6000,0.0,0.0,0.0
2023-03-20 00:00:00-04:00,20.905000686645508,20.941999435424805,20.850000381469727,20.941999435424805,1200,0.0,0.0,0.0
2023-03-21 00:00:00-04:00,21.420000076293945,21.420000076293945,21.34000015258789,21.40999984741211,3600,0.0,0.0,0.0
2023-03-22 00:00:00-04:00,21.479999542236328,21.489999771118164,21.35700035095215,21.35700035095215,3900,0.0,0.0,0.0
2023-03-23 00:00:00-04:00,21.68000030517578,21.68000030517578,21.270000457763672,21.367000579833984,1000,0.0,0.0,0.0
2023-03-24 00:00:00-04:00,20.969999313354492,21.059999465942383,20.875,21.049999237060547,1600,0.0,0.0,0.0
2023-03-27 00:00:00-04:00,21.329999923706055,21.329999923706055,21.329999923706055,21.329999923706055,100,0.0,0.0,0.0
2023-03-28 00:00:00-04:00,21.3799991607666,21.3799991607666,21.347000122070312,21.347000122070312,200,0.0,0.0,0.0
2023-03-29 00:00:00-04:00,21.570999145507812,21.670000076293945,21.549999237060547,21.670000076293945,900,0.0,0.0,0.0
2023-03-30 00:00:00-04:00,22.059999465942383,22.139999389648438,22.020000457763672,22.118000030517578,2300,0.0,0.0,0.0
2023-03-31 00:00:00-04:00,22.18000030517578,22.18000030517578,22.09000015258789,22.09000015258789,800,0.0,0.0,0.0
2023-04-03 00:00:00-04:00,22.100000381469727,22.200000762939453,22.04199981689453,22.200000762939453,6500,0.0,0.0,0.0
2023-04-04 00:00:00-04:00,22.236000061035156,22.236000061035156,22.236000061035156,22.236000061035156,100,0.0,0.0,0.0
2023-04-05 00:00:00-04:00,22.139999389648438,22.139999389648438,22.049999237060547,22.059999465942383,300,0.0,0.0,0.0
2023-04-06 00:00:00-04:00,22.200000762939453,22.21500015258789,22.200000762939453,22.21500015258789,400,0.0,0.0,0.0
2023-04-10 00:00:00-04:00,21.860000610351562,22.190000534057617,21.860000610351562,22.18000030517578,1100,0.0,0.0,0.0
2023-04-11 00:00:00-04:00,22.239999771118164,22.290000915527344,22.239999771118164,22.284000396728516,400,0.0,0.0,0.0
2023-04-12 00:00:00-04:00,22.489999771118164,22.489999771118164,22.424999237060547,22.424999237060547,400,0.0,0.0,0.0
2023-04-13 00:00:00-04:00,22.6299991607666,22.700000762939453,22.6299991607666,22.700000762939453,100,0.0,0.0,0.0
2023-04-14 00:00:00-04:00,22.709999084472656,22.709999084472656,22.610000610351562,22.665000915527344,1900,0.0,0.0,0.0
2023-04-17 00:00:00-04:00,22.5,22.524999618530273,22.440000534057617,22.524999618530273,1000,0.0,0.0,0.0
2023-04-18 00:00:00-04:00,22.639999389648438,22.735000610351562,22.639999389648438,22.735000610351562,300,0.0,0.0,0.0
2023-04-19 00:00:00-04:00,22.739999771118164,22.75,22.739999771118164,22.75,800,0.0,0.0,0.0
2023-04-20 00:00:00-04:00,22.579999923706055,22.579999923706055,22.549999237060547,22.559999465942383,900,0.0,0.0,0.0
2023-04-21 00:00:00-04:00,22.628999710083008,22.79400062561035,22.628999710083008,22.79400062561035,200,0.0,0.0,0.0
2023-04-24 00:00:00-04:00,22.84600067138672,22.84600067138672,22.84600067138672,22.84600067138672,100,0.0,0.0,0.0
2023-04-25 00:00:00-04:00,22.729999542236328,22.770000457763672,22.610000610351562,22.610000610351562,1300,0.0,0.0,0.0
2023-04-26 00:00:00-04:00,22.68899917602539,22.68899917602539,22.68899917602539,22.68899917602539,100,0.0,0.0,0.0
2023-04-27 00:00:00-04:00,22.733999252319336,22.829999923706055,22.719999313354492,22.829999923706055,1000,0.0,0.0,0.0
2023-04-28 00:00:00-04:00,22.90999984741211,22.940000534057617,22.905000686645508,22.905000686645508,800,0.0,0.0,0.0
2023-05-01 00:00:00-04:00,23.09000015258789,23.09000015258789,22.93000030517578,22.969999313354492,8300,0.0,0.0,0.0
2023-05-02 00:00:00-04:00,22.649999618530273,22.6560001373291,22.530000686645508,22.6560001373291,2900,0.0,0.0,0.0
2023-05-03 00:00:00-04:00,22.850000381469727,22.850000381469727,22.7450008392334,22.7450008392334,300,0.0,0.0,0.0
2023-05-04 00:00:00-04:00,22.59000015258789,22.700000762939453,22.59000015258789,22.64900016784668,800,0.0,0.0,0.0
2023-05-05 00:00:00-04:00,22.81999969482422,22.96299934387207,22.81999969482422,22.96299934387207,500,0.0,0.0,0.0
2023-05-08 00:00:00-04:00,22.940000534057617,22.940000534057617,22.9060001373291,22.9060001373291,300,0.0,0.0,0.0
2023-05-09 00:00:00-04:00,22.75,22.809999465942383,22.75,22.80500030517578,1500,0.0,0.0,0.0
2023-05-10 00:00:00-04:00,22.799999237060547,22.799999237060547,22.709999084472656,22.770000457763672,1200,0.0,0.0,0.0
2023-05-11 00:00:00-04:00,22.549999237060547,22.59000015258789,22.510000228881836,22.545000076293945,1200,0.0,0.0,0.0
2023-05-12 00:00:00-04:00,22.520000457763672,22.520000457763672,22.46500015258789,22.46500015258789,300,0.0,0.0,0.0
2023-05-15 00:00:00-04:00,22.461999893188477,22.59000015258789,22.459999084472656,22.59000015258789,1700,0.0,0.0,0.0
2023-05-16 00:00:00-04:00,22.469999313354492,22.520000457763672,22.43000030517578,22.43000030517578,2000,0.0,0.0,0.0
2023-05-17 00:00:00-04:00,22.450000762939453,22.569000244140625,22.450000762939453,22.569000244140625,900,0.0,0.0,0.0
2023-05-18 00:00:00-04:00,22.600000381469727,22.679000854492188,22.600000381469727,22.679000854492188,400,0.0,0.0,0.0
2023-05-19 00:00:00-04:00,22.850000381469727,22.889999389648438,22.850000381469727,22.854999542236328,300,0.0,0.0,0.0
2023-05-22 00:00:00-04:00,22.780000686645508,22.81999969482422,22.770000457763672,22.774999618530273,1800,0.0,0.0,0.0
2023-05-23 00:00:00-04:00,22.610000610351562,22.610000610351562,22.469999313354492,22.469999313354492,1000,0.0,0.0,0.0
2023-05-24 00:00:00-04:00,22.15999984741211,22.170000076293945,22.124000549316406,22.124000549316406,1500,0.0,0.0,0.0
2023-05-25 00:00:00-04:00,22.0,22.048999786376953,22.0,22.048999786376953,900,0.0,0.0,0.0
2023-05-26 00:00:00-04:00,22.079999923706055,22.229999542236328,22.079999923706055,22.229999542236328,400,0.0,0.0,0.0
2023-05-30 00:00:00-04:00,22.280000686645508,22.280000686645508,22.1299991607666,22.135000228881836,2800,0.0,0.0,0.0
2023-05-31 00:00:00-04:00,21.84000015258789,21.84000015258789,21.63599967956543,21.815000534057617,1400,0.0,0.0,0.0
2023-06-01 00:00:00-04:00,21.950000762939453,22.163000106811523,21.950000762939453,22.163000106811523,500,0.0,0.0,0.0
2023-06-02 00:00:00-04:00,22.3700008392334,22.3700008392334,22.275999069213867,22.275999069213867,200,0.0,0.0,0.0
2023-06-05 00:00:00-04:00,22.209999084472656,22.209999084472656,22.170000076293945,22.170000076293945,300,0.0,0.0,0.0
2023-06-06 00:00:00-04:00,22.170000076293945,22.239999771118164,22.170000076293945,22.239999771118164,500,0.0,0.0,0.0
2023-06-07 00:00:00-04:00,22.29400062561035,22.29400062561035,22.135000228881836,22.135000228881836,3100,0.0,0.0,0.0
2023-06-08 00:00:00-04:00,22.3799991607666,22.40999984741211,22.3799991607666,22.399999618530273,700,0.0,0.0,0.0
2023-06-09 00:00:00-04:00,22.292999267578125,22.292999267578125,22.239999771118164,22.239999771118164,600,0.0,0.0,0.0
2023-06-12 00:00:00-04:00,22.5,22.524999618530273,22.43000030517578,22.524999618530273,5700,0.0,0.0,0.0
2023-06-13 00:00:00-04:00,22.68000030517578,22.709999084472656,22.68000030517578,22.709999084472656,700,0.0,0.0,0.0
2023-06-14 00:00:00-04:00,22.920000076293945,22.979999542236328,22.899999618530273,22.899999618530273,1600,0.0,0.0,0.0
2023-06-15 00:00:00-04:00,22.93000030517578,23.200000762939453,22.93000030517578,23.148000717163086,1700,0.0,0.0,0.0
2023-06-16 00:00:00-04:00,22.68000030517578,22.68000030517578,22.469999313354492,22.469999313354492,3000,0.0,0.0,0.0
2023-06-20 00:00:00-04:00,22.170000076293945,22.170000076293945,22.06999969482422,22.139999389648438,1500,0.0,0.0,0.0
2023-06-21 00:00:00-04:00,22.010000228881836,22.114999771118164,21.975000381469727,22.079999923706055,2100,0.0,0.0,0.0
2023-06-22 00:00:00-04:00,22.0049991607666,22.049999237060547,22.0049991607666,22.035999298095703,1800,0.0,0.0,0.0
2023-06-23 00:00:00-04:00,21.84000015258789,22.270000457763672,21.69499969482422,21.69499969482422,1000,0.0,0.0,0.0
2023-06-26 00:00:00-04:00,21.739999771118164,21.760000228881836,21.719999313354492,21.75,600,0.0,0.0,0.0
2023-06-27 00:00:00-04:00,21.790000915527344,21.920000076293945,21.780000686645508,21.91200065612793,3400,0.0,0.0,0.0
2023-06-28 00:00:00-04:00,21.979999542236328,21.979999542236328,21.920000076293945,21.922000885009766,2000,0.0,0.0,0.0
2023-06-29 00:00:00-04:00,21.81999969482422,21.81999969482422,21.760000228881836,21.809999465942383,1100,0.0,0.0,0.0
2023-06-30 00:00:00-04:00,22.200000762939453,22.219999313354492,22.15999984741211,22.200000762939453,2700,0.0,0.0,0.0
2023-07-03 00:00:00-04:00,22.049999237060547,22.100000381469727,22.020000457763672,22.09000015258789,2600,0.0,0.0,0.0
2023-07-05 00:00:00-04:00,21.809999465942383,21.809999465942383,21.739999771118164,21.768999099731445,4200,0.0,0.0,0.0
2023-07-06 00:00:00-04:00,21.211999893188477,21.315000534057617,21.211999893188477,21.315000534057617,1200,0.0,0.0,0.0
2023-07-07 00:00:00-04:00,21.43600082397461,21.579999923706055,21.43600082397461,21.545000076293945,900,0.0,0.0,0.0
2023-07-10 00:00:00-04:00,21.6299991607666,21.67300033569336,21.6299991607666,21.67300033569336,100,0.0,0.0,0.0
2023-07-11 00:00:00-04:00,21.829999923706055,21.90999984741211,21.81999969482422,21.899999618530273,1000,0.0,0.0,0.0
2023-07-12 00:00:00-04:00,22.440000534057617,22.440000534057617,22.399999618530273,22.42099952697754,400,0.0,0.0,0.0
2023-07-13 00:00:00-04:00,22.780000686645508,22.823999404907227,22.780000686645508,22.823999404907227,200,0.0,0.0,0.0
2023-07-14 00:00:00-04:00,22.690000534057617,22.700000762939453,22.690000534057617,22.700000762939453,200,0.0,0.0,0.0
2023-07-17 00:00:00-04:00,22.719999313354492,22.760000228881836,22.719999313354492,22.760000228881836,300,0.0,0.0,0.0
2023-07-18 00:00:00-04:00,22.719999313354492,22.825000762939453,22.719999313354492,22.825000762939453,3100,0.0,0.0,0.0
2023-07-19 00:00:00-04:00,22.739999771118164,22.739999771118164,22.718000411987305,22.739999771118164,500,0.0,0.0,0.0
2023-07-20 00:00:00-04:00,22.760000228881836,22.760000228881836,22.540000915527344,22.584999084472656,1200,0.0,0.0,0.0
2023-07-21 00:00:00-04:00,22.625,22.625,22.625,22.625,0,0.0,0.0,0.0
2023-07-24 00:00:00-04:00,22.52899932861328,22.540000915527344,22.475000381469727,22.475000381469727,900,0.0,0.0,0.0
2023-07-25 00:00:00-04:00,22.489999771118164,22.559999465942383,22.489999771118164,22.559999465942383,1800,0.0,0.0,0.0
2023-07-26 00:00:00-04:00,22.43000030517578,22.600000381469727,22.43000030517578,22.520000457763672,1000,0.0,0.0,0.0
2023-07-27 00:00:00-04:00,22.790000915527344,22.809999465942383,22.597999572753906,22.597999572753906,900,0.0,0.0,0.0
2023-07-28 00:00:00-04:00,22.8799991607666,22.8799991607666,22.829999923706055,22.86199951171875,1800,0.0,0.0,0.0
2023-07-31 00:00:00-04:00,22.829999923706055,22.8799991607666,22.760000228881836,22.760000228881836,2400,0.0,0.0,0.0
2023-08-01 00:00:00-04:00,22.510000228881836,22.510000228881836,22.420000076293945,22.444000244140625,30200,0.0,0.0,0.0
2023-08-02 00:00:00-04:00,22.06999969482422,22.06999969482422,21.959999084472656,21.969999313354492,2500,0.0,0.0,0.0
2023-08-03 00:00:00-04:00,21.790000915527344,21.895999908447266,21.770000457763672,21.895999908447266,18700,0.0,0.0,0.0
2023-08-04 00:00:00-04:00,22.020000457763672,22.110000610351562,21.878999710083008,21.878999710083008,300,0.0,0.0,0.0
2023-08-07 00:00:00-04:00,22.040000915527344,22.100000381469727,22.040000915527344,22.100000381469727,100,0.0,0.0,0.0
2023-08-08 00:00:00-04:00,21.709999084472656,21.860000610351562,21.690000534057617,21.860000610351562,8200,0.0,0.0,0.0
2023-08-09 00:00:00-04:00,21.950000762939453,22.0,21.899999618530273,21.922000885009766,51200,0.0,0.0,0.0
2023-08-10 00:00:00-04:00,22.260000228881836,22.290000915527344,22.030000686645508,22.045000076293945,5600,0.0,0.0,0.0
2023-08-11 00:00:00-04:00,21.90999984741211,21.90999984741211,21.8439998626709,21.858999252319336,400,0.0,0.0,0.0
2023-08-14 00:00:00-04:00,21.850000381469727,21.920000076293945,21.850000381469727,21.885000228881836,700,0.0,0.0,0.0
2023-08-15 00:00:00-04:00,21.760000228881836,21.760000228881836,21.6299991607666,21.6299991607666,700,0.0,0.0,0.0
2023-08-16 00:00:00-04:00,21.709999084472656,21.709999084472656,21.56599998474121,21.56599998474121,400,0.0,0.0,0.0
2023-08-17 00:00:00-04:00,21.549999237060547,21.549999237060547,21.413999557495117,21.413999557495117,300,0.0,0.0,0.0
2023-08-18 00:00:00-04:00,21.360000610351562,21.39900016784668,21.360000610351562,21.39900016784668,800,0.0,0.0,0.0
2023-08-21 00:00:00-04:00,21.3700008392334,21.479999542236328,21.3700008392334,21.475000381469727,3700,0.0,0.0,0.0
2023-08-22 00:00:00-04:00,21.43000030517578,21.469999313354492,21.42799949645996,21.42799949645996,3400,0.0,0.0,0.0
2023-08-23 00:00:00-04:00,21.389999389648438,21.506999969482422,21.389999389648438,21.506999969482422,900,0.0,0.0,0.0
2023-08-24 00:00:00-04:00,21.299999237060547,21.31999969482422,21.167999267578125,21.167999267578125,400,0.0,0.0,0.0
2023-08-25 00:00:00-04:00,21.15999984741211,21.30299949645996,21.15999984741211,21.30299949645996,700,0.0,0.0,0.0
2023-08-28 00:00:00-04:00,21.41699981689453,21.485000610351562,21.41699981689453,21.485000610351562,1100,0.0,0.0,0.0
2023-08-29 00:00:00-04:00,21.621999740600586,21.829999923706055,21.621999740600586,21.829999923706055,1000,0.0,0.0,0.0
2023-08-30 00:00:00-04:00,21.82200050354004,21.829999923706055,21.799999237060547,21.799999237060547,3500,0.0,0.0,0.0
2023-08-31 00:00:00-04:00,21.81999969482422,21.81999969482422,21.7450008392334,21.7450008392334,800,0.0,0.0,0.0
2023-09-01 00:00:00-04:00,21.549999237060547,21.549999237060547,21.461000442504883,21.4950008392334,1700,0.0,0.0,0.0
2023-09-05 00:00:00-04:00,21.329999923706055,21.329999923706055,21.260000228881836,21.264999389648438,800,0.0,0.0,0.0
2023-09-06 00:00:00-04:00,21.200000762939453,21.21500015258789,21.190000534057617,21.21500015258789,1000,0.0,0.0,0.0
2023-09-07 00:00:00-04:00,21.149999618530273,21.149999618530273,21.075000762939453,21.114999771118164,2500,0.0,0.0,0.0
2023-09-08 00:00:00-04:00,21.174999237060547,21.174999237060547,21.10099983215332,21.10099983215332,300,0.0,0.0,0.0
2023-09-11 00:00:00-04:00,21.389999389648438,21.389999389648438,21.375,21.375,600,0.0,0.0,0.0
2023-09-12 00:00:00-04:00,21.204999923706055,21.204999923706055,21.204999923706055,21.204999923706055,0,0.0,0.0,0.0
2023-09-13 00:00:00-04:00,21.1299991607666,21.149999618530273,21.059999465942383,21.08099937438965,600,0.0,0.0,0.0
2023-09-14 00:00:00-04:00,21.121999740600586,21.34000015258789,21.121999740600586,21.260000228881836,3900,0.0,0.0,0.0
2023-09-15 00:00:00-04:00,21.34000015258789,21.360000610351562,21.229999542236328,21.277000427246094,3900,0.0,0.0,0.0
2023-09-18 00:00:00-04:00,21.100000381469727,21.149999618530273,21.100000381469727,21.131999969482422,1500,0.0,0.0,0.0
2023-09-19 00:00:00-04:00,21.059999465942383,21.09600067138672,21.040000915527344,21.09600067138672,400,0.0,0.0,0.0
2023-09-20 00:00:00-04:00,21.270000457763672,21.29599952697754,21.093000411987305,21.093000411987305,1000,0.0,0.0,0.0
2023-09-21 00:00:00-04:00,21.0,21.0,20.83300018310547,20.83300018310547,2200,0.0,0.0,0.0
2023-09-22 00:00:00-04:00,20.940000534057617,20.940000534057617,20.825000762939453,20.825000762939453,700,0.0,0.0,0.0
2023-09-25 00:00:00-04:00,20.579999923706055,20.597000122070312,20.540000915527344,20.597000122070312,800,0.0,0.0,0.0
2023-09-26 00:00:00-04:00,20.299999237060547,20.299999237060547,20.225000381469727,20.225000381469727,600,0.0,0.0,0.0
2023-09-27 00:00:00-04:00,20.260000228881836,20.260000228881836,20.065000534057617,20.190000534057617,1500,0.0,0.0,0.0
2023-09-28 00:00:00-04:00,20.200000762939453,20.40999984741211,20.200000762939453,20.35099983215332,500,0.0,0.0,0.0
2023-09-29 00:00:00-04:00,20.530000686645508,20.530000686645508,20.417999267578125,20.417999267578125,200,0.0,0.0,0.0
2023-10-02 00:00:00-04:00,20.06999969482422,20.149999618530273,20.06999969482422,20.079999923706055,4100,0.0,0.0,0.0
2023-10-03 00:00:00-04:00,19.8799991607666,19.90999984741211,19.809999465942383,19.875,9700,0.0,0.0,0.0
2023-10-04 00:00:00-04:00,19.969999313354492,20.0310001373291,19.969999313354492,20.0310001373291,200,0.0,0.0,0.0
2023-10-05 00:00:00-04:00,20.049999237060547,20.049999237060547,20.049999237060547,20.049999237060547,400,0.0,0.0,0.0
2023-10-06 00:00:00-04:00,20.0,20.365999221801758,20.0,20.360000610351562,600,0.0,0.0,0.0
2023-10-09 00:00:00-04:00,20.06999969482422,20.218000411987305,20.059999465942383,20.218000411987305,500,0.0,0.0,0.0
2023-10-10 00:00:00-04:00,20.510000228881836,20.59000015258789,20.510000228881836,20.545000076293945,6300,0.0,0.0,0.0
2023-10-11 00:00:00-04:00,20.65999984741211,20.670000076293945,20.56999969482422,20.635000228881836,1400,0.0,0.0,0.0
2023-10-12 00:00:00-04:00,20.469999313354492,20.469999313354492,20.360000610351562,20.360000610351562,400,0.0,0.0,0.0
2023-10-13 00:00:00-04:00,20.18000030517578,20.18000030517578,20.048999786376953,20.048999786376953,300,0.0,0.0,0.0
2023-10-16 00:00:00-04:00,20.224000930786133,20.261999130249023,20.224000930786133,20.261999130249023,700,0.0,0.0,0.0
2023-10-17 00:00:00-04:00,20.107999801635742,20.219999313354492,20.107999801635742,20.209999084472656,1400,0.0,0.0,0.0
2023-10-18 00:00:00-04:00,20.059999465942383,20.059999465942383,19.885000228881836,19.885000228881836,300,0.0,0.0,0.0
2023-10-19 00:00:00-04:00,19.950000762939453,19.950000762939453,19.850000381469727,19.864999771118164,2600,0.0,0.0,0.0
2023-10-20 00:00:00-04:00,19.739999771118164,19.760000228881836,19.659000396728516,19.659000396728516,25600,0.0,0.0,0.0
2023-10-23 00:00:00-04:00,19.600000381469727,19.790000915527344,19.600000381469727,19.73699951171875,800,0.0,0.0,0.0
2023-10-24 00:00:00-04:00,19.729999542236328,19.80500030517578,19.700000762939453,19.80500030517578,2000,0.0,0.0,0.0
2023-10-25 00:00:00-04:00,19.6200008392334,19.729999542236328,19.6200008392334,19.625,1200,0.0,0.0,0.0
2023-10-26 00:00:00-04:00,19.520000457763672,19.520000457763672,19.39299964904785,19.39299964904785,500,0.0,0.0,0.0
2023-10-27 00:00:00-04:00,19.520000457763672,19.520000457763672,19.33300018310547,19.33300018310547,500,0.0,0.0,0.0
2023-10-30 00:00:00-04:00,19.59600067138672,19.614999771118164,19.59000015258789,19.614999771118164,300,0.0,0.0,0.0
2023-10-31 00:00:00-04:00,19.65999984741211,19.66699981689453,19.60300064086914,19.66699981689453,1200,0.0,0.0,0.0
2023-11-01 00:00:00-04:00,19.709999084472656,19.801000595092773,19.709999084472656,19.801000595092773,5200,0.0,0.0,0.0
2023-11-02 00:00:00-04:00,20.25,20.270000457763672,20.21500015258789,20.21500015258789,500,0.0,0.0,0.0
2023-11-03 00:00:00-04:00,20.3700008392334,20.465999603271484,20.3700008392334,20.440000534057617,1500,0.0,0.0,0.0
2023-11-06 00:00:00-05:00,20.329999923706055,20.329999923706055,20.329999923706055,20.329999923706055,100,0.0,0.0,0.0
2023-11-07 00:00:00-05:00,20.297000885009766,20.334999084472656,20.297000885009766,20.334999084472656,300,0.0,0.0,0.0
2023-11-08 00:00:00-05:00,20.389999389648438,20.465999603271484,20.389999389648438,20.465999603271484,300,0.0,0.0,0.0
2023-11-09 00:00:00-05:00,20.6299991607666,20.690000534057617,20.482999801635742,20.482999801635742,1500,0.0,0.0,0.0
2023-11-10 00:00:00-05:00,20.395000457763672,20.565000534057617,20.395000457763672,20.565000534057617,3800,0.0,0.0,0.0
2023-11-13 00:00:00-05:00,20.469999313354492,20.625999450683594,20.450000762939453,20.614999771118164,2700,0.0,0.0,0.0
2023-11-14 00:00:00-05:00,21.0,21.290000915527344,21.0,21.290000915527344,5500,0.0,0.0,0.0
2023-11-15 00:00:00-05:00,21.450000762939453,21.450000762939453,21.43000030517578,21.430999755859375,11800,0.0,0.0,0.0
2023-11-16 00:00:00-05:00,21.559999465942383,21.559999465942383,21.489999771118164,21.549999237060547,700,0.0,0.0,0.0
2023-11-17 00:00:00-05:00,21.700000762939453,21.79400062561035,21.700000762939453,21.79400062561035,700,0.0,0.0,0.0
2023-11-20 00:00:00-05:00,21.829999923706055,21.889999389648438,21.829999923706055,21.889999389648438,21300,0.0,0.0,0.0
2023-11-21 00:00:00-05:00,21.829999923706055,21.829999923706055,21.76799964904785,21.76799964904785,200,0.0,0.0,0.0
2023-11-22 00:00:00-05:00,21.790000915527344,21.790000915527344,21.764999389648438,21.7810001373291,1000,0.0,0.0,0.0
2023-11-24 00:00:00-05:00,21.959999084472656,21.996999740600586,21.959999084472656,21.996999740600586,1200,0.0,0.0,0.0
2023-11-27 00:00:00-05:00,21.969999313354492,21.969999313354492,21.899999618530273,21.959999084472656,15500,0.0,0.0,0.0
2023-11-28 00:00:00-05:00,22.031999588012695,22.031999588012695,22.031999588012695,22.031999588012695,200,0.0,0.0,0.0
2023-11-29 00:00:00-05:00,22.270000457763672,22.270000457763672,22.264999389648438,22.264999389648438,700,0.0,0.0,0.0
2023-11-30 00:00:00-05:00,22.18000030517578,22.18000030517578,22.18000030517578,22.18000030517578,300,0.0,0.0,0.0
2023-12-01 00:00:00-05:00,22.410999298095703,22.410999298095703,22.400999069213867,22.400999069213867,500,0.0,0.0,0.0
2023-12-04 00:00:00-05:00,22.299999237060547,22.350000381469727,22.256000518798828,22.350000381469727,1300,0.0,0.0,0.0
2023-12-05 00:00:00-05:00,22.389999389648438,22.389999389648438,22.350000381469727,22.3799991607666,2900,0.0,0.0,0.0
2023-12-06 00:00:00-05:00,22.469999313354492,22.540000915527344,22.3799991607666,22.3799991607666,5300,0.0,0.0,0.0
2023-12-07 00:00:00-05:00,22.450000762939453,22.540000915527344,22.450000762939453,22.53700065612793,4700,0.0,0.0,0.0
2023-12-08 00:00:00-05:00,22.56999969482422,22.59000015258789,22.530000686645508,22.59000015258789,2400,0.0,0.0,0.0
2023-12-11 00:00:00-05:00,22.549999237060547,22.631000518798828,22.549999237060547,22.631000518798828,600,0.0,0.0,0.0
2023-12-12 00:00:00-05:00,22.670000076293945,22.68000030517578,22.649999618530273,22.65999984741211,8100,0.0,0.0,0.0
2023-12-13 00:00:00-05:00,22.600000381469727,22.975000381469727,22.600000381469727,22.975000381469727,8900,0.0,0.0,0.0
2023-12-14 00:00:00-05:00,23.1200008392334,23.1200008392334,23.003000259399414,23.09000015258789,4300,0.0,0.0,0.0
2023-12-15 00:00:00-05:00,22.940000534057617,22.940000534057617,22.849000930786133,22.849000930786133,600,0.0,0.0,0.0
2023-12-18 00:00:00-05:00,22.8700008392334,22.8700008392334,22.729999542236328,22.809999465942383,2100,0.0,0.0,0.0
2023-12-19 00:00:00-05:00,22.93000030517578,23.038999557495117,22.8799991607666,23.038999557495117,6500,0.0,0.0,0.0
2023-12-20 00:00:00-05:00,22.950000762939453,22.979999542236328,22.763999938964844,22.763999938964844,600,0.0,0.0,0.0
2023-12-21 00:00:00-05:00,22.950000762939453,23.0310001373291,22.950000762939453,23.0310001373291,1100,0.0,0.0,0.0
2023-12-22 00:00:00-05:00,23.0,23.011999130249023,22.969999313354492,23.011999130249023,600,0.0,0.0,0.0
2023-12-26 00:00:00-05:00,22.8799991607666,23.149999618530273,22.8799991607666,23.125,9800,0.0,0.0,0.0
2023-12-27 00:00:00-05:00,23.209999084472656,23.315000534057617,23.209999084472656,23.309999465942383,4700,0.0,0.0,0.0
2023-12-28 00:00:00-05:00,23.260000228881836,23.260000228881836,23.149999618530273,23.219999313354492,136700,0.0,0.0,0.0
2023-12-29 00:00:00-05:00,23.280000686645508,23.280000686645508,23.145999908447266,23.145999908447266,8400,0.0,0.0,0.0
2024-01-02 00:00:00-05:00,22.979999542236328,23.010000228881836,22.889999389648438,22.902999877929688,11100,0.0,0.0,0.0
2024-01-03 00:00:00-05:00,22.579999923706055,22.6299991607666,22.530000686645508,22.604999542236328,14500,0.0,0.0,0.0
2024-01-04 00:00:00-05:00,22.6299991607666,22.739999771118164,22.6299991607666,22.68400001525879,1000,0.0,0.0,0.0
2024-01-05 00:00:00-05:00,22.829999923706055,22.829999923706055,22.68000030517578,22.694000244140625,1800,0.0,0.0,0.0
2024-01-08 00:00:00-05:00,22.889999389648438,22.924999237060547,22.889999389648438,22.924999237060547,3000,0.0,0.0,0.0
2024-01-09 00:00:00-05:00,22.780000686645508,22.799999237060547,22.739999771118164,22.799999237060547,6100,0.0,0.0,0.0
2024-01-10 00:00:00-05:00,22.93000030517578,22.93000030517578,22.900999069213867,22.908000946044922,3100,0.0,0.0,0.0
2024-01-11 00:00:00-05:00,22.84000015258789,22.84000015258789,22.625,22.799999237060547,1300,0.0,0.0,0.0
2024-01-12 00:00:00-05:00,22.920000076293945,22.920000076293945,22.833999633789062,22.833999633789062,7100,0.0,0.0,0.0
2024-01-16 00:00:00-05:00,22.440000534057617,22.479999542236328,22.350000381469727,22.405000686645508,5300,0.0,0.0,0.0
2024-01-17 00:00:00-05:00,22.209999084472656,22.264999389648438,22.155000686645508,22.264999389648438,1400,0.0,0.0,0.0
2024-01-18 00:00:00-05:00,22.420000076293945,22.451000213623047,22.420000076293945,22.451000213623047,1700,0.0,0.0,0.0
2024-01-19 00:00:00-05:00,22.40999984741211,22.56100082397461,22.40999984741211,22.56100082397461,3000,0.0,0.0,0.0
2024-01-22 00:00:00-05:00,22.6299991607666,22.6299991607666,22.599000930786133,22.599000930786133,4200,0.0,0.0,0.0
2024-01-23 00:00:00-05:00,22.493999481201172,22.542999267578125,22.493999481201172,22.542999267578125,500,0.0,0.0,0.0
2024-01-24 00:00:00-05:00,23.020000457763672,23.059999465942383,22.90999984741211,22.90999984741211,2500,0.0,0.0,0.0
2024-01-25 00:00:00-05:00,22.8799991607666,22.881999969482422,22.8799991607666,22.881999969482422,200,0.0,0.0,0.0
2024-01-26 00:00:00-05:00,22.979999542236328,23.010000228881836,22.950000762939453,22.951000213623047,2600,0.0,0.0,0.0
2024-01-29 00:00:00-05:00,22.850000381469727,23.006000518798828,22.850000381469727,23.006000518798828,900,0.0,0.0,0.0
2024-01-30 00:00:00-05:00,22.979999542236328,22.979999542236328,22.93000030517578,22.976999282836914,1100,0.0,0.0,0.0
2024-01-31 00:00:00-05:00,22.889999389648438,22.940000534057617,22.683000564575195,22.683000564575195,700,0.0,0.0,0.0
2024-02-01 00:00:00-05:00,23.010000228881836,23.040000915527344,23.0049991607666,23.040000915527344,18300,0.0,0.0,0.0
2024-02-02 00:00:00-05:00,22.81999969482422,22.81999969482422,22.780000686645508,22.79800033569336,900,0.0,0.0,0.0
2024-02-05 00:00:00-05:00,22.719999313354492,22.760000228881836,22.649999618530273,22.760000228881836,1400,0.0,0.0,0.0
2024-02-06 00:00:00-05:00,22.8700008392334,22.895000457763672,22.860000610351562,22.885000228881836,6100,0.0,0.0,0.0
2024-02-07 00:00:00-05:00,22.93000030517578,22.93000030517578,22.763999938964844,22.84000015258789,5100,0.0,0.0,0.0
2024-02-08 00:00:00-05:00,22.860000610351562,22.860000610351562,22.81999969482422,22.860000610351562,900,0.0,0.0,0.0
2024-02-09 00:00:00-05:00,22.798999786376953,22.854999542236328,22.798999786376953,22.854999542236328,800,0.0,0.0,0.0
2024-02-12 00:00:00-05:00,22.922000885009766,22.922000885009766,22.889999389648438,22.89900016784668,2000,0.0,0.0,0.0
2024-02-13 00:00:00-05:00,22.56999969482422,22.56999969482422,22.469999313354492,22.474000930786133,500,0.0,0.0,0.0
2024-02-14 00:00:00-05:00,22.68000030517578,22.760000228881836,22.68000030517578,22.760000228881836,700,0.0,0.0,0.0
2024-02-15 00:00:00-05:00,22.959999084472656,23.049999237060547,22.899999618530273,23.04400062561035,6900,0.0,0.0,0.0
2024-02-16 00:00:00-05:00,23.100000381469727,23.108999252319336,23.04199981689453,23.04199981689453,2600,0.0,0.0,0.0
2024-02-20 00:00:00-05:00,23.139999389648438,23.139999389648438,23.06999969482422,23.09000015258789,2600,0.0,0.0,0.0
2024-02-21 00:00:00-05:00,23.177000045776367,23.177000045776367,23.177000045776367,23.177000045776367,200,0.0,0.0,0.0
2024-02-22 00:00:00-05:00,23.540000915527344,23.584999084472656,23.540000915527344,23.584999084472656,300,0.0,0.0,0.0
2024-02-23 00:00:00-05:00,23.6200008392334,23.6200008392334,23.549999237060547,23.586000442504883,600,0.0,0.0,0.0
2024-02-26 00:00:00-05:00,23.65999984741211,23.65999984741211,23.65999984741211,23.65999984741211,400,0.0,0.0,0.0
2024-02-27 00:00:00-05:00,23.790000915527344,23.84000015258789,23.790000915527344,23.84000015258789,3400,0.0,0.0,0.0
2024-02-28 00:00:00-05:00,23.774999618530273,23.774999618530273,23.774999618530273,23.774999618530273,400,0.0,0.0,0.0
2024-02-29 00:00:00-05:00,23.875,23.90999984741211,23.860000610351562,23.90999984741211,900,0.0,0.0,0.0
2024-03-01 00:00:00-05:00,23.969999313354492,24.027999877929688,23.969999313354492,24.014999389648438,1100,0.0,0.0,0.0
2024-03-04 00:00:00-05:00,23.966999053955078,23.966999053955078,23.966999053955078,23.966999053955078,400,0.0,0.0,0.0
2024-03-05 00:00:00-05:00,23.979999542236328,24.010000228881836,23.856000900268555,23.909000396728516,3500,0.0,0.0,0.0
2024-03-06 00:00:00-05:00,24.040000915527344,24.100000381469727,24.013999938964844,24.059999465942383,5100,0.0,0.0,0.0
2024-03-07 00:00:00-05:00,24.200000762939453,24.489999771118164,24.200000762939453,24.454999923706055,10000,0.0,0.0,0.0
2024-03-08 00:00:00-05:00,24.3799991607666,24.399999618530273,24.229999542236328,24.229999542236328,5500,0.0,0.0,0.0
2024-03-11 00:00:00-04:00,24.1299991607666,24.267000198364258,24.1299991607666,24.267000198364258,2200,0.0,0.0,0.0
2024-03-12 00:00:00-04:00,24.520999908447266,24.6299991607666,24.520999908447266,24.593000411987305,2800,0.0,0.0,0.0
2024-03-13 00:00:00-04:00,24.6299991607666,24.690000534057617,24.599000930786133,24.670000076293945,3900,0.0,0.0,0.0
2024-03-14 00:00:00-04:00,24.479999542236328,24.479999542236328,24.350000381469727,24.37299919128418,4600,0.0,0.0,0.0
2024-03-15 00:00:00-04:00,24.420000076293945,24.479999542236328,24.360000610351562,24.479999542236328,19200,0.0,0.0,0.0
2024-03-18 00:00:00-04:00,24.309999465942383,24.350000381469727,24.267000198364258,24.30500030517578,8600,0.0,0.0,0.0
2024-03-19 00:00:00-04:00,24.270000457763672,24.389999389648438,24.270000457763672,24.360000610351562,6700,0.0,0.0,0.0
2024-03-20 00:00:00-04:00,24.31999969482422,24.690000534057617,24.31999969482422,24.674999237060547,3300,0.0,0.0,0.0
2024-03-21 00:00:00-04:00,24.540000915527344,24.6200008392334,24.540000915527344,24.577999114990234,6100,0.0,0.0,0.0
2024-03-22 00:00:00-04:00,24.530000686645508,24.56999969482422,24.5049991607666,24.540000915527344,11300,0.0,0.0,0.0
2024-03-25 00:00:00-04:00,24.670000076293945,24.73900032043457,24.652000427246094,24.672000885009766,9200,0.0,0.0,0.0
2024-03-26 00:00:00-04:00,24.829999923706055,24.860000610351562,24.780000686645508,24.784000396728516,7900,0.0,0.0,0.0
2024-03-27 00:00:00-04:00,24.89699935913086,25.010000228881836,24.89699935913086,24.979999542236328,5800,0.0,0.0,0.0
2024-03-28 00:00:00-04:00,24.899999618530273,24.979999542236328,24.8799991607666,24.940000534057617,5200,0.0,0.0,0.0
2024-04-01 00:00:00-04:00,24.815000534057617,25.139999389648438,24.815000534057617,24.979999542236328,25500,0.0,0.0,0.0
2024-04-02 00:00:00-04:00,24.600000381469727,24.780000686645508,24.575000762939453,24.65999984741211,30700,0.0,0.0,0.0
2024-04-03 00:00:00-04:00,24.709999084472656,24.889999389648438,24.709999084472656,24.889999389648438,11700,0.0,0.0,0.0
2024-04-04 00:00:00-04:00,24.959999084472656,25.020000457763672,24.64299964904785,24.700000762939453,6100,0.0,0.0,0.0
2024-04-05 00:00:00-04:00,24.540000915527344,24.65999984741211,24.479999542236328,24.65999984741211,11900,0.0,0.0,0.0
2024-04-08 00:00:00-04:00,24.770000457763672,24.850000381469727,24.756999969482422,24.829999923706055,8700,0.0,0.0,0.0
2024-04-09 00:00:00-04:00,24.709999084472656,24.709999084472656,24.520000457763672,24.579999923706055,500,0.0,0.0,0.0
2024-04-10 00:00:00-04:00,24.260000228881836,24.3700008392334,24.25,24.34000015258789,20900,0.0,0.0,0.0
2024-04-11 00:00:00-04:00,24.239999771118164,24.239999771118164,23.979999542236328,24.239999771118164,8800,0.0,0.0,0.0
2024-04-12 00:00:00-04:00,23.989999771118164,23.989999771118164,23.69499969482422,23.719999313354492,6800,0.0,0.0,0.0
2024-04-15 00:00:00-04:00,24.09000015258789,24.09000015258789,23.74799919128418,23.774999618530273,10300,0.0,0.0,0.0
2024-04-16 00:00:00-04:00,23.6200008392334,23.6299991607666,23.489999771118164,23.559999465942383,8000,0.0,0.0,0.0
2024-04-17 00:00:00-04:00,23.56999969482422,23.719999313354492,23.559999465942383,23.700000762939453,2000,0.0,0.0,0.0
2024-04-18 00:00:00-04:00,23.65999984741211,23.700000762939453,23.540000915527344,23.610000610351562,6800,0.0,0.0,0.0
2024-04-19 00:00:00-04:00,23.6299991607666,23.639999389648438,23.488000869750977,23.600000381469727,9400,0.0,0.0,0.0
2024-04-22 00:00:00-04:00,23.649999618530273,23.950000762939453,23.649999618530273,23.920000076293945,12500,0.0,0.0,0.0
2024-04-23 00:00:00-04:00,24.149999618530273,24.280000686645508,24.149999618530273,24.280000686645508,3600,0.0,0.0,0.0
2024-04-24 00:00:00-04:00,24.1299991607666,24.219999313354492,24.110000610351562,24.219999313354492,4500,0.0,0.0,0.0
2024-04-25 00:00:00-04:00,23.959999084472656,24.139999389648438,23.959999084472656,24.139999389648438,7100,0.0,0.0,0.0
2024-04-26 00:00:00-04:00,24.290000915527344,24.389999389648438,24.25,24.360000610351562,2300,0.0,0.0,0.0
2024-04-29 00:00:00-04:00,24.270000457763672,24.34000015258789,24.270000457763672,24.295000076293945,2000,0.0,0.0,0.0
2024-04-30 00:00:00-04:00,24.17799949645996,24.17799949645996,23.959999084472656,23.959999084472656,6900,0.0,0.0,0.0
2024-05-01 00:00:00-04:00,23.90999984741211,24.219999313354492,23.8439998626709,23.8439998626709,3700,0.0,0.0,0.0
2024-05-02 00:00:00-04:00,23.924999237060547,24.139999389648438,23.924999237060547,24.139999389648438,4700,0.0,0.0,0.0
2024-05-03 00:00:00-04:00,24.382999420166016,24.420000076293945,24.290000915527344,24.420000076293945,7100,0.0,0.0,0.0
2024-05-06 00:00:00-04:00,24.530000686645508,24.600000381469727,24.530000686645508,24.545000076293945,1200,0.0,0.0,0.0
2024-05-07 00:00:00-04:00,24.739999771118164,24.829999923706055,24.739999771118164,24.780000686645508,700,0.0,0.0,0.0
2024-05-08 00:00:00-04:00,24.850000381469727,24.850000381469727,24.820999145507812,24.820999145507812,600,0.0,0.0,0.0
2024-05-09 00:00:00-04:00,25.0,25.110000610351562,25.0,25.110000610351562,3700,0.0,0.0,0.0
2024-05-10 00:00:00-04:00,25.200000762939453,25.25,25.18000030517578,25.18000030517578,3700,0.0,0.0,0.0
2024-05-13 00:00:00-04:00,25.24799919128418,25.274999618530273,25.190000534057617,25.260000228881836,7700,0.0,0.0,0.0
2024-05-14 00:00:00-04:00,25.399999618530273,25.399999618530273,25.329999923706055,25.3700008392334,3700,0.0,0.0,0.0
2024-05-15 00:00:00-04:00,25.6299991607666,25.68000030517578,25.579999923706055,25.641000747680664,2200,0.0,0.0,0.0
2024-05-16 00:00:00-04:00,25.424999237060547,25.489999771118164,25.389999389648438,25.43400001525879,2200,0.0,0.0,0.0
2024-05-17 00:00:00-04:00,25.3700008392334,25.459999084472656,25.3700008392334,25.459999084472656,2900,0.0,0.0,0.0
2024-05-20 00:00:00-04:00,25.459999084472656,25.469999313354492,25.44499969482422,25.44499969482422,2000,0.0,0.0,0.0
2024-05-21 00:00:00-04:00,25.34000015258789,25.40999984741211,25.336999893188477,25.386999130249023,8000,0.0,0.0,0.0
2024-05-22 00:00:00-04:00,25.280000686645508,25.290000915527344,25.139999389648438,25.139999389648438,4700,0.0,0.0,0.0
2024-05-23 00:00:00-04:00,25.264999389648438,25.264999389648438,25.040000915527344,25.049999237060547,2300,0.0,0.0,0.0
2024-05-24 00:00:00-04:00,25.239999771118164,25.360000610351562,25.239999771118164,25.290000915527344,8900,0.0,0.0,0.0
2024-05-28 00:00:00-04:00,25.329999923706055,25.329999923706055,25.285999298095703,25.31999969482422,1300,0.0,0.0,0.0
2024-05-29 00:00:00-04:00,25.010000228881836,25.010000228881836,24.90999984741211,24.90999984741211,1200,0.0,0.0,0.0
2024-05-30 00:00:00-04:00,24.979999542236328,24.989999771118164,24.915000915527344,24.93000030517578,3200,0.0,0.0,0.0
2024-05-31 00:00:00-04:00,24.989999771118164,25.170000076293945,24.969999313354492,25.170000076293945,6200,0.0,0.0,0.0
2024-06-03 00:00:00-04:00,25.25,25.25,25.139999389648438,25.19499969482422,3500,0.0,0.0,0.0
2024-06-04 00:00:00-04:00,25.190000534057617,25.190000534057617,25.0,25.06999969482422,4100,0.0,0.0,0.0
2024-06-05 00:00:00-04:00,25.209999084472656,25.280000686645508,25.209999084472656,25.280000686645508,1200,0.0,0.0,0.0
2024-06-06 00:00:00-04:00,25.309999465942383,25.31999969482422,25.309999465942383,25.31999969482422,500,0.0,0.0,0.0
2024-06-07 00:00:00-04:00,25.09000015258789,25.110000610351562,25.0,25.042999267578125,1200,0.0,0.0,0.0
2024-06-10 00:00:00-04:00,24.760000228881836,24.899999618530273,24.739999771118164,24.899999618530273,1700,0.0,0.0,0.0
2024-06-11 00:00:00-04:00,24.600000381469727,24.670000076293945,24.600000381469727,24.670000076293945,1000,0.0,0.0,0.0
2024-06-12 00:00:00-04:00,25.260000228881836,25.260000228881836,25.111000061035156,25.111000061035156,3100,0.0,0.0,0.0
2024-06-13 00:00:00-04:00,24.739999771118164,24.739999771118164,24.510000228881836,24.549999237060547,2000,0.0,0.0,0.0
2024-06-14 00:00:00-04:00,24.0,24.09000015258789,24.0,24.075000762939453,2800,0.0,0.0,0.0
2024-06-17 00:00:00-04:00,24.15999984741211,24.31999969482422,24.15999984741211,24.31999969482422,7600,0.0,0.0,0.0
2024-06-18 00:00:00-04:00,24.25,24.25,24.170000076293945,24.190000534057617,9200,0.0,0.0,0.0
2024-06-20 00:00:00-04:00,24.309999465942383,24.420000076293945,24.309999465942383,24.420000076293945,11300,0.0,0.0,0.0
2024-06-21 00:00:00-04:00,23.729999542236328,23.729999542236328,23.520000457763672,23.649999618530273,11300,0.0,0.0,0.0
2024-06-24 00:00:00-04:00,23.889999389648438,23.940000534057617,23.8700008392334,23.905000686645508,4200,0.0,0.0,0.0
2024-06-25 00:00:00-04:00,23.790000915527344,23.840999603271484,23.729999542236328,23.809999465942383,2400,0.0,0.0,0.0
2024-06-26 00:00:00-04:00,23.790000915527344,23.799999237060547,23.739999771118164,23.795000076293945,2500,0.0,0.0,0.0
2024-06-27 00:00:00-04:00,23.93000030517578,24.010000228881836,23.93000030517578,23.950000762939453,2600,0.0,0.0,0.0
2024-06-28 00:00:00-04:00,23.959999084472656,24.0049991607666,23.959999084472656,23.989999771118164,2200,0.0,0.0,0.0
2024-07-01 00:00:00-04:00,24.1200008392334,24.1200008392334,24.020000457763672,24.114999771118164,1100,0.0,0.0,0.0
2024-07-02 00:00:00-04:00,23.860000610351562,23.934999465942383,23.850000381469727,23.934999465942383,1500,0.0,0.0,0.0
2024-07-03 00:00:00-04:00,24.299999237060547,24.304000854492188,24.274999618530273,24.304000854492188,1700,0.0,0.0,0.0
2024-07-05 00:00:00-04:00,24.395000457763672,24.594999313354492,24.395000457763672,24.594999313354492,2300,0.0,0.0,0.0
2024-07-08 00:00:00-04:00,24.59000015258789,24.59000015258789,24.469999313354492,24.489999771118164,2000,0.0,0.0,0.0
2024-07-09 00:00:00-04:00,24.25,24.25,24.139999389648438,24.219999313354492,3600,0.0,0.0,0.0
2024-07-10 00:00:00-04:00,24.389999389648438,24.459999084472656,24.389999389648438,24.440000534057617,1600,0.0,0.0,0.0
2024-07-11 00:00:00-04:00,24.708999633789062,24.7189998626709,24.6299991607666,24.704999923706055,3700,0.0,0.0,0.0
2024-07-12 00:00:00-04:00,24.94499969482422,25.059999465942383,24.94499969482422,24.985000610351562,2100,0.0,0.0,0.0
2024-07-15 00:00:00-04:00,24.78499984741211,24.78499984741211,24.774999618530273,24.774999618530273,800,0.0,0.0,0.0
2024-07-16 00:00:00-04:00,24.6200008392334,24.7549991607666,24.6200008392334,24.7549991607666,1300,0.0,0.0,0.0
2024-07-17 00:00:00-04:00,24.66200065612793,24.68000030517578,24.635000228881836,24.670000076293945,2500,0.0,0.0,0.0
2024-07-18 00:00:00-04:00,24.53499984741211,24.6299991607666,24.520000457763672,24.559999465942383,2900,0.0,0.0,0.0
2024-07-19 00:00:00-04:00,24.299999237060547,24.299999237060547,24.204999923706055,24.280000686645508,2000,0.0,0.0,0.0
2024-07-22 00:00:00-04:00,24.594999313354492,24.670000076293945,24.594999313354492,24.665000915527344,4400,0.0,0.0,0.0
2024-07-23 00:00:00-04:00,24.690000534057617,24.729999542236328,24.690000534057617,24.709999084472656,1300,0.0,0.0,0.0
2024-07-24 00:00:00-04:00,24.549999237060547,24.549999237060547,24.399999618530273,24.450000762939453,4800,0.0,0.0,0.0
2024-07-25 00:00:00-04:00,24.25,24.440000534057617,24.229999542236328,24.290000915527344,1500,0.0,0.0,0.0
2024-07-26 00:00:00-04:00,24.549999237060547,24.559999465942383,24.549999237060547,24.559999465942383,3400,0.0,0.0,0.0
2024-07-29 00:00:00-04:00,24.43000030517578,24.43000030517578,24.270000457763672,24.371999740600586,2900,0.0,0.0,0.0
2024-07-30 00:00:00-04:00,24.399999618530273,24.405000686645508,24.327999114990234,24.405000686645508,87900,0.0,0.0,0.0
2024-07-31 00:00:00-04:00,24.440000534057617,24.5,24.386999130249023,24.386999130249023,37300,0.0,0.0,0.0
2024-08-01 00:00:00-04:00,24.110000610351562,24.110000610351562,23.770000457763672,23.770000457763672,5300,0.0,0.0,0.0
2024-08-02 00:00:00-04:00,23.59600067138672,23.611000061035156,23.59600067138672,23.611000061035156,600,0.0,0.0,0.0
2024-08-05 00:00:00-04:00,23.18000030517578,23.264999389648438,23.174999237060547,23.174999237060547,3200,0.0,0.0,0.0
2024-08-06 00:00:00-04:00,23.239999771118164,23.239999771118164,23.152000427246094,23.152000427246094,400,0.0,0.0,0.0
2024-08-07 00:00:00-04:00,23.479999542236328,23.479999542236328,23.239999771118164,23.25,66300,0.0,0.0,0.0
2024-08-08 00:00:00-04:00,23.530000686645508,23.59000015258789,23.530000686645508,23.582000732421875,700,0.0,0.0,0.0
2024-08-09 00:00:00-04:00,23.701000213623047,23.701000213623047,23.701000213623047,23.701000213623047,300,0.0,0.0,0.0
2024-08-12 00:00:00-04:00,23.68000030517578,23.68000030517578,23.6299991607666,23.643999099731445,1400,0.0,0.0,0.0
2024-08-13 00:00:00-04:00,23.770000457763672,23.985000610351562,23.770000457763672,23.985000610351562,2100,0.0,0.0,0.0
2024-08-14 00:00:00-04:00,24.094999313354492,24.094999313354492,24.094999313354492,24.094999313354492,200,0.0,0.0,0.0
2024-08-15 00:00:00-04:00,24.385000228881836,24.385000228881836,24.385000228881836,24.385000228881836,100,0.0,0.0,0.0
2024-08-16 00:00:00-04:00,24.576000213623047,24.582000732421875,24.520000457763672,24.569000244140625,6200,0.0,0.0,0.0
2024-08-19 00:00:00-04:00,24.84000015258789,24.8799991607666,24.809999465942383,24.8799991607666,800,0.0,0.0,0.0
2024-08-20 00:00:00-04:00,24.8700008392334,24.8700008392334,24.790000915527344,24.860000610351562,900,0.0,0.0,0.0
2024-08-21 00:00:00-04:00,25.020000457763672,25.139999389648438,24.979999542236328,25.084999084472656,2800,0.0,0.0,0.0
2024-08-22 00:00:00-04:00,25.100000381469727,25.100000381469727,24.989999771118164,25.0049991607666,7400,0.0,0.0,0.0
2024-08-23 00:00:00-04:00,25.399999618530273,25.420000076293945,25.357999801635742,25.420000076293945,800,0.0,0.0,0.0
2024-08-26 00:00:00-04:00,25.299999237060547,25.31999969482422,25.299999237060547,25.312000274658203,400,0.0,0.0,0.0
2024-08-27 00:00:00-04:00,25.450000762939453,25.489999771118164,25.40399932861328,25.45800018310547,1900,0.0,0.0,0.0
2024-08-28 00:00:00-04:00,25.5,25.5,25.34000015258789,25.420000076293945,700,0.0,0.0,0.0
2024-08-29 00:00:00-04:00,25.540000915527344,25.540000915527344,25.424999237060547,25.424999237060547,800,0.0,0.0,0.0
2024-08-30 00:00:00-04:00,25.610000610351562,25.610000610351562,25.540000915527344,25.540000915527344,400,0.0,0.0,0.0
2024-09-03 00:00:00-04:00,25.329999923706055,25.389999389648438,25.299999237060547,25.332000732421875,17300,0.0,0.0,0.0
2024-09-04 00:00:00-04:00,25.31999969482422,25.31999969482422,25.209999084472656,25.30299949645996,13500,0.0,0.0,0.0
2024-09-05 00:00:00-04:00,25.360000610351562,25.3700008392334,25.35099983215332,25.35099983215332,400,0.0,0.0,0.0
2024-09-06 00:00:00-04:00,25.214000701904297,25.214000701904297,24.93000030517578,24.93000030517578,500,0.0,0.0,0.0
2024-09-09 00:00:00-04:00,25.020000457763672,25.020000457763672,24.951000213623047,24.9950008392334,8800,0.0,0.0,0.0
2024-09-10 00:00:00-04:00,24.65999984741211,24.76099967956543,24.6200008392334,24.76099967956543,1400,0.0,0.0,0.0
2024-09-11 00:00:00-04:00,24.68000030517578,24.926000595092773,24.68000030517578,24.926000595092773,200,0.0,0.0,0.0
2024-09-12 00:00:00-04:00,24.959999084472656,25.170000076293945,24.959999084472656,25.170000076293945,700,0.0,0.0,0.0
2024-09-13 00:00:00-04:00,25.299999237060547,25.43000030517578,25.299999237060547,25.36400032043457,5400,0.0,0.0,0.0
2024-09-16 00:00:00-04:00,25.459999084472656,25.541000366210938,25.459999084472656,25.541000366210938,500,0.0,0.0,0.0
2024-09-17 00:00:00-04:00,25.639999389648438,25.639999389648438,25.5049991607666,25.52400016784668,1100,0.0,0.0,0.0
2024-09-18 00:00:00-04:00,25.639999389648438,25.809999465942383,25.58799934387207,25.6200008392334,1700,0.0,0.0,0.0
2024-09-19 00:00:00-04:00,26.038000106811523,26.038000106811523,26.038000106811523,26.038000106811523,700,0.0,0.0,0.0
2024-09-20 00:00:00-04:00,25.649999618530273,25.709999084472656,25.649999618530273,25.709999084472656,4692,0.0,0.0,0.0
