Date,Open,High,Low,Close,Volume,Dividends,Stock Splits
2006-07-07 00:00:00-04:00,32.4248850415689,36.74820304711142,30.13352627873604,30.407337188720703,115300,0.0,0.0
2006-07-10 00:00:00-04:00,31.70433586637314,31.776390075683594,29.564292315811546,31.776390075683594,36700,0.0,0.0
2006-07-11 00:00:00-04:00,31.783597446588495,31.783597446588495,31.63228195638955,31.704336166381836,56100,0.0,0.0
2006-07-12 00:00:00-04:00,31.884475708007816,31.884475708007816,31.740364533600445,31.884475708007812,24100,0.0,0.0
2006-07-13 00:00:00-04:00,32.06461305745256,33.14544271107456,31.28641438747259,31.59625244140625,41300,0.0,0.0
2006-07-14 00:00:00-04:00,31.394489844528362,31.88446603972336,30.98377490865773,31.344051361083984,8100,0.0,0.0
2006-07-17 00:00:00-04:00,31.704327813510236,31.704327813510236,31.336847041459585,31.344051361083984,7100,0.0,0.0
2006-07-18 00:00:00-04:00,31.524191616456065,31.524191616456065,30.80363866522278,31.019804000854492,7500,0.0,0.0
2006-07-19 00:00:00-04:00,31.264800919607676,31.344062206357027,30.98378562927246,30.98378562927246,17000,0.0,0.0
2006-07-20 00:00:00-04:00,31.142297206319174,31.163912913730183,31.127885818481445,31.127885818481445,1500,0.0,0.0
2006-07-21 00:00:00-04:00,31.163927000259534,31.632287696272194,30.882911682128906,30.882911682128906,50500,0.0,0.0
2006-07-24 00:00:00-04:00,31.149506858418228,33.231904655363046,30.767614635760868,32.06460952758789,2700,0.0,0.0
2006-07-25 00:00:00-04:00,30.9693716799545,32.42488926107233,30.9693716799545,31.704336166381836,9600,0.0,0.0
2006-07-26 00:00:00-04:00,31.524200494899308,31.70433878344159,30.98378562927246,30.98378562927246,3900,0.0,0.0
2006-07-27 00:00:00-04:00,31.163923917814742,31.163923917814742,30.98378562927246,30.98378562927246,400,0.0,0.0
2006-07-28 00:00:00-04:00,31.704340247742856,31.704340247742856,31.689928854150807,31.69713592529297,300,0.0,0.0
2006-07-31 00:00:00-04:00,30.80365000452314,30.80365000452314,29.72282017980303,30.263235092163086,9800,0.0,0.0
2006-08-01 00:00:00-04:00,30.263235092163082,31.70434152512323,30.083096788043065,30.263235092163086,41500,0.0,0.0
2006-08-02 00:00:00-04:00,30.263233042779042,30.270437365031327,30.047067642211918,30.047067642211914,20400,0.0,0.0
2006-08-03 00:00:00-04:00,29.902958483923047,30.61630737766297,29.5570932698557,30.263235092163086,108100,0.0,0.0
2006-08-04 00:00:00-04:00,30.26322679634554,30.443365051085692,29.902950286865234,29.902950286865234,103400,0.0,0.0
2006-08-07 00:00:00-04:00,29.614722617719686,29.90294487259464,29.542668428346513,29.79486083984375,14600,0.0,0.0
2006-08-08 00:00:00-04:00,29.722819483899244,29.902957783801664,29.542681183996827,29.686792373657227,130900,0.0,0.0
2006-08-09 00:00:00-04:00,29.686782956036218,29.686782956036218,29.362533569335934,29.362533569335938,800,0.0,0.0
2006-08-10 00:00:00-04:00,29.643558730065816,29.643558730065816,29.31930923461914,29.31930923461914,2400,0.0,0.0
2006-08-11 00:00:00-04:00,29.182404047123132,29.182404047123132,28.807716060378727,28.850950241088867,14400,0.0,0.0
2006-08-14 00:00:00-04:00,32.42488177785154,32.42488177785154,28.51948622531324,28.750062942504883,13400,0.0,0.0
2006-08-15 00:00:00-04:00,28.750075423300174,28.750075423300174,28.461853027343754,28.46185302734375,1400,0.0,0.0
2006-08-16 00:00:00-04:00,28.822117633491352,28.822117633491352,28.029510498046875,28.029510498046875,1500,0.0,0.0
2006-08-17 00:00:00-04:00,28.96623068998406,28.96623068998406,27.748494380149467,28.159212112426758,17700,0.0,0.0
2006-08-18 00:00:00-04:00,28.82211954253309,29.542672531096418,28.101566553969764,28.159212112426758,9000,0.0,0.0
2006-08-21 00:00:00-04:00,28.101581573486328,28.101581573486328,28.101581573486328,28.101581573486328,800,0.0,0.0
2006-08-22 00:00:00-04:00,29.54267363335676,29.54267363335676,28.281705856323242,28.281705856323242,600,0.0,0.0
2006-08-23 00:00:00-04:00,28.82213190109374,28.82213190109374,28.1015786035664,28.735666275024414,3300,0.0,0.0
2006-08-24 00:00:00-04:00,27.66924580548029,28.029522429256374,26.667674482481072,27.381023406982422,35900,0.0,0.0
2006-08-25 00:00:00-04:00,27.381020700386443,27.381020700386443,27.344993591308594,27.344993591308594,1000,0.0,0.0
2006-08-28 00:00:00-04:00,27.200887309619944,27.381025636173717,27.200887309619944,27.308971405029297,1600,0.0,0.0
2006-08-29 00:00:00-04:00,28.101578942388816,28.101578942388816,27.308971405029297,27.308971405029297,3300,0.0,0.0
2006-08-30 00:00:00-04:00,28.094374618751463,28.094374618751463,27.308971405029297,27.308971405029297,2500,0.0,0.0
2006-08-31 00:00:00-04:00,27.344989539754206,27.38101664349412,26.30018703914567,27.25852394104004,138800,0.0,0.0
2006-09-01 00:00:00-04:00,27.381017218312603,27.784527935269445,27.23690605163574,27.236906051635742,5900,0.0,0.0
2006-09-05 00:00:00-04:00,27.208094015107847,27.698070526123047,27.208094015107847,27.698070526123047,300,0.0,0.0
2006-09-06 00:00:00-04:00,27.402639124827385,27.402639124827385,27.381023406982422,27.381023406982422,1500,0.0,0.0
2006-09-07 00:00:00-04:00,27.381021765140627,27.45307598609827,27.381021765140627,27.402637481689453,1600,0.0,0.0
2006-09-08 00:00:00-04:00,27.734092509125773,28.007900732558603,27.02074366689518,27.200881958007812,37300,0.0,0.0
2006-09-11 00:00:00-04:00,27.215295933785963,27.215295933785963,27.0207462310791,27.0207462310791,1200,0.0,0.0
2006-09-12 00:00:00-04:00,28.101573413570986,28.101573413570986,27.200881958007812,27.200881958007812,2800,0.0,0.0
2006-09-13 00:00:00-04:00,27.09279788386336,27.294554639020195,26.955893772146943,27.200881958007812,18500,0.0,0.0
2006-09-14 00:00:00-04:00,27.726888368204886,27.726888368204886,27.244119016379454,27.359407424926758,300,0.0,0.0
2006-09-15 00:00:00-04:00,27.402641554278404,27.87820662987757,27.063983367015183,27.741302490234375,41800,0.0,0.0
2006-09-18 00:00:00-04:00,27.89981727936327,28.822124379939915,27.89981727936327,28.000694274902344,153000,0.0,0.0
2006-09-19 00:00:00-04:00,27.993486135241124,27.993486135241124,27.97187042236328,27.97187042236328,400,0.0,0.0
2006-09-20 00:00:00-04:00,27.849382222336253,27.849382222336253,27.633214063825925,27.726886749267578,56400,0.0,0.0
2006-09-21 00:00:00-04:00,28.094363842936307,28.519490240490335,27.93584129678989,28.23126792907715,352400,0.0,0.0
2006-09-22 00:00:00-04:00,28.317732957357304,29.276069787274757,28.281705856323242,28.281705856323242,15100,0.0,0.0
2006-09-25 00:00:00-04:00,28.45463978945501,28.461844110185172,28.173621804529436,28.281705856323242,184800,0.0,0.0
2006-09-26 00:00:00-04:00,28.641990897336203,28.68522508067278,28.28171428227537,28.31774139404297,95600,0.0,0.0
2006-09-27 00:00:00-04:00,28.288920782717245,29.002269744873047,28.288920782717245,29.002269744873047,172400,0.0,0.0
2006-09-28 00:00:00-04:00,28.822133768476498,30.061486400102705,28.742872460822326,30.054279327392578,253400,0.0,0.0
2006-09-29 00:00:00-04:00,30.083091068369026,32.23033891538204,30.083091068369026,31.949323654174805,154500,0.0,0.0
2006-10-02 00:00:00-04:00,32.42488843855113,32.554588212200684,31.416113032097243,31.66830825805664,49600,0.0,0.0
2006-10-03 00:00:00-04:00,31.35127000143926,32.78517214650216,30.983789061529517,31.531408309936523,66500,0.0,0.0
2006-10-04 00:00:00-04:00,31.704327813510236,31.704327813510236,30.98377490865773,31.344051361083984,56900,0.0,0.0
2006-10-05 00:00:00-04:00,31.163920886573983,32.42488878371859,30.983782615553324,31.560224533081055,427200,0.0,0.0
2006-10-06 00:00:00-04:00,32.230352011097466,32.230352011097466,31.329660295779426,31.459360122680664,30600,0.0,0.0
2006-10-09 00:00:00-04:00,30.983767884872346,32.96528792402116,30.983767884872346,32.100624084472656,11000,0.0,0.0
2006-10-10 00:00:00-04:00,32.42488693840263,33.31116685154263,32.19431018451377,32.4825325012207,199100,0.0,0.0
2006-10-11 00:00:00-04:00,32.424888610839844,32.60502688090006,32.07902346216724,32.424888610839844,359400,0.0,0.0
2006-10-12 00:00:00-04:00,32.42489397732808,32.78517057707617,32.42489397732808,32.561798095703125,56600,0.0,0.0
2006-10-13 00:00:00-04:00,33.073386199788985,33.865993457836105,32.662671179876526,32.78516387939453,113000,0.0,0.0
2006-10-16 00:00:00-04:00,33.138234208658886,33.53453781524975,33.138234208658886,33.32557678222656,31000,0.0,0.0
2006-10-17 00:00:00-04:00,33.54895415817598,33.851585148314804,33.2679361333002,33.289554595947266,24100,0.0,0.0
2006-10-18 00:00:00-04:00,33.39043524186649,33.54895782470703,33.15265136760568,33.54895782470703,59800,0.0,0.0
2006-10-19 00:00:00-04:00,33.58499256481471,33.58499256481471,33.29677012120518,33.57778549194336,26600,0.0,0.0
2006-10-20 00:00:00-04:00,33.865997006449305,33.93805121975217,33.43366622924805,33.43366622924805,5800,0.0,0.0
2006-10-23 00:00:00-04:00,33.700263415276645,33.85878595144966,33.159848676895734,33.750701904296875,62200,0.0,0.0
2006-10-24 00:00:00-04:00,33.750705121193725,34.15421582050708,33.397632915708066,33.86599349975586,128100,0.0,0.0
2006-10-25 00:00:00-04:00,34.22627211889339,34.22627211889339,33.86599557027346,34.08216094970703,23300,0.0,0.0
2006-10-26 00:00:00-04:00,33.923646038571846,34.31274267829056,33.866000463092135,34.046138763427734,52300,0.0,0.0
2006-10-27 00:00:00-04:00,34.44964954570871,34.44964954570871,33.97408454277043,34.046138763427734,18900,0.0,0.0
2006-10-30 00:00:00-05:00,34.291127406433596,34.58655411286664,33.98849362862599,34.190250396728516,26600,0.0,0.0
2006-10-31 00:00:00-05:00,34.55052876093383,34.55052876093383,33.64983720172644,34.038936614990234,55500,0.0,0.0
2006-11-01 00:00:00-05:00,34.58654960158007,34.58654960158007,34.23347736497279,34.370384216308594,93000,0.0,0.0
2006-11-02 00:00:00-05:00,34.58655075420076,34.61537353951537,34.08216300596358,34.269508361816406,83400,0.0,0.0
2006-11-03 00:00:00-05:00,34.615381449406215,34.701847076416016,34.082170794011546,34.701847076416016,46800,0.0,0.0
2006-11-06 00:00:00-05:00,34.478470725682925,34.86036580414246,34.478470725682925,34.766693115234375,99200,0.0,0.0
2006-11-07 00:00:00-05:00,35.14136832879755,35.14136832879755,34.766680458264474,35.126956939697266,192600,0.0,0.0
2006-11-08 00:00:00-05:00,35.30709518041366,35.30709518041366,34.96843440828558,35.126956939697266,43600,0.0,0.0
2006-11-09 00:00:00-05:00,35.47283647137168,35.47283647137168,34.89639441617474,34.93962860107422,15500,0.0,0.0
2006-11-10 00:00:00-05:00,35.66737166184645,35.66737166184645,34.997257186486145,35.126956939697266,13800,0.0,0.0
2006-11-13 00:00:00-05:00,35.24225452429774,35.307104417870086,35.17020030863608,35.26387023925781,4300,0.0,0.0
2006-11-14 00:00:00-05:00,35.5304715045382,36.43116280739282,35.090933708954466,36.20779037475586,148200,0.0,0.0
2006-11-15 00:00:00-05:00,36.20778903864362,36.30866602105017,35.30709776902562,35.48723602294922,250800,0.0,0.0
2006-11-16 00:00:00-05:00,36.027647942193795,36.027647942193795,35.595317266364034,35.73942565917969,57800,0.0,0.0
2006-11-17 00:00:00-05:00,35.7106056298314,35.73942565917969,35.51605600110058,35.73942565917969,28700,0.0,0.0
2006-11-20 00:00:00-05:00,36.11411352762147,36.11411352762147,35.631344364567944,35.73942565917969,91300,0.0,0.0
2006-11-21 00:00:00-05:00,36.02765996935339,36.64012908935547,35.84031734693737,36.64012908935547,458500,0.0,0.0
2006-11-22 00:00:00-05:00,36.676154967516034,39.27014510428561,36.676154967516034,38.83781433105469,356300,0.0,0.0
2006-11-24 00:00:00-05:00,39.6304229779091,39.67365715614143,39.19809219035421,39.457489013671875,22500,0.0,0.0
2006-11-27 00:00:00-05:00,39.702474607533695,39.702474607533695,39.12603267876739,39.16205978393555,87300,0.0,0.0
2006-11-28 00:00:00-05:00,39.162053739351386,39.5007145227827,38.69369594707157,39.270137786865234,21400,0.0,0.0
2006-11-29 00:00:00-05:00,39.3061720573089,41.30931159548622,39.3061720573089,41.06432342529297,106000,0.0,0.0
2006-11-30 00:00:00-05:00,40.7328609631932,41.0715217590332,40.314941644789336,41.0715217590332,65300,0.0,0.0
2006-12-01 00:00:00-05:00,40.81213654154346,40.97786346286043,40.74728663766355,40.7833137512207,19400,0.0,0.0
2006-12-04 00:00:00-05:00,40.8409500835655,40.8409500835655,40.041135699726205,40.71125030517578,17800,0.0,0.0
2006-12-05 00:00:00-05:00,40.531107865850956,40.531107865850956,40.19244706276829,40.27891540527344,43500,0.0,0.0
2006-12-06 00:00:00-05:00,40.04113337441544,41.10755157470703,40.04113337441544,41.10755157470703,131600,0.0,0.0
2006-12-07 00:00:00-05:00,41.28768974422626,41.302101135253906,40.89859043255523,41.302101135253906,18700,0.0,0.0
2006-12-08 00:00:00-05:00,40.35097519921873,43.52141006434845,40.35097519921873,42.94496536254883,62300,0.0,0.0
2006-12-11 00:00:00-05:00,42.94497068474841,44.6959152240342,42.94497068474841,44.66709518432617,54600,0.0,0.0
2006-12-12 00:00:00-05:00,44.74634726917531,44.85443133572614,43.240391151329355,44.530181884765625,19900,0.0,0.0
2006-12-13 00:00:00-05:00,44.825624991636836,44.825624991636836,43.960960388183594,43.960960388183594,7100,0.0,0.0
2006-12-14 00:00:00-05:00,44.105052316566145,45.28675889982812,43.953736833056404,44.28519058227539,149900,0.0,0.0
2006-12-15 00:00:00-05:00,45.3948427631009,45.3948427631009,44.508562829473846,44.67428970336914,41300,0.0,0.0
2006-12-18 00:00:00-05:00,44.674285967827885,44.674285967827885,44.46532493829239,44.479736328125,2600,0.0,0.0
2006-12-19 00:00:00-05:00,44.422115745618505,44.422115745618505,43.341285705566406,43.341285705566406,29600,0.0,0.0
2006-12-20 00:00:00-05:00,43.247596478491644,43.83124546669458,42.69277027336605,42.714385986328125,61700,0.0,0.0
2006-12-21 00:00:00-05:00,42.60630891474831,42.60630891474831,41.07152992172378,41.085941314697266,12900,0.0,0.0
2006-12-22 00:00:00-05:00,40.99946962332783,41.157989425135675,40.04113274795014,40.14200973510742,10800,0.0,0.0
2006-12-26 00:00:00-05:00,39.630417497190706,39.630417497190706,39.090002713138105,39.450279235839844,14200,0.0,0.0
2006-12-27 00:00:00-05:00,39.21250802494468,40.71126016085847,39.21250802494468,40.63920593261719,30900,0.0,0.0
2006-12-28 00:00:00-05:00,40.09876730063846,40.84093585838343,40.09876730063846,40.74005889892578,10900,0.0,0.0
2006-12-29 00:00:00-05:00,40.624785456274914,41.04270483430257,40.06275215659358,40.33656311035156,28400,0.0,0.0
2007-01-03 00:00:00-05:00,42.498214840599104,42.50542190973587,41.29489267176082,42.145145416259766,14500,0.0,0.0
2007-01-04 00:00:00-05:00,42.15234752099936,42.44056980010667,42.15234752099936,42.282047271728516,36100,0.0,0.0
2007-01-05 00:00:00-05:00,41.64076220050618,42.02986151449301,41.64076220050618,41.90016174316406,24400,0.0,0.0
2007-01-08 00:00:00-05:00,41.79927563058116,41.79927563058116,41.201218108388794,41.503849029541016,13100,0.0,0.0
2007-01-09 00:00:00-05:00,41.43180115239935,41.90016174316406,41.07152462063936,41.90016174316406,11700,0.0,0.0
2007-01-10 00:00:00-05:00,41.662372962606106,42.22440340579119,41.28768508425222,42.15955352783203,15300,0.0,0.0
2007-01-11 00:00:00-05:00,42.18837287429281,42.728787563755205,42.1307300700696,42.6927604675293,15400,0.0,0.0
2007-01-12 00:00:00-05:00,42.87292492206665,43.629505400364536,42.78645928849651,43.341285705566406,225000,0.0,0.0
2007-01-16 00:00:00-05:00,43.55022718023004,43.59346135457356,43.15392353583593,43.233184814453125,61600,0.0,0.0
2007-01-17 00:00:00-05:00,43.17553988625354,43.651107564979625,42.70718202639564,43.05304718017578,62500,0.0,0.0
2007-01-18 00:00:00-05:00,42.94497412360104,43.95374980885509,42.94497412360104,43.57185745239258,188100,0.0,0.0
2007-01-19 00:00:00-05:00,43.5214058765622,43.66551428945343,43.30523775984179,43.59346008300781,251200,0.0,0.0
2007-01-22 00:00:00-05:00,43.55743594389115,43.55743594389115,41.97221855598673,42.130741119384766,128600,0.0,0.0
2007-01-23 00:00:00-05:00,42.152350620996444,44.429297997584655,41.82810122032739,44.09063720703125,519400,0.0,0.0
2007-01-24 00:00:00-05:00,44.13388523722309,46.576560241582285,43.68714300527202,46.06496810913086,120100,0.0,0.0
2007-01-25 00:00:00-05:00,45.78394021834681,45.791144539227574,44.77516487615492,45.08500289916992,165600,0.0,0.0
2007-01-26 00:00:00-05:00,44.16270594174138,46.52611953964624,44.133883154281,46.07217025756836,2899600,0.0,0.0
2007-01-29 00:00:00-05:00,46.835943076395104,47.232249409071606,45.791140719568006,46.518898010253906,929300,0.0,0.0
2007-01-30 00:00:00-05:00,46.432453812484844,47.1602086466372,46.11540861906554,47.037715911865234,555900,0.0,0.0
2007-01-31 00:00:00-05:00,46.76389372085564,47.90236885134907,46.677425376395966,47.88795471191406,229100,0.0,0.0
2007-02-01 00:00:00-05:00,48.56529336106696,48.889540146055175,48.082523971014155,48.68778610229492,444100,0.0,0.0
2007-02-02 00:00:00-05:00,48.356335912212515,48.846312411667576,47.88076806095357,48.21942901611328,276500,0.0,0.0
2007-02-05 00:00:00-05:00,48.65895298030959,48.75262840744322,48.132952263232134,48.68056869506836,212400,0.0,0.0
2007-02-06 00:00:00-05:00,48.932761926562854,50.71973047273407,48.60850974461742,50.496360778808594,418800,0.0,0.0
2007-02-07 00:00:00-05:00,50.43871561686198,51.00795320993832,49.73257117937707,50.79899215698242,305100,0.0,0.0
2007-02-08 00:00:00-05:00,50.87105091748922,51.37544141722112,49.85507384207913,50.489158630371094,191000,0.0,0.0
2007-02-09 00:00:00-05:00,50.489167916593814,51.46912081343652,50.489167916593814,51.15928268432617,200800,0.0,0.0
2007-02-12 00:00:00-05:00,51.505160535781236,53.537120946688056,51.505160535781236,53.40742111206055,296500,0.0,0.0
2007-02-13 00:00:00-05:00,54.40175404970573,55.266415491277506,54.04147753282026,54.50983810424805,637000,0.0,0.0
2007-02-14 00:00:00-05:00,54.509839968044496,55.48258549741863,53.659587139227675,54.06309509277344,109800,0.0,0.0
2007-02-15 00:00:00-05:00,54.55309872107094,54.55309872107094,52.80936076556012,53.11199188232422,87900,0.0,0.0
2007-02-16 00:00:00-05:00,53.493858900866854,53.493858900866854,51.822175982008005,52.36259078979492,56900,0.0,0.0
2007-02-20 00:00:00-05:00,52.51391717306125,52.71567669430296,51.37544725309967,52.41304016113281,72400,0.0,0.0
2007-02-21 00:00:00-05:00,52.182452789208135,52.22568971227463,50.86383933204673,51.84379196166992,90600,0.0,0.0
2007-02-22 00:00:00-05:00,51.7213024176063,52.47788539758594,51.44749420924563,52.02393341064453,230600,0.0,0.0
2007-02-23 00:00:00-05:00,52.095990198173446,52.60037515827186,51.44028425266174,52.348182678222656,100000,0.0,0.0
2007-02-26 00:00:00-05:00,52.917436338655676,52.917436338655676,51.56279261050539,52.2617301940918,88700,0.0,0.0
2007-02-27 00:00:00-05:00,51.34660889956484,51.34660889956484,47.945597821546755,48.514835357666016,178100,0.0,0.0
2007-02-28 00:00:00-05:00,49.321848359267605,49.321848359267605,47.318711991926236,48.767024993896484,154200,0.0,0.0
2007-03-01 00:00:00-05:00,47.49885365628415,51.15926430933836,47.19622270791074,50.75575637817383,87800,0.0,0.0
2007-03-02 00:00:00-05:00,50.777381884981075,50.82061331526501,48.66616091376144,49.00482177734375,50000,0.0,0.0
2007-03-05 00:00:00-05:00,47.94559577924103,49.61727846703083,47.94559577924103,48.29145812988281,42200,0.0,0.0
2007-03-06 00:00:00-05:00,48.673371576126,50.24417779516625,48.673371576126,50.14329528808594,102900,0.0,0.0
2007-03-07 00:00:00-05:00,49.638915390226664,50.54681406907681,49.487599859982524,50.4171142578125,114100,0.0,0.0
2007-03-08 00:00:00-05:00,51.080005799189905,51.858204420552354,50.45312266019512,50.72693634033203,99300,0.0,0.0
2007-03-09 00:00:00-05:00,50.871046365529764,51.714092150039505,50.618853886922196,50.79899215698242,59400,0.0,0.0
2007-03-12 00:00:00-04:00,50.626048710982474,52.859761619936364,50.626048710982474,51.88701629638672,97300,0.0,0.0
2007-03-13 00:00:00-04:00,53.43620261196391,53.43620261196391,49.68932445025601,49.88387680053711,68100,0.0,0.0
2007-03-14 00:00:00-04:00,50.28018837681099,52.05274812943118,50.28018837681099,51.72129440307617,88500,0.0,0.0
2007-03-15 00:00:00-04:00,51.52675975603406,52.8669891188172,51.52675975603406,52.10319900512695,42100,0.0,0.0
2007-03-16 00:00:00-04:00,51.63483513943648,52.48508247638888,51.63483513943648,52.146427154541016,80400,0.0,0.0
2007-03-19 00:00:00-04:00,52.420232444831576,52.708454753626896,51.85099489674122,52.528316497802734,67000,0.0,0.0
2007-03-20 00:00:00-04:00,52.85977051950936,52.85977051950936,51.66364985551546,51.879817962646484,29100,0.0,0.0
2007-03-21 00:00:00-04:00,51.879824945258434,52.32656986134531,51.375439957244275,52.05996322631836,54600,0.0,0.0
2007-03-22 00:00:00-04:00,52.240110518214756,52.42745590209961,51.8077796685755,52.42745590209961,72100,0.0,0.0
2007-03-23 00:00:00-04:00,52.44186359051996,53.7820930480957,52.240109564198434,53.7820930480957,84800,0.0,0.0
2007-03-26 00:00:00-04:00,54.034258021409144,54.9853875870865,53.68118865542568,54.61070251464844,60800,0.0,0.0
2007-03-27 00:00:00-04:00,54.481013307940934,55.482581548043534,54.04147553380864,54.09912109375,124300,0.0,0.0
2007-03-28 00:00:00-04:00,53.78928919884232,55.043050034563414,53.78928919884232,54.90614318847656,79800,0.0,0.0
2007-03-29 00:00:00-04:00,54.762064416424124,55.136749806738955,54.52428044892736,55.12234115600586,100400,0.0,0.0
2007-03-30 00:00:00-04:00,55.11512601344909,56.203163146972656,54.61074085082808,56.203163146972656,43100,0.0,0.0
2007-04-02 00:00:00-04:00,56.23916640091097,57.8243808738898,56.23916640091097,57.2479362487793,58800,0.0,0.0
2007-04-03 00:00:00-04:00,57.96850222187062,57.96850222187062,57.24074745450546,57.65146255493164,40300,0.0,0.0
2007-04-04 00:00:00-04:00,57.93246639675163,57.93246639675163,57.19029763384303,57.615421295166016,60900,0.0,0.0
2007-04-05 00:00:00-04:00,57.449699476401186,57.946877363286376,57.312792632064244,57.37763977050781,21800,0.0,0.0
2007-04-09 00:00:00-04:00,57.19029344516384,57.64423985496376,57.19029344516384,57.276756286621094,38800,0.0,0.0
2007-04-10 00:00:00-04:00,57.64424407689048,57.7090912127329,57.06779943716817,57.615421295166016,23200,0.0,0.0
2007-04-11 00:00:00-04:00,57.79556120088208,57.838792626005976,57.3127919623863,57.593807220458984,31900,0.0,0.0
2007-04-12 00:00:00-04:00,57.64424828425618,58.36480138780938,56.64988698041097,56.87325668334961,181700,0.0,0.0
2007-04-13 00:00:00-04:00,56.152693717908704,57.608208312610664,56.102255229413664,57.428070068359375,81800,0.0,0.0
2007-04-16 00:00:00-04:00,57.31999111896942,57.413661026267356,56.8804533662786,56.9957389831543,37900,0.0,0.0
2007-04-17 00:00:00-04:00,56.9957575350828,57.52176379468085,56.06624323900496,56.13109588623047,31400,0.0,0.0
2007-04-18 00:00:00-04:00,55.57625886169104,55.92212677001953,54.855705758608586,55.92212677001953,73300,0.0,0.0
2007-04-19 00:00:00-04:00,55.30967865053005,55.65554119228319,54.221641514101925,55.417762756347656,32500,0.0,0.0
2007-04-20 00:00:00-04:00,55.76363686731303,58.01176584466888,54.906176413286076,57.838829040527344,163400,0.0,0.0
2007-04-23 00:00:00-04:00,57.773964035584505,58.07659510337326,57.36324887290393,57.644264221191406,99500,0.0,0.0
2007-04-24 00:00:00-04:00,57.456907207704994,57.72351385488951,56.419314399705605,57.08222198486328,29000,0.0,0.0
2007-04-25 00:00:00-04:00,56.534597711089674,58.364803314208984,56.534597711089674,58.364803314208984,125500,0.0,0.0
2007-04-26 00:00:00-04:00,58.36479390517817,59.05652413622022,58.18465565238441,58.68183898925781,73700,0.0,0.0
2007-04-27 00:00:00-04:00,58.98446301566925,59.46002508862181,57.889219488621265,58.07656478881836,52200,0.0,0.0
2007-04-30 00:00:00-04:00,58.07658924832926,58.35040299410181,56.368881611267234,56.63548278808594,62800,0.0,0.0
2007-05-01 00:00:00-04:00,56.35445067848065,56.77237274681231,55.410527987406766,56.563411712646484,36800,0.0,0.0
2007-05-02 00:00:00-04:00,56.01579150891225,58.2062733991934,56.01579150891225,57.75232696533203,77800,0.0,0.0
2007-05-03 00:00:00-04:00,58.364803314208984,58.9844794435086,56.35445942925569,58.364803314208984,29900,0.0,0.0
2007-05-04 00:00:00-04:00,58.14861443083141,59.409581953782116,58.14861443083141,58.90519714355469,17800,0.0,0.0
2007-05-07 00:00:00-04:00,60.90835095567597,62.082855994071,59.798698553102234,60.5624885559082,152700,0.0,0.0
2007-05-08 00:00:00-04:00,60.36794063227989,61.297454833984375,59.44563350117643,61.297454833984375,84600,0.0,0.0
2007-05-09 00:00:00-04:00,61.21098257022602,61.787427239048206,60.56969076228783,61.52082061767578,44300,0.0,0.0
2007-05-10 00:00:00-04:00,62.075678313674985,64.30218574564192,61.83068729191364,61.93156433105469,341500,0.0,0.0
2007-05-11 00:00:00-04:00,62.118880322447936,64.21569242248444,61.845072131302956,63.89864730834961,309900,0.0,0.0
2007-05-14 00:00:00-04:00,64.04998731847868,64.04998731847868,62.839457461572415,63.37266540527344,174800,0.0,0.0
2007-05-15 00:00:00-04:00,61.23980825978445,61.34068525700828,56.044620913220804,57.29838180541992,398400,0.0,0.0
2007-05-16 00:00:00-04:00,56.03740574262964,56.779579968330786,54.53145257505381,54.870113372802734,397700,0.0,0.0
2007-05-17 00:00:00-04:00,54.862912408190645,56.42651131051696,54.07751217059789,55.713165283203125,247500,0.0,0.0
2007-05-18 00:00:00-04:00,55.533009716539375,56.16709426588536,54.985387993651116,55.208763122558594,309100,0.0,0.0
2007-05-21 00:00:00-04:00,54.85569233282985,55.22317586472881,53.92617839766338,54.20719909667969,160500,0.0,0.0
2007-05-22 00:00:00-04:00,53.99826579867179,54.39456681331408,52.86699734306642,53.5082893371582,229600,0.0,0.0
2007-05-23 00:00:00-04:00,53.695617519914066,54.6179301559886,53.695617519914066,53.95501708984375,344800,0.0,0.0
2007-05-24 00:00:00-04:00,53.76767437773851,54.315290776403096,51.56277815037298,52.11760711669922,201000,0.0,0.0
2007-05-25 00:00:00-04:00,51.7357033549422,53.35694747194743,51.7357033549422,52.600364685058594,252700,0.0,0.0
2007-05-29 00:00:00-04:00,52.59318227113835,54.51706370321039,52.24731977591063,53.83253479003906,190800,0.0,0.0
2007-05-30 00:00:00-04:00,53.630777245513336,54.22163067550383,53.27770770131271,54.17119216918945,144200,0.0,0.0
2007-05-31 00:00:00-04:00,53.969434928362354,56.02301041649991,53.969434928362354,54.94218063354492,336900,0.0,0.0
2007-06-01 00:00:00-04:00,55.27363065408896,55.475384653504456,53.45783916196533,53.95501708984375,110100,0.0,0.0
2007-06-04 00:00:00-04:00,53.666808296534946,55.10791479163929,53.666808296534946,54.762046813964844,60800,0.0,0.0
2007-06-05 00:00:00-04:00,54.89894798125519,55.11511063461122,54.12074923545086,54.25765609741211,52000,0.0,0.0
2007-06-06 00:00:00-04:00,54.18559252423557,54.93496843009341,52.95344734646615,53.40019226074219,85500,0.0,0.0
2007-06-07 00:00:00-04:00,53.09754780460681,53.969416200627066,52.744472906577236,53.119163513183594,93000,0.0,0.0
2007-06-08 00:00:00-04:00,52.92462410771568,53.8469367128911,52.92462410771568,53.2849006652832,139800,0.0,0.0
2007-06-11 00:00:00-04:00,53.681215114314085,53.9550233599997,52.903016314089925,53.52989959716797,50100,0.0,0.0
2007-06-12 00:00:00-04:00,53.33534389907024,53.36416668592088,52.168051267233785,52.65802764892578,89200,0.0,0.0
2007-06-13 00:00:00-04:00,52.54993134914469,53.5010611044394,52.492285788852115,53.3209228515625,59300,0.0,0.0
2007-06-14 00:00:00-04:00,53.17681790946635,54.762032439010596,52.730073034195286,54.06309509277344,97800,0.0,0.0
2007-06-15 00:00:00-04:00,54.61071797079744,54.74041774361533,53.969426176693304,54.22161865234375,162700,0.0,0.0
2007-06-18 00:00:00-04:00,54.46662551319292,54.826902191007036,53.78930909712475,54.113555908203125,118200,0.0,0.0
2007-06-19 00:00:00-04:00,54.58912242622356,57.80278965402172,54.574708280927545,57.52177429199219,352400,0.0,0.0
2007-06-20 00:00:00-04:00,57.92525785867663,58.5665496179858,57.0822121297938,57.2479362487793,384600,0.0,0.0
2007-06-21 00:00:00-04:00,57.49294602893732,57.64426155583516,55.15835497519384,55.43216323852539,436600,0.0,0.0
2007-06-22 00:00:00-04:00,55.35289341290571,55.59067727456934,54.22883224487305,54.22883224487305,1700200,0.0,0.0
2007-06-25 00:00:00-04:00,54.25765919557138,55.115113781731885,53.515484767588696,54.53146743774414,228600,0.0,0.0
2007-06-26 00:00:00-04:00,54.596283180159936,54.596283180159936,52.05273267839616,52.59314727783203,187400,0.0,0.0
2007-06-27 00:00:00-04:00,51.97348761875692,54.19279225105377,50.50355879077004,53.73884582519531,161700,0.0,0.0
2007-06-28 00:00:00-04:00,53.8325200644549,54.19279660524021,52.42744375434569,52.737281799316406,60700,0.0,0.0
2007-06-29 00:00:00-04:00,53.039922278273934,53.21285350957048,52.08158518869127,52.513916015625,122600,0.0,0.0
2007-07-02 00:00:00-04:00,52.65081367858102,55.62669593930263,52.65081367858102,54.473812103271484,329500,0.0,0.0
2007-07-03 00:00:00-04:00,54.509843843013115,55.49699808488097,53.60915245597517,55.01422882080078,67000,0.0,0.0
2007-07-05 00:00:00-04:00,54.86290161515342,55.94373104885996,54.38733952296159,55.82844543457031,142500,0.0,0.0
2007-07-06 00:00:00-04:00,55.994202008919395,56.36168576876382,55.554664011184244,56.203163146972656,70000,0.0,0.0
2007-07-09 00:00:00-04:00,56.20314204043097,56.41931017030927,55.05025817497584,55.92212677001953,263700,0.0,0.0
2007-07-10 00:00:00-04:00,55.84287477552972,56.23197417558733,55.02865161269989,55.0790901184082,205300,0.0,0.0
2007-07-11 00:00:00-04:00,55.05026362851467,55.79243251863092,54.740425543599834,55.770816802978516,186900,0.0,0.0
2007-07-12 00:00:00-04:00,57.413693187917254,57.63706297519057,55.151156028315704,55.417762756347656,445200,0.0,0.0
2007-07-13 00:00:00-04:00,55.093493606813325,56.92369928136877,55.071877891731006,56.3904914855957,268200,0.0,0.0
2007-07-16 00:00:00-04:00,56.49138030674076,56.51299602634554,53.789305408434146,54.617942810058594,175100,0.0,0.0
2007-07-17 00:00:00-04:00,54.12795957939716,55.77082003273322,53.81091440510958,54.27206802368164,277100,0.0,0.0
2007-07-18 00:00:00-04:00,54.0775143494059,54.97099868710786,53.68841500136213,54.653953552246094,201900,0.0,0.0
2007-07-19 00:00:00-04:00,55.63391032327285,55.63391032327285,54.42338076195316,55.158348083496094,200600,0.0,0.0
2007-07-20 00:00:00-04:00,55.035845642317476,55.2303980643688,54.41616951577127,55.007022857666016,171300,0.0,0.0
2007-07-23 00:00:00-04:00,54.913355139254506,55.25922307159908,54.18559491534014,54.8773307800293,81800,0.0,0.0
2007-07-24 00:00:00-04:00,54.54585614929825,55.22317768187362,53.83971733640212,53.8541259765625,133700,0.0,0.0
2007-07-25 00:00:00-04:00,54.27306344829213,54.27306344829213,51.90394469256821,53.05238723754883,174700,0.18,0.0
2007-07-26 00:00:00-04:00,52.11341781104319,52.38788704480082,48.696971019990755,49.14479446411133,441000,0.0,0.0
2007-07-27 00:00:00-04:00,49.07256558342614,50.56048671476511,48.68975135143355,49.10867691040039,296100,0.0,0.0
2007-07-30 00:00:00-04:00,49.737075735455704,49.737075735455704,47.938568456430055,48.81254196166992,276200,0.0,0.0
2007-07-31 00:00:00-04:00,49.4770540683454,50.105450753487716,48.67530866375766,48.761985778808594,184000,0.0,0.0
2007-08-01 00:00:00-04:00,48.57417147841137,49.1808945439569,46.140046482137265,46.95623779296875,288600,0.0,0.0
2007-08-02 00:00:00-04:00,46.74677801043023,47.75798875378835,45.46831977623957,46.2122802734375,345100,0.0,0.0
2007-08-03 00:00:00-04:00,46.09670747077857,46.92734495405778,43.337550320781645,43.5831298828125,394700,0.0,0.0
2007-08-06 00:00:00-04:00,44.673778374344735,44.74600925870713,43.19307968649695,43.727577209472656,245400,0.0,0.0
2007-08-07 00:00:00-04:00,43.33756433210126,44.132085242725196,42.34079958097105,43.770938873291016,380200,0.0,0.0
2007-08-08 00:00:00-04:00,44.124856162736215,45.345529695761186,43.380895647582356,44.92660140991211,487000,0.0,0.0
2007-08-09 00:00:00-04:00,44.71714360286058,44.71714360286058,40.67952705982429,41.87131118774414,375200,0.0,0.0
2007-08-10 00:00:00-04:00,40.67952354349621,42.19633707034653,38.10093889465392,41.80630111694336,565600,0.0,0.0
2007-08-13 00:00:00-04:00,43.01252605879006,43.90817014260733,41.92908710136296,42.35523986816406,261700,0.0,0.0
2007-08-14 00:00:00-04:00,46.01004620269094,47.194603051544426,44.78214804396814,45.2805290222168,1094300,0.0,0.0
2007-08-15 00:00:00-04:00,46.111160429587244,47.599084201234376,44.868816256069685,45.937808990478516,698700,0.0,0.0
2007-08-16 00:00:00-04:00,46.11838534552483,46.775674312759634,42.63693493669966,45.22274398803711,458800,0.0,0.0
2007-08-17 00:00:00-04:00,46.9056863801238,49.1592359177352,44.666577515473264,45.37442398071289,525500,0.0,0.0
2007-08-20 00:00:00-04:00,44.767703263270306,46.47231179877254,44.319882540276474,44.93383026123047,357000,0.0,0.0
2007-08-21 00:00:00-04:00,44.45711686419057,45.172187877365204,43.250889330802025,44.05985641479492,641200,0.0,0.0
2007-08-22 00:00:00-04:00,45.11439106744734,46.219500519439315,44.41376918223447,45.16495132446289,560800,0.0,0.0
2007-08-23 00:00:00-04:00,45.699445917791635,47.765200113183354,45.05660604613307,46.067813873291016,498200,0.0,0.0
2007-08-24 00:00:00-04:00,46.183389537785175,48.971442271729686,45.85113559093646,48.79808807373047,338600,0.0,0.0
2007-08-27 00:00:00-04:00,49.10146936344841,50.40159316046355,47.68577055702452,48.371952056884766,196500,0.0,0.0
2007-08-28 00:00:00-04:00,48.14803365268208,48.689753173469285,46.58787878770006,46.717891693115234,149800,0.0,0.0
2007-08-29 00:00:00-04:00,47.10070608856848,48.82698519275718,46.71789184103836,48.566959381103516,99800,0.0,0.0
2007-08-30 00:00:00-04:00,48.415277161285324,49.02922483338275,47.52686025631003,48.003570556640625,149300,0.0,0.0
2007-08-31 00:00:00-04:00,48.80531178497457,49.53482886925531,48.032458907194794,49.05811309814453,142600,0.0,0.0
2007-09-04 00:00:00-04:00,49.043651371907515,50.58935655075072,48.7980691088461,49.93206787109375,223100,0.0,0.0
2007-09-05 00:00:00-04:00,50.06932396305227,50.44491369900167,49.22424292417461,50.17044448852539,304700,0.0,0.0
2007-09-06 00:00:00-04:00,50.41603960570992,50.56049596133676,49.85987106416744,49.997108459472656,140200,0.0,0.0
2007-09-07 00:00:00-04:00,49.209803038329646,49.33981595366255,47.20183007647645,47.801334381103516,123200,0.0,0.0
2007-09-10 00:00:00-04:00,48.7836433261321,48.7836433261321,46.176166574647155,47.476295471191406,165600,0.0,0.0
2007-09-11 00:00:00-04:00,47.89522080469066,48.39360446482767,47.37516924813991,48.1263542175293,100600,0.0,0.0
2007-09-12 00:00:00-04:00,48.032471598611544,48.98589788209756,47.47630856268503,48.61752700805664,119000,0.0,0.0
2007-09-13 00:00:00-04:00,48.85588370909652,49.997107635984676,47.974685626579245,48.89921951293945,211400,0.0,0.0
2007-09-14 00:00:00-04:00,48.213041323115725,50.27879904013469,48.18414895168078,49.708187103271484,159600,0.0,0.0
2007-09-17 00:00:00-04:00,50.264351643994104,50.32936085938492,47.888013259988206,48.343055725097656,128800,0.0,0.0
2007-09-18 00:00:00-04:00,48.7908609898837,50.41601912856096,48.05411954771682,50.35823440551758,212700,0.0,0.0
2007-09-19 00:00:00-04:00,51.12388419012767,52.279551583544944,50.32936320156934,51.91118621826172,233800,0.0,0.0
2007-09-20 00:00:00-04:00,51.716158057643185,52.489011053710776,51.38390406510214,52.09897232055664,202100,0.0,0.0
2007-09-21 00:00:00-04:00,52.51788712287388,52.92236916030513,51.5861291346588,52.814029693603516,247500,0.0,0.0
2007-09-24 00:00:00-04:00,52.944037664931066,52.98737344760148,51.217759186943006,51.96171951293945,148900,0.0,0.0
2007-09-25 00:00:00-04:00,51.52835474275667,52.00507053443701,51.290002357572064,51.853389739990234,120300,0.0,0.0
2007-09-26 00:00:00-04:00,52.098966495555224,52.452893859246934,51.06608779286739,51.52835464477539,108000,0.0,0.0
2007-09-27 00:00:00-04:00,51.853396274869134,52.05563735961914,51.029982995154796,52.05563735961914,132000,0.0,0.0
2007-09-28 00:00:00-04:00,52.00507343386865,52.44567241353584,50.914409934146924,50.97219467163086,86400,0.0,0.0
2007-10-01 00:00:00-04:00,50.9216212749036,51.86060372962459,50.84216865901239,51.24665069580078,189200,0.0,0.0
2007-10-02 00:00:00-04:00,51.28275436625399,52.04838245676373,51.28275436625399,51.97615432739258,75300,0.0,0.0
2007-10-03 00:00:00-04:00,53.76745307132115,55.59485213331633,53.47853498204409,55.53706741333008,599300,0.0,0.0
2007-10-04 00:00:00-04:00,55.493738835047324,55.493738835047324,54.18638555119379,54.879791259765625,213500,0.0,0.0
2007-10-05 00:00:00-04:00,54.77145025968074,55.90544944359692,54.439196318413195,55.80432891845703,197400,0.0,0.0
2007-10-08 00:00:00-04:00,55.80433627320338,55.80433627320338,53.66635051458242,54.525875091552734,159100,0.0,0.0
2007-10-09 00:00:00-04:00,54.511413431518,55.63096345031708,53.911909360632585,55.53706741333008,158000,0.0,0.0
2007-10-10 00:00:00-04:00,55.11094707618906,56.07881685739579,54.02028332145397,54.872589111328125,125700,0.0,0.0
2007-10-11 00:00:00-04:00,55.6381944269941,55.6381944269941,52.7779165809061,53.57243728637695,202600,0.0,0.0
2007-10-12 00:00:00-04:00,53.78913439813026,55.04592206313085,53.088509647606614,54.67755126953125,93900,0.0,0.0
2007-10-15 00:00:00-04:00,54.68477870136406,55.55153323263107,54.68477870136406,55.23372268676758,116200,0.0,0.0
2007-10-16 00:00:00-04:00,55.25538384354355,55.47207382758423,53.67356128775009,53.81079864501953,131100,0.0,0.0
2007-10-17 00:00:00-04:00,54.65588468418294,55.46485445350267,53.659122789476626,54.82923889160156,160200,0.0,0.0
2007-10-18 00:00:00-04:00,54.87257724843067,55.59486994774258,54.30196535469555,54.89424514770508,199500,0.0,0.0
2007-10-19 00:00:00-04:00,54.89425116679227,56.43995727195205,53.182415297886195,53.24020004272461,207700,0.0,0.0
2007-10-22 00:00:00-04:00,52.52513173498313,53.84692884221479,51.93285187703084,53.24020004272461,128800,0.0,0.0
2007-10-23 00:00:00-04:00,53.63022913380668,54.937577063759726,53.384652278510664,54.67755126953125,125500,0.0,0.0
2007-10-24 00:00:00-04:00,54.5327324496637,54.742697165551725,53.51911177853773,54.358970642089844,101500,0.18,0.0
2007-10-25 00:00:00-04:00,54.699285103546174,54.86580530692245,53.584302367139884,54.63412094116211,67200,0.0,0.0
2007-10-26 00:00:00-04:00,55.51740129957763,56.37897984449279,54.21417371262941,54.865787506103516,92200,0.0,0.0
2007-10-29 00:00:00-04:00,55.046817779541016,56.292123518022954,54.706530104049804,55.046817779541016,136200,0.0,0.0
2007-10-30 00:00:00-04:00,54.706528843581765,54.706528843581765,53.64946843321887,53.69291305541992,86200,0.0,0.0
2007-10-31 00:00:00-04:00,54.06937310243036,55.31467823578328,53.64944359954825,54.865787506103516,119100,0.0,0.0
2007-11-01 00:00:00-04:00,54.01148260472036,54.64861892365185,52.483811510980495,52.77341842651367,209000,0.0,0.0
2007-11-02 00:00:00-04:00,53.953535342574376,53.953535342574376,51.817695678358824,52.75167465209961,111300,0.0,0.0
2007-11-05 00:00:00-05:00,52.86752549573292,52.86752549573292,51.195054112024195,51.90459060668945,82700,0.0,0.0
2007-11-06 00:00:00-05:00,52.1941654174711,53.062985511917034,50.96334385507476,52.59961700439453,159700,0.0,0.0
2007-11-07 00:00:00-05:00,51.7887458760369,52.606885631571124,49.956990443578924,50.24659729003906,153400,0.0,0.0
2007-11-08 00:00:00-05:00,50.79683940402551,52.165225813069085,47.705295647452964,50.53619384765625,199200,0.0,0.0
2007-11-09 00:00:00-05:00,50.36243175780611,50.58687994171345,48.70443838688324,49.204010009765625,170600,0.0,0.0
2007-11-12 00:00:00-05:00,49.47911261392212,50.20312659205119,47.755961334538725,47.980403900146484,192000,0.0,0.0
2007-11-13 00:00:00-05:00,48.95785260578994,50.615846139296245,48.060070829704976,50.4276008605957,187100,0.0,0.0
2007-11-14 00:00:00-05:00,54.17075633107667,54.17075633107667,51.61498642326795,51.94803237915039,482000,0.0,0.0
2007-11-15 00:00:00-05:00,52.129032174032254,52.129032174032254,50.0076699493318,50.890968322753906,329800,0.0,0.0
2007-11-16 00:00:00-05:00,50.68098443154427,51.39775680755807,49.971448219035516,51.158836364746094,262700,0.0,0.0
2007-11-19 00:00:00-05:00,50.47103609951853,50.66652305349032,49.27641140190547,49.7325439453125,139600,0.0,0.0
2007-11-20 00:00:00-05:00,49.43568417567703,51.195038741891416,49.08816048474969,50.06557846069336,117400,0.0,0.0
2007-11-21 00:00:00-05:00,49.67460293175529,50.680981989355104,49.667361244810266,50.282772064208984,95900,0.0,0.0
2007-11-23 00:00:00-05:00,50.67375435560981,51.40501027377119,50.0366238224712,51.37604904174805,56400,0.0,0.0
2007-11-26 00:00:00-05:00,51.26020415206601,51.57876662265068,49.413965855636285,50.355186462402344,113600,0.0,0.0
2007-11-27 00:00:00-05:00,51.40501146643938,51.40501146643938,48.63927726764735,49.435691833496094,121300,0.0,0.0
2007-11-28 00:00:00-05:00,50.13075984788822,51.40502684883085,49.23298346085208,51.09370040893555,212300,0.0,0.0
2007-11-29 00:00:00-05:00,51.07195022725929,52.06385143475197,50.86198549616426,51.1805534362793,146700,0.0,0.0
2007-11-30 00:00:00-05:00,52.08556869254588,52.65754041281914,50.94162525199936,51.50635528564453,170500,0.0,0.0
2007-12-03 00:00:00-05:00,51.93355221369438,52.020430401233774,50.89096977289221,51.36881637573242,213200,0.0,0.0
2007-12-04 00:00:00-05:00,50.688222637810355,51.6222013781908,50.6809809510137,51.40499496459961,258600,0.0,0.0
2007-12-05 00:00:00-05:00,52.20867440141166,52.23763563781229,50.84028774328068,51.651180267333984,337200,0.0,0.0
2007-12-06 00:00:00-05:00,52.02767304365621,52.99784964754323,51.03577136869556,52.954410552978516,134400,0.0,0.0
2007-12-07 00:00:00-05:00,52.968892686938915,53.946310958177826,52.79512526518758,53.05577087402344,68900,0.0,0.0
2007-12-10 00:00:00-05:00,53.12817120452426,53.51190345138177,51.69462587971816,53.05577087402344,115700,0.0,0.0
2007-12-11 00:00:00-05:00,53.656701308447346,54.786161871853146,52.693760944112476,52.70824432373047,481400,0.0,0.0
2007-12-12 00:00:00-05:00,55.30019452680762,55.30019452680762,52.375176923365046,53.388797760009766,208300,0.0,0.0
2007-12-13 00:00:00-05:00,52.8530351267565,53.98973716812008,52.49102803684721,53.939056396484375,136500,0.0,0.0
2007-12-14 00:00:00-05:00,53.09196603983787,53.87390275203683,52.54895535477588,53.6856575012207,154100,0.0,0.0
2007-12-17 00:00:00-05:00,53.244004710425486,54.322784317298165,53.244004710425486,53.41776657104492,160300,0.0,0.0
2007-12-18 00:00:00-05:00,53.714600030062044,54.30104959810933,52.90370236749978,54.1128044128418,165100,0.0,0.0
2007-12-19 00:00:00-05:00,53.90285081047985,54.37346110883074,53.28743989284695,54.286582946777344,102200,0.0,0.0
2007-12-20 00:00:00-05:00,54.48930774902453,55.669448852539055,53.7001294347116,55.66944885253906,245100,0.0,0.0
2007-12-21 00:00:00-05:00,56.480347078728855,57.0812746431357,55.473967822009115,57.03059387207031,265600,0.0,0.0
2007-12-24 00:00:00-05:00,57.29124582749741,58.46415090543413,57.20436765239939,58.065940856933594,59800,0.0,0.0
2007-12-26 00:00:00-05:00,57.4867312512428,58.341068267822266,57.059559981057944,58.341068267822266,126700,0.0,0.0
2007-12-27 00:00:00-05:00,58.326604568148745,58.326604568148745,56.176280685121384,56.47312927246094,112000,0.0,0.0
2007-12-28 00:00:00-05:00,57.19712824358716,57.79081973351834,56.596195064178964,57.4070930480957,121200,0.0,0.0
2007-12-31 00:00:00-05:00,57.392610797834216,57.68945931053298,56.29211149868161,57.54465866088867,266800,0.0,0.0
2008-01-02 00:00:00-05:00,57.80530562442607,57.80530562442607,55.445022715543104,56.38623809814453,262300,0.0,0.0
2008-01-03 00:00:00-05:00,56.29932886108413,56.306565023786064,54.60513326860424,55.62599563598633,231000,0.0,0.0
2008-01-04 00:00:00-05:00,54.68478774416701,55.91561511070549,53.54084406399971,54.08385467529297,171400,0.0,0.0
2008-01-07 00:00:00-05:00,54.641350875905246,54.641350875905246,51.520851537569314,52.85303497314453,300900,0.0,0.0
2008-01-08 00:00:00-05:00,52.99784324946813,54.27210993284825,50.376915083033964,50.862003326416016,337700,0.0,0.0
2008-01-09 00:00:00-05:00,50.68100116523468,51.100930786313555,48.22659312213587,50.1307487487793,286800,0.0,0.0
2008-01-10 00:00:00-05:00,48.892687031294535,52.25935478502682,48.892687031294535,52.034912109375,300400,0.0,0.0
2008-01-11 00:00:00-05:00,51.52086530160734,51.759785846001535,50.45656329222771,51.20229721069336,229500,0.0,0.0
2008-01-14 00:00:00-05:00,51.43396392635281,51.43396392635281,50.268300747199774,50.92715072631836,230400,0.0,0.0
2008-01-15 00:00:00-05:00,50.01490777981124,50.84028361697104,48.38587565008153,48.59584045410156,276700,0.0,0.0
2008-01-16 00:00:00-05:00,47.92973941193223,49.57325479348263,47.73425800194989,47.994903564453125,240900,0.0,0.0
2008-01-17 00:00:00-05:00,47.99490751460043,48.16142770647758,45.055408529398115,45.5694580078125,412800,0.0,0.0
2008-01-18 00:00:00-05:00,45.55497480783097,46.78580233423197,45.098847823666134,45.46809387207031,297900,0.0,0.0
2008-01-22 00:00:00-05:00,43.991093992983544,45.026434341449104,43.32500236952306,44.251739501953125,299700,0.0,0.0
2008-01-23 00:00:00-05:00,43.25691946599134,44.29531812897986,41.151075364953094,44.23722457885742,386600,0.18,0.0
2008-01-24 00:00:00-05:00,44.58578197459093,46.46651779295682,44.58578197459093,45.609657287597656,169100,0.0,0.0
2008-01-25 00:00:00-05:00,46.26318356488305,46.597213111115195,44.33888075024378,44.8762321472168,95300,0.0,0.0
2008-01-28 00:00:00-05:00,44.35340834484526,46.241404261047684,44.35340834484526,46.08164978027344,138300,0.0,0.0
2008-01-29 00:00:00-05:00,46.47377000363794,46.618998318857265,45.3264474770479,46.07438659667969,94700,0.0,0.0
2008-01-30 00:00:00-05:00,45.72583593454744,46.47377232142857,45.31192912141393,45.74761962890625,210400,0.0,0.0
2008-01-31 00:00:00-05:00,44.890766109099474,47.25076272143831,44.890766109099474,46.444732666015625,241800,0.0,0.0
2008-02-01 00:00:00-05:00,46.69162021023276,48.19475605780389,46.11795614993337,47.76632308959961,182500,0.0,0.0
2008-02-04 00:00:00-05:00,47.83167943795684,48.9935226279414,47.57752156568385,47.99142837524414,140800,0.0,0.0
2008-02-05 00:00:00-05:00,48.17297030297762,48.17297030297762,46.54638971017058,46.68436050415039,232800,0.0,0.0
2008-02-06 00:00:00-05:00,47.14183964742849,48.16571778076528,46.408426519566355,46.43747329711914,158300,0.0,0.0
2008-02-07 00:00:00-05:00,46.40117048654146,47.301598513235874,45.5878772604294,45.972740173339844,185700,0.0,0.0
2008-02-08 00:00:00-05:00,45.76939823913632,47.3378905400048,45.76939823913632,46.45924377441406,165100,0.0,0.0
2008-02-11 00:00:00-05:00,46.4737937313354,47.17089997249248,45.84204137341517,46.57545471191406,160800,0.0,0.0
2008-02-12 00:00:00-05:00,46.83687024486146,47.99145089862251,46.030839941624976,46.57545471191406,162400,0.0,0.0
2008-02-13 00:00:00-05:00,47.01838667534574,48.521522521972656,46.53186570269332,48.521522521972656,158800,0.0,0.0
2008-02-14 00:00:00-05:00,48.53604077726961,49.92299500689339,48.151180756724195,48.964473724365234,223800,0.0,0.0
2008-02-15 00:00:00-05:00,48.84102947910973,50.43130003776833,48.36902914193137,49.770503997802734,304900,0.0,0.0
2008-02-19 00:00:00-05:00,53.04546926706603,56.40755505423251,51.73839188754843,52.26122283935547,1018200,0.0,0.0
2008-02-20 00:00:00-05:00,52.71867468523171,54.817255137925564,52.13775596198576,54.33073425292969,631900,0.0,0.0
2008-02-21 00:00:00-05:00,54.962526461329254,54.962526461329254,51.498773289320276,52.2757568359375,376700,0.0,0.0
2008-02-22 00:00:00-05:00,52.2539386006298,53.57553606472747,50.83068021930189,53.226985931396484,385300,0.0,0.0
2008-02-25 00:00:00-05:00,53.256039244866855,55.09321032911768,51.6294586599467,54.868099212646484,235200,0.0,0.0
2008-02-26 00:00:00-05:00,52.94378982293264,56.995717204461606,52.94378982293264,55.88470458984375,659600,0.0,0.0
2008-02-27 00:00:00-05:00,55.98636938646629,57.039294075211714,55.55067889530844,56.40027618408203,283000,0.0,0.0
2008-02-28 00:00:00-05:00,55.23117031689558,56.763352894068355,55.20212354527794,56.18243408203125,238600,0.0,0.0
2008-02-29 00:00:00-05:00,55.36189073419879,55.81210748751653,52.51537294316747,53.263309478759766,289000,0.0,0.0
2008-03-03 00:00:00-05:00,53.1906749566908,54.70107360931812,53.00913681690687,54.33073425292969,226200,0.0,0.0
2008-03-04 00:00:00-05:00,53.226999289813726,55.58699574942842,53.18342635713346,55.035118103027344,247000,0.0,0.0
2008-03-05 00:00:00-05:00,54.78096103385603,55.91375746419297,53.9676680217571,55.16582107543945,242200,0.0,0.0
2008-03-06 00:00:00-05:00,55.07870306660127,56.48017855593164,54.77372014107428,54.82455062866211,183600,0.0,0.0
2008-03-07 00:00:00-05:00,54.45420039073334,55.59426013777666,53.00915777788121,53.08903503417969,233200,0.0,0.0
2008-03-10 00:00:00-04:00,53.009162696726484,53.32867175156841,50.9977215635526,51.12116622924805,247500,0.0,0.0
2008-03-11 00:00:00-04:00,51.912667750266124,53.49568124753498,51.57863809085614,53.408546447753906,197700,0.0,0.0
2008-03-12 00:00:00-04:00,53.72802503540126,53.84421210138005,52.30476671778647,53.42304229736328,249100,0.0,0.0
2008-03-13 00:00:00-04:00,52.609765026968084,54.868100544376176,52.4209692990302,54.51955032348633,250000,0.0,0.0
2008-03-14 00:00:00-04:00,55.10044578187611,55.10044578187611,51.74562501643842,52.065128326416016,263100,0.0,0.0
2008-03-17 00:00:00-04:00,51.09211516881885,52.2103912270006,50.16264040360456,51.06306838989258,179400,0.0,0.0
2008-03-18 00:00:00-04:00,52.39191676839152,53.335911924695395,51.571360697482035,53.219730377197266,230700,0.0,0.0
2008-03-19 00:00:00-04:00,53.51019532924704,54.091114177054116,50.01013946533203,50.01013946533203,274500,0.0,0.0
2008-03-20 00:00:00-04:00,49.91575420319561,50.271573151625994,48.4997581108137,49.61803436279297,511000,0.0,0.0
2008-03-24 00:00:00-04:00,49.91572117851073,51.82550579457605,49.32753942776107,50.80162811279297,319100,0.0,0.0
2008-03-25 00:00:00-04:00,50.736289437305835,51.818255372692555,50.3804706373952,50.91782760620117,261700,0.0,0.0
2008-03-26 00:00:00-04:00,50.91783485673948,50.91783485673948,50.24251255068087,50.62010955810547,192500,0.0,0.0
2008-03-27 00:00:00-04:00,50.8742582715462,51.18650416570372,50.21346217095115,50.38773727416992,185000,0.0,0.0
2008-03-28 00:00:00-04:00,50.22073035241188,51.3026964741551,50.10454324505642,50.307865142822266,122800,0.0,0.0
2008-03-31 00:00:00-04:00,49.567195686834914,50.95414476611725,49.52362274803974,50.32239532470703,257200,0.0,0.0
2008-04-01 00:00:00-04:00,49.98109527069712,50.99771023194363,48.97900092685012,50.88152313232422,153800,0.0,0.0
2008-04-02 00:00:00-04:00,50.77259278635352,50.77259278635352,49.22588961106833,50.04644012451172,179300,0.0,0.0
2008-04-03 00:00:00-04:00,49.69063150754537,51.39708931406408,49.588970568611025,50.670936584472656,132700,0.0,0.0
2008-04-04 00:00:00-04:00,50.50392622172416,52.69690509963703,50.336908650773395,51.919921875,185400,0.0,0.0
2008-04-07 00:00:00-04:00,52.61704104667449,53.69900736944551,51.55685842555344,51.88362503051758,159200,0.0,0.0
2008-04-08 00:00:00-04:00,51.57136114773007,52.97283604857642,51.04127279120109,52.007057189941406,116300,0.0,0.0
2008-04-09 00:00:00-04:00,52.17405488585427,52.871160605928665,51.47694916577988,51.64396667480469,93800,0.0,0.0
2008-04-10 00:00:00-04:00,51.73112219477079,52.18133891018763,51.09210974652956,51.368045806884766,129300,0.0,0.0
2008-04-11 00:00:00-04:00,51.084846856119086,51.59315712509952,48.986265769599555,49.82860565185547,157200,0.0,0.0
2008-04-14 00:00:00-04:00,49.70514655545123,49.70514655545123,48.61591758310295,48.666748046875,112700,0.0,0.0
2008-04-15 00:00:00-04:00,48.91364652384937,49.31303272659513,48.10761658020282,49.14601516723633,113000,0.0,0.0
2008-04-16 00:00:00-04:00,49.530882125719316,50.44583621053755,49.26220359364001,50.35143280029297,238400,0.0,0.0
2008-04-17 00:00:00-04:00,50.031927411283476,50.44583427230419,49.421956198138936,50.336910247802734,91100,0.0,0.0
2008-04-18 00:00:00-04:00,51.121146872934894,51.121146872934894,50.1916723818078,50.5910530090332,133500,0.0,0.0
2008-04-21 00:00:00-04:00,50.27882382906108,50.64190026883788,49.38565888966997,50.525718688964844,96600,0.0,0.0
2008-04-22 00:00:00-04:00,49.981088509550766,50.64188454390362,49.74871988185124,50.22797775268555,180800,0.0,0.0
2008-04-23 00:00:00-04:00,50.30807379434783,50.956035530383566,49.063113417653526,49.79844284057617,191800,0.18,0.0
2008-04-24 00:00:00-04:00,49.922219048033156,50.14791200549777,48.604454792547195,49.02671813964844,223300,0.0,0.0
2008-04-25 00:00:00-04:00,49.05580987862616,49.59456871302124,48.56073764579939,49.310630798339844,149900,0.0,0.0
2008-04-28 00:00:00-04:00,49.616424317845194,50.32990755714915,48.779168816794176,49.76203155517578,225300,0.0,0.0
2008-04-29 00:00:00-04:00,49.61643591586429,50.4755321478757,49.048559781147844,49.53635025024414,229100,0.0,0.0
2008-04-30 00:00:00-04:00,49.73291024404578,50.40999446827767,48.706366419632396,49.965885162353516,327800,0.0,0.0
2008-05-01 00:00:00-04:00,49.82026007272599,49.90034569294276,49.22326171128351,49.558162689208984,250400,0.0,0.0
2008-05-02 00:00:00-04:00,49.86394317118163,50.39541998590299,48.95388431721649,49.33974838256836,307800,0.0,0.0
2008-05-05 00:00:00-04:00,49.28153617794511,50.51193265400948,49.12136484205753,50.36632537841797,200400,0.0,0.0
2008-05-06 00:00:00-04:00,50.63568057745709,51.749591807837945,50.07508117166564,51.596702575683594,132800,0.0,0.0
2008-05-07 00:00:00-04:00,55.24422948695308,55.6664982721064,52.848953100968615,53.83182144165039,888400,0.0,0.0
2008-05-08 00:00:00-04:00,51.83697225727813,53.06009210200118,47.286676042469274,48.11664962768555,1561200,0.0,0.0
2008-05-09 00:00:00-04:00,48.64811106496055,49.27423206764528,47.73077008702913,48.786441802978516,801700,0.0,0.0
2008-05-12 00:00:00-04:00,49.28151462108221,49.28151462108221,47.68708954435406,48.05111312866211,557700,0.0,0.0
2008-05-13 00:00:00-04:00,48.02200007812534,48.02200007812534,46.471261301748925,46.8280029296875,833900,0.0,0.0
2008-05-14 00:00:00-04:00,46.82800912973499,47.5560565388133,46.82800912973499,47.00273895263672,496700,0.0,0.0
2008-05-15 00:00:00-04:00,47.090091475264735,47.86181970288107,46.791589467490645,47.08280944824219,347300,0.0,0.0
2008-05-16 00:00:00-04:00,47.08281003767241,47.388588521737965,46.30379977328109,47.33034896850586,394800,0.0,0.0
2008-05-19 00:00:00-04:00,47.32308920879394,47.687112971938504,46.959065445649365,47.155635833740234,307000,0.0,0.0
2008-05-20 00:00:00-04:00,47.039145258294404,47.22843914682677,46.42030327166852,47.068267822265625,138900,0.0,0.0
2008-05-21 00:00:00-04:00,47.22116458781384,48.04385632055045,46.41303136208551,46.44215393066406,230700,0.0,0.0
2008-05-22 00:00:00-04:00,46.36932930464294,47.61429223843475,45.56119917346708,45.86697769165039,355200,0.0,0.0
2008-05-23 00:00:00-04:00,46.034435074261786,46.58047060416296,45.233584074652185,45.874263763427734,210500,0.0,0.0
2008-05-27 00:00:00-04:00,46.260112023854745,46.260112023854745,45.50294239584094,46.04169845581055,146400,0.0,0.0
2008-05-28 00:00:00-04:00,46.04900270608755,47.32308578491211,45.61945458556404,47.32308578491211,253100,0.0,0.0
2008-05-29 00:00:00-04:00,47.177467994452854,47.2357075578916,46.427577375257215,46.595027923583984,167900,0.0,0.0
2008-05-30 00:00:00-04:00,46.60958918061909,46.90080923326581,46.260129561091425,46.70423889160156,195700,0.0,0.0
2008-06-02 00:00:00-04:00,47.28667214009966,47.28667214009966,46.23828497854762,46.8061637878418,152400,0.0,0.0
2008-06-03 00:00:00-04:00,47.09010310142265,47.11194363332341,45.83058151167393,46.0562744140625,285100,0.0,0.0
2008-06-04 00:00:00-04:00,45.866984511699066,46.27469204051286,45.3646328240109,45.874263763427734,267900,0.0,0.0
2008-06-05 00:00:00-04:00,45.568488082620604,47.650701368790685,45.553926800961726,47.56333923339844,360900,0.0,0.0
2008-06-06 00:00:00-04:00,47.1629038134651,47.58517258600494,46.61686833142364,46.66783142089844,350500,0.0,0.0
2008-06-09 00:00:00-04:00,48.53163293574755,48.53163293574755,46.667828176197595,46.76247787475586,413800,0.0,0.0
2008-06-10 00:00:00-04:00,46.602317338572206,49.05583361164414,46.602317338572206,48.735496520996094,542500,0.0,0.0
2008-06-11 00:00:00-04:00,48.5680459468736,48.626291077436086,46.369342259192315,46.616878509521484,490700,0.0,0.0
2008-06-12 00:00:00-04:00,46.85713137653072,46.85713137653072,45.24814727986972,45.45199966430664,319600,0.0,0.0
2008-06-13 00:00:00-04:00,45.67768053959351,46.12178697913216,45.01515772784428,46.07810592651367,302900,0.0,0.0
2008-06-16 00:00:00-04:00,45.5175233280312,45.75049827152891,45.175340164708764,45.539363861083984,299300,0.0,0.0
2008-06-17 00:00:00-04:00,45.502965230060866,45.77234200658426,45.16078204280102,45.320953369140625,303400,0.0,0.0
2008-06-18 00:00:00-04:00,45.35735096649384,45.49568174538456,44.170632966049915,44.46185302734375,322300,0.0,0.0
2008-06-19 00:00:00-04:00,44.34535449918158,44.738500650699095,43.762917299125796,44.70209884643555,400000,0.0,0.0
2008-06-20 00:00:00-04:00,44.57105068966651,44.59289121704332,43.41345552494105,44.119659423828125,393800,0.0,0.0
2008-06-23 00:00:00-04:00,44.2143115771686,44.672982147390215,43.675558137982584,43.79204559326172,210200,0.0,0.0
2008-06-24 00:00:00-04:00,43.55178734061501,43.68283607101043,42.41603260294796,42.63444900512695,381400,0.0,0.0
2008-06-25 00:00:00-04:00,42.59077393883631,43.07856437563945,41.18564220038115,42.2194709777832,337800,0.0,0.0
2008-06-26 00:00:00-04:00,41.92823585531366,42.21217380199334,40.40661718708713,40.93809127807617,221800,0.0,0.0
2008-06-27 00:00:00-04:00,40.92353251222712,40.952655066821755,39.77321937853559,40.01347351074219,718400,0.0,0.0
2008-06-30 00:00:00-04:00,39.765941796807,39.9188338368813,38.75395651838748,38.97237014770508,350400,0.0,0.0
2008-07-01 00:00:00-04:00,38.637467711785725,38.97965081134937,37.37794629028703,38.382652282714844,389200,0.0,0.0
2008-07-02 00:00:00-04:00,37.65460876784146,38.288009166823805,35.88545353509753,35.93641662597656,671300,0.0,0.0
2008-07-03 00:00:00-04:00,35.96553259505608,36.75910414982576,35.6743126057301,35.9800910949707,224400,0.0,0.0
2008-07-07 00:00:00-04:00,36.00194489627928,37.23234401649858,35.49959040708737,36.555259704589844,559700,0.0,0.0
2008-07-08 00:00:00-04:00,36.71542449146002,37.45075102103269,34.53128265509609,36.94112014770508,604400,0.0,0.0
2008-07-09 00:00:00-04:00,37.05034305726894,37.67646445685904,35.71073532104492,35.71073532104492,559500,0.0,0.0
2008-07-10 00:00:00-04:00,35.73256790162748,36.28588270635769,34.94627537264829,35.62335968017578,555200,0.0,0.0
2008-07-11 00:00:00-04:00,35.37583032679133,35.73985409933403,34.480332179609995,34.858917236328125,669300,0.0,0.0
2008-07-14 00:00:00-04:00,35.215648959684,35.96553960633753,35.164685868208934,35.45590591430664,762300,0.0,0.0
2008-07-15 00:00:00-04:00,35.492308152255646,35.601516365174675,34.458482253017785,34.97539520263672,253600,0.0,0.0
2008-07-16 00:00:00-04:00,35.17924451900094,36.962960919156835,35.17924451900094,36.83919143676758,327600,0.0,0.0
2008-07-17 00:00:00-04:00,36.8391873812174,37.6910040533829,36.00193476367318,36.526126861572266,451800,0.0,0.0
2008-07-18 00:00:00-04:00,36.380525941305386,37.00664708899651,35.61607402355962,35.93641662597656,362900,0.0,0.0
2008-07-21 00:00:00-04:00,36.19849997902124,36.875583953294715,36.045607988784695,36.70085144042969,193100,0.0,0.0
2008-07-22 00:00:00-04:00,35.4267786023634,36.52612871322745,35.23020551420629,36.40964126586914,210200,0.0,0.0
2008-07-23 00:00:00-04:00,36.60715928080306,39.079823060994045,35.18793511856551,37.989803314208984,393700,0.24,0.0
2008-07-24 00:00:00-04:00,38.01176509447512,38.17270879865552,36.490125421883604,36.79737854003906,306200,0.0,0.0
2008-07-25 00:00:00-04:00,37.068053599256544,37.748402965850936,36.40233573191585,37.52162170410156,184600,0.0,0.0
2008-07-28 00:00:00-04:00,37.302141848369224,38.25316664435551,36.94367721776643,38.22390365600586,332800,0.0,0.0
2008-07-29 00:00:00-04:00,39.277347564697266,39.562657525588406,38.36290007518946,39.277347564697266,342200,0.0,0.0
2008-07-30 00:00:00-04:00,39.51144229782913,40.074742234909515,38.52384021543605,39.4748649597168,271600,0.0,0.0
2008-07-31 00:00:00-04:00,38.999353151893416,39.23345145963047,38.12879745374126,38.58967971801758,244800,0.0,0.0
2008-08-01 00:00:00-04:00,38.845735340357955,38.845735340357955,36.94368533069052,37.8508186340332,157100,0.0,0.0
2008-08-04 00:00:00-04:00,37.909355994595884,38.02640522675233,36.37308447370824,36.51939392089844,340200,0.0,0.0
2008-08-05 00:00:00-04:00,36.99489252120432,37.26556823409024,36.051181911946124,36.67300796508789,411000,0.0,0.0
2008-08-06 00:00:00-04:00,36.343822599731986,37.2363247668882,36.343822599731986,37.03148651123047,277100,0.0,0.0
2008-08-07 00:00:00-04:00,34.200340447502974,36.380383204249185,31.025378249412693,31.85935401916504,1507600,0.0,0.0
2008-08-08 00:00:00-04:00,32.18854719923445,33.76871213193363,32.012972077524815,32.94205093383789,706900,0.0,0.0
2008-08-11 00:00:00-04:00,32.81769347306066,34.10523437014771,32.261707810859676,34.09060287475586,480600,0.0,0.0
2008-08-12 00:00:00-04:00,33.680930703082645,34.93920855471551,33.527304194151604,34.69779586791992,301200,0.0,0.0
2008-08-13 00:00:00-04:00,34.90995805551754,36.16092190268557,34.67585965572024,35.40010070800781,383200,0.0,0.0
2008-08-14 00:00:00-04:00,35.73662614922712,36.2194545738382,34.792917949310315,35.882938385009766,310600,0.0,0.0
2008-08-15 00:00:00-04:00,36.21212059685118,36.74615759602508,35.714660939135605,36.62910842895508,345200,0.0,0.0
2008-08-18 00:00:00-04:00,36.651060411189675,37.104628451352774,36.48280237977668,36.81200408935547,309300,0.0,0.0
2008-08-19 00:00:00-04:00,36.855908226154135,37.5289405279406,36.40965721312579,37.068058013916016,221200,0.0,0.0
2008-08-20 00:00:00-04:00,37.47771875396888,37.953232605114955,36.81200103676789,37.87276077270508,306000,0.0,0.0
2008-08-21 00:00:00-04:00,37.85813371951764,38.15075809158981,37.49235464976385,38.04102325439453,312000,0.0,0.0
2008-08-22 00:00:00-04:00,38.399488528217326,38.765267603282304,38.04102380675758,38.479957580566406,150800,0.0,0.0
2008-08-25 00:00:00-04:00,38.36289956641919,38.516528863529985,38.0410150590233,38.319007873535156,236300,0.0,0.0
2008-08-26 00:00:00-04:00,38.33366052091209,38.692122567071316,37.86546080997186,38.59701919555664,199100,0.0,0.0
2008-08-27 00:00:00-04:00,38.67016850432898,39.55535329332571,37.894715775485146,39.518775939941406,341800,0.0,0.0
2008-08-28 00:00:00-04:00,39.48219070861789,40.528318992577866,39.379773023308125,40.3088493347168,201000,0.0,0.0
2008-08-29 00:00:00-04:00,40.32347674340534,40.59415521648067,39.35050604092695,39.54802703857422,85100,0.0,0.0
2008-09-02 00:00:00-04:00,40.352744400516436,40.352744400516436,37.36798882466214,37.858131408691406,415300,0.0,0.0
2008-09-03 00:00:00-04:00,37.90202200278289,37.90202200278289,37.06072916391479,37.4118766784668,262800,0.0,0.0
2008-09-04 00:00:00-04:00,37.346036457465516,37.346036457465516,35.70003090829607,36.17554473876953,380300,0.0,0.0
2008-09-05 00:00:00-04:00,35.71467019917078,36.468174233134064,35.15137006450987,36.39501953125,295600,0.0,0.0
2008-09-08 00:00:00-04:00,37.22168724408085,37.41920832080378,35.517155058290435,36.402339935302734,251200,0.0,0.0
2008-09-09 00:00:00-04:00,36.43160233257725,36.746172620951725,35.48057711244033,35.76588439941406,382100,0.0,0.0
2008-09-10 00:00:00-04:00,35.758559745206576,36.665690201970314,35.40009505797612,35.634193420410156,353100,0.0,0.0
2008-09-11 00:00:00-04:00,35.37083436166275,36.45354284656213,34.91726910383049,35.81708526611328,610800,0.0,0.0
2008-09-12 00:00:00-04:00,35.56836028935426,37.2728923013338,34.70512135644437,37.04610824584961,425600,0.0,0.0
2008-09-15 00:00:00-04:00,36.204814472372995,36.62911675292235,35.114791588904666,35.341575622558594,189300,0.0,0.0
2008-09-16 00:00:00-04:00,34.81484693492143,37.25093373595859,34.77095244825797,37.03878402709961,436800,0.0,0.0
2008-09-17 00:00:00-04:00,36.54864206268656,36.94368410705814,34.46370259073553,35.03431701660156,455700,0.0,0.0
2008-09-18 00:00:00-04:00,35.970706306852236,36.59984664711378,34.49296157033809,35.53177261352539,680500,0.0,0.0
2008-09-19 00:00:00-04:00,37.536245986713595,37.653295167566355,35.11478774389846,36.32917404174805,524500,0.0,0.0
2008-09-22 00:00:00-04:00,36.27796193313727,36.71689562414613,34.83679175622667,35.063575744628906,347400,0.0,0.0
2008-09-23 00:00:00-04:00,36.138973966289726,36.138973966289726,33.58583477793673,33.805301666259766,431500,0.0,0.0
2008-09-24 00:00:00-04:00,34.141815945567934,34.80753651039549,33.62972749673558,33.76872253417969,301400,0.0,0.0
2008-09-25 00:00:00-04:00,34.01744562634954,34.222280965063,33.43219980811668,33.86381912231445,275900,0.0,0.0
2008-09-26 00:00:00-04:00,33.12495384438887,33.65167663252197,32.934749943492484,33.622413635253906,267200,0.0,0.0
2008-09-29 00:00:00-04:00,33.00792059693604,33.58585251423504,30.644986843785283,31.266813278198242,395000,0.0,0.0
2008-09-30 00:00:00-04:00,31.64720475109777,32.429974549157706,31.310688667499647,31.42042350769043,270400,0.0,0.0
2008-10-01 00:00:00-04:00,31.17899644036917,31.45698921951111,30.491333029514756,30.762008666992188,225600,0.0,0.0
2008-10-02 00:00:00-04:00,30.37429306731295,31.296055058175735,28.962385691515923,29.167221069335938,390800,0.0,0.0
2008-10-03 00:00:00-04:00,29.401325650244033,30.49866304716689,28.106467186994262,28.143047332763672,278400,0.0,0.0
2008-10-06 00:00:00-04:00,27.323697055106237,27.5285352442762,24.872978255067334,26.52629852294922,336300,0.0,0.0
2008-10-07 00:00:00-04:00,26.731137016649768,27.36759186256818,24.872978538429123,24.880292892456055,301200,0.0,0.0
2008-10-08 00:00:00-04:00,24.075574038758287,25.780105544503968,21.946740337634623,24.697397232055664,409900,0.0,0.0
2008-10-09 00:00:00-04:00,25.158287403238027,25.88253128804754,21.94674717919082,22.04184913635254,226600,0.0,0.0
2008-10-10 00:00:00-04:00,20.571414879110847,23.007503354698255,18.998563810135483,21.646804809570312,361100,0.0,0.0
2008-10-13 00:00:00-04:00,22.54662286992914,25.685008129883876,22.54662286992914,25.58990478515625,171800,0.0,0.0
2008-10-14 00:00:00-04:00,26.32877939615118,27.331013293576586,23.124553875197403,23.614696502685547,287100,0.0,0.0
2008-10-15 00:00:00-04:00,22.8831416750484,23.205026287925246,18.771783855514403,19.005882263183594,585300,0.0,0.0
2008-10-16 00:00:00-04:00,18.662048428283924,19.774017142485803,17.623235807578354,18.98393440246582,816500,0.0,0.0
2008-10-17 00:00:00-04:00,18.369426025535077,18.705942112697212,17.57202751163258,17.879281997680664,577900,0.0,0.0
2008-10-20 00:00:00-04:00,18.164586659796573,19.54723095322062,18.106062070533554,19.503337860107422,413700,0.0,0.0
2008-10-21 00:00:00-04:00,19.269245201046452,21.646809610333218,19.086355631101316,20.293426513671875,412100,0.0,0.0
2008-10-22 00:00:00-04:00,20.10155628546766,20.418871829149264,18.396909270996154,18.979883193969727,389900,0.24,0.0
2008-10-23 00:00:00-04:00,19.083195018719767,20.234385016208034,17.430203856104537,18.241939544677734,380200,0.0,0.0
2008-10-24 00:00:00-04:00,17.34165391564442,18.603535290920746,17.208824000875538,17.909870147705078,316200,0.0,0.0
2008-10-27 00:00:00-04:00,17.77703650875945,19.053676808787365,17.74751813054404,17.90248680114746,308900,0.0,0.0
2008-10-28 00:00:00-04:00,18.662565991911666,20.123691764281766,17.93200169821304,19.990861892700195,322300,0.0,0.0
2008-10-29 00:00:00-04:00,20.09417794343115,22.49249154658987,19.762104596732893,21.76930809020996,344500,0.0,0.0
2008-10-30 00:00:00-04:00,22.60318240553214,23.525610703966613,21.688133702386814,23.39278221130371,318700,0.0,0.0
2008-10-31 00:00:00-04:00,23.053324402146696,24.831767189256023,22.47772872369345,24.765352249145508,265500,0.0,0.0
2008-11-03 00:00:00-05:00,25.673026013193894,26.993944060294723,24.543971820546993,26.049375534057617,262200,0.0,0.0
2008-11-04 00:00:00-05:00,26.22647968301989,27.215322842045687,25.92392334111791,27.067733764648438,272600,0.0,0.0
2008-11-05 00:00:00-05:00,25.997717330879517,27.79829625251318,25.599227653255046,25.628746032714844,527200,0.0,0.0
2008-11-06 00:00:00-05:00,25.222885698412444,26.1526924087831,22.765536175257488,22.831951141357422,372100,0.0,0.0
2008-11-07 00:00:00-05:00,23.045947901942768,24.086446893345563,22.477731741385533,23.060707092285156,354900,0.0,0.0
2008-11-10 00:00:00-05:00,23.916716430628465,24.90555949811779,22.551522517377062,22.9573917388916,305100,0.0,0.0
2008-11-11 00:00:00-05:00,23.820782735822405,23.820782735822405,21.474126794079094,21.58481788635254,349200,0.0,0.0
2008-11-12 00:00:00-05:00,21.223233282427344,21.260129856267206,18.95774930531653,19.01678466796875,393700,0.0,0.0
2008-11-13 00:00:00-05:00,19.156991930571987,20.551704598994217,17.33427395741334,20.529565811157227,428800,0.0,0.0
2008-11-14 00:00:00-05:00,20.322936804098042,21.127292821460617,18.544494112320447,18.714221954345703,355700,0.0,0.0
2008-11-17 00:00:00-05:00,18.48546814943365,19.51858928332594,17.341657275142726,17.68848991394043,318200,0.0,0.0
2008-11-18 00:00:00-05:00,17.769661308941284,18.44856869314976,15.932184036005259,16.633230209350586,231400,0.0,0.0
2008-11-19 00:00:00-05:00,16.581568421460606,16.581568421460606,13.843802264690941,13.865941047668457,345600,0.0,0.0
2008-11-20 00:00:00-05:00,13.806905280556313,14.758851903968932,11.39383336021098,11.452869415283203,494500,0.0,0.0
2008-11-21 00:00:00-05:00,12.50075120707248,12.79592804039771,11.076521402824804,11.777566909790039,637100,0.0,0.0
2008-11-24 00:00:00-05:00,12.522886452082105,13.13537880449064,12.006327433823754,12.928755760192871,442000,0.0,0.0
2008-11-25 00:00:00-05:00,13.386276546859614,13.991389173793953,13.098479421247823,13.89545726776123,384200,0.0,0.0
2008-11-26 00:00:00-05:00,13.60028163616608,15.459897229293793,13.489590533423327,15.437758445739746,268500,0.0,0.0
2008-11-28 00:00:00-05:00,15.22374855893506,15.592719697525483,14.707189809416384,15.577961921691895,102100,0.0,0.0
2008-12-01 00:00:00-05:00,15.231137886296137,15.496797726294263,13.747872792163424,13.858565330505371,313200,0.0,0.0
2008-12-02 00:00:00-05:00,14.168502088740523,14.94334145292348,13.770012307722428,14.662923812866211,423000,0.0,0.0
2008-12-03 00:00:00-05:00,14.293948078347615,14.618641792969642,13.26082736314415,14.412018775939941,245700,0.0,0.0
2008-12-04 00:00:00-05:00,14.271811390477698,14.736714654577055,13.03206747619415,13.489592552185059,225900,0.0,0.0
2008-12-05 00:00:00-05:00,13.297727017199279,13.806906437129058,12.471230622037247,13.784769058227539,260000,0.0,0.0
2008-12-08 00:00:00-05:00,13.873322397444403,15.85838868322974,13.873322397444403,15.408243179321289,258200,0.0,0.0
2008-12-09 00:00:00-05:00,15.312307262322733,16.972677929321584,14.928576814813054,15.592724800109863,427800,0.0,0.0
2008-12-10 00:00:00-05:00,15.821485803137243,16.83246612548828,15.718172907722836,16.83246612548828,400900,0.0,0.0
2008-12-11 00:00:00-05:00,16.507776756438336,17.208821389367486,15.718176983749812,16.131425857543945,526500,0.0,0.0
2008-12-12 00:00:00-05:00,15.799357202237584,16.68488923548184,15.408246962843737,16.64061164855957,336900,0.0,0.0
2008-12-15 00:00:00-05:00,16.662747901846608,17.452346450568943,15.688663658282076,16.138809204101562,414200,0.0,0.0
2008-12-16 00:00:00-05:00,16.456120439916916,17.03171621040127,15.887905672306838,16.99481964111328,346700,0.0,0.0
2008-12-17 00:00:00-05:00,16.751299708140454,17.85821374856787,16.507778675546984,17.135028839111328,408800,0.0,0.0
2008-12-18 00:00:00-05:00,17.142411061568954,17.415450519349925,15.592730886020396,15.762458801269531,241300,0.0,0.0
2008-12-19 00:00:00-05:00,15.880521881813005,16.71439623205775,15.548447215889174,15.97645378112793,597400,0.0,0.0
2008-12-22 00:00:00-05:00,16.0354902008581,16.249494201646957,14.323463824601726,14.876920700073242,319100,0.0,0.0
2008-12-23 00:00:00-05:00,14.943338277842368,15.622245554667119,14.670298885064577,15.009753227233887,283400,0.0,0.0
2008-12-24 00:00:00-05:00,15.068790375789831,15.41562294695745,14.662922443412532,15.127825736999512,111100,0.0,0.0
2008-12-26 00:00:00-05:00,15.194238006391284,15.282790328783603,14.30870633738537,14.840025901794434,181800,0.0,0.0
2008-12-29 00:00:00-05:00,14.876927850925128,15.445144187335465,14.30871151451479,14.670303344726562,317300,0.0,0.0
2008-12-30 00:00:00-05:00,14.758850834529781,15.76245314168219,14.330844216628966,15.755073547363281,309500,0.0,0.0
2008-12-31 00:00:00-05:00,15.77721182798988,16.8177121664333,15.77721182798988,16.618467330932617,225400,0.0,0.0
2009-01-02 00:00:00-05:00,16.647978121521287,17.85820446717751,16.478251728003826,17.341644287109375,282600,0.0,0.0
2009-01-05 00:00:00-05:00,17.46709571532707,17.71061663779623,16.618462282935337,17.03908920288086,314800,0.0,0.0
2009-01-06 00:00:00-05:00,17.356414283646306,18.4116726696715,17.208825166679404,17.932008743286133,559500,0.0,0.0
2009-01-07 00:00:00-05:00,17.45972359293468,18.293599604610602,17.16454680418327,17.393308639526367,508800,0.0,0.0
2009-01-08 00:00:00-05:00,16.817710045284628,17.658964034609678,16.44135920597774,16.96529769897461,313000,0.0,0.0
2009-01-09 00:00:00-05:00,17.04647828358587,17.17930820750566,16.13880901348614,16.470882415771484,195600,0.0,0.0
2009-01-12 00:00:00-05:00,17.341647619019685,17.902484051344924,16.618464353987218,16.795570373535156,764300,0.0,0.0
2009-01-13 00:00:00-05:00,16.810336020982366,18.175528955612595,16.58895235582936,17.76228141784668,427300,0.0,0.0
2009-01-14 00:00:00-05:00,17.393306543452653,17.65896632507114,16.684882335821737,17.41544532775879,418100,0.0,0.0
2009-01-15 00:00:00-05:00,17.378553786121067,18.197670810943084,16.861994628744778,18.16077423095703,571900,0.0,0.0
2009-01-16 00:00:00-05:00,18.36001162879456,18.684706773266775,16.994818918029658,17.821313858032227,352700,0.0,0.0
2009-01-20 00:00:00-05:00,17.740143781591147,18.175528694354213,16.26425833184203,16.426605224609375,281100,0.0,0.0
2009-01-21 00:00:00-05:00,16.315913778105497,18.32311744378158,16.315913778105497,18.24932289123535,369900,0.0,0.0
2009-01-22 00:00:00-05:00,17.682988752552816,17.89163810308681,16.967621987248986,17.206077575683594,181300,0.24,0.0
2009-01-23 00:00:00-05:00,16.75896856385075,19.02429894606032,16.676998942256816,18.56974220275879,280500,0.0,0.0
2009-01-26 00:00:00-05:00,18.562290451955416,20.074994690976016,17.988505938398593,19.352174758911133,302400,0.0,0.0
2009-01-27 00:00:00-05:00,19.381985217114465,20.469939097285046,19.381985217114465,19.903606414794922,162100,0.0,0.0
2009-01-28 00:00:00-05:00,20.224033456572965,20.4326828074179,19.754574193806132,20.19422721862793,233600,0.0,0.0
2009-01-29 00:00:00-05:00,19.97812616368927,20.201679346518368,19.38198718542656,19.5012149810791,225500,0.0,0.0
2009-01-30 00:00:00-05:00,19.627899480947093,19.635351397657118,18.204616079411277,18.5101375579834,239600,0.0,0.0
2009-02-02 00:00:00-05:00,18.21205781714119,18.94232819087169,17.906536509329307,18.33873748779297,236900,0.0,0.0
2009-02-03 00:00:00-05:00,18.457972505564157,19.00194954353992,18.30893703866043,18.64426612854004,257400,0.0,0.0
2009-02-04 00:00:00-05:00,18.59210400693199,19.531022609183175,18.554844429821998,19.009401321411133,298300,0.0,0.0
2009-02-05 00:00:00-05:00,18.793304616454485,20.104812202772752,18.64427053562997,19.955778121948242,218400,0.0,0.0
2009-02-06 00:00:00-05:00,19.873805160630493,21.080988548215107,19.836547001924874,20.82762908935547,257200,0.0,0.0
2009-02-09 00:00:00-05:00,20.79036704265846,21.788900927620148,20.47739371421812,20.708398818969727,290000,0.0,0.0
2009-02-10 00:00:00-05:00,20.6711397367715,21.080986550227625,19.06901490204396,19.35963249206543,346200,0.0,0.0
2009-02-11 00:00:00-05:00,19.531025594692437,20.753112905865002,18.94979031600442,19.583189010620117,239900,0.0,0.0
2009-02-12 00:00:00-05:00,19.195694859474152,19.858899694761966,18.830559533231,19.791833877563477,274100,0.0,0.0
2009-02-13 00:00:00-05:00,19.87380497314089,20.529557940803922,19.493765788436722,19.717317581176758,254500,0.0,0.0
2009-02-17 00:00:00-05:00,18.897622932738795,19.173336660341008,17.60847016142524,17.809667587280273,355500,0.0,0.0
2009-02-18 00:00:00-05:00,17.511598779825988,17.58611650570375,15.618855080544902,17.191173553466797,608400,0.0,0.0
2009-02-19 00:00:00-05:00,17.370024573746907,17.750063900699157,16.63975359472878,16.69936752319336,415700,0.0,0.0
2009-02-20 00:00:00-05:00,16.33422688796841,17.161371128486646,16.073415500107842,16.773880004882812,234500,0.0,0.0
2009-02-23 00:00:00-05:00,16.989973598568167,17.332754518212024,15.909471708269937,15.961633682250977,253200,0.0,0.0
2009-02-24 00:00:00-05:00,16.095770653179482,17.161370492975404,15.678473300840347,17.027238845825195,179100,0.0,0.0
2009-02-25 00:00:00-05:00,16.92290875280225,17.04958844875428,16.06595853727136,16.550321578979492,154200,0.0,0.0
2009-02-26 00:00:00-05:00,16.751523601496512,17.444536162830452,15.805151578571499,16.229902267456055,119500,0.0,0.0
2009-02-27 00:00:00-05:00,15.857304919307168,16.960162215566776,15.44745832290468,16.42363739013672,160400,0.0,0.0
2009-03-02 00:00:00-05:00,16.021251460482702,16.04360720674944,14.419126598695941,14.463836669921875,285300,0.0,0.0
2009-03-03 00:00:00-05:00,14.68739160428742,15.05252843192277,14.17322212140403,14.292449951171875,249700,0.0,0.0
2009-03-04 00:00:00-05:00,14.448934217622895,15.156850615894252,14.404224142131257,14.724649429321289,279500,0.0,0.0
2009-03-05 00:00:00-05:00,14.389322808872526,14.597972232915975,12.384803924063208,12.474224090576172,372700,0.0,0.0
2009-03-06 00:00:00-05:00,12.682871684172758,13.15978296023312,12.191056575408581,12.444416046142578,273400,0.0,0.0
2009-03-09 00:00:00-04:00,12.35499224863177,13.368429949255848,12.35499224863177,13.204490661621094,301500,0.0,0.0
2009-03-10 00:00:00-04:00,13.54727213627039,14.434030156433677,13.137425323646848,14.366964340209961,423300,0.0,0.0
2009-03-11 00:00:00-04:00,14.419125177773779,14.724646573440767,13.74846849024399,13.979472160339355,265700,0.0,0.0
2009-03-12 00:00:00-04:00,13.972023523930035,14.024185517676804,13.092717282748135,13.442950248718262,442800,0.0,0.0
2009-03-13 00:00:00-04:00,13.510011006728725,13.979471666324685,13.308815002494947,13.569624900817871,263400,0.0,0.0
2009-03-16 00:00:00-04:00,13.785730945593059,14.508549840258738,13.54727528637584,14.061446189880371,267400,0.0,0.0
2009-03-17 00:00:00-04:00,13.979471964645214,14.419124975925076,13.137424093696033,13.591980934143066,312300,0.0,0.0
2009-03-18 00:00:00-04:00,13.577079589710227,14.121058083406123,13.204492320188246,14.0912504196167,267100,0.0,0.0
2009-03-19 00:00:00-04:00,13.442942753835887,15.425105938938358,13.442942753835887,15.089776992797852,310500,0.0,0.0
2009-03-20 00:00:00-04:00,15.283530954787144,15.507082762435143,14.732101930788716,15.454920768737793,524600,0.0,0.0
2009-03-23 00:00:00-04:00,15.790258082731238,16.602498917360585,15.574156658238813,16.595046997070312,331500,0.0,0.0
2009-03-24 00:00:00-04:00,16.229899019243557,16.311867237136223,15.782794092900184,16.013797760009766,311600,0.0,0.0
2009-03-25 00:00:00-04:00,16.14047264673547,17.012326495356668,16.08085876910782,16.92290496826172,372300,0.0,0.0
2009-03-26 00:00:00-04:00,17.079392424963917,18.450513042914785,16.937808931450792,18.353639602661133,374100,0.0,0.0
2009-03-27 00:00:00-04:00,18.04066806559275,18.80819806137131,17.697888589869013,18.30147933959961,317100,0.0,0.0
2009-03-30 00:00:00-04:00,17.720250644160632,17.80221887508836,16.557777366543117,16.85584831237793,395300,0.0,0.0
2009-03-31 00:00:00-04:00,17.01977860222817,17.548851594556503,16.75151543918452,17.22842788696289,279500,0.0,0.0
2009-04-01 00:00:00-04:00,17.101749436448266,19.061557069140424,16.535416841506958,18.897619247436523,335700,0.0,0.0
2009-04-02 00:00:00-04:00,19.501213305931184,20.462487503470097,19.501213305931184,20.26129150390625,306100,0.0,0.0
2009-04-03 00:00:00-04:00,20.179326207735517,20.686045115348566,19.918514838074962,20.417781829833984,425000,0.0,0.0
2009-04-06 00:00:00-04:00,20.164422598375307,20.43268588684796,19.240406341901057,19.6800594329834,220100,0.0,0.0
2009-04-07 00:00:00-04:00,19.247859306405697,19.590640351606446,18.67407453982887,18.741140365600586,215600,0.0,0.0
2009-04-08 00:00:00-04:00,18.964684341822995,19.63534085111641,18.73367931181306,19.538467407226562,143000,0.0,0.0
2009-04-09 00:00:00-04:00,20.402874943152863,21.1555012760258,19.70986392818581,20.924497604370117,224500,0.0,0.0
2009-04-13 00:00:00-04:00,20.559365507958233,22.273266367734685,20.253844062705106,21.975196838378906,241200,0.0,0.0
2009-04-14 00:00:00-04:00,21.68457422412684,22.399940929606235,21.24492123672739,21.692026138305664,274200,0.0,0.0
2009-04-15 00:00:00-04:00,21.833609016694844,22.18384188896132,21.386505520596334,21.82615852355957,324800,0.0,0.0
2009-04-16 00:00:00-04:00,22.139127197757485,22.638394022687518,21.654764199555427,22.317970275878906,246600,0.0,0.0
2009-04-17 00:00:00-04:00,22.258365157056698,22.4819169607969,21.416317092266,22.221105575561523,186500,0.0,0.0
2009-04-20 00:00:00-04:00,21.49827892652541,21.49827892652541,20.25383778362179,20.343257904052734,271200,0.0,0.0
2009-04-21 00:00:00-04:00,20.268746170466468,21.6175115643944,19.4714082929623,21.565349578857422,179300,0.0,0.0
2009-04-22 00:00:00-04:00,21.05863152700206,22.593690598047868,21.05863152700206,21.744192123413086,203800,0.0,0.0
2009-04-23 00:00:00-04:00,21.894455269346015,22.2250514331481,20.880128508041086,21.654022216796875,265000,0.24,0.0
2009-04-24 00:00:00-04:00,21.556356849605425,22.901280400057615,21.458679980907036,22.397872924804688,211300,0.0,0.0
2009-04-27 00:00:00-04:00,21.789272596526864,22.548140538239306,21.481217477913177,21.60894775390625,170900,0.0,0.0
2009-04-28 00:00:00-04:00,21.29337863839864,21.811813449735237,20.857593249576485,21.376028060913086,128600,0.0,0.0
2009-04-29 00:00:00-04:00,21.526294340813255,22.87121884660784,21.526294340813255,22.164945602416992,216000,0.0,0.0
2009-04-30 00:00:00-04:00,23.134188296860273,23.494837840943337,21.623966718781823,22.194995880126953,289600,0.0,0.0
2009-05-01 00:00:00-04:00,22.119869031205273,22.916304117293954,22.067274464165614,22.61576271057129,207300,0.0,0.0
2009-05-04 00:00:00-04:00,22.938843572488636,24.020792557086097,22.743491314218282,23.622575759887695,296700,0.0,0.0
2009-05-05 00:00:00-04:00,23.945658605731914,24.509172813722497,23.750306344851136,24.306306838989258,330300,0.0,0.0
2009-05-06 00:00:00-04:00,24.531721447732778,25.147831804870414,24.35890741953538,24.779666900634766,213300,0.0,0.0
2009-05-07 00:00:00-04:00,24.73457230572688,24.87733140009587,22.750999637290928,23.06656837463379,186700,0.0,0.0
2009-05-08 00:00:00-04:00,23.93063679729214,23.93063679729214,23.337066161418235,23.878042221069336,213600,0.0,0.0
2009-05-11 00:00:00-04:00,23.449763863402445,23.817928682043334,23.07408676389447,23.2393856048584,226400,0.0,0.0
2009-05-12 00:00:00-04:00,23.47981435883994,23.667652873710658,22.54062178448634,23.126678466796875,154900,0.0,0.0
2009-05-13 00:00:00-04:00,22.623271891902483,23.051543489807283,21.421105072792788,21.811809539794922,241500,0.0,0.0
2009-05-14 00:00:00-04:00,21.856897802974018,22.98392930976294,21.13559689341988,22.623279571533203,317100,0.0,0.0
2009-05-15 00:00:00-04:00,22.60824419354416,22.87121840597269,22.232567156673163,22.427919387817383,229300,0.0,0.0
2009-05-18 00:00:00-04:00,22.77354327988138,23.832952488573277,22.675867873539225,23.7578182220459,191300,0.0,0.0
2009-05-19 00:00:00-04:00,23.532413863722468,24.62939033342991,23.111655903172505,24.0433349609375,245700,0.0,0.0
2009-05-20 00:00:00-04:00,24.328850368215914,25.41831455696451,23.96819925461918,24.11846923828125,225900,0.0,0.0
2009-05-21 00:00:00-04:00,23.367118178339403,23.51738817309181,21.61646277946676,21.932031631469727,364500,0.0,0.0
2009-05-22 00:00:00-04:00,21.97710666881273,22.856190992889008,21.826835280745577,21.99213409423828,169900,0.0,0.0
2009-05-26 00:00:00-04:00,21.811812223445948,23.94565819580589,21.789271082274453,23.720251083374023,174300,0.0,0.0
2009-05-27 00:00:00-04:00,23.464785077477718,24.358895305704138,22.998946399982174,23.06656837463379,217100,0.0,0.0
2009-05-28 00:00:00-04:00,23.209324675379957,23.53992083769992,22.149915646651053,22.645809173583984,304100,0.0,0.0
2009-05-29 00:00:00-04:00,22.796087633650448,23.397170449180038,22.593221645998785,23.344575881958008,194100,0.0,0.0
2009-06-01 00:00:00-04:00,23.772843532349597,25.313118881407306,23.772843532349597,24.975011825561523,250600,0.0,0.0
2009-06-02 00:00:00-04:00,24.764625748464024,26.169659712482556,24.419003615938905,25.899171829223633,251900,0.0,0.0
2009-06-03 00:00:00-04:00,25.561064858385137,26.04193098678042,24.884845073961635,25.328144073486328,344600,0.0,0.0
2009-06-04 00:00:00-04:00,25.485929866696026,27.06377520696274,24.899874581956407,26.755720138549805,211600,0.0,0.0
2009-06-05 00:00:00-04:00,27.116370931957633,27.424426013627553,26.387556501538423,26.82334327697754,398200,0.0,0.0
2009-06-08 00:00:00-04:00,26.507773741849423,26.673072573570224,25.621175607291995,26.041934967041016,259800,0.0,0.0
2009-06-09 00:00:00-04:00,26.282366604071,27.116370130479773,25.884149840220807,26.590421676635742,155000,0.0,0.0
2009-06-10 00:00:00-04:00,26.928527801950732,27.86772031336616,26.718149596573863,27.499555587768555,189200,0.0,0.0
2009-06-11 00:00:00-04:00,27.604759980223758,28.108166017131065,27.409406244864673,27.612272262573242,202000,0.0,0.0
2009-06-12 00:00:00-04:00,27.439448811297137,27.6197721687774,26.770744200447318,27.003662109375,161900,0.0,0.0
2009-06-15 00:00:00-04:00,26.37252794382103,26.47020478002156,25.18538994812312,25.508472442626953,207100,0.0,0.0
2009-06-16 00:00:00-04:00,25.951773204359633,26.996155021331102,25.072687352497564,25.253013610839844,184500,0.0,0.0
2009-06-17 00:00:00-04:00,25.192906560308405,26.169669357904223,24.899878867505237,25.636205673217773,185500,0.0,0.0
2009-06-18 00:00:00-04:00,25.463396565945853,26.63551029645428,25.147829138225795,26.229778289794922,197400,0.0,0.0
2009-06-19 00:00:00-04:00,26.65052752344748,27.416908953896748,26.387551901501944,26.47771644592285,217300,0.0,0.0
2009-06-22 00:00:00-04:00,26.17718202310617,26.17718202310617,25.576099200053296,25.77145004272461,217100,0.0,0.0
2009-06-23 00:00:00-04:00,25.801511774894127,26.267350728603073,25.395779686410652,25.763944625854492,199900,0.0,0.0
2009-06-24 00:00:00-04:00,25.8616054040714,26.96609679093112,25.8616054040714,26.552852630615234,196300,0.0,0.0
2009-06-25 00:00:00-04:00,26.23729104792012,27.033727645874023,26.117074473341155,27.033727645874023,97400,0.0,0.0
2009-06-26 00:00:00-04:00,26.770753434987594,27.67237913196792,26.688104006720945,27.42443084716797,216400,0.0,0.0
2009-06-29 00:00:00-04:00,27.41691607722452,27.724971185229794,26.98864154542322,26.996156692504883,144200,0.0,0.0
2009-06-30 00:00:00-04:00,27.101343331839026,27.514587531504663,26.853397958515064,26.98112678527832,119200,0.0,0.0
2009-07-01 00:00:00-04:00,27.259116791901345,28.048040628250874,26.845872747167654,26.966089248657227,131600,0.0,0.0
2009-07-02 00:00:00-04:00,26.410101117129148,26.590424518975425,25.906692315748305,25.989341735839844,78100,0.0,0.0
2009-07-06 00:00:00-04:00,25.733889517239835,25.77897181537571,23.25442044356124,23.67517852783203,280000,0.0,0.0
2009-07-07 00:00:00-04:00,23.615061348262245,24.073387841932604,23.149221141061876,23.254411697387695,293800,0.0,0.0
2009-07-08 00:00:00-04:00,23.434740669804548,23.75030952843599,22.653331521538274,23.111658096313477,227000,0.0,0.0
2009-07-09 00:00:00-04:00,23.667655822497768,24.02830547204081,23.201815617017264,23.352087020874023,139600,0.0,0.0
2009-07-10 00:00:00-04:00,23.11916866560586,23.38965519827746,22.36030076516915,23.141708374023438,73900,0.0,0.0
2009-07-13 00:00:00-04:00,23.119169338820505,23.953171535727233,23.119169338820505,23.810415267944336,97800,0.0,0.0
2009-07-14 00:00:00-04:00,23.72024751721179,24.073384843668514,23.171759395682418,23.5399227142334,80300,0.0,0.0
2009-07-15 00:00:00-04:00,23.93062993599543,25.140309141569677,23.923116222532943,25.110254287719727,79900,0.0,0.0
2009-07-16 00:00:00-04:00,24.877337328284884,26.22226199674262,24.877337328284884,26.049448013305664,82100,0.0,0.0
2009-07-17 00:00:00-04:00,25.996853843949328,26.64301890634778,25.989341563167642,26.4852352142334,83100,0.0,0.0
2009-07-20 00:00:00-04:00,26.688097637772728,27.401884596965886,26.680582491802433,27.07880210876465,70000,0.0,0.0
2009-07-21 00:00:00-04:00,27.289180166154143,27.69491206035936,26.67307004511143,27.199018478393555,143000,0.0,0.0
2009-07-22 00:00:00-04:00,27.12388079389763,27.70993891779463,26.590420091819812,27.259124755859375,113400,0.0,0.0
2009-07-23 00:00:00-04:00,27.281821615672012,28.234833919715303,27.281821615672012,27.493600845336914,110400,0.24,0.0
2009-07-24 00:00:00-04:00,26.192660939036607,26.97927054340951,25.118631792541585,25.37579345703125,242400,0.0,0.0
2009-07-27 00:00:00-04:00,25.30016995154714,25.996017769141726,24.68751907149232,25.390932083129883,154000,0.0,0.0
2009-07-28 00:00:00-04:00,25.254779317260034,25.45899621157045,24.422787127351118,24.702638626098633,164500,0.0,0.0
2009-07-29 00:00:00-04:00,24.392534905186622,24.83878604677005,23.870647707927773,24.47573471069336,135400,0.0,0.0
2009-07-30 00:00:00-04:00,24.649694273973314,25.70859606699067,23.825264375413088,25.118635177612305,230200,0.0,0.0
2009-07-31 00:00:00-04:00,24.86903198212163,25.64051687208114,24.536232881389395,25.005176544189453,125300,0.0,0.0
2009-08-03 00:00:00-04:00,25.36067016009043,25.685904168599688,25.186708253141934,25.632959365844727,161600,0.0,0.0
2009-08-04 00:00:00-04:00,24.785835967632032,25.678338060927352,24.732891172714083,24.91441535949707,182900,0.0,0.0
2009-08-05 00:00:00-04:00,25.005185723627335,25.11107533626909,23.87064777078411,24.770713806152344,125200,0.0,0.0
2009-08-06 00:00:00-04:00,24.83122087366635,25.413613674445227,24.324459791920503,24.56649398803711,81100,0.0,0.0
2009-08-07 00:00:00-04:00,25.04300407789949,25.632962164598567,24.218574063916478,25.26991081237793,96000,0.0,0.0
2009-08-10 00:00:00-04:00,25.00518191998793,25.179143812190986,24.407658756371927,24.9068546295166,80200,0.0,0.0
2009-08-11 00:00:00-04:00,24.67995160148354,24.67995160148354,23.953847487479166,24.339590072631836,53000,0.0,0.0
2009-08-12 00:00:00-04:00,24.437922484563934,25.53463902798349,24.067305878970824,25.0959529876709,77100,0.0,0.0
2009-08-13 00:00:00-04:00,25.398493213763643,26.05652361169596,25.012749167017486,25.83717918395996,67500,0.0,0.0
2009-08-14 00:00:00-04:00,25.761543342385377,26.313684096612995,24.211007806843842,24.498424530029297,76400,0.0,0.0
2009-08-17 00:00:00-04:00,24.32445829456871,24.32445829456871,23.59835575091592,23.946279525756836,112600,0.0,0.0
2009-08-18 00:00:00-04:00,24.089987422486324,24.55136453102862,23.764753456417786,24.430347442626953,79000,0.0,0.0
2009-08-19 00:00:00-04:00,24.059733625118955,24.770710136800762,23.82526318501447,24.301769256591797,58900,0.0,0.0
2009-08-20 00:00:00-04:00,24.188317794902904,25.26234718018717,24.14293673891439,25.058130264282227,80100,0.0,0.0
2009-08-21 00:00:00-04:00,25.375799310685387,26.132156982451125,25.21696489208071,26.056522369384766,227800,0.0,0.0
2009-08-24 00:00:00-04:00,26.20779278896892,26.464954496179413,25.285035565694436,25.655649185180664,184300,0.0,0.0
2009-08-25 00:00:00-04:00,25.89011778578093,25.973317575339667,25.209397743098055,25.443866729736328,215400,0.0,0.0
2009-08-26 00:00:00-04:00,25.39092792978481,25.806924090541223,25.08082138609995,25.26991081237793,124500,0.0,0.0
2009-08-27 00:00:00-04:00,25.368238121919664,25.602707163927928,24.71777003387931,25.26991081237793,86800,0.0,0.0
2009-08-28 00:00:00-04:00,25.5648860115571,25.5648860115571,24.9598005155089,25.2925968170166,145800,0.0,0.0
2009-08-31 00:00:00-04:00,25.095941885189905,25.262341457180725,24.211002116745394,24.453039169311523,130700,0.0,0.0
2009-09-01 00:00:00-04:00,24.34715374853774,25.406055701098836,24.34715374853774,24.95980453491211,208700,0.0,0.0
2009-09-02 00:00:00-04:00,24.81609604003566,25.216964679402427,24.581624125066607,24.967365264892578,101300,0.0,0.0
2009-09-03 00:00:00-04:00,25.164021606724344,25.897689515966178,24.92954967560692,25.844741821289062,94000,0.0,0.0
2009-09-04 00:00:00-04:00,25.84473745671966,26.24560894127268,24.672383769667004,26.147281646728516,81600,0.0,0.0
2009-09-08 00:00:00-04:00,26.45739712231099,26.850703548694018,26.003583568556223,26.722124099731445,92800,0.0,0.0
2009-09-09 00:00:00-04:00,26.570847848801456,27.032226525502903,26.47252053607596,26.646482467651367,64100,0.0,0.0
2009-09-10 00:00:00-04:00,26.699428906765117,27.402841869030617,26.396887527632433,27.342334747314453,88600,0.0,0.0
2009-09-11 00:00:00-04:00,27.5011730132135,27.65244516646002,26.812887456954368,27.478483200073242,87000,0.0,0.0
2009-09-14 00:00:00-04:00,27.191056476865448,28.03817618659025,27.191056476865448,27.962541580200195,67900,0.0,0.0
2009-09-15 00:00:00-04:00,27.985233274494348,30.859391790495426,27.902033470682856,30.602230072021484,234600,0.0,0.0
2009-09-16 00:00:00-04:00,30.027402043658803,31.086301119879895,30.01227454303448,30.821577072143555,134700,0.0,0.0
2009-09-17 00:00:00-04:00,30.67030645557876,31.502301719072204,29.83074888404008,29.997148513793945,93900,0.0,0.0
2009-09-18 00:00:00-04:00,30.148414687675952,30.677865589824396,29.62652609207914,30.420703887939453,116000,0.0,0.0
2009-09-21 00:00:00-04:00,30.140848181512414,30.140848181512414,29.180276601200973,29.263473510742188,61000,0.0,0.0
2009-09-22 00:00:00-04:00,29.59627821101013,29.717295330061184,28.718903376571063,29.687040328979492,102300,0.0,0.0
2009-09-23 00:00:00-04:00,29.61896414701288,29.770236247369393,28.33315562189549,28.35584831237793,110100,0.0,0.0
2009-09-24 00:00:00-04:00,28.461738793795284,28.77184531070493,27.796143262888457,28.015487670898438,135700,0.0,0.0
2009-09-25 00:00:00-04:00,27.833959860572023,28.174321366891554,27.455781050278176,27.682687759399414,36700,0.0,0.0
2009-09-28 00:00:00-04:00,27.93984692058867,28.091119007980925,27.65999543434181,27.73563003540039,76400,0.0,0.0
2009-09-29 00:00:00-04:00,27.236436647841664,28.16675906020683,27.236436647841664,27.682687759399414,47900,0.0,0.0
2009-09-30 00:00:00-04:00,27.675125388766173,28.030614392909076,26.896077964649095,27.501163482666016,76200,0.0,0.0
2009-10-01 00:00:00-04:00,27.266688924157663,27.380143710034172,26.260734889504498,26.26829719543457,80500,0.0,0.0
2009-10-02 00:00:00-04:00,26.13215396555914,26.510332757782212,25.54219597297922,25.580013275146484,71200,0.0,0.0
2009-10-05 00:00:00-04:00,25.655657937103392,27.478483200073242,25.073264907810255,27.478483200073242,102500,0.0,0.0
2009-10-06 00:00:00-04:00,27.599487820501928,28.060863494873047,27.546540138409306,28.060863494873047,140800,0.0,0.0
2009-10-07 00:00:00-04:00,28.00791869805546,28.091118488847393,27.637305120332343,28.060863494873047,77900,0.0,0.0
2009-10-08 00:00:00-04:00,28.552497987214917,29.013876562029825,28.08355710629531,28.870166778564453,191100,0.0,0.0
2009-10-09 00:00:00-04:00,28.938244270288745,29.53576754447079,28.809664846497384,29.467695236206055,94500,0.0,0.0
2009-10-12 00:00:00-04:00,29.83074857670889,30.791323264006095,29.815621075498402,30.03496551513672,64200,0.0,0.0
2009-10-13 00:00:00-04:00,29.898804770979932,30.208911165426027,29.34666425819905,30.080331802368164,88500,0.0,0.0
2009-10-14 00:00:00-04:00,30.299678519490733,31.161925494893808,30.299678519490733,30.919891357421875,80200,0.0,0.0
2009-10-15 00:00:00-04:00,30.55685744619859,31.691394189716714,30.2543131604833,31.086305618286133,71000,0.0,0.0
2009-10-16 00:00:00-04:00,30.897211753451618,31.50986254625431,30.20892634264768,31.252700805664062,90900,0.0,0.0
2009-10-19 00:00:00-04:00,31.472041563605444,32.31916130449538,31.04848025052278,31.933420181274414,60500,0.0,0.0
2009-10-20 00:00:00-04:00,32.08469546415668,32.08469546415668,31.517427132312815,31.668699264526367,94800,0.0,0.0
2009-10-21 00:00:00-04:00,31.59262288241193,32.8934530848977,31.219872625289955,31.432872772216797,82100,0.24,0.0
2009-10-22 00:00:00-04:00,31.470897747473035,31.470897747473035,30.520000401569984,31.311147689819336,57400,0.0,0.0
2009-10-23 00:00:00-04:00,31.402431641202046,31.683899332582563,30.124425432370963,30.291784286499023,61000,0.0,0.0
2009-10-26 00:00:00-04:00,30.413504313854816,31.17422228939468,30.162468890919225,30.360254287719727,102800,0.0,0.0
2009-10-27 00:00:00-04:00,30.573262829530563,30.81669241672962,29.736473986272504,29.97229766845703,80800,0.0,0.0
2009-10-28 00:00:00-04:00,29.766891209727184,30.139641342762868,29.645176466014334,29.812532424926758,155300,0.0,0.0
2009-10-29 00:00:00-04:00,29.987504159303658,31.48611964747502,29.987504159303658,30.672151565551758,250900,0.0,0.0
2009-10-30 00:00:00-04:00,30.299402585240838,30.96883240772275,30.063578935240436,30.390687942504883,144900,0.0,0.0
2009-11-02 00:00:00-05:00,30.474354882265565,31.181822639853756,29.47781355981463,30.253746032714844,114800,0.0,0.0
2009-11-03 00:00:00-05:00,30.063577560432176,30.9460103787221,29.371324253859125,30.930795669555664,111500,0.0,0.0
2009-11-04 00:00:00-05:00,31.21226512594322,31.592624205330917,30.39069102345873,30.542835235595703,71800,0.0,0.0
2009-11-05 00:00:00-05:00,30.77104435478692,31.75237129275267,30.77104435478692,31.68390655517578,55000,0.0,0.0
2009-11-06 00:00:00-05:00,31.356800935798468,32.34573388305718,31.19704792972858,31.653480529785156,54000,0.0,0.0
2009-11-09 00:00:00-05:00,32.13272947255257,32.80976802562841,31.93494116824863,32.42940902709961,101600,0.0,0.0
2009-11-10 00:00:00-05:00,32.322914123535156,33.04559401439556,31.950160968726575,32.322914123535156,60400,0.0,0.0
2009-11-11 00:00:00-05:00,32.665236066349735,33.159704020829714,32.368556454425516,32.53591537475586,45200,0.0,0.0
2009-11-12 00:00:00-05:00,32.36854612352063,32.619584423893535,30.383071936602228,30.421110153198242,101200,0.0,0.0
2009-11-13 00:00:00-05:00,30.634113619605923,30.702578354366754,30.18528989215355,30.489578247070312,102900,0.0,0.0
2009-11-16 00:00:00-05:00,30.847118587395435,31.204657025472624,30.360259464342658,30.862333297729492,162400,0.0,0.0
2009-11-17 00:00:00-05:00,30.60368643032227,31.14379554278211,30.40590101657255,31.014474868774414,75200,0.0,0.0
2009-11-18 00:00:00-05:00,31.113379263926493,31.128591076066325,30.32983745086591,30.51241111755371,132100,0.0,0.0
2009-11-19 00:00:00-05:00,30.314619212485194,30.649337078847385,29.66800990104675,30.428728103637695,145600,0.0,0.0
2009-11-20 00:00:00-05:00,30.276586092923978,30.97644839939051,30.24615666614068,30.793874740600586,61600,0.0,0.0
2009-11-23 00:00:00-05:00,31.36440482720221,32.05665813605048,30.953616384085464,31.10576057434082,39500,0.0,0.0
2009-11-24 00:00:00-05:00,31.037304351047244,31.105769110354732,30.24615666614068,30.793874740600586,56000,0.0,0.0
2009-11-25 00:00:00-05:00,30.86994163786996,31.136191809923755,30.48958259098783,30.55804443359375,31600,0.0,0.0
2009-11-27 00:00:00-05:00,29.302859808186057,30.558042856992035,28.914891975313804,30.078792572021484,38100,0.0,0.0
2009-11-30 00:00:00-05:00,29.972287493287368,30.451537698062673,29.105066618651726,29.394140243530273,64100,0.0,0.0
2009-12-01 00:00:00-05:00,29.78211769125557,29.926653099717395,29.531079300763967,29.66800880432129,95200,0.0,0.0
2009-12-02 00:00:00-05:00,29.78971450170098,30.961220829195245,29.78971450170098,30.466753005981445,70100,0.0,0.0
2009-12-03 00:00:00-05:00,30.68737086410049,30.68737086410049,29.78211729326613,29.91143798828125,77600,0.0,0.0
2009-12-04 00:00:00-05:00,30.52762112534175,31.28833929909722,29.71365291157616,30.55044174194336,63300,0.0,0.0
2009-12-07 00:00:00-05:00,30.45915147970506,30.877545827664548,30.192898420524244,30.573257446289062,50800,0.0,0.0
2009-12-08 00:00:00-05:00,30.421114417287594,30.67975865608844,29.812537689349917,29.88100242614746,67400,0.0,0.0
2009-12-09 00:00:00-05:00,29.82015007537764,30.15486499440965,28.968146616626637,29.62997055053711,115800,0.0,0.0
2009-12-10 00:00:00-05:00,29.690826474693218,29.706041184901984,28.64103758747142,29.02139663696289,112900,0.0,0.0
2009-12-11 00:00:00-05:00,29.11268596138452,30.474372240480623,29.02140058960831,30.428728103637695,108100,0.0,0.0
2009-12-14 00:00:00-05:00,30.466741971399028,31.166603733765218,30.07116843648033,31.113353729248047,73000,0.0,0.0
2009-12-15 00:00:00-05:00,30.923180379842535,31.57739526397173,30.306997904221912,30.314603805541992,107600,0.0,0.0
2009-12-16 00:00:00-05:00,30.687368018526474,31.364406657671186,30.337438391853134,30.55804443359375,96000,0.0,0.0
2009-12-17 00:00:00-05:00,30.38308093370877,30.62651050208398,29.736471686820117,30.17768669128418,48900,0.0,0.0
2009-12-18 00:00:00-05:00,30.603686984950265,30.79386649857927,29.76689828574628,30.078792572021484,142700,0.0,0.0
2009-12-21 00:00:00-05:00,30.307005574005984,30.809079343527863,29.827752416127726,30.68736457824707,101300,0.0,0.0
2009-12-22 00:00:00-05:00,30.892761782686126,30.892761782686126,30.32222322103172,30.626508712768555,183200,0.0,0.0
2009-12-23 00:00:00-05:00,30.78626197471284,31.052512144963135,30.497188288505942,30.91558265686035,140300,0.0,0.0
2009-12-24 00:00:00-05:00,31.060121625090847,31.326371801120207,30.869942098810085,31.23508644104004,23000,0.0,0.0
2009-12-28 00:00:00-05:00,31.432861261173223,31.676290740488717,31.11336115778725,31.59261131286621,61400,0.0,0.0
2009-12-29 00:00:00-05:00,31.57741239674904,31.97298622390537,31.47852111639227,31.699127197265625,116000,0.0,0.0
2009-12-30 00:00:00-05:00,31.463293163053844,32.23161697387695,31.17421954526016,32.23161697387695,69100,0.0,0.0
2009-12-31 00:00:00-05:00,32.11751771002555,32.38376787265118,31.569799773299557,31.66108512878418,44300,0.0,0.0
2010-01-04 00:00:00-05:00,31.950151182618427,32.8325838134906,31.950151182618427,32.62718963623047,57400,0.0,0.0
2010-01-05 00:00:00-05:00,32.482655520921696,32.65762029298129,31.69150819359335,31.75236701965332,100600,0.0,0.0
2010-01-06 00:00:00-05:00,31.66869789038594,32.66523682518849,31.66869789038594,32.657630920410156,75200,0.0,0.0
2010-01-07 00:00:00-05:00,32.52829990429943,32.86301767638781,32.46744397422535,32.771732330322266,114300,0.0,0.0
2010-01-08 00:00:00-05:00,32.56634353123976,33.441167621898316,32.56634353123976,33.42595291137695,45600,0.0,0.0
2010-01-11 00:00:00-05:00,33.448751416975156,33.775860193817216,32.322889797435536,33.66935729980469,122900,0.0,0.0
2010-01-12 00:00:00-05:00,33.17490913944079,33.608518124092214,31.311149644725624,31.645864486694336,141400,0.0,0.0
2010-01-13 00:00:00-05:00,31.866483271137334,32.37616594753888,31.219873995636473,31.8360538482666,36600,0.0,0.0
2010-01-14 00:00:00-05:00,31.645869183779308,31.75997805011218,31.26551016521509,31.607833862304688,45400,0.0,0.0
2010-01-15 00:00:00-05:00,31.767587190017434,32.04144617558894,30.04075962349249,30.61890411376953,110400,0.0,0.0
2010-01-19 00:00:00-05:00,30.64172071102341,31.43286814296367,30.64172071102341,31.41004753112793,89700,0.0,0.0
2010-01-20 00:00:00-05:00,31.052515009058663,31.250303355409574,30.39069102345873,30.542835235595703,98600,0.0,0.0
2010-01-21 00:00:00-05:00,30.703543309808154,31.16272069642762,29.33367155076159,29.463769912719727,139000,0.24,0.0
2010-01-22 00:00:00-05:00,29.433154041491253,29.8234549201832,28.354091542914265,28.377052307128906,76800,0.0,0.0
2010-01-25 00:00:00-05:00,28.522460079082016,28.75204731164756,28.02501864238996,28.26226043701172,64000,0.0,0.0
2010-01-26 00:00:00-05:00,28.10155040132546,28.82092452734662,27.55819033616126,27.77247428894043,54100,0.0,0.0
2010-01-27 00:00:00-05:00,27.565845888505805,28.338790300643726,27.1525870926173,27.42809295654297,95800,0.0,0.0
2010-01-28 00:00:00-05:00,27.550531632493882,27.82603741591632,26.241882080596675,26.724014282226562,215700,0.0,0.0
2010-01-29 00:00:00-05:00,26.877078906601337,27.382171973706622,26.51739332142756,26.900039672851562,139300,0.0,0.0
2010-02-01 00:00:00-05:00,26.976564532306845,28.246950149536133,26.976564532306845,28.246950149536133,212000,0.0,0.0
2010-02-02 00:00:00-05:00,28.23929929198241,28.736737751227153,28.23929929198241,28.66020965576172,89700,0.0,0.0
2010-02-03 00:00:00-05:00,28.415316294758913,29.318361835694144,28.04797618106047,28.055627822875977,109400,0.0,0.0
2010-02-04 00:00:00-05:00,27.749511257985116,28.16277000532073,26.333720969478893,26.402597427368164,153700,0.0,0.0
2010-02-05 00:00:00-05:00,26.44850629846949,27.12961606488699,25.828618405762025,26.754621505737305,73800,0.0,0.0
2010-02-08 00:00:00-05:00,26.64749521930725,26.78524815766694,25.775061889269473,25.89750862121582,79600,0.0,0.0
2010-02-09 00:00:00-05:00,26.096479188002547,26.746979716814508,25.90515601823901,26.402597427368164,115800,0.0,0.0
2010-02-10 00:00:00-05:00,26.226582876191777,26.57096519734542,25.813324090807406,26.111787796020508,60100,0.0,0.0
2010-02-11 00:00:00-05:00,25.96638101129974,27.045443579365568,25.951074807290873,27.022485733032227,53700,0.0,0.0
2010-02-12 00:00:00-05:00,26.66279916776262,27.382173292106668,26.46382433996027,27.23676872253418,65000,0.0,0.0
2010-02-16 00:00:00-05:00,27.481659820426895,27.688289192834297,27.144932094666608,27.61176109313965,57700,0.0,0.0
2010-02-17 00:00:00-05:00,27.787780280239527,27.787780280239527,27.09901565046456,27.519926071166992,55100,0.0,0.0
2010-02-18 00:00:00-05:00,27.504608501499884,27.695931606344548,26.907681348579377,27.4739990234375,72800,0.0,0.0
2010-02-19 00:00:00-05:00,27.474008890714344,28.262259431579313,26.88473316583162,27.703596115112305,116800,0.0,0.0
2010-02-22 00:00:00-05:00,27.887254711189215,27.887254711189215,27.374510191497784,27.4739990234375,52600,0.0,0.0
2010-02-23 00:00:00-05:00,27.435750938591468,27.78013334806619,26.448525257245137,26.708724975585938,96800,0.0,0.0
2010-02-24 00:00:00-05:00,26.777598829748513,27.71125414681765,26.570969404340584,27.175548553466797,148900,0.0,0.0
2010-02-25 00:00:00-05:00,26.724015361095802,27.925527391607275,25.277612859094983,25.68321990966797,258400,0.0,0.0
2010-02-26 00:00:00-05:00,25.57607368529517,25.75209352751841,25.12455391753029,25.553115844726562,170200,0.0,0.0
2010-03-01 00:00:00-05:00,25.736792641992825,26.884731617219053,25.568427324764514,26.425554275512695,165100,0.0,0.0
2010-03-02 00:00:00-05:00,26.42555664592727,26.900040233521754,26.226581823558,26.371986389160156,114300,0.0,0.0
2010-03-03 00:00:00-05:00,26.547999142330372,26.976564047674216,26.333718149338235,26.746976852416992,86800,0.0,0.0
2010-03-04 00:00:00-05:00,26.907685777627982,26.991868424713658,26.41789901570337,26.724014282226562,220000,0.0,0.0
2010-03-05 00:00:00-05:00,26.89238093056258,28.422966098329237,26.73167018859337,28.269906997680664,132100,0.0,0.0
2010-03-08 00:00:00-05:00,28.346442506143312,28.568378091335987,27.849001079933522,28.017366409301758,62000,0.0,0.0
2010-03-09 00:00:00-05:00,27.99441146850586,28.18573466470059,27.634722925464473,27.99441146850586,57900,0.0,0.0
2010-03-10 00:00:00-05:00,27.91023066151275,28.025022835289864,27.25207835549286,27.58880615234375,132900,0.0,0.0
2010-03-11 00:00:00-05:00,27.328587229434127,27.91786264853792,27.26736536373108,27.87959861755371,93900,0.0,0.0
2010-03-12 00:00:00-05:00,27.971439183989098,28.369391618560826,27.244410753893806,27.38981819152832,43400,0.0,0.0
2010-03-15 00:00:00-04:00,27.320949129994638,27.32860077223991,27.03779165716147,27.137277603149414,243300,0.0,0.0
2010-03-16 00:00:00-04:00,27.32094583469201,27.39747392535386,26.83115904799332,27.16788673400879,169800,0.0,0.0
2010-03-17 00:00:00-04:00,27.305645249540266,28.300525229591695,27.236768786032698,27.77247428894043,347400,0.0,0.0
2010-03-18 00:00:00-04:00,27.90257423239298,28.223998720067478,27.48931542796589,27.99441146850586,131000,0.0,0.0
2010-03-19 00:00:00-04:00,28.315837860107422,29.303066421282082,27.826050861516805,28.315837860107422,188900,0.0,0.0
2010-03-22 00:00:00-04:00,28.20868925880277,28.553071556084078,28.09389418658902,28.369400024414062,315100,0.0,0.0
2010-03-23 00:00:00-04:00,28.32347451806542,29.410191400619354,28.32347451806542,29.348966598510742,175900,0.0,0.0
2010-03-24 00:00:00-04:00,29.2188690756409,29.463762452083497,28.89744469446041,29.157644271850586,3730000,0.0,0.0
2010-03-25 00:00:00-04:00,29.272452291689422,29.769893825174798,28.95868233161175,29.08112907409668,637700,0.0,0.0
2010-03-26 00:00:00-04:00,29.13470272912604,29.723978658153314,29.05052003649915,29.21888542175293,307100,0.0,0.0
2010-03-29 00:00:00-04:00,29.303057956369692,29.6550918949929,29.08112237444465,29.55560302734375,240100,0.0,0.0
2010-03-30 00:00:00-04:00,29.65507893643938,30.97138272923224,29.578550868217842,30.458635330200195,365300,0.0,0.0
2010-03-31 00:00:00-04:00,30.13722785491126,30.336202675769883,29.479075654643474,29.5173397064209,295400,0.0,0.0
2010-04-01 00:00:00-04:00,29.769889065018706,30.389774322509766,29.5173410568852,30.389774322509766,137000,0.0,0.0
2010-04-05 00:00:00-04:00,30.60405387271986,31.00965803659293,30.167834383326134,30.46630096435547,236900,0.0,0.0
2010-04-06 00:00:00-04:00,30.236705428965728,31.032610330624927,30.236705428965728,30.48160171508789,246000,0.0,0.0
2010-04-07 00:00:00-04:00,30.45865232904733,30.734158199377415,29.723971954407304,30.076005935668945,188100,0.0,0.0
2010-04-08 00:00:00-04:00,29.86170951872965,30.359147822456872,29.670386420520998,30.29792594909668,218900,0.0,0.0
2010-04-09 00:00:00-04:00,30.290283471151007,30.481606627226412,30.19844625429584,30.435688018798828,200400,0.0,0.0
2010-04-12 00:00:00-04:00,30.496906257971162,30.588743463826713,29.999467863370583,30.129566192626953,59500,0.0,0.0
2010-04-13 00:00:00-04:00,30.114274502788938,30.167844772338867,29.701018554741015,30.167844772338867,90900,0.0,0.0
2010-04-14 00:00:00-04:00,30.366811706025697,31.132104333860298,30.068348048267755,31.101491928100586,264900,0.0,0.0
2010-04-15 00:00:00-04:00,31.063227880580794,31.323427490818947,31.002003069061374,31.101491928100586,85200,0.0,0.0
2010-04-16 00:00:00-04:00,31.338736801809386,31.361694648726235,30.466303586649385,30.558137893676758,217300,0.0,0.0
2010-04-19 00:00:00-04:00,30.50456021468865,30.672925502733847,29.68569745451129,30.619352340698242,256400,0.0,0.0
2010-04-20 00:00:00-04:00,30.657627209482627,30.85660203083574,30.496913520642003,30.634666442871094,93000,0.0,0.0
2010-04-21 00:00:00-04:00,30.642324510954175,31.070886611938477,30.336206222227936,31.070886611938477,302000,0.0,0.0
2010-04-22 00:00:00-04:00,30.801439296941535,31.201758297344227,30.639772855448168,31.00160026550293,150700,0.24,0.0
2010-04-23 00:00:00-04:00,31.14015825965217,31.9407958984375,31.00158624768091,31.9407958984375,141300,0.0,0.0
2010-04-26 00:00:00-04:00,31.948497693902283,32.04857814751396,31.10167121887207,31.10167121887207,205900,0.0,0.0
2010-04-27 00:00:00-04:00,31.040093297023354,31.086284969617584,29.985408401577182,30.031597137451172,349700,0.0,0.0
2010-04-28 00:00:00-04:00,30.339537056507044,30.43961754975086,29.26945489071048,30.09318733215332,155500,0.0,0.0
2010-04-29 00:00:00-04:00,30.793745949141172,31.16327054812441,30.401126980446623,30.90152359008789,635900,0.0,0.0
2010-04-30 00:00:00-04:00,31.070886911962297,31.34803106665297,30.778345533486576,30.940011978149414,339700,0.0,0.0
2010-05-03 00:00:00-04:00,29.93920576808051,31.563575617284098,29.908411330958366,30.616668701171875,268800,0.0,0.0
2010-05-04 00:00:00-04:00,30.077781954445605,30.470403740206038,28.66897003371354,29.0,304700,0.0,0.0
2010-05-05 00:00:00-04:00,28.50730815693656,29.315646303005277,28.20706961661176,28.591991424560547,294000,0.0,0.0
2010-05-06 00:00:00-04:00,28.430320431171445,29.500402416556625,26.798253048307714,27.845237731933594,308500,0.0,0.0
2010-05-07 00:00:00-04:00,27.82214453651654,28.915323869617474,27.09079260008366,27.714366912841797,430800,0.0,0.0
2010-05-10 00:00:00-04:00,29.13856358615643,29.49269368569774,28.514992481342443,28.86911964416504,282300,0.0,0.0
2010-05-11 00:00:00-04:00,28.56889022796627,29.377225244125327,28.160874148805526,28.923017501831055,237500,0.0,0.0
2010-05-12 00:00:00-04:00,29.00770289981458,29.531196707260563,28.77675044046367,29.523496627807617,221400,0.0,0.0
2010-05-13 00:00:00-04:00,29.346426886724775,30.170159014028492,29.33872974558927,29.56198501586914,302300,0.0,0.0
2010-05-14 00:00:00-04:00,29.22325480056447,29.45420723354757,28.006903753936385,28.422616958618164,222600,0.0,0.0
2010-05-17 00:00:00-04:00,28.70746634533356,28.969213266711645,27.32944570229248,28.06849479675293,184900,0.0,0.0
2010-05-18 00:00:00-04:00,28.530408887756494,29.03850561778239,28.28405913603004,28.33024787902832,339500,0.0,0.0
2010-05-19 00:00:00-04:00,28.23786514670145,28.61508688836385,27.0215107774086,27.560401916503906,230900,0.0,0.0
2010-05-20 00:00:00-04:00,26.721263084195982,27.267851180598992,25.866736460307628,26.17467498779297,299300,0.0,0.0
2010-05-21 00:00:00-04:00,25.628091415519904,27.552700210256095,25.628091415519904,27.329444885253906,374600,0.0,0.0
2010-05-24 00:00:00-04:00,27.337136111555782,27.668168987540817,26.60578727722168,26.60578727722168,110600,0.0,0.0
2010-05-25 00:00:00-04:00,25.820548210765878,27.460312530069054,25.33554604892716,27.283248901367188,232900,0.0,0.0
2010-05-26 00:00:00-04:00,27.514209067135646,28.260955294612863,27.514209067135646,27.5911922454834,155000,0.0,0.0
2010-05-27 00:00:00-04:00,28.445715396329838,28.923017501831055,27.83753838031012,28.923017501831055,158800,0.0,0.0
2010-05-28 00:00:00-04:00,28.72285096116339,29.030786480332292,28.330229283070686,28.815231323242188,229700,0.0,0.0
2010-06-01 00:00:00-04:00,28.85372872556794,29.846827362893574,28.268649065236186,28.27634620666504,367200,0.0,0.0
2010-06-02 00:00:00-04:00,28.64587296349063,29.177066802978516,28.56888979615131,29.177066802978516,199200,0.0,0.0
2010-06-03 00:00:00-04:00,29.038488543344958,29.585076550052882,28.499597677037315,29.130868911743164,122500,0.0,0.0
2010-06-04 00:00:00-04:00,28.106985407048988,28.645876454251756,26.99071466100319,27.13698387145996,196000,0.0,0.0
2010-06-07 00:00:00-04:00,27.198568240563255,27.437217810754017,26.08229474337334,26.26705551147461,176900,0.0,0.0
2010-06-08 00:00:00-04:00,26.359440420624953,27.337138995574367,26.020707430828647,27.24475860595703,242000,0.0,0.0
2010-06-09 00:00:00-04:00,27.645081855283816,28.237861743168356,27.375637786572707,27.50650978088379,284300,0.0,0.0
2010-06-10 00:00:00-04:00,28.122382037020497,29.90072157429278,27.999207194831932,29.792943954467773,212100,0.0,0.0
2010-06-11 00:00:00-04:00,29.508106199478192,30.200963668097426,28.71516530520741,30.131677627563477,140200,0.0,0.0
2010-06-14 00:00:00-04:00,30.21635424187649,30.562784368299248,29.27714432951248,29.49270248413086,226600,0.0,0.0
2010-06-15 00:00:00-04:00,29.73905071200528,30.41651077470828,29.608175809781653,30.2856388092041,138300,0.0,0.0
2010-06-16 00:00:00-04:00,30.062388004030293,30.408818165410594,29.792943954467773,29.792943954467773,83000,0.0,0.0
2010-06-17 00:00:00-04:00,30.03928543772339,30.139365887403276,29.50809462644229,29.962299346923828,87500,0.0,0.0
2010-06-18 00:00:00-04:00,30.170174655261953,30.70906585242333,29.654380766920006,30.062397003173828,141600,0.0,0.0
2010-06-21 00:00:00-04:00,30.59358624176951,30.72445824536556,29.523501160934487,30.05469512939453,225500,0.0,0.0
2010-06-22 00:00:00-04:00,30.07779421060461,30.408827248500632,28.984617526740173,29.053903579711914,104100,0.0,0.0
2010-06-23 00:00:00-04:00,28.892229080200195,29.061595610262135,28.461118547999252,28.892229080200195,69700,0.0,0.0
2010-06-24 00:00:00-04:00,28.599690703847365,29.200167767670077,28.30714931572234,28.57659339904785,128700,0.0,0.0
2010-06-25 00:00:00-04:00,28.638179391198896,29.492706164092343,28.30714644428126,29.30024528503418,243000,0.0,0.0
2010-06-28 00:00:00-04:00,29.37722376892694,29.615876278053257,28.74595242140002,28.769046783447266,45400,0.0,0.0
2010-06-29 00:00:00-04:00,28.19936364970338,28.43801321646287,27.29864537382185,27.4680118560791,170500,0.0,0.0
2010-06-30 00:00:00-04:00,27.391037897146553,27.914528866288855,26.52111376876876,26.69047737121582,143800,0.0,0.0
2010-07-01 00:00:00-04:00,26.636584092891876,27.067697512823322,26.174679164673833,26.96761703491211,141400,0.0,0.0
2010-07-02 00:00:00-04:00,27.136984267118883,27.414128406105082,26.22087152922116,26.474918365478516,111800,0.0,0.0
2010-07-06 00:00:00-04:00,26.967618120344902,27.337142665136493,26.097697039296378,26.22856903076172,121300,0.0,0.0
2010-07-07 00:00:00-04:00,26.259359976263582,28.207062922504583,26.259359976263582,28.076190948486328,184300,0.0,0.0
2010-07-08 00:00:00-04:00,28.445719694139136,28.661274947890814,27.806748139489414,28.65357780456543,142100,0.0,0.0
2010-07-09 00:00:00-04:00,28.58428683693248,29.254049786068894,28.260951075360698,28.884525299072266,124800,0.0,0.0
2010-07-12 00:00:00-04:00,28.715156872857765,29.115475774307114,27.868330347646804,28.253252029418945,83900,0.0,0.0
2010-07-13 00:00:00-04:00,28.71516308863063,29.10008485372412,28.330241323537134,28.83064079284668,77600,0.0,0.0
2010-07-14 00:00:00-04:00,28.6920650596027,29.477305712554813,28.330237706855847,28.923017501831055,79100,0.0,0.0
2010-07-15 00:00:00-04:00,28.95381175790975,29.153969756763196,28.237857135897674,28.94611167907715,88100,0.0,0.0
2010-07-16 00:00:00-04:00,28.630467197887874,29.061580441792806,28.576578409489596,28.86911964416504,181000,0.0,0.0
2010-07-19 00:00:00-04:00,29.061590364052964,29.400320426308923,28.676668637376768,29.3541316986084,195700,0.0,0.0
2010-07-20 00:00:00-04:00,28.83834535769159,30.162477510135986,28.214773817261523,30.062397003173828,145200,0.0,0.0
2010-07-21 00:00:00-04:00,30.231752730764782,30.308735901323544,29.677464505238614,29.985403060913086,132900,0.0,0.0
2010-07-22 00:00:00-04:00,30.434686108501484,30.922692425890407,30.403700736148227,30.78326416015625,203500,0.24,0.0
2010-07-23 00:00:00-04:00,30.628339824396562,31.526894925563344,30.628339824396562,31.441686630249023,424100,0.0,0.0
2010-07-26 00:00:00-04:00,31.333240575486364,32.030393709477856,31.29451033830812,31.960678100585938,223100,0.0,0.0
2010-07-27 00:00:00-04:00,32.16982226475653,32.409954443271644,31.42619113474047,31.75153160095215,109300,0.0,0.0
2010-07-28 00:00:00-04:00,31.55013247703899,32.07687197995686,31.22479493666909,31.441686630249023,89600,0.0,0.0
2010-07-29 00:00:00-04:00,31.64307716601007,31.90644684695656,30.852971078097518,31.36421775817871,82100,0.0,0.0
2010-07-30 00:00:00-04:00,30.790999296234876,32.10784765586424,30.47340671728839,31.75926971435547,175100,0.0,0.0
2010-08-02 00:00:00-04:00,32.4099591164682,32.52615279006795,31.441688352896524,31.828996658325195,172900,0.0,0.0
2010-08-03 00:00:00-04:00,32.8205026135614,33.37822747883327,31.340985111456465,31.604354858398438,189600,0.0,0.0
2010-08-04 00:00:00-04:00,31.883197411416774,32.247267910902615,31.35645824596203,31.976150512695312,142300,0.0,0.0
2010-08-05 00:00:00-04:00,31.79800698331693,32.41769959718995,31.79800698331693,31.85997772216797,102900,0.0,0.0
2010-08-06 00:00:00-04:00,31.619841555338294,32.17756631497786,31.131832390653674,31.681812286376953,92300,0.0,0.0
2010-08-09 00:00:00-04:00,32.01490462644233,32.14658802649881,31.689564126720153,31.914203643798828,129600,0.0,0.0
2010-08-10 00:00:00-04:00,31.64309024819978,31.666330757989225,30.62059646530821,30.643836975097656,154200,0.0,0.0
2010-08-11 00:00:00-04:00,30.36497274582418,30.372717612021905,29.094601934583693,29.141077041625977,206300,0.0,0.0
2010-08-12 00:00:00-04:00,28.93192694203506,29.17205913615551,28.707290388423655,28.978404998779297,104000,0.0,0.0
2010-08-13 00:00:00-04:00,28.777011306813726,29.21079476343659,28.242523897863155,28.25801658630371,109600,0.0,0.0
2010-08-16 00:00:00-04:00,28.14956675187115,28.815737486215994,28.14956675187115,28.645320892333984,120800,0.0,0.0
2010-08-17 00:00:00-04:00,29.032626420988706,30.380460447664515,28.9784035017188,30.086105346679688,147200,0.0,0.0
2010-08-18 00:00:00-04:00,29.99315447709005,30.171315933248934,29.28825351797112,30.12483787536621,88900,0.0,0.0
2010-08-19 00:00:00-04:00,29.938937187924584,30.047383055131753,28.614340360803165,28.63758087158203,183300,0.0,0.0
2010-08-20 00:00:00-04:00,28.482655860874047,28.62983196724388,27.73902455248728,28.583356857299805,86200,0.0,0.0
2010-08-23 00:00:00-04:00,28.815731198881625,28.815731198881625,28.11083038016512,28.17279815673828,110200,0.0,0.0
2010-08-24 00:00:00-04:00,28.048861167756872,28.15730699882853,27.52986956050613,27.816476821899414,101800,0.0,0.0
2010-08-25 00:00:00-04:00,27.545363402708727,28.66855494741291,27.52987071834301,28.622079849243164,224700,0.0,0.0
2010-08-26 00:00:00-04:00,28.76149677953215,29.257250613487276,27.754496434945057,27.83195686340332,120300,0.0,0.0
2010-08-27 00:00:00-04:00,28.242509913003012,29.373449014802244,27.646055000565323,29.265003204345703,83700,0.0,0.0
2010-08-30 00:00:00-04:00,29.04036475765536,29.280493906028163,28.36644648692304,28.428417205810547,263700,0.0,0.0
2010-08-31 00:00:00-04:00,28.31997918995076,28.893193722646895,28.079847020621262,28.606586456298828,137700,0.0,0.0
2010-09-01 00:00:00-04:00,29.15655305240765,30.74451565819847,29.15655305240765,30.729022979736328,138600,0.0,0.0
2010-09-02 00:00:00-04:00,30.58185534822562,30.883955273717394,29.954414995716267,30.357215881347656,124700,0.0,0.0
2010-09-03 00:00:00-04:00,30.852980276956853,30.914948067752857,30.349478310198275,30.566370010375977,132400,0.0,0.0
2010-09-07 00:00:00-04:00,31.759266217034494,31.99939831805878,30.876204165739335,31.34872055053711,572600,0.0,0.0
2010-09-08 00:00:00-04:00,31.47266949751181,31.689561173831084,31.22479245173908,31.54238510131836,283800,0.0,0.0
2010-09-09 00:00:00-04:00,31.74379035168839,31.968429892125908,31.255781028824,31.51140594482422,420200,0.0,0.0
2010-09-10 00:00:00-04:00,31.534629166859034,31.852221734713968,31.410690675865077,31.705045700073242,1801600,0.0,0.0
2010-09-13 00:00:00-04:00,32.00714974972376,32.200803851769486,31.464917673010298,32.13108825683594,313900,0.0,0.0
2010-09-14 00:00:00-04:00,31.98391753713067,32.65008823205605,31.867723874554347,32.471923828125,362100,0.0,0.0
2010-09-15 00:00:00-04:00,32.25503016858513,32.4796696598522,31.937437525904148,32.22404479980469,80100,0.0,0.0
2010-09-16 00:00:00-04:00,32.06911969653621,32.43318739012897,31.82124268837335,32.053627014160156,84000,0.0,0.0
2010-09-17 00:00:00-04:00,32.510658106256706,32.510658106256706,31.395208363986022,31.960678100585938,235700,0.0,0.0
2010-09-20 00:00:00-04:00,32.13884092117469,32.386717972770896,31.619846312882448,32.123348236083984,218300,0.0,0.0
2010-09-21 00:00:00-04:00,32.030387296392576,32.44868086599385,31.890956106525483,32.13108825683594,269800,0.0,0.0
2010-09-22 00:00:00-04:00,31.48040489491126,32.95217699712375,31.48040489491126,32.247276306152344,177600,0.0,0.0
2010-09-23 00:00:00-04:00,31.906451193485527,32.51839891124383,31.371966895338776,31.464920043945312,140500,0.0,0.0
2010-09-24 00:00:00-04:00,32.022646913820324,33.393718502767044,31.92969375920983,33.34724044799805,158400,0.0,0.0
2010-09-27 00:00:00-04:00,33.44794862057924,33.44794862057924,32.23954553088272,32.31700897216797,102600,0.0,0.0
2010-09-28 00:00:00-04:00,32.208559915652245,33.308514078483306,31.844489165031447,33.21556091308594,154800,0.0,0.0
2010-09-29 00:00:00-04:00,33.02964984363421,33.41695812595624,32.673326933080595,32.95993423461914,104800,0.0,0.0
2010-09-30 00:00:00-04:00,33.21555911486511,33.48667373048311,32.6191040055778,33.145843505859375,94500,0.0,0.0
2010-10-01 00:00:00-04:00,33.57187094237701,34.19156339844621,33.57187094237701,33.81974792480469,109000,0.0,0.0
2010-10-04 00:00:00-04:00,33.765527142897064,33.98241877742864,32.58810992486138,32.84373474121094,87400,0.0,0.0
2010-10-05 00:00:00-04:00,33.31625010046657,34.07537677363712,33.052880405979884,33.9979133605957,93300,0.0,0.0
2010-10-06 00:00:00-04:00,34.02115355575487,34.532403256850266,33.73454629250554,33.8817253112793,103500,0.0,0.0
2010-10-07 00:00:00-04:00,34.16057652970888,34.431693998789264,33.076115518167065,33.471168518066406,91400,0.0,0.0
2010-10-08 00:00:00-04:00,33.64933818477552,34.47043270166773,33.502162120160214,34.377479553222656,95800,0.0,0.0
2010-10-11 00:00:00-04:00,34.4471965611444,34.47043411047356,34.021155123926945,34.222557067871094,135200,0.0,0.0
2010-10-12 00:00:00-04:00,34.276779516251054,35.58588031422779,33.703562016263206,35.45419692993164,315600,0.0,0.0
2010-10-13 00:00:00-04:00,35.59361751712198,36.27528064907159,35.38447077362858,35.71755599975586,167000,0.0,0.0
2010-10-14 00:00:00-04:00,35.79502886170419,35.996430812685865,35.50067671015795,35.97319030761719,118000,0.0,0.0
2010-10-15 00:00:00-04:00,36.678088397431765,36.74005913293209,35.16758865620286,35.647850036621094,107900,0.0,0.0
2010-10-18 00:00:00-04:00,35.632347106933594,35.717555366281886,35.35348478722153,35.632347106933594,82700,0.0,0.0
2010-10-19 00:00:00-04:00,35.03590355221393,35.30702109716644,34.17607877395232,34.49367141723633,189700,0.0,0.0
2010-10-20 00:00:00-04:00,34.8285651456721,36.066879599706574,34.49367486766065,35.87996292114258,95100,0.24,0.0
2010-10-21 00:00:00-04:00,36.17591244642738,36.44849616974758,34.54040119368693,35.12451171875,122700,0.0,0.0
2010-10-22 00:00:00-04:00,35.33479861740825,35.81766554948833,34.94539152627675,35.17903518676758,150000,0.0,0.0
2010-10-25 00:00:00-04:00,33.964083858339464,35.272491802582465,33.2164230247549,34.4625244140625,289100,0.0,0.0
2010-10-26 00:00:00-04:00,34.1509872656985,34.80519104021274,33.59024329535711,34.45472717285156,252000,0.0,0.0
2010-10-27 00:00:00-04:00,34.08091352063576,34.298983551657045,33.09960877933305,33.63698959350586,178400,0.0,0.0
2010-10-28 00:00:00-04:00,34.010811280778384,34.189941143260874,33.40333721633547,33.69928741455078,92700,0.0,0.0
2010-10-29 00:00:00-04:00,33.62918691525033,35.14787472623469,33.38775351893934,35.038841247558594,99000,0.0,0.0
2010-11-01 00:00:00-04:00,35.280270934541875,35.43603431693607,34.4313636199799,34.859710693359375,120300,0.0,0.0
2010-11-02 00:00:00-04:00,34.766263563134565,35.21018739584323,34.47031335101538,35.01548385620117,96200,0.0,0.0
2010-11-03 00:00:00-04:00,34.98431711768471,35.19459721611211,34.610486821904594,34.906436920166016,108900,0.0,0.0
2010-11-04 00:00:00-04:00,35.60737740921702,36.510801539983085,35.01547709919876,36.44070816040039,99600,0.0,0.0
2010-11-05 00:00:00-04:00,36.35504452801238,36.69772168229028,35.94227398184351,36.45629119873047,104000,0.0,0.0
2010-11-08 00:00:00-05:00,36.47964891285955,36.75223263221013,35.981208414081514,36.51858901977539,85000,0.0,0.0
2010-11-09 00:00:00-05:00,36.58867752940783,36.604254164288335,35.62294993433135,35.950050354003906,100400,0.0,0.0
2010-11-10 00:00:00-05:00,35.895524024043375,36.71327782561323,35.57621052168034,36.65097427368164,68300,0.0,0.0
2010-11-11 00:00:00-05:00,36.39397755958321,37.040394600236404,36.39397755958321,36.93914794921875,52200,0.0,0.0
2010-11-12 00:00:00-05:00,36.534155689740835,36.78337587113937,35.451604969739876,35.560638427734375,60600,0.0,0.0
2010-11-15 00:00:00-05:00,35.62295229209506,36.425129730428694,35.20239203530402,35.747562408447266,41600,0.0,0.0
2010-11-16 00:00:00-05:00,35.62294784221959,35.62294784221959,34.3534803979373,34.407997131347656,121200,0.0,0.0
2010-11-17 00:00:00-05:00,34.384649773149356,35.03106404536926,33.33324876998608,34.57935333251953,82600,0.0,0.0
2010-11-18 00:00:00-05:00,35.256912593080926,36.42513367447815,35.03105580431857,35.91890335083008,97000,0.0,0.0
2010-11-19 00:00:00-05:00,35.96562791204151,36.75222868259149,35.389304290427326,36.69771194458008,108600,0.0,0.0
2010-11-22 00:00:00-05:00,36.76780811094398,37.00924151972034,36.222637718476484,36.931358337402344,93100,0.0,0.0
2010-11-23 00:00:00-05:00,36.4251342476316,36.479650994612776,35.82544705989877,36.27716064453125,56900,0.0,0.0
2010-11-24 00:00:00-05:00,36.946938902044245,37.29740583238763,36.36282834178524,37.203948974609375,100000,0.0,0.0
2010-11-26 00:00:00-05:00,37.14942559204929,37.14942559204929,36.557525332969455,36.744441986083984,19600,0.0,0.0
2010-11-29 00:00:00-05:00,36.60425916833426,36.69771601945412,35.685258381326435,36.5653190612793,62300,0.0,0.0
2010-11-30 00:00:00-05:00,36.136975396631144,36.91578949594699,36.051305370356,36.52638244628906,99800,0.0,0.0
2010-12-01 00:00:00-05:00,37.74911519208064,38.26313230863217,37.44537821015558,37.96718215942383,272200,0.0,0.0
2010-12-02 00:00:00-05:00,38.263126827461186,39.57153438597094,38.052846722957206,39.330101013183594,186900,0.0,0.0
2010-12-03 00:00:00-05:00,39.21327272214694,39.21327272214694,38.62137555523892,38.94068908691406,161300,0.0,0.0
2010-12-06 00:00:00-05:00,39.08088340801358,39.84412070608299,38.831663187049664,39.571537017822266,221400,0.0,0.0
2010-12-07 00:00:00-05:00,39.92200405140726,40.31141104866263,39.66499697810731,39.84412384033203,105800,0.0,0.0
2010-12-08 00:00:00-05:00,39.84412020826231,39.898636945233314,39.1431864887218,39.260009765625,133600,0.0,0.0
2010-12-09 00:00:00-05:00,39.85970196532811,40.326989191109924,39.283378280653444,39.69615173339844,128200,0.0,0.0
2010-12-10 00:00:00-05:00,39.89084864208934,40.35813579059051,39.610475164612936,40.264678955078125,82800,0.0,0.0
2010-12-13 00:00:00-05:00,40.41265815466151,40.498328170372254,39.68836089393929,39.70393753051758,136300,0.0,0.0
2010-12-14 00:00:00-05:00,39.35347653658479,39.35347653658479,38.26313855104674,38.61360549926758,174300,0.0,0.0
2010-12-15 00:00:00-05:00,38.67590343965242,39.32232049102659,38.25534316316366,38.27091979980469,152200,0.0,0.0
2010-12-16 00:00:00-05:00,38.28650633934923,38.629183521267194,38.06064950604537,38.24756622314453,109700,0.0,0.0
2010-12-17 00:00:00-05:00,38.38773227076928,39.361249504430866,37.9905355757096,39.158756256103516,329500,0.0,0.0
2010-12-20 00:00:00-05:00,39.54817057958607,39.664993857948886,39.0419433055391,39.571537017822266,121800,0.0,0.0
2010-12-21 00:00:00-05:00,39.78960709839145,39.992097429750814,39.6260568725697,39.84412384033203,149200,0.0,0.0
2010-12-22 00:00:00-05:00,40.04662015791984,40.23353685175643,39.431359268200346,39.7740364074707,89900,0.0,0.0
2010-12-23 00:00:00-05:00,39.9298006817457,40.49054780436321,39.890860569550625,40.171234130859375,61800,0.0,0.0
2010-12-27 00:00:00-05:00,39.875280159138946,40.077770505966186,39.58711979102101,39.71951675415039,56300,0.0,0.0
2010-12-28 00:00:00-05:00,39.641632080078125,40.007672624065194,39.540385432578105,39.641632080078125,36300,0.0,0.0
2010-12-29 00:00:00-05:00,39.75845023169408,39.75845023169408,39.47028991163591,39.48586654663086,27100,0.0,0.0
2010-12-30 00:00:00-05:00,39.50144621523037,39.711726347402085,39.36125946044922,39.36125946044922,32800,0.0,0.0
2010-12-31 00:00:00-05:00,39.34568971739147,39.56375672039306,38.94070601828846,39.010799407958984,47600,0.0,0.0
2011-01-03 00:00:00-05:00,39.61827192872393,39.906435281117346,39.18213793970034,39.38462829589844,88300,0.0,0.0
2011-01-04 00:00:00-05:00,39.867487470698684,40.03104066812149,38.115155975962736,38.86281967163086,113000,0.0,0.0
2011-01-05 00:00:00-05:00,38.636960992227834,39.478078523296325,38.2475540126181,38.34880065917969,109800,0.0,0.0
2011-01-06 00:00:00-05:00,38.28649398203332,38.66032432463405,37.897087003790126,38.30207061767578,114400,0.0,0.0
2011-01-07 00:00:00-05:00,38.30206537441704,38.30206537441704,36.96250460193541,37.6945915222168,175200,0.0,0.0
2011-01-10 00:00:00-05:00,37.5855607638053,38.154097574499026,37.390857271933044,37.756900787353516,88400,0.0,0.0
2011-01-11 00:00:00-05:00,37.998339548264994,38.348806477272774,37.35971224249079,37.38307571411133,58100,0.0,0.0
2011-01-12 00:00:00-05:00,37.88929765389555,37.88929765389555,36.88462700375767,37.3051872253418,70200,0.0,0.0
2011-01-13 00:00:00-05:00,37.20394478293653,38.37995260454663,37.14163823747765,37.51546859741211,91500,0.0,0.0
2011-01-14 00:00:00-05:00,37.499900373647534,37.912670898921675,37.07934004359085,37.41423034667969,107000,0.0,0.0
2011-01-18 00:00:00-05:00,37.22731262278953,37.60114302661459,37.16500904095533,37.42201614379883,166200,0.0,0.0
2011-01-19 00:00:00-05:00,37.577779537786256,37.71017650596147,36.721085234109076,36.79896545410156,113400,0.0,0.0
2011-01-20 00:00:00-05:00,36.532824230397395,36.75200755912634,35.95356104315454,36.2901611328125,125400,0.24,0.0
2011-01-21 00:00:00-05:00,36.68154355604321,36.798960276153124,35.91440963745117,35.91440963745117,76900,0.0,0.0
2011-01-24 00:00:00-05:00,36.023996222876335,37.15904232213135,35.93788884494496,36.79113006591797,84200,0.0,0.0
2011-01-25 00:00:00-05:00,36.751996761913006,36.751996761913006,35.8204746072264,36.50933074951172,97800,0.0,0.0
2011-01-26 00:00:00-05:00,36.68936070455963,38.051416404637294,36.68936070455963,38.00444793701172,140500,0.0,0.0
2011-01-27 00:00:00-05:00,38.19234137578272,38.615048875722366,37.8870536211957,38.54459762573242,144400,0.0,0.0
2011-01-28 00:00:00-05:00,38.77941697113373,38.77941697113373,37.29211478994312,37.31559753417969,110300,0.0,0.0
2011-01-31 00:00:00-05:00,37.714824661266945,37.94966107788351,37.339085797459035,37.3469123840332,94000,0.0,0.0
2011-02-01 00:00:00-05:00,37.808757505626545,39.750076403920275,37.69134079386573,39.7109375,158400,0.0,0.0
2011-02-02 00:00:00-05:00,39.37433827787382,40.18061404682317,39.288230895996094,39.288230895996094,74900,0.0,0.0
2011-02-03 00:00:00-05:00,39.264755722877,40.125823735502415,38.505448284725844,39.38217544555664,56000,0.0,0.0
2011-02-04 00:00:00-05:00,39.31171775456326,39.374339406564964,38.05925186735112,39.0220832824707,87300,0.0,0.0
2011-02-07 00:00:00-05:00,39.25691696355116,39.859662593847354,39.07687264830182,39.75007247924805,97200,0.0,0.0
2011-02-08 00:00:00-05:00,39.78138761326881,40.141470297075266,39.38216602663242,39.97708511352539,42200,0.0,0.0
2011-02-09 00:00:00-05:00,39.914464551581496,39.914464551581496,38.82638391223782,39.34302520751953,53600,0.0,0.0
2011-02-10 00:00:00-05:00,39.09252136069615,39.601335922843866,38.94379237436512,39.39781188964844,73500,0.0,0.0
2011-02-11 00:00:00-05:00,39.350851766235465,40.0397077692233,38.96728337079147,39.6561393737793,89800,0.0,0.0
2011-02-14 00:00:00-05:00,39.89880998142479,40.16495871905224,39.53872428738266,39.87532424926758,89500,0.0,0.0
2011-02-15 00:00:00-05:00,39.82836347404719,39.85967281045298,39.37434375592782,39.413482666015625,109600,0.0,0.0
2011-02-16 00:00:00-05:00,39.765727492531724,41.71487571475494,39.507408370708355,40.830322265625,162900,0.0,0.0
2011-02-17 00:00:00-05:00,40.916440940470395,41.24521136565229,40.75205572787945,40.963409423828125,103200,0.0,0.0
2011-02-18 00:00:00-05:00,41.01821069541756,41.99669851748279,40.75988847706057,41.30784225463867,122700,0.0,0.0
2011-02-22 00:00:00-05:00,41.057341432506966,41.354802507271124,38.3175760764822,38.3488883972168,169100,0.0,0.0
2011-02-23 00:00:00-05:00,38.4506519749038,38.4506519749038,36.68937410794978,37.43302536010742,201000,0.0,0.0
2011-02-24 00:00:00-05:00,37.683505680543846,38.20014690020411,37.393874250792045,37.894859313964844,156200,0.0,0.0
2011-02-25 00:00:00-05:00,38.10621533940876,38.39584678734146,37.73830310412486,38.37236404418945,94600,0.0,0.0
2011-02-28 00:00:00-05:00,38.86552919445738,39.58569464450987,38.83421687416626,39.55438232421875,97300,0.0,0.0
2011-03-01 00:00:00-05:00,39.78140421249205,39.79706037737811,38.411521139097395,38.46631622314453,84700,0.0,0.0
2011-03-02 00:00:00-05:00,38.59938673368555,38.84987936461603,37.49565264548945,37.69917678833008,81600,0.0,0.0
2011-03-03 00:00:00-05:00,38.25495030516058,38.56806753104417,37.77744787943632,38.24712371826172,99100,0.0,0.0
2011-03-04 00:00:00-05:00,38.44282165216502,38.72462656127551,38.02794386158971,38.67765808105469,114800,0.0,0.0
2011-03-07 00:00:00-05:00,39.006424357572804,39.006424357572804,38.043590098315555,38.29408264160156,102200,0.0,0.0
2011-03-08 00:00:00-05:00,38.38802948621572,39.39782949147693,38.00446100069143,38.49761962890625,156500,0.0,0.0
2011-03-09 00:00:00-05:00,38.47413563882954,38.669833169065484,37.96532086577315,38.434993743896484,114100,0.0,0.0
2011-03-10 00:00:00-05:00,37.80093124951755,38.98294288043491,37.18252640941114,37.495643615722656,124500,0.0,0.0
2011-03-11 00:00:00-05:00,37.4721598551514,38.27060608574427,37.18252836504944,38.0905647277832,99100,0.0,0.0
2011-03-14 00:00:00-04:00,37.55827778904831,38.513282899246576,37.51913887173533,38.474143981933594,101000,0.0,0.0
2011-03-15 00:00:00-04:00,36.94770079468173,38.19233742501506,36.29798344686072,37.6522102355957,191900,0.0,0.0
2011-03-16 00:00:00-04:00,37.69134067697696,37.714823422034904,35.90657739989925,36.6032600402832,169900,0.0,0.0
2011-03-17 00:00:00-04:00,37.39388570735055,37.47999310135951,36.75199802523863,36.84593200683594,101100,0.0,0.0
2011-03-18 00:00:00-04:00,37.44084810933569,37.44084810933569,36.47801375646257,36.6032600402832,968300,0.0,0.0
2011-03-21 00:00:00-04:00,37.47998046187392,38.20014572143555,36.90071463413861,38.20014572143555,147400,0.0,0.0
2011-03-22 00:00:00-04:00,38.20799461554936,38.364550282555456,37.81659947581826,38.12188720703125,199100,0.0,0.0
2011-03-23 00:00:00-04:00,37.96532744899718,38.184507765313164,37.362578593020366,38.02012252807617,188600,0.0,0.0
2011-03-24 00:00:00-04:00,38.388015109255086,38.732441569589994,37.933995561166675,38.40367126464844,113700,0.0,0.0
2011-03-25 00:00:00-04:00,38.68548295285575,38.99860016823089,38.23929286191577,38.27843475341797,143500,0.0,0.0
2011-03-28 00:00:00-04:00,38.35671293748705,38.6228616773139,37.95749132080033,38.067081451416016,139900,0.0,0.0
2011-03-29 00:00:00-04:00,38.161018624597666,38.45065013497173,38.07491123300088,38.35671615600586,201400,0.0,0.0
2011-03-30 00:00:00-04:00,38.434993743896484,38.54458686915877,37.95749427845094,38.434993743896484,192900,0.0,0.0
2011-03-31 00:00:00-04:00,38.39584771864209,38.6228575283067,38.262774856077385,38.552406311035156,177300,0.0,0.0
2011-04-01 00:00:00-04:00,38.51327424772073,38.55241315624165,38.05925454777765,38.33323287963867,127000,0.0,0.0
2011-04-04 00:00:00-04:00,38.38802020165969,38.474127574692666,38.1766665549715,38.37236404418945,105400,0.0,0.0
2011-04-05 00:00:00-04:00,38.37236383126993,38.66199527759552,38.12969787098775,38.45064163208008,200400,0.0,0.0
2011-04-06 00:00:00-04:00,38.5132692991204,38.79507418203335,38.388023016282084,38.5993766784668,113600,0.0,0.0
2011-04-07 00:00:00-04:00,38.63068767802307,38.91249257310694,38.575892613546436,38.72462463378906,129500,0.0,0.0
2011-04-08 00:00:00-04:00,39.04557552988543,39.49176569948624,38.575899624021496,38.6463508605957,120300,0.0,0.0
2011-04-11 00:00:00-04:00,38.6776610041989,38.77159498563258,38.333234414870454,38.49761962890625,165500,0.0,0.0
2011-04-12 00:00:00-04:00,38.26277891065736,38.388025200622394,37.37039872139309,37.425193786621094,153200,0.0,0.0
2011-04-13 00:00:00-04:00,37.730478988384846,37.96531539359809,36.96334513876456,37.354740142822266,104600,0.0,0.0
2011-04-14 00:00:00-04:00,37.08860461987747,37.75397516912787,36.68937990144086,37.07294845581055,91000,0.0,0.0
2011-04-15 00:00:00-04:00,36.971177800347576,37.33909012017422,36.4780191780853,37.0964241027832,77600,0.0,0.0
2011-04-18 00:00:00-04:00,36.47802066791979,36.84593300277271,36.039660084545275,36.712860107421875,128300,0.0,0.0
2011-04-19 00:00:00-04:00,36.79113993144075,36.99466407249326,36.19622068473462,36.29798126220703,118900,0.0,0.0
2011-04-20 00:00:00-04:00,37.06909778457533,37.6749823503407,36.95893750018937,37.50973892211914,97700,0.24,0.0
2011-04-21 00:00:00-04:00,37.966129302978516,38.04481438066934,37.27368921305474,37.966129302978516,71100,0.0,0.0
2011-04-25 00:00:00-04:00,37.832363552686346,37.958261476254215,37.02976316432493,37.8559684753418,74600,0.0,0.0
2011-04-26 00:00:00-04:00,37.9503787216529,39.028379526271536,37.75366309298895,38.729373931884766,210500,0.0,0.0
2011-04-27 00:00:00-04:00,38.79232851993241,39.64214163313237,38.66643061445569,39.476898193359375,497000,0.0,0.0
2011-04-28 00:00:00-04:00,38.556272395208794,39.14641942166607,38.162841044237275,39.05986404418945,481200,0.0,0.0
2011-04-29 00:00:00-04:00,39.114952595050156,39.59493942659902,38.54054305944625,39.4296989440918,163000,0.0,0.0
2011-05-02 00:00:00-04:00,39.64213275047377,40.366044794346365,39.445417129642024,40.29522705078125,253300,0.0,0.0
2011-05-03 00:00:00-04:00,40.200818282186745,40.89325834720481,39.31166252837381,39.81525421142578,427800,0.0,0.0
2011-05-04 00:00:00-04:00,39.59493009191034,39.665747853666915,39.059863225670234,39.382476806640625,214000,0.0,0.0
2011-05-05 00:00:00-04:00,39.146416782506286,39.84672405975963,38.823803216525214,38.878883361816406,285900,0.0,0.0
2011-05-06 00:00:00-04:00,39.47691221822054,39.6185477874057,38.57202163914188,38.74513244628906,174000,0.0,0.0
2011-05-09 00:00:00-04:00,38.8002035365321,39.52411583047193,38.3595593130623,39.445430755615234,106800,0.0,0.0
2011-05-10 00:00:00-04:00,39.55557821860131,40.50768112280772,39.24870232399282,40.46046829223633,136600,0.0,0.0
2011-05-11 00:00:00-04:00,40.28736708875703,40.54703019472277,39.303788805348134,39.75230026245117,171600,0.0,0.0
2011-05-12 00:00:00-04:00,39.484763087048314,40.570634248926,39.02838136624377,40.35818099975586,139200,0.0,0.0
2011-05-13 00:00:00-04:00,40.30311074375501,40.68080450101098,39.00478601435257,39.335269927978516,196600,0.0,0.0
2011-05-16 00:00:00-04:00,39.122813841037235,40.25589503212591,39.059863385155275,39.35100173950195,149000,0.0,0.0
2011-05-17 00:00:00-04:00,39.10707901162288,39.67361814668525,38.792332713087994,39.335269927978516,223800,0.0,0.0
2011-05-18 00:00:00-04:00,39.42969419676871,40.33458458843853,39.22510819403064,40.24016189575195,164700,0.0,0.0
2011-05-19 00:00:00-04:00,40.55490809036686,40.87752170762532,38.94184000407457,39.57919692993164,143300,0.0,0.0
2011-05-20 00:00:00-04:00,39.28805256909935,39.925412399670016,38.80019856389621,39.421817779541016,126300,0.0,0.0
2011-05-23 00:00:00-04:00,38.52481039588387,39.7129751647453,38.52481039588387,39.24872589111328,135800,0.0,0.0
2011-05-24 00:00:00-04:00,39.45330075664532,39.85460247009102,39.004789195719,39.13855743408203,65000,0.0,0.0
2011-05-25 00:00:00-04:00,38.9890357695929,40.122119675965536,38.9890357695929,39.83097839355469,49600,0.0,0.0
2011-05-26 00:00:00-04:00,39.57132903362205,40.04344549031088,39.30379557439351,39.95689010620117,62100,0.0,0.0
2011-05-27 00:00:00-04:00,40.114264487812996,40.51556618977063,39.76804594241157,40.35032272338867,91600,0.0,0.0
2011-05-31 00:00:00-04:00,40.78310047789243,41.546355354891666,40.468354156362196,41.4991455078125,125900,0.0,0.0
2011-06-01 00:00:00-04:00,41.30242232523601,41.30242232523601,39.3431329820091,39.476898193359375,119200,0.0,0.0
2011-06-02 00:00:00-04:00,39.484780693152416,41.44406763973335,39.20150956794945,39.846736907958984,92500,0.0,0.0
2011-06-03 00:00:00-04:00,39.280182211938886,39.539848328316374,38.949701338341505,39.05199432373047,200000,0.0,0.0
2011-06-06 00:00:00-04:00,39.05200602255378,39.956896543941276,38.69791712216576,38.90250015258789,110000,0.0,0.0
2011-06-07 00:00:00-04:00,39.24083639475606,39.52410740649426,38.9103555488232,39.16215133666992,160500,0.0,0.0
2011-06-08 00:00:00-04:00,38.87888032493172,39.48476487745119,38.85527540783439,39.16215133666992,158800,0.0,0.0
2011-06-09 00:00:00-04:00,39.36674274501373,39.59493366478061,38.85528375430266,39.32740020751953,93800,0.0,0.0
2011-06-10 00:00:00-04:00,39.052002798093156,39.45330151763585,38.69791392694167,39.099212646484375,109700,0.0,0.0
2011-06-13 00:00:00-04:00,39.138552746574064,39.61066917469671,38.93396675984935,39.2565803527832,252900,0.0,0.0
2011-06-14 00:00:00-04:00,39.87820090310571,40.27949954959113,39.35887165384303,40.01983642578125,126400,0.0,0.0
2011-06-15 00:00:00-04:00,39.52410255523653,39.8152408363915,39.067723871397035,39.311649322509766,157500,0.0,0.0
2011-06-16 00:00:00-04:00,39.28018514903841,39.85459757034353,38.162841538594,38.800201416015625,211000,0.0,0.0
2011-06-17 00:00:00-04:00,39.11494609523244,39.909679143760386,37.8638342182396,37.89530944824219,392200,0.0,0.0
2011-06-20 00:00:00-04:00,37.80874547090989,38.92609186883283,37.40744688536137,38.65068817138672,138300,0.0,0.0
2011-06-21 00:00:00-04:00,38.96543239409595,40.72800275994389,38.54052591242745,40.51555252075195,222900,0.0,0.0
2011-06-22 00:00:00-04:00,40.20869312376767,41.75094669417296,39.94902992675432,40.71228790283203,306700,0.0,0.0
2011-06-23 00:00:00-04:00,40.13000560600404,40.940473386148376,39.56346338986392,40.86965560913086,143500,0.0,0.0
2011-06-24 00:00:00-04:00,41.0034206462585,42.010604061331826,40.46835370658996,41.640777587890625,427200,0.0,0.0
2011-06-27 00:00:00-04:00,41.63290474500835,42.16797161353234,41.20799817265524,41.71158981323242,135600,0.0,0.0
2011-06-28 00:00:00-04:00,41.74306762920963,42.545667981756075,41.66438255610715,42.215187072753906,139500,0.0,0.0
2011-06-29 00:00:00-04:00,42.45123731121073,43.143677230550665,42.06567332156618,42.44336700439453,94900,0.0,0.0
2011-06-30 00:00:00-04:00,42.4905853032185,43.33252814224343,42.4905853032185,42.97843933105469,106000,0.0,0.0
2011-07-01 00:00:00-04:00,43.09646799865426,43.87546034662003,42.167969825103455,43.686614990234375,140200,0.0,0.0
2011-07-05 00:00:00-04:00,43.308924694163004,43.308924694163004,42.52992928306885,42.852542877197266,179800,0.0,0.0
2011-07-06 00:00:00-04:00,42.71089764451042,42.899745974540515,42.34107429240013,42.781715393066406,66100,0.0,0.0
2011-07-07 00:00:00-04:00,43.19877310395558,43.56859661465119,42.88402675281871,43.27745819091797,88000,0.0,0.0
2011-07-08 00:00:00-04:00,42.57713946228026,43.18302407707274,42.41189902233037,42.78959274291992,142100,0.0,0.0
2011-07-11 00:00:00-04:00,42.14437265194377,42.364693275435414,41.37324746807964,41.782413482666016,142600,0.0,0.0
2011-07-12 00:00:00-04:00,41.77454177388744,42.47484911189356,41.40471533629826,41.790279388427734,104600,0.0,0.0
2011-07-13 00:00:00-04:00,41.97126503551068,43.190901867108096,41.54635837109034,43.14369201660156,200500,0.0,0.0
2011-07-14 00:00:00-04:00,43.19089349370613,43.39547947838341,42.65582661297897,42.86041259765625,262900,0.0,0.0
2011-07-15 00:00:00-04:00,42.93123156305998,42.93123156305998,41.916177922533954,42.67943572998047,103800,0.0,0.0
2011-07-18 00:00:00-04:00,42.3647119406003,43.51353141444741,42.19947140017942,42.33323669433594,86800,0.0,0.0
2011-07-19 00:00:00-04:00,42.69516081247517,44.017090141876245,42.69516081247517,43.788902282714844,124100,0.0,0.0
2011-07-20 00:00:00-04:00,44.05645603701055,44.45775480389767,43.537126631933425,43.97776794433594,77500,0.0,0.0
2011-07-21 00:00:00-04:00,44.20692046824233,44.76010028259074,43.87501438838576,44.49141311645508,83400,0.24,0.0
2011-07-22 00:00:00-04:00,44.41240443167485,44.97348567825221,43.98566530839551,44.25435256958008,43700,0.0,0.0
2011-07-25 00:00:00-04:00,43.85920539100133,44.665266824802636,43.85920539100133,44.119991302490234,41400,0.0,0.0
2011-07-26 00:00:00-04:00,44.080488165815154,44.54673942635897,43.22701307042278,43.875022888183594,107100,0.0,0.0
2011-07-27 00:00:00-04:00,43.63003812466618,43.63003812466618,42.19177227810155,42.47626495361328,178400,0.0,0.0
2011-07-28 00:00:00-04:00,42.47626181415838,43.061052605553215,41.36990216107087,42.56319046020508,287000,0.0,0.0
2011-07-29 00:00:00-04:00,42.05742660574831,44.43609591404706,42.05742660574831,44.112091064453125,133800,0.0,0.0
2011-08-01 00:00:00-04:00,44.594149181559914,45.273769867486656,43.345543174468894,43.66954803466797,159600,0.0,0.0
2011-08-02 00:00:00-04:00,43.353454682378484,44.57044992771828,42.75285829511994,42.87929916381836,271400,0.0,0.0
2011-08-03 00:00:00-04:00,42.96622815849391,43.456189166253175,41.741331668272,43.392967224121094,103100,0.0,0.0
2011-08-04 00:00:00-04:00,42.658017258261395,42.658017258261395,40.255638365719385,40.30305480957031,233900,0.0,0.0
2011-08-05 00:00:00-04:00,40.91156500511793,41.03800588014844,37.90068771180687,38.46967315673828,301000,0.0,0.0
2011-08-08 00:00:00-04:00,37.007696513658615,37.9560014707687,34.5183884647748,34.54209518432617,271900,0.0,0.0
2011-08-09 00:00:00-04:00,35.40347740193431,37.93229786234137,34.40775590946665,37.78215026855469,316700,0.0,0.0
2011-08-10 00:00:00-04:00,36.565161662341595,39.52862297371432,34.953037985453534,35.22962951660156,233600,0.0,0.0
2011-08-11 00:00:00-04:00,35.45090264762747,36.13052363513674,34.542106580220626,35.474609375,472600,0.0,0.0
2011-08-12 00:00:00-04:00,35.877634223852475,36.517739843956356,35.22172010273216,35.66426467895508,165500,0.0,0.0
2011-08-15 00:00:00-04:00,36.17793454243962,37.53717642174816,36.13842232807132,37.51346969604492,110500,0.0,0.0
2011-08-16 00:00:00-04:00,37.30008667567894,38.30371223472621,36.9444708453728,37.671504974365234,224100,0.0,0.0
2011-08-17 00:00:00-04:00,38.01132871216648,40.05809275141167,37.97181649812164,39.473304748535156,257500,0.0,0.0
2011-08-18 00:00:00-04:00,38.114058533033564,38.76997266680087,37.37911998019017,37.568782806396484,297400,0.0,0.0
2011-08-19 00:00:00-04:00,36.644174000005904,38.59610750435273,36.25695020459505,37.84536361694336,340400,0.0,0.0
2011-08-22 00:00:00-04:00,38.722550460827776,38.722550460827776,37.48184857498461,37.631996154785156,100500,0.0,0.0
2011-08-23 00:00:00-04:00,37.82167105155178,39.18881423524087,37.529277033317186,39.11769104003906,124100,0.0,0.0
2011-08-24 00:00:00-04:00,39.03075485377451,39.61554579243714,38.343232775356405,39.30734634399414,168000,0.0,0.0
2011-08-25 00:00:00-04:00,39.58394255006772,40.03438844954357,37.74264372113856,37.908599853515625,252200,0.0,0.0
2011-08-26 00:00:00-04:00,37.56878769115964,38.738366730169076,36.63628495479194,38.62773132324219,139300,0.0,0.0
2011-08-29 00:00:00-04:00,39.06236571777629,40.484826329867666,39.06236571777629,40.46902084350586,67100,0.0,0.0
2011-08-30 00:00:00-04:00,40.216135760841006,40.83253460496978,39.78939670817276,40.56385040283203,66000,0.0,0.0
2011-08-31 00:00:00-04:00,40.856243229729806,41.820353675065526,40.27935660661434,40.99058532714844,162100,0.0,0.0
2011-09-01 00:00:00-04:00,41.07751620721211,41.5990851696512,39.95535386952939,40.08179473876953,94400,0.0,0.0
2011-09-02 00:00:00-04:00,39.20461168491194,39.82101057386214,38.185180434272574,38.46967315673828,120000,0.0,0.0
2011-09-06 00:00:00-04:00,37.13413363145218,38.485470772211784,36.976081816340425,38.42224884033203,101900,0.0,0.0
2011-09-07 00:00:00-04:00,38.975433166280055,40.231940568247204,38.58820934006066,39.86842346191406,183000,0.0,0.0
2011-09-08 00:00:00-04:00,39.63135510008314,40.160825380082535,39.09398056882456,39.25202941894531,126300,0.0,0.0
2011-09-09 00:00:00-04:00,38.86480343704259,39.275737057472654,38.1930868161904,38.722557067871094,200000,0.0,0.0
2011-09-12 00:00:00-04:00,38.019216400205444,39.6866570319202,37.679406081202565,38.65142059326172,202400,0.0,0.0
2011-09-13 00:00:00-04:00,38.80157852715286,39.73408109184184,38.406450423965616,39.133487701416016,113900,0.0,0.0
2011-09-14 00:00:00-04:00,39.63924168985342,39.78938924782328,37.67150288121827,39.19669723510742,81200,0.0,0.0
2011-09-15 00:00:00-04:00,39.528619730724905,40.12131194437406,38.90431654217989,39.2678337097168,140700,0.0,0.0
2011-09-16 00:00:00-04:00,39.72617586803426,41.10121984091405,39.57602828914836,40.91156005859375,385100,0.0,0.0
2011-09-19 00:00:00-04:00,40.25563549724724,40.59544578416361,38.91220284432627,40.239830017089844,113000,0.0,0.0
2011-09-20 00:00:00-04:00,40.61125810530922,40.61125810530922,38.66722893728266,38.71464538574219,84100,0.0,0.0
2011-09-21 00:00:00-04:00,38.572391378525886,39.05444494295171,37.252662464295106,37.26056671142578,116600,0.0,0.0
2011-09-22 00:00:00-04:00,36.14632401691528,37.173656590596735,35.59314401121342,37.031410217285156,248700,0.0,0.0
2011-09-23 00:00:00-04:00,36.849650095036665,37.173655039709196,35.751194380527075,36.06729507446289,161400,0.0,0.0
2011-09-26 00:00:00-04:00,36.328075442561314,37.29218587606615,35.58523274730772,37.21316146850586,119700,0.0,0.0
2011-09-27 00:00:00-04:00,37.987609360272934,40.35837759002787,37.339599618640264,38.3669319152832,124600,0.0,0.0
2011-09-28 00:00:00-04:00,38.47756711247862,38.72254758038158,35.17429648588313,35.37186050415039,215400,0.0,0.0
2011-09-29 00:00:00-04:00,36.24905812888358,36.72321375023289,35.37187309324668,36.15422821044922,142900,0.0,0.0
2011-09-30 00:00:00-04:00,35.553622563152445,35.822309752428765,34.771267713187136,34.99253845214844,132000,0.0,0.0
2011-10-03 00:00:00-04:00,34.49467797029892,35.12688221071636,32.17922749041762,32.621768951416016,216300,0.0,0.0
2011-10-04 00:00:00-04:00,32.28197278997871,35.54573257170653,31.70508597873197,35.474609375,186800,0.0,0.0
2011-10-05 00:00:00-04:00,35.51411661635195,36.083102110284955,34.75547130083362,35.956661224365234,233500,0.0,0.0
2011-10-06 00:00:00-04:00,35.89343965944978,36.644183746540314,34.74757043738315,35.52992248535156,163600,0.0,0.0
2011-10-07 00:00:00-04:00,35.616852318772956,35.78280542348529,33.74394567301846,34.58161544799805,96600,0.0,0.0
2011-10-10 00:00:00-04:00,35.28494933832474,36.58887058485934,34.921429104550825,36.54935836791992,83800,0.0,0.0
2011-10-11 00:00:00-04:00,36.15421557381606,36.50983141188589,35.60893996516746,36.170021057128906,117900,0.0,0.0
2011-10-12 00:00:00-04:00,36.47823678366259,36.96819492745964,36.16213300499988,36.57306671142578,114800,0.0,0.0
2011-10-13 00:00:00-04:00,36.296477271814645,36.881265328967686,35.47460987921089,36.304378509521484,70300,0.0,0.0
2011-10-14 00:00:00-04:00,36.76271472244155,37.58458180310339,36.20163360595787,36.94447326660156,119700,0.0,0.0
2011-10-17 00:00:00-04:00,36.50983523410761,36.93657428446681,34.85029548757344,34.95302963256836,126300,0.0,0.0
2011-10-18 00:00:00-04:00,35.1268924666003,37.394927160170624,34.455172815684556,36.98399353027344,252500,0.0,0.0
2011-10-19 00:00:00-04:00,36.83384221452165,36.92867211508108,34.92932488016907,35.21381759643555,86800,0.0,0.0
2011-10-20 00:00:00-04:00,34.9767273994624,35.387660859664244,34.52628174424998,34.8344841003418,126700,0.0,0.0
2011-10-21 00:00:00-04:00,35.6608666317344,35.90718528882171,34.94574110546683,35.79594421386719,103400,0.24,0.0
2011-10-24 00:00:00-04:00,36.042260458656045,37.210297631456115,35.63702171127616,36.59846878051758,218000,0.0,0.0
2011-10-25 00:00:00-04:00,36.39186582681477,37.05137053805746,35.05696742695863,35.29534149169922,343600,0.0,0.0
2011-10-26 00:00:00-04:00,35.89128053730859,36.45543626609783,35.088753759141014,36.05019760131836,163100,0.0,0.0
2011-10-27 00:00:00-04:00,37.34537514113878,39.9516046065711,36.41571512978329,39.22853469848633,220900,0.0,0.0
2011-10-28 00:00:00-04:00,38.950429846513224,39.713228227649246,38.3942215569423,39.300045013427734,96000,0.0,0.0
2011-10-31 00:00:00-04:00,38.53725073301142,39.101403572981134,36.82095267727973,36.91630172729492,161900,0.0,0.0
2011-11-01 00:00:00-04:00,35.32713978111091,37.01960147739335,35.24768273779289,36.00253677368164,224800,0.0,0.0
2011-11-02 00:00:00-04:00,36.55078977614854,36.892460444804186,35.74031537825081,36.701759338378906,103300,0.0,0.0
2011-11-03 00:00:00-04:00,37.250017471315225,38.1637852583775,36.19322160282358,37.89362716674805,132600,0.0,0.0
2011-11-04 00:00:00-04:00,37.456610399842454,37.94925059374593,36.72559611412059,37.74266052246094,142100,0.0,0.0
2011-11-07 00:00:00-05:00,37.60757914059988,38.441889892293425,36.47132628686147,37.710872650146484,66200,0.0,0.0
2011-11-08 00:00:00-05:00,38.13199643699256,38.63258097923958,37.44865534379039,38.362422943115234,80400,0.0,0.0
2011-11-09 00:00:00-05:00,37.15467833671228,37.84596733075884,35.85156345257996,36.09788513183594,145200,0.0,0.0
2011-11-10 00:00:00-05:00,36.590524140827824,36.590524140827824,35.319193331651626,36.383934020996094,113900,0.0,0.0
2011-11-11 00:00:00-05:00,36.81300125886827,38.410110428230034,36.558732121521494,37.59963607788086,82200,0.0,0.0
2011-11-14 00:00:00-05:00,37.45661490270427,37.45661490270427,36.51106291134864,36.83684158325195,72000,0.0,0.0
2011-11-15 00:00:00-05:00,36.56667864841381,37.965142194808564,36.50311060803219,37.35331344604492,67800,0.0,0.0
2011-11-16 00:00:00-05:00,36.797115336356875,37.35332064138244,35.7959397251277,35.90718078613281,114600,0.0,0.0
2011-11-17 00:00:00-05:00,35.93896262551626,37.15467276265408,34.882169579183255,35.168216705322266,85000,0.0,0.0
2011-11-18 00:00:00-05:00,35.144378662109375,35.63701889402831,34.89011254040339,35.144378662109375,82000,0.0,0.0
2011-11-21 00:00:00-05:00,34.33390265147495,34.64378928332021,33.785641920601876,34.246498107910156,90100,0.0,0.0
2011-11-22 00:00:00-05:00,34.15910373504674,34.349801841690436,33.23738813669085,33.626731872558594,72700,0.0,0.0
2011-11-23 00:00:00-05:00,33.197655541235115,33.6187863230794,32.021673816968196,32.30772399902344,113400,0.0,0.0
2011-11-25 00:00:00-05:00,32.02961114497647,32.76857286972666,31.989879608154297,31.989879608154297,38700,0.0,0.0
2011-11-28 00:00:00-05:00,32.39511921694369,34.31800683792826,32.22825766922337,34.262386322021484,125800,0.0,0.0
2011-11-29 00:00:00-05:00,34.17499321750994,34.540503484254046,33.73797343304812,34.278289794921875,135900,0.0,0.0
2011-11-30 00:00:00-05:00,35.83565732630543,37.273852252423175,35.064914625083894,37.027530670166016,235900,0.0,0.0
2011-12-01 00:00:00-05:00,36.79711615730086,37.37716101054803,36.638199053280296,36.90040969848633,91400,0.0,0.0
2011-12-02 00:00:00-05:00,37.257972894665244,37.40099798697845,36.3600938220527,36.51106643676758,75500,0.0,0.0
2011-12-05 00:00:00-05:00,37.24208271001478,37.790346601172715,36.43160815746586,36.8765754699707,97300,0.0,0.0
2011-12-06 00:00:00-05:00,36.78917748025191,38.251209732793775,36.35215761244103,37.7506217956543,106500,0.0,0.0
2011-12-07 00:00:00-05:00,37.36127284554589,37.36921733757402,36.01048186886631,36.884521484375,84000,0.0,0.0
2011-12-08 00:00:00-05:00,36.20911821912159,36.73354246006056,34.588169463095255,34.96162414550781,117500,0.0,0.0
2011-12-09 00:00:00-05:00,35.041077245164495,37.44866360849517,34.88216321444715,37.00369644165039,99500,0.0,0.0
2011-12-12 00:00:00-05:00,36.80506382312443,36.80506382312443,35.71648656798974,36.00253677368164,129800,0.0,0.0
2011-12-13 00:00:00-05:00,36.45543991791944,37.400991845304745,34.78681512530332,35.02519226074219,136800,0.0,0.0
2011-12-14 00:00:00-05:00,34.58023423545911,35.112603108982974,33.65851856416592,34.17499542236328,130300,0.0,0.0
2011-12-15 00:00:00-05:00,34.770926990746794,35.13643722466055,33.634676865641424,34.230613708496094,104400,0.0,0.0
2011-12-16 00:00:00-05:00,34.44514888815129,35.46221651166386,33.777699491602114,34.02402114868164,349400,0.0,0.0
2011-12-19 00:00:00-05:00,34.26239999111305,34.93779700257543,33.730031117589185,34.17499542236328,148300,0.0,0.0
2011-12-20 00:00:00-05:00,34.96161903742061,36.90039863830309,34.5563834231668,36.54283905029297,132400,0.0,0.0
2011-12-21 00:00:00-05:00,36.64613625642757,36.987806901239374,35.96279496680394,36.43159866333008,94000,0.0,0.0
2011-12-22 00:00:00-05:00,36.47132863965207,36.80505174942191,36.01841697291248,36.391868591308594,102200,0.0,0.0
2011-12-23 00:00:00-05:00,36.42366874251786,36.82096006692094,35.8674602821351,36.558746337890625,72400,0.0,0.0
2011-12-27 00:00:00-05:00,36.43159962077289,36.94013487208582,36.14555252021648,36.630245208740234,61100,0.0,0.0
2011-12-28 00:00:00-05:00,36.63024616669397,36.6699777101994,35.81182729281443,36.03430938720703,183200,0.0,0.0
2011-12-29 00:00:00-05:00,36.16938968943134,36.63024588586731,35.97074409779195,36.53489685058594,124900,0.0,0.0
2011-12-30 00:00:00-05:00,36.39981618813119,36.90040085383721,36.13760257468343,36.45543670654297,150100,0.0,0.0
2012-01-03 00:00:00-05:00,37.51223433175922,38.58492238913352,36.84478499531231,38.16379165649414,191000,0.0,0.0
2012-01-04 00:00:00-05:00,37.78239977448201,38.426012733358945,37.178518368113394,37.82212829589844,135300,0.0,0.0
2012-01-05 00:00:00-05:00,37.36125982158727,37.806226997348254,36.614353556540415,37.70293045043945,132900,0.0,0.0
2012-01-06 00:00:00-05:00,37.48841149002106,38.656449012193484,37.23414527216062,38.46574783325195,150900,0.0,0.0
2012-01-09 00:00:00-05:00,38.426004044412764,38.5928656152859,38.06049688028364,38.4498405456543,158000,0.0,0.0
2012-01-10 00:00:00-05:00,38.84713707117513,39.88804121408741,38.84713707117513,39.315940856933594,96600,0.0,0.0
2012-01-11 00:00:00-05:00,38.90274594004,39.67349168669403,38.86301743405686,39.00604248046875,94200,0.0,0.0
2012-01-12 00:00:00-05:00,38.918646549291005,39.546367388253294,38.608759890613555,39.25237274169922,77200,0.0,0.0
2012-01-13 00:00:00-05:00,38.48957542659752,38.85508568229542,38.06844766916394,38.76768112182617,90900,0.0,0.0
2012-01-17 00:00:00-05:00,38.91070101943213,39.45101729282915,38.473678275440946,38.9583740234375,148200,0.0,0.0
2012-01-18 00:00:00-05:00,38.982211633980874,39.80857498392884,38.71205351060621,39.33977127075195,71000,0.0,0.0
2012-01-19 00:00:00-05:00,39.52252127125423,39.935701361585224,39.19674267970321,39.58608627319336,109500,0.0,0.0
2012-01-20 00:00:00-05:00,39.570116929869386,39.75379218557556,38.89930149554441,39.20276641845703,103600,0.25,0.0
2012-01-23 00:00:00-05:00,39.21875042329824,39.81769284748697,38.93125757226706,39.194793701171875,52400,0.0,0.0
2012-01-24 00:00:00-05:00,38.93126382062287,39.41041661832501,38.77154520592909,39.298614501953125,87500,0.0,0.0
2012-01-25 00:00:00-05:00,39.27464350998211,40.161078605486416,38.80347544328965,39.665950775146484,102300,0.0,0.0
2012-01-26 00:00:00-05:00,39.87358099539147,40.0892005639,39.37046866887158,39.82566452026367,108700,0.0,0.0
2012-01-27 00:00:00-05:00,39.522198982966884,40.344745261547764,39.442338198497545,40.33675765991211,66200,0.0,0.0
2012-01-30 00:00:00-05:00,39.7777604936417,40.27288533481567,39.3784655789966,40.145111083984375,61100,0.0,0.0
2012-01-31 00:00:00-05:00,40.40065722468918,40.48051498440005,38.69167557729917,39.434364318847656,118500,0.0,0.0
2012-02-01 00:00:00-05:00,39.88156556902576,41.43083142202148,39.618032571650616,40.94369125366211,131400,0.0,0.0
2012-02-02 00:00:00-05:00,41.02354991464934,42.08567562298727,40.83189010253189,41.39090347290039,191600,0.0,0.0
2012-02-03 00:00:00-05:00,41.77422963487877,42.149564734302245,41.28708941493503,41.89401626586914,134100,0.0,0.0
2012-02-06 00:00:00-05:00,41.52667236328125,42.17353124102094,41.45479915464351,41.52667236328125,89700,0.0,0.0
2012-02-07 00:00:00-05:00,41.550626833921314,41.566598995684586,40.62426277629991,40.768009185791016,100500,0.0,0.0
2012-02-08 00:00:00-05:00,40.80793367182204,41.63048315895763,40.56037280710055,40.90376663208008,92100,0.0,0.0
2012-02-09 00:00:00-05:00,41.02355181629991,41.02355181629991,39.82566727271554,40.57634353637695,69300,0.0,0.0
2012-02-10 00:00:00-05:00,39.97740368395118,40.76800582459115,38.88333354120737,39.689910888671875,151100,0.0,0.0
2012-02-13 00:00:00-05:00,40.248933396309866,40.64024075317705,39.657975512023405,40.0333137512207,56800,0.0,0.0
2012-02-14 00:00:00-05:00,39.87359297953291,40.216986871879364,38.93125667677454,39.737831115722656,115500,0.0,0.0
2012-02-15 00:00:00-05:00,40.29684131410093,40.29684131410093,38.98715450556071,39.15485763549805,124300,0.0,0.0
2012-02-16 00:00:00-05:00,38.99514234624121,40.58433438098442,38.891324816726126,40.216983795166016,144200,0.0,0.0
2012-02-17 00:00:00-05:00,40.30481920920118,40.61626867445364,39.634003804666015,39.93746566772461,109700,0.0,0.0
2012-02-21 00:00:00-05:00,40.08921195852473,40.600308986313706,39.354507696294135,40.368717193603516,121300,0.0,0.0
2012-02-22 00:00:00-05:00,40.27288495681408,40.98362941079077,39.594084826839996,39.6579704284668,113600,0.0,0.0
2012-02-23 00:00:00-05:00,39.79373268028652,40.680164832386374,39.38645016112589,40.1291389465332,93500,0.0,0.0
2012-02-24 00:00:00-05:00,40.07323506142752,40.256910343691445,39.3704752080512,39.490264892578125,99600,0.0,0.0
2012-02-27 00:00:00-05:00,39.05103733255996,39.71386519577732,38.53993736842938,39.50623321533203,127500,0.0,0.0
2012-02-28 00:00:00-05:00,39.43436729031557,39.69790035432185,39.16284662190935,39.48228073120117,67900,0.0,0.0
2012-02-29 00:00:00-05:00,39.57012520155463,39.96942011387381,38.348283744699046,38.60383224487305,192300,0.0,0.0
2012-03-01 00:00:00-05:00,38.99513738887079,39.51421887769965,38.50000957036091,38.739585876464844,86800,0.0,0.0
2012-03-02 00:00:00-05:00,38.70764357920866,39.019093073543985,38.28438896836251,38.388206481933594,146200,0.0,0.0
2012-03-05 00:00:00-05:00,38.12467687120539,38.212519186742625,37.61357686064084,37.88509750366211,106500,0.0,0.0
2012-03-06 00:00:00-05:00,37.214289556545744,37.76531855847749,37.006657514945445,37.38998031616211,92500,0.0,0.0
2012-03-07 00:00:00-05:00,37.70940409695046,37.71738865301229,36.854913418579834,37.62954330444336,85800,0.0,0.0
2012-03-08 00:00:00-05:00,38.02884278798033,38.17258918573035,37.557674716772624,38.12467575073242,76300,0.0,0.0
2012-03-09 00:00:00-05:00,37.96494975929068,39.5142124639122,37.96494975929068,38.58784866333008,76100,0.0,0.0
2012-03-12 00:00:00-04:00,38.54793311572548,38.803481628593836,37.93301855464268,38.3642578125,74800,0.0,0.0
2012-03-13 00:00:00-04:00,38.79549358606116,39.466306087309746,38.699660617558536,39.362491607666016,148700,0.0,0.0
2012-03-14 00:00:00-04:00,39.314568852642374,39.314568852642374,37.68544520448664,38.108699798583984,252200,0.0,0.0
2012-03-15 00:00:00-04:00,38.33231828662889,38.795501928187555,38.18058729010741,38.667724609375,127200,0.0,0.0
2012-03-16 00:00:00-04:00,38.7954950488311,39.75380039896351,38.7954950488311,39.146873474121094,300400,0.0,0.0
2012-03-19 00:00:00-04:00,39.082985760407176,40.29684268549031,39.082985760407176,39.514225006103516,91700,0.0,0.0
2012-03-20 00:00:00-04:00,39.33053396317861,39.53018134370236,38.6118021747422,39.027069091796875,85000,0.0,0.0
2012-03-21 00:00:00-04:00,39.178832880524276,39.5621557774177,38.50002944209209,38.65974807739258,78400,0.0,0.0
2012-03-22 00:00:00-04:00,38.16461604812797,38.58786776460303,37.86913556079724,38.571895599365234,140400,0.0,0.0
2012-03-23 00:00:00-04:00,38.49202875616327,39.36249175519906,38.49202875616327,38.77153396606445,96000,0.0,0.0
2012-03-26 00:00:00-04:00,39.13088477394989,39.54615167181012,39.00311057817575,39.26664352416992,103400,0.0,0.0
2012-03-27 00:00:00-04:00,39.36248534268968,39.36248534268968,38.587852392332195,38.65174102783203,83600,0.0,0.0
2012-03-28 00:00:00-04:00,38.579869416138706,38.579869416138706,37.94099522048628,38.34029006958008,188700,0.0,0.0
2012-03-29 00:00:00-04:00,37.94898503206504,38.30835102644009,37.93301287160636,38.12467575073242,209200,0.0,0.0
2012-03-30 00:00:00-04:00,38.33231761432086,38.33231761432086,37.74135971069336,37.74135971069336,207600,0.0,0.0
2012-04-02 00:00:00-04:00,37.749347924796794,38.7795297084221,37.53372826917436,38.699668884277344,348600,0.0,0.0
2012-04-03 00:00:00-04:00,38.731606470281804,39.106944662463775,38.38022804436105,38.61980438232422,195700,0.0,0.0
2012-04-04 00:00:00-04:00,38.12468010744191,38.62778951068184,37.66149654034404,38.50001525878906,197500,0.0,0.0
2012-04-05 00:00:00-04:00,38.13264623065966,39.035053161983335,38.13264623065966,38.428123474121094,101100,0.0,0.0
2012-04-09 00:00:00-04:00,37.741349992480295,38.64375725693806,37.741349992480295,38.12467575073242,159900,0.0,0.0
2012-04-10 00:00:00-04:00,38.10869927719953,38.23647350002961,37.270177703100735,37.65350341796875,184900,0.0,0.0
2012-04-11 00:00:00-04:00,38.19654618059677,39.05103690173326,38.164601861995166,38.460079193115234,217000,0.0,0.0
2012-04-12 00:00:00-04:00,38.49202159894533,39.697890625642884,38.49202159894533,39.306583404541016,182200,0.0,0.0
2012-04-13 00:00:00-04:00,39.2267290006784,39.322561967328866,38.21251961813105,38.356266021728516,83900,0.0,0.0
2012-04-16 00:00:00-04:00,38.100718395379126,38.55591433490321,37.82121318562866,38.292381286621094,143300,0.0,0.0
2012-04-17 00:00:00-04:00,38.53195613082585,39.70588405928996,38.53195613082585,39.01909637451172,186300,0.0,0.0
2012-04-18 00:00:00-04:00,38.931263368365045,39.3545151029644,38.739600423683186,38.92327880859375,106400,0.0,0.0
2012-04-19 00:00:00-04:00,38.971172198803025,39.074989700662734,38.188554749779875,38.49201965332031,88900,0.0,0.0
2012-04-20 00:00:00-04:00,39.02708091556906,39.02708091556906,38.420154035306304,38.52397155761719,104400,0.0,0.0
2012-04-23 00:00:00-04:00,37.74134387377281,38.41215927239285,37.50176759848944,37.8930778503418,137800,0.0,0.0
2012-04-24 00:00:00-04:00,37.772652367328554,38.639698794151315,37.772652367328554,38.463077545166016,107000,0.25,0.0
2012-04-25 00:00:00-04:00,39.04111141200328,39.62716925352461,38.968857537705404,39.49871826171875,297100,0.0,0.0
2012-04-26 00:00:00-04:00,40.14096767400153,40.991957291194964,39.92420608106038,40.86350631713867,391100,0.0,0.0
2012-04-27 00:00:00-04:00,40.86352550776582,42.51733219259926,40.86352550776582,41.86705017089844,280000,0.0,0.0
2012-04-30 00:00:00-04:00,44.06676873278496,44.10690910153815,41.62619633741959,42.204227447509766,322000,0.0,0.0
2012-05-01 00:00:00-04:00,42.20423097610107,43.13550169659991,41.81887789132715,42.13197708129883,326000,0.0,0.0
2012-05-02 00:00:00-04:00,41.86704270283505,42.20422545949556,41.3211251384682,42.09183120727539,152000,0.0,0.0
2012-05-03 00:00:00-04:00,42.04365754201757,42.26844909085984,41.56196705345195,42.01154708862305,174000,0.0,0.0
2012-05-04 00:00:00-04:00,41.6904328261932,41.74662996768701,40.93578331005178,41.313106536865234,165600,0.0,0.0
2012-05-07 00:00:00-04:00,41.24887916064071,41.94733147798547,41.08831459989676,41.6181755065918,143700,0.0,0.0
2012-05-08 00:00:00-04:00,41.25690141294571,42.34873662931511,41.06422641153577,42.172115325927734,169800,0.0,0.0
2012-05-09 00:00:00-04:00,41.529862747346264,42.54141728517862,41.192679943078225,41.666343688964844,194600,0.0,0.0
2012-05-10 00:00:00-04:00,42.11591335088517,42.26042111657745,41.5218285919401,41.738590240478516,100000,0.0,0.0
2012-05-11 00:00:00-04:00,41.27295052181123,42.12394029739463,41.056188888525455,41.40140151977539,117100,0.0,0.0
2012-05-14 00:00:00-04:00,40.855487881482944,41.56999681672387,40.855487881482944,41.240840911865234,87000,0.0,0.0
2012-05-15 00:00:00-04:00,41.12845037143134,41.82690261060657,41.02408295925125,41.40943908691406,289300,0.0,0.0
2012-05-16 00:00:00-04:00,41.54590390827776,41.93928676138841,41.016043227310384,41.04815673828125,303600,0.0,0.0
2012-05-17 00:00:00-04:00,41.29704799108236,41.33719142971517,40.526341744556966,40.65479278564453,198000,0.0,0.0
2012-05-18 00:00:00-04:00,40.62266852205572,41.12041885440103,40.22928865255621,40.63872528076172,217600,0.0,0.0
2012-05-21 00:00:00-04:00,40.63872758675672,40.991970173305916,40.30957167089009,40.83140563964844,160100,0.0,0.0
2012-05-22 00:00:00-04:00,40.831401812288654,41.096330664853504,39.96435524931976,40.2774543762207,205600,0.0,0.0
2012-05-23 00:00:00-04:00,39.707464274313836,40.7029621161904,39.18563327203156,40.606624603271484,139300,0.0,0.0
2012-05-24 00:00:00-04:00,40.56646655900195,40.7029474604665,39.69139322024343,40.03660583496094,168000,0.0,0.0
2012-05-25 00:00:00-04:00,39.972386606061555,40.14900482665802,39.43449590864168,39.707454681396484,75500,0.0,0.0
2012-05-29 00:00:00-04:00,40.100843075663526,40.90366274459568,39.78774389478223,40.678871154785156,91200,0.0,0.0
2012-05-30 00:00:00-04:00,40.25337029757054,40.25337029757054,39.314072927898884,39.43449401855469,160500,0.0,0.0
2012-05-31 00:00:00-04:00,39.46661849228346,39.46661849228346,38.42295343759309,38.527320861816406,344100,0.0,0.0
2012-06-01 00:00:00-04:00,37.989424234383335,38.719989967255565,36.64871693683773,38.01350784301758,192800,0.0,0.0
2012-06-04 00:00:00-04:00,38.27040822619804,38.27040822619804,36.913644227243225,37.42744827270508,228400,0.0,0.0
2012-06-05 00:00:00-04:00,37.06618516041792,37.73252700086556,36.97787756335336,37.692386627197266,131500,0.0,0.0
2012-06-06 00:00:00-04:00,37.73251822107125,38.471110724753835,37.5639268533846,38.334632873535156,300500,0.0,0.0
2012-06-07 00:00:00-04:00,38.82436000729583,39.61914977124002,38.24632886078077,38.2784423828125,149900,0.0,0.0
2012-06-08 00:00:00-04:00,38.13393020629883,38.479142872114835,37.64420977048943,38.13393020629883,154400,0.0,0.0
2012-06-11 00:00:00-04:00,38.48718241632714,38.48718241632714,37.83690029936002,38.02957534790039,210800,0.0,0.0
2012-06-12 00:00:00-04:00,38.37478379685102,39.03309575301452,38.0857681941423,38.888587951660156,215600,0.0,0.0
2012-06-13 00:00:00-04:00,38.736038903901346,39.24984286775409,38.44702340860588,38.7199821472168,147800,0.0,0.0
2012-06-14 00:00:00-04:00,38.65575750358234,39.33815280685934,38.30251498775724,39.27392578125,89300,0.0,0.0
2012-06-15 00:00:00-04:00,39.17760245106486,39.763660490046846,38.832389720052774,39.00098419189453,255400,0.0,0.0
2012-06-18 00:00:00-04:00,38.9206981049785,39.546896481585684,38.54337187163105,39.19365692138672,106500,0.0,0.0
2012-06-19 00:00:00-04:00,39.4987223939331,40.92774021008621,39.4987223939331,40.49421691894531,175700,0.0,0.0
2012-06-20 00:00:00-04:00,40.41394964273637,40.79930278675057,39.58704621261304,40.22930145263672,84000,0.0,0.0
2012-06-21 00:00:00-04:00,40.25337793237908,40.25337793237908,38.6397117364272,38.82435989379883,110100,0.0,0.0
2012-06-22 00:00:00-04:00,39.0973108071981,39.94829752904532,38.736041414662296,39.68336868286133,769300,0.0,0.0
2012-06-25 00:00:00-04:00,39.49070823222137,40.34169839540589,39.081271446759565,39.71549987792969,123600,0.0,0.0
2012-06-26 00:00:00-04:00,39.84393619500309,40.30956995401222,39.79576591820341,39.85196304321289,133700,0.0,0.0
2012-06-27 00:00:00-04:00,39.82787942062578,40.542388349052445,39.57097740282099,40.40591049194336,74700,0.0,0.0
2012-06-28 00:00:00-04:00,39.980420173749,40.590564856579206,39.76365848873149,40.43000030517578,74500,0.0,0.0
2012-06-29 00:00:00-04:00,41.34521667208137,42.05169890184617,40.4380295070152,41.6181755065918,142300,0.0,0.0
2012-07-02 00:00:00-04:00,41.69041303824901,41.77872366511336,41.040128200667645,41.72252655029297,94800,0.0,0.0
2012-07-03 00:00:00-04:00,41.690420942096345,43.07127159664344,41.65028057568795,42.7180290222168,97300,0.0,0.0
2012-07-05 00:00:00-04:00,42.429012228850105,42.50929602180546,41.8188707149572,42.04365921020508,102100,0.0,0.0
2012-07-06 00:00:00-04:00,41.57803004159206,41.79479171268089,41.34521161014326,41.48971939086914,118000,0.0,0.0
2012-07-09 00:00:00-04:00,41.38535352671059,41.6181719668618,41.040140822352306,41.30507278442383,123400,0.0,0.0
2012-07-10 00:00:00-04:00,41.505779662543155,42.549444674122576,40.518311785720876,41.024085998535156,129700,0.0,0.0
2012-07-11 00:00:00-04:00,41.16056889184293,42.13198005296692,40.48620018029522,41.915218353271484,119000,0.0,0.0
2012-07-12 00:00:00-04:00,41.49774254751691,42.581550806528845,40.7430932528266,42.26042175292969,104700,0.0,0.0
2012-07-13 00:00:00-04:00,42.30859302464927,42.59760856718225,41.955350444880644,42.316619873046875,66200,0.0,0.0
2012-07-16 00:00:00-04:00,42.17210708880573,42.18013699876253,41.74661373649572,42.0275993347168,50200,0.0,0.0
2012-07-17 00:00:00-04:00,42.3487397616001,42.50127440420788,41.56197681220383,41.80282211303711,84500,0.0,0.0
2012-07-18 00:00:00-04:00,41.842950112810215,41.931260744921595,41.13647118094569,41.5860481262207,107000,0.0,0.0
2012-07-19 00:00:00-04:00,41.77873988561829,42.332684402135534,39.699436642439544,42.156063079833984,44400,0.0,0.0
2012-07-20 00:00:00-04:00,41.60209803221841,41.74660575869182,41.07223738932014,41.417449951171875,95600,0.0,0.0
2012-07-23 00:00:00-04:00,40.63872715801964,41.20070148863512,40.140979865195064,40.911685943603516,187200,0.0,0.0
2012-07-24 00:00:00-04:00,41.02463711757867,41.2908751858855,39.79026845298693,39.87094497680664,137400,0.25,0.0
2012-07-25 00:00:00-04:00,40.17752014553091,40.250130245914406,38.24932235242841,39.94355392456055,255700,0.0,0.0
2012-07-26 00:00:00-04:00,41.62971107342035,44.719669878699044,40.97622337319599,43.501434326171875,496900,0.0,0.0
2012-07-27 00:00:00-04:00,43.57405270139304,44.9697805257088,43.20293577911362,44.71160888671875,309700,0.0,0.0
2012-07-30 00:00:00-04:00,44.77615180232721,44.77615180232721,43.93710245335043,44.61479568481445,150100,0.0,0.0
2012-07-31 00:00:00-04:00,44.34048535199684,44.969773819421285,43.864486560888956,44.00164031982422,174900,0.0,0.0
2012-08-01 00:00:00-04:00,44.17106171209393,44.905229007400536,44.09038520485159,44.12265396118164,146000,0.0,0.0
2012-08-02 00:00:00-04:00,43.96936684201416,44.78421063484557,43.210997219101195,44.04197692871094,99800,0.0,0.0
2012-08-03 00:00:00-04:00,44.72775490051589,45.115007829976875,44.526060474070825,44.921382904052734,101800,0.0,0.0
2012-08-06 00:00:00-04:00,44.977848456294524,46.37357324984008,44.719679886252116,45.78462600708008,119900,0.0,0.0
2012-08-07 00:00:00-04:00,45.994376571009894,46.139596744012856,45.30861703663813,45.52644729614258,97700,0.0,0.0
2012-08-08 00:00:00-04:00,45.45383416115621,46.502644057694084,44.76000517614479,45.574851989746094,73600,0.0,0.0
2012-08-09 00:00:00-04:00,45.582926577160386,45.93790755229892,45.11499417221199,45.316688537597656,97900,0.0,0.0
2012-08-10 00:00:00-04:00,45.066602539046585,46.0750746578845,44.44538334452891,46.0670051574707,83500,0.0,0.0
2012-08-13 00:00:00-04:00,45.95404875475464,46.25255866572932,45.57486539700614,46.18801498413086,97000,0.0,0.0
2012-08-14 00:00:00-04:00,46.567198481475764,46.567198481475764,45.75235147957222,46.099266052246094,119800,0.0,0.0
2012-08-15 00:00:00-04:00,45.94597574406958,46.309026206964106,45.63939945566846,46.2525520324707,70900,0.0,0.0
2012-08-16 00:00:00-04:00,46.115395369372436,46.43003805823636,45.56678649939017,46.21220779418945,113000,0.0,0.0
2012-08-17 00:00:00-04:00,46.06699567273451,46.87377320169737,46.06699567273451,46.583335876464844,64300,0.0,0.0
2012-08-20 00:00:00-04:00,46.61559508507489,46.906035428395576,45.8410895546273,46.268680572509766,60400,0.0,0.0
2012-08-21 00:00:00-04:00,46.52685024146997,47.63213747303693,46.30902305616559,46.53491973876953,58000,0.0,0.0
2012-08-22 00:00:00-04:00,46.44617052973394,46.67206719675284,46.0024436148277,46.381629943847656,45000,0.0,0.0
2012-08-23 00:00:00-04:00,46.40584164704399,46.58333367988224,44.969778698041814,45.27635192871094,94700,0.0,0.0
2012-08-24 00:00:00-04:00,45.32475751729955,45.39736761111242,44.566387820063106,45.23601150512695,64400,0.0,0.0
2012-08-27 00:00:00-04:00,45.43771821255189,45.671684475913295,44.67934830928441,44.897178649902344,47700,0.0,0.0
2012-08-28 00:00:00-04:00,44.9374986105319,45.32475136577158,42.9770294212732,44.99397277832031,67000,0.0,0.0
2012-08-29 00:00:00-04:00,45.050466358000925,45.486127049472586,44.8407055126327,45.26022720336914,71300,0.0,0.0
2012-08-30 00:00:00-04:00,44.776146438701126,44.792282356280715,44.02584319811397,44.46957015991211,66700,0.0,0.0
2012-08-31 00:00:00-04:00,44.816488640964764,45.123064946754866,44.0903907516032,45.05852127075195,74700,0.0,0.0
2012-09-04 00:00:00-04:00,44.71967603108225,45.994382851075876,44.57445583825095,45.97018051147461,97800,0.0,0.0
2012-09-05 00:00:00-04:00,46.22029462468033,46.785039623519964,45.14727881912374,45.26022720336914,98700,0.0,0.0
2012-09-06 00:00:00-04:00,45.36510150942328,46.84957233245442,45.36510150942328,46.18801498413086,92700,0.0,0.0
2012-09-07 00:00:00-04:00,46.462316618914805,46.712418753312846,46.244486323331735,46.639808654785156,167800,0.0,0.0
2012-09-10 00:00:00-04:00,46.68015296861717,46.994795743840356,45.970187810669756,46.29290008544922,168000,0.0,0.0
2012-09-11 00:00:00-04:00,46.33323448905684,46.79309744184532,46.268690808434975,46.68014907836914,62700,0.0,0.0
2012-09-12 00:00:00-04:00,46.72854841994991,47.32556508701224,45.833028035774014,47.30942916870117,75400,0.0,0.0
2012-09-13 00:00:00-04:00,47.083538849439805,47.80157038474204,46.680150069821735,47.72089385986328,191500,0.0,0.0
2012-09-14 00:00:00-04:00,48.10814483867214,48.39858524106321,46.98672456758264,47.35784149169922,317900,0.0,0.0
2012-09-17 00:00:00-04:00,46.95445507635863,47.30943609836271,46.38164374166607,46.82537078857422,87000,0.0,0.0
2012-09-18 00:00:00-04:00,46.81729998810801,47.16421457893814,46.228352749111124,47.08353805541992,124600,0.0,0.0
2012-09-19 00:00:00-04:00,47.18034869175532,47.535329690293636,46.55912963610428,47.26102828979492,70600,0.0,0.0
2012-09-20 00:00:00-04:00,46.96253331272395,47.607954914021164,46.40585775865753,47.24490737915039,145700,0.0,0.0
2012-09-21 00:00:00-04:00,47.74508254457497,47.74508254457497,46.40583230243293,46.43003463745117,461400,0.0,0.0
2012-09-24 00:00:00-04:00,46.28481427998048,47.13192985582649,45.52644470231466,46.801151275634766,81200,0.0,0.0
2012-09-25 00:00:00-04:00,47.03513502285793,47.341711382746944,45.75235847325215,45.81690216064453,91900,0.0,0.0
2012-09-26 00:00:00-04:00,45.808835826372295,47.05934369630622,45.082737758707964,46.71242904663086,129600,0.0,0.0
2012-09-27 00:00:00-04:00,46.91411481819794,47.68055101316411,46.35743635024358,47.5756721496582,118700,0.0,0.0
2012-09-28 00:00:00-04:00,47.17226689347564,47.45463770053667,46.78501418195866,47.107723236083984,69800,0.0,0.0
2012-10-01 00:00:00-04:00,47.23682468114938,47.72895947640198,46.79309764657497,47.08353805541992,58900,0.0,0.0
2012-10-02 00:00:00-04:00,47.494988895754155,47.494988895754155,46.922177629492,47.05126190185547,93700,0.0,0.0
2012-10-03 00:00:00-04:00,47.11579718927035,47.11579718927035,45.95403586720453,46.381629943847656,68400,0.0,0.0
2012-10-04 00:00:00-04:00,46.631742173124145,47.18842065705485,46.357437680674686,46.97865676879883,71400,0.0,0.0
2012-10-05 00:00:00-04:00,47.115814545548595,47.31750895186069,46.22835731120797,46.7931022644043,76100,0.0,0.0
2012-10-08 00:00:00-04:00,46.71241929609059,46.922180095601284,46.25255635927578,46.33323287963867,52400,0.0,0.0
2012-10-09 00:00:00-04:00,46.50264674658604,46.84149483966398,46.09119164528932,46.268680572509766,60200,0.0,0.0
2012-10-10 00:00:00-04:00,46.1960791443295,46.3574352628155,45.4780476485594,45.994384765625,86400,0.0,0.0
2012-10-11 00:00:00-04:00,46.333236662237034,46.61560758417159,45.70395113471874,45.74428939819336,81100,0.0,0.0
2012-10-12 00:00:00-04:00,45.695880031834136,45.88143849939529,44.598662069201104,45.39737319946289,126800,0.0,0.0
2012-10-15 00:00:00-04:00,45.36509512929097,46.542989454295004,44.590589524708456,46.454246520996094,153000,0.0,0.0
2012-10-16 00:00:00-04:00,46.60753364999893,47.77736156787533,46.59946415203736,47.69668197631836,192800,0.0,0.0
2012-10-17 00:00:00-04:00,47.599880465925644,47.80964129688025,46.96252539563626,47.61601638793945,150000,0.0,0.0
2012-10-18 00:00:00-04:00,47.52726032830848,47.6402086809627,47.16420985362578,47.559532165527344,93000,0.0,0.0
2012-10-19 00:00:00-04:00,47.09966570178394,47.123868039065435,46.26868288298454,46.84956359863281,92700,0.0,0.0
2012-10-22 00:00:00-04:00,46.84151781339278,47.44660113287416,46.680161646008486,47.398193359375,83300,0.0,0.0
2012-10-23 00:00:00-04:00,47.21181518710137,47.21181518710137,45.83443195031893,46.69327163696289,109800,0.25,0.0
2012-10-24 00:00:00-04:00,46.80671741479104,47.292851373679,46.36109410401635,46.92824935913086,128800,0.0,0.0
2012-10-25 00:00:00-04:00,47.54402398903375,48.775566897203845,47.54402398903375,48.14358901977539,289800,0.0,0.0
2012-10-26 00:00:00-04:00,48.34614401920861,49.261699508690604,47.941031353691805,48.370452880859375,162400,0.0,0.0
2012-10-31 00:00:00-04:00,48.54059021240283,49.29409987399394,48.17598826473556,49.08344268798828,203100,0.0,0.0
2012-11-01 00:00:00-04:00,48.87278574815423,49.666806104641644,48.718844066745554,49.30220413208008,250500,0.0,0.0
2012-11-02 00:00:00-04:00,49.423742349007746,49.49666274823521,47.60073545908533,47.9410285949707,138900,0.0,0.0
2012-11-05 00:00:00-05:00,47.770877056100275,48.28942068964192,47.770877056100275,48.1192741394043,96500,0.0,0.0
2012-11-06 00:00:00-05:00,48.516288759634406,49.55337608897005,48.30562846413558,49.18877410888672,113900,0.0,0.0
2012-11-07 00:00:00-05:00,49.05914453461348,49.05914453461348,47.41438805610871,48.14358901977539,105100,0.0,0.0
2012-11-08 00:00:00-05:00,48.24081000538283,48.4271614337963,47.706061487529084,48.07066345214844,72800,0.0,0.0
2012-11-09 00:00:00-05:00,47.86000807305434,49.01052960262939,47.86000807305434,48.58110809326172,96000,0.0,0.0
2012-11-12 00:00:00-05:00,48.816079530558326,49.14827181535146,48.38666106481135,48.888999938964844,60600,0.0,0.0
2012-11-13 00:00:00-05:00,48.767462335732525,49.20498476321361,48.37045364805719,48.694541931152344,56300,0.0,0.0
2012-11-14 00:00:00-05:00,48.7917670229322,48.7917670229322,47.2847475177319,47.53591537475586,123900,0.0,0.0
2012-11-15 00:00:00-05:00,47.28473737260238,47.884302216308406,46.563637527482804,46.93634033203125,78600,0.0,0.0
2012-11-16 00:00:00-05:00,46.67707150406481,47.68985294412605,45.980277378780485,47.3171501159668,88400,0.0,0.0
2012-11-19 00:00:00-05:00,47.997751220368045,48.47578430175781,47.81950065385389,48.47578430175781,66200,0.0,0.0
2012-11-20 00:00:00-05:00,48.26511654823484,49.148262169718194,47.91671945319694,48.41095733642578,53200,0.0,0.0
2012-11-21 00:00:00-05:00,48.5973127260335,48.670233126068254,48.038258386276496,48.36234664916992,34500,0.0,0.0
2012-11-23 00:00:00-05:00,48.80796299650388,49.06723478980889,48.524382347676564,48.71883773803711,28500,0.0,0.0
2012-11-26 00:00:00-05:00,48.57300559543681,48.832277434793376,47.82759673921359,48.289424896240234,98900,0.0,0.0
2012-11-27 00:00:00-05:00,48.119272717220376,49.19687368507083,48.119272717220376,48.767452239990234,197100,0.0,0.0
2012-11-28 00:00:00-05:00,48.4838723969182,49.5533693321561,47.7222618796317,49.10774612426758,156200,0.0,0.0
2012-11-29 00:00:00-05:00,49.399435807553296,49.59388814194504,48.613516304912686,49.24549102783203,46700,0.0,0.0
2012-11-30 00:00:00-05:00,49.24548857161357,49.90987301404873,48.78366043701264,49.31840896606445,166900,0.0,0.0
2012-12-03 00:00:00-05:00,49.31841605912989,49.74783759521815,48.79987233101858,49.21308898925781,63700,0.0,0.0
2012-12-04 00:00:00-05:00,49.33461278780013,49.69921475226668,48.82417003754696,49.44804382324219,130900,0.0,0.0
2012-12-05 00:00:00-05:00,49.44804788538018,50.104331475333396,49.31031107124662,49.66680908203125,180400,0.0,0.0
2012-12-06 00:00:00-05:00,49.764038342172626,49.91798313313858,48.5649052232875,49.32651901245117,122800,0.0,0.0
2012-12-07 00:00:00-05:00,49.41564122313733,49.68301395853475,48.8484829085713,49.66680908203125,127800,0.0,0.0
2012-12-10 00:00:00-05:00,49.56957614251116,49.86935858996496,49.26979369505736,49.61819076538086,134700,0.0,0.0
2012-12-11 00:00:00-05:00,49.94228571560835,50.43652363044501,49.569582828957934,49.69921875,82600,0.0,0.0
2012-12-12 00:00:00-05:00,50.00711837494922,50.00711837494922,48.89710722512195,49.067256927490234,100600,0.0,0.0
2012-12-13 00:00:00-05:00,48.97001101628357,49.537169286492464,48.783659587213954,49.01052474975586,70800,0.0,0.0
2012-12-14 00:00:00-05:00,48.85657009385018,49.520954390268095,48.74313908091492,49.01861572265625,91200,0.0,0.0
2012-12-17 00:00:00-05:00,49.30221176124274,49.30221176124274,48.01395331935247,48.66213607788086,168900,0.0,0.0
2012-12-18 00:00:00-05:00,48.64593062759941,49.488565731162495,48.483884939873526,49.21308898925781,288100,0.0,0.0
2012-12-19 00:00:00-05:00,49.423745035642554,50.17725483836514,48.953812861572835,50.03141403198242,152100,0.0,0.0
2012-12-20 00:00:00-05:00,49.828844354544415,50.13673076231148,49.0996405179286,49.520957946777344,187100,0.0,0.0
2012-12-21 00:00:00-05:00,49.10775299143914,49.51286561721803,48.82417229893549,49.439945220947266,357000,0.0,0.0
2012-12-24 00:00:00-05:00,49.439952939278385,49.60199863304056,49.06725000716057,49.40754318237305,35300,0.0,0.0
2012-12-26 00:00:00-05:00,49.496658181905644,49.8612601444065,49.18877173682005,49.22928237915039,46700,0.0,0.0
2012-12-27 00:00:00-05:00,49.39944089741673,49.48856618101434,48.64593106979169,49.350826263427734,89000,0.0,0.0
2012-12-28 00:00:00-05:00,48.969998463821696,49.423725581837886,48.75123734035477,48.82415771484375,51300,0.0,0.0
2012-12-31 00:00:00-05:00,48.872780502622206,50.18534437220194,48.68642909015056,49.9827880859375,111500,0.0,0.0
2013-01-02 00:00:00-05:00,50.84163197416191,51.48171063243271,50.25016794121074,51.22243881225586,139800,0.0,0.0
2013-01-03 00:00:00-05:00,51.14141240529958,51.14141240529958,50.52564262952997,50.7606086730957,86700,0.0,0.0
2013-01-04 00:00:00-05:00,51.07659903820782,51.72477860148173,50.58236115534772,51.1090087890625,99800,0.0,0.0
2013-01-07 00:00:00-05:00,51.044200115893254,51.2467564655595,50.29069024787366,50.43653106689453,168000,0.0,0.0
2013-01-08 00:00:00-05:00,50.61477662012375,51.70047867020936,50.436526061064164,51.57084274291992,200100,0.0,0.0
2013-01-09 00:00:00-05:00,51.85441619041829,52.35675807261309,51.595144356727324,52.05697250366211,228300,0.0,0.0
2013-01-10 00:00:00-05:00,52.09748104155572,52.76996323647544,52.01645357911919,52.688941955566406,129000,0.0,0.0
2013-01-11 00:00:00-05:00,52.71325100261591,52.802376271621355,51.6275521714993,51.894927978515625,161000,0.0,0.0
2013-01-14 00:00:00-05:00,51.7977040726471,52.05697592337006,51.1495244458397,51.58704376220703,100700,0.0,0.0
2013-01-15 00:00:00-05:00,51.497922557042614,51.83821570857068,51.34397776783907,51.48981857299805,133100,0.0,0.0
2013-01-16 00:00:00-05:00,51.48981138017116,51.48981138017116,50.59856488715875,50.95506286621094,144800,0.0,0.0
2013-01-17 00:00:00-05:00,51.19813113403876,51.19813113403876,50.80922339481139,51.044189453125,108200,0.0,0.0
2013-01-18 00:00:00-05:00,51.0441878239052,51.0441878239052,50.32308788726431,50.752506256103516,124800,0.0,0.0
2013-01-22 00:00:00-05:00,50.93075613091768,51.360174494200486,50.736300724644735,51.05228805541992,153400,0.0,0.0
2013-01-23 00:00:00-05:00,51.03601468260686,51.03601468260686,50.13236475436259,50.278900146484375,135400,0.3,0.0
2013-01-24 00:00:00-05:00,50.22190928597085,51.451204017622146,50.18120484110262,51.410499572753906,428900,0.0,0.0
2013-01-25 00:00:00-05:00,51.45120358723343,51.45120358723343,50.48242103750281,51.003448486328125,102800,0.0,0.0
2013-01-28 00:00:00-05:00,50.96273676744987,51.14998278695069,50.531264100760545,50.97901916503906,175900,0.0,0.0
2013-01-29 00:00:00-05:00,51.12556159961715,51.2069735938719,50.417294330126055,50.70222854614258,87300,0.0,0.0
2013-01-30 00:00:00-05:00,50.61268908218083,50.84877926399565,49.888139239518814,50.17307662963867,153800,0.0,0.0
2013-01-31 00:00:00-05:00,50.311464784169914,50.661528626857795,50.02653054270318,50.60454177856445,128000,0.0,0.0
2013-02-01 00:00:00-05:00,50.65338905507554,51.67915543143695,50.65338905507554,51.516334533691406,119800,0.0,0.0
2013-02-04 00:00:00-05:00,51.45120832870579,51.45120832870579,50.24633864745978,50.482425689697266,126700,0.0,0.0
2013-02-05 00:00:00-05:00,50.62082689147232,50.79993019887771,50.32774988137275,50.392879486083984,111300,0.0,0.0
2013-02-06 00:00:00-05:00,50.311468756680064,51.3860824172762,50.18935540307402,51.28839111328125,52600,0.0,0.0
2013-02-07 00:00:00-05:00,51.288387103487345,51.288387103487345,50.42543851993849,51.036014556884766,86800,0.0,0.0
2013-02-08 00:00:00-05:00,51.08484929010131,51.52446467474244,50.96273287029558,51.304656982421875,85800,0.0,0.0
2013-02-11 00:00:00-05:00,51.296516425821586,51.37792841102454,51.019721887230936,51.34536361694336,84500,0.0,0.0
2013-02-12 00:00:00-05:00,51.42677434659306,51.98036344368885,51.22324903458872,51.4593391418457,89600,0.0,0.0
2013-02-13 00:00:00-05:00,51.54889664304548,51.86639566902039,51.34537130787694,51.7768440246582,74200,0.0,0.0
2013-02-14 00:00:00-05:00,51.703573934966485,52.43626947737162,51.703573934966485,52.346717834472656,77000,0.0,0.0
2013-02-15 00:00:00-05:00,52.607225823146635,52.607225823146635,51.67914777515712,52.37113571166992,122400,0.0,0.0
2013-02-19 00:00:00-05:00,52.371132046410835,53.06311682894436,51.1744022804144,52.900299072265625,199100,0.0,0.0
2013-02-20 00:00:00-05:00,52.08620845197124,52.08620845197124,49.42409643728324,49.936981201171875,560800,0.0,0.0
2013-02-21 00:00:00-05:00,50.06723213992588,50.06723213992588,48.43902946870878,49.472938537597656,219600,0.0,0.0
2013-02-22 00:00:00-05:00,49.59505807102382,50.3033285574908,48.723969781532766,50.246341705322266,167200,0.0,0.0
2013-02-25 00:00:00-05:00,50.45798915975506,51.81753970202288,49.98581210525058,50.10792541503906,355100,0.0,0.0
2013-02-26 00:00:00-05:00,50.417295527492286,50.71037250266962,49.635758997386134,50.303321838378906,165500,0.0,0.0
2013-02-27 00:00:00-05:00,50.107931088466245,50.7266497747598,49.96139261568881,50.31959915161133,257800,0.0,0.0
2013-02-28 00:00:00-05:00,50.36030989847828,50.42543639145069,49.79857798064654,49.855567932128906,144900,0.0,0.0
2013-03-01 00:00:00-05:00,49.61946741085395,50.0265179997772,49.171712384148286,49.5869026184082,184600,0.0,0.0
2013-03-04 00:00:00-05:00,49.30197282034572,49.945110447658486,49.24498598128699,49.76601028442383,96600,0.0,0.0
2013-03-05 00:00:00-05:00,49.93698065397438,50.60454356226978,49.70903325276632,49.757877349853516,85400,0.0,0.0
2013-03-06 00:00:00-05:00,49.83113711106552,50.72665035557558,49.79857231550883,50.44985580444336,134400,0.0,0.0
2013-03-07 00:00:00-05:00,50.38471378179756,50.637086226768766,50.10791929895946,50.62080383300781,85700,0.0,0.0
2013-03-08 00:00:00-05:00,50.75921490469847,51.402355678195114,50.7266532128575,51.05229187011719,105200,0.0,0.0
2013-03-11 00:00:00-04:00,50.97901974638367,51.288379093006554,50.44171304201226,51.15812301635742,128200,0.0,0.0
2013-03-12 00:00:00-04:00,51.09299900684238,51.581461676800444,50.637104241541735,50.84062957763672,79000,0.0,0.0
2013-03-13 00:00:00-04:00,50.84062298791758,51.41049447622954,50.474276809320614,51.32908248901367,155900,0.0,0.0
2013-03-14 00:00:00-04:00,51.34538997737536,52.2571860464612,51.28026346132711,52.05365753173828,123200,0.0,0.0
2013-03-15 00:00:00-04:00,52.10247549068956,52.59907770709812,51.939654633671246,52.135040283203125,203300,0.0,0.0
2013-03-18 00:00:00-04:00,51.69542557708496,52.542091560214786,51.61401670028577,51.988502502441406,307000,0.0,0.0
2013-03-19 00:00:00-04:00,52.102485236220474,52.17575137475579,50.734794750325676,51.6954345703125,79900,0.0,0.0
2013-03-20 00:00:00-04:00,51.858256583591874,52.11876566143431,51.63030609396068,51.95594787597656,75800,0.0,0.0
2013-03-21 00:00:00-04:00,51.7768357097927,52.39555436845286,51.7768357097927,51.92337417602539,113800,0.0,0.0
2013-03-22 00:00:00-04:00,52.03735471571127,52.37113923716158,51.51633036948162,51.687294006347656,77900,0.0,0.0
2013-03-25 00:00:00-04:00,51.760561266719435,52.24902079621435,51.23139418847498,51.70357131958008,104700,0.0,0.0
2013-03-26 00:00:00-04:00,51.939659704158444,52.24087630044069,51.451200190968336,52.16761016845703,101500,0.0,0.0
2013-03-27 00:00:00-04:00,51.93966013761759,52.770043801410566,51.3942137801883,52.3792724609375,82500,0.0,0.0
2013-03-28 00:00:00-04:00,52.54208976319339,52.73747230304891,51.931513891433305,52.63164138793945,98900,0.0,0.0
2013-04-01 00:00:00-04:00,52.67234168031844,52.78631534391069,51.23952502929536,51.76869201660156,119900,0.0,0.0
2013-04-02 00:00:00-04:00,51.9233881371119,51.98851774208268,50.6778139447755,51.02787780761719,116500,0.0,0.0
2013-04-03 00:00:00-04:00,51.10927711682646,51.10927711682646,49.79857356549327,50.384727478027344,107900,0.0,0.0
2013-04-04 00:00:00-04:00,50.449864189758486,51.34537447756224,50.409156635771666,50.685951232910156,110200,0.0,0.0
2013-04-05 00:00:00-04:00,50.213770195346925,50.77549899407008,49.98582281712016,50.303321838378906,127600,0.0,0.0
2013-04-08 00:00:00-04:00,50.41729573818559,50.80806400487168,50.246335203801074,50.5068473815918,126500,0.0,0.0
2013-04-09 00:00:00-04:00,50.52312858758061,51.59774207197336,50.52312858758061,51.003448486328125,199000,0.0,0.0
2013-04-10 00:00:00-04:00,51.08485377914542,51.48376476075517,50.95459770249628,51.15812301635742,127200,0.0,0.0
2013-04-11 00:00:00-04:00,51.1011409034461,52.21645885701089,50.99530686089539,51.16626739501953,118600,0.0,0.0
2013-04-12 00:00:00-04:00,51.084863518779926,51.084863518779926,49.505507900101854,49.757877349853516,184800,0.0,0.0
2013-04-15 00:00:00-04:00,49.48107608730844,49.48107608730844,46.94922054398785,47.86915588378906,350200,0.0,0.0
2013-04-16 00:00:00-04:00,48.21921520105503,49.74158362278692,47.97498545457902,49.5299186706543,242400,0.0,0.0
2013-04-17 00:00:00-04:00,49.28569301652429,49.30197541504797,47.65749043075646,48.170372009277344,170800,0.0,0.0
2013-04-18 00:00:00-04:00,47.9505795002402,48.333205092731724,47.70634656626809,48.12154006958008,235700,0.0,0.0
2013-04-19 00:00:00-04:00,48.01569216727958,48.27620432325713,47.47024581118591,47.82844924926758,183900,0.0,0.0
2013-04-22 00:00:00-04:00,47.828454335174,47.95871042701374,47.53537735214703,47.861019134521484,195000,0.0,0.0
2013-04-23 00:00:00-04:00,48.10650580811029,48.45018065143603,47.8201069838598,48.40926742553711,298400,0.3,0.0
2013-04-24 00:00:00-04:00,48.58929180732199,53.138913301367594,48.57292589184408,51.469627380371094,646500,0.0,0.0
2013-04-25 00:00:00-04:00,51.84603585041359,52.57430194602693,51.395984084510005,51.69874572753906,193800,0.0,0.0
2013-04-26 00:00:00-04:00,51.698744687635106,51.78875566330114,50.8395544024689,51.15049743652344,122600,0.0,0.0
2013-04-29 00:00:00-04:00,51.412344458581465,51.90330940092037,51.101398330311376,51.600547790527344,155300,0.0,0.0
2013-04-30 00:00:00-04:00,51.55144500732422,51.75601423354376,50.634975747874705,51.55144500732422,125400,0.0,0.0
2013-05-01 00:00:00-04:00,51.57599222288855,51.58417673995068,49.93943841607396,50.52859878540039,184400,0.0,0.0
2013-05-02 00:00:00-04:00,50.77408573203544,51.26505379047959,50.15219660378091,50.74953842163086,58000,0.0,0.0
2013-05-03 00:00:00-04:00,50.9377331894435,52.615203205314735,50.9377331894435,51.48597717285156,93100,0.0,0.0
2013-05-06 00:00:00-04:00,51.64145455972424,51.756012823850334,50.74953263284143,51.739646911621094,371900,0.0,0.0
2013-05-07 00:00:00-04:00,51.96875930012426,52.41881092540293,51.42869672549419,52.2142448425293,86100,0.0,0.0
2013-05-08 00:00:00-04:00,52.10788453147142,53.2780210017128,52.10788453147142,53.04890441894531,165600,0.0,0.0
2013-05-09 00:00:00-04:00,53.13071164549766,53.261632684133765,52.517004059684716,52.78703689575195,101200,0.0,0.0
2013-05-10 00:00:00-04:00,52.93433424573918,53.03252347748041,52.04240918536041,52.721580505371094,69200,0.0,0.0
2013-05-13 00:00:00-04:00,52.615204666015394,52.615204666015394,51.98512798691124,52.46791458129883,85900,0.0,0.0
2013-05-14 00:00:00-04:00,52.467912600185315,53.03251936781591,52.27970618233727,52.69702911376953,282700,0.0,0.0
2013-05-15 00:00:00-04:00,52.37791167869746,52.76250286140786,51.87876221725944,52.47610092163086,88700,0.0,0.0
2013-05-16 00:00:00-04:00,52.17334427856164,53.007987259240984,52.0424200730519,52.26335525512695,140000,0.0,0.0
2013-05-17 00:00:00-04:00,52.574289238101805,52.75431114954121,52.25516175617091,52.58247375488281,158900,0.0,0.0
2013-05-20 00:00:00-04:00,52.23880794470223,53.73625335020331,52.23880794470223,53.45804214477539,127900,0.0,0.0
2013-05-21 00:00:00-04:00,53.62986109766326,53.842614809234114,52.647925212459896,53.54803466796875,115300,0.0,0.0
2013-05-22 00:00:00-04:00,53.801704101438816,54.857282010910865,52.59065158921255,53.237091064453125,865900,0.0,0.0
2013-05-23 00:00:00-04:00,52.9670675323856,53.32710513030158,52.165153407610475,52.664302825927734,211600,0.0,0.0
2013-05-24 00:00:00-04:00,52.345174973735155,52.63157064387436,52.07514209490788,52.377906799316406,91900,0.0,0.0
2013-05-28 00:00:00-04:00,53.089800438464096,53.40892791448241,52.3942663559359,52.967063903808594,99200,0.0,0.0
2013-05-29 00:00:00-04:00,52.59884164755358,52.73794723153826,51.57599545421142,52.222434997558594,129600,0.0,0.0
2013-05-30 00:00:00-04:00,52.255158503937075,53.10616715044047,51.9360310418679,52.63156509399414,99800,0.0,0.0
2013-05-31 00:00:00-04:00,52.34517263048907,52.73794203396686,51.91148376464844,51.91148376464844,82400,0.0,0.0
2013-06-03 00:00:00-04:00,52.1651540140359,52.71339805595204,51.428703532305065,51.86239242553711,189700,0.0,0.0
2013-06-04 00:00:00-04:00,51.77237849032596,52.075140061433295,50.47131812832378,51.085025787353516,246200,0.0,0.0
2013-06-05 00:00:00-04:00,50.98683333736712,51.36323995168959,50.48768394288454,50.823177337646484,111100,0.0,0.0
2013-06-06 00:00:00-04:00,50.92955520933387,51.24868269826481,50.50405085026641,51.1995849609375,103000,0.0,0.0
2013-06-07 00:00:00-04:00,51.4859868286189,51.50235274303329,50.5286042464694,51.25687026977539,150800,0.0,0.0
2013-06-10 00:00:00-04:00,51.15048830422521,52.14878713395369,51.14230690857047,51.83784103393555,88600,0.0,0.0
2013-06-11 00:00:00-04:00,51.371419342293464,51.87875323377711,51.01956004914254,51.68236541748047,124500,0.0,0.0
2013-06-12 00:00:00-04:00,52.058772289375874,52.35335245462224,51.485977870449986,51.706912994384766,78300,0.0,0.0
2013-06-13 00:00:00-04:00,51.59236472386419,52.35336259093048,51.584183327235976,51.89512634277344,88700,0.0,0.0
2013-06-14 00:00:00-04:00,52.034234464177686,52.32881468310096,51.28141800232054,51.58418273925781,99200,0.0,0.0
2013-06-17 00:00:00-04:00,51.993309644078636,52.14059972069471,51.09320327348286,51.4532470703125,71300,0.0,0.0
2013-06-18 00:00:00-04:00,51.567804826961066,52.37790024052354,51.20776415508791,52.255157470703125,127400,0.0,0.0
2013-06-19 00:00:00-04:00,52.099692094293616,52.48428326104062,51.584179861416935,51.82966232299805,104100,0.0,0.0
2013-06-20 00:00:00-04:00,51.117754027858844,51.89511451094727,50.724981528194,51.60871887207031,165400,0.0,0.0
2013-06-21 00:00:00-04:00,51.73966148589378,51.91968344964628,50.61862271497927,50.864105224609375,329600,0.0,0.0
2013-06-24 00:00:00-04:00,50.37313149545868,51.076847068992805,49.3093689351949,50.05400085449219,136000,0.0,0.0
2013-06-25 00:00:00-04:00,50.225841364398164,50.95410736930239,49.93944255160148,50.9459228515625,136100,0.0,0.0
2013-06-26 00:00:00-04:00,51.150500965597935,51.30597561483126,50.60225679814,50.864105224609375,129200,0.0,0.0
2013-06-27 00:00:00-04:00,51.07685012205727,51.412346697087195,50.962291838622235,51.134132385253906,99300,0.0,0.0
2013-06-28 00:00:00-04:00,51.10957495414222,51.36324191950154,50.43858813891169,50.6840705871582,188400,0.0,0.0
2013-07-01 00:00:00-04:00,51.101392017176224,51.502345942206844,50.65134035538573,51.24049758911133,104800,0.0,0.0
2013-07-02 00:00:00-04:00,51.07684866305554,51.420526625022674,50.52042317676228,51.191410064697266,63800,0.0,0.0
2013-07-03 00:00:00-04:00,50.94591890174777,51.32232865162684,50.88045837229837,51.314144134521484,35500,0.0,0.0
2013-07-05 00:00:00-04:00,52.09150806167936,52.24697955113337,50.8068135603316,50.98683547973633,94300,0.0,0.0
2013-07-08 00:00:00-04:00,51.08502412005049,51.698731759050155,51.04411090174621,51.248680114746094,110000,0.0,0.0
2013-07-09 00:00:00-04:00,51.70692398622267,52.156978846287366,51.11776665196555,52.050601959228516,137600,0.0,0.0
2013-07-10 00:00:00-04:00,52.099687780903686,53.09798657969266,51.87057125192731,52.89341735839844,293200,0.0,0.0
2013-07-11 00:00:00-04:00,53.1389127303094,53.95718976653611,52.86887981004458,53.18800735473633,213100,0.0,0.0
2013-07-12 00:00:00-04:00,53.2861890619233,53.2861890619233,52.566101460830204,52.85249710083008,137300,0.0,0.0
2013-07-15 00:00:00-04:00,53.06526313228656,53.56441261047936,52.77886742585418,53.02435302734375,72800,0.0,0.0
2013-07-16 00:00:00-04:00,53.26164955631177,53.44985602248176,52.95889104689524,53.212554931640625,107100,0.0,0.0
2013-07-17 00:00:00-04:00,52.950705073573275,53.50713369540496,52.950705073573275,53.269832611083984,70800,0.0,0.0
2013-07-18 00:00:00-04:00,53.43349473922971,53.998101667785306,53.31893644978605,53.4171257019043,86600,0.0,0.0
2013-07-19 00:00:00-04:00,53.31073076700815,53.40891998014573,52.73793330422926,53.1634407043457,184000,0.0,0.0
2013-07-22 00:00:00-04:00,53.16346180998742,53.88354337834164,53.16346180998742,53.4171257019043,110300,0.0,0.0
2013-07-23 00:00:00-04:00,53.62262918246041,54.35425734109458,53.28558375542833,54.0172119140625,110500,0.3,0.0
2013-07-24 00:00:00-04:00,54.337826104225684,54.337826104225684,52.52930788390812,53.32670211791992,211900,0.0,0.0
2013-07-25 00:00:00-04:00,52.841672343138086,54.65841238231107,51.95385494433038,54.288490295410156,169500,0.0,0.0
2013-07-26 00:00:00-04:00,53.935009284780044,54.66663746489873,53.51575963233441,54.33781433105469,120400,0.0,0.0
2013-07-29 00:00:00-04:00,54.20629832150204,54.395367423080124,53.154069126585355,53.75416564941406,90000,0.0,0.0
2013-07-30 00:00:00-04:00,53.992548598593416,54.32958773712463,53.44998952983406,54.07475280761719,80200,0.0,0.0
2013-07-31 00:00:00-04:00,54.198062189979126,54.60086720394259,53.63906478881836,53.63906478881836,80500,0.0,0.0
2013-08-01 00:00:00-04:00,53.63084901471353,54.502231296339616,53.63084901471353,54.452903747558594,113000,0.0,0.0
2013-08-02 00:00:00-04:00,54.099419961564024,54.63375679226929,54.099419961564024,54.452903747558594,76800,0.0,0.0
2013-08-05 00:00:00-04:00,54.354272826172824,54.84750451708274,54.18164204794341,54.313167572021484,73200,0.0,0.0
2013-08-06 00:00:00-04:00,54.25561443189317,54.25561443189317,53.49932555413038,53.83636474609375,68900,0.0,0.0
2013-08-07 00:00:00-04:00,53.49109981001173,53.8445835867194,53.3020244668417,53.55686569213867,90200,0.0,0.0
2013-08-08 00:00:00-04:00,53.79527105365175,54.57622064754257,53.573312733346285,54.050106048583984,76600,0.0,0.0
2013-08-09 00:00:00-04:00,54.17339707353977,55.4722447911234,53.787030424607295,54.502220153808594,133400,0.0,0.0
2013-08-12 00:00:00-04:00,54.36249347669577,55.036578308273015,53.852823403906726,55.02836227416992,69800,0.0,0.0
2013-08-13 00:00:00-04:00,54.9872383277438,55.03655960272632,54.461123821998186,54.773502349853516,42100,0.0,0.0
2013-08-14 00:00:00-04:00,54.896798639572516,55.30782589056874,54.633741449806045,55.00366973876953,83700,0.0,0.0
2013-08-15 00:00:00-04:00,54.39537015969877,54.99547298449923,53.81993424971014,54.86394119262695,117600,0.0,0.0
2013-08-16 00:00:00-04:00,54.51044414261723,55.472252890394465,54.51044414261723,55.340721130371094,96200,0.0,0.0
2013-08-19 00:00:00-04:00,56.25319720077794,56.90262109514833,55.57089036940131,56.51625442504883,292200,0.0,0.0
2013-08-20 00:00:00-04:00,56.82865675722159,57.54384682560982,56.360085683941456,57.231468200683594,169400,0.0,0.0
2013-08-21 00:00:00-04:00,57.04236320896908,57.15745034117262,56.11344384996097,56.33539581298828,136100,0.0,0.0
2013-08-22 00:00:00-04:00,56.67245621962486,57.29721331116141,56.37651600920019,57.13280487060547,193000,0.0,0.0
2013-08-23 00:00:00-04:00,57.07526284657704,57.798668785253845,56.55737060009276,57.453407287597656,305000,0.0,0.0
2013-08-26 00:00:00-04:00,57.49450238002143,57.87264675425387,57.206778244345855,57.371192932128906,136700,0.0,0.0
2013-08-27 00:00:00-04:00,56.8615193282687,57.535603898612884,56.803975752938555,57.124576568603516,93900,0.0,0.0
2013-08-28 00:00:00-04:00,57.215006603603996,57.70002214418514,57.18212366256632,57.48628616333008,93700,0.0,0.0
2013-08-29 00:00:00-04:00,57.52738678678211,57.798660052938914,57.30542852055112,57.50271987915039,86100,0.0,0.0
2013-08-30 00:00:00-04:00,57.37119827003605,57.905535079433164,56.59024254190807,56.8204231262207,131100,0.0,0.0
2013-09-03 00:00:00-04:00,57.34654136729602,58.10283023538162,56.80398221946501,57.067039489746094,69200,0.0,0.0
2013-09-04 00:00:00-04:00,57.182127205771074,57.93020004922716,56.67245726755537,57.51917266845703,110000,0.0,0.0
2013-09-05 00:00:00-04:00,57.79044879129613,58.01240080406437,57.256111973872194,57.67536163330078,100700,0.0,0.0
2013-09-06 00:00:00-04:00,57.97950315246725,57.97950315246725,56.92727439103444,57.46983337402344,84500,0.0,0.0
2013-09-09 00:00:00-04:00,57.43696826276393,57.88087858518802,57.1821270226919,57.65892028808594,171200,0.0,0.0
2013-09-10 00:00:00-04:00,57.9137475439864,58.571393772246125,57.9137475439864,58.316558837890625,651800,0.0,0.0
2013-09-11 00:00:00-04:00,58.349433703895485,59.25369243881488,57.88907889909161,58.73579406738281,63400,0.0,0.0
2013-09-12 00:00:00-04:00,58.72757646241811,58.72757646241811,57.576698888946716,57.6177978515625,268100,0.0,0.0
2013-09-13 00:00:00-04:00,57.93841977550665,58.094605908440776,57.17390863041286,57.35475540161133,48700,0.0,0.0
2013-09-16 00:00:00-04:00,58.03706732542725,58.25080332842014,57.09992536001737,57.41230392456055,184400,0.0,0.0
2013-09-17 00:00:00-04:00,57.15745677485208,58.66181823598809,57.15745677485208,58.49740982055664,87600,0.0,0.0
2013-09-18 00:00:00-04:00,58.59605476912882,59.73871023713862,57.56026414836321,59.155052185058594,145600,0.0,0.0
2013-09-19 00:00:00-04:00,59.42633217341212,59.45921511245297,58.1439289097155,58.65359878540039,88200,0.0,0.0
2013-09-20 00:00:00-04:00,58.73582033008422,58.957778666165176,58.09461850901692,58.36589813232422,409800,0.0,0.0
2013-09-23 00:00:00-04:00,58.31656873091539,58.86734393424526,57.68358303127216,57.995967864990234,108400,0.0,0.0
2013-09-24 00:00:00-04:00,58.0781505576464,58.73579038187802,57.59313515068927,58.020606994628906,117200,0.0,0.0
2013-09-25 00:00:00-04:00,58.02062438702567,58.752252595467475,57.7657831557467,57.94663619995117,67300,0.0,0.0
2013-09-26 00:00:00-04:00,58.1521393903697,58.80156326293945,57.86442154094733,58.80156326293945,85400,0.0,0.0
2013-09-27 00:00:00-04:00,58.39876054078885,58.842670785035416,58.26722879207328,58.58782958984375,72700,0.0,0.0
2013-09-30 00:00:00-04:00,58.12747423742824,58.70291616331557,57.765768242400675,58.57138442993164,144100,0.0,0.0
2013-10-01 00:00:00-04:00,58.27545403916318,59.14682996721087,58.12748395027024,58.90843963623047,166400,0.0,0.0
2013-10-02 00:00:00-04:00,58.43987434681338,59.70583952663472,58.43987434681338,59.38523864746094,185900,0.0,0.0
2013-10-03 00:00:00-04:00,59.41812214439939,59.67295713488178,58.50564078081201,59.40168380737305,151600,0.0,0.0
2013-10-04 00:00:00-04:00,59.204398455824865,59.81272367269367,58.99066867109122,59.70585250854492,81000,0.0,0.0
2013-10-07 00:00:00-04:00,59.253710813720005,59.84559126645728,59.21260556547646,59.59897232055664,121700,0.0,0.0
2013-10-08 00:00:00-04:00,59.61541590344132,59.66474346003088,58.90023218659189,59.187950134277344,155600,0.0,0.0
2013-10-09 00:00:00-04:00,59.253691531487995,59.41809992740004,57.55203891950728,58.64536666870117,203300,0.0,0.0
2013-10-10 00:00:00-04:00,59.28658125549284,59.360563160593394,58.86733164458603,59.21259307861328,131800,0.0,0.0
2013-10-11 00:00:00-04:00,59.31126096592604,59.927802127168974,58.883788915266905,59.73051071166992,286000,0.0,0.0
2013-10-14 00:00:00-04:00,59.59075209733685,60.14974962535438,58.48097934559367,59.418121337890625,145900,0.0,0.0
2013-10-15 00:00:00-04:00,59.40990172876362,60.10043106965533,58.92489237380919,59.36058044433594,416700,0.0,0.0
2013-10-16 00:00:00-04:00,59.89489298981576,60.067523686866046,59.44276049389006,59.771583557128906,462800,0.0,0.0
2013-10-17 00:00:00-04:00,59.77982156279683,60.2401702091993,59.68117273637633,60.0346565246582,238600,0.0,0.0
2013-10-18 00:00:00-04:00,60.248382407142216,60.39635248606379,54.502222507282376,55.38182067871094,1381600,0.0,0.0
2013-10-21 00:00:00-04:00,55.06944759287415,55.39004845321711,51.46062763421964,54.0665397644043,1328200,0.0,0.0
2013-10-22 00:00:00-04:00,54.02544121807297,54.76529177542856,53.40067782833045,54.32959747314453,558900,0.0,0.0
2013-10-23 00:00:00-04:00,53.842375138213505,55.2049519065149,53.842375138213505,54.62689208984375,380800,0.3,0.0
2013-10-24 00:00:00-04:00,54.577339605286596,54.84160272191281,54.280056199841056,54.62689208984375,192800,0.0,0.0
2013-10-25 00:00:00-04:00,54.79205190466561,55.2627595698155,53.93321565063466,55.13063430786133,287000,0.0,0.0
2013-10-28 00:00:00-04:00,55.27926592601797,56.1133225870716,54.9324238081495,55.9068717956543,230700,0.0,0.0
2013-10-29 00:00:00-04:00,55.8242942414661,56.68313031291983,55.70042250320654,56.13810348510742,360900,0.0,0.0
2013-10-30 00:00:00-04:00,56.27022800707362,56.62532362539011,55.57655636220136,55.74171447753906,190200,0.0,0.0
2013-10-31 00:00:00-04:00,55.766509059573195,56.54276636169495,55.64263727513537,55.700443267822266,252800,0.0,0.0
2013-11-01 00:00:00-04:00,55.59306849730328,55.84906546086572,55.180166917168705,55.51874923706055,180300,0.0,0.0
2013-11-04 00:00:00-05:00,55.77475856121404,56.493209738004744,55.77475856121404,56.11333465576172,160700,0.0,0.0
2013-11-05 00:00:00-05:00,55.99772484678095,55.99772484678095,54.95721713047721,55.609596252441406,361200,0.0,0.0
2013-11-06 00:00:00-05:00,56.01423953116472,56.08030530746811,55.32882127787024,55.57656478881836,173000,0.0,0.0
2013-11-07 00:00:00-05:00,55.70043793946203,55.83256951032405,54.147929784113686,54.47825241088867,582600,0.0,0.0
2013-11-08 00:00:00-05:00,54.42870098615954,55.28753091262604,54.09011859368107,54.51128005981445,228100,0.0,0.0
2013-11-11 00:00:00-05:00,54.387406443905526,54.9737260373485,54.06534365737177,54.49475860595703,150800,0.0,0.0
2013-11-12 00:00:00-05:00,54.4699896708609,54.4699896708609,53.701992282747725,54.1644401550293,95000,0.0,0.0
2013-11-13 00:00:00-05:00,53.75153110042675,54.02404768796891,53.528566992678805,53.867149353027344,83700,0.0,0.0
2013-11-14 00:00:00-05:00,53.75978637761015,54.42869124537779,53.27256551997555,54.22224044799805,203000,0.0,0.0
2013-11-15 00:00:00-05:00,54.25528446034311,55.320571673083414,54.25528446034311,54.66818618774414,116700,0.0,0.0
2013-11-18 00:00:00-05:00,54.717726702542244,55.138881836033974,54.04056826983785,54.577335357666016,145500,0.0,0.0
2013-11-19 00:00:00-05:00,54.76725671607804,55.93989550698349,54.76725671607804,55.26273727416992,242100,0.0,0.0
2013-11-20 00:00:00-05:00,55.279280536454486,55.642629741125795,54.80857285962908,54.981990814208984,218100,0.0,0.0
2013-11-21 00:00:00-05:00,54.98198571684982,55.98120696272318,54.72598240730694,55.24624252319336,262100,0.0,0.0
2013-11-22 00:00:00-05:00,55.12234273882159,55.12234273882159,54.57730980890892,54.83331298828125,112300,0.0,0.0
2013-11-25 00:00:00-05:00,54.99024935925147,55.18844672586061,54.30483727596451,54.486515045166016,150000,0.0,0.0
2013-11-26 00:00:00-05:00,54.64339473787656,55.32881288722702,54.139654295619316,54.990230560302734,165400,0.0,0.0
2013-11-27 00:00:00-05:00,55.2462370845585,55.94816856664736,55.04804607440628,55.72520446777344,181600,0.0,0.0
2013-11-29 00:00:00-05:00,56.06377855427895,56.3197755292917,55.51875172031982,55.59307098388672,50200,0.0,0.0
2013-12-02 00:00:00-05:00,55.66740208992574,56.105076819958015,54.82507921670445,55.304046630859375,160500,0.0,0.0
2013-12-03 00:00:00-05:00,55.1058488014897,55.72520118455567,54.503009709805724,54.990230560302734,188000,0.0,0.0
2013-12-04 00:00:00-05:00,54.92418354719899,55.79953309761002,54.92418354719899,55.17192077636719,188400,0.0,0.0
2013-12-05 00:00:00-05:00,55.287518018902595,56.05551519550801,55.13887320083774,55.939903259277344,160600,0.0,0.0
2013-12-06 00:00:00-05:00,56.303269398290865,56.8070099166836,56.228943824892674,56.36933517456055,115100,0.0,0.0
2013-12-09 00:00:00-05:00,56.49321888006659,56.77398903803568,56.096830438979055,56.27024841308594,127000,0.0,0.0
2013-12-10 00:00:00-05:00,56.27021986593846,56.78222003001473,55.758219701862195,56.40235137939453,231400,0.0,0.0
2013-12-11 00:00:00-05:00,56.402354592063304,56.402354592063304,55.36184091564994,55.63435745239258,158200,0.0,0.0
2013-12-12 00:00:00-05:00,55.634374330679,56.377592310358814,55.38663080386599,55.948177337646484,148500,0.0,0.0
2013-12-13 00:00:00-05:00,55.65088279526655,55.93165918797592,55.24624095028149,55.76649475097656,163700,0.0,0.0
2013-12-16 00:00:00-05:00,56.047256565006045,56.493190978341886,55.7582204505343,56.08854293823242,187000,0.0,0.0
2013-12-17 00:00:00-05:00,56.01425135136348,56.402379993575295,55.61786291027594,56.27024841308594,170500,0.0,0.0
2013-12-18 00:00:00-05:00,56.32804944344513,57.34379040276045,56.03075971390797,56.8813362121582,206500,0.0,0.0
2013-12-19 00:00:00-05:00,56.90609953724515,57.50893232385757,56.36932621602466,56.51797103881836,144200,0.0,0.0
2013-12-20 00:00:00-05:00,56.72443248748328,56.95565641073691,55.84082318054726,56.68313980102539,555700,0.0,0.0
2013-12-23 00:00:00-05:00,56.75745384445842,57.781447996686644,56.75745384445842,57.319000244140625,256700,0.0,0.0
2013-12-24 00:00:00-05:00,57.34377633007211,58.31822435988768,57.34377633007211,58.08699417114258,92600,0.0,0.0
2013-12-26 00:00:00-05:00,58.26042181750224,58.318227792996865,57.409839177540235,57.50893783569336,126200,0.0,0.0
2013-12-27 00:00:00-05:00,57.45112321182754,58.16957419943379,57.45112321182754,58.0787353515625,254700,0.0,0.0
2013-12-30 00:00:00-05:00,58.186092476731815,58.62376716287184,57.41809525187418,57.62454605102539,200800,0.0,0.0
2013-12-31 00:00:00-05:00,57.855780195071375,58.37604033340977,57.566750285094216,58.004425048828125,129100,0.0,0.0
2014-01-02 00:00:00-05:00,57.94661866092559,59.30919542742128,57.51720369773601,59.20184326171875,638700,0.0,0.0
2014-01-03 00:00:00-05:00,59.13576925670285,59.490864894329626,58.409064689168815,58.921058654785156,197400,0.0,0.0
2014-01-06 00:00:00-05:00,58.96234957138993,58.96234957138993,57.47590129549115,58.41731643676758,232000,0.0,0.0
2014-01-07 00:00:00-05:00,58.532941154950166,58.797197983851845,57.67410488592476,58.153072357177734,356500,0.0,0.0
2014-01-08 00:00:00-05:00,58.22739442970196,58.22739442970196,57.36029841502637,57.897071838378906,245800,0.0,0.0
2014-01-09 00:00:00-05:00,58.227398658198936,58.4833956923847,57.153851733532456,57.756690979003906,236400,0.0,0.0
2014-01-10 00:00:00-05:00,57.45939582218055,57.48416891341999,56.195917765934865,56.38584899902344,484800,0.0,0.0
2014-01-13 00:00:00-05:00,56.55100604474307,57.40158233473675,56.28674927212,56.807003021240234,223100,0.0,0.0
2014-01-14 00:00:00-05:00,57.06300836714176,57.50894291766916,56.26197813565992,56.3363037109375,156500,0.0,0.0
2014-01-15 00:00:00-05:00,57.475913040924105,57.65759078959147,57.07127115549752,57.409847259521484,338500,0.0,0.0
2014-01-16 00:00:00-05:00,57.4098373972027,58.14480806338327,57.385064308527355,57.68235397338867,252400,0.0,0.0
2014-01-17 00:00:00-05:00,57.77318597503757,58.334732353083794,57.27770535920334,57.44286346435547,204200,0.0,0.0
2014-01-21 00:00:00-05:00,57.92184610952727,58.376040469391896,56.84004574378729,57.327266693115234,379000,0.0,0.0
2014-01-22 00:00:00-05:00,57.534761464218576,58.4809471716844,57.23596531109198,58.16555404663086,261500,0.35,0.0
2014-01-23 00:00:00-05:00,58.2070409548378,58.54733898544796,57.592851768329226,58.2236442565918,333400,0.0,0.0
2014-01-24 00:00:00-05:00,57.916546871565096,58.88763106441078,56.70476546016458,57.26915740966797,217900,0.0,0.0
2014-01-27 00:00:00-05:00,57.26086639057604,57.49326200134997,56.38938285017381,56.68817901611328,122400,0.0,0.0
2014-01-28 00:00:00-05:00,56.91227166929978,57.54306426429611,56.646675787033736,57.3853645324707,121600,0.0,0.0
2014-01-29 00:00:00-05:00,56.937156175339354,58.15723913368939,56.937156175339354,57.460052490234375,205900,0.0,0.0
2014-01-30 00:00:00-05:00,57.800358785289355,57.9082549362732,57.05336838380981,57.76715850830078,245900,0.0,0.0
2014-01-31 00:00:00-05:00,57.12805992566085,58.73823189904111,57.12805992566085,57.941444396972656,244300,0.0,0.0
2014-02-03 00:00:00-05:00,57.89165752583707,58.40625231680775,56.02418470242297,56.84587097167969,243500,0.0,0.0
2014-02-04 00:00:00-05:00,57.01186494993845,57.06166219242349,55.816680471861524,56.18187713623047,216000,0.0,0.0
2014-02-05 00:00:00-05:00,55.83328228572853,56.39767430130587,55.468091921982044,56.123783111572266,293800,0.0,0.0
2014-02-06 00:00:00-05:00,56.28978469314059,56.68818171076604,55.4265964318736,55.50959396362305,141500,0.0,0.0
2014-02-07 00:00:00-05:00,55.76688493227522,57.55965537183019,55.70048438539789,56.887367248535156,319200,0.0,0.0
2014-02-10 00:00:00-05:00,56.7711627112653,57.24425547001317,56.35616884105474,56.879058837890625,119400,0.0,0.0
2014-02-11 00:00:00-05:00,57.036768807297825,57.51816330319474,57.036768807297825,57.09486770629883,131000,0.0,0.0
2014-02-12 00:00:00-05:00,57.13636488316301,57.35216351355732,56.007587147366834,56.08228302001953,427900,0.0,0.0
2014-02-13 00:00:00-05:00,55.7668977736291,56.3727854895636,55.7668977736291,56.00759506225586,709100,0.0,0.0
2014-02-14 00:00:00-05:00,56.18188229386663,57.36046357777556,56.18188229386663,57.09486770629883,205800,0.0,0.0
2014-02-18 00:00:00-05:00,58.140643430259615,58.140643430259615,55.96607328266411,57.219356536865234,268600,0.0,0.0
2014-02-19 00:00:00-05:00,56.97036028460385,57.609454416492774,56.23997332332068,56.71306610107422,220600,0.0,0.0
2014-02-20 00:00:00-05:00,56.713063934767916,57.1114545048669,56.223367874153986,56.72135925292969,154100,0.0,0.0
2014-02-21 00:00:00-05:00,57.01188238276972,57.24427802850011,56.4142899610022,57.11147689819336,151800,0.0,0.0
2014-02-24 00:00:00-05:00,57.77545072925749,58.78803684904393,57.584550750812376,57.67584991455078,322700,0.0,0.0
2014-02-25 00:00:00-05:00,57.8169693117247,58.20705836737855,56.60518121334872,56.87077713012695,217800,0.0,0.0
2014-02-26 00:00:00-05:00,56.97867803399841,57.933165509966784,56.48068649549934,57.294071197509766,234600,0.0,0.0
2014-02-27 00:00:00-05:00,57.302381555342144,58.298364783638355,57.20278069958975,58.20706558227539,487400,0.0,0.0
2014-02-28 00:00:00-05:00,58.19874996242425,58.63034085554636,57.72565714413639,58.55564498901367,167700,0.0,0.0
2014-03-03 00:00:00-05:00,58.265160129293946,58.65525553635531,57.93316996629458,58.57225799560547,118900,0.0,0.0
2014-03-04 00:00:00-05:00,59.16983326685269,59.93342055207108,58.92913603584381,59.17813491821289,479000,0.0,0.0
2014-03-05 00:00:00-05:00,59.26943783858999,59.71762572354156,58.605444998438365,59.65952682495117,113200,0.0,0.0
2014-03-06 00:00:00-05:00,59.90023044548783,60.39822196244286,59.51013508530959,60.00813293457031,336600,0.0,0.0
2014-03-07 00:00:00-05:00,60.282024152896874,60.282024152896874,59.136643030669745,60.00813293457031,157400,0.0,0.0
2014-03-10 00:00:00-04:00,59.73422079072613,60.091115784942986,59.261128015350685,59.59312438964844,127000,0.0,0.0
2014-03-11 00:00:00-04:00,59.49353471652732,60.13262263255476,58.96234295111858,59.66783142089844,156700,0.0,0.0
2014-03-12 00:00:00-04:00,59.26113191257593,60.04961781262062,58.82123937893176,58.84613800048828,137200,0.0,0.0
2014-03-13 00:00:00-04:00,59.03703661331742,59.44373524058699,58.32324651798094,59.35243606567383,137300,0.0,0.0
2014-03-14 00:00:00-04:00,59.09512812835061,59.717618970990415,58.38963977315302,59.169830322265625,246700,0.0,0.0
2014-03-17 00:00:00-04:00,59.53503224131085,59.999823418582025,59.07853638341604,59.3607292175293,187400,0.0,0.0
2014-03-18 00:00:00-04:00,59.55993698562403,60.4065219072807,59.13664135864293,60.34842300415039,269200,0.0,0.0
2014-03-19 00:00:00-04:00,60.38161375723902,60.38161375723902,59.20303257547624,60.282012939453125,151500,0.0,0.0
2014-03-20 00:00:00-04:00,60.04962321081759,60.082823486645715,59.21963531203005,59.6014289855957,162600,0.0,0.0
2014-03-21 00:00:00-04:00,59.76742865001828,60.86301239169351,59.76742865001828,60.074520111083984,293900,0.0,0.0
2014-03-24 00:00:00-04:00,59.99152324502698,60.59741718658822,59.05363921569496,59.65952682495117,122300,0.0,0.0
2014-03-25 00:00:00-04:00,59.76741903927295,60.555904860787095,59.46862294574457,60.29861068725586,123700,0.0,0.0
2014-03-26 00:00:00-04:00,60.55590908223449,60.55590908223449,59.26943179259201,59.3441276550293,218300,0.0,0.0
2014-03-27 00:00:00-04:00,59.42713789029035,60.124331083811,58.94574334384821,59.236244201660156,149300,0.0,0.0
2014-03-28 00:00:00-04:00,59.252851731049944,59.75914499383224,58.94575384520117,59.136653900146484,166400,0.0,0.0
2014-03-31 00:00:00-04:00,59.25284566518349,59.85873972055904,58.82125467062614,59.27774429321289,180800,0.0,0.0
2014-04-01 00:00:00-04:00,59.58482150835052,60.13261013217025,59.369022919668076,59.701019287109375,136800,0.0,0.0
2014-04-02 00:00:00-04:00,59.933429250080145,61.4689056947175,59.57653417745152,60.86301803588867,192800,0.0,0.0
2014-04-03 00:00:00-04:00,60.879616874650026,61.402513353077566,60.23222726545948,60.365028381347656,199400,0.0,0.0
2014-04-04 00:00:00-04:00,60.78831575706726,61.49380424894307,60.08282726519145,60.19072341918945,119200,0.0,0.0
2014-04-07 00:00:00-04:00,59.93342474899485,60.539318694625734,58.84614263994096,58.97064208984375,165000,0.0,0.0
2014-04-08 00:00:00-04:00,59.086856638989815,59.35245258567013,58.746558468267644,59.136653900146484,187900,0.0,0.0
2014-04-09 00:00:00-04:00,59.49353811207689,60.38992664197936,59.03704219435646,60.00813293457031,133900,0.0,0.0
2014-04-10 00:00:00-04:00,60.18242431413007,60.738514686564486,58.95403943771024,59.6014289855957,165600,0.0,0.0
2014-04-11 00:00:00-04:00,58.962320934001035,59.57650999610334,58.065932789979534,59.2279167175293,148000,0.0,0.0
2014-04-14 00:00:00-04:00,59.692718661057356,60.80490556122878,59.33582366808571,60.257110595703125,149900,0.0,0.0
2014-04-15 00:00:00-04:00,60.3899189573861,60.8796087592591,59.36903109507603,60.597415924072266,196200,0.0,0.0
2014-04-16 00:00:00-04:00,60.879601693940636,61.23649668851396,60.41481056884204,60.66380310058594,233700,0.0,0.0
2014-04-17 00:00:00-04:00,60.80491913254473,61.21161145595229,60.45631938017557,60.86301803588867,146900,0.0,0.0
2014-04-21 00:00:00-04:00,60.90450824207237,61.6431969473211,60.73851319930152,61.17840576171875,235800,0.0,0.0
2014-04-22 00:00:00-04:00,61.34440993943617,61.61830113929083,59.867026129136505,60.647216796875,265000,0.0,0.0
2014-04-23 00:00:00-04:00,60.47207206580871,61.1559374523548,60.19685631734003,60.50543212890625,204900,0.35,0.0
2014-04-24 00:00:00-04:00,59.72148910747124,60.30527432969432,58.81244484683049,59.07931900024414,251900,0.0,0.0
2014-04-25 00:00:00-04:00,59.096028477792906,59.39626282916336,58.68737864062156,59.0293083190918,144500,0.0,0.0
2014-04-28 00:00:00-04:00,59.12938566024173,59.604755632824585,58.30374441581556,58.58729553222656,132900,0.0,0.0
2014-04-29 00:00:00-04:00,58.82078177595326,59.588044110653506,58.64564622321393,58.895843505859375,211100,0.0,0.0
2014-04-30 00:00:00-04:00,58.69570005312855,59.08767293962443,57.81168042845819,58.71238327026367,169700,0.0,0.0
2014-05-01 00:00:00-04:00,58.5789440708759,59.04597871757664,58.05353725146863,58.64566421508789,170000,0.0,0.0
2014-05-02 00:00:00-04:00,58.52054330025862,59.47962432985375,58.345407760333025,58.68734359741211,122900,0.0,0.0
2014-05-05 00:00:00-04:00,58.56226317183601,58.870832682635736,57.75329897678739,58.11191177368164,112500,0.0,0.0
2014-05-06 00:00:00-04:00,57.903420628751576,58.38713213446076,57.45306919544819,57.91176223754883,212800,0.0,0.0
2014-05-07 00:00:00-04:00,57.953449325425325,59.62141453213145,57.36132244057853,57.870052337646484,124100,0.0,0.0
2014-05-08 00:00:00-04:00,57.94511118672085,58.34541925318018,56.71081419577692,57.102787017822266,115800,0.0,0.0
2014-05-09 00:00:00-04:00,56.95268493336768,57.37801793367042,56.51067507705355,57.269596099853516,88300,0.0,0.0
2014-05-12 00:00:00-04:00,57.669910005347504,58.77910862011784,57.1028014653944,58.161956787109375,121500,0.0,0.0
2014-05-13 00:00:00-04:00,58.295387859894106,58.804117779764724,57.094450821146076,57.161170959472656,127900,0.0,0.0
2014-05-14 00:00:00-04:00,57.25291190110432,57.25291190110432,56.58572321611007,56.860939025878906,146500,0.0,0.0
2014-05-15 00:00:00-04:00,56.51900000360105,56.652440278461405,55.401466334166905,56.502323150634766,219100,0.0,0.0
2014-05-16 00:00:00-04:00,56.310492347973444,56.73582517998574,56.1603752521327,56.61906814575195,87500,0.0,0.0
2014-05-19 00:00:00-04:00,56.619090586677494,57.65322745524784,56.619090586677494,57.34465789794922,136100,0.0,0.0
2014-05-20 00:00:00-04:00,57.169511252177664,57.619856268564625,56.37722394403829,56.535682678222656,203600,0.0,0.0
2014-05-21 00:00:00-04:00,56.66077910642536,57.60317714095593,56.63576064681214,56.75251770019531,456200,0.0,0.0
2014-05-22 00:00:00-04:00,56.97768791890644,57.27792214781235,56.669112082869276,56.73583221435547,83300,0.0,0.0
2014-05-23 00:00:00-04:00,56.827565660941666,57.811665241554444,56.46061133376293,57.45305252075195,84000,0.0,0.0
2014-05-27 00:00:00-04:00,57.8533569662069,57.98679083138409,57.34462723198454,57.594818115234375,74100,0.0,0.0
2014-05-28 00:00:00-04:00,57.3946828559598,57.43638453149302,57.094448607911204,57.219547271728516,92700,0.0,0.0
2014-05-29 00:00:00-04:00,57.386345925897416,57.91175908420041,57.002714658294686,57.63654327392578,92800,0.0,0.0
2014-05-30 00:00:00-04:00,57.82834777432305,57.853372595911004,56.71915580297291,57.102787017822266,208500,0.0,0.0
2014-06-02 00:00:00-04:00,57.33629507495023,57.68656618688604,56.71080821958713,57.319618225097656,195900,0.0,0.0
2014-06-03 00:00:00-04:00,57.294598690669574,57.836688621206434,57.13614633272083,57.38633728027344,143100,0.0,0.0
2014-06-04 00:00:00-04:00,57.28627506516362,58.23701485681273,57.14449316706751,57.92009735107422,208100,0.0,0.0
2014-06-05 00:00:00-04:00,58.32040935351641,59.92165457991754,57.99515661574064,59.479644775390625,170600,0.0,0.0
2014-06-06 00:00:00-04:00,59.82992449991228,60.15517728402843,59.004283306600804,59.73818588256836,101400,0.0,0.0
2014-06-09 00:00:00-04:00,59.654775928926455,60.03840717148241,59.27948629416893,59.596397399902344,72900,0.0,0.0
2014-06-10 00:00:00-04:00,59.638112018399596,60.0217433442088,59.212779007330845,59.73818588256836,72900,0.0,0.0
2014-06-11 00:00:00-04:00,59.80490508896589,59.80490508896589,59.06266091511696,59.56304931640625,82300,0.0,0.0
2014-06-12 00:00:00-04:00,59.48797130455575,59.55469142943903,58.5872687069753,58.91252136230469,83700,0.0,0.0
2014-06-13 00:00:00-04:00,58.70403371803934,59.42960085844266,58.687356865943926,59.20442199707031,63700,0.0,0.0
2014-06-16 00:00:00-04:00,59.11267933967145,59.27947966306926,58.453832378509034,58.745731353759766,75100,0.0,0.0
2014-06-17 00:00:00-04:00,58.50386790088764,59.371210379224834,58.50386790088764,59.15437316894531,72400,0.0,0.0
2014-06-18 00:00:00-04:00,59.32952542439999,59.74651675089298,58.904192489797985,59.538021087646484,70500,0.0,0.0
2014-06-19 00:00:00-04:00,59.81323704600861,60.33030222002591,59.47964271138869,60.15516662597656,127500,0.0,0.0
2014-06-20 00:00:00-04:00,60.51377020230701,60.8306876351625,59.621409151759224,60.01338195800781,266000,0.0,0.0
2014-06-23 00:00:00-04:00,60.03841270517014,60.36366544868024,59.37956560958266,59.57138442993164,93400,0.0,0.0
2014-06-24 00:00:00-04:00,59.38790074401905,59.96335077955065,59.25446683540412,59.57971954345703,765800,0.0,0.0
2014-06-25 00:00:00-04:00,59.36287719622708,60.23856140457107,59.27948021514237,60.055084228515625,137400,0.0,0.0
2014-06-26 00:00:00-04:00,60.080101013183594,60.638867769948114,59.64642654317111,60.080101013183594,91000,0.0,0.0
2014-06-27 00:00:00-04:00,59.67979211352866,60.972467673341235,59.67979211352866,60.839027404785156,387200,0.0,0.0
2014-06-30 00:00:00-04:00,60.53044505693381,60.87237453758571,59.929976701585154,60.772300720214844,144300,0.0,0.0
2014-07-01 00:00:00-04:00,61.00582397646013,61.556249143337524,60.81400519294142,60.914085388183594,124600,0.0,0.0
2014-07-02 00:00:00-04:00,60.597169981726324,61.22265684101195,60.371991149225934,60.630523681640625,123100,0.0,0.0
2014-07-03 00:00:00-04:00,60.85572047585778,61.364450447252175,60.65556640338919,61.01417922973633,71000,0.0,0.0
2014-07-07 00:00:00-04:00,60.83903697697693,60.96413565773526,60.330307007934046,60.56382751464844,111800,0.0,0.0
2014-07-08 00:00:00-04:00,60.71393308221272,62.31517807480482,60.54713275207896,61.989925384521484,220300,0.0,0.0
2014-07-09 00:00:00-04:00,62.28184122895917,62.323542917735516,60.580515403991285,60.89742660522461,248700,0.0,0.0
2014-07-10 00:00:00-04:00,59.97169813292771,62.24012569897176,59.73817763560956,60.08845520019531,154100,0.0,0.0
2014-07-11 00:00:00-04:00,59.81323663818091,60.32196656338147,59.7131564296425,60.18019104003906,155100,0.0,0.0
2014-07-14 00:00:00-04:00,60.6805643975887,60.76396136941952,60.038394352651075,60.472068786621094,87000,0.0,0.0
2014-07-15 00:00:00-04:00,60.23022011728587,60.930762397453584,60.07176139843667,60.43037414550781,106700,0.0,0.0
2014-07-16 00:00:00-04:00,60.8056850018614,61.356110305002524,60.04675764965336,60.38035202026367,101900,0.0,0.0
2014-07-17 00:00:00-04:00,60.013387911790595,60.497099353139745,59.81323386677047,60.03840637207031,115200,0.0,0.0
2014-07-18 00:00:00-04:00,59.83825967380842,60.814017921212326,59.57972706879965,60.522125244140625,117900,0.0,0.0
2014-07-21 00:00:00-04:00,60.43037172865362,61.28937269331561,60.422030121999946,61.214317321777344,120700,0.0,0.0
2014-07-22 00:00:00-04:00,61.20597564604023,62.40691249154975,61.20597564604023,61.456172943115234,147100,0.0,0.0
2014-07-23 00:00:00-04:00,61.43102973254415,62.37793146308223,60.534410100085104,60.81932067871094,208900,0.35,0.0
2014-07-24 00:00:00-04:00,63.450535578050264,63.802478371655155,61.607013833797495,62.964515686035156,421200,0.0,0.0
2014-07-25 00:00:00-04:00,62.87233632891904,63.86113250727791,62.269002200680056,63.651641845703125,628400,0.0,0.0
2014-07-28 00:00:00-04:00,63.91140674254783,64.3555323050617,62.89747273114686,63.59298324584961,212100,0.0,0.0
2014-07-29 00:00:00-04:00,63.90303882954655,65.14322007522159,63.13210826820596,64.3639144897461,301100,0.0,0.0
2014-07-30 00:00:00-04:00,64.69909328420435,65.17673172306837,63.86951207841893,64.7745132446289,248500,0.0,0.0
2014-07-31 00:00:00-04:00,64.1628043450301,65.00076705367259,63.89465653399042,64.70748138427734,263000,0.0,0.0
2014-08-01 00:00:00-04:00,64.74936899572242,65.11807459524813,64.20469840588345,64.7745132446289,208500,0.0,0.0
2014-08-04 00:00:00-04:00,64.6655659312069,65.56218556906857,63.96168048532518,65.36107635498047,261600,0.0,0.0
2014-08-05 00:00:00-04:00,65.14320268504541,65.72139885341258,64.71584641491414,65.15996551513672,172900,0.0,0.0
2014-08-06 00:00:00-04:00,64.95049056828796,65.68789544163303,63.9030371948812,64.96724700927734,97700,0.0,0.0
2014-08-07 00:00:00-04:00,65.03428461809747,65.13484244202215,64.33877405386804,64.90020751953125,130600,0.0,0.0
2014-08-08 00:00:00-04:00,64.82478340345014,66.14876576729553,64.79964554984433,65.62922668457031,220800,0.0,0.0
2014-08-11 00:00:00-04:00,65.9392833923891,66.97835529489589,65.50353923146362,65.80520629882812,239700,0.0,0.0
2014-08-12 00:00:00-04:00,65.80521153935852,67.18785130936385,65.57896441739135,67.07891845703125,246900,0.0,0.0
2014-08-13 00:00:00-04:00,67.09569120383793,67.31356335459785,66.43369972536914,66.69346618652344,170900,0.0,0.0
2014-08-14 00:00:00-04:00,66.5258526758687,66.91131471844245,66.16552848928819,66.55937194824219,112600,0.0,0.0
2014-08-15 00:00:00-04:00,67.12081034602717,67.33868243601387,66.16553338866368,66.72696685791016,208400,0.0,0.0
2014-08-18 00:00:00-04:00,67.27167262553404,67.39736836165379,66.86945394173169,67.04542541503906,160500,0.0,0.0
2014-08-19 00:00:00-04:00,67.03699699975071,67.03699699975071,66.24931023919684,66.65153503417969,167200,0.0,0.0
2014-08-20 00:00:00-04:00,66.50072045058586,66.83590680955385,65.81359129161811,66.50910186767578,135200,0.0,0.0
2014-08-21 00:00:00-04:00,66.34152080912315,66.91971725201324,65.25217288239416,66.83592224121094,164400,0.0,0.0
2014-08-22 00:00:00-04:00,66.80235948865544,67.69059753283508,66.34147763942335,67.2548599243164,141700,0.0,0.0
2014-08-25 00:00:00-04:00,67.53140512862782,67.53140512862782,66.70182391690535,66.99510955810547,166800,0.0,0.0
2014-08-26 00:00:00-04:00,67.20459862882963,68.25205188921132,67.04539008059182,67.59844207763672,195300,0.0,0.0
2014-08-27 00:00:00-04:00,67.02023534901359,68.2855539658712,67.01185393495979,67.91685485839844,115100,0.0,0.0
2014-08-28 00:00:00-04:00,67.59844888729421,68.16826377406912,67.0286340005193,67.1375732421875,137300,0.0,0.0
2014-08-29 00:00:00-04:00,66.99511158056255,67.77441710393292,66.62641236041527,67.49789428710938,141200,0.0,0.0
2014-09-02 00:00:00-04:00,67.74928160286976,68.39451644857067,67.35543811918309,67.43923950195312,246300,0.0,0.0
2014-09-03 00:00:00-04:00,67.46435655529929,68.21852401562884,66.50907990326384,67.01185607910156,255900,0.0,0.0
2014-09-04 00:00:00-04:00,67.20459783461368,68.23529464363342,66.12363170864417,66.24932098388672,255900,0.0,0.0
2014-09-05 00:00:00-04:00,65.99796326372916,67.66550773231349,65.90578682843129,67.30518341064453,115000,0.0,0.0
2014-09-08 00:00:00-04:00,67.48114747340753,67.67388174242387,66.42531248941849,66.86943817138672,101300,0.0,0.0
2014-09-09 00:00:00-04:00,66.65153961761722,67.03700160969537,66.14876338417383,66.96996307373047,112300,0.0,0.0
2014-09-10 00:00:00-04:00,67.18785002669958,67.18785002669958,66.1739159195586,66.35826873779297,98100,0.0,0.0
2014-09-11 00:00:00-04:00,66.22419121636355,67.37220241790693,65.90576769161669,67.27164459228516,203200,0.0,0.0
2014-09-12 00:00:00-04:00,66.99509884544712,67.77440422067913,66.99509884544712,67.35542297363281,180300,0.0,0.0
2014-09-15 00:00:00-04:00,67.42249623340292,67.42249623340292,66.4839754551023,66.69346618652344,267000,0.0,0.0
2014-09-16 00:00:00-04:00,66.73533459100001,67.19621653432533,66.1906576742919,66.96996307373047,258800,0.0,0.0
2014-09-17 00:00:00-04:00,67.08726196373303,67.80791007758539,66.9280534686809,67.48948669433594,211700,0.0,0.0
2014-09-18 00:00:00-04:00,67.73252835732332,67.87498048571554,66.81077064170249,67.07891845703125,158000,0.0,0.0
2014-09-19 00:00:00-04:00,66.98672816224304,67.86658500213997,65.50353087147168,66.10686492919922,327500,0.0,0.0
2014-09-22 00:00:00-04:00,65.71305306251301,66.28286812474082,64.80805154136006,65.36949157714844,133600,0.0,0.0
2014-09-23 00:00:00-04:00,65.23540626929267,66.24934054556996,65.15161126333943,65.19351196289062,171300,0.0,0.0
2014-09-24 00:00:00-04:00,65.15159923733682,65.2018749529988,64.34715582100534,64.79127502441406,165400,0.0,0.0
2014-09-25 00:00:00-04:00,64.7326187153531,64.7326187153531,63.63488962178038,64.48960876464844,210400,0.0,0.0
2014-09-26 00:00:00-04:00,64.42256037123404,64.48121749567328,63.777332002402545,64.11251831054688,96200,0.0,0.0
2014-09-29 00:00:00-04:00,63.55106209673582,64.41416869483147,63.05666737473343,64.19629669189453,228900,0.0,0.0
2014-09-30 00:00:00-04:00,64.29688104887137,64.41419531590283,63.794098312281605,63.8695182800293,214000,0.0,0.0
2014-10-01 00:00:00-04:00,63.94491156565853,64.12926432482872,62.57065367948469,63.433753967285156,283500,0.0,0.0
2014-10-02 00:00:00-04:00,63.274569484601464,63.651650167476284,62.26901034168783,63.02317810058594,219800,0.0,0.0
2014-10-03 00:00:00-04:00,63.59299762392649,63.59299762392649,62.25225839634195,62.394710540771484,113900,0.0,0.0
2014-10-06 00:00:00-04:00,62.48686428679229,63.48404172224111,62.218716538580836,62.721492767333984,139900,0.0,0.0
2014-10-07 00:00:00-04:00,62.27740417829354,62.796943492059576,61.93384270431983,62.143333435058594,167400,0.0,0.0
2014-10-08 00:00:00-04:00,61.96733792815227,62.90585843582022,61.37238518965535,62.82206344604492,135700,0.0,0.0
2014-10-09 00:00:00-04:00,62.82206565062609,63.023174911773815,60.88637382835241,61.44780731201172,197400,0.0,0.0
2014-10-10 00:00:00-04:00,60.87799224650554,61.456182169885174,60.266276654352446,60.89474868774414,256400,0.0,0.0
2014-10-13 00:00:00-04:00,61.120988939529575,61.9086693698166,60.34168353147081,60.55117416381836,209400,0.0,0.0
2014-10-14 00:00:00-04:00,61.07909500733765,61.96733334086806,60.58470012905864,61.2885856628418,300900,0.0,0.0
2014-10-15 00:00:00-04:00,60.71039284798631,62.21034679356832,60.073545822233044,61.623775482177734,198400,0.0,0.0
2014-10-16 00:00:00-04:00,60.911506764053456,62.68798348139044,60.81094894503249,61.858402252197266,196200,0.0,0.0
2014-10-17 00:00:00-04:00,62.73825278593505,63.44213819601336,61.83325177885181,62.74662780761719,361400,0.0,0.0
2014-10-20 00:00:00-04:00,62.73826857390284,63.333221313515295,62.07627728508529,62.964515686035156,405300,0.0,0.0
2014-10-21 00:00:00-04:00,59.956226320511334,60.56793543562734,57.81941914275916,59.72997283935547,722500,0.0,0.0
2014-10-22 00:00:00-04:00,59.78893904861197,60.209987915151494,58.9215794114919,59.207889556884766,457200,0.35,0.0
2014-10-23 00:00:00-04:00,59.50261478017825,60.083657709298144,59.03103579279084,59.317352294921875,422800,0.0,0.0
2014-10-24 00:00:00-04:00,59.57839720674972,60.11733908446777,58.73629971972852,58.92156219482422,280700,0.0,0.0
2014-10-27 00:00:00-04:00,58.82051211731288,58.82051211731288,57.49841923125791,58.03736114501953,314000,0.0,0.0
2014-10-28 00:00:00-04:00,58.34052082440544,58.95525490058151,57.84368632319992,58.28157424926758,261300,0.0,0.0
2014-10-29 00:00:00-04:00,58.214194449213174,58.82892841503883,57.7931457238978,58.36577224731445,249800,0.0,0.0
2014-10-30 00:00:00-04:00,58.32368462958768,58.4668396871586,57.48158698548325,58.20579147338867,217500,0.0,0.0
2014-10-31 00:00:00-04:00,58.828934533482666,58.828934533482666,57.97841422097388,58.56788635253906,310600,0.0,0.0
2014-11-03 00:00:00-05:00,58.542625010624455,59.31735972093146,57.98684390997076,59.073150634765625,276000,0.0,0.0
2014-11-04 00:00:00-05:00,59.140505418542986,59.35944612487009,58.2226158777176,58.80366516113281,215500,0.0,0.0
2014-11-05 00:00:00-05:00,59.14893131596087,59.788927265890514,58.551042814265315,58.96366882324219,199500,0.0,0.0
2014-11-06 00:00:00-05:00,59.03103772286244,60.06682054943696,58.837358881721414,59.59524154663086,241200,0.0,0.0
2014-11-07 00:00:00-05:00,59.80574832052344,61.009947734660756,59.80574832052344,60.92573928833008,228600,0.0,0.0
2014-11-10 00:00:00-05:00,60.90892647971549,61.153135576850076,59.923673740193294,60.437347412109375,281200,0.0,0.0
2014-11-11 00:00:00-05:00,60.235241977425375,60.82471416865736,59.99945567081058,60.32787322998047,171900,0.0,0.0
2014-11-12 00:00:00-05:00,60.209981640488984,61.25418092177302,60.209981640488984,61.144710540771484,183800,0.0,0.0
2014-11-13 00:00:00-05:00,60.95101522634197,61.346802082469864,60.42049610997355,60.59733581542969,159800,0.0,0.0
2014-11-14 00:00:00-05:00,60.47944042701764,61.92784911267528,59.87312921677083,61.178382873535156,514900,0.0,0.0
2014-11-17 00:00:00-05:00,61.22890666615777,61.43100826134208,60.87522726841175,61.178382873535156,162900,0.0,0.0
2014-11-18 00:00:00-05:00,61.32996450193887,62.01206144366968,61.22048771150208,61.28785705566406,160100,0.0,0.0
2014-11-19 00:00:00-05:00,61.11944507706272,61.11944507706272,59.67103618357788,60.378395080566406,175200,0.0,0.0
2014-11-20 00:00:00-05:00,60.04156216708858,61.8352277636242,59.216303682364945,61.48154830932617,251700,0.0,0.0
2014-11-21 00:00:00-05:00,62.14680989447337,62.75311481309124,61.153134398420214,61.46470642089844,166500,0.0,0.0
2014-11-24 00:00:00-05:00,61.35522865059794,62.30679657918998,61.10259681307003,61.59943771362305,93800,0.0,0.0
2014-11-25 00:00:00-05:00,61.683656006301575,62.76154002528635,61.683656006301575,62.0204963684082,164100,0.0,0.0
2014-11-26 00:00:00-05:00,62.239427626169025,63.249942028971475,61.94468836938225,62.51731491088867,140600,0.0,0.0
2014-11-28 00:00:00-05:00,62.374163637672495,62.719426707981945,61.0520707757914,61.28785705566406,110300,0.0,0.0
2014-12-01 00:00:00-05:00,61.19521676761844,62.298368734944425,61.12784743341513,61.60784912109375,172500,0.0,0.0
2014-12-02 00:00:00-05:00,61.6583794171509,62.2731069887311,61.03522907173296,61.61627197265625,292100,0.0,0.0
2014-12-03 00:00:00-05:00,61.38048225152252,62.43310405776305,60.94259440699166,61.978370666503906,192900,0.0,0.0
2014-12-04 00:00:00-05:00,61.80995069901037,62.27310041609819,61.52363424099295,61.60784912109375,231300,0.0,0.0
2014-12-05 00:00:00-05:00,61.48153625781132,62.769944320698755,61.48153625781132,61.978370666503906,142400,0.0,0.0
2014-12-08 00:00:00-05:00,61.64995574159339,62.306790748061076,61.32996101207408,61.54048538208008,135800,0.0,0.0
2014-12-09 00:00:00-05:00,61.14471993930207,63.40996500930934,61.14471993930207,62.449974060058594,165800,0.0,0.0
2014-12-10 00:00:00-05:00,62.14679922804586,62.82047338578401,61.26259426669018,61.43101119995117,155100,0.0,0.0
2014-12-11 00:00:00-05:00,61.582604278452884,62.39101732299178,60.86682249758263,61.20366287231445,203000,0.0,0.0
2014-12-12 00:00:00-05:00,60.47101547689928,60.47101547689928,59.03102961673747,59.88154983520508,198200,0.0,0.0
2014-12-15 00:00:00-05:00,60.08364423842695,60.20996012502641,58.96365322844073,59.376285552978516,216200,0.0,0.0
2014-12-16 00:00:00-05:00,59.07314195566886,60.05839450618351,58.77840911039022,59.08998107910156,225900,0.0,0.0
2014-12-17 00:00:00-05:00,59.40997413162029,60.47943500260659,58.4078761698577,59.49418258666992,225700,0.0,0.0
2014-12-18 00:00:00-05:00,60.100497408757946,60.84996362639689,59.4520787734653,60.36154556274414,202400,0.0,0.0
2014-12-19 00:00:00-05:00,60.00788705728709,60.639460365507404,59.83104730194892,60.42051315307617,367200,0.0,0.0
2014-12-22 00:00:00-05:00,60.378384060424914,60.563646525735265,59.53628661788235,59.6457633972168,169400,0.0,0.0
2014-12-23 00:00:00-05:00,59.99103060860431,60.61418745198089,59.081570092718195,59.7889289855957,146100,0.0,0.0
2014-12-24 00:00:00-05:00,59.72155411965823,60.715229442645295,59.72155411965823,59.974185943603516,84900,0.0,0.0
2014-12-26 00:00:00-05:00,60.10052031722034,61.06051126359124,60.09209754058308,60.487884521484375,126500,0.0,0.0
2014-12-29 00:00:00-05:00,60.260502221644856,61.254177646987955,60.24366309650456,60.63102722167969,183600,0.0,0.0
2014-12-30 00:00:00-05:00,60.5636569812025,61.30470697037578,60.42050193318302,60.555240631103516,96500,0.0,0.0
2014-12-31 00:00:00-05:00,60.86680930517349,61.035232668382825,59.99102709056809,60.15102767944336,113000,0.0,0.0
2015-01-02 00:00:00-05:00,60.0247053749934,60.83311815827857,59.63734131787928,60.36996841430664,157100,0.0,0.0
2015-01-05 00:00:00-05:00,59.932078343088136,60.176287392352044,59.35945177836102,59.957340240478516,125600,0.0,0.0
2015-01-06 00:00:00-05:00,60.17630544279402,60.17630544279402,59.15736791934603,59.51947021484375,172300,0.0,0.0
2015-01-07 00:00:00-05:00,59.7889344235684,59.881565681017165,59.00578333539863,59.36788558959961,172500,0.0,0.0
2015-01-08 00:00:00-05:00,59.84788410037706,60.092093207679866,59.258418272194895,59.755252838134766,347300,0.0,0.0
2015-01-09 00:00:00-05:00,59.54471506374968,59.881555357794525,58.963665717139676,59.586822509765625,134800,0.0,0.0
2015-01-12 00:00:00-05:00,59.69629279976621,60.38681251057741,58.43314651720714,59.687870025634766,124400,0.0,0.0
2015-01-13 00:00:00-05:00,60.100498674478956,61.111013067385606,58.99734662131442,59.6962890625,284200,0.0,0.0
2015-01-14 00:00:00-05:00,59.224736335078354,59.56999307194428,58.450007946539024,59.43526077270508,207700,0.0,0.0
2015-01-15 00:00:00-05:00,59.671023694760805,60.59732957181568,58.795241607003675,59.06471252441406,224300,0.0,0.0
2015-01-16 00:00:00-05:00,58.896312892353485,60.277352552409596,58.652103797933215,59.24999237060547,246700,0.0,0.0
2015-01-20 00:00:00-05:00,59.43523292015598,60.14259161524517,59.02260058999433,59.33417892456055,244100,0.0,0.0
2015-01-21 00:00:00-05:00,59.37652208385407,59.8677286339965,58.91919251593253,59.24948501586914,269100,0.4,0.0
2015-01-22 00:00:00-05:00,59.62212914185522,60.53678833573198,59.03776246887161,59.503562927246094,302900,0.0,0.0
2015-01-23 00:00:00-05:00,59.50355781798645,59.893133412733334,58.6651170649049,59.08856964111328,226100,0.0,0.0
2015-01-26 00:00:00-05:00,58.92767974431333,59.56285879928872,57.945266371157835,58.63972854614258,331200,0.0,0.0
2015-01-27 00:00:00-05:00,58.26709933313027,60.04559954044834,58.029960372295314,59.24103546142578,279900,0.0,0.0
2015-01-28 00:00:00-05:00,59.503579447027576,60.10488154844681,58.17393813287498,58.478824615478516,292100,0.0,0.0
2015-01-29 00:00:00-05:00,58.58044123537776,59.545912812961944,58.01301620425592,59.046241760253906,284600,0.0,0.0
2015-01-30 00:00:00-05:00,58.76676674086685,59.39347494423039,58.50422812757448,58.699012756347656,347600,0.0,0.0
2015-02-02 00:00:00-05:00,58.97849208225115,59.74917910480898,58.809113585241434,59.41041564941406,311700,0.0,0.0
2015-02-03 00:00:00-05:00,59.80845080439742,61.04493168831206,59.6475367400021,60.494441986083984,408800,0.0,0.0
2015-02-04 00:00:00-05:00,60.494462403652605,61.53615905092246,60.223452891892585,60.8162841796875,256800,0.0,0.0
2015-02-05 00:00:00-05:00,61.112710948925354,61.730948416039986,60.78241182180183,61.256683349609375,326200,0.0,0.0
2015-02-06 00:00:00-05:00,61.0957550876652,61.58696177078584,60.72311464372879,61.31595230102539,260300,0.0,0.0
2015-02-09 00:00:00-05:00,61.375230350282955,61.79868301563733,60.58760813426883,61.02799606323242,245700,0.0,0.0
2015-02-10 00:00:00-05:00,61.11270819894856,62.078180018667254,60.367427172234734,60.67231369018555,259200,0.0,0.0
2015-02-11 00:00:00-05:00,60.42669507380639,60.84167688367367,59.35959252991554,60.25731658935547,249700,0.0,0.0
2015-02-12 00:00:00-05:00,60.72311396106381,61.31595161169558,60.291196863766444,60.85015106201172,282000,0.0,0.0
2015-02-13 00:00:00-05:00,61.011063520698706,61.620836419824684,60.79086631570873,60.96871566772461,254400,0.0,0.0
2015-02-17 00:00:00-05:00,60.985656176781845,61.56155207431428,60.13027996249652,60.7485237121582,277100,0.0,0.0
2015-02-18 00:00:00-05:00,60.7823940899698,61.22278849007518,58.94461103230417,60.51985549926758,338800,0.0,0.0
2015-02-19 00:00:00-05:00,60.30814334808638,62.433878084527315,60.07101082826857,61.747886657714844,461400,0.0,0.0
2015-02-20 00:00:00-05:00,62.57785193703299,64.06840754671839,62.374596409786655,63.80586242675781,665600,0.0,0.0
2015-02-23 00:00:00-05:00,63.92444201007532,64.77981207381814,63.53485972076628,64.23779296875,532400,0.0,0.0
2015-02-24 00:00:00-05:00,64.5003220800093,66.38891761240257,64.09380462159292,65.49966430664062,452800,0.0,0.0
2015-02-25 00:00:00-05:00,65.15243488814176,66.06709430186504,63.441688765178405,64.24624633789062,541800,0.0,0.0
2015-02-26 00:00:00-05:00,64.19544767691225,64.95765755508143,63.67883473907412,64.0768814086914,290600,0.0,0.0
2015-02-27 00:00:00-05:00,64.17847675207037,64.61887108631029,63.66186404923548,63.98369216918945,313900,0.0,0.0
2015-03-02 00:00:00-05:00,64.11072732333041,64.77978327210653,63.32310515187241,64.3817367553711,257400,0.0,0.0
2015-03-03 00:00:00-05:00,64.17001067484898,65.14395304598797,63.80584114342742,64.35633087158203,309100,0.0,0.0
2015-03-04 00:00:00-05:00,64.15308110377184,64.2462412104035,62.933535316139306,63.670345306396484,296200,0.0,0.0
2015-03-05 00:00:00-05:00,63.848197281279795,64.22083772312344,62.628651443519054,63.86513900756836,256800,0.0,0.0
2015-03-06 00:00:00-05:00,63.49249932688394,64.14461364655259,62.86579113557731,63.59412384033203,251400,0.0,0.0
2015-03-09 00:00:00-04:00,63.86515268868937,64.42410700981802,63.48404130206019,63.85668182373047,374300,0.0,0.0
2015-03-10 00:00:00-04:00,63.30618080388934,64.17849236174824,62.68793699784941,63.83126449584961,449400,0.0,0.0
2015-03-11 00:00:00-04:00,64.02604070791715,64.71203840879693,63.52636967207396,64.57653045654297,485100,0.0,0.0
2015-03-12 00:00:00-04:00,64.8475401427018,65.22018055142193,63.975228696265916,64.5511245727539,353800,0.0,0.0
2015-03-13 00:00:00-04:00,64.2970529068715,64.75438257326792,63.602590775241765,64.39021301269531,462000,0.0,0.0
2015-03-16 00:00:00-04:00,64.36480340466495,65.19477344946682,64.00063386378883,64.65274810791016,376100,0.0,0.0
2015-03-17 00:00:00-04:00,64.65276728002878,65.46580230277365,64.17003136979838,65.16938018798828,323500,0.0,0.0
2015-03-18 00:00:00-04:00,64.61041886699242,65.44885347032138,64.16156000320393,64.99152374267578,421700,0.0,0.0
2015-03-19 00:00:00-04:00,64.72896549506578,65.09313499402502,64.22082366105552,64.88140869140625,298700,0.0,0.0
2015-03-20 00:00:00-04:00,65.30486423777722,65.50811968826054,64.72049754859164,64.92375946044922,430300,0.0,0.0
2015-03-23 00:00:00-04:00,64.91530311907526,65.1947834643631,64.44950254359556,64.99999237060547,316100,0.0,0.0
2015-03-24 00:00:00-04:00,65.05927445374631,65.5335394238415,64.59347388570595,65.22865295410156,333500,0.0,0.0
2015-03-25 00:00:00-04:00,65.4742478219478,66.20258690961248,64.39868091511728,64.47489929199219,375500,0.0,0.0
2015-03-26 00:00:00-04:00,64.12767954856443,64.91530184899928,63.96676545084234,64.4240951538086,256700,0.0,0.0
2015-03-27 00:00:00-04:00,64.2801250136544,64.47490964898509,63.42474869908586,64.4156265258789,298200,0.0,0.0
2015-03-30 00:00:00-04:00,64.5003107571727,65.54200065792746,64.5003107571727,65.08467102050781,230400,0.0,0.0
2015-03-31 00:00:00-04:00,64.5850202401914,65.41498407608725,64.32247512112596,65.11856842041016,262500,0.0,0.0
2015-04-01 00:00:00-04:00,64.84755123673891,65.25406870319597,64.37328624368561,65.24559783935547,253900,0.0,0.0
2015-04-02 00:00:00-04:00,65.15243643255913,65.97393575168903,65.09315330960005,65.49966430664062,218600,0.0,0.0
2015-04-06 00:00:00-04:00,65.41496734207924,66.3296266696524,65.41496734207924,65.75373077392578,176600,0.0,0.0
2015-04-07 00:00:00-04:00,65.78761151979622,66.10943324467056,65.44037720544789,65.46578979492188,133900,0.0,0.0
2015-04-08 00:00:00-04:00,65.77913198531303,66.10096012913782,65.16935914582874,65.69444274902344,173100,0.0,0.0
2015-04-09 00:00:00-04:00,65.34723169571949,65.66905346067924,64.02605471765183,64.93224334716797,229000,0.0,0.0
2015-04-10 00:00:00-04:00,64.67816065463803,64.98304708222335,64.44102174100246,64.77978515625,117400,0.0,0.0
2015-04-13 00:00:00-04:00,64.6781606947036,64.91529314711137,64.0853231023095,64.65274810791016,138700,0.0,0.0
2015-04-14 00:00:00-04:00,64.90682838296748,65.28793322280337,64.61888365266931,64.71204376220703,136600,0.0,0.0
2015-04-15 00:00:00-04:00,64.65274726857277,65.70291448899464,64.54265190606266,65.11007690429688,160800,0.0,0.0
2015-04-16 00:00:00-04:00,65.26252251228344,66.05861558829515,65.1016148936879,65.33027648925781,195100,0.0,0.0
2015-04-17 00:00:00-04:00,65.59282450767459,67.32051240076905,65.39803987257555,66.55829620361328,228100,0.0,0.0
2015-04-20 00:00:00-04:00,66.73614676685366,67.46448591316447,66.21106310328358,66.77848815917969,172900,0.0,0.0
2015-04-21 00:00:00-04:00,67.05797759627703,67.37133495666134,66.084034981212,66.27035522460938,127900,0.0,0.0
2015-04-22 00:00:00-04:00,66.07555862321007,66.82083953483334,65.9654632437092,66.51595306396484,144200,0.0,0.0
2015-04-23 00:00:00-04:00,66.30313288839213,67.43528449754908,66.06478654845397,67.17140197753906,147400,0.4,0.0
2015-04-24 00:00:00-04:00,67.47785409331712,68.05669808624262,67.18843534408028,67.36719512939453,126500,0.0,0.0
2015-04-27 00:00:00-04:00,67.3671954853245,68.55041966183589,67.26504425269732,67.38422393798828,162900,0.0,0.0
2015-04-28 00:00:00-04:00,67.65661220516573,68.43123784800997,67.34165081509222,67.84387969970703,243400,0.0,0.0
2015-04-29 00:00:00-04:00,68.57595248647226,69.7932270142185,65.90305706097938,67.10330963134766,241600,0.0,0.0
2015-04-30 00:00:00-04:00,66.74577670820254,69.03560944233263,66.74577670820254,68.4142074584961,338100,0.0,0.0
2015-05-01 00:00:00-04:00,68.59297915311313,70.38909760173698,68.59297915311313,69.52934265136719,271700,0.0,0.0
2015-05-04 00:00:00-04:00,69.3420672184484,69.75917334646553,69.06115622644758,69.62297821044922,187900,0.0,0.0
2015-05-05 00:00:00-04:00,69.80172880519044,70.54231046100372,69.56338247765062,70.2103271484375,239600,0.0,0.0
2015-05-06 00:00:00-04:00,70.16776978047479,70.40611613267397,68.94198111836349,69.29950714111328,146100,0.0,0.0
2015-05-07 00:00:00-04:00,69.03561217016039,69.53784750716044,68.74619348010478,69.16329956054688,130900,0.0,0.0
2015-05-08 00:00:00-04:00,69.68256828891074,69.73364065566747,69.11223854528902,69.41017150878906,107000,0.0,0.0
2015-05-11 00:00:00-04:00,69.54636688687276,70.38058568194624,68.7206688122229,69.86984252929688,169500,0.0,0.0
2015-05-12 00:00:00-04:00,70.4061369464601,70.95944485303737,69.52084559482702,70.36357879638672,163500,0.0,0.0
2015-05-13 00:00:00-04:00,70.55083176783374,71.20629078915586,70.55083176783374,70.73810577392578,118300,0.0,0.0
2015-05-14 00:00:00-04:00,70.95092294957047,71.81067801925819,70.8062135649608,71.26588439941406,153900,0.0,0.0
2015-05-15 00:00:00-04:00,70.97643577164253,71.08710120122868,70.69553132176638,70.8487548828125,113600,0.0,0.0
2015-05-18 00:00:00-04:00,70.80621009529717,71.1126573032494,70.28695268706986,70.52529907226562,152300,0.0,0.0
2015-05-19 00:00:00-04:00,70.64446429947574,70.64446429947574,69.65702845865097,70.11669921875,167000,0.0,0.0
2015-05-20 00:00:00-04:00,69.99752771898173,70.10818667529988,69.69108053823005,69.98049926757812,115100,0.0,0.0
2015-05-21 00:00:00-04:00,70.05711865300715,70.05711865300715,69.42719580104968,69.69959259033203,180200,0.0,0.0
2015-05-22 00:00:00-04:00,69.6996053915198,69.7847346805476,69.35059998542691,69.40167236328125,114000,0.0,0.0
2015-05-26 00:00:00-04:00,69.01005971405927,69.42716569612152,68.42270175348767,68.78022766113281,169000,0.0,0.0
2015-05-27 00:00:00-04:00,68.6355086957984,69.24840280131644,68.40567665345345,68.95046997070312,146200,0.0,0.0
2015-05-28 00:00:00-04:00,69.08670236191065,69.75917683904582,68.73769053720237,69.41017150878906,166100,0.0,0.0
2015-05-29 00:00:00-04:00,69.13777226842278,69.58892881059023,68.72066613436529,69.0611572265625,126400,0.0,0.0
2015-06-01 00:00:00-04:00,69.52082841769364,69.52082841769364,68.83983973470129,69.02710723876953,179300,0.0,0.0
2015-06-02 00:00:00-04:00,68.6525598917592,71.09561640687343,68.6525598917592,70.84024810791016,183400,0.0,0.0
2015-06-03 00:00:00-04:00,71.10413207128485,71.64892558010965,70.47421579441573,70.74661254882812,119300,0.0,0.0
2015-06-04 00:00:00-04:00,70.38060273120236,70.65299957823188,69.9294460621647,70.184814453125,127400,0.0,0.0
2015-06-05 00:00:00-04:00,70.06559971695846,70.37204680007005,69.73361645932911,69.95494079589844,141100,0.0,0.0
2015-06-08 00:00:00-04:00,69.63150256053486,70.32100555529098,69.59745214796698,69.9209213256836,162300,0.0,0.0
2015-06-09 00:00:00-04:00,70.11668259416143,70.58486097430223,69.95494482031208,70.15924072265625,119500,0.0,0.0
2015-06-10 00:00:00-04:00,70.20181453816771,71.00198279426397,70.02305478840269,70.51676940917969,130400,0.0,0.0
2015-06-11 00:00:00-04:00,70.36357583526309,71.5723363532876,70.03158590972558,71.45316314697266,176700,0.0,0.0
2015-06-12 00:00:00-04:00,71.0275036041026,71.9298163822719,70.7210565295453,71.50419616699219,148000,0.0,0.0
2015-06-15 00:00:00-04:00,70.79769628222107,71.980920483103,70.79769628222107,71.44464111328125,143700,0.0,0.0
2015-06-16 00:00:00-04:00,71.50423200753387,72.1086122368347,71.07009735189862,71.66596984863281,130000,0.0,0.0
2015-06-17 00:00:00-04:00,71.81917721351722,72.03198737967675,71.14669630911904,71.6744613647461,118300,0.0,0.0
2015-06-18 00:00:00-04:00,71.54677085014166,71.7425525398177,70.90834043741981,71.35098266601562,175800,0.0,0.0
2015-06-19 00:00:00-04:00,71.37650880351845,71.99791717538443,70.97642476204366,71.50419616699219,217100,0.0,0.0
2015-06-22 00:00:00-04:00,71.8447152840284,72.30438603435748,71.5042177103271,72.04901123046875,113000,0.0,0.0
2015-06-23 00:00:00-04:00,71.77663246229689,73.07051577335197,71.69150967114702,72.81514739990234,106500,0.0,0.0
2015-06-24 00:00:00-04:00,72.94281154577504,73.34289568034458,72.65338635492554,72.798095703125,140000,0.0,0.0
2015-06-25 00:00:00-04:00,72.7385169205534,73.00240595995972,71.75959528819068,72.8066177368164,146800,0.0,0.0
2015-06-26 00:00:00-04:00,73.15561488338855,73.15561488338855,72.10007192627675,72.28734588623047,467300,0.0,0.0
2015-06-29 00:00:00-04:00,71.84472800380183,72.90877905097173,71.24885552071538,71.29993438720703,113300,0.0,0.0
2015-06-30 00:00:00-04:00,71.75109288562935,72.2703503299078,70.0741473519221,70.7210922241211,174100,0.0,0.0
2015-07-01 00:00:00-04:00,70.96794464631586,71.62339717531589,70.59339663291493,71.1977767944336,130200,0.0,0.0
2015-07-02 00:00:00-04:00,71.46166865684677,72.53423397476732,70.51679076870644,70.66150665283203,268800,0.0,0.0
2015-07-06 00:00:00-04:00,70.49123322984904,71.21479294795336,69.52933367317519,70.51676940917969,197900,0.0,0.0
2015-07-07 00:00:00-04:00,70.86579421143688,70.9509169896774,69.01860329636573,70.67852020263672,170800,0.0,0.0
2015-07-08 00:00:00-04:00,70.56784341951473,71.50420673259923,68.78874727964913,70.38056945800781,244700,0.0,0.0
2015-07-09 00:00:00-04:00,71.03604077005215,71.4276172454957,70.72959356850177,71.12117004394531,196800,0.0,0.0
2015-07-10 00:00:00-04:00,70.93389370681011,72.45761543832448,69.9209151296502,70.32951354980469,210700,0.0,0.0
2015-07-13 00:00:00-04:00,70.53381639291685,71.57233125492927,70.1677825726084,70.79769897460938,225800,0.0,0.0
2015-07-14 00:00:00-04:00,71.04454538256685,71.17223278167612,70.13371812744872,70.29545593261719,182300,0.0,0.0
2015-07-15 00:00:00-04:00,70.01453508778037,70.04858548904156,68.83982546929438,69.01858520507812,210600,0.0,0.0
2015-07-16 00:00:00-04:00,69.49529398301456,70.41463554735141,69.24843338734347,70.3465347290039,172500,0.0,0.0
2015-07-17 00:00:00-04:00,70.35507367231352,71.5638343976163,69.92945314978827,70.26995086669922,134500,0.0,0.0
2015-07-20 00:00:00-04:00,70.39760612061949,70.68703134736246,69.25694665412719,69.51232147216797,149400,0.0,0.0
2015-07-21 00:00:00-04:00,69.6910732395498,70.22735250247555,67.96304929233214,68.55040740966797,276600,0.0,0.0
2015-07-22 00:00:00-04:00,68.55040404064678,75.68519327382135,68.55040404064678,73.18716430664062,399100,0.4,0.0
2015-07-23 00:00:00-04:00,73.88867698083021,74.5901785513815,72.50278076867576,73.09307098388672,289500,0.0,0.0
2015-07-24 00:00:00-04:00,72.78508929789706,74.4532921534902,72.41722834424439,74.26508331298828,158100,0.0,0.0
2015-07-27 00:00:00-04:00,74.30785452740383,75.09490368263167,73.30693289345952,73.31548309326172,197900,0.0,0.0
2015-07-28 00:00:00-04:00,72.51989450534315,74.32497917832244,72.33169216176248,73.73469543457031,195700,0.0,0.0
2015-07-29 00:00:00-04:00,74.08544150139257,75.42856069997849,72.9647515567713,74.91526794433594,208000,0.0,0.0
2015-07-30 00:00:00-04:00,74.32497813472659,74.92382512565477,72.27180709974868,72.48567962646484,223500,0.0,0.0
2015-07-31 00:00:00-04:00,72.29745810327688,73.35826382257524,71.98092446947113,72.24612426757812,157500,0.0,0.0
2015-08-03 00:00:00-04:00,72.64820995253184,72.64820995253184,70.72335743348206,71.57029724121094,156900,0.0,0.0
2015-08-04 00:00:00-04:00,71.57028590611237,72.63964824733301,71.37352036350508,72.57975769042969,160200,0.0,0.0
2015-08-05 00:00:00-04:00,72.75943087816742,73.96566844665256,72.48567432506738,72.59688568115234,138800,0.0,0.0
2015-08-06 00:00:00-04:00,72.24612453710839,73.79456580353445,72.24612453710839,72.8278579711914,165500,0.0,0.0
2015-08-07 00:00:00-04:00,72.24611958462013,73.11872293936271,71.55317485287219,71.81837463378906,183000,0.0,0.0
2015-08-10 00:00:00-04:00,72.1605791451998,73.64912989602813,71.8611589549284,73.04173278808594,246600,0.0,0.0
2015-08-11 00:00:00-04:00,72.47712415759312,73.27273023188049,71.5275296003188,71.97238159179688,223300,0.0,0.0
2015-08-12 00:00:00-04:00,72.14348788972464,72.46001507668652,71.59597470089497,72.02371978759766,221600,0.0,0.0
2015-08-13 00:00:00-04:00,71.94669252136974,72.62253026206287,71.46762031100269,72.21189880371094,165200,0.0,0.0
2015-08-14 00:00:00-04:00,71.83549711293237,73.46947963644305,71.83549711293237,72.92196655273438,136400,0.0,0.0
2015-08-17 00:00:00-04:00,72.51987928720743,74.02554340799396,71.99803642892219,73.98277282714844,150400,0.0,0.0
2015-08-18 00:00:00-04:00,74.26508114164895,75.01791648164543,72.73375333409386,73.0759506225586,128000,0.0,0.0
2015-08-19 00:00:00-04:00,72.36588233629502,74.26507082286399,71.38207424310127,72.03224182128906,136300,0.0,0.0
2015-08-20 00:00:00-04:00,71.94670703315028,74.12820912384191,70.89445799787222,71.09121704101562,183500,0.0,0.0
2015-08-21 00:00:00-04:00,70.04750460746703,71.84403846367181,70.04750460746703,70.38970184326172,187300,0.0,0.0
2015-08-24 00:00:00-04:00,68.65308191141771,70.08174884081984,66.69400875963055,68.8755111694336,258600,0.0,0.0
2015-08-25 00:00:00-04:00,70.47526715547026,71.96382452462743,67.01908661015808,67.59226989746094,254500,0.0,0.0
2015-08-26 00:00:00-04:00,68.27667103267562,69.56846306710531,66.65979507068545,68.00291442871094,202900,0.0,0.0
2015-08-27 00:00:00-04:00,68.27665346351556,70.44959880384278,68.1739988427394,70.27850341796875,228900,0.0,0.0
2015-08-28 00:00:00-04:00,69.91064139377029,71.26231711283991,69.76520966531697,71.21098327636719,180000,0.0,0.0
2015-08-31 00:00:00-04:00,70.74901858487408,71.54462452565784,69.98763302644205,71.5018539428711,148000,0.0,0.0
2015-09-01 00:00:00-04:00,70.65490289191983,71.60449713834046,69.38022485533169,70.03895568847656,199700,0.0,0.0
2015-09-02 00:00:00-04:00,70.71480841072038,71.41630996827384,68.85839010100169,70.329833984375,222500,0.0,0.0
2015-09-03 00:00:00-04:00,70.08173257267447,71.22809245769216,69.07225420754492,70.49237060546875,169400,0.0,0.0
2015-09-04 00:00:00-04:00,70.03897029204575,70.99711493731641,69.67965952319837,70.47526550292969,168300,0.0,0.0
2015-09-08 00:00:00-04:00,71.14255274330522,72.32312661371785,70.56081927233288,70.86878967285156,189300,0.0,0.0
2015-09-09 00:00:00-04:00,71.37352233105676,72.23756895410571,70.12450786530388,70.50947570800781,152000,0.0,0.0
2015-09-10 00:00:00-04:00,70.40681492994267,71.34785242834904,70.22715632375775,70.7832260131836,180300,0.0,0.0
2015-09-11 00:00:00-04:00,70.41536927909453,71.46762469352763,69.8678562831379,70.97999572753906,125200,0.0,0.0
2015-09-14 00:00:00-04:00,70.99710995303302,71.24520282465801,69.26902310565218,69.67110443115234,137000,0.0,0.0
2015-09-15 00:00:00-04:00,69.70533314523794,70.59503706634769,69.61977891751441,70.38116455078125,173700,0.0,0.0
2015-09-16 00:00:00-04:00,70.52658529708421,72.13490386482933,70.51802857106382,72.07501983642578,146300,0.0,0.0
2015-09-17 00:00:00-04:00,71.82692895188346,72.92195494499424,71.09976386522739,72.57975769042969,251800,0.0,0.0
2015-09-18 00:00:00-04:00,71.72427092465404,73.25559864684573,71.72427092465404,72.10924530029297,400600,0.0,0.0
2015-09-21 00:00:00-04:00,72.48567735605697,73.10162473113462,71.77561902315071,72.16914367675781,163000,0.0,0.0
2015-09-22 00:00:00-04:00,71.62162318581255,72.12635914827408,70.65491531750317,71.09121704101562,183200,0.0,0.0
2015-09-23 00:00:00-04:00,71.20244307533189,71.86116757292696,70.09030334738327,70.59503936767578,159300,0.0,0.0
2015-09-24 00:00:00-04:00,70.19296685503905,73.75180235510904,69.2005951843786,70.08174896240234,196100,0.0,0.0
2015-09-25 00:00:00-04:00,70.44105924421447,76.07018627145325,69.85933217971743,70.15875244140625,166900,0.0,0.0
2015-09-28 00:00:00-04:00,70.07321335286046,70.63783355484762,68.55043514178597,69.31182098388672,187800,0.0,0.0
2015-09-29 00:00:00-04:00,69.41443863640241,69.6796383735272,68.07131997365505,68.5503921508789,173300,0.0,0.0
2015-09-30 00:00:00-04:00,69.37168467741147,69.37168467741147,67.90879748239418,68.653076171875,230800,0.0,0.0
2015-10-01 00:00:00-04:00,68.90971342929016,69.9277419627637,67.23294749688807,68.3279800415039,234800,0.0,0.0
2015-10-02 00:00:00-04:00,67.87458428455288,69.63689840369221,67.87458428455288,69.62834167480469,194800,0.0,0.0
2015-10-05 00:00:00-04:00,70.07319733888883,70.87735359593584,69.58556171529199,70.53515625,320500,0.0,0.0
2015-10-06 00:00:00-04:00,70.42394249794206,72.17769975708688,70.42394249794206,71.8782730102539,176300,0.0,0.0
2015-10-07 00:00:00-04:00,72.19480409518185,73.24705971827086,70.89446210365229,72.74231719970703,207200,0.0,0.0
2015-10-08 00:00:00-04:00,72.67388938120644,74.42764688993658,72.43435317114758,73.83735656738281,164900,0.0,0.0
2015-10-09 00:00:00-04:00,73.39249827234029,75.88197113076622,73.39249827234029,74.2137680053711,182600,0.0,0.0
2015-10-12 00:00:00-04:00,73.75181082885507,74.68429855941574,72.15204177329319,72.3060302734375,257200,0.0,0.0
2015-10-13 00:00:00-04:00,72.24613465106577,73.28983359304918,71.35643071144095,72.16914367675781,214300,0.0,0.0
2015-10-14 00:00:00-04:00,72.17769624721005,73.12729070353379,71.14255409318176,71.34786987304688,192100,0.0,0.0
2015-10-15 00:00:00-04:00,71.45052520288671,72.14347657291805,71.02278018328236,71.43341827392578,327200,0.0,0.0
2015-10-16 00:00:00-04:00,71.73285272228124,72.17771128602838,70.67204669060104,71.01424407958984,263100,0.0,0.0
2015-10-19 00:00:00-04:00,70.57790226372434,71.23662647969691,69.69674889188228,70.30414581298828,191100,0.0,0.0
2015-10-20 00:00:00-04:00,70.06465127953976,74.49609094069007,69.77378120679663,70.107421875,196700,0.0,0.0
2015-10-21 00:00:00-04:00,70.18479562333921,71.0788702466865,69.77214983341682,70.03865051269531,188800,0.4,0.0
2015-10-22 00:00:00-04:00,70.12458365329358,73.00453031402425,69.72053020175927,70.38249206542969,219400,0.0,0.0
2015-10-23 00:00:00-04:00,71.35395617261354,71.8611678935274,70.19338108881195,70.50286865234375,200600,0.0,0.0
2015-10-26 00:00:00-04:00,70.15899823485536,71.72362701100579,69.2047459339129,69.55722045898438,137700,0.0,0.0
2015-10-27 00:00:00-04:00,69.10156683941861,70.11599670685894,68.49119049122177,69.15315246582031,156200,0.0,0.0
2015-10-28 00:00:00-04:00,69.22192598326129,70.04723045992846,68.7147143025045,69.29930114746094,295700,0.0,0.0
2015-10-29 00:00:00-04:00,69.4196472291993,69.94405623452688,67.14147792785747,69.31648254394531,232600,0.0,0.0
2015-10-30 00:00:00-04:00,69.54860357649345,70.70057974880658,68.9038390313941,69.88388061523438,243300,0.0,0.0
2015-11-02 00:00:00-05:00,69.51422722250372,70.68340098873072,69.10157495723556,70.11600494384766,253700,0.0,0.0
2015-11-03 00:00:00-05:00,69.74633408377466,71.06165938567969,69.74633408377466,70.68339538574219,310300,0.0,0.0
2015-11-04 00:00:00-05:00,70.68338122815922,70.84672366066721,70.01282722358621,70.76074981689453,179700,0.0,0.0
2015-11-05 00:00:00-05:00,70.81234558297018,71.22499123312777,70.21056138473755,70.93270111083984,123000,0.0,0.0
2015-11-06 00:00:00-05:00,70.42547854197996,72.04169248842412,70.17616880430752,71.86115264892578,172800,0.0,0.0
2015-11-09 00:00:00-05:00,71.75798941468766,72.18783240237944,70.12458474968219,70.4598617553711,168800,0.0,0.0
2015-11-10 00:00:00-05:00,70.48566895823444,72.1448635690935,70.42549118722444,71.0186767578125,183600,0.0,0.0
2015-11-11 00:00:00-05:00,71.43132946592897,71.82679092438377,70.54585365179769,70.82955169677734,157900,0.0,0.0
2015-11-12 00:00:00-05:00,70.20197082398465,72.12766587206242,69.15315272136232,70.02143096923828,161100,0.0,0.0
2015-11-13 00:00:00-05:00,69.4540422873271,70.82953876488571,69.19613382827286,69.8237075805664,161500,0.0,0.0
2015-11-16 00:00:00-05:00,69.99562327952201,70.61459816700062,69.30787850589905,70.16756439208984,160500,0.0,0.0
2015-11-17 00:00:00-05:00,69.83231175631043,70.9155116279881,69.44544903738121,69.746337890625,189000,0.0,0.0
2015-11-18 00:00:00-05:00,69.9956394623546,71.46570188055,69.76352710532768,71.32815551757812,139500,0.0,0.0
2015-11-19 00:00:00-05:00,71.07025730634643,72.41137225209722,70.51145995885739,70.90692138671875,179200,0.0,0.0
2015-11-20 00:00:00-05:00,71.35395949736464,72.28242223122194,71.22500524673686,71.62905883789062,171700,0.0,0.0
2015-11-23 00:00:00-05:00,71.90414142394326,72.17924070036801,70.54583587708423,71.35394287109375,174200,0.0,0.0
2015-11-24 00:00:00-05:00,71.32816148860084,72.48013779060126,71.32816148860084,72.41996002197266,131400,0.0,0.0
2015-11-25 00:00:00-05:00,72.38556842721432,73.82124922734405,72.3081998249496,72.96156311035156,142100,0.0,0.0
2015-11-27 00:00:00-05:00,72.6692634626756,74.15652327045773,72.57469746894402,73.67509460449219,91200,0.0,0.0
2015-11-30 00:00:00-05:00,73.82126076804028,75.89310122326917,73.40860848146352,73.69230651855469,133200,0.0,0.0
2015-12-01 00:00:00-05:00,73.82984818062441,75.67817481453604,73.6665122633614,75.21394348144531,136700,0.0,0.0
2015-12-02 00:00:00-05:00,75.00761274032462,75.65237731975434,74.44021676216191,74.62934875488281,134200,0.0,0.0
2015-12-03 00:00:00-05:00,74.77551206434252,75.59221136904208,74.07056960967891,74.48321533203125,120300,0.0,0.0
2015-12-04 00:00:00-05:00,74.4660205414453,75.97047138207601,74.18232252307965,75.80712890625,146700,0.0,0.0
2015-12-07 00:00:00-05:00,75.61799793717302,75.99626196687879,73.95020459770873,74.52619934082031,129900,0.0,0.0
2015-12-08 00:00:00-05:00,73.67510534025547,74.58637718001317,71.1820205862546,72.85840606689453,195000,0.0,0.0
2015-12-09 00:00:00-05:00,72.79823914324167,73.60634639735254,71.56028872143544,72.04171752929688,166000,0.0,0.0
2015-12-10 00:00:00-05:00,72.04170223107494,72.88419098787712,71.86976106517716,72.32539367675781,159500,0.0,0.0
2015-12-11 00:00:00-05:00,71.32816427990983,73.49457059420322,70.83814341364793,71.12184143066406,165100,0.0,0.0
2015-12-14 00:00:00-05:00,71.1734227993297,73.29684880792868,70.67480321858878,72.06749725341797,203700,0.0,0.0
2015-12-15 00:00:00-05:00,72.5747028197353,73.53755366377119,71.36254876535475,71.74940490722656,159200,0.0,0.0
2015-12-16 00:00:00-05:00,71.9557311362166,72.97875979627997,71.49150636764985,72.87559509277344,152200,0.0,0.0
2015-12-17 00:00:00-05:00,72.90997732247037,73.45158377266712,71.64623768385735,71.68062591552734,149000,0.0,0.0
2015-12-18 00:00:00-05:00,71.23358554286477,72.46293683799783,65.00086177528553,71.08744049072266,757800,0.0,0.0
2015-12-21 00:00:00-05:00,71.6376615164898,71.8697739334053,68.49980518503656,69.7205581665039,197100,0.0,0.0
2015-12-22 00:00:00-05:00,69.90107346829956,71.52587964414101,69.25630890458837,71.32815551757812,150600,0.0,0.0
2015-12-23 00:00:00-05:00,71.65483836724205,72.90997934299973,70.8295404609446,72.73804473876953,133400,0.0,0.0
2015-12-24 00:00:00-05:00,72.75523047631295,73.23665914040726,72.51451942370792,72.80681610107422,44100,0.0,0.0
2015-12-28 00:00:00-05:00,72.81539659595454,73.06470630596807,71.2937553659419,72.56609344482422,93600,0.0,0.0
2015-12-29 00:00:00-05:00,72.84120213054786,73.42578890873415,72.48872770067956,73.2194595336914,80700,0.0,0.0
2015-12-30 00:00:00-05:00,72.85840591110184,73.55474963866556,71.70642954407617,73.45159149169922,97600,0.0,0.0
2015-12-31 00:00:00-05:00,73.34841643133548,73.46017326106751,71.92134094238281,71.92134094238281,97500,0.0,0.0
2016-01-04 00:00:00-05:00,71.216393694098,71.83536873828655,69.7807194748123,70.52005004882812,146600,0.0,0.0
2016-01-05 00:00:00-05:00,70.76936199469492,71.25078412889299,69.84949809748952,70.4942626953125,119400,0.0,0.0
2016-01-06 00:00:00-05:00,69.38528405153491,72.22225161087661,69.07579644291994,69.39388275146484,148900,0.0,0.0
2016-01-07 00:00:00-05:00,68.63734135889375,69.11017138073105,68.0785505898488,69.06718444824219,186300,0.0,0.0
2016-01-08 00:00:00-05:00,68.75769600695635,70.09020550420419,67.49395641179918,67.70027923583984,192200,0.0,0.0
2016-01-11 00:00:00-05:00,67.78625465622109,68.24188728673656,66.38496853006606,67.20166778564453,110600,0.0,0.0
2016-01-12 00:00:00-05:00,67.52832567596121,67.57130603283568,65.71438802024386,66.96092987060547,131100,0.0,0.0
2016-01-13 00:00:00-05:00,67.15868505272857,67.83783790490368,65.96372181731103,66.25601196289062,150700,0.0,0.0
2016-01-14 00:00:00-05:00,66.4795387148259,67.91521316584479,65.75739886041671,67.6401138305664,146000,0.0,0.0
2016-01-15 00:00:00-05:00,66.16145659139065,66.9695638089419,65.42212585169182,65.9293441772461,163900,0.0,0.0
2016-01-19 00:00:00-05:00,66.31618762914121,66.63427385885052,64.95788196785455,65.79177856445312,106500,0.0,0.0
2016-01-20 00:00:00-05:00,64.97507079772684,65.16420277105922,63.505008494394026,64.52803039550781,167000,0.0,0.0
2016-01-21 00:00:00-05:00,64.70100446688497,65.19398072680343,64.0869467816141,64.18208312988281,142200,0.45,0.0
2016-01-22 00:00:00-05:00,64.96048253161116,65.54859526742405,64.23398722339796,64.917236328125,155400,0.0,0.0
2016-01-25 00:00:00-05:00,64.44157026428513,65.28049658327913,64.3723789682259,64.48480987548828,130000,0.0,0.0
2016-01-26 00:00:00-05:00,64.7874971511528,66.46534259517907,64.63182008949647,65.97236633300781,147200,0.0,0.0
2016-01-27 00:00:00-05:00,65.79940119306777,66.28372694409592,64.3637118618865,64.46749877929688,193900,0.0,0.0
2016-01-28 00:00:00-05:00,64.87401744695445,65.34104888033141,64.02644041635635,64.8221206665039,145400,0.0,0.0
2016-01-29 00:00:00-05:00,64.84804479766227,67.30427581259056,64.84804479766227,67.2350845336914,226900,0.0,0.0
2016-02-01 00:00:00-05:00,66.95834694915253,67.02753824968237,64.99509163534886,65.04698181152344,216400,0.0,0.0
2016-02-02 00:00:00-05:00,64.38967273420594,65.11616813737605,63.68047845406935,64.99508666992188,161500,0.0,0.0
2016-02-03 00:00:00-05:00,65.4015581621708,66.57778344368226,64.47614630376256,66.44805145263672,129200,0.0,0.0
2016-02-04 00:00:00-05:00,66.65561793476108,68.23833369126427,66.04156022234335,66.66426849365234,214800,0.0,0.0
2016-02-05 00:00:00-05:00,66.38752445276903,67.03617794357028,64.39831777493407,64.41561889648438,143800,0.0,0.0
2016-02-08 00:00:00-05:00,64.19073827671562,66.05885654314415,64.19073827671562,65.7907485961914,148700,0.0,0.0
2016-02-09 00:00:00-05:00,65.1680536676528,65.59183877355609,63.939937957556545,64.20804595947266,149300,0.0,0.0
2016-02-10 00:00:00-05:00,64.4069729021597,64.75292277480375,63.70642919392809,63.90534591674805,88500,0.0,0.0
2016-02-11 00:00:00-05:00,63.30858187347882,64.34643148029753,60.67072814451008,63.74966812133789,106700,0.0,0.0
2016-02-12 00:00:00-05:00,64.27721732746183,65.87722747903393,62.608015907019805,65.57452392578125,137700,0.0,0.0
2016-02-16 00:00:00-05:00,65.81670309064432,67.43401475974157,65.05561873965726,67.07941436767578,143300,0.0,0.0
2016-02-17 00:00:00-05:00,61.405857327411226,66.45670214314525,60.66206754176707,65.61778259277344,418100,0.0,0.0
2016-02-18 00:00:00-05:00,65.4188739245857,67.3302389780914,64.48481120387979,66.81131744384766,224800,0.0,0.0
2016-02-19 00:00:00-05:00,66.5605072288064,67.32159174341464,65.10752290204839,65.94644927978516,166400,0.0,0.0
2016-02-22 00:00:00-05:00,66.40482054319988,67.96159159724448,65.65238669911555,65.78211212158203,186600,0.0,0.0
2016-02-23 00:00:00-05:00,65.57454035013805,65.9550858257947,64.64912834215468,64.917236328125,198900,0.0,0.0
2016-02-24 00:00:00-05:00,64.47615610782952,66.0502215623704,64.13885683888822,65.80805206298828,179900,0.0,0.0
2016-02-25 00:00:00-05:00,65.90319121737515,66.45670832819148,65.1507574002828,66.4307632446289,159100,0.0,0.0
2016-02-26 00:00:00-05:00,66.75073618461002,67.58101145503917,66.54316901661306,67.1572265625,141000,0.0,0.0
2016-02-29 00:00:00-05:00,67.15724880625086,67.72806035691642,66.14535110385955,66.25778198242188,222400,0.0,0.0
2016-03-01 00:00:00-05:00,68.39400731149018,68.90427808682036,66.96696869474832,68.04805755615234,271400,0.0,0.0
2016-03-02 00:00:00-05:00,68.1691479222077,69.65672744636987,68.04806648172413,69.47510528564453,201000,0.0,0.0
2016-03-03 00:00:00-05:00,69.59619954965913,71.80161756349474,69.4664675256818,69.8297119140625,137200,0.0,0.0
2016-03-04 00:00:00-05:00,70.27943160389094,70.8415991719381,69.12915138900793,69.58753204345703,211200,0.0,0.0
2016-03-07 00:00:00-05:00,69.71727703340156,70.88485198566974,69.3540326657527,70.53025817871094,150000,0.0,0.0
2016-03-08 00:00:00-05:00,69.96807602883239,70.38321047783761,67.80589819480446,68.53238677978516,227100,0.0,0.0
2016-03-09 00:00:00-05:00,69.01672006932249,70.32267074850877,68.32482051335428,69.73455810546875,174700,0.0,0.0
2016-03-10 00:00:00-05:00,69.78647150852956,70.77242432199257,69.05997614161511,70.04592895507812,154000,0.0,0.0
2016-03-11 00:00:00-05:00,70.53026007608224,70.6426909742997,69.12916613660218,70.02863311767578,151600,0.0,0.0
2016-03-14 00:00:00-04:00,69.37997892965733,70.34863059319949,69.3021370790115,69.87295532226562,104700,0.0,0.0
2016-03-15 00:00:00-04:00,69.40591857941868,69.75186840293014,68.53239675970217,69.30213165283203,169600,0.0,0.0
2016-03-16 00:00:00-04:00,69.38861935351188,70.65997447617872,68.11725763240146,70.59078979492188,261300,0.0,0.0
2016-03-17 00:00:00-04:00,70.71188311927523,72.64054252634672,70.2016055937798,72.199462890625,225100,0.0,0.0
2016-03-18 00:00:00-04:00,72.70972684341108,73.07297119037908,71.46431011272755,72.35513305664062,241000,0.0,0.0
2016-03-21 00:00:00-04:00,71.87942616614627,72.925919238156,71.04050027741373,71.51618194580078,128400,0.0,0.0
2016-03-22 00:00:00-04:00,71.42972088164436,73.34973631430013,70.86755978878388,72.7270278930664,170600,0.0,0.0
2016-03-23 00:00:00-04:00,72.51945551061513,73.38432679064262,70.58214569091797,70.58214569091797,190900,0.0,0.0
2016-03-24 00:00:00-04:00,70.42644560523078,71.80158732429392,70.16698166654919,71.76699829101562,103800,0.0,0.0
2016-03-28 00:00:00-04:00,71.98324154621396,72.78757212299442,71.30863638629778,72.17350769042969,120800,0.0,0.0
2016-03-29 00:00:00-04:00,72.00052439217112,73.82540307581212,70.90214091737138,73.69567108154297,164200,0.0,0.0
2016-03-30 00:00:00-04:00,73.76486867764264,74.34433082345103,73.29783741732957,73.67838287353516,133000,0.0,0.0
2016-03-31 00:00:00-04:00,73.68703017866018,73.93784364086352,72.9778359952882,73.11621856689453,123900,0.0,0.0
2016-04-01 00:00:00-04:00,72.19080259268672,73.65243708225776,72.19080259268672,73.522705078125,135900,0.0,0.0
2016-04-04 00:00:00-04:00,73.4362291797407,73.55731064034408,72.11297047724139,72.199462890625,93900,0.0,0.0
2016-04-05 00:00:00-04:00,71.84485306311724,72.22539851714852,69.83835206644626,71.6632308959961,128000,0.0,0.0
2016-04-06 00:00:00-04:00,71.57673966306172,72.4329602712412,70.69456737716727,71.75836181640625,144100,0.0,0.0
2016-04-07 00:00:00-04:00,71.26538338848825,71.61133316482153,70.18429446147368,70.54753875732422,121200,0.0,0.0
2016-04-08 00:00:00-04:00,71.2653965540601,72.87405770251733,70.31403944222217,72.53675842285156,130800,0.0,0.0
2016-04-11 00:00:00-04:00,72.32053827231704,74.3702789677007,72.32053827231704,73.18540954589844,122600,0.0,0.0
2016-04-12 00:00:00-04:00,73.04700724564469,74.31836873017907,72.50214086589098,73.81674194335938,185100,0.0,0.0
2016-04-13 00:00:00-04:00,74.25784526407944,75.13136706486485,73.68702707788977,73.98108673095703,168400,0.0,0.0
2016-04-14 00:00:00-04:00,74.23190220875823,74.91515129946298,73.33243530194858,74.15406036376953,143300,0.0,0.0
2016-04-15 00:00:00-04:00,73.84271127693219,75.12272373992818,73.43622729729468,74.79407501220703,111700,0.0,0.0
2016-04-18 00:00:00-04:00,74.91514842056064,75.82325925423709,74.33567968085032,74.56919860839844,171600,0.0,0.0
2016-04-19 00:00:00-04:00,74.73353453934764,75.90110951120285,74.33568792226436,75.4773178100586,235700,0.0,0.0
2016-04-20 00:00:00-04:00,75.49461199318823,77.25029957002731,74.3702767319549,74.88055419921875,165600,0.0,0.0
2016-04-21 00:00:00-04:00,76.10639854957911,77.06272618722869,75.24570433898639,76.50631713867188,272400,0.45,0.0
2016-04-22 00:00:00-04:00,76.70628136900956,79.16664998791374,75.95860545055497,76.47154235839844,314000,0.0,0.0
2016-04-25 00:00:00-04:00,76.80188730582668,77.93209663362025,75.8281750312155,77.92340087890625,224000,0.0,0.0
2016-04-26 00:00:00-04:00,77.94081164764131,78.53199708884563,76.71496861383804,78.26248168945312,204000,0.0,0.0
2016-04-27 00:00:00-04:00,78.08862071606515,81.87046643099758,77.93213022834075,81.36621856689453,286800,0.0,0.0
2016-04-28 00:00:00-04:00,81.28793600206265,83.13973365361782,80.54895609226365,81.70524597167969,293900,0.0,0.0
2016-04-29 00:00:00-04:00,81.85305142297477,83.15713612976803,81.68786523758058,82.4442367553711,289000,0.0,0.0
2016-05-02 00:00:00-04:00,82.80069485936619,83.51359433478441,81.20102057615215,81.93130493164062,265800,0.0,0.0
2016-05-03 00:00:00-04:00,81.35751627217185,81.47053458220977,79.43616520401231,80.11428833007812,195300,0.0,0.0
2016-05-04 00:00:00-04:00,79.2796764284244,80.14037067344222,78.47114346100784,78.7319564819336,242300,0.0,0.0
2016-05-05 00:00:00-04:00,79.00145774037591,79.69696563783445,77.906024676554,78.01904296875,205600,0.0,0.0
2016-05-06 00:00:00-04:00,78.01904071675224,79.14055438233045,77.47132751710994,78.99275970458984,195200,0.0,0.0
2016-05-09 00:00:00-04:00,78.58415623047823,78.58415623047823,75.20222989087472,75.28047180175781,186000,0.0,0.0
2016-05-10 00:00:00-04:00,75.63691034209901,76.18462351189837,74.93270674765448,76.04552459716797,145400,0.0,0.0
2016-05-11 00:00:00-04:00,76.14117844085257,76.64542623705091,75.33264546864467,76.12378692626953,203400,0.0,0.0
2016-05-12 00:00:00-04:00,76.61065860925093,77.41049591571243,74.86318263713301,75.22832489013672,183400,0.0,0.0
2016-05-13 00:00:00-04:00,75.28047661464703,76.5584809707948,74.68929778461766,75.08052062988281,114500,0.0,0.0
2016-05-16 00:00:00-04:00,75.51521238136712,76.94101138372005,74.2719844744829,75.15007019042969,144700,0.0,0.0
2016-05-17 00:00:00-04:00,74.97619144244977,76.20203452134068,74.07202505012128,75.08052062988281,200700,0.0,0.0
2016-05-18 00:00:00-04:00,74.78492147798913,75.57606952578458,72.92442749329537,73.35043334960938,192800,0.0,0.0
2016-05-19 00:00:00-04:00,71.81161300945645,73.15047441167194,71.06393707532419,73.10700225830078,247300,0.0,0.0
2016-05-20 00:00:00-04:00,73.73296277074898,73.83729195717548,72.94182133066892,73.22872161865234,133900,0.0,0.0
2016-05-23 00:00:00-04:00,73.25479623783619,73.87206228273855,72.66361082916767,73.19393920898438,103900,0.0,0.0
2016-05-24 00:00:00-04:00,73.33303614886827,74.15026477083224,73.16785657958081,73.49822235107422,129500,0.0,0.0
2016-05-25 00:00:00-04:00,73.58517194426496,76.01077093498098,73.30696739871256,75.01097106933594,212500,0.0,0.0
2016-05-26 00:00:00-04:00,75.4891286149836,77.09749864614146,74.60234717898348,74.86316680908203,113100,0.0,0.0
2016-05-27 00:00:00-04:00,74.74146107409707,76.75844565500299,74.23721327064072,74.28068542480469,101000,0.0,0.0
2016-05-31 00:00:00-04:00,74.72405545574159,75.32393657880068,74.31544779515103,74.5154037475586,124800,0.0,0.0
2016-06-01 00:00:00-04:00,74.36761307631605,75.01095974712632,73.60255234975567,74.8544692993164,161900,0.0,0.0
2016-06-02 00:00:00-04:00,74.68059618260357,76.01076171190361,74.1589635521022,75.0892105102539,114700,0.0,0.0
2016-06-03 00:00:00-04:00,75.20222838190348,76.45415199426338,74.95880026459322,76.21072387695312,148700,0.0,0.0
2016-06-06 00:00:00-04:00,76.41937617432954,77.73215682585962,76.28027060172717,77.02794647216797,126100,0.0,0.0
2016-06-07 00:00:00-04:00,76.7758160343589,77.64520589005919,76.42806539841335,77.12357330322266,122700,0.0,0.0
2016-06-08 00:00:00-04:00,77.65390483103938,79.18403289705176,77.37570033112064,78.35810852050781,179000,0.0,0.0
2016-06-09 00:00:00-04:00,77.86257186456805,77.92342890361813,76.34113925539623,76.9149398803711,89100,0.0,0.0
2016-06-10 00:00:00-04:00,76.11508695170966,76.76712936431852,74.90663554430802,76.19332885742188,161000,0.0,0.0
2016-06-13 00:00:00-04:00,76.19333726079554,76.25419429403424,74.49802945420412,74.75884246826172,135400,0.0,0.0
2016-06-14 00:00:00-04:00,74.63712083674015,74.95010172822158,73.9068365118958,74.30675506591797,87300,0.0,0.0
2016-06-15 00:00:00-04:00,74.75883865653783,76.41937661625784,74.55018692934644,75.90643310546875,257900,0.0,0.0
2016-06-16 00:00:00-04:00,75.75863557581707,75.7934119678685,74.41107857372839,75.70647430419922,127200,0.0,0.0
2016-06-17 00:00:00-04:00,75.48041658213029,76.29764505615657,75.48041658213029,76.07160186767578,192900,0.0,0.0
2016-06-20 00:00:00-04:00,76.5758491388851,77.94948650649182,76.5758491388851,77.50609588623047,127900,0.0,0.0
2016-06-21 00:00:00-04:00,77.56696017953195,78.13206488458304,76.71495524428165,77.7756118774414,136300,0.0,0.0
2016-06-22 00:00:00-04:00,78.24508796255147,79.94039554857277,77.99296410538861,78.87974548339844,404500,0.0,0.0
2016-06-23 00:00:00-04:00,79.66218754957293,80.54027313304553,79.03623244508147,80.16643524169922,113100,0.0,0.0
2016-06-24 00:00:00-04:00,77.79300485803536,79.05361745757658,75.48912048339844,75.48912048339844,269300,0.0,0.0
2016-06-27 00:00:00-04:00,75.41957961954442,76.33244173784774,73.67210392906732,74.16765594482422,141700,0.0,0.0
2016-06-28 00:00:00-04:00,74.81101055422884,77.01056614595055,74.75884264495869,75.29786682128906,131100,0.0,0.0
2016-06-29 00:00:00-04:00,76.22812080888401,76.79322567508156,75.62823954429835,76.37591552734375,94300,0.0,0.0
2016-06-30 00:00:00-04:00,76.8453683983822,78.7058621488676,73.75903177420005,78.6015396118164,137000,0.0,0.0
2016-07-01 00:00:00-04:00,78.67108733056503,80.4794198486516,78.66239820758263,79.01884460449219,164700,0.0,0.0
2016-07-05 00:00:00-04:00,78.70586422907344,79.3666023905064,77.50610859084794,77.94080352783203,114800,0.0,0.0
2016-07-06 00:00:00-04:00,76.34982036746433,78.31464338876812,76.34982036746433,78.0886001586914,157400,0.0,0.0
2016-07-07 00:00:00-04:00,78.29725776857991,79.04493366570641,77.59305402267293,78.07991027832031,102500,0.0,0.0
2016-07-08 00:00:00-04:00,78.46244413314794,80.59244688858102,78.46244413314794,79.56656646728516,212500,0.0,0.0
2016-07-11 00:00:00-04:00,79.69694266574542,81.14882169902572,79.62738990617223,80.80107116699219,114100,0.0,0.0
2016-07-12 00:00:00-04:00,80.94889727834567,81.32273521524996,80.12297949428489,80.85326385498047,177600,0.0,0.0
2016-07-13 00:00:00-04:00,81.28795405848926,81.52268640840934,80.60113525498603,81.45314025878906,104100,0.0,0.0
2016-07-14 00:00:00-04:00,81.7226450615094,82.28774978479495,80.97496926754725,81.60962677001953,102700,0.0,0.0
2016-07-15 00:00:00-04:00,81.79221282592705,82.28776486081644,80.11428985991225,81.42707061767578,115500,0.0,0.0
2016-07-18 00:00:00-04:00,81.37488570501824,82.12256147974544,80.29684418703027,81.4183578491211,105700,0.0,0.0
2016-07-19 00:00:00-04:00,81.54876956950181,81.54876956950181,76.7584296983295,77.20182037353516,296300,0.0,0.0
2016-07-20 00:00:00-04:00,74.85446759328502,75.44565297899096,73.88944429260447,74.39369201660156,341400,0.0,0.0
2016-07-21 00:00:00-04:00,72.7680882156989,74.33252421360041,70.30344755636462,73.12641906738281,462300,0.45,0.0
2016-07-22 00:00:00-04:00,72.96037566652527,74.32379209365709,72.35732301545421,73.86058044433594,239700,0.0,0.0
2016-07-25 00:00:00-04:00,73.59838354747146,73.59838354747146,71.38719933469714,71.95529174804688,110800,0.0,0.0
2016-07-26 00:00:00-04:00,72.02519534731609,73.26625396843275,71.95527486128526,73.1351547241211,107600,0.0,0.0
2016-07-27 00:00:00-04:00,73.5896296158012,73.80812614870796,72.06889561380599,72.65446472167969,122600,0.0,0.0
2016-07-28 00:00:00-04:00,72.6981496498779,73.51095682843106,72.40099096744747,72.7942886352539,103000,0.0,0.0
2016-07-29 00:00:00-04:00,72.8467296204275,72.99530563573447,71.99022709973006,72.40973663330078,109200,0.0,0.0
2016-08-01 00:00:00-04:00,72.619495126157,72.77681287631387,71.78046934798175,72.43595886230469,171600,0.0,0.0
2016-08-02 00:00:00-04:00,72.42724237645314,72.43597743793555,71.29979932253579,71.52703094482422,91200,0.0,0.0
2016-08-03 00:00:00-04:00,71.50954888012421,72.62825012207031,70.8540592460478,72.62825012207031,114500,0.0,0.0
2016-08-04 00:00:00-04:00,72.47092642973183,73.63332955296141,72.28739014732477,72.84674072265625,133100,0.0,0.0
2016-08-05 00:00:00-04:00,72.87296062423233,73.92174797390372,72.54959002583792,73.47601318359375,117900,0.0,0.0
2016-08-08 00:00:00-04:00,73.60711042427691,74.55101701279072,73.2924748947723,73.66828918457031,92600,0.0,0.0
2016-08-09 00:00:00-04:00,73.48475781055224,73.93922767908073,72.70691066288842,72.97784423828125,126800,0.0,0.0
2016-08-10 00:00:00-04:00,73.17012053771322,74.29756345585253,73.04776301183625,74.15772247314453,130800,0.0,0.0
2016-08-11 00:00:00-04:00,74.59469642891142,75.2938878273292,73.64205498325012,74.75201416015625,169600,0.0,0.0
2016-08-12 00:00:00-04:00,74.69958863270948,74.80446269102022,72.79429878024641,72.9690933227539,120700,0.0,0.0
2016-08-15 00:00:00-04:00,73.27499415490503,74.77825136982086,72.99531885919872,74.3587417602539,98400,0.0,0.0
2016-08-16 00:00:00-04:00,74.45487485812076,74.95304664742777,73.65080261230469,73.65080261230469,91100,0.0,0.0
2016-08-17 00:00:00-04:00,73.48475727265287,74.42866391728572,72.86422790478827,73.44105529785156,88200,0.0,0.0
2016-08-18 00:00:00-04:00,73.7382101682268,74.72581206759295,73.44105142481642,74.03536224365234,72600,0.0,0.0
2016-08-19 00:00:00-04:00,73.56341133254601,73.97418588259394,72.62824643545216,73.17012023925781,113900,0.0,0.0
2016-08-22 00:00:00-04:00,72.82051513965673,74.21015638300632,72.50587963806754,74.1402359008789,82300,0.0,0.0
2016-08-23 00:00:00-04:00,74.4898475491397,75.18029078662774,74.12276827358146,74.71707916259766,86400,0.0,0.0
2016-08-24 00:00:00-04:00,74.47235591872298,74.47235591872298,72.96036367669235,73.21381378173828,142700,0.0,0.0
2016-08-25 00:00:00-04:00,73.18759282139351,75.55609430933713,73.07397703092583,74.43739318847656,197900,0.0,0.0
2016-08-26 00:00:00-04:00,74.69084617769916,75.76585194080444,73.46726438811118,73.58088684082031,197300,0.0,0.0
2016-08-29 00:00:00-04:00,73.51970544289729,74.47234699162587,73.10893095198348,74.28881072998047,114800,0.0,0.0
2016-08-30 00:00:00-04:00,74.28882295960418,74.8132133174867,73.64207507381523,74.57723999023438,110200,0.0,0.0
2016-08-31 00:00:00-04:00,74.18393717952122,74.93556575300236,73.48475230585403,74.48983764648438,116400,0.0,0.0
2016-09-01 00:00:00-04:00,74.47235858601505,75.32012621320939,73.69451145070965,74.83069610595703,78400,0.0,0.0
2016-09-02 00:00:00-04:00,75.37255616487808,75.82703265146093,74.01788176875938,74.83942413330078,85300,0.0,0.0
2016-09-06 00:00:00-04:00,75.67844629666965,77.82845777442023,75.67844629666965,77.75853729248047,361500,0.0,0.0
2016-09-07 00:00:00-04:00,77.90713297088989,78.25672880080444,76.20286246853699,78.09941101074219,111400,0.0,0.0
2016-09-08 00:00:00-04:00,78.10814805514607,78.10814805514607,72.9953235187903,75.89695739746094,134000,0.0,0.0
2016-09-09 00:00:00-04:00,75.89693868513383,75.94064065097186,73.2225437418453,73.38860321044922,143700,0.0,0.0
2016-09-12 00:00:00-04:00,72.61077697650228,74.37622621230325,72.54959820763754,73.79065704345703,162000,0.0,0.0
2016-09-13 00:00:00-04:00,72.8205139663632,73.32742745164322,70.53940995058714,71.64937591552734,163700,0.0,0.0
2016-09-14 00:00:00-04:00,71.76300048828125,72.44470859159946,71.39592792003064,71.76300048828125,150700,0.0,0.0
2016-09-15 00:00:00-04:00,71.86785794602481,72.88167804445331,71.50077882867913,72.58452606201172,85000,0.0,0.0
2016-09-16 00:00:00-04:00,72.16503650720044,72.92540686205697,71.18616961372844,72.82052612304688,228200,0.0,0.0
2016-09-19 00:00:00-04:00,73.21381028772068,74.26259757448443,72.8205192226746,73.96543884277344,127400,0.0,0.0
2016-09-20 00:00:00-04:00,74.35873642085872,75.10162324661137,73.69450514075756,73.75568389892578,144000,0.0,0.0
2016-09-21 00:00:00-04:00,74.1140332124385,74.99675448284142,73.89553666012351,74.71707916259766,235800,0.0,0.0
2016-09-22 00:00:00-04:00,75.54734905614826,76.92824181515093,75.02295214201304,75.0928726196289,207000,0.0,0.0
2016-09-23 00:00:00-04:00,74.76950623850419,76.7884117990769,74.15771202731142,74.6558837890625,136200,0.0,0.0
2016-09-26 00:00:00-04:00,74.37620799724246,74.97926047692309,73.98291696057149,74.28881072998047,126200,0.0,0.0
2016-09-27 00:00:00-04:00,74.06158369147799,74.97053007791014,73.37113384020783,74.67337799072266,149300,0.0,0.0
2016-09-28 00:00:00-04:00,74.55976238674121,77.26038327723683,73.51972331788402,77.10306549072266,198700,0.0,0.0
2016-09-29 00:00:00-04:00,76.7971432434283,76.8233617534861,74.85689348335241,75.0491714477539,87800,0.0,0.0
2016-09-30 00:00:00-04:00,75.82703680761708,76.72724143447853,74.68211046872898,75.59105682373047,152700,0.0,0.0
2016-10-03 00:00:00-04:00,76.01059112679269,77.50510693008901,74.03538018150644,74.93558502197266,114700,0.0,0.0
2016-10-04 00:00:00-04:00,74.66463326251751,75.54736109614294,73.40609113679292,73.46726989746094,85800,0.0,0.0
2016-10-05 00:00:00-04:00,73.95671115536653,74.78699533900142,73.30995659692935,74.11402893066406,89900,0.0,0.0
2016-10-06 00:00:00-04:00,73.75566960776393,74.90058900363337,73.54591485868492,74.28005981445312,162000,0.0,0.0
2016-10-07 00:00:00-04:00,74.56849743955495,76.4388272517728,72.75060466215167,74.05284881591797,116100,0.0,0.0
2016-10-10 00:00:00-04:00,74.0528186761792,74.9355395202182,73.70322302773667,73.85179901123047,142000,0.0,0.0
2016-10-11 00:00:00-04:00,73.27498196097174,73.32742565442905,71.19489771205882,71.69306945800781,120900,0.0,0.0
2016-10-12 00:00:00-04:00,71.43961729677304,72.36604703669896,71.01136600268477,71.15120697021484,152700,0.0,0.0
2016-10-13 00:00:00-04:00,70.30343836500965,71.0288417020152,68.81765811368291,70.67925262451172,124500,0.0,0.0
2016-10-14 00:00:00-04:00,70.92397642863212,71.78047910975621,69.66543425622193,70.22478485107422,98500,0.0,0.0
2016-10-17 00:00:00-04:00,70.39959913743617,71.95529368467419,69.48191085517331,70.7754135131836,115800,0.0,0.0
2016-10-18 00:00:00-04:00,71.76299590214927,72.08637314474306,70.60059284232277,71.21238708496094,151900,0.0,0.0
2016-10-19 00:00:00-04:00,71.37845539520876,71.37845539520876,68.74776158520561,68.94003295898438,337300,0.0,0.0
2016-10-20 00:00:00-04:00,66.64144898193064,66.78128997714879,61.71216725624702,62.31521987915039,618600,0.0,0.0
2016-10-21 00:00:00-04:00,61.77869690261426,63.221137510458064,61.048686057301595,63.1068000793457,373000,0.45,0.0
2016-10-24 00:00:00-04:00,63.203514657069626,64.19738882019568,62.75494901250246,62.948448181152344,293000,0.0,0.0
2016-10-25 00:00:00-04:00,63.21233471670982,64.49645809623988,62.53508738202244,63.731258392333984,263700,0.0,0.0
2016-10-26 00:00:00-04:00,63.63450552101853,63.995118939821424,62.948467681704564,63.72245788574219,227500,0.0,0.0
2016-10-27 00:00:00-04:00,63.94235724721346,63.94235724721346,62.45594381458946,63.115596771240234,127900,0.0,0.0
2016-10-28 00:00:00-04:00,63.05402307122319,63.79283108719987,62.81654427299055,63.30908966064453,227600,0.0,0.0
2016-10-31 00:00:00-04:00,63.141971346662096,64.64597903321497,63.0100394351394,63.75764465332031,170400,0.0,0.0
2016-11-01 00:00:00-04:00,64.11825258959772,65.1473093324727,62.825332046343675,62.9572639465332,185200,0.0,0.0
2016-11-02 00:00:00-04:00,63.12437381024838,64.74272554044133,62.79894938252456,62.84292221069336,196400,0.0,0.0
2016-11-03 00:00:00-04:00,63.089212063340184,64.28537659094101,62.88691553633938,63.93356704711914,162000,0.0,0.0
2016-11-04 00:00:00-04:00,63.91596410003637,64.6195965153998,63.317878560078256,63.97753143310547,175000,0.0,0.0
2016-11-07 00:00:00-05:00,64.86587045901922,65.20888944055186,63.854401306404505,64.3469467163086,153900,0.0,0.0
2016-11-08 00:00:00-05:00,64.21500880606764,65.9564885945856,64.21500880606764,65.3144302368164,150200,0.0,0.0
2016-11-09 00:00:00-05:00,65.38480093924335,68.1201625325438,65.38480093924335,67.715576171875,167900,0.0,0.0
2016-11-10 00:00:00-05:00,68.68305836816222,70.84672583695718,67.73316326932087,69.36030578613281,207500,0.0,0.0
2016-11-11 00:00:00-05:00,69.75611078883652,71.14578152602434,69.31634207785338,70.58287811279297,196100,0.0,0.0
2016-11-14 00:00:00-05:00,70.96105150381572,73.1159146541726,70.67080265848543,73.0191650390625,188200,0.0,0.0
2016-11-15 00:00:00-05:00,72.70254340186861,74.6990897622976,71.87577634081745,74.61113739013672,210600,0.0,0.0
2016-11-16 00:00:00-05:00,74.61114370158481,75.36754624475795,73.7667887788108,74.54077911376953,196800,0.0,0.0
2016-11-17 00:00:00-05:00,74.84862321828719,74.95417011047438,71.79662770016286,71.8318099975586,331200,0.0,0.0
2016-11-18 00:00:00-05:00,71.65589122394991,73.13351387425236,69.83524962896439,72.14842987060547,203900,0.0,0.0
2016-11-21 00:00:00-05:00,72.74651768747712,72.9488141867947,72.06927702692627,72.86085510253906,153900,0.0,0.0
2016-11-22 00:00:00-05:00,73.37377539199065,73.66560954740235,72.19760021798821,72.50711822509766,296500,0.45,0.0
2016-11-23 00:00:00-05:00,72.3037133669592,74.61184363955888,71.9676595092411,74.5322494506836,190300,0.0,0.0
2016-11-25 00:00:00-05:00,74.62070453057055,75.77035073549656,74.61186597681599,75.30165100097656,89100,0.0,0.0
2016-11-28 00:00:00-05:00,75.37238506630183,75.37238506630183,73.63907079959394,74.2050552368164,155500,0.0,0.0
2016-11-29 00:00:00-05:00,73.7451947891063,74.16968143397474,72.40983800192176,73.80709838867188,138100,0.0,0.0
2016-11-30 00:00:00-05:00,74.21390353620846,74.53226687215398,72.65746805712722,72.8608627319336,172300,0.0,0.0
2016-12-01 00:00:00-05:00,73.27649032856677,74.05470792154603,72.71051267058442,72.96697235107422,110700,0.0,0.0
2016-12-02 00:00:00-05:00,72.64861147279254,74.16083371015367,72.64861147279254,73.22343444824219,103100,0.0,0.0
2016-12-05 00:00:00-05:00,73.7628918091545,75.257423627921,73.56833569444258,75.12477111816406,119000,0.0,0.0
2016-12-06 00:00:00-05:00,74.92135620117188,75.32815217335568,73.27648171752405,74.92135620117188,155400,0.0,0.0
2016-12-07 00:00:00-05:00,74.87714056746822,75.54924152432139,74.13429746804006,74.647216796875,111300,0.0,0.0
2016-12-08 00:00:00-05:00,74.74449769117881,75.94720198031537,74.682594091605,75.4961929321289,159600,0.0,0.0
2016-12-09 00:00:00-05:00,75.61115788889342,75.62000318832906,74.65606795944115,75.35469818115234,116700,0.0,0.0
2016-12-12 00:00:00-05:00,75.35470435423962,75.8057202045928,74.3642398928921,74.7445068359375,108100,0.0,0.0
2016-12-13 00:00:00-05:00,74.88600606892744,74.88600606892744,72.28604102551266,72.41869354248047,181000,0.0,0.0
2016-12-14 00:00:00-05:00,71.05678138997673,72.330234291323,69.80101908280741,69.86292266845703,153600,0.0,0.0
2016-12-15 00:00:00-05:00,69.36770123796278,69.8629299749524,68.74865856974024,68.98743438720703,249900,0.0,0.0
2016-12-16 00:00:00-05:00,69.16430860827973,69.77450605562073,68.77519641032471,69.18199920654297,518700,0.0,0.0
2016-12-19 00:00:00-05:00,68.8194265090927,70.73844514309727,68.21807427044294,69.5003662109375,114000,0.0,0.0
2016-12-20 00:00:00-05:00,70.1194010282997,72.17107194655613,68.96975499132547,72.15338134765625,135900,0.0,0.0
2016-12-21 00:00:00-05:00,72.30373207630748,72.83433540049478,70.89762618287443,72.33026123046875,110300,0.0,0.0
2016-12-22 00:00:00-05:00,72.19760947781523,72.19760947781523,69.87179472953544,70.22553253173828,127100,0.0,0.0
2016-12-23 00:00:00-05:00,70.19015175930306,70.57041868172212,70.05749925204306,70.11055755615234,53200,0.0,0.0
2016-12-27 00:00:00-05:00,70.51735551401181,71.48129079532505,70.40239360304234,71.13639831542969,90500,0.0,0.0
2016-12-28 00:00:00-05:00,71.46360988504435,71.77313470121439,69.87179978054132,69.92485809326172,67900,0.0,0.0
2016-12-29 00:00:00-05:00,69.88947754277116,70.43777146537025,69.63301780866776,69.8541030883789,77500,0.0,0.0
2016-12-30 00:00:00-05:00,69.85408397703024,70.19013782832224,68.60716684903626,68.7044448852539,103000,0.0,0.0
2017-01-03 00:00:00-05:00,69.42961230067732,70.02211913861268,68.8370987157557,69.6241683959961,116100,0.0,0.0
2017-01-04 00:00:00-05:00,69.85408417352923,72.03840722512984,69.15545406917617,71.86154174804688,98300,0.0,0.0
2017-01-05 00:00:00-05:00,71.75544526089485,72.2683647821239,70.01329199716075,70.66770935058594,118900,0.0,0.0
2017-01-06 00:00:00-05:00,70.6853856622785,71.8438703650472,69.64186287565899,69.98675537109375,57600,0.0,0.0
2017-01-09 00:00:00-05:00,69.88062770007245,70.59694854772593,69.15546829963591,69.3853988647461,88000,0.0,0.0
2017-01-10 00:00:00-05:00,69.65952468697058,70.96835209299778,68.93436547128914,70.44659423828125,108100,0.0,0.0
2017-01-11 00:00:00-05:00,70.42005627012233,72.19758318734623,70.2520361041751,72.02955627441406,85400,0.0,0.0
2017-01-12 00:00:00-05:00,70.18129310623566,70.18129310623566,66.3874699035759,67.97928619384766,196700,0.0,0.0
2017-01-13 00:00:00-05:00,68.38610241181001,70.47314805528526,68.04120990476845,70.24321746826172,99900,0.0,0.0
2017-01-17 00:00:00-05:00,70.57923364008718,70.59692423353425,69.24388395516858,69.69489288330078,98700,0.0,0.0
2017-01-18 00:00:00-05:00,70.36701610965765,72.02957483184878,69.31464811561314,71.42822265625,131600,0.0,0.0
2017-01-19 00:00:00-05:00,71.56971674940033,71.56971674940033,69.42961316812793,69.77450561523438,112900,0.0,0.0
2017-01-20 00:00:00-05:00,69.8275811526443,70.90647850868194,69.40310115003184,70.66770935058594,75900,0.0,0.0
2017-01-23 00:00:00-05:00,70.57925482813683,71.53434475146254,69.6595393553402,70.03096771240234,153300,0.0,0.0
2017-01-24 00:00:00-05:00,70.3581568097726,71.89691476722152,70.3581568097726,71.11869049072266,279300,0.0,0.0
2017-01-25 00:00:00-05:00,71.50135446299434,71.50135446299434,69.8461887446656,70.61148071289062,159200,0.5,0.0
2017-01-26 00:00:00-05:00,70.63816081996816,71.5102398968946,69.72159213851471,71.12759399414062,135800,0.0,0.0
2017-01-27 00:00:00-05:00,71.15428119707995,71.96406930620309,70.5669682426221,70.84282684326172,71200,0.0,0.0
2017-01-30 00:00:00-05:00,70.51359595179116,71.61704431978954,69.68601307039143,71.08311462402344,148700,0.0,0.0
2017-01-31 00:00:00-05:00,70.9852208804478,70.9852208804478,68.68935193244478,69.81948852539062,151100,0.0,0.0
2017-02-01 00:00:00-05:00,70.39790005537807,71.16319188381944,69.57921798422576,70.28221893310547,101900,0.0,0.0
2017-02-02 00:00:00-05:00,70.46020976630761,71.55475755879024,70.46020976630761,70.68267822265625,129900,0.0,0.0
2017-02-03 00:00:00-05:00,70.92293816943811,71.15430725523332,69.59702812663915,70.64707946777344,89600,0.0,0.0
2017-02-06 00:00:00-05:00,70.52247141584566,71.17208202622825,69.98854869987397,70.30000305175781,81600,0.0,0.0
2017-02-07 00:00:00-05:00,70.30001492602428,70.80724261025178,69.73049636089857,70.18433380126953,105900,0.0,0.0
2017-02-08 00:00:00-05:00,70.01525639451552,71.13649905190796,69.55252510133596,70.57587432861328,71500,0.0,0.0
2017-02-09 00:00:00-05:00,70.78055433910251,72.85396167270716,70.52249015349014,72.76496887207031,193300,0.0,0.0
2017-02-10 00:00:00-05:00,73.18321856186029,73.74384339444212,72.4980187310581,73.56586456298828,170300,0.0,0.0
2017-02-13 00:00:00-05:00,73.75272572144944,75.06084107417095,73.68154098918758,74.71379089355469,137700,0.0,0.0
2017-02-14 00:00:00-05:00,74.58030327595601,74.96294919055997,72.56919385426703,73.6904296875,147200,0.0,0.0
2017-02-15 00:00:00-05:00,73.47688001908169,73.69044783192177,72.67599223443344,73.20991516113281,154000,0.0,0.0
2017-02-16 00:00:00-05:00,73.08531800948556,73.73492873971439,72.21324566332281,73.1832046508789,143900,0.0,0.0
2017-02-17 00:00:00-05:00,72.97853877051011,73.6281427226722,72.57809156089517,73.03192901611328,187900,0.0,0.0
2017-02-21 00:00:00-05:00,73.20099829435208,74.19765230035551,73.17430317479074,73.41456604003906,139700,0.0,0.0
2017-02-22 00:00:00-05:00,74.30444565154632,76.85838532942887,71.21658317113273,73.25439453125,449900,0.0,0.0
2017-02-23 00:00:00-05:00,72.45350743053655,72.45350743053655,66.34897394523408,67.65708923339844,458400,0.0,0.0
2017-02-24 00:00:00-05:00,67.23886461465135,69.31227227389178,67.07868705322508,68.38680267333984,231900,0.0,0.0
2017-02-27 00:00:00-05:00,68.38678885561377,70.70045899491134,68.08423507249512,70.35340881347656,273700,0.0,0.0
2017-02-28 00:00:00-05:00,70.38900557820236,71.06531146490947,69.66821008174176,70.14874267578125,157000,0.0,0.0
2017-03-01 00:00:00-05:00,71.35006055506189,72.69377149854216,71.35006055506189,72.25772857666016,139600,0.0,0.0
2017-03-02 00:00:00-05:00,72.01747830974979,72.79167086745558,71.13650525387595,71.16320037841797,176700,0.0,0.0
2017-03-03 00:00:00-05:00,71.36787800344631,73.04084513845798,70.30893276903195,70.91404724121094,80800,0.0,0.0
2017-03-06 00:00:00-05:00,70.44241333007812,70.71827203578242,69.84619272375197,70.44241333007812,106500,0.0,0.0
2017-03-07 00:00:00-05:00,70.34452446839967,70.44241112656144,68.62706781501328,68.68045806884766,139600,0.0,0.0
2017-03-08 00:00:00-05:00,68.77834397058918,69.98857283164459,67.3367460301325,67.54141998291016,150700,0.0,0.0
2017-03-09 00:00:00-05:00,67.54140257028281,68.65374448748379,66.3489685046613,66.58033752441406,310900,0.0,0.0
2017-03-10 00:00:00-05:00,67.06088543342267,67.96855365886263,66.61594856445845,67.06978607177734,220700,0.0,0.0
2017-03-13 00:00:00-04:00,67.15877399317648,68.56477616840235,67.14097271596206,67.54141998291016,154800,0.0,0.0
2017-03-14 00:00:00-04:00,67.18546174952763,68.36009471649453,66.74052491674931,67.826171875,142000,0.0,0.0
2017-03-15 00:00:00-04:00,68.37787776229439,70.6648592177708,68.37787776229439,70.52247619628906,211400,0.0,0.0
2017-03-16 00:00:00-04:00,70.91404130798666,71.43016292318129,68.6092647651706,68.7249526977539,139700,0.0,0.0
2017-03-17 00:00:00-04:00,68.67155078183225,70.16653884724339,68.67155078183225,69.84618377685547,482200,0.0,0.0
2017-03-20 00:00:00-04:00,69.84618144622242,72.14205711099437,69.57922342260532,71.61703491210938,209200,0.0,0.0
2017-03-21 00:00:00-04:00,71.85728989575618,71.93737525725913,69.00969722237694,69.0630874633789,225900,0.0,0.0
2017-03-22 00:00:00-04:00,69.09870198989584,70.86064831352716,68.92962379520054,70.44241333007812,140200,0.0,0.0
2017-03-23 00:00:00-04:00,70.61149218142253,72.40014061061397,70.61149218142253,72.09757995605469,194900,0.0,0.0
2017-03-24 00:00:00-04:00,72.39120949958313,73.04971400345752,70.9496187421607,71.03860473632812,159700,0.0,0.0
2017-03-27 00:00:00-04:00,70.03306692983223,70.70047229494193,69.30337066888022,70.34452819824219,247900,0.0,0.0
2017-03-28 00:00:00-04:00,70.3445158402702,71.02971557416112,69.7482953257241,70.1220474243164,264100,0.0,0.0
2017-03-29 00:00:00-04:00,70.12205523607356,70.64707749739853,69.32116749157971,69.42794799804688,176800,0.0,0.0
2017-03-30 00:00:00-04:00,69.65930708174702,71.09200417764862,69.51693083048815,70.47798919677734,165700,0.0,0.0
2017-03-31 00:00:00-04:00,70.38011164712144,71.4657587086775,70.08645846933493,71.10091400146484,152200,0.0,0.0
2017-04-03 00:00:00-04:00,71.09202226370675,71.86621496744972,69.31227454041617,69.94408416748047,136500,0.0,0.0
2017-04-04 00:00:00-04:00,69.87286839466525,71.23438063368708,69.87286839466525,70.06864166259766,122100,0.0,0.0
2017-04-05 00:00:00-04:00,70.58478498605746,71.10091338613341,69.11649195304035,69.26776885986328,108300,0.0,0.0
2017-04-06 00:00:00-04:00,69.33895466977243,70.49579315532986,69.04529472954977,69.97076416015625,88300,0.0,0.0
2017-04-07 00:00:00-04:00,69.54364195973663,70.93184297771079,69.41015952588559,70.50470733642578,112900,0.0,0.0
2017-04-10 00:00:00-04:00,70.56699420960545,71.5191588926214,70.24663910231054,70.67377471923828,76100,0.0,0.0
2017-04-11 00:00:00-04:00,70.50468449686873,72.24883584370573,69.81947806002779,71.848388671875,99900,0.0,0.0
2017-04-12 00:00:00-04:00,72.01747614648606,72.3022354483764,69.89067862535576,70.1754379272461,190900,0.0,0.0
2017-04-13 00:00:00-04:00,70.16654120981538,72.03527465720191,68.42238953964144,68.53807067871094,128400,0.0,0.0
2017-04-17 00:00:00-04:00,68.78723072121186,69.69489878914831,68.28000305017747,69.0452880859375,113300,0.0,0.0
2017-04-18 00:00:00-04:00,69.40125450604111,70.92293786182071,69.08089940069824,70.33562469482422,202200,0.0,0.0
2017-04-19 00:00:00-04:00,70.83393726492041,70.83393726492041,69.14317606558302,69.3834457397461,206000,0.0,0.0
2017-04-20 00:00:00-04:00,74.3667358592405,77.23212991357711,72.53359843109583,74.4646224975586,638100,0.0,0.0
2017-04-21 00:00:00-04:00,74.83839062280266,76.53805296227239,74.04640342678552,74.17988586425781,218300,0.0,0.0
2017-04-24 00:00:00-04:00,75.45239220837556,75.66595999644943,74.22436894045381,74.65150451660156,177000,0.0,0.0
2017-04-25 00:00:00-04:00,75.06329055228417,76.37924917780408,74.32026527217502,75.05433654785156,285200,0.5,0.0
2017-04-26 00:00:00-04:00,74.80369352152961,77.38190090411537,74.55303598820167,76.98800659179688,198000,0.0,0.0
2017-04-27 00:00:00-04:00,77.29236203070853,77.51616433934029,74.75892508772445,75.69889068603516,203400,0.0,0.0
2017-04-28 00:00:00-04:00,76.0032639465726,76.42401337166446,75.47508695659423,75.56461334228516,101400,0.0,0.0
2017-05-01 00:00:00-04:00,75.76157053956882,76.99696390678207,74.92902550814912,75.21549224853516,121800,0.0,0.0
2017-05-02 00:00:00-04:00,75.26920056284024,75.65414084004661,74.13228091229594,74.59779357910156,116600,0.0,0.0
2017-05-03 00:00:00-04:00,74.17704584806194,74.9827356134094,72.59252150456105,73.07593536376953,137900,0.0,0.0
2017-05-04 00:00:00-04:00,72.91478894599133,73.64886024033257,71.95691534447407,72.995361328125,116700,0.0,0.0
2017-05-05 00:00:00-04:00,72.87002874450587,73.79209310872223,72.7178448228186,73.38925170898438,82600,0.0,0.0
2017-05-08 00:00:00-04:00,73.09382928869238,73.52352586079742,72.73574425866892,73.48771667480469,89200,0.0,0.0
2017-05-09 00:00:00-04:00,73.36239873639695,74.40979879860703,72.94165610634037,73.5235366821289,124000,0.0,0.0
2017-05-10 00:00:00-04:00,73.73839656139074,74.05171846766801,72.9774631505534,73.12965393066406,67500,0.0,0.0
2017-05-11 00:00:00-04:00,73.00432703309222,73.05803740985316,71.74207853996636,72.42243957519531,108200,0.0,0.0
2017-05-12 00:00:00-04:00,72.14491724847271,73.07593577928978,71.97483211864153,72.92375183105469,127000,0.0,0.0
2017-05-15 00:00:00-04:00,73.45192303417471,74.25760590994616,72.95060120069584,73.21021270751953,121000,0.0,0.0
2017-05-16 00:00:00-04:00,73.28182414843239,74.19493450846007,72.74470000548058,73.38925170898438,126400,0.0,0.0
2017-05-17 00:00:00-04:00,72.35975556748467,73.39819460602308,71.54511198138924,71.97481536865234,153100,0.0,0.0
2017-05-18 00:00:00-04:00,71.48246648915254,72.69099776693389,70.02327768174608,72.0643539428711,153900,0.0,0.0
2017-05-19 00:00:00-04:00,72.27025842505627,73.39821736023156,71.76893651285037,72.30606079101562,110200,0.0,0.0
2017-05-22 00:00:00-04:00,72.71785362371136,73.46982614887278,71.83159150917915,72.32395935058594,87400,0.0,0.0
2017-05-23 00:00:00-04:00,72.42243238604051,74.45455445400397,71.9211105430497,73.95323944091797,120400,0.0,0.0
2017-05-24 00:00:00-04:00,74.18599661780442,75.80632325361604,73.07593217623274,74.03380584716797,133000,0.0,0.0
2017-05-25 00:00:00-04:00,74.2486489267948,75.17966726037982,73.496669690863,74.37397766113281,87900,0.0,0.0
2017-05-26 00:00:00-04:00,74.41874777132125,74.87530643357249,73.6578212208392,74.8036880493164,82500,0.0,0.0
2017-05-30 00:00:00-04:00,74.52616893711192,74.90215517725723,73.89952520353643,74.34712982177734,125100,0.0,0.0
2017-05-31 00:00:00-04:00,74.6156940798189,74.6156940798189,72.52090758800925,73.72943878173828,93600,0.0,0.0
2017-06-01 00:00:00-04:00,73.79210667998272,75.50195297966286,72.72680537244194,75.29605865478516,153600,0.0,0.0
2017-06-02 00:00:00-04:00,75.09911490363946,76.59411294024652,75.09911490363946,76.04803466796875,107000,0.0,0.0
2017-06-05 00:00:00-04:00,76.01221523257435,76.98798996658762,75.39451870890103,76.06592559814453,100900,0.0,0.0
2017-06-06 00:00:00-04:00,75.89583491324838,76.37924870102817,75.51089468389989,75.99430847167969,134400,0.0,0.0
2017-06-07 00:00:00-04:00,76.28975108124104,76.86268458780104,74.96483807862968,75.58253479003906,141500,0.0,0.0
2017-06-08 00:00:00-04:00,75.64517432416794,78.01747997368771,75.64517432416794,77.43559265136719,137900,0.0,0.0
2017-06-09 00:00:00-04:00,77.85634412228119,79.10963835064322,76.96113493486602,78.53670501708984,171200,0.0,0.0
2017-06-12 00:00:00-04:00,78.39345890693576,79.49456908111868,77.96375554313423,78.63516235351562,150200,0.0,0.0
2017-06-13 00:00:00-04:00,78.98431812423587,79.64677108195339,78.28604914566868,78.9216537475586,128100,0.0,0.0
2017-06-14 00:00:00-04:00,79.23497846594096,79.23497846594096,77.03276436832499,77.81159210205078,153300,0.0,0.0
2017-06-15 00:00:00-04:00,76.94323854352552,77.80264550351588,75.79737170341187,76.48668670654297,142600,0.0,0.0
2017-06-16 00:00:00-04:00,76.14649796937891,77.18494399614299,75.83317609230517,76.67467498779297,331000,0.0,0.0
2017-06-19 00:00:00-04:00,77.11333783779244,77.74893569771119,76.70154232981292,77.1491470336914,141300,0.0,0.0
2017-06-20 00:00:00-04:00,76.76419521595389,77.12228029139702,75.43928248578577,75.5556640625,105900,0.0,0.0
2017-06-21 00:00:00-04:00,76.00327108082989,76.77315162668954,75.37662047169265,75.89584350585938,148100,0.0,0.0
2017-06-22 00:00:00-04:00,76.15545641604022,76.30764036093694,74.99168157057159,75.64518737792969,137700,0.0,0.0
2017-06-23 00:00:00-04:00,76.0032670809531,76.86266714577413,75.47509006919265,76.4687728881836,418700,0.0,0.0
2017-06-26 00:00:00-04:00,76.80000762406297,77.2207570930933,76.12860064069247,76.58515930175781,66800,0.0,0.0
2017-06-27 00:00:00-04:00,76.89848327636719,77.65045583974405,76.72839131707256,76.89848327636719,95000,0.0,0.0
2017-06-28 00:00:00-04:00,77.48036375935995,79.64676851748271,76.75523961840793,77.46245574951172,121200,0.0,0.0
2017-06-29 00:00:00-04:00,77.58777735407743,78.57250607800756,77.20283713664337,77.99957275390625,105300,0.0,0.0
2017-06-30 00:00:00-04:00,78.57252000347444,79.53934772046098,77.94587620352306,79.24392700195312,158400,0.0,0.0
2017-07-03 00:00:00-04:00,79.32448827911323,80.75682164253486,79.31553427468127,80.6583480834961,84600,0.0,0.0
2017-07-05 00:00:00-04:00,80.64940598586954,81.14177385375484,79.53934831907064,81.10596466064453,123700,0.0,0.0
2017-07-06 00:00:00-04:00,80.92691706172123,81.3655676791147,80.46140442987532,81.025390625,232500,0.0,0.0
2017-07-07 00:00:00-04:00,81.39242831342646,81.75946740656931,80.39874543919211,81.5804214477539,97000,0.0,0.0
2017-07-10 00:00:00-04:00,81.42823262387977,82.39506025381044,80.72101649623998,81.0791015625,152900,0.0,0.0
2017-07-11 00:00:00-04:00,81.34767012987865,82.15335302189187,80.4882700364677,81.59832763671875,104400,0.0,0.0
2017-07-12 00:00:00-04:00,82.30554463070658,82.6278205227619,80.8463491111492,80.98958587646484,186700,0.0,0.0
2017-07-13 00:00:00-04:00,81.50880510183588,82.76209259033203,81.13281202538246,82.76209259033203,134700,0.0,0.0
2017-07-14 00:00:00-04:00,82.85162146920317,83.89901468602356,82.85162146920317,83.22760772705078,93900,0.0,0.0
2017-07-17 00:00:00-04:00,83.82740846837793,84.21234878724215,83.08438302012046,83.19181060791016,163400,0.0,0.0
2017-07-18 00:00:00-04:00,83.2007378632526,83.91690106186896,82.40400229222355,83.28130340576172,169500,0.0,0.0
2017-07-19 00:00:00-04:00,84.32870027914747,85.04487034029042,83.55881985388517,83.67520141601562,277300,0.0,0.0
2017-07-20 00:00:00-04:00,84.56144831237725,88.30342251497859,83.61252887948467,85.94007110595703,525600,0.0,0.0
2017-07-21 00:00:00-04:00,87.38137476035944,87.38137476035944,85.39400914800699,85.84161376953125,157200,0.0,0.0
2017-07-24 00:00:00-04:00,85.45667618767196,87.71260737527527,85.45667618767196,87.50670623779297,232900,0.0,0.0
2017-07-25 00:00:00-04:00,87.51571407729404,88.82943872898436,86.94882814288607,87.70467376708984,137900,0.5,0.0
2017-07-26 00:00:00-04:00,87.56068769815184,87.56068769815184,86.13899021251422,86.47191619873047,116900,0.0,0.0
2017-07-27 00:00:00-04:00,86.66987927784066,87.12878525498542,84.90624883168057,87.02080535888672,116600,0.0,0.0
2017-07-28 00:00:00-04:00,86.82283857357676,86.97581179683947,84.75327555464344,84.93323516845703,141100,0.0,0.0
2017-07-31 00:00:00-04:00,85.4641384017786,87.77665474046066,85.1941920822356,87.5427017211914,172400,0.0,0.0
2017-08-01 00:00:00-04:00,87.64168260892808,87.64168260892808,86.12999830479593,87.06580352783203,100800,0.0,0.0
2017-08-02 00:00:00-04:00,86.5798880621336,87.27274009205608,85.99500904907137,86.7508544921875,63400,0.0,0.0
2017-08-03 00:00:00-04:00,86.75985675941911,87.12878291240573,85.86004491118197,87.03880310058594,95300,0.0,0.0
2017-08-04 00:00:00-04:00,87.04779769710527,87.77664997428747,85.81505983851139,87.07479095458984,92200,0.0,0.0
2017-08-07 00:00:00-04:00,84.59132016179205,86.99381633037376,84.59132016179205,86.1030044555664,105000,0.0,0.0
2017-08-08 00:00:00-04:00,85.65309929148172,87.67767612164266,85.56311260701399,86.21997833251953,125800,0.0,0.0
2017-08-09 00:00:00-04:00,86.27396849787253,87.74965956725265,86.27396849787253,86.91283416748047,129100,0.0,0.0
2017-08-10 00:00:00-04:00,86.81385687415694,87.62368210838663,86.0220179926593,86.30096435546875,94000,0.0,0.0
2017-08-11 00:00:00-04:00,86.37293605953643,87.06579501641677,85.25717130711577,85.90503692626953,150200,0.0,0.0
2017-08-14 00:00:00-04:00,86.18398670479385,86.73287253860552,85.30217484606122,85.91404724121094,115200,0.0,0.0
2017-08-15 00:00:00-04:00,85.82404435083176,86.48090996506808,84.71727971556791,84.7532730102539,92400,0.0,0.0
2017-08-16 00:00:00-04:00,85.25718303919922,86.74187414322894,85.19419647672622,85.7790756225586,110000,0.0,0.0
2017-08-17 00:00:00-04:00,85.29316115546582,85.91403349288646,84.43833582836187,84.56431579589844,86400,0.0,0.0
2017-08-18 00:00:00-04:00,84.16840811844429,85.6530991647021,83.72750219828971,85.23018646240234,141200,0.0,0.0
2017-08-21 00:00:00-04:00,85.1672037988667,86.06701576321812,84.86126416117656,85.32917022705078,118800,0.0,0.0
2017-08-22 00:00:00-04:00,85.78805314423695,87.21875746649836,85.66208004227924,86.59788513183594,76600,0.0,0.0
2017-08-23 00:00:00-04:00,86.3549694801983,87.80366752960519,85.49115067654937,87.416748046875,81600,0.0,0.0
2017-08-24 00:00:00-04:00,87.86662180079617,88.01058811596778,86.9308167246139,87.72264862060547,141000,0.0,0.0
2017-08-25 00:00:00-04:00,88.06458430133108,88.06458430133108,85.50011515124591,86.4629135131836,88600,0.0,0.0
2017-08-28 00:00:00-04:00,86.78685582281075,86.95782228222033,86.00402385608277,86.35494995117188,72500,0.0,0.0
2017-08-29 00:00:00-04:00,86.08499965682924,87.13777789347441,85.68908710361535,86.67887878417969,124800,0.0,0.0
2017-08-30 00:00:00-04:00,86.67889188467797,87.23677093284797,86.49892536509024,87.0118179321289,70200,0.0,0.0
2017-08-31 00:00:00-04:00,87.45272256864438,87.58768886442306,86.489924090309,86.66988372802734,83800,0.0,0.0
2017-09-01 00:00:00-04:00,86.93983318703337,88.5864838401374,86.8858398017533,88.43351745605469,86300,0.0,0.0
2017-09-05 00:00:00-04:00,88.35255382904333,89.7112651808064,87.47973497849333,88.74846649169922,176300,0.0,0.0
2017-09-06 00:00:00-04:00,89.25232592564869,89.65723845011186,87.95659486333682,88.09156799316406,155600,0.0,0.0
2017-09-07 00:00:00-04:00,88.21756548043112,89.03639079513223,87.23676687312839,89.00040435791016,166800,0.0,0.0
2017-09-08 00:00:00-04:00,88.46949217838598,88.71243833355375,86.76884849715478,87.29074096679688,109400,0.0,0.0
2017-09-11 00:00:00-04:00,87.7496366693096,88.33451566534909,87.33572409834807,87.53368377685547,86900,0.0,0.0
2017-09-12 00:00:00-04:00,87.79464604397252,87.79464604397252,86.92182741016894,87.28175354003906,78400,0.0,0.0
2017-09-13 00:00:00-04:00,86.83185050581797,87.23676312486295,86.08500496267087,87.06580352783203,118900,0.0,0.0
2017-09-14 00:00:00-04:00,86.84085468459452,86.93083450811139,85.80606955159925,86.31896209716797,109200,0.0,0.0
2017-09-15 00:00:00-04:00,86.46292877911378,86.8948415447085,85.05022426282389,86.71488189697266,269600,0.0,0.0
2017-09-18 00:00:00-04:00,87.17378273624901,88.56849406062088,87.10180299478141,88.55949401855469,114300,0.0,0.0
2017-09-19 00:00:00-04:00,88.8834100650198,91.61883880881409,88.56847730249828,91.37589263916016,193000,0.0,0.0
2017-09-20 00:00:00-04:00,92.63562471403206,92.7256113886217,90.62004814657757,91.69082641601562,148900,0.0,0.0
2017-09-21 00:00:00-04:00,91.10596168712568,91.92479387256056,90.27813632483277,90.95299530029297,71900,0.0,0.0
2017-09-22 00:00:00-04:00,90.44910229459033,92.35670627085486,90.25114941447751,92.22173309326172,142100,0.0,0.0
2017-09-25 00:00:00-04:00,92.23072213655031,93.10354080053845,90.62905801150906,92.71662139892578,143600,0.0,0.0
2017-09-26 00:00:00-04:00,92.52766349045407,92.52766349045407,90.17915377651613,90.3231201171875,107900,0.0,0.0
2017-09-27 00:00:00-04:00,91.006970595339,92.8335875651919,90.15215207787728,92.46466827392578,92700,0.0,0.0
2017-09-28 00:00:00-04:00,92.3207137377714,93.01357285153307,91.56487492096346,92.59066009521484,82100,0.0,0.0
2017-09-29 00:00:00-04:00,92.2217157656367,93.59842681536897,91.84379643140034,92.80659484863281,110300,0.0,0.0
2017-10-02 00:00:00-04:00,92.58166127584526,94.81319818046775,92.58166127584526,94.66022491455078,91700,0.0,0.0
2017-10-03 00:00:00-04:00,94.66020566743072,95.03813186900582,93.454461060796,94.98413848876953,86300,0.0,0.0
2017-10-04 00:00:00-04:00,94.97515380889689,95.56902612446297,93.9043753945173,94.30928802490234,92400,0.0,0.0
2017-10-05 00:00:00-04:00,94.57022451081112,95.7669759245954,94.11131854292772,94.52523803710938,67000,0.0,0.0
2017-10-06 00:00:00-04:00,93.88637022650087,95.5960142072416,93.88637022650087,95.53302764892578,58200,0.0,0.0
2017-10-09 00:00:00-04:00,95.41603306916505,95.41603306916505,93.95833565021516,94.18328857421875,71300,0.0,0.0
2017-10-10 00:00:00-04:00,94.83117046627581,95.48803613838173,94.05733172489937,94.49823760986328,56300,0.0,0.0
2017-10-11 00:00:00-04:00,94.78617162288666,95.856949860632,94.57021871330599,94.95713806152344,114700,0.0,0.0
2017-10-12 00:00:00-04:00,94.96615250346089,96.09091742291866,92.83359574476167,95.63201141357422,86700,0.0,0.0
2017-10-13 00:00:00-04:00,96.27088709344972,98.07051115206558,95.1461220568148,95.86597442626953,115400,0.0,0.0
2017-10-16 00:00:00-04:00,96.63979367010609,97.37763910950552,94.8131767204355,94.9481430053711,70500,0.0,0.0
2017-10-17 00:00:00-04:00,91.88878905240693,93.42746649979054,91.87978901165648,93.05854034423828,152600,0.0,0.0
2017-10-18 00:00:00-04:00,92.59063980754526,94.92114918041617,92.21272048194774,93.81438446044922,151700,0.0,0.0
2017-10-19 00:00:00-04:00,82.3327925140507,90.20614698943805,82.3327925140507,89.9542007446289,446900,0.0,0.0
2017-10-20 00:00:00-04:00,90.09816052088654,92.09574398064885,89.71124114025672,89.8462142944336,206400,0.0,0.0
2017-10-23 00:00:00-04:00,89.89120035521917,89.89120035521917,88.49648931669462,89.4502944946289,107800,0.0,0.0
2017-10-24 00:00:00-04:00,88.93482459492428,89.6583158877145,88.03046392879868,88.91674041748047,216000,0.5,0.0
2017-10-25 00:00:00-04:00,88.41932925254945,88.41932925254945,86.6015694878175,87.9942855834961,218000,0.0,0.0
2017-10-26 00:00:00-04:00,87.985214247082,89.7396754336452,86.54727778497053,89.65827941894531,156200,0.0,0.0
2017-10-27 00:00:00-04:00,89.53168382473031,90.24612940240952,89.00715311204594,89.73064422607422,147900,0.0,0.0
2017-10-30 00:00:00-04:00,89.72160457341309,90.42700466100136,89.08855498191672,89.39603424072266,166100,0.0,0.0
2017-10-31 00:00:00-04:00,89.35083396619015,90.19188963713721,88.67256348638524,89.69448852539062,138000,0.0,0.0
2017-11-01 00:00:00-04:00,90.58979522134756,91.1505012498613,88.53689979549654,88.75394439697266,116600,0.0,0.0
2017-11-02 00:00:00-04:00,88.69063003275906,90.25517666437617,88.69063003275906,88.77202606201172,121500,0.0,0.0
2017-11-03 00:00:00-04:00,88.98002616336615,89.66734205304505,88.02140627230129,88.57306671142578,204700,0.0,0.0
2017-11-06 00:00:00-05:00,88.85341258285638,89.72159777096643,88.16609672153996,88.38314819335938,89700,0.0,0.0
2017-11-07 00:00:00-05:00,88.05759258469034,88.62733726894733,86.75531113527585,87.72297668457031,124100,0.0,0.0
2017-11-08 00:00:00-05:00,87.37932442256336,87.95811465966374,85.91425775380834,86.79148864746094,121200,0.0,0.0
2017-11-09 00:00:00-05:00,85.84189693576057,87.02661388162954,84.44918093890202,85.36258697509766,118100,0.0,0.0
2017-11-10 00:00:00-05:00,85.59773025446532,86.82766119492021,84.69336967470282,84.95563507080078,105500,0.0,0.0
2017-11-13 00:00:00-05:00,84.80187796509664,86.06798399899624,84.39491851478591,85.48014831542969,109300,0.0,0.0
2017-11-14 00:00:00-05:00,84.7656980406673,86.14936826240611,84.00603176419544,84.60291290283203,98300,0.0,0.0
2017-11-15 00:00:00-05:00,83.87942498396596,84.39491012297289,82.23348937347703,82.45957946777344,286700,0.0,0.0
2017-11-16 00:00:00-05:00,83.1559400941907,86.50207787796222,83.03837572033086,84.05126190185547,355400,0.0,0.0
2017-11-17 00:00:00-05:00,83.90656657254965,86.68295304765871,83.90656657254965,86.02277374267578,123100,0.0,0.0
2017-11-20 00:00:00-05:00,86.02279037378558,87.43359082680965,85.4801684459538,87.42454528808594,197900,0.0,0.0
2017-11-21 00:00:00-05:00,87.84054306864505,89.31465527043197,87.73202421188203,88.21133422851562,212300,0.0,0.0
2017-11-22 00:00:00-05:00,88.58210739928803,89.25133913092515,87.66870827050084,87.7681884765625,91600,0.0,0.0
2017-11-24 00:00:00-05:00,87.8134030186728,88.55497835140547,86.09511669169036,86.24886322021484,52600,0.0,0.0
2017-11-27 00:00:00-05:00,86.15843630133801,87.00853752233871,85.6067826512287,85.71530151367188,98000,0.0,0.0
2017-11-28 00:00:00-05:00,85.66103406073141,86.96331548589123,85.04606859881967,86.85478973388672,135900,0.0,0.0
2017-11-29 00:00:00-05:00,86.58346944664312,87.80435470092733,86.27599019877837,86.5201644897461,112800,0.0,0.0
2017-11-30 00:00:00-05:00,87.24366680588135,87.92193724515205,86.60157161800527,87.59636688232422,94400,0.0,0.0
2017-12-01 00:00:00-05:00,88.00333130478013,88.35603140093652,85.38972961801919,88.0937728881836,115000,0.0,0.0
2017-12-04 00:00:00-05:00,88.6635127996307,90.0471833941311,86.77339558447144,89.04334259033203,110200,0.0,0.0
2017-12-05 00:00:00-05:00,88.72681843333362,89.07951851303169,87.81341230142964,88.81725311279297,134500,0.0,0.0
2017-12-06 00:00:00-05:00,88.53689865197535,89.79395925636237,88.00332234307223,89.4864730834961,198000,0.0,0.0
2017-12-07 00:00:00-05:00,89.47743272263543,90.08335261961135,88.22941077992434,89.9115219116211,236100,0.0,0.0
2017-12-08 00:00:00-05:00,90.30040067526907,91.33137116328062,89.1337747231037,90.58075714111328,170900,0.0,0.0
2017-12-11 00:00:00-05:00,90.59884617322999,91.49416124508319,90.11953615395225,90.85206604003906,97200,0.0,0.0
2017-12-12 00:00:00-05:00,91.11431972324071,91.72928513483066,90.12857009715904,90.635009765625,103600,0.0,0.0
2017-12-13 00:00:00-05:00,90.58075277414555,93.09487390965803,90.18283193840463,90.39083099365234,206900,0.0,0.0
2017-12-14 00:00:00-05:00,90.59883958867569,90.59883958867569,89.08855913588314,89.4864730834961,117800,0.0,0.0
2017-12-15 00:00:00-05:00,89.91151698229264,90.62596258720768,89.54073277451715,90.17378234863281,276200,0.0,0.0
2017-12-18 00:00:00-05:00,90.52648795394543,92.85973978451875,89.05238276937189,91.73833465576172,145500,0.0,0.0
2017-12-19 00:00:00-05:00,91.90111294682984,94.13487749984675,91.53936738084738,93.21243286132812,221100,0.0,0.0
2017-12-20 00:00:00-05:00,93.20340564539846,94.26151284133681,92.39852522522962,93.50184631347656,107600,0.0,0.0
2017-12-21 00:00:00-05:00,93.42044105069921,94.14392530033929,92.30807461600509,93.98114013671875,114400,0.0,0.0
2017-12-22 00:00:00-05:00,94.28863237759434,95.52760190873636,93.42948571979187,94.6865463256836,73600,0.0,0.0
2017-12-26 00:00:00-05:00,94.76793775619403,96.00691412683611,94.76793775619403,95.86221313476562,62300,0.0,0.0
2017-12-27 00:00:00-05:00,95.87127283877632,96.49527698505214,95.3286578377749,96.06118774414062,54000,0.0,0.0
2017-12-28 00:00:00-05:00,96.41387853246736,98.12311941546862,96.41387853246736,98.059814453125,92300,0.0,0.0
2017-12-29 00:00:00-05:00,98.54816720098233,98.69286129666781,96.58570652388345,96.63092041015625,88000,0.0,0.0
2018-01-02 00:00:00-05:00,97.39058410578848,99.28973976907484,97.0017088161856,98.95512390136719,93000,0.0,0.0
2018-01-03 00:00:00-05:00,99.38923153530324,99.42540678734849,97.38154989499715,98.89183044433594,100100,0.0,0.0
2018-01-04 00:00:00-05:00,99.11792279185485,100.38402904260731,98.70191773369922,100.29359436035156,77500,0.0,0.0
2018-01-05 00:00:00-05:00,100.30262436161198,100.30262436161198,98.81946682351813,99.7871322631836,79400,0.0,0.0
2018-01-08 00:00:00-05:00,99.73287579320343,100.89045614035732,98.5210360234402,100.55584716796875,69500,0.0,0.0
2018-01-09 00:00:00-05:00,100.5739437307939,100.58298926891739,99.05461761307562,99.38018798828125,138300,0.0,0.0
2018-01-10 00:00:00-05:00,99.52486795856468,100.77288286652438,98.31302139600452,99.58817291259766,93100,0.0,0.0
2018-01-11 00:00:00-05:00,99.76001153186927,103.00666954204273,99.76001153186927,102.4278793334961,105800,0.0,0.0
2018-01-12 00:00:00-05:00,102.49118210261256,103.08805647376819,101.0532452498643,101.65917205810547,59900,0.0,0.0
2018-01-16 00:00:00-05:00,101.64108009200892,102.8348357235746,99.67861938476562,99.67861938476562,129400,0.0,0.0
2018-01-17 00:00:00-05:00,100.384020880874,103.44980258823094,99.53391975739476,102.5002212524414,132500,0.0,0.0
2018-01-18 00:00:00-05:00,102.14752663185368,103.31415262950047,100.94473228209777,102.89814758300781,87200,0.0,0.0
2018-01-19 00:00:00-05:00,102.7805784104506,104.31798859338444,102.7805784104506,103.44075775146484,73300,0.0,0.0
2018-01-22 00:00:00-05:00,104.05574089085381,105.02340657276227,102.40980467770883,104.99627685546875,79600,0.0,0.0
2018-01-23 00:00:00-05:00,104.60737289082638,104.90581349895515,102.65395788249478,103.91101837158203,95000,0.0,0.0
2018-01-24 00:00:00-05:00,104.77920779419719,105.68356829171333,103.70301659424162,104.00145721435547,206900,0.0,0.0
2018-01-25 00:00:00-05:00,103.95602528726663,105.53717266063354,102.3748779138997,103.22905731201172,227700,0.55,0.0
2018-01-26 00:00:00-05:00,103.73793827086782,104.35585204068184,102.91101202088646,103.0927505493164,78800,0.0,0.0
2018-01-29 00:00:00-05:00,102.73836264097291,103.98329313838008,102.29309836263992,102.37488555908203,92400,0.0,0.0
2018-01-30 00:00:00-05:00,101.86600855622956,103.42898501876107,100.2030738129863,100.35755920410156,133300,0.0,0.0
2018-01-31 00:00:00-05:00,100.98453699884196,101.46615720140589,99.35795175498718,100.17578887939453,158600,0.0,0.0
2018-02-01 00:00:00-05:00,99.56697381187378,101.64791258909867,99.33070817382328,99.95771789550781,168200,0.0,0.0
2018-02-02 00:00:00-05:00,98.93087338025191,99.00356462702275,96.6591072627628,96.88628387451172,119600,0.0,0.0
2018-02-05 00:00:00-05:00,95.82310347939446,98.51288098390985,94.1329087319737,94.73265838623047,100700,0.0,0.0
2018-02-06 00:00:00-05:00,92.5154072160322,97.24976728335014,91.79752824389111,96.16841125488281,152500,0.0,0.0
2018-02-07 00:00:00-05:00,95.79583697790217,98.11304131182622,95.23244338840499,95.45053100585938,77500,0.0,0.0
2018-02-08 00:00:00-05:00,95.6504559219014,96.1865894727867,92.92433619985994,92.93341827392578,98900,0.0,0.0
2018-02-09 00:00:00-05:00,93.814853933086,96.0593600211293,92.4790543141854,95.48687744140625,149800,0.0,0.0
2018-02-12 00:00:00-05:00,95.98667157054668,96.60459230952186,94.79626819381187,95.58684539794922,89800,0.0,0.0
2018-02-13 00:00:00-05:00,95.11431609603709,97.64960828701787,95.11431609603709,96.9953384399414,78800,0.0,0.0
2018-02-14 00:00:00-05:00,96.30472941708297,99.12171851679194,95.74132882398868,98.29479217529297,89800,0.0,0.0
2018-02-15 00:00:00-05:00,99.33070536932465,103.53802090445363,97.61325063769556,98.5492172241211,66100,0.0,0.0
2018-02-16 00:00:00-05:00,98.19482863411821,100.7119496871942,97.14073262984125,98.82183837890625,253400,0.0,0.0
2018-02-20 00:00:00-05:00,97.92223072304418,99.13989430847245,95.55959481532969,96.08663940429688,117600,0.0,0.0
2018-02-21 00:00:00-05:00,96.55916144695672,99.99407115015329,93.03337554104122,98.3129653930664,172400,0.0,0.0
2018-02-22 00:00:00-05:00,91.77936495801808,98.16757113246867,91.77936495801808,94.1329116821289,178500,0.0,0.0
2018-02-23 00:00:00-05:00,95.38693424657318,96.50463949780637,94.16926378042892,95.43236541748047,107900,0.0,0.0
2018-02-26 00:00:00-05:00,96.51372761845892,96.76816435842223,94.09657165592625,95.59593200683594,123800,0.0,0.0
2018-02-27 00:00:00-05:00,94.97800694166246,96.2592865236445,94.13290956051368,95.10523223876953,192500,0.0,0.0
2018-02-28 00:00:00-05:00,94.84168898496756,95.1960839245478,90.8888106186225,91.20686340332031,163200,0.0,0.0
2018-03-01 00:00:00-05:00,91.77026471741692,93.86029237733831,91.0433036991383,92.5154037475586,113600,0.0,0.0
2018-03-02 00:00:00-05:00,92.260968663523,93.46954995705875,90.73434148560425,91.73391723632812,130600,0.0,0.0
2018-03-05 00:00:00-05:00,91.10690662406037,93.71488958418263,90.93425018760806,92.37909698486328,92400,0.0,0.0
2018-03-06 00:00:00-05:00,93.3605113089739,94.94166573665474,92.86980892792269,94.85987854003906,108900,0.0,0.0
2018-03-07 00:00:00-05:00,93.78760196307147,95.79584260169052,93.78760196307147,94.81443786621094,127000,0.0,0.0
2018-03-08 00:00:00-05:00,94.53273167591229,95.35965788011987,92.76983892962717,95.22335052490234,157600,0.0,0.0
2018-03-09 00:00:00-05:00,95.69587617828977,97.79499283925007,94.95073714988486,97.33155059814453,215500,0.0,0.0
2018-03-12 00:00:00-04:00,97.06803858879152,98.68553522509944,96.96808030831127,97.17708587646484,89400,0.0,0.0
2018-03-13 00:00:00-04:00,97.54964001409682,100.10310995748097,97.16798495336506,97.45877075195312,115400,0.0,0.0
2018-03-14 00:00:00-04:00,98.503792627663,101.76604585482023,95.1597522048939,95.58684539794922,89300,0.0,0.0
2018-03-15 00:00:00-04:00,95.43236162173716,96.05028237112533,93.71490674663552,93.89665222167969,80400,0.0,0.0
2018-03-16 00:00:00-04:00,94.06022250131059,96.40468027014397,94.06022250131059,96.13207244873047,262900,0.0,0.0
2018-03-19 00:00:00-04:00,95.4959596896507,96.0866202822533,94.26012526759874,95.85944366455078,85200,0.0,0.0
2018-03-20 00:00:00-04:00,95.59590737012458,96.1774788924115,93.85119280326383,94.05110931396484,70000,0.0,0.0
2018-03-21 00:00:00-04:00,94.31464202264424,96.23201316126513,93.12423880750346,95.1233901977539,61700,0.0,0.0
2018-03-22 00:00:00-04:00,94.31466143707414,95.15975887560694,92.43363900071162,92.4881591796875,166400,0.0,0.0
2018-03-23 00:00:00-04:00,92.43363402959281,93.1242529686313,90.68891906738281,90.68891906738281,117300,0.0,0.0
2018-03-26 00:00:00-04:00,92.4154673788419,93.96936191596188,90.67984121019109,91.8520736694336,125900,0.0,0.0
2018-03-27 00:00:00-04:00,91.87022720839731,91.87022720839731,90.21638162970015,90.3890380859375,96900,0.0,0.0
2018-03-28 00:00:00-04:00,90.37087764277365,90.37087764277365,88.7079496673079,90.00740051269531,146600,0.0,0.0
2018-03-29 00:00:00-04:00,90.41628622402821,93.16966548922784,90.00737111978495,91.6884765625,118000,0.0,0.0
2018-04-02 00:00:00-04:00,91.8520662932518,92.74259489339441,89.47125246649918,89.92560577392578,88100,0.0,0.0
2018-04-03 00:00:00-04:00,90.18003815093283,92.31549720587748,90.18003815093283,90.74343872070312,101000,0.0,0.0
2018-04-04 00:00:00-04:00,89.38037025281304,91.15234512211168,89.08958445546966,90.93425750732422,132900,0.0,0.0
2018-04-05 00:00:00-04:00,91.69757000659177,94.8053443613462,91.69757000659177,94.18742370605469,96600,0.0,0.0
2018-04-06 00:00:00-04:00,93.72399828148953,94.71449208177265,91.07057667020678,92.04289245605469,71700,0.0,0.0
2018-04-09 00:00:00-04:00,93.50590517790285,94.378262632057,90.6162180778819,92.96976470947266,107100,0.0,0.0
2018-04-10 00:00:00-04:00,94.24196253831987,97.09530076473877,93.95117669782117,96.28655242919922,129500,0.0,0.0
2018-04-11 00:00:00-04:00,96.90446312780719,97.57690401410441,95.41418498364546,95.75949096679688,80800,0.0,0.0
2018-04-12 00:00:00-04:00,96.17750038990913,96.45920414199007,95.38693010818507,95.76858520507812,78600,0.0,0.0
2018-04-13 00:00:00-04:00,96.53190214968355,97.11347380086592,94.57818163420485,94.94166564941406,62000,0.0,0.0
2018-04-16 00:00:00-04:00,95.78675237163294,97.86768408789237,95.4141793909904,97.33155059814453,69000,0.0,0.0
2018-04-17 00:00:00-04:00,97.69503672676895,99.38523135358936,96.9589797551663,97.8858642578125,142800,0.0,0.0
2018-04-18 00:00:00-04:00,98.74913273119653,100.05767229699832,97.7859060690815,97.8040771484375,94900,0.0,0.0
2018-04-19 00:00:00-04:00,98.24027758124348,99.00358784796917,96.64095191820849,97.74048614501953,96900,0.0,0.0
2018-04-20 00:00:00-04:00,97.50419611512292,97.95854929938189,95.85035080173552,95.95030212402344,117600,0.0,0.0
2018-04-23 00:00:00-04:00,95.30513358125391,96.4955437900918,92.72441049352408,92.7789306640625,122400,0.0,0.0
2018-04-24 00:00:00-04:00,93.36959203933893,95.86853489197331,90.02555187195298,90.77069091796875,198000,0.0,0.0
2018-04-25 00:00:00-04:00,90.72499906919889,93.21949859136744,90.68844873189883,92.12301635742188,161700,0.55,0.0
2018-04-26 00:00:00-04:00,92.54335138097522,98.48264631804528,88.04776365555817,91.59306335449219,231800,0.0,0.0
2018-04-27 00:00:00-04:00,90.94428998818891,92.30575687723126,87.18882839928357,92.04991149902344,134100,0.0,0.0
2018-04-30 00:00:00-04:00,91.47426336223525,92.6529855954291,89.51886563403383,90.0396957397461,175500,0.0,0.0
2018-05-01 00:00:00-04:00,89.78386189310375,90.73414986927284,87.49037847918859,89.28130340576172,192300,0.0,0.0
2018-05-02 00:00:00-04:00,89.40922382972133,91.63874583105743,89.40922382972133,90.77069091796875,124300,0.0,0.0
2018-05-03 00:00:00-04:00,90.75241610323872,92.35145686711967,90.53312103614624,91.8123550415039,110200,0.0,0.0
2018-05-04 00:00:00-04:00,91.50167235048403,93.28345768032241,91.50167235048403,91.80320739746094,99900,0.0,0.0
2018-05-07 00:00:00-04:00,92.34230634593864,93.19208247058742,91.6295922358326,91.74838256835938,84800,0.0,0.0
2018-05-08 00:00:00-04:00,91.74839785550452,92.88143055340127,91.05395531170628,91.75753021240234,88700,0.0,0.0
2018-05-09 00:00:00-04:00,91.76666638729878,95.08353132734649,91.76666638729878,94.74545288085938,153800,0.0,0.0
2018-05-10 00:00:00-04:00,94.7363124993365,96.4175862990178,94.7363124993365,95.69573974609375,72200,0.0,0.0
2018-05-11 00:00:00-04:00,96.08865653312313,97.20341063245283,95.93331583136921,96.70999145507812,82000,0.0,0.0
2018-05-14 00:00:00-04:00,97.24908311911526,98.81157341905566,95.33023574925495,95.70486450195312,96100,0.0,0.0
2018-05-15 00:00:00-04:00,94.48045874578538,96.52722879061518,94.48045874578538,95.40333557128906,88100,0.0,0.0
2018-05-16 00:00:00-04:00,96.22570524170939,97.13031049269587,95.83279779152483,96.30794525146484,125500,0.0,0.0
2018-05-17 00:00:00-04:00,96.28054419453562,97.60546107427541,96.28054419453562,97.33133697509766,76100,0.0,0.0
2018-05-18 00:00:00-04:00,97.66940090061519,97.76991258340203,96.81048541907805,97.48665618896484,111200,0.0,0.0
2018-05-21 00:00:00-04:00,97.66026735049938,100.02685124256469,97.66026735049938,99.81668853759766,124100,0.0,0.0
2018-05-22 00:00:00-04:00,100.23700956784197,100.88576938325669,99.19534928610615,99.30500030517578,112800,0.0,0.0
2018-05-23 00:00:00-04:00,99.021760495939,100.16393266058655,98.42782957606916,99.33242797851562,267400,0.0,0.0
2018-05-24 00:00:00-04:00,98.793315814925,99.78928649297553,97.788198837286,99.69791412353516,215600,0.0,0.0
2018-05-25 00:00:00-04:00,99.37810163104011,100.07253717587184,98.58314742295894,99.17707824707031,190200,0.0,0.0
2018-05-29 00:00:00-04:00,98.53746497642815,99.71618738323403,97.57804462525944,97.91613006591797,110900,0.0,0.0
2018-05-30 00:00:00-04:00,97.85216322146641,100.9131899769425,97.41357304607259,100.86750030517578,130300,0.0,0.0
2018-05-31 00:00:00-04:00,101.68985925337009,102.42998448520913,100.237012831271,100.74871063232422,196400,0.0,0.0
2018-06-01 00:00:00-04:00,101.6533018608115,103.02390817803592,100.054261157383,100.62078094482422,164300,0.0,0.0
2018-06-04 00:00:00-04:00,101.36090401832116,101.52537705181975,100.44716649249884,100.584228515625,92800,0.0,0.0
2018-06-05 00:00:00-04:00,100.8674895010755,101.79036639604398,100.29183734330583,101.6441650390625,71200,0.0,0.0
2018-06-06 00:00:00-04:00,102.00050566343015,104.41277189402027,102.00050566343015,103.41680145263672,169100,0.0,0.0
2018-06-07 00:00:00-04:00,103.24320482388072,103.62697989676371,102.00966051366967,102.86857604980469,68200,0.0,0.0
2018-06-08 00:00:00-04:00,102.5030972620862,103.01478815225299,101.2055913784401,101.24214172363281,69400,0.0,0.0
2018-06-11 00:00:00-04:00,101.2512602877914,104.14781375113567,101.2512602877914,103.48992156982422,128400,0.0,0.0
2018-06-12 00:00:00-04:00,103.3985445076407,104.66863914448173,102.79547437841381,103.82799530029297,108600,0.0,0.0
2018-06-13 00:00:00-04:00,103.60870733818355,104.12039817045049,102.2837905883789,102.2837905883789,107800,0.0,0.0
2018-06-14 00:00:00-04:00,103.02391008553526,103.88282562437004,102.31119590278486,103.70921325683594,83900,0.0,0.0
2018-06-15 00:00:00-04:00,102.94167705118608,103.89195798067705,102.37515725325568,103.70921325683594,223800,0.0,0.0
2018-06-18 00:00:00-04:00,103.46250649702097,103.8371352697924,102.64014130265596,103.7000732421875,106400,0.0,0.0
2018-06-19 00:00:00-04:00,102.78634267443407,103.08787776141182,100.56595998432805,101.88174438476562,103900,0.0,0.0
2018-06-20 00:00:00-04:00,101.9456981969766,102.68582338183413,101.30608470034223,102.1558609008789,115100,0.0,0.0
2018-06-21 00:00:00-04:00,102.33861479930088,102.70411124640852,100.20047208630835,100.24615478515625,141300,0.0,0.0
2018-06-22 00:00:00-04:00,100.87661701501244,102.174122535582,98.55572302921507,100.03598022460938,453200,0.0,0.0
2018-06-25 00:00:00-04:00,99.08570737094105,99.08570737094105,94.48046903986433,95.32110595703125,170300,0.0,0.0
2018-06-26 00:00:00-04:00,95.82366692725957,97.04807199451282,94.56270454731029,96.61861419677734,107400,0.0,0.0
2018-06-27 00:00:00-04:00,96.81049921216966,97.5323527771833,95.1566363309289,95.23887634277344,96800,0.0,0.0
2018-06-28 00:00:00-04:00,94.48962042829723,96.23485583840782,93.11901385617524,93.86827850341797,166400,0.0,0.0
2018-06-29 00:00:00-04:00,94.37994695665537,96.09777094236097,93.6215431606003,95.12921142578125,156100,0.0,0.0
2018-07-02 00:00:00-04:00,94.45308209703435,95.6683481140621,94.09672490065732,95.62266540527344,198900,0.0,0.0
2018-07-03 00:00:00-04:00,96.65517173468932,97.36788601750082,94.6723626204542,94.80028533935547,82100,0.0,0.0
2018-07-05 00:00:00-04:00,95.07439519890673,95.95158241342646,94.55356507243363,95.787109375,107400,0.0,0.0
2018-07-06 00:00:00-04:00,95.87848862146274,96.3901794571963,95.48558116652025,95.63178253173828,91900,0.0,0.0
2018-07-09 00:00:00-04:00,96.13434098737855,98.41868519952403,96.13434098737855,98.4004135131836,82800,0.0,0.0
2018-07-10 00:00:00-04:00,98.13542402572344,99.49689115869374,97.40443112450632,98.73848724365234,132000,0.0,0.0
2018-07-11 00:00:00-04:00,97.9800767391637,99.09483065090062,96.49981945613995,97.65113067626953,164300,0.0,0.0
2018-07-12 00:00:00-04:00,98.00750037576096,100.18219343060923,97.58718190152634,97.88871002197266,98400,0.0,0.0
2018-07-13 00:00:00-04:00,97.13944337840167,98.68366217471818,97.13944337840167,97.98008728027344,64100,0.0,0.0
2018-07-16 00:00:00-04:00,97.51407944860706,98.9120968850207,95.98813930371537,96.7374038696289,148800,0.0,0.0
2018-07-17 00:00:00-04:00,97.1394305177456,98.5191760822506,97.1394305177456,98.43694305419922,77600,0.0,0.0
2018-07-18 00:00:00-04:00,98.19937613290611,100.33751866499978,98.19937613290611,99.81668853759766,75200,0.0,0.0
2018-07-19 00:00:00-04:00,99.45119880257258,101.20558032386553,97.96180899779836,99.1039810180664,138100,0.0,0.0
2018-07-20 00:00:00-04:00,98.6196997259964,100.38321357783866,98.45522667868028,98.80244445800781,160700,0.0,0.0
2018-07-23 00:00:00-04:00,98.6471041955723,101.82691390901776,98.6471041955723,99.78927612304688,190700,0.0,0.0
2018-07-24 00:00:00-04:00,104.3671013912206,109.33783576613692,100.7852519604787,102.39342498779297,452600,0.0,0.0
2018-07-25 00:00:00-04:00,102.0353178094238,104.5053904225003,101.00688158398968,102.33833312988281,219400,0.55,0.0
2018-07-26 00:00:00-04:00,101.30991740365279,102.96275330087153,101.30991740365279,102.20979309082031,156500,0.0,0.0
2018-07-27 00:00:00-04:00,102.62301148043822,103.56880223323165,101.45683699456004,101.83332061767578,110400,0.0,0.0
2018-07-30 00:00:00-04:00,101.3741904676607,102.613819095877,101.02525308689586,101.3099136352539,103600,0.0,0.0
2018-07-31 00:00:00-04:00,101.89759310510489,102.96275308027718,100.39167268822884,102.49445343017578,121200,0.0,0.0
2018-08-01 00:00:00-04:00,103.11885090195851,104.53294114013559,102.0904146321808,102.83419036865234,217600,0.0,0.0
2018-08-02 00:00:00-04:00,102.090426554465,103.4035165052447,100.93343649155601,102.57709503173828,76300,0.0,0.0
2018-08-03 00:00:00-04:00,102.56790080298875,103.48614523992025,101.25481097795074,101.8057632446289,101900,0.0,0.0
2018-08-06 00:00:00-04:00,101.48435938699909,103.06374074177462,101.48435938699909,102.3475112915039,83200,0.0,0.0
2018-08-07 00:00:00-04:00,103.16476357190008,103.81671629713986,101.9526811661946,101.99859619140625,60000,0.0,0.0
2018-08-08 00:00:00-04:00,102.19142019144999,102.74236543072335,101.41091385200866,102.58626556396484,54500,0.0,0.0
2018-08-09 00:00:00-04:00,102.56790821368067,103.34842164598503,101.51193263943283,102.03533172607422,54100,0.0,0.0
2018-08-10 00:00:00-04:00,101.49355725205065,102.67809342522752,101.15381129146097,101.81494140625,67300,0.0,0.0
2018-08-13 00:00:00-04:00,101.98021932988243,102.79745627347162,100.41002226953749,100.72222900390625,59100,0.0,0.0
2018-08-14 00:00:00-04:00,97.33390931927593,100.40084234454913,97.33390931927593,99.42750549316406,175100,0.0,0.0
2018-08-15 00:00:00-04:00,98.78474509883772,99.16122170130957,93.44056238324902,95.8371810913086,152600,0.0,0.0
2018-08-16 00:00:00-04:00,96.67277747580897,99.28059543499538,96.67277747580897,98.60108947753906,88500,0.0,0.0
2018-08-17 00:00:00-04:00,98.2337831146556,98.25214491907106,97.5267310458132,98.08686065673828,83000,0.0,0.0
2018-08-20 00:00:00-04:00,98.63780671863148,100.48347982975666,97.99503847378612,98.50006866455078,57600,0.0,0.0
2018-08-21 00:00:00-04:00,98.69291745422906,100.89669854948808,97.78385039650301,99.73971557617188,82400,0.0,0.0
2018-08-22 00:00:00-04:00,99.7305161405171,100.36410696302836,98.35314966072612,99.51013946533203,61600,0.0,0.0
2018-08-23 00:00:00-04:00,99.17039257352228,99.17039257352228,97.14107334394564,97.99504089355469,49700,0.0,0.0
2018-08-24 00:00:00-04:00,99.13365600937983,100.75895237997337,97.80220454679488,100.20800018310547,58000,0.0,0.0
2018-08-27 00:00:00-04:00,100.43756981176445,101.32826799944266,99.32649492997115,101.0252456665039,62400,0.0,0.0
2018-08-28 00:00:00-04:00,101.00688328583914,101.64965155903498,100.30901558519169,100.73140716552734,50000,0.0,0.0
2018-08-29 00:00:00-04:00,100.51103160666,101.78739076758393,99.62951781962505,100.97015380859375,100700,0.0,0.0
2018-08-30 00:00:00-04:00,100.66715304843692,100.85998357389771,98.93167131363955,100.26313018798828,60400,0.0,0.0
2018-08-31 00:00:00-04:00,100.24475584047957,101.27319225849648,99.85909481084197,100.63041687011719,44000,0.0,0.0
2018-09-04 00:00:00-04:00,100.06109537868622,100.06109537868622,97.07680101934152,97.45327758789062,73400,0.0,0.0
2018-09-05 00:00:00-04:00,97.27880305323336,98.69290011110573,96.50747420091751,98.2796859741211,52700,0.0,0.0
2018-09-06 00:00:00-04:00,98.50926089823056,99.41832091836905,97.48083162474833,97.5175552368164,62200,0.0,0.0
2018-09-07 00:00:00-04:00,97.37981781578286,97.64610251695002,95.94735184099328,96.42484283447266,51700,0.0,0.0
2018-09-10 00:00:00-04:00,96.70951026141744,97.79303904942104,96.13101874963779,96.4156723022461,69800,0.0,0.0
2018-09-11 00:00:00-04:00,95.96572022139298,96.83804956291715,94.82709216859803,95.4974136352539,101900,0.0,0.0
2018-09-12 00:00:00-04:00,95.3413249918279,97.38900623655749,95.3413249918279,96.3330307006836,98300,0.0,0.0
2018-09-13 00:00:00-04:00,96.75541718500101,98.39907553964596,96.40647982132562,97.97667694091797,54200,0.0,0.0
2018-09-14 00:00:00-04:00,98.2246029021026,99.84989237970619,97.71038828874077,98.8122787475586,62500,0.0,0.0
2018-09-17 00:00:00-04:00,98.85819888645877,100.65795713203896,98.36234605262814,98.5643539428711,68000,0.0,0.0
2018-09-18 00:00:00-04:00,98.83064041571856,100.49266751271335,98.83064041571856,100.14373016357422,51600,0.0,0.0
2018-09-19 00:00:00-04:00,100.26311926246912,102.26489255400604,100.26311926246912,101.8608627319336,83700,0.0,0.0
2018-09-20 00:00:00-04:00,102.84338731773013,102.99948720641002,101.65885103383901,102.87093353271484,71700,0.0,0.0
2018-09-21 00:00:00-04:00,103.02701572629032,103.20148439876118,101.06197333085008,101.29153442382812,173100,0.0,0.0
2018-09-24 00:00:00-04:00,101.35581205593613,102.31078705099962,100.5477595242587,101.00688171386719,93800,0.0,0.0
2018-09-25 00:00:00-04:00,101.70475765718768,102.05368802757297,100.86915184157789,100.95179748535156,79700,0.0,0.0
2018-09-26 00:00:00-04:00,100.97934913792957,101.59457127371842,99.82235910231431,100.12538146972656,89500,0.0,0.0
2018-09-27 00:00:00-04:00,100.39166557037807,101.03443387140496,99.62952100941112,99.77644348144531,37200,0.0,0.0
2018-09-28 00:00:00-04:00,99.67543057233277,101.51191933824845,99.67543057233277,100.14373016357422,78500,0.0,0.0
2018-10-01 00:00:00-04:00,100.6946863260238,101.51192329828525,99.99681860617001,101.09870910644531,83000,0.0,0.0
2018-10-02 00:00:00-04:00,100.85995917275461,102.27405635633683,100.14372967842111,100.60285186767578,104000,0.0,0.0
2018-10-03 00:00:00-04:00,101.14462425034417,103.14639736589729,100.22637983046931,102.25569915771484,164500,0.0,0.0
2018-10-04 00:00:00-04:00,102.209765018263,102.33831865255029,100.05189243627183,100.088623046875,80200,0.0,0.0
2018-10-05 00:00:00-04:00,99.82234073339463,100.66712383953003,96.67276238676203,97.84811401367188,102700,0.0,0.0
2018-10-08 00:00:00-04:00,97.41655115347544,98.50926429993267,97.12271320724103,98.23379516601562,70700,0.0,0.0
2018-10-09 00:00:00-04:00,97.89403964397879,99.49178299714553,96.7921491257222,96.88397216796875,82900,0.0,0.0
2018-10-10 00:00:00-04:00,96.8931496786204,97.65529424086813,94.09250835584065,94.3955307006836,88200,0.0,0.0
2018-10-11 00:00:00-04:00,94.3771519215288,95.4423187161258,93.34872274677124,93.56909942626953,134500,0.0,0.0
2018-10-12 00:00:00-04:00,95.36886571846486,104.36766380811638,91.80607990222494,93.05488586425781,120700,0.0,0.0
2018-10-15 00:00:00-04:00,92.80695017778385,95.37803699391884,92.80695017778385,93.93639373779297,98700,0.0,0.0
2018-10-16 00:00:00-04:00,95.18521815583348,97.7287520690739,94.2118743250358,97.32472229003906,154700,0.0,0.0
2018-10-17 00:00:00-04:00,97.26043810153946,99.31731045219314,96.13100149474631,98.83063507080078,127800,0.0,0.0
2018-10-18 00:00:00-04:00,88.3351121459073,95.49742156558588,86.78328380930792,87.97699737548828,476600,0.0,0.0
2018-10-19 00:00:00-04:00,88.3718428668425,91.3285910819642,87.00366061401908,88.7850570678711,204400,0.0,0.0
2018-10-22 00:00:00-04:00,89.29927690380116,91.48469627411743,88.6105935343631,90.44708251953125,87400,0.0,0.0
2018-10-23 00:00:00-04:00,95.60761740194727,95.60761740194727,90.13488116344459,90.7225570678711,140800,0.0,0.0
2018-10-24 00:00:00-04:00,90.59327182329662,92.31076789746643,87.42606207844219,87.44452667236328,100900,0.55,0.0
2018-10-25 00:00:00-04:00,88.20169510052298,90.23314547527082,87.57379328212683,89.54984283447266,172300,0.0,0.0
2018-10-26 00:00:00-04:00,88.44179429941646,89.42981574560734,86.37341433675708,87.23216247558594,121300,0.0,0.0
2018-10-29 00:00:00-04:00,88.56182271024396,89.13431666867416,85.11759496139369,85.82859802246094,102000,0.0,0.0
2018-10-30 00:00:00-04:00,85.69933510755513,86.97361055215414,79.9835883813071,85.72703552246094,126600,0.0,0.0
2018-10-31 00:00:00-04:00,86.85356314951952,88.7465046138401,86.82586273553166,88.06320190429688,126300,0.0,0.0
2018-11-01 00:00:00-04:00,88.42331969454422,90.91645553417246,88.1463014702006,90.25161743164062,101500,0.0,0.0
2018-11-02 00:00:00-04:00,90.66714360108647,93.47423386182895,89.03274877925602,93.31725311279297,120600,0.0,0.0
2018-11-05 00:00:00-05:00,93.14181326682885,94.00979005743272,90.62097004321804,91.2950439453125,122800,0.0,0.0
2018-11-06 00:00:00-05:00,90.75947312209257,93.73277265939417,90.75947312209257,91.49817657470703,88000,0.0,0.0
2018-11-07 00:00:00-05:00,91.61823466629365,93.05871260061829,91.3596880672986,92.1722640991211,139100,0.0,0.0
2018-11-08 00:00:00-05:00,91.87677144789778,92.22765507405971,90.80564188666816,91.44277954101562,62400,0.0,0.0
2018-11-09 00:00:00-05:00,90.95338705493813,90.99032328592808,88.11859649146719,88.92194366455078,122100,0.0,0.0
2018-11-12 00:00:00-05:00,88.90348150667664,89.91920331017988,87.24139320408946,87.37066650390625,95800,0.0,0.0
2018-11-13 00:00:00-05:00,87.8046587267701,89.11587051891507,86.41035272763109,86.49345397949219,123900,0.0,0.0
2018-11-14 00:00:00-05:00,87.13980842734678,88.63568699104714,85.48694912540638,85.67162322998047,116800,0.0,0.0
2018-11-15 00:00:00-05:00,85.45002457753718,88.05396925926826,85.41308834259964,87.8969955444336,102500,0.0,0.0
2018-11-16 00:00:00-05:00,87.47224049503593,89.85456779669434,87.47224049503593,88.5802993774414,227000,0.0,0.0
2018-11-19 00:00:00-05:00,88.50640850885465,88.94040037845747,86.38262825156919,87.86927795410156,54600,0.0,0.0
2018-11-20 00:00:00-05:00,86.95514168215963,88.05397180753516,85.36691875821516,86.0409927368164,94600,0.0,0.0
2018-11-21 00:00:00-05:00,86.73352402836602,89.17125904117351,86.73352402836602,87.90621948242188,51200,0.0,0.0
2018-11-23 00:00:00-05:00,86.78892517657745,88.49718544678188,86.78892517657745,87.20445251464844,27300,0.0,0.0
2018-11-26 00:00:00-05:00,87.77694021508806,89.2451254324516,87.26908289815938,87.64766693115234,85200,0.0,0.0
2018-11-27 00:00:00-05:00,86.85357905784605,88.7649854666346,84.98834471073839,86.29031372070312,80900,0.0,0.0
2018-11-28 00:00:00-05:00,86.54884880695603,89.73452312215687,84.99756226902012,89.56831359863281,109400,0.0,0.0
2018-11-29 00:00:00-05:00,89.21744409757552,90.15005769611614,88.23865139509002,89.4113540649414,58400,0.0,0.0
2018-11-30 00:00:00-05:00,89.12509176181916,90.42706762320174,89.06045511199024,90.24239349365234,102900,0.0,0.0
2018-12-03 00:00:00-05:00,92.1260842890785,93.12334141113753,90.6394414700043,92.93866729736328,104100,0.0,0.0
2018-12-04 00:00:00-05:00,92.49544434845956,92.49544434845956,88.34021316969822,88.70033264160156,78100,0.0,0.0
2018-12-06 00:00:00-05:00,86.89973479143127,88.15553854862236,85.46848568665922,88.12783813476562,82000,0.0,0.0
2018-12-07 00:00:00-05:00,88.67261534866353,90.35317491260497,83.8433181986233,84.90520477294922,133200,0.0,0.0
2018-12-10 00:00:00-05:00,85.01602685369944,85.69010076704872,82.01502665612851,83.4739761352539,111600,0.0,0.0
2018-12-11 00:00:00-05:00,84.66514710194771,85.75474135167951,82.73526937676245,83.52938079833984,76500,0.0,0.0
2018-12-12 00:00:00-05:00,84.90522450262804,86.86280269859095,84.6282133059898,85.59776306152344,120400,0.0,0.0
2018-12-13 00:00:00-05:00,86.09640327686077,86.75200568895298,84.46201515726013,84.48971557617188,118700,0.0,0.0
2018-12-14 00:00:00-05:00,83.58479123235684,85.21918631720641,82.20894981611245,82.50443267822266,84000,0.0,0.0
2018-12-17 00:00:00-05:00,82.61523444113152,86.70582915212938,82.61523444113152,84.72055053710938,134400,0.0,0.0
2018-12-18 00:00:00-05:00,85.60700402503215,86.4011155172005,83.8802719116211,83.8802719116211,116400,0.0,0.0
2018-12-19 00:00:00-05:00,83.88027374006569,84.90523145474465,80.2883073507375,80.99008178710938,155300,0.0,0.0
2018-12-20 00:00:00-05:00,81.07317443719833,82.67986174273956,79.3649072125174,79.761962890625,124800,0.0,0.0
2018-12-21 00:00:00-05:00,79.96511923178417,81.14705060368368,78.05371305022587,78.2568588256836,574700,0.0,0.0
2018-12-24 00:00:00-05:00,78.58004615965521,79.42955849665607,77.13033228536591,77.43505096435547,102900,0.0,0.0
2018-12-26 00:00:00-05:00,78.10911656786695,81.45177206792539,76.90872055913012,81.31326293945312,178500,0.0,0.0
2018-12-27 00:00:00-05:00,79.918956945954,82.36592102050781,79.22641834865756,82.36592102050781,161300,0.0,0.0
2018-12-28 00:00:00-05:00,82.37515045700414,84.33272860980286,81.40560072284889,82.58753204345703,94700,0.0,0.0
2018-12-31 00:00:00-05:00,83.16003119740574,83.65865982497887,82.17200976264049,82.44902801513672,128800,0.0,0.0
2019-01-02 00:00:00-05:00,81.07319042685359,83.75100078259803,80.57456177613001,82.50443267822266,99400,0.0,0.0
2019-01-03 00:00:00-05:00,81.97808016152457,83.19694749970168,80.80538486932275,81.40558624267578,126500,0.0,0.0
2019-01-04 00:00:00-05:00,82.59675429187509,86.17949124984698,82.20893442885725,85.96710968017578,162300,0.0,0.0
2019-01-07 00:00:00-05:00,86.09639144944819,86.42881052045841,84.48970396947651,85.83784484863281,143200,0.0,0.0
2019-01-08 00:00:00-05:00,86.27183682506822,88.13707090629038,86.13332770463724,87.3060302734375,82800,0.0,0.0
2019-01-09 00:00:00-05:00,87.3060278053579,90.40860101789171,86.4195722776057,87.80464935302734,172700,0.0,0.0
2019-01-10 00:00:00-05:00,87.07518455819255,88.17400761785183,86.92743961697008,87.87852478027344,136300,0.0,0.0
2019-01-11 00:00:00-05:00,87.45375235168642,88.85730085239692,86.8166147398596,88.59874725341797,84700,0.0,0.0
2019-01-14 00:00:00-05:00,87.97085014099162,88.95887140813772,87.40759200090925,87.64766693115234,87100,0.0,0.0
2019-01-15 00:00:00-05:00,88.17399857794568,88.2386352218871,86.53961084121791,87.01976776123047,125900,0.0,0.0
2019-01-16 00:00:00-05:00,87.17674687160984,90.49169433351638,87.17674687160984,90.39012145996094,89700,0.0,0.0
2019-01-17 00:00:00-05:00,89.48522061623382,92.81863312388705,89.48522061623382,90.7317886352539,133700,0.0,0.0
2019-01-18 00:00:00-05:00,91.82137040199554,93.53886638749356,91.1842327491885,92.97560119628906,97600,0.0,0.0
2019-01-22 00:00:00-05:00,92.10760712172814,92.31075284606722,88.67261553346876,89.02350616455078,170500,0.0,0.0
2019-01-23 00:00:00-05:00,89.47597475196056,90.72254263104759,88.44178139904781,88.77420043945312,111000,0.0,0.0
2019-01-24 00:00:00-05:00,88.46757606426178,89.05295922225952,88.17023757445374,88.35607147216797,91200,0.6,0.0
2019-01-25 00:00:00-05:00,88.89499306038739,91.00424379635079,88.89499306038739,90.11222839355469,90000,0.0,0.0
2019-01-28 00:00:00-05:00,88.72775124352545,89.40605847684792,88.27245320667318,88.63483428955078,136800,0.0,0.0
2019-01-29 00:00:00-05:00,89.30384072140292,91.3015869767201,89.2759663462999,90.13081359863281,100100,0.0,0.0
2019-01-30 00:00:00-05:00,90.90204893061929,93.02988059144167,90.34454009251213,92.4352035522461,122300,0.0,0.0
2019-01-31 00:00:00-05:00,91.68254486836246,94.29355562653586,91.68254486836246,93.26216125488281,152100,0.0,0.0
2019-02-01 00:00:00-05:00,92.75111107803927,94.54443579486242,92.6674879528356,93.39225006103516,165900,0.0,0.0
2019-02-04 00:00:00-05:00,93.28076312589577,95.12055020876775,93.15067795822007,94.82321166992188,122700,0.0,0.0
2019-02-05 00:00:00-05:00,94.66524296208512,96.40281921961703,93.90331252988965,94.42366027832031,164200,0.0,0.0
2019-02-06 00:00:00-05:00,94.42364899205484,95.90104765422608,94.20993362445884,94.29356384277344,100400,0.0,0.0
2019-02-07 00:00:00-05:00,93.52232668267392,93.7639163930972,91.61749755003176,92.25863647460938,110000,0.0,0.0
2019-02-08 00:00:00-05:00,92.14715904220188,93.08563669873709,91.3016054402799,92.53741455078125,131000,0.0,0.0
2019-02-11 00:00:00-05:00,92.56526769923272,93.43869541465948,91.896254409726,93.09490203857422,103600,0.0,0.0
2019-02-12 00:00:00-05:00,93.466568920901,94.96255498799098,93.27144122812071,94.75814056396484,126300,0.0,0.0
2019-02-13 00:00:00-05:00,95.36211946030727,96.57006109178153,93.80109057905403,94.96257019042969,147100,0.0,0.0
2019-02-14 00:00:00-05:00,94.41435716039693,95.12053876360241,93.83826070921494,94.22852325439453,108200,0.0,0.0
2019-02-15 00:00:00-05:00,95.12981589634532,97.08110715799822,94.6187691618573,96.6722640991211,109200,0.0,0.0
2019-02-19 00:00:00-05:00,96.36563613463368,100.61200515993967,96.36563613463368,99.4876937866211,153200,0.0,0.0
2019-02-20 00:00:00-05:00,99.78503443472803,102.53541726599322,99.78503443472803,101.90357208251953,161700,0.0,0.0
2019-02-21 00:00:00-05:00,106.84680986915386,106.84680986915386,100.74207448977822,102.0801010131836,207800,0.0,0.0
2019-02-22 00:00:00-05:00,103.1672564547905,104.05927188154939,98.58638091306165,100.54695892333984,165700,0.0,0.0
2019-02-25 00:00:00-05:00,100.66775109789974,104.1429029791717,100.12882998008048,104.05927276611328,183800,0.0,0.0
2019-02-26 00:00:00-05:00,103.78051602882017,104.88623966533798,103.15795764423702,104.41236114501953,109300,0.0,0.0
2019-02-27 00:00:00-05:00,104.0221074700823,104.43095054730205,102.55400268109169,104.403076171875,127700,0.0,0.0
2019-02-28 00:00:00-05:00,103.91059244006212,103.91059244006212,101.71771881433317,101.72701263427734,147500,0.0,0.0
2019-03-01 00:00:00-05:00,102.46108227780964,103.25089408483149,101.02085181317057,101.16951751708984,97100,0.0,0.0
2019-03-04 00:00:00-05:00,101.2531410300099,101.63410263097511,100.01732510396248,101.57835388183594,104900,0.0,0.0
2019-03-05 00:00:00-05:00,101.39252403434028,102.21020310711806,100.1660018806192,101.08589172363281,92700,0.0,0.0
2019-03-06 00:00:00-05:00,100.81643330235114,101.16952056275935,98.00100777387937,98.97664642333984,134100,0.0,0.0
2019-03-07 00:00:00-05:00,98.96735785650853,99.14389793888684,97.4806653545623,97.48995208740234,158500,0.0,0.0
2019-03-08 00:00:00-05:00,95.71521903016182,97.0997008176349,94.451528576794,95.80813598632812,123000,0.0,0.0
2019-03-11 00:00:00-04:00,96.03113560220321,97.7036691261492,94.89753033476305,97.6850814819336,222300,0.0,0.0
2019-03-12 00:00:00-04:00,97.67579077828586,98.73505960402126,97.20190511758038,97.8151626586914,142800,0.0,0.0
2019-03-13 00:00:00-04:00,98.34478899808047,98.72575767753753,97.31340172220536,97.40631866455078,185600,0.0,0.0
2019-03-14 00:00:00-04:00,97.22047802641973,97.84303642941104,96.55147178575777,96.62580108642578,142100,0.0,0.0
2019-03-15 00:00:00-04:00,96.65367546031483,98.14966163129881,95.90103900887742,96.62580108642578,267100,0.0,0.0
2019-03-18 00:00:00-04:00,96.86739243421388,97.95453556878019,96.17050471885982,97.18331146240234,179500,0.0,0.0
2019-03-19 00:00:00-04:00,98.01029448547654,98.40054991694818,96.40280365235476,96.80235290527344,102800,0.0,0.0
2019-03-20 00:00:00-04:00,96.81165233839248,99.57132907210799,95.86388099089973,98.88372802734375,216300,0.0,0.0
2019-03-21 00:00:00-04:00,98.68859535215988,100.26821182241119,98.04745636036132,99.12531280517578,171800,0.0,0.0
2019-03-22 00:00:00-04:00,98.3448005631537,98.8837288168853,95.49220685413121,95.98468017578125,142500,0.0,0.0
2019-03-25 00:00:00-04:00,95.97538024393805,97.08111105808126,94.86035560832651,95.55724334716797,101900,0.0,0.0
2019-03-26 00:00:00-04:00,96.13333496734859,96.73730572870136,95.28778157274138,96.26342010498047,114700,0.0,0.0
2019-03-27 00:00:00-04:00,96.05900383516432,96.49572128787794,95.27849296665303,95.91963195800781,89000,0.0,0.0
2019-03-28 00:00:00-04:00,96.05898607203486,96.65366293496461,95.13909640736341,96.14261627197266,86200,0.0,0.0
2019-03-29 00:00:00-04:00,96.58863111522687,97.64789983817991,96.17050133636421,97.31340026855469,147900,0.0,0.0
2019-04-01 00:00:00-04:00,98.52133872848849,99.19035207345203,98.13108330696258,98.37267303466797,108200,0.0,0.0
2019-04-02 00:00:00-04:00,98.41913191813761,99.3761899571063,97.62003340054827,99.27397918701172,94000,0.0,0.0
2019-04-03 00:00:00-04:00,99.92440597841747,103.2137167989091,99.4226459797891,99.98944854736328,86800,0.0,0.0
2019-04-04 00:00:00-04:00,99.67352858352446,101.14164047499462,99.56203108080085,101.08589172363281,48800,0.0,0.0
2019-04-05 00:00:00-04:00,100.82571282682248,101.73630877052466,100.65845949790254,101.03942108154297,105600,0.0,0.0
2019-04-08 00:00:00-04:00,100.95579926958858,100.95579926958858,98.17754229847094,98.75363159179688,185300,0.0,0.0
2019-04-09 00:00:00-04:00,97.96383262361145,98.27975166222804,96.82093361349727,97.2669448852539,151700,0.0,0.0
2019-04-10 00:00:00-04:00,97.43420282967001,98.73506142055645,96.83952583196918,98.63285064697266,102800,0.0,0.0
2019-04-11 00:00:00-04:00,98.80010664376383,98.95806617476926,97.73154394799846,97.8895034790039,79600,0.0,0.0
2019-04-12 00:00:00-04:00,98.68859451036113,99.42265044376985,98.35408782958984,98.35408782958984,85400,0.0,0.0
2019-04-15 00:00:00-04:00,98.3447973870398,98.59568095079234,97.55499267606963,97.71295928955078,67400,0.0,0.0
2019-04-16 00:00:00-04:00,97.94524650782417,98.9487594063504,97.2576455408663,98.02886962890625,95000,0.0,0.0
2019-04-17 00:00:00-04:00,98.4841709214909,99.23681448209994,98.26116883532565,98.78150939941406,131300,0.0,0.0
2019-04-18 00:00:00-04:00,98.41913392275839,98.80010263525404,97.03465222115322,98.17755126953125,72900,0.0,0.0
2019-04-22 00:00:00-04:00,98.12179122676785,98.80009840497706,96.98818604869989,98.04745483398438,112700,0.0,0.0
2019-04-23 00:00:00-04:00,97.84305302099538,100.17529916057093,97.84305302099538,100.08238220214844,151600,0.0,0.0
2019-04-24 00:00:00-04:00,85.96375044845972,101.2410024991341,85.96375044845972,92.63528442382812,226400,0.6,0.0
2019-04-25 00:00:00-04:00,92.27089216472127,92.49514347619107,90.43949100860655,90.60768127441406,135400,0.0,0.0
2019-04-26 00:00:00-04:00,90.7104552420219,92.03728546367793,89.89753451977464,91.52336883544922,73600,0.0,0.0
2019-04-29 00:00:00-04:00,91.04684514813633,91.9905726846751,89.76672995114028,90.53292846679688,157400,0.0,0.0
2019-04-30 00:00:00-04:00,90.84126118937253,92.14006077816778,90.19653077161831,91.94384002685547,270300,0.0,0.0
2019-05-01 00:00:00-04:00,92.0466419314518,92.4577681524921,89.90689074148895,89.93492126464844,155400,0.0,0.0
2019-05-02 00:00:00-04:00,89.47705697707298,91.21502039475392,88.35578634663588,90.2619400024414,60500,0.0,0.0
2019-05-03 00:00:00-04:00,90.81324485961987,92.80349032999713,90.81324485961987,92.36432647705078,154500,0.0,0.0
2019-05-06 00:00:00-04:00,90.73849383867521,91.9812326111402,90.47686612422375,91.26174926757812,96300,0.0,0.0
2019-05-07 00:00:00-04:00,90.43014592743867,91.39256524022777,88.8697183595414,89.99098205566406,180200,0.0,0.0
2019-05-08 00:00:00-04:00,89.56115760537625,90.99077120986304,89.24346886163262,89.32756042480469,87500,0.0,0.0
2019-05-09 00:00:00-04:00,88.64545356801274,89.61721861701703,87.0756803548242,89.2154312133789,51500,0.0,0.0
2019-05-10 00:00:00-04:00,88.96313299815837,90.4207768550693,88.35577901483917,90.34603118896484,66000,0.0,0.0
2019-05-13 00:00:00-04:00,88.52398927923852,89.03790594965442,86.09457992480628,87.01962280273438,257600,0.0,0.0
2019-05-14 00:00:00-04:00,87.55221485379579,88.86036040749414,86.99158308187357,88.13153839111328,89200,0.0,0.0
2019-05-15 00:00:00-04:00,87.32796380761211,88.41185808124489,87.03830560257774,87.88859558105469,43900,0.0,0.0
2019-05-16 00:00:00-04:00,88.25301412012938,89.19674874871761,87.02896714531303,88.02876281738281,90400,0.0,0.0
2019-05-17 00:00:00-04:00,87.32797332845246,87.98204974279527,86.31883174894337,86.68324279785156,63300,0.0,0.0
2019-05-20 00:00:00-04:00,86.03851268762543,87.05699294264471,85.59000297765162,86.33751678466797,60400,0.0,0.0
2019-05-21 00:00:00-04:00,86.5243968759738,88.23433000041317,86.09457890617524,87.6550064086914,234200,0.0,0.0
2019-05-22 00:00:00-04:00,87.1597675035528,89.27148773649837,86.029158152542,86.96354675292969,113300,0.0,0.0
2019-05-23 00:00:00-04:00,86.03851443919517,87.12240163973262,84.26317445800402,85.19756317138672,86900,0.0,0.0
2019-05-24 00:00:00-04:00,85.80492375341036,86.6271833170294,84.61824600548327,85.89836120605469,216300,0.0,0.0
2019-05-28 00:00:00-04:00,86.12260536966211,86.72995945466857,85.02937229394253,85.44984436035156,73200,0.0,0.0
2019-05-29 00:00:00-04:00,84.89855844551128,85.94507636319877,84.39398768852733,85.52459716796875,231500,0.0,0.0
2019-05-30 00:00:00-04:00,85.64606556731803,86.10391400165756,83.97350905791667,84.814453125,84100,0.0,0.0
2019-05-31 00:00:00-04:00,83.8146603443579,84.37529924604841,82.5345524365867,83.27272033691406,82700,0.0,0.0
2019-06-03 00:00:00-04:00,83.26337968393518,85.28165561880076,83.26337968393518,84.66496276855469,85200,0.0,0.0
2019-06-04 00:00:00-04:00,85.64607114462221,86.7019278028461,84.54349220015357,86.1880111694336,70900,0.0,0.0
2019-06-05 00:00:00-04:00,86.36554109690564,87.29992972410194,84.60889304415164,85.44049835205078,76400,0.0,0.0
2019-06-06 00:00:00-04:00,85.71147956344042,88.4212011212325,84.03892291594124,85.21624755859375,80800,0.0,0.0
2019-06-07 00:00:00-04:00,85.67410303366366,86.10392098446681,84.19776716210927,85.35640716552734,88600,0.0,0.0
2019-06-10 00:00:00-04:00,85.72083350231856,86.93554189284761,85.3470765260926,85.4311752319336,79000,0.0,0.0
2019-06-11 00:00:00-04:00,86.33750938477505,86.97289392763483,85.49655820616366,86.13194274902344,120200,0.0,0.0
2019-06-12 00:00:00-04:00,85.68343294440976,86.42160080399884,85.50590395557042,86.04784393310547,76500,0.0,0.0
2019-06-13 00:00:00-04:00,86.52438091852729,88.57069418607766,86.52438091852729,88.32775115966797,73000,0.0,0.0
2019-06-14 00:00:00-04:00,87.80450687440614,88.28104710527658,85.88900719671788,86.15998077392578,93900,0.0,0.0
2019-06-17 00:00:00-04:00,86.3468648830908,90.14048079830492,86.3468648830908,89.5611572265625,144600,0.0,0.0
2019-06-18 00:00:00-04:00,90.28063840421697,94.31719728713989,90.28063840421697,90.82257843017578,110500,0.0,0.0
2019-06-19 00:00:00-04:00,90.74782608746368,92.59791157814762,89.76671517686316,90.3366928100586,105100,0.0,0.0
2019-06-20 00:00:00-04:00,91.97187941381112,92.87823758738786,90.7852089093927,91.06552124023438,154100,0.0,0.0
2019-06-21 00:00:00-04:00,90.81323312322156,92.23350070245661,89.67327785536239,90.2339096069336,146200,0.0,0.0
2019-06-24 00:00:00-04:00,90.32734933599683,90.38341750275025,88.70151507654104,88.76692199707031,56600,0.0,0.0
2019-06-25 00:00:00-04:00,88.83233516687311,90.28997928625189,88.69217543335895,89.5611572265625,79300,0.0,0.0
2019-06-26 00:00:00-04:00,89.89752199114456,90.43946906378058,88.86035012513456,90.00965118408203,80400,0.0,0.0
2019-06-27 00:00:00-04:00,90.30866182918382,90.80388665871045,89.82277575313621,90.7478256225586,65000,0.0,0.0
2019-06-28 00:00:00-04:00,90.95339190804842,91.42058625430833,90.3834213641257,91.20568084716797,155100,0.0,0.0
2019-07-01 00:00:00-04:00,91.45797123868675,93.10249748789211,90.09376447506686,90.5235824584961,103300,0.0,0.0
2019-07-02 00:00:00-04:00,90.29932580543097,90.29932580543097,88.81365115465063,89.27149963378906,75400,0.0,0.0
2019-07-03 00:00:00-04:00,89.51444346529587,90.41145579344096,87.90729370406166,88.72955322265625,43800,0.0,0.0
2019-07-05 00:00:00-04:00,87.98204452373213,90.21523297459832,87.98204452373213,90.1124496459961,52700,0.0,0.0
2019-07-08 00:00:00-04:00,90.05637725846495,90.29932030822258,87.67369043227744,87.94466400146484,59400,0.0,0.0
2019-07-09 00:00:00-04:00,87.26256060542633,90.11244900771979,84.6836457830903,85.70213317871094,152500,0.0,0.0
2019-07-10 00:00:00-04:00,86.50569961289939,87.90728253418881,85.96375250575083,86.05718994140625,131500,0.0,0.0
2019-07-11 00:00:00-04:00,86.56176696270427,86.92617797851562,85.27231314743486,86.92617797851562,158000,0.0,0.0
2019-07-12 00:00:00-04:00,87.26255700751622,88.04744719448293,86.84208495905463,87.82318878173828,97600,0.0,0.0
2019-07-15 00:00:00-04:00,88.37448794610664,88.72955309774119,86.67390073973857,88.72020721435547,161300,0.0,0.0
2019-07-16 00:00:00-04:00,89.01920980816777,90.75717338967753,89.01920980816777,89.84147644042969,87100,0.0,0.0
2019-07-17 00:00:00-04:00,90.08441281384412,91.75696221740121,88.69216859807257,89.20608520507812,109000,0.0,0.0
2019-07-18 00:00:00-04:00,88.69216146106335,89.49573620254357,87.93530899966741,88.86969757080078,165400,0.0,0.0
2019-07-19 00:00:00-04:00,88.7856131302131,90.74783514731342,88.7856131302131,89.3555908203125,81000,0.0,0.0
2019-07-22 00:00:00-04:00,89.42100432363583,90.47686821845241,86.92618796602942,89.99098205566406,78200,0.0,0.0
2019-07-23 00:00:00-04:00,89.98163719028521,90.34604822322068,88.64546102658181,89.09396362304688,85800,0.0,0.0
2019-07-24 00:00:00-04:00,88.97171659376589,91.06859402049035,88.23827221497761,90.43859100341797,160900,0.6,0.0
2019-07-25 00:00:00-04:00,91.67040845830816,91.67040845830816,86.68679213005542,89.79920196533203,166200,0.0,0.0
2019-07-26 00:00:00-04:00,90.51382180053415,91.1156168288067,90.06247194234841,90.65486907958984,143700,0.0,0.0
2019-07-29 00:00:00-04:00,90.70187179997744,91.5951663700379,90.35395616650605,90.69246673583984,226700,0.0,0.0
2019-07-30 00:00:00-04:00,90.30695558028889,90.99337468807975,89.79918966788811,90.27874755859375,142800,0.0,0.0
2019-07-31 00:00:00-04:00,90.26933689408742,91.65158726311209,89.64873175943863,90.5232162475586,277600,0.0,0.0
2019-08-01 00:00:00-04:00,89.99665701598781,91.313086420978,89.22560663468776,89.60173034667969,235900,0.0,0.0
2019-08-02 00:00:00-04:00,88.99992887358391,89.35724242858802,87.82454684190415,88.40753173828125,124800,0.0,0.0
2019-08-05 00:00:00-04:00,87.1287305635403,87.59888341870995,85.53961161739868,86.16020965576172,141700,0.0,0.0
2019-08-06 00:00:00-04:00,86.44229822446003,87.73051954062711,85.19168999496529,86.24483489990234,105900,0.0,0.0
2019-08-07 00:00:00-04:00,85.16347985117055,86.3482669429544,85.11646170051114,86.27304077148438,97200,0.0,0.0
2019-08-08 00:00:00-04:00,86.385871785035,88.87767570501846,84.93780040525559,88.67081451416016,74900,0.0,0.0
2019-08-09 00:00:00-04:00,89.66754972024644,89.90262613893962,87.43902268840836,88.27589416503906,111900,0.0,0.0
2019-08-12 00:00:00-04:00,88.10663284899391,88.10663284899391,87.17573230315278,87.42961883544922,96000,0.0,0.0
2019-08-13 00:00:00-04:00,87.52365027337147,90.65486976131177,87.37319792819062,89.57351684570312,94800,0.0,0.0
2019-08-14 00:00:00-04:00,88.341710269172,88.45454952637704,86.12258842854433,86.27304077148438,185200,0.0,0.0
2019-08-15 00:00:00-04:00,86.09437969858502,86.39527720802408,83.78122874965425,83.86585998535156,151900,0.0,0.0
2019-08-16 00:00:00-04:00,84.39243212392591,86.5081198373391,84.39243212392591,85.54901123046875,97600,0.0,0.0
2019-08-19 00:00:00-04:00,86.27304274566733,87.51424590747483,86.19781657247592,87.21334838867188,91000,0.0,0.0
2019-08-20 00:00:00-04:00,86.96887062771245,87.25096520224876,85.62423321382039,85.68065643310547,93100,0.0,0.0
2019-08-21 00:00:00-04:00,86.32006044516564,86.32006044516564,85.00363111706359,85.3515396118164,89900,0.0,0.0
2019-08-22 00:00:00-04:00,85.68065380755552,85.699456764099,84.39243247846102,84.54288482666016,77600,0.0,0.0
2019-08-23 00:00:00-04:00,84.39243640437562,84.45825751628401,80.94151621410383,81.0355453491211,88800,0.0,0.0
2019-08-26 00:00:00-04:00,81.92883350736317,82.35197537905998,81.08256411189593,81.58092498779297,94100,0.0,0.0
2019-08-27 00:00:00-04:00,82.14510403670104,82.30495427910598,80.60300330934786,80.75344848632812,76500,0.0,0.0
2019-08-28 00:00:00-04:00,80.49957260833061,83.36750790058804,79.96359863924877,82.36137390136719,76000,0.0,0.0
2019-08-29 00:00:00-04:00,83.1136149650141,84.39243120962854,82.85973559869863,83.10420989990234,67700,0.0,0.0
2019-08-30 00:00:00-04:00,83.67779873269534,83.98810132246152,82.61525591878541,83.15122985839844,84400,0.0,0.0
2019-09-03 00:00:00-04:00,82.3331650516396,82.43659925287739,80.78166638099907,82.20152282714844,105800,0.0,0.0
2019-09-04 00:00:00-04:00,83.22646372917903,83.67780647060958,82.34257403076252,82.8033218383789,52900,0.0,0.0
2019-09-05 00:00:00-04:00,83.80004748806365,86.71499375532278,83.68720822019617,86.16020965576172,121000,0.0,0.0
2019-09-06 00:00:00-04:00,86.27303289115028,87.44841481064825,85.76526704105173,86.93124389648438,90400,0.0,0.0
2019-09-09 00:00:00-04:00,87.10991449988666,89.49829170237986,87.10991449988666,89.34783935546875,112600,0.0,0.0
2019-09-10 00:00:00-04:00,89.44187669691986,92.9962309333586,88.37932671293066,92.68592834472656,144500,0.0,0.0
2019-09-11 00:00:00-04:00,93.08085069727633,95.43161473167339,91.24725762003163,94.02115631103516,162600,0.0,0.0
2019-09-12 00:00:00-04:00,94.66997748604759,94.66997748604759,91.86786336353953,93.71086883544922,108800,0.0,0.0
2019-09-13 00:00:00-04:00,94.5665588653929,95.60089386360777,93.38177148796495,93.67327117919922,140400,0.0,0.0
2019-09-16 00:00:00-04:00,93.80489616302025,94.04937047330941,92.87398837935504,93.66384887695312,95000,0.0,0.0
2019-09-17 00:00:00-04:00,93.22190437207654,94.04937078634794,92.57309115838603,93.93653869628906,91100,0.0,0.0
2019-09-18 00:00:00-04:00,94.10578852932404,95.12132032453809,92.99622760654483,93.56040954589844,202400,0.0,0.0
2019-09-19 00:00:00-04:00,93.74846626075067,94.42548744643665,91.78323098326568,91.92427825927734,154800,0.0,0.0
2019-09-20 00:00:00-04:00,91.93367099223178,92.25337861151871,90.48560675004465,91.4729232788086,324900,0.0,0.0
2019-09-23 00:00:00-04:00,91.06858771343713,93.07144305217305,90.71127420028301,92.14994049072266,91700,0.0,0.0
2019-09-24 00:00:00-04:00,92.3286111005106,92.36622418617675,87.6740939782904,88.8682861328125,121600,0.0,0.0
2019-09-25 00:00:00-04:00,89.12216316843423,93.24070626689459,88.1442444885155,93.0432357788086,124800,0.0,0.0
2019-09-26 00:00:00-04:00,92.73295132540892,93.29713331432008,91.63278819697446,92.51667785644531,108100,0.0,0.0
2019-09-27 00:00:00-04:00,92.6389060558965,93.6356348863346,92.2627895489746,93.05264282226562,88200,0.0,0.0
2019-09-30 00:00:00-04:00,92.9115975205851,93.88011117702939,92.9115975205851,93.06204986572266,178800,0.0,0.0
2019-10-01 00:00:00-04:00,92.76114869849168,95.38460217838107,92.02771147971963,92.38502502441406,127500,0.0,0.0
2019-10-02 00:00:00-04:00,91.73621732173295,91.89607473514762,90.27874786220154,91.48233795166016,140600,0.0,0.0
2019-10-03 00:00:00-04:00,90.94637130529226,91.80204578867834,90.24114200816557,91.20965576171875,108800,0.0,0.0
2019-10-04 00:00:00-04:00,90.95575564294728,92.27217762507391,90.62664297345387,92.14994049072266,72200,0.0,0.0
2019-10-07 00:00:00-04:00,91.7644243322986,92.4884636954229,91.15323140301639,91.36009979248047,64300,0.0,0.0
2019-10-08 00:00:00-04:00,90.62665144485749,91.36949373218776,89.82739311700874,90.99337005615234,95500,0.0,0.0
2019-10-09 00:00:00-04:00,91.42592395084776,92.60130604477844,89.83680506418533,90.79591369628906,106700,0.0,0.0
2019-10-10 00:00:00-04:00,91.3412857055664,92.62010189962028,91.2378515153148,91.3412857055664,72800,0.0,0.0
2019-10-11 00:00:00-04:00,92.3004083472926,95.15893128142935,91.6327850060706,93.70146179199219,88600,0.0,0.0
2019-10-14 00:00:00-04:00,93.13728227501488,93.1748881898548,91.54816334941052,92.0089111328125,101600,0.0,0.0
2019-10-15 00:00:00-04:00,91.88665883069007,94.27503577132865,90.85232416794723,92.9397964477539,113700,0.0,0.0
2019-10-16 00:00:00-04:00,92.62010995004442,93.06205476972136,90.8241226486276,91.61398315429688,88100,0.0,0.0
2019-10-17 00:00:00-04:00,92.30040444460488,94.08697940940883,91.61397817548179,92.75174713134766,88400,0.0,0.0
2019-10-18 00:00:00-04:00,92.69534740560898,93.26893451703019,91.84907075154787,92.291015625,103300,0.0,0.0
2019-10-21 00:00:00-04:00,92.97742516240439,93.66385148090079,91.92428736827931,92.28160095214844,96200,0.0,0.0
2019-10-22 00:00:00-04:00,92.13115127944644,93.82369715491387,92.13115127944644,92.72354125976562,134100,0.0,0.0
2019-10-23 00:00:00-04:00,92.59189986980172,93.50399751159647,91.85846259981172,92.30040740966797,126000,0.0,0.0
2019-10-24 00:00:00-04:00,92.79236334867198,101.86534874921081,90.90018631734384,95.327880859375,310400,0.6,0.0
2019-10-25 00:00:00-04:00,94.91160220225277,96.00906837516148,92.98158071126635,95.2900390625,202700,0.0,0.0
2019-10-28 00:00:00-04:00,96.38749993461356,103.6061602700065,96.38749993461356,102.77359771728516,200000,0.0,0.0
2019-10-29 00:00:00-04:00,102.18702902638304,104.05082467438325,101.9788883849499,103.88998413085938,135000,0.0,0.0
2019-10-30 00:00:00-04:00,104.06028132796575,104.06028132796575,101.57207095067834,102.82090759277344,164500,0.0,0.0
2019-10-31 00:00:00-04:00,101.80860051374965,103.50210006857299,99.31092704759594,101.30717468261719,136000,0.0,0.0
2019-11-01 00:00:00-04:00,101.58152647121139,103.79537013200557,101.58152647121139,102.79251861572266,96600,0.0,0.0
2019-11-04 00:00:00-05:00,103.68184929602589,105.45103762920623,102.91551981699816,105.32804870605469,136800,0.0,0.0
2019-11-05 00:00:00-05:00,105.99030544248996,107.53243449082102,105.52672404631933,106.87963104248047,88800,0.0,0.0
2019-11-06 00:00:00-05:00,106.50118186408667,107.46618895548288,104.99690461789329,105.04420471191406,131500,0.0,0.0
2019-11-07 00:00:00-05:00,106.26466959541447,107.23913968322651,105.27127369377291,105.99030303955078,86200,0.0,0.0
2019-11-08 00:00:00-05:00,105.61186559286712,106.6904059966815,104.86445474845485,106.2457504272461,79400,0.0,0.0
2019-11-11 00:00:00-05:00,105.40372856110709,105.99029884109235,104.81715106303903,105.72539520263672,52800,0.0,0.0
2019-11-12 00:00:00-05:00,105.70647114432136,106.32142289406055,104.69415673935316,105.01582336425781,61700,0.0,0.0
2019-11-13 00:00:00-05:00,104.3535731188425,105.15774696712859,103.75753269468265,104.56170654296875,72300,0.0,0.0
2019-11-14 00:00:00-05:00,104.35356772651377,104.84553058606444,102.90604621269789,103.09526824951172,75500,0.0,0.0
2019-11-15 00:00:00-05:00,103.7764599897702,104.54278943967716,102.79252698769739,103.32233428955078,71800,0.0,0.0
2019-11-18 00:00:00-05:00,102.61275841643932,104.06973558073958,102.61275841643932,103.97512817382812,84500,0.0,0.0
2019-11-19 00:00:00-05:00,104.33464362254345,104.33464362254345,102.42354793696177,102.55599975585938,139300,0.0,0.0
2019-11-20 00:00:00-05:00,101.95996694496789,103.3885627758354,101.01387832920354,101.74237060546875,93700,0.0,0.0
2019-11-21 00:00:00-05:00,101.46799673883855,102.30055206228845,100.96657096346061,101.68560028076172,68900,0.0,0.0
2019-11-22 00:00:00-05:00,102.0640327554732,102.83036940864103,101.47746245921883,101.53422546386719,77200,0.0,0.0
2019-11-25 00:00:00-05:00,101.69506694825846,103.82376641035702,101.30717435523508,102.90605926513672,95200,0.0,0.0
2019-11-26 00:00:00-05:00,102.94388735975369,104.069734984371,101.28823248500234,103.331787109375,101600,0.0,0.0
2019-11-27 00:00:00-05:00,103.5115479139531,104.5806253376322,103.26556287893503,104.44817352294922,51400,0.0,0.0
2019-11-29 00:00:00-05:00,103.88052680759169,104.33464527440674,103.18041607595393,103.6723861694336,22000,0.0,0.0
2019-12-02 00:00:00-05:00,103.63454587251182,104.27788640775982,101.62883544660144,102.39517211914062,149900,0.0,0.0
2019-12-03 00:00:00-05:00,101.43960424363061,101.46798574209191,99.6798791582093,101.10847473144531,97000,0.0,0.0
2019-12-04 00:00:00-05:00,101.49637464721552,103.15202954704485,101.49637464721552,102.73574829101562,97400,0.0,0.0
2019-12-05 00:00:00-05:00,102.50869990555543,103.59670325550849,102.15865173787269,103.39802551269531,113400,0.0,0.0
2019-12-06 00:00:00-05:00,104.39140068892368,106.33088498375938,103.5304639150492,105.24288177490234,148200,0.0,0.0
2019-12-09 00:00:00-05:00,105.08205999598766,106.78502235483775,105.08205999598766,105.70648193359375,84900,0.0,0.0
2019-12-10 00:00:00-05:00,105.43211441091479,107.06884362376809,105.43211441091479,106.77555847167969,63200,0.0,0.0
2019-12-11 00:00:00-05:00,107.1256119839601,107.96763023402492,106.91747134361455,107.34320831298828,64200,0.0,0.0
2019-12-12 00:00:00-05:00,107.00261817396792,109.00832858493831,106.5484996925185,108.9894027709961,143000,0.0,0.0
2019-12-13 00:00:00-05:00,108.88532774285191,109.0083238739114,107.83517609310353,108.89479064941406,119600,0.0,0.0
2019-12-16 00:00:00-05:00,109.28270117234716,109.43407160182146,108.01493863734284,108.77181243896484,180000,0.0,0.0
2019-12-17 00:00:00-05:00,108.94209973712611,110.74912514343296,107.06884120188914,109.98279571533203,161200,0.0,0.0
2019-12-18 00:00:00-05:00,110.10577739700992,110.10577739700992,105.48886810019279,106.58633422851562,147900,0.0,0.0
2019-12-19 00:00:00-05:00,106.5106566947119,106.88909357965869,105.29966443734871,106.2079086303711,141100,0.0,0.0
2019-12-20 00:00:00-05:00,106.16059088935738,106.56740923756627,104.98744315748533,105.37533569335938,409000,0.0,0.0
2019-12-23 00:00:00-05:00,105.96192792098012,106.19845008151802,104.35358011655579,105.63079833984375,82100,0.0,0.0
2019-12-24 00:00:00-05:00,105.63078292848057,106.52010121405617,105.09151276985615,105.65916442871094,31100,0.0,0.0
2019-12-26 00:00:00-05:00,105.80108882933054,106.5957997808312,104.89284464843702,105.87677764892578,48300,0.0,0.0
2019-12-27 00:00:00-05:00,106.04706441168032,106.81340106214688,104.65632027611679,105.772705078125,59000,0.0,0.0
2019-12-30 00:00:00-05:00,105.70648386789568,106.35928010233097,105.52672472170458,105.86731719970703,57500,0.0,0.0
2019-12-31 00:00:00-05:00,105.53618032869097,105.9619172877031,104.91175842285156,104.91175842285156,57700,0.0,0.0
2020-01-02 00:00:00-05:00,105.61186105360629,105.86730900136794,104.6941612335874,105.22396850585938,81500,0.0,0.0
2020-01-03 00:00:00-05:00,104.0697519928989,105.37535173757244,103.2371965754658,105.23344421386719,104400,0.0,0.0
2020-01-06 00:00:00-05:00,104.29680086582499,104.75092655072292,103.4169382160276,103.6723861694336,123300,0.0,0.0
2020-01-07 00:00:00-05:00,103.20879686783941,103.70076695793453,102.48031185738061,103.05742645263672,54500,0.0,0.0
2020-01-08 00:00:00-05:00,102.78305779676218,103.21825765640352,101.80858776125193,102.02618408203125,78300,0.0,0.0
2020-01-09 00:00:00-05:00,102.32893856106122,102.32893856106122,100.77734673590166,101.49637603759766,70500,0.0,0.0
2020-01-10 00:00:00-05:00,101.70452043254687,102.08295730102874,99.81234330822042,100.27592468261719,103200,0.0,0.0
2020-01-13 00:00:00-05:00,100.37999731383387,103.36964070380633,100.37999731383387,102.82090759277344,140700,0.0,0.0
2020-01-14 00:00:00-05:00,102.2627018490126,102.43299806665128,100.843569108051,101.03279113769531,97600,0.0,0.0
2020-01-15 00:00:00-05:00,100.86250126144645,102.3289414065372,100.03940162142945,100.67328643798828,130100,0.0,0.0
2020-01-16 00:00:00-05:00,101.08957099793314,101.88428921882281,100.38000450910617,100.52191925048828,91400,0.0,0.0
2020-01-17 00:00:00-05:00,100.98549450608643,101.21256096567437,99.01763571623967,99.28253936767578,104300,0.0,0.0
2020-01-21 00:00:00-05:00,98.75272125714972,98.83787298092079,96.19828503334358,97.19168090820312,155000,0.0,0.0
2020-01-22 00:00:00-05:00,97.825558268976,97.89178417926405,94.6561630456201,95.59278869628906,147900,0.0,0.0
2020-01-23 00:00:00-05:00,94.41180118447008,97.12615826179126,93.67845333828734,96.97377014160156,211200,0.67,0.0
2020-01-24 00:00:00-05:00,96.78328980550828,97.02139078757297,95.6118297765933,96.66899871826172,125100,0.0,0.0
2020-01-27 00:00:00-05:00,94.90705377779896,96.36423063884483,94.47846764637846,95.95469665527344,148800,0.0,0.0
2020-01-28 00:00:00-05:00,96.50709706172826,97.22140004690904,95.86898813887053,96.24042510986328,214000,0.0,0.0
2020-01-29 00:00:00-05:00,96.83090496407956,99.94526985678509,96.63090101249765,99.2881088256836,191800,0.0,0.0
2020-01-30 00:00:00-05:00,97.91666130986171,99.23098359295773,96.592820217661,98.52619934082031,84300,0.0,0.0
2020-01-31 00:00:00-05:00,98.03092892545521,98.56427275817812,95.240385344219,95.38324737548828,103400,0.0,0.0
2020-02-03 00:00:00-05:00,95.84040536657614,96.75471227225655,95.44992353167035,95.70706939697266,104500,0.0,0.0
2020-02-04 00:00:00-05:00,96.8975813665067,98.01189957394094,96.66900644002071,97.04044342041016,144500,0.0,0.0
2020-02-05 00:00:00-05:00,98.30714229052779,100.76434636062854,98.30714229052779,100.23099517822266,118300,0.0,0.0
2020-02-06 00:00:00-05:00,100.53576190538284,102.84058506167831,100.01194407561194,102.20246887207031,138400,0.0,0.0
2020-02-07 00:00:00-05:00,101.55482066889326,101.78340282631278,98.51665730573922,99.06904602050781,77800,0.0,0.0
2020-02-10 00:00:00-05:00,98.5833485267809,99.35479350771709,98.04047849088757,98.52619934082031,55100,0.0,0.0
2020-02-11 00:00:00-05:00,98.78334549037191,101.44055356126788,98.78334549037191,100.13575744628906,51400,0.0,0.0
2020-02-12 00:00:00-05:00,100.90719911645503,101.07863212408662,96.86900826212452,97.354736328125,194200,0.0,0.0
2020-02-13 00:00:00-05:00,96.91662928083998,98.7261982632592,96.91662928083998,98.6595230102539,59500,0.0,0.0
2020-02-14 00:00:00-05:00,98.57380918301374,98.92620126164918,97.36425935927754,98.38333129882812,105700,0.0,0.0
2020-02-18 00:00:00-05:00,97.69761344358932,99.94528768068375,97.69761344358932,99.09764862060547,167200,0.0,0.0
2020-02-19 00:00:00-05:00,99.1833430187852,100.76433700377075,97.35472924788026,97.67854309082031,212000,0.0,0.0
2020-02-20 00:00:00-05:00,97.64997239062949,106.66923864197771,97.3452034280173,102.27865600585938,276700,0.0,0.0
2020-02-21 00:00:00-05:00,102.05008437370056,102.2691332124006,99.60240652057563,99.84050750732422,318300,0.0,0.0
2020-02-24 00:00:00-05:00,96.26900089633163,99.49764997002373,96.13566491370989,99.2500228881836,171600,0.0,0.0
2020-02-25 00:00:00-05:00,99.47859878754952,102.25009802384652,97.9071379390479,98.53572082519531,199100,0.0,0.0
2020-02-26 00:00:00-05:00,98.70715430598646,100.73577229906466,97.2690221683848,97.49760437011719,100700,0.0,0.0
2020-02-27 00:00:00-05:00,95.45945449272449,96.24994427691067,92.24985045148657,92.2593765258789,136800,0.0,0.0
2020-02-28 00:00:00-05:00,89.64978187372704,93.5355917629351,88.85929211162743,90.04979705810547,217600,0.0,0.0
2020-03-02 00:00:00-05:00,90.45933613717068,93.41178711720916,90.28790312458698,93.30702209472656,121200,0.0,0.0
2020-03-03 00:00:00-05:00,93.18320252670914,96.4118587250548,90.59266978777748,91.96412658691406,135900,0.0,0.0
2020-03-04 00:00:00-05:00,93.47846139047004,94.64039552427394,92.42129228619054,94.44039154052734,120500,0.0,0.0
2020-03-05 00:00:00-05:00,92.00221900989257,92.07841306887961,87.80212141938088,88.78309631347656,123000,0.0,0.0
2020-03-06 00:00:00-05:00,85.8782581947747,88.41165606471442,83.50677451071621,85.21157836914062,114300,0.0,0.0
2020-03-09 00:00:00-04:00,79.97336455362665,81.12577251462865,75.43039343229455,76.63042449951172,148600,0.0,0.0
2020-03-10 00:00:00-04:00,79.17333749983892,84.0306034426485,77.26852960580081,83.46868133544922,208000,0.0,0.0
2020-03-11 00:00:00-04:00,80.64956158149269,81.25909948892718,76.66851303628705,78.50665283203125,191500,0.0,0.0
2020-03-12 00:00:00-04:00,72.26840279062327,76.5923172174698,70.11597528355377,71.18266296386719,182300,0.0,0.0
2020-03-13 00:00:00-04:00,75.4303930465408,80.34480111916811,71.24934011478807,80.11622619628906,182100,0.0,0.0
2020-03-16 00:00:00-04:00,74.97324850829045,75.62088355751666,66.55399286834975,66.97305297851562,184300,0.0,0.0
2020-03-17 00:00:00-04:00,67.82069347612776,72.52557194344107,64.79204821950471,67.49687957763672,193500,0.0,0.0
2020-03-18 00:00:00-04:00,63.40153573407444,66.95400594899064,58.96333311726639,61.11576461791992,249200,0.0,0.0
2020-03-19 00:00:00-04:00,60.83004379130923,63.392009299337154,56.79185277766571,59.87763977050781,176400,0.0,0.0
2020-03-20 00:00:00-04:00,60.02050043993168,61.4014869648086,51.944114966140184,52.8108024597168,211300,0.0,0.0
2020-03-23 00:00:00-04:00,53.410820415546404,55.13466940624124,52.477461257294244,54.31560134887695,168500,0.0,0.0
2020-03-24 00:00:00-04:00,56.668037506103516,60.39193696832214,56.668037506103516,59.52524948120117,197000,0.0,0.0
2020-03-25 00:00:00-04:00,59.6109623860574,61.40148279960514,57.325191490756765,60.0204963684082,205800,0.0,0.0
2020-03-26 00:00:00-04:00,60.782419443668296,64.52536723597785,60.51574750182687,63.62058639526367,260400,0.0,0.0
2020-03-27 00:00:00-04:00,61.144325246117866,66.20159471195105,60.23002204050862,64.75393676757812,180300,0.0,0.0
2020-03-30 00:00:00-04:00,65.74443937521622,66.63017528371662,63.868202548996514,65.64920043945312,140800,0.0,0.0
2020-03-31 00:00:00-04:00,65.28729313669629,68.2016468742832,64.31583704665702,65.9825439453125,115400,0.0,0.0
2020-04-01 00:00:00-04:00,63.79202333069419,65.18253230339687,59.38238814552324,60.55384826660156,152100,0.0,0.0
2020-04-02 00:00:00-04:00,59.944305265261306,63.439629765288046,58.25854978266088,60.401458740234375,98400,0.0,0.0
2020-04-03 00:00:00-04:00,59.991922169834744,62.020543457262285,56.058493117007735,57.40138244628906,111900,0.0,0.0
2020-04-06 00:00:00-04:00,60.27765050633826,62.887235452321306,60.134788451960766,62.16340637207031,134900,0.0,0.0
2020-04-07 00:00:00-04:00,65.03014583494075,66.78257302399489,61.50625383970567,62.89676284790039,116900,0.0,0.0
2020-04-08 00:00:00-04:00,63.65868022891601,69.6397834860956,63.439631376797415,68.66832733154297,133600,0.0,0.0
2020-04-09 00:00:00-04:00,70.31598309230223,73.04937768975789,70.05882996503213,70.47789001464844,127800,0.0,0.0
2020-04-13 00:00:00-04:00,70.03025304987577,70.40168996541762,67.20161248823821,69.04927825927734,128900,0.0,0.0
2020-04-14 00:00:00-04:00,69.04927789388094,71.8969633200538,69.04927789388094,71.5445785522461,163600,0.0,0.0
2020-04-15 00:00:00-04:00,67.42068040975663,69.06833526988069,67.42068040975663,68.66832733154297,130100,0.0,0.0
2020-04-16 00:00:00-04:00,69.6016836761775,70.91599853523346,67.95402161554453,69.27786254882812,138100,0.0,0.0
2020-04-17 00:00:00-04:00,71.14456762703445,72.11602366326751,70.78265676494146,72.07792663574219,148800,0.0,0.0
2020-04-20 00:00:00-04:00,77.34473140632653,77.34473140632653,69.3350171887214,73.7732162475586,158500,0.0,0.0
2020-04-21 00:00:00-04:00,70.58265599551567,72.31603086144136,68.68737420502225,69.63977813720703,148100,0.0,0.0
2020-04-22 00:00:00-04:00,70.21123573297996,71.23030789200784,69.60169765279134,70.28742980957031,150700,0.0,0.0
2020-04-23 00:00:00-04:00,71.22931756019004,72.61334657572951,69.42239649322018,69.53772735595703,94000,0.67,0.0
2020-04-24 00:00:00-04:00,69.66267334428457,71.02747555194419,68.69193044093836,68.93221282958984,73800,0.0,0.0
2020-04-27 00:00:00-04:00,69.04755053402837,70.71030805492357,68.83610817061847,69.8741226196289,103100,0.0,0.0
2020-04-28 00:00:00-04:00,71.30621382030014,72.18083802233649,68.643880481098,68.88416290283203,114400,0.0,0.0
2020-04-29 00:00:00-04:00,70.79681103801221,75.64089785000812,70.75836497342975,74.94889068603516,139700,0.0,0.0
2020-04-30 00:00:00-04:00,72.1039309890137,76.2944561448143,69.23015587206343,69.4223861694336,105500,0.0,0.0
2020-05-01 00:00:00-04:00,67.69236407701675,68.39399197423205,63.674841696299026,64.62635803222656,135800,0.0,0.0
2020-05-04 00:00:00-04:00,64.11695212282525,65.66437130238356,62.81942868227619,63.25193405151367,216600,0.0,0.0
2020-05-05 00:00:00-04:00,64.61675118649262,65.59710022717555,64.05929421588984,64.46296691894531,164400,0.0,0.0
2020-05-06 00:00:00-04:00,64.56868736968269,65.29914792508069,62.012079092208204,62.15625,78600,0.0,0.0
2020-05-07 00:00:00-04:00,63.13661163972932,64.22268554887019,62.012084330236455,62.31003952026367,86800,0.0,0.0
2020-05-08 00:00:00-04:00,63.18466670127791,66.94268748343725,63.18466670127791,66.76968383789062,96200,0.0,0.0
2020-05-11 00:00:00-04:00,64.99158187359198,65.43370058027591,62.58875803324258,63.482608795166016,103500,0.0,0.0
2020-05-12 00:00:00-04:00,63.20388899251859,64.62635679413145,60.11865997314453,60.11865997314453,114600,0.0,0.0
2020-05-13 00:00:00-04:00,60.07059784666674,60.07059784666674,57.06226127990854,57.58127212524414,93400,0.0,0.0
2020-05-14 00:00:00-04:00,55.9954149889924,57.4467228964497,54.61138953397713,56.08191680908203,137600,0.0,0.0
2020-05-15 00:00:00-04:00,55.870470496928114,57.244886261471166,55.14962322180773,56.55287170410156,248900,0.0,0.0
2020-05-18 00:00:00-04:00,59.17675644994006,65.20303655596177,59.17675644994006,64.57830810546875,176100,0.0,0.0
2020-05-19 00:00:00-04:00,63.57872272368102,63.86705719589334,62.040916873371835,62.117801666259766,135900,0.0,0.0
2020-05-20 00:00:00-04:00,63.21349652061174,64.08812805876858,62.48304323544159,64.06890869140625,137300,0.0,0.0
2020-05-21 00:00:00-04:00,63.828620892257,64.9915868399136,63.38649481895166,63.54989242553711,62800,0.0,0.0
2020-05-22 00:00:00-04:00,63.34805795059363,63.790176704065125,61.83907737964211,63.78056335449219,44000,0.0,0.0
2020-05-26 00:00:00-04:00,66.6831779871541,68.37476836412324,65.85660583322814,67.88459014892578,226100,0.0,0.0
2020-05-27 00:00:00-04:00,69.79724470649109,73.20925090079373,69.23017434398906,73.03624725341797,116700,0.0,0.0
2020-05-28 00:00:00-04:00,74.23764831436375,75.25645067756508,70.84486199671294,71.63298797607422,88600,0.0,0.0
2020-05-29 00:00:00-04:00,70.41235975621395,70.64302881752572,67.78847260225746,68.96105194091797,105500,0.0,0.0
2020-06-01 00:00:00-04:00,68.58621331341857,70.4027477892024,68.58621331341857,69.85490417480469,104700,0.0,0.0
2020-06-02 00:00:00-04:00,70.3546879055539,72.11355693640208,70.3546879055539,71.90210723876953,88300,0.0,0.0
2020-06-03 00:00:00-04:00,73.08430521088742,77.49588713140727,72.66140578513658,75.4775161743164,146700,0.0,0.0
2020-06-04 00:00:00-04:00,74.96810916916151,77.00570657101643,74.3337601102761,76.82308959960938,59000,0.0,0.0
2020-06-05 00:00:00-04:00,79.7929875033785,83.26266643901391,77.3709437936773,81.56147003173828,198100,0.0,0.0
2020-06-08 00:00:00-04:00,82.70521557374018,83.61828587719509,81.10973671425222,82.51298522949219,97100,0.0,0.0
2020-06-09 00:00:00-04:00,80.39849624249754,81.74407921159103,78.84146357832459,79.52386474609375,71400,0.0,0.0
2020-06-10 00:00:00-04:00,79.2451441960881,80.24472000646398,76.00614166259766,76.00614166259766,87300,0.0,0.0
2020-06-11 00:00:00-04:00,72.19043870836337,72.74789558887525,66.58705185662109,66.95228576660156,118600,0.0,0.0
2020-06-12 00:00:00-04:00,70.5949731744578,72.20006533828821,68.17292956916867,70.53730773925781,139100,0.0,0.0
2020-06-15 00:00:00-04:00,67.72119451636904,72.84401733021437,67.68274845028249,72.27694702148438,105600,0.0,0.0
2020-06-16 00:00:00-04:00,75.66973768154485,76.7173654402799,73.44952328849304,74.76627349853516,102100,0.0,0.0
2020-06-17 00:00:00-04:00,74.81433243884855,75.26606457177044,72.9016863862153,72.9305191040039,72000,0.0,0.0
2020-06-18 00:00:00-04:00,72.39229071230668,73.58408952006492,71.15243248508453,71.77716827392578,56100,0.0,0.0
2020-06-19 00:00:00-04:00,72.8824709773507,72.8824709773507,70.20091808479323,70.98904418945312,251700,0.0,0.0
2020-06-22 00:00:00-04:00,70.17207407426567,71.88288358718498,69.7876207681088,71.26776123046875,73700,0.0,0.0
2020-06-23 00:00:00-04:00,72.29617099190169,73.40147151844576,70.43157718769406,71.60415649414062,87700,0.0,0.0
2020-06-24 00:00:00-04:00,70.22012692441288,70.6622456648478,67.61546656257676,67.72119140625,100700,0.0,0.0
2020-06-25 00:00:00-04:00,67.04841315729709,68.78805565164937,66.28911977775445,68.41321563720703,72700,0.0,0.0
2020-06-26 00:00:00-04:00,67.57702248552522,67.57702248552522,65.66437655954533,66.19300079345703,232600,0.0,0.0
2020-06-29 00:00:00-04:00,67.46168075714044,71.10436237758937,67.46168075714044,70.54690551757812,106800,0.0,0.0
2020-06-30 00:00:00-04:00,69.98945522473764,71.21969990513806,69.63383464284448,70.75836181640625,113100,0.0,0.0
2020-07-01 00:00:00-04:00,70.22975031517393,70.95059762537464,67.48091865231486,67.85575866699219,109300,0.0,0.0
2020-07-02 00:00:00-04:00,69.23978458715759,70.79681734366004,67.42325003765689,67.56742095947266,70100,0.0,0.0
2020-07-06 00:00:00-04:00,69.45123437810098,70.58536772072793,67.02918342063569,68.49010467529297,87800,0.0,0.0
2020-07-07 00:00:00-04:00,67.54818851098548,68.8553253806313,66.08727471523623,66.22183227539062,87000,0.0,0.0
2020-07-08 00:00:00-04:00,66.4332829917422,70.0567384881923,64.5975218696631,66.01038360595703,89200,0.0,0.0
2020-07-09 00:00:00-04:00,66.0488329893711,66.86579175335802,62.53109482981007,62.78099060058594,140600,0.0,0.0
2020-07-10 00:00:00-04:00,63.22310400490055,65.80854497909513,62.473424089085434,65.69320678710938,76900,0.0,0.0
2020-07-13 00:00:00-04:00,66.41406140558776,66.66395718304803,65.08770504738366,65.14537048339844,62000,0.0,0.0
2020-07-14 00:00:00-04:00,65.18381201275395,66.36600469860166,64.23229572057816,65.06847381591797,143300,0.0,0.0
2020-07-15 00:00:00-04:00,67.42324536473187,67.42324536473187,65.35681518282512,66.56784057617188,177600,0.0,0.0
2020-07-16 00:00:00-04:00,66.80812548121054,67.59625151807937,66.13533031184024,67.05801391601562,76200,0.0,0.0
2020-07-17 00:00:00-04:00,67.07724249052718,67.98070675298239,65.56826915826939,65.9046630859375,82000,0.0,0.0
2020-07-20 00:00:00-04:00,65.78932541040771,66.1353326910256,64.28035206603879,65.52021026611328,122300,0.0,0.0
2020-07-21 00:00:00-04:00,66.3563832402644,68.54775738250218,65.77970699222863,68.24019622802734,213600,0.0,0.0
2020-07-22 00:00:00-04:00,67.84612985087773,69.9510058633678,67.84612985087773,69.16287994384766,159900,0.0,0.0
2020-07-23 00:00:00-04:00,69.30841407672041,69.94871750282837,65.2725343661811,65.86433410644531,262100,0.67,0.0
2020-07-24 00:00:00-04:00,65.93224423218018,66.23299224601075,63.62326009006409,64.2441635131836,126300,0.0,0.0
2020-07-27 00:00:00-04:00,64.39939431359535,65.1949273938757,64.12774995473185,64.97179412841797,250900,0.0,0.0
2020-07-28 00:00:00-04:00,64.90387071152632,65.0785002521646,63.71056761687274,63.84638977050781,155000,0.0,0.0
2020-07-29 00:00:00-04:00,64.18595774292203,64.35088359969835,62.07099939086099,62.206825256347656,124500,0.0,0.0
2020-07-30 00:00:00-04:00,61.04263049602721,61.98368942513094,60.00455678492126,61.459800720214844,96300,0.0,0.0
2020-07-31 00:00:00-04:00,61.21725483054105,61.21725483054105,59.577681469268484,60.10157012939453,108200,0.0,0.0
2020-08-03 00:00:00-04:00,60.3926228348905,61.391889144906145,59.59708978598698,60.91651153564453,147600,0.0,0.0
2020-08-04 00:00:00-04:00,60.79038576717717,61.052330102075636,60.03366015583259,60.606056213378906,100700,0.0,0.0
2020-08-05 00:00:00-04:00,61.81876027971182,63.75908542395009,61.4403974687256,62.8956413269043,156300,0.0,0.0
2020-08-06 00:00:00-04:00,62.47847398579488,64.70984356279445,61.92548159043484,64.137451171875,108700,0.0,0.0
2020-08-07 00:00:00-04:00,64.0404275009868,64.89416782040499,62.5560800880001,64.74864196777344,85300,0.0,0.0
2020-08-10 00:00:00-04:00,65.388963092909,68.66811013525766,65.388963092909,67.19346618652344,130600,0.0,0.0
2020-08-11 00:00:00-04:00,68.55168607581048,69.99722613407585,68.35764913398634,69.14347839355469,220100,0.0,0.0
2020-08-12 00:00:00-04:00,70.29797651245599,70.29797651245599,67.16435566428058,68.00839233398438,79400,0.0,0.0
2020-08-13 00:00:00-04:00,67.41659847389263,67.48450956130569,64.74865126562446,65.2143325805664,79600,0.0,0.0
2020-08-14 00:00:00-04:00,64.60311706168129,65.42776110475833,63.87549518961504,64.31207275390625,82600,0.0,0.0
2020-08-17 00:00:00-04:00,64.2926741750257,65.641207039116,64.2926741750257,65.39866638183594,84000,0.0,0.0
2020-08-18 00:00:00-04:00,65.46658183655386,65.79643359961483,64.3799969548306,64.4673080444336,92800,0.0,0.0
2020-08-19 00:00:00-04:00,64.76806515846705,65.61210198642527,63.81730243758114,64.12775421142578,72000,0.0,0.0
2020-08-20 00:00:00-04:00,63.18668344621006,63.739675796895355,62.10010614058437,63.497135162353516,87000,0.0,0.0
2020-08-21 00:00:00-04:00,62.81802691997783,63.21579712976434,61.682938480238356,62.051597595214844,276500,0.0,0.0
2020-08-24 00:00:00-04:00,62.75981817252123,64.00162506103516,62.14861102457088,64.00162506103516,122800,0.0,0.0
2020-08-25 00:00:00-04:00,64.17625750588377,65.19492379539584,63.846398372789444,64.66133880615234,113000,0.0,0.0
2020-08-26 00:00:00-04:00,64.48670434162835,64.48670434162835,62.721008838896395,63.26429748535156,63000,0.0,0.0
2020-08-27 00:00:00-04:00,63.86580885606585,64.71954932116397,62.40086118597095,63.53594970703125,91500,0.0,0.0
2020-08-28 00:00:00-04:00,64.21505638918819,64.31207115603615,63.37101237393122,63.98221206665039,69400,0.0,0.0
2020-08-31 00:00:00-04:00,64.11804491612824,64.11804491612824,62.22623074088636,62.36205291748047,154400,0.0,0.0
2020-09-01 00:00:00-04:00,62.05159614478959,62.798625457304205,61.39188531115788,62.526973724365234,52700,0.0,0.0
2020-09-02 00:00:00-04:00,62.391152613586016,63.351618888771455,61.886671333104715,63.25459671020508,67300,0.0,0.0
2020-09-03 00:00:00-04:00,62.905341501950325,64.15685218535941,61.29487538184679,61.644134521484375,71000,0.0,0.0
2020-09-04 00:00:00-04:00,62.924743924854056,63.623262148905624,61.838162899233296,62.526973724365234,92500,0.0,0.0
2020-09-08 00:00:00-04:00,61.98368422241419,62.52697287742742,59.70380372883764,60.46052932739258,96500,0.0,0.0
2020-09-09 00:00:00-04:00,61.081432730588126,61.081432730588126,57.58884906119799,58.18064880371094,134300,0.0,0.0
2020-09-10 00:00:00-04:00,58.21945805190501,58.79185415413723,55.81345516311368,55.92017364501953,95200,0.0,0.0
2020-09-11 00:00:00-04:00,56.25972982903116,57.78288478860879,55.34777463224794,55.48359680175781,80200,0.0,0.0
2020-09-14 00:00:00-04:00,55.86196072080429,58.02542273668481,55.86196072080429,57.821685791015625,119000,0.0,0.0
2020-09-15 00:00:00-04:00,58.21945664627599,58.86946751997403,56.909738602034196,56.9776496887207,95200,0.0,0.0
2020-09-16 00:00:00-04:00,57.26869498961649,59.053794256065416,56.34704351418008,58.95677947998047,126500,0.0,0.0
2020-09-17 00:00:00-04:00,57.87989920496013,59.2090208994154,57.16197726948065,58.96648025512695,116300,0.0,0.0
2020-09-18 00:00:00-04:00,59.07319735547885,59.762011881011475,57.753775689126726,58.19034957885742,335000,0.0,0.0
2020-09-21 00:00:00-04:00,56.7836142378,57.46272877936701,51.816382898151836,53.1067008972168,185600,0.0,0.0
2020-09-22 00:00:00-04:00,53.27162687693458,53.659693387516256,51.18577585909199,51.99101257324219,116700,0.0,0.0
2020-09-23 00:00:00-04:00,51.71936796497845,52.98057856643628,50.467857360839844,50.467857360839844,121600,0.0,0.0
2020-09-24 00:00:00-04:00,50.47756087483087,51.884297440216905,50.16710912671659,50.41935348510742,60600,0.0,0.0
2020-09-25 00:00:00-04:00,49.98277221371375,50.535764540094675,48.98350602760018,48.99320602416992,150100,0.0,0.0
2020-09-28 00:00:00-04:00,50.06038890721174,52.54400650681724,49.8372519523026,51.874595642089844,129300,0.0,0.0
2020-09-29 00:00:00-04:00,51.457424640329336,51.806683764723786,50.16710661974722,51.418617248535156,152100,0.0,0.0
2020-09-30 00:00:00-04:00,51.748471929347765,53.43655643923858,51.748471929347765,51.99101257324219,194000,0.0,0.0
2020-10-01 00:00:00-04:00,52.02981922909842,52.56340789794922,51.108164055150795,52.56340789794922,105100,0.0,0.0
2020-10-02 00:00:00-04:00,51.292494755950194,54.232089900697424,51.292494755950194,53.42685317993164,125400,0.0,0.0
2020-10-05 00:00:00-04:00,53.98954444121666,55.144036480391435,53.98954444121666,54.7559700012207,118700,0.0,0.0
2020-10-06 00:00:00-04:00,55.541805402699715,55.85225711936085,53.08729536132373,53.17461013793945,96800,0.0,0.0
2020-10-07 00:00:00-04:00,54.367910990879416,56.53137306513527,53.93133709677477,56.230621337890625,164400,0.0,0.0
2020-10-08 00:00:00-04:00,57.123172715891535,58.326172220893255,56.60898404117371,58.15154266357422,114600,0.0,0.0
2020-10-09 00:00:00-04:00,58.90827360288911,61.09113942867747,58.90827360288911,60.8971061706543,179400,0.0,0.0
2020-10-12 00:00:00-04:00,60.4896325794082,61.07173232095816,58.626922288551604,59.60678482055664,113200,0.0,0.0
2020-10-13 00:00:00-04:00,58.71423993079952,59.34484338883194,57.97691429568658,58.209754943847656,82000,0.0,0.0
2020-10-14 00:00:00-04:00,58.38438320593015,60.65456374627283,57.99631670125348,60.07246398925781,121600,0.0,0.0
2020-10-15 00:00:00-04:00,58.782152816558124,61.256066737296045,58.47170107674895,61.22696304321289,111400,0.0,0.0
2020-10-16 00:00:00-04:00,61.03292710980143,63.438929838473776,60.77098277188579,63.1187744140625,131400,0.0,0.0
2020-10-19 00:00:00-04:00,61.556812277690064,65.0396958523552,61.556812277690064,63.47773361206055,185700,0.0,0.0
2020-10-20 00:00:00-04:00,64.3896904783844,65.97105275478727,62.18741736644155,62.60458755493164,124900,0.0,0.0
2020-10-21 00:00:00-04:00,62.24563309152624,63.9337138650035,61.42099269911941,61.72174072265625,193800,0.0,0.0
2020-10-22 00:00:00-04:00,62.24140316095497,63.66311208850086,56.01530331928354,63.192474365234375,213400,0.67,0.0
2020-10-23 00:00:00-04:00,63.82979385063103,63.99647508462641,62.38847843456975,62.67281723022461,181900,0.0,0.0
2020-10-26 00:00:00-04:00,61.63349953296971,61.878621625455104,60.88832627726499,61.574668884277344,145600,0.0,0.0
2020-10-27 00:00:00-04:00,61.30993841785286,62.62379302266501,61.15306042355887,61.407989501953125,188000,0.0,0.0
2020-10-28 00:00:00-04:00,59.38817893234441,60.40788771181165,58.05471418077437,59.505836486816406,138600,0.0,0.0
2020-10-29 00:00:00-04:00,59.24110331609359,63.23169053430833,58.35866606008316,62.986568450927734,131600,0.0,0.0
2020-10-30 00:00:00-04:00,62.8493027717353,63.417987819408644,60.82949913131299,61.70213317871094,107600,0.0,0.0
2020-11-02 00:00:00-05:00,62.67281608332747,63.731745339683926,61.21189047701312,63.37876892089844,127000,0.0,0.0
2020-11-03 00:00:00-05:00,64.27101500035783,65.28091681443205,62.64340073184531,64.46710968017578,113200,0.0,0.0
2020-11-04 00:00:00-05:00,63.83959934744881,64.19257576450059,61.10403585556392,61.98647689819336,96300,0.0,0.0
2020-11-05 00:00:00-05:00,62.427700153653355,66.11433895824153,61.99628656599591,64.81028747558594,90500,0.0,0.0
2020-11-06 00:00:00-05:00,64.96716260497254,65.5358401841209,63.51603650105057,63.770965576171875,63800,0.0,0.0
2020-11-09 00:00:00-05:00,68.63418556404929,73.39935961736732,68.63418556404929,69.48721313476562,245500,0.0,0.0
2020-11-10 00:00:00-05:00,70.90891394855298,75.08579622417938,70.3598428912896,74.3602294921875,210300,0.0,0.0
2020-11-11 00:00:00-05:00,75.56624032486828,75.56624032486828,72.2914126752949,73.48760223388672,140100,0.0,0.0
2020-11-12 00:00:00-05:00,72.26198954821528,72.48750516372422,67.82037844919628,71.00696563720703,109400,0.0,0.0
2020-11-13 00:00:00-05:00,71.7227274043302,76.2917994233024,71.7227274043302,75.33092498779297,92900,0.0,0.0
2020-11-16 00:00:00-05:00,77.16443397816104,79.38033985356215,75.41916582552577,79.03717041015625,146500,0.0,0.0
2020-11-17 00:00:00-05:00,77.39974969848788,79.53721451663853,76.97813942534933,79.31169891357422,99900,0.0,0.0
2020-11-18 00:00:00-05:00,80.16473945350195,81.40014954051549,76.57614806032922,76.62517547607422,97400,0.0,0.0
2020-11-19 00:00:00-05:00,76.08590056601086,76.61536521513801,73.54643912650069,75.11521911621094,112300,0.0,0.0
2020-11-20 00:00:00-05:00,74.64457524969839,74.91911827082039,73.42877179257356,73.82096862792969,100300,0.0,0.0
2020-11-23 00:00:00-05:00,74.78185012680308,77.90961064833267,74.78185012680308,77.57624816894531,169100,0.0,0.0
2020-11-24 00:00:00-05:00,79.22346316241394,80.65497528267692,78.53711681618422,78.92931365966797,166500,0.0,0.0
2020-11-25 00:00:00-05:00,78.79204675738336,78.79204675738336,75.87999507403653,77.82136535644531,71000,0.0,0.0
2020-11-27 00:00:00-05:00,77.93902898185084,78.61556844245662,76.55654408297849,78.39005279541016,42800,0.0,0.0
2020-11-30 00:00:00-05:00,77.9292210593719,79.11561112168789,76.22316586316921,76.45848846435547,124000,0.0,0.0
2020-12-01 00:00:00-05:00,80.40005349375652,88.34200850130142,79.96863617879985,85.86137390136719,253300,0.0,0.0
2020-12-02 00:00:00-05:00,86.20454020218584,86.20454020218584,82.58654301448483,84.42005157470703,134300,0.0,0.0
2020-12-03 00:00:00-05:00,85.30249627295557,88.64596552212625,84.32200781004804,88.11650085449219,121300,0.0,0.0
2020-12-04 00:00:00-05:00,93.40132264503619,98.49005211272537,91.08736953243077,97.3821029663086,256800,0.0,0.0
2020-12-07 00:00:00-05:00,95.2446420086572,98.33318194631578,92.46005855994538,92.76400756835938,147600,0.0,0.0
2020-12-08 00:00:00-05:00,91.32268681238794,94.09747071392847,90.63634794087348,93.98961639404297,80900,0.0,0.0
2020-12-09 00:00:00-05:00,95.47015718257116,95.47015718257116,91.30308152702312,92.55810546875,65200,0.0,0.0
2020-12-10 00:00:00-05:00,92.08746206899806,94.32297426234568,91.73448567209768,93.91117095947266,103700,0.0,0.0
2020-12-11 00:00:00-05:00,92.62673644310524,94.96029604381528,91.61683463053129,92.7051773071289,80300,0.0,0.0
2020-12-14 00:00:00-05:00,93.57782299264632,94.5386975146425,91.1952356853019,91.51879119873047,108600,0.0,0.0
2020-12-15 00:00:00-05:00,92.84244163945706,94.59751663417215,91.1952209586458,94.55829620361328,90000,0.0,0.0
2020-12-16 00:00:00-05:00,94.79361937474002,94.79361937474002,91.22464217596618,91.26386260986328,112100,0.0,0.0
2020-12-17 00:00:00-05:00,92.25415027471684,93.61703603737746,91.7737130516549,93.17581176757812,103000,0.0,0.0
2020-12-18 00:00:00-05:00,93.6660509965392,94.0190274014262,91.37171184530624,91.90117645263672,478000,0.0,0.0
2020-12-21 00:00:00-05:00,90.74420771698239,91.73449565106357,88.42044743136267,91.04815673828125,122700,0.0,0.0
2020-12-22 00:00:00-05:00,90.9304926360972,91.68547289746861,89.82254343081829,90.27356719970703,74000,0.0,0.0
2020-12-23 00:00:00-05:00,91.14620230971492,92.58752147900604,91.0677614410588,91.74430084228516,65700,0.0,0.0
2020-12-24 00:00:00-05:00,92.59732426176843,94.23473804796916,90.6461470151611,93.7837142944336,65900,0.0,0.0
2020-12-28 00:00:00-05:00,94.89166562630022,95.84274056588531,93.26405878124767,93.75430297851562,77500,0.0,0.0
2020-12-29 00:00:00-05:00,94.01903311767494,95.04854894127743,91.5972255459976,93.51898193359375,86800,0.0,0.0
2020-12-30 00:00:00-05:00,93.42093036612881,97.31347037813961,93.42093036612881,96.48005676269531,83500,0.0,0.0
2020-12-31 00:00:00-05:00,96.38201483960587,97.6468383206548,94.03864811032452,96.97030639648438,64700,0.0,0.0
2021-01-04 00:00:00-05:00,99.08815664417702,100.39220802906034,93.33269444623669,94.11708068847656,139300,0.0,0.0
2021-01-05 00:00:00-05:00,94.13669154445209,100.20590953544112,94.13669154445209,99.07835388183594,89100,0.0,0.0
2021-01-06 00:00:00-05:00,100.63732287145547,108.54005651789727,98.72537359587515,107.52035522460938,245700,0.0,0.0
2021-01-07 00:00:00-05:00,109.1185565944493,109.1185565944493,102.95128356691941,105.2162094116211,105300,0.0,0.0
2021-01-08 00:00:00-05:00,105.62801872478448,106.10845594669627,103.21601067560127,104.9906997680664,120700,0.0,0.0
2021-01-11 00:00:00-05:00,103.23562233462943,105.81430407870879,102.76498462122008,103.961181640625,78300,0.0,0.0
2021-01-12 00:00:00-05:00,104.87303709949167,107.73606139757905,103.80430834705746,106.35357666015625,65600,0.0,0.0
2021-01-13 00:00:00-05:00,104.87303484153774,107.19679496442764,102.67674299390464,102.88264465332031,103700,0.0,0.0
2021-01-14 00:00:00-05:00,103.65723796819226,105.92216384666646,102.85323775518816,103.92196655273438,89900,0.0,0.0
2021-01-15 00:00:00-05:00,103.68665281996059,104.91226337338803,100.17650239961647,100.970703125,119300,0.0,0.0
2021-01-19 00:00:00-05:00,102.46104045985035,103.81411179398376,100.67655182474701,101.6668472290039,97600,0.0,0.0
2021-01-20 00:00:00-05:00,101.77469938561389,103.29445192436324,99.82352207455442,100.70596313476562,61700,0.0,0.0
2021-01-21 00:00:00-05:00,99.91176244679745,100.7255695570327,96.40161242572412,98.79400634765625,104300,0.0,0.0
2021-01-22 00:00:00-05:00,97.03618510847463,98.88288965150701,96.43378198558143,98.36936950683594,50800,0.72,0.0
2021-01-25 00:00:00-05:00,97.52007407933993,97.52007407933993,93.37238786642267,96.55227661132812,82400,0.0,0.0
2021-01-26 00:00:00-05:00,97.79658600077977,98.05334982577908,92.59222685425405,94.12291717529297,65600,0.0,0.0
2021-01-27 00:00:00-05:00,91.37754467953094,93.84640736960525,89.264198819577,89.9653549194336,108200,0.0,0.0
2021-01-28 00:00:00-05:00,91.61455549932693,93.32301183535138,88.46429175756947,90.42950439453125,99800,0.0,0.0
2021-01-29 00:00:00-05:00,90.59739150959714,91.12078924259983,85.1263903803746,85.62016296386719,108700,0.0,0.0
2021-02-01 00:00:00-05:00,87.64463040397965,88.36554166496116,83.7240750271698,88.0396499633789,96900,0.0,0.0
2021-02-02 00:00:00-05:00,89.19506790343061,92.90823937144756,88.69141782232263,92.01944732666016,180900,0.0,0.0
2021-02-03 00:00:00-05:00,91.36766976990876,92.76998954467707,88.5235425808028,92.68110656738281,88200,0.0,0.0
2021-02-04 00:00:00-05:00,92.79961345642359,96.53253269690157,91.58492967872036,95.9893798828125,103900,0.0,0.0
2021-02-05 00:00:00-05:00,97.31269773620463,99.34703828719162,96.38440290565885,97.40157318115234,101400,0.0,0.0
2021-02-08 00:00:00-05:00,99.04090239526337,104.46252307142412,98.4384992607598,104.27488708496094,143600,0.0,0.0
2021-02-09 00:00:00-05:00,103.70211678716214,105.0945515103263,100.44321482630494,103.48485565185547,105100,0.0,0.0
2021-02-10 00:00:00-05:00,104.6303975237907,107.03013235377546,104.6303975237907,106.04258728027344,193200,0.0,0.0
2021-02-11 00:00:00-05:00,106.15121236406355,107.44490146697346,103.48484381693211,105.3216781616211,145200,0.0,0.0
2021-02-12 00:00:00-05:00,104.8377908505168,107.27702090510421,104.8377908505168,107.26715087890625,73900,0.0,0.0
2021-02-16 00:00:00-05:00,108.09668569734487,110.35816487953778,107.39552958075825,109.51875305175781,94400,0.0,0.0
2021-02-17 00:00:00-05:00,108.67933800766569,110.60504788113347,107.71154052358256,109.62738037109375,84400,0.0,0.0
2021-02-18 00:00:00-05:00,108.89659408487555,108.89659408487555,104.82791312390404,106.1117172241211,77200,0.0,0.0
2021-02-19 00:00:00-05:00,106.82274569382328,115.6316456856897,106.82274569382328,113.99232482910156,87000,0.0,0.0
2021-02-22 00:00:00-05:00,113.28129438337332,119.58182923471902,113.21216652966032,117.80425262451172,216000,0.0,0.0
2021-02-23 00:00:00-05:00,117.35985492566972,117.35985492566972,112.6591457201517,117.08334350585938,123100,0.0,0.0
2021-02-24 00:00:00-05:00,117.71536820056492,121.43841729798343,112.69864501923117,119.98672485351562,354300,0.0,0.0
2021-02-25 00:00:00-05:00,116.00692751748711,121.83344528588117,111.50372413992153,115.61190795898438,165000,0.0,0.0
2021-02-26 00:00:00-05:00,114.81199506864886,115.01937863486145,108.94597478239972,112.67889404296875,125900,0.0,0.0
2021-03-01 00:00:00-05:00,116.40194370073365,120.14474053550963,114.78237033876874,118.8510513305664,172200,0.0,0.0
2021-03-02 00:00:00-05:00,118.19927534800918,121.56680021880025,115.86866831087612,116.54019927978516,100200,0.0,0.0
2021-03-03 00:00:00-05:00,116.12542267653758,121.46804519128659,116.12542267653758,119.96697998046875,114000,0.0,0.0
2021-03-04 00:00:00-05:00,118.64366652179476,119.97685088655476,107.82017323842963,110.06189727783203,175500,0.0,0.0
2021-03-05 00:00:00-05:00,110.0717724211798,113.53805772093303,105.81545558731881,113.18254089355469,94500,0.0,0.0
2021-03-08 00:00:00-05:00,114.57497551879875,116.7278240692509,113.5775604244779,115.91803741455078,113300,0.0,0.0
2021-03-09 00:00:00-05:00,117.23147718035975,118.74241996836774,112.82702696615557,117.41911315917969,155400,0.0,0.0
2021-03-10 00:00:00-05:00,117.705501568245,125.37872359460845,117.705501568245,124.13441467285156,216600,0.0,0.0
2021-03-11 00:00:00-05:00,125.59598399197219,128.1932248486053,122.63334874215467,123.46288299560547,162200,0.0,0.0
2021-03-12 00:00:00-05:00,124.93432520882911,125.51697316634531,119.34481666195805,123.89739990234375,94100,0.0,0.0
2021-03-15 00:00:00-04:00,122.70247972811703,122.89998573606368,117.60674335188374,120.64838409423828,111000,0.0,0.0
2021-03-16 00:00:00-04:00,120.28299472667423,120.28299472667423,115.20701357733493,115.9575424194336,117700,0.0,0.0
2021-03-17 00:00:00-04:00,115.73041358061634,118.29802935372336,113.74544580454533,117.94251251220703,100100,0.0,0.0
2021-03-18 00:00:00-04:00,119.05843716064005,120.00647957095455,111.12845105890439,111.89873504638672,108200,0.0,0.0
2021-03-19 00:00:00-04:00,111.02969296465074,114.36759260220043,106.70424825315922,112.30362701416016,530900,0.0,0.0
2021-03-22 00:00:00-04:00,113.65655453316155,113.68618721310158,108.27443710277355,109.82488250732422,102000,0.0,0.0
2021-03-23 00:00:00-04:00,107.57329147451088,108.10656674963971,102.19117352164244,103.54410552978516,157500,0.0,0.0
2021-03-24 00:00:00-04:00,105.44018031203703,109.12372661610186,101.52950286865234,101.52950286865234,93000,0.0,0.0
2021-03-25 00:00:00-04:00,101.22336482587663,106.76349300592547,99.66304188177514,105.7166976928711,114900,0.0,0.0
2021-03-26 00:00:00-04:00,107.5930318947104,111.67159783806562,105.15380191129292,111.2667007446289,106700,0.0,0.0
2021-03-29 00:00:00-04:00,110.77292374920329,114.73298141276646,105.99320944024814,106.44747924804688,125100,0.0,0.0
2021-03-30 00:00:00-04:00,106.34873484637308,110.0026487238019,105.72657660776962,108.24481964111328,61500,0.0,0.0
2021-03-31 00:00:00-04:00,109.25210403272939,111.46421032621919,107.9287973081043,109.12372589111328,237900,0.0,0.0
2021-04-01 00:00:00-04:00,108.63983447851005,113.03440699463665,108.06705653378296,109.74588012695312,91700,0.0,0.0
2021-04-05 00:00:00-04:00,111.35558465247576,113.07391097159046,109.45949238429745,111.90860748291016,83900,0.0,0.0
2021-04-06 00:00:00-04:00,112.45175578264512,113.83431280334722,107.99792556775282,109.0644760131836,70900,0.0,0.0
2021-04-07 00:00:00-04:00,109.65700096176538,110.56554058050696,107.65228575770948,107.96829986572266,74100,0.0,0.0
2021-04-08 00:00:00-04:00,108.25469865941992,110.3482894897461,105.69695288328327,110.3482894897461,75500,0.0,0.0
2021-04-09 00:00:00-04:00,109.67675540213996,109.99276952990435,107.63253736502033,109.66688537597656,58100,0.0,0.0
2021-04-12 00:00:00-04:00,109.0546022155256,110.03226972371401,107.79054573334848,109.6570053100586,55900,0.0,0.0
2021-04-13 00:00:00-04:00,108.80771876670404,110.33841667627081,106.15122005263997,109.21260833740234,65300,0.0,0.0
2021-04-14 00:00:00-04:00,109.39036908297763,113.12329594687544,107.48440670948636,110.80255889892578,80100,0.0,0.0
2021-04-15 00:00:00-04:00,111.16794753419812,112.82702354281078,110.07177191059488,112.48138427734375,52500,0.0,0.0
2021-04-16 00:00:00-04:00,114.34784374615157,115.23663580970442,111.99748920864147,113.66643524169922,83300,0.0,0.0
2021-04-19 00:00:00-04:00,113.02453243189873,113.33067653288708,108.8570984848366,110.0915298461914,74500,0.0,0.0
2021-04-20 00:00:00-04:00,109.62737835712154,110.20014876129022,105.07479506361462,107.58316040039062,102800,0.0,0.0
2021-04-21 00:00:00-04:00,106.47711329597638,111.25683553893921,106.1413515755881,110.92106628417969,63700,0.0,0.0
2021-04-22 00:00:00-04:00,110.14580972213304,111.80564820850286,108.45615495850795,109.9271469116211,64400,0.72,0.0
2021-04-23 00:00:00-04:00,110.42410625090629,113.50524545509568,109.2115270765462,112.54115295410156,64200,0.0,0.0
2021-04-26 00:00:00-04:00,113.11761438152955,116.29815116737633,112.25291203295808,115.81112670898438,131800,0.0,0.0
2021-04-27 00:00:00-04:00,116.16894168557603,119.3991698627681,114.78739854873845,119.021484375,161300,0.0,0.0
2021-04-28 00:00:00-04:00,119.52837867291674,124.23953990279645,118.81275770979988,123.48416137695312,134100,0.0,0.0
2021-04-29 00:00:00-04:00,123.49410480386734,124.23954205620458,116.52674916212104,119.55819702148438,143800,0.0,0.0
2021-04-30 00:00:00-04:00,119.51843589307423,130.34218386752175,118.11701026065161,119.73709869384766,333600,0.0,0.0
2021-05-03 00:00:00-04:00,119.26995915079976,125.80993039748377,119.26995915079976,125.35272979736328,128600,0.0,0.0
2021-05-04 00:00:00-04:00,124.76632023163418,131.19696033400982,124.76632023163418,130.44158935546875,98300,0.0,0.0
2021-05-05 00:00:00-04:00,130.8490815749843,136.81257968245265,128.80161631797375,136.64361572265625,143100,0.0,0.0
2021-05-06 00:00:00-04:00,138.10467162859192,140.21178457032528,133.06552369959593,136.7628936767578,157100,0.0,0.0
2021-05-07 00:00:00-04:00,138.25376741938206,138.38296622928934,133.03570669254353,135.2720184326172,74500,0.0,0.0
2021-05-10 00:00:00-04:00,137.06105188161686,137.06105188161686,132.15111809264604,132.39959716796875,109100,0.0,0.0
2021-05-11 00:00:00-04:00,129.00040105290705,139.47628825322838,128.7419882523189,138.6910858154297,172300,0.0,0.0
2021-05-12 00:00:00-04:00,137.58783805023953,138.34322420990165,129.94463378042192,131.83306884765625,119600,0.0,0.0
2021-05-13 00:00:00-04:00,131.574643724505,136.31561352277072,126.0385226926639,129.3880157470703,108400,0.0,0.0
2021-05-14 00:00:00-04:00,130.2626656146628,132.39959472254438,126.803841196524,131.7535400390625,86100,0.0,0.0
2021-05-17 00:00:00-04:00,130.41176351666246,132.7772739818597,127.41013206443372,132.44927978515625,91900,0.0,0.0
2021-05-18 00:00:00-04:00,132.3797264896563,132.3797264896563,129.2389470555514,129.51724243164062,77800,0.0,0.0
2021-05-19 00:00:00-04:00,126.65476185016416,128.50343930038716,123.16611330905778,126.67463684082031,111600,0.0,0.0
2021-05-20 00:00:00-04:00,126.98275591954162,126.98275591954162,121.13852288607836,124.01094055175781,99700,0.0,0.0
2021-05-21 00:00:00-04:00,125.54156622860665,127.43001631024859,123.48415977777984,124.32898712158203,91300,0.0,0.0
2021-05-24 00:00:00-04:00,124.54765537973707,125.83974966780238,122.67909537179303,124.43832397460938,81400,0.0,0.0
2021-05-25 00:00:00-04:00,125.69065633302837,128.43386748671216,121.08882652269052,121.59571838378906,113300,0.0,0.0
2021-05-26 00:00:00-04:00,122.24176470067232,125.73041306792575,121.9634693474746,124.69673919677734,83300,0.0,0.0
2021-05-27 00:00:00-04:00,126.05841220862285,132.1014254230294,126.05841220862285,130.56085205078125,130700,0.0,0.0
2021-05-28 00:00:00-04:00,130.620477847828,130.7695743918576,126.76408534782053,128.6028289794922,94500,0.0,0.0
2021-06-01 00:00:00-04:00,129.83529747356909,136.86227817202584,129.83529747356909,135.89817810058594,156400,0.0,0.0
2021-06-02 00:00:00-04:00,136.84239884964035,136.84239884964035,131.19696113500703,132.68783569335938,70600,0.0,0.0
2021-06-03 00:00:00-04:00,131.44542998792127,133.24441605496432,127.65861133126884,131.6740264892578,80000,0.0,0.0
2021-06-04 00:00:00-04:00,132.94623977392365,132.94623977392365,129.7955269004272,130.0638885498047,50500,0.0,0.0
2021-06-07 00:00:00-04:00,130.38194290517117,130.38194290517117,127.33062751759165,128.851318359375,86900,0.0,0.0
2021-06-08 00:00:00-04:00,128.9010137998117,134.4073037033014,126.27707524363568,133.60223388671875,61900,0.0,0.0
2021-06-09 00:00:00-04:00,133.30405424111407,133.30405424111407,129.22900635973028,131.39573669433594,54500,0.0,0.0
2021-06-10 00:00:00-04:00,132.91642111057067,133.18478275512788,129.55699436586806,131.7137908935547,104300,0.0,0.0
2021-06-11 00:00:00-04:00,133.2841796875,135.61987385421565,131.77342269006883,133.2841796875,88600,0.0,0.0
2021-06-14 00:00:00-04:00,132.3896507311455,132.86672631806186,126.86347842098944,127.68843078613281,88400,0.0,0.0
2021-06-15 00:00:00-04:00,127.46977560835342,131.11744689941406,124.7066892879755,131.11744689941406,109200,0.0,0.0
2021-06-16 00:00:00-04:00,130.2924860441361,131.5746465829374,127.11195687053346,130.77951049804688,108900,0.0,0.0
2021-06-17 00:00:00-04:00,129.6066857643425,130.69006611022272,123.49410628809633,126.35658264160156,153900,0.0,0.0
2021-06-18 00:00:00-04:00,123.97118722968362,126.1081012737008,120.32350853398091,123.41458892822266,404800,0.0,0.0
2021-06-21 00:00:00-04:00,124.3488729666519,126.71439110814701,122.8878147445891,125.31297302246094,115700,0.0,0.0
2021-06-22 00:00:00-04:00,125.46205651246821,130.15333502742453,123.83202682196585,129.4178466796875,139900,0.0,0.0
2021-06-23 00:00:00-04:00,130.2527371901283,134.36755016158773,128.41398592580225,132.25050354003906,101300,0.0,0.0
2021-06-24 00:00:00-04:00,132.25050927175818,136.2261747369111,131.3957405901119,135.77891540527344,88800,0.0,0.0
2021-06-25 00:00:00-04:00,136.60386319748437,136.79270972725735,125.52169457090676,127.98661041259766,682400,0.0,0.0
2021-06-28 00:00:00-04:00,128.75191409757412,128.75191409757412,121.1683428489039,121.53608703613281,145000,0.0,0.0
2021-06-29 00:00:00-04:00,122.19207985869073,126.62494591918482,121.55597399423293,123.22575378417969,94500,0.0,0.0
2021-06-30 00:00:00-04:00,122.33122200842153,125.53163375961664,122.30140573221458,122.73872375488281,74200,0.0,0.0
2021-07-01 00:00:00-04:00,122.86794076416098,124.60729436034286,121.47645637061949,123.7326431274414,122500,0.0,0.0
2021-07-02 00:00:00-04:00,124.10039728437829,124.5973554642507,121.41682614625925,122.47037506103516,113400,0.0,0.0
2021-07-06 00:00:00-04:00,122.10261647847642,122.10261647847642,116.20869249008781,117.07340240478516,90900,0.0,0.0
2021-07-07 00:00:00-04:00,117.10322571066325,121.97341741117128,116.23851574405502,120.15454864501953,126000,0.0,0.0
2021-07-08 00:00:00-04:00,116.337910547736,119.51843980028981,114.36995285941967,115.7216796875,106500,0.0,0.0
2021-07-09 00:00:00-04:00,118.16671471528169,122.0032324481932,118.16671471528169,120.97949981689453,59700,0.0,0.0
2021-07-12 00:00:00-04:00,119.65758811059618,122.47037318551405,119.65758811059618,122.18213653564453,88600,0.0,0.0
2021-07-13 00:00:00-04:00,120.34339397091148,120.7707783064815,117.78902924426653,119.07118225097656,85600,0.0,0.0
2021-07-14 00:00:00-04:00,119.74704030609695,121.38699615040227,116.20869308782046,117.04358673095703,61600,0.0,0.0
2021-07-15 00:00:00-04:00,115.49307480615204,119.36935001959345,115.10544804310588,115.76143646240234,89200,0.0,0.0
2021-07-16 00:00:00-04:00,117.45109423195987,117.45109423195987,113.33628111553182,113.70403289794922,88300,0.0,0.0
2021-07-19 00:00:00-04:00,110.34458498746498,111.45777398037903,106.8658779154607,108.64498901367188,111600,0.0,0.0
2021-07-20 00:00:00-04:00,108.09834004291906,114.34013325898785,106.85594465491239,112.82937622070312,148500,0.0,0.0
2021-07-21 00:00:00-04:00,114.20098891562093,118.4947071985836,114.20098891562093,117.62999725341797,127900,0.0,0.0
2021-07-22 00:00:00-04:00,112.11000061035156,113.0999984741211,103.62999725341797,110.76000213623047,402600,0.72,0.0
2021-07-23 00:00:00-04:00,111.91000366210938,114.97000122070312,109.52999877929688,114.87999725341797,133100,0.0,0.0
2021-07-26 00:00:00-04:00,115.80999755859375,120.7300033569336,115.80999755859375,120.58000183105469,98300,0.0,0.0
2021-07-27 00:00:00-04:00,119.19999694824219,119.52999877929688,116.01000213623047,118.4800033569336,72200,0.0,0.0
2021-07-28 00:00:00-04:00,120.54000091552734,122.04000091552734,117.13999938964844,120.41000366210938,83000,0.0,0.0
2021-07-29 00:00:00-04:00,121.30999755859375,127.0,121.26000213623047,124.0999984741211,128200,0.0,0.0
2021-07-30 00:00:00-04:00,122.79000091552734,124.7300033569336,119.7699966430664,121.68000030517578,76500,0.0,0.0
2021-08-02 00:00:00-04:00,122.01000213623047,124.56999969482422,119.87000274658203,120.27999877929688,96800,0.0,0.0
2021-08-03 00:00:00-04:00,120.9000015258789,122.55999755859375,119.0,122.51000213623047,112800,0.0,0.0
2021-08-04 00:00:00-04:00,120.61000061035156,122.55000305175781,119.0,119.75,140700,0.0,0.0
2021-08-05 00:00:00-04:00,119.13999938964844,122.55000305175781,119.13999938964844,120.08999633789062,66100,0.0,0.0
2021-08-06 00:00:00-04:00,121.72000122070312,123.2699966430664,121.0999984741211,122.19000244140625,37900,0.0,0.0
2021-08-09 00:00:00-04:00,120.98999786376953,122.04000091552734,119.26000213623047,120.48999786376953,41400,0.0,0.0
2021-08-10 00:00:00-04:00,121.12000274658203,126.7699966430664,118.94999694824219,126.6500015258789,58600,0.0,0.0
2021-08-11 00:00:00-04:00,127.5999984741211,130.19000244140625,124.95999908447266,130.14999389648438,61700,0.0,0.0
2021-08-12 00:00:00-04:00,130.02999877929688,130.02999877929688,125.33999633789062,127.63999938964844,47700,0.0,0.0
2021-08-13 00:00:00-04:00,127.7699966430664,130.57000732421875,126.33999633789062,127.43000030517578,31700,0.0,0.0
2021-08-16 00:00:00-04:00,125.5199966430664,125.5199966430664,120.23999786376953,122.38999938964844,64600,0.0,0.0
2021-08-17 00:00:00-04:00,120.88999938964844,122.55000305175781,119.11000061035156,122.30999755859375,70800,0.0,0.0
2021-08-18 00:00:00-04:00,121.31999969482422,123.7300033569336,120.16999816894531,121.0199966430664,46700,0.0,0.0
2021-08-19 00:00:00-04:00,118.41999816894531,119.70999908447266,116.76000213623047,118.94999694824219,76800,0.0,0.0
2021-08-20 00:00:00-04:00,118.66999816894531,122.01000213623047,115.5,121.13999938964844,59500,0.0,0.0
2021-08-23 00:00:00-04:00,122.44000244140625,123.94999694824219,121.3499984741211,121.4000015258789,55400,0.0,0.0
2021-08-24 00:00:00-04:00,122.43000030517578,125.72000122070312,122.06999969482422,123.37000274658203,49500,0.0,0.0
2021-08-25 00:00:00-04:00,124.31999969482422,125.38999938964844,122.02999877929688,122.31999969482422,49800,0.0,0.0
2021-08-26 00:00:00-04:00,121.47000122070312,122.43000030517578,115.5999984741211,119.30000305175781,70100,0.0,0.0
2021-08-27 00:00:00-04:00,120.05000305175781,125.86000061035156,118.5199966430664,125.44000244140625,89000,0.0,0.0
2021-08-30 00:00:00-04:00,126.44999694824219,127.58000183105469,123.0999984741211,123.87000274658203,49100,0.0,0.0
2021-08-31 00:00:00-04:00,124.37000274658203,126.36000061035156,121.79000091552734,126.26000213623047,64300,0.0,0.0
2021-09-01 00:00:00-04:00,125.6500015258789,126.51000213623047,119.98999786376953,124.45999908447266,82900,0.0,0.0
2021-09-02 00:00:00-04:00,125.06999969482422,127.62000274658203,123.80999755859375,124.87000274658203,77700,0.0,0.0
2021-09-03 00:00:00-04:00,125.02999877929688,125.80000305175781,121.54000091552734,122.61000061035156,53700,0.0,0.0
2021-09-07 00:00:00-04:00,123.0,125.4800033569336,123.0,124.69000244140625,44300,0.0,0.0
2021-09-08 00:00:00-04:00,123.9000015258789,125.0,119.13999938964844,119.73999786376953,64200,0.0,0.0
2021-09-09 00:00:00-04:00,119.58000183105469,124.08999633789062,119.54000091552734,121.26000213623047,65500,0.0,0.0
2021-09-10 00:00:00-04:00,119.41999816894531,122.16000366210938,119.12000274658203,119.94000244140625,118700,0.0,0.0
2021-09-13 00:00:00-04:00,123.02999877929688,123.02999877929688,117.6500015258789,119.58999633789062,87500,0.0,0.0
2021-09-14 00:00:00-04:00,120.58000183105469,120.58000183105469,115.86000061035156,116.5,73200,0.0,0.0
2021-09-15 00:00:00-04:00,116.77999877929688,120.30999755859375,116.77999877929688,119.97000122070312,53900,0.0,0.0
2021-09-16 00:00:00-04:00,119.66000366210938,119.66000366210938,114.13999938964844,114.66000366210938,62400,0.0,0.0
2021-09-17 00:00:00-04:00,114.38999938964844,114.81999969482422,110.20999908447266,111.94999694824219,268300,0.0,0.0
2021-09-20 00:00:00-04:00,108.3499984741211,110.58999633789062,106.83000183105469,110.13999938964844,74500,0.0,0.0
2021-09-21 00:00:00-04:00,111.23999786376953,111.23999786376953,103.77999877929688,105.06999969482422,106800,0.0,0.0
2021-09-22 00:00:00-04:00,106.47000122070312,110.0199966430664,106.47000122070312,107.77999877929688,70100,0.0,0.0
2021-09-23 00:00:00-04:00,108.55999755859375,112.30000305175781,108.55999755859375,110.94000244140625,167900,0.0,0.0
2021-09-24 00:00:00-04:00,110.05000305175781,111.30999755859375,108.86000061035156,109.29000091552734,88800,0.0,0.0
2021-09-27 00:00:00-04:00,109.83999633789062,114.54000091552734,109.5,112.88999938964844,120300,0.0,0.0
2021-09-28 00:00:00-04:00,113.80000305175781,115.05999755859375,109.94999694824219,112.80999755859375,103700,0.0,0.0
2021-09-29 00:00:00-04:00,113.36000061035156,113.36000061035156,110.7300033569336,112.31999969482422,74600,0.0,0.0
2021-09-30 00:00:00-04:00,108.16000366210938,114.41000366210938,108.16000366210938,108.95999908447266,72800,0.0,0.0
2021-10-01 00:00:00-04:00,109.47000122070312,113.83999633789062,108.44000244140625,112.36000061035156,90000,0.0,0.0
2021-10-04 00:00:00-04:00,112.30000305175781,114.87999725341797,109.13999938964844,109.58999633789062,67200,0.0,0.0
2021-10-05 00:00:00-04:00,110.5999984741211,114.08999633789062,108.5,113.9000015258789,112400,0.0,0.0
2021-10-06 00:00:00-04:00,111.69999694824219,113.87000274658203,107.44000244140625,109.94000244140625,70800,0.0,0.0
2021-10-07 00:00:00-04:00,111.83999633789062,114.80000305175781,111.3499984741211,112.86000061035156,91500,0.0,0.0
2021-10-08 00:00:00-04:00,112.98999786376953,113.9000015258789,109.5199966430664,109.7699966430664,57500,0.0,0.0
2021-10-11 00:00:00-04:00,111.44000244140625,115.1500015258789,109.37999725341797,109.58000183105469,77300,0.0,0.0
2021-10-12 00:00:00-04:00,109.4800033569336,110.75,108.20999908447266,109.0999984741211,64100,0.0,0.0
2021-10-13 00:00:00-04:00,109.27999877929688,111.37999725341797,106.55999755859375,110.97000122070312,68800,0.0,0.0
2021-10-14 00:00:00-04:00,113.11000061035156,114.47000122070312,111.38999938964844,112.94000244140625,70900,0.0,0.0
2021-10-15 00:00:00-04:00,116.05000305175781,119.30999755859375,116.05000305175781,117.0,126400,0.0,0.0
2021-10-18 00:00:00-04:00,117.04000091552734,118.1500015258789,115.02999877929688,117.47000122070312,64700,0.0,0.0
2021-10-19 00:00:00-04:00,116.43000030517578,116.80999755859375,110.86000061035156,112.22000122070312,154400,0.0,0.0
2021-10-20 00:00:00-04:00,111.73999786376953,114.83000183105469,110.30999755859375,113.98999786376953,85000,0.0,0.0
2021-10-21 00:00:00-04:00,108.0,108.0,99.29000091552734,102.04000091552734,451500,0.0,0.0
2021-10-22 00:00:00-04:00,101.47000122070312,102.47000122070312,99.41000366210938,99.66999816894531,192000,0.0,0.0
2021-10-25 00:00:00-04:00,99.8499984741211,102.12999725341797,97.41999816894531,97.58999633789062,119400,0.0,0.0
2021-10-26 00:00:00-04:00,97.66000366210938,100.45999908447266,97.66000366210938,99.70999908447266,121800,0.0,0.0
2021-10-27 00:00:00-04:00,98.80000305175781,100.61000061035156,97.0999984741211,99.25,125000,0.0,0.0
2021-10-28 00:00:00-04:00,99.62999725341797,101.47000122070312,99.5,99.97000122070312,130900,0.0,0.0
2021-10-29 00:00:00-04:00,100.36000061035156,100.73999786376953,96.68000030517578,97.13999938964844,104400,0.0,0.0
2021-11-01 00:00:00-04:00,97.91000366210938,99.44999694824219,96.31999969482422,97.55000305175781,131600,0.0,0.0
2021-11-02 00:00:00-04:00,97.55999755859375,98.56999969482422,95.12999725341797,97.94999694824219,80100,0.0,0.0
2021-11-03 00:00:00-04:00,97.9000015258789,101.68000030517578,97.05000305175781,101.30000305175781,92900,0.0,0.0
2021-11-04 00:00:00-04:00,101.63999938964844,101.63999938964844,99.05000305175781,100.9800033569336,100900,0.0,0.0
2021-11-05 00:00:00-04:00,101.4000015258789,107.5199966430664,101.4000015258789,107.33999633789062,160000,0.0,0.0
2021-11-08 00:00:00-05:00,108.12999725341797,110.87999725341797,107.75,109.93000030517578,108000,0.0,0.0
2021-11-09 00:00:00-05:00,109.45999908447266,110.75,106.38999938964844,106.87000274658203,127700,0.0,0.0
2021-11-10 00:00:00-05:00,106.0199966430664,106.86000061035156,101.75,102.38999938964844,82100,0.0,0.0
2021-11-11 00:00:00-05:00,103.73999786376953,105.33000183105469,102.94999694824219,104.86000061035156,60700,0.0,0.0
2021-11-12 00:00:00-05:00,105.12000274658203,108.75,105.12000274658203,108.01000213623047,110000,0.0,0.0
2021-11-15 00:00:00-05:00,108.41999816894531,109.19000244140625,104.5199966430664,106.69999694824219,107100,0.0,0.0
2021-11-16 00:00:00-05:00,106.7699966430664,106.7699966430664,104.87000274658203,105.37000274658203,108300,0.0,0.0
2021-11-17 00:00:00-05:00,104.44000244140625,106.16000366210938,102.26000213623047,102.55000305175781,101700,0.0,0.0
2021-11-18 00:00:00-05:00,102.16000366210938,103.69000244140625,100.08000183105469,102.19000244140625,97100,0.0,0.0
2021-11-19 00:00:00-05:00,101.30000305175781,103.33000183105469,100.48999786376953,100.69000244140625,58100,0.0,0.0
2021-11-22 00:00:00-05:00,101.05000305175781,104.55000305175781,100.8499984741211,102.70999908447266,74800,0.0,0.0
2021-11-23 00:00:00-05:00,103.0199966430664,105.63999938964844,102.51000213623047,103.7300033569336,72600,0.0,0.0
2021-11-24 00:00:00-05:00,102.52999877929688,103.51000213623047,101.23999786376953,101.58000183105469,62000,0.0,0.0
2021-11-26 00:00:00-05:00,98.69999694824219,98.69999694824219,93.0,95.52999877929688,94300,0.0,0.0
2021-11-29 00:00:00-05:00,97.11000061035156,98.16999816894531,93.19999694824219,93.91999816894531,119500,0.0,0.0
2021-11-30 00:00:00-05:00,92.55000305175781,93.43000030517578,88.52999877929688,89.2300033569336,168700,0.0,0.0
2021-12-01 00:00:00-05:00,91.66999816894531,93.75,89.79000091552734,89.91999816894531,115900,0.0,0.0
2021-12-02 00:00:00-05:00,90.5199966430664,93.91999816894531,89.12999725341797,93.05999755859375,67300,0.0,0.0
2021-12-03 00:00:00-05:00,92.91999816894531,93.75,91.33999633789062,93.23999786376953,76200,0.0,0.0
2021-12-06 00:00:00-05:00,94.45999908447266,96.20999908447266,92.7699966430664,93.95999908447266,105400,0.0,0.0
2021-12-07 00:00:00-05:00,95.68000030517578,97.19999694824219,94.5999984741211,94.81999969482422,72300,0.0,0.0
2021-12-08 00:00:00-05:00,95.20999908447266,97.4000015258789,94.38999938964844,97.18000030517578,80700,0.0,0.0
2021-12-09 00:00:00-05:00,95.9000015258789,97.55999755859375,94.51000213623047,96.91999816894531,108900,0.0,0.0
2021-12-10 00:00:00-05:00,92.94000244140625,96.5199966430664,92.0199966430664,95.13999938964844,127900,0.0,0.0
2021-12-13 00:00:00-05:00,96.0999984741211,96.0999984741211,91.27999877929688,94.0999984741211,121400,0.0,0.0
2021-12-14 00:00:00-05:00,93.37999725341797,96.0999984741211,90.94999694824219,91.29000091552734,188600,0.0,0.0
2021-12-15 00:00:00-05:00,91.02999877929688,93.1500015258789,88.80000305175781,92.77999877929688,132600,0.0,0.0
2021-12-16 00:00:00-05:00,93.68000030517578,94.63999938964844,90.80000305175781,91.41000366210938,107500,0.0,0.0
2021-12-17 00:00:00-05:00,91.4000015258789,93.5999984741211,89.26000213623047,93.19999694824219,360600,0.0,0.0
2021-12-20 00:00:00-05:00,91.30999755859375,91.6500015258789,87.91000366210938,89.44000244140625,116200,0.0,0.0
2021-12-21 00:00:00-05:00,90.37999725341797,94.20999908447266,90.37999725341797,93.45999908447266,107300,0.0,0.0
2021-12-22 00:00:00-05:00,93.45999908447266,95.11000061035156,93.19000244140625,95.01000213623047,86800,0.0,0.0
2021-12-23 00:00:00-05:00,95.4800033569336,96.66999816894531,94.9000015258789,96.26000213623047,51700,0.0,0.0
2021-12-27 00:00:00-05:00,95.95999908447266,97.47000122070312,94.62999725341797,97.19999694824219,52100,0.0,0.0
2021-12-28 00:00:00-05:00,94.87000274658203,97.47000122070312,94.87000274658203,96.2699966430664,94300,0.0,0.0
2021-12-29 00:00:00-05:00,96.30000305175781,97.02999877929688,93.04000091552734,95.08000183105469,52600,0.0,0.0
2021-12-30 00:00:00-05:00,95.30999755859375,96.73999786376953,93.9000015258789,93.97000122070312,48800,0.0,0.0
2021-12-31 00:00:00-05:00,94.05000305175781,95.4800033569336,93.20999908447266,93.94000244140625,60000,0.0,0.0
2022-01-03 00:00:00-05:00,94.19000244140625,98.18000030517578,94.19000244140625,97.25,104600,0.0,0.0
2022-01-04 00:00:00-05:00,97.66000366210938,99.80000305175781,95.91000366210938,97.0199966430664,277500,0.0,0.0
2022-01-05 00:00:00-05:00,99.52999877929688,99.61000061035156,97.0199966430664,98.25,181200,0.0,0.0
2022-01-06 00:00:00-05:00,98.98999786376953,99.87000274658203,98.25,99.63999938964844,103400,0.0,0.0
2022-01-07 00:00:00-05:00,99.18000030517578,101.0,98.01000213623047,100.19999694824219,113700,0.0,0.0
2022-01-10 00:00:00-05:00,99.0999984741211,100.83000183105469,97.55999755859375,99.81999969482422,179700,0.0,0.0
2022-01-11 00:00:00-05:00,100.0999984741211,102.19999694824219,98.23999786376953,100.19000244140625,187300,0.0,0.0
2022-01-12 00:00:00-05:00,102.25,102.97000122070312,97.77999877929688,98.41000366210938,114700,0.0,0.0
2022-01-13 00:00:00-05:00,98.37000274658203,102.27999877929688,97.66000366210938,101.13999938964844,160200,0.0,0.0
2022-01-14 00:00:00-05:00,101.5999984741211,106.1500015258789,100.41000366210938,105.80000305175781,169400,0.0,0.0
2022-01-18 00:00:00-05:00,105.33999633789062,106.33000183105469,101.93000030517578,103.23999786376953,97200,0.0,0.0
2022-01-19 00:00:00-05:00,103.31999969482422,105.36000061035156,99.87999725341797,100.13999938964844,92900,0.0,0.0
2022-01-20 00:00:00-05:00,100.6500015258789,103.30000305175781,100.0199966430664,100.30000305175781,140300,0.0,0.0
2022-01-21 00:00:00-05:00,98.05999755859375,100.5199966430664,96.30999755859375,97.80999755859375,145700,0.0,0.0
2022-01-24 00:00:00-05:00,96.33999633789062,98.83999633789062,93.87999725341797,98.0999984741211,124300,0.0,0.0
2022-01-25 00:00:00-05:00,96.44000244140625,99.69000244140625,93.43000030517578,98.5999984741211,93300,0.0,0.0
2022-01-26 00:00:00-05:00,99.19000244140625,100.91000366210938,94.18000030517578,95.08000183105469,118500,0.0,0.0
2022-01-27 00:00:00-05:00,95.4000015258789,98.0,91.9000015258789,92.87999725341797,92600,0.0,0.0
2022-01-28 00:00:00-05:00,92.91999816894531,95.9000015258789,91.19999694824219,95.56999969482422,63900,0.0,0.0
2022-01-31 00:00:00-05:00,94.38999938964844,96.69999694824219,93.88999938964844,95.75,109200,0.0,0.0
2022-02-01 00:00:00-05:00,95.91000366210938,98.16000366210938,95.44999694824219,96.9000015258789,155800,0.0,0.0
2022-02-02 00:00:00-05:00,97.73999786376953,97.73999786376953,92.81999969482422,94.55000305175781,154200,0.0,0.0
2022-02-03 00:00:00-05:00,94.12000274658203,95.69000244140625,93.38999938964844,93.75,78700,0.0,0.0
2022-02-04 00:00:00-05:00,93.52999877929688,94.77999877929688,91.86000061035156,94.0199966430664,66100,0.0,0.0
2022-02-07 00:00:00-05:00,93.70999908447266,95.43000030517578,92.68000030517578,93.04000091552734,71800,0.0,0.0
2022-02-08 00:00:00-05:00,93.18000030517578,97.91999816894531,93.18000030517578,97.55999755859375,74700,0.0,0.0
2022-02-09 00:00:00-05:00,98.16000366210938,99.12000274658203,97.27999877929688,97.93000030517578,48600,0.0,0.0
2022-02-10 00:00:00-05:00,96.52999877929688,100.5,96.52999877929688,98.43000030517578,81800,0.0,0.0
2022-02-11 00:00:00-05:00,98.05999755859375,101.02999877929688,97.55000305175781,99.37000274658203,106600,0.0,0.0
2022-02-14 00:00:00-05:00,100.0,100.69999694824219,97.62999725341797,99.83999633789062,105500,0.0,0.0
2022-02-15 00:00:00-05:00,100.41000366210938,103.83000183105469,99.87999725341797,103.52999877929688,45500,0.0,0.0
2022-02-16 00:00:00-05:00,103.01000213623047,106.37000274658203,103.01000213623047,105.47000122070312,69400,0.0,0.0
2022-02-17 00:00:00-05:00,104.5199966430664,105.29000091552734,102.16000366210938,103.13999938964844,65800,0.0,0.0
2022-02-18 00:00:00-05:00,102.55000305175781,104.44000244140625,101.93000030517578,103.97000122070312,54900,0.0,0.0
2022-02-22 00:00:00-05:00,104.12000274658203,104.5,101.7699966430664,102.30999755859375,83200,0.0,0.0
2022-02-23 00:00:00-05:00,102.83000183105469,104.29000091552734,101.55000305175781,102.94999694824219,82700,0.0,0.0
2022-02-24 00:00:00-05:00,96.0999984741211,98.37000274658203,90.08999633789062,94.9800033569336,229300,0.0,0.0
2022-02-25 00:00:00-05:00,95.5199966430664,98.66999816894531,94.98999786376953,97.66999816894531,148900,0.0,0.0
2022-02-28 00:00:00-05:00,95.30999755859375,98.12000274658203,94.08000183105469,96.5,139600,0.0,0.0
2022-03-01 00:00:00-05:00,95.69999694824219,98.04000091552734,90.76000213623047,91.9800033569336,125300,0.0,0.0
2022-03-02 00:00:00-05:00,92.5,95.02999877929688,92.37999725341797,94.20999908447266,79300,0.0,0.0
2022-03-03 00:00:00-05:00,94.31999969482422,97.06999969482422,90.81999969482422,96.91999816894531,127300,0.0,0.0
2022-03-04 00:00:00-05:00,95.81999969482422,95.81999969482422,92.16000366210938,95.12999725341797,78300,0.0,0.0
2022-03-07 00:00:00-05:00,94.61000061035156,94.61000061035156,88.51000213623047,88.7300033569336,113700,0.0,0.0
2022-03-08 00:00:00-05:00,88.06999969482422,90.26000213623047,86.05000305175781,88.01000213623047,115300,0.0,0.0
2022-03-09 00:00:00-05:00,88.63999938964844,92.5199966430664,88.63999938964844,90.44000244140625,85200,0.0,0.0
2022-03-10 00:00:00-05:00,90.05000305175781,92.12999725341797,89.5,91.36000061035156,53700,0.0,0.0
2022-03-11 00:00:00-05:00,91.30999755859375,91.62000274658203,86.93000030517578,87.18000030517578,79200,0.0,0.0
2022-03-14 00:00:00-04:00,87.75,90.43000030517578,85.81999969482422,87.5199966430664,142900,0.0,0.0
2022-03-15 00:00:00-04:00,87.02999877929688,88.0999984741211,85.05000305175781,87.12000274658203,128400,0.0,0.0
2022-03-16 00:00:00-04:00,88.47000122070312,91.70999908447266,88.47000122070312,90.91999816894531,113200,0.0,0.0
2022-03-17 00:00:00-04:00,90.2300033569336,93.06999969482422,90.2300033569336,92.2699966430664,79100,0.0,0.0
2022-03-18 00:00:00-04:00,91.70999908447266,92.77999877929688,89.98999786376953,91.93000030517578,331800,0.0,0.0
2022-03-21 00:00:00-04:00,92.12999725341797,96.5,92.12999725341797,96.16000366210938,121700,0.0,0.0
2022-03-22 00:00:00-04:00,97.0,97.58000183105469,95.06999969482422,95.12000274658203,59400,0.0,0.0
2022-03-23 00:00:00-04:00,95.0,97.23999786376953,94.54000091552734,96.63999938964844,84100,0.0,0.0
2022-03-24 00:00:00-04:00,97.4800033569336,98.04000091552734,94.70999908447266,96.91000366210938,63100,0.0,0.0
2022-03-25 00:00:00-04:00,96.7300033569336,98.75,95.55000305175781,96.41000366210938,86300,0.0,0.0
2022-03-28 00:00:00-04:00,95.5999984741211,96.05999755859375,92.4800033569336,93.27999877929688,84600,0.0,0.0
2022-03-29 00:00:00-04:00,92.94000244140625,95.5,91.52999877929688,95.08000183105469,160400,0.0,0.0
2022-03-30 00:00:00-04:00,95.61000061035156,96.88999938964844,94.69999694824219,94.97000122070312,86400,0.0,0.0
2022-03-31 00:00:00-04:00,94.19999694824219,96.16000366210938,93.66999816894531,94.16000366210938,95900,0.0,0.0
2022-04-01 00:00:00-04:00,94.94000244140625,95.9000015258789,92.94999694824219,94.72000122070312,112400,0.0,0.0
2022-04-04 00:00:00-04:00,94.68000030517578,94.68000030517578,92.08000183105469,93.91000366210938,78600,0.0,0.0
2022-04-05 00:00:00-04:00,94.12999725341797,94.81999969482422,91.04000091552734,91.36000061035156,78300,0.0,0.0
2022-04-06 00:00:00-04:00,91.27999877929688,92.33999633789062,89.55999755859375,91.63999938964844,78900,0.0,0.0
2022-04-07 00:00:00-04:00,91.63999938964844,92.30999755859375,90.22000122070312,91.27999877929688,131000,0.0,0.0
2022-04-08 00:00:00-04:00,91.05999755859375,91.93000030517578,88.66000366210938,88.7699966430664,75800,0.0,0.0
2022-04-11 00:00:00-04:00,88.56999969482422,90.66999816894531,88.12999725341797,88.80999755859375,65600,0.0,0.0
2022-04-12 00:00:00-04:00,89.7699966430664,92.0,89.7699966430664,90.83999633789062,79300,0.0,0.0
2022-04-13 00:00:00-04:00,91.54000091552734,96.61000061035156,91.54000091552734,96.05000305175781,114700,0.0,0.0
2022-04-14 00:00:00-04:00,95.69000244140625,100.77999877929688,95.69000244140625,100.48999786376953,141500,0.0,0.0
2022-04-18 00:00:00-04:00,100.16000366210938,103.45999908447266,99.8499984741211,101.52999877929688,173500,0.0,0.0
2022-04-19 00:00:00-04:00,101.52999877929688,103.69000244140625,99.79000091552734,102.4800033569336,121800,0.0,0.0
2022-04-20 00:00:00-04:00,102.33000183105469,103.83000183105469,100.87000274658203,102.12000274658203,117800,0.0,0.0
2022-04-21 00:00:00-04:00,104.44999694824219,105.77999877929688,99.80999755859375,100.69000244140625,193700,0.0,0.0
2022-04-22 00:00:00-04:00,99.0,100.58999633789062,95.47000122070312,97.4800033569336,208400,0.0,0.0
2022-04-25 00:00:00-04:00,96.1500015258789,96.2300033569336,89.58999633789062,93.4800033569336,171500,0.0,0.0
2022-04-26 00:00:00-04:00,92.44000244140625,94.05000305175781,90.94999694824219,92.80000305175781,147700,0.0,0.0
2022-04-27 00:00:00-04:00,93.72000122070312,100.25,93.63999938964844,96.55999755859375,169500,0.0,0.0
2022-04-28 00:00:00-04:00,96.55999755859375,100.73999786376953,96.29000091552734,100.0,114000,0.0,0.0
2022-04-29 00:00:00-04:00,99.29000091552734,100.98999786376953,96.23999786376953,96.5,144400,0.0,0.0
2022-05-02 00:00:00-04:00,95.69999694824219,97.44999694824219,94.61000061035156,96.9000015258789,210600,0.0,0.0
2022-05-03 00:00:00-04:00,96.4000015258789,101.51000213623047,96.4000015258789,101.19000244140625,144200,0.0,0.0
2022-05-04 00:00:00-04:00,101.73999786376953,104.06999969482422,100.0,103.97000122070312,105100,0.0,0.0
2022-05-05 00:00:00-04:00,102.55000305175781,102.55000305175781,94.0,96.30000305175781,169500,0.0,0.0
2022-05-06 00:00:00-04:00,95.98999786376953,97.44999694824219,94.29000091552734,95.62999725341797,139400,0.0,0.0
2022-05-09 00:00:00-04:00,93.51000213623047,94.72000122070312,92.12000274658203,93.12999725341797,145700,0.0,0.0
2022-05-10 00:00:00-04:00,94.52999877929688,95.56999969482422,90.4800033569336,92.93000030517578,173700,0.0,0.0
2022-05-11 00:00:00-04:00,94.0199966430664,97.5,93.80999755859375,94.6500015258789,150300,0.0,0.0
2022-05-12 00:00:00-04:00,93.19000244140625,95.12999725341797,90.37999725341797,95.05000305175781,156200,0.0,0.0
2022-05-13 00:00:00-04:00,96.18000030517578,97.62000274658203,94.37999725341797,95.33999633789062,96600,0.0,0.0
2022-05-16 00:00:00-04:00,97.20999908447266,98.04000091552734,95.08999633789062,97.8499984741211,149300,0.0,0.0
2022-05-17 00:00:00-04:00,100.05000305175781,104.47000122070312,99.76000213623047,104.47000122070312,115200,0.0,0.0
2022-05-18 00:00:00-04:00,104.5,107.41000366210938,100.80000305175781,101.23999786376953,192000,0.0,0.0
2022-05-19 00:00:00-04:00,99.6500015258789,100.7300033569336,96.30000305175781,96.47000122070312,185000,0.0,0.0
2022-05-20 00:00:00-04:00,96.95999908447266,99.04000091552734,92.7300033569336,96.83000183105469,137000,0.0,0.0
2022-05-23 00:00:00-04:00,98.56999969482422,99.2300033569336,96.97000122070312,98.88999938964844,122600,0.0,0.0
2022-05-24 00:00:00-04:00,98.05999755859375,98.05999755859375,94.55000305175781,96.37999725341797,109000,0.0,0.0
2022-05-25 00:00:00-04:00,95.8499984741211,98.37000274658203,95.83999633789062,97.97000122070312,152200,0.0,0.0
2022-05-26 00:00:00-04:00,98.69999694824219,102.44000244140625,98.69999694824219,100.8499984741211,106200,0.0,0.0
2022-05-27 00:00:00-04:00,101.13999938964844,102.54000091552734,100.66000366210938,102.08000183105469,78000,0.0,0.0
2022-05-31 00:00:00-04:00,101.93000030517578,103.7699966430664,99.18000030517578,102.16999816894531,133000,0.0,0.0
2022-06-01 00:00:00-04:00,102.97000122070312,103.75,98.98999786376953,99.94999694824219,104100,0.0,0.0
2022-06-02 00:00:00-04:00,100.45999908447266,103.98999786376953,100.45999908447266,103.83000183105469,89900,0.0,0.0
2022-06-03 00:00:00-04:00,103.0199966430664,104.63999938964844,98.94000244140625,101.23999786376953,75900,0.0,0.0
2022-06-06 00:00:00-04:00,102.1500015258789,104.63999938964844,100.94000244140625,104.58000183105469,76500,0.0,0.0
2022-06-07 00:00:00-04:00,103.25,104.30000305175781,100.94999694824219,103.13999938964844,99100,0.0,0.0
2022-06-08 00:00:00-04:00,102.5199966430664,102.54000091552734,98.16999816894531,99.30000305175781,84900,0.0,0.0
2022-06-09 00:00:00-04:00,98.36000061035156,98.36000061035156,93.69999694824219,93.77999877929688,103500,0.0,0.0
2022-06-10 00:00:00-04:00,92.55999755859375,92.66999816894531,90.45999908447266,91.02999877929688,102600,0.0,0.0
2022-06-13 00:00:00-04:00,88.19999694824219,89.97000122070312,86.80999755859375,87.80000305175781,160300,0.0,0.0
2022-06-14 00:00:00-04:00,87.80999755859375,88.08999633789062,84.4800033569336,85.08999633789062,124200,0.0,0.0
2022-06-15 00:00:00-04:00,86.38999938964844,87.12999725341797,84.9000015258789,85.66000366210938,135300,0.0,0.0
2022-06-16 00:00:00-04:00,84.20999908447266,84.20999908447266,75.30999755859375,76.13999938964844,191700,0.0,0.0
2022-06-17 00:00:00-04:00,76.33000183105469,77.7699966430664,74.13999938964844,77.37999725341797,466500,0.0,0.0
2022-06-21 00:00:00-04:00,79.5999984741211,80.20999908447266,76.33000183105469,76.86000061035156,157500,0.0,0.0
2022-06-22 00:00:00-04:00,74.91000366210938,75.33000183105469,72.02999877929688,74.29000091552734,133800,0.0,0.0
2022-06-23 00:00:00-04:00,74.08999633789062,74.08999633789062,69.41999816894531,70.87000274658203,213900,0.0,0.0
2022-06-24 00:00:00-04:00,71.23999786376953,77.37000274658203,71.23999786376953,77.26000213623047,523800,0.0,0.0
2022-06-27 00:00:00-04:00,78.19000244140625,80.58000183105469,77.12999725341797,79.06999969482422,108200,0.0,0.0
2022-06-28 00:00:00-04:00,80.04000091552734,81.30000305175781,79.9800033569336,80.9000015258789,113900,0.0,0.0
2022-06-29 00:00:00-04:00,81.08000183105469,81.08000183105469,77.58999633789062,78.88999938964844,131300,0.0,0.0
2022-06-30 00:00:00-04:00,77.18000030517578,79.7699966430664,76.44000244140625,79.08999633789062,97300,0.0,0.0
2022-07-01 00:00:00-04:00,77.77999877929688,80.33000183105469,76.44999694824219,79.12000274658203,124900,0.0,0.0
2022-07-05 00:00:00-04:00,76.7300033569336,77.08000183105469,73.79000091552734,76.72000122070312,185000,0.0,0.0
2022-07-06 00:00:00-04:00,76.79000091552734,76.79000091552734,73.02999877929688,76.11000061035156,123700,0.0,0.0
2022-07-07 00:00:00-04:00,77.12000274658203,80.13999938964844,77.12000274658203,78.31999969482422,71300,0.0,0.0
2022-07-08 00:00:00-04:00,77.91999816894531,78.63999938964844,73.36000061035156,74.0199966430664,363200,0.0,0.0
2022-07-11 00:00:00-04:00,73.5199966430664,73.62000274658203,72.04000091552734,73.25,148000,0.0,0.0
2022-07-12 00:00:00-04:00,71.97000122070312,76.12000274658203,71.97000122070312,75.06999969482422,98700,0.0,0.0
2022-07-13 00:00:00-04:00,74.19999694824219,75.83000183105469,73.66999816894531,75.12000274658203,120700,0.0,0.0
2022-07-14 00:00:00-04:00,73.08999633789062,74.62000274658203,72.27999877929688,74.37000274658203,137900,0.0,0.0
2022-07-15 00:00:00-04:00,75.43000030517578,75.61000061035156,73.45999908447266,74.79000091552734,241100,0.0,0.0
2022-07-18 00:00:00-04:00,76.44999694824219,78.12000274658203,71.94000244140625,72.58999633789062,216300,0.0,0.0
2022-07-19 00:00:00-04:00,72.97000122070312,75.62999725341797,71.66000366210938,74.66000366210938,312500,0.0,0.0
2022-07-20 00:00:00-04:00,74.86000061035156,75.55999755859375,72.88999938964844,74.16000366210938,253900,0.0,0.0
2022-07-21 00:00:00-04:00,73.08000183105469,73.9800033569336,71.22000122070312,72.80999755859375,195300,0.0,0.0
2022-07-22 00:00:00-04:00,72.52999877929688,73.44000244140625,70.37999725341797,71.45999908447266,197200,0.0,0.0
2022-07-25 00:00:00-04:00,72.88999938964844,74.0,71.58999633789062,73.4000015258789,249800,0.0,0.0
2022-07-26 00:00:00-04:00,70.5199966430664,73.51000213623047,66.25,73.5,843300,0.0,0.0
2022-07-27 00:00:00-04:00,72.91999816894531,75.0199966430664,72.91999816894531,74.3499984741211,292700,0.0,0.0
2022-07-28 00:00:00-04:00,75.1500015258789,75.98999786376953,72.83000183105469,75.55000305175781,152700,0.0,0.0
2022-07-29 00:00:00-04:00,76.18000030517578,77.04000091552734,75.30999755859375,75.7699966430664,138900,0.0,0.0
2022-08-01 00:00:00-04:00,74.83999633789062,75.48999786376953,72.87999725341797,74.95999908447266,164100,0.0,0.0
2022-08-02 00:00:00-04:00,74.83999633789062,76.1500015258789,72.68000030517578,72.70999908447266,158300,0.0,0.0
2022-08-03 00:00:00-04:00,73.08999633789062,73.12000274658203,71.01000213623047,72.4800033569336,162500,0.0,0.0
2022-08-04 00:00:00-04:00,72.36000061035156,72.95999908447266,70.12999725341797,70.2300033569336,144000,0.0,0.0
2022-08-05 00:00:00-04:00,70.0,72.7300033569336,69.55000305175781,72.61000061035156,148100,0.0,0.0
2022-08-08 00:00:00-04:00,73.05999755859375,74.83999633789062,72.08999633789062,72.5199966430664,169200,0.0,0.0
2022-08-09 00:00:00-04:00,72.4000015258789,72.4000015258789,71.01000213623047,71.66000366210938,75200,0.0,0.0
2022-08-10 00:00:00-04:00,73.37999725341797,76.94000244140625,72.58999633789062,76.47000122070312,165800,0.0,0.0
2022-08-11 00:00:00-04:00,77.61000061035156,78.63999938964844,76.4800033569336,76.5999984741211,90600,0.0,0.0
2022-08-12 00:00:00-04:00,76.58000183105469,79.16999816894531,76.31999969482422,78.5,130700,0.0,0.0
2022-08-15 00:00:00-04:00,77.16999816894531,79.22000122070312,76.05999755859375,78.0999984741211,168500,0.0,0.0
2022-08-16 00:00:00-04:00,78.77999877929688,79.1500015258789,77.86000061035156,78.54000091552734,160800,0.0,0.0
2022-08-17 00:00:00-04:00,77.22000122070312,78.0,76.7300033569336,77.86000061035156,96600,0.0,0.0
2022-08-18 00:00:00-04:00,78.3499984741211,81.01000213623047,77.94000244140625,80.3499984741211,105700,0.0,0.0
2022-08-19 00:00:00-04:00,79.05000305175781,79.05000305175781,76.75,77.9800033569336,115900,0.0,0.0
2022-08-22 00:00:00-04:00,76.58000183105469,76.7699966430664,72.73999786376953,75.66999816894531,132200,0.0,0.0
2022-08-23 00:00:00-04:00,76.05000305175781,78.88999938964844,75.76000213623047,77.36000061035156,87500,0.0,0.0
2022-08-24 00:00:00-04:00,77.08999633789062,77.81999969482422,76.1500015258789,77.6500015258789,74500,0.0,0.0
2022-08-25 00:00:00-04:00,77.6500015258789,79.69000244140625,77.6500015258789,79.1500015258789,60000,0.0,0.0
2022-08-26 00:00:00-04:00,79.5999984741211,79.5999984741211,75.94999694824219,76.16999816894531,58900,0.0,0.0
2022-08-29 00:00:00-04:00,75.12999725341797,75.83999633789062,74.20999908447266,75.12999725341797,75600,0.0,0.0
2022-08-30 00:00:00-04:00,74.5999984741211,74.76000213623047,71.66999816894531,73.2699966430664,112600,0.0,0.0
2022-08-31 00:00:00-04:00,73.31999969482422,73.31999969482422,71.58999633789062,71.76000213623047,109500,0.0,0.0
2022-09-01 00:00:00-04:00,70.81999969482422,70.81999969482422,68.47000122070312,69.87999725341797,132800,0.0,0.0
2022-09-02 00:00:00-04:00,70.23999786376953,71.73999786376953,69.22000122070312,69.52999877929688,88600,0.0,0.0
2022-09-06 00:00:00-04:00,70.83999633789062,71.97000122070312,68.80999755859375,71.04000091552734,165700,0.0,0.0
2022-09-07 00:00:00-04:00,70.66000366210938,72.86000061035156,69.37999725341797,72.4800033569336,75700,0.0,0.0
2022-09-08 00:00:00-04:00,72.08999633789062,75.0999984741211,71.4800033569336,74.70999908447266,102000,0.0,0.0
2022-09-09 00:00:00-04:00,75.5199966430664,77.62999725341797,75.51000213623047,77.26000213623047,119400,0.0,0.0
2022-09-12 00:00:00-04:00,78.31999969482422,84.12000274658203,78.31999969482422,83.86000061035156,190600,0.0,0.0
2022-09-13 00:00:00-04:00,81.3499984741211,83.62000274658203,80.47000122070312,81.04000091552734,195500,0.0,0.0
2022-09-14 00:00:00-04:00,80.2699966430664,80.86000061035156,76.1500015258789,77.4800033569336,197000,0.0,0.0
2022-09-15 00:00:00-04:00,76.37999725341797,77.80000305175781,74.01000213623047,74.18000030517578,211700,0.0,0.0
2022-09-16 00:00:00-04:00,73.55000305175781,73.55000305175781,68.91999816894531,69.63999938964844,607700,0.0,0.0
2022-09-19 00:00:00-04:00,68.45999908447266,72.87999725341797,68.45999908447266,72.47000122070312,149700,0.0,0.0
2022-09-20 00:00:00-04:00,71.19000244140625,71.19000244140625,69.26000213623047,69.4800033569336,98800,0.0,0.0
2022-09-21 00:00:00-04:00,69.7300033569336,70.31999969482422,67.04000091552734,67.04000091552734,145200,0.0,0.0
2022-09-22 00:00:00-04:00,67.70999908447266,67.70999908447266,65.93000030517578,66.26000213623047,94100,0.0,0.0
2022-09-23 00:00:00-04:00,64.83000183105469,64.83000183105469,62.290000915527344,63.29999923706055,146000,0.0,0.0
2022-09-26 00:00:00-04:00,63.119998931884766,63.86000061035156,61.31999969482422,62.04999923706055,127900,0.0,0.0
2022-09-27 00:00:00-04:00,62.650001525878906,64.55000305175781,62.130001068115234,62.63999938964844,116000,0.0,0.0
2022-09-28 00:00:00-04:00,63.06999969482422,63.220001220703125,61.939998626708984,62.25,145200,0.0,0.0
2022-09-29 00:00:00-04:00,62.540000915527344,63.2599983215332,59.2400016784668,62.5,140000,0.0,0.0
2022-09-30 00:00:00-04:00,62.56999969482422,63.31999969482422,61.290000915527344,61.349998474121094,135300,0.0,0.0
2022-10-03 00:00:00-04:00,63.06999969482422,66.73999786376953,62.290000915527344,66.62000274658203,175800,0.0,0.0
2022-10-04 00:00:00-04:00,68.30999755859375,71.7699966430664,68.30999755859375,71.72000122070312,171800,0.0,0.0
2022-10-05 00:00:00-04:00,70.94000244140625,71.25,70.01000213623047,70.37999725341797,181600,0.0,0.0
2022-10-06 00:00:00-04:00,69.41000366210938,70.94000244140625,69.27999877929688,70.0199966430664,121200,0.0,0.0
2022-10-07 00:00:00-04:00,69.76000213623047,69.76000213623047,66.63999938964844,67.37999725341797,98200,0.0,0.0
2022-10-10 00:00:00-04:00,68.22000122070312,70.04000091552734,67.45999908447266,69.6500015258789,91800,0.0,0.0
2022-10-11 00:00:00-04:00,69.48999786376953,71.01000213623047,68.0999984741211,69.77999877929688,188300,0.0,0.0
2022-10-12 00:00:00-04:00,69.5199966430664,70.80000305175781,65.77999877929688,67.72000122070312,261300,0.0,0.0
2022-10-13 00:00:00-04:00,65.0199966430664,67.7300033569336,63.470001220703125,67.23999786376953,145500,0.0,0.0
2022-10-14 00:00:00-04:00,66.86000061035156,68.13999938964844,64.98999786376953,65.41999816894531,95700,0.0,0.0
2022-10-17 00:00:00-04:00,66.87999725341797,68.9000015258789,66.87999725341797,67.81999969482422,90000,0.0,0.0
2022-10-18 00:00:00-04:00,69.73999786376953,70.69000244140625,68.08000183105469,68.79000091552734,98500,0.0,0.0
2022-10-19 00:00:00-04:00,67.33000183105469,68.4000015258789,66.06999969482422,66.9800033569336,126500,0.0,0.0
2022-10-20 00:00:00-04:00,70.73999786376953,76.30000305175781,69.87999725341797,75.83000183105469,470700,0.0,0.0
2022-10-21 00:00:00-04:00,76.44000244140625,78.62000274658203,76.19000244140625,77.18000030517578,274900,0.0,0.0
2022-10-24 00:00:00-04:00,76.69999694824219,78.80000305175781,76.11000061035156,76.94000244140625,184500,0.0,0.0
2022-10-25 00:00:00-04:00,76.37000274658203,81.51000213623047,76.37000274658203,80.48999786376953,131000,0.0,0.0
2022-10-26 00:00:00-04:00,81.62000274658203,82.62999725341797,79.79000091552734,80.3499984741211,129700,0.0,0.0
2022-10-27 00:00:00-04:00,80.61000061035156,81.33999633789062,78.9000015258789,79.68000030517578,113500,0.0,0.0
2022-10-28 00:00:00-04:00,79.81999969482422,80.13999938964844,77.16999816894531,79.08999633789062,111200,0.0,0.0
2022-10-31 00:00:00-04:00,78.73999786376953,81.22000122070312,78.41999816894531,80.79000091552734,104800,0.0,0.0
2022-11-01 00:00:00-04:00,81.83999633789062,84.25,81.83999633789062,83.01000213623047,104200,0.0,0.0
2022-11-02 00:00:00-04:00,82.55000305175781,83.18000030517578,78.08999633789062,78.61000061035156,74600,0.0,0.0
2022-11-03 00:00:00-04:00,78.5199966430664,79.62999725341797,77.0,79.05000305175781,62800,0.0,0.0
2022-11-04 00:00:00-04:00,81.43000030517578,84.94000244140625,81.33000183105469,84.0,82500,0.0,0.0
2022-11-07 00:00:00-05:00,84.0999984741211,85.48999786376953,82.61000061035156,83.5,97100,0.0,0.0
2022-11-08 00:00:00-05:00,84.41999816894531,85.9000015258789,82.86000061035156,84.72000122070312,93500,0.0,0.0
2022-11-09 00:00:00-05:00,84.05999755859375,84.72000122070312,82.55999755859375,83.3499984741211,62700,0.0,0.0
2022-11-10 00:00:00-05:00,86.41999816894531,90.52999877929688,86.16000366210938,90.43000030517578,109400,0.0,0.0
2022-11-11 00:00:00-05:00,92.88999938964844,95.01000213623047,92.66999816894531,93.12000274658203,162300,0.0,0.0
2022-11-14 00:00:00-05:00,92.22000122070312,97.58000183105469,92.0199966430664,94.4800033569336,111500,0.0,0.0
2022-11-15 00:00:00-05:00,95.55999755859375,96.45999908447266,94.06999969482422,94.9800033569336,99800,0.0,0.0
2022-11-16 00:00:00-05:00,94.08999633789062,95.43000030517578,86.37000274658203,95.0999984741211,61600,0.0,0.0
2022-11-17 00:00:00-05:00,92.3499984741211,93.54000091552734,90.95999908447266,91.51000213623047,104100,0.0,0.0
2022-11-18 00:00:00-05:00,93.19000244140625,93.41999816894531,88.4800033569336,88.62999725341797,126600,0.0,0.0
2022-11-21 00:00:00-05:00,86.7300033569336,87.5999984741211,84.0,86.68000030517578,120000,0.0,0.0
2022-11-22 00:00:00-05:00,87.36000061035156,89.19000244140625,86.73999786376953,88.91999816894531,110600,0.0,0.0
2022-11-23 00:00:00-05:00,89.02999877929688,89.7699966430664,88.19000244140625,89.2300033569336,57900,0.0,0.0
2022-11-25 00:00:00-05:00,89.69999694824219,90.31999969482422,89.5199966430664,90.01000213623047,20300,0.0,0.0
2022-11-28 00:00:00-05:00,88.23999786376953,88.69999694824219,85.55999755859375,85.9000015258789,76000,0.0,0.0
2022-11-29 00:00:00-05:00,86.62999725341797,88.95999908447266,86.62999725341797,87.19000244140625,62700,0.0,0.0
2022-11-30 00:00:00-05:00,88.19999694824219,90.87999725341797,86.19000244140625,90.4000015258789,95900,0.0,0.0
2022-12-01 00:00:00-05:00,89.79000091552734,90.8499984741211,87.93000030517578,89.12000274658203,65800,0.0,0.0
2022-12-02 00:00:00-05:00,87.5,90.45999908447266,87.27999877929688,89.79000091552734,93100,0.0,0.0
2022-12-05 00:00:00-05:00,90.08000183105469,90.16000366210938,83.88999938964844,84.27999877929688,110000,0.0,0.0
2022-12-06 00:00:00-05:00,84.93000030517578,85.51000213623047,82.94000244140625,83.79000091552734,91300,0.0,0.0
2022-12-07 00:00:00-05:00,83.0999984741211,83.69000244140625,80.37999725341797,80.55999755859375,95000,0.0,0.0
2022-12-08 00:00:00-05:00,81.61000061035156,83.2300033569336,80.0,81.04000091552734,119000,0.0,0.0
2022-12-09 00:00:00-05:00,80.5999984741211,81.88999938964844,79.91000366210938,80.31999969482422,171900,0.0,0.0
2022-12-12 00:00:00-05:00,80.12999725341797,82.76000213623047,78.88999938964844,82.6500015258789,239600,0.0,0.0
2022-12-13 00:00:00-05:00,85.5999984741211,85.5999984741211,82.31999969482422,83.79000091552734,367900,0.0,0.0
2022-12-14 00:00:00-05:00,83.36000061035156,84.63999938964844,81.33999633789062,83.76000213623047,159300,0.0,0.0
2022-12-15 00:00:00-05:00,82.12000274658203,82.12000274658203,77.62999725341797,77.76000213623047,180300,0.0,0.0
2022-12-16 00:00:00-05:00,75.54000091552734,77.5999984741211,75.2300033569336,76.80999755859375,1462600,0.0,0.0
2022-12-19 00:00:00-05:00,77.9800033569336,79.22000122070312,73.97000122070312,75.12999725341797,131900,0.0,0.0
2022-12-20 00:00:00-05:00,75.12999725341797,77.75,74.58000183105469,76.27999877929688,96900,0.0,0.0
2022-12-21 00:00:00-05:00,77.79000091552734,78.95999908447266,77.16000366210938,77.94999694824219,94600,0.0,0.0
2022-12-22 00:00:00-05:00,77.41000366210938,79.58000183105469,74.44000244140625,76.36000061035156,124100,0.0,0.0
2022-12-23 00:00:00-05:00,76.30000305175781,77.30999755859375,76.08000183105469,77.08000183105469,46900,0.0,0.0
2022-12-27 00:00:00-05:00,77.87000274658203,78.55999755859375,76.2699966430664,76.69000244140625,58400,0.0,0.0
2022-12-28 00:00:00-05:00,77.02999877929688,77.02999877929688,74.11000061035156,74.48999786376953,63500,0.0,0.0
2022-12-29 00:00:00-05:00,74.81999969482422,76.52999877929688,74.55999755859375,76.4000015258789,69500,0.0,0.0
2022-12-30 00:00:00-05:00,75.47000122070312,76.7300033569336,74.79000091552734,75.95999908447266,57900,0.0,0.0
2023-01-03 00:00:00-05:00,76.58999633789062,78.01000213623047,75.06999969482422,75.66999816894531,92500,0.0,0.0
2023-01-04 00:00:00-05:00,76.31999969482422,79.37999725341797,75.56999969482422,78.1500015258789,90300,0.0,0.0
2023-01-05 00:00:00-05:00,78.04000091552734,80.06999969482422,76.20999908447266,79.2300033569336,90900,0.0,0.0
2023-01-06 00:00:00-05:00,80.19999694824219,83.62000274658203,79.44999694824219,82.30999755859375,76500,0.0,0.0
2023-01-09 00:00:00-05:00,83.72000122070312,86.27999877929688,83.72000122070312,84.77999877929688,119800,0.0,0.0
2023-01-10 00:00:00-05:00,84.47000122070312,87.5,82.8499984741211,87.1500015258789,86200,0.0,0.0
2023-01-11 00:00:00-05:00,87.4800033569336,87.69000244140625,86.12000274658203,87.18000030517578,60600,0.0,0.0
2023-01-12 00:00:00-05:00,87.69000244140625,89.2300033569336,86.66000366210938,88.37000274658203,61100,0.0,0.0
2023-01-13 00:00:00-05:00,87.48999786376953,89.25,87.16000366210938,88.37999725341797,52300,0.0,0.0
2023-01-17 00:00:00-05:00,88.26000213623047,88.80999755859375,87.37000274658203,88.62000274658203,53500,0.0,0.0
2023-01-18 00:00:00-05:00,88.88999938964844,91.80000305175781,87.4000015258789,87.94999694824219,99400,0.0,0.0
2023-01-19 00:00:00-05:00,86.66999816894531,87.75,85.45999908447266,85.62000274658203,107800,0.0,0.0
2023-01-20 00:00:00-05:00,85.8499984741211,86.7300033569336,83.80999755859375,85.26000213623047,147100,0.0,0.0
2023-01-23 00:00:00-05:00,84.91999816894531,85.91000366210938,84.51000213623047,85.80000305175781,74500,0.0,0.0
2023-01-24 00:00:00-05:00,84.70999908447266,86.62000274658203,83.5999984741211,85.16999816894531,95100,0.0,0.0
2023-01-25 00:00:00-05:00,84.2300033569336,88.41000366210938,83.43000030517578,88.08000183105469,70600,0.0,0.0
2023-01-26 00:00:00-05:00,88.94999694824219,89.4000015258789,86.79000091552734,89.18000030517578,45600,0.0,0.0
2023-01-27 00:00:00-05:00,88.62000274658203,89.37999725341797,86.94000244140625,87.08999633789062,51300,0.0,0.0
2023-01-30 00:00:00-05:00,86.11000061035156,87.0999984741211,85.44000244140625,85.66999816894531,48600,0.0,0.0
2023-01-31 00:00:00-05:00,85.97000122070312,88.20999908447266,85.97000122070312,87.5199966430664,135800,0.0,0.0
2023-02-01 00:00:00-05:00,87.18000030517578,90.7300033569336,85.19999694824219,89.83999633789062,221500,0.0,0.0
2023-02-02 00:00:00-05:00,90.19999694824219,92.87999725341797,88.83000183105469,92.7300033569336,118500,0.0,0.0
2023-02-03 00:00:00-05:00,91.43000030517578,94.55000305175781,91.43000030517578,93.91999816894531,111100,0.0,0.0
2023-02-06 00:00:00-05:00,94.08000183105469,94.54000091552734,88.01000213623047,89.16000366210938,113400,0.0,0.0
2023-02-07 00:00:00-05:00,88.51000213623047,90.68000030517578,88.16999816894531,90.11000061035156,82100,0.0,0.0
2023-02-08 00:00:00-05:00,89.44999694824219,90.19999694824219,86.08999633789062,86.76000213623047,98800,0.0,0.0
2023-02-09 00:00:00-05:00,88.30000305175781,88.30000305175781,84.2699966430664,84.9800033569336,79300,0.0,0.0
2023-02-10 00:00:00-05:00,84.41999816894531,84.41999816894531,82.1500015258789,83.88999938964844,94200,0.0,0.0
2023-02-13 00:00:00-05:00,83.62000274658203,86.37000274658203,82.94999694824219,85.33000183105469,55600,0.0,0.0
2023-02-14 00:00:00-05:00,85.44999694824219,89.19999694824219,83.54000091552734,89.01000213623047,87300,0.0,0.0
2023-02-15 00:00:00-05:00,87.37000274658203,89.9800033569336,85.77999877929688,89.91000366210938,153000,0.0,0.0
2023-02-16 00:00:00-05:00,88.86000061035156,91.75,88.08000183105469,88.62999725341797,90000,0.0,0.0
2023-02-17 00:00:00-05:00,89.08000183105469,90.01000213623047,88.01000213623047,88.08000183105469,128600,0.0,0.0
2023-02-21 00:00:00-05:00,87.05000305175781,88.63999938964844,84.9000015258789,85.08000183105469,102700,0.0,0.0
2023-02-22 00:00:00-05:00,84.87999725341797,87.54000091552734,84.20999908447266,85.06999969482422,168100,0.0,0.0
2023-02-23 00:00:00-05:00,80.43000030517578,80.43000030517578,72.19000244140625,78.80999755859375,332400,0.0,0.0
2023-02-24 00:00:00-05:00,76.63999938964844,77.80000305175781,71.43000030517578,75.19999694824219,245600,0.0,0.0
2023-02-27 00:00:00-05:00,75.58999633789062,78.76000213623047,75.19999694824219,76.30999755859375,206400,0.0,0.0
2023-02-28 00:00:00-05:00,76.4800033569336,80.61000061035156,76.16999816894531,79.31999969482422,285300,0.0,0.0
2023-03-01 00:00:00-05:00,79.23999786376953,81.87999725341797,79.23999786376953,81.47000122070312,117600,0.0,0.0
2023-03-02 00:00:00-05:00,79.9000015258789,83.11000061035156,79.9000015258789,82.91000366210938,104900,0.0,0.0
2023-03-03 00:00:00-05:00,83.79000091552734,84.66999816894531,82.04000091552734,84.33000183105469,188000,0.0,0.0
2023-03-06 00:00:00-05:00,83.76000213623047,83.76000213623047,80.13999938964844,80.7300033569336,118200,0.0,0.0
2023-03-07 00:00:00-05:00,80.38999938964844,81.36000061035156,79.23999786376953,79.5199966430664,97200,0.0,0.0
2023-03-08 00:00:00-05:00,79.27999877929688,79.58000183105469,77.41999816894531,77.86000061035156,149800,0.0,0.0
2023-03-09 00:00:00-05:00,78.11000061035156,78.62000274658203,75.0999984741211,75.58000183105469,166600,0.0,0.0
2023-03-10 00:00:00-05:00,75.2699966430664,75.38999938964844,70.58999633789062,71.27999877929688,169000,0.0,0.0
2023-03-13 00:00:00-04:00,70.43000030517578,72.54000091552734,68.9000015258789,69.45999908447266,177500,0.0,0.0
2023-03-14 00:00:00-04:00,72.37000274658203,72.66000366210938,68.75,70.16999816894531,222500,0.0,0.0
2023-03-15 00:00:00-04:00,67.37999725341797,69.41000366210938,64.08000183105469,65.51000213623047,237600,0.0,0.0
2023-03-16 00:00:00-04:00,64.44999694824219,66.30000305175781,63.25,65.62999725341797,193600,0.0,0.0
2023-03-17 00:00:00-04:00,64.81999969482422,65.12999725341797,61.130001068115234,61.83000183105469,673800,0.0,0.0
2023-03-20 00:00:00-04:00,62.04999923706055,63.880001068115234,62.04999923706055,62.959999084472656,179100,0.0,0.0
2023-03-21 00:00:00-04:00,64.58999633789062,66.95999908447266,64.54000091552734,66.5199966430664,214100,0.0,0.0
2023-03-22 00:00:00-04:00,66.33999633789062,67.08000183105469,63.68000030517578,63.75,149000,0.0,0.0
2023-03-23 00:00:00-04:00,63.900001525878906,67.22000122070312,63.900001525878906,66.9000015258789,295600,0.0,0.0
2023-03-24 00:00:00-04:00,65.88999938964844,70.94000244140625,65.29000091552734,70.3499984741211,386000,0.0,0.0
2023-03-27 00:00:00-04:00,71.55999755859375,74.12999725341797,70.51000213623047,72.88999938964844,167800,0.0,0.0
2023-03-28 00:00:00-04:00,72.88999938964844,74.37999725341797,72.51000213623047,73.0,235900,0.0,0.0
2023-03-29 00:00:00-04:00,73.91000366210938,73.91000366210938,71.54000091552734,71.79000091552734,182000,0.0,0.0
2023-03-30 00:00:00-04:00,72.5,73.08999633789062,71.19000244140625,72.68000030517578,137700,0.0,0.0
2023-03-31 00:00:00-04:00,73.5999984741211,74.80999755859375,72.94000244140625,74.62999725341797,96300,0.0,0.0
2023-04-03 00:00:00-04:00,74.83000183105469,75.33000183105469,73.4000015258789,74.80999755859375,81300,0.0,0.0
2023-04-04 00:00:00-04:00,74.91999816894531,74.91999816894531,71.30999755859375,72.08999633789062,100200,0.0,0.0
2023-04-05 00:00:00-04:00,71.2699966430664,71.94000244140625,69.56999969482422,70.05000305175781,112300,0.0,0.0
2023-04-06 00:00:00-04:00,70.41000366210938,71.0199966430664,68.8499984741211,70.81999969482422,90200,0.0,0.0
2023-04-10 00:00:00-04:00,70.43000030517578,72.66999816894531,70.43000030517578,72.5,75400,0.0,0.0
2023-04-11 00:00:00-04:00,73.13999938964844,73.88999938964844,72.05999755859375,72.11000061035156,110000,0.0,0.0
2023-04-12 00:00:00-04:00,71.4800033569336,71.4800033569336,67.77999877929688,68.18000030517578,146200,0.0,0.0
2023-04-13 00:00:00-04:00,68.83999633789062,68.8499984741211,67.05999755859375,67.16999816894531,242800,0.0,0.0
2023-04-14 00:00:00-04:00,67.41999816894531,67.5199966430664,64.93000030517578,65.86000061035156,199400,0.0,0.0
2023-04-17 00:00:00-04:00,66.19999694824219,67.37999725341797,65.58000183105469,67.0,199000,0.0,0.0
2023-04-18 00:00:00-04:00,67.56999969482422,67.66999816894531,65.16999816894531,66.8499984741211,168400,0.0,0.0
2023-04-19 00:00:00-04:00,66.41000366210938,67.58999633789062,65.26000213623047,67.29000091552734,124100,0.0,0.0
2023-04-20 00:00:00-04:00,66.55000305175781,67.26000213623047,64.22000122070312,64.83999633789062,107400,0.0,0.0
2023-04-21 00:00:00-04:00,64.16000366210938,64.16000366210938,62.06999969482422,63.45000076293945,145400,0.0,0.0
2023-04-24 00:00:00-04:00,61.849998474121094,62.95000076293945,60.81999969482422,60.97999954223633,144800,0.0,0.0
2023-04-25 00:00:00-04:00,60.209999084472656,60.209999084472656,57.11000061035156,57.36000061035156,223300,0.0,0.0
2023-04-26 00:00:00-04:00,57.65999984741211,58.93000030517578,56.790000915527344,58.13999938964844,264500,0.0,0.0
2023-04-27 00:00:00-04:00,60.97999954223633,65.27999877929688,60.61000061035156,64.29000091552734,243700,0.0,0.0
2023-04-28 00:00:00-04:00,64.55000305175781,65.88999938964844,62.790000915527344,65.72000122070312,183100,0.0,0.0
2023-05-01 00:00:00-04:00,65.66999816894531,66.2699966430664,62.97999954223633,63.599998474121094,172800,0.0,0.0
2023-05-02 00:00:00-04:00,63.380001068115234,63.380001068115234,60.130001068115234,62.09000015258789,107700,0.0,0.0
2023-05-03 00:00:00-04:00,62.04999923706055,63.61000061035156,61.04999923706055,61.4900016784668,114800,0.0,0.0
2023-05-04 00:00:00-04:00,61.040000915527344,61.75,59.880001068115234,61.70000076293945,138000,0.0,0.0
2023-05-05 00:00:00-04:00,63.2599983215332,63.41999816894531,62.279998779296875,63.02000045776367,78300,0.0,0.0
2023-05-08 00:00:00-04:00,63.58000183105469,64.18000030517578,62.59000015258789,63.15999984741211,79600,0.0,0.0
2023-05-09 00:00:00-04:00,62.5099983215332,62.97999954223633,61.91999816894531,61.91999816894531,68300,0.0,0.0
2023-05-10 00:00:00-04:00,63.27000045776367,63.27000045776367,60.279998779296875,61.560001373291016,76200,0.0,0.0
2023-05-11 00:00:00-04:00,60.33000183105469,60.81999969482422,59.900001525878906,60.189998626708984,86000,0.0,0.0
2023-05-12 00:00:00-04:00,60.5,60.5,59.630001068115234,60.11000061035156,68500,0.0,0.0
2023-05-15 00:00:00-04:00,60.790000915527344,62.29999923706055,60.540000915527344,61.38999938964844,80900,0.0,0.0
2023-05-16 00:00:00-04:00,60.88999938964844,61.790000915527344,59.439998626708984,59.52000045776367,127400,0.0,0.0
2023-05-17 00:00:00-04:00,60.2599983215332,62.41999816894531,59.619998931884766,62.099998474121094,134700,0.0,0.0
2023-05-18 00:00:00-04:00,61.880001068115234,63.849998474121094,59.900001525878906,63.630001068115234,101800,0.0,0.0
2023-05-19 00:00:00-04:00,64.70999908447266,65.88999938964844,63.95000076293945,64.55000305175781,210400,0.0,0.0
2023-05-22 00:00:00-04:00,64.0,66.33000183105469,64.0,65.43000030517578,92400,0.0,0.0
2023-05-23 00:00:00-04:00,65.01000213623047,66.26000213623047,64.25,65.11000061035156,57000,0.0,0.0
2023-05-24 00:00:00-04:00,64.30000305175781,64.30000305175781,62.349998474121094,62.939998626708984,54900,0.0,0.0
2023-05-25 00:00:00-04:00,62.95000076293945,63.40999984741211,61.630001068115234,62.61000061035156,74900,0.0,0.0
2023-05-26 00:00:00-04:00,62.540000915527344,63.5,62.31999969482422,63.41999816894531,75000,0.0,0.0
2023-05-30 00:00:00-04:00,63.560001373291016,64.0,62.459999084472656,62.72999954223633,70600,0.0,0.0
2023-05-31 00:00:00-04:00,62.63999938964844,62.63999938964844,59.70000076293945,60.400001525878906,93800,0.0,0.0
2023-06-01 00:00:00-04:00,61.06999969482422,63.5,60.31999969482422,62.599998474121094,76100,0.0,0.0
2023-06-02 00:00:00-04:00,64.62000274658203,67.77999877929688,64.4800033569336,67.41000366210938,123000,0.0,0.0
2023-06-05 00:00:00-04:00,67.0199966430664,67.30999755859375,64.0999984741211,65.79000091552734,106000,0.0,0.0
2023-06-06 00:00:00-04:00,65.44999694824219,68.69999694824219,65.44999694824219,68.20999908447266,79000,0.0,0.0
2023-06-07 00:00:00-04:00,69.02999877929688,70.80000305175781,69.02999877929688,70.16000366210938,111200,0.0,0.0
2023-06-08 00:00:00-04:00,70.0,70.0,68.02999877929688,69.08000183105469,62400,0.0,0.0
2023-06-09 00:00:00-04:00,68.83999633789062,68.83999633789062,66.62000274658203,67.4800033569336,75000,0.0,0.0
2023-06-12 00:00:00-04:00,67.9800033569336,69.83000183105469,67.58000183105469,69.36000061035156,95600,0.0,0.0
2023-06-13 00:00:00-04:00,70.16000366210938,72.1500015258789,69.75,70.66999816894531,109500,0.0,0.0
2023-06-14 00:00:00-04:00,71.25,72.25,69.37000274658203,69.72000122070312,89300,0.0,0.0
2023-06-15 00:00:00-04:00,69.5,71.41999816894531,68.4800033569336,71.06999969482422,81700,0.0,0.0
2023-06-16 00:00:00-04:00,71.12999725341797,71.55999755859375,69.75,71.22000122070312,418200,0.0,0.0
2023-06-20 00:00:00-04:00,70.93000030517578,70.93000030517578,69.43000030517578,70.56999969482422,99300,0.0,0.0
2023-06-21 00:00:00-04:00,70.0,71.61000061035156,69.5999984741211,71.05999755859375,97500,0.0,0.0
2023-06-22 00:00:00-04:00,70.04000091552734,70.80000305175781,68.83999633789062,68.8499984741211,83600,0.0,0.0
2023-06-23 00:00:00-04:00,67.0999984741211,68.94000244140625,66.20999908447266,68.51000213623047,187700,0.0,0.0
2023-06-26 00:00:00-04:00,68.41999816894531,70.33000183105469,68.26000213623047,68.37999725341797,80800,0.0,0.0
2023-06-27 00:00:00-04:00,68.79000091552734,70.97000122070312,68.18000030517578,70.38999938964844,88500,0.0,0.0
2023-06-28 00:00:00-04:00,70.0,71.47000122070312,69.55000305175781,70.02999877929688,86700,0.0,0.0
2023-06-29 00:00:00-04:00,70.0999984741211,72.33000183105469,69.4800033569336,71.7699966430664,65100,0.0,0.0
2023-06-30 00:00:00-04:00,72.5999984741211,72.5999984741211,71.0199966430664,71.63999938964844,82000,0.0,0.0
2023-07-03 00:00:00-04:00,71.41000366210938,73.16000366210938,71.41000366210938,72.93000030517578,36200,0.0,0.0
2023-07-05 00:00:00-04:00,71.98999786376953,72.7300033569336,70.23999786376953,70.87000274658203,91300,0.0,0.0
2023-07-06 00:00:00-04:00,70.4000015258789,70.58000183105469,67.36000061035156,70.44999694824219,90300,0.0,0.0
2023-07-07 00:00:00-04:00,70.88999938964844,73.44999694824219,70.88999938964844,72.5999984741211,72200,0.0,0.0
2023-07-10 00:00:00-04:00,70.5999984741211,74.44999694824219,70.5999984741211,71.94000244140625,70500,0.0,0.0
2023-07-11 00:00:00-04:00,71.91999816894531,73.51000213623047,71.58999633789062,73.29000091552734,70400,0.0,0.0
2023-07-12 00:00:00-04:00,75.5,76.7699966430664,73.97000122070312,74.80999755859375,86700,0.0,0.0
2023-07-13 00:00:00-04:00,75.22000122070312,76.66000366210938,75.22000122070312,76.22000122070312,74900,0.0,0.0
2023-07-14 00:00:00-04:00,76.08000183105469,76.08000183105469,73.72000122070312,75.47000122070312,75100,0.0,0.0
2023-07-17 00:00:00-04:00,75.30000305175781,77.05999755859375,75.19000244140625,76.80000305175781,62100,0.0,0.0
2023-07-18 00:00:00-04:00,77.0199966430664,78.16000366210938,75.83999633789062,76.05999755859375,85100,0.0,0.0
2023-07-19 00:00:00-04:00,76.61000061035156,79.41000366210938,76.08000183105469,79.2699966430664,96800,0.0,0.0
2023-07-20 00:00:00-04:00,79.61000061035156,80.0,78.44999694824219,78.83999633789062,84900,0.0,0.0
2023-07-21 00:00:00-04:00,79.29000091552734,79.54000091552734,77.58000183105469,79.04000091552734,80700,0.0,0.0
2023-07-24 00:00:00-04:00,78.7300033569336,80.08999633789062,77.5999984741211,79.02999877929688,88200,0.0,0.0
2023-07-25 00:00:00-04:00,79.45999908447266,82.66999816894531,79.44999694824219,80.83000183105469,136900,0.0,0.0
2023-07-26 00:00:00-04:00,87.63999938964844,88.41000366210938,81.68000030517578,83.12000274658203,232800,0.0,0.0
2023-07-27 00:00:00-04:00,83.08000183105469,83.08000183105469,78.0999984741211,78.95999908447266,127200,0.0,0.0
2023-07-28 00:00:00-04:00,79.9000015258789,80.63999938964844,78.13999938964844,78.91000366210938,80900,0.0,0.0
2023-07-31 00:00:00-04:00,79.16999816894531,81.37000274658203,79.13999938964844,81.19999694824219,86000,0.0,0.0
2023-08-01 00:00:00-04:00,80.18000030517578,82.0,79.5999984741211,81.80000305175781,67100,0.0,0.0
2023-08-02 00:00:00-04:00,80.30000305175781,81.01000213623047,79.12999725341797,79.83999633789062,69900,0.0,0.0
2023-08-03 00:00:00-04:00,79.54000091552734,80.76000213623047,78.5,79.3499984741211,68000,0.0,0.0
2023-08-04 00:00:00-04:00,79.55000305175781,80.26000213623047,78.54000091552734,78.97000122070312,43200,0.0,0.0
2023-08-07 00:00:00-04:00,79.0199966430664,79.66000366210938,77.97000122070312,78.0999984741211,51900,0.0,0.0
2023-08-08 00:00:00-04:00,76.63999938964844,77.9000015258789,75.55999755859375,77.4800033569336,47000,0.0,0.0
2023-08-09 00:00:00-04:00,77.18000030517578,78.16999816894531,75.45999908447266,76.08000183105469,56900,0.0,0.0
2023-08-10 00:00:00-04:00,76.7300033569336,76.9800033569336,75.68000030517578,76.51000213623047,68100,0.0,0.0
2023-08-11 00:00:00-04:00,76.18000030517578,76.88999938964844,75.62999725341797,76.22000122070312,50600,0.0,0.0
2023-08-14 00:00:00-04:00,75.5199966430664,77.08000183105469,74.01000213623047,76.9800033569336,84600,0.0,0.0
2023-08-15 00:00:00-04:00,76.01000213623047,76.01000213623047,74.05999755859375,74.5999984741211,83300,0.0,0.0
2023-08-16 00:00:00-04:00,74.4800033569336,76.43000030517578,74.4800033569336,74.81999969482422,75300,0.0,0.0
2023-08-17 00:00:00-04:00,75.31999969482422,78.05000305175781,75.31999969482422,76.33999633789062,78500,0.0,0.0
2023-08-18 00:00:00-04:00,75.2699966430664,76.91000366210938,74.43000030517578,76.41000366210938,68900,0.0,0.0
2023-08-21 00:00:00-04:00,76.23999786376953,76.91000366210938,74.30999755859375,74.86000061035156,58900,0.0,0.0
2023-08-22 00:00:00-04:00,75.62000274658203,75.87999725341797,74.05999755859375,74.68000030517578,51500,0.0,0.0
2023-08-23 00:00:00-04:00,74.7300033569336,74.7300033569336,73.4000015258789,73.58999633789062,43100,0.0,0.0
2023-08-24 00:00:00-04:00,72.94999694824219,73.5199966430664,71.87999725341797,72.36000061035156,60000,0.0,0.0
2023-08-25 00:00:00-04:00,72.9800033569336,73.12999725341797,71.19999694824219,72.5,54900,0.0,0.0
2023-08-28 00:00:00-04:00,72.83000183105469,74.62000274658203,72.55999755859375,73.68000030517578,49200,0.0,0.0
2023-08-29 00:00:00-04:00,73.80000305175781,74.95999908447266,72.94999694824219,74.95999908447266,71800,0.0,0.0
2023-08-30 00:00:00-04:00,74.55999755859375,76.56999969482422,74.55999755859375,76.18000030517578,39600,0.0,0.0
2023-08-31 00:00:00-04:00,76.0199966430664,76.69000244140625,75.77999877929688,75.91999816894531,66000,0.0,0.0
2023-09-01 00:00:00-04:00,77.08999633789062,78.79000091552734,77.08999633789062,78.08999633789062,59300,0.0,0.0
2023-09-05 00:00:00-04:00,77.23999786376953,77.23999786376953,74.19000244140625,74.72000122070312,103700,0.0,0.0
2023-09-06 00:00:00-04:00,74.66000366210938,75.30999755859375,73.12999725341797,74.41999816894531,75600,0.0,0.0
2023-09-07 00:00:00-04:00,73.7300033569336,74.19000244140625,72.01000213623047,73.77999877929688,97200,0.0,0.0
2023-09-08 00:00:00-04:00,74.0199966430664,75.04000091552734,73.73999786376953,73.75,73500,0.0,0.0
2023-09-11 00:00:00-04:00,74.7699966430664,75.80999755859375,73.83000183105469,75.77999877929688,98400,0.0,0.0
2023-09-12 00:00:00-04:00,75.66000366210938,77.2699966430664,74.23999786376953,75.83000183105469,67000,0.0,0.0
2023-09-13 00:00:00-04:00,75.98999786376953,77.0,75.23999786376953,76.20999908447266,74500,0.0,0.0
2023-09-14 00:00:00-04:00,77.45999908447266,80.63999938964844,77.45999908447266,80.5999984741211,80400,0.0,0.0
2023-09-15 00:00:00-04:00,80.41999816894531,80.94000244140625,76.7699966430664,77.31999969482422,497100,0.0,0.0
2023-09-18 00:00:00-04:00,77.79000091552734,77.79000091552734,75.51000213623047,75.79000091552734,46500,0.0,0.0
2023-09-19 00:00:00-04:00,75.9000015258789,76.11000061035156,74.83999633789062,75.75,49600,0.0,0.0
2023-09-20 00:00:00-04:00,76.4000015258789,77.26000213623047,75.18000030517578,75.30000305175781,57100,0.0,0.0
2023-09-21 00:00:00-04:00,74.0999984741211,74.80999755859375,72.93000030517578,73.0199966430664,54400,0.0,0.0
2023-09-22 00:00:00-04:00,73.4800033569336,75.6500015258789,73.26000213623047,73.70999908447266,63800,0.0,0.0
2023-09-25 00:00:00-04:00,72.72000122070312,73.29000091552734,71.87999725341797,71.94000244140625,78900,0.0,0.0
2023-09-26 00:00:00-04:00,71.75,73.19000244140625,70.36000061035156,70.80999755859375,63100,0.0,0.0
2023-09-27 00:00:00-04:00,71.7300033569336,72.70999908447266,70.72000122070312,72.2300033569336,88300,0.0,0.0
2023-09-28 00:00:00-04:00,72.63999938964844,74.83000183105469,71.7699966430664,73.33000183105469,92000,0.0,0.0
2023-09-29 00:00:00-04:00,74.4000015258789,76.58000183105469,74.38999938964844,75.26000213623047,87800,0.0,0.0
2023-10-02 00:00:00-04:00,75.19999694824219,75.26000213623047,72.69999694824219,73.01000213623047,105100,0.0,0.0
2023-10-03 00:00:00-04:00,72.05999755859375,74.0,70.05999755859375,70.08000183105469,91100,0.0,0.0
2023-10-04 00:00:00-04:00,70.16000366210938,70.16000366210938,68.7699966430664,68.81999969482422,83800,0.0,0.0
2023-10-05 00:00:00-04:00,68.80999755859375,69.6500015258789,66.98999786376953,67.12999725341797,85400,0.0,0.0
2023-10-06 00:00:00-04:00,67.16000366210938,68.02999877929688,65.95999908447266,67.33000183105469,62400,0.0,0.0
2023-10-09 00:00:00-04:00,66.55999755859375,68.8499984741211,66.27999877929688,68.33000183105469,45800,0.0,0.0
2023-10-10 00:00:00-04:00,68.69000244140625,71.0199966430664,68.4800033569336,70.0,50300,0.0,0.0
2023-10-11 00:00:00-04:00,70.36000061035156,71.58000183105469,70.33000183105469,71.23999786376953,65400,0.0,0.0
2023-10-12 00:00:00-04:00,71.72000122070312,71.72000122070312,67.94000244140625,69.52999877929688,65800,0.0,0.0
2023-10-13 00:00:00-04:00,69.9000015258789,70.23999786376953,66.75,67.08000183105469,79800,0.0,0.0
2023-10-16 00:00:00-04:00,67.87000274658203,69.04000091552734,67.54000091552734,67.6500015258789,70600,0.0,0.0
2023-10-17 00:00:00-04:00,67.08000183105469,70.37000274658203,65.83000183105469,69.98999786376953,78000,0.0,0.0
2023-10-18 00:00:00-04:00,69.58999633789062,69.58999633789062,67.30000305175781,67.3499984741211,55000,0.0,0.0
2023-10-19 00:00:00-04:00,67.31999969482422,69.80999755859375,66.5199966430664,66.55000305175781,75200,0.0,0.0
2023-10-20 00:00:00-04:00,66.63999938964844,66.66000366210938,64.0,64.2300033569336,86300,0.0,0.0
2023-10-23 00:00:00-04:00,64.12000274658203,64.95999908447266,63.439998626708984,63.459999084472656,72400,0.0,0.0
2023-10-24 00:00:00-04:00,62.63999938964844,64.75,62.63999938964844,64.30000305175781,114900,0.0,0.0
2023-10-25 00:00:00-04:00,63.5,63.58000183105469,61.970001220703125,62.650001525878906,127400,0.0,0.0
2023-10-26 00:00:00-04:00,60.5099983215332,62.599998474121094,57.779998779296875,57.869998931884766,145500,0.0,0.0
2023-10-27 00:00:00-04:00,57.720001220703125,58.02000045776367,53.66999816894531,54.279998779296875,204600,0.0,0.0
2023-10-30 00:00:00-04:00,55.5099983215332,56.619998931884766,54.2400016784668,56.4900016784668,152100,0.0,0.0
2023-10-31 00:00:00-04:00,56.5099983215332,59.20000076293945,55.650001525878906,56.79999923706055,94900,0.0,0.0
2023-11-01 00:00:00-04:00,56.81999969482422,56.81999969482422,54.279998779296875,56.439998626708984,98900,0.0,0.0
2023-11-02 00:00:00-04:00,57.779998779296875,58.36000061035156,56.31999969482422,58.220001220703125,81100,0.0,0.0
2023-11-03 00:00:00-04:00,60.06999969482422,61.540000915527344,58.66999816894531,58.86000061035156,109700,0.0,0.0
2023-11-06 00:00:00-05:00,59.33000183105469,60.15999984741211,58.40999984741211,59.58000183105469,107300,0.0,0.0
2023-11-07 00:00:00-05:00,58.900001525878906,59.25,56.880001068115234,57.849998474121094,70500,0.0,0.0
2023-11-08 00:00:00-05:00,58.08000183105469,58.220001220703125,55.68000030517578,57.189998626708984,62600,0.0,0.0
2023-11-09 00:00:00-05:00,57.88999938964844,57.88999938964844,55.560001373291016,56.22999954223633,102900,0.0,0.0
2023-11-10 00:00:00-05:00,56.779998779296875,56.779998779296875,55.540000915527344,55.72999954223633,145800,0.0,0.0
2023-11-13 00:00:00-05:00,55.91999816894531,56.790000915527344,54.59000015258789,55.95000076293945,79300,0.0,0.0
2023-11-14 00:00:00-05:00,58.0,61.130001068115234,57.540000915527344,60.95000076293945,119200,0.0,0.0
2023-11-15 00:00:00-05:00,61.349998474121094,63.06999969482422,60.95000076293945,62.2599983215332,91800,0.0,0.0
2023-11-16 00:00:00-05:00,61.58000183105469,61.58000183105469,58.939998626708984,59.220001220703125,78100,0.0,0.0
2023-11-17 00:00:00-05:00,60.5,63.34000015258789,60.08000183105469,60.7599983215332,110900,0.0,0.0
2023-11-20 00:00:00-05:00,61.25,61.7599983215332,60.2599983215332,60.779998779296875,55800,0.0,0.0
2023-11-21 00:00:00-05:00,60.060001373291016,61.0099983215332,59.459999084472656,59.529998779296875,74000,0.0,0.0
2023-11-22 00:00:00-05:00,59.72999954223633,60.2400016784668,59.2599983215332,59.72999954223633,58900,0.0,0.0
2023-11-24 00:00:00-05:00,59.380001068115234,60.060001373291016,59.0,59.65999984741211,31000,0.0,0.0
2023-11-27 00:00:00-05:00,59.369998931884766,59.650001525878906,58.38999938964844,58.59000015258789,81500,0.0,0.0
2023-11-28 00:00:00-05:00,58.95000076293945,59.33000183105469,57.54999923706055,58.08000183105469,160800,0.0,0.0
2023-11-29 00:00:00-05:00,59.029998779296875,59.900001525878906,57.59000015258789,57.63999938964844,114700,0.0,0.0
2023-11-30 00:00:00-05:00,57.529998779296875,59.65999984741211,57.52000045776367,58.47999954223633,85000,0.0,0.0
2023-12-01 00:00:00-05:00,58.36000061035156,60.79999923706055,58.36000061035156,60.06999969482422,133700,0.0,0.0
2023-12-04 00:00:00-05:00,59.43000030517578,61.72999954223633,59.43000030517578,61.27000045776367,111300,0.0,0.0
2023-12-05 00:00:00-05:00,61.0099983215332,61.0099983215332,58.43000030517578,58.54999923706055,99400,0.0,0.0
2023-12-06 00:00:00-05:00,59.15999984741211,60.54999923706055,58.38999938964844,58.47999954223633,112400,0.0,0.0
2023-12-07 00:00:00-05:00,58.459999084472656,59.709999084472656,58.20000076293945,59.0,87600,0.0,0.0
2023-12-08 00:00:00-05:00,59.130001068115234,60.58000183105469,59.130001068115234,60.0,90500,0.0,0.0
2023-12-11 00:00:00-05:00,60.18000030517578,63.18000030517578,59.630001068115234,62.0,204300,0.0,0.0
2023-12-12 00:00:00-05:00,61.54999923706055,61.709999084472656,59.560001373291016,60.5,137500,0.0,0.0
2023-12-13 00:00:00-05:00,59.709999084472656,65.5,59.709999084472656,64.8499984741211,200800,0.0,0.0
2023-12-14 00:00:00-05:00,66.81999969482422,70.0,66.5999984741211,67.76000213623047,232200,0.0,0.0
2023-12-15 00:00:00-05:00,68.55000305175781,68.91999816894531,66.97000122070312,67.22000122070312,1125800,0.0,0.0
2023-12-18 00:00:00-05:00,67.80999755859375,68.58000183105469,66.19000244140625,67.12999725341797,155200,0.0,0.0
2023-12-19 00:00:00-05:00,67.95999908447266,70.0999984741211,67.95999908447266,69.83999633789062,114800,0.0,0.0
2023-12-20 00:00:00-05:00,69.43000030517578,71.76000213623047,68.5,68.6500015258789,104400,0.0,0.0
2023-12-21 00:00:00-05:00,69.58000183105469,69.72000122070312,68.8499984741211,69.54000091552734,74200,0.0,0.0
2023-12-22 00:00:00-05:00,70.02999877929688,71.33000183105469,69.98999786376953,71.01000213623047,70400,0.0,0.0
2023-12-26 00:00:00-05:00,71.41999816894531,72.91999816894531,71.33000183105469,72.52999877929688,64600,0.0,0.0
2023-12-27 00:00:00-05:00,72.86000061035156,73.47000122070312,72.37999725341797,73.47000122070312,71000,0.0,0.0
2023-12-28 00:00:00-05:00,72.98999786376953,73.7300033569336,72.47000122070312,73.08000183105469,57900,0.0,0.0
2023-12-29 00:00:00-05:00,72.80000305175781,73.08000183105469,70.5999984741211,71.19000244140625,96100,0.0,0.0
2024-01-02 00:00:00-05:00,70.27999877929688,72.06999969482422,69.9800033569336,70.30000305175781,92700,0.0,0.0
2024-01-03 00:00:00-05:00,69.22000122070312,69.22000122070312,65.87000274658203,66.01000213623047,105800,0.0,0.0
2024-01-04 00:00:00-05:00,65.97000122070312,66.56999969482422,65.0999984741211,65.2300033569336,72900,0.0,0.0
2024-01-05 00:00:00-05:00,64.41000366210938,66.56999969482422,63.209999084472656,64.66000366210938,72000,0.0,0.0
2024-01-08 00:00:00-05:00,64.25,66.08000183105469,63.790000915527344,66.08000183105469,106100,0.0,0.0
2024-01-09 00:00:00-05:00,64.73999786376953,65.55000305175781,63.779998779296875,63.93000030517578,70500,0.0,0.0
2024-01-10 00:00:00-05:00,63.5099983215332,63.900001525878906,62.63999938964844,63.4900016784668,97700,0.0,0.0
2024-01-11 00:00:00-05:00,62.95000076293945,64.12999725341797,62.0,63.689998626708984,105500,0.0,0.0
2024-01-12 00:00:00-05:00,64.9800033569336,65.87000274658203,63.5099983215332,63.849998474121094,60800,0.0,0.0
2024-01-16 00:00:00-05:00,62.91999816894531,63.16999816894531,61.68000030517578,62.0,97400,0.0,0.0
2024-01-17 00:00:00-05:00,60.689998626708984,61.52000045776367,59.810001373291016,60.29999923706055,99800,0.0,0.0
2024-01-18 00:00:00-05:00,60.59000015258789,62.529998779296875,59.52000045776367,60.52000045776367,63700,0.0,0.0
2024-01-19 00:00:00-05:00,61.2400016784668,62.689998626708984,60.04999923706055,62.61000061035156,91400,0.0,0.0
2024-01-22 00:00:00-05:00,62.709999084472656,65.6500015258789,62.56999969482422,65.19000244140625,150200,0.0,0.0
2024-01-23 00:00:00-05:00,65.77999877929688,67.76000213623047,65.77999877929688,66.5999984741211,166100,0.0,0.0
2024-01-24 00:00:00-05:00,66.72000122070312,66.8499984741211,64.2300033569336,65.93000030517578,114500,0.0,0.0
2024-01-25 00:00:00-05:00,67.30000305175781,67.3499984741211,65.08000183105469,66.87000274658203,112100,0.0,0.0
2024-01-26 00:00:00-05:00,68.08999633789062,68.41999816894531,67.0199966430664,67.94000244140625,70500,0.0,0.0
2024-01-29 00:00:00-05:00,67.94000244140625,68.83000183105469,66.68000030517578,68.73999786376953,68100,0.0,0.0
2024-01-30 00:00:00-05:00,67.80999755859375,68.0,67.16000366210938,67.5,48800,0.0,0.0
2024-01-31 00:00:00-05:00,67.5999984741211,68.30000305175781,64.9000015258789,64.9000015258789,102500,0.0,0.0
2024-02-01 00:00:00-05:00,65.55000305175781,66.56999969482422,64.08999633789062,66.29000091552734,72600,0.0,0.0
2024-02-02 00:00:00-05:00,64.8499984741211,66.06999969482422,64.1500015258789,65.66000366210938,64700,0.0,0.0
2024-02-05 00:00:00-05:00,63.9900016784668,64.1500015258789,62.040000915527344,63.20000076293945,75900,0.0,0.0
2024-02-06 00:00:00-05:00,63.040000915527344,65.05999755859375,63.0099983215332,64.51000213623047,79200,0.0,0.0
2024-02-07 00:00:00-05:00,64.37999725341797,64.37999725341797,62.470001220703125,63.52000045776367,94500,0.0,0.0
2024-02-08 00:00:00-05:00,63.869998931884766,65.36000061035156,62.63999938964844,64.8499984741211,65500,0.0,0.0
2024-02-09 00:00:00-05:00,64.81999969482422,65.11000061035156,63.5,64.68000030517578,68900,0.0,0.0
2024-02-12 00:00:00-05:00,65.0999984741211,66.5199966430664,65.0999984741211,65.48999786376953,96600,0.0,0.0
2024-02-13 00:00:00-05:00,62.459999084472656,66.76000213623047,60.709999084472656,61.439998626708984,113500,0.0,0.0
2024-02-14 00:00:00-05:00,62.849998474121094,64.13999938964844,62.130001068115234,63.38999938964844,161200,0.0,0.0
2024-02-15 00:00:00-05:00,63.470001220703125,65.6500015258789,63.439998626708984,65.55000305175781,155500,0.0,0.0
2024-02-16 00:00:00-05:00,65.0,67.5,65.0,66.05999755859375,96600,0.0,0.0
2024-02-20 00:00:00-05:00,64.54000091552734,65.8499984741211,63.400001525878906,65.7699966430664,113100,0.0,0.0
2024-02-21 00:00:00-05:00,66.0199966430664,67.58999633789062,65.83999633789062,66.08000183105469,134100,0.0,0.0
2024-02-22 00:00:00-05:00,68.4000015258789,73.69000244140625,62.83000183105469,70.61000061035156,262800,0.0,0.0
2024-02-23 00:00:00-05:00,71.0,71.36000061035156,69.72000122070312,71.12999725341797,150500,0.0,0.0
2024-02-26 00:00:00-05:00,70.37999725341797,72.19000244140625,69.76000213623047,72.08999633789062,160700,0.0,0.0
2024-02-27 00:00:00-05:00,73.29000091552734,73.29000091552734,70.80999755859375,70.81999969482422,117200,0.0,0.0
2024-02-28 00:00:00-05:00,69.56999969482422,71.0999984741211,69.47000122070312,70.27999877929688,121000,0.0,0.0
2024-02-29 00:00:00-05:00,71.70999908447266,72.69000244140625,70.88999938964844,72.5199966430664,137500,0.0,0.0
2024-03-01 00:00:00-05:00,73.12000274658203,73.95999908447266,71.91000366210938,73.58999633789062,110100,0.0,0.0
2024-03-04 00:00:00-05:00,73.41000366210938,73.94000244140625,71.2699966430664,71.2699966430664,113100,0.0,0.0
2024-03-05 00:00:00-05:00,70.29000091552734,71.94000244140625,69.95999908447266,71.76000213623047,139300,0.0,0.0
2024-03-06 00:00:00-05:00,73.16000366210938,73.9000015258789,71.7699966430664,72.7300033569336,136600,0.0,0.0
2024-03-07 00:00:00-05:00,73.23999786376953,75.56999969482422,73.23999786376953,75.4800033569336,132800,0.0,0.0
2024-03-08 00:00:00-05:00,76.72000122070312,77.30999755859375,74.54000091552734,75.45999908447266,94000,0.0,0.0
2024-03-11 00:00:00-04:00,74.18000030517578,77.25,73.5199966430664,76.75,217300,0.0,0.0
2024-03-12 00:00:00-04:00,77.20999908447266,77.20999908447266,75.4000015258789,76.19000244140625,192500,0.0,0.0
2024-03-13 00:00:00-04:00,76.58000183105469,78.9000015258789,76.4800033569336,77.72000122070312,238100,0.0,0.0
2024-03-14 00:00:00-04:00,77.56999969482422,77.80999755859375,75.0999984741211,77.08999633789062,272500,0.0,0.0
2024-03-15 00:00:00-04:00,76.73999786376953,79.08999633789062,76.73999786376953,78.30000305175781,1008700,0.0,0.0
2024-03-18 00:00:00-04:00,79.0199966430664,79.36000061035156,77.4000015258789,78.16999816894531,150800,0.0,0.0
2024-03-19 00:00:00-04:00,77.54000091552734,79.2300033569336,76.6500015258789,79.2300033569336,188100,0.0,0.0
2024-03-20 00:00:00-04:00,78.9000015258789,82.52999877929688,78.7300033569336,82.08000183105469,159500,0.0,0.0
2024-03-21 00:00:00-04:00,82.5,82.9800033569336,81.38999938964844,82.05999755859375,115000,0.0,0.0
2024-03-22 00:00:00-04:00,81.43000030517578,81.51000213623047,80.37000274658203,81.12999725341797,106600,0.0,0.0
2024-03-25 00:00:00-04:00,82.44999694824219,84.72000122070312,82.25,84.05999755859375,152900,0.0,0.0
2024-03-26 00:00:00-04:00,85.02999877929688,85.69000244140625,83.56999969482422,85.16000366210938,150900,0.0,0.0
2024-03-27 00:00:00-04:00,85.77999877929688,88.44000244140625,85.77999877929688,88.19999694824219,146300,0.0,0.0
2024-03-28 00:00:00-04:00,88.19999694824219,90.61000061035156,88.19999694824219,89.36000061035156,159800,0.0,0.0
2024-04-01 00:00:00-04:00,90.2300033569336,90.2300033569336,88.12999725341797,88.66999816894531,83100,0.0,0.0
2024-04-02 00:00:00-04:00,88.33000183105469,91.47000122070312,87.83000183105469,90.88999938964844,185000,0.0,0.0
2024-04-03 00:00:00-04:00,90.2699966430664,92.8499984741211,90.2699966430664,92.25,202100,0.0,0.0
2024-04-04 00:00:00-04:00,92.93000030517578,93.29000091552734,89.66999816894531,90.94999694824219,130700,0.0,0.0
2024-04-05 00:00:00-04:00,90.30999755859375,93.08000183105469,89.95999908447266,92.97000122070312,116800,0.0,0.0
2024-04-08 00:00:00-04:00,94.11000061035156,94.36000061035156,92.26000213623047,93.76000213623047,113700,0.0,0.0
2024-04-09 00:00:00-04:00,94.69999694824219,95.55999755859375,92.8499984741211,93.44999694824219,129000,0.0,0.0
2024-04-10 00:00:00-04:00,90.69999694824219,92.30000305175781,88.62000274658203,90.62000274658203,160600,0.0,0.0
2024-04-11 00:00:00-04:00,91.06999969482422,91.44999694824219,89.55000305175781,91.26000213623047,107900,0.0,0.0
2024-04-12 00:00:00-04:00,91.5,92.08000183105469,88.30999755859375,89.1500015258789,109700,0.0,0.0
2024-04-15 00:00:00-04:00,91.55000305175781,92.4000015258789,88.43000030517578,88.83000183105469,137200,0.0,0.0
2024-04-16 00:00:00-04:00,86.80000305175781,90.76000213623047,86.0,90.47000122070312,280200,0.0,0.0
2024-04-17 00:00:00-04:00,91.94999694824219,92.75,89.54000091552734,89.95999908447266,195500,0.0,0.0
2024-04-18 00:00:00-04:00,90.16999816894531,91.01000213623047,88.26000213623047,90.16999816894531,140800,0.0,0.0
2024-04-19 00:00:00-04:00,89.33999633789062,91.25,88.88999938964844,89.48999786376953,133200,0.0,0.0
2024-04-22 00:00:00-04:00,89.48999786376953,90.51000213623047,87.79000091552734,89.81999969482422,108200,0.0,0.0
2024-04-23 00:00:00-04:00,88.88999938964844,89.79000091552734,88.18000030517578,89.62999725341797,173100,0.0,0.0
2024-04-24 00:00:00-04:00,87.25,88.58000183105469,86.01000213623047,87.33000183105469,204500,0.0,0.0
2024-04-25 00:00:00-04:00,88.5,90.19000244140625,85.81999969482422,88.48999786376953,670900,0.0,0.0
2024-04-26 00:00:00-04:00,90.16999816894531,95.47000122070312,89.33999633789062,94.91999816894531,470600,0.0,0.0
2024-04-29 00:00:00-04:00,94.8499984741211,96.41000366210938,93.95999908447266,95.1500015258789,155800,0.0,0.0
2024-04-30 00:00:00-04:00,93.58999633789062,94.33999633789062,90.4000015258789,90.48999786376953,179700,0.0,0.0
2024-05-01 00:00:00-04:00,91.12999725341797,93.7699966430664,89.93000030517578,91.8499984741211,215800,0.0,0.0
2024-05-02 00:00:00-04:00,92.31999969482422,94.56999969482422,91.5,94.33000183105469,139000,0.0,0.0
2024-05-03 00:00:00-04:00,95.83000183105469,96.47000122070312,93.43000030517578,96.11000061035156,156000,0.0,0.0
2024-05-06 00:00:00-04:00,97.12000274658203,99.45999908447266,97.12000274658203,97.79000091552734,175500,0.0,0.0
2024-05-07 00:00:00-04:00,97.62000274658203,99.25,97.55999755859375,97.80999755859375,111600,0.0,0.0
2024-05-08 00:00:00-04:00,96.23999786376953,97.30999755859375,94.8499984741211,95.98999786376953,92000,0.0,0.0
2024-05-09 00:00:00-04:00,95.69000244140625,98.45999908447266,95.69000244140625,97.56999969482422,90500,0.0,0.0
2024-05-10 00:00:00-04:00,98.16999816894531,99.0,97.37999725341797,98.69000244140625,98400,0.0,0.0
2024-05-13 00:00:00-04:00,99.6500015258789,100.83000183105469,99.16000366210938,100.19000244140625,90600,0.0,0.0
2024-05-14 00:00:00-04:00,100.93000030517578,101.66000366210938,99.0,100.5,113400,0.0,0.0
2024-05-15 00:00:00-04:00,101.94999694824219,101.94999694824219,99.81999969482422,101.19999694824219,87700,0.0,0.0
2024-05-16 00:00:00-04:00,100.62000274658203,100.70999908447266,98.41999816894531,98.62000274658203,111200,0.0,0.0
2024-05-17 00:00:00-04:00,99.38999938964844,102.26000213623047,99.38999938964844,100.9800033569336,168100,0.0,0.0
2024-05-20 00:00:00-04:00,100.43000030517578,102.41999816894531,100.06999969482422,100.06999969482422,100300,0.0,0.0
2024-05-21 00:00:00-04:00,100.0,102.3499984741211,99.2699966430664,100.43000030517578,161000,0.0,0.0
2024-05-22 00:00:00-04:00,99.2300033569336,99.2300033569336,95.62999725341797,95.68000030517578,121100,0.0,0.0
2024-05-23 00:00:00-04:00,96.19000244140625,96.31999969482422,94.31999969482422,95.44000244140625,139200,0.0,0.0
2024-05-24 00:00:00-04:00,96.26000213623047,96.68000030517578,95.1500015258789,95.69000244140625,100200,0.0,0.0
2024-05-28 00:00:00-04:00,96.87999725341797,97.98999786376953,95.9000015258789,97.94000244140625,138700,0.0,0.0
2024-05-29 00:00:00-04:00,96.19999694824219,98.79000091552734,95.87999725341797,97.91999816894531,121000,0.0,0.0
2024-05-30 00:00:00-04:00,97.97000122070312,99.5999984741211,97.63999938964844,99.48999786376953,86400,0.0,0.0
2024-05-31 00:00:00-04:00,100.37999725341797,100.48999786376953,96.68000030517578,97.80000305175781,139100,0.0,0.0
2024-06-03 00:00:00-04:00,99.05000305175781,99.12000274658203,95.88999938964844,96.01000213623047,87200,0.0,0.0
2024-06-04 00:00:00-04:00,94.51000213623047,94.72000122070312,91.33000183105469,92.05999755859375,107200,0.0,0.0
2024-06-05 00:00:00-04:00,91.88999938964844,92.48999786376953,90.94999694824219,91.30000305175781,201400,0.0,0.0
2024-06-06 00:00:00-04:00,91.25,95.30000305175781,91.25,93.33999633789062,143500,0.0,0.0
2024-06-07 00:00:00-04:00,91.12000274658203,92.36000061035156,90.01000213623047,91.0199966430664,104700,0.0,0.0
2024-06-10 00:00:00-04:00,90.2300033569336,92.30000305175781,89.66000366210938,92.08000183105469,116200,0.0,0.0
2024-06-11 00:00:00-04:00,90.62000274658203,91.80000305175781,88.87999725341797,91.04000091552734,124600,0.0,0.0
2024-06-12 00:00:00-04:00,94.87999725341797,94.97000122070312,92.58999633789062,92.63999938964844,127800,0.0,0.0
2024-06-13 00:00:00-04:00,92.08000183105469,92.87999725341797,90.5,91.54000091552734,109200,0.0,0.0
2024-06-14 00:00:00-04:00,89.8499984741211,90.70999908447266,88.08999633789062,89.19999694824219,136900,0.0,0.0
2024-06-17 00:00:00-04:00,88.18000030517578,88.58999633789062,86.80999755859375,88.26000213623047,153600,0.0,0.0
2024-06-18 00:00:00-04:00,87.93000030517578,89.66999816894531,87.93000030517578,88.91000366210938,94600,0.0,0.0
2024-06-20 00:00:00-04:00,89.05000305175781,90.02999877929688,87.9000015258789,87.94999694824219,93500,0.0,0.0
2024-06-21 00:00:00-04:00,87.62999725341797,88.66999816894531,87.13999938964844,88.62999725341797,337900,0.0,0.0
2024-06-24 00:00:00-04:00,88.7699966430664,90.12999725341797,88.45999908447266,89.12999725341797,85100,0.0,0.0
2024-06-25 00:00:00-04:00,88.5,88.5,86.87000274658203,87.66000366210938,139400,0.0,0.0
2024-06-26 00:00:00-04:00,87.62000274658203,87.62999725341797,86.04000091552734,87.33999633789062,109300,0.0,0.0
2024-06-27 00:00:00-04:00,87.98999786376953,88.30000305175781,85.26000213623047,85.94000244140625,109600,0.0,0.0
2024-06-28 00:00:00-04:00,87.2300033569336,88.19999694824219,86.26000213623047,87.9000015258789,486400,0.0,0.0
2024-07-01 00:00:00-04:00,88.23999786376953,89.5199966430664,86.6500015258789,87.2699966430664,109600,0.0,0.0
2024-07-02 00:00:00-04:00,87.38999938964844,88.3499984741211,87.12000274658203,88.25,57800,0.0,0.0
2024-07-03 00:00:00-04:00,88.73999786376953,90.98999786376953,88.73999786376953,90.9800033569336,64500,0.0,0.0
2024-07-05 00:00:00-04:00,91.19000244140625,91.19000244140625,87.33999633789062,87.55999755859375,86600,0.0,0.0
2024-07-08 00:00:00-04:00,87.94000244140625,90.63999938964844,87.94000244140625,90.44000244140625,152900,0.0,0.0
2024-07-09 00:00:00-04:00,90.33999633789062,91.30000305175781,88.5999984741211,89.2699966430664,176500,0.0,0.0
2024-07-10 00:00:00-04:00,89.61000061035156,90.55999755859375,89.0,90.19000244140625,100800,0.0,0.0
2024-07-11 00:00:00-04:00,92.7699966430664,92.83000183105469,90.4800033569336,91.23999786376953,133600,0.0,0.0
2024-07-12 00:00:00-04:00,93.95999908447266,94.91999816894531,92.06999969482422,93.48999786376953,154500,0.0,0.0
2024-07-15 00:00:00-04:00,93.55000305175781,96.48999786376953,93.55000305175781,95.37999725341797,110800,0.0,0.0
2024-07-16 00:00:00-04:00,95.37999725341797,99.51000213623047,94.48999786376953,99.3499984741211,140500,0.0,0.0
2024-07-17 00:00:00-04:00,98.83999633789062,100.06999969482422,97.55999755859375,98.19999694824219,145600,0.0,0.0
2024-07-18 00:00:00-04:00,97.29000091552734,98.5,94.93000030517578,96.04000091552734,194000,0.0,0.0
2024-07-19 00:00:00-04:00,95.62000274658203,95.97000122070312,92.54000091552734,92.94000244140625,89800,0.0,0.0
2024-07-22 00:00:00-04:00,92.69000244140625,95.63999938964844,91.66000366210938,95.41999816894531,147500,0.0,0.0
2024-07-23 00:00:00-04:00,95.08000183105469,97.2699966430664,92.98999786376953,97.20999908447266,169900,0.0,0.0
2024-07-24 00:00:00-04:00,96.43000030517578,96.43000030517578,92.08000183105469,92.79000091552734,165600,0.0,0.0
2024-07-25 00:00:00-04:00,85.0,85.0,77.01000213623047,78.05999755859375,407400,0.0,0.0
2024-07-26 00:00:00-04:00,78.58000183105469,78.86000061035156,75.33000183105469,77.76000213623047,257700,0.0,0.0
2024-07-29 00:00:00-04:00,77.41999816894531,77.55999755859375,75.94000244140625,76.4800033569336,247700,0.0,0.0
2024-07-30 00:00:00-04:00,78.19999694824219,78.94999694824219,76.69999694824219,78.41000366210938,243500,0.0,0.0
2024-07-31 00:00:00-04:00,79.44000244140625,81.5,78.16000366210938,78.69000244140625,220200,0.0,0.0
2024-08-01 00:00:00-04:00,78.69999694824219,80.27999877929688,73.44000244140625,74.8499984741211,253900,0.0,0.0
2024-08-02 00:00:00-04:00,72.37999725341797,72.54000091552734,69.52999877929688,70.0199966430664,186600,0.0,0.0
2024-08-05 00:00:00-04:00,66.63999938964844,69.11000061035156,64.66000366210938,69.11000061035156,170400,0.0,0.0
2024-08-06 00:00:00-04:00,69.13999938964844,69.5199966430664,67.47000122070312,67.87999725341797,159000,0.0,0.0
2024-08-07 00:00:00-04:00,69.2699966430664,69.30000305175781,66.1500015258789,66.36000061035156,127900,0.0,0.0
2024-08-08 00:00:00-04:00,67.41999816894531,68.44000244140625,66.79000091552734,67.69999694824219,136500,0.0,0.0
2024-08-09 00:00:00-04:00,68.11000061035156,68.81999969482422,66.7699966430664,68.05999755859375,95800,0.0,0.0
2024-08-12 00:00:00-04:00,68.05999755859375,68.61000061035156,67.41000366210938,67.87999725341797,86800,0.0,0.0
2024-08-13 00:00:00-04:00,68.33999633789062,69.52999877929688,67.9000015258789,68.76000213623047,115400,0.0,0.0
2024-08-14 00:00:00-04:00,68.70999908447266,68.95999908447266,67.5,67.9800033569336,103000,0.0,0.0
2024-08-15 00:00:00-04:00,69.98999786376953,71.2699966430664,69.55000305175781,70.25,89000,0.0,0.0
2024-08-16 00:00:00-04:00,69.91999816894531,70.45999908447266,69.41000366210938,69.72000122070312,112000,0.0,0.0
2024-08-19 00:00:00-04:00,70.22000122070312,71.73999786376953,69.0,70.75,99700,0.0,0.0
2024-08-20 00:00:00-04:00,71.1500015258789,71.56999969482422,69.63999938964844,70.0,81300,0.0,0.0
2024-08-21 00:00:00-04:00,70.8499984741211,72.37000274658203,69.86000061035156,72.19999694824219,108000,0.0,0.0
2024-08-22 00:00:00-04:00,71.8499984741211,71.8499984741211,70.61000061035156,70.81999969482422,60700,0.0,0.0
2024-08-23 00:00:00-04:00,71.58999633789062,74.41999816894531,71.0199966430664,74.30000305175781,87300,0.0,0.0
2024-08-26 00:00:00-04:00,75.11000061035156,75.79000091552734,74.0,74.26000213623047,67400,0.0,0.0
2024-08-27 00:00:00-04:00,73.97000122070312,76.18000030517578,73.97000122070312,75.16999816894531,100500,0.0,0.0
2024-08-28 00:00:00-04:00,74.44999694824219,74.44999694824219,73.44000244140625,73.45999908447266,79900,0.0,0.0
2024-08-29 00:00:00-04:00,74.33000183105469,75.55000305175781,73.08999633789062,74.23999786376953,102100,0.0,0.0
2024-08-30 00:00:00-04:00,74.83000183105469,74.83000183105469,73.83000183105469,74.55000305175781,133100,0.0,0.0
2024-09-03 00:00:00-04:00,73.75,74.22000122070312,69.8499984741211,70.38999938964844,139800,0.0,0.0
2024-09-04 00:00:00-04:00,69.97000122070312,71.47000122070312,68.9000015258789,69.25,94600,0.0,0.0
2024-09-05 00:00:00-04:00,69.69000244140625,70.55999755859375,69.0999984741211,69.44999694824219,76800,0.0,0.0
2024-09-06 00:00:00-04:00,69.12000274658203,70.41999816894531,67.5199966430664,68.12999725341797,64100,0.0,0.0
2024-09-09 00:00:00-04:00,67.9800033569336,68.61000061035156,67.16999816894531,67.16999816894531,72200,0.0,0.0
2024-09-10 00:00:00-04:00,67.04000091552734,67.5199966430664,66.25,66.79000091552734,82100,0.0,0.0
2024-09-11 00:00:00-04:00,66.97000122070312,68.55000305175781,65.66000366210938,68.30999755859375,97600,0.0,0.0
2024-09-12 00:00:00-04:00,69.22000122070312,69.4800033569336,68.27999877929688,68.91999816894531,62200,0.0,0.0
2024-09-13 00:00:00-04:00,69.91999816894531,70.75,68.76000213623047,68.88999938964844,124100,0.0,0.0
2024-09-16 00:00:00-04:00,69.58999633789062,70.11000061035156,68.54000091552734,68.91000366210938,122800,0.0,0.0
2024-09-17 00:00:00-04:00,69.58000183105469,70.4800033569336,68.9000015258789,69.52999877929688,162900,0.0,0.0
2024-09-18 00:00:00-04:00,70.0,72.30000305175781,69.31999969482422,70.18000030517578,184300,0.0,0.0
2024-09-19 00:00:00-04:00,72.70999908447266,73.52999877929688,70.55000305175781,71.27999877929688,136200,0.0,0.0
2024-09-20 00:00:00-04:00,71.16999816894531,71.16999816894531,69.75,70.16999816894531,235835,0.0,0.0
