Date,Open,High,Low,Close,Volume,Dividends,Stock Splits
1983-12-14 00:00:00-05:00,0.0,1.5521709675691566,1.4626226425170898,1.4626226425170898,857600,0.0,0.0
1983-12-15 00:00:00-05:00,0.0,1.5223216861486435,1.4327733516693115,1.4327733516693115,193600,0.0,0.0
1983-12-16 00:00:00-05:00,0.0,1.4924722413221994,1.4327733516693115,1.4327733516693115,151200,0.0,0.0
1983-12-19 00:00:00-05:00,0.0,1.5223216861486435,1.4327733516693115,1.4327733516693115,351200,0.0,0.0
1983-12-20 00:00:00-05:00,0.0,1.5521709675691566,1.4626226425170898,1.4626226425170898,261600,0.0,0.0
1983-12-21 00:00:00-05:00,0.0,1.5521709675691566,1.4626226425170898,1.4626226425170898,18400,0.0,0.0
1983-12-22 00:00:00-05:00,0.0,1.5521709675691566,1.4626226425170898,1.4626226425170898,52000,0.0,0.0
1983-12-23 00:00:00-05:00,0.0,1.5521710586547852,1.4924721717834473,1.4924721717834473,8800,0.0,0.0
1983-12-27 00:00:00-05:00,0.0,1.582020502090454,1.4924721717834473,1.4924721717834473,12800,0.0,0.0
1983-12-28 00:00:00-05:00,0.0,1.582020502090454,1.4924721717834473,1.4924721717834473,16800,0.0,0.0
1983-12-29 00:00:00-05:00,0.0,1.582020502090454,1.4924721717834473,1.4924721717834473,26400,0.0,0.0
1983-12-30 00:00:00-05:00,0.0,1.5820205555512354,1.5521711111068726,1.5521711111068726,14400,0.0,0.0
1984-01-03 00:00:00-05:00,0.0,1.5820203435187246,1.5223214626312256,1.5223214626312256,17600,0.0,0.0
1984-01-04 00:00:00-05:00,0.0,1.582020502090454,1.4924721717834473,1.4924721717834473,67200,0.0,0.0
1984-01-05 00:00:00-05:00,0.0,1.582020502090454,1.4924721717834473,1.4924721717834473,51200,0.0,0.0
1984-01-06 00:00:00-05:00,0.0,1.582020502090454,1.4924721717834473,1.4924721717834473,53600,0.0,0.0
1984-01-09 00:00:00-05:00,0.0,1.582020502090454,1.4924721717834473,1.4924721717834473,32800,0.0,0.0
1984-01-10 00:00:00-05:00,0.0,1.582020502090454,1.4924721717834473,1.4924721717834473,49600,0.0,0.0
1984-01-11 00:00:00-05:00,0.0,1.582020502090454,1.4924721717834473,1.4924721717834473,8000,0.0,0.0
1984-01-12 00:00:00-05:00,0.0,1.5521710586547852,1.4924721717834473,1.4924721717834473,81600,0.0,0.0
1984-01-13 00:00:00-05:00,0.0,1.582020502090454,1.4924721717834473,1.4924721717834473,25600,0.0,0.0
1984-01-16 00:00:00-05:00,0.0,1.582020502090454,1.4924721717834473,1.4924721717834473,68000,0.0,0.0
1984-01-17 00:00:00-05:00,0.0,1.5820203435187246,1.5223214626312256,1.5223214626312256,47200,0.0,0.0
1984-01-18 00:00:00-05:00,0.0,1.6417194444399614,1.5521711111068726,1.5521711111068726,84800,0.0,0.0
1984-01-19 00:00:00-05:00,0.0,1.6715688525505785,1.5820205211639404,1.5820205211639404,34400,0.0,0.0
1984-01-20 00:00:00-05:00,0.0,1.6417194444399614,1.5521711111068726,1.5521711111068726,28000,0.0,0.0
1984-01-23 00:00:00-05:00,0.0,1.6118699999955985,1.5521711111068726,1.5521711111068726,16000,0.0,0.0
1984-01-24 00:00:00-05:00,0.0,1.6417194444399614,1.5521711111068726,1.5521711111068726,28000,0.0,0.0
1984-01-25 00:00:00-05:00,0.0,1.6715689411869756,1.6118700504302979,1.6118700504302979,25600,0.0,0.0
1984-01-26 00:00:00-05:00,0.0,1.701418226415461,1.6417193412780762,1.6417193412780762,72800,0.0,0.0
1984-01-27 00:00:00-05:00,0.0,1.701418226415461,1.6417193412780762,1.6417193412780762,114400,0.0,0.0
1984-01-30 00:00:00-05:00,0.0,1.731267668984153,1.6417193412780762,1.6417193412780762,62400,0.0,0.0
1984-01-31 00:00:00-05:00,0.0,1.7312676028201455,1.701418161392212,1.701418161392212,40800,0.0,0.0
1984-02-01 00:00:00-05:00,0.0,1.7909664532233929,1.7312675714492798,1.7312675714492798,46400,0.0,0.0
1984-02-02 00:00:00-05:00,0.0,1.7909664532233929,1.7312675714492798,1.7312675714492798,74400,0.0,0.0
1984-02-03 00:00:00-05:00,0.0,1.8506651773291118,1.761116862297058,1.761116862297058,32000,0.0,0.0
1984-02-06 00:00:00-05:00,0.0,1.820815738985094,1.761116862297058,1.761116862297058,800,0.0,0.0
1984-02-07 00:00:00-05:00,0.0,1.820815738985094,1.761116862297058,1.761116862297058,27200,0.0,0.0
1984-02-08 00:00:00-05:00,0.0,1.820815738985094,1.761116862297058,1.761116862297058,17600,0.0,0.0
1984-02-09 00:00:00-05:00,0.0,1.850665334997506,1.7312675714492798,1.7312675714492798,103200,0.0,0.0
1984-02-10 00:00:00-05:00,0.0,1.850665334997506,1.7312675714492798,1.7312675714492798,69600,0.0,0.0
1984-02-13 00:00:00-05:00,1.7312675714492798,1.7312675714492798,1.7312675714492798,1.7312675714492798,0,0.0,0.0
1984-02-14 00:00:00-05:00,0.0,1.850665334997506,1.7312675714492798,1.7312675714492798,7200,0.0,0.0
1984-02-15 00:00:00-05:00,0.0,1.8208158941104493,1.7312675714492798,1.7312675714492798,20000,0.0,0.0
1984-02-16 00:00:00-05:00,0.0,1.8208158941104493,1.7312675714492798,1.7312675714492798,43200,0.0,0.0
1984-02-17 00:00:00-05:00,0.0,1.8208158941104493,1.7312675714492798,1.7312675714492798,16800,0.0,0.0
1984-02-21 00:00:00-05:00,0.0,1.7909664532233929,1.7312675714492798,1.7312675714492798,800,0.0,0.0
1984-02-22 00:00:00-05:00,0.0,1.701418226415461,1.6417193412780762,1.6417193412780762,59200,0.0,0.0
1984-02-23 00:00:00-05:00,0.0,1.701418226415461,1.6417193412780762,1.6417193412780762,9600,0.0,0.0
1984-02-24 00:00:00-05:00,1.6417193412780762,1.6417193412780762,1.6417193412780762,1.6417193412780762,0,0.0,0.0
1984-02-27 00:00:00-05:00,0.0,1.701418226415461,1.6417193412780762,1.6417193412780762,8000,0.0,0.0
1984-02-28 00:00:00-05:00,0.0,1.701418226415461,1.6417193412780762,1.6417193412780762,9600,0.0,0.0
1984-02-29 00:00:00-05:00,0.0,1.701418226415461,1.6417193412780762,1.6417193412780762,1600,0.0,0.0
1984-03-01 00:00:00-05:00,0.0,1.731267668984153,1.6417193412780762,1.6417193412780762,3200,0.0,0.0
1984-03-02 00:00:00-05:00,0.0,1.731267668984153,1.6417193412780762,1.6417193412780762,8000,0.0,0.0
1984-03-05 00:00:00-05:00,0.0,1.701418226415461,1.6417193412780762,1.6417193412780762,1600,0.0,0.0
1984-03-06 00:00:00-05:00,0.0,1.701418226415461,1.6417193412780762,1.6417193412780762,800,0.0,0.0
1984-03-07 00:00:00-05:00,0.0,1.701418226415461,1.6417193412780762,1.6417193412780762,0,0.0,0.0
1984-03-08 00:00:00-05:00,0.0,1.701418226415461,1.6417193412780762,1.6417193412780762,1600,0.0,0.0
1984-03-09 00:00:00-05:00,0.0,1.701418226415461,1.6417193412780762,1.6417193412780762,2400,0.0,0.0
1984-03-12 00:00:00-05:00,0.0,1.6715688525505785,1.5820205211639404,1.5820205211639404,6400,0.0,0.0
1984-03-13 00:00:00-05:00,0.0,1.6715688525505785,1.5820205211639404,1.5820205211639404,12000,0.0,0.0
1984-03-14 00:00:00-05:00,0.0,1.6417194087550324,1.5820205211639404,1.5820205211639404,8800,0.0,0.0
1984-03-15 00:00:00-05:00,0.0,1.6417194087550324,1.5820205211639404,1.5820205211639404,14400,0.0,0.0
1984-03-16 00:00:00-05:00,0.0,1.6715688525505785,1.5820205211639404,1.5820205211639404,8000,0.0,0.0
1984-03-19 00:00:00-05:00,0.0,1.6118699999955985,1.5521711111068726,1.5521711111068726,4000,0.0,0.0
1984-03-20 00:00:00-05:00,0.0,1.6118699999955985,1.5521711111068726,1.5521711111068726,3200,0.0,0.0
1984-03-21 00:00:00-05:00,0.0,1.6118699999955985,1.5521711111068726,1.5521711111068726,10400,0.0,0.0
1984-03-22 00:00:00-05:00,0.0,1.6118699999955985,1.5521711111068726,1.5521711111068726,6400,0.0,0.0
1984-03-23 00:00:00-05:00,0.0,1.5820203435187246,1.5223214626312256,1.5223214626312256,9600,0.0,0.0
1984-03-26 00:00:00-05:00,0.0,1.5820203435187246,1.5223214626312256,1.5223214626312256,8800,0.0,0.0
1984-03-27 00:00:00-05:00,0.0,1.5820203435187246,1.5223214626312256,1.5223214626312256,29600,0.0,0.0
1984-03-28 00:00:00-05:00,0.0,1.611869783962474,1.5223214626312256,1.5223214626312256,40000,0.0,0.0
1984-03-29 00:00:00-05:00,0.0,1.611869783962474,1.5223214626312256,1.5223214626312256,800,0.0,0.0
1984-03-30 00:00:00-05:00,1.5223214626312256,1.5223214626312256,1.5223214626312256,1.5223214626312256,0,0.0,0.0
1984-04-02 00:00:00-05:00,0.0,1.611869783962474,1.5223214626312256,1.5223214626312256,4800,0.0,0.0
1984-04-03 00:00:00-05:00,0.0,1.611869783962474,1.5223214626312256,1.5223214626312256,1600,0.0,0.0
1984-04-04 00:00:00-05:00,0.0,1.611869783962474,1.5223214626312256,1.5223214626312256,16000,0.0,0.0
1984-04-05 00:00:00-05:00,0.0,1.582020502090454,1.4924721717834473,1.4924721717834473,41600,0.0,0.0
1984-04-06 00:00:00-05:00,1.4924721717834473,1.4924721717834473,1.4924721717834473,1.4924721717834473,0,0.0,0.0
1984-04-09 00:00:00-05:00,1.4924721717834473,1.4924721717834473,1.4924721717834473,1.4924721717834473,0,0.0,0.0
1984-04-10 00:00:00-05:00,0.0,1.582020502090454,1.4924721717834473,1.4924721717834473,800,0.0,0.0
1984-04-11 00:00:00-05:00,1.4924721717834473,1.4924721717834473,1.4924721717834473,1.4924721717834473,0,0.0,0.0
1984-04-12 00:00:00-05:00,0.0,1.611869945526123,1.4924721717834473,1.4924721717834473,17600,0.0,0.0
1984-04-13 00:00:00-05:00,0.0,1.611869945526123,1.4924721717834473,1.4924721717834473,28000,0.0,0.0
1984-04-16 00:00:00-05:00,1.4924721717834473,1.4924721717834473,1.4924721717834473,1.4924721717834473,0,0.0,0.0
1984-04-17 00:00:00-05:00,0.0,1.611869945526123,1.4924721717834473,1.4924721717834473,8000,0.0,0.0
1984-04-18 00:00:00-05:00,0.0,1.611869945526123,1.4924721717834473,1.4924721717834473,42400,0.0,0.0
1984-04-19 00:00:00-05:00,0.0,1.582020502090454,1.4924721717834473,1.4924721717834473,5600,0.0,0.0
1984-04-23 00:00:00-05:00,0.0,1.611869945526123,1.4924721717834473,1.4924721717834473,62400,0.0,0.0
1984-04-24 00:00:00-05:00,0.0,1.582020502090454,1.4924721717834473,1.4924721717834473,32000,0.0,0.0
1984-04-25 00:00:00-05:00,0.0,1.611869945526123,1.4924721717834473,1.4924721717834473,94400,0.0,0.0
1984-04-26 00:00:00-05:00,0.0,1.611869783962474,1.5223214626312256,1.5223214626312256,20800,0.0,0.0
1984-04-27 00:00:00-05:00,0.0,1.6118699999955985,1.5521711111068726,1.5521711111068726,88800,0.0,0.0
1984-04-30 00:00:00-04:00,1.5521711111068726,1.5521711111068726,1.5521711111068726,1.5521711111068726,0,0.0,0.0
1984-05-01 00:00:00-04:00,1.5521711111068726,1.5521711111068726,1.5521711111068726,1.5521711111068726,0,0.0,0.0
1984-05-02 00:00:00-04:00,0.0,1.6118699999955985,1.5521711111068726,1.5521711111068726,12800,0.0,0.0
1984-05-03 00:00:00-04:00,0.0,1.6118699999955985,1.5521711111068726,1.5521711111068726,5600,0.0,0.0
1984-05-04 00:00:00-04:00,0.0,1.6118699999955985,1.5521711111068726,1.5521711111068726,8800,0.0,0.0
1984-05-07 00:00:00-04:00,0.0,1.6715688888843243,1.5521711111068726,1.5521711111068726,17600,0.0,0.0
1984-05-08 00:00:00-04:00,0.0,1.6715688525505785,1.5820205211639404,1.5820205211639404,1600,0.0,0.0
1984-05-09 00:00:00-04:00,0.0,1.6715688525505785,1.5820205211639404,1.5820205211639404,8000,0.0,0.0
1984-05-10 00:00:00-04:00,0.0,1.6715688525505785,1.5820205211639404,1.5820205211639404,8000,0.0,0.0
1984-05-11 00:00:00-04:00,0.0,1.6715688888843243,1.5521711111068726,1.5521711111068726,29600,0.0,0.0
1984-05-14 00:00:00-04:00,0.0,1.6715688888843243,1.5521711111068726,1.5521711111068726,800,0.0,0.0
1984-05-15 00:00:00-04:00,0.0,1.6715688888843243,1.5521711111068726,1.5521711111068726,6400,0.0,0.0
1984-05-16 00:00:00-04:00,0.0,1.6715688888843243,1.5521711111068726,1.5521711111068726,800,0.0,0.0
1984-05-17 00:00:00-04:00,0.0,1.6715688888843243,1.5521711111068726,1.5521711111068726,8000,0.0,0.0
1984-05-18 00:00:00-04:00,0.0,1.6715688525505785,1.5820205211639404,1.5820205211639404,18400,0.0,0.0
1984-05-21 00:00:00-04:00,0.0,1.6715688525505785,1.5820205211639404,1.5820205211639404,28000,0.0,0.0
1984-05-22 00:00:00-04:00,0.0,1.6715688525505785,1.5820205211639404,1.5820205211639404,800,0.0,0.0
1984-05-23 00:00:00-04:00,1.5820205211639404,1.5820205211639404,1.5820205211639404,1.5820205211639404,0,0.0,0.0
1984-05-24 00:00:00-04:00,0.0,1.6715688525505785,1.5820205211639404,1.5820205211639404,24000,0.0,0.0
1984-05-25 00:00:00-04:00,0.0,1.6715688525505785,1.5820205211639404,1.5820205211639404,2400,0.0,0.0
1984-05-29 00:00:00-04:00,1.5820205211639404,1.5820205211639404,1.5820205211639404,1.5820205211639404,0,0.0,0.0
1984-05-30 00:00:00-04:00,0.0,1.6417194444399614,1.5521711111068726,1.5521711111068726,11200,0.0,0.0
1984-05-31 00:00:00-04:00,0.0,1.6715688888843243,1.5521711111068726,1.5521711111068726,18400,0.0,0.0
1984-06-01 00:00:00-04:00,1.5521711111068726,1.5521711111068726,1.5521711111068726,1.5521711111068726,0,0.0,0.0
1984-06-04 00:00:00-04:00,0.0,1.6715688888843243,1.5521711111068726,1.5521711111068726,800,0.0,0.0
1984-06-05 00:00:00-04:00,0.0,1.6715688888843243,1.5521711111068726,1.5521711111068726,1600,0.0,0.0
1984-06-06 00:00:00-04:00,0.0,1.731267668984153,1.6417193412780762,1.6417193412780762,330400,0.0,0.0
1984-06-07 00:00:00-04:00,0.0,1.731267668984153,1.6417193412780762,1.6417193412780762,1600,0.0,0.0
1984-06-08 00:00:00-04:00,0.0,1.731267668984153,1.6417193412780762,1.6417193412780762,32000,0.0,0.0
1984-06-11 00:00:00-04:00,0.0,1.731267668984153,1.6417193412780762,1.6417193412780762,9600,0.0,0.0
1984-06-12 00:00:00-04:00,0.0,1.731267668984153,1.6417193412780762,1.6417193412780762,2400,0.0,0.0
1984-06-13 00:00:00-04:00,0.0,1.731267668984153,1.6417193412780762,1.6417193412780762,8000,0.0,0.0
1984-06-14 00:00:00-04:00,1.6417193412780762,1.6417193412780762,1.6417193412780762,1.6417193412780762,0,0.0,0.0
1984-06-15 00:00:00-04:00,0.0,1.731267668984153,1.6417193412780762,1.6417193412780762,800,0.0,0.0
1984-06-18 00:00:00-04:00,0.0,1.731267668984153,1.6417193412780762,1.6417193412780762,41600,0.0,0.0
1984-06-19 00:00:00-04:00,0.0,1.731267668984153,1.6417193412780762,1.6417193412780762,8800,0.0,0.0
1984-06-20 00:00:00-04:00,0.0,1.731267668984153,1.6417193412780762,1.6417193412780762,28800,0.0,0.0
1984-06-21 00:00:00-04:00,1.6417193412780762,1.6417193412780762,1.6417193412780762,1.6417193412780762,0,0.0,0.0
1984-06-22 00:00:00-04:00,0.0,1.731267668984153,1.6417193412780762,1.6417193412780762,40000,0.0,0.0
1984-06-25 00:00:00-04:00,0.0,1.731267668984153,1.6417193412780762,1.6417193412780762,16000,0.0,0.0
1984-06-26 00:00:00-04:00,0.0,1.7014183865653143,1.6118700504302979,1.6118700504302979,11200,0.0,0.0
1984-06-27 00:00:00-04:00,0.0,1.7014183865653143,1.6118700504302979,1.6118700504302979,9600,0.0,0.0
1984-06-28 00:00:00-04:00,1.6118700504302979,1.6118700504302979,1.6118700504302979,1.6118700504302979,0,0.0,0.0
1984-06-29 00:00:00-04:00,1.6118700504302979,1.6118700504302979,1.6118700504302979,1.6118700504302979,0,0.0,0.0
1984-07-02 00:00:00-04:00,0.0,1.7014183865653143,1.6118700504302979,1.6118700504302979,10400,0.0,0.0
1984-07-03 00:00:00-04:00,0.0,1.7014183865653143,1.6118700504302979,1.6118700504302979,2400,0.0,0.0
1984-07-05 00:00:00-04:00,0.0,1.7014183865653143,1.6118700504302979,1.6118700504302979,1600,0.0,0.0
1984-07-06 00:00:00-04:00,0.0,1.7014183865653143,1.6118700504302979,1.6118700504302979,3200,0.0,0.0
1984-07-09 00:00:00-04:00,0.0,1.7014183865653143,1.6118700504302979,1.6118700504302979,8000,0.0,0.0
1984-07-10 00:00:00-04:00,0.0,1.7014183865653143,1.6118700504302979,1.6118700504302979,1600,0.0,0.0
1984-07-11 00:00:00-04:00,0.0,1.7014183865653143,1.6118700504302979,1.6118700504302979,800,0.0,0.0
1984-07-12 00:00:00-04:00,1.6118700504302979,1.6118700504302979,1.6118700504302979,1.6118700504302979,0,0.0,0.0
1984-07-13 00:00:00-04:00,0.0,1.7014183865653143,1.6118700504302979,1.6118700504302979,8000,0.0,0.0
1984-07-16 00:00:00-04:00,0.0,1.7014183865653143,1.6118700504302979,1.6118700504302979,1600,0.0,0.0
1984-07-17 00:00:00-04:00,1.6118700504302979,1.6118700504302979,1.6118700504302979,1.6118700504302979,0,0.0,0.0
1984-07-18 00:00:00-04:00,0.0,1.7014183865653143,1.6118700504302979,1.6118700504302979,37600,0.0,0.0
1984-07-19 00:00:00-04:00,0.0,1.7014183865653143,1.6118700504302979,1.6118700504302979,5600,0.0,0.0
1984-07-20 00:00:00-04:00,0.0,1.7014183865653143,1.6118700504302979,1.6118700504302979,800,0.0,0.0
1984-07-23 00:00:00-04:00,1.6118700504302979,1.6118700504302979,1.6118700504302979,1.6118700504302979,0,0.0,0.0
1984-07-24 00:00:00-04:00,0.0,1.7014183865653143,1.6118700504302979,1.6118700504302979,1600,0.0,0.0
1984-07-25 00:00:00-04:00,0.0,1.7014183865653143,1.6118700504302979,1.6118700504302979,1600,0.0,0.0
1984-07-26 00:00:00-04:00,0.0,1.7014183865653143,1.6118700504302979,1.6118700504302979,3200,0.0,0.0
1984-07-27 00:00:00-04:00,0.0,1.7014183865653143,1.6118700504302979,1.6118700504302979,1600,0.0,0.0
1984-07-30 00:00:00-04:00,1.6118700504302979,1.6118700504302979,1.6118700504302979,1.6118700504302979,0,0.0,0.0
1984-07-31 00:00:00-04:00,0.0,1.7014183865653143,1.6118700504302979,1.6118700504302979,4000,0.0,0.0
1984-08-01 00:00:00-04:00,0.0,1.7014183865653143,1.6118700504302979,1.6118700504302979,1600,0.0,0.0
1984-08-02 00:00:00-04:00,1.6118700504302979,1.6118700504302979,1.6118700504302979,1.6118700504302979,0,0.0,0.0
1984-08-03 00:00:00-04:00,0.0,1.7014183865653143,1.6118700504302979,1.6118700504302979,15200,0.0,0.0
1984-08-06 00:00:00-04:00,0.0,1.7312678319436532,1.6118700504302979,1.6118700504302979,142400,0.0,0.0
1984-08-07 00:00:00-04:00,0.0,1.731267668984153,1.6417193412780762,1.6417193412780762,131200,0.0,0.0
1984-08-08 00:00:00-04:00,0.0,1.731267668984153,1.6417193412780762,1.6417193412780762,10400,0.0,0.0
1984-08-09 00:00:00-04:00,0.0,1.731267668984153,1.6417193412780762,1.6417193412780762,3200,0.0,0.0
1984-08-10 00:00:00-04:00,0.0,1.731267668984153,1.6417193412780762,1.6417193412780762,480800,0.0,0.0
1984-08-13 00:00:00-04:00,0.0,1.7312673883778706,1.671568512916565,1.671568512916565,2400,0.0,0.0
1984-08-14 00:00:00-04:00,0.0,1.7312673883778706,1.671568512916565,1.671568512916565,44800,0.0,0.0
1984-08-15 00:00:00-04:00,0.0,1.7312673883778706,1.671568512916565,1.671568512916565,140000,0.0,0.0
1984-08-16 00:00:00-04:00,0.0,1.7312673883778706,1.671568512916565,1.671568512916565,3200,0.0,0.0
1984-08-17 00:00:00-04:00,0.0,1.7312673883778706,1.671568512916565,1.671568512916565,800,0.0,0.0
1984-08-20 00:00:00-04:00,0.0,1.7312673883778706,1.671568512916565,1.671568512916565,80000,0.0,0.0
1984-08-21 00:00:00-04:00,0.0,1.7312673883778706,1.671568512916565,1.671568512916565,16800,0.0,0.0
1984-08-22 00:00:00-04:00,0.0,1.7312673883778706,1.671568512916565,1.671568512916565,0,0.0,0.0
1984-08-23 00:00:00-04:00,0.0,1.7312673883778706,1.671568512916565,1.671568512916565,8800,0.0,0.0
1984-08-24 00:00:00-04:00,0.0,1.7312673883778706,1.671568512916565,1.671568512916565,20800,0.0,0.0
1984-08-27 00:00:00-04:00,0.0,1.7312673883778706,1.671568512916565,1.671568512916565,4000,0.0,0.0
1984-08-28 00:00:00-04:00,0.0,1.7312673883778706,1.671568512916565,1.671568512916565,4800,0.0,0.0
1984-08-29 00:00:00-04:00,0.0,1.7312673883778706,1.671568512916565,1.671568512916565,40000,0.0,0.0
1984-08-30 00:00:00-04:00,1.671568512916565,1.671568512916565,1.671568512916565,1.671568512916565,0,0.0,0.0
1984-08-31 00:00:00-04:00,0.0,1.7312678319436532,1.6118700504302979,1.6118700504302979,6400,0.0,0.0
1984-09-04 00:00:00-04:00,0.0,1.731267668984153,1.6417193412780762,1.6417193412780762,4800,0.0,0.0
1984-09-05 00:00:00-04:00,0.0,1.731267668984153,1.6417193412780762,1.6417193412780762,16800,0.0,0.0
1984-09-06 00:00:00-04:00,0.0,1.731267668984153,1.6417193412780762,1.6417193412780762,0,0.0,0.0
1984-09-07 00:00:00-04:00,1.0895047187805176,1.0895047187805176,1.0895047187805176,1.0895047187805176,0,0.0,0.0
1984-09-10 00:00:00-04:00,1.0895047187805176,1.0895047187805176,1.0895047187805176,1.0895047187805176,0,0.0,0.0
1984-09-11 00:00:00-04:00,1.0895047187805176,1.0895047187805176,1.0895047187805176,1.0895047187805176,0,0.0,0.0
1984-09-12 00:00:00-04:00,1.1193541288375854,1.1939777374267577,1.1193541288375854,1.1193541288375854,168000,0.0,0.0
1984-09-13 00:00:00-04:00,1.1342788934707642,1.1939777826008044,1.1342788934707642,1.1342788934707642,72800,0.0,0.0
1984-09-14 00:00:00-04:00,1.1342788934707642,1.1939777826008044,1.1342788934707642,1.1342788934707642,5600,0.0,0.0
1984-09-17 00:00:00-04:00,1.1342788934707642,1.1939777826008044,1.1342788934707642,1.1342788934707642,12000,0.0,0.0
1984-09-18 00:00:00-04:00,1.1342788934707642,1.1342788934707642,1.1342788934707642,1.1342788934707642,0,0.0,0.0
1984-09-19 00:00:00-04:00,1.1342788934707642,1.1939777826008044,1.1342788934707642,1.1342788934707642,12000,0.0,0.0
1984-09-20 00:00:00-04:00,1.1342788934707642,1.1939777826008044,1.1342788934707642,1.1342788934707642,14400,0.0,0.0
1984-09-21 00:00:00-04:00,1.1342788934707642,1.1939777826008044,1.1342788934707642,1.1342788934707642,7200,0.0,0.0
1984-09-24 00:00:00-04:00,1.1342788934707642,1.1342788934707642,1.1342788934707642,1.1342788934707642,0,0.0,0.0
1984-09-25 00:00:00-04:00,1.1342788934707642,1.1342788934707642,1.1342788934707642,1.1342788934707642,0,0.0,0.0
1984-09-26 00:00:00-04:00,1.1342788934707642,1.1342788934707642,1.1342788934707642,1.1342788934707642,0,0.0,0.0
1984-09-27 00:00:00-04:00,1.1342788934707642,1.1342788934707642,1.1342788934707642,1.1342788934707642,0,0.0,0.0
1984-09-28 00:00:00-04:00,1.1342788934707642,1.1939777826008044,1.1342788934707642,1.1342788934707642,36000,0.0,0.0
1984-10-01 00:00:00-04:00,1.1342788934707642,1.1342788934707642,1.1342788934707642,1.1342788934707642,0,0.0,0.0
1984-10-02 00:00:00-04:00,1.1342788934707642,1.1939777826008044,1.1342788934707642,1.1342788934707642,3200,0.0,0.0
1984-10-03 00:00:00-04:00,1.1342788934707642,1.1342788934707642,1.1342788934707642,1.1342788934707642,0,0.0,0.0
1984-10-04 00:00:00-04:00,1.1342788934707642,1.1939777826008044,1.1342788934707642,1.1342788934707642,2400,0.0,0.0
1984-10-05 00:00:00-04:00,1.1342788934707642,1.1342788934707642,1.1342788934707642,1.1342788934707642,0,0.0,0.0
1984-10-08 00:00:00-04:00,1.1342788934707642,1.1342788934707642,1.1342788934707642,1.1342788934707642,0,0.0,0.0
1984-10-09 00:00:00-04:00,1.1342788934707642,1.1939777826008044,1.1342788934707642,1.1342788934707642,3200,0.0,0.0
1984-10-10 00:00:00-04:00,1.1342788934707642,1.1342788934707642,1.1342788934707642,1.1342788934707642,0,0.0,0.0
1984-10-11 00:00:00-04:00,1.1342788934707642,1.1342788934707642,1.1342788934707642,1.1342788934707642,0,0.0,0.0
1984-10-12 00:00:00-04:00,1.1492037773132324,1.1939779504553063,1.1492037773132324,1.1492037773132324,3200,0.0,0.0
1984-10-15 00:00:00-04:00,1.1492037773132324,1.1492037773132324,1.1492037773132324,1.1492037773132324,0,0.0,0.0
1984-10-16 00:00:00-04:00,1.1492037773132324,1.1939779504553063,1.1492037773132324,1.1492037773132324,5600,0.0,0.0
1984-10-17 00:00:00-04:00,1.1492037773132324,1.1939779504553063,1.1492037773132324,1.1492037773132324,2400,0.0,0.0
1984-10-18 00:00:00-04:00,1.1492037773132324,1.1939779504553063,1.1492037773132324,1.1492037773132324,2400,0.0,0.0
1984-10-19 00:00:00-04:00,1.1492037773132324,1.1939779504553063,1.1492037773132324,1.1492037773132324,12000,0.0,0.0
1984-10-22 00:00:00-04:00,1.1492037773132324,1.1492037773132324,1.1492037773132324,1.1492037773132324,0,0.0,0.0
1984-10-23 00:00:00-04:00,1.1492037773132324,1.1492037773132324,1.1492037773132324,1.1492037773132324,0,0.0,0.0
1984-10-24 00:00:00-04:00,1.1492037773132324,1.1939779504553063,1.1492037773132324,1.1492037773132324,2400,0.0,0.0
1984-10-25 00:00:00-04:00,1.1492037773132324,1.1939779504553063,1.1492037773132324,1.1492037773132324,15200,0.0,0.0
1984-10-26 00:00:00-04:00,1.1492037773132324,1.1939779504553063,1.1492037773132324,1.1492037773132324,12000,0.0,0.0
1984-10-29 00:00:00-05:00,1.1492037773132324,1.1492037773132324,1.1492037773132324,1.1492037773132324,0,0.0,0.0
1984-10-30 00:00:00-05:00,1.1492037773132324,1.1939779504553063,1.1492037773132324,1.1492037773132324,800,0.0,0.0
1984-10-31 00:00:00-05:00,1.1492037773132324,1.1939779504553063,1.1492037773132324,1.1492037773132324,5600,0.0,0.0
1984-11-01 00:00:00-05:00,1.1492037773132324,1.2387521235973804,1.1492037773132324,1.1492037773132324,24000,0.0,0.0
1984-11-02 00:00:00-05:00,1.1492037773132324,1.1492037773132324,1.1492037773132324,1.1492037773132324,0,0.0,0.0
1984-11-05 00:00:00-05:00,1.1492037773132324,1.1492037773132324,1.1492037773132324,1.1492037773132324,0,0.0,0.0
1984-11-06 00:00:00-05:00,1.1492037773132324,1.2387521235973804,1.1492037773132324,1.1492037773132324,168000,0.0,0.0
1984-11-07 00:00:00-05:00,1.1492037773132324,1.1492037773132324,1.1492037773132324,1.1492037773132324,0,0.0,0.0
1984-11-08 00:00:00-05:00,1.1492037773132324,1.1492037773132324,1.1492037773132324,1.1492037773132324,0,0.0,0.0
1984-11-09 00:00:00-05:00,1.1492037773132324,1.2387521235973804,1.1492037773132324,1.1492037773132324,12800,0.0,0.0
1984-11-12 00:00:00-05:00,1.1492037773132324,1.2387521235973804,1.1492037773132324,1.1492037773132324,800,0.0,0.0
1984-11-13 00:00:00-05:00,1.1492037773132324,1.1492037773132324,1.1492037773132324,1.1492037773132324,0,0.0,0.0
1984-11-14 00:00:00-05:00,1.1492037773132324,1.1492037773132324,1.1492037773132324,1.1492037773132324,0,0.0,0.0
1984-11-15 00:00:00-05:00,1.179052710533142,1.2387515819525416,1.179052710533142,1.179052710533142,12800,0.0,0.0
1984-11-16 00:00:00-05:00,1.179052710533142,1.179052710533142,1.179052710533142,1.179052710533142,0,0.0,0.0
1984-11-19 00:00:00-05:00,1.179052710533142,1.179052710533142,1.179052710533142,1.179052710533142,0,0.0,0.0
1984-11-20 00:00:00-05:00,1.179052710533142,1.2387515819525416,1.179052710533142,1.179052710533142,2400,0.0,0.0
1984-11-21 00:00:00-05:00,1.179052710533142,1.2387515819525416,1.179052710533142,1.179052710533142,3200,0.0,0.0
1984-11-23 00:00:00-05:00,1.179052710533142,1.179052710533142,1.179052710533142,1.179052710533142,0,0.0,0.0
1984-11-26 00:00:00-05:00,1.179052710533142,1.2387515819525416,1.179052710533142,1.179052710533142,20000,0.0,0.0
1984-11-27 00:00:00-05:00,1.179052710533142,1.179052710533142,1.179052710533142,1.179052710533142,0,0.0,0.0
1984-11-28 00:00:00-05:00,1.179052710533142,1.2387515819525416,1.179052710533142,1.179052710533142,800,0.0,0.0
1984-11-29 00:00:00-05:00,1.179052710533142,1.2387515819525416,1.179052710533142,1.179052710533142,3200,0.0,0.0
1984-11-30 00:00:00-05:00,1.179052710533142,1.2387515819525416,1.179052710533142,1.179052710533142,800,0.0,0.0
1984-12-03 00:00:00-05:00,1.179052710533142,1.179052710533142,1.179052710533142,1.179052710533142,0,0.0,0.0
1984-12-04 00:00:00-05:00,1.179052710533142,1.179052710533142,1.179052710533142,1.179052710533142,0,0.0,0.0
1984-12-05 00:00:00-05:00,1.179052710533142,1.2387515819525416,1.179052710533142,1.179052710533142,5600,0.0,0.0
1984-12-06 00:00:00-05:00,1.179052710533142,1.2387515819525416,1.179052710533142,1.179052710533142,2400,0.0,0.0
1984-12-07 00:00:00-05:00,1.179052710533142,1.179052710533142,1.179052710533142,1.179052710533142,0,0.0,0.0
1984-12-10 00:00:00-05:00,1.179052710533142,1.179052710533142,1.179052710533142,1.179052710533142,0,0.0,0.0
1984-12-11 00:00:00-05:00,1.179052710533142,1.2387515819525416,1.179052710533142,1.179052710533142,2400,0.0,0.0
1984-12-12 00:00:00-05:00,1.179052710533142,1.2387515819525416,1.179052710533142,1.179052710533142,108800,0.0,0.0
1984-12-13 00:00:00-05:00,1.179052710533142,1.179052710533142,1.179052710533142,1.179052710533142,0,0.0,0.0
1984-12-14 00:00:00-05:00,1.179052710533142,1.2387515819525416,1.179052710533142,1.179052710533142,800,0.0,0.0
1984-12-17 00:00:00-05:00,1.179052710533142,1.2387515819525416,1.179052710533142,1.179052710533142,17600,0.0,0.0
1984-12-18 00:00:00-05:00,1.179052710533142,1.2387515819525416,1.179052710533142,1.179052710533142,17600,0.0,0.0
1984-12-19 00:00:00-05:00,1.179052710533142,1.2387515819525416,1.179052710533142,1.179052710533142,12800,0.0,0.0
1984-12-20 00:00:00-05:00,1.179052710533142,1.179052710533142,1.179052710533142,1.179052710533142,0,0.0,0.0
1984-12-21 00:00:00-05:00,1.179052710533142,1.179052710533142,1.179052710533142,1.179052710533142,0,0.0,0.0
1984-12-24 00:00:00-05:00,1.179052710533142,1.179052710533142,1.179052710533142,1.179052710533142,0,0.0,0.0
1984-12-26 00:00:00-05:00,1.179053226074615,1.2387521235973804,1.1492037773132324,1.1492037773132324,12000,0.0,0.0
1984-12-27 00:00:00-05:00,1.1492037773132324,1.2387521235973804,1.1492037773132324,1.1492037773132324,24000,0.0,0.0
1984-12-28 00:00:00-05:00,1.1492037773132324,1.2387521235973804,1.1492037773132324,1.1492037773132324,60000,0.0,0.0
1984-12-31 00:00:00-05:00,1.1492037773132324,1.2387521235973804,1.1492037773132324,1.1492037773132324,26400,0.0,0.0
1985-01-02 00:00:00-05:00,1.1492037773132324,1.2387521235973804,1.1492037773132324,1.1492037773132324,12800,0.0,0.0
1985-01-03 00:00:00-05:00,1.1492037773132324,1.1492037773132324,1.1492037773132324,1.1492037773132324,0,0.0,0.0
1985-01-04 00:00:00-05:00,1.1492037773132324,1.2387521235973804,1.1492037773132324,1.1492037773132324,12000,0.0,0.0
1985-01-07 00:00:00-05:00,1.1492037773132324,1.1492037773132324,1.1492037773132324,1.1492037773132324,0,0.0,0.0
1985-01-08 00:00:00-05:00,1.1492037773132324,1.2387521235973804,1.1492037773132324,1.1492037773132324,4800,0.0,0.0
1985-01-09 00:00:00-05:00,1.1492037773132324,1.1492037773132324,1.1492037773132324,1.1492037773132324,0,0.0,0.0
1985-01-10 00:00:00-05:00,1.1492037773132324,1.2387521235973804,1.1492037773132324,1.1492037773132324,7200,0.0,0.0
1985-01-11 00:00:00-05:00,1.1492037773132324,1.2387521235973804,1.1492037773132324,1.1492037773132324,3200,0.0,0.0
1985-01-14 00:00:00-05:00,1.1492037773132324,1.2387521235973804,1.1492037773132324,1.1492037773132324,2400,0.0,0.0
1985-01-15 00:00:00-05:00,1.1492037773132324,1.2387521235973804,1.1492037773132324,1.1492037773132324,60000,0.0,0.0
1985-01-16 00:00:00-05:00,1.1492037773132324,1.2387521235973804,1.1492037773132324,1.1492037773132324,24800,0.0,0.0
1985-01-17 00:00:00-05:00,1.179052710533142,1.2387515819525416,1.179052710533142,1.179052710533142,31200,0.0,0.0
1985-01-18 00:00:00-05:00,1.179052710533142,1.2387515819525416,1.179052710533142,1.179052710533142,29600,0.0,0.0
1985-01-21 00:00:00-05:00,1.179052710533142,1.2387515819525416,1.179052710533142,1.179052710533142,2400,0.0,0.0
1985-01-22 00:00:00-05:00,1.179052710533142,1.2387515819525416,1.179052710533142,1.179052710533142,62400,0.0,0.0
1985-01-23 00:00:00-05:00,1.179052710533142,1.2387515819525416,1.179052710533142,1.179052710533142,5600,0.0,0.0
1985-01-24 00:00:00-05:00,1.179052710533142,1.2387515819525416,1.179052710533142,1.179052710533142,63200,0.0,0.0
1985-01-25 00:00:00-05:00,1.179052710533142,1.2387515819525416,1.179052710533142,1.179052710533142,60800,0.0,0.0
1985-01-28 00:00:00-05:00,1.179052710533142,1.2387515819525416,1.179052710533142,1.179052710533142,800,0.0,0.0
1985-01-29 00:00:00-05:00,1.179052710533142,1.2387515819525416,1.179052710533142,1.179052710533142,800,0.0,0.0
1985-01-30 00:00:00-05:00,1.179052710533142,1.2387515819525416,1.179052710533142,1.179052710533142,17600,0.0,0.0
1985-01-31 00:00:00-05:00,1.179052710533142,1.2387515819525416,1.179052710533142,1.179052710533142,2400,0.0,0.0
1985-02-01 00:00:00-05:00,1.179052710533142,1.179052710533142,1.179052710533142,1.179052710533142,0,0.0,0.0
1985-02-04 00:00:00-05:00,1.179052710533142,1.2387515819525416,1.179052710533142,1.179052710533142,46400,0.0,0.0
1985-02-05 00:00:00-05:00,1.179052710533142,1.2387515819525416,1.179052710533142,1.179052710533142,10400,0.0,0.0
1985-02-06 00:00:00-05:00,1.179052710533142,1.2387515819525416,1.179052710533142,1.179052710533142,24000,0.0,0.0
1985-02-07 00:00:00-05:00,1.179052710533142,1.2387515819525416,1.179052710533142,1.179052710533142,7200,0.0,0.0
1985-02-08 00:00:00-05:00,1.179052710533142,1.2387515819525416,1.179052710533142,1.179052710533142,5600,0.0,0.0
1985-02-11 00:00:00-05:00,1.179052710533142,1.2387515819525416,1.179052710533142,1.179052710533142,24000,0.0,0.0
1985-02-12 00:00:00-05:00,1.1939774751663208,1.2387516304850579,1.1939774751663208,1.1939774751663208,2400,0.0,0.0
1985-02-13 00:00:00-05:00,1.1939774751663208,1.2387516304850579,1.1939774751663208,1.1939774751663208,17600,0.0,0.0
1985-02-14 00:00:00-05:00,1.1939774751663208,1.2387516304850579,1.1939774751663208,1.1939774751663208,36000,0.0,0.0
1985-02-15 00:00:00-05:00,1.1939774751663208,1.2387516304850579,1.1939774751663208,1.1939774751663208,15200,0.0,0.0
1985-02-19 00:00:00-05:00,1.1939779504553063,1.2387521235973804,1.1492037773132324,1.1492037773132324,40800,0.0,0.0
1985-02-20 00:00:00-05:00,1.1492037773132324,1.2387521235973804,1.1492037773132324,1.1492037773132324,27200,0.0,0.0
1985-02-21 00:00:00-05:00,1.1492037773132324,1.2387521235973804,1.1492037773132324,1.1492037773132324,417600,0.0,0.0
1985-02-22 00:00:00-05:00,1.1939774751663208,1.2387516304850579,1.1939774751663208,1.1939774751663208,31200,0.0,0.0
1985-02-25 00:00:00-05:00,1.208902359008789,1.268601240935149,1.208902359008789,1.208902359008789,17600,0.0,0.0
1985-02-26 00:00:00-05:00,1.208902359008789,1.268601240935149,1.208902359008789,1.208902359008789,5600,0.0,0.0
1985-02-27 00:00:00-05:00,1.208902359008789,1.268601240935149,1.208902359008789,1.208902359008789,800,0.0,0.0
1985-02-28 00:00:00-05:00,1.208902359008789,1.208902359008789,1.208902359008789,1.208902359008789,0,0.0,0.0
1985-03-01 00:00:00-05:00,1.208902359008789,1.268601240935149,1.208902359008789,1.208902359008789,52800,0.0,0.0
1985-03-04 00:00:00-05:00,1.208902359008789,1.268601240935149,1.208902359008789,1.208902359008789,142400,0.0,0.0
1985-03-05 00:00:00-05:00,1.208902359008789,1.208902359008789,1.208902359008789,1.208902359008789,0,0.0,0.0
1985-03-06 00:00:00-05:00,1.208902359008789,1.268601240935149,1.208902359008789,1.208902359008789,34400,0.0,0.0
1985-03-07 00:00:00-05:00,1.208902359008789,1.268601240935149,1.208902359008789,1.208902359008789,22400,0.0,0.0
1985-03-08 00:00:00-05:00,1.208902359008789,1.298450681898329,1.208902359008789,1.208902359008789,182400,0.0,0.0
1985-03-11 00:00:00-05:00,1.2387518882751465,1.2984507744570812,1.2387518882751465,1.2387518882751465,24000,0.0,0.0
1985-03-12 00:00:00-05:00,1.2536765336990356,1.3283001368954068,1.2536765336990356,1.2536765336990356,48000,0.0,0.0
1985-03-13 00:00:00-05:00,1.3283002376556396,1.3879991247412864,1.3283002376556396,1.3283002376556396,298400,0.0,0.0
1985-03-14 00:00:00-05:00,1.4327733516693115,1.4775475189089775,1.4327733516693115,1.4327733516693115,166400,0.0,0.0
1985-03-15 00:00:00-05:00,1.5073968172073364,1.552170980094683,1.5073968172073364,1.5073968172073364,64800,0.0,0.0
1985-03-18 00:00:00-05:00,1.5073968835712708,1.5073968835712708,1.4476979970932007,1.4476979970932007,44000,0.0,0.0
1985-03-19 00:00:00-05:00,1.4476978176383561,1.4476978176383561,1.3879989385604858,1.3879989385604858,137600,0.0,0.0
1985-03-20 00:00:00-05:00,1.4178483486175537,1.4476977875358181,1.4178483486175537,1.4178483486175537,51200,0.0,0.0
1985-03-21 00:00:00-05:00,1.4178483486175537,1.4476977875358181,1.4178483486175537,1.4178483486175537,9600,0.0,0.0
1985-03-22 00:00:00-05:00,1.4178483486175537,1.4476977875358181,1.4178483486175537,1.4178483486175537,5600,0.0,0.0
1985-03-25 00:00:00-05:00,1.4178483486175537,1.4476977875358181,1.4178483486175537,1.4178483486175537,800,0.0,0.0
1985-03-26 00:00:00-05:00,1.4178483486175537,1.4775472264540823,1.4178483486175537,1.4178483486175537,4800,0.0,0.0
1985-03-27 00:00:00-05:00,1.4327733516693115,1.4775475189089775,1.4327733516693115,1.4327733516693115,9600,0.0,0.0
1985-03-28 00:00:00-05:00,1.4327733516693115,1.4775475189089775,1.4327733516693115,1.4327733516693115,3200,0.0,0.0
1985-03-29 00:00:00-05:00,1.4924721717834473,1.5521710586547852,1.4924721717834473,1.4924721717834473,63200,0.0,0.0
1985-04-01 00:00:00-05:00,1.4924721717834473,1.5521710586547852,1.4924721717834473,1.4924721717834473,24000,0.0,0.0
1985-04-02 00:00:00-05:00,1.5073968172073364,1.5670957010571318,1.5073968172073364,1.5073968172073364,46400,0.0,0.0
1985-04-03 00:00:00-05:00,1.5073968172073364,1.5969451429820296,1.5073968172073364,1.5073968172073364,159200,0.0,0.0
1985-04-04 00:00:00-05:00,1.5372463464736938,1.5969452337153907,1.5372463464736938,1.5372463464736938,72000,0.0,0.0
1985-04-08 00:00:00-05:00,1.5521711111068726,1.6118699999955985,1.5521711111068726,1.5521711111068726,14400,0.0,0.0
1985-04-09 00:00:00-05:00,1.5521711111068726,1.6267947222177799,1.5521711111068726,1.5521711111068726,7200,0.0,0.0
1985-04-10 00:00:00-05:00,1.5521711111068726,1.6267947222177799,1.5521711111068726,1.5521711111068726,800,0.0,0.0
1985-04-11 00:00:00-05:00,1.5521711111068726,1.6267947222177799,1.5521711111068726,1.5521711111068726,62400,0.0,0.0
1985-04-12 00:00:00-05:00,1.5521711111068726,1.596945277773417,1.5521711111068726,1.5521711111068726,39200,0.0,0.0
1985-04-15 00:00:00-05:00,1.5521711111068726,1.596945277773417,1.5521711111068726,1.5521711111068726,27200,0.0,0.0
1985-04-16 00:00:00-05:00,1.552171068284118,1.5969452337153907,1.5372463464736938,1.5372463464736938,75200,0.0,0.0
1985-04-17 00:00:00-05:00,1.5372463464736938,1.5372463464736938,1.5372463464736938,1.5372463464736938,0,0.0,0.0
1985-04-18 00:00:00-05:00,1.5372463464736938,1.5372463464736938,1.5372463464736938,1.5372463464736938,0,0.0,0.0
1985-04-19 00:00:00-05:00,1.5073968172073364,1.5073968172073364,1.5073968172073364,1.5073968172073364,800,0.0,0.0
1985-04-22 00:00:00-05:00,1.5073968172073364,1.5073968172073364,1.5073968172073364,1.5073968172073364,2400,0.0,0.0
1985-04-23 00:00:00-05:00,1.5073968172073364,1.5073968172073364,1.5073968172073364,1.5073968172073364,0,0.0,0.0
1985-04-24 00:00:00-05:00,1.5670956373214722,1.5670956373214722,1.5670956373214722,1.5670956373214722,48000,0.0,0.0
1985-04-25 00:00:00-05:00,1.567095833329054,1.596945277773417,1.5521711111068726,1.5521711111068726,34400,0.0,0.0
1985-04-26 00:00:00-05:00,1.5223214626312256,1.5223214626312256,1.5073967424093508,1.5223214626312256,46400,0.0,0.0
1985-04-29 00:00:00-04:00,1.5073968935012818,1.5073968935012818,1.4924721717834473,1.4924721717834473,17600,0.0,0.0
1985-04-30 00:00:00-04:00,1.5073968172073364,1.5670957010571318,1.5073968172073364,1.5073968172073364,113600,0.0,0.0
1985-05-01 00:00:00-04:00,1.5670956373214722,1.5670956373214722,1.5670956373214722,1.5670956373214722,89600,0.0,0.0
1985-05-02 00:00:00-04:00,1.5223214626312256,1.5223214626312256,1.5223214626312256,1.5223214626312256,60000,0.0,0.0
1985-05-03 00:00:00-04:00,1.5223215381697852,1.537246259132234,1.5073968172073364,1.5073968172073364,269600,0.0,0.0
1985-05-06 00:00:00-04:00,1.5521711111068726,1.5521711111068726,1.5521711111068726,1.5521711111068726,3200,0.0,0.0
1985-05-07 00:00:00-04:00,1.5073968172073364,1.5073968172073364,1.5073968172073364,1.5073968172073364,36000,0.0,0.0
1985-05-08 00:00:00-04:00,1.5073968172073364,1.5073968172073364,1.5073968172073364,1.5073968172073364,0,0.0,0.0
1985-05-09 00:00:00-04:00,1.5073968172073364,1.5073968172073364,1.5073968172073364,1.5073968172073364,0,0.0,0.0
1985-05-10 00:00:00-04:00,1.5073968172073364,1.5073968172073364,1.5073968172073364,1.5073968172073364,0,0.0,0.0
1985-05-13 00:00:00-04:00,1.5670956373214722,1.5670956373214722,1.5670956373214722,1.5670956373214722,161600,0.0,0.0
1985-05-14 00:00:00-04:00,1.5670957900945424,1.5969452337153907,1.5372463464736938,1.5372463464736938,36000,0.0,0.0
1985-05-15 00:00:00-04:00,1.6118700504302979,1.6118700504302979,1.6118700504302979,1.6118700504302979,240800,0.0,0.0
1985-05-16 00:00:00-04:00,1.6566439867019653,1.6566439867019653,1.6566439867019653,1.6566439867019653,290400,0.0,0.0
1985-05-17 00:00:00-04:00,1.6267945766448975,1.6267945766448975,1.5969451348715966,1.6267945766448975,22400,0.0,0.0
1985-05-20 00:00:00-04:00,1.5969452857971191,1.5969452857971191,1.5969452857971191,1.5969452857971191,3200,0.0,0.0
1985-05-21 00:00:00-04:00,1.6267945766448975,1.6267945766448975,1.6267945766448975,1.6267945766448975,110400,0.0,0.0
1985-05-22 00:00:00-04:00,1.6267945187432427,1.6267945187432427,1.5670956373214722,1.5670956373214722,3200,0.0,0.0
1985-05-23 00:00:00-04:00,1.6267945766448975,1.6267945766448975,1.6267945766448975,1.6267945766448975,7200,0.0,0.0
1985-05-24 00:00:00-04:00,1.5969452857971191,1.5969452857971191,1.5969452857971191,1.5969452857971191,12000,0.0,0.0
1985-05-28 00:00:00-04:00,1.5969452857971191,1.5969452857971191,1.5969452857971191,1.5969452857971191,5600,0.0,0.0
1985-05-29 00:00:00-04:00,1.5969452857971191,1.5969452857971191,1.5969452857971191,1.5969452857971191,10400,0.0,0.0
1985-05-30 00:00:00-04:00,1.6118700504302979,1.6118700504302979,1.6118700504302979,1.6118700504302979,3200,0.0,0.0
1985-05-31 00:00:00-04:00,1.6118700080942885,1.6417194526886272,1.5969452857971191,1.5969452857971191,104000,0.0,0.0
1985-06-03 00:00:00-04:00,1.5969452857971191,1.6566441749857965,1.5969452857971191,1.5969452857971191,19200,0.0,0.0
1985-06-04 00:00:00-04:00,1.6566439867019653,1.6566439867019653,1.6566439867019653,1.6566439867019653,8000,0.0,0.0
1985-06-05 00:00:00-04:00,1.6566439867019653,1.6566439867019653,1.6566439867019653,1.6566439867019653,21600,0.0,0.0
1985-06-06 00:00:00-04:00,1.567095833329054,1.567095833329054,1.5521711111068726,1.5521711111068726,27200,0.0,0.0
1985-06-07 00:00:00-04:00,1.5670956373214722,1.5670956373214722,1.5670956373214722,1.5670956373214722,2400,0.0,0.0
1985-06-10 00:00:00-04:00,1.5521711111068726,1.5521711111068726,1.5521711111068726,1.5521711111068726,3200,0.0,0.0
1985-06-11 00:00:00-04:00,1.5521711111068726,1.5521711111068726,1.5521711111068726,1.5521711111068726,0,0.0,0.0
1985-06-12 00:00:00-04:00,1.5372463464736938,1.5372463464736938,1.5372463464736938,1.5372463464736938,56000,0.0,0.0
1985-06-13 00:00:00-04:00,1.4775470495224,1.4775470495224,1.4775470495224,1.4775470495224,36800,0.0,0.0
1985-06-14 00:00:00-04:00,1.4775470495224,1.4775470495224,1.4775470495224,1.4775470495224,800,0.0,0.0
1985-06-17 00:00:00-04:00,1.477547363359101,1.5073968050431232,1.4626226425170898,1.4626226425170898,34400,0.0,0.0
1985-06-18 00:00:00-04:00,1.4626227187127183,1.5372463268103058,1.4476979970932007,1.4476979970932007,32000,0.0,0.0
1985-06-19 00:00:00-04:00,1.4476979970932007,1.4476979970932007,1.4476979970932007,1.4476979970932007,0,0.0,0.0
1985-06-20 00:00:00-04:00,1.5073968172073364,1.5073968172073364,1.5073968172073364,1.5073968172073364,7200,0.0,0.0
1985-06-21 00:00:00-04:00,1.5073968172073364,1.5073968172073364,1.5073968172073364,1.5073968172073364,28800,0.0,0.0
1985-06-24 00:00:00-04:00,1.5073968172073364,1.5073968172073364,1.5073968172073364,1.5073968172073364,0,0.0,0.0
1985-06-25 00:00:00-04:00,1.5073968172073364,1.5073968172073364,1.5073968172073364,1.5073968172073364,0,0.0,0.0
1985-06-26 00:00:00-04:00,1.5073968172073364,1.5073968172073364,1.5073968172073364,1.5073968172073364,800,0.0,0.0
1985-06-27 00:00:00-04:00,1.5073968835712708,1.5073968835712708,1.4476979970932007,1.4476979970932007,4800,0.0,0.0
1985-06-28 00:00:00-04:00,1.4924721717834473,1.4924721717834473,1.4924721717834473,1.4924721717834473,48000,0.0,0.0
1985-07-01 00:00:00-04:00,1.4775474403322357,1.4775474403322357,1.4476979970932007,1.4476979970932007,28800,0.0,0.0
1985-07-02 00:00:00-04:00,1.5073968172073364,1.5073968172073364,1.5073968172073364,1.5073968172073364,2400,0.0,0.0
1985-07-03 00:00:00-04:00,1.4476979970932007,1.4476979970932007,1.4476979970932007,1.4476979970932007,3200,0.0,0.0
1985-07-05 00:00:00-04:00,1.4476979970932007,1.4775474403322357,1.4476979970932007,1.4476979970932007,50400,0.0,0.0
1985-07-08 00:00:00-04:00,1.4327733516693115,1.4327733516693115,1.4327733516693115,1.4327733516693115,2400,0.0,0.0
1985-07-09 00:00:00-04:00,1.4327733516693115,1.4327733516693115,1.4327733516693115,1.4327733516693115,36000,0.0,0.0
1985-07-10 00:00:00-04:00,1.4775470495224,1.4924717671943433,1.4775470495224,1.4775470495224,24800,0.0,0.0
1985-07-11 00:00:00-04:00,1.4775475189089775,1.4775475189089775,1.4327733516693115,1.4327733516693115,48800,0.0,0.0
1985-07-12 00:00:00-04:00,1.432773068076686,1.4775472264540823,1.4178483486175537,1.4178483486175537,14400,0.0,0.0
1985-07-15 00:00:00-04:00,1.4178483486175537,1.4178483486175537,1.4178483486175537,1.4178483486175537,2400,0.0,0.0
1985-07-16 00:00:00-04:00,1.4476979970932007,1.4476979970932007,1.4476979970932007,1.4476979970932007,12800,0.0,0.0
1985-07-17 00:00:00-04:00,1.4476979970932007,1.4476979970932007,1.4476979970932007,1.4476979970932007,800,0.0,0.0
1985-07-18 00:00:00-04:00,1.3879989385604858,1.3879989385604858,1.3879989385604858,1.3879989385604858,4800,0.0,0.0
1985-07-19 00:00:00-04:00,1.4476979970932007,1.4476979970932007,1.4476979970932007,1.4476979970932007,3200,0.0,0.0
1985-07-22 00:00:00-04:00,1.4476979970932007,1.4476979970932007,1.4476979970932007,1.4476979970932007,0,0.0,0.0
1985-07-23 00:00:00-04:00,1.4476979970932007,1.4476979970932007,1.4476979970932007,1.4476979970932007,0,0.0,0.0
1985-07-24 00:00:00-04:00,1.4476979970932007,1.4476979970932007,1.4476979970932007,1.4476979970932007,0,0.0,0.0
1985-07-25 00:00:00-04:00,1.3879989385604858,1.3879989385604858,1.3879989385604858,1.3879989385604858,800,0.0,0.0
1985-07-26 00:00:00-04:00,1.4327733516693115,1.4775475189089775,1.4327733516693115,1.4327733516693115,341600,0.0,0.0
1985-07-29 00:00:00-04:00,1.4327733516693115,1.4775475189089775,1.4327733516693115,1.4327733516693115,10400,0.0,0.0
1985-07-30 00:00:00-04:00,1.4476979970932007,1.5073968835712708,1.4476979970932007,1.4476979970932007,80000,0.0,0.0
1985-07-31 00:00:00-04:00,1.4924721717834473,1.5073968935012818,1.4924721717834473,1.4924721717834473,281600,0.0,0.0
1985-08-01 00:00:00-04:00,1.4924721619517534,1.4924721619517534,1.4476979970932007,1.4476979970932007,10400,0.0,0.0
1985-08-02 00:00:00-04:00,1.4924721717834473,1.4924721717834473,1.4924721717834473,1.4924721717834473,800,0.0,0.0
1985-08-05 00:00:00-04:00,1.477547363359101,1.477547363359101,1.4626226425170898,1.4626226425170898,477600,0.0,0.0
1985-08-06 00:00:00-04:00,1.4327733516693115,1.4327733516693115,1.4327733516693115,1.4327733516693115,50400,0.0,0.0
1985-08-07 00:00:00-04:00,1.4476979970932007,1.4924721619517534,1.4476979970932007,1.4476979970932007,19200,0.0,0.0
1985-08-08 00:00:00-04:00,1.4476979970932007,1.4775474403322357,1.4476979970932007,1.4476979970932007,50400,0.0,0.0
1985-08-09 00:00:00-04:00,1.4775470495224,1.4775470495224,1.4775470495224,1.4775470495224,3200,0.0,0.0
1985-08-12 00:00:00-04:00,1.4775470495224,1.4775470495224,1.4775470495224,1.4775470495224,0,0.0,0.0
1985-08-13 00:00:00-04:00,1.4924721717834473,1.4924721717834473,1.4924721717834473,1.4924721717834473,21600,0.0,0.0
1985-08-14 00:00:00-04:00,1.4924721717834473,1.4924721717834473,1.4924721717834473,1.4924721717834473,0,0.0,0.0
1985-08-15 00:00:00-04:00,1.4327733516693115,1.4327733516693115,1.4327733516693115,1.4327733516693115,3200,0.0,0.0
1985-08-16 00:00:00-04:00,1.4327733516693115,1.4327733516693115,1.4327733516693115,1.4327733516693115,24800,0.0,0.0
1985-08-19 00:00:00-04:00,1.4924721717834473,1.4924721717834473,1.4924721717834473,1.4924721717834473,36000,0.0,0.0
1985-08-20 00:00:00-04:00,1.4327733516693115,1.4327733516693115,1.4327733516693115,1.4327733516693115,12000,0.0,0.0
1985-08-21 00:00:00-04:00,1.4924721717834473,1.4924721717834473,1.4924721717834473,1.4924721717834473,12000,0.0,0.0
1985-08-22 00:00:00-04:00,1.4924721717834473,1.4924721717834473,1.4924721717834473,1.4924721717834473,800,0.0,0.0
1985-08-23 00:00:00-04:00,1.4924721717834473,1.4924721717834473,1.4924721717834473,1.4924721717834473,0,0.0,0.0
1985-08-26 00:00:00-04:00,1.4327733516693115,1.4327733516693115,1.4327733516693115,1.4327733516693115,800,0.0,0.0
1985-08-27 00:00:00-04:00,1.4775470495224,1.4775470495224,1.4775470495224,1.4775470495224,2400,0.0,0.0
1985-08-28 00:00:00-04:00,1.4476979970932007,1.4476979970932007,1.4476979970932007,1.4476979970932007,2400,0.0,0.0
1985-08-29 00:00:00-04:00,1.4476980740825334,1.4924722413221994,1.4327733516693115,1.4327733516693115,46400,0.0,0.0
1985-08-30 00:00:00-04:00,1.4327733516693115,1.4327733516693115,1.4327733516693115,1.4327733516693115,0,0.0,0.0
1985-09-03 00:00:00-04:00,1.4476979970932007,1.5073968835712708,1.4476979970932007,1.4476979970932007,27200,0.0,0.0
1985-09-04 00:00:00-04:00,1.4924721717834473,1.4924721717834473,1.4924721717834473,1.4924721717834473,2400,0.0,0.0
1985-09-05 00:00:00-04:00,1.4924721717834473,1.4924721717834473,1.4924721717834473,1.4924721717834473,0,0.0,0.0
1985-09-06 00:00:00-04:00,1.4476979970932007,1.4476979970932007,1.4476979970932007,1.4476979970932007,3200,0.0,0.0
1985-09-09 00:00:00-04:00,1.4476979970932007,1.4476979970932007,1.4476979970932007,1.4476979970932007,0,0.0,0.0
1985-09-10 00:00:00-04:00,1.4476979970932007,1.4476979970932007,1.4476979970932007,1.4476979970932007,0,0.0,0.0
1985-09-11 00:00:00-04:00,1.4924721717834473,1.4924721717834473,1.4924721717834473,1.4924721717834473,3200,0.0,0.0
1985-09-12 00:00:00-04:00,1.4476979970932007,1.4476979970932007,1.4476979970932007,1.4476979970932007,4800,0.0,0.0
1985-09-13 00:00:00-04:00,1.4476979970932007,1.4476979970932007,1.4476979970932007,1.4476979970932007,2400,0.0,0.0
1985-09-16 00:00:00-04:00,1.4924721717834473,1.4924721717834473,1.4924721717834473,1.4924721717834473,800,0.0,0.0
1985-09-17 00:00:00-04:00,1.4924721619517534,1.5073968835712708,1.4476979970932007,1.4476979970932007,240800,0.0,0.0
1985-09-18 00:00:00-04:00,1.4476979970932007,1.4476979970932007,1.4476979970932007,1.4476979970932007,84000,0.0,0.0
1985-09-19 00:00:00-04:00,1.4476979970932007,1.4476979970932007,1.4476979970932007,1.4476979970932007,0,0.0,0.0
1985-09-20 00:00:00-04:00,1.4476979970932007,1.4476979970932007,1.4476979970932007,1.4476979970932007,0,0.0,0.0
1985-09-23 00:00:00-04:00,1.4476979970932007,1.4476979970932007,1.4476979970932007,1.4476979970932007,0,0.0,0.0
1985-09-24 00:00:00-04:00,1.4327733516693115,1.4327733516693115,1.4327733516693115,1.4327733516693115,2400,0.0,0.0
1985-09-25 00:00:00-04:00,1.4327733516693115,1.4327733516693115,1.4327733516693115,1.4327733516693115,0,0.0,0.0
1985-09-26 00:00:00-04:00,1.4775470495224,1.4775470495224,1.4775470495224,1.4775470495224,65600,0.0,0.0
1985-09-30 00:00:00-04:00,1.4476977703364,1.4476977703364,1.3730741739273071,1.3730741739273071,125600,0.0,0.0
1985-10-01 00:00:00-04:00,1.3730744029698747,1.4178485682841098,1.3283002376556396,1.3283002376556396,7200,0.0,0.0
1985-10-02 00:00:00-04:00,1.313375473022461,1.313375473022461,1.313375473022461,1.313375473022461,44000,0.0,0.0
1985-10-03 00:00:00-04:00,1.2984507744570812,1.2984507744570812,1.2387518882751465,1.2387518882751465,362400,0.0,0.0
1985-10-04 00:00:00-04:00,1.2387518882751465,1.2387518882751465,1.2387518882751465,1.2387518882751465,0,0.0,0.0
1985-10-07 00:00:00-04:00,1.208902359008789,1.208902359008789,1.208902359008789,1.208902359008789,2400,0.0,0.0
1985-10-08 00:00:00-04:00,1.2089021936059,1.2089021936059,1.1939774751663208,1.1939774751663208,15200,0.0,0.0
1985-10-09 00:00:00-04:00,1.1939774751663208,1.1939774751663208,1.1939774751663208,1.1939774751663208,17600,0.0,0.0
1985-10-10 00:00:00-04:00,1.2686011791229248,1.2686011791229248,1.2686011791229248,1.2686011791229248,400800,0.0,0.0
1985-10-11 00:00:00-04:00,1.268601240935149,1.268601240935149,1.208902359008789,1.208902359008789,3200,0.0,0.0
1985-10-14 00:00:00-04:00,1.2686011791229248,1.2686011791229248,1.2686011791229248,1.2686011791229248,4800,0.0,0.0
1985-10-15 00:00:00-04:00,1.3283002376556396,1.3283002376556396,1.3283002376556396,1.3283002376556396,64800,0.0,0.0
1985-10-16 00:00:00-04:00,1.2686011791229248,1.2686011791229248,1.2686011791229248,1.2686011791229248,12000,0.0,0.0
1985-10-17 00:00:00-04:00,1.3283002376556396,1.358149681198463,1.3283002376556396,1.3283002376556396,68000,0.0,0.0
1985-10-18 00:00:00-04:00,1.3879989385604858,1.3879989385604858,1.3879989385604858,1.3879989385604858,204800,0.0,0.0
1985-10-21 00:00:00-04:00,1.3879989385604858,1.3879989385604858,1.3879989385604858,1.3879989385604858,0,0.0,0.0
1985-10-22 00:00:00-04:00,1.313375473022461,1.313375473022461,1.313375473022461,1.313375473022461,800,0.0,0.0
1985-10-23 00:00:00-04:00,1.3581494092941284,1.3581494092941284,1.3581494092941284,1.3581494092941284,9600,0.0,0.0
1985-10-24 00:00:00-04:00,1.3581494092941284,1.3581494092941284,1.3581494092941284,1.3581494092941284,800,0.0,0.0
1985-10-25 00:00:00-04:00,1.2984508275985718,1.2984508275985718,1.2984508275985718,1.2984508275985718,5600,0.0,0.0
1985-10-28 00:00:00-05:00,1.2984508275985718,1.2984508275985718,1.2984508275985718,1.2984508275985718,0,0.0,0.0
1985-10-29 00:00:00-05:00,1.2984508275985718,1.2984508275985718,1.2984508275985718,1.2984508275985718,36000,0.0,0.0
1985-10-30 00:00:00-05:00,1.3581494092941284,1.3581494092941284,1.3581494092941284,1.3581494092941284,17600,0.0,0.0
1985-10-31 00:00:00-05:00,1.3581494092941284,1.3581494092941284,1.3581494092941284,1.3581494092941284,5600,0.0,0.0
1985-11-01 00:00:00-05:00,1.3581496368754995,1.3581496368754995,1.313375473022461,1.313375473022461,20000,0.0,0.0
1985-11-04 00:00:00-05:00,1.3283002376556396,1.3283002376556396,1.3283002376556396,1.3283002376556396,27200,0.0,0.0
1985-11-05 00:00:00-05:00,1.3283001943068071,1.3283001943068071,1.313375473022461,1.313375473022461,14400,0.0,0.0
1985-11-06 00:00:00-05:00,1.2984508275985718,1.2984508275985718,1.2984508275985718,1.2984508275985718,5600,0.0,0.0
1985-11-07 00:00:00-05:00,1.2984508275985718,1.2984508275985718,1.2984508275985718,1.2984508275985718,800,0.0,0.0
1985-11-08 00:00:00-05:00,1.2984508275985718,1.2984508275985718,1.2984508275985718,1.2984508275985718,0,0.0,0.0
1985-11-11 00:00:00-05:00,1.3581494092941284,1.3581494092941284,1.3581494092941284,1.3581494092941284,68000,0.0,0.0
1985-11-12 00:00:00-05:00,1.3581494092941284,1.3581494092941284,1.3581494092941284,1.3581494092941284,0,0.0,0.0
1985-11-13 00:00:00-05:00,1.3581494092941284,1.3581494092941284,1.3581494092941284,1.3581494092941284,0,0.0,0.0
1985-11-14 00:00:00-05:00,1.3581496368754995,1.3730743581598455,1.313375473022461,1.313375473022461,3200,0.0,0.0
1985-11-15 00:00:00-05:00,1.313375473022461,1.313375473022461,1.313375473022461,1.313375473022461,800,0.0,0.0
1985-11-18 00:00:00-05:00,1.313375473022461,1.313375473022461,1.313375473022461,1.313375473022461,0,0.0,0.0
1985-11-19 00:00:00-05:00,1.313375473022461,1.313375473022461,1.313375473022461,1.313375473022461,0,0.0,0.0
1985-11-20 00:00:00-05:00,1.313375473022461,1.313375473022461,1.313375473022461,1.313375473022461,0,0.0,0.0
1985-11-21 00:00:00-05:00,1.3730741739273071,1.3730741739273071,1.3730741739273071,1.3730741739273071,800,0.0,0.0
1985-11-22 00:00:00-05:00,1.313375473022461,1.313375473022461,1.313375473022461,1.313375473022461,2400,0.0,0.0
1985-11-25 00:00:00-05:00,1.313375473022461,1.313375473022461,1.313375473022461,1.313375473022461,0,0.0,0.0
1985-11-26 00:00:00-05:00,1.313375473022461,1.3879990794441917,1.313375473022461,1.313375473022461,8000,0.0,0.0
1985-11-27 00:00:00-05:00,1.3581494092941284,1.3581494092941284,1.3581494092941284,1.3581494092941284,12800,0.0,0.0
1985-11-29 00:00:00-05:00,1.3581494546454886,1.3730741739273071,1.3283000160818514,1.3730741739273071,26400,0.0,0.0
1985-12-02 00:00:00-05:00,1.3730741739273071,1.3730741739273071,1.3283000160818514,1.3730741739273071,165600,0.0,0.0
1985-12-03 00:00:00-05:00,1.3730741739273071,1.3730741739273071,1.3283000160818514,1.3730741739273071,3200,0.0,0.0
1985-12-04 00:00:00-05:00,1.3730741739273071,1.3730741739273071,1.3730741739273071,1.3730741739273071,0,0.0,0.0
1985-12-05 00:00:00-05:00,1.3581494092941284,1.3581494092941284,1.3581494092941284,1.3581494092941284,800,0.0,0.0
1985-12-06 00:00:00-05:00,1.3581496368754995,1.3581496368754995,1.313375473022461,1.313375473022461,20000,0.0,0.0
1985-12-09 00:00:00-05:00,1.313375473022461,1.3581496368754995,1.313375473022461,1.313375473022461,36800,0.0,0.0
1985-12-10 00:00:00-05:00,1.3581494092941284,1.3581494092941284,1.3581494092941284,1.3581494092941284,2400,0.0,0.0
1985-12-11 00:00:00-05:00,1.3581494092941284,1.3581494092941284,1.3581494092941284,1.3581494092941284,800,0.0,0.0
1985-12-12 00:00:00-05:00,1.358149681198463,1.358149681198463,1.313375515884228,1.3283002376556396,408000,0.0,0.0
1985-12-13 00:00:00-05:00,1.3282999717272246,1.3581494092941284,1.3282999717272246,1.3581494092941284,242400,0.0,0.0
1985-12-16 00:00:00-05:00,1.3581494990215506,1.3879989385604858,1.343224779252083,1.3879989385604858,57600,0.0,0.0
1985-12-17 00:00:00-05:00,1.3283002376556396,1.3283002376556396,1.3283002376556396,1.3283002376556396,800,0.0,0.0
1985-12-18 00:00:00-05:00,1.3730741739273071,1.3730741739273071,1.3730741739273071,1.3730741739273071,14400,0.0,0.0
1985-12-19 00:00:00-05:00,1.3730744620164235,1.4327733516693115,1.3283002947767575,1.4327733516693115,591200,0.0,0.0
1985-12-20 00:00:00-05:00,1.4327730978688886,1.4327730978688886,1.3879989385604858,1.3879989385604858,88800,0.0,0.0
1985-12-23 00:00:00-05:00,1.3879989096992895,1.4178483486175537,1.3879989096992895,1.4178483486175537,101600,0.0,0.0
1985-12-24 00:00:00-05:00,1.4178486292560895,1.4327733516693115,1.3879991844296455,1.4327733516693115,3200,0.0,0.0
1985-12-26 00:00:00-05:00,1.3879989385604858,1.3879989385604858,1.3879989385604858,1.3879989385604858,800,0.0,0.0
1985-12-27 00:00:00-05:00,1.3879989385604858,1.3879989385604858,1.3879989385604858,1.3879989385604858,2400,0.0,0.0
1985-12-30 00:00:00-05:00,1.3879989385604858,1.3879989385604858,1.3879989385604858,1.3879989385604858,32000,0.0,0.0
1985-12-31 00:00:00-05:00,1.3879989385604858,1.4327730978688886,1.3879989385604858,1.3879989385604858,31200,0.0,0.0
1986-01-02 00:00:00-05:00,1.4178483486175537,1.4476977875358181,1.4178483486175537,1.4178483486175537,52800,0.0,0.0
1986-01-03 00:00:00-05:00,1.4178486292560895,1.4775475189089775,1.4178486292560895,1.4327733516693115,129600,0.0,0.0
1986-01-06 00:00:00-05:00,1.4327733516693115,1.4775475189089775,1.4327733516693115,1.4327733516693115,3200,0.0,0.0
1986-01-07 00:00:00-05:00,1.4327733516693115,1.4327733516693115,1.4327733516693115,1.4327733516693115,0,0.0,0.0
1986-01-08 00:00:00-05:00,1.4476979970932007,1.4775474403322357,1.4476979970932007,1.4476979970932007,32000,0.0,0.0
1986-01-09 00:00:00-05:00,1.4476980740825334,1.4775475189089775,1.4327733516693115,1.4327733516693115,800,0.0,0.0
1986-01-10 00:00:00-05:00,1.4775470495224,1.4775470495224,1.4775470495224,1.4775470495224,9600,0.0,0.0
1986-01-13 00:00:00-05:00,1.4775470495224,1.4775470495224,1.4775470495224,1.4775470495224,2400,0.0,0.0
1986-01-14 00:00:00-05:00,1.4775474403322357,1.4775474403322357,1.4476979970932007,1.4476979970932007,26400,0.0,0.0
1986-01-15 00:00:00-05:00,1.5073968172073364,1.5073968172073364,1.5073968172073364,1.5073968172073364,14400,0.0,0.0
1986-01-16 00:00:00-05:00,1.552171118905611,1.5969452857971191,1.552171118905611,1.5969452857971191,34400,0.0,0.0
1986-01-17 00:00:00-05:00,1.596945277773417,1.596945277773417,1.5521711111068726,1.5521711111068726,188000,0.0,0.0
1986-01-20 00:00:00-05:00,1.55217115967362,1.6267947731194672,1.55217115967362,1.6118700504302979,221600,0.0,0.0
1986-01-21 00:00:00-05:00,1.6118698557582471,1.6267945766448975,1.5969451348715966,1.6267945766448975,72800,0.0,0.0
1986-01-22 00:00:00-05:00,1.6267945766448975,1.6267945766448975,1.5969451348715966,1.6267945766448975,156800,0.0,0.0
1986-01-23 00:00:00-05:00,1.6118700504302979,1.6118700504302979,1.5969453277411283,1.6118700504302979,41600,0.0,0.0
1986-01-24 00:00:00-05:00,1.6118700080942885,1.6566441749857965,1.5670958412027804,1.5969452857971191,232800,0.0,0.0
1986-01-27 00:00:00-05:00,1.5969452857971191,1.6267947303914578,1.5969452857971191,1.5969452857971191,53600,0.0,0.0
1986-01-28 00:00:00-05:00,1.5969451348715966,1.6267945766448975,1.5670956930982958,1.6267945766448975,51200,0.0,0.0
1986-01-29 00:00:00-05:00,1.6267945766448975,1.6267945766448975,1.5670956930982958,1.6267945766448975,19200,0.0,0.0
1986-01-30 00:00:00-05:00,1.6267945455001283,1.6566439867019653,1.6118698248992096,1.6566439867019653,45600,0.0,0.0
1986-01-31 00:00:00-05:00,1.6566437940512384,1.6864932317818913,1.6267943563205853,1.671568512916565,27200,0.0,0.0
1986-02-03 00:00:00-05:00,1.6715686896751667,1.7312675714492798,1.6566439692316384,1.7312675714492798,46400,0.0,0.0
1986-02-04 00:00:00-05:00,1.7312673129866607,1.7312673129866607,1.6566437219096495,1.686493158340454,33600,0.0,0.0
1986-02-05 00:00:00-05:00,1.686493158340454,1.686493158340454,1.686493158340454,1.686493158340454,0,0.0,0.0
1986-02-06 00:00:00-05:00,1.686493410118695,1.7312675714492798,1.6566439692316384,1.7312675714492798,9600,0.0,0.0
1986-02-07 00:00:00-05:00,1.7312675714492798,1.7312675714492798,1.7312675714492798,1.7312675714492798,14400,0.0,0.0
1986-02-10 00:00:00-05:00,1.7312673129866607,1.7461920312020631,1.6715684401250517,1.686493158340454,127200,0.0,0.0
1986-02-11 00:00:00-05:00,1.686493158340454,1.686493158340454,1.686493158340454,1.686493158340454,12000,0.0,0.0
1986-02-12 00:00:00-05:00,1.746192455291748,1.746192455291748,1.746192455291748,1.746192455291748,2400,0.0,0.0
1986-02-13 00:00:00-05:00,1.746192455291748,1.746192455291748,1.746192455291748,1.746192455291748,0,0.0,0.0
1986-02-14 00:00:00-05:00,1.7461922469346418,1.7461922469346418,1.716342806816101,1.716342806816101,56000,0.0,0.0
1986-02-18 00:00:00-05:00,1.7312676270802816,1.790966510772705,1.7312676270802816,1.790966510772705,8000,0.0,0.0
1986-02-19 00:00:00-05:00,1.7909665646091584,1.8506654500961304,1.7312676791221866,1.8506654500961304,271200,0.0,0.0
1986-02-20 00:00:00-05:00,1.8655902734308532,1.970063328742981,1.8655902734308532,1.970063328742981,46400,0.0,0.0
1986-02-21 00:00:00-05:00,1.9700631035698786,2.0148372650146484,1.9103642216435186,2.0148372650146484,57600,0.0,0.0
1986-02-24 00:00:00-05:00,2.014837436538806,2.0745363235473633,2.014837436538806,2.0745363235473633,45600,0.0,0.0
1986-02-25 00:00:00-05:00,2.0446865558624268,2.0446865558624268,2.0446865558624268,2.0446865558624268,62400,0.0,0.0
1986-02-26 00:00:00-05:00,2.0446869834025105,2.0446869834025105,1.9849880933761597,1.9849880933761597,24800,0.0,0.0
1986-02-27 00:00:00-05:00,1.9849880933761597,2.0745364284156858,1.9849880933761597,1.9849880933761597,238400,0.0,0.0
1986-02-28 00:00:00-05:00,1.9849880933761597,1.9849880933761597,1.970063370869572,1.9849880933761597,4800,0.0,0.0
1986-03-03 00:00:00-05:00,1.9849876340697794,2.0446865102824043,1.9700629150166231,2.029761791229248,108800,0.0,0.0
1986-03-04 00:00:00-05:00,2.029761791229248,2.0446865102824043,1.9700629150166231,2.029761791229248,14400,0.0,0.0
1986-03-05 00:00:00-05:00,2.0148372650146484,2.0148372650146484,1.9700631035698786,2.0148372650146484,14400,0.0,0.0
1986-03-06 00:00:00-05:00,1.970063328742981,1.970063328742981,1.955138606555534,1.970063328742981,56000,0.0,0.0
1986-03-07 00:00:00-05:00,1.970063328742981,1.970063328742981,1.970063328742981,1.970063328742981,0,0.0,0.0
1986-03-10 00:00:00-05:00,1.9849880933761597,1.9849880933761597,1.9849880933761597,1.9849880933761597,4800,0.0,0.0
1986-03-11 00:00:00-05:00,1.9849880933761597,1.9849880933761597,1.9849880933761597,1.9849880933761597,0,0.0,0.0
1986-03-12 00:00:00-05:00,1.9849880933761597,1.9849880933761597,1.9849880933761597,1.9849880933761597,800,0.0,0.0
1986-03-13 00:00:00-05:00,1.9849881288659483,1.9849881288659483,1.9551386833190918,1.9551386833190918,137600,0.0,0.0
1986-03-14 00:00:00-05:00,1.9551386833190918,1.9551386833190918,1.9551386833190918,1.9551386833190918,0,0.0,0.0
1986-03-17 00:00:00-05:00,1.9551386833190918,1.97006340609252,1.9551386833190918,1.9551386833190918,96800,0.0,0.0
1986-03-18 00:00:00-05:00,1.9551386833190918,1.97006340609252,1.9551386833190918,1.9551386833190918,151200,0.0,0.0
1986-03-19 00:00:00-05:00,1.9551384327933192,1.9551384327933192,1.9103642702102661,1.9103642702102661,32000,0.0,0.0
1986-03-20 00:00:00-05:00,1.9551386833190918,1.9551386833190918,1.9551386833190918,1.9551386833190918,17600,0.0,0.0
1986-03-21 00:00:00-05:00,1.9551381140716317,1.9551381140716317,1.9103639587875485,1.9252886772155762,12800,0.0,0.0
1986-03-24 00:00:00-05:00,1.925289314526778,1.9402140378952026,1.8506656976846547,1.9402140378952026,8800,0.0,1.5
1986-03-25 00:00:00-05:00,1.9402140378952026,1.9402140378952026,1.8506656976846547,1.9402140378952026,10400,0.0,0.0
1986-03-26 00:00:00-05:00,1.9402140378952026,1.9402140378952026,1.9402140378952026,1.9402140378952026,3200,0.0,0.0
1986-03-27 00:00:00-05:00,1.9402137783265883,1.9402137783265883,1.8506654500961304,1.8506654500961304,1600,0.0,0.0
1986-03-31 00:00:00-05:00,1.8805149956183,1.970063328742981,1.8805149956183,1.970063328742981,65600,0.0,0.0
1986-04-01 00:00:00-05:00,1.9700631692375934,2.1193103790283203,1.9700631692375934,2.1193103790283203,26400,0.0,0.0
1986-04-02 00:00:00-05:00,2.1193104651239185,2.1491599082946777,2.0596115787823996,2.1491599082946777,506400,0.0,0.0
1986-04-03 00:00:00-05:00,2.1491599082946777,2.1491599082946777,2.0596115787823996,2.1491599082946777,28800,0.0,0.0
1986-04-04 00:00:00-05:00,2.1491599932108842,2.179009437561035,2.1491599932108842,2.179009437561035,8000,0.0,0.0
1986-04-07 00:00:00-05:00,2.1790088068080853,2.358105421066284,2.1790088068080853,2.358105421066284,73600,0.0,0.0
1986-04-08 00:00:00-05:00,2.358105836091218,2.417804718017578,2.358105836091218,2.417804718017578,25600,0.0,0.0
1986-04-09 00:00:00-05:00,2.417804098710781,2.4775029653456153,2.387954665393364,2.4476535320281982,36000,0.0,0.0
1986-04-10 00:00:00-05:00,2.4178043872118,2.4178043872118,2.2984066396951675,2.3879549503326416,33600,0.0,0.0
1986-04-11 00:00:00-05:00,2.387954856775984,2.387954856775984,2.268557113937185,2.358105421066284,12000,0.0,0.0
1986-04-14 00:00:00-05:00,2.358106031417847,2.358106031417847,2.238708257675171,2.238708257675171,28800,0.0,0.0
1986-04-15 00:00:00-05:00,2.2387083087648665,2.268557752881731,2.0297621999468123,2.089461088180542,492800,0.0,0.0
1986-04-16 00:00:00-05:00,2.0894607337745463,2.2387079290441565,2.0894607337745463,2.2088584899902344,51200,0.0,0.0
1986-04-17 00:00:00-05:00,2.238708257675171,2.238708257675171,2.238708257675171,2.238708257675171,29600,0.0,0.0
1986-04-18 00:00:00-05:00,2.238708237806956,2.238708237806956,2.1491599082946777,2.1491599082946777,49600,0.0,0.0
1986-04-21 00:00:00-05:00,2.14915961188239,2.2088584899902344,2.119310172828468,2.2088584899902344,25600,0.0,0.0
1986-04-22 00:00:00-05:00,2.2088584899902344,2.2088584899902344,2.2088584899902344,2.2088584899902344,40800,0.0,0.0
1986-04-23 00:00:00-05:00,2.2088584899902344,2.2088584899902344,2.14915961188239,2.2088584899902344,10400,0.0,0.0
1986-04-24 00:00:00-05:00,2.208858814239502,2.238708257675171,2.119310483932495,2.238708257675171,384800,0.0,0.0
1986-04-25 00:00:00-05:00,2.238708257675171,2.238708257675171,2.149159927368164,2.238708257675171,216800,0.0,0.0
1986-04-28 00:00:00-04:00,2.238708072238498,2.417804718017578,2.238708072238498,2.417804718017578,131200,0.0,0.0
1986-04-29 00:00:00-04:00,2.447654184840974,2.5073530673980713,2.447654184840974,2.5073530673980713,58400,0.0,0.0
1986-04-30 00:00:00-04:00,2.5073523986630324,2.5073523986630324,2.4476535320281982,2.4476535320281982,14400,0.0,0.0
1986-05-01 00:00:00-04:00,2.4476538240909576,2.507352697849274,2.3879549503326416,2.3879549503326416,28000,0.0,0.0
1986-05-02 00:00:00-04:00,2.3879549503326416,2.4775032609701158,2.3879549503326416,2.3879549503326416,166400,0.0,0.0
1986-05-05 00:00:00-04:00,2.3879549503326416,2.4775032609701158,2.3879549503326416,2.3879549503326416,193600,0.0,0.0
1986-05-06 00:00:00-04:00,2.3879552770543984,2.477503599943938,2.3879552770543984,2.417804718017578,54400,0.0,0.0
1986-05-07 00:00:00-04:00,2.4178053496719953,2.4178053496719953,2.298407554626465,2.298407554626465,146400,0.0,0.0
1986-05-08 00:00:00-04:00,2.2984065496468844,2.358105421066284,2.268557113937185,2.358105421066284,11200,0.0,0.0
1986-05-09 00:00:00-04:00,2.3581058538643416,2.3581058538643416,2.268557530299873,2.3431811332702637,8800,0.0,0.0
1986-05-12 00:00:00-04:00,2.3431813983540786,2.3431813983540786,2.2685577869415283,2.2685577869415283,13600,0.0,0.0
1986-05-13 00:00:00-04:00,2.268557113937185,2.358105421066284,2.268557113937185,2.358105421066284,16000,0.0,0.0
1986-05-14 00:00:00-04:00,2.358105421066284,2.358105421066284,2.268557113937185,2.358105421066284,11200,0.0,0.0
1986-05-15 00:00:00-04:00,2.3282566760715686,2.3282566760715686,2.2685577869415283,2.2685577869415283,24800,0.0,0.0
1986-05-16 00:00:00-04:00,2.2685577869415283,2.3581061206365885,2.2685577869415283,2.2685577869415283,71200,0.0,0.0
1986-05-19 00:00:00-04:00,2.268557113937185,2.358105421066284,2.268557113937185,2.358105421066284,15200,0.0,0.0
1986-05-20 00:00:00-04:00,2.3581061206365885,2.3581061206365885,2.2685577869415283,2.2685577869415283,20000,0.0,0.0
1986-05-21 00:00:00-04:00,2.358105421066284,2.358105421066284,2.358105421066284,2.358105421066284,9600,0.0,0.0
1986-05-22 00:00:00-04:00,2.3581061206365885,2.3581061206365885,2.2685577869415283,2.2685577869415283,7200,0.0,0.0
1986-05-23 00:00:00-04:00,2.2685577869415283,2.2685577869415283,2.2685577869415283,2.2685577869415283,0,0.0,0.0
1986-05-27 00:00:00-04:00,2.358105421066284,2.358105421066284,2.358105421066284,2.358105421066284,800,0.0,0.0
1986-05-28 00:00:00-04:00,2.3282565879821777,2.3282565879821777,2.238708257675171,2.238708257675171,37600,0.0,0.0
1986-05-29 00:00:00-04:00,2.2387083262613374,2.29840721496164,2.179009437561035,2.179009437561035,21600,0.0,0.0
1986-05-30 00:00:00-04:00,2.179009453246468,2.2685577869415283,2.179009453246468,2.2685577869415283,29600,0.0,0.0
1986-06-02 00:00:00-04:00,2.2685577869415283,2.2685577869415283,2.2387083423765084,2.2685577869415283,4000,0.0,0.0
1986-06-03 00:00:00-04:00,2.2685577869415283,2.2685577869415283,2.2685577869415283,2.2685577869415283,2400,0.0,0.0
1986-06-04 00:00:00-04:00,2.2685577869415283,2.2685577869415283,2.2685577869415283,2.2685577869415283,4800,0.0,0.0
1986-06-05 00:00:00-04:00,2.2685573680980786,2.2685573680980786,2.1790090509363123,2.2088584899902344,15200,0.0,0.0
1986-06-06 00:00:00-04:00,2.2088584899902344,2.2088584899902344,2.2088584899902344,2.2088584899902344,9600,0.0,0.0
1986-06-09 00:00:00-04:00,2.208858814239502,2.3282565879821777,2.208858814239502,2.238708257675171,15200,0.0,0.0
1986-06-10 00:00:00-04:00,2.2387086571036994,2.3282570033878476,2.2387086571036994,2.298407554626465,12800,0.0,0.0
1986-06-11 00:00:00-04:00,2.298407554626465,2.298407554626465,2.2088592083423166,2.298407554626465,7200,0.0,0.0
1986-06-12 00:00:00-04:00,2.298407554626465,2.298407554626465,2.2088592083423166,2.298407554626465,8800,0.0,0.0
1986-06-13 00:00:00-04:00,2.298407554626465,2.298407554626465,2.298407554626465,2.298407554626465,800,0.0,0.0
1986-06-16 00:00:00-04:00,2.298407554626465,2.298407554626465,2.2088592083423166,2.298407554626465,11200,0.0,0.0
1986-06-17 00:00:00-04:00,2.298407554626465,2.298407554626465,2.298407554626465,2.298407554626465,0,0.0,0.0
1986-06-18 00:00:00-04:00,2.298407554626465,2.298407554626465,2.2088592083423166,2.298407554626465,12000,0.0,0.0
1986-06-19 00:00:00-04:00,2.2088584899902344,2.2088584899902344,2.2088584899902344,2.2088584899902344,800,0.0,0.0
1986-06-20 00:00:00-04:00,2.2088584899902344,2.253632648571118,2.2088584899902344,2.2088584899902344,75200,0.0,0.0
1986-06-23 00:00:00-04:00,2.2088585176329683,2.268557396487913,2.0596113204956055,2.0596113204956055,64800,0.0,0.0
1986-06-24 00:00:00-04:00,2.0596113204956055,2.1790090782054956,2.0596113204956055,2.0596113204956055,9600,0.0,0.0
1986-06-25 00:00:00-04:00,2.0596112293355606,2.1193101055481853,2.029761791229248,2.029761791229248,345600,0.0,0.0
1986-06-26 00:00:00-04:00,2.0297620531538842,2.1491598209864655,2.0297620531538842,2.1193103790283203,12800,0.0,0.0
1986-06-27 00:00:00-04:00,2.1193101993505503,2.1193101993505503,2.0596113204956055,2.0596113204956055,184800,0.0,0.0
1986-06-30 00:00:00-04:00,2.1491599082946777,2.1491599082946777,2.1491599082946777,2.1491599082946777,3200,0.0,0.0
1986-07-01 00:00:00-04:00,2.14915961188239,2.2088584899902344,2.059611294720624,2.2088584899902344,156000,0.0,0.0
1986-07-02 00:00:00-04:00,2.2088584899902344,2.2685573680980786,2.2088584899902344,2.2088584899902344,44800,0.0,0.0
1986-07-03 00:00:00-04:00,2.2088592083423166,2.298407554626465,2.179009759580934,2.298407554626465,715200,0.0,0.0
1986-07-07 00:00:00-04:00,2.2387083262613374,2.2387083262613374,2.179009437561035,2.179009437561035,21600,0.0,0.0
1986-07-08 00:00:00-04:00,2.1790089817608105,2.1790089817608105,2.029761791229248,2.029761791229248,80000,0.0,0.0
1986-07-09 00:00:00-04:00,2.029761881068133,2.089460759923078,1.984987721926924,2.0596113204956055,177600,0.0,0.0
1986-07-10 00:00:00-04:00,2.089460937070175,2.1193103790283203,2.089460937070175,2.1193103790283203,22400,0.0,0.0
1986-07-11 00:00:00-04:00,2.089461088180542,2.089461088180542,2.059611644063677,2.089461088180542,112000,0.0,0.0
1986-07-14 00:00:00-04:00,2.0596113204956055,2.0596113204956055,2.0596113204956055,2.0596113204956055,8000,0.0,0.0
1986-07-15 00:00:00-04:00,2.0596115787823996,2.1491599082946777,2.0596115787823996,2.1491599082946777,86400,0.0,0.0
1986-07-16 00:00:00-04:00,2.1491599082946777,2.1491599082946777,2.089461021953159,2.1491599082946777,14400,0.0,0.0
1986-07-17 00:00:00-04:00,2.1491599082946777,2.2088587946361966,2.1193104651239185,2.1491599082946777,90400,0.0,0.0
1986-07-18 00:00:00-04:00,2.2088584899902344,2.2088584899902344,2.2088584899902344,2.2088584899902344,2400,0.0,0.0
1986-07-21 00:00:00-04:00,2.179009262944611,2.179009262944611,2.1193103790283203,2.1193103790283203,20000,0.0,0.0
1986-07-22 00:00:00-04:00,2.1193103790283203,2.1193103790283203,2.1193103790283203,2.1193103790283203,0,0.0,0.0
1986-07-23 00:00:00-04:00,2.1491599082946777,2.2088587946361966,2.1491599082946777,2.1491599082946777,7200,0.0,0.0
1986-07-24 00:00:00-04:00,2.2088586061428757,2.328256368637085,2.2088586061428757,2.328256368637085,68000,0.0,0.0
1986-07-25 00:00:00-04:00,2.2984068071520007,2.2984068071520007,2.2088584899902344,2.2088584899902344,16800,0.0,0.0
1986-07-28 00:00:00-04:00,2.2088587946361966,2.2088587946361966,2.089461021953159,2.1491599082946777,92800,0.0,0.0
1986-07-29 00:00:00-04:00,2.1491599764142717,2.2088588646480014,2.089461088180542,2.089461088180542,41600,0.0,0.0
1986-07-30 00:00:00-04:00,2.089461088180542,2.1790094205311368,2.089461088180542,2.089461088180542,4000,0.0,0.0
1986-07-31 00:00:00-04:00,2.1193103790283203,2.179009262944611,2.1193103790283203,2.1193103790283203,34400,0.0,0.0
1986-08-01 00:00:00-04:00,2.179009437561035,2.179009437561035,2.179009437561035,2.179009437561035,2400,0.0,0.0
1986-08-04 00:00:00-04:00,2.1790093514654374,2.1790093514654374,2.089461021953159,2.1491599082946777,20000,0.0,0.0
1986-08-05 00:00:00-04:00,2.1491599082946777,2.1491599082946777,2.089461021953159,2.1491599082946777,368000,0.0,0.0
1986-08-06 00:00:00-04:00,2.1491599082946777,2.1491599082946777,2.1491599082946777,2.1491599082946777,0,0.0,0.0
1986-08-07 00:00:00-04:00,2.1491599082946777,2.1491599082946777,2.1491599082946777,2.1491599082946777,0,0.0,0.0
1986-08-08 00:00:00-04:00,2.089461088180542,2.089461088180542,2.089461088180542,2.089461088180542,800,0.0,0.0
1986-08-11 00:00:00-04:00,2.179009437561035,2.179009437561035,2.179009437561035,2.179009437561035,800,0.0,0.0
1986-08-12 00:00:00-04:00,2.179009437561035,2.179009437561035,2.179009437561035,2.179009437561035,17600,0.0,0.0
1986-08-13 00:00:00-04:00,2.179009437561035,2.179009437561035,2.0894611045105815,2.179009437561035,180800,0.0,0.0
1986-08-14 00:00:00-04:00,2.1790090509363123,2.2088584899902344,2.14915961188239,2.2088584899902344,12000,0.0,0.0
1986-08-15 00:00:00-04:00,2.1491599082946777,2.1491599082946777,2.1491599082946777,2.1491599082946777,4800,0.0,0.0
1986-08-18 00:00:00-04:00,2.1491598209864655,2.2088587049027564,2.1193103790283203,2.1193103790283203,4000,0.0,0.0
1986-08-19 00:00:00-04:00,2.1193103790283203,2.1193103790283203,2.1193103790283203,2.1193103790283203,6400,0.0,0.0
1986-08-20 00:00:00-04:00,2.2088584899902344,2.2387079290441565,2.2088584899902344,2.2088584899902344,16800,0.0,0.0
1986-08-21 00:00:00-04:00,2.2237837314605713,2.2237837314605713,2.2237837314605713,2.2237837314605713,8000,0.0,0.0
1986-08-22 00:00:00-04:00,2.179009437561035,2.179009437561035,2.179009437561035,2.179009437561035,4000,0.0,0.0
1986-08-25 00:00:00-04:00,2.179009437561035,2.2685577706114888,2.179009437561035,2.179009437561035,19200,0.0,0.0
1986-08-26 00:00:00-04:00,2.1790093514654374,2.1790093514654374,2.1491599082946777,2.1491599082946777,8000,0.0,0.0
1986-08-27 00:00:00-04:00,2.1491598209864655,2.1491598209864655,2.1193103790283203,2.1193103790283203,9600,0.0,0.0
1986-08-28 00:00:00-04:00,2.1193105322974066,2.1491599764142717,2.089461088180542,2.089461088180542,10400,0.0,0.0
1986-08-29 00:00:00-04:00,2.089461088180542,2.089461088180542,2.089461088180542,2.089461088180542,7200,0.0,0.0
1986-09-02 00:00:00-04:00,2.1491599082946777,2.1491599082946777,2.1491599082946777,2.1491599082946777,1600,0.0,0.0
1986-09-03 00:00:00-04:00,2.1193103790283203,2.1193103790283203,2.1193103790283203,2.1193103790283203,800,0.0,0.0
1986-09-04 00:00:00-04:00,2.1491599082946777,2.1491599082946777,2.1491599082946777,2.1491599082946777,10400,0.0,0.0
1986-09-05 00:00:00-04:00,2.089461088180542,2.089461088180542,2.089461088180542,2.089461088180542,9600,0.0,0.0
1986-09-08 00:00:00-04:00,2.1491599082946777,2.1491599082946777,2.1491599082946777,2.1491599082946777,800,0.0,0.0
1986-09-09 00:00:00-04:00,2.1491599932108842,2.179009437561035,2.0894611045105815,2.179009437561035,48000,0.0,0.0
1986-09-10 00:00:00-04:00,2.179009370803833,2.238708257675171,2.119310483932495,2.238708257675171,106400,0.0,0.0
1986-09-11 00:00:00-04:00,2.238708237806956,2.238708237806956,2.1491599082946777,2.1491599082946777,44800,0.0,0.0
1986-09-12 00:00:00-04:00,2.1491597142712826,2.1790091547472725,2.1193102737952922,2.1640844345092773,408800,0.0,0.0
1986-09-15 00:00:00-04:00,2.134235382080078,2.134235382080078,2.0894612132252512,2.134235382080078,792000,0.0,0.0
1986-09-16 00:00:00-04:00,2.134235382080078,2.134235382080078,2.134235382080078,2.134235382080078,0,0.0,0.0
1986-09-17 00:00:00-04:00,2.179009437561035,2.179009437561035,2.179009437561035,2.179009437561035,5600,0.0,0.0
1986-09-18 00:00:00-04:00,2.1491599082946777,2.1491599082946777,2.1491599082946777,2.1491599082946777,42400,0.0,0.0
1986-09-19 00:00:00-04:00,2.149160105031687,2.149160105031687,2.0894612132252512,2.134235382080078,54400,0.0,0.0
1986-09-22 00:00:00-04:00,2.134235382080078,2.134235382080078,2.134235382080078,2.134235382080078,0,0.0,0.0
1986-09-23 00:00:00-04:00,2.1342352710358083,2.179009437561035,2.0894611045105815,2.179009437561035,181600,0.0,0.0
1986-09-24 00:00:00-04:00,2.179009437561035,2.179009437561035,2.179009437561035,2.179009437561035,1600,0.0,0.0
1986-09-25 00:00:00-04:00,2.179009437561035,2.179009437561035,2.179009437561035,2.179009437561035,0,0.0,0.0
1986-09-26 00:00:00-04:00,2.179009262944611,2.179009262944611,2.1193103790283203,2.1193103790283203,3200,0.0,0.0
1986-09-29 00:00:00-04:00,2.119310548860733,2.179009437561035,2.0894611045105815,2.179009437561035,12800,0.0,0.0
1986-09-30 00:00:00-04:00,2.179009437561035,2.179009437561035,2.0894611045105815,2.179009437561035,25600,0.0,0.0
1986-10-01 00:00:00-04:00,2.179009437561035,2.179009437561035,2.0894611045105815,2.179009437561035,29600,0.0,0.0
1986-10-02 00:00:00-04:00,2.1790090509363123,2.2088584899902344,2.0894607337745463,2.2088584899902344,5600,0.0,0.0
1986-10-03 00:00:00-04:00,2.2088584899902344,2.2088584899902344,2.2088584899902344,2.2088584899902344,800,0.0,0.0
1986-10-06 00:00:00-04:00,2.2088588646480014,2.2088588646480014,2.089461088180542,2.089461088180542,2400,0.0,0.0
1986-10-07 00:00:00-04:00,2.089461088180542,2.089461088180542,2.089461088180542,2.089461088180542,0,0.0,0.0
1986-10-08 00:00:00-04:00,2.089461088180542,2.1491599764142717,2.089461088180542,2.089461088180542,96000,0.0,0.0
1986-10-09 00:00:00-04:00,2.089461088180542,2.089461088180542,2.089461088180542,2.089461088180542,0,0.0,0.0
1986-10-10 00:00:00-04:00,2.179009437561035,2.179009437561035,2.179009437561035,2.179009437561035,4800,0.0,0.0
1986-10-13 00:00:00-04:00,2.164084827983296,2.164084827983296,2.134235382080078,2.134235382080078,38400,0.0,0.0
1986-10-14 00:00:00-04:00,2.1342352543558394,2.1790094205311368,2.089461088180542,2.089461088180542,4000,0.0,0.0
1986-10-15 00:00:00-04:00,2.089461021953159,2.1491599082946777,2.0596115787823996,2.1491599082946777,26400,0.0,0.0
1986-10-16 00:00:00-04:00,2.1491599082946777,2.1491599082946777,2.1491599082946777,2.1491599082946777,2400,0.0,0.0
1986-10-17 00:00:00-04:00,2.089461088180542,2.089461088180542,2.0297621999468123,2.089461088180542,45600,0.0,0.0
1986-10-20 00:00:00-04:00,2.0596115037576475,2.0596115037576475,1.9999126195907593,1.9999126195907593,49600,0.0,0.0
1986-10-21 00:00:00-04:00,1.9999127731178745,2.0894611062425557,1.970063328742981,1.970063328742981,40800,0.0,0.0
1986-10-22 00:00:00-04:00,1.970063328742981,2.029762217492768,1.9402138843680872,1.970063328742981,26400,0.0,0.0
1986-10-23 00:00:00-04:00,1.9999126195907593,1.9999126195907593,1.9999126195907593,1.9999126195907593,1600,0.0,0.0
1986-10-24 00:00:00-04:00,1.9999128158827475,1.9999128158827475,1.9402139258563968,1.9849880933761597,10400,0.0,0.0
1986-10-27 00:00:00-05:00,1.970063328742981,1.970063328742981,1.970063328742981,1.970063328742981,8800,0.0,0.0
1986-10-28 00:00:00-05:00,1.9402140378952026,1.9402140378952026,1.9402140378952026,1.9402140378952026,5600,0.0,0.0
1986-10-29 00:00:00-05:00,1.9999126195907593,1.9999126195907593,1.9999126195907593,1.9999126195907593,800,0.0,0.0
1986-10-30 00:00:00-05:00,1.9103642702102661,1.9103642702102661,1.9103642702102661,1.9103642702102661,4000,0.0,0.0
1986-10-31 00:00:00-05:00,1.9103643355831024,1.9103643355831024,1.8506654500961304,1.8506654500961304,306400,0.0,0.0
1986-11-03 00:00:00-05:00,1.970063328742981,1.970063328742981,1.970063328742981,1.970063328742981,3200,0.0,0.0
1986-11-04 00:00:00-05:00,1.970063328742981,1.970063328742981,1.970063328742981,1.970063328742981,1600,0.0,0.0
1986-11-05 00:00:00-05:00,1.9700629370553153,1.9700629370553153,1.8805146217346191,1.8805146217346191,5600,0.0,0.0
1986-11-06 00:00:00-05:00,1.8805149956183,1.970063328742981,1.8805149956183,1.970063328742981,8000,0.0,0.0
1986-11-07 00:00:00-05:00,1.970063328742981,1.970063328742981,1.970063328742981,1.970063328742981,12000,0.0,0.0
1986-11-10 00:00:00-05:00,1.9700629370553153,1.9700629370553153,1.8805146217346191,1.8805146217346191,35200,0.0,0.0
1986-11-11 00:00:00-05:00,1.9402140378952026,1.9402140378952026,1.9402140378952026,1.9402140378952026,4800,0.0,0.0
1986-11-12 00:00:00-05:00,1.970063328742981,1.970063328742981,1.970063328742981,1.970063328742981,1600,0.0,0.0
1986-11-13 00:00:00-05:00,1.970063328742981,1.970063328742981,1.9103644399931936,1.970063328742981,20000,0.0,0.0
1986-11-14 00:00:00-05:00,1.970063328742981,1.970063328742981,1.970063328742981,1.970063328742981,800,0.0,0.0
1986-11-17 00:00:00-05:00,1.970063328742981,1.970063328742981,1.970063328742981,1.970063328742981,0,0.0,0.0
1986-11-18 00:00:00-05:00,1.9103642702102661,1.9103642702102661,1.9103642702102661,1.9103642702102661,3200,0.0,0.0
1986-11-19 00:00:00-05:00,1.9103644399931936,1.970063328742981,1.9103644399931936,1.970063328742981,4800,0.0,0.0
1986-11-20 00:00:00-05:00,1.970063328742981,1.970063328742981,1.970063328742981,1.970063328742981,0,0.0,0.0
1986-11-21 00:00:00-05:00,1.970063484632052,1.970063484632052,1.880515144421504,1.9402140378952026,54400,0.0,0.0
1986-11-24 00:00:00-05:00,1.9402134986150834,1.9402134986150834,1.8805146217346191,1.8805146217346191,8800,0.0,0.0
1986-11-25 00:00:00-05:00,1.9402140378952026,1.9402140378952026,1.9402140378952026,1.9402140378952026,1600,0.0,0.0
1986-11-26 00:00:00-05:00,1.9402140378952026,1.9402140378952026,1.880515144421504,1.9402140378952026,7200,0.0,0.0
1986-11-28 00:00:00-05:00,1.9402140378952026,1.9402140378952026,1.9402140378952026,1.9402140378952026,31200,0.0,0.0
1986-12-01 00:00:00-05:00,1.9402134986150834,1.9402134986150834,1.8805146217346191,1.8805146217346191,13600,0.0,0.0
1986-12-02 00:00:00-05:00,1.8506653944651286,1.8506653944651286,1.790966510772705,1.790966510772705,42400,0.0,0.0
1986-12-03 00:00:00-05:00,1.790966510772705,1.8506653944651286,1.790966510772705,1.790966510772705,37600,0.0,0.0
1986-12-04 00:00:00-05:00,1.790966510772705,1.790966510772705,1.790966510772705,1.790966510772705,800,0.0,0.0
1986-12-05 00:00:00-05:00,1.8506654500961304,1.8506654500961304,1.8506654500961304,1.8506654500961304,4000,0.0,0.0
1986-12-08 00:00:00-05:00,1.8506651773291118,1.8506651773291118,1.761116862297058,1.761116862297058,137600,0.0,0.0
1986-12-09 00:00:00-05:00,1.7611169228788282,1.8208158016204834,1.7611169228788282,1.8208158016204834,48800,0.0,0.0
1986-12-10 00:00:00-05:00,1.8208158016204834,1.8208158016204834,1.8208158016204834,1.8208158016204834,0,0.0,0.0
1986-12-11 00:00:00-05:00,1.8208160073526445,1.8506654500961304,1.7611171218656725,1.8506654500961304,140800,0.0,0.0
1986-12-12 00:00:00-05:00,1.761116862297058,1.761116862297058,1.761116862297058,1.761116862297058,8000,0.0,0.0
1986-12-15 00:00:00-05:00,1.761116862297058,1.8805146156731298,1.761116862297058,1.761116862297058,2400,0.0,0.0
1986-12-16 00:00:00-05:00,1.761116862297058,1.761116862297058,1.761116862297058,1.761116862297058,0,0.0,0.0
1986-12-17 00:00:00-05:00,1.8805146217346191,1.8805146217346191,1.8805146217346191,1.8805146217346191,11200,0.0,0.0
1986-12-18 00:00:00-05:00,1.8805148363113402,1.8805148363113402,1.7611170689264932,1.790966510772705,35200,0.0,0.0
1986-12-19 00:00:00-05:00,1.790966510772705,1.790966510772705,1.790966510772705,1.790966510772705,0,0.0,0.0
1986-12-22 00:00:00-05:00,1.790966300641076,1.8805146156731298,1.761116862297058,1.761116862297058,23200,0.0,0.0
1986-12-23 00:00:00-05:00,1.7611170689264932,1.8506653944651286,1.7611170689264932,1.790966510772705,174400,0.0,0.0
1986-12-24 00:00:00-05:00,1.790966510772705,1.790966510772705,1.790966510772705,1.790966510772705,0,0.0,0.0
1986-12-26 00:00:00-05:00,1.790966510772705,1.790966510772705,1.790966510772705,1.790966510772705,0,0.0,0.0
1986-12-29 00:00:00-05:00,1.790966510772705,1.790966510772705,1.790966510772705,1.790966510772705,800,0.0,0.0
1986-12-30 00:00:00-05:00,1.790966300641076,1.790966300641076,1.7312674239530401,1.761116862297058,32800,0.0,0.0
1986-12-31 00:00:00-05:00,1.761116862297058,1.761116862297058,1.7014179856090224,1.761116862297058,8000,0.0,0.0
1987-01-02 00:00:00-05:00,1.790966510772705,1.790966510772705,1.790966510772705,1.790966510772705,12800,0.0,0.0
1987-01-05 00:00:00-05:00,1.790966510772705,1.790966510772705,1.790966510772705,1.790966510772705,3200,0.0,0.0
1987-01-06 00:00:00-05:00,1.7909664532233929,1.7909664532233929,1.7312675714492798,1.7312675714492798,20800,0.0,0.0
1987-01-07 00:00:00-05:00,1.790966510772705,1.8208159526189167,1.790966510772705,1.790966510772705,93600,0.0,0.0
1987-01-08 00:00:00-05:00,1.7909664532233929,1.850665334997506,1.7312675714492798,1.7312675714492798,3200,0.0,0.0
1987-01-09 00:00:00-05:00,1.8506654500961304,1.8506654500961304,1.8506654500961304,1.8506654500961304,4800,0.0,0.0
1987-01-12 00:00:00-05:00,1.850665240991311,1.850665240991311,1.8208158016204834,1.8208158016204834,16000,0.0,0.0
1987-01-13 00:00:00-05:00,1.8208158016204834,1.8208158016204834,1.7312674835080006,1.8208158016204834,4800,0.0,0.0
1987-01-14 00:00:00-05:00,1.8208158016204834,1.8208158016204834,1.7312674835080006,1.8208158016204834,33600,0.0,0.0
1987-01-15 00:00:00-05:00,1.8208158016204834,1.8208158016204834,1.8208158016204834,1.8208158016204834,3200,0.0,0.0
1987-01-16 00:00:00-05:00,1.8208158016204834,1.8208158016204834,1.8208158016204834,1.8208158016204834,3200,0.0,0.0
1987-01-19 00:00:00-05:00,1.8208158016204834,1.8208158016204834,1.7909663622496557,1.8208158016204834,3200,0.0,0.0
1987-01-20 00:00:00-05:00,1.8208158016204834,1.8208158016204834,1.7312674835080006,1.8208158016204834,146400,0.0,0.0
1987-01-21 00:00:00-05:00,1.8208158941104493,1.8208158941104493,1.7312675714492798,1.7312675714492798,1600,0.0,0.0
1987-01-22 00:00:00-05:00,1.8208158016204834,1.8208158016204834,1.8208158016204834,1.8208158016204834,4800,0.0,0.0
1987-01-23 00:00:00-05:00,1.8208158941104493,1.8208158941104493,1.7312675714492798,1.7312675714492798,112800,0.0,0.0
1987-01-26 00:00:00-05:00,1.7312674239530401,1.761116862297058,1.7312674239530401,1.761116862297058,60000,0.0,0.0
1987-01-27 00:00:00-05:00,1.7611170123363362,1.7909664532233929,1.7312675714492798,1.7312675714492798,73600,0.0,0.0
1987-01-28 00:00:00-05:00,1.7312674239530401,1.790966300641076,1.7312674239530401,1.761116862297058,79200,0.0,0.0
1987-01-29 00:00:00-05:00,1.761116862297058,1.805891019813085,1.7312674239530401,1.761116862297058,438400,0.0,0.0
1987-01-30 00:00:00-05:00,1.761116995299158,1.8058911561965942,1.7312675547008671,1.8058911561965942,84000,0.0,0.0
1987-02-02 00:00:00-05:00,1.8058913426521497,1.8208160644922502,1.746192455291748,1.746192455291748,96800,0.0,0.0
1987-02-03 00:00:00-05:00,1.746192455291748,1.746192455291748,1.746192455291748,1.746192455291748,32800,0.0,0.0
1987-02-04 00:00:00-05:00,1.746192455291748,1.8208160644922502,1.746192455291748,1.746192455291748,12000,0.0,0.0
1987-02-05 00:00:00-05:00,1.8208158016204834,1.8208158016204834,1.8208158016204834,1.8208158016204834,1600,0.0,0.0
1987-02-06 00:00:00-05:00,1.776041581469067,1.776041581469067,1.7461921431250491,1.761116862297058,68800,0.0,0.0
1987-02-09 00:00:00-05:00,1.761116862297058,1.790966300641076,1.7461921431250491,1.761116862297058,51200,0.0,0.0
1987-02-10 00:00:00-05:00,1.7611170123363362,1.7760417327798645,1.7312675714492798,1.7312675714492798,616800,0.0,0.0
1987-02-11 00:00:00-05:00,1.7312676791221866,1.8506654500961304,1.7312676791221866,1.8506654500961304,862400,0.0,0.0
1987-02-12 00:00:00-05:00,1.8506653944651286,1.8805148363113402,1.7611170689264932,1.790966510772705,52800,0.0,0.0
1987-02-13 00:00:00-05:00,1.7909663622496557,1.8805146803621386,1.7909663622496557,1.8208158016204834,87200,0.0,0.0
1987-02-17 00:00:00-05:00,1.8506654500961304,1.9103643355831024,1.8506654500961304,1.8506654500961304,11200,0.0,0.0
1987-02-18 00:00:00-05:00,1.8506654500961304,1.9103643355831024,1.8506654500961304,1.8506654500961304,28800,0.0,0.0
1987-02-19 00:00:00-05:00,1.8805148284882307,1.9103642702102661,1.8805148284882307,1.9103642702102661,46400,0.0,0.0
1987-02-20 00:00:00-05:00,1.9103642702102661,1.9103642702102661,1.9103642702102661,1.9103642702102661,12800,0.0,0.0
1987-02-23 00:00:00-05:00,1.9103642702102661,1.9103642702102661,1.82081594504416,1.9103642702102661,304000,0.0,0.0
1987-02-24 00:00:00-05:00,1.8208158016204834,1.8208158016204834,1.8208158016204834,1.8208158016204834,129600,0.0,0.0
1987-02-25 00:00:00-05:00,1.8208158016204834,1.8208158016204834,1.8208158016204834,1.8208158016204834,0,0.0,0.0
1987-02-26 00:00:00-05:00,1.8954398677899287,1.9999129313689012,1.8954398677899287,1.9402140378952026,1592000,0.0,0.0
1987-02-27 00:00:00-05:00,1.9402137354238709,1.9999126195907593,1.9402137354238709,1.9999126195907593,89600,0.0,0.0
1987-03-02 00:00:00-05:00,1.9999125953763723,1.9999125953763723,1.9103642702102661,1.9103642702102661,100000,0.0,0.0
1987-03-03 00:00:00-05:00,1.8805146217346191,1.8805146217346191,1.8805146217346191,1.8805146217346191,11200,0.0,0.0
1987-03-04 00:00:00-05:00,1.8805146217346191,1.9402134986150834,1.8805146217346191,1.8805146217346191,13600,0.0,0.0
1987-03-05 00:00:00-05:00,1.880515144421504,1.9402140378952026,1.880515144421504,1.9402140378952026,4000,0.0,0.0
1987-03-06 00:00:00-05:00,1.9103642702102661,1.9103642702102661,1.8506653867661953,1.9103642702102661,2400,0.0,0.0
1987-03-09 00:00:00-05:00,1.9103642702102661,1.9103642702102661,1.82081594504416,1.9103642702102661,347200,0.0,0.0
1987-03-10 00:00:00-05:00,1.9103645911583533,1.9402140378952026,1.8506656976846547,1.9402140378952026,25600,0.0,0.0
1987-03-11 00:00:00-05:00,1.9402140378952026,1.9402140378952026,1.8506656976846547,1.9402140378952026,18400,0.0,0.0
1987-03-12 00:00:00-05:00,1.9402140378952026,1.9402140378952026,1.880515144421504,1.9402140378952026,9600,0.0,0.0
1987-03-13 00:00:00-05:00,1.9402140378952026,1.9402140378952026,1.9402140378952026,1.9402140378952026,0,0.0,0.0
1987-03-16 00:00:00-05:00,1.895439863204956,1.895439863204956,1.895439863204956,1.895439863204956,800,0.0,0.0
1987-03-17 00:00:00-05:00,1.9103642702102661,1.9402137119323015,1.9103642702102661,1.9103642702102661,10400,0.0,0.0
1987-03-18 00:00:00-05:00,1.9103642702102661,1.9252889910712838,1.9103642702102661,1.9103642702102661,22400,0.0,0.0
1987-03-19 00:00:00-05:00,1.9402140378952026,1.9402140378952026,1.9402140378952026,1.9402140378952026,29600,0.0,0.0
1987-03-20 00:00:00-05:00,1.9402137119323015,1.9402137119323015,1.9103642702102661,1.9103642702102661,15200,0.0,0.0
1987-03-23 00:00:00-05:00,1.9103642702102661,1.9103642702102661,1.9103642702102661,1.9103642702102661,48800,0.0,0.0
1987-03-24 00:00:00-05:00,1.9103642702102661,1.9103642702102661,1.9103642702102661,1.9103642702102661,8800,0.0,0.0
1987-03-25 00:00:00-05:00,1.9103642702102661,1.9402137119323015,1.9103642702102661,1.9103642702102661,13600,0.0,0.0
1987-03-26 00:00:00-05:00,1.9103643355831024,1.9402137783265883,1.8506654500961304,1.8506654500961304,508800,0.0,0.0
1987-03-27 00:00:00-05:00,1.8954395493492484,1.9103642702102661,1.8954395493492484,1.9103642702102661,208000,0.0,0.0
1987-03-30 00:00:00-05:00,1.9103640601748513,1.9103640601748513,1.8805146217346191,1.8805146217346191,11200,0.0,0.0
1987-03-31 00:00:00-05:00,1.9103642702102661,1.9103642702102661,1.9103642702102661,1.9103642702102661,40800,0.0,0.0
1987-04-01 00:00:00-05:00,1.9103645865372785,1.9103645865372785,1.8805151398726334,1.895439863204956,141600,0.0,0.0
1987-04-02 00:00:00-05:00,1.8954393409547352,1.9402134986150834,1.8805146217346191,1.8805146217346191,6400,0.0,0.0
1987-04-03 00:00:00-05:00,1.880515144421504,1.9402140378952026,1.880515144421504,1.9402140378952026,104000,0.0,0.0
1987-04-06 00:00:00-04:00,1.9402134986150834,1.9402134986150834,1.8805146217346191,1.8805146217346191,32800,0.0,0.0
1987-04-07 00:00:00-04:00,1.8805149956183,1.970063328742981,1.8805149956183,1.970063328742981,43200,0.0,0.0
1987-04-08 00:00:00-04:00,1.9402140378952026,1.9402140378952026,1.9402140378952026,1.9402140378952026,1600,0.0,0.0
1987-04-09 00:00:00-04:00,1.9402140378952026,1.9402140378952026,1.9402140378952026,1.9402140378952026,800,0.0,0.0
1987-04-10 00:00:00-04:00,1.9103640601748513,1.9103640601748513,1.7909663064139232,1.8805146217346191,172800,0.0,0.0
1987-04-13 00:00:00-04:00,1.8805146217346191,1.8805146217346191,1.7909663064139232,1.8805146217346191,130400,0.0,0.0
1987-04-14 00:00:00-04:00,1.8805146217346191,1.8805146217346191,1.8805146217346191,1.8805146217346191,5600,0.0,0.0
1987-04-15 00:00:00-04:00,1.8805146217346191,1.8805146217346191,1.8805146217346191,1.8805146217346191,1600,0.0,0.0
1987-04-16 00:00:00-04:00,1.8805146217346191,1.8805146217346191,1.7909663064139232,1.8805146217346191,4800,0.0,0.0
1987-04-20 00:00:00-04:00,1.8506653944651286,1.8506653944651286,1.790966510772705,1.790966510772705,14400,0.0,0.0
1987-04-21 00:00:00-04:00,1.790966510772705,1.790966510772705,1.790966510772705,1.790966510772705,11200,0.0,0.0
1987-04-22 00:00:00-04:00,1.8506654500961304,1.8506654500961304,1.8506654500961304,1.8506654500961304,800,0.0,0.0
1987-04-23 00:00:00-04:00,1.8506653944651286,1.8506653944651286,1.790966510772705,1.790966510772705,4000,0.0,0.0
1987-04-24 00:00:00-04:00,1.7909665646091584,1.8506654500961304,1.7909665646091584,1.8506654500961304,4000,0.0,0.0
1987-04-27 00:00:00-04:00,1.790966510772705,1.790966510772705,1.790966510772705,1.790966510772705,11200,0.0,0.0
1987-04-28 00:00:00-04:00,1.790966510772705,1.790966510772705,1.790966510772705,1.790966510772705,22400,0.0,0.0
1987-04-29 00:00:00-04:00,1.790966300641076,1.820815738985094,1.761116862297058,1.761116862297058,4800,0.0,0.0
1987-04-30 00:00:00-04:00,1.761116862297058,1.761116862297058,1.761116862297058,1.761116862297058,0,0.0,0.0
1987-05-01 00:00:00-04:00,1.7611170689264932,1.790966510772705,1.7611170689264932,1.790966510772705,5600,0.0,0.0
1987-05-04 00:00:00-04:00,1.790966300641076,1.790966300641076,1.761116862297058,1.761116862297058,21600,0.0,0.0
1987-05-05 00:00:00-04:00,1.7611170689264932,1.805891231695811,1.7611170689264932,1.790966510772705,59200,0.0,0.0
1987-05-06 00:00:00-04:00,1.790966510772705,1.790966510772705,1.790966510772705,1.790966510772705,0,0.0,0.0
1987-05-07 00:00:00-04:00,1.790966510772705,1.8506653944651286,1.7312676270802816,1.790966510772705,169600,0.0,0.0
1987-05-08 00:00:00-04:00,1.8058911561965942,1.8208158764957396,1.8058911561965942,1.8058911561965942,21600,0.0,0.0
1987-05-11 00:00:00-04:00,1.805891231695811,1.8208159526189167,1.790966510772705,1.790966510772705,9600,0.0,0.0
1987-05-12 00:00:00-04:00,1.790966510772705,1.8208159526189167,1.790966510772705,1.790966510772705,14400,0.0,0.0
1987-05-13 00:00:00-04:00,1.8058910819350695,1.8208158016204834,1.8058910819350695,1.8208158016204834,10400,0.0,0.0
1987-05-14 00:00:00-04:00,1.8208158016204834,1.8208158016204834,1.8208158016204834,1.8208158016204834,20000,0.0,0.0
1987-05-15 00:00:00-04:00,1.790966510772705,1.790966510772705,1.790966510772705,1.790966510772705,9600,0.0,0.0
1987-05-18 00:00:00-04:00,1.790966510772705,1.790966510772705,1.790966510772705,1.790966510772705,13600,0.0,0.0
1987-05-19 00:00:00-04:00,1.7909663622496557,1.8208158016204834,1.7909663622496557,1.8208158016204834,8800,0.0,0.0
1987-05-20 00:00:00-04:00,1.790966510772705,1.790966510772705,1.790966510772705,1.790966510772705,12800,0.0,0.0
1987-05-21 00:00:00-04:00,1.7909665646091584,1.8506654500961304,1.7909665646091584,1.8506654500961304,36000,0.0,0.0
1987-05-22 00:00:00-04:00,1.8506653944651286,1.8506653944651286,1.790966510772705,1.790966510772705,168800,0.0,0.0
1987-05-26 00:00:00-04:00,1.790966510772705,1.790966510772705,1.790966510772705,1.790966510772705,800,0.0,0.0
1987-05-27 00:00:00-04:00,1.7909663622496557,1.8357405213058973,1.7909663622496557,1.8208158016204834,138400,0.0,0.0
1987-05-28 00:00:00-04:00,1.790966510772705,1.790966510772705,1.790966510772705,1.790966510772705,1600,0.0,0.0
1987-05-29 00:00:00-04:00,1.790966510772705,1.790966510772705,1.790966510772705,1.790966510772705,800,0.0,0.0
1987-06-01 00:00:00-04:00,1.790966510772705,1.8805148363113402,1.790966510772705,1.790966510772705,12800,0.0,0.0
1987-06-02 00:00:00-04:00,1.8805146217346191,1.8805146217346191,1.8805146217346191,1.8805146217346191,1600,0.0,0.0
1987-06-03 00:00:00-04:00,1.8357406854629517,1.8357406854629517,1.7909665224028797,1.8357406854629517,19200,0.0,0.0
1987-06-04 00:00:00-04:00,1.8357406735420227,1.8506653944651286,1.790966510772705,1.790966510772705,194400,0.0,0.0
1987-06-05 00:00:00-04:00,1.790966510772705,1.8506653944651286,1.790966510772705,1.790966510772705,108800,0.0,0.0
1987-06-08 00:00:00-04:00,1.790966510772705,1.790966510772705,1.790966510772705,1.790966510772705,4000,0.0,0.0
1987-06-09 00:00:00-04:00,1.7909664532233929,1.7909664532233929,1.7312675714492798,1.7312675714492798,48800,0.0,0.0
1987-06-10 00:00:00-04:00,1.7312675714492798,1.7909664532233929,1.7312675714492798,1.7312675714492798,1600,0.0,0.0
1987-06-11 00:00:00-04:00,1.790966510772705,1.790966510772705,1.790966510772705,1.790966510772705,800,0.0,0.0
1987-06-12 00:00:00-04:00,1.790966510772705,1.790966510772705,1.790966510772705,1.790966510772705,2400,0.0,0.0
1987-06-15 00:00:00-04:00,1.790966510772705,1.790966510772705,1.7014181852340697,1.790966510772705,48000,0.0,0.0
1987-06-16 00:00:00-04:00,1.790966300641076,1.790966300641076,1.7014179856090224,1.761116862297058,168000,0.0,0.0
1987-06-17 00:00:00-04:00,1.7312676028201455,1.7312676028201455,1.701418161392212,1.701418161392212,32000,0.0,0.0
1987-06-18 00:00:00-04:00,1.7014179856090224,1.761116862297058,1.7014179856090224,1.761116862297058,44000,0.0,0.0
1987-06-19 00:00:00-04:00,1.761116862297058,1.776041581469067,1.7014179856090224,1.761116862297058,44800,0.0,0.0
1987-06-22 00:00:00-04:00,1.761116862297058,1.761116862297058,1.761116862297058,1.761116862297058,1600,0.0,0.0
1987-06-23 00:00:00-04:00,1.7611170689264932,1.790966510772705,1.7312676270802816,1.790966510772705,208800,0.0,0.0
1987-06-24 00:00:00-04:00,1.7909664532233929,1.7909664532233929,1.7312675714492798,1.7312675714492798,11200,0.0,0.0
1987-06-25 00:00:00-04:00,1.790966510772705,1.790966510772705,1.790966510772705,1.790966510772705,800,0.0,0.0
1987-06-26 00:00:00-04:00,1.790966510772705,1.790966510772705,1.790966510772705,1.790966510772705,84000,0.0,0.0
1987-06-29 00:00:00-04:00,1.790966510772705,1.790966510772705,1.7611170689264932,1.790966510772705,18400,0.0,0.0
1987-06-30 00:00:00-04:00,1.790966510772705,1.8506653944651286,1.7760417898495993,1.790966510772705,48000,0.0,0.0
1987-07-01 00:00:00-04:00,1.7909663622496557,1.8208158016204834,1.7909663622496557,1.8208158016204834,162400,0.0,0.0
1987-07-02 00:00:00-04:00,1.8208159644429276,1.8506654064829755,1.8058912434229035,1.8357406854629517,440800,0.0,0.0
1987-07-06 00:00:00-04:00,1.8357405213058973,1.8805146803621386,1.8208158016204834,1.8208158016204834,15200,0.0,0.0
1987-07-07 00:00:00-04:00,1.8208158016204834,1.8805146803621386,1.8208158016204834,1.8208158016204834,185600,0.0,0.0
1987-07-08 00:00:00-04:00,1.8208158016204834,1.8805146803621386,1.8208158016204834,1.8208158016204834,7200,0.0,0.0
1987-07-09 00:00:00-04:00,1.8208158016204834,1.8805146803621386,1.8208158016204834,1.8208158016204834,1600,0.0,0.0
1987-07-10 00:00:00-04:00,1.820815744854155,1.8805146217346191,1.820815744854155,1.8805146217346191,10400,0.0,0.0
1987-07-13 00:00:00-04:00,1.8805146803621386,1.8805146803621386,1.8208158016204834,1.8208158016204834,48800,0.0,0.0
1987-07-14 00:00:00-04:00,1.8208158016204834,1.8805146803621386,1.8208158016204834,1.8208158016204834,82400,0.0,0.0
1987-07-15 00:00:00-04:00,1.8208162509478054,1.9402140378952026,1.8208162509478054,1.9402140378952026,148000,0.0,0.0
1987-07-16 00:00:00-04:00,1.9402134986150834,1.9402134986150834,1.8805146217346191,1.8805146217346191,11200,0.0,0.0
1987-07-17 00:00:00-04:00,1.880515144421504,1.9402140378952026,1.880515144421504,1.9402140378952026,8000,0.0,0.0
1987-07-20 00:00:00-04:00,1.8805146217346191,1.8805146217346191,1.8805146217346191,1.8805146217346191,9600,0.0,0.0
1987-07-21 00:00:00-04:00,1.880515144421504,1.9402140378952026,1.880515144421504,1.9402140378952026,16800,0.0,0.0
1987-07-22 00:00:00-04:00,1.9402137119323015,1.9402137119323015,1.7909665033221245,1.9103642702102661,434400,0.0,0.0
1987-07-23 00:00:00-04:00,1.9103642702102661,1.9402137119323015,1.8805148284882307,1.9103642702102661,13600,0.0,0.0
1987-07-24 00:00:00-04:00,1.9103642702102661,1.9402137119323015,1.8506653867661953,1.9103642702102661,296800,0.0,0.0
1987-07-27 00:00:00-04:00,1.9103642702102661,1.9402137119323015,1.9103642702102661,1.9103642702102661,3200,0.0,0.0
1987-07-28 00:00:00-04:00,1.9103645911583533,1.9402140378952026,1.9103645911583533,1.9402140378952026,52000,0.0,0.0
1987-07-29 00:00:00-04:00,1.8805146217346191,1.8805146217346191,1.8805146217346191,1.8805146217346191,800,0.0,0.0
1987-07-30 00:00:00-04:00,1.9103645911583533,1.9999129313689012,1.9103645911583533,1.9402140378952026,51200,0.0,0.0
1987-07-31 00:00:00-04:00,1.970063328742981,2.029762217492768,1.970063328742981,1.970063328742981,29600,0.0,0.0
1987-08-03 00:00:00-04:00,1.9700629150166231,2.029761791229248,1.9700629150166231,2.029761791229248,5600,0.0,0.0
1987-08-04 00:00:00-04:00,2.029762217492768,2.029762217492768,1.970063328742981,1.970063328742981,6400,0.0,0.0
1987-08-05 00:00:00-04:00,1.970063328742981,1.970063328742981,1.970063328742981,1.970063328742981,0,0.0,0.0
1987-08-06 00:00:00-04:00,1.9700631775073152,1.9999126195907593,1.9700631775073152,1.9999126195907593,12800,0.0,0.0
1987-08-07 00:00:00-04:00,1.9999123531229357,2.029761791229248,1.9700629150166231,2.029761791229248,31200,0.0,0.0
1987-08-10 00:00:00-04:00,2.029762217492768,2.029762217492768,1.970063328742981,1.970063328742981,38400,0.0,0.0
1987-08-11 00:00:00-04:00,1.9700633117130824,2.089461088180542,1.9700633117130824,2.089461088180542,102400,0.0,0.0
1987-08-12 00:00:00-04:00,2.0894604202703384,2.119309854845629,2.029761551119757,2.1043851375579834,113600,0.0,0.0
1987-08-13 00:00:00-04:00,2.104385479636814,2.1193101993505503,2.0596113204956055,2.0596113204956055,12800,0.0,0.0
1987-08-14 00:00:00-04:00,2.0596119645354034,2.298407554626465,2.0596119645354034,2.298407554626465,63200,0.0,0.0
1987-08-17 00:00:00-04:00,2.2984072315065482,2.2984072315065482,2.179009453246468,2.2685577869415283,27200,0.0,0.0
1987-08-18 00:00:00-04:00,2.2685577706114888,2.2685577706114888,2.179009437561035,2.179009437561035,121600,0.0,0.0
1987-08-19 00:00:00-04:00,2.179009437561035,2.2685577706114888,2.179009437561035,2.179009437561035,10400,0.0,0.0
1987-08-20 00:00:00-04:00,2.179009370803833,2.26855770111084,2.179009370803833,2.238708257675171,29600,0.0,0.0
1987-08-21 00:00:00-04:00,2.2088588819111865,2.2088588819111865,2.119310548860733,2.179009437561035,44800,0.0,0.0
1987-08-24 00:00:00-04:00,2.1193103790283203,2.1193103790283203,2.0596114951120295,2.1193103790283203,7200,0.0,0.0
1987-08-25 00:00:00-04:00,2.1193103790283203,2.1193103790283203,2.089460937070175,2.1193103790283203,44000,0.0,0.0
1987-08-26 00:00:00-04:00,2.1193103790283203,2.1193103790283203,2.1193103790283203,2.1193103790283203,4800,0.0,0.0
1987-08-27 00:00:00-04:00,2.1193103790283203,2.1193103790283203,2.0596114951120295,2.1193103790283203,7200,0.0,0.0
1987-08-28 00:00:00-04:00,2.1193104651239185,2.1491599082946777,2.0596115787823996,2.1491599082946777,124000,0.0,0.0
1987-08-31 00:00:00-04:00,2.1491599932108842,2.179009437561035,2.1491599932108842,2.179009437561035,12800,0.0,0.0
1987-09-01 00:00:00-04:00,2.1790093514654374,2.1790093514654374,2.089461021953159,2.1491599082946777,121600,0.0,0.0
1987-09-02 00:00:00-04:00,2.1491599082946777,2.1491599082946777,2.1193104651239185,2.1491599082946777,56800,0.0,0.0
1987-09-03 00:00:00-04:00,2.149159927368164,2.238708257675171,2.119310483932495,2.238708257675171,92000,0.0,0.0
1987-09-04 00:00:00-04:00,2.2387079290441565,2.2387079290441565,2.2088584899902344,2.2088584899902344,40800,0.0,0.0
1987-09-08 00:00:00-04:00,2.2088584899902344,2.2387079290441565,2.2088584899902344,2.2088584899902344,242400,0.0,0.0
1987-09-09 00:00:00-04:00,2.2088584899902344,2.2685573680980786,2.2088584899902344,2.2088584899902344,4800,0.0,0.0
1987-09-10 00:00:00-04:00,2.238708231822554,2.477503776550293,2.238708231822554,2.477503776550293,202400,0.0,0.0
1987-09-11 00:00:00-04:00,2.477503776550293,2.477503776550293,2.3581060041864235,2.477503776550293,144800,0.0,0.0
1987-09-14 00:00:00-04:00,2.47750301361084,2.47750301361084,2.3879547119140625,2.462578296661377,241600,0.0,0.0
1987-09-15 00:00:00-04:00,2.462578248686907,2.4775029653456153,2.358105232075947,2.4476535320281982,57600,0.0,0.0
1987-09-16 00:00:00-04:00,2.4476537281953834,2.4476537281953834,2.358105421066284,2.358105421066284,22400,0.0,0.0
1987-09-17 00:00:00-04:00,2.358105232075947,2.4476535320281982,2.358105232075947,2.4476535320281982,260800,0.0,0.0
1987-09-18 00:00:00-04:00,2.4476537281953834,2.4476537281953834,2.358105421066284,2.358105421066284,36800,0.0,0.0
1987-09-21 00:00:00-04:00,2.4476535320281982,2.4476535320281982,2.4476535320281982,2.4476535320281982,2400,0.0,0.0
1987-09-22 00:00:00-04:00,2.417804718017578,2.417804718017578,2.358105836091218,2.417804718017578,71200,0.0,0.0
1987-09-23 00:00:00-04:00,2.387954856775984,2.387954856775984,2.268557113937185,2.358105421066284,53600,0.0,0.0
1987-09-24 00:00:00-04:00,2.328256368637085,2.328256368637085,2.2984069280135326,2.328256368637085,40000,0.0,0.0
1987-09-25 00:00:00-04:00,2.2984072315065482,2.2984072315065482,2.2685577869415283,2.2685577869415283,31200,0.0,0.0
1987-09-28 00:00:00-04:00,2.2685577869415283,2.2685577869415283,2.208858897811488,2.2685577869415283,32800,0.0,0.0
1987-09-29 00:00:00-04:00,2.2685575888190472,2.2685575888190472,1.9999126111957388,2.1193103790283203,129600,0.0,0.0
1987-09-30 00:00:00-04:00,2.119310172828468,2.2088584899902344,2.119310172828468,2.2088584899902344,74400,0.0,0.0
1987-10-01 00:00:00-04:00,2.238708257675171,2.2984071445465086,2.238708257675171,2.238708257675171,48000,0.0,0.0
1987-10-02 00:00:00-04:00,2.328256368637085,2.328256368637085,2.328256368637085,2.328256368637085,1600,0.0,0.0
1987-10-05 00:00:00-04:00,2.3282566760715686,2.3282566760715686,2.2685577869415283,2.2685577869415283,29600,0.0,0.0
1987-10-06 00:00:00-04:00,2.2685577869415283,2.3282566760715686,2.2685577869415283,2.2685577869415283,31200,0.0,0.0
1987-10-07 00:00:00-04:00,2.2685577869415283,2.2984072315065482,2.2387083423765084,2.2685577869415283,320000,0.0,0.0
1987-10-08 00:00:00-04:00,2.2685577869415283,2.2984072315065482,2.2387083423765084,2.2685577869415283,23200,0.0,0.0
1987-10-09 00:00:00-04:00,2.26855770111084,2.2984071445465086,2.238708257675171,2.238708257675171,4000,0.0,0.0
1987-10-12 00:00:00-04:00,2.2387079290441565,2.2984068071520007,2.2088584899902344,2.2088584899902344,43200,0.0,0.0
1987-10-13 00:00:00-04:00,2.208858814239502,2.26855770111084,2.179009370803833,2.238708257675171,24000,0.0,0.0
1987-10-14 00:00:00-04:00,2.238708257675171,2.238708257675171,2.238708257675171,2.238708257675171,5600,0.0,0.0
1987-10-15 00:00:00-04:00,2.238708257675171,2.238708257675171,2.238708257675171,2.238708257675171,4800,0.0,0.0
1987-10-16 00:00:00-04:00,2.1790090782054956,2.1790090782054956,2.0596113204956055,2.0596113204956055,119200,0.0,0.0
1987-10-19 00:00:00-04:00,2.0596112293355606,2.0596112293355606,1.9402134769103108,2.029761791229248,40000,0.0,0.0
1987-10-20 00:00:00-04:00,1.9551384996983314,1.9551384996983314,1.8506654500961304,1.8506654500961304,71200,0.0,0.0
1987-10-21 00:00:00-04:00,1.8506651832943872,1.9103640601748513,1.8506651832943872,1.8805146217346191,93600,0.0,0.0
1987-10-22 00:00:00-04:00,1.790966300641076,1.790966300641076,1.6715685472650044,1.761116862297058,80800,0.0,0.0
1987-10-23 00:00:00-04:00,1.761117044248079,1.761117044248079,1.6417192785363448,1.701418161392212,100800,0.0,0.0
1987-10-26 00:00:00-05:00,1.641719388961792,1.641719388961792,1.4924721717834473,1.4924721717834473,36800,0.0,0.0
1987-10-27 00:00:00-05:00,1.492472022187476,1.552170903074975,1.4327731412999771,1.5223214626312256,114400,0.0,0.0
1987-10-28 00:00:00-05:00,1.4924722247653537,1.4924722247653537,1.3432250022888184,1.3432250022888184,60000,0.0,0.0
1987-10-29 00:00:00-05:00,1.343224857534681,1.402923740091778,1.1641282098633903,1.2536765336990356,255200,0.0,0.0
1987-10-30 00:00:00-05:00,1.3432249546051025,1.5223216152191161,1.3432249546051025,1.4924721717834473,301600,0.0,0.0
1987-11-02 00:00:00-05:00,1.4924722413221994,1.4924722413221994,1.4327733516693115,1.4327733516693115,15200,0.0,0.0
1987-11-03 00:00:00-05:00,1.4327730510545813,1.5223213667454927,1.3730741739273071,1.3730741739273071,44000,0.0,0.0
1987-11-04 00:00:00-05:00,1.4327733516693115,1.4327733516693115,1.4327733516693115,1.4327733516693115,4000,0.0,0.0
1987-11-05 00:00:00-05:00,1.4029236583299534,1.4029236583299534,1.313375339713148,1.3879989385604858,66400,0.0,0.0
1987-11-06 00:00:00-05:00,1.4327733516693115,1.4327733516693115,1.4327733516693115,1.4327733516693115,6400,0.0,0.0
1987-11-09 00:00:00-05:00,1.4327731412999771,1.5223214626312256,1.4327731412999771,1.5223214626312256,52800,0.0,0.0
1987-11-10 00:00:00-05:00,1.5223216666625097,1.5521711111068726,1.4327733333294208,1.5521711111068726,16800,0.0,0.0
1987-11-11 00:00:00-05:00,1.4924721717834473,1.4924721717834473,1.4924721717834473,1.4924721717834473,2400,0.0,0.0
1987-11-12 00:00:00-05:00,1.55217115967362,1.6118700504302979,1.55217115967362,1.6118700504302979,2400,0.0,0.0
1987-11-13 00:00:00-05:00,1.5820205211639404,1.5820205211639404,1.5820205211639404,1.5820205211639404,1600,0.0,0.0
1987-11-16 00:00:00-05:00,1.5820203435187246,1.611869783962474,1.5223214626312256,1.5223214626312256,4800,0.0,0.0
1987-11-17 00:00:00-05:00,1.5521711111068726,1.5521711111068726,1.5521711111068726,1.5521711111068726,1600,0.0,0.0
1987-11-18 00:00:00-05:00,1.4924721717834473,1.4924721717834473,1.4924721717834473,1.4924721717834473,16800,0.0,0.0
1987-11-19 00:00:00-05:00,1.4924721514925043,1.5223215945223545,1.402923822402954,1.402923822402954,124000,0.0,0.0
1987-11-20 00:00:00-05:00,1.4029239068428674,1.4327733516693115,1.3730744620164235,1.4327733516693115,3200,0.0,0.0
1987-11-23 00:00:00-05:00,1.4327733516693115,1.4327733516693115,1.4327733516693115,1.4327733516693115,0,0.0,0.0
1987-11-24 00:00:00-05:00,1.3730741739273071,1.3730741739273071,1.3730741739273071,1.3730741739273071,4000,0.0,0.0
1987-11-25 00:00:00-05:00,1.4327733516693115,1.4327733516693115,1.4327733516693115,1.4327733516693115,800,0.0,0.0
1987-11-27 00:00:00-05:00,1.3730741739273071,1.3730741739273071,1.3730741739273071,1.3730741739273071,8000,0.0,0.0
1987-11-30 00:00:00-05:00,1.3133754162561324,1.3133754162561324,1.2536765336990356,1.2536765336990356,25600,0.0,0.0
1987-12-01 00:00:00-05:00,1.253676668802897,1.3432250022888184,1.253676668802897,1.3432250022888184,378400,0.0,0.0
1987-12-02 00:00:00-05:00,1.3133750659663503,1.3133750659663503,1.2238267660140991,1.2238267660140991,10400,0.0,0.0
1987-12-03 00:00:00-05:00,1.2238269120454788,1.313375222682953,1.1939774751663208,1.1939774751663208,8000,0.0,0.0
1987-12-04 00:00:00-05:00,1.1939776249420948,1.2536765061891997,1.1342787436949902,1.1641281843185425,34400,0.0,0.0
1987-12-07 00:00:00-05:00,1.1641283380357843,1.1939777826008044,1.1342788934707642,1.1342788934707642,28800,0.0,0.0
1987-12-08 00:00:00-05:00,1.1342786014080048,1.1939774751663208,1.1044291645288469,1.1939774751663208,3200,0.0,0.0
1987-12-09 00:00:00-05:00,1.1939777826008044,1.2238272271658246,1.104429448905744,1.1342788934707642,12000,0.0,0.0
1987-12-10 00:00:00-05:00,1.193977332696682,1.2536761993315162,1.193977332696682,1.2238267660140991,141600,0.0,0.0
1987-12-11 00:00:00-05:00,1.2238269120454788,1.283525785803795,1.1939774751663208,1.1939774751663208,22400,0.0,0.0
1987-12-14 00:00:00-05:00,1.283526062965393,1.283526062965393,1.283526062965393,1.283526062965393,11200,0.0,0.0
1987-12-15 00:00:00-05:00,1.283526062965393,1.283526062965393,1.283526062965393,1.283526062965393,0,0.0,0.0
1987-12-16 00:00:00-05:00,1.2835261275370915,1.5223216861486435,1.2536766827106476,1.4327733516693115,93600,0.0,0.0
1987-12-17 00:00:00-05:00,1.4327733516693115,1.4327733516693115,1.4327733516693115,1.4327733516693115,10400,0.0,0.0
1987-12-18 00:00:00-05:00,1.402923822402954,1.402923822402954,1.402923822402954,1.402923822402954,9600,0.0,0.0
1987-12-21 00:00:00-05:00,1.4029237008562274,1.5223214626312256,1.4029237008562274,1.5223214626312256,60800,0.0,0.0
1987-12-22 00:00:00-05:00,1.402923822402954,1.402923822402954,1.402923822402954,1.402923822402954,6400,0.0,0.0
1987-12-23 00:00:00-05:00,1.402923822402954,1.402923822402954,1.402923822402954,1.402923822402954,14400,0.0,0.0
1987-12-24 00:00:00-05:00,1.402923822402954,1.402923822402954,1.402923822402954,1.402923822402954,0,0.0,0.0
1987-12-28 00:00:00-05:00,1.4924721717834473,1.5223216152191161,1.4924721717834473,1.4924721717834473,7200,0.0,0.0
1987-12-29 00:00:00-05:00,1.402923822402954,1.402923822402954,1.402923822402954,1.402923822402954,800,0.0,0.0
1987-12-30 00:00:00-05:00,1.4029237008562274,1.5223214626312256,1.4029237008562274,1.5223214626312256,4000,0.0,0.0
1987-12-31 00:00:00-05:00,1.4327732654328043,1.4327732654328043,1.402923822402954,1.402923822402954,178400,0.0,0.0
1988-01-04 00:00:00-05:00,1.402923822402954,1.402923822402954,1.402923822402954,1.402923822402954,0,0.0,0.0
1988-01-05 00:00:00-05:00,1.4327733021862101,1.5820205211639404,1.4327733021862101,1.5820205211639404,180800,0.0,0.0
1988-01-06 00:00:00-05:00,1.5820205211639404,1.5820205211639404,1.4924721897773023,1.5820205211639404,56800,0.0,0.0
1988-01-07 00:00:00-05:00,1.5521711111068726,1.5521711111068726,1.5521711111068726,1.5521711111068726,51200,0.0,0.0
1988-01-08 00:00:00-05:00,1.5521711111068726,1.5521711111068726,1.5521711111068726,1.5521711111068726,3200,0.0,0.0
1988-01-11 00:00:00-05:00,1.5521710773683943,1.5820205211639404,1.5521710773683943,1.5820205211639404,64000,0.0,0.0
1988-01-12 00:00:00-05:00,1.5820205211639404,1.5820205211639404,1.4924721897773023,1.5820205211639404,4800,0.0,0.0
1988-01-13 00:00:00-05:00,1.5820205211639404,1.5820205211639404,1.5820205211639404,1.5820205211639404,4000,0.0,0.0
1988-01-14 00:00:00-05:00,1.5820205211639404,1.5820205211639404,1.4924721897773023,1.5820205211639404,151200,0.0,0.0
1988-01-15 00:00:00-05:00,1.5820205211639404,1.5820205211639404,1.5820205211639404,1.5820205211639404,0,0.0,0.0
1988-01-18 00:00:00-05:00,1.5820204561406916,1.6417193412780762,1.5521710135719993,1.6417193412780762,427200,0.0,0.0
1988-01-19 00:00:00-05:00,1.6417190751859119,1.671568512916565,1.552170761993953,1.671568512916565,22400,0.0,0.0
1988-01-20 00:00:00-05:00,1.671568512916565,1.671568512916565,1.671568512916565,1.671568512916565,4000,0.0,0.0
1988-01-21 00:00:00-05:00,1.6267947222177799,1.6267947222177799,1.5521711111068726,1.5521711111068726,24000,0.0,0.0
1988-01-22 00:00:00-05:00,1.5521711111068726,1.6417194444399614,1.5521711111068726,1.5521711111068726,10400,0.0,0.0
1988-01-25 00:00:00-05:00,1.5521711111068726,1.5521711111068726,1.5521711111068726,1.5521711111068726,17600,0.0,0.0
1988-01-26 00:00:00-05:00,1.552170903074975,1.611869783962474,1.5223214626312256,1.5223214626312256,6400,0.0,0.0
1988-01-27 00:00:00-05:00,1.5223216335728482,1.5820205211639404,1.5223216335728482,1.5820205211639404,69600,0.0,0.0
1988-01-28 00:00:00-05:00,1.5820205211639404,1.5820205211639404,1.5820205211639404,1.5820205211639404,0,0.0,0.0
1988-01-29 00:00:00-05:00,1.5521711111068726,1.5521711111068726,1.5223216666625097,1.5521711111068726,15200,0.0,0.0
1988-02-01 00:00:00-05:00,1.552170903074975,1.5820203435187246,1.5223214626312256,1.5223214626312256,10400,0.0,0.0
1988-02-02 00:00:00-05:00,1.5223214626312256,1.5820203435187246,1.5223214626312256,1.5223214626312256,4000,0.0,0.0
1988-02-03 00:00:00-05:00,1.5223217142952812,1.6118700504302979,1.5223217142952812,1.6118700504302979,576000,0.0,0.0
1988-02-04 00:00:00-05:00,1.611869783962474,1.611869783962474,1.5223214626312256,1.5223214626312256,11200,0.0,0.0
1988-02-05 00:00:00-05:00,1.6118700504302979,1.6118700504302979,1.6118700504302979,1.6118700504302979,9600,0.0,0.0
1988-02-08 00:00:00-05:00,1.5820205555512354,1.5820205555512354,1.5223216666625097,1.5521711111068726,200000,0.0,0.0
1988-02-09 00:00:00-05:00,1.5670956373214722,1.5670956373214722,1.5670956373214722,1.5670956373214722,48000,0.0,0.0
1988-02-10 00:00:00-05:00,1.5521711111068726,1.5521711111068726,1.5521711111068726,1.5521711111068726,2400,0.0,0.0
1988-02-11 00:00:00-05:00,1.582020605051959,1.7014183865653143,1.582020605051959,1.6118700504302979,58400,0.0,0.0
1988-02-12 00:00:00-05:00,1.64171924878811,1.7312675714492798,1.64171924878811,1.7312675714492798,32800,0.0,0.0
1988-02-16 00:00:00-05:00,1.7312675714492798,1.7312675714492798,1.7312675714492798,1.7312675714492798,0,0.0,0.0
1988-02-17 00:00:00-05:00,1.701418226415461,1.701418226415461,1.6417193412780762,1.6417193412780762,6400,0.0,0.0
1988-02-18 00:00:00-05:00,1.6417193412780762,1.6417193412780762,1.6417193412780762,1.6417193412780762,5600,0.0,0.0
1988-02-19 00:00:00-05:00,1.6715687199642784,1.701418161392212,1.6715687199642784,1.701418161392212,28000,0.0,0.0
1988-02-22 00:00:00-05:00,1.7312675714492798,1.7312675714492798,1.7312675714492798,1.7312675714492798,4000,0.0,0.0
1988-02-23 00:00:00-05:00,1.7014179506472178,1.7014179506472178,1.671568512916565,1.671568512916565,44800,0.0,0.0
1988-02-24 00:00:00-05:00,1.6715685472650044,1.761116862297058,1.6715685472650044,1.761116862297058,332800,0.0,0.0
1988-02-25 00:00:00-05:00,1.761116862297058,1.790966300641076,1.761116862297058,1.761116862297058,81600,0.0,0.0
1988-02-26 00:00:00-05:00,1.7611170689264932,1.790966510772705,1.7014181852340697,1.790966510772705,3200,0.0,0.0
1988-02-29 00:00:00-05:00,1.7909664532233929,1.7909664532233929,1.7014181305622231,1.7312675714492798,109600,0.0,0.0
1988-03-01 00:00:00-05:00,1.7611170689264932,1.8805148363113402,1.7611170689264932,1.790966510772705,789600,0.0,0.0
1988-03-02 00:00:00-05:00,1.7909663064139232,1.8805146217346191,1.7909663064139232,1.8805146217346191,74400,0.0,0.0
1988-03-03 00:00:00-05:00,1.8805146803621386,1.8805146803621386,1.8208158016204834,1.8208158016204834,249600,0.0,0.0
1988-03-04 00:00:00-05:00,1.820815744854155,1.8805146217346191,1.820815744854155,1.8805146217346191,20000,0.0,0.0
1988-03-07 00:00:00-05:00,1.8506654500961304,1.8506654500961304,1.8208160073526445,1.8506654500961304,29600,0.0,0.0
1988-03-08 00:00:00-05:00,1.8506653867661953,1.9402137119323015,1.8506653867661953,1.9103642702102661,207200,0.0,0.0
1988-03-09 00:00:00-05:00,1.9103645911583533,1.970063484632052,1.9103645911583533,1.9402140378952026,176000,0.0,0.0
1988-03-10 00:00:00-05:00,1.9402140378952026,1.9402140378952026,1.9103645911583533,1.9402140378952026,89600,0.0,0.0
1988-03-11 00:00:00-05:00,1.9402137119323015,1.9999125953763723,1.9103642702102661,1.9103642702102661,110400,0.0,0.0
1988-03-14 00:00:00-05:00,1.9103642702102661,1.9999125953763723,1.9103642702102661,1.9103642702102661,48000,0.0,0.0
1988-03-15 00:00:00-05:00,1.9103645911583533,1.970063484632052,1.9103645911583533,1.9402140378952026,86400,0.0,0.0
1988-03-16 00:00:00-05:00,1.9402137119323015,1.970063153654337,1.8805148284882307,1.9103642702102661,46400,0.0,0.0
1988-03-17 00:00:00-05:00,1.8805146217346191,1.8805146217346191,1.8805146217346191,1.8805146217346191,2400,0.0,0.0
1988-03-18 00:00:00-05:00,1.8805146217346191,1.9700629370553153,1.8805146217346191,1.8805146217346191,4800,0.0,0.0
1988-03-21 00:00:00-05:00,1.970063328742981,1.970063328742981,1.970063328742981,1.970063328742981,800,0.0,0.0
1988-03-22 00:00:00-05:00,1.8805146217346191,1.8805146217346191,1.8805146217346191,1.8805146217346191,800,0.0,0.0
1988-03-23 00:00:00-05:00,1.8805146217346191,1.8805146217346191,1.8805146217346191,1.8805146217346191,9600,0.0,0.0
1988-03-24 00:00:00-05:00,1.8805146217346191,1.9700629370553153,1.8805146217346191,1.8805146217346191,11200,0.0,0.0
1988-03-25 00:00:00-05:00,1.8805146217346191,1.9700629370553153,1.8805146217346191,1.8805146217346191,4800,0.0,0.0
1988-03-28 00:00:00-05:00,1.8805146217346191,1.9103640601748513,1.8805146217346191,1.8805146217346191,260800,0.0,0.0
1988-03-29 00:00:00-05:00,1.8805146217346191,1.8805146217346191,1.8805146217346191,1.8805146217346191,800,0.0,0.0
1988-03-30 00:00:00-05:00,1.8805148284882307,1.9103642702102661,1.8805148284882307,1.9103642702102661,12000,0.0,0.0
1988-03-31 00:00:00-05:00,1.9103645911583533,1.9402140378952026,1.8506656976846547,1.9402140378952026,60800,0.0,0.0
1988-04-04 00:00:00-04:00,1.9402137783265883,1.9402137783265883,1.8506654500961304,1.8506654500961304,13600,0.0,0.0
1988-04-05 00:00:00-04:00,1.8506654500961304,1.9402137783265883,1.8506654500961304,1.8506654500961304,11200,0.0,0.0
1988-04-06 00:00:00-04:00,1.9402140378952026,1.9402140378952026,1.9402140378952026,1.9402140378952026,1600,0.0,0.0
1988-04-07 00:00:00-04:00,1.8506654500961304,1.8506654500961304,1.8506654500961304,1.8506654500961304,9600,0.0,0.0
1988-04-08 00:00:00-04:00,1.8506654500961304,1.8506654500961304,1.8506654500961304,1.8506654500961304,1600,0.0,0.0
1988-04-11 00:00:00-04:00,1.8506654500961304,1.8506654500961304,1.8506654500961304,1.8506654500961304,4800,0.0,0.0
1988-04-12 00:00:00-04:00,1.8506654500961304,1.8506654500961304,1.8506654500961304,1.8506654500961304,0,0.0,0.0
1988-04-13 00:00:00-04:00,1.8506654500961304,1.8506654500961304,1.8506654500961304,1.8506654500961304,9600,0.0,0.0
1988-04-14 00:00:00-04:00,1.8506654500961304,1.8506654500961304,1.8506654500961304,1.8506654500961304,1600,0.0,0.0
1988-04-15 00:00:00-04:00,1.8506656976846547,1.9402140378952026,1.8506656976846547,1.9402140378952026,86400,0.0,0.0
1988-04-18 00:00:00-04:00,1.9103642702102661,1.9103642702102661,1.9103642702102661,1.9103642702102661,800,0.0,0.0
1988-04-19 00:00:00-04:00,1.8655900955200195,1.8655900955200195,1.8506653747558592,1.8655900955200195,32000,0.0,0.0
1988-04-20 00:00:00-04:00,1.8655900955200195,1.8655900955200195,1.8655900955200195,1.8655900955200195,0,0.0,0.0
1988-04-21 00:00:00-04:00,1.8506654500961304,1.8506654500961304,1.8506654500961304,1.8506654500961304,10400,0.0,0.0
1988-04-22 00:00:00-04:00,1.8506654500961304,1.8506654500961304,1.8506654500961304,1.8506654500961304,0,0.0,0.0
1988-04-25 00:00:00-04:00,1.8208158016204834,1.8208158016204834,1.8208158016204834,1.8208158016204834,6400,0.0,0.0
1988-04-26 00:00:00-04:00,1.8506653867661953,1.9103642702102661,1.8506653867661953,1.9103642702102661,9600,0.0,0.0
1988-04-27 00:00:00-04:00,1.9103642702102661,1.9103642702102661,1.9103642702102661,1.9103642702102661,0,0.0,0.0
1988-04-28 00:00:00-04:00,1.8208158016204834,1.8208158016204834,1.8208158016204834,1.8208158016204834,8800,0.0,0.0
1988-04-29 00:00:00-04:00,1.8805151398726334,1.925289309869601,1.8805151398726334,1.895439863204956,2852000,0.0,0.0
1988-05-02 00:00:00-04:00,1.8954395493492484,1.9252889910712838,1.8954395493492484,1.9103642702102661,67200,0.0,0.0
1988-05-03 00:00:00-04:00,1.9103645865372785,1.9402140332019235,1.895439863204956,1.895439863204956,84000,0.0,0.0
1988-05-04 00:00:00-04:00,1.8954395493492484,1.9402137119323015,1.8954395493492484,1.9103642702102661,572800,0.0,0.0
1988-05-05 00:00:00-04:00,1.9103642702102661,1.9402137119323015,1.8805148284882307,1.9103642702102661,431200,0.0,0.0
1988-05-06 00:00:00-04:00,1.9103645865372785,1.9103645865372785,1.895439863204956,1.895439863204956,6400,0.0,0.0
1988-05-09 00:00:00-04:00,1.8954393409547352,1.8954393409547352,1.8805146217346191,1.8805146217346191,263200,0.0,0.0
1988-05-10 00:00:00-04:00,1.8805148162841796,1.89543953704834,1.8655900955200195,1.8655900955200195,372800,0.0,0.0
1988-05-11 00:00:00-04:00,1.8655901714678733,1.8805148928396165,1.8506654500961304,1.8506654500961304,42400,0.0,0.0
1988-05-12 00:00:00-04:00,1.8805146217346191,1.8805146217346191,1.8805146217346191,1.8805146217346191,800,0.0,0.0
1988-05-13 00:00:00-04:00,1.8805148284882307,1.9103642702102661,1.865590107627213,1.9103642702102661,64000,0.0,0.0
1988-05-16 00:00:00-04:00,1.9103640601748513,1.9252887793949673,1.8805146217346191,1.8805146217346191,25600,0.0,0.0
1988-05-17 00:00:00-04:00,1.8805145219314932,1.9252886772155762,1.8805145219314932,1.9252886772155762,5600,0.0,0.0
1988-05-18 00:00:00-04:00,1.9252887793949673,1.9252887793949673,1.8805146217346191,1.8805146217346191,48000,0.0,0.0
1988-05-19 00:00:00-04:00,1.8805145219314932,1.9252886772155762,1.8655898035034653,1.9252886772155762,9600,0.0,0.0
1988-05-20 00:00:00-04:00,1.8805146217346191,1.8805146217346191,1.8805146217346191,1.8805146217346191,16000,0.0,0.0
1988-05-23 00:00:00-04:00,1.8805148162841796,1.9103642578125,1.8655900955200195,1.8655900955200195,24000,0.0,0.0
1988-05-24 00:00:00-04:00,1.8655900955200195,1.89543953704834,1.8655900955200195,1.8655900955200195,4800,0.0,0.0
1988-05-25 00:00:00-04:00,1.8655900955200195,1.8655900955200195,1.8655900955200195,1.8655900955200195,0,0.0,0.0
1988-05-26 00:00:00-04:00,1.8506654500961304,1.8506654500961304,1.8506654500961304,1.8506654500961304,3200,0.0,0.0
1988-05-27 00:00:00-04:00,1.8506654500961304,1.8506654500961304,1.8506654500961304,1.8506654500961304,1600,0.0,0.0
1988-05-31 00:00:00-04:00,1.8805146217346191,1.8954393409547352,1.8805146217346191,1.8805146217346191,24800,0.0,0.0
1988-06-01 00:00:00-04:00,1.8805146217346191,1.9252887793949673,1.8805146217346191,1.8805146217346191,18400,0.0,0.0
1988-06-02 00:00:00-04:00,1.8805146217346191,1.8954393409547352,1.8805146217346191,1.8805146217346191,9600,0.0,0.0
1988-06-03 00:00:00-04:00,1.8805148284882307,1.9103642702102661,1.8805148284882307,1.9103642702102661,19200,0.0,0.0
1988-06-06 00:00:00-04:00,1.9103642702102661,1.9402137119323015,1.8954395493492484,1.9103642702102661,257600,0.0,0.0
1988-06-07 00:00:00-04:00,1.895439863204956,1.895439863204956,1.895439863204956,1.895439863204956,4800,0.0,0.0
1988-06-08 00:00:00-04:00,1.9252886772155762,1.9252886772155762,1.9252886772155762,1.9252886772155762,16800,0.0,0.0
1988-06-09 00:00:00-04:00,1.9252886772155762,1.9252886772155762,1.9252886772155762,1.9252886772155762,0,0.0,0.0
1988-06-10 00:00:00-04:00,1.9103642702102661,1.9103642702102661,1.9103642702102661,1.9103642702102661,8000,0.0,0.0
1988-06-13 00:00:00-04:00,1.9103642702102661,1.9551384327933192,1.9103642702102661,1.9103642702102661,386400,0.0,0.0
1988-06-14 00:00:00-04:00,1.9402140378952026,1.9849882080004766,1.9402140378952026,1.9402140378952026,152800,0.0,0.0
1988-06-15 00:00:00-04:00,1.9402140378952026,1.9402140378952026,1.9402140378952026,1.9402140378952026,4000,0.0,0.0
1988-06-16 00:00:00-04:00,1.9402133956436038,1.984987550927687,1.9252886772155762,1.9252886772155762,4000,0.0,0.0
1988-06-17 00:00:00-04:00,1.9252886772155762,1.984987550927687,1.9252886772155762,1.9252886772155762,2400,0.0,0.0
1988-06-20 00:00:00-04:00,1.925289314526778,1.9849882080004766,1.925289314526778,1.9402140378952026,32000,0.0,0.0
1988-06-21 00:00:00-04:00,1.9402140378952026,1.9849882080004766,1.9402140378952026,1.9402140378952026,8000,0.0,0.0
1988-06-22 00:00:00-04:00,1.9402138843680872,1.970063328742981,1.9402138843680872,1.970063328742981,8800,0.0,0.0
1988-06-23 00:00:00-04:00,1.970063484632052,1.9849882080004766,1.9402140378952026,1.9402140378952026,18400,0.0,0.0
1988-06-24 00:00:00-04:00,1.9402140378952026,1.9402140378952026,1.9402140378952026,1.9402140378952026,16000,0.0,0.0
1988-06-27 00:00:00-04:00,1.9402137119323015,1.9402137119323015,1.9103642702102661,1.9103642702102661,76800,0.0,0.0
1988-06-28 00:00:00-04:00,1.9103645911583533,1.9402140378952026,1.9103645911583533,1.9402140378952026,47200,0.0,0.0
1988-06-29 00:00:00-04:00,1.9402137119323015,1.9402137119323015,1.8805148284882307,1.9103642702102661,135200,0.0,0.0
1988-06-30 00:00:00-04:00,1.9103642702102661,1.9103642702102661,1.8506653867661953,1.9103642702102661,487200,0.0,0.0
1988-07-01 00:00:00-04:00,1.9103640601748513,1.9103640601748513,1.8506651832943872,1.8805146217346191,8800,0.0,0.0
1988-07-05 00:00:00-04:00,1.8805148928396165,1.8805148928396165,1.8208160073526445,1.8506654500961304,261600,0.0,0.0
1988-07-06 00:00:00-04:00,1.8506653944651286,1.8506653944651286,1.790966510772705,1.790966510772705,4000,0.0,0.0
1988-07-07 00:00:00-04:00,1.790966510772705,1.8506653944651286,1.7611170689264932,1.790966510772705,160000,0.0,0.0
1988-07-08 00:00:00-04:00,1.8506654500961304,1.8506654500961304,1.8506654500961304,1.8506654500961304,1600,0.0,0.0
1988-07-11 00:00:00-04:00,1.761116862297058,1.761116862297058,1.761116862297058,1.761116862297058,800,0.0,0.0
1988-07-12 00:00:00-04:00,1.761116862297058,1.790966300641076,1.7312674239530401,1.761116862297058,252800,0.0,0.0
1988-07-13 00:00:00-04:00,1.7611170123363362,1.7909664532233929,1.7312675714492798,1.7312675714492798,43200,0.0,0.0
1988-07-14 00:00:00-04:00,1.7909663622496557,1.8208158016204834,1.7909663622496557,1.8208158016204834,127200,0.0,0.0
1988-07-15 00:00:00-04:00,1.8208158016204834,1.8208158016204834,1.7909663622496557,1.8208158016204834,368800,0.0,0.0
1988-07-18 00:00:00-04:00,1.8208158016204834,1.8208158016204834,1.7909663622496557,1.8208158016204834,53600,0.0,0.0
1988-07-19 00:00:00-04:00,1.8208160073526445,1.8506654500961304,1.7909665646091584,1.8506654500961304,370400,0.0,0.0
1988-07-20 00:00:00-04:00,1.8805146217346191,1.8805146217346191,1.8805146217346191,1.8805146217346191,3200,0.0,0.0
1988-07-21 00:00:00-04:00,1.8805146217346191,1.8805146217346191,1.8805146217346191,1.8805146217346191,3200,0.0,0.0
1988-07-22 00:00:00-04:00,1.8805146803621386,1.8805146803621386,1.8208158016204834,1.8208158016204834,46400,0.0,0.0
1988-07-25 00:00:00-04:00,1.820815744854155,1.8805146217346191,1.820815744854155,1.8805146217346191,84800,0.0,0.0
1988-07-26 00:00:00-04:00,1.8805146217346191,1.8805146217346191,1.8506651832943872,1.8805146217346191,28800,0.0,0.0
1988-07-27 00:00:00-04:00,1.880515144421504,1.9402140378952026,1.880515144421504,1.9402140378952026,180000,0.0,0.0
1988-07-28 00:00:00-04:00,1.9402140378952026,1.9402140378952026,1.9402140378952026,1.9402140378952026,4800,0.0,0.0
1988-07-29 00:00:00-04:00,1.9402140378952026,1.9402140378952026,1.9402140378952026,1.9402140378952026,1600,0.0,0.0
1988-08-01 00:00:00-04:00,1.9402137119323015,1.9402137119323015,1.9103642702102661,1.9103642702102661,21600,0.0,0.0
1988-08-02 00:00:00-04:00,1.9103644399931936,1.970063328742981,1.9103644399931936,1.970063328742981,21600,0.0,0.0
1988-08-03 00:00:00-04:00,1.970063484632052,1.970063484632052,1.9402140378952026,1.9402140378952026,53600,0.0,0.0
1988-08-04 00:00:00-04:00,1.9103642702102661,1.9103642702102661,1.9103642702102661,1.9103642702102661,6400,0.0,0.0
1988-08-05 00:00:00-04:00,1.9103642702102661,1.9103642702102661,1.9103642702102661,1.9103642702102661,0,0.0,0.0
1988-08-08 00:00:00-04:00,1.9103642702102661,1.970063153654337,1.9103642702102661,1.9103642702102661,12000,0.0,0.0
1988-08-09 00:00:00-04:00,1.970063328742981,1.970063328742981,1.970063328742981,1.970063328742981,25600,0.0,0.0
1988-08-10 00:00:00-04:00,1.9103642702102661,1.9103642702102661,1.9103642702102661,1.9103642702102661,3200,0.0,0.0
1988-08-11 00:00:00-04:00,1.9103642702102661,1.9103642702102661,1.9103642702102661,1.9103642702102661,3200,0.0,0.0
1988-08-12 00:00:00-04:00,1.9103642702102661,1.9402137119323015,1.9103642702102661,1.9103642702102661,34400,0.0,0.0
1988-08-15 00:00:00-04:00,1.9103642702102661,1.9252889910712838,1.9103642702102661,1.9103642702102661,20000,0.0,0.0
1988-08-16 00:00:00-04:00,1.9103642702102661,1.9103642702102661,1.9103642702102661,1.9103642702102661,4800,0.0,0.0
1988-08-17 00:00:00-04:00,1.9103642702102661,1.9103642702102661,1.9103642702102661,1.9103642702102661,0,0.0,0.0
1988-08-18 00:00:00-04:00,1.9103642702102661,1.9103642702102661,1.9103642702102661,1.9103642702102661,19200,0.0,0.0
1988-08-19 00:00:00-04:00,1.9103639587875485,1.9252886772155762,1.9103639587875485,1.9252886772155762,35200,0.0,0.0
1988-08-22 00:00:00-04:00,1.9252886772155762,1.9252886772155762,1.9103639587875485,1.9252886772155762,18400,0.0,0.0
1988-08-23 00:00:00-04:00,1.9103642702102661,1.9103642702102661,1.9103642702102661,1.9103642702102661,800,0.0,0.0
1988-08-24 00:00:00-04:00,1.9103640601748513,1.9700629370553153,1.8805146217346191,1.8805146217346191,57600,0.0,0.0
1988-08-25 00:00:00-04:00,1.8805146217346191,1.9103640601748513,1.8805146217346191,1.8805146217346191,19200,0.0,0.0
1988-08-26 00:00:00-04:00,1.8506654500961304,1.8506654500961304,1.8506654500961304,1.8506654500961304,8800,0.0,0.0
1988-08-29 00:00:00-04:00,1.8506653747558592,1.8655900955200195,1.8506653747558592,1.8655900955200195,9600,0.0,0.0
1988-08-30 00:00:00-04:00,1.8655899606767248,1.8805146803621386,1.8208158016204834,1.8208158016204834,35200,0.0,0.0
1988-08-31 00:00:00-04:00,1.820815744854155,1.8805146217346191,1.820815744854155,1.8805146217346191,12800,0.0,0.0
1988-09-01 00:00:00-04:00,1.8208158016204834,1.8208158016204834,1.8208158016204834,1.8208158016204834,2400,0.0,0.0
1988-09-02 00:00:00-04:00,1.8208158016204834,1.8208158016204834,1.8208158016204834,1.8208158016204834,8000,0.0,0.0
1988-09-06 00:00:00-04:00,1.8208160073526445,1.8506654500961304,1.8208160073526445,1.8506654500961304,2400,0.0,0.0
1988-09-07 00:00:00-04:00,1.8208158016204834,1.8208158016204834,1.8208158016204834,1.8208158016204834,800,0.0,0.0
1988-09-08 00:00:00-04:00,1.820815744854155,1.8805146217346191,1.820815744854155,1.8805146217346191,94400,0.0,0.0
1988-09-09 00:00:00-04:00,1.8805148928396165,1.9103643355831024,1.8506654500961304,1.8506654500961304,12800,0.0,0.0
1988-09-12 00:00:00-04:00,1.8506651832943872,1.8805146217346191,1.8506651832943872,1.8805146217346191,10400,0.0,0.0
1988-09-13 00:00:00-04:00,1.8506654500961304,1.8506654500961304,1.8506654500961304,1.8506654500961304,800,0.0,0.0
1988-09-14 00:00:00-04:00,1.8506654500961304,1.8805148928396165,1.8506654500961304,1.8506654500961304,40800,0.0,0.0
1988-09-15 00:00:00-04:00,1.8506653867661953,1.9103642702102661,1.8506653867661953,1.9103642702102661,25600,0.0,0.0
1988-09-16 00:00:00-04:00,1.9103642702102661,1.9103642702102661,1.9103642702102661,1.9103642702102661,0,0.0,0.0
1988-09-19 00:00:00-04:00,1.8506654500961304,1.8506654500961304,1.8506654500961304,1.8506654500961304,20000,0.0,0.0
1988-09-20 00:00:00-04:00,1.8506651832943872,1.8805146217346191,1.8506651832943872,1.8805146217346191,77600,0.0,0.0
1988-09-21 00:00:00-04:00,1.8805148928396165,1.8805148928396165,1.8506654500961304,1.8506654500961304,56800,0.0,0.0
1988-09-22 00:00:00-04:00,1.8506654500961304,1.8506654500961304,1.8506654500961304,1.8506654500961304,1600,0.0,0.0
1988-09-23 00:00:00-04:00,1.8805146217346191,1.8805146217346191,1.8805146217346191,1.8805146217346191,8000,0.0,0.0
1988-09-26 00:00:00-04:00,1.8506654500961304,1.8506654500961304,1.8506654500961304,1.8506654500961304,800,0.0,0.0
1988-09-27 00:00:00-04:00,1.8506654500961304,1.8506654500961304,1.8506654500961304,1.8506654500961304,3200,0.0,0.0
1988-09-28 00:00:00-04:00,1.8506654500961304,1.8506654500961304,1.8506654500961304,1.8506654500961304,0,0.0,0.0
1988-09-29 00:00:00-04:00,1.9103642702102661,1.9103642702102661,1.9103642702102661,1.9103642702102661,16800,0.0,0.0
1988-09-30 00:00:00-04:00,1.9103640601748513,1.9103640601748513,1.8805146217346191,1.8805146217346191,10400,0.0,0.0
1988-10-03 00:00:00-04:00,1.8506654500961304,1.8506654500961304,1.8506654500961304,1.8506654500961304,4800,0.0,0.0
1988-10-04 00:00:00-04:00,1.8506654500961304,1.8506654500961304,1.8506654500961304,1.8506654500961304,0,0.0,0.0
1988-10-05 00:00:00-04:00,1.8208158016204834,1.8208158016204834,1.8208158016204834,1.8208158016204834,800,0.0,0.0
1988-10-06 00:00:00-04:00,1.820815744854155,1.8805146217346191,1.820815744854155,1.8805146217346191,48800,0.0,0.0
1988-10-07 00:00:00-04:00,1.8805146803621386,1.9103641197329662,1.8208158016204834,1.8208158016204834,172000,0.0,0.0
1988-10-10 00:00:00-04:00,1.8208158016204834,1.8208158016204834,1.8208158016204834,1.8208158016204834,8800,0.0,0.0
1988-10-11 00:00:00-04:00,1.8208158016204834,1.8208158016204834,1.8208158016204834,1.8208158016204834,8000,0.0,0.0
1988-10-12 00:00:00-04:00,1.8208158016204834,1.8208158016204834,1.8208158016204834,1.8208158016204834,0,0.0,0.0
1988-10-13 00:00:00-04:00,1.8208160073526445,1.8805148928396165,1.8208160073526445,1.8506654500961304,170400,0.0,0.0
1988-10-14 00:00:00-04:00,1.8506653747558592,1.8655900955200195,1.8357406539916992,1.8655900955200195,164000,0.0,0.0
1988-10-17 00:00:00-04:00,1.8208158016204834,1.8208158016204834,1.8208158016204834,1.8208158016204834,8000,0.0,0.0
1988-10-18 00:00:00-04:00,1.8208158016204834,1.8208158016204834,1.8208158016204834,1.8208158016204834,1600,0.0,0.0
1988-10-19 00:00:00-04:00,1.8357407287243874,1.8805148928396165,1.8357407287243874,1.8506654500961304,573600,0.0,0.0
1988-10-20 00:00:00-04:00,1.8506654500961304,1.9103643355831024,1.8506654500961304,1.8506654500961304,4000,0.0,0.0
1988-10-21 00:00:00-04:00,1.8506654500961304,1.8506654500961304,1.8208160073526445,1.8506654500961304,6400,0.0,0.0
1988-10-24 00:00:00-04:00,1.8506653747558592,1.8655900955200195,1.8506653747558592,1.8655900955200195,160000,0.0,0.0
1988-10-25 00:00:00-04:00,1.8655899606767248,1.9103641197329662,1.8208158016204834,1.8208158016204834,1600,0.0,0.0
1988-10-26 00:00:00-04:00,1.8208158016204834,1.8208158016204834,1.8208158016204834,1.8208158016204834,0,0.0,0.0
1988-10-27 00:00:00-04:00,1.8208159644429276,1.8805148485230236,1.8208159644429276,1.8357406854629517,180800,0.0,0.0
1988-10-28 00:00:00-04:00,1.8357406735420227,1.8506653944651286,1.790966510772705,1.790966510772705,85600,0.0,0.0
1988-10-31 00:00:00-05:00,1.790966300641076,1.820815738985094,1.761116862297058,1.761116862297058,332800,0.0,0.0
1988-11-01 00:00:00-05:00,1.761116862297058,1.761116862297058,1.761116862297058,1.761116862297058,0,0.0,0.0
1988-11-02 00:00:00-05:00,1.761116862297058,1.761116862297058,1.761116862297058,1.761116862297058,12000,0.0,0.0
1988-11-03 00:00:00-05:00,1.761116862297058,1.761116862297058,1.761116862297058,1.761116862297058,16000,0.0,0.0
1988-11-04 00:00:00-05:00,1.761116862297058,1.761116862297058,1.761116862297058,1.761116862297058,0,0.0,0.0
1988-11-07 00:00:00-05:00,1.761116862297058,1.820815738985094,1.761116862297058,1.761116862297058,12800,0.0,0.0
1988-11-08 00:00:00-05:00,1.761116862297058,1.790966300641076,1.761116862297058,1.761116862297058,27200,0.0,0.0
1988-11-09 00:00:00-05:00,1.761116862297058,1.761116862297058,1.761116862297058,1.761116862297058,0,0.0,0.0
1988-11-10 00:00:00-05:00,1.761116862297058,1.761116862297058,1.761116862297058,1.761116862297058,0,0.0,0.0
1988-11-11 00:00:00-05:00,1.761116862297058,1.790966300641076,1.761116862297058,1.761116862297058,4000,0.0,0.0
1988-11-14 00:00:00-05:00,1.7611170123363362,1.7611170123363362,1.7312675714492798,1.7312675714492798,22400,0.0,0.0
1988-11-15 00:00:00-05:00,1.7312674239530401,1.761116862297058,1.7163427047810313,1.761116862297058,176800,0.0,0.0
1988-11-16 00:00:00-05:00,1.7611170123363362,1.7611170123363362,1.7312675714492798,1.7312675714492798,46400,0.0,0.0
1988-11-17 00:00:00-05:00,1.7312675714492798,1.7312675714492798,1.7312675714492798,1.7312675714492798,0,0.0,0.0
1988-11-18 00:00:00-05:00,1.7312675714492798,1.7611170123363362,1.7312675714492798,1.7312675714492798,44000,0.0,0.0
1988-11-21 00:00:00-05:00,1.7312675714492798,1.7312675714492798,1.7312675714492798,1.7312675714492798,1600,0.0,0.0
1988-11-22 00:00:00-05:00,1.7312675714492798,1.7312675714492798,1.7312675714492798,1.7312675714492798,12000,0.0,0.0
1988-11-23 00:00:00-05:00,1.7312677334516478,1.746192455291748,1.7312677334516478,1.746192455291748,60800,0.0,0.0
1988-11-25 00:00:00-05:00,1.7461922918928081,1.7611170123363362,1.7312675714492798,1.7312675714492798,7200,0.0,0.0
1988-11-28 00:00:00-05:00,1.701418161392212,1.701418161392212,1.701418161392212,1.701418161392212,800,0.0,0.0
1988-11-29 00:00:00-05:00,1.7014181305622231,1.7611170123363362,1.7014181305622231,1.7312675714492798,28000,0.0,0.0
1988-11-30 00:00:00-05:00,1.7312674239530401,1.761116862297058,1.7312674239530401,1.761116862297058,8800,0.0,0.0
1988-12-01 00:00:00-05:00,1.7611170123363362,1.7611170123363362,1.7312675714492798,1.7312675714492798,271200,0.0,0.0
1988-12-02 00:00:00-05:00,1.7312674239530401,1.761116862297058,1.7312674239530401,1.761116862297058,19200,0.0,0.0
1988-12-05 00:00:00-05:00,1.6118699999955985,1.6118699999955985,1.5223216666625097,1.5521711111068726,91200,0.0,0.0
1988-12-06 00:00:00-05:00,1.5521706378821172,1.5521706378821172,1.4476976141785132,1.4775470495224,2568800,0.0,0.0
1988-12-07 00:00:00-05:00,1.4924722222181468,1.5521711111068726,1.4924722222181468,1.5521711111068726,170400,0.0,0.0
1988-12-08 00:00:00-05:00,1.4924721717834473,1.4924721717834473,1.4924721717834473,1.4924721717834473,3200,0.0,0.0
1988-12-09 00:00:00-05:00,1.4924721717834473,1.5521710586547852,1.4626227283477784,1.4924721717834473,30400,0.0,0.0
1988-12-12 00:00:00-05:00,1.4924722413221994,1.4924722413221994,1.4327733516693115,1.4327733516693115,118400,0.0,0.0
1988-12-13 00:00:00-05:00,1.4327733516693115,1.5223216861486435,1.3432250171899796,1.4327733516693115,50400,0.0,0.0
1988-12-14 00:00:00-05:00,1.402923822402954,1.402923822402954,1.373074379373104,1.402923822402954,886400,0.0,0.0
1988-12-15 00:00:00-05:00,1.4029239068428674,1.4327733516693115,1.4029239068428674,1.4327733516693115,17600,0.0,0.0
1988-12-16 00:00:00-05:00,1.4327733516693115,1.4327733516693115,1.3432250171899796,1.4327733516693115,41600,0.0,0.0
1988-12-19 00:00:00-05:00,1.4327733516693115,1.4327733516693115,1.3432250171899796,1.4327733516693115,3200,0.0,0.0
1988-12-20 00:00:00-05:00,1.4327733516693115,1.4327733516693115,1.3432250171899796,1.4327733516693115,37600,0.0,0.0
1988-12-21 00:00:00-05:00,1.4327732654328043,1.4327732654328043,1.373074379373104,1.402923822402954,195200,0.0,0.0
1988-12-22 00:00:00-05:00,1.4029239068428674,1.4327733516693115,1.3730744620164235,1.4327733516693115,11200,0.0,0.0
1988-12-23 00:00:00-05:00,1.4327733516693115,1.4327733516693115,1.4327733516693115,1.4327733516693115,1600,0.0,0.0
1988-12-27 00:00:00-05:00,1.402923822402954,1.402923822402954,1.373074379373104,1.402923822402954,52000,0.0,0.0
1988-12-28 00:00:00-05:00,1.402923822402954,1.4327732654328043,1.373074379373104,1.402923822402954,456800,0.0,0.0
1988-12-29 00:00:00-05:00,1.402923822402954,1.4626227084626542,1.387999100888029,1.402923822402954,76000,0.0,0.0
1988-12-30 00:00:00-05:00,1.4029239068428674,1.4626227964957554,1.4029239068428674,1.4327733516693115,109600,0.0,0.0
1989-01-03 00:00:00-05:00,1.4924721717834473,1.4924721717834473,1.4924721717834473,1.4924721717834473,4800,0.0,0.0
1989-01-04 00:00:00-05:00,1.4924721717834473,1.4924721717834473,1.4924721717834473,1.4924721717834473,28800,0.0,0.0
1989-01-05 00:00:00-05:00,1.4327733516693115,1.4327733516693115,1.4327733516693115,1.4327733516693115,1600,0.0,0.0
1989-01-06 00:00:00-05:00,1.4775474500656127,1.4924721717834473,1.4775474500656127,1.4924721717834473,17600,0.0,0.0
1989-01-09 00:00:00-05:00,1.492472084201112,1.492472084201112,1.4327732008330676,1.4626226425170898,47200,0.0,0.0
1989-01-10 00:00:00-05:00,1.5223214626312256,1.5223214626312256,1.5223214626312256,1.5223214626312256,4000,0.0,0.0
1989-01-11 00:00:00-05:00,1.492472084201112,1.492472084201112,1.4626226425170898,1.4626226425170898,37600,0.0,0.0
1989-01-12 00:00:00-05:00,1.5223214626312256,1.5223214626312256,1.5223214626312256,1.5223214626312256,2400,0.0,0.0
1989-01-13 00:00:00-05:00,1.4924722413221994,1.4924722413221994,1.4327733516693115,1.4327733516693115,61600,0.0,0.0
1989-01-16 00:00:00-05:00,1.4327733516693115,1.4924722413221994,1.4327733516693115,1.4327733516693115,15200,0.0,0.0
1989-01-17 00:00:00-05:00,1.4924721717834473,1.4924721717834473,1.4924721717834473,1.4924721717834473,8000,0.0,0.0
1989-01-18 00:00:00-05:00,1.492472084201112,1.492472084201112,1.4327732008330676,1.4626226425170898,16000,0.0,0.0
1989-01-19 00:00:00-05:00,1.4626227084626542,1.4924721514925043,1.402923822402954,1.402923822402954,2400,0.0,0.0
1989-01-20 00:00:00-05:00,1.4924721717834473,1.4924721717834473,1.4924721717834473,1.4924721717834473,3200,0.0,0.0
1989-01-23 00:00:00-05:00,1.4924721514925043,1.4924721514925043,1.402923822402954,1.402923822402954,86400,0.0,0.0
1989-01-24 00:00:00-05:00,1.4626227283477784,1.4924721717834473,1.4626227283477784,1.4924721717834473,27200,0.0,0.0
1989-01-25 00:00:00-05:00,1.492472084201112,1.492472084201112,1.4327732008330676,1.4626226425170898,262400,0.0,0.0
1989-01-26 00:00:00-05:00,1.4626227283477784,1.5223216152191161,1.4626227283477784,1.4924721717834473,50400,0.0,0.0
1989-01-27 00:00:00-05:00,1.492472022187476,1.552170903074975,1.492472022187476,1.5223214626312256,150400,0.0,0.0
1989-01-30 00:00:00-05:00,1.5223214626312256,1.5820203435187246,1.5223214626312256,1.5223214626312256,90400,0.0,0.0
1989-01-31 00:00:00-05:00,1.5223214626312256,1.552170903074975,1.5223214626312256,1.5223214626312256,412000,0.0,0.0
1989-02-01 00:00:00-05:00,1.5223217142952812,1.6118700504302979,1.5223217142952812,1.6118700504302979,500800,0.0,0.0
1989-02-02 00:00:00-05:00,1.6118700504302979,1.6417194958086367,1.55217115967362,1.6118700504302979,967200,0.0,0.0
1989-02-03 00:00:00-05:00,1.6118699649594865,1.6715688525505785,1.5820205211639404,1.5820205211639404,14400,0.0,0.0
1989-02-06 00:00:00-05:00,1.611869637455259,1.671568512916565,1.611869637455259,1.671568512916565,92000,0.0,0.0
1989-02-07 00:00:00-05:00,1.671568512916565,1.671568512916565,1.611869637455259,1.671568512916565,73600,0.0,0.0
1989-02-08 00:00:00-05:00,1.6715689411869756,1.6715689411869756,1.6118700504302979,1.6118700504302979,148000,0.0,0.0
1989-02-09 00:00:00-05:00,1.6417190751859119,1.671568512916565,1.6417190751859119,1.671568512916565,357600,0.0,0.0
1989-02-10 00:00:00-05:00,1.6715689411869756,1.6715689411869756,1.6118700504302979,1.6118700504302979,24800,0.0,0.0
1989-02-13 00:00:00-05:00,1.6118700504302979,1.6118700504302979,1.5969453277411283,1.6118700504302979,64000,0.0,0.0
1989-02-14 00:00:00-05:00,1.611869898709384,1.6715687838467685,1.5820204561406916,1.6417193412780762,25600,0.0,0.0
1989-02-15 00:00:00-05:00,1.5820205211639404,1.5820205211639404,1.5820205211639404,1.5820205211639404,8000,0.0,0.0
1989-02-16 00:00:00-05:00,1.582020605051959,1.6118700504302979,1.55217115967362,1.6118700504302979,180000,0.0,0.0
1989-02-17 00:00:00-05:00,1.6118700504302979,1.6118700504302979,1.55217115967362,1.6118700504302979,34400,0.0,0.0
1989-02-21 00:00:00-05:00,1.611869898709384,1.6417193412780762,1.5521710135719993,1.6417193412780762,112000,0.0,0.0
1989-02-22 00:00:00-05:00,1.6417194958086367,1.6417194958086367,1.6118700504302979,1.6118700504302979,112000,0.0,0.0
1989-02-23 00:00:00-05:00,1.611869898709384,1.6417193412780762,1.611869898709384,1.6417193412780762,92000,0.0,0.0
1989-02-24 00:00:00-05:00,1.6417193412780762,1.6417193412780762,1.5820204561406916,1.6417193412780762,247200,0.0,0.0
1989-02-27 00:00:00-05:00,1.6417194958086367,1.6417194958086367,1.582020605051959,1.6118700504302979,159200,0.0,0.0
1989-02-28 00:00:00-05:00,1.611869898709384,1.6417193412780762,1.611869898709384,1.6417193412780762,21600,0.0,0.0
1989-03-01 00:00:00-05:00,1.6417190751859119,1.671568512916565,1.611869637455259,1.671568512916565,96000,0.0,0.0
1989-03-02 00:00:00-05:00,1.6715689411869756,1.6715689411869756,1.6118700504302979,1.6118700504302979,3200,0.0,0.0
1989-03-03 00:00:00-05:00,1.6118700504302979,1.6715689411869756,1.6118700504302979,1.6118700504302979,23200,0.0,0.0
1989-03-06 00:00:00-05:00,1.611869637455259,1.671568512916565,1.611869637455259,1.671568512916565,83200,0.0,0.0
1989-03-07 00:00:00-05:00,1.6715687199642784,1.701418161392212,1.6417192785363448,1.701418161392212,35200,0.0,0.0
1989-03-08 00:00:00-05:00,1.701418226415461,1.701418226415461,1.6417193412780762,1.6417193412780762,27200,0.0,0.0
1989-03-09 00:00:00-05:00,1.6417190751859119,1.7014179506472178,1.6417190751859119,1.671568512916565,25600,0.0,0.0
1989-03-10 00:00:00-05:00,1.671568512916565,1.671568512916565,1.671568512916565,1.671568512916565,23200,0.0,0.0
1989-03-13 00:00:00-05:00,1.671568512916565,1.671568512916565,1.6417190751859119,1.671568512916565,93600,0.0,0.0
1989-03-14 00:00:00-05:00,1.6715687838467685,1.701418226415461,1.6417193412780762,1.6417193412780762,9600,0.0,0.0
1989-03-15 00:00:00-05:00,1.701418161392212,1.701418161392212,1.701418161392212,1.701418161392212,2400,0.0,0.0
1989-03-16 00:00:00-05:00,1.701418226415461,1.701418226415461,1.6417193412780762,1.6417193412780762,15200,0.0,0.0
1989-03-17 00:00:00-05:00,1.641719266101047,1.671568707302884,1.641719266101047,1.6566439867019653,12800,0.0,0.0
1989-03-20 00:00:00-05:00,1.6566437940512384,1.671568512916565,1.6417190751859119,1.671568512916565,12800,0.0,0.0
1989-03-21 00:00:00-05:00,1.6417193412780762,1.6417193412780762,1.6417193412780762,1.6417193412780762,1600,0.0,0.0
1989-03-22 00:00:00-05:00,1.6417193412780762,1.6417193412780762,1.6417193412780762,1.6417193412780762,20000,0.0,0.0
1989-03-23 00:00:00-05:00,1.6417193412780762,1.6715687838467685,1.6417193412780762,1.6417193412780762,20800,0.0,0.0
1989-03-27 00:00:00-05:00,1.6417192785363448,1.701418161392212,1.6417192785363448,1.701418161392212,277600,0.0,0.0
1989-03-28 00:00:00-05:00,1.7014179506472178,1.7014179506472178,1.6417190751859119,1.671568512916565,20800,0.0,0.0
1989-03-29 00:00:00-05:00,1.671568512916565,1.671568512916565,1.611869637455259,1.671568512916565,390400,0.0,0.0
1989-03-30 00:00:00-05:00,1.6417193412780762,1.6417193412780762,1.6417193412780762,1.6417193412780762,1600,0.0,0.0
1989-03-31 00:00:00-05:00,1.6417193412780762,1.6715687838467685,1.6417193412780762,1.6417193412780762,2400,0.0,0.0
1989-04-03 00:00:00-04:00,1.6417194958086367,1.6715689411869756,1.6118700504302979,1.6118700504302979,48000,0.0,0.0
1989-04-04 00:00:00-04:00,1.6118700504302979,1.6118700504302979,1.6118700504302979,1.6118700504302979,6400,0.0,0.0
1989-04-05 00:00:00-04:00,1.611869898709384,1.6417193412780762,1.611869898709384,1.6417193412780762,9600,0.0,0.0
1989-04-06 00:00:00-04:00,1.6417194958086367,1.6417194958086367,1.6118700504302979,1.6118700504302979,138400,0.0,0.0
1989-04-07 00:00:00-04:00,1.6417193412780762,1.6417193412780762,1.6417193412780762,1.6417193412780762,2400,0.0,0.0
1989-04-10 00:00:00-04:00,1.6417193412780762,1.6417193412780762,1.611869898709384,1.6417193412780762,20000,0.0,0.0
1989-04-11 00:00:00-04:00,1.6417193412780762,1.6417193412780762,1.611869898709384,1.6417193412780762,24000,0.0,0.0
1989-04-12 00:00:00-04:00,1.6417193412780762,1.6417193412780762,1.6417193412780762,1.6417193412780762,10400,0.0,0.0
1989-04-13 00:00:00-04:00,1.6417193412780762,1.6417193412780762,1.611869898709384,1.6417193412780762,20000,0.0,0.0
1989-04-14 00:00:00-04:00,1.6417194958086367,1.6417194958086367,1.6118700504302979,1.6118700504302979,104800,0.0,0.0
1989-04-17 00:00:00-04:00,1.6118700504302979,1.6417194958086367,1.6118700504302979,1.6118700504302979,28800,0.0,0.0
1989-04-18 00:00:00-04:00,1.6118698557582471,1.641719297531548,1.6118698557582471,1.6267945766448975,57600,0.0,0.0
1989-04-19 00:00:00-04:00,1.62679461999373,1.6417193412780762,1.611869898709384,1.6417193412780762,6400,0.0,0.0
1989-04-20 00:00:00-04:00,1.6417194444399614,1.6417194444399614,1.5521711111068726,1.5521711111068726,43200,0.0,0.0
1989-04-21 00:00:00-04:00,1.6417193412780762,1.6417193412780762,1.6417193412780762,1.6417193412780762,12800,0.0,0.0
1989-04-24 00:00:00-04:00,1.6417193412780762,1.6417193412780762,1.5521710135719993,1.6417193412780762,37600,0.0,0.0
1989-04-25 00:00:00-04:00,1.6417194958086367,1.6417194958086367,1.6118700504302979,1.6118700504302979,376800,0.0,0.0
1989-04-26 00:00:00-04:00,1.611869898709384,1.6417193412780762,1.5969451774250378,1.6417193412780762,227200,0.0,0.0
1989-04-27 00:00:00-04:00,1.6417190751859119,1.7014179506472178,1.611869637455259,1.671568512916565,120000,0.0,0.0
1989-04-28 00:00:00-04:00,1.6417193412780762,1.6417193412780762,1.6417193412780762,1.6417193412780762,5600,0.0,0.0
1989-05-01 00:00:00-04:00,1.671568512916565,1.671568512916565,1.671568512916565,1.671568512916565,2400,0.0,0.0
1989-05-02 00:00:00-04:00,1.671568512916565,1.671568512916565,1.611869637455259,1.671568512916565,102400,0.0,0.0
1989-05-03 00:00:00-04:00,1.6715689411869756,1.6715689411869756,1.5969453277411283,1.6118700504302979,1512800,0.0,0.0
1989-05-04 00:00:00-04:00,1.6118700504302979,1.6715689411869756,1.6118700504302979,1.6118700504302979,9600,0.0,0.0
1989-05-05 00:00:00-04:00,1.611869637455259,1.671568512916565,1.611869637455259,1.671568512916565,204800,0.0,0.0
1989-05-08 00:00:00-04:00,1.671568512916565,1.671568512916565,1.611869637455259,1.671568512916565,36000,0.0,0.0
1989-05-09 00:00:00-04:00,1.6715687838467685,1.701418226415461,1.6417193412780762,1.6417193412780762,14400,0.0,0.0
1989-05-10 00:00:00-04:00,1.6417193412780762,1.6715687838467685,1.6417193412780762,1.6417193412780762,9600,0.0,0.0
1989-05-11 00:00:00-04:00,1.6417192785363448,1.701418161392212,1.6417192785363448,1.701418161392212,72000,0.0,0.0
1989-05-12 00:00:00-04:00,1.6864935051311147,1.6864935051311147,1.6417193412780762,1.6417193412780762,26400,0.0,0.0
1989-05-15 00:00:00-04:00,1.6715687199642784,1.701418161392212,1.6715687199642784,1.701418161392212,18400,0.0,0.0
1989-05-16 00:00:00-04:00,1.701418161392212,1.701418161392212,1.6417192785363448,1.701418161392212,92800,0.0,0.0
1989-05-17 00:00:00-04:00,1.7014179506472178,1.7312673883778706,1.6417190751859119,1.671568512916565,96000,0.0,0.0
1989-05-18 00:00:00-04:00,1.6715686896751667,1.7312675714492798,1.6715686896751667,1.7312675714492798,24800,0.0,0.0
1989-05-19 00:00:00-04:00,1.7312674835080006,1.850665240991311,1.7312674835080006,1.8208158016204834,451200,0.0,0.0
1989-05-22 00:00:00-04:00,1.8208158016204834,1.9103641197329662,1.8208158016204834,1.8208158016204834,22400,0.0,0.0
1989-05-23 00:00:00-04:00,1.8208158016204834,1.8805146803621386,1.8208158016204834,1.8208158016204834,120000,0.0,0.0
1989-05-24 00:00:00-04:00,1.8208158016204834,1.8208158016204834,1.8208158016204834,1.8208158016204834,1600,0.0,0.0
1989-05-25 00:00:00-04:00,1.8208158016204834,1.8805146803621386,1.8208158016204834,1.8208158016204834,108000,0.0,0.0
1989-05-26 00:00:00-04:00,1.82081594504416,1.9402137119323015,1.82081594504416,1.9103642702102661,256000,0.0,0.0
1989-05-30 00:00:00-04:00,1.9103642702102661,1.9402137119323015,1.9103642702102661,1.9103642702102661,168000,0.0,0.0
1989-05-31 00:00:00-04:00,1.9103645911583533,1.9402140378952026,1.9103645911583533,1.9402140378952026,72800,0.0,0.0
1989-06-01 00:00:00-04:00,1.9402137783265883,1.9402137783265883,1.8506654500961304,1.8506654500961304,60000,0.0,0.0
1989-06-02 00:00:00-04:00,1.8506656976846547,1.9402140378952026,1.8506656976846547,1.9402140378952026,24800,0.0,0.0
1989-06-05 00:00:00-04:00,1.9402137783265883,1.9402137783265883,1.8506654500961304,1.8506654500961304,76800,0.0,0.0
1989-06-06 00:00:00-04:00,1.8506654500961304,1.9103643355831024,1.8506654500961304,1.8506654500961304,77600,0.0,0.0
1989-06-07 00:00:00-04:00,1.8506654500961304,1.8805148928396165,1.8506654500961304,1.8506654500961304,536800,0.0,0.0
1989-06-08 00:00:00-04:00,1.8506654500961304,1.9103643355831024,1.8506654500961304,1.8506654500961304,352000,0.0,0.0
1989-06-09 00:00:00-04:00,1.8506654500961304,1.8805148928396165,1.8506654500961304,1.8506654500961304,28000,0.0,0.0
1989-06-12 00:00:00-04:00,1.8506653867661953,1.9402137119323015,1.8506653867661953,1.9103642702102661,92800,0.0,0.0
1989-06-13 00:00:00-04:00,1.9103645911583533,1.9402140378952026,1.8506656976846547,1.9402140378952026,148800,0.0,0.0
1989-06-14 00:00:00-04:00,1.9402134986150834,1.9402134986150834,1.8506651832943872,1.8805146217346191,44800,0.0,0.0
1989-06-15 00:00:00-04:00,1.880515144421504,1.9402140378952026,1.880515144421504,1.9402140378952026,344000,0.0,0.0
1989-06-16 00:00:00-04:00,1.9103642702102661,1.9103642702102661,1.9103642702102661,1.9103642702102661,800,0.0,0.0
1989-06-19 00:00:00-04:00,1.9103645911583533,1.9402140378952026,1.880515144421504,1.9402140378952026,163200,0.0,0.0
1989-06-20 00:00:00-04:00,1.9402140378952026,1.9402140378952026,1.880515144421504,1.9402140378952026,16000,0.0,0.0
1989-06-21 00:00:00-04:00,1.9402138843680872,1.970063328742981,1.9402138843680872,1.970063328742981,392800,0.0,0.0
1989-06-22 00:00:00-04:00,1.970063484632052,1.970063484632052,1.9402140378952026,1.9402140378952026,4800,0.0,0.0
1989-06-23 00:00:00-04:00,1.9700629150166231,2.029761791229248,1.9700629150166231,2.029761791229248,80000,0.0,0.0
1989-06-26 00:00:00-04:00,1.9999126195907593,1.9999126195907593,1.9700631775073152,1.9999126195907593,43200,0.0,0.0
1989-06-27 00:00:00-04:00,1.9999124416406604,2.1193101993505503,1.9999124416406604,2.0596113204956055,566400,0.0,0.0
1989-06-28 00:00:00-04:00,2.0596112293355606,2.1193101055481853,2.029761791229248,2.029761791229248,226400,0.0,0.0
1989-06-29 00:00:00-04:00,2.029761791229248,2.1193101055481853,2.029761791229248,2.029761791229248,476800,0.0,0.0
1989-06-30 00:00:00-04:00,2.029761791229248,2.1193101055481853,2.029761791229248,2.029761791229248,27200,0.0,0.0
1989-07-03 00:00:00-04:00,2.0297620531538842,2.1193103790283203,2.0297620531538842,2.1193103790283203,4000,0.0,0.0
1989-07-05 00:00:00-04:00,2.1193103790283203,2.1193103790283203,2.1193103790283203,2.1193103790283203,7200,0.0,0.0
1989-07-06 00:00:00-04:00,2.1193105322974066,2.1193105322974066,2.0297621999468123,2.089461088180542,90400,0.0,0.0
1989-07-07 00:00:00-04:00,2.089460937070175,2.1193103790283203,2.089460937070175,2.1193103790283203,38400,0.0,0.0
1989-07-10 00:00:00-04:00,2.119310172828468,2.2088584899902344,2.119310172828468,2.2088584899902344,1091200,0.0,0.0
1989-07-11 00:00:00-04:00,2.208858897811488,2.3282566760715686,2.1491600086814477,2.2685577869415283,1661600,0.0,0.0
1989-07-12 00:00:00-04:00,2.268558105865082,2.35810645214923,2.268558105865082,2.298407554626465,1531200,0.0,0.0
1989-07-13 00:00:00-04:00,2.2984066396951675,2.3879549503326416,2.2984066396951675,2.3879549503326416,112800,0.0,0.0
1989-07-14 00:00:00-04:00,2.3282570033878476,2.3282570033878476,2.298407554626465,2.298407554626465,128000,0.0,0.0
1989-07-17 00:00:00-04:00,2.2984065496468844,2.358105421066284,2.2984065496468844,2.358105421066284,16000,0.0,0.0
1989-07-18 00:00:00-04:00,2.358105421066284,2.358105421066284,2.2984065496468844,2.358105421066284,14400,0.0,0.0
1989-07-19 00:00:00-04:00,2.358105232075947,2.4476535320281982,2.32825579875853,2.4476535320281982,286400,0.0,0.0
1989-07-20 00:00:00-04:00,2.4476541589807583,2.4476541589807583,2.3879552770543984,2.417804718017578,293600,0.0,0.0
1989-07-21 00:00:00-04:00,2.4028796687722207,2.4028796687722207,2.3879549503326416,2.3879549503326416,272800,0.0,0.0
1989-07-24 00:00:00-04:00,2.3879552770543984,2.4476541589807583,2.3879552770543984,2.417804718017578,79200,0.0,0.0
1989-07-25 00:00:00-04:00,2.417804718017578,2.4476541589807583,2.3879552770543984,2.417804718017578,143200,0.0,0.0
1989-07-26 00:00:00-04:00,2.417804690507742,2.417804690507742,2.328256368637085,2.328256368637085,76800,0.0,0.0
1989-07-27 00:00:00-04:00,2.328256368637085,2.3879552498841896,2.328256368637085,2.328256368637085,171200,0.0,0.0
1989-07-28 00:00:00-04:00,2.328256324029738,2.3581057640814014,2.3133316040039062,2.3133316040039062,329600,0.0,0.0
1989-07-31 00:00:00-04:00,2.3133312675017343,2.358105421066284,2.2984065496468844,2.358105421066284,44000,0.0,0.0
1989-08-01 00:00:00-04:00,2.3581058092606373,2.3581058092606373,2.2685574873899803,2.328256368637085,54400,0.0,0.0
1989-08-02 00:00:00-04:00,2.3282570033878476,2.3282570033878476,2.268558105865082,2.298407554626465,274400,0.0,0.0
1989-08-03 00:00:00-04:00,2.2984069280135326,2.328256368637085,2.2984069280135326,2.328256368637085,66400,0.0,0.0
1989-08-04 00:00:00-04:00,2.3282559853565843,2.358105421066284,2.2984065496468844,2.358105421066284,176800,0.0,0.0
1989-08-07 00:00:00-04:00,2.3581058538643416,2.3581058538643416,2.298406971488029,2.3431811332702637,1663200,0.0,0.0
1989-08-08 00:00:00-04:00,2.3282570033878476,2.3282570033878476,2.268558105865082,2.298407554626465,1682400,0.0,0.0
1989-08-09 00:00:00-04:00,2.298407554626465,2.298407554626465,2.268558105865082,2.298407554626465,423200,0.0,0.0
1989-08-10 00:00:00-04:00,2.2984071445465086,2.2984071445465086,2.238708257675171,2.238708257675171,192000,0.0,0.0
1989-08-11 00:00:00-04:00,2.2387079290441565,2.2984068071520007,2.2088584899902344,2.2088584899902344,133600,0.0,0.0
1989-08-14 00:00:00-04:00,2.2088584899902344,2.2685573680980786,2.2088584899902344,2.2088584899902344,20000,0.0,0.0
1989-08-15 00:00:00-04:00,2.208858814239502,2.26855770111084,2.208858814239502,2.238708257675171,68000,0.0,0.0
1989-08-16 00:00:00-04:00,2.2685577869415283,2.2685577869415283,2.2685577869415283,2.2685577869415283,2400,0.0,0.0
1989-08-17 00:00:00-04:00,2.2237837314605713,2.2237837314605713,2.2088590084306348,2.2237837314605713,296000,0.0,0.0
1989-08-18 00:00:00-04:00,2.223783516221576,2.223783516221576,2.1491599082946777,2.1491599082946777,62400,0.0,0.0
1989-08-21 00:00:00-04:00,2.1491598209864655,2.1491598209864655,2.1193103790283203,2.1193103790283203,52000,0.0,0.0
1989-08-22 00:00:00-04:00,2.089460945841092,2.089460945841092,1.9999126195907593,1.9999126195907593,140000,0.0,0.0
1989-08-23 00:00:00-04:00,1.9999127558299472,2.089461088180542,1.9999127558299472,2.089461088180542,523200,0.0,0.0
1989-08-24 00:00:00-04:00,2.089460937070175,2.1193103790283203,2.0297620531538842,2.1193103790283203,63200,0.0,0.0
1989-08-25 00:00:00-04:00,2.1193105322974066,2.1193105322974066,2.059611644063677,2.089461088180542,482400,0.0,0.0
1989-08-28 00:00:00-04:00,2.029761791229248,2.029761791229248,2.029761791229248,2.029761791229248,4800,0.0,0.0
1989-08-29 00:00:00-04:00,2.0297620531538842,2.1193103790283203,2.0297620531538842,2.1193103790283203,183200,0.0,0.0
1989-08-30 00:00:00-04:00,2.119309854845629,2.119309854845629,2.0894604202703384,2.1043851375579834,25600,0.0,0.0
1989-08-31 00:00:00-04:00,2.1043856580492477,2.1193103790283203,2.0596114951120295,2.1193103790283203,380800,0.0,0.0
1989-09-01 00:00:00-04:00,2.1193103790283203,2.1193103790283203,2.0596114951120295,2.1193103790283203,12800,0.0,0.0
1989-09-05 00:00:00-04:00,2.119310659128469,2.134235382080078,2.0894612132252512,2.134235382080078,204800,0.0,0.0
1989-09-06 00:00:00-04:00,2.1342352710358083,2.179009437561035,2.0894611045105815,2.179009437561035,263200,0.0,0.0
1989-09-07 00:00:00-04:00,2.179009262944611,2.179009262944611,2.1193103790283203,2.1193103790283203,187200,0.0,0.0
1989-09-08 00:00:00-04:00,2.1193104651239185,2.1790093514654374,2.1193104651239185,2.1491599082946777,268800,0.0,0.0
1989-09-11 00:00:00-04:00,2.1193103790283203,2.1193103790283203,2.1193103790283203,2.1193103790283203,16800,0.0,0.0
1989-09-12 00:00:00-04:00,2.1491599082946777,2.1790093514654374,2.1491599082946777,2.1491599082946777,23200,0.0,0.0
1989-09-13 00:00:00-04:00,2.149160268355389,2.2088591646985942,2.149160268355389,2.193934440612793,31200,0.0,0.0
1989-09-14 00:00:00-04:00,2.179009437561035,2.179009437561035,2.179009437561035,2.179009437561035,68800,0.0,0.0
1989-09-15 00:00:00-04:00,2.179009437561035,2.2088588819111865,2.179009437561035,2.179009437561035,12000,0.0,0.0
1989-09-18 00:00:00-04:00,2.1790090509363123,2.2088584899902344,2.1790090509363123,2.2088584899902344,126400,0.0,0.0
1989-09-19 00:00:00-04:00,2.208858897811488,2.2685577869415283,2.208858897811488,2.2685577869415283,51200,0.0,0.0
1989-09-20 00:00:00-04:00,2.26855770111084,2.2984071445465086,2.238708257675171,2.238708257675171,172800,0.0,0.0
1989-09-21 00:00:00-04:00,2.238708257675171,2.238708257675171,2.238708257675171,2.238708257675171,17600,0.0,0.0
1989-09-22 00:00:00-04:00,2.238708257675171,2.2984071445465086,2.238708257675171,2.238708257675171,166400,0.0,0.0
1989-09-25 00:00:00-04:00,2.238708257675171,2.2984071445465086,2.238708257675171,2.238708257675171,6400,0.0,0.0
1989-09-26 00:00:00-04:00,2.2387083423765084,2.2685577869415283,2.2387083423765084,2.2685577869415283,17600,0.0,0.0
1989-09-27 00:00:00-04:00,2.2685577869415283,2.2685577869415283,2.2387083423765084,2.2685577869415283,160000,0.0,0.0
1989-09-28 00:00:00-04:00,2.2685577869415283,2.2685577869415283,2.2387083423765084,2.2685577869415283,48800,0.0,0.0
1989-09-29 00:00:00-04:00,2.26855770111084,2.2984071445465086,2.238708257675171,2.238708257675171,4800,0.0,0.0
1989-10-02 00:00:00-04:00,2.2387083423765084,2.2984072315065482,2.2387083423765084,2.2685577869415283,822400,0.0,0.0
1989-10-03 00:00:00-04:00,2.2685572028160097,2.3879549503326416,2.2685572028160097,2.3879549503326416,1140000,0.0,0.0
1989-10-04 00:00:00-04:00,2.3879549503326416,2.4476538240909576,2.3282560765743257,2.3879549503326416,1450400,0.0,0.0
1989-10-05 00:00:00-04:00,2.3879552770543984,2.4476541589807583,2.3879552770543984,2.417804718017578,315200,0.0,0.0
1989-10-06 00:00:00-04:00,2.417804098710781,2.4476535320281982,2.387954665393364,2.4476535320281982,124800,0.0,0.0
1989-10-09 00:00:00-04:00,2.4476541589807583,2.4476541589807583,2.417804718017578,2.417804718017578,3200,0.0,0.0
1989-10-10 00:00:00-04:00,2.417804098710781,2.4775029653456153,2.417804098710781,2.4476535320281982,356800,0.0,0.0
1989-10-11 00:00:00-04:00,2.4476543334593255,2.477503776550293,2.387955447277391,2.477503776550293,216000,0.0,0.0
1989-10-12 00:00:00-04:00,2.4775029653456153,2.4775029653456153,2.387954665393364,2.4476535320281982,570400,0.0,0.0
1989-10-13 00:00:00-04:00,2.4476535320281982,2.5372018319804495,2.4476535320281982,2.4476535320281982,527200,0.0,0.0
1989-10-16 00:00:00-04:00,2.417804718017578,2.417804718017578,2.358105836091218,2.417804718017578,270400,0.0,0.0
1989-10-17 00:00:00-04:00,2.4178043872118,2.4178043872118,2.358105513453484,2.3879549503326416,35200,0.0,0.0
1989-10-18 00:00:00-04:00,2.3879549503326416,2.3879549503326416,2.3879549503326416,2.3879549503326416,0,0.0,0.0
1989-10-19 00:00:00-04:00,2.387954665393364,2.4476535320281982,2.358105232075947,2.4476535320281982,76800,0.0,0.0
1989-10-20 00:00:00-04:00,2.432729721069336,2.432729721069336,2.387955554423888,2.432729721069336,24000,0.0,0.0
1989-10-23 00:00:00-04:00,2.432729611913842,2.477503776550293,2.387955447277391,2.477503776550293,49600,0.0,0.0
1989-10-24 00:00:00-04:00,2.477503599943938,2.477503599943938,2.417804718017578,2.417804718017578,2400,0.0,0.0
1989-10-25 00:00:00-04:00,2.4178043872118,2.4476538240909576,2.3879549503326416,2.3879549503326416,468800,0.0,0.0
1989-10-26 00:00:00-04:00,2.3879549503326416,2.4476538240909576,2.3879549503326416,2.3879549503326416,8000,0.0,0.0
1989-10-27 00:00:00-04:00,2.4476535320281982,2.4476535320281982,2.4476535320281982,2.4476535320281982,800,0.0,0.0
1989-10-30 00:00:00-05:00,2.4476535320281982,2.4476535320281982,2.387954665393364,2.4476535320281982,271200,0.0,0.0
1989-10-31 00:00:00-05:00,2.4476540397195254,2.596901237263399,2.4178046002107507,2.5372023582458496,1449600,0.0,0.0
1989-11-01 00:00:00-05:00,2.5969016710917154,2.8058477825588652,2.5969016710917154,2.6864500045776367,412000,0.0,0.0
1989-11-02 00:00:00-05:00,2.6864498992298924,2.6864498992298924,2.567052125930786,2.567052125930786,250400,0.0,0.0
1989-11-03 00:00:00-05:00,2.6267511155870227,2.6864500045776367,2.6267511155870227,2.6864500045776367,113600,0.0,0.0
1989-11-06 00:00:00-05:00,2.6864500045776367,2.6864500045776367,2.6267511155870227,2.6864500045776367,18400,0.0,0.0
1989-11-07 00:00:00-05:00,2.626750946044922,2.626750946044922,2.5969015034762295,2.626750946044922,44800,0.0,0.0
1989-11-08 00:00:00-05:00,2.567051949955168,2.567051949955168,2.5073530673980713,2.5073530673980713,327200,0.0,0.0
1989-11-09 00:00:00-05:00,2.5073530673980713,2.5073530673980713,2.5073530673980713,2.5073530673980713,254400,0.0,0.0
1989-11-10 00:00:00-05:00,2.507352918737075,2.5372023582458496,2.507352918737075,2.5372023582458496,257600,0.0,0.0
1989-11-13 00:00:00-05:00,2.5372025086766197,2.5372025086766197,2.5073530673980713,2.5073530673980713,53600,0.0,0.0
1989-11-14 00:00:00-05:00,2.507353348139475,2.537202792760183,2.507353348139475,2.522278070449829,18400,0.0,0.0
1989-11-15 00:00:00-05:00,2.522278070449829,2.537202792760183,2.507353348139475,2.522278070449829,45600,0.0,0.0
1989-11-16 00:00:00-05:00,2.5073530673980713,2.5073530673980713,2.5073530673980713,2.5073530673980713,40000,0.0,0.0
1989-11-17 00:00:00-05:00,2.507353348139475,2.537202792760183,2.507353348139475,2.522278070449829,221600,0.0,0.0
1989-11-20 00:00:00-05:00,2.522278070449829,2.5670522373808913,2.507353348139475,2.522278070449829,60800,0.0,0.0
1989-11-21 00:00:00-05:00,2.5222779609436214,2.5969015692555626,2.507353239281233,2.567052125930786,9600,0.0,0.0
1989-11-22 00:00:00-05:00,2.5073530673980713,2.5073530673980713,2.5073530673980713,2.5073530673980713,34400,0.0,0.0
1989-11-24 00:00:00-05:00,2.5073530673980713,2.5073530673980713,2.5073530673980713,2.5073530673980713,22400,0.0,0.0
1989-11-27 00:00:00-05:00,2.567052125930786,2.567052125930786,2.567052125930786,2.567052125930786,800,0.0,0.0
1989-11-28 00:00:00-05:00,2.567052125930786,2.567052125930786,2.567052125930786,2.567052125930786,1600,0.0,0.0
1989-11-29 00:00:00-05:00,2.567052125930786,2.567052125930786,2.5372026826060097,2.567052125930786,283200,0.0,0.0
1989-11-30 00:00:00-05:00,2.567052125930786,2.567052125930786,2.507353239281233,2.567052125930786,33600,0.0,0.0
1989-12-01 00:00:00-05:00,2.5670521686531904,2.5969016124747393,2.5670521686531904,2.581976890563965,60000,0.0,0.0
1989-12-04 00:00:00-05:00,2.567052125930786,2.567052125930786,2.567052125930786,2.567052125930786,800,0.0,0.0
1989-12-05 00:00:00-05:00,2.5670520609075376,2.626750946044922,2.537202618338845,2.626750946044922,7200,0.0,0.0
1989-12-06 00:00:00-05:00,2.6267511155870227,2.6864500045776367,2.5969016710917154,2.6864500045776367,127200,0.0,0.0
1989-12-07 00:00:00-05:00,2.6864499188541027,2.716299362396926,2.6566004753112793,2.6566004753112793,18400,0.0,0.0
1989-12-08 00:00:00-05:00,2.6566004753112793,2.6566004753112793,2.6566004753112793,2.6566004753112793,2400,0.0,0.0
1989-12-11 00:00:00-05:00,2.6566004753112793,2.6566004753112793,2.6566004753112793,2.6566004753112793,3200,0.0,0.0
1989-12-12 00:00:00-05:00,2.626750946044922,2.626750946044922,2.626750946044922,2.626750946044922,1600,0.0,0.0
1989-12-13 00:00:00-05:00,2.626750946044922,2.626750946044922,2.626750946044922,2.626750946044922,4800,0.0,0.0
1989-12-14 00:00:00-05:00,2.626750946044922,2.626750946044922,2.626750946044922,2.626750946044922,2400,0.0,0.0
1989-12-15 00:00:00-05:00,2.626750946044922,2.626750946044922,2.5670520609075376,2.626750946044922,192800,0.0,0.0
1989-12-18 00:00:00-05:00,2.5969015692555626,2.5969015692555626,2.567052125930786,2.567052125930786,52000,0.0,0.0
1989-12-19 00:00:00-05:00,2.5372023582458496,2.5372023582458496,2.5372023582458496,2.5372023582458496,5600,0.0,0.0
1989-12-20 00:00:00-05:00,2.5073530673980713,2.5073530673980713,2.5073530673980713,2.5073530673980713,12000,0.0,0.0
1989-12-21 00:00:00-05:00,2.5372023582458496,2.5670517977546243,2.5372023582458496,2.5372023582458496,20800,0.0,0.0
1989-12-22 00:00:00-05:00,2.5372023582458496,2.5372023582458496,2.5372023582458496,2.5372023582458496,800,0.0,0.0
1989-12-26 00:00:00-05:00,2.5969016551971436,2.5969016551971436,2.5969016551971436,2.5969016551971436,800,0.0,0.0
1989-12-27 00:00:00-05:00,2.567051842895865,2.567051842895865,2.5372024028621922,2.5521271228790283,139200,0.0,0.0
1989-12-28 00:00:00-05:00,2.5372023582458496,2.5372023582458496,2.5372023582458496,2.5372023582458496,5600,0.0,0.0
1989-12-29 00:00:00-05:00,2.5073530673980713,2.5073530673980713,2.5073530673980713,2.5073530673980713,12800,0.0,0.0
1990-01-02 00:00:00-05:00,2.5521271228790283,2.5521271228790283,2.5521271228790283,2.5521271228790283,4000,0.0,0.0
1990-01-03 00:00:00-05:00,2.5521268313271657,2.656599859510149,2.537202113015311,2.611825704574585,286400,0.0,0.0
1990-01-04 00:00:00-05:00,2.6118262247605757,2.626750946044922,2.5969015034762295,2.626750946044922,57600,0.0,0.0
1990-01-05 00:00:00-05:00,2.626750946044922,2.626750946044922,2.5969015034762295,2.626750946044922,2400,0.0,0.0
1990-01-08 00:00:00-05:00,2.6267511155870227,2.716299449072944,2.6267511155870227,2.6864500045776367,176800,0.0,0.0
1990-01-09 00:00:00-05:00,2.6864493810213532,2.716298818588257,2.6864493810213532,2.716298818588257,68800,0.0,0.0
1990-01-10 00:00:00-05:00,2.716298818588257,2.716298818588257,2.656599943454449,2.716298818588257,40800,0.0,0.0
1990-01-11 00:00:00-05:00,2.716299338418929,2.805847668256916,2.716299338418929,2.7312240600585938,92800,0.0,0.0
1990-01-12 00:00:00-05:00,2.731223537371709,2.746148256155161,2.716298818588257,2.716298818588257,246400,0.0,0.0
1990-01-15 00:00:00-05:00,2.716299449072944,2.716299449072944,2.6864500045776367,2.6864500045776367,115200,0.0,0.0
1990-01-16 00:00:00-05:00,2.6864493810213532,2.775997693722065,2.626750505887545,2.716298818588257,153600,0.0,0.0
1990-01-17 00:00:00-05:00,2.716298818588257,2.8058471312889686,2.716298818588257,2.716298818588257,4800,0.0,0.0
1990-01-18 00:00:00-05:00,2.7461483478546143,2.8058472249818887,2.7461483478546143,2.7461483478546143,8000,0.0,0.0
1990-01-19 00:00:00-05:00,2.835697258512179,2.865546703338623,2.835697258512179,2.865546703338623,32800,0.0,0.0
1990-01-22 00:00:00-05:00,2.8655461957377772,2.8655461957377772,2.7461484375820366,2.7759978771209717,47200,0.0,0.0
1990-01-23 00:00:00-05:00,2.7759978771209717,2.8655461957377772,2.7759978771209717,2.7759978771209717,58400,0.0,0.0
1990-01-24 00:00:00-05:00,2.7759978771209717,2.7759978771209717,2.716298998043101,2.7759978771209717,5600,0.0,0.0
1990-01-25 00:00:00-05:00,2.775998338063558,2.775998338063558,2.6864500045776367,2.6864500045776367,99200,0.0,0.0
1990-01-26 00:00:00-05:00,2.686449988134976,2.746148876760198,2.5969016551971436,2.5969016551971436,133600,0.0,0.0
1990-01-29 00:00:00-05:00,2.5969013912337164,2.626750832512265,2.5073530673980713,2.5073530673980713,94400,0.0,0.0
1990-01-30 00:00:00-05:00,2.5073530673980713,2.5969013912337164,2.477503626119523,2.5073530673980713,167200,0.0,0.0
1990-01-31 00:00:00-05:00,2.5073532196412605,2.5969015489141625,2.477503776550293,2.477503776550293,22400,0.0,0.0
1990-02-01 00:00:00-05:00,2.5969016551971436,2.5969016551971436,2.5969016551971436,2.5969016551971436,800,0.0,0.0
1990-02-02 00:00:00-05:00,2.567052125930786,2.567052125930786,2.507353239281233,2.567052125930786,33600,0.0,0.0
1990-02-05 00:00:00-05:00,2.5969016551971436,2.5969016551971436,2.5969016551971436,2.5969016551971436,36800,0.0,0.0
1990-02-06 00:00:00-05:00,2.596901237263399,2.596901237263399,2.5372023582458496,2.5372023582458496,14400,0.0,0.0
1990-02-07 00:00:00-05:00,2.5372024028621922,2.5969012829295375,2.5372024028621922,2.5521271228790283,9600,0.0,0.0
1990-02-08 00:00:00-05:00,2.552127404268398,2.567052125930786,2.5372026826060097,2.567052125930786,12800,0.0,0.0
1990-02-09 00:00:00-05:00,2.567052125930786,2.567052125930786,2.567052125930786,2.567052125930786,0,0.0,0.0
1990-02-12 00:00:00-05:00,2.567052125930786,2.567052125930786,2.507353239281233,2.567052125930786,120000,0.0,0.0
1990-02-13 00:00:00-05:00,2.5670522373808913,2.5670522373808913,2.507353348139475,2.522278070449829,21600,0.0,0.0
1990-02-14 00:00:00-05:00,2.5222777880373455,2.5222777880373455,2.5073530673980713,2.5073530673980713,128000,0.0,0.0
1990-02-15 00:00:00-05:00,2.507353239281233,2.567052125930786,2.507353239281233,2.567052125930786,1600,0.0,0.0
1990-02-16 00:00:00-05:00,2.5670521686531904,2.581976890563965,2.507353281010093,2.581976890563965,48800,0.0,0.0
1990-02-20 00:00:00-05:00,2.5819769330408384,2.6267510995097543,2.5819769330408384,2.5969016551971436,152800,0.0,0.0
1990-02-21 00:00:00-05:00,2.5969015034762295,2.626750946044922,2.537202618338845,2.626750946044922,4800,0.0,0.0
1990-02-22 00:00:00-05:00,2.6267510995097543,2.6267510995097543,2.567052210884533,2.5969016551971436,60000,0.0,0.0
1990-02-23 00:00:00-05:00,2.5969015692555626,2.6118262909179513,2.5372026826060097,2.567052125930786,44800,0.0,0.0
1990-02-26 00:00:00-05:00,2.567052125930786,2.6267510125803395,2.567052125930786,2.567052125930786,76800,0.0,0.0
1990-02-27 00:00:00-05:00,2.567052125930786,2.5969015692555626,2.567052125930786,2.567052125930786,16800,0.0,0.0
1990-02-28 00:00:00-05:00,2.567052125930786,2.5969015692555626,2.567052125930786,2.567052125930786,27200,0.0,0.0
1990-03-01 00:00:00-05:00,2.567052210884533,2.6267510995097543,2.567052210884533,2.5969016551971436,42400,0.0,0.0
1990-03-02 00:00:00-05:00,2.5969016124747393,2.5969016124747393,2.5670521686531904,2.581976890563965,42400,0.0,0.0
1990-03-05 00:00:00-05:00,2.5969016551971436,2.6566005438223654,2.5969016551971436,2.5969016551971436,8800,0.0,0.0
1990-03-06 00:00:00-05:00,2.5969016551971436,2.5969016551971436,2.5969016551971436,2.5969016551971436,3200,0.0,0.0
1990-03-07 00:00:00-05:00,2.5969015882256326,2.6566004753112793,2.567052144682809,2.6566004753112793,188000,0.0,0.0
1990-03-08 00:00:00-05:00,2.626750946044922,2.626750946044922,2.5969015034762295,2.626750946044922,72800,0.0,0.0
1990-03-09 00:00:00-05:00,2.626751031768456,2.6864499188541027,2.5969015882256326,2.6566004753112793,36800,0.0,0.0
1990-03-12 00:00:00-05:00,2.6566004753112793,2.6566004753112793,2.6566004753112793,2.6566004753112793,1600,0.0,0.0
1990-03-13 00:00:00-05:00,2.567052125930786,2.567052125930786,2.567052125930786,2.567052125930786,25600,0.0,0.0
1990-03-14 00:00:00-05:00,2.567052125930786,2.567052125930786,2.567052125930786,2.567052125930786,800,0.0,0.0
1990-03-15 00:00:00-05:00,2.567052125930786,2.567052125930786,2.567052125930786,2.567052125930786,0,0.0,0.0
1990-03-16 00:00:00-05:00,2.5969015882256326,2.6566004753112793,2.5969015882256326,2.6566004753112793,24000,0.0,0.0
1990-03-19 00:00:00-05:00,2.6566004753112793,2.6566004753112793,2.5969015882256326,2.6566004753112793,7200,0.0,0.0
1990-03-20 00:00:00-05:00,2.6566004753112793,2.6566004753112793,2.5969015882256326,2.6566004753112793,2400,0.0,0.0
1990-03-21 00:00:00-05:00,2.5969016551971436,2.5969016551971436,2.5969016551971436,2.5969016551971436,8000,0.0,0.0
1990-03-22 00:00:00-05:00,2.5969016551971436,2.5969016551971436,2.5969016551971436,2.5969016551971436,0,0.0,0.0
1990-03-23 00:00:00-05:00,2.6566004753112793,2.6566004753112793,2.6566004753112793,2.6566004753112793,1600,0.0,0.0
1990-03-26 00:00:00-05:00,2.6566004753112793,2.6566004753112793,2.6566004753112793,2.6566004753112793,0,0.0,0.0
1990-03-27 00:00:00-05:00,2.567052125930786,2.6267510125803395,2.567052125930786,2.567052125930786,95200,0.0,0.0
1990-03-28 00:00:00-05:00,2.6566000437603314,2.6864494824542677,2.626750605066395,2.6715247631073,120800,0.0,0.0
1990-03-29 00:00:00-05:00,2.686449988134976,2.686449988134976,2.5969016551971436,2.5969016551971436,64000,0.0,0.0
1990-03-30 00:00:00-05:00,2.6864500045776367,2.6864500045776367,2.6864500045776367,2.6864500045776367,16000,0.0,0.0
1990-04-02 00:00:00-04:00,2.6416757535398676,2.6566004753112793,2.6118263099970442,2.6566004753112793,142400,0.0,0.0
1990-04-03 00:00:00-04:00,2.6864493810213532,2.716298818588257,2.656599943454449,2.716298818588257,60000,0.0,0.0
1990-04-04 00:00:00-04:00,2.716298818588257,2.746148256155161,2.6864493810213532,2.716298818588257,108000,0.0,0.0
1990-04-05 00:00:00-04:00,2.68644947072734,2.7461483478546143,2.68644947072734,2.7461483478546143,4000,0.0,0.0
1990-04-06 00:00:00-04:00,2.68644947072734,2.7461483478546143,2.68644947072734,2.7461483478546143,5600,0.0,0.0
1990-04-09 00:00:00-04:00,2.7759978771209717,2.7759978771209717,2.686449558504166,2.7759978771209717,68800,0.0,0.0
1990-04-10 00:00:00-04:00,2.7461483478546143,2.8655461021091626,2.7461483478546143,2.7461483478546143,76000,0.0,0.0
1990-04-11 00:00:00-04:00,2.7461483478546143,2.7461483478546143,2.7461483478546143,2.7461483478546143,1600,0.0,0.0
1990-04-12 00:00:00-04:00,2.865546703338623,2.865546703338623,2.865546703338623,2.865546703338623,6400,0.0,0.0
1990-04-16 00:00:00-04:00,2.8655461957377772,2.8655461957377772,2.7759978771209717,2.7759978771209717,11200,0.0,0.0
1990-04-17 00:00:00-04:00,2.7759978771209717,2.8655461957377772,2.7759978771209717,2.7759978771209717,3200,0.0,0.0
1990-04-18 00:00:00-04:00,2.7759978771209717,2.7759978771209717,2.7759978771209717,2.7759978771209717,800,0.0,0.0
1990-04-19 00:00:00-04:00,2.7759977864182512,2.8058472249818887,2.7461483478546143,2.7461483478546143,172800,0.0,0.0
1990-04-20 00:00:00-04:00,2.746148867220492,2.7759983114294107,2.746148867220492,2.761073589324951,88800,0.0,0.0
1990-04-23 00:00:00-04:00,2.716298818588257,2.775997693722065,2.716298818588257,2.716298818588257,36800,0.0,0.0
1990-04-24 00:00:00-04:00,2.716298818588257,2.716298818588257,2.716298818588257,2.716298818588257,0,0.0,0.0
1990-04-25 00:00:00-04:00,2.716298818588257,2.716298818588257,2.716298818588257,2.716298818588257,0,0.0,0.0
1990-04-26 00:00:00-04:00,2.7461484375820366,2.7759978771209717,2.7461484375820366,2.7759978771209717,8000,0.0,0.0
1990-04-27 00:00:00-04:00,2.6864493810213532,2.716298818588257,2.6864493810213532,2.716298818588257,33600,0.0,0.0
1990-04-30 00:00:00-04:00,2.6864499188541027,2.6864499188541027,2.6566004753112793,2.6566004753112793,88000,0.0,0.0
1990-05-01 00:00:00-04:00,2.6566003886136142,2.6566003886136142,2.626750946044922,2.626750946044922,16800,0.0,0.0
1990-05-02 00:00:00-04:00,2.626750946044922,2.626750946044922,2.626750946044922,2.626750946044922,800,0.0,0.0
1990-05-03 00:00:00-04:00,2.626750946044922,2.626750946044922,2.626750946044922,2.626750946044922,5600,0.0,0.0
1990-05-04 00:00:00-04:00,2.626750946044922,2.716299273750999,2.626750946044922,2.626750946044922,4000,0.0,0.0
1990-05-07 00:00:00-04:00,2.6864498311823066,2.6864498311823066,2.626750946044922,2.626750946044922,20000,0.0,0.0
1990-05-08 00:00:00-04:00,2.626750946044922,2.626750946044922,2.626750946044922,2.626750946044922,4000,0.0,0.0
1990-05-09 00:00:00-04:00,2.6267510125803395,2.656600455905116,2.567052125930786,2.567052125930786,329600,0.0,0.0
1990-05-10 00:00:00-04:00,2.567052125930786,2.567052125930786,2.567052125930786,2.567052125930786,800,0.0,0.0
1990-05-11 00:00:00-04:00,2.656600455905116,2.7013746208922806,2.567052125930786,2.567052125930786,57600,0.0,0.0
1990-05-14 00:00:00-04:00,2.567052125930786,2.6118262909179513,2.567052125930786,2.567052125930786,27200,0.0,0.0
1990-05-15 00:00:00-04:00,2.5670520609075376,2.626750946044922,2.5670520609075376,2.626750946044922,208800,0.0,0.0
1990-05-16 00:00:00-04:00,2.537202766571922,2.5969016551971436,2.537202766571922,2.5969016551971436,60800,0.0,0.0
1990-05-17 00:00:00-04:00,2.5969016551971436,2.5969016551971436,2.5969016551971436,2.5969016551971436,0,0.0,0.0
1990-05-18 00:00:00-04:00,2.5372026826060097,2.567052125930786,2.5372026826060097,2.567052125930786,33600,0.0,0.0
1990-05-21 00:00:00-04:00,2.5819765175090117,2.596901237263399,2.5372023582458496,2.5372023582458496,32000,0.0,0.0
1990-05-22 00:00:00-04:00,2.5670520609075376,2.6566003886136142,2.5670520609075376,2.626750946044922,170400,0.0,0.0
1990-05-23 00:00:00-04:00,2.6566005438223654,2.6566005438223654,2.5969016551971436,2.5969016551971436,44800,0.0,0.0
1990-05-24 00:00:00-04:00,2.5969015692555626,2.5969015692555626,2.567052125930786,2.567052125930786,10400,0.0,0.0
1990-05-25 00:00:00-04:00,2.567052125930786,2.567052125930786,2.567052125930786,2.567052125930786,11200,0.0,0.0
1990-05-29 00:00:00-04:00,2.6267510125803395,2.6267510125803395,2.567052125930786,2.567052125930786,6400,0.0,0.0
1990-05-30 00:00:00-04:00,2.567052125930786,2.567052125930786,2.567052125930786,2.567052125930786,15200,0.0,0.0
1990-05-31 00:00:00-04:00,2.477503903518767,2.522278070449829,2.447654458898059,2.522278070449829,398400,0.0,0.0
1990-06-01 00:00:00-04:00,2.4775037959564563,2.567052125930786,2.4775037959564563,2.567052125930786,176000,0.0,0.0
1990-06-04 00:00:00-04:00,2.5073530673980713,2.567051949955168,2.5073530673980713,2.5073530673980713,52000,0.0,0.0
1990-06-05 00:00:00-04:00,2.567052125930786,2.567052125930786,2.507353239281233,2.567052125930786,447200,0.0,0.0
1990-06-06 00:00:00-04:00,2.5969013912337164,2.5969013912337164,2.5073530673980713,2.5073530673980713,286400,0.0,0.0
1990-06-07 00:00:00-04:00,2.5073530673980713,2.5073530673980713,2.5073530673980713,2.5073530673980713,26400,0.0,0.0
1990-06-08 00:00:00-04:00,2.5073530673980713,2.5073530673980713,2.5073530673980713,2.5073530673980713,0,0.0,0.0
1990-06-11 00:00:00-04:00,2.5073523986630324,2.5073523986630324,2.417804098710781,2.4476535320281982,121600,0.0,0.0
1990-06-12 00:00:00-04:00,2.4476535320281982,2.4476535320281982,2.4476535320281982,2.4476535320281982,0,0.0,0.0
1990-06-13 00:00:00-04:00,2.477503599943938,2.477503599943938,2.417804718017578,2.417804718017578,303200,0.0,0.0
1990-06-14 00:00:00-04:00,2.477503599943938,2.477503599943938,2.417804718017578,2.417804718017578,211200,0.0,0.0
1990-06-15 00:00:00-04:00,2.417804145812988,2.47750301361084,2.417804145812988,2.462578296661377,1005600,0.0,0.0
1990-06-18 00:00:00-04:00,2.507353175770153,2.626750946044922,2.447654290632768,2.626750946044922,387200,0.0,0.0
1990-06-19 00:00:00-04:00,2.5969016551971436,2.6267510995097543,2.5521274887282273,2.5969016551971436,138400,0.0,0.0
1990-06-20 00:00:00-04:00,2.567052125930786,2.567052125930786,2.567052125930786,2.567052125930786,1600,0.0,0.0
1990-06-21 00:00:00-04:00,2.567052210884533,2.5969016551971436,2.567052210884533,2.5969016551971436,28000,0.0,0.0
1990-06-22 00:00:00-04:00,2.537202618338845,2.626750946044922,2.537202618338845,2.626750946044922,140000,0.0,0.0
1990-06-25 00:00:00-04:00,2.626750946044922,2.6566003886136142,2.5969015034762295,2.626750946044922,38400,0.0,0.0
1990-06-26 00:00:00-04:00,2.716299362396926,2.716299362396926,2.5969015882256326,2.6566004753112793,308800,0.0,0.0
1990-06-27 00:00:00-04:00,2.626750445365906,2.626750445365906,2.3879549503326416,2.3879549503326416,600800,0.0,0.0
1990-06-28 00:00:00-04:00,2.3581060104899936,2.3879554536607532,2.1491599082946777,2.1491599082946777,769600,0.0,0.0
1990-06-29 00:00:00-04:00,2.208858897811488,2.2685577869415283,2.1491600086814477,2.2685577869415283,1562400,0.0,0.0
1990-07-02 00:00:00-04:00,2.2685574873899803,2.328256368637085,2.223783326454652,2.328256368637085,464000,0.0,0.0
1990-07-03 00:00:00-04:00,2.3282560765743257,2.4775032609701158,2.3282560765743257,2.3879549503326416,158400,0.0,0.0
1990-07-05 00:00:00-04:00,2.417804718017578,2.417804718017578,2.3879552770543984,2.417804718017578,25600,0.0,0.0
1990-07-06 00:00:00-04:00,2.387955554423888,2.432729721069336,2.387955554423888,2.432729721069336,24000,0.0,0.0
1990-07-09 00:00:00-04:00,2.4476538240909576,2.4476538240909576,2.3879549503326416,2.3879549503326416,44800,0.0,0.0
1990-07-10 00:00:00-04:00,2.4476541589807583,2.4476541589807583,2.3879552770543984,2.417804718017578,76000,0.0,0.0
1990-07-11 00:00:00-04:00,2.3879552770543984,2.417804718017578,2.3879552770543984,2.417804718017578,228800,0.0,0.0
1990-07-12 00:00:00-04:00,2.3879549503326416,2.4178043872118,2.3879549503326416,2.3879549503326416,33600,0.0,0.0
1990-07-13 00:00:00-04:00,2.4178043872118,2.4178043872118,2.3879549503326416,2.3879549503326416,16800,0.0,0.0
1990-07-16 00:00:00-04:00,2.417804098710781,2.4476535320281982,2.417804098710781,2.4476535320281982,19200,0.0,0.0
1990-07-17 00:00:00-04:00,2.4476535320281982,2.4476535320281982,2.387954665393364,2.4476535320281982,16000,0.0,0.0
1990-07-18 00:00:00-04:00,2.387954856775984,2.387954856775984,2.358105421066284,2.358105421066284,87200,0.0,0.0
1990-07-19 00:00:00-04:00,2.417804690507742,2.417804690507742,2.328256368637085,2.328256368637085,1600,0.0,0.0
1990-07-20 00:00:00-04:00,2.417804718017578,2.417804718017578,2.417804718017578,2.417804718017578,34400,0.0,0.0
1990-07-23 00:00:00-04:00,2.3879552498841896,2.3879552498841896,2.328256368637085,2.328256368637085,81600,0.0,0.0
1990-07-24 00:00:00-04:00,2.3282564126761853,2.3581058538643416,2.298406971488029,2.3431811332702637,181600,0.0,0.0
1990-07-25 00:00:00-04:00,2.313332279007156,2.3282570033878476,2.298407554626465,2.298407554626465,156000,0.0,0.0
1990-07-26 00:00:00-04:00,2.2387086571036994,2.298407554626465,2.2088592083423166,2.298407554626465,99200,0.0,0.0
1990-07-27 00:00:00-04:00,2.328256368637085,2.3581058092606373,2.238708046766428,2.328256368637085,64000,0.0,0.0
1990-07-30 00:00:00-04:00,2.3282566760715686,2.3282566760715686,2.2685577869415283,2.2685577869415283,148800,0.0,0.0
1990-07-31 00:00:00-04:00,2.238708046766428,2.328256368637085,2.238708046766428,2.328256368637085,181600,0.0,0.0
1990-08-01 00:00:00-04:00,2.3581058092606373,2.3879552498841896,2.2685574873899803,2.328256368637085,272000,0.0,0.0
1990-08-02 00:00:00-04:00,2.328256368637085,2.328256368637085,2.2685574873899803,2.328256368637085,436000,0.0,0.0
1990-08-03 00:00:00-04:00,2.2984068071520007,2.2984068071520007,2.0894607337745463,2.2088584899902344,236800,0.0,0.0
1990-08-06 00:00:00-04:00,2.1193103790283203,2.1193103790283203,2.1193103790283203,2.1193103790283203,41600,0.0,0.0
1990-08-07 00:00:00-04:00,2.119310172828468,2.2088584899902344,2.119310172828468,2.2088584899902344,18400,0.0,0.0
1990-08-08 00:00:00-04:00,2.2387086571036994,2.3282570033878476,2.2387086571036994,2.298407554626465,146400,0.0,0.0
1990-08-09 00:00:00-04:00,2.2984069280135326,2.3581058092606373,2.2984069280135326,2.328256368637085,284800,0.0,0.0
1990-08-10 00:00:00-04:00,2.358105421066284,2.417804292485684,2.358105421066284,2.358105421066284,408800,0.0,0.0
1990-08-13 00:00:00-04:00,2.358105421066284,2.358105421066284,2.358105421066284,2.358105421066284,0,0.0,0.0
1990-08-14 00:00:00-04:00,2.3879549503326416,2.3879549503326416,2.3879549503326416,2.3879549503326416,20000,0.0,0.0
1990-08-15 00:00:00-04:00,2.358105421066284,2.387954856775984,2.358105421066284,2.358105421066284,113600,0.0,0.0
1990-08-16 00:00:00-04:00,2.358105421066284,2.358105421066284,2.358105421066284,2.358105421066284,7200,0.0,0.0
1990-08-17 00:00:00-04:00,2.3282560765743257,2.3879549503326416,2.3282560765743257,2.3879549503326416,228000,0.0,0.0
1990-08-20 00:00:00-04:00,2.387954856775984,2.387954856775984,2.358105421066284,2.358105421066284,3200,0.0,0.0
1990-08-21 00:00:00-04:00,2.298407554626465,2.3431817277685387,2.298407554626465,2.298407554626465,114400,0.0,0.0
1990-08-22 00:00:00-04:00,2.2984072315065482,2.2984072315065482,2.2387083423765084,2.2685577869415283,64800,0.0,0.0
1990-08-23 00:00:00-04:00,2.2387083262613374,2.2387083262613374,2.1491599932108842,2.179009437561035,54400,0.0,0.0
1990-08-24 00:00:00-04:00,2.238707857973435,2.238707857973435,1.9999123531229357,2.029761791229248,176000,0.0,0.0
1990-08-27 00:00:00-04:00,2.029761881068133,2.1193101993505503,2.029761881068133,2.0596113204956055,82400,0.0,0.0
1990-08-28 00:00:00-04:00,2.059611644063677,2.089461088180542,2.0297621999468123,2.089461088180542,53600,0.0,0.0
1990-08-29 00:00:00-04:00,2.089461088180542,2.089461088180542,2.089461088180542,2.089461088180542,800,0.0,0.0
1990-08-30 00:00:00-04:00,2.089461088180542,2.089461088180542,2.089461088180542,2.089461088180542,0,0.0,0.0
1990-08-31 00:00:00-04:00,2.089461088180542,2.089461088180542,2.089461088180542,2.089461088180542,0,0.0,0.0
1990-09-04 00:00:00-04:00,2.0596113204956055,2.149159638778023,2.0596113204956055,2.0596113204956055,20800,0.0,0.0
1990-09-05 00:00:00-04:00,2.134235382080078,2.134235382080078,2.134235382080078,2.134235382080078,32000,0.0,0.0
1990-09-06 00:00:00-04:00,2.179009262944611,2.179009262944611,2.1193103790283203,2.1193103790283203,11200,0.0,0.0
1990-09-07 00:00:00-04:00,2.1193103790283203,2.1193103790283203,2.1193103790283203,2.1193103790283203,0,0.0,0.0
1990-09-10 00:00:00-04:00,2.1790090509363123,2.2088584899902344,2.1790090509363123,2.2088584899902344,141600,0.0,0.0
1990-09-11 00:00:00-04:00,2.2088584899902344,2.2088584899902344,2.2088584899902344,2.2088584899902344,0,0.0,0.0
1990-09-12 00:00:00-04:00,2.14915961188239,2.2088584899902344,2.14915961188239,2.2088584899902344,24000,0.0,0.0
1990-09-13 00:00:00-04:00,2.2387083262613374,2.2387083262613374,2.179009437561035,2.179009437561035,88000,0.0,0.0
1990-09-14 00:00:00-04:00,2.2088588819111865,2.2387083262613374,2.179009437561035,2.179009437561035,85600,0.0,0.0
1990-09-17 00:00:00-04:00,2.2387083262613374,2.2387083262613374,2.1491599932108842,2.179009437561035,156000,0.0,0.0
1990-09-18 00:00:00-04:00,2.1491599932108842,2.179009437561035,2.1491599932108842,2.179009437561035,37600,0.0,0.0
1990-09-19 00:00:00-04:00,2.179009437561035,2.2088588819111865,2.1491599932108842,2.179009437561035,363200,0.0,0.0
1990-09-20 00:00:00-04:00,2.179009437561035,2.179009437561035,2.179009437561035,2.179009437561035,160000,0.0,0.0
1990-09-21 00:00:00-04:00,2.1193104651239185,2.1491599082946777,2.1193104651239185,2.1491599082946777,25600,0.0,0.0
1990-09-24 00:00:00-04:00,2.1193105322974066,2.1342352543558394,2.089461088180542,2.089461088180542,159200,0.0,0.0
1990-09-25 00:00:00-04:00,2.059611644063677,2.089461088180542,2.059611644063677,2.089461088180542,40000,0.0,0.0
1990-09-26 00:00:00-04:00,2.029761791229248,2.0596112293355606,2.029761791229248,2.029761791229248,50400,0.0,0.0
1990-09-27 00:00:00-04:00,2.029762217492768,2.059611661867662,1.970063328742981,1.970063328742981,57600,0.0,0.0
1990-09-28 00:00:00-04:00,1.9700630022131878,2.0596113204956055,1.9700630022131878,2.0596113204956055,14400,0.0,0.0
1990-10-01 00:00:00-04:00,2.0596113204956055,2.0596113204956055,2.0596113204956055,2.0596113204956055,7200,0.0,0.0
1990-10-02 00:00:00-04:00,1.9999125445330586,2.0148372650146484,1.9999125445330586,2.0148372650146484,16000,0.0,0.0
1990-10-03 00:00:00-04:00,2.0148372650146484,2.0148372650146484,2.0148372650146484,2.0148372650146484,0,0.0,0.0
1990-10-04 00:00:00-04:00,2.029761791229248,2.0596112293355606,1.9999123531229357,2.029761791229248,136000,0.0,0.0
1990-10-05 00:00:00-04:00,2.029761791229248,2.029761791229248,2.029761791229248,2.029761791229248,0,0.0,0.0
1990-10-08 00:00:00-04:00,2.029761791229248,2.029761791229248,2.029761791229248,2.029761791229248,0,0.0,0.0
1990-10-09 00:00:00-04:00,2.029761791229248,2.029761791229248,2.029761791229248,2.029761791229248,0,0.0,0.0
1990-10-10 00:00:00-04:00,1.9999126195907593,1.9999126195907593,1.9999126195907593,1.9999126195907593,2400,0.0,0.0
1990-10-11 00:00:00-04:00,1.9999127731178745,1.9999127731178745,1.970063328742981,1.970063328742981,19200,0.0,0.0
1990-10-12 00:00:00-04:00,1.970063484632052,2.0297623781057506,1.9103645911583533,1.9402140378952026,136000,0.0,0.0
1990-10-15 00:00:00-04:00,1.9103642702102661,1.9103642702102661,1.9103642702102661,1.9103642702102661,16000,0.0,0.0
1990-10-16 00:00:00-04:00,1.9402134986150834,1.9402134986150834,1.8805146217346191,1.8805146217346191,38400,0.0,0.0
1990-10-17 00:00:00-04:00,1.8506654500961304,1.8506654500961304,1.8506654500961304,1.8506654500961304,8000,0.0,0.0
1990-10-18 00:00:00-04:00,1.8506654500961304,1.8506654500961304,1.8506654500961304,1.8506654500961304,0,0.0,0.0
1990-10-19 00:00:00-04:00,1.9700631775073152,1.9999126195907593,1.9700631775073152,1.9999126195907593,39200,0.0,0.0
1990-10-22 00:00:00-04:00,1.9999129313689012,1.9999129313689012,1.9402140378952026,1.9402140378952026,34400,0.0,0.0
1990-10-23 00:00:00-04:00,1.9402138843680872,1.970063328742981,1.9402138843680872,1.970063328742981,143200,0.0,0.0
1990-10-24 00:00:00-04:00,1.9402140378952026,1.9402140378952026,1.9402140378952026,1.9402140378952026,32800,0.0,0.0
1990-10-25 00:00:00-04:00,1.9402140378952026,1.9402140378952026,1.9402140378952026,1.9402140378952026,0,0.0,0.0
1990-10-26 00:00:00-04:00,1.9402140378952026,1.9402140378952026,1.9402140378952026,1.9402140378952026,0,0.0,0.0
1990-10-29 00:00:00-05:00,1.9402136993408203,1.9402136993408203,1.8655900955200195,1.8655900955200195,16000,0.0,0.0
1990-10-30 00:00:00-05:00,1.9402140378952026,1.9402140378952026,1.9402140378952026,1.9402140378952026,3200,0.0,0.0
1990-10-31 00:00:00-05:00,1.9103643355831024,1.9103643355831024,1.8506654500961304,1.8506654500961304,22400,0.0,0.0
1990-11-01 00:00:00-05:00,1.8805146217346191,1.8805146217346191,1.8805146217346191,1.8805146217346191,16000,0.0,0.0
1990-11-02 00:00:00-05:00,1.790966510772705,1.790966510772705,1.790966510772705,1.790966510772705,800,0.0,0.0
1990-11-05 00:00:00-05:00,1.7909665033221245,1.9103642702102661,1.7909665033221245,1.9103642702102661,13600,0.0,0.0
1990-11-06 00:00:00-05:00,1.9103641675866168,1.9103641675866168,1.6417192065197488,1.716342806816101,160800,0.0,0.0
1990-11-07 00:00:00-05:00,1.7312673883778706,1.7312673883778706,1.671568512916565,1.671568512916565,4000,0.0,0.0
1990-11-08 00:00:00-05:00,1.611869898709384,1.6417193412780762,1.611869898709384,1.6417193412780762,11200,0.0,0.0
1990-11-09 00:00:00-05:00,1.6715687199642784,1.701418161392212,1.6715687199642784,1.701418161392212,15200,0.0,0.0
1990-11-12 00:00:00-05:00,1.6715685472650044,1.790966300641076,1.6715685472650044,1.761116862297058,22400,0.0,0.0
1990-11-13 00:00:00-05:00,1.8208159271039461,1.8208159271039461,1.701418161392212,1.701418161392212,36000,0.0,0.0
1990-11-14 00:00:00-05:00,1.701418161392212,1.701418161392212,1.701418161392212,1.701418161392212,800,0.0,0.0
1990-11-15 00:00:00-05:00,1.7014181305622231,1.8208158941104493,1.7014181305622231,1.7312675714492798,110400,0.0,0.0
1990-11-16 00:00:00-05:00,1.790966510772705,1.790966510772705,1.790966510772705,1.790966510772705,1600,0.0,0.0
1990-11-19 00:00:00-05:00,1.790966510772705,1.790966510772705,1.790966510772705,1.790966510772705,2400,0.0,0.0
1990-11-20 00:00:00-05:00,1.790966510772705,1.790966510772705,1.790966510772705,1.790966510772705,12000,0.0,0.0
1990-11-21 00:00:00-05:00,1.790966510772705,1.790966510772705,1.790966510772705,1.790966510772705,0,0.0,0.0
1990-11-23 00:00:00-05:00,1.790966510772705,1.790966510772705,1.790966510772705,1.790966510772705,0,0.0,0.0
1990-11-26 00:00:00-05:00,1.7014178765558563,1.7014178765558563,1.6715684401250517,1.686493158340454,247200,0.0,0.0
1990-11-27 00:00:00-05:00,1.671568512916565,1.7163426695125443,1.671568512916565,1.671568512916565,101600,0.0,0.0
1990-11-28 00:00:00-05:00,1.7312675714492798,1.7312675714492798,1.6715686896751667,1.7312675714492798,23200,0.0,0.0
1990-11-29 00:00:00-05:00,1.6715686466382897,1.7312675268753714,1.6715686466382897,1.716342806816101,51200,0.0,0.0
1990-11-30 00:00:00-05:00,1.716342806816101,1.716342806816101,1.716342806816101,1.716342806816101,0,0.0,0.0
1990-12-03 00:00:00-05:00,1.6715686466382897,1.716342806816101,1.6715686466382897,1.716342806816101,12000,0.0,0.0
1990-12-04 00:00:00-05:00,1.7312675714492798,1.7312675714492798,1.7312675714492798,1.7312675714492798,12000,0.0,0.0
1990-12-05 00:00:00-05:00,1.671568512916565,1.7312673883778706,1.671568512916565,1.671568512916565,104000,0.0,0.0
1990-12-06 00:00:00-05:00,1.7611168261085237,1.7611168261085237,1.671568512916565,1.671568512916565,73600,0.0,0.0
1990-12-07 00:00:00-05:00,1.6417192785363448,1.701418161392212,1.6417192785363448,1.701418161392212,4000,0.0,0.0
1990-12-10 00:00:00-05:00,1.6715688525505785,1.6715688525505785,1.5820205211639404,1.5820205211639404,44800,0.0,0.0
1990-12-11 00:00:00-05:00,1.552170903074975,1.552170903074975,1.4178484210781022,1.5223214626312256,57600,0.0,0.0
1990-12-12 00:00:00-05:00,1.5223214626312256,1.5223214626312256,1.5223214626312256,1.5223214626312256,9600,0.0,0.0
1990-12-13 00:00:00-05:00,1.4924721284346147,1.4924721284346147,1.313375473022461,1.313375473022461,137600,0.0,0.0
1990-12-14 00:00:00-05:00,1.4029237591490453,1.492472084201112,1.4029237591490453,1.4626226425170898,736000,0.0,0.0
1990-12-17 00:00:00-05:00,1.3879990383070342,1.4626226425170898,1.3879990383070342,1.4626226425170898,208000,0.0,0.0
1990-12-18 00:00:00-05:00,1.4626227964957554,1.4924722413221994,1.4327733516693115,1.4327733516693115,280800,0.0,0.0
1990-12-19 00:00:00-05:00,1.5223215258851344,1.5223215258851344,1.4029237591490453,1.4626226425170898,112800,0.0,0.0
1990-12-20 00:00:00-05:00,1.432773275473683,1.4626227187127183,1.4178485538541656,1.4476979970932007,156800,0.0,0.0
1990-12-21 00:00:00-05:00,1.4327728965065696,1.4924717671943433,1.4029234611626828,1.4775470495224,315200,0.0,0.0
1990-12-24 00:00:00-05:00,1.4775470495224,1.4775470495224,1.4775470495224,1.4775470495224,0,0.0,0.0
1990-12-26 00:00:00-05:00,1.4626227777737837,1.5521711111068726,1.4626227777737837,1.5521711111068726,1600,0.0,0.0
1990-12-27 00:00:00-05:00,1.5521711111068726,1.5521711111068726,1.5521711111068726,1.5521711111068726,44000,0.0,0.0
1990-12-28 00:00:00-05:00,1.4924721897773023,1.5820205211639404,1.4924721897773023,1.5820205211639404,132800,0.0,0.0
1990-12-31 00:00:00-05:00,1.5521711111068726,1.5820205555512354,1.5521711111068726,1.5521711111068726,11200,0.0,0.0
1991-01-02 00:00:00-05:00,1.6118699999955985,1.6118699999955985,1.5521711111068726,1.5521711111068726,56800,0.0,0.0
1991-01-03 00:00:00-05:00,1.5372463888846912,1.567095833329054,1.5372463888846912,1.5521711111068726,124800,0.0,0.0
1991-01-04 00:00:00-05:00,1.5223215128246108,1.701418161392212,1.5223215128246108,1.701418161392212,197600,0.0,0.0
1991-01-07 00:00:00-05:00,1.6715689411869756,1.6715689411869756,1.6118700504302979,1.6118700504302979,18400,0.0,0.0
1991-01-08 00:00:00-05:00,1.611869637455259,1.671568512916565,1.611869637455259,1.671568512916565,114400,0.0,0.0
1991-01-09 00:00:00-05:00,1.611869898709384,1.6417193412780762,1.5820204561406916,1.6417193412780762,56000,0.0,0.0
1991-01-10 00:00:00-05:00,1.6118698557582471,1.641719297531548,1.6118698557582471,1.6267945766448975,252000,0.0,0.0
1991-01-11 00:00:00-05:00,1.5820205211639404,1.5820205211639404,1.5820205211639404,1.5820205211639404,1600,0.0,0.0
1991-01-14 00:00:00-05:00,1.5820205211639404,1.5820205211639404,1.5820205211639404,1.5820205211639404,800,0.0,0.0
1991-01-15 00:00:00-05:00,1.5969451774250378,1.6417193412780762,1.5820204561406916,1.6417193412780762,16800,0.0,0.0
1991-01-16 00:00:00-05:00,1.6417194087550324,1.6417194087550324,1.5820205211639404,1.5820205211639404,424800,0.0,0.0
1991-01-17 00:00:00-05:00,1.701418226415461,1.701418226415461,1.5820204561406916,1.6417193412780762,101600,0.0,0.0
1991-01-18 00:00:00-05:00,1.6417193412780762,1.6417193412780762,1.6417193412780762,1.6417193412780762,0,0.0,0.0
1991-01-21 00:00:00-05:00,1.6118699999955985,1.6118699999955985,1.5521711111068726,1.5521711111068726,6400,0.0,0.0
1991-01-22 00:00:00-05:00,1.55217115967362,1.6118700504302979,1.55217115967362,1.6118700504302979,104000,0.0,0.0
1991-01-23 00:00:00-05:00,1.582020605051959,1.6118700504302979,1.582020605051959,1.6118700504302979,17600,0.0,0.0
1991-01-24 00:00:00-05:00,1.6118700504302979,1.6118700504302979,1.6118700504302979,1.6118700504302979,0,0.0,0.0
1991-01-25 00:00:00-05:00,1.6118699649594865,1.6118699649594865,1.5820205211639404,1.5820205211639404,22400,0.0,0.0
1991-01-28 00:00:00-05:00,1.6118700504302979,1.6417194958086367,1.582020605051959,1.6118700504302979,290400,0.0,0.0
1991-01-29 00:00:00-05:00,1.582020605051959,1.6118700504302979,1.582020605051959,1.6118700504302979,24000,0.0,0.0
1991-01-30 00:00:00-05:00,1.6118697260246901,1.8208158016204834,1.6118697260246901,1.8208158016204834,522400,0.0,0.0
1991-01-31 00:00:00-05:00,1.761117357474107,1.9402140378952026,1.761117357474107,1.9402140378952026,308000,0.0,0.0
1991-02-01 00:00:00-05:00,2.0297620616742034,2.0297620616742034,1.9402137354238709,1.9999126195907593,237600,0.0,0.0
1991-02-04 00:00:00-05:00,1.9103642702102661,1.970063153654337,1.9103642702102661,1.9103642702102661,44800,0.0,0.0
1991-02-05 00:00:00-05:00,1.8805148284882307,1.9252889910712838,1.8805148284882307,1.9103642702102661,17600,0.0,0.0
1991-02-06 00:00:00-05:00,1.9103642702102661,1.9402137119323015,1.9103642702102661,1.9103642702102661,180000,0.0,0.0
1991-02-07 00:00:00-05:00,1.970063153654337,1.970063153654337,1.9103642702102661,1.9103642702102661,19200,0.0,0.0
1991-02-08 00:00:00-05:00,1.9103642702102661,1.9103642702102661,1.9103642702102661,1.9103642702102661,0,0.0,0.0
1991-02-11 00:00:00-05:00,1.880515144421504,1.9402140378952026,1.880515144421504,1.9402140378952026,34400,0.0,0.0
1991-02-12 00:00:00-05:00,1.9103642702102661,1.9551384327933192,1.9103642702102661,1.9103642702102661,23200,0.0,0.0
1991-02-13 00:00:00-05:00,1.9402134769103108,2.029761791229248,1.9402134769103108,2.029761791229248,85600,0.0,0.0
1991-02-14 00:00:00-05:00,2.089461119551408,2.2685577869415283,2.089461119551408,2.2685577869415283,537600,0.0,0.0
1991-02-15 00:00:00-05:00,2.26855770111084,2.26855770111084,2.179009370803833,2.238708257675171,344000,0.0,0.0
1991-02-19 00:00:00-05:00,2.1790097165269917,2.2088591646985942,2.1790097165269917,2.193934440612793,57600,0.0,0.0
1991-02-20 00:00:00-05:00,2.2685573680980786,2.2685573680980786,2.1790090509363123,2.2088584899902344,9600,0.0,0.0
1991-02-21 00:00:00-05:00,2.2088584899902344,2.2387079290441565,2.2088584899902344,2.2088584899902344,92800,0.0,0.0
1991-02-22 00:00:00-05:00,2.2387083423765084,2.2685577869415283,2.208858897811488,2.2685577869415283,57600,0.0,0.0
1991-02-25 00:00:00-05:00,2.208858814239502,2.26855770111084,2.208858814239502,2.238708257675171,44800,0.0,0.0
1991-02-26 00:00:00-05:00,2.2237832095171957,2.2237832095171957,2.2088584899902344,2.2088584899902344,155200,0.0,0.0
1991-02-27 00:00:00-05:00,2.208858242517785,2.417804292485684,2.1790088068080853,2.358105421066284,236000,0.0,0.0
1991-02-28 00:00:00-05:00,2.3879552770543984,2.4476541589807583,2.3879552770543984,2.417804718017578,57600,0.0,0.0
1991-03-01 00:00:00-05:00,2.3879549503326416,2.4476538240909576,2.3879549503326416,2.3879549503326416,208800,0.0,0.0
1991-03-04 00:00:00-05:00,2.3879552770543984,2.4476541589807583,2.3879552770543984,2.417804718017578,77600,0.0,0.0
1991-03-05 00:00:00-05:00,2.387954665393364,2.4775029653456153,2.387954665393364,2.4476535320281982,72800,0.0,0.0
1991-03-06 00:00:00-05:00,2.507353281010093,2.5969016124747393,2.447654393366996,2.581976890563965,134400,0.0,0.0
1991-03-07 00:00:00-05:00,2.5073530673980713,2.567051949955168,2.5073530673980713,2.5073530673980713,92800,0.0,0.0
1991-03-08 00:00:00-05:00,2.5073530673980713,2.567051949955168,2.5073530673980713,2.5073530673980713,40800,0.0,0.0
1991-03-11 00:00:00-05:00,2.5073530409071183,2.5073530409071183,2.417804718017578,2.417804718017578,110400,0.0,0.0
1991-03-12 00:00:00-05:00,2.417804718017578,2.4476541589807583,2.417804718017578,2.417804718017578,40800,0.0,0.0
1991-03-13 00:00:00-05:00,2.387955447277391,2.477503776550293,2.387955447277391,2.477503776550293,54400,0.0,0.0
1991-03-14 00:00:00-05:00,2.4476535320281982,2.4775029653456153,2.387954665393364,2.4476535320281982,51200,0.0,0.0
1991-03-15 00:00:00-05:00,2.447654184840974,2.5073530673980713,2.447654184840974,2.5073530673980713,176000,0.0,0.0
1991-03-18 00:00:00-05:00,2.5670512652978665,2.5670512652978665,2.4476535320281982,2.4476535320281982,29600,0.0,0.0
1991-03-19 00:00:00-05:00,2.447654184840974,2.5073530673980713,2.447654184840974,2.5073530673980713,240000,0.0,0.0
1991-03-20 00:00:00-05:00,2.4476540397195254,2.5372023582458496,2.4476540397195254,2.5372023582458496,8000,0.0,0.0
1991-03-21 00:00:00-05:00,2.5073530673980713,2.5372025086766197,2.447654184840974,2.5073530673980713,122400,0.0,0.0
1991-03-22 00:00:00-05:00,2.4476543334593255,2.477503776550293,2.4476543334593255,2.477503776550293,56000,0.0,0.0
1991-03-25 00:00:00-05:00,2.417804718017578,2.4476541589807583,2.417804718017578,2.417804718017578,40800,0.0,0.0
1991-03-26 00:00:00-05:00,2.417804098710781,2.4476535320281982,2.417804098710781,2.4476535320281982,491200,0.0,0.0
1991-03-27 00:00:00-05:00,2.477503776550293,2.477503776550293,2.477503776550293,2.477503776550293,9600,0.0,0.0
1991-03-28 00:00:00-05:00,2.4775029653456153,2.4775029653456153,2.417804098710781,2.4476535320281982,22400,0.0,0.0
1991-04-01 00:00:00-05:00,2.4476535797119143,2.462578296661377,2.4476535797119143,2.462578296661377,24000,0.0,0.0
1991-04-02 00:00:00-05:00,2.462578248686907,2.4775029653456153,2.417804098710781,2.4476535320281982,22400,0.0,0.0
1991-04-03 00:00:00-05:00,2.4775034792283,2.5372023582458496,2.4178046002107507,2.5372023582458496,659200,0.0,0.0
1991-04-04 00:00:00-05:00,2.507353175770153,2.626750946044922,2.507353175770153,2.626750946044922,209600,0.0,0.0
1991-04-05 00:00:00-05:00,2.626750946044922,2.626750946044922,2.626750946044922,2.626750946044922,7200,0.0,0.0
1991-04-08 00:00:00-04:00,2.5969013912337164,2.5969013912337164,2.5073530673980713,2.5073530673980713,113600,0.0,0.0
1991-04-09 00:00:00-04:00,2.5073530409071183,2.5073530409071183,2.417804718017578,2.417804718017578,214400,0.0,0.0
1991-04-10 00:00:00-04:00,2.3879549503326416,2.4476538240909576,2.3879549503326416,2.3879549503326416,65600,0.0,0.0
1991-04-11 00:00:00-04:00,2.387955233177043,2.4028799533843994,2.387955233177043,2.4028799533843994,24800,0.0,0.0
1991-04-12 00:00:00-04:00,2.4028793820520726,2.4476535320281982,2.4028793820520726,2.4476535320281982,562400,0.0,0.0
1991-04-15 00:00:00-04:00,2.4476535320281982,2.4476535320281982,2.4476535320281982,2.4476535320281982,0,0.0,0.0
1991-04-16 00:00:00-04:00,2.417804718017578,2.462578879462348,2.417804718017578,2.417804718017578,189600,0.0,0.0
1991-04-17 00:00:00-04:00,2.4178048903683584,2.5073532196412605,2.4178048903683584,2.477503776550293,64000,0.0,0.0
1991-04-18 00:00:00-04:00,2.4476535797119143,2.47750301361084,2.4476535797119143,2.462578296661377,40000,0.0,0.0
1991-04-19 00:00:00-04:00,2.417804802165312,2.447654244167353,2.2685575921551075,2.283482313156128,2436800,0.0,0.0
1991-04-22 00:00:00-04:00,2.253633177520445,2.2685579005503813,2.2088590084306348,2.2237837314605713,548800,0.0,0.0
1991-04-23 00:00:00-04:00,1.5521709542525444,1.701418161392212,1.4924720713966773,1.701418161392212,1024000,0.0,0.0
1991-04-24 00:00:00-04:00,1.6417192785363448,1.701418161392212,1.6417192785363448,1.701418161392212,220800,0.0,0.0
1991-04-25 00:00:00-04:00,1.701418161392212,1.701418161392212,1.6417192785363448,1.701418161392212,44800,0.0,0.0
1991-04-26 00:00:00-04:00,1.6417190751859119,1.7014179506472178,1.6417190751859119,1.671568512916565,4310400,0.0,0.0
1991-04-29 00:00:00-04:00,1.7312675268753714,1.7611169669939124,1.7014180867568305,1.716342806816101,60800,0.0,0.0
1991-04-30 00:00:00-04:00,1.7312675714492798,1.7312675714492798,1.6566439692316384,1.7312675714492798,602400,0.0,0.0
1991-05-01 00:00:00-04:00,1.7312675897065584,1.7312675897065584,1.6566439867019653,1.6566439867019653,178400,0.0,0.0
1991-05-02 00:00:00-04:00,1.6566439867019653,1.671568707302884,1.641719266101047,1.6566439867019653,1339200,0.0,0.0
1991-05-03 00:00:00-04:00,1.6417190751859119,1.671568512916565,1.6417190751859119,1.671568512916565,117600,0.0,0.0
1991-05-06 00:00:00-04:00,1.641719266101047,1.671568707302884,1.641719266101047,1.6566439867019653,1570400,0.0,0.0
1991-05-07 00:00:00-04:00,1.671568512916565,1.671568512916565,1.6417190751859119,1.671568512916565,42400,0.0,0.0
1991-05-08 00:00:00-04:00,1.6715687838467685,1.6715687838467685,1.6417193412780762,1.6417193412780762,74400,0.0,0.0
1991-05-09 00:00:00-04:00,1.6417193412780762,1.6417193412780762,1.6417193412780762,1.6417193412780762,0,0.0,0.0
1991-05-10 00:00:00-04:00,1.641719266101047,1.671568707302884,1.641719266101047,1.6566439867019653,524000,0.0,0.0
1991-05-13 00:00:00-04:00,1.6715687838467685,1.6715687838467685,1.6417193412780762,1.6417193412780762,4800,0.0,0.0
1991-05-14 00:00:00-04:00,1.671568707302884,1.671568707302884,1.641719266101047,1.6566439867019653,93600,0.0,0.0
1991-05-15 00:00:00-04:00,1.6566439446280985,1.6566439446280985,1.5223214626312256,1.5223214626312256,98400,0.0,0.0
1991-05-16 00:00:00-04:00,1.5521711111068726,1.6118699999955985,1.5521711111068726,1.5521711111068726,313600,0.0,0.0
1991-05-17 00:00:00-04:00,1.5820205211639404,1.5820205211639404,1.5521710773683943,1.5820205211639404,124000,0.0,0.0
1991-05-20 00:00:00-04:00,1.5521710773683943,1.5820205211639404,1.5223216335728482,1.5820205211639404,107200,0.0,0.0
1991-05-21 00:00:00-04:00,1.5521710375522046,1.5521710375522046,1.2835260502835537,1.402923822402954,307200,0.0,0.0
1991-05-22 00:00:00-04:00,1.4029239068428674,1.4327733516693115,1.4029239068428674,1.4327733516693115,36800,0.0,0.0
1991-05-23 00:00:00-04:00,1.4626227802700467,1.4626227802700467,1.3432250022888184,1.3432250022888184,246400,0.0,0.0
1991-05-24 00:00:00-04:00,1.402923822402954,1.402923822402954,1.343224936343254,1.402923822402954,500800,0.0,0.0
1991-05-28 00:00:00-04:00,1.4029238007285378,1.4029238007285378,1.313375473022461,1.313375473022461,140800,0.0,0.0
1991-05-29 00:00:00-04:00,1.3133754162561324,1.343224857534681,1.223827092420487,1.2536765336990356,1823200,0.0,0.0
1991-05-30 00:00:00-04:00,1.2536765878850764,1.313375473022461,1.1939777027476919,1.313375473022461,28000,0.0,0.0
1991-05-31 00:00:00-04:00,1.3133755723635354,1.4924722413221994,1.2536766827106476,1.4327733516693115,543200,0.0,0.0
1991-06-03 00:00:00-04:00,1.4924721897773023,1.5820205211639404,1.4924721897773023,1.5820205211639404,94400,0.0,0.0
1991-06-04 00:00:00-04:00,1.5820203435187246,1.5820203435187246,1.492472022187476,1.5223214626312256,20800,0.0,0.0
1991-06-05 00:00:00-04:00,1.4924720639274234,1.5223215052059718,1.2536765336990356,1.2536765336990356,936000,0.0,0.0
1991-06-06 00:00:00-04:00,1.313375379524979,1.5223214626312256,1.2835259390812295,1.5223214626312256,432800,0.0,0.0
1991-06-07 00:00:00-04:00,1.492472084201112,1.492472084201112,1.373074317465023,1.4626226425170898,123200,0.0,0.0
1991-06-10 00:00:00-04:00,1.373074317465023,1.4626226425170898,1.373074317465023,1.4626226425170898,147200,0.0,0.0
1991-06-11 00:00:00-04:00,1.4626226425170898,1.4626226425170898,1.4327732008330676,1.4626226425170898,388000,0.0,0.0
1991-06-12 00:00:00-04:00,1.4178486292560895,1.4327733516693115,1.4029239068428674,1.4327733516693115,69600,0.0,0.0
1991-06-13 00:00:00-04:00,1.4327733516693115,1.4327733516693115,1.4327733516693115,1.4327733516693115,3200,0.0,0.0
1991-06-14 00:00:00-04:00,1.4327733516693115,1.4327733516693115,1.4327733516693115,1.4327733516693115,0,0.0,0.0
1991-06-17 00:00:00-04:00,1.4327733516693115,1.4327733516693115,1.4327733516693115,1.4327733516693115,0,0.0,0.0
1991-06-18 00:00:00-04:00,1.373074388995613,1.4476979970932007,1.373074388995613,1.4476979970932007,45600,0.0,0.0
1991-06-19 00:00:00-04:00,1.4476977703364,1.4626224896182185,1.3730741739273071,1.3730741739273071,437600,0.0,0.0
1991-06-20 00:00:00-04:00,1.4327733357747396,1.4327733357747396,1.3432250022888184,1.3432250022888184,123200,0.0,0.0
1991-06-21 00:00:00-04:00,1.3730743581598455,1.3730743581598455,1.313375473022461,1.313375473022461,60000,0.0,0.0
1991-06-24 00:00:00-04:00,1.328300227952558,1.328300227952558,1.22382717631584,1.283526062965393,164000,0.0,0.0
1991-06-25 00:00:00-04:00,1.2835258988773122,1.3133753383860869,1.2536764593685374,1.2686011791229248,52800,0.0,0.0
1991-06-26 00:00:00-04:00,1.283525974977584,1.283525974977584,1.2536765336990356,1.2536765336990356,56800,0.0,0.0
1991-06-27 00:00:00-04:00,1.3133755577935113,1.3432250022888184,1.22382722430759,1.3432250022888184,102400,0.0,0.0
1991-06-28 00:00:00-04:00,1.2835260304537688,1.313375473022461,1.2536765878850764,1.313375473022461,250400,0.0,0.0
1991-07-01 00:00:00-04:00,1.3133755062901697,1.3133755062901697,1.2536766196406166,1.283526062965393,297600,0.0,0.0
1991-07-02 00:00:00-04:00,1.313375473022461,1.313375473022461,1.313375473022461,1.313375473022461,10400,0.0,0.0
1991-07-03 00:00:00-04:00,1.2536765336990356,1.2536765336990356,1.2536765336990356,1.2536765336990356,4800,0.0,0.0
1991-07-05 00:00:00-04:00,1.2536765336990356,1.2536765336990356,1.2536765336990356,1.2536765336990356,4000,0.0,0.0
1991-07-08 00:00:00-04:00,1.313375473022461,1.313375473022461,1.313375473022461,1.313375473022461,2400,0.0,0.0
1991-07-09 00:00:00-04:00,1.3133754162561324,1.3133754162561324,1.2536765336990356,1.2536765336990356,56800,0.0,0.0
1991-07-10 00:00:00-04:00,1.223827092420487,1.2536765336990356,1.223827092420487,1.2536765336990356,81600,0.0,0.0
1991-07-11 00:00:00-04:00,1.283526062965393,1.283526062965393,1.2536766196406166,1.283526062965393,129600,0.0,0.0
1991-07-12 00:00:00-04:00,1.2835256326489333,1.2835256326489333,1.2238267660140991,1.2238267660140991,101600,0.0,0.0
1991-07-15 00:00:00-04:00,1.283525974977584,1.3133754162561324,1.2536765336990356,1.2536765336990356,93600,0.0,0.0
1991-07-16 00:00:00-04:00,1.2835256326489333,1.2835256326489333,1.2238267660140991,1.2238267660140991,146400,0.0,0.0
1991-07-17 00:00:00-04:00,1.2387514826728077,1.2835256326489333,1.2238267660140991,1.2238267660140991,94400,0.0,0.0
1991-07-18 00:00:00-04:00,1.3133755577935113,1.3432250022888184,1.2835261132982043,1.3432250022888184,57600,0.0,0.0
1991-07-19 00:00:00-04:00,1.3432250022888184,1.3432250022888184,1.2835261132982043,1.3432250022888184,22400,0.0,0.0
1991-07-22 00:00:00-04:00,1.313375473022461,1.313375473022461,1.313375473022461,1.313375473022461,800,0.0,0.0
1991-07-23 00:00:00-04:00,1.3730741739273071,1.3730741739273071,1.2835258582363958,1.3730741739273071,29600,0.0,0.0
1991-07-24 00:00:00-04:00,1.2835260723414046,1.3432249594270513,1.2835260723414046,1.3283002376556396,232000,0.0,0.0
1991-07-25 00:00:00-04:00,1.2835261275370915,1.4327733516693115,1.2835261275370915,1.4327733516693115,801600,0.0,0.0
1991-07-26 00:00:00-04:00,1.4327733516693115,1.4626227964957554,1.4029239068428674,1.4327733516693115,141600,0.0,0.0
1991-07-29 00:00:00-04:00,1.402923888885058,1.5521711111068726,1.402923888885058,1.5521711111068726,210400,0.0,0.0
1991-07-30 00:00:00-04:00,1.5521710586547852,1.5521710586547852,1.4924721717834473,1.4924721717834473,230400,0.0,0.0
1991-07-31 00:00:00-04:00,1.582020367013997,1.7611170123363362,1.582020367013997,1.7312675714492798,280000,0.0,0.0
1991-08-01 00:00:00-04:00,1.761117044248079,1.761117044248079,1.6715687199642784,1.701418161392212,593600,0.0,0.0
1991-08-02 00:00:00-04:00,1.7312676028201455,1.7312676028201455,1.6118698371084113,1.701418161392212,82400,0.0,0.0
1991-08-05 00:00:00-04:00,1.6566439992503117,1.701418161392212,1.6566439992503117,1.701418161392212,10400,0.0,0.0
1991-08-06 00:00:00-04:00,1.6715688972829659,1.6715688972829659,1.5820205634999498,1.5969452857971191,115200,0.0,0.0
1991-08-07 00:00:00-04:00,1.6118700080942885,1.6417194526886272,1.5820205634999498,1.5969452857971191,796800,0.0,0.0
1991-08-08 00:00:00-04:00,1.5969451348715966,1.641719297531548,1.5969451348715966,1.6267945766448975,275200,0.0,0.0
1991-08-09 00:00:00-04:00,1.62679461999373,1.6566440625624224,1.611869898709384,1.6417193412780762,87200,0.0,0.0
1991-08-12 00:00:00-04:00,1.701418161392212,1.701418161392212,1.6715687199642784,1.701418161392212,55200,0.0,0.0
1991-08-13 00:00:00-04:00,1.6715686896751667,1.7312675714492798,1.6715686896751667,1.7312675714492798,40000,0.0,0.0
1991-08-14 00:00:00-04:00,1.7611168261085237,1.7611168261085237,1.671568512916565,1.671568512916565,8000,0.0,0.0
1991-08-15 00:00:00-04:00,1.6417190751859119,1.671568512916565,1.6417190751859119,1.671568512916565,15200,0.0,0.0
1991-08-16 00:00:00-04:00,1.6417193412780762,1.731267668984153,1.6417193412780762,1.6417193412780762,172800,0.0,0.0
1991-08-19 00:00:00-04:00,1.5820204561406916,1.6417193412780762,1.5820204561406916,1.6417193412780762,106400,0.0,0.0
1991-08-20 00:00:00-04:00,1.6715689411869756,1.6715689411869756,1.6118700504302979,1.6118700504302979,60000,0.0,0.0
1991-08-21 00:00:00-04:00,1.6267947731194672,1.6267947731194672,1.6118700504302979,1.6118700504302979,12000,0.0,0.0
1991-08-22 00:00:00-04:00,1.671568512916565,1.671568512916565,1.611869637455259,1.671568512916565,8800,0.0,0.0
1991-08-23 00:00:00-04:00,1.6118700504302979,1.6118700504302979,1.6118700504302979,1.6118700504302979,800,0.0,0.0
1991-08-26 00:00:00-04:00,1.6118700504302979,1.6118700504302979,1.6118700504302979,1.6118700504302979,5600,0.0,0.0
1991-08-27 00:00:00-04:00,1.671568512916565,1.671568512916565,1.671568512916565,1.671568512916565,17600,0.0,0.0
1991-08-28 00:00:00-04:00,1.6715687838467685,1.6715687838467685,1.6417193412780762,1.6417193412780762,22400,0.0,0.0
1991-08-29 00:00:00-04:00,1.701418161392212,1.761117044248079,1.701418161392212,1.701418161392212,48800,0.0,0.0
1991-08-30 00:00:00-04:00,1.6715685472650044,1.776041581469067,1.6715685472650044,1.761116862297058,192000,0.0,0.0
1991-09-03 00:00:00-04:00,1.761116862297058,1.776041581469067,1.7312674239530401,1.761116862297058,122400,0.0,0.0
1991-09-04 00:00:00-04:00,1.7312676270802816,1.790966510772705,1.7014181852340697,1.790966510772705,35200,0.0,0.0
1991-09-05 00:00:00-04:00,1.7909664532233929,1.7909664532233929,1.7312675714492798,1.7312675714492798,81600,0.0,0.0
1991-09-06 00:00:00-04:00,1.7312676270802816,1.8208159526189167,1.7312676270802816,1.790966510772705,146400,0.0,0.0
1991-09-09 00:00:00-04:00,1.7611170689264932,1.8506653944651286,1.7611170689264932,1.790966510772705,59200,0.0,0.0
1991-09-10 00:00:00-04:00,1.7909665646091584,1.8506654500961304,1.7909665646091584,1.8506654500961304,14400,0.0,0.0
1991-09-11 00:00:00-04:00,1.8805148363113402,1.8805148363113402,1.7611170689264932,1.790966510772705,644000,0.0,0.0
1991-09-12 00:00:00-04:00,1.8208160073526445,1.8805148928396165,1.8208160073526445,1.8506654500961304,67200,0.0,0.0
1991-09-13 00:00:00-04:00,1.8208158016204834,1.8208158016204834,1.8208158016204834,1.8208158016204834,8000,0.0,0.0
1991-09-16 00:00:00-04:00,1.82081594504416,1.9103642702102661,1.82081594504416,1.9103642702102661,4000,0.0,0.0
1991-09-17 00:00:00-04:00,1.820815744854155,1.8805146217346191,1.820815744854155,1.8805146217346191,324800,0.0,0.0
1991-09-18 00:00:00-04:00,1.8208160073526445,1.8655901714678733,1.8208160073526445,1.8506654500961304,408000,0.0,0.0
1991-09-19 00:00:00-04:00,1.8208160073526445,1.8506654500961304,1.8208160073526445,1.8506654500961304,8000,0.0,0.0
1991-09-20 00:00:00-04:00,1.8506654500961304,1.8506654500961304,1.8506654500961304,1.8506654500961304,12000,0.0,0.0
1991-09-23 00:00:00-04:00,1.9103642702102661,1.9103642702102661,1.8506653867661953,1.9103642702102661,29600,0.0,0.0
1991-09-24 00:00:00-04:00,1.8506654500961304,1.9103643355831024,1.8506654500961304,1.8506654500961304,11200,0.0,0.0
1991-09-25 00:00:00-04:00,1.8506654500961304,1.8506654500961304,1.8506654500961304,1.8506654500961304,0,0.0,0.0
1991-09-26 00:00:00-04:00,1.8506654500961304,1.9103643355831024,1.8506654500961304,1.8506654500961304,13600,0.0,0.0
1991-09-27 00:00:00-04:00,1.9103645911583533,1.9402140378952026,1.9103645911583533,1.9402140378952026,12800,0.0,0.0
1991-09-30 00:00:00-04:00,1.8506654500961304,1.9402137783265883,1.8506654500961304,1.8506654500961304,6400,0.0,0.0
1991-10-01 00:00:00-04:00,1.8506656932079886,1.895439863204956,1.8506656932079886,1.895439863204956,26400,0.0,0.0
1991-10-02 00:00:00-04:00,1.9402137783265883,1.9402137783265883,1.8506654500961304,1.8506654500961304,8800,0.0,0.0
1991-10-03 00:00:00-04:00,1.8506654500961304,1.9103643355831024,1.8506654500961304,1.8506654500961304,58400,0.0,0.0
1991-10-04 00:00:00-04:00,1.8506653867661953,1.9103642702102661,1.8506653867661953,1.9103642702102661,68800,0.0,0.0
1991-10-07 00:00:00-04:00,1.8506653867661953,1.9103642702102661,1.8506653867661953,1.9103642702102661,32000,0.0,0.0
1991-10-08 00:00:00-04:00,1.8805146217346191,1.8805146217346191,1.8805146217346191,1.8805146217346191,16000,0.0,0.0
1991-10-09 00:00:00-04:00,1.8506651832943872,1.9402134986150834,1.8506651832943872,1.8805146217346191,250400,0.0,0.0
1991-10-10 00:00:00-04:00,1.880515069451951,1.97006340609252,1.880515069451951,1.9551386833190918,117600,0.0,0.0
1991-10-11 00:00:00-04:00,1.9999126195907593,1.9999126195907593,1.9999126195907593,1.9999126195907593,2400,0.0,0.0
1991-10-14 00:00:00-04:00,1.9402134769103108,2.029761791229248,1.9402134769103108,2.029761791229248,4800,0.0,0.0
1991-10-15 00:00:00-04:00,1.9700631775073152,1.9999126195907593,1.9402137354238709,1.9999126195907593,140000,0.0,0.0
1991-10-16 00:00:00-04:00,1.9999126195907593,1.9999126195907593,1.9999126195907593,1.9999126195907593,12000,0.0,0.0
1991-10-17 00:00:00-04:00,1.9999126195907593,1.9999126195907593,1.9849878985490372,1.9999126195907593,96000,0.0,0.0
1991-10-18 00:00:00-04:00,1.9999126195907593,1.9999126195907593,1.9700631775073152,1.9999126195907593,211200,0.0,0.0
1991-10-21 00:00:00-04:00,1.970063328742981,2.059611661867662,1.970063328742981,1.970063328742981,335200,0.0,0.0
1991-10-22 00:00:00-04:00,1.970063328742981,2.029762217492768,1.970063328742981,1.970063328742981,149600,0.0,0.0
1991-10-23 00:00:00-04:00,1.9700629150166231,2.029761791229248,1.9700629150166231,2.029761791229248,3200,0.0,0.0
1991-10-24 00:00:00-04:00,1.9700629150166231,2.029761791229248,1.9700629150166231,2.029761791229248,88800,0.0,0.0
1991-10-25 00:00:00-04:00,2.029762217492768,2.029762217492768,1.970063328742981,1.970063328742981,17600,0.0,0.0
1991-10-28 00:00:00-05:00,1.9402139605456636,1.9999128516393765,1.9103645149988073,1.9551386833190918,112000,0.0,0.0
1991-10-29 00:00:00-05:00,1.9103645911583533,1.970063484632052,1.880515144421504,1.9402140378952026,156800,0.0,0.0
1991-10-30 00:00:00-05:00,1.9103642702102661,1.9103642702102661,1.9103642702102661,1.9103642702102661,28000,0.0,0.0
1991-10-31 00:00:00-05:00,1.9103643355831024,1.9103643355831024,1.8506654500961304,1.8506654500961304,17600,0.0,0.0
1991-11-01 00:00:00-05:00,1.8506654500961304,1.8506654500961304,1.8506654500961304,1.8506654500961304,5600,0.0,0.0
1991-11-04 00:00:00-05:00,1.8506654500961304,1.8506654500961304,1.8506654500961304,1.8506654500961304,11200,0.0,0.0
1991-11-05 00:00:00-05:00,1.8506654500961304,1.9402137783265883,1.8506654500961304,1.8506654500961304,108800,0.0,0.0
1991-11-06 00:00:00-05:00,1.8506654500961304,1.9402137783265883,1.8506654500961304,1.8506654500961304,250400,0.0,0.0
1991-11-07 00:00:00-05:00,1.9402140378952026,1.9402140378952026,1.8506656976846547,1.9402140378952026,2400,0.0,0.0
1991-11-08 00:00:00-05:00,1.8506656932079886,1.895439863204956,1.8506656932079886,1.895439863204956,40800,0.0,0.0
1991-11-11 00:00:00-05:00,1.8506656976846547,1.9402140378952026,1.8506656976846547,1.9402140378952026,9600,0.0,0.0
1991-11-12 00:00:00-05:00,1.8506654500961304,1.8506654500961304,1.8506654500961304,1.8506654500961304,29600,0.0,0.0
1991-11-13 00:00:00-05:00,1.8506656976846547,1.9402140378952026,1.8506656976846547,1.9402140378952026,27200,0.0,0.0
1991-11-14 00:00:00-05:00,1.9402140378952026,1.9402140378952026,1.9402140378952026,1.9402140378952026,7200,0.0,0.0
1991-11-15 00:00:00-05:00,1.850665240991311,1.850665240991311,1.8208158016204834,1.8208158016204834,32000,0.0,0.0
1991-11-18 00:00:00-05:00,1.761117025583732,1.8208159078069095,1.761117025583732,1.7760417461395264,104000,0.0,0.0
1991-11-19 00:00:00-05:00,1.761116862297058,1.761116862297058,1.761116862297058,1.761116862297058,9600,0.0,0.0
1991-11-20 00:00:00-05:00,1.8208158016204834,1.8208158016204834,1.8208158016204834,1.8208158016204834,15200,0.0,0.0
1991-11-21 00:00:00-05:00,1.8208158016204834,1.8208158016204834,1.8208158016204834,1.8208158016204834,0,0.0,0.0
1991-11-22 00:00:00-05:00,1.761116862297058,1.761116862297058,1.761116862297058,1.761116862297058,4000,0.0,0.0
1991-11-25 00:00:00-05:00,1.761116862297058,1.761116862297058,1.761116862297058,1.761116862297058,1600,0.0,0.0
1991-11-26 00:00:00-05:00,1.761116862297058,1.790966300641076,1.761116862297058,1.761116862297058,20000,0.0,0.0
1991-11-27 00:00:00-05:00,1.7611170123363362,1.7611170123363362,1.7312675714492798,1.7312675714492798,5600,0.0,0.0
1991-11-29 00:00:00-05:00,1.7312675714492798,1.7909664532233929,1.7312675714492798,1.7312675714492798,28000,0.0,0.0
1991-12-02 00:00:00-05:00,1.7312675714492798,1.7312675714492798,1.7312675714492798,1.7312675714492798,1600,0.0,0.0
1991-12-03 00:00:00-05:00,1.7312675714492798,1.7312675714492798,1.7312675714492798,1.7312675714492798,17600,0.0,0.0
1991-12-04 00:00:00-05:00,1.7312675714492798,1.7312675714492798,1.7312675714492798,1.7312675714492798,15200,0.0,0.0
1991-12-05 00:00:00-05:00,1.7461922918928081,1.8208158941104493,1.7312675714492798,1.7312675714492798,49600,0.0,0.0
1991-12-06 00:00:00-05:00,1.820815744854155,1.8805146217346191,1.761116867973691,1.8805146217346191,122400,0.0,0.0
1991-12-09 00:00:00-05:00,1.8506654500961304,1.8506654500961304,1.8506654500961304,1.8506654500961304,4800,0.0,0.0
1991-12-10 00:00:00-05:00,1.8805148928396165,1.8805148928396165,1.8506654500961304,1.8506654500961304,57600,0.0,0.0
1991-12-11 00:00:00-05:00,1.8506654500961304,1.8506654500961304,1.8506654500961304,1.8506654500961304,22400,0.0,0.0
1991-12-12 00:00:00-05:00,1.8805146217346191,1.8805146217346191,1.8506651832943872,1.8805146217346191,18400,0.0,0.0
1991-12-13 00:00:00-05:00,1.8506651832943872,1.8805146217346191,1.8506651832943872,1.8805146217346191,16800,0.0,0.0
1991-12-16 00:00:00-05:00,1.8506654500961304,1.8506654500961304,1.8506654500961304,1.8506654500961304,12000,0.0,0.0
1991-12-17 00:00:00-05:00,1.8506654500961304,1.8506654500961304,1.8506654500961304,1.8506654500961304,29600,0.0,0.0
1991-12-18 00:00:00-05:00,1.8805148928396165,1.8805148928396165,1.8506654500961304,1.8506654500961304,37600,0.0,0.0
1991-12-19 00:00:00-05:00,1.8506653944651286,1.8805148363113402,1.7611170689264932,1.790966510772705,634400,0.0,0.0
1991-12-20 00:00:00-05:00,1.761116862297058,1.761116862297058,1.761116862297058,1.761116862297058,20000,0.0,0.0
1991-12-23 00:00:00-05:00,1.8208158016204834,1.8208158016204834,1.7909663622496557,1.8208158016204834,434400,0.0,0.0
1991-12-24 00:00:00-05:00,1.8208158016204834,1.8208158016204834,1.8208158016204834,1.8208158016204834,1600,0.0,0.0
1991-12-26 00:00:00-05:00,1.790966510772705,1.790966510772705,1.790966510772705,1.790966510772705,36000,0.0,0.0
1991-12-27 00:00:00-05:00,1.7611169228788282,1.8208158016204834,1.7611169228788282,1.8208158016204834,414400,0.0,0.0
1991-12-30 00:00:00-05:00,1.7611171218656725,1.8506654500961304,1.7611171218656725,1.8506654500961304,20800,0.0,0.0
1991-12-31 00:00:00-05:00,1.7611170689264932,1.8655901153882344,1.7611170689264932,1.790966510772705,220000,0.0,0.0
1992-01-02 00:00:00-05:00,1.790966510772705,1.8805148363113402,1.790966510772705,1.790966510772705,32000,0.0,0.0
1992-01-03 00:00:00-05:00,1.7909665224028797,1.8506654064829755,1.7909665224028797,1.8357406854629517,127200,0.0,0.0
1992-01-06 00:00:00-05:00,1.8506654500961304,1.8506654500961304,1.7909665646091584,1.8506654500961304,11200,0.0,0.0
1992-01-07 00:00:00-05:00,1.7909665224028797,1.8506654064829755,1.7909665224028797,1.8357406854629517,24800,0.0,0.0
1992-01-08 00:00:00-05:00,1.7909665646091584,1.8506654500961304,1.7909665646091584,1.8506654500961304,131200,0.0,0.0
1992-01-09 00:00:00-05:00,1.8208160073526445,1.8805148928396165,1.8208160073526445,1.8506654500961304,1441600,0.0,0.0
1992-01-10 00:00:00-05:00,1.9103642702102661,1.9103642702102661,1.8506653867661953,1.9103642702102661,544000,0.0,0.0
1992-01-13 00:00:00-05:00,1.9103643355831024,1.9103643355831024,1.8506654500961304,1.8506654500961304,10400,0.0,0.0
1992-01-14 00:00:00-05:00,1.8506656932079886,1.9103645865372785,1.8208162465433435,1.895439863204956,96000,0.0,0.0
1992-01-15 00:00:00-05:00,1.9103640601748513,1.9103640601748513,1.820815744854155,1.8805146217346191,16000,0.0,0.0
1992-01-16 00:00:00-05:00,1.8208160073526445,1.9402137783265883,1.8208160073526445,1.8506654500961304,2905600,0.0,0.0
1992-01-17 00:00:00-05:00,1.8506655512434063,1.970063328742981,1.8506655512434063,1.970063328742981,829600,0.0,0.0
1992-01-20 00:00:00-05:00,1.9700631775073152,1.9999126195907593,1.8805148512569827,1.9999126195907593,516800,0.0,0.0
1992-01-21 00:00:00-05:00,1.9103642702102661,1.9999125953763723,1.9103642702102661,1.9103642702102661,1610400,0.0,0.0
1992-01-22 00:00:00-05:00,1.9103642702102661,1.970063153654337,1.9103642702102661,1.9103642702102661,299200,0.0,0.0
1992-01-23 00:00:00-05:00,1.9700631775073152,2.0297620616742034,1.9700631775073152,1.9999126195907593,316800,0.0,0.0
1992-01-24 00:00:00-05:00,1.9999129313689012,1.9999129313689012,1.9103645911583533,1.9402140378952026,134400,0.0,0.0
1992-01-27 00:00:00-05:00,1.9402133956436038,1.9999122693557148,1.8954392403595208,1.9252886772155762,1697600,0.0,0.0
1992-01-28 00:00:00-05:00,1.9402137354238709,1.9999126195907593,1.9402137354238709,1.9999126195907593,234400,0.0,0.0
1992-01-29 00:00:00-05:00,1.9700629150166231,2.029761791229248,1.9700629150166231,2.029761791229248,166400,0.0,0.0
1992-01-30 00:00:00-05:00,2.029761881068133,2.0596113204956055,1.9999124416406604,2.0596113204956055,241600,0.0,0.0
1992-01-31 00:00:00-05:00,2.059611275248284,2.059611275248284,1.9999123977048554,2.0446865558624268,227200,0.0,0.0
1992-02-03 00:00:00-05:00,2.029761791229248,2.0446865102824043,2.029761791229248,2.029761791229248,10400,0.0,0.0
1992-02-04 00:00:00-05:00,2.0596113204956055,2.0596113204956055,2.044686600781869,2.0596113204956055,117600,0.0,0.0
1992-02-05 00:00:00-05:00,2.0446869220052446,2.1193105322974066,2.0446869220052446,2.089461088180542,1134400,0.0,0.0
1992-02-06 00:00:00-05:00,2.0596115787823996,2.1491599082946777,2.0596115787823996,2.1491599082946777,50400,0.0,0.0
1992-02-07 00:00:00-05:00,2.089460937070175,2.179009262944611,2.0297620531538842,2.1193103790283203,152000,0.0,0.0
1992-02-10 00:00:00-05:00,2.1491598209864655,2.1491598209864655,2.089460937070175,2.1193103790283203,29600,0.0,0.0
1992-02-11 00:00:00-05:00,2.089460759923078,2.1193101993505503,2.0596113204956055,2.0596113204956055,102400,0.0,0.0
1992-02-12 00:00:00-05:00,2.1193103790283203,2.1193103790283203,2.1193103790283203,2.1193103790283203,5600,0.0,0.0
1992-02-13 00:00:00-05:00,2.059611601795224,2.119310488803781,2.059611601795224,2.0745363235473633,219200,0.0,0.0
1992-02-14 00:00:00-05:00,2.059611601795224,2.119310488803781,2.059611601795224,2.0745363235473633,48800,0.0,0.0
1992-02-18 00:00:00-05:00,2.0297621999468123,2.089461088180542,2.0297621999468123,2.089461088180542,80000,0.0,0.0
1992-02-19 00:00:00-05:00,2.029761791229248,2.029761791229248,2.029761791229248,2.029761791229248,3200,0.0,0.0
1992-02-20 00:00:00-05:00,2.029761791229248,2.029761791229248,1.9849876340697794,2.029761791229248,24000,0.0,0.0
1992-02-21 00:00:00-05:00,1.9999123531229357,2.029761791229248,1.9999123531229357,2.029761791229248,240000,0.0,0.0
1992-02-24 00:00:00-05:00,1.9999126195907593,2.0297620616742034,1.9999126195907593,1.9999126195907593,18400,0.0,0.0
1992-02-25 00:00:00-05:00,1.9999126195907593,1.9999126195907593,1.9999126195907593,1.9999126195907593,24000,0.0,0.0
1992-02-26 00:00:00-05:00,2.014837495305321,2.014837495305321,1.970063328742981,1.970063328742981,20800,0.0,0.0
1992-02-27 00:00:00-05:00,1.9700629150166231,2.029761791229248,1.9700629150166231,2.029761791229248,25600,0.0,0.0
1992-02-28 00:00:00-05:00,1.970063328742981,1.9999127731178745,1.970063328742981,1.970063328742981,17600,0.0,0.0
1992-03-02 00:00:00-05:00,2.029761791229248,2.029761791229248,2.029761791229248,2.029761791229248,3200,0.0,0.0
1992-03-03 00:00:00-05:00,1.9700631035698786,2.0297619854962385,1.9700631035698786,2.0148372650146484,33600,0.0,0.0
1992-03-04 00:00:00-05:00,1.9849878985490372,1.9999126195907593,1.9700631775073152,1.9999126195907593,29600,0.0,0.0
1992-03-05 00:00:00-05:00,1.9700631775073152,1.9999126195907593,1.9700631775073152,1.9999126195907593,94400,0.0,0.0
1992-03-06 00:00:00-05:00,1.970063153654337,1.970063153654337,1.9103642702102661,1.9103642702102661,56800,0.0,0.0
1992-03-09 00:00:00-05:00,1.9103642933404268,1.9999126195907593,1.9103642933404268,1.9999126195907593,1600,0.0,0.0
1992-03-10 00:00:00-05:00,1.9103644399931936,1.9849880509304276,1.9103644399931936,1.970063328742981,108800,0.0,0.0
1992-03-11 00:00:00-05:00,1.9103642702102661,1.9103642702102661,1.9103642702102661,1.9103642702102661,12000,0.0,0.0
1992-03-12 00:00:00-05:00,1.9103642702102661,1.9103642702102661,1.9103642702102661,1.9103642702102661,28000,0.0,0.0
1992-03-13 00:00:00-05:00,1.9103642702102661,1.9103642702102661,1.9103642702102661,1.9103642702102661,0,0.0,0.0
1992-03-16 00:00:00-05:00,1.9103644399931936,1.970063328742981,1.8805149956183,1.970063328742981,45600,0.0,0.0
1992-03-17 00:00:00-05:00,1.9252887793949673,1.9252887793949673,1.8805146217346191,1.8805146217346191,27200,0.0,0.0
1992-03-18 00:00:00-05:00,1.8805146217346191,1.9402134986150834,1.8805146217346191,1.8805146217346191,24000,0.0,0.0
1992-03-19 00:00:00-05:00,1.8805148284882307,1.9103642702102661,1.8506653867661953,1.9103642702102661,88800,0.0,0.0
1992-03-20 00:00:00-05:00,1.9103642702102661,1.9103642702102661,1.9103642702102661,1.9103642702102661,0,0.0,0.0
1992-03-23 00:00:00-05:00,1.8506654500961304,1.8506654500961304,1.8506654500961304,1.8506654500961304,12000,0.0,0.0
1992-03-24 00:00:00-05:00,1.8805148928396165,1.8805148928396165,1.8506654500961304,1.8506654500961304,740800,0.0,0.0
1992-03-25 00:00:00-05:00,1.8506653867661953,1.9103642702102661,1.8506653867661953,1.9103642702102661,14400,0.0,0.0
1992-03-26 00:00:00-05:00,1.8506653867661953,1.9103642702102661,1.8506653867661953,1.9103642702102661,76800,0.0,0.0
1992-03-27 00:00:00-05:00,1.8805148928396165,1.8805148928396165,1.8506654500961304,1.8506654500961304,34400,0.0,0.0
1992-03-30 00:00:00-05:00,1.8506654500961304,1.8655901714678733,1.8506654500961304,1.8506654500961304,35200,0.0,0.0
1992-03-31 00:00:00-05:00,1.8506651832943872,1.8805146217346191,1.8506651832943872,1.8805146217346191,36800,0.0,0.0
1992-04-01 00:00:00-05:00,1.820815933227539,1.8805148162841796,1.820815933227539,1.8655900955200195,81600,0.0,0.0
1992-04-02 00:00:00-05:00,1.820815744854155,1.8805146217346191,1.820815744854155,1.8805146217346191,117600,0.0,0.0
1992-04-03 00:00:00-05:00,1.8208158016204834,1.850665240991311,1.8208158016204834,1.8208158016204834,36000,0.0,0.0
1992-04-06 00:00:00-04:00,1.8208158016204834,1.8208158016204834,1.8208158016204834,1.8208158016204834,15200,0.0,0.0
1992-04-07 00:00:00-04:00,1.8506651832943872,1.8805146217346191,1.820815744854155,1.8805146217346191,108800,0.0,0.0
1992-04-08 00:00:00-04:00,1.850665334997506,1.850665334997506,1.6715686896751667,1.7312675714492798,176800,0.0,0.0
1992-04-09 00:00:00-04:00,1.7312675714492798,1.7611170123363362,1.7014181305622231,1.7312675714492798,64800,0.0,0.0
1992-04-10 00:00:00-04:00,1.790966300641076,1.790966300641076,1.7312674239530401,1.761116862297058,53600,0.0,0.0
1992-04-13 00:00:00-04:00,1.7312675714492798,1.7312675714492798,1.7312675714492798,1.7312675714492798,6400,0.0,0.0
1992-04-14 00:00:00-04:00,1.790966300641076,1.820815738985094,1.761116862297058,1.761116862297058,88800,0.0,0.0
1992-04-15 00:00:00-04:00,1.7611170501708984,1.9103642578125,1.7611170501708984,1.8655900955200195,228000,0.0,0.0
1992-04-16 00:00:00-04:00,1.9103642702102661,1.9103642702102661,1.8805148284882307,1.9103642702102661,40800,0.0,0.0
1992-04-20 00:00:00-04:00,1.9103643355831024,1.9103643355831024,1.8506654500961304,1.8506654500961304,35200,0.0,0.0
1992-04-21 00:00:00-04:00,1.8506654500961304,1.8506654500961304,1.8506654500961304,1.8506654500961304,1600,0.0,0.0
1992-04-22 00:00:00-04:00,1.850665240991311,1.850665240991311,1.8208158016204834,1.8208158016204834,93600,0.0,0.0
1992-04-23 00:00:00-04:00,1.8208158016204834,1.8208158016204834,1.8208158016204834,1.8208158016204834,11200,0.0,0.0
1992-04-24 00:00:00-04:00,1.8208158016204834,1.8208158016204834,1.8208158016204834,1.8208158016204834,7200,0.0,0.0
1992-04-27 00:00:00-04:00,1.8208159644429276,1.8357406854629517,1.8208159644429276,1.8357406854629517,15200,0.0,0.0
1992-04-28 00:00:00-04:00,1.8208160073526445,1.8805148928396165,1.8208160073526445,1.8506654500961304,6400,0.0,0.0
1992-04-29 00:00:00-04:00,1.8208158016204834,1.8208158016204834,1.8208158016204834,1.8208158016204834,4000,0.0,0.0
1992-04-30 00:00:00-04:00,1.8208158016204834,1.8208158016204834,1.8208158016204834,1.8208158016204834,1600,0.0,0.0
1992-05-01 00:00:00-04:00,1.8506654500961304,1.8506654500961304,1.7909665646091584,1.8506654500961304,108000,0.0,0.0
1992-05-04 00:00:00-04:00,1.7611171218656725,1.9103643355831024,1.7611171218656725,1.8506654500961304,76800,0.0,0.0
1992-05-05 00:00:00-04:00,1.8506654500961304,1.8506654500961304,1.8506654500961304,1.8506654500961304,30400,0.0,0.0
1992-05-06 00:00:00-04:00,1.9103643355831024,1.9103643355831024,1.8506654500961304,1.8506654500961304,5600,0.0,0.0
1992-05-07 00:00:00-04:00,1.8506654500961304,1.8506654500961304,1.8506654500961304,1.8506654500961304,0,0.0,0.0
1992-05-08 00:00:00-04:00,1.9103643355831024,1.9103643355831024,1.8506654500961304,1.8506654500961304,20800,0.0,0.0
1992-05-11 00:00:00-04:00,1.8506654500961304,1.8506654500961304,1.8506654500961304,1.8506654500961304,800,0.0,0.0
1992-05-12 00:00:00-04:00,1.8506654500961304,1.8506654500961304,1.8506654500961304,1.8506654500961304,0,0.0,0.0
1992-05-13 00:00:00-04:00,1.8208158016204834,1.8208158016204834,1.8208158016204834,1.8208158016204834,28000,0.0,0.0
1992-05-14 00:00:00-04:00,1.8506651832943872,1.8805146217346191,1.820815744854155,1.8805146217346191,41600,0.0,0.0
1992-05-15 00:00:00-04:00,1.8058912124633788,1.8655900955200195,1.7909664916992187,1.8655900955200195,136000,0.0,0.0
1992-05-18 00:00:00-04:00,1.8208158016204834,1.8208158016204834,1.8208158016204834,1.8208158016204834,20800,0.0,0.0
1992-05-19 00:00:00-04:00,1.8208158016204834,1.850665240991311,1.7909663622496557,1.8208158016204834,102400,0.0,0.0
1992-05-20 00:00:00-04:00,1.7909664916992187,1.8655900955200195,1.731267608642578,1.8655900955200195,310400,0.0,0.0
1992-05-21 00:00:00-04:00,1.8208159644429276,1.8805148485230236,1.8208159644429276,1.8357406854629517,36800,0.0,0.0
1992-05-22 00:00:00-04:00,1.8357407287243874,1.8506654500961304,1.8208160073526445,1.8506654500961304,474400,0.0,0.0
1992-05-26 00:00:00-04:00,1.8208160073526445,1.8506654500961304,1.8208160073526445,1.8506654500961304,11200,0.0,0.0
1992-05-27 00:00:00-04:00,1.8208158016204834,1.8357405213058973,1.8208158016204834,1.8208158016204834,345600,0.0,0.0
1992-05-28 00:00:00-04:00,1.8208158016204834,1.8208158016204834,1.8208158016204834,1.8208158016204834,32000,0.0,0.0
1992-05-29 00:00:00-04:00,1.8506654500961304,1.8506654500961304,1.7909665646091584,1.8506654500961304,87200,0.0,0.0
1992-06-01 00:00:00-04:00,1.8506653944651286,1.8506653944651286,1.790966510772705,1.790966510772705,178400,0.0,0.0
1992-06-02 00:00:00-04:00,1.790966510772705,1.790966510772705,1.790966510772705,1.790966510772705,800,0.0,0.0
1992-06-03 00:00:00-04:00,1.7909665646091584,1.8506654500961304,1.7909665646091584,1.8506654500961304,2400,0.0,0.0
1992-06-04 00:00:00-04:00,1.8506654500961304,1.8506654500961304,1.8208160073526445,1.8506654500961304,147200,0.0,0.0
1992-06-05 00:00:00-04:00,1.7909663622496557,1.8208158016204834,1.7909663622496557,1.8208158016204834,468800,0.0,0.0
1992-06-08 00:00:00-04:00,1.820815738985094,1.820815738985094,1.761116862297058,1.761116862297058,136000,0.0,0.0
1992-06-09 00:00:00-04:00,1.7611169228788282,1.8208158016204834,1.7611169228788282,1.8208158016204834,85600,0.0,0.0
1992-06-10 00:00:00-04:00,1.761116862297058,1.820815738985094,1.761116862297058,1.761116862297058,31200,0.0,0.0
1992-06-11 00:00:00-04:00,1.8208158016204834,1.8208158016204834,1.7312674835080006,1.8208158016204834,12800,0.0,0.0
1992-06-12 00:00:00-04:00,1.820815738985094,1.820815738985094,1.7312674239530401,1.761116862297058,61600,0.0,0.0
1992-06-15 00:00:00-04:00,1.7312676270802816,1.8208159526189167,1.7312676270802816,1.790966510772705,12000,0.0,0.0
1992-06-16 00:00:00-04:00,1.7312675844721435,1.790966466695321,1.7312675844721435,1.7760417461395264,92800,0.0,0.0
1992-06-17 00:00:00-04:00,1.7312676270802816,1.790966510772705,1.7312676270802816,1.790966510772705,12800,0.0,0.0
1992-06-18 00:00:00-04:00,1.7312675714492798,1.7312675714492798,1.7312675714492798,1.7312675714492798,8800,0.0,0.0
1992-06-19 00:00:00-04:00,1.761116862297058,1.761116862297058,1.7312674239530401,1.761116862297058,118400,0.0,0.0
1992-06-22 00:00:00-04:00,1.761116862297058,1.761116862297058,1.761116862297058,1.761116862297058,0,0.0,0.0
1992-06-23 00:00:00-04:00,1.7312674835080006,1.8208158016204834,1.7312674835080006,1.8208158016204834,6400,0.0,0.0
1992-06-24 00:00:00-04:00,1.7312675714492798,1.7312675714492798,1.7312675714492798,1.7312675714492798,4800,0.0,0.0
1992-06-25 00:00:00-04:00,1.8208158016204834,1.8208158016204834,1.8208158016204834,1.8208158016204834,4800,0.0,0.0
1992-06-26 00:00:00-04:00,1.8208158016204834,1.8208158016204834,1.8208158016204834,1.8208158016204834,1600,0.0,0.0
1992-06-29 00:00:00-04:00,1.8208158941104493,1.8208158941104493,1.7312675714492798,1.7312675714492798,18400,0.0,0.0
1992-06-30 00:00:00-04:00,1.7312676270802816,1.8506653944651286,1.7312676270802816,1.790966510772705,204800,0.0,0.0
1992-07-01 00:00:00-04:00,1.7909663622496557,1.850665240991311,1.7909663622496557,1.8208158016204834,215200,0.0,0.0
1992-07-02 00:00:00-04:00,1.7909664358974489,1.8208158764957396,1.7909664358974489,1.8058911561965942,56800,0.0,0.0
1992-07-06 00:00:00-04:00,1.8208162509478054,1.9402140378952026,1.7909668042109563,1.9402140378952026,574400,0.0,0.0
1992-07-07 00:00:00-04:00,1.9402137119323015,1.9402137119323015,1.8506653867661953,1.9103642702102661,8800,0.0,0.0
1992-07-08 00:00:00-04:00,1.8506655512434063,1.970063328742981,1.8506655512434063,1.970063328742981,120000,0.0,0.0
1992-07-09 00:00:00-04:00,1.9103644399931936,1.970063328742981,1.9103644399931936,1.970063328742981,53600,0.0,0.0
1992-07-10 00:00:00-04:00,1.9402135627857153,2.1193101993505503,1.9103641233582427,2.0596113204956055,368800,0.0,0.0
1992-07-13 00:00:00-04:00,2.0596113204956055,2.1193101993505503,2.0596113204956055,2.0596113204956055,108800,0.0,0.0
1992-07-14 00:00:00-04:00,2.0596113204956055,2.0596113204956055,2.0596113204956055,2.0596113204956055,219200,0.0,0.0
1992-07-15 00:00:00-04:00,2.089460667441873,2.089460667441873,2.029761791229248,2.029761791229248,138400,0.0,0.0
1992-07-16 00:00:00-04:00,1.9999126195907593,2.0297620616742034,1.9700631775073152,1.9999126195907593,424000,0.0,0.0
1992-07-17 00:00:00-04:00,2.0297620616742034,2.0297620616742034,1.9700631775073152,1.9999126195907593,84000,0.0,0.0
1992-07-20 00:00:00-04:00,1.9700631035698786,2.0148372650146484,1.9700631035698786,2.0148372650146484,68800,0.0,0.0
1992-07-21 00:00:00-04:00,1.9700629150166231,2.029761791229248,1.9700629150166231,2.029761791229248,36000,0.0,0.0
1992-07-22 00:00:00-04:00,2.029761791229248,2.0596112293355606,2.029761791229248,2.029761791229248,16000,0.0,0.0
1992-07-23 00:00:00-04:00,2.029761791229248,2.0596112293355606,2.029761791229248,2.029761791229248,34400,0.0,0.0
1992-07-24 00:00:00-04:00,1.9999124416406604,2.0596113204956055,1.9999124416406604,2.0596113204956055,9600,0.0,0.0
1992-07-27 00:00:00-04:00,2.0596112293355606,2.0596112293355606,1.9999123531229357,2.029761791229248,14400,0.0,0.0
1992-07-28 00:00:00-04:00,2.029761881068133,2.1193101993505503,1.9999124416406604,2.0596113204956055,727200,0.0,0.0
1992-07-29 00:00:00-04:00,2.1193103790283203,2.1491598209864655,2.0596114951120295,2.1193103790283203,308800,0.0,0.0
1992-07-30 00:00:00-04:00,2.1193101993505503,2.149159638778023,2.0596113204956055,2.0596113204956055,348800,0.0,0.0
1992-07-31 00:00:00-04:00,2.1193101055481853,2.1193101055481853,2.029761791229248,2.029761791229248,32000,0.0,0.0
1992-08-03 00:00:00-04:00,1.9999126195907593,1.9999126195907593,1.9999126195907593,1.9999126195907593,76000,0.0,0.0
1992-08-04 00:00:00-04:00,1.9700631775073152,1.9999126195907593,1.9700631775073152,1.9999126195907593,10400,0.0,0.0
1992-08-05 00:00:00-04:00,1.970063153654337,1.9999125953763723,1.9103642702102661,1.9103642702102661,315200,0.0,0.0
1992-08-06 00:00:00-04:00,1.9402138675962175,2.089461088180542,1.9402138675962175,2.089461088180542,224000,0.0,0.0
1992-08-07 00:00:00-04:00,2.089461088180542,2.1193105322974066,2.0297621999468123,2.089461088180542,518400,0.0,0.0
1992-08-10 00:00:00-04:00,2.0596114951120295,2.1193103790283203,2.0596114951120295,2.1193103790283203,97600,0.0,0.0
1992-08-11 00:00:00-04:00,2.119310548860733,2.179009437561035,2.0894611045105815,2.179009437561035,210400,0.0,0.0
1992-08-12 00:00:00-04:00,2.1491599932108842,2.2088588819111865,2.1491599932108842,2.179009437561035,267200,0.0,0.0
1992-08-13 00:00:00-04:00,2.149160105031687,2.179009550934905,2.119310659128469,2.134235382080078,244000,0.0,0.0
1992-08-14 00:00:00-04:00,2.1193103790283203,2.1193103790283203,2.1193103790283203,2.1193103790283203,19200,0.0,0.0
1992-08-17 00:00:00-04:00,2.119310659128469,2.179009550934905,2.0894612132252512,2.134235382080078,217600,0.0,0.0
1992-08-18 00:00:00-04:00,2.1193103790283203,2.1193103790283203,2.1193103790283203,2.1193103790283203,81600,0.0,0.0
1992-08-19 00:00:00-04:00,2.179009262944611,2.179009262944611,2.1193103790283203,2.1193103790283203,33600,0.0,0.0
1992-08-20 00:00:00-04:00,2.1193103790283203,2.179009262944611,2.1193103790283203,2.1193103790283203,73600,0.0,0.0
1992-08-21 00:00:00-04:00,2.1491599932108842,2.2387083262613374,2.1491599932108842,2.179009437561035,379200,0.0,0.0
1992-08-24 00:00:00-04:00,2.14915961188239,2.2088584899902344,2.14915961188239,2.2088584899902344,60000,0.0,0.0
1992-08-25 00:00:00-04:00,2.1491599082946777,2.2088587946361966,2.1491599082946777,2.1491599082946777,16000,0.0,0.0
1992-08-26 00:00:00-04:00,2.1491599082946777,2.1491599082946777,2.1491599082946777,2.1491599082946777,26400,0.0,0.0
1992-08-27 00:00:00-04:00,2.119310548860733,2.179009437561035,2.119310548860733,2.179009437561035,339200,0.0,0.0
1992-08-28 00:00:00-04:00,2.179009437561035,2.179009437561035,2.1491599932108842,2.179009437561035,245600,0.0,0.0
1992-08-31 00:00:00-04:00,2.1640846298800573,2.1640846298800573,2.1491599082946777,2.1491599082946777,20000,0.0,0.0
1992-09-01 00:00:00-04:00,2.149160268355389,2.2088591646985942,2.149160268355389,2.193934440612793,463200,0.0,0.0
1992-09-02 00:00:00-04:00,2.1491599082946777,2.2088587946361966,2.1491599082946777,2.1491599082946777,13600,0.0,0.0
1992-09-03 00:00:00-04:00,2.2088584899902344,2.2088584899902344,2.2088584899902344,2.2088584899902344,5600,0.0,0.0
1992-09-04 00:00:00-04:00,2.2088584899902344,2.2088584899902344,2.2088584899902344,2.2088584899902344,0,0.0,0.0
1992-09-08 00:00:00-04:00,2.1491599932108842,2.2387083262613374,2.1491599932108842,2.179009437561035,92000,0.0,0.0
1992-09-09 00:00:00-04:00,2.179009437561035,2.179009437561035,2.179009437561035,2.179009437561035,0,0.0,0.0
1992-09-10 00:00:00-04:00,2.2387083423765084,2.2984072315065482,2.179009453246468,2.2685577869415283,128000,0.0,0.0
1992-09-11 00:00:00-04:00,2.298407132508325,2.7461487816982584,2.268557689228996,2.7312240600585938,940000,0.0,0.0
1992-09-14 00:00:00-04:00,2.6864498951396003,2.805847668256916,2.6864498951396003,2.7312240600585938,576000,0.0,0.0
1992-09-15 00:00:00-04:00,2.6864500045776367,2.716299449072944,2.6267511155870227,2.6864500045776367,224000,0.0,0.0
1992-09-16 00:00:00-04:00,2.626750593600066,2.7461483478546143,2.626750593600066,2.7461483478546143,363200,0.0,0.0
1992-09-17 00:00:00-04:00,2.746148758746208,2.8953959738954587,2.746148758746208,2.805847644805908,237600,0.0,0.0
1992-09-18 00:00:00-04:00,2.8058477167813285,3.164041042327881,2.8058477167813285,3.164041042327881,914400,0.0,0.0
1992-09-21 00:00:00-04:00,3.0744926738739013,3.164041004180908,2.9550949001312254,2.9849443435668945,1099200,0.0,0.0
1992-09-22 00:00:00-04:00,2.984944044374952,3.044642925262451,2.984944044374952,3.044642925262451,886400,0.0,0.0
1992-09-23 00:00:00-04:00,2.955094726718202,2.984944168402224,2.865546401666135,2.9252452850341797,76000,0.0,0.0
1992-09-24 00:00:00-04:00,2.865546401666135,2.9252452850341797,2.865546401666135,2.9252452850341797,41600,0.0,0.0
1992-09-25 00:00:00-04:00,2.865546703338623,2.8953961481650667,2.8058478136857348,2.865546703338623,164800,0.0,0.0
1992-09-28 00:00:00-04:00,2.865546703338623,2.955095037817955,2.865546703338623,2.865546703338623,141600,0.0,0.0
1992-09-29 00:00:00-04:00,2.955095037817955,2.955095037817955,2.865546703338623,2.865546703338623,18400,0.0,0.0
1992-09-30 00:00:00-04:00,2.865545793013139,2.9550940990448,2.865545793013139,2.9550940990448,32000,0.0,0.0
1992-10-01 00:00:00-04:00,2.955095037817955,2.955095037817955,2.865546703338623,2.865546703338623,20000,0.0,0.0
1992-10-02 00:00:00-04:00,2.8655465308656085,2.9550948599551585,2.805847644805908,2.805847644805908,68800,0.0,0.0
1992-10-05 00:00:00-04:00,2.716299362396926,2.716299362396926,2.5969015882256326,2.6566004753112793,44800,0.0,0.0
1992-10-06 00:00:00-04:00,2.746148777991226,2.9550948806644715,2.746148777991226,2.8953959941864014,336000,0.0,0.0
1992-10-07 00:00:00-04:00,2.8953960132598877,3.0744926738739013,2.8953960132598877,2.9849443435668945,588000,0.0,0.0
1992-10-08 00:00:00-04:00,2.9252452850341797,2.984944168402224,2.9252452850341797,2.9252452850341797,100800,0.0,0.0
1992-10-09 00:00:00-04:00,2.925245592991511,2.925245592991511,2.865546703338623,2.865546703338623,12800,0.0,0.0
1992-10-12 00:00:00-04:00,2.865546703338623,2.8953961481650667,2.865546703338623,2.865546703338623,222400,0.0,0.0
1992-10-13 00:00:00-04:00,2.865546550947366,2.9550948806644715,2.865546550947366,2.8953959941864014,616000,0.0,0.0
1992-10-14 00:00:00-04:00,2.865546703338623,2.925245592991511,2.835697258512179,2.865546703338623,127200,0.0,0.0
1992-10-15 00:00:00-04:00,2.8058478136857348,2.865546703338623,2.8058478136857348,2.865546703338623,37600,0.0,0.0
1992-10-16 00:00:00-04:00,2.865546550947366,2.8953959941864014,2.865546550947366,2.8953959941864014,53600,0.0,0.0
1992-10-19 00:00:00-04:00,2.865546401666135,2.9252452850341797,2.865546401666135,2.9252452850341797,105600,0.0,0.0
1992-10-20 00:00:00-04:00,2.9252451634874532,3.10434180614995,2.9252451634874532,3.044642925262451,412000,0.0,0.0
1992-10-21 00:00:00-04:00,3.1341913861965915,3.283438595063096,3.1043419444232905,3.253589153289795,760000,0.0,0.0
1992-10-22 00:00:00-04:00,3.193890208596582,3.3132879734039307,3.193890208596582,3.3132879734039307,108800,0.0,0.0
1992-10-23 00:00:00-04:00,3.3132879734039307,3.343137414605768,3.283438532202094,3.3132879734039307,252000,0.0,0.0
1992-10-26 00:00:00-05:00,3.2834389916172735,3.2834389916172735,3.2237401008605957,3.2237401008605957,23200,0.0,0.0
1992-10-27 00:00:00-05:00,3.2237401008605957,3.2834389916172735,3.208815378171426,3.2237401008605957,60800,0.0,0.0
1992-10-28 00:00:00-05:00,3.253589373714519,3.253589373714519,3.164041042327881,3.164041042327881,27200,0.0,0.0
1992-10-29 00:00:00-05:00,3.1640411269998996,3.1938905715942383,3.1640411269998996,3.1938905715942383,4000,0.0,0.0
1992-10-30 00:00:00-05:00,3.1640409122813833,3.2834386825561523,3.1640409122813833,3.2834386825561523,178400,0.0,0.0
1992-11-02 00:00:00-05:00,3.283438595063096,3.283438595063096,3.2237397115164943,3.253589153289795,62400,0.0,0.0
1992-11-03 00:00:00-05:00,3.2237397115164943,3.283438595063096,3.2237397115164943,3.253589153289795,184000,0.0,0.0
1992-11-04 00:00:00-05:00,3.2535895462389344,3.2834389916172735,3.2237401008605957,3.2237401008605957,143200,0.0,0.0
1992-11-05 00:00:00-05:00,3.25358923998746,3.3729870102622295,3.25358923998746,3.2834386825561523,480800,0.0,0.0
1992-11-06 00:00:00-05:00,3.34313702583313,3.34313702583313,3.2834381503718237,3.34313702583313,32800,0.0,0.0
1992-11-09 00:00:00-05:00,3.34313702583313,3.3729864635637825,3.34313702583313,3.34313702583313,92800,0.0,0.0
1992-11-10 00:00:00-05:00,3.372986928621928,3.6416319052378334,3.372986928621928,3.58193302154541,384000,0.0,0.0
1992-11-11 00:00:00-05:00,3.611782486845807,3.6714813709259033,3.5520836027657112,3.6714813709259033,458400,0.0,0.0
1992-11-12 00:00:00-05:00,3.671481331810355,3.8505779821425676,3.6117824483662844,3.8207285404205322,1128000,0.0,0.0
1992-11-13 00:00:00-05:00,3.8505773544311523,3.8505773544311523,3.7610290438629863,3.8505773544311523,1080000,0.0,0.0
1992-11-16 00:00:00-05:00,3.850578619739202,3.850578619739202,3.790879726409912,3.790879726409912,749600,0.0,0.0
1992-11-17 00:00:00-05:00,3.7610292434692383,3.8207281203497026,3.7013303665887745,3.7610292434692383,510400,0.0,0.0
1992-11-18 00:00:00-05:00,3.7013303665887745,3.7908786819094704,3.7013303665887745,3.7610292434692383,119200,0.0,0.0
1992-11-19 00:00:00-05:00,3.6714814798331554,3.7311803656841014,3.5222342652057916,3.6267073154449463,326400,0.0,0.0
1992-11-20 00:00:00-05:00,3.641631603240967,3.641631603240967,3.552083285128484,3.641631603240967,47200,0.0,0.0
1992-11-23 00:00:00-05:00,3.64163210401974,3.64163210401974,3.552083773593025,3.5670084953308105,84000,0.0,0.0
1992-11-24 00:00:00-05:00,3.567008094165636,3.5819328142249063,3.432685613632202,3.432685613632202,148800,0.0,0.0
1992-11-25 00:00:00-05:00,3.4625348479060802,3.522233724594116,3.4326854095620627,3.522233724594116,186400,0.0,0.0
1992-11-27 00:00:00-05:00,3.5222341378529864,3.58193302154541,3.462535254160563,3.58193302154541,88000,0.0,0.0
1992-11-30 00:00:00-05:00,3.6117823123931885,3.7013306341880607,3.5819328717948977,3.6117823123931885,481600,0.0,0.0
1992-12-01 00:00:00-05:00,3.8207286711662047,3.8207286711662047,3.641632014705289,3.7013309001922607,332800,0.0,2.0
1992-12-02 00:00:00-05:00,3.761029785679233,3.761029785679233,3.641632014705289,3.7013309001922607,276800,0.0,0.0
1992-12-03 00:00:00-05:00,3.701330481982622,3.701330481982622,3.641631603240967,3.641631603240967,35200,0.0,0.0
1992-12-04 00:00:00-05:00,3.7013309001922607,3.7013309001922607,3.641632014705289,3.7013309001922607,394400,0.0,0.0
1992-12-07 00:00:00-05:00,3.7013307735323906,3.8207285404205322,3.64163189008832,3.8207285404205322,223200,0.0,0.0
1992-12-08 00:00:00-05:00,3.8207290299976147,3.999825703278753,3.761030138903902,3.9102773666381836,803600,0.0,0.0
1992-12-09 00:00:00-05:00,3.999825089066117,4.119222852918837,3.940126207139757,4.029674530029297,343600,0.0,0.0
1992-12-10 00:00:00-05:00,4.119222990224059,4.238620758056641,3.9998252223914776,4.238620758056641,138800,0.0,0.0
1992-12-11 00:00:00-05:00,4.23862096786499,4.596814289093017,4.059524307250976,4.477416515350342,206800,0.0,0.0
1992-12-14 00:00:00-05:00,4.596814289093017,4.596814289093017,4.477416515350342,4.477416515350342,923200,0.0,0.0
1992-12-15 00:00:00-05:00,4.537115361955431,4.537115361955431,4.238620930247837,4.2983198165893555,232000,0.0,0.0
1992-12-16 00:00:00-05:00,4.2983199864217685,4.5371155412229776,4.238621097721466,4.35801887512207,350800,0.0,0.0
1992-12-17 00:00:00-05:00,4.358018702930875,4.358018702930875,4.238620930247837,4.2983198165893555,363600,0.0,0.0
1992-12-18 00:00:00-05:00,4.35801887512207,4.35801887512207,4.238621097721466,4.35801887512207,62400,0.0,0.0
1992-12-21 00:00:00-05:00,4.35801887512207,4.35801887512207,4.238621097721466,4.35801887512207,31200,0.0,0.0
1992-12-22 00:00:00-05:00,4.238620758056641,4.358018525889222,4.238620758056641,4.238620758056641,50000,0.0,0.0
1992-12-23 00:00:00-05:00,4.35801887512207,4.35801887512207,4.35801887512207,4.35801887512207,20000,0.0,0.0
1992-12-24 00:00:00-05:00,4.35801887512207,4.35801887512207,4.35801887512207,4.35801887512207,3600,0.0,0.0
1992-12-28 00:00:00-05:00,4.3580181018726245,4.417716979980469,4.29831922376478,4.417716979980469,20800,0.0,0.0
1992-12-29 00:00:00-05:00,4.298319854736328,4.477416515350342,4.298319854736328,4.477416515350342,32000,0.0,0.0
1992-12-30 00:00:00-05:00,4.3580181018726245,4.477415858088313,4.3580181018726245,4.417716979980469,144000,0.0,0.0
1992-12-31 00:00:00-05:00,4.417717763822373,4.417717763822373,4.2983199864217685,4.35801887512207,29200,0.0,0.0
1993-01-04 00:00:00-05:00,4.2983199864217685,4.417717763822373,4.2983199864217685,4.35801887512207,38400,0.0,0.0
1993-01-05 00:00:00-05:00,4.417716979980469,4.417716979980469,4.238620345656936,4.417716979980469,14000,0.0,0.0
1993-01-06 00:00:00-05:00,4.417717409805513,4.417717409805513,4.238620758056641,4.238620758056641,179600,0.0,0.0
1993-01-07 00:00:00-05:00,4.3580188410622736,4.3580188410622736,4.119223288127354,4.178922176361084,294000,0.0,0.0
1993-01-08 00:00:00-05:00,4.178922176361084,4.298319952828543,4.059524399893625,4.178922176361084,185200,0.0,0.0
1993-01-11 00:00:00-05:00,4.119221971390095,4.238619709691258,4.119221971390095,4.208770275115967,68000,0.0,0.0
1993-01-12 00:00:00-05:00,4.298319277556046,4.298319277556046,4.119222640991211,4.119222640991211,4800,0.0,0.0
1993-01-13 00:00:00-05:00,4.2983185788418385,4.2983185788418385,4.119221971390095,4.208770275115967,35600,0.0,0.0
1993-01-14 00:00:00-05:00,4.119223157564799,4.2983198165893555,4.119223157564799,4.2983198165893555,46800,0.0,0.0
1993-01-15 00:00:00-05:00,4.2983198165893555,4.2983198165893555,4.119223157564799,4.2983198165893555,77600,0.0,0.0
1993-01-18 00:00:00-05:00,4.238620345656936,4.417716979980469,4.238620345656936,4.417716979980469,374000,0.0,0.0
1993-01-19 00:00:00-05:00,4.477416475613912,4.477416475613912,4.2983198165893555,4.2983198165893555,551200,0.0,0.0
1993-01-20 00:00:00-05:00,4.417716979980469,4.417716979980469,4.238620345656936,4.417716979980469,69200,0.0,0.0
1993-01-21 00:00:00-05:00,4.417717729296003,4.417717729296003,4.178922176361084,4.178922176361084,22400,0.0,0.0
1993-01-22 00:00:00-05:00,4.35801887512207,4.35801887512207,4.238621097721466,4.35801887512207,62400,0.0,0.0
1993-01-25 00:00:00-05:00,4.358018156410991,4.358018156410991,4.119222640991211,4.119222640991211,57600,0.0,0.0
1993-01-26 00:00:00-05:00,4.119223288127354,4.238621064594813,3.9998255116598944,4.178922176361084,115600,0.0,0.0
1993-01-27 00:00:00-05:00,4.178922212485111,4.178922212485111,3.820728879986387,3.940126657485962,69600,0.0,0.0
1993-01-28 00:00:00-05:00,3.940126969264104,3.940126969264104,3.7013313953693094,3.8804280757904053,72000,0.0,0.0
1993-01-29 00:00:00-05:00,3.8207290299976147,3.9102773666381836,3.8207290299976147,3.9102773666381836,8400,0.0,0.0
1993-02-01 00:00:00-05:00,3.9998252391815186,3.9998252391815186,3.8207285866808536,3.9998252391815186,37600,0.0,0.0
1993-02-02 00:00:00-05:00,3.8207291823167067,3.9998258627378025,3.8207291823167067,3.8804280757904053,211600,0.0,0.0
1993-02-03 00:00:00-05:00,3.8207285866808536,3.9998252391815186,3.8207285866808536,3.9998252391815186,3600,0.0,0.0
1993-02-04 00:00:00-05:00,3.8207291823167067,3.9998258627378025,3.8207291823167067,3.8804280757904053,35600,0.0,0.0
1993-02-05 00:00:00-05:00,3.7610297025139654,3.9998252391815186,3.7610297025139654,3.9998252391815186,10800,0.0,0.0
1993-02-08 00:00:00-05:00,3.940126657485962,3.940126657485962,3.7610299912366,3.940126657485962,24800,0.0,0.0
1993-02-09 00:00:00-05:00,3.7610299912366,3.940126657485962,3.7610299912366,3.940126657485962,48000,0.0,0.0
1993-02-10 00:00:00-05:00,3.880426997230167,3.9401258741106306,3.7610292434692383,3.7610292434692383,27200,0.0,0.0
1993-02-11 00:00:00-05:00,3.940126307308674,3.940126307308674,3.7610296569764614,3.8207285404205322,41200,0.0,0.0
1993-02-12 00:00:00-05:00,3.999825703278753,3.999825703278753,3.8804279210913273,3.9102773666381836,43600,0.0,0.0
1993-02-16 00:00:00-05:00,3.999824750991095,3.999824750991095,3.7013303665887745,3.7610292434692383,79200,0.0,0.0
1993-02-17 00:00:00-05:00,3.701330669995012,3.701330669995012,3.4625351428985596,3.4625351428985596,138800,0.0,0.0
1993-02-18 00:00:00-05:00,3.6416317882208986,3.701330669995012,3.28343849757622,3.4625351428985596,145600,0.0,0.0
1993-02-19 00:00:00-05:00,3.581932527678353,3.6416314031396593,3.2834381503718237,3.34313702583313,254800,0.0,0.0
1993-02-22 00:00:00-05:00,3.2834389916172735,3.4028367731306286,3.10434231934724,3.2237401008605957,71200,0.0,0.0
1993-02-23 00:00:00-05:00,3.1043421173095704,3.223739891052246,2.925245456695557,2.9849443435668945,185200,0.0,0.0
1993-02-24 00:00:00-05:00,3.104341852253881,3.4625351428985596,2.984944088705655,3.4625351428985596,139600,0.0,0.0
1993-02-25 00:00:00-05:00,3.4625347767557413,3.581932527678353,3.2834381503718237,3.34313702583313,112800,0.0,0.0
1993-02-26 00:00:00-05:00,3.4625351094017343,3.6416317529914792,3.4625351094017343,3.6117823123931885,214800,0.0,0.0
1993-03-01 00:00:00-05:00,3.6416317529914792,3.6416317529914792,3.6117823123931885,3.6117823123931885,210000,0.0,0.0
1993-03-02 00:00:00-05:00,3.641631928885855,3.820728581126143,3.5819330448057594,3.6714813709259033,323600,0.0,0.0
1993-03-03 00:00:00-05:00,3.5819326128278464,3.7610292434692383,3.5819326128278464,3.7610292434692383,250800,0.0,0.0
1993-03-04 00:00:00-05:00,3.6416322137370254,3.999825546235749,3.6416322137370254,3.940126657485962,387600,0.0,0.0
1993-03-05 00:00:00-05:00,3.9998252391815186,4.059524123348407,3.8804274708477418,3.9998252391815186,172800,0.0,0.0
1993-03-08 00:00:00-05:00,3.9401263550146304,4.119223007515295,3.9401263550146304,3.9998252391815186,226000,0.0,0.0
1993-03-09 00:00:00-05:00,3.9998252223914776,4.238620758056641,3.9998252223914776,4.238620758056641,45600,0.0,0.0
1993-03-10 00:00:00-05:00,4.119222458671121,4.238620211096371,4.059523582458496,4.059523582458496,50400,0.0,0.0
1993-03-11 00:00:00-05:00,3.999824883281321,4.119222640991211,3.999824883281321,4.119222640991211,21600,0.0,0.0
1993-03-12 00:00:00-05:00,3.9998252391815186,4.059524123348407,3.9401263550146304,3.9998252391815186,99200,0.0,0.0
1993-03-15 00:00:00-05:00,4.059524434985536,4.059524434985536,3.940126657485962,3.940126657485962,11600,0.0,0.0
1993-03-16 00:00:00-05:00,3.940126657485962,3.940126657485962,3.940126657485962,3.940126657485962,2800,0.0,0.0
1993-03-17 00:00:00-05:00,4.119223323735324,4.119223323735324,3.940126657485962,3.940126657485962,79600,0.0,0.0
1993-03-18 00:00:00-05:00,3.999824795409711,4.119222550496568,3.9401259178662826,4.0893731117248535,33600,0.0,0.0
1993-03-19 00:00:00-05:00,3.9401263550146304,4.059524123348407,3.9401263550146304,3.9998252391815186,85600,0.0,0.0
1993-03-22 00:00:00-05:00,3.9699761018608553,3.999825546235749,3.8804277687361743,3.940126657485962,360800,0.0,0.0
1993-03-23 00:00:00-05:00,3.999825546235749,3.999825546235749,3.7610299912366,3.940126657485962,25200,0.0,0.0
1993-03-24 00:00:00-05:00,3.7908797355798574,3.8804280757904053,3.761030288843008,3.8804280757904053,74000,0.0,0.0
1993-03-25 00:00:00-05:00,3.7610292434692383,3.7610292434692383,3.7610292434692383,3.7610292434692383,1200,0.0,0.0
1993-03-26 00:00:00-05:00,3.761030288843008,3.8804280757904053,3.761030288843008,3.8804280757904053,3200,0.0,0.0
1993-03-29 00:00:00-05:00,3.880427325213397,4.059523970992477,3.7610295613606772,4.029674530029297,151200,0.0,0.0
1993-03-30 00:00:00-05:00,3.9998252391815186,4.059524123348407,3.9998252391815186,3.9998252391815186,41600,0.0,0.0
1993-03-31 00:00:00-05:00,4.059524399893625,4.238621064594813,3.9998255116598944,4.178922176361084,203200,0.0,0.0
1993-04-01 00:00:00-05:00,4.238620211096371,4.238620211096371,4.059523582458496,4.059523582458496,355200,0.0,0.0
1993-04-02 00:00:00-05:00,3.999825546235749,4.059524434985536,3.940126657485962,3.940126657485962,49600,0.0,0.0
1993-04-05 00:00:00-04:00,3.8804280757904053,4.059524756211501,3.8804280757904053,3.8804280757904053,182000,0.0,0.0
1993-04-06 00:00:00-04:00,3.8804280757904053,3.9998258627378025,3.8804280757904053,3.8804280757904053,72800,0.0,0.0
1993-04-07 00:00:00-04:00,3.8804280757904053,3.9998258627378025,3.8804280757904053,3.8804280757904053,4000,0.0,0.0
1993-04-08 00:00:00-04:00,3.8804274708477418,3.9998252391815186,3.8804274708477418,3.9998252391815186,4400,0.0,0.0
1993-04-12 00:00:00-04:00,3.8804280757904053,3.9998258627378025,3.8804280757904053,3.8804280757904053,98800,0.0,0.0
1993-04-13 00:00:00-04:00,3.8804277687361743,3.999825546235749,3.8804277687361743,3.940126657485962,46000,0.0,0.0
1993-04-14 00:00:00-04:00,3.8804277687361743,3.999825546235749,3.8804277687361743,3.940126657485962,42400,0.0,0.0
1993-04-15 00:00:00-04:00,3.8804280757904053,3.8804280757904053,3.8804280757904053,3.8804280757904053,13200,0.0,0.0
1993-04-16 00:00:00-04:00,3.880426997230167,3.999824750991095,3.7610292434692383,3.7610292434692383,63200,0.0,0.0
1993-04-19 00:00:00-04:00,3.7610296970460473,3.7610296970460473,3.641631928885855,3.6714813709259033,124000,0.0,0.0
1993-04-20 00:00:00-04:00,3.7610292313462597,3.7610292313462597,3.522233724594116,3.522233724594116,33200,0.0,0.0
1993-04-21 00:00:00-04:00,3.641631603240967,3.701330481982622,3.5819327244993113,3.641631603240967,74400,0.0,0.0
1993-04-22 00:00:00-04:00,3.7013309001922607,3.790879228422719,3.641632014705289,3.7013309001922607,48000,0.0,0.0
1993-04-23 00:00:00-04:00,3.8207286711662047,3.8804275566531765,3.7013309001922607,3.7013309001922607,32400,0.0,0.0
1993-04-26 00:00:00-04:00,3.790879228422719,3.790879228422719,3.7013309001922607,3.7013309001922607,81600,0.0,0.0
1993-04-27 00:00:00-04:00,3.7013309001922607,3.8804275566531765,3.7013309001922607,3.7013309001922607,15600,0.0,0.0
1993-04-28 00:00:00-04:00,3.7013309001922607,3.8804275566531765,3.7013309001922607,3.7013309001922607,6400,0.0,0.0
1993-04-29 00:00:00-04:00,3.8804271182075873,3.8804271182075873,3.641631603240967,3.641631603240967,26400,0.0,0.0
1993-04-30 00:00:00-04:00,3.761029785679233,3.761029785679233,3.7013309001922607,3.7013309001922607,9200,0.0,0.0
1993-05-03 00:00:00-04:00,3.761029785679233,3.761029785679233,3.7013309001922607,3.7013309001922607,16400,0.0,0.0
1993-05-04 00:00:00-04:00,3.761030138903902,3.94012681218504,3.761030138903902,3.9102773666381836,92000,0.0,0.0
1993-05-05 00:00:00-04:00,3.9401258300332462,4.119222458671121,3.9401258300332462,4.059523582458496,63200,0.0,0.0
1993-05-06 00:00:00-04:00,4.059524316581891,4.178922090599005,4.059524316581891,4.149072647094727,170000,0.0,0.0
1993-05-07 00:00:00-04:00,4.149072432182204,4.298319641972931,4.119222990224059,4.238620758056641,111600,0.0,0.0
1993-05-10 00:00:00-04:00,4.238621097721466,4.35801887512207,4.178922209021163,4.35801887512207,236800,0.0,0.0
1993-05-11 00:00:00-04:00,4.35801887512207,4.35801887512207,4.238621097721466,4.35801887512207,12400,0.0,0.0
1993-05-12 00:00:00-04:00,4.268470373418596,4.2983198165893555,4.119223157564799,4.2983198165893555,208800,0.0,0.0
1993-05-13 00:00:00-04:00,4.119223203590448,4.298319864616119,4.119223203590448,4.149072647094727,298400,0.0,0.0
1993-05-14 00:00:00-04:00,4.119223288127354,4.208771620477949,4.119223288127354,4.178922176361084,401200,0.0,0.0
1993-05-17 00:00:00-04:00,3.9998252391815186,4.178921891682184,3.9998252391815186,3.9998252391815186,16000,0.0,0.0
1993-05-18 00:00:00-04:00,3.999825089066117,4.119222852918837,3.999825089066117,4.029674530029297,91600,0.0,0.0
1993-05-19 00:00:00-04:00,4.059523582458496,4.178921334883746,3.9401258300332462,4.059523582458496,430400,0.0,0.0
1993-05-20 00:00:00-04:00,4.238620345656936,4.5968136143040015,4.178921467549093,4.417716979980469,292400,0.0,0.0
1993-05-21 00:00:00-04:00,4.417716979980469,4.417716979980469,4.3580181018726245,4.417716979980469,86800,0.0,0.0
1993-05-24 00:00:00-04:00,4.4177183293971884,4.4177183293971884,4.358019433053983,4.387868881225586,21200,0.0,0.0
1993-05-25 00:00:00-04:00,4.358018525889222,4.358018525889222,4.238620758056641,4.238620758056641,30400,0.0,0.0
1993-05-26 00:00:00-04:00,4.178922176361084,4.417717729296003,4.178922176361084,4.178922176361084,12400,0.0,0.0
1993-05-27 00:00:00-04:00,4.178922176361084,4.417717729296003,4.178922176361084,4.178922176361084,125600,0.0,0.0
1993-05-28 00:00:00-04:00,4.417716979980469,4.417716979980469,4.417716979980469,4.417716979980469,2400,0.0,0.0
1993-06-01 00:00:00-04:00,4.4177180168612695,4.447567462921143,4.1789224483822816,4.447567462921143,2283600,0.0,0.0
1993-06-02 00:00:00-04:00,4.477416515350342,4.477416515350342,4.358018741607666,4.477416515350342,257600,0.0,0.0
1993-06-03 00:00:00-04:00,4.477416515350342,4.477416515350342,4.358018741607666,4.477416515350342,125200,0.0,0.0
1993-06-04 00:00:00-04:00,4.477416684753017,4.656513352143137,4.417717795622976,4.537115573883057,800000,0.0,0.0
1993-06-07 00:00:00-04:00,4.537114974779961,4.835609381015484,4.537114974779961,4.65651273727417,609200,0.0,0.0
1993-06-08 00:00:00-04:00,4.71621290429846,4.71621290429846,4.537116211730164,4.59681510925293,183600,0.0,0.0
1993-06-09 00:00:00-04:00,4.4177180168612695,4.537115801100763,4.4177180168612695,4.447567462921143,986400,0.0,0.0
1993-06-10 00:00:00-04:00,4.417717763822373,4.5371155412229776,4.35801887512207,4.35801887512207,390000,0.0,0.0
1993-06-11 00:00:00-04:00,4.537115573883057,4.537115573883057,4.358018906492936,4.537115573883057,682000,0.0,0.0
1993-06-14 00:00:00-04:00,4.5371155412229776,4.5371155412229776,4.2983199864217685,4.35801887512207,3158400,0.0,0.0
1993-06-15 00:00:00-04:00,4.238620930247837,4.358018702930875,4.178922043906318,4.2983198165893555,1377200,0.0,0.0
1993-06-16 00:00:00-04:00,4.298319952828543,4.298319952828543,4.178922176361084,4.178922176361084,61600,0.0,0.0
1993-06-17 00:00:00-04:00,4.178922176361084,4.298319952828543,4.178922176361084,4.178922176361084,218000,0.0,0.0
1993-06-18 00:00:00-04:00,4.298319952828543,4.298319952828543,4.178922176361084,4.178922176361084,246800,0.0,0.0
1993-06-21 00:00:00-04:00,4.298319952828543,4.298319952828543,4.178922176361084,4.178922176361084,90000,0.0,0.0
1993-06-22 00:00:00-04:00,4.17892187414035,4.238620758056641,4.17892187414035,4.238620758056641,4800,0.0,0.0
1993-06-23 00:00:00-04:00,4.17892187414035,4.238620758056641,4.17892187414035,4.238620758056641,12400,0.0,0.0
1993-06-24 00:00:00-04:00,4.238620758056641,4.238620758056641,4.238620758056641,4.238620758056641,2800,0.0,0.0
1993-06-25 00:00:00-04:00,4.2386212676536035,4.2386212676536035,3.8804279210913273,3.9102773666381836,257200,0.0,0.0
1993-06-28 00:00:00-04:00,4.059524521791846,4.059524521791846,3.940126741739144,3.9699761867523193,1358800,0.0,0.0
1993-06-29 00:00:00-04:00,4.029674322708793,4.178921519846156,3.999824883281321,4.119222640991211,1218000,0.0,0.0
1993-06-30 00:00:00-04:00,4.059523762136266,4.178921519846156,4.059523762136266,4.119222640991211,15200,0.0,0.0
1993-07-01 00:00:00-04:00,4.119222640991211,4.178921519846156,4.119222640991211,4.119222640991211,84800,0.0,0.0
1993-07-02 00:00:00-04:00,4.0595241063077685,4.238620758056641,4.0595241063077685,4.238620758056641,52000,0.0,0.0
1993-07-06 00:00:00-04:00,4.178922176361084,4.178922176361084,4.178922176361084,4.178922176361084,6000,0.0,0.0
1993-07-07 00:00:00-04:00,4.089373844010489,4.178922176361084,4.089373844010489,4.178922176361084,4400,0.0,0.0
1993-07-08 00:00:00-04:00,3.999825546235749,3.999825546235749,3.940126657485962,3.940126657485962,57600,0.0,0.0
1993-07-09 00:00:00-04:00,4.059524521791846,4.059524521791846,3.9699761867523193,3.9699761867523193,50800,0.0,0.0
1993-07-12 00:00:00-04:00,3.8804278517127937,4.059524521791846,3.8804278517127937,3.9699761867523193,42800,0.0,0.0
1993-07-13 00:00:00-04:00,4.059523970992477,4.059523970992477,3.940126207139757,4.029674530029297,42400,0.0,0.0
1993-07-14 00:00:00-04:00,4.059523970992477,4.119222852918837,4.029674530029297,4.029674530029297,80800,0.0,0.0
1993-07-15 00:00:00-04:00,4.119222640991211,4.119222640991211,3.999824883281321,4.119222640991211,44800,0.0,0.0
1993-07-16 00:00:00-04:00,4.119222640991211,4.119222640991211,4.059523762136266,4.119222640991211,250800,0.0,0.0
1993-07-19 00:00:00-04:00,4.089373565431851,4.178921891682184,3.9998252391815186,3.9998252391815186,410400,0.0,0.0
1993-07-20 00:00:00-04:00,4.059523582458496,4.059523582458496,3.8804269538206215,4.059523582458496,365200,0.0,0.0
1993-07-21 00:00:00-04:00,4.059523582458496,4.059523582458496,4.059523582458496,4.059523582458496,400,0.0,0.0
1993-07-22 00:00:00-04:00,3.8804280757904053,4.059524756211501,3.8804280757904053,3.8804280757904053,7600,0.0,0.0
1993-07-23 00:00:00-04:00,4.059523582458496,4.059523582458496,4.0296741443521835,4.059523582458496,308800,0.0,0.0
1993-07-26 00:00:00-04:00,3.9998247062458714,4.059523582458496,3.9998247062458714,4.059523582458496,15200,0.0,0.0
1993-07-27 00:00:00-04:00,3.9998252391815186,4.059524123348407,3.9998252391815186,3.9998252391815186,8000,0.0,0.0
1993-07-28 00:00:00-04:00,3.999824883281321,4.119222640991211,3.999824883281321,4.119222640991211,38800,0.0,0.0
1993-07-29 00:00:00-04:00,3.999824883281321,4.119222640991211,3.999824883281321,4.119222640991211,22400,0.0,0.0
1993-07-30 00:00:00-04:00,3.999825089066117,4.029674530029297,3.999825089066117,4.029674530029297,14400,0.0,0.0
1993-08-02 00:00:00-04:00,4.119222640991211,4.119222640991211,4.059523762136266,4.119222640991211,98000,0.0,0.0
1993-08-03 00:00:00-04:00,4.059523582458496,4.119222458671121,3.9998247062458714,4.059523582458496,118400,0.0,0.0
1993-08-04 00:00:00-04:00,3.9998247062458714,4.119222458671121,3.9998247062458714,4.059523582458496,99200,0.0,0.0
1993-08-05 00:00:00-04:00,4.178921467549093,4.417716979980469,4.119222589441248,4.417716979980469,816800,0.0,0.0
1993-08-06 00:00:00-04:00,4.537116122083599,4.537116122083599,4.358019433053983,4.387868881225586,303600,0.0,0.0
1993-08-09 00:00:00-04:00,4.417716979980469,4.417716979980469,4.3580181018726245,4.417716979980469,355600,0.0,0.0
1993-08-10 00:00:00-04:00,4.477416475613912,4.477416475613912,4.2983198165893555,4.2983198165893555,212400,0.0,0.0
1993-08-11 00:00:00-04:00,4.178922043906318,4.2983198165893555,4.178922043906318,4.2983198165893555,74000,0.0,0.0
1993-08-12 00:00:00-04:00,4.238620930247837,4.358018702930875,4.238620930247837,4.2983198165893555,62400,0.0,0.0
1993-08-13 00:00:00-04:00,4.358018309494545,4.358018309494545,4.298319428542565,4.328168869018555,132000,0.0,0.0
1993-08-16 00:00:00-04:00,4.2983199864217685,4.35801887512207,4.2983199864217685,4.35801887512207,28400,0.0,0.0
1993-08-17 00:00:00-04:00,4.358018702930875,4.477416475613912,4.2983198165893555,4.2983198165893555,39600,0.0,0.0
1993-08-18 00:00:00-04:00,4.2983200173628955,4.537115573883057,4.2983200173628955,4.537115573883057,71200,0.0,0.0
1993-08-19 00:00:00-04:00,4.417718416684633,4.59681510925293,4.417718416684633,4.59681510925293,705600,0.0,0.0
1993-08-20 00:00:00-04:00,4.47741535645497,4.716210842132568,4.47741535645497,4.716210842132568,85600,0.0,0.0
1993-08-23 00:00:00-04:00,4.537114974779961,4.65651273727417,4.537114974779961,4.65651273727417,246400,0.0,0.0
1993-08-24 00:00:00-04:00,4.537114974779961,4.65651273727417,4.537114974779961,4.65651273727417,388000,0.0,0.0
1993-08-25 00:00:00-04:00,4.53711422787437,4.716210842132568,4.53711422787437,4.716210842132568,388000,0.0,0.0
1993-08-26 00:00:00-04:00,4.656512153148651,4.775909900665283,4.596813279390335,4.775909900665283,398400,0.0,0.0
1993-08-27 00:00:00-04:00,4.656514006775695,4.746062353059843,4.59681510925293,4.59681510925293,128000,0.0,0.0
1993-08-30 00:00:00-04:00,4.59681510925293,4.71621290429846,4.59681510925293,4.59681510925293,263600,0.0,0.0
1993-08-31 00:00:00-04:00,4.596813856027065,4.716211618521275,4.596813856027065,4.65651273727417,217600,0.0,0.0
1993-09-01 00:00:00-04:00,4.65651273727417,4.775910499768379,4.596813856027065,4.65651273727417,269200,0.0,0.0
1993-09-02 00:00:00-04:00,4.775910931964253,5.193803138511125,4.7162120453147,5.134104251861572,612400,0.0,0.0
1993-09-03 00:00:00-04:00,5.014706644518622,5.193803310394287,5.014706644518622,5.193803310394287,143200,0.0,0.0
1993-09-07 00:00:00-04:00,5.134104289365618,5.313200950622559,5.134104289365618,5.313200950622559,116800,0.0,0.0
1993-09-08 00:00:00-04:00,5.134103899910336,5.193802782467433,4.955007252239046,5.014706134796143,365200,0.0,0.0
1993-09-09 00:00:00-04:00,4.895308666918651,5.074405325464456,4.895308666918651,4.955007553100586,107200,0.0,0.0
1993-09-10 00:00:00-04:00,5.014706439282521,5.014706439282521,4.955007553100586,4.955007553100586,62000,0.0,0.0
1993-09-13 00:00:00-04:00,4.955007553100586,5.014706439282521,4.955007553100586,4.955007553100586,140000,0.0,0.0
1993-09-14 00:00:00-04:00,4.9550065219402315,5.014705395698548,4.775909900665283,4.775909900665283,32400,0.0,0.0
1993-09-15 00:00:00-04:00,4.775909900665283,4.895307648181915,4.775909900665283,4.775909900665283,92400,0.0,0.0
1993-09-16 00:00:00-04:00,4.716211585524659,4.805759906768799,4.716211585524659,4.805759906768799,31600,0.0,0.0
1993-09-17 00:00:00-04:00,4.865457630738979,4.8953070640563965,4.716210464151894,4.8953070640563965,88000,0.0,0.0
1993-09-20 00:00:00-04:00,4.895308079439051,5.074404716491699,4.895308079439051,5.074404716491699,196400,0.0,0.0
1993-09-21 00:00:00-04:00,4.89530870526336,5.134104251861572,4.89530870526336,5.134104251861572,38800,0.0,0.0
1993-09-22 00:00:00-04:00,4.984857035237689,5.134104251861572,4.89530870526336,5.134104251861572,67200,0.0,0.0
1993-09-23 00:00:00-04:00,5.014706644518622,5.193803310394287,5.014706644518622,5.193803310394287,36000,0.0,0.0
1993-09-24 00:00:00-04:00,5.014706644518622,5.193803310394287,5.014706644518622,5.193803310394287,101600,0.0,0.0
1993-09-27 00:00:00-04:00,5.01470583747415,5.193802474526798,5.01470583747415,5.074404716491699,31200,0.0,0.0
1993-09-28 00:00:00-04:00,5.014706478562466,5.193803138511125,5.014706478562466,5.134104251861572,9200,0.0,0.0
1993-09-29 00:00:00-04:00,5.014706134796143,5.193802782467433,5.014706134796143,5.014706134796143,53200,0.0,0.0
1993-09-30 00:00:00-04:00,5.014706644518622,5.193803310394287,5.014706644518622,5.193803310394287,68400,0.0,0.0
1993-10-01 00:00:00-04:00,5.014706351540306,5.253501892089844,5.014706351540306,5.253501892089844,120400,0.0,0.0
1993-10-04 00:00:00-04:00,5.253502231174045,5.492297787136502,5.253502231174045,5.372900009155273,176800,0.0,0.0
1993-10-05 00:00:00-04:00,5.432598676837858,5.492297563396517,5.372899790279201,5.4624481201171875,618000,0.0,0.0
1993-10-06 00:00:00-04:00,5.372899117008332,5.551995754241943,5.372899117008332,5.551995754241943,2400,0.0,0.0
1993-10-07 00:00:00-04:00,5.432597818581955,5.611694449963777,5.432597818581955,5.4922966957092285,112000,0.0,0.0
1993-10-08 00:00:00-04:00,5.611695289611816,5.611695289611816,5.4325986314327155,5.611695289611816,23600,0.0,0.0
1993-10-11 00:00:00-04:00,5.611694516633687,5.671393394470215,5.522146199878893,5.671393394470215,135600,0.0,0.0
1993-10-12 00:00:00-04:00,5.6713939586859095,5.790791726237193,5.551996191134627,5.7012434005737305,255200,0.0,0.0
1993-10-13 00:00:00-04:00,5.671393394470215,5.7907911501432725,5.671393394470215,5.671393394470215,14000,0.0,0.0
1993-10-14 00:00:00-04:00,5.671393394470215,5.7907911501432725,5.671393394470215,5.671393394470215,9200,0.0,0.0
1993-10-15 00:00:00-04:00,5.6713942154166626,5.790791988372803,5.6713942154166626,5.790791988372803,30000,0.0,0.0
1993-10-18 00:00:00-04:00,5.790791858326306,5.790791858326306,5.193803006952459,5.253501892089844,454000,0.0,0.0
1993-10-19 00:00:00-04:00,5.372899111579446,5.372899111579446,5.074404716491699,5.074404716491699,253600,0.0,0.0
1993-10-20 00:00:00-04:00,5.074405533143844,5.2535021990195085,5.074405533143844,5.193803310394287,86400,0.0,0.0
1993-10-21 00:00:00-04:00,5.253501892089844,5.253501892089844,5.07440523667769,5.253501892089844,74000,0.0,0.0
1993-10-22 00:00:00-04:00,5.372900009155273,5.372900009155273,5.283351675669352,5.372900009155273,35200,0.0,0.0
1993-10-25 00:00:00-04:00,5.2535013535443476,5.372899111579446,5.074404716491699,5.074404716491699,107600,0.0,0.0
1993-10-26 00:00:00-04:00,5.0744048057243845,5.253501445926421,5.0744048057243845,5.104254245758057,10400,0.0,0.0
1993-10-27 00:00:00-04:00,5.253501892089844,5.253501892089844,5.014706351540306,5.253501892089844,37600,0.0,0.0
1993-10-28 00:00:00-04:00,5.07440523667769,5.253501892089844,5.07440523667769,5.253501892089844,13600,0.0,0.0
1993-10-29 00:00:00-04:00,5.074405402279972,5.313200950622559,5.074405402279972,5.313200950622559,255200,0.0,0.0
1993-11-01 00:00:00-05:00,5.3132007772272285,5.3132007772272285,5.193803006952459,5.253501892089844,21600,0.0,0.0
1993-11-02 00:00:00-05:00,5.313200064327406,5.5519955728365025,5.313200064327406,5.4922966957092285,241600,0.0,0.0
1993-11-03 00:00:00-05:00,5.432597637176514,5.432597637176514,5.432597637176514,5.432597637176514,18400,0.0,0.0
1993-11-04 00:00:00-05:00,5.432597637176514,5.492296512310322,5.432597637176514,5.432597637176514,32000,0.0,0.0
1993-11-05 00:00:00-05:00,5.432597637176514,5.492296512310322,5.3728987620427064,5.432597637176514,302400,0.0,0.0
1993-11-08 00:00:00-05:00,5.3728987620427064,5.432597637176514,5.3728987620427064,5.432597637176514,217600,0.0,0.0
1993-11-09 00:00:00-05:00,5.432597637176514,5.432597637176514,5.432597637176514,5.432597637176514,10400,0.0,0.0
1993-11-10 00:00:00-05:00,5.3728987620427064,5.432597637176514,5.3728987620427064,5.432597637176514,4000,0.0,0.0
1993-11-11 00:00:00-05:00,5.3728987620427064,5.492296512310322,5.3728987620427064,5.432597637176514,82800,0.0,0.0
1993-11-12 00:00:00-05:00,5.37289894145468,5.4922966957092285,5.37289894145468,5.4922966957092285,4400,0.0,0.0
1993-11-15 00:00:00-05:00,5.492296512310322,5.581844825011034,5.432597637176514,5.432597637176514,51600,0.0,0.0
1993-11-16 00:00:00-05:00,5.671393327091051,5.671393327091051,5.4922966957092285,5.4922966957092285,18800,0.0,0.0
1993-11-17 00:00:00-05:00,5.4922966957092285,5.671393327091051,5.4922966957092285,5.4922966957092285,4000,0.0,0.0
1993-11-18 00:00:00-05:00,5.492297432639382,5.611695202914151,5.223652449521151,5.253501892089844,156800,0.0,0.0
1993-11-19 00:00:00-05:00,5.074403762817383,5.1938014984130865,4.895307159423829,4.925156593322754,85600,0.0,0.0
1993-11-22 00:00:00-05:00,4.775910894554782,4.955007553100586,4.775910894554782,4.955007553100586,16000,0.0,0.0
1993-11-23 00:00:00-05:00,4.955006479535784,5.253500845772879,4.955006479535784,5.22365140914917,167200,0.0,0.0
1993-11-24 00:00:00-05:00,5.2535021990195085,5.313201087644731,5.193803310394287,5.193803310394287,27200,0.0,0.0
1993-11-26 00:00:00-05:00,5.193803310394287,5.193803310394287,5.193803310394287,5.193803310394287,2000,0.0,0.0
1993-11-29 00:00:00-05:00,5.193803176451265,5.313200950622559,5.193803176451265,5.313200950622559,2000,0.0,0.0
1993-11-30 00:00:00-05:00,5.193803176451265,5.313200950622559,5.193803176451265,5.313200950622559,1200,0.0,0.0
1993-12-01 00:00:00-05:00,5.193803310394287,5.313201087644731,5.193803310394287,5.193803310394287,14400,0.0,0.0
1993-12-02 00:00:00-05:00,5.3132007772272285,5.372899662364613,5.253501892089844,5.253501892089844,110000,0.0,0.0
1993-12-03 00:00:00-05:00,5.3728997505317295,5.3728997505317295,5.253501978297692,5.283351421356201,6000,0.0,0.0
1993-12-06 00:00:00-05:00,5.283351675669352,5.372900009155273,5.253502231174045,5.372900009155273,6000,0.0,0.0
1993-12-07 00:00:00-05:00,5.253501892089844,5.372899662364613,5.253501892089844,5.253501892089844,292400,0.0,0.0
1993-12-08 00:00:00-05:00,5.253502231174045,5.372900009155273,5.253502231174045,5.372900009155273,134400,0.0,0.0
1993-12-09 00:00:00-05:00,5.253502231174045,5.372900009155273,5.253502231174045,5.372900009155273,19600,0.0,0.0
1993-12-10 00:00:00-05:00,5.343049324475802,5.432597637176514,5.25350101177509,5.432597637176514,10400,0.0,0.0
1993-12-13 00:00:00-05:00,5.253501892089844,5.432598547501998,5.253501892089844,5.253501892089844,22000,0.0,0.0
1993-12-14 00:00:00-05:00,5.2535021990195085,5.313201087644731,5.193803310394287,5.193803310394287,21600,0.0,0.0
1993-12-15 00:00:00-05:00,5.193803176451265,5.313200950622559,5.014706515194325,5.313200950622559,506400,0.0,0.0
1993-12-16 00:00:00-05:00,5.193803176451265,5.313200950622559,5.193803176451265,5.313200950622559,16800,0.0,0.0
1993-12-17 00:00:00-05:00,5.313201087644731,5.313201087644731,5.193803310394287,5.193803310394287,13200,0.0,0.0
1993-12-20 00:00:00-05:00,5.313200950622559,5.313200950622559,5.134104289365618,5.313200950622559,263200,0.0,0.0
1993-12-21 00:00:00-05:00,5.193803310394287,5.313201087644731,5.193803310394287,5.193803310394287,22400,0.0,0.0
1993-12-22 00:00:00-05:00,5.313201087644731,5.313201087644731,5.193803310394287,5.193803310394287,40800,0.0,0.0
1993-12-23 00:00:00-05:00,5.193803176451265,5.313200950622559,5.193803176451265,5.313200950622559,63200,0.0,0.0
1993-12-27 00:00:00-05:00,5.193801972525461,5.22365140914917,5.193801972525461,5.22365140914917,41600,0.0,0.0
1993-12-28 00:00:00-05:00,5.283351507079735,5.313200950622559,5.193803176451265,5.313200950622559,88000,0.0,0.0
1993-12-29 00:00:00-05:00,5.193803310394287,5.313201087644731,5.193803310394287,5.193803310394287,6800,0.0,0.0
1993-12-30 00:00:00-05:00,5.193803092180672,5.313200864414711,5.134104206063653,5.283351421356201,13200,0.0,0.0
1993-12-31 00:00:00-05:00,5.134104251861572,5.134104251861572,5.134104251861572,5.134104251861572,400,0.0,0.0
1994-01-03 00:00:00-05:00,5.134103595509249,5.2535013535443476,5.074404716491699,5.074404716491699,11200,0.0,0.0
1994-01-04 00:00:00-05:00,4.9550069584566,5.074404716491699,4.895308079439051,5.074404716491699,365200,0.0,0.0
1994-01-05 00:00:00-05:00,5.074404716491699,5.074404716491699,4.9550069584566,5.074404716491699,50000,0.0,0.0
1994-01-06 00:00:00-05:00,5.0744048057243845,5.104254245758057,4.955007045589692,5.104254245758057,42400,0.0,0.0
1994-01-07 00:00:00-05:00,4.955007591912913,5.134104251861572,4.955007591912913,5.134104251861572,7200,0.0,0.0
1994-01-10 00:00:00-05:00,4.955007807037534,5.1341044747617826,4.955007807037534,5.044556140899658,74400,0.0,0.0
1994-01-11 00:00:00-05:00,4.955007553100586,5.134104211646391,4.955007553100586,4.955007553100586,197200,0.0,0.0
1994-01-12 00:00:00-05:00,5.134104121815075,5.253501892089844,5.07440523667769,5.253501892089844,199200,0.0,0.0
1994-01-13 00:00:00-05:00,5.134104453192817,5.372900009155273,5.134104453192817,5.372900009155273,246400,0.0,0.0
1994-01-14 00:00:00-05:00,5.3728989649085355,5.3728989649085355,5.193802332744918,5.3430495262146,319200,0.0,0.0
1994-01-17 00:00:00-05:00,5.432598676837858,5.4624481201171875,5.253502017161885,5.4624481201171875,45600,0.0,0.0
1994-01-18 00:00:00-05:00,5.492297787136502,5.492297787136502,5.372900009155273,5.372900009155273,19200,0.0,0.0
1994-01-19 00:00:00-05:00,5.551996403552116,5.611695289611816,5.372899745373016,5.611695289611816,381200,0.0,0.0
1994-01-20 00:00:00-05:00,5.551996403552116,5.611695289611816,5.551996403552116,5.611695289611816,82800,0.0,0.0
1994-01-21 00:00:00-05:00,5.611695289611816,5.611695289611816,5.551996403552116,5.611695289611816,9600,0.0,0.0
1994-01-24 00:00:00-05:00,5.551996403552116,5.611695289611816,5.551996403552116,5.611695289611816,150800,0.0,0.0
1994-01-25 00:00:00-05:00,5.551996403552116,5.611695289611816,5.551996403552116,5.611695289611816,142000,0.0,0.0
1994-01-26 00:00:00-05:00,5.551996403552116,5.611695289611816,5.551996403552116,5.611695289611816,6400,0.0,0.0
1994-01-27 00:00:00-05:00,5.492297517492416,5.611695289611816,5.492297517492416,5.611695289611816,98400,0.0,0.0
1994-01-28 00:00:00-05:00,5.492297848065694,5.76094285150369,5.492297848065694,5.731093406677246,108800,0.0,0.0
1994-01-31 00:00:00-05:00,5.6713942154166626,5.850490874850873,5.6713942154166626,5.790791988372803,119600,0.0,0.0
1994-02-01 00:00:00-05:00,5.671393394470215,5.8504900279798004,5.671393394470215,5.671393394470215,51600,0.0,0.0
1994-02-02 00:00:00-05:00,5.7609425451337675,5.790791988372803,5.7609425451337675,5.790791988372803,47600,0.0,0.0
1994-02-03 00:00:00-05:00,5.6713942154166626,5.790791988372803,5.6713942154166626,5.790791988372803,32000,0.0,0.0
1994-02-04 00:00:00-05:00,5.671394517024358,5.7907922963301335,5.671394517024358,5.731093406677246,250000,0.0,0.0
1994-02-07 00:00:00-05:00,5.551996737718582,5.7907922963301335,5.492297848065694,5.731093406677246,126000,0.0,0.0
1994-02-08 00:00:00-05:00,5.7609425451337675,5.790791988372803,5.6713942154166626,5.790791988372803,106800,0.0,0.0
1994-02-09 00:00:00-05:00,5.790791726237193,5.790791726237193,5.6713939586859095,5.7012434005737305,17600,0.0,0.0
1994-02-10 00:00:00-05:00,5.671393394470215,5.7907911501432725,5.671393394470215,5.671393394470215,94400,0.0,0.0
1994-02-11 00:00:00-05:00,5.671394517024358,5.7907922963301335,5.671394517024358,5.731093406677246,6000,0.0,0.0
1994-02-14 00:00:00-05:00,5.671394262364302,5.731093149336558,5.611695375392046,5.641544818878174,144800,0.0,0.0
1994-02-15 00:00:00-05:00,5.671394262364302,5.731093149336558,5.611695375392046,5.641544818878174,119200,0.0,0.0
1994-02-16 00:00:00-05:00,5.7012439618508015,5.731093406677246,5.6116956273714695,5.731093406677246,75600,0.0,0.0
1994-02-17 00:00:00-05:00,5.611694449963777,5.611694449963777,5.37289894145468,5.4922966957092285,165600,0.0,0.0
1994-02-18 00:00:00-05:00,5.492297611879499,5.492297611879499,5.313200950622559,5.313200950622559,5600,0.0,0.0
1994-02-22 00:00:00-05:00,5.313200064327406,5.4922966957092285,5.313200064327406,5.4922966957092285,6000,0.0,0.0
1994-02-23 00:00:00-05:00,5.4922975717588916,5.4922975717588916,5.134104251861572,5.134104251861572,136800,0.0,0.0
1994-02-24 00:00:00-05:00,5.134104121815075,5.253501892089844,5.134104121815075,5.253501892089844,25600,0.0,0.0
1994-02-25 00:00:00-05:00,5.134104121815075,5.253501892089844,5.134104121815075,5.253501892089844,68800,0.0,0.0
1994-02-28 00:00:00-05:00,5.253502231174045,5.372900009155273,5.134104453192817,5.372900009155273,76800,0.0,0.0
1994-03-01 00:00:00-05:00,5.31320112016466,5.372900009155273,5.193803342183431,5.372900009155273,420800,0.0,0.0
1994-03-02 00:00:00-05:00,5.134104289365618,5.313200950622559,5.134104289365618,5.313200950622559,1600,0.0,0.0
1994-03-03 00:00:00-05:00,5.193803310394287,5.193803310394287,5.193803310394287,5.193803310394287,4400,0.0,0.0
1994-03-04 00:00:00-05:00,5.313200950622559,5.313200950622559,5.313200950622559,5.313200950622559,1200,0.0,0.0
1994-03-07 00:00:00-05:00,5.193803310394287,5.193803310394287,5.193803310394287,5.193803310394287,20000,0.0,0.0
1994-03-08 00:00:00-05:00,5.193803310394287,5.313201087644731,5.193803310394287,5.193803310394287,2400,0.0,0.0
1994-03-09 00:00:00-05:00,5.313200232561897,5.313200232561897,5.074404716491699,5.074404716491699,469200,0.0,0.0
1994-03-10 00:00:00-05:00,5.2535013535443476,5.2535013535443476,5.074404716491699,5.074404716491699,3200,0.0,0.0
1994-03-11 00:00:00-05:00,5.074404716491699,5.074404716491699,5.074404716491699,5.074404716491699,5200,0.0,0.0
1994-03-14 00:00:00-05:00,5.134104121815075,5.372899662364613,5.104254679246383,5.253501892089844,616000,0.0,0.0
1994-03-15 00:00:00-05:00,5.193803006952459,5.372899662364613,5.193803006952459,5.253501892089844,839600,0.0,0.0
1994-03-16 00:00:00-05:00,5.253502063536912,5.313200950622559,5.193803176451265,5.313200950622559,150400,0.0,0.0
1994-03-17 00:00:00-05:00,5.193803006952459,5.3132007772272285,5.193803006952459,5.253501892089844,14400,0.0,0.0
1994-03-18 00:00:00-05:00,5.193803176451265,5.313200950622559,5.193803176451265,5.313200950622559,10400,0.0,0.0
1994-03-21 00:00:00-05:00,5.313201087644731,5.313201087644731,5.193803310394287,5.193803310394287,118800,0.0,0.0
1994-03-22 00:00:00-05:00,5.193801972525461,5.313199719020298,5.193801972525461,5.22365140914917,84400,0.0,0.0
1994-03-23 00:00:00-05:00,5.193803138511125,5.313200911810232,5.134104251861572,5.134104251861572,46400,0.0,0.0
1994-03-24 00:00:00-05:00,5.134104251861572,5.253502025160679,5.074405365212019,5.134104251861572,342800,0.0,0.0
1994-03-25 00:00:00-05:00,5.193803310394287,5.193803310394287,5.134104421769066,5.193803310394287,87200,0.0,0.0
1994-03-28 00:00:00-05:00,5.074404716491699,5.193802474526798,5.074404716491699,5.074404716491699,163600,0.0,0.0
1994-03-29 00:00:00-05:00,5.074404716491699,5.193802474526798,5.074404716491699,5.074404716491699,44400,0.0,0.0
1994-03-30 00:00:00-05:00,5.074405325464456,5.193803097828325,4.955007553100586,4.955007553100586,235200,0.0,0.0
1994-03-31 00:00:00-05:00,4.955007553100586,5.074405325464456,4.955007553100586,4.955007553100586,28000,0.0,0.0
1994-04-04 00:00:00-04:00,4.955005930691231,4.955005930691231,4.775909330786728,4.8953070640563965,84400,0.0,0.0
1994-04-05 00:00:00-04:00,4.895308666918651,4.955007553100586,4.835609780736717,4.955007553100586,31200,0.0,0.0
1994-04-06 00:00:00-04:00,4.835609780736717,4.955007553100586,4.835609780736717,4.955007553100586,23600,0.0,0.0
1994-04-07 00:00:00-04:00,4.955007252239046,5.014706134796143,4.835609487124851,5.014706134796143,110400,0.0,0.0
1994-04-08 00:00:00-04:00,4.984856397965375,5.074404716491699,4.984856397965375,5.074404716491699,50400,0.0,0.0
1994-04-11 00:00:00-04:00,4.9550069584566,5.074404716491699,4.9550069584566,5.074404716491699,6800,0.0,0.0
1994-04-12 00:00:00-04:00,4.955007045589692,5.13410368579173,4.955007045589692,5.104254245758057,25600,0.0,0.0
1994-04-13 00:00:00-04:00,5.014706439282521,5.014706439282521,4.955007553100586,4.955007553100586,16000,0.0,0.0
1994-04-14 00:00:00-04:00,4.955007199887876,4.955007199887876,4.835609436035156,4.835609436035156,89200,0.0,0.0
1994-04-15 00:00:00-04:00,4.955007199887876,4.955007199887876,4.835609436035156,4.835609436035156,23600,0.0,0.0
1994-04-18 00:00:00-04:00,4.955007199887876,4.955007199887876,4.835609436035156,4.835609436035156,15200,0.0,0.0
1994-04-19 00:00:00-04:00,4.895308317961517,4.895308317961517,4.835609436035156,4.835609436035156,13600,0.0,0.0
1994-04-20 00:00:00-04:00,4.955005930691231,4.955005930691231,4.775909330786728,4.8953070640563965,243600,0.0,0.0
1994-04-21 00:00:00-04:00,4.775909900665283,4.895307648181915,4.775909900665283,4.775909900665283,56800,0.0,0.0
1994-04-22 00:00:00-04:00,4.775909330786728,4.8953070640563965,4.775909330786728,4.8953070640563965,266400,0.0,0.0
1994-04-25 00:00:00-04:00,4.775909900665283,4.895307648181915,4.775909900665283,4.775909900665283,22000,0.0,0.0
1994-04-26 00:00:00-04:00,4.895307648181915,4.895307648181915,4.775909900665283,4.775909900665283,4400,0.0,0.0
1994-04-28 00:00:00-04:00,4.8953070640563965,4.8953070640563965,4.775909330786728,4.8953070640563965,25600,0.0,0.0
1994-04-29 00:00:00-04:00,4.775909900665283,4.775909900665283,4.775909900665283,4.775909900665283,800,0.0,0.0
1994-05-02 00:00:00-04:00,4.775909330786728,4.8953070640563965,4.775909330786728,4.8953070640563965,119600,0.0,0.0
1994-05-03 00:00:00-04:00,4.835609780736717,4.955007553100586,4.835609780736717,4.955007553100586,34400,0.0,0.0
1994-05-04 00:00:00-04:00,4.8356087744236,4.8356087744236,4.775909900665283,4.775909900665283,50000,0.0,0.0
1994-05-05 00:00:00-04:00,4.955007108842364,4.955007108842364,4.775910466354086,4.805759906768799,31600,0.0,0.0
1994-05-06 00:00:00-04:00,4.895307648181915,4.895307648181915,4.775909900665283,4.775909900665283,93200,0.0,0.0
1994-05-09 00:00:00-04:00,4.775909900665283,4.895307648181915,4.775909900665283,4.775909900665283,38800,0.0,0.0
1994-05-10 00:00:00-04:00,4.895307648181915,4.895307648181915,4.775909900665283,4.775909900665283,52800,0.0,0.0
1994-05-11 00:00:00-04:00,4.775909900665283,4.790834619104863,4.775909900665283,4.775909900665283,15200,0.0,0.0
1994-05-12 00:00:00-04:00,4.8953070640563965,4.8953070640563965,4.716210464151894,4.8953070640563965,37200,0.0,0.0
1994-05-13 00:00:00-04:00,4.71621290429846,4.835610699343991,4.507266762968782,4.59681510925293,188400,0.0,0.0
1994-05-16 00:00:00-04:00,4.656514006775695,4.656514006775695,4.59681510925293,4.59681510925293,87600,0.0,0.0
1994-05-17 00:00:00-04:00,4.5968136143040015,4.626663053357923,4.417716979980469,4.417716979980469,91200,0.0,0.0
1994-05-18 00:00:00-04:00,4.417717628479004,4.53711540222168,4.417717628479004,4.477416515350342,17200,0.0,0.0
1994-05-19 00:00:00-04:00,4.417717047298656,5.134103595509249,4.417717047298656,5.074404716491699,543200,0.0,0.0
1994-05-20 00:00:00-04:00,4.955007591912913,5.134104251861572,4.955007591912913,5.134104251861572,56400,0.0,0.0
1994-05-23 00:00:00-04:00,5.014706562020186,5.253502112592576,5.014706562020186,5.16395378112793,86000,0.0,0.0
1994-05-24 00:00:00-04:00,5.134104251861572,5.193803138511125,5.014706478562466,5.134104251861572,274000,0.0,0.0
1994-05-25 00:00:00-04:00,5.014706351540306,5.253501892089844,5.014706351540306,5.253501892089844,80400,0.0,0.0
1994-05-26 00:00:00-04:00,5.134103899910336,5.193802782467433,5.014706134796143,5.014706134796143,34000,0.0,0.0
1994-05-27 00:00:00-04:00,5.014706439282521,5.134104211646391,4.955007553100586,4.955007553100586,70400,0.0,0.0
1994-05-31 00:00:00-04:00,4.955007553100586,4.955007553100586,4.775910894554782,4.955007553100586,110800,0.0,0.0
1994-06-01 00:00:00-04:00,4.775909900665283,4.895307648181915,4.775909900665283,4.775909900665283,157200,0.0,0.0
1994-06-02 00:00:00-04:00,4.83560924236591,4.895308121901292,4.775910362830529,4.850533962249756,180000,0.0,0.0
1994-06-03 00:00:00-04:00,4.8953070640563965,4.8953070640563965,4.835608197421562,4.8953070640563965,14400,0.0,0.0
1994-06-06 00:00:00-04:00,4.775909900665283,4.895307648181915,4.775909900665283,4.775909900665283,800,0.0,0.0
1994-06-07 00:00:00-04:00,4.775909900665283,4.8356087744236,4.775909900665283,4.775909900665283,33600,0.0,0.0
1994-06-08 00:00:00-04:00,4.775909900665283,4.895307648181915,4.775909900665283,4.775909900665283,38400,0.0,0.0
1994-06-09 00:00:00-04:00,4.835608584971368,4.835608584971368,4.716210842132568,4.716210842132568,4400,0.0,0.0
1994-06-10 00:00:00-04:00,4.775909713551968,4.835608584971368,4.716210842132568,4.716210842132568,24000,0.0,0.0
1994-06-13 00:00:00-04:00,4.716211672182436,4.835609436035156,4.716211672182436,4.835609436035156,5200,0.0,0.0
1994-06-14 00:00:00-04:00,4.716210464151894,4.8953070640563965,4.716210464151894,4.8953070640563965,50000,0.0,0.0
1994-06-15 00:00:00-04:00,4.89530888656897,4.89530888656897,4.775911108847776,4.865459442138672,126400,0.0,0.0
1994-06-16 00:00:00-04:00,4.775910894554782,4.955007553100586,4.775910894554782,4.955007553100586,76800,0.0,0.0
1994-06-17 00:00:00-04:00,4.955005930691231,4.955005930691231,4.835608197421562,4.8953070640563965,15600,0.0,0.0
1994-06-20 00:00:00-04:00,4.775909900665283,4.895307648181915,4.775909900665283,4.775909900665283,18400,0.0,0.0
1994-06-21 00:00:00-04:00,4.656514006775695,4.775911801821225,4.59681510925293,4.59681510925293,13200,0.0,0.0
1994-06-22 00:00:00-04:00,4.775909330786728,4.925156497373814,4.596812730882226,4.8953070640563965,105200,0.0,0.0
1994-06-23 00:00:00-04:00,4.775910604567755,5.193802782467433,4.775910604567755,5.014706134796143,141200,0.0,0.0
1994-06-24 00:00:00-04:00,5.014704797326065,5.074403663960899,4.8953070640563965,4.8953070640563965,44800,0.0,0.0
1994-06-27 00:00:00-04:00,4.895308079439051,5.074404716491699,4.895308079439051,5.074404716491699,8800,0.0,0.0
1994-06-28 00:00:00-04:00,4.895308283274759,5.074404927784811,4.895308283274759,4.984856605529785,92000,0.0,0.0
1994-06-29 00:00:00-04:00,4.8953070640563965,5.074403663960899,4.8953070640563965,4.8953070640563965,7200,0.0,0.0
1994-06-30 00:00:00-04:00,4.984856397965375,5.074404716491699,4.895308079439051,5.074404716491699,54000,0.0,0.0
1994-07-01 00:00:00-04:00,5.074405017353239,5.134103899910336,4.895308369681948,5.014706134796143,18800,0.0,0.0
1994-07-05 00:00:00-04:00,5.134102530595733,5.134102530595733,4.8953070640563965,4.8953070640563965,3600,0.0,0.0
1994-07-06 00:00:00-04:00,5.014706134796143,5.134103899910336,4.895308369681948,5.014706134796143,46000,0.0,0.0
1994-07-07 00:00:00-04:00,4.895308079439051,5.134103595509249,4.895308079439051,5.074404716491699,206000,0.0,0.0
1994-07-08 00:00:00-04:00,5.134104421769066,5.193803310394287,4.9550077558934005,5.193803310394287,153200,0.0,0.0
1994-07-11 00:00:00-04:00,5.1938032249494785,5.1938032249494785,5.074405449663284,5.16395378112793,90000,0.0,0.0
1994-07-12 00:00:00-04:00,5.1938032249494785,5.1938032249494785,5.134104337306381,5.16395378112793,385200,0.0,0.0
1994-07-13 00:00:00-04:00,5.193803176451265,5.313200950622559,5.193803176451265,5.313200950622559,5600,0.0,0.0
1994-07-14 00:00:00-04:00,5.253502231174045,5.432598898145888,5.253502231174045,5.372900009155273,26000,0.0,0.0
1994-07-15 00:00:00-04:00,5.432597637176514,5.432597637176514,5.432597637176514,5.432597637176514,800,0.0,0.0
1994-07-18 00:00:00-04:00,5.31320112016466,5.432598898145888,5.31320112016466,5.372900009155273,47600,0.0,0.0
1994-07-19 00:00:00-04:00,5.313200950622559,5.402749281251029,5.313200950622559,5.313200950622559,37200,0.0,0.0
1994-07-20 00:00:00-04:00,5.4922966957092285,5.4922966957092285,5.313200064327406,5.4922966957092285,52800,0.0,0.0
1994-07-21 00:00:00-04:00,5.492296875164073,5.551995754241943,5.313200237930462,5.551995754241943,132000,0.0,0.0
1994-07-22 00:00:00-04:00,5.432597818581955,5.5519955728365025,5.432597818581955,5.4922966957092285,170000,0.0,0.0
1994-07-25 00:00:00-04:00,5.551995754241943,5.551995754241943,5.432597996086202,5.551995754241943,42000,0.0,0.0
1994-07-26 00:00:00-04:00,5.492296875164073,5.551995754241943,5.492296875164073,5.551995754241943,9200,0.0,0.0
1994-07-27 00:00:00-04:00,5.551996403552116,5.671394175671517,5.492297517492416,5.611695289611816,120000,0.0,0.0
1994-07-28 00:00:00-04:00,5.551995900010815,5.7907914225919255,5.551995900010815,5.760941982269287,1271200,0.0,0.0
1994-07-29 00:00:00-04:00,5.6713942154166626,5.790791988372803,5.6713942154166626,5.790791988372803,57200,0.0,0.0
1994-08-01 00:00:00-04:00,5.6713942154166626,5.790791988372803,5.6713942154166626,5.790791988372803,5200,0.0,0.0
1994-08-02 00:00:00-04:00,5.67139366130137,5.760941982269287,5.67139366130137,5.760941982269287,608000,0.0,0.0
1994-08-03 00:00:00-04:00,5.760942583084106,5.969888687133789,5.6713942527771,5.969888687133789,351200,0.0,0.0
1994-08-04 00:00:00-04:00,5.790791988372803,5.9698886478070134,5.790791988372803,5.790791988372803,18400,0.0,0.0
1994-08-05 00:00:00-04:00,5.790792026519775,5.969888687133789,5.790792026519775,5.969888687133789,726800,0.0,0.0
1994-08-08 00:00:00-04:00,5.969887783652858,5.969887783652858,5.671393394470215,5.671393394470215,208800,0.0,0.0
1994-08-09 00:00:00-04:00,5.6713942154166626,5.850490874850873,5.6713942154166626,5.790791988372803,14400,0.0,0.0
1994-08-10 00:00:00-04:00,5.850490570068359,5.850490570068359,5.73109280333227,5.850490570068359,41200,0.0,0.0
1994-08-11 00:00:00-04:00,5.731093139648437,5.969888687133789,5.731093139648437,5.969888687133789,136000,0.0,0.0
1994-08-12 00:00:00-04:00,5.96988838497955,6.029587268829346,5.850490617279959,6.029587268829346,296400,0.0,0.0
1994-08-15 00:00:00-04:00,5.850490913391114,6.0892864608764645,5.850490913391114,5.969888687133789,334000,0.0,0.0
1994-08-16 00:00:00-04:00,5.969888724169685,6.148985385894775,5.969888724169685,6.148985385894775,14800,0.0,0.0
1994-08-17 00:00:00-04:00,6.029587023598808,6.4474791935512,6.029587023598808,6.268382549285889,324000,0.0,0.0
1994-08-18 00:00:00-04:00,6.208684724583614,6.268383616166149,6.208684724583614,6.223609447479248,926000,0.0,0.0
1994-08-19 00:00:00-04:00,6.148984731412401,6.2086836122999,6.089285850524902,6.089285850524902,186400,0.0,0.0
1994-08-22 00:00:00-04:00,6.089286413425352,6.148985299831484,6.029587527019221,6.119135856628418,66000,0.0,0.0
1994-08-23 00:00:00-04:00,6.148984731412401,6.148984731412401,6.029586969637403,6.089285850524902,160800,0.0,0.0
1994-08-24 00:00:00-04:00,6.029587808056412,6.507178921565831,6.029587808056412,6.387781143188477,272400,0.0,0.0
1994-08-25 00:00:00-04:00,6.38778031212943,6.38778031212943,6.148984786442348,6.268382549285889,262800,0.0,0.0
1994-08-26 00:00:00-04:00,6.268383333316216,6.268383333316216,6.148985555538765,6.20868444442749,11600,0.0,0.0
1994-08-29 00:00:00-04:00,6.2683831603781694,6.2683831603781694,6.148985385894775,6.148985385894775,120000,0.0,0.0
1994-08-30 00:00:00-04:00,6.268382549285889,6.268382549285889,6.148984786442348,6.268382549285889,100000,0.0,0.0
1994-08-31 00:00:00-04:00,6.268382939425382,6.566877365112305,6.2385334968566895,6.566877365112305,241200,0.0,0.0
1994-09-01 00:00:00-04:00,6.566877983234547,6.566877983234547,6.387781310964513,6.447480201721191,487200,0.0,0.0
1994-09-02 00:00:00-04:00,6.626575946807861,6.626575946807861,6.447479299596838,6.626575946807861,180800,0.0,0.0
1994-09-06 00:00:00-04:00,6.596726631899493,6.596726631899493,6.447479423032989,6.50717830657959,67200,0.0,0.0
1994-09-07 00:00:00-04:00,6.626575946807861,6.626575946807861,6.507178182000513,6.626575946807861,26000,0.0,0.0
1994-09-08 00:00:00-04:00,6.626575946807861,6.626575946807861,6.507178182000513,6.626575946807861,15600,0.0,0.0
1994-09-09 00:00:00-04:00,6.3877805394863865,6.566877190126192,6.3877805394863865,6.50717830657959,73200,0.0,0.0
1994-09-12 00:00:00-04:00,6.507179092477869,6.507179092477869,6.447480201721191,6.447480201721191,26000,0.0,0.0
1994-09-13 00:00:00-04:00,6.447480201721191,6.507179092477869,6.447480201721191,6.447480201721191,22000,0.0,0.0
1994-09-14 00:00:00-04:00,6.447479423032989,6.50717830657959,6.447479423032989,6.50717830657959,9200,0.0,0.0
1994-09-15 00:00:00-04:00,6.447480201721191,6.566877983234547,6.447480201721191,6.447480201721191,25200,0.0,0.0
1994-09-16 00:00:00-04:00,6.686275135387074,6.686275135387074,6.50717847997492,6.566877365112305,32000,0.0,0.0
1994-09-19 00:00:00-04:00,6.686274829211536,6.805672594018885,6.626575946807861,6.626575946807861,121200,0.0,0.0
1994-09-20 00:00:00-04:00,6.626576250249689,6.805672905661844,6.566877365112305,6.566877365112305,22000,0.0,0.0
1994-09-21 00:00:00-04:00,6.566877190126192,6.626576073672793,6.447479423032989,6.50717830657959,80000,0.0,0.0
1994-09-22 00:00:00-04:00,6.566876680861674,6.6564249992370605,6.447478923027826,6.6564249992370605,136400,0.0,0.0
1994-09-23 00:00:00-04:00,6.68627405166626,6.68627405166626,6.507177425282341,6.68627405166626,36800,0.0,0.0
1994-09-26 00:00:00-04:00,6.50717847997492,6.566877365112305,6.50717847997492,6.566877365112305,18400,0.0,0.0
1994-09-27 00:00:00-04:00,6.745972633361816,6.805671506223425,6.626574887638598,6.745972633361816,232400,0.0,0.0
1994-09-28 00:00:00-04:00,6.68627405166626,6.805671802588871,6.68627405166626,6.68627405166626,24800,0.0,0.0
1994-09-29 00:00:00-04:00,6.805671802588871,6.805671802588871,6.68627405166626,6.68627405166626,47200,0.0,0.0
1994-09-30 00:00:00-04:00,6.805672645568848,6.805672645568848,6.805672645568848,6.805672645568848,6400,0.0,0.0
1994-10-03 00:00:00-04:00,6.686273760500207,6.745972633361816,6.686273760500207,6.745972633361816,84400,0.0,0.0
1994-10-04 00:00:00-04:00,6.566877190126192,6.7459738407659975,6.50717830657959,6.50717830657959,52400,0.0,0.0
1994-10-05 00:00:00-04:00,6.50717830657959,6.626576073672793,6.50717830657959,6.50717830657959,14000,0.0,0.0
1994-10-06 00:00:00-04:00,6.50717830657959,6.626576073672793,6.50717830657959,6.50717830657959,53600,0.0,0.0
1994-10-07 00:00:00-04:00,6.50717847997492,6.686275135387074,6.50717847997492,6.566877365112305,80400,0.0,0.0
1994-10-10 00:00:00-04:00,6.507177919013316,6.686274558986159,6.507177919013316,6.537027359008789,8000,0.0,0.0
1994-10-11 00:00:00-04:00,6.50717830657959,6.686274957219395,6.50717830657959,6.50717830657959,26400,0.0,0.0
1994-10-12 00:00:00-04:00,6.507178921565831,6.507178921565831,6.208684475622444,6.387781143188477,678400,0.0,0.0
1994-10-13 00:00:00-04:00,6.3877805394863865,6.50717830657959,6.328081655939785,6.50717830657959,203600,0.0,0.0
1994-10-14 00:00:00-04:00,6.328082084655762,6.447479859837946,6.328082084655762,6.328082084655762,9200,0.0,0.0
1994-10-17 00:00:00-04:00,6.328081582721912,6.805672645568848,6.328081582721912,6.805672645568848,411200,0.0,0.0
1994-10-18 00:00:00-04:00,6.805672733023697,6.925070500269728,6.626576082154653,6.835522174835205,108400,0.0,0.0
1994-10-19 00:00:00-04:00,6.686274758700667,6.925070285797119,6.686274758700667,6.925070285797119,175600,0.0,0.0
1994-10-20 00:00:00-04:00,6.925070285797119,6.925070285797119,6.8056725222488925,6.925070285797119,84000,0.0,0.0
1994-10-21 00:00:00-04:00,6.745973762712981,6.925070411280582,6.745973762712981,6.805672645568848,175200,0.0,0.0
1994-10-24 00:00:00-04:00,6.68627405166626,6.805671802588871,6.68627405166626,6.68627405166626,305600,0.0,0.0
1994-10-25 00:00:00-04:00,6.805672645568848,6.805672645568848,6.686274879857113,6.805672645568848,18400,0.0,0.0
1994-10-26 00:00:00-04:00,6.805672645568848,6.805672645568848,6.716124321285047,6.805672645568848,9200,0.0,0.0
1994-10-27 00:00:00-04:00,6.805672347027322,6.984768987738567,6.7459734667902405,6.865371227264404,109600,0.0,0.0
1994-10-28 00:00:00-04:00,6.984769821166992,7.1041675958877954,6.925070933806591,6.984769821166992,127600,0.0,0.0
1994-10-31 00:00:00-05:00,7.1041675958877954,7.1638664832481975,6.984769821166992,6.984769821166992,140800,0.0,0.0
1994-11-01 00:00:00-05:00,7.074318719417491,7.163867057637965,7.014619827270508,7.014619827270508,139200,0.0,0.0
1994-11-02 00:00:00-05:00,7.163865628449813,7.163865628449813,6.865371227264404,6.865371227264404,229200,0.0,0.0
1994-11-03 00:00:00-05:00,6.9847681248082525,6.9847681248082525,6.686273760500207,6.745972633361816,260800,0.0,0.0
1994-11-04 00:00:00-05:00,6.6862752637148954,6.865371922564401,6.6862752637148954,6.775823593139648,5600,0.0,0.0
1994-11-07 00:00:00-05:00,6.68627405166626,6.865370678050177,6.68627405166626,6.68627405166626,16000,0.0,0.0
1994-11-08 00:00:00-05:00,6.805672347027322,6.865371227264404,6.686274586553159,6.865371227264404,16400,0.0,0.0
1994-11-09 00:00:00-05:00,6.865370379085034,6.865370379085034,6.686273760500207,6.745972633361816,19600,0.0,0.0
1994-11-10 00:00:00-05:00,6.68627461751302,6.865371259053548,6.68627461751302,6.716124057769775,79600,0.0,0.0
1994-11-11 00:00:00-05:00,6.865371075446296,6.865371075446296,6.6564249992370605,6.6564249992370605,21200,0.0,0.0
1994-11-14 00:00:00-05:00,6.626575946807861,6.805672594018885,6.626575946807861,6.626575946807861,78800,0.0,0.0
1994-11-15 00:00:00-05:00,6.745972927127565,6.745972927127565,6.626575176204954,6.68627405166626,10000,0.0,0.0
1994-11-16 00:00:00-05:00,6.50717830657959,6.686274957219395,6.50717830657959,6.50717830657959,7200,0.0,0.0
1994-11-17 00:00:00-05:00,6.50717847997492,6.686275135387074,6.50717847997492,6.566877365112305,86800,0.0,0.0
1994-11-18 00:00:00-05:00,6.447479638387991,6.5668774094692495,6.298232424536416,6.417630195617676,421200,0.0,0.0
1994-11-21 00:00:00-05:00,6.447480201721191,6.507179092477869,6.387781310964513,6.447480201721191,10400,0.0,0.0
1994-11-22 00:00:00-05:00,6.507178747429038,6.507178747429038,6.2683831970646695,6.328082084655762,102400,0.0,0.0
1994-11-23 00:00:00-05:00,6.328081430707659,6.328081430707659,6.148984786442348,6.268382549285889,31200,0.0,0.0
1994-11-25 00:00:00-05:00,6.268382549285889,6.268382549285889,6.148984786442348,6.268382549285889,4000,0.0,0.0
1994-11-28 00:00:00-05:00,6.268382549285889,6.38778031212943,6.208683667864118,6.268382549285889,164000,0.0,0.0
1994-11-29 00:00:00-05:00,6.387781143188477,6.387781143188477,6.208684475622444,6.387781143188477,22400,0.0,0.0
1994-11-30 00:00:00-05:00,6.208683888846581,6.50717830657959,6.208683888846581,6.50717830657959,145200,0.0,0.0
1994-12-01 00:00:00-05:00,6.566877064404188,6.686274829211536,6.328081534789489,6.626575946807861,122000,0.0,0.0
1994-12-02 00:00:00-05:00,6.686274758700667,6.925070285797119,6.6265758769265535,6.925070285797119,275200,0.0,0.0
1994-12-05 00:00:00-05:00,6.925069553511483,6.925069553511483,6.626575176204954,6.68627405166626,284000,0.0,0.0
1994-12-06 00:00:00-05:00,6.686273760500207,6.745972633361816,6.626574887638598,6.745972633361816,25600,0.0,0.0
1994-12-07 00:00:00-05:00,6.745972633361816,6.745972633361816,6.566876014776989,6.745972633361816,16400,0.0,0.0
1994-12-08 00:00:00-05:00,6.745972927127565,6.745972927127565,6.5668763007436475,6.68627405166626,31600,0.0,0.0
1994-12-09 00:00:00-05:00,6.7459737116152105,6.7459737116152105,6.566877064404188,6.626575946807861,111200,0.0,0.0
1994-12-12 00:00:00-05:00,6.566876856486003,6.74597349802653,6.566876856486003,6.716124057769775,280800,0.0,0.0
1994-12-13 00:00:00-05:00,6.745973762712981,6.805672645568848,6.686274879857113,6.805672645568848,75200,0.0,0.0
1994-12-14 00:00:00-05:00,6.805671802588871,6.805671802588871,6.5668763007436475,6.68627405166626,97200,0.0,0.0
1994-12-15 00:00:00-05:00,6.5668763007436475,6.745972927127565,6.5668763007436475,6.68627405166626,14800,0.0,0.0
1994-12-16 00:00:00-05:00,6.7459737116152105,6.7459737116152105,6.566877064404188,6.626575946807861,94800,0.0,0.0
1994-12-19 00:00:00-05:00,6.68627405166626,6.68627405166626,6.5668763007436475,6.68627405166626,35600,0.0,0.0
1994-12-20 00:00:00-05:00,6.686274829211536,6.686274829211536,6.507178182000513,6.626575946807861,69600,0.0,0.0
1994-12-21 00:00:00-05:00,6.537027922543612,6.566877365112305,6.447479594837536,6.566877365112305,185600,0.0,0.0
1994-12-22 00:00:00-05:00,6.566877365112305,6.566877365112305,6.447479594837536,6.566877365112305,22800,0.0,0.0
1994-12-23 00:00:00-05:00,6.626575678995211,6.626575678995211,6.507177919013316,6.537027359008789,50400,0.0,0.0
1994-12-27 00:00:00-05:00,6.626575946807861,6.626575946807861,6.447479299596838,6.626575946807861,173200,0.0,0.0
1994-12-28 00:00:00-05:00,6.50717847997492,6.626576250249689,6.50717847997492,6.566877365112305,46800,0.0,0.0
1994-12-29 00:00:00-05:00,6.626575946807861,6.626575946807861,6.507178182000513,6.626575946807861,4400,0.0,0.0
1994-12-30 00:00:00-05:00,6.5594151595700545,6.626575946807861,6.507178182000513,6.626575946807861,222000,0.0,0.0
1995-01-03 00:00:00-05:00,6.566877365112305,6.626576250249689,6.50717847997492,6.566877365112305,43600,0.0,0.0
1995-01-04 00:00:00-05:00,6.626575176204954,6.68627405166626,6.507177425282341,6.68627405166626,129600,0.0,0.0
1995-01-05 00:00:00-05:00,6.68627405166626,6.68627405166626,6.507177425282341,6.68627405166626,351200,0.0,0.0
1995-01-06 00:00:00-05:00,6.50717847997492,6.686275135387074,6.50717847997492,6.566877365112305,94800,0.0,0.0
1995-01-09 00:00:00-05:00,6.686274438695523,6.686274438695523,6.566876680861674,6.6564249992370605,66000,0.0,0.0
1995-01-10 00:00:00-05:00,6.686274586553159,6.865371227264404,6.686274586553159,6.865371227264404,138000,0.0,0.0
1995-01-11 00:00:00-05:00,7.044468176992316,7.044468176992316,6.805672645568848,6.805672645568848,240800,0.0,2.0
1995-01-12 00:00:00-05:00,6.865371528424715,7.044468176992316,6.805672645568848,6.805672645568848,58000,0.0,0.0
1995-01-13 00:00:00-05:00,7.044468176992316,7.044468176992316,6.805672645568848,6.805672645568848,23000,0.0,0.0
1995-01-16 00:00:00-05:00,7.044467449188232,7.402660709316447,6.9250696958121605,7.044467449188232,207400,0.0,0.0
1995-01-17 00:00:00-05:00,7.283263206481934,7.283263206481934,6.984768812773657,7.283263206481934,325400,0.0,0.0
1995-01-18 00:00:00-05:00,7.28326297941662,7.641456240699405,7.044467471894764,7.522058486938477,304200,0.0,0.0
1995-01-19 00:00:00-05:00,7.402661547064781,7.6414570808410645,7.402661547064781,7.6414570808410645,473600,0.0,0.0
1995-01-20 00:00:00-05:00,7.6414573423324095,7.6414573423324095,7.34296291489755,7.4026618003845215,619400,0.0,0.0
1995-01-23 00:00:00-05:00,7.402661499023437,7.64145703125,7.283263732910156,7.462360382080078,158200,0.0,0.0
1995-01-24 00:00:00-05:00,7.28326297941662,7.522058486938477,7.28326297941662,7.522058486938477,197200,0.0,0.0
1995-01-25 00:00:00-05:00,7.522058486938477,7.522058486938477,7.402660733177549,7.522058486938477,61200,0.0,0.0
1995-01-26 00:00:00-05:00,7.402660733177549,7.522058486938477,7.28326297941662,7.522058486938477,50400,0.0,0.0
1995-01-27 00:00:00-05:00,7.522059265136718,7.522059265136718,7.283263732910156,7.462360382080078,354200,0.0,0.0
1995-01-30 00:00:00-05:00,7.522058486938477,7.522058486938477,7.28326297941662,7.522058486938477,249800,0.0,0.0
1995-01-31 00:00:00-05:00,7.522059571358466,7.522059571358466,7.283264029410578,7.4026618003845215,177600,0.0,0.0
1995-02-01 00:00:00-05:00,7.522060559490534,7.641458346149114,7.283264986173374,7.581759452819824,113200,0.0,0.0
1995-02-02 00:00:00-05:00,7.6414570808410645,7.6414570808410645,7.402661547064781,7.6414570808410645,93800,0.0,0.0
1995-02-03 00:00:00-05:00,7.402662772831954,7.760856132807694,7.402662772831954,7.581759452819824,335600,0.0,0.0
1995-02-06 00:00:00-05:00,7.760855113306353,7.760855113306353,7.4026618003845215,7.4026618003845215,42400,0.0,0.0
1995-02-07 00:00:00-05:00,7.402661577860514,7.402661577860514,7.044468275705973,7.16386604309082,86200,0.0,0.0
1995-02-08 00:00:00-05:00,7.522058486938477,7.522058486938477,7.163865225655693,7.522058486938477,53800,0.0,0.0
1995-02-09 00:00:00-05:00,7.402661625931902,7.522059394092095,7.163866089611519,7.342962741851807,267600,0.0,0.0
1995-02-10 00:00:00-05:00,7.522059345245361,7.522059345245361,7.16386604309082,7.16386604309082,30600,0.0,0.0
1995-02-13 00:00:00-05:00,7.1638662584366335,7.522059571358466,7.1638662584366335,7.4026618003845215,257600,0.0,0.0
1995-02-14 00:00:00-05:00,7.522059571358466,7.6414573423324095,7.4026618003845215,7.4026618003845215,244800,0.0,0.0
1995-02-15 00:00:00-05:00,7.4026618003845215,7.6414573423324095,7.4026618003845215,7.4026618003845215,40200,0.0,0.0
1995-02-16 00:00:00-05:00,7.402661547064781,7.6414570808410645,7.402661547064781,7.6414570808410645,16000,0.0,0.0
1995-02-17 00:00:00-05:00,7.4026618003845215,7.6414573423324095,7.4026618003845215,7.4026618003845215,55800,0.0,0.0
1995-02-21 00:00:00-05:00,7.641456924566702,7.641456924566702,7.044468102334928,7.1041669845581055,79800,0.0,0.0
1995-02-22 00:00:00-05:00,7.044467471894764,7.522058486938477,7.044467471894764,7.522058486938477,116800,0.0,0.0
1995-02-23 00:00:00-05:00,7.283264986173374,7.641458346149114,7.283264986173374,7.581759452819824,133000,0.0,0.0
1995-02-24 00:00:00-05:00,7.402661625931902,7.641457162252286,7.28326385777171,7.342962741851807,58400,0.0,0.0
1995-02-27 00:00:00-05:00,7.402661577860514,7.402661577860514,7.16386604309082,7.16386604309082,116600,0.0,0.0
1995-02-28 00:00:00-05:00,7.1638662584366335,7.4026618003845215,7.1638662584366335,7.4026618003845215,70200,0.0,0.0
1995-03-01 00:00:00-05:00,7.402661499023437,7.522059265136718,7.163865966796875,7.462360382080078,142400,0.0,0.0
1995-03-02 00:00:00-05:00,7.522059030769285,7.522059030769285,7.163865743589795,7.223564624786377,12400,0.0,0.0
1995-03-03 00:00:00-05:00,7.1638662584366335,7.522059571358466,7.1638662584366335,7.4026618003845215,7800,0.0,0.0
1995-03-06 00:00:00-05:00,7.163866089611519,7.522059394092095,7.163866089611519,7.342962741851807,66600,0.0,0.0
1995-03-07 00:00:00-05:00,7.522058486938477,7.522058486938477,7.163865225655693,7.522058486938477,19400,0.0,0.0
1995-03-08 00:00:00-05:00,7.5220599824732,7.880253314971924,7.402662204973625,7.880253314971924,195200,0.0,0.0
1995-03-09 00:00:00-05:00,7.880252710029261,8.23844601503059,7.7608549416954835,7.999650478363037,283000,0.0,0.0
1995-03-10 00:00:00-05:00,8.119047941984954,8.119047941984954,7.880252414279514,8.059349060058594,492600,0.0,0.0
1995-03-13 00:00:00-05:00,7.880252676950374,8.477241516113281,7.880252676950374,8.477241516113281,71400,0.0,0.0
1995-03-14 00:00:00-05:00,8.477242129189626,8.596639905657087,8.357844352722168,8.357844352722168,79200,0.0,0.0
1995-03-15 00:00:00-05:00,8.3578437482807,8.596639283945862,8.3578437482807,8.477241516113281,493800,0.0,0.0
1995-03-16 00:00:00-05:00,8.3578437482807,8.477241516113281,8.3578437482807,8.477241516113281,36000,0.0,0.0
1995-03-17 00:00:00-05:00,8.357844753119782,8.477242535307207,7.820554733276367,7.820554733276367,121000,0.0,0.0
1995-03-20 00:00:00-05:00,7.6414570808410645,7.880252614617348,7.522059313952923,7.6414570808410645,92400,0.0,0.0
1995-03-21 00:00:00-05:00,7.880251329998638,7.880251329998638,7.641455835150194,7.701154708862305,16400,0.0,0.0
1995-03-22 00:00:00-05:00,7.522058486938477,7.880251748221261,7.522058486938477,7.522058486938477,87200,0.0,0.0
1995-03-23 00:00:00-05:00,7.522059571358466,7.6414573423324095,7.4026618003845215,7.4026618003845215,171600,0.0,0.0
1995-03-24 00:00:00-05:00,7.641457431287651,7.641457431287651,7.402661886559912,7.432511329650879,47400,0.0,0.0
1995-03-27 00:00:00-05:00,7.641458364633413,7.7608561515808105,7.402662790738619,7.7608561515808105,32400,0.0,0.0
1995-03-28 00:00:00-05:00,7.522060577686016,7.7608561515808105,7.522060577686016,7.7608561515808105,40800,0.0,0.0
1995-03-29 00:00:00-05:00,7.7608561515808105,7.7608561515808105,7.641458364633413,7.7608561515808105,72800,0.0,0.0
1995-03-30 00:00:00-05:00,7.641457759972774,8.119048869971072,7.641457759972774,7.880253314971924,53000,0.0,0.0
1995-03-31 00:00:00-05:00,7.880252710029261,8.119048246696813,7.7608549416954835,7.999650478363037,169200,0.0,0.0
1995-04-03 00:00:00-04:00,7.760855842182655,7.999651406557506,7.760855842182655,7.820554733276367,75200,0.0,0.0
1995-04-04 00:00:00-04:00,7.760855842182655,7.999651406557506,7.760855842182655,7.820554733276367,126600,0.0,0.0
1995-04-05 00:00:00-04:00,7.999651406557506,7.999651406557506,7.760855842182655,7.820554733276367,14800,0.0,0.0
1995-04-06 00:00:00-04:00,7.999651725475605,7.999651725475605,7.641458364633413,7.7608561515808105,66000,0.0,0.0
1995-04-07 00:00:00-04:00,7.820553825862373,7.999650478363037,7.7608549416954835,7.999650478363037,25200,0.0,0.0
1995-04-10 00:00:00-04:00,7.999650478363037,8.23844601503059,7.939951594196149,7.999650478363037,106600,0.0,0.0
1995-04-11 00:00:00-04:00,7.999649766562642,8.357843039692312,7.999649766562642,8.238445281982422,20200,0.0,0.0
1995-04-12 00:00:00-04:00,7.999649766562642,8.357843039692312,7.999649766562642,8.238445281982422,47800,0.0,0.0
1995-04-13 00:00:00-04:00,8.238444917342242,8.357842669767493,8.119047164916992,8.119047164916992,16000,0.0,0.0
1995-04-17 00:00:00-04:00,8.119048633163782,8.35784418119801,8.119048633163782,8.298145294189453,39000,0.0,0.0
1995-04-18 00:00:00-04:00,8.357842669767493,8.357842669767493,8.119047164916992,8.119047164916992,95000,0.0,0.0
1995-04-19 00:00:00-04:00,8.357843039692312,8.357843039692312,8.119047524272531,8.238445281982422,105200,0.0,0.0
1995-04-20 00:00:00-04:00,8.11904879978725,8.357844352722168,8.11904879978725,8.357844352722168,12600,0.0,0.0
1995-04-21 00:00:00-04:00,8.119047164916992,8.357842669767493,8.119047164916992,8.119047164916992,46400,0.0,0.0
1995-04-24 00:00:00-04:00,8.238444917342242,8.357842669767493,8.119047164916992,8.119047164916992,49200,0.0,0.0
1995-04-25 00:00:00-04:00,8.11904734590628,8.357842856079992,8.11904734590628,8.178746223449707,13400,0.0,0.0
1995-04-26 00:00:00-04:00,8.119046204479028,8.477239419382515,8.119046204479028,8.417540550231934,99600,0.0,0.0
1995-04-27 00:00:00-04:00,8.477242129189626,8.477242129189626,8.298145464488439,8.357844352722168,53000,0.0,0.0
1995-04-28 00:00:00-04:00,8.35784418119801,8.477241955215124,8.238446407180897,8.298145294189453,40400,0.0,0.0
1995-05-01 00:00:00-04:00,8.596639283945862,8.596639283945862,8.238445980448118,8.477241516113281,190800,0.0,0.0
1995-05-02 00:00:00-04:00,8.238447069288133,8.596640420126748,8.238447069288133,8.536941528320312,88600,0.0,0.0
1995-05-03 00:00:00-04:00,8.357844418042326,8.95483330504535,8.357844418042326,8.71603775024414,151400,0.0,0.0
1995-05-04 00:00:00-04:00,8.71603775024414,8.95483330504535,8.71603775024414,8.71603775024414,100400,0.0,0.0
1995-05-05 00:00:00-04:00,8.716037051778445,8.835434819611026,8.477241516113281,8.477241516113281,65200,0.0,0.0
1995-05-08 00:00:00-04:00,8.71603775024414,8.71603775024414,8.477242195442932,8.71603775024414,9000,0.0,0.0
1995-05-09 00:00:00-04:00,8.716037051778445,8.716037051778445,8.477241516113281,8.477241516113281,55800,0.0,0.0
1995-05-10 00:00:00-04:00,8.477241860495674,8.71603740586175,8.477241860495674,8.596639633178711,11800,0.0,0.0
1995-05-11 00:00:00-04:00,8.596639905657087,8.716037682124547,8.357844352722168,8.357844352722168,24400,0.0,0.0
1995-05-12 00:00:00-04:00,8.716037682124547,8.716037682124547,8.298145464488439,8.357844352722168,176000,0.0,0.0
1995-05-15 00:00:00-04:00,8.536940400029572,8.716037051778445,8.3578437482807,8.477241516113281,65800,0.0,0.0
1995-05-16 00:00:00-04:00,8.357844087812635,8.71603740586175,8.357844087812635,8.596639633178711,64000,0.0,0.0
1995-05-17 00:00:00-04:00,8.596639972843537,8.71603775024414,8.477242195442932,8.71603775024414,83600,0.0,0.0
1995-05-18 00:00:00-04:00,8.71603775024414,8.71603775024414,8.477242195442932,8.71603775024414,9600,0.0,0.0
1995-05-19 00:00:00-04:00,8.477241095181169,8.71603661898909,8.477241095181169,8.65633773803711,367000,0.0,0.0
1995-05-22 00:00:00-04:00,8.477241860495674,8.775736292203268,8.477241860495674,8.596639633178711,92800,0.0,0.0
1995-05-23 00:00:00-04:00,8.596641073421557,8.835436658794377,8.596641073421557,8.775737762451172,322400,0.0,0.0
1995-05-24 00:00:00-04:00,8.835436033722539,8.954833817962033,8.596640465243551,8.895134925842285,229200,0.0,0.0
1995-05-25 00:00:00-04:00,8.954833369506034,9.253327815156235,8.835435591245952,9.074231147766113,84200,0.0,0.0
1995-05-26 00:00:00-04:00,9.31302547454834,9.31302547454834,9.074229949559921,9.31302547454834,52600,0.0,0.0
1995-05-30 00:00:00-04:00,9.074229949559921,9.31302547454834,9.074229949559921,9.31302547454834,59200,0.0,0.0
1995-05-31 00:00:00-04:00,9.074229949559921,9.31302547454834,9.074229949559921,9.31302547454834,87200,0.0,0.0
1995-06-01 00:00:00-04:00,9.31302547454834,9.31302547454834,9.074229949559921,9.31302547454834,23200,0.0,0.0
1995-06-02 00:00:00-04:00,9.074229949559921,9.31302547454834,9.074229949559921,9.31302547454834,5000,0.0,0.0
1995-06-05 00:00:00-04:00,9.074232423460328,9.31302801355139,9.074232423460328,9.19363021850586,22800,0.0,0.0
1995-06-06 00:00:00-04:00,9.074232423460328,9.31302801355139,9.074232423460328,9.19363021850586,8400,0.0,0.0
1995-06-07 00:00:00-04:00,9.31302547454834,9.31302547454834,9.074229949559921,9.31302547454834,19200,0.0,0.0
1995-06-08 00:00:00-04:00,9.31302547454834,9.31302547454834,9.074229949559921,9.31302547454834,21200,0.0,0.0
1995-06-09 00:00:00-04:00,9.313026704286274,9.313026704286274,9.074231147766113,9.074231147766113,14400,0.0,0.0
1995-06-12 00:00:00-04:00,9.074229949559921,9.31302547454834,9.074229949559921,9.31302547454834,11200,0.0,0.0
1995-06-13 00:00:00-04:00,9.074229886072763,9.671218694367024,9.074229886072763,9.611519813537598,107600,0.0,0.0
1995-06-14 00:00:00-04:00,9.432423344364873,9.671218872070312,9.432423344364873,9.671218872070312,39000,0.0,0.0
1995-06-15 00:00:00-04:00,9.671218872070312,9.730917753996673,9.551821108217593,9.671218872070312,166600,0.0,0.0
1995-06-16 00:00:00-04:00,9.551818661573456,9.790614128112793,9.551818661573456,9.790614128112793,218400,0.0,0.0
1995-06-19 00:00:00-04:00,9.79061741052672,10.268208503723145,9.551821863928506,10.268208503723145,276600,0.0,0.0
1995-06-20 00:00:00-04:00,10.268208843538131,10.626402175289462,10.029413289037244,10.387606620788574,245600,0.0,0.0
1995-06-21 00:00:00-04:00,10.626401113534902,11.760679884080764,10.387605582893668,11.492034912109375,524600,0.0,0.0
1995-06-22 00:00:00-04:00,11.46218581030739,11.581583579164759,10.507003659448442,10.954745292663574,561600,0.0,0.0
1995-06-23 00:00:00-04:00,10.984593391418457,10.984593391418457,10.74579788290936,10.984593391418457,90800,0.0,0.0
1995-06-26 00:00:00-04:00,10.745797929817071,11.223388948920052,10.50700242026558,10.6860990524292,265800,0.0,0.0
1995-06-27 00:00:00-04:00,10.626399773817797,10.865195274353027,10.50700202355018,10.865195274353027,156000,0.0,0.0
1995-06-28 00:00:00-04:00,10.865197339008764,11.939777295614027,10.626401793096484,11.581583976745605,584800,0.0,0.0
1995-06-29 00:00:00-04:00,11.820379002259509,12.297970073057872,11.581583466860327,12.059174537658691,768000,0.0,0.0
1995-06-30 00:00:00-04:00,12.178572290230797,12.178572290230797,11.342787917371819,11.402486801147461,455000,0.0,0.0
1995-07-03 00:00:00-04:00,11.342787705458603,11.581583236099839,10.984594409496752,11.492034912109375,310800,0.0,0.0
1995-07-05 00:00:00-04:00,11.521884568698743,11.521884568698743,11.342787917371819,11.402486801147461,402400,0.0,0.0
1995-07-06 00:00:00-04:00,11.34278678894043,11.462184544613487,11.34278678894043,11.34278678894043,205800,0.0,0.0
1995-07-07 00:00:00-04:00,11.462184544613487,11.462184544613487,11.34278678894043,11.34278678894043,204800,0.0,0.0
1995-07-10 00:00:00-04:00,11.462184544613487,11.462184544613487,11.34278678894043,11.34278678894043,57400,0.0,0.0
1995-07-11 00:00:00-04:00,11.342787669255184,11.820378729013298,11.342787669255184,11.641282081604004,306400,0.0,0.0
1995-07-12 00:00:00-04:00,11.70098296455715,12.775563032730766,11.70098296455715,12.357670783996582,723800,0.0,0.0
1995-07-13 00:00:00-04:00,12.297970695495605,12.417368469238282,11.820379600524902,11.939777374267578,664200,0.0,0.0
1995-07-14 00:00:00-04:00,11.939774137554746,12.059171878930295,11.700978654803652,11.8203763961792,107200,0.0,0.0
1995-07-17 00:00:00-04:00,12.178573489189148,12.178573489189148,11.462186813354492,11.462186813354492,117600,0.0,0.0
1995-07-18 00:00:00-04:00,11.46218560666454,11.700981140136719,10.984594539720185,11.700981140136719,2339400,0.0,0.0
1995-07-19 00:00:00-04:00,11.462184025691107,11.462184025691107,10.387604273282564,10.865195274353027,387400,0.0,0.0
1995-07-20 00:00:00-04:00,10.745798234016664,11.223389266639627,10.745798234016664,11.103991508483887,184400,0.0,0.0
1995-07-21 00:00:00-04:00,11.103991145673005,11.402485531309377,10.86519563716391,10.984593391418457,441200,0.0,0.0
1995-07-24 00:00:00-04:00,11.223390073192363,11.939776673608897,11.103992306456274,11.700981140136719,297200,0.0,0.0
1995-07-25 00:00:00-04:00,11.939777201743581,11.939777201743581,11.70098165770871,11.880078315734863,120600,0.0,0.0
1995-07-26 00:00:00-04:00,11.700978654803652,12.178569620305842,11.700978654803652,11.8203763961792,406600,0.0,0.0
1995-07-27 00:00:00-04:00,11.820378906872808,12.178572207081075,11.58158337340063,11.700981140136719,168800,0.0,0.0
1995-07-28 00:00:00-04:00,11.700981234559919,12.059174537658691,11.581583466860327,12.059174537658691,151400,0.0,0.0
1995-07-31 00:00:00-04:00,11.820378906872808,12.059174440344986,11.46218560666454,11.700981140136719,97200,0.0,0.0
1995-08-01 00:00:00-04:00,11.462186203789464,11.700981749701747,11.223390657877184,11.581583976745605,86000,0.0,0.0
1995-08-02 00:00:00-04:00,11.700981826782227,12.178572921752929,11.462186279296875,11.939777374267578,237800,0.0,0.0
1995-08-03 00:00:00-04:00,11.820378906872808,11.820378906872808,11.223390073192363,11.700981140136719,156200,0.0,0.0
1995-08-04 00:00:00-04:00,11.700981234559919,12.059174537658691,11.462185699160736,12.059174537658691,126600,0.0,0.0
1995-08-07 00:00:00-04:00,12.059174537658691,12.059174537658691,11.820379002259509,12.059174537658691,62600,0.0,0.0
1995-08-08 00:00:00-04:00,12.059173939274807,12.297969462824803,11.939776177499809,12.178571701049805,202000,0.0,0.0
1995-08-09 00:00:00-04:00,12.297970599662968,12.297970599662968,12.059175054038443,12.238271713256836,44400,0.0,0.0
1995-08-10 00:00:00-04:00,12.29797077178955,12.29797077178955,12.059175222822763,12.29797077178955,80400,0.0,0.0
1995-08-11 00:00:00-04:00,12.297970871427166,12.297970871427166,11.82037976962417,11.999476432800293,77000,0.0,0.0
1995-08-14 00:00:00-04:00,12.059171878930295,12.059171878930295,11.700978654803652,11.8203763961792,42400,0.0,0.0
1995-08-15 00:00:00-04:00,11.700981140136719,11.939776673608897,11.58158337340063,11.700981140136719,227400,0.0,0.0
1995-08-16 00:00:00-04:00,11.820379522657886,11.939777295614027,11.581583976745605,11.581583976745605,338000,0.0,0.0
1995-08-17 00:00:00-04:00,11.820379082926639,11.93977685144105,11.581583545897818,11.760680198669434,326400,0.0,0.0
1995-08-18 00:00:00-04:00,11.8203763961792,11.8203763961792,11.581580913428105,11.8203763961792,121200,0.0,0.0
1995-08-21 00:00:00-04:00,11.581583466860327,12.059174537658691,11.581583466860327,12.059174537658691,111800,0.0,0.0
1995-08-22 00:00:00-04:00,11.820378715927538,13.253151893615723,11.820378715927538,13.253151893615723,686200,0.0,0.0
1995-08-23 00:00:00-04:00,13.01435695994984,13.611345811323687,12.894959189675072,13.13375473022461,467400,0.0,0.0
1995-08-24 00:00:00-04:00,13.253150032950447,13.253150032950447,12.775559040772054,12.805408477783203,123200,0.0,0.0
1995-08-25 00:00:00-04:00,12.775560318062839,13.133753598008527,12.775560318062839,13.074054718017578,81600,0.0,0.0
1995-08-28 00:00:00-04:00,13.133755966469094,13.133755966469094,12.894960403442383,12.894960403442383,114600,0.0,0.0
1995-08-29 00:00:00-04:00,12.894960403442383,13.133755966469094,12.894960403442383,12.894960403442383,45000,0.0,0.0
1995-08-30 00:00:00-04:00,13.133755621509017,13.133755621509017,12.656164507999598,12.775562286376953,120800,0.0,0.0
1995-08-31 00:00:00-04:00,12.835260391235352,12.835260391235352,12.656163734613463,12.835260391235352,44600,0.0,0.0
1995-09-01 00:00:00-04:00,12.835260391235352,12.835260391235352,12.656163734613463,12.835260391235352,12800,0.0,0.0
1995-09-05 00:00:00-04:00,12.8352608320848,12.8352608320848,12.656164169311523,12.656164169311523,9200,0.0,0.0
1995-09-06 00:00:00-04:00,12.835259716790002,13.491947423230421,12.835259716790002,13.253151893615723,239400,0.0,0.0
1995-09-07 00:00:00-04:00,13.13375473022461,13.372550270774148,13.01435695994984,13.13375473022461,44600,0.0,0.0
1995-09-08 00:00:00-04:00,13.074055496705782,13.193453263798986,12.894958846065977,13.01435661315918,112600,0.0,0.0
1995-09-11 00:00:00-04:00,13.01435704785724,13.01435704785724,12.775561505694721,12.835260391235352,92400,0.0,0.0
1995-09-12 00:00:00-04:00,12.775562286376953,13.014357843131663,12.775562286376953,12.775562286376953,36800,0.0,0.0
1995-09-13 00:00:00-04:00,12.95465772961258,13.253152147345586,12.775561078972773,13.01435661315918,258600,0.0,0.0
1995-09-14 00:00:00-04:00,13.253151357990422,13.253151357990422,13.014355838026631,13.074054718017578,27600,0.0,0.0
1995-09-15 00:00:00-04:00,13.014358184955737,13.253153747982449,12.894960403442383,12.894960403442383,42600,0.0,0.0
1995-09-18 00:00:00-04:00,12.954659294199061,13.133755966469094,12.894960403442383,12.894960403442383,24600,0.0,0.0
1995-09-19 00:00:00-04:00,13.01435661315918,13.01435661315918,12.775561078972773,13.01435661315918,42400,0.0,0.0
1995-09-20 00:00:00-04:00,12.775561078972773,13.01435661315918,12.775561078972773,13.01435661315918,53800,0.0,0.0
1995-09-21 00:00:00-04:00,12.775562286376953,13.014357843131663,12.775562286376953,12.775562286376953,24000,0.0,0.0
1995-09-22 00:00:00-04:00,12.894959276775982,13.01435704785724,12.775561505694721,12.835260391235352,58600,0.0,0.0
1995-09-25 00:00:00-04:00,12.775561078972773,13.01435661315918,12.775561078972773,13.01435661315918,23600,0.0,0.0
1995-09-26 00:00:00-04:00,13.01435661315918,13.01435661315918,12.894958846065977,13.01435661315918,93600,0.0,0.0
1995-09-27 00:00:00-04:00,12.894958885529203,13.014356652987805,12.775561118070598,12.86510944366455,178200,0.0,0.0
1995-09-28 00:00:00-04:00,12.775561078972773,13.01435661315918,12.775561078972773,13.01435661315918,34600,0.0,0.0
1995-09-29 00:00:00-04:00,13.01435428383076,13.491945266723633,13.01435428383076,13.491945266723633,244400,0.0,0.0
1995-10-02 00:00:00-04:00,13.133752913702102,13.850139436267671,13.133752913702102,13.790440559387207,203400,0.0,0.0
1995-10-03 00:00:00-04:00,13.85014161769514,13.85014161769514,13.372550527429791,13.551647186279297,117200,0.0,0.0
1995-10-04 00:00:00-04:00,13.611343884872179,14.208332651752537,13.372548378120035,14.088934898376465,202200,0.0,0.0
1995-10-05 00:00:00-04:00,14.208334318796794,14.447129853566487,13.9695387840271,14.32773208618164,550800,0.0,0.0
1995-10-06 00:00:00-04:00,14.447128655480556,14.685924170447178,14.208333140513936,14.566526412963867,289600,0.0,0.0
1995-10-09 00:00:00-04:00,14.566527262455276,14.566527262455276,13.969538440223502,14.208333969116211,188000,0.0,0.0
1995-10-10 00:00:00-04:00,13.969535639357668,13.969535639357668,13.372546936821015,13.909836769104004,400600,0.0,0.0
1995-10-11 00:00:00-04:00,13.969535639357668,14.088933379864999,13.850137898850338,13.909836769104004,49800,0.0,0.0
1995-10-12 00:00:00-04:00,13.969539642333984,14.088937417054789,13.730744092892378,13.969539642333984,39000,0.0,0.0
1995-10-13 00:00:00-04:00,13.969538874742462,15.04411878818419,13.969538874742462,14.685925483703613,867400,0.0,0.0
1995-10-16 00:00:00-04:00,14.924721020023997,14.924721020023997,14.56652771554342,14.685925483703613,427000,0.0,0.0
1995-10-17 00:00:00-04:00,14.805323691034515,14.805323691034515,14.327732604226949,14.506829261779785,220400,0.0,0.0
1995-10-18 00:00:00-04:00,14.805322791347985,14.805322791347985,14.088936204669857,14.208333969116211,372200,0.0,0.0
1995-10-19 00:00:00-04:00,14.208333496425462,14.327731256899625,13.730742454528809,13.730742454528809,158400,0.0,0.0
1995-10-20 00:00:00-04:00,13.73074305684943,13.850140822561164,13.611345291137695,13.611345291137695,101200,0.0,0.0
1995-10-23 00:00:00-04:00,13.372547521000413,13.730740758170068,13.372547521000413,13.491945266723633,168200,0.0,0.0
1995-10-24 00:00:00-04:00,13.49194585425513,13.730741356100355,13.253150352409907,13.37254810333252,63000,0.0,0.0
1995-10-25 00:00:00-04:00,13.491948041048918,13.491948041048918,12.775561419400303,13.13375473022461,138200,0.0,0.0
1995-10-26 00:00:00-04:00,13.223303421978702,13.253152865369174,12.297970676874098,12.596465110778809,151400,0.0,0.0
1995-10-27 00:00:00-04:00,12.297971441762126,13.133755908677998,12.297971441762126,13.044207572937012,276400,0.0,0.0
1995-10-30 00:00:00-05:00,13.253152164309306,13.850141000539455,13.014356629817247,13.67104434967041,228600,0.0,0.0
1995-10-31 00:00:00-05:00,13.730743249257406,14.447129853566487,13.491947714487711,14.32773208618164,515000,0.0,0.0
1995-11-01 00:00:00-05:00,14.327732868274387,14.447130642176672,14.088937320469812,14.268033981323242,120600,0.0,0.0
1995-11-02 00:00:00-05:00,14.447129498008922,14.447129498008922,14.088936204669857,14.208333969116211,180800,0.0,0.0
1995-11-03 00:00:00-05:00,14.088936978754614,14.327732520767405,14.088936978754614,14.148635864257812,210600,0.0,0.0
1995-11-06 00:00:00-05:00,14.208333496425462,14.327731256899625,13.551645813817563,13.730742454528809,180600,0.0,0.0
1995-11-07 00:00:00-05:00,13.372547521000413,13.61134301244685,13.253149775277196,13.491945266723633,59600,0.0,0.0
1995-11-08 00:00:00-05:00,13.611346072562466,13.85014161769514,13.372550527429791,13.551647186279297,138000,0.0,0.0
1995-11-09 00:00:00-05:00,13.491946933580481,13.969537975477134,13.491946933580481,13.730742454528809,282600,0.0,0.0
1995-11-10 00:00:00-05:00,13.611345466047394,13.79044211691644,13.611345466047394,13.67104434967041,136000,0.0,0.0
1995-11-13 00:00:00-05:00,13.790439631031678,13.790439631031678,13.491945266723633,13.491945266723633,85000,0.0,0.0
1995-11-14 00:00:00-05:00,13.49194699605306,13.730742518107096,13.43224811553955,13.43224811553955,81800,0.0,0.0
1995-11-15 00:00:00-05:00,13.551647186279297,13.85014161769514,13.253152754863454,13.551647186279297,96400,0.0,0.0
1995-11-16 00:00:00-05:00,13.551643547582012,13.909836769104004,13.551643547582012,13.909836769104004,364800,0.0,0.0
1995-11-17 00:00:00-05:00,13.909836769104004,13.909836769104004,13.611342417835678,13.909836769104004,133200,0.0,0.0
1995-11-20 00:00:00-05:00,13.969540437062582,13.969540437062582,12.894960403442383,12.894960403442383,133200,0.0,0.0
1995-11-21 00:00:00-05:00,12.775561078972773,13.253152147345586,12.65616331187957,13.01435661315918,380600,0.0,0.0
1995-11-22 00:00:00-05:00,13.253152500499379,13.372550270774148,12.894959189675072,13.13375473022461,185200,0.0,0.0
1995-11-24 00:00:00-05:00,13.133755621509017,13.133755621509017,12.775562286376953,12.775562286376953,10600,0.0,0.0
1995-11-27 00:00:00-05:00,12.775561078972773,13.01435661315918,12.775561078972773,13.01435661315918,79600,0.0,0.0
1995-11-28 00:00:00-05:00,12.775561419400303,13.13375473022461,12.775561419400303,13.13375473022461,61800,0.0,0.0
1995-11-29 00:00:00-05:00,13.13375365215799,13.850140215002972,12.894958131209663,13.730742454528809,386400,0.0,0.0
1995-11-30 00:00:00-05:00,13.611344694054644,13.730742454528809,13.491946933580481,13.730742454528809,126000,0.0,0.0
1995-12-01 00:00:00-05:00,13.521794703154438,13.61134301244685,13.253149775277196,13.491945266723633,94600,0.0,0.0
1995-12-04 00:00:00-05:00,13.312850354512532,13.49194699605306,13.253151473999024,13.43224811553955,103200,0.0,0.0
1995-12-05 00:00:00-05:00,13.253150352409907,13.49194585425513,13.253150352409907,13.37254810333252,74800,0.0,0.0
1995-12-06 00:00:00-05:00,13.491947525425962,13.73074305684943,13.253151994002494,13.611345291137695,274800,0.0,0.0
1995-12-07 00:00:00-05:00,13.49194699605306,13.611344757080078,13.253151473999024,13.43224811553955,47200,0.0,0.0
1995-12-08 00:00:00-05:00,13.253149775277196,13.491945266723633,13.253149775277196,13.491945266723633,15000,0.0,0.0
1995-12-11 00:00:00-05:00,13.253152164309306,13.67104434967041,13.253152164309306,13.67104434967041,205000,0.0,0.0
1995-12-12 00:00:00-05:00,13.372550527429791,13.671044958845634,13.372550527429791,13.551647186279297,7800,0.0,0.0
1995-12-13 00:00:00-05:00,13.372549947102865,14.32773208618164,13.372549947102865,14.32773208618164,391200,0.0,0.0
1995-12-14 00:00:00-05:00,14.088936401367187,15.044118530273437,14.088936401367187,14.924720764160156,446200,0.0,0.0
1995-12-15 00:00:00-05:00,14.924723332322488,15.342615585627518,14.685927759005327,15.163518905639648,216600,0.0,0.0
1995-12-18 00:00:00-05:00,15.04412047068278,15.163518252196136,12.656164840415672,12.894960403442383,844200,0.0,0.0
1995-12-19 00:00:00-05:00,12.954658888853514,13.014357777742239,11.939777777745174,12.41736888885498,861000,0.0,0.0
1995-12-20 00:00:00-05:00,12.656164444409884,12.656164444409884,12.059175555522625,12.41736888885498,401200,0.0,0.0
1995-12-21 00:00:00-05:00,12.536764682178767,12.835259079373499,12.29796916442298,12.715861320495605,231600,0.0,0.0
1995-12-22 00:00:00-05:00,12.775562621929026,13.014358184955737,12.596465949658993,12.894960403442383,120800,0.0,0.0
1995-12-26 00:00:00-05:00,12.894960064754308,13.014357843131663,12.656164507999598,12.775562286376953,116800,0.0,0.0
1995-12-27 00:00:00-05:00,12.656164507999598,12.894960064754308,12.656164507999598,12.775562286376953,209400,0.0,0.0
1995-12-28 00:00:00-05:00,12.894957958812446,12.894957958812446,12.65616244105666,12.715861320495605,302800,0.0,0.0
1995-12-29 00:00:00-05:00,12.656162558080943,13.372549117972317,12.656162558080943,13.074054718017578,451800,0.0,0.0
1996-01-02 00:00:00-05:00,13.014356364001026,13.491947423230421,13.014356364001026,13.253151893615723,185200,0.0,0.0
1996-01-03 00:00:00-05:00,13.133752601487295,13.611343605177742,13.133752601487295,13.37254810333252,184000,0.0,0.0
1996-01-04 00:00:00-05:00,13.37254810333252,13.611343605177742,12.894957099642072,13.37254810333252,194200,0.0,0.0
1996-01-05 00:00:00-05:00,13.133755966469094,13.253153747982449,12.894960403442383,12.894960403442383,255600,0.0,0.0
1996-01-08 00:00:00-05:00,13.133755966469094,13.133755966469094,12.894960403442383,12.894960403442383,20000,0.0,0.0
1996-01-09 00:00:00-05:00,12.894956068559127,13.133751551310223,11.760677525491426,11.8203763961792,334600,0.0,0.0
1996-01-10 00:00:00-05:00,11.342787917371819,11.641282336250026,10.984594614717972,11.402486801147461,318400,0.0,0.0
1996-01-11 00:00:00-05:00,11.581582892174815,12.536764986374799,11.581582892174815,12.178571701049805,460800,0.0,0.0
1996-01-12 00:00:00-05:00,12.178570664773776,12.417366168004634,11.342786403465771,11.372635841369629,299600,0.0,0.0
1996-01-15 00:00:00-05:00,11.5815821626912,11.5815821626912,10.984593391418457,10.984593391418457,178000,0.0,0.0
1996-01-16 00:00:00-05:00,11.34278543067701,11.939774137554746,11.223387689301463,11.8203763961792,403200,0.0,0.0
1996-01-17 00:00:00-05:00,11.820379002259509,12.178572305358282,11.700981234559919,12.059174537658691,363600,0.0,0.0
1996-01-18 00:00:00-05:00,12.059174440344986,12.059174440344986,11.58158337340063,11.700981140136719,84800,0.0,0.0
1996-01-19 00:00:00-05:00,11.820379522657886,11.820379522657886,11.581583976745605,11.581583976745605,65200,0.0,0.0
1996-01-22 00:00:00-05:00,11.581580913428105,11.8203763961792,11.581580913428105,11.8203763961792,161600,0.0,0.0
1996-01-23 00:00:00-05:00,11.700981140136719,11.820378906872808,11.46218560666454,11.700981140136719,59600,0.0,0.0
1996-01-24 00:00:00-05:00,11.700981735601658,12.417368372475229,11.641282849195527,12.238271713256836,419400,0.0,0.0
1996-01-25 00:00:00-05:00,12.178573333300077,12.41736888885498,12.178573333300077,12.41736888885498,158800,0.0,0.0
1996-01-26 00:00:00-05:00,12.238271535829057,12.894959276775982,12.238271535829057,12.835260391235352,276600,0.0,0.0
1996-01-29 00:00:00-05:00,12.596465618810921,13.014357843131663,12.536766729622244,12.775562286376953,355200,0.0,0.0
1996-01-30 00:00:00-05:00,13.014356156590267,13.372549445303761,12.775560630781271,13.342700004577637,173800,0.0,0.0
1996-01-31 00:00:00-05:00,13.13375473022461,13.253152500499379,12.894959189675072,13.13375473022461,311400,0.0,0.0
1996-02-01 00:00:00-05:00,13.133754380252384,13.253152147345586,12.894958846065977,13.01435661315918,124200,0.0,0.0
1996-02-02 00:00:00-05:00,13.014356149945941,13.014356149945941,12.536765098571777,12.536765098571777,155000,0.0,0.0
1996-02-05 00:00:00-05:00,12.775562286376953,12.775562286376953,12.536766729622244,12.775562286376953,11400,0.0,0.0
1996-02-06 00:00:00-05:00,12.536765137409192,13.49194724311656,12.536765137409192,13.193452835083008,265400,0.0,0.0
1996-02-07 00:00:00-05:00,13.253153747982449,13.253153747982449,12.656164840415672,12.894960403442383,120200,0.0,0.0
1996-02-08 00:00:00-05:00,12.656164507999598,12.775562286376953,12.536766729622244,12.775562286376953,79000,0.0,0.0
1996-02-09 00:00:00-05:00,12.775561944493708,12.775561944493708,12.29797084376497,12.656164169311523,143600,0.0,0.0
1996-02-12 00:00:00-05:00,12.59646449230685,12.656163376156647,12.059174537658691,12.059174537658691,199600,0.0,0.0
1996-02-13 00:00:00-05:00,11.820379337044649,13.133754818938499,11.70098156596339,12.835260391235352,308200,0.0,0.0
1996-02-14 00:00:00-05:00,13.014356115004595,13.014356115004595,12.656162827435661,12.686012268066406,109400,0.0,0.0
1996-02-15 00:00:00-05:00,12.775561944493708,12.775561944493708,12.656164169311523,12.656164169311523,19400,0.0,0.0
1996-02-16 00:00:00-05:00,12.536767795325467,12.775563372379285,12.297972218271648,12.477068901062012,109800,0.0,0.0
1996-02-20 00:00:00-05:00,12.178572305358282,12.417367840757464,12.059174537658691,12.059174537658691,55400,0.0,0.0
1996-02-21 00:00:00-05:00,12.297972218271648,12.536767795325467,12.05917664121783,12.477068901062012,81800,0.0,0.0
1996-02-22 00:00:00-05:00,12.536767462025518,12.536767462025518,12.357670783996582,12.357670783996582,140200,0.0,0.0
1996-02-23 00:00:00-05:00,12.536766666632433,12.536766666632433,12.29797111107753,12.41736888885498,76000,0.0,0.0
1996-02-26 00:00:00-05:00,12.178573333300077,12.41736888885498,12.178573333300077,12.41736888885498,226000,0.0,0.0
1996-02-27 00:00:00-05:00,12.178574105967646,12.536767462025518,12.178574105967646,12.357670783996582,203600,0.0,0.0
1996-02-28 00:00:00-05:00,12.29797189132027,12.477068569349205,12.29797189132027,12.357670783996582,37400,0.0,0.0
1996-02-29 00:00:00-05:00,12.238270581937304,12.4173672245998,12.118872820162306,12.178571701049805,75600,0.0,0.0
1996-03-01 00:00:00-05:00,12.178573333300077,12.596465555521158,12.178573333300077,12.41736888885498,192200,0.0,0.0
1996-03-04 00:00:00-05:00,12.536766320756339,12.536766320756339,12.238271884547855,12.29797077178955,456800,0.0,0.0
1996-03-05 00:00:00-05:00,12.297967361681389,12.297967361681389,11.8203763961792,11.8203763961792,462000,0.0,0.0
1996-03-06 00:00:00-05:00,11.82037898757695,11.82037898757695,11.103992382269254,11.402486801147461,309400,0.0,0.0
1996-03-07 00:00:00-05:00,11.223390657877184,11.581583976745605,11.223390657877184,11.581583976745605,539400,0.0,0.0
1996-03-08 00:00:00-05:00,11.223389561312185,11.521883964538574,10.984594038731075,11.521883964538574,985600,0.0,0.0
1996-03-11 00:00:00-05:00,11.223388899927555,11.521883285563925,10.74579788290936,10.984593391418457,154400,0.0,0.0
1996-03-12 00:00:00-05:00,10.62640224032932,10.745800018310547,10.50700446234809,10.745800018310547,1563800,0.0,0.0
1996-03-13 00:00:00-05:00,10.745799915210622,11.103993245717643,10.507004361539273,11.044294357299805,1334800,0.0,0.0
1996-03-14 00:00:00-05:00,11.103992807104232,11.820379439820634,10.984595034984832,11.223390579223633,853600,0.0,0.0
1996-03-15 00:00:00-05:00,11.46218496720421,11.581582727279255,11.103991686979079,11.163690567016602,157200,0.0,0.0
1996-03-18 00:00:00-05:00,11.581580913428105,12.059171878930295,11.581580913428105,11.8203763961792,459800,0.0,0.0
1996-03-19 00:00:00-05:00,12.059174047197615,12.656162861415318,11.820378521510534,12.536765098571777,947400,0.0,0.0
1996-03-20 00:00:00-05:00,12.477065802739821,12.835259079373499,12.357668043861928,12.715861320495605,182600,0.0,0.0
1996-03-21 00:00:00-05:00,12.835262266642738,12.835262266642738,12.357671112535103,12.477068901062012,369000,0.0,0.0
1996-03-22 00:00:00-05:00,12.417368546272945,12.477067433514641,12.178572997306157,12.29797077178955,253200,0.0,0.0
1996-03-25 00:00:00-05:00,12.536766223997866,12.715862884340693,12.417368450435982,12.596465110778809,154400,0.0,0.0
1996-03-26 00:00:00-05:00,12.477067506538248,12.775561944493708,12.417368618947155,12.656164169311523,307400,0.0,0.0
1996-03-27 00:00:00-05:00,12.596465207998035,12.835260756964823,12.29797077178955,12.29797077178955,122200,0.0,0.0
1996-03-28 00:00:00-05:00,12.118870749618068,12.178569620305842,11.8203763961792,11.8203763961792,82200,0.0,0.0
1996-03-29 00:00:00-05:00,11.82037898757695,11.939776755128232,11.342787917371819,11.402486801147461,134000,0.0,0.0
1996-04-01 00:00:00-05:00,11.402484301364783,11.8203763961792,11.402484301364783,11.8203763961792,153200,0.0,0.0
1996-04-02 00:00:00-05:00,11.820379429726145,12.059174973761017,11.70098165770871,11.880078315734863,233600,0.0,0.0
1996-04-03 00:00:00-05:00,11.939777374267578,12.059175148010254,11.88007848739624,11.939777374267578,163400,0.0,0.0
1996-04-04 00:00:00-05:00,11.939777201743581,11.9994760877523,11.880078315734863,11.880078315734863,62200,0.0,0.0
1996-04-08 00:00:00-04:00,11.581583466860327,12.059174537658691,11.581583466860327,12.059174537658691,90400,0.0,0.0
1996-04-09 00:00:00-04:00,11.820378521510534,12.536765098571777,11.820378521510534,12.536765098571777,166600,0.0,0.0
1996-04-10 00:00:00-04:00,12.656161046661106,13.730740758170068,12.536763300937888,13.491945266723633,1249400,0.0,0.0
1996-04-11 00:00:00-04:00,13.372548670439517,13.551645304418619,13.372548670439517,13.402398109436035,229200,0.0,0.0
1996-04-12 00:00:00-04:00,13.37254923502604,13.49194699605306,13.312850354512532,13.43224811553955,118400,0.0,0.0
1996-04-15 00:00:00-04:00,13.312849227871213,13.432246978793824,13.312849227871213,13.37254810333252,154400,0.0,0.0
1996-04-16 00:00:00-04:00,13.312850563851512,13.43224832675601,13.312850563851512,13.342700004577637,164800,0.0,0.0
1996-04-17 00:00:00-04:00,13.312849998474121,13.342699437932584,13.312849998474121,13.312849998474121,13600,0.0,0.0
1996-04-18 00:00:00-04:00,13.312849227871213,13.432246978793824,13.312849227871213,13.37254810333252,77400,0.0,0.0
1996-04-19 00:00:00-04:00,13.43224775630797,13.43224775630797,13.312849998474121,13.312849998474121,258400,0.0,0.0
1996-04-22 00:00:00-04:00,13.312849227871213,13.49194585425513,13.253150352409907,13.37254810333252,211800,0.0,0.0
1996-04-23 00:00:00-04:00,13.074056205026347,13.253152865369174,12.417368450435982,12.596465110778809,323000,0.0,0.0
1996-04-24 00:00:00-04:00,12.775561771121636,12.775561771121636,12.536766223997866,12.596465110778809,149600,0.0,0.0
1996-04-25 00:00:00-04:00,12.536764682178767,12.894957958812446,12.536764682178767,12.715861320495605,173000,0.0,0.0
1996-04-26 00:00:00-04:00,12.775561078972773,13.01435661315918,12.775561078972773,13.01435661315918,254800,0.0,0.0
1996-04-29 00:00:00-04:00,13.014358184955737,13.014358184955737,12.656164840415672,12.894960403442383,183000,0.0,0.0
1996-04-30 00:00:00-04:00,13.13375473022461,13.193453615361994,13.01435695994984,13.13375473022461,218400,0.0,0.0
1996-05-01 00:00:00-04:00,13.133754380252384,13.253152147345586,12.894958846065977,13.01435661315918,200000,0.0,0.0
1996-05-02 00:00:00-04:00,12.775561771121636,12.775561771121636,12.536766223997866,12.596465110778809,183800,0.0,0.0
1996-05-03 00:00:00-04:00,12.536765098571777,12.715861742837088,12.536765098571777,12.536765098571777,63200,0.0,0.0
1996-05-06 00:00:00-04:00,12.536765098571777,12.954657268524171,12.536765098571777,12.536765098571777,152400,0.0,0.0
1996-05-07 00:00:00-04:00,12.715863056902615,12.775561944493708,12.477067506538248,12.656164169311523,340400,0.0,0.0
1996-05-08 00:00:00-04:00,12.656162861415318,12.77556062425886,12.417367335728237,12.536765098571777,135000,0.0,0.0
1996-05-09 00:00:00-04:00,12.775561078972773,13.01435661315918,12.65616331187957,13.01435661315918,384000,0.0,0.0
1996-05-10 00:00:00-04:00,12.954656600952148,13.133753235988353,12.894957722606748,12.954656600952148,565400,0.0,0.0
1996-05-13 00:00:00-04:00,12.894960403442383,13.014358184955737,12.71586373117235,12.894960403442383,63400,0.0,0.0
1996-05-14 00:00:00-04:00,12.835258844261345,12.954656600952148,12.835258844261345,12.954656600952148,381400,0.0,0.0
1996-05-15 00:00:00-04:00,12.894958846065977,13.01435661315918,12.835259962519375,13.01435661315918,34200,0.0,0.0
1996-05-16 00:00:00-04:00,12.894956538107543,13.61134301244685,12.894956538107543,13.491945266723633,507200,0.0,0.0
1996-05-17 00:00:00-04:00,13.611342417835678,13.909836769104004,13.43224580707468,13.909836769104004,858600,0.0,0.0
1996-05-20 00:00:00-04:00,13.85014177266524,14.327732868274387,13.790442885714096,14.268033981323242,559800,0.0,0.0
1996-05-21 00:00:00-04:00,14.088937417054789,14.14863630441519,13.850141867613182,13.969539642333984,258400,0.0,0.0
1996-05-22 00:00:00-04:00,14.148635435104369,14.32773208618164,13.850141016642253,14.32773208618164,218000,0.0,0.0
1996-05-23 00:00:00-04:00,14.208333549657798,14.56652683242228,14.208333549657798,14.387430191040039,280800,0.0,0.0
1996-05-24 00:00:00-04:00,14.387430969874064,14.566527620951334,14.32773208618164,14.32773208618164,350600,0.0,0.0
1996-05-28 00:00:00-04:00,14.2083350943721,14.327732868274387,14.2083350943721,14.268033981323242,870400,0.0,0.0
1996-05-29 00:00:00-04:00,14.327732604226949,14.506829261779785,14.148635946674112,14.506829261779785,108800,0.0,0.0
1996-05-30 00:00:00-04:00,14.506829941321,14.745625495910645,14.268034386731353,14.745625495910645,72400,0.0,0.0
1996-05-31 00:00:00-04:00,14.566527465820313,15.2829140625,14.566527465820313,14.924720764160156,483000,0.0,0.0
1996-06-03 00:00:00-04:00,14.924721371742987,14.924721371742987,14.447130287847212,14.805323600769043,293800,0.0,0.0
1996-06-04 00:00:00-04:00,14.566529426865905,15.641109466552734,14.566529426865905,15.641109466552734,443000,0.0,0.0
1996-06-05 00:00:00-04:00,15.700803756713867,15.939599251112558,15.581406009514522,15.700803756713867,674200,0.0,0.0
1996-06-06 00:00:00-04:00,15.700808357646448,15.879905030927587,15.52171168436531,15.641109466552734,185600,0.0,0.0
1996-06-07 00:00:00-04:00,15.163519803001765,15.99930435907273,15.163519803001765,15.670960426330566,303200,0.0,0.0
1996-06-10 00:00:00-04:00,15.760507877056416,15.760507877056416,15.521712303161621,15.521712303161621,89600,0.0,0.0
1996-06-11 00:00:00-04:00,15.402313626798472,15.879904747009277,15.402313626798472,15.879904747009277,125400,0.0,0.0
1996-06-12 00:00:00-04:00,15.879903701838533,16.238097018421357,15.641108157449983,16.17839813232422,349600,0.0,0.0
1996-06-13 00:00:00-04:00,16.297796487808228,16.715688705444336,16.2380975995745,16.715688705444336,776800,0.0,0.0
1996-06-14 00:00:00-04:00,16.715686079384625,16.715686079384625,16.476890563964844,16.476890563964844,301800,0.0,0.0
1996-06-17 00:00:00-04:00,16.655984493012124,16.95447883876503,16.4171890164098,16.835081100463867,353000,0.0,0.0
1996-06-18 00:00:00-04:00,16.95447883876503,17.07387657706619,16.775382231313287,16.835081100463867,369800,0.0,0.0
1996-06-19 00:00:00-04:00,16.835083091960232,16.954480844385483,16.238094329833984,16.238094329833984,569800,0.0,0.0
1996-06-20 00:00:00-04:00,16.357494261727403,16.357494261727403,14.327732200053202,15.999300956726074,486400,0.0,0.0
1996-06-21 00:00:00-04:00,15.999298824983486,16.476889834684485,15.999298824983486,16.238094329833984,411200,0.0,0.0
1996-06-24 00:00:00-04:00,16.238096296787262,16.476891830563545,15.282914161682129,15.282914161682129,497400,0.0,0.0
1996-06-25 00:00:00-04:00,15.521711074944697,15.820205518693635,15.163517742445974,15.760506629943848,274000,0.0,0.0
1996-06-26 00:00:00-04:00,15.760503496442523,15.879901250203451,15.044116973876953,15.044116973876953,196400,0.0,0.0
1996-06-27 00:00:00-04:00,14.924718428027722,15.52170716514883,14.924718428027722,15.40230941772461,544200,0.0,0.0
1996-06-28 00:00:00-04:00,15.40230933388511,16.47688905485384,15.282911587110807,16.297792434692383,867400,0.0,0.0
1996-07-01 00:00:00-04:00,16.357492446899414,16.5365890795297,16.058998059182272,16.357492446899414,369200,0.0,0.0
1996-07-02 00:00:00-04:00,16.4171916851099,16.65598720052968,16.238095048545063,16.476890563964844,371800,0.0,0.0
1996-07-03 00:00:00-04:00,16.476894138576267,17.13358194844706,16.476894138576267,17.073883056640625,379200,0.0,0.0
1996-07-05 00:00:00-04:00,17.0738815873756,17.19327936071389,16.835086040699018,16.894784927368164,239600,0.0,0.0
1996-07-08 00:00:00-04:00,16.83508748941488,17.43207640747924,16.83508748941488,17.073883056640625,820800,0.0,0.0
1996-07-09 00:00:00-04:00,17.073880800059143,17.073880800059143,16.476891960896236,16.954483032226562,550000,0.0,0.0
1996-07-10 00:00:00-04:00,16.83508587939273,16.83508587939273,15.999301474032807,16.17839813232422,671800,0.0,0.0
1996-07-11 00:00:00-04:00,15.999300956726074,16.238096493393627,15.521709883390967,15.999300956726074,599200,0.0,0.0
1996-07-12 00:00:00-04:00,15.879904747009277,16.11870030711468,15.760506966956576,15.879904747009277,130000,0.0,0.0
1996-07-15 00:00:00-04:00,15.999298824983486,16.238094329833984,15.641105567707735,16.238094329833984,225600,0.0,0.0
1996-07-16 00:00:00-04:00,15.879905030927587,16.238098377489862,15.52171168436531,15.641109466552734,594200,0.0,0.0
1996-07-17 00:00:00-04:00,15.700806963218833,15.999301392177365,15.700806963218833,15.820204734802246,969400,0.0,0.0
1996-07-18 00:00:00-04:00,15.999301299505811,16.835085695748653,15.700806872276225,16.775386810302734,733400,0.0,0.0
1996-07-19 00:00:00-04:00,16.715686079384625,16.715686079384625,16.118697290835172,16.476890563964844,291400,0.0,0.0
1996-07-22 00:00:00-04:00,16.238094741083877,16.238094741083877,15.879901474736437,16.058998107910156,986600,0.0,0.0
1996-07-23 00:00:00-04:00,15.879903620593952,16.11869916376078,15.76050584901054,15.820204734802246,325800,0.0,0.0
1996-07-24 00:00:00-04:00,15.282916119990459,15.641109466552734,15.163518337803033,15.641109466552734,760000,0.0,0.0
1996-07-25 00:00:00-04:00,15.521711074944697,15.760506629943848,15.521711074944697,15.760506629943848,112200,0.0,0.0
1996-07-26 00:00:00-04:00,15.87990016437202,15.999297909968801,15.521706927581672,15.93959903717041,533400,0.0,0.0
1996-07-29 00:00:00-04:00,15.64110587061947,16.954481172732557,15.64110587061947,16.655986785888672,684800,0.0,0.0
1996-07-30 00:00:00-04:00,16.775387724784956,17.61117216658919,16.59629105868405,17.43207550048828,742400,0.0,0.0
1996-07-31 00:00:00-04:00,17.432073522497106,18.029062341760707,17.432073522497106,17.730567932128906,624800,0.0,0.0
1996-08-01 00:00:00-04:00,17.73057221393196,17.73057221393196,17.372378835872727,17.551475524902344,350400,0.0,0.0
1996-08-02 00:00:00-04:00,17.67086925321412,18.62605137500948,17.432073722765285,18.44695472717285,804200,0.0,0.0
1996-08-05 00:00:00-04:00,18.387257852052386,18.62605340857255,17.909666739012067,18.148462295532227,221400,0.0,0.0
1996-08-06 00:00:00-04:00,18.14845955141129,18.50665283203125,18.14845955141129,18.50665283203125,319200,0.0,0.0
1996-08-07 00:00:00-04:00,18.50665318660247,18.8648464740851,18.267857661614052,18.62605094909668,103200,0.0,0.0
1996-08-08 00:00:00-04:00,18.8648464740851,18.8648464740851,18.38725542410826,18.62605094909668,462600,0.0,0.0
1996-08-09 00:00:00-04:00,18.74544871159089,18.805147592837994,18.50665318660247,18.62605094909668,168600,0.0,0.0
1996-08-12 00:00:00-04:00,18.745452125600522,18.745452125600522,17.79026985168457,17.79026985168457,321600,0.0,0.0
1996-08-13 00:00:00-04:00,17.79026975831785,17.79026975831785,17.073883056640625,17.073883056640625,295200,0.0,0.0
1996-08-14 00:00:00-04:00,17.07387803934388,17.670866781978283,17.07387803934388,17.611167907714844,511200,0.0,0.0
1996-08-15 00:00:00-04:00,17.670867919921875,17.670867919921875,17.252975773166966,17.670867919921875,195800,0.0,0.0
1996-08-16 00:00:00-04:00,17.551472491371754,17.551472491371754,17.312676947271456,17.49177360534668,172400,0.0,0.0
1996-08-19 00:00:00-04:00,17.312676947271456,17.730569149446975,17.312676947271456,17.49177360534668,181400,0.0,0.0
1996-08-20 00:00:00-04:00,17.432072407490498,17.73056679802972,17.432072407490498,17.670867919921875,64000,0.0,0.0
1996-08-21 00:00:00-04:00,17.730567390688005,18.50665283203125,17.551470750378023,18.50665283203125,304600,0.0,0.0
1996-08-22 00:00:00-04:00,18.626051301409483,18.805147948538423,18.26785800715161,18.74544906616211,997400,0.0,0.0
1996-08-23 00:00:00-04:00,18.566351712134576,18.74544835244456,18.446953951927924,18.50665283203125,161600,0.0,0.0
1996-08-26 00:00:00-04:00,18.387254304057915,18.626049814500227,18.387254304057915,18.56635093688965,402200,0.0,0.0
1996-08-27 00:00:00-04:00,18.38725584456064,18.56635249239727,18.38725584456064,18.44695472717285,128200,0.0,0.0
1996-08-28 00:00:00-04:00,18.38726043701172,18.566357129580012,18.38726043701172,18.38726043701172,42400,0.0,0.0
1996-08-29 00:00:00-04:00,18.387256273257186,18.387256273257186,18.08876185323678,18.267858505249023,84800,0.0,0.0
1996-08-30 00:00:00-04:00,18.088763406402187,18.178311740097246,18.029064517272147,18.148462295532227,68800,0.0,0.0
1996-09-03 00:00:00-04:00,17.79026828765869,18.029063835144044,17.730569400787353,17.909666061401367,318400,0.0,0.0
1996-09-04 00:00:00-04:00,17.79026985168457,18.02906542016356,17.79026985168457,17.79026985168457,351200,0.0,0.0
1996-09-05 00:00:00-04:00,17.79026871124215,17.79026871124215,17.19327982831456,17.223129272460938,415600,0.0,0.0
1996-09-06 00:00:00-04:00,17.312679939529524,17.551475524902344,17.0738843541567,17.551475524902344,172000,0.0,0.0
1996-09-09 00:00:00-04:00,17.372376736841705,18.148462295532227,17.372376736841705,18.148462295532227,141400,0.0,0.0
1996-09-10 00:00:00-04:00,17.90966558537378,18.148461126512096,17.581321716308594,17.581321716308594,105400,0.0,0.0
1996-09-11 00:00:00-04:00,17.670869050202548,17.849965695981627,17.551471286349827,17.730567932128906,69000,0.0,0.0
1996-09-12 00:00:00-04:00,17.909667635924066,17.909667635924066,17.551474283205582,17.79026985168457,22000,0.0,0.0
1996-09-13 00:00:00-04:00,17.790268626434123,18.26785973049947,17.67087085041779,18.029064178466797,280200,0.0,0.0
1996-09-16 00:00:00-04:00,18.088761017872738,18.74544871159089,17.84996549288432,18.62605094909668,448800,0.0,0.0
1996-09-17 00:00:00-04:00,18.387254304057915,18.685748692110803,18.02906103839445,18.56635093688965,366400,0.0,0.0
1996-09-18 00:00:00-04:00,18.50665176746457,19.46183379417242,18.38725401412609,19.252887725830078,1042000,0.0,0.0
1996-09-19 00:00:00-04:00,19.1036429862858,19.34243852361437,18.864847448957224,19.282739639282227,256600,0.0,0.0
1996-09-20 00:00:00-04:00,19.10363963293651,19.342435128348214,18.745446389818948,18.805145263671875,299600,0.0,0.0
1996-09-23 00:00:00-04:00,18.745450752850758,18.984246303842486,18.62605297735489,18.834999084472656,458200,0.0,0.0
1996-09-24 00:00:00-04:00,18.68575096130371,18.984245385605686,18.68575096130371,18.68575096130371,120200,0.0,0.0
1996-09-25 00:00:00-04:00,18.805147232547885,18.805147232547885,18.267857311617945,18.50665283203125,111600,0.0,0.0
1996-09-26 00:00:00-04:00,18.626049814500227,18.74544756972138,18.50665205927907,18.56635093688965,361200,0.0,0.0
1996-09-27 00:00:00-04:00,18.745446389818948,18.805145263671875,18.56634976826017,18.805145263671875,215400,0.0,0.0
1996-09-30 00:00:00-04:00,18.62605290282461,19.70063287798757,18.62605290282461,19.640933990478516,428600,0.0,0.0
1996-10-01 00:00:00-04:00,19.640933990478516,19.76033176549662,19.34243955293325,19.640933990478516,316000,0.0,0.0
1996-10-02 00:00:00-04:00,19.64093355385654,19.939427984766215,19.461836895310736,19.820030212402344,316600,0.0,0.0
1996-10-03 00:00:00-04:00,19.879729098584278,19.939427984766215,19.581234667674604,19.820030212402344,134800,0.0,0.0
1996-10-04 00:00:00-04:00,19.93942796308442,21.37220122989288,19.82003019085038,21.133405685424805,451800,0.0,0.0
1996-10-07 00:00:00-04:00,21.01401152597037,21.133409318731566,20.417022562164394,20.715517044067383,307400,0.0,0.0
1996-10-08 00:00:00-04:00,20.17821731567383,20.894603729248047,19.581228637695315,19.700626373291016,437600,0.0,0.0
1996-10-09 00:00:00-04:00,19.70063024667593,19.939425764817457,19.34243696946364,19.402135848999023,198800,0.0,0.0
1996-10-10 00:00:00-04:00,19.223039980287904,19.581233271846067,19.223039980287904,19.342437744140625,63200,0.0,0.0
1996-10-11 00:00:00-04:00,19.8200311448839,21.491600036621094,19.70063336690267,21.491600036621094,851600,0.0,0.0
1996-10-14 00:00:00-04:00,21.372198041187836,21.372198041187836,20.53641376024753,20.56626319885254,546600,0.0,0.0
1996-10-15 00:00:00-04:00,20.89460852617275,20.89460852617275,19.820028659112438,19.93942642211914,199400,0.0,0.0
1996-10-16 00:00:00-04:00,20.178222304298764,20.178222304298764,19.700631243841986,20.05882453918457,108400,0.0,0.0
1996-10-17 00:00:00-04:00,20.297621397432568,20.297621397432568,19.46183698695005,19.521535873413086,182200,0.0,0.0
1996-10-18 00:00:00-04:00,19.70063117806238,19.70063117806238,19.342437883915792,19.55138397216797,284400,0.0,0.0
1996-10-21 00:00:00-04:00,19.700630896105736,19.93942642211914,19.581233133099037,19.93942642211914,196600,0.0,0.0
1996-10-22 00:00:00-04:00,19.93942600329481,20.536414805788667,19.700630482297267,20.11852264404297,266000,0.0,0.0
1996-10-23 00:00:00-04:00,20.178222598363853,20.297620365218076,19.223040463530058,19.6707820892334,317200,0.0,0.0
1996-10-24 00:00:00-04:00,19.820030212402344,19.820030212402344,19.461836895310736,19.820030212402344,32600,0.0,0.0
1996-10-25 00:00:00-04:00,19.820023722764923,19.820023722764923,19.461830522955918,19.581228256225586,38400,0.0,0.0
1996-10-28 00:00:00-05:00,19.82003110171827,19.82003110171827,19.461837768554688,19.461837768554688,75400,0.0,0.0
1996-10-29 00:00:00-05:00,19.82002736671178,19.82002736671178,18.387254304057915,18.56635093688965,273800,0.0,0.0
1996-10-30 00:00:00-05:00,18.626051809273516,18.74544957728168,18.14846073724086,18.267858505249023,171800,0.0,0.0
1996-10-31 00:00:00-05:00,18.26785800715161,18.74544906616211,18.26785800715161,18.74544906616211,403000,0.0,0.0
1996-11-01 00:00:00-05:00,18.8648464740851,18.984244236579308,18.62605094909668,18.62605094909668,202200,0.0,0.0
1996-11-04 00:00:00-05:00,18.62605094909668,18.74544871159089,18.38725542410826,18.62605094909668,160000,0.0,0.0
1996-11-05 00:00:00-05:00,18.626052955851105,18.626052955851105,18.267859629777046,18.327558517456055,147400,0.0,0.0
1996-11-06 00:00:00-05:00,18.387256273257186,18.387256273257186,18.029062969232697,18.267858505249023,100800,0.0,0.0
1996-11-07 00:00:00-05:00,18.148461954483132,18.148461954483132,17.790268626434123,18.029064178466797,97600,0.0,0.0
1996-11-08 00:00:00-05:00,17.79026828765869,18.267859382629393,17.79026828765869,17.909666061401367,194400,0.0,0.0
1996-11-11 00:00:00-05:00,18.148461954483132,18.148461954483132,17.790268626434123,18.029064178466797,291200,0.0,0.0
1996-11-12 00:00:00-05:00,18.626053095611287,19.342439753134798,18.446956431230408,19.0439453125,265000,0.0,2.0
1996-11-13 00:00:00-05:00,19.342437388734048,19.700630673710602,19.103641865416343,19.223039627075195,445300,0.0,0.0
1996-11-14 00:00:00-05:00,19.461836895310736,20.178223529493952,19.103643578219128,19.820030212402344,192700,0.0,0.0
1996-11-15 00:00:00-05:00,20.417016983032227,20.65581250330161,19.82002818235877,20.417016983032227,169100,0.0,0.0
1996-11-18 00:00:00-05:00,20.536415382667826,20.655813146520543,19.223039980287904,19.342437744140625,151400,0.0,0.0
1996-11-19 00:00:00-05:00,19.1036376953125,19.93942184448242,18.9842399597168,19.700626373291016,92000,0.0,0.0
1996-11-20 00:00:00-05:00,19.461836895310736,19.939427984766215,19.461836895310736,19.820030212402344,75900,0.0,0.0
1996-11-21 00:00:00-05:00,19.700633219001517,19.93942877317123,19.4618376648318,19.760332107543945,46100,0.0,0.0
1996-11-22 00:00:00-05:00,19.700631243841986,20.05882453918457,19.700631243841986,20.05882453918457,47400,0.0,0.0
1996-11-25 00:00:00-05:00,20.05882141113281,21.014003383091516,19.820025918143138,20.89460563659668,129400,0.0,0.0
1996-11-26 00:00:00-05:00,20.77521270580506,21.252803802490234,20.297621609119886,21.252803802490234,314400,0.0,0.0
1996-11-27 00:00:00-05:00,21.014004748800527,22.088584537091464,20.77520924029143,21.969186782836914,270100,0.0,0.0
1996-11-29 00:00:00-05:00,21.849791700898464,22.0885872386132,21.730393932041093,21.90949058532715,24100,0.0,0.0
1996-12-02 00:00:00-05:00,22.08858802670338,22.08858802670338,20.77521252241291,21.84979248046875,141300,0.0,0.0
1996-12-03 00:00:00-05:00,21.84979135173641,22.207984652584546,21.49159805088827,21.79009246826172,127700,0.0,0.0
1996-12-04 00:00:00-05:00,21.7303915324964,22.68557357788086,21.7303915324964,22.68557357788086,188500,0.0,0.0
1996-12-05 00:00:00-05:00,22.446781501568186,22.68557704945721,22.327383727623673,22.566179275512695,71900,0.0,0.0
1996-12-06 00:00:00-05:00,21.84978912396138,21.84978912396138,20.894607085755418,21.3721981048584,331000,0.0,0.0
1996-12-09 00:00:00-05:00,21.491595859634142,21.730391369185632,21.25280035008265,21.3721981048584,38200,0.0,0.0
1996-12-10 00:00:00-05:00,21.25280219032651,21.4318988379978,20.05882453918457,20.05882453918457,210400,0.0,0.0
1996-12-11 00:00:00-05:00,19.581232912051753,19.581232912051753,18.74544858043979,19.223039627075195,552900,0.0,0.0
1996-12-12 00:00:00-05:00,19.34243988774694,20.178224327340946,19.34243988774694,19.760332107543945,174500,0.0,0.0
1996-12-13 00:00:00-05:00,19.342437388734048,19.581232912051753,18.864846342098637,19.223039627075195,112900,0.0,0.0
1996-12-16 00:00:00-05:00,19.3424350976944,19.46183284521103,18.86484410762787,19.103639602661133,128600,0.0,0.0
1996-12-17 00:00:00-05:00,18.745447878567678,19.34243666450932,18.745447878567678,18.984243392944336,45200,0.0,0.0
1996-12-18 00:00:00-05:00,19.103641865416343,19.342437388734048,18.98424410375749,19.223039627075195,278200,0.0,0.0
1996-12-19 00:00:00-05:00,19.10364316114739,20.17822308896193,19.10364316114739,19.999126434326172,278300,0.0,0.0
1996-12-20 00:00:00-05:00,20.178221462762846,20.53641474316692,19.82002818235877,20.417016983032227,200800,0.0,0.0
1996-12-23 00:00:00-05:00,20.178224355324932,20.77521324157715,20.178224355324932,20.77521324157715,199000,0.0,0.0
1996-12-24 00:00:00-05:00,20.536412397112166,20.89460563659668,20.536412397112166,20.89460563659668,102600,0.0,0.0
1996-12-26 00:00:00-05:00,20.655814257535067,21.133405338634144,20.655814257535067,21.014007568359375,78100,0.0,0.0
1996-12-27 00:00:00-05:00,21.01400404710036,21.730390548706055,21.01400404710036,21.730390548706055,49000,0.0,0.0
1996-12-30 00:00:00-05:00,21.491598332593888,23.8795537028821,21.491598332593888,23.521360397338867,298500,0.0,0.0
1996-12-31 00:00:00-05:00,23.282566964626312,23.282566964626312,22.68557806809743,22.924373626708984,233800,0.0,0.0
1997-01-02 00:00:00-05:00,22.68557689228996,22.92437243852459,21.491599161116802,21.84979248046875,216400,0.0,0.0
1997-01-03 00:00:00-05:00,21.73039374552982,21.969189281194982,21.133404906366913,21.193103790283203,187500,0.0,0.0
1997-01-06 00:00:00-05:00,21.13340657332848,21.49159990507981,20.715514352951928,20.77521324157715,79500,0.0,0.0
1997-01-07 00:00:00-05:00,20.65581567752996,20.894611234495624,20.178224563598633,20.178224563598633,126800,0.0,0.0
1997-01-08 00:00:00-05:00,20.53641789904713,20.53641789904713,20.178224563598633,20.178224563598633,105200,0.0,0.0
1997-01-09 00:00:00-05:00,20.41701938329118,21.252803802490234,20.178223834948593,21.252803802490234,522900,0.0,0.0
1997-01-10 00:00:00-05:00,21.014008254147647,21.49159935083282,20.655814931633767,21.252803802490234,447100,0.0,0.0
1997-01-13 00:00:00-05:00,21.37219515590803,21.37219515590803,15.999296932355733,16.835081100463867,3052200,0.0,0.0
1997-01-14 00:00:00-05:00,17.43207410355689,17.790267407054632,16.83508526439398,16.954483032226562,2671000,0.0,0.0
1997-01-15 00:00:00-05:00,17.79026652369006,18.148459809401942,17.0738799522663,17.31267547607422,1041000,0.0,0.0
1997-01-16 00:00:00-05:00,17.670868141063746,17.670868141063746,16.476890563964844,16.476890563964844,671900,0.0,0.0
1997-01-17 00:00:00-05:00,16.357494790615632,16.59629033500418,16.11869924622708,16.17839813232422,557100,0.0,0.0
1997-01-20 00:00:00-05:00,16.3574968117934,16.4768945987408,15.044121155372032,15.521712303161621,1186300,0.0,0.0
1997-01-21 00:00:00-05:00,15.879903188392298,16.47689203006118,15.521709883390967,15.999300956726074,1049300,0.0,0.0
1997-01-22 00:00:00-05:00,15.999301539527046,17.193279266357422,15.879903766844008,17.193279266357422,393000,0.0,0.0
1997-01-23 00:00:00-05:00,17.312674867934074,17.432072625643965,16.357492806254953,16.476890563964844,414000,0.0,0.0
1997-01-24 00:00:00-05:00,16.59629192218914,17.55147419109211,16.357496354963395,17.073883056640625,174500,0.0,0.0
1997-01-27 00:00:00-05:00,17.073879352514293,17.312674867934074,16.476890563964844,16.476890563964844,89500,0.0,0.0
1997-01-28 00:00:00-05:00,16.715685339534986,16.715685339534986,15.999298824983486,16.238094329833984,206400,0.0,0.0
1997-01-29 00:00:00-05:00,16.118694670656893,16.835081100463867,16.118694670656893,16.835081100463867,130700,0.0,0.0
1997-01-30 00:00:00-05:00,16.835086136413135,16.835086136413135,16.357495040344677,16.596290588378906,164000,0.0,0.0
1997-01-31 00:00:00-05:00,16.835081100463867,16.835081100463867,16.35749014725922,16.835081100463867,108000,0.0,0.0
1997-02-03 00:00:00-05:00,16.835086481911794,17.193279811314174,16.596290928976877,16.715688705444336,100900,0.0,0.0
1997-02-04 00:00:00-05:00,16.715685712159985,17.43207224268113,16.1186969367257,16.357492446899414,427600,0.0,0.0
1997-02-05 00:00:00-05:00,16.357492446899414,16.476890201986272,15.999299181638843,16.357492446899414,104600,0.0,0.0
1997-02-06 00:00:00-05:00,16.1186969367257,16.357492446899414,15.999299181638843,16.357492446899414,111100,0.0,0.0
1997-02-07 00:00:00-05:00,16.476890201986272,16.59628795707313,16.1186969367257,16.357492446899414,53200,0.0,0.0
1997-02-10 00:00:00-05:00,16.35749364782263,16.35749364782263,16.118698120117188,16.118698120117188,183400,0.0,0.0
1997-02-11 00:00:00-05:00,16.357492496533023,16.357492496533023,15.999299230185583,16.058998107910156,215600,0.0,0.0
1997-02-12 00:00:00-05:00,16.357494261727403,16.357494261727403,15.999300956726074,15.999300956726074,123800,0.0,0.0
1997-02-13 00:00:00-05:00,15.999300956726074,16.357494261727403,15.879903188392298,15.999300956726074,57100,0.0,0.0
1997-02-14 00:00:00-05:00,15.879904747009277,16.238098087167383,15.879904747009277,15.879904747009277,130700,0.0,0.0
1997-02-18 00:00:00-05:00,15.879901072558235,16.238094329833984,15.879901072558235,16.238094329833984,41300,0.0,0.0
1997-02-19 00:00:00-05:00,15.999300356264468,16.23809588396991,15.879902592411748,16.118698120117188,77500,0.0,0.0
1997-02-20 00:00:00-05:00,16.23809469181256,16.357492446899414,15.999299181638843,16.357492446899414,136200,0.0,0.0
1997-02-21 00:00:00-05:00,16.357492265247163,16.357492265247163,15.044116973876953,15.044116973876953,167500,0.0,0.0
1997-02-24 00:00:00-05:00,15.402312938983625,15.402312938983625,13.730744092892378,13.969539642333984,1322100,0.0,0.0
1997-02-25 00:00:00-05:00,14.208334745899323,15.163516913690875,14.08893697492538,14.805323600769043,1934000,0.0,0.0
1997-02-26 00:00:00-05:00,15.163515508887302,15.163515508887302,14.805322229149807,14.984418869018555,621200,0.0,0.0
1997-02-27 00:00:00-05:00,15.044119939147702,15.044119939147702,14.685926607263234,14.745625495910645,716700,0.0,0.0
1997-02-28 00:00:00-05:00,14.805321927930487,14.805321927930487,14.327730897997245,14.566526412963867,284100,0.0,0.0
1997-03-03 00:00:00-05:00,14.566527620951334,14.566527620951334,14.32773208618164,14.32773208618164,127400,0.0,0.0
1997-03-04 00:00:00-05:00,14.566526480282054,15.760504060633043,14.327730964211856,15.223214149475098,909500,0.0,0.0
1997-03-05 00:00:00-05:00,15.282914161682129,15.521709695458412,15.163516394793987,15.282914161682129,299000,0.0,0.0
1997-03-06 00:00:00-05:00,15.402310420401953,15.402310420401953,15.044117154811211,15.103816032409668,200600,0.0,0.0
1997-03-07 00:00:00-05:00,14.924719220116026,15.28291248139881,14.924719220116026,15.044116973876953,177700,0.0,0.0
1997-03-10 00:00:00-05:00,14.924723332322488,15.282916692298228,14.805325545663909,15.163518905639648,185600,0.0,0.0
1997-03-11 00:00:00-05:00,15.282913773148149,16.35749364782263,15.044118245442709,16.118698120117188,985700,0.0,0.0
1997-03-12 00:00:00-05:00,16.238094329833984,16.476889834684485,15.879901072558235,16.238094329833984,445900,0.0,0.0
1997-03-13 00:00:00-05:00,16.11869872505985,16.357494261727403,15.879903188392298,15.999300956726074,276400,0.0,0.0
1997-03-14 00:00:00-05:00,16.238098087167383,16.238098087167383,15.760506966956576,15.879904747009277,404200,0.0,0.0
1997-03-17 00:00:00-05:00,15.760504308449795,16.11869758818729,14.447128949412312,14.984418869018555,139500,0.0,0.0
1997-03-18 00:00:00-05:00,15.044119142716932,15.163516913690875,14.327732516873267,14.805323600769043,136400,0.0,0.0
1997-03-19 00:00:00-05:00,14.805322791347985,14.805322791347985,14.208333969116211,14.208333969116211,300700,0.0,0.0
1997-03-20 00:00:00-05:00,14.32773148717959,14.566527011965917,14.088935962393265,14.447129249572754,274500,0.0,0.0
1997-03-21 00:00:00-05:00,14.56652771554342,14.805323251863804,14.327732179223037,14.685925483703613,323100,0.0,0.0
1997-03-24 00:00:00-05:00,14.327730405128609,14.805321418632895,13.969537145000393,14.088934898376465,147700,0.0,0.0
1997-03-25 00:00:00-05:00,14.208333140513936,14.805321927930487,13.969537625547314,14.566526412963867,303000,0.0,0.0
1997-03-26 00:00:00-05:00,14.208334832525058,14.685925919332622,14.208334832525058,14.506829261779785,191400,0.0,0.0
1997-03-27 00:00:00-05:00,14.685925388336182,14.685925388336182,14.32773208618164,14.32773208618164,90100,0.0,0.0
1997-03-31 00:00:00-05:00,14.566526777847953,14.566526777847953,13.730742454528809,13.730742454528809,184000,0.0,0.0
1997-04-01 00:00:00-05:00,13.969538749904808,14.088936516998011,12.65616331187957,13.01435661315918,736600,0.0,0.0
1997-04-02 00:00:00-05:00,13.253153747982449,13.253153747982449,12.775562621929026,12.894960403442383,655200,0.0,0.0
1997-04-03 00:00:00-05:00,12.77555832718358,13.014353809934674,10.626398982423725,11.8203763961792,2698300,0.0,0.0
1997-04-04 00:00:00-05:00,12.059174797751687,13.253152500499379,11.820379257202148,13.13375473022461,625500,0.0,0.0
1997-04-07 00:00:00-04:00,13.611343605177742,13.611343605177742,13.133752601487295,13.37254810333252,485400,0.0,0.0
1997-04-08 00:00:00-04:00,13.49194585425513,13.611343605177742,13.253150352409907,13.37254810333252,220400,0.0,0.0
1997-04-09 00:00:00-04:00,13.611345291137695,14.208334119696367,13.133754228290758,13.611345291137695,296200,0.0,0.0
1997-04-10 00:00:00-04:00,13.61134518803777,13.969538482459816,13.253151893615723,13.253151893615723,82500,0.0,0.0
1997-04-11 00:00:00-04:00,13.014358184955737,13.372551529495805,12.656164840415672,12.894960403442383,104200,0.0,0.0
1997-04-14 00:00:00-04:00,12.656164507999598,13.133755621509017,12.417368951244889,12.775562286376953,222800,0.0,0.0
1997-04-15 00:00:00-04:00,12.536763846874237,13.49194585425513,12.536763846874237,13.37254810333252,109800,0.0,0.0
1997-04-16 00:00:00-04:00,13.133752029553978,13.491945266723633,12.894956538107543,13.491945266723633,142000,0.0,0.0
1997-04-17 00:00:00-04:00,13.611346072562466,13.611346072562466,13.133754982297116,13.551647186279297,202600,0.0,0.0
1997-04-18 00:00:00-04:00,13.491945266723633,13.61134301244685,13.372547521000413,13.491945266723633,61500,0.0,0.0
1997-04-21 00:00:00-04:00,13.491947080574784,13.611344842349782,11.462185130399817,12.178571701049805,380600,0.0,0.0
1997-04-22 00:00:00-04:00,12.178572841526307,12.178572841526307,11.581583976745605,11.581583976745605,370200,0.0,0.0
1997-04-23 00:00:00-04:00,11.939777374267578,12.178572921752929,11.58158405303955,11.939777374267578,702100,0.0,0.0
1997-04-24 00:00:00-04:00,12.297970421369685,12.894959276775982,12.059174879207168,12.835260391235352,555200,0.0,0.0
1997-04-25 00:00:00-04:00,12.894960064754308,13.014357843131663,12.536766729622244,12.775562286376953,164800,0.0,0.0
1997-04-28 00:00:00-04:00,12.656162861415318,13.133753912789482,12.178571810041156,12.536765098571777,143000,0.0,0.0
1997-04-29 00:00:00-04:00,13.2531522146546,13.2531522146546,11.820379002259509,12.059174537658691,191000,0.0,0.0
1997-04-30 00:00:00-04:00,12.297969572884696,13.014356149945941,12.238270691462926,12.536765098571777,577000,0.0,0.0
1997-05-01 00:00:00-04:00,13.133755966469094,13.253153747982449,12.297971495875606,12.894960403442383,731800,0.0,0.0
1997-05-02 00:00:00-04:00,13.133753912789482,13.133753912789482,12.178571810041156,12.536765098571777,275800,0.0,0.0
1997-05-05 00:00:00-04:00,12.417366351111461,14.208332651752537,12.29796859773539,14.088934898376465,1462000,0.0,0.0
1997-05-06 00:00:00-04:00,13.969539366572736,15.163517090211432,13.611346049481128,14.865022659301758,657300,0.0,0.0
1997-05-07 00:00:00-04:00,15.044120555615608,15.999302813115012,14.924722773428183,15.641109466552734,678200,0.0,0.0
1997-05-08 00:00:00-04:00,15.521709378026113,15.64110714247247,14.088936204669857,14.208333969116211,690900,0.0,0.0
1997-05-09 00:00:00-04:00,14.208334411062845,15.04411878818419,14.208334411062845,14.685925483703613,377400,0.0,0.0
1997-05-12 00:00:00-04:00,14.805323094129562,15.521709695458412,14.805323094129562,15.282914161682129,281200,0.0,0.0
1997-05-13 00:00:00-04:00,15.044116175451945,15.52170716514883,14.924718428027722,15.40230941772461,406400,0.0,0.0
1997-05-14 00:00:00-04:00,15.521712303161621,15.521712303161621,15.16351894231943,15.521712303161621,426200,0.0,0.0
1997-05-15 00:00:00-04:00,15.40231192857027,15.40231192857027,15.044118627905846,15.282914161682129,152700,0.0,0.0
1997-05-16 00:00:00-04:00,15.044116175451945,15.40230941772461,15.044116175451945,15.40230941772461,63300,0.0,0.0
1997-05-19 00:00:00-04:00,15.402310235159739,15.402310235159739,14.805321466355098,15.044116973876953,208600,0.0,0.0
1997-05-20 00:00:00-04:00,15.28291295786373,15.28291295786373,14.327730897997245,14.566526412963867,228700,0.0,0.0
1997-05-21 00:00:00-04:00,14.447128655480556,14.685924170447178,14.088935383030625,14.566526412963867,386300,0.0,0.0
1997-05-22 00:00:00-04:00,14.56652670932481,15.2829132687998,14.327731189499813,14.984418869018555,402800,0.0,0.0
1997-05-23 00:00:00-04:00,14.805325545663909,15.163518905639648,14.566529972346748,15.163518905639648,337400,0.0,0.0
1997-05-27 00:00:00-04:00,14.805322229149807,15.2829132687998,14.805322229149807,14.984418869018555,302300,0.0,0.0
1997-05-28 00:00:00-04:00,15.28291248139881,15.28291248139881,14.924719220116026,15.044116973876953,357800,0.0,0.0
1997-05-29 00:00:00-04:00,14.924723332322488,15.163518905639648,14.924723332322488,15.163518905639648,205300,0.0,0.0
1997-05-30 00:00:00-04:00,14.805321300730986,16.715685339534986,14.805321300730986,16.238094329833984,853300,0.0,0.0
1997-06-02 00:00:00-04:00,17.07387892747011,17.07387892747011,16.35749239904479,16.655986785888672,799500,0.0,0.0
1997-06-03 00:00:00-04:00,16.59629192218914,17.073883056640625,16.11870078773765,17.073883056640625,287900,0.0,0.0
1997-06-04 00:00:00-04:00,16.83508526439398,17.312676335724305,16.7156874965614,16.954483032226562,199300,0.0,0.0
1997-06-05 00:00:00-04:00,17.193278567891724,17.193278567891724,16.83508526439398,16.954483032226562,262400,0.0,0.0
1997-06-06 00:00:00-04:00,17.193280840253497,17.193280840253497,16.954485273027753,17.073883056640625,392400,0.0,0.0
1997-06-09 00:00:00-04:00,17.073881493674385,17.31267703904046,16.954483720991348,17.193279266357422,166300,0.0,0.0
1997-06-10 00:00:00-04:00,17.073882168286467,17.551473277888885,17.073882168286467,17.43207550048828,229900,0.0,0.0
1997-06-11 00:00:00-04:00,17.43207323797818,17.43207323797818,17.0738799522663,17.31267547607422,141600,0.0,0.0
1997-06-12 00:00:00-04:00,17.43207550048828,17.43207550048828,17.193279945687074,17.43207550048828,112800,0.0,0.0
1997-06-13 00:00:00-04:00,17.3723743570262,17.49177211893016,17.31267547607422,17.31267547607422,230600,0.0,0.0
1997-06-16 00:00:00-04:00,17.07388140317116,17.49177360534668,17.07388140317116,17.49177360534668,178700,0.0,0.0
1997-06-17 00:00:00-04:00,17.193279811314174,17.432075364249094,16.596290928976877,16.715688705444336,384000,0.0,0.0
1997-06-18 00:00:00-04:00,16.476892814361793,16.71568836239602,15.87990394427622,16.596290588378906,698100,0.0,0.0
1997-06-19 00:00:00-04:00,16.357495376041957,16.715688705444336,16.357495376041957,16.715688705444336,219900,0.0,0.0
1997-06-20 00:00:00-04:00,16.71568817562527,17.4320748117235,16.655989289283752,17.193279266357422,685100,0.0,0.0
1997-06-23 00:00:00-04:00,17.193279945687074,17.551473277888885,17.193279945687074,17.43207550048828,476100,0.0,0.0
1997-06-24 00:00:00-04:00,17.43207386744062,17.90966493230201,17.19327833500993,17.849966049194336,187000,0.0,0.0
1997-06-25 00:00:00-04:00,17.790271110275164,17.909668902961574,17.432077732215934,17.551475524902344,182800,0.0,0.0
1997-06-26 00:00:00-04:00,17.551472740173338,18.506654930114745,17.551472740173338,17.909666061401367,197800,0.0,0.0
1997-06-27 00:00:00-04:00,17.909666303702984,18.387257405135067,17.790268528344967,18.327558517456055,713100,0.0,0.0
1997-06-30 00:00:00-04:00,18.148455456989566,19.700625989495254,18.148455456989566,19.581228256225586,902300,0.0,0.0
1997-07-01 00:00:00-04:00,19.461830522955918,19.700625989495254,18.984239589877244,19.581228256225586,329700,0.0,0.0
1997-07-02 00:00:00-04:00,19.581228637695315,19.82002410888672,19.223035430908205,19.700626373291016,703700,0.0,0.0
1997-07-03 00:00:00-04:00,19.939429006632967,20.178224563598633,19.461837892701638,20.178224563598633,78500,0.0,0.0
1997-07-07 00:00:00-04:00,19.820031228150135,20.297622342081464,19.581235671184473,20.178224563598633,352700,0.0,0.0
1997-07-08 00:00:00-04:00,19.999125656627474,20.297620069412957,19.820029008956183,20.05882453918457,436100,0.0,0.0
1997-07-09 00:00:00-04:00,19.939428879439465,20.05882665716066,18.98424665766991,19.461837768554688,567600,0.0,0.0
1997-07-10 00:00:00-04:00,19.103641865416343,19.342437388734048,18.74544858043979,19.223039627075195,174000,0.0,0.0
1997-07-11 00:00:00-04:00,19.223037350177766,19.3424350976944,18.9842418551445,19.103639602661133,227100,0.0,0.0
1997-07-14 00:00:00-04:00,18.745448618921742,19.103641904633623,17.0738799522663,17.31267547607422,1197600,0.0,0.0
1997-07-15 00:00:00-04:00,17.312676335724305,17.312676335724305,16.238096425231074,16.954483032226562,1148100,0.0,0.0
1997-07-16 00:00:00-04:00,18.029061188568942,18.029061188568942,17.31267465127481,17.670867919921875,1079100,0.0,0.0
1997-07-17 00:00:00-04:00,17.551470999882138,17.6708687617861,17.19327771417026,17.31267547607422,780600,0.0,0.0
1997-07-18 00:00:00-04:00,17.19327771417026,17.43207323797818,17.19327771417026,17.31267547607422,353700,0.0,0.0
1997-07-21 00:00:00-04:00,17.3126700638864,17.551465513043453,16.238090542679657,16.536584854125977,243300,0.0,0.0
1997-07-22 00:00:00-04:00,16.835085948308308,17.31267703904046,16.476892630259197,17.193279266357422,265200,0.0,0.0
1997-07-23 00:00:00-04:00,17.193279418945313,18.267859382629393,17.193279418945313,17.909666061401367,281700,0.0,0.0
1997-07-24 00:00:00-04:00,17.79026828765869,18.14846160888672,17.551472740173338,17.909666061401367,570400,0.0,0.0
1997-07-25 00:00:00-04:00,18.14846320440305,18.14846320440305,17.670872067445078,17.79026985168457,215800,0.0,0.0
1997-07-28 00:00:00-04:00,17.670870513916014,18.14846160888672,17.670870513916014,17.909666061401367,120100,0.0,0.0
1997-07-29 00:00:00-04:00,17.670869050202548,18.148460105613427,17.670869050202548,17.730567932128906,293400,0.0,0.0
1997-07-30 00:00:00-04:00,17.670868063872714,19.34243666450932,17.670868063872714,18.984243392944336,550200,0.0,0.0
1997-07-31 00:00:00-04:00,18.984243392944336,19.34243666450932,18.984243392944336,18.984243392944336,160100,0.0,0.0
1997-08-01 00:00:00-04:00,19.103642360419983,19.103642360419983,18.50665353665686,18.74544906616211,339400,0.0,0.0
1997-08-04 00:00:00-04:00,18.50665236419102,18.984243392944336,18.50665236419102,18.984243392944336,201000,0.0,0.0
1997-08-05 00:00:00-04:00,18.74544871159089,19.103641999073517,18.62605094909668,18.62605094909668,75800,0.0,0.0
1997-08-06 00:00:00-04:00,18.50665412471936,18.745449661812515,17.55147197634675,17.969364166259766,105200,0.0,0.0
1997-08-07 00:00:00-04:00,17.670872067445078,18.02906542016356,17.551474283205582,17.79026985168457,106700,0.0,0.0
1997-08-08 00:00:00-04:00,17.43207323797818,17.551470999882138,17.0738799522663,17.31267547607422,156700,0.0,0.0
1997-08-11 00:00:00-04:00,17.193279945687074,17.790268832690096,17.193279945687074,17.43207550048828,186700,0.0,0.0
1997-08-12 00:00:00-04:00,17.432074719321605,17.79026803547205,17.37237583329653,17.49177360534668,160500,0.0,0.0
1997-08-13 00:00:00-04:00,17.670869050202548,17.79026681405527,17.432073522497106,17.730567932128906,97700,0.0,0.0
1997-08-14 00:00:00-04:00,17.73056679802972,17.849964554245407,17.55147016370619,17.670867919921875,76900,0.0,0.0
1997-08-15 00:00:00-04:00,17.611170860620035,17.969364166259766,17.55147197634675,17.969364166259766,81900,0.0,0.0
1997-08-18 00:00:00-04:00,17.670873317588754,17.96936779930478,17.432077732215934,17.551475524902344,202800,0.0,0.0
1997-08-19 00:00:00-04:00,17.670870513916014,17.909666061401367,17.670870513916014,17.909666061401367,49700,0.0,0.0
1997-08-20 00:00:00-04:00,17.551471286349827,17.79026681405527,17.551471286349827,17.730567932128906,63800,0.0,0.0
1997-08-21 00:00:00-04:00,17.730569943989792,17.8499677213904,17.43207550048828,17.43207550048828,604100,0.0,0.0
1997-08-22 00:00:00-04:00,17.193278487578397,17.312676254853244,16.835085185753844,17.25297737121582,166000,0.0,0.0
1997-08-25 00:00:00-04:00,17.193278567891724,17.312676335724305,16.476891960896236,16.954483032226562,378300,0.0,0.0
1997-08-26 00:00:00-04:00,17.073883056640625,17.193280840253497,16.71568970580201,17.073883056640625,371000,0.0,0.0
1997-08-27 00:00:00-04:00,17.073879138843434,17.909663432353252,17.073879138843434,17.670867919921875,360400,0.0,0.0
1997-08-28 00:00:00-04:00,17.551473277888885,17.790268832690096,17.312677723087678,17.43207550048828,325300,0.0,0.0
1997-08-29 00:00:00-04:00,17.312676335724305,17.55147187138947,16.954483032226562,16.954483032226562,107300,0.0,0.0
1997-09-02 00:00:00-04:00,16.954481382627744,17.849964554245407,16.954481382627744,17.670867919921875,221000,0.0,0.0
1997-09-03 00:00:00-04:00,17.551474069811636,17.909667418175136,17.312678504235965,17.372377395629883,176800,0.0,0.0
1997-09-04 00:00:00-04:00,17.312677828692394,17.55147338495022,16.954484494305653,17.133581161499023,202500,0.0,0.0
1997-09-05 00:00:00-04:00,17.4320762870238,17.67087185259947,17.073882938660297,17.372377395629883,115000,0.0,0.0
1997-09-08 00:00:00-04:00,17.312677723087678,17.670871055289492,17.312677723087678,17.43207550048828,98900,0.0,0.0
1997-09-09 00:00:00-04:00,17.790265676137565,17.790265676137565,17.19327689505912,17.670867919921875,154400,0.0,0.0
1997-09-10 00:00:00-04:00,17.19327771417026,17.73056764273808,17.19327771417026,17.31267547607422,157400,0.0,0.0
1997-09-11 00:00:00-04:00,17.31267465127481,17.670867919921875,17.19327689505912,17.670867919921875,212700,0.0,0.0
1997-09-12 00:00:00-04:00,17.551474283205582,17.849968743804318,17.551474283205582,17.79026985168457,216900,0.0,0.0
1997-09-15 00:00:00-04:00,17.55147189720004,18.50665404126535,17.55147189720004,18.267858505249023,398800,0.0,0.0
1997-09-16 00:00:00-04:00,18.387256537001736,18.864847615884898,18.387256537001736,18.68575096130371,725600,0.0,0.0
1997-09-17 00:00:00-04:00,18.62605305854848,18.685751946556646,17.790268626434123,18.029064178466797,235700,0.0,0.0
1997-09-18 00:00:00-04:00,17.909664374131424,18.62605094909668,17.909664374131424,18.62605094909668,143600,0.0,0.0
1997-09-19 00:00:00-04:00,18.56635417054031,18.62605305854848,17.790268626434123,18.029064178466797,157100,0.0,0.0
1997-09-22 00:00:00-04:00,17.909667635924066,18.14846320440305,17.551474283205582,17.79026985168457,127400,0.0,0.0
1997-09-23 00:00:00-04:00,17.909667418175136,17.909667418175136,17.193280721448133,17.372377395629883,84600,0.0,0.0
1997-09-24 00:00:00-04:00,17.193280930487102,17.79026985168457,17.193280930487102,17.79026985168457,99800,0.0,0.0
1997-09-25 00:00:00-04:00,17.551473404231825,18.148462295532227,17.551473404231825,18.148462295532227,114800,0.0,0.0
1997-09-26 00:00:00-04:00,17.909668902961574,18.148464488334398,17.432077732215934,17.551475524902344,46400,0.0,0.0
1997-09-29 00:00:00-04:00,17.43207323797818,17.79026652369006,17.19327771417026,17.31267547607422,169000,0.0,0.0
1997-09-30 00:00:00-04:00,17.252975559576438,17.432072191682767,16.596287908519894,16.655986785888672,369100,0.0,0.0
1997-10-01 00:00:00-04:00,16.655984493012124,17.432069791969678,16.536586754710964,16.835081100463867,142400,0.0,0.0
1997-10-02 00:00:00-04:00,17.19327917522131,17.6708702634219,16.715688087020716,17.49177360534668,355600,0.0,0.0
1997-10-03 00:00:00-04:00,17.79026828765869,18.267859382629393,17.670870513916014,17.909666061401367,175300,0.0,0.0
1997-10-06 00:00:00-04:00,17.55147016370619,18.029061188568942,17.55147016370619,17.670867919921875,37400,0.0,0.0
1997-10-07 00:00:00-04:00,17.670872067445078,17.79026985168457,17.43207649896609,17.79026985168457,54700,0.0,0.0
1997-10-08 00:00:00-04:00,17.551473277888885,17.730569943989792,17.312677723087678,17.43207550048828,102500,0.0,0.0
1997-10-09 00:00:00-04:00,17.312679939529524,17.551475524902344,17.193282146843114,17.551475524902344,164200,0.0,0.0
1997-10-10 00:00:00-04:00,17.432074719321605,17.6708702634219,17.312676947271456,17.49177360534668,201200,0.0,0.0
1997-10-13 00:00:00-04:00,17.312676335724305,17.67086963922205,16.596289728728816,16.954483032226562,371800,0.0,0.0
1997-10-14 00:00:00-04:00,16.954483032226562,17.193278567891724,16.7156874965614,16.954483032226562,626300,0.0,0.0
1997-10-15 00:00:00-04:00,16.894786381221316,17.073883056640625,16.83508748941488,17.073883056640625,47200,0.0,0.0
1997-10-16 00:00:00-04:00,16.894785370145524,17.252978699547903,16.596290928976877,16.715688705444336,213500,0.0,0.0
1997-10-17 00:00:00-04:00,16.655989961190656,16.83508662744002,15.521711074944697,15.760506629943848,179900,0.0,0.0
1997-10-20 00:00:00-04:00,15.879902592411748,16.35749364782263,15.760504828559029,16.118698120117188,213600,0.0,0.0
1997-10-21 00:00:00-04:00,15.939600304095416,16.357492446899414,15.939600304095416,16.357492446899414,77200,0.0,0.0
1997-10-22 00:00:00-04:00,16.357491677024147,16.417190551757812,16.11869617808949,16.417190551757812,232200,0.0,0.0
1997-10-23 00:00:00-04:00,15.820201533709387,16.476889144542607,15.40230941772461,15.40230941772461,166700,0.0,0.0
1997-10-24 00:00:00-04:00,15.76050724874016,16.118700595302435,15.163518337803033,15.641109466552734,189800,0.0,0.0
1997-10-27 00:00:00-05:00,15.521709111111223,15.521709111111223,14.32773148717959,14.447129249572754,154200,0.0,0.0
1997-10-28 00:00:00-05:00,13.730740953785505,16.11869590226994,13.491945458937062,15.40230941772461,428900,0.0,0.0
1997-10-29 00:00:00-05:00,15.879905030927587,15.999302813115012,15.402313902177884,15.641109466552734,116900,0.0,0.0
1997-10-30 00:00:00-05:00,15.163514910008125,15.282912665205039,14.924719399614297,15.103816032409668,68400,0.0,0.0
1997-10-31 00:00:00-05:00,15.163513894316814,15.879900377512884,15.163513894316814,15.700803756713867,76200,0.0,0.0
1997-11-03 00:00:00-05:00,15.521712303161621,15.760507877056416,15.521712303161621,15.521712303161621,83300,0.0,0.0
1997-11-04 00:00:00-05:00,15.581406038860942,15.581406038860942,15.282911670300388,15.40230941772461,39000,0.0,0.0
1997-11-05 00:00:00-05:00,15.342612968094048,15.581408500671387,15.282914084949713,15.581408500671387,99300,0.0,0.0
1997-11-06 00:00:00-05:00,15.282914084949713,15.641107383815722,15.282914084949713,15.581408500671387,66500,0.0,0.0
1997-11-07 00:00:00-05:00,15.282916692298228,15.282916692298228,14.805325545663909,15.163518905639648,105400,0.0,0.0
1997-11-10 00:00:00-05:00,15.163516394793987,15.521709695458412,14.924720861017704,15.282914161682129,223100,0.0,0.0
1997-11-11 00:00:00-05:00,15.282914161682129,15.521709695458412,15.163516394793987,15.282914161682129,43000,0.0,0.0
1997-11-12 00:00:00-05:00,15.521709594726563,15.521709594726563,14.924720764160156,14.924720764160156,186500,0.0,0.0
1997-11-13 00:00:00-05:00,14.924719220116026,15.163514727637882,14.805321466355098,15.044116973876953,88100,0.0,0.0
1997-11-14 00:00:00-05:00,14.924718428027722,15.40230941772461,14.8053206806035,15.40230941772461,128000,0.0,0.0
1997-11-17 00:00:00-05:00,15.700808076930226,16.238098087167383,15.402313626798472,15.879904747009277,97100,0.0,0.0
1997-11-18 00:00:00-05:00,16.238098377489862,16.238098377489862,15.52171168436531,15.641109466552734,34600,0.0,0.0
1997-11-19 00:00:00-05:00,15.52170716514883,15.641104912573054,15.40230941772461,15.40230941772461,45700,0.0,0.0
1997-11-20 00:00:00-05:00,15.641108613069882,15.641108613069882,15.282915286053015,15.34261417388916,53600,0.0,0.0
1997-11-21 00:00:00-05:00,15.521710385255709,16.59629033500418,15.521710385255709,16.17839813232422,153400,0.0,0.0
1997-11-24 00:00:00-05:00,15.641106259995611,16.476890563964844,15.641106259995611,16.476890563964844,97500,0.0,0.0
1997-11-25 00:00:00-05:00,16.357491677024147,16.7753838001598,16.357491677024147,16.417190551757812,92800,0.0,0.0
1997-11-26 00:00:00-05:00,16.47688788556038,16.835081100463867,16.35749014725922,16.835081100463867,57300,0.0,0.0
1997-11-28 00:00:00-05:00,16.954480424360796,16.954480424360796,16.357491677024147,16.417190551757812,34300,0.0,0.0
1997-12-01 00:00:00-05:00,16.47688942649148,16.596287175958807,16.238093927556818,16.417190551757812,379100,0.0,0.0
1997-12-02 00:00:00-05:00,16.238093927556818,16.596287175958807,16.238093927556818,16.417190551757812,271500,0.0,0.0
1997-12-03 00:00:00-05:00,16.238096493393627,16.47689203006118,15.939602072559186,15.999300956726074,50800,0.0,0.0
1997-12-04 00:00:00-05:00,15.999300956726074,16.208247051310185,15.999300956726074,15.999300956726074,110900,0.0,0.0
1997-12-05 00:00:00-05:00,15.402313626798472,15.93960363703563,15.402313626798472,15.879904747009277,44000,0.0,0.0
1997-12-08 00:00:00-05:00,15.760507838932547,16.118701198908287,15.163518905639648,15.163518905639648,132000,0.0,0.0
1997-12-09 00:00:00-05:00,15.282911436388108,16.178394528363974,15.163513690791326,15.93959903717041,190500,0.0,0.0
1997-12-10 00:00:00-05:00,15.999301474032807,16.357494790615632,15.70080704354712,16.17839813232422,205700,0.0,0.0
1997-12-11 00:00:00-05:00,15.99929812471223,16.0589969983119,15.52170713591485,15.700803756713867,184800,0.0,0.0
1997-12-12 00:00:00-05:00,15.76050479255588,15.879902556135848,15.402311501815973,15.462010383605957,136500,0.0,0.0
1997-12-15 00:00:00-05:00,15.40231192857027,15.760505229234695,15.282914161682129,15.282914161682129,163000,0.0,0.0
1997-12-16 00:00:00-05:00,15.342615011084172,15.879905030927587,15.282916119990459,15.641109466552734,247600,0.0,0.0
1997-12-17 00:00:00-05:00,15.402310235159739,15.879901250203451,14.68592371259417,15.044116973876953,152900,0.0,0.0
1997-12-18 00:00:00-05:00,15.16351894231943,15.820206770530113,15.103820048845732,15.521712303161621,255400,0.0,0.0
1997-12-19 00:00:00-05:00,15.581410575459023,15.999302813115012,15.52171168436531,15.641109466552734,128000,0.0,0.0
1997-12-22 00:00:00-05:00,15.641107064706308,16.118698120117188,15.641107064706308,16.118698120117188,115700,0.0,0.0
1997-12-23 00:00:00-05:00,16.11870078773765,17.31267862386637,16.11870078773765,17.073883056640625,356600,0.0,0.0
1997-12-24 00:00:00-05:00,17.073879352514293,17.193277110224184,16.476890563964844,16.476890563964844,93400,0.0,0.0
1997-12-26 00:00:00-05:00,16.59628795707313,16.835083467246843,16.357492446899414,16.357492446899414,20300,0.0,0.0
1997-12-29 00:00:00-05:00,16.357493380842538,17.3723743570262,16.357493380842538,17.31267547607422,180100,0.0,0.0
1997-12-30 00:00:00-05:00,17.43207412919188,18.387256273257186,17.07388082516739,18.267858505249023,313900,0.0,0.0
1997-12-31 00:00:00-05:00,18.267862641966186,18.38726043701172,18.029067051875128,18.38726043701172,316700,0.0,0.0
1998-01-02 00:00:00-05:00,17.909669256829595,18.38726043701172,17.670873666738533,18.38726043701172,145000,0.0,0.0
1998-01-05 00:00:00-05:00,18.148461954483132,18.506655282532144,17.909666402450462,18.029064178466797,191300,0.0,0.0
1998-01-06 00:00:00-05:00,17.909668902961574,18.029066695647984,17.432077732215934,17.551475524902344,251900,0.0,0.0
1998-01-07 00:00:00-05:00,17.432077732215934,17.61117442124555,17.312679939529524,17.551475524902344,221800,0.0,0.0
1998-01-08 00:00:00-05:00,17.312678714726594,17.79026985168457,17.07388314624761,17.79026985168457,231500,0.0,0.0
1998-01-09 00:00:00-05:00,17.432074550207822,17.909665633775163,16.715687924856816,16.775386810302734,180000,0.0,0.0
1998-01-12 00:00:00-05:00,16.35749550388284,17.43207550048828,16.11869994908163,17.43207550048828,148800,0.0,0.0
1998-01-13 00:00:00-05:00,17.193278567891724,17.67086963922205,16.954483032226562,16.954483032226562,267100,0.0,0.0
1998-01-14 00:00:00-05:00,17.19327771417026,17.6708687617861,16.954482190362338,17.31267547607422,244300,0.0,0.0
1998-01-15 00:00:00-05:00,17.4320748117235,17.4320748117235,16.954483720991348,17.193279266357422,126800,0.0,0.0
1998-01-16 00:00:00-05:00,17.19327936071389,17.19327936071389,16.655989380691583,16.894784927368164,189800,0.0,0.0
1998-01-20 00:00:00-05:00,16.7156874965614,16.954483032226562,16.596289728728816,16.954483032226562,120500,0.0,0.0
1998-01-21 00:00:00-05:00,16.715683362162707,16.95447883876503,16.47688788556038,16.835081100463867,99800,0.0,0.0
1998-01-22 00:00:00-05:00,16.476892814361793,16.835086136413135,16.476892814361793,16.596290588378906,113500,0.0,0.0
1998-01-23 00:00:00-05:00,16.655989475387464,16.71568836239602,16.476892814361793,16.596290588378906,69600,0.0,0.0
1998-01-26 00:00:00-05:00,16.596290928976877,16.715688705444336,16.476893152509415,16.715688705444336,211000,0.0,0.0
1998-01-27 00:00:00-05:00,16.835081100463867,17.193274315367354,16.715683362162707,16.835081100463867,224600,0.0,0.0
1998-01-28 00:00:00-05:00,16.95448381403731,17.0738815873756,16.835086040699018,16.894784927368164,325200,0.0,0.0
1998-01-29 00:00:00-05:00,16.835086040699018,16.95448381403731,16.835086040699018,16.894784927368164,170500,0.0,0.0
1998-01-30 00:00:00-05:00,16.835083091960232,16.894781968172857,16.238094329833984,16.238094329833984,74200,0.0,0.0
1998-02-02 00:00:00-05:00,16.715683362162707,16.835081100463867,16.35749014725922,16.835081100463867,266300,0.0,0.0
1998-02-03 00:00:00-05:00,16.715688087020716,17.551472491371754,16.715688087020716,17.49177360534668,403900,0.0,0.0
1998-02-04 00:00:00-05:00,17.312679939529524,17.670873317588754,17.252981043186317,17.551475524902344,323800,0.0,0.0
1998-02-05 00:00:00-05:00,17.670870421362704,18.26785928694928,17.432074875128073,18.208160400390625,470800,0.0,0.0
1998-02-06 00:00:00-05:00,18.029062969232697,18.50665404126535,17.909665201224534,18.267858505249023,179900,0.0,0.0
1998-02-09 00:00:00-05:00,18.32755765214134,18.864847615884898,18.32755765214134,18.68575096130371,442000,0.0,0.0
1998-02-10 00:00:00-05:00,18.68574748635292,19.103639602661133,18.68574748635292,19.103639602661133,376900,0.0,0.0
1998-02-11 00:00:00-05:00,18.92454451435017,19.103641150132663,18.864845635756005,18.984243392944336,286900,0.0,0.0
1998-02-12 00:00:00-05:00,19.103639602661133,19.103639602661133,18.9842418551445,19.103639602661133,126000,0.0,0.0
1998-02-13 00:00:00-05:00,18.984244452582466,19.461835507993346,18.864846688729745,19.342437744140625,229200,0.0,0.0
1998-02-17 00:00:00-05:00,19.461832082724268,19.581229825563067,18.864843368530273,18.864843368530273,408000,0.0,0.0
1998-02-18 00:00:00-05:00,18.506655319357368,19.22304197688088,17.909666438087775,19.0439453125,505500,0.0,0.0
1998-02-19 00:00:00-05:00,18.864848033491388,19.820030212402344,18.864848033491388,19.820030212402344,225000,0.0,0.0
1998-02-20 00:00:00-05:00,19.342437607085632,20.05882418512584,19.342437607085632,19.93942642211914,724400,0.0,0.0
1998-02-23 00:00:00-05:00,20.05882418512584,20.297619711139244,19.581233133099037,19.93942642211914,182000,0.0,0.0
1998-02-24 00:00:00-05:00,19.581235102969462,20.05882620304189,19.581235102969462,19.640933990478516,145000,0.0,0.0
1998-02-25 00:00:00-05:00,19.640933990478516,19.70063287798757,19.34243955293325,19.640933990478516,62200,0.0,0.0
1998-02-26 00:00:00-05:00,19.342440114218807,20.178224563598633,19.342440114218807,20.178224563598633,121100,0.0,0.0
1998-02-27 00:00:00-05:00,20.05882453918457,20.297620069412957,19.581233478727793,20.05882453918457,64100,0.0,0.0
1998-03-02 00:00:00-05:00,20.178221282958983,20.178221282958983,19.34243696946364,19.402135848999023,93200,0.0,0.0
1998-03-03 00:00:00-05:00,19.461836895310736,19.820030212402344,18.984245805855256,19.820030212402344,108400,0.0,0.0
1998-03-04 00:00:00-05:00,19.521534031222327,19.820028435369455,19.16334074624577,19.223039627075195,103500,0.0,0.0
1998-03-05 00:00:00-05:00,19.163342040186873,19.22304092504727,18.506654306722524,18.68575096130371,81500,0.0,0.0
1998-03-06 00:00:00-05:00,18.685750042950666,19.760329917625146,18.685750042950666,19.342437744140625,80700,0.0,0.0
1998-03-09 00:00:00-05:00,19.22303505641658,19.581228256225586,19.16333618978175,19.581228256225586,63700,0.0,0.0
1998-03-10 00:00:00-05:00,19.28273808992826,19.70063024667593,19.163340330857498,19.402135848999023,324700,0.0,0.0
1998-03-11 00:00:00-05:00,19.22303984407893,20.178221948132542,19.22303984407893,19.93942642211914,196100,0.0,0.0
1998-03-12 00:00:00-05:00,20.118518055939095,20.118518055939095,19.581228256225586,19.581228256225586,56200,0.0,0.0
1998-03-13 00:00:00-05:00,19.700632009933244,20.058825319204757,19.700632009933244,19.999126434326172,67800,0.0,0.0
1998-03-16 00:00:00-05:00,19.93942328823187,21.37219621912278,19.93942328823187,21.073701858520508,415300,0.0,0.0
1998-03-17 00:00:00-05:00,21.014007913190767,21.969190091063073,20.894610140956726,21.133405685424805,337600,0.0,0.0
1998-03-18 00:00:00-05:00,20.894611018827593,21.13340657332848,20.237923243950153,20.77521324157715,206200,0.0,0.0
1998-03-19 00:00:00-05:00,20.53641834620861,22.088589500282517,20.53641834620861,22.02889060974121,348700,0.0,0.0
1998-03-20 00:00:00-05:00,22.207981800469828,22.86466943435469,22.02888517304668,22.745271682739258,239400,0.0,0.0
1998-03-23 00:00:00-05:00,22.327381555603523,22.685574842591812,21.8497905062858,22.148284912109375,334000,0.0,0.0
1998-03-24 00:00:00-05:00,21.90948897377055,22.446778894108245,21.849790093733027,22.327381134033203,144000,0.0,0.0
1998-03-25 00:00:00-05:00,22.327383386327867,22.86467336086517,22.207985614208464,22.446781158447266,189500,0.0,0.0
1998-03-26 00:00:00-05:00,22.566179560191596,24.118350641051336,22.20798623383935,23.998952865600586,623400,0.0,0.0
1998-03-27 00:00:00-05:00,24.118347944160256,24.775035635709173,23.52135913366124,24.05864906311035,377300,0.0,0.0
1998-03-30 00:00:00-05:00,23.9989521755046,23.9989521755046,23.40196331541742,23.760156631469727,205600,0.0,0.0
1998-03-31 00:00:00-05:00,23.64075901682784,24.595941199325935,23.64075901682784,24.476543426513672,359400,0.0,0.0
1998-04-01 00:00:00-05:00,24.35714565370141,24.775037858544326,24.118350108076886,24.476543426513672,280500,0.0,0.0
1998-04-02 00:00:00-05:00,24.357146191952832,24.476543967403583,23.879555090149836,23.998952865600586,161300,0.0,0.0
1998-04-03 00:00:00-05:00,23.64075885945229,23.9989521755046,23.521361087434855,23.760156631469727,106400,0.0,0.0
1998-04-06 00:00:00-04:00,23.52136127235963,23.879554591228054,23.16316795349121,23.16316795349121,115300,0.0,0.0
1998-04-07 00:00:00-04:00,23.163168928358292,23.222867817348906,21.01400892469618,21.491600036621094,295900,0.0,0.0
1998-04-08 00:00:00-04:00,21.25280215923603,23.521359693087064,21.25280215923603,23.282564163208008,284300,0.0,0.0
1998-04-09 00:00:00-04:00,23.521361427307127,23.998952522277833,23.22286699295044,23.879554748535156,95000,0.0,0.0
1998-04-13 00:00:00-04:00,23.760156818271913,23.99895236418419,23.16316795349121,23.16316795349121,52800,0.0,0.0
1998-04-14 00:00:00-04:00,23.401961371561434,24.297444587309958,23.163165847361828,24.05864906311035,82200,0.0,0.0
1998-04-15 00:00:00-04:00,23.76015731469909,23.998952865600586,23.581060651522964,23.998952865600586,68100,0.0,0.0
1998-04-16 00:00:00-04:00,23.640756735529923,24.118347780692144,22.92437016778659,23.04376792907715,85300,0.0,0.0
1998-04-17 00:00:00-04:00,23.043770332336425,24.11835029602051,23.043770332336425,23.879554748535156,125000,0.0,0.0
1998-04-20 00:00:00-04:00,23.640758004519018,24.357144610716563,23.640758004519018,24.118349075317383,29300,0.0,0.0
1998-04-21 00:00:00-04:00,23.76015577221861,24.23774684301697,23.521360236819426,24.118349075317383,107300,0.0,0.0
1998-04-22 00:00:00-04:00,23.879550886742862,24.29744302726086,23.879550886742862,24.17804527282715,62400,0.0,0.0
1998-04-23 00:00:00-04:00,23.760155580481705,24.32729497247813,23.401962280273438,23.401962280273438,126000,0.0,0.0
1998-04-24 00:00:00-04:00,23.46166238588156,23.46166238588156,22.655727418427617,23.16316795349121,81900,0.0,0.0
1998-04-27 00:00:00-04:00,22.44678204510663,22.68557759877798,21.849793160928265,22.08858871459961,134900,0.0,0.0
1998-04-28 00:00:00-04:00,22.088587823225627,23.760156631469727,22.088587823225627,23.760156631469727,193300,0.0,0.0
1998-04-29 00:00:00-04:00,23.521361522433125,24.11835039356087,23.222867086869254,23.5810604095459,199500,0.0,0.0
1998-04-30 00:00:00-04:00,23.99895236418419,23.99895236418419,21.969190223929807,23.16316795349121,358100,0.0,0.0
1998-05-01 00:00:00-04:00,22.984070096697128,23.998951113953883,22.74527456322495,23.401962280273438,341400,0.0,0.0
1998-05-04 00:00:00-04:00,23.0437676321548,23.401960911411095,22.62587547302246,22.62587547302246,237100,0.0,0.0
1998-05-05 00:00:00-04:00,22.625873931123827,22.9243683101624,22.148282924662112,22.745271682739258,164200,0.0,0.0
1998-05-06 00:00:00-04:00,23.04376999936511,24.118349947522034,22.446781139277935,23.760156631469727,228100,0.0,0.0
1998-05-07 00:00:00-04:00,23.640757317837057,23.760155082068557,22.267683029174805,22.267683029174805,69300,0.0,0.0
1998-05-08 00:00:00-04:00,22.207984612912547,23.401962280273438,22.207984612912547,23.401962280273438,120600,0.0,0.0
1998-05-11 00:00:00-04:00,23.16316460057309,23.401960111919202,22.68557357788086,22.68557357788086,37500,0.0,0.0
1998-05-12 00:00:00-04:00,22.68557464520548,23.163165690367702,22.088585838752707,23.04376792907715,156300,0.0,0.0
1998-05-13 00:00:00-04:00,23.043768633328952,23.521359693087064,22.68557533851037,23.282564163208008,201100,0.0,0.0
1998-05-14 00:00:00-04:00,23.04377140601476,23.163169185320534,22.68557806809743,22.924373626708984,115400,0.0,0.0
1998-05-15 00:00:00-04:00,23.16316031911666,23.28255805272035,22.566171651098188,22.864665985107422,316600,0.0,0.0
1998-05-18 00:00:00-04:00,23.043770929285,23.163168706120672,22.08858871459961,22.08858871459961,201300,0.0,0.0
1998-05-19 00:00:00-04:00,22.446780299641073,22.804973602294922,22.088586996987228,22.804973602294922,94600,0.0,0.0
1998-05-20 00:00:00-04:00,22.685574049590738,22.804971807746476,22.08858525881203,22.207983016967773,175700,0.0,0.0
1998-05-21 00:00:00-04:00,22.327381840458624,22.327381840458624,21.372199729636865,21.760242462158203,152800,0.0,0.0
1998-05-22 00:00:00-04:00,21.849792673346702,21.849792673346702,21.252803802490234,21.252803802490234,140500,0.0,0.0
1998-05-26 00:00:00-04:00,21.252803551091848,21.491599096609733,20.655814687297134,20.834911346435547,153200,0.0,0.0
1998-05-27 00:00:00-04:00,20.05882395868716,20.417017243663718,18.74544858043979,19.223039627075195,1154600,0.0,0.0
1998-05-28 00:00:00-04:00,19.820025918143138,21.193100002833773,19.223037185668947,20.89460563659668,1195700,0.0,0.0
1998-05-29 00:00:00-04:00,20.834911787441012,21.073707338013403,20.65581512451172,20.65581512451172,1223300,0.0,0.0
1998-06-01 00:00:00-04:00,20.775213001061044,20.775213001061044,20.237923009654295,20.35732078552246,1006900,0.0,0.0
1998-06-02 00:00:00-04:00,20.536417687076263,20.954309907452814,20.237923243950153,20.77521324157715,523800,0.0,0.0
1998-06-03 00:00:00-04:00,20.894607599230778,21.13340311465056,20.596113204956055,20.596113204956055,230600,0.0,0.0
1998-06-04 00:00:00-04:00,20.89461067508411,20.89461067508411,20.47671846158243,20.65581512451172,78600,0.0,0.0
1998-06-05 00:00:00-04:00,20.596115800917662,20.89461023281502,20.297621369020305,20.834911346435547,116500,0.0,0.0
1998-06-08 00:00:00-04:00,20.417016983032227,20.894608023570992,20.417016983032227,20.417016983032227,118000,0.0,0.0
1998-06-09 00:00:00-04:00,20.297621369020305,20.89461023281502,20.297621369020305,20.834911346435547,416200,0.0,0.0
1998-06-10 00:00:00-04:00,20.65581300015935,20.834909644669402,19.93942642211914,19.93942642211914,95300,0.0,0.0
1998-06-11 00:00:00-04:00,20.297621798653136,20.65581512451172,19.999127360437647,20.65581512451172,274500,0.0,0.0
1998-06-12 00:00:00-04:00,20.297618865966797,20.775209898107192,20.0588233498966,20.297618865966797,163500,0.0,0.0
1998-06-15 00:00:00-04:00,20.058822226735344,20.297617729434574,19.82002672403611,20.237918853759766,395800,0.0,0.0
1998-06-16 00:00:00-04:00,20.178223507552495,21.133405685424805,20.178223507552495,21.133405685424805,438700,0.0,0.0
1998-06-17 00:00:00-04:00,21.133409988781636,21.864721492630718,21.014012192234848,21.670700073242188,582300,0.0,0.0
1998-06-18 00:00:00-04:00,21.372201576661528,21.73039489917541,21.13340602831894,21.252803802490234,209800,0.0,0.0
1998-06-19 00:00:00-04:00,21.19310422377153,21.551297534595836,20.894609798084606,21.014007568359375,215600,0.0,0.0
1998-06-22 00:00:00-04:00,20.775211602869167,21.312501558115784,20.775211602869167,21.193103790283203,229700,0.0,0.0
1998-06-23 00:00:00-04:00,21.13340508775425,21.969189469755833,21.13340508775425,21.90949058532715,412300,0.0,0.0
1998-06-24 00:00:00-04:00,21.84978928816946,22.68557357788086,21.610993776823346,22.68557357788086,504700,0.0,0.0
1998-06-25 00:00:00-04:00,22.804975847403206,23.760158081849415,22.625879178444542,22.924373626708984,642000,0.0,0.0
1998-06-26 00:00:00-04:00,22.804973176237823,23.163166472199677,22.804973176237823,22.98406982421875,152900,0.0,0.0
1998-06-29 00:00:00-04:00,22.984071445465087,23.879554748535156,22.984071445465087,23.879554748535156,435700,0.0,0.0
1998-06-30 00:00:00-04:00,23.70045507043824,24.11834722533262,23.70045507043824,23.819852828979492,491100,0.0,0.0
1998-07-01 00:00:00-04:00,23.819852978250257,24.118347376473942,23.819852978250257,24.028799057006836,897500,0.0,0.0
1998-07-02 00:00:00-04:00,23.879554562452363,24.715338972138195,23.879554562452363,24.476543426513672,312300,0.0,0.0
1998-07-06 00:00:00-04:00,24.715336263614848,25.19292730252528,24.357142984432024,24.536239624023438,206200,0.0,0.0
1998-07-07 00:00:00-04:00,24.476538410050203,25.192924900100454,24.476538410050203,25.01382827758789,421100,0.0,0.0
1998-07-08 00:00:00-04:00,24.954137802124023,25.19293337917784,24.834740013597113,24.954137802124023,378200,0.0,0.0
1998-07-09 00:00:00-04:00,24.834736384901888,25.90931632463322,24.834736384901888,25.670520782470703,494200,0.0,0.0
1998-07-10 00:00:00-04:00,25.431725768681385,25.78991908936704,25.192930221557617,25.192930221557617,146400,0.0,0.0
1998-07-13 00:00:00-04:00,25.19293056344086,25.43172611380523,24.894436125485402,25.312328338623047,381600,0.0,0.0
1998-07-14 00:00:00-04:00,25.073530129825368,25.49142229865579,25.073530129825368,25.372024536132812,294600,0.0,0.0
1998-07-15 00:00:00-04:00,25.5511208597819,26.98389399210612,25.312325337727863,26.8644962310791,880300,0.0,0.0
1998-07-16 00:00:00-04:00,26.745098890607522,26.745098890607522,26.028712313180534,26.685400009155273,282400,0.0,0.0
1998-07-17 00:00:00-04:00,26.506305000998758,26.745100541548297,26.26750946044922,26.26750946044922,514700,0.0,0.0
1998-07-20 00:00:00-04:00,26.625699996948242,26.983893270449787,26.267506723446697,26.625699996948242,777800,0.0,0.0
1998-07-21 00:00:00-04:00,26.864499415991443,26.864499415991443,25.312328338623047,25.312328338623047,266900,0.0,0.0
1998-07-22 00:00:00-04:00,25.07353121691411,25.1929289846137,24.118349075317383,24.118349075317383,323500,0.0,0.0
1998-07-23 00:00:00-04:00,24.118345627056552,24.655635504887023,24.118345627056552,24.237743377685547,274700,0.0,0.0
1998-07-24 00:00:00-04:00,24.237741499236137,24.41683811129946,23.52135505098285,23.6407527923584,201800,0.0,0.0
1998-07-27 00:00:00-04:00,23.401963499403493,23.64075904531577,23.16316795349121,23.16316795349121,214600,0.0,0.0
1998-07-28 00:00:00-04:00,23.16316381339326,23.52135706823955,22.207981800469828,22.745271682739258,529000,0.0,0.0
1998-07-29 00:00:00-04:00,22.804975847403206,23.282566964626312,22.804975847403206,22.924373626708984,162700,0.0,0.0
1998-07-30 00:00:00-04:00,23.282559955393086,23.81984980051754,22.924366725310115,23.46165657043457,278300,0.0,0.0
1998-07-31 00:00:00-04:00,23.282565757876537,23.760156850345798,21.730394707351433,21.84979248046875,124200,0.0,0.0
1998-08-03 00:00:00-04:00,22.088585613883115,22.446778894108245,21.849790093733027,22.327381134033203,544300,0.0,0.0
1998-08-04 00:00:00-04:00,22.20798154977652,22.924368051382213,21.37219729790321,21.730390548706055,253800,0.0,0.0
1998-08-05 00:00:00-04:00,21.551293923304634,21.84978829897367,21.252799547635593,21.730390548706055,452200,0.0,0.0
1998-08-06 00:00:00-04:00,21.37219729790321,21.969186049241287,21.133401797367977,21.730390548706055,173100,0.0,0.0
1998-08-07 00:00:00-04:00,21.8497905062858,22.267682674438806,21.73039274395637,22.148284912109375,360400,0.0,0.0
1998-08-10 00:00:00-04:00,22.207983016967773,22.327380775123515,21.84978974250055,22.207983016967773,113100,0.0,0.0
1998-08-11 00:00:00-04:00,21.849789028582364,22.088584537091464,21.014004748800527,21.969186782836914,281400,0.0,0.0
1998-08-12 00:00:00-04:00,22.207982555188632,23.04376684490003,21.84978928816946,22.68557357788086,414700,0.0,0.0
1998-08-13 00:00:00-04:00,22.566176234885297,22.80497175059837,22.327380719172226,22.50647735595703,199300,0.0,0.0
1998-08-14 00:00:00-04:00,22.446778894108245,22.92436993440842,22.327381134033203,22.327381134033203,161900,0.0,0.0
1998-08-17 00:00:00-04:00,22.088585203459154,22.685573992741833,22.088585203459154,22.50647735595703,122300,0.0,0.0
1998-08-18 00:00:00-04:00,22.327384730180103,23.282566964626312,22.327384730180103,22.924373626708984,342200,0.0,0.0
1998-08-19 00:00:00-04:00,23.043769137397486,23.043769137397486,22.804973602294922,22.804973602294922,230600,0.0,0.0
1998-08-20 00:00:00-04:00,22.685573992741833,22.92436950845491,22.44677847702876,22.50647735595703,84600,0.0,0.0
1998-08-21 00:00:00-04:00,22.446779675522055,22.924370732448057,21.730393090133052,22.267683029174805,116300,0.0,0.0
1998-08-24 00:00:00-04:00,22.028887149779944,22.924370367250674,21.96918826861523,22.148284912109375,181300,0.0,0.0
1998-08-25 00:00:00-04:00,21.9691877665174,22.44677880491995,21.730392247316125,21.8199405670166,324300,0.0,0.0
1998-08-26 00:00:00-04:00,21.49159638778023,21.49159638778023,20.596113204956055,20.596113204956055,205800,0.0,0.0
1998-08-27 00:00:00-04:00,20.178222904264373,20.29762067292866,19.1036429862858,19.282739639282227,689600,0.0,0.0
1998-08-28 00:00:00-04:00,19.461835507993346,19.700631035698784,19.103642216435187,19.342437744140625,400900,0.0,0.0
1998-08-31 00:00:00-04:00,19.163341522216797,19.581233704944268,19.163341522216797,19.163341522216797,186500,0.0,0.0
1998-09-01 00:00:00-04:00,19.342433166503906,19.93942184448242,19.1036376953125,19.700626373291016,284400,0.0,0.0
1998-09-02 00:00:00-04:00,19.4618357136136,20.77521112986973,19.4618357136136,20.05882453918457,192700,0.0,0.0
1998-09-03 00:00:00-04:00,19.939427366935803,20.178222904264373,19.223040754950084,19.282739639282227,208100,0.0,0.0
1998-09-04 00:00:00-04:00,19.58123059272766,19.58123059272766,18.9842418551445,19.103639602661133,164600,0.0,0.0
1998-09-08 00:00:00-04:00,19.58123482105344,20.89461032734361,19.342439274455227,20.53641700744629,194300,0.0,0.0
1998-09-09 00:00:00-04:00,20.655813364755538,20.715512247312635,19.939426774070377,20.05882453918457,259100,0.0,0.0
1998-09-10 00:00:00-04:00,20.058824770918516,20.058824770918516,19.043943755723234,19.163341522216797,100300,0.0,0.0
1998-09-11 00:00:00-04:00,19.163340330857498,19.939425764817457,19.103641451322115,19.402135848999023,135700,0.0,0.0
1998-09-14 00:00:00-04:00,20.058825757130084,20.178223529493952,19.461836895310736,19.820030212402344,195700,0.0,0.0
1998-09-15 00:00:00-04:00,19.820030212402344,19.820030212402344,19.461836895310736,19.820030212402344,82700,0.0,0.0
1998-09-16 00:00:00-04:00,20.237922574198524,20.53641700744629,20.058825914249866,20.53641700744629,519200,0.0,0.0
1998-09-17 00:00:00-04:00,20.178223529493952,20.476717960403626,19.820030212402344,19.820030212402344,211600,0.0,0.0
1998-09-18 00:00:00-04:00,20.417015977527786,21.969186782836914,19.93942496050959,21.969186782836914,798700,0.0,0.0
1998-09-21 00:00:00-04:00,21.372198011564173,21.969186782836914,20.77520924029143,21.969186782836914,447700,0.0,0.0
1998-09-22 00:00:00-04:00,22.207985916137694,23.998952522277833,21.730394821166993,23.879554748535156,669900,0.0,0.0
1998-09-23 00:00:00-04:00,23.87955199637914,26.267507196017053,23.87955199637914,26.148109436035156,1072000,0.0,0.0
1998-09-24 00:00:00-04:00,25.909317777707027,26.148113333261932,24.71533999993251,24.83473777770996,559300,0.0,0.0
1998-09-25 00:00:00-04:00,24.715338972138195,24.775037858544326,23.879554562452363,24.476543426513672,469900,0.0,0.0
1998-09-28 00:00:00-04:00,24.536242504119873,24.834736938476563,23.640759201049804,23.879554748535156,233700,0.0,0.0
1998-09-29 00:00:00-04:00,23.640758165853278,23.76015593436769,23.163167091795636,23.521360397338867,628900,0.0,0.0
1998-09-30 00:00:00-04:00,23.043767049871104,23.879551347016687,22.62587490129831,23.700454711914062,436500,0.0,0.0
1998-10-01 00:00:00-04:00,23.1631643253824,23.521357588146046,20.536413731782332,21.969186782836914,787000,0.0,0.0
1998-10-02 00:00:00-04:00,22.207983373958157,22.446778894108245,21.790091213695504,22.327381134033203,780500,0.0,0.0
1998-10-05 00:00:00-04:00,21.49159919383914,21.730394740437355,19.58123482105344,20.53641700744629,666100,0.0,0.0
1998-10-06 00:00:00-04:00,21.01400666009812,21.61099548566909,20.05882453918457,20.05882453918457,861000,0.0,0.0
1998-10-07 00:00:00-04:00,20.058824099027195,20.058824099027195,18.148459899119842,18.62605094909668,793100,0.0,0.0
1998-10-08 00:00:00-04:00,18.387258128116006,18.387258128116006,15.760506966956576,15.879904747009277,785500,0.0,0.0
1998-10-09 00:00:00-04:00,16.83508614862003,19.22304163069379,16.83508614862003,18.92454719543457,962200,0.0,0.0
1998-10-12 00:00:00-04:00,19.223039627075195,20.297619482004865,18.864846342098637,19.223039627075195,556900,0.0,0.0
1998-10-13 00:00:00-04:00,19.342439714646495,19.461837490662834,18.029064178466797,18.029064178466797,227400,0.0,0.0
1998-10-14 00:00:00-04:00,18.02906183531447,20.297619284791125,18.02906183531447,20.11852264404297,534700,0.0,0.0
1998-10-15 00:00:00-04:00,19.93942594249346,20.417016983032227,19.581232662089388,20.417016983032227,349600,0.0,0.0
1998-10-16 00:00:00-04:00,20.29761690412249,21.133401129586357,20.29761690412249,20.89460563659668,312100,0.0,0.0
1998-10-19 00:00:00-04:00,20.297625412954115,22.327387954249524,20.11852871813393,21.670700073242188,402600,0.0,0.0
1998-10-20 00:00:00-04:00,21.372201209372662,22.685576702686067,21.372201209372662,22.446781158447266,519300,0.0,0.0
1998-10-21 00:00:00-04:00,22.327380719172226,22.80497175059837,21.730391929889546,22.50647735595703,619500,0.0,0.0
1998-10-22 00:00:00-04:00,22.207986053911227,24.5959415435791,22.207986053911227,24.5959415435791,832300,0.0,0.0
1998-10-23 00:00:00-04:00,24.237743377685547,25.431720883975476,23.87955012579857,24.237743377685547,596500,0.0,0.0
1998-10-26 00:00:00-05:00,23.99894741668337,25.01382827758789,23.99894741668337,25.01382827758789,603600,0.0,0.0
1998-10-27 00:00:00-05:00,24.59594168752994,26.386908315262705,24.59594168752994,25.312328338623047,1140400,0.0,0.0
1998-10-28 00:00:00-05:00,25.312325496299593,25.43172325807459,24.35714340209961,24.35714340209961,246100,0.0,0.0
1998-10-29 00:00:00-05:00,24.23774564032461,25.312325496299593,24.058648997662115,24.35714340209961,259000,0.0,0.0
1998-10-30 00:00:00-05:00,24.715339518305083,24.715339518305083,23.40196398834684,23.998952865600586,170900,0.0,0.0
1998-11-02 00:00:00-05:00,23.99895224513778,24.834736651684864,23.99895224513778,24.77503776550293,425700,0.0,0.0
1998-11-03 00:00:00-05:00,24.118350880070246,24.83473753987431,24.05865199175324,24.416845321655273,213600,0.0,0.0
1998-11-04 00:00:00-05:00,24.41684250150408,25.312325722830636,24.35714362008231,25.073530197143555,602700,0.0,0.0
1998-11-05 00:00:00-05:00,24.595939079733455,25.431723417394302,24.595939079733455,25.372024536132812,208700,0.0,0.0
1998-11-06 00:00:00-05:00,25.07352708936571,25.789913577633303,24.834731593276516,25.610816955566406,364700,0.0,0.0
1998-11-09 00:00:00-05:00,25.61082413461473,25.789920806884766,24.536244100994534,25.789920806884766,291300,0.0,0.0
1998-11-10 00:00:00-05:00,25.670518942440257,26.14810999253217,24.715336842256434,25.372024536132812,273300,0.0,0.0
1998-11-11 00:00:00-05:00,25.670518781624587,25.789916543399585,24.35714340209961,24.35714340209961,496500,0.0,0.0
1998-11-12 00:00:00-05:00,24.23774564032461,24.476541163874607,23.401961307899626,24.35714340209961,193400,0.0,0.0
1998-11-13 00:00:00-05:00,24.118346395610292,24.357141904477718,23.76015313230915,24.17804527282715,526500,0.0,0.0
1998-11-16 00:00:00-05:00,24.178047959167177,24.476542378416156,23.939252423767996,24.118349075317383,226500,0.0,0.0
1998-11-17 00:00:00-05:00,24.35714124596637,24.35714124596637,22.685572729086328,23.342260360717773,987600,0.0,0.0
1998-11-18 00:00:00-05:00,23.282562915543867,23.99894946679137,23.163165157002616,23.819852828979492,252700,0.0,0.0
1998-11-19 00:00:00-05:00,23.640758428787652,23.998951738314737,23.52136065894529,23.939252853393555,211700,0.0,0.0
1998-11-20 00:00:00-05:00,23.87955170825012,23.99894946679137,23.76015394970887,23.819852828979492,292900,0.0,0.0
1998-11-23 00:00:00-05:00,24.118354328727253,24.357149916140397,23.76016094760754,24.29745101928711,1087600,0.0,0.0
1998-11-24 00:00:00-05:00,24.11834375786059,24.595934723362777,23.401957309607305,23.6407527923584,286200,0.0,0.0
1998-11-25 00:00:00-05:00,23.64075953924834,23.998952865600586,23.40196398834684,23.998952865600586,1098300,0.0,0.0
1998-11-27 00:00:00-05:00,23.879554403487163,24.118349947522034,23.760156631469727,23.760156631469727,25500,0.0,0.0
1998-11-30 00:00:00-05:00,23.879554788902325,24.118350336791348,22.566179275512695,22.566179275512695,331800,0.0,0.0
1998-12-01 00:00:00-05:00,22.566178067192357,22.804973602294922,21.969189229435944,22.804973602294922,331500,0.0,0.0
1998-12-02 00:00:00-05:00,22.924372246924868,23.043770019044267,21.610996753611463,22.446781158447266,300500,0.0,0.0
1998-12-03 00:00:00-05:00,22.446778894108245,23.043767694483467,22.327381134033203,22.327381134033203,86700,0.0,0.0
1998-12-04 00:00:00-05:00,22.327380775123515,23.04376732405796,21.969187500656293,22.207983016967773,544600,0.0,0.0
1998-12-07 00:00:00-05:00,21.96919171919991,22.44678284353034,21.790095047575996,22.02889060974121,278400,0.0,0.0
1998-12-08 00:00:00-05:00,21.849796443104413,22.088592032646538,21.491603058791227,21.551301956176758,417500,0.0,0.0
1998-12-09 00:00:00-05:00,22.207986491435285,22.44678204510663,21.849793160928265,22.08858871459961,1557000,0.0,0.0
1998-12-10 00:00:00-05:00,22.207990157702735,22.207990157702735,21.491603378422003,21.670700073242188,861500,0.0,0.0
1998-12-11 00:00:00-05:00,21.73039615703469,22.02889060974121,21.43190170432817,22.02889060974121,311100,0.0,0.0
1998-12-14 00:00:00-05:00,21.73039528401693,22.804975270589193,21.73039528401693,22.387083053588867,374700,0.0,0.0
1998-12-15 00:00:00-05:00,22.804968981949123,23.640753185476058,22.446775751866156,23.46165657043457,684700,0.0,0.0
1998-12-16 00:00:00-05:00,23.282565973982027,23.760157070884222,23.282565973982027,23.5810604095459,798500,0.0,0.0
1998-12-17 00:00:00-05:00,23.76015670041004,25.25262885495841,23.5213611556823,24.77503776550293,850000,0.0,0.0
1998-12-18 00:00:00-05:00,25.372023539692833,26.74509775478209,24.715335871606666,26.625699996948242,875700,0.0,0.0
1998-12-21 00:00:00-05:00,26.446599522373706,28.058469019222667,26.148105171105378,27.819673538208008,957900,0.0,0.0
1998-12-22 00:00:00-05:00,28.416669237026564,29.01365808654393,27.342089307895307,27.879379272460938,1157800,0.0,0.0
1998-12-23 00:00:00-05:00,27.87937240846167,28.058469019222667,27.461480316686014,27.819673538208008,489900,0.0,0.0
1998-12-24 00:00:00-05:00,27.58088596050556,28.774863707713592,27.58088596050556,27.93907928466797,97900,0.0,0.0
1998-12-28 00:00:00-05:00,27.939078157412673,28.774862546736983,27.700282617605726,27.879379272460938,169200,0.0,0.0
1998-12-29 00:00:00-05:00,27.70027700778657,27.93907249923301,26.267504059107956,26.983890533447266,316600,0.0,0.0
1998-12-30 00:00:00-05:00,26.745095042000827,27.93907249923301,26.50629955055439,26.983890533447266,404800,0.0,0.0
1998-12-31 00:00:00-05:00,26.864498469137377,29.849442743485973,26.864498469137377,29.610647201538086,561600,0.0,0.0
1999-01-04 00:00:00-05:00,29.13305612556039,29.61064720958597,27.222691789458068,28.297271728515625,540500,0.0,0.0
1999-01-05 00:00:00-05:00,28.058477059388775,28.177874834109577,27.22269263634315,27.93907928466797,221900,0.0,0.0
1999-01-06 00:00:00-05:00,28.17787219738138,28.17787219738138,27.521184497866138,27.700281143188477,257500,0.0,0.0
1999-01-07 00:00:00-05:00,27.640583863359364,27.700282748593402,26.625702814380727,26.77495002746582,467100,0.0,0.0
1999-01-08 00:00:00-05:00,26.745095042000827,27.34208377061692,26.745095042000827,26.983890533447266,385400,0.0,0.0
1999-01-11 00:00:00-05:00,27.16299231334399,28.237572229036722,26.924196776523385,27.759981155395508,434400,0.0,0.0
1999-01-12 00:00:00-05:00,27.70028323539028,27.819681007956618,26.745101054859582,27.103294372558594,270600,0.0,0.0
1999-01-13 00:00:00-05:00,26.267508456581517,27.22269058227539,26.148110690869785,27.22269058227539,189800,0.0,0.0
1999-01-14 00:00:00-05:00,27.342088424445784,27.580883956537015,26.864497360263325,26.924196243286133,329800,0.0,0.0
1999-01-15 00:00:00-05:00,27.103290507996004,27.580881530163335,26.32720509697409,27.401784896850586,595000,0.0,0.0
1999-01-19 00:00:00-05:00,27.222693470036873,27.580886805168934,25.192931237621842,25.551124572753906,1392000,0.0,0.0
1999-01-20 00:00:00-05:00,25.789918553551963,26.02871409571448,25.431725240308186,25.670520782470703,342900,0.0,0.0
1999-01-21 00:00:00-05:00,25.43172431478695,25.43172431478695,23.16316674680126,23.401962280273438,1101300,0.0,0.0
1999-01-22 00:00:00-05:00,23.16316795349121,23.879554591228054,22.68557686166665,23.16316795349121,885100,0.0,0.0
1999-01-25 00:00:00-05:00,23.282566375732422,23.40196415201823,21.849793060302733,22.387083053588867,604400,0.0,0.0
1999-01-26 00:00:00-05:00,22.566179275512695,23.461662580096533,22.08858817973465,22.566179275512695,1344400,0.0,0.0
1999-01-27 00:00:00-05:00,23.04376792907715,23.28256345165826,22.804972406496038,23.04376792907715,679500,0.0,0.0
1999-01-28 00:00:00-05:00,23.34226144170881,24.416841252324563,23.103465928238645,23.700454711914062,506500,0.0,0.0
1999-01-29 00:00:00-05:00,24.35714340209961,24.35714340209961,23.521359069674624,24.35714340209961,766300,0.0,0.0
1999-02-01 00:00:00-05:00,24.357141128314538,25.073527632088496,23.99894787642756,24.237743377685547,407600,0.0,0.0
1999-02-02 00:00:00-05:00,25.19293062010808,26.148112823714072,23.282566212896093,23.998952865600586,817000,0.0,0.0
1999-02-03 00:00:00-05:00,24.11835111104525,24.83473777770996,23.521362222157993,24.83473777770996,550000,0.0,0.0
1999-02-04 00:00:00-05:00,25.073531014578684,25.43172431478695,23.28256451353735,23.401962280273438,392800,0.0,0.0
1999-02-05 00:00:00-05:00,23.87955442388007,23.87955442388007,22.207985614208464,22.446781158447266,346700,0.0,0.0
1999-02-08 00:00:00-05:00,22.68557435289851,22.68557435289851,22.20798331389012,22.62587547302246,479900,0.0,0.0
1999-02-09 00:00:00-05:00,22.446782509485878,22.924373626708984,22.387083619832993,22.924373626708984,497100,0.0,0.0
1999-02-10 00:00:00-05:00,22.68557357788086,23.04376684490003,22.566175822207803,22.68557357788086,457600,0.0,0.0
1999-02-11 00:00:00-05:00,22.685576683312807,23.819855517478445,22.685576683312807,23.760156631469727,369100,0.0,0.0
1999-02-12 00:00:00-05:00,23.163169190230644,23.5213625282239,22.44678251424413,23.431814193725586,335300,0.0,0.0
1999-02-16 00:00:00-05:00,23.521359768161528,23.819854181463068,22.26768323229505,22.98406982421875,187600,0.0,0.0
1999-02-17 00:00:00-05:00,22.685575834743638,22.924371369846206,22.446780299641073,22.804973602294922,301800,0.0,0.0
1999-02-18 00:00:00-05:00,23.043770823160806,23.163168599446614,22.327384165445963,22.387083053588867,253600,0.0,0.0
1999-02-19 00:00:00-05:00,22.804975270589193,22.804975270589193,22.327384165445963,22.387083053588867,301100,0.0,0.0
1999-02-22 00:00:00-05:00,22.32738357293801,22.446781346055328,21.431900274558146,21.84979248046875,314500,0.0,0.0
1999-02-23 00:00:00-05:00,21.849790785047745,22.088586312753183,20.715512028446906,20.954307556152344,606700,0.0,0.0
1999-02-24 00:00:00-05:00,21.551298196984348,22.68557704945721,21.25280376212307,22.566179275512695,899900,0.0,0.0
1999-02-25 00:00:00-05:00,22.387080436768237,22.804972604921243,22.08858603094466,22.148284912109375,460100,0.0,0.0
1999-02-26 00:00:00-05:00,22.387075050692648,23.16316031911666,22.207978450287104,22.864665985107422,801600,0.0,0.0
1999-03-01 00:00:00-05:00,23.163167091795636,23.819854818624894,22.685576017737993,23.521360397338867,430000,0.0,0.0
1999-03-02 00:00:00-05:00,23.4019659291143,24.894438246022098,23.282568143761676,24.715341567993164,606800,0.0,0.0
1999-03-03 00:00:00-05:00,24.71533516777886,24.71533516777886,23.998948641176575,24.17804527282715,1355200,0.0,0.0
1999-03-04 00:00:00-05:00,24.237748888822704,25.312328888819767,24.11835111104525,24.83473777770996,920200,0.0,0.0
1999-03-05 00:00:00-05:00,25.252626002674372,26.14810919425857,25.192927123235425,25.43172264099121,559200,0.0,0.0
1999-03-08 00:00:00-05:00,25.372023761552267,25.670518158746997,25.192927123235425,25.43172264099121,415100,0.0,0.0
1999-03-09 00:00:00-05:00,25.073530197143555,25.431723485674176,24.834734671456474,25.073530197143555,295200,0.0,0.0
1999-03-10 00:00:00-05:00,25.073528494886173,25.192926249623728,24.834732985411065,24.983980178833008,336300,0.0,0.0
1999-03-11 00:00:00-05:00,24.83473578881198,25.312326861673746,24.715338020596537,25.133230209350586,654500,0.0,0.0
1999-03-12 00:00:00-05:00,25.192929093458307,25.43172462988919,24.8944346729197,25.133230209350586,358800,0.0,0.0
1999-03-15 00:00:00-05:00,24.95413555548741,25.192931111042316,24.178049999933975,24.83473777770996,242100,0.0,0.0
1999-03-16 00:00:00-05:00,24.476541163874607,24.8347344491996,24.23774564032461,24.35714340209961,175700,0.0,0.0
1999-03-17 00:00:00-05:00,24.11835029602051,24.59594139099121,23.819855861663818,23.879554748535156,150400,0.0,0.0
1999-03-18 00:00:00-05:00,24.118350880070246,24.59594198660629,23.879555326802222,24.416845321655273,257100,0.0,0.0
1999-03-19 00:00:00-05:00,24.17804952877671,24.595941742854333,23.879555090149836,23.998952865600586,141400,0.0,0.0
1999-03-22 00:00:00-05:00,23.879553787506026,24.118349325381086,22.98407052047455,23.22286605834961,350900,0.0,0.0
1999-03-23 00:00:00-05:00,23.043769569290117,23.282565108868255,21.2528030224541,21.312501907348633,693500,0.0,0.0
1999-03-24 00:00:00-05:00,21.551298237918466,21.551298237918466,20.118524947862948,21.252803802490234,699100,0.0,0.0
1999-03-25 00:00:00-05:00,21.610994881274653,24.536240044762106,21.491597119499655,24.35714340209961,1553300,0.0,0.0
1999-03-26 00:00:00-05:00,24.715342225070206,25.073535590650934,23.64076212832802,24.954137802124023,528100,0.0,0.0
1999-03-29 00:00:00-05:00,24.59593615839191,25.43172039678387,24.476538410050203,25.01382827758789,591600,0.0,0.0
1999-03-30 00:00:00-05:00,24.894435270442518,26.148111866795738,24.71533861382063,25.670520782470703,582500,0.0,0.0
1999-03-31 00:00:00-05:00,25.6705216641696,26.446607202853798,24.83473723789431,25.312328338623047,862500,0.0,0.0
1999-04-01 00:00:00-05:00,25.84961301117695,25.84961301117695,23.401959123282598,24.237743377685547,464800,0.0,0.0
1999-04-05 00:00:00-04:00,24.476541064563808,24.95413210972603,22.804972406496038,23.04376792907715,465900,0.0,0.0
1999-04-06 00:00:00-04:00,22.804972406496038,23.640756735529923,22.804972406496038,23.04376792907715,230800,0.0,0.0
1999-04-07 00:00:00-04:00,23.043770371290744,23.6407592410133,22.566179275512695,22.566179275512695,517400,0.0,0.0
1999-04-08 00:00:00-04:00,22.685573992741833,22.685573992741833,22.148284082387423,22.50647735595703,432200,0.0,0.0
1999-04-09 00:00:00-04:00,22.20798229134601,22.387078922727834,21.73039127432782,21.969186782836914,370900,0.0,0.0
1999-04-12 00:00:00-04:00,21.790093411790565,22.685576702686067,21.491598981492064,22.446781158447266,853900,0.0,0.0
1999-04-13 00:00:00-04:00,22.685575834743638,23.6407579751539,21.431899275455176,22.804973602294922,440300,0.0,0.0
1999-04-14 00:00:00-04:00,23.163165690367702,24.118347780692144,22.92437016778659,23.04376792907715,345700,0.0,0.0
1999-04-15 00:00:00-04:00,23.10346906701314,23.64075904531577,22.92437240757893,23.16316795349121,151800,0.0,0.0
1999-04-16 00:00:00-04:00,23.04376408548066,24.357139240611684,22.804968602729566,23.6407527923584,334300,0.0,0.0
1999-04-19 00:00:00-04:00,23.99895321932706,25.252629880038175,23.64075988769531,24.625791549682617,568700,0.0,0.0
1999-04-20 00:00:00-04:00,24.5959415435791,24.715339318062494,24.47654376909571,24.5959415435791,504600,0.0,0.0
1999-04-21 00:00:00-04:00,24.655637806537104,24.655637806537104,24.23774564032461,24.35714340209961,188900,0.0,0.0
1999-04-22 00:00:00-04:00,24.35714665512366,24.476544432844854,22.506481100445146,24.32729721069336,301000,0.0,0.0
1999-04-23 00:00:00-04:00,24.297442253000042,24.476538878943533,23.70045349985508,24.237743377685547,165100,0.0,0.0
1999-04-26 00:00:00-04:00,24.237744150044005,24.29744302726086,23.879550886742862,24.17804527282715,268400,0.0,0.0
1999-04-27 00:00:00-04:00,24.237745451870822,25.789916342877326,24.118347691024166,25.252626419067383,929700,0.0,0.0
1999-04-28 00:00:00-04:00,25.192932247829667,25.431727814159807,24.476545548839248,24.894437789916992,561500,0.0,0.0
1999-04-29 00:00:00-04:00,24.894431799429434,24.95413067664629,23.640755377875433,24.17804527282715,183600,0.0,0.0
1999-04-30 00:00:00-04:00,24.416843494566358,24.715337913815336,23.401962469119837,24.118349075317383,353500,0.0,0.0
1999-05-03 00:00:00-04:00,23.760154657860845,25.07353004095868,22.924370323162222,24.05864906311035,444900,0.0,0.0
1999-05-04 00:00:00-04:00,24.11834968031174,25.192929616563255,24.058650794964436,24.6556396484375,351300,0.0,0.0
1999-05-05 00:00:00-04:00,24.834740013597113,24.954137802124023,23.043773185693475,24.954137802124023,392000,0.0,0.0
1999-05-06 00:00:00-04:00,24.357145843505858,24.95413471221924,23.879554748535156,23.879554748535156,100100,0.0,0.0
1999-05-07 00:00:00-04:00,24.357145843505858,24.416844730377196,23.521361427307127,23.879554748535156,436000,0.0,0.0
1999-05-10 00:00:00-04:00,23.998952522277833,24.23774806976318,23.640759201049804,23.879554748535156,415100,0.0,0.0
1999-05-11 00:00:00-04:00,24.23774836198339,25.551123888987416,23.99895281161902,25.312328338623047,427600,0.0,0.0
1999-05-12 00:00:00-04:00,25.372025144332916,29.25245251934854,25.31232626164037,27.52118492126465,2129400,0.0,0.0
1999-05-13 00:00:00-04:00,27.58088415487796,28.177872989399127,27.342088621069493,27.640583038330078,963600,0.0,0.0
1999-05-14 00:00:00-04:00,27.461487207657253,27.700282748593402,26.148111732508426,26.77495002746582,364900,0.0,0.0
1999-05-17 00:00:00-04:00,26.80480042482034,28.058477059388775,26.745101537459938,27.93907928466797,443700,0.0,0.0
1999-05-18 00:00:00-04:00,27.81967662629627,28.058472133818128,27.04359122685024,27.580881118774414,383500,0.0,0.0
1999-05-19 00:00:00-04:00,27.580883670497585,27.580883670497585,26.506303787231445,26.506303787231445,548900,0.0,0.0
1999-05-20 00:00:00-04:00,26.745098890607522,26.80479777205977,26.088411194632783,26.685400009155273,523100,0.0,0.0
1999-05-21 00:00:00-04:00,26.685400009155273,26.745098890607522,26.625701127703024,26.685400009155273,475300,0.0,0.0
1999-05-24 00:00:00-04:00,26.74510216346154,27.401789939796533,26.625704385946086,27.162994384765625,650200,0.0,0.0
1999-05-25 00:00:00-04:00,27.222691011744622,27.342088779339992,26.98389547655388,27.043594360351562,366700,0.0,0.0
1999-05-26 00:00:00-04:00,27.222689514160155,27.222689514160155,26.506302947998048,26.8644962310791,405100,0.0,0.0
1999-05-27 00:00:00-04:00,26.86449551261594,26.86449551261594,26.267506723446697,26.625699996948242,145400,0.0,0.0
1999-05-28 00:00:00-04:00,26.625705277478254,26.864500840504963,25.730221916128087,25.789920806884766,215500,0.0,0.0
1999-06-01 00:00:00-04:00,25.78991050808314,26.38689917725173,25.67051277424942,25.849609375,252700,0.0,0.0
1999-06-02 00:00:00-04:00,25.67051902446704,26.745098890607522,25.431723498658048,26.685400009155273,552500,0.0,0.0
1999-06-03 00:00:00-04:00,26.625700709025065,27.282388394673664,26.625700709025065,26.8644962310791,321400,0.0,0.0
1999-06-04 00:00:00-04:00,26.80479791657678,27.93907667028493,26.80479791657678,27.700281143188477,295100,0.0,0.0
1999-06-07 00:00:00-04:00,27.64057999565488,27.9390743800572,27.222687857491632,27.580881118774414,147200,0.0,0.0
1999-06-08 00:00:00-04:00,27.700281645122327,28.177872707969264,27.162991699419525,27.22269058227539,188400,0.0,0.0
1999-06-09 00:00:00-04:00,27.103297034730303,28.05847930908203,27.103297034730303,28.05847930908203,263600,0.0,0.0
1999-06-10 00:00:00-04:00,27.819678319295246,27.819678319295246,26.8644962310791,26.8644962310791,238000,0.0,0.0
1999-06-11 00:00:00-04:00,26.8644967230197,27.700281065513643,25.909314617312333,26.386905670166016,121200,0.0,0.0
1999-06-14 00:00:00-04:00,26.92419511159261,27.222689514160155,26.386905186971028,26.8644962310791,398700,0.0,0.0
1999-06-15 00:00:00-04:00,26.924196436904676,27.700281921782192,26.62570201964409,27.640583038330078,257400,0.0,0.0
1999-06-16 00:00:00-04:00,27.700281074052175,28.058474363802848,27.700281074052175,27.998775482177734,205300,0.0,0.0
1999-06-17 00:00:00-04:00,27.93907753557097,28.058475302816998,27.22269093209479,27.34208869934082,346400,0.0,0.0
1999-06-18 00:00:00-04:00,27.342087275187176,27.342087275187176,26.625700709025065,26.8644962310791,471800,0.0,0.0
1999-06-21 00:00:00-04:00,26.625703563994318,27.103294659312603,25.789919147187323,26.20781135559082,248200,0.0,0.0
1999-06-22 00:00:00-04:00,25.789919439351785,26.148112764898336,25.252629451031954,25.312328338623047,271900,0.0,0.0
1999-06-23 00:00:00-04:00,25.61082413461473,25.789920806884766,25.073534117804634,25.789920806884766,305500,0.0,0.0
1999-06-24 00:00:00-04:00,25.551125597324873,25.789921163655013,24.416846657256713,24.894437789916992,147300,0.0,0.0
1999-06-25 00:00:00-04:00,25.192927123235425,26.02871143538068,24.954131605479642,25.43172264099121,273400,0.0,0.0
1999-06-28 00:00:00-04:00,25.551123599528182,26.267510242505608,25.43172582569861,26.20781135559082,216700,0.0,0.0
1999-06-29 00:00:00-04:00,26.20780887379366,26.20780887379366,24.3571435546875,25.372024536132812,330600,0.0,0.0
1999-06-30 00:00:00-04:00,25.431722569286375,25.431722569286375,23.76015394970887,23.819852828979492,861500,0.0,0.0
1999-07-01 00:00:00-04:00,24.118346456985748,25.252625126992502,24.05864757961697,24.983980178833008,570100,0.0,0.0
1999-07-02 00:00:00-04:00,25.07353033901246,25.551121393088888,24.954132575493354,25.2824764251709,407400,0.0,0.0
1999-07-06 00:00:00-04:00,25.551124572753906,25.789920129508616,25.25263012681052,25.551124572753906,146200,0.0,0.0
1999-07-07 00:00:00-04:00,25.67052235113126,25.73022124031994,25.073533459244487,25.551124572753906,360100,0.0,0.0
1999-07-08 00:00:00-04:00,25.789914199284144,26.98389170851026,25.55111869743892,26.74509620666504,588500,0.0,0.0
1999-07-09 00:00:00-04:00,26.74510102106131,27.580885427969474,26.506305476230402,26.595853805541992,352400,0.0,0.0
1999-07-12 00:00:00-04:00,26.8644967230197,26.98389448623312,25.7302179724922,26.386905670166016,549300,0.0,0.0
1999-07-13 00:00:00-04:00,26.386908016335177,26.625703563994318,25.849618034102107,26.20781135559082,317700,0.0,0.0
1999-07-14 00:00:00-04:00,26.207809647012443,26.924196243286133,26.088411880966827,26.924196243286133,587200,0.0,0.0
1999-07-15 00:00:00-04:00,26.864496798350892,27.99877555205904,26.745099034802667,27.700281143188477,1111700,0.0,0.0
1999-07-16 00:00:00-04:00,27.8196837404941,28.476371554110912,27.580888171906167,28.05847930908203,441900,0.0,0.0
1999-07-19 00:00:00-04:00,27.939078780522955,28.297272098221967,26.86449882742592,27.103294372558594,356800,0.0,0.0
1999-07-20 00:00:00-04:00,26.924194391532865,26.983893270449787,26.267506723446697,26.625699996948242,690600,0.0,0.0
1999-07-21 00:00:00-04:00,26.62570584009564,26.62570584009564,25.789921351841517,26.327211380004883,362200,0.0,0.0
1999-07-22 00:00:00-04:00,26.38689917725173,26.38689917725173,25.431717306581984,25.849609375,867800,0.0,0.0
1999-07-23 00:00:00-04:00,26.327206788559305,26.804797841412988,26.177959584542528,26.386905670166016,3844200,0.0,0.0
1999-07-26 00:00:00-04:00,26.32720649982321,26.38690538077519,25.969013214111328,25.969013214111328,449800,0.0,0.0
1999-07-27 00:00:00-04:00,26.028705975750576,26.148103709584294,25.849609375,25.849609375,449600,0.0,0.0
1999-07-28 00:00:00-04:00,25.909313201904297,26.506301985358313,25.67051768852269,25.909313201904297,555800,0.0,0.0
1999-07-29 00:00:00-04:00,25.789919439351785,25.909317214533967,25.312328338623047,25.312328338623047,528500,0.0,0.0
1999-07-30 00:00:00-04:00,25.551123011389443,25.730219668011333,25.431725240308186,25.670520782470703,379100,0.0,0.0
1999-08-02 00:00:00-04:00,25.73022055176069,25.909317214533967,25.312328338623047,25.312328338623047,421700,0.0,0.0
1999-08-03 00:00:00-04:00,25.372024458281846,25.551121101516777,24.834734528577055,24.86458396911621,276100,0.0,0.0
1999-08-04 00:00:00-04:00,24.95413555548741,25.01383444437614,24.83473777770996,24.83473777770996,365400,0.0,0.0
1999-08-05 00:00:00-04:00,24.83473723789431,25.61082277657851,23.76015726125465,25.312328338623047,901300,0.0,0.0
1999-08-06 00:00:00-04:00,25.19292730252528,25.19292730252528,24.29744410456822,24.536239624023438,488800,0.0,0.0
1999-08-09 00:00:00-04:00,24.536241231788516,24.536241231788516,22.685575834743638,22.804973602294922,1291700,0.0,0.0
1999-08-10 00:00:00-04:00,22.86467062952664,22.92436950845491,22.20798296131569,22.50647735595703,746100,0.0,0.0
1999-08-11 00:00:00-04:00,22.74527352585076,23.99895001940159,22.68557464520548,23.04376792907715,603800,0.0,0.0
1999-08-12 00:00:00-04:00,22.92436993440842,23.16316545455851,22.26768225399568,22.327381134033203,550100,0.0,0.0
1999-08-13 00:00:00-04:00,22.685577494303384,22.804975270589193,21.68562111790975,22.387083053588867,969200,0.0,0.0
1999-08-16 00:00:00-04:00,22.446779041416598,22.685574563133795,22.327381280557997,22.536327362060547,850400,0.0,0.0
1999-08-17 00:00:00-04:00,22.804972255265323,22.804972255265323,19.93942600329481,20.11852264404297,2331100,0.0,0.0
1999-08-18 00:00:00-04:00,20.95431012373704,22.20798679780678,20.0588267851158,20.178224563598633,3835700,0.0,0.0
1999-08-19 00:00:00-04:00,20.417019263734208,21.37220145151125,20.357320376998143,21.04385757446289,1428800,0.0,0.0
1999-08-20 00:00:00-04:00,21.312497347002328,21.49159396336369,20.834906370038688,21.073701858520508,1077200,0.0,0.0
1999-08-23 00:00:00-04:00,21.252799547635593,21.84978829897367,20.894606296832745,21.730390548706055,1100000,0.0,0.0
1999-08-24 00:00:00-04:00,21.610997814602324,22.446782260470922,21.43190114763048,21.491600036621094,853500,0.0,0.0
1999-08-25 00:00:00-04:00,21.730393021195024,21.730393021195024,20.655813146520543,20.954307556152344,458100,0.0,0.0
1999-08-26 00:00:00-04:00,20.954305361857458,20.954305361857458,20.058822226735344,20.237918853759766,1032800,0.0,0.0
1999-08-27 00:00:00-04:00,20.41701952809621,20.41701952809621,19.581235102969462,19.640933990478516,582700,0.0,0.0
1999-08-30 00:00:00-04:00,19.043947933482475,19.043947933482475,16.894787665127087,17.551475524902344,5012200,0.0,0.0
1999-08-31 00:00:00-04:00,17.49177343565374,17.55147232109966,16.41719349762723,16.775386810302734,3310900,0.0,0.0
1999-09-01 00:00:00-04:00,16.954484390885863,17.730569943989792,16.89478550218556,17.43207550048828,3570400,0.0,0.0
1999-09-02 00:00:00-04:00,17.372375925381977,17.372375925381977,16.835085948308308,17.193279266357422,1817800,0.0,0.0
1999-09-03 00:00:00-04:00,17.252976595122238,17.61116988083412,16.954482190362338,17.31267547607422,1450900,0.0,0.0
1999-09-07 00:00:00-04:00,17.372377515672802,17.43207640747924,17.014184164834187,17.073883056640625,592400,0.0,0.0
1999-09-08 00:00:00-04:00,17.13358022221979,17.1932791080115,15.76050584901054,15.820204734802246,2220400,0.0,0.0
1999-09-09 00:00:00-04:00,16.058996782767192,16.058996782767192,15.40230918198489,15.93959903717041,1446800,0.0,0.0
1999-09-10 00:00:00-04:00,16.536590914228068,16.8947842192294,15.939602072559186,15.999300956726074,1601700,0.0,0.0
1999-09-13 00:00:00-04:00,16.17839700204355,16.35749364782263,16.05899923819083,16.118698120117188,1210200,0.0,0.0
1999-09-14 00:00:00-04:00,16.178397568228505,16.417193104290916,15.939602032166091,16.148548126220703,1461400,0.0,0.0
1999-09-15 00:00:00-04:00,16.238093401162367,16.297792273960756,15.521706927581672,15.93959903717041,450400,0.0,0.0
1999-09-16 00:00:00-04:00,15.999302813115012,15.999302813115012,15.163518337803033,15.641109466552734,852400,0.0,0.0
1999-09-17 00:00:00-04:00,15.879900320982323,16.297792434692383,15.641104827433717,16.297792434692383,730500,0.0,0.0
1999-09-20 00:00:00-04:00,16.23809588396991,16.297794765896267,15.820203710485389,16.118698120117188,473300,0.0,0.0
1999-09-21 00:00:00-04:00,16.059001704208725,16.059001704208725,15.282916119990459,15.641109466552734,826100,0.0,0.0
1999-09-22 00:00:00-04:00,15.76050468859932,15.93960133278795,15.641106925806902,15.909751892089844,435600,0.0,0.0
1999-09-23 00:00:00-04:00,16.11869617808949,16.715684925426135,15.99929842862216,16.417190551757812,939900,0.0,0.0
1999-09-24 00:00:00-04:00,16.29779320604661,16.53658871089711,16.118696577408734,16.238094329833984,739900,0.0,0.0
1999-09-27 00:00:00-04:00,16.357499478368542,17.193284123248688,16.297800575162817,17.044036865234375,474200,0.0,0.0
1999-09-28 00:00:00-04:00,17.13357801695128,18.387254457216006,17.01418026073559,17.670867919921875,1546400,0.0,0.0
1999-09-29 00:00:00-04:00,18.14845691149748,19.34243433988547,17.90966142581988,18.864843368530273,1607400,0.0,0.0
1999-09-30 00:00:00-04:00,19.043944051042082,19.16334181938717,18.74544963017935,18.775299072265625,844000,0.0,0.0
1999-10-01 00:00:00-04:00,18.92454578807053,19.10364243590716,18.1484603141118,18.44695472717285,726200,0.0,0.0
1999-10-04 00:00:00-04:00,18.50665563031247,18.56635451944251,17.790268960751984,18.148462295532227,889900,0.0,0.0
1999-10-05 00:00:00-04:00,18.029062698517357,18.327557114055722,17.79026716608666,17.849966049194336,861900,0.0,0.0
1999-10-06 00:00:00-04:00,17.730569661135906,18.924547416094555,17.670870773387975,18.834999084472656,751800,0.0,0.0
1999-10-07 00:00:00-04:00,19.16334341074291,19.16334341074291,17.909666739012067,18.148462295532227,350200,0.0,0.0
1999-10-08 00:00:00-04:00,18.327556889527923,19.043943478043673,18.148460242398983,18.74544906616211,309500,0.0,0.0
1999-10-11 00:00:00-04:00,18.74544993313876,21.014007568359375,18.685751048001375,21.014007568359375,1123300,0.0,0.0
1999-10-12 00:00:00-04:00,21.073707862904197,21.073707862904197,18.029064517272147,18.148462295532227,1008400,0.0,0.0
1999-10-13 00:00:00-04:00,18.148460997560154,19.402137579628455,18.088762112699758,18.68575096130371,843000,0.0,0.0
1999-10-14 00:00:00-04:00,18.74544835244456,18.86484611265121,18.267857311617945,18.50665283203125,233400,0.0,0.0
1999-10-15 00:00:00-04:00,19.342439753134798,19.76033197002351,17.790268661833856,19.0439453125,4129500,0.0,0.0
1999-10-18 00:00:00-04:00,18.984243392944336,19.103641150132663,18.38725460700269,18.984243392944336,458400,0.0,0.0
1999-10-19 00:00:00-04:00,19.163338506789437,19.223037380642364,18.626048642113098,18.805145263671875,466100,0.0,0.0
1999-10-20 00:00:00-04:00,18.745450792814555,19.999127438193874,18.745450792814555,19.84988021850586,366800,0.0,0.0
1999-10-21 00:00:00-04:00,19.700630896105736,19.999125303622492,19.16334096257558,19.93942642211914,560700,0.0,0.0
1999-10-22 00:00:00-04:00,20.118525396810995,22.207986491435285,20.05882650839316,22.08858871459961,1397000,0.0,0.0
1999-10-25 00:00:00-04:00,22.02888800216048,22.02888800216048,21.49159805088827,21.79009246826172,1349500,0.0,0.0
1999-10-26 00:00:00-04:00,22.387081384658813,22.446780268351237,14.148635435104369,14.32773208618164,14748000,0.0,0.0
1999-10-27 00:00:00-04:00,14.865020295320932,14.865020295320932,13.909838268312358,14.088934898376465,4559300,0.0,0.0
1999-10-28 00:00:00-04:00,14.38743081665039,14.984419647216797,14.088936401367187,14.924720764160156,4844300,0.0,0.0
1999-10-29 00:00:00-04:00,15.163517742445974,15.760506629943848,14.924722187446825,15.760506629943848,2797700,0.0,0.0
1999-11-01 00:00:00-05:00,15.76050539714534,15.879903165305532,14.626226599623516,14.685925483703613,1572300,0.0,0.0
1999-11-02 00:00:00-05:00,14.745624114990234,15.641107360839843,14.685925231933593,14.924720764160156,1532900,0.0,0.0
1999-11-03 00:00:00-05:00,14.984419744461775,15.3426130451262,14.984419744461775,15.282914161682129,483100,0.0,0.0
1999-11-04 00:00:00-05:00,15.3426130451262,15.40231192857027,15.044118627905846,15.282914161682129,681000,0.0,0.0
1999-11-05 00:00:00-05:00,15.282916692298228,15.402314478956807,15.044121118981067,15.163518905639648,835400,0.0,0.0
1999-11-08 00:00:00-05:00,15.103817511349916,15.521709695458412,15.103817511349916,15.282914161682129,888200,0.0,0.0
1999-11-09 00:00:00-05:00,15.3426130451262,15.40231192857027,15.163516394793987,15.282914161682129,1176300,0.0,0.0
1999-11-10 00:00:00-05:00,15.163514558006735,16.476889834684485,15.163514558006735,16.238094329833984,1075400,0.0,0.0
1999-11-11 00:00:00-05:00,16.2977958211359,17.178354386563573,15.76050584901054,15.820204734802246,658000,0.0,0.0
1999-11-12 00:00:00-05:00,15.87990394427622,16.71568836239602,15.820205057267662,16.596290588378906,448000,0.0,0.0
1999-11-15 00:00:00-05:00,16.59628795707313,16.835083467246843,16.1186969367257,16.357492446899414,980300,0.0,0.0
1999-11-16 00:00:00-05:00,16.476891960896236,17.014181916142853,16.238096425231074,16.954483032226562,1129900,0.0,0.0
1999-11-17 00:00:00-05:00,16.95448795787075,17.07388576039097,16.894789056610644,17.01418685913086,666900,0.0,0.0
1999-11-18 00:00:00-05:00,17.073882168286467,17.491774389188585,16.83508661348526,17.43207550048828,1148400,0.0,0.0
1999-11-19 00:00:00-05:00,17.372375925381977,17.491773698065018,17.073881493674385,17.193279266357422,873900,0.0,0.0
1999-11-22 00:00:00-05:00,17.133580763875855,18.327558517456055,16.894785213159818,18.327558517456055,1201900,0.0,0.0
1999-11-23 00:00:00-05:00,18.26785928694928,18.327558173507942,17.909665967597334,18.208160400390625,1636100,0.0,0.0
1999-11-24 00:00:00-05:00,18.208158134233834,18.208158134233834,17.790265980333384,18.088760375976562,1273100,0.0,0.0
1999-11-26 00:00:00-05:00,18.14846151383197,18.208160400390625,18.088762627273308,18.208160400390625,269400,0.0,0.0
1999-11-29 00:00:00-05:00,18.148461954483132,18.26785973049947,18.029064178466797,18.029064178466797,880100,0.0,0.0
1999-11-30 00:00:00-05:00,18.02906151689419,18.148459275284218,16.95448169138394,16.984331130981445,1539600,0.0,0.0
1999-12-01 00:00:00-05:00,17.014183146612986,17.252978699547903,16.476893152509415,16.715688705444336,849800,0.0,0.0
1999-12-02 00:00:00-05:00,16.655989475387464,16.775387249404577,15.999301718293333,16.596290588378906,3378500,0.0,0.0
1999-12-03 00:00:00-05:00,16.476890563964844,16.835083837094512,16.357492806254953,16.476890563964844,952800,0.0,0.0
1999-12-06 00:00:00-05:00,16.476890563964844,16.715686079384625,16.357492806254953,16.476890563964844,1166800,0.0,0.0
1999-12-07 00:00:00-05:00,16.596288321674734,16.596288321674734,16.357492806254953,16.476890563964844,736900,0.0,0.0
1999-12-08 00:00:00-05:00,16.357491677024147,16.47688942649148,16.178395052823152,16.417190551757812,1468000,0.0,0.0
1999-12-09 00:00:00-05:00,16.476893152509415,16.835086481911794,16.417194264275686,16.715688705444336,1093000,0.0,0.0
1999-12-10 00:00:00-05:00,16.83508737308463,17.849968526781222,16.536592916115044,17.372377395629883,2390700,0.0,0.0
1999-12-13 00:00:00-05:00,17.19327974635244,18.148461954483132,17.19327974635244,18.029064178466797,1330100,0.0,0.0
1999-12-14 00:00:00-05:00,18.088759916005028,19.163339712995427,18.02906103839445,18.56635093688965,1629300,0.0,0.0
1999-12-15 00:00:00-05:00,18.387255633318865,19.700631035698784,18.148460105613427,19.342437744140625,1892500,0.0,0.0
1999-12-16 00:00:00-05:00,19.461836895310736,19.99912687094815,18.74545026112752,19.820030212402344,1484600,0.0,0.0
1999-12-17 00:00:00-05:00,19.760327848361307,20.476714356458995,19.7006289726865,20.237918853759766,1822700,0.0,0.0
1999-12-20 00:00:00-05:00,20.417019234147183,20.7752125540445,20.35732034749763,20.53641700744629,462700,0.0,0.0
1999-12-21 00:00:00-05:00,20.41701871698553,21.014007568359375,20.29762094671076,21.014007568359375,975900,0.0,0.0
1999-12-22 00:00:00-05:00,21.133405595104673,22.088587768894715,21.01400782338092,21.431900024414062,1380700,0.0,0.0
1999-12-23 00:00:00-05:00,21.581147640470476,22.804974823401718,21.551298196984348,22.566179275512695,893900,0.0,0.0
1999-12-27 00:00:00-05:00,22.804976735972495,23.103471195867424,22.44678338409858,23.07362174987793,994200,0.0,0.0
1999-12-28 00:00:00-05:00,22.924369872402703,23.0437676321548,22.566176593146412,22.62587547302246,942100,0.0,0.0
1999-12-29 00:00:00-05:00,22.68557506431397,23.760154935781472,22.625876182565776,23.67060661315918,879700,0.0,0.0
1999-12-30 00:00:00-05:00,23.640753185476058,23.760150928837046,23.043764468671107,23.46165657043457,522700,0.0,0.0
1999-12-31 00:00:00-05:00,23.282566964626312,23.401964743932087,22.924373626708984,22.924373626708984,305300,0.0,0.0
2000-01-03 00:00:00-05:00,22.804974784851073,23.998952522277833,22.745275897979734,23.879554748535156,2253000,0.0,0.0
2000-01-04 00:00:00-05:00,23.461662201426137,24.118349947522034,23.163167771382547,23.760156631469727,1490900,0.0,0.0
2000-01-05 00:00:00-05:00,23.40196398834684,24.118350641051336,23.40196398834684,23.998952865600586,1568500,0.0,0.0
2000-01-06 00:00:00-05:00,23.81985125048407,24.416840003629037,22.566174868879646,24.237743377685547,669100,0.0,0.0
2000-01-07 00:00:00-05:00,23.998950116774616,24.536240044762106,23.879552354999618,24.35714340209961,1005900,0.0,0.0
2000-01-10 00:00:00-05:00,24.237745224704415,24.59593850388724,23.64075642606638,24.536239624023438,977600,0.0,0.0
2000-01-11 00:00:00-05:00,24.59594198660629,24.655640874923296,24.028802547594736,24.416845321655273,419100,0.0,0.0
2000-01-12 00:00:00-05:00,24.59594222215506,24.894436666598686,24.29744777771143,24.83473777770996,1373200,0.0,0.0
2000-01-13 00:00:00-05:00,24.834734604779413,25.372024536132812,24.595939079733455,25.372024536132812,841800,0.0,0.0
2000-01-14 00:00:00-05:00,25.312326861673746,25.49142351399691,23.879553643088443,25.133230209350586,538200,0.0,0.0
2000-01-18 00:00:00-05:00,24.834735631389574,25.789917771058406,24.59594009647237,25.7302188873291,502000,0.0,0.0
2000-01-19 00:00:00-05:00,25.491423352411896,25.789917771058406,24.715337863930973,25.7302188873291,773800,0.0,0.0
2000-01-20 00:00:00-05:00,25.730216566868094,26.207807593631305,25.61081881017729,25.909313201904297,924900,0.0,0.0
2000-01-21 00:00:00-05:00,26.02871437532356,26.625703237142908,24.595941106957127,24.77503776550293,947500,0.0,0.0
2000-01-24 00:00:00-05:00,24.83473578881198,25.90931570275096,24.83473578881198,25.133230209350586,611400,0.0,0.0
2000-01-25 00:00:00-05:00,25.073529972749597,25.670518781624587,22.924370260799634,24.35714340209961,991400,0.0,0.0
2000-01-26 00:00:00-05:00,23.9989533332678,24.95413555548741,23.939254444379074,24.83473777770996,755200,0.0,0.0
2000-01-27 00:00:00-05:00,25.01383420482533,25.073533093142334,24.05865199175324,24.416845321655273,585000,0.0,0.0
2000-01-28 00:00:00-05:00,23.939253324952073,24.506392742874876,23.879554438854935,24.267597198486328,912900,0.0,0.0
2000-01-31 00:00:00-05:00,23.99895109465913,24.416843277899464,23.70045667805889,24.207897186279297,472800,0.0,0.0
2000-02-01 00:00:00-05:00,24.237745224704415,25.073529542797672,24.178046344840613,24.536239624023438,1498400,0.0,0.0
2000-02-02 00:00:00-05:00,24.655641111043785,24.894436666598686,24.53624333326633,24.83473777770996,632000,0.0,0.0
2000-02-03 00:00:00-05:00,24.894436666598686,24.95413555548741,24.476544444377605,24.83473777770996,540000,0.0,0.0
2000-02-04 00:00:00-05:00,24.834736651684864,24.954134424048735,24.17804890368358,24.77503776550293,584700,0.0,0.0
2000-02-07 00:00:00-05:00,24.834737297232827,25.551123950037617,24.775038409499093,25.41680145263672,542300,0.0,0.0
2000-02-08 00:00:00-05:00,25.43172033349951,25.789913577633303,25.312322585454908,25.610816955566406,396100,0.0,0.0
2000-02-09 00:00:00-05:00,25.37202857158802,26.028716369911475,25.192931899317987,25.789920806884766,528600,0.0,0.0
2000-02-10 00:00:00-05:00,25.670523567805215,26.327211380004883,25.43172799973261,26.327211380004883,995600,0.0,0.0
2000-02-11 00:00:00-05:00,26.386906818677023,28.655464418472782,26.267509050266717,27.759981155395508,2525100,0.0,0.0
2000-02-14 00:00:00-05:00,28.058471466813767,28.11817034227507,26.56599958028112,26.74509620666504,964600,0.0,0.0
2000-02-15 00:00:00-05:00,26.745097442793718,27.5211828596605,26.566000808132152,27.312236785888672,371900,0.0,0.0
2000-02-16 00:00:00-05:00,27.2823910314081,27.580885462823943,26.745101054859582,27.103294372558594,377500,0.0,0.0
2000-02-17 00:00:00-05:00,27.162990633646647,27.998774960835775,26.26750742594401,26.8644962310791,729100,0.0,0.0
2000-02-18 00:00:00-05:00,26.86450013490481,26.983897913282163,23.461663451150198,25.551124572753906,965700,0.0,0.0
2000-02-22 00:00:00-05:00,25.551124444374672,25.610823333263397,24.357146666600155,24.83473777770996,443700,0.0,0.0
2000-02-23 00:00:00-05:00,24.715336714119747,26.38690538077519,24.655637833167766,25.969013214111328,981700,0.0,0.0
2000-02-24 00:00:00-05:00,26.02871437532356,26.2675099200513,24.297446676047453,24.77503776550293,1130800,0.0,0.0
2000-02-25 00:00:00-05:00,24.715336766420435,24.954132290733675,24.237745717793953,24.86458396911621,401300,0.0,0.0
2000-02-28 00:00:00-05:00,24.715337863930973,26.26750884089282,24.65563898020167,25.7302188873291,548800,0.0,0.0
2000-02-29 00:00:00-05:00,26.02871031988235,27.81967662629627,25.90931256612142,27.580881118774414,1738300,0.0,0.0
2000-03-01 00:00:00-05:00,27.58088631465517,28.7151651890674,26.92419854525862,28.56591796875,2367300,0.0,0.0
2000-03-02 00:00:00-05:00,28.595765173563947,28.595765173563947,27.222690854165258,27.640583038330078,1069600,0.0,0.0
2000-03-03 00:00:00-05:00,27.70027838729866,31.282210937380384,27.70027838729866,30.46135139465332,3067100,0.0,0.0
2000-03-06 00:00:00-05:00,30.685227042381918,33.19258022483336,30.446431501196066,32.535892486572266,4320500,0.0,0.0
2000-03-07 00:00:00-05:00,32.83438064277066,34.32685249016933,32.71498289497877,33.61046600341797,3107600,0.0,0.0
2000-03-08 00:00:00-05:00,33.4910762991224,33.96866740499224,32.83438852855137,33.43137741088867,1446500,0.0,0.0
2000-03-09 00:00:00-05:00,33.43137628490469,34.2671606920273,32.83438742267425,33.37167739868164,924300,0.0,0.0
2000-03-10 00:00:00-05:00,33.311978761383166,34.028365401412906,33.311978761383166,33.78956985473633,607100,0.0,0.0
2000-03-13 00:00:00-05:00,33.013484328037435,34.26716094808949,30.565829974602472,33.78956985473633,892500,0.0,0.0
2000-03-14 00:00:00-05:00,33.72986555314473,33.72986555314473,32.71498464269612,33.10302734375,889200,0.0,0.0
2000-03-15 00:00:00-05:00,33.07317603650943,33.19257378393365,30.80461883544922,30.80461883544922,677000,0.0,0.0
2000-03-16 00:00:00-05:00,31.222521211218645,31.521015677865094,29.252457731352077,30.327037811279297,1022100,0.0,0.0
2000-03-17 00:00:00-05:00,29.19274882152536,31.700101481042875,28.834555584451426,31.580703735351562,729600,0.0,0.0
2000-03-20 00:00:00-05:00,31.04341963647117,31.162817404303752,28.41666874415438,29.670345306396484,419300,0.0,0.0
2000-03-21 00:00:00-05:00,29.61065156974756,31.64041397573832,29.252458203984485,31.371768951416016,723400,0.0,0.0
2000-03-22 00:00:00-05:00,31.282214767631444,32.416493547373804,30.804623702476764,31.162817001342773,259500,0.0,0.0
2000-03-23 00:00:00-05:00,31.043426368350072,31.64041533697219,31.043426368350072,31.341920852661133,335300,0.0,0.0
2000-03-24 00:00:00-05:00,31.282209825146108,31.998596309691436,30.147931224616,30.80461883544922,361800,0.0,0.0
2000-03-27 00:00:00-05:00,30.088238364771794,31.04342053508201,29.491249508327908,30.62552833557129,387500,0.0,0.0
2000-03-28 00:00:00-05:00,30.744927653416934,30.983723208006577,29.371853214526467,29.49125099182129,245700,0.0,0.0
2000-03-29 00:00:00-05:00,29.252451786324997,29.610645073504486,27.759979756410456,28.894258499145508,508300,0.0,0.0
2000-03-30 00:00:00-05:00,28.655463909280712,31.461311417064447,28.655463909280712,31.162817001342773,717500,0.0,0.0
2000-03-31 00:00:00-05:00,30.864326143623295,32.17770172420301,28.53606943259562,31.759809494018555,733500,0.0,0.0
2000-04-03 00:00:00-04:00,32.11800076588091,32.17769965206284,29.610647546239647,29.730045318603516,333100,0.0,0.0
2000-04-04 00:00:00-04:00,30.0882350248449,31.521008121266085,28.058473138248218,30.446428298950195,816000,0.0,0.0
2000-04-05 00:00:00-04:00,30.327036240521597,30.446434020996094,29.133058435776654,29.43155288696289,617400,0.0,0.0
2000-04-06 00:00:00-04:00,29.491246698387116,30.133009657916794,29.431547818430868,29.96883773803711,337700,0.0,0.0
2000-04-07 00:00:00-04:00,29.968838291909307,30.207633816147627,29.073355076015602,29.192752838134766,475300,0.0,0.0
2000-04-10 00:00:00-04:00,29.07335724005719,29.252453896566784,27.40178844596766,28.297271728515625,663800,0.0,0.0
2000-04-11 00:00:00-04:00,27.939077176545798,27.983851338687696,26.386906222293252,27.22269058227539,464400,0.0,0.0
2000-04-12 00:00:00-04:00,26.924191660585656,27.28238489775531,26.50629955055439,26.983890533447266,461400,0.0,0.0
2000-04-13 00:00:00-04:00,27.043594878978944,27.222691533806618,26.148111604840565,26.566003799438477,637400,0.0,0.0
2000-04-14 00:00:00-04:00,26.207810010060225,26.327207777759813,23.8795535399182,24.118349075317383,680200,0.0,0.0
2000-04-17 00:00:00-04:00,24.476546648016388,26.327212370183478,23.99895549390875,24.954137802124023,683700,0.0,0.0
2000-04-18 00:00:00-04:00,25.192932486026844,30.56583277925532,24.834739133144947,28.05847930908203,433700,0.0,0.0
2000-04-19 00:00:00-04:00,28.416669325395066,28.416669325395066,26.26750946044922,26.26750946044922,358600,0.0,0.0
2000-04-20 00:00:00-04:00,26.983897913282163,27.10329569165952,25.551124572753906,25.551124572753906,150200,0.0,0.0
2000-04-24 00:00:00-04:00,25.192931237621842,25.90931790788597,24.29744789979168,25.551124572753906,338200,0.0,0.0
2000-04-25 00:00:00-04:00,26.028710235983638,28.655460810257217,26.028710235983638,28.17786979675293,174000,0.0,0.0
2000-04-26 00:00:00-04:00,28.177865184757504,28.177865184757504,25.78991050808314,25.849609375,247500,0.0,0.0
2000-04-27 00:00:00-04:00,25.789918295185217,27.1032937639215,25.6705205253001,26.566003799438477,246900,0.0,0.0
2000-04-28 00:00:00-04:00,26.44660860520822,27.043597512774998,25.789920806884766,25.789920806884766,391600,0.0,0.0
2000-05-01 00:00:00-04:00,26.028719789493156,29.013664719480904,26.028719789493156,28.83456802368164,431400,0.0,0.0
2000-05-02 00:00:00-04:00,28.17787278676509,28.655463850947548,26.386906296080866,26.924196243286133,771300,0.0,0.0
2000-05-03 00:00:00-04:00,26.92419511159261,27.461485036214192,24.8944331741333,26.8644962310791,418700,0.0,0.0
2000-05-04 00:00:00-04:00,26.26751097993031,28.89426207792334,25.969016536976557,28.476369857788086,645800,0.0,0.0
2000-05-05 00:00:00-04:00,27.939075819524636,29.96883773803711,27.819678059612137,29.96883773803711,364200,0.0,0.0
2000-05-08 00:00:00-04:00,29.13305726403856,31.401615001812054,29.13305726403856,30.68522834777832,720200,0.0,0.0
2000-05-09 00:00:00-04:00,30.924019817337097,31.640406376812088,29.670343338255865,29.96883773803711,515300,0.0,0.0
2000-05-10 00:00:00-04:00,29.849443937602796,29.849443937602796,27.282391758968956,28.356971740722656,252100,0.0,0.0
2000-05-11 00:00:00-04:00,28.29727321887306,29.49125099182129,28.177875441578237,29.49125099182129,220100,0.0,0.0
2000-05-12 00:00:00-04:00,29.073358395225124,29.371852834601153,28.356971740722656,28.356971740722656,266700,0.0,0.0
2000-05-15 00:00:00-04:00,28.297270976321798,29.849441958145356,27.46148660149373,29.670345306396484,224700,0.0,0.0
2000-05-16 00:00:00-04:00,29.670342871722053,30.506127177967745,29.431547355651855,30.446428298950195,377100,0.0,0.0
2000-05-17 00:00:00-04:00,30.207634826660154,30.207634826660154,28.9539582824707,29.849441528320312,197700,0.0,0.0
2000-05-18 00:00:00-04:00,29.96883911165912,30.565827938584597,27.342088273187002,27.52118492126465,979300,0.0,0.0
2000-05-19 00:00:00-04:00,27.580879262063355,27.580879262063355,25.789913076215086,26.983890533447266,914000,0.0,0.0
2000-05-22 00:00:00-04:00,26.506307495964897,26.98389862201832,25.730221916128087,25.789920806884766,678100,0.0,0.0
2000-05-23 00:00:00-04:00,26.207808316026107,27.103291515890323,26.028711676053263,26.148109436035156,464700,0.0,0.0
2000-05-24 00:00:00-04:00,26.327207140020423,26.745099316846144,25.431723903965306,26.506303787231445,318600,0.0,0.0
2000-05-25 00:00:00-04:00,26.864497081653493,27.10329261126819,25.192928374350608,26.506303787231445,438400,0.0,0.0
2000-05-26 00:00:00-04:00,26.86449665351202,27.46148546803451,26.088411194632783,26.685400009155273,150800,0.0,0.0
2000-05-30 00:00:00-04:00,26.74509989420573,28.715163056055705,26.625702126820883,28.65546417236328,221500,0.0,0.0
2000-05-31 00:00:00-04:00,28.536068158271988,28.59576704563239,27.58088596050556,27.93907928466797,431800,0.0,0.0
2000-06-01 00:00:00-04:00,27.81967911600065,28.416667938232422,27.521184704884764,28.416667938232422,360100,0.0,0.0
2000-06-02 00:00:00-04:00,28.416670996167884,30.14793876694282,28.177875441578237,29.49125099182129,665700,0.0,0.0
2000-06-05 00:00:00-04:00,29.13305507404575,30.08823720762102,29.01365730734884,29.655420303344727,157600,0.0,0.0
2000-06-06 00:00:00-04:00,29.312153946725946,29.789745049727593,28.356971740722656,28.356971740722656,386700,0.0,0.0
2000-06-07 00:00:00-04:00,28.655463255592856,29.849440891242562,28.35696884668043,29.312150955200195,246300,0.0,0.0
2000-06-08 00:00:00-04:00,29.491248735567417,29.849442040047993,28.953958778846552,29.371850967407227,202300,0.0,0.0
2000-06-09 00:00:00-04:00,29.43154977073132,29.83451723716628,29.013657583317286,29.670345306396484,196100,0.0,0.0
2000-06-12 00:00:00-04:00,29.730044078826904,30.207635148366293,26.998820149898528,28.65546417236328,278800,0.0,0.0
2000-06-13 00:00:00-04:00,27.8196837404941,28.05847930908203,27.103297034730303,28.05847930908203,365500,0.0,0.0
2000-06-14 00:00:00-04:00,27.998770148969,28.237565629983663,27.222684835671355,27.819673538208008,438900,0.0,0.0
2000-06-15 00:00:00-04:00,27.70028053378663,29.3121503062268,27.521183892404387,28.774860382080078,313100,0.0,0.0
2000-06-16 00:00:00-04:00,27.939076055629616,29.55094582806979,27.87937717516887,28.774860382080078,400200,0.0,0.0
2000-06-19 00:00:00-04:00,28.23757074118148,29.252451719194344,28.058474098002737,29.192752838134766,208100,0.0,0.0
2000-06-20 00:00:00-04:00,28.35696775086072,29.43154758141965,27.998774474007742,29.252450942993164,432600,0.0,0.0
2000-06-21 00:00:00-04:00,28.95396026950054,28.95396026950054,28.11817584935001,28.237573623657227,307800,0.0,0.0
2000-06-22 00:00:00-04:00,28.177866759729998,28.29726450023733,27.759974667954342,27.819673538208008,379300,0.0,0.0
2000-06-23 00:00:00-04:00,27.700278872535343,27.879375503176735,27.222687857491632,27.580881118774414,374700,0.0,0.0
2000-06-26 00:00:00-04:00,27.431639384175398,27.700284383585167,26.92419882973472,27.162994384765625,239000,0.0,0.0
2000-06-27 00:00:00-04:00,27.252540373906296,27.81967976832494,26.625702095864643,27.34208869934082,378600,0.0,0.0
2000-06-28 00:00:00-04:00,27.700281143188477,27.879377788510816,27.3420878525438,27.700281143188477,323600,0.0,0.0
2000-06-29 00:00:00-04:00,27.64058700440422,28.177877032567586,26.20781359596858,26.327211380004883,677900,0.0,0.0
2000-06-30 00:00:00-04:00,27.10329313015719,27.640583082076606,25.849616575678557,26.02871322631836,1119600,0.0,0.0
2000-07-03 00:00:00-04:00,26.715250004915248,27.75998045203484,26.625701680876425,27.52118492126465,240600,0.0,0.0
2000-07-05 00:00:00-04:00,26.864490112586605,26.924188979503462,25.073524105080832,25.849609375,1223600,0.0,0.0
2000-07-06 00:00:00-04:00,25.730218510878714,27.22269058227539,25.730218510878714,27.22269058227539,380000,0.0,0.0
2000-07-07 00:00:00-04:00,27.103299964288745,29.610653705478455,27.103299964288745,28.83456802368164,1068500,0.0,0.0
2000-07-10 00:00:00-04:00,29.01365915665415,29.01365915665415,28.11817584935001,28.237573623657227,675000,0.0,0.0
2000-07-11 00:00:00-04:00,28.17787334483157,28.237572229036722,27.580884502780055,27.759981155395508,370700,0.0,0.0
2000-07-12 00:00:00-04:00,27.75997765993668,28.416665303505074,27.700278783248642,28.17786979675293,394100,0.0,0.0
2000-07-13 00:00:00-04:00,28.177875077097042,28.416670628597863,27.939079525596217,28.356971740722656,463700,0.0,0.0
2000-07-14 00:00:00-04:00,28.356963370490995,28.356963370490995,27.819673538208008,27.819673538208008,335100,0.0,0.0
2000-07-17 00:00:00-04:00,27.93907595095427,28.29726923237676,27.222689388109288,27.461484909057617,312100,0.0,0.0
2000-07-18 00:00:00-04:00,27.34208777587338,27.34208777587338,26.267507906952595,26.386905670166016,208300,0.0,0.0
2000-07-19 00:00:00-04:00,26.68539675437181,26.924192251055224,24.95412940341704,25.01382827758789,927900,0.0,0.0
2000-07-20 00:00:00-04:00,25.849616654787706,25.90931553851701,25.192928933765387,25.7302188873291,598800,0.0,0.0
2000-07-21 00:00:00-04:00,25.670521315805154,26.745101277862116,25.07353244799573,25.192930221557617,291900,0.0,0.0
2000-07-24 00:00:00-04:00,25.312325654871323,25.789916704963236,25.08845485014074,25.372024536132812,192300,0.0,0.0
2000-07-25 00:00:00-04:00,25.73022040117134,25.78991928841304,24.357145994612313,24.5959415435791,237000,0.0,0.0
2000-07-26 00:00:00-04:00,24.715339518305083,25.07353284465733,22.864673998818468,23.998952865600586,730800,0.0,0.0
2000-07-27 00:00:00-04:00,24.148197739212602,24.297444944028502,18.864846688729745,19.342437744140625,8485700,0.0,0.0
2000-07-28 00:00:00-04:00,21.014007284914378,21.133405053578663,19.16334187061794,19.282739639282227,3263700,0.0,0.0
2000-07-31 00:00:00-04:00,19.939428569983875,20.536417449324713,19.879729682049792,20.35732078552246,1191400,0.0,0.0
2000-08-01 00:00:00-04:00,20.41701862847627,20.596115283112027,19.939427549447586,19.999126434326172,2103400,0.0,0.0
2000-08-02 00:00:00-04:00,20.058826578074488,21.13340657332848,19.879729912198822,20.77521324157715,1409600,0.0,0.0
2000-08-03 00:00:00-04:00,20.536416824254612,21.491599002126918,19.93942796308442,21.133405685424805,666000,0.0,0.0
2000-08-04 00:00:00-04:00,21.610998375952082,22.207987281365124,21.491600594869475,22.02889060974121,821100,0.0,0.0
2000-08-07 00:00:00-04:00,22.148284082387423,22.685573992741833,22.088585203459154,22.50647735595703,1003300,0.0,0.0
2000-08-08 00:00:00-04:00,22.566171651098188,23.043762585512965,22.3273761838908,22.864665985107422,608400,0.0,0.0
2000-08-09 00:00:00-04:00,22.984071935017905,23.163168599446614,22.387083053588867,22.387083053588867,509500,0.0,0.0
2000-08-10 00:00:00-04:00,22.446778833394315,23.0437676321548,21.73039227488173,22.62587547302246,491800,0.0,0.0
2000-08-11 00:00:00-04:00,22.984071294057,23.5810601588377,22.56617908871051,23.16316795349121,725800,0.0,0.0
2000-08-14 00:00:00-04:00,23.282563609461633,24.178046825210156,23.163165847361828,24.05864906311035,334300,0.0,0.0
2000-08-15 00:00:00-04:00,24.35714274241512,24.35714274241512,23.58105731189699,23.819852828979492,435400,0.0,0.0
2000-08-16 00:00:00-04:00,24.058651061513316,24.118349947522034,23.40196331541742,23.760156631469727,473600,0.0,0.0
2000-08-17 00:00:00-04:00,23.342258827073582,23.879548672198037,22.86466785362962,23.46165657043457,388700,0.0,0.0
2000-08-18 00:00:00-04:00,23.521361427307127,24.11835029602051,23.22286699295044,23.879554748535156,393300,0.0,0.0
2000-08-21 00:00:00-04:00,24.028798079785005,24.595937413345148,23.93924976395972,24.17804527282715,145200,0.0,0.0
2000-08-22 00:00:00-04:00,24.118347878549613,24.595938925649605,23.998950116774616,24.35714340209961,551200,0.0,0.0
2000-08-23 00:00:00-04:00,24.17805322558054,24.834741090966677,23.998956535020685,24.29745101928711,263600,0.0,0.0
2000-08-24 00:00:00-04:00,24.23774822012892,24.5959415435791,24.178049332887223,24.5959415435791,384800,0.0,0.0
2000-08-25 00:00:00-04:00,24.655640085732063,24.715338972138195,23.998952335264626,24.476543426513672,582500,0.0,0.0
2000-08-28 00:00:00-04:00,24.476541382925852,25.252626841408865,24.41684250150408,25.073530197143555,406700,0.0,0.0
2000-08-29 00:00:00-04:00,25.491419270954726,25.551118145125578,24.237742913366787,25.01382827758789,263300,0.0,0.0
2000-08-30 00:00:00-04:00,25.07353244799573,25.312327995119503,24.77503801409102,25.192930221557617,416300,0.0,0.0
2000-08-31 00:00:00-04:00,25.133228853637096,25.372024377187092,24.118347878549613,24.35714340209961,1075000,0.0,0.0
2000-09-01 00:00:00-04:00,24.715333845231918,25.789913577633303,24.595936097187316,25.610816955566406,312400,0.0,0.0
2000-09-05 00:00:00-04:00,25.43172551350421,25.551123285868083,24.595941106957127,24.77503776550293,568400,0.0,0.0
2000-09-06 00:00:00-04:00,24.715338879320996,25.551123285868083,24.595941106957127,24.77503776550293,680800,0.0,0.0
2000-09-07 00:00:00-04:00,24.894438907860568,25.073535590650934,24.595944436543295,24.954137802124023,412400,0.0,0.0
2000-09-08 00:00:00-04:00,25.61082413461473,26.38690971445154,25.551125243858053,25.789920806884766,1549800,0.0,0.0
2000-09-11 00:00:00-04:00,25.789919943337914,27.342091051038807,25.073533278245193,27.162994384765625,1244600,0.0,0.0
2000-09-12 00:00:00-04:00,27.282388823677763,27.40178658658226,26.38690560189403,26.685400009155273,470900,0.0,0.0
2000-09-13 00:00:00-04:00,26.74510136609637,27.103294687963732,26.386908044229006,26.715251922607422,207300,0.0,0.0
2000-09-14 00:00:00-04:00,26.745099786548323,28.058475222494895,26.745099786548323,27.640583038330078,745800,0.0,0.0
2000-09-15 00:00:00-04:00,27.461487997525907,28.536067962646484,27.401789110574764,28.536067962646484,732900,0.0,0.0
2000-09-18 00:00:00-04:00,28.53606700693004,28.595765891881776,27.879379272460938,27.879379272460938,533100,0.0,0.0
2000-09-19 00:00:00-04:00,28.35697077919917,29.13305629526146,28.058476349944442,29.01365852355957,826600,0.0,0.0
2000-09-20 00:00:00-04:00,29.01365852355957,29.192755181112407,26.68540197537269,29.01365852355957,529200,0.0,0.0
2000-09-21 00:00:00-04:00,29.073356358210244,29.730044078826904,28.536066404978435,28.65546417236328,557700,0.0,0.0
2000-09-22 00:00:00-04:00,28.416670431550017,29.610648180774806,27.386864622843635,28.953960418701172,410500,0.0,0.0
2000-09-25 00:00:00-04:00,29.550947538563904,30.565828565140844,29.49124865464761,29.670345306396484,871400,0.0,0.0
2000-09-26 00:00:00-04:00,29.610646311442057,29.67034519513448,28.65546417236328,28.65546417236328,282500,0.0,0.0
2000-09-27 00:00:00-04:00,28.65546417236328,29.49124854405721,28.416668637593588,28.65546417236328,118000,0.0,0.0
2000-09-28 00:00:00-04:00,28.71516100378046,30.50612738655263,28.71516100378046,30.35688018798828,730100,0.0,0.0
2000-09-29 00:00:00-04:00,30.147941131291425,30.685231171255037,29.491253304669236,30.327037811279297,1680200,0.0,0.0
2000-10-02 00:00:00-04:00,30.56583491530374,32.95379076806184,30.56583491530374,31.93890953063965,2146400,0.0,0.0
2000-10-03 00:00:00-04:00,31.729951318225933,31.879198502225115,31.162812019029044,31.401607513427734,1530600,0.0,0.0
2000-10-04 00:00:00-04:00,31.461305989660254,31.7299509174657,30.924016134049356,31.580703735351562,957300,0.0,0.0
2000-10-05 00:00:00-04:00,31.4613107751917,33.07318058720342,31.401611893265336,32.237396240234375,1267600,0.0,0.0
2000-10-06 00:00:00-04:00,32.35679371674557,32.65528812372662,31.162816088821383,31.819503784179688,1186800,0.0,0.0
2000-10-09 00:00:00-04:00,31.849356219065275,33.31197895077493,31.819506775560995,33.19258117675781,1056700,0.0,0.0
2000-10-10 00:00:00-04:00,32.95378658988259,33.19258214488174,31.521013259887695,31.521013259887695,790800,0.0,0.0
2000-10-11 00:00:00-04:00,30.98372326113961,31.64041103738727,29.118132987708755,31.521013259887695,782700,0.0,0.0
2000-10-12 00:00:00-04:00,31.521015677865094,31.580714571194385,29.550952197998527,30.327037811279297,462300,0.0,0.0
2000-10-13 00:00:00-04:00,29.6106488198945,31.81950770363663,29.43155215364514,31.521013259887695,625000,0.0,0.0
2000-10-16 00:00:00-04:00,31.550861784022487,33.43137672479204,31.550861784022487,33.19258117675781,1218500,0.0,0.0
2000-10-17 00:00:00-04:00,33.19258477137639,33.25228366485009,30.924026819375843,31.043424606323242,1212600,0.0,0.0
2000-10-18 00:00:00-04:00,30.80462012571447,32.89408079315634,28.297267324784222,32.47618865966797,1069100,0.0,0.0
2000-10-19 00:00:00-04:00,32.476181085359315,33.55076060656606,32.416482223070055,33.07316970825195,993900,0.0,0.0
2000-10-20 00:00:00-04:00,32.89408623952267,32.89408623952267,31.043420770511418,32.35679626464844,729000,0.0,0.0
2000-10-23 00:00:00-04:00,32.47619498286266,32.59559275853495,30.162863079212055,30.68522834777832,682900,0.0,0.0
2000-10-24 00:00:00-04:00,33.90896824082557,39.341567025887414,33.84926935307764,37.66999816894531,4860400,0.0,0.0
2000-10-25 00:00:00-04:00,36.44617145515281,40.59524420885161,36.29692423379673,39.52066421508789,3530600,0.0,0.0
2000-10-26 00:00:00-04:00,39.46095348216869,41.07282298900463,38.804265905309606,40.29673767089844,1916200,0.0,0.0
2000-10-27 00:00:00-04:00,39.043068062444654,39.64005687073891,37.66999380336785,38.44607925415039,1336000,0.0,0.0
2000-10-30 00:00:00-05:00,37.968483710289,38.62517132163048,37.789387089014056,38.207279205322266,1093500,0.0,0.0
2000-10-31 00:00:00-05:00,38.08788596917383,38.56547701580924,37.789391565026705,38.44607925415039,1378900,0.0,0.0
2000-11-01 00:00:00-05:00,38.0878891386035,40.237049027302135,37.78939470961758,39.22216796875,2186500,0.0,0.0
2000-11-02 00:00:00-05:00,39.16246805857053,40.296746859047424,39.16246805857053,40.17734909057617,836700,0.0,0.0
2000-11-03 00:00:00-05:00,40.11765331432132,40.47584664748491,38.804277759388185,38.923675537109375,728300,0.0,0.0
2000-11-06 00:00:00-05:00,39.04307823291086,43.222000979552696,38.68488485462727,41.431034088134766,1389800,0.0,0.0
2000-11-07 00:00:00-05:00,41.371321088145216,43.69957725327893,39.87884918741848,42.19218063354492,2450700,0.0,0.0
2000-11-08 00:00:00-05:00,41.99815847258085,42.386201159250035,39.99824616436271,41.84891128540039,1324600,0.0,0.0
2000-11-09 00:00:00-05:00,41.550431880895964,42.02802305194074,40.11765836776162,41.431034088134766,942800,0.0,0.0
2000-11-10 00:00:00-05:00,41.431033622927785,43.207075770308336,41.31163583150724,41.610130310058594,1399100,0.0,0.0
2000-11-13 00:00:00-05:00,41.61012055891273,41.78921720407305,38.68487535462762,40.893733978271484,1067200,0.0,0.0
2000-11-14 00:00:00-05:00,41.49072499061698,41.848918299888496,39.87885509889517,39.998252868652344,2229200,0.0,0.0
2000-11-15 00:00:00-05:00,38.29683673344436,38.625180618142636,35.102946218652036,38.087890625,4465000,0.0,0.0
2000-11-16 00:00:00-05:00,37.31180244768169,39.28186561691929,37.2521035637654,38.147586822509766,1279200,0.0,0.0
2000-11-17 00:00:00-05:00,38.20727960655416,39.02813912935122,37.66998973708699,38.02818298339844,684400,0.0,0.0
2000-11-20 00:00:00-05:00,36.89390845510869,36.953607336104014,33.07318007140812,36.237220764160156,1638400,0.0,0.0
2000-11-21 00:00:00-05:00,36.595416059525704,36.595416059525704,35.461137258333224,35.93872833251953,589500,0.0,0.0
2000-11-22 00:00:00-05:00,35.34174232615827,35.40144121522272,33.908968988611306,34.26716232299805,722200,0.0,0.0
2000-11-24 00:00:00-05:00,34.20746518461496,36.05813084032712,34.20746518461496,35.58053970336914,305900,0.0,0.0
2000-11-27 00:00:00-05:00,36.23722407869777,36.65511628388869,35.102945236036724,36.31184768676758,783300,0.0,0.0
2000-11-28 00:00:00-05:00,36.237222165983866,37.192404298859884,36.17752328267912,36.714813232421875,724900,0.0,0.0
2000-11-29 00:00:00-05:00,36.77451438987281,37.13270771185209,33.192581170080004,34.102989196777344,655600,0.0,0.0
2000-11-30 00:00:00-05:00,32.71498971515232,34.983547396130035,32.29709751076169,34.386558532714844,701200,0.0,0.0
2000-12-01 00:00:00-05:00,34.50595254137255,34.98354358000746,30.924019751610693,32.177696228027344,2686600,0.0,0.0
2000-12-04 00:00:00-05:00,32.058294718116805,32.23739133665377,31.356832962180356,31.580703735351562,688600,0.0,0.0
2000-12-05 00:00:00-05:00,31.6404063033425,35.9984245300293,31.6404063033425,35.9984245300293,1324600,0.0,0.0
2000-12-06 00:00:00-05:00,36.05811726298309,37.4311912647192,35.81932178442029,37.072998046875,725200,0.0,0.0
2000-12-07 00:00:00-05:00,37.013313081875125,37.07301197394266,36.05813080879448,36.595420837402344,539100,0.0,0.0
2000-12-08 00:00:00-05:00,36.8342115344607,38.80427471215471,36.535717113597975,37.55059814453125,954300,0.0,0.0
2000-12-11 00:00:00-05:00,37.46104981827243,38.087888102084165,37.19240483949598,37.55059814453125,947900,0.0,0.0
2000-12-12 00:00:00-05:00,37.49089892430289,37.55059780794031,34.50595474243164,34.50595474243164,446800,0.0,0.0
2000-12-13 00:00:00-05:00,35.4014389737555,36.53571779416251,35.16264343261719,35.16264343261719,642700,0.0,0.0
2000-12-14 00:00:00-05:00,35.490988124806975,35.819332001487275,33.43137653472145,33.78956985473633,373400,0.0,0.0
2000-12-15 00:00:00-05:00,33.49107282875228,34.86414711584908,32.476191833941606,34.759674072265625,843800,0.0,0.0
2000-12-18 00:00:00-05:00,35.043246212926874,35.10294509914992,33.19258074001251,33.37167739868164,645700,0.0,0.0
2000-12-19 00:00:00-05:00,33.43137465687165,34.50595455655681,33.31197689023996,33.386600494384766,338300,0.0,0.0
2000-12-20 00:00:00-05:00,33.132878305297176,33.19257718512654,30.327030953317053,32.177696228027344,586300,0.0,0.0
2000-12-21 00:00:00-05:00,32.07322155974954,33.491069883703105,32.07322155974954,32.894081115722656,820100,0.0,0.0
2000-12-22 00:00:00-05:00,33.0731860607654,34.207465005087684,32.95378827715253,34.14776611328125,861400,0.0,0.0
2000-12-26 00:00:00-05:00,34.3865587813572,34.86414987554272,34.088064347491255,34.80445098876953,443300,0.0,0.0
2000-12-27 00:00:00-05:00,34.80445067815805,35.99842840296622,34.565655133196415,35.1924934387207,571500,0.0,0.0
2000-12-28 00:00:00-05:00,34.864147691121765,38.14758625792262,34.6253521589908,38.11773681640625,607100,0.0,0.0
2000-12-29 00:00:00-05:00,38.2072906739065,39.162472940754164,36.774517273635006,37.19240951538086,1000900,0.0,0.0
2001-01-02 00:00:00-05:00,36.893908428323684,37.01330619022764,33.96866326167666,34.62535095214844,872000,0.0,0.0
2001-01-03 00:00:00-05:00,34.68504777796128,36.41631522298861,32.297092681371865,35.52083206176758,850600,0.0,0.0
2001-01-04 00:00:00-05:00,35.10294283727172,37.729693661829465,35.04324395489541,37.49089813232422,794800,0.0,0.0
2001-01-05 00:00:00-05:00,36.655113502785014,36.77451126663773,34.92384592692058,35.46113586425781,609900,0.0,0.0
2001-01-08 00:00:00-05:00,33.01347772771662,34.62534734552557,30.088232865767047,32.834381103515625,1896400,0.0,0.0
2001-01-09 00:00:00-05:00,33.07318519143497,33.43137853285845,30.804627362419577,31.461315155029297,1665700,0.0,0.0
2001-01-10 00:00:00-05:00,31.162819450467477,31.162819450467477,28.894261712693982,30.68522834777832,1277000,0.0,0.0
2001-01-11 00:00:00-05:00,30.44642971289204,31.043418530791882,29.371849840672322,30.924020767211914,1021200,0.0,0.0
2001-01-12 00:00:00-05:00,31.162815962109057,31.162815962109057,26.506303232138738,27.28238868713379,1519800,0.0,0.0
2001-01-16 00:00:00-05:00,27.998774474007742,29.371848701944156,27.939075594532245,29.252450942993164,1541300,0.0,0.0
2001-01-17 00:00:00-05:00,29.730045318603516,30.625528611332538,29.49124977387578,29.730045318603516,1092900,0.0,0.0
2001-01-18 00:00:00-05:00,29.70019214090077,30.625524760366023,29.491246065537652,29.834514617919922,1117800,0.0,0.0
2001-01-19 00:00:00-05:00,30.088233177260598,30.32702867866743,28.655460168819616,30.147932052612305,813300,0.0,0.0
2001-01-22 00:00:00-05:00,30.924027931667332,32.95379038278063,30.804630140425374,31.103124618530273,1432800,0.0,0.0
2001-01-23 00:00:00-05:00,26.864492780544808,33.431368793566875,26.625697289162186,31.580703735351562,5645000,0.0,0.0
2001-01-24 00:00:00-05:00,31.580710583812785,32.35679609910497,30.446431753770362,31.640409469604492,965000,0.0,0.0
2001-01-25 00:00:00-05:00,31.87919618904246,31.93889505831033,30.625519934417195,30.983713150024414,1007800,0.0,0.0
2001-01-26 00:00:00-05:00,30.924027931667332,31.28222130539321,30.147942288594603,31.103124618530273,595500,0.0,0.0
2001-01-29 00:00:00-05:00,30.92401066583847,33.07316970825195,30.80461294125994,33.07316970825195,1530800,0.0,0.0
2001-01-30 00:00:00-05:00,33.28212863609884,33.789569162389135,33.07318253703813,33.55077362060547,1181300,0.0,0.0
2001-01-31 00:00:00-05:00,33.640314744904174,33.78956192655859,32.65528334598507,32.774681091308594,735900,0.0,0.0
2001-02-01 00:00:00-05:00,32.65528869628906,33.07318087338965,32.29709540163142,32.65528869628906,694700,0.0,0.0
2001-02-02 00:00:00-05:00,32.65528344657336,32.71498231941901,31.103112752586323,31.580703735351562,703500,0.0,0.0
2001-02-05 00:00:00-05:00,31.58071293550379,32.11800294763901,31.103121813605814,31.461315155029297,341200,0.0,0.0
2001-02-06 00:00:00-05:00,31.521005260627078,32.05829512302413,31.28220976622839,31.401607513427734,426700,0.0,0.0
2001-02-07 00:00:00-05:00,30.819555505116778,31.74488840648106,30.804630780901228,31.341920852661133,308300,0.0,0.0
2001-02-08 00:00:00-05:00,31.282220180218037,31.99860690190242,30.924026819375843,31.043424606323242,577200,0.0,0.0
2001-02-09 00:00:00-05:00,30.92402304224221,31.103119700788017,29.49124977387578,29.730045318603516,1204400,0.0,0.0
2001-02-12 00:00:00-05:00,29.849439737748124,29.968837496699116,29.073354304566674,29.252450942993164,339300,0.0,0.0
2001-02-13 00:00:00-05:00,29.312150600253926,31.700105842637136,29.073355076015602,29.192752838134766,445500,0.0,0.0
2001-02-14 00:00:00-05:00,29.37184742518834,30.59567440123785,28.65546090262277,30.088233947753906,800000,0.0,0.0
2001-02-15 00:00:00-05:00,30.207629659901496,32.23739133665377,30.02853304136453,31.580703735351562,682500,0.0,0.0
2001-02-16 00:00:00-05:00,31.580708462934627,31.580708462934627,28.655463255592856,29.312150955200195,856000,0.0,0.0
2001-02-20 00:00:00-05:00,29.730044888554136,29.78974377387252,28.416669411549737,28.595766067504883,560800,0.0,0.0
2001-02-21 00:00:00-05:00,28.536066005104466,28.6554637708162,27.10329281656366,27.22269058227539,1002700,0.0,0.0
2001-02-22 00:00:00-05:00,27.222691533806618,27.282390418749177,26.08841271989801,26.566003799438477,1151800,0.0,0.0
2001-02-23 00:00:00-05:00,26.267502825299964,27.75997457673746,25.073525424149963,27.715200424194336,1079800,0.0,0.0
2001-02-26 00:00:00-05:00,27.342087148583452,28.058473711428434,26.506302825264306,27.461484909057617,314400,0.0,0.0
2001-02-27 00:00:00-05:00,27.31223995035345,27.58088493347168,26.26750946044922,26.26750946044922,266700,0.0,0.0
2001-02-28 00:00:00-05:00,26.506302239114394,26.74509775478209,26.14810896561285,26.625699996948242,424100,0.0,0.0
2001-03-01 00:00:00-05:00,26.446607910584067,26.446607910584067,23.700459007904907,25.551124572753906,1807700,0.0,0.0
2001-03-02 00:00:00-05:00,24.89443473525459,24.89443473525459,22.446780480709172,23.521360397338867,3183000,0.0,0.0
2001-03-05 00:00:00-05:00,23.28256256334127,23.99894910375177,23.222863684973728,23.700454711914062,1239700,0.0,0.0
2001-03-06 00:00:00-05:00,23.87955555549035,24.95413555548741,23.819856666601623,24.83473777770996,858600,0.0,0.0
2001-03-07 00:00:00-05:00,24.775035375680766,25.610819701607348,24.357143212717475,25.252626419067383,1017700,0.0,0.0
2001-03-08 00:00:00-05:00,25.252629146575927,25.252629146575927,23.819855861663818,23.879554748535156,664500,0.0,0.0
2001-03-09 00:00:00-05:00,23.93925001244796,23.93925001244796,22.566175822207803,22.68557357788086,776900,0.0,0.0
2001-03-12 00:00:00-05:00,22.625875288610303,22.685574167999775,21.312499942041892,21.610994338989258,1038400,0.0,0.0
2001-03-13 00:00:00-05:00,21.730393932041093,22.327382776327937,21.610996163183724,21.90949058532715,957400,0.0,0.0
2001-03-14 00:00:00-05:00,21.34235001638572,22.267682674438806,21.014006169979787,22.148284912109375,606200,0.0,0.0
2001-03-15 00:00:00-05:00,21.96918535505022,22.387077467782156,20.89460563659668,20.89460563659668,1828900,0.0,0.0
2001-03-16 00:00:00-05:00,21.014008005573963,21.193104664712376,20.596115800917662,20.834911346435547,818400,0.0,0.0
2001-03-19 00:00:00-05:00,20.954306665705055,21.969187615326096,20.536414509978744,21.610994338989258,439200,0.0,0.0
2001-03-20 00:00:00-05:00,21.790094481574165,21.96919114854601,21.193105591668022,21.491600036621094,970300,0.0,0.0
2001-03-21 00:00:00-05:00,21.61099732680128,21.61099732680128,20.65581512451172,20.65581512451172,785200,0.0,0.0
2001-03-22 00:00:00-05:00,20.83491082262637,20.83491082262637,19.282739815783145,19.999126434326172,1660100,0.0,0.0
2001-03-23 00:00:00-05:00,20.178226976642005,21.670699386156944,20.05882918388081,20.715517044067383,1000000,0.0,0.0
2001-03-26 00:00:00-05:00,21.551292835484144,22.088582684568237,20.655809753677325,21.073701858520508,736600,0.0,0.0
2001-03-27 00:00:00-05:00,21.193102183262948,21.730392097768206,20.178221233641903,21.610994338989258,698100,0.0,0.0
2001-03-28 00:00:00-05:00,21.610996797860388,21.730394570224256,19.820030212402344,19.820030212402344,399000,0.0,0.0
2001-03-29 00:00:00-05:00,19.700633219001517,19.8797298846288,19.223042110662085,19.760332107543945,1455500,0.0,0.0
2001-03-30 00:00:00-05:00,19.760329777609087,20.596114118655997,19.22303984407893,19.93942642211914,839900,0.0,0.0
2001-04-02 00:00:00-04:00,13.312849599382151,13.969537247782169,10.32790574301844,10.984593391418457,17869900,0.0,0.0
2001-04-03 00:00:00-04:00,11.462185684923103,12.536765592884644,10.566702428288485,11.402486801147461,7804600,0.0,0.0
2001-04-04 00:00:00-04:00,11.82037841572481,13.611344842349782,11.462185130399817,12.178571701049805,5622000,0.0,0.0
2001-04-05 00:00:00-04:00,13.133754380252384,13.611345448625197,12.118873359960155,13.01435661315918,2727700,0.0,0.0
2001-04-06 00:00:00-04:00,13.014357318245404,13.253152865369174,12.178572903312213,12.596465110778809,1343100,0.0,0.0
2001-04-09 00:00:00-04:00,12.579750333121748,12.942719698234281,12.493783784682886,12.894960403442383,981000,0.0,0.0
2001-04-10 00:00:00-04:00,12.933165519030487,12.980924805927012,12.121260374587449,12.178571701049805,2031100,0.0,0.0
2001-04-11 00:00:00-04:00,12.694369051942944,12.904509352108928,12.665713846307945,12.751680374145508,1169100,0.0,0.0
2001-04-12 00:00:00-04:00,12.656163557889789,13.000028805866497,12.512886598965999,12.961821556091309,695100,0.0,0.0
2001-04-16 00:00:00-04:00,13.0095795089163,13.0095795089163,12.551092558737402,12.847198486328125,719500,0.0,0.0
2001-04-17 00:00:00-04:00,12.856749855784138,13.429859424585693,12.598850276543674,13.37254810333252,1170500,0.0,0.0
2001-04-18 00:00:00-04:00,13.429859700550878,14.709802851559012,13.372548378120035,14.088934898376465,1585800,0.0,0.0
2001-04-19 00:00:00-04:00,14.127143119410409,15.082325212435947,14.088935872126692,15.034565925598145,1678500,0.0,0.0
2001-04-20 00:00:00-04:00,14.977255703038379,15.091877446365798,14.604734354024785,14.996358871459961,915500,0.0,0.0
2001-04-23 00:00:00-04:00,14.99635921766113,15.22560270960821,14.404146407998173,14.547423362731934,561500,0.0,0.0
2001-04-24 00:00:00-04:00,14.566526069085,14.652492598192747,14.24176403064799,14.442352294921875,729400,0.0,0.0
2001-04-25 00:00:00-04:00,14.404145580091647,14.805322123406961,14.394593540743042,14.528319358825684,489600,0.0,0.0
2001-04-26 00:00:00-04:00,14.327731492289715,14.528319769619076,13.343894184880293,13.496723175048828,2544000,0.0,0.0
2001-04-27 00:00:00-04:00,13.716415627845896,14.356387754367708,13.58269070709565,14.050729751586914,1060600,0.0,0.0
2001-04-30 00:00:00-04:00,14.050729433834587,14.518768467741312,14.041177393730528,14.490113258361816,703300,0.0,0.0
2001-05-01 00:00:00-04:00,14.471008686625952,15.4739510011015,14.327731733662388,15.340224266052246,602800,0.0,0.0
2001-05-02 00:00:00-04:00,15.473952120968889,16.113924257595926,15.311571076694403,16.056612014770508,454100,0.0,0.0
2001-05-03 00:00:00-04:00,15.340224228249298,15.817815284861116,15.02501420376011,15.349776268005371,593200,0.0,0.0
2001-05-04 00:00:00-04:00,15.359329782065378,15.712747999502591,14.289525821878998,15.435744285583496,1114700,0.0,0.0
2001-05-07 00:00:00-04:00,15.47395081081375,15.521709187259205,14.709804034629514,14.814874649047852,573900,0.0,0.0
2001-05-08 00:00:00-04:00,14.853080677134397,15.282912406377244,14.805321393677955,15.063220977783203,810400,0.0,0.0
2001-05-09 00:00:00-04:00,14.99635803490965,15.149187017487531,14.82442588497583,14.977254867553711,589500,0.0,0.0
2001-05-10 00:00:00-04:00,15.101431813395513,15.483503439103789,14.614288645978577,14.738462448120117,646800,0.0,0.0
2001-05-11 00:00:00-04:00,14.82442820289991,14.84353137324279,13.649553621498896,13.773727416992188,1018500,0.0,0.0
2001-05-14 00:00:00-04:00,13.76417557656907,14.279973936387963,13.468069599951736,13.917004585266113,478600,0.0,0.0
2001-05-15 00:00:00-04:00,13.515827869088984,14.127144809704326,13.391654983759258,13.945660591125488,881600,0.0,0.0
2001-05-16 00:00:00-04:00,13.477618908586825,17.002240405917384,13.458515740547448,16.39092445373535,3998900,0.0,0.0
2001-05-17 00:00:00-04:00,16.496000837203795,16.81121096305443,15.645887244197134,16.7539005279541,1103500,0.0,0.0
2001-05-18 00:00:00-04:00,16.69658461185655,18.224876513905095,16.68703257112222,17.833251953125,1496900,0.0,0.0
2001-05-21 00:00:00-04:00,17.83325183242046,19.008125506808597,17.4320752336214,18.97947120666504,1271500,0.0,0.0
2001-05-22 00:00:00-04:00,19.055885192323515,19.103643572508616,18.329946517944336,18.329946517944336,858800,0.0,0.0
2001-05-23 00:00:00-04:00,18.7215684996363,18.81708706878109,17.63265972637002,17.680419921875,640600,0.0,0.0
2001-05-24 00:00:00-04:00,17.670871578037715,17.957425523529945,17.3270053859546,17.70907974243164,796300,0.0,0.0
2001-05-25 00:00:00-04:00,17.699526559331876,17.986080486335194,17.51804143390154,17.928770065307617,589600,0.0,0.0
2001-05-29 00:00:00-04:00,17.795042846903083,17.938321628457583,16.648825347524806,16.897172927856445,524100,0.0,0.0
2001-05-30 00:00:00-04:00,16.71568864408144,16.81120722927786,15.913335443416292,15.98019790649414,1118400,0.0,0.0
2001-05-31 00:00:00-04:00,16.07571736924832,16.352721099252747,15.82736976292677,16.190340042114258,690300,0.0,0.0
2001-06-01 00:00:00-04:00,16.209438066527415,16.648822738841492,15.999298680034224,16.276302337646484,545000,0.0,0.0
2001-06-04 00:00:00-04:00,16.419584144382124,16.534204999420155,15.789163976076027,15.88468074798584,374200,0.0,0.0
2001-06-05 00:00:00-04:00,15.865573900848625,17.47983019941095,15.865573900848625,17.011791229248047,638600,0.0,0.0
2001-06-06 00:00:00-04:00,16.954482147026635,17.030896641575243,16.3240621115343,16.362268447875977,375600,0.0,0.0
2001-06-07 00:00:00-04:00,16.343167864568084,16.725240376444464,16.238097240602535,16.41958236694336,240500,0.0,0.0
2001-06-08 00:00:00-04:00,16.41958407010567,16.448238372802734,16.190340539200985,16.448238372802734,206400,0.0,0.0
2001-06-11 00:00:00-04:00,16.41958057219335,16.495995066216107,15.951541568570827,16.39092445373535,731700,0.0,0.0
2001-06-12 00:00:00-04:00,16.30496117951796,17.097762396681045,16.2476507530111,16.858966827392578,566500,0.0,0.0
2001-06-13 00:00:00-04:00,16.56285483881803,16.906720917172645,16.476888319229378,16.543750762939453,670200,0.0,0.0
2001-06-14 00:00:00-04:00,16.5246494624844,16.5246494624844,15.96109188246778,15.989748001098633,315500,0.0,0.0
2001-06-15 00:00:00-04:00,16.142579107807034,16.19033931179077,15.512158990145688,15.579021453857422,541200,0.0,0.0
2001-06-18 00:00:00-04:00,15.569468606256123,15.579020646557888,14.652494599671627,14.805323600769043,559300,0.0,0.0
2001-06-19 00:00:00-04:00,14.948600252164482,15.368880907416274,14.394594679186586,14.490113258361816,657500,0.0,0.0
2001-06-20 00:00:00-04:00,14.499666262787857,15.2160529214484,14.279973880446931,14.862635612487793,608500,0.0,0.0
2001-06-21 00:00:00-04:00,14.872185393023827,15.282913998224563,14.39459433057931,14.556975364685059,1010400,0.0,0.0
2001-06-22 00:00:00-04:00,14.318181378304947,14.518769682611174,11.414427441782712,11.662775039672852,3123500,0.0,0.0
2001-06-25 00:00:00-04:00,10.038965276272094,11.328460717136341,9.790617682292522,10.583418846130371,5640400,0.0,0.0
2001-06-26 00:00:00-04:00,10.640729201313647,10.669384410004865,9.838376070498224,10.401933670043945,2214700,0.0,0.0
2001-06-27 00:00:00-04:00,10.315966876583195,11.624566246097523,10.220448302076838,10.831765174865723,1507100,0.0,0.0
2001-06-28 00:00:00-04:00,10.717142932621195,11.366666111827035,10.564313949278645,11.318907737731934,831600,0.0,0.0
2001-06-29 00:00:00-04:00,11.452634226868087,14.318180793713443,11.36666768411349,12.503334999084473,1618600,0.0,0.0
2001-07-02 00:00:00-04:00,12.121260896378395,12.121260896378395,11.700981157648734,11.882465362548828,1490300,0.0,0.0
2001-07-03 00:00:00-04:00,11.87291530056473,11.920673682876718,11.414427360721065,11.49084186553955,1285100,0.0,0.0
2001-07-05 00:00:00-04:00,11.500393212552247,11.710533543591616,11.137423881096135,11.252045631408691,1223300,0.0,0.0
2001-07-06 00:00:00-04:00,11.328459740840204,11.39532310941559,10.535658645326619,10.955939292907715,952100,0.0,0.0
2001-07-09 00:00:00-04:00,11.02280270050471,11.07056199333659,10.268208788745817,10.583418846130371,1584600,0.0,0.0
2001-07-10 00:00:00-04:00,10.602522069026445,10.984594558875122,10.315967246173605,10.37327766418457,758800,0.0,0.0
2001-07-11 00:00:00-04:00,10.411482436303464,10.421034474010442,9.867029040060054,9.895684242248535,1365800,0.0,0.0
2001-07-12 00:00:00-04:00,10.134482112927047,10.440141015214806,9.943445868330116,10.191793441772461,995100,0.0,0.0
2001-07-13 00:00:00-04:00,10.210896433226894,10.268207761075823,10.01986019195155,10.03896427154541,548500,0.0,0.0
2001-07-16 00:00:00-04:00,10.124929338080179,10.153584542378622,9.790615281179104,9.94344425201416,716900,0.0,0.0
2001-07-17 00:00:00-04:00,9.83837493834408,9.981651876245197,9.7810636166241,9.867030143737793,685400,0.0,0.0
2001-07-18 00:00:00-04:00,9.98165301784391,9.98165301784391,9.542269204180384,9.647339820861816,606900,0.0,0.0
2001-07-19 00:00:00-04:00,9.6473398981395,11.385771086983116,9.6473398981395,10.382829666137695,1523000,0.0,0.0
2001-07-20 00:00:00-04:00,10.382829666137695,10.975042478700546,10.105826884278738,10.382829666137695,585500,0.0,0.0
2001-07-23 00:00:00-04:00,10.554760414980747,10.640726933666727,9.914788454687855,10.067617416381836,798000,0.0,0.0
2001-07-24 00:00:00-04:00,11.032351328301695,12.646608367918658,10.917729607524082,11.85380744934082,3735800,0.0,0.0
2001-07-25 00:00:00-04:00,11.844256372020281,12.245432882740463,11.653220155232702,12.044844627380371,1464700,0.0,0.0
2001-07-26 00:00:00-04:00,11.500390823431129,11.557702142147754,10.382827851383267,10.564312934875488,3385800,0.0,0.0
2001-07-27 00:00:00-04:00,10.56431551713249,10.879525569790086,10.315967926877192,10.61207389831543,1184500,0.0,0.0
2001-07-30 00:00:00-04:00,10.650282520006092,10.898630142211914,10.268209955791637,10.898630142211914,580500,0.0,0.0
2001-07-31 00:00:00-04:00,10.803108318648766,11.423976225415908,10.803108318648766,11.16607666015625,617000,0.0,0.0
2001-08-01 00:00:00-04:00,11.166079015043094,11.51949721477043,11.146975845587198,11.271149635314941,609600,0.0,0.0
2001-08-02 00:00:00-04:00,11.2902513128038,11.452632330917949,10.631176112347758,10.994145393371582,521900,0.0,0.0
2001-08-03 00:00:00-04:00,10.975040598204709,10.975040598204709,10.392379925421057,10.554760932922363,474900,0.0,0.0
2001-08-06 00:00:00-04:00,10.592971567511208,10.65983403521229,10.392383253475158,10.44969367980957,375600,0.0,0.0
2001-08-07 00:00:00-04:00,10.449692923766625,10.507004256887322,10.201346242730894,10.41148567199707,216800,0.0,0.0
2001-08-08 00:00:00-04:00,10.33507098452543,10.94638791289146,10.23000127176226,10.640729904174805,1747200,0.0,0.0
2001-08-09 00:00:00-04:00,11.17562884800441,11.462183620708629,10.2873102368336,10.554760932922363,1921400,0.0,0.0
2001-08-10 00:00:00-04:00,10.889075997359347,11.700981178177376,10.803110370213325,11.691429138183594,2736000,0.0,0.0
2001-08-13 00:00:00-04:00,11.739189737416323,12.751683316443573,11.672327271862756,12.551095008850098,1787300,0.0,0.0
2001-08-14 00:00:00-04:00,12.589300998103356,12.67526753714503,12.226331672667772,12.235883712768555,653200,0.0,0.0
2001-08-15 00:00:00-04:00,12.321850687805163,13.124203925324158,12.235885050299085,12.894960403442383,675700,0.0,0.0
2001-08-16 00:00:00-04:00,12.894960408186924,12.961822874360514,12.369609987148309,12.713476181030273,302800,0.0,0.0
2001-08-17 00:00:00-04:00,12.598850400301854,12.961819675983937,12.25498520220267,12.379158973693848,407000,0.0,0.0
2001-08-20 00:00:00-04:00,12.379161353270247,12.417368604847855,12.178573054754628,12.283642768859863,253500,0.0,0.0
2001-08-21 00:00:00-04:00,12.398262911417236,12.961820482105766,12.188123510531685,12.226330757141113,385900,0.0,0.0
2001-08-22 00:00:00-04:00,12.283642563877862,12.656163943742671,11.700981759309261,12.140365600585938,467100,0.0,0.0
2001-08-23 00:00:00-04:00,12.32184865080675,12.340952729938412,11.987535464396334,12.178571701049805,578500,0.0,0.0
2001-08-24 00:00:00-04:00,12.216781865150038,12.84720205208629,12.111712137638278,12.531991958618164,488700,0.0,0.0
2001-08-27 00:00:00-04:00,12.598853025246058,12.608405066027656,12.24543571472168,12.24543571472168,339500,0.0,0.0
2001-08-28 00:00:00-04:00,12.264538247849211,12.541541019013854,11.98753547668457,11.98753547668457,296100,0.0,0.0
2001-08-29 00:00:00-04:00,11.997085492536009,12.312295457899427,11.729633895129338,12.006636619567871,523400,0.0,0.0
2001-08-30 00:00:00-04:00,11.997088637294013,12.140365600585938,11.844258722601186,12.140365600585938,325700,0.0,0.0
2001-08-31 00:00:00-04:00,12.140365442671884,12.26453923434498,11.844258568538699,12.169020652770996,405000,0.0,0.0
2001-09-04 00:00:00-04:00,12.178573068582786,12.942719011935312,12.159468987305925,12.656164169311523,1074800,0.0,0.0
2001-09-05 00:00:00-04:00,12.65616277408096,12.694370021489936,12.188123765587834,12.360055923461914,315200,0.0,0.0
2001-09-06 00:00:00-04:00,12.398264012296575,12.407816052530242,11.949329052506652,12.388712882995605,642600,0.0,0.0
2001-09-07 00:00:00-04:00,12.264539464596892,12.312298756280507,11.939777374267578,11.939777374267578,358900,0.0,0.0
2001-09-10 00:00:00-04:00,11.949331180548942,12.00664161029189,11.433532758198124,11.78695011138916,565400,0.0,0.0
2001-09-17 00:00:00-04:00,11.156525233483906,11.45263112165072,10.277757785041956,10.841315269470215,453900,0.0,0.0
2001-09-18 00:00:00-04:00,10.908179595744457,10.936834803527987,9.475406453511114,9.5136137008667,1372000,0.0,0.0
2001-09-19 00:00:00-04:00,9.56137298190851,9.781064426334721,8.052185345893031,8.94050407409668,2565000,0.0,0.0
2001-09-20 00:00:00-04:00,8.816330394927943,8.883193761735086,7.354902028837547,7.4981794357299805,1144000,0.0,0.0
2001-09-21 00:00:00-04:00,7.068347219915708,8.185909829313518,6.743585179058436,7.5936970710754395,1763000,0.0,0.0
2001-09-24 00:00:00-04:00,8.004426781665277,8.453362661548164,7.784734406471761,8.415155410766602,1142800,0.0,0.0
2001-09-25 00:00:00-04:00,8.491569864898468,9.06467862342069,8.26232545055687,8.97871208190918,1197500,0.0,0.0
2001-09-26 00:00:00-04:00,9.303474355316146,9.695098909291284,9.074230847272075,9.50406265258789,2046900,0.0,0.0
2001-09-27 00:00:00-04:00,9.484959997333656,9.599581757578642,8.58708817568209,9.5900297164917,1009400,0.0,0.0
2001-09-28 00:00:00-04:00,9.628236252500406,9.93389425704559,8.606191616602912,8.97871208190918,764700,0.0,0.0
2001-10-01 00:00:00-04:00,9.351232869052339,9.446751444921718,8.644398322603413,8.902297019958496,445600,0.0,0.0
2001-10-02 00:00:00-04:00,9.64734046491296,11.10876895775536,9.64734046491296,10.640729904174805,2148700,0.0,0.0
2001-10-03 00:00:00-04:00,10.583418780813238,13.01913359087921,10.583418780813238,12.455575942993164,1854800,0.0,0.0
2001-10-04 00:00:00-04:00,12.465125995992183,12.875853660078054,12.417366711070777,12.665714263916016,2108200,0.0,0.0
2001-10-05 00:00:00-04:00,12.512886020297705,12.684818180868577,11.949328428976303,12.32184886932373,1590600,0.0,0.0
2001-10-08 00:00:00-04:00,11.892016666109154,12.474678315568706,11.6914283936765,12.226330757141113,738800,0.0,0.0
2001-10-09 00:00:00-04:00,12.149917037625737,12.188124286668193,11.47173768392264,11.691429138183594,350300,0.0,0.0
2001-10-10 00:00:00-04:00,11.710533867305493,12.092606378908968,11.452634238773607,11.939777374267578,811900,0.0,0.0
2001-10-11 00:00:00-04:00,12.426918379067931,13.343893160626399,12.293192567468704,13.124200820922852,1590900,0.0,0.0
2001-10-12 00:00:00-04:00,13.659102708635169,13.850138925419971,12.675265508994032,12.828094482421875,1889700,0.0,0.0
2001-10-15 00:00:00-04:00,12.961822513880213,13.448965667709906,12.656164493092684,13.152859687805176,495200,0.0,0.0
2001-10-16 00:00:00-04:00,13.181513936803682,13.267480476604764,12.36960873971868,12.589301109313965,714100,0.0,0.0
2001-10-17 00:00:00-04:00,12.952270570395152,12.952270570395152,11.605462951294685,11.624567031860352,897100,0.0,0.0
2001-10-18 00:00:00-04:00,11.767843702463246,11.87291432112053,10.74579910162899,11.11832046508789,1726400,0.0,0.0
2001-10-19 00:00:00-04:00,11.156528342209494,11.977984702939079,10.869973501186193,11.920673370361328,1089900,0.0,0.0
2001-10-22 00:00:00-04:00,11.920673848640945,11.98753722448646,11.318909842560666,11.462186813354492,828500,0.0,0.0
2001-10-23 00:00:00-04:00,11.48128899279095,12.226330757141113,11.47173695340544,12.226330757141113,1210600,0.0,0.0
2001-10-24 00:00:00-04:00,12.26453885610845,13.17196170934569,11.892017492577663,12.808992385864258,1254500,0.0,0.0
2001-10-25 00:00:00-04:00,12.436472250206164,12.512886750683059,11.939777086173645,12.369608879089355,571900,0.0,0.0
2001-10-26 00:00:00-04:00,12.41736888885498,12.894959999964788,12.2931950906545,12.41736888885498,324000,0.0,0.0
2001-10-29 00:00:00-05:00,12.446021091732803,12.465125168806656,11.844256327894408,11.863360404968262,767000,0.0,0.0
2001-10-30 00:00:00-05:00,11.93977784551573,11.93977784551573,11.04190695234336,11.290253639221191,904400,0.0,0.0
2001-10-31 00:00:00-05:00,11.395322498739228,11.65322118649224,11.08011248541187,11.2615966796875,732200,0.0,0.0
2001-11-01 00:00:00-05:00,11.30935737696565,11.36666779875827,10.44969285168179,10.61207389831543,1633500,0.0,0.0
2001-11-02 00:00:00-05:00,10.698038821844317,11.17562984880998,10.60252116301074,10.936834335327148,1225100,0.0,0.0
2001-11-05 00:00:00-05:00,10.946389992586486,11.65322472750102,10.936837950266126,11.519499778747559,459700,0.0,0.0
2001-11-06 00:00:00-05:00,11.557705361165397,11.68187824959275,11.175631922149798,11.653223037719727,225400,0.0,0.0
2001-11-07 00:00:00-05:00,11.509946182995234,12.799441661422437,11.471738929803305,12.188125610351562,828000,0.0,0.0
2001-11-08 00:00:00-05:00,12.254988202723192,12.417369258205111,11.605463980795513,11.796501159667969,313100,0.0,0.0
2001-11-09 00:00:00-05:00,11.777396758413763,12.073503648899713,11.595912536519812,11.672327041625977,277200,0.0,0.0
2001-11-12 00:00:00-05:00,11.729637198034782,12.27409167319092,11.48129051755824,12.092606544494629,230200,0.0,0.0
2001-11-13 00:00:00-05:00,12.216779740486842,12.751682148730966,12.102157991062965,12.589301109313965,389700,0.0,0.0
2001-11-14 00:00:00-05:00,12.579749860824924,12.703923658248739,12.140366004914785,12.43647289276123,295100,0.0,0.0
2001-11-15 00:00:00-05:00,12.302745385366709,12.38871191891445,11.653221274946123,11.81560230255127,741300,0.0,0.0
2001-11-16 00:00:00-05:00,11.920671198919077,12.207225987744211,11.748739054370045,11.977982521057129,2283600,0.0,0.0
2001-11-19 00:00:00-05:00,11.977984625427926,12.254987424073624,11.74874111846584,11.939777374267578,2266600,0.0,0.0
2001-11-20 00:00:00-05:00,11.911120498669906,11.9684309119331,11.462184677089443,11.509943962097168,4495200,0.0,0.0
2001-11-21 00:00:00-05:00,11.615015315016953,11.75829319045117,11.271150053653734,11.748741149902344,486700,0.0,0.0
2001-11-23 00:00:00-05:00,11.75829322910968,11.958881526630893,11.481290428812075,11.739189147949219,173700,0.0,0.0
2001-11-26 00:00:00-05:00,11.691429176064803,12.417367821156242,11.634118757781765,12.063950538635254,975400,0.0,0.0
2001-11-27 00:00:00-05:00,12.025743102322396,12.990477267422717,11.892017276855245,12.856751441955566,1306700,0.0,0.0
2001-11-28 00:00:00-05:00,12.751681604321059,12.799439981342534,12.083053394828601,12.121260643005371,1111000,0.0,0.0
2001-11-29 00:00:00-05:00,12.159466636153285,12.531987950626819,12.044844903453557,12.379158973693848,550500,0.0,0.0
2001-11-30 00:00:00-05:00,12.417367368778622,12.608403607650226,12.3218487938765,12.34095287322998,390100,0.0,0.0
2001-12-03 00:00:00-05:00,12.331399569834959,12.340951608532809,12.111708145379687,12.207225799560547,394300,0.0,0.0
2001-12-04 00:00:00-05:00,12.207229767752526,12.780339522868092,12.1785745532766,12.723028182983398,1798800,0.0,0.0
2001-12-05 00:00:00-05:00,12.732577047026181,13.133753593296014,12.732577047026181,12.980924606323242,1196300,0.0,0.0
2001-12-06 00:00:00-05:00,12.9904779740892,13.305688019685636,12.894959391997615,13.277031898498535,487500,0.0,0.0
2001-12-07 00:00:00-05:00,13.143305468939188,13.229272000773316,12.894957912736729,13.200615882873535,260000,0.0,0.0
2001-12-10 00:00:00-05:00,13.20061767429292,13.277032177197123,13.057340709080721,13.229273796081543,324900,0.0,0.0
2001-12-11 00:00:00-05:00,13.152857843793559,13.601792771152029,12.703922005502461,13.324790000915527,1056800,0.0,0.0
2001-12-12 00:00:00-05:00,13.372551869305784,13.70686603041155,13.219722850834396,13.56358814239502,566500,0.0,0.0
2001-12-13 00:00:00-05:00,13.563586747795233,13.850141583432094,13.181514240901226,13.468069076538086,927800,0.0,0.0
2001-12-14 00:00:00-05:00,13.458515465218213,14.929495811462402,13.439411386637035,14.929495811462402,2060700,0.0,0.0
2001-12-17 00:00:00-05:00,15.1873966454739,16.467340941738545,15.025015598280163,16.371822357177734,2754900,0.0,0.0
2001-12-18 00:00:00-05:00,16.47689106436425,17.43207315505203,16.438682906241414,17.145519256591797,3011800,0.0,0.0
2001-12-19 00:00:00-05:00,17.05000122016606,17.346107167483314,16.142577476685855,17.03089714050293,1285900,0.0,0.0
2001-12-20 00:00:00-05:00,17.040451970174182,17.040451970174182,16.438686115322508,16.858966827392578,1507500,0.0,0.0
2001-12-21 00:00:00-05:00,16.8112046273661,17.518039133436304,16.476890541853994,17.24103546142578,1237000,0.0,0.0
2001-12-24 00:00:00-05:00,17.269692786118952,17.365211363207692,16.90672437942014,17.002241134643555,307700,0.0,0.0
2001-12-26 00:00:00-05:00,17.050002733915665,17.470283414491707,16.81120718252151,17.10731315612793,1590400,0.0,0.0
2001-12-27 00:00:00-05:00,17.09776079884427,17.269693884162805,17.02134629668775,17.164623260498047,1049100,0.0,0.0
2001-12-28 00:00:00-05:00,17.17417530100079,17.680422516453646,16.906725454385686,17.164623260498047,690600,0.0,0.0
2001-12-31 00:00:00-05:00,16.964034478406038,17.097759390700222,16.333614432068764,16.687030792236328,894700,0.0,0.0
2002-01-02 00:00:00-05:00,16.66792824779912,17.212381749186655,16.33361415095223,17.135967254638672,416100,0.0,0.0
2002-01-03 00:00:00-05:00,16.858965176229848,17.269693806677854,16.744344334442065,17.183727264404297,434400,0.0,0.0
2002-01-04 00:00:00-05:00,17.231483928524362,17.842799817510837,17.19327577453018,17.518037796020508,1264500,0.0,0.0
2002-01-07 00:00:00-05:00,17.785489981580103,17.785489981580103,17.241034700806484,17.393863677978516,924100,0.0,0.0
2002-01-08 00:00:00-05:00,17.393865371399855,18.492326256831653,17.384315153528796,18.196218490600586,2202100,0.0,0.0
2002-01-09 00:00:00-05:00,18.463670137622593,18.62605116941001,17.928768665443872,18.196218490600586,1264600,0.0,0.0
2002-01-10 00:00:00-05:00,18.196219080589493,18.50187889646754,18.03383804353708,18.091150283813477,1200900,0.0,0.0
2002-01-11 00:00:00-05:00,18.148460620498067,18.196218998647975,17.680421591540643,17.7186279296875,345300,0.0,0.0
2002-01-14 00:00:00-05:00,17.6804230961054,17.718629437503534,16.96403643170177,17.43207550048828,436100,0.0,0.0
2002-01-15 00:00:00-05:00,17.42251923259762,18.377701220054934,17.42251923259762,18.29173469543457,1181400,0.0,0.0
2002-01-16 00:00:00-05:00,17.9574181959813,18.0051783819851,17.002236338283044,17.2219295501709,576400,0.0,0.0
2002-01-17 00:00:00-05:00,17.307897401298046,17.575347176138347,16.410025875519302,16.543750762939453,853600,0.0,0.0
2002-01-18 00:00:00-05:00,16.591513878266383,16.687030630772124,15.99930017465831,16.352718353271484,700300,0.0,0.0
2002-01-22 00:00:00-05:00,16.505548150332817,17.145520261476474,15.196947807773865,15.999300956726074,930200,0.0,0.0
2002-01-23 00:00:00-05:00,16.008853932769505,16.008853932769505,15.187396655609952,15.445296287536621,2027200,0.0,0.0
2002-01-24 00:00:00-05:00,15.550366671505936,16.037509805852977,15.42619196686126,15.483502388000488,610700,0.0,0.0
2002-01-25 00:00:00-05:00,15.50260563782226,15.798713411874097,15.31157030364547,15.47395133972168,666400,0.0,0.0
2002-01-28 00:00:00-05:00,15.493052224348062,15.521708341773572,15.053669355014682,15.168291091918945,492500,0.0,0.0
2002-01-29 00:00:00-05:00,14.814873741988608,14.853080987365269,13.611344146224901,13.649551391601562,2454000,0.0,0.0
2002-01-30 00:00:00-05:00,13.582688400017428,14.136693891423743,13.133752601487295,13.37254810333252,2555200,0.0,0.0
2002-01-31 00:00:00-05:00,13.401205024898305,14.031625084763707,13.047787746214144,13.410757064819336,3822400,0.0,0.0
2002-02-01 00:00:00-05:00,13.372548718664962,13.372548718664962,12.904509732135509,13.05733871459961,3376600,0.0,0.0
2002-02-04 00:00:00-05:00,13.11464974298868,13.229272396148245,12.21677897341141,12.360055923461914,2332800,0.0,0.0
2002-02-05 00:00:00-05:00,12.321849144785249,12.512886300029962,11.60546254541558,12.274090766906738,3671400,0.0,0.0
2002-02-06 00:00:00-05:00,12.465125920536222,12.942716944994064,11.939775611446077,12.48422908782959,2213900,0.0,0.0
2002-02-07 00:00:00-05:00,12.579749210867169,13.057340294314114,12.178572627897118,12.369608879089355,1291900,0.0,0.0
2002-02-08 00:00:00-05:00,12.4555765740479,13.085996716866157,12.321850730355354,12.703924179077148,1426300,0.0,0.0
2002-02-11 00:00:00-05:00,12.732580387565648,12.885409414634879,12.398266207652062,12.69437313079834,1639300,0.0,0.0
2002-02-12 00:00:00-05:00,12.703921769373922,13.334341792612951,12.302745225324974,12.799439430236816,1518700,0.0,0.0
2002-02-13 00:00:00-05:00,12.847199899378625,13.611345811323687,12.847199899378625,13.13375473022461,1847900,0.0,0.0
2002-02-14 00:00:00-05:00,13.124202909400768,13.563586747795233,13.085995658711369,13.468069076538086,1028300,0.0,0.0
2002-02-15 00:00:00-05:00,13.544481933681487,13.563585101240799,13.038234784837023,13.219719886779785,1163400,0.0,0.0
2002-02-19 00:00:00-05:00,13.315238208158865,13.324790247879521,12.6657149930092,13.085994720458984,1089500,0.0,0.0
2002-02-20 00:00:00-05:00,13.085993468950418,13.410755500932224,12.81854275887881,13.343893051147461,470700,0.0,0.0
2002-02-21 00:00:00-05:00,13.229271808783007,13.840587740184876,13.162408445586484,13.238822937011719,1116100,0.0,0.0
2002-02-22 00:00:00-05:00,13.238825403599497,13.573139549071977,13.152859767928891,13.506277084350586,528800,0.0,0.0
2002-02-25 00:00:00-05:00,13.506276307992463,13.850141563707353,13.401205685546715,13.84058952331543,550600,0.0,0.0
2002-02-26 00:00:00-05:00,13.926553917450192,14.270419120139772,13.878794633787942,14.07938289642334,766400,0.0,0.0
2002-02-27 00:00:00-05:00,14.079384238592354,14.174902815022515,13.850140748279157,14.002969741821289,1006200,0.0,0.0
2002-02-28 00:00:00-05:00,14.002971013441863,14.03162622460005,13.468069487469585,13.945660591125488,1463000,0.0,0.0
2002-03-01 00:00:00-05:00,13.945660117127979,14.12714432953837,13.783279074529503,14.031625747680664,1388300,0.0,0.0
2002-03-04 00:00:00-05:00,13.907451471017664,15.091877030351052,13.907451471017664,14.891288757324219,2198500,0.0,0.0
2002-03-05 00:00:00-05:00,14.833977649625476,15.263809409300443,14.614286205477265,15.034565925598145,826300,0.0,0.0
2002-03-06 00:00:00-05:00,14.853081538403286,15.282913292570303,14.814874291609165,15.072772979736328,863200,0.0,0.0
2002-03-07 00:00:00-05:00,15.120531463409343,15.28291248139881,14.996357690186068,15.044116973876953,431000,0.0,0.0
2002-03-08 00:00:00-05:00,15.196945581029063,15.512155570369218,15.072771810844674,15.321120262145996,523100,0.0,0.0
2002-03-11 00:00:00-05:00,15.282910900537013,16.238092831820577,15.11097786140758,16.15212631225586,805000,0.0,0.0
2002-03-12 00:00:00-05:00,15.674543878518508,16.238101670478507,15.359333742495622,15.941995620727539,707200,0.0,0.0
2002-03-13 00:00:00-05:00,15.93244004440171,15.93244004440171,15.35933033639899,15.70319652557373,379600,0.0,0.0
2002-03-14 00:00:00-05:00,15.750951878648644,16.047057805770446,15.149187074292364,15.722295761108398,846700,0.0,0.0
2002-03-15 00:00:00-05:00,15.760505229234695,15.77960930918448,15.216051703723224,15.282914161682129,553800,0.0,0.0
2002-03-18 00:00:00-05:00,15.330671563393109,15.903781172332105,15.302017267158554,15.865574836730957,652200,0.0,0.0
2002-03-19 00:00:00-05:00,15.875131161865246,16.495999313386136,15.875131161865246,16.31451416015625,621300,0.0,0.0
2002-03-20 00:00:00-05:00,16.333615355218946,16.362269654121317,15.875128354127108,15.951542854309082,346900,0.0,0.0
2002-03-21 00:00:00-05:00,16.02795647868183,16.381372839512345,15.359328272226106,16.30495834350586,1643100,0.0,0.0
2002-03-22 00:00:00-05:00,16.266751893556695,16.44823518164694,15.903781673645645,16.333614349365234,1717700,0.0,0.0
2002-03-25 00:00:00-05:00,16.304960893114618,16.410031524752927,16.008854902520515,16.190340042114258,852900,0.0,0.0
2002-03-26 00:00:00-05:00,16.16168146621243,16.47689149143483,16.094819009629692,16.28585433959961,832900,0.0,0.0
2002-03-27 00:00:00-05:00,16.28585418865308,16.47689133871766,16.190337435486075,16.32406234741211,918200,0.0,0.0
2002-03-28 00:00:00-05:00,16.285855813259552,16.715688532850464,16.257201513197135,16.371822357177734,1310300,0.0,0.0
2002-04-01 00:00:00-05:00,16.295406769520763,16.381373307718285,15.856023860391522,16.209440231323242,750400,0.0,0.0
2002-04-02 00:00:00-05:00,16.209440922332405,16.218992962746594,15.588572870333506,15.712747573852539,522000,0.0,0.0
2002-04-03 00:00:00-05:00,15.750953610644558,15.760505650874997,15.28291457054545,15.397537231445312,713200,0.0,0.0
2002-04-04 00:00:00-05:00,15.407086533178722,15.435742652165162,14.614286370805965,14.814874649047852,1353700,0.0,0.0
2002-04-05 00:00:00-05:00,14.929495811462402,15.27336102753013,14.604733763043244,14.929495811462402,452600,0.0,0.0
2002-04-08 00:00:00-04:00,14.93904777037382,15.273360945352197,14.623837762941232,15.139636039733887,473800,0.0,0.0
2002-04-09 00:00:00-04:00,15.168293135306335,15.550366554057259,14.76711654663086,14.76711654663086,324200,0.0,0.0
2002-04-10 00:00:00-04:00,14.910391626580065,15.28291295786373,14.4519046750918,14.566526412963867,450100,0.0,0.0
2002-04-11 00:00:00-04:00,14.566527442527189,16.238096165440144,14.375491199237954,14.547423362731934,1003600,0.0,0.0
2002-04-12 00:00:00-04:00,15.254259565489583,15.607676860364165,14.929497480758155,15.540814399719238,391900,0.0,0.0
2002-04-15 00:00:00-04:00,15.540813797776822,16.05661120410603,15.378432761700614,15.47395133972168,561400,0.0,0.0
2002-04-16 00:00:00-04:00,15.550366003662605,16.238096493393627,15.521709883390967,15.999300956726074,577400,0.0,0.0
2002-04-17 00:00:00-04:00,16.04706007601773,16.142578659466793,15.52171059984604,15.664987564086914,277500,0.0,0.0
2002-04-18 00:00:00-04:00,15.760505251919534,15.760505251919534,15.464399299733039,15.47395133972168,304600,0.0,0.0
2002-04-19 00:00:00-04:00,15.645882665706605,16.16168189626771,15.588572247377154,15.827367782592773,363500,0.0,0.0
2002-04-22 00:00:00-04:00,15.903783677113584,16.05661268731857,15.645884039193103,15.741402626037598,229800,0.0,0.0
2002-04-23 00:00:00-04:00,15.645883354975005,15.89423094116387,15.435743930599243,15.502606391906738,382000,0.0,0.0
2002-04-24 00:00:00-04:00,15.483502210665131,15.722297754853296,15.13963786590266,15.149188995361328,231600,0.0,0.0
2002-04-25 00:00:00-04:00,15.206503248865642,15.731852818284853,14.996362874538228,15.684094429016113,263600,0.0,0.0
2002-04-26 00:00:00-04:00,15.693643918156694,15.913335388038098,15.244708026788203,15.435744285583496,509600,0.0,0.0
2002-04-29 00:00:00-04:00,15.53126307173918,15.798714748451614,15.435744485637205,15.579021453857422,237500,0.0,0.0
2002-04-30 00:00:00-04:00,15.60767883008923,15.999303424889513,15.540816361006105,15.88468074798584,318600,0.0,0.0
2002-05-01 00:00:00-04:00,15.856022424277116,15.884676719837444,15.091876600649437,15.168291091918945,704300,0.0,0.0
2002-05-02 00:00:00-04:00,15.177845533091604,15.674539804949754,14.203559248816896,14.509217262268066,1050300,0.0,0.0
2002-05-03 00:00:00-04:00,14.509215860922863,14.537871980115764,14.002969597306016,14.413698196411133,488800,0.0,0.0
2002-05-06 00:00:00-04:00,14.413696631732481,14.566525607107021,14.299074900201578,14.346834182739258,271000,0.0,0.0
2002-05-07 00:00:00-04:00,14.423252103292658,14.757565338760937,14.002971410049476,14.23221492767334,611500,0.0,0.0
2002-05-08 00:00:00-04:00,14.299077117958687,15.321122643425003,14.299077117958687,14.843530654907227,691900,0.0,0.0
2002-05-09 00:00:00-04:00,14.948600467141302,14.948600467141302,14.451906216712088,14.633390426635742,348500,0.0,0.0
2002-05-10 00:00:00-04:00,14.662047030464995,14.776668784340758,14.471009863072666,14.728909492492676,311400,0.0,0.0
2002-05-13 00:00:00-04:00,14.786218553226705,15.005910911137073,14.423250154822865,14.996358871459961,348400,0.0,0.0
2002-05-14 00:00:00-04:00,15.340222635722178,15.712744860074842,15.04411672148502,15.67453670501709,655800,0.0,0.0
2002-05-15 00:00:00-04:00,15.664986783482965,16.285854812165162,15.550365946548128,15.817815780639648,613200,0.0,0.0
2002-05-16 00:00:00-04:00,16.104371575856714,16.285854871980995,15.88467829750489,15.999300956726074,850100,0.0,0.0
2002-05-17 00:00:00-04:00,16.06616369634922,16.54375477803316,15.817816115249727,16.515100479125977,899200,0.0,0.0
2002-05-20 00:00:00-04:00,16.42913410920134,16.524650869037238,15.85602444085889,16.104372024536133,525700,0.0,0.0
2002-05-21 00:00:00-04:00,16.20944026939954,16.30495884782842,16.104371472806587,16.199888229370117,784200,0.0,0.0
2002-05-22 00:00:00-04:00,16.152129344924667,16.238095880630166,15.73184870612725,15.932437896728516,388400,0.0,0.0
2002-05-23 00:00:00-04:00,16.085269410475945,16.32406497556987,15.989750820065261,16.190340042114258,699700,0.0,0.0
2002-05-24 00:00:00-04:00,15.989748916635529,16.304958952162085,15.941990538048163,15.999300956726074,732800,0.0,0.0
2002-05-28 00:00:00-04:00,15.999299431735222,16.133024336526,15.607674934677785,15.722295761108398,491700,0.0,0.0
2002-05-29 00:00:00-04:00,15.712747704860494,16.171234717371746,15.712747704860494,16.047060012817383,216800,0.0,0.0
2002-05-30 00:00:00-04:00,15.999301236411934,16.734791939452894,15.951542856989697,16.515100479125977,772000,0.0,0.0
2002-05-31 00:00:00-04:00,16.438683690066508,17.403417866285206,16.429133471945683,16.983139038085938,1255600,0.0,0.0
2002-06-03 00:00:00-04:00,17.078654499873714,17.078654499873714,16.285853459759487,16.46733856201172,677300,0.0,0.0
2002-06-04 00:00:00-04:00,16.515103478339558,16.71569089457896,16.12347704412153,16.29541015625,561800,0.0,0.0
2002-06-05 00:00:00-04:00,16.52465069751811,16.52465069751811,16.16168227705909,16.515100479125977,537100,0.0,0.0
2002-06-06 00:00:00-04:00,16.400476121718135,16.51509877108846,15.951541207236875,16.08526611328125,594200,0.0,0.0
2002-06-07 00:00:00-04:00,15.932436230780258,16.429131313617006,15.407085031749626,16.276302337646484,510400,0.0,0.0
2002-06-10 00:00:00-04:00,16.36226760894963,16.629719237089606,16.25719882299817,16.53420066833496,489200,0.0,0.0
2002-06-11 00:00:00-04:00,16.534203045991415,16.715688170536705,16.23809707994994,16.438684463500977,1144100,0.0,0.0
2002-06-12 00:00:00-04:00,16.553306190569128,16.715687225058595,15.913334092506556,16.62972068786621,478400,0.0,0.0
2002-06-13 00:00:00-04:00,16.69658196314063,16.849410946914418,16.333613582144178,16.48644256591797,1349700,0.0,0.0
2002-06-14 00:00:00-04:00,16.45779039803849,16.476894481061386,15.607678744041602,16.09482192993164,1078700,0.0,0.0
2002-06-17 00:00:00-04:00,16.14257720850015,16.81120541067888,16.104370871673947,16.706134796142578,733200,0.0,0.0
2002-06-18 00:00:00-04:00,16.706135693533156,17.059553892952554,16.44823607410808,16.52465057373047,872400,0.0,0.0
2002-06-19 00:00:00-04:00,16.524648938302718,16.839858945782222,16.238095048545063,16.476890563964844,473300,0.0,0.0
2002-06-20 00:00:00-04:00,16.543751029122372,17.116860561646202,16.39092206336468,16.49599266052246,593900,0.0,0.0
2002-06-21 00:00:00-04:00,16.390928673853193,16.46734318755014,15.875131161865246,16.31451416015625,1440700,0.0,0.0
2002-06-24 00:00:00-04:00,16.238096313245514,16.295406731287613,15.894230161262229,16.218992233276367,869700,0.0,0.0
2002-06-25 00:00:00-04:00,16.22854492969399,16.333615551908988,15.875128545296032,15.903782844543457,599800,0.0,0.0
2002-06-26 00:00:00-04:00,15.827368547055586,16.228545138469293,15.149189157849818,16.047060012817383,713700,0.0,0.0
2002-06-27 00:00:00-04:00,16.13302554431671,16.57241027016887,16.09481920660127,16.257200241088867,787700,0.0,0.0
2002-06-28 00:00:00-04:00,16.381372734726085,16.801653371006008,16.371820695053213,16.706134796142578,985600,0.0,0.0
2002-07-01 00:00:00-04:00,16.763447314983004,16.94493244780099,15.684092202677105,15.741402626037598,619800,0.0,0.0
2002-07-02 00:00:00-04:00,15.770056132374556,16.476890642774084,15.091876828901333,15.120532035827637,1316700,0.0,0.0
2002-07-03 00:00:00-04:00,15.082326479689856,16.133026323740737,15.044119229195873,16.104372024536133,228000,0.0,0.0
2002-07-05 00:00:00-04:00,16.10437097468832,16.429133038182208,16.008852399213886,16.30495834350586,248500,0.0,0.0
2002-07-08 00:00:00-04:00,16.371821229298863,16.47689184726383,15.951542401169672,16.218992233276367,309500,0.0,0.0
2002-07-09 00:00:00-04:00,16.19988800171772,16.429133315471656,16.09481920660127,16.257200241088867,580500,0.0,0.0
2002-07-10 00:00:00-04:00,16.35271961154781,16.381373910758256,15.46439989871569,15.540814399719238,545400,0.0,0.0
2002-07-11 00:00:00-04:00,15.426191672980703,15.76050579667724,14.70980504585901,15.177845001220703,661400,0.0,0.0
2002-07-12 00:00:00-04:00,15.187397002575217,15.645884033008953,14.996360739894493,15.005912780761719,453000,0.0,0.0
2002-07-15 00:00:00-04:00,14.977256192493211,15.158740397626012,13.429861240605419,14.337284088134766,1099700,0.0,0.0
2002-07-16 00:00:00-04:00,14.451904406325056,15.254257467440498,14.404145122033407,15.196946144104004,409100,0.0,0.0
2002-07-17 00:00:00-04:00,14.986807838575423,15.894230717409693,14.748012296201525,15.177845001220703,745300,0.0,0.0
2002-07-18 00:00:00-04:00,15.225604325033869,15.225604325033869,13.066893180428833,13.14330768585205,1237200,0.0,0.0
2002-07-19 00:00:00-04:00,13.171960335531034,13.343893394756385,12.541540332948188,12.885405540466309,1371300,0.0,0.0
2002-07-22 00:00:00-04:00,12.703922115966186,13.334342156404528,12.321848729292931,12.732577323913574,1171200,0.0,0.0
2002-07-23 00:00:00-04:00,12.293192866797758,12.904509706365983,12.063949393559394,12.102156639099121,667500,0.0,0.0
2002-07-24 00:00:00-04:00,12.2263312362733,13.85014064720767,12.063950204086598,13.831036567687988,1219000,0.0,0.0
2002-07-25 00:00:00-04:00,13.811933248499,14.728908103994343,13.506275266978099,13.869244575500488,984700,0.0,0.0
2002-07-26 00:00:00-04:00,13.974314441517826,14.213109970092773,13.315238272528688,14.213109970092773,999700,0.0,0.0
2002-07-29 00:00:00-04:00,14.566527980407837,14.738461061183244,13.97431514887695,14.260869979858398,548100,0.0,0.0
2002-07-30 00:00:00-04:00,14.222664068188298,14.805324914299106,13.821487449248796,14.738462448120117,741000,0.0,0.0
2002-07-31 00:00:00-04:00,14.73846127879193,15.187396245994126,14.327732651289821,15.149188995361328,470200,0.0,0.0
2002-08-01 00:00:00-04:00,14.996359376296246,15.473951355970408,14.795771090987513,15.273362159729004,840600,0.0,0.0
2002-08-02 00:00:00-04:00,15.254260261277713,15.263811391139278,14.80532436420516,15.216053009033203,766000,0.0,0.0
2002-08-05 00:00:00-04:00,15.187394992247876,15.187394992247876,14.34683554771599,14.451905250549316,660100,0.0,0.0
2002-08-06 00:00:00-04:00,14.4805610786019,15.282914220951058,14.471009038589964,15.08232593536377,747800,0.0,0.0
2002-08-07 00:00:00-04:00,15.187395811993794,15.636332588232435,15.053670894066725,15.617228507995605,996800,0.0,0.0
2002-08-08 00:00:00-04:00,15.865577138793128,15.999302065598187,15.512158918409845,15.96109390258789,609800,0.0,0.0
2002-08-09 00:00:00-04:00,15.80826589510637,15.80826589510637,15.540816024563876,15.588574409484863,290300,0.0,0.0
2002-08-12 00:00:00-04:00,15.550364521462479,15.798712074549057,15.397535538311535,15.722295761108398,355200,0.0,0.0
2002-08-13 00:00:00-04:00,15.750953990846906,16.075716079059454,15.569468865818614,15.693643569946289,562800,0.0,0.0
2002-08-14 00:00:00-04:00,15.74139876958076,16.35271648250059,15.684088360260642,16.343164443969727,413100,0.0,0.0
2002-08-15 00:00:00-04:00,16.2380941827213,16.47688968540838,16.094817245482076,16.276302337646484,462100,0.0,0.0
2002-08-16 00:00:00-04:00,16.190338276548392,16.534202613916438,16.133026035432565,16.52465057373047,437100,0.0,0.0
2002-08-19 00:00:00-04:00,16.44823448348723,16.5724091720312,16.304957538283976,16.46733856201172,478300,0.0,0.0
2002-08-20 00:00:00-04:00,16.38137590402207,16.5246528831043,16.238098924939848,16.448238372802734,531200,0.0,0.0
2002-08-21 00:00:00-04:00,16.390926882483672,16.667930603027344,16.304960336236704,16.667930603027344,356500,0.0,0.0
2002-08-22 00:00:00-04:00,16.648825347524806,16.964035387587003,16.3431673476906,16.897172927856445,673200,0.0,0.0
2002-08-23 00:00:00-04:00,16.90672398554231,16.98313848106,16.687030716796837,16.706134796142578,285600,0.0,0.0
2002-08-26 00:00:00-04:00,16.524647293366815,16.7538925685911,16.142574871101374,16.42913055419922,479900,0.0,0.0
2002-08-27 00:00:00-04:00,16.34316562136319,16.53420094014783,16.23809501181926,16.48644256591797,1331600,0.0,0.0
2002-08-28 00:00:00-04:00,16.38137199342389,16.62016750884367,16.133024438763496,16.476890563964844,1056700,0.0,0.0
2002-08-29 00:00:00-04:00,16.47689106436425,17.30790028488333,16.238095541692303,17.145519256591797,1034600,0.0,0.0
2002-08-30 00:00:00-04:00,17.088210355285632,17.145522603658105,16.734793932983443,16.858966827392578,475200,0.0,0.0
2002-09-03 00:00:00-04:00,16.238096777253904,16.71568785893784,16.228544736996376,16.515100479125977,590200,0.0,0.0
2002-09-04 00:00:00-04:00,16.5915152936557,17.241037646684465,16.54375509146323,17.193279266357422,629900,0.0,0.0
2002-09-05 00:00:00-04:00,17.174167487069248,17.174167487069248,16.333608345786523,16.801647186279297,742200,0.0,0.0
2002-09-06 00:00:00-04:00,16.83986157914053,17.871458294196835,16.83986157914053,17.833251953125,1015100,0.0,0.0
2002-09-09 00:00:00-04:00,17.48938718909292,18.32994862306293,17.021348086437957,18.282188415527344,1139600,0.0,0.0
2002-09-10 00:00:00-04:00,18.167561783262308,18.5400821742374,16.73478880644727,17.919214248657227,1272600,0.0,0.0
2002-09-11 00:00:00-04:00,17.82370386640501,18.77888628935004,17.81415182355165,18.51143455505371,1468000,0.0,0.0
2002-09-12 00:00:00-04:00,18.38725325855331,18.435011629180156,17.909662264824657,18.29173469543457,662800,0.0,0.0
2002-09-13 00:00:00-04:00,18.148461307072257,18.148461307072257,17.489385096851002,17.59445571899414,940600,0.0,0.0
2002-09-16 00:00:00-04:00,17.35566031008097,17.479833192050542,16.85896513847183,17.193279266357422,1417900,0.0,0.0
2002-09-17 00:00:00-04:00,17.260141065185525,17.537144761675272,16.906724691851096,16.944931030273438,970100,0.0,0.0
2002-09-18 00:00:00-04:00,16.916279873063086,17.183731607947593,16.553311353166723,16.73479652404785,753100,0.0,0.0
2002-09-19 00:00:00-04:00,16.238094329833984,16.96403288320332,15.712744947908933,16.238094329833984,2116400,0.0,0.0
2002-09-20 00:00:00-04:00,16.725241479245575,16.725241479245575,15.626782251973058,15.836921691894531,1182600,0.0,0.0
2002-09-23 00:00:00-04:00,15.817815060527797,15.856023219010206,14.919944287641837,15.206499099731445,682100,0.0,0.0
2002-09-24 00:00:00-04:00,14.900844175408285,15.846474429407792,14.72891107070553,15.521712303161621,853100,0.0,0.0
2002-09-25 00:00:00-04:00,14.70980617512498,14.70980617512498,12.360057821339273,13.659106254577637,8433800,0.0,0.0
2002-09-26 00:00:00-04:00,13.716416634161215,14.757565421183838,13.678209381010511,14.40414810180664,2050200,0.0,0.0
2002-09-27 00:00:00-04:00,14.279972596936876,14.79577090837426,13.611345291137695,13.611345291137695,906500,0.0,0.0
2002-09-30 00:00:00-04:00,13.410757355816328,13.945659760876142,12.94271832072192,13.544483184814453,969800,0.0,0.0
2002-10-01 00:00:00-04:00,13.458516296775901,13.754622245618712,13.229272805233212,13.611345291137695,1207100,0.0,0.0
2002-10-02 00:00:00-04:00,13.601791845978276,14.270419082697765,13.515825317798294,14.088934898376465,1249700,0.0,0.0
2002-10-03 00:00:00-04:00,14.079384238592354,14.78621878919104,13.649552466521946,14.002969741821289,815500,0.0,0.0
2002-10-04 00:00:00-04:00,14.136696195889348,14.327732446320415,13.133754742460379,13.315238952636719,505500,0.0,0.0
2002-10-07 00:00:00-04:00,13.219719164251307,13.563584359918245,13.114648560153663,13.362996101379395,397700,0.0,0.0
2002-10-08 00:00:00-04:00,13.420308097917902,14.241764339913056,13.391652891237253,13.993416786193848,650000,0.0,0.0
2002-10-09 00:00:00-04:00,13.955210184527091,14.031624679824763,13.4394118858015,13.487171173095703,635500,0.0,0.0
2002-10-10 00:00:00-04:00,13.582689949479114,14.81487484312614,13.5158265819008,14.776667594909668,845500,0.0,0.0
2002-10-11 00:00:00-04:00,14.862634837766535,15.196948047822257,14.566527966811137,14.633390426635742,836500,0.0,0.0
2002-10-14 00:00:00-04:00,14.52832178263779,15.216053244619696,14.43280319508125,14.795772552490234,681000,0.0,0.0
2002-10-15 00:00:00-04:00,14.92949739189387,15.330673064308236,14.79577156046728,14.805323600769043,898100,0.0,0.0
2002-10-16 00:00:00-04:00,14.471007622666072,15.044117214248574,13.620896185302213,13.649551391601562,1301400,0.0,0.0
2002-10-17 00:00:00-04:00,13.85014005602241,14.365938338912837,13.200615955000165,13.382101058959961,1984800,0.0,0.0
2002-10-18 00:00:00-04:00,13.229272000773316,13.496722724643021,12.894957912736729,13.200615882873535,1746000,0.0,0.0
2002-10-21 00:00:00-04:00,13.114651141884206,13.888349123109528,13.009581428035247,13.592242240905762,1279600,0.0,0.0
2002-10-22 00:00:00-04:00,13.420311197972953,13.78328057319228,13.296137392429541,13.745073318481445,1073100,0.0,0.0
2002-10-23 00:00:00-04:00,13.238826054896887,13.850143041203038,12.073504330750046,13.745073318481445,2298500,0.0,0.0
2002-10-24 00:00:00-04:00,13.764175465348693,14.15580002470356,13.534931954155514,14.127144813537598,924400,0.0,0.0
2002-10-25 00:00:00-04:00,14.079385002749243,14.088937043097225,13.391654494483163,13.477620124816895,724500,0.0,0.0
2002-10-28 00:00:00-05:00,13.563587756537153,13.640002263599003,12.503335787854411,12.904512405395508,1315400,0.0,0.0
2002-10-29 00:00:00-05:00,12.980924610653853,12.980924610653853,11.739187724686902,12.025742530822754,2563100,0.0,0.0
2002-10-30 00:00:00-05:00,12.035295251370835,12.130812918200105,11.338011819947088,11.700981140136719,2500500,0.0,0.0
2002-10-31 00:00:00-05:00,11.758291766924547,12.169019440539037,11.624565948228774,12.035294532775879,1439700,0.0,0.0
2002-11-01 00:00:00-05:00,11.997088528496658,12.92361458312317,11.700981653197193,12.914063453674316,1542900,0.0,0.0
2002-11-04 00:00:00-05:00,13.191067184937245,13.21017035612422,12.49378367342363,12.551095008850098,861200,0.0,0.0
2002-11-05 00:00:00-05:00,12.474679029940399,12.847199477981832,12.169020128628574,12.837647438049316,708000,0.0,0.0
2002-11-06 00:00:00-05:00,13.89790011103239,13.907452150913167,13.085994939819534,13.611345291137695,1654200,0.0,0.0
2002-11-07 00:00:00-05:00,13.563586733840578,13.563586733840578,13.085995645248074,13.277031898498535,1306400,0.0,0.0
2002-11-08 00:00:00-05:00,13.191063959012201,13.429859461514045,13.009578866988571,13.362996101379395,571700,0.0,0.0
2002-11-11 00:00:00-05:00,13.277032651961067,13.353447157597722,12.522438725599528,12.761234283447266,623300,0.0,0.0
2002-11-12 00:00:00-05:00,12.761232704487862,12.933165776363273,12.388712263334666,12.512886047363281,812500,0.0,0.0
2002-11-13 00:00:00-05:00,12.388710864930434,12.91406115007979,12.369606787575073,12.59885025024414,779600,0.0,0.0
2002-11-14 00:00:00-05:00,12.723026172118685,13.152858875987045,12.723026172118685,12.93316650390625,1209000,0.0,0.0
2002-11-15 00:00:00-05:00,12.885406478204205,13.267479869740162,12.646610950093974,13.07644271850586,1122500,0.0,0.0
2002-11-18 00:00:00-05:00,13.095543942811945,13.22926973733351,12.808989189369992,12.87585163116455,556900,0.0,0.0
2002-11-19 00:00:00-05:00,12.952271037867087,12.952271037867087,11.977984756239007,12.283642768859863,1070700,0.0,0.0
2002-11-20 00:00:00-05:00,12.321846794412576,13.095544574960572,12.321846794412576,12.95226764678955,700200,0.0,0.0
2002-11-21 00:00:00-05:00,13.10509784068716,14.45190437101176,13.10509784068716,14.43280029296875,2419200,0.0,0.0
2002-11-22 00:00:00-05:00,14.194006103623641,14.805322993887664,14.136695686027657,14.3563871383667,1207800,0.0,0.0
2002-11-25 00:00:00-05:00,14.365939372712203,14.76711594504445,14.279972834222054,14.7002534866333,720800,0.0,0.0
2002-11-26 00:00:00-05:00,14.480560924401548,14.709804416650808,14.23221335233185,14.3563871383667,611000,0.0,0.0
2002-11-27 00:00:00-05:00,14.365939957955383,14.80532379741268,14.365939957955383,14.76711654663086,722700,0.0,0.0
2002-11-29 00:00:00-05:00,14.78621931093011,15.082326179565758,14.642942352161926,14.662046432495117,197100,0.0,0.0
2002-12-02 00:00:00-05:00,14.795771467009235,15.053671087931619,14.566527966811137,14.633390426635742,713200,0.0,0.0
2002-12-03 00:00:00-05:00,14.537872252930194,14.556975421817969,14.127143646117439,14.3563871383667,582600,0.0,0.0
2002-12-04 00:00:00-05:00,14.289523197977699,14.318178403802023,13.792828105382405,14.07938289642334,981400,0.0,0.0
2002-12-05 00:00:00-05:00,14.098489042254588,14.194006712657234,13.76417491851357,14.050729751586914,364700,0.0,0.0
2002-12-06 00:00:00-05:00,13.936106105973986,14.595181312604028,13.888346821799038,14.43280029296875,551000,0.0,0.0
2002-12-09 00:00:00-05:00,14.432802775708296,14.432802775708296,13.764175415039062,13.764175415039062,474900,0.0,0.0
2002-12-10 00:00:00-05:00,13.82148494162715,14.02207321470432,13.82148494162715,13.93610668182373,479700,0.0,0.0
2002-12-11 00:00:00-05:00,13.974315250891717,14.251318043644986,13.78327899915372,14.050729751586914,530200,0.0,0.0
2002-12-12 00:00:00-05:00,14.041176952252945,14.308627690228743,13.926555207406173,14.012521743774414,494800,0.0,0.0
2002-12-13 00:00:00-05:00,13.936106874947209,13.94565891449578,13.678207272731523,13.897899627685547,436700,0.0,0.0
2002-12-16 00:00:00-05:00,13.82148640508582,14.108041241384829,13.745071903530445,14.022074699401855,530300,0.0,0.0
2002-12-17 00:00:00-05:00,14.05072857874943,14.279972061699691,13.716414482914159,13.907451629638672,408800,0.0,0.0
2002-12-18 00:00:00-05:00,13.86924732697363,13.974317051232708,13.640002884421286,13.706866264343262,352400,0.0,0.0
2002-12-19 00:00:00-05:00,13.649553820046288,14.060282464119151,13.468069599951736,13.917004585266113,637800,0.0,0.0
2002-12-20 00:00:00-05:00,13.945660471060679,13.97431568197216,13.611346337006719,13.964763641357422,535200,0.0,0.0
2002-12-23 00:00:00-05:00,13.76417460724158,14.490113258361816,13.697312148378527,14.490113258361816,578100,0.0,0.0
2002-12-24 00:00:00-05:00,14.423249468356934,14.7098033575708,14.423249468356934,14.566526412963867,400600,0.0,0.0
2002-12-26 00:00:00-05:00,14.671597561729024,14.929497180630978,14.623839182761422,14.662046432495117,525400,0.0,0.0
2002-12-27 00:00:00-05:00,14.652495977678782,15.034568516354678,14.6047366826111,14.719358444213867,649400,0.0,0.0
2002-12-30 00:00:00-05:00,14.642941881818063,14.65249392167784,14.174902859880948,14.37549114227295,364900,0.0,0.0
2002-12-31 00:00:00-05:00,14.346836240760766,14.70025352474444,14.05072937529732,14.690701484680176,577800,0.0,0.0
2003-01-02 00:00:00-05:00,14.623840255400271,15.044120033297864,14.423251951852322,15.005912780761719,343400,0.0,0.0
2003-01-03 00:00:00-05:00,15.177843285758062,15.196946453303848,14.891288485110453,15.139636039733887,492600,0.0,0.0
2003-01-06 00:00:00-05:00,15.044116936928846,15.282912443864225,15.044116936928846,15.053668975830078,543600,0.0,0.0
2003-01-07 00:00:00-05:00,15.139638620104602,15.282915589381956,14.891291023153284,15.005912780761719,552100,0.0,0.0
2003-01-08 00:00:00-05:00,14.929498432445216,15.005912938319838,14.098489997859135,14.23221492767334,1958600,0.0,0.0
2003-01-09 00:00:00-05:00,14.318180180219475,14.872185753197371,14.318180180219475,14.490113258361816,957200,0.0,0.0
2003-01-10 00:00:00-05:00,14.471009249215882,15.005911655545065,14.423250870326424,14.853082656860352,612300,0.0,0.0
2003-01-13 00:00:00-05:00,15.101430112058463,15.330672697283696,14.996359493119911,15.25425910949707,733200,0.0,0.0
2003-01-14 00:00:00-05:00,15.110982228093775,15.932439509374502,15.06322384647463,15.426192283630371,1285500,0.0,0.0
2003-01-15 00:00:00-05:00,15.435742203081785,15.579019150114968,14.919943918456667,15.091876983642578,1028000,0.0,0.0
2003-01-16 00:00:00-05:00,15.04411934253224,15.187396305230891,14.499665791158112,14.76711654663086,1090600,0.0,0.0
2003-01-17 00:00:00-05:00,14.700253585987712,14.872185753197371,14.37549150991115,14.490113258361816,861800,0.0,0.0
2003-01-21 00:00:00-05:00,14.490112149685547,15.13963625214189,14.394593577818693,14.518767356872559,1323600,0.0,0.0
2003-01-22 00:00:00-05:00,14.604734983879927,14.996359518204606,14.528320485032802,14.68114948272705,956200,0.0,0.0
2003-01-23 00:00:00-05:00,14.900839788646381,14.900839788646381,13.783276758951276,14.318178176879883,1895800,0.0,0.0
2003-01-24 00:00:00-05:00,14.365939159242524,14.423250487695235,14.127143627399441,14.17490291595459,1093900,0.0,0.0
2003-01-27 00:00:00-05:00,14.13669672869177,14.213111231744207,13.764175343111592,13.964763641357422,663400,0.0,0.0
2003-01-28 00:00:00-05:00,13.955211246567583,14.20355883065145,13.80238224434142,14.031625747680664,717200,0.0,0.0
2003-01-29 00:00:00-05:00,13.821485694383961,14.23221339139127,13.611345370445758,13.97431468963623,739200,0.0,0.0
2003-01-30 00:00:00-05:00,14.079385634739907,14.155800139088429,13.802382828743331,13.917004585266113,334400,0.0,0.0
2003-01-31 00:00:00-05:00,13.917004202779934,14.499665921089836,13.802382449407343,14.184455871582031,891800,0.0,0.0
2003-02-03 00:00:00-05:00,14.203556822048089,14.537870900340153,14.184453654937657,14.43280029296875,553300,0.0,0.0
2003-02-04 00:00:00-05:00,14.279975093392077,14.385045728583975,13.640002884421286,13.706866264343262,534600,0.0,0.0
2003-02-05 00:00:00-05:00,13.716414229791924,13.974313826551171,13.573137283325195,13.573137283325195,531900,0.0,0.0
2003-02-06 00:00:00-05:00,13.468068317261013,13.468068317261013,13.076442881107077,13.429861068725586,1192200,0.0,0.0
2003-02-07 00:00:00-05:00,13.44896377039929,13.7355185799283,13.401204483655684,13.515826225280762,357500,0.0,0.0
2003-02-10 00:00:00-05:00,13.515828879283635,13.926557550624706,13.448966411272878,13.745073318481445,421000,0.0,0.0
2003-02-11 00:00:00-05:00,13.687760520775479,13.850141563707353,13.687760520775479,13.84058952331543,315500,0.0,0.0
2003-02-12 00:00:00-05:00,13.773725166808857,13.993416599991514,13.60179210714759,13.649551391601562,330600,0.0,0.0
2003-02-13 00:00:00-05:00,13.601792683697173,13.80238095816028,13.51582615022261,13.534930229187012,501400,0.0,0.0
2003-02-14 00:00:00-05:00,13.573138629737915,14.127144213732711,13.573138629737915,14.060281753540039,552300,0.0,0.0
2003-02-18 00:00:00-05:00,14.117592498915148,14.232214252287736,13.97431553493259,14.184455871582031,286400,0.0,0.0
2003-02-19 00:00:00-05:00,14.098488418639416,14.232213333474638,14.041177090186705,14.17490291595459,338700,0.0,0.0
2003-02-20 00:00:00-05:00,14.127143665241533,14.327731948964342,14.041177127798521,14.165350914001465,351700,0.0,0.0
2003-02-21 00:00:00-05:00,14.213109726074144,14.471008418822361,14.1366952311167,14.451905250549316,335900,0.0,0.0
2003-02-24 00:00:00-05:00,14.270421901918482,14.49011428521714,13.993419095799474,14.108041763305664,263700,0.0,0.0
2003-02-25 00:00:00-05:00,14.098487017195271,14.509214671703246,13.850139470141334,14.461456298828125,435100,0.0,0.0
2003-02-26 00:00:00-05:00,14.385044771594385,14.537873782506859,14.146249214310455,14.25131893157959,339700,0.0,0.0
2003-02-27 00:00:00-05:00,14.23221277825395,14.56652687416522,14.165350323444748,14.47100830078125,401300,0.0,0.0
2003-02-28 00:00:00-05:00,14.451904638139935,14.738459437553713,14.451904638139935,14.576078414916992,412100,0.0,0.0
2003-03-03 00:00:00-05:00,14.566527274252747,14.900841379346364,14.566527274252747,14.776667594909668,742600,0.0,0.0
2003-03-04 00:00:00-05:00,14.728907668420073,14.805322161540511,14.136694891270364,14.518767356872559,601300,0.0,0.0
2003-03-05 00:00:00-05:00,14.518768562794246,14.833978600830399,14.480561313060551,14.662046432495117,320300,0.0,0.0
2003-03-06 00:00:00-05:00,14.61428519659465,14.671595608097544,14.079382860616441,14.2799711227417,666800,0.0,0.0
2003-03-07 00:00:00-05:00,14.22266055859504,14.547421679135276,14.088934748302549,14.308626174926758,658600,0.0,0.0
2003-03-10 00:00:00-05:00,14.26086886102877,14.289524068598976,13.716414451599121,13.716414451599121,602200,0.0,0.0
2003-03-11 00:00:00-05:00,13.725966873176047,14.365938962631516,13.372549600197042,14.213109970092773,926700,0.0,0.0
2003-03-12 00:00:00-05:00,14.241766968640858,14.432803233327412,14.06983387495658,14.23221492767334,335000,0.0,0.0
2003-03-13 00:00:00-05:00,14.365939064556864,14.681149091637575,14.299076607579943,14.385043144226074,419600,0.0,0.0
2003-03-14 00:00:00-05:00,14.394593047815306,14.490111616165203,14.184453654937657,14.43280029296875,309100,0.0,0.0
2003-03-17 00:00:00-05:00,14.375492190309227,14.805323995076517,14.031626017749216,14.728909492492676,440300,0.0,0.0
2003-03-18 00:00:00-05:00,14.795772951949047,14.833980205816635,14.576081469943603,14.719358444213867,531600,0.0,0.0
2003-03-19 00:00:00-05:00,14.805323130986185,15.330672577855685,14.71935659286349,15.273362159729004,631400,0.0,0.0
2003-03-20 00:00:00-05:00,15.168294545587864,15.311572432540578,14.948602149966824,15.235157012939453,668100,0.0,0.0
2003-03-21 00:00:00-05:00,15.387986147142135,15.789162752415326,15.216053056044267,15.760506629943848,721400,0.0,0.0
2003-03-24 00:00:00-05:00,15.426189345814006,15.46439750132521,15.015461694326762,15.063220977783203,732800,0.0,0.0
2003-03-25 00:00:00-05:00,15.101430713129046,15.550366594173115,15.04411938134211,15.502606391906738,366700,0.0,0.0
2003-03-26 00:00:00-05:00,15.502604976468872,15.67453804519892,15.368880066063396,15.598123550415039,748000,0.0,0.0
2003-03-27 00:00:00-05:00,15.569468125778005,16.266752471365155,15.502605667594455,16.209440231323242,995300,0.0,0.0
2003-03-28 00:00:00-05:00,16.113924852963407,16.190339357688515,15.68409212521874,15.760506629943848,712700,0.0,0.0
2003-03-31 00:00:00-05:00,15.760504102159542,16.094818189911727,15.521708585460155,16.075714111328125,663900,0.0,0.0
2003-04-01 00:00:00-05:00,16.03750773879832,16.257199176404132,15.731847947765853,16.08526611328125,515500,0.0,0.0
2003-04-02 00:00:00-05:00,16.1330222363826,16.276300983567097,15.989745311063055,16.15212631225586,500400,0.0,0.0
2003-04-03 00:00:00-05:00,16.161680492830193,16.180784571236178,15.84647048659219,15.91333293914795,318300,0.0,0.0
2003-04-04 00:00:00-05:00,15.951544363947969,15.970646624402237,15.512159579919622,15.836921691894531,565300,0.0,0.0
2003-04-07 00:00:00-04:00,16.027958307414476,16.22854569911832,15.68409212521874,15.760506629943848,550400,0.0,0.0
2003-04-08 00:00:00-04:00,11.55770503329209,12.665716244232605,11.127872312726598,12.465127944946289,8713300,0.0,0.0
2003-04-09 00:00:00-04:00,12.417370189260014,12.751684366420923,12.274093205295538,12.531991958618164,2849800,0.0,0.0
2003-04-10 00:00:00-04:00,12.57019519486006,12.579747233651512,12.25498520220267,12.379158973693848,1228100,0.0,0.0
2003-04-11 00:00:00-04:00,12.474679359890086,12.637059488374398,12.417368029711803,12.589301109313965,530200,0.0,0.0
2003-04-14 00:00:00-04:00,12.656162590095187,13.019131890670208,12.560644017495004,12.971372604370117,699300,0.0,0.0
2003-04-15 00:00:00-04:00,12.808990785415508,13.0668903689282,12.68481701308709,12.751680374145508,856500,0.0,0.0
2003-04-16 00:00:00-04:00,12.751683316443573,12.980926836283896,12.446024379057038,12.551095008850098,648800,0.0,0.0
2003-04-17 00:00:00-04:00,12.608403504286539,12.78988861292623,12.46512655404058,12.7421293258667,733000,0.0,0.0
2003-04-21 00:00:00-04:00,12.751681055271675,12.92361320919793,12.65616248347617,12.799439430236816,326600,0.0,0.0
2003-04-22 00:00:00-04:00,12.646608192783967,13.124199144876405,12.560641675658138,12.87585163116455,516500,0.0,0.0
2003-04-23 00:00:00-04:00,12.894959969554398,13.238825240806724,12.751683000932449,13.162410736083984,623500,0.0,0.0
2003-04-24 00:00:00-04:00,13.085996312558336,13.277032575550543,13.038237019077096,13.152859687805176,527300,0.0,0.0
2003-04-25 00:00:00-04:00,13.133755524546146,13.162410736083984,13.000029685814976,13.162410736083984,273800,0.0,0.0
2003-04-28 00:00:00-04:00,13.143306990211824,13.506276327227487,13.133754949806297,13.468069076538086,537400,0.0,0.0
2003-04-29 00:00:00-04:00,13.429860527680669,13.897899531117043,13.324789915241704,13.534930229187012,719700,0.0,0.0
2003-04-30 00:00:00-04:00,13.420309771635912,13.534931523586188,13.229273518385453,13.277031898498535,560600,0.0,0.0
2003-05-01 00:00:00-04:00,13.362996101379395,13.468066705477037,13.181511920288314,13.362996101379395,614800,0.0,0.0
2003-05-02 00:00:00-04:00,13.372551791656907,13.611347359365066,13.315240454596516,13.58269214630127,743400,0.0,0.0
2003-05-05 00:00:00-04:00,13.611346019505502,13.936108105369254,13.515827437451678,13.84058952331543,656600,0.0,0.0
2003-05-06 00:00:00-04:00,13.811934182560462,13.964763183656299,13.659105181464625,13.678208351135254,518800,0.0,0.0
2003-05-07 00:00:00-04:00,13.668658809059778,13.897902337324782,13.659106767648868,13.745073318481445,822500,0.0,0.0
2003-05-08 00:00:00-04:00,13.706862752439015,13.716413880609739,13.563584898687136,13.639999389648438,405900,0.0,0.0
2003-05-09 00:00:00-04:00,13.640000406645143,13.82148551940918,13.563585909986386,13.82148551940918,717000,0.0,0.0
2003-05-12 00:00:00-04:00,13.754623849989008,14.155800462449191,13.725968637936928,14.041178703308105,429500,0.0,0.0
2003-05-13 00:00:00-04:00,13.955211997419319,13.993419250031577,13.773727775244279,13.888349533081055,418200,0.0,0.0
2003-05-14 00:00:00-04:00,13.897898675161263,14.127142143019505,13.80238010808738,14.088934898376465,694300,0.0,0.0
2003-05-15 00:00:00-04:00,14.375491933055896,15.149188985604953,14.184455680014937,14.967704772949219,1517500,0.0,0.0
2003-05-16 00:00:00-04:00,14.652494061062825,14.843530305412322,14.365939239072244,14.537872314453125,497000,0.0,0.0
2003-05-19 00:00:00-04:00,14.432801408568238,14.537872024061192,13.831036567687988,13.831036567687988,696700,0.0,0.0
2003-05-20 00:00:00-04:00,13.859693462029323,14.07938492319536,13.70686446105596,14.060281753540039,861300,0.0,0.0
2003-05-21 00:00:00-04:00,13.98386888815736,14.041179314757208,13.5826922582272,13.745073318481445,596300,0.0,0.0
2003-05-22 00:00:00-04:00,13.773724142759539,14.060278917246006,13.639998338417183,13.85969066619873,218600,0.0,0.0
2003-05-23 00:00:00-04:00,13.859694880929323,14.041179110431646,13.7546242488039,13.783280372619629,359600,0.0,0.0
2003-05-27 00:00:00-04:00,13.783276941232144,14.098486937270367,13.754620824550438,14.088934898376465,546800,0.0,0.0
2003-05-28 00:00:00-04:00,14.041178178321655,14.050730218959462,13.678208832479584,13.773727416992188,762200,0.0,0.0
2003-05-29 00:00:00-04:00,13.840588027124838,14.251316610250045,13.649551794601233,14.146246910095215,737700,0.0,0.0
2003-05-30 00:00:00-04:00,14.136693994958673,14.337282254415038,14.060279506683157,14.318178176879883,435500,0.0,0.0
2003-06-02 00:00:00-04:00,14.346834758391362,14.39459313191275,13.554032822693618,13.649551391601562,834600,0.0,0.0
2003-06-03 00:00:00-04:00,13.611346723908989,13.993419250031577,13.611346723908989,13.888349533081055,472800,0.0,0.0
2003-06-04 00:00:00-04:00,13.917003082748638,14.614286498314216,13.869244705886496,14.595182418823242,620900,0.0,0.0
2003-06-05 00:00:00-04:00,14.566527616843977,15.139637264502712,14.260869623923412,15.08232593536377,1029700,0.0,0.0
2003-06-06 00:00:00-04:00,15.187395086545182,15.311569780287812,14.748011282345463,14.814874649047852,716000,0.0,0.0
2003-06-09 00:00:00-04:00,14.900842802480502,14.900842802480502,14.088937561672067,14.127144813537598,850100,0.0,0.0
2003-06-10 00:00:00-04:00,14.146249255076702,14.662047623859094,14.146249255076702,14.614288330078125,205800,0.0,0.0
2003-06-11 00:00:00-04:00,14.566527386358493,14.891289454164234,14.299076646784858,14.748011589050293,648800,0.0,0.0
2003-06-12 00:00:00-04:00,14.709803419546516,15.26380894372862,14.709803419546516,15.130084037780762,508600,0.0,0.0
2003-06-13 00:00:00-04:00,15.091878074141174,15.101430114215622,14.7098046695574,14.872185707092285,338600,0.0,0.0
2003-06-16 00:00:00-04:00,14.824425766886074,15.187394142150879,14.824425766886074,15.187394142150879,487600,0.0,0.0
2003-06-17 00:00:00-04:00,14.891288711236554,15.23515393067576,14.738459724819128,15.091876983642578,1411800,0.0,0.0
2003-06-18 00:00:00-04:00,14.824426266024238,14.919943927124313,14.795770147854864,14.900840759277344,750900,0.0,0.0
2003-06-19 00:00:00-04:00,14.919943665802554,15.025013364452132,14.46145671431429,14.566526412963867,484300,0.0,0.0
2003-06-20 00:00:00-04:00,14.604734983879927,14.919945019357483,14.385043527427616,14.68114948272705,576000,0.0,0.0
2003-06-23 00:00:00-04:00,14.518765942645798,14.547421147041597,14.32772972845293,14.423248291015625,535700,0.0,0.0
2003-06-24 00:00:00-04:00,14.423248670426528,14.59518081225661,14.299074900201578,14.346834182739258,596600,0.0,0.0
2003-06-25 00:00:00-04:00,14.308628006152382,14.423250664462588,14.251317587929952,14.32773208618164,1039000,0.0,0.0
2003-06-26 00:00:00-04:00,14.327730252511067,14.375489535539282,14.251315764038946,14.308626174926758,802700,0.0,0.0
2003-06-27 00:00:00-04:00,14.299076452437468,14.509215860922863,14.279972372975534,14.413698196411133,1346800,0.0,0.0
2003-06-30 00:00:00-04:00,14.404145389911957,14.681148150835932,14.385042222399578,14.566526412963867,1561400,0.0,0.0
2003-07-01 00:00:00-04:00,14.423249278921384,14.709803164371639,14.27997142526367,14.60473346710205,828200,0.0,0.0
2003-07-02 00:00:00-04:00,14.595184030512009,16.02795826790809,14.595184030512009,15.770058631896973,5238700,0.0,0.0
2003-07-03 00:00:00-04:00,15.502605746270818,15.951542519550763,15.33067266900321,15.817815780639648,729900,0.0,0.0
2003-07-07 00:00:00-04:00,15.903780998595742,16.46733856201172,15.903780998595742,16.46733856201172,1280300,0.0,0.0
2003-07-08 00:00:00-04:00,16.410030364990234,16.56285937010006,16.29540770022514,16.410030364990234,700100,0.0,0.0
2003-07-09 00:00:00-04:00,16.228546883418947,16.51510266344903,16.123476248554688,16.448238372802734,879600,0.0,0.0
2003-07-10 00:00:00-04:00,16.362269584353243,16.362269584353243,16.075715665359045,16.142578125,628100,0.0,0.0
2003-07-11 00:00:00-04:00,16.094820352098075,16.410030403612136,16.094820352098075,16.40047836303711,659900,0.0,0.0
2003-07-14 00:00:00-04:00,16.371819501372823,16.71568561706355,16.371819501372823,16.57240867614746,1234200,0.0,0.0
2003-07-15 00:00:00-04:00,16.63927420137978,16.85896567283219,16.543755615832715,16.715688705444336,516200,0.0,0.0
2003-07-16 00:00:00-04:00,16.763441685302983,16.811201873618643,16.371817250439065,16.648820877075195,437900,0.0,0.0
2003-07-17 00:00:00-04:00,16.534202072022218,16.66792880837765,16.228544083550346,16.266752243041992,423800,0.0,0.0
2003-07-18 00:00:00-04:00,16.285856889765117,16.419583645735862,15.989750897732732,16.171236038208008,876900,0.0,0.0
2003-07-21 00:00:00-04:00,16.14257754655947,16.410029197405017,16.04705896969568,16.266752243041992,635400,0.0,0.0
2003-07-22 00:00:00-04:00,16.18078377219863,16.429131313617006,16.14257561727345,16.276302337646484,451500,0.0,0.0
2003-07-23 00:00:00-04:00,16.285856810659364,16.467341950253108,15.93244039456508,16.190340042114258,725500,0.0,0.0
2003-07-24 00:00:00-04:00,14.929497531955919,15.225603496626924,14.805323739666148,15.149188995361328,3045900,0.0,0.0
2003-07-25 00:00:00-04:00,14.99635803490965,15.35932732399841,14.948598750120915,14.977254867553711,1199900,0.0,0.0
2003-07-28 00:00:00-04:00,14.98680683178285,15.04411815891288,14.853081920033848,14.996358871459961,1317800,0.0,0.0
2003-07-29 00:00:00-04:00,14.958150445419875,15.27336044247412,14.862632788970673,15.044116973876953,574500,0.0,0.0
2003-07-30 00:00:00-04:00,15.015463477145563,15.254259011847923,14.996359397121692,15.08232593536377,806300,0.0,0.0
2003-07-31 00:00:00-04:00,15.091878185340843,15.48350181101926,15.082326145196014,15.225603103637695,786600,0.0,0.0
2003-08-01 00:00:00-04:00,15.177846586904606,15.407089201976792,15.139639332570441,15.235157012939453,380800,0.0,0.0
2003-08-04 00:00:00-04:00,15.235154759244303,15.37843262500231,15.235154759244303,15.311570167541504,367200,0.0,0.0
2003-08-05 00:00:00-04:00,15.330672861735172,15.426191441625265,14.75756411519268,14.843530654907227,1367000,0.0,0.0
2003-08-06 00:00:00-04:00,14.93904652480263,14.93904652480263,14.337281766895703,14.423248291015625,754900,0.0,0.0
2003-08-07 00:00:00-04:00,15.43574513743076,15.626782317701496,14.671599149146184,14.719358444213867,1601800,0.0,0.0
2003-08-08 00:00:00-04:00,14.70025303415831,14.910392442963149,14.566527210519427,14.595182418823242,853300,0.0,0.0
2003-08-11 00:00:00-04:00,14.700253098476725,15.044118332424969,14.671596979114883,14.776667594909668,631900,0.0,0.0
2003-08-12 00:00:00-04:00,15.36888102243736,15.36888102243736,14.709804825247634,14.843530654907227,561000,0.0,0.0
2003-08-13 00:00:00-04:00,14.833979007765867,15.082326593314061,14.76711654663086,14.76711654663086,449600,0.0,0.0
2003-08-14 00:00:00-04:00,14.738460596804982,15.044118587723773,14.709804476956846,14.910392761230469,437600,0.0,0.0
2003-08-15 00:00:00-04:00,14.929497522341027,15.053671314550828,14.900842312118062,14.967704772949219,107100,0.0,0.0
2003-08-18 00:00:00-04:00,14.900841672013144,15.302018241631913,14.900841672013144,15.282914161682129,281200,0.0,0.0
2003-08-19 00:00:00-04:00,15.235155280325957,15.540814191171098,15.235155280325957,15.397537231445312,376900,0.0,0.0
2003-08-20 00:00:00-04:00,15.397536819515494,15.473951317449291,15.216051703723224,15.282914161682129,296700,0.0,0.0
2003-08-21 00:00:00-04:00,15.244707787058983,15.483502423598404,15.235155746536243,15.302019119262695,879700,0.0,0.0
2003-08-22 00:00:00-04:00,15.302020391223838,15.397538982525647,15.235157012939453,15.235157012939453,374600,0.0,0.0
2003-08-25 00:00:00-04:00,15.22560311779277,15.426191406357223,15.22560311779277,15.407087326049805,229200,0.0,0.0
2003-08-26 00:00:00-04:00,15.36888073785037,15.426191155977053,14.919944878172222,15.273362159729004,296700,0.0,0.0
2003-08-27 00:00:00-04:00,15.235154834861065,15.33067250157449,15.072773799422308,15.292466163635254,658100,0.0,0.0
2003-08-28 00:00:00-04:00,15.28291384923988,15.416638762423833,15.044118320345508,15.340224266052246,395900,0.0,0.0
2003-08-29 00:00:00-04:00,15.330673660046532,15.493054707755716,15.28291527854726,15.435744285583496,510800,0.0,0.0
2003-09-02 00:00:00-04:00,15.378433916928019,16.11392465451532,15.378433916928019,15.98019790649414,612100,0.0,0.0
2003-09-03 00:00:00-04:00,16.08526558362634,16.63927108996603,15.664984978927738,16.581960678100586,793600,0.0,0.0
2003-09-04 00:00:00-04:00,16.49599549445472,16.71568694274021,16.10437097468832,16.30495834350586,370300,0.0,0.0
2003-09-05 00:00:00-04:00,16.190340539200985,16.610619434926758,16.180788497680084,16.448238372802734,439800,0.0,0.0
2003-09-08 00:00:00-04:00,16.28585503467734,16.706135693533156,16.142578075618538,16.52465057373047,434000,0.0,0.0
2003-09-09 00:00:00-04:00,16.218992558871495,16.228544599047826,15.789161682128906,15.789161682128906,775700,0.0,0.0
2003-09-10 00:00:00-04:00,15.626778954442292,15.903780802165256,14.69070006975389,14.977254867553711,1922800,0.0,0.0
2003-09-11 00:00:00-04:00,15.025013703208371,15.091877068340702,14.833977469114462,14.881736755371094,568700,0.0,0.0
2003-09-12 00:00:00-04:00,14.872183916962795,15.082324218643148,14.690699732056515,15.044116973876953,411400,0.0,0.0
2003-09-15 00:00:00-04:00,15.091877446365798,15.359328180796444,14.910392336231236,14.996358871459961,406700,0.0,0.0
2003-09-16 00:00:00-04:00,14.996359011345119,15.292465867569167,14.986806971578906,15.158740043640137,227600,0.0,0.0
2003-09-17 00:00:00-04:00,15.091876754470519,15.368879515878934,15.082324715231325,15.139636039733887,195400,0.0,0.0
2003-09-18 00:00:00-04:00,15.187395990106465,15.464399691192988,15.091878320600172,15.397537231445312,496600,0.0,0.0
2003-09-19 00:00:00-04:00,15.28291527854726,15.473952448275291,15.28291527854726,15.435744285583496,355400,0.0,0.0
2003-09-22 00:00:00-04:00,15.311570699333346,15.579020538465468,15.282914578626881,15.56946849822998,488500,0.0,0.0
2003-09-23 00:00:00-04:00,15.512161312663421,15.836923460915003,15.416642712260174,15.684094429016113,425300,0.0,0.0
2003-09-24 00:00:00-04:00,15.598125333292678,15.77961046234776,15.28291527854726,15.435744285583496,580700,0.0,0.0
2003-09-25 00:00:00-04:00,15.387984741281347,15.483501497062106,15.091877879324594,15.292466163635254,772500,0.0,0.0
2003-09-26 00:00:00-04:00,15.254258990664333,15.36888073785037,15.23515491066699,15.273362159729004,708100,0.0,0.0
2003-09-29 00:00:00-04:00,15.254258640833699,15.387984464950302,15.225602521494865,15.340224266052246,304400,0.0,0.0
2003-09-30 00:00:00-04:00,15.235153197707925,15.416637382614205,15.044116973876953,15.044116973876953,612900,0.0,0.0
2003-10-01 00:00:00-04:00,15.09187816197573,15.43574340826301,15.044118872258215,15.41663932800293,587700,0.0,0.0
2003-10-02 00:00:00-04:00,15.502605615508628,15.502605615508628,15.187395583798548,15.282914161682129,324200,0.0,0.0
2003-10-03 00:00:00-04:00,15.378436084810719,15.98975220125965,15.368884042757987,15.731852531433105,369800,0.0,0.0
2003-10-06 00:00:00-04:00,15.712747087314382,15.712747087314382,15.48350176820317,15.617228507995605,299900,0.0,0.0
2003-10-07 00:00:00-04:00,15.550365675613516,15.569467933526266,15.321122183872609,15.493053436279297,552800,0.0,0.0
2003-10-08 00:00:00-04:00,15.349775462905528,15.617227096451744,15.282913009985275,15.51215648651123,741100,0.0,0.0
2003-10-09 00:00:00-04:00,15.512159269502892,15.836921374978925,15.28291575184902,15.53126335144043,490900,0.0,0.0
2003-10-10 00:00:00-04:00,15.52171194184924,15.731851386113428,15.445297432856298,15.588574409484863,385300,0.0,0.0
2003-10-13 00:00:00-04:00,15.55991970876997,15.989750627647169,15.540815626544614,15.856025695800781,396400,0.0,0.0
2003-10-14 00:00:00-04:00,15.856024103135978,15.932438602496365,15.760505523469151,15.798713684082031,203900,0.0,0.0
2003-10-15 00:00:00-04:00,15.94199081405316,16.094819814417107,15.760505692921452,15.951542854309082,300000,0.0,0.0
2003-10-16 00:00:00-04:00,16.037507505300482,16.123472213745117,15.922884857599005,16.123472213745117,165100,0.0,0.0
2003-10-17 00:00:00-04:00,16.066163693649344,16.094819814417107,15.856024273615267,15.951542854309082,423700,0.0,0.0
2003-10-20 00:00:00-04:00,15.922887330034568,16.027957954920396,15.875128948831263,16.01840591430664,604400,0.0,0.0
2003-10-21 00:00:00-04:00,15.808263798645887,16.113923615947257,15.722297259696338,15.999300956726074,212300,0.0,0.0
2003-10-22 00:00:00-04:00,15.961095284632533,15.970647326212202,15.426193709230574,15.521712303161621,508200,0.0,0.0
2003-10-23 00:00:00-04:00,15.091879723593383,15.454849087698644,15.04412042893402,15.110982894897461,1712200,0.0,0.0
2003-10-24 00:00:00-04:00,15.05367247005245,15.120534936015888,14.700255147065615,15.110982894897461,886800,0.0,0.0
2003-10-27 00:00:00-05:00,15.044117543402423,15.120532035827637,14.814874066126782,15.120532035827637,515900,0.0,0.0
2003-10-28 00:00:00-05:00,14.843529498971602,15.101429098031382,14.805322252177481,15.072772979736328,477000,0.0,0.0
2003-10-29 00:00:00-05:00,14.948599199922281,15.082325019168012,14.929496031991528,15.072772979736328,589900,0.0,0.0
2003-10-30 00:00:00-05:00,15.0441169000276,15.091876183484041,14.891287921713039,15.063220977783203,724300,0.0,0.0
2003-10-31 00:00:00-05:00,15.015461993586651,15.292464750035633,14.958150670110188,15.187394142150879,1191300,0.0,0.0
2003-11-03 00:00:00-05:00,15.158738935878938,15.216050259355402,15.044117199858592,15.187394142150879,665000,0.0,0.0
2003-11-04 00:00:00-05:00,14.996358220900301,15.26380894372862,14.767114744190314,15.130084037780762,364500,0.0,0.0
2003-11-05 00:00:00-05:00,15.063222670403833,15.31157024353754,14.986807261727359,15.292466163635254,343600,0.0,0.0
2003-11-06 00:00:00-05:00,15.330672826685507,15.445295486664639,15.139637489207452,15.407087326049805,309200,0.0,0.0
2003-11-07 00:00:00-05:00,15.464399299733039,15.617228295820606,15.32112234363411,15.47395133972168,432900,0.0,0.0
2003-11-10 00:00:00-05:00,15.426190349695373,15.588571377454914,15.21605094630401,15.244706153869629,259400,0.0,0.0
2003-11-11 00:00:00-05:00,15.244706153869629,15.407086270696546,15.187394827805768,15.244706153869629,220900,0.0,0.0
2003-11-12 00:00:00-05:00,15.244706934657655,15.52170971779954,15.187395605658482,15.47395133972168,618300,0.0,0.0
2003-11-13 00:00:00-05:00,15.47395220494111,15.512158545166622,15.273362997694479,15.302019119262695,333600,0.0,0.0
2003-11-14 00:00:00-05:00,15.282912673642455,15.473949810809051,15.13963573170009,15.196946144104004,251700,0.0,0.0
2003-11-17 00:00:00-05:00,15.091877422721632,15.158739878491382,14.75756332200761,14.814874649047852,666700,0.0,0.0
2003-11-18 00:00:00-05:00,14.958152191171074,15.187395686523022,14.633390117289476,14.7002534866333,388100,0.0,0.0
2003-11-19 00:00:00-05:00,14.70025225498958,15.158739207279675,14.70025225498958,15.139636039733887,289700,0.0,0.0
2003-11-20 00:00:00-05:00,15.005910148673689,15.426189852852781,14.891288411170299,14.958150863647461,319400,0.0,0.0
2003-11-21 00:00:00-05:00,15.951542385001858,15.951542385001858,14.327732026576996,15.282914161682129,702500,0.0,0.0
2003-11-24 00:00:00-05:00,15.340224998174424,15.598124618936446,15.282914578626881,15.56946849822998,574400,0.0,0.0
2003-11-25 00:00:00-05:00,15.473951549950124,15.66498688672231,15.292466431430984,15.617228507995605,290300,0.0,0.0
2003-11-26 00:00:00-05:00,15.655434358989439,15.894229888916016,15.521709445227456,15.894229888916016,755400,0.0,0.0
2003-11-28 00:00:00-05:00,15.836922486823834,15.922889039712583,15.69364550596447,15.875130653381348,111000,0.0,0.0
2003-12-01 00:00:00-05:00,15.922885359549435,16.037508010864258,15.368879825569131,16.037508010864258,587600,0.0,0.0
2003-12-02 00:00:00-05:00,15.884673668596829,16.027952406337196,15.817811229312566,15.970640182495117,434700,0.0,0.0
2003-12-03 00:00:00-05:00,15.903780899944957,16.008851509312688,15.808262329780218,15.91333293914795,637700,0.0,0.0
2003-12-04 00:00:00-05:00,15.817814368983212,15.94198905675693,15.684089463871693,15.91333293914795,372400,0.0,0.0
2003-12-05 00:00:00-05:00,15.7605078513837,15.999303424889513,15.7605078513837,15.88468074798584,304600,0.0,0.0
2003-12-08 00:00:00-05:00,15.85602189154326,16.658374933848073,15.85602189154326,16.620166778564453,1582400,0.0,0.0
2003-12-09 00:00:00-05:00,16.476890563964844,16.648823626565516,16.429132189626966,16.476890563964844,1050900,0.0,0.0
2003-12-10 00:00:00-05:00,16.47688983998112,16.71568534490838,16.429131467741716,16.620166778564453,673600,0.0,0.0
2003-12-11 00:00:00-05:00,16.63927209265578,17.241036008168372,16.63927209265578,17.145519256591797,1437400,0.0,0.0
2003-12-12 00:00:00-05:00,17.145515655322086,17.174169946030364,16.734787151097926,17.08820343017578,640500,0.0,0.0
2003-12-15 00:00:00-05:00,17.31744649741067,17.36520668401835,16.715682721072586,16.76344108581543,503700,0.0,0.0
2003-12-16 00:00:00-05:00,16.83985964225874,17.174173742046307,16.7156867707255,17.097759246826172,473300,0.0,0.0
2003-12-17 00:00:00-05:00,17.050002303510862,17.25058968712296,16.667929795298228,17.193279266357422,585100,0.0,0.0
2003-12-18 00:00:00-05:00,17.193277159764683,17.79504105873576,17.193277159764683,17.623109817504883,726700,0.0,0.0
2003-12-19 00:00:00-05:00,17.670867337768524,17.670867337768524,17.327001228198892,17.393863677978516,924300,0.0,0.0
2003-12-22 00:00:00-05:00,17.43207123505239,17.594452245458985,17.269690224645792,17.527589797973633,870600,0.0,0.0
2003-12-23 00:00:00-05:00,17.584902553389483,17.814146041870117,17.479831937969706,17.814146041870117,595900,0.0,0.0
2003-12-24 00:00:00-05:00,17.71862629366208,17.785490567509616,17.651763841679724,17.670867919921875,93200,0.0,0.0
2003-12-26 00:00:00-05:00,17.57535322277383,17.83325287026775,17.57535322277383,17.65176773071289,89700,0.0,0.0
2003-12-29 00:00:00-05:00,17.670870513916014,18.024288725815133,17.59445601159532,17.909666061401367,345400,0.0,0.0
2003-12-30 00:00:00-05:00,17.957424838940316,17.976528920408978,17.709079067309684,17.833251953125,294700,0.0,0.0
2003-12-31 00:00:00-05:00,17.785488007385403,17.938316967593373,17.689969451789192,17.7950382232666,297300,0.0,0.0
2004-01-02 00:00:00-05:00,17.718628582143257,18.03383862638958,17.67087020223473,17.966976165771484,254800,0.0,0.0
2004-01-05 00:00:00-05:00,18.00518532599323,18.148462295532227,17.900114698127396,18.148462295532227,305500,0.0,0.0
2004-01-06 00:00:00-05:00,18.1007039129744,18.148462295532227,17.957425121569894,18.148462295532227,850200,0.0,0.0
2004-01-07 00:00:00-05:00,18.02428490494016,18.31083877243133,17.9574206354515,18.29173469543457,276800,0.0,0.0
2004-01-08 00:00:00-05:00,18.291737736296827,18.291737736296827,17.976527700909244,18.072046279907227,232600,0.0,0.0
2004-01-09 00:00:00-05:00,17.8619062785578,18.119804064980233,17.718627503821082,17.804594039916992,254900,0.0,0.0
2004-01-12 00:00:00-05:00,17.689973785780666,18.119804658473534,17.670869705608,18.072046279907227,272500,0.0,0.0
2004-01-13 00:00:00-05:00,18.04339004561082,18.19621904229554,17.976527587294424,18.1007022857666,276800,0.0,0.0
2004-01-14 00:00:00-05:00,18.12935899824849,18.36815456510171,18.052944489730088,18.35860252380371,157800,0.0,0.0
2004-01-15 00:00:00-05:00,18.26308401864228,18.387256899982415,17.99563235331644,18.33949851989746,252200,0.0,0.0
2004-01-16 00:00:00-05:00,18.243979909478533,18.377704831000695,17.88100966268206,17.95742416381836,555100,0.0,0.0
2004-01-20 00:00:00-05:00,18.04338895008765,18.138907522682427,17.795041390087327,17.93832015991211,791200,0.0,0.0
2004-01-21 00:00:00-05:00,17.976528537234874,18.377705130198123,17.957424456173424,18.272634506225586,656100,0.0,0.0
2004-01-22 00:00:00-05:00,17.94787294134521,18.25353092879258,17.432073721128788,18.167564392089844,2269900,0.0,0.0
2004-01-23 00:00:00-05:00,18.08160030675728,18.339499951829623,17.670871647241817,18.05294418334961,1559300,0.0,0.0
2004-01-26 00:00:00-05:00,18.1007022857666,18.243979242425354,17.861906750713562,18.1007022857666,452200,0.0,0.0
2004-01-27 00:00:00-05:00,17.85234742189923,18.196211613113682,17.766380918629466,18.033830642700195,879400,0.0,0.0
2004-01-28 00:00:00-05:00,18.177118060933218,18.320395027656247,17.938322509106342,18.21532440185547,439300,0.0,0.0
2004-01-29 00:00:00-05:00,18.19622392818281,18.349052965903816,17.966980371601306,18.26308822631836,730300,0.0,0.0
2004-01-30 00:00:00-05:00,18.148459925857065,18.45411790679411,18.062493390985363,18.24397850036621,663200,0.0,0.0
2004-02-02 00:00:00-05:00,18.234427752245484,18.320394293206064,17.87145750777516,17.986080169677734,604900,0.0,0.0
2004-02-03 00:00:00-05:00,17.947874223494438,18.14846160888672,17.642214392346215,17.909666061401367,585900,0.0,0.0
2004-02-04 00:00:00-05:00,17.947872814653714,17.947872814653714,17.584902590723132,17.804594039916992,373100,0.0,0.0
2004-02-05 00:00:00-05:00,17.86191156625469,17.947878127799452,17.76639296210875,17.890565872192383,935600,0.0,0.0
2004-02-06 00:00:00-05:00,17.775939867939737,18.167564392089844,17.71862762889437,18.167564392089844,346500,0.0,0.0
2004-02-09 00:00:00-05:00,18.08159778004935,18.32039330948082,18.072045740248253,18.186668395996094,290000,0.0,0.0
2004-02-10 00:00:00-05:00,18.18666770027344,18.396807102262837,18.138907503095005,18.320392608642578,568800,0.0,0.0
2004-02-11 00:00:00-05:00,18.272536478560323,18.454400892481928,18.186390273317087,18.377826690673828,431600,0.04,0.0
2004-02-12 00:00:00-05:00,18.28210381818704,18.961699457658334,18.24381581421386,18.95212745666504,1450500,0.0,0.0
2004-02-13 00:00:00-05:00,18.98084645824587,18.999990463256836,18.71283586511075,18.999990463256836,499500,0.0,0.0
2004-02-17 00:00:00-05:00,19.01913465193536,19.172283042156437,18.9329884542269,19.0957088470459,935600,0.0,0.0
2004-02-18 00:00:00-05:00,18.980846380114382,19.009562387512627,18.693693608823118,18.94256019592285,440100,0.0,0.0
2004-02-19 00:00:00-05:00,18.81812662581872,19.124423412398716,18.76069643475319,18.798982620239258,828200,0.0,0.0
2004-02-20 00:00:00-05:00,18.760695588421125,19.03827635410971,18.760695588421125,18.865983963012695,485000,0.0,0.0
2004-02-23 00:00:00-05:00,18.98084565241002,18.999989656608225,18.530972507788594,18.540544509887695,1141800,0.0,0.0
2004-02-24 00:00:00-05:00,18.521400451660156,18.712835016065576,18.3395360636532,18.521400451660156,452900,0.0,0.0
2004-02-25 00:00:00-05:00,18.473546320714238,18.66498277171914,18.425688120799663,18.655410766601562,556800,0.0,0.0
2004-02-26 00:00:00-05:00,18.56925717678756,18.90426992025572,18.559685175468747,18.78940773010254,554300,0.0,0.0
2004-02-27 00:00:00-05:00,18.77983441747676,18.83726459012394,18.511823902336136,18.645828247070312,492900,0.0,0.0
2004-03-01 00:00:00-05:00,18.607547540960972,19.105278892929153,18.59797553842871,19.019134521484375,606900,0.0,0.0
2004-03-02 00:00:00-05:00,19.622158274965106,20.703769122923156,19.35414765104037,19.73702049255371,6376300,0.0,0.0
2004-03-03 00:00:00-05:00,19.71787736742326,20.483619433359404,19.66044716889632,20.292184829711914,1878500,0.0,0.0
2004-03-04 00:00:00-05:00,20.292180907291964,20.483615473935703,20.052886329732733,20.25389289855957,1034500,0.0,0.0
2004-03-05 00:00:00-05:00,20.10074381228252,20.483614757858128,20.10074381228252,20.39746856689453,727500,0.0,0.0
2004-03-08 00:00:00-05:00,20.51233397376854,20.579336171521636,19.909310542644768,20.01460075378418,775200,0.0,0.0
2004-03-09 00:00:00-05:00,20.196460920868333,20.196460920868333,19.650869624503514,19.82316017150879,254200,0.0,0.0
2004-03-10 00:00:00-05:00,19.612582179220254,20.16774549277288,19.58386617439641,19.603010177612305,490000,0.0,0.0
2004-03-11 00:00:00-05:00,19.679584280872838,20.043313037733128,19.516863905576944,19.54557991027832,436400,0.0,0.0
2004-03-12 00:00:00-05:00,19.53600436546627,19.832729057539723,19.287137846875783,19.660438537597656,567800,0.0,0.0
2004-03-15 00:00:00-05:00,19.344570071983515,19.497720259852027,19.258425715711674,19.287139892578125,269900,0.0,0.0
2004-03-16 00:00:00-05:00,19.325431510493225,19.45943589606012,18.971274715629928,19.153139114379883,289300,0.0,0.0
2004-03-17 00:00:00-05:00,19.16271362619247,19.583870843312937,19.16271362619247,19.536012649536133,467300,0.0,0.0
2004-03-18 00:00:00-05:00,19.449861610417503,19.670012168200014,19.335001243606026,19.507291793823242,323000,0.0,0.0
2004-03-19 00:00:00-05:00,19.564723630793203,19.95716656101327,19.402003257847866,19.91887855529785,481800,0.0,0.0
2004-03-22 00:00:00-05:00,19.660443238021514,19.71787342506596,19.047847882080752,19.124422073364258,677800,0.0,0.0
2004-03-23 00:00:00-05:00,19.26799701250417,19.26799701250417,18.82769590197813,18.846839904785156,421400,0.0,0.0
2004-03-24 00:00:00-05:00,18.999987820912576,18.999987820912576,18.540542718581623,18.636259078979492,1176600,0.0,0.0
2004-03-25 00:00:00-05:00,18.626687113865774,19.497720965687584,18.540542754475428,19.143564224243164,1863900,0.0,0.0
2004-03-26 00:00:00-05:00,19.220144802670458,19.33500702952659,18.837273755938607,18.961706161499023,388000,0.0,0.0
2004-03-29 00:00:00-05:00,19.114849855271242,19.191424045689555,18.913843290050437,18.99041748046875,540300,0.0,0.0
2004-03-30 00:00:00-05:00,18.95212845780997,19.47857758621573,18.904270275987905,19.469005584716797,576300,0.0,0.0
2004-03-31 00:00:00-05:00,19.42115002699692,21.41208096596615,19.306287819162623,21.019636154174805,5138700,0.0,0.0
2004-04-01 00:00:00-05:00,20.87605797203015,21.833236261036042,20.828199787848934,21.565227508544922,1290800,0.0,0.0
2004-04-02 00:00:00-05:00,21.72795028570301,22.48412026801798,21.593944069013684,22.417118072509766,1020000,0.0,0.0
2004-04-05 00:00:00-04:00,22.493684497603294,22.522400496757143,21.96723729282191,22.378822326660156,846800,0.0,0.0
2004-04-06 00:00:00-04:00,22.12039443997934,22.73298806033728,22.015104226852944,22.56069564819336,1320100,0.0,0.0
2004-04-07 00:00:00-04:00,22.493686439404776,22.57983261863076,22.158673723045112,22.359682083129883,832100,0.0,0.0
2004-04-08 00:00:00-04:00,22.44583178415349,22.742556544892814,22.38839977187668,22.73298454284668,513500,0.0,0.0
2004-04-12 00:00:00-04:00,22.732986496550147,23.671020869614726,22.646840296404125,23.336008071899414,1761700,0.0,0.0
2004-04-13 00:00:00-04:00,23.24986155475575,23.527442309677067,23.06799716835528,23.163715362548828,809800,0.0,0.0
2004-04-14 00:00:00-04:00,23.096712700086076,23.69016407827216,22.52240715266621,22.876562118530273,1226500,0.0,0.0
2004-04-15 00:00:00-04:00,22.92441796166874,23.201998682344353,22.397968871389686,22.704265594482422,794200,0.0,0.0
2004-04-16 00:00:00-04:00,22.618123241319513,22.962708025960602,22.58940905971461,22.68512725830078,489200,0.0,0.0
2004-04-19 00:00:00-04:00,22.608557497927542,23.182863150715818,22.47455126336022,23.087146759033203,553000,0.0,0.0
2004-04-20 00:00:00-04:00,22.962709701076374,23.096714093468876,22.464976492657193,22.531980514526367,533500,0.0,0.0
2004-04-21 00:00:00-04:00,22.723415174693386,22.723415174693386,22.120393581271795,22.58941078186035,1525500,0.0,0.0
2004-04-22 00:00:00-04:00,22.54154782785848,23.20200135412573,22.397971450584564,23.067996978759766,538200,0.0,0.0
2004-04-23 00:00:00-04:00,23.039280131622068,23.211572508327585,22.93398994015256,23.134998321533203,242300,0.0,0.0
2004-04-26 00:00:00-04:00,22.962713898040356,23.202008542862377,22.675561054523232,22.78084945678711,295800,0.0,0.0
2004-04-27 00:00:00-04:00,22.685130576541372,23.07757360504329,22.665986568889313,22.981855392456055,706400,0.0,0.0
2004-04-28 00:00:00-04:00,22.819131773077505,23.048854355611102,22.675555387203108,22.761701583862305,561300,0.0,0.0
2004-04-29 00:00:00-04:00,22.780844589784685,22.79041659261335,22.12996482849121,22.12996482849121,804400,0.0,0.0
2004-04-30 00:00:00-04:00,22.158676856246608,22.49368961997654,22.015100479125977,22.015100479125977,445700,0.0,0.0
2004-05-03 00:00:00-04:00,22.024674570683366,22.50326375694157,21.948100373908968,22.110820770263672,817000,0.0,0.0
2004-05-04 00:00:00-04:00,22.024673461914062,22.22568003370043,21.967243273642637,22.024673461914062,856000,0.0,0.0
2004-05-05 00:00:00-04:00,22.015103314165543,22.35011612103743,21.919385108534588,22.005531311035156,391600,0.0,0.0
2004-05-06 00:00:00-04:00,21.957673298056875,22.254398094799107,21.68966268526435,22.10124969482422,421200,0.0,0.0
2004-05-07 00:00:00-04:00,21.909813278903147,22.254398091634116,21.51737027581419,21.536514282226562,423100,0.0,0.0
2004-05-10 00:00:00-04:00,21.45036807904382,21.919385282109335,21.191929469495598,21.536514282226562,670800,0.0,0.0
2004-05-11 00:00:00-04:00,21.4886535865215,21.775806346536406,21.4886535865215,21.71837615966797,321500,0.0,0.0
2004-05-12 00:00:00-04:00,21.7279472247094,21.7279472247094,20.79948314440194,21.22064208984375,757900,0.0,0.0
2004-05-13 00:00:00-04:00,21.124925659668584,22.589409176277247,20.81862888315057,21.689661026000977,786400,0.0,0.0
2004-05-14 00:00:00-04:00,21.670512803402577,22.015097522756555,21.3642160864979,21.498220443725586,327000,0.0,0.0
2004-05-17 00:00:00-04:00,21.29722033255807,21.61308914536235,21.220646130231973,21.335508346557617,408000,0.0,0.0
2004-05-18 00:00:00-04:00,21.48865565116148,21.881098646201895,21.306791245319637,21.814096450805664,385100,0.0,0.0
2004-05-19 00:00:00-04:00,21.89066960083004,22.541549343273758,21.622659006407698,22.330970764160156,1333700,0.0,0.0
2004-05-20 00:00:00-04:00,22.177821901658227,22.35011429256404,21.881097131583083,22.0438175201416,574400,0.0,0.0
2004-05-21 00:00:00-04:00,22.005527827958105,22.397970765822777,21.928953640708233,22.177820205688477,295200,0.0,0.0
2004-05-24 00:00:00-04:00,22.30225317815272,22.59897975922979,22.072530610193905,22.50326156616211,280600,0.0,0.0
2004-05-25 00:00:00-04:00,22.397972143243052,23.0775696943428,22.244823759325058,22.924421310424805,469600,0.0,0.0
2004-05-26 00:00:00-04:00,22.876564658321524,22.905280669149736,22.58941185273145,22.694700241088867,239400,0.0,0.0
2004-05-27 00:00:00-04:00,22.771272356081496,23.230717496326275,22.656410158183952,23.14457130432129,632900,0.0,0.0
2004-05-28 00:00:00-04:00,23.163715172166608,23.25943153990076,22.780842398539242,23.067996978759766,405900,0.0,0.0
2004-06-01 00:00:00-04:00,22.943566399413612,23.345581414609722,22.704271790979572,22.97228240966797,377900,0.0,0.0
2004-06-02 00:00:00-04:00,23.058425716006408,23.096711899192822,22.72341294117973,22.96270751953125,318600,0.0,0.0
2004-06-03 00:00:00-04:00,22.828478801410565,22.895592895708873,22.26280025129353,22.339502334594727,338500,0.04,0.0
2004-06-04 00:00:00-04:00,22.588789737339333,22.82848403115705,22.39703539951856,22.6175537109375,158600,0.0,0.0
2004-06-07 00:00:00-04:00,22.713430062706134,23.25993271835366,22.713430062706134,23.231168746948242,288600,0.0,0.0
2004-06-08 00:00:00-04:00,23.231162728544504,23.269514680482708,23.001056503080463,23.144872665405273,224800,0.0,0.0
2004-06-09 00:00:00-04:00,23.15446889480838,23.969429876348713,23.07776679235296,23.700971603393555,1687100,0.0,0.0
2004-06-10 00:00:00-04:00,23.710555526623445,23.959837774013252,23.605091296793876,23.69137954711914,616100,0.0,0.0
2004-06-14 00:00:00-04:00,23.729726791381836,23.959833013548632,23.557146667576315,23.729726791381836,600900,0.0,0.0
2004-06-15 00:00:00-04:00,23.90231219907164,24.132418472106107,23.63385396617038,23.78725814819336,800100,0.0,0.0
2004-06-16 00:00:00-04:00,23.892721139384395,24.01736133549359,23.73931697707068,23.81601905822754,694700,0.0,0.0
2004-06-17 00:00:00-04:00,23.825608123625685,24.074890355830835,23.605089858924877,24.007776260375977,416600,0.0,0.0
2004-06-18 00:00:00-04:00,23.835197901025698,24.036540202495946,23.796845941475887,23.931074142456055,506300,0.0,0.0
2004-06-21 00:00:00-04:00,23.902310249171514,23.969424344741277,23.63385203817051,23.710554122924805,335300,0.0,0.0
2004-06-22 00:00:00-04:00,23.691378323178554,23.825608344052068,22.751777320673774,22.962709426879883,1563600,0.0,0.0
2004-06-23 00:00:00-04:00,23.010648868289522,23.46127341695358,22.962710747969414,23.3941593170166,285100,0.0,0.0
2004-06-24 00:00:00-04:00,23.442097893229455,23.72973025574976,23.31745586174122,23.490036010742188,453100,0.0,0.0
2004-06-25 00:00:00-04:00,23.490034356399022,23.624262538958888,23.20240201413593,23.499622344970703,532500,0.0,0.0
2004-06-28 00:00:00-04:00,23.585915845058988,23.96942630011643,23.4996257640808,23.78725814819336,599700,0.0,0.0
2004-06-29 00:00:00-04:00,23.82560794474823,23.96942412374632,23.624263831173355,23.777667999267578,499500,0.0,0.0
2004-06-30 00:00:00-04:00,23.80643653869629,23.950252745314973,23.51880412545892,23.80643653869629,860300,0.0,0.0
2004-07-01 00:00:00-04:00,23.729733278975605,23.816023364469654,23.173642632859607,23.231168746948242,552400,0.0,0.0
2004-07-02 00:00:00-04:00,23.34622224900581,23.413336351967896,23.010649905473226,23.0585880279541,317700,0.0,0.0
2004-07-06 00:00:00-04:00,23.010649628958582,23.106527701490336,22.75177938173949,22.97229766845703,453900,0.0,0.0
2004-07-07 00:00:00-04:00,23.04899718443608,23.09693529717917,22.243624455044092,22.349088668823242,759100,0.0,0.0
2004-07-08 00:00:00-04:00,22.329911421720944,22.349085566923872,21.543712949312063,21.92722511291504,735900,0.0,0.0
2004-07-09 00:00:00-04:00,21.95599127614725,22.13815940443214,21.879289195088646,22.013517379760742,375600,0.0,0.0
2004-07-12 00:00:00-04:00,22.051872145074213,22.08063611490774,21.649185711015278,21.74506378173828,417500,0.0,0.0
2004-07-13 00:00:00-04:00,21.81217448566747,21.86011259920219,21.476602204758994,21.61083221435547,520600,0.0,0.0
2004-07-14 00:00:00-04:00,21.457431969748164,21.476607951782164,21.073921472679647,21.16021156311035,1001100,0.0,0.0
2004-07-15 00:00:00-04:00,21.217735253889085,21.66836163653998,21.188973112849816,21.591659545898438,480500,0.0,0.0
2004-07-16 00:00:00-04:00,21.68753679634068,21.68753679634068,21.236910430728685,21.40949058532715,497800,0.0,0.0
2004-07-19 00:00:00-04:00,21.332788406394254,21.332788406394254,21.141032273499658,21.179384231567383,696500,0.0,0.0
2004-07-20 00:00:00-04:00,21.188972487096603,21.86970329284668,21.083506429808324,21.86970329284668,649600,0.0,0.0
2004-07-21 00:00:00-04:00,22.09022086643741,22.147746968949075,21.160206094102687,21.1697940826416,1030300,0.0,0.0
2004-07-22 00:00:00-04:00,21.141032084084564,21.457428420420456,20.747933661022458,21.323200225830078,713500,0.0,0.0
2004-07-23 00:00:00-04:00,21.380727151343677,21.40949112073676,20.920514613386768,21.05474281311035,427200,0.0,0.0
2004-07-26 00:00:00-04:00,21.006803041796083,21.265673259821494,20.862986863578165,21.064329147338867,289600,0.0,0.0
2004-07-27 00:00:00-04:00,21.064327021760178,21.601243381719573,20.872572746393313,21.42866325378418,701400,0.0,0.0
2004-07-28 00:00:00-04:00,21.486190092604833,21.553304182727913,20.9780376793958,21.08350372314453,565500,0.0,0.0
2004-07-29 00:00:00-04:00,21.236911124862235,21.447843244586736,21.054742974751644,21.28485107421875,449400,0.0,0.0
2004-07-30 00:00:00-04:00,21.188973853251643,21.275263936828857,20.997217705586245,21.093095779418945,523100,0.0,0.0
2004-08-02 00:00:00-04:00,21.035566013573973,21.514954470764764,20.930099967801013,21.399900436401367,616700,0.0,0.0
2004-08-03 00:00:00-04:00,21.505366482174328,21.735472722179285,21.371138299351895,21.399900436401367,333300,0.0,0.0
2004-08-04 00:00:00-04:00,21.371140574613296,21.87929122295341,21.2848504968344,21.716299057006836,1058500,0.0,0.0
2004-08-05 00:00:00-04:00,22.715193654592078,22.859264286219506,21.29369358047516,21.418554306030273,713800,0.04,0.0
2004-08-06 00:00:00-04:00,21.284086669112348,21.30329657341718,20.947920671606983,21.005550384521484,432400,0.0,0.0
2004-08-09 00:00:00-04:00,21.034364750863727,21.034364750863727,20.50610517248275,20.582942962646484,689900,0.0,0.0
2004-08-10 00:00:00-04:00,20.534912785146858,21.168826676824008,20.5060997664049,21.12080192565918,412000,0.0,0.0
2004-08-11 00:00:00-04:00,21.063174977950837,21.072779928604117,20.765428835527178,20.97673225402832,433000,0.0,0.0
2004-08-12 00:00:00-04:00,20.861477170609525,20.947919904859948,20.592545848014645,20.62135887145996,323300,0.0,0.0
2004-08-13 00:00:00-04:00,20.77503468185982,20.823059441431592,20.410055668900675,20.54452133178711,479400,0.0,0.0
2004-08-16 00:00:00-04:00,20.602150236348525,21.01515216074613,20.23716940572733,20.813453674316406,230800,0.0,0.0
2004-08-17 00:00:00-04:00,21.03436353107384,21.120806268989874,20.65977955474258,20.803850173950195,181100,0.0,0.0
2004-08-18 00:00:00-04:00,20.746221325532705,21.130410236162394,20.46768322035291,21.1112003326416,316900,0.0,0.0
2004-08-19 00:00:00-04:00,21.082387309317642,21.197643066527935,20.967129720150123,21.1112003326416,186000,0.0,0.0
2004-08-20 00:00:00-04:00,21.03436055708162,21.38973641070825,20.919104810794156,21.312898635864258,241900,0.0,0.0
2004-08-23 00:00:00-04:00,21.274481093874687,21.4185517080268,21.015152889226535,21.03436279296875,159700,0.0,0.0
2004-08-24 00:00:00-04:00,21.207247719224448,21.418551159101675,20.91910649830485,21.06317710876465,344700,0.0,0.0
2004-08-25 00:00:00-04:00,21.178432680072138,21.360923095443844,20.861476607035588,21.264875411987305,275400,0.0,0.0
2004-08-26 00:00:00-04:00,21.197645894755787,21.360926432553242,21.02476040391643,21.130413055419922,310100,0.0,0.0
2004-08-27 00:00:00-04:00,21.03436461043346,21.45697336949126,21.01515470503142,21.360925674438477,173800,0.0,0.0
2004-08-30 00:00:00-04:00,21.322506491607854,21.456972157914645,21.21685384981977,21.293691635131836,183800,0.0,0.0
2004-08-31 00:00:00-04:00,21.32250462069289,21.59143592970945,21.024756625771488,21.581830978393555,584500,0.0,0.0
2004-09-01 00:00:00-04:00,21.610647989131436,21.793138418432154,21.341714821317606,21.504995346069336,279600,0.0,0.0
2004-09-02 00:00:00-04:00,21.42815651406056,21.67787976513802,21.370528635183373,21.399343490600586,331900,0.0,0.0
2004-09-03 00:00:00-04:00,21.370527205110935,21.620250439477424,21.207246699254274,21.24566650390625,269200,0.0,0.0
2004-09-07 00:00:00-04:00,21.428155924276265,21.572226533482482,21.120804802781088,21.264875411987305,596000,0.0,0.0
2004-09-08 00:00:00-04:00,21.303297999229994,21.36092588404418,21.07278462801583,21.15922737121582,191200,0.0,0.0
2004-09-09 00:00:00-04:00,21.332111866161263,21.351321772508687,21.07278545830105,21.178436279296875,308000,0.0,0.0
2004-09-10 00:00:00-04:00,21.130409696922218,21.23606233163313,21.053571916757154,21.1400146484375,192500,0.0,0.0
2004-09-13 00:00:00-04:00,21.120803129170838,21.466574029432653,21.091988276830005,21.351316452026367,258800,0.0,0.0
2004-09-14 00:00:00-04:00,21.380134372602576,21.389739324761248,21.063178279195633,21.293691635131836,383600,0.0,0.0
2004-09-15 00:00:00-04:00,21.29368915701647,21.65866813678397,21.178431576483153,21.649065017700195,385300,0.0,0.0
2004-09-16 00:00:00-04:00,21.649068377213986,21.821952026906498,21.61064856708851,21.639463424682617,148500,0.0,0.0
2004-09-17 00:00:00-04:00,21.812344775172168,21.850764581247876,21.428155874201007,21.5914363861084,395100,0.0,0.0
2004-09-20 00:00:00-04:00,21.601036444145198,21.69708410561872,21.41854607054118,21.485780715942383,293400,0.0,0.0
2004-09-21 00:00:00-04:00,21.543415731326302,21.74511423861292,21.46657794303273,21.639463424682617,321300,0.0,0.0
2004-09-22 00:00:00-04:00,21.56262501141143,21.658670870026544,21.303296796453047,21.38013458251953,401900,0.0,0.0
2004-09-23 00:00:00-04:00,21.303295799181797,21.975625937800423,21.216853064908978,21.850765228271484,1019000,0.0,0.0
2004-09-24 00:00:00-04:00,21.946811519373288,22.263767580908308,21.88918364417341,21.9852294921875,417400,0.0,0.0
2004-09-27 00:00:00-04:00,21.918004348157872,21.918004348157872,21.3321149437379,21.821956634521484,277100,0.0,0.0
2004-09-28 00:00:00-04:00,21.84115790128271,22.090881125140886,21.649064381977446,22.004438400268555,380300,0.0,0.0
2004-09-29 00:00:00-04:00,21.966025981922996,22.628751264196698,21.677882882190627,22.494285583496094,701300,0.0,0.0
2004-09-30 00:00:00-04:00,22.47507091614468,23.00333223777172,22.254162535515956,22.801631927490234,1020700,0.0,0.0
2004-10-01 00:00:00-04:00,22.9072844589132,23.07056496387822,22.59993335120424,23.003332138061523,429500,0.0,0.0
2004-10-04 00:00:00-04:00,23.04175236802944,23.368313409953835,22.955309631522553,23.176218032836914,1057000,0.0,0.0
2004-10-05 00:00:00-04:00,23.157006142183842,23.521985100173534,23.157006142183842,23.339494705200195,437100,0.0,0.0
2004-10-06 00:00:00-04:00,23.46436127578171,23.483571180029987,23.291475801461814,23.425941467285156,445700,0.0,0.0
2004-10-07 00:00:00-04:00,23.291475540522633,23.301080492539167,22.974519451806184,23.214637756347656,1260100,0.0,0.0
2004-10-08 00:00:00-04:00,23.147405918079237,23.38752423293077,23.12819601322135,23.1954288482666,565700,0.0,0.0
2004-10-11 00:00:00-04:00,23.195430058482376,23.2338498702027,22.955311731102732,22.97452163696289,617400,0.0,0.0
2004-10-12 00:00:00-04:00,22.8592631279956,23.0033355842807,22.647959667778775,22.955310821533203,461300,0.0,0.0
2004-10-13 00:00:00-04:00,22.92649952085233,23.11859309042345,22.379028176082965,22.58072853088379,495000,0.0,0.0
2004-10-14 00:00:00-04:00,22.561513859630107,22.561513859630107,21.93720668444417,22.273372650146484,349100,0.0,0.0
2004-10-15 00:00:00-04:00,22.28297647640319,22.359814250516703,21.975623547992097,22.004438400268555,437400,0.0,0.0
2004-10-18 00:00:00-04:00,22.0524582677346,22.167715828919665,22.004435352548946,22.062063217163086,445600,0.0,0.0
2004-10-19 00:00:00-04:00,22.090882455957086,22.60953883643638,22.052462650607293,22.35981559753418,711700,0.0,0.0
2004-10-20 00:00:00-04:00,22.282985293584588,22.590336511654815,21.821956634521484,21.821956634521484,793400,0.0,0.0
2004-10-21 00:00:00-04:00,22.09088104547396,23.147401809692383,22.09088104547396,23.147401809692383,1627100,0.0,0.0
2004-10-22 00:00:00-04:00,23.032147347492042,23.1762179639227,22.676773282426907,22.763216018676758,416200,0.0,0.0
2004-10-25 00:00:00-04:00,22.67677484464379,23.28187220812099,22.63835503390497,23.166616439819336,363200,0.0,0.0
2004-10-26 00:00:00-04:00,23.099379627201564,23.358707829748464,22.80163344943877,23.243452072143555,465900,0.0,0.0
2004-10-27 00:00:00-04:00,23.032147760315404,23.915783210740752,22.955309974711344,23.6756649017334,775800,0.0,0.0
2004-10-28 00:00:00-04:00,23.714082539358117,23.92538597243395,23.41633454444022,23.915781021118164,518400,0.0,0.0
2004-10-29 00:00:00-04:00,23.771711082458495,24.011829376220703,23.771711082458495,24.011829376220703,381400,0.0,0.0
2004-11-01 00:00:00-05:00,23.886966746565374,24.338388442993164,23.838941992504726,24.338388442993164,657300,0.0,0.0
2004-11-02 00:00:00-05:00,24.3479971341486,24.799418899923875,24.280764300092425,24.664953231811523,725700,0.0,0.0
2004-11-03 00:00:00-05:00,24.933885982048864,25.318076767512938,24.86665314417988,25.10677146911621,615900,0.0,0.0
2004-11-04 00:00:00-05:00,25.01057625200839,25.308778762817383,24.914381361009216,25.308778762817383,412000,0.04,0.0
2004-11-05 00:00:00-05:00,25.010574448062346,25.39535214954111,25.010574448062346,25.32801628112793,372800,0.0,0.0
2004-11-08 00:00:00-05:00,25.251060229288523,25.366494454776053,24.962477417716848,25.174104690551758,502200,0.0,0.0
2004-11-09 00:00:00-05:00,25.154868078206682,25.25106297076258,24.972097965826972,25.12601089477539,794500,0.0,0.0
2004-11-10 00:00:00-05:00,25.164485018864067,25.251060229288523,24.981714926327463,25.174104690551758,882000,0.0,0.0
2004-11-11 00:00:00-05:00,25.174104467351142,25.40497108151451,25.087529257694285,25.39535140991211,529200,0.0,0.0
2004-11-12 00:00:00-05:00,25.443451589144853,25.491548115834814,25.174106269292373,25.356876373291016,653100,0.0,0.0
2004-11-15 00:00:00-05:00,25.299157437988182,25.568502748242313,25.25106091301218,25.385732650756836,320900,0.0,0.0
2004-11-16 00:00:00-05:00,25.308777678400055,25.443451253934448,25.10677006724575,25.26068115234375,746800,0.0,0.0
2004-11-17 00:00:00-05:00,25.424213668266724,25.491549543309294,25.106771803948188,25.222204208374023,404800,0.0,0.0
2004-11-18 00:00:00-05:00,25.10676933212324,25.32801628112793,25.039433463710054,25.32801628112793,451000,0.0,0.0
2004-11-19 00:00:00-05:00,25.260683073033693,25.337638621433992,24.981718063354492,24.981718063354492,540000,0.0,0.0
2004-11-22 00:00:00-05:00,24.9817175587976,25.106771469150488,24.67389537141351,24.808568954467773,405400,0.0,0.0
2004-11-23 00:00:00-05:00,24.962480545043945,25.183727517284613,24.548843784476176,24.962480545043945,479100,0.0,0.0
2004-11-24 00:00:00-05:00,24.856660758982468,25.097147026515376,24.81818207549019,24.837421417236328,242500,0.0,0.0
2004-11-26 00:00:00-05:00,24.895138947733177,25.029812512440575,24.895138947733177,24.9432373046875,44300,0.0,0.0
2004-11-29 00:00:00-05:00,24.914378779959474,24.97209497467379,24.47188489587514,24.81818389892578,615700,0.0,0.0
2004-11-30 00:00:00-05:00,24.73160997585945,24.972096273569935,24.327594757080078,24.327594757080078,629900,0.0,0.0
2004-12-01 00:00:00-05:00,24.289116026768006,25.000955246588635,24.250637338513727,24.904760360717773,823900,0.0,0.0
2004-12-02 00:00:00-05:00,25.010573521079902,25.10676840157546,24.875901789244956,25.058670043945312,620900,0.0,0.0
2004-12-03 00:00:00-05:00,25.05867203656563,25.491548115834814,25.05867203656563,25.356876373291016,656500,0.0,0.0
2004-12-06 00:00:00-05:00,25.347256367056985,25.376113548784822,25.154866593302053,25.26068115234375,573700,0.0,0.0
2004-12-07 00:00:00-05:00,25.366495538864882,25.578122820744117,25.202964782714844,25.202964782714844,429000,0.0,0.0
2004-12-08 00:00:00-05:00,25.308777614270994,25.539644241333008,24.98171610057526,25.539644241333008,423300,0.0,0.0
2004-12-09 00:00:00-05:00,25.539644642524774,25.62621985837861,25.154866924710433,25.356876373291016,453800,0.0,0.0
2004-12-10 00:00:00-05:00,25.39535315994225,25.73203435016846,25.06829164198135,25.635839462280273,448800,0.0,0.0
2004-12-13 00:00:00-05:00,25.74165485468878,25.96290181964934,25.549265072692243,25.88594627380371,547200,0.0,0.0
2004-12-14 00:00:00-05:00,25.78013088164309,26.107192399666317,25.78013088164309,25.914804458618164,710900,0.0,0.0
2004-12-15 00:00:00-05:00,25.799368162733867,25.924422057439944,25.799368162733867,25.876323699951172,335300,0.0,0.0
2004-12-16 00:00:00-05:00,25.837847504216814,25.924422715128237,25.57812187148254,25.789749145507812,457500,0.0,0.0
2004-12-17 00:00:00-05:00,25.722417097344593,25.780133301600316,25.395355548620397,25.49155044555664,293600,0.0,0.0
2004-12-20 00:00:00-05:00,25.385731180079016,25.510785073395553,24.847042425543563,24.9432373046875,463500,0.0,0.0
2004-12-21 00:00:00-05:00,24.866283840499793,25.279920570952893,24.683513738372056,25.00095558166504,491000,0.0,0.0
2004-12-22 00:00:00-05:00,25.01057511699483,25.73203401460045,25.01057511699483,25.539644241333008,441200,0.0,0.0
2004-12-23 00:00:00-05:00,25.356876373291016,25.732034418814386,25.222202795982334,25.356876373291016,177800,0.0,0.0
2004-12-27 00:00:00-05:00,25.135625443449232,25.443449426298702,25.058669906428047,25.299156188964844,180800,0.0,0.0
2004-12-28 00:00:00-05:00,25.251062645234864,25.68393873877344,25.222203627410643,25.626220703125,273700,0.0,0.0
2004-12-29 00:00:00-05:00,25.616600529316916,25.664698891416215,25.376114223115135,25.472309112548828,178900,0.0,0.0
2004-12-30 00:00:00-05:00,25.39535447127284,25.530028055176338,25.29915957841747,25.443452835083008,146100,0.0,0.0
2004-12-31 00:00:00-05:00,25.366493889277518,25.683935708835495,25.299156188964844,25.299156188964844,223100,0.0,0.0
2005-01-03 00:00:00-05:00,25.39534743376987,25.606976506358485,24.635411843810616,24.79894256591797,690200,0.0,0.0
2005-01-04 00:00:00-05:00,24.808566608576978,24.856663132770887,24.07748806528786,24.414167404174805,2346600,0.0,0.0
2005-01-05 00:00:00-05:00,24.24102052755093,24.51998369014607,23.67347269512487,23.760047912597656,2749900,0.0,0.0
2005-01-06 00:00:00-05:00,23.74080873029075,23.85624113120194,22.076643911495754,22.086261749267578,1657400,0.0,0.0
2005-01-07 00:00:00-05:00,22.269029534716754,22.63456971391868,21.066598114540202,22.24979019165039,1743400,0.0,0.0
2005-01-10 00:00:00-05:00,21.96121064064888,22.95201493828477,21.96121064064888,22.673049926757812,1165300,0.0,0.0
2005-01-11 00:00:00-05:00,22.538378174856533,22.78848416750535,22.509519155978396,22.673049926757812,470800,0.0,0.0
2005-01-12 00:00:00-05:00,22.61533414679382,23.000111898541313,22.40370684202396,22.509519577026367,499000,0.0,0.0
2005-01-13 00:00:00-05:00,22.403702704801287,22.567231613676178,21.6918617020656,21.83615493774414,640900,0.0,0.0
2005-01-14 00:00:00-05:00,21.80729711492592,22.230553504190524,21.80729711492592,22.20169448852539,1084000,0.0,0.0
2005-01-18 00:00:00-05:00,22.09588272787242,22.846200717205534,21.836158893087724,22.490280151367188,915400,0.0,0.0
2005-01-19 00:00:00-05:00,22.92315466100135,23.096305095234765,22.182456396676162,22.58647346496582,1235900,0.0,0.0
2005-01-20 00:00:00-05:00,21.672623287319293,22.586470011381238,20.52790812973714,21.307083129882812,3599400,0.0,0.0
2005-01-21 00:00:00-05:00,21.384039567930845,21.480234446841834,21.278226852416992,21.278226852416992,950100,0.0,0.0
2005-01-24 00:00:00-05:00,21.249365848942208,21.47061276538899,21.172410319970954,21.25898551940918,936700,0.0,0.0
2005-01-25 00:00:00-05:00,21.287849177097385,21.60529106009404,21.17241676587956,21.1916561126709,1409700,0.0,0.0
2005-01-26 00:00:00-05:00,21.35518148468479,21.480233537640657,21.14355239308536,21.307083129882812,1916000,0.0,0.0
2005-01-27 00:00:00-05:00,21.29746840786854,21.768821385869575,21.258991549850627,21.65338897705078,915800,0.0,0.0
2005-01-28 00:00:00-05:00,21.595670463879877,21.86501394550532,21.595670463879877,21.816917419433594,743800,0.0,0.0
2005-01-31 00:00:00-05:00,21.970827867498734,22.36522524109821,21.739961246472078,22.20169448852539,811200,0.0,0.0
2005-02-01 00:00:00-05:00,22.076644984179023,22.192077390698966,21.913114212638252,22.115121841430664,1060800,0.0,0.0
2005-02-02 00:00:00-05:00,22.0285443968238,22.31712905354004,22.009305052756417,22.297889709472656,455100,0.0,0.0
2005-02-03 00:00:00-05:00,22.134355264012424,22.528752577812515,22.095876582293133,22.336362838745117,763300,0.0,0.0
2005-02-04 00:00:00-05:00,22.211314516245743,22.596092224121094,22.211314516245743,22.596092224121094,501000,0.0,0.0
2005-02-07 00:00:00-05:00,22.413318887093556,22.644187313233154,22.35560269794094,22.471036911010742,454500,0.0,0.0
2005-02-08 00:00:00-05:00,22.384464346003746,22.509516409688583,22.288269462911295,22.403703689575195,354600,0.0,0.0
2005-02-09 00:00:00-05:00,22.36522632171238,22.567233936834246,21.893873384996468,21.951589584350586,454600,0.0,0.0
2005-02-10 00:00:00-05:00,21.91302855021767,22.173324540481694,21.411718162774502,21.430999755859375,854600,0.05,0.0
2005-02-11 00:00:00-05:00,21.36351214130797,21.739493944251443,21.34423055172277,21.69129180908203,783100,0.0,0.0
2005-02-14 00:00:00-05:00,21.643092050840238,22.211886134515694,21.57560647988051,21.980510711669922,641900,0.0,0.0
2005-02-15 00:00:00-05:00,22.028711427511425,22.028711427511425,21.537041944691044,21.594884872436523,422400,0.0,0.0
2005-02-16 00:00:00-05:00,21.49848175048828,21.691293988122435,21.459920406237714,21.49848175048828,521200,0.0,0.0
2005-02-17 00:00:00-05:00,21.672012018090836,21.787699726409556,21.450279235839844,21.450279235839844,1196000,0.0,0.0
2005-02-18 00:00:00-05:00,21.40207450035375,21.749133905620152,21.37315211708425,21.594884872436523,728500,0.0,0.0
2005-02-22 00:00:00-05:00,21.527405923621163,21.63345284699666,21.228548585410305,21.344234466552734,1287700,0.0,0.0
2005-02-23 00:00:00-05:00,21.305670979536753,21.55632614856586,21.286389388351342,21.450279235839844,692200,0.0,0.0
2005-02-24 00:00:00-05:00,21.47920206585527,21.835902316177393,21.373155150940907,21.826261520385742,940800,0.0,0.0
2005-02-25 00:00:00-05:00,21.768418447618377,21.86482456613519,21.594887802046863,21.672012329101562,512400,0.0,0.0
2005-02-28 00:00:00-05:00,21.67201021949683,22.009430682063492,21.585244905157015,21.69129180908203,802800,0.0,0.0
2005-03-01 00:00:00-05:00,21.82625925859126,21.99978988727089,21.4984795908172,21.69129180908203,593100,0.0,0.0
2005-03-02 00:00:00-05:00,21.585247073544274,21.78770010693951,21.421357223193375,21.49848175048828,615700,0.0,0.0
2005-03-03 00:00:00-05:00,21.479202680119037,21.623810943541734,21.44063949584961,21.44063949584961,673100,0.0,0.0
2005-03-04 00:00:00-05:00,21.575605900957527,21.643091470106466,21.402077096670062,21.450279235839844,610700,0.0,0.0
2005-03-07 00:00:00-05:00,21.402080098616423,21.459923041492207,21.286392374070854,21.3538761138916,500600,0.0,0.0
2005-03-08 00:00:00-05:00,21.411718203684806,21.498483533938593,21.296032322542377,21.344234466552734,724400,0.0,0.0
2005-03-09 00:00:00-05:00,21.382799452474472,21.45992399265857,21.103221845060816,21.189987182617188,811200,0.0,0.0
2005-03-10 00:00:00-05:00,21.209265368146298,21.402077607010597,21.14178163618193,21.324953079223633,494300,0.0,0.0
2005-03-11 00:00:00-05:00,21.180340061102896,21.411713612570406,21.10321554394706,21.247825622558594,464800,0.0,0.0
2005-03-14 00:00:00-05:00,21.35387352531773,21.517763375926954,21.20926526626107,21.41171646118164,683200,0.0,0.0
2005-03-15 00:00:00-05:00,21.324952431144474,21.450279095441857,21.161062584728676,21.296030044555664,422600,0.0,0.0
2005-03-16 00:00:00-05:00,21.305672005921167,21.305672005921167,20.977892295153623,21.026094436645508,842000,0.0,0.0
2005-03-17 00:00:00-05:00,21.13213898755053,21.189981918620795,20.380173528462606,20.563344955444336,1039200,0.0,0.0
2005-03-18 00:00:00-05:00,20.6404752712223,20.65011606890624,20.41874244087409,20.476585388183594,706400,0.0,0.0
2005-03-21 00:00:00-05:00,20.409097875988486,20.58262852468008,20.187365086568697,20.389816284179688,1059100,0.0,0.0
2005-03-22 00:00:00-05:00,20.38017799214193,21.112862021748143,20.245210510486114,20.50550651550293,714800,0.0,0.0
2005-03-23 00:00:00-05:00,20.48622329847662,20.563347830283835,20.254849703054973,20.312692642211914,326600,0.0,0.0
2005-03-24 00:00:00-05:00,21.112860891600008,21.353875289537893,20.534425968790295,20.601911544799805,803000,0.0,0.0
2005-03-28 00:00:00-05:00,20.630830701013114,20.71759602550865,20.139161141803015,20.303050994873047,943500,0.0,0.0
2005-03-29 00:00:00-05:00,19.705334239456025,20.06203445621398,19.33899138901998,19.907785415649414,1138200,0.0,0.0
2005-03-30 00:00:00-05:00,19.81138130377405,20.24520792336364,19.81138130377405,20.148801803588867,656200,0.0,0.0
2005-03-31 00:00:00-05:00,20.062039019471225,20.19700833976018,20.004196075801115,20.17772674560547,696400,0.0,0.0
2005-04-01 00:00:00-05:00,20.090957045368025,20.177722361417956,19.570365149068444,19.888504028320312,567200,0.0,0.0
2005-04-04 00:00:00-04:00,19.763178690879254,19.888505356435093,19.637852025323415,19.85958480834961,544700,0.0,0.0
2005-04-05 00:00:00-04:00,19.821021344311667,20.148801035778934,19.541445630291772,19.55108642578125,579200,0.0,0.0
2005-04-06 00:00:00-04:00,19.53180335804028,19.724613736870594,19.310070594928302,19.425756454467773,642000,0.0,0.0
2005-04-07 00:00:00-04:00,19.377553760425215,19.473959866455893,19.25222527094727,19.310070037841797,501600,0.0,0.0
2005-04-08 00:00:00-04:00,19.252227472006656,19.396837566982352,19.00157230318752,19.030494689941406,693200,0.0,0.0
2005-04-11 00:00:00-04:00,19.001572345239833,19.53180507080545,18.953370206003754,19.445039749145508,547300,0.0,0.0
2005-04-12 00:00:00-04:00,19.329351137294452,19.70533479318021,19.28114900031114,19.608928680419922,534400,0.0,0.0
2005-04-13 00:00:00-04:00,19.763178571981637,19.772819367550046,18.99193331444619,19.117259979248047,869500,0.0,0.0
2005-04-14 00:00:00-04:00,19.03049431346881,19.204024952971768,18.89552685554149,18.98229217529297,389300,0.0,0.0
2005-04-15 00:00:00-04:00,18.770197822868095,18.905167115768414,18.5581058465871,18.606307983398438,618900,0.0,0.0
2005-04-18 00:00:00-04:00,18.519545889980776,18.654515206376516,18.288172283180327,18.577390670776367,617300,0.0,0.0
2005-04-19 00:00:00-04:00,18.56774935111239,18.625592291485162,18.220688031287924,18.288171768188477,560400,0.0,0.0
2005-04-20 00:00:00-04:00,18.249608889528485,18.403857943441963,18.008594512939453,18.008594512939453,489000,0.0,0.0
2005-04-21 00:00:00-04:00,17.131305370706613,18.635234832763672,17.11202377584578,18.635234832763672,761800,0.0,0.0
2005-04-22 00:00:00-04:00,18.664154462089098,18.750919787324356,18.50990540362504,18.625591278076172,655400,0.0,0.0
2005-04-25 00:00:00-04:00,18.538829060709002,18.789484282431648,18.519547465470154,18.68343734741211,618200,0.0,0.0
2005-04-26 00:00:00-04:00,18.721998117959593,18.721998117959593,18.037516285806877,18.066438674926758,582700,0.0,0.0
2005-04-27 00:00:00-04:00,18.085722394804634,18.423142952379674,17.99895705603408,18.37493896484375,765300,0.0,0.0
2005-04-28 00:00:00-04:00,18.288169574988334,18.374934894539162,17.912187749463886,17.979671478271484,824600,0.0,0.0
2005-04-29 00:00:00-04:00,17.883266275623004,18.394217423621356,17.873627318553382,18.317092895507812,796500,0.0,0.0
2005-05-02 00:00:00-04:00,18.365295036031107,18.62559100796199,18.133921451690473,18.317092895507812,710500,0.0,0.0
2005-05-03 00:00:00-04:00,18.374936517961938,18.509905826295352,18.23032825219901,18.25925064086914,444500,0.0,0.0
2005-05-04 00:00:00-04:00,18.21104727543115,18.346016588327604,18.13392274183057,18.201406478881836,755100,0.0,0.0
2005-05-05 00:00:00-04:00,18.239970137977974,18.731639741976664,18.13392321198003,18.577390670776367,644800,0.0,0.0
2005-05-06 00:00:00-04:00,18.673794340583505,18.83768418699831,18.471341312050516,18.789480209350586,407400,0.0,0.0
2005-05-09 00:00:00-04:00,18.75091991993994,18.866605795209257,18.558107676099294,18.77984046936035,430800,0.0,0.0
2005-05-10 00:00:00-04:00,18.625588788758833,18.74127648654208,18.500262135054427,18.596668243408203,674800,0.0,0.0
2005-05-11 00:00:00-04:00,18.5581058465871,18.63523036876143,18.413497597359438,18.606307983398438,401700,0.0,0.0
2005-05-12 00:00:00-04:00,16.321493208435285,16.38897693690969,15.569527722305466,16.14796257019043,8376300,0.0,0.0
2005-05-13 00:00:00-04:00,16.27329056035676,16.658915049624678,16.099761746738807,16.446821212768555,2226000,0.0,0.0
2005-05-16 00:00:00-04:00,16.53358722823695,16.53358722823695,16.33113601784584,16.388978958129883,1827000,0.0,0.0
2005-05-17 00:00:00-04:00,16.128681695601692,16.581789901978343,16.128681695601692,16.50466537475586,2498100,0.0,0.0
2005-05-18 00:00:00-04:00,16.495023688105565,17.034895349504428,16.427539960279915,16.9963321685791,2065200,0.0,0.0
2005-05-19 00:00:00-04:00,16.99632998914622,17.362672805786133,16.909566520777226,17.362672805786133,1460700,0.0,0.0
2005-05-20 00:00:00-04:00,17.112018232696755,17.661530636666537,16.996330539800933,17.47835922241211,1704100,0.0,0.0
2005-05-23 00:00:00-04:00,17.40123996397889,17.97967492562678,17.381960208332735,17.931472778320312,1275500,0.0,0.0
2005-05-24 00:00:00-04:00,17.931470393323785,18.15320318351219,17.8350642727394,17.97003173828125,1354600,0.0,0.0
2005-05-25 00:00:00-04:00,17.825421485806928,17.86398466525092,17.57476633580177,17.642250061035156,1137100,0.0,0.0
2005-05-26 00:00:00-04:00,17.77722201296043,18.05679775062972,17.60369135705831,17.912189483642578,889000,0.0,0.0
2005-05-27 00:00:00-04:00,17.835064404469932,18.133921725574456,17.76758067120057,18.12428092956543,601400,0.0,0.0
2005-05-31 00:00:00-04:00,18.13392281013935,18.19176758965312,17.642253217035865,17.786863327026367,1343000,0.0,0.0
2005-06-01 00:00:00-04:00,17.87362742150925,18.25925006429824,17.79650105415765,18.05679702758789,845200,0.0,0.0
2005-06-02 00:00:00-04:00,18.11479038014907,18.11479038014907,17.74746886328713,17.86346435546875,638000,0.05,0.0
2005-06-03 00:00:00-04:00,17.766804167488928,17.902134730084974,17.51547993062952,17.6314754486084,705900,0.0,0.0
2005-06-06 00:00:00-04:00,21.7300198714444,21.84601723239774,19.787077442413327,20.54105567932129,7959800,0.0,0.0
2005-06-07 00:00:00-04:00,20.71505079889355,20.80204835867968,20.48305792070237,20.54105567932129,1304500,0.0,0.0
2005-06-08 00:00:00-04:00,20.512057138496917,20.97604476710404,20.492725780246488,20.80204963684082,1161700,0.0,0.0
2005-06-09 00:00:00-04:00,20.782715378766905,21.024374859915355,20.69571781805622,20.976043701171875,1047500,0.0,0.0
2005-06-10 00:00:00-04:00,21.043708268156703,21.063041469330717,20.60872046031912,20.850379943847656,1009400,0.0,0.0
2005-06-13 00:00:00-04:00,20.68605228160235,20.92771177518115,20.376728424815983,20.579723358154297,1249300,0.0,0.0
2005-06-14 00:00:00-04:00,20.589389609134713,20.850382323625915,20.12540379029419,20.492727279663086,882000,0.0,0.0
2005-06-15 00:00:00-04:00,20.570054144526697,20.570054144526697,20.154399573369673,20.396059036254883,556000,0.0,0.0
2005-06-16 00:00:00-04:00,20.44439023062806,20.4927232295272,20.144733012314937,20.280061721801758,504800,0.0,0.0
2005-06-17 00:00:00-04:00,20.30905992380863,20.338059720867243,20.057733880446364,20.260726928710938,1808000,0.0,0.0
2005-06-20 00:00:00-04:00,20.183400548703776,20.260731514648402,19.787079117773118,19.883743286132812,1323600,0.0,0.0
2005-06-21 00:00:00-04:00,19.93207581669998,19.93207581669998,19.52608779424644,19.912742614746094,1042200,0.0,0.0
2005-06-22 00:00:00-04:00,19.94173956316312,20.0287371238303,19.787077642802696,19.970739364624023,781900,0.0,0.0
2005-06-23 00:00:00-04:00,19.922410869239773,19.93207747101902,19.526089414869357,19.81608009338379,990200,0.0,0.0
2005-06-24 00:00:00-04:00,19.758081277762127,20.067405143417666,19.70008167016496,19.76774787902832,3639200,0.0,0.0
2005-06-27 00:00:00-04:00,19.816078921395725,19.903076488547885,19.545419618731707,19.883743286132812,775900,0.0,0.0
2005-06-28 00:00:00-04:00,19.893408665433945,20.367061033216235,19.738746743044445,20.289730072021484,846800,0.0,0.0
2005-06-29 00:00:00-04:00,20.27039555151059,20.45405726378797,20.077069082963995,20.3670597076416,784800,0.0,0.0
2005-06-30 00:00:00-04:00,20.41539778503626,20.589391096887084,20.18340301513672,20.18340301513672,751700,0.0,0.0
2005-07-01 00:00:00-04:00,20.13506945154711,20.51205768128279,20.019072080396928,20.43472671508789,459500,0.0,0.0
2005-07-05 00:00:00-04:00,20.23173231205431,20.512056354991948,19.864408863592583,20.289730072021484,548100,0.0,0.0
2005-07-06 00:00:00-04:00,20.27039941211205,20.27039941211205,19.89341115948873,19.92241096496582,665200,0.0,0.0
2005-07-07 00:00:00-04:00,19.825744563818343,20.47339206367733,19.825744563818343,20.386394500732422,498500,0.0,0.0
2005-07-08 00:00:00-04:00,20.2703965082625,20.976043590724252,20.154400990402703,20.869712829589844,374000,0.0,0.0
2005-07-11 00:00:00-04:00,20.89871396187596,21.121040255029325,20.560390299759828,20.792383193969727,756900,0.0,0.0
2005-07-12 00:00:00-04:00,19.1394333579967,20.34773096503477,18.888109078202714,19.99974250793457,4051300,0.0,0.0
2005-07-13 00:00:00-04:00,20.802046463485155,21.36269632896406,20.396058502709717,20.42505645751953,3875200,0.0,0.0
2005-07-14 00:00:00-04:00,20.637720158883894,20.647386759422567,20.135067993166256,20.299396514892578,1189400,0.0,0.0
2005-07-15 00:00:00-04:00,20.260730064808396,20.454058387693383,20.19306570491331,20.415393829345703,1071500,0.0,0.0
2005-07-18 00:00:00-04:00,20.318731047277176,20.367062209421707,20.19306707575635,20.22206687927246,2142000,0.0,0.0
2005-07-19 00:00:00-04:00,20.202731039561538,20.44439050616805,20.202731039561538,20.376726150512695,641600,0.0,0.0
2005-07-20 00:00:00-04:00,20.028738139038182,20.43472616149172,19.71941428263846,19.912742614746094,1015900,0.0,0.0
2005-07-21 00:00:00-04:00,18.8494398226362,19.893408723679737,18.46278501553036,19.729080200195312,1605500,0.0,0.0
2005-07-22 00:00:00-04:00,19.816079809461133,19.970741748281622,19.593753502871152,19.941741943359375,645800,0.0,0.0
2005-07-25 00:00:00-04:00,19.816077817924647,19.835411019263137,19.323092246086507,19.390756607055664,702400,0.0,0.0
2005-07-26 00:00:00-04:00,19.487422286059232,19.816079359519247,19.400424716983597,19.748414993286133,1434800,0.0,0.0
2005-07-27 00:00:00-04:00,19.777410349924697,19.874074507694708,19.593750478248676,19.787076950073242,536200,0.0,0.0
2005-07-28 00:00:00-04:00,19.700078807243102,19.951404872493082,19.622747852067366,19.709745407104492,457400,0.0,0.0
2005-07-29 00:00:00-04:00,19.584087116871345,19.93207740490704,19.33276100259176,19.487422943115234,718800,0.0,0.0
2005-08-01 00:00:00-04:00,19.429423969337517,19.883743160937165,19.323093200439782,19.44875717163086,1030400,0.0,0.0
2005-08-02 00:00:00-04:00,19.52609023968248,19.796747726071413,19.43909266371008,19.545421600341797,497000,0.0,0.0
2005-08-03 00:00:00-04:00,19.516420846872975,19.671082772327747,19.168430592741952,19.265094757080078,920900,0.0,0.0
2005-08-04 00:00:00-04:00,19.187767722669072,19.303763268650155,18.84944400007832,18.926774978637695,1042900,0.0,0.0
2005-08-05 00:00:00-04:00,19.042769270096443,19.29409352673725,18.830107730870996,18.994436264038086,903900,0.0,0.0
2005-08-08 00:00:00-04:00,19.16843033405905,19.16843033405905,18.83977328597408,18.946104049682617,921600,0.0,0.0
2005-08-09 00:00:00-04:00,18.92677348266142,19.197432808084244,18.8204427041532,19.013771057128906,822700,0.0,0.0
2005-08-10 00:00:00-04:00,18.926772557391683,19.245763033606092,18.607782081177273,18.733444213867188,440600,0.0,0.0
2005-08-11 00:00:00-04:00,18.69467804041523,19.17924717346714,18.69467804041523,19.072641372680664,433400,0.05,0.0
2005-08-12 00:00:00-04:00,19.024184551291132,19.36338333553817,18.878814171895165,19.18893814086914,574100,0.0,0.0
2005-08-15 00:00:00-04:00,19.072642457211682,19.20832123066629,18.820666271878377,18.9951114654541,534300,0.0,0.0
2005-08-16 00:00:00-04:00,18.936963578358064,19.285852115083017,18.849740982055664,18.849740982055664,305300,0.0,0.0
2005-08-17 00:00:00-04:00,18.810974593165714,19.043567567527397,18.791591383181082,18.946653366088867,329000,0.0,0.0
2005-08-18 00:00:00-04:00,18.801285304260826,19.024186701088905,18.762520728000883,18.936965942382812,462400,0.0,0.0
2005-08-19 00:00:00-04:00,18.888503562450115,18.946651337694178,18.801280975341797,18.801280975341797,223800,0.0,0.0
2005-08-22 00:00:00-04:00,18.93696690527136,19.363386508237276,18.7722132886984,19.25678253173828,607900,0.0,0.0
2005-08-23 00:00:00-04:00,19.305233266813154,19.38276424987327,19.121096488863714,19.198627471923828,285500,0.0,0.0
2005-08-24 00:00:00-04:00,19.27616018634779,19.58628414644325,19.101714996672943,19.402149200439453,483300,0.0,0.0
2005-08-25 00:00:00-04:00,19.382767162996068,19.460298157708664,19.218013568171212,19.421533584594727,240700,0.0,0.0
2005-08-26 00:00:00-04:00,19.28585089086016,19.411839899070408,19.101714104967616,19.276159286499023,716200,0.0,0.0
2005-08-29 00:00:00-04:00,19.06294879257761,19.27615853475414,19.014492621146182,19.247085571289062,420600,0.0,0.0
2005-08-30 00:00:00-04:00,19.150175541265444,19.392460148039827,19.082336147126192,19.237398147583008,488000,0.0,0.0
2005-08-31 00:00:00-04:00,19.159866345092436,19.266470310639743,19.140483133725734,19.208322525024414,725100,0.0,0.0
2005-09-01 00:00:00-04:00,19.169552128033867,19.23739149872637,19.014490181169798,19.11140251159668,447600,0.0,0.0
2005-09-02 00:00:00-04:00,19.111404165559154,19.198626749279242,18.791588641413618,18.820663452148438,1134300,0.0,0.0
2005-09-06 00:00:00-04:00,18.907888987168224,19.334310368749772,18.80128317965167,19.18893814086914,459800,0.0,0.0
2005-09-07 00:00:00-04:00,19.1598655262567,19.188938493579485,19.082334532588114,19.13079071044922,372200,0.0,0.0
2005-09-08 00:00:00-04:00,19.01449423332156,19.092025223276114,18.917580033757215,18.956344604492188,231100,0.0,0.0
2005-09-09 00:00:00-04:00,18.956345164138657,19.18893814086914,18.898197382077203,19.18893814086914,524900,0.0,0.0
2005-09-12 00:00:00-04:00,19.101714067727883,19.208319867008026,19.053257894501193,19.17924690246582,1005400,0.0,0.0
2005-09-13 00:00:00-04:00,19.014493325616744,19.198628262665785,19.004801721274504,19.17924690246582,709900,0.0,0.0
2005-09-14 00:00:00-04:00,19.198629730868284,19.218012941035088,19.072642561753394,19.14048194885254,714200,0.0,0.0
2005-09-15 00:00:00-04:00,19.09202578692827,19.18893814086914,19.09202578692827,19.18893814086914,385500,0.0,0.0
2005-09-16 00:00:00-04:00,19.188937758362552,19.208320968158212,19.092025406353503,19.15017318725586,1846500,0.0,0.0
2005-09-19 00:00:00-04:00,19.140486435136104,19.16956125720107,19.014499236491435,19.024188995361328,351500,0.0,0.0
2005-09-20 00:00:00-04:00,18.995109091011745,19.17924586660013,18.840047126879764,18.907886505126953,718900,0.0,0.0
2005-09-21 00:00:00-04:00,18.89819763024136,18.907889235459646,18.481467848278484,18.539615631103516,700600,0.0,0.0
2005-09-22 00:00:00-04:00,18.539617080148233,18.607458321978665,18.374863475529704,18.40393829345703,1496100,0.0,0.0
2005-09-23 00:00:00-04:00,18.365173351433583,18.60745795053701,18.35548174565127,18.41362953186035,1078400,0.0,0.0
2005-09-26 00:00:00-04:00,18.462086080826857,18.510544110705737,18.122889114098854,18.40393829345703,718600,0.0,0.0
2005-09-27 00:00:00-04:00,18.4427037983356,18.4427037983356,18.02597400456759,18.1810359954834,514600,0.0,0.0
2005-09-28 00:00:00-04:00,18.171345482299845,18.307024270385863,17.58986205716928,18.103506088256836,1123000,0.0,0.0
2005-09-29 00:00:00-04:00,18.11319505305267,18.17134283254112,17.812760853979093,18.122886657714844,513400,0.0,0.0
2005-09-30 00:00:00-04:00,18.016281963132695,18.151960739779806,17.812761949677334,18.142269134521484,800500,0.0,0.0
2005-10-03 00:00:00-04:00,18.132577339209536,18.36517216600196,18.122887582537473,18.345788955688477,546100,0.0,0.0
2005-10-04 00:00:00-04:00,18.510542051876083,19.450605545150086,18.423319456280236,19.15017318725586,2347900,0.0,0.0
2005-10-05 00:00:00-04:00,19.092026216361784,19.21801338840952,18.62683840395277,18.733444213867188,896200,0.0,0.0
2005-10-06 00:00:00-04:00,18.9078846016285,18.975723973046147,18.36516778180307,18.55899429321289,477500,0.0,0.0
2005-10-07 00:00:00-04:00,18.617145172271034,18.77220899518431,18.51054122015412,18.6268367767334,389400,0.0,0.0
2005-10-10 00:00:00-04:00,18.704371509853196,18.704371509853196,18.462086895225642,18.481470108032227,252200,0.0,0.0
2005-10-11 00:00:00-04:00,18.462085712287116,18.646222525181464,18.41362953186035,18.41362953186035,491500,0.0,0.0
2005-10-12 00:00:00-04:00,18.384554165378617,18.510543188300673,18.16165278449774,18.1810359954834,1005900,0.0,0.0
2005-10-13 00:00:00-04:00,18.210107989561408,18.219797745067673,17.793378260382703,18.055044174194336,666100,0.0,0.0
2005-10-14 00:00:00-04:00,18.074429380909844,18.239182970002215,17.803071833099818,18.151960372924805,424200,0.0,0.0
2005-10-17 00:00:00-04:00,18.122889300407653,18.142270664073617,17.919369269793773,18.103506088256836,293100,0.0,0.0
2005-10-18 00:00:00-04:00,18.122884512893776,18.403933620896616,18.074426495317866,18.27794647216797,572000,0.0,0.0
2005-10-19 00:00:00-04:00,18.171341367707992,18.646218866965963,18.171341367707992,18.607454299926758,789200,0.0,0.0
2005-10-20 00:00:00-04:00,19.479679243137245,19.528135416363934,18.70436753211856,19.17924690246582,1880400,0.0,0.0
2005-10-21 00:00:00-04:00,19.20832196277155,19.479681368507993,19.053259973346357,19.421533584594727,1105900,0.0,0.0
2005-10-24 00:00:00-04:00,20.894623453172503,22.135121274589824,20.138696681787955,20.187152862548828,3201800,0.0,0.0
2005-10-25 00:00:00-04:00,20.3325252532959,20.351908466900774,20.022401229557868,20.3325252532959,798700,0.0,0.0
2005-10-26 00:00:00-04:00,20.32283075189714,20.72017733177774,20.32283075189714,20.555423736572266,822400,0.0,0.0
2005-10-27 00:00:00-04:00,20.45850936817186,20.613571342712095,20.17745838401484,20.410051345825195,637200,0.0,0.0
2005-10-28 00:00:00-04:00,20.371285880093883,20.66202660744307,20.371285880093883,20.632953643798828,733900,0.0,0.0
2005-10-31 00:00:00-05:00,20.64264151583241,20.749247302092684,20.468198204430546,20.681407928466797,506400,0.0,0.0
2005-11-01 00:00:00-05:00,20.594189971022132,20.642646149207124,20.119312400567317,20.313138961791992,581400,0.0,0.0
2005-11-02 00:00:00-05:00,20.36159627768031,20.8267822265625,20.206534294719578,20.8267822265625,832700,0.0,0.0
2005-11-03 00:00:00-05:00,20.836472405805022,20.875238823134904,20.254989085248443,20.46820068359375,444700,0.0,0.0
2005-11-04 00:00:00-05:00,20.4585124442399,20.536043443167298,20.1483884485303,20.3809814453125,393500,0.0,0.0
2005-11-07 00:00:00-05:00,20.38097838090174,20.56511332036543,20.274372580223623,20.410051345825195,310300,0.0,0.0
2005-11-08 00:00:00-05:00,20.254993070884506,20.41005507374701,19.91579424644095,20.264684677124023,462600,0.0,0.0
2005-11-09 00:00:00-05:00,20.390972138699674,20.497833472924412,20.225823646222963,20.313255310058594,279200,0.05,0.0
2005-11-10 00:00:00-05:00,20.352113459157827,20.575549096803663,20.00238682429287,20.53668975830078,512700,0.0,0.0
2005-11-11 00:00:00-05:00,20.468688961168553,20.721269117404734,20.39097213255091,20.701839447021484,293100,0.0,0.0
2005-11-14 00:00:00-05:00,20.55612537728148,20.876707601058033,20.42983619642468,20.740703582763672,570900,0.0,0.0
2005-11-15 00:00:00-05:00,20.760130379331024,20.886419542678343,20.614409690886895,20.62412452697754,444500,0.0,0.0
2005-11-16 00:00:00-05:00,20.633834847458072,20.87670013782775,20.50754571174849,20.711551666259766,275400,0.0,0.0
2005-11-17 00:00:00-05:00,20.760130366722766,21.372150216737417,20.721271022383792,21.245861053466797,520400,0.0,0.0
2005-11-18 00:00:00-05:00,21.38186403052303,21.906452183609165,21.100139356281723,21.8287353515625,834600,0.0,0.0
2005-11-21 00:00:00-05:00,21.88702123699262,21.88702123699262,21.32357382195845,21.663583755493164,552400,0.0,0.0
2005-11-22 00:00:00-05:00,21.624728937315474,21.770447762924885,21.585869595598087,21.653873443603516,258700,0.0,0.0
2005-11-23 00:00:00-05:00,21.653871246565938,21.66358422809439,21.352716937557982,21.372146606445312,232500,0.0,0.0
2005-11-25 00:00:00-05:00,21.420719633339317,21.420719633339317,21.197283992499923,21.28471565246582,89700,0.0,0.0
2005-11-28 00:00:00-05:00,21.26528768533387,21.362434187841426,20.973850030726624,21.002994537353516,251500,0.0,0.0
2005-11-29 00:00:00-05:00,21.16814301189865,22.479614309069483,20.497834183558492,21.469295501708984,1251100,0.0,0.0
2005-11-30 00:00:00-05:00,21.469297398249477,22.197893451224576,21.4498677254704,21.547014236450195,389700,0.0,0.0
2005-12-01 00:00:00-05:00,21.66358428355468,22.353322707498922,21.66358428355468,22.30474853515625,573300,0.0,0.0
2005-12-02 00:00:00-05:00,22.839053070209786,22.839053070209786,21.50815040883743,22.023025512695312,408900,0.0,0.0
2005-12-05 00:00:00-05:00,21.993884827341468,22.052173843649847,21.78987882900869,21.9453125,269600,0.0,0.0
2005-12-06 00:00:00-05:00,22.013314988944007,22.22703582808059,21.935598151720196,21.96474266052246,253300,0.0,0.0
2005-12-07 00:00:00-05:00,21.867593275104888,22.168745748130185,21.867593275104888,21.925880432128906,384700,0.0,0.0
2005-12-08 00:00:00-05:00,22.023026712888164,22.14931586068617,21.5858684072118,22.110458374023438,393800,0.0,0.0
2005-12-09 00:00:00-05:00,22.12017530643755,22.557331800651465,22.081315963174728,22.469900131225586,566300,0.0,0.0
2005-12-12 00:00:00-05:00,22.576763201760325,22.761341390567274,22.10074732781872,22.26589584350586,470700,0.0,0.0
2005-12-13 00:00:00-05:00,22.22703481952606,22.372755504009724,21.945311992216297,22.159032821655273,437100,0.0,0.0
2005-12-14 00:00:00-05:00,22.110460047402174,22.50875904364484,22.110460047402174,22.37275505065918,391000,0.0,0.0
2005-12-15 00:00:00-05:00,22.265894355099604,23.21792603934244,22.100745850452135,23.06249237060547,972900,0.0,0.0
2005-12-16 00:00:00-05:00,22.99448990603274,23.315072072918756,22.46989989499265,22.732194900512695,1354500,0.0,0.0
2005-12-19 00:00:00-05:00,22.68362358328618,22.907059255885027,21.993885040283203,21.993885040283203,537300,0.0,0.0
2005-12-20 00:00:00-05:00,22.061886590263814,22.36304094588193,21.809308267297418,22.12989044189453,482200,0.0,0.0
2005-12-21 00:00:00-05:00,22.18817590219032,22.703051050395597,22.18817590219032,22.64476203918457,441800,0.0,0.0
2005-12-22 00:00:00-05:00,22.557327564933644,22.80990768996716,22.44075326286594,22.761335372924805,434800,0.0,0.0
2005-12-23 00:00:00-05:00,22.829338565242434,22.887625719358706,22.576758426851626,22.84876823425293,310200,0.0,0.0
2005-12-27 00:00:00-05:00,22.848770375831936,23.04306152540185,22.431041717529297,22.431041717529297,614400,0.0,0.0
2005-12-28 00:00:00-05:00,22.57676005097098,22.57676005097098,22.14931656656685,22.333894729614258,246400,0.0,0.0
2005-12-29 00:00:00-05:00,22.24646425921215,22.508759265049182,22.149317754874495,22.343610763549805,404700,0.0,0.0
2005-12-30 00:00:00-05:00,22.197891933501047,22.547616755034973,22.129889936339325,22.343610763549805,461500,0.0,0.0
2006-01-03 00:00:00-05:00,22.30475069528742,22.94591686189873,22.100744710436622,22.819625854492188,602200,0.0,0.0
2006-01-04 00:00:00-05:00,22.73219397742201,22.897342472015588,22.40189698823486,22.615619659423828,445500,0.0,0.0
2006-01-05 00:00:00-05:00,22.57675982812707,22.858484487519476,22.304750003842887,22.673906326293945,654000,0.0,0.0
2006-01-06 00:00:00-05:00,22.98477390018099,23.441360037981617,22.98477390018099,23.421932220458984,833700,0.0,0.0
2006-01-09 00:00:00-05:00,23.266498075731256,23.48993372234473,23.140207073443417,23.4802188873291,453300,0.0,0.0
2006-01-10 00:00:00-05:00,23.305356002975696,23.41221733725024,22.86819953650913,23.03334617614746,514400,0.0,0.0
2006-01-11 00:00:00-05:00,23.159637673216444,23.159637673216444,22.76133868616263,23.052776336669922,354900,0.0,0.0
2006-01-12 00:00:00-05:00,22.868199322627696,22.965343967879235,22.596189498343513,22.673906326293945,317900,0.0,0.0
2006-01-13 00:00:00-05:00,22.78076787909494,22.975059024385637,22.635047203982733,22.64476203918457,382300,0.0,0.0
2006-01-17 00:00:00-05:00,22.635048423647316,22.73219492798497,22.343610763549805,22.343610763549805,230700,0.0,0.0
2006-01-18 00:00:00-05:00,22.285320719134393,22.431039530331983,22.15902972395866,22.30474853515625,232600,0.0,0.0
2006-01-19 00:00:00-05:00,22.343607957471317,22.85848306875818,22.2367466308288,22.84876823425293,549600,0.0,0.0
2006-01-20 00:00:00-05:00,22.907056811853582,22.93620131718042,22.21732019535647,22.44075584411621,447400,0.0,0.0
2006-01-23 00:00:00-05:00,22.57676004054625,22.955629348754883,22.3436095545013,22.955629348754883,513200,0.0,0.0
2006-01-24 00:00:00-05:00,22.984776508707654,23.1304953476994,22.83905766971591,23.10135269165039,567800,0.0,0.0
2006-01-25 00:00:00-05:00,22.9264850573797,23.315069173013548,22.24646146533405,22.84876823425293,669000,0.0,0.0
2006-01-26 00:00:00-05:00,23.538507230938308,23.94652105758352,23.31507157306282,23.80080223083496,2988300,0.0,0.0
2006-01-27 00:00:00-05:00,23.451077705111764,23.800804403566545,23.315073701452942,23.460792541503906,679800,0.0,0.0
2006-01-30 00:00:00-05:00,23.315073301339414,23.538508975777518,22.35332675000903,22.741910934448242,1082600,0.0,0.0
2006-01-31 00:00:00-05:00,22.625335181053885,23.19849565894258,22.625335181053885,22.994489669799805,679200,0.0,0.0
2006-02-01 00:00:00-05:00,22.926487919976594,23.402503752677706,22.926487919976594,23.353931427001953,1075100,0.0,0.0
2006-02-02 00:00:00-05:00,23.16935276856177,23.460790422338732,23.004204270644045,23.334501266479492,583200,0.0,0.0
2006-02-03 00:00:00-05:00,23.169349393275187,23.421929521113473,23.00420091941612,23.12077522277832,266800,0.0,0.0
2006-02-06 00:00:00-05:00,23.0527758937986,23.5579362076942,23.02363324105697,23.421932220458984,564300,0.0,0.0
2006-02-07 00:00:00-05:00,23.402503455694333,23.849374775569817,23.392788620099378,23.771657943725586,815500,0.0,0.0
2006-02-08 00:00:00-05:00,23.897945382568945,23.897945382568945,23.587078101643684,23.664794921875,676300,0.0,0.0
2006-02-09 00:00:00-05:00,23.499651167924704,24.043669018827277,23.480221495735016,23.5482234954834,447200,0.0,0.0
2006-02-10 00:00:00-05:00,23.4607885147621,23.839659657364958,23.305354864997174,23.645366668701172,315200,0.0,0.0
2006-02-13 00:00:00-05:00,23.52879051720663,24.28653094989278,23.24706772170381,24.033950805664062,885100,0.0,0.0
2006-02-14 00:00:00-05:00,24.024240953510077,24.286535986868007,23.80080526713065,24.19910430908203,637100,0.0,0.0
2006-02-15 00:00:00-05:00,24.22830229421421,24.335378553977165,24.02388600554898,24.257505416870117,618500,0.05,0.0
2006-02-16 00:00:00-05:00,24.296443054124246,24.413253697706967,24.130964248732198,24.33538055419922,628700,0.0,0.0
2006-02-17 00:00:00-05:00,24.199101468434176,24.38404901202673,24.101759581119,24.238037109375,701800,0.0,0.0
2006-02-21 00:00:00-05:00,24.16016463983784,24.549530343237873,24.043355857138895,24.374317169189453,837300,0.0,0.0
2006-02-22 00:00:00-05:00,24.481391005728508,24.909694197791275,24.354847851318322,24.72474479675293,603900,0.0,0.0
2006-02-23 00:00:00-05:00,24.62740548370701,24.71501300616617,24.16016660168635,24.247774124145508,903700,0.0,0.0
2006-02-24 00:00:00-05:00,24.101757152107258,24.38404655456543,23.96547963758551,24.38404655456543,697600,0.0,0.0
2006-02-27 00:00:00-05:00,24.413253677948173,25.211453862417137,24.384050552915582,25.15304946899414,989600,0.0,0.0
2006-02-28 00:00:00-05:00,24.987567878927234,25.308794815784974,24.792884099225887,25.191984176635742,747400,0.0,0.0
2006-03-01 00:00:00-05:00,25.2211863102155,25.357463836669922,25.075174409494046,25.357463836669922,658200,0.0,0.0
2006-03-02 00:00:00-05:00,25.182250669789404,25.36719821093696,25.104377532295157,25.357463836669922,368800,0.0,0.0
2006-03-03 00:00:00-05:00,25.143313117038907,25.54241317789333,24.997301216640807,25.4840087890625,832000,0.0,0.0
2006-03-06 00:00:00-05:00,25.39640401355013,25.484011534555698,25.094645805998848,25.162784576416016,513300,0.0,0.0
2006-03-07 00:00:00-05:00,25.02650401053537,25.415871577556192,24.977833992978848,25.172517776489258,465900,0.0,0.0
2006-03-08 00:00:00-05:00,25.182251144917956,25.182251144917956,24.822086716810347,24.929162979125977,649400,0.0,0.0
2006-03-09 00:00:00-05:00,24.86102581524644,25.376934697854896,24.73448079588203,25.308795928955078,499700,0.0,0.0
2006-03-10 00:00:00-05:00,25.221189305266506,25.55215064307968,24.977835489618126,25.47427749633789,627900,0.0,0.0
2006-03-13 00:00:00-05:00,25.47427659198701,25.571618486119124,25.17251839115544,25.308795928955078,348500,0.0,0.0
2006-03-14 00:00:00-05:00,25.250390429796674,25.66895925659237,25.230921680494056,25.600818634033203,569100,0.0,0.0
2006-03-15 00:00:00-05:00,25.50347777893531,25.63975530637775,25.260123990421203,25.51321029663086,333800,0.0,0.0
2006-03-16 00:00:00-05:00,25.55214837734514,25.61055276806214,25.415870846791442,25.571617126464844,500600,0.0,0.0
2006-03-17 00:00:00-05:00,25.639755781043945,25.727363295062258,25.30879447400634,25.69816017150879,1183000,0.0,0.0
2006-03-20 00:00:00-05:00,25.69816054690093,25.70789492156095,25.191984204432604,25.39640235900879,659300,0.0,0.0
2006-03-21 00:00:00-05:00,25.23092269897461,25.50347963028704,25.133580805174297,25.23092269897461,710300,0.0,0.0
2006-03-22 00:00:00-05:00,25.240658099531792,25.795504503101785,25.123847450897035,25.756567001342773,670600,0.0,0.0
2006-03-23 00:00:00-05:00,25.63975613263844,25.795502413775147,25.454806727547805,25.600818634033203,450500,0.0,0.0
2006-03-24 00:00:00-05:00,25.678694705479593,25.795505357985554,25.308797709721674,25.435340881347656,366400,0.0,0.0
2006-03-27 00:00:00-05:00,25.35746434204747,25.795501909584033,25.191983689493888,25.7468318939209,425800,0.0,0.0
2006-03-28 00:00:00-05:00,25.727362928285284,25.727362928285284,25.289325364438515,25.386667251586914,751100,0.0,0.0
2006-03-29 00:00:00-05:00,25.367197612517767,25.68842452918396,25.250388837352972,25.630020141601562,541900,0.0,0.0
2006-03-30 00:00:00-05:00,25.64949183691745,25.766300625504094,25.17251859413051,25.2601261138916,600700,0.0,0.0
2006-03-31 00:00:00-05:00,25.445073292751307,25.445073292751307,25.065441950538553,25.15304946899414,488600,0.0,0.0
2006-04-03 00:00:00-04:00,25.13357925415039,25.47427493310563,24.987567350781596,25.13357925415039,485800,0.0,0.0
2006-04-04 00:00:00-04:00,24.35484883294012,25.123845878117827,24.345114458109748,24.96809959411621,893100,0.0,0.0
2006-04-05 00:00:00-04:00,24.958365068108932,25.42560577392578,24.7539487678358,25.42560577392578,526800,0.0,0.0
2006-04-06 00:00:00-04:00,25.42560612344913,25.76629996192116,25.221187963723736,25.737098693847656,484600,0.0,0.0
2006-04-07 00:00:00-04:00,25.668963058811432,25.8344437391113,25.01677471370518,25.11411476135254,562100,0.0,0.0
2006-04-10 00:00:00-04:00,25.07517369294356,25.367197486041576,24.997300557674624,25.143312454223633,547900,0.0,0.0
2006-04-11 00:00:00-04:00,25.29906008862497,25.318528837652256,24.851290000849957,25.289325714111328,529700,0.0,0.0
2006-04-12 00:00:00-04:00,25.162783312293953,25.552149021289942,25.153048937488784,25.50347900390625,336200,0.0,0.0
2006-04-13 00:00:00-04:00,25.367201665152102,25.63002423622412,25.269859765868876,25.454809188842773,311600,0.0,0.0
2006-04-17 00:00:00-04:00,25.53267959813,25.53267959813,25.22118703915035,25.367198944091797,386900,0.0,0.0
2006-04-18 00:00:00-04:00,25.484009701630484,25.746832245743818,25.162782766594894,25.649490356445312,770000,0.0,0.0
2006-04-19 00:00:00-04:00,25.698162605346532,25.89284640085704,25.484011915598792,25.756567001342773,818400,0.0,0.0
2006-04-20 00:00:00-04:00,25.805237461542063,25.883110604141695,25.454807391522632,25.737098693847656,345800,0.0,0.0
2006-04-21 00:00:00-04:00,25.87337764997753,26.009655192849525,25.454808789279532,25.756567001342773,467900,0.0,0.0
2006-04-24 00:00:00-04:00,25.620286500391764,25.71762838690807,25.269856451589874,25.639755249023438,208500,0.0,0.0
2006-04-25 00:00:00-04:00,25.649491328226258,25.688426971435547,25.299061256131758,25.688426971435547,451100,0.0,0.0
2006-04-26 00:00:00-04:00,25.69816093008317,25.74683280410901,25.30879522108718,25.50347900390625,430300,0.0,0.0
2006-04-27 00:00:00-04:00,25.32826100754582,26.087523587101376,25.308792260213128,25.591083526611328,393400,0.0,0.0
2006-04-28 00:00:00-04:00,25.484010880198536,25.853907848669078,25.08491078659524,25.23092269897461,661200,0.0,0.0
2006-05-01 00:00:00-04:00,25.2601261138916,25.717630606366697,25.12384671835089,25.2601261138916,310100,0.0,0.0
2006-05-02 00:00:00-04:00,25.230923624062164,25.386669917196194,24.870759160788307,24.98756980895996,320900,0.0,0.0
2006-05-03 00:00:00-04:00,25.036236890958627,25.09464313651077,24.60793556342854,24.94862937927246,364600,0.0,0.0
2006-05-04 00:00:00-04:00,24.822086079355802,25.036236741845386,24.74421294239213,24.99730110168457,263600,0.0,0.0
2006-05-05 00:00:00-04:00,25.133577993397342,25.133577993397342,24.753946692353164,24.86102294921875,312600,0.0,0.0
2006-05-08 00:00:00-04:00,24.724746058758097,24.831822326399717,24.695544790595605,24.792884826660156,185200,0.0,0.0
2006-05-09 00:00:00-04:00,24.7150129775674,24.783151749036286,24.530065414049655,24.65660858154297,329400,0.0,0.0
2006-05-10 00:00:00-04:00,24.67607595371959,24.812353489043197,24.31591150896726,24.715011596679688,251600,0.0,0.0
2006-05-11 00:00:00-04:00,24.617670661892173,24.617670661892173,23.69292550317488,23.936279296875,704700,0.0,0.0
2006-05-12 00:00:00-04:00,23.80000311899999,24.072558195181532,23.624788080516304,23.673458099365234,395600,0.0,0.0
2006-05-15 00:00:00-04:00,23.57611250367279,23.858403767276204,23.30355747028126,23.751327514648438,408500,0.0,0.0
2006-05-16 00:00:00-04:00,23.838935955095632,23.838935955095632,23.24515214053269,23.712392807006836,550100,0.0,0.0
2006-05-17 00:00:00-04:00,23.556647689161483,23.751329607791977,23.206217636327683,23.293825149536133,426000,0.0,0.0
2006-05-18 00:00:00-04:00,23.264623234849378,23.653988948979983,22.554030574480745,22.670841217041016,846800,0.0,0.0
2006-05-19 00:00:00-04:00,22.622168410531646,22.875256578451996,22.339878975655704,22.709775924682617,692800,0.0,0.0
2006-05-22 00:00:00-04:00,22.55402619090214,22.962860575439166,22.23279930709746,22.612430572509766,545500,0.0,0.0
2006-05-23 00:00:00-04:00,22.758447581583916,23.011535767751887,22.252273065890208,22.271739959716797,357300,0.0,0.0
2006-05-24 00:00:00-04:00,22.58323596124425,22.661109111870235,22.193868351471956,22.369083404541016,715700,0.0,0.0
2006-05-25 00:00:00-04:00,22.583229571875247,22.97259521484375,22.43721583120045,22.97259521484375,644200,0.0,0.0
2006-05-26 00:00:00-04:00,23.011533003825953,23.177013649650505,22.777913596186938,23.001798629760742,139800,0.0,0.0
2006-05-30 00:00:00-04:00,22.89472604177665,23.040737951036117,22.4956259567011,22.515092849731445,294900,0.0,0.0
2006-05-31 00:00:00-04:00,22.651370642632585,23.099140713654883,22.49562436952552,22.953128814697266,478300,0.0,0.0
2006-06-01 00:00:00-04:00,23.069938505642238,23.527442932128906,22.943393503509746,23.527442932128906,501900,0.0,0.0
2006-06-02 00:00:00-04:00,23.653987702002244,23.800001461665655,23.361963895959583,23.498241424560547,437000,0.0,0.0
2006-06-05 00:00:00-04:00,23.459306901065602,23.52744566861205,22.777915512316785,22.79738426208496,722100,0.0,0.0
2006-06-06 00:00:00-04:00,22.78764858674974,22.99206673436547,22.17439785718668,22.524826049804688,534500,0.0,0.0
2006-06-07 00:00:00-04:00,22.55403364790126,23.069944449828437,22.408021717285624,22.45669174194336,467500,0.0,0.0
2006-06-08 00:00:00-04:00,22.25182647456628,22.661548922431813,21.851859544587395,22.534730911254883,605500,0.05,0.0
2006-06-09 00:00:00-04:00,22.476197385107607,22.778610966224406,22.466441868210342,22.49570655822754,298100,0.0,0.0
2006-06-12 00:00:00-04:00,22.466444789014822,22.671305088466937,22.164029307907175,22.18354034423828,291300,0.0,0.0
2006-06-13 00:00:00-04:00,22.18353899793364,22.427421355246903,21.754305528073367,21.929901123046875,657300,0.0,0.0
2006-06-14 00:00:00-04:00,21.900637176776193,22.037210706106404,21.31531912715777,21.481159210205078,771700,0.0,0.0
2006-06-15 00:00:00-04:00,21.69577613227958,22.885921467552805,21.490915827801555,22.720083236694336,648500,0.0,0.0
2006-06-16 00:00:00-04:00,22.729837483915006,22.77861507720448,22.27133927104352,22.466445922851562,1424200,0.0,0.0
2006-06-19 00:00:00-04:00,22.33962691137587,22.661551596929595,21.998191187746162,22.085988998413086,345200,0.0,0.0
2006-06-20 00:00:00-04:00,21.959168760815857,22.963964792438485,21.959168760815857,22.739591598510742,1175400,0.0,0.0
2006-06-21 00:00:00-04:00,23.217602942201726,23.31515627100257,22.856658044516085,22.97372055053711,598800,0.0,0.0
2006-06-22 00:00:00-04:00,22.97372065451532,22.99323169249879,22.427424615703053,22.446935653686523,778700,0.0,0.0
2006-06-23 00:00:00-04:00,22.271339595720406,23.256624666432362,22.222563862394797,23.19809341430664,587200,0.0,0.0
2006-06-26 00:00:00-04:00,23.18833714295156,23.58830409740088,22.807879364794356,22.95421028137207,380900,0.0,0.0
2006-06-27 00:00:00-04:00,22.866409583013827,23.207845244044183,22.42742061016413,22.476198196411133,458100,0.0,0.0
2006-06-28 00:00:00-04:00,22.56399413030641,22.778611788443886,22.144518052630175,22.476198196411133,397800,0.0,0.0
2006-06-29 00:00:00-04:00,22.61277421031016,23.129803656824198,22.388402870854076,22.91518783569336,582500,0.0,0.0
2006-06-30 00:00:00-04:00,23.032253419054904,24.38823890686035,22.642040108005165,24.38823890686035,7444700,0.0,0.0
2006-07-03 00:00:00-04:00,23.900471290980644,23.919982326351548,23.11029296520654,23.383440017700195,466100,0.0,0.0
2006-07-05 00:00:00-04:00,23.324908812674398,23.41270661132083,22.924941890251645,23.12004852294922,615500,0.0,0.0
2006-07-06 00:00:00-04:00,23.120051616414298,23.607816402746455,23.04200932502815,23.471240997314453,571600,0.0,0.0
2006-07-07 00:00:00-04:00,23.363932238912806,23.88096168240911,23.363932238912806,23.539525985717773,366900,0.0,0.0
2006-07-10 00:00:00-04:00,23.55903733710117,23.802919715043572,23.363932551152175,23.412708282470703,286900,0.0,0.0
2006-07-11 00:00:00-04:00,23.334664165239197,23.617566733906376,23.07127077116391,23.57854652404785,268600,0.0,0.0
2006-07-12 00:00:00-04:00,23.480996016810096,23.53952726893582,23.06151801178001,23.19809341430664,267100,0.0,0.0
2006-07-13 00:00:00-04:00,23.00298413134132,23.72487569399201,22.983473095970417,23.383440017700195,965100,0.0,0.0
2006-07-14 00:00:00-04:00,23.363931217003998,23.80291835582796,23.26637789926264,23.422462463378906,382600,0.0,0.0
2006-07-17 00:00:00-04:00,23.373685376662955,23.666345336178697,23.315154129029732,23.52977180480957,314400,0.0,0.0
2006-07-18 00:00:00-04:00,23.598059095327617,23.851696988279045,23.383441414774566,23.539525985717773,643400,0.0,0.0
2006-07-19 00:00:00-04:00,23.510261970303056,23.90047340892605,23.510261970303056,23.880962371826172,435800,0.0,0.0
2006-07-20 00:00:00-04:00,23.900473225475285,24.017537586501096,23.432219502721825,23.646835327148438,437300,0.0,0.0
2006-07-21 00:00:00-04:00,23.56878907020487,23.666342377849134,23.285886524778537,23.31515121459961,465200,0.0,0.0
2006-07-24 00:00:00-04:00,23.363933065876466,23.412708798269563,23.08102860810675,23.256624221801758,501000,0.0,0.0
2006-07-25 00:00:00-04:00,23.363930718139137,23.637077769173004,23.110292841697166,23.57854652404785,239100,0.0,0.0
2006-07-26 00:00:00-04:00,23.412708086714137,23.968759606065618,23.393197050079905,23.871206283569336,372300,0.0,0.0
2006-07-27 00:00:00-04:00,23.919983173286983,24.16386554203418,23.705365497957573,23.793163299560547,648300,0.0,0.0
2006-07-28 00:00:00-04:00,23.900473707292957,24.11508953604608,23.754144648566967,24.01753807067871,408100,0.0,0.0
2006-07-31 00:00:00-04:00,24.04680246582531,24.04680246582531,23.76389987057673,23.880962371826172,202700,0.0,0.0
2006-08-01 00:00:00-04:00,23.76389891110974,23.968759210362492,23.568792269338218,23.929738998413086,336100,0.0,0.0
2006-08-02 00:00:00-04:00,24.09557998657455,24.09557998657455,23.910228856029388,23.978515625,282800,0.0,0.0
2006-08-03 00:00:00-04:00,23.900472769395726,24.13459962630474,23.793163928892685,23.968759536743164,259300,0.0,0.0
2006-08-04 00:00:00-04:00,24.115085959534046,24.115085959534046,23.793161333811586,23.890714645385742,593900,0.0,0.0
2006-08-07 00:00:00-04:00,24.202885684173822,24.388236804879853,23.910227586785187,24.154109954833984,1243900,0.0,0.0
2006-08-08 00:00:00-04:00,24.16386507571737,24.29068308632165,23.637078276265505,23.685855865478516,1398100,0.0,0.0
2006-08-09 00:00:00-04:00,23.919985568291036,23.919985568291036,23.451731819974164,23.471240997314453,759700,0.0,0.0
2006-08-10 00:00:00-04:00,23.656977344442716,23.969796571385814,23.461464395328445,23.950244903564453,896100,0.05,0.0
2006-08-11 00:00:00-04:00,23.784056741107683,23.97956966790313,23.529890682093384,23.68630027770996,260800,0.0,0.0
2006-08-14 00:00:00-04:00,23.656978075815093,23.774284357270528,23.021561903824203,23.03133773803711,820800,0.0,0.0
2006-08-15 00:00:00-04:00,23.2072994029896,23.46146550301827,23.129094592561533,23.246402740478516,507000,0.0,0.0
2006-08-16 00:00:00-04:00,23.402810790475996,23.461463928222656,23.275726816716997,23.461463928222656,507500,0.0,0.0
2006-08-17 00:00:00-04:00,23.461463928222656,23.471239761938705,23.3832591230439,23.461463928222656,686100,0.0,0.0
2006-08-18 00:00:00-04:00,23.422360593358462,23.461463928222656,23.32460598529724,23.461463928222656,239700,0.0,0.0
2006-08-21 00:00:00-04:00,23.334380229991933,23.373481697643772,23.20729626488708,23.236623764038086,746400,0.0,0.0
2006-08-22 00:00:00-04:00,23.30505423356259,23.940468506410177,23.21707359498604,23.930692672729492,462700,0.0,0.0
2006-08-23 00:00:00-04:00,23.989349137605714,24.204411898045755,23.862265156557257,24.184860229492188,466000,0.0,0.0
2006-08-24 00:00:00-04:00,24.19463348388672,24.253286618743484,23.891590111818978,24.19463348388672,287200,0.0,0.0
2006-08-25 00:00:00-04:00,24.116428013510774,24.390145742831283,24.02844738139166,24.204408645629883,342600,0.0,0.0
2006-08-28 00:00:00-04:00,24.19463379021362,24.34126756148682,24.018672518865955,24.272838592529297,573700,0.0,0.0
2006-08-29 00:00:00-04:00,24.29239168806003,24.4292496340247,24.01867393158102,24.390148162841797,363400,0.0,0.0
2006-08-30 00:00:00-04:00,24.27283829190662,24.41947206136374,23.803609483824022,23.891590118408203,598600,0.0,0.0
2006-08-31 00:00:00-04:00,23.832935742551363,24.12620515368825,23.69607780275057,23.744956970214844,750900,0.0,0.0
2006-09-01 00:00:00-04:00,23.872040205759564,24.135982128903326,23.705854757619008,23.920917510986328,615200,0.0,0.0
2006-09-05 00:00:00-04:00,23.83293669363556,24.16530758745797,23.803611056536305,24.116430282592773,1226100,0.0,0.0
2006-09-06 00:00:00-04:00,23.960018668656076,24.233736400872065,23.901365534806047,24.145755767822266,616100,0.0,0.0
2006-09-07 00:00:00-04:00,24.067550967839058,24.145755767822266,23.61787196952347,24.145755767822266,612700,0.0,0.0
2006-09-08 00:00:00-04:00,24.135979475932185,24.223960107309477,24.03822301167414,24.09687614440918,677600,0.0,0.0
2006-09-11 00:00:00-04:00,23.989345335643883,24.106651599274482,23.36370509293272,23.57876968383789,1257400,0.0,0.0
2006-09-12 00:00:00-04:00,23.539666920529708,24.233736144519415,23.539666920529708,24.204408645629883,3994800,0.0,0.0
2006-09-13 00:00:00-04:00,24.439024883154616,25.846713238498218,24.341268410712072,25.279727935791016,3827400,0.0,0.0
2006-09-14 00:00:00-04:00,24.527003933279552,24.57588123406022,24.04799930034089,24.44879913330078,1848300,0.0,0.0
2006-09-15 00:00:00-04:00,24.50745350564328,24.683414780625178,24.311942428090862,24.458576202392578,783000,0.0,0.0
2006-09-18 00:00:00-04:00,24.781171798706055,25.152644159440406,24.712742826824698,24.781171798706055,895500,0.0,0.0
2006-09-19 00:00:00-04:00,24.927803915517355,24.927803915517355,24.575881381230676,24.722517013549805,970900,0.0,0.0
2006-09-20 00:00:00-04:00,24.908255295990255,24.976684271682853,24.64431336299046,24.898479461669922,631200,0.0,0.0
2006-09-21 00:00:00-04:00,24.86915274124364,25.08421549328474,24.712743128022897,24.859376907348633,470600,0.0,0.0
2006-09-22 00:00:00-04:00,24.702967168694347,24.830049279584795,24.487902553195607,24.58565902709961,962800,0.0,0.0
2006-09-25 00:00:00-04:00,24.47812791500324,24.742067963416996,24.439024580690326,24.595434188842773,464400,0.0,0.0
2006-09-26 00:00:00-04:00,24.49767901894171,24.6052113294648,24.292392096542756,24.43902587890625,668300,0.0,0.0
2006-09-27 00:00:00-04:00,24.351044220733932,24.497677996980357,23.57877200474296,24.23373794555664,1467100,0.0,0.0
2006-09-28 00:00:00-04:00,24.126204821256096,24.370595061561286,24.038224185582266,24.272838592529297,999700,0.0,0.0
2006-09-29 00:00:00-04:00,24.321717878622376,24.399922687316995,23.77428421776006,24.10665512084961,965900,0.0,0.0
2006-10-02 00:00:00-04:00,24.204412506852357,24.41947527270181,23.78406094512634,23.901369094848633,820400,0.0,0.0
2006-10-03 00:00:00-04:00,23.940468201543084,24.018673005443056,23.735181290511754,23.852487564086914,553100,0.0,0.0
2006-10-04 00:00:00-04:00,23.7058549856374,24.184859666755866,23.696079151588084,24.165307998657227,537200,0.0,0.0
2006-10-05 00:00:00-04:00,24.01867477588633,24.184860229492188,23.84271348800369,24.184860229492188,426500,0.0,0.0
2006-10-06 00:00:00-04:00,24.06755096647296,24.46835079943285,23.960018667296087,24.44879913330078,658100,0.0,0.0
2006-10-09 00:00:00-04:00,24.321716549381776,24.61498596437099,24.233737775889583,24.56610679626465,319600,0.0,0.0
2006-10-10 00:00:00-04:00,24.50745299947633,24.556332166267104,24.23373712364624,24.272838592529297,1269800,0.0,0.0
2006-10-11 00:00:00-04:00,24.19463270963034,24.624760035430956,24.19463270963034,24.536779403686523,856600,0.0,0.0
2006-10-12 00:00:00-04:00,24.478129700050616,24.487903669791997,24.175084430675014,24.321718215942383,568400,0.0,0.0
2006-10-13 00:00:00-04:00,24.24351303502262,24.439025988752526,24.21418739714793,24.409698486328125,389500,0.0,0.0
2006-10-16 00:00:00-04:00,24.341269402480684,24.566107993074695,24.253288760152646,24.43902587890625,242600,0.0,0.0
2006-10-17 00:00:00-04:00,24.302165985107422,24.37059495376226,24.184857849878014,24.302165985107422,491900,0.0,0.0
2006-10-18 00:00:00-04:00,24.282615336437154,24.5758828899805,24.282615336437154,24.50745391845703,384900,0.0,0.0
2006-10-19 00:00:00-04:00,24.52700595611677,24.70296723671859,24.37059634325952,24.41947364807129,327400,0.0,0.0
2006-10-20 00:00:00-04:00,24.43902516465357,24.51722997059848,24.29239138657558,24.31194305419922,174800,0.0,0.0
2006-10-23 00:00:00-04:00,24.21418487836894,24.927803915517355,24.21418487836894,24.722517013549805,375700,0.0,0.0
2006-10-24 00:00:00-04:00,24.781173104876476,24.898479387270473,24.28261674332763,24.321718215942383,350700,0.0,0.0
2006-10-25 00:00:00-04:00,24.42924746716871,24.51722810021352,24.243510368013066,24.44879913330078,333800,0.0,0.0
2006-10-26 00:00:00-04:00,23.559220924021293,24.68341572263742,23.54944509008815,24.390148162841797,421100,0.0,0.0
2006-10-27 00:00:00-04:00,24.390146728277596,24.527004666192642,24.26306275917114,24.272838592529297,328000,0.0,0.0
2006-10-30 00:00:00-05:00,24.16530741157158,24.399921829406296,24.16530741157158,24.31194305419922,420700,0.0,0.0
2006-10-31 00:00:00-05:00,23.960019079910126,24.546556022126378,23.950243246675743,24.19463348388672,1245100,0.0,0.0
2006-11-01 00:00:00-05:00,24.223960567805477,24.223960567805477,24.07732493635614,24.145755767822266,581800,0.0,0.0
2006-11-02 00:00:00-05:00,24.067553505948744,24.43902587890625,24.01867433546111,24.43902587890625,278600,0.0,0.0
2006-11-03 00:00:00-05:00,24.253287748386438,24.419473192012287,24.184858777108083,24.23373794555664,379800,0.0,0.0
2006-11-06 00:00:00-05:00,24.145755965117438,24.673637903180055,24.145755965117438,24.556331634521484,287200,0.0,0.0
2006-11-07 00:00:00-05:00,24.536781789989057,24.644312233484875,24.341268841642663,24.41947364807129,493600,0.0,0.0
2006-11-08 00:00:00-05:00,24.253288760152646,24.52700652123429,24.087103309594095,24.43902587890625,397800,0.0,0.0
2006-11-09 00:00:00-05:00,24.49781729795941,24.615407643365074,24.37042947038548,24.51741600036621,205800,0.06,0.0
2006-11-10 00:00:00-05:00,24.497818673662955,24.70359945338481,24.497818673662955,24.664403915405273,109500,0.0,0.0
2006-11-13 00:00:00-05:00,24.576214330101983,24.987777803987907,24.546816271597475,24.9583797454834,296200,0.0,0.0
2006-11-14 00:00:00-05:00,24.879984799097976,24.987775802612305,24.801591851733544,24.987775802612305,214100,0.0,0.0
2006-11-15 00:00:00-05:00,24.93877939476755,25.056367874145508,24.850587100716492,25.056367874145508,165000,0.0,0.0
2006-11-16 00:00:00-05:00,25.124965478563873,25.183761596679688,24.93878337830356,25.183761596679688,214600,0.0,0.0
2006-11-17 00:00:00-05:00,25.164161973595007,25.164161973595007,24.684004907360208,24.732999801635742,213300,0.0,0.0
2006-11-20 00:00:00-05:00,24.74279825966006,24.75259761196793,24.527218115992973,24.625207901000977,207500,0.0,0.0
2006-11-21 00:00:00-05:00,24.664403149892667,24.821189035015106,24.223441679838825,24.341032028198242,417300,0.0,0.0
2006-11-22 00:00:00-05:00,24.419426661409315,24.439025365665305,24.223443356920008,24.39982795715332,271300,0.0,0.0
2006-11-24 00:00:00-05:00,24.43902367365856,24.43902367365856,24.125451903413683,24.341032028198242,65500,0.0,0.0
2006-11-27 00:00:00-05:00,24.24304040302296,24.478219230903402,23.753084044346583,23.968664169311523,594400,0.0,0.0
2006-11-28 00:00:00-05:00,23.86087335850587,24.164645756131154,23.86087335850587,24.096052169799805,484800,0.0,0.0
2006-11-29 00:00:00-05:00,24.086255314517736,24.39002774361572,24.04705977642537,24.292037963867188,249200,0.0,0.0
2006-11-30 00:00:00-05:00,24.252840721005338,24.566412504009058,24.252840721005338,24.41942596435547,428800,0.0,0.0
2006-12-01 00:00:00-05:00,24.448821807110097,24.537014096727276,24.066654595757278,24.32143211364746,284200,0.0,0.0
2006-12-04 00:00:00-05:00,24.30183659369446,24.752597451762266,24.30183659369446,24.497819900512695,336300,0.0,0.0
2006-12-05 00:00:00-05:00,24.595808813257726,24.69380045574782,24.49781717076763,24.546812057495117,602000,0.0,0.0
2006-12-06 00:00:00-05:00,24.507620614577085,24.811393074893335,24.42922766130078,24.644807815551758,296700,0.0,0.0
2006-12-07 00:00:00-05:00,24.61540924564009,24.909382324736953,24.595810541957565,24.605609893798828,214700,0.0,0.0
2006-12-08 00:00:00-05:00,24.51741804907573,25.12496292217274,24.51741804907573,24.830989837646484,345000,0.0,0.0
2006-12-11 00:00:00-05:00,24.80159126771277,24.938780324146503,24.69380213577192,24.791791915893555,111300,0.0,0.0
2006-12-12 00:00:00-05:00,24.79178961721404,24.987772897356358,24.684000495267338,24.909379959106445,307500,0.0,0.0
2006-12-13 00:00:00-05:00,24.919182057584052,25.232753845157845,24.919182057584052,25.20335578918457,244200,0.0,0.0
2006-12-14 00:00:00-05:00,25.154359817504883,25.360140593370563,25.154359817504883,25.154359817504883,191200,0.0,0.0
2006-12-15 00:00:00-05:00,25.262153020638245,25.369942159246424,25.144562660569346,25.25235366821289,460100,0.0,0.0
2006-12-18 00:00:00-05:00,25.18375987447098,25.291549012241113,25.036771458268827,25.124963760375977,193400,0.0,0.0
2006-12-19 00:00:00-05:00,25.06617075763116,25.1151656527699,24.87998679184015,24.9583797454834,311100,0.0,0.0
2006-12-20 00:00:00-05:00,25.066167135785218,25.115162023844615,24.840787660255703,25.085765838623047,391900,0.0,0.0
2006-12-21 00:00:00-05:00,25.13476349854377,25.252353859503437,24.791793637199742,24.850589752197266,277000,0.0,0.0
2006-12-22 00:00:00-05:00,24.928981488833667,24.968177027887364,24.81139113360199,24.830989837646484,121200,0.0,0.0
2006-12-26 00:00:00-05:00,24.811392090745194,25.23275489878019,24.811392090745194,25.09556770324707,146900,0.0,0.0
2006-12-27 00:00:00-05:00,25.193556254698894,25.31114660870492,25.1151633083733,25.26215171813965,258700,0.0,0.0
2006-12-28 00:00:00-05:00,25.28174643135036,25.28174643135036,25.066166314304855,25.1347599029541,163300,0.0,0.0
2006-12-29 00:00:00-05:00,25.04656761210932,25.24255089599441,24.987773374557843,25.1347599029541,259100,0.0,0.0
2007-01-03 00:00:00-05:00,25.14456332933094,25.281750528863906,24.654606909244155,24.889785766601562,660200,0.0,0.0
2007-01-04 00:00:00-05:00,24.86038589477539,24.958375669048262,24.56641096485135,24.86038589477539,299200,0.0,0.0
2007-01-05 00:00:00-05:00,24.8799834245724,24.89958212758958,24.52721611543918,24.840787887573242,337100,0.0,0.0
2007-01-08 00:00:00-05:00,24.76239313329206,25.01717064677406,24.546811153942265,24.99757194519043,246700,0.0,0.0
2007-01-09 00:00:00-05:00,24.968178493402853,25.09556820813396,24.752598343365737,24.948579788208008,291700,0.0,0.0
2007-01-10 00:00:00-05:00,24.90938026325986,24.928978965320415,24.772193086906174,24.82118797302246,121400,0.0,0.0
2007-01-11 00:00:00-05:00,24.840789769665985,25.066169264334096,24.772196172943982,25.026973724365234,128400,0.0,0.0
2007-01-12 00:00:00-05:00,24.99757363445653,25.105364631415643,24.9877742830025,25.056367874145508,137400,0.0,0.0
2007-01-16 00:00:00-05:00,24.99757394278621,25.164159181489026,24.879983592922667,24.968175888061523,223500,0.0,0.0
2007-01-17 00:00:00-05:00,24.928979792306816,24.99757338275916,24.65460356146227,24.772193908691406,237200,0.0,0.0
2007-01-18 00:00:00-05:00,24.762396171592968,24.86038782249945,24.50761862685023,24.674203872680664,293800,0.0,0.0
2007-01-19 00:00:00-05:00,24.635006097911713,24.635006097911713,24.135250367861314,24.41942596435547,249900,0.0,0.0
2007-01-22 00:00:00-05:00,24.419425578291847,24.468420467723362,24.30183522700689,24.350831985473633,361700,0.0,0.0
2007-01-23 00:00:00-05:00,24.272439978516445,24.331234221912315,23.998063727610226,24.08625602722168,706600,0.0,0.0
2007-01-24 00:00:00-05:00,24.066655715261223,24.44882294439124,24.01766082721041,24.184246063232422,493100,0.0,0.0
2007-01-25 00:00:00-05:00,23.566901715735142,23.655094015848466,21.2641081677671,21.754064559936523,2534800,0.0,0.0
2007-01-26 00:00:00-05:00,21.724667479250908,22.195025188289765,21.469889919596014,22.175426483154297,1152400,0.0,0.0
2007-01-29 00:00:00-05:00,22.077435379162367,22.528194356188877,21.714866831916243,22.371408462524414,805500,0.0,0.0
2007-01-30 00:00:00-05:00,22.381207742671812,22.420403281444482,22.136229550977976,22.214622497558594,804100,0.0,0.0
2007-01-31 00:00:00-05:00,22.10683140430717,22.293015352559518,22.03823780996032,22.244020462036133,606400,0.0,0.0
2007-02-01 00:00:00-05:00,22.34200940323857,22.547792047578938,22.048036333078272,22.479198455810547,407000,0.0,0.0
2007-02-02 00:00:00-05:00,22.43020476920121,22.547795134786732,22.351811815156015,22.498798370361328,431500,0.0,0.0
2007-02-05 00:00:00-05:00,22.488999202161967,22.498796685277796,22.342010788930136,22.44000244140625,243700,0.0,0.0
2007-02-06 00:00:00-05:00,22.440003395376927,22.440003395376927,22.057837990412278,22.175426483154297,309000,0.0,0.0
2007-02-07 00:00:00-05:00,22.155826740493698,22.302813271656166,21.86185180913361,22.283214569091797,361900,0.0,0.0
2007-02-08 00:00:00-05:00,22.273391723632812,22.371642612979613,22.243915894634817,22.273391723632812,473300,0.06,0.0
2007-02-09 00:00:00-05:00,22.23409045356557,22.27339155860504,22.02776527404785,22.02776527404785,254600,0.0,0.0
2007-02-12 00:00:00-05:00,22.13584067298978,22.204615730449287,21.900039672851562,21.900039672851562,216800,0.0,0.0
2007-02-13 00:00:00-05:00,21.978640244676313,22.234089925445918,21.909863312490877,22.03759002685547,218500,0.0,0.0
2007-02-14 00:00:00-05:00,22.086713486335952,22.10636403745771,21.379310511769997,21.77231216430664,414100,0.0,0.0
2007-02-15 00:00:00-05:00,21.6740611001714,21.968813742576693,21.634761872238503,21.811613082885742,288900,0.0,0.0
2007-02-16 00:00:00-05:00,21.742836337624006,21.96881392756481,21.674061282677556,21.77231216430664,178800,0.0,0.0
2007-02-20 00:00:00-05:00,21.71336336717756,22.332340763676246,21.615112481103857,22.3225154876709,425200,0.0,0.0
2007-02-21 00:00:00-05:00,22.30286844831024,22.332342404512058,21.909864875140077,22.008115768432617,499400,0.0,0.0
2007-02-22 00:00:00-05:00,22.096539635784506,22.096539635784506,21.7723130253716,21.791963577270508,489100,0.0,0.0
2007-02-23 00:00:00-05:00,21.664236344066143,21.97863954496515,21.664236344066143,21.801788330078125,406700,0.0,0.0
2007-02-26 00:00:00-05:00,21.801789276709258,21.860739059571284,21.359661220294544,21.428436279296875,357700,0.0,0.0
2007-02-27 00:00:00-05:00,21.340011618565768,21.349836895143724,20.711208909415806,20.87823486328125,450500,0.0,0.0
2007-02-28 00:00:00-05:00,20.897883444635294,21.241760596497905,20.829108389058714,20.986309051513672,409300,0.0,0.0
2007-03-01 00:00:00-05:00,20.858583615572066,21.418611244008325,20.829109660799524,21.104209899902344,327600,0.0,0.0
2007-03-02 00:00:00-05:00,21.074734317667097,21.153334647623808,20.84875672930933,20.956832885742188,232800,0.0,0.0
2007-03-05 00:00:00-05:00,20.750509857754274,20.878234704335533,20.622783137193135,20.63260841369629,271800,0.0,0.0
2007-03-06 00:00:00-05:00,20.632607984534143,21.055085495482807,20.632607984534143,20.996135711669922,351300,0.0,0.0
2007-03-07 00:00:00-05:00,21.015784239393685,21.08455929901155,20.82910961299657,20.927358627319336,461200,0.0,0.0
2007-03-08 00:00:00-05:00,20.799633716134974,21.114035058488863,20.799633716134974,21.03543472290039,182400,0.0,0.0
2007-03-09 00:00:00-05:00,21.09438484375195,21.202461009658492,20.888059662272024,21.064910888671875,205000,0.0,0.0
2007-03-12 00:00:00-04:00,21.1042100632558,21.46773779142956,20.956834666312865,21.349836349487305,502900,0.0,0.0
2007-03-13 00:00:00-04:00,21.27123579938849,21.359661411462838,20.77998323185536,20.927358627319336,437600,0.0,0.0
2007-03-14 00:00:00-04:00,20.996135036022636,21.1533357037849,20.868408322228433,20.937183380126953,270400,0.0,0.0
2007-03-15 00:00:00-04:00,20.956834722765333,21.09438484375195,20.947009446412025,21.064910888671875,168000,0.0,0.0
2007-03-16 00:00:00-04:00,21.074735085068408,21.114034314487938,20.868408040181684,21.084558486938477,212500,0.0,0.0
2007-03-19 00:00:00-04:00,21.133684745481215,21.27123485863357,20.976484080741454,21.015783309936523,172500,0.0,0.0
2007-03-20 00:00:00-04:00,21.01578245148202,21.300709815921437,20.96665794849989,21.28105926513672,166100,0.0,0.0
2007-03-21 00:00:00-04:00,21.30070896725324,21.772310923418797,21.15333359019895,21.546335220336914,423900,0.0,0.0
2007-03-22 00:00:00-04:00,21.693709805313894,21.762484853829488,21.477559385124962,21.703535079956055,274800,0.0,0.0
2007-03-23 00:00:00-04:00,21.772313379561506,21.772313379561506,21.42843621165553,21.53651237487793,223100,0.0,0.0
2007-03-26 00:00:00-04:00,21.6445874904925,21.6445874904925,21.231935283773844,21.2712345123291,413000,0.0,0.0
2007-03-27 00:00:00-04:00,21.18280947057849,21.271235079660894,20.976484298706055,20.976484298706055,192600,0.0,0.0
2007-03-28 00:00:00-04:00,20.976485159072347,21.114035279295692,20.868408993765524,20.996135711669922,364100,0.0,0.0
2007-03-29 00:00:00-04:00,21.035433861523927,21.12385946968751,20.77998231282688,21.015783309936523,335100,0.0,0.0
2007-03-30 00:00:00-04:00,21.064909688905036,21.094383642306404,20.966658804947752,21.015783309936523,270400,0.0,0.0
2007-04-02 00:00:00-04:00,20.947010040283203,21.074736762517556,20.91753608436751,20.947010040283203,257000,0.0,0.0
2007-04-03 00:00:00-04:00,20.90771021497864,21.22211156236511,20.90771021497864,21.064910888671875,135600,0.0,0.0
2007-04-04 00:00:00-04:00,21.07473453605413,21.123859040043747,20.87823277213626,20.91753387451172,223200,0.0,0.0
2007-04-05 00:00:00-04:00,21.045260289434534,21.045260289434534,20.858583787094112,20.888059616088867,217200,0.0,0.0
2007-04-09 00:00:00-04:00,20.878234339757284,20.966659952761702,20.77998345042128,20.888059616088867,312200,0.0,0.0
2007-04-10 00:00:00-04:00,20.897884892420453,20.98631050542487,20.770158174089694,20.888059616088867,161200,0.0,0.0
2007-04-11 00:00:00-04:00,20.838933117660137,20.996135664104767,20.819284439086914,20.819284439086914,299900,0.0,0.0
2007-04-12 00:00:00-04:00,20.779984085501287,20.947010040283203,20.554008344908077,20.947010040283203,609800,0.0,0.0
2007-04-13 00:00:00-04:00,21.035436518510227,21.104211583773385,20.927360345108138,20.96666145324707,141300,0.0,0.0
2007-04-16 00:00:00-04:00,20.878235170210914,21.379313039173567,20.858584616766123,21.369487762451172,411200,0.0,0.0
2007-04-17 00:00:00-04:00,21.290885410220973,21.34983519100345,21.015783309936523,21.015783309936523,293800,0.0,0.0
2007-04-18 00:00:00-04:00,20.996134110075904,21.19263399912304,20.848756850815928,21.02560806274414,188100,0.0,0.0
2007-04-19 00:00:00-04:00,21.07473453605413,21.07473453605413,20.888058047730127,20.91753387451172,125300,0.0,0.0
2007-04-20 00:00:00-04:00,20.996135609103305,21.222111340932003,20.996135609103305,21.104209899902344,215700,0.0,0.0
2007-04-23 00:00:00-04:00,21.104208746243714,21.958988993537766,21.104208746243714,21.801788330078125,455200,0.0,0.0
2007-04-24 00:00:00-04:00,22.00811333477184,22.37164103756131,21.772312341332608,22.302865982055664,745100,0.0,0.0
2007-04-25 00:00:00-04:00,22.351990330593342,22.420765385619955,22.086713512079523,22.234088897705078,652500,0.0,0.0
2007-04-26 00:00:00-04:00,22.26356546688717,22.30286657048714,22.07688897274684,22.184965133666992,164400,0.0,0.0
2007-04-27 00:00:00-04:00,22.155491361812892,22.499368554302524,22.155491361812892,22.430593490600586,418100,0.0,0.0
2007-04-30 00:00:00-04:00,22.509192615423977,22.519017891705023,22.116190934081274,22.20461654663086,464700,0.0,0.0
2007-05-01 00:00:00-04:00,22.184964610806183,22.263564942173886,21.958988892371497,22.19478988647461,213500,0.0,0.0
2007-05-02 00:00:00-04:00,22.194790750226616,22.813768149588487,22.17514019812502,22.676218032836914,472700,0.0,0.0
2007-05-03 00:00:00-04:00,22.73516961399008,22.73516961399008,22.509193868881713,22.607444763183594,324600,0.0,0.0
2007-05-04 00:00:00-04:00,22.538668643455008,23.118346831300904,22.538668643455008,23.088871002197266,490000,0.0,0.0
2007-05-07 00:00:00-04:00,23.059394668725766,23.14782028012273,22.803943110687847,22.81376838684082,395300,0.0,0.0
2007-05-08 00:00:00-04:00,22.794120117766173,24.5626286294981,22.794120117766173,24.120500564575195,774900,0.0,0.0
2007-05-09 00:00:00-04:00,24.06154856979301,24.179450000932896,23.717671425779653,23.80609703063965,427900,0.0,0.0
2007-05-10 00:00:00-04:00,23.874870910728173,24.56262516493828,23.589945433284274,24.326824188232422,854800,0.0,0.0
2007-05-11 00:00:00-04:00,24.140150474944765,24.346477524412393,24.03207431217697,24.06155014038086,789500,0.0,0.0
2007-05-14 00:00:00-04:00,24.07137460040686,24.120499105101512,23.462220622702624,23.4720458984375,576300,0.0,0.0
2007-05-15 00:00:00-04:00,23.609599040478095,23.75697443575607,23.275547145058777,23.344322204589844,530300,0.0,0.0
2007-05-16 00:00:00-04:00,23.47204606034308,23.550646392784532,23.11834550134642,23.255895614624023,499600,0.0,0.0
2007-05-17 00:00:00-04:00,27.195740788513792,27.490491561559303,26.7044882507848,27.461017608642578,11826600,0.0,0.0
2007-05-18 00:00:00-04:00,27.33329222667301,27.461018942113427,27.087665945881223,27.29399299621582,1961600,0.0,0.0
2007-05-21 00:00:00-04:00,26.959940757497932,27.578918152577064,26.930464929549487,27.5494441986084,1910100,0.0,0.0
2007-05-22 00:00:00-04:00,27.42171957078582,27.578920250509587,27.42171957078582,27.51014518737793,718700,0.0,0.0
2007-05-23 00:00:00-04:00,27.44136903348746,27.510144093885398,27.146616365236493,27.352943420410156,1131200,0.0,0.0
2007-05-24 00:00:00-04:00,27.29399284424703,27.29399284424703,27.107316347170315,27.225215911865234,759000,0.0,0.0
2007-05-25 00:00:00-04:00,27.264516711075,27.264516711075,27.11714131986514,27.195741653442383,663000,0.0,0.0
2007-05-29 00:00:00-04:00,27.166266466030294,27.274342629989217,26.733963684174405,27.25469207763672,947700,0.0,0.0
2007-05-30 00:00:00-04:00,27.26451608412976,27.755768626186153,27.058190915976347,27.598567962646484,843400,0.0,0.0
2007-05-31 00:00:00-04:00,27.510144282008774,27.62804572491138,27.20556820931518,27.313642501831055,1551400,0.0,0.0
2007-06-01 00:00:00-04:00,27.313643733560443,27.59857114026917,27.18591888247098,27.539621353149414,463400,0.0,0.0
2007-06-04 00:00:00-04:00,27.411889905025074,27.470839681987812,27.313639027434093,27.343114852905273,439500,0.0,0.0
2007-06-05 00:00:00-04:00,27.205568911154142,27.47084388506371,26.999241849246804,27.08766746520996,757300,0.0,0.0
2007-06-06 00:00:00-04:00,27.20556560478662,27.21539088025287,26.97958801702228,27.077838897705078,437000,0.0,0.0
2007-06-07 00:00:00-04:00,27.038541814845228,27.117142150831064,26.63571485867034,26.75361442565918,1443700,0.0,0.0
2007-06-08 00:00:00-04:00,26.783090937950337,27.048367781415326,26.763440384957406,26.989416122436523,365500,0.0,0.0
2007-06-11 00:00:00-04:00,26.87151475101767,26.999239588949536,26.62588847701199,26.88134002685547,265300,0.0,0.0
2007-06-12 00:00:00-04:00,26.73396248976565,26.832213373158712,26.645538756089596,26.74378776550293,547300,0.0,0.0
2007-06-13 00:00:00-04:00,26.763439414467726,26.959941189311817,26.763439414467726,26.900989532470703,397700,0.0,0.0
2007-06-14 00:00:00-04:00,26.842040421360643,26.959941864013672,26.79291591341013,26.959941864013672,480300,0.0,0.0
2007-06-15 00:00:00-04:00,27.05819264987764,27.0778413285944,26.802741086761298,27.068016052246094,847600,0.0,0.0
2007-06-18 00:00:00-04:00,27.01889102428071,27.01889102428071,26.557114288680282,26.616064071655273,628600,0.0,0.0
2007-06-19 00:00:00-04:00,26.557113951760122,26.645539562090693,26.498162295553215,26.58658790588379,680400,0.0,0.0
2007-06-20 00:00:00-04:00,26.58658824317787,26.675013854630265,26.50798790788461,26.616064071655273,423600,0.0,0.0
2007-06-21 00:00:00-04:00,26.5865884141262,26.60623896657082,26.37043795917487,26.399913787841797,316000,0.0,0.0
2007-06-22 00:00:00-04:00,26.331136414851937,26.399913347260302,25.98726112270908,26.016735076904297,2053700,0.0,0.0
2007-06-25 00:00:00-04:00,26.016734498447402,26.10516010702659,25.78093350022948,25.849708557128906,997000,0.0,0.0
2007-06-26 00:00:00-04:00,25.898835221317825,25.918483899234047,25.54513278310894,25.702333450317383,1233000,0.0,0.0
2007-06-27 00:00:00-04:00,25.653208359359787,25.86935880334566,25.653208359359787,25.820234298706055,562100,0.0,0.0
2007-06-28 00:00:00-04:00,25.859532909812728,26.144460277058478,25.721982800924263,25.938133239746094,806700,0.0,0.0
2007-06-29 00:00:00-04:00,25.97743744916563,26.065863065165743,25.938136342507846,25.987262725830078,515700,0.0,0.0
2007-07-02 00:00:00-04:00,26.114985317796883,26.114985317796883,25.938134101079157,25.95778465270996,262400,0.0,0.0
2007-07-03 00:00:00-04:00,26.03638572996588,26.03638572996588,25.898835612575446,25.908660888671875,318200,0.0,0.0
2007-07-05 00:00:00-04:00,25.938135367064227,25.977436472244033,25.889010859569304,25.898836135864258,575400,0.0,0.0
2007-07-06 00:00:00-04:00,25.938136342507846,26.006911405179064,25.908662386494417,25.987262725830078,628200,0.0,0.0
2007-07-09 00:00:00-04:00,25.98726117379599,26.223062177720266,25.98726117379599,26.193586349487305,687400,0.0,0.0
2007-07-10 00:00:00-04:00,26.232889135608254,26.232889135608254,26.05603790283203,26.05603790283203,931100,0.0,0.0
2007-07-11 00:00:00-04:00,26.08550890271299,26.10515945390112,26.03638439872238,26.075685501098633,853000,0.0,0.0
2007-07-12 00:00:00-04:00,26.08550961089699,26.124810714340214,26.006909277990303,26.026559829711914,523500,0.0,0.0
2007-07-13 00:00:00-04:00,26.036385040908684,26.25253548737031,25.99708393756307,26.13463592529297,1143900,0.0,0.0
2007-07-16 00:00:00-04:00,26.114987574508067,26.28201352984384,25.97743744916563,25.987262725830078,664000,0.0,0.0
2007-07-17 00:00:00-04:00,25.928307964256962,26.016733569679456,25.790757855368497,25.938133239746094,809600,0.0,0.0
2007-07-18 00:00:00-04:00,25.93813450473043,25.96761033263534,25.79075911316544,25.87918472290039,484700,0.0,0.0
2007-07-19 00:00:00-04:00,25.898835155225,25.947959660859862,25.810409545898438,25.810409545898438,222900,0.0,0.0
2007-07-20 00:00:00-04:00,25.810408868345473,25.830059419675475,25.731808537005186,25.75145721435547,349700,0.0,0.0
2007-07-23 00:00:00-04:00,25.761283518771105,25.790759346943194,25.505831963219045,25.55495834350586,277900,0.0,0.0
2007-07-24 00:00:00-04:00,25.545134967475796,25.554960244263956,24.896681691296727,24.916332244873047,593700,0.0,0.0
2007-07-25 00:00:00-04:00,25.05387890715561,25.191429015207675,24.484026050108906,25.12265396118164,939300,0.0,0.0
2007-07-26 00:00:00-04:00,24.267876782952577,24.55280228822701,23.501522128318996,24.14015007019043,1220800,0.0,0.0
2007-07-27 00:00:00-04:00,24.06154916945495,25.112829304568614,23.982948838062704,25.0047550201416,1210600,0.0,0.0
2007-07-30 00:00:00-04:00,24.975278391177103,25.30933025736275,24.62157597427944,24.87702751159668,710600,0.0,0.0
2007-07-31 00:00:00-04:00,25.053879528948563,25.11282930900824,24.670703147591098,24.71982765197754,1047400,0.0,0.0
2007-08-01 00:00:00-04:00,24.690352971465003,24.81807968716835,24.513503623073902,24.592103958129883,678600,0.0,0.0
2007-08-02 00:00:00-04:00,24.562627562882078,25.004755608605862,24.503677781445496,24.88685417175293,551300,0.0,0.0
2007-08-03 00:00:00-04:00,24.768953543047154,24.99493114822336,24.680529804997125,24.72965431213379,1055400,0.0,0.0
2007-08-06 00:00:00-04:00,24.641226954868685,24.906503772169806,24.444725192279776,24.51350212097168,1189700,0.0,0.0
2007-08-07 00:00:00-04:00,24.5135017813741,24.592102110524834,24.336650572290026,24.484025955200195,648000,0.0,0.0
2007-08-08 00:00:00-04:00,24.474202703899557,24.759130091872628,24.317002032597117,24.55280303955078,1110200,0.0,0.0
2007-08-09 00:00:00-04:00,24.375950334919533,24.375950334919533,23.314844931103853,23.44257164001465,1188800,0.0,0.0
2007-08-10 00:00:00-04:00,23.28537061028357,24.071373906622224,22.096538516344225,22.951318740844727,1636400,0.0,0.0
2007-08-13 00:00:00-04:00,23.02009426042354,23.43274646783883,22.676217108580847,22.7646427154541,909400,0.0,0.0
2007-08-14 00:00:00-04:00,22.91201874012831,22.91201874012831,22.36181640625,22.36181640625,436200,0.0,0.0
2007-08-15 00:00:00-04:00,22.361817219167943,22.440417555436483,21.772313760163968,22.20461654663086,1487100,0.0,0.0
2007-08-16 00:00:00-04:00,22.283217070436756,22.391293236458015,21.94916516998909,22.165315628051758,748200,0.0,0.0
2007-08-17 00:00:00-04:00,22.646742423772483,22.941495086208494,22.293041852421002,22.636919021606445,592900,0.0,0.0
2007-08-20 00:00:00-04:00,22.666392858412706,23.14782014318152,22.568141971444014,23.02992057800293,511400,0.0,0.0
2007-08-21 00:00:00-04:00,22.99061779089993,23.776622955140578,22.99061779089993,23.737321853637695,593900,0.0,0.0
2007-08-22 00:00:00-04:00,23.865050806919605,24.317002272885127,23.865050806919605,24.22857666015625,454900,0.0,0.0
2007-08-23 00:00:00-04:00,24.34647873452817,24.395603243329866,23.835575597478982,24.11067771911621,323000,0.0,0.0
2007-08-24 00:00:00-04:00,24.091024980235666,24.2580509185791,23.85522398621783,24.2580509185791,528000,0.0,0.0
2007-08-27 00:00:00-04:00,24.267877411149968,24.366126424765945,23.865050458589046,24.02225112915039,476400,0.0,0.0
2007-08-28 00:00:00-04:00,24.0517245058664,24.0517245058664,23.83557405753193,23.855224609375,330100,0.0,0.0
2007-08-29 00:00:00-04:00,23.865048011647037,24.071373167861346,23.66854625660326,24.032072067260742,339200,0.0,0.0
2007-08-30 00:00:00-04:00,23.924000309754906,24.071375704578813,23.63907292231284,23.914175033569336,311100,0.0,0.0
2007-08-31 00:00:00-04:00,23.914174227477872,24.189276329461308,23.855224446331334,24.071374893188477,1163700,0.0,0.0
2007-09-04 00:00:00-04:00,24.04189963803057,24.05172491411888,23.54082180140562,23.77662467956543,272400,0.0,0.0
2007-09-05 00:00:00-04:00,23.491697244224166,23.668548465472295,23.314846022976038,23.599773406982422,432600,0.0,0.0
2007-09-06 00:00:00-04:00,23.60959898699792,23.629247665405273,23.41309721108585,23.629247665405273,455700,0.0,0.0
2007-09-07 00:00:00-04:00,23.481872895000517,23.589949062024605,23.393447280886242,23.511348724365234,578800,0.0,0.0
2007-09-10 00:00:00-04:00,23.521171970890634,23.5309972464976,23.383619986372878,23.44257164001465,505800,0.0,0.0
2007-09-11 00:00:00-04:00,23.43274624236774,23.540820525522047,23.285370856990273,23.373796463012695,563700,0.0,0.0
2007-09-12 00:00:00-04:00,23.354145356484963,23.3934445837938,23.18711942396818,23.38361930847168,448000,0.0,0.0
2007-09-13 00:00:00-04:00,23.363973872847197,23.383622552237448,23.03974723815918,23.03974723815918,322700,0.0,0.0
2007-09-14 00:00:00-04:00,22.862894123303693,22.912018628704374,22.607442572464684,22.754817962646484,588200,0.0,0.0
2007-09-17 00:00:00-04:00,22.78429373227825,22.80394241000065,21.379311143229913,21.831262588500977,529700,0.0,0.0
2007-09-18 00:00:00-04:00,21.949165982049063,22.17514172483596,21.92951542859457,22.008115768432617,974600,0.0,0.0
2007-09-19 00:00:00-04:00,22.0965397424521,22.21444118043493,22.008114132459923,22.145666122436523,568600,0.0,0.0
2007-09-20 00:00:00-04:00,22.126014830775333,22.19478988647461,22.00811339673392,22.19478988647461,269500,0.0,0.0
2007-09-21 00:00:00-04:00,22.332340636632097,22.332340636632097,21.615112358139875,21.791963577270508,732200,0.0,0.0
2007-09-24 00:00:00-04:00,21.821437612672327,21.821437612672327,19.94485300084966,20.190479278564453,1317100,0.0,0.0
2007-09-25 00:00:00-04:00,20.07257977171834,20.131529553823032,18.480920663053276,19.158849716186523,3273000,0.0,0.0
2007-09-26 00:00:00-04:00,19.237449809851142,19.325875418892757,18.42197065067384,19.021299362182617,1137400,0.0,0.0
2007-09-27 00:00:00-04:00,19.109725609988196,19.6501026842121,18.92304910977383,19.54202651977539,1018100,0.0,0.0
2007-09-28 00:00:00-04:00,19.502728779543258,19.581329121328633,19.276753031157803,19.44377899169922,1636400,0.0,0.0
2007-10-01 00:00:00-04:00,16.653461993114757,16.899088265143117,14.491950049673287,15.612006187438965,14440100,0.0,0.0
2007-10-02 00:00:00-04:00,15.720081459107961,15.720081459107961,14.973377364922763,15.042153358459473,4179000,0.0,0.0
2007-10-03 00:00:00-04:00,14.993027332596963,15.494105134469077,14.82600139863959,14.875126838684082,4512300,0.0,0.0
2007-10-04 00:00:00-04:00,14.953728351902686,15.523581252760604,14.953728351902686,15.386030197143555,2001200,0.0,0.0
2007-10-05 00:00:00-04:00,15.405680724730843,15.523581227788693,15.268129669335066,15.29760456085205,1350500,0.0,0.0
2007-10-08 00:00:00-04:00,15.238655409690034,15.356555917636637,15.110929625167062,15.2681303024292,644600,0.0,0.0
2007-10-09 00:00:00-04:00,15.28778083434776,15.29760517392054,15.120754880741247,15.179704666137695,549300,0.0,0.0
2007-10-10 00:00:00-04:00,15.1404037981342,15.356555187588812,14.86530262600372,15.317255020141602,1346200,0.0,0.0
2007-10-11 00:00:00-04:00,15.435154783946594,15.435154783946594,14.934076970227641,14.993027687072754,698400,0.0,0.0
2007-10-12 00:00:00-04:00,15.032327322145147,15.032327322145147,14.698275458121282,14.717925071716309,1257200,0.0,0.0
2007-10-15 00:00:00-04:00,14.69827621968462,14.747401661702265,13.64699607066046,14.010522842407227,2488300,0.0,0.0
2007-10-16 00:00:00-04:00,13.961397171020508,14.157897998872937,13.784545957458393,13.961397171020508,1048800,0.0,0.0
2007-10-17 00:00:00-04:00,13.98104683574473,14.118597884232546,13.538919737234414,13.764896392822266,1359600,0.0,0.0
2007-10-18 00:00:00-04:00,13.686296326406982,13.823846440568335,13.529095660514075,13.617520332336426,750200,0.0,0.0
2007-10-19 00:00:00-04:00,13.568395649537594,13.597870539759567,13.234343770389012,13.371893882751465,866300,0.0,0.0
2007-10-22 00:00:00-04:00,13.470144502502272,13.597870273617417,13.27364367655199,13.519269943237305,647800,0.0,0.0
2007-10-23 00:00:00-04:00,13.519270702404048,13.5782204850045,13.126268091444805,13.185218811035156,769100,0.0,0.0
2007-10-24 00:00:00-04:00,13.234343830224384,13.981046986826195,13.195043664087446,13.922097206115723,1740300,0.0,0.0
2007-10-25 00:00:00-04:00,13.646995962825441,13.91227184844078,12.82169154181796,12.910117149353027,2301200,0.0,0.0
2007-10-26 00:00:00-04:00,12.910118286522266,13.16556891891474,12.772567225241742,12.782392501831055,866700,0.0,0.0
2007-10-29 00:00:00-04:00,13.01819295721461,13.460320077797503,13.00836768104857,13.165568351745605,1629900,0.0,0.0
2007-10-30 00:00:00-04:00,13.185219195488656,13.244168979807961,12.95924252362485,13.018193244934082,1525900,0.0,0.0
2007-10-31 00:00:00-04:00,13.047667261527698,13.116443254604897,12.86099170772356,12.910117149353027,940900,0.0,0.0
2007-11-01 00:00:00-04:00,12.831155988109767,12.959467660945425,12.62388343065032,12.633753776550293,879000,0.06,0.0
2007-11-02 00:00:00-04:00,12.633753665657363,12.742324645740092,12.515312339761298,12.732454299926758,900700,0.0,0.0
2007-11-05 00:00:00-05:00,12.604143750878395,13.048298964702006,12.594273404923026,12.742324829101562,915300,0.0,0.0
2007-11-06 00:00:00-05:00,12.692973687384198,12.801545607295846,12.505441825890946,12.72258472442627,902200,0.0,0.0
2007-11-07 00:00:00-05:00,12.574532174088878,12.58440251962122,12.337649529040412,12.347519874572754,890300,0.0,0.0
2007-11-08 00:00:00-05:00,12.45609161072905,12.45609161072905,11.725702940003794,12.179728507995605,1363500,0.0,0.0
2007-11-09 00:00:00-05:00,12.209337881235786,12.23894797659397,11.844143567524988,12.140247344970703,771400,0.0,0.0
2007-11-12 00:00:00-05:00,12.169858739329957,12.23894928296971,11.942846415206168,12.002066612243652,587400,0.0,0.0
2007-11-13 00:00:00-05:00,12.298169193226917,13.038428171291246,11.972455318181648,12.979207038879395,1347400,0.0,0.0
2007-11-14 00:00:00-05:00,13.018686743563034,13.27531006735005,12.989076649676198,13.146998405456543,1340800,0.0,0.0
2007-11-15 00:00:00-05:00,13.176610535719428,13.206220632067115,12.732454384064173,12.841026306152344,1224500,0.0,0.0
2007-11-16 00:00:00-05:00,12.841025630257418,12.87063572504656,12.614012393439486,12.75219440460205,1956200,0.0,0.0
2007-11-19 00:00:00-05:00,12.702844131605621,12.752194919103934,12.238948235182262,12.258688926696777,600300,0.0,0.0
2007-11-20 00:00:00-05:00,12.258689514482537,12.436351981479914,12.090897393715686,12.238948822021484,672100,0.0,0.0
2007-11-21 00:00:00-05:00,12.18959854931569,12.18959854931569,11.854014319458424,12.110637664794922,669500,0.0,0.0
2007-11-23 00:00:00-05:00,12.15998835029464,12.288300031812184,12.140248598447048,12.209339141845703,120300,0.0,0.0
2007-11-26 00:00:00-05:00,12.229079347373283,12.298169888017103,11.597391311540578,11.607261657714844,727500,0.0,0.0
2007-11-27 00:00:00-05:00,11.794793006791094,11.794793006791094,11.548040011078779,11.735572814941406,693200,0.0,0.0
2007-11-28 00:00:00-05:00,11.80466294792256,12.268558827522265,11.794792602523259,12.130376815795898,441100,0.0,0.0
2007-11-29 00:00:00-05:00,12.100767110869986,12.19946774418008,11.834273424227986,11.942845344543457,406400,0.0,0.0
2007-11-30 00:00:00-05:00,11.992196276087842,12.308040778619112,11.992196276087842,12.159988403320312,571500,0.0,0.0
2007-12-03 00:00:00-05:00,12.110637556329493,12.14024765243759,11.844143867492676,11.844143867492676,357600,0.0,0.0
2007-12-04 00:00:00-05:00,11.80466409887345,11.893495333552277,11.3506385204057,11.409859657287598,776900,0.0,0.0
2007-12-05 00:00:00-05:00,11.508559916463408,11.7553129196167,11.459209127575148,11.7553129196167,590700,0.0,0.0
2007-12-06 00:00:00-05:00,11.725702673965397,11.932975231634785,11.6566121351716,11.903365135192871,416000,0.0,0.0
2007-12-07 00:00:00-05:00,11.923104592301028,12.081026357822159,11.923104592301028,11.992195129394531,305700,0.0,0.0
2007-12-10 00:00:00-05:00,12.002065841775496,12.15011820744116,11.893494859984408,12.01193618774414,346500,0.0,0.0
2007-12-11 00:00:00-05:00,12.021806214090708,12.031675618508956,11.548039974359737,11.57765007019043,659400,0.0,0.0
2007-12-12 00:00:00-05:00,11.794793184094496,11.893494760378331,11.311157531137296,11.380248069763184,484400,0.0,0.0
2007-12-13 00:00:00-05:00,11.311157945883837,11.43946962324243,11.103885381118111,11.350638389587402,465200,0.0,0.0
2007-12-14 00:00:00-05:00,11.143365859985352,11.340768079126097,11.074275318608098,11.143365859985352,361700,0.0,0.0
2007-12-17 00:00:00-05:00,11.084145129911873,11.202587407026101,10.945964042092047,10.95583438873291,340400,0.0,0.0
2007-12-18 00:00:00-05:00,11.00518311944971,11.02492381072258,10.679469243751097,10.738690376281738,601200,0.0,0.0
2007-12-19 00:00:00-05:00,10.709080849070643,10.758430697296244,10.412977053276945,10.561028480529785,409700,0.0,0.0
2007-12-20 00:00:00-05:00,10.620249483974773,10.876872833220053,10.422847269666098,10.867002487182617,732900,0.0,0.0
2007-12-21 00:00:00-05:00,11.14336457275738,11.518429216443142,10.926221686141849,11.488819122314453,882300,0.0,0.0
2007-12-24 00:00:00-05:00,11.518429112915657,11.686221213616646,11.518429112915657,11.587519645690918,177500,0.0,0.0
2007-12-26 00:00:00-05:00,11.538169689809914,11.57765013155609,11.34076748107903,11.528300285339355,325300,0.0,0.0
2007-12-27 00:00:00-05:00,11.45920857610317,11.735572604062261,11.37037828992485,11.567780494689941,1046500,0.0,0.0
2007-12-28 00:00:00-05:00,11.597391846335322,11.854015210971877,11.597391846335322,11.636872291564941,606900,0.0,0.0
2007-12-31 00:00:00-05:00,11.597390761602876,11.696092336089155,11.340767420968932,11.57765007019043,510800,0.0,0.0
2008-01-02 00:00:00-05:00,11.557910343851976,11.557910343851976,10.93609268239987,11.005183219909668,584700,0.0,0.0
2008-01-03 00:00:00-05:00,11.024923761291687,11.024923761291687,10.768300423622767,10.788041114807129,273700,0.0,0.0
2008-01-04 00:00:00-05:00,10.718949333457418,10.718949333457418,10.442586253716945,10.511676788330078,532300,0.0,0.0
2008-01-07 00:00:00-05:00,10.551158168329556,10.76830107811557,10.31427550744737,10.353755950927734,689600,0.0,0.0
2008-01-08 00:00:00-05:00,10.383366954012825,10.412977051199883,10.028042022616054,10.037912368774414,504300,0.0,0.0
2008-01-09 00:00:00-05:00,10.04778297735742,10.324146087993297,9.998432186564717,10.314275741577148,795600,0.0,0.0
2008-01-10 00:00:00-05:00,10.264924516085543,10.393236190197612,10.0576519565642,10.18596363067627,347600,0.0,0.0
2008-01-11 00:00:00-05:00,10.087263140211972,10.087263140211972,9.69245776617688,9.879990577697754,692300,0.0,0.0
2008-01-14 00:00:00-05:00,9.929340717522177,9.998431253410915,9.879989931335384,9.949080467224121,379100,0.0,0.0
2008-01-15 00:00:00-05:00,9.879990611315183,9.919471054724225,9.662847701921438,9.672718048095703,703500,0.0,0.0
2008-01-16 00:00:00-05:00,9.682587906458865,10.047782224915938,9.682587906458865,9.958950996398926,1017300,0.0,0.0
2008-01-17 00:00:00-05:00,9.988561648363547,10.235314656301247,9.524665729880024,9.623367309570312,1035100,0.0,0.0
2008-01-18 00:00:00-05:00,9.672718118341079,9.722068908282784,9.159471409008193,9.258172988891602,642500,0.0,0.0
2008-01-22 00:00:00-05:00,8.883107857730678,9.366743504075789,8.547523632499221,8.971939086914062,604800,0.0,0.0
2008-01-23 00:00:00-05:00,8.646225481239526,9.307523606893179,8.596874692209491,8.883108139038086,1419800,0.0,0.0
2008-01-24 00:00:00-05:00,8.912718758147205,10.3438860761439,8.912718758147205,10.274795532226562,1913900,0.0,0.0
2008-01-25 00:00:00-05:00,10.185963712624618,10.561028391980146,10.15635361567992,10.294535636901855,1004100,0.0,0.0
2008-01-28 00:00:00-05:00,10.264924516085543,10.432716632902249,9.988561417153086,10.18596363067627,559400,0.0,0.0
2008-01-29 00:00:00-05:00,10.225443668846074,10.412976470240004,10.136613382240911,10.215574264526367,439000,0.0,0.0
2008-01-30 00:00:00-05:00,10.235314014453747,10.432716220167386,10.047782154347784,10.215574264526367,460900,0.0,0.0
2008-01-31 00:00:00-05:00,10.087262516186176,10.482066924509567,10.087262516186176,10.472196578979492,441200,0.0,0.0
2008-02-01 00:00:00-05:00,10.531418001805072,11.113755226135254,10.491937559882075,11.113755226135254,737900,0.0,0.0
2008-02-04 00:00:00-05:00,11.1137556775163,11.15323612104278,10.659730106317772,10.876873016357422,633900,0.0,0.0
2008-02-05 00:00:00-05:00,10.709080079072077,11.015053257738165,10.659729293106851,10.936092376708984,480700,0.0,0.0
2008-02-06 00:00:00-05:00,11.015053442621996,11.103884670592812,10.75843010432585,10.945962905883789,601900,0.0,0.0
2008-02-07 00:00:00-05:00,10.906483298889373,11.143365964070888,10.817652064124294,11.04466438293457,626300,0.0,0.0
2008-02-08 00:00:00-05:00,11.064404413179023,11.42959873545597,10.995313875293325,11.321027755737305,843700,0.0,0.0
2008-02-11 00:00:00-05:00,11.43946962324243,11.44933996949033,10.975573703759515,11.350638389587402,590500,0.0,0.0
2008-02-12 00:00:00-05:00,11.380248402146831,11.70596229559344,11.281547764268234,11.607261657714844,495100,0.0,0.0
2008-02-13 00:00:00-05:00,11.725702673965397,11.923104885724817,11.63687144335166,11.903365135192871,561200,0.0,0.0
2008-02-14 00:00:00-05:00,11.98232573953636,12.357390403747559,11.972455393857336,12.357390403747559,992500,0.0,0.0
2008-02-15 00:00:00-05:00,12.317909592017426,12.860766392783813,12.317909592017426,12.702844619750977,1061600,0.0,0.0
2008-02-19 00:00:00-05:00,12.781804915934465,12.841026048730635,12.495571480210256,12.72258472442627,625700,0.0,0.0
2008-02-20 00:00:00-05:00,12.683104033289982,12.969337463378906,12.683104033289982,12.969337463378906,369100,0.0,0.0
2008-02-21 00:00:00-05:00,13.118067342972338,13.544429637452136,13.078405800156016,13.3064603805542,839400,0.06,0.0
2008-02-22 00:00:00-05:00,13.375868526558474,13.415530071398448,13.098237712678653,13.385784149169922,484100,0.0,0.0
2008-02-25 00:00:00-05:00,13.395700042926551,13.465107511399943,13.137899523445613,13.375868797302246,402500,0.0,0.0
2008-02-26 00:00:00-05:00,13.336206711881209,13.375868255918695,13.147814614104606,13.18747615814209,244600,0.0,0.0
2008-02-27 00:00:00-05:00,13.108153879824368,13.316377235285628,13.088322633777649,13.22713851928711,360000,0.0,0.0
2008-02-28 00:00:00-05:00,13.187476705522887,13.187476705522887,12.810691548724423,13.098237991333008,329900,0.0,0.0
2008-02-29 00:00:00-05:00,12.959421429370241,13.127983226092454,12.562805993321383,12.60246753692627,568500,0.0,0.0
2008-03-03 00:00:00-05:00,12.632213732868145,12.741283689357235,12.384328843546843,12.523144721984863,498200,0.0,0.0
2008-03-04 00:00:00-05:00,12.463652342990002,12.463652342990002,11.997629416552984,12.334752082824707,1071400,0.0,0.0
2008-03-05 00:00:00-05:00,12.34466784618665,12.582637123536337,12.166191360977312,12.36449909210205,353600,0.0,0.0
2008-03-06 00:00:00-05:00,12.324836861632873,12.354582783248702,12.007543563842773,12.007543563842773,348200,0.0,0.0
2008-03-07 00:00:00-05:00,12.007543842969966,12.186021268025419,11.749744273630316,11.858813285827637,480300,0.0,0.0
2008-03-10 00:00:00-04:00,11.92822048066308,11.997628891936062,11.581182206721369,11.660505294799805,278800,0.0,0.0
2008-03-11 00:00:00-04:00,11.90839018144637,11.997628891936062,11.551435339487606,11.660505294799805,288300,0.0,0.0
2008-03-12 00:00:00-04:00,11.710082592078013,11.89847469196761,11.581182336109,11.759658813476562,268300,0.0,0.0
2008-03-13 00:00:00-04:00,11.680336139190317,11.799320776861519,11.452282486721971,11.7100830078125,220600,0.0,0.0
2008-03-14 00:00:00-04:00,11.779490641344442,11.779490641344442,11.234143668525505,11.253974914550781,309000,0.0,0.0
2008-03-17 00:00:00-04:00,10.92676625351504,11.045750885591792,10.659050122138002,10.897019386291504,524900,0.0,0.0
2008-03-18 00:00:00-04:00,11.016004018368255,11.0259196407761,10.718542910979275,10.897019386291504,642200,0.0,0.0
2008-03-19 00:00:00-04:00,10.926767085372013,10.966428632417038,10.728458404541016,10.728458404541016,451800,0.0,0.0
2008-03-20 00:00:00-04:00,10.421081510688136,10.976343161824015,10.421081510688136,10.906935691833496,618600,0.0,0.0
2008-03-24 00:00:00-04:00,10.92676612278088,11.472112110206373,10.92676612278088,11.353127479553223,398800,0.0,0.0
2008-03-25 00:00:00-04:00,11.323381692314939,11.79932022056075,11.313466069908367,11.591096878051758,354000,0.0,0.0
2008-03-26 00:00:00-04:00,11.561351091064932,11.819151603002958,11.482028002100279,11.759658813476562,272100,0.0,0.0
2008-03-27 00:00:00-04:00,11.749744698406632,11.759659375796954,11.491944174141167,11.53160572052002,303400,0.0,0.0
2008-03-28 00:00:00-04:00,11.571267689416182,11.59109799052677,11.333298402453774,11.41262149810791,199500,0.0,0.0
2008-03-31 00:00:00-04:00,11.41262027321185,11.848897252484768,11.263888775619014,11.769574165344238,414600,0.0,0.0
2008-04-01 00:00:00-04:00,11.88855907416883,11.928220618666913,11.779490063200553,11.82906723022461,291900,0.0,0.0
2008-04-02 00:00:00-04:00,11.878643314501009,11.938136103364181,11.779489927203455,11.868728637695312,233000,0.0,0.0
2008-04-03 00:00:00-04:00,11.809236658424343,11.898475375034035,11.640674848296225,11.838982582092285,228800,0.0,0.0
2008-04-04 00:00:00-04:00,11.848897802940993,11.848897802940993,11.601012907709567,11.680335998535156,237100,0.0,0.0
2008-04-07 00:00:00-04:00,11.719997271062136,11.799320360040785,11.551435470581055,11.551435470581055,147400,0.0,0.0
2008-04-08 00:00:00-04:00,11.51177406694845,11.581182479858398,11.422536299959924,11.581182479858398,233100,0.0,0.0
2008-04-09 00:00:00-04:00,11.571266721228612,11.581182343757195,11.263889042083234,11.273804664611816,202800,0.0,0.0
2008-04-10 00:00:00-04:00,11.253974228492119,11.28372015011082,11.07549680756831,11.105242729187012,338200,0.0,0.0
2008-04-11 00:00:00-04:00,11.055665565017552,11.105242731462747,10.817696300807574,10.827611923217773,270000,0.0,0.0
2008-04-14 00:00:00-04:00,10.807781081439078,10.94659696354116,10.787950781484971,10.847442626953125,257200,0.0,0.0
2008-04-15 00:00:00-04:00,10.867273052328006,10.88710335078546,10.668965339724636,10.738372802734375,413800,0.0,0.0
2008-04-16 00:00:00-04:00,10.797866422572774,10.807781099763721,10.490488735113374,10.500404357910156,1154300,0.0,0.0
2008-04-17 00:00:00-04:00,10.480572295206812,10.530149459719642,10.371503289763195,10.460741996765137,491800,0.0,0.0
2008-04-18 00:00:00-04:00,10.57972717635449,10.61938872091341,10.411165375577625,10.510319709777832,461100,0.0,0.0
2008-04-21 00:00:00-04:00,10.460742406749093,10.629304205335638,10.421080862705542,10.549981117248535,232300,0.0,0.0
2008-04-22 00:00:00-04:00,10.490488722363049,10.817696709412482,10.421081254081603,10.778035163879395,280100,0.0,0.0
2008-04-23 00:00:00-04:00,10.629304590185273,11.28372056340087,10.629304590185273,11.19448184967041,418300,0.0,0.0
2008-04-24 00:00:00-04:00,11.244058606772935,11.739828379942072,11.244058606772935,11.521689414978027,308300,0.0,0.0
2008-04-25 00:00:00-04:00,11.531605708737839,11.799320910120093,11.531605708737839,11.739829063415527,205400,0.0,0.0
2008-04-28 00:00:00-04:00,11.71999685920613,11.799319945397261,11.5216891437283,11.601012229919434,176800,0.0,0.0
2008-04-29 00:00:00-04:00,11.561350826950653,11.710082324566024,11.561350826950653,11.700166702270508,361700,0.0,0.0
2008-04-30 00:00:00-04:00,11.700166836252148,11.769574301903985,11.601012503373125,11.729912757873535,332900,0.0,0.0
2008-05-01 00:00:00-04:00,11.729913023784436,12.275259975770188,11.729913023784436,12.205852508544922,353400,0.0,0.0
2008-05-02 00:00:00-04:00,12.285175590140973,12.394244602222436,12.195936877708041,12.344667434692383,223700,0.0,0.0
2008-05-05 00:00:00-04:00,12.29509041619038,12.324837284432464,11.888559339606877,12.027375221252441,164100,0.0,0.0
2008-05-06 00:00:00-04:00,11.967882430374106,12.116613934767031,11.868729039717985,12.027375221252441,175900,0.0,0.0
2008-05-07 00:00:00-04:00,12.017459053624224,12.086866518497104,11.868728501580687,11.908390045166016,122300,0.0,0.0
2008-05-08 00:00:00-04:00,11.987713543300371,11.99762916593808,11.690251483409892,11.858813285827637,134400,0.0,0.0
2008-05-09 00:00:00-04:00,11.809236113873112,12.19593688614816,11.769574568942785,12.067036628723145,215300,0.0,0.0
2008-05-12 00:00:00-04:00,12.05712046485446,12.195936338682177,12.007543299515577,12.156274795532227,137300,0.0,0.0
2008-05-13 00:00:00-04:00,12.215766357373653,12.24551322325842,12.027374268132245,12.096781730651855,234700,0.0,0.0
2008-05-14 00:00:00-04:00,12.156274794500876,12.295089722711039,12.017458920684936,12.225682258605957,642400,0.0,0.0
2008-05-15 00:00:00-04:00,12.136443959479319,12.37441322638539,11.898474692573249,12.245513916015625,1387400,0.0,0.0
2008-05-16 00:00:00-04:00,12.285176130823384,12.46365261793835,12.19593741446297,12.394245147705078,447300,0.0,0.0
2008-05-19 00:00:00-04:00,12.423990380726273,13.653500149699132,12.394244458794793,13.356038093566895,809600,0.0,0.0
2008-05-20 00:00:00-04:00,13.306461328828854,13.554346225497639,12.999083640892993,13.375868797302246,541800,0.0,0.0
2008-05-21 00:00:00-04:00,13.405615394392818,13.861722687249616,13.375868526558474,13.385784149169922,691200,0.0,0.0
2008-05-22 00:00:00-04:00,13.336206307405837,13.941046017640478,13.326290685295747,13.584091186523438,747900,0.0,0.0
2008-05-23 00:00:00-04:00,13.524599345560153,13.633668351957738,13.484937802724144,13.514683723449707,326500,0.0,0.0
2008-05-27 00:00:00-04:00,13.554345810445037,14.010454044173178,13.554345810445037,13.980708122253418,515400,0.0,0.0
2008-05-28 00:00:00-04:00,13.970792493265257,14.129438670904802,13.88155378194156,14.119523048400879,394100,0.0,0.0
2008-05-29 00:00:00-04:00,14.169100888684211,14.416985789427887,14.069946550144401,14.337662696838379,462400,0.0,0.0
2008-05-30 00:00:00-04:00,14.407358994983168,14.656276733910438,14.267964719347404,14.60649299621582,733700,0.06,0.0
2008-06-02 00:00:00-04:00,14.56666616512943,14.69610350304307,14.317748426729159,14.65627670288086,483100,0.0,0.0
2008-06-03 00:00:00-04:00,14.68614653473376,14.945021210016673,14.437228796856918,14.706060409545898,852400,0.0,0.0
2008-06-04 00:00:00-04:00,14.63636327143101,15.034632234664372,14.546752730964858,14.845454216003418,561000,0.0,0.0
2008-06-05 00:00:00-04:00,14.875323841663429,14.935064517533728,14.735930513875779,14.91515064239502,404900,0.0,0.0
2008-06-06 00:00:00-04:00,14.835496969385948,14.925107507986326,14.626406029167008,14.735930442810059,439300,0.0,0.0
2008-06-09 00:00:00-04:00,14.795670506563422,14.795670506563422,14.327705826929032,14.51688289642334,481000,0.0,0.0
2008-06-10 00:00:00-04:00,14.447186263762154,14.716016936758148,14.357575722914873,14.4670991897583,239900,0.0,0.0
2008-06-11 00:00:00-04:00,14.516883136332117,14.696104220585507,14.397402730011812,14.447186470031738,410600,0.0,0.0
2008-06-12 00:00:00-04:00,14.496969733181768,14.725973600376264,14.496969733181768,14.586579322814941,223800,0.0,0.0
2008-06-13 00:00:00-04:00,14.546752896687979,14.666233302155408,14.387445689398074,14.596536636352539,307000,0.0,0.0
2008-06-16 00:00:00-04:00,14.526839805053404,14.895237955100818,14.447186202315901,14.845454216003418,269000,0.0,0.0
2008-06-17 00:00:00-04:00,14.905194298529526,14.92510722364701,14.556709088288368,14.57662296295166,576100,0.0,0.0
2008-06-18 00:00:00-04:00,14.457142741611744,14.496969541882885,13.969263251357983,13.999134063720703,605600,0.0,0.0
2008-06-19 00:00:00-04:00,13.939393858882912,14.038961337693275,13.49134210332799,13.580952644348145,649500,0.0,0.0
2008-06-20 00:00:00-04:00,13.44155794660534,13.501298621945969,12.943722467101438,13.34199047088623,771400,0.0,0.0
2008-06-23 00:00:00-04:00,13.421644587383367,13.421644587383367,12.87402629852295,12.87402629852295,370800,0.0,0.0
2008-06-24 00:00:00-04:00,13.192640469624445,13.192640469624445,12.654978179032906,12.94372272491455,463500,0.0,0.0
2008-06-25 00:00:00-04:00,12.93376592387416,13.222510472806253,12.694805114319157,13.02337646484375,820400,0.0,0.0
2008-06-26 00:00:00-04:00,13.083116984049578,13.083116984049578,12.107358932495117,12.107358932495117,965300,0.0,0.0
2008-06-27 00:00:00-04:00,12.14718597433615,12.346319983840836,11.719048091287538,11.758874893188477,7875900,0.0,0.0
2008-06-30 00:00:00-04:00,11.72900351711837,11.88831071708226,11.430302042413166,11.440258979797363,916900,0.0,0.0
2008-07-01 00:00:00-04:00,11.300865835205487,11.7588745171942,11.131601695152321,11.748917579650879,1484900,0.0,0.0
2008-07-02 00:00:00-04:00,11.958008361466094,12.007792098975486,11.390475273132324,11.390475273132324,836100,0.0,0.0
2008-07-03 00:00:00-04:00,11.410389832922407,11.699134388355299,11.121645277489515,11.231168746948242,469500,0.0,0.0
2008-07-07 00:00:00-04:00,11.261038745854558,11.529869405810873,11.101730597883414,11.310821533203125,736100,0.0,0.0
2008-07-08 00:00:00-04:00,11.2809516902256,12.196969032287598,11.2809516902256,12.196969032287598,609800,0.0,0.0
2008-07-09 00:00:00-04:00,11.967965234622518,12.137228421972393,11.46017282393546,11.490042686462402,533400,0.0,0.0
2008-07-10 00:00:00-04:00,11.480085718686043,11.858440791359413,11.450215856238248,11.539826393127441,439800,0.0,0.0
2008-07-11 00:00:00-04:00,11.410389534128942,12.077489170513077,11.300866067538205,11.958008766174316,524100,0.0,0.0
2008-07-14 00:00:00-04:00,12.087445586724614,12.11731544913405,11.14155743148305,11.261038780212402,613900,0.0,0.0
2008-07-15 00:00:00-04:00,11.121644867869598,11.390475537383704,10.86277018645169,10.992207527160645,972000,0.0,0.0
2008-07-16 00:00:00-04:00,11.012121146970898,11.420346085365448,10.992207272148816,11.390475273132324,781300,0.0,0.0
2008-07-17 00:00:00-04:00,11.480086431334309,11.58961084968484,11.051948544519073,11.33073616027832,500000,0.0,0.0
2008-07-18 00:00:00-04:00,11.300865719920433,11.410389183142195,11.022077168826423,11.340692520141602,487400,0.0,0.0
2008-07-21 00:00:00-04:00,11.350648916924598,11.430302520236319,11.181384772500728,11.30086612701416,399200,0.0,0.0
2008-07-22 00:00:00-04:00,11.231168642975776,11.94805203069002,11.231168642975776,11.938095092773438,446200,0.0,0.0
2008-07-23 00:00:00-04:00,11.997835507062058,12.396103519514357,11.997835507062058,12.336363792419434,468800,0.0,0.0
2008-07-24 00:00:00-04:00,12.31645025776806,12.535498145449877,12.037662641338576,12.117316246032715,364900,0.0,0.0
2008-07-25 00:00:00-04:00,12.196969254981587,12.346319519101808,11.828571113878661,11.84848403930664,333900,0.0,0.0
2008-07-28 00:00:00-04:00,11.778787920106472,11.838528598241751,11.549784044603946,11.60952377319336,225300,0.0,0.0
2008-07-29 00:00:00-04:00,11.649350089676487,12.515583714469408,11.649350089676487,12.356276512145996,392100,0.0,0.0
2008-07-30 00:00:00-04:00,12.445887216717159,12.445887216717159,11.818614387049113,12.107358932495117,405700,0.0,0.0
2008-07-31 00:00:00-04:00,12.445886967609834,13.351947386924499,12.167099365408204,12.784415245056152,743800,0.0,0.0
2008-08-01 00:00:00-04:00,12.8839820164692,13.182683499290333,12.425973329355688,12.99350643157959,404200,0.0,0.0
2008-08-04 00:00:00-04:00,12.963636362912355,13.06320288924577,12.46580088260781,13.013419151306152,427700,0.0,0.0
2008-08-05 00:00:00-04:00,13.122944014742318,13.570995772473468,13.083117212933901,13.481385231018066,564100,0.0,0.0
2008-08-06 00:00:00-04:00,13.481385198157469,13.690476144528464,13.202597586178092,13.531168937683105,400900,0.0,0.0
2008-08-07 00:00:00-04:00,13.371861051264851,13.849782647512416,13.371861051264851,13.411687850952148,527200,0.0,0.0
2008-08-08 00:00:00-04:00,13.441558497292656,14.168397871364245,13.441558497292656,13.939393997192383,821700,0.0,0.0
2008-08-11 00:00:00-04:00,13.939393766200002,14.37748858105183,13.799999486701498,14.28787899017334,471600,0.0,0.0
2008-08-12 00:00:00-04:00,14.218181335196414,14.267965074128934,13.720345844962896,14.058874130249023,474800,0.0,0.0
2008-08-13 00:00:00-04:00,14.058873692661297,14.188311030038728,13.819912892677955,14.148484230041504,685900,0.0,0.0
2008-08-14 00:00:00-04:00,13.989177633994537,14.168397766946443,13.989177633994537,14.088744163513184,375900,0.0,0.0
2008-08-15 00:00:00-04:00,14.248052459022155,14.427272593723696,13.75021695793124,13.889610290527344,589500,0.0,0.0
2008-08-18 00:00:00-04:00,13.969263377123239,14.048916978382644,13.630735096997855,13.799999237060547,333500,0.0,0.0
2008-08-19 00:00:00-04:00,13.760000228881836,13.829999923706055,13.380000114440918,13.470000267028809,368600,0.06,0.0
2008-08-20 00:00:00-04:00,13.520000457763672,14.010000228881836,13.420000076293945,13.890000343322754,673800,0.0,0.0
2008-08-21 00:00:00-04:00,13.800000190734863,13.970000267028809,13.649999618530273,13.710000038146973,361200,0.0,0.0
2008-08-22 00:00:00-04:00,13.789999961853027,14.149999618530273,13.5,14.020000457763672,285700,0.0,0.0
2008-08-25 00:00:00-04:00,13.920000076293945,14.15999984741211,13.600000381469727,13.710000038146973,248900,0.0,0.0
2008-08-26 00:00:00-04:00,13.699999809265137,14.050000190734863,13.640000343322754,13.920000076293945,274900,0.0,0.0
2008-08-27 00:00:00-04:00,13.880000114440918,14.949999809265137,13.880000114440918,14.75,972200,0.0,0.0
2008-08-28 00:00:00-04:00,14.789999961853027,14.850000381469727,14.680000305175781,14.789999961853027,402800,0.0,0.0
2008-08-29 00:00:00-04:00,14.760000228881836,14.819999694824219,14.350000381469727,14.449999809265137,363000,0.0,0.0
2008-09-02 00:00:00-04:00,14.789999961853027,14.949999809265137,14.289999961853027,14.470000267028809,331600,0.0,0.0
2008-09-03 00:00:00-04:00,14.09000015258789,14.609999656677246,14.0,14.550000190734863,757100,0.0,0.0
2008-09-04 00:00:00-04:00,14.359999656677246,14.420000076293945,13.779999732971191,13.979999542236328,385900,0.0,0.0
2008-09-05 00:00:00-04:00,13.880000114440918,14.270000457763672,13.84000015258789,14.180000305175781,359600,0.0,0.0
2008-09-08 00:00:00-04:00,14.430000305175781,14.899999618530273,14.329999923706055,14.649999618530273,482200,0.0,0.0
2008-09-09 00:00:00-04:00,14.6899995803833,14.899999618530273,14.1899995803833,14.199999809265137,503800,0.0,0.0
2008-09-10 00:00:00-04:00,14.399999618530273,14.75,14.319999694824219,14.670000076293945,464500,0.0,0.0
2008-09-11 00:00:00-04:00,14.510000228881836,14.930000305175781,14.34000015258789,14.789999961853027,553400,0.0,0.0
2008-09-12 00:00:00-04:00,14.710000038146973,15.109999656677246,14.579999923706055,14.960000038146973,681100,0.0,0.0
2008-09-15 00:00:00-04:00,14.510000228881836,14.710000038146973,13.699999809265137,14.069999694824219,799000,0.0,0.0
2008-09-16 00:00:00-04:00,13.8100004196167,13.930000305175781,13.479999542236328,13.670000076293945,947500,0.0,0.0
2008-09-17 00:00:00-04:00,13.510000228881836,13.920000076293945,12.630000114440918,12.850000381469727,757200,0.0,0.0
2008-09-18 00:00:00-04:00,13.1899995803833,13.199999809265137,12.079999923706055,12.34000015258789,1081200,0.0,0.0
2008-09-19 00:00:00-04:00,12.880000114440918,13.649999618530273,12.600000381469727,13.430000305175781,2338000,0.0,0.0
2008-09-22 00:00:00-04:00,13.40999984741211,13.5,12.65999984741211,12.739999771118164,375900,0.0,0.0
2008-09-23 00:00:00-04:00,12.760000228881836,13.100000381469727,12.550000190734863,12.619999885559082,560700,0.0,0.0
2008-09-24 00:00:00-04:00,12.65999984741211,12.949999809265137,12.319999694824219,12.420000076293945,567900,0.0,0.0
2008-09-25 00:00:00-04:00,12.510000228881836,12.850000381469727,12.300000190734863,12.760000228881836,310800,0.0,0.0
2008-09-26 00:00:00-04:00,12.539999961853027,12.9399995803833,12.460000038146973,12.859999656677246,350700,0.0,0.0
2008-09-29 00:00:00-04:00,12.619999885559082,12.649999618530273,11.819999694824219,11.850000381469727,564400,0.0,0.0
2008-09-30 00:00:00-04:00,12.0,12.680000305175781,11.829999923706055,12.539999961853027,554800,0.0,0.0
2008-10-01 00:00:00-04:00,12.289999961853027,12.649999618530273,12.010000228881836,12.489999771118164,508300,0.0,0.0
2008-10-02 00:00:00-04:00,12.430000305175781,12.930000305175781,11.739999771118164,11.8100004196167,369600,0.0,0.0
2008-10-03 00:00:00-04:00,12.010000228881836,12.270000457763672,11.369999885559082,11.390000343322754,495000,0.0,0.0
2008-10-06 00:00:00-04:00,11.279999732971191,11.539999961853027,10.609999656677246,11.529999732971191,706800,0.0,0.0
2008-10-07 00:00:00-04:00,11.619999885559082,11.930000305175781,10.359999656677246,10.390000343322754,569100,0.0,0.0
2008-10-08 00:00:00-04:00,10.130000114440918,10.609999656677246,9.449999809265137,9.739999771118164,796700,0.0,0.0
2008-10-09 00:00:00-04:00,9.960000038146973,10.34000015258789,8.359999656677246,8.359999656677246,745700,0.0,0.0
2008-10-10 00:00:00-04:00,8.0,9.539999961853027,6.840000152587891,9.020000457763672,1156700,0.0,0.0
2008-10-13 00:00:00-04:00,9.40999984741211,10.800000190734863,9.40999984741211,10.800000190734863,764100,0.0,0.0
2008-10-14 00:00:00-04:00,10.899999618530273,11.380000114440918,10.210000038146973,10.6899995803833,942700,0.0,0.0
2008-10-15 00:00:00-04:00,10.300000190734863,10.970000267028809,9.130000114440918,9.319999694824219,1387000,0.0,0.0
2008-10-16 00:00:00-04:00,9.25,9.539999961853027,8.4399995803833,9.329999923706055,829000,0.0,0.0
2008-10-17 00:00:00-04:00,8.9399995803833,10.15999984741211,8.40999984741211,8.670000076293945,934800,0.0,0.0
2008-10-20 00:00:00-04:00,8.739999771118164,9.039999961853027,8.34000015258789,9.010000228881836,468200,0.0,0.0
2008-10-21 00:00:00-04:00,8.869999885559082,9.100000381469727,8.5,8.8100004196167,421600,0.0,0.0
2008-10-22 00:00:00-04:00,8.609999656677246,8.920000076293945,8.260000228881836,8.359999656677246,342500,0.0,0.0
2008-10-23 00:00:00-04:00,8.350000381469727,8.649999618530273,7.619999885559082,7.940000057220459,512800,0.0,0.0
2008-10-24 00:00:00-04:00,7.349999904632568,8.460000038146973,7.079999923706055,7.489999771118164,512700,0.0,0.0
2008-10-27 00:00:00-04:00,7.489999771118164,7.849999904632568,7.079999923706055,7.110000133514404,438900,0.0,0.0
2008-10-28 00:00:00-04:00,7.28000020980835,8.039999961853027,7.25,8.0,771300,0.0,0.0
2008-10-29 00:00:00-04:00,8.109999656677246,8.649999618530273,7.78000020980835,8.239999771118164,787200,0.0,0.0
2008-10-30 00:00:00-04:00,8.550000190734863,8.600000381469727,7.869999885559082,8.25,592600,0.0,0.0
2008-10-31 00:00:00-04:00,8.199999809265137,8.199999809265137,7.659999847412109,7.860000133514404,1125900,0.0,0.0
2008-11-03 00:00:00-05:00,7.849999904632568,8.010000228881836,7.690000057220459,7.739999771118164,933500,0.0,0.0
2008-11-04 00:00:00-05:00,7.820000171661377,8.119999885559082,7.639999866485596,7.940000057220459,1412000,0.0,0.0
2008-11-05 00:00:00-05:00,7.789999961853027,8.210000038146973,7.510000228881836,7.539999961853027,760900,0.0,0.0
2008-11-06 00:00:00-05:00,7.46999979019165,7.489999771118164,6.679999828338623,6.920000076293945,3105300,0.0,0.0
2008-11-07 00:00:00-05:00,6.960000038146973,7.46999979019165,6.960000038146973,7.239999771118164,709500,0.0,0.0
2008-11-10 00:00:00-05:00,7.400000095367432,7.71999979019165,7.110000133514404,7.610000133514404,957300,0.0,0.0
2008-11-11 00:00:00-05:00,7.590000152587891,7.639999866485596,7.320000171661377,7.380000114440918,913400,0.0,0.0
2008-11-12 00:00:00-05:00,7.260000228881836,7.46999979019165,6.949999809265137,6.96999979019165,805000,0.0,0.0
2008-11-13 00:00:00-05:00,6.349999904632568,7.099999904632568,6.349999904632568,7.099999904632568,1307300,0.0,0.0
2008-11-14 00:00:00-05:00,6.960000038146973,7.190000057220459,6.75,6.78000020980835,1520200,0.0,0.0
2008-11-17 00:00:00-05:00,6.559999942779541,7.159999847412109,6.559999942779541,7.0,1280100,0.0,0.0
2008-11-18 00:00:00-05:00,6.960000038146973,7.21999979019165,6.809999942779541,7.139999866485596,1251500,0.0,0.0
2008-11-19 00:00:00-05:00,7.110000133514404,7.269999980926514,6.78000020980835,6.789999961853027,782000,0.0,0.0
2008-11-20 00:00:00-05:00,6.710000038146973,7.099999904632568,6.639999866485596,6.739999771118164,933100,0.0,0.0
2008-11-21 00:00:00-05:00,6.849999904632568,7.099999904632568,6.360000133514404,6.980000019073486,1209400,0.0,0.0
2008-11-24 00:00:00-05:00,7.079999923706055,7.25,6.96999979019165,7.199999809265137,929500,0.0,0.0
2008-11-25 00:00:00-05:00,7.289999961853027,7.309999942779541,6.960000038146973,7.179999828338623,843100,0.0,0.0
2008-11-26 00:00:00-05:00,7.190000057220459,7.590000152587891,6.849999904632568,7.550000190734863,777400,0.0,0.0
2008-11-28 00:00:00-05:00,7.46999979019165,7.539999961853027,7.230000019073486,7.510000228881836,175900,0.0,0.0
2008-12-01 00:00:00-05:00,7.309999942779541,7.449999809265137,6.599999904632568,6.599999904632568,993800,0.0,0.0
2008-12-02 00:00:00-05:00,6.710000038146973,6.949999809265137,6.570000171661377,6.849999904632568,759800,0.0,0.0
2008-12-03 00:00:00-05:00,6.710000038146973,7.099999904632568,6.610000133514404,7.019999980926514,668800,0.0,0.0
2008-12-04 00:00:00-05:00,6.929999828338623,7.239999771118164,6.570000171661377,6.679999828338623,918000,0.0,0.0
2008-12-05 00:00:00-05:00,6.630000114440918,7.199999809265137,6.539999961853027,7.099999904632568,756900,0.0,0.0
2008-12-08 00:00:00-05:00,7.289999961853027,7.489999771118164,7.099999904632568,7.25,961400,0.0,0.0
2008-12-09 00:00:00-05:00,7.199999809265137,7.53000020980835,7.070000171661377,7.289999961853027,576600,0.0,0.0
2008-12-10 00:00:00-05:00,7.340000152587891,7.690000057220459,7.340000152587891,7.570000171661377,527100,0.0,0.0
2008-12-11 00:00:00-05:00,7.449999809265137,7.659999847412109,7.190000057220459,7.309999942779541,704600,0.0,0.0
2008-12-12 00:00:00-05:00,7.159999847412109,7.610000133514404,7.159999847412109,7.579999923706055,500300,0.0,0.0
2008-12-15 00:00:00-05:00,7.610000133514404,7.610000133514404,7.119999885559082,7.230000019073486,474600,0.0,0.0
2008-12-16 00:00:00-05:00,7.300000190734863,7.929999828338623,7.179999828338623,7.900000095367432,660400,0.0,0.0
2008-12-17 00:00:00-05:00,7.820000171661377,8.510000228881836,7.630000114440918,8.430000305175781,640700,0.0,0.0
2008-12-18 00:00:00-05:00,8.430000305175781,8.670000076293945,8.239999771118164,8.399999618530273,423300,0.0,0.0
2008-12-19 00:00:00-05:00,8.539999961853027,8.819999694824219,8.390000343322754,8.59000015258789,987100,0.0,0.0
2008-12-22 00:00:00-05:00,8.609999656677246,8.609999656677246,7.869999885559082,8.130000114440918,347300,0.0,0.0
2008-12-23 00:00:00-05:00,8.15999984741211,8.399999618530273,7.550000190734863,7.599999904632568,399200,0.0,0.0
2008-12-24 00:00:00-05:00,7.579999923706055,7.809999942779541,7.519999980926514,7.659999847412109,105200,0.0,0.0
2008-12-26 00:00:00-05:00,7.659999847412109,7.960000038146973,7.429999828338623,7.71999979019165,93200,0.0,0.0
2008-12-29 00:00:00-05:00,7.710000038146973,7.889999866485596,7.119999885559082,7.25,393500,0.0,0.0
2008-12-30 00:00:00-05:00,7.300000190734863,7.829999923706055,7.150000095367432,7.829999923706055,546200,0.0,0.0
2008-12-31 00:00:00-05:00,7.809999942779541,8.170000076293945,7.349999904632568,8.109999656677246,601000,0.0,0.0
2009-01-02 00:00:00-05:00,8.100000381469727,8.100000381469727,7.880000114440918,8.029999732971191,268000,0.0,0.0
2009-01-05 00:00:00-05:00,8.039999961853027,8.319999694824219,7.849999904632568,8.319999694824219,490100,0.0,0.0
2009-01-06 00:00:00-05:00,8.399999618530273,8.770000457763672,8.380000114440918,8.720000267028809,580400,0.0,0.0
2009-01-07 00:00:00-05:00,8.59000015258789,9.029999732971191,8.470000267028809,9.020000457763672,761700,0.0,0.0
2009-01-08 00:00:00-05:00,8.979999542236328,9.270000457763672,8.890000343322754,9.0600004196167,712300,0.0,0.0
2009-01-09 00:00:00-05:00,9.010000228881836,9.119999885559082,8.539999961853027,8.59000015258789,483900,0.0,0.0
2009-01-12 00:00:00-05:00,8.609999656677246,8.649999618530273,8.460000038146973,8.59000015258789,269200,0.0,0.0
2009-01-13 00:00:00-05:00,8.640000343322754,8.6899995803833,8.399999618530273,8.65999984741211,348700,0.0,0.0
2009-01-14 00:00:00-05:00,8.539999961853027,8.729999542236328,8.350000381469727,8.619999885559082,447500,0.0,0.0
2009-01-15 00:00:00-05:00,8.569999694824219,8.75,8.15999984741211,8.75,457400,0.0,0.0
2009-01-16 00:00:00-05:00,8.770000457763672,9.039999961853027,8.399999618530273,9.0,552500,0.0,0.0
2009-01-20 00:00:00-05:00,8.859999656677246,9.100000381469727,7.920000076293945,7.920000076293945,495000,0.0,0.0
2009-01-21 00:00:00-05:00,7.980000019073486,8.75,7.840000152587891,8.699999809265137,367300,0.0,0.0
2009-01-22 00:00:00-05:00,8.510000228881836,8.630000114440918,8.100000381469727,8.369999885559082,233400,0.0,0.0
2009-01-23 00:00:00-05:00,8.350000381469727,8.75,8.279999732971191,8.520000457763672,401500,0.0,0.0
2009-01-26 00:00:00-05:00,8.520000457763672,8.829999923706055,8.510000228881836,8.729999542236328,198400,0.0,0.0
2009-01-27 00:00:00-05:00,8.729999542236328,8.970000267028809,8.649999618530273,8.699999809265137,360900,0.0,0.0
2009-01-28 00:00:00-05:00,8.8100004196167,8.90999984741211,8.739999771118164,8.850000381469727,240700,0.0,0.0
2009-01-29 00:00:00-05:00,8.75,8.850000381469727,8.40999984741211,8.600000381469727,397700,0.0,0.0
2009-01-30 00:00:00-05:00,9.0600004196167,10.5,8.829999923706055,9.510000228881836,1070300,0.0,0.0
2009-02-02 00:00:00-05:00,9.430000305175781,10.4399995803833,9.010000228881836,10.279999732971191,791800,0.0,0.0
2009-02-03 00:00:00-05:00,10.380000114440918,10.760000228881836,10.180000305175781,10.359999656677246,1190800,0.0,0.0
2009-02-04 00:00:00-05:00,10.399999618530273,10.6899995803833,10.109999656677246,10.149999618530273,556900,0.0,0.0
2009-02-05 00:00:00-05:00,10.109999656677246,10.300000190734863,9.859999656677246,9.880000114440918,671500,0.0,0.0
2009-02-06 00:00:00-05:00,9.84000015258789,10.100000381469727,9.720000267028809,9.90999984741211,786000,0.0,0.0
2009-02-09 00:00:00-05:00,9.779999732971191,10.25,9.729999542236328,9.850000381469727,890800,0.0,0.0
2009-02-10 00:00:00-05:00,9.8100004196167,10.109999656677246,9.350000381469727,9.399999618530273,605700,0.0,0.0
2009-02-11 00:00:00-05:00,9.470000267028809,9.710000038146973,9.380000114440918,9.420000076293945,775100,0.0,0.0
2009-02-12 00:00:00-05:00,9.300000190734863,9.609999656677246,9.300000190734863,9.510000228881836,726600,0.0,0.0
2009-02-13 00:00:00-05:00,8.729999542236328,9.670000076293945,8.670000076293945,9.399999618530273,692900,0.0,0.0
2009-02-17 00:00:00-05:00,8.989999771118164,9.380000114440918,8.859999656677246,9.300000190734863,597600,0.0,0.0
2009-02-18 00:00:00-05:00,9.3100004196167,9.420000076293945,9.140000343322754,9.140000343322754,695900,0.0,0.0
2009-02-19 00:00:00-05:00,9.170000076293945,9.300000190734863,9.029999732971191,9.079999923706055,534600,0.0,0.0
2009-02-20 00:00:00-05:00,8.899999618530273,9.109999656677246,8.670000076293945,8.920000076293945,526100,0.0,0.0
2009-02-23 00:00:00-05:00,8.970000267028809,9.1899995803833,8.529999732971191,8.550000190734863,723800,0.0,0.0
2009-02-24 00:00:00-05:00,8.609999656677246,8.770000457763672,8.539999961853027,8.729999542236328,569900,0.0,0.0
2009-02-25 00:00:00-05:00,8.770000457763672,8.859999656677246,8.260000228881836,8.65999984741211,493600,0.0,0.0
2009-02-26 00:00:00-05:00,8.75,8.75,8.390000343322754,8.420000076293945,248000,0.0,0.0
2009-02-27 00:00:00-05:00,8.3100004196167,8.729999542236328,8.270000457763672,8.279999732971191,626300,0.0,0.0
2009-03-02 00:00:00-05:00,8.25,8.25,7.539999961853027,7.630000114440918,645600,0.0,0.0
2009-03-03 00:00:00-05:00,7.730000019073486,7.840000152587891,7.599999904632568,7.820000171661377,1121700,0.0,0.0
2009-03-04 00:00:00-05:00,7.900000095367432,7.920000076293945,7.440000057220459,7.619999885559082,818400,0.0,0.0
2009-03-05 00:00:00-05:00,7.480000019073486,7.639999866485596,7.190000057220459,7.210000038146973,639000,0.0,0.0
2009-03-06 00:00:00-05:00,7.300000190734863,7.449999809265137,7.139999866485596,7.199999809265137,912200,0.0,0.0
2009-03-09 00:00:00-04:00,7.150000095367432,7.349999904632568,7.099999904632568,7.159999847412109,415600,0.0,0.0
2009-03-10 00:00:00-04:00,7.059999942779541,7.380000114440918,7.059999942779541,7.260000228881836,1087900,0.0,0.0
2009-03-11 00:00:00-04:00,7.329999923706055,7.349999904632568,7.179999828338623,7.309999942779541,727500,0.0,0.0
2009-03-12 00:00:00-04:00,7.25,7.489999771118164,7.119999885559082,7.309999942779541,681700,0.0,0.0
2009-03-13 00:00:00-04:00,7.329999923706055,7.429999828338623,7.199999809265137,7.340000152587891,1026600,0.0,0.0
2009-03-16 00:00:00-04:00,7.369999885559082,7.429999828338623,7.199999809265137,7.230000019073486,813100,0.0,0.0
2009-03-17 00:00:00-04:00,7.269999980926514,7.369999885559082,7.199999809265137,7.360000133514404,1110300,0.0,0.0
2009-03-18 00:00:00-04:00,7.300000190734863,7.599999904632568,7.28000020980835,7.46999979019165,1313600,0.0,0.0
2009-03-19 00:00:00-04:00,7.510000228881836,7.610000133514404,7.320000171661377,7.460000038146973,651900,0.0,0.0
2009-03-20 00:00:00-04:00,7.53000020980835,7.559999942779541,7.179999828338623,7.190000057220459,634100,0.0,0.0
2009-03-23 00:00:00-04:00,7.389999866485596,7.639999866485596,7.309999942779541,7.53000020980835,784400,0.0,0.0
2009-03-24 00:00:00-04:00,7.449999809265137,7.519999980926514,7.309999942779541,7.380000114440918,1216200,0.0,0.0
2009-03-25 00:00:00-04:00,7.610000133514404,7.610000133514404,7.380000114440918,7.46999979019165,715000,0.0,0.0
2009-03-26 00:00:00-04:00,7.570000171661377,8.050000190734863,7.420000076293945,8.029999732971191,1714800,0.0,0.0
2009-03-27 00:00:00-04:00,7.929999828338623,7.960000038146973,7.550000190734863,7.559999942779541,716800,0.0,0.0
2009-03-30 00:00:00-04:00,7.420000076293945,7.550000190734863,7.21999979019165,7.440000057220459,1214600,0.0,0.0
2009-03-31 00:00:00-04:00,7.460000038146973,7.570000171661377,7.389999866485596,7.400000095367432,1117600,0.0,0.0
2009-04-01 00:00:00-04:00,7.349999904632568,7.53000020980835,7.25,7.349999904632568,960900,0.0,0.0
2009-04-02 00:00:00-04:00,7.579999923706055,7.880000114440918,7.400000095367432,7.760000228881836,696900,0.0,0.0
2009-04-03 00:00:00-04:00,7.78000020980835,8.460000038146973,7.699999809265137,8.460000038146973,824500,0.0,0.0
2009-04-06 00:00:00-04:00,8.40999984741211,9.0600004196167,8.15999984741211,9.029999732971191,1091500,0.0,0.0
2009-04-07 00:00:00-04:00,9.050000190734863,9.050000190734863,8.850000381469727,8.899999618530273,798600,0.0,0.0
2009-04-08 00:00:00-04:00,8.979999542236328,9.130000114440918,8.760000228881836,8.890000343322754,350300,0.0,0.0
2009-04-09 00:00:00-04:00,9.119999885559082,9.449999809265137,9.029999732971191,9.380000114440918,413500,0.0,0.0
2009-04-13 00:00:00-04:00,9.289999961853027,9.319999694824219,8.890000343322754,9.109999656677246,328100,0.0,0.0
2009-04-14 00:00:00-04:00,9.010000228881836,9.010000228881836,8.59000015258789,8.75,601900,0.0,0.0
2009-04-15 00:00:00-04:00,8.720000267028809,8.920000076293945,8.369999885559082,8.920000076293945,498000,0.0,0.0
2009-04-16 00:00:00-04:00,8.960000038146973,9.239999771118164,8.59000015258789,9.15999984741211,649600,0.0,0.0
2009-04-17 00:00:00-04:00,9.199999809265137,9.270000457763672,9.0,9.140000343322754,441800,0.0,0.0
2009-04-20 00:00:00-04:00,8.949999809265137,9.100000381469727,8.529999732971191,8.680000305175781,835900,0.0,0.0
2009-04-21 00:00:00-04:00,8.630000114440918,9.039999961853027,8.5,9.029999732971191,567000,0.0,0.0
2009-04-22 00:00:00-04:00,8.949999809265137,9.319999694824219,8.90999984741211,9.109999656677246,450000,0.0,0.0
2009-04-23 00:00:00-04:00,9.079999923706055,9.079999923706055,8.800000190734863,9.050000190734863,529900,0.0,0.0
2009-04-24 00:00:00-04:00,9.079999923706055,9.25,8.970000267028809,9.140000343322754,662500,0.0,0.0
2009-04-27 00:00:00-04:00,9.020000457763672,9.399999618530273,8.970000267028809,9.329999923706055,548500,0.0,0.0
2009-04-28 00:00:00-04:00,9.199999809265137,9.470000267028809,9.079999923706055,9.390000343322754,415600,0.0,0.0
2009-04-29 00:00:00-04:00,9.3100004196167,9.720000267028809,9.25,9.649999618530273,434900,0.0,0.0
2009-04-30 00:00:00-04:00,9.6899995803833,9.899999618530273,9.460000038146973,9.649999618530273,713300,0.0,0.0
2009-05-01 00:00:00-04:00,9.630000114440918,9.630000114440918,9.329999923706055,9.550000190734863,555400,0.0,0.0
2009-05-04 00:00:00-04:00,9.670000076293945,9.670000076293945,9.460000038146973,9.600000381469727,533900,0.0,0.0
2009-05-05 00:00:00-04:00,9.520000457763672,9.640000343322754,9.359999656677246,9.5600004196167,470600,0.0,0.0
2009-05-06 00:00:00-04:00,9.609999656677246,9.609999656677246,9.15999984741211,9.550000190734863,381700,0.0,0.0
2009-05-07 00:00:00-04:00,9.6899995803833,9.6899995803833,9.1899995803833,9.229999542236328,447500,0.0,0.0
2009-05-08 00:00:00-04:00,9.399999618530273,9.729999542236328,9.300000190734863,9.729999542236328,389700,0.0,0.0
2009-05-11 00:00:00-04:00,9.59000015258789,9.770000457763672,9.449999809265137,9.470000267028809,613000,0.0,0.0
2009-05-12 00:00:00-04:00,9.569999694824219,9.680000305175781,9.329999923706055,9.539999961853027,424700,0.0,0.0
2009-05-13 00:00:00-04:00,9.359999656677246,9.550000190734863,8.800000190734863,8.9399995803833,837900,0.0,0.0
2009-05-14 00:00:00-04:00,9.010000228881836,9.390000343322754,8.760000228881836,9.319999694824219,568700,0.0,0.0
2009-05-15 00:00:00-04:00,9.319999694824219,10.0,9.270000457763672,9.9399995803833,749700,0.0,0.0
2009-05-18 00:00:00-04:00,9.859999656677246,10.359999656677246,9.779999732971191,10.319999694824219,645500,0.0,0.0
2009-05-19 00:00:00-04:00,10.34000015258789,10.600000381469727,10.3100004196167,10.34000015258789,833300,0.0,0.0
2009-05-20 00:00:00-04:00,10.420000076293945,10.789999961853027,10.380000114440918,10.4399995803833,797300,0.0,0.0
2009-05-21 00:00:00-04:00,10.420000076293945,10.479999542236328,10.119999885559082,10.279999732971191,632600,0.0,0.0
2009-05-22 00:00:00-04:00,10.279999732971191,10.390000343322754,10.09000015258789,10.100000381469727,445500,0.0,0.0
2009-05-26 00:00:00-04:00,9.90999984741211,10.550000190734863,9.880000114440918,10.390000343322754,569400,0.0,0.0
2009-05-27 00:00:00-04:00,10.329999923706055,10.670000076293945,10.180000305175781,10.489999771118164,461200,0.0,0.0
2009-05-28 00:00:00-04:00,10.460000038146973,10.739999771118164,10.350000381469727,10.539999961853027,506700,0.0,0.0
2009-05-29 00:00:00-04:00,10.520000457763672,10.699999809265137,10.420000076293945,10.65999984741211,485200,0.0,0.0
2009-06-01 00:00:00-04:00,10.699999809265137,11.069999694824219,10.369999885559082,10.960000038146973,611700,0.0,0.0
2009-06-02 00:00:00-04:00,11.170000076293945,11.260000228881836,10.65999984741211,11.220000267028809,903700,0.0,0.0
2009-06-03 00:00:00-04:00,11.229999542236328,11.350000381469727,11.0,11.350000381469727,1034400,0.0,0.0
2009-06-04 00:00:00-04:00,11.359999656677246,11.760000228881836,11.25,11.729999542236328,1433200,0.0,0.0
2009-06-05 00:00:00-04:00,11.789999961853027,11.960000038146973,11.539999961853027,11.869999885559082,915100,0.0,0.0
2009-06-08 00:00:00-04:00,11.800000190734863,11.90999984741211,11.670000076293945,11.760000228881836,722200,0.0,0.0
2009-06-09 00:00:00-04:00,11.789999961853027,12.0600004196167,11.600000381469727,11.989999771118164,614700,0.0,0.0
2009-06-10 00:00:00-04:00,12.039999961853027,12.170000076293945,11.899999618530273,12.130000114440918,657000,0.0,0.0
2009-06-11 00:00:00-04:00,12.260000228881836,12.59000015258789,12.220000267028809,12.270000457763672,972700,0.0,0.0
2009-06-12 00:00:00-04:00,12.1899995803833,12.220000267028809,11.729999542236328,12.1899995803833,652100,0.0,0.0
2009-06-15 00:00:00-04:00,12.149999618530273,12.149999618530273,11.619999885559082,12.0,956800,0.0,0.0
2009-06-16 00:00:00-04:00,12.029999732971191,12.149999618530273,11.890000343322754,11.899999618530273,765900,0.0,0.0
2009-06-17 00:00:00-04:00,11.880000114440918,12.039999961853027,11.729999542236328,12.010000228881836,430200,0.0,0.0
2009-06-18 00:00:00-04:00,12.029999732971191,12.300000190734863,11.640000343322754,11.859999656677246,688000,0.0,0.0
2009-06-19 00:00:00-04:00,12.050000190734863,12.220000267028809,11.859999656677246,11.899999618530273,1022000,0.0,0.0
2009-06-22 00:00:00-04:00,11.84000015258789,11.84000015258789,11.369999885559082,11.449999809265137,495400,0.0,0.0
2009-06-23 00:00:00-04:00,11.529999732971191,11.6899995803833,11.1899995803833,11.199999809265137,573700,0.0,0.0
2009-06-24 00:00:00-04:00,11.300000190734863,11.600000381469727,11.260000228881836,11.369999885559082,645800,0.0,0.0
2009-06-25 00:00:00-04:00,9.140000343322754,9.260000228881836,8.680000305175781,8.920000076293945,5154600,0.0,0.0
2009-06-26 00:00:00-04:00,8.770000457763672,8.949999809265137,8.579999923706055,8.949999809265137,3842900,0.0,0.0
2009-06-29 00:00:00-04:00,8.920000076293945,9.029999732971191,8.75,8.899999618530273,1666300,0.0,0.0
2009-06-30 00:00:00-04:00,8.850000381469727,9.079999923706055,8.729999542236328,8.829999923706055,2035200,0.0,0.0
2009-07-01 00:00:00-04:00,8.930000305175781,9.039999961853027,8.8100004196167,8.829999923706055,972300,0.0,0.0
2009-07-02 00:00:00-04:00,8.819999694824219,8.930000305175781,8.510000228881836,8.59000015258789,984400,0.0,0.0
2009-07-06 00:00:00-04:00,8.59000015258789,8.779999732971191,8.319999694824219,8.430000305175781,1330900,0.0,0.0
2009-07-07 00:00:00-04:00,8.399999618530273,8.569999694824219,8.010000228881836,8.039999961853027,1971200,0.0,0.0
2009-07-08 00:00:00-04:00,8.069999694824219,8.100000381469727,7.940000057220459,8.020000457763672,1007300,0.0,0.0
2009-07-09 00:00:00-04:00,8.020000457763672,8.199999809265137,7.960000038146973,7.96999979019165,914200,0.0,0.0
2009-07-10 00:00:00-04:00,7.889999866485596,8.079999923706055,7.760000228881836,7.989999771118164,981800,0.0,0.0
2009-07-13 00:00:00-04:00,7.949999809265137,8.039999961853027,7.769999980926514,8.039999961853027,883400,0.0,0.0
2009-07-14 00:00:00-04:00,8.0,8.25,7.949999809265137,8.239999771118164,795100,0.0,0.0
2009-07-15 00:00:00-04:00,8.270000457763672,9.0,8.210000038146973,8.979999542236328,1948900,0.0,0.0
2009-07-16 00:00:00-04:00,8.949999809265137,9.390000343322754,8.800000190734863,8.9399995803833,1228000,0.0,0.0
2009-07-17 00:00:00-04:00,8.9399995803833,9.09000015258789,8.4399995803833,8.720000267028809,888000,0.0,0.0
2009-07-20 00:00:00-04:00,8.819999694824219,9.0,8.539999961853027,8.890000343322754,643300,0.0,0.0
2009-07-21 00:00:00-04:00,9.0,9.210000038146973,8.8100004196167,8.90999984741211,990200,0.0,0.0
2009-07-22 00:00:00-04:00,8.90999984741211,9.239999771118164,8.819999694824219,9.069999694824219,404800,0.0,0.0
2009-07-23 00:00:00-04:00,9.0,9.329999923706055,8.90999984741211,9.289999961853027,835500,0.0,0.0
2009-07-24 00:00:00-04:00,9.170000076293945,9.390000343322754,9.039999961853027,9.279999732971191,481000,0.0,0.0
2009-07-27 00:00:00-04:00,9.3100004196167,9.5600004196167,9.220000267028809,9.489999771118164,725600,0.0,0.0
2009-07-28 00:00:00-04:00,9.420000076293945,9.6899995803833,9.399999618530273,9.619999885559082,891700,0.0,0.0
2009-07-29 00:00:00-04:00,9.539999961853027,9.890000343322754,9.539999961853027,9.65999984741211,479500,0.0,0.0
2009-07-30 00:00:00-04:00,9.649999618530273,10.119999885559082,9.649999618530273,9.920000076293945,975300,0.0,0.0
2009-07-31 00:00:00-04:00,9.829999923706055,10.069999694824219,9.640000343322754,9.649999618530273,980400,0.0,0.0
2009-08-03 00:00:00-04:00,9.739999771118164,10.0,9.65999984741211,9.949999809265137,632000,0.0,0.0
2009-08-04 00:00:00-04:00,9.850000381469727,10.100000381469727,9.739999771118164,9.829999923706055,862200,0.0,0.0
2009-08-05 00:00:00-04:00,9.869999885559082,9.960000038146973,9.569999694824219,9.680000305175781,712100,0.0,0.0
2009-08-06 00:00:00-04:00,9.670000076293945,9.850000381469727,9.4399995803833,9.649999618530273,891600,0.0,0.0
2009-08-07 00:00:00-04:00,9.819999694824219,10.15999984741211,9.6899995803833,10.119999885559082,614500,0.0,0.0
2009-08-10 00:00:00-04:00,9.979999542236328,9.979999542236328,9.600000381469727,9.699999809265137,512600,0.0,0.0
2009-08-11 00:00:00-04:00,9.710000038146973,9.920000076293945,9.449999809265137,9.8100004196167,543600,0.0,0.0
2009-08-12 00:00:00-04:00,9.779999732971191,10.109999656677246,9.779999732971191,9.970000267028809,690100,0.0,0.0
2009-08-13 00:00:00-04:00,9.989999771118164,10.180000305175781,9.970000267028809,10.050000190734863,358200,0.0,0.0
2009-08-14 00:00:00-04:00,10.010000228881836,10.15999984741211,9.789999961853027,9.890000343322754,904200,0.0,0.0
2009-08-17 00:00:00-04:00,9.779999732971191,10.199999809265137,9.699999809265137,9.789999961853027,608300,0.0,0.0
2009-08-18 00:00:00-04:00,9.859999656677246,10.109999656677246,9.770000457763672,10.0,634200,0.0,0.0
2009-08-19 00:00:00-04:00,9.890000343322754,10.069999694824219,9.890000343322754,9.989999771118164,649700,0.0,0.0
2009-08-20 00:00:00-04:00,9.84000015258789,10.09000015258789,9.84000015258789,10.020000457763672,886400,0.0,0.0
2009-08-21 00:00:00-04:00,10.149999618530273,10.199999809265137,9.90999984741211,10.039999961853027,919000,0.0,0.0
2009-08-24 00:00:00-04:00,10.029999732971191,10.100000381469727,9.859999656677246,9.880000114440918,358200,0.0,0.0
2009-08-25 00:00:00-04:00,9.930000305175781,9.989999771118164,9.800000190734863,9.8100004196167,493400,0.0,0.0
2009-08-26 00:00:00-04:00,9.800000190734863,9.859999656677246,9.569999694824219,9.630000114440918,721700,0.0,0.0
2009-08-27 00:00:00-04:00,9.609999656677246,9.720000267028809,9.220000267028809,9.529999732971191,380300,0.0,0.0
2009-08-28 00:00:00-04:00,9.550000190734863,9.630000114440918,9.199999809265137,9.270000457763672,506800,0.0,0.0
2009-08-31 00:00:00-04:00,9.15999984741211,9.569999694824219,9.010000228881836,9.119999885559082,495000,0.0,0.0
2009-09-01 00:00:00-04:00,8.800000190734863,9.300000190734863,8.800000190734863,8.920000076293945,575600,0.0,0.0
2009-09-02 00:00:00-04:00,8.720000267028809,8.90999984741211,8.649999618530273,8.84000015258789,414900,0.0,0.0
2009-09-03 00:00:00-04:00,8.90999984741211,8.970000267028809,8.6899995803833,8.770000457763672,305900,0.0,0.0
2009-09-04 00:00:00-04:00,8.739999771118164,9.0,8.720000267028809,8.930000305175781,413100,0.0,0.0
2009-09-08 00:00:00-04:00,8.970000267028809,9.010000228881836,8.859999656677246,8.930000305175781,559900,0.0,0.0
2009-09-09 00:00:00-04:00,8.899999618530273,9.350000381469727,8.850000381469727,9.329999923706055,661700,0.0,0.0
2009-09-10 00:00:00-04:00,9.350000381469727,9.710000038146973,9.34000015258789,9.699999809265137,513300,0.0,0.0
2009-09-11 00:00:00-04:00,9.6899995803833,9.699999809265137,9.390000343322754,9.489999771118164,475600,0.0,0.0
2009-09-14 00:00:00-04:00,9.449999809265137,9.569999694824219,9.229999542236328,9.520000457763672,476400,0.0,0.0
2009-09-15 00:00:00-04:00,9.65999984741211,9.720000267028809,9.390000343322754,9.720000267028809,487100,0.0,0.0
2009-09-16 00:00:00-04:00,9.699999809265137,9.970000267028809,9.539999961853027,9.970000267028809,376300,0.0,0.0
2009-09-17 00:00:00-04:00,9.90999984741211,10.050000190734863,9.640000343322754,10.0,460500,0.0,0.0
2009-09-18 00:00:00-04:00,10.0,10.079999923706055,9.699999809265137,9.770000457763672,2196000,0.0,0.0
2009-09-21 00:00:00-04:00,9.729999542236328,9.829999923706055,9.479999542236328,9.59000015258789,476500,0.0,0.0
2009-09-22 00:00:00-04:00,9.649999618530273,9.680000305175781,9.369999885559082,9.399999618530273,465700,0.0,0.0
2009-09-23 00:00:00-04:00,9.390000343322754,9.619999885559082,9.3100004196167,9.390000343322754,1134100,0.0,0.0
2009-09-24 00:00:00-04:00,9.420000076293945,9.569999694824219,9.359999656677246,9.420000076293945,368700,0.0,0.0
2009-09-25 00:00:00-04:00,9.390000343322754,9.550000190734863,9.300000190734863,9.34000015258789,272600,0.0,0.0
2009-09-28 00:00:00-04:00,9.40999984741211,9.760000228881836,9.380000114440918,9.699999809265137,332000,0.0,0.0
2009-09-29 00:00:00-04:00,9.680000305175781,9.789999961853027,9.5600004196167,9.699999809265137,285500,0.0,0.0
2009-09-30 00:00:00-04:00,9.680000305175781,9.6899995803833,9.390000343322754,9.460000038146973,454700,0.0,0.0
2009-10-01 00:00:00-04:00,9.430000305175781,9.579999923706055,9.140000343322754,9.149999618530273,381200,0.0,0.0
2009-10-02 00:00:00-04:00,9.069999694824219,9.329999923706055,9.069999694824219,9.079999923706055,255200,0.0,0.0
2009-10-05 00:00:00-04:00,9.140000343322754,9.270000457763672,9.079999923706055,9.199999809265137,491800,0.0,0.0
2009-10-06 00:00:00-04:00,9.239999771118164,9.489999771118164,9.100000381469727,9.470000267028809,467300,0.0,0.0
2009-10-07 00:00:00-04:00,9.420000076293945,9.600000381469727,9.34000015258789,9.550000190734863,240300,0.0,0.0
2009-10-08 00:00:00-04:00,9.59000015258789,9.739999771118164,9.449999809265137,9.6899995803833,545100,0.0,0.0
2009-10-09 00:00:00-04:00,9.59000015258789,9.90999984741211,9.539999961853027,9.869999885559082,336300,0.0,0.0
2009-10-12 00:00:00-04:00,9.979999542236328,10.079999923706055,9.760000228881836,9.90999984741211,368100,0.0,0.0
2009-10-13 00:00:00-04:00,9.90999984741211,9.9399995803833,9.579999923706055,9.619999885559082,436700,0.0,0.0
2009-10-14 00:00:00-04:00,9.680000305175781,9.770000457763672,9.529999732971191,9.760000228881836,525600,0.0,0.0
2009-10-15 00:00:00-04:00,9.680000305175781,9.970000267028809,9.609999656677246,9.9399995803833,410200,0.0,0.0
2009-10-16 00:00:00-04:00,9.880000114440918,10.029999732971191,9.829999923706055,9.9399995803833,415200,0.0,0.0
2009-10-19 00:00:00-04:00,10.0,10.050000190734863,9.899999618530273,9.989999771118164,286800,0.0,0.0
2009-10-20 00:00:00-04:00,10.0600004196167,10.069999694824219,9.84000015258789,9.930000305175781,372500,0.0,0.0
2009-10-21 00:00:00-04:00,9.920000076293945,10.229999542236328,9.84000015258789,9.850000381469727,649900,0.0,0.0
2009-10-22 00:00:00-04:00,9.800000190734863,9.970000267028809,9.670000076293945,9.9399995803833,285600,0.0,0.0
2009-10-23 00:00:00-04:00,9.9399995803833,10.0,9.609999656677246,9.630000114440918,733900,0.0,0.0
2009-10-26 00:00:00-04:00,9.65999984741211,9.850000381469727,9.579999923706055,9.670000076293945,467100,0.0,0.0
2009-10-27 00:00:00-04:00,9.729999542236328,9.970000267028809,9.729999542236328,9.850000381469727,502300,0.0,0.0
2009-10-28 00:00:00-04:00,9.869999885559082,10.0,9.579999923706055,9.649999618530273,794500,0.0,0.0
2009-10-29 00:00:00-04:00,10.0,11.359999656677246,10.0,11.260000228881836,2340400,0.0,0.0
2009-10-30 00:00:00-04:00,11.130000114440918,11.640000343322754,11.130000114440918,11.479999542236328,1517400,0.0,0.0
2009-11-02 00:00:00-05:00,11.489999771118164,11.819999694824219,11.279999732971191,11.510000228881836,863900,0.0,0.0
2009-11-03 00:00:00-05:00,11.420000076293945,11.579999923706055,11.279999732971191,11.460000038146973,901800,0.0,0.0
2009-11-04 00:00:00-05:00,11.460000038146973,11.899999618530273,11.350000381469727,11.489999771118164,934200,0.0,0.0
2009-11-05 00:00:00-05:00,11.65999984741211,11.930000305175781,11.59000015258789,11.760000228881836,733500,0.0,0.0
2009-11-06 00:00:00-05:00,11.710000038146973,11.9399995803833,11.579999923706055,11.819999694824219,401200,0.0,0.0
2009-11-09 00:00:00-05:00,11.90999984741211,12.149999618530273,11.760000228881836,12.140000343322754,385200,0.0,0.0
2009-11-10 00:00:00-05:00,12.119999885559082,12.170000076293945,11.979999542236328,12.050000190734863,487300,0.0,0.0
2009-11-11 00:00:00-05:00,12.170000076293945,12.180000305175781,11.970000267028809,12.09000015258789,384600,0.0,0.0
2009-11-12 00:00:00-05:00,12.100000381469727,12.300000190734863,11.739999771118164,11.779999732971191,360300,0.0,0.0
2009-11-13 00:00:00-05:00,11.850000381469727,12.220000267028809,11.75,12.09000015258789,760800,0.0,0.0
2009-11-16 00:00:00-05:00,12.149999618530273,12.670000076293945,12.09000015258789,12.489999771118164,571400,0.0,0.0
2009-11-17 00:00:00-05:00,12.350000381469727,12.40999984741211,12.180000305175781,12.319999694824219,294000,0.0,0.0
2009-11-18 00:00:00-05:00,12.329999923706055,12.430000305175781,12.069999694824219,12.239999771118164,271600,0.0,0.0
2009-11-19 00:00:00-05:00,12.199999809265137,12.199999809265137,11.819999694824219,11.970000267028809,337200,0.0,0.0
2009-11-20 00:00:00-05:00,11.890000343322754,12.0,11.739999771118164,11.989999771118164,353000,0.0,0.0
2009-11-23 00:00:00-05:00,12.039999961853027,12.420000076293945,12.029999732971191,12.1899995803833,374900,0.0,0.0
2009-11-24 00:00:00-05:00,12.229999542236328,12.329999923706055,11.880000114440918,11.979999542236328,357200,0.0,0.0
2009-11-25 00:00:00-05:00,12.010000228881836,12.170000076293945,11.859999656677246,11.880000114440918,175700,0.0,0.0
2009-11-27 00:00:00-05:00,11.539999961853027,11.880000114440918,11.529999732971191,11.670000076293945,194500,0.0,0.0
2009-11-30 00:00:00-05:00,11.619999885559082,11.619999885559082,11.359999656677246,11.539999961853027,487700,0.0,0.0
2009-12-01 00:00:00-05:00,11.640000343322754,12.0600004196167,11.600000381469727,12.050000190734863,361400,0.0,0.0
2009-12-02 00:00:00-05:00,12.079999923706055,12.34000015258789,12.020000457763672,12.149999618530273,302300,0.0,0.0
2009-12-03 00:00:00-05:00,12.199999809265137,12.350000381469727,12.09000015258789,12.100000381469727,293500,0.0,0.0
2009-12-04 00:00:00-05:00,12.350000381469727,12.569999694824219,12.029999732971191,12.380000114440918,511700,0.0,0.0
2009-12-07 00:00:00-05:00,12.390000343322754,12.569999694824219,12.359999656677246,12.449999809265137,239500,0.0,0.0
2009-12-08 00:00:00-05:00,12.34000015258789,12.420000076293945,12.0600004196167,12.15999984741211,451400,0.0,0.0
2009-12-09 00:00:00-05:00,12.100000381469727,12.140000343322754,11.880000114440918,12.039999961853027,243600,0.0,0.0
2009-12-10 00:00:00-05:00,12.140000343322754,12.239999771118164,11.710000038146973,11.779999732971191,493900,0.0,0.0
2009-12-11 00:00:00-05:00,11.869999885559082,11.979999542236328,11.729999542236328,11.949999809265137,266300,0.0,0.0
2009-12-14 00:00:00-05:00,12.050000190734863,12.09000015258789,11.890000343322754,12.069999694824219,246700,0.0,0.0
2009-12-15 00:00:00-05:00,12.170000076293945,13.25,12.170000076293945,13.100000381469727,969300,0.0,0.0
2009-12-16 00:00:00-05:00,13.1899995803833,13.25,12.800000190734863,12.970000267028809,454700,0.0,0.0
2009-12-17 00:00:00-05:00,12.90999984741211,13.130000114440918,12.739999771118164,12.8100004196167,624400,0.0,0.0
2009-12-18 00:00:00-05:00,12.920000076293945,12.989999771118164,12.739999771118164,12.970000267028809,911500,0.0,0.0
2009-12-21 00:00:00-05:00,13.109999656677246,13.420000076293945,13.0,13.1899995803833,330700,0.0,0.0
2009-12-22 00:00:00-05:00,13.149999618530273,13.569999694824219,12.90999984741211,13.40999984741211,313000,0.0,0.0
2009-12-23 00:00:00-05:00,13.5,13.989999771118164,13.489999771118164,13.859999656677246,340600,0.0,0.0
2009-12-24 00:00:00-05:00,13.949999809265137,14.149999618530273,13.90999984741211,13.979999542236328,149800,0.0,0.0
2009-12-28 00:00:00-05:00,14.069999694824219,14.40999984741211,14.039999961853027,14.15999984741211,376600,0.0,0.0
2009-12-29 00:00:00-05:00,14.170000076293945,14.1899995803833,13.649999618530273,13.6899995803833,385600,0.0,0.0
2009-12-30 00:00:00-05:00,13.649999618530273,13.819999694824219,13.40999984741211,13.550000190734863,411900,0.0,0.0
2009-12-31 00:00:00-05:00,13.609999656677246,13.739999771118164,13.420000076293945,13.430000305175781,332400,0.0,0.0
2010-01-04 00:00:00-05:00,13.510000228881836,13.970000267028809,13.5,13.829999923706055,336500,0.0,0.0
2010-01-05 00:00:00-05:00,13.850000381469727,13.850000381469727,13.600000381469727,13.699999809265137,825400,0.0,0.0
2010-01-06 00:00:00-05:00,13.800000190734863,14.010000228881836,13.710000038146973,13.760000228881836,639100,0.0,0.0
2010-01-07 00:00:00-05:00,13.5600004196167,13.899999618530273,13.5600004196167,13.880000114440918,303200,0.0,0.0
2010-01-08 00:00:00-05:00,13.819999694824219,13.930000305175781,13.699999809265137,13.789999961853027,285100,0.0,0.0
2010-01-11 00:00:00-05:00,13.859999656677246,13.890000343322754,13.65999984741211,13.720000267028809,316200,0.0,0.0
2010-01-12 00:00:00-05:00,13.649999618530273,13.789999961853027,13.550000190734863,13.6899995803833,340700,0.0,0.0
2010-01-13 00:00:00-05:00,13.75,14.079999923706055,13.640000343322754,14.029999732971191,335900,0.0,0.0
2010-01-14 00:00:00-05:00,14.050000190734863,14.109999656677246,13.970000267028809,14.050000190734863,256300,0.0,0.0
2010-01-15 00:00:00-05:00,14.119999885559082,14.119999885559082,13.59000015258789,13.760000228881836,420800,0.0,0.0
2010-01-19 00:00:00-05:00,13.819999694824219,14.529999732971191,13.819999694824219,14.529999732971191,471400,0.0,0.0
2010-01-20 00:00:00-05:00,14.430000305175781,14.510000228881836,14.029999732971191,14.289999961853027,450700,0.0,0.0
2010-01-21 00:00:00-05:00,14.350000381469727,14.5,14.0,14.239999771118164,537900,0.0,0.0
2010-01-22 00:00:00-05:00,14.180000305175781,14.4399995803833,13.8100004196167,13.899999618530273,418900,0.0,0.0
2010-01-25 00:00:00-05:00,14.680000305175781,15.0,14.5,14.899999618530273,644000,0.0,0.0
2010-01-26 00:00:00-05:00,14.869999885559082,14.899999618530273,14.039999961853027,14.069999694824219,482500,0.0,0.0
2010-01-27 00:00:00-05:00,14.010000228881836,14.149999618530273,13.829999923706055,13.949999809265137,573600,0.0,0.0
2010-01-28 00:00:00-05:00,14.479999542236328,14.670000076293945,13.949999809265137,14.029999732971191,878100,0.0,0.0
2010-01-29 00:00:00-05:00,14.130000114440918,15.859999656677246,14.0600004196167,15.380000114440918,2266600,0.0,0.0
2010-02-01 00:00:00-05:00,15.430000305175781,15.65999984741211,14.949999809265137,15.069999694824219,726200,0.0,0.0
2010-02-02 00:00:00-05:00,15.100000381469727,15.65999984741211,14.979999542236328,15.600000381469727,1114000,0.0,0.0
2010-02-03 00:00:00-05:00,15.59000015258789,16.459999084472656,15.59000015258789,16.299999237060547,1898400,0.0,0.0
2010-02-04 00:00:00-05:00,16.239999771118164,16.360000610351562,15.960000038146973,15.960000038146973,1436800,0.0,0.0
2010-02-05 00:00:00-05:00,16.0,16.049999237060547,15.640000343322754,16.020000457763672,970500,0.0,0.0
2010-02-08 00:00:00-05:00,16.0,16.149999618530273,15.619999885559082,15.649999618530273,624700,0.0,0.0
2010-02-09 00:00:00-05:00,15.75,15.880000114440918,15.449999809265137,15.609999656677246,1015400,0.0,0.0
2010-02-10 00:00:00-05:00,15.579999923706055,15.630000114440918,15.300000190734863,15.399999618530273,744900,0.0,0.0
2010-02-11 00:00:00-05:00,15.399999618530273,15.789999961853027,15.100000381469727,15.720000267028809,514200,0.0,0.0
2010-02-12 00:00:00-05:00,15.550000190734863,15.829999923706055,15.449999809265137,15.829999923706055,884500,0.0,0.0
2010-02-16 00:00:00-05:00,15.630000114440918,15.90999984741211,15.420000076293945,15.899999618530273,594100,0.0,0.0
2010-02-17 00:00:00-05:00,15.899999618530273,16.0,15.819999694824219,16.0,418200,0.0,0.0
2010-02-18 00:00:00-05:00,15.949999809265137,16.31999969482422,15.779999732971191,16.309999465942383,596500,0.0,0.0
2010-02-19 00:00:00-05:00,16.239999771118164,16.559999465942383,16.229999542236328,16.530000686645508,1089100,0.0,0.0
2010-02-22 00:00:00-05:00,16.520000457763672,16.829999923706055,16.450000762939453,16.719999313354492,612700,0.0,0.0
2010-02-23 00:00:00-05:00,16.639999389648438,16.93000030517578,16.329999923706055,16.75,800300,0.0,0.0
2010-02-24 00:00:00-05:00,16.690000534057617,16.90999984741211,16.649999618530273,16.770000457763672,423500,0.0,0.0
2010-02-25 00:00:00-05:00,16.6200008392334,16.969999313354492,16.5,16.889999389648438,839400,0.0,0.0
2010-02-26 00:00:00-05:00,16.940000534057617,16.979999542236328,16.799999237060547,16.860000610351562,439400,0.0,0.0
2010-03-01 00:00:00-05:00,16.940000534057617,17.5,16.920000076293945,17.459999084472656,1187600,0.0,0.0
2010-03-02 00:00:00-05:00,17.440000534057617,18.739999771118164,17.40999984741211,18.520000457763672,2640400,0.0,0.0
2010-03-03 00:00:00-05:00,18.459999084472656,18.5,17.850000381469727,18.030000686645508,1039100,0.0,0.0
2010-03-04 00:00:00-05:00,17.979999542236328,18.149999618530273,17.780000686645508,17.959999084472656,349800,0.0,0.0
2010-03-05 00:00:00-05:00,17.84000015258789,18.1299991607666,17.84000015258789,18.010000228881836,773800,0.0,0.0
2010-03-08 00:00:00-05:00,17.979999542236328,18.34000015258789,17.959999084472656,18.31999969482422,680400,0.0,0.0
2010-03-09 00:00:00-05:00,18.309999465942383,18.530000686645508,17.6200008392334,18.3799991607666,1158700,0.0,0.0
2010-03-10 00:00:00-05:00,18.309999465942383,18.5,18.0,18.280000686645508,465200,0.0,0.0
2010-03-11 00:00:00-05:00,18.149999618530273,18.309999465942383,18.079999923706055,18.219999313354492,347100,0.0,0.0
2010-03-12 00:00:00-05:00,18.34000015258789,18.420000076293945,17.899999618530273,17.979999542236328,549800,0.0,0.0
2010-03-15 00:00:00-04:00,17.899999618530273,17.93000030517578,17.479999542236328,17.860000610351562,424500,0.0,0.0
2010-03-16 00:00:00-04:00,17.93000030517578,17.950000762939453,17.31999969482422,17.899999618530273,1007300,0.0,0.0
2010-03-17 00:00:00-04:00,17.899999618530273,18.020000457763672,17.780000686645508,17.899999618530273,418000,0.0,0.0
2010-03-18 00:00:00-04:00,17.799999237060547,17.93000030517578,17.6200008392334,17.780000686645508,340800,0.0,0.0
2010-03-19 00:00:00-04:00,17.760000228881836,17.8700008392334,17.360000610351562,17.559999465942383,533700,0.0,0.0
2010-03-22 00:00:00-04:00,17.5,17.920000076293945,17.489999771118164,17.8700008392334,280900,0.0,0.0
2010-03-23 00:00:00-04:00,17.829999923706055,18.030000686645508,17.739999771118164,17.989999771118164,689500,0.0,0.0
2010-03-24 00:00:00-04:00,17.940000534057617,18.15999984741211,17.700000762939453,17.700000762939453,434000,0.0,0.0
2010-03-25 00:00:00-04:00,17.799999237060547,18.020000457763672,17.549999237060547,17.559999465942383,315100,0.0,0.0
2010-03-26 00:00:00-04:00,17.579999923706055,17.739999771118164,17.40999984741211,17.510000228881836,376500,0.0,0.0
2010-03-29 00:00:00-04:00,17.510000228881836,17.6299991607666,17.399999618530273,17.59000015258789,422900,0.0,0.0
2010-03-30 00:00:00-04:00,17.639999389648438,18.25,17.6299991607666,17.899999618530273,523400,0.0,0.0
2010-03-31 00:00:00-04:00,17.780000686645508,18.079999923706055,17.75,17.940000534057617,1245500,0.0,0.0
2010-04-01 00:00:00-04:00,17.959999084472656,18.25,17.639999389648438,17.959999084472656,1053500,0.0,0.0
2010-04-05 00:00:00-04:00,18.06999969482422,18.5,17.969999313354492,18.479999542236328,1035000,0.0,0.0
2010-04-06 00:00:00-04:00,18.610000610351562,18.899999618530273,18.5,18.889999389648438,1236500,0.0,0.0
2010-04-07 00:00:00-04:00,18.889999389648438,19.040000915527344,18.649999618530273,18.739999771118164,761200,0.0,0.0
2010-04-08 00:00:00-04:00,18.719999313354492,18.8799991607666,18.5,18.729999542236328,400200,0.0,0.0
2010-04-09 00:00:00-04:00,18.690000534057617,18.739999771118164,18.549999237060547,18.700000762939453,427000,0.0,0.0
2010-04-12 00:00:00-04:00,18.700000762939453,18.959999084472656,18.68000030517578,18.860000610351562,430200,0.0,0.0
2010-04-13 00:00:00-04:00,18.760000228881836,18.799999237060547,18.5,18.709999084472656,359100,0.0,0.0
2010-04-14 00:00:00-04:00,18.760000228881836,19.149999618530273,18.729999542236328,19.040000915527344,360600,0.0,0.0
2010-04-15 00:00:00-04:00,18.959999084472656,19.3799991607666,18.940000534057617,19.25,473300,0.0,0.0
2010-04-16 00:00:00-04:00,19.209999084472656,19.329999923706055,18.719999313354492,18.950000762939453,890800,0.0,0.0
2010-04-19 00:00:00-04:00,18.84000015258789,19.209999084472656,18.649999618530273,18.93000030517578,332700,0.0,0.0
2010-04-20 00:00:00-04:00,18.93000030517578,19.170000076293945,18.690000534057617,19.110000610351562,332100,0.0,0.0
2010-04-21 00:00:00-04:00,19.110000610351562,19.170000076293945,18.780000686645508,19.100000381469727,271600,0.0,0.0
2010-04-22 00:00:00-04:00,18.950000762939453,19.600000381469727,18.799999237060547,19.59000015258789,388500,0.0,0.0
2010-04-23 00:00:00-04:00,19.6299991607666,19.8700008392334,19.399999618530273,19.649999618530273,337300,0.0,0.0
2010-04-26 00:00:00-04:00,19.56999969482422,19.989999771118164,19.530000686645508,19.959999084472656,565700,0.0,0.0
2010-04-27 00:00:00-04:00,19.809999465942383,19.940000534057617,19.209999084472656,19.239999771118164,447700,0.0,0.0
2010-04-28 00:00:00-04:00,19.299999237060547,19.389999389648438,19.040000915527344,19.18000030517578,1141800,0.0,0.0
2010-04-29 00:00:00-04:00,19.25,19.75,19.15999984741211,19.5,555100,0.0,0.0
2010-04-30 00:00:00-04:00,19.459999084472656,19.5,19.079999923706055,19.079999923706055,581000,0.0,0.0
2010-05-03 00:00:00-04:00,19.09000015258789,19.450000762939453,18.950000762939453,19.299999237060547,420800,0.0,0.0
2010-05-04 00:00:00-04:00,19.020000457763672,19.020000457763672,18.209999084472656,18.579999923706055,822100,0.0,0.0
2010-05-05 00:00:00-04:00,18.299999237060547,18.329999923706055,17.670000076293945,18.079999923706055,1054400,0.0,0.0
2010-05-06 00:00:00-04:00,17.899999618530273,18.290000915527344,14.680000305175781,17.829999923706055,1078000,0.0,0.0
2010-05-07 00:00:00-04:00,17.729999542236328,18.040000915527344,16.84000015258789,17.270000457763672,607300,0.0,0.0
2010-05-10 00:00:00-04:00,18.079999923706055,18.56999969482422,17.540000915527344,18.549999237060547,640600,0.0,0.0
2010-05-11 00:00:00-04:00,18.489999771118164,19.040000915527344,18.030000686645508,19.010000228881836,1187000,0.0,0.0
2010-05-12 00:00:00-04:00,19.1200008392334,19.469999313354492,18.959999084472656,19.450000762939453,616200,0.0,0.0
2010-05-13 00:00:00-04:00,19.360000610351562,19.610000610351562,18.860000610351562,19.299999237060547,1046400,0.0,0.0
2010-05-14 00:00:00-04:00,19.1299991607666,19.1299991607666,18.440000534057617,18.670000076293945,727300,0.0,0.0
2010-05-17 00:00:00-04:00,18.709999084472656,18.940000534057617,18.139999389648438,18.459999084472656,889500,0.0,0.0
2010-05-18 00:00:00-04:00,18.600000381469727,18.959999084472656,17.65999984741211,17.790000915527344,846000,0.0,0.0
2010-05-19 00:00:00-04:00,17.6200008392334,17.760000228881836,17.200000762939453,17.3700008392334,920600,0.0,0.0
2010-05-20 00:00:00-04:00,16.940000534057617,16.989999771118164,16.09000015258789,16.09000015258789,1302500,0.0,0.0
2010-05-21 00:00:00-04:00,15.90999984741211,16.389999389648438,15.529999732971191,16.299999237060547,860300,0.0,0.0
2010-05-24 00:00:00-04:00,16.170000076293945,16.459999084472656,15.829999923706055,16.100000381469727,614300,0.0,0.0
2010-05-25 00:00:00-04:00,15.579999923706055,16.030000686645508,15.319999694824219,15.979999542236328,796700,0.0,0.0
2010-05-26 00:00:00-04:00,15.979999542236328,16.459999084472656,15.84000015258789,16.010000228881836,1258600,0.0,0.0
2010-05-27 00:00:00-04:00,15.720000267028809,17.360000610351562,15.630000114440918,17.360000610351562,1747700,0.0,0.0
2010-05-28 00:00:00-04:00,17.229999542236328,17.6200008392334,17.100000381469727,17.40999984741211,953100,0.0,0.0
2010-06-01 00:00:00-04:00,17.229999542236328,17.260000228881836,16.25,16.25,1001200,0.0,0.0
2010-06-02 00:00:00-04:00,16.270000457763672,16.520000457763672,16.0,16.5,742000,0.0,0.0
2010-06-03 00:00:00-04:00,16.489999771118164,16.56999969482422,16.280000686645508,16.510000228881836,899000,0.0,0.0
2010-06-04 00:00:00-04:00,16.040000915527344,16.329999923706055,15.760000228881836,15.880000114440918,1223900,0.0,0.0
2010-06-07 00:00:00-04:00,15.970000267028809,16.110000610351562,15.489999771118164,15.489999771118164,751300,0.0,0.0
2010-06-08 00:00:00-04:00,15.569999694824219,15.569999694824219,14.8100004196167,15.069999694824219,1241500,0.0,0.0
2010-06-09 00:00:00-04:00,15.180000305175781,15.460000038146973,14.880000114440918,15.100000381469727,1351300,0.0,0.0
2010-06-10 00:00:00-04:00,15.350000381469727,15.65999984741211,15.279999732971191,15.65999984741211,722000,0.0,0.0
2010-06-11 00:00:00-04:00,15.40999984741211,15.600000381469727,15.3100004196167,15.520000457763672,662900,0.0,0.0
2010-06-14 00:00:00-04:00,15.710000038146973,15.949999809265137,15.520000457763672,15.649999618530273,498100,0.0,0.0
2010-06-15 00:00:00-04:00,15.680000305175781,16.139999389648438,15.4399995803833,16.1299991607666,664200,0.0,0.0
2010-06-16 00:00:00-04:00,15.970000267028809,16.610000610351562,15.850000381469727,16.139999389648438,495200,0.0,0.0
2010-06-17 00:00:00-04:00,16.229999542236328,16.329999923706055,15.899999618530273,16.110000610351562,517200,0.0,0.0
2010-06-18 00:00:00-04:00,16.1299991607666,16.139999389648438,15.680000305175781,15.6899995803833,597400,0.0,0.0
2010-06-21 00:00:00-04:00,15.899999618530273,16.280000686645508,15.5600004196167,15.779999732971191,567700,0.0,0.0
2010-06-22 00:00:00-04:00,15.850000381469727,16.059999465942383,15.140000343322754,15.149999618530273,399100,0.0,0.0
2010-06-23 00:00:00-04:00,15.140000343322754,15.970000267028809,14.920000076293945,15.170000076293945,582800,0.0,0.0
2010-06-24 00:00:00-04:00,15.069999694824219,15.199999809265137,14.880000114440918,15.020000457763672,432400,0.0,0.0
2010-06-25 00:00:00-04:00,15.050000190734863,15.399999618530273,14.8100004196167,15.149999618530273,1316700,0.0,0.0
2010-06-28 00:00:00-04:00,15.180000305175781,15.5,15.0600004196167,15.260000228881836,403100,0.0,0.0
2010-06-29 00:00:00-04:00,15.029999732971191,15.199999809265137,14.510000228881836,14.640000343322754,628800,0.0,0.0
2010-06-30 00:00:00-04:00,14.649999618530273,15.010000228881836,14.649999618530273,14.6899995803833,660500,0.0,0.0
2010-07-01 00:00:00-04:00,14.680000305175781,14.880000114440918,13.890000343322754,14.15999984741211,631700,0.0,0.0
2010-07-02 00:00:00-04:00,14.289999961853027,14.380000114440918,14.050000190734863,14.25,413200,0.0,0.0
2010-07-06 00:00:00-04:00,14.5,14.5,13.079999923706055,13.350000381469727,1139700,0.0,0.0
2010-07-07 00:00:00-04:00,13.5,14.449999809265137,13.399999618530273,14.430000305175781,647200,0.0,0.0
2010-07-08 00:00:00-04:00,14.670000076293945,14.779999732971191,14.390000343322754,14.609999656677246,371600,0.0,0.0
2010-07-09 00:00:00-04:00,14.619999885559082,14.619999885559082,14.399999618530273,14.569999694824219,305600,0.0,0.0
2010-07-12 00:00:00-04:00,14.079999923706055,14.180000305175781,13.180000305175781,13.430000305175781,1523800,0.0,0.0
2010-07-13 00:00:00-04:00,13.640000343322754,14.140000343322754,13.300000190734863,14.109999656677246,857300,0.0,0.0
2010-07-14 00:00:00-04:00,14.0,14.1899995803833,13.9399995803833,14.180000305175781,641300,0.0,0.0
2010-07-15 00:00:00-04:00,14.180000305175781,14.270000457763672,13.949999809265137,14.199999809265137,556600,0.0,0.0
2010-07-16 00:00:00-04:00,14.0600004196167,14.100000381469727,13.850000381469727,13.899999618530273,842700,0.0,0.0
2010-07-19 00:00:00-04:00,13.989999771118164,14.09000015258789,13.880000114440918,14.029999732971191,368200,0.0,0.0
2010-07-20 00:00:00-04:00,13.789999961853027,14.300000190734863,13.609999656677246,14.289999961853027,451900,0.0,0.0
2010-07-21 00:00:00-04:00,14.369999885559082,14.670000076293945,14.170000076293945,14.180000305175781,558000,0.0,0.0
2010-07-22 00:00:00-04:00,14.430000305175781,15.0600004196167,14.430000305175781,15.039999961853027,835900,0.0,0.0
2010-07-23 00:00:00-04:00,14.920000076293945,15.289999961853027,14.630000114440918,15.279999732971191,449200,0.0,0.0
2010-07-26 00:00:00-04:00,15.289999961853027,15.289999961853027,14.979999542236328,15.25,623800,0.0,0.0
2010-07-27 00:00:00-04:00,15.40999984741211,15.680000305175781,15.220000267028809,15.279999732971191,876100,0.0,0.0
2010-07-28 00:00:00-04:00,15.289999961853027,15.729999542236328,15.0,15.100000381469727,670000,0.0,0.0
2010-07-29 00:00:00-04:00,15.279999732971191,15.479999542236328,14.930000305175781,15.329999923706055,876400,0.0,0.0
2010-07-30 00:00:00-04:00,15.119999885559082,15.680000305175781,15.0,15.34000015258789,583600,0.0,0.0
2010-08-02 00:00:00-04:00,15.670000076293945,16.200000762939453,15.4399995803833,16.079999923706055,609300,0.0,0.0
2010-08-03 00:00:00-04:00,15.979999542236328,16.15999984741211,15.75,15.779999732971191,563300,0.0,0.0
2010-08-04 00:00:00-04:00,15.8100004196167,16.489999771118164,15.779999732971191,16.459999084472656,617500,0.0,0.0
2010-08-05 00:00:00-04:00,16.290000915527344,16.59000015258789,16.260000228881836,16.510000228881836,776800,0.0,0.0
2010-08-06 00:00:00-04:00,16.260000228881836,16.670000076293945,16.200000762939453,16.579999923706055,539100,0.0,0.0
2010-08-09 00:00:00-04:00,16.639999389648438,16.75,16.309999465942383,16.489999771118164,2026000,0.0,0.0
2010-08-10 00:00:00-04:00,16.290000915527344,16.350000381469727,15.949999809265137,16.079999923706055,410000,0.0,0.0
2010-08-11 00:00:00-04:00,15.789999961853027,15.789999961853027,15.359999656677246,15.399999618530273,530000,0.0,0.0
2010-08-12 00:00:00-04:00,15.050000190734863,15.15999984741211,14.90999984741211,15.029999732971191,472100,0.0,0.0
2010-08-13 00:00:00-04:00,14.9399995803833,15.050000190734863,14.859999656677246,14.949999809265137,452700,0.0,0.0
2010-08-16 00:00:00-04:00,14.829999923706055,15.020000457763672,14.710000038146973,14.899999618530273,591800,0.0,0.0
2010-08-17 00:00:00-04:00,15.079999923706055,15.170000076293945,14.880000114440918,14.9399995803833,655900,0.0,0.0
2010-08-18 00:00:00-04:00,14.9399995803833,15.0600004196167,14.710000038146973,14.899999618530273,442100,0.0,0.0
2010-08-19 00:00:00-04:00,14.789999961853027,14.90999984741211,14.25,14.25,488300,0.0,0.0
2010-08-20 00:00:00-04:00,14.210000038146973,14.25,13.510000228881836,13.619999885559082,1081600,0.0,0.0
2010-08-23 00:00:00-04:00,13.680000305175781,13.859999656677246,13.289999961853027,13.359999656677246,543300,0.0,0.0
2010-08-24 00:00:00-04:00,13.15999984741211,13.380000114440918,13.029999732971191,13.09000015258789,648700,0.0,0.0
2010-08-25 00:00:00-04:00,12.960000038146973,13.140000343322754,12.829999923706055,13.079999923706055,403700,0.0,0.0
2010-08-26 00:00:00-04:00,13.100000381469727,13.390000343322754,13.010000228881836,13.039999961853027,468300,0.0,0.0
2010-08-27 00:00:00-04:00,13.229999542236328,13.229999542236328,12.699999809265137,12.920000076293945,1016600,0.0,0.0
2010-08-30 00:00:00-04:00,12.800000190734863,12.9399995803833,12.699999809265137,12.75,589100,0.0,0.0
2010-08-31 00:00:00-04:00,12.6899995803833,12.6899995803833,12.1899995803833,12.399999618530273,1408500,0.0,0.0
2010-09-01 00:00:00-04:00,12.59000015258789,12.979999542236328,12.5600004196167,12.899999618530273,614000,0.0,0.0
2010-09-02 00:00:00-04:00,12.850000381469727,13.199999809265137,12.75,13.15999984741211,377400,0.0,0.0
2010-09-03 00:00:00-04:00,13.40999984741211,13.8100004196167,13.329999923706055,13.800000190734863,524500,0.0,0.0
2010-09-07 00:00:00-04:00,13.760000228881836,13.789999961853027,13.600000381469727,13.670000076293945,629300,0.0,0.0
2010-09-08 00:00:00-04:00,13.729999542236328,13.930000305175781,13.729999542236328,13.869999885559082,507400,0.0,0.0
2010-09-09 00:00:00-04:00,13.989999771118164,14.3100004196167,13.890000343322754,14.279999732971191,766200,0.0,0.0
2010-09-10 00:00:00-04:00,14.300000190734863,15.130000114440918,14.1899995803833,15.130000114440918,1042600,0.0,0.0
2010-09-13 00:00:00-04:00,15.350000381469727,16.170000076293945,15.279999732971191,16.079999923706055,1431300,0.0,0.0
2010-09-14 00:00:00-04:00,16.0,16.1200008392334,15.350000381469727,15.359999656677246,658700,0.0,0.0
2010-09-15 00:00:00-04:00,15.279999732971191,15.470000267028809,15.029999732971191,15.079999923706055,706200,0.0,0.0
2010-09-16 00:00:00-04:00,15.079999923706055,15.359999656677246,14.8100004196167,15.079999923706055,281900,0.0,0.0
2010-09-17 00:00:00-04:00,15.270000457763672,15.380000114440918,14.880000114440918,15.09000015258789,495300,0.0,0.0
2010-09-20 00:00:00-04:00,15.109999656677246,15.680000305175781,14.949999809265137,15.619999885559082,405500,0.0,0.0
2010-09-21 00:00:00-04:00,15.649999618530273,15.649999618530273,14.989999771118164,15.119999885559082,364700,0.0,0.0
2010-09-22 00:00:00-04:00,15.050000190734863,15.25,14.640000343322754,14.6899995803833,426500,0.0,0.0
2010-09-23 00:00:00-04:00,14.5600004196167,14.65999984741211,14.3100004196167,14.329999923706055,625000,0.0,0.0
2010-09-24 00:00:00-04:00,14.609999656677246,15.09000015258789,14.510000228881836,15.069999694824219,358200,0.0,0.0
2010-09-27 00:00:00-04:00,15.109999656677246,15.270000457763672,14.850000381469727,15.010000228881836,251800,0.0,0.0
2010-09-28 00:00:00-04:00,15.069999694824219,16.1299991607666,14.989999771118164,15.8100004196167,1012300,0.0,0.0
2010-09-29 00:00:00-04:00,15.6899995803833,15.880000114440918,15.59000015258789,15.800000190734863,519800,0.0,0.0
2010-09-30 00:00:00-04:00,15.989999771118164,16.190000534057617,15.75,15.859999656677246,620900,0.0,0.0
2010-10-01 00:00:00-04:00,16.0,16.059999465942383,15.760000228881836,15.930000305175781,387300,0.0,0.0
2010-10-04 00:00:00-04:00,15.829999923706055,15.989999771118164,15.380000114440918,15.59000015258789,430400,0.0,0.0
2010-10-05 00:00:00-04:00,15.84000015258789,16.34000015258789,15.699999809265137,16.280000686645508,527800,0.0,0.0
2010-10-06 00:00:00-04:00,16.280000686645508,16.31999969482422,16.0,16.200000762939453,447400,0.0,0.0
2010-10-07 00:00:00-04:00,16.34000015258789,16.469999313354492,16.209999084472656,16.350000381469727,323300,0.0,0.0
2010-10-08 00:00:00-04:00,16.329999923706055,16.559999465942383,16.200000762939453,16.440000534057617,385700,0.0,0.0
2010-10-11 00:00:00-04:00,16.3799991607666,16.81999969482422,16.3799991607666,16.68000030517578,217400,0.0,0.0
2010-10-12 00:00:00-04:00,16.579999923706055,17.049999237060547,16.260000228881836,17.010000228881836,528700,0.0,0.0
2010-10-13 00:00:00-04:00,17.100000381469727,17.700000762939453,17.0,17.610000610351562,750900,0.0,0.0
2010-10-14 00:00:00-04:00,17.510000228881836,17.780000686645508,17.440000534057617,17.739999771118164,544900,0.0,0.0
2010-10-15 00:00:00-04:00,17.979999542236328,18.1200008392334,17.799999237060547,17.920000076293945,770900,0.0,0.0
2010-10-18 00:00:00-04:00,17.950000762939453,18.360000610351562,17.780000686645508,18.0,1162200,0.0,0.0
2010-10-19 00:00:00-04:00,17.6299991607666,17.829999923706055,17.1200008392334,17.389999389648438,712500,0.0,0.0
2010-10-20 00:00:00-04:00,17.510000228881836,18.1200008392334,17.010000228881836,17.889999389648438,268700,0.0,0.0
2010-10-21 00:00:00-04:00,17.940000534057617,18.31999969482422,17.75,18.09000015258789,1017900,0.0,0.0
2010-10-22 00:00:00-04:00,18.190000534057617,18.219999313354492,18.040000915527344,18.200000762939453,473800,0.0,0.0
2010-10-25 00:00:00-04:00,18.3700008392334,18.40999984741211,17.959999084472656,18.010000228881836,613300,0.0,0.0
2010-10-26 00:00:00-04:00,17.829999923706055,18.219999313354492,17.700000762939453,17.989999771118164,629300,0.0,0.0
2010-10-27 00:00:00-04:00,17.5,17.5,16.979999542236328,17.3799991607666,693600,0.0,0.0
2010-10-28 00:00:00-04:00,17.5,17.6299991607666,17.18000030517578,17.489999771118164,675400,0.0,0.0
2010-10-29 00:00:00-04:00,17.3799991607666,17.719999313354492,17.270000457763672,17.549999237060547,292400,0.0,0.0
2010-11-01 00:00:00-04:00,17.690000534057617,18.040000915527344,17.360000610351562,17.540000915527344,262100,0.0,0.0
2010-11-02 00:00:00-04:00,17.799999237060547,17.950000762939453,17.709999084472656,17.850000381469727,329800,0.0,0.0
2010-11-03 00:00:00-04:00,17.84000015258789,18.0,17.56999969482422,17.989999771118164,334700,0.0,0.0
2010-11-04 00:00:00-04:00,18.1200008392334,18.299999237060547,17.920000076293945,18.030000686645508,518000,0.0,0.0
2010-11-05 00:00:00-04:00,18.0,18.06999969482422,17.809999465942383,18.010000228881836,289900,0.0,0.0
2010-11-08 00:00:00-05:00,17.969999313354492,18.020000457763672,17.690000534057617,17.90999984741211,294600,0.0,0.0
2010-11-09 00:00:00-05:00,17.920000076293945,17.979999542236328,17.530000686645508,17.59000015258789,162700,0.0,0.0
2010-11-10 00:00:00-05:00,17.579999923706055,17.860000610351562,17.3700008392334,17.81999969482422,307100,0.0,0.0
2010-11-11 00:00:00-05:00,17.6200008392334,17.6200008392334,17.329999923706055,17.40999984741211,200700,0.0,0.0
2010-11-12 00:00:00-05:00,17.209999084472656,17.43000030517578,17.0,17.06999969482422,268100,0.0,0.0
2010-11-15 00:00:00-05:00,17.1200008392334,17.270000457763672,17.0,17.030000686645508,242300,0.0,0.0
2010-11-16 00:00:00-05:00,16.829999923706055,17.020000457763672,16.389999389648438,16.540000915527344,307500,0.0,0.0
2010-11-17 00:00:00-05:00,16.579999923706055,16.790000915527344,16.399999618530273,16.579999923706055,185400,0.0,0.0
2010-11-18 00:00:00-05:00,16.809999465942383,17.56999969482422,16.809999465942383,17.520000457763672,514300,0.0,0.0
2010-11-19 00:00:00-05:00,17.450000762939453,17.450000762939453,17.100000381469727,17.15999984741211,269500,0.0,0.0
2010-11-22 00:00:00-05:00,17.020000457763672,17.329999923706055,16.889999389648438,17.25,242300,0.0,0.0
2010-11-23 00:00:00-05:00,16.780000686645508,16.969999313354492,16.600000381469727,16.8799991607666,271900,0.0,0.0
2010-11-24 00:00:00-05:00,17.059999465942383,17.600000381469727,17.059999465942383,17.489999771118164,179600,0.0,0.0
2010-11-26 00:00:00-05:00,17.309999465942383,17.610000610351562,17.020000457763672,17.420000076293945,62300,0.0,0.0
2010-11-29 00:00:00-05:00,17.229999542236328,17.540000915527344,16.850000381469727,17.459999084472656,374500,0.0,0.0
2010-11-30 00:00:00-05:00,17.219999313354492,17.31999969482422,16.969999313354492,17.030000686645508,452600,0.0,0.0
2010-12-01 00:00:00-05:00,17.3700008392334,17.899999618530273,17.18000030517578,17.899999618530273,685100,0.0,0.0
2010-12-02 00:00:00-05:00,17.889999389648438,18.790000915527344,17.889999389648438,18.34000015258789,688700,0.0,0.0
2010-12-03 00:00:00-05:00,18.139999389648438,18.459999084472656,18.110000610351562,18.399999618530273,210900,0.0,0.0
2010-12-06 00:00:00-05:00,18.31999969482422,18.530000686645508,18.170000076293945,18.40999984741211,235100,0.0,0.0
2010-12-07 00:00:00-05:00,18.59000015258789,18.739999771118164,18.399999618530273,18.5,338500,0.0,0.0
2010-12-08 00:00:00-05:00,18.579999923706055,18.739999771118164,18.399999618530273,18.56999969482422,207800,0.0,0.0
2010-12-09 00:00:00-05:00,18.690000534057617,18.690000534057617,18.3700008392334,18.639999389648438,271800,0.0,0.0
2010-12-10 00:00:00-05:00,18.639999389648438,18.639999389648438,18.049999237060547,18.260000228881836,437600,0.0,0.0
2010-12-13 00:00:00-05:00,18.299999237060547,18.299999237060547,17.6299991607666,17.799999237060547,406000,0.0,0.0
2010-12-14 00:00:00-05:00,17.889999389648438,18.1200008392334,17.739999771118164,18.020000457763672,268900,0.0,0.0
2010-12-15 00:00:00-05:00,17.940000534057617,18.31999969482422,17.739999771118164,17.989999771118164,351400,0.0,0.0
2010-12-16 00:00:00-05:00,17.969999313354492,18.149999618530273,17.920000076293945,18.030000686645508,356300,0.0,0.0
2010-12-17 00:00:00-05:00,18.06999969482422,18.100000381469727,17.709999084472656,17.979999542236328,856100,0.0,0.0
2010-12-20 00:00:00-05:00,17.90999984741211,18.079999923706055,17.790000915527344,17.809999465942383,238300,0.0,0.0
2010-12-21 00:00:00-05:00,17.8799991607666,18.170000076293945,17.780000686645508,18.139999389648438,202900,0.0,0.0
2010-12-22 00:00:00-05:00,18.170000076293945,18.229999542236328,17.920000076293945,18.149999618530273,192700,0.0,0.0
2010-12-23 00:00:00-05:00,18.149999618530273,18.229999542236328,17.950000762939453,18.170000076293945,171000,0.0,0.0
2010-12-27 00:00:00-05:00,18.06999969482422,18.15999984741211,17.850000381469727,18.059999465942383,143800,0.0,0.0
2010-12-28 00:00:00-05:00,18.059999465942383,18.059999465942383,17.700000762939453,17.75,199400,0.0,0.0
2010-12-29 00:00:00-05:00,17.81999969482422,17.860000610351562,17.540000915527344,17.760000228881836,151000,0.0,0.0
2010-12-30 00:00:00-05:00,17.719999313354492,17.920000076293945,17.649999618530273,17.709999084472656,260400,0.0,0.0
2010-12-31 00:00:00-05:00,17.65999984741211,17.65999984741211,17.149999618530273,17.149999618530273,272200,0.0,0.0
2011-01-03 00:00:00-05:00,17.360000610351562,17.770000457763672,17.360000610351562,17.6299991607666,330600,0.0,0.0
2011-01-04 00:00:00-05:00,17.739999771118164,17.739999771118164,17.110000610351562,17.309999465942383,317600,0.0,0.0
2011-01-05 00:00:00-05:00,17.25,17.56999969482422,17.0,17.549999237060547,291500,0.0,0.0
2011-01-06 00:00:00-05:00,17.540000915527344,17.6200008392334,17.15999984741211,17.229999542236328,390800,0.0,0.0
2011-01-07 00:00:00-05:00,17.290000915527344,17.290000915527344,16.690000534057617,17.1299991607666,443700,0.0,0.0
2011-01-10 00:00:00-05:00,16.989999771118164,17.1200008392334,16.84000015258789,16.959999084472656,506800,0.0,0.0
2011-01-11 00:00:00-05:00,17.020000457763672,17.420000076293945,17.020000457763672,17.40999984741211,574200,0.0,0.0
2011-01-12 00:00:00-05:00,17.549999237060547,17.799999237060547,17.450000762939453,17.670000076293945,279500,0.0,0.0
2011-01-13 00:00:00-05:00,17.6299991607666,17.829999923706055,17.56999969482422,17.799999237060547,237500,0.0,0.0
2011-01-14 00:00:00-05:00,17.729999542236328,18.15999984741211,17.649999618530273,18.15999984741211,321300,0.0,0.0
2011-01-18 00:00:00-05:00,18.049999237060547,18.59000015258789,17.940000534057617,18.559999465942383,599000,0.0,0.0
2011-01-19 00:00:00-05:00,18.510000228881836,18.829999923706055,17.93000030517578,18.030000686645508,381300,0.0,0.0
2011-01-20 00:00:00-05:00,17.8700008392334,18.1299991607666,17.829999923706055,18.0,260900,0.0,0.0
2011-01-21 00:00:00-05:00,18.1200008392334,18.260000228881836,17.90999984741211,17.93000030517578,291600,0.0,0.0
2011-01-24 00:00:00-05:00,17.90999984741211,18.239999771118164,17.8799991607666,18.020000457763672,214200,0.0,0.0
2011-01-25 00:00:00-05:00,17.959999084472656,17.989999771118164,17.209999084472656,17.6200008392334,516600,0.0,0.0
2011-01-26 00:00:00-05:00,17.0,17.3799991607666,15.920000076293945,17.190000534057617,2725000,0.0,0.0
2011-01-27 00:00:00-05:00,17.09000015258789,17.360000610351562,16.81999969482422,17.219999313354492,949100,0.0,0.0
2011-01-28 00:00:00-05:00,17.18000030517578,17.309999465942383,16.709999084472656,17.010000228881836,660400,0.0,0.0
2011-01-31 00:00:00-05:00,17.059999465942383,17.40999984741211,16.809999465942383,17.229999542236328,552600,0.0,0.0
2011-02-01 00:00:00-05:00,17.31999969482422,17.610000610351562,17.18000030517578,17.360000610351562,1756800,0.0,0.0
2011-02-02 00:00:00-05:00,17.270000457763672,17.719999313354492,17.209999084472656,17.559999465942383,665500,0.0,0.0
2011-02-03 00:00:00-05:00,17.459999084472656,17.649999618530273,17.149999618530273,17.530000686645508,425100,0.0,0.0
2011-02-04 00:00:00-05:00,17.540000915527344,17.549999237060547,17.010000228881836,17.25,391500,0.0,0.0
2011-02-07 00:00:00-05:00,17.190000534057617,17.81999969482422,17.149999618530273,17.6200008392334,422100,0.0,0.0
2011-02-08 00:00:00-05:00,17.6299991607666,17.6299991607666,17.170000076293945,17.440000534057617,316500,0.0,0.0
2011-02-09 00:00:00-05:00,17.31999969482422,17.440000534057617,17.010000228881836,17.170000076293945,294900,0.0,0.0
2011-02-10 00:00:00-05:00,17.09000015258789,17.31999969482422,17.059999465942383,17.1200008392334,269900,0.0,0.0
2011-02-11 00:00:00-05:00,17.010000228881836,17.6299991607666,16.940000534057617,17.59000015258789,372700,0.0,0.0
2011-02-14 00:00:00-05:00,17.670000076293945,17.81999969482422,17.43000030517578,17.81999969482422,405800,0.0,0.0
2011-02-15 00:00:00-05:00,17.239999771118164,18.059999465942383,17.239999771118164,18.010000228881836,744300,0.0,0.0
2011-02-16 00:00:00-05:00,18.040000915527344,18.040000915527344,17.690000534057617,17.690000534057617,383900,0.0,0.0
2011-02-17 00:00:00-05:00,17.68000030517578,17.920000076293945,17.510000228881836,17.809999465942383,189400,0.0,0.0
2011-02-18 00:00:00-05:00,17.90999984741211,17.90999984741211,17.440000534057617,17.56999969482422,326900,0.0,0.0
2011-02-22 00:00:00-05:00,17.350000381469727,17.479999542236328,17.100000381469727,17.149999618530273,464100,0.0,0.0
2011-02-23 00:00:00-05:00,17.100000381469727,17.100000381469727,16.6200008392334,16.670000076293945,555900,0.0,0.0
2011-02-24 00:00:00-05:00,16.649999618530273,16.690000534057617,16.290000915527344,16.549999237060547,509400,0.0,0.0
2011-02-25 00:00:00-05:00,16.610000610351562,17.229999542236328,16.479999542236328,17.1200008392334,320400,0.0,0.0
2011-02-28 00:00:00-05:00,17.200000762939453,17.299999237060547,16.899999618530273,17.139999389648438,283900,0.0,0.0
2011-03-01 00:00:00-05:00,17.170000076293945,17.25,16.549999237060547,16.56999969482422,496600,0.0,0.0
2011-03-02 00:00:00-05:00,16.489999771118164,16.670000076293945,16.139999389648438,16.350000381469727,353800,0.0,0.0
2011-03-03 00:00:00-05:00,16.540000915527344,17.010000228881836,16.459999084472656,16.8799991607666,217300,0.0,0.0
2011-03-04 00:00:00-05:00,16.860000610351562,16.860000610351562,16.25,16.43000030517578,248500,0.0,0.0
2011-03-07 00:00:00-05:00,16.479999542236328,16.5,15.899999618530273,16.209999084472656,315500,0.0,0.0
2011-03-08 00:00:00-05:00,16.18000030517578,17.280000686645508,15.920000076293945,17.190000534057617,461500,0.0,0.0
2011-03-09 00:00:00-05:00,17.200000762939453,17.200000762939453,16.899999618530273,16.93000030517578,198600,0.0,0.0
2011-03-10 00:00:00-05:00,16.6200008392334,16.8799991607666,16.260000228881836,16.360000610351562,362000,0.0,0.0
2011-03-11 00:00:00-05:00,16.299999237060547,16.3799991607666,16.040000915527344,16.25,234000,0.0,0.0
2011-03-14 00:00:00-04:00,16.049999237060547,16.309999465942383,15.949999809265137,16.110000610351562,179600,0.0,0.0
2011-03-15 00:00:00-04:00,15.59000015258789,16.040000915527344,15.390000343322754,15.930000305175781,260900,0.0,0.0
2011-03-16 00:00:00-04:00,15.899999618530273,16.09000015258789,15.720000267028809,15.890000343322754,367400,0.0,0.0
2011-03-17 00:00:00-04:00,16.209999084472656,16.219999313354492,15.890000343322754,15.899999618530273,239300,0.0,0.0
2011-03-18 00:00:00-04:00,16.059999465942383,16.940000534057617,16.059999465942383,16.90999984741211,624500,0.0,0.0
2011-03-21 00:00:00-04:00,17.1299991607666,17.469999313354492,17.100000381469727,17.190000534057617,323500,0.0,0.0
2011-03-22 00:00:00-04:00,17.190000534057617,17.200000762939453,16.84000015258789,16.940000534057617,140500,0.0,0.0
2011-03-23 00:00:00-04:00,16.8700008392334,17.010000228881836,16.479999542236328,16.65999984741211,388900,0.0,0.0
2011-03-24 00:00:00-04:00,16.790000915527344,17.209999084472656,16.670000076293945,17.190000534057617,187000,0.0,0.0
2011-03-25 00:00:00-04:00,17.280000686645508,17.700000762939453,17.09000015258789,17.25,247000,0.0,0.0
2011-03-28 00:00:00-04:00,17.25,17.389999389648438,17.1299991607666,17.25,170900,0.0,0.0
2011-03-29 00:00:00-04:00,17.25,17.469999313354492,17.059999465942383,17.459999084472656,274600,0.0,0.0
2011-03-30 00:00:00-04:00,15.109999656677246,15.149999618530273,12.579999923706055,13.5,10516100,0.0,0.0
2011-03-31 00:00:00-04:00,14.039999961853027,14.739999771118164,13.84000015258789,14.350000381469727,4396800,0.0,0.0
2011-04-01 00:00:00-04:00,14.149999618530273,14.920000076293945,14.050000190734863,14.670000076293945,1138700,0.0,0.0
2011-04-04 00:00:00-04:00,14.739999771118164,14.75,14.25,14.539999961853027,633000,0.0,0.0
2011-04-05 00:00:00-04:00,14.529999732971191,14.739999771118164,14.390000343322754,14.529999732971191,1110100,0.0,0.0
2011-04-06 00:00:00-04:00,14.619999885559082,14.869999885559082,14.529999732971191,14.829999923706055,424600,0.0,0.0
2011-04-07 00:00:00-04:00,14.869999885559082,15.40999984741211,14.829999923706055,15.15999984741211,815500,0.0,0.0
2011-04-08 00:00:00-04:00,15.270000457763672,15.270000457763672,14.869999885559082,14.890000343322754,579900,0.0,0.0
2011-04-11 00:00:00-04:00,14.869999885559082,15.229999542236328,14.869999885559082,15.039999961853027,380800,0.0,0.0
2011-04-12 00:00:00-04:00,14.949999809265137,15.029999732971191,14.640000343322754,14.779999732971191,427700,0.0,0.0
2011-04-13 00:00:00-04:00,14.859999656677246,15.0600004196167,14.680000305175781,14.829999923706055,596900,0.0,0.0
2011-04-14 00:00:00-04:00,14.710000038146973,14.789999961853027,14.4399995803833,14.699999809265137,695400,0.0,0.0
2011-04-15 00:00:00-04:00,14.619999885559082,15.0600004196167,14.619999885559082,14.890000343322754,387700,0.0,0.0
2011-04-18 00:00:00-04:00,14.600000381469727,14.65999984741211,14.25,14.3100004196167,723500,0.0,0.0
2011-04-19 00:00:00-04:00,14.329999923706055,14.460000038146973,14.050000190734863,14.270000457763672,1515900,0.0,0.0
2011-04-20 00:00:00-04:00,14.520000457763672,14.789999961853027,14.510000228881836,14.770000457763672,325300,0.0,0.0
2011-04-21 00:00:00-04:00,14.75,14.75,14.5,14.720000267028809,231200,0.0,0.0
2011-04-25 00:00:00-04:00,14.640000343322754,14.640000343322754,14.149999618530273,14.239999771118164,392800,0.0,0.0
2011-04-26 00:00:00-04:00,14.119999885559082,14.619999885559082,14.079999923706055,14.600000381469727,407000,0.0,0.0
2011-04-27 00:00:00-04:00,14.59000015258789,14.84000015258789,14.470000267028809,14.649999618530273,384700,0.0,0.0
2011-04-28 00:00:00-04:00,14.609999656677246,14.630000114440918,14.40999984741211,14.5,257000,0.0,0.0
2011-04-29 00:00:00-04:00,14.550000190734863,14.600000381469727,14.470000267028809,14.5600004196167,231000,0.0,0.0
2011-05-02 00:00:00-04:00,14.569999694824219,14.59000015258789,14.369999885559082,14.479999542236328,390400,0.0,0.0
2011-05-03 00:00:00-04:00,14.449999809265137,14.5600004196167,14.079999923706055,14.460000038146973,315400,0.0,0.0
2011-05-04 00:00:00-04:00,14.470000267028809,14.5,14.289999961853027,14.380000114440918,277300,0.0,0.0
2011-05-05 00:00:00-04:00,14.300000190734863,14.649999618530273,14.270000457763672,14.40999984741211,359200,0.0,0.0
2011-05-06 00:00:00-04:00,14.640000343322754,14.640000343322754,14.100000381469727,14.210000038146973,602500,0.0,0.0
2011-05-09 00:00:00-04:00,14.140000343322754,14.380000114440918,14.039999961853027,14.229999542236328,261000,0.0,0.0
2011-05-10 00:00:00-04:00,14.329999923706055,14.59000015258789,14.25,14.470000267028809,442000,0.0,0.0
2011-05-11 00:00:00-04:00,14.510000228881836,14.9399995803833,14.25,14.470000267028809,801500,0.0,0.0
2011-05-12 00:00:00-04:00,14.359999656677246,14.470000267028809,14.300000190734863,14.420000076293945,640000,0.0,0.0
2011-05-13 00:00:00-04:00,14.399999618530273,14.4399995803833,14.279999732971191,14.289999961853027,407100,0.0,0.0
2011-05-16 00:00:00-04:00,14.210000038146973,14.279999732971191,13.75,13.75,425800,0.0,0.0
2011-05-17 00:00:00-04:00,13.649999618530273,13.729999542236328,13.40999984741211,13.579999923706055,324300,0.0,0.0
2011-05-18 00:00:00-04:00,13.600000381469727,13.699999809265137,13.430000305175781,13.630000114440918,543300,0.0,0.0
2011-05-19 00:00:00-04:00,13.539999961853027,13.859999656677246,13.40999984741211,13.8100004196167,505500,0.0,0.0
2011-05-20 00:00:00-04:00,13.710000038146973,13.899999618530273,13.470000267028809,13.760000228881836,385000,0.0,0.0
2011-05-23 00:00:00-04:00,13.470000267028809,13.640000343322754,13.380000114440918,13.489999771118164,221000,0.0,0.0
2011-05-24 00:00:00-04:00,13.4399995803833,13.630000114440918,13.380000114440918,13.460000038146973,299900,0.0,0.0
2011-05-25 00:00:00-04:00,13.470000267028809,13.59000015258789,13.4399995803833,13.449999809265137,467500,0.0,0.0
2011-05-26 00:00:00-04:00,13.420000076293945,13.5600004196167,13.390000343322754,13.449999809265137,495000,0.0,0.0
2011-05-27 00:00:00-04:00,13.420000076293945,13.569999694824219,13.420000076293945,13.520000457763672,357300,0.0,0.0
2011-05-31 00:00:00-04:00,13.630000114440918,13.819999694824219,13.550000190734863,13.75,549700,0.0,0.0
2011-06-01 00:00:00-04:00,13.630000114440918,13.850000381469727,13.319999694824219,13.329999923706055,811500,0.0,0.0
2011-06-02 00:00:00-04:00,13.319999694824219,13.489999771118164,13.079999923706055,13.109999656677246,411500,0.0,0.0
2011-06-03 00:00:00-04:00,12.899999618530273,12.90999984741211,12.680000305175781,12.699999809265137,2069800,0.0,0.0
2011-06-06 00:00:00-04:00,12.649999618530273,12.859999656677246,12.390000343322754,12.40999984741211,590100,0.0,0.0
2011-06-07 00:00:00-04:00,12.5600004196167,12.75,12.399999618530273,12.59000015258789,666200,0.0,0.0
2011-06-08 00:00:00-04:00,12.529999732971191,12.699999809265137,12.460000038146973,12.5,403000,0.0,0.0
2011-06-09 00:00:00-04:00,12.59000015258789,12.59000015258789,12.420000076293945,12.4399995803833,470500,0.0,0.0
2011-06-10 00:00:00-04:00,12.350000381469727,12.479999542236328,12.029999732971191,12.039999961853027,699100,0.0,0.0
2011-06-13 00:00:00-04:00,12.079999923706055,12.199999809265137,11.729999542236328,11.739999771118164,1813800,0.0,0.0
2011-06-14 00:00:00-04:00,11.90999984741211,12.109999656677246,11.890000343322754,12.079999923706055,657600,0.0,0.0
2011-06-15 00:00:00-04:00,11.9399995803833,12.079999923706055,11.899999618530273,11.949999809265137,469300,0.0,0.0
2011-06-16 00:00:00-04:00,11.930000305175781,12.09000015258789,11.869999885559082,12.020000457763672,465800,0.0,0.0
2011-06-17 00:00:00-04:00,12.0,12.260000228881836,11.930000305175781,12.100000381469727,1054600,0.0,0.0
2011-06-20 00:00:00-04:00,12.010000228881836,12.319999694824219,11.979999542236328,12.210000038146973,462400,0.0,0.0
2011-06-21 00:00:00-04:00,12.319999694824219,12.569999694824219,12.170000076293945,12.539999961853027,374700,0.0,0.0
2011-06-22 00:00:00-04:00,12.420000076293945,12.609999656677246,12.210000038146973,12.220000267028809,353300,0.0,0.0
2011-06-23 00:00:00-04:00,12.050000190734863,12.260000228881836,11.84000015258789,12.1899995803833,331700,0.0,0.0
2011-06-24 00:00:00-04:00,12.180000305175781,12.260000228881836,11.899999618530273,12.020000457763672,4771000,0.0,0.0
2011-06-27 00:00:00-04:00,12.050000190734863,12.489999771118164,11.699999809265137,12.449999809265137,529800,0.0,0.0
2011-06-28 00:00:00-04:00,12.449999809265137,12.789999961853027,12.420000076293945,12.779999732971191,388600,0.0,0.0
2011-06-29 00:00:00-04:00,12.869999885559082,12.890000343322754,12.699999809265137,12.819999694824219,283300,0.0,0.0
2011-06-30 00:00:00-04:00,12.850000381469727,13.180000305175781,12.779999732971191,13.109999656677246,348000,0.0,0.0
2011-07-01 00:00:00-04:00,13.15999984741211,13.210000038146973,12.880000114440918,13.109999656677246,480000,0.0,0.0
2011-07-05 00:00:00-04:00,13.119999885559082,13.1899995803833,12.779999732971191,12.90999984741211,284200,0.0,0.0
2011-07-06 00:00:00-04:00,12.869999885559082,13.0,12.8100004196167,13.0,302200,0.0,0.0
2011-07-07 00:00:00-04:00,13.109999656677246,13.180000305175781,12.9399995803833,13.0600004196167,437800,0.0,0.0
2011-07-08 00:00:00-04:00,12.829999923706055,13.050000190734863,12.75,12.850000381469727,312800,0.0,0.0
2011-07-11 00:00:00-04:00,12.640000343322754,12.819999694824219,12.5600004196167,12.600000381469727,255200,0.0,0.0
2011-07-12 00:00:00-04:00,12.5600004196167,12.84000015258789,12.420000076293945,12.739999771118164,461900,0.0,0.0
2011-07-13 00:00:00-04:00,12.770000457763672,13.039999961853027,12.640000343322754,12.699999809265137,397000,0.0,0.0
2011-07-14 00:00:00-04:00,12.779999732971191,12.84000015258789,12.489999771118164,12.510000228881836,406900,0.0,0.0
2011-07-15 00:00:00-04:00,12.529999732971191,12.75,12.170000076293945,12.300000190734863,321500,0.0,0.0
2011-07-18 00:00:00-04:00,12.239999771118164,12.239999771118164,11.739999771118164,11.75,647000,0.0,0.0
2011-07-19 00:00:00-04:00,11.800000190734863,12.130000114440918,11.739999771118164,12.0,410800,0.0,0.0
2011-07-20 00:00:00-04:00,11.960000038146973,12.119999885559082,11.890000343322754,12.079999923706055,258900,0.0,0.0
2011-07-21 00:00:00-04:00,12.119999885559082,12.260000228881836,11.989999771118164,12.170000076293945,481300,0.0,0.0
2011-07-22 00:00:00-04:00,12.1899995803833,12.369999885559082,12.100000381469727,12.289999961853027,191200,0.0,0.0
2011-07-25 00:00:00-04:00,12.109999656677246,12.40999984741211,11.970000267028809,12.010000228881836,213900,0.0,0.0
2011-07-26 00:00:00-04:00,11.970000267028809,12.050000190734863,11.789999961853027,11.84000015258789,392600,0.0,0.0
2011-07-27 00:00:00-04:00,12.850000381469727,14.0,12.729999542236328,13.979999542236328,1456400,0.0,0.0
2011-07-28 00:00:00-04:00,13.930000305175781,14.369999885559082,13.859999656677246,13.930000305175781,987500,0.0,0.0
2011-07-29 00:00:00-04:00,13.979999542236328,14.010000228881836,13.470000267028809,13.739999771118164,613500,0.0,0.0
2011-08-01 00:00:00-04:00,13.84000015258789,13.850000381469727,13.390000343322754,13.619999885559082,635400,0.0,0.0
2011-08-02 00:00:00-04:00,13.5,13.649999618530273,12.989999771118164,13.010000228881836,457600,0.0,0.0
2011-08-03 00:00:00-04:00,13.0,13.289999961853027,12.75,13.199999809265137,410800,0.0,0.0
2011-08-04 00:00:00-04:00,12.970000267028809,12.989999771118164,12.140000343322754,12.140000343322754,485000,0.0,0.0
2011-08-05 00:00:00-04:00,12.270000457763672,12.670000076293945,11.979999542236328,12.180000305175781,829800,0.0,0.0
2011-08-08 00:00:00-04:00,11.880000114440918,12.300000190734863,11.039999961853027,11.220000267028809,1622700,0.0,0.0
2011-08-09 00:00:00-04:00,11.470000267028809,11.5600004196167,10.449999809265137,11.319999694824219,1436700,0.0,0.0
2011-08-10 00:00:00-04:00,10.970000267028809,11.069999694824219,10.1899995803833,10.220000267028809,592500,0.0,0.0
2011-08-11 00:00:00-04:00,10.300000190734863,10.729999542236328,10.239999771118164,10.520000457763672,879700,0.0,0.0
2011-08-12 00:00:00-04:00,10.600000381469727,10.760000228881836,10.40999984741211,10.59000015258789,499100,0.0,0.0
2011-08-15 00:00:00-04:00,10.710000038146973,10.869999885559082,10.550000190734863,10.869999885559082,628000,0.0,0.0
2011-08-16 00:00:00-04:00,10.760000228881836,10.850000381469727,10.579999923706055,10.829999923706055,818800,0.0,0.0
2011-08-17 00:00:00-04:00,10.890000343322754,10.960000038146973,10.430000305175781,10.539999961853027,591800,0.0,0.0
2011-08-18 00:00:00-04:00,10.210000038146973,10.279999732971191,9.369999885559082,9.460000038146973,859300,0.0,0.0
2011-08-19 00:00:00-04:00,9.3100004196167,9.630000114440918,9.210000038146973,9.399999618530273,825600,0.0,0.0
2011-08-22 00:00:00-04:00,9.6899995803833,9.6899995803833,8.9399995803833,9.149999618530273,1153900,0.0,0.0
2011-08-23 00:00:00-04:00,9.1899995803833,9.550000190734863,9.069999694824219,9.550000190734863,731700,0.0,0.0
2011-08-24 00:00:00-04:00,9.550000190734863,9.859999656677246,9.390000343322754,9.670000076293945,626600,0.0,0.0
2011-08-25 00:00:00-04:00,9.739999771118164,9.779999732971191,9.180000305175781,9.210000038146973,694500,0.0,0.0
2011-08-26 00:00:00-04:00,9.119999885559082,9.760000228881836,9.050000190734863,9.739999771118164,1223600,0.0,0.0
2011-08-29 00:00:00-04:00,9.850000381469727,10.5,9.84000015258789,10.489999771118164,777200,0.0,0.0
2011-08-30 00:00:00-04:00,10.40999984741211,10.6899995803833,10.229999542236328,10.579999923706055,483200,0.0,0.0
2011-08-31 00:00:00-04:00,10.770000457763672,11.289999961853027,10.729999542236328,10.970000267028809,837700,0.0,0.0
2011-09-01 00:00:00-04:00,11.029999732971191,11.170000076293945,10.520000457763672,10.520000457763672,670100,0.0,0.0
2011-09-02 00:00:00-04:00,10.300000190734863,10.600000381469727,10.069999694824219,10.140000343322754,624000,0.0,0.0
2011-09-06 00:00:00-04:00,9.800000190734863,9.9399995803833,9.640000343322754,9.850000381469727,723800,0.0,0.0
2011-09-07 00:00:00-04:00,10.069999694824219,10.529999732971191,9.90999984741211,10.399999618530273,646400,0.0,0.0
2011-09-08 00:00:00-04:00,10.300000190734863,10.399999618530273,10.15999984741211,10.229999542236328,868200,0.0,0.0
2011-09-09 00:00:00-04:00,10.140000343322754,10.260000228881836,9.890000343322754,10.050000190734863,860700,0.0,0.0
2011-09-12 00:00:00-04:00,9.869999885559082,10.130000114440918,9.779999732971191,10.119999885559082,478600,0.0,0.0
2011-09-13 00:00:00-04:00,10.119999885559082,10.609999656677246,10.100000381469727,10.539999961853027,741800,0.0,0.0
2011-09-14 00:00:00-04:00,10.670000076293945,11.199999809265137,10.4399995803833,11.0,732500,0.0,0.0
2011-09-15 00:00:00-04:00,11.149999618530273,11.279999732971191,10.850000381469727,10.960000038146973,731000,0.0,0.0
2011-09-16 00:00:00-04:00,11.0600004196167,11.09000015258789,10.800000190734863,10.869999885559082,1258300,0.0,0.0
2011-09-19 00:00:00-04:00,10.619999885559082,10.649999618530273,10.220000267028809,10.430000305175781,1152600,0.0,0.0
2011-09-20 00:00:00-04:00,10.479999542236328,10.890000343322754,10.350000381469727,10.5,1638900,0.0,0.0
2011-09-21 00:00:00-04:00,10.460000038146973,10.720000267028809,10.140000343322754,10.15999984741211,487400,0.0,0.0
2011-09-22 00:00:00-04:00,9.819999694824219,10.109999656677246,9.470000267028809,9.670000076293945,859800,0.0,0.0
2011-09-23 00:00:00-04:00,9.670000076293945,10.329999923706055,9.619999885559082,10.3100004196167,576400,0.0,0.0
2011-09-26 00:00:00-04:00,9.630000114440918,10.550000190734863,9.630000114440918,10.529999732971191,779300,0.0,0.0
2011-09-27 00:00:00-04:00,10.75,11.199999809265137,10.569999694824219,10.90999984741211,931400,0.0,0.0
2011-09-28 00:00:00-04:00,10.949999809265137,11.300000190734863,10.670000076293945,10.670000076293945,864600,0.0,0.0
2011-09-29 00:00:00-04:00,10.989999771118164,11.100000381469727,10.600000381469727,10.970000267028809,562900,0.0,0.0
2011-09-30 00:00:00-04:00,10.739999771118164,10.949999809265137,10.609999656677246,10.640000343322754,702400,0.0,0.0
2011-10-03 00:00:00-04:00,10.529999732971191,10.630000114440918,9.510000228881836,9.510000228881836,554700,0.0,0.0
2011-10-04 00:00:00-04:00,9.3100004196167,10.529999732971191,9.300000190734863,10.420000076293945,1004100,0.0,0.0
2011-10-05 00:00:00-04:00,10.430000305175781,10.670000076293945,10.270000457763672,10.550000190734863,442500,0.0,0.0
2011-10-06 00:00:00-04:00,10.510000228881836,11.029999732971191,10.479999542236328,11.010000228881836,485800,0.0,0.0
2011-10-07 00:00:00-04:00,11.069999694824219,11.199999809265137,10.729999542236328,10.770000457763672,423500,0.0,0.0
2011-10-10 00:00:00-04:00,11.0,11.4399995803833,10.84000015258789,11.390000343322754,405900,0.0,0.0
2011-10-11 00:00:00-04:00,11.270000457763672,11.670000076293945,11.210000038146973,11.600000381469727,433200,0.0,0.0
2011-10-12 00:00:00-04:00,11.739999771118164,11.850000381469727,11.569999694824219,11.720000267028809,396100,0.0,0.0
2011-10-13 00:00:00-04:00,11.640000343322754,11.65999984741211,11.319999694824219,11.5,263300,0.0,0.0
2011-10-14 00:00:00-04:00,11.640000343322754,11.84000015258789,11.4399995803833,11.84000015258789,390800,0.0,0.0
2011-10-17 00:00:00-04:00,11.710000038146973,11.800000190734863,10.899999618530273,10.979999542236328,505100,0.0,0.0
2011-10-18 00:00:00-04:00,11.020000457763672,11.729999542236328,10.9399995803833,11.640000343322754,763600,0.0,0.0
2011-10-19 00:00:00-04:00,11.630000114440918,11.720000267028809,11.220000267028809,11.270000457763672,425200,0.0,0.0
2011-10-20 00:00:00-04:00,11.3100004196167,11.3100004196167,10.920000076293945,11.260000228881836,286400,0.0,0.0
2011-10-21 00:00:00-04:00,11.5600004196167,11.579999923706055,11.270000457763672,11.489999771118164,372800,0.0,0.0
2011-10-24 00:00:00-04:00,11.510000228881836,12.100000381469727,11.34000015258789,12.039999961853027,654100,0.0,0.0
2011-10-25 00:00:00-04:00,11.920000076293945,11.920000076293945,11.550000190734863,11.630000114440918,421600,0.0,0.0
2011-10-26 00:00:00-04:00,11.9399995803833,12.5600004196167,11.630000114440918,12.449999809265137,748000,0.0,0.0
2011-10-27 00:00:00-04:00,12.729999542236328,14.0,12.680000305175781,13.859999656677246,1163400,0.0,0.0
2011-10-28 00:00:00-04:00,13.760000228881836,14.329999923706055,13.720000267028809,13.899999618530273,647200,0.0,0.0
2011-10-31 00:00:00-04:00,13.6899995803833,13.720000267028809,13.140000343322754,13.1899995803833,704300,0.0,0.0
2011-11-01 00:00:00-04:00,12.649999618530273,12.90999984741211,12.170000076293945,12.40999984741211,816300,0.0,0.0
2011-11-02 00:00:00-04:00,12.649999618530273,12.970000267028809,12.430000305175781,12.9399995803833,478100,0.0,0.0
2011-11-03 00:00:00-04:00,13.170000076293945,13.369999885559082,12.850000381469727,13.289999961853027,523100,0.0,0.0
2011-11-04 00:00:00-04:00,13.149999618530273,13.239999771118164,12.899999618530273,13.180000305175781,327400,0.0,0.0
2011-11-07 00:00:00-05:00,13.149999618530273,13.199999809265137,12.6899995803833,13.09000015258789,322200,0.0,0.0
2011-11-08 00:00:00-05:00,13.220000267028809,13.229999542236328,12.739999771118164,13.15999984741211,495000,0.0,0.0
2011-11-09 00:00:00-05:00,12.729999542236328,12.869999885559082,12.40999984741211,12.4399995803833,475700,0.0,0.0
2011-11-10 00:00:00-05:00,12.680000305175781,12.930000305175781,12.4399995803833,12.770000457763672,330200,0.0,0.0
2011-11-11 00:00:00-05:00,12.949999809265137,13.3100004196167,12.949999809265137,13.170000076293945,371900,0.0,0.0
2011-11-14 00:00:00-05:00,13.09000015258789,13.239999771118164,12.819999694824219,12.970000267028809,312600,0.0,0.0
2011-11-15 00:00:00-05:00,12.9399995803833,13.420000076293945,12.890000343322754,13.260000228881836,421500,0.0,0.0
2011-11-16 00:00:00-05:00,13.149999618530273,13.489999771118164,12.75,12.789999961853027,372400,0.0,0.0
2011-11-17 00:00:00-05:00,12.75,13.079999923706055,12.640000343322754,12.8100004196167,423200,0.0,0.0
2011-11-18 00:00:00-05:00,12.819999694824219,12.819999694824219,12.449999809265137,12.529999732971191,360100,0.0,0.0
2011-11-21 00:00:00-05:00,12.270000457763672,12.399999618530273,12.010000228881836,12.15999984741211,406200,0.0,0.0
2011-11-22 00:00:00-05:00,12.140000343322754,12.239999771118164,11.789999961853027,11.989999771118164,313500,0.0,0.0
2011-11-23 00:00:00-05:00,11.899999618530273,11.899999618530273,11.3100004196167,11.34000015258789,290000,0.0,0.0
2011-11-25 00:00:00-05:00,11.270000457763672,11.489999771118164,11.180000305175781,11.199999809265137,153200,0.0,0.0
2011-11-28 00:00:00-05:00,11.670000076293945,11.9399995803833,10.949999809265137,11.899999618530273,362100,0.0,0.0
2011-11-29 00:00:00-05:00,11.930000305175781,11.949999809265137,11.65999984741211,11.699999809265137,205400,0.0,0.0
2011-11-30 00:00:00-05:00,12.3100004196167,12.460000038146973,12.109999656677246,12.4399995803833,794600,0.0,0.0
2011-12-01 00:00:00-05:00,12.359999656677246,12.890000343322754,12.319999694824219,12.630000114440918,369100,0.0,0.0
2011-12-02 00:00:00-05:00,12.84000015258789,12.920000076293945,12.609999656677246,12.65999984741211,238500,0.0,0.0
2011-12-05 00:00:00-05:00,12.930000305175781,13.170000076293945,12.899999618530273,13.079999923706055,441600,0.0,0.0
2011-12-06 00:00:00-05:00,13.100000381469727,13.109999656677246,12.75,12.920000076293945,324100,0.0,0.0
2011-12-07 00:00:00-05:00,12.819999694824219,12.9399995803833,12.359999656677246,12.869999885559082,362200,0.0,0.0
2011-12-08 00:00:00-05:00,12.710000038146973,12.720000267028809,12.119999885559082,12.119999885559082,375500,0.0,0.0
2011-12-09 00:00:00-05:00,12.180000305175781,12.789999961853027,12.100000381469727,12.710000038146973,541100,0.0,0.0
2011-12-12 00:00:00-05:00,12.510000228881836,12.630000114440918,12.25,12.579999923706055,374900,0.0,0.0
2011-12-13 00:00:00-05:00,12.729999542236328,12.90999984741211,12.270000457763672,12.319999694824219,403500,0.0,0.0
2011-12-14 00:00:00-05:00,12.180000305175781,12.300000190734863,11.90999984741211,12.010000228881836,377800,0.0,0.0
2011-12-15 00:00:00-05:00,12.199999809265137,12.3100004196167,12.069999694824219,12.130000114440918,610300,0.0,0.0
2011-12-16 00:00:00-05:00,12.1899995803833,12.680000305175781,12.069999694824219,12.210000038146973,1148000,0.0,0.0
2011-12-19 00:00:00-05:00,12.319999694824219,12.4399995803833,11.75,11.770000457763672,474800,0.0,0.0
2011-12-20 00:00:00-05:00,12.09000015258789,12.399999618530273,12.069999694824219,12.359999656677246,460800,0.0,0.0
2011-12-21 00:00:00-05:00,12.359999656677246,12.420000076293945,12.020000457763672,12.390000343322754,268800,0.0,0.0
2011-12-22 00:00:00-05:00,12.40999984741211,12.649999618530273,12.359999656677246,12.539999961853027,244700,0.0,0.0
2011-12-23 00:00:00-05:00,12.5600004196167,12.739999771118164,12.479999542236328,12.680000305175781,120000,0.0,0.0
2011-12-27 00:00:00-05:00,12.609999656677246,12.739999771118164,12.390000343322754,12.489999771118164,229300,0.0,0.0
2011-12-28 00:00:00-05:00,12.5,12.65999984741211,11.970000267028809,11.989999771118164,308100,0.0,0.0
2011-12-29 00:00:00-05:00,12.0600004196167,12.40999984741211,11.9399995803833,12.300000190734863,292000,0.0,0.0
2011-12-30 00:00:00-05:00,12.279999732971191,12.350000381469727,12.1899995803833,12.210000038146973,351600,0.0,0.0
2012-01-03 00:00:00-05:00,12.600000381469727,12.850000381469727,12.420000076293945,12.460000038146973,298300,0.0,0.0
2012-01-04 00:00:00-05:00,12.399999618530273,12.510000228881836,12.140000343322754,12.40999984741211,260900,0.0,0.0
2012-01-05 00:00:00-05:00,12.329999923706055,12.699999809265137,12.039999961853027,12.390000343322754,244100,0.0,0.0
2012-01-06 00:00:00-05:00,12.359999656677246,12.460000038146973,12.140000343322754,12.329999923706055,269300,0.0,0.0
2012-01-09 00:00:00-05:00,12.399999618530273,12.420000076293945,12.119999885559082,12.180000305175781,357400,0.0,0.0
2012-01-10 00:00:00-05:00,12.380000114440918,12.720000267028809,12.149999618530273,12.630000114440918,286700,0.0,0.0
2012-01-11 00:00:00-05:00,12.569999694824219,12.850000381469727,12.4399995803833,12.819999694824219,148000,0.0,0.0
2012-01-12 00:00:00-05:00,12.869999885559082,13.1899995803833,12.710000038146973,13.180000305175781,195700,0.0,0.0
2012-01-13 00:00:00-05:00,12.949999809265137,13.449999809265137,12.8100004196167,13.399999618530273,1466500,0.0,0.0
2012-01-17 00:00:00-05:00,13.550000190734863,13.619999885559082,13.180000305175781,13.1899995803833,227500,0.0,0.0
2012-01-18 00:00:00-05:00,13.210000038146973,13.539999961853027,13.109999656677246,13.319999694824219,416500,0.0,0.0
2012-01-19 00:00:00-05:00,13.369999885559082,13.6899995803833,13.369999885559082,13.619999885559082,231600,0.0,0.0
2012-01-20 00:00:00-05:00,13.569999694824219,13.869999885559082,13.520000457763672,13.829999923706055,186500,0.0,0.0
2012-01-23 00:00:00-05:00,13.800000190734863,13.949999809265137,13.5,13.760000228881836,142300,0.0,0.0
2012-01-24 00:00:00-05:00,13.670000076293945,13.920000076293945,13.510000228881836,13.800000190734863,228200,0.0,0.0
2012-01-25 00:00:00-05:00,13.789999961853027,13.84000015258789,13.550000190734863,13.779999732971191,391900,0.0,0.0
2012-01-26 00:00:00-05:00,13.869999885559082,13.869999885559082,13.569999694824219,13.770000457763672,308100,0.0,0.0
2012-01-27 00:00:00-05:00,13.670000076293945,13.84000015258789,13.550000190734863,13.829999923706055,240100,0.0,0.0
2012-01-30 00:00:00-05:00,13.670000076293945,13.800000190734863,13.470000267028809,13.520000457763672,198800,0.0,0.0
2012-01-31 00:00:00-05:00,13.649999618530273,13.899999618530273,13.25,13.720000267028809,439900,0.0,0.0
2012-02-01 00:00:00-05:00,13.270000457763672,13.859999656677246,12.84000015258789,13.75,893600,0.0,0.0
2012-02-02 00:00:00-05:00,13.739999771118164,13.789999961853027,13.479999542236328,13.75,546700,0.0,0.0
2012-02-03 00:00:00-05:00,14.010000228881836,14.050000190734863,13.720000267028809,13.760000228881836,611800,0.0,0.0
2012-02-06 00:00:00-05:00,13.6899995803833,13.829999923706055,13.630000114440918,13.680000305175781,204400,0.0,0.0
2012-02-07 00:00:00-05:00,13.619999885559082,13.75,13.510000228881836,13.5600004196167,268200,0.0,0.0
2012-02-08 00:00:00-05:00,13.5600004196167,13.720000267028809,13.369999885559082,13.550000190734863,375900,0.0,0.0
2012-02-09 00:00:00-05:00,13.619999885559082,13.8100004196167,13.510000228881836,13.6899995803833,283700,0.0,0.0
2012-02-10 00:00:00-05:00,13.470000267028809,13.720000267028809,13.350000381469727,13.5600004196167,285700,0.0,0.0
2012-02-13 00:00:00-05:00,13.75,13.920000076293945,13.640000343322754,13.710000038146973,384200,0.0,0.0
2012-02-14 00:00:00-05:00,13.470000267028809,13.930000305175781,13.470000267028809,13.920000076293945,271400,0.0,0.0
2012-02-15 00:00:00-05:00,14.0,14.050000190734863,13.619999885559082,13.670000076293945,396500,0.0,0.0
2012-02-16 00:00:00-05:00,13.699999809265137,14.260000228881836,13.680000305175781,14.220000267028809,256200,0.0,0.0
2012-02-17 00:00:00-05:00,14.319999694824219,14.34000015258789,14.0,14.0600004196167,458700,0.0,0.0
2012-02-21 00:00:00-05:00,14.0600004196167,14.130000114440918,13.890000343322754,14.0,227800,0.0,0.0
2012-02-22 00:00:00-05:00,13.949999809265137,14.119999885559082,13.850000381469727,13.949999809265137,301900,0.0,0.0
2012-02-23 00:00:00-05:00,13.9399995803833,14.140000343322754,13.800000190734863,14.109999656677246,393500,0.0,0.0
2012-02-24 00:00:00-05:00,14.109999656677246,14.229999542236328,13.979999542236328,14.079999923706055,184900,0.0,0.0
2012-02-27 00:00:00-05:00,13.899999618530273,14.229999542236328,13.770000457763672,14.109999656677246,300300,0.0,0.0
2012-02-28 00:00:00-05:00,14.079999923706055,14.210000038146973,13.869999885559082,14.149999618530273,225100,0.0,0.0
2012-02-29 00:00:00-05:00,14.210000038146973,14.25,13.960000038146973,14.039999961853027,612200,0.0,0.0
2012-03-01 00:00:00-05:00,14.130000114440918,14.220000267028809,13.989999771118164,14.050000190734863,277500,0.0,0.0
2012-03-02 00:00:00-05:00,14.050000190734863,14.149999618530273,13.930000305175781,14.050000190734863,444000,0.0,0.0
2012-03-05 00:00:00-05:00,13.960000038146973,14.050000190734863,13.859999656677246,13.9399995803833,327600,0.0,0.0
2012-03-06 00:00:00-05:00,13.739999771118164,13.890000343322754,13.6899995803833,13.720000267028809,422600,0.0,0.0
2012-03-07 00:00:00-05:00,13.8100004196167,13.890000343322754,13.710000038146973,13.84000015258789,302800,0.0,0.0
2012-03-08 00:00:00-05:00,13.989999771118164,14.3100004196167,13.850000381469727,14.109999656677246,269900,0.0,0.0
2012-03-09 00:00:00-05:00,14.09000015258789,14.430000305175781,14.09000015258789,14.369999885559082,428700,0.0,0.0
2012-03-12 00:00:00-04:00,14.329999923706055,14.420000076293945,14.220000267028809,14.369999885559082,193400,0.0,0.0
2012-03-13 00:00:00-04:00,14.5600004196167,14.859999656677246,14.460000038146973,14.850000381469727,301100,0.0,0.0
2012-03-14 00:00:00-04:00,14.789999961853027,14.8100004196167,14.569999694824219,14.65999984741211,198400,0.0,0.0
2012-03-15 00:00:00-04:00,14.65999984741211,14.869999885559082,14.5,14.859999656677246,216800,0.0,0.0
2012-03-16 00:00:00-04:00,14.899999618530273,14.899999618530273,14.5600004196167,14.649999618530273,385300,0.0,0.0
2012-03-19 00:00:00-04:00,14.609999656677246,14.800000190734863,14.520000457763672,14.729999542236328,431600,0.0,0.0
2012-03-20 00:00:00-04:00,14.59000015258789,14.779999732971191,14.59000015258789,14.6899995803833,200300,0.0,0.0
2012-03-21 00:00:00-04:00,14.729999542236328,14.770000457763672,14.59000015258789,14.609999656677246,243800,0.0,0.0
2012-03-22 00:00:00-04:00,14.4399995803833,14.5,14.149999618530273,14.4399995803833,369000,0.0,0.0
2012-03-23 00:00:00-04:00,14.399999618530273,14.460000038146973,14.199999809265137,14.449999809265137,344000,0.0,0.0
2012-03-26 00:00:00-04:00,14.630000114440918,14.8100004196167,14.390000343322754,14.800000190734863,331500,0.0,0.0
2012-03-27 00:00:00-04:00,14.779999732971191,14.920000076293945,14.619999885559082,14.619999885559082,305600,0.0,0.0
2012-03-28 00:00:00-04:00,14.609999656677246,14.8100004196167,14.520000457763672,14.5600004196167,273500,0.0,0.0
2012-03-29 00:00:00-04:00,14.390000343322754,14.649999618530273,14.380000114440918,14.59000015258789,313000,0.0,0.0
2012-03-30 00:00:00-04:00,14.760000228881836,14.8100004196167,14.569999694824219,14.680000305175781,342600,0.0,0.0
2012-04-02 00:00:00-04:00,14.59000015258789,14.779999732971191,14.430000305175781,14.579999923706055,316400,0.0,0.0
2012-04-03 00:00:00-04:00,14.5600004196167,14.729999542236328,14.359999656677246,14.510000228881836,244800,0.0,0.0
2012-04-04 00:00:00-04:00,14.319999694824219,14.329999923706055,14.020000457763672,14.199999809265137,204800,0.0,0.0
2012-04-05 00:00:00-04:00,14.140000343322754,14.25,13.920000076293945,14.079999923706055,140300,0.0,0.0
2012-04-09 00:00:00-04:00,13.789999961853027,14.050000190734863,13.779999732971191,13.949999809265137,573400,0.0,0.0
2012-04-10 00:00:00-04:00,13.960000038146973,14.020000457763672,13.699999809265137,13.75,411100,0.0,0.0
2012-04-11 00:00:00-04:00,13.90999984741211,13.960000038146973,13.75,13.930000305175781,308200,0.0,0.0
2012-04-12 00:00:00-04:00,13.979999542236328,14.1899995803833,13.949999809265137,14.130000114440918,248700,0.0,0.0
2012-04-13 00:00:00-04:00,14.029999732971191,14.079999923706055,13.779999732971191,13.789999961853027,248100,0.0,0.0
2012-04-16 00:00:00-04:00,13.869999885559082,14.09000015258789,13.670000076293945,13.920000076293945,296800,0.0,0.0
2012-04-17 00:00:00-04:00,14.0600004196167,14.300000190734863,14.0600004196167,14.199999809265137,333600,0.0,0.0
2012-04-18 00:00:00-04:00,14.079999923706055,14.149999618530273,13.960000038146973,13.989999771118164,200500,0.0,0.0
2012-04-19 00:00:00-04:00,13.949999809265137,14.079999923706055,13.630000114440918,13.770000457763672,205800,0.0,0.0
2012-04-20 00:00:00-04:00,14.180000305175781,14.1899995803833,13.890000343322754,14.029999732971191,390400,0.0,0.0
2012-04-23 00:00:00-04:00,13.739999771118164,13.84000015258789,13.59000015258789,13.699999809265137,406600,0.0,0.0
2012-04-24 00:00:00-04:00,13.6899995803833,13.800000190734863,13.619999885559082,13.760000228881836,219700,0.0,0.0
2012-04-25 00:00:00-04:00,14.0,14.130000114440918,13.960000038146973,14.039999961853027,369800,0.0,0.0
2012-04-26 00:00:00-04:00,13.960000038146973,14.140000343322754,13.960000038146973,14.109999656677246,192600,0.0,0.0
2012-04-27 00:00:00-04:00,14.180000305175781,14.270000457763672,13.979999542236328,14.1899995803833,265500,0.0,0.0
2012-04-30 00:00:00-04:00,14.149999618530273,14.210000038146973,13.710000038146973,13.729999542236328,290000,0.0,0.0
2012-05-01 00:00:00-04:00,13.600000381469727,14.0,13.600000381469727,13.630000114440918,246000,0.0,0.0
2012-05-02 00:00:00-04:00,13.5,14.0600004196167,13.470000267028809,13.859999656677246,372400,0.0,0.0
2012-05-03 00:00:00-04:00,13.829999923706055,14.079999923706055,13.550000190734863,13.59000015258789,224600,0.0,0.0
2012-05-04 00:00:00-04:00,13.489999771118164,13.619999885559082,13.069999694824219,13.109999656677246,248100,0.0,0.0
2012-05-07 00:00:00-04:00,13.0,13.119999885559082,12.859999656677246,12.899999618530273,298000,0.0,0.0
2012-05-08 00:00:00-04:00,12.760000228881836,13.020000457763672,12.65999984741211,13.010000228881836,285200,0.0,0.0
2012-05-09 00:00:00-04:00,12.8100004196167,13.029999732971191,12.75,12.930000305175781,182000,0.0,0.0
2012-05-10 00:00:00-04:00,13.039999961853027,13.300000190734863,12.899999618530273,13.15999984741211,321000,0.0,0.0
2012-05-11 00:00:00-04:00,13.020000457763672,13.229999542236328,12.970000267028809,13.020000457763672,247400,0.0,0.0
2012-05-14 00:00:00-04:00,12.84000015258789,13.34000015258789,12.75,13.050000190734863,275800,0.0,0.0
2012-05-15 00:00:00-04:00,13.15999984741211,13.829999923706055,13.15999984741211,13.460000038146973,526000,0.0,0.0
2012-05-16 00:00:00-04:00,13.59000015258789,13.850000381469727,13.4399995803833,13.729999542236328,626300,0.0,0.0
2012-05-17 00:00:00-04:00,13.399999618530273,13.609999656677246,13.199999809265137,13.210000038146973,466100,0.0,0.0
2012-05-18 00:00:00-04:00,13.170000076293945,13.420000076293945,13.029999732971191,13.140000343322754,471800,0.0,0.0
2012-05-21 00:00:00-04:00,13.050000190734863,13.430000305175781,12.84000015258789,13.279999732971191,487300,0.0,0.0
2012-05-22 00:00:00-04:00,13.300000190734863,13.579999923706055,13.199999809265137,13.270000457763672,390500,0.0,0.0
2012-05-23 00:00:00-04:00,13.100000381469727,13.3100004196167,12.960000038146973,13.260000228881836,404000,0.0,0.0
2012-05-24 00:00:00-04:00,13.300000190734863,13.489999771118164,13.119999885559082,13.279999732971191,417900,0.0,0.0
2012-05-25 00:00:00-04:00,13.350000381469727,14.0600004196167,13.350000381469727,13.970000267028809,915400,0.0,0.0
2012-05-29 00:00:00-04:00,14.100000381469727,14.239999771118164,13.970000267028809,14.09000015258789,1344100,0.0,0.0
2012-05-30 00:00:00-04:00,13.850000381469727,14.109999656677246,13.829999923706055,13.890000343322754,612900,0.0,0.0
2012-05-31 00:00:00-04:00,13.949999809265137,14.100000381469727,13.720000267028809,14.069999694824219,769600,0.0,0.0
2012-06-01 00:00:00-04:00,13.720000267028809,13.880000114440918,13.449999809265137,13.699999809265137,753800,0.0,0.0
2012-06-04 00:00:00-04:00,13.739999771118164,13.869999885559082,13.5,13.569999694824219,524500,0.0,0.0
2012-06-05 00:00:00-04:00,13.550000190734863,13.75,13.479999542236328,13.569999694824219,555800,0.0,0.0
2012-06-06 00:00:00-04:00,13.729999542236328,14.130000114440918,13.670000076293945,13.850000381469727,1071700,0.0,0.0
2012-06-07 00:00:00-04:00,14.0600004196167,14.25,13.680000305175781,13.699999809265137,932600,0.0,0.0
2012-06-08 00:00:00-04:00,13.6899995803833,13.75,13.420000076293945,13.489999771118164,1072000,0.0,0.0
2012-06-11 00:00:00-04:00,13.619999885559082,13.75,13.3100004196167,13.329999923706055,1027900,0.0,0.0
2012-06-12 00:00:00-04:00,13.420000076293945,13.420000076293945,13.1899995803833,13.3100004196167,634000,0.0,0.0
2012-06-13 00:00:00-04:00,13.239999771118164,13.319999694824219,13.029999732971191,13.100000381469727,584500,0.0,0.0
2012-06-14 00:00:00-04:00,13.100000381469727,13.270000457763672,12.960000038146973,13.1899995803833,542100,0.0,0.0
2012-06-15 00:00:00-04:00,13.140000343322754,13.350000381469727,13.09000015258789,13.3100004196167,846900,0.0,0.0
2012-06-18 00:00:00-04:00,13.180000305175781,13.609999656677246,13.180000305175781,13.5600004196167,550200,0.0,0.0
2012-06-19 00:00:00-04:00,13.649999618530273,14.0600004196167,13.59000015258789,13.989999771118164,610000,0.0,0.0
2012-06-20 00:00:00-04:00,14.029999732971191,14.140000343322754,13.920000076293945,14.050000190734863,739200,0.0,0.0
2012-06-21 00:00:00-04:00,14.029999732971191,14.119999885559082,13.800000190734863,13.819999694824219,533100,0.0,0.0
2012-06-22 00:00:00-04:00,13.880000114440918,14.199999809265137,13.800000190734863,14.170000076293945,1155800,0.0,0.0
2012-06-25 00:00:00-04:00,13.960000038146973,14.039999961853027,13.729999542236328,13.819999694824219,457900,0.0,0.0
2012-06-26 00:00:00-04:00,13.880000114440918,14.029999732971191,13.760000228881836,13.960000038146973,554000,0.0,0.0
2012-06-27 00:00:00-04:00,13.970000267028809,14.279999732971191,13.930000305175781,14.149999618530273,526700,0.0,0.0
2012-06-28 00:00:00-04:00,14.020000457763672,14.069999694824219,13.729999542236328,14.069999694824219,610900,0.0,0.0
2012-06-29 00:00:00-04:00,14.34000015258789,15.140000343322754,14.3100004196167,15.109999656677246,731700,0.0,0.0
2012-07-02 00:00:00-04:00,15.130000114440918,15.59000015258789,15.130000114440918,15.59000015258789,843600,0.0,0.0
2012-07-03 00:00:00-04:00,15.569999694824219,15.899999618530273,15.5600004196167,15.890000343322754,261900,0.0,0.0
2012-07-05 00:00:00-04:00,15.819999694824219,16.0,15.760000228881836,15.819999694824219,412200,0.0,0.0
2012-07-06 00:00:00-04:00,15.619999885559082,15.729999542236328,15.550000190734863,15.680000305175781,437000,0.0,0.0
2012-07-09 00:00:00-04:00,15.770000457763672,15.829999923706055,15.539999961853027,15.819999694824219,662700,0.0,0.0
2012-07-10 00:00:00-04:00,15.90999984741211,16.0,15.729999542236328,15.8100004196167,645800,0.0,0.0
2012-07-11 00:00:00-04:00,15.800000190734863,15.8100004196167,15.510000228881836,15.720000267028809,500200,0.0,0.0
2012-07-12 00:00:00-04:00,15.539999961853027,15.670000076293945,15.220000267028809,15.5600004196167,647900,0.0,0.0
2012-07-13 00:00:00-04:00,15.579999923706055,16.139999389648438,15.5600004196167,16.059999465942383,475200,0.0,0.0
2012-07-16 00:00:00-04:00,16.0,16.170000076293945,15.829999923706055,16.1200008392334,283500,0.0,0.0
2012-07-17 00:00:00-04:00,16.18000030517578,16.31999969482422,15.8100004196167,16.0,354300,0.0,0.0
2012-07-18 00:00:00-04:00,16.0,16.200000762939453,15.850000381469727,16.020000457763672,440800,0.0,0.0
2012-07-19 00:00:00-04:00,16.06999969482422,16.200000762939453,15.90999984741211,15.970000267028809,368000,0.0,0.0
2012-07-20 00:00:00-04:00,15.890000343322754,16.1200008392334,15.779999732971191,15.9399995803833,285400,0.0,0.0
2012-07-23 00:00:00-04:00,15.65999984741211,15.9399995803833,15.460000038146973,15.84000015258789,335500,0.0,0.0
2012-07-24 00:00:00-04:00,15.829999923706055,15.859999656677246,15.470000267028809,15.640000343322754,354900,0.0,0.0
2012-07-25 00:00:00-04:00,15.729999542236328,15.84000015258789,15.380000114440918,15.5,498800,0.0,0.0
2012-07-26 00:00:00-04:00,15.800000190734863,16.0,15.600000381469727,15.75,293600,0.0,0.0
2012-07-27 00:00:00-04:00,15.890000343322754,16.25,15.850000381469727,16.149999618530273,424000,0.0,0.0
2012-07-30 00:00:00-04:00,16.100000381469727,16.3700008392334,15.850000381469727,15.920000076293945,270000,0.0,0.0
2012-07-31 00:00:00-04:00,16.969999313354492,16.969999313354492,16.420000076293945,16.770000457763672,1061700,0.0,0.0
2012-08-01 00:00:00-04:00,16.899999618530273,16.950000762939453,15.930000305175781,15.930000305175781,532000,0.0,0.0
2012-08-02 00:00:00-04:00,15.850000381469727,16.1200008392334,15.720000267028809,16.030000686645508,566300,0.0,0.0
2012-08-03 00:00:00-04:00,16.270000457763672,16.510000228881836,16.229999542236328,16.43000030517578,466900,0.0,0.0
2012-08-06 00:00:00-04:00,16.440000534057617,16.459999084472656,16.049999237060547,16.09000015258789,374500,0.0,0.0
2012-08-07 00:00:00-04:00,16.209999084472656,16.399999618530273,15.859999656677246,16.25,428000,0.0,0.0
2012-08-08 00:00:00-04:00,16.18000030517578,16.3799991607666,16.1200008392334,16.309999465942383,349300,0.0,0.0
2012-08-09 00:00:00-04:00,16.270000457763672,16.440000534057617,16.219999313354492,16.329999923706055,335900,0.0,0.0
2012-08-10 00:00:00-04:00,16.280000686645508,16.469999313354492,16.149999618530273,16.459999084472656,385900,0.0,0.0
2012-08-13 00:00:00-04:00,16.459999084472656,16.5,16.190000534057617,16.479999542236328,239400,0.0,0.0
2012-08-14 00:00:00-04:00,16.600000381469727,16.81999969482422,16.520000457763672,16.6200008392334,307400,0.0,0.0
2012-08-15 00:00:00-04:00,16.530000686645508,16.770000457763672,16.530000686645508,16.739999771118164,208000,0.0,0.0
2012-08-16 00:00:00-04:00,16.65999984741211,16.84000015258789,16.530000686645508,16.799999237060547,199800,0.0,0.0
2012-08-17 00:00:00-04:00,16.739999771118164,17.020000457763672,16.600000381469727,16.989999771118164,236800,0.0,0.0
2012-08-20 00:00:00-04:00,16.90999984741211,16.940000534057617,16.75,16.940000534057617,222900,0.0,0.0
2012-08-21 00:00:00-04:00,17.020000457763672,17.350000381469727,16.8700008392334,17.020000457763672,285000,0.0,0.0
2012-08-22 00:00:00-04:00,16.959999084472656,16.959999084472656,16.5,16.649999618530273,195300,0.0,0.0
2012-08-23 00:00:00-04:00,16.649999618530273,16.649999618530273,16.329999923706055,16.520000457763672,246000,0.0,0.0
2012-08-24 00:00:00-04:00,16.450000762939453,16.81999969482422,16.40999984741211,16.780000686645508,265300,0.0,0.0
2012-08-27 00:00:00-04:00,16.8799991607666,17.059999465942383,16.709999084472656,16.889999389648438,259600,0.0,0.0
2012-08-28 00:00:00-04:00,16.81999969482422,17.030000686645508,16.799999237060547,17.0,229100,0.0,0.0
2012-08-29 00:00:00-04:00,17.010000228881836,17.190000534057617,16.559999465942383,17.059999465942383,233300,0.0,0.0
2012-08-30 00:00:00-04:00,16.989999771118164,17.15999984741211,16.850000381469727,17.110000610351562,303000,0.0,0.0
2012-08-31 00:00:00-04:00,17.25,17.280000686645508,16.860000610351562,17.059999465942383,267300,0.0,0.0
2012-09-04 00:00:00-04:00,17.020000457763672,17.969999313354492,17.020000457763672,17.81999969482422,529000,0.0,0.0
2012-09-05 00:00:00-04:00,17.84000015258789,17.899999618530273,17.510000228881836,17.84000015258789,668500,0.0,0.0
2012-09-06 00:00:00-04:00,17.899999618530273,18.25,17.760000228881836,18.18000030517578,587100,0.0,0.0
2012-09-07 00:00:00-04:00,18.290000915527344,18.299999237060547,18.1200008392334,18.239999771118164,350600,0.0,0.0
2012-09-10 00:00:00-04:00,18.270000457763672,18.93000030517578,18.170000076293945,18.489999771118164,612500,0.0,0.0
2012-09-11 00:00:00-04:00,18.43000030517578,18.469999313354492,18.200000762939453,18.280000686645508,699900,0.0,0.0
2012-09-12 00:00:00-04:00,18.34000015258789,18.3799991607666,18.09000015258789,18.239999771118164,427500,0.0,0.0
2012-09-13 00:00:00-04:00,18.25,18.530000686645508,18.040000915527344,18.510000228881836,334200,0.0,0.0
2012-09-14 00:00:00-04:00,18.549999237060547,18.8799991607666,18.290000915527344,18.5,444300,0.0,0.0
2012-09-17 00:00:00-04:00,18.389999389648438,18.6200008392334,18.18000030517578,18.360000610351562,303500,0.0,0.0
2012-09-18 00:00:00-04:00,18.3799991607666,18.530000686645508,18.18000030517578,18.350000381469727,234200,0.0,0.0
2012-09-19 00:00:00-04:00,18.43000030517578,18.6200008392334,18.219999313354492,18.3799991607666,205600,0.0,0.0
2012-09-20 00:00:00-04:00,18.309999465942383,18.389999389648438,17.950000762939453,18.229999542236328,285200,0.0,0.0
2012-09-21 00:00:00-04:00,18.469999313354492,18.790000915527344,18.399999618530273,18.649999618530273,801700,0.0,0.0
2012-09-24 00:00:00-04:00,18.6200008392334,18.899999618530273,18.3799991607666,18.860000610351562,349900,0.0,0.0
2012-09-25 00:00:00-04:00,18.90999984741211,18.989999771118164,18.600000381469727,18.649999618530273,919000,0.0,0.0
2012-09-26 00:00:00-04:00,18.68000030517578,18.709999084472656,18.149999618530273,18.290000915527344,386700,0.0,0.0
2012-09-27 00:00:00-04:00,18.329999923706055,18.5,18.260000228881836,18.399999618530273,428300,0.0,0.0
2012-09-28 00:00:00-04:00,18.290000915527344,18.440000534057617,18.229999542236328,18.270000457763672,280800,0.0,0.0
2012-10-01 00:00:00-04:00,18.329999923706055,18.329999923706055,17.649999618530273,18.15999984741211,519100,0.0,0.0
2012-10-02 00:00:00-04:00,18.280000686645508,18.350000381469727,18.06999969482422,18.25,307300,0.0,0.0
2012-10-03 00:00:00-04:00,18.309999465942383,18.5,18.15999984741211,18.34000015258789,255300,0.0,0.0
2012-10-04 00:00:00-04:00,18.3799991607666,18.469999313354492,17.969999313354492,18.1200008392334,393400,0.0,0.0
2012-10-05 00:00:00-04:00,18.200000762939453,18.34000015258789,18.020000457763672,18.049999237060547,389600,0.0,0.0
2012-10-08 00:00:00-04:00,17.979999542236328,18.200000762939453,17.920000076293945,17.989999771118164,171600,0.0,0.0
2012-10-09 00:00:00-04:00,18.020000457763672,18.110000610351562,17.559999465942383,17.59000015258789,182300,0.0,0.0
2012-10-10 00:00:00-04:00,17.639999389648438,17.809999465942383,17.40999984741211,17.600000381469727,496800,0.0,0.0
2012-10-11 00:00:00-04:00,17.75,17.950000762939453,17.530000686645508,17.670000076293945,183500,0.0,0.0
2012-10-12 00:00:00-04:00,17.719999313354492,17.719999313354492,17.389999389648438,17.510000228881836,299400,0.0,0.0
2012-10-15 00:00:00-04:00,17.56999969482422,17.729999542236328,17.34000015258789,17.709999084472656,227300,0.0,0.0
2012-10-16 00:00:00-04:00,17.780000686645508,17.950000762939453,17.780000686645508,17.8700008392334,150400,0.0,0.0
2012-10-17 00:00:00-04:00,17.8700008392334,17.959999084472656,17.719999313354492,17.84000015258789,175700,0.0,0.0
2012-10-18 00:00:00-04:00,17.850000381469727,17.850000381469727,17.6200008392334,17.709999084472656,150200,0.0,0.0
2012-10-19 00:00:00-04:00,17.559999465942383,17.6200008392334,17.020000457763672,17.079999923706055,243500,0.0,0.0
2012-10-22 00:00:00-04:00,17.010000228881836,17.030000686645508,16.530000686645508,16.75,343600,0.0,0.0
2012-10-23 00:00:00-04:00,16.579999923706055,16.850000381469727,16.40999984741211,16.739999771118164,255800,0.0,0.0
2012-10-24 00:00:00-04:00,16.770000457763672,16.770000457763672,16.309999465942383,16.34000015258789,378800,0.0,0.0
2012-10-25 00:00:00-04:00,16.5,16.6200008392334,16.190000534057617,16.350000381469727,391000,0.0,0.0
2012-10-26 00:00:00-04:00,17.40999984741211,18.979999542236328,17.34000015258789,18.389999389648438,1599100,0.0,0.0
2012-10-31 00:00:00-04:00,18.420000076293945,18.5,18.170000076293945,18.25,504500,0.0,0.0
2012-11-01 00:00:00-04:00,18.229999542236328,18.520000457763672,18.229999542236328,18.3799991607666,577200,0.0,0.0
2012-11-02 00:00:00-04:00,18.440000534057617,18.450000762939453,17.56999969482422,17.610000610351562,515400,0.0,0.0
2012-11-05 00:00:00-05:00,17.65999984741211,18.010000228881836,17.510000228881836,17.799999237060547,368400,0.0,0.0
2012-11-06 00:00:00-05:00,17.799999237060547,18.079999923706055,17.719999313354492,17.989999771118164,330300,0.0,0.0
2012-11-07 00:00:00-05:00,17.760000228881836,17.799999237060547,17.290000915527344,17.350000381469727,383600,0.0,0.0
2012-11-08 00:00:00-05:00,17.34000015258789,17.43000030517578,17.09000015258789,17.110000610351562,349000,0.0,0.0
2012-11-09 00:00:00-05:00,17.0,17.520000457763672,16.93000030517578,17.420000076293945,409400,0.0,0.0
2012-11-12 00:00:00-05:00,17.5,17.5,17.209999084472656,17.329999923706055,221500,0.0,0.0
2012-11-13 00:00:00-05:00,17.229999542236328,17.489999771118164,17.139999389648438,17.309999465942383,255700,0.0,0.0
2012-11-14 00:00:00-05:00,17.3799991607666,17.3799991607666,16.940000534057617,17.079999923706055,358000,0.0,0.0
2012-11-15 00:00:00-05:00,17.110000610351562,17.190000534057617,16.940000534057617,16.989999771118164,306500,0.0,0.0
2012-11-16 00:00:00-05:00,16.959999084472656,17.450000762939453,16.959999084472656,17.3799991607666,514000,0.0,0.0
2012-11-19 00:00:00-05:00,17.610000610351562,17.610000610351562,17.420000076293945,17.600000381469727,257400,0.0,0.0
2012-11-20 00:00:00-05:00,17.530000686645508,17.6200008392334,17.260000228881836,17.389999389648438,294300,0.0,0.0
2012-11-21 00:00:00-05:00,17.469999313354492,17.540000915527344,17.350000381469727,17.479999542236328,166700,0.0,0.0
2012-11-23 00:00:00-05:00,17.549999237060547,17.59000015258789,17.450000762939453,17.59000015258789,112900,0.0,0.0
2012-11-26 00:00:00-05:00,17.559999465942383,17.56999969482422,17.329999923706055,17.450000762939453,335300,0.0,0.0
2012-11-27 00:00:00-05:00,17.469999313354492,17.65999984741211,17.290000915527344,17.459999084472656,346400,0.0,0.0
2012-11-28 00:00:00-05:00,17.3700008392334,17.510000228881836,17.049999237060547,17.440000534057617,181000,0.0,0.0
2012-11-29 00:00:00-05:00,17.6200008392334,18.0,17.600000381469727,17.770000457763672,180500,0.0,0.0
2012-11-30 00:00:00-05:00,17.850000381469727,17.850000381469727,17.549999237060547,17.690000534057617,336300,0.0,0.0
2012-12-03 00:00:00-05:00,17.790000915527344,17.860000610351562,17.31999969482422,17.350000381469727,219900,0.0,0.0
2012-12-04 00:00:00-05:00,17.399999618530273,17.579999923706055,17.110000610351562,17.31999969482422,239800,0.0,0.0
2012-12-05 00:00:00-05:00,17.399999618530273,17.540000915527344,17.049999237060547,17.3700008392334,214500,0.0,0.0
2012-12-06 00:00:00-05:00,17.40999984741211,17.40999984741211,17.079999923706055,17.290000915527344,218000,0.0,0.0
2012-12-07 00:00:00-05:00,17.40999984741211,17.56999969482422,17.15999984741211,17.3799991607666,164000,0.0,0.0
2012-12-10 00:00:00-05:00,17.40999984741211,17.670000076293945,17.200000762939453,17.670000076293945,329800,0.0,0.0
2012-12-11 00:00:00-05:00,17.670000076293945,18.049999237060547,17.610000610351562,17.989999771118164,368700,0.0,0.0
2012-12-12 00:00:00-05:00,18.049999237060547,18.079999923706055,17.8700008392334,18.0,522900,0.0,0.0
2012-12-13 00:00:00-05:00,18.0,18.0,17.510000228881836,17.600000381469727,355800,0.0,0.0
2012-12-14 00:00:00-05:00,17.520000457763672,17.81999969482422,17.459999084472656,17.68000030517578,181300,0.0,0.0
2012-12-17 00:00:00-05:00,17.729999542236328,18.059999465942383,17.540000915527344,17.889999389648438,333000,0.0,0.0
2012-12-18 00:00:00-05:00,17.940000534057617,18.329999923706055,17.780000686645508,18.1200008392334,588500,0.0,0.0
2012-12-19 00:00:00-05:00,18.100000381469727,18.43000030517578,17.920000076293945,17.93000030517578,287300,0.0,0.0
2012-12-20 00:00:00-05:00,17.889999389648438,18.110000610351562,17.68000030517578,18.06999969482422,258300,0.0,0.0
2012-12-21 00:00:00-05:00,17.899999618530273,17.899999618530273,17.540000915527344,17.799999237060547,988400,0.0,0.0
2012-12-24 00:00:00-05:00,17.770000457763672,17.8799991607666,17.399999618530273,17.850000381469727,107100,0.0,0.0
2012-12-26 00:00:00-05:00,17.899999618530273,17.90999984741211,17.219999313354492,17.31999969482422,210200,0.0,0.0
2012-12-27 00:00:00-05:00,17.309999465942383,17.399999618530273,16.959999084472656,17.270000457763672,222200,0.0,0.0
2012-12-28 00:00:00-05:00,17.229999542236328,17.34000015258789,16.81999969482422,17.1200008392334,146500,0.0,0.0
2012-12-31 00:00:00-05:00,17.139999389648438,17.459999084472656,16.979999542236328,17.459999084472656,282400,0.0,0.0
2013-01-02 00:00:00-05:00,17.93000030517578,18.40999984741211,17.770000457763672,18.3700008392334,471900,0.0,0.0
2013-01-03 00:00:00-05:00,18.34000015258789,18.40999984741211,18.139999389648438,18.190000534057617,260800,0.0,0.0
2013-01-04 00:00:00-05:00,18.299999237060547,18.34000015258789,18.040000915527344,18.190000534057617,158500,0.0,0.0
2013-01-07 00:00:00-05:00,18.030000686645508,18.239999771118164,17.969999313354492,18.040000915527344,131400,0.0,0.0
2013-01-08 00:00:00-05:00,17.959999084472656,18.149999618530273,17.920000076293945,18.020000457763672,171000,0.0,0.0
2013-01-09 00:00:00-05:00,18.100000381469727,18.5,17.989999771118164,18.399999618530273,227700,0.0,0.0
2013-01-10 00:00:00-05:00,18.450000762939453,18.489999771118164,18.079999923706055,18.479999542236328,203400,0.0,0.0
2013-01-11 00:00:00-05:00,18.5,18.670000076293945,18.389999389648438,18.489999771118164,345500,0.0,0.0
2013-01-14 00:00:00-05:00,18.399999618530273,18.520000457763672,18.34000015258789,18.40999984741211,100500,0.0,0.0
2013-01-15 00:00:00-05:00,18.25,18.6299991607666,18.059999465942383,18.530000686645508,194100,0.0,0.0
2013-01-16 00:00:00-05:00,18.520000457763672,18.520000457763672,18.1299991607666,18.350000381469727,156500,0.0,0.0
2013-01-17 00:00:00-05:00,18.459999084472656,18.559999465942383,18.06999969482422,18.25,1038800,0.0,0.0
2013-01-18 00:00:00-05:00,18.219999313354492,18.43000030517578,18.1200008392334,18.389999389648438,294300,0.0,0.0
2013-01-22 00:00:00-05:00,18.350000381469727,18.440000534057617,18.219999313354492,18.389999389648438,303200,0.0,0.0
2013-01-23 00:00:00-05:00,18.420000076293945,18.59000015258789,18.31999969482422,18.43000030517578,208200,0.0,0.0
2013-01-24 00:00:00-05:00,18.40999984741211,18.649999618530273,18.1200008392334,18.450000762939453,398000,0.0,0.0
2013-01-25 00:00:00-05:00,18.56999969482422,18.75,18.329999923706055,18.510000228881836,240800,0.0,0.0
2013-01-28 00:00:00-05:00,18.5,19.020000457763672,18.479999542236328,19.020000457763672,357200,0.0,0.0
2013-01-29 00:00:00-05:00,18.950000762939453,19.0,18.59000015258789,18.969999313354492,326500,0.0,0.0
2013-01-30 00:00:00-05:00,18.899999618530273,18.920000076293945,18.559999465942383,18.68000030517578,255200,0.0,0.0
2013-01-31 00:00:00-05:00,17.600000381469727,18.540000915527344,16.43000030517578,17.729999542236328,1016600,0.0,0.0
2013-02-01 00:00:00-05:00,17.8700008392334,18.420000076293945,17.799999237060547,18.299999237060547,555700,0.0,0.0
2013-02-04 00:00:00-05:00,18.040000915527344,18.100000381469727,17.719999313354492,17.93000030517578,391200,0.0,0.0
2013-02-05 00:00:00-05:00,18.0,18.0,17.610000610351562,17.75,274600,0.0,0.0
2013-02-06 00:00:00-05:00,17.760000228881836,18.270000457763672,17.760000228881836,17.989999771118164,432600,0.0,0.0
2013-02-07 00:00:00-05:00,17.959999084472656,18.0,17.450000762939453,17.489999771118164,380500,0.0,0.0
2013-02-08 00:00:00-05:00,17.56999969482422,17.850000381469727,17.43000030517578,17.75,318700,0.0,0.0
2013-02-11 00:00:00-05:00,17.610000610351562,17.899999618530273,17.309999465942383,17.309999465942383,309100,0.0,0.0
2013-02-12 00:00:00-05:00,17.3700008392334,17.56999969482422,17.209999084472656,17.479999542236328,352500,0.0,0.0
2013-02-13 00:00:00-05:00,17.459999084472656,17.700000762939453,17.389999389648438,17.59000015258789,420700,0.0,0.0
2013-02-14 00:00:00-05:00,17.540000915527344,17.829999923706055,17.540000915527344,17.65999984741211,547100,0.0,0.0
2013-02-15 00:00:00-05:00,17.799999237060547,18.0,17.690000534057617,17.920000076293945,352100,0.0,0.0
2013-02-19 00:00:00-05:00,17.93000030517578,18.06999969482422,17.899999618530273,18.040000915527344,260100,0.0,0.0
2013-02-20 00:00:00-05:00,18.020000457763672,18.149999618530273,17.899999618530273,17.940000534057617,507000,0.0,0.0
2013-02-21 00:00:00-05:00,17.940000534057617,17.979999542236328,17.690000534057617,17.950000762939453,539600,0.0,0.0
2013-02-22 00:00:00-05:00,18.030000686645508,18.139999389648438,17.969999313354492,18.09000015258789,422900,0.0,0.0
2013-02-25 00:00:00-05:00,18.25,18.260000228881836,17.969999313354492,17.979999542236328,375700,0.0,0.0
2013-02-26 00:00:00-05:00,18.059999465942383,18.190000534057617,17.84000015258789,18.06999969482422,229500,0.0,0.0
2013-02-27 00:00:00-05:00,18.020000457763672,18.350000381469727,18.020000457763672,18.290000915527344,393700,0.0,0.0
2013-02-28 00:00:00-05:00,18.299999237060547,18.329999923706055,18.190000534057617,18.200000762939453,334800,0.0,0.0
2013-03-01 00:00:00-05:00,18.020000457763672,18.290000915527344,17.68000030517578,18.200000762939453,477400,0.0,0.0
2013-03-04 00:00:00-05:00,18.1299991607666,18.329999923706055,18.110000610351562,18.260000228881836,301200,0.0,0.0
2013-03-05 00:00:00-05:00,18.31999969482422,18.489999771118164,18.170000076293945,18.399999618530273,190600,0.0,0.0
2013-03-06 00:00:00-05:00,18.469999313354492,18.530000686645508,18.290000915527344,18.459999084472656,183600,0.0,0.0
2013-03-07 00:00:00-05:00,18.43000030517578,18.84000015258789,18.25,18.81999969482422,405100,0.0,0.0
2013-03-08 00:00:00-05:00,19.0,19.15999984741211,18.899999618530273,19.079999923706055,259500,0.0,0.0
2013-03-11 00:00:00-04:00,18.979999542236328,18.979999542236328,18.75,18.93000030517578,304300,0.0,0.0
2013-03-12 00:00:00-04:00,18.829999923706055,18.989999771118164,18.700000762939453,18.90999984741211,307000,0.0,0.0
2013-03-13 00:00:00-04:00,18.93000030517578,19.06999969482422,18.81999969482422,19.010000228881836,246200,0.0,0.0
2013-03-14 00:00:00-04:00,19.06999969482422,19.40999984741211,18.8700008392334,19.40999984741211,285900,0.0,0.0
2013-03-15 00:00:00-04:00,19.420000076293945,19.549999237060547,19.350000381469727,19.479999542236328,829200,0.0,0.0
2013-03-18 00:00:00-04:00,19.25,19.559999465942383,19.1200008392334,19.5,287100,0.0,0.0
2013-03-19 00:00:00-04:00,19.510000228881836,19.799999237060547,19.3700008392334,19.780000686645508,560800,0.0,0.0
2013-03-20 00:00:00-04:00,19.559999465942383,19.979999542236328,19.559999465942383,19.940000534057617,341000,0.0,0.0
2013-03-21 00:00:00-04:00,19.780000686645508,19.989999771118164,19.639999389648438,19.899999618530273,345400,0.0,0.0
2013-03-22 00:00:00-04:00,19.93000030517578,20.15999984741211,19.920000076293945,20.030000686645508,344000,0.0,0.0
2013-03-25 00:00:00-04:00,20.190000534057617,20.3700008392334,19.989999771118164,20.25,329200,0.0,0.0
2013-03-26 00:00:00-04:00,20.25,20.389999389648438,19.950000762939453,20.1200008392334,225900,0.0,0.0
2013-03-27 00:00:00-04:00,19.989999771118164,20.170000076293945,19.809999465942383,20.15999984741211,184600,0.0,0.0
2013-03-28 00:00:00-04:00,20.200000762939453,20.459999084472656,20.1200008392334,20.399999618530273,262600,0.0,0.0
2013-04-01 00:00:00-04:00,20.350000381469727,20.389999389648438,19.84000015258789,20.110000610351562,218800,0.0,0.0
2013-04-02 00:00:00-04:00,20.25,20.43000030517578,20.059999465942383,20.09000015258789,251800,0.0,0.0
2013-04-03 00:00:00-04:00,20.15999984741211,20.15999984741211,19.690000534057617,19.700000762939453,276500,0.0,0.0
2013-04-04 00:00:00-04:00,19.780000686645508,19.8700008392334,19.65999984741211,19.860000610351562,301300,0.0,0.0
2013-04-05 00:00:00-04:00,19.489999771118164,19.65999984741211,19.260000228881836,19.610000610351562,693900,0.0,0.0
2013-04-08 00:00:00-04:00,19.709999084472656,19.739999771118164,19.389999389648438,19.739999771118164,188900,0.0,0.0
2013-04-09 00:00:00-04:00,19.829999923706055,19.8799991607666,19.559999465942383,19.799999237060547,257600,0.0,0.0
2013-04-10 00:00:00-04:00,19.81999969482422,20.450000762939453,19.65999984741211,20.389999389648438,1009700,0.0,0.0
2013-04-11 00:00:00-04:00,20.360000610351562,20.40999984741211,20.190000534057617,20.260000228881836,220300,0.0,0.0
2013-04-12 00:00:00-04:00,20.239999771118164,20.299999237060547,19.780000686645508,20.149999618530273,265900,0.0,0.0
2013-04-15 00:00:00-04:00,19.989999771118164,20.049999237060547,19.270000457763672,19.299999237060547,533600,0.0,0.0
2013-04-16 00:00:00-04:00,19.510000228881836,19.540000915527344,19.110000610351562,19.420000076293945,432200,0.0,0.0
2013-04-17 00:00:00-04:00,19.290000915527344,19.450000762939453,18.770000457763672,19.020000457763672,371300,0.0,0.0
2013-04-18 00:00:00-04:00,19.110000610351562,19.149999618530273,18.639999389648438,18.719999313354492,251000,0.0,0.0
2013-04-19 00:00:00-04:00,18.700000762939453,18.959999084472656,18.540000915527344,18.809999465942383,182800,0.0,0.0
2013-04-22 00:00:00-04:00,18.84000015258789,18.899999618530273,18.40999984741211,18.829999923706055,223700,0.0,0.0
2013-04-23 00:00:00-04:00,19.0,19.209999084472656,18.81999969482422,19.200000762939453,207100,0.0,0.0
2013-04-24 00:00:00-04:00,19.139999389648438,19.3700008392334,19.030000686645508,19.299999237060547,210300,0.0,0.0
2013-04-25 00:00:00-04:00,19.40999984741211,19.639999389648438,19.309999465942383,19.540000915527344,272300,0.0,0.0
2013-04-26 00:00:00-04:00,19.520000457763672,19.559999465942383,19.280000686645508,19.3700008392334,174500,0.0,0.0
2013-04-29 00:00:00-04:00,19.40999984741211,19.6299991607666,19.25,19.559999465942383,140400,0.0,0.0
2013-04-30 00:00:00-04:00,19.5,19.940000534057617,19.489999771118164,19.889999389648438,335800,0.0,0.0
2013-05-01 00:00:00-04:00,19.860000610351562,19.90999984741211,19.260000228881836,19.270000457763672,524200,0.0,0.0
2013-05-02 00:00:00-04:00,19.3799991607666,20.0,19.309999465942383,19.84000015258789,350100,0.0,0.0
2013-05-03 00:00:00-04:00,20.079999923706055,20.31999969482422,19.989999771118164,20.079999923706055,351400,0.0,0.0
2013-05-06 00:00:00-04:00,20.040000915527344,20.06999969482422,19.81999969482422,19.920000076293945,180100,0.0,0.0
2013-05-07 00:00:00-04:00,19.920000076293945,20.34000015258789,19.889999389648438,20.34000015258789,302700,0.0,0.0
2013-05-08 00:00:00-04:00,20.329999923706055,20.350000381469727,20.100000381469727,20.200000762939453,246900,0.0,0.0
2013-05-09 00:00:00-04:00,20.229999542236328,20.290000915527344,20.079999923706055,20.1299991607666,182800,0.0,0.0
2013-05-10 00:00:00-04:00,20.209999084472656,20.40999984741211,20.170000076293945,20.299999237060547,396700,0.0,0.0
2013-05-13 00:00:00-04:00,20.309999465942383,20.850000381469727,20.229999542236328,20.809999465942383,436300,0.0,0.0
2013-05-14 00:00:00-04:00,20.899999618530273,21.280000686645508,20.829999923706055,21.149999618530273,453300,0.0,0.0
2013-05-15 00:00:00-04:00,21.040000915527344,21.5,21.040000915527344,21.329999923706055,486600,0.0,0.0
2013-05-16 00:00:00-04:00,20.489999771118164,21.690000534057617,19.229999542236328,21.479999542236328,803100,0.0,0.0
2013-05-17 00:00:00-04:00,21.170000076293945,21.75,21.149999618530273,21.639999389648438,670500,0.0,0.0
2013-05-20 00:00:00-04:00,21.479999542236328,21.709999084472656,21.479999542236328,21.68000030517578,419200,0.0,0.0
2013-05-21 00:00:00-04:00,21.540000915527344,21.809999465942383,21.510000228881836,21.739999771118164,265100,0.0,0.0
2013-05-22 00:00:00-04:00,21.420000076293945,21.8700008392334,21.139999389648438,21.260000228881836,474800,0.0,0.0
2013-05-23 00:00:00-04:00,21.0,21.610000610351562,20.8700008392334,21.459999084472656,376300,0.0,0.0
2013-05-24 00:00:00-04:00,21.360000610351562,21.600000381469727,21.18000030517578,21.459999084472656,212800,0.0,0.0
2013-05-28 00:00:00-04:00,21.700000762939453,21.979999542236328,21.5,21.790000915527344,219900,0.0,0.0
2013-05-29 00:00:00-04:00,21.110000610351562,21.75,21.110000610351562,21.65999984741211,307900,0.0,0.0
2013-05-30 00:00:00-04:00,21.809999465942383,22.540000915527344,21.690000534057617,22.540000915527344,363700,0.0,0.0
2013-05-31 00:00:00-04:00,22.329999923706055,22.719999313354492,21.979999542236328,21.989999771118164,432000,0.0,0.0
2013-06-03 00:00:00-04:00,22.049999237060547,22.479999542236328,21.860000610351562,22.389999389648438,501000,0.0,0.0
2013-06-04 00:00:00-04:00,22.450000762939453,22.739999771118164,22.299999237060547,22.399999618530273,503800,0.0,0.0
2013-06-05 00:00:00-04:00,22.309999465942383,22.489999771118164,22.030000686645508,22.149999618530273,324900,0.0,0.0
2013-06-06 00:00:00-04:00,22.190000534057617,22.260000228881836,21.780000686645508,22.219999313354492,385300,0.0,0.0
2013-06-07 00:00:00-04:00,22.450000762939453,22.600000381469727,22.049999237060547,22.56999969482422,315700,0.0,0.0
2013-06-10 00:00:00-04:00,22.68000030517578,22.829999923706055,22.3700008392334,22.489999771118164,206500,0.0,0.0
2013-06-11 00:00:00-04:00,22.149999618530273,22.639999389648438,21.809999465942383,22.420000076293945,191700,0.0,0.0
2013-06-12 00:00:00-04:00,22.670000076293945,22.670000076293945,22.0,22.3700008392334,204300,0.0,0.0
2013-06-13 00:00:00-04:00,22.3700008392334,22.940000534057617,22.209999084472656,22.8700008392334,221300,0.0,0.0
2013-06-14 00:00:00-04:00,22.780000686645508,22.989999771118164,22.5,22.6200008392334,284000,0.0,0.0
2013-06-17 00:00:00-04:00,22.790000915527344,22.979999542236328,22.65999984741211,22.739999771118164,312600,0.0,0.0
2013-06-18 00:00:00-04:00,22.829999923706055,22.93000030517578,22.719999313354492,22.75,347900,0.0,0.0
2013-06-19 00:00:00-04:00,22.6299991607666,22.799999237060547,22.40999984741211,22.479999542236328,283300,0.0,0.0
2013-06-20 00:00:00-04:00,22.139999389648438,22.649999618530273,22.0,22.059999465942383,380300,0.0,0.0
2013-06-21 00:00:00-04:00,22.09000015258789,22.489999771118164,21.729999542236328,22.020000457763672,805700,0.0,0.0
2013-06-24 00:00:00-04:00,21.739999771118164,22.18000030517578,21.399999618530273,21.739999771118164,493100,0.0,0.0
2013-06-25 00:00:00-04:00,21.90999984741211,22.40999984741211,21.649999618530273,22.329999923706055,426600,0.0,0.0
2013-06-26 00:00:00-04:00,22.579999923706055,22.6299991607666,22.200000762939453,22.5,336100,0.0,0.0
2013-06-27 00:00:00-04:00,22.690000534057617,22.93000030517578,22.40999984741211,22.90999984741211,323200,0.0,0.0
2013-06-28 00:00:00-04:00,22.760000228881836,22.90999984741211,22.399999618530273,22.68000030517578,1937600,0.0,0.0
2013-07-01 00:00:00-04:00,22.950000762939453,24.100000381469727,22.889999389648438,23.670000076293945,924500,0.0,0.0
2013-07-02 00:00:00-04:00,23.709999084472656,23.979999542236328,23.5,23.81999969482422,492300,0.0,0.0
2013-07-03 00:00:00-04:00,23.75,24.31999969482422,23.559999465942383,24.299999237060547,287100,0.0,0.0
2013-07-05 00:00:00-04:00,24.43000030517578,24.639999389648438,24.219999313354492,24.639999389648438,280100,0.0,0.0
2013-07-08 00:00:00-04:00,24.65999984741211,24.690000534057617,24.360000610351562,24.520000457763672,426300,0.0,0.0
2013-07-09 00:00:00-04:00,24.739999771118164,24.90999984741211,24.440000534057617,24.90999984741211,343100,0.0,0.0
2013-07-10 00:00:00-04:00,24.93000030517578,25.510000228881836,24.770000457763672,25.420000076293945,488400,0.0,0.0
2013-07-11 00:00:00-04:00,25.309999465942383,26.469999313354492,25.280000686645508,25.799999237060547,1109600,0.0,0.0
2013-07-12 00:00:00-04:00,25.719999313354492,26.010000228881836,25.649999618530273,25.940000534057617,420300,0.0,0.0
2013-07-15 00:00:00-04:00,25.989999771118164,26.06999969482422,25.690000534057617,25.90999984741211,310000,0.0,0.0
2013-07-16 00:00:00-04:00,25.8799991607666,25.989999771118164,25.459999084472656,25.549999237060547,402200,0.0,0.0
2013-07-17 00:00:00-04:00,25.68000030517578,25.84000015258789,25.420000076293945,25.540000915527344,298900,0.0,0.0
2013-07-18 00:00:00-04:00,25.65999984741211,25.780000686645508,25.549999237060547,25.639999389648438,362000,0.0,0.0
2013-07-19 00:00:00-04:00,25.5,25.68000030517578,25.5,25.56999969482422,337500,0.0,0.0
2013-07-22 00:00:00-04:00,25.489999771118164,25.649999618530273,25.350000381469727,25.389999389648438,532800,0.0,0.0
2013-07-23 00:00:00-04:00,25.530000686645508,25.729999542236328,25.18000030517578,25.200000762939453,524000,0.0,0.0
2013-07-24 00:00:00-04:00,25.299999237060547,25.559999465942383,25.110000610351562,25.450000762939453,407900,0.0,0.0
2013-07-25 00:00:00-04:00,25.31999969482422,25.739999771118164,25.239999771118164,25.65999984741211,368000,0.0,0.0
2013-07-26 00:00:00-04:00,25.520000457763672,25.639999389648438,25.290000915527344,25.459999084472656,199200,0.0,0.0
2013-07-29 00:00:00-04:00,25.440000534057617,25.540000915527344,25.040000915527344,25.290000915527344,353800,0.0,0.0
2013-07-30 00:00:00-04:00,25.350000381469727,25.6299991607666,25.190000534057617,25.459999084472656,298500,0.0,0.0
2013-07-31 00:00:00-04:00,25.479999542236328,25.969999313354492,25.3700008392334,25.770000457763672,556200,0.0,0.0
2013-08-01 00:00:00-04:00,25.479999542236328,26.43000030517578,24.219999313354492,25.75,1173100,0.0,0.0
2013-08-02 00:00:00-04:00,25.5,25.65999984741211,25.100000381469727,25.6200008392334,457700,0.0,0.0
2013-08-05 00:00:00-04:00,25.510000228881836,26.049999237060547,25.440000534057617,25.989999771118164,308200,0.0,0.0
2013-08-06 00:00:00-04:00,25.81999969482422,25.979999542236328,25.56999969482422,25.8700008392334,332800,0.0,0.0
2013-08-07 00:00:00-04:00,25.739999771118164,26.040000915527344,25.549999237060547,25.90999984741211,281800,0.0,0.0
2013-08-08 00:00:00-04:00,26.1299991607666,26.209999084472656,25.719999313354492,25.950000762939453,471600,0.0,0.0
2013-08-09 00:00:00-04:00,25.90999984741211,26.010000228881836,25.700000762939453,25.790000915527344,200300,0.0,0.0
2013-08-12 00:00:00-04:00,25.6299991607666,26.270000457763672,25.559999465942383,26.18000030517578,168900,0.0,0.0
2013-08-13 00:00:00-04:00,26.239999771118164,26.290000915527344,25.850000381469727,26.18000030517578,125600,0.0,0.0
2013-08-14 00:00:00-04:00,26.100000381469727,26.290000915527344,25.850000381469727,26.110000610351562,139800,0.0,0.0
2013-08-15 00:00:00-04:00,25.850000381469727,25.850000381469727,25.149999618530273,25.15999984741211,303400,0.0,0.0
2013-08-16 00:00:00-04:00,25.049999237060547,25.360000610351562,24.520000457763672,24.8700008392334,360000,0.0,0.0
2013-08-19 00:00:00-04:00,24.8799991607666,25.1299991607666,24.600000381469727,24.829999923706055,401900,0.0,0.0
2013-08-20 00:00:00-04:00,24.790000915527344,25.200000762939453,24.610000610351562,25.170000076293945,319700,0.0,0.0
2013-08-21 00:00:00-04:00,25.030000686645508,25.31999969482422,24.799999237060547,24.809999465942383,206700,0.0,0.0
2013-08-22 00:00:00-04:00,24.809999465942383,25.260000228881836,24.780000686645508,25.149999618530273,150100,0.0,0.0
2013-08-23 00:00:00-04:00,25.149999618530273,25.420000076293945,25.079999923706055,25.34000015258789,292100,0.0,0.0
2013-08-26 00:00:00-04:00,25.34000015258789,26.049999237060547,25.209999084472656,25.81999969482422,387700,0.0,0.0
2013-08-27 00:00:00-04:00,25.450000762939453,25.450000762939453,24.850000381469727,24.8700008392334,296100,0.0,0.0
2013-08-28 00:00:00-04:00,24.84000015258789,25.010000228881836,24.780000686645508,24.920000076293945,162900,0.0,0.0
2013-08-29 00:00:00-04:00,24.899999618530273,25.3799991607666,24.809999465942383,25.3700008392334,193500,0.0,0.0
2013-08-30 00:00:00-04:00,25.290000915527344,25.290000915527344,24.84000015258789,24.8799991607666,370200,0.0,0.0
2013-09-03 00:00:00-04:00,25.170000076293945,25.43000030517578,24.649999618530273,24.829999923706055,568800,0.0,0.0
2013-09-04 00:00:00-04:00,24.75,25.1200008392334,24.520000457763672,25.010000228881836,469000,0.0,0.0
2013-09-05 00:00:00-04:00,25.059999465942383,25.280000686645508,24.8799991607666,25.100000381469727,146300,0.0,0.0
2013-09-06 00:00:00-04:00,25.25,25.34000015258789,24.719999313354492,24.989999771118164,369100,0.0,0.0
2013-09-09 00:00:00-04:00,25.1299991607666,25.329999923706055,25.0,25.31999969482422,262800,0.0,0.0
2013-09-10 00:00:00-04:00,25.450000762939453,25.93000030517578,25.299999237060547,25.920000076293945,335400,0.0,0.0
2013-09-11 00:00:00-04:00,25.760000228881836,26.139999389648438,25.760000228881836,26.1299991607666,168200,0.0,0.0
2013-09-12 00:00:00-04:00,26.139999389648438,26.299999237060547,25.989999771118164,26.18000030517578,275200,0.0,0.0
2013-09-13 00:00:00-04:00,26.31999969482422,26.3700008392334,25.899999618530273,26.15999984741211,289600,0.0,0.0
2013-09-16 00:00:00-04:00,26.389999389648438,26.440000534057617,26.170000076293945,26.209999084472656,248000,0.0,0.0
2013-09-17 00:00:00-04:00,26.18000030517578,26.6299991607666,26.020000457763672,26.610000610351562,204400,0.0,0.0
2013-09-18 00:00:00-04:00,26.690000534057617,27.15999984741211,26.270000457763672,26.90999984741211,357100,0.0,0.0
2013-09-19 00:00:00-04:00,27.0,27.0,26.389999389648438,26.510000228881836,177100,0.0,0.0
2013-09-20 00:00:00-04:00,26.530000686645508,26.780000686645508,26.209999084472656,26.3700008392334,1028500,0.0,0.0
2013-09-23 00:00:00-04:00,26.3799991607666,26.59000015258789,26.15999984741211,26.280000686645508,364300,0.0,0.0
2013-09-24 00:00:00-04:00,26.270000457763672,27.0,26.030000686645508,26.739999771118164,323000,0.0,0.0
2013-09-25 00:00:00-04:00,26.8799991607666,28.049999237060547,26.75,27.950000762939453,631200,0.0,0.0
2013-09-26 00:00:00-04:00,28.0,29.260000228881836,27.950000762939453,28.139999389648438,1152200,0.0,0.0
2013-09-27 00:00:00-04:00,28.0,28.610000610351562,27.700000762939453,27.860000610351562,653400,0.0,0.0
2013-09-30 00:00:00-04:00,27.649999618530273,28.610000610351562,27.639999389648438,28.389999389648438,589500,0.0,0.0
2013-10-01 00:00:00-04:00,28.469999313354492,28.989999771118164,28.31999969482422,28.760000228881836,679500,0.0,0.0
2013-10-02 00:00:00-04:00,28.489999771118164,28.959999084472656,28.290000915527344,28.850000381469727,457900,0.0,0.0
2013-10-03 00:00:00-04:00,28.75,30.309999465942383,28.5,30.18000030517578,1787900,0.0,0.0
2013-10-04 00:00:00-04:00,28.31999969482422,30.489999771118164,28.299999237060547,29.90999984741211,828300,0.0,0.0
2013-10-07 00:00:00-04:00,29.65999984741211,30.190000534057617,29.5,29.81999969482422,713200,0.0,0.0
2013-10-08 00:00:00-04:00,29.770000457763672,30.010000228881836,29.270000457763672,29.479999542236328,544200,0.0,0.0
2013-10-09 00:00:00-04:00,29.559999465942383,29.670000076293945,28.850000381469727,29.100000381469727,616400,0.0,0.0
2013-10-10 00:00:00-04:00,29.170000076293945,29.81999969482422,29.170000076293945,29.520000457763672,472600,0.0,0.0
2013-10-11 00:00:00-04:00,29.389999389648438,30.059999465942383,29.360000610351562,29.93000030517578,334600,0.0,0.0
2013-10-14 00:00:00-04:00,29.729999542236328,30.510000228881836,29.729999542236328,30.479999542236328,460000,0.0,0.0
2013-10-15 00:00:00-04:00,30.399999618530273,30.399999618530273,29.770000457763672,29.799999237060547,337900,0.0,0.0
2013-10-16 00:00:00-04:00,30.040000915527344,30.979999542236328,29.860000610351562,30.90999984741211,771900,0.0,0.0
2013-10-17 00:00:00-04:00,30.6200008392334,31.969999313354492,30.559999465942383,31.889999389648438,950300,0.0,0.0
2013-10-18 00:00:00-04:00,32.0,32.4900016784668,31.719999313354492,32.470001220703125,681300,0.0,0.0
2013-10-21 00:00:00-04:00,32.40999984741211,32.599998474121094,32.130001068115234,32.349998474121094,792600,0.0,0.0
2013-10-22 00:00:00-04:00,32.400001525878906,32.88999938964844,32.15999984741211,32.27000045776367,628100,0.0,0.0
2013-10-23 00:00:00-04:00,32.0,32.459999084472656,31.670000076293945,32.45000076293945,298500,0.0,0.0
2013-10-24 00:00:00-04:00,32.439998626708984,32.9900016784668,32.209999084472656,32.88999938964844,399200,0.0,0.0
2013-10-25 00:00:00-04:00,32.91999816894531,33.0,32.16999816894531,32.790000915527344,451400,0.0,0.0
2013-10-28 00:00:00-04:00,32.72999954223633,33.09000015258789,32.45000076293945,33.08000183105469,333400,0.0,0.0
2013-10-29 00:00:00-04:00,33.09000015258789,33.61000061035156,33.029998779296875,33.599998474121094,301300,0.0,0.0
2013-10-30 00:00:00-04:00,33.61000061035156,33.7400016784668,32.77000045776367,32.880001068115234,284200,0.0,0.0
2013-10-31 00:00:00-04:00,32.93000030517578,33.5,32.869998931884766,33.22999954223633,464300,0.0,0.0
2013-11-01 00:00:00-04:00,33.150001525878906,33.38999938964844,32.91999816894531,33.27000045776367,484500,0.0,0.0
2013-11-04 00:00:00-05:00,34.380001068115234,34.380001068115234,32.91999816894531,33.31999969482422,585800,0.0,0.0
2013-11-05 00:00:00-05:00,33.040000915527344,33.79999923706055,32.790000915527344,33.54999923706055,409700,0.0,0.0
2013-11-06 00:00:00-05:00,33.65999984741211,33.65999984741211,32.119998931884766,32.630001068115234,670000,0.0,0.0
2013-11-07 00:00:00-05:00,32.5099983215332,32.650001525878906,30.610000610351562,31.360000610351562,670600,0.0,0.0
2013-11-08 00:00:00-05:00,31.31999969482422,32.209999084472656,31.200000762939453,32.02000045776367,505300,0.0,0.0
2013-11-11 00:00:00-05:00,31.860000610351562,32.630001068115234,31.860000610351562,32.2599983215332,458200,0.0,0.0
2013-11-12 00:00:00-05:00,32.209999084472656,32.900001525878906,32.209999084472656,32.849998474121094,279100,0.0,0.0
2013-11-13 00:00:00-05:00,32.72999954223633,33.09000015258789,32.310001373291016,33.06999969482422,257300,0.0,0.0
2013-11-14 00:00:00-05:00,33.119998931884766,33.400001525878906,33.0,33.31999969482422,560400,0.0,0.0
2013-11-15 00:00:00-05:00,33.27000045776367,33.709999084472656,33.220001220703125,33.63999938964844,429400,0.0,0.0
2013-11-18 00:00:00-05:00,33.70000076293945,34.16999816894531,33.45000076293945,33.56999969482422,410400,0.0,0.0
2013-11-19 00:00:00-05:00,33.689998626708984,34.099998474121094,32.939998626708984,32.9900016784668,436700,0.0,0.0
2013-11-20 00:00:00-05:00,33.040000915527344,33.470001220703125,32.65999984741211,32.970001220703125,330400,0.0,0.0
2013-11-21 00:00:00-05:00,33.15999984741211,33.720001220703125,33.09000015258789,33.29999923706055,311200,0.0,0.0
2013-11-22 00:00:00-05:00,33.36000061035156,33.61000061035156,33.20000076293945,33.560001373291016,166700,0.0,0.0
2013-11-25 00:00:00-05:00,33.2400016784668,33.83000183105469,33.04999923706055,33.2400016784668,249600,0.0,0.0
2013-11-26 00:00:00-05:00,33.349998474121094,33.65999984741211,32.970001220703125,33.5099983215332,254800,0.0,0.0
2013-11-27 00:00:00-05:00,33.56999969482422,33.72999954223633,33.099998474121094,33.34000015258789,233100,0.0,0.0
2013-11-29 00:00:00-05:00,33.540000915527344,33.7599983215332,33.2400016784668,33.279998779296875,126600,0.0,0.0
2013-12-02 00:00:00-05:00,33.189998626708984,33.52000045776367,32.599998474121094,32.849998474121094,276800,0.0,0.0
2013-12-03 00:00:00-05:00,32.88999938964844,33.33000183105469,32.880001068115234,33.22999954223633,318300,0.0,0.0
2013-12-04 00:00:00-05:00,33.060001373291016,34.09000015258789,33.060001373291016,33.54999923706055,503600,0.0,0.0
2013-12-05 00:00:00-05:00,33.459999084472656,34.119998931884766,33.349998474121094,33.95000076293945,583900,0.0,0.0
2013-12-06 00:00:00-05:00,34.40999984741211,36.5,34.40999984741211,36.2400016784668,983300,0.0,0.0
2013-12-09 00:00:00-05:00,36.27000045776367,36.709999084472656,35.9900016784668,36.45000076293945,570000,0.0,0.0
2013-12-10 00:00:00-05:00,36.34000015258789,36.790000915527344,36.18000030517578,36.349998474121094,439600,0.0,0.0
2013-12-11 00:00:00-05:00,36.459999084472656,36.459999084472656,35.939998626708984,36.0,544300,0.0,0.0
2013-12-12 00:00:00-05:00,36.040000915527344,36.29999923706055,35.540000915527344,35.79999923706055,513100,0.0,0.0
2013-12-13 00:00:00-05:00,35.959999084472656,36.310001373291016,35.47999954223633,36.150001525878906,548200,0.0,0.0
2013-12-16 00:00:00-05:00,36.43000030517578,37.5099983215332,36.380001068115234,37.349998474121094,886400,0.0,0.0
2013-12-17 00:00:00-05:00,37.349998474121094,37.54999923706055,36.95000076293945,37.38999938964844,522100,0.0,0.0
2013-12-18 00:00:00-05:00,37.36000061035156,38.470001220703125,37.029998779296875,38.45000076293945,520000,0.0,0.0
2013-12-19 00:00:00-05:00,38.27000045776367,38.709999084472656,37.959999084472656,38.029998779296875,483800,0.0,0.0
2013-12-20 00:00:00-05:00,38.08000183105469,38.40999984741211,37.77000045776367,38.29999923706055,1466800,0.0,0.0
2013-12-23 00:00:00-05:00,38.36000061035156,38.650001525878906,36.66999816894531,37.0099983215332,1562700,0.0,0.0
2013-12-24 00:00:00-05:00,37.119998931884766,37.41999816894531,36.560001373291016,36.83000183105469,982200,0.0,0.0
2013-12-26 00:00:00-05:00,36.900001525878906,37.290000915527344,36.5,36.77000045776367,756000,0.0,0.0
2013-12-27 00:00:00-05:00,36.90999984741211,36.959999084472656,36.2400016784668,36.77000045776367,600800,0.0,0.0
2013-12-30 00:00:00-05:00,36.63999938964844,36.97999954223633,36.439998626708984,36.75,457900,0.0,0.0
2013-12-31 00:00:00-05:00,36.93000030517578,37.099998474121094,36.630001068115234,36.97999954223633,632200,0.0,0.0
2014-01-02 00:00:00-05:00,36.709999084472656,36.95000076293945,36.279998779296875,36.58000183105469,625200,0.0,0.0
2014-01-03 00:00:00-05:00,36.630001068115234,36.869998931884766,36.08000183105469,36.25,611000,0.0,0.0
2014-01-06 00:00:00-05:00,36.529998779296875,36.81999969482422,35.93000030517578,35.959999084472656,728600,0.0,0.0
2014-01-07 00:00:00-05:00,36.08000183105469,36.59000015258789,36.040000915527344,36.369998931884766,1238800,0.0,0.0
2014-01-08 00:00:00-05:00,36.25,36.79999923706055,35.970001220703125,36.2400016784668,413800,0.0,0.0
2014-01-09 00:00:00-05:00,36.470001220703125,36.47999954223633,35.86000061035156,36.25,416500,0.0,0.0
2014-01-10 00:00:00-05:00,36.310001373291016,36.63999938964844,35.90999984741211,36.189998626708984,330900,0.0,0.0
2014-01-13 00:00:00-05:00,36.0,36.38999938964844,35.209999084472656,35.4900016784668,320100,0.0,0.0
2014-01-14 00:00:00-05:00,35.560001373291016,35.970001220703125,35.18000030517578,35.72999954223633,414400,0.0,0.0
2014-01-15 00:00:00-05:00,35.77000045776367,36.02000045776367,35.34000015258789,35.529998779296875,443900,0.0,0.0
2014-01-16 00:00:00-05:00,35.36000061035156,36.02000045776367,35.18000030517578,35.209999084472656,345800,0.0,0.0
2014-01-17 00:00:00-05:00,35.04999923706055,35.33000183105469,34.66999816894531,34.7400016784668,386600,0.0,0.0
2014-01-21 00:00:00-05:00,35.08000183105469,35.279998779296875,34.61000061035156,34.880001068115234,322800,0.0,0.0
2014-01-22 00:00:00-05:00,34.91999816894531,35.18000030517578,34.790000915527344,34.9900016784668,418900,0.0,0.0
2014-01-23 00:00:00-05:00,34.97999954223633,35.209999084472656,34.41999816894531,34.689998626708984,413800,0.0,0.0
2014-01-24 00:00:00-05:00,34.40999984741211,34.86000061035156,33.16999816894531,33.290000915527344,578600,0.0,0.0
2014-01-27 00:00:00-05:00,33.36000061035156,33.380001068115234,32.099998474121094,32.13999938964844,502700,0.0,0.0
2014-01-28 00:00:00-05:00,32.06999969482422,32.939998626708984,32.0099983215332,32.90999984741211,559200,0.0,0.0
2014-01-29 00:00:00-05:00,33.27000045776367,33.27000045776367,32.13999938964844,32.150001525878906,457600,0.0,0.0
2014-01-30 00:00:00-05:00,35.0,36.880001068115234,34.02000045776367,36.5,2772800,0.0,0.0
2014-01-31 00:00:00-05:00,35.18000030517578,36.2599983215332,33.68000030517578,35.959999084472656,1278300,0.0,0.0
2014-02-03 00:00:00-05:00,35.939998626708984,36.7400016784668,34.130001068115234,34.54999923706055,1049000,0.0,0.0
2014-02-04 00:00:00-05:00,34.86000061035156,36.459999084472656,34.470001220703125,34.9900016784668,694100,0.0,0.0
2014-02-05 00:00:00-05:00,34.68000030517578,35.27000045776367,33.81999969482422,34.79999923706055,493500,0.0,0.0
2014-02-06 00:00:00-05:00,35.060001373291016,35.29999923706055,34.63999938964844,35.25,438300,0.0,0.0
2014-02-07 00:00:00-05:00,35.27000045776367,36.11000061035156,34.959999084472656,36.0,427300,0.0,0.0
2014-02-10 00:00:00-05:00,35.86000061035156,35.86000061035156,35.25,35.599998474121094,278900,0.0,0.0
2014-02-11 00:00:00-05:00,35.560001373291016,35.95000076293945,35.130001068115234,35.66999816894531,328400,0.0,0.0
2014-02-12 00:00:00-05:00,35.68000030517578,36.459999084472656,35.36000061035156,36.400001525878906,423500,0.0,0.0
2014-02-13 00:00:00-05:00,35.88999938964844,36.90999984741211,35.58000183105469,36.790000915527344,483600,0.0,0.0
2014-02-14 00:00:00-05:00,36.810001373291016,36.86000061035156,36.08000183105469,36.70000076293945,283400,0.0,0.0
2014-02-18 00:00:00-05:00,36.70000076293945,37.810001373291016,36.70000076293945,37.779998779296875,410300,0.0,0.0
2014-02-19 00:00:00-05:00,37.540000915527344,37.709999084472656,36.849998474121094,37.2400016784668,357200,0.0,0.0
2014-02-20 00:00:00-05:00,37.16999816894531,37.380001068115234,36.72999954223633,37.20000076293945,380300,0.0,0.0
2014-02-21 00:00:00-05:00,37.279998779296875,37.400001525878906,36.869998931884766,36.970001220703125,413300,0.0,0.0
2014-02-24 00:00:00-05:00,37.119998931884766,37.97999954223633,36.9900016784668,37.79999923706055,830600,0.0,0.0
2014-02-25 00:00:00-05:00,37.72999954223633,37.88999938964844,37.279998779296875,37.45000076293945,299400,0.0,0.0
2014-02-26 00:00:00-05:00,37.56999969482422,37.9900016784668,37.20000076293945,37.58000183105469,469300,0.0,0.0
2014-02-27 00:00:00-05:00,37.52000045776367,38.279998779296875,37.25,37.86000061035156,588600,0.0,0.0
2014-02-28 00:00:00-05:00,37.84000015258789,37.9900016784668,37.029998779296875,37.22999954223633,541100,0.0,0.0
2014-03-03 00:00:00-05:00,37.09000015258789,37.58000183105469,36.56999969482422,37.41999816894531,482800,0.0,0.0
2014-03-04 00:00:00-05:00,37.86000061035156,39.130001068115234,37.72999954223633,38.900001525878906,1592900,0.0,0.0
2014-03-05 00:00:00-05:00,38.90999984741211,39.29999923706055,38.47999954223633,38.54999923706055,290700,0.0,0.0
2014-03-06 00:00:00-05:00,38.58000183105469,39.06999969482422,37.939998626708984,38.06999969482422,354800,0.0,0.0
2014-03-07 00:00:00-05:00,38.31999969482422,38.47999954223633,37.56999969482422,38.36000061035156,308500,0.0,0.0
2014-03-10 00:00:00-04:00,38.209999084472656,38.209999084472656,37.040000915527344,37.38999938964844,294600,0.0,0.0
2014-03-11 00:00:00-04:00,37.36000061035156,37.7599983215332,37.04999923706055,37.4900016784668,337200,0.0,0.0
2014-03-12 00:00:00-04:00,37.209999084472656,37.400001525878906,36.900001525878906,37.099998474121094,392100,0.0,0.0
2014-03-13 00:00:00-04:00,37.25,37.61000061035156,36.060001373291016,36.15999984741211,338100,0.0,0.0
2014-03-14 00:00:00-04:00,35.91999816894531,36.459999084472656,35.650001525878906,36.0099983215332,470500,0.0,0.0
2014-03-17 00:00:00-04:00,36.29999923706055,36.86000061035156,36.04999923706055,36.36000061035156,304500,0.0,0.0
2014-03-18 00:00:00-04:00,36.45000076293945,37.40999984741211,36.25,37.31999969482422,525300,0.0,0.0
2014-03-19 00:00:00-04:00,37.290000915527344,37.290000915527344,36.279998779296875,36.619998931884766,213500,0.0,0.0
2014-03-20 00:00:00-04:00,36.52000045776367,37.15999984741211,36.29999923706055,36.869998931884766,232700,0.0,0.0
2014-03-21 00:00:00-04:00,36.9900016784668,37.400001525878906,36.15999984741211,36.2599983215332,692100,0.0,0.0
2014-03-24 00:00:00-04:00,36.36000061035156,36.470001220703125,35.04999923706055,35.65999984741211,274900,0.0,0.0
2014-03-25 00:00:00-04:00,35.95000076293945,36.369998931884766,35.08000183105469,35.290000915527344,274300,0.0,0.0
2014-03-26 00:00:00-04:00,35.459999084472656,35.619998931884766,34.0099983215332,34.029998779296875,373600,0.0,0.0
2014-03-27 00:00:00-04:00,34.08000183105469,34.40999984741211,32.959999084472656,33.029998779296875,598600,0.0,0.0
2014-03-28 00:00:00-04:00,33.02000045776367,33.560001373291016,32.81999969482422,33.29999923706055,887000,0.0,0.0
2014-03-31 00:00:00-04:00,33.52000045776367,34.75,33.22999954223633,34.400001525878906,791200,0.0,0.0
2014-04-01 00:00:00-04:00,34.540000915527344,35.33000183105469,34.349998474121094,35.13999938964844,484100,0.0,0.0
2014-04-02 00:00:00-04:00,35.2599983215332,35.45000076293945,34.93000030517578,35.290000915527344,407800,0.0,0.0
2014-04-03 00:00:00-04:00,35.349998474121094,35.7400016784668,34.16999816894531,34.369998931884766,286500,0.0,0.0
2014-04-04 00:00:00-04:00,34.68000030517578,35.029998779296875,32.189998626708984,32.290000915527344,440400,0.0,0.0
2014-04-07 00:00:00-04:00,32.04999923706055,32.970001220703125,30.829999923706055,30.90999984741211,793100,0.0,0.0
2014-04-08 00:00:00-04:00,30.889999389648438,31.530000686645508,30.540000915527344,31.350000381469727,772000,0.0,0.0
2014-04-09 00:00:00-04:00,31.440000534057617,32.0,31.18000030517578,31.989999771118164,529300,0.0,0.0
2014-04-10 00:00:00-04:00,31.90999984741211,32.0,30.31999969482422,30.43000030517578,548100,0.0,0.0
2014-04-11 00:00:00-04:00,30.1200008392334,30.65999984741211,29.389999389648438,29.520000457763672,801900,0.0,0.0
2014-04-14 00:00:00-04:00,29.889999389648438,30.25,29.100000381469727,29.260000228881836,615500,0.0,0.0
2014-04-15 00:00:00-04:00,29.3700008392334,29.540000915527344,28.43000030517578,29.15999984741211,534200,0.0,0.0
2014-04-16 00:00:00-04:00,29.459999084472656,31.15999984741211,29.40999984741211,31.049999237060547,777900,0.0,0.0
2014-04-17 00:00:00-04:00,30.8799991607666,31.899999618530273,30.549999237060547,31.469999313354492,531300,0.0,0.0
2014-04-21 00:00:00-04:00,31.530000686645508,31.770000457763672,30.790000915527344,31.1299991607666,348000,0.0,0.0
2014-04-22 00:00:00-04:00,31.139999389648438,32.02000045776367,31.06999969482422,31.719999313354492,340800,0.0,0.0
2014-04-23 00:00:00-04:00,31.520000457763672,31.969999313354492,31.280000686645508,31.299999237060547,305100,0.0,0.0
2014-04-24 00:00:00-04:00,31.510000228881836,31.700000762939453,29.899999618530273,30.020000457763672,745100,0.0,0.0
2014-04-25 00:00:00-04:00,29.790000915527344,30.399999618530273,29.020000457763672,29.229999542236328,734000,0.0,0.0
2014-04-28 00:00:00-04:00,29.43000030517578,29.670000076293945,27.959999084472656,28.639999389648438,819900,0.0,0.0
2014-04-29 00:00:00-04:00,28.860000610351562,29.020000457763672,28.350000381469727,28.510000228881836,428000,0.0,0.0
2014-04-30 00:00:00-04:00,28.40999984741211,28.489999771118164,27.65999984741211,28.239999771118164,780900,0.0,0.0
2014-05-01 00:00:00-04:00,28.280000686645508,29.09000015258789,27.690000534057617,28.75,640700,0.0,0.0
2014-05-02 00:00:00-04:00,28.889999389648438,29.049999237060547,28.540000915527344,28.610000610351562,464900,0.0,0.0
2014-05-05 00:00:00-04:00,28.260000228881836,28.540000915527344,27.93000030517578,28.229999542236328,344300,0.0,0.0
2014-05-06 00:00:00-04:00,28.09000015258789,28.479999542236328,27.56999969482422,27.6299991607666,499800,0.0,0.0
2014-05-07 00:00:00-04:00,27.690000534057617,27.700000762939453,26.280000686645508,26.65999984741211,937100,0.0,0.0
2014-05-08 00:00:00-04:00,26.65999984741211,27.790000915527344,26.530000686645508,26.649999618530273,567900,0.0,0.0
2014-05-09 00:00:00-04:00,26.540000915527344,27.18000030517578,26.31999969482422,26.729999542236328,468600,0.0,0.0
2014-05-12 00:00:00-04:00,26.959999084472656,28.229999542236328,26.729999542236328,28.049999237060547,740300,0.0,0.0
2014-05-13 00:00:00-04:00,28.040000915527344,28.350000381469727,27.479999542236328,27.639999389648438,772300,0.0,0.0
2014-05-14 00:00:00-04:00,27.469999313354492,27.709999084472656,26.790000915527344,27.139999389648438,816400,0.0,0.0
2014-05-15 00:00:00-04:00,26.5,26.5,20.40999984741211,21.440000534057617,3998400,0.0,0.0
2014-05-16 00:00:00-04:00,21.459999084472656,21.5,20.299999237060547,20.610000610351562,1520700,0.0,0.0
2014-05-19 00:00:00-04:00,20.40999984741211,21.65999984741211,20.399999618530273,21.510000228881836,1139700,0.0,0.0
2014-05-20 00:00:00-04:00,21.950000762939453,22.040000915527344,20.760000228881836,21.170000076293945,1503400,0.0,0.0
2014-05-21 00:00:00-04:00,21.270000457763672,21.5,21.010000228881836,21.25,1450400,0.0,0.0
2014-05-22 00:00:00-04:00,21.229999542236328,21.93000030517578,21.15999984741211,21.829999923706055,921900,0.0,0.0
2014-05-23 00:00:00-04:00,21.809999465942383,22.610000610351562,21.6299991607666,22.5,773700,0.0,0.0
2014-05-27 00:00:00-04:00,22.479999542236328,23.31999969482422,22.479999542236328,22.920000076293945,1019900,0.0,0.0
2014-05-28 00:00:00-04:00,22.989999771118164,23.1299991607666,22.700000762939453,22.8700008392334,561400,0.0,0.0
2014-05-29 00:00:00-04:00,23.030000686645508,23.059999465942383,22.739999771118164,22.989999771118164,376600,0.0,0.0
2014-05-30 00:00:00-04:00,22.959999084472656,23.170000076293945,22.299999237060547,22.729999542236328,485000,0.0,0.0
2014-06-02 00:00:00-04:00,22.729999542236328,23.0,22.149999618530273,22.459999084472656,555400,0.0,0.0
2014-06-03 00:00:00-04:00,22.350000381469727,22.600000381469727,21.90999984741211,22.200000762939453,942000,0.0,0.0
2014-06-04 00:00:00-04:00,22.040000915527344,22.43000030517578,21.84000015258789,22.200000762939453,622000,0.0,0.0
2014-06-05 00:00:00-04:00,22.170000076293945,22.219999313354492,21.860000610351562,21.959999084472656,826900,0.0,0.0
2014-06-06 00:00:00-04:00,22.110000610351562,22.40999984741211,21.809999465942383,22.290000915527344,1073800,0.0,0.0
2014-06-09 00:00:00-04:00,22.209999084472656,22.399999618530273,21.790000915527344,21.90999984741211,644300,0.0,0.0
2014-06-10 00:00:00-04:00,21.770000457763672,21.860000610351562,21.290000915527344,21.43000030517578,669000,0.0,0.0
2014-06-11 00:00:00-04:00,21.31999969482422,21.549999237060547,21.1299991607666,21.34000015258789,394300,0.0,0.0
2014-06-12 00:00:00-04:00,21.299999237060547,21.299999237060547,20.809999465942383,20.8799991607666,410700,0.0,0.0
2014-06-13 00:00:00-04:00,20.979999542236328,21.100000381469727,20.649999618530273,20.93000030517578,529400,0.0,0.0
2014-06-16 00:00:00-04:00,20.850000381469727,21.350000381469727,20.729999542236328,21.209999084472656,757900,0.0,0.0
2014-06-17 00:00:00-04:00,21.139999389648438,21.84000015258789,21.020000457763672,21.760000228881836,1240900,0.0,0.0
2014-06-18 00:00:00-04:00,21.709999084472656,21.780000686645508,21.5,21.600000381469727,636900,0.0,0.0
2014-06-19 00:00:00-04:00,21.700000762939453,21.770000457763672,21.3799991607666,21.600000381469727,449200,0.0,0.0
2014-06-20 00:00:00-04:00,21.729999542236328,21.739999771118164,21.34000015258789,21.68000030517578,621100,0.0,0.0
2014-06-23 00:00:00-04:00,21.649999618530273,22.059999465942383,21.520000457763672,21.829999923706055,615000,0.0,0.0
2014-06-24 00:00:00-04:00,21.719999313354492,22.15999984741211,21.579999923706055,21.639999389648438,555400,0.0,0.0
2014-06-25 00:00:00-04:00,21.520000457763672,21.809999465942383,21.420000076293945,21.799999237060547,449100,0.0,0.0
2014-06-26 00:00:00-04:00,21.790000915527344,21.850000381469727,21.399999618530273,21.600000381469727,382900,0.0,0.0
2014-06-27 00:00:00-04:00,21.450000762939453,21.729999542236328,21.3799991607666,21.559999465942383,1079000,0.0,0.0
2014-06-30 00:00:00-04:00,21.59000015258789,21.81999969482422,21.329999923706055,21.690000534057617,515200,0.0,0.0
2014-07-01 00:00:00-04:00,21.8700008392334,22.31999969482422,21.719999313354492,22.059999465942383,1261400,0.0,0.0
2014-07-02 00:00:00-04:00,22.06999969482422,22.170000076293945,21.489999771118164,21.5,421500,0.0,0.0
2014-07-03 00:00:00-04:00,21.6299991607666,21.75,21.459999084472656,21.68000030517578,295400,0.0,0.0
2014-07-07 00:00:00-04:00,21.610000610351562,21.6299991607666,21.170000076293945,21.229999542236328,325700,0.0,0.0
2014-07-08 00:00:00-04:00,21.219999313354492,21.219999313354492,20.329999923706055,20.770000457763672,673100,0.0,0.0
2014-07-09 00:00:00-04:00,20.860000610351562,21.1200008392334,20.6200008392334,20.780000686645508,477500,0.0,0.0
2014-07-10 00:00:00-04:00,20.329999923706055,21.059999465942383,20.170000076293945,20.709999084472656,438200,0.0,0.0
2014-07-11 00:00:00-04:00,20.6200008392334,20.8799991607666,20.079999923706055,20.149999618530273,521800,0.0,0.0
2014-07-14 00:00:00-04:00,20.469999313354492,20.469999313354492,20.09000015258789,20.3700008392334,362000,0.0,0.0
2014-07-15 00:00:00-04:00,20.40999984741211,20.5,19.8799991607666,20.059999465942383,572300,0.0,0.0
2014-07-16 00:00:00-04:00,20.200000762939453,20.200000762939453,19.579999923706055,19.81999969482422,541700,0.0,0.0
2014-07-17 00:00:00-04:00,19.65999984741211,19.8700008392334,19.270000457763672,19.360000610351562,625700,0.0,0.0
2014-07-18 00:00:00-04:00,19.31999969482422,19.860000610351562,19.31999969482422,19.75,701200,0.0,0.0
2014-07-21 00:00:00-04:00,19.610000610351562,19.790000915527344,19.309999465942383,19.6200008392334,323400,0.0,0.0
2014-07-22 00:00:00-04:00,19.709999084472656,20.049999237060547,19.709999084472656,19.84000015258789,444300,0.0,0.0
2014-07-23 00:00:00-04:00,19.889999389648438,19.889999389648438,19.559999465942383,19.649999618530273,345700,0.0,0.0
2014-07-24 00:00:00-04:00,19.6299991607666,19.799999237060547,19.299999237060547,19.360000610351562,359600,0.0,0.0
2014-07-25 00:00:00-04:00,19.18000030517578,19.209999084472656,18.93000030517578,19.079999923706055,439000,0.0,0.0
2014-07-28 00:00:00-04:00,19.09000015258789,19.18000030517578,18.860000610351562,18.889999389648438,650100,0.0,0.0
2014-07-29 00:00:00-04:00,18.950000762939453,19.040000915527344,18.559999465942383,18.56999969482422,863800,0.0,0.0
2014-07-30 00:00:00-04:00,18.600000381469727,18.829999923706055,18.540000915527344,18.639999389648438,886500,0.0,0.0
2014-07-31 00:00:00-04:00,18.229999542236328,18.40999984741211,18.020000457763672,18.31999969482422,1452500,0.0,0.0
2014-08-01 00:00:00-04:00,18.299999237060547,18.520000457763672,18.209999084472656,18.389999389648438,1122100,0.0,0.0
2014-08-04 00:00:00-04:00,18.540000915527344,18.649999618530273,17.8799991607666,18.600000381469727,1072000,0.0,0.0
2014-08-05 00:00:00-04:00,17.280000686645508,18.290000915527344,17.100000381469727,17.969999313354492,3388600,0.0,0.0
2014-08-06 00:00:00-04:00,17.899999618530273,18.100000381469727,17.770000457763672,17.979999542236328,821200,0.0,0.0
2014-08-07 00:00:00-04:00,18.059999465942383,18.09000015258789,17.760000228881836,17.770000457763672,629600,0.0,0.0
2014-08-08 00:00:00-04:00,17.850000381469727,18.299999237060547,17.850000381469727,18.0,740300,0.0,0.0
2014-08-11 00:00:00-04:00,18.15999984741211,18.309999465942383,17.84000015258789,18.190000534057617,689600,0.0,0.0
2014-08-12 00:00:00-04:00,18.1200008392334,18.200000762939453,17.739999771118164,17.850000381469727,421400,0.0,0.0
2014-08-13 00:00:00-04:00,17.940000534057617,18.06999969482422,17.84000015258789,17.889999389648438,371300,0.0,0.0
2014-08-14 00:00:00-04:00,17.8700008392334,17.90999984741211,17.690000534057617,17.75,243400,0.0,0.0
2014-08-15 00:00:00-04:00,17.899999618530273,17.940000534057617,17.360000610351562,17.780000686645508,740600,0.0,0.0
2014-08-18 00:00:00-04:00,18.059999465942383,18.649999618530273,18.0,18.489999771118164,872200,0.0,0.0
2014-08-19 00:00:00-04:00,18.5,18.68000030517578,18.399999618530273,18.549999237060547,577100,0.0,0.0
2014-08-20 00:00:00-04:00,18.450000762939453,18.579999923706055,18.200000762939453,18.399999618530273,616000,0.0,0.0
2014-08-21 00:00:00-04:00,18.420000076293945,18.420000076293945,18.020000457763672,18.260000228881836,438700,0.0,0.0
2014-08-22 00:00:00-04:00,18.239999771118164,18.489999771118164,18.09000015258789,18.350000381469727,294900,0.0,0.0
2014-08-25 00:00:00-04:00,18.5,18.5,18.1299991607666,18.31999969482422,316900,0.0,0.0
2014-08-26 00:00:00-04:00,18.31999969482422,18.610000610351562,18.229999542236328,18.559999465942383,301800,0.0,0.0
2014-08-27 00:00:00-04:00,18.68000030517578,18.739999771118164,18.5,18.65999984741211,413300,0.0,0.0
2014-08-28 00:00:00-04:00,18.540000915527344,18.649999618530273,18.3700008392334,18.450000762939453,370800,0.0,0.0
2014-08-29 00:00:00-04:00,18.440000534057617,18.56999969482422,18.229999542236328,18.549999237060547,263200,0.0,0.0
2014-09-02 00:00:00-04:00,18.56999969482422,19.1299991607666,18.479999542236328,19.09000015258789,843400,0.0,0.0
2014-09-03 00:00:00-04:00,19.190000534057617,19.31999969482422,19.030000686645508,19.110000610351562,631700,0.0,0.0
2014-09-04 00:00:00-04:00,19.1299991607666,19.5,18.889999389648438,19.020000457763672,441400,0.0,0.0
2014-09-05 00:00:00-04:00,18.950000762939453,18.969999313354492,18.639999389648438,18.68000030517578,326300,0.0,0.0
2014-09-08 00:00:00-04:00,18.75,18.81999969482422,18.309999465942383,18.479999542236328,351300,0.0,0.0
2014-09-09 00:00:00-04:00,18.43000030517578,18.639999389648438,18.15999984741211,18.260000228881836,397300,0.0,0.0
2014-09-10 00:00:00-04:00,18.260000228881836,18.649999618530273,18.260000228881836,18.639999389648438,344900,0.0,0.0
2014-09-11 00:00:00-04:00,18.469999313354492,18.670000076293945,18.350000381469727,18.65999984741211,401300,0.0,0.0
2014-09-12 00:00:00-04:00,18.690000534057617,18.829999923706055,18.420000076293945,18.6299991607666,696700,0.0,0.0
2014-09-15 00:00:00-04:00,18.600000381469727,18.600000381469727,17.8799991607666,18.260000228881836,643800,0.0,0.0
2014-09-16 00:00:00-04:00,18.15999984741211,18.34000015258789,18.030000686645508,18.25,568800,0.0,0.0
2014-09-17 00:00:00-04:00,18.219999313354492,18.43000030517578,18.049999237060547,18.200000762939453,367200,0.0,0.0
2014-09-18 00:00:00-04:00,18.299999237060547,18.34000015258789,18.049999237060547,18.209999084472656,441700,0.0,0.0
2014-09-19 00:00:00-04:00,18.239999771118164,18.290000915527344,17.950000762939453,18.09000015258789,791500,0.0,0.0
2014-09-22 00:00:00-04:00,17.969999313354492,18.0,17.34000015258789,17.610000610351562,908000,0.0,0.0
2014-09-23 00:00:00-04:00,17.559999465942383,17.700000762939453,17.450000762939453,17.579999923706055,694000,0.0,0.0
2014-09-24 00:00:00-04:00,17.610000610351562,17.790000915527344,17.34000015258789,17.690000534057617,580300,0.0,0.0
2014-09-25 00:00:00-04:00,17.600000381469727,17.65999984741211,17.110000610351562,17.209999084472656,491300,0.0,0.0
2014-09-26 00:00:00-04:00,17.25,17.799999237060547,17.010000228881836,17.139999389648438,409500,0.0,0.0
2014-09-29 00:00:00-04:00,16.889999389648438,17.200000762939453,16.799999237060547,17.010000228881836,518900,0.0,0.0
2014-09-30 00:00:00-04:00,16.969999313354492,17.059999465942383,16.530000686645508,16.549999237060547,836500,0.0,0.0
2014-10-01 00:00:00-04:00,16.559999465942383,16.559999465942383,16.200000762939453,16.260000228881836,675900,0.0,0.0
2014-10-02 00:00:00-04:00,16.229999542236328,16.8799991607666,16.229999542236328,16.809999465942383,458100,0.0,0.0
2014-10-03 00:00:00-04:00,17.040000915527344,17.270000457763672,16.979999542236328,17.059999465942383,363700,0.0,0.0
2014-10-06 00:00:00-04:00,17.110000610351562,17.25,16.719999313354492,16.739999771118164,304100,0.0,0.0
2014-10-07 00:00:00-04:00,16.6200008392334,16.670000076293945,16.309999465942383,16.559999465942383,822800,0.0,0.0
2014-10-08 00:00:00-04:00,16.579999923706055,17.309999465942383,16.520000457763672,17.280000686645508,420000,0.0,0.0
2014-10-09 00:00:00-04:00,17.219999313354492,17.399999618530273,16.709999084472656,16.729999542236328,592600,0.0,0.0
2014-10-10 00:00:00-04:00,16.6299991607666,17.06999969482422,16.329999923706055,16.3799991607666,589200,0.0,0.0
2014-10-13 00:00:00-04:00,16.309999465942383,16.510000228881836,16.040000915527344,16.079999923706055,465000,0.0,0.0
2014-10-14 00:00:00-04:00,16.239999771118164,16.75,16.170000076293945,16.68000030517578,489100,0.0,0.0
2014-10-15 00:00:00-04:00,16.420000076293945,17.079999923706055,16.360000610351562,16.93000030517578,645200,0.0,0.0
2014-10-16 00:00:00-04:00,16.649999618530273,16.989999771118164,16.600000381469727,16.889999389648438,491400,0.0,0.0
2014-10-17 00:00:00-04:00,17.149999618530273,17.200000762939453,16.600000381469727,16.700000762939453,298100,0.0,0.0
2014-10-20 00:00:00-04:00,16.59000015258789,16.829999923706055,16.520000457763672,16.739999771118164,354600,0.0,0.0
2014-10-21 00:00:00-04:00,16.8799991607666,17.139999389648438,16.760000228881836,16.8700008392334,432900,0.0,0.0
2014-10-22 00:00:00-04:00,16.959999084472656,17.040000915527344,16.5,16.520000457763672,302200,0.0,0.0
2014-10-23 00:00:00-04:00,16.690000534057617,17.170000076293945,16.690000534057617,16.979999542236328,386700,0.0,0.0
2014-10-24 00:00:00-04:00,16.979999542236328,17.079999923706055,16.799999237060547,16.860000610351562,231500,0.0,0.0
2014-10-27 00:00:00-04:00,16.809999465942383,17.149999618530273,16.639999389648438,17.110000610351562,228700,0.0,0.0
2014-10-28 00:00:00-04:00,17.15999984741211,18.100000381469727,17.0,18.100000381469727,423900,0.0,0.0
2014-10-29 00:00:00-04:00,18.149999618530273,18.260000228881836,17.549999237060547,17.93000030517578,445000,0.0,0.0
2014-10-30 00:00:00-04:00,17.850000381469727,18.389999389648438,17.700000762939453,18.350000381469727,473900,0.0,0.0
2014-10-31 00:00:00-04:00,18.790000915527344,19.059999465942383,18.5,18.84000015258789,649400,0.0,0.0
2014-11-03 00:00:00-05:00,18.920000076293945,19.06999969482422,18.3700008392334,18.690000534057617,777300,0.0,0.0
2014-11-04 00:00:00-05:00,18.6299991607666,18.959999084472656,17.329999923706055,17.84000015258789,1465800,0.0,0.0
2014-11-05 00:00:00-05:00,18.030000686645508,19.020000457763672,17.65999984741211,18.989999771118164,996100,0.0,0.0
2014-11-06 00:00:00-05:00,19.06999969482422,19.420000076293945,18.90999984741211,19.3799991607666,647600,0.0,0.0
2014-11-07 00:00:00-05:00,19.34000015258789,19.420000076293945,18.850000381469727,19.059999465942383,477300,0.0,0.0
2014-11-10 00:00:00-05:00,19.100000381469727,19.270000457763672,18.940000534057617,19.209999084472656,288600,0.0,0.0
2014-11-11 00:00:00-05:00,19.170000076293945,19.34000015258789,19.030000686645508,19.18000030517578,258600,0.0,0.0
2014-11-12 00:00:00-05:00,19.049999237060547,19.34000015258789,18.889999389648438,19.31999969482422,318900,0.0,0.0
2014-11-13 00:00:00-05:00,19.299999237060547,19.299999237060547,18.09000015258789,18.530000686645508,893900,0.0,0.0
2014-11-14 00:00:00-05:00,18.59000015258789,18.700000762939453,18.31999969482422,18.56999969482422,440400,0.0,0.0
2014-11-17 00:00:00-05:00,18.520000457763672,18.6299991607666,18.100000381469727,18.170000076293945,358600,0.0,0.0
2014-11-18 00:00:00-05:00,18.190000534057617,18.600000381469727,18.190000534057617,18.469999313354492,447700,0.0,0.0
2014-11-19 00:00:00-05:00,18.40999984741211,18.530000686645508,18.059999465942383,18.43000030517578,596200,0.0,0.0
2014-11-20 00:00:00-05:00,18.3700008392334,18.850000381469727,18.280000686645508,18.770000457763672,365800,0.0,0.0
2014-11-21 00:00:00-05:00,19.09000015258789,19.100000381469727,18.790000915527344,19.020000457763672,507700,0.0,0.0
2014-11-24 00:00:00-05:00,19.020000457763672,19.43000030517578,19.0,19.43000030517578,371200,0.0,0.0
2014-11-25 00:00:00-05:00,19.469999313354492,19.709999084472656,19.3700008392334,19.489999771118164,387500,0.0,0.0
2014-11-26 00:00:00-05:00,19.5,19.5,19.25,19.290000915527344,208800,0.0,0.0
2014-11-28 00:00:00-05:00,19.309999465942383,19.5,18.989999771118164,19.030000686645508,214100,0.0,0.0
2014-12-01 00:00:00-05:00,19.0,19.030000686645508,18.65999984741211,18.899999618530273,478300,0.0,0.0
2014-12-02 00:00:00-05:00,18.899999618530273,20.229999542236328,18.799999237060547,19.889999389648438,799500,0.0,0.0
2014-12-03 00:00:00-05:00,19.950000762939453,20.15999984741211,19.729999542236328,19.940000534057617,743400,0.0,0.0
2014-12-04 00:00:00-05:00,19.850000381469727,20.100000381469727,19.56999969482422,19.75,643600,0.0,0.0
2014-12-05 00:00:00-05:00,19.770000457763672,20.670000076293945,19.760000228881836,20.510000228881836,865900,0.0,0.0
2014-12-08 00:00:00-05:00,20.510000228881836,21.25,20.40999984741211,20.540000915527344,961200,0.0,0.0
2014-12-09 00:00:00-05:00,20.25,21.040000915527344,19.889999389648438,21.030000686645508,772300,0.0,0.0
2014-12-10 00:00:00-05:00,20.860000610351562,20.950000762939453,20.219999313354492,20.290000915527344,748000,0.0,0.0
2014-12-11 00:00:00-05:00,20.459999084472656,20.809999465942383,20.200000762939453,20.670000076293945,480400,0.0,0.0
2014-12-12 00:00:00-05:00,20.3799991607666,20.65999984741211,19.5,19.549999237060547,485900,0.0,0.0
2014-12-15 00:00:00-05:00,19.709999084472656,19.709999084472656,18.920000076293945,19.06999969482422,685400,0.0,0.0
2014-12-16 00:00:00-05:00,18.940000534057617,20.100000381469727,18.6200008392334,19.489999771118164,617100,0.0,0.0
2014-12-17 00:00:00-05:00,19.510000228881836,20.440000534057617,19.360000610351562,20.440000534057617,537400,0.0,0.0
2014-12-18 00:00:00-05:00,20.739999771118164,20.90999984741211,20.459999084472656,20.899999618530273,339000,0.0,0.0
2014-12-19 00:00:00-05:00,20.899999618530273,21.020000457763672,19.81999969482422,19.860000610351562,1760400,0.0,0.0
2014-12-22 00:00:00-05:00,20.010000228881836,20.600000381469727,19.920000076293945,20.600000381469727,536100,0.0,0.0
2014-12-23 00:00:00-05:00,20.68000030517578,20.940000534057617,20.559999465942383,20.700000762939453,307700,0.0,0.0
2014-12-24 00:00:00-05:00,20.809999465942383,20.8700008392334,20.510000228881836,20.760000228881836,139800,0.0,0.0
2014-12-26 00:00:00-05:00,20.84000015258789,21.0,20.6299991607666,20.709999084472656,151900,0.0,0.0
2014-12-29 00:00:00-05:00,20.65999984741211,20.81999969482422,20.489999771118164,20.809999465942383,385400,0.0,0.0
2014-12-30 00:00:00-05:00,20.700000762939453,20.860000610351562,20.5,20.540000915527344,356100,0.0,0.0
2014-12-31 00:00:00-05:00,20.6299991607666,20.68000030517578,20.239999771118164,20.270000457763672,334800,0.0,0.0
2015-01-02 00:00:00-05:00,20.34000015258789,20.489999771118164,19.18000030517578,19.600000381469727,557300,0.0,0.0
2015-01-05 00:00:00-05:00,19.440000534057617,19.6299991607666,19.09000015258789,19.420000076293945,748400,0.0,0.0
2015-01-06 00:00:00-05:00,19.479999542236328,19.670000076293945,18.709999084472656,19.079999923706055,426200,0.0,0.0
2015-01-07 00:00:00-05:00,19.200000762939453,19.489999771118164,19.040000915527344,19.34000015258789,327200,0.0,0.0
2015-01-08 00:00:00-05:00,19.59000015258789,20.079999923706055,19.1200008392334,19.790000915527344,481400,0.0,0.0
2015-01-09 00:00:00-05:00,19.790000915527344,20.0,19.56999969482422,19.68000030517578,506800,0.0,0.0
2015-01-12 00:00:00-05:00,19.649999618530273,19.950000762939453,19.489999771118164,19.719999313354492,321200,0.0,0.0
2015-01-13 00:00:00-05:00,19.829999923706055,20.530000686645508,19.209999084472656,19.510000228881836,586100,0.0,0.0
2015-01-14 00:00:00-05:00,19.1200008392334,19.5,18.709999084472656,19.329999923706055,453000,0.0,0.0
2015-01-15 00:00:00-05:00,19.239999771118164,19.489999771118164,18.399999618530273,18.440000534057617,515500,0.0,0.0
2015-01-16 00:00:00-05:00,18.34000015258789,18.899999618530273,18.200000762939453,18.8799991607666,427900,0.0,0.0
2015-01-20 00:00:00-05:00,18.93000030517578,18.93000030517578,17.979999542236328,18.309999465942383,457700,0.0,0.0
2015-01-21 00:00:00-05:00,18.200000762939453,18.59000015258789,17.979999542236328,18.110000610351562,437000,0.0,0.0
2015-01-22 00:00:00-05:00,18.239999771118164,18.979999542236328,18.0,18.959999084472656,458900,0.0,0.0
2015-01-23 00:00:00-05:00,18.989999771118164,19.469999313354492,18.780000686645508,19.34000015258789,408100,0.0,0.0
2015-01-26 00:00:00-05:00,19.309999465942383,19.40999984741211,18.8700008392334,19.350000381469727,585200,0.0,0.0
2015-01-27 00:00:00-05:00,19.010000228881836,19.260000228881836,18.420000076293945,18.920000076293945,398500,0.0,0.0
2015-01-28 00:00:00-05:00,19.100000381469727,19.219999313354492,18.360000610351562,18.43000030517578,591100,0.0,0.0
2015-01-29 00:00:00-05:00,18.489999771118164,18.75,18.229999542236328,18.75,581600,0.0,0.0
2015-01-30 00:00:00-05:00,18.6299991607666,18.75,18.149999618530273,18.200000762939453,438800,0.0,0.0
2015-02-02 00:00:00-05:00,18.219999313354492,18.56999969482422,17.790000915527344,18.510000228881836,538800,0.0,0.0
2015-02-03 00:00:00-05:00,18.600000381469727,19.389999389648438,18.600000381469727,19.309999465942383,413500,0.0,0.0
2015-02-04 00:00:00-05:00,19.1299991607666,19.68000030517578,19.1299991607666,19.280000686645508,397000,0.0,0.0
2015-02-05 00:00:00-05:00,19.34000015258789,19.34000015258789,17.719999313354492,18.459999084472656,1664600,0.0,0.0
2015-02-06 00:00:00-05:00,18.440000534057617,19.3700008392334,18.329999923706055,19.270000457763672,504500,0.0,0.0
2015-02-09 00:00:00-05:00,19.219999313354492,19.459999084472656,18.399999618530273,18.5,755800,0.0,0.0
2015-02-10 00:00:00-05:00,18.670000076293945,18.959999084472656,17.920000076293945,18.25,1047500,0.0,0.0
2015-02-11 00:00:00-05:00,18.18000030517578,18.8799991607666,18.18000030517578,18.719999313354492,476600,0.0,0.0
2015-02-12 00:00:00-05:00,18.829999923706055,19.219999313354492,18.739999771118164,19.100000381469727,386000,0.0,0.0
2015-02-13 00:00:00-05:00,19.100000381469727,19.200000762939453,18.760000228881836,19.100000381469727,480900,0.0,0.0
2015-02-17 00:00:00-05:00,19.110000610351562,19.809999465942383,18.950000762939453,19.65999984741211,582100,0.0,0.0
2015-02-18 00:00:00-05:00,19.6299991607666,19.889999389648438,19.549999237060547,19.719999313354492,496900,0.0,0.0
2015-02-19 00:00:00-05:00,19.610000610351562,19.90999984741211,19.579999923706055,19.760000228881836,254800,0.0,0.0
2015-02-20 00:00:00-05:00,19.770000457763672,19.899999618530273,19.360000610351562,19.65999984741211,228000,0.0,0.0
2015-02-23 00:00:00-05:00,19.579999923706055,19.579999923706055,19.1200008392334,19.34000015258789,282100,0.0,0.0
2015-02-24 00:00:00-05:00,19.260000228881836,19.489999771118164,19.18000030517578,19.40999984741211,213600,0.0,0.0
2015-02-25 00:00:00-05:00,19.469999313354492,19.809999465942383,19.40999984741211,19.770000457763672,265800,0.0,0.0
2015-02-26 00:00:00-05:00,19.729999542236328,19.989999771118164,19.639999389648438,19.780000686645508,198700,0.0,0.0
2015-02-27 00:00:00-05:00,19.719999313354492,20.200000762939453,19.719999313354492,20.0,421700,0.0,0.0
2015-03-02 00:00:00-05:00,20.030000686645508,20.440000534057617,20.0,20.399999618530273,294100,0.0,0.0
2015-03-03 00:00:00-05:00,20.239999771118164,20.290000915527344,19.760000228881836,19.959999084472656,517700,0.0,0.0
2015-03-04 00:00:00-05:00,19.770000457763672,19.989999771118164,19.530000686645508,19.579999923706055,296500,0.0,0.0
2015-03-05 00:00:00-05:00,19.6200008392334,19.8700008392334,19.270000457763672,19.790000915527344,393100,0.0,0.0
2015-03-06 00:00:00-05:00,19.600000381469727,19.81999969482422,19.219999313354492,19.440000534057617,317900,0.0,0.0
2015-03-09 00:00:00-04:00,19.520000457763672,19.670000076293945,19.420000076293945,19.530000686645508,289600,0.0,0.0
2015-03-10 00:00:00-04:00,19.260000228881836,19.68000030517578,18.809999465942383,18.899999618530273,392000,0.0,0.0
2015-03-11 00:00:00-04:00,18.8700008392334,19.079999923706055,18.739999771118164,18.860000610351562,431700,0.0,0.0
2015-03-12 00:00:00-04:00,19.020000457763672,19.1200008392334,18.649999618530273,19.09000015258789,335400,0.0,0.0
2015-03-13 00:00:00-04:00,19.100000381469727,19.15999984741211,18.31999969482422,18.799999237060547,321200,0.0,0.0
2015-03-16 00:00:00-04:00,18.8700008392334,19.56999969482422,18.649999618530273,19.440000534057617,448900,0.0,0.0
2015-03-17 00:00:00-04:00,19.399999618530273,19.520000457763672,19.1200008392334,19.15999984741211,352900,0.0,0.0
2015-03-18 00:00:00-04:00,19.059999465942383,19.540000915527344,19.030000686645508,19.40999984741211,322700,0.0,0.0
2015-03-19 00:00:00-04:00,19.329999923706055,19.610000610351562,19.25,19.59000015258789,285200,0.0,0.0
2015-03-20 00:00:00-04:00,19.649999618530273,19.780000686645508,19.459999084472656,19.59000015258789,868000,0.0,0.0
2015-03-23 00:00:00-04:00,19.549999237060547,19.729999542236328,19.469999313354492,19.559999465942383,251200,0.0,0.0
2015-03-24 00:00:00-04:00,19.549999237060547,19.719999313354492,19.399999618530273,19.6299991607666,261900,0.0,0.0
2015-03-25 00:00:00-04:00,19.68000030517578,19.68000030517578,18.770000457763672,18.84000015258789,300100,0.0,0.0
2015-03-26 00:00:00-04:00,18.799999237060547,18.860000610351562,18.600000381469727,18.639999389648438,332900,0.0,0.0
2015-03-27 00:00:00-04:00,18.610000610351562,18.6299991607666,18.329999923706055,18.56999969482422,284500,0.0,0.0
2015-03-30 00:00:00-04:00,18.719999313354492,18.81999969482422,18.479999542236328,18.780000686645508,222300,0.0,0.0
2015-03-31 00:00:00-04:00,18.6299991607666,18.6299991607666,18.209999084472656,18.489999771118164,328500,0.0,0.0
2015-04-01 00:00:00-04:00,18.350000381469727,18.469999313354492,17.920000076293945,18.280000686645508,300200,0.0,0.0
2015-04-02 00:00:00-04:00,18.15999984741211,18.90999984741211,18.15999984741211,18.6200008392334,279500,0.0,0.0
2015-04-06 00:00:00-04:00,18.3799991607666,19.09000015258789,18.3799991607666,19.079999923706055,312000,0.0,0.0
2015-04-07 00:00:00-04:00,19.079999923706055,19.280000686645508,18.81999969482422,18.829999923706055,262500,0.0,0.0
2015-04-08 00:00:00-04:00,18.850000381469727,19.09000015258789,18.68000030517578,18.90999984741211,196100,0.0,0.0
2015-04-09 00:00:00-04:00,18.860000610351562,19.049999237060547,18.43000030517578,18.719999313354492,203800,0.0,0.0
2015-04-10 00:00:00-04:00,18.84000015258789,19.299999237060547,18.639999389648438,19.049999237060547,251200,0.0,0.0
2015-04-13 00:00:00-04:00,19.059999465942383,19.399999618530273,19.030000686645508,19.06999969482422,350800,0.0,0.0
2015-04-14 00:00:00-04:00,19.1299991607666,19.459999084472656,18.950000762939453,19.270000457763672,432500,0.0,0.0
2015-04-15 00:00:00-04:00,19.350000381469727,19.459999084472656,19.15999984741211,19.190000534057617,521400,0.0,0.0
2015-04-16 00:00:00-04:00,19.149999618530273,19.25,18.809999465942383,19.049999237060547,220700,0.0,0.0
2015-04-17 00:00:00-04:00,18.829999923706055,18.940000534057617,18.25,18.260000228881836,265200,0.0,0.0
2015-04-20 00:00:00-04:00,18.3799991607666,18.780000686645508,18.3799991607666,18.559999465942383,197900,0.0,0.0
2015-04-21 00:00:00-04:00,18.690000534057617,18.799999237060547,18.270000457763672,18.3700008392334,235300,0.0,0.0
2015-04-22 00:00:00-04:00,18.350000381469727,18.3700008392334,17.950000762939453,18.299999237060547,232200,0.0,0.0
2015-04-23 00:00:00-04:00,18.18000030517578,18.510000228881836,18.040000915527344,18.40999984741211,537700,0.0,0.0
2015-04-24 00:00:00-04:00,18.479999542236328,18.510000228881836,18.190000534057617,18.329999923706055,339100,0.0,0.0
2015-04-27 00:00:00-04:00,18.360000610351562,18.530000686645508,18.049999237060547,18.18000030517578,482000,0.0,0.0
2015-04-28 00:00:00-04:00,18.239999771118164,18.540000915527344,18.09000015258789,18.520000457763672,485500,0.0,0.0
2015-04-29 00:00:00-04:00,18.350000381469727,18.549999237060547,18.170000076293945,18.18000030517578,292000,0.0,0.0
2015-04-30 00:00:00-04:00,17.989999771118164,18.309999465942383,17.420000076293945,17.459999084472656,482300,0.0,0.0
2015-05-01 00:00:00-04:00,17.510000228881836,17.610000610351562,17.0,17.3700008392334,607000,0.0,0.0
2015-05-04 00:00:00-04:00,17.420000076293945,17.65999984741211,17.31999969482422,17.360000610351562,277700,0.0,0.0
2015-05-05 00:00:00-04:00,17.309999465942383,17.469999313354492,17.1299991607666,17.459999084472656,485500,0.0,0.0
2015-05-06 00:00:00-04:00,17.579999923706055,17.579999923706055,17.200000762939453,17.489999771118164,296700,0.0,0.0
2015-05-07 00:00:00-04:00,17.40999984741211,17.579999923706055,17.229999542236328,17.399999618530273,181600,0.0,0.0
2015-05-08 00:00:00-04:00,17.610000610351562,17.610000610351562,17.309999465942383,17.3799991607666,202800,0.0,0.0
2015-05-11 00:00:00-04:00,17.350000381469727,17.700000762939453,17.34000015258789,17.360000610351562,275700,0.0,0.0
2015-05-12 00:00:00-04:00,17.260000228881836,17.360000610351562,16.75,17.149999618530273,283000,0.0,0.0
2015-05-13 00:00:00-04:00,17.15999984741211,17.290000915527344,16.959999084472656,17.049999237060547,234800,0.0,0.0
2015-05-14 00:00:00-04:00,17.139999389648438,17.3700008392334,17.049999237060547,17.200000762939453,267700,0.0,0.0
2015-05-15 00:00:00-04:00,17.170000076293945,17.25,17.0,17.100000381469727,216600,0.0,0.0
2015-05-18 00:00:00-04:00,17.049999237060547,17.450000762939453,17.049999237060547,17.3700008392334,485700,0.0,0.0
2015-05-19 00:00:00-04:00,17.350000381469727,17.59000015258789,17.110000610351562,17.389999389648438,347400,0.0,0.0
2015-05-20 00:00:00-04:00,17.43000030517578,17.600000381469727,17.209999084472656,17.489999771118164,277400,0.0,0.0
2015-05-21 00:00:00-04:00,16.1299991607666,16.920000076293945,16.020000457763672,16.579999923706055,1303800,0.0,0.0
2015-05-22 00:00:00-04:00,16.229999542236328,17.68000030517578,16.170000076293945,17.0,1246600,0.0,0.0
2015-05-26 00:00:00-04:00,16.959999084472656,17.040000915527344,15.779999732971191,16.040000915527344,676900,0.0,0.0
2015-05-27 00:00:00-04:00,16.0,16.280000686645508,15.979999542236328,16.25,599800,0.0,0.0
2015-05-28 00:00:00-04:00,16.639999389648438,16.639999389648438,16.049999237060547,16.170000076293945,960500,0.0,0.0
2015-05-29 00:00:00-04:00,16.1299991607666,16.809999465942383,15.970000267028809,16.56999969482422,860100,0.0,0.0
2015-06-01 00:00:00-04:00,16.729999542236328,16.799999237060547,16.280000686645508,16.6299991607666,972400,0.0,0.0
2015-06-02 00:00:00-04:00,16.540000915527344,17.260000228881836,16.479999542236328,16.829999923706055,889400,0.0,0.0
2015-06-03 00:00:00-04:00,16.809999465942383,17.639999389648438,16.75,17.540000915527344,967100,0.0,0.0
2015-06-04 00:00:00-04:00,17.440000534057617,17.68000030517578,17.170000076293945,17.6200008392334,733500,0.0,0.0
2015-06-05 00:00:00-04:00,17.530000686645508,17.760000228881836,17.360000610351562,17.65999984741211,537400,0.0,0.0
2015-06-08 00:00:00-04:00,17.670000076293945,17.700000762939453,17.3799991607666,17.43000030517578,467100,0.0,0.0
2015-06-09 00:00:00-04:00,17.450000762939453,17.770000457763672,17.200000762939453,17.6200008392334,777000,0.0,0.0
2015-06-10 00:00:00-04:00,17.799999237060547,18.440000534057617,17.639999389648438,18.309999465942383,816100,0.0,0.0
2015-06-11 00:00:00-04:00,18.40999984741211,18.489999771118164,18.110000610351562,18.40999984741211,736400,0.0,0.0
2015-06-12 00:00:00-04:00,18.3700008392334,18.3700008392334,17.969999313354492,18.100000381469727,507000,0.0,0.0
2015-06-15 00:00:00-04:00,17.889999389648438,18.229999542236328,17.65999984741211,18.1299991607666,618600,0.0,0.0
2015-06-16 00:00:00-04:00,18.059999465942383,19.09000015258789,18.020000457763672,18.90999984741211,893100,0.0,0.0
2015-06-17 00:00:00-04:00,18.989999771118164,19.010000228881836,18.670000076293945,18.829999923706055,634300,0.0,0.0
2015-06-18 00:00:00-04:00,18.889999389648438,19.049999237060547,18.780000686645508,18.989999771118164,611500,0.0,0.0
2015-06-19 00:00:00-04:00,19.0,19.09000015258789,18.56999969482422,18.799999237060547,696800,0.0,0.0
2015-06-22 00:00:00-04:00,18.940000534057617,19.06999969482422,18.829999923706055,19.010000228881836,301800,0.0,0.0
2015-06-23 00:00:00-04:00,19.010000228881836,19.360000610351562,18.940000534057617,19.34000015258789,344300,0.0,0.0
2015-06-24 00:00:00-04:00,19.309999465942383,19.329999923706055,19.0,19.1200008392334,444800,0.0,0.0
2015-06-25 00:00:00-04:00,19.25,19.25,18.459999084472656,18.610000610351562,656200,0.0,0.0
2015-06-26 00:00:00-04:00,18.709999084472656,18.81999969482422,18.329999923706055,18.389999389648438,995200,0.0,0.0
2015-06-29 00:00:00-04:00,18.350000381469727,18.469999313354492,17.770000457763672,17.790000915527344,439800,0.0,0.0
2015-06-30 00:00:00-04:00,17.979999542236328,17.979999542236328,17.459999084472656,17.579999923706055,443500,0.0,0.0
2015-07-01 00:00:00-04:00,17.68000030517578,17.780000686645508,17.280000686645508,17.559999465942383,488300,0.0,0.0
2015-07-02 00:00:00-04:00,17.360000610351562,17.40999984741211,16.93000030517578,17.100000381469727,485500,0.0,0.0
2015-07-06 00:00:00-04:00,16.989999771118164,17.270000457763672,16.969999313354492,17.270000457763672,475000,0.0,0.0
2015-07-07 00:00:00-04:00,17.270000457763672,17.329999923706055,16.75,17.149999618530273,684300,0.0,0.0
2015-07-08 00:00:00-04:00,16.959999084472656,17.200000762939453,16.670000076293945,16.8700008392334,470600,0.0,0.0
2015-07-09 00:00:00-04:00,17.049999237060547,17.229999542236328,16.729999542236328,16.829999923706055,404900,0.0,0.0
2015-07-10 00:00:00-04:00,17.09000015258789,17.200000762939453,16.799999237060547,16.950000762939453,327100,0.0,0.0
2015-07-13 00:00:00-04:00,17.020000457763672,17.149999618530273,16.940000534057617,17.010000228881836,253600,0.0,0.0
2015-07-14 00:00:00-04:00,17.020000457763672,17.260000228881836,17.020000457763672,17.209999084472656,324400,0.0,0.0
2015-07-15 00:00:00-04:00,17.229999542236328,17.280000686645508,16.93000030517578,17.139999389648438,524900,0.0,0.0
2015-07-16 00:00:00-04:00,17.309999465942383,17.440000534057617,17.18000030517578,17.399999618530273,404600,0.0,0.0
2015-07-17 00:00:00-04:00,17.469999313354492,17.469999313354492,17.139999389648438,17.260000228881836,341800,0.0,0.0
2015-07-20 00:00:00-04:00,17.260000228881836,17.34000015258789,17.049999237060547,17.239999771118164,549300,0.0,0.0
2015-07-21 00:00:00-04:00,17.299999237060547,17.579999923706055,17.190000534057617,17.579999923706055,731500,0.0,0.0
2015-07-22 00:00:00-04:00,17.559999465942383,17.84000015258789,17.5,17.829999923706055,415800,0.0,0.0
2015-07-23 00:00:00-04:00,17.809999465942383,17.889999389648438,17.709999084472656,17.860000610351562,635200,0.0,0.0
2015-07-24 00:00:00-04:00,17.799999237060547,17.84000015258789,17.5,17.579999923706055,489100,0.0,0.0
2015-07-27 00:00:00-04:00,17.40999984741211,17.559999465942383,17.280000686645508,17.420000076293945,492200,0.0,0.0
2015-07-28 00:00:00-04:00,17.5,17.700000762939453,17.329999923706055,17.639999389648438,395000,0.0,0.0
2015-07-29 00:00:00-04:00,17.649999618530273,17.899999618530273,17.6299991607666,17.81999969482422,305600,0.0,0.0
2015-07-30 00:00:00-04:00,17.719999313354492,17.920000076293945,17.56999969482422,17.850000381469727,302800,0.0,0.0
2015-07-31 00:00:00-04:00,17.940000534057617,18.0,17.75,17.90999984741211,343500,0.0,0.0
2015-08-03 00:00:00-04:00,17.68000030517578,18.020000457763672,17.549999237060547,17.700000762939453,391300,0.0,0.0
2015-08-04 00:00:00-04:00,17.760000228881836,18.0,17.739999771118164,18.0,360700,0.0,0.0
2015-08-05 00:00:00-04:00,17.899999618530273,18.459999084472656,17.8799991607666,18.350000381469727,519000,0.0,0.0
2015-08-06 00:00:00-04:00,18.5,20.43000030517578,18.5,19.979999542236328,1125900,0.0,0.0
2015-08-07 00:00:00-04:00,19.790000915527344,20.299999237060547,19.549999237060547,20.15999984741211,569500,0.0,0.0
2015-08-10 00:00:00-04:00,20.389999389648438,20.790000915527344,20.079999923706055,20.729999542236328,585100,0.0,0.0
2015-08-11 00:00:00-04:00,20.389999389648438,20.989999771118164,20.059999465942383,20.719999313354492,601400,0.0,0.0
2015-08-12 00:00:00-04:00,20.5,20.979999542236328,20.5,20.959999084472656,468700,0.0,0.0
2015-08-13 00:00:00-04:00,21.0,21.229999542236328,20.649999618530273,20.84000015258789,450900,0.0,0.0
2015-08-14 00:00:00-04:00,20.790000915527344,21.200000762939453,20.700000762939453,21.15999984741211,256500,0.0,0.0
2015-08-17 00:00:00-04:00,21.190000534057617,21.350000381469727,20.93000030517578,21.299999237060547,477600,0.0,0.0
2015-08-18 00:00:00-04:00,21.18000030517578,21.469999313354492,21.0,21.100000381469727,366500,0.0,0.0
2015-08-19 00:00:00-04:00,21.059999465942383,21.059999465942383,20.600000381469727,20.739999771118164,352800,0.0,0.0
2015-08-20 00:00:00-04:00,20.520000457763672,20.780000686645508,20.34000015258789,20.360000610351562,348700,0.0,0.0
2015-08-21 00:00:00-04:00,20.059999465942383,20.59000015258789,20.059999465942383,20.1299991607666,418800,0.0,0.0
2015-08-24 00:00:00-04:00,19.270000457763672,20.329999923706055,19.239999771118164,19.520000457763672,844000,0.0,0.0
2015-08-25 00:00:00-04:00,20.100000381469727,20.190000534057617,19.65999984741211,19.68000030517578,740100,0.0,0.0
2015-08-26 00:00:00-04:00,20.010000228881836,20.440000534057617,19.8799991607666,20.3700008392334,476100,0.0,0.0
2015-08-27 00:00:00-04:00,20.510000228881836,20.950000762939453,20.399999618530273,20.8799991607666,464000,0.0,0.0
2015-08-28 00:00:00-04:00,20.860000610351562,21.170000076293945,20.68000030517578,21.149999618530273,361600,0.0,0.0
2015-08-31 00:00:00-04:00,21.139999389648438,21.239999771118164,20.950000762939453,20.959999084472656,424200,0.0,0.0
2015-09-01 00:00:00-04:00,20.610000610351562,20.8700008392334,20.270000457763672,20.43000030517578,386400,0.0,0.0
2015-09-02 00:00:00-04:00,20.68000030517578,20.690000534057617,20.219999313354492,20.690000534057617,400100,0.0,0.0
2015-09-03 00:00:00-04:00,20.639999389648438,20.889999389648438,20.420000076293945,20.719999313354492,253100,0.0,0.0
2015-09-04 00:00:00-04:00,20.420000076293945,20.690000534057617,20.299999237060547,20.43000030517578,267400,0.0,0.0
2015-09-08 00:00:00-04:00,20.770000457763672,20.959999084472656,20.530000686645508,20.899999618530273,236100,0.0,0.0
2015-09-09 00:00:00-04:00,20.979999542236328,21.25,20.290000915527344,20.329999923706055,678900,0.0,0.0
2015-09-10 00:00:00-04:00,20.18000030517578,20.59000015258789,20.059999465942383,20.149999618530273,615100,0.0,0.0
2015-09-11 00:00:00-04:00,20.010000228881836,20.25,19.860000610351562,20.229999542236328,430800,0.0,0.0
2015-09-14 00:00:00-04:00,20.280000686645508,20.399999618530273,20.100000381469727,20.270000457763672,249000,0.0,0.0
2015-09-15 00:00:00-04:00,20.3799991607666,20.59000015258789,20.149999618530273,20.520000457763672,371000,0.0,0.0
2015-09-16 00:00:00-04:00,20.469999313354492,20.719999313354492,20.40999984741211,20.549999237060547,266500,0.0,0.0
2015-09-17 00:00:00-04:00,20.479999542236328,20.940000534057617,20.479999542236328,20.56999969482422,318200,0.0,0.0
2015-09-18 00:00:00-04:00,20.25,20.639999389648438,20.219999313354492,20.270000457763672,511400,0.0,0.0
2015-09-21 00:00:00-04:00,20.450000762939453,20.81999969482422,20.280000686645508,20.440000534057617,251800,0.0,0.0
2015-09-22 00:00:00-04:00,20.25,20.43000030517578,20.06999969482422,20.229999542236328,303300,0.0,0.0
2015-09-23 00:00:00-04:00,20.329999923706055,20.329999923706055,19.950000762939453,20.09000015258789,240500,0.0,0.0
2015-09-24 00:00:00-04:00,19.90999984741211,20.09000015258789,19.729999542236328,19.989999771118164,280900,0.0,0.0
2015-09-25 00:00:00-04:00,20.209999084472656,20.270000457763672,19.690000534057617,19.719999313354492,404100,0.0,0.0
2015-09-28 00:00:00-04:00,19.709999084472656,19.8799991607666,19.600000381469727,19.690000534057617,341400,0.0,0.0
2015-09-29 00:00:00-04:00,19.700000762939453,19.719999313354492,19.309999465942383,19.5,355900,0.0,0.0
2015-09-30 00:00:00-04:00,19.760000228881836,19.920000076293945,19.649999618530273,19.760000228881836,399200,0.0,0.0
2015-10-01 00:00:00-04:00,19.760000228881836,19.8700008392334,19.31999969482422,19.68000030517578,451000,0.0,0.0
2015-10-02 00:00:00-04:00,19.510000228881836,19.979999542236328,19.389999389648438,19.979999542236328,296700,0.0,0.0
2015-10-05 00:00:00-04:00,20.040000915527344,20.90999984741211,20.040000915527344,20.8799991607666,470600,0.0,0.0
2015-10-06 00:00:00-04:00,20.940000534057617,21.06999969482422,20.489999771118164,20.579999923706055,349700,0.0,0.0
2015-10-07 00:00:00-04:00,20.729999542236328,21.43000030517578,20.729999542236328,21.399999618530273,415600,0.0,0.0
2015-10-08 00:00:00-04:00,21.389999389648438,21.75,21.360000610351562,21.729999542236328,375200,0.0,0.0
2015-10-09 00:00:00-04:00,21.8700008392334,22.079999923706055,21.280000686645508,21.530000686645508,357800,0.0,0.0
2015-10-12 00:00:00-04:00,21.450000762939453,21.700000762939453,21.40999984741211,21.56999969482422,202600,0.0,0.0
2015-10-13 00:00:00-04:00,21.520000457763672,21.75,21.459999084472656,21.489999771118164,385400,0.0,0.0
2015-10-14 00:00:00-04:00,21.559999465942383,21.670000076293945,21.229999542236328,21.280000686645508,272900,0.0,0.0
2015-10-15 00:00:00-04:00,21.31999969482422,21.760000228881836,21.219999313354492,21.719999313354492,210700,0.0,0.0
2015-10-16 00:00:00-04:00,21.799999237060547,21.799999237060547,21.5,21.6200008392334,215000,0.0,0.0
2015-10-19 00:00:00-04:00,21.540000915527344,22.020000457763672,21.540000915527344,21.8799991607666,169900,0.0,0.0
2015-10-20 00:00:00-04:00,21.829999923706055,21.959999084472656,21.520000457763672,21.68000030517578,192200,0.0,0.0
2015-10-21 00:00:00-04:00,21.770000457763672,21.829999923706055,21.399999618530273,21.520000457763672,236700,0.0,0.0
2015-10-22 00:00:00-04:00,21.6299991607666,22.25,21.6299991607666,21.889999389648438,257100,0.0,0.0
2015-10-23 00:00:00-04:00,22.06999969482422,22.1299991607666,21.68000030517578,21.8799991607666,289100,0.0,0.0
2015-10-26 00:00:00-04:00,21.899999618530273,22.079999923706055,21.709999084472656,21.979999542236328,566800,0.0,0.0
2015-10-27 00:00:00-04:00,21.850000381469727,22.139999389648438,21.729999542236328,22.059999465942383,306500,0.0,0.0
2015-10-28 00:00:00-04:00,22.209999084472656,22.84000015258789,22.040000915527344,22.84000015258789,381600,0.0,0.0
2015-10-29 00:00:00-04:00,22.799999237060547,22.940000534057617,22.360000610351562,22.40999984741211,277300,0.0,0.0
2015-10-30 00:00:00-04:00,22.389999389648438,22.559999465942383,22.1200008392334,22.1200008392334,209800,0.0,0.0
2015-11-02 00:00:00-05:00,22.100000381469727,22.479999542236328,22.020000457763672,22.399999618530273,261300,0.0,0.0
2015-11-03 00:00:00-05:00,22.290000915527344,22.450000762939453,22.100000381469727,22.260000228881836,433100,0.0,0.0
2015-11-04 00:00:00-05:00,22.299999237060547,22.479999542236328,21.969999313354492,22.049999237060547,375900,0.0,0.0
2015-11-05 00:00:00-05:00,22.280000686645508,23.15999984741211,22.209999084472656,22.450000762939453,524200,0.0,0.0
2015-11-06 00:00:00-05:00,22.34000015258789,22.610000610351562,22.18000030517578,22.579999923706055,254900,0.0,0.0
2015-11-09 00:00:00-05:00,22.469999313354492,22.5,21.979999542236328,22.18000030517578,210600,0.0,0.0
2015-11-10 00:00:00-05:00,22.0,22.309999465942383,21.8700008392334,22.290000915527344,355400,0.0,0.0
2015-11-11 00:00:00-05:00,22.31999969482422,22.649999618530273,22.239999771118164,22.420000076293945,314600,0.0,0.0
2015-11-12 00:00:00-05:00,22.110000610351562,22.3799991607666,21.829999923706055,21.860000610351562,214900,0.0,0.0
2015-11-13 00:00:00-05:00,21.670000076293945,22.059999465942383,21.459999084472656,21.489999771118164,196000,0.0,0.0
2015-11-16 00:00:00-05:00,21.540000915527344,21.729999542236328,21.420000076293945,21.690000534057617,210300,0.0,0.0
2015-11-17 00:00:00-05:00,21.709999084472656,21.940000534057617,21.5,21.5,199400,0.0,0.0
2015-11-18 00:00:00-05:00,21.469999313354492,21.770000457763672,21.270000457763672,21.729999542236328,177700,0.0,0.0
2015-11-19 00:00:00-05:00,21.739999771118164,21.989999771118164,21.739999771118164,21.860000610351562,220600,0.0,0.0
2015-11-20 00:00:00-05:00,22.0,22.31999969482422,21.8799991607666,21.959999084472656,278800,0.0,0.0
2015-11-23 00:00:00-05:00,21.90999984741211,22.149999618530273,21.899999618530273,21.950000762939453,214300,0.0,0.0
2015-11-24 00:00:00-05:00,21.850000381469727,22.059999465942383,21.420000076293945,22.020000457763672,251800,0.0,0.0
2015-11-25 00:00:00-05:00,22.010000228881836,22.3799991607666,21.979999542236328,22.309999465942383,156400,0.0,0.0
2015-11-27 00:00:00-05:00,22.270000457763672,22.729999542236328,22.270000457763672,22.579999923706055,132400,0.0,0.0
2015-11-30 00:00:00-05:00,22.8799991607666,23.420000076293945,22.709999084472656,22.899999618530273,447400,0.0,0.0
2015-12-01 00:00:00-05:00,22.969999313354492,23.149999618530273,22.780000686645508,22.829999923706055,742800,0.0,0.0
2015-12-02 00:00:00-05:00,22.809999465942383,22.969999313354492,22.639999389648438,22.799999237060547,224500,0.0,0.0
2015-12-03 00:00:00-05:00,22.829999923706055,23.059999465942383,22.280000686645508,22.40999984741211,368000,0.0,0.0
2015-12-04 00:00:00-05:00,22.3700008392334,22.8799991607666,22.31999969482422,22.709999084472656,382800,0.0,0.0
2015-12-07 00:00:00-05:00,22.700000762939453,22.90999984741211,22.479999542236328,22.649999618530273,441600,0.0,0.0
2015-12-08 00:00:00-05:00,22.469999313354492,22.579999923706055,22.170000076293945,22.5,243500,0.0,0.0
2015-12-09 00:00:00-05:00,22.479999542236328,22.579999923706055,22.1200008392334,22.229999542236328,322400,0.0,0.0
2015-12-10 00:00:00-05:00,22.25,22.56999969482422,22.139999389648438,22.3700008392334,368100,0.0,0.0
2015-12-11 00:00:00-05:00,22.0,22.209999084472656,21.549999237060547,21.600000381469727,317700,0.0,0.0
2015-12-14 00:00:00-05:00,21.6299991607666,21.8799991607666,21.459999084472656,21.559999465942383,334100,0.0,0.0
2015-12-15 00:00:00-05:00,21.719999313354492,22.0,21.59000015258789,21.920000076293945,295600,0.0,0.0
2015-12-16 00:00:00-05:00,22.110000610351562,22.389999389648438,21.780000686645508,22.350000381469727,320500,0.0,0.0
2015-12-17 00:00:00-05:00,22.5,22.5,21.8700008392334,21.8700008392334,325300,0.0,0.0
2015-12-18 00:00:00-05:00,21.799999237060547,21.920000076293945,20.860000610351562,20.950000762939453,1044900,0.0,0.0
2015-12-21 00:00:00-05:00,20.979999542236328,21.18000030517578,20.440000534057617,20.81999969482422,392000,0.0,0.0
2015-12-22 00:00:00-05:00,20.889999389648438,20.989999771118164,20.600000381469727,20.969999313354492,260200,0.0,0.0
2015-12-23 00:00:00-05:00,21.059999465942383,21.260000228881836,20.969999313354492,21.209999084472656,211300,0.0,0.0
2015-12-24 00:00:00-05:00,21.229999542236328,21.530000686645508,21.110000610351562,21.43000030517578,77100,0.0,0.0
2015-12-28 00:00:00-05:00,21.350000381469727,21.469999313354492,21.18000030517578,21.459999084472656,228000,0.0,0.0
2015-12-29 00:00:00-05:00,21.549999237060547,21.780000686645508,21.479999542236328,21.729999542236328,142300,0.0,0.0
2015-12-30 00:00:00-05:00,21.719999313354492,21.780000686645508,21.450000762939453,21.459999084472656,133800,0.0,0.0
2015-12-31 00:00:00-05:00,21.389999389648438,21.479999542236328,20.920000076293945,20.920000076293945,271500,0.0,0.0
2016-01-04 00:00:00-05:00,20.510000228881836,20.709999084472656,19.989999771118164,20.100000381469727,441400,0.0,0.0
2016-01-05 00:00:00-05:00,20.239999771118164,20.34000015258789,19.81999969482422,19.979999542236328,377200,0.0,0.0
2016-01-06 00:00:00-05:00,19.639999389648438,19.920000076293945,19.6299991607666,19.68000030517578,384700,0.0,0.0
2016-01-07 00:00:00-05:00,19.31999969482422,19.610000610351562,18.959999084472656,18.989999771118164,587300,0.0,0.0
2016-01-08 00:00:00-05:00,19.059999465942383,19.309999465942383,18.670000076293945,18.889999389648438,894100,0.0,0.0
2016-01-11 00:00:00-05:00,18.979999542236328,19.25,18.6200008392334,18.860000610351562,454100,0.0,0.0
2016-01-12 00:00:00-05:00,18.969999313354492,19.229999542236328,18.719999313354492,19.110000610351562,502500,0.0,0.0
2016-01-13 00:00:00-05:00,19.1299991607666,19.209999084472656,18.170000076293945,18.350000381469727,550700,0.0,0.0
2016-01-14 00:00:00-05:00,18.489999771118164,19.790000915527344,18.270000457763672,18.850000381469727,550800,0.0,0.0
2016-01-15 00:00:00-05:00,18.459999084472656,18.459999084472656,17.799999237060547,18.3799991607666,559600,0.0,0.0
2016-01-19 00:00:00-05:00,18.56999969482422,18.56999969482422,17.969999313354492,18.190000534057617,359500,0.0,0.0
2016-01-20 00:00:00-05:00,17.950000762939453,18.299999237060547,17.31999969482422,18.079999923706055,433700,0.0,0.0
2016-01-21 00:00:00-05:00,18.18000030517578,18.969999313354492,17.989999771118164,18.110000610351562,312300,0.0,0.0
2016-01-22 00:00:00-05:00,18.389999389648438,18.6200008392334,18.25,18.579999923706055,255800,0.0,0.0
2016-01-25 00:00:00-05:00,18.469999313354492,18.579999923706055,18.239999771118164,18.280000686645508,479100,0.0,0.0
2016-01-26 00:00:00-05:00,18.34000015258789,18.65999984741211,18.190000534057617,18.579999923706055,446400,0.0,0.0
2016-01-27 00:00:00-05:00,18.530000686645508,18.639999389648438,17.90999984741211,17.989999771118164,270200,0.0,0.0
2016-01-28 00:00:00-05:00,18.1299991607666,18.18000030517578,17.790000915527344,17.959999084472656,238800,0.0,0.0
2016-01-29 00:00:00-05:00,18.059999465942383,18.709999084472656,18.059999465942383,18.700000762939453,619400,0.0,0.0
2016-02-01 00:00:00-05:00,18.530000686645508,18.8799991607666,18.360000610351562,18.5,379200,0.0,0.0
2016-02-02 00:00:00-05:00,18.270000457763672,18.399999618530273,17.850000381469727,18.010000228881836,470400,0.0,0.0
2016-02-03 00:00:00-05:00,18.139999389648438,18.389999389648438,17.700000762939453,18.309999465942383,546700,0.0,0.0
2016-02-04 00:00:00-05:00,18.270000457763672,18.489999771118164,17.979999542236328,18.200000762939453,307800,0.0,0.0
2016-02-05 00:00:00-05:00,20.649999618530273,21.860000610351562,19.6200008392334,19.829999923706055,1693400,0.0,0.0
2016-02-08 00:00:00-05:00,19.579999923706055,19.950000762939453,19.18000030517578,19.760000228881836,938000,0.0,0.0
2016-02-09 00:00:00-05:00,19.549999237060547,19.979999542236328,19.399999618530273,19.520000457763672,539200,0.0,0.0
2016-02-10 00:00:00-05:00,19.65999984741211,19.899999618530273,19.5,19.520000457763672,803300,0.0,0.0
2016-02-11 00:00:00-05:00,19.1200008392334,19.68000030517578,18.760000228881836,19.06999969482422,570800,0.0,0.0
2016-02-12 00:00:00-05:00,19.229999542236328,19.6200008392334,19.1200008392334,19.559999465942383,322900,0.0,0.0
2016-02-16 00:00:00-05:00,19.600000381469727,19.739999771118164,19.43000030517578,19.6299991607666,574100,0.0,0.0
2016-02-17 00:00:00-05:00,19.729999542236328,20.40999984741211,19.610000610351562,20.0,562400,0.0,0.0
2016-02-18 00:00:00-05:00,20.110000610351562,20.110000610351562,19.719999313354492,19.920000076293945,387400,0.0,0.0
2016-02-19 00:00:00-05:00,19.860000610351562,20.31999969482422,19.790000915527344,20.239999771118164,347200,0.0,0.0
2016-02-22 00:00:00-05:00,20.399999618530273,20.639999389648438,20.170000076293945,20.229999542236328,268200,0.0,0.0
2016-02-23 00:00:00-05:00,20.1200008392334,20.360000610351562,19.950000762939453,19.979999542236328,296600,0.0,0.0
2016-02-24 00:00:00-05:00,19.799999237060547,20.15999984741211,19.489999771118164,20.1200008392334,223300,0.0,0.0
2016-02-25 00:00:00-05:00,20.139999389648438,20.309999465942383,19.950000762939453,20.290000915527344,182800,0.0,0.0
2016-02-26 00:00:00-05:00,20.40999984741211,20.829999923706055,20.309999465942383,20.780000686645508,431400,0.0,0.0
2016-02-29 00:00:00-05:00,20.739999771118164,21.18000030517578,20.559999465942383,20.739999771118164,627100,0.0,0.0
2016-03-01 00:00:00-05:00,20.940000534057617,21.329999923706055,20.84000015258789,21.329999923706055,295300,0.0,0.0
2016-03-02 00:00:00-05:00,21.270000457763672,21.520000457763672,21.1299991607666,21.299999237060547,232500,0.0,0.0
2016-03-03 00:00:00-05:00,21.3799991607666,21.440000534057617,20.780000686645508,21.200000762939453,384600,0.0,0.0
2016-03-04 00:00:00-05:00,21.270000457763672,21.56999969482422,21.079999923706055,21.459999084472656,340000,0.0,0.0
2016-03-07 00:00:00-05:00,21.290000915527344,21.700000762939453,21.190000534057617,21.610000610351562,397000,0.0,0.0
2016-03-08 00:00:00-05:00,21.43000030517578,21.43000030517578,20.90999984741211,20.93000030517578,368600,0.0,0.0
2016-03-09 00:00:00-05:00,21.06999969482422,21.100000381469727,20.790000915527344,21.040000915527344,380000,0.0,0.0
2016-03-10 00:00:00-05:00,21.1299991607666,21.15999984741211,20.450000762939453,20.670000076293945,236700,0.0,0.0
2016-03-11 00:00:00-05:00,20.829999923706055,21.020000457763672,20.549999237060547,20.979999542236328,245000,0.0,0.0
2016-03-14 00:00:00-04:00,20.920000076293945,21.030000686645508,20.790000915527344,20.8700008392334,228400,0.0,0.0
2016-03-15 00:00:00-04:00,20.739999771118164,20.809999465942383,20.25,20.559999465942383,345700,0.0,0.0
2016-03-16 00:00:00-04:00,20.450000762939453,21.040000915527344,20.450000762939453,20.90999984741211,224100,0.0,0.0
2016-03-17 00:00:00-04:00,20.850000381469727,21.280000686645508,20.709999084472656,21.170000076293945,161100,0.0,0.0
2016-03-18 00:00:00-04:00,21.280000686645508,22.219999313354492,21.280000686645508,21.780000686645508,760800,0.0,0.0
2016-03-21 00:00:00-04:00,21.690000534057617,21.729999542236328,21.18000030517578,21.5,443900,0.0,0.0
2016-03-22 00:00:00-04:00,21.459999084472656,21.5,20.969999313354492,21.260000228881836,647000,0.0,0.0
2016-03-23 00:00:00-04:00,21.15999984741211,21.399999618530273,20.510000228881836,20.709999084472656,480300,0.0,0.0
2016-03-24 00:00:00-04:00,20.6299991607666,21.360000610351562,20.309999465942383,21.329999923706055,413700,0.0,0.0
2016-03-28 00:00:00-04:00,21.239999771118164,21.559999465942383,20.729999542236328,20.920000076293945,420900,0.0,0.0
2016-03-29 00:00:00-04:00,20.920000076293945,21.610000610351562,20.639999389648438,21.520000457763672,676700,0.0,0.0
2016-03-30 00:00:00-04:00,21.65999984741211,21.940000534057617,21.3700008392334,21.8700008392334,507600,0.0,0.0
2016-03-31 00:00:00-04:00,21.790000915527344,21.979999542236328,21.40999984741211,21.440000534057617,290100,0.0,0.0
2016-04-01 00:00:00-04:00,21.25,21.950000762939453,21.110000610351562,21.889999389648438,380800,0.0,0.0
2016-04-04 00:00:00-04:00,21.700000762939453,22.040000915527344,21.6299991607666,21.860000610351562,297100,0.0,0.0
2016-04-05 00:00:00-04:00,21.68000030517578,21.850000381469727,21.5,21.520000457763672,235000,0.0,0.0
2016-04-06 00:00:00-04:00,21.579999923706055,21.75,21.40999984741211,21.6299991607666,171300,0.0,0.0
2016-04-07 00:00:00-04:00,21.440000534057617,21.649999618530273,21.219999313354492,21.43000030517578,335900,0.0,0.0
2016-04-08 00:00:00-04:00,21.540000915527344,21.690000534057617,21.350000381469727,21.420000076293945,166300,0.0,0.0
2016-04-11 00:00:00-04:00,21.489999771118164,21.719999313354492,21.299999237060547,21.399999618530273,205800,0.0,0.0
2016-04-12 00:00:00-04:00,21.450000762939453,21.469999313354492,21.139999389648438,21.360000610351562,310200,0.0,0.0
2016-04-13 00:00:00-04:00,21.510000228881836,21.81999969482422,21.3799991607666,21.780000686645508,381400,0.0,0.0
2016-04-14 00:00:00-04:00,21.770000457763672,21.799999237060547,21.43000030517578,21.459999084472656,212400,0.0,0.0
2016-04-15 00:00:00-04:00,21.360000610351562,21.469999313354492,20.979999542236328,21.059999465942383,431200,0.0,0.0
2016-04-18 00:00:00-04:00,21.059999465942383,21.610000610351562,20.989999771118164,21.579999923706055,190000,0.0,0.0
2016-04-19 00:00:00-04:00,21.65999984741211,21.760000228881836,21.389999389648438,21.6299991607666,211200,0.0,0.0
2016-04-20 00:00:00-04:00,21.600000381469727,21.809999465942383,21.469999313354492,21.75,277400,0.0,0.0
2016-04-21 00:00:00-04:00,21.700000762939453,21.8799991607666,21.670000076293945,21.709999084472656,213500,0.0,0.0
2016-04-22 00:00:00-04:00,21.639999389648438,21.93000030517578,21.6200008392334,21.829999923706055,277200,0.0,0.0
2016-04-25 00:00:00-04:00,21.719999313354492,21.770000457763672,21.420000076293945,21.6200008392334,280300,0.0,0.0
2016-04-26 00:00:00-04:00,21.709999084472656,21.959999084472656,21.530000686645508,21.860000610351562,176100,0.0,0.0
2016-04-27 00:00:00-04:00,21.790000915527344,22.3700008392334,21.68000030517578,22.329999923706055,397700,0.0,0.0
2016-04-28 00:00:00-04:00,22.209999084472656,22.93000030517578,22.100000381469727,22.5,478300,0.0,0.0
2016-04-29 00:00:00-04:00,22.34000015258789,22.459999084472656,21.770000457763672,21.969999313354492,403700,0.0,0.0
2016-05-02 00:00:00-04:00,22.0,22.030000686645508,21.719999313354492,21.93000030517578,346900,0.0,0.0
2016-05-03 00:00:00-04:00,21.700000762939453,22.649999618530273,21.549999237060547,22.479999542236328,437800,0.0,0.0
2016-05-04 00:00:00-04:00,22.559999465942383,22.709999084472656,22.09000015258789,22.329999923706055,501300,0.0,0.0
2016-05-05 00:00:00-04:00,22.350000381469727,22.479999542236328,22.190000534057617,22.34000015258789,282800,0.0,0.0
2016-05-06 00:00:00-04:00,22.329999923706055,22.93000030517578,22.329999923706055,22.84000015258789,391300,0.0,0.0
2016-05-09 00:00:00-04:00,22.860000610351562,23.059999465942383,22.59000015258789,22.90999984741211,438900,0.0,0.0
2016-05-10 00:00:00-04:00,23.0,23.100000381469727,22.68000030517578,23.09000015258789,551200,0.0,0.0
2016-05-11 00:00:00-04:00,23.0,23.56999969482422,22.940000534057617,23.030000686645508,262100,0.0,0.0
2016-05-12 00:00:00-04:00,23.0,23.34000015258789,22.920000076293945,23.229999542236328,318500,0.0,0.0
2016-05-13 00:00:00-04:00,23.18000030517578,23.440000534057617,22.75,22.850000381469727,528000,0.0,0.0
2016-05-16 00:00:00-04:00,22.979999542236328,23.079999923706055,22.770000457763672,22.81999969482422,477500,0.0,0.0
2016-05-17 00:00:00-04:00,22.690000534057617,22.860000610351562,22.149999618530273,22.3799991607666,875600,0.0,0.0
2016-05-18 00:00:00-04:00,19.8799991607666,20.940000534057617,19.110000610351562,19.670000076293945,3078800,0.0,0.0
2016-05-19 00:00:00-04:00,19.5,19.760000228881836,19.139999389648438,19.18000030517578,1432100,0.0,0.0
2016-05-20 00:00:00-04:00,19.270000457763672,20.010000228881836,19.1299991607666,19.989999771118164,927700,0.0,0.0
2016-05-23 00:00:00-04:00,19.6299991607666,20.239999771118164,19.5,19.739999771118164,968500,0.0,0.0
2016-05-24 00:00:00-04:00,20.010000228881836,21.5,19.920000076293945,21.239999771118164,856800,0.0,0.0
2016-05-25 00:00:00-04:00,21.239999771118164,21.59000015258789,21.18000030517578,21.18000030517578,372500,0.0,0.0
2016-05-26 00:00:00-04:00,21.280000686645508,21.440000534057617,21.1299991607666,21.1299991607666,362400,0.0,0.0
2016-05-27 00:00:00-04:00,21.09000015258789,21.450000762939453,20.899999618530273,21.3799991607666,537300,0.0,0.0
2016-05-31 00:00:00-04:00,21.520000457763672,21.739999771118164,21.06999969482422,21.18000030517578,589600,0.0,0.0
2016-06-01 00:00:00-04:00,21.260000228881836,21.530000686645508,21.06999969482422,21.520000457763672,662700,0.0,0.0
2016-06-02 00:00:00-04:00,21.3700008392334,21.770000457763672,21.3700008392334,21.770000457763672,395700,0.0,0.0
2016-06-03 00:00:00-04:00,21.75,21.770000457763672,21.299999237060547,21.579999923706055,346300,0.0,0.0
2016-06-06 00:00:00-04:00,21.31999969482422,22.020000457763672,21.31999969482422,21.940000534057617,381500,0.0,0.0
2016-06-07 00:00:00-04:00,22.0,22.100000381469727,21.780000686645508,21.959999084472656,217900,0.0,0.0
2016-06-08 00:00:00-04:00,22.040000915527344,22.219999313354492,21.860000610351562,22.15999984741211,267700,0.0,0.0
2016-06-09 00:00:00-04:00,22.110000610351562,22.299999237060547,21.93000030517578,22.149999618530273,270300,0.0,0.0
2016-06-10 00:00:00-04:00,21.860000610351562,22.149999618530273,21.610000610351562,21.8799991607666,450100,0.0,0.0
2016-06-13 00:00:00-04:00,21.760000228881836,22.0,21.389999389648438,21.389999389648438,369400,0.0,0.0
2016-06-14 00:00:00-04:00,21.309999465942383,21.549999237060547,21.200000762939453,21.489999771118164,228600,0.0,0.0
2016-06-15 00:00:00-04:00,21.610000610351562,21.670000076293945,21.459999084472656,21.540000915527344,212300,0.0,0.0
2016-06-16 00:00:00-04:00,21.43000030517578,21.719999313354492,21.100000381469727,21.649999618530273,218700,0.0,0.0
2016-06-17 00:00:00-04:00,21.719999313354492,21.760000228881836,21.200000762939453,21.610000610351562,613800,0.0,0.0
2016-06-20 00:00:00-04:00,21.8700008392334,22.049999237060547,21.639999389648438,21.979999542236328,281200,0.0,0.0
2016-06-21 00:00:00-04:00,21.920000076293945,22.079999923706055,21.809999465942383,21.93000030517578,335100,0.0,0.0
2016-06-22 00:00:00-04:00,21.989999771118164,22.290000915527344,21.899999618530273,22.06999969482422,287300,0.0,0.0
2016-06-23 00:00:00-04:00,22.239999771118164,22.760000228881836,22.100000381469727,22.75,388700,0.0,0.0
2016-06-24 00:00:00-04:00,21.709999084472656,22.040000915527344,21.450000762939453,21.579999923706055,1513600,0.0,0.0
2016-06-27 00:00:00-04:00,21.31999969482422,21.31999969482422,20.469999313354492,20.56999969482422,368000,0.0,0.0
2016-06-28 00:00:00-04:00,20.59000015258789,20.90999984741211,20.559999465942383,20.700000762939453,322900,0.0,0.0
2016-06-29 00:00:00-04:00,21.010000228881836,21.360000610351562,20.780000686645508,21.31999969482422,308400,0.0,0.0
2016-06-30 00:00:00-04:00,21.399999618530273,22.020000457763672,21.049999237060547,21.989999771118164,406100,0.0,0.0
2016-07-01 00:00:00-04:00,21.940000534057617,22.360000610351562,21.84000015258789,22.110000610351562,332400,0.0,0.0
2016-07-05 00:00:00-04:00,22.059999465942383,22.170000076293945,21.84000015258789,21.899999618530273,182300,0.0,0.0
2016-07-06 00:00:00-04:00,21.25,21.809999465942383,21.25,21.700000762939453,391300,0.0,0.0
2016-07-07 00:00:00-04:00,21.790000915527344,21.940000534057617,21.600000381469727,21.700000762939453,266100,0.0,0.0
2016-07-08 00:00:00-04:00,21.959999084472656,22.200000762939453,21.829999923706055,22.06999969482422,399900,0.0,0.0
2016-07-11 00:00:00-04:00,22.239999771118164,22.3799991607666,22.030000686645508,22.170000076293945,381300,0.0,0.0
2016-07-12 00:00:00-04:00,22.389999389648438,22.950000762939453,22.329999923706055,22.75,320300,0.0,0.0
2016-07-13 00:00:00-04:00,22.780000686645508,23.0,22.6200008392334,22.639999389648438,210800,0.0,0.0
2016-07-14 00:00:00-04:00,22.799999237060547,22.940000534057617,22.489999771118164,22.770000457763672,176800,0.0,0.0
2016-07-15 00:00:00-04:00,22.93000030517578,22.93000030517578,22.43000030517578,22.65999984741211,230900,0.0,0.0
2016-07-18 00:00:00-04:00,22.579999923706055,22.93000030517578,22.579999923706055,22.739999771118164,148500,0.0,0.0
2016-07-19 00:00:00-04:00,22.6299991607666,22.799999237060547,22.530000686645508,22.739999771118164,173600,0.0,0.0
2016-07-20 00:00:00-04:00,22.780000686645508,23.219999313354492,22.670000076293945,23.110000610351562,945600,0.0,0.0
2016-07-21 00:00:00-04:00,23.010000228881836,23.100000381469727,22.110000610351562,22.649999618530273,424100,0.0,0.0
2016-07-22 00:00:00-04:00,22.600000381469727,23.100000381469727,22.600000381469727,23.040000915527344,254500,0.0,0.0
2016-07-25 00:00:00-04:00,23.030000686645508,23.25,22.889999389648438,23.110000610351562,445300,0.0,0.0
2016-07-26 00:00:00-04:00,23.049999237060547,23.329999923706055,22.950000762939453,23.079999923706055,388400,0.0,0.0
2016-07-27 00:00:00-04:00,23.1200008392334,23.209999084472656,22.8799991607666,23.079999923706055,576700,0.0,0.0
2016-07-28 00:00:00-04:00,23.079999923706055,23.079999923706055,22.829999923706055,22.950000762939453,153200,0.0,0.0
2016-07-29 00:00:00-04:00,22.979999542236328,23.18000030517578,22.739999771118164,22.950000762939453,636000,0.0,0.0
2016-08-01 00:00:00-04:00,22.8799991607666,23.200000762939453,22.770000457763672,23.200000762939453,362900,0.0,0.0
2016-08-02 00:00:00-04:00,23.100000381469727,23.200000762939453,22.950000762939453,22.979999542236328,306300,0.0,0.0
2016-08-03 00:00:00-04:00,22.8700008392334,23.209999084472656,22.8700008392334,23.0,941000,0.0,0.0
2016-08-04 00:00:00-04:00,22.90999984741211,23.299999237060547,22.90999984741211,23.100000381469727,350500,0.0,0.0
2016-08-05 00:00:00-04:00,24.5,26.139999389648438,24.450000762939453,25.1200008392334,2060600,0.0,0.0
2016-08-08 00:00:00-04:00,25.049999237060547,25.209999084472656,24.940000534057617,25.0,488700,0.0,0.0
2016-08-09 00:00:00-04:00,25.09000015258789,25.229999542236328,24.010000228881836,25.059999465942383,347900,0.0,0.0
2016-08-10 00:00:00-04:00,25.0,25.100000381469727,24.799999237060547,25.010000228881836,289400,0.0,0.0
2016-08-11 00:00:00-04:00,25.020000457763672,25.200000762939453,25.010000228881836,25.030000686645508,231300,0.0,0.0
2016-08-12 00:00:00-04:00,25.049999237060547,25.329999923706055,24.969999313354492,25.200000762939453,219400,0.0,0.0
2016-08-15 00:00:00-04:00,25.170000076293945,25.40999984741211,25.030000686645508,25.329999923706055,250900,0.0,0.0
2016-08-16 00:00:00-04:00,25.329999923706055,25.34000015258789,25.06999969482422,25.149999618530273,475600,0.0,0.0
2016-08-17 00:00:00-04:00,25.170000076293945,25.25,24.950000762939453,25.239999771118164,253900,0.0,0.0
2016-08-18 00:00:00-04:00,25.229999542236328,25.31999969482422,25.049999237060547,25.239999771118164,231400,0.0,0.0
2016-08-19 00:00:00-04:00,25.1200008392334,25.579999923706055,24.729999542236328,25.469999313354492,350500,0.0,0.0
2016-08-22 00:00:00-04:00,25.299999237060547,25.700000762939453,25.290000915527344,25.530000686645508,247500,0.0,0.0
2016-08-23 00:00:00-04:00,25.559999465942383,25.84000015258789,25.440000534057617,25.6200008392334,665400,0.0,0.0
2016-08-24 00:00:00-04:00,25.520000457763672,25.860000610351562,25.440000534057617,25.579999923706055,435100,0.0,0.0
2016-08-25 00:00:00-04:00,25.479999542236328,25.8700008392334,25.479999542236328,25.729999542236328,318900,0.0,0.0
2016-08-26 00:00:00-04:00,25.81999969482422,26.010000228881836,25.469999313354492,25.75,300100,0.0,0.0
2016-08-29 00:00:00-04:00,25.719999313354492,26.09000015258789,25.719999313354492,25.829999923706055,240100,0.0,0.0
2016-08-30 00:00:00-04:00,25.90999984741211,26.100000381469727,25.649999618530273,25.829999923706055,248700,0.0,0.0
2016-08-31 00:00:00-04:00,25.770000457763672,26.09000015258789,25.65999984741211,25.989999771118164,403700,0.0,0.0
2016-09-01 00:00:00-04:00,26.110000610351562,26.31999969482422,25.809999465942383,26.209999084472656,266700,0.0,0.0
2016-09-02 00:00:00-04:00,26.389999389648438,26.559999465942383,26.270000457763672,26.40999984741211,283500,0.0,0.0
2016-09-06 00:00:00-04:00,26.520000457763672,26.520000457763672,26.239999771118164,26.25,183800,0.0,0.0
2016-09-07 00:00:00-04:00,26.31999969482422,26.5,26.219999313354492,26.389999389648438,209200,0.0,0.0
2016-09-08 00:00:00-04:00,26.280000686645508,26.280000686645508,26.0,26.110000610351562,297400,0.0,0.0
2016-09-09 00:00:00-04:00,25.8799991607666,26.049999237060547,25.5,25.5,448000,0.0,0.0
2016-09-12 00:00:00-04:00,25.299999237060547,26.09000015258789,25.299999237060547,26.049999237060547,298300,0.0,0.0
2016-09-13 00:00:00-04:00,25.889999389648438,26.0,25.6200008392334,25.790000915527344,335300,0.0,0.0
2016-09-14 00:00:00-04:00,25.8700008392334,26.06999969482422,25.719999313354492,25.739999771118164,287800,0.0,0.0
2016-09-15 00:00:00-04:00,25.969999313354492,26.510000228881836,25.899999618530273,26.489999771118164,444400,0.0,0.0
2016-09-16 00:00:00-04:00,26.5,26.559999465942383,26.110000610351562,26.489999771118164,590800,0.0,0.0
2016-09-19 00:00:00-04:00,26.5,27.030000686645508,26.5,26.68000030517578,490300,0.0,0.0
2016-09-20 00:00:00-04:00,26.850000381469727,26.889999389648438,26.6299991607666,26.760000228881836,338600,0.0,0.0
2016-09-21 00:00:00-04:00,26.770000457763672,26.969999313354492,26.540000915527344,26.940000534057617,228100,0.0,0.0
2016-09-22 00:00:00-04:00,27.200000762939453,27.239999771118164,26.479999542236328,27.079999923706055,441400,0.0,0.0
2016-09-23 00:00:00-04:00,26.920000076293945,27.1299991607666,26.760000228881836,26.81999969482422,242100,0.0,0.0
2016-09-26 00:00:00-04:00,26.739999771118164,26.969999313354492,26.559999465942383,26.579999923706055,316800,0.0,0.0
2016-09-27 00:00:00-04:00,26.600000381469727,26.81999969482422,26.559999465942383,26.690000534057617,262100,0.0,0.0
2016-09-28 00:00:00-04:00,26.770000457763672,26.979999542236328,26.579999923706055,26.969999313354492,237900,0.0,0.0
2016-09-29 00:00:00-04:00,26.969999313354492,27.09000015258789,26.59000015258789,26.600000381469727,219900,0.0,0.0
2016-09-30 00:00:00-04:00,26.75,26.8700008392334,26.510000228881836,26.649999618530273,358600,0.0,0.0
2016-10-03 00:00:00-04:00,26.6299991607666,26.739999771118164,26.489999771118164,26.540000915527344,190300,0.0,0.0
2016-10-04 00:00:00-04:00,26.43000030517578,26.610000610351562,26.139999389648438,26.229999542236328,335000,0.0,0.0
2016-10-05 00:00:00-04:00,26.389999389648438,26.479999542236328,26.170000076293945,26.270000457763672,225200,0.0,0.0
2016-10-06 00:00:00-04:00,26.170000076293945,26.190000534057617,25.8700008392334,26.18000030517578,171700,0.0,0.0
2016-10-07 00:00:00-04:00,26.139999389648438,26.139999389648438,25.520000457763672,25.649999618530273,275700,0.0,0.0
2016-10-10 00:00:00-04:00,25.770000457763672,26.0,25.600000381469727,25.780000686645508,229700,0.0,0.0
2016-10-11 00:00:00-04:00,25.639999389648438,25.639999389648438,25.040000915527344,25.1299991607666,264700,0.0,0.0
2016-10-12 00:00:00-04:00,25.15999984741211,25.479999542236328,25.040000915527344,25.25,336100,0.0,0.0
2016-10-13 00:00:00-04:00,25.09000015258789,25.09000015258789,24.489999771118164,24.829999923706055,463900,0.0,0.0
2016-10-14 00:00:00-04:00,24.950000762939453,25.170000076293945,24.850000381469727,25.06999969482422,261100,0.0,0.0
2016-10-17 00:00:00-04:00,25.010000228881836,25.350000381469727,24.989999771118164,25.209999084472656,304100,0.0,0.0
2016-10-18 00:00:00-04:00,25.540000915527344,25.540000915527344,24.950000762939453,24.959999084472656,258600,0.0,0.0
2016-10-19 00:00:00-04:00,24.959999084472656,25.139999389648438,24.65999984741211,25.049999237060547,175800,0.0,0.0
2016-10-20 00:00:00-04:00,25.020000457763672,25.110000610351562,24.829999923706055,24.8799991607666,128100,0.0,0.0
2016-10-21 00:00:00-04:00,24.719999313354492,24.989999771118164,24.6299991607666,24.979999542236328,182500,0.0,0.0
2016-10-24 00:00:00-04:00,25.200000762939453,25.3799991607666,25.010000228881836,25.1200008392334,456900,0.0,0.0
2016-10-25 00:00:00-04:00,25.040000915527344,25.270000457763672,24.59000015258789,24.790000915527344,217100,0.0,0.0
2016-10-26 00:00:00-04:00,24.690000534057617,24.959999084472656,24.579999923706055,24.670000076293945,260900,0.0,0.0
2016-10-27 00:00:00-04:00,24.809999465942383,24.809999465942383,23.760000228881836,23.989999771118164,393900,0.0,0.0
2016-10-28 00:00:00-04:00,23.8799991607666,24.260000228881836,23.739999771118164,23.770000457763672,163300,0.0,0.0
2016-10-31 00:00:00-04:00,23.799999237060547,23.940000534057617,23.489999771118164,23.559999465942383,316500,0.0,0.0
2016-11-01 00:00:00-04:00,23.600000381469727,23.799999237060547,23.389999389648438,23.56999969482422,348800,0.0,0.0
2016-11-02 00:00:00-04:00,23.56999969482422,23.6299991607666,23.040000915527344,23.100000381469727,346600,0.0,0.0
2016-11-03 00:00:00-04:00,23.1200008392334,23.299999237060547,23.030000686645508,23.110000610351562,168300,0.0,0.0
2016-11-04 00:00:00-04:00,23.110000610351562,23.260000228881836,22.719999313354492,22.719999313354492,266600,0.0,0.0
2016-11-07 00:00:00-05:00,23.219999313354492,24.489999771118164,23.09000015258789,24.489999771118164,580300,0.0,0.0
2016-11-08 00:00:00-05:00,25.739999771118164,26.200000762939453,24.8700008392334,25.700000762939453,1367400,0.0,0.0
2016-11-09 00:00:00-05:00,25.40999984741211,26.31999969482422,24.8799991607666,26.31999969482422,768900,0.0,0.0
2016-11-10 00:00:00-05:00,26.610000610351562,26.889999389648438,25.850000381469727,26.6200008392334,483900,0.0,0.0
2016-11-11 00:00:00-05:00,26.559999465942383,27.170000076293945,26.389999389648438,26.969999313354492,663300,0.0,0.0
2016-11-14 00:00:00-05:00,27.0,27.3799991607666,26.829999923706055,26.979999542236328,394000,0.0,0.0
2016-11-15 00:00:00-05:00,27.030000686645508,27.200000762939453,26.520000457763672,26.760000228881836,273000,0.0,0.0
2016-11-16 00:00:00-05:00,26.549999237060547,27.049999237060547,26.549999237060547,26.899999618530273,307100,0.0,0.0
2016-11-17 00:00:00-05:00,27.049999237060547,27.270000457763672,27.020000457763672,27.110000610351562,311300,0.0,0.0
2016-11-18 00:00:00-05:00,26.90999984741211,27.139999389648438,26.700000762939453,26.8700008392334,366600,0.0,0.0
2016-11-21 00:00:00-05:00,27.0,27.030000686645508,26.489999771118164,26.809999465942383,319800,0.0,0.0
2016-11-22 00:00:00-05:00,26.979999542236328,27.059999465942383,26.600000381469727,27.020000457763672,352900,0.0,0.0
2016-11-23 00:00:00-05:00,26.93000030517578,27.350000381469727,26.850000381469727,27.31999969482422,235900,0.0,0.0
2016-11-25 00:00:00-05:00,27.399999618530273,27.59000015258789,27.290000915527344,27.579999923706055,95400,0.0,0.0
2016-11-28 00:00:00-05:00,27.5,27.700000762939453,27.100000381469727,27.149999618530273,224100,0.0,0.0
2016-11-29 00:00:00-05:00,27.229999542236328,27.34000015258789,26.850000381469727,27.020000457763672,245900,0.0,0.0
2016-11-30 00:00:00-05:00,27.100000381469727,27.1299991607666,26.520000457763672,26.530000686645508,225100,0.0,0.0
2016-12-01 00:00:00-05:00,26.559999465942383,26.700000762939453,25.739999771118164,25.90999984741211,226400,0.0,0.0
2016-12-02 00:00:00-05:00,25.09000015258789,25.790000915527344,25.09000015258789,25.43000030517578,326200,0.0,0.0
2016-12-05 00:00:00-05:00,25.459999084472656,26.079999923706055,25.459999084472656,25.729999542236328,338800,0.0,0.0
2016-12-06 00:00:00-05:00,25.899999618530273,25.979999542236328,25.469999313354492,25.559999465942383,442700,0.0,0.0
2016-12-07 00:00:00-05:00,25.6200008392334,26.59000015258789,25.350000381469727,26.5,328200,0.0,0.0
2016-12-08 00:00:00-05:00,26.5,27.170000076293945,26.479999542236328,27.170000076293945,350700,0.0,0.0
2016-12-09 00:00:00-05:00,27.170000076293945,27.510000228881836,26.690000534057617,27.299999237060547,277000,0.0,0.0
2016-12-12 00:00:00-05:00,27.299999237060547,27.389999389648438,26.8799991607666,27.06999969482422,223000,0.0,0.0
2016-12-13 00:00:00-05:00,27.299999237060547,27.440000534057617,26.93000030517578,27.360000610351562,240300,0.0,0.0
2016-12-14 00:00:00-05:00,27.360000610351562,27.40999984741211,27.079999923706055,27.149999618530273,224000,0.0,0.0
2016-12-15 00:00:00-05:00,27.270000457763672,27.700000762939453,27.030000686645508,27.190000534057617,328400,0.0,0.0
2016-12-16 00:00:00-05:00,27.149999618530273,27.5,26.760000228881836,26.809999465942383,859100,0.0,0.0
2016-12-19 00:00:00-05:00,26.8799991607666,27.18000030517578,26.780000686645508,26.950000762939453,728000,0.0,0.0
2016-12-20 00:00:00-05:00,27.15999984741211,27.15999984741211,26.56999969482422,26.760000228881836,538000,0.0,0.0
2016-12-21 00:00:00-05:00,26.6299991607666,26.690000534057617,26.139999389648438,26.389999389648438,258500,0.0,0.0
2016-12-22 00:00:00-05:00,26.360000610351562,26.729999542236328,26.200000762939453,26.670000076293945,269100,0.0,0.0
2016-12-23 00:00:00-05:00,26.670000076293945,26.969999313354492,26.649999618530273,26.940000534057617,258200,0.0,0.0
2016-12-27 00:00:00-05:00,26.93000030517578,27.290000915527344,26.709999084472656,27.110000610351562,160700,0.0,0.0
2016-12-28 00:00:00-05:00,27.18000030517578,27.229999542236328,26.799999237060547,26.860000610351562,204100,0.0,0.0
2016-12-29 00:00:00-05:00,26.969999313354492,27.139999389648438,26.809999465942383,26.920000076293945,101800,0.0,0.0
2016-12-30 00:00:00-05:00,26.959999084472656,26.969999313354492,26.56999969482422,26.799999237060547,206100,0.0,0.0
2017-01-03 00:00:00-05:00,27.0,27.15999984741211,26.299999237060547,26.459999084472656,273200,0.0,0.0
2017-01-04 00:00:00-05:00,26.440000534057617,27.040000915527344,26.34000015258789,26.8799991607666,424800,0.0,0.0
2017-01-05 00:00:00-05:00,26.889999389648438,27.209999084472656,26.770000457763672,26.979999542236328,256400,0.0,0.0
2017-01-06 00:00:00-05:00,27.110000610351562,27.1200008392334,26.780000686645508,26.940000534057617,206700,0.0,0.0
2017-01-09 00:00:00-05:00,26.84000015258789,26.90999984741211,26.450000762939453,26.530000686645508,255700,0.0,0.0
2017-01-10 00:00:00-05:00,26.610000610351562,27.010000228881836,26.209999084472656,26.8799991607666,245100,0.0,0.0
2017-01-11 00:00:00-05:00,26.84000015258789,27.309999465942383,26.760000228881836,27.290000915527344,287700,0.0,0.0
2017-01-12 00:00:00-05:00,27.239999771118164,27.239999771118164,26.530000686645508,27.1200008392334,255500,0.0,0.0
2017-01-13 00:00:00-05:00,27.260000228881836,27.729999542236328,27.260000228881836,27.68000030517578,250500,0.0,0.0
2017-01-17 00:00:00-05:00,27.40999984741211,27.540000915527344,27.190000534057617,27.3799991607666,202800,0.0,0.0
2017-01-18 00:00:00-05:00,27.540000915527344,27.540000915527344,26.940000534057617,27.270000457763672,419300,0.0,0.0
2017-01-19 00:00:00-05:00,27.1200008392334,27.1200008392334,26.6200008392334,26.649999618530273,232300,0.0,0.0
2017-01-20 00:00:00-05:00,26.59000015258789,26.770000457763672,26.229999542236328,26.459999084472656,614800,0.0,0.0
2017-01-23 00:00:00-05:00,26.450000762939453,26.450000762939453,25.8799991607666,26.0,432200,0.0,0.0
2017-01-24 00:00:00-05:00,25.989999771118164,26.43000030517578,25.940000534057617,26.190000534057617,471000,0.0,0.0
2017-01-25 00:00:00-05:00,26.450000762939453,26.709999084472656,26.239999771118164,26.649999618530273,435300,0.0,0.0
2017-01-26 00:00:00-05:00,26.649999618530273,26.770000457763672,26.1200008392334,26.3799991607666,239800,0.0,0.0
2017-01-27 00:00:00-05:00,26.399999618530273,26.530000686645508,26.09000015258789,26.489999771118164,167400,0.0,0.0
2017-01-30 00:00:00-05:00,26.229999542236328,26.25,24.739999771118164,26.040000915527344,258400,0.0,0.0
2017-01-31 00:00:00-05:00,25.899999618530273,26.149999618530273,25.780000686645508,26.100000381469727,395700,0.0,0.0
2017-02-01 00:00:00-05:00,28.0,30.399999618530273,28.0,28.950000762939453,1846500,0.0,0.0
2017-02-02 00:00:00-05:00,29.0,29.0,28.190000534057617,28.399999618530273,658400,0.0,0.0
2017-02-03 00:00:00-05:00,28.739999771118164,28.920000076293945,28.479999542236328,28.549999237060547,410600,0.0,0.0
2017-02-06 00:00:00-05:00,28.34000015258789,28.489999771118164,28.049999237060547,28.09000015258789,247900,0.0,0.0
2017-02-07 00:00:00-05:00,28.200000762939453,28.940000534057617,28.100000381469727,28.3700008392334,374400,0.0,0.0
2017-02-08 00:00:00-05:00,28.440000534057617,28.440000534057617,27.56999969482422,27.790000915527344,243000,0.0,0.0
2017-02-09 00:00:00-05:00,27.829999923706055,28.239999771118164,27.829999923706055,28.219999313354492,287400,0.0,0.0
2017-02-10 00:00:00-05:00,28.200000762939453,28.5,27.739999771118164,28.459999084472656,281100,0.0,0.0
2017-02-13 00:00:00-05:00,28.549999237060547,28.899999618530273,28.479999542236328,28.610000610351562,331200,0.0,0.0
2017-02-14 00:00:00-05:00,28.389999389648438,28.559999465942383,28.229999542236328,28.3799991607666,194000,0.0,0.0
2017-02-15 00:00:00-05:00,28.260000228881836,28.75,28.229999542236328,28.56999969482422,375400,0.0,0.0
2017-02-16 00:00:00-05:00,28.639999389648438,28.889999389648438,28.489999771118164,28.8799991607666,293500,0.0,0.0
2017-02-17 00:00:00-05:00,28.969999313354492,29.299999237060547,28.790000915527344,29.280000686645508,509800,0.0,0.0
2017-02-21 00:00:00-05:00,29.350000381469727,29.6299991607666,29.209999084472656,29.610000610351562,325700,0.0,0.0
2017-02-22 00:00:00-05:00,29.469999313354492,29.739999771118164,29.3799991607666,29.65999984741211,353600,0.0,0.0
2017-02-23 00:00:00-05:00,29.75,29.75,29.309999465942383,29.6200008392334,390400,0.0,0.0
2017-02-24 00:00:00-05:00,29.139999389648438,29.559999465942383,27.649999618530273,29.3700008392334,304500,0.0,0.0
2017-02-27 00:00:00-05:00,29.34000015258789,29.559999465942383,28.989999771118164,29.149999618530273,347400,0.0,0.0
2017-02-28 00:00:00-05:00,29.020000457763672,29.1299991607666,28.520000457763672,28.520000457763672,760200,0.0,0.0
2017-03-01 00:00:00-05:00,28.860000610351562,29.049999237060547,28.760000228881836,28.969999313354492,457900,0.0,0.0
2017-03-02 00:00:00-05:00,28.8700008392334,29.059999465942383,28.540000915527344,28.559999465942383,184400,0.0,0.0
2017-03-03 00:00:00-05:00,28.600000381469727,28.75,28.139999389648438,28.309999465942383,236400,0.0,0.0
2017-03-06 00:00:00-05:00,28.190000534057617,28.270000457763672,27.81999969482422,28.1299991607666,186400,0.0,0.0
2017-03-07 00:00:00-05:00,28.030000686645508,28.43000030517578,27.940000534057617,27.959999084472656,598000,0.0,0.0
2017-03-08 00:00:00-05:00,28.0,28.1299991607666,27.59000015258789,27.59000015258789,255700,0.0,0.0
2017-03-09 00:00:00-05:00,27.520000457763672,27.770000457763672,27.239999771118164,27.3799991607666,287100,0.0,0.0
2017-03-10 00:00:00-05:00,27.329999923706055,28.09000015258789,27.329999923706055,28.040000915527344,521900,0.0,0.0
2017-03-13 00:00:00-04:00,28.100000381469727,28.549999237060547,28.040000915527344,28.540000915527344,308800,0.0,0.0
2017-03-14 00:00:00-04:00,28.350000381469727,28.350000381469727,28.040000915527344,28.219999313354492,154900,0.0,0.0
2017-03-15 00:00:00-04:00,28.399999618530273,28.559999465942383,28.200000762939453,28.350000381469727,416400,0.0,0.0
2017-03-16 00:00:00-04:00,28.469999313354492,28.56999969482422,28.200000762939453,28.270000457763672,140400,0.0,0.0
2017-03-17 00:00:00-04:00,28.200000762939453,28.690000534057617,27.84000015258789,28.56999969482422,650000,0.0,0.0
2017-03-20 00:00:00-04:00,28.530000686645508,28.600000381469727,28.149999618530273,28.549999237060547,247800,0.0,0.0
2017-03-21 00:00:00-04:00,28.770000457763672,28.770000457763672,27.649999618530273,27.670000076293945,330600,0.0,0.0
2017-03-22 00:00:00-04:00,27.649999618530273,27.940000534057617,27.209999084472656,27.65999984741211,240200,0.0,0.0
2017-03-23 00:00:00-04:00,27.549999237060547,27.959999084472656,27.489999771118164,27.799999237060547,245600,0.0,0.0
2017-03-24 00:00:00-04:00,27.860000610351562,28.209999084472656,27.760000228881836,27.940000534057617,228600,0.0,0.0
2017-03-27 00:00:00-04:00,27.549999237060547,27.760000228881836,27.200000762939453,27.559999465942383,218700,0.0,0.0
2017-03-28 00:00:00-04:00,27.5,28.0,27.329999923706055,27.8700008392334,237200,0.0,0.0
2017-03-29 00:00:00-04:00,27.790000915527344,27.90999984741211,27.600000381469727,27.8700008392334,178700,0.0,0.0
2017-03-30 00:00:00-04:00,27.799999237060547,28.0,27.639999389648438,27.770000457763672,553900,0.0,0.0
2017-03-31 00:00:00-04:00,27.690000534057617,28.56999969482422,27.690000534057617,28.469999313354492,552800,0.0,0.0
2017-04-03 00:00:00-04:00,28.5,28.559999465942383,28.139999389648438,28.209999084472656,374800,0.0,0.0
2017-04-04 00:00:00-04:00,27.399999618530273,28.350000381469727,27.149999618530273,28.010000228881836,293600,0.0,0.0
2017-04-05 00:00:00-04:00,28.110000610351562,28.59000015258789,27.760000228881836,27.780000686645508,221500,0.0,0.0
2017-04-06 00:00:00-04:00,27.799999237060547,28.219999313354492,27.540000915527344,28.219999313354492,233600,0.0,0.0
2017-04-07 00:00:00-04:00,28.1200008392334,28.270000457763672,27.780000686645508,27.809999465942383,331000,0.0,0.0
2017-04-10 00:00:00-04:00,27.809999465942383,28.079999923706055,27.559999465942383,27.790000915527344,261500,0.0,0.0
2017-04-11 00:00:00-04:00,27.719999313354492,28.1299991607666,27.469999313354492,28.1200008392334,304500,0.0,0.0
2017-04-12 00:00:00-04:00,28.059999465942383,28.290000915527344,27.65999984741211,27.709999084472656,209900,0.0,0.0
2017-04-13 00:00:00-04:00,27.600000381469727,27.770000457763672,26.920000076293945,26.93000030517578,317900,0.0,0.0
2017-04-17 00:00:00-04:00,26.989999771118164,27.270000457763672,26.90999984741211,27.200000762939453,434100,0.0,0.0
2017-04-18 00:00:00-04:00,27.040000915527344,27.299999237060547,27.0,27.1299991607666,305200,0.0,0.0
2017-04-19 00:00:00-04:00,27.229999542236328,27.56999969482422,27.200000762939453,27.420000076293945,320500,0.0,0.0
2017-04-20 00:00:00-04:00,27.6299991607666,28.0,27.469999313354492,27.959999084472656,276300,0.0,0.0
2017-04-21 00:00:00-04:00,27.899999618530273,28.010000228881836,26.93000030517578,27.8700008392334,355800,0.0,0.0
2017-04-24 00:00:00-04:00,28.360000610351562,28.489999771118164,28.149999618530273,28.190000534057617,433500,0.0,0.0
2017-04-25 00:00:00-04:00,28.479999542236328,28.610000610351562,28.350000381469727,28.530000686645508,585000,0.0,0.0
2017-04-26 00:00:00-04:00,28.540000915527344,29.079999923706055,28.40999984741211,28.600000381469727,319200,0.0,0.0
2017-04-27 00:00:00-04:00,28.709999084472656,29.09000015258789,28.6299991607666,29.049999237060547,259900,0.0,0.0
2017-04-28 00:00:00-04:00,28.989999771118164,29.059999465942383,28.770000457763672,28.899999618530273,313100,0.0,0.0
2017-05-01 00:00:00-04:00,29.100000381469727,29.100000381469727,28.600000381469727,28.969999313354492,330100,0.0,0.0
2017-05-02 00:00:00-04:00,29.100000381469727,29.100000381469727,28.520000457763672,28.68000030517578,284700,0.0,0.0
2017-05-03 00:00:00-04:00,28.56999969482422,28.719999313354492,28.219999313354492,28.690000534057617,194300,0.0,0.0
2017-05-04 00:00:00-04:00,28.739999771118164,29.079999923706055,28.3700008392334,28.969999313354492,231500,0.0,0.0
2017-05-05 00:00:00-04:00,29.100000381469727,29.110000610351562,28.709999084472656,28.8700008392334,195000,0.0,0.0
2017-05-08 00:00:00-04:00,28.899999618530273,28.989999771118164,28.579999923706055,28.790000915527344,151000,0.0,0.0
2017-05-09 00:00:00-04:00,28.81999969482422,28.8700008392334,28.56999969482422,28.770000457763672,177500,0.0,0.0
2017-05-10 00:00:00-04:00,28.790000915527344,28.989999771118164,28.540000915527344,28.8700008392334,284400,0.0,0.0
2017-05-11 00:00:00-04:00,28.739999771118164,28.739999771118164,28.170000076293945,28.309999465942383,554300,0.0,0.0
2017-05-12 00:00:00-04:00,28.209999084472656,28.350000381469727,27.84000015258789,28.040000915527344,339600,0.0,0.0
2017-05-15 00:00:00-04:00,28.079999923706055,28.65999984741211,28.059999465942383,28.360000610351562,767600,0.0,0.0
2017-05-16 00:00:00-04:00,27.8700008392334,28.43000030517578,27.639999389648438,28.209999084472656,948600,0.0,0.0
2017-05-17 00:00:00-04:00,26.639999389648438,27.479999542236328,25.969999313354492,26.149999618530273,1593400,0.0,0.0
2017-05-18 00:00:00-04:00,26.0,26.18000030517578,25.510000228881836,25.760000228881836,1174400,0.0,0.0
2017-05-19 00:00:00-04:00,25.809999465942383,26.100000381469727,25.639999389648438,25.770000457763672,656900,0.0,0.0
2017-05-22 00:00:00-04:00,25.829999923706055,26.0,25.700000762939453,25.899999618530273,613500,0.0,0.0
2017-05-23 00:00:00-04:00,25.700000762939453,26.520000457763672,25.700000762939453,26.149999618530273,557800,0.0,0.0
2017-05-24 00:00:00-04:00,26.06999969482422,26.1200008392334,25.790000915527344,25.850000381469727,411500,0.0,0.0
2017-05-25 00:00:00-04:00,25.649999618530273,26.170000076293945,25.600000381469727,26.059999465942383,383200,0.0,0.0
2017-05-26 00:00:00-04:00,25.950000762939453,26.030000686645508,25.469999313354492,25.90999984741211,240900,0.0,0.0
2017-05-30 00:00:00-04:00,25.780000686645508,25.889999389648438,25.6299991607666,25.729999542236328,434400,0.0,0.0
2017-05-31 00:00:00-04:00,25.84000015258789,26.299999237060547,25.6200008392334,26.200000762939453,696600,0.0,0.0
2017-06-01 00:00:00-04:00,26.290000915527344,26.56999969482422,25.719999313354492,26.540000915527344,518000,0.0,0.0
2017-06-02 00:00:00-04:00,26.6200008392334,27.0,26.43000030517578,26.75,293800,0.0,0.0
2017-06-05 00:00:00-04:00,26.719999313354492,26.809999465942383,26.3799991607666,26.450000762939453,415000,0.0,0.0
2017-06-06 00:00:00-04:00,26.209999084472656,26.270000457763672,25.739999771118164,26.030000686645508,361200,0.0,0.0
2017-06-07 00:00:00-04:00,26.200000762939453,26.209999084472656,25.520000457763672,26.0,445200,0.0,0.0
2017-06-08 00:00:00-04:00,26.0,26.479999542236328,25.90999984741211,26.420000076293945,249200,0.0,0.0
2017-06-09 00:00:00-04:00,26.3700008392334,26.65999984741211,25.920000076293945,26.170000076293945,538400,0.0,0.0
2017-06-12 00:00:00-04:00,26.15999984741211,26.56999969482422,26.049999237060547,26.56999969482422,294800,0.0,0.0
2017-06-13 00:00:00-04:00,26.709999084472656,26.920000076293945,26.40999984741211,26.639999389648438,354100,0.0,0.0
2017-06-14 00:00:00-04:00,26.75,26.979999542236328,26.290000915527344,26.389999389648438,288200,0.0,0.0
2017-06-15 00:00:00-04:00,26.110000610351562,26.719999313354492,26.110000610351562,26.639999389648438,331500,0.0,0.0
2017-06-16 00:00:00-04:00,26.200000762939453,26.309999465942383,25.8700008392334,26.260000228881836,898600,0.0,0.0
2017-06-19 00:00:00-04:00,26.440000534057617,26.860000610351562,26.1200008392334,26.290000915527344,248700,0.0,0.0
2017-06-20 00:00:00-04:00,26.239999771118164,26.239999771118164,25.799999237060547,25.8799991607666,158800,0.0,0.0
2017-06-21 00:00:00-04:00,26.0,26.100000381469727,25.790000915527344,25.84000015258789,381000,0.0,0.0
2017-06-22 00:00:00-04:00,25.899999618530273,26.219999313354492,25.670000076293945,26.209999084472656,357900,0.0,0.0
2017-06-23 00:00:00-04:00,26.010000228881836,26.510000228881836,25.959999084472656,26.229999542236328,440200,0.0,0.0
2017-06-26 00:00:00-04:00,26.309999465942383,26.360000610351562,25.940000534057617,26.270000457763672,342800,0.0,0.0
2017-06-27 00:00:00-04:00,26.25,26.290000915527344,25.959999084472656,26.1200008392334,571400,0.0,0.0
2017-06-28 00:00:00-04:00,26.329999923706055,26.540000915527344,26.18000030517578,26.450000762939453,350300,0.0,0.0
2017-06-29 00:00:00-04:00,26.450000762939453,26.450000762939453,25.84000015258789,26.010000228881836,486500,0.0,0.0
2017-06-30 00:00:00-04:00,26.049999237060547,26.239999771118164,25.8799991607666,25.979999542236328,560100,0.0,0.0
2017-07-03 00:00:00-04:00,26.1200008392334,26.149999618530273,25.75,25.90999984741211,159900,0.0,0.0
2017-07-05 00:00:00-04:00,25.780000686645508,25.969999313354492,25.739999771118164,25.799999237060547,215400,0.0,0.0
2017-07-06 00:00:00-04:00,25.610000610351562,25.93000030517578,25.350000381469727,25.420000076293945,435500,0.0,0.0
2017-07-07 00:00:00-04:00,25.440000534057617,25.899999618530273,25.389999389648438,25.860000610351562,278700,0.0,0.0
2017-07-10 00:00:00-04:00,25.809999465942383,25.860000610351562,25.479999542236328,25.559999465942383,377900,0.0,0.0
2017-07-11 00:00:00-04:00,25.59000015258789,25.670000076293945,25.350000381469727,25.489999771118164,495000,0.0,0.0
2017-07-12 00:00:00-04:00,25.780000686645508,25.969999313354492,25.639999389648438,25.65999984741211,767700,0.0,0.0
2017-07-13 00:00:00-04:00,25.700000762939453,26.209999084472656,25.5,26.209999084472656,626800,0.0,0.0
2017-07-14 00:00:00-04:00,26.209999084472656,26.81999969482422,26.190000534057617,26.639999389648438,3101200,0.0,0.0
2017-07-17 00:00:00-04:00,26.739999771118164,26.8799991607666,26.530000686645508,26.780000686645508,398900,0.0,0.0
2017-07-18 00:00:00-04:00,26.649999618530273,26.780000686645508,26.530000686645508,26.709999084472656,312700,0.0,0.0
2017-07-19 00:00:00-04:00,26.780000686645508,27.110000610351562,26.729999542236328,26.989999771118164,716300,0.0,0.0
2017-07-20 00:00:00-04:00,27.010000228881836,27.1200008392334,26.549999237060547,27.030000686645508,250100,0.0,0.0
2017-07-21 00:00:00-04:00,27.139999389648438,27.139999389648438,26.3799991607666,26.8700008392334,335600,0.0,0.0
2017-07-24 00:00:00-04:00,26.850000381469727,27.059999465942383,26.780000686645508,26.989999771118164,750300,0.0,0.0
2017-07-25 00:00:00-04:00,27.09000015258789,27.530000686645508,26.969999313354492,27.139999389648438,1129000,0.0,0.0
2017-07-26 00:00:00-04:00,27.200000762939453,27.200000762939453,26.950000762939453,26.989999771118164,697900,0.0,0.0
2017-07-27 00:00:00-04:00,27.049999237060547,27.15999984741211,26.760000228881836,26.989999771118164,617800,0.0,0.0
2017-07-28 00:00:00-04:00,26.780000686645508,27.15999984741211,26.780000686645508,27.059999465942383,488500,0.0,0.0
2017-07-31 00:00:00-04:00,27.030000686645508,27.079999923706055,26.809999465942383,26.969999313354492,238600,0.0,0.0
2017-08-01 00:00:00-04:00,27.1299991607666,27.190000534057617,26.81999969482422,26.950000762939453,373400,0.0,0.0
2017-08-02 00:00:00-04:00,26.989999771118164,26.989999771118164,26.670000076293945,26.84000015258789,349200,0.0,0.0
2017-08-03 00:00:00-04:00,26.829999923706055,26.950000762939453,26.719999313354492,26.770000457763672,764500,0.0,0.0
2017-08-04 00:00:00-04:00,26.799999237060547,27.200000762939453,25.0,25.079999923706055,2865000,0.0,0.0
2017-08-07 00:00:00-04:00,25.020000457763672,25.020000457763672,24.049999237060547,24.059999465942383,1093500,0.0,0.0
2017-08-08 00:00:00-04:00,24.059999465942383,24.170000076293945,23.59000015258789,23.6200008392334,813100,0.0,0.0
2017-08-09 00:00:00-04:00,23.469999313354492,23.520000457763672,22.969999313354492,23.079999923706055,1217400,0.0,0.0
2017-08-10 00:00:00-04:00,23.010000228881836,23.09000015258789,22.639999389648438,22.760000228881836,719100,0.0,0.0
2017-08-11 00:00:00-04:00,22.850000381469727,23.030000686645508,22.729999542236328,22.969999313354492,794100,0.0,0.0
2017-08-14 00:00:00-04:00,23.049999237060547,23.969999313354492,23.049999237060547,23.34000015258789,673300,0.0,0.0
2017-08-15 00:00:00-04:00,23.31999969482422,23.31999969482422,22.969999313354492,22.979999542236328,472500,0.0,0.0
2017-08-16 00:00:00-04:00,23.06999969482422,23.270000457763672,22.850000381469727,22.850000381469727,387500,0.0,0.0
2017-08-17 00:00:00-04:00,22.790000915527344,22.860000610351562,22.399999618530273,22.399999618530273,453900,0.0,0.0
2017-08-18 00:00:00-04:00,22.200000762939453,22.34000015258789,22.030000686645508,22.100000381469727,526400,0.0,0.0
2017-08-21 00:00:00-04:00,22.059999465942383,22.100000381469727,21.799999237060547,21.850000381469727,351100,0.0,0.0
2017-08-22 00:00:00-04:00,21.860000610351562,22.459999084472656,21.860000610351562,22.3799991607666,635200,0.0,0.0
2017-08-23 00:00:00-04:00,22.270000457763672,22.299999237060547,22.1200008392334,22.1299991607666,225200,0.0,0.0
2017-08-24 00:00:00-04:00,22.40999984741211,22.799999237060547,22.3799991607666,22.739999771118164,536500,0.0,0.0
2017-08-25 00:00:00-04:00,22.860000610351562,22.90999984741211,22.56999969482422,22.690000534057617,399800,0.0,0.0
2017-08-28 00:00:00-04:00,22.719999313354492,22.739999771118164,22.5,22.579999923706055,354900,0.0,0.0
2017-08-29 00:00:00-04:00,22.479999542236328,22.940000534057617,22.479999542236328,22.90999984741211,430200,0.0,0.0
2017-08-30 00:00:00-04:00,22.860000610351562,23.110000610351562,22.829999923706055,23.020000457763672,373700,0.0,0.0
2017-08-31 00:00:00-04:00,23.059999465942383,23.3700008392334,23.030000686645508,23.290000915527344,382200,0.0,0.0
2017-09-01 00:00:00-04:00,23.3799991607666,23.520000457763672,23.290000915527344,23.5,433000,0.0,0.0
2017-09-05 00:00:00-04:00,23.440000534057617,23.739999771118164,23.350000381469727,23.450000762939453,798800,0.0,0.0
2017-09-06 00:00:00-04:00,23.559999465942383,23.579999923706055,23.329999923706055,23.5,563900,0.0,0.0
2017-09-07 00:00:00-04:00,23.5,23.649999618530273,23.360000610351562,23.5,357000,0.0,0.0
2017-09-08 00:00:00-04:00,23.440000534057617,23.549999237060547,23.209999084472656,23.420000076293945,212200,0.0,0.0
2017-09-11 00:00:00-04:00,23.6200008392334,23.770000457763672,23.479999542236328,23.610000610351562,383700,0.0,0.0
2017-09-12 00:00:00-04:00,23.68000030517578,23.979999542236328,23.649999618530273,23.889999389648438,290200,0.0,0.0
2017-09-13 00:00:00-04:00,23.780000686645508,23.8799991607666,23.549999237060547,23.59000015258789,473800,0.0,0.0
2017-09-14 00:00:00-04:00,23.579999923706055,23.670000076293945,23.459999084472656,23.6299991607666,257900,0.0,0.0
2017-09-15 00:00:00-04:00,23.5,23.68000030517578,23.31999969482422,23.489999771118164,1381300,0.0,0.0
2017-09-18 00:00:00-04:00,23.59000015258789,24.1200008392334,23.5,23.969999313354492,339500,0.0,0.0
2017-09-19 00:00:00-04:00,23.969999313354492,24.030000686645508,23.729999542236328,23.799999237060547,258100,0.0,0.0
2017-09-20 00:00:00-04:00,23.760000228881836,24.0,23.649999618530273,23.860000610351562,282200,0.0,0.0
2017-09-21 00:00:00-04:00,23.84000015258789,24.290000915527344,23.670000076293945,23.93000030517578,505800,0.0,0.0
2017-09-22 00:00:00-04:00,23.90999984741211,24.360000610351562,23.8700008392334,24.34000015258789,270600,0.0,0.0
2017-09-25 00:00:00-04:00,24.290000915527344,24.3799991607666,24.010000228881836,24.299999237060547,308900,0.0,0.0
2017-09-26 00:00:00-04:00,24.389999389648438,24.600000381469727,24.270000457763672,24.479999542236328,247400,0.0,0.0
2017-09-27 00:00:00-04:00,24.56999969482422,24.93000030517578,24.309999465942383,24.850000381469727,398500,0.0,0.0
2017-09-28 00:00:00-04:00,24.829999923706055,25.020000457763672,24.56999969482422,24.829999923706055,411400,0.0,0.0
2017-09-29 00:00:00-04:00,24.739999771118164,24.829999923706055,24.600000381469727,24.639999389648438,1077900,0.0,0.0
2017-10-02 00:00:00-04:00,24.729999542236328,24.969999313354492,24.56999969482422,24.739999771118164,334300,0.0,0.0
2017-10-03 00:00:00-04:00,24.84000015258789,24.989999771118164,24.729999542236328,24.93000030517578,655500,0.0,0.0
2017-10-04 00:00:00-04:00,24.920000076293945,25.139999389648438,24.829999923706055,25.079999923706055,527800,0.0,0.0
2017-10-05 00:00:00-04:00,25.149999618530273,25.25,24.889999389648438,24.889999389648438,273900,0.0,0.0
2017-10-06 00:00:00-04:00,24.84000015258789,24.920000076293945,24.690000534057617,24.75,458200,0.0,0.0
2017-10-09 00:00:00-04:00,24.75,25.020000457763672,24.600000381469727,24.790000915527344,180800,0.0,0.0
2017-10-10 00:00:00-04:00,24.989999771118164,25.059999465942383,24.81999969482422,24.8799991607666,283700,0.0,0.0
2017-10-11 00:00:00-04:00,24.850000381469727,24.889999389648438,24.639999389648438,24.690000534057617,263600,0.0,0.0
2017-10-12 00:00:00-04:00,24.670000076293945,24.84000015258789,24.579999923706055,24.700000762939453,279800,0.0,0.0
2017-10-13 00:00:00-04:00,24.780000686645508,25.079999923706055,24.780000686645508,24.940000534057617,563000,0.0,0.0
2017-10-16 00:00:00-04:00,25.049999237060547,25.09000015258789,24.59000015258789,24.8799991607666,334200,0.0,0.0
2017-10-17 00:00:00-04:00,24.809999465942383,25.020000457763672,24.670000076293945,24.75,236300,0.0,0.0
2017-10-18 00:00:00-04:00,24.780000686645508,25.09000015258789,24.780000686645508,25.010000228881836,277800,0.0,0.0
2017-10-19 00:00:00-04:00,24.829999923706055,25.1200008392334,24.450000762939453,25.09000015258789,209100,0.0,0.0
2017-10-20 00:00:00-04:00,25.309999465942383,25.479999542236328,25.149999618530273,25.43000030517578,294700,0.0,0.0
2017-10-23 00:00:00-04:00,25.399999618530273,25.40999984741211,24.979999542236328,25.059999465942383,363100,0.0,0.0
2017-10-24 00:00:00-04:00,25.059999465942383,25.329999923706055,24.969999313354492,25.1200008392334,528500,0.0,0.0
2017-10-25 00:00:00-04:00,25.149999618530273,25.18000030517578,24.780000686645508,24.969999313354492,404600,0.0,0.0
2017-10-26 00:00:00-04:00,24.950000762939453,25.260000228881836,24.809999465942383,25.010000228881836,263300,0.0,0.0
2017-10-27 00:00:00-04:00,25.0,25.100000381469727,24.760000228881836,25.079999923706055,409000,0.0,0.0
2017-10-30 00:00:00-04:00,25.1299991607666,25.1299991607666,24.700000762939453,24.950000762939453,475100,0.0,0.0
2017-10-31 00:00:00-04:00,25.09000015258789,25.270000457763672,24.920000076293945,25.15999984741211,514800,0.0,0.0
2017-11-01 00:00:00-04:00,25.389999389648438,25.389999389648438,24.600000381469727,24.649999618530273,700300,0.0,0.0
2017-11-02 00:00:00-04:00,26.200000762939453,28.229999542236328,25.520000457763672,27.350000381469727,1432000,0.0,0.0
2017-11-03 00:00:00-04:00,27.229999542236328,27.229999542236328,26.25,26.59000015258789,852800,0.0,0.0
2017-11-06 00:00:00-05:00,26.639999389648438,26.860000610351562,26.3700008392334,26.600000381469727,428700,0.0,0.0
2017-11-07 00:00:00-05:00,26.59000015258789,26.59000015258789,26.020000457763672,26.31999969482422,443600,0.0,0.0
2017-11-08 00:00:00-05:00,26.190000534057617,26.639999389648438,25.950000762939453,26.5,863000,0.0,0.0
2017-11-09 00:00:00-05:00,26.31999969482422,26.520000457763672,26.020000457763672,26.450000762939453,486900,0.0,0.0
2017-11-10 00:00:00-05:00,26.209999084472656,26.540000915527344,26.15999984741211,26.420000076293945,650500,0.0,0.0
2017-11-13 00:00:00-05:00,26.200000762939453,26.329999923706055,25.969999313354492,26.18000030517578,315200,0.0,0.0
2017-11-14 00:00:00-05:00,26.049999237060547,26.280000686645508,25.979999542236328,26.219999313354492,191600,0.0,0.0
2017-11-15 00:00:00-05:00,25.940000534057617,26.1200008392334,25.760000228881836,26.040000915527344,359200,0.0,0.0
2017-11-16 00:00:00-05:00,26.170000076293945,26.65999984741211,26.139999389648438,26.579999923706055,658100,0.0,0.0
2017-11-17 00:00:00-05:00,26.520000457763672,26.75,26.299999237060547,26.540000915527344,856900,0.0,0.0
2017-11-20 00:00:00-05:00,26.6299991607666,26.690000534057617,26.350000381469727,26.5,261700,0.0,0.0
2017-11-21 00:00:00-05:00,26.68000030517578,26.68000030517578,26.3700008392334,26.510000228881836,367200,0.0,0.0
2017-11-22 00:00:00-05:00,26.6299991607666,27.149999618530273,26.5,26.950000762939453,610900,0.0,0.0
2017-11-24 00:00:00-05:00,25.920000076293945,26.90999984741211,25.920000076293945,26.809999465942383,267000,0.0,0.0
2017-11-27 00:00:00-05:00,26.809999465942383,26.950000762939453,26.6200008392334,26.809999465942383,306500,0.0,0.0
2017-11-28 00:00:00-05:00,26.950000762939453,27.200000762939453,26.649999618530273,27.170000076293945,394400,0.0,0.0
2017-11-29 00:00:00-05:00,27.1299991607666,27.31999969482422,26.989999771118164,27.190000534057617,345100,0.0,0.0
2017-11-30 00:00:00-05:00,27.239999771118164,27.549999237060547,27.100000381469727,27.25,762900,0.0,0.0
2017-12-01 00:00:00-05:00,27.18000030517578,27.690000534057617,27.010000228881836,27.59000015258789,500300,0.0,0.0
2017-12-04 00:00:00-05:00,27.780000686645508,27.850000381469727,27.25,27.3799991607666,691600,0.0,0.0
2017-12-05 00:00:00-05:00,26.770000457763672,27.520000457763672,26.770000457763672,27.3700008392334,462800,0.0,0.0
2017-12-06 00:00:00-05:00,27.34000015258789,27.510000228881836,27.190000534057617,27.25,288100,0.0,0.0
2017-12-07 00:00:00-05:00,27.280000686645508,27.459999084472656,27.25,27.329999923706055,632400,0.0,0.0
2017-12-08 00:00:00-05:00,27.329999923706055,27.450000762939453,26.989999771118164,27.139999389648438,381700,0.0,0.0
2017-12-11 00:00:00-05:00,27.110000610351562,27.350000381469727,26.540000915527344,27.139999389648438,545500,0.0,0.0
2017-12-12 00:00:00-05:00,27.209999084472656,27.3700008392334,27.040000915527344,27.239999771118164,463200,0.0,0.0
2017-12-13 00:00:00-05:00,27.280000686645508,27.489999771118164,27.1299991607666,27.399999618530273,284800,0.0,0.0
2017-12-14 00:00:00-05:00,27.389999389648438,27.479999542236328,27.1200008392334,27.1200008392334,296500,0.0,0.0
2017-12-15 00:00:00-05:00,27.190000534057617,27.780000686645508,26.979999542236328,27.56999969482422,684700,0.0,0.0
2017-12-18 00:00:00-05:00,27.75,27.93000030517578,27.329999923706055,27.639999389648438,276800,0.0,0.0
2017-12-19 00:00:00-05:00,27.6200008392334,27.729999542236328,27.31999969482422,27.389999389648438,276500,0.0,0.0
2017-12-20 00:00:00-05:00,27.559999465942383,27.559999465942383,27.209999084472656,27.329999923706055,461700,0.0,0.0
2017-12-21 00:00:00-05:00,27.389999389648438,27.540000915527344,27.229999542236328,27.5,231800,0.0,0.0
2017-12-22 00:00:00-05:00,27.5,27.889999389648438,27.209999084472656,27.549999237060547,384000,0.0,0.0
2017-12-26 00:00:00-05:00,27.489999771118164,27.649999618530273,27.3799991607666,27.43000030517578,188700,0.0,0.0
2017-12-27 00:00:00-05:00,27.489999771118164,27.489999771118164,27.219999313354492,27.3700008392334,235000,0.0,0.0
2017-12-28 00:00:00-05:00,27.440000534057617,27.520000457763672,27.190000534057617,27.489999771118164,270600,0.0,0.0
2017-12-29 00:00:00-05:00,27.610000610351562,27.739999771118164,27.420000076293945,27.559999465942383,481100,0.0,0.0
2018-01-02 00:00:00-05:00,27.579999923706055,28.479999542236328,27.459999084472656,28.06999969482422,644200,0.0,0.0
2018-01-03 00:00:00-05:00,28.049999237060547,28.329999923706055,27.940000534057617,28.270000457763672,389400,0.0,0.0
2018-01-04 00:00:00-05:00,28.34000015258789,28.5,28.09000015258789,28.209999084472656,239100,0.0,0.0
2018-01-05 00:00:00-05:00,28.270000457763672,28.270000457763672,27.899999618530273,28.110000610351562,230500,0.0,0.0
2018-01-08 00:00:00-05:00,28.100000381469727,28.329999923706055,27.84000015258789,28.280000686645508,260300,0.0,0.0
2018-01-09 00:00:00-05:00,28.290000915527344,28.34000015258789,28.079999923706055,28.110000610351562,268000,0.0,0.0
2018-01-10 00:00:00-05:00,27.959999084472656,28.170000076293945,27.68000030517578,27.940000534057617,536100,0.0,0.0
2018-01-11 00:00:00-05:00,28.020000457763672,28.110000610351562,27.84000015258789,28.09000015258789,252500,0.0,0.0
2018-01-12 00:00:00-05:00,28.15999984741211,28.479999542236328,28.049999237060547,28.1299991607666,222500,0.0,0.0
2018-01-16 00:00:00-05:00,28.18000030517578,28.6299991607666,28.18000030517578,28.229999542236328,400000,0.0,0.0
2018-01-17 00:00:00-05:00,28.3799991607666,28.6299991607666,28.170000076293945,28.610000610351562,313400,0.0,0.0
2018-01-18 00:00:00-05:00,28.59000015258789,28.780000686645508,28.010000228881836,28.049999237060547,299600,0.0,0.0
2018-01-19 00:00:00-05:00,28.010000228881836,28.34000015258789,27.899999618530273,28.31999969482422,229200,0.0,0.0
2018-01-22 00:00:00-05:00,28.1299991607666,28.309999465942383,27.889999389648438,27.950000762939453,249000,0.0,0.0
2018-01-23 00:00:00-05:00,28.0,28.030000686645508,27.719999313354492,27.829999923706055,393300,0.0,0.0
2018-01-24 00:00:00-05:00,28.030000686645508,28.030000686645508,27.280000686645508,27.34000015258789,489000,0.0,0.0
2018-01-25 00:00:00-05:00,27.549999237060547,27.969999313354492,27.1200008392334,27.25,455100,0.0,0.0
2018-01-26 00:00:00-05:00,27.280000686645508,27.440000534057617,27.1299991607666,27.43000030517578,338500,0.0,0.0
2018-01-29 00:00:00-05:00,27.260000228881836,27.56999969482422,27.260000228881836,27.389999389648438,356800,0.0,0.0
2018-01-30 00:00:00-05:00,27.200000762939453,27.719999313354492,27.200000762939453,27.59000015258789,338400,0.0,0.0
2018-01-31 00:00:00-05:00,27.739999771118164,27.739999771118164,26.90999984741211,27.06999969482422,486600,0.0,0.0
2018-02-01 00:00:00-05:00,26.989999771118164,27.5,26.850000381469727,27.15999984741211,686600,0.0,0.0
2018-02-02 00:00:00-05:00,26.979999542236328,27.15999984741211,26.56999969482422,26.639999389648438,341500,0.0,0.0
2018-02-05 00:00:00-05:00,26.540000915527344,26.540000915527344,25.170000076293945,25.209999084472656,730500,0.0,0.0
2018-02-06 00:00:00-05:00,24.860000610351562,25.969999313354492,24.799999237060547,25.850000381469727,1320600,0.0,0.0
2018-02-07 00:00:00-05:00,26.81999969482422,27.149999618530273,25.760000228881836,26.459999084472656,3757200,0.0,0.0
2018-02-08 00:00:00-05:00,26.56999969482422,27.0,26.020000457763672,26.030000686645508,782200,0.0,0.0
2018-02-09 00:00:00-05:00,26.170000076293945,27.479999542236328,25.040000915527344,26.780000686645508,733800,0.0,0.0
2018-02-12 00:00:00-05:00,26.809999465942383,27.040000915527344,26.229999542236328,26.790000915527344,616400,0.0,0.0
2018-02-13 00:00:00-05:00,26.440000534057617,27.110000610351562,26.389999389648438,27.0,427200,0.0,0.0
2018-02-14 00:00:00-05:00,26.75,27.709999084472656,26.75,27.6299991607666,363800,0.0,0.0
2018-02-15 00:00:00-05:00,27.850000381469727,28.3799991607666,27.479999542236328,28.360000610351562,380100,0.0,0.0
2018-02-16 00:00:00-05:00,28.239999771118164,28.959999084472656,28.170000076293945,28.770000457763672,475200,0.0,0.0
2018-02-20 00:00:00-05:00,28.56999969482422,28.760000228881836,28.209999084472656,28.25,357500,0.0,0.0
2018-02-21 00:00:00-05:00,28.290000915527344,28.5,27.950000762939453,27.950000762939453,541000,0.0,0.0
2018-02-22 00:00:00-05:00,28.100000381469727,28.31999969482422,27.959999084472656,27.969999313354492,366500,0.0,0.0
2018-02-23 00:00:00-05:00,28.030000686645508,28.6200008392334,27.760000228881836,28.56999969482422,393800,0.0,0.0
2018-02-26 00:00:00-05:00,28.639999389648438,28.899999618530273,28.399999618530273,28.6200008392334,240500,0.0,0.0
2018-02-27 00:00:00-05:00,28.6299991607666,28.75,28.040000915527344,28.049999237060547,436100,0.0,0.0
2018-02-28 00:00:00-05:00,28.0,28.079999923706055,27.34000015258789,27.3700008392334,429100,0.0,0.0
2018-03-01 00:00:00-05:00,27.329999923706055,27.579999923706055,27.15999984741211,27.5,362400,0.0,0.0
2018-03-02 00:00:00-05:00,27.079999923706055,28.329999923706055,26.8700008392334,28.219999313354492,400900,0.0,0.0
2018-03-05 00:00:00-05:00,28.049999237060547,29.309999465942383,27.90999984741211,29.309999465942383,570000,0.0,0.0
2018-03-06 00:00:00-05:00,29.31999969482422,30.200000762939453,29.309999465942383,29.770000457763672,1225800,0.0,0.0
2018-03-07 00:00:00-05:00,29.600000381469727,30.260000228881836,29.600000381469727,30.049999237060547,871600,0.0,0.0
2018-03-08 00:00:00-05:00,30.190000534057617,30.540000915527344,29.950000762939453,30.520000457763672,487600,0.0,0.0
2018-03-09 00:00:00-05:00,30.600000381469727,31.729999542236328,29.010000228881836,31.690000534057617,953100,0.0,0.0
2018-03-12 00:00:00-04:00,31.8700008392334,32.2599983215332,31.149999618530273,32.189998626708984,737100,0.0,0.0
2018-03-13 00:00:00-04:00,32.45000076293945,32.599998474121094,31.809999465942383,31.950000762939453,763300,0.0,0.0
2018-03-14 00:00:00-04:00,32.0,32.0,31.1200008392334,31.81999969482422,597100,0.0,0.0
2018-03-15 00:00:00-04:00,32.040000915527344,32.33000183105469,31.639999389648438,32.22999954223633,580200,0.0,0.0
2018-03-16 00:00:00-04:00,32.25,32.93000030517578,32.25,32.34000015258789,1286700,0.0,0.0
2018-03-19 00:00:00-04:00,32.27000045776367,32.29999923706055,31.639999389648438,32.220001220703125,786100,0.0,0.0
2018-03-20 00:00:00-04:00,32.29999923706055,32.34000015258789,31.950000762939453,32.029998779296875,564300,0.0,0.0
2018-03-21 00:00:00-04:00,32.119998931884766,32.119998931884766,31.549999237060547,31.559999465942383,457500,0.0,0.0
2018-03-22 00:00:00-04:00,31.329999923706055,31.760000228881836,30.920000076293945,30.979999542236328,539600,0.0,0.0
2018-03-23 00:00:00-04:00,31.030000686645508,31.139999389648438,30.170000076293945,30.200000762939453,917800,0.0,0.0
2018-03-26 00:00:00-04:00,30.670000076293945,31.459999084472656,30.43000030517578,31.420000076293945,528000,0.0,0.0
2018-03-27 00:00:00-04:00,31.43000030517578,31.709999084472656,30.520000457763672,30.6299991607666,371100,0.0,0.0
2018-03-28 00:00:00-04:00,30.610000610351562,30.610000610351562,27.90999984741211,28.049999237060547,2317300,0.0,0.0
2018-03-29 00:00:00-04:00,24.93000030517578,24.93000030517578,18.600000381469727,22.709999084472656,17444000,0.0,0.0
2018-04-02 00:00:00-04:00,22.860000610351562,23.510000228881836,22.489999771118164,23.280000686645508,2521400,0.0,0.0
2018-04-03 00:00:00-04:00,23.079999923706055,23.450000762939453,21.350000381469727,21.639999389648438,2064400,0.0,0.0
2018-04-04 00:00:00-04:00,21.540000915527344,23.489999771118164,21.440000534057617,23.299999237060547,2138500,0.0,0.0
2018-04-05 00:00:00-04:00,23.0,24.59000015258789,23.0,24.200000762939453,1985800,0.0,0.0
2018-04-06 00:00:00-04:00,23.920000076293945,24.229999542236328,22.600000381469727,22.899999618530273,1106500,0.0,0.0
2018-04-09 00:00:00-04:00,23.079999923706055,23.290000915527344,22.770000457763672,23.030000686645508,1227200,0.0,0.0
2018-04-10 00:00:00-04:00,23.40999984741211,24.100000381469727,23.190000534057617,23.770000457763672,838900,0.0,0.0
2018-04-11 00:00:00-04:00,23.56999969482422,24.6200008392334,23.56999969482422,24.190000534057617,1106400,0.0,0.0
2018-04-12 00:00:00-04:00,24.31999969482422,25.030000686645508,24.219999313354492,24.799999237060547,1099300,0.0,0.0
2018-04-13 00:00:00-04:00,24.809999465942383,25.09000015258789,24.389999389648438,24.59000015258789,954800,0.0,0.0
2018-04-16 00:00:00-04:00,24.709999084472656,24.989999771118164,24.350000381469727,24.59000015258789,752000,0.0,0.0
2018-04-17 00:00:00-04:00,24.59000015258789,25.440000534057617,24.59000015258789,25.239999771118164,883400,0.0,0.0
2018-04-18 00:00:00-04:00,25.350000381469727,25.950000762939453,25.239999771118164,25.770000457763672,508700,0.0,0.0
2018-04-19 00:00:00-04:00,25.65999984741211,25.950000762939453,24.40999984741211,25.6299991607666,363000,0.0,0.0
2018-04-20 00:00:00-04:00,25.540000915527344,25.729999542236328,25.290000915527344,25.5,462100,0.0,0.0
2018-04-23 00:00:00-04:00,25.6200008392334,25.84000015258789,25.280000686645508,25.549999237060547,432200,0.0,0.0
2018-04-24 00:00:00-04:00,25.670000076293945,26.0,25.09000015258789,25.3700008392334,393900,0.0,0.0
2018-04-25 00:00:00-04:00,25.40999984741211,25.790000915527344,25.030000686645508,25.530000686645508,792200,0.0,0.0
2018-04-26 00:00:00-04:00,25.520000457763672,26.280000686645508,25.520000457763672,25.979999542236328,482200,0.0,0.0
2018-04-27 00:00:00-04:00,26.040000915527344,26.34000015258789,25.860000610351562,26.18000030517578,365500,0.0,0.0
2018-04-30 00:00:00-04:00,26.270000457763672,26.479999542236328,25.90999984741211,25.979999542236328,556300,0.0,0.0
2018-05-01 00:00:00-04:00,25.81999969482422,26.25,25.309999465942383,26.170000076293945,355300,0.0,0.0
2018-05-02 00:00:00-04:00,26.200000762939453,26.709999084472656,25.889999389648438,25.920000076293945,684800,0.0,0.0
2018-05-03 00:00:00-04:00,25.75,26.079999923706055,25.280000686645508,25.549999237060547,582500,0.0,0.0
2018-05-04 00:00:00-04:00,25.450000762939453,26.450000762939453,24.809999465942383,26.239999771118164,433000,0.0,0.0
2018-05-07 00:00:00-04:00,26.3799991607666,26.8700008392334,26.170000076293945,26.65999984741211,351200,0.0,0.0
2018-05-08 00:00:00-04:00,26.770000457763672,26.979999542236328,26.489999771118164,26.610000610351562,584100,0.0,0.0
2018-05-09 00:00:00-04:00,26.780000686645508,26.950000762939453,26.6200008392334,26.739999771118164,579000,0.0,0.0
2018-05-10 00:00:00-04:00,26.760000228881836,28.0,26.690000534057617,27.170000076293945,1827300,0.0,0.0
2018-05-11 00:00:00-04:00,27.329999923706055,27.329999923706055,26.790000915527344,27.25,724400,0.0,0.0
2018-05-14 00:00:00-04:00,27.350000381469727,27.459999084472656,27.020000457763672,27.209999084472656,761300,0.0,0.0
2018-05-15 00:00:00-04:00,27.09000015258789,27.450000762939453,27.040000915527344,27.3799991607666,404700,0.0,0.0
2018-05-16 00:00:00-04:00,27.5,27.760000228881836,27.219999313354492,27.559999465942383,846400,0.0,0.0
2018-05-17 00:00:00-04:00,25.65999984741211,28.600000381469727,25.489999771118164,27.5,1799600,0.0,0.0
2018-05-18 00:00:00-04:00,27.65999984741211,28.239999771118164,27.5,27.989999771118164,941100,0.0,0.0
2018-05-21 00:00:00-04:00,28.139999389648438,28.700000762939453,28.139999389648438,28.639999389648438,686300,0.0,0.0
2018-05-22 00:00:00-04:00,28.739999771118164,28.940000534057617,28.209999084472656,28.360000610351562,684000,0.0,0.0
2018-05-23 00:00:00-04:00,28.059999465942383,28.719999313354492,27.8700008392334,28.68000030517578,906300,0.0,0.0
2018-05-24 00:00:00-04:00,28.75,29.020000457763672,28.389999389648438,28.84000015258789,421200,0.0,0.0
2018-05-25 00:00:00-04:00,28.610000610351562,28.889999389648438,28.540000915527344,28.579999923706055,464000,0.0,0.0
2018-05-29 00:00:00-04:00,28.3700008392334,29.06999969482422,27.06999969482422,28.760000228881836,444400,0.0,0.0
2018-05-30 00:00:00-04:00,28.850000381469727,29.559999465942383,28.850000381469727,29.520000457763672,396700,0.0,0.0
2018-05-31 00:00:00-04:00,29.459999084472656,29.81999969482422,29.219999313354492,29.290000915527344,484300,0.0,0.0
2018-06-01 00:00:00-04:00,29.530000686645508,29.770000457763672,29.25,29.280000686645508,472900,0.0,0.0
2018-06-04 00:00:00-04:00,29.469999313354492,29.770000457763672,29.18000030517578,29.729999542236328,678700,0.0,0.0
2018-06-05 00:00:00-04:00,29.799999237060547,29.979999542236328,29.65999984741211,29.799999237060547,498800,0.0,0.0
2018-06-06 00:00:00-04:00,29.899999618530273,30.170000076293945,29.780000686645508,30.149999618530273,690100,0.0,0.0
2018-06-07 00:00:00-04:00,30.270000457763672,30.270000457763672,29.6200008392334,29.860000610351562,358600,0.0,0.0
2018-06-08 00:00:00-04:00,29.719999313354492,30.43000030517578,29.639999389648438,30.360000610351562,472800,0.0,0.0
2018-06-11 00:00:00-04:00,30.309999465942383,30.729999542236328,30.139999389648438,30.270000457763672,444500,0.0,0.0
2018-06-12 00:00:00-04:00,30.290000915527344,30.579999923706055,30.1299991607666,30.3700008392334,431600,0.0,0.0
2018-06-13 00:00:00-04:00,30.360000610351562,30.729999542236328,30.110000610351562,30.1299991607666,377000,0.0,0.0
2018-06-14 00:00:00-04:00,30.200000762939453,30.530000686645508,30.139999389648438,30.329999923706055,326700,0.0,0.0
2018-06-15 00:00:00-04:00,30.239999771118164,30.420000076293945,29.860000610351562,30.020000457763672,832400,0.0,0.0
2018-06-18 00:00:00-04:00,29.90999984741211,30.389999389648438,29.850000381469727,30.149999618530273,722900,0.0,0.0
2018-06-19 00:00:00-04:00,29.940000534057617,30.229999542236328,29.239999771118164,30.030000686645508,1333200,0.0,0.0
2018-06-20 00:00:00-04:00,30.25,30.860000610351562,30.030000686645508,30.329999923706055,790400,0.0,0.0
2018-06-21 00:00:00-04:00,30.25,30.25,29.68000030517578,29.989999771118164,905000,0.0,0.0
2018-06-22 00:00:00-04:00,30.18000030517578,30.31999969482422,29.889999389648438,30.020000457763672,720000,0.0,0.0
2018-06-25 00:00:00-04:00,29.8799991607666,29.8799991607666,29.110000610351562,29.399999618530273,911300,0.0,0.0
2018-06-26 00:00:00-04:00,29.43000030517578,29.81999969482422,29.030000686645508,29.770000457763672,1182700,0.0,0.0
2018-06-27 00:00:00-04:00,29.760000228881836,29.950000762939453,29.219999313354492,29.239999771118164,333700,0.0,0.0
2018-06-28 00:00:00-04:00,29.25,30.75,29.1299991607666,30.0,1626900,0.0,0.0
2018-06-29 00:00:00-04:00,30.09000015258789,30.520000457763672,29.899999618530273,29.950000762939453,927300,0.0,0.0
2018-07-02 00:00:00-04:00,31.700000762939453,34.34000015258789,31.65999984741211,34.209999084472656,2064000,0.0,0.0
2018-07-03 00:00:00-04:00,37.380001068115234,39.880001068115234,37.0099983215332,39.45000076293945,4842700,0.0,0.0
2018-07-05 00:00:00-04:00,38.880001068115234,39.75,38.439998626708984,39.540000915527344,1753700,0.0,0.0
2018-07-06 00:00:00-04:00,39.7400016784668,40.040000915527344,39.400001525878906,39.720001220703125,1203800,0.0,0.0
2018-07-09 00:00:00-04:00,39.90999984741211,40.470001220703125,39.79999923706055,40.04999923706055,977300,0.0,0.0
2018-07-10 00:00:00-04:00,39.95000076293945,40.20000076293945,39.72999954223633,39.93000030517578,760800,0.0,0.0
2018-07-11 00:00:00-04:00,39.40999984741211,40.11000061035156,39.119998931884766,39.970001220703125,1101200,0.0,0.0
2018-07-12 00:00:00-04:00,40.369998931884766,41.38999938964844,40.09000015258789,41.290000915527344,917700,0.0,0.0
2018-07-13 00:00:00-04:00,41.54999923706055,42.54999923706055,41.290000915527344,42.400001525878906,1464100,0.0,0.0
2018-07-16 00:00:00-04:00,42.29999923706055,42.7400016784668,41.79999923706055,41.90999984741211,628500,0.0,0.0
2018-07-17 00:00:00-04:00,42.650001525878906,44.11000061035156,42.400001525878906,44.02000045776367,1103300,0.0,0.0
2018-07-18 00:00:00-04:00,44.0,44.310001373291016,43.16999816894531,43.599998474121094,631100,0.0,0.0
2018-07-19 00:00:00-04:00,43.5099983215332,43.86000061035156,43.34000015258789,43.70000076293945,456800,0.0,0.0
2018-07-20 00:00:00-04:00,43.849998474121094,44.0,43.189998626708984,43.560001373291016,405100,0.0,0.0
2018-07-23 00:00:00-04:00,43.439998626708984,43.88999938964844,43.34000015258789,43.650001525878906,638400,0.0,0.0
2018-07-24 00:00:00-04:00,43.709999084472656,44.130001068115234,42.040000915527344,42.619998931884766,776700,0.0,0.0
2018-07-25 00:00:00-04:00,42.779998779296875,43.529998779296875,42.72999954223633,43.459999084472656,404200,0.0,0.0
2018-07-26 00:00:00-04:00,43.279998779296875,43.279998779296875,42.11000061035156,42.61000061035156,571000,0.0,0.0
2018-07-27 00:00:00-04:00,42.849998474121094,43.2400016784668,40.66999816894531,41.31999969482422,909400,0.0,0.0
2018-07-30 00:00:00-04:00,41.40999984741211,41.93000030517578,40.5,40.79999923706055,3679900,0.0,0.0
2018-07-31 00:00:00-04:00,41.040000915527344,41.11000061035156,40.5,40.540000915527344,997200,0.0,0.0
2018-08-01 00:00:00-04:00,40.529998779296875,40.959999084472656,40.099998474121094,40.470001220703125,1078100,0.0,0.0
2018-08-02 00:00:00-04:00,40.279998779296875,40.95000076293945,39.81999969482422,40.43000030517578,716900,0.0,0.0
2018-08-03 00:00:00-04:00,40.540000915527344,40.9900016784668,40.27000045776367,40.630001068115234,1311900,0.0,0.0
2018-08-06 00:00:00-04:00,40.45000076293945,41.72999954223633,40.36000061035156,41.68000030517578,539600,0.0,0.0
2018-08-07 00:00:00-04:00,41.880001068115234,41.900001525878906,41.31999969482422,41.79999923706055,814100,0.0,0.0
2018-08-08 00:00:00-04:00,41.93000030517578,42.95000076293945,41.86000061035156,42.79999923706055,427200,0.0,0.0
2018-08-09 00:00:00-04:00,42.7599983215332,43.86000061035156,42.7599983215332,43.349998474121094,643500,0.0,0.0
2018-08-10 00:00:00-04:00,43.65999984741211,45.720001220703125,43.0,44.16999816894531,1494100,0.0,0.0
2018-08-13 00:00:00-04:00,43.97999954223633,44.689998626708984,42.849998474121094,43.18000030517578,656200,0.0,0.0
2018-08-14 00:00:00-04:00,43.310001373291016,44.06999969482422,43.310001373291016,44.04999923706055,495400,0.0,0.0
2018-08-15 00:00:00-04:00,43.689998626708984,44.13999938964844,42.630001068115234,44.04999923706055,638600,0.0,0.0
2018-08-16 00:00:00-04:00,44.209999084472656,44.31999969482422,43.54999923706055,44.16999816894531,586400,0.0,0.0
2018-08-17 00:00:00-04:00,44.18000030517578,44.45000076293945,43.47999954223633,44.33000183105469,723400,0.0,0.0
2018-08-20 00:00:00-04:00,44.41999816894531,44.77000045776367,44.2400016784668,44.560001373291016,534700,0.0,0.0
2018-08-21 00:00:00-04:00,44.560001373291016,45.11000061035156,44.290000915527344,45.099998474121094,747700,0.0,0.0
2018-08-22 00:00:00-04:00,44.84000015258789,45.70000076293945,44.84000015258789,45.47999954223633,561800,0.0,0.0
2018-08-23 00:00:00-04:00,45.4900016784668,46.06999969482422,45.220001220703125,45.2599983215332,483900,0.0,0.0
2018-08-24 00:00:00-04:00,45.279998779296875,45.900001525878906,45.220001220703125,45.41999816894531,331200,0.0,0.0
2018-08-27 00:00:00-04:00,45.560001373291016,45.810001373291016,45.15999984741211,45.59000015258789,423400,0.0,0.0
2018-08-28 00:00:00-04:00,45.68000030517578,45.70000076293945,42.5,45.27000045776367,565100,0.0,0.0
2018-08-29 00:00:00-04:00,45.43000030517578,45.77000045776367,45.08000183105469,45.58000183105469,724700,0.0,0.0
2018-08-30 00:00:00-04:00,45.400001525878906,45.83000183105469,44.70000076293945,45.4900016784668,542300,0.0,0.0
2018-08-31 00:00:00-04:00,45.27000045776367,45.790000915527344,45.08000183105469,45.689998626708984,409800,0.0,0.0
2018-09-04 00:00:00-04:00,45.459999084472656,46.38999938964844,45.40999984741211,46.04999923706055,608600,0.0,0.0
2018-09-05 00:00:00-04:00,46.04999923706055,46.04999923706055,44.290000915527344,45.5,508600,0.0,0.0
2018-09-06 00:00:00-04:00,45.439998626708984,45.810001373291016,44.77000045776367,45.36000061035156,314400,0.0,0.0
2018-09-07 00:00:00-04:00,45.11000061035156,45.93000030517578,44.75,45.220001220703125,309600,0.0,0.0
2018-09-10 00:00:00-04:00,45.45000076293945,46.099998474121094,45.22999954223633,45.90999984741211,366100,0.0,0.0
2018-09-11 00:00:00-04:00,45.68000030517578,46.220001220703125,45.529998779296875,45.720001220703125,311700,0.0,0.0
2018-09-12 00:00:00-04:00,45.58000183105469,46.47999954223633,45.29999923706055,46.40999984741211,338200,0.0,0.0
2018-09-13 00:00:00-04:00,46.790000915527344,47.720001220703125,46.709999084472656,47.66999816894531,568000,0.0,0.0
2018-09-14 00:00:00-04:00,47.7599983215332,49.400001525878906,47.650001525878906,48.529998779296875,1138500,0.0,0.0
2018-09-17 00:00:00-04:00,48.459999084472656,49.13999938964844,47.529998779296875,48.16999816894531,1188700,0.0,0.0
2018-09-18 00:00:00-04:00,48.11000061035156,48.81999969482422,48.099998474121094,48.470001220703125,964900,0.0,0.0
2018-09-19 00:00:00-04:00,48.599998474121094,48.66999816894531,47.540000915527344,48.189998626708984,1421600,0.0,0.0
2018-09-20 00:00:00-04:00,48.650001525878906,50.709999084472656,48.47999954223633,50.27000045776367,3071800,0.0,0.0
2018-09-21 00:00:00-04:00,50.349998474121094,50.97999954223633,49.790000915527344,50.900001525878906,1960600,0.0,0.0
2018-09-24 00:00:00-04:00,50.65999984741211,51.5099983215332,50.65999984741211,51.04999923706055,758200,0.0,0.0
2018-09-25 00:00:00-04:00,51.08000183105469,51.25,50.31999969482422,50.72999954223633,542500,0.0,0.0
2018-09-26 00:00:00-04:00,50.939998626708984,50.939998626708984,48.95000076293945,49.08000183105469,861700,0.0,0.0
2018-09-27 00:00:00-04:00,49.16999816894531,49.81999969482422,48.7599983215332,48.93000030517578,789500,0.0,0.0
2018-09-28 00:00:00-04:00,48.70000076293945,49.70000076293945,48.439998626708984,49.40999984741211,625400,0.0,0.0
2018-10-01 00:00:00-04:00,49.900001525878906,50.02000045776367,48.439998626708984,48.47999954223633,660400,0.0,0.0
2018-10-02 00:00:00-04:00,48.0,48.63999938964844,46.119998931884766,46.689998626708984,557900,0.0,0.0
2018-10-03 00:00:00-04:00,46.20000076293945,49.13999938964844,45.7599983215332,48.65999984741211,1304300,0.0,0.0
2018-10-04 00:00:00-04:00,48.4900016784668,48.5,47.4900016784668,47.959999084472656,770200,0.0,0.0
2018-10-05 00:00:00-04:00,47.75,48.06999969482422,46.61000061035156,47.43000030517578,776000,0.0,0.0
2018-10-08 00:00:00-04:00,47.27000045776367,47.970001220703125,46.099998474121094,46.959999084472656,580400,0.0,0.0
2018-10-09 00:00:00-04:00,46.790000915527344,47.47999954223633,46.5,46.720001220703125,578000,0.0,0.0
2018-10-10 00:00:00-04:00,46.59000015258789,46.81999969482422,44.7599983215332,44.790000915527344,905700,0.0,0.0
2018-10-11 00:00:00-04:00,44.45000076293945,45.43000030517578,43.95000076293945,43.9900016784668,947100,0.0,0.0
2018-10-12 00:00:00-04:00,44.93000030517578,45.38999938964844,44.08000183105469,44.84000015258789,672500,0.0,0.0
2018-10-15 00:00:00-04:00,44.630001068115234,45.45000076293945,43.68000030517578,45.040000915527344,680400,0.0,0.0
2018-10-16 00:00:00-04:00,45.439998626708984,46.5099983215332,45.11000061035156,46.33000183105469,522700,0.0,0.0
2018-10-17 00:00:00-04:00,45.90999984741211,46.11000061035156,45.040000915527344,45.84000015258789,623700,0.0,0.0
2018-10-18 00:00:00-04:00,45.66999816894531,46.459999084472656,45.08000183105469,45.810001373291016,686300,0.0,0.0
2018-10-19 00:00:00-04:00,45.93000030517578,46.880001068115234,45.86000061035156,46.33000183105469,602400,0.0,0.0
2018-10-22 00:00:00-04:00,46.61000061035156,47.16999816894531,46.29999923706055,46.95000076293945,789200,0.0,0.0
2018-10-23 00:00:00-04:00,46.2599983215332,47.119998931884766,44.65999984741211,46.880001068115234,872300,0.0,0.0
2018-10-24 00:00:00-04:00,46.849998474121094,47.279998779296875,45.25,45.33000183105469,848600,0.0,0.0
2018-10-25 00:00:00-04:00,45.599998474121094,46.27000045776367,45.0,45.84000015258789,853700,0.0,0.0
2018-10-26 00:00:00-04:00,45.220001220703125,46.06999969482422,44.15999984741211,45.45000076293945,1381100,0.0,0.0
2018-10-29 00:00:00-04:00,45.09000015258789,47.459999084472656,40.5,41.709999084472656,2462900,0.0,0.0
2018-10-30 00:00:00-04:00,42.279998779296875,45.95000076293945,42.2400016784668,44.9900016784668,1504400,0.0,0.0
2018-10-31 00:00:00-04:00,45.5,46.630001068115234,44.77000045776367,45.68000030517578,1678800,0.0,0.0
2018-11-01 00:00:00-04:00,45.619998931884766,47.45000076293945,45.189998626708984,47.29999923706055,1138700,0.0,0.0
2018-11-02 00:00:00-04:00,47.5,48.79999923706055,47.400001525878906,47.65999984741211,904000,0.0,0.0
2018-11-05 00:00:00-05:00,47.5099983215332,47.5099983215332,45.59000015258789,46.150001525878906,903900,0.0,0.0
2018-11-06 00:00:00-05:00,46.25,46.61000061035156,45.279998779296875,45.86000061035156,828300,0.0,0.0
2018-11-07 00:00:00-05:00,46.20000076293945,47.0,46.0,46.95000076293945,589000,0.0,0.0
2018-11-08 00:00:00-05:00,46.310001373291016,47.25,46.310001373291016,47.209999084472656,555300,0.0,0.0
2018-11-09 00:00:00-05:00,46.810001373291016,47.04999923706055,46.400001525878906,46.869998931884766,724900,0.0,0.0
2018-11-12 00:00:00-05:00,46.7400016784668,46.7400016784668,45.20000076293945,45.88999938964844,735100,0.0,0.0
2018-11-13 00:00:00-05:00,46.5,47.25,46.2400016784668,46.65999984741211,1274300,0.0,0.0
2018-11-14 00:00:00-05:00,46.93000030517578,47.20000076293945,46.34000015258789,46.79999923706055,1103600,0.0,0.0
2018-11-15 00:00:00-05:00,46.619998931884766,48.56999969482422,46.54999923706055,47.91999816894531,1099000,0.0,0.0
2018-11-16 00:00:00-05:00,47.619998931884766,48.119998931884766,46.869998931884766,47.380001068115234,982500,0.0,0.0
2018-11-19 00:00:00-05:00,47.22999954223633,47.38999938964844,45.279998779296875,45.349998474121094,1207200,0.0,0.0
2018-11-20 00:00:00-05:00,44.61000061035156,45.38999938964844,44.060001373291016,44.45000076293945,1499400,0.0,0.0
2018-11-21 00:00:00-05:00,44.72999954223633,45.88999938964844,44.72999954223633,45.79999923706055,1400300,0.0,0.0
2018-11-23 00:00:00-05:00,45.290000915527344,46.709999084472656,45.290000915527344,45.95000076293945,419200,0.0,0.0
2018-11-26 00:00:00-05:00,46.25,47.2400016784668,46.02000045776367,47.099998474121094,1094900,0.0,0.0
2018-11-27 00:00:00-05:00,46.720001220703125,47.29999923706055,45.84000015258789,46.04999923706055,1101900,0.0,0.0
2018-11-28 00:00:00-05:00,46.349998474121094,47.2400016784668,45.65999984741211,47.0,1664700,0.0,0.0
2018-11-29 00:00:00-05:00,46.95000076293945,47.38999938964844,46.29999923706055,46.33000183105469,919100,0.0,0.0
2018-11-30 00:00:00-05:00,46.119998931884766,47.400001525878906,46.0099983215332,47.29999923706055,1071700,0.0,0.0
2018-12-03 00:00:00-05:00,48.04999923706055,48.13999938964844,47.13999938964844,47.939998626708984,1109600,0.0,0.0
2018-12-04 00:00:00-05:00,47.83000183105469,48.189998626708984,46.29999923706055,46.77000045776367,1890000,0.0,0.0
2018-12-06 00:00:00-05:00,46.119998931884766,47.27000045776367,46.119998931884766,46.75,3292900,0.0,0.0
2018-12-07 00:00:00-05:00,46.810001373291016,46.91999816894531,44.90999984741211,45.27000045776367,5863800,0.0,0.0
2018-12-10 00:00:00-05:00,45.27000045776367,46.040000915527344,44.959999084472656,45.970001220703125,5301100,0.0,0.0
2018-12-11 00:00:00-05:00,46.43000030517578,46.720001220703125,45.619998931884766,46.0099983215332,3281700,0.0,0.0
2018-12-12 00:00:00-05:00,46.4900016784668,46.70000076293945,44.70000076293945,45.09000015258789,5136800,0.0,0.0
2018-12-13 00:00:00-05:00,45.400001525878906,45.400001525878906,43.88999938964844,44.09000015258789,7095600,0.0,0.0
2018-12-14 00:00:00-05:00,42.849998474121094,46.650001525878906,42.650001525878906,44.88999938964844,6847400,0.0,0.0
2018-12-17 00:00:00-05:00,44.54999923706055,44.81999969482422,43.790000915527344,44.40999984741211,1669700,0.0,0.0
2018-12-18 00:00:00-05:00,44.72999954223633,44.79999923706055,43.290000915527344,43.31999969482422,2711500,0.0,0.0
2018-12-19 00:00:00-05:00,43.310001373291016,43.81999969482422,42.56999969482422,43.0,1710600,0.0,0.0
2018-12-20 00:00:00-05:00,42.779998779296875,43.5,41.47999954223633,42.2400016784668,2375500,0.0,0.0
2018-12-21 00:00:00-05:00,42.5099983215332,42.5099983215332,38.5099983215332,38.779998779296875,3584300,0.0,0.0
2018-12-24 00:00:00-05:00,38.02000045776367,38.349998474121094,36.720001220703125,36.79999923706055,1376600,0.0,0.0
2018-12-26 00:00:00-05:00,36.83000183105469,38.560001373291016,36.529998779296875,38.560001373291016,1338100,0.0,0.0
2018-12-27 00:00:00-05:00,37.95000076293945,38.83000183105469,37.130001068115234,38.83000183105469,1320000,0.0,0.0
2018-12-28 00:00:00-05:00,39.189998626708984,39.47999954223633,38.31999969482422,38.59000015258789,2486400,0.0,0.0
2018-12-31 00:00:00-05:00,38.869998931884766,39.0,37.900001525878906,38.630001068115234,790800,0.0,0.0
2019-01-02 00:00:00-05:00,37.970001220703125,38.81999969482422,37.7400016784668,38.75,796900,0.0,0.0
2019-01-03 00:00:00-05:00,38.38999938964844,38.779998779296875,37.540000915527344,37.720001220703125,979700,0.0,0.0
2019-01-04 00:00:00-05:00,38.349998474121094,39.779998779296875,37.91999816894531,39.439998626708984,739400,0.0,0.0
2019-01-07 00:00:00-05:00,39.27000045776367,40.0,39.11000061035156,39.290000915527344,665700,0.0,0.0
2019-01-08 00:00:00-05:00,39.790000915527344,40.650001525878906,38.83000183105469,40.599998474121094,1533000,0.0,0.0
2019-01-09 00:00:00-05:00,40.97999954223633,41.599998474121094,40.59000015258789,41.34000015258789,523000,0.0,0.0
2019-01-10 00:00:00-05:00,40.36000061035156,42.08000183105469,40.36000061035156,41.83000183105469,474100,0.0,0.0
2019-01-11 00:00:00-05:00,41.56999969482422,41.83000183105469,41.0,41.36000061035156,584800,0.0,0.0
2019-01-14 00:00:00-05:00,40.9900016784668,41.08000183105469,40.13999938964844,40.689998626708984,497100,0.0,0.0
2019-01-15 00:00:00-05:00,40.900001525878906,41.790000915527344,40.540000915527344,41.529998779296875,523000,0.0,0.0
2019-01-16 00:00:00-05:00,42.060001373291016,42.25,41.22999954223633,42.08000183105469,543100,0.0,0.0
2019-01-17 00:00:00-05:00,41.970001220703125,42.61000061035156,41.970001220703125,42.25,698000,0.0,0.0
2019-01-18 00:00:00-05:00,42.63999938964844,43.5,42.369998931884766,43.060001373291016,633500,0.0,0.0
2019-01-22 00:00:00-05:00,42.18000030517578,43.40999984741211,41.689998626708984,42.040000915527344,1097800,0.0,0.0
2019-01-23 00:00:00-05:00,42.209999084472656,42.650001525878906,41.31999969482422,41.79999923706055,594900,0.0,0.0
2019-01-24 00:00:00-05:00,41.97999954223633,42.83000183105469,41.68000030517578,42.369998931884766,408300,0.0,0.0
2019-01-25 00:00:00-05:00,43.029998779296875,43.40999984741211,42.369998931884766,43.36000061035156,607400,0.0,0.0
2019-01-28 00:00:00-05:00,42.77000045776367,43.290000915527344,42.56999969482422,42.93000030517578,398900,0.0,0.0
2019-01-29 00:00:00-05:00,43.040000915527344,43.040000915527344,41.88999938964844,41.93000030517578,303800,0.0,0.0
2019-01-30 00:00:00-05:00,42.380001068115234,43.09000015258789,41.75,42.90999984741211,416300,0.0,0.0
2019-01-31 00:00:00-05:00,42.83000183105469,44.15999984741211,42.83000183105469,43.439998626708984,573900,0.0,0.0
2019-02-01 00:00:00-05:00,43.34000015258789,43.939998626708984,43.189998626708984,43.86000061035156,427600,0.0,0.0
2019-02-04 00:00:00-05:00,43.7599983215332,44.439998626708984,43.68000030517578,44.0,476800,0.0,0.0
2019-02-05 00:00:00-05:00,44.220001220703125,44.61000061035156,44.0099983215332,44.380001068115234,580900,0.0,0.0
2019-02-06 00:00:00-05:00,44.33000183105469,44.56999969482422,43.869998931884766,44.040000915527344,544300,0.0,0.0
2019-02-07 00:00:00-05:00,43.63999938964844,43.7400016784668,42.56999969482422,43.380001068115234,411300,0.0,0.0
2019-02-08 00:00:00-05:00,43.02000045776367,43.869998931884766,43.02000045776367,43.849998474121094,372400,0.0,0.0
2019-02-11 00:00:00-05:00,44.0099983215332,44.45000076293945,43.68000030517578,44.08000183105469,515600,0.0,0.0
2019-02-12 00:00:00-05:00,48.130001068115234,49.630001068115234,47.75,48.79999923706055,3039200,0.0,0.0
2019-02-13 00:00:00-05:00,48.66999816894531,51.38999938964844,48.66999816894531,51.20000076293945,1717500,0.0,0.0
2019-02-14 00:00:00-05:00,51.20000076293945,52.16999816894531,50.459999084472656,52.06999969482422,1198500,0.0,0.0
2019-02-15 00:00:00-05:00,52.29999923706055,53.16999816894531,52.04999923706055,52.63999938964844,1426900,0.0,0.0
2019-02-19 00:00:00-05:00,52.11000061035156,52.77000045776367,51.84000015258789,52.43000030517578,748600,0.0,0.0
2019-02-20 00:00:00-05:00,52.150001525878906,52.279998779296875,51.31999969482422,51.81999969482422,718800,0.0,0.0
2019-02-21 00:00:00-05:00,51.84000015258789,51.959999084472656,51.22999954223633,51.709999084472656,520300,0.0,0.0
2019-02-22 00:00:00-05:00,52.09000015258789,54.54999923706055,52.09000015258789,54.34000015258789,989700,0.0,0.0
2019-02-25 00:00:00-05:00,54.65999984741211,55.099998474121094,54.61000061035156,54.83000183105469,714000,0.0,0.0
2019-02-26 00:00:00-05:00,54.790000915527344,54.849998474121094,52.209999084472656,52.2599983215332,828400,0.0,0.0
2019-02-27 00:00:00-05:00,51.93000030517578,52.43000030517578,51.279998779296875,52.33000183105469,698600,0.0,0.0
2019-02-28 00:00:00-05:00,52.959999084472656,54.029998779296875,52.75,53.75,1291600,0.0,0.0
2019-03-01 00:00:00-05:00,54.29999923706055,54.880001068115234,53.4900016784668,54.619998931884766,1163800,0.0,0.0
2019-03-04 00:00:00-05:00,54.79999923706055,55.2400016784668,53.58000183105469,54.66999816894531,1106600,0.0,0.0
2019-03-05 00:00:00-05:00,54.709999084472656,55.86000061035156,54.33000183105469,55.70000076293945,841000,0.0,0.0
2019-03-06 00:00:00-05:00,55.70000076293945,56.040000915527344,54.83000183105469,54.84000015258789,737700,0.0,0.0
2019-03-07 00:00:00-05:00,54.65999984741211,55.59000015258789,54.43000030517578,55.31999969482422,763500,0.0,0.0
2019-03-08 00:00:00-05:00,54.91999816894531,58.70000076293945,54.4900016784668,58.650001525878906,1208900,0.0,0.0
2019-03-11 00:00:00-04:00,58.9900016784668,60.18000030517578,58.650001525878906,60.099998474121094,1290300,0.0,0.0
2019-03-12 00:00:00-04:00,60.5,60.83000183105469,59.7400016784668,60.310001373291016,726400,0.0,0.0
2019-03-13 00:00:00-04:00,60.58000183105469,60.58000183105469,59.66999816894531,59.709999084472656,719900,0.0,0.0
2019-03-14 00:00:00-04:00,59.709999084472656,61.15999984741211,59.099998474121094,61.02000045776367,654700,0.0,0.0
2019-03-15 00:00:00-04:00,61.040000915527344,61.040000915527344,59.66999816894531,59.869998931884766,2256500,0.0,0.0
2019-03-18 00:00:00-04:00,60.400001525878906,61.86000061035156,59.689998626708984,61.720001220703125,690200,0.0,0.0
2019-03-19 00:00:00-04:00,61.70000076293945,62.0,60.88999938964844,61.54999923706055,639300,0.0,0.0
2019-03-20 00:00:00-04:00,61.54999923706055,62.41999816894531,60.70000076293945,61.77000045776367,591000,0.0,0.0
2019-03-21 00:00:00-04:00,61.43000030517578,63.22999954223633,61.43000030517578,62.040000915527344,664800,0.0,0.0
2019-03-22 00:00:00-04:00,61.45000076293945,61.689998626708984,58.540000915527344,58.970001220703125,1009300,0.0,0.0
2019-03-25 00:00:00-04:00,57.869998931884766,59.56999969482422,57.34000015258789,58.810001373291016,983200,0.0,0.0
2019-03-26 00:00:00-04:00,59.5,59.5,54.849998474121094,55.58000183105469,1633800,0.0,0.0
2019-03-27 00:00:00-04:00,55.900001525878906,55.900001525878906,53.380001068115234,53.7400016784668,1345600,0.0,0.0
2019-03-28 00:00:00-04:00,54.25,54.58000183105469,53.11000061035156,53.79999923706055,1187000,0.0,0.0
2019-03-29 00:00:00-04:00,54.40999984741211,54.97999954223633,53.5,54.56999969482422,751000,0.0,0.0
2019-04-01 00:00:00-04:00,54.90999984741211,55.4900016784668,53.83000183105469,54.790000915527344,919400,0.0,0.0
2019-04-02 00:00:00-04:00,54.83000183105469,54.83000183105469,53.880001068115234,54.22999954223633,449600,0.0,0.0
2019-04-03 00:00:00-04:00,54.52000045776367,54.790000915527344,53.900001525878906,54.36000061035156,487600,0.0,0.0
2019-04-04 00:00:00-04:00,54.45000076293945,54.45000076293945,52.40999984741211,53.36000061035156,631100,0.0,0.0
2019-04-05 00:00:00-04:00,53.619998931884766,54.63999938964844,53.119998931884766,54.560001373291016,726400,0.0,0.0
2019-04-08 00:00:00-04:00,54.560001373291016,54.91999816894531,53.86000061035156,54.83000183105469,374400,0.0,0.0
2019-04-09 00:00:00-04:00,54.400001525878906,54.810001373291016,54.119998931884766,54.31999969482422,400300,0.0,0.0
2019-04-10 00:00:00-04:00,54.56999969482422,55.810001373291016,54.349998474121094,55.77000045776367,528800,0.0,0.0
2019-04-11 00:00:00-04:00,55.75,56.72999954223633,55.0,56.66999816894531,692500,0.0,0.0
2019-04-12 00:00:00-04:00,56.689998626708984,56.7599983215332,56.040000915527344,56.470001220703125,440700,0.0,0.0
2019-04-15 00:00:00-04:00,56.459999084472656,56.72999954223633,55.560001373291016,56.060001373291016,397400,0.0,0.0
2019-04-16 00:00:00-04:00,56.36000061035156,56.5099983215332,55.970001220703125,56.310001373291016,345100,0.0,0.0
2019-04-17 00:00:00-04:00,56.41999816894531,57.119998931884766,54.880001068115234,55.150001525878906,399000,0.0,0.0
2019-04-18 00:00:00-04:00,54.79999923706055,56.0099983215332,54.290000915527344,55.93000030517578,375600,0.0,0.0
2019-04-22 00:00:00-04:00,55.599998474121094,56.93000030517578,55.43000030517578,56.90999984741211,341000,0.0,0.0
2019-04-23 00:00:00-04:00,57.0099983215332,58.720001220703125,56.779998779296875,58.5,595200,0.0,0.0
2019-04-24 00:00:00-04:00,58.439998626708984,58.720001220703125,58.0,58.439998626708984,328400,0.0,0.0
2019-04-25 00:00:00-04:00,58.38999938964844,58.38999938964844,56.97999954223633,57.939998626708984,410700,0.0,0.0
2019-04-26 00:00:00-04:00,58.02000045776367,59.63999938964844,57.619998931884766,59.45000076293945,334400,0.0,0.0
2019-04-29 00:00:00-04:00,59.58000183105469,60.5099983215332,59.04999923706055,59.08000183105469,671400,0.0,0.0
2019-04-30 00:00:00-04:00,58.93000030517578,59.209999084472656,56.779998779296875,58.33000183105469,762900,0.0,0.0
2019-05-01 00:00:00-04:00,58.560001373291016,58.689998626708984,57.4900016784668,57.540000915527344,515300,0.0,0.0
2019-05-02 00:00:00-04:00,57.58000183105469,58.349998474121094,56.91999816894531,58.2599983215332,410000,0.0,0.0
2019-05-03 00:00:00-04:00,58.79999923706055,58.939998626708984,57.7599983215332,58.209999084472656,499600,0.0,0.0
2019-05-06 00:00:00-04:00,57.0099983215332,57.900001525878906,56.88999938964844,57.63999938964844,531100,0.0,0.0
2019-05-07 00:00:00-04:00,56.959999084472656,57.29999923706055,55.04999923706055,56.0099983215332,623200,0.0,0.0
2019-05-08 00:00:00-04:00,55.720001220703125,59.7599983215332,55.650001525878906,58.63999938964844,713200,0.0,0.0
2019-05-09 00:00:00-04:00,57.81999969482422,58.279998779296875,56.7599983215332,57.959999084472656,581100,0.0,0.0
2019-05-10 00:00:00-04:00,57.93000030517578,58.93000030517578,57.119998931884766,58.599998474121094,476900,0.0,0.0
2019-05-13 00:00:00-04:00,57.119998931884766,57.16999816894531,53.380001068115234,53.540000915527344,690800,0.0,0.0
2019-05-14 00:00:00-04:00,53.790000915527344,55.0099983215332,53.790000915527344,54.68000030517578,660200,0.0,0.0
2019-05-15 00:00:00-04:00,54.22999954223633,56.150001525878906,54.18000030517578,55.7400016784668,393300,0.0,0.0
2019-05-16 00:00:00-04:00,56.0099983215332,57.65999984741211,55.869998931884766,57.09000015258789,367300,0.0,0.0
2019-05-17 00:00:00-04:00,56.36000061035156,56.84000015258789,55.88999938964844,55.970001220703125,306000,0.0,0.0
2019-05-20 00:00:00-04:00,55.33000183105469,56.31999969482422,54.97999954223633,55.290000915527344,411500,0.0,0.0
2019-05-21 00:00:00-04:00,55.68000030517578,56.70000076293945,55.68000030517578,56.189998626708984,385100,0.0,0.0
2019-05-22 00:00:00-04:00,55.81999969482422,56.2599983215332,55.470001220703125,55.47999954223633,402200,0.0,0.0
2019-05-23 00:00:00-04:00,54.43000030517578,55.060001373291016,53.869998931884766,54.720001220703125,409700,0.0,0.0
2019-05-24 00:00:00-04:00,55.380001068115234,55.5,54.27000045776367,54.400001525878906,342000,0.0,0.0
2019-05-28 00:00:00-04:00,54.61000061035156,54.970001220703125,52.79999923706055,52.90999984741211,947200,0.0,0.0
2019-05-29 00:00:00-04:00,55.04999923706055,56.0,50.08000183105469,51.310001373291016,1634700,0.0,0.0
2019-05-30 00:00:00-04:00,51.0,52.060001373291016,49.380001068115234,52.040000915527344,1185500,0.0,0.0
2019-05-31 00:00:00-04:00,51.25,51.619998931884766,50.040000915527344,51.380001068115234,680400,0.0,0.0
2019-06-03 00:00:00-04:00,51.38999938964844,51.5,49.38999938964844,49.91999816894531,700300,0.0,0.0
2019-06-04 00:00:00-04:00,50.369998931884766,51.720001220703125,49.619998931884766,51.529998779296875,1080500,0.0,0.0
2019-06-05 00:00:00-04:00,51.790000915527344,52.18000030517578,50.70000076293945,51.130001068115234,733000,0.0,0.0
2019-06-06 00:00:00-04:00,51.29999923706055,52.869998931884766,51.25,52.619998931884766,579900,0.0,0.0
2019-06-07 00:00:00-04:00,53.0,53.79999923706055,52.2599983215332,52.31999969482422,440200,0.0,0.0
2019-06-10 00:00:00-04:00,52.779998779296875,53.709999084472656,51.779998779296875,51.900001525878906,364300,0.0,0.0
2019-06-11 00:00:00-04:00,52.4900016784668,52.4900016784668,51.22999954223633,51.790000915527344,514200,0.0,0.0
2019-06-12 00:00:00-04:00,51.470001220703125,51.7599983215332,50.70000076293945,51.619998931884766,431300,0.0,0.0
2019-06-13 00:00:00-04:00,51.84000015258789,52.790000915527344,51.47999954223633,52.52000045776367,591300,0.0,0.0
2019-06-14 00:00:00-04:00,52.27000045776367,52.880001068115234,50.86000061035156,50.869998931884766,448400,0.0,0.0
2019-06-17 00:00:00-04:00,50.84000015258789,51.880001068115234,50.56999969482422,51.61000061035156,400500,0.0,0.0
2019-06-18 00:00:00-04:00,52.119998931884766,52.849998474121094,51.18000030517578,51.220001220703125,277600,0.0,0.0
2019-06-19 00:00:00-04:00,51.310001373291016,51.5,50.77000045776367,50.959999084472656,335900,0.0,0.0
2019-06-20 00:00:00-04:00,51.90999984741211,52.97999954223633,51.470001220703125,52.220001220703125,437000,0.0,0.0
2019-06-21 00:00:00-04:00,51.83000183105469,52.02000045776367,50.279998779296875,51.15999984741211,970400,0.0,0.0
2019-06-24 00:00:00-04:00,51.29999923706055,51.58000183105469,48.040000915527344,48.290000915527344,954600,0.0,0.0
2019-06-25 00:00:00-04:00,48.38999938964844,48.38999938964844,45.13999938964844,45.369998931884766,1452400,0.0,0.0
2019-06-26 00:00:00-04:00,46.0099983215332,46.869998931884766,45.869998931884766,46.2400016784668,1299900,0.0,0.0
2019-06-27 00:00:00-04:00,46.22999954223633,47.970001220703125,45.93000030517578,47.43000030517578,1150000,0.0,0.0
2019-06-28 00:00:00-04:00,47.810001373291016,48.83000183105469,46.97999954223633,48.47999954223633,2546500,0.0,0.0
2019-07-01 00:00:00-04:00,49.349998474121094,49.63999938964844,47.29999923706055,47.36000061035156,629700,0.0,0.0
2019-07-02 00:00:00-04:00,47.220001220703125,47.599998474121094,46.84000015258789,47.040000915527344,405500,0.0,0.0
2019-07-03 00:00:00-04:00,47.25,47.9900016784668,46.7599983215332,46.83000183105469,308600,0.0,0.0
2019-07-05 00:00:00-04:00,46.5,48.22999954223633,46.47999954223633,47.959999084472656,534000,0.0,0.0
2019-07-08 00:00:00-04:00,47.619998931884766,48.33000183105469,46.709999084472656,46.93000030517578,808900,0.0,0.0
2019-07-09 00:00:00-04:00,46.47999954223633,47.810001373291016,46.47999954223633,47.66999816894531,621600,0.0,0.0
2019-07-10 00:00:00-04:00,48.060001373291016,48.880001068115234,48.04999923706055,48.400001525878906,561900,0.0,0.0
2019-07-11 00:00:00-04:00,48.529998779296875,48.880001068115234,48.02000045776367,48.36000061035156,422000,0.0,0.0
2019-07-12 00:00:00-04:00,48.5,48.869998931884766,48.31999969482422,48.599998474121094,294700,0.0,0.0
2019-07-15 00:00:00-04:00,49.720001220703125,50.77000045776367,49.709999084472656,50.65999984741211,470300,0.0,0.0
2019-07-16 00:00:00-04:00,50.279998779296875,50.529998779296875,49.68000030517578,49.70000076293945,472000,0.0,0.0
2019-07-17 00:00:00-04:00,49.54999923706055,51.83000183105469,49.54999923706055,50.52000045776367,630800,0.0,0.0
2019-07-18 00:00:00-04:00,50.43000030517578,50.689998626708984,49.93000030517578,50.439998626708984,343700,0.0,0.0
2019-07-19 00:00:00-04:00,50.41999816894531,50.5,49.689998626708984,49.720001220703125,362500,0.0,0.0
2019-07-22 00:00:00-04:00,49.68000030517578,50.279998779296875,49.63999938964844,49.95000076293945,466300,0.0,0.0
2019-07-23 00:00:00-04:00,50.130001068115234,50.5,49.650001525878906,50.459999084472656,489200,0.0,0.0
2019-07-24 00:00:00-04:00,50.349998474121094,52.52000045776367,50.15999984741211,52.459999084472656,634300,0.0,0.0
2019-07-25 00:00:00-04:00,52.439998626708984,52.459999084472656,50.9900016784668,51.369998931884766,320000,0.0,0.0
2019-07-26 00:00:00-04:00,51.63999938964844,53.439998626708984,51.61000061035156,53.279998779296875,383300,0.0,0.0
2019-07-29 00:00:00-04:00,53.2599983215332,53.59000015258789,52.279998779296875,53.0,489600,0.0,0.0
2019-07-30 00:00:00-04:00,52.779998779296875,53.36000061035156,52.36000061035156,52.7400016784668,413200,0.0,0.0
2019-07-31 00:00:00-04:00,53.02000045776367,53.5,52.43000030517578,52.689998626708984,538800,0.0,0.0
2019-08-01 00:00:00-04:00,52.7599983215332,52.939998626708984,50.560001373291016,51.61000061035156,613000,0.0,0.0
2019-08-02 00:00:00-04:00,50.95000076293945,51.75,50.56999969482422,51.369998931884766,426100,0.0,0.0
2019-08-05 00:00:00-04:00,49.869998931884766,50.349998474121094,48.540000915527344,49.220001220703125,734700,0.0,0.0
2019-08-06 00:00:00-04:00,50.0,50.540000915527344,45.029998779296875,45.68000030517578,2343700,0.0,0.0
2019-08-07 00:00:00-04:00,44.810001373291016,46.15999984741211,44.599998474121094,46.0,780900,0.0,0.0
2019-08-08 00:00:00-04:00,46.54999923706055,48.529998779296875,46.470001220703125,48.099998474121094,918400,0.0,0.0
2019-08-09 00:00:00-04:00,47.810001373291016,48.2599983215332,47.16999816894531,47.970001220703125,589600,0.0,0.0
2019-08-12 00:00:00-04:00,47.58000183105469,47.689998626708984,46.16999816894531,46.22999954223633,326800,0.0,0.0
2019-08-13 00:00:00-04:00,46.45000076293945,47.060001373291016,45.95000076293945,46.36000061035156,757700,0.0,0.0
2019-08-14 00:00:00-04:00,45.47999954223633,45.65999984741211,43.5,43.93000030517578,517700,0.0,0.0
2019-08-15 00:00:00-04:00,44.150001525878906,44.61000061035156,43.709999084472656,43.7400016784668,551000,0.0,0.0
2019-08-16 00:00:00-04:00,43.959999084472656,44.83000183105469,43.959999084472656,44.7599983215332,336600,0.0,0.0
2019-08-19 00:00:00-04:00,45.459999084472656,45.459999084472656,44.2599983215332,44.38999938964844,423300,0.0,0.0
2019-08-20 00:00:00-04:00,44.13999938964844,44.13999938964844,43.13999938964844,43.27000045776367,484000,0.0,0.0
2019-08-21 00:00:00-04:00,43.79999923706055,44.16999816894531,43.060001373291016,43.810001373291016,354500,0.0,0.0
2019-08-22 00:00:00-04:00,44.06999969482422,44.06999969482422,42.88999938964844,43.189998626708984,296100,0.0,0.0
2019-08-23 00:00:00-04:00,42.88999938964844,42.97999954223633,41.130001068115234,41.36000061035156,697000,0.0,0.0
2019-08-26 00:00:00-04:00,41.75,41.90999984741211,41.189998626708984,41.5,372400,0.0,0.0
2019-08-27 00:00:00-04:00,42.13999938964844,42.68000030517578,41.38999938964844,41.79999923706055,625200,0.0,0.0
2019-08-28 00:00:00-04:00,41.529998779296875,42.0099983215332,41.040000915527344,41.65999984741211,378200,0.0,0.0
2019-08-29 00:00:00-04:00,42.25,42.650001525878906,41.91999816894531,41.97999954223633,263900,0.0,0.0
2019-08-30 00:00:00-04:00,42.40999984741211,42.5099983215332,41.63999938964844,42.36000061035156,421600,0.0,0.0
2019-09-03 00:00:00-04:00,41.91999816894531,42.189998626708984,40.2400016784668,40.61000061035156,1198200,0.0,0.0
2019-09-04 00:00:00-04:00,41.09000015258789,41.7599983215332,40.709999084472656,41.27000045776367,467100,0.0,0.0
2019-09-05 00:00:00-04:00,41.88999938964844,43.13999938964844,41.36000061035156,41.58000183105469,450900,0.0,0.0
2019-09-06 00:00:00-04:00,41.7599983215332,42.349998474121094,41.38999938964844,41.83000183105469,361500,0.0,0.0
2019-09-09 00:00:00-04:00,42.150001525878906,42.150001525878906,40.5,41.5,628000,0.0,0.0
2019-09-10 00:00:00-04:00,41.43000030517578,42.790000915527344,40.79999923706055,42.7400016784668,477800,0.0,0.0
2019-09-11 00:00:00-04:00,43.02000045776367,45.189998626708984,42.81999969482422,45.15999984741211,607400,0.0,0.0
2019-09-12 00:00:00-04:00,46.04999923706055,46.36000061035156,45.150001525878906,45.97999954223633,766100,0.0,0.0
2019-09-13 00:00:00-04:00,46.439998626708984,46.77000045776367,45.099998474121094,45.7599983215332,764200,0.0,0.0
2019-09-16 00:00:00-04:00,45.380001068115234,47.45000076293945,45.380001068115234,46.709999084472656,559400,0.0,0.0
2019-09-17 00:00:00-04:00,46.369998931884766,46.70000076293945,45.9900016784668,46.38999938964844,595400,0.0,0.0
2019-09-18 00:00:00-04:00,46.5,46.5,45.2400016784668,46.060001373291016,655100,0.0,0.0
2019-09-19 00:00:00-04:00,46.400001525878906,47.970001220703125,46.16999816894531,46.439998626708984,507800,0.0,0.0
2019-09-20 00:00:00-04:00,46.849998474121094,47.47999954223633,46.54999923706055,46.709999084472656,1461100,0.0,0.0
2019-09-23 00:00:00-04:00,46.380001068115234,46.790000915527344,45.939998626708984,46.4900016784668,401200,0.0,0.0
2019-09-24 00:00:00-04:00,46.59000015258789,46.709999084472656,45.38999938964844,45.75,633400,0.0,0.0
2019-09-25 00:00:00-04:00,45.7400016784668,46.90999984741211,45.099998474121094,46.54999923706055,417700,0.0,0.0
2019-09-26 00:00:00-04:00,46.470001220703125,46.95000076293945,45.79999923706055,45.959999084472656,433300,0.0,0.0
2019-09-27 00:00:00-04:00,46.20000076293945,46.20000076293945,42.810001373291016,42.880001068115234,735900,0.0,0.0
2019-09-30 00:00:00-04:00,42.88999938964844,43.400001525878906,41.869998931884766,42.959999084472656,980500,0.0,0.0
2019-10-01 00:00:00-04:00,43.310001373291016,43.4900016784668,41.08000183105469,41.61000061035156,767100,0.0,0.0
2019-10-02 00:00:00-04:00,41.29999923706055,41.810001373291016,40.95000076293945,41.45000076293945,750400,0.0,0.0
2019-10-03 00:00:00-04:00,41.18000030517578,42.84000015258789,40.4900016784668,42.650001525878906,489400,0.0,0.0
2019-10-04 00:00:00-04:00,42.880001068115234,43.04999923706055,41.130001068115234,41.90999984741211,266400,0.0,0.0
2019-10-07 00:00:00-04:00,41.689998626708984,42.41999816894531,41.45000076293945,42.0099983215332,433500,0.0,0.0
2019-10-08 00:00:00-04:00,41.41999816894531,41.560001373291016,38.81999969482422,38.90999984741211,965600,0.0,0.0
2019-10-09 00:00:00-04:00,39.2599983215332,39.619998931884766,38.58000183105469,39.47999954223633,492700,0.0,0.0
2019-10-10 00:00:00-04:00,39.66999816894531,40.349998474121094,38.97999954223633,39.06999969482422,393200,0.0,0.0
2019-10-11 00:00:00-04:00,39.68000030517578,40.810001373291016,39.68000030517578,40.34000015258789,395100,0.0,0.0
2019-10-14 00:00:00-04:00,40.22999954223633,40.529998779296875,39.709999084472656,39.90999984741211,204500,0.0,0.0
2019-10-15 00:00:00-04:00,39.84000015258789,40.369998931884766,39.45000076293945,40.040000915527344,328000,0.0,0.0
2019-10-16 00:00:00-04:00,39.439998626708984,40.099998474121094,39.2599983215332,39.31999969482422,321100,0.0,0.0
2019-10-17 00:00:00-04:00,39.54999923706055,39.72999954223633,38.650001525878906,38.86000061035156,336900,0.0,0.0
2019-10-18 00:00:00-04:00,38.61000061035156,39.150001525878906,37.720001220703125,37.720001220703125,528600,0.0,0.0
2019-10-21 00:00:00-04:00,38.15999984741211,38.880001068115234,37.880001068115234,38.5,418500,0.0,0.0
2019-10-22 00:00:00-04:00,38.61000061035156,38.75,37.5,37.599998474121094,341800,0.0,0.0
2019-10-23 00:00:00-04:00,37.619998931884766,38.7400016784668,37.29999923706055,38.72999954223633,320100,0.0,0.0
2019-10-24 00:00:00-04:00,38.97999954223633,39.689998626708984,38.220001220703125,39.599998474121094,369500,0.0,0.0
2019-10-25 00:00:00-04:00,39.369998931884766,40.189998626708984,39.15999984741211,39.86000061035156,272900,0.0,0.0
2019-10-28 00:00:00-04:00,40.150001525878906,40.709999084472656,40.099998474121094,40.599998474121094,373800,0.0,0.0
2019-10-29 00:00:00-04:00,40.40999984741211,40.83000183105469,39.88999938964844,40.13999938964844,358600,0.0,0.0
2019-10-30 00:00:00-04:00,40.060001373291016,40.119998931884766,39.31999969482422,39.869998931884766,311600,0.0,0.0
2019-10-31 00:00:00-04:00,39.779998779296875,39.95000076293945,38.93000030517578,39.09000015258789,331900,0.0,0.0
2019-11-01 00:00:00-04:00,39.4900016784668,40.93000030517578,39.130001068115234,40.849998474121094,640800,0.0,0.0
2019-11-04 00:00:00-05:00,41.349998474121094,41.790000915527344,40.869998931884766,41.56999969482422,609100,0.0,0.0
2019-11-05 00:00:00-05:00,42.0,42.7400016784668,41.54999923706055,42.099998474121094,492800,0.0,0.0
2019-11-06 00:00:00-05:00,42.16999816894531,42.41999816894531,41.2400016784668,41.369998931884766,966900,0.0,0.0
2019-11-07 00:00:00-05:00,45.9900016784668,47.9900016784668,44.81999969482422,45.91999816894531,1211700,0.0,0.0
2019-11-08 00:00:00-05:00,46.0,46.529998779296875,45.310001373291016,45.72999954223633,939400,0.0,0.0
2019-11-11 00:00:00-05:00,45.08000183105469,45.95000076293945,44.34000015258789,45.59000015258789,499000,0.0,0.0
2019-11-12 00:00:00-05:00,45.529998779296875,46.540000915527344,44.79999923706055,46.4900016784668,548900,0.0,0.0
2019-11-13 00:00:00-05:00,46.0,46.560001373291016,45.66999816894531,46.22999954223633,398200,0.0,0.0
2019-11-14 00:00:00-05:00,45.599998474121094,47.27000045776367,45.599998474121094,46.630001068115234,755100,0.0,0.0
2019-11-15 00:00:00-05:00,46.939998626708984,46.939998626708984,45.97999954223633,46.4900016784668,508900,0.0,0.0
2019-11-18 00:00:00-05:00,46.2599983215332,47.08000183105469,46.220001220703125,46.9900016784668,511600,0.0,0.0
2019-11-19 00:00:00-05:00,47.470001220703125,48.27000045776367,47.04999923706055,47.790000915527344,431100,0.0,0.0
2019-11-20 00:00:00-05:00,47.34000015258789,49.09000015258789,47.290000915527344,48.869998931884766,802400,0.0,0.0
2019-11-21 00:00:00-05:00,48.88999938964844,49.279998779296875,47.900001525878906,48.63999938964844,539000,0.0,0.0
2019-11-22 00:00:00-05:00,48.849998474121094,49.38999938964844,48.349998474121094,49.22999954223633,336000,0.0,0.0
2019-11-25 00:00:00-05:00,49.630001068115234,50.720001220703125,49.630001068115234,50.63999938964844,463000,0.0,0.0
2019-11-26 00:00:00-05:00,50.47999954223633,50.7400016784668,50.31999969482422,50.4900016784668,419500,0.0,0.0
2019-11-27 00:00:00-05:00,50.70000076293945,50.70000076293945,50.0,50.040000915527344,278500,0.0,0.0
2019-11-29 00:00:00-05:00,49.880001068115234,51.04999923706055,49.869998931884766,50.09000015258789,217800,0.0,0.0
2019-12-02 00:00:00-05:00,49.880001068115234,49.959999084472656,48.08000183105469,48.27000045776367,650600,0.0,0.0
2019-12-03 00:00:00-05:00,47.52000045776367,48.5099983215332,47.22999954223633,48.25,415700,0.0,0.0
2019-12-04 00:00:00-05:00,48.79999923706055,49.560001373291016,48.34000015258789,49.27000045776367,822300,0.0,0.0
2019-12-05 00:00:00-05:00,49.0,49.220001220703125,48.52000045776367,49.0099983215332,491700,0.0,0.0
2019-12-06 00:00:00-05:00,49.869998931884766,50.130001068115234,49.380001068115234,49.599998474121094,637200,0.0,0.0
2019-12-09 00:00:00-05:00,49.380001068115234,49.779998779296875,49.33000183105469,49.36000061035156,464000,0.0,0.0
2019-12-10 00:00:00-05:00,49.439998626708984,49.66999816894531,49.040000915527344,49.529998779296875,415100,0.0,0.0
2019-12-11 00:00:00-05:00,49.790000915527344,49.790000915527344,49.16999816894531,49.599998474121094,664100,0.0,0.0
2019-12-12 00:00:00-05:00,49.529998779296875,50.529998779296875,49.20000076293945,49.709999084472656,299100,0.0,0.0
2019-12-13 00:00:00-05:00,49.61000061035156,49.86000061035156,48.150001525878906,48.5,551400,0.0,0.0
2019-12-16 00:00:00-05:00,48.630001068115234,49.040000915527344,47.90999984741211,48.459999084472656,465700,0.0,0.0
2019-12-17 00:00:00-05:00,48.75,48.75,47.630001068115234,48.130001068115234,379400,0.0,0.0
2019-12-18 00:00:00-05:00,48.380001068115234,48.79999923706055,48.029998779296875,48.310001373291016,375000,0.0,0.0
2019-12-19 00:00:00-05:00,48.310001373291016,48.79999923706055,47.849998474121094,48.79999923706055,242000,0.0,0.0
2019-12-20 00:00:00-05:00,49.060001373291016,50.02000045776367,48.849998474121094,49.52000045776367,1705000,0.0,0.0
2019-12-23 00:00:00-05:00,49.52000045776367,49.650001525878906,48.86000061035156,49.459999084472656,252500,0.0,0.0
2019-12-24 00:00:00-05:00,49.599998474121094,49.599998474121094,49.15999984741211,49.34000015258789,116800,0.0,0.0
2019-12-26 00:00:00-05:00,49.5,49.900001525878906,49.11000061035156,49.13999938964844,318100,0.0,0.0
2019-12-27 00:00:00-05:00,49.349998474121094,49.380001068115234,48.56999969482422,48.630001068115234,235100,0.0,0.0
2019-12-30 00:00:00-05:00,48.79999923706055,48.79999923706055,47.689998626708984,47.75,419100,0.0,0.0
2019-12-31 00:00:00-05:00,47.68000030517578,48.5,47.40999984741211,48.06999969482422,562100,0.0,0.0
2020-01-02 00:00:00-05:00,48.5099983215332,49.2599983215332,48.099998474121094,48.540000915527344,346600,0.0,0.0
2020-01-03 00:00:00-05:00,47.58000183105469,48.0,46.91999816894531,47.16999816894531,555300,0.0,0.0
2020-01-06 00:00:00-05:00,46.599998474121094,47.0099983215332,45.93000030517578,46.4900016784668,452100,0.0,0.0
2020-01-07 00:00:00-05:00,46.25,46.58000183105469,44.959999084472656,44.970001220703125,449600,0.0,0.0
2020-01-08 00:00:00-05:00,44.77000045776367,45.209999084472656,44.2599983215332,44.65999984741211,829900,0.0,0.0
2020-01-09 00:00:00-05:00,45.04999923706055,45.15999984741211,43.880001068115234,44.11000061035156,443400,0.0,0.0
2020-01-10 00:00:00-05:00,44.41999816894531,44.45000076293945,43.0,43.38999938964844,886200,0.0,0.0
2020-01-13 00:00:00-05:00,43.439998626708984,44.900001525878906,43.29999923706055,44.72999954223633,748400,0.0,0.0
2020-01-14 00:00:00-05:00,44.779998779296875,45.630001068115234,43.2400016784668,43.279998779296875,1040800,0.0,0.0
2020-01-15 00:00:00-05:00,43.18000030517578,43.900001525878906,42.61000061035156,43.439998626708984,874700,0.0,0.0
2020-01-16 00:00:00-05:00,44.02000045776367,45.470001220703125,43.650001525878906,45.119998931884766,776300,0.0,0.0
2020-01-17 00:00:00-05:00,45.54999923706055,45.91999816894531,44.79999923706055,45.7599983215332,700500,0.0,0.0
2020-01-21 00:00:00-05:00,45.31999969482422,45.630001068115234,45.150001525878906,45.189998626708984,570200,0.0,0.0
2020-01-22 00:00:00-05:00,45.34000015258789,45.560001373291016,43.400001525878906,43.45000076293945,348600,0.0,0.0
2020-01-23 00:00:00-05:00,43.18000030517578,43.45000076293945,42.45000076293945,42.970001220703125,648000,0.0,0.0
2020-01-24 00:00:00-05:00,43.189998626708984,43.470001220703125,42.47999954223633,42.81999969482422,556800,0.0,0.0
2020-01-27 00:00:00-05:00,41.68000030517578,42.7599983215332,41.400001525878906,42.189998626708984,518700,0.0,0.0
2020-01-28 00:00:00-05:00,42.560001373291016,43.029998779296875,42.36000061035156,42.709999084472656,273300,0.0,0.0
2020-01-29 00:00:00-05:00,42.4900016784668,42.630001068115234,41.779998779296875,41.790000915527344,446100,0.0,0.0
2020-01-30 00:00:00-05:00,41.16999816894531,42.04999923706055,40.36000061035156,41.41999816894531,379400,0.0,0.0
2020-01-31 00:00:00-05:00,41.04999923706055,41.27000045776367,39.970001220703125,40.2400016784668,496100,0.0,0.0
2020-02-03 00:00:00-05:00,40.349998474121094,41.040000915527344,40.29999923706055,40.59000015258789,563900,0.0,0.0
2020-02-04 00:00:00-05:00,41.400001525878906,41.5099983215332,40.68000030517578,40.83000183105469,669400,0.0,0.0
2020-02-05 00:00:00-05:00,41.619998931884766,42.40999984741211,41.150001525878906,41.400001525878906,733400,0.0,0.0
2020-02-06 00:00:00-05:00,45.380001068115234,46.459999084472656,42.970001220703125,44.439998626708984,2055400,0.0,0.0
2020-02-07 00:00:00-05:00,44.0,44.150001525878906,40.79999923706055,40.849998474121094,1378200,0.0,0.0
2020-02-10 00:00:00-05:00,40.45000076293945,40.72999954223633,38.79999923706055,40.060001373291016,1188200,0.0,0.0
2020-02-11 00:00:00-05:00,39.939998626708984,39.959999084472656,38.63999938964844,39.47999954223633,1010900,0.0,0.0
2020-02-12 00:00:00-05:00,39.88999938964844,39.88999938964844,38.810001373291016,38.959999084472656,601000,0.0,0.0
2020-02-13 00:00:00-05:00,38.61000061035156,39.209999084472656,38.470001220703125,38.79999923706055,620700,0.0,0.0
2020-02-14 00:00:00-05:00,38.9900016784668,39.34000015258789,38.86000061035156,39.040000915527344,691300,0.0,0.0
2020-02-18 00:00:00-05:00,38.84000015258789,39.459999084472656,38.599998474121094,38.9900016784668,746300,0.0,0.0
2020-02-19 00:00:00-05:00,39.04999923706055,39.310001373291016,38.529998779296875,38.88999938964844,1043500,0.0,0.0
2020-02-20 00:00:00-05:00,38.619998931884766,38.689998626708984,37.0,38.459999084472656,927000,0.0,0.0
2020-02-21 00:00:00-05:00,38.47999954223633,39.189998626708984,37.93000030517578,39.06999969482422,846800,0.0,0.0
2020-02-24 00:00:00-05:00,37.36000061035156,38.04999923706055,36.58000183105469,37.5099983215332,717200,0.0,0.0
2020-02-25 00:00:00-05:00,37.31999969482422,37.439998626708984,35.5099983215332,35.54999923706055,663400,0.0,0.0
2020-02-26 00:00:00-05:00,35.5099983215332,36.0099983215332,34.41999816894531,35.040000915527344,639100,0.0,0.0
2020-02-27 00:00:00-05:00,34.0099983215332,35.56999969482422,33.369998931884766,34.58000183105469,714600,0.0,0.0
2020-02-28 00:00:00-05:00,33.119998931884766,35.689998626708984,33.119998931884766,35.439998626708984,1154800,0.0,0.0
2020-03-02 00:00:00-05:00,35.58000183105469,37.72999954223633,34.72999954223633,37.61000061035156,797700,0.0,0.0
2020-03-03 00:00:00-05:00,37.58000183105469,38.310001373291016,35.849998474121094,36.400001525878906,880100,0.0,0.0
2020-03-04 00:00:00-05:00,36.66999816894531,36.709999084472656,35.290000915527344,35.77000045776367,597500,0.0,0.0
2020-03-05 00:00:00-05:00,34.83000183105469,35.2400016784668,34.08000183105469,34.900001525878906,948400,0.0,0.0
2020-03-06 00:00:00-05:00,34.15999984741211,35.2599983215332,33.459999084472656,34.560001373291016,805200,0.0,0.0
2020-03-09 00:00:00-04:00,32.5,33.369998931884766,31.459999084472656,32.13999938964844,999100,0.0,0.0
2020-03-10 00:00:00-04:00,33.15999984741211,33.15999984741211,29.600000381469727,31.959999084472656,1251100,0.0,0.0
2020-03-11 00:00:00-04:00,31.25,31.649999618530273,28.59000015258789,29.299999237060547,1132500,0.0,0.0
2020-03-12 00:00:00-04:00,27.110000610351562,28.440000534057617,23.440000534057617,26.459999084472656,1391300,0.0,0.0
2020-03-13 00:00:00-04:00,27.989999771118164,29.1299991607666,27.239999771118164,29.06999969482422,860000,0.0,0.0
2020-03-16 00:00:00-04:00,26.770000457763672,27.899999618530273,26.100000381469727,26.209999084472656,919700,0.0,0.0
2020-03-17 00:00:00-04:00,26.600000381469727,29.549999237060547,25.3799991607666,29.420000076293945,876600,0.0,0.0
2020-03-18 00:00:00-04:00,27.520000457763672,27.959999084472656,25.440000534057617,27.530000686645508,936200,0.0,0.0
2020-03-19 00:00:00-04:00,27.3799991607666,29.739999771118164,27.09000015258789,28.219999313354492,977100,0.0,0.0
2020-03-20 00:00:00-04:00,28.389999389648438,29.309999465942383,27.1200008392334,28.479999542236328,1703600,0.0,0.0
2020-03-23 00:00:00-04:00,28.940000534057617,29.40999984741211,25.75,27.670000076293945,1211800,0.0,0.0
2020-03-24 00:00:00-04:00,28.15999984741211,29.739999771118164,27.6200008392334,29.25,1431000,0.0,0.0
2020-03-25 00:00:00-04:00,29.280000686645508,31.899999618530273,28.709999084472656,30.549999237060547,862700,0.0,0.0
2020-03-26 00:00:00-04:00,31.1200008392334,33.15999984741211,31.1200008392334,33.060001373291016,756200,0.0,0.0
2020-03-27 00:00:00-04:00,31.600000381469727,33.7400016784668,31.030000686645508,32.83000183105469,775000,0.0,0.0
2020-03-30 00:00:00-04:00,32.7599983215332,33.5099983215332,32.15999984741211,33.0099983215332,678000,0.0,0.0
2020-03-31 00:00:00-04:00,32.689998626708984,33.400001525878906,32.16999816894531,32.91999816894531,684900,0.0,0.0
2020-04-01 00:00:00-04:00,31.309999465942383,31.940000534057617,27.610000610351562,27.8700008392334,1131500,0.0,0.0
2020-04-02 00:00:00-04:00,27.780000686645508,29.899999618530273,27.329999923706055,28.459999084472656,918900,0.0,0.0
2020-04-03 00:00:00-04:00,28.110000610351562,29.649999618530273,27.90999984741211,28.549999237060547,688700,0.0,0.0
2020-04-06 00:00:00-04:00,29.920000076293945,30.649999618530273,28.8700008392334,30.5,997600,0.0,0.0
2020-04-07 00:00:00-04:00,31.530000686645508,31.639999389648438,30.0,30.649999618530273,1037400,0.0,0.0
2020-04-08 00:00:00-04:00,31.06999969482422,32.34000015258789,30.600000381469727,32.0,731000,0.0,0.0
2020-04-09 00:00:00-04:00,32.83000183105469,33.439998626708984,32.2400016784668,32.79999923706055,815400,0.0,0.0
2020-04-13 00:00:00-04:00,32.54999923706055,32.849998474121094,31.700000762939453,32.41999816894531,395900,0.0,0.0
2020-04-14 00:00:00-04:00,33.630001068115234,34.369998931884766,33.36000061035156,34.13999938964844,488100,0.0,0.0
2020-04-15 00:00:00-04:00,32.72999954223633,33.130001068115234,32.099998474121094,32.2400016784668,413000,0.0,0.0
2020-04-16 00:00:00-04:00,32.38999938964844,32.470001220703125,31.1200008392334,31.65999984741211,567600,0.0,0.0
2020-04-17 00:00:00-04:00,32.58000183105469,33.540000915527344,32.33000183105469,32.650001525878906,678300,0.0,0.0
2020-04-20 00:00:00-04:00,32.43000030517578,33.4900016784668,31.950000762939453,32.630001068115234,765700,0.0,0.0
2020-04-21 00:00:00-04:00,31.850000381469727,32.09000015258789,31.0,31.520000457763672,446800,0.0,0.0
2020-04-22 00:00:00-04:00,32.41999816894531,33.2599983215332,32.060001373291016,33.06999969482422,439200,0.0,0.0
2020-04-23 00:00:00-04:00,33.470001220703125,34.0,33.25,33.65999984741211,607300,0.0,0.0
2020-04-24 00:00:00-04:00,33.790000915527344,34.540000915527344,33.72999954223633,34.150001525878906,531200,0.0,0.0
2020-04-27 00:00:00-04:00,34.66999816894531,36.310001373291016,34.4900016784668,35.83000183105469,456300,0.0,0.0
2020-04-28 00:00:00-04:00,35.849998474121094,36.09000015258789,35.04999923706055,35.060001373291016,621500,0.0,0.0
2020-04-29 00:00:00-04:00,36.81999969482422,38.5099983215332,35.709999084472656,38.09000015258789,943800,0.0,0.0
2020-04-30 00:00:00-04:00,37.34000015258789,38.54999923706055,36.869998931884766,37.86000061035156,720000,0.0,0.0
2020-05-01 00:00:00-04:00,37.16999816894531,37.38999938964844,35.970001220703125,36.72999954223633,513500,0.0,0.0
2020-05-04 00:00:00-04:00,35.97999954223633,36.79999923706055,35.849998474121094,36.22999954223633,464600,0.0,0.0
2020-05-05 00:00:00-04:00,38.099998474121094,38.189998626708984,36.63999938964844,36.880001068115234,453900,0.0,0.0
2020-05-06 00:00:00-04:00,36.869998931884766,37.880001068115234,36.84000015258789,37.099998474121094,349300,0.0,0.0
2020-05-07 00:00:00-04:00,37.84000015258789,38.529998779296875,37.779998779296875,38.16999816894531,354400,0.0,0.0
2020-05-08 00:00:00-04:00,38.709999084472656,38.9900016784668,36.560001373291016,37.95000076293945,970500,0.0,0.0
2020-05-11 00:00:00-04:00,37.38999938964844,37.65999984741211,36.599998474121094,37.209999084472656,801900,0.0,0.0
2020-05-12 00:00:00-04:00,37.290000915527344,37.84000015258789,36.470001220703125,36.560001373291016,600700,0.0,0.0
2020-05-13 00:00:00-04:00,36.20000076293945,36.349998474121094,35.0099983215332,36.25,629800,0.0,0.0
2020-05-14 00:00:00-04:00,35.459999084472656,37.08000183105469,35.29999923706055,37.040000915527344,546200,0.0,0.0
2020-05-15 00:00:00-04:00,36.65999984741211,38.02000045776367,36.65999984741211,37.88999938964844,565200,0.0,0.0
2020-05-18 00:00:00-04:00,38.75,40.11000061035156,38.5,39.029998779296875,624200,0.0,0.0
2020-05-19 00:00:00-04:00,38.77000045776367,39.52000045776367,37.779998779296875,37.81999969482422,533400,0.0,0.0
2020-05-20 00:00:00-04:00,38.209999084472656,39.099998474121094,37.91999816894531,38.88999938964844,573700,0.0,0.0
2020-05-21 00:00:00-04:00,38.720001220703125,39.68000030517578,38.380001068115234,38.75,815100,0.0,0.0
2020-05-22 00:00:00-04:00,42.630001068115234,49.08000183105469,42.0,48.16999816894531,2605400,0.0,0.0
2020-05-26 00:00:00-04:00,48.41999816894531,49.08000183105469,46.279998779296875,47.150001525878906,1661800,0.0,0.0
2020-05-27 00:00:00-04:00,48.060001373291016,48.790000915527344,46.40999984741211,48.58000183105469,956800,0.0,0.0
2020-05-28 00:00:00-04:00,48.5,50.58000183105469,47.439998626708984,48.0099983215332,884000,0.0,0.0
2020-05-29 00:00:00-04:00,48.16999816894531,50.650001525878906,48.04999923706055,50.43000030517578,977800,0.0,0.0
2020-06-01 00:00:00-04:00,50.380001068115234,50.380001068115234,49.13999938964844,49.15999984741211,576300,0.0,0.0
2020-06-02 00:00:00-04:00,49.4900016784668,50.040000915527344,48.18000030517578,49.25,673900,0.0,0.0
2020-06-03 00:00:00-04:00,49.849998474121094,50.2400016784668,48.779998779296875,49.61000061035156,621900,0.0,0.0
2020-06-04 00:00:00-04:00,49.0099983215332,49.470001220703125,46.5099983215332,46.880001068115234,538100,0.0,0.0
2020-06-05 00:00:00-04:00,48.13999938964844,48.7400016784668,47.08000183105469,47.099998474121094,892400,0.0,0.0
2020-06-08 00:00:00-04:00,47.380001068115234,47.79999923706055,46.5,46.56999969482422,698200,0.0,0.0
2020-06-09 00:00:00-04:00,46.36000061035156,47.0099983215332,46.060001373291016,46.15999984741211,735100,0.0,0.0
2020-06-10 00:00:00-04:00,46.209999084472656,46.27000045776367,44.83000183105469,44.90999984741211,1108800,0.0,0.0
2020-06-11 00:00:00-04:00,43.650001525878906,43.68000030517578,41.63999938964844,41.689998626708984,643300,0.0,0.0
2020-06-12 00:00:00-04:00,42.95000076293945,42.95000076293945,40.08000183105469,41.459999084472656,668000,0.0,0.0
2020-06-15 00:00:00-04:00,42.91999816894531,44.54999923706055,41.599998474121094,44.22999954223633,768300,0.0,0.0
2020-06-16 00:00:00-04:00,45.290000915527344,45.70000076293945,43.29999923706055,43.560001373291016,625400,0.0,0.0
2020-06-17 00:00:00-04:00,43.52000045776367,44.16999816894531,42.599998474121094,43.38999938964844,662100,0.0,0.0
2020-06-18 00:00:00-04:00,43.0,43.40999984741211,41.560001373291016,41.959999084472656,637700,0.0,0.0
2020-06-19 00:00:00-04:00,42.04999923706055,44.65999984741211,42.04999923706055,44.65999984741211,2116200,0.0,0.0
2020-06-22 00:00:00-04:00,44.41999816894531,45.40999984741211,43.52000045776367,44.970001220703125,944600,0.0,0.0
2020-06-23 00:00:00-04:00,45.5099983215332,46.880001068115234,45.06999969482422,46.27000045776367,931200,0.0,0.0
2020-06-24 00:00:00-04:00,45.75,46.20000076293945,44.310001373291016,45.43000030517578,874100,0.0,0.0
2020-06-25 00:00:00-04:00,45.349998474121094,46.06999969482422,43.61000061035156,45.59000015258789,925900,0.0,0.0
2020-06-26 00:00:00-04:00,45.27000045776367,45.41999816894531,43.15999984741211,43.290000915527344,2631100,0.0,0.0
2020-06-29 00:00:00-04:00,43.90999984741211,44.04999923706055,41.83000183105469,42.29999923706055,633100,0.0,0.0
2020-06-30 00:00:00-04:00,42.04999923706055,43.2400016784668,41.70000076293945,42.470001220703125,840700,0.0,0.0
2020-07-01 00:00:00-04:00,42.31999969482422,44.040000915527344,42.209999084472656,43.689998626708984,568900,0.0,0.0
2020-07-02 00:00:00-04:00,44.470001220703125,45.43000030517578,44.310001373291016,44.63999938964844,566400,0.0,0.0
2020-07-06 00:00:00-04:00,45.54999923706055,46.470001220703125,45.15999984741211,45.380001068115234,550400,0.0,0.0
2020-07-07 00:00:00-04:00,44.83000183105469,45.400001525878906,43.72999954223633,43.88999938964844,511700,0.0,0.0
2020-07-08 00:00:00-04:00,43.790000915527344,44.5099983215332,43.439998626708984,44.40999984741211,244800,0.0,0.0
2020-07-09 00:00:00-04:00,45.2599983215332,47.31999969482422,44.70000076293945,46.16999816894531,600700,0.0,0.0
2020-07-10 00:00:00-04:00,46.25,47.040000915527344,45.7400016784668,46.709999084472656,622100,0.0,0.0
2020-07-13 00:00:00-04:00,47.11000061035156,47.630001068115234,44.36000061035156,44.43000030517578,698800,0.0,0.0
2020-07-14 00:00:00-04:00,44.2400016784668,45.220001220703125,43.77000045776367,44.29999923706055,459200,0.0,0.0
2020-07-15 00:00:00-04:00,45.2599983215332,46.31999969482422,44.97999954223633,45.58000183105469,612200,0.0,0.0
2020-07-16 00:00:00-04:00,45.310001373291016,45.40999984741211,44.54999923706055,45.16999816894531,744200,0.0,0.0
2020-07-17 00:00:00-04:00,45.310001373291016,45.599998474121094,44.34000015258789,44.75,334100,0.0,0.0
2020-07-20 00:00:00-04:00,44.66999816894531,45.900001525878906,44.599998474121094,45.790000915527344,256600,0.0,0.0
2020-07-21 00:00:00-04:00,46.540000915527344,47.939998626708984,46.029998779296875,47.34000015258789,728500,0.0,0.0
2020-07-22 00:00:00-04:00,46.810001373291016,47.790000915527344,45.52000045776367,46.22999954223633,584600,0.0,0.0
2020-07-23 00:00:00-04:00,45.91999816894531,47.58000183105469,45.91999816894531,46.599998474121094,590500,0.0,0.0
2020-07-24 00:00:00-04:00,46.459999084472656,46.75,45.779998779296875,46.0099983215332,346100,0.0,0.0
2020-07-27 00:00:00-04:00,46.029998779296875,46.689998626708984,45.959999084472656,46.33000183105469,446400,0.0,0.0
2020-07-28 00:00:00-04:00,45.9900016784668,46.40999984741211,45.40999984741211,45.59000015258789,356000,0.0,0.0
2020-07-29 00:00:00-04:00,45.65999984741211,46.279998779296875,45.459999084472656,45.95000076293945,300300,0.0,0.0
2020-07-30 00:00:00-04:00,45.31999969482422,45.810001373291016,44.43000030517578,45.529998779296875,409200,0.0,0.0
2020-07-31 00:00:00-04:00,45.4900016784668,45.599998474121094,44.61000061035156,45.56999969482422,538200,0.0,0.0
2020-08-03 00:00:00-04:00,46.0,47.0,45.630001068115234,46.689998626708984,436200,0.0,0.0
2020-08-04 00:00:00-04:00,46.20000076293945,48.099998474121094,45.9900016784668,48.04999923706055,529300,0.0,0.0
2020-08-05 00:00:00-04:00,48.52000045776367,49.77000045776367,48.099998474121094,49.40999984741211,402200,0.0,0.0
2020-08-06 00:00:00-04:00,49.599998474121094,52.11000061035156,49.38999938964844,51.689998626708984,2851200,0.0,0.0
2020-08-07 00:00:00-04:00,51.70000076293945,53.880001068115234,51.70000076293945,53.470001220703125,1683100,0.0,0.0
2020-08-10 00:00:00-04:00,53.5,56.08000183105469,53.470001220703125,55.2400016784668,2650100,0.0,0.0
2020-08-11 00:00:00-04:00,53.369998931884766,56.33000183105469,50.380001068115234,54.709999084472656,1737600,0.0,0.0
2020-08-12 00:00:00-04:00,54.40999984741211,54.779998779296875,53.040000915527344,53.369998931884766,1053900,0.0,0.0
2020-08-13 00:00:00-04:00,52.5099983215332,54.15999984741211,52.380001068115234,53.540000915527344,767100,0.0,0.0
2020-08-14 00:00:00-04:00,52.630001068115234,52.86000061035156,50.79999923706055,51.0,846700,0.0,0.0
2020-08-17 00:00:00-04:00,51.04999923706055,51.5099983215332,50.599998474121094,50.75,666000,0.0,0.0
2020-08-18 00:00:00-04:00,51.33000183105469,52.72999954223633,50.439998626708984,52.310001373291016,567000,0.0,0.0
2020-08-19 00:00:00-04:00,52.22999954223633,54.119998931884766,52.099998474121094,52.7599983215332,541200,0.0,0.0
2020-08-20 00:00:00-04:00,52.279998779296875,52.66999816894531,51.529998779296875,51.58000183105469,336000,0.0,0.0
2020-08-21 00:00:00-04:00,51.45000076293945,51.939998626708984,50.439998626708984,50.7599983215332,271500,0.0,0.0
2020-08-24 00:00:00-04:00,51.0099983215332,51.9900016784668,50.58000183105469,51.400001525878906,308500,0.0,0.0
2020-08-25 00:00:00-04:00,51.619998931884766,52.310001373291016,51.0,51.61000061035156,339900,0.0,0.0
2020-08-26 00:00:00-04:00,51.9900016784668,53.7400016784668,51.459999084472656,53.61000061035156,604600,0.0,0.0
2020-08-27 00:00:00-04:00,53.77000045776367,55.0,52.88999938964844,54.720001220703125,627800,0.0,0.0
2020-08-28 00:00:00-04:00,54.900001525878906,55.68000030517578,54.5,55.650001525878906,432300,0.0,0.0
2020-08-31 00:00:00-04:00,55.31999969482422,56.060001373291016,54.56999969482422,55.84000015258789,647000,0.0,0.0
2020-09-01 00:00:00-04:00,55.689998626708984,58.93000030517578,55.369998931884766,58.81999969482422,571400,0.0,0.0
2020-09-02 00:00:00-04:00,58.77000045776367,59.95000076293945,57.720001220703125,58.56999969482422,849600,0.0,0.0
2020-09-03 00:00:00-04:00,58.15999984741211,58.400001525878906,53.290000915527344,53.88999938964844,509900,0.0,0.0
2020-09-04 00:00:00-04:00,54.099998474121094,54.279998779296875,49.84000015258789,51.290000915527344,449400,0.0,0.0
2020-09-08 00:00:00-04:00,50.15999984741211,51.13999938964844,49.849998474121094,50.459999084472656,474400,0.0,0.0
2020-09-09 00:00:00-04:00,51.43000030517578,52.54999923706055,50.380001068115234,52.25,453800,0.0,0.0
2020-09-10 00:00:00-04:00,52.77000045776367,53.630001068115234,51.150001525878906,51.20000076293945,383300,0.0,0.0
2020-09-11 00:00:00-04:00,51.380001068115234,51.380001068115234,49.869998931884766,50.52000045776367,348800,0.0,0.0
2020-09-14 00:00:00-04:00,51.27000045776367,52.349998474121094,51.09000015258789,51.880001068115234,361600,0.0,0.0
2020-09-15 00:00:00-04:00,52.630001068115234,53.16999816894531,51.13999938964844,51.83000183105469,282000,0.0,0.0
2020-09-16 00:00:00-04:00,52.31999969482422,54.43000030517578,52.220001220703125,52.939998626708984,581000,0.0,0.0
2020-09-17 00:00:00-04:00,51.88999938964844,52.20000076293945,51.36000061035156,51.91999816894531,562300,0.0,0.0
2020-09-18 00:00:00-04:00,52.38999938964844,52.869998931884766,50.040000915527344,51.459999084472656,1241300,0.0,0.0
2020-09-21 00:00:00-04:00,50.34000015258789,51.0,49.47999954223633,50.41999816894531,453500,0.0,0.0
2020-09-22 00:00:00-04:00,50.59000015258789,52.20000076293945,49.84000015258789,52.18000030517578,313600,0.0,0.0
2020-09-23 00:00:00-04:00,52.18000030517578,53.13999938964844,51.61000061035156,51.619998931884766,557800,0.0,0.0
2020-09-24 00:00:00-04:00,51.22999954223633,52.18000030517578,50.209999084472656,50.9900016784668,322900,0.0,0.0
2020-09-25 00:00:00-04:00,50.459999084472656,53.15999984741211,50.41999816894531,52.7400016784668,399400,0.0,0.0
2020-09-28 00:00:00-04:00,53.45000076293945,53.849998474121094,52.43000030517578,52.970001220703125,264300,0.0,0.0
2020-09-29 00:00:00-04:00,53.04999923706055,53.70000076293945,50.38999938964844,51.66999816894531,353000,0.0,0.0
2020-09-30 00:00:00-04:00,51.790000915527344,53.18000030517578,51.38999938964844,51.77000045776367,339500,0.0,0.0
2020-10-01 00:00:00-04:00,52.15999984741211,52.560001373291016,51.25,52.41999816894531,445200,0.0,0.0
2020-10-02 00:00:00-04:00,51.59000015258789,53.54999923706055,51.11000061035156,53.18000030517578,355600,0.0,0.0
2020-10-05 00:00:00-04:00,53.709999084472656,55.529998779296875,53.709999084472656,55.2400016784668,351600,0.0,0.0
2020-10-06 00:00:00-04:00,55.790000915527344,56.04999923706055,53.630001068115234,53.79999923706055,342900,0.0,0.0
2020-10-07 00:00:00-04:00,54.15999984741211,56.290000915527344,54.060001373291016,55.58000183105469,386900,0.0,0.0
2020-10-08 00:00:00-04:00,56.439998626708984,56.61000061035156,54.779998779296875,55.47999954223633,232700,0.0,0.0
2020-10-09 00:00:00-04:00,56.16999816894531,56.709999084472656,55.380001068115234,56.380001068115234,257700,0.0,0.0
2020-10-12 00:00:00-04:00,56.7599983215332,57.40999984741211,56.029998779296875,57.09000015258789,185300,0.0,0.0
2020-10-13 00:00:00-04:00,56.709999084472656,58.90999984741211,56.380001068115234,58.720001220703125,478100,0.0,0.0
2020-10-14 00:00:00-04:00,58.5099983215332,59.86000061035156,58.27000045776367,58.7599983215332,452200,0.0,0.0
2020-10-15 00:00:00-04:00,57.68000030517578,58.29999923706055,56.290000915527344,57.70000076293945,281100,0.0,0.0
2020-10-16 00:00:00-04:00,57.790000915527344,58.959999084472656,57.45000076293945,58.11000061035156,355400,0.0,0.0
2020-10-19 00:00:00-04:00,58.43000030517578,60.900001525878906,57.939998626708984,59.650001525878906,814600,0.0,0.0
2020-10-20 00:00:00-04:00,59.15999984741211,61.66999816894531,58.5099983215332,59.52000045776367,631800,0.0,0.0
2020-10-21 00:00:00-04:00,59.709999084472656,61.310001373291016,59.540000915527344,60.189998626708984,546100,0.0,0.0
2020-10-22 00:00:00-04:00,60.5,65.72000122070312,60.04999923706055,64.86000061035156,842100,0.0,0.0
2020-10-23 00:00:00-04:00,65.0,66.0,63.75,64.56999969482422,421100,0.0,0.0
2020-10-26 00:00:00-04:00,63.540000915527344,64.23999786376953,59.459999084472656,61.11000061035156,575400,0.0,0.0
2020-10-27 00:00:00-04:00,61.56999969482422,63.7599983215332,61.29999923706055,63.380001068115234,358800,0.0,0.0
2020-10-28 00:00:00-04:00,62.189998626708984,63.790000915527344,61.209999084472656,63.310001373291016,478800,0.0,0.0
2020-10-29 00:00:00-04:00,63.0099983215332,67.45999908447266,62.08000183105469,67.25,743700,0.0,0.0
2020-10-30 00:00:00-04:00,66.62000274658203,66.95999908447266,64.2699966430664,66.08999633789062,578000,0.0,0.0
2020-11-02 00:00:00-05:00,66.56999969482422,67.36000061035156,63.709999084472656,63.95000076293945,896300,0.0,0.0
2020-11-03 00:00:00-05:00,64.80000305175781,67.23999786376953,61.25,66.7300033569336,878300,0.0,0.0
2020-11-04 00:00:00-05:00,66.69999694824219,71.93000030517578,66.69999694824219,70.01000213623047,811100,0.0,0.0
2020-11-05 00:00:00-05:00,71.13999938964844,71.9000015258789,70.13999938964844,71.44000244140625,481500,0.0,0.0
2020-11-06 00:00:00-05:00,72.80000305175781,76.25,72.58000183105469,76.02999877929688,1013200,0.0,0.0
2020-11-09 00:00:00-05:00,77.91000366210938,80.06999969482422,76.05000305175781,76.54000091552734,1485900,0.0,0.0
2020-11-10 00:00:00-05:00,73.52999877929688,75.29000091552734,58.2400016784668,59.43000030517578,2743000,0.0,0.0
2020-11-11 00:00:00-05:00,60.560001373291016,63.20000076293945,60.0,62.75,1271100,0.0,0.0
2020-11-12 00:00:00-05:00,62.279998779296875,63.18000030517578,59.689998626708984,60.11000061035156,746100,0.0,0.0
2020-11-13 00:00:00-05:00,59.810001373291016,61.13999938964844,59.029998779296875,60.119998931884766,580300,0.0,0.0
2020-11-16 00:00:00-05:00,60.189998626708984,62.959999084472656,60.189998626708984,62.4900016784668,898600,0.0,0.0
2020-11-17 00:00:00-05:00,62.65999984741211,64.08999633789062,61.34000015258789,62.150001525878906,730100,0.0,0.0
2020-11-18 00:00:00-05:00,62.540000915527344,62.939998626708984,58.34000015258789,58.5,890000,0.0,0.0
2020-11-19 00:00:00-05:00,58.72999954223633,60.310001373291016,57.630001068115234,59.66999816894531,657000,0.0,0.0
2020-11-20 00:00:00-05:00,59.5,59.560001373291016,58.130001068115234,58.810001373291016,559100,0.0,0.0
2020-11-23 00:00:00-05:00,58.88999938964844,59.349998474121094,55.849998474121094,56.119998931884766,963500,0.0,0.0
2020-11-24 00:00:00-05:00,56.619998931884766,56.970001220703125,54.86000061035156,55.31999969482422,1426800,0.0,0.0
2020-11-25 00:00:00-05:00,55.34000015258789,56.959999084472656,54.869998931884766,56.58000183105469,529200,0.0,0.0
2020-11-27 00:00:00-05:00,56.81999969482422,59.15999984741211,56.7599983215332,59.02000045776367,664700,0.0,0.0
2020-11-30 00:00:00-05:00,59.0,59.70000076293945,57.189998626708984,58.5099983215332,582400,0.0,0.0
2020-12-01 00:00:00-05:00,59.0099983215332,59.290000915527344,56.560001373291016,57.810001373291016,1220400,0.0,0.0
2020-12-02 00:00:00-05:00,57.16999816894531,59.20000076293945,56.439998626708984,58.66999816894531,460100,0.0,0.0
2020-12-03 00:00:00-05:00,58.630001068115234,62.209999084472656,57.790000915527344,62.15999984741211,739500,0.0,0.0
2020-12-04 00:00:00-05:00,62.529998779296875,65.58000183105469,61.779998779296875,65.44000244140625,1168400,0.0,0.0
2020-12-07 00:00:00-05:00,64.93000030517578,66.83000183105469,63.75,66.5999984741211,744800,0.0,0.0
2020-12-08 00:00:00-05:00,66.11000061035156,70.5199966430664,65.86000061035156,70.13999938964844,823000,0.0,0.0
2020-12-09 00:00:00-05:00,70.37000274658203,71.98999786376953,65.80000305175781,67.69999694824219,946200,0.0,0.0
2020-12-10 00:00:00-05:00,66.8499984741211,70.05999755859375,66.12999725341797,69.79000091552734,511500,0.0,0.0
2020-12-11 00:00:00-05:00,69.18000030517578,70.94999694824219,67.87999725341797,70.0999984741211,496800,0.0,0.0
2020-12-14 00:00:00-05:00,70.29000091552734,71.87999725341797,70.29000091552734,71.33999633789062,515800,0.0,0.0
2020-12-15 00:00:00-05:00,71.7300033569336,72.52999877929688,70.58000183105469,72.06999969482422,692100,0.0,0.0
2020-12-16 00:00:00-05:00,72.62000274658203,73.04000091552734,70.55000305175781,71.30000305175781,496800,0.0,0.0
2020-12-17 00:00:00-05:00,72.2699966430664,72.94000244140625,69.80999755859375,70.20999908447266,625400,0.0,0.0
2020-12-18 00:00:00-05:00,71.41000366210938,71.87999725341797,69.87999725341797,70.04000091552734,1349200,0.0,0.0
2020-12-21 00:00:00-05:00,68.5199966430664,70.93000030517578,67.45999908447266,70.80000305175781,684100,0.0,0.0
2020-12-22 00:00:00-05:00,71.01000213623047,72.70999908447266,70.6500015258789,71.58000183105469,359300,0.0,0.0
2020-12-23 00:00:00-05:00,71.87999725341797,72.37000274658203,71.13999938964844,71.80999755859375,268100,0.0,0.0
2020-12-24 00:00:00-05:00,71.73999786376953,72.44000244140625,71.54000091552734,72.25,136900,0.0,0.0
2020-12-28 00:00:00-05:00,73.5199966430664,74.19999694824219,71.66999816894531,73.26000213623047,366700,0.0,0.0
2020-12-29 00:00:00-05:00,74.13999938964844,74.55999755859375,71.83999633789062,73.2699966430664,438400,0.0,0.0
2020-12-30 00:00:00-05:00,73.66000366210938,74.23999786376953,72.83000183105469,73.51000213623047,317200,0.0,0.0
2020-12-31 00:00:00-05:00,73.44000244140625,73.88999938964844,72.54000091552734,73.19000244140625,361600,0.0,0.0
2021-01-04 00:00:00-05:00,73.41999816894531,73.69999694824219,70.18000030517578,71.75,417900,0.0,0.0
2021-01-05 00:00:00-05:00,71.63999938964844,73.80000305175781,71.63999938964844,73.56999969482422,361800,0.0,0.0
2021-01-06 00:00:00-05:00,73.76000213623047,77.8499984741211,73.72000122070312,75.94000244140625,614300,0.0,0.0
2021-01-07 00:00:00-05:00,76.45999908447266,81.22000122070312,76.12999725341797,80.62000274658203,624300,0.0,0.0
2021-01-08 00:00:00-05:00,81.44000244140625,83.20999908447266,80.48999786376953,82.08999633789062,653400,0.0,0.0
2021-01-11 00:00:00-05:00,80.56999969482422,84.36000061035156,79.88999938964844,83.55999755859375,680200,0.0,0.0
2021-01-12 00:00:00-05:00,83.16999816894531,84.58999633789062,82.2300033569336,83.68000030517578,723600,0.0,0.0
2021-01-13 00:00:00-05:00,84.36000061035156,84.36000061035156,80.94000244140625,81.1500015258789,501000,0.0,0.0
2021-01-14 00:00:00-05:00,81.48999786376953,85.43000030517578,81.27999877929688,84.91999816894531,1045000,0.0,0.0
2021-01-15 00:00:00-05:00,84.12000274658203,87.37999725341797,84.02999877929688,85.95999908447266,893000,0.0,0.0
2021-01-19 00:00:00-05:00,86.91999816894531,87.0,81.7699966430664,82.83999633789062,642700,0.0,0.0
2021-01-20 00:00:00-05:00,83.5,84.37999725341797,81.0999984741211,81.88999938964844,400000,0.0,0.0
2021-01-21 00:00:00-05:00,82.0999984741211,82.72000122070312,80.86000061035156,82.4000015258789,268900,0.0,0.0
2021-01-22 00:00:00-05:00,81.4800033569336,83.4800033569336,81.4800033569336,83.29000091552734,385500,0.0,0.0
2021-01-25 00:00:00-05:00,83.56999969482422,85.12000274658203,80.75,82.2699966430664,471700,0.0,0.0
2021-01-26 00:00:00-05:00,82.79000091552734,83.30999755859375,80.77999877929688,81.06999969482422,460200,0.0,0.0
2021-01-27 00:00:00-05:00,79.12999725341797,82.81999969482422,76.66999816894531,77.33999633789062,794900,0.0,0.0
2021-01-28 00:00:00-05:00,78.33999633789062,79.30000305175781,76.48999786376953,78.70999908447266,324900,0.0,0.0
2021-01-29 00:00:00-05:00,78.30000305175781,79.23999786376953,75.6500015258789,75.70999908447266,450800,0.0,0.0
2021-02-01 00:00:00-05:00,76.27999877929688,79.25,75.83000183105469,78.62999725341797,836700,0.0,0.0
2021-02-02 00:00:00-05:00,80.36000061035156,81.16000366210938,79.30999755859375,80.91000366210938,581600,0.0,0.0
2021-02-03 00:00:00-05:00,80.69000244140625,81.37000274658203,78.77999877929688,78.83999633789062,326700,0.0,0.0
2021-02-04 00:00:00-05:00,79.08000183105469,80.33999633789062,78.91999816894531,79.83999633789062,740700,0.0,0.0
2021-02-05 00:00:00-05:00,80.98999786376953,83.69999694824219,79.80999755859375,82.01000213623047,953800,0.0,0.0
2021-02-08 00:00:00-05:00,82.5,84.33000183105469,79.0,79.54000091552734,1152200,0.0,0.0
2021-02-09 00:00:00-05:00,76.68000030517578,77.02999877929688,70.93000030517578,73.2300033569336,2392500,0.0,0.0
2021-02-10 00:00:00-05:00,71.25,72.58000183105469,70.66000366210938,71.13999938964844,1191900,0.0,0.0
2021-02-11 00:00:00-05:00,73.11000061035156,74.19999694824219,70.5,71.12000274658203,1092600,0.0,0.0
2021-02-12 00:00:00-05:00,70.29000091552734,72.29000091552734,69.36000061035156,70.93000030517578,756800,0.0,0.0
2021-02-16 00:00:00-05:00,71.41000366210938,71.94000244140625,69.38999938964844,70.88999938964844,732600,0.0,0.0
2021-02-17 00:00:00-05:00,69.91999816894531,70.38999938964844,67.68000030517578,69.91000366210938,965800,0.0,0.0
2021-02-18 00:00:00-05:00,69.87999725341797,70.2300033569336,68.0,68.97000122070312,473600,0.0,0.0
2021-02-19 00:00:00-05:00,69.2699966430664,71.19000244140625,68.72000122070312,70.62999725341797,465200,0.0,0.0
2021-02-22 00:00:00-05:00,69.5,70.66999816894531,67.44999694824219,67.58999633789062,695000,0.0,0.0
2021-02-23 00:00:00-05:00,63.88999938964844,66.19000244140625,62.9900016784668,65.86000061035156,869500,0.0,0.0
2021-02-24 00:00:00-05:00,66.18000030517578,67.68000030517578,65.19000244140625,66.87999725341797,406000,0.0,0.0
2021-02-25 00:00:00-05:00,66.54000091552734,67.91000366210938,62.439998626708984,62.83000183105469,724200,0.0,0.0
2021-02-26 00:00:00-05:00,63.209999084472656,64.66999816894531,61.56999969482422,63.15999984741211,857800,0.0,0.0
2021-03-01 00:00:00-05:00,64.5,66.86000061035156,64.19000244140625,66.04000091552734,585800,0.0,0.0
2021-03-02 00:00:00-05:00,66.33999633789062,66.38999938964844,64.47000122070312,64.55999755859375,527500,0.0,0.0
2021-03-03 00:00:00-05:00,64.81999969482422,65.58999633789062,59.040000915527344,59.119998931884766,1110200,0.0,0.0
2021-03-04 00:00:00-05:00,55.650001525878906,58.130001068115234,53.84000015258789,54.959999084472656,2693700,0.0,0.0
2021-03-05 00:00:00-05:00,55.77000045776367,55.9900016784668,50.77000045776367,52.560001373291016,1534400,0.0,0.0
2021-03-08 00:00:00-05:00,52.189998626708984,52.72999954223633,48.70000076293945,48.849998474121094,1455000,0.0,0.0
2021-03-09 00:00:00-05:00,50.47999954223633,52.72999954223633,50.2400016784668,51.470001220703125,1916100,0.0,0.0
2021-03-10 00:00:00-05:00,52.529998779296875,54.52000045776367,52.529998779296875,54.18000030517578,882900,0.0,0.0
2021-03-11 00:00:00-05:00,55.650001525878906,57.209999084472656,55.22999954223633,57.11000061035156,1037900,0.0,0.0
2021-03-12 00:00:00-05:00,56.15999984741211,57.08000183105469,55.0,55.959999084472656,667400,0.0,0.0
2021-03-15 00:00:00-04:00,55.90999984741211,57.619998931884766,54.97999954223633,56.45000076293945,662000,0.0,0.0
2021-03-16 00:00:00-04:00,57.0,57.04999923706055,55.34000015258789,55.79999923706055,385300,0.0,0.0
2021-03-17 00:00:00-04:00,54.560001373291016,55.869998931884766,53.06999969482422,55.630001068115234,1250600,0.0,0.0
2021-03-18 00:00:00-04:00,55.0,56.11000061035156,54.04999923706055,54.619998931884766,696700,0.0,0.0
2021-03-19 00:00:00-04:00,57.349998474121094,57.349998474121094,53.70000076293945,53.95000076293945,2002100,0.0,0.0
2021-03-22 00:00:00-04:00,53.599998474121094,54.0,52.099998474121094,52.93000030517578,798900,0.0,0.0
2021-03-23 00:00:00-04:00,52.47999954223633,52.93000030517578,51.22999954223633,51.5,695300,0.0,0.0
2021-03-24 00:00:00-04:00,51.52000045776367,51.95000076293945,49.83000183105469,49.880001068115234,622600,0.0,0.0
2021-03-25 00:00:00-04:00,49.220001220703125,52.09000015258789,49.20000076293945,51.75,672700,0.0,0.0
2021-03-26 00:00:00-04:00,51.849998474121094,53.060001373291016,50.91999816894531,53.0,445900,0.0,0.0
2021-03-29 00:00:00-04:00,52.58000183105469,53.61000061035156,50.63999938964844,50.650001525878906,666200,0.0,0.0
2021-03-30 00:00:00-04:00,50.77000045776367,51.689998626708984,49.869998931884766,50.709999084472656,430600,0.0,0.0
2021-03-31 00:00:00-04:00,51.0,52.75,51.0,51.880001068115234,510500,0.0,0.0
2021-04-01 00:00:00-04:00,52.560001373291016,53.70000076293945,52.220001220703125,53.060001373291016,625300,0.0,0.0
2021-04-05 00:00:00-04:00,53.779998779296875,53.88999938964844,52.189998626708984,53.599998474121094,496200,0.0,0.0
2021-04-06 00:00:00-04:00,53.06999969482422,53.349998474121094,52.06999969482422,52.130001068115234,507700,0.0,0.0
2021-04-07 00:00:00-04:00,53.27000045776367,53.27000045776367,51.4900016784668,51.70000076293945,352800,0.0,0.0
2021-04-08 00:00:00-04:00,52.43000030517578,53.619998931884766,52.06999969482422,52.970001220703125,569100,0.0,0.0
2021-04-09 00:00:00-04:00,52.97999954223633,52.97999954223633,50.84000015258789,51.09000015258789,460300,0.0,0.0
2021-04-12 00:00:00-04:00,50.65999984741211,51.08000183105469,49.689998626708984,50.56999969482422,519100,0.0,0.0
2021-04-13 00:00:00-04:00,50.84000015258789,51.31999969482422,49.63999938964844,50.20000076293945,841000,0.0,0.0
2021-04-14 00:00:00-04:00,50.45000076293945,51.86000061035156,49.790000915527344,50.0,762500,0.0,0.0
2021-04-15 00:00:00-04:00,51.02000045776367,51.20000076293945,50.0,50.88999938964844,508800,0.0,0.0
2021-04-16 00:00:00-04:00,51.16999816894531,51.220001220703125,49.34000015258789,49.349998474121094,510600,0.0,0.0
2021-04-19 00:00:00-04:00,48.9900016784668,49.45000076293945,47.5,48.439998626708984,612000,0.0,0.0
2021-04-20 00:00:00-04:00,48.20000076293945,48.709999084472656,46.15999984741211,46.650001525878906,957900,0.0,0.0
2021-04-21 00:00:00-04:00,46.47999954223633,47.40999984741211,46.38999938964844,47.290000915527344,794800,0.0,0.0
2021-04-22 00:00:00-04:00,47.93000030517578,49.41999816894531,47.43000030517578,48.130001068115234,635000,0.0,0.0
2021-04-23 00:00:00-04:00,48.08000183105469,49.310001373291016,47.959999084472656,49.16999816894531,537600,0.0,0.0
2021-04-26 00:00:00-04:00,49.290000915527344,50.380001068115234,48.880001068115234,50.150001525878906,887300,0.0,0.0
2021-04-27 00:00:00-04:00,49.65999984741211,50.220001220703125,49.25,49.630001068115234,510100,0.0,0.0
2021-04-28 00:00:00-04:00,49.130001068115234,50.25,48.630001068115234,50.2400016784668,471000,0.0,0.0
2021-04-29 00:00:00-04:00,50.5,50.790000915527344,49.58000183105469,50.16999816894531,469400,0.0,0.0
2021-04-30 00:00:00-04:00,49.290000915527344,49.720001220703125,48.52000045776367,48.97999954223633,622700,0.0,0.0
2021-05-03 00:00:00-04:00,49.560001373291016,49.869998931884766,48.29999923706055,48.88999938964844,501100,0.0,0.0
2021-05-04 00:00:00-04:00,48.619998931884766,48.7400016784668,46.90999984741211,48.25,634900,0.0,0.0
2021-05-05 00:00:00-04:00,48.650001525878906,49.16999816894531,47.27000045776367,47.83000183105469,659000,0.0,0.0
2021-05-06 00:00:00-04:00,47.900001525878906,48.130001068115234,46.20000076293945,48.08000183105469,779500,0.0,0.0
2021-05-07 00:00:00-04:00,48.470001220703125,49.7400016784668,48.470001220703125,49.54999923706055,928900,0.0,0.0
2021-05-10 00:00:00-04:00,49.029998779296875,49.290000915527344,46.5099983215332,46.75,1093400,0.0,0.0
2021-05-11 00:00:00-04:00,45.04999923706055,47.33000183105469,45.0,47.029998779296875,475600,0.0,0.0
2021-05-12 00:00:00-04:00,46.119998931884766,46.59000015258789,44.9900016784668,45.4900016784668,1284500,0.0,0.0
2021-05-13 00:00:00-04:00,46.2400016784668,48.7400016784668,46.20000076293945,48.45000076293945,1211800,0.0,0.0
2021-05-14 00:00:00-04:00,49.18000030517578,50.56999969482422,48.849998474121094,50.060001373291016,736400,0.0,0.0
2021-05-17 00:00:00-04:00,49.130001068115234,49.20000076293945,46.369998931884766,46.61000061035156,492700,0.0,0.0
2021-05-18 00:00:00-04:00,46.720001220703125,47.790000915527344,46.720001220703125,46.9900016784668,384700,0.0,0.0
2021-05-19 00:00:00-04:00,45.970001220703125,47.0099983215332,45.68000030517578,46.470001220703125,341900,0.0,0.0
2021-05-20 00:00:00-04:00,46.810001373291016,47.40999984741211,46.68000030517578,47.130001068115234,278300,0.0,0.0
2021-05-21 00:00:00-04:00,47.779998779296875,47.849998474121094,47.16999816894531,47.47999954223633,373400,0.0,0.0
2021-05-24 00:00:00-04:00,47.439998626708984,48.119998931884766,47.15999984741211,47.4900016784668,360100,0.0,0.0
2021-05-25 00:00:00-04:00,47.58000183105469,48.2400016784668,47.11000061035156,47.189998626708984,377500,0.0,0.0
2021-05-26 00:00:00-04:00,48.02000045776367,50.06999969482422,47.810001373291016,48.459999084472656,787200,0.0,0.0
2021-05-27 00:00:00-04:00,48.0099983215332,49.939998626708984,47.5,49.65999984741211,745200,0.0,0.0
2021-05-28 00:00:00-04:00,49.77000045776367,50.900001525878906,49.060001373291016,50.2400016784668,735100,0.0,0.0
2021-06-01 00:00:00-04:00,49.970001220703125,50.27000045776367,48.7599983215332,49.470001220703125,588000,0.0,0.0
2021-06-02 00:00:00-04:00,49.5099983215332,50.2400016784668,48.529998779296875,48.970001220703125,1273800,0.0,0.0
2021-06-03 00:00:00-04:00,48.43000030517578,49.58000183105469,48.13999938964844,49.04999923706055,578500,0.0,0.0
2021-06-04 00:00:00-04:00,49.209999084472656,49.4900016784668,48.88999938964844,49.08000183105469,414400,0.0,0.0
2021-06-07 00:00:00-04:00,49.02000045776367,50.20000076293945,48.88999938964844,49.95000076293945,606400,0.0,0.0
2021-06-08 00:00:00-04:00,50.459999084472656,50.77000045776367,49.81999969482422,50.029998779296875,1074300,0.0,0.0
2021-06-09 00:00:00-04:00,50.40999984741211,50.470001220703125,48.18000030517578,48.22999954223633,555100,0.0,0.0
2021-06-10 00:00:00-04:00,48.16999816894531,48.63999938964844,47.72999954223633,48.36000061035156,521400,0.0,0.0
2021-06-11 00:00:00-04:00,47.709999084472656,47.83000183105469,41.209999084472656,41.75,6966100,0.0,0.0
2021-06-14 00:00:00-04:00,42.11000061035156,42.779998779296875,41.86000061035156,42.290000915527344,2490100,0.0,0.0
2021-06-15 00:00:00-04:00,42.369998931884766,43.54999923706055,42.2599983215332,42.849998474121094,1831400,0.0,0.0
2021-06-16 00:00:00-04:00,42.83000183105469,43.099998474121094,41.119998931884766,41.70000076293945,1249300,0.0,0.0
2021-06-17 00:00:00-04:00,42.04999923706055,43.43000030517578,41.849998474121094,42.45000076293945,1147700,0.0,0.0
2021-06-18 00:00:00-04:00,42.0099983215332,43.15999984741211,41.43000030517578,41.5,1830700,0.0,0.0
2021-06-21 00:00:00-04:00,41.54999923706055,42.2400016784668,40.70000076293945,41.97999954223633,990500,0.0,0.0
2021-06-22 00:00:00-04:00,41.65999984741211,44.349998474121094,41.5,44.29999923706055,1207500,0.0,0.0
2021-06-23 00:00:00-04:00,44.31999969482422,45.380001068115234,44.15999984741211,44.900001525878906,938700,0.0,0.0
2021-06-24 00:00:00-04:00,45.529998779296875,49.95000076293945,45.400001525878906,47.75,2516700,0.0,0.0
2021-06-25 00:00:00-04:00,47.56999969482422,49.88999938964844,46.880001068115234,49.650001525878906,3871600,0.0,0.0
2021-06-28 00:00:00-04:00,49.97999954223633,50.25,47.11000061035156,47.72999954223633,884900,0.0,0.0
2021-06-29 00:00:00-04:00,47.88999938964844,48.29999923706055,47.33000183105469,47.380001068115234,570700,0.0,0.0
2021-06-30 00:00:00-04:00,47.09000015258789,47.279998779296875,46.08000183105469,46.849998474121094,768300,0.0,0.0
2021-07-01 00:00:00-04:00,47.29999923706055,47.349998474121094,46.619998931884766,46.900001525878906,578600,0.0,0.0
2021-07-02 00:00:00-04:00,47.25,47.470001220703125,45.119998931884766,45.150001525878906,667000,0.0,0.0
2021-07-06 00:00:00-04:00,45.27000045776367,46.220001220703125,45.099998474121094,45.83000183105469,539400,0.0,0.0
2021-07-07 00:00:00-04:00,45.790000915527344,46.09000015258789,44.060001373291016,44.11000061035156,484700,0.0,0.0
2021-07-08 00:00:00-04:00,42.90999984741211,43.93000030517578,42.56999969482422,43.16999816894531,480800,0.0,0.0
2021-07-09 00:00:00-04:00,43.43000030517578,44.029998779296875,42.93000030517578,43.869998931884766,309200,0.0,0.0
2021-07-12 00:00:00-04:00,44.11000061035156,44.11000061035156,42.7400016784668,42.790000915527344,413100,0.0,0.0
2021-07-13 00:00:00-04:00,42.209999084472656,42.5099983215332,41.04999923706055,41.16999816894531,658500,0.0,0.0
2021-07-14 00:00:00-04:00,41.150001525878906,41.58000183105469,39.13999938964844,39.380001068115234,939600,0.0,0.0
2021-07-15 00:00:00-04:00,39.369998931884766,40.31999969482422,38.86000061035156,39.630001068115234,642800,0.0,0.0
2021-07-16 00:00:00-04:00,40.08000183105469,40.689998626708984,39.720001220703125,39.849998474121094,727100,0.0,0.0
2021-07-19 00:00:00-04:00,39.0,40.88999938964844,38.59000015258789,40.150001525878906,772900,0.0,0.0
2021-07-20 00:00:00-04:00,40.209999084472656,41.099998474121094,39.54999923706055,40.56999969482422,813700,0.0,0.0
2021-07-21 00:00:00-04:00,40.63999938964844,41.900001525878906,40.5099983215332,41.77000045776367,617900,0.0,0.0
2021-07-22 00:00:00-04:00,41.5099983215332,41.650001525878906,40.880001068115234,40.91999816894531,262000,0.0,0.0
2021-07-23 00:00:00-04:00,41.5099983215332,41.88999938964844,40.91999816894531,41.38999938964844,275800,0.0,0.0
2021-07-26 00:00:00-04:00,41.68000030517578,41.68000030517578,40.529998779296875,40.79999923706055,332800,0.0,0.0
2021-07-27 00:00:00-04:00,40.369998931884766,40.709999084472656,39.400001525878906,39.93000030517578,442300,0.0,0.0
2021-07-28 00:00:00-04:00,40.5,40.72999954223633,40.040000915527344,40.349998474121094,442700,0.0,0.0
2021-07-29 00:00:00-04:00,40.650001525878906,41.060001373291016,40.220001220703125,40.31999969482422,258600,0.0,0.0
2021-07-30 00:00:00-04:00,39.77000045776367,40.56999969482422,39.720001220703125,40.0099983215332,333300,0.0,0.0
2021-08-02 00:00:00-04:00,40.31999969482422,40.47999954223633,39.43000030517578,39.880001068115234,405900,0.0,0.0
2021-08-03 00:00:00-04:00,39.83000183105469,40.02000045776367,39.18000030517578,39.66999816894531,407900,0.0,0.0
2021-08-04 00:00:00-04:00,39.220001220703125,39.7400016784668,38.599998474121094,38.65999984741211,460300,0.0,0.0
2021-08-05 00:00:00-04:00,38.63999938964844,39.77000045776367,38.5,38.83000183105469,421000,0.0,0.0
2021-08-06 00:00:00-04:00,43.11000061035156,48.83000183105469,43.099998474121094,47.470001220703125,2813900,0.0,0.0
2021-08-09 00:00:00-04:00,47.52000045776367,48.22999954223633,46.25,46.77000045776367,1118600,0.0,0.0
2021-08-10 00:00:00-04:00,46.849998474121094,47.279998779296875,45.61000061035156,47.25,601700,0.0,0.0
2021-08-11 00:00:00-04:00,47.47999954223633,48.0,46.4900016784668,47.529998779296875,526800,0.0,0.0
2021-08-12 00:00:00-04:00,46.869998931884766,47.70000076293945,46.70000076293945,47.02000045776367,421100,0.0,0.0
2021-08-13 00:00:00-04:00,46.619998931884766,47.2400016784668,45.529998779296875,45.56999969482422,389100,0.0,0.0
2021-08-16 00:00:00-04:00,44.970001220703125,45.599998474121094,44.040000915527344,44.86000061035156,310600,0.0,0.0
2021-08-17 00:00:00-04:00,44.150001525878906,44.720001220703125,43.189998626708984,44.0099983215332,459600,0.0,0.0
2021-08-18 00:00:00-04:00,44.25,45.36000061035156,44.029998779296875,44.13999938964844,255300,0.0,0.0
2021-08-19 00:00:00-04:00,43.650001525878906,44.880001068115234,43.630001068115234,44.209999084472656,341900,0.0,0.0
2021-08-20 00:00:00-04:00,44.040000915527344,45.27000045776367,44.040000915527344,44.720001220703125,487300,0.0,0.0
2021-08-23 00:00:00-04:00,44.599998474121094,45.349998474121094,44.29999923706055,44.93000030517578,313000,0.0,0.0
2021-08-24 00:00:00-04:00,45.38999938964844,45.58000183105469,44.88999938964844,45.2599983215332,230900,0.0,0.0
2021-08-25 00:00:00-04:00,45.27000045776367,45.4900016784668,44.83000183105469,45.15999984741211,282100,0.0,0.0
2021-08-26 00:00:00-04:00,44.7599983215332,45.2400016784668,44.33000183105469,44.63999938964844,255400,0.0,0.0
2021-08-27 00:00:00-04:00,44.720001220703125,47.04999923706055,44.68000030517578,47.0099983215332,445800,0.0,0.0
2021-08-30 00:00:00-04:00,47.47999954223633,49.04999923706055,47.33000183105469,48.939998626708984,606200,0.0,0.0
2021-08-31 00:00:00-04:00,48.95000076293945,49.47999954223633,48.16999816894531,49.0,566200,0.0,0.0
2021-09-01 00:00:00-04:00,49.29999923706055,50.529998779296875,49.02000045776367,50.060001373291016,350200,0.0,0.0
2021-09-02 00:00:00-04:00,50.119998931884766,51.27000045776367,50.11000061035156,51.25,399300,0.0,0.0
2021-09-03 00:00:00-04:00,50.689998626708984,51.9900016784668,50.400001525878906,51.15999984741211,296300,0.0,0.0
2021-09-07 00:00:00-04:00,51.209999084472656,51.290000915527344,50.45000076293945,50.68000030517578,354900,0.0,0.0
2021-09-08 00:00:00-04:00,50.29999923706055,50.439998626708984,48.86000061035156,49.189998626708984,453200,0.0,0.0
2021-09-09 00:00:00-04:00,49.189998626708984,50.13999938964844,48.66999816894531,50.0099983215332,370100,0.0,0.0
2021-09-10 00:00:00-04:00,50.11000061035156,50.970001220703125,50.0,50.29999923706055,666200,0.0,0.0
2021-09-13 00:00:00-04:00,50.5,50.9900016784668,49.369998931884766,50.20000076293945,634600,0.0,0.0
2021-09-14 00:00:00-04:00,50.38999938964844,51.18000030517578,49.97999954223633,51.099998474121094,523700,0.0,0.0
2021-09-15 00:00:00-04:00,51.36000061035156,51.52000045776367,47.869998931884766,47.95000076293945,1049300,0.0,0.0
2021-09-16 00:00:00-04:00,47.79999923706055,49.0,47.5,48.91999816894531,500600,0.0,0.0
2021-09-17 00:00:00-04:00,49.2400016784668,49.68000030517578,47.83000183105469,47.90999984741211,1256200,0.0,0.0
2021-09-20 00:00:00-04:00,46.75,47.36000061035156,44.849998474121094,45.380001068115234,450900,0.0,0.0
2021-09-21 00:00:00-04:00,45.45000076293945,46.2400016784668,45.04999923706055,45.41999816894531,313500,0.0,0.0
2021-09-22 00:00:00-04:00,46.38999938964844,47.15999984741211,45.630001068115234,47.119998931884766,448800,0.0,0.0
2021-09-23 00:00:00-04:00,47.27000045776367,48.84000015258789,47.22999954223633,48.79999923706055,334000,0.0,0.0
2021-09-24 00:00:00-04:00,48.529998779296875,49.209999084472656,47.900001525878906,48.97999954223633,274300,0.0,0.0
2021-09-27 00:00:00-04:00,48.630001068115234,49.20000076293945,47.90999984741211,48.9900016784668,280900,0.0,0.0
2021-09-28 00:00:00-04:00,48.650001525878906,48.90999984741211,46.06999969482422,46.15999984741211,349200,0.0,0.0
2021-09-29 00:00:00-04:00,46.54999923706055,46.650001525878906,45.380001068115234,46.029998779296875,285700,0.0,0.0
2021-09-30 00:00:00-04:00,46.529998779296875,47.939998626708984,46.33000183105469,47.22999954223633,366100,0.0,0.0
2021-10-01 00:00:00-04:00,47.4900016784668,48.2400016784668,46.83000183105469,47.9900016784668,284800,0.0,0.0
2021-10-04 00:00:00-04:00,48.04999923706055,48.04999923706055,45.72999954223633,45.959999084472656,290000,0.0,0.0
2021-10-05 00:00:00-04:00,45.7599983215332,46.959999084472656,45.7599983215332,46.189998626708984,238400,0.0,0.0
2021-10-06 00:00:00-04:00,45.2400016784668,46.18000030517578,45.22999954223633,46.150001525878906,238600,0.0,0.0
2021-10-07 00:00:00-04:00,46.75,48.83000183105469,46.75,48.310001373291016,484000,0.0,0.0
2021-10-08 00:00:00-04:00,48.63999938964844,49.0,47.90999984741211,48.5,162400,0.0,0.0
2021-10-11 00:00:00-04:00,48.16999816894531,49.58000183105469,48.16999816894531,49.22999954223633,341800,0.0,0.0
2021-10-12 00:00:00-04:00,49.470001220703125,51.439998626708984,49.279998779296875,51.06999969482422,498500,0.0,0.0
2021-10-13 00:00:00-04:00,51.16999816894531,51.880001068115234,50.029998779296875,50.63999938964844,336600,0.0,0.0
2021-10-14 00:00:00-04:00,51.31999969482422,52.959999084472656,50.709999084472656,52.88999938964844,314300,0.0,0.0
2021-10-15 00:00:00-04:00,53.900001525878906,54.779998779296875,53.279998779296875,53.66999816894531,642600,0.0,0.0
2021-10-18 00:00:00-04:00,53.02000045776367,54.099998474121094,52.119998931884766,52.439998626708984,384300,0.0,0.0
2021-10-19 00:00:00-04:00,52.41999816894531,53.95000076293945,52.040000915527344,53.470001220703125,385600,0.0,0.0
2021-10-20 00:00:00-04:00,53.349998474121094,53.45000076293945,52.40999984741211,52.77000045776367,230000,0.0,0.0
2021-10-21 00:00:00-04:00,52.31999969482422,53.27000045776367,52.189998626708984,52.95000076293945,177700,0.0,0.0
2021-10-22 00:00:00-04:00,51.97999954223633,52.75,51.36000061035156,51.720001220703125,399400,0.0,0.0
2021-10-25 00:00:00-04:00,52.099998474121094,52.88999938964844,51.59000015258789,52.400001525878906,335200,0.0,0.0
2021-10-26 00:00:00-04:00,52.7599983215332,54.02000045776367,52.20000076293945,52.849998474121094,319800,0.0,0.0
2021-10-27 00:00:00-04:00,52.20000076293945,52.86000061035156,51.81999969482422,51.95000076293945,256700,0.0,0.0
2021-10-28 00:00:00-04:00,52.130001068115234,53.349998474121094,51.81999969482422,52.88999938964844,464600,0.0,0.0
2021-10-29 00:00:00-04:00,52.689998626708984,53.72999954223633,52.689998626708984,53.5099983215332,307400,0.0,0.0
2021-11-01 00:00:00-04:00,53.5099983215332,55.290000915527344,53.16999816894531,54.959999084472656,593700,0.0,0.0
2021-11-02 00:00:00-04:00,55.11000061035156,56.45000076293945,53.130001068115234,53.2599983215332,751500,0.0,0.0
2021-11-03 00:00:00-04:00,56.90999984741211,58.7400016784668,55.36000061035156,57.2400016784668,1298200,0.0,0.0
2021-11-04 00:00:00-04:00,57.34000015258789,58.47999954223633,56.0,56.290000915527344,617100,0.0,0.0
2021-11-05 00:00:00-04:00,57.27000045776367,58.45000076293945,55.09000015258789,55.31999969482422,425300,0.0,0.0
2021-11-08 00:00:00-05:00,55.880001068115234,57.20000076293945,54.7400016784668,55.099998474121094,380300,0.0,0.0
2021-11-09 00:00:00-05:00,55.0,55.349998474121094,53.349998474121094,53.560001373291016,324100,0.0,0.0
2021-11-10 00:00:00-05:00,53.310001373291016,54.209999084472656,52.56999969482422,53.220001220703125,334700,0.0,0.0
2021-11-11 00:00:00-05:00,53.220001220703125,54.79999923706055,53.099998474121094,54.72999954223633,319300,0.0,0.0
2021-11-12 00:00:00-05:00,55.0,55.77000045776367,55.0,55.40999984741211,311600,0.0,0.0
2021-11-15 00:00:00-05:00,55.779998779296875,56.31999969482422,54.900001525878906,55.22999954223633,423300,0.0,0.0
2021-11-16 00:00:00-05:00,54.380001068115234,55.65999984741211,54.0099983215332,55.20000076293945,268800,0.0,0.0
2021-11-17 00:00:00-05:00,54.810001373291016,55.97999954223633,54.2400016784668,55.650001525878906,528300,0.0,0.0
2021-11-18 00:00:00-05:00,55.81999969482422,55.81999969482422,53.43000030517578,53.75,324400,0.0,0.0
2021-11-19 00:00:00-05:00,53.16999816894531,54.189998626708984,52.349998474121094,52.689998626708984,277600,0.0,0.0
2021-11-22 00:00:00-05:00,53.0099983215332,53.439998626708984,51.0,52.130001068115234,338800,0.0,0.0
2021-11-23 00:00:00-05:00,51.619998931884766,52.7599983215332,50.040000915527344,50.349998474121094,296700,0.0,0.0
2021-11-24 00:00:00-05:00,50.0,50.290000915527344,48.900001525878906,49.779998779296875,421800,0.0,0.0
2021-11-26 00:00:00-05:00,48.189998626708984,49.720001220703125,47.540000915527344,48.18000030517578,222800,0.0,0.0
2021-11-29 00:00:00-05:00,48.95000076293945,49.369998931884766,46.790000915527344,47.33000183105469,310700,0.0,0.0
2021-11-30 00:00:00-05:00,46.869998931884766,47.720001220703125,45.61000061035156,46.93000030517578,384200,0.0,0.0
2021-12-01 00:00:00-05:00,48.0,48.0,43.72999954223633,43.779998779296875,705100,0.0,0.0
2021-12-02 00:00:00-05:00,43.77000045776367,46.16999816894531,43.22999954223633,45.459999084472656,427500,0.0,0.0
2021-12-03 00:00:00-05:00,45.2400016784668,45.2400016784668,44.27000045776367,44.77000045776367,440100,0.0,0.0
2021-12-06 00:00:00-05:00,45.459999084472656,46.66999816894531,44.310001373291016,46.459999084472656,350000,0.0,0.0
2021-12-07 00:00:00-05:00,47.29999923706055,48.380001068115234,46.75,48.04999923706055,341900,0.0,0.0
2021-12-08 00:00:00-05:00,48.099998474121094,50.86000061035156,47.18000030517578,50.2400016784668,433300,0.0,0.0
2021-12-09 00:00:00-05:00,49.459999084472656,50.25,48.220001220703125,48.779998779296875,371300,0.0,0.0
2021-12-10 00:00:00-05:00,49.16999816894531,49.75,48.040000915527344,48.209999084472656,282700,0.0,0.0
2021-12-13 00:00:00-05:00,48.25,48.34000015258789,46.41999816894531,47.25,276200,0.0,0.0
2021-12-14 00:00:00-05:00,46.75,47.880001068115234,46.47999954223633,47.13999938964844,250600,0.0,0.0
2021-12-15 00:00:00-05:00,47.15999984741211,47.41999816894531,45.2400016784668,47.349998474121094,554600,0.0,0.0
2021-12-16 00:00:00-05:00,47.66999816894531,47.81999969482422,44.849998474121094,45.060001373291016,652000,0.0,0.0
2021-12-17 00:00:00-05:00,44.290000915527344,46.189998626708984,44.09000015258789,45.619998931884766,1222400,0.0,0.0
2021-12-20 00:00:00-05:00,44.7599983215332,45.83000183105469,44.09000015258789,45.689998626708984,632800,0.0,0.0
2021-12-21 00:00:00-05:00,46.11000061035156,48.04999923706055,46.11000061035156,47.86000061035156,419600,0.0,0.0
2021-12-22 00:00:00-05:00,47.83000183105469,48.22999954223633,47.08000183105469,47.83000183105469,244600,0.0,0.0
2021-12-23 00:00:00-05:00,47.83000183105469,48.97999954223633,46.83000183105469,48.81999969482422,234600,0.0,0.0
2021-12-27 00:00:00-05:00,48.869998931884766,49.0099983215332,48.25,48.959999084472656,181900,0.0,0.0
2021-12-28 00:00:00-05:00,48.720001220703125,49.400001525878906,47.75,47.79999923706055,159300,0.0,0.0
2021-12-29 00:00:00-05:00,47.599998474121094,47.91999816894531,47.11000061035156,47.66999816894531,157200,0.0,0.0
2021-12-30 00:00:00-05:00,47.77000045776367,49.90999984741211,47.369998931884766,49.06999969482422,207900,0.0,0.0
2021-12-31 00:00:00-05:00,48.95000076293945,49.33000183105469,47.869998931884766,47.95000076293945,271500,0.0,0.0
2022-01-03 00:00:00-05:00,48.41999816894531,50.880001068115234,47.790000915527344,50.7400016784668,310600,0.0,0.0
2022-01-04 00:00:00-05:00,50.689998626708984,51.08000183105469,48.2400016784668,48.7599983215332,313900,0.0,0.0
2022-01-05 00:00:00-05:00,48.400001525878906,48.65999984741211,46.400001525878906,46.45000076293945,277100,0.0,0.0
2022-01-06 00:00:00-05:00,46.5,47.58000183105469,45.45000076293945,46.47999954223633,281800,0.0,0.0
2022-01-07 00:00:00-05:00,46.29999923706055,47.720001220703125,45.79999923706055,45.84000015258789,200100,0.0,0.0
2022-01-10 00:00:00-05:00,45.08000183105469,46.220001220703125,44.4900016784668,46.189998626708984,292400,0.0,0.0
2022-01-11 00:00:00-05:00,46.220001220703125,48.119998931884766,45.790000915527344,47.619998931884766,281400,0.0,0.0
2022-01-12 00:00:00-05:00,47.68000030517578,48.130001068115234,45.439998626708984,46.279998779296875,231200,0.0,0.0
2022-01-13 00:00:00-05:00,46.4900016784668,47.40999984741211,45.68000030517578,46.0,272600,0.0,0.0
2022-01-14 00:00:00-05:00,45.36000061035156,46.29999923706055,44.130001068115234,44.81999969482422,300900,0.0,0.0
2022-01-18 00:00:00-05:00,43.95000076293945,45.15999984741211,43.720001220703125,44.439998626708984,362400,0.0,0.0
2022-01-19 00:00:00-05:00,44.310001373291016,45.900001525878906,43.91999816894531,44.189998626708984,284600,0.0,0.0
2022-01-20 00:00:00-05:00,44.4900016784668,45.939998626708984,44.22999954223633,44.38999938964844,287300,0.0,0.0
2022-01-21 00:00:00-05:00,44.40999984741211,44.90999984741211,42.779998779296875,42.779998779296875,398700,0.0,0.0
2022-01-24 00:00:00-05:00,41.95000076293945,44.0,41.040000915527344,43.939998626708984,437300,0.0,0.0
2022-01-25 00:00:00-05:00,43.369998931884766,43.900001525878906,42.0,42.66999816894531,290900,0.0,0.0
2022-01-26 00:00:00-05:00,43.83000183105469,44.189998626708984,41.869998931884766,41.93000030517578,351000,0.0,0.0
2022-01-27 00:00:00-05:00,42.81999969482422,42.869998931884766,40.77000045776367,40.810001373291016,285000,0.0,0.0
2022-01-28 00:00:00-05:00,40.939998626708984,42.880001068115234,39.97999954223633,42.849998474121094,354500,0.0,0.0
2022-01-31 00:00:00-05:00,42.7400016784668,44.72999954223633,42.7400016784668,44.650001525878906,446700,0.0,0.0
2022-02-01 00:00:00-05:00,44.95000076293945,44.95000076293945,43.540000915527344,44.599998474121094,308100,0.0,0.0
2022-02-02 00:00:00-05:00,44.790000915527344,44.790000915527344,42.900001525878906,43.209999084472656,349900,0.0,0.0
2022-02-03 00:00:00-05:00,41.77000045776367,42.27000045776367,41.11000061035156,41.869998931884766,469200,0.0,0.0
2022-02-04 00:00:00-05:00,41.709999084472656,44.22999954223633,41.36000061035156,43.38999938964844,398900,0.0,0.0
2022-02-07 00:00:00-05:00,43.279998779296875,44.91999816894531,43.029998779296875,43.939998626708984,279900,0.0,0.0
2022-02-08 00:00:00-05:00,43.5099983215332,44.560001373291016,43.5099983215332,44.529998779296875,348000,0.0,0.0
2022-02-09 00:00:00-05:00,45.0099983215332,45.20000076293945,43.5,44.43000030517578,560800,0.0,0.0
2022-02-10 00:00:00-05:00,43.0,45.290000915527344,40.349998474121094,41.650001525878906,1384200,0.0,0.0
2022-02-11 00:00:00-05:00,41.939998626708984,44.61000061035156,41.459999084472656,42.869998931884766,687800,0.0,0.0
2022-02-14 00:00:00-05:00,42.779998779296875,43.790000915527344,42.5,42.599998474121094,520700,0.0,0.0
2022-02-15 00:00:00-05:00,42.40999984741211,43.2599983215332,41.02000045776367,41.68000030517578,477100,0.0,0.0
2022-02-16 00:00:00-05:00,40.97999954223633,42.040000915527344,40.4900016784668,41.7400016784668,515500,0.0,0.0
2022-02-17 00:00:00-05:00,41.2400016784668,41.45000076293945,40.15999984741211,40.2400016784668,330600,0.0,0.0
2022-02-18 00:00:00-05:00,40.099998474121094,40.7599983215332,38.61000061035156,40.099998474121094,812900,0.0,0.0
2022-02-22 00:00:00-05:00,39.84000015258789,41.84000015258789,39.45000076293945,39.869998931884766,417700,0.0,0.0
2022-02-23 00:00:00-05:00,40.060001373291016,40.060001373291016,38.43000030517578,38.59000015258789,467700,0.0,0.0
2022-02-24 00:00:00-05:00,37.470001220703125,41.560001373291016,37.0099983215332,41.38999938964844,389500,0.0,0.0
2022-02-25 00:00:00-05:00,41.540000915527344,42.439998626708984,40.619998931884766,42.40999984741211,375200,0.0,0.0
2022-02-28 00:00:00-05:00,41.65999984741211,43.540000915527344,41.65999984741211,43.15999984741211,436300,0.0,0.0
2022-03-01 00:00:00-05:00,43.08000183105469,43.849998474121094,42.66999816894531,43.099998474121094,392800,0.0,0.0
2022-03-02 00:00:00-05:00,43.33000183105469,43.540000915527344,42.400001525878906,43.36000061035156,298900,0.0,0.0
2022-03-03 00:00:00-05:00,43.9900016784668,44.0,41.91999816894531,42.540000915527344,532200,0.0,0.0
2022-03-04 00:00:00-05:00,42.040000915527344,42.40999984741211,40.779998779296875,41.029998779296875,467800,0.0,0.0
2022-03-07 00:00:00-05:00,41.220001220703125,41.400001525878906,39.0,39.04999923706055,583800,0.0,0.0
2022-03-08 00:00:00-05:00,38.88999938964844,38.88999938964844,36.689998626708984,36.970001220703125,576400,0.0,0.0
2022-03-09 00:00:00-05:00,37.65999984741211,38.529998779296875,37.27000045776367,38.18000030517578,404400,0.0,0.0
2022-03-10 00:00:00-05:00,37.279998779296875,37.63999938964844,36.040000915527344,36.810001373291016,383400,0.0,0.0
2022-03-11 00:00:00-05:00,37.18000030517578,37.380001068115234,34.900001525878906,34.959999084472656,601800,0.0,0.0
2022-03-14 00:00:00-04:00,35.029998779296875,35.18000030517578,33.41999816894531,33.84000015258789,623000,0.0,0.0
2022-03-15 00:00:00-04:00,35.27000045776367,36.68000030517578,34.959999084472656,36.36000061035156,603500,0.0,0.0
2022-03-16 00:00:00-04:00,36.97999954223633,38.56999969482422,36.77000045776367,38.0,374800,0.0,0.0
2022-03-17 00:00:00-04:00,37.40999984741211,38.15999984741211,37.099998474121094,37.880001068115234,702400,0.0,0.0
2022-03-18 00:00:00-04:00,38.04999923706055,39.7599983215332,37.310001373291016,39.06999969482422,2683300,0.0,0.0
2022-03-21 00:00:00-04:00,39.72999954223633,40.099998474121094,38.439998626708984,38.7599983215332,387300,0.0,0.0
2022-03-22 00:00:00-04:00,38.5099983215332,39.560001373291016,38.189998626708984,39.13999938964844,313600,0.0,0.0
2022-03-23 00:00:00-04:00,38.560001373291016,39.2400016784668,37.97999954223633,38.09000015258789,218200,0.0,0.0
2022-03-24 00:00:00-04:00,38.060001373291016,38.529998779296875,37.560001373291016,38.029998779296875,315200,0.0,0.0
2022-03-25 00:00:00-04:00,38.27000045776367,38.27000045776367,37.279998779296875,37.650001525878906,262400,0.0,0.0
2022-03-28 00:00:00-04:00,37.54999923706055,38.150001525878906,36.709999084472656,37.619998931884766,200900,0.0,0.0
2022-03-29 00:00:00-04:00,38.0,39.72999954223633,37.529998779296875,39.47999954223633,385200,0.0,0.0
2022-03-30 00:00:00-04:00,39.34000015258789,39.36000061035156,38.2599983215332,38.47999954223633,305800,0.0,0.0
2022-03-31 00:00:00-04:00,38.2599983215332,38.70000076293945,37.33000183105469,37.38999938964844,321300,0.0,0.0
2022-04-01 00:00:00-04:00,37.4900016784668,38.630001068115234,37.4900016784668,38.540000915527344,428200,0.0,0.0
2022-04-04 00:00:00-04:00,38.68000030517578,39.43000030517578,38.56999969482422,38.88999938964844,363000,0.0,0.0
2022-04-05 00:00:00-04:00,38.68000030517578,39.31999969482422,37.66999816894531,38.77000045776367,424800,0.0,0.0
2022-04-06 00:00:00-04:00,37.97999954223633,38.5,37.4900016784668,38.310001373291016,432300,0.0,0.0
2022-04-07 00:00:00-04:00,38.290000915527344,38.75,37.47999954223633,38.0099983215332,282500,0.0,0.0
2022-04-08 00:00:00-04:00,37.61000061035156,38.7400016784668,37.209999084472656,38.16999816894531,375700,0.0,0.0
2022-04-11 00:00:00-04:00,38.13999938964844,38.439998626708984,37.279998779296875,37.31999969482422,362300,0.0,0.0
2022-04-12 00:00:00-04:00,37.83000183105469,38.25,36.31999969482422,36.369998931884766,386900,0.0,0.0
2022-04-13 00:00:00-04:00,36.369998931884766,37.43000030517578,36.279998779296875,36.959999084472656,507200,0.0,0.0
2022-04-14 00:00:00-04:00,37.099998474121094,37.56999969482422,35.959999084472656,35.97999954223633,362400,0.0,0.0
2022-04-18 00:00:00-04:00,35.70000076293945,36.22999954223633,34.900001525878906,35.59000015258789,355700,0.0,0.0
2022-04-19 00:00:00-04:00,35.54999923706055,37.04999923706055,35.54999923706055,36.650001525878906,308500,0.0,0.0
2022-04-20 00:00:00-04:00,36.869998931884766,36.869998931884766,36.04999923706055,36.09000015258789,248800,0.0,0.0
2022-04-21 00:00:00-04:00,36.459999084472656,36.79999923706055,34.45000076293945,34.59000015258789,277900,0.0,0.0
2022-04-22 00:00:00-04:00,34.41999816894531,35.060001373291016,33.599998474121094,33.689998626708984,309800,0.0,0.0
2022-04-25 00:00:00-04:00,33.349998474121094,34.58000183105469,33.34000015258789,34.540000915527344,478700,0.0,0.0
2022-04-26 00:00:00-04:00,34.130001068115234,34.68000030517578,32.41999816894531,32.470001220703125,353600,0.0,0.0
2022-04-27 00:00:00-04:00,32.45000076293945,32.939998626708984,31.899999618530273,32.209999084472656,360000,0.0,0.0
2022-04-28 00:00:00-04:00,32.689998626708984,33.7599983215332,32.099998474121094,33.45000076293945,257500,0.0,0.0
2022-04-29 00:00:00-04:00,32.689998626708984,33.54999923706055,31.1299991607666,31.31999969482422,504400,0.0,0.0
2022-05-02 00:00:00-04:00,31.350000381469727,31.860000610351562,30.81999969482422,31.5,777200,0.0,0.0
2022-05-03 00:00:00-04:00,31.639999389648438,31.75,30.549999237060547,30.690000534057617,631000,0.0,0.0
2022-05-04 00:00:00-04:00,30.799999237060547,31.459999084472656,29.510000228881836,31.079999923706055,477900,0.0,0.0
2022-05-05 00:00:00-04:00,30.329999923706055,30.559999465942383,28.290000915527344,28.889999389648438,482100,0.0,0.0
2022-05-06 00:00:00-04:00,28.780000686645508,28.959999084472656,27.549999237060547,27.739999771118164,464900,0.0,0.0
2022-05-09 00:00:00-04:00,27.200000762939453,27.579999923706055,26.030000686645508,26.170000076293945,576700,0.0,0.0
2022-05-10 00:00:00-04:00,26.81999969482422,27.040000915527344,25.56999969482422,26.530000686645508,876900,0.0,0.0
2022-05-11 00:00:00-04:00,26.479999542236328,27.110000610351562,25.530000686645508,25.639999389648438,691800,0.0,0.0
2022-05-12 00:00:00-04:00,25.440000534057617,26.290000915527344,25.040000915527344,25.649999618530273,1192600,0.0,0.0
2022-05-13 00:00:00-04:00,26.329999923706055,26.760000228881836,25.6299991607666,26.139999389648438,1056200,0.0,0.0
2022-05-16 00:00:00-04:00,25.809999465942383,26.18000030517578,25.09000015258789,25.309999465942383,830500,0.0,0.0
2022-05-17 00:00:00-04:00,25.75,26.309999465942383,25.219999313354492,25.649999618530273,672500,0.0,0.0
2022-05-18 00:00:00-04:00,25.219999313354492,25.790000915527344,24.90999984741211,25.079999923706055,456700,0.0,0.0
2022-05-19 00:00:00-04:00,24.950000762939453,26.139999389648438,24.56999969482422,25.559999465942383,509800,0.0,0.0
2022-05-20 00:00:00-04:00,25.899999618530273,25.899999618530273,24.479999542236328,25.200000762939453,557800,0.0,0.0
2022-05-23 00:00:00-04:00,25.559999465942383,25.559999465942383,24.68000030517578,25.010000228881836,882800,0.0,0.0
2022-05-24 00:00:00-04:00,24.440000534057617,24.440000534057617,22.75,23.010000228881836,1511400,0.0,0.0
2022-05-25 00:00:00-04:00,22.31999969482422,25.93000030517578,22.31999969482422,25.450000762939453,1750300,0.0,0.0
2022-05-26 00:00:00-04:00,25.469999313354492,26.899999618530273,25.399999618530273,25.940000534057617,981900,0.0,0.0
2022-05-27 00:00:00-04:00,26.389999389648438,26.639999389648438,26.09000015258789,26.3700008392334,1138200,0.0,0.0
2022-05-31 00:00:00-04:00,26.190000534057617,26.68000030517578,25.280000686645508,25.600000381469727,1021600,0.0,0.0
2022-06-01 00:00:00-04:00,25.90999984741211,26.780000686645508,25.3700008392334,25.84000015258789,656300,0.0,0.0
2022-06-02 00:00:00-04:00,25.649999618530273,26.829999923706055,25.440000534057617,26.6200008392334,760500,0.0,0.0
2022-06-03 00:00:00-04:00,26.329999923706055,26.329999923706055,25.739999771118164,26.15999984741211,627900,0.0,0.0
2022-06-06 00:00:00-04:00,27.100000381469727,27.889999389648438,25.979999542236328,26.299999237060547,1356700,0.0,0.0
2022-06-07 00:00:00-04:00,25.690000534057617,26.989999771118164,25.690000534057617,26.829999923706055,966500,0.0,0.0
2022-06-08 00:00:00-04:00,26.799999237060547,27.3700008392334,26.6200008392334,27.110000610351562,852600,0.0,0.0
2022-06-09 00:00:00-04:00,27.049999237060547,27.3799991607666,26.40999984741211,27.0,1004500,0.0,0.0
2022-06-10 00:00:00-04:00,26.469999313354492,27.030000686645508,26.15999984741211,26.25,748300,0.0,0.0
2022-06-13 00:00:00-04:00,25.219999313354492,25.860000610351562,24.780000686645508,25.09000015258789,1088200,0.0,0.0
2022-06-14 00:00:00-04:00,25.219999313354492,25.549999237060547,24.479999542236328,25.299999237060547,1009600,0.0,0.0
2022-06-15 00:00:00-04:00,25.719999313354492,26.959999084472656,25.719999313354492,26.6299991607666,1214100,0.0,0.0
2022-06-16 00:00:00-04:00,25.84000015258789,26.899999618530273,24.989999771118164,25.34000015258789,1334300,0.0,0.0
2022-06-17 00:00:00-04:00,25.559999465942383,26.90999984741211,25.389999389648438,26.5,12678000,0.0,0.0
2022-06-21 00:00:00-04:00,26.75,27.8700008392334,26.600000381469727,27.549999237060547,1121000,0.0,0.0
2022-06-22 00:00:00-04:00,27.25,27.969999313354492,27.25,27.3799991607666,800700,0.0,0.0
2022-06-23 00:00:00-04:00,27.469999313354492,28.719999313354492,27.229999542236328,28.649999618530273,1387200,0.0,0.0
2022-06-24 00:00:00-04:00,28.84000015258789,30.540000915527344,28.739999771118164,30.510000228881836,1700200,0.0,0.0
2022-06-27 00:00:00-04:00,30.56999969482422,30.739999771118164,29.260000228881836,29.3700008392334,678700,0.0,0.0
2022-06-28 00:00:00-04:00,29.549999237060547,29.81999969482422,27.31999969482422,27.350000381469727,1090800,0.0,0.0
2022-06-29 00:00:00-04:00,27.469999313354492,27.469999313354492,25.799999237060547,26.549999237060547,1310800,0.0,0.0
2022-06-30 00:00:00-04:00,26.219999313354492,26.31999969482422,25.6200008392334,25.809999465942383,745500,0.0,0.0
2022-07-01 00:00:00-04:00,25.920000076293945,26.760000228881836,25.760000228881836,26.739999771118164,688800,0.0,0.0
2022-07-05 00:00:00-04:00,26.229999542236328,27.790000915527344,26.0,27.770000457763672,773900,0.0,0.0
2022-07-06 00:00:00-04:00,27.709999084472656,28.010000228881836,27.3799991607666,27.530000686645508,413100,0.0,0.0
2022-07-07 00:00:00-04:00,27.56999969482422,28.3700008392334,27.56999969482422,28.31999969482422,703900,0.0,0.0
2022-07-08 00:00:00-04:00,28.06999969482422,28.510000228881836,27.59000015258789,28.43000030517578,488500,0.0,0.0
2022-07-11 00:00:00-04:00,28.149999618530273,28.31999969482422,27.229999542236328,27.709999084472656,483700,0.0,0.0
2022-07-12 00:00:00-04:00,27.829999923706055,28.3799991607666,27.280000686645508,27.3700008392334,578100,0.0,0.0
2022-07-13 00:00:00-04:00,26.6299991607666,27.040000915527344,26.3799991607666,26.690000534057617,474900,0.0,0.0
2022-07-14 00:00:00-04:00,26.15999984741211,26.450000762939453,25.780000686645508,26.09000015258789,379700,0.0,0.0
2022-07-15 00:00:00-04:00,26.479999542236328,26.68000030517578,25.760000228881836,26.18000030517578,1125600,0.0,0.0
2022-07-18 00:00:00-04:00,26.3700008392334,27.0,25.93000030517578,25.989999771118164,647300,0.0,0.0
2022-07-19 00:00:00-04:00,26.3700008392334,26.93000030517578,26.34000015258789,26.93000030517578,723700,0.0,0.0
2022-07-20 00:00:00-04:00,27.260000228881836,28.739999771118164,27.260000228881836,28.719999313354492,755400,0.0,0.0
2022-07-21 00:00:00-04:00,28.950000762939453,29.079999923706055,28.3700008392334,28.790000915527344,500100,0.0,0.0
2022-07-22 00:00:00-04:00,28.670000076293945,28.690000534057617,27.450000762939453,27.670000076293945,460400,0.0,0.0
2022-07-25 00:00:00-04:00,27.530000686645508,27.59000015258789,27.0,27.239999771118164,388500,0.0,0.0
2022-07-26 00:00:00-04:00,27.100000381469727,27.100000381469727,25.940000534057617,26.049999237060547,458300,0.0,0.0
2022-07-27 00:00:00-04:00,26.479999542236328,27.459999084472656,26.260000228881836,27.280000686645508,399700,0.0,0.0
2022-07-28 00:00:00-04:00,27.139999389648438,27.40999984741211,26.6299991607666,27.06999969482422,352200,0.0,0.0
2022-07-29 00:00:00-04:00,27.139999389648438,27.139999389648438,26.260000228881836,26.610000610351562,384500,0.0,0.0
2022-08-01 00:00:00-04:00,26.3799991607666,27.219999313354492,26.09000015258789,26.920000076293945,456100,0.0,0.0
2022-08-02 00:00:00-04:00,26.610000610351562,27.309999465942383,26.549999237060547,27.110000610351562,408300,0.0,0.0
2022-08-03 00:00:00-04:00,27.56999969482422,28.299999237060547,27.260000228881836,28.079999923706055,604500,0.0,0.0
2022-08-04 00:00:00-04:00,28.079999923706055,28.559999465942383,27.780000686645508,28.020000457763672,936300,0.0,0.0
2022-08-05 00:00:00-04:00,26.270000457763672,26.270000457763672,23.260000228881836,23.81999969482422,1374500,0.0,0.0
2022-08-08 00:00:00-04:00,23.8799991607666,25.270000457763672,23.8799991607666,24.059999465942383,736200,0.0,0.0
2022-08-09 00:00:00-04:00,23.649999618530273,23.649999618530273,22.18000030517578,22.200000762939453,1012100,0.0,0.0
2022-08-10 00:00:00-04:00,22.729999542236328,23.6299991607666,22.729999542236328,22.979999542236328,984900,0.0,0.0
2022-08-11 00:00:00-04:00,23.65999984741211,23.65999984741211,22.510000228881836,22.690000534057617,838100,0.0,0.0
2022-08-12 00:00:00-04:00,22.889999389648438,23.170000076293945,22.469999313354492,22.8700008392334,516700,0.0,0.0
2022-08-15 00:00:00-04:00,22.65999984741211,22.959999084472656,22.520000457763672,22.84000015258789,888300,0.0,0.0
2022-08-16 00:00:00-04:00,22.670000076293945,22.8799991607666,22.280000686645508,22.690000534057617,874800,0.0,0.0
2022-08-17 00:00:00-04:00,22.25,22.510000228881836,21.889999389648438,21.90999984741211,668000,0.0,0.0
2022-08-18 00:00:00-04:00,21.799999237060547,22.399999618530273,21.65999984741211,22.219999313354492,1429800,0.0,0.0
2022-08-19 00:00:00-04:00,21.969999313354492,21.969999313354492,20.790000915527344,21.84000015258789,1839100,0.0,0.0
2022-08-22 00:00:00-04:00,21.6200008392334,21.93000030517578,21.0,21.190000534057617,666900,0.0,0.0
2022-08-23 00:00:00-04:00,21.190000534057617,21.420000076293945,20.979999542236328,21.260000228881836,705900,0.0,0.0
2022-08-24 00:00:00-04:00,21.25,21.6200008392334,21.040000915527344,21.18000030517578,502000,0.0,0.0
2022-08-25 00:00:00-04:00,21.229999542236328,21.489999771118164,21.040000915527344,21.3700008392334,391600,0.0,0.0
2022-08-26 00:00:00-04:00,21.399999618530273,21.399999618530273,20.56999969482422,20.670000076293945,616500,0.0,0.0
2022-08-29 00:00:00-04:00,20.299999237060547,20.770000457763672,20.25,20.260000228881836,724500,0.0,0.0
2022-08-30 00:00:00-04:00,20.350000381469727,20.469999313354492,20.030000686645508,20.219999313354492,867600,0.0,0.0
2022-08-31 00:00:00-04:00,20.469999313354492,20.65999984741211,19.81999969482422,19.850000381469727,785900,0.0,0.0
2022-09-01 00:00:00-04:00,19.479999542236328,19.610000610351562,19.0,19.459999084472656,686000,0.0,0.0
2022-09-02 00:00:00-04:00,19.899999618530273,19.899999618530273,19.049999237060547,19.229999542236328,429800,0.0,0.0
2022-09-06 00:00:00-04:00,19.170000076293945,19.239999771118164,18.760000228881836,18.959999084472656,776300,0.0,0.0
2022-09-07 00:00:00-04:00,18.899999618530273,19.770000457763672,18.739999771118164,19.34000015258789,2394100,0.0,0.0
2022-09-08 00:00:00-04:00,19.1200008392334,19.760000228881836,18.989999771118164,19.739999771118164,1241000,0.0,0.0
2022-09-09 00:00:00-04:00,20.020000457763672,20.450000762939453,19.959999084472656,20.450000762939453,713100,0.0,0.0
2022-09-12 00:00:00-04:00,20.68000030517578,20.899999618530273,20.34000015258789,20.360000610351562,664100,0.0,0.0
2022-09-13 00:00:00-04:00,19.979999542236328,21.25,19.770000457763672,21.1200008392334,1186800,0.0,0.0
2022-09-14 00:00:00-04:00,21.190000534057617,21.299999237060547,20.030000686645508,20.200000762939453,623700,0.0,0.0
2022-09-15 00:00:00-04:00,19.860000610351562,20.440000534057617,19.860000610351562,20.270000457763672,775100,0.0,0.0
2022-09-16 00:00:00-04:00,20.049999237060547,20.049999237060547,19.31999969482422,19.440000534057617,1841400,0.0,0.0
2022-09-19 00:00:00-04:00,19.34000015258789,20.200000762939453,19.34000015258789,20.09000015258789,617100,0.0,0.0
2022-09-20 00:00:00-04:00,19.700000762939453,19.799999237060547,19.010000228881836,19.290000915527344,660200,0.0,0.0
2022-09-21 00:00:00-04:00,19.459999084472656,19.84000015258789,19.190000534057617,19.190000534057617,923200,0.0,0.0
2022-09-22 00:00:00-04:00,18.940000534057617,19.219999313354492,18.829999923706055,19.100000381469727,750400,0.0,0.0
2022-09-23 00:00:00-04:00,18.989999771118164,19.25,18.1299991607666,18.3799991607666,738000,0.0,0.0
2022-09-26 00:00:00-04:00,18.280000686645508,18.81999969482422,18.209999084472656,18.350000381469727,634200,0.0,0.0
2022-09-27 00:00:00-04:00,18.829999923706055,19.059999465942383,18.559999465942383,18.850000381469727,501800,0.0,0.0
2022-09-28 00:00:00-04:00,19.040000915527344,19.469999313354492,18.670000076293945,19.3799991607666,657000,0.0,0.0
2022-09-29 00:00:00-04:00,19.030000686645508,19.049999237060547,18.399999618530273,18.459999084472656,613300,0.0,0.0
2022-09-30 00:00:00-04:00,18.3700008392334,18.950000762939453,18.149999618530273,18.15999984741211,949400,0.0,0.0
2022-10-03 00:00:00-04:00,18.290000915527344,18.65999984741211,17.8700008392334,18.5,858200,0.0,0.0
2022-10-04 00:00:00-04:00,18.940000534057617,19.559999465942383,18.940000534057617,19.3799991607666,964800,0.0,0.0
2022-10-05 00:00:00-04:00,19.049999237060547,19.170000076293945,18.5,18.809999465942383,480000,0.0,0.0
2022-10-06 00:00:00-04:00,18.799999237060547,19.149999618530273,18.520000457763672,18.559999465942383,480800,0.0,0.0
2022-10-07 00:00:00-04:00,18.170000076293945,18.170000076293945,17.889999389648438,18.059999465942383,506500,0.0,0.0
2022-10-10 00:00:00-04:00,18.1299991607666,18.25,17.729999542236328,17.84000015258789,477400,0.0,0.0
2022-10-11 00:00:00-04:00,17.670000076293945,17.959999084472656,17.329999923706055,17.690000534057617,849700,0.0,0.0
2022-10-12 00:00:00-04:00,17.75,17.809999465942383,17.31999969482422,17.56999969482422,488400,0.0,0.0
2022-10-13 00:00:00-04:00,17.110000610351562,17.969999313354492,16.93000030517578,17.6200008392334,740500,0.0,0.0
2022-10-14 00:00:00-04:00,17.90999984741211,18.040000915527344,17.25,17.260000228881836,394600,0.0,0.0
2022-10-17 00:00:00-04:00,17.780000686645508,18.15999984741211,17.780000686645508,17.899999618530273,634900,0.0,0.0
2022-10-18 00:00:00-04:00,18.450000762939453,18.790000915527344,18.030000686645508,18.280000686645508,450800,0.0,0.0
2022-10-19 00:00:00-04:00,17.989999771118164,18.25,17.579999923706055,17.739999771118164,419100,0.0,0.0
2022-10-20 00:00:00-04:00,17.670000076293945,18.200000762939453,17.670000076293945,17.90999984741211,546200,0.0,0.0
2022-10-21 00:00:00-04:00,17.90999984741211,18.040000915527344,17.59000015258789,17.899999618530273,478500,0.0,0.0
2022-10-24 00:00:00-04:00,17.93000030517578,17.940000534057617,17.600000381469727,17.649999618530273,445400,0.0,0.0
2022-10-25 00:00:00-04:00,17.600000381469727,18.3700008392334,17.600000381469727,18.299999237060547,552200,0.0,0.0
2022-10-26 00:00:00-04:00,18.209999084472656,18.510000228881836,17.989999771118164,17.989999771118164,345500,0.0,0.0
2022-10-27 00:00:00-04:00,18.09000015258789,18.31999969482422,17.850000381469727,17.93000030517578,288700,0.0,0.0
2022-10-28 00:00:00-04:00,17.969999313354492,18.579999923706055,17.93000030517578,18.579999923706055,355800,0.0,0.0
2022-10-31 00:00:00-04:00,18.440000534057617,18.639999389648438,18.110000610351562,18.360000610351562,455100,0.0,0.0
2022-11-01 00:00:00-04:00,18.670000076293945,18.899999618530273,18.270000457763672,18.399999618530273,497000,0.0,0.0
2022-11-02 00:00:00-04:00,18.3799991607666,18.3799991607666,17.149999618530273,17.15999984741211,579200,0.0,0.0
2022-11-03 00:00:00-04:00,16.90999984741211,17.049999237060547,16.399999618530273,16.450000762939453,493900,0.0,0.0
2022-11-04 00:00:00-04:00,16.690000534057617,16.700000762939453,15.859999656677246,16.200000762939453,666600,0.0,0.0
2022-11-07 00:00:00-05:00,16.3700008392334,16.469999313354492,15.880000114440918,15.930000305175781,856400,0.0,0.0
2022-11-08 00:00:00-05:00,16.15999984741211,16.15999984741211,15.369999885559082,15.619999885559082,1500000,0.0,0.0
2022-11-09 00:00:00-05:00,18.420000076293945,19.15999984741211,17.81999969482422,18.290000915527344,2883900,0.0,0.0
2022-11-10 00:00:00-05:00,19.399999618530273,20.559999465942383,19.399999618530273,20.31999969482422,1870800,0.0,0.0
2022-11-11 00:00:00-05:00,20.280000686645508,21.90999984741211,20.270000457763672,21.65999984741211,1308400,0.0,0.0
2022-11-14 00:00:00-05:00,21.389999389648438,22.06999969482422,21.200000762939453,21.299999237060547,912600,0.0,0.0
2022-11-15 00:00:00-05:00,21.600000381469727,22.709999084472656,21.540000915527344,22.399999618530273,1006900,0.0,0.0
2022-11-16 00:00:00-05:00,22.1200008392334,22.350000381469727,21.920000076293945,21.989999771118164,617700,0.0,0.0
2022-11-17 00:00:00-05:00,21.40999984741211,21.950000762939453,21.079999923706055,21.90999984741211,625400,0.0,0.0
2022-11-18 00:00:00-05:00,22.219999313354492,22.219999313354492,21.450000762939453,21.510000228881836,481200,0.0,0.0
2022-11-21 00:00:00-05:00,21.31999969482422,21.6299991607666,20.8799991607666,21.350000381469727,497700,0.0,0.0
2022-11-22 00:00:00-05:00,21.350000381469727,21.5,20.770000457763672,21.440000534057617,527100,0.0,0.0
2022-11-23 00:00:00-05:00,21.309999465942383,21.579999923706055,20.969999313354492,21.229999542236328,389900,0.0,0.0
2022-11-25 00:00:00-05:00,21.049999237060547,21.3799991607666,21.049999237060547,21.06999969482422,147800,0.0,0.0
2022-11-28 00:00:00-05:00,20.8799991607666,21.3799991607666,20.8799991607666,21.3700008392334,553800,0.0,0.0
2022-11-29 00:00:00-05:00,21.389999389648438,21.59000015258789,20.889999389648438,20.950000762939453,528900,0.0,0.0
2022-11-30 00:00:00-05:00,20.950000762939453,21.959999084472656,20.639999389648438,21.959999084472656,588000,0.0,0.0
2022-12-01 00:00:00-05:00,22.0,22.6299991607666,21.93000030517578,22.420000076293945,681200,0.0,0.0
2022-12-02 00:00:00-05:00,22.0,22.5,21.770000457763672,22.450000762939453,497100,0.0,0.0
2022-12-05 00:00:00-05:00,22.139999389648438,22.420000076293945,21.780000686645508,22.040000915527344,509500,0.0,0.0
2022-12-06 00:00:00-05:00,22.049999237060547,22.1299991607666,21.450000762939453,21.510000228881836,386200,0.0,0.0
2022-12-07 00:00:00-05:00,21.40999984741211,21.68000030517578,21.239999771118164,21.399999618530273,449100,0.0,0.0
2022-12-08 00:00:00-05:00,21.469999313354492,22.350000381469727,21.31999969482422,22.200000762939453,565500,0.0,0.0
2022-12-09 00:00:00-05:00,21.950000762939453,22.530000686645508,21.950000762939453,22.270000457763672,651400,0.0,0.0
2022-12-12 00:00:00-05:00,22.239999771118164,22.610000610351562,22.0,22.520000457763672,487300,0.0,0.0
2022-12-13 00:00:00-05:00,23.3700008392334,23.75,22.809999465942383,23.030000686645508,828300,0.0,0.0
2022-12-14 00:00:00-05:00,22.950000762939453,23.90999984741211,22.950000762939453,23.729999542236328,736700,0.0,0.0
2022-12-15 00:00:00-05:00,23.280000686645508,23.459999084472656,22.68000030517578,22.75,846700,0.0,0.0
2022-12-16 00:00:00-05:00,22.600000381469727,22.809999465942383,22.34000015258789,22.65999984741211,2379800,0.0,0.0
2022-12-19 00:00:00-05:00,22.56999969482422,22.6299991607666,21.770000457763672,21.81999969482422,534000,0.0,0.0
2022-12-20 00:00:00-05:00,21.68000030517578,22.020000457763672,21.440000534057617,21.899999618530273,503300,0.0,0.0
2022-12-21 00:00:00-05:00,21.959999084472656,22.1299991607666,21.6200008392334,21.850000381469727,414500,0.0,0.0
2022-12-22 00:00:00-05:00,22.6200008392334,23.200000762939453,22.350000381469727,23.18000030517578,737400,0.0,0.0
2022-12-23 00:00:00-05:00,23.020000457763672,23.229999542236328,22.790000915527344,23.100000381469727,487300,0.0,0.0
2022-12-27 00:00:00-05:00,22.93000030517578,23.479999542236328,22.65999984741211,23.280000686645508,461700,0.0,0.0
2022-12-28 00:00:00-05:00,23.09000015258789,23.350000381469727,22.700000762939453,22.790000915527344,422400,0.0,0.0
2022-12-29 00:00:00-05:00,22.920000076293945,23.68000030517578,22.84000015258789,23.639999389648438,259300,0.0,0.0
2022-12-30 00:00:00-05:00,23.31999969482422,23.530000686645508,23.100000381469727,23.440000534057617,282700,0.0,0.0
2023-01-03 00:00:00-05:00,23.8799991607666,24.200000762939453,23.40999984741211,23.639999389648438,482900,0.0,0.0
2023-01-04 00:00:00-05:00,24.040000915527344,24.3799991607666,23.90999984741211,24.200000762939453,654000,0.0,0.0
2023-01-05 00:00:00-05:00,23.889999389648438,24.0,23.079999923706055,23.389999389648438,530400,0.0,0.0
2023-01-06 00:00:00-05:00,23.450000762939453,23.639999389648438,22.84000015258789,23.290000915527344,537000,0.0,0.0
2023-01-09 00:00:00-05:00,23.389999389648438,23.739999771118164,23.170000076293945,23.209999084472656,451800,0.0,0.0
2023-01-10 00:00:00-05:00,23.149999618530273,23.75,22.950000762939453,23.709999084472656,409100,0.0,0.0
2023-01-11 00:00:00-05:00,23.770000457763672,24.309999465942383,23.639999389648438,24.299999237060547,377800,0.0,0.0
2023-01-12 00:00:00-05:00,24.43000030517578,24.600000381469727,24.110000610351562,24.350000381469727,438000,0.0,0.0
2023-01-13 00:00:00-05:00,23.979999542236328,24.200000762939453,23.950000762939453,24.15999984741211,352600,0.0,0.0
2023-01-17 00:00:00-05:00,24.18000030517578,24.219999313354492,23.729999542236328,24.079999923706055,326200,0.0,0.0
2023-01-18 00:00:00-05:00,24.219999313354492,24.670000076293945,24.020000457763672,24.06999969482422,266800,0.0,0.0
2023-01-19 00:00:00-05:00,23.860000610351562,24.399999618530273,23.739999771118164,24.260000228881836,286700,0.0,0.0
2023-01-20 00:00:00-05:00,24.469999313354492,25.0,24.170000076293945,24.989999771118164,312600,0.0,0.0
2023-01-23 00:00:00-05:00,24.989999771118164,25.399999618530273,24.760000228881836,25.360000610351562,321500,0.0,0.0
2023-01-24 00:00:00-05:00,25.34000015258789,25.489999771118164,23.93000030517578,25.31999969482422,556800,0.0,0.0
2023-01-25 00:00:00-05:00,24.969999313354492,25.329999923706055,24.68000030517578,25.260000228881836,489500,0.0,0.0
2023-01-26 00:00:00-05:00,25.670000076293945,26.0,25.530000686645508,25.899999618530273,448300,0.0,0.0
2023-01-27 00:00:00-05:00,25.770000457763672,26.34000015258789,25.770000457763672,26.239999771118164,269500,0.0,0.0
2023-01-30 00:00:00-05:00,25.950000762939453,26.18000030517578,25.81999969482422,26.059999465942383,256100,0.0,0.0
2023-01-31 00:00:00-05:00,26.049999237060547,26.809999465942383,26.049999237060547,26.760000228881836,410200,0.0,0.0
2023-02-01 00:00:00-05:00,26.700000762939453,27.719999313354492,26.700000762939453,27.530000686645508,370000,0.0,0.0
2023-02-02 00:00:00-05:00,28.219999313354492,28.760000228881836,27.860000610351562,28.170000076293945,768600,0.0,0.0
2023-02-03 00:00:00-05:00,27.559999465942383,28.360000610351562,27.559999465942383,27.8799991607666,534200,0.0,0.0
2023-02-06 00:00:00-05:00,27.450000762939453,28.110000610351562,27.09000015258789,27.25,433300,0.0,0.0
2023-02-07 00:00:00-05:00,26.979999542236328,27.399999618530273,26.719999313354492,27.229999542236328,1075700,0.0,0.0
2023-02-08 00:00:00-05:00,28.100000381469727,28.18000030517578,23.90999984741211,24.709999084472656,1223600,0.0,0.0
2023-02-09 00:00:00-05:00,25.100000381469727,26.440000534057617,25.030000686645508,25.440000534057617,733900,0.0,0.0
2023-02-10 00:00:00-05:00,25.010000228881836,25.3799991607666,24.700000762939453,24.709999084472656,487300,0.0,0.0
2023-02-13 00:00:00-05:00,24.700000762939453,25.139999389648438,24.56999969482422,24.739999771118164,480600,0.0,0.0
2023-02-14 00:00:00-05:00,24.610000610351562,25.3700008392334,24.280000686645508,25.190000534057617,578600,0.0,0.0
2023-02-15 00:00:00-05:00,25.040000915527344,26.059999465942383,25.020000457763672,26.049999237060547,530200,0.0,0.0
2023-02-16 00:00:00-05:00,25.639999389648438,25.889999389648438,25.520000457763672,25.610000610351562,275400,0.0,0.0
2023-02-17 00:00:00-05:00,25.670000076293945,25.670000076293945,25.110000610351562,25.139999389648438,443200,0.0,0.0
2023-02-21 00:00:00-05:00,24.610000610351562,24.93000030517578,23.8700008392334,24.049999237060547,441400,0.0,0.0
2023-02-22 00:00:00-05:00,24.110000610351562,24.34000015258789,23.68000030517578,23.790000915527344,726400,0.0,0.0
2023-02-23 00:00:00-05:00,24.079999923706055,24.200000762939453,23.530000686645508,23.920000076293945,691000,0.0,0.0
2023-02-24 00:00:00-05:00,23.3799991607666,23.84000015258789,23.219999313354492,23.579999923706055,428200,0.0,0.0
2023-02-27 00:00:00-05:00,23.860000610351562,23.940000534057617,23.3799991607666,23.479999542236328,369100,0.0,0.0
2023-02-28 00:00:00-05:00,23.479999542236328,23.93000030517578,23.479999542236328,23.6299991607666,391200,0.0,0.0
2023-03-01 00:00:00-05:00,23.6299991607666,24.020000457763672,23.530000686645508,23.670000076293945,430000,0.0,0.0
2023-03-02 00:00:00-05:00,23.520000457763672,24.56999969482422,23.479999542236328,24.459999084472656,458300,0.0,0.0
2023-03-03 00:00:00-05:00,24.729999542236328,25.25,24.639999389648438,24.75,528200,0.0,0.0
2023-03-06 00:00:00-05:00,24.75,24.809999465942383,23.079999923706055,23.229999542236328,619100,0.0,0.0
2023-03-07 00:00:00-05:00,23.309999465942383,24.1200008392334,23.270000457763672,23.3700008392334,935200,0.0,0.0
2023-03-08 00:00:00-05:00,23.329999923706055,23.389999389648438,22.770000457763672,23.0,424600,0.0,0.0
2023-03-09 00:00:00-05:00,23.0,23.31999969482422,21.799999237060547,21.81999969482422,576700,0.0,0.0
2023-03-10 00:00:00-05:00,21.639999389648438,21.739999771118164,21.020000457763672,21.200000762939453,734000,0.0,0.0
2023-03-13 00:00:00-04:00,20.950000762939453,20.969999313354492,20.440000534057617,20.489999771118164,554400,0.0,0.0
2023-03-14 00:00:00-04:00,21.190000534057617,21.190000534057617,20.6200008392334,20.860000610351562,537200,0.0,0.0
2023-03-15 00:00:00-04:00,20.440000534057617,20.920000076293945,20.309999465942383,20.8799991607666,628500,0.0,0.0
2023-03-16 00:00:00-04:00,20.84000015258789,21.459999084472656,20.719999313354492,21.450000762939453,576100,0.0,0.0
2023-03-17 00:00:00-04:00,21.40999984741211,21.6299991607666,21.139999389648438,21.260000228881836,2114700,0.0,0.0
2023-03-20 00:00:00-04:00,21.420000076293945,21.8799991607666,21.329999923706055,21.760000228881836,620100,0.0,0.0
2023-03-21 00:00:00-04:00,21.969999313354492,22.440000534057617,21.969999313354492,22.360000610351562,600700,0.0,0.0
2023-03-22 00:00:00-04:00,22.389999389648438,22.469999313354492,21.170000076293945,21.219999313354492,664500,0.0,0.0
2023-03-23 00:00:00-04:00,21.149999618530273,21.469999313354492,20.68000030517578,20.860000610351562,812100,0.0,0.0
2023-03-24 00:00:00-04:00,20.690000534057617,20.790000915527344,20.260000228881836,20.700000762939453,1370000,0.0,0.0
2023-03-27 00:00:00-04:00,20.8700008392334,21.690000534057617,20.829999923706055,21.280000686645508,709800,0.0,0.0
2023-03-28 00:00:00-04:00,21.18000030517578,21.5,21.030000686645508,21.200000762939453,774300,0.0,0.0
2023-03-29 00:00:00-04:00,21.5,21.540000915527344,21.200000762939453,21.360000610351562,389400,0.0,0.0
2023-03-30 00:00:00-04:00,21.489999771118164,21.530000686645508,21.270000457763672,21.309999465942383,373200,0.0,0.0
2023-03-31 00:00:00-04:00,21.479999542236328,21.940000534057617,21.479999542236328,21.93000030517578,841200,0.0,0.0
2023-04-03 00:00:00-04:00,21.809999465942383,22.459999084472656,21.709999084472656,22.399999618530273,544900,0.0,0.0
2023-04-04 00:00:00-04:00,22.510000228881836,22.510000228881836,21.950000762939453,22.260000228881836,382800,0.0,0.0
2023-04-05 00:00:00-04:00,22.219999313354492,22.690000534057617,22.020000457763672,22.68000030517578,599400,0.0,0.0
2023-04-06 00:00:00-04:00,22.670000076293945,23.329999923706055,22.559999465942383,23.329999923706055,377300,0.0,0.0
2023-04-10 00:00:00-04:00,23.030000686645508,23.209999084472656,22.770000457763672,22.90999984741211,658300,0.0,0.0
2023-04-11 00:00:00-04:00,22.950000762939453,23.200000762939453,22.75,22.860000610351562,361300,0.0,0.0
2023-04-12 00:00:00-04:00,23.110000610351562,23.290000915527344,21.959999084472656,22.100000381469727,330200,0.0,0.0
2023-04-13 00:00:00-04:00,22.239999771118164,22.969999313354492,22.18000030517578,22.959999084472656,344700,0.0,0.0
2023-04-14 00:00:00-04:00,22.969999313354492,23.200000762939453,22.84000015258789,23.190000534057617,302000,0.0,0.0
2023-04-17 00:00:00-04:00,23.299999237060547,23.729999542236328,23.1299991607666,23.670000076293945,381100,0.0,0.0
2023-04-18 00:00:00-04:00,23.8700008392334,23.8700008392334,22.93000030517578,23.3799991607666,346600,0.0,0.0
2023-04-19 00:00:00-04:00,23.139999389648438,23.649999618530273,23.139999389648438,23.56999969482422,341200,0.0,0.0
2023-04-20 00:00:00-04:00,23.399999618530273,23.450000762939453,23.1200008392334,23.399999618530273,235600,0.0,0.0
2023-04-21 00:00:00-04:00,23.479999542236328,23.639999389648438,23.299999237060547,23.549999237060547,304400,0.0,0.0
2023-04-24 00:00:00-04:00,23.420000076293945,23.579999923706055,22.889999389648438,23.010000228881836,385000,0.0,0.0
2023-04-25 00:00:00-04:00,22.860000610351562,23.06999969482422,22.520000457763672,22.540000915527344,397800,0.0,0.0
2023-04-26 00:00:00-04:00,22.6299991607666,23.18000030517578,22.6299991607666,23.06999969482422,464200,0.0,0.0
2023-04-27 00:00:00-04:00,23.260000228881836,24.020000457763672,23.229999542236328,23.889999389648438,484800,0.0,0.0
2023-04-28 00:00:00-04:00,23.770000457763672,24.290000915527344,23.719999313354492,24.09000015258789,523800,0.0,0.0
2023-05-01 00:00:00-04:00,24.049999237060547,24.329999923706055,23.829999923706055,24.010000228881836,337100,0.0,0.0
2023-05-02 00:00:00-04:00,23.920000076293945,23.920000076293945,23.100000381469727,23.549999237060547,383000,0.0,0.0
2023-05-03 00:00:00-04:00,23.6299991607666,24.1200008392334,23.43000030517578,23.559999465942383,560200,0.0,0.0
2023-05-04 00:00:00-04:00,23.43000030517578,23.8700008392334,23.209999084472656,23.350000381469727,395700,0.0,0.0
2023-05-05 00:00:00-04:00,23.739999771118164,23.979999542236328,23.709999084472656,23.799999237060547,297400,0.0,0.0
2023-05-08 00:00:00-04:00,23.760000228881836,23.889999389648438,23.420000076293945,23.780000686645508,619000,0.0,0.0
2023-05-09 00:00:00-04:00,23.639999389648438,23.760000228881836,23.489999771118164,23.540000915527344,268800,0.0,0.0
2023-05-10 00:00:00-04:00,23.90999984741211,24.649999618530273,23.84000015258789,24.360000610351562,257300,0.0,0.0
2023-05-11 00:00:00-04:00,24.15999984741211,25.0,24.030000686645508,24.790000915527344,391900,0.0,0.0
2023-05-12 00:00:00-04:00,24.770000457763672,24.979999542236328,24.520000457763672,24.68000030517578,273200,0.0,0.0
2023-05-15 00:00:00-04:00,24.739999771118164,24.90999984741211,24.579999923706055,24.799999237060547,591700,0.0,0.0
2023-05-16 00:00:00-04:00,24.59000015258789,24.889999389648438,24.59000015258789,24.8799991607666,229100,0.0,0.0
2023-05-17 00:00:00-04:00,24.979999542236328,25.600000381469727,24.709999084472656,25.3700008392334,334300,0.0,0.0
2023-05-18 00:00:00-04:00,25.40999984741211,26.389999389648438,25.290000915527344,26.350000381469727,739900,0.0,0.0
2023-05-19 00:00:00-04:00,26.56999969482422,26.56999969482422,26.09000015258789,26.520000457763672,439100,0.0,0.0
2023-05-22 00:00:00-04:00,26.559999465942383,27.350000381469727,26.549999237060547,27.139999389648438,389900,0.0,0.0
2023-05-23 00:00:00-04:00,26.90999984741211,27.520000457763672,26.610000610351562,26.610000610351562,689800,0.0,0.0
2023-05-24 00:00:00-04:00,26.260000228881836,27.0,25.770000457763672,26.780000686645508,797800,0.0,0.0
2023-05-25 00:00:00-04:00,27.40999984741211,27.40999984741211,23.149999618530273,23.639999389648438,1289500,0.0,0.0
2023-05-26 00:00:00-04:00,23.610000610351562,25.149999618530273,23.59000015258789,24.969999313354492,732100,0.0,0.0
2023-05-30 00:00:00-04:00,25.190000534057617,25.489999771118164,24.229999542236328,24.40999984741211,505100,0.0,0.0
2023-05-31 00:00:00-04:00,24.329999923706055,24.59000015258789,23.809999465942383,24.34000015258789,1237300,0.0,0.0
2023-06-01 00:00:00-04:00,23.950000762939453,24.950000762939453,23.850000381469727,24.709999084472656,422500,0.0,0.0
2023-06-02 00:00:00-04:00,25.0,25.31999969482422,24.739999771118164,25.229999542236328,420500,0.0,0.0
2023-06-05 00:00:00-04:00,24.84000015258789,25.799999237060547,24.809999465942383,25.399999618530273,374400,0.0,0.0
2023-06-06 00:00:00-04:00,25.420000076293945,25.420000076293945,24.809999465942383,25.020000457763672,1016800,0.0,0.0
2023-06-07 00:00:00-04:00,25.219999313354492,25.690000534057617,25.0,25.270000457763672,1695800,0.0,0.0
2023-06-08 00:00:00-04:00,25.18000030517578,25.479999542236328,24.979999542236328,25.420000076293945,394700,0.0,0.0
2023-06-09 00:00:00-04:00,25.59000015258789,25.700000762939453,24.670000076293945,24.790000915527344,332700,0.0,0.0
2023-06-12 00:00:00-04:00,24.979999542236328,25.31999969482422,24.81999969482422,25.059999465942383,310600,0.0,0.0
2023-06-13 00:00:00-04:00,25.3799991607666,25.889999389648438,25.260000228881836,25.56999969482422,582800,0.0,0.0
2023-06-14 00:00:00-04:00,25.579999923706055,25.969999313354492,25.209999084472656,25.709999084472656,448100,0.0,0.0
2023-06-15 00:00:00-04:00,25.450000762939453,25.739999771118164,25.010000228881836,25.709999084472656,411600,0.0,0.0
2023-06-16 00:00:00-04:00,26.020000457763672,26.030000686645508,25.549999237060547,26.020000457763672,1087300,0.0,0.0
2023-06-20 00:00:00-04:00,25.809999465942383,26.459999084472656,25.700000762939453,26.440000534057617,454700,0.0,0.0
2023-06-21 00:00:00-04:00,27.0,28.100000381469727,26.540000915527344,27.59000015258789,1031400,0.0,0.0
2023-06-22 00:00:00-04:00,27.40999984741211,27.479999542236328,26.690000534057617,27.06999969482422,496200,0.0,0.0
2023-06-23 00:00:00-04:00,26.75,27.09000015258789,26.440000534057617,27.030000686645508,651400,0.0,0.0
2023-06-26 00:00:00-04:00,27.040000915527344,27.950000762939453,26.940000534057617,27.530000686645508,694300,0.0,0.0
2023-06-27 00:00:00-04:00,27.729999542236328,28.260000228881836,27.440000534057617,28.190000534057617,388800,0.0,0.0
2023-06-28 00:00:00-04:00,28.209999084472656,28.790000915527344,28.049999237060547,28.559999465942383,354500,0.0,0.0
2023-06-29 00:00:00-04:00,28.690000534057617,28.84000015258789,28.200000762939453,28.450000762939453,318300,0.0,0.0
2023-06-30 00:00:00-04:00,28.649999618530273,28.790000915527344,28.489999771118164,28.559999465942383,533900,0.0,0.0
2023-07-03 00:00:00-04:00,28.540000915527344,29.100000381469727,28.5,29.020000457763672,168500,0.0,0.0
2023-07-05 00:00:00-04:00,28.709999084472656,28.8700008392334,27.639999389648438,27.700000762939453,569000,0.0,0.0
2023-07-06 00:00:00-04:00,27.389999389648438,27.6200008392334,27.059999465942383,27.260000228881836,396200,0.0,0.0
2023-07-07 00:00:00-04:00,27.399999618530273,27.5,26.989999771118164,27.110000610351562,331600,0.0,0.0
2023-07-10 00:00:00-04:00,27.010000228881836,27.450000762939453,27.010000228881836,27.3799991607666,372800,0.0,0.0
2023-07-11 00:00:00-04:00,27.56999969482422,27.899999618530273,27.329999923706055,27.899999618530273,283300,0.0,0.0
2023-07-12 00:00:00-04:00,28.3700008392334,28.559999465942383,28.170000076293945,28.389999389648438,366500,0.0,0.0
2023-07-13 00:00:00-04:00,28.75,29.40999984741211,28.649999618530273,29.040000915527344,382500,0.0,0.0
2023-07-14 00:00:00-04:00,29.0,29.09000015258789,28.43000030517578,28.68000030517578,266000,0.0,0.0
2023-07-17 00:00:00-04:00,28.690000534057617,29.030000686645508,28.610000610351562,28.709999084472656,211000,0.0,0.0
2023-07-18 00:00:00-04:00,28.700000762939453,28.93000030517578,28.579999923706055,28.790000915527344,198100,0.0,0.0
2023-07-19 00:00:00-04:00,28.969999313354492,29.059999465942383,28.209999084472656,28.389999389648438,351200,0.0,0.0
2023-07-20 00:00:00-04:00,28.290000915527344,28.510000228881836,27.829999923706055,28.0,273500,0.0,0.0
2023-07-21 00:00:00-04:00,28.280000686645508,28.309999465942383,27.5,27.59000015258789,329700,0.0,0.0
2023-07-24 00:00:00-04:00,27.639999389648438,27.790000915527344,27.209999084472656,27.31999969482422,230300,0.0,0.0
2023-07-25 00:00:00-04:00,27.309999465942383,27.770000457763672,27.260000228881836,27.510000228881836,287000,0.0,0.0
2023-07-26 00:00:00-04:00,27.43000030517578,27.8799991607666,27.389999389648438,27.75,299700,0.0,0.0
2023-07-27 00:00:00-04:00,28.110000610351562,28.1299991607666,27.219999313354492,27.3700008392334,228500,0.0,0.0
2023-07-28 00:00:00-04:00,27.729999542236328,28.389999389648438,27.729999542236328,28.350000381469727,264000,0.0,0.0
2023-07-31 00:00:00-04:00,28.43000030517578,28.920000076293945,28.43000030517578,28.540000915527344,300100,0.0,0.0
2023-08-01 00:00:00-04:00,28.420000076293945,29.100000381469727,28.290000915527344,28.93000030517578,345600,0.0,0.0
2023-08-02 00:00:00-04:00,28.510000228881836,28.850000381469727,28.450000762939453,28.469999313354492,271800,0.0,0.0
2023-08-03 00:00:00-04:00,28.40999984741211,28.8799991607666,28.389999389648438,28.479999542236328,274200,0.0,0.0
2023-08-04 00:00:00-04:00,28.520000457763672,28.950000762939453,28.299999237060547,28.770000457763672,228300,0.0,0.0
2023-08-07 00:00:00-04:00,28.899999618530273,29.0,28.489999771118164,28.989999771118164,287100,0.0,0.0
2023-08-08 00:00:00-04:00,29.010000228881836,29.010000228881836,28.450000762939453,28.579999923706055,314500,0.0,0.0
2023-08-09 00:00:00-04:00,28.350000381469727,28.350000381469727,27.040000915527344,27.079999923706055,728100,0.0,0.0
2023-08-10 00:00:00-04:00,28.579999923706055,32.20000076293945,28.520000457763672,32.029998779296875,1660100,0.0,0.0
2023-08-11 00:00:00-04:00,31.68000030517578,31.739999771118164,30.200000762939453,30.520000457763672,874400,0.0,0.0
2023-08-14 00:00:00-04:00,30.5,30.81999969482422,30.229999542236328,30.81999969482422,507200,0.0,0.0
2023-08-15 00:00:00-04:00,30.829999923706055,31.350000381469727,30.219999313354492,31.260000228881836,452100,0.0,0.0
2023-08-16 00:00:00-04:00,31.280000686645508,31.530000686645508,30.610000610351562,30.6299991607666,323600,0.0,0.0
2023-08-17 00:00:00-04:00,30.649999618530273,30.860000610351562,30.020000457763672,30.239999771118164,284200,0.0,0.0
2023-08-18 00:00:00-04:00,29.940000534057617,30.739999771118164,29.65999984741211,30.56999969482422,319800,0.0,0.0
2023-08-21 00:00:00-04:00,30.440000534057617,31.040000915527344,30.3700008392334,30.75,311800,0.0,0.0
2023-08-22 00:00:00-04:00,31.170000076293945,31.479999542236328,30.90999984741211,31.389999389648438,390300,0.0,0.0
2023-08-23 00:00:00-04:00,31.5,31.790000915527344,31.270000457763672,31.690000534057617,314300,0.0,0.0
2023-08-24 00:00:00-04:00,31.799999237060547,31.799999237060547,31.1299991607666,31.139999389648438,420600,0.0,0.0
2023-08-25 00:00:00-04:00,31.299999237060547,31.56999969482422,30.8700008392334,31.360000610351562,385000,0.0,0.0
2023-08-28 00:00:00-04:00,31.3700008392334,32.18000030517578,31.3700008392334,32.09000015258789,404400,0.0,0.0
2023-08-29 00:00:00-04:00,32.15999984741211,32.970001220703125,31.979999542236328,32.470001220703125,539800,0.0,0.0
2023-08-30 00:00:00-04:00,32.31999969482422,32.65999984741211,32.18000030517578,32.560001373291016,284500,0.0,0.0
2023-08-31 00:00:00-04:00,32.5,32.689998626708984,32.0099983215332,32.34000015258789,665100,0.0,0.0
2023-09-01 00:00:00-04:00,32.470001220703125,32.54999923706055,31.790000915527344,32.08000183105469,293900,0.0,0.0
2023-09-05 00:00:00-04:00,31.670000076293945,31.68000030517578,30.850000381469727,31.350000381469727,414600,0.0,0.0
2023-09-06 00:00:00-04:00,31.420000076293945,31.549999237060547,30.969999313354492,31.270000457763672,267900,0.0,0.0
2023-09-07 00:00:00-04:00,30.959999084472656,31.06999969482422,30.170000076293945,30.219999313354492,334000,0.0,0.0
2023-09-08 00:00:00-04:00,30.270000457763672,30.520000457763672,30.09000015258789,30.290000915527344,260500,0.0,0.0
2023-09-11 00:00:00-04:00,30.469999313354492,30.6200008392334,30.219999313354492,30.459999084472656,273600,0.0,0.0
2023-09-12 00:00:00-04:00,30.190000534057617,30.239999771118164,29.309999465942383,29.479999542236328,442300,0.0,0.0
2023-09-13 00:00:00-04:00,29.309999465942383,29.6299991607666,28.90999984741211,29.200000762939453,387100,0.0,0.0
2023-09-14 00:00:00-04:00,29.43000030517578,29.690000534057617,29.0,29.600000381469727,311500,0.0,0.0
2023-09-15 00:00:00-04:00,29.6299991607666,29.6299991607666,29.059999465942383,29.290000915527344,791200,0.0,0.0
2023-09-18 00:00:00-04:00,29.270000457763672,29.989999771118164,29.0,29.68000030517578,352100,0.0,0.0
2023-09-19 00:00:00-04:00,29.700000762939453,30.299999237060547,29.170000076293945,30.18000030517578,431600,0.0,0.0
2023-09-20 00:00:00-04:00,30.25,30.809999465942383,30.25,30.309999465942383,386500,0.0,0.0
2023-09-21 00:00:00-04:00,29.75,30.110000610351562,29.3700008392334,29.850000381469727,380900,0.0,0.0
2023-09-22 00:00:00-04:00,29.979999542236328,30.399999618530273,29.6299991607666,29.639999389648438,364900,0.0,0.0
2023-09-25 00:00:00-04:00,29.3799991607666,29.8799991607666,29.3799991607666,29.729999542236328,261000,0.0,0.0
2023-09-26 00:00:00-04:00,29.43000030517578,29.899999618530273,28.8799991607666,29.059999465942383,340000,0.0,0.0
2023-09-27 00:00:00-04:00,29.270000457763672,29.360000610351562,28.229999542236328,28.649999618530273,530500,0.0,0.0
2023-09-28 00:00:00-04:00,28.75,29.329999923706055,28.75,29.1200008392334,537400,0.0,0.0
2023-09-29 00:00:00-04:00,29.40999984741211,29.479999542236328,28.729999542236328,28.84000015258789,322800,0.0,0.0
2023-10-02 00:00:00-04:00,29.0,29.530000686645508,28.90999984741211,29.530000686645508,454000,0.0,0.0
2023-10-03 00:00:00-04:00,29.3799991607666,29.510000228881836,28.690000534057617,28.729999542236328,423300,0.0,0.0
2023-10-04 00:00:00-04:00,28.84000015258789,29.219999313354492,28.799999237060547,28.90999984741211,410700,0.0,0.0
2023-10-05 00:00:00-04:00,28.93000030517578,29.299999237060547,28.350000381469727,28.950000762939453,479200,0.0,0.0
2023-10-06 00:00:00-04:00,28.639999389648438,29.770000457763672,28.610000610351562,29.530000686645508,469900,0.0,0.0
2023-10-09 00:00:00-04:00,28.959999084472656,29.739999771118164,28.959999084472656,29.440000534057617,222700,0.0,0.0
2023-10-10 00:00:00-04:00,29.440000534057617,29.979999542236328,29.440000534057617,29.700000762939453,276200,0.0,0.0
2023-10-11 00:00:00-04:00,29.90999984741211,30.549999237060547,29.780000686645508,29.950000762939453,217700,0.0,0.0
2023-10-12 00:00:00-04:00,29.90999984741211,29.90999984741211,28.979999542236328,29.350000381469727,252000,0.0,0.0
2023-10-13 00:00:00-04:00,29.079999923706055,29.110000610351562,28.270000457763672,28.530000686645508,373100,0.0,0.0
2023-10-16 00:00:00-04:00,28.84000015258789,29.540000915527344,28.729999542236328,29.350000381469727,247500,0.0,0.0
2023-10-17 00:00:00-04:00,28.959999084472656,29.940000534057617,28.959999084472656,29.520000457763672,350200,0.0,0.0
2023-10-18 00:00:00-04:00,29.299999237060547,29.510000228881836,28.979999542236328,29.15999984741211,214400,0.0,0.0
2023-10-19 00:00:00-04:00,29.170000076293945,29.389999389648438,28.34000015258789,28.5,539900,0.0,0.0
2023-10-20 00:00:00-04:00,28.729999542236328,28.729999542236328,28.06999969482422,28.200000762939453,382400,0.0,0.0
2023-10-23 00:00:00-04:00,28.040000915527344,28.219999313354492,27.610000610351562,27.649999618530273,371100,0.0,0.0
2023-10-24 00:00:00-04:00,27.90999984741211,28.329999923706055,27.829999923706055,28.219999313354492,318400,0.0,0.0
2023-10-25 00:00:00-04:00,27.90999984741211,28.09000015258789,27.520000457763672,28.010000228881836,465500,0.0,0.0
2023-10-26 00:00:00-04:00,28.139999389648438,28.8700008392334,27.709999084472656,27.81999969482422,383300,0.0,0.0
2023-10-27 00:00:00-04:00,27.84000015258789,27.950000762939453,27.219999313354492,27.360000610351562,453500,0.0,0.0
2023-10-30 00:00:00-04:00,27.6299991607666,27.8700008392334,27.219999313354492,27.5,242300,0.0,0.0
2023-10-31 00:00:00-04:00,27.489999771118164,27.979999542236328,27.489999771118164,27.65999984741211,246800,0.0,0.0
2023-11-01 00:00:00-04:00,27.639999389648438,27.860000610351562,27.1299991607666,27.5,312900,0.0,0.0
2023-11-02 00:00:00-04:00,28.31999969482422,28.829999923706055,28.299999237060547,28.760000228881836,477800,0.0,0.0
2023-11-03 00:00:00-04:00,29.079999923706055,29.760000228881836,29.079999923706055,29.479999542236328,368400,0.0,0.0
2023-11-06 00:00:00-05:00,29.43000030517578,29.649999618530273,29.18000030517578,29.600000381469727,368100,0.0,0.0
2023-11-07 00:00:00-05:00,29.579999923706055,30.34000015258789,29.510000228881836,29.540000915527344,350900,0.0,0.0
2023-11-08 00:00:00-05:00,29.489999771118164,30.1299991607666,29.15999984741211,30.0,471800,0.0,0.0
2023-11-09 00:00:00-05:00,34.83000183105469,36.7599983215332,34.650001525878906,36.0,1121200,0.0,0.0
2023-11-10 00:00:00-05:00,35.15999984741211,35.619998931884766,33.209999084472656,33.650001525878906,1537300,0.0,0.0
2023-11-13 00:00:00-05:00,33.560001373291016,33.810001373291016,32.47999954223633,32.56999969482422,669800,0.0,0.0
2023-11-14 00:00:00-05:00,33.459999084472656,34.08000183105469,32.900001525878906,33.939998626708984,700200,0.0,0.0
2023-11-15 00:00:00-05:00,33.849998474121094,34.66999816894531,33.689998626708984,33.77000045776367,608400,0.0,0.0
2023-11-16 00:00:00-05:00,33.599998474121094,33.779998779296875,32.849998474121094,33.40999984741211,578300,0.0,0.0
2023-11-17 00:00:00-05:00,33.560001373291016,34.119998931884766,33.52000045776367,34.09000015258789,532900,0.0,0.0
2023-11-20 00:00:00-05:00,34.25,35.02000045776367,34.25,34.54999923706055,536300,0.0,0.0
2023-11-21 00:00:00-05:00,34.27000045776367,34.43000030517578,33.720001220703125,34.0099983215332,455600,0.0,0.0
2023-11-22 00:00:00-05:00,34.33000183105469,34.72999954223633,34.029998779296875,34.119998931884766,324600,0.0,0.0
2023-11-24 00:00:00-05:00,33.880001068115234,34.0099983215332,33.45000076293945,33.5,230500,0.0,0.0
2023-11-27 00:00:00-05:00,33.349998474121094,33.959999084472656,33.31999969482422,33.810001373291016,564400,0.0,0.0
2023-11-28 00:00:00-05:00,33.720001220703125,33.720001220703125,32.709999084472656,32.90999984741211,303300,0.0,0.0
2023-11-29 00:00:00-05:00,33.34000015258789,33.779998779296875,32.88999938964844,33.02000045776367,361600,0.0,0.0
2023-11-30 00:00:00-05:00,33.439998626708984,33.439998626708984,32.83000183105469,33.15999984741211,568800,0.0,0.0
2023-12-01 00:00:00-05:00,33.099998474121094,33.810001373291016,32.599998474121094,33.540000915527344,409900,0.0,0.0
2023-12-04 00:00:00-05:00,32.90999984741211,34.02000045776367,32.439998626708984,33.810001373291016,430000,0.0,0.0
2023-12-05 00:00:00-05:00,33.439998626708984,33.93000030517578,33.04999923706055,33.81999969482422,500600,0.0,0.0
2023-12-06 00:00:00-05:00,34.0,34.86000061035156,34.0,34.220001220703125,627900,0.0,0.0
2023-12-07 00:00:00-05:00,34.099998474121094,34.869998931884766,33.2599983215332,34.849998474121094,655300,0.0,0.0
2023-12-08 00:00:00-05:00,34.720001220703125,34.900001525878906,34.04999923706055,34.29999923706055,450800,0.0,0.0
2023-12-11 00:00:00-05:00,34.29999923706055,34.29999923706055,33.56999969482422,33.959999084472656,312900,0.0,0.0
2023-12-12 00:00:00-05:00,34.02000045776367,34.09000015258789,33.63999938964844,34.040000915527344,417500,0.0,0.0
2023-12-13 00:00:00-05:00,34.040000915527344,35.06999969482422,33.79999923706055,34.619998931884766,663300,0.0,0.0
2023-12-14 00:00:00-05:00,35.18000030517578,36.099998474121094,34.40999984741211,34.93000030517578,528100,0.0,0.0
2023-12-15 00:00:00-05:00,36.18000030517578,36.18000030517578,34.68000030517578,35.04999923706055,1709500,0.0,0.0
2023-12-18 00:00:00-05:00,35.040000915527344,35.83000183105469,34.75,35.380001068115234,390000,0.0,0.0
2023-12-19 00:00:00-05:00,35.7400016784668,36.5099983215332,35.72999954223633,36.33000183105469,675900,0.0,0.0
2023-12-20 00:00:00-05:00,36.18000030517578,36.18000030517578,35.29999923706055,35.36000061035156,467200,0.0,0.0
2023-12-21 00:00:00-05:00,35.90999984741211,37.4900016784668,35.70000076293945,37.36000061035156,587900,0.0,0.0
2023-12-22 00:00:00-05:00,37.41999816894531,37.650001525878906,37.13999938964844,37.5099983215332,379000,0.0,0.0
2023-12-26 00:00:00-05:00,37.75,38.06999969482422,37.5,37.93000030517578,384200,0.0,0.0
2023-12-27 00:00:00-05:00,38.08000183105469,38.41999816894531,37.83000183105469,38.150001525878906,316700,0.0,0.0
2023-12-28 00:00:00-05:00,37.900001525878906,38.560001373291016,37.86000061035156,38.40999984741211,397700,0.0,0.0
2023-12-29 00:00:00-05:00,38.310001373291016,38.779998779296875,37.75,37.880001068115234,441300,0.0,0.0
2024-01-02 00:00:00-05:00,37.5,37.52000045776367,36.459999084472656,37.13999938964844,581100,0.0,0.0
2024-01-03 00:00:00-05:00,36.90999984741211,37.040000915527344,35.16999816894531,35.400001525878906,586400,0.0,0.0
2024-01-04 00:00:00-05:00,35.33000183105469,35.68000030517578,34.66999816894531,35.119998931884766,408900,0.0,0.0
2024-01-05 00:00:00-05:00,34.72999954223633,35.2599983215332,34.470001220703125,34.4900016784668,338800,0.0,0.0
2024-01-08 00:00:00-05:00,34.66999816894531,35.63999938964844,34.54999923706055,35.5,280400,0.0,0.0
2024-01-09 00:00:00-05:00,34.849998474121094,35.349998474121094,34.720001220703125,35.31999969482422,240900,0.0,0.0
2024-01-10 00:00:00-05:00,35.41999816894531,36.209999084472656,35.34000015258789,36.040000915527344,346100,0.0,0.0
2024-01-11 00:00:00-05:00,36.060001373291016,37.33000183105469,35.779998779296875,37.310001373291016,663300,0.0,0.0
2024-01-12 00:00:00-05:00,37.9900016784668,38.56999969482422,37.65999984741211,38.36000061035156,608600,0.0,0.0
2024-01-16 00:00:00-05:00,37.79999923706055,38.36000061035156,37.20000076293945,37.970001220703125,579800,0.0,0.0
2024-01-17 00:00:00-05:00,37.43000030517578,37.47999954223633,36.720001220703125,36.90999984741211,315700,0.0,0.0
2024-01-18 00:00:00-05:00,41.59000015258789,42.65999984741211,39.869998931884766,41.119998931884766,1412500,0.0,0.0
2024-01-19 00:00:00-05:00,41.310001373291016,41.4900016784668,39.81999969482422,40.369998931884766,673500,0.0,0.0
2024-01-22 00:00:00-05:00,40.90999984741211,41.880001068115234,40.43000030517578,41.47999954223633,663900,0.0,0.0
2024-01-23 00:00:00-05:00,41.86000061035156,41.97999954223633,40.779998779296875,40.93000030517578,409500,0.0,0.0
2024-01-24 00:00:00-05:00,41.4900016784668,41.560001373291016,40.43000030517578,40.470001220703125,464500,0.0,0.0
2024-01-25 00:00:00-05:00,40.939998626708984,41.119998931884766,40.11000061035156,40.2599983215332,373900,0.0,0.0
2024-01-26 00:00:00-05:00,40.4900016784668,40.70000076293945,39.97999954223633,40.40999984741211,307700,0.0,0.0
2024-01-29 00:00:00-05:00,40.45000076293945,41.45000076293945,40.11000061035156,41.439998626708984,526200,0.0,0.0
2024-01-30 00:00:00-05:00,41.209999084472656,41.290000915527344,39.91999816894531,40.20000076293945,849400,0.0,0.0
2024-01-31 00:00:00-05:00,40.20000076293945,40.66999816894531,39.380001068115234,39.47999954223633,452100,0.0,0.0
2024-02-01 00:00:00-05:00,39.7599983215332,40.43000030517578,39.619998931884766,40.15999984741211,354100,0.0,0.0
2024-02-02 00:00:00-05:00,39.75,40.77000045776367,39.54999923706055,40.36000061035156,483300,0.0,0.0
2024-02-05 00:00:00-05:00,39.97999954223633,40.34000015258789,39.5,40.06999969482422,323800,0.0,0.0
2024-02-06 00:00:00-05:00,40.11000061035156,40.91999816894531,40.11000061035156,40.810001373291016,401300,0.0,0.0
2024-02-07 00:00:00-05:00,40.709999084472656,41.75,40.54999923706055,40.970001220703125,535000,0.0,0.0
2024-02-08 00:00:00-05:00,41.09000015258789,42.099998474121094,40.88999938964844,41.959999084472656,693900,0.0,0.0
2024-02-09 00:00:00-05:00,41.0099983215332,41.0099983215332,36.5,38.849998474121094,2222500,0.0,0.0
2024-02-12 00:00:00-05:00,38.869998931884766,39.06999969482422,37.439998626708984,37.45000076293945,1303800,0.0,0.0
2024-02-13 00:00:00-05:00,36.5099983215332,38.150001525878906,36.27000045776367,36.880001068115234,1086500,0.0,0.0
2024-02-14 00:00:00-05:00,37.290000915527344,37.77000045776367,36.790000915527344,37.06999969482422,716100,0.0,0.0
2024-02-15 00:00:00-05:00,37.279998779296875,37.59000015258789,36.779998779296875,36.97999954223633,801500,0.0,0.0
2024-02-16 00:00:00-05:00,36.52000045776367,37.13999938964844,36.349998474121094,36.52000045776367,575300,0.0,0.0
2024-02-20 00:00:00-05:00,36.130001068115234,36.77000045776367,36.130001068115234,36.45000076293945,778900,0.0,0.0
2024-02-21 00:00:00-05:00,36.029998779296875,36.189998626708984,35.45000076293945,36.150001525878906,499100,0.0,0.0
2024-02-22 00:00:00-05:00,36.54999923706055,36.63999938964844,35.91999816894531,36.099998474121094,489300,0.0,0.0
2024-02-23 00:00:00-05:00,35.95000076293945,36.849998474121094,35.52000045776367,36.70000076293945,674400,0.0,0.0
2024-02-26 00:00:00-05:00,36.560001373291016,37.189998626708984,36.15999984741211,36.16999816894531,307600,0.0,0.0
2024-02-27 00:00:00-05:00,36.59000015258789,36.880001068115234,35.86000061035156,35.959999084472656,468200,0.0,0.0
2024-02-28 00:00:00-05:00,35.58000183105469,36.02000045776367,35.2400016784668,35.25,472900,0.0,0.0
2024-02-29 00:00:00-05:00,35.619998931884766,35.709999084472656,34.95000076293945,34.97999954223633,1382700,0.0,0.0
2024-03-01 00:00:00-05:00,35.20000076293945,35.20000076293945,34.13999938964844,34.220001220703125,1285200,0.0,0.0
2024-03-04 00:00:00-05:00,34.130001068115234,34.33000183105469,33.400001525878906,34.310001373291016,1165400,0.0,0.0
2024-03-05 00:00:00-05:00,33.91999816894531,34.040000915527344,33.189998626708984,33.709999084472656,746300,0.0,0.0
2024-03-06 00:00:00-05:00,34.119998931884766,34.40999984741211,33.68000030517578,34.189998626708984,576700,0.0,0.0
2024-03-07 00:00:00-05:00,34.41999816894531,34.56999969482422,34.09000015258789,34.25,316700,0.0,0.0
2024-03-08 00:00:00-05:00,34.27000045776367,34.9900016784668,34.27000045776367,34.88999938964844,546100,0.0,0.0
2024-03-11 00:00:00-04:00,34.689998626708984,34.970001220703125,34.15999984741211,34.22999954223633,393200,0.0,0.0
2024-03-12 00:00:00-04:00,34.16999816894531,34.400001525878906,33.880001068115234,34.33000183105469,288300,0.0,0.0
2024-03-13 00:00:00-04:00,34.16999816894531,34.47999954223633,34.040000915527344,34.15999984741211,355200,0.0,0.0
2024-03-14 00:00:00-04:00,34.0,34.08000183105469,33.439998626708984,33.83000183105469,436100,0.0,0.0
2024-03-15 00:00:00-04:00,33.45000076293945,33.7400016784668,32.900001525878906,33.11000061035156,987200,0.0,0.0
2024-03-18 00:00:00-04:00,33.150001525878906,33.91999816894531,33.04999923706055,33.709999084472656,758400,0.0,0.0
2024-03-19 00:00:00-04:00,33.59000015258789,34.18000030517578,33.27000045776367,34.150001525878906,460500,0.0,0.0
2024-03-20 00:00:00-04:00,34.220001220703125,34.58000183105469,33.97999954223633,34.22999954223633,498500,0.0,0.0
2024-03-21 00:00:00-04:00,34.650001525878906,34.869998931884766,34.31999969482422,34.400001525878906,510700,0.0,0.0
2024-03-22 00:00:00-04:00,34.400001525878906,34.47999954223633,33.810001373291016,34.029998779296875,434600,0.0,0.0
2024-03-25 00:00:00-04:00,34.0,34.189998626708984,33.47999954223633,33.599998474121094,279200,0.0,0.0
2024-03-26 00:00:00-04:00,33.84000015258789,33.900001525878906,33.20000076293945,33.5,413900,0.0,0.0
2024-03-27 00:00:00-04:00,33.90999984741211,33.939998626708984,33.27000045776367,33.65999984741211,558300,0.0,0.0
2024-03-28 00:00:00-04:00,33.77000045776367,34.65999984741211,33.650001525878906,34.5,807400,0.0,0.0
2024-04-01 00:00:00-04:00,34.5,34.5,33.560001373291016,34.02000045776367,476700,0.0,0.0
2024-04-02 00:00:00-04:00,33.52000045776367,33.95000076293945,33.20000076293945,33.83000183105469,548600,0.0,0.0
2024-04-03 00:00:00-04:00,33.56999969482422,34.18000030517578,33.56999969482422,34.18000030517578,557000,0.0,0.0
2024-04-04 00:00:00-04:00,34.599998474121094,34.83000183105469,34.349998474121094,34.68000030517578,593700,0.0,0.0
2024-04-05 00:00:00-04:00,34.779998779296875,36.81999969482422,34.779998779296875,36.529998779296875,866700,0.0,0.0
2024-04-08 00:00:00-04:00,36.61000061035156,36.61000061035156,35.349998474121094,35.369998931884766,544700,0.0,0.0
2024-04-09 00:00:00-04:00,35.38999938964844,35.43000030517578,34.38999938964844,34.59000015258789,433800,0.0,0.0
2024-04-10 00:00:00-04:00,33.869998931884766,34.4900016784668,33.54999923706055,33.880001068115234,459300,0.0,0.0
2024-04-11 00:00:00-04:00,34.0099983215332,34.22999954223633,33.68000030517578,34.16999816894531,325700,0.0,0.0
2024-04-12 00:00:00-04:00,33.97999954223633,34.13999938964844,33.45000076293945,33.689998626708984,283700,0.0,0.0
2024-04-15 00:00:00-04:00,33.70000076293945,33.70000076293945,31.989999771118164,32.25,706900,0.0,0.0
2024-04-16 00:00:00-04:00,32.0099983215332,32.52000045776367,31.899999618530273,32.150001525878906,283600,0.0,0.0
2024-04-17 00:00:00-04:00,32.310001373291016,32.599998474121094,31.709999084472656,31.760000228881836,396600,0.0,0.0
2024-04-18 00:00:00-04:00,31.829999923706055,32.540000915527344,31.829999923706055,32.18000030517578,408500,0.0,0.0
2024-04-19 00:00:00-04:00,32.209999084472656,32.56999969482422,32.0,32.06999969482422,506500,0.0,0.0
2024-04-22 00:00:00-04:00,32.279998779296875,32.63999938964844,32.06999969482422,32.41999816894531,365400,0.0,0.0
2024-04-23 00:00:00-04:00,32.459999084472656,33.349998474121094,32.459999084472656,33.189998626708984,579200,0.0,0.0
2024-04-24 00:00:00-04:00,33.029998779296875,33.130001068115234,31.8799991607666,32.36000061035156,751800,0.0,0.0
2024-04-25 00:00:00-04:00,31.950000762939453,32.33000183105469,31.700000762939453,31.989999771118164,753400,0.0,0.0
2024-04-26 00:00:00-04:00,32.5099983215332,32.81999969482422,32.22999954223633,32.63999938964844,648500,0.0,0.0
2024-04-29 00:00:00-04:00,32.65999984741211,32.959999084472656,32.36000061035156,32.939998626708984,537000,0.0,0.0
2024-04-30 00:00:00-04:00,32.83000183105469,32.939998626708984,32.099998474121094,32.11000061035156,697000,0.0,0.0
2024-05-01 00:00:00-04:00,32.16999816894531,32.880001068115234,32.13999938964844,32.290000915527344,378800,0.0,0.0
2024-05-02 00:00:00-04:00,32.70000076293945,32.7400016784668,32.380001068115234,32.47999954223633,332800,0.0,0.0
2024-05-03 00:00:00-04:00,33.040000915527344,33.15999984741211,32.27000045776367,32.560001373291016,402800,0.0,0.0
2024-05-06 00:00:00-04:00,32.720001220703125,32.90999984741211,32.630001068115234,32.790000915527344,261500,0.0,0.0
2024-05-07 00:00:00-04:00,32.77000045776367,33.459999084472656,32.5,33.209999084472656,373200,0.0,0.0
2024-05-08 00:00:00-04:00,32.939998626708984,32.95000076293945,32.029998779296875,32.2599983215332,418100,0.0,0.0
2024-05-09 00:00:00-04:00,32.29999923706055,33.15999984741211,32.099998474121094,32.70000076293945,463500,0.0,0.0
2024-05-10 00:00:00-04:00,32.619998931884766,32.619998931884766,32.279998779296875,32.529998779296875,365800,0.0,0.0
2024-05-13 00:00:00-04:00,32.86000061035156,32.86000061035156,32.349998474121094,32.459999084472656,357400,0.0,0.0
2024-05-14 00:00:00-04:00,32.619998931884766,32.779998779296875,32.029998779296875,32.209999084472656,398000,0.0,0.0
2024-05-15 00:00:00-04:00,32.599998474121094,32.9900016784668,32.029998779296875,32.90999984741211,453700,0.0,0.0
2024-05-16 00:00:00-04:00,32.810001373291016,33.2400016784668,32.540000915527344,33.15999984741211,364400,0.0,0.0
2024-05-17 00:00:00-04:00,33.310001373291016,33.5,33.040000915527344,33.15999984741211,326700,0.0,0.0
2024-05-20 00:00:00-04:00,32.95000076293945,33.7400016784668,32.81999969482422,33.58000183105469,359100,0.0,0.0
2024-05-21 00:00:00-04:00,33.380001068115234,33.380001068115234,32.560001373291016,32.70000076293945,391100,0.0,0.0
2024-05-22 00:00:00-04:00,32.75,32.75,32.04999923706055,32.34000015258789,672500,0.0,0.0
2024-05-23 00:00:00-04:00,37.900001525878906,38.0,33.83000183105469,34.279998779296875,2931100,0.0,0.0
2024-05-24 00:00:00-04:00,34.0,34.20000076293945,31.899999618530273,31.989999771118164,1397000,0.0,0.0
2024-05-28 00:00:00-04:00,32.060001373291016,32.279998779296875,30.56999969482422,31.1200008392334,1202100,0.0,0.0
2024-05-29 00:00:00-04:00,30.799999237060547,31.65999984741211,30.6299991607666,31.15999984741211,797600,0.0,0.0
2024-05-30 00:00:00-04:00,30.799999237060547,31.15999984741211,30.549999237060547,30.8700008392334,656400,0.0,0.0
2024-05-31 00:00:00-04:00,30.790000915527344,31.329999923706055,30.65999984741211,31.290000915527344,724100,0.0,0.0
2024-06-03 00:00:00-04:00,31.540000915527344,31.770000457763672,30.8700008392334,31.15999984741211,586100,0.0,0.0
2024-06-04 00:00:00-04:00,30.950000762939453,31.31999969482422,30.860000610351562,31.309999465942383,465300,0.0,0.0
2024-06-05 00:00:00-04:00,31.440000534057617,31.729999542236328,31.09000015258789,31.40999984741211,405900,0.0,0.0
2024-06-06 00:00:00-04:00,31.350000381469727,31.799999237060547,31.270000457763672,31.450000762939453,333600,0.0,0.0
2024-06-07 00:00:00-04:00,31.329999923706055,31.34000015258789,30.950000762939453,31.06999969482422,317300,0.0,0.0
2024-06-10 00:00:00-04:00,30.799999237060547,30.860000610351562,30.31999969482422,30.559999465942383,503300,0.0,0.0
2024-06-11 00:00:00-04:00,30.420000076293945,30.75,30.239999771118164,30.639999389648438,417600,0.0,0.0
2024-06-12 00:00:00-04:00,31.110000610351562,31.440000534057617,30.670000076293945,30.719999313354492,465100,0.0,0.0
2024-06-13 00:00:00-04:00,30.59000015258789,30.600000381469727,29.719999313354492,29.729999542236328,676900,0.0,0.0
2024-06-14 00:00:00-04:00,29.5,29.579999923706055,29.110000610351562,29.190000534057617,691600,0.0,0.0
2024-06-17 00:00:00-04:00,29.239999771118164,29.510000228881836,28.899999618530273,29.479999542236328,1004000,0.0,0.0
2024-06-18 00:00:00-04:00,29.450000762939453,29.56999969482422,29.1200008392334,29.149999618530273,635700,0.0,0.0
2024-06-20 00:00:00-04:00,28.950000762939453,29.739999771118164,28.920000076293945,29.559999465942383,772800,0.0,0.0
2024-06-21 00:00:00-04:00,29.469999313354492,30.18000030517578,29.469999313354492,30.170000076293945,1036100,0.0,0.0
2024-06-24 00:00:00-04:00,30.0,30.350000381469727,29.790000915527344,29.799999237060547,642800,0.0,0.0
2024-06-25 00:00:00-04:00,29.84000015258789,30.469999313354492,29.420000076293945,30.420000076293945,772000,0.0,0.0
2024-06-26 00:00:00-04:00,30.450000762939453,30.790000915527344,29.84000015258789,29.950000762939453,609300,0.0,0.0
2024-06-27 00:00:00-04:00,30.110000610351562,30.440000534057617,29.809999465942383,30.360000610351562,461500,0.0,0.0
2024-06-28 00:00:00-04:00,30.600000381469727,30.969999313354492,30.3799991607666,30.940000534057617,3314300,0.0,0.0
2024-07-01 00:00:00-04:00,31.15999984741211,31.979999542236328,31.110000610351562,31.920000076293945,680400,0.0,0.0
2024-07-02 00:00:00-04:00,31.90999984741211,32.15999984741211,31.469999313354492,31.780000686645508,552000,0.0,0.0
2024-07-03 00:00:00-04:00,31.739999771118164,31.989999771118164,31.690000534057617,31.8700008392334,214300,0.0,0.0
2024-07-05 00:00:00-04:00,31.799999237060547,32.25,31.6200008392334,31.709999084472656,360500,0.0,0.0
2024-07-08 00:00:00-04:00,31.84000015258789,31.84000015258789,31.450000762939453,31.56999969482422,390100,0.0,0.0
2024-07-09 00:00:00-04:00,31.510000228881836,31.559999465942383,31.049999237060547,31.440000534057617,358700,0.0,0.0
2024-07-10 00:00:00-04:00,31.40999984741211,31.530000686645508,30.90999984741211,31.020000457763672,552300,0.0,0.0
2024-07-11 00:00:00-04:00,31.459999084472656,31.700000762939453,31.200000762939453,31.43000030517578,614600,0.0,0.0
2024-07-12 00:00:00-04:00,31.809999465942383,32.290000915527344,31.600000381469727,32.040000915527344,473200,0.0,0.0
2024-07-15 00:00:00-04:00,32.27000045776367,32.84000015258789,32.06999969482422,32.709999084472656,600100,0.0,0.0
2024-07-16 00:00:00-04:00,32.900001525878906,33.470001220703125,32.900001525878906,33.02000045776367,753200,0.0,0.0
2024-07-17 00:00:00-04:00,32.619998931884766,33.27000045776367,32.13999938964844,32.15999984741211,629100,0.0,0.0
2024-07-18 00:00:00-04:00,32.119998931884766,32.34000015258789,31.420000076293945,31.610000610351562,425800,0.0,0.0
2024-07-19 00:00:00-04:00,31.6299991607666,32.060001373291016,31.440000534057617,32.02000045776367,453900,0.0,0.0
2024-07-22 00:00:00-04:00,32.279998779296875,32.34000015258789,31.739999771118164,31.799999237060547,800600,0.0,0.0
2024-07-23 00:00:00-04:00,29.510000228881836,30.780000686645508,29.270000457763672,30.3799991607666,1883300,0.0,0.0
2024-07-24 00:00:00-04:00,30.350000381469727,30.639999389648438,29.559999465942383,29.579999923706055,927800,0.0,0.0
2024-07-25 00:00:00-04:00,29.8799991607666,30.3700008392334,29.549999237060547,30.059999465942383,756900,0.0,0.0
2024-07-26 00:00:00-04:00,30.43000030517578,30.600000381469727,30.100000381469727,30.25,504300,0.0,0.0
2024-07-29 00:00:00-04:00,30.34000015258789,30.809999465942383,30.170000076293945,30.520000457763672,485000,0.0,0.0
2024-07-30 00:00:00-04:00,30.549999237060547,30.790000915527344,30.149999618530273,30.530000686645508,584800,0.0,0.0
2024-07-31 00:00:00-04:00,30.690000534057617,30.979999542236328,30.239999771118164,30.280000686645508,741300,0.0,0.0
2024-08-01 00:00:00-04:00,30.190000534057617,30.459999084472656,29.219999313354492,29.649999618530273,640200,0.0,0.0
2024-08-02 00:00:00-04:00,28.899999618530273,29.059999465942383,28.530000686645508,28.760000228881836,660600,0.0,0.0
2024-08-05 00:00:00-04:00,26.420000076293945,27.469999313354492,26.420000076293945,26.969999313354492,991400,0.0,0.0
2024-08-06 00:00:00-04:00,26.950000762939453,27.170000076293945,26.56999969482422,26.860000610351562,625200,0.0,0.0
2024-08-07 00:00:00-04:00,27.030000686645508,27.639999389648438,26.8700008392334,26.920000076293945,942300,0.0,0.0
2024-08-08 00:00:00-04:00,24.610000610351562,26.43000030517578,21.520000457763672,21.829999923706055,3814900,0.0,0.0
2024-08-09 00:00:00-04:00,22.030000686645508,22.479999542236328,21.450000762939453,21.739999771118164,1748800,0.0,0.0
2024-08-12 00:00:00-04:00,21.760000228881836,22.649999618530273,21.6200008392334,22.229999542236328,1422500,0.0,0.0
2024-08-13 00:00:00-04:00,22.290000915527344,22.510000228881836,21.959999084472656,22.290000915527344,955600,0.0,0.0
2024-08-14 00:00:00-04:00,22.399999618530273,22.610000610351562,22.170000076293945,22.209999084472656,599700,0.0,0.0
2024-08-15 00:00:00-04:00,23.719999313354492,23.899999618530273,23.360000610351562,23.610000610351562,1070800,0.0,0.0
2024-08-16 00:00:00-04:00,23.5,24.31999969482422,23.5,23.979999542236328,931400,0.0,0.0
2024-08-19 00:00:00-04:00,23.959999084472656,24.729999542236328,23.8799991607666,24.649999618530273,850100,0.0,0.0
2024-08-20 00:00:00-04:00,24.600000381469727,25.43000030517578,24.469999313354492,25.260000228881836,889100,0.0,0.0
2024-08-21 00:00:00-04:00,25.3700008392334,25.90999984741211,25.280000686645508,25.899999618530273,837900,0.0,0.0
2024-08-22 00:00:00-04:00,25.899999618530273,26.229999542236328,25.020000457763672,25.3799991607666,851500,0.0,0.0
2024-08-23 00:00:00-04:00,25.299999237060547,25.5,25.010000228881836,25.030000686645508,910400,0.0,0.0
2024-08-26 00:00:00-04:00,25.510000228881836,25.889999389648438,25.170000076293945,25.530000686645508,701300,0.0,0.0
2024-08-27 00:00:00-04:00,25.440000534057617,25.5,24.81999969482422,25.149999618530273,985700,0.0,0.0
2024-08-28 00:00:00-04:00,25.110000610351562,25.3799991607666,24.719999313354492,24.899999618530273,681100,0.0,0.0
2024-08-29 00:00:00-04:00,25.059999465942383,25.559999465942383,24.850000381469727,25.43000030517578,536700,0.0,0.0
2024-08-30 00:00:00-04:00,25.530000686645508,26.079999923706055,25.530000686645508,25.920000076293945,740000,0.0,0.0
2024-09-03 00:00:00-04:00,25.6200008392334,26.1200008392334,25.520000457763672,25.540000915527344,617600,0.0,0.0
2024-09-04 00:00:00-04:00,25.459999084472656,25.579999923706055,25.209999084472656,25.450000762939453,484800,0.0,0.0
2024-09-05 00:00:00-04:00,25.40999984741211,25.65999984741211,25.15999984741211,25.6299991607666,503100,0.0,0.0
2024-09-06 00:00:00-04:00,25.729999542236328,25.959999084472656,24.84000015258789,24.920000076293945,708300,0.0,0.0
2024-09-09 00:00:00-04:00,24.829999923706055,24.989999771118164,24.209999084472656,24.290000915527344,580500,0.0,0.0
2024-09-10 00:00:00-04:00,24.3700008392334,24.520000457763672,24.110000610351562,24.309999465942383,710700,0.0,0.0
2024-09-11 00:00:00-04:00,24.149999618530273,24.90999984741211,23.719999313354492,24.81999969482422,697400,0.0,0.0
2024-09-12 00:00:00-04:00,24.979999542236328,25.530000686645508,24.5,25.520000457763672,646400,0.0,0.0
2024-09-13 00:00:00-04:00,25.75,26.6200008392334,25.75,26.209999084472656,756300,0.0,0.0
2024-09-16 00:00:00-04:00,26.34000015258789,26.3799991607666,25.65999984741211,25.940000534057617,427500,0.0,0.0
2024-09-17 00:00:00-04:00,26.170000076293945,26.190000534057617,25.6200008392334,25.809999465942383,467400,0.0,0.0
2024-09-18 00:00:00-04:00,25.760000228881836,26.059999465942383,25.31999969482422,25.559999465942383,388700,0.0,0.0
2024-09-19 00:00:00-04:00,26.09000015258789,26.09000015258789,25.610000610351562,26.059999465942383,456900,0.0,0.0
2024-09-20 00:00:00-04:00,26.010000228881836,26.420000076293945,25.8799991607666,25.989999771118164,1389376,0.0,0.0
