Date,Open,High,Low,Close,Volume,Dividends,Stock Splits
2002-05-02 00:00:00-04:00,2.501319092007978,2.5060651302337646,2.501319092007978,2.5060651302337646,3610,0.0,0.0
2002-05-03 00:00:00-04:00,2.5076465606689453,2.5076465606689453,2.5076465606689453,2.5076465606689453,4266,0.0,0.0
2002-05-06 00:00:00-04:00,2.5076465606689453,2.5155567865342268,2.4965714027861505,2.5076465606689453,15094,0.0,0.0
2002-05-07 00:00:00-04:00,2.50764692524517,2.518721342086792,2.50764692524517,2.518721342086792,10500,0.0,0.0
2002-05-08 00:00:00-04:00,2.5282140794689334,2.5313782691955566,2.5029003141055086,2.5313782691955566,47252,0.0,0.0
2002-05-09 00:00:00-04:00,2.5313789887901064,2.540871560668427,2.5313789887901064,2.539289712905884,24610,0.0,0.0
2002-05-10 00:00:00-04:00,2.523469071617151,2.526633262634278,2.5029013349047435,2.5266332626342773,13782,0.0,0.0
2002-05-13 00:00:00-04:00,2.515557527542114,2.515557527542114,2.515557527542114,2.5155575275421143,7547,0.0,0.0
2002-05-14 00:00:00-04:00,2.5076472993467163,2.5313787265843644,2.5076472993467163,2.5155575275421143,31829,0.0,0.0
2002-05-15 00:00:00-04:00,2.5155571876124725,2.5155571876124725,2.5076469604859914,2.512392997741699,27892,0.0,0.0
2002-05-16 00:00:00-04:00,2.512393337243761,2.515557527542114,2.4997363284998637,2.5155575275421143,40689,0.0,0.0
2002-05-17 00:00:00-04:00,2.5155578277729176,2.563021183013916,2.5155578277729176,2.563021183013916,318622,0.0,0.0
2002-05-20 00:00:00-04:00,2.540870838375426,2.540870838375426,2.5313782691955566,2.5313782691955566,6563,0.0,0.0
2002-05-21 00:00:00-04:00,2.4997363284998637,2.515557527542114,2.4918261003044657,2.5155575275421143,11157,0.0,0.0
2002-05-22 00:00:00-04:00,2.515557747898238,2.515557747898238,2.4997365474700928,2.4997365474700928,8860,0.0,0.0
2002-05-23 00:00:00-04:00,2.5155579447746272,2.5155579447746272,2.4680945873260494,2.46809458732605,20016,0.0,0.0
2002-05-24 00:00:00-04:00,2.483915328979492,2.5076472508592333,2.483915328979492,2.483915328979492,12797,0.0,0.0
2002-05-28 00:00:00-04:00,2.5076465606689453,2.5234677550507447,2.499735592152428,2.5076465606689453,60706,0.0,0.0
2002-05-29 00:00:00-04:00,2.4997365474700928,2.5234687194380703,2.4997365474700928,2.4997365474700928,12797,0.0,0.0
2002-05-30 00:00:00-04:00,2.4997367032919895,2.4997367032919895,2.41272096193981,2.4443631172180176,65299,0.0,0.0
2002-05-31 00:00:00-04:00,2.4570201669954863,2.4680945873260494,2.4570201669954863,2.46809458732605,15422,0.0,0.0
2002-06-03 00:00:00-04:00,2.468093420981352,2.4839146151711127,2.341524362564087,2.341524362564087,45283,0.0,0.0
2002-06-04 00:00:00-04:00,2.34152407047569,2.34152407047569,2.3257036209106445,2.3257036209106445,4922,0.0,0.0
2002-06-05 00:00:00-04:00,2.3177933692932133,2.3177933692932133,2.3177933692932133,2.317793369293213,8203,0.0,0.0
2002-06-06 00:00:00-04:00,2.3336141367948207,2.341524362564087,2.3098827168357934,2.341524362564087,10829,0.0,0.0
2002-06-07 00:00:00-04:00,2.3652577544431517,2.3810789585113525,2.3573470286337694,2.3810789585113525,12141,0.0,0.0
2002-06-10 00:00:00-04:00,2.3889888669106436,2.4522734270948865,2.3810786372695922,2.423795461654663,35111,0.0,0.0
2002-06-11 00:00:00-04:00,2.4127201519971835,2.4127201519971835,2.3573458418606283,2.373167037963867,31173,0.0,0.0
2002-06-12 00:00:00-04:00,2.34152464575739,2.396898955893945,2.34152464575739,2.373167037963867,17391,0.0,0.0
2002-06-13 00:00:00-04:00,2.34152464575739,2.373167037963867,2.333614419031429,2.373167037963867,26251,0.0,0.0
2002-06-14 00:00:00-04:00,2.3494364008212116,2.377914365290146,2.3494364008212116,2.368421792984009,6563,0.0,0.0
2002-06-17 00:00:00-04:00,2.381077823627344,2.396899020154749,2.381077823627344,2.390570640563965,20345,0.0,0.0
2002-06-18 00:00:00-04:00,2.3731669902074755,2.3731669902074755,2.349435567855835,2.349435567855835,7219,0.0,0.0
2002-06-19 00:00:00-04:00,2.3510186460267146,2.3810789585113525,2.3510186460267146,2.3810789585113525,6235,0.0,0.0
2002-06-20 00:00:00-04:00,2.404809552454765,2.404809552454765,2.373167402932491,2.4000635147094727,29532,0.0,0.0
2002-06-21 00:00:00-04:00,2.3968997225262316,2.4206311529457705,2.3968997225262316,2.4048099517822266,21985,0.0,0.0
2002-06-24 00:00:00-04:00,2.373167598533782,2.4364521503448486,2.373167598533782,2.4364521503448486,41674,0.0,0.0
2002-06-25 00:00:00-04:00,2.4522727020995756,2.512393053633072,2.4522727020995756,2.491825819015503,46596,0.0,0.0
2002-06-26 00:00:00-04:00,2.468094394164309,2.4997365474700928,2.468094394164309,2.4997365474700928,32158,0.0,0.0
2002-06-27 00:00:00-04:00,2.51239355732271,2.5234687194380703,2.436452240858525,2.4997365474700928,66284,0.0,0.0
2002-06-28 00:00:00-04:00,2.515558172087546,2.515558172087546,2.396900015294342,2.4522736072540283,368171,0.0,0.0
2002-07-01 00:00:00-04:00,2.4522733856596814,2.4680945873260494,2.417467039054303,2.46809458732605,73175,0.0,0.0
2002-07-02 00:00:00-04:00,2.4760055356733273,2.5076479418653603,2.4522736072540283,2.4522736072540283,32486,0.0,0.0
2002-07-03 00:00:00-04:00,2.4586017957871964,2.4586017957871964,2.436452214448091,2.4459447860717773,43314,0.0,0.0
2002-07-05 00:00:00-04:00,2.4427802562713627,2.4427802562713627,2.4427802562713627,2.4427802562713623,656,0.0,0.0
2002-07-08 00:00:00-04:00,2.43645243154384,2.504483524444064,2.43645243154384,2.46809458732605,9516,0.0,0.0
2002-07-09 00:00:00-04:00,2.4854979374307247,2.4997365474700928,2.483915594592454,2.4997365474700928,43314,0.0,0.0
2002-07-10 00:00:00-04:00,2.483915222695422,2.5029006108565626,2.441198408770943,2.4427802562713623,43642,0.0,0.0
2002-07-11 00:00:00-04:00,2.42055919734814,2.444367724726596,2.396749924905457,2.415796995162964,14110,0.01524,0.0
2002-07-12 00:00:00-04:00,2.420560559261527,2.420560559261527,2.3967512734226966,2.412623882293701,5906,0.0,0.0
2002-07-15 00:00:00-04:00,2.3808782475257972,2.3808782475257972,2.3062776772387767,2.3300867080688477,89254,0.0,0.0
2002-07-16 00:00:00-04:00,2.330086850961207,2.417385311466035,2.299928627494755,2.399925470352173,63002,0.0,0.0
2002-07-17 00:00:00-04:00,2.3967506885528564,2.3967506885528564,2.3491331219146563,2.3967506885528564,8203,0.0,0.0
2002-07-18 00:00:00-04:00,2.3967507503098084,2.4253214897127666,2.3411972522735596,2.3411972522735596,26251,0.0,0.0
2002-07-19 00:00:00-04:00,2.341197395010204,2.34437186661411,2.222153716444353,2.2618348598480225,83347,0.0,0.0
2002-07-22 00:00:00-04:00,2.2300894652537258,2.238026140326006,2.0650152168271623,2.103109121322632,126661,0.0,0.0
2002-07-23 00:00:00-04:00,2.14279087796401,2.2110425124069994,2.079300826627322,2.0872368812561035,166694,0.0,0.0
2002-07-24 00:00:00-04:00,2.079300726024461,2.2062809467315674,2.0618406367859206,2.2062809467315674,108942,0.0,0.0
2002-07-25 00:00:00-04:00,2.2110426807050327,2.2300897596445557,2.1872341424741983,2.223740816116333,98113,0.0,0.0
2002-07-26 00:00:00-04:00,2.225327971021587,2.2840561866760254,2.225327971021587,2.2840561866760254,90566,0.0,0.0
2002-07-29 00:00:00-04:00,2.291992352158244,2.3332609709925536,2.2777067362516417,2.325324296951294,38392,0.0,0.0
2002-07-30 00:00:00-04:00,2.3411972901998905,2.3808784318271212,2.3411972901998905,2.358656883239746,28876,0.0,0.0
2002-07-31 00:00:00-04:00,2.341197432589764,2.3729423974932202,2.341197432589764,2.3650059700012207,20345,0.0,0.0
2002-08-01 00:00:00-04:00,2.384053697869815,2.384053697869815,2.3491340034420607,2.3618321418762207,363577,0.0,0.0
2002-08-02 00:00:00-04:00,2.3713545085292327,2.376116711908327,2.3634185791015625,2.3634185791015625,19360,0.0,0.0
2002-08-05 00:00:00-04:00,2.3808781702230077,2.3808781702230077,2.357069636875582,2.3634185791015625,95488,0.0,0.0
2002-08-06 00:00:00-04:00,2.363418928159815,2.379291534423828,2.357069984996146,2.379291534423828,43642,0.0,0.0
2002-08-07 00:00:00-04:00,2.379290799089489,2.3888142108917236,2.350720066973256,2.3888142108917236,28876,0.0,0.0
2002-08-08 00:00:00-04:00,2.3888136264999034,2.441192626953125,2.3840516734089707,2.441192626953125,96144,0.0,0.0
2002-08-09 00:00:00-04:00,2.4443686513503278,2.4523050785064697,2.4443686513503278,2.4523050785064697,6563,0.0,0.0
2002-08-12 00:00:00-04:00,2.4364323616027828,2.4364323616027828,2.4364323616027828,2.436432361602783,328,0.0,0.0
2002-08-13 00:00:00-04:00,2.4364332535593403,2.4554803371429443,2.4364332535593403,2.4554803371429443,1969,0.0,0.0
2002-08-14 00:00:00-04:00,2.4554797065899416,2.4856371879577637,2.4554797065899416,2.4856371879577637,10500,0.0,0.0
2002-08-15 00:00:00-04:00,2.491986533648406,2.491986533648406,2.4602413177490234,2.4602413177490234,3610,0.0,0.0
2002-08-16 00:00:00-04:00,2.452305506222862,2.484050475319688,2.444369077682495,2.444369077682495,7547,0.0,0.0
2002-08-19 00:00:00-04:00,2.484049804468165,2.511033058166504,2.465002977166853,2.511033058166504,50533,0.0,0.0
2002-08-20 00:00:00-04:00,2.5110335928497043,2.5110335928497043,2.4919865131378174,2.4919865131378174,9844,0.0,0.0
2002-08-21 00:00:00-04:00,2.511033058166504,2.511033058166504,2.50468386737792,2.511033058166504,16735,0.0,0.0
2002-08-22 00:00:00-04:00,2.5110330373063183,2.5157949924468994,2.4999223881395203,2.5157949924468994,23298,0.0,0.0
2002-08-23 00:00:00-04:00,2.515795372579439,2.536429438435552,2.515795372579439,2.5269057750701904,10172,0.0,0.0
2002-08-26 00:00:00-04:00,2.517382328721536,2.531667947769165,2.517382328721536,2.531667947769165,6891,0.0,0.0
2002-08-27 00:00:00-04:00,2.531667596754279,2.5348420679447927,2.5157949924468994,2.5157949924468994,39705,0.0,0.0
2002-08-28 00:00:00-04:00,2.5157949924468994,2.5348420679447927,2.5157949924468994,2.5157949924468994,35767,0.0,0.0
2002-08-29 00:00:00-04:00,2.5157952068126628,2.530080080032349,2.5157952068126628,2.5300800800323486,37408,0.0,0.0
2002-08-30 00:00:00-04:00,2.531666950675612,2.531666950675612,2.515794350418903,2.5237302780151367,2297,0.0,0.0
2002-09-03 00:00:00-04:00,2.515795488772843,2.515795488772843,2.46024123855965,2.4840502738952637,46267,0.0,0.0
2002-09-04 00:00:00-04:00,2.4919858495695735,2.499922275543213,2.4681773167130547,2.499922275543213,7219,0.0,0.0
2002-09-05 00:00:00-04:00,2.4602413177490234,2.4792883976176796,2.4602413177490234,2.4602413177490234,30189,0.0,0.0
2002-09-06 00:00:00-04:00,2.4618291474318963,2.476114273071289,2.4300841754338984,2.476114273071289,7875,0.0,0.0
2002-09-09 00:00:00-04:00,2.4602413571943385,2.4681780338287354,2.4364328174203784,2.4681780338287354,8532,0.0,0.0
2002-09-10 00:00:00-04:00,2.4697649218582374,2.4697649218582374,2.388815144826696,2.420560359954834,11157,0.0,0.0
2002-09-11 00:00:00-04:00,2.399925537306896,2.4300835132598877,2.3888148870593566,2.4300835132598877,32158,0.0,0.0
2002-09-12 00:00:00-04:00,2.4284958839416504,2.430083367951209,2.412623279039445,2.4284958839416504,38720,0.0,0.0
2002-09-13 00:00:00-04:00,2.4221474063665793,2.4602413177490234,2.4205604187619647,2.4602413177490234,16407,0.0,0.0
2002-09-16 00:00:00-04:00,2.4602416299110783,2.4618291144268527,2.4586546421051025,2.4586546421051025,4594,0.0,0.0
2002-09-17 00:00:00-04:00,2.444368540042704,2.444368540042704,2.4284959348080366,2.436432361602783,87941,0.0,0.0
2002-09-18 00:00:00-04:00,2.4284956047517827,2.4300830885788374,2.4046870726678313,2.4110360145568848,36751,0.0,0.0
2002-09-19 00:00:00-04:00,2.380878331910004,2.3967506885528564,2.3792913446005404,2.3967506885528564,121739,0.0,0.0
2002-09-20 00:00:00-04:00,2.396750565898328,2.396750565898328,2.380878210067749,2.380878210067749,34783,0.0,0.0
2002-09-23 00:00:00-04:00,2.3808789031137496,2.385640859603882,2.3808789031137496,2.385640859603882,6891,0.0,0.0
2002-09-24 00:00:00-04:00,2.387226883163027,2.42849550037778,2.384052412354935,2.4221465587615967,58080,0.0,0.0
2002-09-25 00:00:00-04:00,2.4126228055490673,2.4253209366497184,2.4126228055490673,2.423733949661255,17719,0.0,0.0
2002-09-26 00:00:00-04:00,2.412623882293701,2.412623882293701,2.412623882293701,2.412623882293701,2625,0.0,0.0
2002-09-27 00:00:00-04:00,2.4205599697906677,2.4205599697906677,2.3808783330992513,2.391989231109619,16735,0.0,0.0
2002-09-30 00:00:00-04:00,2.3808788787132835,2.396751239001453,2.3808788787132835,2.3951642513275146,10500,0.0,0.0
2002-10-01 00:00:00-04:00,2.385640672984855,2.423734831796675,2.3824662011430133,2.420560359954834,10500,0.0,0.0
2002-10-02 00:00:00-04:00,2.4205597699088846,2.4205597699088846,2.4046871662139893,2.4046871662139893,3610,0.0,0.0
2002-10-03 00:00:00-04:00,2.4046873635839257,2.4205599685815997,2.3967506885528564,2.3967506885528564,1969,0.0,0.0
2002-10-04 00:00:00-04:00,2.382465725865144,2.382465725865144,2.371354579925537,2.371354579925537,14766,0.0,0.0
2002-10-07 00:00:00-04:00,2.3665931270535303,2.3665931270535303,2.330086708068847,2.3300867080688477,35111,0.0,0.0
2002-10-08 00:00:00-04:00,2.330086500059882,2.3316734871714275,2.323737309839749,2.325324296951294,6891,0.0,0.0
2002-10-09 00:00:00-04:00,2.309452345891027,2.3173887729644775,2.277707134306895,2.3173887729644775,29532,0.0,0.0
2002-10-10 00:00:00-04:00,2.309426034385855,2.317389488220215,2.2839427329075206,2.317389488220215,18704,0.01524,0.0
2002-10-11 00:00:00-04:00,2.3142043887795474,2.325353474715066,2.3142043887795474,2.3157973289489746,16407,0.0,0.0
2002-10-14 00:00:00-04:00,2.3157973289489746,2.3157973289489746,2.3157973289489746,2.3157973289489746,0,0.0,0.0
2002-10-15 00:00:00-04:00,2.3157973289489746,2.317389770701578,2.3094263158965016,2.3157973289489746,14438,0.0,0.0
2002-10-16 00:00:00-04:00,2.325354547382802,2.333317756652832,2.3094273812171613,2.333317756652832,2953,0.0,0.0
2002-10-17 00:00:00-04:00,2.333317529497509,2.333317529497509,2.318983554840088,2.318983554840088,5906,0.0,0.0
2002-10-18 00:00:00-04:00,2.3189837805999565,2.333317756652832,2.3189837805999565,2.333317756652832,2297,0.0,0.0
2002-10-21 00:00:00-04:00,2.3253536224365234,2.3253536224365234,2.3253536224365234,2.3253536224365234,1641,0.0,0.0
2002-10-22 00:00:00-04:00,2.3142046928405766,2.3142046928405766,2.3142046928405766,2.314204692840576,328,0.0,0.0
2002-10-23 00:00:00-04:00,2.3142046629534994,2.371542042759883,2.3142046629534994,2.3699491024017334,3938,0.0,0.0
2002-10-24 00:00:00-04:00,2.3540228519576627,2.355615294177533,2.350837469100952,2.350837469100952,11813,0.0,0.0
2002-10-25 00:00:00-04:00,2.354023173407403,2.3572080582820503,2.354023173407403,2.3556156158447266,1969,0.0,0.0
2002-10-28 00:00:00-05:00,2.3492441177368164,2.3492441177368164,2.3476516757953587,2.3492441177368164,1969,0.0,0.0
2002-10-29 00:00:00-05:00,2.349243854212441,2.3572070598602295,2.349243854212441,2.3572070598602295,11485,0.0,0.0
2002-10-30 00:00:00-05:00,2.357207736397403,2.357207736397403,2.350837469100952,2.350837469100952,21329,0.0,0.0
2002-10-31 00:00:00-05:00,2.3572070598602295,2.3572070598602295,2.349243854212441,2.3572070598602295,25267,0.0,0.0
2002-11-01 00:00:00-05:00,2.354022013594739,2.3890612125396733,2.354022013594739,2.389061212539673,10500,0.0,0.0
2002-11-04 00:00:00-05:00,2.387468770886936,2.3890612125396733,2.3826904490951395,2.389061212539673,5250,0.0,0.0
2002-11-05 00:00:00-05:00,2.3651721477508545,2.3651721477508545,2.349244981189476,2.3651721477508545,16407,0.0,0.0
2002-11-06 00:00:00-05:00,2.3683573982199873,2.389062389615942,2.3524302325530413,2.3556156158447266,9516,0.0,0.0
2002-11-07 00:00:00-05:00,2.3540233004931546,2.3635792016755826,2.3540233004931546,2.3588011264801025,119442,0.0,0.0
2002-11-08 00:00:00-05:00,2.389061948146461,2.389061948146461,2.3699494027195946,2.374727725982666,38392,0.0,0.0
2002-11-11 00:00:00-05:00,2.385876244681717,2.385876244681717,2.36357831954956,2.3635783195495605,10500,0.0,0.0
2002-11-12 00:00:00-05:00,2.3683563400463052,2.3890613221913433,2.3683563400463052,2.385875940322876,13782,0.0,0.0
2002-11-13 00:00:00-05:00,2.3731345651891766,2.387469284439616,2.3731345651891766,2.3810982704162598,4266,0.0,0.0
2002-11-14 00:00:00-05:00,2.385875850147622,2.3954319953918457,2.377912395777436,2.3954319953918457,34126,0.0,0.0
2002-11-15 00:00:00-05:00,2.358800154936077,2.3938398570211565,2.357207214651819,2.3731343746185303,14110,0.0,0.0
2002-11-18 00:00:00-05:00,2.365170911653277,2.3763194987652048,2.365170911653277,2.3667633533477783,7547,0.0,0.0
2002-11-19 00:00:00-05:00,2.3810981896581334,2.3810981896581334,2.3699491024017334,2.3699491024017334,2297,0.0,0.0
2002-11-20 00:00:00-05:00,2.3779123113185174,2.39065408706665,2.3651707847787744,2.3906540870666504,21329,0.0,0.0
2002-11-21 00:00:00-05:00,2.39065451969637,2.392246961593628,2.379505183539653,2.392246961593628,15751,0.0,0.0
2002-11-22 00:00:00-05:00,2.387469530105591,2.387469530105591,2.387469530105591,2.387469530105591,328,0.0,0.0
2002-11-25 00:00:00-05:00,2.387468770886936,2.3890612125396733,2.387468770886936,2.389061212539673,8203,0.0,0.0
2002-11-26 00:00:00-05:00,2.3810984536169695,2.3826911449432373,2.3731347477771623,2.3826911449432373,13126,0.0,0.0
2002-11-27 00:00:00-05:00,2.38906176821621,2.4320651790942467,2.3810983120583074,2.4209158420562744,60706,0.0,0.0
2002-11-29 00:00:00-05:00,2.430471420288086,2.430471420288086,2.430471420288086,2.430471420288086,1641,0.0,0.0
2002-12-02 00:00:00-05:00,2.4304729189467484,2.4304729189467484,2.3906553778037996,2.401803970336914,22970,0.0,0.0
2002-12-03 00:00:00-05:00,2.4018034098832763,2.4018034098832763,2.3890618794374583,2.3970255851745605,20345,0.0,0.0
2002-12-04 00:00:00-05:00,2.389061659964987,2.4049885715591253,2.389061659964987,2.4033961296081543,27564,0.0,0.0
2002-12-05 00:00:00-05:00,2.397024740772785,2.397024740772785,2.3906539777941096,2.3938393592834473,10500,0.0,0.0
2002-12-06 00:00:00-05:00,2.3938402025631063,2.4288799097060374,2.3938402025631063,2.3970255851745605,17719,0.0,0.0
2002-12-09 00:00:00-05:00,2.3970254155763357,2.428879737854004,2.395432475174849,2.428879737854004,7547,0.0,0.0
2002-12-10 00:00:00-05:00,2.4081743122036303,2.4225087824963096,2.404988680532015,2.4209158420562744,7875,0.0,0.0
2002-12-11 00:00:00-05:00,2.4288798640177762,2.4607339387415985,2.4288798640177762,2.452770233154297,31829,0.0,0.0
2002-12-12 00:00:00-05:00,2.4607330460382792,2.4607330460382792,2.457547664642334,2.457547664642334,4266,0.0,0.0
2002-12-13 00:00:00-05:00,2.4543635000133026,2.4543635000133026,2.4368433952331543,2.4368433952331543,3610,0.0,0.0
2002-12-16 00:00:00-05:00,2.441620573452015,2.4559547901153564,2.4384351919712723,2.4559547901153564,6563,0.0,0.0
2002-12-17 00:00:00-05:00,2.455955615705833,2.455955615705833,2.45117779108699,2.452770233154297,5250,0.0,0.0
2002-12-18 00:00:00-05:00,2.436842808404761,2.440028190612793,2.436842808404761,2.440028190612793,11157,0.0,0.0
2002-12-19 00:00:00-05:00,2.4368425322684018,2.454362630844116,2.4225083139565724,2.454362630844116,18376,0.0,0.0
2002-12-20 00:00:00-05:00,2.454362630844116,2.4575480126911895,2.427286137518776,2.454362630844116,16735,0.0,0.0
2002-12-23 00:00:00-05:00,2.4575488205863776,2.5005517388670615,2.4575488205863776,2.4925882816314697,15422,0.0,0.0
2002-12-24 00:00:00-05:00,2.497366165648122,2.519664093416938,2.4527703101104894,2.4846243858337402,28220,0.0,0.0
2002-12-26 00:00:00-05:00,2.5085144658669494,2.5085144658669494,2.4862165451049805,2.4862165451049805,4922,0.0,0.0
2002-12-27 00:00:00-05:00,2.484624601047446,2.484624601047446,2.4718828201293945,2.4718828201293945,5578,0.0,0.0
2002-12-30 00:00:00-05:00,2.4718828201293945,2.484624601047446,2.4686974372020045,2.4718828201293945,25923,0.0,0.0
2002-12-31 00:00:00-05:00,2.500551394042085,2.5324054678002765,2.4686970710754395,2.4686970710754395,28220,0.0,0.0
2003-01-02 00:00:00-05:00,2.468695979954004,2.468695979954004,2.4049876113871766,2.44480562210083,54799,0.0,0.0
2003-01-03 00:00:00-05:00,2.428880187003849,2.4607342659635423,2.428880187003849,2.4368433952331543,10829,0.0,0.0
2003-01-06 00:00:00-05:00,2.436841920274762,2.44480562210083,2.4272855279251493,2.44480562210083,26907,0.0,0.0
2003-01-07 00:00:00-05:00,2.440028423614926,2.46710467338562,2.4288798340306523,2.46710467338562,12797,0.0,0.0
2003-01-08 00:00:00-05:00,2.452769775255574,2.470289625226766,2.452769775255574,2.4591405391693115,33470,0.0,0.0
2003-01-09 00:00:00-05:00,2.4814388767128013,2.483031817165823,2.4607338905334473,2.4607338905334473,6891,0.0,0.0
2003-01-10 00:00:00-05:00,2.4846243353880992,2.524442365348553,2.4846243353880992,2.5132930278778076,34783,0.0,0.0
2003-01-13 00:00:00-05:00,2.4973662420198433,2.524442493802362,2.4973662420198433,2.5164785385131836,15094,0.0,0.0
2003-01-14 00:00:00-05:00,2.516477504768385,2.532404661178589,2.510106741887653,2.532404661178589,28548,0.0,0.0
2003-01-15 00:00:00-05:00,2.532406450913791,2.532406450913791,2.502145305843765,2.5085160732269287,4594,0.0,0.0
2003-01-16 00:00:00-05:00,2.5308123045782347,2.5308123045782347,2.502143621444702,2.502143621444702,10500,0.0,0.0
2003-01-17 00:00:00-05:00,2.5021448690720045,2.527628183364868,2.47188298165881,2.527628183364868,6563,0.0,0.0
2003-01-21 00:00:00-05:00,2.524442195892334,2.5387761673623075,2.524442195892334,2.524442195892334,28548,0.0,0.0
2003-01-22 00:00:00-05:00,2.508515516674841,2.508515516674841,2.470290422439575,2.470290422439575,9844,0.0,0.0
2003-01-23 00:00:00-05:00,2.470290384061724,2.4782538414001465,2.470290384061724,2.4782538414001465,4922,0.0,0.0
2003-01-24 00:00:00-05:00,2.476661025629781,2.476661025629781,2.4686970710754395,2.4686970710754395,18048,0.0,0.0
2003-01-27 00:00:00-05:00,2.4686970710754395,2.4686970710754395,2.4686970710754395,2.4686970710754395,34126,0.0,0.0
2003-01-28 00:00:00-05:00,2.470290904126979,2.4766619205474854,2.4527710450855387,2.4766619205474854,6891,0.0,0.0
2003-01-29 00:00:00-05:00,2.4686970975478193,2.4702900380008415,2.4543631255551843,2.4607338905334473,15422,0.0,0.0
2003-01-30 00:00:00-05:00,2.4607330419156077,2.4607330419156077,2.428878978801152,2.430471420288086,47580,0.0,0.0
2003-01-31 00:00:00-05:00,2.467105088841858,2.467105088841858,2.4448071582930027,2.462326765060425,17719,0.0,0.0
2003-02-03 00:00:00-05:00,2.462326708242608,2.462326708242608,2.4368433952331543,2.4368433952331543,167022,0.0,0.0
2003-02-04 00:00:00-05:00,2.4448070483919264,2.4655120372772217,2.441621665486496,2.4655120372772217,36751,0.0,0.0
2003-02-05 00:00:00-05:00,2.4639201369150165,2.4814397467479132,2.4639201369150165,2.4766619205474854,64971,0.0,0.0
2003-02-06 00:00:00-05:00,2.4686970975478193,2.4686970975478193,2.4607338905334473,2.4607338905334473,22970,0.0,0.0
2003-02-07 00:00:00-05:00,2.45276970724229,2.454362647384968,2.412952184677124,2.412952184677124,23954,0.0,0.0
2003-02-10 00:00:00-05:00,2.4145437253652666,2.4495831620519195,2.3954311920778584,2.4463977813720703,62018,0.0,0.0
2003-02-11 00:00:00-05:00,2.4862180713654287,2.4989598549978975,2.468697963115445,2.4766619205474854,146021,0.0,0.0
2003-02-12 00:00:00-05:00,2.4686729187655496,2.4766618173532966,2.4686729187655496,2.473466157913208,32486,0.01524,0.0
2003-02-13 00:00:00-05:00,2.470269745947848,2.470269745947848,2.4159430519910927,2.420736789703369,26907,0.0,0.0
2003-02-14 00:00:00-05:00,2.428726935729395,2.4526948865879765,2.428726935729395,2.4447054862976074,27564,0.0,0.0
2003-02-18 00:00:00-05:00,2.444705247946582,2.4750645160675044,2.444705247946582,2.475064516067505,56440,0.0,0.0
2003-02-19 00:00:00-05:00,2.4574865247893594,2.468671827912069,2.45269328775973,2.462280511856079,43970,0.0,0.0
2003-02-20 00:00:00-05:00,2.4526943088518145,2.4718685150146484,2.4526943088518145,2.4718685150146484,18048,0.0,0.0
2003-02-21 00:00:00-05:00,2.4686732843687014,2.492640733718872,2.4686732843687014,2.492640733718872,25923,0.0,0.0
2003-02-24 00:00:00-05:00,2.484651569505556,2.484651569505556,2.476661920547486,2.4766619205474854,13454,0.0,0.0
2003-02-25 00:00:00-05:00,2.4766614112395495,2.4766614112395495,2.4670744344913214,2.468672513961792,3610,0.0,0.0
2003-02-26 00:00:00-05:00,2.460682432829718,2.4622805118560787,2.460682432829718,2.462280511856079,1313,0.0,0.0
2003-02-27 00:00:00-05:00,2.4526932878501135,2.4542908668518066,2.4526932878501135,2.4542908668518066,18376,0.0,0.0
2003-02-28 00:00:00-05:00,2.4526948865879765,2.457488126742156,2.4447054862976074,2.4447054862976074,4922,0.0,0.0
2003-03-03 00:00:00-05:00,2.444704572066356,2.4686725139617924,2.4399113337046745,2.468672513961792,12141,0.0,0.0
2003-03-04 00:00:00-05:00,2.45908522605896,2.45908522605896,2.457486896778297,2.45908522605896,1641,0.0,0.0
2003-03-05 00:00:00-05:00,2.45908522605896,2.45908522605896,2.45908522605896,2.45908522605896,0,0.0,0.0
2003-03-06 00:00:00-05:00,2.484651255505809,2.4926401534168234,2.4798572667268233,2.4894444942474365,109598,0.0,0.0
2003-03-07 00:00:00-05:00,2.491043362751805,2.4926409428299956,2.484652042388916,2.484652042388916,14110,0.0,0.0
2003-03-10 00:00:00-05:00,2.4766623617631423,2.4782604418469436,2.460684061050415,2.460684061050415,21001,0.0,0.0
2003-03-11 00:00:00-05:00,2.4622821711062732,2.484652042388916,2.452694940549408,2.484652042388916,7875,0.0,0.0
2003-03-12 00:00:00-05:00,2.4766615809850983,2.4766615809850983,2.444704739621645,2.4510960578918457,15751,0.0,0.0
2003-03-13 00:00:00-05:00,2.468671827912069,2.468671827912069,2.460682432829718,2.462280511856079,18704,0.0,0.0
2003-03-14 00:00:00-05:00,2.46228119612964,2.4782594907100206,2.46228119612964,2.468672513961792,10500,0.0,0.0
2003-03-17 00:00:00-05:00,2.4830533069181007,2.511814490972516,2.476661738229646,2.5086188316345215,84003,0.0,0.0
2003-03-18 00:00:00-05:00,2.492640982170366,2.5006303827626026,2.4686735304312637,2.470271110534668,34126,0.0,0.0
2003-03-19 00:00:00-05:00,2.4798580520916857,2.484652042388916,2.4494992803679634,2.484652042388916,18048,0.0,0.0
2003-03-20 00:00:00-05:00,2.468672709646422,2.4942382330139696,2.468672709646422,2.4894444942474365,20345,0.0,0.0
2003-03-21 00:00:00-05:00,2.484650448548583,2.494237422943115,2.484650448548583,2.4942374229431152,17391,0.0,0.0
2003-03-24 00:00:00-05:00,2.462282116933914,2.462282116933914,2.4447054862976074,2.4447054862976074,6235,0.0,0.0
2003-03-25 00:00:00-05:00,2.4447056691442404,2.495836734771728,2.4447056691442404,2.4958367347717285,2625,0.0,0.0
2003-03-26 00:00:00-05:00,2.4766623617631423,2.481456352002018,2.460684061050415,2.460684061050415,11157,0.0,0.0
2003-03-27 00:00:00-05:00,2.497434473601417,2.497434473601417,2.4622819645419893,2.492640733718872,2953,0.0,0.0
2003-03-28 00:00:00-05:00,2.5325871613759507,2.5325871613759507,2.5134129524230957,2.5134129524230957,7875,0.0,0.0
2003-03-31 00:00:00-05:00,2.492640912488398,2.492640912488398,2.449499250551506,2.460684061050415,18048,0.0,0.0
2003-04-01 00:00:00-05:00,2.4526943088518145,2.4718685150146484,2.4526943088518145,2.4718685150146484,19032,0.0,0.0
2003-04-02 00:00:00-05:00,2.4734659483880495,2.4926401534168234,2.463878970879889,2.4894444942474365,12469,0.0,0.0
2003-04-03 00:00:00-05:00,2.489444705126124,2.489444705126124,2.473466157913208,2.473466157913208,36423,0.0,0.0
2003-04-04 00:00:00-05:00,2.484652042388916,2.484652042388916,2.4718691516506066,2.484652042388916,6563,0.0,0.0
2003-04-07 00:00:00-04:00,2.484651833947993,2.499032053545584,2.4766621841395806,2.492640733718872,37736,0.0,0.0
2003-04-08 00:00:00-04:00,2.5150109468851727,2.5150109468851727,2.4926410744215786,2.4958367347717285,3610,0.0,0.0
2003-04-09 00:00:00-04:00,2.500630339087991,2.500630339087991,2.4926409386352932,2.4990322589874268,1969,0.0,0.0
2003-04-10 00:00:00-04:00,2.5006296634674072,2.508618811749064,2.4990315837986117,2.5006296634674072,5906,0.0,0.0
2003-04-11 00:00:00-04:00,2.4926409428299956,2.4926409428299956,2.484652042388916,2.484652042388916,1969,0.0,0.0
2003-04-14 00:00:00-04:00,2.500630339087991,2.5022279191634933,2.4894452784592263,2.4990322589874268,7875,0.0,0.0
2003-04-15 00:00:00-04:00,2.492640733718872,2.492640733718872,2.492640733718872,2.492640733718872,16407,0.0,0.0
2003-04-16 00:00:00-04:00,2.492640265173286,2.5022272431112746,2.492640265173286,2.5006296634674072,11157,0.0,0.0
2003-04-17 00:00:00-04:00,2.502227063229262,2.532586574554443,2.4958357450634003,2.5325865745544434,7547,0.0,0.0
2003-04-21 00:00:00-04:00,2.5325868164641308,2.5325868164641308,2.519803928898955,2.52459716796875,21001,0.0,0.0
2003-04-22 00:00:00-04:00,2.5341850058174304,2.538978746065438,2.5293917655944824,2.5293917655944824,15422,0.0,0.0
2003-04-23 00:00:00-04:00,2.5293905044279086,2.5565536022186284,2.5293905044279086,2.556553602218628,47252,0.0,0.0
2003-04-24 00:00:00-04:00,2.564543244716006,2.6763925552368164,2.5405753031642915,2.6763925552368164,89910,0.0,0.0
2003-04-25 00:00:00-04:00,2.674795209968231,2.748296134195778,2.674795209968231,2.7147417068481445,146350,0.0,0.0
2003-04-28 00:00:00-04:00,2.7003604998253747,2.7291216850280757,2.685980282242738,2.729121685028076,81378,0.0,0.0
2003-04-29 00:00:00-04:00,2.729121310810111,2.7323172198499437,2.717936754226685,2.7179367542266846,16407,0.0,0.0
2003-04-30 00:00:00-04:00,2.7003615376314687,2.7466993677284237,2.7003615376314687,2.7403080463409424,142412,0.0,0.0
2003-05-01 00:00:00-04:00,2.7387090395245792,2.7706658856641204,2.737111459730714,2.7562856674194336,254307,0.0,0.0
2003-05-02 00:00:00-04:00,2.751489728480266,2.820197611534719,2.751489728480266,2.791436195373535,231665,0.0,0.0
2003-05-05 00:00:00-04:00,2.7914389526860184,2.8154757022857666,2.7914389526860184,2.8154757022857666,177523,0.01524,0.0
2003-05-06 00:00:00-04:00,2.8266925511768433,2.8363073017880347,2.8074635514148407,2.8282954692840576,41345,0.0,0.0
2003-05-07 00:00:00-04:00,2.796246038999227,2.9004041017677973,2.796246038999227,2.8683552742004395,22970,0.0,0.0
2003-05-08 00:00:00-04:00,2.8763675177151704,2.8971994323182364,2.8763675177151704,2.8923916816711426,44299,0.0,0.0
2003-05-09 00:00:00-04:00,2.887584966648444,3.0045623779296875,2.8843801335426758,3.0045623779296875,118458,0.0,0.0
2003-05-12 00:00:00-04:00,2.9645015989974386,3.002959842260288,2.9645015989974386,2.9709112644195557,21329,0.0,0.0
2003-05-13 00:00:00-04:00,2.9869354191092428,2.9965499164068192,2.972513171702632,2.977320671081543,49221,0.0,0.0
2003-05-14 00:00:00-04:00,2.954886426958325,2.954886426958325,2.8859815306180043,2.8955960273742676,63987,0.0,0.0
2003-05-15 00:00:00-04:00,2.8843793652220695,2.9308496836074496,2.8843793652220695,2.8955960273742676,38392,0.0,0.0
2003-05-16 00:00:00-04:00,2.892391216862185,2.905210796697,2.8843793869018555,2.8843793869018555,83019,0.0,0.0
2003-05-19 00:00:00-04:00,2.884380396317608,2.884380396317608,2.87156081199646,2.87156081199646,4594,0.0,0.0
2003-05-20 00:00:00-04:00,2.8683555094307223,2.8875847574020765,2.8635480093902657,2.8731625080108643,18704,0.0,0.0
2003-05-21 00:00:00-04:00,2.873162539114696,2.8843799557538117,2.8443187922104918,2.8635480403900146,15094,0.0,0.0
2003-05-22 00:00:00-04:00,2.852332417049356,2.852332417049356,2.8234884088868615,2.8347058296203613,39705,0.0,0.0
2003-05-23 00:00:00-04:00,2.823487918854432,2.852331922010886,2.823487918854432,2.842717170715332,95488,0.0,0.0
2003-05-27 00:00:00-04:00,2.844318151473999,2.844318151473999,2.8411138207479287,2.844318151473999,31173,0.0,0.0
2003-05-28 00:00:00-04:00,2.8555356456861603,2.8843793869018555,2.836306401298993,2.8843793869018555,29532,0.0,0.0
2003-05-29 00:00:00-04:00,2.8843811683194693,2.8843811683194693,2.860344409942627,2.860344409942627,37408,0.0,0.0
2003-05-30 00:00:00-04:00,2.8827776839795995,2.921236185613724,2.8603435998147257,2.8811755180358887,38392,0.0,0.0
2003-06-02 00:00:00-04:00,2.916428586827553,2.9324530023805058,2.9100189208984375,2.9100189208984375,69893,0.0,0.0
2003-06-03 00:00:00-04:00,2.9132248418715996,2.9356589317321773,2.911622174060604,2.9356589317321777,72190,0.0,0.0
2003-06-04 00:00:00-04:00,2.932453492721972,3.0446239188885564,2.932453492721972,3.028599500656128,112551,0.0,0.0
2003-06-05 00:00:00-04:00,3.026997895276679,3.026997895276679,3.0029616355895996,3.0029616355895996,146678,0.0,0.0
2003-06-06 00:00:00-04:00,2.9965512479577403,3.010973000312571,2.988538912585933,3.007767915725708,22313,0.0,0.0
2003-06-09 00:00:00-04:00,3.007767110319189,3.0109721940478096,2.9661040306091313,2.966104030609131,97785,0.0,0.0
2003-06-10 00:00:00-04:00,2.980525231204648,2.988537311553955,2.972512900125241,2.988537311553955,18704,0.0,0.0
2003-06-11 00:00:00-04:00,2.9645022800594716,2.986936364921014,2.9645022800594716,2.9805264472961426,71862,0.0,0.0
2003-06-12 00:00:00-04:00,2.9805255307371574,2.985332528699728,2.972513198852539,2.972513198852539,80722,0.0,0.0
2003-06-13 00:00:00-04:00,2.96930844868583,2.96930844868583,2.9484770371068,2.9500792026519775,16079,0.0,0.0
2003-06-16 00:00:00-04:00,2.9564907813370285,3.004563802171777,2.943671442837253,3.0029616355895996,85972,0.0,0.0
2003-06-17 00:00:00-04:00,2.9869358837766993,2.9885380495120826,2.9725136341264684,2.98533296585083,21657,0.0,0.0
2003-06-18 00:00:00-04:00,2.980526889057524,2.9965513093994707,2.9789242213661136,2.9869368076324463,17063,0.0,0.0
2003-06-19 00:00:00-04:00,2.9869355291745046,2.9885376947196822,2.950079202651978,2.9500792026519775,28220,0.0,0.0
2003-06-20 00:00:00-04:00,2.9661035339289445,2.9965499437762695,2.9661035339289445,2.972513198852539,110911,0.0,0.0
2003-06-23 00:00:00-04:00,2.9773209502711864,2.9821279486406143,2.9645016193389893,2.9645016193389893,119114,0.0,0.0
2003-06-24 00:00:00-04:00,2.964501887622148,2.96610405340352,2.932453055930988,2.9628989696502686,65956,0.0,0.0
2003-06-25 00:00:00-04:00,2.9628988293768694,2.9628988293768694,2.932452917098999,2.932452917098999,4922,0.0,0.0
2003-06-26 00:00:00-04:00,2.9244409752766227,2.9244409752766227,2.892392140816862,2.8939948081970215,16407,0.0,0.0
2003-06-27 00:00:00-04:00,2.916428886320283,2.922838803637808,2.8282954692840576,2.8282954692840576,24610,0.0,0.0
2003-06-30 00:00:00-04:00,2.829897875651223,3.0141775608062744,2.823487957789061,3.0141775608062744,205086,0.0,0.0
2003-07-01 00:00:00-04:00,2.9805266643887465,3.044624090194702,2.9484780768508787,3.044624090194702,133552,0.0,0.0
2003-07-02 00:00:00-04:00,3.012575315893435,3.0926969051361084,3.0077675642099013,3.0926969051361084,55127,0.0,0.0
2003-07-03 00:00:00-04:00,3.0782755866607054,3.1007096767425537,3.0782755866607054,3.1007096767425537,8860,0.0,0.0
2003-07-07 00:00:00-04:00,3.1007089610781073,3.168010965059636,3.09269687744464,3.159999132156372,30845,0.0,0.0
2003-07-08 00:00:00-04:00,3.1599990724672504,3.204867241427558,3.1535894056815486,3.1776256561279297,50533,0.0,0.0
2003-07-09 00:00:00-04:00,3.1728189059141885,3.201662659444997,3.1648063203424774,3.1744210720062256,19688,0.0,0.0
2003-07-10 00:00:00-04:00,3.159999143080555,3.180830560599584,3.156794309616089,3.156794309616089,10172,0.0,0.0
2003-07-11 00:00:00-04:00,3.156794309616089,3.156794309616089,3.156794309616089,3.156794309616089,328,0.0,0.0
2003-07-14 00:00:00-04:00,3.1696144443869874,3.2000603675842285,3.1696144443869874,3.2000603675842285,5578,0.0,0.0
2003-07-15 00:00:00-04:00,3.200060356115235,3.2032651901245113,3.200060356115235,3.2032651901245117,1641,0.0,0.0
2003-07-16 00:00:00-04:00,3.203263122471093,3.203263122471093,3.171214552334908,3.1808290481567383,41017,0.0,0.0
2003-07-17 00:00:00-04:00,3.1968556318868036,3.2048679679153858,3.148782618636329,3.1728193759918213,20673,0.0,0.0
2003-07-18 00:00:00-04:00,3.1648063203424774,3.1744210720062256,3.148782152119927,3.1744210720062256,10172,0.0,0.0
2003-07-21 00:00:00-04:00,3.1567950273123038,3.1728194490079837,3.0814804208537896,3.1007096767425537,24610,0.0,0.0
2003-07-22 00:00:00-04:00,3.0846845707006976,3.0926969051361084,3.078274903736533,3.0926969051361084,8532,0.0,0.0
2003-07-23 00:00:00-04:00,3.084684505310099,3.1023115905482945,3.047828670317234,3.052635669708252,6891,0.0,0.0
2003-07-24 00:00:00-04:00,3.0526367174394307,3.100709987341991,3.0526367174394307,3.0846855640411377,27564,0.0,0.0
2003-07-25 00:00:00-04:00,3.0846841264581997,3.0846841264581997,3.073467210886322,3.0830819606781006,2297,0.0,0.0
2003-07-28 00:00:00-04:00,3.0830819606781006,3.0846841264581997,3.0782744604171266,3.0830819606781006,29204,0.0,0.0
2003-07-29 00:00:00-04:00,3.0766721406652087,3.084684223468522,3.0494305576735887,3.057443141937256,7875,0.0,0.0
2003-07-30 00:00:00-04:00,3.068660259246826,3.0766725939607986,3.044624007295551,3.068660259246826,63331,0.0,0.0
2003-07-31 00:00:00-04:00,3.047828295991861,3.0830819606781006,3.036611129689814,3.0830819606781006,71862,0.0,0.0
2003-08-01 00:00:00-04:00,3.068659694171093,3.068659694171093,3.0125748658822635,3.0302011966705322,17391,0.0,0.0
2003-08-04 00:00:00-04:00,3.036611879966115,3.036611879966115,3.0045630403818873,3.012575626373291,56112,0.0,0.0
2003-08-05 00:00:00-04:00,3.0125763172384272,3.014183259246629,3.004543115591041,3.0093629360198975,20673,0.01524,0.0
2003-08-06 00:00:00-04:00,3.0029370772073434,3.0125772237637825,2.999723695021864,3.0045440196990967,8860,0.0,0.0
2003-08-07 00:00:00-04:00,2.9965109255970725,3.012577839810016,2.980443759985064,2.9884774684906006,33142,0.0,0.0
2003-08-08 00:00:00-04:00,3.004544417524024,3.004544417524024,2.9916906356811523,2.9916906356811523,3281,0.0,0.0
2003-08-11 00:00:00-04:00,3.0447103613477107,3.092911578135285,3.036676909016087,3.038283348083496,47908,0.0,0.0
2003-08-12 00:00:00-04:00,3.0431051326912546,3.1009465152834896,3.0222176455230954,3.076845645904541,45939,0.0,0.0
2003-08-13 00:00:00-04:00,3.0929108885046843,3.0929108885046843,3.0447096824645996,3.0447096824645996,53158,0.0,0.0
2003-08-14 00:00:00-04:00,3.03989099513142,3.0848785863030117,3.03989099513142,3.0720250606536865,12797,0.0,0.0
2003-08-15 00:00:00-04:00,3.0752391815185547,3.0752391815185547,3.0752391815185547,3.0752391815185547,13454,0.0,0.0
2003-08-18 00:00:00-04:00,3.0768448336622933,3.0768448336622933,3.0607776754508285,3.0639913082122803,10172,0.0,0.0
2003-08-19 00:00:00-04:00,3.0639918087711018,3.06720519065857,3.052744972164965,3.0672051906585693,62346,0.0,0.0
2003-08-20 00:00:00-04:00,3.067204892154005,3.067204892154005,3.052744675067689,3.059171438217163,27564,0.0,0.0
2003-08-21 00:00:00-04:00,3.063990819596385,3.070417581296513,3.060777187347412,3.060777187347412,60377,0.0,0.0
2003-08-22 00:00:00-04:00,3.059170992253389,3.059170992253389,2.996509306483898,3.030250310897827,20673,0.0,0.0
2003-08-25 00:00:00-04:00,3.012576060166542,3.060777277129207,3.012576060166542,3.0431039333343506,86628,0.0,0.0
2003-08-26 00:00:00-04:00,3.0366771024546706,3.0688114166259766,3.0366771024546706,3.0688114166259766,12469,0.0,0.0
2003-08-27 00:00:00-04:00,3.0768441956059984,3.174853563832534,3.068810995264563,3.1732466220855713,80394,0.0,0.0
2003-08-28 00:00:00-04:00,3.2134143933040216,3.647225028436439,3.2134143933040216,3.566889762878418,186711,0.0,0.0
2003-08-29 00:00:00-04:00,3.5347555185632875,3.5990238829949814,3.439960039269946,3.541182279586792,195570,0.0,0.0
2003-09-02 00:00:00-04:00,3.5186883277363252,3.531542101047533,3.4560271570148444,3.470487117767334,85972,0.0,0.0
2003-09-03 00:00:00-04:00,3.4383543246158412,3.4688819531692494,3.4142539621773165,3.449601411819458,145037,0.0,0.0
2003-09-04 00:00:00-04:00,3.454421018223526,3.454421018223526,3.414253501513234,3.4528145790100098,44955,0.0,0.0
2003-09-05 00:00:00-04:00,3.430319987918731,3.4512069617942456,3.3981856791586234,3.422286033630371,30189,0.0,0.0
2003-09-08 00:00:00-04:00,3.4351385845888864,3.454419112701777,3.3933641489107567,3.4190714359283447,16079,0.0,0.0
2003-09-09 00:00:00-04:00,3.4303216595618347,3.4945898056030273,3.414254497352031,3.4945898056030273,39705,0.0,0.0
2003-09-10 00:00:00-04:00,3.454420342390479,3.46245404527995,3.3740848218890984,3.422286033630371,45611,0.0,0.0
2003-09-11 00:00:00-04:00,3.3901519153073245,3.403005437461124,3.36605156126895,3.380511522293091,46924,0.0,0.0
2003-09-12 00:00:00-04:00,3.372479332955767,3.390152931213379,3.3660525699529993,3.390152931213379,139131,0.0,0.0
2003-09-15 00:00:00-04:00,3.412645538306679,3.454419984527838,3.3580173196332934,3.3756914138793945,55783,0.0,0.0
2003-09-16 00:00:00-04:00,3.390153516929975,3.390153516929975,3.3419522832835726,3.3724799156188965,14110,0.0,0.0
2003-09-17 00:00:00-04:00,3.358018061322144,3.3724787784988575,3.333917704024016,3.3451645374298096,43970,0.0,0.0
2003-09-18 00:00:00-04:00,3.346771105593345,3.5267224311828618,3.346771105593345,3.5267224311828613,68909,0.0,0.0
2003-09-19 00:00:00-04:00,3.51065653563071,3.534756898880005,3.51065653563071,3.534756898880005,68581,0.0,0.0
2003-09-22 00:00:00-04:00,3.494590143623271,3.496196583460725,3.473702906149876,3.4753098487854004,13782,0.0,0.0
2003-09-23 00:00:00-04:00,3.4945887760206706,3.573317369995421,3.4945887760206706,3.550823450088501,81050,0.0,0.0
2003-09-24 00:00:00-04:00,3.5347567911241344,3.574924816178725,3.5347567911241344,3.55403733253479,52502,0.0,0.0
2003-09-25 00:00:00-04:00,3.550823132399694,3.599024349116442,3.53475597636114,3.5749239921569824,54471,0.0,0.0
2003-09-26 00:00:00-04:00,3.576530431222032,3.599024349116442,3.5588568361184283,3.5749239921569824,39377,0.0,0.0
2003-09-29 00:00:00-04:00,3.5604633786352173,3.5781374770501833,3.5347560790659363,3.5556435585021973,31829,0.0,0.0
2003-09-30 00:00:00-04:00,3.544396468750917,3.6086645918880262,3.542790029641357,3.5861706733703613,59721,0.0,0.0
2003-10-01 00:00:00-04:00,3.6022389593143247,3.6472268104553223,3.6022389593143247,3.6472268104553223,17391,0.0,0.0
2003-10-02 00:00:00-04:00,3.647226663370638,3.695427894592285,3.631159502497092,3.695427894592285,122395,0.0,0.0
2003-10-03 00:00:00-04:00,3.7195293439127854,3.7195293439127854,3.711495636518801,3.7131025791168213,6563,0.0,0.0
2003-10-06 00:00:00-04:00,3.7131019978122772,3.7179218192556536,3.695427894592285,3.695427894592285,308778,0.0,0.0
2003-10-07 00:00:00-04:00,3.6713268938775996,3.742022037506103,3.6713268938775996,3.7420220375061035,75472,0.0,0.0
2003-10-08 00:00:00-04:00,3.742021900542368,3.7998630139046936,3.742021900542368,3.7902231216430664,28220,0.0,0.0
2003-10-09 00:00:00-04:00,3.8078964379120137,3.888231968095958,3.8078964379120137,3.8850185871124268,150287,0.0,0.0
2003-10-10 00:00:00-04:00,3.860916903572798,3.8818041269103323,3.856096833125413,3.8673436641693115,39705,0.0,0.0
2003-10-13 00:00:00-04:00,3.880198954478379,3.888232911684709,3.8560985912532697,3.881805896759033,71534,0.0,0.0
2003-10-14 00:00:00-04:00,3.856096448713672,3.9765994548797607,3.856096448713672,3.9765994548797607,37408,0.0,0.0
2003-10-15 00:00:00-04:00,3.9685682099653468,3.9685682099653468,3.878592514995685,3.881805896759033,58409,0.0,0.0
2003-10-16 00:00:00-04:00,3.8657374381435017,3.912331706431087,3.8657374381435017,3.897871494293213,9516,0.0,0.0
2003-10-17 00:00:00-04:00,3.9364341866981243,3.9364341866981243,3.8721657964870375,3.9235804080963135,21329,0.0,0.0
2003-10-20 00:00:00-04:00,3.9251868724823,3.9348272693445208,3.9251868724823,3.9251868724823,1969,0.0,0.0
2003-10-21 00:00:00-04:00,3.9316121157152444,3.9444656372070312,3.9316121157152444,3.9444656372070312,22970,0.0,0.0
2003-10-22 00:00:00-04:00,3.920366398506506,3.920366398506506,3.8319971561431885,3.8319971561431885,47252,0.0,0.0
2003-10-23 00:00:00-04:00,3.833604206411606,3.8721652857316813,3.831997264324232,3.848064422607422,4594,0.0,0.0
2003-10-24 00:00:00-04:00,3.840030749848904,3.8496708927977483,3.8159298896789555,3.815929889678955,10829,0.0,0.0
2003-10-27 00:00:00-05:00,3.8111105549018656,3.8111105549018656,3.7596959464382844,3.7870101928710938,28548,0.0,0.0
2003-10-28 00:00:00-05:00,3.79986141131251,3.8464561735507035,3.79986141131251,3.8303890228271484,12469,0.0,0.0
2003-10-29 00:00:00-05:00,3.8303908411245335,3.928399727726938,3.8303908411245335,3.9203665256500244,26251,0.0,0.0
2003-10-30 00:00:00-05:00,3.9605336378194007,3.968567341869435,3.88019810571261,3.9283993244171143,18704,0.0,0.0
2003-10-31 00:00:00-05:00,3.9444669843794413,4.0231960873997155,3.9444669843794413,3.9685678482055664,25267,0.0,0.0
2003-11-03 00:00:00-05:00,3.968567005655537,4.000701316335429,3.9525001017144943,3.9846341609954834,22642,0.0,0.0
2003-11-04 00:00:00-05:00,3.984634479563214,4.01034177932306,3.9605336189270015,3.960533618927002,7875,0.0,0.0
2003-11-05 00:00:00-05:00,3.9846836920336877,3.9846836920336877,3.8156365157860126,3.863935708999634,41345,0.01524,0.0
2003-11-06 00:00:00-05:00,3.9041859919701905,3.9428254584216127,3.8655465255187678,3.941215753555298,5906,0.0,0.0
2003-11-07 00:00:00-05:00,3.941216540101944,3.941216540101944,3.8961372375488286,3.896137237548828,10829,0.0,0.0
2003-11-10 00:00:00-05:00,3.880035524040815,3.9315546298806883,3.8365659478566494,3.863935708999634,16079,0.0,0.0
2003-11-11 00:00:00-05:00,3.8397863614702685,3.8397863614702685,3.7753878486330614,3.781827926635742,45283,0.0,0.0
2003-11-12 00:00:00-05:00,3.7995376004785397,3.8719861507415776,3.7995376004785397,3.871986150741577,9516,0.0,0.0
2003-11-13 00:00:00-05:00,3.8558877090823658,3.889697313308716,3.8558877090823658,3.889697313308716,6235,0.0,0.0
2003-11-14 00:00:00-05:00,3.9267250212524876,3.931555142731852,3.775387848527886,3.809197187423706,18376,0.0,0.0
2003-11-17 00:00:00-05:00,3.7930981461982918,3.7930981461982918,3.7431892318617423,3.768948793411255,22970,0.0,0.0
2003-11-18 00:00:00-05:00,3.7608985102325807,3.8156375434414227,3.7013296067835455,3.7270891666412354,10829,0.0,0.0
2003-11-19 00:00:00-05:00,3.7029390335083012,3.7190388516764146,3.686839467250159,3.702939033508301,28220,0.0,0.0
2003-11-20 00:00:00-05:00,3.727088886715457,3.727088886715457,3.670739649082045,3.702939033508301,6563,0.0,0.0
2003-11-21 00:00:00-05:00,3.727089166641235,3.7431889860185374,3.7077696856804603,3.7270891666412354,4266,0.0,0.0
2003-11-24 00:00:00-05:00,3.6868400877522887,3.7947084593861486,3.6868400877522887,3.7431893348693848,328138,0.0,0.0
2003-11-25 00:00:00-05:00,3.7673383372195057,3.775388372863152,3.7190391309975888,3.7270891666412354,15422,0.0,0.0
2003-11-26 00:00:00-05:00,3.7431894331433955,3.855887174606323,3.7254794029939045,3.8558871746063232,17063,0.0,0.0
2003-11-28 00:00:00-05:00,3.870376040150117,3.8961355947604885,3.870376040150117,3.873595952987671,1969,0.0,0.0
2003-12-01 00:00:00-05:00,3.8961368538124073,3.912236423202817,3.855887174606323,3.8558871746063232,8532,0.0,0.0
2003-12-02 00:00:00-05:00,3.8961346940671078,3.963753603753682,3.8961346940671078,3.925114154815674,27892,0.0,0.0
2003-12-03 00:00:00-05:00,3.936384918066492,3.936384918066492,3.8719861507415776,3.871986150741577,8532,0.0,0.0
2003-12-04 00:00:00-05:00,3.8478374022200352,3.857497143252778,3.7914884090423584,3.7914884090423584,67925,0.0,0.0
2003-12-05 00:00:00-05:00,3.791489416909725,3.802759117777011,3.7303105369528864,3.7319202423095703,14438,0.0,0.0
2003-12-08 00:00:00-05:00,3.7319187565928997,3.7319187565928997,3.654639830913932,3.702939033508301,64643,0.0,0.0
2003-12-09 00:00:00-05:00,3.7045492420440866,3.727088886715457,3.670739649082045,3.702939033508301,166694,0.0,0.0
2003-12-10 00:00:00-05:00,3.7029396311609215,3.7480189277794382,3.7029396311609215,3.733529567718506,42986,0.0,0.0
2003-12-11 00:00:00-05:00,3.7335311049662607,3.794709995631239,3.7335311049662607,3.7866599559783936,18704,0.0,0.0
2003-12-12 00:00:00-05:00,3.8027573614370986,3.815637013622549,3.748018083919069,3.781827926635742,27892,0.0,0.0
2003-12-15 00:00:00-05:00,3.8059790414752133,3.8365682296172188,3.7737793922424316,3.7737793922424316,12797,0.0,0.0
2003-12-16 00:00:00-05:00,3.7657291859560726,3.7657291859560726,3.7222595916742005,3.723869800567627,12797,0.0,0.0
2003-12-17 00:00:00-05:00,3.7077698263571848,3.736749300807849,3.7029394521137418,3.720649480819702,6563,0.0,0.0
2003-12-18 00:00:00-05:00,3.72065045642322,3.7673394680023193,3.7045506322134876,3.7673394680023193,15094,0.0,0.0
2003-12-19 00:00:00-05:00,3.7673378973806417,3.7673378973806417,3.739968635881588,3.7415783405303955,14766,0.0,0.0
2003-12-22 00:00:00-05:00,3.7399698263324086,3.772169219666952,3.7383596173511426,3.7464096546173096,7547,0.0,0.0
2003-12-23 00:00:00-05:00,3.723869556016591,3.75767890235771,3.7174297285059037,3.7512388229370117,18376,0.0,0.0
2003-12-24 00:00:00-05:00,3.710989945023911,3.7431893348693848,3.710989945023911,3.7431893348693848,6235,0.0,0.0
2003-12-26 00:00:00-05:00,3.7431893348693848,3.7431893348693848,3.7431893348693848,3.7431893348693848,1641,0.0,0.0
2003-12-29 00:00:00-05:00,3.7834383729384014,3.799538193236311,3.7673385526404917,3.7914884090423584,13126,0.0,0.0
2003-12-30 00:00:00-05:00,3.805978257586033,3.855887174606323,3.7914886451346645,3.8558871746063232,11157,0.0,0.0
2003-12-31 00:00:00-05:00,3.8623258776295684,3.8800359026217914,3.8011475317615204,3.8252968788146973,45939,0.0,0.0
2004-01-02 00:00:00-05:00,3.8156386887214504,3.8156386887214504,3.7592899337625516,3.7673394680023193,46596,0.0,0.0
2004-01-05 00:00:00-05:00,3.727089166641235,3.741578777361816,3.704549520277008,3.7270891666412354,42658,0.0,0.0
2004-01-06 00:00:00-05:00,3.733529664947031,3.7351393699645996,3.7319194561094258,3.7351393699645996,20673,0.0,0.0
2004-01-07 00:00:00-05:00,3.7270887456800557,3.815637112479026,3.7270887456800557,3.7882678508758545,40033,0.0,0.0
2004-01-08 00:00:00-05:00,3.828516525449838,3.944434642791748,3.823686404465231,3.944434642791748,45611,0.0,0.0
2004-01-09 00:00:00-05:00,3.9444352048245457,3.9444352048245457,3.8719861507415776,3.871986150741577,18704,0.0,0.0
2004-01-12 00:00:00-05:00,3.904184702815213,3.904184702815213,3.8639355447876773,3.888084888458252,26251,0.0,0.0
2004-01-13 00:00:00-05:00,3.904184978106313,3.952484172672948,3.904184978106313,3.944434642791748,103035,0.0,0.0
2004-01-14 00:00:00-05:00,3.9605345986943905,3.9605345986943905,3.8719857363030505,3.937994956970215,24938,0.0,0.0
2004-01-15 00:00:00-05:00,3.944434836877511,3.944434836877511,3.896135639934316,3.9202849864959717,10172,0.0,0.0
2004-01-16 00:00:00-05:00,3.9283357130389684,4.023323915321498,3.9267255044077527,4.021714210510254,42330,0.0,0.0
2004-01-20 00:00:00-05:00,3.984684355226867,3.984684355226867,3.963754919672828,3.9685845375061035,4266,0.0,0.0
2004-01-21 00:00:00-05:00,3.9444352874955713,3.9460449922069682,3.9283354693719255,3.9428250789642334,3610,0.0,0.0
2004-01-22 00:00:00-05:00,3.942826245289507,3.942826245289507,3.8961372375488286,3.896137237548828,9188,0.0,0.0
2004-01-23 00:00:00-05:00,3.8800380804534136,4.008836181823291,3.8800380804534136,3.9605369567871094,104020,0.0,0.0
2004-01-26 00:00:00-05:00,3.9605336960783575,3.9846830368041997,3.9524834120166483,3.984683036804199,20016,0.0,0.0
2004-01-27 00:00:00-05:00,4.000784436193846,4.037814198056669,4.000784436193846,4.0249342918396,41017,0.0,0.0
2004-01-28 00:00:00-05:00,4.032982998223959,4.034593206492115,3.944434642791748,3.944434642791748,16735,0.0,0.0
2004-01-29 00:00:00-05:00,3.9460450028367493,4.023323676600474,3.9396051763339317,4.016883850097656,8532,0.0,0.0
2004-01-30 00:00:00-05:00,4.016883709641549,4.0233235359191895,3.9927343611004,4.0233235359191895,7547,0.0,0.0
2004-02-02 00:00:00-05:00,4.016883329454483,4.016883329454483,3.96375451578249,3.997563600540161,16407,0.0,0.0
2004-02-03 00:00:00-05:00,4.008834662388829,4.008834662388829,3.946045340966171,3.9637553691864014,7875,0.0,0.0
2004-02-04 00:00:00-05:00,3.93638435718076,3.960534458283936,3.93638435718076,3.944434642791748,19032,0.0,0.0
2004-02-05 00:00:00-05:00,3.944435119022606,3.9718043804168697,3.9202852669136297,3.97180438041687,9844,0.0,0.0
2004-02-06 00:00:00-05:00,3.9540594080977,3.9927773475646973,3.8959824988972045,3.9927773475646973,16735,0.01524,0.0
2004-02-09 00:00:00-05:00,3.9927773475646973,4.004070185084904,3.9927773475646973,3.9927773475646973,6563,0.0,0.0
2004-02-10 00:00:00-05:00,4.002457626307586,4.01697717247247,3.9943917446617054,4.015363693237305,12469,0.0,0.0
2004-02-11 00:00:00-05:00,4.02342972401941,4.02342972401941,4.008910179138184,4.008910179138184,4922,0.0,0.0
2004-02-12 00:00:00-05:00,4.021817642509421,4.073441418760253,4.007298597426094,4.044403076171875,51518,0.0,0.0
2004-02-13 00:00:00-05:00,4.060534541154432,4.113771783164145,4.002457618713379,4.002457618713379,41017,0.0,0.0
2004-02-17 00:00:00-05:00,4.023428440093994,4.052466763325056,4.023428440093994,4.023428440093994,10829,0.0,0.0
2004-02-18 00:00:00-05:00,4.026656454303757,4.029882907867432,4.026656454303757,4.029882907867432,17063,0.0,0.0
2004-02-19 00:00:00-05:00,4.042788396948479,4.042788396948479,4.0008440017700195,4.0008440017700195,9188,0.0,0.0
2004-02-20 00:00:00-05:00,3.976645538983676,4.060534338629459,3.944380499540692,4.041175365447998,51846,0.0,0.0
2004-02-23 00:00:00-05:00,4.0008440017700195,4.016976519705184,3.9943910955646,4.0008440017700195,9188,0.0,0.0
2004-02-24 00:00:00-05:00,3.968580083012762,3.9927784865555385,3.8798513412475586,3.8798513412475586,29532,0.0,0.0
2004-02-25 00:00:00-05:00,3.879850728707312,3.9524469375610356,3.879850728707312,3.952446937561035,48893,0.0,0.0
2004-02-26 00:00:00-05:00,3.952447638125311,3.952447638125311,3.9443809986114506,3.94438099861145,1969,0.0,0.0
2004-02-27 00:00:00-05:00,3.920183725338799,3.9363162517547607,3.920183725338799,3.9363162517547607,6235,0.0,0.0
2004-03-01 00:00:00-05:00,3.928249862335905,3.9524487781707225,3.928249862335905,3.9363162517547607,11157,0.0,0.0
2004-03-02 00:00:00-05:00,3.904051451344586,3.9524487781707225,3.904051451344586,3.9363162517547607,11813,0.0,0.0
2004-03-03 00:00:00-05:00,3.9201819596687706,3.933088025472932,3.912115573883056,3.9121155738830566,9516,0.0,0.0
2004-03-04 00:00:00-05:00,3.918568420684782,3.9524469375610356,3.918568420684782,3.952446937561035,6891,0.0,0.0
2004-03-05 00:00:00-05:00,3.936315024870532,3.944380906931887,3.8814648055426155,3.897597074508667,22970,0.0,0.0
2004-03-08 00:00:00-05:00,3.897598392208243,3.9653547020377156,3.897598392208243,3.9476089477539062,78097,0.0,0.0
2004-03-09 00:00:00-05:00,3.947606502327067,4.029882060589036,3.947606502327067,3.9927773475646973,22642,0.0,0.0
2004-03-10 00:00:00-05:00,4.007296637970221,4.007296637970221,3.984711215351406,3.9927773475646973,20016,0.0,0.0
2004-03-11 00:00:00-05:00,3.9766450986564634,4.0218159469376324,3.9766450986564634,4.0008440017700195,11157,0.0,0.0
2004-03-12 00:00:00-05:00,3.9766442886741133,4.029881511290056,3.952445895332638,4.025041580200195,73831,0.0,0.0
2004-03-15 00:00:00-05:00,4.000844752854284,4.000844752854284,3.975032870765288,3.996004819869995,45283,0.0,0.0
2004-03-16 00:00:00-05:00,3.9830982999824043,4.015363338243355,3.968579512366084,4.008910179138184,17391,0.0,0.0
2004-03-17 00:00:00-05:00,4.025042409759078,4.033108794956946,4.00245698556396,4.013750076293945,15094,0.0,0.0
2004-03-18 00:00:00-05:00,3.992778187041867,4.029882907867432,3.98471205313268,4.029882907867432,13126,0.0,0.0
2004-03-19 00:00:00-05:00,4.029882332116023,4.029882332116023,3.9943910955646,4.0008440017700195,10500,0.0,0.0
2004-03-22 00:00:00-05:00,4.000844752854284,4.000844752854284,3.954060416817253,3.996004819869995,14766,0.0,0.0
2004-03-23 00:00:00-05:00,4.004068695361234,4.020201206207275,4.004068695361234,4.020201206207275,5578,0.0,0.0
2004-03-24 00:00:00-05:00,4.004071732264212,4.004071732264212,3.960513844216807,3.968580484390259,19032,0.0,0.0
2004-03-25 00:00:00-05:00,3.98471205313268,4.029882907867432,3.9734192132381656,4.029882907867432,12141,0.0,0.0
2004-03-26 00:00:00-05:00,3.992778046214881,3.992778046214881,3.9669659137725826,3.966965913772583,12141,0.0,0.0
2004-03-29 00:00:00-05:00,3.989552442345205,3.991166174359179,3.9701937162986427,3.9814865589141846,7547,0.0,0.0
2004-03-30 00:00:00-05:00,3.9814851705764487,3.9814851705764487,3.971805810928345,3.9718058109283447,8203,0.0,0.0
2004-03-31 00:00:00-05:00,3.9685793577123105,3.9847116237924833,3.9685793577123105,3.9718058109283447,11157,0.0,0.0
2004-04-01 00:00:00-05:00,3.9734204724903153,3.9847133159637456,3.9443818763710565,3.984713315963745,40689,0.0,0.0
2004-04-02 00:00:00-05:00,3.992778214671734,4.012136936187744,3.971806266362723,4.012136936187744,32158,0.0,0.0
2004-04-05 00:00:00-04:00,4.0121360648765965,4.0121360648765965,3.960512313868333,3.9927773475646973,41345,0.0,0.0
2004-04-06 00:00:00-04:00,4.004070621689041,4.004070621689041,3.944380227115643,3.9540598392486572,5250,0.0,0.0
2004-04-07 00:00:00-04:00,3.952447638125311,3.952447638125311,3.9282487292704356,3.94438099861145,66612,0.0,0.0
2004-04-08 00:00:00-04:00,3.9766454729774736,3.9766454729774736,3.9282481670379643,3.928248167037964,16735,0.0,0.0
2004-04-12 00:00:00-04:00,3.920183725338799,3.9363162517547607,3.920183725338799,3.9363162517547607,2953,0.0,0.0
2004-04-13 00:00:00-04:00,3.9121155902233493,3.9121155902233493,3.6459304114589526,3.69594144821167,74159,0.0,0.0
2004-04-14 00:00:00-04:00,3.629798571553129,3.629798571553129,3.5846277143699377,3.600759983062744,92863,0.0,0.0
2004-04-15 00:00:00-04:00,3.600759227359704,3.600759227359704,3.460407257080078,3.460407257080078,24282,0.0,0.0
2004-04-16 00:00:00-04:00,3.5007373625693146,3.5410687737676643,3.4846048485742855,3.5330021381378174,6563,0.0,0.0
2004-04-19 00:00:00-04:00,3.5168707370758057,3.5249371222577888,3.4926723387947063,3.5168707370758057,11813,0.0,0.0
2004-04-20 00:00:00-04:00,3.5297756858231226,3.5410687737676643,3.510416719513399,3.5330021381378174,12469,0.0,0.0
2004-04-21 00:00:00-04:00,3.533003641383761,3.5394568011804393,3.516871372946222,3.53139066696167,8860,0.0,0.0
2004-04-22 00:00:00-04:00,3.531390028466082,3.531390028466082,3.4991252450029995,3.5168707370758057,11485,0.0,0.0
2004-04-23 00:00:00-04:00,3.5168707370758057,3.5249371222577888,3.5007382191334564,3.5168707370758057,18376,0.0,0.0
2004-04-26 00:00:00-04:00,3.508806559020956,3.508806559020956,3.4749282777110815,3.476541757583618,17719,0.0,0.0
2004-04-27 00:00:00-04:00,3.476539820852357,3.5378431870959917,3.476539820852357,3.5168707370758057,13782,0.0,0.0
2004-04-28 00:00:00-04:00,3.5088059902191158,3.5168721261654343,3.468474805644091,3.508805990219116,13454,0.0,0.0
2004-04-29 00:00:00-04:00,3.5136436145875027,3.5136436145875027,3.420075482706448,3.423301935195923,24938,0.0,0.0
2004-04-30 00:00:00-04:00,3.407170561728705,3.431369468349537,3.3716790676116943,3.3716790676116943,57424,0.0,0.0
2004-05-03 00:00:00-04:00,3.3716786408535304,3.516870800093078,3.3474802421388303,3.502351760864258,78753,0.0,0.0
2004-05-04 00:00:00-04:00,3.5023527450798113,3.508805653217099,3.468474472515668,3.4846067428588867,17719,0.0,0.0
2004-05-05 00:00:00-04:00,3.500738554470409,3.500738554470409,3.4781531281563005,3.479766607284546,25595,0.0,0.0
2004-05-06 00:00:00-04:00,3.4684733889935555,3.4926722917922324,3.37974517255873,3.3813581466674805,22642,0.0,0.0
2004-05-07 00:00:00-04:00,3.373274712531396,3.412085261251415,3.352252606085532,3.3538694381713867,39377,0.01524,0.0
2004-05-10 00:00:00-04:00,3.3538703000163688,3.3797439214700113,3.3312313556671143,3.3312313556671143,21657,0.0,0.0
2004-05-11 00:00:00-04:00,3.3474009037017822,3.3490182417446226,3.315059456377342,3.3474009037017822,16407,0.0,0.0
2004-05-12 00:00:00-04:00,3.331229717205742,3.331229717205742,3.2342036212203955,3.24552321434021,39048,0.0,0.0
2004-05-13 00:00:00-04:00,3.2455243838304146,3.264929407599633,3.2455243838304146,3.248758554458618,44627,0.0,0.0
2004-05-14 00:00:00-04:00,3.2455231599913548,3.2455231599913548,3.201861619949341,3.201861619949341,40361,0.0,0.0
2004-05-17 00:00:00-04:00,3.185690595848724,3.185690595848724,3.137177547511568,3.1452627182006836,393766,0.0,0.0
2004-05-18 00:00:00-04:00,3.1679026731771933,3.201862217380339,3.1533491611480717,3.1533491611480713,34783,0.0,0.0
2004-05-19 00:00:00-04:00,3.169519419812284,3.201861619949341,3.153348572769057,3.201861619949341,240853,0.0,0.0
2004-05-20 00:00:00-04:00,3.193777001610908,3.203479766845703,3.1792234863222295,3.203479766845703,16735,0.0,0.0
2004-05-21 00:00:00-04:00,3.2099489300251194,3.234205722808838,3.2099489300251194,3.234205722808838,17063,0.0,0.0
2004-05-24 00:00:00-04:00,3.2342036729391532,3.2794825521930857,3.2180325723412317,3.2713968753814697,116817,0.0,0.0
2004-05-25 00:00:00-04:00,3.2794841127598295,3.3312313556671143,3.2794841127598295,3.3312313556671143,35111,0.0,0.0
2004-05-26 00:00:00-04:00,3.3474009037017822,3.350635073736761,3.3457840717096436,3.3474009037017822,4266,0.0,0.0
2004-05-27 00:00:00-04:00,3.363573251565725,3.3716589326705657,3.331231539248139,3.355487823486328,18048,0.0,0.0
2004-05-28 00:00:00-04:00,3.3554876385685626,3.3554876385685626,3.3312313556671143,3.3312313556671143,5250,0.0,0.0
2004-06-01 00:00:00-04:00,3.3474017533138345,3.3748927116394043,3.3344655759412576,3.3748927116394043,353405,0.0,0.0
2004-06-02 00:00:00-04:00,3.382978345548968,3.382978345548968,3.3069745667148047,3.3312313556671143,10829,0.0,0.0
2004-06-03 00:00:00-04:00,3.3150590767922985,3.321527416121611,3.2827168740950934,3.2843337059020996,14110,0.0,0.0
2004-06-04 00:00:00-04:00,3.29888928683245,3.344168186187744,3.29888928683245,3.344168186187744,12469,0.0,0.0
2004-06-07 00:00:00-04:00,3.3554860548936687,3.3862109184265137,3.3554860548936687,3.3862109184265137,417720,0.0,0.0
2004-06-08 00:00:00-04:00,3.379742383956909,3.379742383956909,3.379742383956909,3.379742383956909,14766,0.0,0.0
2004-06-09 00:00:00-04:00,3.3959141571138463,3.412085261251415,3.350635267948946,3.3538694381713867,30845,0.0,0.0
2004-06-10 00:00:00-04:00,3.370039716542045,3.3845939850275,3.370039716542045,3.381359815597534,59393,0.0,0.0
2004-06-14 00:00:00-04:00,3.347399179411264,3.347399179411264,3.2827155590057377,3.2827155590057373,66940,0.0,0.0
2004-06-15 00:00:00-04:00,3.2988898867296315,3.3069750625502783,3.2616961549610965,3.266547918319702,26579,0.0,0.0
2004-06-16 00:00:00-04:00,3.266546120310362,3.2746312916806772,3.2358207485309265,3.2390549182891846,11485,0.0,0.0
2004-06-17 00:00:00-04:00,3.255226895715024,3.255226895715024,3.2358216189204083,3.248758554458618,237900,0.0,0.0
2004-06-18 00:00:00-04:00,3.250374077509911,3.2568424151538413,3.218031883239746,3.218031883239746,34126,0.0,0.0
2004-06-21 00:00:00-04:00,3.209947779718408,3.2342045638095427,3.209947779718408,3.216416120529175,8532,0.0,0.0
2004-06-22 00:00:00-04:00,3.201862217380339,3.201862217380339,3.1533491611480717,3.1533491611480713,40361,0.0,0.0
2004-06-23 00:00:00-04:00,3.1695204895511067,3.1921599360779225,3.145263704748802,3.1856915950775146,10500,0.0,0.0
2004-06-24 00:00:00-04:00,3.20186224527408,3.2342041987022294,3.20186224527408,3.2325868606567383,7219,0.0,0.0
2004-06-25 00:00:00-04:00,3.2422885839388624,3.256842851638794,3.2099466383594577,3.256842851638794,76456,0.0,0.0
2004-06-28 00:00:00-04:00,3.273015126554696,3.273015126554696,3.227736234664917,3.227736234664917,9516,0.0,0.0
2004-06-29 00:00:00-04:00,3.2293541865511672,3.281101437217241,3.2293541865511672,3.266547918319702,10172,0.0,0.0
2004-06-30 00:00:00-04:00,3.282717407418427,3.298888511394251,3.2778658991079253,3.2891860008239746,20673,0.0,0.0
2004-07-01 00:00:00-04:00,3.298888958271957,3.298888958271957,3.2374389572599074,3.248758554458618,27892,0.0,0.0
2004-07-02 00:00:00-04:00,3.250375270843506,3.250375270843506,3.240672507790109,3.250375270843506,7219,0.0,0.0
2004-07-06 00:00:00-04:00,3.2277358277527117,3.250375270843506,3.218033064699315,3.250375270843506,6891,0.0,0.0
2004-07-07 00:00:00-04:00,3.2503752798151933,3.2503752798151933,3.235821008682251,3.235821008682251,3610,0.0,0.0
2004-07-08 00:00:00-04:00,3.227737379680097,3.25037683365616,3.2180346119615155,3.234205722808838,43314,0.0,0.0
2004-07-09 00:00:00-04:00,3.2325868386639747,3.235821008682251,3.21964990556552,3.235821008682251,6563,0.0,0.0
2004-07-12 00:00:00-04:00,3.227737353807413,3.268164751063457,3.226120015012721,3.266547918319702,14438,0.0,0.0
2004-07-13 00:00:00-04:00,3.2778650021069744,3.315058708190918,3.266545662564597,3.315058708190918,28220,0.0,0.0
2004-07-14 00:00:00-04:00,3.2988890896510266,3.3199111995715573,3.2940375804901123,3.2940375804901123,4922,0.0,0.0
2004-07-15 00:00:00-04:00,3.30697379793895,3.3474011797352636,3.2730150097713593,3.3376991748809814,24282,0.0,0.0
2004-07-16 00:00:00-04:00,3.347399179411264,3.347399179411264,3.2827155590057377,3.2827155590057373,17063,0.0,0.0
2004-07-19 00:00:00-04:00,3.323145858143298,3.355487823486328,3.2924212314415913,3.355487823486328,32814,0.0,0.0
2004-07-20 00:00:00-04:00,3.339315154559575,3.3441666617989867,3.331229730869401,3.3425493240356445,11157,0.0,0.0
2004-07-21 00:00:00-04:00,3.3554861976005004,3.3554861976005004,3.2827168740950934,3.2843337059020996,19032,0.0,0.0
2004-07-22 00:00:00-04:00,3.268163510427071,3.2908029556274414,3.258460746469557,3.2908029556274414,6563,0.0,0.0
2004-07-23 00:00:00-04:00,3.266546208330712,3.266546208330712,3.2261183261871342,3.226118326187134,13782,0.0,0.0
2004-07-26 00:00:00-04:00,3.2277357678609646,3.2439068706329994,3.1937762243168812,3.1953935623168945,8532,0.0,0.0
2004-07-27 00:00:00-04:00,3.209946596594,3.2633111476898193,3.209946596594,3.2633111476898193,9188,0.0,0.0
2004-07-28 00:00:00-04:00,3.2552270848341074,3.3069743239425127,3.2261192944638055,3.287569046020508,9516,0.0,0.0
2004-07-29 00:00:00-04:00,3.2988883908506135,3.3878288269042964,3.2988883908506135,3.387828826904297,9844,0.0,0.0
2004-07-30 00:00:00-04:00,3.3878285851896184,3.452512741088867,3.3878285851896184,3.452512741088867,6235,0.0,0.0
2004-08-02 00:00:00-04:00,3.4363418840337068,3.468683837778196,3.3878288269042964,3.387828826904297,49877,0.0,0.0
2004-08-03 00:00:00-04:00,3.373274518873906,3.3781260269544107,3.329612970352173,3.329612970352173,13126,0.0,0.0
2004-08-04 00:00:00-04:00,3.3296122170383438,3.3296122170383438,3.266545662564597,3.315058708190918,22313,0.0,0.0
2004-08-05 00:00:00-04:00,3.3069728513497205,3.3069728513497205,3.240671873092651,3.2406718730926514,23626,0.0,0.0
2004-08-06 00:00:00-04:00,3.2260433479851383,3.2260433479851383,3.2081662171057728,3.2130415439605713,13782,0.03047,0.0
2004-08-09 00:00:00-04:00,3.2130421899119086,3.250422415784239,3.2130421899119086,3.245546579360962,29204,0.0,0.0
2004-08-10 00:00:00-04:00,3.256922195389234,3.315429925918579,3.256922195389234,3.315429925918579,6891,0.0,0.0
2004-08-11 00:00:00-04:00,3.299178217943066,3.304053544998169,3.299178217943066,3.304053544998169,4266,0.0,0.0
2004-08-12 00:00:00-04:00,3.2829261999179606,3.2910519143407257,3.243921041488648,3.2439210414886475,16407,0.0,0.0
2004-08-13 00:00:00-04:00,3.2585479473778323,3.2585479473778323,3.237420680307653,3.2390456199645996,14766,0.0,0.0
2004-08-16 00:00:00-04:00,3.2504216044052794,3.26342340779819,3.237420055306476,3.2406704425811768,9844,0.0,0.0
2004-08-17 00:00:00-04:00,3.2569210083150195,3.2569210083150195,3.2260418336123116,3.23416805267334,16407,0.0,0.0
2004-08-18 00:00:00-04:00,3.250420589983478,3.3073028581266044,3.250420589983478,3.291050672531128,35439,0.0,0.0
2004-08-19 00:00:00-04:00,3.2780490958310184,3.331681489944458,3.2780490958310184,3.331681489944458,8203,0.0,0.0
2004-08-20 00:00:00-04:00,3.3349327102713717,3.429194450378418,3.3349327102713717,3.429194450378418,29861,0.0,0.0
2004-08-23 00:00:00-04:00,3.445445788318422,3.4698241955755975,3.445445788318422,3.456822395324707,10829,0.0,0.0
2004-08-24 00:00:00-04:00,3.469824004361147,3.5462085912363146,3.469824004361147,3.534832239151001,31829,0.0,0.0
2004-08-25 00:00:00-04:00,3.5169542955003466,3.5413326975001005,3.515329356900219,3.5332062244415283,9188,0.0,0.0
2004-08-26 00:00:00-04:00,3.5348322002808,3.5348322002808,3.5267059803009038,3.5267059803009033,5578,0.0,0.0
2004-08-27 00:00:00-04:00,3.528332470698644,3.542959213256836,3.526707022786963,3.542959213256836,4922,0.0,0.0
2004-08-30 00:00:00-04:00,3.5348328755680067,3.575462966053265,3.528332101777418,3.559210777282715,48236,0.0,0.0
2004-08-31 00:00:00-04:00,3.552710471464085,3.5852148532867427,3.5510855320964736,3.585214853286743,18376,0.0,0.0
2004-09-01 00:00:00-04:00,3.5705884101939036,3.591715929570604,3.5429596070361082,3.5900909900665283,203117,0.0,0.0
2004-09-02 00:00:00-04:00,3.5965914522454265,3.6404719352722172,3.5965914522454265,3.640471935272217,21329,0.0,0.0
2004-09-03 00:00:00-04:00,3.624218529417008,3.6567229002436883,3.624218529417008,3.6550979614257812,38720,0.0,0.0
2004-09-07 00:00:00-04:00,3.65509879852662,3.689227861693515,3.65509879852662,3.656723737716675,18704,0.0,0.0
2004-09-08 00:00:00-04:00,3.6729755353665148,3.6892277238949305,3.656723601132172,3.684352397918701,39048,0.0,0.0
2004-09-09 00:00:00-04:00,3.6973559950128347,3.713607937139017,3.6892295153613497,3.711982488632202,14438,0.0,0.0
2004-09-10 00:00:00-04:00,3.702230074392455,3.729858875274658,3.702230074392455,3.729858875274658,14110,0.0,0.0
2004-09-13 00:00:00-04:00,3.746111257943994,3.7623631954193115,3.746111257943994,3.7623631954193115,9516,0.0,0.0
2004-09-14 00:00:00-04:00,3.762361803494114,3.762361803494114,3.744484424591065,3.7444844245910645,3281,0.0,0.0
2004-09-15 00:00:00-04:00,3.754235674096878,3.754235674096878,3.741233874318785,3.746109962463379,2297,0.0,0.0
2004-09-16 00:00:00-04:00,3.7493615828050166,3.794867515563965,3.7428608079234866,3.794867515563965,13454,0.0,0.0
2004-09-17 00:00:00-04:00,3.7948660202252653,3.8029917313311814,3.7818642212913476,3.789990186691284,24282,0.0,0.0
2004-09-20 00:00:00-04:00,3.8029940443281327,3.8029940443281327,3.7591135501861572,3.7591135501861572,16079,0.0,0.0
2004-09-21 00:00:00-04:00,3.7526119702457814,3.794867515563965,3.7526119702457814,3.794867515563965,7875,0.0,0.0
2004-09-22 00:00:00-04:00,3.811118856619113,3.843622725942392,3.780239672173838,3.781865119934082,33798,0.0,0.0
2004-09-23 00:00:00-04:00,3.7672385118899,3.8176202774047856,3.7672385118899,3.817620277404785,83347,0.0,0.0
2004-09-24 00:00:00-04:00,3.827371624224893,3.827371624224893,3.819245401371411,3.8241212368011475,21001,0.0,0.0
2004-09-27 00:00:00-04:00,3.811119032948131,3.811119032948131,3.776989459991455,3.776989459991455,11157,0.0,0.0
2004-09-28 00:00:00-04:00,3.793240543377107,3.8111179214120754,3.7704875861400606,3.778613805770874,17063,0.0,0.0
2004-09-29 00:00:00-04:00,3.7769898760515184,3.794867515563965,3.7672387137292236,3.794867515563965,6235,0.0,0.0
2004-09-30 00:00:00-04:00,3.7948675203664584,3.8354976177215576,3.7948675203664584,3.8354976177215576,33470,0.0,0.0
2004-10-01 00:00:00-04:00,3.835496772398729,3.86637544631958,3.8273708055774525,3.86637544631958,25595,0.0,0.0
2004-10-04 00:00:00-04:00,3.8761273061362926,3.8923794970063894,3.864751204827212,3.8810031414031982,10500,0.0,0.0
2004-10-05 00:00:00-04:00,3.8875043254278516,3.8875043254278516,3.8354976177215576,3.8354976177215576,6235,0.0,0.0
2004-10-06 00:00:00-04:00,3.8468736192754247,3.876127359811405,3.8468736192754247,3.874502420425415,6563,0.0,0.0
2004-10-07 00:00:00-04:00,3.8680000119619216,3.8680000119619216,3.841996669769287,3.841996669769287,12469,0.0,0.0
2004-10-08 00:00:00-04:00,3.843623646210966,3.864751674917885,3.843623646210966,3.8550002574920654,8203,0.0,0.0
2004-10-11 00:00:00-04:00,3.838748544674917,3.8403739929199214,3.838748544674917,3.840373992919922,656,0.0,0.0
2004-10-12 00:00:00-04:00,3.830622349662869,3.864751674917885,3.830622349662869,3.8550002574920654,6235,0.0,0.0
2004-10-13 00:00:00-04:00,3.8680000119619216,3.8680000119619216,3.827369932826309,3.841996669769287,8203,0.0,0.0
2004-10-14 00:00:00-04:00,3.825745635531528,3.848498598576218,3.8127440876740377,3.819244861602783,13126,0.0,0.0
2004-10-15 00:00:00-04:00,3.819244951660501,3.8208703994750977,3.819244951660501,3.8208703994750977,7875,0.0,0.0
2004-10-18 00:00:00-04:00,3.833871867943998,3.845248222351074,3.833871867943998,3.845248222351074,1641,0.0,0.0
2004-10-19 00:00:00-04:00,3.8680022900843456,3.8680022900843456,3.8403739929199214,3.840373992919922,2953,0.0,0.0
2004-10-20 00:00:00-04:00,3.835497931228708,3.855000257492066,3.8192457383817695,3.8550002574920654,8203,0.0,0.0
2004-10-21 00:00:00-04:00,3.8631259515276626,3.884253978729248,3.8631259515276626,3.884253978729248,2953,0.0,0.0
2004-10-22 00:00:00-04:00,3.884253978729248,3.897255528645149,3.884253978729248,3.884253978729248,5250,0.0,0.0
2004-10-25 00:00:00-04:00,3.8680015921424094,3.8907545576429006,3.8680015921424094,3.8810031414031982,5906,0.0,0.0
2004-10-26 00:00:00-04:00,3.8517488568108322,3.9492614796593575,3.8517488568108322,3.942760705947876,17063,0.0,0.0
2004-10-27 00:00:00-04:00,3.942760601768964,3.994767298674803,3.942760601768964,3.970388889312744,13454,0.0,0.0
2004-10-28 00:00:00-04:00,3.970389270955199,3.9736396580374898,3.9411355329204896,3.9655139446258545,6235,0.0,0.0
2004-10-29 00:00:00-04:00,3.9362606710619583,3.973640126919003,3.9362606710619583,3.9541378021240234,18376,0.0,0.0
2004-11-01 00:00:00-05:00,3.955762614325693,3.9736394882202153,3.947636138379075,3.973639488220215,26579,0.0,0.0
2004-11-02 00:00:00-05:00,3.9736403392289783,3.9736403392289783,3.9573884010314937,3.957388401031494,4594,0.0,0.0
2004-11-03 00:00:00-05:00,3.970388367880158,3.9720138153456834,3.9443850228422677,3.959012269973755,7547,0.0,0.0
2004-11-04 00:00:00-05:00,3.942761637948553,3.972015380859375,3.942761637948553,3.972015380859375,16407,0.0,0.0
2004-11-05 00:00:00-05:00,3.9720153997033654,3.9720153997033654,3.949262431932752,3.957388401031494,8203,0.0,0.0
2004-11-08 00:00:00-05:00,3.965544051265313,3.965544051265313,3.9443289185244574,3.952488899230957,51846,0.03047,0.0
2004-11-09 00:00:00-05:00,3.960648762465453,3.9655447006225586,3.947593608293318,3.9655447006225586,14766,0.0,0.0
2004-11-10 00:00:00-05:00,3.9492245653526132,3.988390271384632,3.9492245653526132,3.975335121154785,15751,0.0,0.0
2004-11-11 00:00:00-05:00,3.981861540769678,3.9900207519531246,3.9737018189014224,3.990020751953125,7219,0.0,0.0
2004-11-12 00:00:00-05:00,3.990022255688247,4.030820369720459,3.990022255688247,4.030820369720459,35439,0.0,0.0
2004-11-15 00:00:00-05:00,4.030821488979323,4.038980960845947,4.030821488979323,4.038980960845947,1641,0.0,0.0
2004-11-16 00:00:00-05:00,4.0389804610633515,4.0389804610633515,4.014502048492432,4.014502048492432,42986,0.0,0.0
2004-11-17 00:00:00-05:00,4.025926089265083,4.055300447258371,4.025926089265083,4.040613651275635,9516,0.0,0.0
2004-11-18 00:00:00-05:00,4.030818797186108,4.042242050170898,4.030818797186108,4.042242050170898,2297,0.0,0.0
2004-11-19 00:00:00-05:00,4.055299521352346,4.07814629576244,4.055299521352346,4.074882507324219,8203,0.0,0.0
2004-11-22 00:00:00-05:00,4.074881596752801,4.172796249389648,4.074881596752801,4.172796249389648,45611,0.0,0.0
2004-11-23 00:00:00-05:00,4.180957652031232,4.211963645816377,4.180957652031232,4.20217227935791,7875,0.0,0.0
2004-11-24 00:00:00-05:00,4.190747979729288,4.220122327166248,4.190747979729288,4.210330963134766,10172,0.0,0.0
2004-11-26 00:00:00-05:00,4.210330963134766,4.210330963134766,4.210330963134766,4.210330963134766,0,0.0,0.0
2004-11-29 00:00:00-05:00,4.2103323867819515,4.2103323867819515,4.190749396754843,4.200541019439697,9844,0.0,0.0
2004-11-30 00:00:00-05:00,4.190749333185726,4.202172594911745,4.184221755056573,4.198908805847168,4922,0.0,0.0
2004-12-01 00:00:00-05:00,4.19074799829288,4.202171256380211,4.184220422242977,4.195643424987793,20673,0.0,0.0
2004-12-02 00:00:00-05:00,4.179325244170939,4.197276592254639,4.171165772626132,4.197276592254639,3610,0.0,0.0
2004-12-03 00:00:00-05:00,4.200540552593032,4.210331918847078,4.161374576891706,4.171165943145752,31173,0.0,0.0
2004-12-06 00:00:00-05:00,4.158110799990045,4.192380581976866,4.153214861506497,4.185853004455566,15094,0.0,0.0
2004-12-07 00:00:00-05:00,4.169532094316289,4.184219648397228,4.131998538970947,4.131998538970947,9188,0.0,0.0
2004-12-08 00:00:00-05:00,4.11568015970987,4.153213977813721,4.1042563907931235,4.153213977813721,20345,0.0,0.0
2004-12-09 00:00:00-05:00,4.14505497200099,4.1776933670043945,4.1417911835691585,4.1776933670043945,6235,0.0,0.0
2004-12-10 00:00:00-05:00,4.161374588750694,4.194012731699763,4.154847011229395,4.185853004455566,9516,0.0,0.0
2004-12-13 00:00:00-05:00,4.19401230916355,4.198907991811296,4.164637957934524,4.1776933670043945,15094,0.0,0.0
2004-12-14 00:00:00-05:00,4.161373615264893,4.169532829915228,4.148318207933823,4.161373615264893,6563,0.0,0.0
2004-12-15 00:00:00-05:00,4.153214443080568,4.1776933670043945,4.153214443080568,4.1776933670043945,9516,0.0,0.0
2004-12-16 00:00:00-05:00,4.169532299041748,4.185851492292164,4.146685530628157,4.169532299041748,13454,0.0,0.0
2004-12-17 00:00:00-05:00,4.169533385239723,4.187484732299888,4.161374169502692,4.1776933670043945,15751,0.0,0.0
2004-12-20 00:00:00-05:00,4.161374484604627,4.161374484604627,4.135263919830322,4.135263919830322,14438,0.0,0.0
2004-12-21 00:00:00-05:00,4.151583222468745,4.185853004455566,4.151583222468745,4.185853004455566,10172,0.0,0.0
2004-12-22 00:00:00-05:00,4.185853004455566,4.185853004455566,4.185853004455566,4.185853004455566,3281,0.0,0.0
2004-12-23 00:00:00-05:00,4.177694176927419,4.198908805847168,4.177694176927419,4.198908805847168,8203,0.0,0.0
2004-12-27 00:00:00-05:00,4.189116371173257,4.189116371173257,4.1711655347981855,4.1776933670043945,7875,0.0,0.0
2004-12-28 00:00:00-05:00,4.190749806148132,4.200541429789527,4.184222227282284,4.194013595581055,24282,0.0,0.0
2004-12-29 00:00:00-05:00,4.2005390651793455,4.242968559265137,4.177692296667391,4.242968559265137,45611,0.0,0.0
2004-12-30 00:00:00-05:00,4.2429687983056334,4.2429687983056334,4.228281497955322,4.228281497955322,2625,0.0,0.0
2004-12-31 00:00:00-05:00,4.228280046098787,4.241335192734124,4.213593006134033,4.213593006134033,13782,0.0,0.0
2005-01-03 00:00:00-05:00,4.213593198848604,4.213593198848604,4.115678573235682,4.145052909851074,45611,0.0,0.0
2005-01-04 00:00:00-05:00,4.159740660955895,4.159740660955895,4.104255509714139,4.1254706382751465,28220,0.0,0.0
2005-01-05 00:00:00-05:00,4.112416741571448,4.112416741571448,4.063459405489468,4.073250770568848,13454,0.0,0.0
2005-01-06 00:00:00-05:00,4.079777949167617,4.120575555026383,4.071618223721852,4.089569568634033,30845,0.0,0.0
2005-01-07 00:00:00-05:00,4.079778269089685,4.09936125421563,4.05529934617535,4.056931495666504,14110,0.0,0.0
2005-01-10 00:00:00-05:00,4.079779072632945,4.145055617461959,4.079779072632945,4.1075215339660645,23626,0.0,0.0
2005-01-11 00:00:00-05:00,4.096096602279467,4.096096602279467,4.056930640285499,4.058562278747559,12141,0.0,0.0
2005-01-12 00:00:00-05:00,4.050404706856588,4.060196328995253,4.003079001314448,4.004711151123047,28548,0.0,0.0
2005-01-13 00:00:00-05:00,4.02102866825741,4.029187881830121,3.941064596176148,3.9410645961761475,28548,0.0,0.0
2005-01-14 00:00:00-05:00,3.957384824752808,3.965544551145375,3.950857247912791,3.9573848247528076,8860,0.0,0.0
2005-01-18 00:00:00-05:00,3.9737020724627663,3.9818617948516923,3.932904481887818,3.9329044818878174,30517,0.0,0.0
2005-01-19 00:00:00-05:00,3.9165863289052023,3.9590160794601283,3.890475772104283,3.924745798110962,41674,0.0,0.0
2005-01-20 00:00:00-05:00,3.9084270542341963,3.939433551470044,3.8921078586017774,3.9002678394317627,15094,0.0,0.0
2005-01-21 00:00:00-05:00,3.908427722824475,3.996551036834717,3.9002685066262957,3.996551036834717,31829,0.0,0.0
2005-01-24 00:00:00-05:00,4.0128695888691714,4.030820935194597,4.0128695888691714,4.022661209106445,5578,0.0,0.0
2005-01-25 00:00:00-05:00,4.038981427429866,4.047141155581675,4.0226622264688485,4.024294376373291,25267,0.0,0.0
2005-01-26 00:00:00-05:00,4.024292794039705,4.050403352105221,4.0128690259133855,4.030820369720459,11485,0.0,0.0
2005-01-27 00:00:00-05:00,4.021031391890111,4.0455098152160645,4.012871406762823,4.0455098152160645,29861,0.0,0.0
2005-01-28 00:00:00-05:00,4.0504044086397695,4.071619035135984,4.030821421146851,4.0324530601501465,8860,0.0,0.0
2005-01-31 00:00:00-05:00,4.055299904579196,4.0601960983843135,4.025925550516777,4.038980960845947,16079,0.0,0.0
2005-02-01 00:00:00-05:00,4.02429429506895,4.02429429506895,3.9704410095883906,3.9981837272644043,20016,0.0,0.0
2005-02-02 00:00:00-05:00,3.990022652090468,3.9998142719268803,3.990022652090468,3.99981427192688,7547,0.0,0.0
2005-02-03 00:00:00-05:00,3.991655425575793,3.9998146413985243,3.9655446071617972,3.968808650970459,32814,0.0,0.0
2005-02-04 00:00:00-05:00,3.932906648131819,3.996551036834717,3.9247469212485173,3.996551036834717,14438,0.0,0.0
2005-02-07 00:00:00-05:00,4.007974861333921,4.030821638751955,4.006342711557379,4.027557849884033,8532,0.0,0.0
2005-02-08 00:00:00-05:00,4.025913937312882,4.040661233557887,4.025913937312882,4.039022445678711,4594,0.03047,0.0
2005-02-09 00:00:00-05:00,4.022639992019195,4.034110234157897,4.011170519024335,4.019362926483154,8532,0.0,0.0
2005-02-10 00:00:00-05:00,4.011168377215087,4.022637844085693,3.9947828019028715,4.022637844085693,15094,0.0,0.0
2005-02-11 00:00:00-05:00,4.017724485883137,4.0406642000791,4.017724485883137,4.034110069274902,9188,0.0,0.0
2005-02-14 00:00:00-05:00,4.027554866230505,4.035747528076172,4.027554866230505,4.035747528076172,1313,0.0,0.0
2005-02-15 00:00:00-05:00,4.060324074595245,4.088179111480713,4.030830249747185,4.088179111480713,36095,0.0,0.0
2005-02-16 00:00:00-05:00,4.079986811310928,4.098010402774061,4.079986811310928,4.096372127532959,72190,0.0,0.0
2005-02-17 00:00:00-05:00,4.134060056957016,4.134060056957016,4.089819431304932,4.089819431304932,85972,0.0,0.0
2005-02-18 00:00:00-05:00,4.08818149908077,4.099651739612355,4.081627368927002,4.081627368927002,20345,0.0,0.0
2005-02-22 00:00:00-05:00,4.081626059263887,4.112758680267314,4.071794610806586,4.0734333992004395,50205,0.0,0.0
2005-02-23 00:00:00-05:00,4.073432119900836,4.081624777391303,4.039022445678711,4.039022445678711,21657,0.0,0.0
2005-02-24 00:00:00-05:00,4.047216314358323,4.047216314358323,4.039023398553924,4.045577526092529,13454,0.0,0.0
2005-02-25 00:00:00-05:00,4.04557834100545,4.050494194030762,4.030831807454294,4.050494194030762,18704,0.0,0.0
2005-02-28 00:00:00-05:00,4.039024927011964,4.048856122040217,4.0144469394413305,4.047217845916748,29861,0.0,0.0
2005-03-01 00:00:00-05:00,4.039023421076016,4.040662209350948,3.998059867350174,4.0095295906066895,24610,0.0,0.0
2005-03-02 00:00:00-05:00,4.004615306854248,4.014446757818945,3.9980611771319357,4.004615306854248,17719,0.0,0.0
2005-03-03 00:00:00-05:00,4.006252767304027,4.0095300878792095,3.9980603632001888,3.9996986389160156,10172,0.0,0.0
2005-03-04 00:00:00-05:00,4.0078921767092766,4.0078921767092766,3.9685668900419424,3.981675148010254,30189,0.0,0.0
2005-03-07 00:00:00-05:00,3.9734834305778826,3.9816763506639243,3.9652910232543945,3.9652910232543945,6891,0.0,0.0
2005-03-08 00:00:00-05:00,3.96528954027665,3.96528954027665,3.916133063669526,3.917771339416504,27564,0.0,0.0
2005-03-09 00:00:00-05:00,3.9161328677617395,3.921048207519141,3.883361714075607,3.888277053833008,33142,0.0,0.0
2005-03-10 00:00:00-05:00,3.8997482233481735,3.907940629156758,3.8833626425873162,3.9013864994049072,18704,0.0,0.0
2005-03-11 00:00:00-05:00,3.901386655404778,3.901386655404778,3.858784810314279,3.8637001514434814,18048,0.0,0.0
2005-03-14 00:00:00-05:00,3.8587836649082523,3.8587836649082523,3.817819595336914,3.817819595336914,26579,0.0,0.0
2005-03-15 00:00:00-05:00,3.8309296258631305,3.8342066911958974,3.8178211081507976,3.819460153579712,117473,0.0,0.0
2005-03-16 00:00:00-05:00,3.8178200269343594,3.848952907922529,3.8178200269343594,3.8473141193389893,42330,0.0,0.0
2005-03-17 00:00:00-05:00,3.847315102208773,3.847315102208773,3.8194600476527727,3.8276524543762207,16079,0.0,0.0
2005-03-18 00:00:00-05:00,3.8292913495780123,3.8292913495780123,3.8178211081507976,3.819460153579712,53158,0.0,0.0
2005-03-21 00:00:00-05:00,3.8178204125222592,3.824374798374812,3.807989218315258,3.8161821365356445,18704,0.0,0.0
2005-03-22 00:00:00-05:00,3.811266665775297,3.8178207959047916,3.801435470581055,3.8014354705810547,18376,0.0,0.0
2005-03-23 00:00:00-05:00,3.803073304536733,3.8096274330204754,3.8014345160346177,3.8047115802764893,22970,0.0,0.0
2005-03-24 00:00:00-05:00,3.801434275165775,3.817819595336914,3.7932416150802055,3.817819595336914,26251,0.0,0.0
2005-03-28 00:00:00-05:00,3.8309283248030175,3.8342053890228276,3.8030732789346313,3.834205389022827,16735,0.0,0.0
2005-03-29 00:00:00-05:00,3.84403653317455,3.899747133255005,3.8358438732748237,3.899747133255005,27235,0.0,0.0
2005-03-30 00:00:00-05:00,3.916133063669526,3.932518384951113,3.8981086974974177,3.917771339416504,21001,0.0,0.0
2005-03-31 00:00:00-05:00,3.924324256152815,4.096372127532959,3.924324256152815,4.096372127532959,53486,0.0,0.0
2005-04-01 00:00:00-05:00,4.096374931452836,4.129146099090576,4.058688165583817,4.129146099090576,160788,0.0,0.0
2005-04-04 00:00:00-04:00,4.145530379524678,4.161915701810607,4.122590671943181,4.143891334533691,29532,0.0,0.0
2005-04-05 00:00:00-04:00,4.145529068238025,4.186492360995606,4.106203794428515,4.109480857849121,23626,0.0,0.0
2005-04-06 00:00:00-04:00,4.1291432383728655,4.17829969939204,4.1291432383728655,4.135697364807129,37080,0.0,0.0
2005-04-07 00:00:00-04:00,4.16191663609919,4.166831977507194,4.1520854405206755,4.15372371673584,11813,0.0,0.0
2005-04-08 00:00:00-04:00,4.153722628300551,4.155361416848799,4.1455302238464355,4.1455302238464355,4266,0.0,0.0
2005-04-11 00:00:00-04:00,4.129144693557652,4.129144693557652,4.106204986572266,4.106204986572266,3281,0.0,0.0
2005-04-12 00:00:00-04:00,4.10784393645071,4.10784393645071,4.012808028542288,4.055410385131836,31501,0.0,0.0
2005-04-13 00:00:00-04:00,4.03574676565393,4.112758797979163,4.032469701534758,4.084903240203857,116489,0.0,0.0
2005-04-14 00:00:00-04:00,4.091458564157654,4.104567080846436,4.081627368927002,4.081627368927002,16079,0.0,0.0
2005-04-15 00:00:00-04:00,4.08326615784669,4.099651739612355,4.081627368927002,4.081627368927002,15751,0.0,0.0
2005-04-18 00:00:00-04:00,4.075072264899838,4.1078434226611975,4.075072264899838,4.091457843780518,30189,0.0,0.0
2005-04-19 00:00:00-04:00,4.091457583711964,4.129144592208839,4.091457583711964,4.1045660972595215,93519,0.0,0.0
2005-04-20 00:00:00-04:00,4.0881791280891395,4.0881791280891395,4.035745604505996,4.065239429473877,48564,0.0,0.0
2005-04-21 00:00:00-04:00,4.08818149908077,4.165193553912526,4.06360351100414,4.081627368927002,24282,0.0,0.0
2005-04-22 00:00:00-04:00,4.071794610806586,4.094734315365403,4.065240482755828,4.0734333992004395,26579,0.0,0.0
2005-04-25 00:00:00-04:00,4.063602926818966,4.063602926818966,4.05049441201467,4.057048797607422,5906,0.0,0.0
2005-04-26 00:00:00-04:00,4.032470674382174,4.055410385131836,4.022639223271615,4.055410385131836,23298,0.0,0.0
2005-04-27 00:00:00-04:00,4.039024241946846,4.039024241946846,3.9980606798957767,4.014446258544922,21985,0.0,0.0
2005-04-28 00:00:00-04:00,3.9980624409885523,3.9980624409885523,3.9554600715637207,3.9554600715637207,7875,0.0,0.0
2005-04-29 00:00:00-04:00,3.97184522278771,3.97184522278771,3.916134595870972,3.9161345958709717,26907,0.0,0.0
2005-05-02 00:00:00-04:00,3.916133063669526,3.957096366873494,3.8997474860067576,3.917771339416504,43314,0.0,0.0
2005-05-03 00:00:00-04:00,3.9407116781150093,3.9407116781150093,3.8833625316619877,3.8833625316619873,34454,0.0,0.0
2005-05-04 00:00:00-04:00,3.8833631460532763,3.907941135809178,3.850592236664144,3.852231025695801,26251,0.0,0.0
2005-05-05 00:00:00-04:00,3.83912250811139,3.8522310256958003,3.8194601163066686,3.852231025695801,36751,0.0,0.0
2005-05-06 00:00:00-04:00,3.85222911711748,3.8817224338309013,3.85222911711748,3.865337371826172,10172,0.0,0.0
2005-05-09 00:00:00-04:00,3.865338054934243,3.921048403672821,3.865338054934243,3.917771339416504,18704,0.0,0.0
2005-05-10 00:00:00-04:00,3.9177693748834486,3.9725282192230225,3.9177693748834486,3.9725282192230225,18704,0.09142,0.0
2005-05-11 00:00:00-04:00,3.9658918380737305,3.9658918380737305,3.9492980636390063,3.9658918380737305,18048,0.0,0.0
2005-05-12 00:00:00-04:00,3.965890363700929,3.965890363700929,3.924405813217163,3.924405813217163,6235,0.0,0.0
2005-05-13 00:00:00-04:00,3.9161087505904315,3.9161087505904315,3.8762838163838587,3.8829212188720703,13126,0.0,0.0
2005-05-16 00:00:00-04:00,3.8995161963315073,3.9011758071078617,3.8945384025573735,3.894538402557373,2953,0.0,0.0
2005-05-17 00:00:00-04:00,3.8845812210952677,3.8995153782006318,3.879602909088135,3.8796029090881348,6891,0.0,0.0
2005-05-18 00:00:00-04:00,3.8912187959630042,3.9575930901100107,3.8912187959630042,3.924405813217163,19360,0.0,0.0
2005-05-19 00:00:00-04:00,3.924406640664968,3.957593924555242,3.924406640664968,3.9492974281311035,12469,0.0,0.0
2005-05-20 00:00:00-04:00,3.9509571554798146,3.9658918380737305,3.9492980636390063,3.9658918380737305,3281,0.0,0.0
2005-05-23 00:00:00-04:00,3.9658912634530914,3.9658912634530914,3.94929749142265,3.9509565830230713,7875,0.0,0.0
2005-05-24 00:00:00-04:00,3.932703719392209,3.9509565830230717,3.932703719392209,3.9509565830230713,3281,0.0,0.0
2005-05-25 00:00:00-04:00,3.9509567313719667,3.9509567313719667,3.9277255535125737,3.9277255535125732,23954,0.0,0.0
2005-05-26 00:00:00-04:00,3.9244072721675276,3.9658918380737305,3.9244072721675276,3.9658918380737305,3610,0.0,0.0
2005-05-27 00:00:00-04:00,3.9575942456944255,3.980825424194336,3.9575942456944255,3.980825424194336,8203,0.0,0.0
2005-05-31 00:00:00-04:00,3.96920895576477,3.96920895576477,3.96920895576477,3.9692089557647705,1641,0.0,0.0
2005-06-01 00:00:00-04:00,3.972527613168892,4.038902424020461,3.972527613168892,4.015671253204346,20673,0.0,0.0
2005-06-02 00:00:00-04:00,4.015672200284281,4.023968696594238,3.6920953429814527,4.023968696594238,28876,0.0,0.0
2005-06-03 00:00:00-04:00,4.0156726002896415,4.017331692005905,4.007375324236963,4.0106940269470215,3610,0.0,0.0
2005-06-06 00:00:00-04:00,4.018991470336914,4.018991470336914,4.0090351021534225,4.018991470336914,1641,0.0,0.0
2005-06-07 00:00:00-04:00,3.995758102303029,4.023967061063142,3.9874610900878906,3.9874610900878906,11813,0.0,0.0
2005-06-08 00:00:00-04:00,3.985804055828856,3.98746340730845,3.9658918380737305,3.9658918380737305,1969,0.0,0.0
2005-06-09 00:00:00-04:00,3.9244065096685365,3.994100037186616,3.9244065096685365,3.9824845790863037,10172,0.0,0.0
2005-06-10 00:00:00-04:00,3.9824845790863037,3.9824845790863037,3.9824845790863037,3.9824845790863037,0,0.0,0.0
2005-06-13 00:00:00-04:00,3.9824838723280083,3.9824838723280083,3.924405813217163,3.924405813217163,12141,0.0,0.0
2005-06-14 00:00:00-04:00,3.9078146258095865,3.9078146258095865,3.8713086279324602,3.8729677200317383,6235,0.0,0.0
2005-06-15 00:00:00-04:00,3.858031585169943,3.858031585169943,3.8099096304108704,3.841437816619873,41345,0.0,0.0
2005-06-16 00:00:00-04:00,3.8248436874615677,3.8829212188720703,3.809909012585788,3.8829212188720703,31173,0.0,0.0
2005-06-17 00:00:00-04:00,3.8995153390337816,3.92606521103755,3.8995153390337816,3.917768716812134,53486,0.0,0.0
2005-06-20 00:00:00-04:00,3.9078140052631714,3.9078140052631714,3.9061543941497807,3.9061543941497803,1969,0.0,0.0
2005-06-21 00:00:00-04:00,3.9094706655504496,3.9161083269592734,3.9078115747465234,3.9144489765167236,27892,0.0,0.0
2005-06-22 00:00:00-04:00,3.9061517073480765,3.917767678957973,3.8912175543489114,3.9044926166534424,9844,0.0,0.0
2005-06-23 00:00:00-04:00,3.9161103700220705,3.917769980969075,3.881263732910156,3.8812637329101562,10500,0.0,0.0
2005-06-24 00:00:00-04:00,3.882920435790562,3.9061515994528477,3.882920435790562,3.8995141983032227,46924,0.0,0.0
2005-06-27 00:00:00-04:00,3.887900668878542,3.9044944395969092,3.8862410581318505,3.9011757373809814,12469,0.0,0.0
2005-06-28 00:00:00-04:00,3.9011758531066474,3.9824845790863037,3.9011758531066474,3.9824845790863037,12141,0.0,0.0
2005-06-29 00:00:00-04:00,3.9575928484502114,4.020648956298828,3.9575928484502114,4.020648956298828,13126,0.0,0.0
2005-06-30 00:00:00-04:00,4.022308826446533,4.023967917676383,4.017330514202224,4.022308826446533,33142,0.0,0.0
2005-07-01 00:00:00-04:00,4.023968625479672,4.023968625479672,4.002397060394287,4.002397060394287,1969,0.0,0.0
2005-07-05 00:00:00-04:00,4.004056222678623,4.023968696594238,4.004056222678623,4.023968696594238,19360,0.0,0.0
2005-07-06 00:00:00-04:00,4.023968055544228,4.023968055544228,4.007374286651611,4.007374286651611,3938,0.0,0.0
2005-07-07 00:00:00-04:00,3.990780471951163,4.0223086563978985,3.990780471951163,4.015671253204346,31501,0.0,0.0
2005-07-08 00:00:00-04:00,4.015671253204346,4.023967747557608,4.0090335903721135,4.015671253204346,22970,0.0,0.0
2005-07-11 00:00:00-04:00,4.015672834758125,4.060475583598639,4.015672834758125,4.040563106536865,56768,0.0,0.0
2005-07-12 00:00:00-04:00,4.0554976375788225,4.078728818165011,4.050519323451306,4.065454006195068,46924,0.0,0.0
2005-07-13 00:00:00-04:00,4.06711213781843,4.083705908501902,4.06711213781843,4.073749542236328,55127,0.0,0.0
2005-07-14 00:00:00-04:00,4.090343397606794,4.090343397606794,4.063793519746782,4.077068328857422,14110,0.0,0.0
2005-07-15 00:00:00-04:00,4.077068244445277,4.077068244445277,4.06711213781843,4.073749542236328,5250,0.0,0.0
2005-07-18 00:00:00-04:00,4.070430676905683,4.077068081057588,4.057155608963154,4.0588154792785645,14110,0.0,0.0
2005-07-19 00:00:00-04:00,4.062133958516892,4.083705520827228,4.052177593196496,4.0687713623046875,24610,0.0,0.0
2005-07-20 00:00:00-04:00,4.070432088940269,4.214797496795654,4.070432088940269,4.214797496795654,38720,0.0,0.0
2005-07-21 00:00:00-04:00,4.189905152921422,4.211477235193588,4.140124103656127,4.141783714294434,37408,0.0,0.0
2005-07-22 00:00:00-04:00,4.156718054303316,4.231389891091701,4.156718054303316,4.198202610015869,12797,0.0,0.0
2005-07-25 00:00:00-04:00,4.19820413362023,4.247985203119791,4.181610357240771,4.191566467285156,13126,0.0,0.0
2005-07-26 00:00:00-04:00,4.206498655031171,4.231389437719526,4.204839563775802,4.2280707359313965,7875,0.0,0.0
2005-07-27 00:00:00-04:00,4.219772677663127,4.244663715362549,4.219772677663127,4.244663715362549,3281,0.0,0.0
2005-07-28 00:00:00-04:00,4.252960936561148,4.2811704206212085,4.234708076995884,4.2629170417785645,27564,0.0,0.0
2005-07-29 00:00:00-04:00,4.252961248993658,4.28946723044469,4.247983455657959,4.247983455657959,21657,0.0,0.0
2005-08-01 00:00:00-04:00,4.211477051785809,4.244664589609845,4.211477051785809,4.23138952255249,15094,0.0,0.0
2005-08-02 00:00:00-04:00,4.231390609995258,4.241346718117911,4.223093593587615,4.226412296295166,88269,0.0,0.0
2005-08-03 00:00:00-04:00,4.198203003043323,4.201521705497725,4.191565338495774,4.1932244300842285,51846,0.0,0.0
2005-08-04 00:00:00-04:00,4.193222795988694,4.194882406207892,4.156716823577881,4.156716823577881,46924,0.0,0.0
2005-08-05 00:00:00-04:00,4.140123081808877,4.140123081808877,4.090342044830322,4.090342044830322,13782,0.0,0.0
2005-08-08 00:00:00-04:00,4.082047942598143,4.082047942598143,4.032266616821289,4.032266616821289,5250,0.0,0.0
2005-08-09 00:00:00-04:00,4.0239316526237845,4.043926396207684,4.010601997375488,4.010601997375488,11813,0.03047,0.0
2005-08-10 00:00:00-04:00,4.00227063919202,4.022265381158998,3.9906069310815204,4.005603313446045,42002,0.0,0.0
2005-08-11 00:00:00-04:00,3.99893923783561,4.00227165222168,3.990607941158935,4.00227165222168,3281,0.0,0.0
2005-08-12 00:00:00-04:00,3.9906066617372145,3.9906066617372145,3.9422864079195734,3.988940715789795,14110,0.0,0.0
2005-08-15 00:00:00-04:00,3.9739448354797555,4.05725622177124,3.9656140618466353,4.05725622177124,10500,0.0,0.0
2005-08-16 00:00:00-04:00,4.015600134225681,4.015600134225681,3.9656134148902815,3.9739441871643066,12469,0.0,0.0
2005-08-17 00:00:00-04:00,3.9739445248591028,4.013934008010181,3.9739445248591028,4.003936767578125,2953,0.0,0.0
2005-08-18 00:00:00-04:00,4.00560323502823,4.018932888937637,3.9989381473620975,4.003936767578125,9516,0.0,0.0
2005-08-19 00:00:00-04:00,4.005604086046656,4.022266156973387,3.9922741685937866,3.9939401149749756,11813,0.0,0.0
2005-08-22 00:00:00-04:00,3.973944980646726,3.9889413644376606,3.973944980646726,3.975611448287964,418376,0.0,0.0
2005-08-23 00:00:00-04:00,3.965614076497092,4.018933217922212,3.965614076497092,4.017266750335693,11157,0.0,0.0
2005-08-24 00:00:00-04:00,4.03226320857688,4.058922779784927,3.998938549033228,4.010601997375488,11813,0.0,0.0
2005-08-25 00:00:00-04:00,4.010600697913547,4.010600697913547,3.9989372533503222,4.000603199005127,6891,0.0,0.0
2005-08-26 00:00:00-04:00,4.000604093389345,4.008935648505582,3.9989381473620975,4.003936767578125,6235,0.0,0.0
2005-08-29 00:00:00-04:00,3.9906071315170144,4.008935928344727,3.9889411853734775,4.008935928344727,107957,0.0,0.0
2005-08-30 00:00:00-04:00,3.9939389969039354,4.015600204467773,3.987274170399007,4.015600204467773,25923,0.0,0.0
2005-08-31 00:00:00-04:00,3.9989376068115234,4.00393622635187,3.9889403677308306,3.9989376068115234,20016,0.0,0.0
2005-09-01 00:00:00-04:00,4.013933110645897,4.013933110645897,3.9906059608080775,4.000603199005127,15422,0.0,0.0
2005-09-02 00:00:00-04:00,4.00893486346627,4.00893486346627,3.970611333847046,3.970611333847046,8532,0.0,0.0
2005-09-06 00:00:00-04:00,3.973944642382086,4.062254905700684,3.973944642382086,4.062254905700684,16407,0.0,0.0
2005-09-07 00:00:00-04:00,4.057256312167436,4.057256312167436,4.010601997375488,4.010601997375488,20345,0.0,0.0
2005-09-08 00:00:00-04:00,4.002269005411644,4.0239296845962995,3.982274532318115,3.9822745323181152,11485,0.0,0.0
2005-09-09 00:00:00-04:00,3.9822770774826464,4.020599842071533,3.9822770774826464,4.020599842071533,18376,0.0,0.0
2005-09-12 00:00:00-04:00,4.015600596476998,4.037261284732565,4.000604213954118,4.033928871154785,8860,0.0,0.0
2005-09-13 00:00:00-04:00,4.040593303861254,4.040593303861254,4.010601323877666,4.015600204467773,5578,0.0,0.0
2005-09-14 00:00:00-04:00,4.013934006582252,4.040593575103011,4.013934006582252,4.032262802124023,25923,0.0,0.0
2005-09-15 00:00:00-04:00,4.032263632430077,4.093913555145264,4.032263632430077,4.093913555145264,33798,0.0,0.0
2005-09-16 00:00:00-04:00,4.11557431582136,4.157229748979373,4.078917503356934,4.078917503356934,111895,0.0,0.0
2005-09-19 00:00:00-04:00,4.077251925102821,4.077251925102821,4.065588474273682,4.065588474273682,2297,0.0,0.0
2005-09-20 00:00:00-04:00,4.035595018770869,4.042259845398136,3.978943210304853,3.98060941696167,42658,0.0,0.0
2005-09-21 00:00:00-04:00,3.9789426266204,3.9906060715071674,3.970611333847046,3.970611333847046,31829,0.0,0.0
2005-09-22 00:00:00-04:00,3.9656117007274774,3.985606431961059,3.94894938124761,3.9856064319610596,16407,0.0,0.0
2005-09-23 00:00:00-04:00,3.9739441871643066,3.975610654472799,3.9739441871643066,3.9739441871643066,1969,0.0,0.0
2005-09-26 00:00:00-04:00,3.973944857611763,3.9972720146179204,3.973944857611763,3.99727201461792,6235,0.0,0.0
2005-09-27 00:00:00-04:00,3.9972701264269346,3.9972701264269346,3.982274532318115,3.9822745323181152,12797,0.0,0.0
2005-09-28 00:00:00-04:00,3.990605983973892,3.995604863812806,3.9656128883361816,3.9656128883361816,14110,0.0,0.0
2005-09-29 00:00:00-04:00,3.9572824690229513,3.9739445364583434,3.898964711576219,3.912294626235962,47908,0.0,0.0
2005-09-30 00:00:00-04:00,3.9122941128291373,3.9156265258789062,3.9022966129684358,3.9156265258789062,17391,0.0,0.0
2005-10-03 00:00:00-04:00,3.9072956160878776,3.9072956160878776,3.857308897347125,3.8739712238311768,50861,0.0,0.0
2005-10-04 00:00:00-04:00,3.882302467505877,3.91562712452121,3.882302467505877,3.8939664363861084,17391,0.0,0.0
2005-10-05 00:00:00-04:00,3.8906335582727154,3.9039632109180977,3.83398175239563,3.83398175239563,19688,0.0,0.0
2005-10-06 00:00:00-04:00,3.832315007059635,3.8489773323688734,3.8073219101628544,3.808987855911255,23626,0.0,0.0
2005-10-07 00:00:00-04:00,3.808988254568193,3.8406469627517383,3.808988254568193,3.8356478214263916,8860,0.0,0.0
2005-10-10 00:00:00-04:00,3.8239845129115935,3.838980372137648,3.8239845129115935,3.83398175239563,35767,0.0,0.0
2005-10-11 00:00:00-04:00,3.8323171447163653,3.8323171447163653,3.817321538925171,3.817321538925171,3610,0.0,0.0
2005-10-12 00:00:00-04:00,3.815652573913411,3.8239838661190153,3.7789955139160156,3.7789955139160156,19688,0.0,0.0
2005-10-13 00:00:00-04:00,3.7673327193590422,3.7806623711255773,3.7640000457060223,3.7739975452423096,6235,0.0,0.0
2005-10-14 00:00:00-04:00,3.7756631007421046,3.798990249633789,3.7590007770447986,3.798990249633789,3938,0.0,0.0
2005-10-17 00:00:00-04:00,3.793992204465958,3.793992204465958,3.759001087174512,3.7723309993743896,7219,0.0,0.0
2005-10-18 00:00:00-04:00,3.787327606390649,3.787327606390649,3.732342004776001,3.732342004776001,11813,0.0,0.0
2005-10-19 00:00:00-04:00,3.720679134723774,3.7406736162318626,3.720679134723774,3.7340087890625,10172,0.0,0.0
2005-10-20 00:00:00-04:00,3.7240125208395396,3.7240125208395396,3.6840230259571762,3.6856889724731445,6563,0.0,0.0
2005-10-21 00:00:00-04:00,3.6990176576031257,3.710681365017793,3.6873542108998767,3.6890201568603516,9516,0.0,0.0
2005-10-24 00:00:00-04:00,3.6823552838255313,4.000603882688483,3.6823552838255313,3.732342004776001,7219,0.0,0.0
2005-10-25 00:00:00-04:00,3.724011839440338,3.724011839440338,3.69068717956543,3.6906871795654297,11813,0.0,0.0
2005-10-26 00:00:00-04:00,3.6923521272153543,3.7623335811731,3.6923521272153543,3.754002809524536,24610,0.0,0.0
2005-10-27 00:00:00-04:00,3.7656666619791013,3.84064727007382,3.7656666619791013,3.797325372695923,48564,0.0,0.0
2005-10-28 00:00:00-04:00,3.835647569838872,3.9156265258789062,3.835647569838872,3.9156265258789062,27892,0.0,0.0
2005-10-31 00:00:00-05:00,3.923957445449712,4.003935872448847,3.923957445449712,4.000603199005127,20673,0.0,0.0
2005-11-01 00:00:00-05:00,4.003936949275244,4.003936949275244,3.950617549083716,3.9789435863494873,14766,0.0,0.0
2005-11-02 00:00:00-05:00,3.9656140618466353,4.05725622177124,3.957282766790618,4.05725622177124,20345,0.0,0.0
2005-11-03 00:00:00-05:00,4.082249846227845,4.098912175628431,4.05725622177124,4.05725622177124,24282,0.0,0.0
2005-11-04 00:00:00-05:00,4.048925039188805,4.07058572769165,4.048925039188805,4.07058572769165,8860,0.0,0.0
2005-11-07 00:00:00-05:00,4.079056770912331,4.121405601501465,4.079056770912331,4.121405601501465,7219,0.1219,0.0
2005-11-08 00:00:00-05:00,4.1078543776385334,4.116324356997727,4.082445234714856,4.087526798248291,9188,0.0,0.0
2005-11-09 00:00:00-05:00,4.082443244824369,4.082443244824369,4.040093898773193,4.040093898773193,15751,0.0,0.0
2005-11-10 00:00:00-05:00,4.048564569626417,4.065503991787017,4.046870362359158,4.057034015655518,64315,0.0,0.0
2005-11-11 00:00:00-05:00,4.045176541122753,4.089219570159912,4.045176541122753,4.089219570159912,25595,0.0,0.0
2005-11-14 00:00:00-05:00,4.080749383921617,4.080749383921617,4.048564482509035,4.050258159637451,266448,0.0,0.0
2005-11-15 00:00:00-05:00,4.065503034924592,4.065503034924592,4.036705493927002,4.036705493927002,15422,0.0,0.0
2005-11-16 00:00:00-05:00,4.031624711337272,4.03840047991399,4.0146850248442885,4.0231547355651855,25267,0.0,0.0
2005-11-17 00:00:00-05:00,4.0485625719514715,4.05703201380151,4.041786541379516,4.051950454711914,12141,0.0,0.0
2005-11-18 00:00:00-05:00,4.0705863339723285,4.080749988555908,4.063810299198709,4.080749988555908,3281,0.0,0.0
2005-11-21 00:00:00-05:00,4.09091473975763,4.148509592990599,4.09091473975763,4.136651992797852,44955,0.0,0.0
2005-11-22 00:00:00-05:00,4.119709922736088,4.119709922736088,4.082442673063219,4.095994472503662,98113,0.0,0.0
2005-11-23 00:00:00-05:00,4.107852546545938,4.133262208245752,4.107852546545938,4.114628314971924,8203,0.0,0.0
2005-11-25 00:00:00-05:00,4.107851982116699,4.107851982116699,4.107851982116699,4.107851982116699,328,0.0,0.0
2005-11-28 00:00:00-05:00,4.099384768793941,4.099384768793941,4.045177804179791,4.053647518157959,46924,0.0,0.0
2005-11-29 00:00:00-05:00,4.053644131041067,4.065501985753686,4.0096011250531705,4.051950454711914,20673,0.0,0.0
2005-11-30 00:00:00-05:00,4.0621161944724005,4.063809871673584,4.051952540958068,4.063809871673584,5906,0.0,0.0
2005-12-01 00:00:00-05:00,4.077363141078821,4.090914683971448,4.065505541047771,4.087526798248291,69893,0.0,0.0
2005-12-02 00:00:00-05:00,4.099383825158669,4.119711399078369,4.077362043782033,4.119711399078369,10829,0.0,0.0
2005-12-05 00:00:00-05:00,4.1163227762979275,4.124792487353385,4.099383354187012,4.099383354187012,8203,0.0,0.0
2005-12-06 00:00:00-05:00,4.10785236502595,4.123098373413086,4.0909126796583415,4.123098373413086,6563,0.0,0.0
2005-12-07 00:00:00-05:00,4.140037407820142,4.140037407820142,4.0824428540105275,4.107851982116699,7219,0.0,0.0
2005-12-08 00:00:00-05:00,4.116323303513795,4.133262992845533,4.099383879233289,4.101077556610107,80066,0.0,0.0
2005-12-09 00:00:00-05:00,4.107853450571202,4.124793140415309,4.107853450571202,4.112935543060303,4922,0.0,0.0
2005-12-12 00:00:00-05:00,4.112934633185923,4.121404343708664,4.107852541821096,4.1163225173950195,3281,0.0,0.0
2005-12-13 00:00:00-05:00,4.124792618599027,4.1332625949751876,4.101077161837951,4.109547138214111,17719,0.0,0.0
2005-12-14 00:00:00-05:00,4.1247927014837416,4.1552839279174805,4.1247927014837416,4.1552839279174805,2953,0.0,0.0
2005-12-15 00:00:00-05:00,4.141731084642741,4.141731084642741,4.099382537799121,4.107851982116699,7219,0.0,0.0
2005-12-16 00:00:00-05:00,4.124793657388036,4.158672776271182,4.121405772004849,4.134957313537598,68581,0.0,0.0
2005-12-19 00:00:00-05:00,4.1264872231333305,4.1264872231333305,4.099383879233289,4.101077556610107,11813,0.0,0.0
2005-12-20 00:00:00-05:00,4.112934992146474,4.112934992146474,4.063809871673584,4.063809871673584,7547,0.0,0.0
2005-12-21 00:00:00-05:00,4.060420807648253,4.060420807648253,4.0400932414733814,4.048563480377197,2953,0.0,0.0
2005-12-22 00:00:00-05:00,4.048564438840947,4.048564438840947,4.031624752176371,4.046870231628418,10172,0.0,0.0
2005-12-23 00:00:00-05:00,4.063809906056684,4.089219570159912,4.063809906056684,4.089219570159912,5578,0.0,0.0
2005-12-27 00:00:00-05:00,4.082443678998816,4.082443678998816,4.057034015655518,4.057034015655518,13782,0.0,0.0
2005-12-28 00:00:00-05:00,4.031624968878196,4.063809871673584,4.031624968878196,4.063809871673584,7219,0.0,0.0
2005-12-29 00:00:00-05:00,4.055340858253437,4.073974225018288,4.055340858253437,4.060422420501709,13782,0.0,0.0
2005-12-30 00:00:00-05:00,4.0604210785150485,4.067196846008301,4.04517560165523,4.067196846008301,42330,0.0,0.0
2006-01-03 00:00:00-05:00,4.0587279145335815,4.092607021331787,4.053645823220348,4.092607021331787,24282,0.0,0.0
2006-01-04 00:00:00-05:00,4.073973482692456,4.118016242980957,4.070585598443432,4.118016242980957,11813,0.0,0.0
2006-01-05 00:00:00-05:00,4.090913643139489,4.090913643139489,4.065504506680538,4.080749988555908,20016,0.0,0.0
2006-01-06 00:00:00-05:00,4.080748466213421,4.097688149251192,4.080748466213421,4.095994472503662,4594,0.0,0.0
2006-01-09 00:00:00-05:00,4.104465884207665,4.104465884207665,4.065504939108621,4.077362537384033,17391,0.0,0.0
2006-01-10 00:00:00-05:00,4.0909142590699314,4.156979084014893,4.070586946842279,4.156979084014893,16407,0.0,0.0
2006-01-11 00:00:00-05:00,4.156979098630862,4.156979098630862,4.133263635897278,4.134957313537598,14110,0.0,0.0
2006-01-12 00:00:00-05:00,4.140037919786165,4.194244861602783,4.136650035619723,4.194244861602783,18048,0.0,0.0
2006-01-13 00:00:00-05:00,4.201020806951054,4.2264299392700195,4.201020806951054,4.2264299392700195,5250,0.0,0.0
2006-01-17 00:00:00-05:00,4.217960800286028,4.217960800286028,4.192551136016846,4.192551136016846,5906,0.0,0.0
2006-01-18 00:00:00-05:00,4.209491075635254,4.224737088109634,4.175611960868688,4.197633743286133,14110,0.0,0.0
2006-01-19 00:00:00-05:00,4.2094901703814305,4.224736179577145,4.178998947143555,4.178998947143555,10829,0.0,0.0
2006-01-20 00:00:00-05:00,4.180693156784,4.180693156784,4.150201933528127,4.1586713790893555,13126,0.0,0.0
2006-01-23 00:00:00-05:00,4.141732459510279,4.167142391204834,4.141732459510279,4.167142391204834,3281,0.0,0.0
2006-01-24 00:00:00-05:00,4.175611482061391,4.260309391791323,4.175611482061391,4.217960834503174,25595,0.0,0.0
2006-01-25 00:00:00-05:00,4.226430372754819,4.226430372754819,4.217960926164349,4.2230424880981445,4922,0.0,0.0
2006-01-26 00:00:00-05:00,4.241675948763779,4.241675948763779,4.224736262166612,4.2264299392700195,12141,0.0,0.0
2006-01-27 00:00:00-05:00,4.243369797130694,4.260309219360352,4.226430109849837,4.260309219360352,13782,0.0,0.0
2006-01-30 00:00:00-05:00,4.25522752209428,4.25522752209428,4.248451753418416,4.251839637756348,1969,0.0,0.0
2006-01-31 00:00:00-05:00,4.248450368786363,4.267083726572107,4.248450368786363,4.255226135253906,5250,0.0,0.0
2006-02-01 00:00:00-05:00,4.255227087977449,4.275554656982422,4.255227087977449,4.275554656982422,4594,0.0,0.0
2006-02-02 00:00:00-05:00,4.268779691746378,4.268779691746378,4.160366058349609,4.160366058349609,17719,0.0,0.0
2006-02-03 00:00:00-05:00,4.172224961824926,4.190858863227549,4.150203704833984,4.150203704833984,4922,0.0,0.0
2006-02-06 00:00:00-05:00,4.153588907731535,4.153588907731535,4.140037108669656,4.141730785369873,2953,0.0,0.0
2006-02-07 00:00:00-05:00,4.143434775741926,4.143434775741926,4.136617183685303,4.136617183685303,984,0.04571,0.0
2006-02-08 00:00:00-05:00,4.134912604030008,4.141730195347433,4.131503808371296,4.138321399688721,13782,0.0,0.0
2006-02-09 00:00:00-05:00,4.141732981037481,4.155368439530599,4.121280193328857,4.121280193328857,243807,0.0,0.0
2006-02-10 00:00:00-05:00,4.133209228515625,4.133209228515625,4.114460846545748,4.133209228515625,94504,0.0,0.0
2006-02-13 00:00:00-05:00,4.124685380023603,4.141729354858398,4.0940056919467,4.141729354858398,62674,0.0,0.0
2006-02-14 00:00:00-05:00,4.158775098585639,4.2184295654296875,4.13320859372421,4.2184295654296875,10172,0.0,0.0
2006-02-15 00:00:00-05:00,4.2252471316142755,4.242291379187081,4.209907548817258,4.232064723968506,9844,0.0,0.0
2006-02-16 00:00:00-05:00,4.226953048021621,4.286607265472412,4.226953048021621,4.286607265472412,13782,0.0,0.0
2006-02-17 00:00:00-05:00,4.291719797611634,4.291719797611634,4.252517840839055,4.257631301879883,27564,0.0,0.0
2006-02-21 00:00:00-05:00,4.204793276316193,4.252516946959332,4.204793276316193,4.221837520599365,11157,0.0,0.0
2006-02-22 00:00:00-05:00,4.22354311550695,4.266153335571289,4.22354311550695,4.266153335571289,5250,0.0,0.0
2006-02-23 00:00:00-05:00,4.261038498746967,4.261038498746967,4.228654413288355,4.230359077453613,8203,0.0,0.0
2006-02-24 00:00:00-05:00,4.226950282497366,4.232063208244601,4.20820137686374,4.230359077453613,7219,0.0,0.0
2006-02-27 00:00:00-05:00,4.23547402538146,4.264449596405029,4.218430042462764,4.264449596405029,8860,0.0,0.0
2006-02-28 00:00:00-05:00,4.267856974278639,4.267856974278639,4.220133304595947,4.220133304595947,5906,0.0,0.0
2006-03-01 00:00:00-05:00,4.223542487640743,4.2542219161987305,4.220133691877322,4.2542219161987305,5906,0.0,0.0
2006-03-02 00:00:00-05:00,4.249107877146508,4.249107877146508,4.206497669219971,4.206497669219971,4594,0.0,0.0
2006-03-03 00:00:00-05:00,4.218430853917626,4.235474840114893,4.191159942627372,4.228657245635986,11157,0.0,0.0
2006-03-06 00:00:00-05:00,4.218428955307605,4.218428955307605,4.1741140777651085,4.1928629875183105,10829,0.0,0.0
2006-03-07 00:00:00-05:00,4.175819171395695,4.175819171395695,4.167296647882469,4.169001579284668,9188,0.0,0.0
2006-03-08 00:00:00-05:00,4.175820938829823,4.184342665888244,4.175820938829823,4.179229736328125,7875,0.0,0.0
2006-03-09 00:00:00-05:00,4.170705795288086,4.170705795288086,4.170705795288086,4.170705795288086,656,0.0,0.0
2006-03-10 00:00:00-05:00,4.172410136772256,4.175818932632863,4.1604788178857195,4.167296409606934,10172,0.0,0.0
2006-03-13 00:00:00-05:00,4.056510436578223,4.102529455239713,4.056510436578223,4.0923027992248535,65628,0.0,0.0
2006-03-14 00:00:00-05:00,4.08718978684929,4.0905985832214355,4.044579032135731,4.0905985832214355,28220,0.0,0.0
2006-03-15 00:00:00-05:00,4.094007189583959,4.143435001373291,4.094007189583959,4.143435001373291,11157,0.0,0.0
2006-03-16 00:00:00-05:00,4.143434808806653,4.169001579284668,4.143434808806653,4.169001579284668,8532,0.0,0.0
2006-03-17 00:00:00-05:00,4.175818504726904,4.192862748970582,4.170705044772776,4.191157817840576,93191,0.0,0.0
2006-03-20 00:00:00-05:00,4.196272481371639,4.196272481371639,4.121278163317737,4.153661727905273,28220,0.0,0.0
2006-03-21 00:00:00-05:00,4.134913469433822,4.151957717981796,4.0905985832214355,4.0905985832214355,9844,0.0,0.0
2006-03-22 00:00:00-05:00,4.082076507814922,4.104234218597412,4.075258914766315,4.104234218597412,11813,0.0,0.0
2006-03-23 00:00:00-05:00,4.1110516281415554,4.1110516281415554,4.0820763256038255,4.0905985832214355,17391,0.0,0.0
2006-03-24 00:00:00-05:00,4.0871899692886355,4.104234218597412,4.085485304339227,4.104234218597412,35767,0.0,0.0
2006-03-27 00:00:00-05:00,4.063327945557024,4.0905985832214355,4.063327945557024,4.0905985832214355,15751,0.0,0.0
2006-03-28 00:00:00-05:00,4.095711862354641,4.107642916590768,4.090598667690836,4.0923027992248535,8860,0.0,0.0
2006-03-29 00:00:00-05:00,4.0905985742635,4.158775301618853,4.0905985742635,4.157070636749268,12469,0.0,0.0
2006-03-30 00:00:00-05:00,4.153661138012384,4.167296321165438,4.148548211017189,4.150252342224121,6563,0.0,0.0
2006-03-31 00:00:00-05:00,4.158774113823304,4.209906578063965,4.1485477276500395,4.209906578063965,25267,0.0,0.0
2006-04-03 00:00:00-04:00,4.201385229236485,4.230360529685725,4.1860456466674805,4.1860456466674805,16735,0.0,0.0
2006-04-04 00:00:00-04:00,4.1911593864688905,4.22695255279541,4.1911593864688905,4.22695255279541,6235,0.0,0.0
2006-04-05 00:00:00-04:00,4.235474979308974,4.2439975060623185,4.223544455266118,4.233770847320557,13454,0.0,0.0
2006-04-06 00:00:00-04:00,4.209907277791087,4.226951524266615,4.184340774734189,4.201385021209717,19032,0.0,0.0
2006-04-07 00:00:00-04:00,4.22695166691702,4.235473390411554,4.122982053263487,4.1246867179870605,16407,0.0,0.0
2006-04-10 00:00:00-04:00,4.122982053263487,4.1246867179870605,4.122982053263487,4.1246867179870605,3610,0.0,0.0
2006-04-11 00:00:00-04:00,4.124686713221591,4.124686713221591,4.0940070152282715,4.0940070152282715,3610,0.0,0.0
2006-04-12 00:00:00-04:00,4.099122473269777,4.121280193328857,4.080374084536872,4.121280193328857,89582,0.0,0.0
2006-04-13 00:00:00-04:00,4.11616419443086,4.141730698350572,4.11616419443086,4.1246867179870605,5250,0.0,0.0
2006-04-17 00:00:00-04:00,4.121277641828734,4.140025752267237,4.056509720787408,4.063327312469482,21329,0.0,0.0
2006-04-18 00:00:00-04:00,4.07355432709241,4.1263909339904785,4.07355432709241,4.1263909339904785,12797,0.0,0.0
2006-04-19 00:00:00-04:00,4.126389510819947,4.141729354858398,4.124685380023603,4.141729354858398,10172,0.0,0.0
2006-04-20 00:00:00-04:00,4.13832190227787,4.13832190227787,4.112755398358158,4.1246867179870605,215587,0.0,0.0
2006-04-21 00:00:00-04:00,4.1246871216064775,4.1246871216064775,4.058214524935247,4.068440914154053,109926,0.0,0.0
2006-04-24 00:00:00-04:00,4.230359388363778,4.230359388363778,4.030942468582992,4.032647132873535,563741,0.0,0.0
2006-04-25 00:00:00-04:00,4.029238919079556,4.029238919079556,3.9218607878230003,3.954244613647461,55783,0.0,0.0
2006-04-26 00:00:00-04:00,3.9542462675979957,3.9849257084054783,3.9542462675979957,3.961063861846924,30189,0.0,0.0
2006-04-27 00:00:00-04:00,3.959357190958721,3.996854201969459,3.959357190958721,3.9866278171539307,27892,0.0,0.0
2006-04-28 00:00:00-04:00,3.9729946362899877,3.996856212864773,3.9712897045886826,3.9815163612365723,35111,0.0,0.0
2006-05-01 00:00:00-04:00,3.9832193851470947,3.9883323113335907,3.971288068400921,3.9832193851470947,22313,0.0,0.0
2006-05-02 00:00:00-04:00,3.981516934753453,4.007083446712267,3.9764040057239187,3.991743326187134,20673,0.0,0.0
2006-05-03 00:00:00-04:00,3.9985592248525412,4.017307866633948,3.996854827116702,4.005376815795898,18704,0.0,0.0
2006-05-04 00:00:00-04:00,4.01389943080557,4.0394653991338565,4.005377174675609,4.0377607345581055,8532,0.0,0.0
2006-05-05 00:00:00-04:00,4.039466533204777,4.097416877746582,4.024127214588526,4.097416877746582,8203,0.0,0.0
2006-05-08 00:00:00-04:00,4.124687377216242,4.124687377216242,4.099120869210356,4.107643127441406,6235,0.0,0.0
2006-05-09 00:00:00-04:00,4.1162891545348135,4.164716117601962,4.107641308590282,4.15952730178833,8532,0.10666,0.0
2006-05-10 00:00:00-04:00,4.150879726461084,4.15952730178833,4.137043605937489,4.15952730178833,29204,0.0,0.0
2006-05-11 00:00:00-04:00,4.150880906405972,4.150880906405972,4.128396662929108,4.1318559646606445,24282,0.0,0.0
2006-05-12 00:00:00-04:00,4.131854380972037,4.13358416648348,4.116288746924361,4.128395080566406,52830,0.0,0.0
2006-05-15 00:00:00-04:00,4.119747319842741,4.12666537865229,4.098992872796867,4.109370231628418,125349,0.0,0.0
2006-05-16 00:00:00-04:00,4.107640450738605,4.116288294877094,4.095533847808838,4.095533847808838,45611,0.0,0.0
2006-05-17 00:00:00-04:00,4.095533264171842,4.124935009954215,4.095533264171842,4.116287708282471,27235,0.0,0.0
2006-05-18 00:00:00-04:00,4.124936626301678,4.164716286269912,4.124936626301678,4.135313987731934,14438,0.0,0.0
2006-05-19 00:00:00-04:00,4.137043666568045,4.143961726931229,4.107641368789931,4.1422319412231445,17391,0.0,0.0
2006-05-22 00:00:00-04:00,4.142231609437976,4.19238835490547,4.133584305293917,4.1906585693359375,14438,0.0,0.0
2006-05-23 00:00:00-04:00,4.18547070358007,4.187199948083835,4.150879859924316,4.150879859924316,13454,0.0,0.0
2006-05-24 00:00:00-04:00,4.168175953172557,4.168175953172557,4.029813097496287,4.081699371337891,54799,0.0,0.0
2006-05-25 00:00:00-04:00,4.090346259047926,4.173363801585953,4.090346259047926,4.152609348297119,19032,0.0,0.0
2006-05-26 00:00:00-04:00,4.1595276798049365,4.171634556980636,4.150880103691802,4.152609348297119,5906,0.0,0.0
2006-05-30 00:00:00-04:00,4.150879549532251,4.150879549532251,4.119748009063843,4.126666069030762,29532,0.0,0.0
2006-05-31 00:00:00-04:00,4.126667621872851,4.154340142770815,4.126667621872851,4.14915132522583,18376,0.0,0.0
2006-06-01 00:00:00-04:00,4.15952730178833,4.176822452442822,4.15952730178833,4.15952730178833,29532,0.0,0.0
2006-06-02 00:00:00-04:00,4.162986880828858,4.1768230031768105,4.1595278502418696,4.16817569732666,22970,0.0,0.0
2006-06-05 00:00:00-04:00,4.142231044765837,4.168174306747744,4.124935626983643,4.124935626983643,34454,0.0,0.0
2006-06-06 00:00:00-04:00,4.126666949362885,4.175093920696675,4.124937163384872,4.157798767089844,20016,0.0,0.0
2006-06-07 00:00:00-04:00,4.159526889896274,4.185470154543582,4.128395080566406,4.128395080566406,42658,0.0,0.0
2006-06-08 00:00:00-04:00,4.130124706652592,4.2200605601477275,4.128394921207918,4.20622444152832,33142,0.0,0.0
2006-06-09 00:00:00-04:00,4.232167476759871,4.247733381974503,4.21314281225198,4.230438232421875,25267,0.0,0.0
2006-06-12 00:00:00-04:00,4.232166049210399,4.244272920430744,4.201034249282183,4.20276403427124,28548,0.0,0.0
2006-06-13 00:00:00-04:00,4.228707276832164,4.316913873876322,4.228707276832164,4.271945953369141,33798,0.0,0.0
2006-06-14 00:00:00-04:00,4.289242050006775,4.318643802655056,4.289242050006775,4.3169145584106445,80066,0.0,0.0
2006-06-15 00:00:00-04:00,4.322103470446606,4.322103470446606,4.284053867255528,4.306538105010986,23626,0.0,0.0
2006-06-16 00:00:00-04:00,4.306537818903244,4.327292269545585,4.2961604582734365,4.311726093292236,177195,0.0,0.0
2006-06-19 00:00:00-04:00,4.318643988558154,4.320373774111531,4.218331039794523,4.2200608253479,38392,0.0,0.0
2006-06-20 00:00:00-04:00,4.2062250369806815,4.320374114219242,4.2062250369806815,4.27367639541626,30189,0.0,0.0
2006-06-21 00:00:00-04:00,4.410309359220489,4.792536195610541,4.410309359220489,4.756215572357178,543397,0.0,0.0
2006-06-22 00:00:00-04:00,4.756217209195276,4.787349028059369,4.756217209195276,4.773512363433838,155866,0.0,0.0
2006-06-23 00:00:00-04:00,4.764864498429331,4.7821601918753,4.75794643754479,4.7614054679870605,40689,0.0,0.0
2006-06-26 00:00:00-04:00,4.7631329965607625,4.785617498186878,4.756214938168615,4.766592025756836,21985,0.0,0.0
2006-06-27 00:00:00-04:00,4.7735104660897365,4.7908061546884015,4.7735104660897365,4.782158851623535,22970,0.0,0.0
2006-06-28 00:00:00-04:00,4.764862879054067,4.797723927704863,4.764862879054067,4.787346839904785,44299,0.0,0.0
2006-06-29 00:00:00-04:00,4.795996479135717,4.825397968292236,4.759675846386668,4.825397968292236,39048,0.0,0.0
2006-06-30 00:00:00-04:00,4.842690467834473,4.851338309151276,4.773508819768597,4.842690467834473,126333,0.0,0.0
2006-07-03 00:00:00-04:00,4.998350632663281,5.012186752062353,4.967218822780847,4.970677852630615,84003,0.0,0.0
2006-07-05 00:00:00-04:00,4.955113461009482,4.965490552594544,4.834046310047818,4.837505340576172,38720,0.0,0.0
2006-07-06 00:00:00-04:00,4.837505657835483,4.8599890871270075,4.752758051246201,4.808103084564209,286464,0.0,0.0
2006-07-07 00:00:00-04:00,4.825396063324517,4.842691750539309,4.7631329965607625,4.766592025756836,18704,0.0,0.0
2006-07-10 00:00:00-04:00,4.76832249985995,4.806372367748318,4.742379506524155,4.752756595611572,421329,0.0,0.0
2006-07-11 00:00:00-04:00,4.744110778720527,4.832316875457764,4.744110778720527,4.832316875457764,10829,0.0,0.0
2006-07-12 00:00:00-04:00,4.808103286505236,4.865178108215332,4.808103286505236,4.865178108215332,13454,0.0,0.0
2006-07-13 00:00:00-04:00,4.885932199661804,4.885932199661804,4.794266539629044,4.804643630981445,41345,0.0,0.0
2006-07-14 00:00:00-04:00,4.804643784922469,4.868636662164541,4.804643784922469,4.825397968292236,15751,0.0,0.0
2006-07-17 00:00:00-04:00,4.816747239926297,4.816747239926297,4.804640370945916,4.81328821182251,19688,0.0,0.0
2006-07-18 00:00:00-04:00,4.8132915074312965,4.877283841783348,4.804643660633615,4.859988689422607,7219,0.0,0.0
2006-07-19 00:00:00-04:00,4.868637396397242,4.970679625206075,4.842694392655284,4.962032318115234,51190,0.0,0.0
2006-07-20 00:00:00-04:00,4.967218778876397,4.998350588483663,4.967218778876397,4.982785224914551,53486,0.0,0.0
2006-07-21 00:00:00-04:00,4.982784949992614,4.982784949992614,4.941276053217993,4.960300445556641,11157,0.0,0.0
2006-07-24 00:00:00-04:00,4.958571579249052,5.010457568862901,4.958571579249052,5.006998538970947,8532,0.0,0.0
2006-07-25 00:00:00-04:00,5.006998114987234,5.015645418367616,4.993161996591034,5.003539085388184,18376,0.0,0.0
2006-07-26 00:00:00-04:00,4.994891783293741,5.008727903192752,4.963759972286422,4.972407817840576,26579,0.0,0.0
2006-07-27 00:00:00-04:00,4.974136935658506,4.989703382000668,4.963759845998262,4.96721887588501,9188,0.0,0.0
2006-07-28 00:00:00-04:00,4.974138293728495,5.012188174105866,4.963761201235033,4.99835205078125,14110,0.0,0.0
2006-07-31 00:00:00-04:00,4.972407698816871,5.013916598754856,4.9637598534697185,5.006998538970947,15422,0.0,0.0
2006-08-01 00:00:00-04:00,4.998351013276108,4.998351013276108,4.963760170909893,4.9862446784973145,8203,0.0,0.0
2006-08-02 00:00:00-04:00,4.996622137193764,4.996622137193764,4.929170233162566,4.953383445739746,13782,0.0,0.0
2006-08-03 00:00:00-04:00,4.934358913057815,4.956842339212673,4.911874404433773,4.944736003875732,5906,0.0,0.0
2006-08-04 00:00:00-04:00,4.963760361675738,4.981056054140832,4.911874366749632,4.920522212982178,11485,0.0,0.0
2006-08-07 00:00:00-04:00,4.9032269213573105,4.946465068812831,4.9032269213573105,4.9430060386657715,10829,0.0,0.0
2006-08-08 00:00:00-04:00,4.956913219691124,4.998640563486403,4.956913219691124,4.970822334289551,19688,0.04571,0.0
2006-08-09 00:00:00-04:00,4.998640424415295,5.012550082716646,4.981254031650982,4.99168586730957,15751,0.0,0.0
2006-08-10 00:00:00-04:00,4.989948175426038,5.040369542899311,4.989948175426038,5.012551307678223,16407,0.0,0.0
2006-08-11 00:00:00-04:00,4.989948121847379,5.007335062763904,4.963868798652647,4.965607166290283,8532,0.0,0.0
2006-08-14 00:00:00-04:00,4.972562205199774,4.972562205199774,4.946482335396594,4.960391998291016,3938,0.0,0.0
2006-08-15 00:00:00-04:00,4.969083646195655,4.989947319030762,4.95517453097225,4.989947319030762,10829,0.0,0.0
2006-08-16 00:00:00-04:00,4.989948020654316,5.012551152205425,4.989948020654316,4.998641490936279,13782,0.0,0.0
2006-08-17 00:00:00-04:00,4.981254394061104,5.005595889792002,4.981254394061104,4.989947319030762,4594,0.0,0.0
2006-08-18 00:00:00-04:00,4.991686258116707,4.998640815766916,4.96212911605835,4.96212911605835,19032,0.0,0.0
2006-08-21 00:00:00-04:00,4.955174083094043,4.967344829859428,4.955174083094043,4.956912994384766,1969,0.0,0.0
2006-08-22 00:00:00-04:00,4.956912154857592,5.028196623906305,4.95517324386138,4.963866710662842,103363,0.0,0.0
2006-08-23 00:00:00-04:00,4.96386934803786,4.96386934803786,4.955175876617432,4.955175876617432,38064,0.0,0.0
2006-08-24 00:00:00-04:00,4.956912154857592,4.972559633374505,4.956912154857592,4.963866710662842,12797,0.0,0.0
2006-08-25 00:00:00-04:00,4.958652548612795,5.024721399858107,4.958652548612795,5.010812282562256,28876,0.0,0.0
2006-08-28 00:00:00-04:00,5.002119469470315,5.016028587080859,4.986470896023402,5.012551307678223,5578,0.0,0.0
2006-08-29 00:00:00-04:00,5.012551929224253,5.042108535766602,5.007335737428485,5.042108535766602,34454,0.0,0.0
2006-08-30 00:00:00-04:00,5.0403701678947455,5.042108535766602,5.033415608227123,5.042108535766602,9188,0.0,0.0
2006-08-31 00:00:00-04:00,5.0421087927431145,5.0421087927431145,5.007335992632766,5.028199672698975,49221,0.0,0.0
2006-09-01 00:00:00-04:00,5.0421079398848265,5.405487720249279,5.0421079398848265,5.402010440826416,117145,0.0,0.0
2006-09-05 00:00:00-04:00,5.395056901863228,5.730618000030518,5.393318533692879,5.730618000030518,213618,0.0,0.0
2006-09-06 00:00:00-04:00,5.720183650374928,5.720183650374928,5.673240113098049,5.688887596130371,21657,0.0,0.0
2006-09-07 00:00:00-04:00,5.680197310528582,5.711493379316591,5.680197310528582,5.709754467010498,24610,0.0,0.0
2006-09-08 00:00:00-04:00,5.702799905966542,5.709754467010498,5.694106976706702,5.709754467010498,6891,0.0,0.0
2006-09-11 00:00:00-04:00,5.694105571557783,5.694105571557783,5.600217932452857,5.601956844329834,22642,0.0,0.0
2006-09-12 00:00:00-04:00,5.601956427936887,5.702798074783949,5.598479148531472,5.69410514831543,12141,0.0,0.0
2006-09-13 00:00:00-04:00,5.694105982351805,5.7010605421812945,5.525456002171295,5.657593727111816,20345,0.0,0.0
2006-09-14 00:00:00-04:00,5.6419441986237855,5.668024063110352,5.6002168507172545,5.668024063110352,14438,0.0,0.0
2006-09-15 00:00:00-04:00,5.6941047859008,5.6941047859008,5.603694438934326,5.603694438934326,66612,0.0,0.0
2006-09-18 00:00:00-04:00,5.589784145355225,5.61412564097848,5.568920472612381,5.589784145355225,12797,0.0,0.0
2006-09-19 00:00:00-04:00,5.581092794090019,5.581092794090019,5.525455773664873,5.56892204284668,12141,0.0,0.0
2006-09-20 00:00:00-04:00,5.579352128336738,5.588045597076416,5.560227367653317,5.588045597076416,8860,0.0,0.0
2006-09-21 00:00:00-04:00,5.581093715033903,5.582832083161179,5.551536560058594,5.551536560058594,7219,0.0,0.0
2006-09-22 00:00:00-04:00,5.5376247530429685,5.5376247530429685,5.502851963043213,5.502851963043213,9516,0.0,0.0
2006-09-25 00:00:00-04:00,5.49415877262324,5.5637054443359375,5.4767723767400645,5.5637054443359375,25267,0.0,0.0
2006-09-26 00:00:00-04:00,5.546320361776388,5.561967849731445,5.546320361776388,5.561967849731445,5578,0.0,0.0
2006-09-27 00:00:00-04:00,5.5550132897313915,5.561967849731445,5.537626345641131,5.561967849731445,7547,0.0,0.0
2006-09-28 00:00:00-04:00,5.561966333422328,5.561966333422328,5.518500073226747,5.537624835968018,21329,0.0,0.0
2006-09-29 00:00:00-04:00,5.521976651965504,5.546318146332754,5.521976651965504,5.523715019226074,5906,0.0,0.0
2006-10-02 00:00:00-04:00,5.515022849897699,5.52371577557066,5.490681352197447,5.492419719696045,9516,0.0,0.0
2006-10-03 00:00:00-04:00,5.485465388145453,5.5115457985117615,5.471556271222094,5.4958977699279785,6891,0.0,0.0
2006-10-04 00:00:00-04:00,5.485466960488483,5.520240306854248,5.485466960488483,5.520240306854248,11485,0.0,0.0
2006-10-05 00:00:00-04:00,5.502850738189183,5.615863640758298,5.502850738189183,5.596738338470459,16407,0.0,0.0
2006-10-06 00:00:00-04:00,5.589783440972758,5.6332502365112305,5.586306162620464,5.6332502365112305,20345,0.0,0.0
2006-10-09 00:00:00-04:00,5.6315127975132935,5.645422458648682,5.591523813962829,5.645422458648682,6235,0.0,0.0
2006-10-10 00:00:00-04:00,5.6454217888862495,5.7114906311035165,5.631512129401077,5.711490631103516,31173,0.0,0.0
2006-10-11 00:00:00-04:00,5.709753664854007,5.770606881574735,5.709753664854007,5.7688679695129395,39377,0.0,0.0
2006-10-12 00:00:00-04:00,5.768865872024614,5.86449239840144,5.768865872024614,5.829719066619873,55455,0.0,0.0
2006-10-13 00:00:00-04:00,5.838413220886261,5.892312413382624,5.838413220886261,5.890573501586914,112223,0.0,0.0
2006-10-16 00:00:00-04:00,5.874924785854618,6.014017581939697,5.87144750675924,6.014017581939697,22642,0.0,0.0
2006-10-17 00:00:00-04:00,5.998367099133594,5.998367099133594,5.949684667631602,5.961855411529541,14766,0.0,0.0
2006-10-18 00:00:00-04:00,6.118334539052423,6.1374598382949666,5.951423578512634,5.961855411529541,31501,0.0,0.0
2006-10-19 00:00:00-04:00,5.954905508164534,5.979246470885839,5.914915967558537,5.920132160186768,20345,0.0,0.0
2006-10-20 00:00:00-04:00,5.937514190819793,5.937514190819793,5.9027414125325945,5.9305596351623535,9188,0.0,0.0
2006-10-23 00:00:00-04:00,5.911435787363975,5.9270838134824695,5.8940493939489365,5.902742862701416,7219,0.0,0.0
2006-10-24 00:00:00-04:00,5.876662748285737,5.928822475211084,5.876662748285737,5.911436080932617,18048,0.0,0.0
2006-10-25 00:00:00-04:00,5.920129550116824,5.920129550116824,5.899265876982665,5.911436080932617,13126,0.0,0.0
2006-10-26 00:00:00-04:00,5.918390638644004,5.918390638644004,5.894049686654151,5.911436080932617,9516,0.0,0.0
2006-10-27 00:00:00-04:00,5.9166535223472225,5.942733391324527,5.902744403983344,5.909698963165283,9516,0.0,0.0
2006-10-30 00:00:00-05:00,5.888834559249504,5.921868986386217,5.888834559249504,5.9131760597229,16079,0.0,0.0
2006-10-31 00:00:00-05:00,5.928824264422125,5.928824264422125,5.833198250897451,5.834936618804932,13126,0.0,0.0
2006-11-01 00:00:00-05:00,5.826242237587807,5.834935163136769,5.645422095363712,5.64716100692749,21657,0.0,0.0
2006-11-02 00:00:00-05:00,5.629773668895456,5.629773668895456,5.575875031495614,5.584568500518799,17391,0.0,0.0
2006-11-03 00:00:00-05:00,5.615866135889519,5.615866135889519,5.537625980818121,5.56892204284668,11157,0.0,0.0
2006-11-06 00:00:00-05:00,5.570678170586074,5.888851642608643,5.561889206783898,5.888851642608643,24938,0.10666,0.0
2006-11-07 00:00:00-05:00,5.871271509083517,5.906429004680106,5.862482547760009,5.86248254776001,24610,0.0,0.0
2006-11-08 00:00:00-05:00,5.836113929399234,5.932796903371617,5.829082540401396,5.925765514373779,15422,0.0,0.0
2006-11-09 00:00:00-05:00,5.932799959385665,5.9697150456898775,5.932799959385665,5.964441776275635,9188,0.0,0.0
2006-11-10 00:00:00-05:00,5.955650906507533,5.9820188978876985,5.941587574364044,5.974987506866455,30189,0.0,0.0
2006-11-13 00:00:00-05:00,5.967955045021719,6.02947998046875,5.959165532771755,6.02947998046875,19688,0.0,0.0
2006-11-14 00:00:00-05:00,6.071670691425048,6.138469464290633,6.020692825317383,6.020692825317383,36751,0.0,0.0
2006-11-15 00:00:00-05:00,6.038271268266114,6.099796221804494,5.978503887633997,6.089249134063721,35767,0.0,0.0
2006-11-16 00:00:00-05:00,6.099793867432379,6.099793867432379,6.0171747703014145,6.018932342529297,28220,0.0,0.0
2006-11-17 00:00:00-05:00,6.01893297659556,6.055848598480224,6.01893297659556,6.055848598480225,5250,0.0,0.0
2006-11-20 00:00:00-05:00,6.047060062318852,6.091007085149919,6.047060062318852,6.064639091491699,7547,0.0,0.0
2006-11-21 00:00:00-05:00,6.047059411247366,6.124405811037682,6.047059411247366,6.117374420166016,24610,0.0,0.0
2006-11-22 00:00:00-05:00,6.126162949999257,6.1384676069981605,6.1015525357996445,6.1033101081848145,8203,0.0,0.0
2006-11-24 00:00:00-05:00,6.08573233557229,6.108585180021886,6.073427677154541,6.073427677154541,8860,0.0,0.0
2006-11-27 00:00:00-05:00,6.038269153391745,6.038269153391745,5.721853331385237,5.727126598358154,35767,0.0,0.0
2006-11-28 00:00:00-05:00,5.727128050148475,5.81853723526001,5.727128050148475,5.81853723526001,27235,0.0,0.0
2006-11-29 00:00:00-05:00,5.827324919044875,5.860724291553281,5.800956385374152,5.834356307983398,23298,0.0,0.0
2006-11-30 00:00:00-05:00,5.818537260039027,5.853694215923174,5.8009582319959385,5.822052955627441,12797,0.0,0.0
2006-12-01 00:00:00-05:00,5.800958633765524,5.843147533849485,5.774591190076735,5.811506271362305,40689,0.0,0.0
2006-12-04 00:00:00-05:00,5.8290864888051095,5.927527101656494,5.8290864888051095,5.867759704589844,25923,0.0,0.0
2006-12-05 00:00:00-05:00,5.8853358960930935,5.98553459339832,5.8853358960930935,5.974987506866455,27564,0.0,0.0
2006-12-06 00:00:00-05:00,5.941587324844379,6.032996504483779,5.941587324844379,6.011902332305908,21657,0.0,0.0
2006-12-07 00:00:00-05:00,6.011903046319828,6.134953498840332,6.011903046319828,6.134953498840332,27564,0.0,0.0
2006-12-08 00:00:00-05:00,6.134949383962614,6.143738892569089,6.083971554286682,6.091002941131592,24610,0.0,0.0
2006-12-11 00:00:00-05:00,6.082215981051057,6.108584517919234,5.985533546271366,6.038269519805908,16079,0.0,0.0
2006-12-12 00:00:00-05:00,6.02948118738125,6.048817788141206,5.976745203527193,5.992566108703613,47252,0.0,0.0
2006-12-13 00:00:00-05:00,5.9925662707298075,5.9925662707298075,5.853694366071777,5.858968734741211,65628,0.0,0.0
2006-12-14 00:00:00-05:00,5.818537725445679,5.9152207371129935,5.818537725445679,5.899399280548096,410173,0.0,0.0
2006-12-15 00:00:00-05:00,5.8993977852284045,5.9820179924754875,5.8993977852284045,5.976744174957275,74487,0.0,0.0
2006-12-18 00:00:00-05:00,5.99432358204696,5.99432358204696,5.974987531708648,5.978503227233887,45939,0.0,0.0
2006-12-19 00:00:00-05:00,5.946861589671609,6.003113269805908,5.932798807163289,6.003113269805908,21657,0.0,0.0
2006-12-20 00:00:00-05:00,6.003113269805908,6.003113269805908,5.976745277552299,6.003113269805908,8532,0.0,0.0
2006-12-21 00:00:00-05:00,6.011903544534657,6.011903544534657,5.94158852289494,5.969714641571045,10829,0.0,0.0
2006-12-22 00:00:00-05:00,5.994325637817383,6.003115154695371,5.967958187385804,5.994325637817383,100410,0.0,0.0
2006-12-26 00:00:00-05:00,6.003115154695371,6.003115154695371,5.978505277578675,5.994325637817383,33142,0.0,0.0
2006-12-27 00:00:00-05:00,6.0365128440813605,6.126164460657648,6.0365128440813605,6.124406337738037,42002,0.0,0.0
2006-12-28 00:00:00-05:00,6.124404327255971,6.124404327255971,6.07342648073648,6.110341548919678,84660,0.0,0.0
2006-12-29 00:00:00-05:00,6.110340936259256,6.110340936259256,6.047057339889425,6.082214832305908,20345,0.0,0.0
2007-01-03 00:00:00-05:00,6.092761221502443,6.229874931229273,6.0470566515935005,6.04881477355957,63659,0.0,0.0
2007-01-04 00:00:00-05:00,6.206609519406069,6.206609519406069,6.027794322892562,6.171999931335449,4176500,0.0,3.28138
2007-01-05 00:00:00-05:00,6.195073765116347,6.195073765116347,6.085477727788578,6.102782249450684,534600,0.0,0.0
2007-01-08 00:00:00-05:00,6.085478725188672,6.166233539581298,6.085478725188672,6.166233539581299,554300,0.0,0.0
2007-01-09 00:00:00-05:00,6.166234373501489,6.1950756182997315,6.148929846662939,6.177771091461182,578200,0.0,0.0
2007-01-10 00:00:00-05:00,6.177768649678288,6.195073169677171,6.160464129679406,6.183537006378174,518400,0.0,0.0
2007-01-11 00:00:00-05:00,6.183538809154079,6.200843334197998,6.166233734009227,6.200843334197998,509100,0.0,0.0
2007-01-12 00:00:00-05:00,6.200841526377056,6.2296827597757085,6.177768649678288,6.183537006378174,505200,0.0,0.0
2007-01-16 00:00:00-05:00,6.218150919510258,6.298906326293945,6.200846385949897,6.298906326293945,441900,0.0,0.0
2007-01-17 00:00:00-05:00,6.298903211496536,6.3162077364998375,6.258525803121857,6.27006196975708,91600,0.0,0.0
2007-01-18 00:00:00-05:00,6.270062863344016,6.420036901682205,6.2642945041538525,6.27583122253418,254900,0.0,0.0
2007-01-19 00:00:00-05:00,6.287369603852903,6.304674687514467,6.172005129948494,6.298906326293945,121500,0.0,0.0
2007-01-22 00:00:00-05:00,6.298903211496536,6.345048978239293,6.056637661046598,6.27006196975708,191200,0.0,0.0
2007-01-23 00:00:00-05:00,6.2469909611415755,6.275832211536447,6.108553619367508,6.206613540649414,225000,0.0,0.0
2007-01-24 00:00:00-05:00,6.264291549734964,6.345046890007696,6.200841278871157,6.293132781982422,188200,0.0,0.0
2007-01-25 00:00:00-05:00,6.298904311391541,6.345050086192129,6.241221817840293,6.316208839416504,191000,0.0,0.0
2007-01-26 00:00:00-05:00,6.32197732628706,6.356586933135986,6.258527022181907,6.356586933135986,170100,0.0,0.0
2007-01-29 00:00:00-05:00,6.345050811767578,6.356587531837497,6.1662355013914665,6.345050811767578,272500,0.0,0.0
2007-01-30 00:00:00-05:00,6.345050086192129,6.345050086192129,6.258526895966283,6.316208839416504,172300,0.0,0.0
2007-01-31 00:00:00-05:00,6.264294705240586,6.3392817268167985,6.229685649190659,6.316208839416504,117100,0.0,0.0
2007-02-01 00:00:00-05:00,6.3219765558881145,6.396963569838637,6.206612130618454,6.33928108215332,81900,0.0,0.0
2007-02-02 00:00:00-05:00,6.293134271225812,6.4027308696815695,6.25852522441938,6.287365913391113,123800,0.0,0.0
2007-02-05 00:00:00-05:00,6.287367990024351,6.3392821274814235,6.235454402668342,6.2642951011657715,97900,0.0,0.0
2007-02-06 00:00:00-05:00,6.362806280813207,6.368601319227749,6.229523713150421,6.357011795043945,94500,0.05,0.0
2007-02-07 00:00:00-05:00,6.357012749923735,6.420756524122738,6.3164480275740384,6.368602275848389,133100,0.0,0.0
2007-02-08 00:00:00-05:00,6.374399304923825,6.380194346017776,6.316449999275394,6.345424652099609,88400,0.0,0.0
2007-02-09 00:00:00-05:00,6.345422930980784,6.374397575945979,6.29326868057251,6.29326868057251,52700,0.0,0.0
2007-02-12 00:00:00-05:00,6.316448211669923,6.4033721455423995,6.27008900132942,6.316448211669922,98500,0.0,0.0
2007-02-13 00:00:00-05:00,6.316447078787431,6.409166035484264,6.246908275748767,6.357011795043945,98100,0.0,0.0
2007-02-14 00:00:00-05:00,6.235319688165374,6.374397315133397,6.235319688165374,6.368602275848389,119300,0.0,0.0
2007-02-15 00:00:00-05:00,6.345422484511277,6.345422484511277,6.258499108377083,6.264294147491455,148900,0.0,0.0
2007-02-16 00:00:00-05:00,6.264294987428068,6.316448688514311,6.229525300725151,6.304859161376953,130900,0.0,0.0
2007-02-20 00:00:00-05:00,6.281679080237236,6.362807422010425,6.229524830442825,6.316448211669922,104600,0.0,0.0
2007-02-21 00:00:00-05:00,6.287474556579697,6.316448650571756,6.0962426624759285,6.310654163360596,120800,0.0,0.0
2007-02-22 00:00:00-05:00,6.316448211669923,6.333833330031646,6.200550185818667,6.316448211669922,122900,0.0,0.0
2007-02-23 00:00:00-05:00,6.316447289500418,6.316447289500418,6.217933843747972,6.287473201751709,73300,0.0,0.0
2007-02-26 00:00:00-05:00,6.316446087835424,6.316446087835424,6.148393868695441,6.2121381759643555,68400,0.0,0.0
2007-02-27 00:00:00-05:00,6.177370138526405,6.2584990271384795,5.997728349475488,6.009317874908447,143600,0.0,0.0
2007-02-28 00:00:00-05:00,6.003521078902787,6.2527021582084785,5.939777326063154,6.125214099884033,130800,0.0,0.0
2007-03-01 00:00:00-05:00,6.125215017330803,6.1483946175302995,6.026701578321629,6.131010055541992,57700,0.0,0.0
2007-03-02 00:00:00-05:00,6.09624210034308,6.235319728204161,6.038292812411613,6.073061943054199,132000,0.0,0.0
2007-03-05 00:00:00-05:00,6.067265884092359,6.084650444908578,5.939777815267898,5.945572853088379,95000,0.0,0.0
2007-03-06 00:00:00-05:00,5.986138562685369,6.078856981242122,5.783316607608447,6.061472415924072,182800,0.0,0.0
2007-03-07 00:00:00-05:00,6.009317874908447,6.084651724481372,5.933984025335523,6.009317874908447,88500,0.0,0.0
2007-03-08 00:00:00-05:00,6.026702101449815,6.0556767423755495,5.916599129106395,5.951368808746338,42100,0.0,0.0
2007-03-09 00:00:00-05:00,5.974548710911874,6.0672671244129335,5.945574068531458,6.026702404022217,52300,0.0,0.0
2007-03-12 00:00:00-04:00,5.986138236276838,6.078856649777897,5.968753671906724,6.026702404022217,80400,0.0,0.0
2007-03-13 00:00:00-04:00,5.980341974720816,6.049880770630916,5.910803178810717,5.945572853088379,106600,0.0,0.0
2007-03-14 00:00:00-04:00,5.928189388170974,6.044087966229422,5.829676481053897,5.887625217437744,113700,0.0,0.0
2007-03-15 00:00:00-04:00,5.899214861780929,6.0846516887830475,5.899214861780929,6.026702404022217,66400,0.0,0.0
2007-03-16 00:00:00-04:00,6.032498474147911,6.084652728818193,5.951370124790078,5.991934299468994,140400,0.0,0.0
2007-03-19 00:00:00-04:00,6.009320298486905,6.07885913706592,5.9397814599078895,6.003525257110596,96100,0.0,0.0
2007-03-20 00:00:00-04:00,5.99193330874081,6.0614721192549075,5.8992148947220135,5.99772834777832,70300,0.0,0.0
2007-03-21 00:00:00-04:00,6.015115060582212,6.073063813718056,5.98614040769152,6.067269325256348,91000,0.0,0.0
2007-03-22 00:00:00-04:00,6.055678176306289,6.113627471879636,6.003523920819364,6.107832431793213,112300,0.0,0.0
2007-03-23 00:00:00-04:00,6.096241335461161,6.194754228351873,6.026701977610203,6.1541900634765625,83400,0.0,0.0
2007-03-26 00:00:00-04:00,6.125216298727429,6.200550153296965,6.061472523004917,6.177370548248291,61400,0.0,0.0
2007-03-27 00:00:00-04:00,6.148395830446861,6.2353197628267205,6.136806304383436,6.200550079345703,82300,0.0,0.0
2007-03-28 00:00:00-04:00,6.159985065460205,6.223728831691879,6.148394988338831,6.159985065460205,413900,0.0,0.0
2007-03-29 00:00:00-04:00,6.194755039991305,6.229524723472323,6.154190869801259,6.200550079345703,62500,0.0,0.0
2007-03-30 00:00:00-04:00,6.194753063448182,6.217932660824553,6.171573466071812,6.2121381759643555,57600,0.0,0.0
2007-04-02 00:00:00-04:00,6.200550153296965,6.200550153296965,6.119421811949292,6.177370548248291,72100,0.0,0.0
2007-04-03 00:00:00-04:00,6.1947552556094605,6.287474230570947,6.142601557540698,6.27588415145874,106600,0.0,0.0
2007-04-04 00:00:00-04:00,6.275884743513407,6.316448918942097,6.229525527981921,6.235320568084717,146000,0.0,0.0
2007-04-05 00:00:00-04:00,6.2353197628267205,6.310653616497784,5.586290276559142,6.200550079345703,169600,0.0,0.0
2007-04-09 00:00:00-04:00,6.159986894638318,6.241115800642887,6.159986894638318,6.194756031036377,98300,0.0,0.0
2007-04-10 00:00:00-04:00,6.200550079345703,6.258499367598943,6.159985909155657,6.200550079345703,93300,0.0,0.0
2007-04-11 00:00:00-04:00,6.2237293491978924,6.27008855624759,6.131010935098499,6.142601013183594,122400,0.0,0.0
2007-04-12 00:00:00-04:00,6.131010828211777,6.229524279636256,6.1194213029740725,6.183165073394775,144100,0.0,0.0
2007-04-13 00:00:00-04:00,6.148396814075326,6.200551071317873,6.119422717958764,6.194756031036377,25600,0.0,0.0
2007-04-16 00:00:00-04:00,6.194755039991305,6.223729684117925,6.188960553282278,6.200550079345703,180100,0.0,0.0
2007-04-17 00:00:00-04:00,6.194756031036377,6.200551071317873,6.142602326439289,6.194756031036377,90000,0.0,0.0
2007-04-18 00:00:00-04:00,6.159986458084516,6.2005506318893175,6.159986458084516,6.165781497955322,65400,0.0,0.0
2007-04-19 00:00:00-04:00,6.125215933044866,6.171575140374517,6.05567712205039,6.136806011199951,35000,0.0,0.0
2007-04-20 00:00:00-04:00,6.188960627095317,6.200550153296965,6.084652128053592,6.177370548248291,40000,0.0,0.0
2007-04-23 00:00:00-04:00,6.15998476038924,6.194753884740845,6.020907157692285,6.096240997314453,21400,0.0,0.0
2007-04-24 00:00:00-04:00,6.096244472512519,6.096244472512519,5.933986624224816,5.939781665802002,53400,0.0,0.0
2007-04-25 00:00:00-04:00,5.933984832034739,5.939779871861698,5.823881838549577,5.9108052253723145,187900,0.0,0.0
2007-04-26 00:00:00-04:00,5.910804934945907,5.916599974488129,5.818086512851915,5.8586506843566895,160000,0.0,0.0
2007-04-27 00:00:00-04:00,5.835470822326656,5.939779318920061,5.76593200881284,5.933984279632568,346200,0.0,0.0
2007-04-30 00:00:00-04:00,5.939778573356153,5.939778573356153,5.794905925225516,5.852855205535889,115700,0.0,0.0
2007-05-01 00:00:00-04:00,5.870241165059297,5.9050102994006135,5.7949073037925425,5.88183069229126,58800,0.0,0.0
2007-05-02 00:00:00-04:00,5.933985004803029,5.991934299468994,5.8586511427954475,5.991934299468994,29700,0.0,0.0
2007-05-03 00:00:00-04:00,5.997730976282694,5.997730976282694,5.893422438475682,5.939781665802002,25400,0.0,0.0
2007-05-04 00:00:00-04:00,5.90500931010069,6.032497404166037,5.887624745842567,6.020907878875732,44200,0.0,0.0
2007-05-07 00:00:00-04:00,6.020909094227122,6.143190633957147,5.997617398817489,6.067492485046387,68700,0.05,0.0
2007-05-08 00:00:00-04:00,6.067492485046387,6.119898938547515,5.997617398817489,6.067492485046387,79400,0.0,0.0
2007-05-09 00:00:00-04:00,6.055845851380866,6.114075362676322,6.0267316510509135,6.096606731414795,74100,0.0,0.0
2007-05-10 00:00:00-04:00,6.0733139987334495,6.0733139987334495,5.910271617132054,5.939386367797852,52800,0.0,0.0
2007-05-11 00:00:00-04:00,5.968503364783579,5.997618126407077,5.8578679369957545,5.991795063018799,35600,0.0,0.0
2007-05-14 00:00:00-04:00,5.974323272705078,6.084958642058463,5.939385466146454,5.974323272705078,41600,0.0,0.0
2007-05-15 00:00:00-04:00,5.945209559371247,6.114074450554815,5.857865860776113,5.886980056762695,96700,0.0,0.0
2007-05-16 00:00:00-04:00,5.898625448613351,5.933562701595848,5.840395953219024,5.904448509216309,40200,0.0,0.0
2007-05-17 00:00:00-04:00,5.898627830522827,6.05584664306543,5.811283552161072,5.84039831161499,62400,0.0,0.0
2007-05-18 00:00:00-04:00,5.881157550755995,5.892803118087089,5.8229280481474435,5.886980056762695,80200,0.0,0.0
2007-05-21 00:00:00-04:00,5.881158334443703,5.991793737761327,5.881158334443703,5.968502044677734,31900,0.0,0.0
2007-05-22 00:00:00-04:00,5.916094808066972,5.968501249351129,5.881157550755995,5.886980056762695,63300,0.0,0.0
2007-05-23 00:00:00-04:00,5.8869795543117585,6.02090717675369,5.881157048802005,5.9160943031311035,46800,0.0,0.0
2007-05-24 00:00:00-04:00,5.904451298216795,6.032555360086786,5.881159600120626,5.898628234863281,99300,0.0,0.0
2007-05-25 00:00:00-04:00,5.927740800722141,6.026730619795245,5.927740800722141,5.939386367797852,96900,0.0,0.0
2007-05-29 00:00:00-04:00,5.951033592224121,5.9917939175137676,5.892804080109385,5.951033592224121,64700,0.0,0.0
2007-05-30 00:00:00-04:00,5.9102721649103716,5.962678609902428,5.89280353501893,5.945209980010986,32000,0.0,0.0
2007-05-31 00:00:00-04:00,5.962678126732019,6.067491008222887,5.962678126732019,6.032553195953369,89700,0.0,0.0
2007-06-01 00:00:00-04:00,6.050022585749676,6.114074595887455,5.939386639227131,5.9859700202941895,75700,0.0,0.0
2007-06-04 00:00:00-04:00,5.968501671638818,5.9976164250030415,5.927741350119544,5.945209980010986,20400,0.0,0.0
2007-06-05 00:00:00-04:00,5.9160955722824555,6.026731530466637,5.828751862404641,5.84622049331665,63000,0.0,0.0
2007-06-06 00:00:00-04:00,5.840398711963915,5.910273806252423,5.828753140574773,5.898628234863281,23800,0.0,0.0
2007-06-07 00:00:00-04:00,5.852043151855469,5.9219182260029175,5.840397028505365,5.852043151855469,27300,0.0,0.0
2007-06-08 00:00:00-04:00,5.8462179005252395,5.9393846311603005,5.8462179005252395,5.9219160079956055,21700,0.0,0.0
2007-06-11 00:00:00-04:00,5.898626179411483,5.939386498046853,5.8229280481474435,5.886980056762695,28700,0.0,0.0
2007-06-12 00:00:00-04:00,5.846221374569343,5.939388160567604,5.822929678069778,5.84039831161499,64900,0.0,0.0
2007-06-13 00:00:00-04:00,5.8287490679464895,5.881155490875244,5.822926008661629,5.881155490875244,41400,0.0,0.0
2007-06-14 00:00:00-04:00,5.8811583980853825,5.997616864763576,5.8811583980853825,5.910272598266602,34100,0.0,0.0
2007-06-15 00:00:00-04:00,5.997613899984977,6.009259463237202,5.881155490875244,5.881155490875244,85800,0.0,0.0
2007-06-18 00:00:00-04:00,5.881157048802005,5.997615488761742,5.846219239155261,5.9160943031311035,64000,0.0,0.0
2007-06-19 00:00:00-04:00,5.898626179411483,5.927740930715759,5.683177908268151,5.886980056762695,69100,0.0,0.0
2007-06-20 00:00:00-04:00,5.904449596295486,5.96267854709283,5.706469941885521,5.852043151855469,81500,0.0,0.0
2007-06-21 00:00:00-04:00,5.852041416580774,5.89280172558425,5.82292667215648,5.834572792053223,81600,0.0,0.0
2007-06-22 00:00:00-04:00,5.852043181856698,5.875334873358589,5.822928428649902,5.822928428649902,359800,0.0,0.0
2007-06-25 00:00:00-04:00,5.834574956436536,5.857866649552704,5.793814076994917,5.817105770111084,277800,0.0,0.0
2007-06-26 00:00:00-04:00,5.852041416580774,5.89280172558425,5.799634987680556,5.834572792053223,143300,0.0,0.0
2007-06-27 00:00:00-04:00,5.828751894328052,5.881158342668871,5.601657469957092,5.817105770111084,197300,0.0,0.0
2007-06-28 00:00:00-04:00,5.863688749948779,6.00343945427785,5.787990613738202,5.822928428649902,169500,0.0,0.0
2007-06-29 00:00:00-04:00,5.8462212591103935,5.8462212591103935,5.770523108152332,5.8054609298706055,46600,0.0,0.0
2007-07-02 00:00:00-04:00,5.822929599031866,5.852044358090594,5.642418537122029,5.776346206665039,57500,0.0,0.0
2007-07-03 00:00:00-04:00,5.770521983941217,5.828751490354808,5.718115539232532,5.822928428649902,48900,0.0,0.0
2007-07-05 00:00:00-04:00,5.805461189880283,5.82292982386287,5.735586098632072,5.787992000579834,177000,0.0,0.0
2007-07-06 00:00:00-04:00,5.81710676076272,5.81710676076272,5.74723166951451,5.787992000579834,81500,0.0,0.0
2007-07-09 00:00:00-04:00,5.787992365842567,5.817107127862799,5.6540652379945575,5.753055095672607,133100,0.0,0.0
2007-07-10 00:00:00-04:00,5.659886114340341,5.741406750113896,5.55507323369699,5.584187984466553,116700,0.0,0.0
2007-07-11 00:00:00-04:00,5.642419194592676,5.764700752633652,5.572544097900391,5.572544097900391,135000,0.0,0.0
2007-07-12 00:00:00-04:00,5.624947524375418,5.735583450934332,5.543426899876857,5.654062271118164,145100,0.0,0.0
2007-07-13 00:00:00-04:00,5.619124538387386,5.782166900179179,5.619124538387386,5.659885406494141,45100,0.0,0.0
2007-07-16 00:00:00-04:00,5.590009348178269,5.677353018645814,5.584186288729095,5.624946594238281,82500,0.0,0.0
2007-07-17 00:00:00-04:00,5.648242514167692,5.65988864180325,5.590013541943695,5.6191277503967285,35000,0.0,0.0
2007-07-18 00:00:00-04:00,5.595836050443544,5.689003405574214,5.514315378266361,5.6191277503967285,85600,0.0,0.0
2007-07-19 00:00:00-04:00,5.654064126201757,5.706470576469597,5.438615818125582,5.560897350311279,65200,0.0,0.0
2007-07-20 00:00:00-04:00,5.572542791781853,5.613303671787056,5.3862092442761496,5.461907386779785,115200,0.0,0.0
2007-07-23 00:00:00-04:00,5.461906637935994,5.531781708670551,5.327979002539819,5.415323257446289,38000,0.0,0.0
2007-07-24 00:00:00-04:00,5.357092925545886,5.386207672677938,5.147467745766814,5.275572299957275,111500,0.0,0.0
2007-07-25 00:00:00-04:00,5.327979890007867,5.386209402977989,5.246459238231046,5.322157382965088,91200,0.0,0.0
2007-07-26 00:00:00-04:00,5.263927428877123,5.310510813222409,5.188229290486595,5.293042182922363,94400,0.0,0.0
2007-07-27 00:00:00-04:00,5.269750998988155,5.327979957376752,5.1824067284285595,5.263927936553955,100000,0.0,0.0
2007-07-30 00:00:00-04:00,5.228989979436704,5.298865616169662,4.961135778337428,5.106709003448486,280700,0.0,0.0
2007-07-31 00:00:00-04:00,5.141647365531472,5.38621048041918,5.141647365531472,5.2988667488098145,119200,0.0,0.0
2007-08-01 00:00:00-04:00,5.2697499146619915,5.316333293914795,5.112530593195515,5.316333293914795,161100,0.0,0.0
2007-08-02 00:00:00-04:00,5.3396255672676505,5.3570941975676964,5.182406228613998,5.293042182922363,199200,0.0,0.0
2007-08-03 00:00:00-04:00,5.240634819404881,5.345447693494626,5.054301314638799,5.083415508270264,102600,0.0,0.0
2007-08-06 00:00:00-04:00,5.095061964805136,5.461906492909227,5.083415842333093,5.316333293914795,238900,0.0,0.0
2007-08-07 00:00:00-04:00,5.304623798808412,5.4744185701164,5.304623798808412,5.386593341827393,89800,0.05,0.0
2007-08-08 00:00:00-04:00,5.410012327604733,5.515402359433245,5.386592382573456,5.509547233581543,246700,0.0,0.0
2007-08-09 00:00:00-04:00,5.515405053774722,5.515405053774722,5.398305271413691,5.4275803565979,426400,0.0,0.0
2007-08-10 00:00:00-04:00,5.3690286421134585,5.556388240007067,5.152393967455062,5.240218639373779,392700,0.0,0.0
2007-08-13 00:00:00-04:00,5.298767742821536,5.456852232622007,5.240217600895118,5.251927852630615,222700,0.0,0.0
2007-08-14 00:00:00-04:00,5.275348106208915,5.322187999138858,5.1231181749988135,5.187522888183594,65700,0.0,0.0
2007-08-15 00:00:00-04:00,5.228509080426679,5.304624058655391,5.140683847835552,5.210943698883057,145600,0.0,0.0
2007-08-16 00:00:00-04:00,5.257783906307987,5.357318840692498,5.181669482014602,5.35146427154541,105300,0.0,0.0
2007-08-17 00:00:00-04:00,5.445144271241589,5.737893957239786,5.369029285876973,5.538824081420898,179800,0.0,0.0
2007-08-20 00:00:00-04:00,5.515404676458533,5.749604225158691,5.486129593277071,5.749604225158691,62300,0.0,0.0
2007-08-21 00:00:00-04:00,5.726181209416594,5.866701421898803,5.679341324714347,5.802296161651611,281400,0.0,0.0
2007-08-22 00:00:00-04:00,5.948673002080045,6.089192704875086,5.831573249750844,5.895977973937988,79700,0.0,0.0
2007-08-23 00:00:00-04:00,5.895980670580599,5.907690930357268,5.761316033404416,5.82572078704834,43600,0.0,0.0
2007-08-24 00:00:00-04:00,5.7964444154313295,5.895979368040068,5.7964444154313295,5.890124797821045,60000,0.0,0.0
2007-08-27 00:00:00-04:00,5.87841129528496,5.884266420647289,5.849136226848807,5.866701602935791,109800,0.0,0.0
2007-08-28 00:00:00-04:00,5.849136224604863,5.878411293029785,5.8432810992447815,5.878411293029785,99900,0.0,0.0
2007-08-29 00:00:00-04:00,5.884268293173591,6.030643123559125,5.854993215421351,6.001368045806885,143900,0.0,0.0
2007-08-30 00:00:00-04:00,5.884268659014035,6.001368418927728,5.860848707031296,5.919398307800293,47800,0.0,0.0
2007-08-31 00:00:00-04:00,5.97209333935538,6.118468178841423,5.8959783558175545,5.919398307800293,90500,0.0,0.0
2007-09-04 00:00:00-04:00,5.884267578089075,6.018932137658361,5.884267578089075,5.948672294616699,54700,0.0,0.0
2007-09-05 00:00:00-04:00,5.890123837336345,5.907688661880763,5.849138502231763,5.901833534240723,58700,0.0,0.0
2007-09-06 00:00:00-04:00,5.907686581333873,5.9603815947848995,5.854991567882846,5.936961650848389,85600,0.0,0.0
2007-09-07 00:00:00-04:00,5.866701421898803,5.87841111388663,5.784731344482137,5.802296161651611,88200,0.0,0.0
2007-09-10 00:00:00-04:00,5.8549924116030825,5.8549924116030825,5.696907348469517,5.720327854156494,78200,0.0,0.0
2007-09-11 00:00:00-04:00,5.737894485668483,5.796444093234793,5.532969463246987,5.650069236755371,55700,0.0,0.0
2007-09-12 00:00:00-04:00,5.603228048725927,5.650067947440672,5.4861283019390665,5.60908317565918,142500,0.0,0.0
2007-09-13 00:00:00-04:00,5.632504458811989,5.767169618287757,5.6032293755889295,5.737894535064697,33100,0.0,0.0
2007-09-14 00:00:00-04:00,5.702762495396974,5.866702685541772,5.679342548001373,5.849137306213379,60700,0.0,0.0
2007-09-17 00:00:00-04:00,5.884267602426496,5.9135426767421695,5.773022431702055,5.814007759094238,129800,0.0,0.0
2007-09-18 00:00:00-04:00,5.884270969179848,5.884270969179848,5.796445695982586,5.82572078704834,75300,0.0,0.0
2007-09-19 00:00:00-04:00,5.88426672387847,5.931106612439899,5.837426835317042,5.913541793823242,341800,0.0,0.0
2007-09-20 00:00:00-04:00,5.919397924403828,5.919397924403828,5.872558023472148,5.895977973937988,41200,0.0,0.0
2007-09-21 00:00:00-04:00,5.954526247584388,5.954526247584388,5.854991349964945,5.878411293029785,58800,0.0,0.0
2007-09-24 00:00:00-04:00,5.866703120269449,5.872557688770485,5.825717790508406,5.854992866516113,71600,0.0,0.0
2007-09-25 00:00:00-04:00,5.808154158434241,5.8549940662945374,5.7378942966437965,5.790589332580566,31000,0.0,0.0
2007-09-26 00:00:00-04:00,5.790588566519609,5.796443135445811,5.66177855775673,5.743748664855957,78500,0.0,0.0
2007-09-27 00:00:00-04:00,5.755458212232864,5.85499314028781,5.650068157027473,5.796442985534668,53600,0.0,0.0
2007-09-28 00:00:00-04:00,5.7788790764323394,5.837429240445632,5.6207945269976465,5.68519926071167,89300,0.0,0.0
2007-10-01 00:00:00-04:00,5.6734874632869605,5.849137349233665,5.568097978419413,5.843282222747803,48000,0.0,0.0
2007-10-02 00:00:00-04:00,5.854993437744074,5.854993437744074,5.825718358880216,5.831573486328125,27100,0.0,0.0
2007-10-03 00:00:00-04:00,5.8549924299610545,5.8549924299610545,5.597373008728028,5.597373008728027,41500,0.0,0.0
2007-10-04 00:00:00-04:00,5.626648206801348,5.843282885986918,5.626648206801348,5.796442985534668,23200,0.0,0.0
2007-10-05 00:00:00-04:00,5.854993526239717,5.854993526239717,5.661778784543862,5.819863319396973,69900,0.0,0.0
2007-10-08 00:00:00-04:00,5.573953476943643,5.854992866516113,5.573953476943643,5.854992866516113,19200,0.0,0.0
2007-10-09 00:00:00-04:00,5.854992432656177,5.854992432656177,5.8140076643077725,5.849137306213379,24100,0.0,0.0
2007-10-10 00:00:00-04:00,5.825717790508406,5.854992866516113,5.737893120860917,5.854992866516113,30600,0.0,0.0
2007-10-11 00:00:00-04:00,5.8549940662945374,5.8549940662945374,5.761314250573944,5.790589332580566,24000,0.0,0.0
2007-10-12 00:00:00-04:00,5.755456276949365,5.849136046353858,5.755456276949365,5.802296161651611,31200,0.0,0.0
2007-10-15 00:00:00-04:00,5.796441867197782,5.819861812905378,5.7027620843673965,5.708617210388184,48200,0.0,0.0
2007-10-16 00:00:00-04:00,5.714472382726033,5.743747454691697,5.6734870586238815,5.691052436828613,35400,0.0,0.0
2007-10-17 00:00:00-04:00,5.743746265336844,5.743746265336844,5.591516369338009,5.620791435241699,46200,0.0,0.0
2007-10-18 00:00:00-04:00,5.597375328983011,5.66178007139478,5.544680285929826,5.626649856567383,7400,0.0,0.0
2007-10-19 00:00:00-04:00,5.626647263366719,5.737892427069789,5.497837837908674,5.556387424468994,40500,0.0,0.0
2007-10-22 00:00:00-04:00,5.491982154768557,5.714471901235252,5.480271903618754,5.702761650085449,12200,0.0,0.0
2007-10-23 00:00:00-04:00,5.626647034171899,5.73203706741333,5.626647034171899,5.73203706741333,13100,0.0,0.0
2007-10-24 00:00:00-04:00,5.732037569235373,5.878412380051778,5.650067474162974,5.849137306213379,74300,0.0,0.0
2007-10-25 00:00:00-04:00,5.872558261712114,5.872558261712114,5.749603377184461,5.831573486328125,20500,0.0,0.0
2007-10-26 00:00:00-04:00,5.884269669226226,5.895979368040068,5.761314760614008,5.890124797821045,33200,0.0,0.0
2007-10-29 00:00:00-04:00,5.913541489083442,5.97209106758026,5.825716283774982,5.866701602935791,36800,0.0,0.0
2007-10-30 00:00:00-04:00,5.854992475719527,5.872557296801519,5.808152580583818,5.843282222747803,16300,0.0,0.0
2007-10-31 00:00:00-04:00,5.854992887725744,5.972092633805132,5.854992887725744,5.96038293838501,90700,0.0,0.0
2007-11-01 00:00:00-04:00,5.890122772645311,5.890122772645311,5.790587854259238,5.808152675628662,68200,0.0,0.0
2007-11-02 00:00:00-04:00,5.849136353001637,5.849136353001637,5.691051873437661,5.714471817016602,30800,0.0,0.0
2007-11-05 00:00:00-05:00,5.756534994405344,5.870704590644261,5.756534994405344,5.822632789611816,17900,0.25,0.0
2007-11-06 00:00:00-05:00,5.882723452301017,6.05698183671436,5.858687832832086,6.04496431350708,54600,0.0,0.0
2007-11-07 00:00:00-05:00,5.9728562080141865,6.068999248094621,5.918776500102718,5.9908833503723145,148800,0.0,0.0
2007-11-08 00:00:00-05:00,6.008909931902815,6.008909931902815,5.864696231070181,5.918776512145996,220800,0.0,0.0
2007-11-09 00:00:00-05:00,5.894740883064021,5.978865255180704,5.732500040174464,5.9488205909729,78300,0.0,0.0
2007-11-12 00:00:00-05:00,5.948821431856572,5.99689267216235,5.930794860005503,5.978866100311279,65500,0.0,0.0
2007-11-13 00:00:00-05:00,5.9788629882901665,6.0389522939228675,5.882720557721116,6.032943248748779,113000,0.0,0.0
2007-11-14 00:00:00-05:00,6.038955265376255,6.050972788583534,6.002901549645673,6.04496431350708,77700,0.0,0.0
2007-11-15 00:00:00-05:00,6.014920723515115,6.056982921857839,5.930795753775197,5.97285795211792,48800,0.0,0.0
2007-11-16 00:00:00-05:00,5.9788651036344636,5.990883198234685,5.852677975603597,5.942811965942383,45600,0.0,0.0
2007-11-19 00:00:00-05:00,5.888730628354703,5.966846510058624,5.64837393702244,5.8586859703063965,79000,0.0,0.0
2007-11-20 00:00:00-05:00,5.846669076498951,5.9488205909729,5.78658032113765,5.9488205909729,80100,0.0,0.0
2007-11-21 00:00:00-05:00,5.954829650827,6.008909931902815,5.894740895340557,5.918776512145996,72000,0.0,0.0
2007-11-23 00:00:00-05:00,5.924781583128527,6.0389511271616065,5.870701906172518,6.0209245681762695,11700,0.0,0.0
2007-11-26 00:00:00-05:00,5.978862437244633,6.008907087291899,5.942809315631141,5.954826831817627,57400,0.0,0.0
2007-11-27 00:00:00-05:00,5.954829167449697,6.002900397158442,5.876713275909423,5.876713275909424,20800,0.0,0.0
2007-11-28 00:00:00-05:00,5.936800271010881,6.032942692718906,5.936800271010881,5.954826831817627,71300,0.0,0.0
2007-11-29 00:00:00-05:00,5.984875422927555,5.984875422927555,5.9488217045185205,5.966848850250244,20600,0.0,0.0
2007-11-30 00:00:00-05:00,6.002898431205223,6.008907476214414,5.762542361378276,5.804604530334473,38100,0.0,0.0
2007-12-03 00:00:00-05:00,5.744516957387859,5.966846510058624,5.744516957387859,5.8586859703063965,17400,0.0,0.0
2007-12-04 00:00:00-05:00,5.804607479609404,5.930794623646754,5.804607479609404,5.888732433319092,41000,0.0,0.0
2007-12-05 00:00:00-05:00,5.990885067893342,5.990885067893342,5.888733524128776,5.93680477142334,57000,0.0,0.0
2007-12-06 00:00:00-05:00,5.984873081135251,6.014917739211014,5.708463258335772,6.002899646759033,78500,0.0,0.0
2007-12-07 00:00:00-05:00,6.008911044182107,6.008911044182107,5.954830753095762,5.966848850250244,45300,0.0,0.0
2007-12-10 00:00:00-05:00,5.966847679364715,6.002900817644563,5.924784920632493,5.984874248504639,54400,0.0,0.0
2007-12-11 00:00:00-05:00,6.002900655065695,6.038954365423387,5.840660391091796,6.008909702301025,98800,0.0,0.0
2007-12-12 00:00:00-05:00,6.056982009071764,6.056982009071764,5.798598662637422,5.978866100311279,70100,0.0,0.0
2007-12-13 00:00:00-05:00,5.92478218177036,5.960835876437887,5.894738104777129,5.954826831817627,21800,0.0,0.0
2007-12-14 00:00:00-05:00,5.918775289140347,6.014917736496041,5.864695019239222,5.930792808532715,25100,0.0,0.0
2007-12-17 00:00:00-05:00,5.888732417836159,5.888732417836159,5.690438416735167,5.738509654998779,44100,0.0,0.0
2007-12-18 00:00:00-05:00,5.768553462638658,5.930793724340285,5.73249975278592,5.780570983886719,90100,0.0,0.0
2007-12-19 00:00:00-05:00,5.78057186435199,5.894741485396791,5.678420339440058,5.846669673919678,36100,0.0,0.0
2007-12-20 00:00:00-05:00,5.9067600986006195,5.960840395070622,5.75653730754149,5.93680477142334,56600,0.0,0.0
2007-12-21 00:00:00-05:00,6.0209277967716845,6.05698093407509,5.95482942329163,6.008909702301025,163600,0.0,0.0
2007-12-24 00:00:00-05:00,6.008909919388508,6.056981152899271,5.870705266308639,5.9488205909729,22900,0.0,0.0
2007-12-26 00:00:00-05:00,5.900749144282235,6.008909702301025,5.900749144282235,6.008909702301025,69600,0.0,0.0
2007-12-27 00:00:00-05:00,5.936801099833612,6.008907926181292,5.828640573785031,5.840658664703369,41700,0.0,0.0
2007-12-28 00:00:00-05:00,5.888730131323694,5.924783259495292,5.708462771303289,5.714471817016602,12900,0.0,0.0
2007-12-31 00:00:00-05:00,5.708463820397757,5.9908827172305195,5.708463820397757,5.828641891479492,37800,0.0,0.0
2008-01-02 00:00:00-05:00,5.846669856419266,5.930794812812158,5.708465184903495,5.792590141296387,51600,0.0,0.0
2008-01-03 00:00:00-05:00,5.852676170515726,5.9428101330553105,5.7084625181173285,5.768551826477051,51900,0.0,0.0
2008-01-04 00:00:00-05:00,5.738509767099984,5.88873253287195,5.690438527897305,5.708465099334717,31800,0.0,0.0
2008-01-07 00:00:00-05:00,5.708465099334717,5.858687865106683,5.570260429890607,5.708465099334717,58400,0.0,0.0
2008-01-08 00:00:00-05:00,5.726490180301,5.840659773482475,5.606312113573835,5.702454566955566,76800,0.0,0.0
2008-01-09 00:00:00-05:00,5.702455810875115,5.702455810875115,5.600304288610389,5.618331432342529,136400,0.0,0.0
2008-01-10 00:00:00-05:00,5.612321160173749,5.822632633682732,5.588285546828316,5.702454566955566,114100,0.0,0.0
2008-01-11 00:00:00-05:00,5.678420418749787,5.738509754144665,5.558242321014404,5.558242321014404,158400,0.0,0.0
2008-01-14 00:00:00-05:00,5.606311798095703,5.630347410088605,5.558240574109899,5.606311798095703,106300,0.0,0.0
2008-01-15 00:00:00-05:00,5.558241474799312,5.588286137922597,5.528196811676025,5.528196811676025,63800,0.0,0.0
2008-01-16 00:00:00-05:00,5.534206480755593,5.720482954607255,5.534206480755593,5.618331432342529,90500,0.0,0.0
2008-01-17 00:00:00-05:00,5.606313393644195,5.606313393644195,5.540215585115924,5.582277774810791,50100,0.0,0.0
2008-01-18 00:00:00-05:00,5.570259624258414,5.600303714624001,5.317885368418301,5.534205913543701,128900,0.0,0.0
2008-01-22 00:00:00-05:00,5.383983080551273,5.612321716494021,5.377974033355714,5.377974033355713,97600,0.0,0.0
2008-01-23 00:00:00-05:00,5.287841383991634,5.912768056541731,5.227752049436016,5.846669673919678,203900,0.0,0.0
2008-01-24 00:00:00-05:00,5.768553182297513,6.135096444891341,5.768553182297513,6.050971508026123,247900,0.0,0.0
2008-01-25 00:00:00-05:00,6.117069451354722,6.117069451354722,6.008908907639858,6.056980133056641,89600,0.0,0.0
2008-01-28 00:00:00-05:00,6.05698060438391,6.177158677277588,5.972855666831208,6.129087448120117,272400,0.0,0.0
2008-01-29 00:00:00-05:00,6.165142541516809,6.213213781473502,6.0990441567855695,6.123079776763916,359900,0.0,0.0
2008-01-30 00:00:00-05:00,6.111060830509029,6.11706987736817,6.050971508026123,6.050971508026123,135400,0.0,0.0
2008-01-31 00:00:00-05:00,6.008910615196317,6.17715995196659,6.008910615196317,6.1531243324279785,106500,0.0,0.0
2008-02-01 00:00:00-05:00,6.17114993265347,6.363434840846514,6.1531227927197,6.327381134033203,193600,0.0,0.0
2008-02-04 00:00:00-05:00,6.321373199977838,6.35141728965662,6.249265780196783,6.261283874511719,107500,0.0,0.0
2008-02-05 00:00:00-05:00,6.176753689039579,6.279397740395625,6.158640202275971,6.182791709899902,146200,0.05,0.0
2008-02-06 00:00:00-05:00,6.2250585592606695,6.237134027645281,6.049959949052702,6.074111461639404,114600,0.0,0.0
2008-02-07 00:00:00-05:00,6.049958267365559,6.2733598406487285,6.037882226520205,6.2009053230285645,87400,0.0,0.0
2008-02-08 00:00:00-05:00,6.200905463115238,6.357889966930088,6.09222339632106,6.18882942199707,50300,0.0,0.0
2008-02-11 00:00:00-05:00,6.1888286068188,6.249207652821983,6.104298057577793,6.17675256729126,49700,0.0,0.0
2008-02-12 00:00:00-05:00,6.23109245300293,6.249206508978675,6.176751436709996,6.23109245300293,19100,0.0,0.0
2008-02-13 00:00:00-05:00,6.285437340294235,6.303550831608345,6.182793263151769,6.249210357666016,360000,0.0,0.0
2008-02-14 00:00:00-05:00,6.225057964281898,6.297512495116947,6.110337858596669,6.128451347351074,84300,0.0,0.0
2008-02-15 00:00:00-05:00,6.116374097105333,6.255245096768496,6.116374097105333,6.17675256729126,35700,0.0,0.0
2008-02-19 00:00:00-05:00,6.237132930730872,6.2492089728091695,6.025806800899691,6.158640384674072,47400,0.0,0.0
2008-02-20 00:00:00-05:00,6.128450548169265,6.188829603900108,6.068072068255771,6.16467809677124,38300,0.0,0.0
2008-02-21 00:00:00-05:00,6.206942310173592,6.2612833383380355,6.122412333755372,6.140525817871094,20100,0.0,0.0
2008-02-22 00:00:00-05:00,6.152602055298131,6.176753562426999,6.068072068255771,6.16467809677124,35100,0.0,0.0
2008-02-25 00:00:00-05:00,6.043919114469399,6.2250556624881845,6.043919114469399,6.206941604614258,42500,0.0,0.0
2008-02-26 00:00:00-05:00,6.176753871974141,6.188829914052438,6.0378828429779885,6.158640384674072,42500,0.0,0.0
2008-02-27 00:00:00-05:00,6.110336882180978,6.261283941254078,6.110336882180978,6.18882942199707,20100,0.0,0.0
2008-02-28 00:00:00-05:00,6.152602010344935,6.194867579374657,6.037882496275335,6.043920516967773,40600,0.0,0.0
2008-02-29 00:00:00-05:00,6.037880284754574,6.1586377752862385,5.9835392700610415,6.049956321716309,76500,0.0,0.0
2008-03-03 00:00:00-05:00,6.031842266273707,6.062031782860907,5.977501251580175,6.049956321716309,37400,0.0,0.0
2008-03-04 00:00:00-05:00,6.031843970351485,6.037881990538175,5.91712446589087,6.025805950164795,61900,0.0,0.0
2008-03-05 00:00:00-05:00,6.031846785301633,6.031846785301633,5.959392236700067,5.96543025970459,41000,0.0,0.0
2008-03-06 00:00:00-05:00,5.959388218391023,5.959388218391023,5.705797181368666,5.796365737915039,62400,0.0,0.0
2008-03-07 00:00:00-05:00,5.748065183172424,6.049959348444486,5.657496588100352,5.826557159423828,107600,0.0,0.0
2008-03-10 00:00:00-04:00,5.856744992457551,6.0620330574327586,5.766176999470726,5.790328502655029,85800,0.0,0.0
2008-03-11 00:00:00-04:00,5.953351287919994,6.068071365356445,5.7420257689757825,6.068071365356445,58100,0.0,0.0
2008-03-12 00:00:00-04:00,6.037882212378269,6.043920232786804,5.9533516541107385,5.989579200744629,38000,0.0,0.0
2008-03-13 00:00:00-04:00,5.923162475361877,6.062033484500717,5.8024043751157395,6.055995464324951,36900,0.0,0.0
2008-03-14 00:00:00-04:00,6.049959782213932,6.049959782213932,5.778254553334442,5.917126178741455,37800,0.0,0.0
2008-03-17 00:00:00-04:00,5.796369646300936,6.031846785301633,5.796369646300936,5.96543025970459,90500,0.0,0.0
2008-03-18 00:00:00-04:00,6.062032861167269,6.194866412288924,5.856744802838505,6.098260402679443,176600,0.0,0.0
2008-03-19 00:00:00-04:00,6.128450733039527,6.128450733039527,5.8990116963027255,5.929200649261475,147600,0.0,0.0
2008-03-20 00:00:00-04:00,5.989579706813707,6.013731214671126,5.856746125689216,5.929200649261475,336300,0.0,0.0
2008-03-24 00:00:00-04:00,5.971467224517353,6.001656182555106,5.886936644886237,5.917126178741455,326300,0.0,0.0
2008-03-25 00:00:00-04:00,5.923161806557083,6.031843278362787,5.862782763251622,5.94731330871582,111000,0.0,0.0
2008-03-26 00:00:00-04:00,5.911088156806919,5.9352396687276,5.880898622951701,5.917126178741455,43200,0.0,0.0
2008-03-27 00:00:00-04:00,5.935238064689227,5.947314105294668,5.86882156881123,5.911086559295654,81400,0.0,0.0
2008-03-28 00:00:00-04:00,5.868822406846069,5.917125424530613,5.862784385681152,5.862784385681152,37000,0.0,0.0
2008-03-31 00:00:00-04:00,5.856746041929425,5.9171250986181505,5.856746041929425,5.899011611938477,84200,0.0,0.0
2008-04-01 00:00:00-04:00,5.971465922360337,6.007692894432855,5.862783854508101,5.905048847198486,122800,0.0,0.0
2008-04-02 00:00:00-04:00,5.905049906190864,5.983542460847706,5.892974438606895,5.953352928161621,121500,0.0,0.0
2008-04-03 00:00:00-04:00,5.92316198348999,5.97750243310745,5.892972460935458,5.92316198348999,124900,0.0,0.0
2008-04-04 00:00:00-04:00,5.947313486370167,5.97750243310745,5.8869344412611015,5.92316198348999,27500,0.0,0.0
2008-04-07 00:00:00-04:00,5.9593895700827995,5.9593895700827995,5.8990110945075225,5.911086559295654,27000,0.0,0.0
2008-04-08 00:00:00-04:00,5.886935361162227,5.917124888434219,5.856745833890234,5.905048847198486,21600,0.0,0.0
2008-04-09 00:00:00-04:00,5.886935361162227,5.917124888434219,5.868821875125967,5.905048847198486,63300,0.0,0.0
2008-04-10 00:00:00-04:00,5.892973873239756,5.923163403029481,5.856746322328608,5.874859809875488,48600,0.0,0.0
2008-04-11 00:00:00-04:00,5.856746877809987,5.886936410463028,5.772216877362398,5.802405834197998,84100,0.0,0.0
2008-04-14 00:00:00-04:00,5.814480781555176,5.917124827736628,5.802404740443319,5.814480781555176,37800,0.0,0.0
2008-04-15 00:00:00-04:00,5.8144796062233155,5.899010149467413,5.7963661240343,5.880896091461182,39200,0.0,0.0
2008-04-16 00:00:00-04:00,5.886935234069824,5.917124760690058,5.868821748424614,5.886935234069824,123600,0.0,0.0
2008-04-17 00:00:00-04:00,5.874857934909525,5.9412749944133365,5.868820491532345,5.892971992492676,116300,0.0,0.0
2008-04-18 00:00:00-04:00,5.947313308715821,5.947313308715821,5.880896245916368,5.94731330871582,121400,0.0,0.0
2008-04-21 00:00:00-04:00,5.9171239638156345,6.037881478216515,5.899010480609815,5.92316198348999,85400,0.0,0.0
2008-04-22 00:00:00-04:00,5.892974789086391,5.947315835989739,5.838633742183041,5.935239791870117,47900,0.0,0.0
2008-04-23 00:00:00-04:00,5.941276933372885,5.983541929892514,5.681647781455415,5.862784385681152,115100,0.0,0.0
2008-04-24 00:00:00-04:00,5.832593415826393,6.037881478216515,5.766176926860221,5.92316198348999,101500,0.0,0.0
2008-04-25 00:00:00-04:00,5.905048538992935,5.947314105294668,5.856745528205789,5.911086559295654,39900,0.0,0.0
2008-04-28 00:00:00-04:00,5.892974244306832,5.892974244306832,5.814481692238005,5.826557159423828,47300,0.0,0.0
2008-04-29 00:00:00-04:00,5.826553992278515,5.874856986400548,5.826553992278515,5.832592010498047,58300,0.0,0.0
2008-04-30 00:00:00-04:00,5.856744152660487,5.9654261893145915,5.826554634054661,5.8688201904296875,97000,0.0,0.0
2008-05-01 00:00:00-04:00,5.874859809875488,5.9171253819080585,5.850708301207185,5.874859809875488,90900,0.0,0.0
2008-05-02 00:00:00-04:00,5.886934288003947,5.9291992729896394,5.856744766235352,5.856744766235352,60300,0.0,0.0
2008-05-05 00:00:00-04:00,5.862783727937102,5.892973254557336,5.838632221804381,5.886935234069824,67000,0.0,0.0
2008-05-06 00:00:00-04:00,5.930086876666219,6.041045032613928,5.930086876666219,6.028716087341309,142100,0.2,0.0
2008-05-07 00:00:00-04:00,6.034877586795761,6.034877586795761,5.905426664591719,5.917755603790283,79900,0.0,0.0
2008-05-08 00:00:00-04:00,6.041044897108465,6.041044897108465,5.868443782298639,5.911593914031982,373800,0.0,0.0
2008-05-09 00:00:00-04:00,5.868443626550205,6.0348802644447685,5.868443626550205,5.899264812469482,112100,0.0,0.0
2008-05-12 00:00:00-04:00,5.930084749727058,6.0102211016272395,5.88077016207714,5.9054274559021,100900,0.0,0.0
2008-05-13 00:00:00-04:00,5.923920732283206,6.041043327814908,5.886935082655733,6.016386032104492,64400,0.0,0.0
2008-05-14 00:00:00-04:00,6.010221561207812,6.041043327814908,5.979399794600718,6.016386032104492,50100,0.0,0.0
2008-05-15 00:00:00-04:00,6.0040566312019354,6.0040566312019354,5.862277338677486,5.9054274559021,185000,0.0,0.0
2008-05-16 00:00:00-04:00,5.917758039193847,5.936250867726085,5.8129643643838005,5.893100738525391,266200,0.0,0.0
2008-05-19 00:00:00-04:00,5.8561129570007315,5.886934721718094,5.82529119228337,5.856112957000732,123400,0.0,0.0
2008-05-20 00:00:00-04:00,5.843785387015665,5.843785387015665,5.7821424309947105,5.79447078704834,96700,0.0,0.0
2008-05-21 00:00:00-04:00,5.806798342153799,5.825291165749476,5.689675754336563,5.769812107086182,143500,0.0,0.0
2008-05-22 00:00:00-04:00,5.763648250724911,5.9239203690779165,5.7389909565262744,5.856112957000732,284400,0.0,0.0
2008-05-23 00:00:00-04:00,5.82529169927014,5.954742652048424,5.82529169927014,5.886935234069824,58100,0.0,0.0
2008-05-27 00:00:00-04:00,5.905426543155558,6.016384642156247,5.856111963127734,5.991727352142334,36500,0.0,0.0
2008-05-28 00:00:00-04:00,6.022551126919414,6.041043953648951,5.8931001640599225,5.9424147605896,53900,0.0,0.0
2008-05-29 00:00:00-04:00,5.917757660732541,6.071865927023738,5.917757660732541,6.034879684448242,77000,0.0,0.0
2008-05-30 00:00:00-04:00,6.047208499383107,6.071865797950489,6.01022225759385,6.053372383117676,212100,0.0,0.0
2008-06-02 00:00:00-04:00,6.034879255499337,6.034879255499337,5.9794001895176425,6.0102219581604,76500,0.0,0.0
2008-06-03 00:00:00-04:00,6.034879684448242,6.041044156190222,5.960907787173634,6.034879684448242,36700,0.0,0.0
2008-06-04 00:00:00-04:00,6.004057534892789,6.053372129965212,5.973235766003438,5.985564708709717,51000,0.0,0.0
2008-06-05 00:00:00-04:00,5.97939970339759,6.071865001808512,5.967071349668576,6.065700531005859,88900,0.0,0.0
2008-06-06 00:00:00-04:00,6.028716087341309,6.0595378626463905,6.004058784672536,6.028716087341309,48700,0.0,0.0
2008-06-09 00:00:00-04:00,6.053371762025355,6.158165417153707,5.960907048853897,6.022550582885742,122400,0.0,0.0
2008-06-10 00:00:00-04:00,5.991729052811046,6.108851066651537,5.905428219328982,6.00405740737915,171500,0.0,0.0
2008-06-11 00:00:00-04:00,5.97939920425415,6.022549908394332,5.917756265002274,5.97939920425415,55800,0.0,0.0
2008-06-12 00:00:00-04:00,6.010221878601369,6.016386349823588,5.979400110366608,6.00405740737915,46300,0.0,0.0
2008-06-13 00:00:00-04:00,6.016388294656248,6.0225527678711686,5.917759074723608,5.948580265045166,112300,0.0,0.0
2008-06-16 00:00:00-04:00,5.936250488082097,6.041044156190222,5.936250488082097,6.034879684448242,61500,0.0,0.0
2008-06-17 00:00:00-04:00,6.028713790806149,6.028713790806149,5.893098971726275,5.97939920425415,34000,0.0,0.0
2008-06-18 00:00:00-04:00,5.948576694148376,6.041041973236236,5.9177555223285925,5.96707010269165,27300,0.0,0.0
2008-06-19 00:00:00-04:00,5.942414144973244,6.016386032104492,5.90542790746947,6.016386032104492,35900,0.0,0.0
2008-06-20 00:00:00-04:00,5.991728973333775,6.053371921109301,5.862278018765948,5.9978928565979,107100,0.0,0.0
2008-06-23 00:00:00-04:00,5.997892251673827,5.997892251673827,5.775976603886097,5.856112957000732,67100,0.0,0.0
2008-06-24 00:00:00-04:00,5.825291165749476,5.856112930326447,5.720497518913534,5.769812107086182,81000,0.0,0.0
2008-06-25 00:00:00-04:00,5.751318138879546,5.800632717237747,5.702003560521344,5.708168029785156,168600,0.0,0.0
2008-06-26 00:00:00-04:00,5.720498531660802,5.794470427015631,5.689676761627197,5.689676761627197,90500,0.0,0.0
2008-06-27 00:00:00-04:00,5.702006417851779,5.702006417851779,5.554062608641106,5.621870040893555,2538100,0.0,0.0
2008-06-30 00:00:00-04:00,5.615703352356058,5.6773468758050205,5.572553238667509,5.5787177085876465,125400,0.0,0.0
2008-07-01 00:00:00-04:00,5.566391787363695,5.763650816646879,5.523241650275121,5.757486343383789,102800,0.0,0.0
2008-07-02 00:00:00-04:00,5.738992257829139,5.794470741448487,5.560226687385288,5.6280341148376465,92200,0.0,0.0
2008-07-03 00:00:00-04:00,5.628034267865779,5.683513340870021,5.547897894401477,5.554062366485596,27100,0.0,0.0
2008-07-07 00:00:00-04:00,5.591048258642414,5.591048258642414,5.399954319000244,5.399954319000244,87400,0.0,0.0
2008-07-08 00:00:00-04:00,5.418446563556071,5.794470517803782,5.1965308740145915,5.782142162322998,107200,0.0,0.0
2008-07-09 00:00:00-04:00,5.794471259956511,5.825293034420669,5.5725555419921875,5.5725555419921875,119300,0.0,0.0
2008-07-10 00:00:00-04:00,5.554062897117933,5.751321319644391,5.547898424444863,5.66502046585083,198800,0.0,0.0
2008-07-11 00:00:00-04:00,5.609540324173222,5.72666233110263,5.486253258509047,5.683512210845947,93900,0.0,0.0
2008-07-14 00:00:00-04:00,5.702005156121062,5.775977044358015,5.455432195331215,5.523239612579346,86800,0.0,0.0
2008-07-15 00:00:00-04:00,5.480089097906555,5.628032863757203,5.399952744435054,5.5294036865234375,150400,0.0,0.0
2008-07-16 00:00:00-04:00,5.560226075142792,5.745155509263969,5.461596298968141,5.702005386352539,102100,0.0,0.0
2008-07-17 00:00:00-04:00,5.726660849700445,5.794468247973935,5.609538873068754,5.708168029785156,200400,0.0,0.0
2008-07-18 00:00:00-04:00,5.720497518913534,5.769812107086182,5.492417401645971,5.769812107086182,85900,0.0,0.0
2008-07-21 00:00:00-04:00,5.788304366586269,5.788304366586269,5.658853451426955,5.708168029785156,21800,0.0,0.0
2008-07-22 00:00:00-04:00,5.7636504715767956,5.812965078975991,5.677349614689957,5.738993167877197,137200,0.0,0.0
2008-07-23 00:00:00-04:00,5.769815800940788,5.8869384637403295,5.732830130071088,5.8191304206848145,89300,0.0,0.0
2008-07-24 00:00:00-04:00,5.843786571897605,5.967073684689928,5.800636435146207,5.948580265045166,108500,0.0,0.0
2008-07-25 00:00:00-04:00,5.967072336987056,6.065701534643638,5.751320526205992,6.041044235229492,81500,0.0,0.0
2008-07-28 00:00:00-04:00,6.0040566312019354,6.0102211016272395,5.7389908695526906,5.9054274559021,48300,0.0,0.0
2008-07-29 00:00:00-04:00,5.923921123535948,6.071865495445914,5.89309994276953,6.0102219581604,103000,0.0,0.0
2008-07-30 00:00:00-04:00,6.016387856261307,6.096524238586426,6.016387856261307,6.096524238586426,77400,0.0,0.0
2008-07-31 00:00:00-04:00,6.028714373476448,6.102686260453767,5.917756836948617,6.071865081787109,79300,0.0,0.0
2008-08-01 00:00:00-04:00,6.071865936105955,6.1458378334912105,5.979400623467099,6.121180534362793,64200,0.0,0.0
2008-08-04 00:00:00-04:00,5.720498138443729,6.139672771184131,5.671183544930308,6.084193706512451,89000,0.0,0.0
2008-08-05 00:00:00-04:00,6.152347841278825,6.158543109893799,6.090390428171632,6.158543109893799,70800,0.05,0.0
2008-08-06 00:00:00-04:00,6.1213677475364605,6.164737572361469,6.009844665564098,6.146150588989258,79300,0.0,0.0
2008-08-07 00:00:00-04:00,6.090389752003434,6.127564313914487,6.022237077847723,6.05941104888916,105100,0.0,0.0
2008-08-08 00:00:00-04:00,6.084194419080774,6.195717523583571,6.047020444826286,6.170934677124023,64700,0.0,0.0
2008-08-11 00:00:00-04:00,6.177131902367849,6.232893466949463,6.053217642669706,6.232893466949463,85200,0.0,0.0
2008-08-12 00:00:00-04:00,6.226694601930922,6.226694601930922,6.158541348827839,6.19571590423584,91000,0.0,0.0
2008-08-13 00:00:00-04:00,6.177130385964959,6.369197293629774,6.13375996256512,6.2886528968811035,303500,0.0,0.0
2008-08-14 00:00:00-04:00,6.239085362131334,6.288651039201078,6.22049838094755,6.245281219482422,80600,0.0,0.0
2008-08-15 00:00:00-04:00,6.288652503250471,6.288652503250471,6.071802763303333,6.214303970336914,145800,0.0,0.0
2008-08-18 00:00:00-04:00,6.201913552401242,6.30724080045011,6.077999316717186,6.301044940948486,84300,0.0,0.0
2008-08-19 00:00:00-04:00,6.263868315114188,6.301042869030455,6.245281333590798,6.294847011566162,42200,0.0,0.0
2008-08-20 00:00:00-04:00,6.307238726494748,6.35060854700582,6.183323940686848,6.294847011566162,51400,0.0,0.0
2008-08-21 00:00:00-04:00,6.23289075470875,6.288651704156204,6.189520339534676,6.220499038696289,44000,0.0,0.0
2008-08-22 00:00:00-04:00,6.313433728949905,6.375391119261699,6.090388187392481,6.2576727867126465,105900,0.0,0.0
2008-08-25 00:00:00-04:00,6.2143032552670645,6.251477812881035,6.146150588989259,6.146150588989258,88100,0.0,0.0
2008-08-26 00:00:00-04:00,6.133758006089058,6.257672786712647,6.133758006089058,6.2576727867126465,60300,0.0,0.0
2008-08-27 00:00:00-04:00,6.239087205169561,6.313435742736875,6.232891936857858,6.2886528968811035,44200,0.0,0.0
2008-08-28 00:00:00-04:00,6.257672982440998,6.381587176070927,6.152345770138187,6.369195461273193,72500,0.0,0.0
2008-08-29 00:00:00-04:00,6.325825855647946,6.3877832499978355,6.1337584058588925,6.332021713256836,96100,0.0,0.0
2008-09-02 00:00:00-04:00,6.375390395842488,6.381586252344513,6.301041890426381,6.3568034172058105,64500,0.0,0.0
2008-09-03 00:00:00-04:00,6.325826134296326,6.536480575321732,6.301043293638603,6.5240888595581055,77400,0.0,0.0
2008-09-04 00:00:00-04:00,6.424956427777012,6.4931090805273675,6.208106755824373,6.3072381019592285,53600,0.0,0.0
2008-09-05 00:00:00-04:00,6.2266937355073,6.431152284627799,6.2266937355073,6.3072381019592285,55300,0.0,0.0
2008-09-08 00:00:00-04:00,6.276259915368381,6.276259915368381,6.201911399763766,6.245281219482422,64600,0.0,0.0
2008-09-09 00:00:00-04:00,6.245282652651324,6.257674370197154,5.947888521986791,6.090389728546143,140100,0.0,0.0
2008-09-10 00:00:00-04:00,6.164740158571127,6.164740158571127,5.88593292754556,6.121370315551758,145800,0.0,0.0
2008-09-11 00:00:00-04:00,6.096585791486066,6.270065706850002,6.009845538369282,6.189521312713623,80800,0.0,0.0
2008-09-12 00:00:00-04:00,6.139955622609642,6.232891734706833,6.139955622609642,6.189521312713623,44900,0.0,0.0
2008-09-15 00:00:00-04:00,6.1275634779148405,6.282456381484148,5.941691875457765,5.941691875457764,68200,0.0,0.0
2008-09-16 00:00:00-04:00,5.885930490711617,6.2886518142545915,5.885930490711617,6.270064830780029,100100,0.0,0.0
2008-09-17 00:00:00-04:00,6.170933847056203,6.251478234932922,5.892126714171924,6.034627914428711,99600,0.0,0.0
2008-09-18 00:00:00-04:00,6.127564464550929,6.375392913818359,5.910714128289704,6.375392913818359,270000,0.0,0.0
2008-09-19 00:00:00-04:00,7.1126821616609055,7.1126821616609055,5.718645968117686,7.00115966796875,782900,0.0,0.0
2008-09-22 00:00:00-04:00,6.784308796964342,6.784308796964342,5.97886561123978,6.19571590423584,77100,0.0,0.0
2008-09-23 00:00:00-04:00,6.381588285949292,6.381588285949292,5.985062206500683,6.065606594085693,82700,0.0,0.0
2008-09-24 00:00:00-04:00,6.356806191541919,6.356806191541919,5.885931527530743,6.152347564697266,70500,0.0,0.0
2008-09-25 00:00:00-04:00,6.257673299626004,6.313434246433736,6.133758508845676,6.19571590423584,85600,0.0,0.0
2008-09-26 00:00:00-04:00,6.084194585349127,6.344414775720485,6.071803457215562,6.301044940948486,58300,0.0,0.0
2008-09-29 00:00:00-04:00,6.189521902094921,6.412568119671473,6.040824817623679,6.381589412689209,119900,0.0,0.0
2008-09-30 00:00:00-04:00,6.158543195112656,6.381589412689209,6.096586372017817,6.381589412689209,117100,0.0,0.0
2008-10-01 00:00:00-04:00,6.381587837865924,6.381587837865924,6.077997884271791,6.3444132804870605,33100,0.0,0.0
2008-10-02 00:00:00-04:00,6.201910184817263,6.33821547462228,6.152344517457372,6.20810604095459,37900,0.0,0.0
2008-10-03 00:00:00-04:00,6.170934551445965,6.344414473129683,6.115173000330213,6.152347564697266,49800,0.0,0.0
2008-10-06 00:00:00-04:00,6.047018511203449,6.2824557727194685,5.954082423545572,6.245281219482422,95800,0.0,0.0
2008-10-07 00:00:00-04:00,6.0965855058583855,6.350609803457551,6.00984525680542,6.00984525680542,81300,0.0,0.0
2008-10-08 00:00:00-04:00,5.898323636619508,6.282458069797211,5.737234831808625,6.071803569793701,144300,0.0,0.0
2008-10-09 00:00:00-04:00,6.232891560856749,6.232891560856749,5.309729278962596,5.594732284545898,177800,0.0,0.0
2008-10-10 00:00:00-04:00,5.576147004244609,6.232893466949463,5.452232744546466,6.232893466949463,149900,0.0,0.0
2008-10-13 00:00:00-04:00,6.257670938510782,6.393976211547852,5.644294846366812,6.393976211547852,116200,0.0,0.0
2008-10-14 00:00:00-04:00,6.400177546577325,6.400177546577325,5.898324648905263,6.121370315551758,53200,0.0,0.0
2008-10-15 00:00:00-04:00,6.034625487287084,6.127561554782448,5.5761427784252104,5.607121467590332,284600,0.0,0.0
2008-10-16 00:00:00-04:00,5.87353839359821,6.19571590423584,5.817777446790479,6.19571590423584,199600,0.0,0.0
2008-10-17 00:00:00-04:00,6.195718091480295,6.2266968001116405,5.910715035637412,5.954084873199463,151200,0.0,0.0
2008-10-20 00:00:00-04:00,6.047019631426478,6.06560661605354,5.867343871045978,6.034627914428711,55100,0.0,0.0
2008-10-21 00:00:00-04:00,5.792996040775111,6.0656073480596255,5.792996040775111,5.966475963592529,74100,0.0,0.0
2008-10-22 00:00:00-04:00,5.978866047169312,6.022236463452444,5.842560712763913,5.88593053817749,76500,0.0,0.0
2008-10-23 00:00:00-04:00,5.9169088112942605,5.972670349014622,5.551361478122572,5.842560291290283,98300,0.0,0.0
2008-10-24 00:00:00-04:00,5.427447710500253,5.904517566249509,5.334511609939279,5.6876678466796875,73300,0.0,0.0
2008-10-27 00:00:00-04:00,5.625711110000759,5.9912585154197995,5.477014040604087,5.507992744445801,54900,0.0,0.0
2008-10-28 00:00:00-04:00,5.638101646577443,5.916908740997315,5.371685676576262,5.9169087409973145,103300,0.0,0.0
2008-10-29 00:00:00-04:00,5.9726699617196,6.059409600664892,5.737232701539069,5.873538017272949,99000,0.0,0.0
2008-10-30 00:00:00-04:00,6.034627148917025,6.19571590423584,5.867343126754804,6.19571590423584,36900,0.0,0.0
2008-10-31 00:00:00-04:00,6.146152954704574,6.474525878065528,5.910715574846038,6.412569046020508,179900,0.0,0.0
2008-11-03 00:00:00-05:00,6.356804450870232,6.47452278920361,6.127563040843502,6.418761253356934,63500,0.0,0.0
2008-11-04 00:00:00-05:00,6.443545143875689,6.536481249073744,6.270065241390079,6.363001346588135,129200,0.0,0.0
2008-11-05 00:00:00-05:00,6.263868496893754,6.412566126004591,5.854951346295341,5.9169087409973145,72200,0.0,0.0
2008-11-06 00:00:00-05:00,5.923105552700645,6.028432195268191,5.749625055939695,5.762016773223877,85600,0.0,0.0
2008-11-07 00:00:00-05:00,5.8836604804077375,6.363828659057617,5.8836604804077375,6.363828659057617,56300,0.3,0.0
2008-11-10 00:00:00-05:00,6.402242091275793,6.402242091275793,6.024509710200061,6.062923431396484,56200,0.0,0.0
2008-11-11 00:00:00-05:00,6.075725032368229,6.197367922650532,5.941277980804443,5.941277980804443,74700,0.0,0.0
2008-11-12 00:00:00-05:00,5.922072014524593,6.165357208389102,5.87085414324419,5.947680950164795,60500,0.0,0.0
2008-11-13 00:00:00-05:00,5.9092672446364904,6.607111504418088,5.762016017266524,6.568698406219482,138600,0.0,0.0
2008-11-14 00:00:00-05:00,6.4598603086110655,6.498273406997357,6.075725661357003,6.082128047943115,74000,0.0,0.0
2008-11-17 00:00:00-05:00,6.01810687940346,6.242185580360484,5.486720873715435,5.774822235107422,146900,0.0,0.0
2008-11-18 00:00:00-05:00,5.826037480301326,6.242182752937823,5.550741019919146,6.222976207733154,133300,0.0,0.0
2008-11-19 00:00:00-05:00,6.152551745126938,6.363825593100358,5.870853484684084,5.915668964385986,79100,0.0,0.0
2008-11-20 00:00:00-05:00,5.902864801198936,5.986093985305285,5.736406432986238,5.742808818817139,198700,0.0,0.0
2008-11-21 00:00:00-05:00,5.858049160108578,6.248586177825927,5.691591389697994,6.248586177825928,210100,0.0,0.0
2008-11-24 00:00:00-05:00,6.312610360329024,6.530286684920606,6.139750144695656,6.523884296417236,211700,0.0,0.0
2008-11-25 00:00:00-05:00,6.530284404754638,6.562295725528786,6.3382170906749105,6.530284404754639,303300,0.0,0.0
2008-11-26 00:00:00-05:00,6.389436535728016,6.562297344207764,6.383034758446229,6.562297344207764,98100,0.0,0.0
2008-11-28 00:00:00-05:00,6.511075749148968,6.651925148628969,6.344617423451235,6.607109069824219,25100,0.0,0.0
2008-12-01 00:00:00-05:00,6.427849381226937,6.447055931600295,5.922072410583496,5.922072410583496,156400,0.0,0.0
2008-12-02 00:00:00-05:00,6.062922116127281,6.4086430896340545,5.9220726497162985,6.357425212860107,233000,0.0,0.0
2008-12-03 00:00:00-05:00,6.1909672532329125,6.562297191827695,6.146151760474496,6.51107931137085,136500,0.0,0.0
2008-12-04 00:00:00-05:00,6.402239732223206,6.562295725528786,6.389434959687483,6.530284404754639,136800,0.0,0.0
2008-12-05 00:00:00-05:00,6.415044572169791,6.498273152265938,6.274195125622555,6.402239799499512,146000,0.0,0.0
2008-12-08 00:00:00-05:00,6.523882018486777,6.555893339260924,6.312608156168624,6.530284404754639,145600,0.0,0.0
2008-12-09 00:00:00-05:00,6.440653292866642,6.54949080412057,6.2805973031991975,6.389434814453125,131200,0.0,0.0
2008-12-10 00:00:00-05:00,6.4534576690502945,6.504675538601077,6.3446195436135895,6.402239799499512,181500,0.0,0.0
2008-12-11 00:00:00-05:00,6.395837413164372,6.517480311271356,6.267792739287415,6.402239799499512,235300,0.0,0.0
2008-12-12 00:00:00-05:00,6.33821715727845,6.498273152265938,6.178161162290962,6.402239799499512,100800,0.0,0.0
2008-12-15 00:00:00-05:00,6.421445991130648,6.459859696441852,6.165356657606397,6.319010257720947,38700,0.0,0.0
2008-12-16 00:00:00-05:00,6.43425073925593,6.459859672513495,6.210172115328383,6.338216781616211,115300,0.0,0.0
2008-12-17 00:00:00-05:00,6.306206408936628,6.395837374830709,6.229378994505755,6.267792701721191,60500,0.0,0.0
2008-12-18 00:00:00-05:00,6.242186110034208,6.395839775437818,6.133347944398636,6.287001609802246,87500,0.0,0.0
2008-12-19 00:00:00-05:00,6.370228124425798,6.536686496499128,6.216574524311247,6.319010257720947,269100,0.0,0.0
2008-12-22 00:00:00-05:00,6.357424104971753,6.421446134499644,6.210172276983828,6.389434814453125,71800,0.0,0.0
2008-12-23 00:00:00-05:00,6.434248647553145,6.479064113543592,6.370226029939707,6.466259956359863,103900,0.0,0.0
2008-12-24 00:00:00-05:00,6.491871308277789,6.555893339260924,6.41504450475893,6.530284404754639,32700,0.0,0.0
2008-12-26 00:00:00-05:00,6.549491034825239,6.555893421173096,6.3574243289109065,6.555893421173096,31100,0.0,0.0
2008-12-29 00:00:00-05:00,6.549493302577302,6.549493302577302,6.37023069672411,6.485471248626709,54900,0.0,0.0
2008-12-30 00:00:00-05:00,6.48547207281733,6.6199191969344575,6.48547207281733,6.613516807556152,123200,0.0,0.0
2008-12-31 00:00:00-05:00,6.626316222411239,6.722349543086489,6.453455512517833,6.607109069824219,169600,0.0,0.0
2009-01-02 00:00:00-05:00,6.63271939146325,6.63271939146325,6.530283665041438,6.543088436126709,82200,0.0,0.0
2009-01-05 00:00:00-05:00,6.575101967224555,6.600710907452978,6.389436387361868,6.51107931137085,70700,0.0,0.0
2009-01-06 00:00:00-05:00,6.562293816353688,6.696740836038168,6.511075962241979,6.6199140548706055,211500,0.0,0.0
2009-01-07 00:00:00-05:00,6.504675761801558,6.626318664082578,6.479066826147425,6.568698406219482,63500,0.0,0.0
2009-01-08 00:00:00-05:00,6.587905988753094,6.594308376312256,6.511079169738995,6.594308376312256,123800,0.0,0.0
2009-01-09 00:00:00-05:00,6.536687725861255,6.594307989382202,6.370229322481909,6.395838260650635,102400,0.0,0.0
2009-01-12 00:00:00-05:00,6.383035122599971,6.504677445807981,6.370230346175262,6.421448230743408,243200,0.0,0.0
2009-01-13 00:00:00-05:00,6.434250324162261,6.575099753274799,6.383032460951355,6.543088436126709,153100,0.0,0.0
2009-01-14 00:00:00-05:00,6.447054948509613,6.683937735543631,6.299803733825683,6.299803733825684,93900,0.0,0.0
2009-01-15 00:00:00-05:00,6.312607023819052,6.555892163271091,6.101333199399001,6.415043354034424,147500,0.0,0.0
2009-01-16 00:00:00-05:00,6.408642185834651,6.568698180822139,6.2165748697366325,6.402239799499512,93400,0.0,0.0
2009-01-20 00:00:00-05:00,6.338216004924893,6.338216004924893,6.101333248678978,6.107735633850098,165500,0.0,0.0
2009-01-21 00:00:00-05:00,6.222978004212096,6.376631631337027,6.056519602877468,6.370229244232178,84400,0.0,0.0
2009-01-22 00:00:00-05:00,6.242185442807649,6.28059916033521,6.024509134803905,6.190967559814453,80100,0.0,0.0
2009-01-23 00:00:00-05:00,6.050116702986561,6.254988799020822,6.050116702986561,6.171759605407715,184100,0.0,0.0
2009-01-26 00:00:00-05:00,6.197369830938719,6.306207982887749,6.126944785227397,6.254990100860596,77000,0.0,0.0
2009-01-27 00:00:00-05:00,6.293402484051963,6.338217973035562,6.050117267091262,6.33181619644165,42500,0.0,0.0
2009-01-28 00:00:00-05:00,6.370229084225201,6.472664833068848,6.203770687071663,6.472664833068848,116000,0.0,0.0
2009-01-29 00:00:00-05:00,6.415045103152351,6.479067140107443,6.286999808111733,6.293402194976807,58000,0.0,0.0
2009-01-30 00:00:00-05:00,6.338218743756091,6.338218743756091,6.094934107777487,6.165358543395996,112200,0.0,0.0
2009-02-02 00:00:00-05:00,6.114138011829621,6.523880893258419,6.114138011829621,6.479065418243408,129900,0.0,0.0
2009-02-03 00:00:00-05:00,6.517480608797713,6.543089544742165,6.280597798670228,6.4406538009643555,72500,0.0,0.0
2009-02-04 00:00:00-05:00,6.4022408032457125,6.530285497197574,6.254989557842387,6.447056293487549,70200,0.0,0.0
2009-02-05 00:00:00-05:00,6.383034610228734,6.5302858639008425,6.370229834831874,6.51107931137085,100700,0.0,0.0
2009-02-06 00:00:00-05:00,6.511079462561611,6.562297344207764,6.459861580915458,6.562297344207764,116400,0.0,0.0
2009-02-09 00:00:00-05:00,6.5494306467227945,6.594465826762022,6.414324493046801,6.581598281860352,41800,0.05,0.0
2009-02-10 00:00:00-05:00,6.536564464398506,6.5944672014095005,6.208449363708496,6.208449363708496,61000,0.0,0.0
2009-02-11 00:00:00-05:00,6.259913682335299,6.395019763931788,6.259913682335299,6.37571907043457,99700,0.0,0.0
2009-02-12 00:00:00-05:00,6.324253213501537,6.49152760778222,6.163412591360484,6.465793132781982,73400,0.0,0.0
2009-02-13 00:00:00-05:00,6.452924922679184,6.542995882665483,6.22131467157498,6.311385631561279,75200,0.0,0.0
2009-02-17 00:00:00-05:00,6.311383972942415,6.5494279329649325,6.221313036626574,6.369286060333252,169000,0.0,0.0
2009-02-18 00:00:00-05:00,6.407889843632689,6.472226332219537,6.176279589124842,6.189146518707275,134400,0.0,0.0
2009-02-19 00:00:00-05:00,6.279217480017218,6.3371201970337365,6.176279589124842,6.189146518707275,77400,0.0,0.0
2009-02-20 00:00:00-05:00,6.1119416206595005,6.234180183107136,6.07977338415494,6.105507850646973,218000,0.0,0.0
2009-02-23 00:00:00-05:00,6.137676281730484,6.221313453870607,6.060472879806854,6.111941814422607,198100,0.0,0.0
2009-02-24 00:00:00-05:00,6.195578790148127,6.195578790148127,6.021870681158347,6.105507850646973,176400,0.0,0.0
2009-02-25 00:00:00-05:00,6.111942762368277,6.156977933752369,5.854598049376047,6.002571105957031,106100,0.0,0.0
2009-02-26 00:00:00-05:00,6.054039772937251,6.266349304879713,6.028305302809623,6.1183762550354,115600,0.0,0.0
2009-02-27 00:00:00-05:00,6.009005448261944,6.2341819401411716,6.009005448261944,6.060474395751953,84900,0.0,0.0
2009-03-02 00:00:00-05:00,5.976836634657809,6.221314418779523,5.918933920845008,6.002571105957031,56200,0.0,0.0
2009-03-03 00:00:00-05:00,6.086206716510098,6.137675645793047,5.89319792492002,5.906065464019775,111600,0.0,0.0
2009-03-04 00:00:00-05:00,5.996135342093702,6.079772499411239,5.7966934091932565,6.01543664932251,72400,0.0,0.0
2009-03-05 00:00:00-05:00,5.906065958187725,5.963968661865343,5.770959854125977,5.770959854125977,116300,0.0,0.0
2009-03-06 00:00:00-05:00,5.809561909983386,5.893199089992575,5.603686152150402,5.7066240310668945,193300,0.0,0.0
2009-03-09 00:00:00-04:00,5.571518128903015,5.7452262665182765,5.436412004166093,5.46858024597168,123500,0.0,0.0
2009-03-10 00:00:00-04:00,5.584384965129019,5.815995172446784,5.526482259910052,5.597251892089844,154300,0.0,0.0
2009-03-11 00:00:00-04:00,5.635853514552135,5.8352954704872975,5.404242709520256,5.4106764793396,75700,0.0,0.0
2009-03-12 00:00:00-04:00,5.3656415419407315,5.848163254510106,5.179066504289564,5.770959854125977,119900,0.0,0.0
2009-03-13 00:00:00-04:00,5.7838279716876855,5.848164458700978,5.494315007244295,5.680890083312988,44100,0.0,0.0
2009-03-16 00:00:00-04:00,5.4878814299474765,5.738793001904652,5.275571874275342,5.320607662200928,58000,0.0,0.0
2009-03-17 00:00:00-04:00,5.333474405435936,5.790261745452881,5.236970288435006,5.790261745452881,133100,0.0,0.0
2009-03-18 00:00:00-04:00,5.770959385478552,5.899631709002893,5.487879660166964,5.809560775756836,110500,0.0,0.0
2009-03-19 00:00:00-04:00,5.893199089992575,5.893199089992575,5.558650983513976,5.7066240310668945,45800,0.0,0.0
2009-03-20 00:00:00-04:00,5.764527268573274,5.835296913411447,5.565084649762841,5.571518421173096,158500,0.0,0.0
2009-03-23 00:00:00-04:00,5.7066235132745735,5.996136424847699,5.590818103222083,5.97683572769165,127000,0.0,0.0
2009-03-24 00:00:00-04:00,5.790260136100569,5.976835160388155,5.481446556683066,5.513614177703857,76800,0.0,0.0
2009-03-25 00:00:00-04:00,5.565084654373095,5.809562446141424,5.500748780891879,5.790261745452881,78900,0.0,0.0
2009-03-26 00:00:00-04:00,5.815997195240728,5.99613853025184,5.648722791665538,5.983271598815918,137500,0.0,0.0
2009-03-27 00:00:00-04:00,5.854598532051385,5.925368180569218,5.50718283409051,5.526483535766602,64500,0.0,0.0
2009-03-30 00:00:00-04:00,5.46858038452286,5.841730526382117,5.198368128202957,5.429978370666504,70200,0.0,0.0
2009-03-31 00:00:00-04:00,5.4943143145250835,5.790261013068697,5.429977835623288,5.661588668823242,84700,0.0,0.0
2009-04-01 00:00:00-04:00,5.57795291628012,6.04760724611501,5.526483965436798,5.96397066116333,154300,0.0,0.0
2009-04-02 00:00:00-04:00,6.086207347114731,6.30495062601073,5.989703248099718,6.111941814422607,114900,0.0,0.0
2009-04-03 00:00:00-04:00,6.118376972283451,6.118376972283451,5.7902619795231605,5.918934345245361,74700,0.0,0.0
2009-04-06 00:00:00-04:00,5.861031923478067,5.938235346812994,5.706625076808212,5.764527797698975,103300,0.0,0.0
2009-04-07 00:00:00-04:00,5.693758473771426,5.873899805244871,5.629421977180329,5.803130149841309,73600,0.0,0.0
2009-04-08 00:00:00-04:00,5.861032382225577,6.240616370168,5.56508559616524,5.912501335144043,38000,0.0,0.0
2009-04-09 00:00:00-04:00,6.0604744823381,6.369288171690183,6.00257176219502,6.227748870849609,130200,0.0,0.0
2009-04-13 00:00:00-04:00,6.131242600807819,6.369286580262012,6.131242600807819,6.343552112579346,56700,0.0,0.0
2009-04-14 00:00:00-04:00,6.247048426024159,6.3499863035744335,5.861030771652486,5.867464542388916,63300,0.0,0.0
2009-04-15 00:00:00-04:00,5.854599005527883,6.202014731585163,5.803130054523716,6.195580959320068,40000,0.0,0.0
2009-04-16 00:00:00-04:00,6.221316911292467,6.2599183269275045,6.047608700259484,6.208449363708496,102300,0.0,0.0
2009-04-17 00:00:00-04:00,6.214881327014142,6.30495229318763,6.015439306030487,6.227748870849609,68800,0.0,0.0
2009-04-20 00:00:00-04:00,6.079774114847804,6.247048473928793,5.719491540659069,5.841730117797852,95100,0.0,0.0
2009-04-21 00:00:00-04:00,5.841729886254247,6.2277475282857955,5.841729886254247,6.176278591156006,70500,0.0,0.0
2009-04-22 00:00:00-04:00,6.09907429442409,6.169844539926435,5.861030317639161,5.97683572769165,54200,0.0,0.0
2009-04-23 00:00:00-04:00,6.002570534463232,6.086207711612312,5.590818419319641,5.661588668823242,91900,0.0,0.0
2009-04-24 00:00:00-04:00,5.732358193117244,5.98970349015387,5.648721017597199,5.886765003204346,67100,0.0,0.0
2009-04-27 00:00:00-04:00,5.803129480857602,5.931801845648165,5.629421328221667,5.796695709228516,67100,0.0,0.0
2009-04-28 00:00:00-04:00,5.7259261774112975,5.951103304631489,5.687324769838774,5.938235759735107,55900,0.0,0.0
2009-04-29 00:00:00-04:00,5.951101531044581,6.176278591156006,5.854597427315758,6.176278591156006,98400,0.0,0.0
2009-04-30 00:00:00-04:00,6.247050577448794,6.247050577448794,5.9961389543398225,6.009006500244141,64500,0.0,0.0
2009-05-01 00:00:00-04:00,6.021873295210353,6.054041545678921,5.687325085588951,5.745227813720703,67800,0.0,0.0
2009-05-04 00:00:00-04:00,5.783828342824466,6.066908167577767,5.674456676018634,6.060474395751953,80100,0.0,0.0
2009-05-05 00:00:00-04:00,6.002572184868761,6.047607364347547,5.745227425620982,5.803130149841309,63200,0.0,0.0
2009-05-06 00:00:00-04:00,5.886764169871441,5.899631709002893,5.577950593413021,5.809560775756836,133300,0.0,0.0
2009-05-07 00:00:00-04:00,5.854597419196302,5.9124995132184175,5.674455525933741,5.822429180145264,103100,0.0,0.0
2009-05-08 00:00:00-04:00,5.796696491307688,5.983271598815918,5.770962014877529,5.983271598815918,82200,0.0,0.0
2009-05-11 00:00:00-04:00,5.989844365261152,6.101619781008495,5.924094526437541,5.970119476318359,49600,0.2,0.0
2009-05-12 00:00:00-04:00,6.022719641774312,6.035869985859938,5.884644164089839,5.950394630432129,33200,0.0,0.0
2009-05-13 00:00:00-04:00,5.884644985198975,5.963545179593245,5.871495266321432,5.884644985198975,75200,0.0,0.0
2009-05-14 00:00:00-04:00,5.891220790261263,6.14764691983829,5.891220790261263,6.068746089935303,90800,0.0,0.0
2009-05-15 00:00:00-04:00,6.10162134134942,6.1476469300430745,5.884645626363717,5.930671215057373,76400,0.0,0.0
2009-05-18 00:00:00-04:00,6.009571569648204,6.121347016799087,5.917521016981863,6.114771842956543,64500,0.0,0.0
2009-05-19 00:00:00-04:00,6.114771264747724,6.114771264747724,5.8846452183639855,5.924095630645752,62500,0.0,0.0
2009-05-20 00:00:00-04:00,5.989845302716377,5.996420475740676,5.858344977445466,5.956970691680908,70000,0.0,0.0
2009-05-21 00:00:00-04:00,5.864918868109428,5.9701191053242,5.838618808805736,5.943819046020508,60200,0.0,0.0
2009-05-22 00:00:00-04:00,5.943818257841959,6.035868766719988,5.884642975494854,5.910943031311035,65800,0.0,0.0
2009-05-26 00:00:00-04:00,5.871496054170237,6.114771842956543,5.871496054170237,6.114771842956543,66100,0.0,0.0
2009-05-27 00:00:00-04:00,6.068745257546147,6.068745257546147,5.897795154985387,5.917520046234131,79400,0.0,0.0
2009-05-28 00:00:00-04:00,5.943819781500162,6.0358703139747245,5.858344421425843,5.996419906616211,86300,0.0,0.0
2009-05-29 00:00:00-04:00,5.996420635700396,6.049020767211915,5.858345133721902,6.049020767211914,94700,0.0,0.0
2009-06-01 00:00:00-04:00,6.101621756665509,6.1805219650268555,6.016146374179938,6.1805219650268555,171300,0.0,0.0
2009-06-02 00:00:00-04:00,6.160796805768168,6.160796805768168,5.996421221963117,6.114771842956543,75700,0.0,0.0
2009-06-03 00:00:00-04:00,6.049018365264714,6.14764404296875,5.930668429879762,6.14764404296875,168900,0.0,0.0
2009-06-04 00:00:00-04:00,6.160795044542205,6.3251705813561685,6.134494983733687,6.3185954093933105,76600,0.0,0.0
2009-06-05 00:00:00-04:00,6.338322117568296,6.344896663724965,6.022720701456155,6.049020767211914,35500,0.0,0.0
2009-06-08 00:00:00-04:00,6.068746301490432,6.180521749532545,5.970121201238258,6.0950469970703125,103000,0.0,0.0
2009-06-09 00:00:00-04:00,6.147644900295817,6.2133947342249485,6.016143978351819,6.062169551849365,82100,0.0,0.0
2009-06-10 00:00:00-04:00,6.127919035063437,6.127919035063437,5.832043231708836,5.937243461608887,119600,0.0,0.0
2009-06-11 00:00:00-04:00,5.950395023550403,6.016144867193597,5.851769317521171,5.864919662475586,62800,0.0,0.0
2009-06-12 00:00:00-04:00,5.864919573678423,5.983270168304443,5.851769228923111,5.983270168304443,65900,0.0,0.0
2009-06-15 00:00:00-04:00,5.884643988912551,5.943819281450465,5.8320438682217155,5.904368877410889,57500,0.0,0.0
2009-06-16 00:00:00-04:00,5.937245322169415,5.976695734265964,5.81889533996582,5.81889533996582,49300,0.0,0.0
2009-06-17 00:00:00-04:00,5.838618808805736,6.009569507801178,5.8188939210886845,5.943819046020508,42600,0.0,0.0
2009-06-18 00:00:00-04:00,5.950394366598014,5.950394366598014,5.878068731419754,5.897794246673584,23300,0.0,0.0
2009-06-19 00:00:00-04:00,5.963543933737559,6.081894514125615,5.90436864354353,5.943819046020508,218500,0.0,0.0
2009-06-22 00:00:00-04:00,5.884645487156199,5.917520727718804,5.7531451519488375,5.759720325469971,73400,0.0,0.0
2009-06-23 00:00:00-04:00,5.786020388222227,5.83204534874992,5.667669773101807,5.667669773101807,40100,0.0,0.0
2009-06-24 00:00:00-04:00,5.753145147683993,5.825470175233662,5.654520053112348,5.667669773101807,62300,0.0,0.0
2009-06-25 00:00:00-04:00,5.641368814594213,5.864919662475586,5.641368814594213,5.864919662475586,113400,0.0,0.0
2009-06-26 00:00:00-04:00,5.812319975486823,6.01614532132233,5.753144672811029,5.976695537567139,256000,0.0,0.0
2009-06-29 00:00:00-04:00,5.956970487130759,5.956970487130759,5.753144519677552,5.805744647979736,75400,0.0,0.0
2009-06-30 00:00:00-04:00,5.8254697393669845,6.029295713819156,5.753144717228736,5.956970691680908,133400,0.0,0.0
2009-07-01 00:00:00-04:00,5.996421680423264,6.081897065782136,5.8977965734170255,6.0095720291137695,70900,0.0,0.0
2009-07-02 00:00:00-04:00,5.93724465924408,6.0292951924960745,5.759719392238828,5.772869110107422,82500,0.0,0.0
2009-07-06 00:00:00-04:00,5.7794440016000905,5.904369136971913,5.7202687064607805,5.8320441246032715,82500,0.0,0.0
2009-07-07 00:00:00-04:00,5.864918889736881,5.864918889736881,5.707118533332818,5.720268249511719,99800,0.0,0.0
2009-07-08 00:00:00-04:00,5.772869866553073,5.917520544319603,5.733420080735044,5.792595386505127,61400,0.0,0.0
2009-07-09 00:00:00-04:00,5.81231923523781,5.976694776383482,5.81231923523781,5.8320441246032715,56300,0.0,0.0
2009-07-10 00:00:00-04:00,5.786019898966888,5.930670568877886,5.786019898966888,5.884644985198975,29600,0.0,0.0
2009-07-13 00:00:00-04:00,5.891220016094692,6.088470810845243,5.845195060568661,6.0227203369140625,67300,0.0,0.0
2009-07-14 00:00:00-04:00,5.943820430107992,6.01614545327415,5.924095537797771,5.963545322418213,48100,0.0,0.0
2009-07-15 00:00:00-04:00,6.016146116447658,6.114771842956543,5.943821085308947,6.114771842956543,83700,0.0,0.0
2009-07-16 00:00:00-04:00,6.068744471849637,6.213395118713379,5.937244168811192,6.213395118713379,44900,0.0,0.0
2009-07-17 00:00:00-04:00,6.233120007408419,6.2396951793210675,6.0227195225469075,6.213395118713379,67500,0.0,0.0
2009-07-20 00:00:00-04:00,6.239697278058644,6.239697278058644,6.095047209584401,6.1805219650268555,38500,0.0,0.0
2009-07-21 00:00:00-04:00,6.21997188457276,6.21997188457276,6.00957134579344,6.16737174987793,43000,0.0,0.0
2009-07-22 00:00:00-04:00,6.121346968728727,6.239696961749671,6.049021311114894,6.2265472412109375,51000,0.0,0.0
2009-07-23 00:00:00-04:00,6.1739455799011,6.404070962350312,6.167370407734369,6.377770900726318,82700,0.0,0.0
2009-07-24 00:00:00-04:00,6.31202198513301,6.364622116088867,6.2594218541771545,6.364622116088867,38800,0.0,0.0
2009-07-27 00:00:00-04:00,6.338320702869742,6.377770479176768,6.173945171823728,6.246270179748535,49400,0.0,0.0
2009-07-28 00:00:00-04:00,6.187096813963616,6.48954791030715,6.075321367899066,6.456672668457031,84300,0.0,0.0
2009-07-29 00:00:00-04:00,6.423797607421874,6.502697806155517,6.371196847889739,6.423797607421875,86200,0.0,0.0
2009-07-30 00:00:00-04:00,6.489547592624989,6.640773446915354,6.37777215203217,6.410647392272949,127700,0.0,0.0
2009-07-31 00:00:00-04:00,6.3646196301582725,6.548720016596758,6.3646196301582725,6.3909196853637695,73200,0.0,0.0
2009-08-03 00:00:00-04:00,6.457010499791268,6.542927173967775,6.318221104935708,6.338047981262207,51500,0.05,0.0
2009-08-04 00:00:00-04:00,6.278569024099161,6.44379452473335,6.278569024099161,6.324831962585449,34600,0.0,0.0
2009-08-05 00:00:00-04:00,6.331438554769343,6.331438554769343,6.0142060253132215,6.067078113555908,101500,0.0,0.0
2009-08-06 00:00:00-04:00,6.113342411459251,6.119951581550886,5.954726110970906,6.053861141204834,64800,0.0,0.0
2009-08-07 00:00:00-04:00,6.100123318153,6.146386872797585,6.014206638709641,6.047251224517822,82200,0.0,0.0
2009-08-10 00:00:00-04:00,6.027426506642389,6.152998246732919,5.961336681060534,6.014208793640137,56400,0.0,0.0
2009-08-11 00:00:00-04:00,5.974554192058337,6.093516756482872,5.862200799054114,6.040644645690918,46900,0.0,0.0
2009-08-12 00:00:00-04:00,6.06046960627825,6.285176320972374,6.034033559272181,6.192649841308594,61200,0.0,0.0
2009-08-13 00:00:00-04:00,6.205868901886693,6.225695781876449,6.014207381225323,6.053861141204834,30700,0.0,0.0
2009-08-14 00:00:00-04:00,6.027424937099924,6.093515375757115,5.882026350225184,5.9679436683654785,88700,0.0,0.0
2009-08-17 00:00:00-04:00,5.882027814456154,5.9943812099707685,5.882027814456154,5.961336612701416,33000,0.0,0.0
2009-08-18 00:00:00-04:00,6.00759805761682,6.00759805761682,5.888635520147929,5.9679436683654785,68800,0.0,0.0
2009-08-19 00:00:00-04:00,5.915072717160859,6.119952612519618,5.915072717160859,6.086907386779785,36200,0.0,0.0
2009-08-20 00:00:00-04:00,6.100124231267805,6.166214673347254,6.040643589738503,6.159605503082275,23100,0.0,0.0
2009-08-21 00:00:00-04:00,6.232305748781778,6.410748952074226,6.08690713960203,6.3909220695495605,109300,0.0,0.0
2009-08-24 00:00:00-04:00,6.3975323331012115,6.4305769328574955,6.2587428711546655,6.291788101196289,21000,0.0,0.0
2009-08-25 00:00:00-04:00,6.318221625239661,6.318221625239661,6.1199509547920306,6.2455220222473145,23500,0.0,0.0
2009-08-26 00:00:00-04:00,6.21908529524528,6.26534821552287,6.152995499175155,6.252130508422852,31200,0.0,0.0
2009-08-27 00:00:00-04:00,6.2058682773025104,6.278567250138322,6.073687409913633,6.2653489112854,29300,0.0,0.0
2009-08-28 00:00:00-04:00,6.298394622126804,6.318222131961295,6.014207247635613,6.093515396118164,58800,0.0,0.0
2009-08-31 00:00:00-04:00,6.0274243469758995,6.133168534246255,5.981161422616387,6.047251224517822,84500,0.0,0.0
2009-09-01 00:00:00-04:00,6.007599634583456,6.080298631961403,5.8555918378846386,5.888637065887451,78300,0.0,0.0
2009-09-02 00:00:00-04:00,5.888636096987578,5.901854438127914,5.829154822426459,5.848982334136963,40500,0.0,0.0
2009-09-03 00:00:00-04:00,5.855591842196226,5.915073126588026,5.848983300819038,5.908463954925537,24000,0.0,0.0
2009-09-04 00:00:00-04:00,5.8820272838542635,6.047252776437644,5.848982689565775,5.948117733001709,48400,0.0,0.0
2009-09-08 00:00:00-04:00,5.941507957690894,6.020816110429879,5.8820266855653625,6.007598400115967,41900,0.0,0.0
2009-09-09 00:00:00-04:00,5.98777125054591,6.07368793944009,5.928289981092137,6.000988960266113,38800,0.0,0.0
2009-09-10 00:00:00-04:00,5.994381076034,6.040644645690918,5.8820276830297775,6.040644645690918,32300,0.0,0.0
2009-09-11 00:00:00-04:00,6.027425330890836,6.100124313935295,5.89524507522583,5.89524507522583,22800,0.0,0.0
2009-09-14 00:00:00-04:00,5.908463669208091,6.007599348495589,5.9018551281504745,5.987772464752197,31200,0.0,0.0
2009-09-15 00:00:00-04:00,5.9613349513797385,5.994379539440131,5.822545538556692,5.842372417449951,77100,0.0,0.0
2009-09-16 00:00:00-04:00,5.8555906915603115,5.948117185797605,5.848982151481715,5.915071964263916,147100,0.0,0.0
2009-09-17 00:00:00-04:00,5.915071964263916,5.921681134627689,5.882026742730227,5.915071964263916,31200,0.0,0.0
2009-09-18 00:00:00-04:00,5.915073181913306,5.928291525361919,5.855591896965161,5.90185546875,123700,0.0,0.0
2009-09-21 00:00:00-04:00,5.848981607351744,5.915071413985619,5.848981607351744,5.882026195526123,35800,0.0,0.0
2009-09-22 00:00:00-04:00,5.9018546547536666,5.94150841905976,5.848982548822062,5.8622002601623535,40900,0.0,0.0
2009-09-23 00:00:00-04:00,5.855591699672004,5.88202775539321,5.78289270401001,5.78289270401001,206100,0.0,0.0
2009-09-24 00:00:00-04:00,5.809327249074433,5.8225455886403825,5.6969738839043425,5.7498459815979,58100,0.0,0.0
2009-09-25 00:00:00-04:00,5.723411560058594,5.895246241562067,5.584622106580451,5.723411560058594,127200,0.0,0.0
2009-09-28 00:00:00-04:00,5.73662855043577,5.862199630974526,5.730019380332375,5.77628231048584,71200,0.0,0.0
2009-09-29 00:00:00-04:00,5.749845713570037,5.829153856413441,5.558184210793873,5.571402549743652,72600,0.0,0.0
2009-09-30 00:00:00-04:00,5.630885056685423,5.677147992645604,5.511922501033265,5.597839832305908,141900,0.0,0.0
2009-10-01 00:00:00-04:00,5.584620118190851,5.677146597660899,5.485485099696931,5.525138854980469,104700,0.0,0.0
2009-10-02 00:00:00-04:00,5.472266468099344,5.617665033686331,5.465657929429286,5.478875637054443,64200,0.0,0.0
2009-10-05 00:00:00-04:00,5.478876749003767,5.61105700350681,5.452440698103159,5.584620952606201,70300,0.0,0.0
2009-10-06 00:00:00-04:00,5.789500335930376,5.789500335930376,5.485485460839462,5.604447364807129,38400,0.0,0.0
2009-10-07 00:00:00-04:00,5.6044481664948185,5.657320901725433,5.43261414056485,5.498703956604004,41700,0.0,0.0
2009-10-08 00:00:00-04:00,5.518530315956596,5.624274503759465,5.459049052746214,5.525138854980469,123600,0.0,0.0
2009-10-09 00:00:00-04:00,5.538357620701498,5.630884107306938,5.531748450882868,5.617665767669678,52300,0.0,0.0
2009-10-12 00:00:00-04:00,5.584620118190851,5.637492212092285,5.525138854980469,5.525138854980469,18500,0.0,0.0
2009-10-13 00:00:00-04:00,5.538358487279473,5.630884988362385,5.426005103923518,5.564794540405273,50900,0.0,0.0
2009-10-14 00:00:00-04:00,5.617666173803254,5.657320565296752,5.452440698103159,5.584620952606201,62100,0.0,0.0
2009-10-15 00:00:00-04:00,5.564795217178767,5.578012930206553,5.399569707476987,5.5185322761535645,54600,0.0,0.0
2009-10-16 00:00:00-04:00,5.49870380163725,5.51192214264368,5.3929595947265625,5.3929595947265625,66700,0.0,0.0
2009-10-19 00:00:00-04:00,5.406177250567686,5.4127857899481615,5.307041596439228,5.3995680809021,68700,0.0,0.0
2009-10-20 00:00:00-04:00,5.353305136811407,5.584620401806278,5.353305136811407,5.551575183868408,77000,0.0,0.0
2009-10-21 00:00:00-04:00,5.51853165752486,5.584621475825707,5.406178273099666,5.432614326477051,58300,0.0,0.0
2009-10-22 00:00:00-04:00,5.439221544819369,5.544966362907314,5.386349450917935,5.525138854980469,47100,0.0,0.0
2009-10-23 00:00:00-04:00,5.525140555325587,5.6176670632703845,5.366524224807594,5.386351108551025,50400,0.0,0.0
2009-10-26 00:00:00-04:00,5.406177364520877,5.604447416386775,5.320260047912598,5.320260047912598,80600,0.0,0.0
2009-10-27 00:00:00-04:00,5.32026175345533,5.426005983092128,5.287216524122499,5.366524696350098,382400,0.0,0.0
2009-10-28 00:00:00-04:00,5.373133396150494,5.630885405956185,5.359915053464693,5.386351108551025,126600,0.0,0.0
2009-10-29 00:00:00-04:00,5.452440938694307,5.538358265483714,5.41939571603912,5.426004886627197,135400,0.0,0.0
2009-10-30 00:00:00-04:00,5.386349855106189,5.41278590404065,5.293823998978136,5.320260047912598,434000,0.0,0.0
2009-11-02 00:00:00-05:00,5.366524224807594,5.432614677666059,5.287216059548597,5.386351108551025,92900,0.0,0.0
2009-11-03 00:00:00-05:00,5.359914583339007,5.518531530229754,5.3004339373258444,5.511922359466553,507300,0.0,0.0
2009-11-04 00:00:00-05:00,5.52513992430756,5.52513992430756,5.373132782492977,5.426004886627197,103400,0.0,0.0
2009-11-05 00:00:00-05:00,5.452442040501327,5.518532499166989,5.353306982788161,5.366524696350098,193900,0.0,0.0
2009-11-06 00:00:00-05:00,5.468162472751571,5.495266103307654,5.400403396361363,5.413955211639404,90200,0.2,0.0
2009-11-09 00:00:00-05:00,5.474938238900148,5.5562491260677955,5.454610678658609,5.515594005584717,83200,0.0,0.0
2009-11-10 00:00:00-05:00,5.495265261922466,5.542697092784423,5.468161635516244,5.481713771820068,62900,0.0,0.0
2009-11-11 00:00:00-05:00,5.52914523199672,5.542697368975844,5.420730720969562,5.508817672729492,41200,0.0,0.0
2009-11-12 00:00:00-05:00,5.495265887205221,5.502041956128153,5.352971993931902,5.420731067657471,108900,0.0,0.0
2009-11-13 00:00:00-05:00,5.447834834082327,5.576576915846542,5.393627573739339,5.549473285675049,171200,0.0,0.0
2009-11-16 00:00:00-05:00,5.569801251756905,5.739199094543416,5.535921553959305,5.684991836547852,67400,0.0,0.0
2009-11-17 00:00:00-05:00,5.6782157755669465,5.732423033637155,5.651112146531843,5.705319404602051,49800,0.0,0.0
2009-11-18 00:00:00-05:00,5.6917674066983714,5.7053195446493286,5.5969050258476845,5.624008655548096,40500,0.0,0.0
2009-11-19 00:00:00-05:00,5.59690533200725,5.637560455681014,5.441058968053715,5.522369861602783,70100,0.0,0.0
2009-11-20 00:00:00-05:00,5.48171423860633,5.705319337048734,5.48171423860633,5.651112079620361,64000,0.0,0.0
2009-11-23 00:00:00-05:00,5.6578876903921955,5.739198569953341,5.644335554031291,5.691766738891602,70900,0.0,0.0
2009-11-24 00:00:00-05:00,5.678215767748035,5.725646956943781,5.549473045357453,5.684991836547852,43100,0.0,0.0
2009-11-25 00:00:00-05:00,5.705319131430003,5.72564669068267,5.651111875955252,5.678215503692627,54000,0.0,0.0
2009-11-27 00:00:00-05:00,5.529144678226434,5.678214939059405,5.4546098709106445,5.4546098709106445,37300,0.0,0.0
2009-11-30 00:00:00-05:00,5.441059126301663,5.617233057215929,5.441059126301663,5.603681564331055,108000,0.0,0.0
2009-12-01 00:00:00-05:00,5.657888839552903,5.68499247157824,5.569801873920165,5.644336700439453,48500,0.0,0.0
2009-12-02 00:00:00-05:00,5.657888096748423,5.698543216348181,5.60368083981443,5.63755989074707,62400,0.0,0.0
2009-12-03 00:00:00-05:00,5.67143803762239,5.7053177254956635,5.529143865515679,5.542695999145508,288400,0.0,0.0
2009-12-04 00:00:00-05:00,5.610456931855272,5.691767826960241,5.515594544000251,5.5698018074035645,63100,0.0,0.0
2009-12-07 00:00:00-05:00,5.5562491260677955,5.617232452993903,5.481714307714491,5.515594005584717,48400,0.0,0.0
2009-12-08 00:00:00-05:00,5.474938457346254,5.596905116064851,5.4546108962936595,5.52914571762085,75500,0.0,0.0
2009-12-09 00:00:00-05:00,5.549473598976157,5.59690543910522,5.488490912298595,5.5698018074035645,31200,0.0,0.0
2009-12-10 00:00:00-05:00,5.590128839658617,5.6172324687907205,5.522369443727613,5.556249141693115,75000,0.0,0.0
2009-12-11 00:00:00-05:00,5.590129032717622,5.610456593718353,5.461386951444306,5.488490581512451,118500,0.0,0.0
2009-12-14 00:00:00-05:00,5.535921300486282,5.549472791263947,5.481714044972703,5.508817672729492,66500,0.0,0.0
2009-12-15 00:00:00-05:00,5.5155943687690865,5.5155943687690865,5.4478349685668945,5.4478349685668945,71900,0.0,0.0
2009-12-16 00:00:00-05:00,5.49526545661712,5.515593661793074,5.407178829226389,5.4342827796936035,89000,0.0,0.0
2009-12-17 00:00:00-05:00,5.420733145283061,5.481716496559775,5.346197974067175,5.359749794006348,74800,0.0,0.0
2009-12-18 00:00:00-05:00,5.420730855018411,5.515593877613764,5.319092086866668,5.427506923675537,397400,0.0,0.0
2009-12-21 00:00:00-05:00,5.393625965498205,5.508816520930558,5.30553903215574,5.319090843200684,150400,0.0,0.0
2009-12-22 00:00:00-05:00,5.319091422598789,5.488489563763783,5.291987797556557,5.4546098709106445,170100,0.0,0.0
2009-12-23 00:00:00-05:00,5.481714883503804,5.502042445880513,5.427507619698208,5.441059112548828,67200,0.0,0.0
2009-12-24 00:00:00-05:00,5.4546098709106445,5.556248303268665,5.434282313679319,5.4546098709106445,39200,0.0,0.0
2009-12-28 00:00:00-05:00,5.48849080727516,5.569801700824227,5.4207314062168335,5.522369861602783,32900,0.0,0.0
2009-12-29 00:00:00-05:00,5.549471419759124,5.556247486574038,5.488488757028789,5.542695999145508,30500,0.0,0.0
2009-12-30 00:00:00-05:00,5.508817741520691,5.583352557232248,5.4749380448512674,5.563024997711182,45800,0.0,0.0
2009-12-31 00:00:00-05:00,5.542696763106947,5.657887330032254,5.5155931383128385,5.590127944946289,72200,0.0,0.0
2010-01-04 00:00:00-05:00,5.637560001150617,5.705319396745817,5.535921553959305,5.684991836547852,61500,0.0,0.0
2010-01-05 00:00:00-05:00,5.691767295269325,5.691767295269325,5.556249149420339,5.5765767097473145,90700,0.0,0.0
2010-01-06 00:00:00-05:00,5.576577328591716,5.62400916955359,5.441059167703998,5.474938869476318,63900,0.0,0.0
2010-01-07 00:00:00-05:00,5.454610485330201,5.590128625806427,5.434282925809133,5.563024997711182,49800,0.0,0.0
2010-01-08 00:00:00-05:00,5.563025210526514,5.583352770825218,5.522369443727613,5.556249141693115,21100,0.0,0.0
2010-01-11 00:00:00-05:00,5.603681185149554,5.6104566080327425,5.508818156568255,5.52914571762085,25700,0.0,0.0
2010-01-12 00:00:00-05:00,5.515594021095706,5.57657670199182,5.502041883428909,5.556249141693115,46400,0.0,0.0
2010-01-13 00:00:00-05:00,5.583352977895444,5.65788844542415,5.508818156568255,5.52914571762085,63500,0.0,0.0
2010-01-14 00:00:00-05:00,5.529146036750304,5.6036815085810225,5.529146036750304,5.5698018074035645,53200,0.0,0.0
2010-01-15 00:00:00-05:00,5.610456615111288,5.617232684204541,5.529145724596807,5.549473285675049,87900,0.0,0.0
2010-01-19 00:00:00-05:00,5.549473045357453,5.684991836547852,5.549473045357453,5.684991836547852,78700,0.0,0.0
2010-01-20 00:00:00-05:00,5.630785257049036,5.705320084223842,5.529146151408956,5.657888889312744,69100,0.0,0.0
2010-01-21 00:00:00-05:00,5.684992075561447,5.684992075561447,5.515594225652958,5.52914571762085,55100,0.0,0.0
2010-01-22 00:00:00-05:00,5.542697855790256,5.624008746202149,5.502042087483551,5.52914571762085,50400,0.0,0.0
2010-01-25 00:00:00-05:00,5.576577123968828,5.59690533200725,5.495266230419761,5.522369861602783,31900,0.0,0.0
2010-01-26 00:00:00-05:00,5.502042545841758,5.522370108587779,5.359748314216473,5.407179832458496,61200,0.0,0.0
2010-01-27 00:00:00-05:00,5.380075469377761,5.664663570876714,5.380075469377761,5.651112079620361,51300,0.0,0.0
2010-01-28 00:00:00-05:00,5.644336998560968,5.644336998560968,5.454611564362722,5.461387634277344,100100,0.0,0.0
2010-01-29 00:00:00-05:00,5.461386965378362,5.52914571762085,5.413955127986956,5.52914571762085,69000,0.0,0.0
2010-02-01 00:00:00-05:00,5.535922203426183,5.535922203426183,5.413955535526455,5.474938869476318,133900,0.0,0.0
2010-02-02 00:00:00-05:00,5.461386213565759,5.515593466378202,5.4139543827038015,5.481713771820068,121100,0.0,0.0
2010-02-03 00:00:00-05:00,5.474938443377622,5.535921772581329,5.468162374310207,5.488490581512451,81800,0.0,0.0
2010-02-04 00:00:00-05:00,5.502042073445768,5.522369634446499,5.461386951444306,5.488490581512451,113200,0.0,0.0
2010-02-05 00:00:00-05:00,5.488490912298595,5.5698018074035645,5.468162703871189,5.5698018074035645,127800,0.0,0.0
2010-02-08 00:00:00-05:00,5.58343609674786,5.64479264454008,5.522080199111914,5.535714626312256,72100,0.05,0.0
2010-02-09 00:00:00-05:00,5.5834354020073205,5.685696518988875,5.569800976503495,5.672061443328857,77900,0.0,0.0
2010-02-10 00:00:00-05:00,5.631157056920898,5.6720609802490785,5.467540063295899,5.603887557983398,84100,0.0,0.0
2010-02-11 00:00:00-05:00,5.597070559254262,5.692514139797062,5.597070559254262,5.685696601867676,87100,0.0,0.0
2010-02-12 00:00:00-05:00,5.6311575952982595,5.665244634768125,5.569801054283744,5.624340057373047,44300,0.0,0.0
2010-02-16 00:00:00-05:00,5.672062199115577,5.692514815330858,5.631158266997573,5.678879737854004,40200,0.0,0.0
2010-02-17 00:00:00-05:00,5.7061483679490435,5.7061483679490435,5.644791829021175,5.692513942718506,84600,0.0,0.0
2010-02-18 00:00:00-05:00,5.692514871756775,5.719784376824508,5.631158322815304,5.699331760406494,64900,0.0,0.0
2010-02-19 00:00:00-05:00,5.6993310275702465,5.733418067060976,5.58343548339549,5.685696601867676,59600,0.0,0.0
2010-02-22 00:00:00-05:00,5.685696518988875,5.74705305914657,5.651609479995024,5.672061443328857,105700,0.0,0.0
2010-02-23 00:00:00-05:00,5.637975471102202,5.692514477459977,5.610705317767073,5.651609897613525,54200,0.0,0.0
2010-02-24 00:00:00-05:00,5.678878724035023,5.699330686442849,5.569800724318401,5.658426761627197,30600,0.0,0.0
2010-02-25 00:00:00-05:00,5.597070359946961,5.658426898814175,5.474357282212535,5.631157398223877,43000,0.0,0.0
2010-02-26 00:00:00-05:00,5.651609897613525,5.726600868816408,5.590253352921967,5.651609897613525,68800,0.0,0.0
2010-03-01 00:00:00-05:00,5.685696601867676,5.706148565499633,5.624340060815604,5.685696601867676,186800,0.0,0.0
2010-03-02 00:00:00-05:00,5.706147877839573,5.760686874389648,5.631156920122252,5.760686874389648,87200,0.0,0.0
2010-03-03 00:00:00-05:00,5.787957814415698,5.787957814415698,5.658427827883037,5.699331760406494,60300,0.0,0.0
2010-03-04 00:00:00-05:00,5.706149578094482,5.706149578094482,5.624341058892979,5.706149578094482,63800,0.0,0.0
2010-03-05 00:00:00-05:00,5.71978376121349,5.7947747295395295,5.6788791829362415,5.787957191467285,62000,0.0,0.0
2010-03-08 00:00:00-05:00,5.794774951255101,5.842496419274264,5.6993313650605355,5.835679531097412,120300,0.0,0.0
2010-03-09 00:00:00-05:00,5.787957195691453,5.910670280456543,5.781139657614233,5.910670280456543,116400,0.0,0.0
2010-03-10 00:00:00-05:00,5.897036552429199,5.951575569202741,5.787958518882116,5.897036552429199,101500,0.0,0.0
2010-03-11 00:00:00-05:00,5.862948072824032,5.978843604856229,5.862948072824032,5.965208530426025,144800,0.0,0.0
2010-03-12 00:00:00-05:00,5.9720280315693355,5.999297539241309,5.910671476768308,5.985662460327148,62600,0.0,0.0
2010-03-15 00:00:00-04:00,5.985662460327148,5.999297539241309,5.931123444983201,5.985662460327148,101400,0.0,0.0
2010-03-16 00:00:00-04:00,5.985660916110569,6.053834992780721,5.965208953171995,6.006113529205322,20800,0.0,0.0
2010-03-17 00:00:00-04:00,6.026567642020715,6.094741092854421,5.97884616142148,6.081106662750244,85100,0.0,0.0
2010-03-18 00:00:00-04:00,5.958391397811615,6.115191513625699,5.958391397811615,6.074286937713623,28800,0.0,0.0
2010-03-19 00:00:00-04:00,6.128824813502608,6.2038164138793945,6.087920895257142,6.2038164138793945,218000,0.0,0.0
2010-03-22 00:00:00-04:00,6.149277355189511,6.340163821934297,6.122007209784205,6.251537799835205,80500,0.0,0.0
2010-03-23 00:00:00-04:00,6.217453329062639,6.340166433305058,6.15609677694143,6.306079387664795,58900,0.0,0.0
2010-03-24 00:00:00-04:00,6.237904830728973,6.30607891692035,6.156096317393082,6.183365821838379,42700,0.0,0.0
2010-03-25 00:00:00-04:00,6.203815915139263,6.2651717875749116,6.047015840721032,6.142459392547607,70200,0.0,0.0
2010-03-26 00:00:00-04:00,6.162912368774414,6.20381694064917,6.115190910050626,6.162912368774414,35400,0.0,0.0
2010-03-29 00:00:00-04:00,6.162913242912018,6.210634708404541,6.128826203207557,6.210634708404541,46200,0.0,0.0
2010-03-30 00:00:00-04:00,6.237904969178521,6.237904969178521,6.190183497879147,6.2174530029296875,40400,0.0,0.0
2010-03-31 00:00:00-04:00,6.203815657970305,6.340163119101921,6.190180586779155,6.265171527862549,100800,0.0,0.0
2010-04-01 00:00:00-04:00,6.306078967421436,6.333348472085115,6.244722419389088,6.326530933380127,58100,0.0,0.0
2010-04-05 00:00:00-04:00,6.367436264528199,6.401523311906916,6.3128972487847905,6.394705772399902,26400,0.0,0.0
2010-04-06 00:00:00-04:00,6.3469830158668215,6.442425949087112,6.326530401471427,6.428791522979736,38300,0.0,0.0
2010-04-07 00:00:00-04:00,6.40151973529748,6.531049662778989,6.40151973529748,6.5105977058410645,92500,0.0,0.0
2010-04-08 00:00:00-04:00,6.469695031607011,6.496964532208327,6.428791105783126,6.449243068695068,16100,0.0,0.0
2010-04-09 00:00:00-04:00,6.428792451707354,6.510600970638636,6.394705406280241,6.435609340667725,35100,0.0,0.0
2010-04-12 00:00:00-04:00,6.435606730228665,6.476511298180573,6.2379027271325524,6.251537799835205,31700,0.0,0.0
2010-04-13 00:00:00-04:00,6.258358662702216,6.340167191933804,6.251541122727152,6.312897682189941,27500,0.0,0.0
2010-04-14 00:00:00-04:00,6.353798497867525,6.558320045471191,6.319712115063645,6.558320045471191,54300,0.0,0.0
2010-04-15 00:00:00-04:00,6.5310498156185055,6.612858295440674,6.5310498156185055,6.612858295440674,25900,0.0,0.0
2010-04-16 00:00:00-04:00,6.612858990405238,6.646946023119114,6.41515498085204,6.59922456741333,87200,0.0,0.0
2010-04-19 00:00:00-04:00,6.558319155414885,6.674214661656441,6.4901457489031396,6.5105977058410645,23700,0.0,0.0
2010-04-20 00:00:00-04:00,6.558321785157762,6.783295352152357,6.510600316448682,6.776477813720703,48100,0.0,0.0
2010-04-21 00:00:00-04:00,6.762843470186132,6.762843470186132,6.640130377532173,6.728756427764893,17700,0.0,0.0
2010-04-22 00:00:00-04:00,6.653765451004218,6.85146951675415,6.537869896927748,6.85146951675415,39700,0.0,0.0
2010-04-23 00:00:00-04:00,6.851469907554682,6.89919137954712,6.749208774512795,6.899191379547119,60600,0.0,0.0
2010-04-26 00:00:00-04:00,6.871919912691165,6.953728405680809,6.871919912691165,6.878737449645996,66700,0.0,0.0
2010-04-27 00:00:00-04:00,6.91282572233081,7.069625199437593,6.681034625602328,6.824199676513672,74300,0.0,0.0
2010-04-28 00:00:00-04:00,6.885556386552399,6.919642777944683,6.374252713793248,6.483330726623535,63300,0.0,0.0
2010-04-29 00:00:00-04:00,6.442426147536287,6.476513189089057,6.251539625059515,6.299261093139648,136600,0.0,0.0
2010-04-30 00:00:00-04:00,6.306076859649119,6.306076859649119,6.135642349928872,6.2038164138793945,269200,0.0,0.0
2010-05-03 00:00:00-04:00,6.2242690686877475,6.333347063075367,6.101555999923611,6.3197126388549805,82400,0.0,0.0
2010-05-04 00:00:00-04:00,6.237903325362669,6.278807897237424,6.142460407915093,6.162912368774414,58700,0.0,0.0
2010-05-05 00:00:00-04:00,6.135643488991132,6.190182490214115,5.937939447018776,5.944756984710693,74200,0.0,0.0
2010-05-06 00:00:00-04:00,5.931121401147662,6.040199394247812,5.53571335108156,5.760686874389648,163500,0.0,0.0
2010-05-07 00:00:00-04:00,5.767505103021517,5.98566111537873,5.624340057373047,5.624340057373047,151600,0.0,0.0
2010-05-10 00:00:00-04:00,5.90381020143389,5.966691128176207,5.799009101069459,5.910797119140625,130100,0.2,0.0
2010-05-11 00:00:00-04:00,5.833943848289916,6.218215048173233,5.833943848289916,6.190268039703369,80200,0.0,0.0
2010-05-12 00:00:00-04:00,6.267121506915986,6.392882685672274,6.0295716512631845,6.316028594970703,78000,0.0,0.0
2010-05-13 00:00:00-04:00,6.281096355910737,6.323017204253616,5.973679244530315,6.022586345672607,388600,0.0,0.0
2010-05-14 00:00:00-04:00,5.96668922091613,6.07847720325412,5.94572914080499,6.071490287780762,76400,0.0,0.0
2010-05-17 00:00:00-04:00,6.050530161463739,6.113411067625891,5.994636170721588,6.099437236785889,51300,0.0,0.0
2010-05-18 00:00:00-04:00,6.127387708452498,6.169307887579013,5.966691911642902,5.994638919830322,33200,0.0,0.0
2010-05-19 00:00:00-04:00,6.176293640675105,6.176293640675105,5.938743782755431,5.9876508712768555,64900,0.0,0.0
2010-05-20 00:00:00-04:00,5.882849512441086,5.882849512441086,5.596392578878816,5.624339580535889,76500,0.0,0.0
2010-05-21 00:00:00-04:00,5.596392491300997,5.792021499839116,5.596392491300997,5.722153663635254,118300,0.0,0.0
2010-05-24 00:00:00-04:00,5.701193848610213,5.7431146855745965,5.589405838450656,5.631326675415039,84300,0.0,0.0
2010-05-25 00:00:00-04:00,5.589405010419841,5.659272839573689,5.5335110136203625,5.61735200881958,73500,0.0,0.0
2010-05-26 00:00:00-04:00,5.659273829833429,5.889836773552432,5.631326826543524,5.799008846282959,127900,0.0,0.0
2010-05-27 00:00:00-04:00,5.882850708243859,6.043545833859142,5.83394361197994,6.036559581756592,84800,0.0,0.0
2010-05-28 00:00:00-04:00,6.0016242105646525,6.078478295656732,5.8758623746784755,5.945730209350586,109500,0.0,0.0
2010-06-01 00:00:00-04:00,5.889837057115026,5.952717984121957,5.610366344451904,5.610366344451904,108700,0.0,0.0
2010-06-02 00:00:00-04:00,5.63132689202482,5.854902920943817,5.62433997454382,5.812982082366943,70800,0.0,0.0
2010-06-03 00:00:00-04:00,5.799008913714068,5.903810010692567,5.750101157656194,5.812982082366943,64300,0.0,0.0
2010-06-04 00:00:00-04:00,5.6732464110311716,5.833942163044795,5.5474849092453855,5.554471492767334,95800,0.0,0.0
2010-06-07 00:00:00-04:00,5.5614580902618505,5.764073998087725,5.5614580902618505,5.680233001708984,84900,0.0,0.0
2010-06-08 00:00:00-04:00,5.715168054619379,5.736128141309789,5.652287128239006,5.687221050262451,78500,0.0,0.0
2010-06-09 00:00:00-04:00,5.750099182128906,5.819967000316586,5.694205194102321,5.750099182128906,64500,0.0,0.0
2010-06-10 00:00:00-04:00,5.826955140120852,5.847915223459039,5.743114140459067,5.819968223571777,56000,0.0,0.0
2010-06-11 00:00:00-04:00,5.750100737978476,5.8269554920418924,5.680233567195187,5.785034656524658,39300,0.0,0.0
2010-06-14 00:00:00-04:00,5.854903449664254,5.924770631856155,5.722154670774026,5.743115425109863,43300,0.0,0.0
2010-06-15 00:00:00-04:00,5.785033737477921,5.896821726019103,5.680232664797805,5.875861644744873,41100,0.0,0.0
2010-06-16 00:00:00-04:00,5.812982977129772,5.8618907407157685,5.778049716965922,5.840929985046387,18100,0.0,0.0
2010-06-17 00:00:00-04:00,5.861890259392777,5.903810434670998,5.764075406561641,5.889837265014648,35200,0.0,0.0
2010-06-18 00:00:00-04:00,5.903810380498439,5.903810380498439,5.812982446483489,5.8688764572143555,107200,0.0,0.0
2010-06-21 00:00:00-04:00,5.9387452653615895,5.9387452653615895,5.812983387699671,5.8269572257995605,41100,0.0,0.0
2010-06-22 00:00:00-04:00,5.861888542392549,5.868874792019802,5.715166639276605,5.729139804840088,32900,0.0,0.0
2010-06-23 00:00:00-04:00,5.736127570345449,5.819968575070841,5.666259733253084,5.785034656524658,45500,0.0,0.0
2010-06-24 00:00:00-04:00,5.771061897277832,5.875862994023498,5.708180972706782,5.771061897277832,61800,0.0,0.0
2010-06-25 00:00:00-04:00,5.812982095727098,5.945730862934697,5.764075005865944,5.903810024261475,344900,0.0,0.0
2010-06-28 00:00:00-04:00,5.8618884566830785,5.931755616096885,5.778047465601129,5.833941459655762,24800,0.0,0.0
2010-06-29 00:00:00-04:00,5.77804959288584,5.8549036964288295,5.666260897310746,5.764075756072998,69700,0.0,0.0
2010-06-30 00:00:00-04:00,5.799008140233591,5.959703223008086,5.75708730724818,5.819968223571777,73300,0.0,0.0
2010-07-01 00:00:00-04:00,5.799009276955355,5.903810380498439,5.701194425021755,5.8688764572143555,55200,0.0,0.0
2010-07-02 00:00:00-04:00,5.924770881565399,5.924770881565399,5.7081817414400575,5.764075756072998,33100,0.0,0.0
2010-07-06 00:00:00-04:00,5.840927079249331,5.917781812517558,5.708179024263416,5.750099182128906,51600,0.0,0.0
2010-07-07 00:00:00-04:00,5.785033715126232,5.840927709180865,5.764073633932987,5.833941459655762,45700,0.0,0.0
2010-07-08 00:00:00-04:00,5.868876089596692,5.889836842039692,5.743114906484318,5.812982082366943,73900,0.0,0.0
2010-07-09 00:00:00-04:00,5.785033715126232,5.854901540849007,5.750099802264845,5.833941459655762,63300,0.0,0.0
2010-07-12 00:00:00-04:00,5.840929985046387,5.994638861742383,5.8339437327991535,5.840929985046387,56900,0.0,0.0
2010-07-13 00:00:00-04:00,5.931757524391985,6.176294326782227,5.903810518373888,6.176294326782227,86900,0.0,0.0
2010-07-14 00:00:00-04:00,6.134373223209435,6.134373223209435,5.889837097548275,5.973678112030029,35700,0.0,0.0
2010-07-15 00:00:00-04:00,5.966691787590796,5.966691787590796,5.84791683868637,5.917784690856934,48200,0.0,0.0
2010-07-16 00:00:00-04:00,5.861890489145851,5.8968237478104975,5.764075632480924,5.778049468994141,97000,0.0,0.0
2010-07-19 00:00:00-04:00,5.785033751046057,5.819967664124352,5.729139756644373,5.757086753845215,44100,0.0,0.0
2010-07-20 00:00:00-04:00,5.715168313300659,5.8968235166882375,5.680234389696027,5.889837265014648,46800,0.0,0.0
2010-07-21 00:00:00-04:00,5.910797085695561,5.97367801208208,5.610366289097372,5.638313293457031,63700,0.0,0.0
2010-07-22 00:00:00-04:00,5.7291419533799255,5.889837748632384,5.58940691379685,5.840929985046387,113600,0.0,0.0
2010-07-23 00:00:00-04:00,5.833943616232572,5.994638741964993,5.8269566978157155,5.896823883056641,142500,0.0,0.0
2010-07-26 00:00:00-04:00,5.896823106764417,6.036558791469074,5.812982095727098,5.903810024261475,79600,0.0,0.0
2010-07-27 00:00:00-04:00,5.917782450737711,5.945729447765028,5.81996762798762,5.833941459655762,61800,0.0,0.0
2010-07-28 00:00:00-04:00,5.847916531552308,5.875863537690906,5.743115425109863,5.743115425109863,49200,0.0,0.0
2010-07-29 00:00:00-04:00,5.8059964135404645,5.819969583594858,5.65927446326878,5.715168476104736,81200,0.0,0.0
2010-07-30 00:00:00-04:00,5.659274232295238,5.7920223407854525,5.659274232295238,5.736128330230713,648500,0.0,0.0
2010-08-02 00:00:00-04:00,5.8346635376494875,5.8346635376494875,5.672785377343391,5.743166923522949,76100,0.06,0.0
2010-08-03 00:00:00-04:00,5.715014027703949,5.785396243335702,5.651670167878281,5.693899631500244,59300,0.0,0.0
2010-08-04 00:00:00-04:00,5.707976101366983,5.778358322294308,5.665747305782272,5.715014457702637,72600,0.0,0.0
2010-08-05 00:00:00-04:00,5.658708759411349,5.722052621875756,5.637594362328074,5.7009382247924805,60800,0.0,0.0
2010-08-06 00:00:00-04:00,5.644632816314697,5.70093832365625,5.510906732967565,5.644632816314697,52100,0.0,0.0
2010-08-09 00:00:00-04:00,5.686859766451781,5.764279646128515,5.602401532836879,5.750203609466553,201400,0.0,0.0
2010-08-10 00:00:00-04:00,5.686861038208008,5.750204895388404,5.630555536539772,5.686861038208008,59200,0.0,0.0
2010-08-11 00:00:00-04:00,5.623517663627702,5.637594375860061,5.454601144126885,5.468677520751953,131900,0.0,0.0
2010-08-12 00:00:00-04:00,5.440525011130251,5.517945253838675,5.384219502108601,5.398295879364014,68000,0.0,0.0
2010-08-13 00:00:00-04:00,5.391256038933165,5.52498175385384,5.341988899904168,5.356065273284912,85800,0.0,0.0
2010-08-16 00:00:00-04:00,5.320874238794419,5.475714683532715,5.320874238794419,5.475714683532715,84800,0.0,0.0
2010-08-17 00:00:00-04:00,5.524981417104902,5.679821514855545,5.468675927013759,5.581286907196045,108000,0.0,0.0
2010-08-18 00:00:00-04:00,5.5883269850073285,5.595365005636036,5.489792346954346,5.489792346954346,51900,0.0,0.0
2010-08-19 00:00:00-04:00,5.4616394108862485,5.50386854007055,5.306798934936523,5.306798934936523,112400,0.0,0.0
2010-08-20 00:00:00-04:00,5.285684491578659,5.370142749203146,5.222340630556653,5.2645697593688965,100000,0.0,0.0
2010-08-23 00:00:00-04:00,5.278646716831224,5.306799472472405,5.2082648277282715,5.2082648277282715,83900,0.0,0.0
2010-08-24 00:00:00-04:00,5.208263102210151,5.208263102210151,5.116766508885836,5.158995628356934,81900,0.0,0.0
2010-08-25 00:00:00-04:00,5.130843004223608,5.3279125687220885,5.088613883746909,5.320874214172363,104600,0.0,0.0
2010-08-26 00:00:00-04:00,5.320875264451887,5.320875264451887,5.2645697593688965,5.2645697593688965,64600,0.0,0.0
2010-08-27 00:00:00-04:00,5.313837789731015,5.595365344052477,5.285685034298869,5.50386905670166,181100,0.0,0.0
2010-08-30 00:00:00-04:00,5.475714513902773,5.623516263872866,5.3279124283254715,5.3349504470825195,107400,0.0,0.0
2010-08-31 00:00:00-04:00,5.313836055204167,5.4475614320529555,5.292721327718606,5.3349504470825195,126100,0.0,0.0
2010-09-01 00:00:00-04:00,5.41940853543428,5.5320198528872195,5.370141398680367,5.524981498718262,107700,0.0,0.0
2010-09-02 00:00:00-04:00,5.503868002898518,5.524982397626282,5.306798416998286,5.405333042144775,42300,0.0,0.0
2010-09-03 00:00:00-04:00,5.447561655006069,5.532020232797752,5.377179786519019,5.517943859100342,56100,0.0,0.0
2010-09-07 00:00:00-04:00,5.5109066082513225,5.5109066082513225,5.334951733987322,5.34902811050415,48300,0.0,0.0
2010-09-08 00:00:00-04:00,5.3771808635378076,5.4405247256671805,5.3067989809536655,5.34902811050415,56000,0.0,0.0
2010-09-09 00:00:00-04:00,5.419409942778441,5.489792160316495,5.327913664072085,5.384219169616699,46500,0.0,0.0
2010-09-10 00:00:00-04:00,5.384219169616699,5.440524675161314,5.313837287685931,5.384219169616699,33000,0.0,0.0
2010-09-13 00:00:00-04:00,5.419409230026729,5.468676708702333,5.3771801064221725,5.4546003341674805,65500,0.0,0.0
2010-09-14 00:00:00-04:00,5.426447578099369,5.440523952616067,5.34198933099918,5.377180099487305,66600,0.0,0.0
2010-09-15 00:00:00-04:00,5.34902810659471,5.461639454254322,5.320875353581628,5.426448345184326,99100,0.0,0.0
2010-09-16 00:00:00-04:00,5.4053335663922875,5.475715783930341,5.334951684461519,5.384219169616699,38000,0.0,0.0
2010-09-17 00:00:00-04:00,5.447562742140493,5.454601098197407,5.3631044831012495,5.426448345184326,87800,0.0,0.0
2010-09-20 00:00:00-04:00,5.419408495942205,5.567210576341283,5.3701413595473095,5.5601725578308105,79500,0.0,0.0
2010-09-21 00:00:00-04:00,5.553134244179697,5.64463117034016,5.510905125987544,5.524981498718262,72500,0.0,0.0
2010-09-22 00:00:00-04:00,5.503867714995336,5.609440354326237,5.384218365772597,5.433485507965088,41800,0.0,0.0
2010-09-23 00:00:00-04:00,5.426448011076867,5.447562406733016,5.3771805285337395,5.412371635437012,64500,0.0,0.0
2010-09-24 00:00:00-04:00,5.468676532552942,5.567211151123047,5.419409055464273,5.567211151123047,81900,0.0,0.0
2010-09-27 00:00:00-04:00,5.546098446480513,5.658709473419867,5.405334327198987,5.419410705566406,75100,0.0,0.0
2010-09-28 00:00:00-04:00,5.398295879364014,5.454601388385664,5.32791399308695,5.398295879364014,100100,0.0,0.0
2010-09-29 00:00:00-04:00,5.370142086958367,5.524982206841742,5.341989337888663,5.4546003341674805,62100,0.0,0.0
2010-09-30 00:00:00-04:00,5.461639593224922,5.5531358750419,5.4194101270234905,5.489792346954346,293300,0.0,0.0
2010-10-01 00:00:00-04:00,5.503867107425784,5.574248971079373,5.41940853543428,5.524981498718262,59500,0.0,0.0
2010-10-04 00:00:00-04:00,5.475713386416679,5.50386612686245,5.334949348580685,5.4475603103637695,80600,0.0,0.0
2010-10-05 00:00:00-04:00,5.4616379892336315,5.574248971079373,5.384217771411085,5.524981498718262,117400,0.0,0.0
2010-10-06 00:00:00-04:00,5.496830700039966,5.574250945282026,5.4757163012695145,5.50386905670166,52400,0.0,0.0
2010-10-07 00:00:00-04:00,5.553136467860556,5.553136467860556,5.405334327198987,5.419410705566406,31500,0.0,0.0
2010-10-08 00:00:00-04:00,5.41941003476057,5.49683027400209,5.363104528260298,5.468677520751953,81800,0.0,0.0
2010-10-11 00:00:00-04:00,5.454600009658385,5.560172980192573,5.426447262263565,5.517943859100342,83600,0.0,0.0
2010-10-12 00:00:00-04:00,5.482754446241586,5.644633297046084,5.461640046993921,5.630556583404541,87700,0.0,0.0
2010-10-13 00:00:00-04:00,5.637593746185303,5.750204746608087,5.539058785208113,5.637593746185303,122300,0.0,0.0
2010-10-14 00:00:00-04:00,5.616479629637508,5.729090977975042,5.553135767173101,5.7009382247924805,25200,0.0,0.0
2010-10-15 00:00:00-04:00,5.76428078605368,5.76428078605368,5.616479015802404,5.637593746185303,81700,0.0,0.0
2010-10-18 00:00:00-04:00,5.665744330218782,5.83466076627447,5.616476868565644,5.827622413635254,44600,0.0,0.0
2010-10-19 00:00:00-04:00,5.729091644287109,5.883931469192279,5.693900530912422,5.729091644287109,43900,0.0,0.0
2010-10-20 00:00:00-04:00,5.778357028733919,5.869853626970895,5.707974823562567,5.764280319213867,36400,0.0,0.0
2010-10-21 00:00:00-04:00,5.799473119815161,5.869855345593578,5.616480205370323,5.630556583404541,65900,0.0,0.0
2010-10-22 00:00:00-04:00,5.672783727939504,5.7502036075909855,5.658707020067757,5.736126899719238,19900,0.0,0.0
2010-10-25 00:00:00-04:00,5.778357222603426,5.869853823910202,5.750204473833223,5.820586681365967,48800,0.0,0.0
2010-10-26 00:00:00-04:00,5.771318631042166,5.883929621507074,5.764280276334497,5.8135480880737305,50800,0.0,0.0
2010-10-27 00:00:00-04:00,5.806508026931856,5.862813505617085,5.778355287589241,5.827622413635254,56600,0.0,0.0
2010-10-28 00:00:00-04:00,5.890967172449785,5.9402343062525516,5.855776074927371,5.876891136169434,77400,0.0,0.0
2010-10-29 00:00:00-04:00,5.883931293799858,5.9754279173607845,5.841702495980746,5.947275161743164,60300,0.0,0.0
2010-11-01 00:00:00-04:00,5.975426464500372,5.982464819497137,5.651669518008418,5.792433261871338,77000,0.0,0.0
2010-11-02 00:00:00-04:00,5.841701887512805,5.933198501543504,5.820587490802511,5.898007392883301,96600,0.0,0.0
2010-11-03 00:00:00-04:00,5.883929729461669,5.933197542104838,5.869853691002522,5.88392972946167,35300,0.0,0.0
2010-11-04 00:00:00-04:00,5.961351532125032,6.059885835509422,5.8980076678267235,6.02469539642334,114300,0.0,0.0
2010-11-05 00:00:00-04:00,6.053556311415714,6.183429513530613,5.938112471175689,6.0463409423828125,63100,0.21,0.0
2010-11-08 00:00:00-05:00,6.003048455953132,6.0607700227915,5.851529170978576,5.894820690155029,64500,0.0,0.0
2010-11-09 00:00:00-05:00,5.923681643301593,5.988618579879191,5.793807770146396,5.808238506317139,64200,0.0,0.0
2010-11-10 00:00:00-05:00,5.844313754904483,5.90203531447085,5.786592195338115,5.880389213562012,101900,0.0,0.0
2010-11-11 00:00:00-05:00,5.82266773149112,5.880389291825719,5.808237685455108,5.815453052520752,24900,0.0,0.0
2010-11-12 00:00:00-05:00,5.779377195580006,5.801022609768888,5.750516069915403,5.764946460723877,57900,0.0,0.0
2010-11-15 00:00:00-05:00,5.793807109411453,5.837098624891277,5.685579352854836,5.743300914764404,112700,0.0,0.0
2010-11-16 00:00:00-05:00,5.7216552882984555,5.78659256300807,5.700009874109573,5.764946460723877,74600,0.0,0.0
2010-11-17 00:00:00-05:00,5.764946757562175,5.9308967764759055,5.685579776052775,5.6927947998046875,101100,0.0,0.0
2010-11-18 00:00:00-05:00,5.764946490142063,5.779377225071831,5.656718730550058,5.663933753967285,79200,0.0,0.0
2010-11-19 00:00:00-05:00,5.671149419089224,5.671149419089224,5.584566725204505,5.591782093048096,97800,0.0,0.0
2010-11-22 00:00:00-05:00,5.577350617102623,5.591781005936684,5.497983306491482,5.58456563949585,93100,0.0,0.0
2010-11-23 00:00:00-05:00,5.555706627760898,5.736086717545962,5.5412762343400015,5.714441299438477,48300,0.0,0.0
2010-11-24 00:00:00-05:00,5.779378274434221,5.952542996461092,5.772162905659241,5.938112258911133,70500,0.0,0.0
2010-11-26 00:00:00-05:00,5.909252744738322,5.945328908288455,5.8443164760627875,5.858746528625488,13600,0.0,0.0
2010-11-29 00:00:00-05:00,5.80823926906079,6.0463409423828125,5.80823926906079,6.0463409423828125,54100,0.0,0.0
2010-11-30 00:00:00-05:00,5.974187589512705,6.060769938567052,5.858744457440242,5.930896759033203,82600,0.0,0.0
2010-12-01 00:00:00-05:00,6.0391256234943285,6.060771042677295,5.90925173220559,5.952543258666992,49900,0.0,0.0
2010-12-02 00:00:00-05:00,5.981403006033687,6.0535553082146185,5.930896807364244,5.98861837387085,32900,0.0,0.0
2010-12-03 00:00:00-05:00,5.952542222780384,5.98861837387085,5.92368143952708,5.98861837387085,31400,0.0,0.0
2010-12-06 00:00:00-05:00,5.959758237643289,6.06798601456917,5.9453275004022785,6.053555965423584,30000,0.0,0.0
2010-12-07 00:00:00-05:00,6.08241666314156,6.277226796387315,6.067985926110919,6.255581378936768,40100,0.0,0.0
2010-12-08 00:00:00-05:00,6.277226750149397,6.327733641289194,6.205075129813901,6.212289810180664,50000,0.0,0.0
2010-12-09 00:00:00-05:00,6.241149370845216,6.241149370845216,6.168997764672516,6.183427810668945,59900,0.0,0.0
2010-12-10 00:00:00-05:00,6.2122902422390816,6.2916579246521,6.118492509993533,6.2916579246521,45400,0.0,0.0
2010-12-13 00:00:00-05:00,6.2844414710998535,6.349378404377868,6.1978591227609465,6.2844414710998535,37900,0.0,0.0
2010-12-14 00:00:00-05:00,6.327733170136006,6.407100153024131,6.2844416506818,6.34937858581543,41400,0.0,0.0
2010-12-15 00:00:00-05:00,6.356594943262133,6.443177307553334,6.284442628971732,6.4215312004089355,65100,0.0,0.0
2010-12-16 00:00:00-05:00,6.428745400621367,6.450390815734863,6.327733004694829,6.450390815734863,42400,0.0,0.0
2010-12-17 00:00:00-05:00,6.4576067034698115,6.472037440104403,6.306087409283575,6.342163562774658,204000,0.0,0.0
2010-12-20 00:00:00-05:00,6.35659567265189,6.4936842598193705,6.298873401738929,6.435962677001953,53600,0.0,0.0
2010-12-21 00:00:00-05:00,6.479252600461324,6.508114075869243,6.32773398314243,6.493683338165283,30000,0.0,0.0
2010-12-22 00:00:00-05:00,6.52254365070792,6.702923730305037,6.515328282381141,6.645202159881592,43500,0.0,0.0
2010-12-23 00:00:00-05:00,6.652418132808595,6.782291334017081,6.645202763826052,6.666848182678223,31300,0.0,0.0
2010-12-27 00:00:00-05:00,6.536977103759524,6.731787312866911,6.536977103759524,6.681281089782715,17400,0.0,0.0
2010-12-28 00:00:00-05:00,6.695707453696916,6.782289797587079,6.565834281909325,6.702922821044922,27200,0.0,0.0
2010-12-29 00:00:00-05:00,6.7462154262175025,6.775076212173812,6.695708534722401,6.724569320678711,14200,0.0,0.0
2010-12-30 00:00:00-05:00,6.753428592150555,6.811150151118873,6.74621391335096,6.76064395904541,20700,0.0,0.0
2010-12-31 00:00:00-05:00,6.731786221279951,6.767862383959771,6.623558421336064,6.674064636230469,23500,0.0,0.0
2011-01-03 00:00:00-05:00,6.70292407896885,6.818367225820709,6.616341718829955,6.63798713684082,81400,0.0,0.0
2011-01-04 00:00:00-05:00,6.6379861453287266,6.6379861453287266,6.313302171281868,6.33494758605957,56100,0.0,0.0
2011-01-05 00:00:00-05:00,6.334948663898963,6.493683338165283,6.31330324543847,6.493683338165283,48300,0.0,0.0
2011-01-06 00:00:00-05:00,6.472037919704791,6.500898707017264,6.385455557767374,6.493683338165283,36600,0.0,0.0
2011-01-07 00:00:00-05:00,6.522543910216267,6.544189327962402,6.349379192056334,6.508113861083984,75600,0.0,0.0
2011-01-10 00:00:00-05:00,6.464821732769658,6.587480235349853,6.356593966067302,6.5008978843688965,142200,0.0,0.0
2011-01-11 00:00:00-05:00,6.536974212553786,6.616341197739792,6.493682691846178,6.580265045166016,47000,0.0,0.0
2011-01-12 00:00:00-05:00,6.6091254820427165,6.63798626496492,6.551403916198309,6.60191011428833,51600,0.0,0.0
2011-01-13 00:00:00-05:00,6.5730485916137695,6.580263958556115,6.464820839859646,6.5730485916137695,47600,0.0,0.0
2011-01-14 00:00:00-05:00,6.587479671000048,6.637985866054897,6.5369734759451985,6.551403522491455,35100,0.0,0.0
2011-01-18 00:00:00-05:00,6.515329681352016,6.536975790980206,6.4143172554693075,6.435962677001953,88600,0.0,0.0
2011-01-19 00:00:00-05:00,6.486465625594144,6.486465625594144,6.183427124260707,6.197857856750488,66700,0.0,0.0
2011-01-20 00:00:00-05:00,6.154568370621196,6.306087671098174,6.067986011505127,6.067986011505127,32000,0.0,0.0
2011-01-21 00:00:00-05:00,6.1184934330789735,6.233937289633298,6.08241795900728,6.096848011016846,103700,0.0,0.0
2011-01-24 00:00:00-05:00,6.082416746857737,6.2339360472878536,6.082416746857737,6.219505310058594,39700,0.0,0.0
2011-01-25 00:00:00-05:00,6.205074072444993,6.356593343854089,6.205074072444993,6.327732563018799,43600,0.0,0.0
2011-01-26 00:00:00-05:00,6.349378108390348,6.407099671258826,6.27001044337471,6.3638081550598145,53700,0.0,0.0
2011-01-27 00:00:00-05:00,6.385455656897649,6.385455656897649,6.277227186724112,6.2916579246521,44100,0.0,0.0
2011-01-28 00:00:00-05:00,6.270011157149639,6.313302678276936,6.046340247595529,6.089631080627441,105700,0.0,0.0
2011-01-31 00:00:00-05:00,6.125706540177595,6.1906434704705875,6.053554930592842,6.118491172790527,69200,0.0,0.0
2011-02-01 00:00:00-05:00,6.1257078789575266,6.349379500173137,6.1257078789575266,6.2916579246521,60700,0.0,0.0
2011-02-02 00:00:00-05:00,6.262794158360881,6.334945749399776,6.262794158360881,6.298869609832764,33700,0.0,0.0
2011-02-03 00:00:00-05:00,6.27722610338111,6.320517621598232,6.161782972262568,6.2844414710998535,68400,0.0,0.0
2011-02-04 00:00:00-05:00,6.277226882784788,6.306087669147885,6.183429155080866,6.219505310058594,60000,0.0,0.0
2011-02-07 00:00:00-05:00,6.212239826190558,6.386618317787847,6.212239826190558,6.255834102630615,39800,0.06,0.0
2011-02-08 00:00:00-05:00,6.248567819946512,6.328491108833755,6.183175723166761,6.321225166320801,32900,0.0,0.0
2011-02-09 00:00:00-05:00,6.321224095063929,6.39388212204329,6.321224095063929,6.364819049835205,53100,0.0,0.0
2011-02-10 00:00:00-05:00,6.321225803255979,6.437478123503315,6.321225803255979,6.422946929931641,39400,0.0,0.0
2011-02-11 00:00:00-05:00,6.372086545811981,6.5537309646606445,6.321225637349797,6.5537309646606445,40900,0.0,0.0
2011-02-14 00:00:00-05:00,6.531934940067926,6.531934940067926,6.364822361160013,6.473808765411377,34000,0.0,0.0
2011-02-15 00:00:00-05:00,6.437476586415681,6.444742527925859,6.401148264701431,6.415679454803467,17400,0.0,0.0
2011-02-16 00:00:00-05:00,6.437476840618455,6.48107179848268,6.343021676011258,6.4520087242126465,43600,0.0,0.0
2011-02-17 00:00:00-05:00,6.452010540183477,6.539199787533701,6.401150319125482,6.517402648925781,31200,0.0,0.0
2011-02-18 00:00:00-05:00,6.560995703827008,6.648184934933863,6.45927528066155,6.6409196853637695,50400,0.0,0.0
2011-02-22 00:00:00-05:00,6.5537309646606445,6.684514475047124,6.51013599925284,6.5537309646606445,68800,0.0,0.0
2011-02-23 00:00:00-05:00,6.582795042667473,6.684515489187408,6.5537319589591245,6.575529098510742,28000,0.0,0.0
2011-02-24 00:00:00-05:00,6.6045909750484695,6.6045909750484695,6.466540832977342,6.539198875427246,55300,0.0,0.0
2011-02-25 00:00:00-05:00,6.531933181918513,6.691780465658507,6.4738070229073275,6.68451452255249,37900,0.0,0.0
2011-02-28 00:00:00-05:00,6.720844072672504,6.720844072672504,6.495604669136625,6.597325801849365,87200,0.0,0.0
2011-03-01 00:00:00-05:00,6.597325367086285,6.691780549898129,6.495604241076957,6.510136127471924,45700,0.0,0.0
2011-03-02 00:00:00-05:00,6.495602788008249,6.5174006127245185,6.3575533627301715,6.401148319244385,27600,0.0,0.0
2011-03-03 00:00:00-05:00,6.45200945030349,6.51013560538491,6.45200945030349,6.488338470458984,38600,0.0,0.0
2011-03-04 00:00:00-05:00,6.466539714638215,6.488337539354485,6.393882377672295,6.401148319244385,35400,0.0,0.0
2011-03-07 00:00:00-05:00,6.408414065529852,6.408414065529852,6.263098687395529,6.350287914276123,49600,0.0,0.0
2011-03-08 00:00:00-05:00,6.372089408866501,6.59006225508788,6.372089408866501,6.524670124053955,38900,0.0,0.0
2011-03-09 00:00:00-05:00,6.5319316216608865,6.568260635594722,6.495602607727051,6.495602607727051,23100,0.0,0.0
2011-03-10 00:00:00-05:00,6.466542708707208,6.466542708707208,6.2195068171411885,6.263101100921631,57700,0.0,0.0
2011-03-11 00:00:00-05:00,6.263098793873095,6.321224946115013,6.190441450029891,6.197706699371338,52500,0.0,0.0
2011-03-14 00:00:00-04:00,6.175909519195557,6.226769728796225,6.103251482978843,6.175909519195557,33400,0.0,0.0
2011-03-15 00:00:00-04:00,6.037859787997131,6.212238234927429,6.037859787997131,6.117783069610596,24900,0.0,0.0
2011-03-16 00:00:00-04:00,6.117785253453751,6.190443312070363,6.103253364562988,6.103253364562988,243000,0.0,0.0
2011-03-17 00:00:00-04:00,6.197707277887129,6.379351693828052,6.110518041385701,6.204973220825195,58200,0.0,0.0
2011-03-18 00:00:00-04:00,6.226769891713851,6.313959121704102,6.204972757445891,6.313959121704102,128800,0.0,0.0
2011-03-21 00:00:00-04:00,6.350288954689637,6.35755489801638,6.241302576462468,6.2848968505859375,38000,0.0,0.0
2011-03-22 00:00:00-04:00,6.277631933769174,6.284897184563497,6.248568851836293,6.255834102630615,50000,0.0,0.0
2011-03-23 00:00:00-04:00,6.219506679496809,6.2558350175369775,6.183177648538009,6.23403787612915,65900,0.0,0.0
2011-03-24 00:00:00-04:00,6.27036704585792,6.27763299079421,6.212240872204899,6.263101100921631,43100,0.0,0.0
2011-03-25 00:00:00-04:00,6.2848978077455415,6.531934375129328,6.255834722930896,6.357555866241455,51900,0.0,0.0
2011-03-28 00:00:00-04:00,6.372087755108077,6.466542261066726,6.350289921808144,6.357555866241455,25700,0.0,0.0
2011-03-29 00:00:00-04:00,6.372085245874351,6.481071597782395,6.321224347788048,6.401148319244385,15900,0.0,0.0
2011-03-30 00:00:00-04:00,6.401150319125482,6.531933843691547,6.379352487599019,6.517402648925781,21400,0.0,0.0
2011-03-31 00:00:00-04:00,6.488340416399303,6.604592761427781,6.459277330142183,6.5827956199646,44700,0.0,0.0
2011-04-01 00:00:00-04:00,6.604592761427781,6.713579161662321,6.560997785582785,6.5827956199646,19000,0.0,0.0
2011-04-04 00:00:00-04:00,6.575528004093955,6.67724843368376,6.575528004093955,6.65545129776001,11400,0.0,0.0
2011-04-05 00:00:00-04:00,6.626389543374215,6.677249768335079,6.473808175573026,6.648186683654785,23000,0.0,0.0
2011-04-06 00:00:00-04:00,6.655451875635581,6.669983762792152,6.648185932057296,6.662717819213867,17500,0.0,0.0
2011-04-07 00:00:00-04:00,6.648185246183655,6.648185246183655,6.531932932598567,6.539198875427246,30100,0.0,0.0
2011-04-08 00:00:00-04:00,6.5827950363396015,6.633655259550678,6.488339841148622,6.502871036529541,30300,0.0,0.0
2011-04-11 00:00:00-04:00,6.488339566475706,6.546465731375855,6.473807678791397,6.517402648925781,37700,0.0,0.0
2011-04-12 00:00:00-04:00,6.45927756820657,6.597327059786208,6.45927756820657,6.473808765411377,68900,0.0,0.0
2011-04-13 00:00:00-04:00,6.495605509648334,6.5973266555234815,6.452011227786567,6.590060710906982,96300,0.0,0.0
2011-04-14 00:00:00-04:00,6.531934026584607,6.619123276376115,6.51740283141197,6.568263053894043,35700,0.0,0.0
2011-04-15 00:00:00-04:00,6.53193262679139,6.66271681991088,6.510135492244279,6.6409196853637695,93200,0.0,0.0
2011-04-18 00:00:00-04:00,6.560996387712715,6.640920377580357,6.510136170828569,6.531933307647705,51600,0.0,0.0
2011-04-19 00:00:00-04:00,6.560997109848443,6.597326137157879,6.539199970630206,6.568263053894043,75300,0.0,0.0
2011-04-20 00:00:00-04:00,6.633654306647322,6.68451452255249,6.5028701024129205,6.68451452255249,68600,0.0,0.0
2011-04-21 00:00:00-04:00,6.68451452255249,6.68451452255249,6.582794090742154,6.68451452255249,22200,0.0,0.0
2011-04-25 00:00:00-04:00,6.655450248710186,6.677247381198214,6.546463893351699,6.611855983734131,77500,0.0,0.0
2011-04-26 00:00:00-04:00,6.611857689201983,6.64092077098869,6.575528663738966,6.597325801849365,123100,0.0,0.0
2011-04-27 00:00:00-04:00,6.590059007315375,6.648185163383989,6.55373067946132,6.604590892791748,32000,0.0,0.0
2011-04-28 00:00:00-04:00,6.61185630227987,6.648184627204024,6.56826134228515,6.619121551513672,85000,0.0,0.0
2011-04-29 00:00:00-04:00,6.626388883636073,6.626388883636073,6.568262720062658,6.597325801849365,124000,0.0,0.0
2011-05-02 00:00:00-04:00,6.590059191856957,6.6336541565884275,6.524667091218982,6.546464920043945,73000,0.0,0.0
2011-05-03 00:00:00-04:00,6.539199078551887,6.61185712325874,6.452009840654744,6.5537309646606445,37000,0.0,0.0
2011-05-04 00:00:00-04:00,6.5391975630313155,6.553729445772172,6.415679331407259,6.495602607727051,62100,0.0,0.0
2011-05-05 00:00:00-04:00,6.488337740279776,6.539197947022748,6.386616633875483,6.4520087242126465,41600,0.0,0.0
2011-05-06 00:00:00-04:00,6.524667890336118,6.531933834167678,6.4011503097923015,6.44474458694458,38000,0.0,0.0
2011-05-09 00:00:00-04:00,6.422418513031157,6.578699870487401,6.422418513031157,6.563815593719482,41200,0.21,0.0
2011-05-10 00:00:00-04:00,6.58614183206961,6.6605610847473145,6.563815417517074,6.6605610847473145,38800,0.0,0.0
2011-05-11 00:00:00-04:00,6.653119125162854,6.653119125162854,6.541489888288985,6.563815593719482,36000,0.0,0.0
2011-05-12 00:00:00-04:00,6.5340474437126135,6.712655207950984,6.526606015398746,6.7052130699157715,27800,0.0,0.0
2011-05-13 00:00:00-04:00,6.690327981079971,6.690327981079971,6.5191630853918925,6.534046649932861,36000,0.0,0.0
2011-05-16 00:00:00-04:00,6.489395269578988,6.6977701419396,6.452185293512849,6.608466625213623,98300,0.0,0.0
2011-05-17 00:00:00-04:00,6.571255167129323,6.6456751024776395,6.489393806023056,6.496835231781006,30300,0.0,0.0
2011-05-18 00:00:00-04:00,6.444742983599138,6.511720796778545,6.377765170419731,6.504278659820557,29300,0.0,0.0
2011-05-19 00:00:00-04:00,6.534046684826967,6.534046684826967,6.481953144073486,6.481953144073486,35600,0.0,0.0
2011-05-20 00:00:00-04:00,6.444744633686465,6.496838186287726,6.392651081085204,6.392651081085205,40100,0.0,0.0
2011-05-23 00:00:00-04:00,6.310787761434446,6.362882013755658,6.243810653686523,6.243810653686523,32100,0.0,0.0
2011-05-24 00:00:00-04:00,6.251251440027378,6.273577850040638,6.050318717956543,6.050318717956543,74400,0.0,0.0
2011-05-25 00:00:00-04:00,6.057762243505962,6.169391480280917,6.035435828373869,6.102413654327393,38500,0.0,0.0
2011-05-26 00:00:00-04:00,6.102413848991173,6.139623832343596,6.0428781595158565,6.117298126220703,62200,0.0,0.0
2011-05-27 00:00:00-04:00,6.11729827426241,6.214043949431444,6.11729827426241,6.184276103973389,12400,0.0,0.0
2011-05-31 00:00:00-04:00,6.228926667096719,6.266136646270752,6.184275259864937,6.266136646270752,113700,0.0,0.0
2011-06-01 00:00:00-04:00,6.25869524507857,6.30334736728679,5.946132518785248,5.9535746574401855,71000,0.0,0.0
2011-06-02 00:00:00-04:00,5.98334186590979,5.990784003773132,5.864270498981647,5.886596202850342,32100,0.0,0.0
2011-06-03 00:00:00-04:00,5.849387356887319,5.990784801370096,5.774967742649204,5.789851665496826,65000,0.0,0.0
2011-06-06 00:00:00-04:00,5.774966615496988,5.931247597463909,5.774966615496988,5.849386215209961,59700,0.0,0.0
2011-06-07 00:00:00-04:00,5.908922813301873,5.968458857185551,5.864271046534639,5.901480674743652,35000,0.0,0.0
2011-06-08 00:00:00-04:00,5.871712906539386,6.035436053480282,5.871712906539386,5.9535746574401855,53000,0.0,0.0
2011-06-09 00:00:00-04:00,5.98334290960803,5.998227187931036,5.894039368834353,5.938691139221191,37800,0.0,0.0
2011-06-10 00:00:00-04:00,5.894038967643496,5.98334250233853,5.894038967643496,5.9535746574401855,49700,0.0,0.0
2011-06-13 00:00:00-04:00,5.990784228577628,5.990784228577628,5.894038561887793,5.931248188018799,34300,0.0,0.0
2011-06-14 00:00:00-04:00,5.9684590369841155,6.08008827983466,5.9684590369841155,6.072646141052246,50500,0.0,0.0
2011-06-15 00:00:00-04:00,6.050320620696881,6.065204188998511,5.871713187887969,5.975900650024414,44700,0.0,0.0
2011-06-16 00:00:00-04:00,6.005666887542378,6.243810304067203,6.005666887542378,6.199158191680908,64600,0.0,0.0
2011-06-17 00:00:00-04:00,6.236368962451959,6.273578942566187,6.027994067422155,6.094971179962158,99200,0.0,0.0
2011-06-20 00:00:00-04:00,6.072643738696354,6.169389375430626,6.005665935594078,6.035433769226074,44900,0.0,0.0
2011-06-21 00:00:00-04:00,6.072645041296176,6.295904196286448,6.027993636130895,6.243810653686523,50900,0.0,0.0
2011-06-22 00:00:00-04:00,6.214044284827727,6.236369992695919,6.117298604436949,6.154508590698242,27400,0.0,0.0
2011-06-23 00:00:00-04:00,6.109856320284072,6.147066305662558,5.983342795830086,6.087530612945557,26000,0.0,0.0
2011-06-24 00:00:00-04:00,6.1098566340383895,6.124740203121223,5.841945648193359,5.841945648193359,617700,0.0,0.0
2011-06-27 00:00:00-04:00,5.879155053166689,6.08008818393334,5.879155053166689,6.027994632720947,60900,0.0,0.0
2011-06-28 00:00:00-04:00,6.050321721817373,6.0577638621833305,5.946133885858678,6.042879581451416,42300,0.0,0.0
2011-06-29 00:00:00-04:00,6.065203710354464,6.065203710354464,5.93124841246459,6.013110160827637,24200,0.0,0.0
2011-06-30 00:00:00-04:00,6.035437441085459,6.080089573559634,5.953576026224635,6.042879581451416,25000,0.0,0.0
2011-07-01 00:00:00-04:00,6.027994592007728,6.132181693728831,6.020552453392963,6.117298126220703,33600,0.0,0.0
2011-07-05 00:00:00-04:00,6.027994067422155,6.102413317929272,5.968458383127924,6.094971179962158,24600,0.0,0.0
2011-07-06 00:00:00-04:00,6.072644701261196,6.2066003286988325,6.050318999928673,6.199158191680908,33000,0.0,0.0
2011-07-07 00:00:00-04:00,6.214044185420561,6.266137739520146,6.05776281340036,6.221485614776611,50100,0.0,0.0
2011-07-08 00:00:00-04:00,6.132180996797911,6.243810934168282,6.132180996797911,6.228926658630371,18700,0.0,0.0
2011-07-11 00:00:00-04:00,6.169390818456692,6.251252202661849,6.1619486808776855,6.1619486808776855,26500,0.0,0.0
2011-07-12 00:00:00-04:00,6.161949267610204,6.325672761331353,6.161949267610204,6.281020641326904,34600,0.0,0.0
2011-07-13 00:00:00-04:00,6.303345466894716,6.467068209614232,6.288461194072291,6.377764701843262,31900,0.0,0.0
2011-07-14 00:00:00-04:00,6.385207981021746,6.407533684529845,6.236368774765556,6.355440139770508,28500,0.0,0.0
2011-07-15 00:00:00-04:00,6.36288159385585,6.4745108091236965,6.3182294819159655,6.467068672180176,66400,0.0,0.0
2011-07-18 00:00:00-04:00,6.407534546258219,6.407534546258219,6.214043906963908,6.2735795974731445,19800,0.0,0.0
2011-07-19 00:00:00-04:00,6.3256720363037315,6.3256720363037315,6.1247385838961,6.243810653686523,39500,0.0,0.0
2011-07-20 00:00:00-04:00,6.228927753854109,6.281021307953694,6.147066353165982,6.221485614776611,20200,0.0,0.0
2011-07-21 00:00:00-04:00,6.2735804439003084,6.414977550506592,6.2140447453585566,6.414977550506592,31000,0.0,0.0
2011-07-22 00:00:00-04:00,6.422419111540347,6.422419111540347,6.221485614776611,6.221485614776611,27100,0.0,0.0
2011-07-25 00:00:00-04:00,6.191717185691632,6.191717185691632,6.0800879489166775,6.102413654327393,17900,0.0,0.0
2011-07-26 00:00:00-04:00,6.117298155015878,6.117298155015878,5.916364669799805,5.916364669799805,22900,0.0,0.0
2011-07-27 00:00:00-04:00,5.916363903715545,6.0279938398438,5.879154279866782,5.894038200378418,81300,0.0,0.0
2011-07-28 00:00:00-04:00,5.901478864100884,6.087528367506577,5.901478864100884,6.0800862312316895,33600,0.0,0.0
2011-07-29 00:00:00-04:00,5.990784649117207,6.109856028872051,5.864271130697333,6.027994632720947,32800,0.0,0.0
2011-08-01 00:00:00-04:00,6.057761180316167,6.057761180316167,5.9535733904830614,6.0205512046813965,51000,0.0,0.0
2011-08-02 00:00:00-04:00,5.9684589347500605,6.094971743276972,5.9535746574401855,5.9535746574401855,37800,0.0,0.0
2011-08-03 00:00:00-04:00,5.953574766101567,6.303347482332031,5.931248704589974,6.147066116333008,34300,0.0,0.0
2011-08-04 00:00:00-04:00,6.080087059018657,6.214042691319597,5.946131426717718,5.961015701293945,71000,0.0,0.0
2011-08-05 00:00:00-04:00,6.027993517444415,6.228926256174549,5.9014796675709515,5.961015701293945,47500,0.0,0.0
2011-08-08 00:00:00-04:00,5.871038445794523,6.1484692981857405,5.046243836165537,5.256191730499268,148400,0.06,0.0
2011-08-09 00:00:00-04:00,5.391158607981687,5.773563271600995,4.971263129823334,5.751069068908691,175000,0.0,0.0
2011-08-10 00:00:00-04:00,5.5186255777421955,5.638595582408716,5.346168517264664,5.4586405754089355,152500,0.0,0.0
2011-08-11 00:00:00-04:00,5.473637604880592,5.661090942615696,5.323674720169188,5.578611373901367,90400,0.0,0.0
2011-08-12 00:00:00-04:00,5.586108526597705,5.586108526597705,5.4211497701812394,5.4586405754089355,77100,0.0,0.0
2011-08-15 00:00:00-04:00,5.511127626577164,5.631097996464606,5.481135123490012,5.571112632751465,33300,0.0,0.0
2011-08-16 00:00:00-04:00,5.51112892318553,5.571113943472564,5.406155137683223,5.44364595413208,44700,0.0,0.0
2011-08-17 00:00:00-04:00,5.496131620560666,5.593607438717836,5.466139116133669,5.481135368347168,28600,0.0,0.0
2011-08-18 00:00:00-04:00,5.346169246268495,5.4361467620377235,5.241195120332198,5.256191730499268,87700,0.0,0.0
2011-08-19 00:00:00-04:00,5.211201586709587,5.473636492223181,5.173711141306784,5.181209087371826,86500,0.0,0.0
2011-08-22 00:00:00-04:00,5.3461689949035645,5.39865569786504,5.256191483364878,5.3461689949035645,39800,0.0,0.0
2011-08-23 00:00:00-04:00,5.346168516730362,5.533621827772475,5.338670212670046,5.526123523712158,67900,0.0,0.0
2011-08-24 00:00:00-04:00,5.533622330381932,5.676086902618408,5.518626078438031,5.676086902618408,42400,0.0,0.0
2011-08-25 00:00:00-04:00,5.706080247990175,5.736072756301015,5.473638129811719,5.503630638122559,46500,0.0,0.0
2011-08-26 00:00:00-04:00,5.4811354549323745,5.773562556484482,5.436146697581194,5.728573799133301,68300,0.0,0.0
2011-08-29 00:00:00-04:00,5.78855832171071,5.848543684002165,5.691082867757111,5.841045379638672,48600,0.0,0.0
2011-08-30 00:00:00-04:00,5.78106144714122,5.818552260834718,5.623600601690767,5.79605770111084,34700,0.0,0.0
2011-08-31 00:00:00-04:00,5.833549169424041,5.833549169424041,5.578612465793541,5.63859748840332,104800,0.0,0.0
2011-09-01 00:00:00-04:00,5.623599290832685,5.7210750976831,5.271187225924248,5.308677673339844,49700,0.0,0.0
2011-09-02 00:00:00-04:00,5.22619847825141,5.3761613508971955,5.1437192737120085,5.173711776733398,91200,0.0,0.0
2011-09-06 00:00:00-04:00,5.016252451603257,5.263690854018929,5.016252451603257,5.196207523345947,55300,0.0,0.0
2011-09-07 00:00:00-04:00,5.308678679496696,5.466139518086758,5.2561919716592636,5.451143264770508,75700,0.0,0.0
2011-09-08 00:00:00-04:00,5.413652496835899,5.466139562640024,5.203704948697171,5.226199150085449,63300,0.0,0.0
2011-09-09 00:00:00-04:00,5.18870730930953,5.196205255256562,5.083733563279573,5.151216506958008,97700,0.0,0.0
2011-09-12 00:00:00-04:00,5.083734224144044,5.286183796574538,5.083734224144044,5.248692989349365,35700,0.0,0.0
2011-09-13 00:00:00-04:00,5.26368935474538,5.376161421318254,5.226198546708141,5.316176414489746,29800,0.0,0.0
2011-09-14 00:00:00-04:00,5.383659042685072,5.548618159022103,5.256191089655866,5.488633155822754,34400,0.0,0.0
2011-09-15 00:00:00-04:00,5.526123524264444,5.526123524264444,5.338670213203598,5.4586405754089355,24100,0.0,0.0
2011-09-16 00:00:00-04:00,5.496132332275398,5.533623146433398,5.3611660448766205,5.503630638122559,81200,0.0,0.0
2011-09-19 00:00:00-04:00,5.4211496084624144,5.481134609006257,5.2861833572387695,5.2861833572387695,57400,0.0,0.0
2011-09-20 00:00:00-04:00,5.316175608258159,5.338669803638041,5.121224008092306,5.151216506958008,64900,0.0,0.0
2011-09-21 00:00:00-04:00,5.166214732708372,5.28618513160423,5.068739252875329,5.076237201690674,79100,0.0,0.0
2011-09-22 00:00:00-04:00,4.948768022992204,5.106228854602131,4.836295949336704,4.926273822784424,106900,0.0,0.0
2011-09-23 00:00:00-04:00,4.941269874572754,5.016251134782135,4.896281118447124,4.941269874572754,52600,0.0,0.0
2011-09-26 00:00:00-04:00,5.0087521478276775,5.061239201595227,4.873785897832441,5.023748397827148,52900,0.0,0.0
2011-09-27 00:00:00-04:00,5.106228551566191,5.1512173068506995,4.978760232823992,5.0912322998046875,73200,0.0,0.0
2011-09-28 00:00:00-04:00,5.083732097577185,5.083732097577185,4.716323556092544,4.776308536529541,178000,0.0,0.0
2011-09-29 00:00:00-04:00,4.896281862749347,5.008753591391245,4.828798539533084,4.9562668800354,299000,0.0,0.0
2011-09-30 00:00:00-04:00,4.896281118447124,5.001254882740259,4.881284866405248,4.941269874572754,80100,0.0,0.0
2011-10-03 00:00:00-04:00,4.881285416953637,5.008753394916965,4.738820827718149,4.753817081451416,105200,0.0,0.0
2011-10-04 00:00:00-04:00,4.746318195457176,5.053741538168282,4.746318195457176,5.016251087188721,169900,0.0,0.0
2011-10-05 00:00:00-04:00,5.053741527650482,5.166213595432787,5.031247328617329,5.12872314453125,51200,0.0,0.0
2011-10-06 00:00:00-04:00,5.1287230222013145,5.2336967827761764,5.068738016158536,5.173711776733398,83500,0.0,0.0
2011-10-07 00:00:00-04:00,5.1887098337292885,5.1887098337292885,4.828799314697807,4.858791828155518,87300,0.0,0.0
2011-10-10 00:00:00-04:00,4.948767729300986,5.106228551566191,4.91877522577798,5.0912322998046875,113800,0.0,0.0
2011-10-11 00:00:00-04:00,5.023748477764786,5.061239282129416,4.948767226574334,5.053740978240967,59800,0.0,0.0
2011-10-12 00:00:00-04:00,5.0687373138467215,5.196205255256562,5.001254012629497,5.151216506958008,80900,0.0,0.0
2011-10-13 00:00:00-04:00,5.1362202575251565,5.17371105987668,5.076235259793752,5.151216506958008,39600,0.0,0.0
2011-10-14 00:00:00-04:00,5.1962066432084875,5.323674976205016,5.106229122577604,5.226199150085449,85000,0.0,0.0
2011-10-17 00:00:00-04:00,5.211203034563933,5.256192153608919,4.9412704655273885,4.963764667510986,86800,0.0,0.0
2011-10-18 00:00:00-04:00,5.001254477180596,5.166213236264468,4.963763671346668,5.083734035491943,110100,0.0,0.0
2011-10-19 00:00:00-04:00,5.0837343995063184,5.151217354285069,4.993756530569906,5.016251087188721,58800,0.0,0.0
2011-10-20 00:00:00-04:00,5.038745936687805,5.038745936687805,4.828798382992714,4.963764667510986,42100,0.0,0.0
2011-10-21 00:00:00-04:00,5.0612400453989,5.068738350418146,4.933771720382636,5.001255035400391,77100,0.0,0.0
2011-10-24 00:00:00-04:00,5.016251087188721,5.076236094787098,4.933771522971528,5.016251087188721,69900,0.0,0.0
2011-10-25 00:00:00-04:00,4.911276735928908,4.98625798645036,4.798804681377329,4.836295127868652,59500,0.0,0.0
2011-10-26 00:00:00-04:00,4.918775260835024,5.211202351037939,4.798805245887951,5.12872314453125,285700,0.0,0.0
2011-10-27 00:00:00-04:00,5.331173346781712,5.3461696004032815,5.136221692162425,5.301180839538574,262400,0.0,0.0
2011-10-28 00:00:00-04:00,5.286184499381148,5.413652474308367,5.263689940547591,5.3386712074279785,101500,0.0,0.0
2011-10-31 00:00:00-04:00,5.301181860606671,5.3536685796222585,5.218702271032086,5.331174373626709,133900,0.0,0.0
2011-11-01 00:00:00-04:00,5.121225967199523,5.3311738971130795,5.046244691351441,5.076237201690674,103000,0.0,0.0
2011-11-02 00:00:00-04:00,5.196206706648701,5.323675041201484,5.128723744121085,5.301180839538574,66100,0.0,0.0
2011-11-03 00:00:00-04:00,5.346168122690036,5.398654817088444,5.226197769339127,5.376160621643066,65200,0.0,0.0
2011-11-04 00:00:00-04:00,5.338669819182384,5.398654817088444,5.293681070752839,5.376160621643066,181100,0.0,0.0
2011-11-07 00:00:00-05:00,5.376160577472785,5.461128735242268,5.298916965103526,5.399333477020264,49200,0.21,0.0
2011-11-08 00:00:00-05:00,5.437958076735856,5.6078944738176615,5.36071442730175,5.5460991859436035,91300,0.0,0.0
2011-11-09 00:00:00-05:00,5.40705960533616,5.515200694311406,5.337540149688721,5.337540149688721,96600,0.0,0.0
2011-11-10 00:00:00-05:00,5.414783336953276,5.553821858967403,5.414783336953276,5.476578235626221,53200,0.0,0.0
2011-11-11 00:00:00-05:00,5.553821517682854,5.592443142816807,5.49202662280723,5.5769944190979,73000,0.0,0.0
2011-11-14 00:00:00-05:00,5.561546629152709,5.5847199027851335,5.414783913345217,5.484302997589111,71200,0.0,0.0
2011-11-15 00:00:00-05:00,5.484303379680605,5.584720291872675,5.407059742735441,5.569271564483643,65100,0.0,0.0
2011-11-16 00:00:00-05:00,5.522924684974589,5.716033937118269,5.468853961776758,5.515200138092041,64500,0.0,0.0
2011-11-17 00:00:00-05:00,5.522925213384997,5.6310663018004785,5.453405758097407,5.492027759552002,72800,0.0,0.0
2011-11-18 00:00:00-05:00,5.484301926284622,5.615616258455119,5.484301926284622,5.592442989349365,28200,0.0,0.0
2011-11-21 00:00:00-05:00,5.5074770660192245,5.569271980187881,5.3838868693551705,5.407060146331787,61300,0.0,0.0
2011-11-22 00:00:00-05:00,5.4070595773479155,5.5152006657633965,5.4070595773479155,5.492027759552002,53800,0.0,0.0
2011-11-23 00:00:00-05:00,5.515199262619693,5.515199262619693,5.298917140813923,5.314365863800049,77800,0.0,0.0
2011-11-25 00:00:00-05:00,5.298918188231616,5.445681269773241,5.275744915008545,5.275744915008545,37400,0.0,0.0
2011-11-28 00:00:00-05:00,5.453406492063197,5.538374685703025,5.283470473110292,5.391611576080322,88100,0.0,0.0
2011-11-29 00:00:00-05:00,5.391610850431418,5.5074764864685,5.391610850431418,5.492027759552002,80800,0.0,0.0
2011-11-30 00:00:00-05:00,5.6696866216096415,5.677410798613526,5.492026130601185,5.638789176940918,260300,0.0,0.0
2011-12-01 00:00:00-05:00,5.600168372728373,5.615617098333867,5.5229247447009024,5.5383734703063965,94200,0.0,0.0
2011-12-02 00:00:00-05:00,5.615618387813779,5.654240394859385,5.5692722003551065,5.600169658660889,47800,0.0,0.0
2011-12-05 00:00:00-05:00,5.638789176940918,5.661962076279163,5.530647752273793,5.638789176940918,66000,0.0,0.0
2011-12-06 00:00:00-05:00,5.631064631610441,5.74693023328145,5.5692697422729935,5.638789176940918,56000,0.0,0.0
2011-12-07 00:00:00-05:00,5.553822533313976,5.700585619645558,5.553822533313976,5.646514892578125,39800,0.0,0.0
2011-12-08 00:00:00-05:00,5.569271982194691,5.661964353481076,5.422508876827878,5.45340633392334,59600,0.0,0.0
2011-12-09 00:00:00-05:00,5.484303231921608,5.700585777867659,5.484303231921608,5.63106632232666,86400,0.0,0.0
2011-12-12 00:00:00-05:00,5.569271820991854,5.569271820991854,5.407059991772538,5.468854904174805,65500,0.0,0.0
2011-12-13 00:00:00-05:00,5.530648448418818,5.584719167558285,5.360712481350928,5.383885383605957,68600,0.0,0.0
2011-12-14 00:00:00-05:00,5.368437271327744,5.5538223521350325,5.368437271327744,5.522924900054932,94200,0.0,0.0
2011-12-15 00:00:00-05:00,5.576994094829935,5.63106480886554,5.515199203547303,5.561545372009277,63800,0.0,0.0
2011-12-16 00:00:00-05:00,5.615618387813779,5.685137853165166,5.600169658660889,5.600169658660889,196900,0.0,0.0
2011-12-19 00:00:00-05:00,5.646514379221758,5.6774118295007465,5.499751306233231,5.507475852966309,62700,0.0,0.0
2011-12-20 00:00:00-05:00,5.6233422063977185,5.716034569279539,5.615617658660879,5.700585842132568,91400,0.0,0.0
2011-12-21 00:00:00-05:00,5.66968818228364,5.762380541804891,5.646514908239979,5.7392072677612305,41000,0.0,0.0
2011-12-22 00:00:00-05:00,5.754656138109144,5.7932781397045225,5.600168868381039,5.63106632232666,77600,0.0,0.0
2011-12-23 00:00:00-05:00,5.685136580091119,5.746931482864934,5.569270953226878,5.677412033081055,32500,0.0,0.0
2011-12-27 00:00:00-05:00,5.677411124698735,5.692859847920403,5.631064955033732,5.654238224029541,28400,0.0,0.0
2011-12-28 00:00:00-05:00,5.654238624647238,5.716033521912239,5.553821732428291,5.584719181060791,49100,0.0,0.0
2011-12-29 00:00:00-05:00,5.623342366367527,5.73920763910252,5.615617818410943,5.731483459472656,38200,0.0,0.0
2011-12-30 00:00:00-05:00,5.708310657858489,5.754656844465693,5.661964471251284,5.685137748718262,44000,0.0,0.0
2012-01-03 00:00:00-05:00,5.777829014570307,5.839623918203142,5.754655741544654,5.793277740478516,61300,0.0,0.0
2012-01-04 00:00:00-05:00,5.739206850778424,5.808726299531767,5.731482672209536,5.762380123138428,28800,0.0,0.0
2012-01-05 00:00:00-05:00,5.7314828368456805,5.80100228759596,5.677412112003609,5.793277740478516,29100,0.0,0.0
2012-01-06 00:00:00-05:00,5.785553821861861,5.801002917775027,5.685137276713315,5.731483459472656,37400,0.0,0.0
2012-01-09 00:00:00-05:00,5.754655741544654,5.816451013504168,5.746931562753889,5.793277740478516,33800,0.0,0.0
2012-01-10 00:00:00-05:00,5.87824568716366,5.940040588378906,5.785552967014125,5.940040588378906,42500,0.0,0.0
2012-01-11 00:00:00-05:00,5.901418860793764,5.978662490844727,5.7469316006918385,5.978662490844727,38700,0.0,0.0
2012-01-12 00:00:00-05:00,5.963214666588249,5.994112491607666,5.816451931461389,5.994112491607666,66900,0.0,0.0
2012-01-13 00:00:00-05:00,5.924593715554941,5.940042445689205,5.808728055384579,5.870522975921631,35000,0.0,0.0
2012-01-17 00:00:00-05:00,5.909143368953422,5.909143368953422,5.785553193361071,5.793277740478516,37900,0.0,0.0
2012-01-18 00:00:00-05:00,5.7237583571461785,5.862797260284424,5.70058545217426,5.862797260284424,37600,0.0,0.0
2012-01-19 00:00:00-05:00,5.870522031536177,5.97866312507946,5.862797851875017,5.96321439743042,37400,0.0,0.0
2012-01-20 00:00:00-05:00,5.9554876750458,6.179494314479559,5.9554876750458,6.156321048736572,95500,0.0,0.0
2012-01-23 00:00:00-05:00,6.164047059922099,6.194944877705872,6.06363016502313,6.086803436279297,18400,0.0,0.0
2012-01-24 00:00:00-05:00,6.079079263470561,6.372605419684746,6.001835635079111,6.333983421325684,74200,0.0,0.0
2012-01-25 00:00:00-05:00,6.326259298498195,6.326259298498195,5.878246223788557,6.009560585021973,150900,0.0,0.0
2012-01-26 00:00:00-05:00,6.009559495925792,6.279912348591022,6.0018349498052785,6.225841999053955,130600,0.0,0.0
2012-01-27 00:00:00-05:00,6.187219959231728,6.264463209904379,6.140873419505531,6.249014854431152,32900,0.0,0.0
2012-01-30 00:00:00-05:00,6.179497345246546,6.256741356723523,6.12542661087801,6.140875339508057,84800,0.0,0.0
2012-01-31 00:00:00-05:00,6.179496073225002,6.264463879036645,6.140874075436678,6.17177152633667,193300,0.0,0.0
2012-02-01 00:00:00-05:00,6.2026699120895,6.511645204310832,6.148599549028482,6.465298652648926,68500,0.0,0.0
2012-02-02 00:00:00-05:00,6.4498486058213285,6.488469862673335,6.310809723863687,6.473021507263184,65200,0.0,0.0
2012-02-03 00:00:00-05:00,6.54254127081181,6.704753062208907,6.457572733580342,6.642958164215088,83600,0.0,0.0
2012-02-06 00:00:00-05:00,6.635179972650102,6.775195735529526,6.347370370376021,6.425157070159912,45400,0.06,0.0
2012-02-07 00:00:00-05:00,6.401819613536845,6.440712957343769,6.316254850624675,6.394041538238525,60500,0.0,0.0
2012-02-08 00:00:00-05:00,6.4018211764404995,6.417378814492954,6.285141858363142,6.355149745941162,40100,0.0,0.0
2012-02-09 00:00:00-05:00,6.362927429698556,6.386263140784685,6.29291955461129,6.308476448059082,27400,0.0,0.0
2012-02-10 00:00:00-05:00,6.254026239847994,6.316255297611347,6.254026239847994,6.261805057525635,40900,0.0,0.0
2012-02-13 00:00:00-05:00,6.292919481573032,6.386263066663042,6.254026135661643,6.37848424911499,23100,0.0,0.0
2012-02-14 00:00:00-05:00,6.347370926914935,6.541836951596539,6.277363039336915,6.355149745941162,34300,0.0,0.0
2012-02-15 00:00:00-05:00,6.378484664371518,6.448492543203945,6.238469648535584,6.2695841789245605,76500,0.0,0.0
2012-02-16 00:00:00-05:00,6.261805637613489,6.432935933230501,6.254026819215226,6.401820659637451,38700,0.0,0.0
2012-02-17 00:00:00-05:00,6.425157114832239,6.510721891726269,6.355149232905782,6.401820659637451,73600,0.0,0.0
2012-02-21 00:00:00-05:00,6.3940430992432855,6.3940430992432855,6.3318140306914925,6.355149745941162,23200,0.0,0.0
2012-02-22 00:00:00-05:00,6.362926428737019,6.3784833197375335,6.230689517003211,6.331811904907227,22800,0.0,0.0
2012-02-23 00:00:00-05:00,6.355149665299712,6.510722334705108,6.292920597537554,6.502943515777588,54400,0.0,0.0
2012-02-24 00:00:00-05:00,6.487385037166186,6.487385037166186,6.347369297943404,6.409598350524902,24900,0.0,0.0
2012-02-27 00:00:00-05:00,6.33959107534502,6.386263240071769,6.308476546136819,6.370705604553223,67500,0.0,0.0
2012-02-28 00:00:00-05:00,6.35514761232238,6.3784833197375335,6.222910700588572,6.331811904907227,43000,0.0,0.0
2012-02-29 00:00:00-05:00,6.347370055773856,6.355148873732484,6.137346792778823,6.168461322784424,188300,0.0,0.0
2012-03-01 00:00:00-05:00,6.191798274948844,6.27736305901858,6.028446784030973,6.1062331199646,59600,0.0,0.0
2012-03-02 00:00:00-05:00,6.1217896709245,6.137346936291083,5.888430690425759,5.95065975189209,97700,0.0,0.0
2012-03-05 00:00:00-05:00,5.91954428361239,6.207353832767683,5.91954428361239,6.067338466644287,123100,0.0,0.0
2012-03-06 00:00:00-05:00,6.020666827346547,6.075117437668637,5.849536920628382,5.865094184875488,33500,0.0,0.0
2012-03-07 00:00:00-05:00,5.911765466703887,6.129567518254685,5.888429757807191,6.067338466644287,64800,0.0,0.0
2012-03-08 00:00:00-05:00,6.090675588856474,6.090675588856474,5.958438638042151,6.051782608032227,29500,0.0,0.0
2012-03-09 00:00:00-05:00,6.0362243384151215,6.246247215976172,6.020666703573412,6.199575424194336,33500,0.0,0.0
2012-03-12 00:00:00-04:00,6.176241160358854,6.308477749255943,6.145126625216655,6.215134143829346,58500,0.0,0.0
2012-03-13 00:00:00-04:00,6.285141944493344,6.417378902435303,6.238470513354431,6.417378902435303,54600,0.0,0.0
2012-03-14 00:00:00-04:00,6.417378508785257,6.417378508785257,6.300699196266207,6.347370624542236,42200,0.0,0.0
2012-03-15 00:00:00-04:00,6.347369034284464,6.347369034284464,6.168460330087015,6.254025459289551,26000,0.0,0.0
2012-03-16 00:00:00-04:00,6.277363214113744,6.277363214113744,6.129569357645555,6.215134143829346,91900,0.0,0.0
2012-03-19 00:00:00-04:00,6.176240694177004,6.417378508785257,6.176240694177004,6.347370624542236,43200,0.0,0.0
2012-03-20 00:00:00-04:00,6.285139748248157,6.417376659981965,6.230689517003211,6.331811904907227,53900,0.0,0.0
2012-03-21 00:00:00-04:00,6.339591714192234,6.401820778879524,6.246248117161298,6.285141468048096,18700,0.0,0.0
2012-03-22 00:00:00-04:00,6.215133399581111,6.2462479309974155,6.090675273915894,6.1606831550598145,46900,0.0,0.0
2012-03-23 00:00:00-04:00,6.145125733130606,6.331813287796943,6.114011202505294,6.300698757171631,37700,0.0,0.0
2012-03-26 00:00:00-04:00,6.386263764669879,6.417378296433976,6.300698987775849,6.401820659637451,50400,0.0,0.0
2012-03-27 00:00:00-04:00,6.4095997750691,6.4095997750691,6.254027109039071,6.277362823486328,30200,0.0,0.0
2012-03-28 00:00:00-04:00,6.269582865902369,6.285139756924359,6.137345583071634,6.230689525604248,56100,0.0,0.0
2012-03-29 00:00:00-04:00,6.168460223990859,6.246246535148714,6.106231175064576,6.19179630279541,56400,0.0,0.0
2012-03-30 00:00:00-04:00,6.246247623311764,6.246247623311764,6.106232238835451,6.152904033660889,126800,0.0,0.0
2012-04-02 00:00:00-04:00,6.145125286389965,6.37848424911499,6.145125286389965,6.37848424911499,55100,0.0,0.0
2012-04-03 00:00:00-04:00,6.355147621095223,6.355147621095223,6.12956713756064,6.230689525604248,73400,0.0,0.0
2012-04-04 00:00:00-04:00,6.145124781157285,6.160682044059884,6.044002386833186,6.067338466644287,43000,0.0,0.0
2012-04-05 00:00:00-04:00,6.0362240348866045,6.090674270436863,6.012887954711914,6.012887954711914,20700,0.0,0.0
2012-04-09 00:00:00-04:00,5.888430697773796,5.935102493931784,5.833980083465576,5.833980083465576,31800,0.0,0.0
2012-04-10 00:00:00-04:00,5.833978637562604,5.865093160623121,5.522833036043057,5.616176605224609,91700,0.0,0.0
2012-04-11 00:00:00-04:00,5.693964350387832,5.79508638381958,5.678407085943375,5.79508638381958,44900,0.0,0.0
2012-04-12 00:00:00-04:00,5.771752118060493,5.888431816071854,5.678408508017219,5.81064510345459,49700,0.0,0.0
2012-04-13 00:00:00-04:00,5.763972040631036,5.802865388452442,5.569506043352909,5.608399391174316,35000,0.0,0.0
2012-04-16 00:00:00-04:00,5.616176872268635,5.779528311560748,5.616176872268635,5.7095208168029785,18100,0.0,0.0
2012-04-17 00:00:00-04:00,5.7873079860832375,5.8884303912861125,5.756193456930729,5.82620096206665,48400,0.0,0.0
2012-04-18 00:00:00-04:00,5.76397337310299,5.76397337310299,5.647294044494629,5.647294044494629,32300,0.0,0.0
2012-04-19 00:00:00-04:00,5.655070777400246,5.717299832686529,5.53839111328125,5.53839111328125,46800,0.0,0.0
2012-04-20 00:00:00-04:00,5.647293264913029,5.725079596885421,5.5617281142861525,5.639514446258545,52800,0.0,0.0
2012-04-23 00:00:00-04:00,5.5383915660883725,5.616177891555872,5.468384058624852,5.522834300994873,39600,0.0,0.0
2012-04-24 00:00:00-04:00,5.522834319353374,5.678407341719972,5.522834319353374,5.655071258544922,32900,0.0,0.0
2012-04-25 00:00:00-04:00,5.725078961781304,5.810643732001677,5.608399291309177,5.6628499031066895,86700,0.0,0.0
2012-04-26 00:00:00-04:00,5.631734725617074,5.709521416045523,5.546169959608866,5.670628070831299,37100,0.0,0.0
2012-04-27 00:00:00-04:00,5.6784087037288735,5.833981392496289,5.6395153460797465,5.74063777923584,61700,0.0,0.0
2012-04-30 00:00:00-04:00,5.7561948497199475,5.880652996444313,5.709523044698311,5.81064510345459,83000,0.0,0.0
2012-05-01 00:00:00-04:00,5.833979680430294,5.997331141155497,5.76397180557251,5.76397180557251,49000,0.0,0.0
2012-05-02 00:00:00-04:00,5.748413787020763,5.833978914962915,5.678406292262994,5.7095208168029785,46000,0.0,0.0
2012-05-03 00:00:00-04:00,5.709522315623158,5.810644361466699,5.6628505165612575,5.756194114685059,50000,0.0,0.0
2012-05-04 00:00:00-04:00,5.71729950272292,5.71729950272292,5.569505319490456,5.631734371185303,53200,0.0,0.0
2012-05-07 00:00:00-04:00,5.600620197811466,5.709521416045523,5.600620197811466,5.670628070831299,18000,0.0,0.0
2012-05-08 00:00:00-04:00,5.622908896153441,5.917177014621822,5.622908896153441,5.877410888671875,61600,0.16,0.0
2012-05-09 00:00:00-04:00,5.805832779517402,5.901271033067245,5.734253899736066,5.837645530700684,40000,0.0,0.0
2012-05-10 00:00:00-04:00,5.869458198547363,5.956943073440291,5.781972944416532,5.869458198547363,26000,0.0,0.0
2012-05-11 00:00:00-04:00,5.8137867730014525,5.82969315131623,5.68653574648324,5.718348503112793,49800,0.0,0.0
2012-05-14 00:00:00-04:00,5.654722642137424,5.686535396810768,5.567237377166748,5.567237377166748,34200,0.0,0.0
2012-05-15 00:00:00-04:00,5.567237197196389,5.622909705694011,5.519518066728972,5.52747106552124,25000,0.0,0.0
2012-05-16 00:00:00-04:00,5.527470729143296,5.638815739362563,5.527470729143296,5.58314323425293,24000,0.0,0.0
2012-05-17 00:00:00-04:00,5.575190799053984,5.726301195315135,5.535424665782342,5.551331043243408,47600,0.0,0.0
2012-05-18 00:00:00-04:00,5.535423514272985,5.686534258337199,5.535423514272985,5.630861759185791,145600,0.0,0.0
2012-05-21 00:00:00-04:00,5.638814877613519,5.781972238425878,5.5831423810120056,5.774019241333008,36400,0.0,0.0
2012-05-22 00:00:00-04:00,5.77401982612719,5.781972824025541,5.638815448714166,5.694487571716309,69000,0.0,0.0
2012-05-23 00:00:00-04:00,5.630862501235221,5.766066888964879,5.527470866002197,5.710394382476807,53000,0.0,0.0
2012-05-24 00:00:00-04:00,5.742207836512967,5.742207836512967,5.622910189694666,5.734254837036133,35000,0.0,0.0
2012-05-25 00:00:00-04:00,5.7501608673461995,5.7501608673461995,5.614956471278082,5.686535358428955,536100,0.0,0.0
2012-05-29 00:00:00-04:00,5.7501608673461995,5.7501608673461995,5.646769225736704,5.686535358428955,23900,0.0,0.0
2012-05-30 00:00:00-04:00,5.62290919341116,5.6388155687844606,5.567236689985658,5.57519006729126,36000,0.0,0.0
2012-05-31 00:00:00-04:00,5.575189639272258,5.702440632489333,5.575189639272258,5.630861759185791,80600,0.0,0.0
2012-06-01 00:00:00-04:00,5.51951824515673,5.678582018523457,5.51951824515673,5.567237377166748,129600,0.0,0.0
2012-06-04 00:00:00-04:00,5.607003127320384,5.67062863232317,5.5831433733253775,5.638815879821777,81600,0.0,0.0
2012-06-05 00:00:00-04:00,5.575189074998059,5.718346427878073,5.5592823232179995,5.591095447540283,65300,0.0,0.0
2012-06-06 00:00:00-04:00,5.6467677663080265,5.70244026184082,5.591095650013083,5.70244026184082,48400,0.0,0.0
2012-06-07 00:00:00-04:00,5.797879999034133,5.797879999034133,5.678581980195326,5.686535358428955,69500,0.0,0.0
2012-06-08 00:00:00-04:00,5.662675945554776,5.766067593419409,5.646769567363138,5.734254837036133,137600,0.0,0.0
2012-06-11 00:00:00-04:00,5.789926600482952,5.789926600482952,5.614956083797076,5.654722213745117,61900,0.0,0.0
2012-06-12 00:00:00-04:00,5.6388166115389105,5.766067638057123,5.59109747659458,5.718348503112793,42500,0.0,0.0
2012-06-13 00:00:00-04:00,5.734253380793602,5.7660661290978705,5.5910960134243926,5.630861759185791,41400,0.0,0.0
2012-06-14 00:00:00-04:00,5.654722730792299,5.83764626265089,5.654722730792299,5.813786506652832,60000,0.0,0.0
2012-06-15 00:00:00-04:00,5.797880868248837,5.86150638670478,5.766068109020866,5.821740627288818,96600,0.0,0.0
2012-06-18 00:00:00-04:00,5.758114214704605,5.766067593419409,5.7103950801296905,5.734254837036133,59200,0.0,0.0
2012-06-19 00:00:00-04:00,5.742206115247961,5.8535511084509855,5.734253118155091,5.774019241333008,75000,0.0,0.0
2012-06-20 00:00:00-04:00,5.75811243057251,5.837644676125867,5.750159433559886,5.75811243057251,39800,0.0,0.0
2012-06-21 00:00:00-04:00,5.750159347868419,5.750159347868419,5.591095617607849,5.599048614501953,38300,0.0,0.0
2012-06-22 00:00:00-04:00,5.662674862643215,5.710393988092478,5.64676848749346,5.678581237792969,345000,0.0,0.0
2012-06-25 00:00:00-04:00,5.5990484056283725,5.686533643626957,5.5990484056283725,5.607001781463623,25600,0.0,0.0
2012-06-26 00:00:00-04:00,5.64676852860407,5.710394029666306,5.607002780059123,5.662674903869629,23300,0.0,0.0
2012-06-27 00:00:00-04:00,5.670629324269581,5.750161215227771,5.670629324269581,5.734254837036133,23500,0.0,0.0
2012-06-28 00:00:00-04:00,5.662674862643215,5.710393988092478,5.575189988938513,5.678581237792969,33100,0.0,0.0
2012-06-29 00:00:00-04:00,5.774018688541021,5.813784428673996,5.75015894107098,5.805831432342529,72800,0.0,0.0
2012-07-02 00:00:00-04:00,5.797878653108481,5.956942388476369,5.694487035500424,5.948989391326904,43200,0.0,0.0
2012-07-03 00:00:00-04:00,5.925129403422562,6.16372537612915,5.917176406592526,6.16372537612915,48500,0.0,0.0
2012-07-05 00:00:00-04:00,6.131913326084881,6.131913326084881,5.948989827384685,5.964896202087402,55900,0.0,0.0
2012-07-06 00:00:00-04:00,5.909223267866002,5.972849141251017,5.901270270716537,5.948989391326904,63500,0.0,0.0
2012-07-09 00:00:00-04:00,5.925129641402791,6.004661888324595,5.925129641402791,5.948989391326904,28500,0.0,0.0
2012-07-10 00:00:00-04:00,5.980803321446013,6.028522451495563,5.941037190119087,5.972850322723389,58800,0.0,0.0
2012-07-11 00:00:00-04:00,5.980803395775751,5.980803395775751,5.877411756431134,5.909224510192871,80400,0.0,0.0
2012-07-12 00:00:00-04:00,5.845597931102005,5.941036174892257,5.837644933738419,5.885364055633545,55000,0.0,0.0
2012-07-13 00:00:00-04:00,5.885364328573814,6.028521700898273,5.885364328573814,5.964896202087402,132400,0.0,0.0
2012-07-16 00:00:00-04:00,5.933083828325841,5.964896579745449,5.885364701196426,5.893317699432373,29700,0.0,0.0
2012-07-17 00:00:00-04:00,5.948990598883499,5.948990598883499,5.734254322929651,5.925130844116211,65300,0.0,0.0
2012-07-18 00:00:00-04:00,5.933082975568963,5.9489893489925585,5.710393368400769,5.774019241333008,60800,0.0,0.0
2012-07-19 00:00:00-04:00,5.813786506652832,5.877412016997045,5.7819737514807255,5.813786506652832,76800,0.0,0.0
2012-07-20 00:00:00-04:00,5.821737804243283,5.845597172475504,5.805831432342529,5.805831432342529,107500,0.0,0.0
2012-07-23 00:00:00-04:00,5.694487894082386,5.877411406954537,5.694487894082386,5.789926528930664,65700,0.0,0.0
2012-07-24 00:00:00-04:00,5.829693106185962,5.8455994843776,5.7103950801296905,5.734254837036133,39200,0.0,0.0
2012-07-25 00:00:00-04:00,5.789926262352137,5.829692010739943,5.74220675750613,5.781972885131836,25800,0.0,0.0
2012-07-26 00:00:00-04:00,5.853552640236943,5.853552640236943,5.766067373894672,5.813786506652832,51400,0.0,0.0
2012-07-27 00:00:00-04:00,5.829692625788527,5.941037263954609,5.805833250086193,5.909224510192871,75500,0.0,0.0
2012-07-30 00:00:00-04:00,5.941036614631062,5.948989991821204,5.885364491251656,5.901270866394043,54400,0.0,0.0
2012-07-31 00:00:00-04:00,5.901271258678368,5.996709515876905,5.901271258678368,5.933084011077881,35100,0.0,0.0
2012-08-01 00:00:00-04:00,5.941036386801483,6.020568638701376,5.845598139607071,5.877410888671875,98300,0.0,0.0
2012-08-02 00:00:00-04:00,5.861504514139472,5.9569427613338854,5.861504514139472,5.877410888671875,65000,0.0,0.0
2012-08-03 00:00:00-04:00,5.964896471436355,6.092147474804202,5.821739092647529,6.04442834854126,88000,0.0,0.0
2012-08-06 00:00:00-04:00,6.0762415358653605,6.163726796584144,5.964896899920139,6.060335159301758,31300,0.0,0.0
2012-08-07 00:00:00-04:00,6.116449195526805,6.204628396247704,6.0523187287306115,6.180579662322998,40700,0.06,0.0
2012-08-08 00:00:00-04:00,6.148512413506801,6.164545024950527,6.052316744844446,6.0763654708862305,23900,0.0,0.0
2012-08-09 00:00:00-04:00,6.068350150638273,6.068350150638273,5.980170585031227,6.036284923553467,21500,0.0,0.0
2012-08-10 00:00:00-04:00,6.036286344037701,6.036286344037701,5.940090257898357,5.956122875213623,29900,0.0,0.0
2012-08-13 00:00:00-04:00,5.9080243984357015,5.972154860914333,5.835877819271095,5.916040897369385,37800,0.0,0.0
2012-08-14 00:00:00-04:00,5.93207280360107,5.980170644708255,5.908023691923646,5.964138031005859,33100,0.0,0.0
2012-08-15 00:00:00-04:00,5.924058343276545,6.020254440826371,5.924058343276545,6.004221439361572,32100,0.0,0.0
2012-08-16 00:00:00-04:00,5.988186775820317,6.068350226785908,5.940088934589561,6.060333728790283,35600,0.0,0.0
2012-08-17 00:00:00-04:00,6.036285717509111,6.212644489672101,6.004220103959041,6.204627990722656,42100,0.0,0.0
2012-08-20 00:00:00-04:00,6.164546562910817,6.220660908087335,6.164546562910817,6.188595294952393,11900,0.0,0.0
2012-08-21 00:00:00-04:00,6.212642950625555,6.276773397343362,6.052316833831038,6.084382057189941,34800,0.0,0.0
2012-08-22 00:00:00-04:00,6.068350952151667,6.164546646111702,5.924057028963907,6.10041618347168,15200,0.0,0.0
2012-08-23 00:00:00-04:00,6.076367379325526,6.076367379325526,5.956122564607804,5.9801716804504395,19800,0.0,0.0
2012-08-24 00:00:00-04:00,5.948106690072148,6.108432861402498,5.948106690072148,6.020253658294678,37200,0.0,0.0
2012-08-27 00:00:00-04:00,6.028268485815439,6.044301099517835,5.883974962493885,5.964138031005859,37600,0.0,0.0
2012-08-28 00:00:00-04:00,5.964138091980457,5.996203319713067,5.883975022648932,5.891991138458252,43000,0.0,0.0
2012-08-29 00:00:00-04:00,5.964138821984665,5.964138821984665,5.683567853858908,5.835877895355225,64000,0.0,0.0
2012-08-30 00:00:00-04:00,5.843893994418006,5.89199184175814,5.7396818007238615,5.755714416503906,49200,0.0,0.0
2012-08-31 00:00:00-04:00,5.81984598065979,5.81984598065979,5.6996011563346,5.8038129806518555,216400,0.0,0.0
2012-09-04 00:00:00-04:00,5.8118293254332745,5.9160415292149855,5.715633621441425,5.859927177429199,71900,0.0,0.0
2012-09-05 00:00:00-04:00,5.883976936340332,5.916042174501768,5.771748220527516,5.883976936340332,77300,0.0,0.0
2012-09-06 00:00:00-04:00,5.924057245097123,5.940089861342063,5.8038124321362154,5.875959396362305,67900,0.0,0.0
2012-09-07 00:00:00-04:00,5.924057172216269,5.924057172216269,5.811828859882384,5.851910591125488,68600,0.0,0.0
2012-09-10 00:00:00-04:00,5.827861706801239,5.972155256946719,5.763731240069915,5.811829090118408,55300,0.0,0.0
2012-09-11 00:00:00-04:00,5.79579703478191,5.883976626201897,5.7637317983106,5.819846153259277,109600,0.0,0.0
2012-09-12 00:00:00-04:00,5.827861539726303,5.8358780389617655,5.739681959374824,5.787779808044434,60900,0.0,0.0
2012-09-13 00:00:00-04:00,5.787781704612293,5.875961313858886,5.723651218704898,5.867945194244385,166000,0.0,0.0
2012-09-14 00:00:00-04:00,5.867945194244385,5.924059178289432,5.747700342044094,5.867945194244385,97300,0.0,0.0
2012-09-17 00:00:00-04:00,5.843892517681242,5.972153411510396,5.755712962049891,5.924055576324463,447300,0.0,0.0
2012-09-18 00:00:00-04:00,5.875959246588809,5.996204056484773,5.811828783243685,5.932073593139648,160900,0.0,0.0
2012-09-19 00:00:00-04:00,5.964139929541946,6.004221285433008,5.9080255725971185,5.972156047821045,58500,0.0,0.0
2012-09-20 00:00:00-04:00,5.940090656280518,5.956123274671038,5.875960182718436,5.940090656280518,36200,0.0,0.0
2012-09-21 00:00:00-04:00,6.012237226940928,6.012237226940928,5.932074140364598,5.956122875213623,120700,0.0,0.0
2012-09-24 00:00:00-04:00,5.940088169827262,6.09239817190586,5.843892499750552,6.084382057189941,81300,0.0,0.0
2012-09-25 00:00:00-04:00,6.084384521733348,6.0924006396962795,5.988188430443794,6.012237548828125,87400,0.0,0.0
2012-09-26 00:00:00-04:00,6.036286106731594,6.148514423526393,5.9721552577439745,6.092400074005127,46100,0.0,0.0
2012-09-27 00:00:00-04:00,6.100417139906979,6.100417139906979,5.956123194096532,6.012237548828125,66700,0.0,0.0
2012-09-28 00:00:00-04:00,5.972156200927561,6.100417536911399,5.972156200927561,6.004221439361572,69700,0.0,0.0
2012-10-01 00:00:00-04:00,6.052318892560748,6.060335010003393,5.9240575732487235,6.020253658294678,55400,0.0,0.0
2012-10-02 00:00:00-04:00,6.0523195240987375,6.0523195240987375,5.9240581914031,5.972156047821045,60500,0.0,0.0
2012-10-03 00:00:00-04:00,5.948106757679864,6.004220727159421,5.924057640583091,5.956122875213623,51700,0.0,0.0
2012-10-04 00:00:00-04:00,5.9641391428383255,6.012236992911893,5.88397605938238,5.996204376220703,63000,0.0,0.0
2012-10-05 00:00:00-04:00,6.012236913408802,6.0683512622097995,5.924057331649442,5.9801716804504395,50300,0.0,0.0
2012-10-08 00:00:00-04:00,5.93207414841006,6.036286352224502,5.883976296399029,5.94810676574707,30500,0.0,0.0
2012-10-09 00:00:00-04:00,5.980170644708255,6.012235872113044,5.891991078221251,5.964138031005859,61800,0.0,0.0
2012-10-10 00:00:00-04:00,6.004220414045347,6.012236913408802,5.924057331649442,5.9801716804504395,66400,0.0,0.0
2012-10-11 00:00:00-04:00,6.028268485815439,6.028268485815439,5.90000757619628,5.964138031005859,57900,0.0,0.0
2012-10-12 00:00:00-04:00,5.972155893061558,6.004221129842599,5.924058037889997,5.940090656280518,58800,0.0,0.0
2012-10-15 00:00:00-04:00,5.972155500628712,5.972155500628712,5.883976296399029,5.94810676574707,48900,0.0,0.0
2012-10-16 00:00:00-04:00,5.99620551392226,5.99620551392226,5.779764956400577,5.843895435333252,141400,0.0,0.0
2012-10-17 00:00:00-04:00,5.867943207173186,5.875959324073176,5.763731011739291,5.851910591125488,67200,0.0,0.0
2012-10-18 00:00:00-04:00,5.851911714070694,5.851911714070694,5.6835690221421,5.70761775970459,86800,0.0,0.0
2012-10-19 00:00:00-04:00,5.675551579743864,5.827861627276255,5.6114211138876415,5.7957963943481445,122500,0.0,0.0
2012-10-22 00:00:00-04:00,5.771746951846859,5.811828681862233,5.635469910739542,5.739681720733643,231300,0.0,0.0
2012-10-23 00:00:00-04:00,5.731666088104248,5.763731321925294,5.651503003551632,5.731666088104248,73600,0.0,0.0
2012-10-24 00:00:00-04:00,5.731666478763215,5.73968259664097,5.651503388746843,5.723649978637695,43200,0.0,0.0
2012-10-25 00:00:00-04:00,5.77976369060459,5.787779807591704,5.659518877816112,5.69158411026001,39600,0.0,0.0
2012-10-26 00:00:00-04:00,5.731666088104248,5.763731321925294,5.611421270151455,5.731666088104248,73000,0.0,0.0
2012-10-31 00:00:00-04:00,5.75571583567692,5.891993294532759,5.691585356744245,5.843895435333252,91800,0.0,0.0
2012-11-01 00:00:00-04:00,5.859926691410345,5.859926691410345,5.707616648265213,5.77174711227417,114900,0.0,0.0
2012-11-02 00:00:00-04:00,5.795797193833194,5.8198463129705305,5.691584981317707,5.763731956481934,114000,0.0,0.0
2012-11-05 00:00:00-05:00,5.7717474392566865,5.7717474392566865,5.667535620462155,5.731666088104248,747100,0.0,0.0
2012-11-06 00:00:00-05:00,5.7637317983106,5.8278622712532195,5.675552206890613,5.819846153259277,75200,0.0,0.0
2012-11-07 00:00:00-05:00,5.844436229724819,5.844436229724819,5.647708863416352,5.680496692657471,163300,0.16,0.0
2012-11-08 00:00:00-05:00,5.6559062004089355,5.811648589808717,5.614921217091499,5.6559062004089355,88500,0.0,0.0
2012-11-09 00:00:00-05:00,5.65590502013197,5.713283515768486,5.614920045367297,5.6395111083984375,59300,0.0,0.0
2012-11-12 00:00:00-05:00,5.664103249592743,5.680497165578151,5.549345837694884,5.606724739074707,73200,0.0,0.0
2012-11-13 00:00:00-05:00,5.532951354980469,5.590330250483088,5.491966373784062,5.532951354980469,138000,0.0,0.0
2012-11-14 00:00:00-05:00,5.573938339376444,5.582135104044486,5.43458982226275,5.467377662658691,196700,0.0,0.0
2012-11-15 00:00:00-05:00,5.467376296887643,5.614921541812024,5.3854067163740975,5.401800632476807,129300,0.0,0.0
2012-11-16 00:00:00-05:00,5.385405834854004,5.459178249809725,5.28704196347683,5.409996509552002,114500,0.0,0.0
2012-11-19 00:00:00-05:00,5.4673748958333706,5.47557165635335,5.377208184943445,5.442783832550049,87000,0.0,0.0
2012-11-20 00:00:00-05:00,5.450981686147471,5.4755723617369645,5.352618202066016,5.459178447723389,82600,0.0,0.0
2012-11-21 00:00:00-05:00,5.45098352432251,5.500165282948259,5.418195685238676,5.45098352432251,165700,0.0,0.0
2012-11-23 00:00:00-05:00,5.442785383618648,5.4919671333392674,5.4099975504715685,5.483770370483398,220800,0.0,0.0
2012-11-26 00:00:00-05:00,5.500164307227531,5.647709556930478,5.385406890791906,5.623118877410889,321300,0.0,0.0
2012-11-27 00:00:00-05:00,5.647709269614745,5.795254902673411,5.647709269614745,5.672300338745117,89200,0.0,0.0
2012-11-28 00:00:00-05:00,5.639511429413137,5.680496015649064,5.573935778746286,5.631314277648926,53800,0.0,0.0
2012-11-29 00:00:00-05:00,5.680496885299287,5.7788607672201975,5.655906207965386,5.729678630828857,56100,0.0,0.0
2012-11-30 00:00:00-05:00,5.7542704347796265,5.787058269325007,5.557543427507348,5.713285446166992,297500,0.0,0.0
2012-12-03 00:00:00-05:00,5.754269699024528,5.754269699024528,5.573936632082769,5.729678630828857,208300,0.0,0.0
2012-12-04 00:00:00-05:00,5.7132847156523345,5.737875783848004,5.664102970122763,5.729678630828857,29400,0.0,0.0
2012-12-05 00:00:00-05:00,5.737875134685738,5.737875134685738,5.598526676019779,5.647708415985107,52000,0.0,0.0
2012-12-06 00:00:00-05:00,5.655905834405108,5.811648213726522,5.655905834405108,5.803451061248779,83300,0.0,0.0
2012-12-07 00:00:00-05:00,5.85263428952496,5.942801035364916,5.680497952404063,5.910013198852539,178500,0.0,0.0
2012-12-10 00:00:00-05:00,5.934603334388018,5.983785475490068,5.860830904458556,5.975588321685791,98900,0.0,0.0
2012-12-11 00:00:00-05:00,6.016573085260526,6.016573085260526,5.910012434938163,5.959194183349609,142000,0.0,0.0
2012-12-12 00:00:00-05:00,5.9509971049545936,5.9509971049545936,5.869027137756348,5.869027137756348,95200,0.0,0.0
2012-12-13 00:00:00-05:00,5.860829871541583,5.926405526971473,5.795254216111693,5.9018144607543945,626900,0.0,0.0
2012-12-14 00:00:00-05:00,5.9018156022918795,5.942800590293803,5.877224922180176,5.877224922180176,92500,0.0,0.0
2012-12-17 00:00:00-05:00,5.8936187379520515,5.991982238432539,5.869027667401027,5.975588321685791,653800,0.0,0.0
2012-12-18 00:00:00-05:00,5.967390104561013,6.032965755567996,5.94279904000254,6.0083746910095215,126900,0.0,0.0
2012-12-19 00:00:00-05:00,5.98378434113037,6.098541736602783,5.967390427491454,6.098541736602783,83300,0.0,0.0
2012-12-20 00:00:00-05:00,6.082147467980805,6.114935293344984,5.975586840116369,6.041162490844727,83400,0.0,0.0
2012-12-21 00:00:00-05:00,6.00837487320342,6.0493598517564395,5.901814241654946,5.983784198760986,196700,0.0,0.0
2012-12-24 00:00:00-05:00,5.967390829662863,6.024769335835219,5.942799762116311,5.991981506347656,13800,0.0,0.0
2012-12-26 00:00:00-05:00,5.991980959954557,6.024768786452283,5.893617480461376,5.983784198760986,21600,0.0,0.0
2012-12-27 00:00:00-05:00,6.008375126682301,6.024769040622784,5.762466417575054,5.967390537261963,59700,0.0,0.0
2012-12-28 00:00:00-05:00,5.926405840731001,5.926405840731001,5.705087796507095,5.819845199584961,87300,0.0,0.0
2012-12-31 00:00:00-05:00,5.8198452643454495,5.934602668700282,5.8034513494376165,5.926405906677246,93600,0.0,0.0
2013-01-02 00:00:00-05:00,6.0083761551792865,6.0083761551792865,5.910012654698799,5.975588321685791,155300,0.0,0.0
2013-01-03 00:00:00-05:00,5.983784420903494,5.983784420903494,5.80345097760956,5.9018144607543945,87800,0.0,0.0
2013-01-04 00:00:00-05:00,5.942800209567931,5.942800209567931,5.7870578123448055,5.852633476257324,101100,0.0,0.0
2013-01-07 00:00:00-05:00,5.860830122845618,5.885420799255371,5.778860550043518,5.885420799255371,46400,0.0,0.0
2013-01-08 00:00:00-05:00,5.8608302470459135,5.934602668700282,5.795254587414581,5.926405906677246,29200,0.0,0.0
2013-01-09 00:00:00-05:00,5.901815823907446,5.901815823907446,5.836240153331425,5.893619060516357,65900,0.0,0.0
2013-01-10 00:00:00-05:00,5.901815823907446,5.901815823907446,5.828043389940337,5.893619060516357,67000,0.0,0.0
2013-01-11 00:00:00-05:00,5.901815823907446,5.901815823907446,5.844437307584342,5.893619060516357,39500,0.0,0.0
2013-01-14 00:00:00-05:00,5.885421685263473,5.9018156022918795,5.869027768235066,5.877224922180176,73400,0.0,0.0
2013-01-15 00:00:00-05:00,5.844436332138081,5.934602668700282,5.844436332138081,5.926405906677246,144500,0.0,0.0
2013-01-16 00:00:00-05:00,5.901815481530132,5.901815481530132,5.836239814758301,5.836239814758301,30100,0.0,0.0
2013-01-17 00:00:00-05:00,5.869027392235454,5.877224545655412,5.8362395602791945,5.852633476257324,56800,0.0,0.0
2013-01-18 00:00:00-05:00,5.844436713699153,5.869027392235454,5.828042797721023,5.852633476257324,57700,0.0,0.0
2013-01-22 00:00:00-05:00,5.828042484722688,5.942799890406484,5.828042484722688,5.934602737426758,62200,0.0,0.0
2013-01-23 00:00:00-05:00,5.942801035364916,5.959194953621104,5.877225362340163,5.910013198852539,121100,0.0,0.0
2013-01-24 00:00:00-05:00,5.934602415641009,6.000178463337855,5.918208501432233,5.9427995681762695,64500,0.0,0.0
2013-01-25 00:00:00-05:00,5.94279995189006,5.9755877824246495,5.844436460286291,5.869027137756348,111900,0.0,0.0
2013-01-28 00:00:00-05:00,5.860831005151769,5.893618839208583,5.828043171094955,5.877224922180176,70400,0.0,0.0
2013-01-29 00:00:00-05:00,5.860831005151769,5.918209519320286,5.852633851206659,5.877224922180176,60100,0.0,0.0
2013-01-30 00:00:00-05:00,5.8526341167956355,6.008376531063903,5.836240199023282,6.000179767608643,94000,0.0,0.0
2013-01-31 00:00:00-05:00,6.024769560151086,6.196905866800697,6.000178882550726,6.180511951446533,791900,0.0,0.0
2013-02-01 00:00:00-05:00,6.188708667955962,6.4182234667225435,6.147723687031056,6.319859981536865,246600,0.0,0.0
2013-02-04 00:00:00-05:00,6.352905902893661,6.427257332852376,6.3033384142303115,6.361166954040527,85900,0.06,0.0
2013-02-05 00:00:00-05:00,6.319859640064434,6.4685620761630505,6.311598196650858,6.385949611663818,117700,0.0,0.0
2013-02-06 00:00:00-05:00,6.361167042960868,6.361167042960868,6.28681600589021,6.344644546508789,59900,0.0,0.0
2013-02-07 00:00:00-05:00,6.344642822130505,6.344642822130505,6.212462886438395,6.270291805267334,53800,0.0,0.0
2013-02-08 00:00:00-05:00,6.262031976713829,6.377689450261644,6.245509480492713,6.361166954040527,63700,0.0,0.0
2013-02-11 00:00:00-05:00,6.328119608132358,6.377687078361265,6.195939687521939,6.262029647827148,67600,0.0,0.0
2013-02-12 00:00:00-05:00,6.237247009663211,6.435516919187666,6.237247009663211,6.418994426727295,71600,0.0,0.0
2013-02-13 00:00:00-05:00,6.418994103618234,6.443778038024902,6.402471611989545,6.443778038024902,25300,0.0,0.0
2013-02-14 00:00:00-05:00,6.443778038024902,6.443778038024902,6.427255546396214,6.443778038024902,22300,0.0,0.0
2013-02-15 00:00:00-05:00,6.443780124266098,6.443780124266098,6.3859511878793285,6.410735130310059,70000,0.0,0.0
2013-02-19 00:00:00-05:00,6.402472238888458,6.45203971862793,6.394210795301556,6.45203971862793,69000,0.0,0.0
2013-02-20 00:00:00-05:00,6.460301596903141,6.526391574336039,6.369427680969238,6.369427680969238,51500,0.0,0.0
2013-02-21 00:00:00-05:00,6.377688884735107,6.4685628028569075,6.3446438952230615,6.377688884735107,23300,0.0,0.0
2013-02-22 00:00:00-05:00,6.410735130310059,6.435518678813388,6.336383696945269,6.410735130310059,47800,0.0,0.0
2013-02-25 00:00:00-05:00,6.4107343646735275,6.42725685967826,6.1628965456752,6.179419040679932,66800,0.0,0.0
2013-02-26 00:00:00-05:00,6.212463787602437,6.427256608186693,6.212463787602437,6.369427680969238,48100,0.0,0.0
2013-02-27 00:00:00-05:00,6.361165675350398,6.476823519576626,6.344643182450551,6.385949611663818,104500,0.0,0.0
2013-02-28 00:00:00-05:00,6.377689804656633,6.485086233025378,6.377689804656633,6.435518741607666,66900,0.0,0.0
2013-03-01 00:00:00-05:00,6.377689804656633,6.460302684280224,6.361167307517396,6.435518741607666,31200,0.0,0.0
2013-03-04 00:00:00-05:00,6.394212239404638,6.452041175791408,6.311599754514539,6.410735130310059,48800,0.0,0.0
2013-03-05 00:00:00-05:00,6.418996299824434,6.485086288951328,6.369428807979263,6.47682523727417,30200,0.0,0.0
2013-03-06 00:00:00-05:00,6.460302891499932,6.485086441040039,6.443780393830722,6.485086441040039,14100,0.0,0.0
2013-03-07 00:00:00-05:00,6.468563791669604,6.493347734555893,6.344644865092974,6.47682523727417,29100,0.0,0.0
2013-03-08 00:00:00-05:00,6.5016073320059355,6.526391269348753,6.468562344833725,6.518129825592041,21900,0.0,0.0
2013-03-11 00:00:00-04:00,6.4933465413287825,6.526391529819833,6.460301552837731,6.468562602996826,25200,0.0,0.0
2013-03-12 00:00:00-04:00,6.476823788590438,6.5346523191781465,6.427256307832121,6.518129825592041,28900,0.0,0.0
2013-03-13 00:00:00-04:00,6.501607654496835,6.534652643308134,6.476824109852031,6.50986909866333,38700,0.0,0.0
2013-03-14 00:00:00-04:00,6.534651545019053,6.534651545019053,6.418994103618234,6.443778038024902,58100,0.0,0.0
2013-03-15 00:00:00-04:00,6.460302891499932,6.501608938709249,6.443780393830722,6.485086441040039,146400,0.0,0.0
2013-03-18 00:00:00-04:00,6.443779121040732,6.50986909866333,6.402472688062939,6.50986909866333,46000,0.0,0.0
2013-03-19 00:00:00-04:00,6.485084569062897,6.485084569062897,6.295075703751012,6.385949611663818,64100,0.0,0.0
2013-03-20 00:00:00-04:00,6.427257061004639,6.452040607324375,6.385950625235256,6.427257061004639,39000,0.0,0.0
2013-03-21 00:00:00-04:00,6.402472370489303,6.559436256520964,6.402472370489303,6.518129825592041,47400,0.0,0.0
2013-03-22 00:00:00-04:00,6.551174419002179,6.551174419002179,6.402471985665075,6.5016069412231445,39800,0.0,0.0
2013-03-25 00:00:00-04:00,6.42725718460864,6.526392159648805,6.402473243884912,6.49334716796875,35900,0.0,0.0
2013-03-26 00:00:00-04:00,6.526391731466663,6.526391731466663,6.352905339564747,6.377688884735107,60500,0.0,0.0
2013-03-27 00:00:00-04:00,6.352905653877085,6.410734585347947,6.179419253391866,6.228986740112305,57800,0.0,0.0
2013-03-28 00:00:00-04:00,6.262031711854475,6.435518111802095,6.179419234243078,6.427257061004639,255500,0.0,0.0
2013-04-01 00:00:00-04:00,6.40247339155701,6.40247339155701,6.311599465377179,6.361166954040527,59400,0.0,0.0
2013-04-02 00:00:00-04:00,6.361166885479179,6.460302255664768,6.088545503805411,6.195941925048828,251800,0.0,0.0
2013-04-03 00:00:00-04:00,6.187678951532484,6.460300659788383,6.187678951532484,6.270291805267334,50200,0.0,0.0
2013-04-04 00:00:00-04:00,6.2785540238123065,6.3281215089299545,6.25377047821716,6.319860458374023,30600,0.0,0.0
2013-04-05 00:00:00-04:00,6.237247876272585,6.427256762930524,6.204202886760539,6.377688884735107,83000,0.0,0.0
2013-04-08 00:00:00-04:00,6.4107346225517166,6.4107346225517166,6.228986776261327,6.311599254608154,30200,0.0,0.0
2013-04-09 00:00:00-04:00,6.295077057152556,6.369428488150601,6.237248516533977,6.344644546508789,39900,0.0,0.0
2013-04-10 00:00:00-04:00,6.344643013691977,6.48508439656878,6.344643013691977,6.418994426727295,221700,0.0,0.0
2013-04-11 00:00:00-04:00,6.369427508212539,6.460301421681687,6.319860026482274,6.402472496032715,17500,0.0,0.0
2013-04-12 00:00:00-04:00,6.369428399114777,6.40247339155701,6.278554472934946,6.361166954040527,24600,0.0,0.0
2013-04-15 00:00:00-04:00,6.295075147974968,6.319859082100279,6.030715284917081,6.105066299438477,64400,0.0,0.0
2013-04-16 00:00:00-04:00,6.154634519979133,6.270292368017138,6.080283496443064,6.253769874572754,67000,0.0,0.0
2013-04-17 00:00:00-04:00,6.228986396347278,6.278553880332189,6.072022500098055,6.11332893371582,34900,0.0,0.0
2013-04-18 00:00:00-04:00,6.1711578604011805,6.228986792357075,6.096806826660598,6.129851818084717,32800,0.0,0.0
2013-04-19 00:00:00-04:00,6.129852179841649,6.195942166590228,6.113329683154504,6.187680721282959,17200,0.0,0.0
2013-04-22 00:00:00-04:00,6.121589876959391,6.187679854449409,6.063761343619293,6.171157360076904,33000,0.0,0.0
2013-04-23 00:00:00-04:00,6.212465134495494,6.2537715763101644,6.171158692680823,6.204204082489014,11400,0.0,0.0
2013-04-24 00:00:00-04:00,6.1959408856349825,6.237247315776807,6.171156948764425,6.21246337890625,24700,0.0,0.0
2013-04-25 00:00:00-04:00,6.237248184862728,6.237248184862728,6.1546353130679625,6.228986740112305,20100,0.0,0.0
2013-04-26 00:00:00-04:00,6.212463368049126,6.228985861291519,6.022454498797961,6.0307159423828125,83900,0.0,0.0
2013-04-29 00:00:00-04:00,6.063762546345815,6.138113588805692,6.038978602907579,6.121591091156006,30100,0.0,0.0
2013-04-30 00:00:00-04:00,6.121589702177396,6.245508603396751,6.030716182686887,6.220725059509277,28000,0.0,0.0
2013-05-01 00:00:00-04:00,6.195941800932956,6.666833125690343,6.088545381840882,6.129851818084717,167600,0.0,0.0
2013-05-02 00:00:00-04:00,6.121590373265001,6.22072574146473,6.121590373265001,6.129851818084717,99300,0.0,0.0
2013-05-03 00:00:00-04:00,6.1876800912186205,6.270292960169632,6.1463740506704685,6.179419040679932,50100,0.0,0.0
2013-05-06 00:00:00-04:00,6.212463262928675,6.212463262928675,6.030715840337691,6.0885443687438965,199500,0.0,0.0
2013-05-07 00:00:00-04:00,6.080283319226141,6.187679326520797,6.005931903929813,6.0885443687438965,81100,0.0,0.0
2013-05-08 00:00:00-04:00,6.105067602860414,6.129851542277056,6.03897762298584,6.03897762298584,63500,0.0,0.0
2013-05-09 00:00:00-04:00,6.014194252610909,6.080284234409815,5.9894103124726366,6.005932807922363,72700,0.0,0.0
2013-05-10 00:00:00-04:00,6.014195343229956,6.1876813799485,6.014195343229956,6.154636383056641,44900,0.0,0.0
2013-05-13 00:00:00-04:00,6.171404984518901,6.196559943518099,6.079169201916492,6.087554454803467,54000,0.11,0.0
2013-05-14 00:00:00-04:00,6.163018962464581,6.188174318155163,6.079168443213999,6.179789066314697,82500,0.0,0.0
2013-05-15 00:00:00-04:00,6.1294813039200795,6.322337778317826,6.087556226774209,6.313952922821045,113500,0.0,0.0
2013-05-16 00:00:00-04:00,6.313951379885336,6.322336233333117,6.246870553148672,6.2804107666015625,42000,0.0,0.0
2013-05-17 00:00:00-04:00,6.288796305086161,6.439727272469105,6.2301007289662325,6.406187057495117,107600,0.0,0.0
2013-05-20 00:00:00-04:00,6.372645596303424,6.381030848322574,6.288795075266042,6.355875492095947,136700,0.0,0.0
2013-05-21 00:00:00-04:00,6.339107068156176,6.439727720071926,6.305566850850926,6.372647285461426,41900,0.0,0.0
2013-05-22 00:00:00-04:00,6.372646516788826,6.414571983278777,6.2887959836398055,6.322336196899414,43200,0.0,0.0
2013-05-23 00:00:00-04:00,6.3055656197344305,6.456496568139869,6.154634671328991,6.397801399230957,40300,0.0,0.0
2013-05-24 00:00:00-04:00,6.397801399230957,6.448111715366104,6.255255303599284,6.397801399230957,31200,0.0,0.0
2013-05-28 00:00:00-04:00,6.422956615195288,6.464882080239522,6.305565872834645,6.414571762084961,256100,0.0,0.0
2013-05-29 00:00:00-04:00,6.372646516788826,6.372646516788826,6.297181236870148,6.322336196899414,68500,0.0,0.0
2013-05-30 00:00:00-04:00,6.389415022035486,6.490035636595703,6.305564509901972,6.448110580444336,29000,0.0,0.0
2013-05-31 00:00:00-04:00,6.406188407520573,6.481654107030964,6.297182885798991,6.305567741394043,67800,0.0,0.0
2013-06-03 00:00:00-04:00,6.3391056905056535,6.515191993005603,6.2468699130459555,6.481651782989502,367600,0.0,0.0
2013-06-04 00:00:00-04:00,6.456496827298328,6.498422292342562,6.406186509143767,6.414571762084961,47100,0.0,0.0
2013-06-05 00:00:00-04:00,6.422957611419301,6.439727720071926,6.355877176808801,6.372647285461426,28400,0.0,0.0
2013-06-06 00:00:00-04:00,6.389416292500639,6.464881968341711,6.33072112225168,6.456496715545654,67100,0.0,0.0
2013-06-07 00:00:00-04:00,6.498421887997552,6.498421887997552,6.389416005529804,6.481651782989502,32600,0.0,0.0
2013-06-10 00:00:00-04:00,6.456497447574192,6.490037662899441,6.456497447574192,6.473267555236816,13900,0.0,0.0
2013-06-11 00:00:00-04:00,6.448112196538386,6.456497049937847,6.2887959836398055,6.322336196899414,299000,0.0,0.0
2013-06-12 00:00:00-04:00,6.339106563428318,6.364261924319818,6.221715812206747,6.263640880584717,24200,0.0,0.0
2013-06-13 00:00:00-04:00,6.272025877010001,6.347491556759561,6.23010041052005,6.322336196899414,28000,0.0,0.0
2013-06-14 00:00:00-04:00,6.339106646077312,6.339106646077312,6.171405570717159,6.188175678253174,34200,0.0,0.0
2013-06-17 00:00:00-04:00,6.238485370525203,6.372646217257726,6.171404947158942,6.196559906005859,83000,0.0,0.0
2013-06-18 00:00:00-04:00,6.21332993645454,6.21332993645454,6.121094555360552,6.12947940826416,66900,0.0,0.0
2013-06-19 00:00:00-04:00,6.129478174932942,6.1630183794603655,6.020472310303426,6.037242412567139,69500,0.0,0.0
2013-06-20 00:00:00-04:00,5.970163715423449,6.037244143713235,5.911468540585331,5.945008754730225,112000,0.0,0.0
2013-06-21 00:00:00-04:00,5.945009240303989,5.945009240303989,5.844388189819938,5.869543552398682,178200,0.0,0.0
2013-06-24 00:00:00-04:00,5.827617168426514,5.877927885702352,5.810847062611521,5.827617168426514,85200,0.0,0.0
2013-06-25 00:00:00-04:00,5.8779293419983745,5.953394636947438,5.794078392317921,5.936624526977539,46300,0.0,0.0
2013-06-26 00:00:00-04:00,5.961777632441766,5.99531783967043,5.827616403696301,5.852771759033203,64500,0.0,0.0
2013-06-27 00:00:00-04:00,5.886312889966951,5.911468249251339,5.861157530682563,5.894698143005371,70000,0.0,0.0
2013-06-28 00:00:00-04:00,5.869543552398682,5.978549457188365,5.852773443956494,5.869543552398682,700700,0.0,0.0
2013-07-01 00:00:00-04:00,5.9030824189432,6.070783465003187,5.9030824189432,6.012088298797607,71400,0.0,0.0
2013-07-02 00:00:00-04:00,5.995320347740433,6.079170900889961,5.92823990522081,6.028860569000244,71600,0.0,0.0
2013-07-03 00:00:00-04:00,5.995318521856223,6.054013691269694,5.986933269179525,6.020473480224609,29400,0.0,0.0
2013-07-05 00:00:00-04:00,6.104325621408602,6.112710475921631,6.003704568435725,6.112710475921631,32700,0.0,0.0
2013-07-08 00:00:00-04:00,6.121093902754697,6.1965591701648135,6.0456282355137665,6.179789066314697,43500,0.0,0.0
2013-07-09 00:00:00-04:00,6.213331475595884,6.288797169576711,6.112710816842086,6.230101585388184,30900,0.0,0.0
2013-07-10 00:00:00-04:00,6.2049462006347245,6.238486417949161,6.079170185790122,6.121095657348633,32300,0.0,0.0
2013-07-11 00:00:00-04:00,6.1797916013598915,6.1881768566401165,6.08755619226328,6.1714067459106445,25400,0.0,0.0
2013-07-12 00:00:00-04:00,6.146249517747447,6.246870151638852,6.146249517747447,6.204945087432861,21000,0.0,0.0
2013-07-15 00:00:00-04:00,6.272026741772967,6.272026741772967,6.095940397966473,6.1462507247924805,95700,0.0,0.0
2013-07-16 00:00:00-04:00,6.121094513190717,6.121094513190717,5.961778310811139,6.020473480224609,87000,0.0,0.0
2013-07-17 00:00:00-04:00,6.037243326978085,6.037243326978085,5.995318264884154,6.0037031173706055,48600,0.0,0.0
2013-07-18 00:00:00-04:00,6.003702208039715,6.095937970405518,6.003702208039715,6.037242412567139,48800,0.0,0.0
2013-07-19 00:00:00-04:00,6.020475313769803,6.054015535029615,5.978550237110527,6.028860569000244,50800,0.0,0.0
2013-07-22 00:00:00-04:00,6.012088369687894,6.028858474491634,5.995318264884154,6.0037031173706055,27500,0.0,0.0
2013-07-23 00:00:00-04:00,6.003702997572712,6.012088249722681,5.8695421618198385,5.903082370758057,171300,0.0,0.0
2013-07-24 00:00:00-04:00,5.945010015850716,6.062400790260056,5.945010015850716,6.028860569000244,33100,0.0,0.0
2013-07-25 00:00:00-04:00,5.91146959058479,6.020475106001885,5.91146959058479,5.970164775848389,48300,0.0,0.0
2013-07-26 00:00:00-04:00,5.953394665797223,5.986934885899554,5.928239700635956,5.970164775848389,29700,0.0,0.0
2013-07-29 00:00:00-04:00,5.953393936157227,6.037244476136444,5.945009082074761,5.953393936157227,14900,0.0,0.0
2013-07-30 00:00:00-04:00,5.970163682531093,6.0037038964911975,5.836002826690674,5.836002826690674,41000,0.0,0.0
2013-07-31 00:00:00-04:00,5.836002826690674,5.94500872197646,5.827617573285203,5.836002826690674,36800,0.0,0.0
2013-08-01 00:00:00-04:00,5.894699320258032,5.928239539448412,5.8611587012367,5.877929210662842,28300,0.0,0.0
2013-08-02 00:00:00-04:00,5.844386507310633,5.91146732159877,5.844386507310633,5.852771759033203,34000,0.0,0.0
2013-08-05 00:00:00-04:00,5.8611569096698695,5.903082370758057,5.852772057350729,5.903082370758057,25200,0.0,0.0
2013-08-06 00:00:00-04:00,5.911540508270264,5.9622837017883645,5.9030835781958135,5.911540508270264,34900,0.06,0.0
2013-08-07 00:00:00-04:00,5.93691089067215,5.93691089067215,5.903082370758057,5.903082370758057,18600,0.0,0.0
2013-08-08 00:00:00-04:00,5.911540899320124,5.945369831659266,5.81851264600808,5.852341175079346,27000,0.0,0.0
2013-08-09 00:00:00-04:00,5.852341175079346,5.877712370248857,5.8438838411775915,5.852341175079346,24500,0.0,0.0
2013-08-12 00:00:00-04:00,5.8523398515332925,5.9115395623856575,5.8523398515332925,5.869254112243652,30700,0.0,0.0
2013-08-13 00:00:00-04:00,5.869253897072631,5.886168157162901,5.767768336531009,5.83542537689209,46600,0.0,0.0
2013-08-14 00:00:00-04:00,5.852341802887627,5.852341802887627,5.759313136328083,5.843884468078613,42700,0.0,0.0
2013-08-15 00:00:00-04:00,5.784683164359318,5.826968617101217,5.717026117358032,5.742397308349609,52300,0.0,0.0
2013-08-16 00:00:00-04:00,5.750854640858675,5.80159742610964,5.7001114523399,5.742397308349609,22300,0.0,0.0
2013-08-19 00:00:00-04:00,5.717027131670004,5.776226856665409,5.657827003406718,5.674741268157959,17900,0.0,0.0
2013-08-20 00:00:00-04:00,5.674739576741356,5.725482355870655,5.666282245252592,5.708568096160889,43000,0.0,0.0
2013-08-21 00:00:00-04:00,5.700111389160156,5.750854577116496,5.683197127597312,5.700111389160156,29100,0.0,0.0
2013-08-22 00:00:00-04:00,5.717026117358032,5.826968617101217,5.717026117358032,5.742397308349609,8800,0.0,0.0
2013-08-23 00:00:00-04:00,5.742396615580421,5.776225134999954,5.700110764672125,5.708568096160889,11300,0.0,0.0
2013-08-26 00:00:00-04:00,5.725482983138327,5.750854577116496,5.6747401984497925,5.700111389160156,21600,0.0,0.0
2013-08-27 00:00:00-04:00,5.691654902242611,5.700111832047217,5.5732550621032715,5.5732550621032715,31800,0.0,0.0
2013-08-28 00:00:00-04:00,5.57325474481829,5.615540197969685,5.522511959075928,5.522511959075928,42100,0.0,0.0
2013-08-29 00:00:00-04:00,5.5225123632766175,5.7339408543117925,5.514055030066646,5.632454872131348,77300,0.0,0.0
2013-08-30 00:00:00-04:00,5.632454931587975,5.632454931587975,5.497140824942787,5.564797878265381,147200,0.0,0.0
2013-09-03 00:00:00-04:00,5.6239981466355475,5.784683854055747,5.581712285584179,5.77622652053833,56100,0.0,0.0
2013-09-04 00:00:00-04:00,5.767768744244828,5.869254311960294,5.742397150682062,5.793139934539795,70500,0.0,0.0
2013-09-05 00:00:00-04:00,5.810055002234842,5.869255126586137,5.784683808418468,5.801598072052002,26400,0.0,0.0
2013-09-06 00:00:00-04:00,5.818511486053467,5.860796937328757,5.77622563151038,5.818511486053467,29200,0.0,0.0
2013-09-09 00:00:00-04:00,5.818511907204787,5.903083219144543,5.818511907204787,5.886168956756592,24500,0.0,0.0
2013-09-10 00:00:00-04:00,5.911540508270264,5.919997841612564,5.886169314779063,5.911540508270264,34200,0.0,0.0
2013-09-11 00:00:00-04:00,5.88616811080101,5.9199966307151035,5.877710779188603,5.903082370758057,23000,0.0,0.0
2013-09-12 00:00:00-04:00,5.903082370758057,5.9199966307151035,5.877710779188603,5.903082370758057,39100,0.0,0.0
2013-09-13 00:00:00-04:00,5.9199966307151035,5.9199966307151035,5.89462503914565,5.903082370758057,17600,0.0,0.0
2013-09-16 00:00:00-04:00,5.953826006308397,5.953826006308397,5.860797361540753,5.886168956756592,24100,0.0,0.0
2013-09-17 00:00:00-04:00,5.886169314779063,5.911540508270264,5.886169314779063,5.911540508270264,26400,0.0,0.0
2013-09-18 00:00:00-04:00,5.945369806496832,6.07222658834325,5.945369806496832,6.0045695304870605,79200,0.0,0.0
2013-09-19 00:00:00-04:00,5.996110847383255,5.996110847383255,5.903082218386881,5.953824996948242,24600,0.0,0.0
2013-09-20 00:00:00-04:00,5.953826792622693,6.055312380353473,5.936912528000897,6.046855449676514,60400,0.0,0.0
2013-09-23 00:00:00-04:00,6.0383979496843905,6.122969270467784,6.004569421371034,6.097598075866699,29200,0.0,0.0
2013-09-24 00:00:00-04:00,6.063770123093374,6.165255717665905,6.046855857331285,6.114512920379639,31800,0.0,0.0
2013-09-25 00:00:00-04:00,6.0891405324321175,6.215997710871923,6.063769338704868,6.173712253570557,69000,0.0,0.0
2013-09-26 00:00:00-04:00,6.182168811497408,6.258283194632041,6.114511761274548,6.19062614440918,48100,0.0,0.0
2013-09-27 00:00:00-04:00,6.148340656575454,6.207540780718791,6.148340656575454,6.173712253570557,11100,0.0,0.0
2013-09-30 00:00:00-04:00,6.165254539009621,6.165254539009621,5.962283388668021,5.97074031829834,119600,0.0,0.0
2013-10-01 00:00:00-04:00,5.979197769347222,6.00456896200735,5.911540314628595,5.945369243621826,302300,0.0,0.0
2013-10-02 00:00:00-04:00,5.919997692108154,5.987654744066536,5.919997692108154,5.919997692108154,44800,0.0,0.0
2013-10-03 00:00:00-04:00,5.919997647693862,5.962283506484524,5.869254859105769,5.945369243621826,25300,0.0,0.0
2013-10-04 00:00:00-04:00,5.93691195509775,5.962283551216062,5.903083429118559,5.919997692108154,5900,0.0,0.0
2013-10-07 00:00:00-04:00,5.877711833000246,6.004569007056132,5.877711833000246,5.919997692108154,50200,0.0,0.0
2013-10-08 00:00:00-04:00,5.903083429118559,5.953826218087345,5.877711833000246,5.919997692108154,46800,0.0,0.0
2013-10-09 00:00:00-04:00,5.953825278415035,6.097596692769556,5.928454089568811,6.029939651489258,45300,0.0,0.0
2013-10-10 00:00:00-04:00,6.080681689771344,6.148338722788193,6.080681689771344,6.106052875518799,35300,0.0,0.0
2013-10-11 00:00:00-04:00,6.1145121294272196,6.173712253570557,6.0891405324321175,6.173712253570557,21700,0.0,0.0
2013-10-14 00:00:00-04:00,6.148341011433206,6.1990838050842285,6.131426746882864,6.1990838050842285,55500,0.0,0.0
2013-10-15 00:00:00-04:00,6.173711881853465,6.199083074053123,6.139883356742034,6.19062614440918,47800,0.0,0.0
2013-10-16 00:00:00-04:00,6.190626874442996,6.224455403543678,6.173712609892656,6.1990838050842285,36200,0.0,0.0
2013-10-17 00:00:00-04:00,6.199084313771635,6.283655643463135,6.19062738243644,6.283655643463135,40100,0.0,0.0
2013-10-18 00:00:00-04:00,6.292112246760512,6.309026510732938,6.232912121223088,6.275197982788086,66800,0.0,0.0
2013-10-21 00:00:00-04:00,6.2667400678429335,6.3174828550531315,6.249825805439534,6.2582831382751465,21500,0.0,0.0
2013-10-22 00:00:00-04:00,6.275197550281134,6.300568742857177,6.165254640404053,6.249825954437256,29100,0.0,0.0
2013-10-23 00:00:00-04:00,6.2159965464926685,6.317482108927115,6.207539617923687,6.292110919952393,37300,0.0,0.0
2013-10-24 00:00:00-04:00,6.275197863621693,6.325940654575363,6.258283599970469,6.3005690574646,24500,0.0,0.0
2013-10-25 00:00:00-04:00,6.31748269381728,6.325940026437043,6.224454454606779,6.309025764465332,16700,0.0,0.0
2013-10-28 00:00:00-04:00,6.300567694527853,6.342853546142578,6.300567694527853,6.342853546142578,79800,0.0,0.0
2013-10-29 00:00:00-04:00,6.342855022668916,6.342855022668916,6.266740633351173,6.317483425140381,19700,0.0,0.0
2013-10-30 00:00:00-04:00,6.283653893608506,6.325939748312562,6.19908258746819,6.232911109924316,21700,0.0,0.0
2013-10-31 00:00:00-04:00,6.207540994519044,6.232912189120128,6.097598075866699,6.097598075866699,32100,0.0,0.0
2013-11-01 00:00:00-04:00,6.080684489925732,6.182170086185109,6.046855957839273,6.13142728805542,59100,0.0,0.0
2013-11-04 00:00:00-05:00,6.157009124755859,6.233758678331449,6.080259977813347,6.157009124755859,37700,0.06,0.0
2013-11-05 00:00:00-05:00,6.15700818734561,6.174063595917587,6.114369869232178,6.114369869232178,31300,0.0,0.0
2013-11-06 00:00:00-05:00,6.148482197239693,6.2508146738176595,6.105843462015649,6.174065113067627,19900,0.0,0.0
2013-11-07 00:00:00-05:00,6.182592669432278,6.199648081220561,6.114371022279148,6.148481845855713,35700,0.0,0.0
2013-11-08 00:00:00-05:00,6.139953536200402,6.30198014093834,6.139953536200402,6.276397228240967,44300,0.0,0.0
2013-11-11 00:00:00-05:00,6.267867574809813,6.284922980738064,6.191118451449163,6.225229263305664,223600,0.0,0.0
2013-11-12 00:00:00-05:00,6.225230968907333,6.276397200710713,6.15700891986976,6.191120147705078,24900,0.0,0.0
2013-11-13 00:00:00-05:00,6.165536606630392,6.225230744902875,6.114370376668141,6.199647426605225,22000,0.0,0.0
2013-11-14 00:00:00-05:00,6.2252315028710115,6.2252315028710115,6.139954035917714,6.165537357330322,16600,0.0,0.0
2013-11-15 00:00:00-05:00,6.1484819452662824,6.208176090806972,6.1484819452662824,6.165537357330322,28900,0.0,0.0
2013-11-18 00:00:00-05:00,6.165537411756856,6.208176145609899,6.131426587327661,6.139954090118408,31400,0.0,0.0
2013-11-19 00:00:00-05:00,6.131427048795386,6.259342853348704,6.131427048795386,6.208176612854004,26400,0.0,0.0
2013-11-20 00:00:00-05:00,6.233756762953313,6.267867574809813,6.191118451449163,6.225229263305664,17900,0.0,0.0
2013-11-21 00:00:00-05:00,6.2678692706399435,6.301980091725443,6.1911201265141,6.233758449554443,40800,0.0,0.0
2013-11-22 00:00:00-05:00,6.242287214394059,6.293453453040758,6.157009743349776,6.21670389175415,37800,0.0,0.0
2013-11-25 00:00:00-05:00,6.242284669233914,6.293450887018665,6.199645951096812,6.225229263305664,41800,0.0,0.0
2013-11-26 00:00:00-05:00,6.233758267554774,6.26786908764438,6.080259577151546,6.088787078857422,377700,0.0,0.0
2013-11-27 00:00:00-05:00,6.131425986297945,6.250813860097193,6.088787256624539,6.233758449554443,83900,0.0,0.0
2013-11-29 00:00:00-05:00,6.2593421696809735,6.310508404587115,6.2252313464102125,6.301980495452881,33100,0.0,0.0
2013-12-02 00:00:00-05:00,6.284924702694745,6.284924702694745,6.191120147705078,6.191120147705078,34000,0.0,0.0
2013-12-03 00:00:00-05:00,6.182592239087983,6.225230968907333,6.1740643304708875,6.191120147705078,59200,0.0,0.0
2013-12-04 00:00:00-05:00,6.225231801511826,6.2678701304008495,6.19112097574736,6.21670389175415,97100,0.0,0.0
2013-12-05 00:00:00-05:00,6.20817553705685,6.250813860097193,6.1911201265141,6.233758449554443,82100,0.0,0.0
2013-12-06 00:00:00-05:00,6.293451834891366,6.301979335823363,6.208174792406323,6.267868518829346,108100,0.0,0.0
2013-12-09 00:00:00-05:00,6.2849254874764835,6.2849254874764835,6.2081763335044835,6.2422871589660645,52700,0.0,0.0
2013-12-10 00:00:00-05:00,6.250814417650521,6.284925241778601,6.131426533202243,6.165537357330322,60400,0.0,0.0
2013-12-11 00:00:00-05:00,6.182592239087983,6.225230968907333,6.182592239087983,6.191120147705078,32300,0.0,0.0
2013-12-12 00:00:00-05:00,6.182592239087983,6.276397200710713,6.1740643304708875,6.191120147705078,67500,0.0,0.0
2013-12-13 00:00:00-05:00,6.199646884841312,6.301979335823363,6.199646884841312,6.267868518829346,40800,0.0,0.0
2013-12-16 00:00:00-05:00,6.276397984427645,6.310508809889226,6.233759249284112,6.2422871589660645,47500,0.0,0.0
2013-12-17 00:00:00-05:00,6.267869319586465,6.293452638916904,6.267869319586465,6.276397228240967,38600,0.0,0.0
2013-12-18 00:00:00-05:00,6.267869993436933,6.310508728027344,6.2593424904987165,6.310508728027344,44100,0.0,0.0
2013-12-19 00:00:00-05:00,6.310506986500192,6.310506986500192,6.250812855874184,6.259340763092041,33500,0.0,0.0
2013-12-20 00:00:00-05:00,6.284925405946476,6.310508728027344,6.267869993436933,6.310508728027344,154200,0.0,0.0
2013-12-23 00:00:00-05:00,6.310507704441914,6.387256844969333,6.310507704441914,6.378729343414307,32200,0.0,0.0
2013-12-24 00:00:00-05:00,6.344619625610963,6.395785863724788,6.336091715942102,6.370202541351318,21000,0.0,0.0
2013-12-26 00:00:00-05:00,6.3787310258588565,6.395786440100466,6.353147701179869,6.387258529663086,37800,0.0,0.0
2013-12-27 00:00:00-05:00,6.412840162900502,6.421368071088573,6.33609061574004,6.378729343414307,42600,0.0,0.0
2013-12-30 00:00:00-05:00,6.344619373586889,6.429896433722513,6.344619373586889,6.361674785614014,41600,0.0,0.0
2013-12-31 00:00:00-05:00,6.387257700338152,6.438424343052624,6.336091464256778,6.361674785614014,64300,0.0,0.0
2014-01-02 00:00:00-05:00,6.336091715942102,6.404313773393649,6.336091715942102,6.370202541351318,30400,0.0,0.0
2014-01-03 00:00:00-05:00,6.370201384777127,6.412840112113714,6.361673883289634,6.404312610626221,24500,0.0,0.0
2014-01-06 00:00:00-05:00,6.412840820119896,6.438424140672969,6.319035853602742,6.327563762664795,24600,0.0,0.0
2014-01-07 00:00:00-05:00,6.319036052229653,6.4213689310254995,6.319036052229653,6.361674785614014,12700,0.0,0.0
2014-01-08 00:00:00-05:00,6.370202524107632,6.412841259070289,6.250814635498549,6.28492546081543,36500,0.0,0.0
2014-01-09 00:00:00-05:00,6.310508000313349,6.310508000313349,6.131425986297945,6.233758449554443,40000,0.0,0.0
2014-01-10 00:00:00-05:00,6.250813860097193,6.319035502268193,6.182592217926194,6.233758449554443,29100,0.0,0.0
2014-01-13 00:00:00-05:00,6.216703836553322,6.267870074745693,6.18259301109174,6.2422871589660645,35400,0.0,0.0
2014-01-14 00:00:00-05:00,6.242286406889091,6.327563460268779,6.242286406889091,6.276397228240967,7900,0.0,0.0
2014-01-15 00:00:00-05:00,6.276397984427645,6.353147138399645,6.199648423822531,6.2422871589660645,39900,0.0,0.0
2014-01-16 00:00:00-05:00,6.250813881492491,6.259341790109587,6.182592239087983,6.191120147705078,78800,0.0,0.0
2014-01-17 00:00:00-05:00,6.19112119935577,6.225232026352237,6.174065379224404,6.208176612854004,232600,0.0,0.0
2014-01-21 00:00:00-05:00,6.225230744902875,6.225230744902875,6.174064108307575,6.199647426605225,51000,0.0,0.0
2014-01-22 00:00:00-05:00,6.199647426605225,6.208175334915458,6.165536606630392,6.199647426605225,25200,0.0,0.0
2014-01-23 00:00:00-05:00,6.191119924928041,6.199647426605225,6.157008698320158,6.199647426605225,39900,0.0,0.0
2014-01-24 00:00:00-05:00,6.157008597252916,6.199647324838068,6.131425686008258,6.182591915130615,65000,0.0,0.0
2014-01-27 00:00:00-05:00,6.157008821316411,6.19112004860572,6.097315088484497,6.105842590332031,48200,0.0,0.0
2014-01-28 00:00:00-05:00,6.1314246948210664,6.191118822463702,6.0546751602281015,6.09731388092041,86600,0.0,0.0
2014-01-29 00:00:00-05:00,6.063203067019754,6.225229636364358,6.063203067019754,6.09731388092041,59800,0.0,0.0
2014-01-30 00:00:00-05:00,6.148481984500503,6.344619427805087,6.071732426406026,6.3360915184021,61000,0.0,0.0
2014-01-31 00:00:00-05:00,6.233758992094029,6.404313518998375,6.1911206653427655,6.361674785614014,112500,0.0,0.0
2014-02-03 00:00:00-05:00,6.370201964198906,6.42136860431005,6.344619050776411,6.353146553039551,55700,0.0,0.0
2014-02-04 00:00:00-05:00,6.396131102019251,6.413324986301513,6.215595112088239,6.292967796325684,37300,0.06,0.0
2014-02-05 00:00:00-05:00,6.249983151120103,6.284370921172753,6.206998233587014,6.241386413574219,37900,0.0,0.0
2014-02-06 00:00:00-05:00,6.2327903762848615,6.335953704818369,6.2327903762848615,6.249984264373779,35600,0.0,0.0
2014-02-07 00:00:00-05:00,6.249983880318504,6.335953315480357,6.155417296673163,6.232789993286133,61700,0.0,0.0
2014-02-10 00:00:00-05:00,6.215596238039411,6.284371787627102,6.1554174271828765,6.258581161499023,59100,0.0,0.0
2014-02-11 00:00:00-05:00,6.249984208348566,6.361744684892019,6.232790320413775,6.3101630210876465,42500,0.0,0.0
2014-02-12 00:00:00-05:00,6.292967796325684,6.353146186346329,6.224191849262101,6.292967796325684,45100,0.0,0.0
2014-02-13 00:00:00-05:00,6.284371055476107,6.421922138626312,6.284371055476107,6.39613151550293,56500,0.0,0.0
2014-02-14 00:00:00-05:00,6.413326208716013,6.507892795260619,6.335953509730916,6.473505020141602,59700,0.0,0.0
2014-02-18 00:00:00-05:00,6.5078927669927165,6.619652830676771,6.4906988795078915,6.516489505767822,38400,0.0,0.0
2014-02-19 00:00:00-05:00,6.4821011784627025,6.533682836521939,6.267177398248595,6.301565170288086,43300,0.0,0.0
2014-02-20 00:00:00-05:00,6.335952599240896,6.421922024684449,6.2327892887086325,6.327355861663818,75100,0.0,0.0
2014-02-21 00:00:00-05:00,6.344550796957228,6.396132460761601,6.267178096283357,6.3101630210876465,57300,0.0,0.0
2014-02-24 00:00:00-05:00,6.344551033370379,6.499296030549667,6.335953884115321,6.490699291229248,83800,0.0,0.0
2014-02-25 00:00:00-05:00,6.482102260553909,6.533683927223943,6.3531478889115025,6.370341777801514,33200,0.0,0.0
2014-02-26 00:00:00-05:00,6.396131108559011,6.456309908575724,6.335952308542298,6.421921730041504,26200,0.0,0.0
2014-02-27 00:00:00-05:00,6.396132293374048,6.525086654477541,6.396132293374048,6.516489505767822,79000,0.0,0.0
2014-02-28 00:00:00-05:00,6.525086402893066,6.61105583700251,6.490698629249289,6.525086402893066,55100,0.0,0.0
2014-03-03 00:00:00-05:00,6.499295646513557,6.576668345498654,6.46490787139454,6.473505020141602,68100,0.0,0.0
2014-03-04 00:00:00-05:00,6.550876608144304,6.877560846749188,6.550876608144304,6.782994270324707,118000,0.0,0.0
2014-03-05 00:00:00-05:00,6.7486073459149605,6.774398382698559,6.671235055433413,6.714219570159912,32000,0.0,0.0
2014-03-06 00:00:00-05:00,6.714218456906417,6.748606226959789,6.636845769319054,6.705621719360352,33300,0.0,0.0
2014-03-07 00:00:00-05:00,6.7400101132175845,6.774397886453626,6.611055758615133,6.628249645233154,49700,0.0,0.0
2014-03-10 00:00:00-04:00,6.628248761413791,6.662636530064522,6.542279339786963,6.65403938293457,43600,0.0,0.0
2014-03-11 00:00:00-04:00,6.602457703357154,6.628248734708559,6.473503776403736,6.568069934844971,41200,0.0,0.0
2014-03-12 00:00:00-04:00,6.550876727143458,6.6626371913176,6.542279989094836,6.619652271270752,43900,0.0,0.0
2014-03-13 00:00:00-04:00,6.6626371913176,6.757203769459919,6.585264499207105,6.619652271270752,41000,0.0,0.0
2014-03-14 00:00:00-04:00,6.602458385238929,6.679831077349424,6.559473875126659,6.619652271270752,36500,0.0,0.0
2014-03-17 00:00:00-04:00,6.66263751155741,6.66263751155741,6.602458702586243,6.611055850982666,30800,0.0,0.0
2014-03-18 00:00:00-04:00,6.6024577299584735,6.662636530064522,6.53368219265701,6.65403938293457,33900,0.0,0.0
2014-03-19 00:00:00-04:00,6.619652404947795,6.714218984999787,6.542280121209425,6.645443439483643,32100,0.0,0.0
2014-03-20 00:00:00-04:00,6.593861964124418,6.66263751155741,6.593861964124418,6.611055850982666,38300,0.0,0.0
2014-03-21 00:00:00-04:00,6.662636403360286,6.662636403360286,6.44771264841318,6.456309795379639,207100,0.0,0.0
2014-03-24 00:00:00-04:00,6.482101480871045,6.593861950180622,6.482101480871045,6.525086402893066,42200,0.0,0.0
2014-03-25 00:00:00-04:00,6.533682481959576,6.585264137219638,6.52508574438351,6.559473514556885,59700,0.0,0.0
2014-03-26 00:00:00-04:00,6.585265140489623,6.585265140489623,6.40472911460733,6.413326263427734,55400,0.0,0.0
2014-03-27 00:00:00-04:00,6.447712718385412,6.49929437094035,6.421921687140674,6.482100486755371,52100,0.0,0.0
2014-03-28 00:00:00-04:00,6.4649068738166635,6.499294643629421,6.421921956583441,6.430519104003906,62300,0.0,0.0
2014-03-31 00:00:00-04:00,6.439116184271539,6.499294989614716,6.3875345268064905,6.404728412628174,84100,0.0,0.0
2014-04-01 00:00:00-04:00,6.404729059968951,6.49069890770111,6.404729059968951,6.473505020141602,70100,0.0,0.0
2014-04-02 00:00:00-04:00,6.499294414358059,6.5164882986579,6.413324992858852,6.421921730041504,64400,0.0,0.0
2014-04-03 00:00:00-04:00,6.413324623254474,6.439115243250636,6.361742973327637,6.361742973327637,65000,0.0,0.0
2014-04-04 00:00:00-04:00,6.430518150527694,6.430518150527694,6.267176063169144,6.284369945526123,75000,0.0,0.0
2014-04-07 00:00:00-04:00,6.275773209314878,6.378936503456756,6.275773209314878,6.284369945526123,60300,0.0,0.0
2014-04-08 00:00:00-04:00,6.310162318265248,6.361743976324484,6.301565170288086,6.301565170288086,66800,0.0,0.0
2014-04-09 00:00:00-04:00,6.344549746752529,6.3617436318412395,6.275774206397687,6.327355861663818,44800,0.0,0.0
2014-04-10 00:00:00-04:00,6.292968616539325,6.361744162632444,6.267177581787109,6.267177581787109,79500,0.0,0.0
2014-04-11 00:00:00-04:00,6.224193605237041,6.275775682570742,6.181209087371826,6.181209087371826,55000,0.0,0.0
2014-04-14 00:00:00-04:00,6.1898049645859805,6.215595999659535,6.155417191110971,6.1640143394470215,98800,0.0,0.0
2014-04-15 00:00:00-04:00,6.181208768504207,6.198402656750249,6.146820992012123,6.189805507659912,81000,0.0,0.0
2014-04-16 00:00:00-04:00,6.189806176202299,6.189806176202299,6.138224505892992,6.155418395996094,114700,0.0,0.0
2014-04-17 00:00:00-04:00,6.103835331802771,6.146820252211742,6.078044707505054,6.112432479858398,226800,0.0,0.0
2014-04-21 00:00:00-04:00,6.103836010650663,6.258581413385553,6.103836010650663,6.249984264373779,43000,0.0,0.0
2014-04-22 00:00:00-04:00,6.249982180812164,6.301563827883102,6.164012769027266,6.284369945526123,69800,0.0,0.0
2014-04-23 00:00:00-04:00,6.258580734700693,6.292968507149495,6.189804779868506,6.198401927947998,77500,0.0,0.0
2014-04-24 00:00:00-04:00,6.198402219221391,6.267177767350874,6.198402219221391,6.232789993286133,48100,0.0,0.0
2014-04-25 00:00:00-04:00,6.206999293634509,6.258581367457359,6.112433114806742,6.121029853820801,58100,0.0,0.0
2014-04-28 00:00:00-04:00,6.155417629746284,6.232790330545934,6.121029853820801,6.121029853820801,60600,0.0,0.0
2014-04-29 00:00:00-04:00,6.164013357677907,6.172610094710121,6.0780439376831055,6.0780439376831055,34100,0.0,0.0
2014-04-30 00:00:00-04:00,6.078043903268456,6.121028408055207,5.88891077041626,5.88891077041626,244900,0.0,0.0
2014-05-01 00:00:00-04:00,5.992075497122255,6.2241931898960665,5.966284870111068,6.2069993019104,101800,0.0,0.0
2014-05-02 00:00:00-04:00,6.198403326221188,6.258582146549384,6.1468216559118805,6.155418395996094,40600,0.0,0.0
2014-05-05 00:00:00-04:00,6.138222694396973,6.189804349483639,6.095238186792029,6.138222694396973,45400,0.0,0.0
2014-05-06 00:00:00-04:00,6.095239604355304,6.232790716576526,6.0436579372723465,6.052254676818848,53300,0.0,0.0
2014-05-07 00:00:00-04:00,6.035060414007092,6.198402554620451,6.009269377095667,6.121029853820801,57900,0.0,0.0
2014-05-08 00:00:00-04:00,6.138222579384765,6.206998118211668,6.043656418465046,6.069447040557861,41800,0.0,0.0
2014-05-09 00:00:00-04:00,6.017866200414197,6.267177767350874,6.017866200414197,6.232789993286133,44000,0.0,0.0
2014-05-12 00:00:00-04:00,6.284801350355877,6.362819706289202,6.241457727425046,6.336813449859619,61100,0.06,0.0
2014-05-13 00:00:00-04:00,6.3368138119133,6.354151179405118,6.17210861406331,6.19811487197876,40200,0.0,0.0
2014-05-14 00:00:00-04:00,6.180777296269751,6.180777296269751,6.068084204691603,6.094090461730957,51300,0.0,0.0
2014-05-15 00:00:00-04:00,6.08542199315831,6.1374340974846495,6.068084625049529,6.10275936126709,49800,0.0,0.0
2014-05-16 00:00:00-04:00,6.076754329037603,6.163441181182861,6.076754329037603,6.163441181182861,53900,0.0,0.0
2014-05-19 00:00:00-04:00,6.1287654020114894,6.206783349046946,6.085421776604223,6.19811487197876,32800,0.0,0.0
2014-05-20 00:00:00-04:00,6.163441707695009,6.224122302702574,6.0680859555117,6.146104335784912,78800,0.0,0.0
2014-05-21 00:00:00-04:00,6.10275900243302,6.2934704537714845,6.094090525566055,6.241457939147949,85000,0.0,0.0
2014-05-22 00:00:00-04:00,6.276132773315671,6.276132773315671,6.163440092117131,6.215452194213867,30600,0.0,0.0
2014-05-23 00:00:00-04:00,6.232788899647895,6.284800996220868,6.198114168599246,6.276132106781006,46900,0.0,0.0
2014-05-27 00:00:00-04:00,6.319476226353039,6.319476226353039,6.198114658098184,6.29347038269043,33500,0.0,0.0
2014-05-28 00:00:00-04:00,6.267465106538557,6.302139845752299,6.163440888897331,6.258796215057373,53900,0.0,0.0
2014-05-29 00:00:00-04:00,6.293471367626612,6.293471367626612,6.224121475843631,6.258796215057373,37900,0.0,0.0
2014-05-30 00:00:00-04:00,6.284802476145428,6.302139845752299,6.241458845450502,6.258796215057373,167800,0.0,0.0
2014-06-02 00:00:00-04:00,6.241458900800338,6.30213990164026,6.241458900800338,6.250127792358398,45900,0.0,0.0
2014-06-03 00:00:00-04:00,6.2414589883597325,6.276133728367414,6.154772138340529,6.206784248352051,64300,0.0,0.0
2014-06-04 00:00:00-04:00,6.172109080477816,6.241458555685694,6.16344060275457,6.189446449279785,40000,0.0,0.0
2014-06-05 00:00:00-04:00,6.198114781968891,6.267464250929058,6.154771157191066,6.232789516448975,50000,0.0,0.0
2014-06-06 00:00:00-04:00,6.276133640321579,6.276133640321579,6.2067841612790975,6.250127792358398,43100,0.0,0.0
2014-06-09 00:00:00-04:00,6.232790422597779,6.276133640321579,6.2067841612790975,6.250127792358398,33500,0.0,0.0
2014-06-10 00:00:00-04:00,6.241457939147949,6.284801563549083,6.241457939147949,6.241457939147949,29000,0.0,0.0
2014-06-11 00:00:00-04:00,6.224120671218935,6.276132773315671,6.206783303853356,6.215452194213867,39900,0.0,0.0
2014-06-12 00:00:00-04:00,6.206784392869288,6.2414591336843275,6.128766432713207,6.1547722816467285,71300,0.0,0.0
2014-06-13 00:00:00-04:00,6.18944620181099,6.232789828760672,6.10275936126709,6.10275936126709,69100,0.0,0.0
2014-06-16 00:00:00-04:00,6.120097644684026,6.172109756789182,6.102760273982307,6.1287665367126465,65700,0.0,0.0
2014-06-17 00:00:00-04:00,6.111429166010928,6.189447127490901,6.111429166010928,6.1287665367126465,47100,0.0,0.0
2014-06-18 00:00:00-04:00,6.1547722816467285,6.180778543935766,6.128766432713207,6.1547722816467285,53800,0.0,0.0
2014-06-19 00:00:00-04:00,6.146102680248765,6.293470508466841,6.137433789951023,6.232789516448975,84600,0.0,0.0
2014-06-20 00:00:00-04:00,6.2501274467644174,6.29347107544708,6.172109080477816,6.189446449279785,160900,0.0,0.0
2014-06-23 00:00:00-04:00,6.224122302702574,6.224122302702574,6.128766963874815,6.146104335784912,120200,0.0,0.0
2014-06-24 00:00:00-04:00,6.154770895402757,6.198114518336995,6.094090319321331,6.1374335289001465,143700,0.0,0.0
2014-06-25 00:00:00-04:00,6.1114280345196725,6.29347059986148,6.1114280345196725,6.19811487197876,172700,0.0,0.0
2014-06-26 00:00:00-04:00,6.172110186972282,6.250128567245495,6.1374354431520874,6.146104335784912,150000,0.0,0.0
2014-06-27 00:00:00-04:00,6.154770483543637,6.328144550323486,6.120095752858747,6.328144550323486,3081300,0.0,0.0
2014-06-30 00:00:00-04:00,6.284802912209422,6.501520254009747,6.206784536887537,6.466845512390137,373400,0.0,0.0
2014-07-01 00:00:00-04:00,6.4495082389915845,6.5361950943499,6.397496125776596,6.432170867919922,146300,0.0,0.0
2014-07-02 00:00:00-04:00,6.466844848374987,6.605543800611829,6.354151743004812,6.536194324493408,169300,0.0,0.0
2014-07-03 00:00:00-04:00,6.588206384540136,6.596875275670781,6.553531646728516,6.553531646728516,47600,0.0,0.0
2014-07-07 00:00:00-04:00,6.588205259986901,6.657554723772751,6.501518430254588,6.631548881530762,142500,0.0,0.0
2014-07-08 00:00:00-04:00,6.631550503853102,6.631550503853102,6.518857390954491,6.562201023101807,112900,0.0,0.0
2014-07-09 00:00:00-04:00,6.596876193492025,6.648888307445885,6.562201450856119,6.579538822174072,90400,0.0,0.0
2014-07-10 00:00:00-04:00,6.518856525421143,6.579537519699436,6.440838163256974,6.518856525421143,47400,0.0,0.0
2014-07-11 00:00:00-04:00,6.510187696546463,6.527525063495963,6.423500448443529,6.458175182342529,26500,0.0,0.0
2014-07-14 00:00:00-04:00,6.501518806393996,6.5535309072424965,6.423500448443529,6.458175182342529,21500,0.0,0.0
2014-07-15 00:00:00-04:00,6.466844217185569,6.492850061513963,6.336813755477273,6.41483211517334,45700,0.0,0.0
2014-07-16 00:00:00-04:00,6.388825857489503,6.458175326839143,6.328145278486289,6.41483211517334,37100,0.0,0.0
2014-07-17 00:00:00-04:00,6.397494011693268,6.432168742378159,6.328144550323486,6.328144550323486,25000,0.0,0.0
2014-07-18 00:00:00-04:00,6.345482735538063,6.432169573450718,6.345482735538063,6.380157470703125,29200,0.0,0.0
2014-07-21 00:00:00-04:00,6.3714875324997795,6.4321685157379145,6.345481692080136,6.406162261962891,17400,0.0,0.0
2014-07-22 00:00:00-04:00,6.423500682981728,6.449506941033248,6.319476477486542,6.380157470703125,48900,0.0,0.0
2014-07-23 00:00:00-04:00,6.336813593246591,6.406163060820794,6.284801492565938,6.29347038269043,39400,0.0,0.0
2014-07-24 00:00:00-04:00,6.276133882293939,6.319477515044326,6.163441181182861,6.163441181182861,94200,0.0,0.0
2014-07-25 00:00:00-04:00,6.206783169772789,6.302138894901294,6.180777325963928,6.2674641609191895,53300,0.0,0.0
2014-07-28 00:00:00-04:00,6.241457727915811,6.2674639843474385,6.1374335289001465,6.1374335289001465,41500,0.0,0.0
2014-07-29 00:00:00-04:00,6.189445837879851,6.258795306237316,6.1721084707904845,6.241457939147949,27300,0.0,0.0
2014-07-30 00:00:00-04:00,6.26746520194186,6.26746520194186,6.154772091104037,6.224121570587158,44900,0.0,0.0
2014-07-31 00:00:00-04:00,6.198115628111073,6.310808737233483,6.163440888897331,6.258796215057373,69300,0.0,0.0
2014-08-01 00:00:00-04:00,6.215453092329519,6.2587963103287185,6.120097351362476,6.224121570587158,32900,0.0,0.0
2014-08-04 00:00:00-04:00,6.224120590440699,6.224120590440699,6.119219779968262,6.119219779968262,57200,0.06,0.0
2014-08-05 00:00:00-04:00,6.154188630913458,6.215380997807597,6.12796362855804,6.189155578613281,35100,0.0,0.0
2014-08-06 00:00:00-04:00,6.180411836586938,6.294054167490798,6.171669894373469,6.250345706939697,31600,0.0,0.0
2014-08-07 00:00:00-04:00,6.2503479455074205,6.267831419357332,6.154188630913458,6.189155578613281,19800,0.0,0.0
2014-08-08 00:00:00-04:00,6.189155578613281,6.1978975239576855,6.119221683213635,6.189155578613281,43700,0.0,0.0
2014-08-11 00:00:00-04:00,6.189153913361509,6.206637382507324,6.136703505924064,6.206637382507324,47900,0.0,0.0
2014-08-12 00:00:00-04:00,6.180412387207994,6.215379325499624,6.127961979770549,6.206637382507324,97000,0.0,0.0
2014-08-13 00:00:00-04:00,6.22412016253174,6.320279440606564,6.215378637346068,6.29405403137207,93100,0.0,0.0
2014-08-14 00:00:00-04:00,6.29405584979199,6.346506683414582,6.29405584979199,6.302797794342041,30900,0.0,0.0
2014-08-15 00:00:00-04:00,6.337763862109346,6.355247331951959,6.259088039398193,6.259088039398193,30800,0.0,0.0
2014-08-18 00:00:00-04:00,6.285313452581512,6.346505805450053,6.259088039398193,6.259088039398193,49500,0.0,0.0
2014-08-19 00:00:00-04:00,6.3027966932678225,6.337763631681722,6.276571281038004,6.311538219451904,33100,0.0,0.0
2014-08-20 00:00:00-04:00,6.302796922424124,6.302796922424124,6.215379573211065,6.259088039398193,27800,0.0,0.0
2014-08-21 00:00:00-04:00,6.259088202499085,6.355247497558594,6.241604732200885,6.355247497558594,36200,0.0,0.0
2014-08-22 00:00:00-04:00,6.355247822740332,6.381473237948926,6.320280880354763,6.329022407531738,20900,0.0,0.0
2014-08-25 00:00:00-04:00,6.329020965792235,6.416438718681387,6.29405403137207,6.29405403137207,21200,0.0,0.0
2014-08-26 00:00:00-04:00,6.294055465146169,6.407698236318686,6.294055465146169,6.329022407531738,16200,0.0,0.0
2014-08-27 00:00:00-04:00,6.355247100888672,6.3814725131184895,6.3027966932678225,6.311538219451904,20600,0.0,0.0
2014-08-28 00:00:00-04:00,6.311537732683679,6.329021200542241,6.276570796966553,6.276570796966553,17500,0.0,0.0
2014-08-29 00:00:00-04:00,6.311539234733993,6.37273159522119,6.250347291085649,6.346506595611572,73500,0.0,0.0
2014-09-02 00:00:00-04:00,6.36398825319184,6.416438654295775,6.32027937718586,6.372729778289795,38100,0.0,0.0
2014-09-03 00:00:00-04:00,6.363988317051139,6.442663711077142,6.285312506186398,6.29405403137207,15100,0.0,0.0
2014-09-04 00:00:00-04:00,6.329021673987626,6.346505559992832,6.215379332825277,6.241604328155518,33100,0.0,0.0
2014-09-05 00:00:00-04:00,6.250345706939697,6.267829174527887,6.189153361961659,6.250345706939697,22600,0.0,0.0
2014-09-08 00:00:00-04:00,6.215378053292686,6.311536905492812,6.197894587725509,6.232861518859863,25400,0.0,0.0
2014-09-09 00:00:00-04:00,6.241605190757564,6.2503471349683215,6.1804132486376355,6.2153801918029785,28700,0.0,0.0
2014-09-10 00:00:00-04:00,6.215379573211065,6.259088039398193,6.197896103368453,6.259088039398193,27900,0.0,0.0
2014-09-11 00:00:00-04:00,6.267828449994218,6.2940534399256345,6.197894587725509,6.232861518859863,26600,0.0,0.0
2014-09-12 00:00:00-04:00,6.206636112089748,6.276569974358456,6.180411122158331,6.232861518859863,22000,0.0,0.0
2014-09-15 00:00:00-04:00,6.224120297138039,6.267829174527887,6.197895304175128,6.250345706939697,65600,0.0,0.0
2014-09-16 00:00:00-04:00,6.241605190757564,6.285314078133665,6.197896720220307,6.2153801918029785,57100,0.0,0.0
2014-09-17 00:00:00-04:00,6.224119577656925,6.259086508791279,6.206636112089748,6.232861518859863,12800,0.0,0.0
2014-09-18 00:00:00-04:00,6.197895856353809,6.3027966712287,6.197895856353809,6.206637382507324,13500,0.0,0.0
2014-09-19 00:00:00-04:00,6.2940539682145245,6.372729778289795,6.189153166006654,6.372729778289795,66700,0.0,0.0
2014-09-22 00:00:00-04:00,6.311536905492812,6.329020371059989,6.206636112089748,6.232861518859863,10800,0.0,0.0
2014-09-23 00:00:00-04:00,6.224119577656925,6.2503449844270405,6.162927656591154,6.232861518859863,35900,0.0,0.0
2014-09-24 00:00:00-04:00,6.1804132486376355,6.241605190757564,6.145446305472292,6.2153801918029785,56800,0.0,0.0
2014-09-25 00:00:00-04:00,6.2066375235130895,6.224120993056103,6.1454455885319375,6.162929058074951,19700,0.0,0.0
2014-09-26 00:00:00-04:00,6.232862207489189,6.232862207489189,6.145444869995117,6.145444869995117,14600,0.0,0.0
2014-09-29 00:00:00-04:00,6.1367024649366915,6.197894804986195,6.1367024649366915,6.180411338806152,21200,0.0,0.0
2014-09-30 00:00:00-04:00,6.154186967734156,6.189153905984106,6.1192200294842065,6.171670436859131,25400,0.0,0.0
2014-10-01 00:00:00-04:00,6.154186716792408,6.154186716792408,6.119219779968262,6.119219779968262,21000,0.0,0.0
2014-10-02 00:00:00-04:00,6.15418791670617,6.1804133328569675,6.092995556913541,6.136704444885254,19700,0.0,0.0
2014-10-03 00:00:00-04:00,6.197895856353809,6.215379325499624,6.127961979770549,6.206637382507324,27700,0.0,0.0
2014-10-06 00:00:00-04:00,6.197897045800088,6.241605518633382,6.119221211125749,6.15418815612793,37200,0.0,0.0
2014-10-07 00:00:00-04:00,6.145445191005755,6.162928659417828,6.119219779968262,6.119219779968262,25900,0.0,0.0
2014-10-08 00:00:00-04:00,6.119221683213635,6.224122526313105,6.0667712616639005,6.189155578613281,32100,0.0,0.0
2014-10-09 00:00:00-04:00,6.171670584427061,6.1978959971609795,6.075511293521087,6.162929058074951,31700,0.0,0.0
2014-10-10 00:00:00-04:00,6.197896572258638,6.2416050417524485,6.136704214760704,6.224121570587158,11800,0.0,0.0
2014-10-13 00:00:00-04:00,6.171670444215694,6.206637382507324,6.119220036778249,6.206637382507324,12900,0.0,0.0
2014-10-14 00:00:00-04:00,6.17167162862902,6.17167162862902,6.127963155795727,6.15418815612793,12500,0.0,0.0
2014-10-15 00:00:00-04:00,6.127962125477044,6.206637530084509,6.014319364907735,6.1978960037231445,31200,0.0,0.0
2014-10-16 00:00:00-04:00,6.162928918062179,6.215379325499624,6.127961979770549,6.206637382507324,11100,0.0,0.0
2014-10-17 00:00:00-04:00,6.206637382507324,6.250346263791254,6.136703505924064,6.206637382507324,14500,0.0,0.0
2014-10-20 00:00:00-04:00,6.206638332168916,6.215380276498799,6.05802861327171,6.136704444885254,7800,0.0,0.0
2014-10-21 00:00:00-04:00,6.232862794645439,6.232862794645439,6.145445448916364,6.206637382507324,15500,0.0,0.0
2014-10-22 00:00:00-04:00,6.171671388527085,6.189154860348001,6.136704444885254,6.136704444885254,4900,0.0,0.0
2014-10-23 00:00:00-04:00,6.162930100797907,6.2153805183011785,6.1367046836268395,6.15418815612793,16600,0.0,0.0
2014-10-24 00:00:00-04:00,6.171669397296775,6.215378271166236,6.162927872626111,6.180411338806152,11900,0.0,0.0
2014-10-27 00:00:00-04:00,6.189153905984106,6.206637375109081,6.136703498609181,6.171670436859131,11100,0.0,0.0
2014-10-28 00:00:00-04:00,6.189154776009549,6.2153801918029785,6.162929777054964,6.2153801918029785,5900,0.0,0.0
2014-10-29 00:00:00-04:00,6.180412379841011,6.180412379841011,6.084253091234256,6.171670436859131,29100,0.0,0.0
2014-10-30 00:00:00-04:00,6.162929058074951,6.162929058074951,6.092994763064101,6.162929058074951,19100,0.0,0.0
2014-10-31 00:00:00-04:00,6.180411338806152,6.180411338806152,6.110477057247271,6.180411338806152,31000,0.0,0.0
2014-11-03 00:00:00-05:00,6.189154219015372,6.189154219015372,6.075511455535889,6.075511455535889,47200,0.0,0.0
2014-11-04 00:00:00-05:00,6.075512085092625,6.145446389215136,6.075512085092625,6.136704444885254,31000,0.0,0.0
2014-11-05 00:00:00-05:00,6.154186967734156,6.171670436859131,6.145445441591061,6.171670436859131,19500,0.0,0.0
2014-11-06 00:00:00-05:00,6.189154060522984,6.1978960037231445,6.162929064600094,6.1978960037231445,5800,0.0,0.0
2014-11-07 00:00:00-05:00,6.189116477966309,6.2330106687188955,6.189116477966309,6.189116477966309,14400,0.03,0.0
2014-11-10 00:00:00-05:00,6.171484016533146,6.259647989832394,6.171484016533146,6.224382400512695,6700,0.03,0.0
2014-11-11 00:00:00-05:00,6.2508320808410645,6.2508320808410645,6.206749882030451,6.2508320808410645,27200,0.0,0.0
2014-11-12 00:00:00-05:00,6.259648794549393,6.471242778068303,6.259648794549393,6.409527778625488,331300,0.0,0.0
2014-11-13 00:00:00-05:00,6.409526959433653,6.4712419509887695,6.409526959433653,6.4712419509887695,110400,0.0,0.0
2014-11-14 00:00:00-05:00,6.444792016543332,6.585854362278129,6.444792016543332,6.568221569061279,84500,0.0,0.0
2014-11-17 00:00:00-05:00,6.568222961748628,6.621121773014481,6.568222961748628,6.612305164337158,103600,0.0,0.0
2014-11-18 00:00:00-05:00,6.6387525414679045,6.656385333035725,6.60348653793335,6.60348653793335,156900,0.0,0.0
2014-11-19 00:00:00-05:00,6.60348653793335,6.621119749900083,6.60348653793335,6.60348653793335,49200,0.0,0.0
2014-11-20 00:00:00-05:00,6.603488981098743,6.6123055903440875,6.400712013244629,6.400712013244629,18800,0.0,0.0
2014-11-21 00:00:00-05:00,6.497690114993907,6.532955699901421,6.409526152725123,6.435975551605225,44200,0.0,0.0
2014-11-24 00:00:00-05:00,6.427159643196085,6.515323615039856,6.427159643196085,6.462425231933594,16400,0.0,0.0
2014-11-25 00:00:00-05:00,6.462425563930757,6.532956745029204,6.462425563930757,6.4976911544799805,12400,0.0,0.0
2014-11-26 00:00:00-05:00,6.47124183931746,6.515323615039856,6.462425231933594,6.462425231933594,11700,0.0,0.0
2014-11-28 00:00:00-05:00,6.462425231933594,6.515323615039856,6.462425231933594,6.462425231933594,9500,0.0,0.0
2014-12-01 00:00:00-05:00,6.4624250344803205,6.524140023084807,6.391893859160318,6.488874435424805,19800,0.0,0.0
2014-12-02 00:00:00-05:00,6.453608653769106,6.497690426819526,6.365444266870361,6.4183430671691895,24400,0.0,0.0
2014-12-03 00:00:00-05:00,6.4271605755521435,6.4447933724788,6.383078373035985,6.409527778625488,8200,0.0,0.0
2014-12-04 00:00:00-05:00,6.3654455761093285,6.4447933724788,6.347812779182672,6.409527778625488,26800,0.0,0.0
2014-12-05 00:00:00-05:00,6.39189421909221,6.497690988029703,6.224382458075018,6.480058193206787,47500,0.0,0.0
2014-12-08 00:00:00-05:00,6.462425891251322,6.462425891251322,6.338996318077356,6.383078098297119,18300,0.0,0.0
2014-12-09 00:00:00-05:00,6.330179347263076,6.391894340515137,6.303730364725762,6.391894340515137,12000,0.0,0.0
2014-12-10 00:00:00-05:00,6.400710948293574,6.400710948293574,6.294913756947326,6.391894340515137,43800,0.0,0.0
2014-12-11 00:00:00-05:00,6.347812142420951,6.391894340515137,6.294913756947326,6.391894340515137,22400,0.0,0.0
2014-12-12 00:00:00-05:00,6.347812098981026,6.383077689055443,6.17148414860894,6.286097526550293,80800,0.0,0.0
2014-12-15 00:00:00-05:00,6.303729057312012,6.383076408866054,6.286096265811235,6.303729057312012,150000,0.0,0.0
2014-12-16 00:00:00-05:00,6.330178904987663,6.383077286765396,6.330178904987663,6.347811698913574,81700,0.0,0.0
2014-12-17 00:00:00-05:00,6.35662841796875,6.391894006441336,6.347811810651116,6.35662841796875,42300,0.0,0.0
2014-12-18 00:00:00-05:00,6.3478125059617,6.383078098297119,6.338996318077356,6.383078098297119,73400,0.0,0.0
2014-12-19 00:00:00-05:00,6.383077286765396,6.383077286765396,6.321362718224192,6.347811698913574,76900,0.0,0.0
2014-12-22 00:00:00-05:00,6.374261100001925,6.409526687853748,6.347811698913574,6.347811698913574,21900,0.0,0.0
2014-12-23 00:00:00-05:00,6.400710948293574,6.427159930830887,6.330179347263076,6.391894340515137,18800,0.0,0.0
2014-12-24 00:00:00-05:00,6.391894196702066,6.471241983326733,6.374261401940916,6.427159786224365,8700,0.0,0.0
2014-12-26 00:00:00-05:00,6.497690652396723,6.515323446308831,6.400710496079615,6.4447922706604,10200,0.0,0.0
2014-12-29 00:00:00-05:00,6.462425375746664,6.497690965268963,6.365444794360847,6.427159786224365,10600,0.0,0.0
2014-12-30 00:00:00-05:00,6.4359765386093235,6.4359765386093235,6.347812142420951,6.391894340515137,200000,0.0,0.0
2014-12-31 00:00:00-05:00,6.365444762551571,6.4712419509887695,6.365444762551571,6.4712419509887695,28700,0.0,0.0
2015-01-02 00:00:00-05:00,6.44479227570557,6.4712416767939205,6.3389955121501025,6.347811698913574,16800,0.0,0.0
2015-01-05 00:00:00-05:00,6.215565954668724,6.356628306076014,6.215565954668724,6.347811698913574,20300,0.0,0.0
2015-01-06 00:00:00-05:00,6.312546111061752,6.383077286765396,6.30372992429828,6.347811698913574,25000,0.0,0.0
2015-01-07 00:00:00-05:00,6.400710613758971,6.435976202231556,6.338995623732457,6.35662841796875,8100,0.0,0.0
2015-01-08 00:00:00-05:00,6.43597690719927,6.43597690719927,6.36544530212941,6.383078098297119,3700,0.0,0.0
2015-01-09 00:00:00-05:00,6.338996410369873,6.435977000903773,6.338996410369873,6.338996410369873,8700,0.0,0.0
2015-01-12 00:00:00-05:00,6.391893893927836,6.391893893927836,6.312546111061752,6.347811698913574,37300,0.0,0.0
2015-01-13 00:00:00-05:00,6.427159740066621,6.427159740066621,6.3213629722595215,6.3213629722595215,14700,0.0,0.0
2015-01-14 00:00:00-05:00,6.347812950782722,6.40071176339174,6.277281761169434,6.277281761169434,26500,0.0,0.0
2015-01-15 00:00:00-05:00,6.321363116624711,6.356628706699127,6.233199141438668,6.286097526550293,24100,0.0,0.0
2015-01-16 00:00:00-05:00,6.277281321290863,6.383078098297119,6.277281321290863,6.383078098297119,13000,0.0,0.0
2015-01-20 00:00:00-05:00,6.36544474864632,6.383077543280837,6.31254636474277,6.3213629722595215,11500,0.0,0.0
2015-01-21 00:00:00-05:00,6.294913570108253,6.356628561528555,6.294913570108253,6.3213629722595215,12300,0.0,0.0
2015-01-22 00:00:00-05:00,6.321363159883638,6.400710948293574,6.312546552105201,6.391894340515137,7600,0.0,0.0
2015-01-23 00:00:00-05:00,6.427159930830887,6.427159930830887,6.347812142420951,6.391894340515137,9800,0.0,0.0
2015-01-26 00:00:00-05:00,6.347811999599697,6.427159786224365,6.312546410077398,6.427159786224365,15000,0.0,0.0
2015-01-27 00:00:00-05:00,6.356628750199387,6.409527135673012,6.312546552105201,6.391894340515137,8000,0.0,0.0
2015-01-28 00:00:00-05:00,6.34781232135131,6.435976720024836,6.312546730041504,6.312546730041504,12800,0.0,0.0
2015-01-29 00:00:00-05:00,6.338996777073617,6.409527966851502,6.312547370707384,6.3301801681518555,6700,0.0,0.0
2015-01-30 00:00:00-05:00,6.383077286765396,6.391893893927836,6.3389955121501025,6.347811698913574,19800,0.0,0.0
2015-02-02 00:00:00-05:00,6.34781232135131,6.383077912661117,6.312546730041504,6.312546730041504,21500,0.0,0.0
2015-02-03 00:00:00-05:00,6.347812142420951,6.444792725988762,6.321363159883638,6.391894340515137,14100,0.0,0.0
2015-02-04 00:00:00-05:00,6.321362995146868,6.4447925580353775,6.321362995146868,6.374261379241943,6300,0.0,0.0
2015-02-05 00:00:00-05:00,6.435976361642699,6.4712419509887695,6.409526959433653,6.4712419509887695,6400,0.0,0.0
2015-02-06 00:00:00-05:00,6.4271591963644585,6.621120341335086,6.400710216849613,6.515323162078857,39400,0.0,0.0
2015-02-09 00:00:00-05:00,6.471241983326733,6.603487733835861,6.427159786224365,6.427159786224365,16300,0.0,0.0
2015-02-10 00:00:00-05:00,6.524140222423722,6.524140222423722,6.391894054458577,6.462425231933594,1400,0.0,0.0
2015-02-11 00:00:00-05:00,6.497835039352682,6.524392711289883,6.400455923954249,6.488982200622559,1100,0.03,0.0
2015-02-12 00:00:00-05:00,6.462425258439412,6.5598039627075195,6.418161904043631,6.5598039627075195,8800,0.0,0.0
2015-02-13 00:00:00-05:00,6.568656802437329,6.568656802437329,6.453572418709602,6.5598039627075195,2600,0.0,0.0
2015-02-17 00:00:00-05:00,6.515541915066068,6.550952434539795,6.4358680351868385,6.550952434539795,11800,0.0,0.0
2015-02-18 00:00:00-05:00,6.5686566639780395,6.5686566639780395,6.462425122219354,6.497835636138916,18800,0.0,0.0
2015-02-19 00:00:00-05:00,6.480131263840441,6.480131263840441,6.427015485709783,6.44472074508667,3100,0.0,0.0
2015-02-20 00:00:00-05:00,6.418161511702476,6.44471960714178,6.40930867251384,6.427014350891113,4000,0.0,0.0
2015-02-23 00:00:00-05:00,6.409308726247735,6.462424917571654,6.347340539914181,6.391603469848633,27200,0.0,0.0
2015-02-24 00:00:00-05:00,6.427014350891113,6.44471960714178,6.382750999201143,6.427014350891113,15200,0.0,0.0
2015-02-25 00:00:00-05:00,6.4004563091114886,6.453572078308797,6.365045796313283,6.391603469848633,18600,0.0,0.0
2015-02-26 00:00:00-05:00,6.400457200545941,6.418162459410973,6.382751941680908,6.382751941680908,16200,0.0,0.0
2015-02-27 00:00:00-05:00,6.4181635978821046,6.4181635978821046,6.356194969798994,6.400458335876465,13900,0.0,0.0
2015-03-02 00:00:00-05:00,6.382751941680908,6.427015299906824,6.373899101185057,6.382751941680908,14600,0.0,0.0
2015-03-03 00:00:00-05:00,6.409308759868616,6.4358668556698895,6.303077220916748,6.303077220916748,14300,0.0,0.0
2015-03-04 00:00:00-05:00,6.3207836802549915,6.400457560694152,6.3207836802549915,6.373899459838867,7200,0.0,0.0
2015-03-05 00:00:00-05:00,6.400457200545941,6.400457200545941,6.347341423950843,6.382751941680908,38800,0.0,0.0
2015-03-06 00:00:00-05:00,6.365046866827343,6.44472074508667,6.365046866827343,6.44472074508667,44700,0.0,0.0
2015-03-09 00:00:00-04:00,6.453572977141038,6.453572977141038,6.382751941680908,6.382751941680908,4100,0.0,0.0
2015-03-10 00:00:00-04:00,6.382752126204228,6.4624260044635555,6.365046866827343,6.44472074508667,33400,0.0,0.0
2015-03-11 00:00:00-04:00,6.418162227382836,6.506688518507613,6.382751710932925,6.409309387207031,19400,0.0,0.0
2015-03-12 00:00:00-04:00,6.444720332033817,6.462425590275943,6.391604135180784,6.453572750091553,21200,0.0,0.0
2015-03-13 00:00:00-04:00,6.427015485709783,6.488983682465544,6.409309804206217,6.44472074508667,44600,0.0,0.0
2015-03-16 00:00:00-04:00,6.497836768581478,6.506689187540856,6.409310046227519,6.471278667449951,42200,0.0,0.0
2015-03-17 00:00:00-04:00,6.462426248490574,6.604068328854193,6.418162887313594,6.471278667449951,97800,0.0,0.0
2015-03-18 00:00:00-04:00,6.471278423088658,6.497836523217328,6.4181626449580005,6.44472074508667,27800,0.0,0.0
2015-03-19 00:00:00-04:00,6.435868859887743,6.453574121893383,6.400458335876465,6.400458335876465,19100,0.0,0.0
2015-03-20 00:00:00-04:00,6.435867718276006,6.506688753736135,6.382751941680908,6.382751941680908,61400,0.0,0.0
2015-03-23 00:00:00-04:00,6.382751717123047,6.550951881486575,6.382751717123047,6.453572750091553,38200,0.0,0.0
2015-03-24 00:00:00-04:00,6.480131347033967,6.851941798721964,6.480131347033967,6.63947868347168,11700,0.0,0.0
2015-03-25 00:00:00-04:00,6.604066451606423,6.719150820251751,6.568655941581181,6.657182216644287,175100,0.0,0.0
2015-03-26 00:00:00-04:00,6.6660356185482295,6.807677670619109,6.604067009703914,6.754561901092529,32600,0.0,0.0
2015-03-27 00:00:00-04:00,6.666036738388878,6.807678814254489,6.630625797295792,6.772268295288086,18300,0.0,0.0
2015-03-30 00:00:00-04:00,6.763415567312506,6.834236606426769,6.692594528198242,6.692594528198242,22000,0.0,0.0
2015-03-31 00:00:00-04:00,6.736858019797383,6.851941999534081,6.736858019797383,6.843089580535889,35500,0.0,0.0
2015-04-01 00:00:00-04:00,6.816531479287913,6.860794840658972,6.789973800166636,6.843089580535889,17000,0.0,0.0
2015-04-02 00:00:00-04:00,6.860793590545654,6.869646430057459,6.843088333648666,6.860793590545654,58200,0.0,0.0
2015-04-06 00:00:00-04:00,6.807677794570828,6.9935832023620605,6.798824955091902,6.9935832023620605,69300,0.0,0.0
2015-04-07 00:00:00-04:00,6.913911458468284,7.020143032073975,6.913911458468284,7.020143032073975,51600,0.0,0.0
2015-04-08 00:00:00-04:00,6.958172688699599,7.099815165476065,6.887351661374677,6.9935832023620605,57800,0.0,0.0
2015-04-09 00:00:00-04:00,6.949320252338475,6.975878350189219,6.9227625766143746,6.940467834472656,19200,0.0,0.0
2015-04-10 00:00:00-04:00,7.020141582083787,7.028994422452441,6.922762870788574,6.922762870788574,14300,0.0,0.0
2015-04-13 00:00:00-04:00,6.975877836900822,7.028993606567383,6.88735155412322,7.028993606567383,28000,0.0,0.0
2015-04-14 00:00:00-04:00,6.913910457125792,7.037847275049312,6.913910457125792,7.011289596557617,7800,0.0,0.0
2015-04-15 00:00:00-04:00,6.993584515335291,7.037847454659968,6.984731674194336,6.984731674194336,3200,0.0,0.0
2015-04-16 00:00:00-04:00,6.9935832023620605,7.011288459193291,6.913909335558212,6.9935832023620605,16600,0.0,0.0
2015-04-17 00:00:00-04:00,6.984731674194336,7.0024369343495465,6.967026414039126,6.984731674194336,16100,0.0,0.0
2015-04-20 00:00:00-04:00,7.002436323473143,7.002436323473143,6.91391003041992,6.922762870788574,29400,0.0,0.0
2015-04-21 00:00:00-04:00,6.967025806251854,6.967025806251854,6.878499513198632,6.922762870788574,7100,0.0,0.0
2015-04-22 00:00:00-04:00,6.905057318756093,6.940467834472656,6.860793963047067,6.940467834472656,17600,0.0,0.0
2015-04-23 00:00:00-04:00,6.905057563201543,6.9758785971418,6.851941365619691,6.9670257568359375,27700,0.0,0.0
2015-04-24 00:00:00-04:00,7.011288459193291,7.011288459193291,6.940467431868369,6.9935832023620605,85400,0.0,0.0
2015-04-27 00:00:00-04:00,7.037846720263085,7.037846720263085,6.843088878878684,6.913909912109375,13500,0.0,0.0
2015-04-28 00:00:00-04:00,6.90505761217793,6.967025806251854,6.878499513198632,6.922762870788574,8400,0.0,0.0
2015-04-29 00:00:00-04:00,6.81652994666853,6.975877674075459,6.789972273518444,6.878498554229736,22400,0.0,0.0
2015-04-30 00:00:00-04:00,6.816530237239872,6.922762200748425,6.745709209651919,6.860793590545654,22700,0.0,0.0
2015-05-01 00:00:00-04:00,6.86964750289917,6.940468541547337,6.860794662004805,6.86964750289917,15700,0.0,0.0
2015-05-04 00:00:00-04:00,6.869646137221909,7.037845859510061,6.8607932980874775,6.878498554229736,5400,0.0,0.0
2015-05-05 00:00:00-04:00,6.86964691397892,7.028994237276787,6.86079407384349,6.905057430267334,23300,0.0,0.0
2015-05-06 00:00:00-04:00,6.922762984385599,6.9758787610891195,6.78112049104954,6.887352466583252,290100,0.0,0.0
2015-05-07 00:00:00-04:00,6.896205181328888,6.896205181328888,6.621773445503899,6.86964750289917,5100,0.0,0.0
2015-05-08 00:00:00-04:00,6.922762200748425,6.922762200748425,6.798824980342884,6.860793590545654,34300,0.0,0.0
2015-05-11 00:00:00-04:00,6.887453982748598,6.887453982748598,6.843018626256336,6.878566741943359,4800,0.03,0.0
2015-05-12 00:00:00-04:00,6.851907165544973,6.851907165544973,6.77192367820827,6.816359043121338,6900,0.0,0.0
2015-05-13 00:00:00-04:00,6.869681266164984,6.869681266164984,6.789697778369453,6.843019962310791,8800,0.0,0.0
2015-05-14 00:00:00-04:00,6.851907204851205,6.86079402362457,6.825245900997012,6.843019962310791,4500,0.0,0.0
2015-05-15 00:00:00-04:00,6.798585020909867,6.86079402362457,6.771923717055674,6.843019962310791,8800,0.0,0.0
2015-05-18 00:00:00-04:00,6.789697647094727,6.86079389097524,6.754149525154469,6.789697647094727,10300,0.0,0.0
2015-05-19 00:00:00-04:00,6.780810832977295,6.905229259850472,6.620843860373312,6.780810832977295,17900,0.0,0.0
2015-05-20 00:00:00-04:00,6.825246118111729,6.860794241870092,6.7274889896597605,6.73637580871582,9900,0.0,0.0
2015-05-21 00:00:00-04:00,6.771922977472113,6.834132397159774,6.603069201548751,6.727488040924072,25200,0.0,0.0
2015-05-22 00:00:00-04:00,6.611957112526497,6.816359027889158,6.585295808884826,6.638617992401123,30600,0.0,0.0
2015-05-26 00:00:00-04:00,6.683053750964644,6.683053750964644,6.594183439868121,6.603070259094238,8700,0.0,0.0
2015-05-27 00:00:00-04:00,6.585295856916106,6.7452628323987955,6.585295856916106,6.647505283355713,23200,0.0,0.0
2015-05-28 00:00:00-04:00,6.6297316123970615,6.683053799441761,6.576409425352362,6.611957550048828,26600,0.0,0.0
2015-05-29 00:00:00-04:00,6.59418387443825,6.674167371579732,6.576409811047599,6.585296630859375,26300,0.0,0.0
2015-06-01 00:00:00-04:00,6.611956505310065,6.611956505310065,6.576408386230469,6.576408386230469,8700,0.0,0.0
2015-06-02 00:00:00-04:00,6.576409562625258,6.585296382101338,6.451991123590574,6.4697651863098145,100500,0.0,0.0
2015-06-03 00:00:00-04:00,6.540861172831878,6.674166849722052,6.443103619943475,6.558635234832764,22900,0.0,0.0
2015-06-04 00:00:00-04:00,6.56752170416636,6.683053312902487,6.56752170416636,6.620843887329102,12500,0.0,0.0
2015-06-05 00:00:00-04:00,6.665279300652474,6.691940604312585,6.6119571170993,6.629731178283691,6800,0.0,0.0
2015-06-08 00:00:00-04:00,6.665279300652474,6.709714665496976,6.629731178283691,6.629731178283691,12000,0.0,0.0
2015-06-09 00:00:00-04:00,6.629731178283691,6.718601484205649,6.620843935807973,6.629731178283691,8900,0.0,0.0
2015-06-10 00:00:00-04:00,6.68305311003364,6.718601231063046,6.656391807378071,6.709714412689209,5800,0.0,0.0
2015-06-11 00:00:00-04:00,6.629730884346426,6.718601186328209,6.6208436422647345,6.6919403076171875,13700,0.0,0.0
2015-06-12 00:00:00-04:00,6.6919405996844645,6.727488722028663,6.638617992401123,6.638617992401123,10600,0.0,0.0
2015-06-15 00:00:00-04:00,6.683053536921735,6.709714841280327,6.638618170913102,6.700827598571777,2400,0.0,0.0
2015-06-16 00:00:00-04:00,6.65639204731056,6.65639204731056,6.327571704052577,6.443103313446045,141800,0.0,0.0
2015-06-17 00:00:00-04:00,6.523086207611073,6.66527868392946,6.523086207611073,6.576408386230469,77700,0.0,0.0
2015-06-18 00:00:00-04:00,6.629732001219554,6.629732001219554,6.478652250515466,6.585296630859375,14300,0.0,0.0
2015-06-19 00:00:00-04:00,6.505313557484992,6.59418387443825,6.48753949409434,6.585296630859375,60100,0.0,0.0
2015-06-22 00:00:00-04:00,6.469764273391624,6.5408605142365275,6.460877031402499,6.496425151824951,15400,0.0,0.0
2015-06-23 00:00:00-04:00,6.540861564591327,6.611957816853121,6.451991249264086,6.523087501525879,68200,0.0,0.0
2015-06-24 00:00:00-04:00,6.451991123590574,6.505313311748296,6.4431038803474125,6.4697651863098145,258900,0.0,0.0
2015-06-25 00:00:00-04:00,6.487539721154327,6.487539721154327,6.478652477264404,6.478652477264404,4300,0.0,0.0
2015-06-26 00:00:00-04:00,6.478651571896714,6.514199694954462,6.478651571896714,6.487538814544678,19700,0.0,0.0
2015-06-29 00:00:00-04:00,6.460877286037203,6.478651346948936,6.407555103302002,6.407555103302002,19500,0.0,0.0
2015-06-30 00:00:00-04:00,6.416441668990923,6.496425151824951,6.416441668990923,6.496425151824951,7400,0.0,0.0
2015-07-01 00:00:00-04:00,6.5141998629881295,6.576409291827405,6.443103615038709,6.567522048950195,349100,0.0,0.0
2015-07-02 00:00:00-04:00,6.567521879541082,6.567521879541082,6.478651571896714,6.487538814544678,11800,0.0,0.0
2015-07-06 00:00:00-04:00,6.496425676909249,6.540861042912387,6.487538857968856,6.505312919616699,13500,0.0,0.0
2015-07-07 00:00:00-04:00,6.487538088531477,6.576408386230469,6.487538088531477,6.576408386230469,19400,0.0,0.0
2015-07-08 00:00:00-04:00,6.540861167852694,6.611957415802116,6.540861167852694,6.567522048950195,13100,0.0,0.0
2015-07-09 00:00:00-04:00,6.594182968139648,6.638617908625631,6.567521664834428,6.594182968139648,10300,0.0,0.0
2015-07-10 00:00:00-04:00,6.656392799701913,6.709715412962296,6.549748420715332,6.549748420715332,10900,0.0,0.0
2015-07-13 00:00:00-04:00,6.585295765220607,6.709714616367378,6.576408946577005,6.620843887329102,8200,0.0,0.0
2015-07-14 00:00:00-04:00,6.700826803009057,6.700826803009057,6.576408386230469,6.576408386230469,4100,0.0,0.0
2015-07-15 00:00:00-04:00,6.549748668132384,6.674167538750416,6.549748668132384,6.656393051147461,9700,0.0,0.0
2015-07-16 00:00:00-04:00,6.656392102123058,6.656392102123058,6.540860915545285,6.647505283355713,10400,0.0,0.0
2015-07-17 00:00:00-04:00,6.647505150983051,6.691940515236072,6.594182968139648,6.594182968139648,1700,0.0,0.0
2015-07-20 00:00:00-04:00,6.558634846244047,6.709714576183873,6.558634846244047,6.594182968139648,6800,0.0,0.0
2015-07-21 00:00:00-04:00,6.540861848098015,6.7008284226206305,6.505313720426323,6.656393051147461,36400,0.0,0.0
2015-07-22 00:00:00-04:00,6.665279005139139,6.6919403076171875,6.567521461075664,6.6919403076171875,7500,0.0,0.0
2015-07-23 00:00:00-04:00,6.620843935807973,6.665279300652474,6.620843935807973,6.629731178283691,4800,0.0,0.0
2015-07-24 00:00:00-04:00,6.5675223993785075,6.576409642729921,6.274250149055262,6.514200210571289,52000,0.0,0.0
2015-07-27 00:00:00-04:00,6.523087501525879,6.523087501525879,6.443104005847816,6.523087501525879,16000,0.0,0.0
2015-07-28 00:00:00-04:00,6.487538986829221,6.558635234832764,6.434216377059499,6.558635234832764,26500,0.0,0.0
2015-07-29 00:00:00-04:00,6.460878413251671,6.5497487333153375,6.451991593128861,6.478652477264404,9400,0.0,0.0
2015-07-30 00:00:00-04:00,6.531973361968994,6.54974742242436,6.487538422714093,6.531973361968994,6500,0.0,0.0
2015-07-31 00:00:00-04:00,6.549748504078072,6.59418387443825,6.53197444068742,6.585296630859375,16000,0.0,0.0
2015-08-03 00:00:00-04:00,6.5586332791129465,6.594181392514621,6.531971982178222,6.540859222412109,26300,0.0,0.0
2015-08-04 00:00:00-04:00,6.540861167852694,6.58529611093755,6.5141998629881295,6.567522048950195,5200,0.0,0.0
2015-08-05 00:00:00-04:00,6.549747603886627,6.594182968139648,6.540860785296246,6.594182968139648,14300,0.0,0.0
2015-08-06 00:00:00-04:00,6.558634664535558,6.576408724990924,6.496425241058262,6.531973361968994,14900,0.0,0.0
2015-08-07 00:00:00-04:00,6.531971982178222,6.594181392514621,6.487537052309598,6.540859222412109,10100,0.0,0.0
2015-08-10 00:00:00-04:00,6.567631498436447,6.612248304136229,6.523014267235214,6.58547830581665,55900,0.03,0.0
2015-08-11 00:00:00-04:00,6.612247173391282,6.612247173391282,6.531936766664789,6.558706760406494,5700,0.0,0.0
2015-08-12 00:00:00-04:00,6.523013151749969,6.621170788306102,6.514089962336527,6.558706760406494,9000,0.0,0.0
2015-08-13 00:00:00-04:00,6.531937495353558,6.603324720630413,6.531937495353558,6.576554298400879,4700,0.0,0.0
2015-08-14 00:00:00-04:00,6.540860415328822,6.647941248816818,6.531937225288861,6.6390180587768555,41300,0.0,0.0
2015-08-17 00:00:00-04:00,6.54978406454257,6.683634894339987,6.54978406454257,6.67471170425415,3000,0.0,0.0
2015-08-18 00:00:00-04:00,6.665787660414064,6.728251689007471,6.603324057322041,6.630094051361084,16500,0.0,0.0
2015-08-19 00:00:00-04:00,6.558707807448571,6.665788650512695,6.558707807448571,6.665788650512695,1200,0.0,0.0
2015-08-20 00:00:00-04:00,6.549783927645036,6.647941144044695,6.531937122344971,6.531937122344971,53000,0.0,0.0
2015-08-21 00:00:00-04:00,6.558707505002864,6.701482381339277,6.558707505002864,6.692558765411377,19600,0.0,0.0
2015-08-24 00:00:00-04:00,6.558707556877821,6.656865205353949,6.531937559885242,6.647941589355469,23500,0.0,0.0
2015-08-25 00:00:00-04:00,6.7282523115231285,6.7282523115231285,6.558707440084043,6.621171474456787,21800,0.0,0.0
2015-08-26 00:00:00-04:00,6.7193278912980325,6.7193278912980325,6.576553042507929,6.603323459625244,11400,0.0,0.0
2015-08-27 00:00:00-04:00,6.603324346855749,6.710405178709825,6.585477541546736,6.6836347579956055,31000,0.0,0.0
2015-08-28 00:00:00-04:00,6.54978406454257,6.737175736860646,6.54978406454257,6.67471170425415,4600,0.0,0.0
2015-08-31 00:00:00-04:00,6.737175994048023,6.737175994048023,6.639018346348257,6.692558765411377,3100,0.0,0.0
2015-09-01 00:00:00-04:00,6.585477541546736,6.70148198880602,6.5587071208325165,6.6836347579956055,13400,0.0,0.0
2015-09-02 00:00:00-04:00,6.594399845419024,6.639017065447433,6.531936247980865,6.603323459625244,19700,0.0,0.0
2015-09-03 00:00:00-04:00,6.558707556877821,6.719329240839017,6.558707556877821,6.647941589355469,2700,0.0,0.0
2015-09-04 00:00:00-04:00,6.603323709834647,6.728251334945997,6.585476906247311,6.701481342315674,7500,0.0,0.0
2015-09-08 00:00:00-04:00,6.72825232560903,6.737175941467285,6.656865100748684,6.737175941467285,7100,0.0,0.0
2015-09-09 00:00:00-04:00,6.737176249867384,6.737176249867384,6.630094982173703,6.7104058265686035,4500,0.0,0.0
2015-09-10 00:00:00-04:00,6.567631370312285,6.7193294428353445,6.567631370312285,6.7104058265686035,80900,0.0,0.0
2015-09-11 00:00:00-04:00,6.630095232591489,6.72825288772583,6.630095232591489,6.72825288772583,98300,0.0,0.0
2015-09-14 00:00:00-04:00,6.6925589559261995,6.978108291226235,6.6925589559261995,6.9067206382751465,60700,0.0,0.0
2015-09-15 00:00:00-04:00,6.728251884742522,6.862103135335825,6.71932869497038,6.772869110107422,48000,0.0,0.0
2015-09-16 00:00:00-04:00,6.808563166327632,6.879950391187979,6.692558713178857,6.737175941467285,16300,0.0,0.0
2015-09-17 00:00:00-04:00,6.763946533203125,6.933491419915521,6.755023342061136,6.763946533203125,13500,0.0,0.0
2015-09-18 00:00:00-04:00,6.674710101907064,6.8977953320169245,6.621169697740855,6.808561325073242,33900,0.0,0.0
2015-09-21 00:00:00-04:00,6.7817919810264575,6.933490029533196,6.621170743167109,6.83533239364624,34400,0.0,0.0
2015-09-22 00:00:00-04:00,6.683634659377623,6.862103135335825,6.647941049286262,6.772869110107422,22600,0.0,0.0
2015-09-23 00:00:00-04:00,6.808563264951963,6.897797297319981,6.630094774714496,6.84425687789917,24000,0.0,0.0
2015-09-24 00:00:00-04:00,6.835331314405693,6.8977953320169245,6.674710101907064,6.808561325073242,48300,0.0,0.0
2015-09-25 00:00:00-04:00,6.826410220145011,6.933491061319485,6.746099376513436,6.9067206382751465,32400,0.0,0.0
2015-09-28 00:00:00-04:00,6.737175281030728,6.897796521221016,6.692558057116067,6.79071569442749,23400,0.0,0.0
2015-09-29 00:00:00-04:00,6.790715915153102,6.9067199351993285,6.710405079696842,6.772869110107422,20500,0.0,0.0
2015-09-30 00:00:00-04:00,6.808562535343652,6.897796558149317,6.719328512537988,6.826409339904785,24300,0.0,0.0
2015-10-01 00:00:00-04:00,6.799640345510824,7.040572470335964,6.6479422621947215,6.942415237426758,27600,0.0,0.0
2015-10-02 00:00:00-04:00,6.871027578718054,6.951338428826925,6.692559495699977,6.942415237426758,36400,0.0,0.0
2015-10-05 00:00:00-04:00,6.960261484363823,6.960261484363823,6.790716606420187,6.9067206382751465,23900,0.0,0.0
2015-10-06 00:00:00-04:00,6.92456761502658,6.960261227433816,6.71040551508174,6.88887357711792,15200,0.0,0.0
2015-10-07 00:00:00-04:00,6.85318008037921,6.978108151414506,6.8442568898775065,6.960261344909668,20500,0.0,0.0
2015-10-08 00:00:00-04:00,6.951337573846556,7.049495220184326,6.897797155526341,7.049495220184326,23200,0.0,0.0
2015-10-09 00:00:00-04:00,7.049494486439098,7.049494486439098,6.969183654567202,7.031647682189941,18500,0.0,0.0
2015-10-12 00:00:00-04:00,7.0494954640646315,7.067342270788787,6.933491007606898,6.951337814331055,29400,0.0,0.0
2015-10-13 00:00:00-04:00,6.969183957242753,7.00487756729126,6.942413962457069,7.00487756729126,6500,0.0,0.0
2015-10-14 00:00:00-04:00,7.004878148421048,7.022724954925885,6.8353332738743715,6.960261344909668,7300,0.0,0.0
2015-10-15 00:00:00-04:00,6.969183957242753,7.00487756729126,6.790715907000214,7.00487756729126,26000,0.0,0.0
2015-10-16 00:00:00-04:00,6.942413962457069,7.00487756729126,6.933490347194245,7.00487756729126,22700,0.0,0.0
2015-10-19 00:00:00-04:00,6.9245672920648325,7.004877703484725,6.808562844401049,6.995954513549805,6100,0.0,0.0
2015-10-20 00:00:00-04:00,6.995954513549805,7.004877703484725,6.951337287370995,6.995954513549805,18800,0.0,0.0
2015-10-21 00:00:00-04:00,6.915643676628509,7.004877703484725,6.9067200611921855,6.995954513549805,7200,0.0,0.0
2015-10-22 00:00:00-04:00,7.004877703484725,7.004877703484725,6.835332839707212,6.995954513549805,5400,0.0,0.0
2015-10-23 00:00:00-04:00,6.995954513549805,7.004877703484725,6.8888732558209425,6.995954513549805,11200,0.0,0.0
2015-10-26 00:00:00-04:00,6.960260902807319,6.995954513549805,6.915643676628509,6.995954513549805,6900,0.0,0.0
2015-10-27 00:00:00-04:00,6.951337868181897,6.978108291226235,6.8531802176879095,6.9067206382751465,15200,0.0,0.0
2015-10-28 00:00:00-04:00,6.7728702382841295,6.969185126487358,6.7728702382841295,6.87102746963501,36400,0.0,0.0
2015-10-29 00:00:00-04:00,6.8085625714150275,6.871026174959229,6.6925581284023865,6.86210298538208,12700,0.0,0.0
2015-10-30 00:00:00-04:00,6.915644115896858,6.960261344909668,6.772869663858154,6.960261344909668,17600,0.0,0.0
2015-11-02 00:00:00-05:00,6.960260902807319,7.004877703484725,6.835332839707212,6.995954513549805,18300,0.0,0.0
2015-11-03 00:00:00-05:00,6.879949210384599,7.004876832448921,6.879949210384599,6.987030029296875,9800,0.0,0.0
2015-11-04 00:00:00-05:00,7.004878202061263,7.004878202061263,6.897797362212259,6.91564416885376,40300,0.0,0.0
2015-11-05 00:00:00-05:00,6.915644115896858,7.004878148421048,6.8442568898775065,6.960261344909668,13200,0.0,0.0
2015-11-06 00:00:00-05:00,6.85276644462858,7.1125444815901,6.85276644462858,7.040881633758545,16000,0.03,0.0
2015-11-09 00:00:00-05:00,6.89755625103512,7.166292386382176,6.879640537154937,7.139418601989746,39000,0.0,0.0
2015-11-10 00:00:00-05:00,7.130459545264836,7.211080455317622,7.058796703948683,7.157332897186279,38100,0.0,0.0
2015-11-11 00:00:00-05:00,7.148375255593874,7.211080455317622,7.067754345541089,7.157332897186279,4300,0.0,0.0
2015-11-12 00:00:00-05:00,7.1125449884811,7.1125449884811,7.031924065352842,7.076713562011719,4300,0.0,0.0
2015-11-13 00:00:00-05:00,7.139418357313051,7.157334070579241,6.951303581590212,7.094629287719727,58300,0.0,0.0
2015-11-16 00:00:00-05:00,6.978175702560059,7.112543741841245,6.951302350990355,7.049838542938232,20000,0.0,0.0
2015-11-17 00:00:00-05:00,7.040881363274325,7.076712785813593,7.005049940735056,7.031923294067383,9100,0.0,0.0
2015-11-18 00:00:00-05:00,7.067755042777369,7.1394178911630855,7.0319236185845115,7.112544536590576,19500,0.0,0.0
2015-11-19 00:00:00-05:00,7.076712414277721,7.202122386580989,7.076712414277721,7.157332897186279,28300,0.0,0.0
2015-11-20 00:00:00-05:00,7.1662917137146,7.246912632180056,7.130460289317568,7.1662917137146,19500,0.0,0.0
2015-11-23 00:00:00-05:00,7.193164825439453,7.211080964176994,7.112544336841804,7.193164825439453,7600,0.0,0.0
2015-11-24 00:00:00-05:00,7.148376501612109,7.211081712265868,7.08567129095835,7.202123641967773,14000,0.0,0.0
2015-11-25 00:00:00-05:00,7.211080992336483,7.237954346259221,7.121502006875997,7.228996276855469,4600,0.0,0.0
2015-11-27 00:00:00-05:00,7.237954409918095,7.246912479400635,7.211081055759002,7.246912479400635,2100,0.0,0.0
2015-11-30 00:00:00-05:00,7.228996998573454,7.246913139169644,7.175250285362092,7.202123641967773,7700,0.0,0.0
2015-12-01 00:00:00-05:00,7.193164825439453,7.237954317994791,7.166291471621656,7.193164825439453,21900,0.0,0.0
2015-12-02 00:00:00-05:00,7.202123814142542,7.2110818846547895,7.139418601989746,7.139418601989746,18500,0.0,0.0
2015-12-03 00:00:00-05:00,7.166292128185174,7.184208268564162,7.0498397785875335,7.076713562011719,4100,0.0,0.0
2015-12-04 00:00:00-05:00,7.058797146100177,7.175249484105422,7.058797146100177,7.121501922607422,15400,0.0,0.0
2015-12-07 00:00:00-05:00,7.103586466970227,7.148375960783434,7.049839330680941,7.112544536590576,11900,0.0,0.0
2015-12-08 00:00:00-05:00,7.076712771246141,7.112544193711651,6.987134215082367,7.014007568359375,13300,0.0,0.0
2015-12-09 00:00:00-05:00,6.97817635931742,7.040881564121989,6.951303005218506,6.951303005218506,11500,0.0,0.0
2015-12-10 00:00:00-05:00,6.915472785295518,7.01400943689805,6.90651514086494,6.942346572875977,30400,0.0,0.0
2015-12-11 00:00:00-05:00,6.834850225874831,7.031923042798897,6.539240786916615,6.987133979797363,437500,0.0,0.0
2015-12-14 00:00:00-05:00,6.942344977163952,7.040881606117641,6.816934993951062,7.005050182342529,9300,0.0,0.0
2015-12-15 00:00:00-05:00,7.0229674763155225,7.220040778618208,7.0229674763155225,7.18420934677124,25500,0.0,0.0
2015-12-16 00:00:00-05:00,7.202123641967773,7.228996998573454,7.08567129095835,7.202123641967773,12000,0.0,0.0
2015-12-17 00:00:00-05:00,7.121501476528203,7.220038524054254,7.121501476528203,7.157332897186279,5500,0.0,0.0
2015-12-18 00:00:00-05:00,7.175250553416562,7.237955339268557,6.960261556818002,7.2110819816589355,79800,0.0,0.0
2015-12-21 00:00:00-05:00,6.978177206425888,7.435028553009033,6.978177206425888,7.435028553009033,76600,0.0,0.0
2015-12-22 00:00:00-05:00,7.390238014662974,7.435027506821664,7.211080900316725,7.381279945373535,33000,0.0,0.0
2015-12-23 00:00:00-05:00,7.408154902292264,7.435028258589282,7.372322621511447,7.3902387619018555,7300,0.0,0.0
2015-12-24 00:00:00-05:00,7.426070188394078,7.461901614886301,7.300659768527002,7.3902387619018555,6000,0.0,0.0
2015-12-28 00:00:00-05:00,7.381279593862128,7.479816642776413,7.37232152499929,7.470858573913574,21100,0.0,0.0
2015-12-29 00:00:00-05:00,7.443985187253901,7.506689960427403,7.426069049610921,7.488773822784424,12700,0.0,0.0
2015-12-30 00:00:00-05:00,7.533563735134938,7.542521804458855,7.417111396789551,7.417111396789551,4900,0.0,0.0
2015-12-31 00:00:00-05:00,7.470859989924779,7.605227631181245,7.452943848803316,7.524606704711914,24600,0.0,0.0
2016-01-04 00:00:00-05:00,7.452942583556772,7.69480532190501,7.435027299765319,7.650015830993652,38400,0.0,0.0
2016-01-05 00:00:00-05:00,7.605226340082296,7.703763390944978,7.605226340082296,7.650015830993652,14300,0.0,0.0
2016-01-06 00:00:00-05:00,7.6231419711846895,7.703762878605737,7.587310551696271,7.6141839027404785,26400,0.0,0.0
2016-01-07 00:00:00-05:00,7.533564493155318,7.5425225633805875,7.390238786705388,7.426070213317871,62600,0.0,0.0
2016-01-08 00:00:00-05:00,7.443985604761301,7.479817027768458,7.33649048145132,7.417111396789551,13400,0.0,0.0
2016-01-11 00:00:00-05:00,7.408153820924548,7.435027173298866,7.067754464647909,7.300658702850342,19700,0.0,0.0
2016-01-12 00:00:00-05:00,7.282744869328446,7.381281083844748,7.1752505841410334,7.336491584777832,47900,0.0,0.0
2016-01-13 00:00:00-05:00,7.3364902188050864,7.426069200260308,7.1752492481895604,7.354406356811523,75800,0.0,0.0
2016-01-14 00:00:00-05:00,7.300658087016493,7.390237059759237,7.202121900430193,7.3275322914123535,10900,0.0,0.0
2016-01-15 00:00:00-05:00,7.211082293577337,7.3454499417262085,7.193166151536862,7.291703224182129,17600,0.0,0.0
2016-01-19 00:00:00-05:00,7.291702027869601,7.363364875696796,7.1125444811573475,7.318575382232666,16900,0.0,0.0
2016-01-20 00:00:00-05:00,7.2379550100301895,7.43502828354314,7.139418373273714,7.426070213317871,24400,0.0,0.0
2016-01-21 00:00:00-05:00,7.336490124112254,7.3812796142617625,7.112543954797418,7.300658702850342,43300,0.0,0.0
2016-01-22 00:00:00-05:00,7.318576080185604,7.318576080185604,7.246913225524115,7.255871295928955,12400,0.0,0.0
2016-01-25 00:00:00-05:00,7.237955514454989,7.300660301824682,7.0408826543520115,7.148376941680908,47100,0.0,0.0
2016-01-26 00:00:00-05:00,7.130460958621811,7.220039955167037,6.978177177068099,7.139418601989746,55400,0.0,0.0
2016-01-27 00:00:00-05:00,7.085671460349197,7.157334315869929,6.987135247580347,7.139418601989746,35000,0.0,0.0
2016-01-28 00:00:00-05:00,6.924429822283417,7.211081662687091,6.924429822283417,7.130460739135742,85600,0.0,0.0
2016-01-29 00:00:00-05:00,7.1304612271260925,7.211082156194929,7.1304612271260925,7.148376941680908,72600,0.0,0.0
2016-02-01 00:00:00-05:00,7.112545025807032,7.184208306266174,7.112545025807032,7.130460739135742,22500,0.0,0.0
2016-02-02 00:00:00-05:00,7.130459963211418,7.148375674590572,7.076712829073956,7.085670471191406,27500,0.0,0.0
2016-02-03 00:00:00-05:00,7.094628864920537,7.228996492837268,7.0767131527220215,7.1662917137146,38900,0.0,0.0
2016-02-04 00:00:00-05:00,7.112544577119053,7.193165068440237,7.094628864920537,7.1662917137146,32200,0.0,0.0
2016-02-05 00:00:00-05:00,7.121501626526416,7.193164469351983,6.996091651581673,7.022965431213379,16300,0.0,0.0
2016-02-08 00:00:00-05:00,7.049943923950195,7.166843176169959,6.995990323975283,7.049943923950195,9000,0.03,0.0
2016-02-09 00:00:00-05:00,6.978005217590709,7.040950864666229,6.942035725109617,6.96901273727417,16800,0.0,0.0
2016-02-10 00:00:00-05:00,7.004982904735132,7.157851663923096,6.951029300689697,6.951029300689697,10600,0.0,0.0
2016-02-11 00:00:00-05:00,6.861105444455796,6.960020153760728,6.807151849711727,6.888082027435303,19700,0.0,0.0
2016-02-12 00:00:00-05:00,6.960020639823114,7.040951251983643,6.8431213907730095,7.040951251983643,13800,0.0,0.0
2016-02-16 00:00:00-05:00,7.121882057305825,7.211805152716481,6.924051761944499,7.202812671661377,129800,0.0,0.0
2016-02-17 00:00:00-05:00,7.2028127674807,7.256765939388679,7.085913084919803,7.157851219177246,13600,0.0,0.0
2016-02-18 00:00:00-05:00,7.139866494906502,7.229789160326465,7.05893588163599,7.12188196182251,16200,0.0,0.0
2016-02-19 00:00:00-05:00,7.139866495061048,7.256765745716984,7.058935881788784,7.148858547210693,16600,0.0,0.0
2016-02-22 00:00:00-05:00,7.220794633475067,7.454593926108117,7.211803012658365,7.391648292541504,39300,0.0,0.0
2016-02-23 00:00:00-05:00,7.3556792365648755,7.391648292541504,7.175833527896767,7.391648292541504,46200,0.0,0.0
2016-02-24 00:00:00-05:00,7.37366333576822,7.391648292541504,7.265756167838337,7.391648292541504,15400,0.0,0.0
2016-02-25 00:00:00-05:00,7.391649361799233,7.58947876950323,7.292733800377172,7.526533126831055,30700,0.0,0.0
2016-02-26 00:00:00-05:00,7.463587000113258,7.580486655758756,7.409632983057641,7.472579479217529,26800,0.0,0.0
2016-02-29 00:00:00-05:00,7.472580720687858,7.670410148428509,7.427619175266745,7.517541408538818,22200,0.0,0.0
2016-03-01 00:00:00-05:00,7.526533145920343,7.6614177688643315,7.454595023378242,7.652425289154053,17700,0.0,0.0
2016-03-02 00:00:00-05:00,7.5894779324752095,7.688393482988078,7.56250135395805,7.634439468383789,9300,0.0,0.0
2016-03-03 00:00:00-05:00,7.607464414010178,7.688395023345947,7.562502869093625,7.688395023345947,12100,0.0,0.0
2016-03-04 00:00:00-05:00,7.688395108430705,7.77831734168881,7.373665148101963,7.490564823150635,38700,0.0,0.0
2016-03-07 00:00:00-05:00,7.319711239439586,7.535525606518527,7.319711239439586,7.526533126831055,18200,0.0,0.0
2016-03-08 00:00:00-05:00,7.373665048978027,7.553510370646732,7.373665048978027,7.409634113311768,11200,0.0,0.0
2016-03-09 00:00:00-05:00,7.400641829682166,7.589479636849654,7.391650206537171,7.571495532989502,16300,0.0,0.0
2016-03-10 00:00:00-05:00,7.517542074720385,7.59847269213618,7.445603938699729,7.553511142730713,13600,0.0,0.0
2016-03-11 00:00:00-05:00,7.62544917503123,7.886225986521848,7.499557867492549,7.877233505249023,30700,0.0,0.0
2016-03-14 00:00:00-04:00,7.895217608512109,7.940179157296265,7.88622598481145,7.931186676025391,19700,0.0,0.0
2016-03-15 00:00:00-04:00,7.922194575258763,7.958163640606026,7.8682405484527855,7.904209613800049,7700,0.0,0.0
2016-03-16 00:00:00-04:00,7.931185322898501,7.949170282371863,7.787309077391872,7.805294036865234,5900,0.0,0.0
2016-03-17 00:00:00-04:00,7.868239679881867,7.868239679881867,7.724363434375238,7.805294036865234,11900,0.0,0.0
2016-03-18 00:00:00-04:00,7.832271863040568,7.832271863040568,7.679403113506661,7.769326210021973,13100,0.0,0.0
2016-03-21 00:00:00-04:00,7.787307067870266,7.7962995452864305,7.679399911585833,7.778314590454102,6700,0.0,0.0
2016-03-22 00:00:00-04:00,7.580486621224633,7.778316015197301,7.526532604414812,7.751339435577393,16900,0.0,0.0
2016-03-23 00:00:00-04:00,7.724362540200947,7.760331597413816,7.55350887526234,7.634439468383789,19100,0.0,0.0
2016-03-24 00:00:00-04:00,7.5804873630281095,7.715371131896973,7.544518300825073,7.715371131896973,7600,0.0,0.0
2016-03-28 00:00:00-04:00,7.562502969081481,7.859247968855962,7.562502969081481,7.823278903961182,12900,0.0,0.0
2016-03-29 00:00:00-04:00,7.814286708707283,7.8322716705965245,7.769326019124545,7.7873101234436035,16000,0.0,0.0
2016-03-30 00:00:00-04:00,7.8322716705965245,7.841264151541146,7.742348576290682,7.7873101234436035,15900,0.0,0.0
2016-03-31 00:00:00-04:00,7.697387884491922,7.778317640259662,7.580488204956055,7.580488204956055,14600,0.0,0.0
2016-04-01 00:00:00-04:00,7.598472785675558,7.643434335634514,7.544519611780999,7.6074652671813965,11600,0.0,0.0
2016-04-04 00:00:00-04:00,7.643433663570434,7.643433663570434,7.562503052274344,7.571495532989502,8900,0.0,0.0
2016-04-05 00:00:00-04:00,7.2657565493138785,7.2657565493138785,6.807150847141118,6.834127426147461,212200,0.0,0.0
2016-04-06 00:00:00-04:00,6.780174642641598,6.906066360084733,6.780174642641598,6.825136184692383,80000,0.0,0.0
2016-04-07 00:00:00-04:00,6.834128180901976,6.834128180901976,6.744205526308208,6.771182537078857,33700,0.0,0.0
2016-04-08 00:00:00-04:00,6.807151602323438,6.8611051951067035,6.717228518899623,6.798159122467041,38600,0.0,0.0
2016-04-11 00:00:00-04:00,6.816143649983222,6.843120660753872,6.735213046456311,6.771182537078857,32500,0.0,0.0
2016-04-12 00:00:00-04:00,6.807151653629077,6.8431207157556875,6.744205580514989,6.825136184692383,26100,0.0,0.0
2016-04-13 00:00:00-04:00,6.807150445509086,6.861104029123422,6.762188911437988,6.762188911437988,39800,0.0,0.0
2016-04-14 00:00:00-04:00,6.789167122565773,6.825136184692383,6.771182591502468,6.825136184692383,21500,0.0,0.0
2016-04-15 00:00:00-04:00,6.8341278161788495,6.87908935546875,6.789166705673965,6.87908935546875,50200,0.0,0.0
2016-04-18 00:00:00-04:00,6.879089973622161,6.897074505197204,6.843120910472076,6.861105442047119,9500,0.0,0.0
2016-04-19 00:00:00-04:00,6.879091161962451,6.969013835371509,6.807153023235204,6.951029300689697,52600,0.0,0.0
2016-04-20 00:00:00-04:00,6.942035000800067,6.951027480178359,6.8700968809138,6.906065940856934,49400,0.0,0.0
2016-04-21 00:00:00-04:00,6.870096876096763,6.87908935546875,6.654282516589281,6.87908935546875,37900,0.0,0.0
2016-04-22 00:00:00-04:00,6.969012067923299,6.969012067923299,6.861104887199343,6.960019588470459,89600,0.0,0.0
2016-04-25 00:00:00-04:00,6.924051090598015,6.951028102362577,6.807151849711727,6.888082027435303,30000,0.0,0.0
2016-04-26 00:00:00-04:00,6.825136291845486,6.951028011265092,6.825136291845486,6.933043479919434,19900,0.0,0.0
2016-04-27 00:00:00-04:00,6.942036818956227,6.951029300689697,6.888083214910792,6.951029300689697,11300,0.0,0.0
2016-04-28 00:00:00-04:00,6.852113105225203,6.924051233030444,6.8071519897394595,6.870097637176514,19200,0.0,0.0
2016-04-29 00:00:00-04:00,6.879089976037152,6.888082027435303,6.843120912874439,6.888082027435303,8200,0.0,0.0
2016-05-02 00:00:00-04:00,6.852112346137806,6.960019525891547,6.798158756260936,6.87908935546875,19700,0.0,0.0
2016-05-03 00:00:00-04:00,6.978005692841211,6.978005692841211,6.780175400254374,6.8161444664001465,14600,0.0,0.0
2016-05-04 00:00:00-04:00,6.825134973380531,6.825134973380531,6.654281744209316,6.762188911437988,85900,0.0,0.0
2016-05-05 00:00:00-04:00,6.744205386579769,6.816143508764348,6.70823632548748,6.7891669273376465,47000,0.0,0.0
2016-05-06 00:00:00-04:00,6.717228518899623,6.888081777105817,6.717228518899623,6.798159122467041,72100,0.0,0.0
2016-05-09 00:00:00-04:00,6.969014273159676,6.978006755458048,6.699245807200723,6.89707612991333,83200,0.0,0.0
2016-05-10 00:00:00-04:00,6.9240497837253505,6.969011318585051,6.789166036716201,6.8431196212768555,79900,0.0,0.0
2016-05-11 00:00:00-04:00,6.843120300348958,6.915058420235225,6.789166710434257,6.906065940856934,22700,0.0,0.0
2016-05-12 00:00:00-04:00,6.878983974456787,6.942176896543361,6.815791482836778,6.878983974456787,20200,0.03,0.0
2016-05-13 00:00:00-04:00,6.897039033557728,6.90606677834148,6.815791482836778,6.878983974456787,21000,0.0,0.0
2016-05-16 00:00:00-04:00,6.878983974456787,6.951204210860549,6.869956660139599,6.878983974456787,10300,0.0,0.0
2016-05-17 00:00:00-04:00,6.906067455258136,6.915094770460161,6.806764405236228,6.842874526977539,22700,0.0,0.0
2016-05-18 00:00:00-04:00,6.860929099427201,6.933149337768555,6.860929099427201,6.933149337768555,12800,0.0,0.0
2016-05-19 00:00:00-04:00,6.933149337768555,6.933149337768555,6.797736606111806,6.933149337768555,16900,0.0,0.0
2016-05-20 00:00:00-04:00,6.951205253601074,6.96926031541043,6.842874882744945,6.951205253601074,8200,0.0,0.0
2016-05-23 00:00:00-04:00,6.978286647172354,6.996341705322266,6.906066414572706,6.996341705322266,28100,0.0,0.0
2016-05-24 00:00:00-04:00,6.996343235775001,6.996343235775001,6.924122987377147,6.978288173675537,50000,0.0,0.0
2016-05-25 00:00:00-04:00,6.996341491438247,7.0324516066341545,6.924121261046432,6.987313747406006,22800,0.0,0.0
2016-05-26 00:00:00-04:00,7.023424293068442,7.041479350666395,6.978286433840293,6.987313747406006,11500,0.0,0.0
2016-05-27 00:00:00-04:00,6.9963418224850535,7.0234246253967285,6.951203961121111,7.0234246253967285,23700,0.0,0.0
2016-05-31 00:00:00-04:00,6.9963423776127245,7.0143974374975775,6.960232257843018,6.960232257843018,22800,0.0,0.0
2016-06-01 00:00:00-04:00,6.933148669557389,6.99634158724888,6.924121355868054,6.969258785247803,10800,0.0,0.0
2016-06-02 00:00:00-04:00,6.933149452782446,7.0143974374975775,6.933149452782446,6.960232257843018,13700,0.0,0.0
2016-06-03 00:00:00-04:00,6.924121759948785,6.969259191962683,6.888011642151042,6.942176818847656,17800,0.0,0.0
2016-06-06 00:00:00-04:00,6.906067078188458,6.9963423776127245,6.906067078188458,6.960232257843018,20500,0.0,0.0
2016-06-07 00:00:00-04:00,6.996341995544269,6.996341995544269,6.933149074164941,6.942176818847656,23000,0.0,0.0
2016-06-08 00:00:00-04:00,6.978288173675537,6.996343235775001,6.924122987377147,6.978288173675537,15100,0.0,0.0
2016-06-09 00:00:00-04:00,6.996343123357776,6.996343123357776,6.933150191791719,6.951205253601074,11100,0.0,0.0
2016-06-10 00:00:00-04:00,6.915094015266069,6.969259191962683,6.906066701049913,6.942176818847656,20600,0.0,0.0
2016-06-13 00:00:00-04:00,6.978287014745242,6.98731432906243,6.842873856254906,6.878983974456787,26700,0.0,0.0
2016-06-14 00:00:00-04:00,6.851901601038659,6.897039033557728,6.833846541937718,6.878983974456787,44900,0.0,0.0
2016-06-15 00:00:00-04:00,6.90606677834148,6.915094092658668,6.860928915355847,6.878983974456787,24700,0.0,0.0
2016-06-16 00:00:00-04:00,6.860928915355847,6.90606677834148,6.851901601038659,6.878983974456787,15900,0.0,0.0
2016-06-17 00:00:00-04:00,6.897038363697385,6.897038363697385,6.824818134307861,6.824818134307861,58300,0.0,0.0
2016-06-20 00:00:00-04:00,6.888012394387481,6.933149831330817,6.8248194661068835,6.842874526977539,26500,0.0,0.0
2016-06-21 00:00:00-04:00,6.906065652015972,6.906065652015972,6.788707571766765,6.869955539703369,53600,0.0,0.0
2016-06-22 00:00:00-04:00,6.897037908704574,6.915092964860875,6.797735315078163,6.869955539703369,38600,0.0,0.0
2016-06-23 00:00:00-04:00,6.897038651663864,6.960231570251402,6.851901221644086,6.860928535461426,90400,0.0,0.0
2016-06-24 00:00:00-04:00,6.743570637595256,6.96925908562071,6.707460520348508,6.734543323516846,1439600,0.0,0.0
2016-06-27 00:00:00-04:00,6.761626571775072,6.8157921851256,6.635241145045928,6.662323951721191,76300,0.0,0.0
2016-06-28 00:00:00-04:00,6.662321869095755,6.84287242226916,6.662321869095755,6.788707256317139,37000,0.0,0.0
2016-06-29 00:00:00-04:00,6.869956660139599,6.878983974456787,6.8248187971539656,6.878983974456787,37600,0.0,0.0
2016-06-30 00:00:00-04:00,6.915095129982364,6.978288061548421,6.906067814311001,6.951205253601074,41400,0.0,0.0
2016-07-01 00:00:00-04:00,6.969259191962683,6.969259191962683,6.924121759948785,6.942176818847656,16800,0.0,0.0
2016-07-05 00:00:00-04:00,6.9512043973538935,6.98731451652457,6.897039218597878,6.933149337768555,20100,0.0,0.0
2016-07-06 00:00:00-04:00,6.933150191791719,6.960232999739066,6.897040068173009,6.951205253601074,31300,0.0,0.0
2016-07-07 00:00:00-04:00,6.906066414572706,7.005369449630492,6.906066414572706,6.996341705322266,17400,0.0,0.0
2016-07-08 00:00:00-04:00,7.005369663238525,7.023424721938973,6.978286859954577,7.005369663238525,55300,0.0,0.0
2016-07-11 00:00:00-04:00,7.050506423975867,7.068561480958569,6.96023113906236,7.041479110717773,36900,0.0,0.0
2016-07-12 00:00:00-04:00,7.077589224683177,7.077589224683177,7.032451366993166,7.041479110717773,52900,0.0,0.0
2016-07-13 00:00:00-04:00,7.05953540539749,7.077590465545654,6.91509449374559,7.077590465545654,20300,0.0,0.0
2016-07-14 00:00:00-04:00,7.122727704454149,7.122727704454149,6.996342286898875,7.1137003898620605,15700,0.0,0.0
2016-07-15 00:00:00-04:00,7.15883760927526,7.15883760927526,7.050507254616342,7.104672431945801,31700,0.0,0.0
2016-07-18 00:00:00-04:00,7.131755068237701,7.158837441032675,7.0595348334956975,7.095644950866699,16000,0.0,0.0
2016-07-19 00:00:00-04:00,7.167865452126617,7.167865452126617,6.996342173003447,7.086617469787598,37500,0.0,0.0
2016-07-20 00:00:00-04:00,7.131755449512814,7.131755449512814,7.014397346549628,7.1137003898620605,27500,0.0,0.0
2016-07-21 00:00:00-04:00,7.0685623137261615,7.12272749105562,7.050507254616342,7.104672431945801,16300,0.0,0.0
2016-07-22 00:00:00-04:00,7.131755235843813,7.131755235843813,7.0685623137261615,7.104672431945801,10200,0.0,0.0
2016-07-25 00:00:00-04:00,7.05050708891967,7.1137000095522005,7.05050708891967,7.095644950866699,30200,0.0,0.0
2016-07-26 00:00:00-04:00,7.12272767609981,7.158837795257568,7.0775902423859,7.158837795257568,18500,0.0,0.0
2016-07-27 00:00:00-04:00,7.122727887652697,7.167865753173828,7.09564551271329,7.167865753173828,16100,0.0,0.0
2016-07-28 00:00:00-04:00,7.194947746841102,7.194947746841102,7.140782569366,7.149810314178467,18600,0.0,0.0
2016-07-29 00:00:00-04:00,7.149810294953633,7.176892668385079,7.050507254616342,7.104672431945801,17100,0.0,0.0
2016-08-01 00:00:00-04:00,6.987315792052052,7.086618853132375,6.9150955405269645,6.924123287200928,14800,0.0,0.0
2016-08-02 00:00:00-04:00,6.951204140029504,6.9782869436382295,6.851901531219482,6.851901531219482,11900,0.0,0.0
2016-08-03 00:00:00-04:00,6.897039709589506,7.068563003094036,6.842874526977539,6.842874526977539,23400,0.0,0.0
2016-08-04 00:00:00-04:00,6.897038676581668,6.9060664208981635,6.806763385749423,6.815791130065918,44000,0.0,0.0
2016-08-05 00:00:00-04:00,6.8248194661068835,6.897039709589506,6.797737090034203,6.842874526977539,32700,0.0,0.0
2016-08-08 00:00:00-04:00,6.842874595487974,6.924444990089103,6.842874595487974,6.906318187713623,17500,0.03,0.0
2016-08-09 00:00:00-04:00,6.906317977325239,6.960698382795078,6.87006437367868,6.933508396148682,17900,0.0,0.0
2016-08-10 00:00:00-04:00,6.888190416822704,6.9063172166494615,6.8519368171691895,6.8519368171691895,5000,0.0,0.0
2016-08-11 00:00:00-04:00,6.870063616995947,6.879127232997824,6.833810017342432,6.8519368171691895,9600,0.0,0.0
2016-08-12 00:00:00-04:00,6.870063616995947,6.879127232997824,6.824746833517553,6.8519368171691895,14600,0.0,0.0
2016-08-15 00:00:00-04:00,6.833810329437256,6.897254347816844,6.815683528782661,6.833810329437256,24000,0.0,0.0
2016-08-16 00:00:00-04:00,6.8519368171691895,6.8972540328245815,6.824746833517553,6.8519368171691895,12200,0.0,0.0
2016-08-17 00:00:00-04:00,6.861000701904653,6.888190686621275,6.851937085547769,6.879127502441406,10000,0.0,0.0
2016-08-18 00:00:00-04:00,6.888191223144531,6.915381642156038,6.851937619247222,6.888191223144531,50100,0.0,0.0
2016-08-19 00:00:00-04:00,6.924444990089103,6.9516354097408515,6.870064582962664,6.906318187713623,28600,0.0,0.0
2016-08-22 00:00:00-04:00,6.91538143157959,7.033205856746564,6.90631781479273,6.91538143157959,63000,0.0,0.0
2016-08-23 00:00:00-04:00,6.915381642156038,6.996952034836459,6.879128038258728,6.888191223144531,16900,0.0,0.0
2016-08-24 00:00:00-04:00,6.915379833707319,6.915379833707319,6.8609994420824325,6.897253036499023,18300,0.0,0.0
2016-08-25 00:00:00-04:00,6.851937619247222,6.951635246053347,6.851937619247222,6.888191223144531,20600,0.0,0.0
2016-08-26 00:00:00-04:00,6.888191072341944,6.9516350938617855,6.888191072341944,6.924444675445557,4400,0.0,0.0
2016-08-29 00:00:00-04:00,6.897253036499023,6.951633428123911,6.879126239290728,6.897253036499023,13700,0.0,0.0
2016-08-30 00:00:00-04:00,6.897254302978159,6.92444428769478,6.861000701904653,6.879127502441406,11900,0.0,0.0
2016-08-31 00:00:00-04:00,6.861001014709473,6.897254617435842,6.842874213346288,6.861001014709473,14200,0.0,0.0
2016-09-01 00:00:00-04:00,6.8972556343921045,6.933509242463837,6.85193840821389,6.870065212249756,11200,0.0,0.0
2016-09-02 00:00:00-04:00,6.90631781479273,6.933508232976275,6.861001027389533,6.91538143157959,5500,0.0,0.0
2016-09-06 00:00:00-04:00,6.942571792464583,6.942571792464583,6.815684175836225,6.906318187713623,32600,0.0,0.0
2016-09-07 00:00:00-04:00,6.888192016285623,6.906318820321489,6.7159871618563445,6.870065212249756,73200,0.0,0.0
2016-09-08 00:00:00-04:00,6.87006437367868,6.9697619997952405,6.8519375718554,6.933508396148682,12600,0.0,0.0
2016-09-09 00:00:00-04:00,6.870064199302548,7.006015425614951,6.861001014709473,6.861001014709473,20500,0.0,0.0
2016-09-12 00:00:00-04:00,6.861001188855563,6.942571580971799,6.842874387032283,6.933508396148682,17900,0.0,0.0
2016-09-13 00:00:00-04:00,6.897254302978159,6.915381103514911,6.833810285011017,6.879127502441406,25600,0.0,0.0
2016-09-14 00:00:00-04:00,6.906317487158028,6.915381103514911,6.861000701904653,6.879127502441406,17700,0.0,0.0
2016-09-15 00:00:00-04:00,6.888191072341944,6.969761895413591,6.879127887654561,6.924444675445557,17700,0.0,0.0
2016-09-16 00:00:00-04:00,6.942572428393221,6.942572428393221,6.861002026320373,6.870065212249756,58700,0.0,0.0
2016-09-19 00:00:00-04:00,6.9063178020289175,6.942571404755287,6.842874213346288,6.861001014709473,22700,0.0,0.0
2016-09-20 00:00:00-04:00,6.888191385338144,6.906318187713623,6.879128200238934,6.906318187713623,15400,0.0,0.0
2016-09-21 00:00:00-04:00,6.915380971044001,6.978824555618804,6.8791273706649685,6.969761371612549,20400,0.0,0.0
2016-09-22 00:00:00-04:00,6.969761283964136,7.042268483810385,6.951634484002574,7.015078067779541,21200,0.0,0.0
2016-09-23 00:00:00-04:00,6.942571074504221,7.0603954938486515,6.942571074504221,7.033205509185791,14400,0.0,0.0
2016-09-26 00:00:00-04:00,6.960697888768286,6.996951489841791,6.870063886084522,6.879127502441406,31700,0.0,0.0
2016-09-27 00:00:00-04:00,6.851937397939363,6.9063178020289175,6.842874213346288,6.861001014709473,19800,0.0,0.0
2016-09-28 00:00:00-04:00,6.8428739013679,6.92444428769478,6.815683484474264,6.879127502441406,26800,0.0,0.0
2016-09-29 00:00:00-04:00,6.969762850535569,6.969762850535569,6.788494377999809,6.870065212249756,43500,0.0,0.0
2016-09-30 00:00:00-04:00,6.88819117550196,6.9788251846183575,6.87006437367868,6.933508396148682,30300,0.0,0.0
2016-10-03 00:00:00-04:00,6.897254302978159,6.96976150512517,6.870063886084522,6.879127502441406,9100,0.0,0.0
2016-10-04 00:00:00-04:00,6.924445624357355,6.951636046499703,6.85193840821389,6.870065212249756,22600,0.0,0.0
2016-10-05 00:00:00-04:00,6.906317873893751,6.960698278549169,6.888191072341944,6.924444675445557,7900,0.0,0.0
2016-10-06 00:00:00-04:00,6.951635246053347,6.951635246053347,6.861001236310074,6.888191223144531,6300,0.0,0.0
2016-10-07 00:00:00-04:00,6.915381103514911,6.92444428769478,6.861000701904653,6.879127502441406,10400,0.0,0.0
2016-10-10 00:00:00-04:00,6.906318187713623,6.924444990089103,6.870064582962664,6.906318187713623,12500,0.0,0.0
2016-10-11 00:00:00-04:00,6.924444990089103,6.924444990089103,6.879128200238934,6.906318187713623,12000,0.0,0.0
2016-10-12 00:00:00-04:00,6.842874284550948,6.960698278549169,6.842874284550948,6.924444675445557,17700,0.0,0.0
2016-10-13 00:00:00-04:00,6.906317487158028,6.92444428769478,6.870063886084522,6.879127502441406,7600,0.0,0.0
2016-10-14 00:00:00-04:00,6.92444428769478,6.92444428769478,6.861000701904653,6.879127502441406,11500,0.0,0.0
2016-10-17 00:00:00-04:00,6.861001188855563,6.951635197971961,6.861001188855563,6.933508396148682,10700,0.0,0.0
2016-10-18 00:00:00-04:00,6.933509509657678,7.015079914873972,6.906319086467503,6.95163631439209,12600,0.0,0.0
2016-10-19 00:00:00-04:00,6.95163631439209,7.042270338064147,6.933509509657678,6.95163631439209,38700,0.0,0.0
2016-10-20 00:00:00-04:00,6.987889923860912,6.987889923860912,6.95163631439209,6.95163631439209,8400,0.0,0.0
2016-10-21 00:00:00-04:00,6.88819086040685,7.341361749612971,6.88819086040685,7.160093307495117,663800,0.0,0.0
2016-10-24 00:00:00-04:00,7.35948816029989,7.35948816029989,6.851937297400969,7.323234558105469,72700,0.0,0.0
2016-10-25 00:00:00-04:00,7.105712936397919,7.2507273450012955,7.006015314394583,7.06039571762085,65000,0.0,0.0
2016-10-26 00:00:00-04:00,7.0694596970849135,7.0694596970849135,6.987888871970402,6.996952056884766,38200,0.0,0.0
2016-10-27 00:00:00-04:00,7.060396057745275,7.060396057745275,6.870064421195877,6.888191223144531,21900,0.0,0.0
2016-10-28 00:00:00-04:00,6.888190686621275,6.888190686621275,6.8428739013679,6.879127502441406,22800,0.0,0.0
2016-10-31 00:00:00-04:00,6.933508078980569,7.296044531039251,6.752239636862716,7.160093307495117,578900,0.0,0.0
2016-11-01 00:00:00-04:00,7.160093492374325,7.160093492374325,6.888191038265323,7.024142265319824,51600,0.0,0.0
2016-11-02 00:00:00-04:00,7.024142128940049,7.114776134490967,6.888190904525159,7.114776134490967,66900,0.0,0.0
2016-11-03 00:00:00-04:00,7.024142128940049,7.114776134490967,6.960698108965893,7.114776134490967,75600,0.0,0.0
2016-11-04 00:00:00-04:00,7.114776134490967,7.16009335335494,7.024142128940049,7.114776134490967,45100,0.0,0.0
2016-11-07 00:00:00-05:00,7.187561511993408,7.187561511993408,7.051088739937303,7.187561511993408,49200,0.03,0.0
2016-11-08 00:00:00-05:00,7.1875611444170255,7.233051776885986,7.051088379340222,7.233051776885986,30900,0.0,0.0
2016-11-09 00:00:00-05:00,7.278544093575232,7.460507522380599,7.096580664769865,7.324035167694092,205300,0.0,0.0
2016-11-10 00:00:00-05:00,7.4150165936014165,7.4150165936014165,7.324035311250469,7.369526386260986,88000,0.0,0.0
2016-11-11 00:00:00-05:00,7.369526397370793,7.55148983001709,7.305838545192023,7.55148983001709,263000,0.0,0.0
2016-11-14 00:00:00-05:00,7.55148983001709,7.642471112505194,7.460507679858897,7.55148983001709,76900,0.0,0.0
2016-11-15 00:00:00-05:00,7.596981048583984,7.82443556060542,7.505998896707369,7.596981048583984,65000,0.0,0.0
2016-11-16 00:00:00-05:00,7.55148983001709,7.569685739446675,7.415016604779801,7.55148983001709,98100,0.0,0.0
2016-11-17 00:00:00-05:00,7.460506916046143,7.596980127311194,7.369525642872775,7.460506916046143,66900,0.0,0.0
2016-11-18 00:00:00-05:00,7.460507679858897,7.596980905096187,7.460507679858897,7.55148983001709,45400,0.0,0.0
2016-11-21 00:00:00-05:00,7.55148983001709,7.569685739446675,7.433213381879475,7.55148983001709,39600,0.0,0.0
2016-11-22 00:00:00-05:00,7.596980630872429,7.642470836639404,7.505998483998366,7.642470836639404,41000,0.0,0.0
2016-11-23 00:00:00-05:00,7.733453609160781,7.733453609160781,7.669766621798604,7.687962532043457,38500,0.0,0.0
2016-11-25 00:00:00-05:00,7.697059638005211,7.733452320098877,7.669765343352457,7.733452320098877,8500,0.0,0.0
2016-11-28 00:00:00-05:00,7.733452320098877,7.733452320098877,7.687961250564299,7.733452320098877,30200,0.0,0.0
2016-11-29 00:00:00-05:00,7.733452320098877,7.869924661032628,7.733452320098877,7.733452320098877,38100,0.0,0.0
2016-11-30 00:00:00-05:00,7.824435130387531,7.824435130387531,7.642470836639404,7.642470836639404,31900,0.0,0.0
2016-12-01 00:00:00-05:00,7.687962332790495,7.778944484667112,7.596981048583984,7.596981048583984,28300,0.0,0.0
2016-12-02 00:00:00-05:00,7.642471454926133,7.733453609160781,7.642471454926133,7.687962532043457,19800,0.0,0.0
2016-12-05 00:00:00-05:00,7.642471454926133,7.733453609160781,7.596981245478936,7.687962532043457,82300,0.0,0.0
2016-12-06 00:00:00-05:00,7.733453609160781,7.760747908363125,7.642471454926133,7.687962532043457,65400,0.0,0.0
2016-12-07 00:00:00-05:00,7.733453609160781,7.733453609160781,7.642471454926133,7.687962532043457,90300,0.0,0.0
2016-12-08 00:00:00-05:00,7.642470795918987,7.915416367416819,7.642470795918987,7.77894401550293,74900,0.0,0.0
2016-12-09 00:00:00-05:00,7.869925294222171,7.869925294222171,7.715256165962402,7.77894401550293,77400,0.0,0.0
2016-12-12 00:00:00-05:00,7.82443556060542,7.82443556060542,7.596981048583984,7.596981048583984,77800,0.0,0.0
2016-12-13 00:00:00-05:00,7.642470531686133,7.915416093747071,7.642470531686133,7.869925022125244,91200,0.0,0.0
2016-12-14 00:00:00-05:00,7.778943746551613,7.915416093747071,7.715255899213047,7.869925022125244,77600,0.0,0.0
2016-12-15 00:00:00-05:00,7.869924481220743,7.915415549715942,7.824434280395507,7.824434280395508,58500,0.0,0.0
2016-12-16 00:00:00-05:00,7.824435536097811,8.37032584263736,7.824435536097811,8.27934455871582,295900,0.0,0.0
2016-12-19 00:00:00-05:00,8.27934455871582,8.37032584263736,8.197460795817362,8.27934455871582,98000,0.0,0.0
2016-12-20 00:00:00-05:00,8.324834016803738,8.370325088500977,8.233852741079286,8.370325088500977,69700,0.0,0.0
2016-12-21 00:00:00-05:00,8.415815503811261,8.506797640109637,8.352128529004373,8.46130657196045,50400,0.0,0.0
2016-12-22 00:00:00-05:00,8.552289434906031,8.870726103643326,8.552289434906031,8.688762664794922,81000,0.0,0.0
2016-12-23 00:00:00-05:00,8.688761857285682,8.825234206821097,8.50679843534845,8.7342529296875,51200,0.0,0.0
2016-12-27 00:00:00-05:00,8.734253246798815,8.74335076747345,8.50679874420166,8.50679874420166,70800,0.0,0.0
2016-12-28 00:00:00-05:00,8.552288950585035,8.643271098691926,8.47950357916755,8.50679874420166,61900,0.0,0.0
2016-12-29 00:00:00-05:00,8.552287101745605,8.59777816596476,8.461305840977177,8.552287101745605,64600,0.0,0.0
2016-12-30 00:00:00-05:00,8.643271098691926,8.643271098691926,8.461307670148214,8.50679874420166,48100,0.0,0.0
2017-01-03 00:00:00-05:00,8.59778002463848,8.59778002463848,8.50679874420166,8.50679874420166,43300,0.0,0.0
2017-01-04 00:00:00-05:00,8.597779421690479,8.82523390833663,8.552288350827247,8.643270492553711,308900,0.0,0.0
2017-01-05 00:00:00-05:00,8.643271098691926,8.68876217274537,8.461307670148214,8.50679874420166,54800,0.0,0.0
2017-01-06 00:00:00-05:00,8.552288350827247,8.734252634280175,8.506798147634024,8.643270492553711,71400,0.0,0.0
2017-01-09 00:00:00-05:00,8.597778908738054,8.643269976887241,8.46130657196045,8.46130657196045,57600,0.0,0.0
2017-01-10 00:00:00-05:00,8.461305840977177,8.643269230183915,8.370323712538868,8.552287101745605,45900,0.0,0.0
2017-01-11 00:00:00-05:00,8.46130657196045,8.597778908738054,8.415815503811261,8.46130657196045,45800,0.0,0.0
2017-01-12 00:00:00-05:00,8.37032428605744,8.55228768773196,8.37032428605744,8.415815353393555,49000,0.0,0.0
2017-01-13 00:00:00-05:00,8.46130657196045,8.552287840588868,8.324833367512888,8.46130657196045,67500,0.0,0.0
2017-01-17 00:00:00-05:00,8.41581662495931,8.50679877337825,8.188362121582031,8.188362121582031,60800,0.0,0.0
2017-01-18 00:00:00-05:00,8.233851951719034,8.46130642072967,8.188360884382918,8.415815353393555,242800,0.0,0.0
2017-01-19 00:00:00-05:00,8.37032398194308,8.552287377006426,8.279342718246362,8.324832916259766,44800,0.0,0.0
2017-01-20 00:00:00-05:00,8.324832916259766,8.461306113309707,8.188360586879734,8.324832916259766,330900,0.0,0.0
2017-01-23 00:00:00-05:00,8.370324435662074,8.46130657196045,8.279343167033657,8.46130657196045,53200,0.0,0.0
2017-01-24 00:00:00-05:00,8.625073717140415,8.643270492553711,8.41581600590756,8.643270492553711,63900,0.0,0.0
2017-01-25 00:00:00-05:00,8.597779771395992,8.825234267293611,8.597779771395992,8.779743194580078,48800,0.0,0.0
2017-01-26 00:00:00-05:00,8.643270487005147,8.96170711517334,8.643270487005147,8.96170711517334,65800,0.0,0.0
2017-01-27 00:00:00-05:00,8.916216705923338,9.052689060881676,8.825234557504398,8.870725631713867,181200,0.0,0.0
2017-01-30 00:00:00-05:00,8.825235027013695,8.870726103643326,8.643271588165291,8.688762664794922,32700,0.0,0.0
2017-01-31 00:00:00-05:00,8.643270052944656,8.916215596571638,8.415815577867164,8.825233459472656,177500,0.0,0.0
2017-02-01 00:00:00-05:00,8.779742156742596,8.779742156742596,8.37032428605744,8.415815353393555,93800,0.0,0.0
2017-02-02 00:00:00-05:00,8.415815047626394,8.506797178993022,8.324832916259766,8.324832916259766,34400,0.0,0.0
2017-02-03 00:00:00-05:00,8.461308149316888,8.706958574844704,8.397620294967359,8.688762664794922,69300,0.0,0.0
2017-02-06 00:00:00-05:00,8.688761857285682,8.77974313441928,8.643270784883864,8.7342529296875,30700,0.0,0.0
2017-02-07 00:00:00-05:00,8.779742390923165,8.916215596571638,8.779742390923165,8.825233459472656,86000,0.0,0.0
2017-02-08 00:00:00-05:00,8.825234206821097,8.916216351624731,8.679663469271311,8.7342529296875,72000,0.0,0.0
2017-02-09 00:00:00-05:00,8.734252190043637,8.907117209327748,8.625073278456874,8.825233459472656,98500,0.0,0.0
2017-02-10 00:00:00-05:00,8.916216850280762,8.96170792522675,8.77974362544279,8.916216850280762,33300,0.0,0.0
2017-02-13 00:00:00-05:00,8.96170792522675,9.052689207448646,8.82523470038878,8.916216850280762,41300,0.0,0.0
2017-02-14 00:00:00-05:00,8.94359362092806,8.94359362092806,8.779323258703252,8.85233211517334,39100,0.03,0.0
2017-02-15 00:00:00-05:00,8.80670166015625,8.852332414576933,8.761071776069816,8.80670166015625,15400,0.0,0.0
2017-02-16 00:00:00-05:00,8.852332414576933,8.852332414576933,8.80670166015625,8.80670166015625,31500,0.0,0.0
2017-02-17 00:00:00-05:00,8.852332801307485,8.852332801307485,8.715441402399328,8.761072158813477,58500,0.0,0.0
2017-02-21 00:00:00-05:00,8.80670166015625,8.80670166015625,8.715441021649132,8.80670166015625,28500,0.0,0.0
2017-02-22 00:00:00-05:00,8.76107147975284,8.85233211517334,8.76107147975284,8.85233211517334,118900,0.0,0.0
2017-02-23 00:00:00-05:00,8.80670136229598,8.897962868050701,8.733692505825891,8.85233211517334,297500,0.0,0.0
2017-02-24 00:00:00-05:00,8.834082573786967,8.98922665066554,8.80670359292526,8.943595886230469,829900,0.0,0.0
2017-02-27 00:00:00-05:00,8.989226593328143,9.080487251281738,8.943595829184126,9.080487251281738,81900,0.0,0.0
2017-02-28 00:00:00-05:00,9.080484750809722,9.354268389948215,9.080484750809722,9.171746253967285,121500,0.0,0.0
2017-03-01 00:00:00-05:00,9.217377633974737,9.399899782399787,9.217377633974737,9.354269027709961,83100,0.0,0.0
2017-03-02 00:00:00-05:00,9.39990013501689,9.491160777485735,9.308638622213758,9.445530891418457,94900,0.0,0.0
2017-03-03 00:00:00-05:00,9.399900443128967,9.719314007741167,9.399900443128967,9.673684120178223,80000,0.0,0.0
2017-03-06 00:00:00-05:00,9.719314007741167,9.719314007741167,9.582422604383698,9.673684120178223,56400,0.0,0.0
2017-03-07 00:00:00-05:00,9.719314986865632,9.719314986865632,9.399901390075684,9.399901390075684,46000,0.0,0.0
2017-03-08 00:00:00-05:00,9.39990013501689,9.518539753527248,9.354269378615324,9.445530891418457,62900,0.0,0.0
2017-03-09 00:00:00-05:00,9.491160421445185,9.491160421445185,9.308638273020135,9.354269027709961,58900,0.0,0.0
2017-03-10 00:00:00-05:00,9.445532152569792,9.536792807223604,9.33601797445017,9.399901390075684,71000,0.0,0.0
2017-03-13 00:00:00-04:00,9.354270576481989,9.582423517371794,9.308639814237148,9.536792755126953,76500,0.0,0.0
2017-03-14 00:00:00-04:00,9.44552897798158,9.62805109627897,9.381645583826911,9.582420349121094,38800,0.0,0.0
2017-03-15 00:00:00-04:00,9.582420349121094,9.673681843436844,9.545915925461616,9.582420349121094,29500,0.0,0.0
2017-03-16 00:00:00-04:00,9.62805109627897,9.673681843436844,9.53678960196322,9.582420349121094,35300,0.0,0.0
2017-03-17 00:00:00-04:00,9.217376106752488,9.719311714172363,9.217376106752488,9.719311714172363,159700,0.0,0.0
2017-03-20 00:00:00-04:00,9.673684120178223,9.810575523535691,9.582422604383698,9.673684120178223,80200,0.0,0.0
2017-03-21 00:00:00-04:00,9.764945394035523,9.764945394035523,9.308639526367188,9.308639526367188,51500,0.0,0.0
2017-03-22 00:00:00-04:00,9.217377633974737,9.445530537089613,9.217377633974737,9.354269027709961,57200,0.0,0.0
2017-03-23 00:00:00-04:00,9.217377633974737,9.399899782399787,9.217377633974737,9.354269027709961,72800,0.0,0.0
2017-03-24 00:00:00-04:00,9.308639865087468,9.445532152569792,9.308639865087468,9.399901390075684,43400,0.0,0.0
2017-03-27 00:00:00-04:00,9.26300786581219,9.491160777485735,9.171747223343345,9.445530891418457,38400,0.0,0.0
2017-03-28 00:00:00-04:00,9.399901048034604,9.491161699367646,9.26300876553348,9.308639526367188,37200,0.0,0.0
2017-03-29 00:00:00-04:00,9.263009123759549,9.308639886357923,9.080486943700453,9.126117706298828,63300,0.0,0.0
2017-03-30 00:00:00-04:00,9.217377633974737,9.354269027709961,9.126116124595084,9.354269027709961,33500,0.0,0.0
2017-03-31 00:00:00-04:00,9.35426748366583,9.673681843436844,9.10786197121377,9.582420349121094,216700,0.0,0.0
2017-04-03 00:00:00-04:00,9.582424790397967,9.719316224984132,9.39990258750491,9.49116325378418,50000,0.0,0.0
2017-04-04 00:00:00-04:00,9.500286746450001,9.628052685514664,9.217377633974737,9.354269027709961,46400,0.0,0.0
2017-04-05 00:00:00-04:00,9.354270298476953,9.399901059365668,9.034855842590332,9.034855842590332,417600,0.0,0.0
2017-04-06 00:00:00-04:00,9.080486337673994,9.30863926510467,9.03485557812099,9.217378616333008,56800,0.0,0.0
2017-04-07 00:00:00-04:00,9.171747472725535,9.30863887531806,9.080485957440978,9.263008117675781,62900,0.0,0.0
2017-04-10 00:00:00-04:00,9.263008505551664,9.272134831529135,9.107864445272059,9.217378616333008,37900,0.0,0.0
2017-04-11 00:00:00-04:00,9.126116124595084,9.491160421445185,9.126116124595084,9.354269027709961,48800,0.0,0.0
2017-04-12 00:00:00-04:00,9.308639526367188,9.354270287200896,9.217378875034143,9.308639526367188,20100,0.0,0.0
2017-04-13 00:00:00-04:00,9.30863953758824,9.30863953758824,8.989225952035993,9.034855842590332,65000,0.0,0.0
2017-04-17 00:00:00-04:00,9.034856181102077,9.171748468897205,8.897964763641358,9.126117706298828,199000,0.0,0.0
2017-04-18 00:00:00-04:00,9.080486943700453,9.171748468897205,9.080486943700453,9.126117706298828,29700,0.0,0.0
2017-04-19 00:00:00-04:00,9.126115502388503,9.354268389948215,9.126115502388503,9.171746253967285,47500,0.0,0.0
2017-04-20 00:00:00-04:00,9.263007518330308,9.354269027709961,9.217377633974737,9.354269027709961,52700,0.0,0.0
2017-04-21 00:00:00-04:00,9.354270627581576,9.536792807223604,9.217379210433656,9.399901390075684,72100,0.0,0.0
2017-04-24 00:00:00-04:00,9.399901390075684,9.445532152569792,9.308639865087468,9.399901390075684,75800,0.0,0.0
2017-04-25 00:00:00-04:00,9.44553210097167,9.536792755126953,9.44553210097167,9.536792755126953,31800,0.0,0.0
2017-04-26 00:00:00-04:00,9.44553120102623,9.810575523535691,9.44553120102623,9.673684120178223,404300,0.0,0.0
2017-04-27 00:00:00-04:00,9.719314007741167,9.810575523535691,9.60980071098833,9.673684120178223,104400,0.0,0.0
2017-04-28 00:00:00-04:00,9.673681843436844,9.810573214576358,9.53678960196322,9.582420349121094,100900,0.0,0.0
2017-05-01 00:00:00-04:00,9.673684424493851,9.810575832157662,9.582422905828414,9.628053665161133,104300,0.0,0.0
2017-05-02 00:00:00-04:00,9.764944765638429,9.810575523535691,9.582422604383698,9.673684120178223,76100,0.0,0.0
2017-05-03 00:00:00-04:00,9.628053665161133,9.764945072824943,9.491161387162977,9.628053665161133,75000,0.0,0.0
2017-05-04 00:00:00-04:00,9.62805336228096,9.673684120178223,9.582422604383698,9.673684120178223,47700,0.0,0.0
2017-05-05 00:00:00-04:00,9.628053046690434,9.673683803092002,9.354269378615324,9.445530891418457,74300,0.0,0.0
2017-05-08 00:00:00-04:00,9.518749432871637,9.70180301158637,9.518749432871637,9.610276222229004,44400,0.03,0.0
2017-05-09 00:00:00-04:00,9.61027869255683,9.701805505441218,9.61027869255683,9.656042098999023,46400,0.0,0.0
2017-05-10 00:00:00-04:00,9.56451282755032,9.7475655334009,9.56451282755032,9.610276222229004,33600,0.0,0.0
2017-05-11 00:00:00-04:00,9.518749432871637,9.70180301158637,9.518749432871637,9.610276222229004,30300,0.0,0.0
2017-05-12 00:00:00-04:00,9.564516382462893,9.564516382462893,9.381463608575773,9.427227020263672,25900,0.0,0.0
2017-05-15 00:00:00-04:00,9.289936785199973,9.47299043195157,9.16180027991123,9.427227020263672,53100,0.0,0.0
2017-05-16 00:00:00-04:00,9.427227020263672,9.518752970774992,9.289936785199973,9.427227020263672,23000,0.0,0.0
2017-05-17 00:00:00-04:00,9.289936541222655,9.335699951708692,9.198410593115039,9.244174003601074,42100,0.0,0.0
2017-05-18 00:00:00-04:00,9.198410593115039,9.335699951708692,9.180104879774841,9.244174003601074,33200,0.0,0.0
2017-05-19 00:00:00-04:00,9.244171525046974,9.335697448614594,9.015355406831596,9.198408126831055,50100,0.0,0.0
2017-05-22 00:00:00-04:00,9.152647018432617,9.244173837762718,9.08857876862021,9.152647018432617,24400,0.0,0.0
2017-05-23 00:00:00-04:00,9.152646714107973,9.289936065673828,9.106883305964551,9.289936065673828,25300,0.0,0.0
2017-05-24 00:00:00-04:00,9.28993662420042,9.335700035095215,9.180104961771589,9.335700035095215,23100,0.0,0.0
2017-05-25 00:00:00-04:00,9.335700196887874,9.47299043195157,9.244174246376552,9.427227020263672,36800,0.0,0.0
2017-05-26 00:00:00-04:00,9.427226290104093,9.427226290104093,9.289936065673828,9.289936065673828,14600,0.0,0.0
2017-05-30 00:00:00-04:00,9.244173837762718,9.381463193893433,9.152647018432617,9.152647018432617,17800,0.0,0.0
2017-05-31 00:00:00-04:00,9.152647414330094,9.244174237619184,9.04281575010187,9.106884002685547,26500,0.0,0.0
2017-06-01 00:00:00-04:00,9.152647182629002,9.335699951708692,9.134341469288806,9.244174003601074,33400,0.0,0.0
2017-06-02 00:00:00-04:00,9.244172929360806,9.472989082336426,9.244172929360806,9.472989082336426,36800,0.0,0.0
2017-06-05 00:00:00-04:00,9.427225501483118,9.518751437249081,9.244172757086854,9.381462097167969,32100,0.0,0.0
2017-06-06 00:00:00-04:00,9.289934050398674,9.317392613046758,9.198408126831055,9.198408126831055,19300,0.0,0.0
2017-06-07 00:00:00-04:00,9.244173530394816,9.289936065673828,9.198410122251394,9.289936065673828,21500,0.0,0.0
2017-06-08 00:00:00-04:00,9.28993662420042,9.38146344599001,9.28993662420042,9.335700035095215,183800,0.0,0.0
2017-06-09 00:00:00-04:00,9.335696727021059,9.683497304569235,9.335696727021059,9.610276222229004,134100,0.0,0.0
2017-06-12 00:00:00-04:00,9.656040300174888,9.839093018978387,9.564513504341031,9.747566223144531,92800,0.0,0.0
2017-06-13 00:00:00-04:00,9.74756546591498,9.884855649000519,9.74756546591498,9.839092254638672,90200,0.0,0.0
2017-06-14 00:00:00-04:00,9.747569403118627,10.022149007332779,9.747569403118627,9.930623054504395,156100,0.0,0.0
2017-06-15 00:00:00-04:00,9.884856333358046,10.003840817790833,9.793329538297685,9.9763822555542,54500,0.0,0.0
2017-06-16 00:00:00-04:00,9.79333131969965,10.003842637484698,9.79333131969965,9.884858131408691,315200,0.0,0.0
2017-06-19 00:00:00-04:00,9.884858258345615,9.976384198365626,9.564515286114636,9.656042098999023,40400,0.0,0.0
2017-06-20 00:00:00-04:00,9.656042098999023,9.747568039019034,9.61027869255683,9.656042098999023,26900,0.0,0.0
2017-06-21 00:00:00-04:00,9.63773674555366,9.656042457956794,9.289936065673828,9.289936065673828,34900,0.0,0.0
2017-06-22 00:00:00-04:00,9.335700035095215,9.38146344599001,9.244174086170087,9.335700035095215,41400,0.0,0.0
2017-06-23 00:00:00-04:00,9.381463362194728,9.381463362194728,9.106883772142966,9.244174003601074,529800,0.0,0.0
2017-06-26 00:00:00-04:00,9.28993662420042,9.408921143381102,9.244174086170087,9.335700035095215,56900,0.0,0.0
2017-06-27 00:00:00-04:00,9.381463608575773,9.63773749201774,9.289936785199973,9.427227020263672,56500,0.0,0.0
2017-06-28 00:00:00-04:00,9.427225677168432,9.564515019808063,9.381462272000437,9.472989082336426,82400,0.0,0.0
2017-06-29 00:00:00-04:00,9.518751437249081,9.518751437249081,9.335698692852818,9.381462097167969,84300,0.0,0.0
2017-06-30 00:00:00-04:00,9.427226290104093,9.56451564166995,9.289936065673828,9.289936065673828,98300,0.0,0.0
2017-07-03 00:00:00-04:00,9.198411834525652,9.518754005432129,9.198411834525652,9.518754005432129,24300,0.0,0.0
2017-07-05 00:00:00-04:00,9.427228044972239,9.564517422094362,9.335701211647775,9.518754005432129,41500,0.0,0.0
2017-07-06 00:00:00-04:00,9.427225677168432,9.564515019808063,9.408919965955493,9.472989082336426,27400,0.0,0.0
2017-07-07 00:00:00-04:00,9.47298896461401,9.701805114746094,9.38146215541544,9.701805114746094,29300,0.0,0.0
2017-07-10 00:00:00-04:00,9.6102794776858,9.701806298047634,9.518752657323965,9.564516067504883,29300,0.0,0.0
2017-07-11 00:00:00-04:00,9.610279627599521,9.610279627599521,9.335700035095215,9.335700035095215,26000,0.0,0.0
2017-07-12 00:00:00-04:00,9.335698866832443,9.472989082336426,9.317394028483855,9.472989082336426,15800,0.0,0.0
2017-07-13 00:00:00-04:00,9.427226290104093,9.472989698247515,9.289936065673828,9.289936065673828,14900,0.0,0.0
2017-07-14 00:00:00-04:00,9.244174003601074,9.381463362194728,9.198410593115039,9.244174003601074,195400,0.0,0.0
2017-07-17 00:00:00-04:00,9.244174003601074,9.335699951708692,9.152647182629002,9.244174003601074,31800,0.0,0.0
2017-07-18 00:00:00-04:00,9.152644728615135,9.289934050398674,9.152644728615135,9.198408126831055,12500,0.0,0.0
2017-07-19 00:00:00-04:00,9.198410428097668,9.198410428097668,9.106883608767566,9.152647018432617,17800,0.0,0.0
2017-07-20 00:00:00-04:00,9.106881330399215,9.289934050398674,9.106881330399215,9.198408126831055,26400,0.0,0.0
2017-07-21 00:00:00-04:00,9.427224245046434,9.427224245046434,9.180102418398999,9.198408126831055,48300,0.0,0.0
2017-07-24 00:00:00-04:00,9.198408126831055,9.289934050398674,9.152644728615135,9.198408126831055,42500,0.0,0.0
2017-07-25 00:00:00-04:00,9.244174246376552,9.47299043195157,9.244174246376552,9.427227020263672,33500,0.0,0.0
2017-07-26 00:00:00-04:00,9.381463599688345,9.472990422977437,9.106884002685547,9.106884002685547,12600,0.0,0.0
2017-07-27 00:00:00-04:00,9.106883608767566,9.28993637456333,8.786541486841088,9.152647018432617,40900,0.0,0.0
2017-07-28 00:00:00-04:00,9.061120591041002,9.152647414330094,9.061120591041002,9.106884002685547,21900,0.0,0.0
2017-07-31 00:00:00-04:00,9.106884002685547,9.152647414330094,9.015358052260932,9.106884002685547,34200,0.0,0.0
2017-08-01 00:00:00-04:00,9.106881330399215,9.244171525046974,9.106881330399215,9.198408126831055,22200,0.0,0.0
2017-08-02 00:00:00-04:00,9.244174237619184,9.244174237619184,9.106884002685547,9.106884002685547,11500,0.0,0.0
2017-08-03 00:00:00-04:00,8.969594955444336,9.152647735583097,8.969594955444336,8.969594955444336,26800,0.0,0.0
2017-08-04 00:00:00-04:00,9.015357497301103,9.10688344209164,8.969594088473622,9.06112003326416,22700,0.0,0.0
2017-08-07 00:00:00-04:00,9.042758737207418,9.042758737207418,8.859148729443232,8.905051231384277,70300,0.03,0.0
2017-08-08 00:00:00-04:00,8.859151054832532,9.070302268978292,8.859151054832532,8.996858596801758,30300,0.0,0.0
2017-08-09 00:00:00-04:00,8.950953985657133,8.950953985657133,8.859148979187012,8.859148979187012,18200,0.0,0.0
2017-08-10 00:00:00-04:00,8.813247680664062,8.905051815045848,8.767345175714441,8.813247680664062,29400,0.0,0.0
2017-08-11 00:00:00-04:00,8.905052331192756,8.905052331192756,8.675540668659346,8.721443176269531,54100,0.0,0.0
2017-08-14 00:00:00-04:00,8.721442099137496,9.042758737207418,8.721442099137496,8.905051231384277,40500,0.0,0.0
2017-08-15 00:00:00-04:00,8.859149310096225,9.042759329894716,8.813247680664062,8.813247680664062,18200,0.0,0.0
2017-08-16 00:00:00-04:00,8.81324735146938,8.996856488892194,8.81324735146938,8.859148979187012,24000,0.0,0.0
2017-08-17 00:00:00-04:00,8.767345941995426,8.99685761128579,8.629638415110685,8.675540924072266,55800,0.0,0.0
2017-08-18 00:00:00-04:00,8.537833526483787,8.950954319995471,8.537833526483787,8.813247680664062,40300,0.0,0.0
2017-08-21 00:00:00-04:00,8.767345428466797,8.905052071768127,8.721442922193859,8.767345428466797,26900,0.0,0.0
2017-08-22 00:00:00-04:00,8.859148729443232,9.042758737207418,8.859148729443232,8.905051231384277,23300,0.0,0.0
2017-08-23 00:00:00-04:00,8.905051231384277,8.905051231384277,8.767344601078541,8.905051231384277,19400,0.0,0.0
2017-08-24 00:00:00-04:00,8.950954550962914,9.134563699981733,8.950954550962914,9.088661193847656,80500,0.0,0.0
2017-08-25 00:00:00-04:00,9.088661635190329,9.31817330148824,8.996857493981679,9.180466651916504,52100,0.0,0.0
2017-08-28 00:00:00-04:00,9.226369051086538,9.226369051086538,8.99685738750487,9.042759895324707,27200,0.0,0.0
2017-08-29 00:00:00-04:00,8.996858596801758,9.134565263253352,8.950956082812016,8.996858596801758,26900,0.0,0.0
2017-08-30 00:00:00-04:00,9.042759563231064,9.27227121838396,9.042759563231064,9.088661193847656,34800,0.0,0.0
2017-08-31 00:00:00-04:00,9.134564399719238,9.272271928670312,9.042760255936074,9.134564399719238,48900,0.0,0.0
2017-09-01 00:00:00-04:00,9.134563638830686,9.364075292447124,9.134563638830686,9.272271156311035,35100,0.0,0.0
2017-09-05 00:00:00-04:00,9.226366996765137,9.364073614045695,9.180464499165844,9.226366996765137,46900,0.0,0.0
2017-09-06 00:00:00-04:00,9.272271156311035,9.409977798273907,9.272271156311035,9.272271156311035,37700,0.0,0.0
2017-09-07 00:00:00-04:00,9.364075292447124,9.409977798273907,9.226368650484252,9.272271156311035,24000,0.0,0.0
2017-09-08 00:00:00-04:00,9.318173153073587,9.409978168337544,9.180466505695165,9.364075660705566,20700,0.0,0.0
2017-09-11 00:00:00-04:00,9.455880862434528,9.50178337097168,9.364075845360224,9.50178337097168,36500,0.0,0.0
2017-09-12 00:00:00-04:00,9.50178337097168,9.639490021065605,9.437519508812656,9.50178337097168,30600,0.0,0.0
2017-09-13 00:00:00-04:00,9.501780655796859,9.685389761960842,9.455878160376544,9.639487266540527,29800,0.0,0.0
2017-09-14 00:00:00-04:00,9.6394916090412,9.6394916090412,9.455882420162997,9.547686576843262,43700,0.0,0.0
2017-09-15 00:00:00-04:00,9.59358909294223,9.6394916090412,9.36407738796506,9.547686576843262,104600,0.0,0.0
2017-09-18 00:00:00-04:00,9.501783730337324,9.593587875366211,9.134564523669095,9.593587875366211,75300,0.0,0.0
2017-09-19 00:00:00-04:00,9.547682275699897,9.685389761960842,9.547682275699897,9.639487266540527,33200,0.0,0.0
2017-09-20 00:00:00-04:00,9.50178322397027,9.731294887587739,9.50178322397027,9.685392379760742,103100,0.0,0.0
2017-09-21 00:00:00-04:00,9.639488674038269,9.823097807011708,9.180465403845972,9.731293678283691,74000,0.0,0.0
2017-09-22 00:00:00-04:00,9.731291921535707,9.868998527526855,9.731291921535707,9.868998527526855,26300,0.0,0.0
2017-09-25 00:00:00-04:00,9.731295939962372,9.914905115608951,9.59358840158923,9.823100090026855,43800,0.0,0.0
2017-09-26 00:00:00-04:00,9.869002602817902,9.869002602817902,9.685393427171325,9.823100090026855,44400,0.0,0.0
2017-09-27 00:00:00-04:00,9.823099420746654,10.09851360321045,9.823099420746654,10.09851360321045,65300,0.0,0.0
2017-09-28 00:00:00-04:00,10.052611093546892,10.126054758801564,10.034250614991999,10.09851360321045,69800,0.0,0.0
2017-09-29 00:00:00-04:00,10.052607778645616,10.09851027317258,10.006705284118652,10.006705284118652,40900,0.0,0.0
2017-10-02 00:00:00-04:00,10.05261098947782,10.05261098947782,9.823099319053588,9.960806846618652,145600,0.0,0.0
2017-10-03 00:00:00-04:00,9.960805188620535,9.960805188620535,9.914902687072754,9.914902687072754,48800,0.0,0.0
2017-10-04 00:00:00-04:00,9.960803515199121,10.006705133518006,9.850637179785503,9.868998527526855,37000,0.0,0.0
2017-10-05 00:00:00-04:00,9.823097683977192,9.914902687072754,9.731293556399025,9.914902687072754,81300,0.0,0.0
2017-10-06 00:00:00-04:00,9.914902687072754,9.914902687072754,9.869000185524973,9.914902687072754,42600,0.0,0.0
2017-10-09 00:00:00-04:00,9.914901021362988,9.914901021362988,9.868998527526855,9.868998527526855,70100,0.0,0.0
2017-10-10 00:00:00-04:00,9.91490444007377,10.09851360321045,9.850640576337769,10.09851360321045,74200,0.0,0.0
2017-10-11 00:00:00-04:00,10.09851360321045,10.190318622537564,10.052611093546892,10.09851360321045,45200,0.0,0.0
2017-10-12 00:00:00-04:00,10.052607778645616,10.144412767699544,10.006705284118652,10.006705284118652,41200,0.0,0.0
2017-10-13 00:00:00-04:00,10.052611093546892,10.190318622537564,10.006708583883334,10.09851360321045,38800,0.0,0.0
2017-10-16 00:00:00-04:00,10.09851360321045,10.190318622537564,10.09851360321045,10.09851360321045,29000,0.0,0.0
2017-10-17 00:00:00-04:00,10.190318622537564,10.190318622537564,10.052611093546892,10.09851360321045,19900,0.0,0.0
2017-10-18 00:00:00-04:00,9.4099758053265,9.988345155008643,9.345712836089804,9.777194023132324,285000,0.0,0.0
2017-10-19 00:00:00-04:00,9.777196809865234,9.960806846618652,9.73129517619442,9.960806846618652,29800,0.0,0.0
2017-10-20 00:00:00-04:00,10.144416372691598,10.144416372691598,9.869002183173928,10.052611351013184,76900,0.0,0.0
2017-10-23 00:00:00-04:00,10.006705284118652,10.09851027317258,9.96080366510895,10.006705284118652,33400,0.0,0.0
2017-10-24 00:00:00-04:00,10.09851027317258,10.144412767699544,10.006705284118652,10.006705284118652,45000,0.0,0.0
2017-10-25 00:00:00-04:00,10.052608124245339,10.052608124245339,9.639487410334464,9.777194023132324,30400,0.0,0.0
2017-10-26 00:00:00-04:00,9.868999015342427,9.960804007552529,9.639487410334464,9.777194023132324,32200,0.0,0.0
2017-10-27 00:00:00-04:00,9.639486933863441,10.052607627354138,9.639486933863441,9.868998527526855,55400,0.0,0.0
2017-10-30 00:00:00-04:00,9.777193877284194,9.82309637270451,9.62112591816549,9.639487266540527,61700,0.0,0.0
2017-10-31 00:00:00-04:00,9.685392379760742,9.77719651989722,9.50178322397027,9.685392379760742,65900,0.0,0.0
2017-11-01 00:00:00-04:00,9.777193877284194,9.777193877284194,9.501780655796859,9.639487266540527,64900,0.0,0.0
2017-11-02 00:00:00-04:00,9.59358840158923,9.914905115608951,9.59358840158923,9.823100090026855,46300,0.0,0.0
2017-11-03 00:00:00-04:00,9.455878160376544,9.777193877284194,9.409975664956228,9.639487266540527,159200,0.0,0.0
2017-11-06 00:00:00-05:00,9.593587512528453,9.639490021065605,9.455880862434528,9.50178337097168,341400,0.0,0.0
2017-11-07 00:00:00-05:00,9.529404037748463,9.575439101899974,9.345260268892162,9.437332153320312,188200,0.03,0.0
2017-11-08 00:00:00-05:00,9.391297340393066,9.483369235892699,9.207154427456471,9.391297340393066,75200,0.0,0.0
2017-11-09 00:00:00-05:00,9.345261573791504,9.437333471075856,9.25319055456984,9.345261573791504,79500,0.0,0.0
2017-11-10 00:00:00-05:00,9.345260874323827,9.483368709913355,9.262397226645257,9.299225807189941,41600,0.0,0.0
2017-11-13 00:00:00-05:00,9.253190375206287,9.483369235892699,9.234775644881292,9.391297340393066,72000,0.0,0.0
2017-11-14 00:00:00-05:00,9.253190375206287,9.483369235892699,9.253190375206287,9.391297340393066,22400,0.0,0.0
2017-11-15 00:00:00-05:00,9.299225204740651,9.483368095534388,9.299225204740651,9.437332153320312,44900,0.0,0.0
2017-11-16 00:00:00-05:00,9.483368873596191,9.667511779497909,9.391296981614014,9.483368873596191,552100,0.0,0.0
2017-11-17 00:00:00-05:00,9.391296981614014,9.603061981947967,9.391296981614014,9.483368873596191,488700,0.0,0.0
2017-11-20 00:00:00-05:00,9.483370332391116,9.575441360473633,9.391298426245827,9.575441360473633,53500,0.0,0.0
2017-11-21 00:00:00-05:00,9.529406285463761,9.667513266618922,9.391298426245827,9.575441360473633,46100,0.0,0.0
2017-11-22 00:00:00-05:00,9.621473145848062,9.759580945242348,9.575437212716635,9.667509078979492,32300,0.0,0.0
2017-11-24 00:00:00-05:00,9.66751212101826,9.66751212101826,9.575440225783495,9.621476173400879,13100,0.0,0.0
2017-11-27 00:00:00-05:00,9.667511779497909,9.667511779497909,9.437332927605102,9.483368873596191,62900,0.0,0.0
2017-11-28 00:00:00-05:00,9.437332909257123,9.713547706604004,9.437332909257123,9.713547706604004,35600,0.0,0.0
2017-11-29 00:00:00-05:00,9.759580990021743,10.035794833952867,9.759580990021743,9.897687911987305,51200,0.0,0.0
2017-11-30 00:00:00-05:00,9.989763815925736,9.989763815925736,9.759584934250606,9.851655960083008,51300,0.0,0.0
2017-12-01 00:00:00-05:00,9.759581321938303,9.9713453932291,9.529402525459215,9.80561637878418,35100,0.0,0.0
2017-12-04 00:00:00-05:00,9.851655960083008,10.081834841758138,9.759584934250606,9.851655960083008,116900,0.0,0.0
2017-12-05 00:00:00-05:00,9.943727310502517,10.17390617936571,9.833241558815708,9.989763259887695,324700,0.0,0.0
2017-12-06 00:00:00-05:00,10.035795211791992,10.127867081943725,9.897688284626822,10.035795211791992,40500,0.0,0.0
2017-12-07 00:00:00-05:00,9.989762822737855,10.12786978678716,9.897690927996543,10.081833839416504,62100,0.0,0.0
2017-12-08 00:00:00-05:00,10.08183076729552,10.08183076729552,9.833238132145029,9.897687911987305,93700,0.0,0.0
2017-12-11 00:00:00-05:00,9.897691912030584,10.081834841758138,9.851655960083008,9.851655960083008,62700,0.0,0.0
2017-12-12 00:00:00-05:00,9.897689644536449,10.081832532078105,9.63068223808541,9.9437255859375,68900,0.0,0.0
2017-12-13 00:00:00-05:00,9.943725403698107,10.081832347307616,9.713546578973903,9.75958251953125,79300,0.0,0.0
2017-12-14 00:00:00-05:00,9.713549219691567,9.943728106992017,9.529406285463761,9.575441360473633,37900,0.0,0.0
2017-12-15 00:00:00-05:00,9.529402201370875,9.897687911987305,9.529402201370875,9.897687911987305,153900,0.0,0.0
2017-12-18 00:00:00-05:00,9.943723845329957,10.035794833952867,9.805616045302,9.897687911987305,28300,0.0,0.0
2017-12-19 00:00:00-05:00,9.851653522583412,9.89768946314076,9.713546578973903,9.75958251953125,31700,0.0,0.0
2017-12-20 00:00:00-05:00,9.805620008135433,9.989763815925736,9.713548982303031,9.851655960083008,53000,0.0,0.0
2017-12-21 00:00:00-05:00,9.962141163418966,10.035798331210172,9.897691361117337,9.989763259887695,35700,0.0,0.0
2017-12-22 00:00:00-05:00,9.989763259887695,10.081834280595352,9.943727310502517,9.989763259887695,38900,0.0,0.0
2017-12-26 00:00:00-05:00,9.989760154778555,10.081831146867858,9.943724219702688,10.035795211791992,50500,0.0,0.0
2017-12-27 00:00:00-05:00,9.943727310502517,10.12787022998053,9.897691361117337,9.989763259887695,27700,0.0,0.0
2017-12-28 00:00:00-05:00,9.989762644433789,10.173905552567042,9.989762644433789,10.127869606018066,37100,0.0,0.0
2017-12-29 00:00:00-05:00,9.943724219702688,10.127867081943725,9.943724219702688,10.035795211791992,47900,0.0,0.0
2018-01-02 00:00:00-05:00,10.081833839416504,10.12786978678716,9.989762822737855,10.081833839416504,49300,0.0,0.0
2018-01-03 00:00:00-05:00,10.035796590677053,10.109453745693717,9.9437255859375,9.9437255859375,32000,0.0,0.0
2018-01-04 00:00:00-05:00,10.035797892045847,10.12786978678716,9.851654980625886,10.081833839416504,32600,0.0,0.0
2018-01-05 00:00:00-05:00,10.081832532078105,10.081832532078105,9.879274916751008,9.9437255859375,34000,0.0,0.0
2018-01-08 00:00:00-05:00,9.943726875367199,10.173905734157817,9.851654980625886,10.081833839416504,65600,0.0,0.0
2018-01-09 00:00:00-05:00,10.081831146867858,10.17390301701959,10.035795211791992,10.035795211791992,33500,0.0,0.0
2018-01-10 00:00:00-05:00,9.989762822737855,10.173905734157817,9.989762822737855,10.081833839416504,42500,0.0,0.0
2018-01-11 00:00:00-05:00,10.081833659469092,10.173905552567042,10.035797712920116,10.127869606018066,61000,0.0,0.0
2018-01-12 00:00:00-05:00,10.173903465270996,10.173903465270996,10.01738180595433,10.173903465270996,37300,0.0,0.0
2018-01-16 00:00:00-05:00,10.219939402375157,10.358046335625172,10.127867528166835,10.173903465270996,44100,0.0,0.0
2018-01-17 00:00:00-05:00,10.219941139221191,10.339633366745863,10.127869249365549,10.219941139221191,43600,0.0,0.0
2018-01-18 00:00:00-05:00,10.219941681528473,10.265976750836465,10.081833839416504,10.081833839416504,26000,0.0,0.0
2018-01-19 00:00:00-05:00,10.035797359509905,10.219941139221191,9.897690402789058,10.219941139221191,24300,0.0,0.0
2018-01-22 00:00:00-05:00,10.219939402375157,10.219939402375157,10.081831591062674,10.173903465270996,14100,0.0,0.0
2018-01-23 00:00:00-05:00,10.127869606018066,10.173905552567042,10.127869606018066,10.127869606018066,13700,0.0,0.0
2018-01-24 00:00:00-05:00,10.173904414880209,10.21994035628126,9.9437255859375,9.9437255859375,18700,0.0,0.0
2018-01-25 00:00:00-05:00,10.035795211791992,10.081831146867858,9.989760154778555,10.035795211791992,20700,0.0,0.0
2018-01-26 00:00:00-05:00,10.081833839416504,10.081833839416504,9.989762822737855,10.081833839416504,22400,0.0,0.0
2018-01-29 00:00:00-05:00,10.035795211791992,10.118659719316065,9.989760154778555,10.035795211791992,23000,0.0,0.0
2018-01-30 00:00:00-05:00,9.98976059491682,10.173903465270996,9.98976059491682,10.173903465270996,33100,0.0,0.0
2018-01-31 00:00:00-05:00,10.12787022998053,10.17390617936571,9.851655411732159,9.989763259887695,55900,0.0,0.0
2018-02-01 00:00:00-05:00,9.98975977867261,9.98975977867261,9.759580990021743,9.897687911987305,33900,0.0,0.0
2018-02-02 00:00:00-05:00,9.805620008135433,9.989763815925736,9.759584934250606,9.851655960083008,33700,0.0,0.0
2018-02-05 00:00:00-05:00,9.805619114016073,9.85165506176589,9.391297340393066,9.391297340393066,39700,0.0,0.0
2018-02-06 00:00:00-05:00,9.253189861993432,9.529404655109865,9.253189861993432,9.299225807189941,53500,0.0,0.0
2018-02-07 00:00:00-05:00,9.253189861993432,9.391296819520337,9.253189861993432,9.299225807189941,37600,0.0,0.0
2018-02-08 00:00:00-05:00,9.253190403163064,9.345261420878202,9.161118507385254,9.161118507385254,57600,0.0,0.0
2018-02-09 00:00:00-05:00,9.253190403163064,9.345261420878202,9.02301154178121,9.161118507385254,49200,0.0,0.0
2018-02-12 00:00:00-05:00,9.16111832700435,9.345261236871556,9.16111832700435,9.207154273986816,31000,0.0,0.0
2018-02-13 00:00:00-05:00,9.105467595830122,9.382790765986282,9.105467595830122,9.244129180908203,41400,0.04,0.0
2018-02-14 00:00:00-05:00,9.105466619182822,9.392034099364148,9.105466619182822,9.290349006652832,37400,0.0,0.0
2018-02-15 00:00:00-05:00,9.336571528763791,9.5214539499931,9.244129877354675,9.429012298583984,37100,0.0,0.0
2018-02-16 00:00:00-05:00,9.382791472879425,9.56767477569766,9.336571528763791,9.429012298583984,37200,0.0,0.0
2018-02-20 00:00:00-05:00,9.382793728180912,9.475235401809835,9.197911262512207,9.197911262512207,35900,0.0,0.0
2018-02-21 00:00:00-05:00,9.244131320851464,9.382792938028611,9.059248870752247,9.105469703674316,71900,0.0,0.0
2018-02-22 00:00:00-05:00,9.197907372123446,9.290349006652832,9.151686554858752,9.290349006652832,100000,0.0,0.0
2018-02-23 00:00:00-05:00,9.197909213861331,9.382791638351163,9.197909213861331,9.33657169342041,33600,0.0,0.0
2018-02-26 00:00:00-05:00,9.382791472879425,9.502965267075707,9.336571528763791,9.429012298583984,23500,0.0,0.0
2018-02-27 00:00:00-05:00,9.401280321594617,9.595407087706176,9.290350866900718,9.33657169342041,36100,0.0,0.0
2018-02-28 00:00:00-05:00,9.382793728180912,9.521456238624294,9.197911262512207,9.197911262512207,80100,0.0,0.0
2018-03-01 00:00:00-05:00,9.151686554858752,9.382789759593456,9.151686554858752,9.290349006652832,32400,0.0,0.0
2018-03-02 00:00:00-05:00,9.197910966789141,9.429014261842081,9.197910966789141,9.382793426513672,73500,0.0,0.0
2018-03-05 00:00:00-05:00,9.33657232389969,9.660116368207916,9.290351494258799,9.567675590515137,30900,0.0,0.0
2018-03-06 00:00:00-05:00,9.567674343760624,9.844997522290244,9.475232696524829,9.79877758026123,34100,0.0,0.0
2018-03-07 00:00:00-05:00,9.798778413719814,9.891219187229497,9.66011593107185,9.844998359680176,40900,0.0,0.0
2018-03-08 00:00:00-05:00,9.798778413719814,9.98366084232814,9.706336758621172,9.844998359680176,36300,0.0,0.0
2018-03-09 00:00:00-05:00,9.937440014778819,9.937440014778819,9.66011593107185,9.844998359680176,46700,0.0,0.0
2018-03-12 00:00:00-04:00,9.75255543737167,10.076099395751953,9.75255543737167,10.076099395751953,31200,0.0,0.0
2018-03-13 00:00:00-04:00,9.752557445121752,10.122322296990589,9.752557445121752,9.983660697937012,35800,0.0,0.0
2018-03-14 00:00:00-04:00,10.029881524817853,10.029881524817853,9.752557445121752,9.983660697937012,27000,0.0,0.0
2018-03-15 00:00:00-04:00,9.983660697937012,10.029881524817853,9.798778272002593,9.983660697937012,36700,0.0,0.0
2018-03-16 00:00:00-04:00,9.93744018631632,10.122322618116037,9.752557754516602,9.752557754516602,191900,0.0,0.0
2018-03-19 00:00:00-04:00,9.798778272002593,10.039124984922864,9.798778272002593,9.983660697937012,35100,0.0,0.0
2018-03-20 00:00:00-04:00,9.937439169526039,10.029880816761835,9.79877758026123,9.79877758026123,26600,0.0,0.0
2018-03-21 00:00:00-04:00,9.844997319511982,10.011391928473618,9.826509519398948,9.93743896484375,25000,0.0,0.0
2018-03-22 00:00:00-04:00,9.76180209650383,9.983661014663491,9.697092584182199,9.752557754516602,33000,0.0,0.0
2018-03-23 00:00:00-04:00,9.752558027489695,9.937440464464252,9.567675590515137,9.567675590515137,51600,0.0,0.0
2018-03-26 00:00:00-04:00,9.613895103522529,9.891219187229497,9.521454330012846,9.844998359680176,40000,0.0,0.0
2018-03-27 00:00:00-04:00,9.844997522290244,10.029880816761835,9.752556756643331,9.79877758026123,40300,0.0,0.0
2018-03-28 00:00:00-04:00,9.844997319511982,10.029880610175518,9.844997319511982,9.93743896484375,32700,0.0,0.0
2018-03-29 00:00:00-04:00,9.891219187229497,10.122322443387144,9.844998359680176,9.844998359680176,47600,0.0,0.0
2018-04-02 00:00:00-04:00,9.79877758026123,9.983659993143938,9.706335933025434,9.79877758026123,32800,0.0,0.0
2018-04-03 00:00:00-04:00,9.844997319511982,9.983659787509634,9.826509519398948,9.93743896484375,129500,0.0,0.0
2018-04-04 00:00:00-04:00,9.891218142177866,10.029880610175518,9.844997319511982,9.93743896484375,36000,0.0,0.0
2018-04-05 00:00:00-04:00,9.98366254925281,10.12232417401904,9.84500004289747,10.02988338470459,34800,0.0,0.0
2018-04-06 00:00:00-04:00,9.98366084232814,10.122322443387144,9.798778413719814,9.844998359680176,38100,0.0,0.0
2018-04-09 00:00:00-04:00,9.844997522290244,10.029880816761835,9.79877758026123,9.79877758026123,34500,0.0,0.0
2018-04-10 00:00:00-04:00,9.844998217294489,10.076101470109748,9.798778272002593,9.983660697937012,35800,0.0,0.0
2018-04-11 00:00:00-04:00,9.93743987105617,10.029881524817853,9.93743987105617,9.983660697937012,44300,0.0,0.0
2018-04-12 00:00:00-04:00,9.983660697937012,10.076101470109748,9.93743987105617,9.983660697937012,24000,0.0,0.0
2018-04-13 00:00:00-04:00,9.98366175633514,10.02988258811599,9.844999260992585,9.891220092773438,30500,0.0,0.0
2018-04-16 00:00:00-04:00,9.937441713801029,10.16854500947082,9.891220878349248,10.02988338470459,26700,0.0,0.0
2018-04-17 00:00:00-04:00,10.076100551252535,10.076100551252535,9.891218142177866,9.93743896484375,39000,0.0,0.0
2018-04-18 00:00:00-04:00,9.983660697937012,10.029881524817853,9.844998217294489,9.983660697937012,40300,0.0,0.0
2018-04-19 00:00:00-04:00,9.983660697937012,10.076101470109748,9.93743987105617,9.983660697937012,38000,0.0,0.0
2018-04-20 00:00:00-04:00,9.937441713801029,10.07610333856726,9.937441713801029,10.02988338470459,41700,0.0,0.0
2018-04-23 00:00:00-04:00,9.937441713801029,10.02988338470459,9.937441713801029,10.02988338470459,23800,0.0,0.0
2018-04-24 00:00:00-04:00,10.02988338470459,10.07610333856726,9.98366254925281,10.02988338470459,27600,0.0,0.0
2018-04-25 00:00:00-04:00,9.983659787509634,10.029880610175518,9.752556555769083,9.93743896484375,27800,0.0,0.0
2018-04-26 00:00:00-04:00,9.844997319511982,10.076100551252535,9.798777378434966,9.93743896484375,29400,0.0,0.0
2018-04-27 00:00:00-04:00,9.93743987105617,10.029881524817853,9.93743987105617,9.983660697937012,31200,0.0,0.0
2018-04-30 00:00:00-04:00,9.983660697937012,10.029881524817853,9.93743987105617,9.983660697937012,31300,0.0,0.0
2018-05-01 00:00:00-04:00,9.937437825244514,10.076099395751953,9.891217007879112,10.076099395751953,77100,0.0,0.0
2018-05-02 00:00:00-04:00,10.076099395751953,10.122320213117355,10.029879459975318,10.076099395751953,52700,0.0,0.0
2018-05-03 00:00:00-04:00,10.029879459975318,10.122320213117355,10.029879459975318,10.076099395751953,33400,0.0,0.0
2018-05-04 00:00:00-04:00,10.029882257270437,10.16854386645006,9.983661427014225,10.122323036193848,52200,0.0,0.0
2018-05-07 00:00:00-04:00,10.122320213117355,10.168541030482757,10.029879459975318,10.076099395751953,17700,0.0,0.0
2018-05-08 00:00:00-04:00,10.020432291189739,10.205995671893326,10.020432291189739,10.113213539123535,40600,0.04,0.0
2018-05-09 00:00:00-04:00,10.113213843470993,10.252387046813965,10.113213843470993,10.252387046813965,27900,0.0,0.0
2018-05-10 00:00:00-04:00,10.298778114594954,10.345168297539924,10.205995979032974,10.252387046813965,36200,0.0,0.0
2018-05-11 00:00:00-04:00,10.298779616130394,10.298779616130394,10.159606392496325,10.205997467041016,18500,0.0,0.0
2018-05-14 00:00:00-04:00,10.205995671893326,10.205995671893326,10.113213539123535,10.113213539123535,33000,0.0,0.0
2018-05-15 00:00:00-04:00,10.020434512344911,10.159606857512902,9.649306783836616,9.927652359008789,74100,0.0,0.0
2018-05-16 00:00:00-04:00,9.97404276591911,10.113215101741668,9.97404276591911,10.066824913024902,31600,0.0,0.0
2018-05-17 00:00:00-04:00,10.113213539123535,10.15960460550843,10.085379253226995,10.113213539123535,19700,0.0,0.0
2018-05-18 00:00:00-04:00,10.113213539123535,10.15960460550843,10.066823357574634,10.113213539123535,23500,0.0,0.0
2018-05-21 00:00:00-04:00,10.159607887268066,10.205998968638223,10.11321680589791,10.159607887268066,29700,0.0,0.0
2018-05-22 00:00:00-04:00,10.205995671893326,10.205995671893326,10.113213539123535,10.113213539123535,19800,0.0,0.0
2018-05-23 00:00:00-04:00,10.159607887268066,10.159607887268066,10.11321680589791,10.159607887268066,17900,0.0,0.0
2018-05-24 00:00:00-04:00,10.11321402682598,10.159605095448052,9.556523857869232,9.834869384765625,62400,0.0,0.0
2018-05-25 00:00:00-04:00,9.881261282340729,9.95548665107515,9.834871090508859,9.927652359008789,11000,0.0,0.0
2018-05-29 00:00:00-04:00,9.88125991821289,9.97404205874025,9.84414723896916,9.88125991821289,15700,0.0,0.0
2018-05-30 00:00:00-04:00,9.927650158419945,10.205995671893326,9.927650158419945,10.113213539123535,29000,0.0,0.0
2018-05-31 00:00:00-04:00,10.066824913024902,10.159606175294565,10.020433839472005,10.066824913024902,33400,0.0,0.0
2018-06-01 00:00:00-04:00,10.066825128243098,10.205997467041016,10.02043405369841,10.205997467041016,37500,0.0,0.0
2018-06-04 00:00:00-04:00,10.205998968638223,10.205998968638223,10.159607887268066,10.159607887268066,24400,0.0,0.0
2018-06-05 00:00:00-04:00,10.205997467041016,10.205997467041016,10.066825128243098,10.205997467041016,32100,0.0,0.0
2018-06-06 00:00:00-04:00,10.205998968638223,10.298781131378538,10.159607887268066,10.159607887268066,79800,0.0,0.0
2018-06-07 00:00:00-04:00,10.159606392496325,10.205997467041016,10.159606392496325,10.205997467041016,29700,0.0,0.0
2018-06-08 00:00:00-04:00,10.159607887268066,10.252390050008382,10.11321680589791,10.159607887268066,30700,0.0,0.0
2018-06-11 00:00:00-04:00,10.159606175294565,10.205997248847462,10.020433839472005,10.066824913024902,24800,0.0,0.0
2018-06-12 00:00:00-04:00,10.020432472229004,10.113213721839081,9.927650337782916,10.020432472229004,33700,0.0,0.0
2018-06-13 00:00:00-04:00,10.113213721839081,10.113213721839081,9.927650337782916,10.020432472229004,26800,0.0,0.0
2018-06-14 00:00:00-04:00,9.97404343567685,10.066825589012971,9.86270538257522,9.927652359008789,48500,0.0,0.0
2018-06-15 00:00:00-04:00,9.834871090508859,10.205997934180962,9.834871090508859,9.927652359008789,127100,0.0,0.0
2018-06-18 00:00:00-04:00,9.881258854567381,10.020432050377442,9.881258854567381,9.974040985107422,37400,0.0,0.0
2018-06-19 00:00:00-04:00,9.974044446623719,10.252390050008382,9.974044446623719,10.159607887268066,56800,0.0,0.0
2018-06-20 00:00:00-04:00,10.205997467041016,10.298779616130394,10.159606392496325,10.205997467041016,80600,0.0,0.0
2018-06-21 00:00:00-04:00,10.252390050008382,10.280224344895963,10.159607887268066,10.159607887268066,51100,0.0,0.0
2018-06-22 00:00:00-04:00,10.205998968638223,10.298781131378538,10.11321680589791,10.159607887268066,196600,0.0,0.0
2018-06-25 00:00:00-04:00,10.205995671893326,10.205995671893326,10.113213539123535,10.113213539123535,44300,0.0,0.0
2018-06-26 00:00:00-04:00,10.11321680589791,10.252390050008382,10.020435527993875,10.159607887268066,38300,0.0,0.0
2018-06-27 00:00:00-04:00,10.11321390988429,10.159604977969929,9.974041590463397,10.001875877380371,29900,0.0,0.0
2018-06-28 00:00:00-04:00,10.252390050008382,10.252390050008382,10.020435527993875,10.159607887268066,50000,0.0,0.0
2018-06-29 00:00:00-04:00,10.159606392496325,10.252388541585704,10.113215317951637,10.205997467041016,60400,0.0,0.0
2018-07-02 00:00:00-04:00,10.11321680589791,10.252390050008382,10.066826609364034,10.159607887268066,44200,0.0,0.0
2018-07-03 00:00:00-04:00,10.159608483021248,10.252390651202251,10.141052580286846,10.187442779541016,14900,0.0,0.0
2018-07-05 00:00:00-04:00,10.252388541585704,10.252388541585704,10.159606392496325,10.205997467041016,42000,0.0,0.0
2018-07-06 00:00:00-04:00,10.20599752698821,10.298779676622564,10.20599752698821,10.28022289276123,24500,0.0,0.0
2018-07-09 00:00:00-04:00,10.298779487609863,10.34516967673949,10.298779487609863,10.298779487609863,26400,0.0,0.0
2018-07-10 00:00:00-04:00,10.345169805838932,10.43795195492831,10.205997467041016,10.205997467041016,29900,0.0,0.0
2018-07-11 00:00:00-04:00,10.298778114594954,10.298778114594954,10.252387046813965,10.252387046813965,17700,0.0,0.0
2018-07-12 00:00:00-04:00,10.298779487609863,10.298779487609863,10.205997339678332,10.298779487609863,21300,0.0,0.0
2018-07-13 00:00:00-04:00,10.205995979032974,10.252387046813965,10.066823660526024,10.252387046813965,38800,0.0,0.0
2018-07-16 00:00:00-04:00,10.252387046813965,10.252387046813965,10.159604911251984,10.252387046813965,14200,0.0,0.0
2018-07-17 00:00:00-04:00,10.298778114594954,10.298778114594954,10.205995979032974,10.252387046813965,16600,0.0,0.0
2018-07-18 00:00:00-04:00,10.205998968638223,10.252390050008382,10.11321680589791,10.159607887268066,32300,0.0,0.0
2018-07-19 00:00:00-04:00,10.159604911251984,10.298778114594954,10.159604911251984,10.252387046813965,18700,0.0,0.0
2018-07-20 00:00:00-04:00,10.205995979032974,10.298778114594954,10.205995979032974,10.252387046813965,15300,0.0,0.0
2018-07-23 00:00:00-04:00,10.252387809752472,10.391560138616025,10.205996738519257,10.345169067382812,31600,0.0,0.0
2018-07-24 00:00:00-04:00,10.437951824671021,10.437951824671021,10.298779487609863,10.298779487609863,11300,0.0,0.0
2018-07-25 00:00:00-04:00,10.066823357574634,10.205995671893326,9.936928548664124,10.113213539123535,46600,0.0,0.0
2018-07-26 00:00:00-04:00,10.11321379406936,10.11321379406936,10.020432543796623,10.094657897949219,28100,0.0,0.0
2018-07-27 00:00:00-04:00,10.066823539452049,10.113213721839081,9.927650337782916,10.020432472229004,34600,0.0,0.0
2018-07-30 00:00:00-04:00,10.020432050377442,10.113213296081508,9.974040985107422,9.974040985107422,36900,0.0,0.0
2018-07-31 00:00:00-04:00,9.97404276591911,10.113215101741668,9.927651692366213,10.066824913024902,39100,0.0,0.0
2018-08-01 00:00:00-04:00,10.06682311564746,10.113213296081508,9.974040985107422,9.974040985107422,19200,0.0,0.0
2018-08-02 00:00:00-04:00,9.974041405005961,10.066823539452049,9.96476301459415,10.020432472229004,28400,0.0,0.0
2018-08-03 00:00:00-04:00,9.974040985107422,10.113213296081508,9.927649919837402,9.974040985107422,17600,0.0,0.0
2018-08-06 00:00:00-04:00,9.974041405005961,10.113213721839081,9.927650337782916,10.020432472229004,24400,0.0,0.0
2018-08-07 00:00:00-04:00,10.104245931443286,10.15080856461214,9.964555367560827,10.01111888885498,12100,0.04,0.0
2018-08-08 00:00:00-04:00,9.964556887904964,10.150810113373897,9.964556887904964,10.057683944702148,21900,0.0,0.0
2018-08-09 00:00:00-04:00,10.011120416303557,10.150810113373897,10.011120416303557,10.057683944702148,21200,0.0,0.0
2018-08-10 00:00:00-04:00,9.964556887904964,10.150810113373897,9.964556887904964,10.057683944702148,16900,0.0,0.0
2018-08-13 00:00:00-04:00,10.104248243552297,10.150810887375869,9.964557647705078,9.964557647705078,25700,0.0,0.0
2018-08-14 00:00:00-04:00,10.011120984789555,10.150810689792237,10.011120984789555,10.104248046875,41500,0.0,0.0
2018-08-15 00:00:00-04:00,10.150810887375869,10.150810887375869,9.917994115756004,9.964557647705078,28400,0.0,0.0
2018-08-16 00:00:00-04:00,10.011121489302909,10.150811201345295,9.992495720696976,10.085622787475586,21400,0.0,0.0
2018-08-17 00:00:00-04:00,9.964555367560827,10.243935607200445,9.964555367560827,10.01111888885498,56500,0.0,0.0
2018-08-20 00:00:00-04:00,10.104248046875,10.243937751877684,10.057684515832278,10.104248046875,32700,0.0,0.0
2018-08-21 00:00:00-04:00,10.178749341293162,10.243937751877684,10.104248046875,10.104248046875,41000,0.0,0.0
2018-08-22 00:00:00-04:00,10.150810113373897,10.19737364177249,10.011120416303557,10.057683944702148,40500,0.0,0.0
2018-08-23 00:00:00-04:00,10.150810113373897,10.150810113373897,10.011120416303557,10.057683944702148,21600,0.0,0.0
2018-08-24 00:00:00-04:00,10.057684515832278,10.150810689792237,10.057684515832278,10.104248046875,30200,0.0,0.0
2018-08-27 00:00:00-04:00,10.10424747310074,10.150810113373897,10.057683944702148,10.057683944702148,28400,0.0,0.0
2018-08-28 00:00:00-04:00,10.104248513235081,10.150811158301412,9.778304669017617,9.824868202209473,44500,0.0,0.0
2018-08-29 00:00:00-04:00,9.824866430394087,9.964556116652505,9.824866430394087,9.91799259185791,27200,0.0,0.0
2018-08-30 00:00:00-04:00,9.778303343276137,9.96455656266584,9.778303343276137,9.871430397033691,50800,0.0,0.0
2018-08-31 00:00:00-04:00,9.824866430394087,10.011119641447099,9.824866430394087,9.91799259185791,31200,0.0,0.0
2018-09-04 00:00:00-04:00,9.871429213097821,10.01111888885498,9.871429213097821,10.01111888885498,30400,0.0,0.0
2018-09-05 00:00:00-04:00,10.01111888885498,10.057682410149134,9.964555367560827,10.01111888885498,12000,0.0,0.0
2018-09-06 00:00:00-04:00,10.057682410149134,10.104245931443286,10.01111888885498,10.01111888885498,16700,0.0,0.0
2018-09-07 00:00:00-04:00,10.104248046875,10.150810689792237,10.011120984789555,10.104248046875,17100,0.0,0.0
2018-09-10 00:00:00-04:00,10.057684515832278,10.150810689792237,10.057684515832278,10.104248046875,21700,0.0,0.0
2018-09-11 00:00:00-04:00,10.011120984789555,10.150810689792237,10.011120984789555,10.104248046875,25500,0.0,0.0
2018-09-12 00:00:00-04:00,10.057684711603224,10.104248243552297,9.964557647705078,9.964557647705078,26900,0.0,0.0
2018-09-13 00:00:00-04:00,10.011119641447099,10.057683166241693,9.91799259185791,9.91799259185791,18700,0.0,0.0
2018-09-14 00:00:00-04:00,9.871431471932434,10.039058943573394,9.871431471932434,9.964557647705078,19900,0.0,0.0
2018-09-17 00:00:00-04:00,10.057682410149134,10.057682410149134,9.917991846266675,10.01111888885498,20600,0.0,0.0
2018-09-18 00:00:00-04:00,10.011119641447099,10.104246691036288,9.91799259185791,9.91799259185791,31700,0.0,0.0
2018-09-19 00:00:00-04:00,9.871429213097821,10.104245931443286,9.871429213097821,10.01111888885498,21800,0.0,0.0
2018-09-20 00:00:00-04:00,10.011120984789555,10.150810689792237,10.011120984789555,10.104248046875,15000,0.0,0.0
2018-09-21 00:00:00-04:00,10.057683944702148,10.150810113373897,10.011120416303557,10.057683944702148,105300,0.0,0.0
2018-09-24 00:00:00-04:00,10.01111888885498,10.113557925201878,9.917991846266675,10.01111888885498,22800,0.0,0.0
2018-09-25 00:00:00-04:00,10.104248046875,10.150810689792237,10.057684515832278,10.104248046875,19800,0.0,0.0
2018-09-26 00:00:00-04:00,10.104246691036288,10.104246691036288,9.91799259185791,9.91799259185791,22000,0.0,0.0
2018-09-27 00:00:00-04:00,9.964556116652505,10.057683166241693,9.91799259185791,9.91799259185791,24800,0.0,0.0
2018-09-28 00:00:00-04:00,9.964556887904964,10.150810113373897,9.964556887904964,10.057683944702148,26300,0.0,0.0
2018-10-01 00:00:00-04:00,10.029746955752204,10.057684719693922,9.824867947886773,9.83418083190918,20700,0.0,0.0
2018-10-02 00:00:00-04:00,9.927305263741163,9.936618146127495,9.731739174254924,9.759676933288574,16500,0.0,0.0
2018-10-03 00:00:00-04:00,9.815555063864366,9.955244771698455,9.759678647855429,9.83418083190918,57800,0.0,0.0
2018-10-04 00:00:00-04:00,9.815555063864366,9.992495419662578,9.815555063864366,9.83418083190918,30300,0.0,0.0
2018-10-05 00:00:00-04:00,9.880742391909122,9.908681040911631,9.73173981639736,9.871430397033691,29600,0.0,0.0
2018-10-08 00:00:00-04:00,9.899368413633136,10.001807464912346,9.880742647150319,9.927306175231934,26100,0.0,0.0
2018-10-09 00:00:00-04:00,9.983181131328609,10.094933049559396,9.852803449330041,10.01111888885498,28900,0.0,0.0
2018-10-10 00:00:00-04:00,9.973869700342958,10.13218516289804,9.787616476197401,9.796929359436035,36100,0.0,0.0
2018-10-11 00:00:00-04:00,9.7410532631079,9.983182906389134,9.610675557927516,9.619988441467285,24700,0.0,0.0
2018-10-12 00:00:00-04:00,9.694490126048864,9.862118484049867,9.36854718208918,9.443048477172852,49800,0.0,0.0
2018-10-15 00:00:00-04:00,9.387171364225013,9.545486826544566,9.266106546679152,9.368546485900879,77600,0.0,0.0
2018-10-16 00:00:00-04:00,9.508236184924646,9.573424591268875,9.35923360578045,9.498923301696777,84300,0.0,0.0
2018-10-17 00:00:00-04:00,9.44304815772192,9.554800096566945,9.415109506916567,9.452360153198242,38000,0.0,0.0
2018-10-18 00:00:00-04:00,9.443049242087339,9.536175424422673,9.34992217162644,9.41511058807373,78200,0.0,0.0
2018-10-19 00:00:00-04:00,9.405798591528093,9.56411407843628,9.405798591528093,9.41511058807373,100000,0.0,0.0
2018-10-22 00:00:00-04:00,9.480298295700115,9.78761633307788,9.415109002108329,9.470985412597656,35100,0.0,0.0
2018-10-23 00:00:00-04:00,9.415109002108329,9.796929216180336,9.396484124028829,9.470985412597656,35000,0.0,0.0
2018-10-24 00:00:00-04:00,9.415107837432787,9.592049041989684,9.294043036453148,9.312668800354004,44400,0.0,0.0
2018-10-25 00:00:00-04:00,9.433736357416137,9.619989610212368,9.321984405738398,9.41511058807373,60700,0.0,0.0
2018-10-26 00:00:00-04:00,9.331296218876895,9.69448979809186,9.321983335275112,9.452360153198242,42200,0.0,0.0
2018-10-29 00:00:00-04:00,9.480299124714685,9.759678537215702,9.424422709339186,9.443048477172852,50200,0.0,0.0
2018-10-30 00:00:00-04:00,9.4616742562422,9.545488443209498,9.36854807259843,9.377860069274902,53600,0.0,0.0
2018-10-31 00:00:00-04:00,9.508235727584337,9.508235727584337,9.312669629832833,9.349920272827148,51700,0.0,0.0
2018-11-01 00:00:00-04:00,9.713115366894604,9.713115366894604,9.247481853822002,9.294044494628906,93800,0.0,0.0
2018-11-02 00:00:00-04:00,9.275420443446517,9.592051402684485,9.200919145758235,9.266107559204102,79000,0.0,0.0
2018-11-05 00:00:00-05:00,9.340607440164744,9.443047375042799,9.1729799898536,9.182291984558105,43600,0.0,0.0
2018-11-06 00:00:00-05:00,9.172943278882125,9.35060436953634,9.126190078685818,9.294500350952148,29900,0.04,0.0
2018-11-07 00:00:00-05:00,9.285150653793998,9.350604600640676,9.163592686976491,9.257098197937012,44200,0.0,0.0
2018-11-08 00:00:00-05:00,9.294500350952148,9.341253551148455,9.229046405723194,9.294500350952148,41600,0.0,0.0
2018-11-09 00:00:00-05:00,9.285149107977052,9.341252226864535,9.200993537902832,9.200993537902832,31200,0.0,0.0
2018-11-12 00:00:00-05:00,9.238398019774916,9.34125435567087,9.135541683878964,9.172944068908691,29800,0.0,0.0
2018-11-13 00:00:00-05:00,9.210344858082257,9.350603554705623,9.154240844387083,9.275798797607422,30900,0.0,0.0
2018-11-14 00:00:00-05:00,9.322550896249382,9.350602453923129,8.929825521845176,8.976578712463379,118100,0.0,0.0
2018-11-15 00:00:00-05:00,8.985930809952661,9.107488778255016,8.939178499772888,9.088788032531738,72200,0.0,0.0
2018-11-16 00:00:00-05:00,9.051385276961465,9.21034562191379,9.03268364026443,9.144890785217285,48600,0.0,0.0
2018-11-19 00:00:00-05:00,9.163591967425253,9.322552304493579,9.107487951859872,9.219695091247559,31900,0.0,0.0
2018-11-20 00:00:00-05:00,9.182293996358723,9.247748838968148,9.07008684126954,9.172944068908691,56700,0.0,0.0
2018-11-21 00:00:00-05:00,9.210345579982214,9.331902650987058,9.023332780835743,9.154241561889648,94900,0.0,0.0
2018-11-23 00:00:00-05:00,9.060734754179233,9.303850668724094,9.060734754179233,9.219695091247559,35500,0.0,0.0
2018-11-26 00:00:00-05:00,9.229045097346573,9.275798290914807,9.135539601953104,9.200993537902832,36300,0.0,0.0
2018-11-27 00:00:00-05:00,9.154241749295874,9.266448896035,9.070086166305746,9.126190185546875,39700,0.0,0.0
2018-11-28 00:00:00-05:00,9.107485892831118,9.444108126633393,9.060732705720483,9.416055679321289,50500,0.0,0.0
2018-11-29 00:00:00-05:00,9.341252246146963,9.836834850553032,9.341252246146963,9.359953880310059,24900,0.0,0.0
2018-11-30 00:00:00-05:00,9.350604473913695,9.528265566551077,9.285150527954102,9.285150527954102,240900,0.0,0.0
2018-12-03 00:00:00-05:00,9.303850633172189,9.584368926441028,9.257097435670204,9.388006210327148,233900,0.0,0.0
2018-12-04 00:00:00-05:00,9.397357445837034,9.603070988942761,8.985930359625579,9.004631996154785,42800,0.0,0.0
2018-12-06 00:00:00-05:00,8.939178541183987,9.275799991450814,8.939178541183987,9.079437255859375,34500,0.0,0.0
2018-12-07 00:00:00-05:00,9.051385379614398,9.303851235685789,8.985930542175561,9.135540962219238,57700,0.0,0.0
2018-12-10 00:00:00-05:00,9.163591640195962,9.163591640195962,8.92982655188353,8.957878112792969,37400,0.0,0.0
2018-12-11 00:00:00-05:00,9.023331459639568,9.023331459639568,7.9573632976479365,8.901774406433105,14500,0.0,0.0
2018-12-12 00:00:00-05:00,8.967228422796516,8.967228422796516,8.471646713312255,8.883072853088379,23200,0.0,0.0
2018-12-13 00:00:00-05:00,8.63995815128494,9.032683602865449,8.237882773137747,8.836320877075195,49700,0.0,0.0
2018-12-14 00:00:00-05:00,8.836321485683444,8.957879456853911,8.696062768348458,8.742815971374512,35500,0.0,0.0
2018-12-17 00:00:00-05:00,8.35009018079046,8.855022792772877,8.35009018079046,8.630607604980469,43100,0.0,0.0
2018-12-18 00:00:00-05:00,8.696062824246766,8.724114389545443,8.471648518370985,8.574504852294922,27000,0.0,0.0
2018-12-19 00:00:00-05:00,8.60255650273953,9.070086757146495,8.480998529584536,8.555803298950195,49900,0.0,0.0
2018-12-20 00:00:00-05:00,8.873723955768783,8.883074774813267,8.602556445681053,8.724114418029785,67200,0.0,0.0
2018-12-21 00:00:00-05:00,8.733464062750187,9.088787112974247,8.705412501131805,8.920475959777832,200700,0.0,0.0
2018-12-24 00:00:00-05:00,8.892424769522648,8.892424769522648,8.565153267249539,8.705412864685059,29000,0.0,0.0
2018-12-26 00:00:00-05:00,8.75216525457592,8.967229615973446,8.621257365827356,8.845671653747559,263300,0.0,0.0
2018-12-27 00:00:00-05:00,8.780216064231114,9.013981126616727,8.705411315607153,8.967227935791016,35900,0.0,0.0
2018-12-28 00:00:00-05:00,9.079436757677072,9.369305881642628,8.948527977217932,9.163592338562012,33200,0.0,0.0
2018-12-31 00:00:00-05:00,9.21969505601723,9.434759407829134,9.21034512991129,9.388006210327148,67000,0.0,0.0
2019-01-02 00:00:00-05:00,9.313201862706878,9.462811387932192,9.154241519219205,9.322552680969238,54300,0.0,0.0
2019-01-03 00:00:00-05:00,9.472162524580343,9.500214088567203,9.191644209482321,9.266448974609375,36300,0.0,0.0
2019-01-04 00:00:00-05:00,9.331900551500382,9.5282632330321,9.163590318575277,9.509562492370605,39100,0.0,0.0
2019-01-07 00:00:00-05:00,9.481513065006451,9.537616191334324,9.434759865237815,9.472162246704102,26500,0.0,0.0
2019-01-08 00:00:00-05:00,9.2664479904824,9.528264640621305,9.25709717289882,9.434759140014648,183300,0.0,0.0
2019-01-09 00:00:00-05:00,9.35995506452173,9.500213771518343,8.845671652628965,9.004631996154785,65300,0.0,0.0
2019-01-10 00:00:00-05:00,8.892425874435286,8.92982826005017,8.621258355791564,8.677361488342285,83900,0.0,0.0
2019-01-11 00:00:00-05:00,8.639958569855331,8.65866020738095,8.509050674148623,8.611907005310059,34400,0.0,0.0
2019-01-14 00:00:00-05:00,8.574503852695061,8.639957794675869,8.415543514961891,8.424894332885742,37100,0.0,0.0
2019-01-15 00:00:00-05:00,8.378140163651947,8.443594098044056,8.20047910241209,8.2659330368042,26700,0.0,0.0
2019-01-16 00:00:00-05:00,8.237882392833006,8.593204554770734,8.237882392833006,8.434245109558105,41800,0.0,0.0
2019-01-17 00:00:00-05:00,8.406193775666658,8.527751749045034,8.303337440535659,8.396842956542969,35700,0.0,0.0
2019-01-18 00:00:00-05:00,8.38749145089474,8.480996949307192,8.181777927598501,8.350089073181152,55900,0.0,0.0
2019-01-22 00:00:00-05:00,8.312686681068275,8.424893814014668,8.09762234078042,8.191128730773926,86500,0.0,0.0
2019-01-23 00:00:00-05:00,8.172428268724483,8.350090256855927,8.172428268724483,8.312687873840332,15900,0.0,0.0
2019-01-24 00:00:00-05:00,8.322036379486905,8.368789573207325,8.181777690068643,8.228530883789062,20800,0.0,0.0
2019-01-25 00:00:00-05:00,8.265932595595476,8.359438083772758,8.265932595595476,8.340737342834473,25700,0.0,0.0
2019-01-28 00:00:00-05:00,8.293984676370526,8.368789428331016,8.209829107479228,8.247231483459473,24800,0.0,0.0
2019-01-29 00:00:00-05:00,8.209829473726813,8.593204067562747,7.948012830185228,8.191128730773926,76700,0.0,0.0
2019-01-30 00:00:00-05:00,8.826969008121623,8.826969008121623,8.424893677832074,8.696061134338379,160700,0.0,0.0
2019-01-31 00:00:00-05:00,8.686711540637416,8.789567869060242,8.649309158325195,8.649309158325195,24600,0.0,0.0
2019-02-01 00:00:00-05:00,8.724111596354584,8.789565525009566,8.677358407996927,8.714760780334473,37900,0.0,0.0
2019-02-04 00:00:00-05:00,8.714761201698614,9.013981086609354,8.686709644024868,8.976578712463379,43000,0.0,0.0
2019-02-05 00:00:00-05:00,8.948526263046693,9.0420326442831,8.864370698282514,8.976578712463379,43500,0.0,0.0
2019-02-06 00:00:00-05:00,8.967229879202653,9.172943428373028,8.967229879202653,9.116839408874512,38100,0.0,0.0
2019-02-07 00:00:00-05:00,9.03268233816685,9.182291843203842,9.03268233816685,9.051383972167969,10100,0.0,0.0
2019-02-08 00:00:00-05:00,9.229046282920025,9.266448664230765,9.126189957251274,9.163592338562012,55500,0.0,0.0
2019-02-11 00:00:00-05:00,9.238396644592285,9.275799024054479,9.200994265130092,9.238396644592285,27200,0.0,0.0
2019-02-12 00:00:00-05:00,9.294785499572754,9.369970747805025,9.210201871241734,9.294785499572754,16100,0.05,0.0
2019-02-13 00:00:00-05:00,9.238396803770287,9.322980438405082,9.219600938450846,9.257193565368652,19300,0.0,0.0
2019-02-14 00:00:00-05:00,9.275988741206115,9.294785501407322,9.16321086883545,9.16321086883545,24200,0.0,0.0
2019-02-15 00:00:00-05:00,9.210202148176968,9.529739910911509,9.210202148176968,9.473350524902344,36800,0.0,0.0
2019-02-19 00:00:00-05:00,9.435757899655862,9.567332536157991,9.42635951927452,9.473350524902344,17000,0.0,0.0
2019-02-20 00:00:00-05:00,9.463950466292186,9.492145602436409,9.360570989266217,9.369969367980957,33400,0.0,0.0
2019-02-21 00:00:00-05:00,9.416962304644587,9.416962304644587,9.379368782043457,9.379368782043457,10600,0.0,0.0
2019-02-22 00:00:00-05:00,9.388767162693739,9.416962304644587,9.332378671349865,9.379368782043457,23400,0.0,0.0
2019-02-25 00:00:00-05:00,9.416962453839059,9.557934580711098,9.247795184569469,9.257193565368652,21700,0.0,0.0
2019-02-26 00:00:00-05:00,9.379368397502786,9.379368397502786,9.172609409346855,9.182007789611816,188200,0.0,0.0
2019-02-27 00:00:00-05:00,9.219598957570895,9.313580056533608,9.13501534110934,9.247793197631836,533600,0.0,0.0
2019-02-28 00:00:00-05:00,9.238396564760135,9.341776062039798,9.228998184204102,9.228998184204102,30200,0.0,0.0
2019-03-01 00:00:00-05:00,9.238395086528001,9.294784464562456,9.200802466597949,9.285386085510254,53800,0.0,0.0
2019-03-04 00:00:00-05:00,9.257193565368652,9.407564073039875,9.257193565368652,9.257193565368652,46900,0.0,0.0
2019-03-05 00:00:00-05:00,9.2289967074758,9.341774567265952,9.078626227755594,9.285386085510254,582300,0.0,0.0
2019-03-06 00:00:00-05:00,9.228997656034931,9.398164911246601,9.144414028429095,9.153812408447266,45300,0.0,0.0
2019-03-07 00:00:00-05:00,9.031636236263576,9.21960025316021,9.031636236263576,9.16321086883545,38900,0.0,0.0
2019-03-08 00:00:00-05:00,9.13501534110934,9.351172675374439,9.11621858354956,9.247793197631836,37800,0.0,0.0
2019-03-11 00:00:00-04:00,9.172609785410703,9.398165543344021,9.172609785410703,9.379368782043457,28500,0.0,0.0
2019-03-12 00:00:00-04:00,9.379368583837744,9.398165344741095,9.200803836650376,9.21020221710205,278500,0.0,0.0
2019-03-13 00:00:00-04:00,9.219600353482695,9.379368335537167,9.219600353482695,9.313581466674805,58200,0.0,0.0
2019-03-14 00:00:00-04:00,9.322979927062988,9.379368416207468,9.29478568249075,9.322979927062988,43400,0.0,0.0
2019-03-15 00:00:00-04:00,9.332378307346694,9.369970932202637,9.27598892192334,9.322979927062988,190800,0.0,0.0
2019-03-18 00:00:00-04:00,9.369969704422559,9.388765566248207,9.285386085510254,9.285386085510254,28400,0.0,0.0
2019-03-19 00:00:00-04:00,9.304182362331222,9.304182362331222,9.07862663269043,9.07862663269043,71600,0.0,0.0
2019-03-20 00:00:00-04:00,9.191404738965437,9.191404738965437,8.965849003399384,8.975247383117676,27100,0.0,0.0
2019-03-21 00:00:00-04:00,8.975248873204313,9.135017769825085,8.918859481811523,8.918859481811523,31100,0.0,0.0
2019-03-22 00:00:00-04:00,8.881265873191818,8.965849502810224,8.373764991760254,8.373764991760254,45900,0.0,0.0
2019-03-25 00:00:00-04:00,8.364368147513211,8.627517464933774,8.364368147513211,8.599322319030762,26300,0.0,0.0
2019-03-26 00:00:00-04:00,8.655710076593572,8.909460067749023,8.589923207827134,8.909460067749023,28900,0.0,0.0
2019-03-27 00:00:00-04:00,8.853071896598099,9.022239160953125,8.796682509720124,8.947053909301758,32200,0.0,0.0
2019-03-28 00:00:00-04:00,9.059831630301785,9.078627494750545,8.712099623350342,8.796682357788086,33200,0.0,0.0
2019-03-29 00:00:00-04:00,8.843674422813011,8.890665433982825,8.599321881753175,8.674507141113281,55700,0.0,0.0
2019-04-01 00:00:00-04:00,8.76848837707696,9.14441464016365,8.740294131415185,9.10682201385498,72600,0.0,0.0
2019-04-02 00:00:00-04:00,8.937654760523333,9.135016253213335,8.90945962136846,8.975247383117676,65100,0.0,0.0
2019-04-03 00:00:00-04:00,9.022239080335295,9.022239080335295,8.843673437049688,8.937655448913574,17700,0.0,0.0
2019-04-04 00:00:00-04:00,8.94705445075511,9.041035572867372,8.834275670174069,9.031637191772461,20400,0.0,0.0
2019-04-05 00:00:00-04:00,9.135016624812497,9.247794497183163,8.975247748217672,9.16321086883545,50100,0.0,0.0
2019-04-08 00:00:00-04:00,9.13501678456588,9.228997898378882,9.13501678456588,9.182007789611816,12600,0.0,0.0
2019-04-09 00:00:00-04:00,9.172609782104335,9.219600789059898,9.0880261488401,9.10682201385498,13900,0.0,0.0
2019-04-10 00:00:00-04:00,9.097424767726402,9.191405887819757,9.078628005940372,9.135017395019531,16500,0.0,0.0
2019-04-11 00:00:00-04:00,9.125618686924438,9.257193325872201,9.097424441535239,9.228998184204102,25700,0.0,0.0
2019-04-12 00:00:00-04:00,9.26659035927651,9.304182983392645,9.228997735160375,9.294785499572754,18300,0.0,0.0
2019-04-15 00:00:00-04:00,9.539137276891651,9.539137276891651,9.144414268551968,9.182007789611816,13200,0.0,0.0
2019-04-16 00:00:00-04:00,9.219600938450846,9.304183676806716,9.116220542217688,9.257193565368652,18300,0.0,0.0
2019-04-17 00:00:00-04:00,9.275989888812225,9.454555547700027,9.106822611187775,9.19140625,20700,0.0,0.0
2019-04-18 00:00:00-04:00,9.135015907935271,9.228997012729494,9.012839665051875,9.059830665588379,14400,0.0,0.0
2019-04-22 00:00:00-04:00,8.721497785871982,9.200804466365067,8.721497785871982,9.031637191772461,6000,0.0,0.0
2019-04-23 00:00:00-04:00,9.144414006175218,9.379368128384597,8.824877152844692,8.881265640258789,83200,0.0,0.0
2019-04-24 00:00:00-04:00,8.956450243759198,8.956450243759198,8.740292897080572,8.787283897399902,13900,0.0,0.0
2019-04-25 00:00:00-04:00,8.740294915262615,8.80608179313296,8.618118644732697,8.674507141113281,20600,0.0,0.0
2019-04-26 00:00:00-04:00,8.674506174206249,8.947053829355742,8.646311929158637,8.937655448913574,16200,0.0,0.0
2019-04-29 00:00:00-04:00,8.918857504118485,9.069227986117049,8.918857504118485,9.041033744812012,79200,0.0,0.0
2019-04-30 00:00:00-04:00,9.05983077002643,9.191404497510826,9.022238148419632,9.07862663269043,61100,0.0,0.0
2019-05-01 00:00:00-04:00,9.059832153442356,9.153813273670659,8.994044383375716,9.003442764282227,72500,0.0,0.0
2019-05-02 00:00:00-04:00,9.003442662501783,9.04103528942392,8.900063162535634,8.984646797180176,15500,0.0,0.0
2019-05-03 00:00:00-04:00,8.994044213601564,9.163211481609766,8.994044213601564,9.116220474243164,27500,0.0,0.0
2019-05-06 00:00:00-04:00,9.05043239055503,9.163210255375427,8.928256146263235,9.07862663269043,42300,0.0,0.0
2019-05-07 00:00:00-04:00,9.059734365463095,9.097522584780203,8.955816086634387,8.965263366699219,41800,0.05,0.0
2019-05-08 00:00:00-04:00,8.993604833399655,9.106969486643074,8.974710274054663,9.031393051147461,45600,0.0,0.0
2019-05-09 00:00:00-04:00,9.012497901916504,9.078627053411335,8.927474192313367,9.012497901916504,102900,0.0,0.0
2019-05-10 00:00:00-04:00,8.965263165761153,9.116416039641798,8.955815885908063,9.069181442260742,93700,0.0,0.0
2019-05-13 00:00:00-04:00,8.984156794212495,9.106968716745971,8.880238528484577,8.927474021911621,30100,0.0,0.0
2019-05-14 00:00:00-04:00,8.927474365766033,9.088074509038467,8.927474365766033,9.050286293029785,38800,0.0,0.0
2019-05-15 00:00:00-04:00,8.927474192313367,9.059733396245148,8.927474192313367,9.012497901916504,30000,0.0,0.0
2019-05-16 00:00:00-04:00,9.040839784396518,9.106969843754971,8.955816065894371,9.059734344482422,228400,0.0,0.0
2019-05-17 00:00:00-04:00,8.984157906023228,9.097522563712019,8.984157906023228,9.059734344482422,35900,0.0,0.0
2019-05-20 00:00:00-04:00,9.050287720556689,9.116416883767085,8.833005669469799,8.842452049255371,26000,0.0,0.0
2019-05-21 00:00:00-04:00,8.880238174233867,8.90858000972474,8.833003583633207,8.851897239685059,20400,0.0,0.0
2019-05-22 00:00:00-04:00,8.842452049255371,8.870793891438922,8.842452049255371,8.842452049255371,16000,0.0,0.0
2019-05-23 00:00:00-04:00,8.757428792367277,8.7952170124673,8.625169571546076,8.63461685180664,27800,0.0,0.0
2019-05-24 00:00:00-04:00,8.710192432461433,8.823557081574375,8.69129787380487,8.814109802246094,32700,0.0,0.0
2019-05-28 00:00:00-04:00,8.851899411280396,8.880240352781957,8.738534744331869,8.747982025146484,21000,0.0,0.0
2019-05-29 00:00:00-04:00,8.738535513307202,8.833006527882064,8.681852724373812,8.757430076599121,54900,0.0,0.0
2019-05-30 00:00:00-04:00,8.795216578641947,8.842451175730448,8.568486368283072,8.700745582580566,76300,0.0,0.0
2019-05-31 00:00:00-04:00,8.672404653298072,8.719639250436458,8.615721875412943,8.653510093688965,24200,0.0,0.0
2019-06-03 00:00:00-04:00,8.625169128183552,8.82355749874641,8.625169128183552,8.79521656036377,34000,0.0,0.0
2019-06-04 00:00:00-04:00,8.908580004444891,8.974709152000274,8.833003578398149,8.946368217468262,191800,0.0,0.0
2019-06-05 00:00:00-04:00,8.927474451359036,8.965262667730016,8.814109802246094,8.814109802246094,22700,0.0,0.0
2019-06-06 00:00:00-04:00,8.766874902644165,8.861345900466176,8.747981243645086,8.78576946258545,23400,0.0,0.0
2019-06-07 00:00:00-04:00,8.766874313354492,8.833004367761667,8.729086096954168,8.766874313354492,21300,0.0,0.0
2019-06-10 00:00:00-04:00,8.76687394616533,8.984156857073188,8.76687394616533,8.833003997802734,34500,0.0,0.0
2019-06-11 00:00:00-04:00,8.880240352781957,8.880240352781957,8.681851960386462,8.747982025146484,18600,0.0,0.0
2019-06-12 00:00:00-04:00,8.804662976193852,8.804662976193852,8.596828225924915,8.606274604797363,15000,0.0,0.0
2019-06-13 00:00:00-04:00,8.653510617387667,8.776322559452701,8.653510617387667,8.719639778137207,18400,0.0,0.0
2019-06-14 00:00:00-04:00,8.729086703829735,8.776322202849647,8.672404825759607,8.691298484802246,18600,0.0,0.0
2019-06-17 00:00:00-04:00,8.681851278520412,8.738534058013997,8.577933900548093,8.59682846069336,11800,0.0,0.0
2019-06-18 00:00:00-04:00,9.173099573671157,9.173099573671157,8.45512246263539,8.710193634033203,12700,0.0,0.0
2019-06-19 00:00:00-04:00,8.6629577916461,8.69129873148556,8.587381351446053,8.63461685180664,34900,0.0,0.0
2019-06-20 00:00:00-04:00,8.596829261047667,8.596829261047667,8.474017311496437,8.511805534362793,23300,0.0,0.0
2019-06-21 00:00:00-04:00,8.445673580442483,8.65350921021282,8.40788536602443,8.464568138122559,39200,0.0,0.0
2019-06-24 00:00:00-04:00,9.173097993425602,9.173097993425602,8.030003361256158,8.086686134338379,45300,0.0,0.0
2019-06-25 00:00:00-04:00,8.133922514644071,8.388993698144638,8.07724063004993,8.322864532470703,23800,0.0,0.0
2019-06-26 00:00:00-04:00,8.303969816918201,8.360652601407596,8.218946090655258,8.23784065246582,17300,0.0,0.0
2019-06-27 00:00:00-04:00,8.209497190895952,8.606273901253301,8.209497190895952,8.455121040344238,62700,0.0,0.0
2019-06-28 00:00:00-04:00,8.483462058741097,8.889686052077447,8.483462058741097,8.823556900024414,221800,0.0,0.0
2019-07-01 00:00:00-04:00,8.823558791412045,8.908582519958268,8.766876005400457,8.870794296264648,21700,0.0,0.0
2019-07-02 00:00:00-04:00,8.766875685833428,8.84245213046578,8.700746522015692,8.747982025146484,39600,0.0,0.0
2019-07-03 00:00:00-04:00,8.823557949090146,9.031393610035627,8.766875168489658,8.955816268920898,30700,0.0,0.0
2019-07-05 00:00:00-04:00,8.946369335979353,9.050286709550276,8.918027496961864,9.031393051147461,10700,0.0,0.0
2019-07-08 00:00:00-04:00,8.880239648000174,9.003051586016326,8.880239648000174,8.965263366699219,18100,0.0,0.0
2019-07-09 00:00:00-04:00,8.880238528484577,8.974709515338667,8.84245031393136,8.927474021911621,18900,0.0,0.0
2019-07-10 00:00:00-04:00,8.936923054649318,8.993605838074142,8.814111108014098,8.842452049255371,18500,0.0,0.0
2019-07-11 00:00:00-04:00,8.851897239685059,8.889685452730825,8.757427157541674,8.851897239685059,20300,0.0,0.0
2019-07-12 00:00:00-04:00,8.851897239685059,8.918026387279633,8.833003583633207,8.851897239685059,58600,0.0,0.0
2019-07-15 00:00:00-04:00,8.814109620890516,8.889686052077447,8.785768684430948,8.823556900024414,15200,0.0,0.0
2019-07-16 00:00:00-04:00,8.795217357832474,8.880240180689476,8.710193634033203,8.710193634033203,30500,0.0,0.0
2019-07-17 00:00:00-04:00,8.625169164426644,8.691298321244743,8.587380946110274,8.606274604797363,23600,0.0,0.0
2019-07-18 00:00:00-04:00,8.596828225924915,8.625169164426644,8.577933666295634,8.606274604797363,12600,0.0,0.0
2019-07-19 00:00:00-04:00,8.559041038181311,8.625170202961858,8.502358253410629,8.511805534362793,15100,0.0,0.0
2019-07-22 00:00:00-04:00,8.596827512337628,8.785768588236254,8.47401558776799,8.549592018127441,19700,0.0,0.0
2019-07-23 00:00:00-04:00,8.55904060513063,8.577934265136719,8.502357823227852,8.577934265136719,24800,0.0,0.0
2019-07-24 00:00:00-04:00,8.502358307709565,8.82355865459603,8.502358307709565,8.738534927368164,39000,0.0,0.0
2019-07-25 00:00:00-04:00,8.83300559300168,8.83300559300168,8.644063583849473,8.662958145141602,16600,0.0,0.0
2019-07-26 00:00:00-04:00,8.653510174910135,9.003051422479661,8.653510174910135,8.880239486694336,27500,0.0,0.0
2019-07-29 00:00:00-04:00,8.955816543114823,8.955816543114823,8.785769997991629,8.80466365814209,45800,0.0,0.0
2019-07-30 00:00:00-04:00,8.79521537058744,8.899132731227784,8.785768092090482,8.851897239685059,27700,0.0,0.0
2019-07-31 00:00:00-04:00,8.851897836483982,8.918026988537015,8.804662341756618,8.823556900024414,50800,0.0,0.0
2019-08-01 00:00:00-04:00,8.804663141884712,8.965263297987091,8.691298484802246,8.691298484802246,41900,0.0,0.0
2019-08-02 00:00:00-04:00,8.662957100985906,8.662957100985906,8.417333239447167,8.436227798461914,39100,0.0,0.0
2019-08-05 00:00:00-04:00,8.332310151761963,8.388992932122553,8.209498211765874,8.266180992126465,39400,0.0,0.0
2019-08-06 00:00:00-04:00,8.285183186538417,8.342190818557274,8.142662294251327,8.266180038452148,22100,0.05,0.0
2019-08-07 00:00:00-04:00,8.218674304974531,8.294685096461086,8.171168239885517,8.24717903137207,19100,0.0,0.0
2019-08-08 00:00:00-04:00,8.332691547893075,8.446707737169453,8.294685245347491,8.304186820983887,26600,0.0,0.0
2019-08-09 00:00:00-04:00,8.31368707975959,8.31368707975959,8.190169334411621,8.190169334411621,17600,0.0,0.0
2019-08-12 00:00:00-04:00,8.161665991679282,8.475210707246843,8.161665991679282,8.43720531463623,16200,0.0,0.0
2019-08-13 00:00:00-04:00,8.332691797858878,8.522718785686642,8.3041870700946,8.494214057922363,9900,0.0,0.0
2019-08-14 00:00:00-04:00,8.332690033000539,8.370695422516574,8.275681495666504,8.275681495666504,22800,0.0,0.0
2019-08-15 00:00:00-04:00,8.370695540686677,8.408700930739238,8.266180038452148,8.266180038452148,12500,0.0,0.0
2019-08-16 00:00:00-04:00,8.313687877158925,8.446707209396692,8.266180908065431,8.342191696166992,74800,0.0,0.0
2019-08-19 00:00:00-04:00,8.456208714128092,8.570225813669914,8.104658557881256,8.142663955688477,64500,0.0,0.0
2019-08-20 00:00:00-04:00,8.152165310433341,8.389699266812215,8.133163065105501,8.370697021484375,21200,0.0,0.0
2019-08-21 00:00:00-04:00,8.46570913256418,8.532218343102743,8.380196772660295,8.43720531463623,24600,0.0,0.0
2019-08-22 00:00:00-04:00,8.475210707246843,8.551221492468066,8.370696104097668,8.43720531463623,21100,0.0,0.0
2019-08-23 00:00:00-04:00,8.228175208266906,8.484712288167161,8.085655212402344,8.085655212402344,37100,0.0,0.0
2019-08-26 00:00:00-04:00,8.190170398648617,8.361195130756577,8.133162758692697,8.323189735412598,21400,0.0,0.0
2019-08-27 00:00:00-04:00,8.323188940514475,8.408701298401681,8.161665799198646,8.171167373657227,23400,0.0,0.0
2019-08-28 00:00:00-04:00,8.218674569833418,8.323190091085678,8.218674569833418,8.294685363769531,21000,0.0,0.0
2019-08-29 00:00:00-04:00,8.39920055764047,8.53221898878385,8.38969898223877,8.38969898223877,17200,0.0,0.0
2019-08-30 00:00:00-04:00,8.41820299865501,8.49421379140114,8.332691536405706,8.446707725524902,25700,0.0,0.0
2019-09-03 00:00:00-04:00,8.408701613911726,8.522717793332761,8.332690827631037,8.427703857421875,37100,0.0,0.0
2019-09-04 00:00:00-04:00,8.532219492414654,8.532219492414654,8.275683284266943,8.285184860229492,27900,0.0,0.0
2019-09-05 00:00:00-04:00,8.418201687887262,8.418201687887262,8.266180126065729,8.332690238952637,46100,0.0,0.0
2019-09-06 00:00:00-04:00,8.380196613537015,8.380196613537015,8.209172803096678,8.237676620483398,40500,0.0,0.0
2019-09-09 00:00:00-04:00,8.228175046681379,8.589226722717285,8.180668080286125,8.589226722717285,40200,0.0,0.0
2019-09-10 00:00:00-04:00,8.665238517344909,8.874268650196422,8.646236272242112,8.864767074584961,35700,0.0,0.0
2019-09-11 00:00:00-04:00,8.931275521846771,9.178311029732248,8.779253949646494,9.130804061889648,42300,0.0,0.0
2019-09-12 00:00:00-04:00,9.045292528706288,9.349335670471191,9.007286229865636,9.349335670471191,116800,0.0,0.0
2019-09-13 00:00:00-04:00,9.444348414374351,9.491855380372334,9.282826179773231,9.368337631225586,45300,0.0,0.0
2019-09-16 00:00:00-04:00,9.339834015098846,9.52986097706077,9.178310870901203,9.425346374511719,41400,0.0,0.0
2019-09-17 00:00:00-04:00,9.358837047887235,9.463351649135635,9.263823115028679,9.434847831726074,28400,0.0,0.0
2019-09-18 00:00:00-04:00,9.463351483954135,9.586869232066267,9.320831493273984,9.444348335266113,43300,0.0,0.0
2019-09-19 00:00:00-04:00,9.349335115145525,9.596370606216277,9.31132972468233,9.320831298828125,43300,0.0,0.0
2019-09-20 00:00:00-04:00,9.28282590836493,9.482353528706712,9.206814221318561,9.320831298828125,166600,0.0,0.0
2019-09-23 00:00:00-04:00,9.22581795296584,9.434848066790536,9.22581795296584,9.415844917297363,28600,0.0,0.0
2019-09-24 00:00:00-04:00,9.415844758865353,9.415844758865353,9.216316223144531,9.216316223144531,18800,0.0,0.0
2019-09-25 00:00:00-04:00,9.339833775818125,9.339833775818125,9.159308393109251,9.301828384399414,41600,0.0,0.0
2019-09-26 00:00:00-04:00,9.301827903180333,9.301827903180333,9.178310160929568,9.19731330871582,22900,0.0,0.0
2019-09-27 00:00:00-04:00,9.206813441085169,9.311328935591751,9.083296612137236,9.09279727935791,51100,0.0,0.0
2019-09-30 00:00:00-04:00,9.064293023377665,9.178309179544193,9.035789210865998,9.054791450500488,41500,0.0,0.0
2019-10-01 00:00:00-04:00,9.121303154058088,9.206814606588615,8.978782254267168,9.007286071777344,22200,0.0,0.0
2019-10-02 00:00:00-04:00,8.97878245450589,9.092798633209325,8.874267850557752,9.064294815063477,34700,0.0,0.0
2019-10-03 00:00:00-04:00,8.997785247941948,9.0262890649598,8.769751993439128,8.950278282165527,17500,0.0,0.0
2019-10-04 00:00:00-04:00,9.03579000328482,9.03579000328482,8.912272263408882,8.997784614562988,20900,0.0,0.0
2019-10-07 00:00:00-04:00,9.073795833993493,9.10229965039331,8.940776513927709,9.03579044342041,13200,0.0,0.0
2019-10-08 00:00:00-04:00,8.950278765613715,9.007286402728678,8.84576416015625,8.84576416015625,14300,0.0,0.0
2019-10-09 00:00:00-04:00,8.921774981912055,9.016788012848208,8.902771832052789,8.912273406982422,15200,0.0,0.0
2019-10-10 00:00:00-04:00,8.969280524804093,9.064294456356935,8.940776707786242,8.950278282165527,16000,0.0,0.0
2019-10-11 00:00:00-04:00,9.0547925685652,9.216315702942248,9.01678717848354,9.045291900634766,22600,0.0,0.0
2019-10-14 00:00:00-04:00,9.007285798415072,9.007285798415072,8.931275016614777,8.959779739379883,6500,0.0,0.0
2019-10-15 00:00:00-04:00,8.94077607842027,9.045291576995263,8.83626148596522,8.997784614562988,15200,0.0,0.0
2019-10-16 00:00:00-04:00,8.931274852717209,9.007285633122635,8.931274852717209,8.969280242919922,21100,0.0,0.0
2019-10-17 00:00:00-04:00,8.978781700134277,9.026288663799319,8.950277884383238,8.978781700134277,20100,0.0,0.0
2019-10-18 00:00:00-04:00,8.921773837119327,9.045291576995263,8.874266874687052,8.997784614562988,50500,0.0,0.0
2019-10-21 00:00:00-04:00,9.102298176714195,9.168807372919131,8.950276639034433,9.0737943649292,38400,0.0,0.0
2019-10-22 00:00:00-04:00,9.03579056050244,9.092798194040753,8.91227281300943,9.026288986206055,17500,0.0,0.0
2019-10-23 00:00:00-04:00,8.921774818214192,9.064294815063477,8.741248522343723,9.064294815063477,16900,0.0,0.0
2019-10-24 00:00:00-04:00,8.997785650390824,9.016787893879313,8.902771714588242,8.921774864196777,18600,0.0,0.0
2019-10-25 00:00:00-04:00,8.826760256189745,9.026288781283979,8.826760256189745,8.969280242919922,12200,0.0,0.0
2019-10-28 00:00:00-04:00,9.026289220864141,9.083297762004515,8.931275287670195,9.007286071777344,16200,0.0,0.0
2019-10-29 00:00:00-04:00,9.02628817009592,9.187811294050388,8.978781209029327,9.159307479858398,12800,0.0,0.0
2019-10-30 00:00:00-04:00,9.121303158793387,9.168809219295001,9.016787651001781,9.14980697631836,15000,0.0,0.0
2019-10-31 00:00:00-04:00,9.083297729492188,9.092798397881559,9.01678761404648,9.083297729492188,21900,0.0,0.0
2019-11-01 00:00:00-04:00,9.092799101034023,9.25432225570427,9.092799101034023,9.16880989074707,17200,0.0,0.0
2019-11-04 00:00:00-05:00,9.26382274925947,9.26382274925947,8.97878186805826,9.17831039428711,44700,0.0,0.0
2019-11-05 00:00:00-05:00,9.206962585449219,9.283368838371256,9.140106431016651,9.206962585449219,31500,0.05,0.0
2019-11-06 00:00:00-05:00,9.159209284732295,9.216513524231202,9.121006154788203,9.17831039428711,23600,0.0,0.0
2019-11-07 00:00:00-05:00,9.245166740672289,9.292919970936548,9.178310578800257,9.235615730285645,21100,0.0,0.0
2019-11-08 00:00:00-05:00,9.264268733049756,9.264268733049756,9.19741347564412,9.216514587402344,18400,0.0,0.0
2019-11-11 00:00:00-05:00,9.130557385958426,9.245166778564453,9.130557385958426,9.245166778564453,15600,0.0,0.0
2019-11-12 00:00:00-05:00,9.206964767879422,9.340675286770699,9.206964767879422,9.312023162841797,19900,0.0,0.0
2019-11-13 00:00:00-05:00,9.226064393426292,9.464834179636432,9.226064393426292,9.445733070373535,24800,0.0,0.0
2019-11-14 00:00:00-05:00,9.397979263520677,9.483936535331516,9.216513709512355,9.235615730285645,39300,0.0,0.0
2019-11-15 00:00:00-05:00,9.292920257756945,9.378877532220804,9.24516702601881,9.34067440032959,25400,0.0,0.0
2019-11-18 00:00:00-05:00,9.350226541655289,9.426632814676886,9.273820268633694,9.397980690002441,17500,0.0,0.0
2019-11-19 00:00:00-05:00,9.46483512965969,9.493487251847188,9.417080985457497,9.455284118652344,26400,0.0,0.0
2019-11-20 00:00:00-05:00,9.503037081250012,9.550791219514469,9.254716290942373,9.378876686096191,51400,0.0,0.0
2019-11-21 00:00:00-05:00,9.359776421692452,9.474385817366093,9.321573289801238,9.34067440032959,18200,0.0,0.0
2019-11-22 00:00:00-05:00,9.397978632828073,9.397978632828073,9.350224494934082,9.350224494934082,3800,0.0,0.0
2019-11-25 00:00:00-05:00,9.388428863269999,9.522140284869229,9.340674719067808,9.455284118652344,37500,0.0,0.0
2019-11-26 00:00:00-05:00,9.445733032104705,9.541240399701149,9.426631012084748,9.436182022094727,19400,0.0,0.0
2019-11-27 00:00:00-05:00,9.503038300276437,9.522140322366353,9.388428900240582,9.464835166931152,9900,0.0,0.0
2019-11-29 00:00:00-05:00,9.445732848416787,9.4552829474066,9.216513166807097,9.3693265914917,24000,0.0,0.0
2019-12-02 00:00:00-05:00,9.331124192601695,9.331124192601695,9.226064897989609,9.302471160888672,14100,0.0,0.0
2019-12-03 00:00:00-05:00,9.21651290827119,9.312021182165624,9.20696280954927,9.283369064331055,12500,0.0,0.0
2019-12-04 00:00:00-05:00,9.35977631348022,9.417080555237266,9.292920150317663,9.302471160888672,15200,0.0,0.0
2019-12-05 00:00:00-05:00,9.31202217145968,9.407530455500758,9.302471160888672,9.302471160888672,20000,0.0,0.0
2019-12-06 00:00:00-05:00,9.43618268547488,9.44573369615631,9.312022279119807,9.34067440032959,26000,0.0,0.0
2019-12-09 00:00:00-05:00,9.283370050581157,9.340674292338203,9.13055752478303,9.302471160888672,118300,0.0,0.0
2019-12-10 00:00:00-05:00,9.283369175921859,9.359775431622086,9.216513019058349,9.321572303771973,40400,0.0,0.0
2019-12-11 00:00:00-05:00,9.292920112609863,9.31202213367437,9.216513850020833,9.292920112609863,16100,0.0,0.0
2019-12-12 00:00:00-05:00,9.245166520832896,9.483936309814453,9.245166520832896,9.483936309814453,28000,0.0,0.0
2019-12-13 00:00:00-05:00,9.417080884677535,9.445733917392936,9.30247148631953,9.407530784606934,30100,0.0,0.0
2019-12-16 00:00:00-05:00,9.455282942985553,9.483935972444886,9.30247042920683,9.378876686096191,109800,0.0,0.0
2019-12-17 00:00:00-05:00,9.350224895435032,9.503037414573729,9.350224895435032,9.493486404418945,21800,0.0,0.0
2019-12-18 00:00:00-05:00,9.512589311321394,9.512589311321394,9.455284155886194,9.464835166931152,37200,0.0,0.0
2019-12-19 00:00:00-05:00,9.48393619973378,9.503037308996676,9.426631050276187,9.445733070373535,55400,0.0,0.0
2019-12-20 00:00:00-05:00,9.445733142006786,9.493486370943398,9.302470722693577,9.474385261535645,141200,0.0,0.0
2019-12-23 00:00:00-05:00,9.43618269077633,9.43618269077633,9.292920262977908,9.331124305725098,20700,0.0,0.0
2019-12-24 00:00:00-05:00,9.312022279119807,9.407530564265096,9.312022279119807,9.34067440032959,8700,0.0,0.0
2019-12-26 00:00:00-05:00,9.369327181596272,9.369327181596272,9.226064757712873,9.245166778564453,14500,0.0,0.0
2019-12-27 00:00:00-05:00,9.302470794314027,9.302470794314027,9.140107264343017,9.17831039428711,22500,0.0,0.0
2019-12-30 00:00:00-05:00,9.159210341293104,9.292920856104375,9.159210341293104,9.216514587402344,17000,0.0,0.0
2019-12-31 00:00:00-05:00,9.235614663469622,9.34067303308386,9.178309518603616,9.19741153717041,15900,0.0,0.0
2020-01-02 00:00:00-05:00,9.197413301542772,9.245167446286228,9.063701878428006,9.149659156799316,14800,0.0,0.0
2020-01-03 00:00:00-05:00,9.044600630452756,9.1401080076629,9.00639749740179,9.092354774475098,22000,0.0,0.0
2020-01-06 00:00:00-05:00,8.987295332672097,9.121006751643385,8.863134924520443,9.044600486755371,30600,0.0,0.0
2020-01-07 00:00:00-05:00,9.054151327289713,9.054151327289713,8.929991819817436,8.977745056152344,9900,0.0,0.0
2020-01-08 00:00:00-05:00,8.94909220022809,9.073252608379745,8.94909220022809,9.044600486755371,8900,0.0,0.0
2020-01-09 00:00:00-05:00,9.101904874611934,9.101904874611934,9.03504961948138,9.092354774475098,12600,0.0,0.0
2020-01-10 00:00:00-05:00,9.054150403471976,9.054150403471976,8.929990908668003,8.987295150756836,26200,0.0,0.0
2020-01-13 00:00:00-05:00,8.958642228295902,9.035048484802246,8.939540208752105,9.035048484802246,9000,0.0,0.0
2020-01-14 00:00:00-05:00,9.006396064692618,9.054149290283988,8.929989810745155,8.939539909362793,21700,0.0,0.0
2020-01-15 00:00:00-05:00,8.88223767264793,8.977745056152344,8.88223767264793,8.977745056152344,15300,0.0,0.0
2020-01-16 00:00:00-05:00,9.063700714354223,9.130556872742378,9.054149704465281,9.073251724243164,15300,0.0,0.0
2020-01-17 00:00:00-05:00,9.159208572587547,9.159208572587547,8.929989810745155,8.939539909362793,30700,0.0,0.0
2020-01-21 00:00:00-05:00,8.891788476727172,8.958643734703415,8.872686453971344,8.901338577270508,22900,0.0,0.0
2020-01-22 00:00:00-05:00,8.767627889997597,8.91088941452865,8.719873744875725,8.83448314666748,13800,0.0,0.0
2020-01-23 00:00:00-05:00,8.796279869984039,8.863135125568943,8.691221481088538,8.786728858947754,56800,0.0,0.0
2020-01-24 00:00:00-05:00,8.748526747105634,8.882238184721992,8.605265208172478,8.805831909179688,27400,0.0,0.0
2020-01-27 00:00:00-05:00,8.738975458453384,8.796280618714304,8.691222220876343,8.710323333740234,29700,0.0,0.0
2020-01-28 00:00:00-05:00,8.719873566363473,8.777177810668945,8.633916289070724,8.777177810668945,13800,0.0,0.0
2020-01-29 00:00:00-05:00,8.786729328918884,8.786729328918884,8.576611629054884,8.605264663696289,18500,0.0,0.0
2020-01-30 00:00:00-05:00,8.557509887324889,8.73897453919937,8.557509887324889,8.719873428344727,16900,0.0,0.0
2020-01-31 00:00:00-05:00,8.653018699420644,8.748526081161103,8.547959395421183,8.576611518859863,53500,0.0,0.0
2020-02-03 00:00:00-05:00,8.653018174101685,8.815380804286997,8.653018174101685,8.719873428344727,30200,0.0,0.0
2020-02-04 00:00:00-05:00,8.815380981222065,8.882237147641513,8.767627747709728,8.786728858947754,33200,0.0,0.0
2020-02-05 00:00:00-05:00,8.882236696851297,8.958642959594727,8.853584576031137,8.958642959594727,18300,0.0,0.0
2020-02-06 00:00:00-05:00,9.006397558609583,9.006397558609583,8.786728858947754,8.786728858947754,34300,0.0,0.0
2020-02-07 00:00:00-05:00,8.767627747709728,8.939541392190133,8.738974714600873,8.786728858947754,37400,0.0,0.0
2020-02-10 00:00:00-05:00,8.805831128643499,8.882237397413261,8.758076982953755,8.872686386108398,12400,0.0,0.0
2020-02-11 00:00:00-05:00,8.872685613513108,9.01672327065445,8.872685613513108,8.920698165893555,38000,0.05,0.0
2020-02-12 00:00:00-05:00,9.00712124178721,9.035928409036256,8.834276406766268,8.93990421295166,12600,0.0,0.0
2020-02-13 00:00:00-05:00,8.997515870227462,9.045528411865234,8.930298861392417,9.045528411865234,14700,0.0,0.0
2020-02-14 00:00:00-05:00,9.064735085336293,9.064735085336293,8.949505506817648,9.026325225830078,31000,0.0,0.0
2020-02-18 00:00:00-05:00,9.055131103345401,9.074335570542672,8.987913178747293,9.045528411865234,18900,0.0,0.0
2020-02-19 00:00:00-05:00,9.06473445892334,9.151156865780978,9.045529988378988,9.06473445892334,36100,0.0,0.0
2020-02-20 00:00:00-05:00,9.007119514348094,9.141554461999796,9.007119514348094,9.103143692016602,14300,0.0,0.0
2020-02-21 00:00:00-05:00,9.131952395236626,9.151156865780978,9.035927295225202,9.06473445892334,27500,0.0,0.0
2020-02-24 00:00:00-05:00,8.805467831105384,9.055132349366142,8.805467831105384,8.968709945678711,25500,0.0,0.0
2020-02-25 00:00:00-05:00,9.026325965983483,9.026325965983483,8.690239896686066,8.747854232788086,37600,0.0,0.0
2020-02-26 00:00:00-05:00,8.882288902520056,8.959108625172677,8.728649457214814,8.824673652648926,46100,0.0,0.0
2020-02-27 00:00:00-05:00,8.709444053551245,8.949505915364792,8.632624331031977,8.651829719543457,49300,0.0,0.0
2020-02-28 00:00:00-05:00,8.546201712100514,8.651829514888428,8.286935383671638,8.488587379455566,207900,0.0,0.0
2020-03-02 00:00:00-05:00,8.603817164028083,8.651829719543457,8.478984885993437,8.651829719543457,222900,0.0,0.0
2020-03-03 00:00:00-05:00,8.594213220761462,8.69023831783673,8.171704808309311,8.258127212524414,68200,0.0,0.0
2020-03-04 00:00:00-05:00,8.286936086778763,8.286936086778763,7.9028365349157665,8.152501106262207,83900,0.0,0.0
2020-03-05 00:00:00-05:00,7.902835550099394,8.066077679040065,7.71078625598192,7.95084810256958,39800,0.0,0.0
2020-03-06 00:00:00-05:00,7.691581377556997,7.9988602318894975,7.5667491140436125,7.624363899230957,35500,0.0,0.0
2020-03-09 00:00:00-04:00,7.3362897682648915,7.3362897682648915,6.913780871113917,6.961793422698975,63500,0.0,0.0
2020-03-10 00:00:00-04:00,7.134637853150936,7.144240546713377,6.568092211534252,6.6929240226745605,556000,0.0,0.0
2020-03-11 00:00:00-04:00,6.481669705511581,6.66411675957548,6.308825344868657,6.347235202789307,86200,0.0,0.0
2020-03-12 00:00:00-04:00,6.1071733040470715,6.347235142720036,5.703869341815432,5.7326765060424805,103100,0.0,0.0
2020-03-13 00:00:00-04:00,5.991942980669829,6.606501587314116,5.915123269309692,6.222402572631836,122000,0.0,0.0
2020-03-16 00:00:00-04:00,4.484355219672037,6.798551197957297,4.273100545226121,5.7326765060424805,65000,0.0,0.0
2020-03-17 00:00:00-04:00,5.982341304803912,7.547544672637157,5.732676761668068,7.125035762786865,109200,0.0,0.0
2020-03-18 00:00:00-04:00,6.808153701138432,7.384302006285635,6.54888694092811,6.596899032592773,102000,0.0,0.0
2020-03-19 00:00:00-04:00,6.673718888441495,7.134637634003549,6.270415386721112,6.971395969390869,179100,0.0,0.0
2020-03-20 00:00:00-04:00,6.96179371312008,7.000203572837798,5.713471898649338,6.299222946166992,105200,0.0,0.0
2020-03-23 00:00:00-04:00,6.433656749856745,6.433656749856745,5.185335530121195,5.3101677894592285,71600,0.0,0.0
2020-03-24 00:00:00-04:00,5.386988162722365,7.029011290087569,5.386988162722365,6.587297439575195,86100,0.0,0.0
2020-03-25 00:00:00-04:00,6.6737189587364645,7.163445331377693,6.039955848618754,6.260812759399414,70000,0.0,0.0
2020-03-26 00:00:00-04:00,6.481669991224844,6.817756491786099,5.98234135836427,6.769744396209717,71800,0.0,0.0
2020-03-27 00:00:00-04:00,6.731333781917986,6.7601409444577945,6.068763091041663,6.078365325927734,43600,0.0,0.0
2020-03-30 00:00:00-04:00,6.203197990438624,6.414452208450243,6.020750936851415,6.289620399475098,37800,0.0,0.0
2020-03-31 00:00:00-04:00,6.174390432357401,6.510477378603322,5.771086921049227,6.491272449493408,79900,0.0,0.0
2020-04-01 00:00:00-04:00,6.126378056495491,6.270415247129898,5.300565227022283,5.684664249420166,61600,0.0,0.0
2020-04-02 00:00:00-04:00,5.675061630661744,5.972738250999706,5.233347817803707,5.473409652709961,58200,0.0,0.0
2020-04-03 00:00:00-04:00,5.358180294719974,5.521422422202679,5.022093804075268,5.137323379516602,53000,0.0,0.0
2020-04-06 00:00:00-04:00,5.319770881696114,5.723074887393497,5.319770881696114,5.63665246963501,82700,0.0,0.0
2020-04-07 00:00:00-04:00,5.742279455243239,5.857509033049196,5.31977054540642,5.483012676239014,50200,0.0,0.0
2020-04-08 00:00:00-04:00,5.579037681162072,5.8383044767451056,5.137323813445545,5.607845306396484,63900,0.0,0.0
2020-04-09 00:00:00-04:00,5.761483892671029,6.011148414469941,5.473409514884836,5.953533172607422,95100,0.0,0.0
2020-04-13 00:00:00-04:00,5.8863164610257215,5.8863164610257215,5.338975297795766,5.434999942779541,48700,0.0,0.0
2020-04-14 00:00:00-04:00,5.617446981426928,5.617446981426928,5.185335851271636,5.348577976226807,94800,0.0,0.0
2020-04-15 00:00:00-04:00,5.089311287031534,5.281360579496953,4.95487632442411,5.108516216278076,49900,0.0,0.0
2020-04-16 00:00:00-04:00,5.070105949274097,5.1181180395811845,4.753223955415671,4.8684539794921875,57400,0.0,0.0
2020-04-17 00:00:00-04:00,4.993285949568059,5.396589902779635,4.993285949568059,5.358180046081543,94100,0.0,0.0
2020-04-20 00:00:00-04:00,5.194937792936558,5.3389749808010105,4.87805625436372,5.012490749359131,39600,0.0,0.0
2020-04-21 00:00:00-04:00,4.8876588049685745,5.0509009159380565,4.868453877671082,5.022093296051025,44900,0.0,0.0
2020-04-22 00:00:00-04:00,5.012491096707592,5.146926058900482,4.9644790026801,5.050901412963867,52500,0.0,0.0
2020-04-23 00:00:00-04:00,5.079708739786449,5.25255310798404,5.00288902058752,5.098913669586182,63700,0.0,0.0
2020-04-24 00:00:00-04:00,5.118118355083732,5.3005654084133,5.089311190700003,5.290963172912598,32600,0.0,0.0
2020-04-27 00:00:00-04:00,5.40619268412678,5.723074235998513,5.40619268412678,5.6174468994140625,43100,0.0,0.0
2020-04-28 00:00:00-04:00,5.828701440054573,5.838303675226677,5.540627058785759,5.684664249420166,36100,0.0,0.0
2020-04-29 00:00:00-04:00,6.712128957255,6.712128957255,5.982341187549583,6.1935954093933105,97000,0.0,0.0
2020-04-30 00:00:00-04:00,6.059160618065796,6.097570474766561,5.6846642862925325,5.771086692810059,60300,0.0,0.0
2020-05-01 00:00:00-04:00,5.7038695653475,5.7038695653475,5.281360657779355,5.367783069610596,92800,0.0,0.0
2020-05-04 00:00:00-04:00,5.290963483540051,5.521422643666415,5.214143305616282,5.300565719604492,37100,0.0,0.0
2020-05-05 00:00:00-04:00,5.38698748525093,5.406192412950084,4.8684539794921875,4.8684539794921875,69400,0.0,0.0
2020-05-06 00:00:00-04:00,4.878056379416858,5.070106120786686,4.7436218809751045,4.916466236114502,68700,0.0,0.0
2020-05-07 00:00:00-04:00,5.012491063281294,5.079708543929493,4.868454324277709,4.964478969573975,59200,0.0,0.0
2020-05-08 00:00:00-04:00,5.108516713058831,5.3005660242002,5.060504156332652,5.223746299743652,65000,0.0,0.0
2020-05-11 00:00:00-04:00,5.108516476227601,5.137323642622467,4.87805685566041,4.887659549713135,65300,0.0,0.0
2020-05-12 00:00:00-04:00,4.916752518528317,4.916752518528317,4.480354103317436,4.5191450119018555,57600,0.05,0.0
2020-05-13 00:00:00-04:00,4.509447419994429,5.091311498801173,4.470656512235586,5.081613540649414,117800,0.0,0.0
2020-05-14 00:00:00-04:00,4.907055040438417,4.955543912126747,4.616123197580893,4.703402519226074,60400,0.0,0.0
2020-05-15 00:00:00-04:00,4.732495179781649,4.800379034407286,4.645215409635455,4.664610862731934,41700,0.0,0.0
2020-05-18 00:00:00-04:00,4.848868019761202,5.2076841422417495,4.67430893752247,5.188288688659668,74600,0.0,0.0
2020-05-19 00:00:00-04:00,5.1204050246956285,5.1204050246956285,4.761588426311122,4.790681838989258,39600,0.0,0.0
2020-05-20 00:00:00-04:00,4.92645012843808,5.1785915024943225,4.916752632279672,5.130102634429932,39900,0.0,0.0
2020-05-21 00:00:00-04:00,5.042822914863702,5.246475423197055,5.033125418593797,5.120405197143555,20300,0.0,0.0
2020-05-22 00:00:00-04:00,5.159196348880907,5.159196348880907,4.936148375129451,4.9846367835998535,21800,0.0,0.0
2020-05-26 00:00:00-04:00,5.236777890109024,5.401639487355422,5.178591525626316,5.304661750793457,33900,0.0,0.0
2020-05-27 00:00:00-04:00,5.508314504879287,5.935014992658013,5.411337226389609,5.886526584625244,48900,0.0,0.0
2020-05-28 00:00:00-04:00,6.012596720283295,6.012596720283295,5.634385108947754,5.634385108947754,50400,0.0,0.0
2020-05-29 00:00:00-04:00,5.63438498489983,5.63438498489983,5.05252087355773,5.120405197143555,62500,0.0,0.0
2020-06-01 00:00:00-04:00,5.159196388951386,5.479221644553367,5.081614102432717,5.3337554931640625,209300,0.0,0.0
2020-06-02 00:00:00-04:00,5.353150203938071,5.353150203938071,5.062217941662186,5.110706806182861,42700,0.0,0.0
2020-06-03 00:00:00-04:00,5.110706672126641,5.566500044484166,5.110706672126641,5.411336421966553,66400,0.0,0.0
2020-06-04 00:00:00-04:00,5.324057658106303,5.605292470644045,5.28526674515437,5.576199054718018,120000,0.0,0.0
2020-06-05 00:00:00-04:00,6.002898925635403,6.25503983319386,5.964108016780256,6.138667106628418,60100,0.0,0.0
2020-06-08 00:00:00-04:00,6.352017652681688,6.642949472985022,6.21624900744935,6.575065612792969,53800,0.0,0.0
2020-06-09 00:00:00-04:00,6.439297242944334,6.526577023980009,6.0804810846796595,6.342319965362549,49500,0.0,0.0
2020-06-10 00:00:00-04:00,6.313226740145384,6.400506054980605,5.935014680304336,5.9447126388549805,63400,0.0,0.0
2020-06-11 00:00:00-04:00,5.634385118660288,5.7022694438576895,5.188289181475386,5.275568962097168,63200,0.0,0.0
2020-06-12 00:00:00-04:00,5.576198558873384,5.702269245968831,5.256173324265031,5.488918781280518,89500,0.0,0.0
2020-06-15 00:00:00-04:00,5.343453244293505,5.411337106520483,5.149498229186398,5.372546195983887,52900,0.0,0.0
2020-06-16 00:00:00-04:00,5.614989967669949,5.692571793573813,5.28526674515437,5.576199054718018,48200,0.0,0.0
2020-06-17 00:00:00-04:00,5.440430141575035,5.45012763732145,5.314359459902963,5.353150367736816,32000,0.0,0.0
2020-06-18 00:00:00-04:00,5.246475547748529,5.401639653567713,5.246475547748529,5.275568962097168,38600,0.0,0.0
2020-06-19 00:00:00-04:00,5.333754787401489,5.411336601230384,5.159195706286475,5.285265922546387,129900,0.0,0.0
2020-06-22 00:00:00-04:00,5.197986702354993,5.469523055413423,5.197986702354993,5.450127601623535,30700,0.0,0.0
2020-06-23 00:00:00-04:00,5.556803018037325,5.556803018037325,5.314359606190014,5.324057102203369,35800,0.0,0.0
2020-06-24 00:00:00-04:00,5.294964601688633,5.3434534731481715,5.033125713140257,5.06221866607666,50700,0.0,0.0
2020-06-25 00:00:00-04:00,5.013729924294674,5.217382431030273,4.9749390146711425,5.217382431030273,38700,0.0,0.0
2020-06-26 00:00:00-04:00,5.120405433314484,5.634385244777298,4.916752915587967,5.430732727050781,220000,0.0,0.0
2020-06-29 00:00:00-04:00,5.547105125135737,5.692571266447545,5.401639446248045,5.673175811767578,54100,0.0,0.0
2020-06-30 00:00:00-04:00,5.6440826930672605,5.808943821730857,5.585896330758208,5.614989280700684,66500,0.0,0.0
2020-07-01 00:00:00-04:00,5.624687576895886,5.653780528586268,5.372546195983887,5.372546195983887,34600,0.0,0.0
2020-07-02 00:00:00-04:00,5.537407279914382,5.566500228888175,5.285265922546387,5.285265922546387,16000,0.0,0.0
2020-07-06 00:00:00-04:00,5.469522909309047,5.6052915446356435,5.236777470047595,5.479220867156982,27900,0.0,0.0
2020-07-07 00:00:00-04:00,5.411336872299351,5.4404302851546005,5.2367777824401855,5.2367777824401855,35900,0.0,0.0
2020-07-08 00:00:00-04:00,5.23677786671712,5.45012786886738,5.081613766365542,5.130102634429932,34500,0.0,0.0
2020-07-09 00:00:00-04:00,5.101009981261937,5.197987260626887,4.955543831002441,4.9846367835998535,51600,0.0,0.0
2020-07-10 00:00:00-04:00,5.372545896002028,5.382243854306746,5.042822712427285,5.159195899963379,28900,0.0,0.0
2020-07-13 00:00:00-04:00,5.265870432770489,5.285265886093942,5.110706806182861,5.110706806182861,27000,0.0,0.0
2020-07-14 00:00:00-04:00,5.130102557695165,5.353150515091655,4.994334376539422,5.324057102203369,29700,0.0,0.0
2020-07-15 00:00:00-04:00,5.498617204366131,5.935015204347125,5.498617204366131,5.84773588180542,90700,0.0,0.0
2020-07-16 00:00:00-04:00,5.760455610222703,5.760455610222703,5.362848556609188,5.488918781280518,26700,0.0,0.0
2020-07-17 00:00:00-04:00,5.4113369593855145,5.45012786886738,5.091311724948066,5.130102634429932,55500,0.0,0.0
2020-07-20 00:00:00-04:00,5.0428228184693324,5.265870777503021,5.0428228184693324,5.22707986831665,37800,0.0,0.0
2020-07-21 00:00:00-04:00,5.2949643338108645,5.576198664230288,5.256173423575366,5.4695234298706055,23700,0.0,0.0
2020-07-22 00:00:00-04:00,5.469523055413423,5.498616467310302,5.217382156144881,5.450127601623535,20100,0.0,0.0
2020-07-23 00:00:00-04:00,5.401639653567713,5.5083144271897435,5.236778051248406,5.275568962097168,12400,0.0,0.0
2020-07-24 00:00:00-04:00,5.3240573071926525,5.3240573071926525,5.101009803632396,5.197987079620361,31200,0.0,0.0
2020-07-27 00:00:00-04:00,5.168893395843993,5.217382262519374,5.091311579102666,5.159195899963379,19100,0.0,0.0
2020-07-28 00:00:00-04:00,5.101009723885581,5.139800633674328,5.033125400543213,5.033125400543213,16700,0.0,0.0
2020-07-29 00:00:00-04:00,5.091311352859408,5.207684072800129,4.965240675044919,5.110706806182861,36200,0.0,0.0
2020-07-30 00:00:00-04:00,5.01372986195775,5.139800547878819,4.8197748538274645,4.8682637214660645,50200,0.0,0.0
2020-07-31 00:00:00-04:00,4.848868637606217,4.926450461820052,4.780984310207036,4.887659549713135,69300,0.0,0.0
2020-08-03 00:00:00-04:00,4.955543415230614,4.994334323722023,4.877961598247795,4.974938869476318,31400,0.0,0.0
2020-08-04 00:00:00-04:00,4.945845767228557,4.984636678153947,4.858566448858497,4.916752815246582,23300,0.0,0.0
2020-08-05 00:00:00-04:00,5.004032090273886,5.023427545568586,4.907054813800386,5.013730049133301,23000,0.0,0.0
2020-08-06 00:00:00-04:00,4.97493912181876,5.004032073450938,4.916752756130276,4.926450252532959,11600,0.0,0.0
2020-08-07 00:00:00-04:00,4.8779617043666414,5.130102615046063,4.8779617043666414,5.04282283782959,29300,0.0,0.0
2020-08-10 00:00:00-04:00,5.091311420749261,5.324056863734237,5.091311420749261,5.188288688659668,40000,0.0,0.0
2020-08-11 00:00:00-04:00,5.2763921350379475,5.2763921350379475,4.9827156656254195,5.031661510467529,35400,0.05,0.0
2020-08-12 00:00:00-04:00,5.051239589853982,5.158921187863303,5.051239589853982,5.11976432800293,22500,0.0,0.0
2020-08-13 00:00:00-04:00,5.0708179113623455,5.100185789022991,4.9141904752697885,5.041450500488281,23200,0.0,0.0
2020-08-14 00:00:00-04:00,5.031661060963904,5.119764227310274,4.963136790949243,5.051239490509033,15000,0.0,0.0
2020-08-17 00:00:00-04:00,5.100185761229121,5.100185761229121,4.9925041661090175,5.021872043609619,20700,0.0,0.0
2020-08-18 00:00:00-04:00,5.051239775659209,5.061029224377693,4.87503389980596,4.904401779174805,32200,0.0,0.0
2020-08-19 00:00:00-04:00,4.972925681864523,5.0903962569983525,4.933768823486579,4.982715129852295,35300,0.0,0.0
2020-08-20 00:00:00-04:00,4.904401448821275,5.012082576751709,4.904401448821275,5.012082576751709,27300,0.0,0.0
2020-08-21 00:00:00-04:00,5.021872290061319,5.021872290061319,4.816298537828171,4.85545539855957,57700,0.0,0.0
2020-08-24 00:00:00-04:00,4.943558280207438,5.041450426325229,4.8456656673030745,4.992504119873047,90300,0.0,0.0
2020-08-25 00:00:00-04:00,5.051239407543721,5.080607284772345,4.972925690649489,4.992504119873047,26200,0.0,0.0
2020-08-26 00:00:00-04:00,5.031661398400317,5.119764570655117,4.9141908132516585,4.943558692932129,41100,0.0,0.0
2020-08-27 00:00:00-04:00,4.992504570823533,5.031661432807512,4.943558726736866,4.972926139831543,61200,0.0,0.0
2020-08-28 00:00:00-04:00,4.992504228785041,5.070817947387695,4.92397995840101,5.070817947387695,20300,0.0,0.0
2020-08-31 00:00:00-04:00,5.031661006083295,5.090396294078052,4.943558307484447,5.012082576751709,50900,0.0,0.0
2020-09-01 00:00:00-04:00,5.0022935271135776,5.30575941099902,4.982715098049567,5.2959699630737305,31100,0.0,0.0
2020-09-02 00:00:00-04:00,5.158921013417666,5.374283735367363,4.992504131245068,5.335126876831055,32100,0.0,0.0
2020-09-03 00:00:00-04:00,5.3449163797776835,5.4721764047215755,5.2763916432417615,5.374283790588379,39600,0.0,0.0
2020-09-04 00:00:00-04:00,5.472177003388587,5.521122849023378,5.393863276943615,5.452598571777344,38500,0.0,0.0
2020-09-08 00:00:00-04:00,5.344916248399872,5.726695847060843,5.227445674471352,5.609225273132324,70300,0.0,0.0
2020-09-09 00:00:00-04:00,5.609225328526778,5.687539045252519,5.442808447091292,5.648382186889648,39000,0.0,0.0
2020-09-10 00:00:00-04:00,5.491754903572492,5.775642367857542,5.491754903572492,5.756063938140869,39700,0.0,0.0
2020-09-11 00:00:00-04:00,5.746274608626938,5.775642487202081,5.501543998718262,5.501543998718262,35600,0.0,0.0
2020-09-14 00:00:00-04:00,5.413441425909212,5.716907333432281,5.413441425909212,5.599436283111572,20800,0.0,0.0
2020-09-15 00:00:00-04:00,5.746274636475541,5.746274636475541,5.521122455596924,5.521122455596924,26500,0.0,0.0
2020-09-16 00:00:00-04:00,5.481966018676758,5.560279745591384,5.433020172748433,5.481966018676758,29000,0.0,0.0
2020-09-17 00:00:00-04:00,5.403651819988635,5.873534607239238,5.149132229737296,5.824588298797607,44700,0.0,0.0
2020-09-18 00:00:00-04:00,5.912691551662137,6.597937078905039,5.893113121363386,6.22594690322876,125800,0.0,0.0
2020-09-21 00:00:00-04:00,5.9714267793313285,6.0007946578618,5.481965560258488,5.49175500869751,41000,0.0,0.0
2020-09-22 00:00:00-04:00,5.599435934216838,5.746274387878426,5.325337923049346,5.354705333709717,42000,0.0,0.0
2020-09-23 00:00:00-04:00,5.276391948643317,5.4428088421581915,5.2470245361328125,5.2470245361328125,39700,0.0,0.0
2020-09-24 00:00:00-04:00,5.2078676305716485,5.442808795801078,5.2078676305716485,5.21765661239624,22900,0.0,0.0
2020-09-25 00:00:00-04:00,5.198078557266854,5.2861817339823265,5.119764829869382,5.13934326171875,50600,0.0,0.0
2020-09-28 00:00:00-04:00,5.129553062744352,5.677750007983911,5.129553062744352,5.609225273132324,48700,0.0,0.0
2020-09-29 00:00:00-04:00,5.462387586948101,5.521122882134071,5.384073860033475,5.481966018676758,23900,0.0,0.0
2020-09-30 00:00:00-04:00,5.442808726529744,5.5896471863226065,5.442808726529744,5.511333465576172,30900,0.0,0.0
2020-10-01 00:00:00-04:00,5.462387191234272,5.599436203406572,5.462387191234272,5.540700912475586,38000,0.0,0.0
2020-10-02 00:00:00-04:00,5.501543761519607,5.785431219430958,5.4917547802743405,5.6679606437683105,61300,0.0,0.0
2020-10-05 00:00:00-04:00,5.873534214644707,6.235735379185689,5.85395578593402,6.2063679695129395,38300,0.0,0.0
2020-10-06 00:00:00-04:00,6.304260736149652,6.754565107787956,6.225947013566748,6.656672954559326,122800,0.0,0.0
2020-10-07 00:00:00-04:00,6.783932360853226,7.028662971563773,6.783932360853226,6.891613960266113,58600,0.0,0.0
2020-10-08 00:00:00-04:00,6.969927571779953,6.969927571779953,6.666461675268963,6.813300132751465,58600,0.0,0.0
2020-10-09 00:00:00-04:00,6.7545647621154785,6.813300051046811,6.480466280316007,6.7545647621154785,28600,0.0,0.0
2020-10-12 00:00:00-04:00,6.754564816271301,6.8524569652750555,6.70561850837613,6.793721675872803,17700,0.0,0.0
2020-10-13 00:00:00-04:00,6.705618372788641,6.842667378622769,6.637094103264865,6.695829391479492,42900,0.0,0.0
2020-10-14 00:00:00-04:00,6.686040393406012,6.803510977741944,6.646883531960701,6.676251411437988,14500,0.0,0.0
2020-10-15 00:00:00-04:00,6.568569420544369,6.842667434448862,6.568569420544369,6.734986305236816,25700,0.0,0.0
2020-10-16 00:00:00-04:00,6.676251016542996,6.783932145755042,6.637094157413783,6.734986305236816,26300,0.0,0.0
2020-10-19 00:00:00-04:00,6.744775632413247,6.803510924118275,6.637094497680664,6.637094497680664,9400,0.0,0.0
2020-10-20 00:00:00-04:00,6.774143484726015,6.774143484726015,6.568569731182446,6.617516040802002,17600,0.0,0.0
2020-10-21 00:00:00-04:00,6.646883434817129,6.744775586999721,6.607726573944092,6.607726573944092,49700,0.0,0.0
2020-10-22 00:00:00-04:00,6.656672532669741,6.8524568267184955,6.637094103264865,6.695829391479492,99100,0.0,0.0
2020-10-23 00:00:00-04:00,6.764353394029649,6.764353394029649,6.519622802734375,6.519622802734375,84200,0.0,0.0
2020-10-26 00:00:00-04:00,6.460888175774899,6.490256055111607,6.304260730743408,6.304260730743408,19400,0.0,0.0
2020-10-27 00:00:00-04:00,6.2553144574318615,6.2944713189191805,5.6190147580830105,5.6288042068481445,50400,0.0,0.0
2020-10-28 00:00:00-04:00,5.63859344017483,5.67775030016605,5.423230243436526,5.472176551818848,55500,0.0,0.0
2020-10-29 00:00:00-04:00,5.4330194122395445,5.62880370212041,5.393862554263372,5.609225273132324,86800,0.0,0.0
2020-10-30 00:00:00-04:00,5.6385931968688965,5.736485342622891,5.56027901347913,5.6385931968688965,95300,0.0,0.0
2020-11-02 00:00:00-05:00,5.707117974433152,5.7658532671232425,5.599436371108014,5.658172130584717,141500,0.0,0.0
2020-11-03 00:00:00-05:00,5.707118110904186,5.873535010898846,5.5798580736392545,5.765853404998779,93000,0.0,0.0
2020-11-04 00:00:00-05:00,5.677750517100598,5.726696360566443,5.472176760898868,5.6288042068481445,61300,0.0,0.0
2020-11-05 00:00:00-05:00,5.63859325194217,5.726695950587996,5.589646945193819,5.677750110626221,36200,0.0,0.0
2020-11-06 00:00:00-05:00,5.736485543839715,5.805009814877828,5.589647086664834,5.785431385040283,43600,0.0,0.0
2020-11-09 00:00:00-05:00,6.180341783281328,6.585124386388779,6.170468807220459,6.170468807220459,86600,0.05,0.0
2020-11-10 00:00:00-05:00,6.2494508032584575,6.644360905537558,6.012505024352646,6.446906089782715,71000,0.0,0.0
2020-11-11 00:00:00-05:00,6.417287593480419,6.496269519307842,6.14085038231503,6.308687210083008,33400,0.0,0.0
2020-11-12 00:00:00-05:00,6.298814806028969,6.545633563593401,6.081614035741394,6.150723457336426,81100,0.0,0.0
2020-11-13 00:00:00-05:00,6.219832634954648,6.367923507068815,5.9828863921870585,6.259323596954346,62800,0.0,0.0
2020-11-16 00:00:00-05:00,6.407414636823373,6.525887996693663,6.338305686899236,6.377796649932861,127200,0.0,0.0
2020-11-17 00:00:00-05:00,6.367923605152315,6.476523987708929,6.3481781238483315,6.387669086456299,38200,0.0,0.0
2020-11-18 00:00:00-05:00,6.397542098388489,6.565378925798757,6.229705270978221,6.2395782470703125,25700,0.0,0.0
2020-11-19 00:00:00-05:00,6.200087547302246,6.377796887575165,6.071741677275977,6.200087547302246,30800,0.0,0.0
2020-11-20 00:00:00-05:00,6.111232579615754,6.170469025770823,5.913777288329432,5.92365026473999,650000,0.0,0.0
2020-11-23 00:00:00-05:00,6.022377746359476,6.288941992600602,6.002632264073816,6.269196510314941,35300,0.0,0.0
2020-11-24 00:00:00-05:00,6.37779640108647,6.782578991772185,6.37779640108647,6.703597068786621,86300,0.0,0.0
2020-11-25 00:00:00-05:00,6.7035976148931,6.7035976148931,6.496269814781401,6.693725109100342,27300,0.0,0.0
2020-11-27 00:00:00-05:00,6.644360542297363,6.6542330471606785,6.417287281208443,6.644360542297363,17400,0.0,0.0
2020-11-30 00:00:00-05:00,6.545633460891983,6.693724807260963,6.496269521845852,6.594996929168701,50000,0.0,0.0
2020-12-01 00:00:00-05:00,6.703597179260503,6.703597179260503,6.535760354765564,6.614742279052734,32500,0.0,0.0
2020-12-02 00:00:00-05:00,6.6344878786055785,6.673979312223819,6.496269508634678,6.525887966156006,93400,0.0,0.0
2020-12-03 00:00:00-05:00,6.525887966156006,6.703597298975735,6.496269508634678,6.525887966156006,34900,0.0,0.0
2020-12-04 00:00:00-05:00,6.713469936802495,6.822069843780069,6.624615039485037,6.792451858520508,37700,0.0,0.0
2020-12-07 00:00:00-05:00,6.75296133496826,6.75296133496826,6.614742492241606,6.654233455657959,17100,0.0,0.0
2020-12-08 00:00:00-05:00,6.673979247894164,6.822070121765137,6.673979247894164,6.822070121765137,23200,0.0,0.0
2020-12-09 00:00:00-05:00,6.881306395504141,6.910924852008425,6.673979083051732,6.703597068786621,34000,0.0,0.0
2020-12-10 00:00:00-05:00,6.437033144728513,6.604869974316203,6.437033144728513,6.585124492645264,35300,0.0,0.0
2020-12-11 00:00:00-05:00,6.4765236601959,6.545633076649734,6.417287219279492,6.437032699584961,21800,0.0,0.0
2020-12-14 00:00:00-05:00,6.446905937977944,6.506142381309561,6.2988145942642,6.3975419998168945,46900,0.0,0.0
2020-12-15 00:00:00-05:00,6.358051199879217,6.555506016024459,6.328432742072722,6.51601505279541,51300,0.0,0.0
2020-12-16 00:00:00-05:00,6.565378859888967,6.604869822322062,6.516014921462896,6.535760402679443,51200,0.0,0.0
2020-12-17 00:00:00-05:00,6.594996886265275,6.7332157263875,6.565378899645804,6.67397928237915,37100,0.0,0.0
2020-12-18 00:00:00-05:00,6.683852071271199,6.703597553445154,6.387669367892438,6.417287826538086,179600,0.0,0.0
2020-12-21 00:00:00-05:00,6.377796668883812,6.446906089782715,6.209959840107489,6.446906089782715,65000,0.0,0.0
2020-12-22 00:00:00-05:00,6.476524336851756,6.476524336851756,6.3284329837037205,6.40741491317749,48800,0.0,0.0
2020-12-23 00:00:00-05:00,6.476523722696502,6.664106022793383,6.4469057373371665,6.644360542297363,46300,0.0,0.0
2020-12-24 00:00:00-05:00,6.664106369018555,6.73321578972981,6.61474242982917,6.664106369018555,31500,0.0,0.0
2020-12-28 00:00:00-05:00,6.752961172830525,6.970161466405516,6.733215691596435,6.822070121765137,49600,0.0,0.0
2020-12-29 00:00:00-05:00,6.87143410972247,6.87143410972247,6.683851801262961,6.743088245391846,35800,0.0,0.0
2020-12-30 00:00:00-05:00,6.7727068352986945,6.802324822557687,6.703597413745343,6.7233428955078125,31700,0.0,0.0
2020-12-31 00:00:00-05:00,6.654233424381141,6.881306698342572,6.654233424381141,6.8023247718811035,42400,0.0,0.0
2021-01-04 00:00:00-05:00,6.565378642540997,6.841815370421175,6.565378642540997,6.713469982147217,47300,0.0,0.0
2021-01-05 00:00:00-05:00,6.54563349849274,6.950416106226363,6.54563349849274,6.733215808868408,51700,0.0,0.0
2021-01-06 00:00:00-05:00,6.693724753331566,7.286089663265562,6.693724753331566,7.177489280700684,345300,0.0,0.0
2021-01-07 00:00:00-05:00,7.187362306198244,7.187362306198244,6.960289034237834,7.098507404327393,44100,0.0,0.0
2021-01-08 00:00:00-05:00,6.525887704657683,7.0096522155556515,6.219832519458468,6.565378665924072,276200,0.0,0.0
2021-01-11 00:00:00-05:00,6.5160148591139215,6.683851683233318,6.5160148591139215,6.545633316040039,65900,0.0,0.0
2021-01-12 00:00:00-05:00,6.516014766311208,6.723342549533012,6.486396780576318,6.703597068786621,83700,0.0,0.0
2021-01-13 00:00:00-05:00,6.683851503289403,6.762833425273481,6.506142178825225,6.644360542297363,54100,0.0,0.0
2021-01-14 00:00:00-05:00,6.693724694853783,6.703597200035574,6.624615275503632,6.683851718902588,87300,0.0,0.0
2021-01-15 00:00:00-05:00,6.792451945156986,6.792451945156986,6.466651278529963,6.634487628936768,47700,0.0,0.0
2021-01-19 00:00:00-05:00,6.654233455657959,6.693724889843731,6.52588805993952,6.654233455657959,61800,0.0,0.0
2021-01-20 00:00:00-05:00,6.624615323806254,6.644360805083212,6.525887917421467,6.604869842529297,28300,0.0,0.0
2021-01-21 00:00:00-05:00,6.644361188963006,6.644361188963006,6.446906364785424,6.476524353027344,31000,0.0,0.0
2021-01-22 00:00:00-05:00,6.417287259025396,6.5949965828752735,6.328432361715763,6.57525110244751,62000,0.0,0.0
2021-01-25 00:00:00-05:00,6.476524076761234,6.506142534509168,6.279069261006391,6.446906089782715,58900,0.0,0.0
2021-01-26 00:00:00-05:00,6.446906256799937,6.446906256799937,6.279069423675537,6.279069423675537,94700,0.0,0.0
2021-01-27 00:00:00-05:00,6.269195817077029,6.417287153228486,6.229704856872559,6.229704856872559,142100,0.0,0.0
2021-01-28 00:00:00-05:00,6.6937244143254455,6.6937244143254455,6.367923283131127,6.437032699584961,111200,0.0,0.0
2021-01-29 00:00:00-05:00,6.476523903199235,6.476523903199235,6.259323611689579,6.328432559967041,118900,0.0,0.0
2021-02-01 00:00:00-05:00,6.397542133088589,6.693724826686068,6.338305688522976,6.664106369018555,150500,0.0,0.0
2021-02-02 00:00:00-05:00,6.713470258712108,6.861561133649617,6.575251418308632,6.743088245391846,95200,0.0,0.0
2021-02-03 00:00:00-05:00,6.73321552246299,6.950415810582069,6.73321552246299,6.920797824859619,116300,0.0,0.0
2021-02-04 00:00:00-05:00,6.930670595469451,7.177489349539972,6.930670595469451,7.167616844177246,97200,0.0,0.0
2021-02-05 00:00:00-05:00,7.147870609067524,7.226853002691017,6.999779739100784,7.137998104095459,236400,0.0,0.0
2021-02-08 00:00:00-05:00,7.068888883677663,7.414435511971032,7.068888883677663,7.394689559936523,79900,0.0,0.0
2021-02-09 00:00:00-05:00,7.454324260976435,7.533836977264209,7.344994039114159,7.523898124694824,54000,0.05,0.0
2021-02-10 00:00:00-05:00,7.573593199011145,7.692862271294826,7.464263453051021,7.533836841583252,111000,0.0,0.0
2021-02-11 00:00:00-05:00,7.732619027189613,7.732619027189613,7.315176804337584,7.504019737243652,64100,0.0,0.0
2021-02-12 00:00:00-05:00,7.613349482136776,7.613349482136776,7.384750192190816,7.504019737243652,56200,0.0,0.0
2021-02-16 00:00:00-05:00,7.553715063624484,7.593471421280415,7.424506664276123,7.424506664276123,46700,0.0,0.0
2021-02-17 00:00:00-05:00,7.374811544688661,7.5437763037667676,7.344994039114159,7.523898124694824,290200,0.0,0.0
2021-02-18 00:00:00-05:00,7.523898185092668,7.583532722787213,7.454324320815777,7.484141826629639,41900,0.0,0.0
2021-02-19 00:00:00-05:00,7.50401994562288,7.6630453781984285,7.4344460819044915,7.523898124694824,62600,0.0,0.0
2021-02-22 00:00:00-05:00,7.464263417660572,8.15006081700673,7.464263417660572,7.961218357086182,166600,0.0,0.0
2021-02-23 00:00:00-05:00,7.881705401760232,8.209696069584673,7.792253832292818,8.120244026184082,80200,0.0,0.0
2021-02-24 00:00:00-05:00,8.12024368902258,8.527746582824099,8.12024368902258,8.42835521697998,107200,0.0,0.0
2021-02-25 00:00:00-05:00,8.388598928734506,8.438294612062483,8.130183081588399,8.140121459960938,74900,0.0,0.0
2021-02-26 00:00:00-05:00,8.08048742880437,8.229573531485523,7.961218357086182,7.961218357086182,89200,0.0,0.0
2021-03-01 00:00:00-05:00,7.752497089259398,8.179877684051982,7.752497089259398,8.150060653686523,82400,0.0,0.0
2021-03-02 00:00:00-05:00,8.090426724499281,8.259391479094612,8.060608745782702,8.140121459960938,72000,0.0,0.0
2021-03-03 00:00:00-05:00,8.160000545774942,8.43829506017758,8.150061219008254,8.249452590942383,94300,0.0,0.0
2021-03-04 00:00:00-05:00,8.289208296173111,8.448233720428451,8.199756258062909,8.368721008300781,73900,0.0,0.0
2021-03-05 00:00:00-05:00,8.448234172278374,8.637076636715168,8.348842802869736,8.547625541687012,83700,0.0,0.0
2021-03-08 00:00:00-05:00,8.617199226315504,8.776224664515913,8.5376865072153,8.666894912719727,67900,0.0,0.0
2021-03-09 00:00:00-05:00,8.67683245234989,8.686771778242525,8.47805067382863,8.587381362915039,85300,0.0,0.0
2021-03-10 00:00:00-05:00,8.597319925528682,8.835859012741995,8.557563568970847,8.786163330078125,78600,0.0,0.0
2021-03-11 00:00:00-05:00,8.855737281308153,8.885554313659668,8.647016159114822,8.885554313659668,86800,0.0,0.0
2021-03-12 00:00:00-05:00,8.945188676454846,9.183726813672395,8.855736638031688,9.004823684692383,61500,0.0,0.0
2021-03-15 00:00:00-04:00,8.96506727359818,8.96506727359818,8.597319796139892,8.796102523803711,56200,0.0,0.0
2021-03-16 00:00:00-04:00,8.756346381785185,8.756346381785185,8.547625270931595,8.567502975463867,61100,0.0,0.0
2021-03-17 00:00:00-04:00,8.487990379333496,8.716590145756431,8.448234021851203,8.487990379333496,171900,0.0,0.0
2021-03-18 00:00:00-04:00,8.408478038630424,8.806041631148924,8.289208960874873,8.319025993347168,179600,0.0,0.0
2021-03-19 00:00:00-04:00,8.348842606676122,8.617198729053401,8.209695830213526,8.279269218444824,297500,0.0,0.0
2021-03-22 00:00:00-04:00,8.468112700545554,8.468112700545554,7.991035461425781,7.991035461425781,415600,0.0,0.0
2021-03-23 00:00:00-04:00,7.901583523240458,8.219635336104087,7.841948986053467,7.841948986053467,219700,0.0,0.0
2021-03-24 00:00:00-04:00,8.229573589944415,8.229573589944415,7.841948867140227,7.921461582183838,143400,0.0,0.0
2021-03-25 00:00:00-04:00,7.931401243406182,8.279269623376074,7.851888525005427,8.249452590942383,98600,0.0,0.0
2021-03-26 00:00:00-04:00,8.388599291529685,8.557564053432507,8.319025900581357,8.537686347961426,128400,0.0,0.0
2021-03-29 00:00:00-04:00,8.448234386944268,8.736468228113594,8.199756904975319,8.249452590942383,289300,0.0,0.0
2021-03-30 00:00:00-04:00,8.169939792015978,8.617199065578475,8.169939792015978,8.537686347961426,123500,0.0,0.0
2021-03-31 00:00:00-04:00,8.547625922503327,8.676833381478158,8.358782501786779,8.378661155700684,187900,0.0,0.0
2021-04-01 00:00:00-04:00,8.378661165061844,8.537686605085208,8.279269791114048,8.448234558105469,121200,0.0,0.0
2021-04-05 00:00:00-04:00,8.448233854100755,8.448233854100755,8.229573418356756,8.358781814575195,261500,0.0,0.0
2021-04-06 00:00:00-04:00,8.368721437788077,8.577442554801465,8.358782111295453,8.47805118560791,68800,0.0,0.0
2021-04-07 00:00:00-04:00,8.468113011921668,8.468113011921668,8.080487800125354,8.110304832458496,59200,0.0,0.0
2021-04-08 00:00:00-04:00,8.100364839782142,8.169939173328153,7.971157394338744,8.15999984741211,60300,0.0,0.0
2021-04-09 00:00:00-04:00,8.189817539381734,8.189817539381734,7.981096417602682,8.040731430053711,50000,0.0,0.0
2021-04-12 00:00:00-04:00,8.000974717653307,8.348842606676122,7.961218360397376,8.279269218444824,82800,0.0,0.0
2021-04-13 00:00:00-04:00,8.239512676745644,8.239512676745644,8.010913864607856,8.080487251281738,57400,0.0,0.0
2021-04-14 00:00:00-04:00,8.219635558508694,8.388599374210518,8.130183513341253,8.249452590942383,48000,0.0,0.0
2021-04-15 00:00:00-04:00,8.259391619614144,8.309086355921274,8.000974820205192,8.130183219909668,39100,0.0,0.0
2021-04-16 00:00:00-04:00,8.160000231942112,8.160000231942112,7.961218443585356,8.060608863830566,56800,0.0,0.0
2021-04-19 00:00:00-04:00,8.090426755080799,8.090426755080799,7.86182699005453,7.961218357086182,66600,0.0,0.0
2021-04-20 00:00:00-04:00,7.941339697938224,8.030791738619158,7.643167018890381,7.643167018890381,47600,0.0,0.0
2021-04-21 00:00:00-04:00,7.643167373753472,7.782314630436239,7.553715328919387,7.72268009185791,66300,0.0,0.0
2021-04-22 00:00:00-04:00,7.752497621025237,7.752497621025237,7.474202632904053,7.474202632904053,64500,0.0,0.0
2021-04-23 00:00:00-04:00,7.672984022640067,7.881705134200554,7.49408041584529,7.822070598602295,64100,0.0,0.0
2021-04-26 00:00:00-04:00,7.802192495996974,7.931400894683847,7.722679781092181,7.851888179779053,164600,0.0,0.0
2021-04-27 00:00:00-04:00,7.951279163360596,8.020852552722772,7.832010089654148,7.951279163360596,109300,0.0,0.0
2021-04-28 00:00:00-04:00,8.279269513459834,8.507869286726871,8.110304752134828,8.398538589477539,129300,0.0,0.0
2021-04-29 00:00:00-04:00,8.319026107078038,8.478051546259504,8.00097522871511,8.169939994812012,93900,0.0,0.0
2021-04-30 00:00:00-04:00,8.080487655579063,8.259391742110356,8.030791970668552,8.050670623779297,95700,0.0,0.0
2021-05-03 00:00:00-04:00,8.150060538059536,8.388598673331611,8.040730796359743,8.229573249816895,91600,0.0,0.0
2021-05-04 00:00:00-04:00,8.189817031456213,8.319025427198074,8.169939327116246,8.219635009765625,66100,0.0,0.0
2021-05-05 00:00:00-04:00,8.229573366571948,8.239512692649203,8.100364971166556,8.150060653686523,79800,0.0,0.0
2021-05-06 00:00:00-04:00,8.269330175214453,8.33890451369353,8.120244067368237,8.328965187072754,56200,0.0,0.0
2021-05-07 00:00:00-04:00,8.259391646145689,8.348842740505665,8.18981730893281,8.269330024719238,57100,0.0,0.0
2021-05-10 00:00:00-04:00,8.150060521496068,8.348842300485476,8.150060521496068,8.15999984741211,120700,0.0,0.0
2021-05-11 00:00:00-04:00,8.140000343322754,8.210000038146973,8.0600004196167,8.15999984741211,72000,0.05,0.0
2021-05-12 00:00:00-04:00,8.140000343322754,8.329999923706055,8.109999656677246,8.149999618530273,81900,0.0,0.0
2021-05-13 00:00:00-04:00,8.130000114440918,8.550000190734863,8.130000114440918,8.489999771118164,77800,0.0,0.0
2021-05-14 00:00:00-04:00,8.600000381469727,8.6899995803833,8.449999809265137,8.579999923706055,63800,0.0,0.0
2021-05-17 00:00:00-04:00,8.539999961853027,8.600000381469727,8.390000343322754,8.550000190734863,53500,0.0,0.0
2021-05-18 00:00:00-04:00,8.520000457763672,8.550000190734863,8.300000190734863,8.300000190734863,50500,0.0,0.0
2021-05-19 00:00:00-04:00,8.210000038146973,8.470000267028809,8.050000190734863,8.420000076293945,76100,0.0,0.0
2021-05-20 00:00:00-04:00,8.390000343322754,8.4399995803833,8.079999923706055,8.34000015258789,113300,0.0,0.0
2021-05-21 00:00:00-04:00,8.470000267028809,8.510000228881836,8.399999618530273,8.479999542236328,34900,0.0,0.0
2021-05-24 00:00:00-04:00,8.479999542236328,8.479999542236328,8.3100004196167,8.40999984741211,42800,0.0,0.0
2021-05-25 00:00:00-04:00,8.399999618530273,8.399999618530273,8.130000114440918,8.130000114440918,73400,0.0,0.0
2021-05-26 00:00:00-04:00,8.199999809265137,8.3100004196167,8.170000076293945,8.229999542236328,50200,0.0,0.0
2021-05-27 00:00:00-04:00,8.25,8.4399995803833,8.25,8.430000305175781,41900,0.0,0.0
2021-05-28 00:00:00-04:00,8.430000305175781,8.550000190734863,8.350000381469727,8.510000228881836,68400,0.0,0.0
2021-06-01 00:00:00-04:00,8.529999732971191,8.59000015258789,8.4399995803833,8.460000038146973,60200,0.0,0.0
2021-06-02 00:00:00-04:00,8.510000228881836,8.510000228881836,8.390000343322754,8.460000038146973,55900,0.0,0.0
2021-06-03 00:00:00-04:00,8.449999809265137,8.5600004196167,8.350000381469727,8.520000457763672,64500,0.0,0.0
2021-06-04 00:00:00-04:00,8.550000190734863,8.710000038146973,8.470000267028809,8.59000015258789,80000,0.0,0.0
2021-06-07 00:00:00-04:00,8.569999694824219,8.619999885559082,8.5,8.5,112600,0.0,0.0
2021-06-08 00:00:00-04:00,8.489999771118164,8.649999618530273,8.460000038146973,8.539999961853027,47900,0.0,0.0
2021-06-09 00:00:00-04:00,8.510000228881836,8.529999732971191,8.470000267028809,8.520000457763672,62000,0.0,0.0
2021-06-10 00:00:00-04:00,8.579999923706055,8.579999923706055,8.399999618530273,8.4399995803833,58800,0.0,0.0
2021-06-11 00:00:00-04:00,8.460000038146973,8.529999732971191,8.460000038146973,8.510000228881836,51700,0.0,0.0
2021-06-14 00:00:00-04:00,8.539999961853027,8.550000190734863,8.279999732971191,8.34000015258789,84900,0.0,0.0
2021-06-15 00:00:00-04:00,8.350000381469727,8.489999771118164,8.350000381469727,8.420000076293945,59900,0.0,0.0
2021-06-16 00:00:00-04:00,8.369999885559082,8.529999732971191,8.239999771118164,8.5,94500,0.0,0.0
2021-06-17 00:00:00-04:00,8.5,8.569999694824219,8.239999771118164,8.270000457763672,88400,0.0,0.0
2021-06-18 00:00:00-04:00,8.119999885559082,8.170000076293945,8.010000228881836,8.010000228881836,382000,0.0,0.0
2021-06-21 00:00:00-04:00,8.050000190734863,8.34000015258789,8.039999961853027,8.270000457763672,143000,0.0,0.0
2021-06-22 00:00:00-04:00,8.270000457763672,8.289999961853027,8.050000190734863,8.09000015258789,109400,0.0,0.0
2021-06-23 00:00:00-04:00,8.09000015258789,8.229999542236328,8.029999732971191,8.039999961853027,159000,0.0,0.0
2021-06-24 00:00:00-04:00,8.09000015258789,8.260000228881836,8.039999961853027,8.09000015258789,160800,0.0,0.0
2021-06-25 00:00:00-04:00,8.109999656677246,8.1899995803833,8.010000228881836,8.029999732971191,3375900,0.0,0.0
2021-06-28 00:00:00-04:00,8.050000190734863,8.279999732971191,8.050000190734863,8.229999542236328,209900,0.0,0.0
2021-06-29 00:00:00-04:00,8.260000228881836,8.3100004196167,8.1899995803833,8.260000228881836,91500,0.0,0.0
2021-06-30 00:00:00-04:00,8.239999771118164,8.300000190734863,8.149999618530273,8.149999618530273,89300,0.0,0.0
2021-07-01 00:00:00-04:00,8.199999809265137,8.25,8.100000381469727,8.15999984741211,221300,0.0,0.0
2021-07-02 00:00:00-04:00,8.180000305175781,8.180000305175781,8.069999694824219,8.130000114440918,48300,0.0,0.0
2021-07-06 00:00:00-04:00,8.140000343322754,8.149999618530273,7.949999809265137,8.0,131500,0.0,0.0
2021-07-07 00:00:00-04:00,7.980000019073486,8.029999732971191,7.929999828338623,7.949999809265137,72000,0.0,0.0
2021-07-08 00:00:00-04:00,7.840000152587891,7.860000133514404,7.71999979019165,7.75,132500,0.0,0.0
2021-07-09 00:00:00-04:00,7.840000152587891,8.029999732971191,7.809999942779541,8.0,64900,0.0,0.0
2021-07-12 00:00:00-04:00,7.980000019073486,8.220000267028809,7.980000019073486,8.199999809265137,64100,0.0,0.0
2021-07-13 00:00:00-04:00,8.170000076293945,8.170000076293945,8.069999694824219,8.109999656677246,57800,0.0,0.0
2021-07-14 00:00:00-04:00,8.119999885559082,8.15999984741211,8.050000190734863,8.100000381469727,55100,0.0,0.0
2021-07-15 00:00:00-04:00,8.039999961853027,8.15999984741211,8.039999961853027,8.140000343322754,83300,0.0,0.0
2021-07-16 00:00:00-04:00,8.1899995803833,8.1899995803833,7.960000038146973,7.989999771118164,71600,0.0,0.0
2021-07-19 00:00:00-04:00,7.820000171661377,7.909999847412109,7.760000228881836,7.880000114440918,123400,0.0,0.0
2021-07-20 00:00:00-04:00,7.880000114440918,8.300000190734863,7.880000114440918,8.109999656677246,147400,0.0,0.0
2021-07-21 00:00:00-04:00,8.210000038146973,8.260000228881836,8.100000381469727,8.109999656677246,68200,0.0,0.0
2021-07-22 00:00:00-04:00,8.0600004196167,8.09000015258789,7.960000038146973,8.010000228881836,66000,0.0,0.0
2021-07-23 00:00:00-04:00,8.050000190734863,8.199999809265137,8.050000190734863,8.109999656677246,87500,0.0,0.0
2021-07-26 00:00:00-04:00,8.289999961853027,8.289999961853027,8.109999656677246,8.119999885559082,85300,0.0,0.0
2021-07-27 00:00:00-04:00,8.09000015258789,8.15999984741211,8.0,8.130000114440918,61500,0.0,0.0
2021-07-28 00:00:00-04:00,8.149999618530273,8.539999961853027,8.149999618530273,8.350000381469727,73700,0.0,0.0
2021-07-29 00:00:00-04:00,8.649999618530273,8.649999618530273,8.3100004196167,8.470000267028809,86000,0.0,0.0
2021-07-30 00:00:00-04:00,8.539999961853027,8.539999961853027,8.40999984741211,8.460000038146973,91100,0.0,0.0
2021-08-02 00:00:00-04:00,8.5,8.520000457763672,8.300000190734863,8.329999923706055,69100,0.0,0.0
2021-08-03 00:00:00-04:00,8.34000015258789,8.399999618530273,8.170000076293945,8.369999885559082,70400,0.0,0.0
2021-08-04 00:00:00-04:00,8.4399995803833,8.4399995803833,8.289999961853027,8.350000381469727,38000,0.0,0.0
2021-08-05 00:00:00-04:00,8.380000114440918,8.510000228881836,8.380000114440918,8.479999542236328,54500,0.0,0.0
2021-08-06 00:00:00-04:00,8.520000457763672,8.569999694824219,8.489999771118164,8.539999961853027,73800,0.0,0.0
2021-08-09 00:00:00-04:00,8.550000190734863,8.680000305175781,8.5,8.600000381469727,40400,0.0,0.0
2021-08-10 00:00:00-04:00,8.59000015258789,8.770000457763672,8.479999542236328,8.680000305175781,83900,0.0,0.0
2021-08-11 00:00:00-04:00,8.609999656677246,8.75,8.609999656677246,8.699999809265137,42800,0.0,0.0
2021-08-12 00:00:00-04:00,8.670000076293945,8.699999809265137,8.649999618530273,8.680000305175781,30400,0.0,0.0
2021-08-13 00:00:00-04:00,8.630000114440918,8.859999656677246,8.630000114440918,8.760000228881836,70600,0.0,0.0
2021-08-16 00:00:00-04:00,8.680000305175781,8.869999885559082,8.649999618530273,8.829999923706055,373600,0.0,0.0
2021-08-17 00:00:00-04:00,8.819999694824219,8.829999923706055,8.649999618530273,8.6899995803833,21200,0.0,0.0
2021-08-18 00:00:00-04:00,8.699999809265137,8.829999923706055,8.670000076293945,8.739999771118164,47200,0.0,0.0
2021-08-19 00:00:00-04:00,8.640000343322754,8.859999656677246,8.569999694824219,8.649999618530273,61900,0.0,0.0
2021-08-20 00:00:00-04:00,8.529999732971191,8.960000038146973,8.529999732971191,8.869999885559082,34000,0.0,0.0
2021-08-23 00:00:00-04:00,8.9399995803833,8.979999542236328,8.720000267028809,8.770000457763672,32800,0.0,0.0
2021-08-24 00:00:00-04:00,8.75,8.819999694824219,8.699999809265137,8.720000267028809,46500,0.0,0.0
2021-08-25 00:00:00-04:00,8.739999771118164,8.829999923706055,8.720000267028809,8.729999542236328,34200,0.0,0.0
2021-08-26 00:00:00-04:00,8.720000267028809,8.789999961853027,8.670000076293945,8.729999542236328,44100,0.0,0.0
2021-08-27 00:00:00-04:00,8.75,8.789999961853027,8.720000267028809,8.729999542236328,35300,0.0,0.0
2021-08-30 00:00:00-04:00,8.699999809265137,8.770000457763672,8.520000457763672,8.5600004196167,28600,0.0,0.0
2021-08-31 00:00:00-04:00,8.579999923706055,8.779999732971191,8.539999961853027,8.579999923706055,19600,0.0,0.0
2021-09-01 00:00:00-04:00,8.550000190734863,8.619999885559082,8.5,8.520000457763672,41200,0.0,0.0
2021-09-02 00:00:00-04:00,8.5,8.90999984741211,8.5,8.789999961853027,66500,0.0,0.0
2021-09-03 00:00:00-04:00,8.680000305175781,8.680000305175781,8.529999732971191,8.619999885559082,34000,0.0,0.0
2021-09-07 00:00:00-04:00,8.600000381469727,8.649999618530273,8.40999984741211,8.430000305175781,59100,0.0,0.0
2021-09-08 00:00:00-04:00,8.199999809265137,8.5,8.199999809265137,8.300000190734863,30100,0.0,0.0
2021-09-09 00:00:00-04:00,8.270000457763672,8.3100004196167,8.210000038146973,8.210000038146973,32800,0.0,0.0
2021-09-10 00:00:00-04:00,8.210000038146973,8.300000190734863,8.039999961853027,8.119999885559082,34700,0.0,0.0
2021-09-13 00:00:00-04:00,8.119999885559082,8.210000038146973,8.09000015258789,8.1899995803833,45600,0.0,0.0
2021-09-14 00:00:00-04:00,8.170000076293945,8.210000038146973,7.96999979019165,8.020000457763672,59500,0.0,0.0
2021-09-15 00:00:00-04:00,8.0,8.15999984741211,8.0,8.100000381469727,32400,0.0,0.0
2021-09-16 00:00:00-04:00,8.119999885559082,8.119999885559082,8.0,8.069999694824219,37100,0.0,0.0
2021-09-17 00:00:00-04:00,8.300000190734863,8.59000015258789,8.079999923706055,8.529999732971191,254700,0.0,0.0
2021-09-20 00:00:00-04:00,8.390000343322754,8.390000343322754,8.050000190734863,8.1899995803833,46500,0.0,0.0
2021-09-21 00:00:00-04:00,8.260000228881836,8.270000457763672,8.140000343322754,8.199999809265137,36300,0.0,0.0
2021-09-22 00:00:00-04:00,8.270000457763672,8.319999694824219,8.199999809265137,8.270000457763672,24700,0.0,0.0
2021-09-23 00:00:00-04:00,8.350000381469727,8.609999656677246,8.34000015258789,8.420000076293945,22500,0.0,0.0
2021-09-24 00:00:00-04:00,8.390000343322754,8.460000038146973,8.319999694824219,8.399999618530273,22900,0.0,0.0
2021-09-27 00:00:00-04:00,8.430000305175781,8.710000038146973,8.430000305175781,8.640000343322754,45200,0.0,0.0
2021-09-28 00:00:00-04:00,8.619999885559082,8.649999618530273,8.510000228881836,8.529999732971191,26700,0.0,0.0
2021-09-29 00:00:00-04:00,8.5,8.710000038146973,8.5,8.670000076293945,27000,0.0,0.0
2021-09-30 00:00:00-04:00,8.649999618530273,8.670000076293945,8.5,8.529999732971191,8700,0.0,0.0
2021-10-01 00:00:00-04:00,8.539999961853027,8.829999923706055,8.539999961853027,8.760000228881836,49500,0.0,0.0
2021-10-04 00:00:00-04:00,8.579999923706055,8.859999656677246,8.510000228881836,8.6899995803833,48500,0.0,0.0
2021-10-05 00:00:00-04:00,8.729999542236328,8.789999961853027,8.630000114440918,8.779999732971191,36300,0.0,0.0
2021-10-06 00:00:00-04:00,8.760000228881836,8.869999885559082,8.569999694824219,8.800000190734863,59100,0.0,0.0
2021-10-07 00:00:00-04:00,8.8100004196167,8.930000305175781,8.789999961853027,8.829999923706055,51900,0.0,0.0
2021-10-08 00:00:00-04:00,8.800000190734863,9.050000190734863,8.800000190734863,8.960000038146973,40800,0.0,0.0
2021-10-11 00:00:00-04:00,8.949999809265137,9.069999694824219,8.84000015258789,8.890000343322754,24100,0.0,0.0
2021-10-12 00:00:00-04:00,8.869999885559082,8.880000114440918,8.760000228881836,8.829999923706055,21300,0.0,0.0
2021-10-13 00:00:00-04:00,8.819999694824219,9.010000228881836,8.760000228881836,8.850000381469727,31800,0.0,0.0
2021-10-14 00:00:00-04:00,8.930000305175781,9.020000457763672,8.880000114440918,8.949999809265137,34600,0.0,0.0
2021-10-15 00:00:00-04:00,9.010000228881836,9.039999961853027,8.510000228881836,8.829999923706055,55000,0.0,0.0
2021-10-18 00:00:00-04:00,8.859999656677246,8.90999984741211,8.710000038146973,8.8100004196167,25400,0.0,0.0
2021-10-19 00:00:00-04:00,8.869999885559082,8.869999885559082,8.729999542236328,8.770000457763672,19300,0.0,0.0
2021-10-20 00:00:00-04:00,8.739999771118164,8.899999618530273,8.729999542236328,8.819999694824219,30500,0.0,0.0
2021-10-21 00:00:00-04:00,8.819999694824219,8.880000114440918,8.779999732971191,8.829999923706055,23600,0.0,0.0
2021-10-22 00:00:00-04:00,8.819999694824219,8.90999984741211,8.800000190734863,8.850000381469727,22200,0.0,0.0
2021-10-25 00:00:00-04:00,8.930000305175781,9.020000457763672,8.890000343322754,8.890000343322754,32600,0.0,0.0
2021-10-26 00:00:00-04:00,8.880000114440918,9.0,8.850000381469727,8.890000343322754,38600,0.0,0.0
2021-10-27 00:00:00-04:00,8.960000038146973,9.220000267028809,8.899999618530273,9.210000038146973,69100,0.0,0.0
2021-10-28 00:00:00-04:00,9.279999732971191,9.880000114440918,9.25,9.84000015258789,68700,0.0,0.0
2021-10-29 00:00:00-04:00,9.930000305175781,9.979999542236328,9.640000343322754,9.729999542236328,49800,0.0,0.0
2021-11-01 00:00:00-04:00,9.8100004196167,9.850000381469727,9.510000228881836,9.600000381469727,27200,0.0,0.0
2021-11-02 00:00:00-04:00,9.579999923706055,9.720000267028809,9.5,9.630000114440918,27700,0.0,0.0
2021-11-03 00:00:00-04:00,9.579999923706055,9.579999923706055,9.4399995803833,9.510000228881836,22000,0.0,0.0
2021-11-04 00:00:00-04:00,9.5,9.5,9.180000305175781,9.289999961853027,22900,0.0,0.0
2021-11-05 00:00:00-04:00,9.3100004196167,9.489999771118164,9.260000228881836,9.399999618530273,19800,0.0,0.0
2021-11-08 00:00:00-05:00,9.399999618530273,9.75,9.350000381469727,9.630000114440918,47600,0.0,0.0
2021-11-09 00:00:00-05:00,9.529999732971191,9.710000038146973,9.520000457763672,9.5600004196167,10700,0.0,0.0
2021-11-10 00:00:00-05:00,9.510000228881836,9.59000015258789,9.390000343322754,9.390000343322754,10200,0.0,0.0
2021-11-11 00:00:00-05:00,9.390000343322754,9.430000305175781,9.260000228881836,9.260000228881836,11200,0.0,0.0
2021-11-12 00:00:00-05:00,9.319999694824219,9.350000381469727,9.210000038146973,9.25,18600,0.0,0.0
2021-11-15 00:00:00-05:00,9.220000267028809,9.5600004196167,9.1899995803833,9.390000343322754,67300,0.0,0.0
2021-11-16 00:00:00-05:00,9.34000015258789,9.729999542236328,9.3100004196167,9.649999618530273,62300,0.0,0.0
2021-11-17 00:00:00-05:00,9.5600004196167,9.720000267028809,9.369999885559082,9.5,27000,0.0,0.0
2021-11-18 00:00:00-05:00,9.5,9.670000076293945,9.40999984741211,9.529999732971191,11100,0.0,0.0
2021-11-19 00:00:00-05:00,9.529999732971191,9.529999732971191,9.359999656677246,9.369999885559082,35700,0.0,0.0
2021-11-22 00:00:00-05:00,9.399999618530273,9.59000015258789,9.399999618530273,9.479999542236328,19400,0.0,0.0
2021-11-23 00:00:00-05:00,9.5600004196167,9.710000038146973,9.420000076293945,9.670000076293945,38900,0.0,0.0
2021-11-24 00:00:00-05:00,9.670000076293945,9.710000038146973,9.489999771118164,9.600000381469727,33900,0.0,0.0
2021-11-26 00:00:00-05:00,9.40999984741211,9.470000267028809,9.199999809265137,9.210000038146973,11500,0.0,0.0
2021-11-29 00:00:00-05:00,9.300000190734863,9.6899995803833,8.949999809265137,9.0,23000,0.0,0.0
2021-11-30 00:00:00-05:00,8.960000038146973,9.020000457763672,8.800000190734863,8.8100004196167,34300,0.0,0.0
2021-12-01 00:00:00-05:00,9.010000228881836,9.010000228881836,8.699999809265137,8.75,37900,0.0,0.0
2021-12-02 00:00:00-05:00,8.829999923706055,9.0,8.739999771118164,8.920000076293945,34200,0.0,0.0
2021-12-03 00:00:00-05:00,8.960000038146973,9.300000190734863,8.760000228881836,8.989999771118164,36400,0.0,0.0
2021-12-06 00:00:00-05:00,9.0,9.069999694824219,8.779999732971191,8.979999542236328,21900,0.0,0.0
2021-12-07 00:00:00-05:00,9.0,9.020000457763672,8.729999542236328,8.829999923706055,33100,0.0,0.0
2021-12-08 00:00:00-05:00,8.84000015258789,8.859999656677246,8.720000267028809,8.800000190734863,15900,0.0,0.0
2021-12-09 00:00:00-05:00,8.729999542236328,8.8100004196167,8.6899995803833,8.6899995803833,20400,0.0,0.0
2021-12-10 00:00:00-05:00,8.6899995803833,8.789999961853027,8.619999885559082,8.729999542236328,22000,0.0,0.0
2021-12-13 00:00:00-05:00,8.65999984741211,8.8100004196167,8.449999809265137,8.640000343322754,63500,0.0,0.0
2021-12-14 00:00:00-05:00,8.630000114440918,8.770000457763672,8.630000114440918,8.720000267028809,48200,0.0,0.0
2021-12-15 00:00:00-05:00,8.609999656677246,8.819999694824219,8.609999656677246,8.6899995803833,18400,0.0,0.0
2021-12-16 00:00:00-05:00,8.789999961853027,8.930000305175781,8.649999618530273,8.850000381469727,31600,0.0,0.0
2021-12-17 00:00:00-05:00,8.8100004196167,9.069999694824219,8.550000190734863,8.899999618530273,97700,0.0,0.0
2021-12-20 00:00:00-05:00,8.920000076293945,8.920000076293945,8.5600004196167,8.699999809265137,30900,0.0,0.0
2021-12-21 00:00:00-05:00,8.670000076293945,8.819999694824219,8.539999961853027,8.699999809265137,26200,0.0,0.0
2021-12-22 00:00:00-05:00,8.630000114440918,8.75,8.569999694824219,8.59000015258789,7300,0.0,0.0
2021-12-23 00:00:00-05:00,8.699999809265137,8.75,8.550000190734863,8.609999656677246,7400,0.0,0.0
2021-12-27 00:00:00-05:00,8.670000076293945,8.859999656677246,8.550000190734863,8.859999656677246,30500,0.0,0.0
2021-12-28 00:00:00-05:00,8.8100004196167,8.8100004196167,8.609999656677246,8.6899995803833,8700,0.0,0.0
2021-12-29 00:00:00-05:00,8.699999809265137,8.760000228881836,8.600000381469727,8.65999984741211,11500,0.0,0.0
2021-12-30 00:00:00-05:00,8.65999984741211,8.800000190734863,8.600000381469727,8.609999656677246,24200,0.0,0.0
2021-12-31 00:00:00-05:00,8.779999732971191,8.930000305175781,8.609999656677246,8.760000228881836,7600,0.0,0.0
2022-01-03 00:00:00-05:00,8.930000305175781,8.960000038146973,8.6899995803833,8.829999923706055,21700,0.0,0.0
2022-01-04 00:00:00-05:00,8.899999618530273,9.119999885559082,8.819999694824219,8.890000343322754,21500,0.0,0.0
2022-01-05 00:00:00-05:00,8.819999694824219,9.140000343322754,8.8100004196167,8.949999809265137,14500,0.0,0.0
2022-01-06 00:00:00-05:00,8.930000305175781,9.270000457763672,8.920000076293945,9.1899995803833,15000,0.0,0.0
2022-01-07 00:00:00-05:00,9.229999542236328,9.279999732971191,9.130000114440918,9.199999809265137,16700,0.0,0.0
2022-01-10 00:00:00-05:00,9.25,9.25,9.109999656677246,9.15999984741211,18400,0.0,0.0
2022-01-11 00:00:00-05:00,9.260000228881836,9.260000228881836,9.100000381469727,9.140000343322754,14600,0.0,0.0
2022-01-12 00:00:00-05:00,9.130000114440918,9.260000228881836,9.0600004196167,9.100000381469727,17000,0.0,0.0
2022-01-13 00:00:00-05:00,9.149999618530273,9.1899995803833,9.0600004196167,9.130000114440918,11300,0.0,0.0
2022-01-14 00:00:00-05:00,9.149999618530273,9.1899995803833,9.0600004196167,9.149999618530273,15500,0.0,0.0
2022-01-18 00:00:00-05:00,9.170000076293945,9.229999542236328,8.920000076293945,8.949999809265137,15800,0.0,0.0
2022-01-19 00:00:00-05:00,9.050000190734863,9.210000038146973,8.920000076293945,9.0,29000,0.0,0.0
2022-01-20 00:00:00-05:00,9.0,9.0,8.800000190734863,8.800000190734863,21700,0.0,0.0
2022-01-21 00:00:00-05:00,8.880000114440918,8.9399995803833,8.579999923706055,8.65999984741211,35900,0.0,0.0
2022-01-24 00:00:00-05:00,8.520000457763672,8.75,8.520000457763672,8.649999618530273,28500,0.0,0.0
2022-01-25 00:00:00-05:00,8.6899995803833,8.729999542236328,8.4399995803833,8.729999542236328,98800,0.0,0.0
2022-01-26 00:00:00-05:00,9.229999542236328,9.229999542236328,9.0,9.039999961853027,37700,0.0,0.0
2022-01-27 00:00:00-05:00,9.130000114440918,9.329999923706055,9.010000228881836,9.229999542236328,17400,0.0,0.0
2022-01-28 00:00:00-05:00,9.020000457763672,9.369999885559082,9.020000457763672,9.369999885559082,29500,0.0,0.0
2022-01-31 00:00:00-05:00,9.34000015258789,9.34000015258789,9.050000190734863,9.079999923706055,44500,0.0,0.0
2022-02-01 00:00:00-05:00,9.100000381469727,9.270000457763672,9.09000015258789,9.09000015258789,39200,0.0,0.0
2022-02-02 00:00:00-05:00,9.149999618530273,9.279999732971191,9.149999618530273,9.1899995803833,25200,0.0,0.0
2022-02-03 00:00:00-05:00,9.199999809265137,9.199999809265137,9.100000381469727,9.15999984741211,23600,0.0,0.0
2022-02-04 00:00:00-05:00,9.199999809265137,9.199999809265137,9.109999656677246,9.170000076293945,25500,0.0,0.0
2022-02-07 00:00:00-05:00,9.170000076293945,9.199999809265137,9.170000076293945,9.1899995803833,25200,0.0,0.0
2022-02-08 00:00:00-05:00,9.199999809265137,9.199999809265137,9.100000381469727,9.199999809265137,34200,0.0,0.0
2022-02-09 00:00:00-05:00,9.199999809265137,9.300000190734863,9.020000457763672,9.199999809265137,34600,0.0,0.0
2022-02-10 00:00:00-05:00,9.199999809265137,9.40999984741211,9.199999809265137,9.40999984741211,19700,0.0,0.0
2022-02-11 00:00:00-05:00,9.300000190734863,9.3100004196167,9.149999618530273,9.180000305175781,27500,0.0,0.0
2022-02-14 00:00:00-05:00,9.199999809265137,9.399999618530273,9.199999809265137,9.239999771118164,27900,0.0,0.0
2022-02-15 00:00:00-05:00,9.279999732971191,9.34000015258789,9.15999984741211,9.34000015258789,26200,0.0,0.0
2022-02-16 00:00:00-05:00,9.260000228881836,9.319999694824219,9.15999984741211,9.260000228881836,32100,0.0,0.0
2022-02-17 00:00:00-05:00,9.289999961853027,9.359999656677246,9.260000228881836,9.34000015258789,30800,0.0,0.0
2022-02-18 00:00:00-05:00,9.34000015258789,9.40999984741211,9.34000015258789,9.350000381469727,16500,0.0,0.0
2022-02-22 00:00:00-05:00,9.350000381469727,9.40999984741211,9.25,9.270000457763672,78000,0.0,0.0
2022-02-23 00:00:00-05:00,9.300000190734863,9.569999694824219,9.270000457763672,9.270000457763672,55000,0.0,0.0
2022-02-24 00:00:00-05:00,9.119999885559082,9.149999618530273,8.890000343322754,9.140000343322754,66800,0.0,0.0
2022-02-25 00:00:00-05:00,9.199999809265137,9.40999984741211,9.15999984741211,9.369999885559082,22600,0.0,0.0
2022-02-28 00:00:00-05:00,9.270000457763672,9.350000381469727,9.239999771118164,9.260000228881836,22900,0.0,0.0
2022-03-01 00:00:00-05:00,9.260000228881836,9.430000305175781,9.029999732971191,9.100000381469727,39400,0.0,0.0
2022-03-02 00:00:00-05:00,9.079999923706055,9.260000228881836,9.0,9.109999656677246,21600,0.0,0.0
2022-03-03 00:00:00-05:00,9.149999618530273,9.199999809265137,9.0600004196167,9.1899995803833,17200,0.0,0.0
2022-03-04 00:00:00-05:00,9.199999809265137,9.210000038146973,8.960000038146973,9.149999618530273,26700,0.0,0.0
2022-03-07 00:00:00-05:00,9.09000015258789,9.15999984741211,8.979999542236328,9.0,36400,0.0,0.0
2022-03-08 00:00:00-05:00,8.979999542236328,8.979999542236328,8.8100004196167,8.859999656677246,59200,0.0,0.0
2022-03-09 00:00:00-05:00,8.899999618530273,9.140000343322754,8.869999885559082,8.949999809265137,21600,0.0,0.0
2022-03-10 00:00:00-05:00,8.979999542236328,9.199999809265137,8.949999809265137,9.170000076293945,23100,0.0,0.0
2022-03-11 00:00:00-05:00,9.1899995803833,9.1899995803833,9.050000190734863,9.140000343322754,9500,0.0,0.0
2022-03-14 00:00:00-04:00,9.029999732971191,9.260000228881836,9.029999732971191,9.0600004196167,21100,0.0,0.0
2022-03-15 00:00:00-04:00,9.069999694824219,9.109999656677246,8.949999809265137,9.020000457763672,17000,0.0,0.0
2022-03-16 00:00:00-04:00,9.100000381469727,9.1899995803833,9.010000228881836,9.079999923706055,15800,0.0,0.0
2022-03-17 00:00:00-04:00,9.079999923706055,9.180000305175781,8.899999618530273,9.109999656677246,11000,0.0,0.0
2022-03-18 00:00:00-04:00,9.079999923706055,9.079999923706055,8.220000267028809,8.229999542236328,280600,0.0,0.0
2022-03-21 00:00:00-04:00,8.510000228881836,8.930000305175781,8.479999542236328,8.869999885559082,68100,0.0,0.0
2022-03-22 00:00:00-04:00,8.960000038146973,9.069999694824219,8.930000305175781,8.989999771118164,30300,0.0,0.0
2022-03-23 00:00:00-04:00,8.960000038146973,8.960000038146973,8.789999961853027,8.800000190734863,37900,0.0,0.0
2022-03-24 00:00:00-04:00,8.869999885559082,8.869999885559082,8.670000076293945,8.75,25100,0.0,0.0
2022-03-25 00:00:00-04:00,8.789999961853027,9.149999618530273,8.65999984741211,9.100000381469727,42100,0.0,0.0
2022-03-28 00:00:00-04:00,9.069999694824219,9.1899995803833,8.9399995803833,9.180000305175781,39100,0.0,0.0
2022-03-29 00:00:00-04:00,9.1899995803833,9.210000038146973,8.989999771118164,9.119999885559082,42200,0.0,0.0
2022-03-30 00:00:00-04:00,9.119999885559082,9.140000343322754,9.0,9.010000228881836,28900,0.0,0.0
2022-03-31 00:00:00-04:00,8.970000267028809,9.09000015258789,8.9399995803833,8.9399995803833,20600,0.0,0.0
2022-04-01 00:00:00-04:00,9.0600004196167,9.0600004196167,8.949999809265137,8.949999809265137,15800,0.0,0.0
2022-04-04 00:00:00-04:00,8.949999809265137,9.050000190734863,8.899999618530273,8.90999984741211,27500,0.0,0.0
2022-04-05 00:00:00-04:00,8.9399995803833,8.949999809265137,8.75,8.75,19900,0.0,0.0
2022-04-06 00:00:00-04:00,8.710000038146973,8.920000076293945,8.699999809265137,8.770000457763672,13700,0.0,0.0
2022-04-07 00:00:00-04:00,8.729999542236328,8.890000343322754,8.699999809265137,8.850000381469727,45400,0.0,0.0
2022-04-08 00:00:00-04:00,8.84000015258789,8.890000343322754,8.739999771118164,8.779999732971191,11500,0.0,0.0
2022-04-11 00:00:00-04:00,8.720000267028809,8.800000190734863,8.649999618530273,8.649999618530273,37200,0.0,0.0
2022-04-12 00:00:00-04:00,8.649999618530273,8.859999656677246,8.649999618530273,8.739999771118164,29200,0.0,0.0
2022-04-13 00:00:00-04:00,8.680000305175781,8.720000267028809,8.65999984741211,8.670000076293945,28200,0.0,0.0
2022-04-14 00:00:00-04:00,8.670000076293945,8.789999961853027,8.649999618530273,8.699999809265137,11300,0.0,0.0
2022-04-18 00:00:00-04:00,8.739999771118164,8.859999656677246,8.649999618530273,8.670000076293945,25700,0.0,0.0
2022-04-19 00:00:00-04:00,8.829999923706055,8.84000015258789,8.779999732971191,8.800000190734863,7000,0.0,0.0
2022-04-20 00:00:00-04:00,8.770000457763672,9.079999923706055,8.770000457763672,9.039999961853027,21900,0.0,0.0
2022-04-21 00:00:00-04:00,9.029999732971191,9.029999732971191,8.9399995803833,8.960000038146973,14800,0.0,0.0
2022-04-22 00:00:00-04:00,8.90999984741211,8.949999809265137,8.819999694824219,8.819999694824219,11600,0.0,0.0
2022-04-25 00:00:00-04:00,8.739999771118164,8.760000228881836,8.5,8.670000076293945,21600,0.0,0.0
2022-04-26 00:00:00-04:00,8.569999694824219,8.710000038146973,8.510000228881836,8.550000190734863,28200,0.0,0.0
2022-04-27 00:00:00-04:00,8.5600004196167,8.8100004196167,8.520000457763672,8.630000114440918,43700,0.0,0.0
2022-04-28 00:00:00-04:00,8.670000076293945,8.850000381469727,8.600000381469727,8.6899995803833,18900,0.0,0.0
2022-04-29 00:00:00-04:00,8.670000076293945,8.6899995803833,8.5,8.59000015258789,81100,0.0,0.0
2022-05-02 00:00:00-04:00,8.59000015258789,8.649999618530273,8.380000114440918,8.420000076293945,45500,0.0,0.0
2022-05-03 00:00:00-04:00,8.369999885559082,8.65999984741211,8.369999885559082,8.529999732971191,33700,0.0,0.0
2022-05-04 00:00:00-04:00,8.539999961853027,8.760000228881836,8.539999961853027,8.760000228881836,24600,0.0,0.0
2022-05-05 00:00:00-04:00,8.819999694824219,8.819999694824219,8.479999542236328,8.539999961853027,16000,0.0,0.0
2022-05-06 00:00:00-04:00,8.539999961853027,8.539999961853027,8.300000190734863,8.300000190734863,17300,0.0,0.0
2022-05-09 00:00:00-04:00,8.920000076293945,8.920000076293945,8.260000228881836,8.300000190734863,36800,0.0,0.0
2022-05-10 00:00:00-04:00,8.449999809265137,8.449999809265137,8.029999732971191,8.130000114440918,30000,0.0,0.0
2022-05-11 00:00:00-04:00,8.149999618530273,8.390000343322754,8.149999618530273,8.289999961853027,25800,0.0,0.0
2022-05-12 00:00:00-04:00,8.199999809265137,8.279999732971191,8.170000076293945,8.199999809265137,19400,0.0,0.0
2022-05-13 00:00:00-04:00,8.260000228881836,8.260000228881836,8.149999618530273,8.220000267028809,20200,0.0,0.0
2022-05-16 00:00:00-04:00,8.260000228881836,8.289999961853027,8.109999656677246,8.180000305175781,41600,0.0,0.0
2022-05-17 00:00:00-04:00,8.279999732971191,8.489999771118164,8.279999732971191,8.399999618530273,20200,0.0,0.0
2022-05-18 00:00:00-04:00,8.369999885559082,8.539999961853027,8.359999656677246,8.420000076293945,17400,0.0,0.0
2022-05-19 00:00:00-04:00,8.40999984741211,8.4399995803833,8.279999732971191,8.369999885559082,21200,0.0,0.0
2022-05-20 00:00:00-04:00,8.449999809265137,8.449999809265137,8.100000381469727,8.100000381469727,31200,0.0,0.0
2022-05-23 00:00:00-04:00,8.229999542236328,8.229999542236328,8.100000381469727,8.100000381469727,36100,0.0,0.0
2022-05-24 00:00:00-04:00,8.130000114440918,8.4399995803833,8.130000114440918,8.350000381469727,29400,0.0,0.0
2022-05-25 00:00:00-04:00,8.390000343322754,8.569999694824219,8.319999694824219,8.380000114440918,20800,0.0,0.0
2022-05-26 00:00:00-04:00,8.460000038146973,8.680000305175781,8.319999694824219,8.319999694824219,26000,0.0,0.0
2022-05-27 00:00:00-04:00,8.380000114440918,8.529999732971191,8.25,8.489999771118164,27500,0.0,0.0
2022-05-31 00:00:00-04:00,8.529999732971191,8.5600004196167,8.420000076293945,8.5,14400,0.0,0.0
2022-06-01 00:00:00-04:00,8.399999618530273,8.59000015258789,8.350000381469727,8.399999618530273,29900,0.0,0.0
2022-06-02 00:00:00-04:00,8.40999984741211,8.5600004196167,8.390000343322754,8.510000228881836,16600,0.0,0.0
2022-06-03 00:00:00-04:00,8.479999542236328,8.600000381469727,8.359999656677246,8.359999656677246,25000,0.0,0.0
2022-06-06 00:00:00-04:00,8.399999618530273,8.460000038146973,8.359999656677246,8.460000038146973,15100,0.0,0.0
2022-06-07 00:00:00-04:00,8.460000038146973,8.609999656677246,8.4399995803833,8.449999809265137,29500,0.0,0.0
2022-06-08 00:00:00-04:00,8.510000228881836,8.510000228881836,8.399999618530273,8.4399995803833,15500,0.0,0.0
2022-06-09 00:00:00-04:00,8.4399995803833,8.520000457763672,7.730000019073486,8.069999694824219,63600,0.0,0.0
2022-06-10 00:00:00-04:00,8.029999732971191,8.220000267028809,8.0,8.130000114440918,23400,0.0,0.0
2022-06-13 00:00:00-04:00,8.079999923706055,8.100000381469727,7.909999847412109,7.909999847412109,18100,0.0,0.0
2022-06-14 00:00:00-04:00,8.0600004196167,8.0600004196167,7.789999961853027,7.789999961853027,16000,0.0,0.0
2022-06-15 00:00:00-04:00,7.820000171661377,7.989999771118164,7.71999979019165,7.769999980926514,21100,0.0,0.0
2022-06-16 00:00:00-04:00,7.829999923706055,7.849999904632568,7.510000228881836,7.559999942779541,23100,0.0,0.0
2022-06-17 00:00:00-04:00,7.619999885559082,7.619999885559082,7.130000114440918,7.25,72200,0.0,0.0
2022-06-21 00:00:00-04:00,7.309999942779541,7.539999961853027,7.309999942779541,7.409999847412109,38200,0.0,0.0
2022-06-22 00:00:00-04:00,7.420000076293945,7.539999961853027,7.349999904632568,7.409999847412109,26300,0.0,0.0
2022-06-23 00:00:00-04:00,7.349999904632568,7.46999979019165,7.309999942779541,7.309999942779541,17800,0.0,0.0
2022-06-24 00:00:00-04:00,7.269999980926514,7.610000133514404,7.260000228881836,7.5,19300,0.0,0.0
2022-06-27 00:00:00-04:00,7.489999771118164,7.699999809265137,7.489999771118164,7.650000095367432,11700,0.0,0.0
2022-06-28 00:00:00-04:00,7.639999866485596,7.929999828338623,7.610000133514404,7.869999885559082,40600,0.0,0.0
2022-06-29 00:00:00-04:00,7.860000133514404,7.860000133514404,7.550000190734863,7.599999904632568,14100,0.0,0.0
2022-06-30 00:00:00-04:00,7.5,7.599999904632568,7.400000095367432,7.460000038146973,12000,0.0,0.0
2022-07-01 00:00:00-04:00,7.539999961853027,7.539999961853027,7.340000152587891,7.380000114440918,17300,0.0,0.0
2022-07-05 00:00:00-04:00,7.440000057220459,7.440000057220459,7.269999980926514,7.329999923706055,33200,0.0,0.0
2022-07-06 00:00:00-04:00,7.329999923706055,7.489999771118164,7.329999923706055,7.409999847412109,36900,0.0,0.0
2022-07-07 00:00:00-04:00,7.46999979019165,7.579999923706055,7.46999979019165,7.46999979019165,32000,0.0,0.0
2022-07-08 00:00:00-04:00,7.440000057220459,7.550000190734863,7.420000076293945,7.420000076293945,8100,0.0,0.0
2022-07-11 00:00:00-04:00,7.340000152587891,7.460000038146973,7.329999923706055,7.389999866485596,21100,0.0,0.0
2022-07-12 00:00:00-04:00,7.460000038146973,7.46999979019165,7.260000228881836,7.260000228881836,94900,0.0,0.0
2022-07-13 00:00:00-04:00,7.25,7.489999771118164,7.25,7.420000076293945,15700,0.0,0.0
2022-07-14 00:00:00-04:00,7.260000228881836,7.480000019073486,7.260000228881836,7.409999847412109,16700,0.0,0.0
2022-07-15 00:00:00-04:00,7.400000095367432,7.639999866485596,7.349999904632568,7.46999979019165,15600,0.0,0.0
2022-07-18 00:00:00-04:00,7.550000190734863,7.679999828338623,7.349999904632568,7.349999904632568,45800,0.0,0.0
2022-07-19 00:00:00-04:00,7.380000114440918,7.75,7.380000114440918,7.690000057220459,28800,0.0,0.0
2022-07-20 00:00:00-04:00,7.630000114440918,7.75,7.579999923706055,7.690000057220459,20800,0.0,0.0
2022-07-21 00:00:00-04:00,7.71999979019165,7.909999847412109,7.630000114440918,7.730000019073486,24000,0.0,0.0
2022-07-22 00:00:00-04:00,7.78000020980835,7.949999809265137,7.699999809265137,7.840000152587891,16000,0.0,0.0
2022-07-25 00:00:00-04:00,7.980000019073486,8.020000457763672,7.679999828338623,7.769999980926514,38600,0.0,0.0
2022-07-26 00:00:00-04:00,7.690000057220459,7.889999866485596,7.690000057220459,7.78000020980835,20800,0.0,0.0
2022-07-27 00:00:00-04:00,8.489999771118164,8.75,8.34000015258789,8.579999923706055,54500,0.0,0.0
2022-07-28 00:00:00-04:00,8.59000015258789,8.989999771118164,8.5,8.630000114440918,34500,0.0,0.0
2022-07-29 00:00:00-04:00,8.619999885559082,9.039999961853027,8.619999885559082,8.800000190734863,43400,0.0,0.0
2022-08-01 00:00:00-04:00,8.800000190734863,9.029999732971191,8.75,8.819999694824219,73300,0.0,0.0
2022-08-02 00:00:00-04:00,8.75,8.829999923706055,8.65999984741211,8.779999732971191,20800,0.0,0.0
2022-08-03 00:00:00-04:00,8.819999694824219,8.869999885559082,8.729999542236328,8.829999923706055,17300,0.0,0.0
2022-08-04 00:00:00-04:00,8.850000381469727,8.899999618530273,8.699999809265137,8.850000381469727,27600,0.0,0.0
2022-08-05 00:00:00-04:00,8.800000190734863,8.970000267028809,8.789999961853027,8.819999694824219,25100,0.0,0.0
2022-08-08 00:00:00-04:00,8.949999809265137,9.0,8.890000343322754,8.930000305175781,35400,0.0,0.0
2022-08-09 00:00:00-04:00,8.869999885559082,8.90999984741211,8.729999542236328,8.829999923706055,12000,0.0,0.0
2022-08-10 00:00:00-04:00,8.9399995803833,8.989999771118164,8.720000267028809,8.819999694824219,14900,0.0,0.0
2022-08-11 00:00:00-04:00,8.800000190734863,8.930000305175781,8.6899995803833,8.880000114440918,19900,0.0,0.0
2022-08-12 00:00:00-04:00,8.920000076293945,9.0,8.8100004196167,8.850000381469727,26900,0.0,0.0
2022-08-15 00:00:00-04:00,8.859999656677246,9.0,8.859999656677246,8.9399995803833,11300,0.0,0.0
2022-08-16 00:00:00-04:00,8.970000267028809,9.09000015258789,8.9399995803833,8.989999771118164,21500,0.0,0.0
2022-08-17 00:00:00-04:00,8.979999542236328,9.029999732971191,8.890000343322754,9.0,11800,0.0,0.0
2022-08-18 00:00:00-04:00,9.029999732971191,9.079999923706055,8.899999618530273,9.079999923706055,13100,0.0,0.0
2022-08-19 00:00:00-04:00,9.0,9.100000381469727,8.899999618530273,9.079999923706055,23700,0.0,0.0
2022-08-22 00:00:00-04:00,9.100000381469727,9.260000228881836,9.020000457763672,9.079999923706055,42000,0.0,0.0
2022-08-23 00:00:00-04:00,9.100000381469727,9.369999885559082,9.050000190734863,9.069999694824219,22600,0.0,0.0
2022-08-24 00:00:00-04:00,9.119999885559082,9.199999809265137,9.029999732971191,9.09000015258789,15500,0.0,0.0
2022-08-25 00:00:00-04:00,9.069999694824219,9.119999885559082,8.960000038146973,9.0,13100,0.0,0.0
2022-08-26 00:00:00-04:00,8.949999809265137,8.979999542236328,8.65999984741211,8.6899995803833,25000,0.0,0.0
2022-08-29 00:00:00-04:00,8.5600004196167,8.670000076293945,8.40999984741211,8.5,30200,0.0,0.0
2022-08-30 00:00:00-04:00,8.4399995803833,8.649999618530273,8.319999694824219,8.399999618530273,8200,0.0,0.0
2022-08-31 00:00:00-04:00,8.369999885559082,8.470000267028809,8.279999732971191,8.329999923706055,19200,0.0,0.0
2022-09-01 00:00:00-04:00,8.380000114440918,8.430000305175781,8.279999732971191,8.430000305175781,14500,0.0,0.0
2022-09-02 00:00:00-04:00,8.399999618530273,8.399999618530273,8.109999656677246,8.300000190734863,8200,0.0,0.0
2022-09-06 00:00:00-04:00,8.199999809265137,8.270000457763672,8.100000381469727,8.210000038146973,14500,0.0,0.0
2022-09-07 00:00:00-04:00,8.15999984741211,8.319999694824219,8.109999656677246,8.239999771118164,13400,0.0,0.0
2022-09-08 00:00:00-04:00,8.140000343322754,8.550000190734863,8.140000343322754,8.449999809265137,14000,0.0,0.0
2022-09-09 00:00:00-04:00,8.550000190734863,8.699999809265137,8.5,8.550000190734863,16800,0.0,0.0
2022-09-12 00:00:00-04:00,8.600000381469727,8.649999618530273,8.510000228881836,8.579999923706055,18600,0.0,0.0
2022-09-13 00:00:00-04:00,8.350000381469727,8.520000457763672,8.270000457763672,8.270000457763672,24100,0.0,0.0
2022-09-14 00:00:00-04:00,8.199999809265137,8.449999809265137,8.15999984741211,8.15999984741211,28600,0.0,0.0
2022-09-15 00:00:00-04:00,8.039999961853027,8.380000114440918,8.039999961853027,8.359999656677246,14700,0.0,0.0
2022-09-16 00:00:00-04:00,8.109999656677246,8.289999961853027,8.010000228881836,8.010000228881836,101700,0.0,0.0
2022-09-19 00:00:00-04:00,8.039999961853027,8.369999885559082,8.029999732971191,8.34000015258789,16100,0.0,0.0
2022-09-20 00:00:00-04:00,8.210000038146973,8.380000114440918,8.199999809265137,8.350000381469727,28700,0.0,0.0
2022-09-21 00:00:00-04:00,8.25,8.399999618530273,8.210000038146973,8.239999771118164,17600,0.0,0.0
2022-09-22 00:00:00-04:00,8.210000038146973,8.369999885559082,8.199999809265137,8.329999923706055,15100,0.0,0.0
2022-09-23 00:00:00-04:00,8.109999656677246,8.220000267028809,8.050000190734863,8.149999618530273,10800,0.0,0.0
2022-09-26 00:00:00-04:00,8.010000228881836,8.100000381469727,7.949999809265137,8.0,11400,0.0,0.0
2022-09-27 00:00:00-04:00,8.0600004196167,8.09000015258789,7.869999885559082,7.909999847412109,12300,0.0,0.0
2022-09-28 00:00:00-04:00,7.989999771118164,8.3100004196167,7.909999847412109,8.029999732971191,18100,0.0,0.0
2022-09-29 00:00:00-04:00,8.039999961853027,8.140000343322754,8.020000457763672,8.130000114440918,6700,0.0,0.0
2022-09-30 00:00:00-04:00,8.130000114440918,8.210000038146973,8.09000015258789,8.130000114440918,15000,0.0,0.0
2022-10-03 00:00:00-04:00,8.319999694824219,8.550000190734863,8.09000015258789,8.470000267028809,28500,0.0,0.0
2022-10-04 00:00:00-04:00,8.510000228881836,8.6899995803833,8.5,8.569999694824219,27200,0.0,0.0
2022-10-05 00:00:00-04:00,8.479999542236328,8.59000015258789,8.270000457763672,8.40999984741211,44900,0.0,0.0
2022-10-06 00:00:00-04:00,8.430000305175781,8.449999809265137,8.3100004196167,8.350000381469727,7300,0.0,0.0
2022-10-07 00:00:00-04:00,8.140000343322754,8.390000343322754,8.140000343322754,8.260000228881836,13400,0.0,0.0
2022-10-10 00:00:00-04:00,8.25,8.420000076293945,8.220000267028809,8.260000228881836,10600,0.0,0.0
2022-10-11 00:00:00-04:00,8.210000038146973,8.420000076293945,8.15999984741211,8.260000228881836,17200,0.0,0.0
2022-10-12 00:00:00-04:00,8.140000343322754,8.430000305175781,8.140000343322754,8.369999885559082,12400,0.0,0.0
2022-10-13 00:00:00-04:00,8.229999542236328,8.649999618530273,8.229999542236328,8.59000015258789,13900,0.0,0.0
2022-10-14 00:00:00-04:00,8.399999618530273,8.59000015258789,8.399999618530273,8.5600004196167,9100,0.0,0.0
2022-10-17 00:00:00-04:00,8.59000015258789,8.600000381469727,8.300000190734863,8.569999694824219,13400,0.0,0.0
2022-10-18 00:00:00-04:00,8.600000381469727,8.699999809265137,8.520000457763672,8.569999694824219,12300,0.0,0.0
2022-10-19 00:00:00-04:00,8.579999923706055,8.619999885559082,8.5,8.5,11300,0.0,0.0
2022-10-20 00:00:00-04:00,8.289999961853027,8.65999984741211,8.289999961853027,8.579999923706055,9900,0.0,0.0
2022-10-21 00:00:00-04:00,8.550000190734863,8.550000190734863,8.390000343322754,8.390000343322754,15800,0.0,0.0
2022-10-24 00:00:00-04:00,8.399999618530273,8.399999618530273,8.319999694824219,8.399999618530273,16300,0.0,0.0
2022-10-25 00:00:00-04:00,8.25,8.579999923706055,8.25,8.4399995803833,21600,0.0,0.0
2022-10-26 00:00:00-04:00,8.550000190734863,8.600000381469727,8.479999542236328,8.510000228881836,26400,0.0,0.0
2022-10-27 00:00:00-04:00,8.489999771118164,8.619999885559082,8.489999771118164,8.569999694824219,41500,0.0,0.0
2022-10-28 00:00:00-04:00,8.640000343322754,8.84000015258789,8.59000015258789,8.800000190734863,27500,0.0,0.0
2022-10-31 00:00:00-04:00,8.789999961853027,8.789999961853027,8.649999618530273,8.75,22800,0.0,0.0
2022-11-01 00:00:00-04:00,8.65999984741211,8.800000190734863,8.65999984741211,8.779999732971191,24600,0.0,0.0
2022-11-02 00:00:00-04:00,8.779999732971191,8.779999732971191,8.75,8.75,17500,0.0,0.0
2022-11-03 00:00:00-04:00,8.729999542236328,8.899999618530273,8.729999542236328,8.880000114440918,55300,0.0,0.0
2022-11-04 00:00:00-04:00,8.979999542236328,8.989999771118164,8.920000076293945,8.989999771118164,13000,0.0,0.0
2022-11-07 00:00:00-05:00,9.0,9.09000015258789,8.949999809265137,9.0,23900,0.0,0.0
2022-11-08 00:00:00-05:00,8.989999771118164,8.989999771118164,8.84000015258789,8.90999984741211,21400,0.0,0.0
2022-11-09 00:00:00-05:00,8.9399995803833,9.039999961853027,8.90999984741211,9.029999732971191,40700,0.0,0.0
2022-11-10 00:00:00-05:00,9.039999961853027,9.100000381469727,8.720000267028809,9.079999923706055,41200,0.0,0.0
2022-11-11 00:00:00-05:00,9.020000457763672,9.199999809265137,9.020000457763672,9.170000076293945,36700,0.0,0.0
2022-11-14 00:00:00-05:00,9.180000305175781,9.199999809265137,9.0,9.0,27000,0.0,0.0
2022-11-15 00:00:00-05:00,9.149999618530273,9.1899995803833,9.079999923706055,9.15999984741211,19500,0.0,0.0
2022-11-16 00:00:00-05:00,9.140000343322754,9.329999923706055,9.140000343322754,9.270000457763672,53800,0.0,0.0
2022-11-17 00:00:00-05:00,9.260000228881836,9.399999618530273,9.260000228881836,9.399999618530273,57900,0.0,0.0
2022-11-18 00:00:00-05:00,9.399999618530273,9.5,9.380000114440918,9.470000267028809,35000,0.0,0.0
2022-11-21 00:00:00-05:00,9.5,9.75,9.460000038146973,9.520000457763672,41400,0.0,0.0
2022-11-22 00:00:00-05:00,9.460000038146973,9.699999809265137,9.449999809265137,9.649999618530273,37000,0.0,0.0
2022-11-23 00:00:00-05:00,9.699999809265137,9.899999618530273,9.539999961853027,9.770000457763672,28800,0.0,0.0
2022-11-25 00:00:00-05:00,9.880000114440918,9.989999771118164,9.289999961853027,9.859999656677246,19500,0.0,0.0
2022-11-28 00:00:00-05:00,9.770000457763672,10.25,9.699999809265137,9.819999694824219,45000,0.0,0.0
2022-11-29 00:00:00-05:00,9.739999771118164,10.0,9.720000267028809,9.90999984741211,28400,0.0,0.0
2022-11-30 00:00:00-05:00,9.960000038146973,9.989999771118164,9.65999984741211,9.9399995803833,43600,0.0,0.0
2022-12-01 00:00:00-05:00,9.880000114440918,9.880000114440918,9.720000267028809,9.75,21100,0.0,0.0
2022-12-02 00:00:00-05:00,9.699999809265137,9.850000381469727,9.520000457763672,9.850000381469727,14700,0.0,0.0
2022-12-05 00:00:00-05:00,9.760000228881836,9.84000015258789,9.649999618530273,9.84000015258789,40900,0.0,0.0
2022-12-06 00:00:00-05:00,9.800000190734863,9.8100004196167,9.699999809265137,9.770000457763672,44400,0.0,0.0
2022-12-07 00:00:00-05:00,9.770000457763672,9.800000190734863,9.670000076293945,9.720000267028809,36500,0.0,0.0
2022-12-08 00:00:00-05:00,9.770000457763672,9.770000457763672,9.579999923706055,9.720000267028809,27900,0.0,0.0
2022-12-09 00:00:00-05:00,9.75,9.789999961853027,9.65999984741211,9.710000038146973,32300,0.0,0.0
2022-12-12 00:00:00-05:00,9.739999771118164,9.739999771118164,9.600000381469727,9.640000343322754,14800,0.0,0.0
2022-12-13 00:00:00-05:00,9.760000228881836,9.760000228881836,9.359999656677246,9.369999885559082,78600,0.0,0.0
2022-12-14 00:00:00-05:00,9.430000305175781,9.569999694824219,9.380000114440918,9.420000076293945,24300,0.0,0.0
2022-12-15 00:00:00-05:00,9.40999984741211,9.460000038146973,9.15999984741211,9.25,51300,0.0,0.0
2022-12-16 00:00:00-05:00,9.149999618530273,9.510000228881836,8.789999961853027,9.079999923706055,205700,0.0,0.0
2022-12-19 00:00:00-05:00,9.140000343322754,9.630000114440918,9.0600004196167,9.0600004196167,21100,0.0,0.0
2022-12-20 00:00:00-05:00,9.109999656677246,9.729999542236328,9.079999923706055,9.630000114440918,116200,0.0,0.0
2022-12-21 00:00:00-05:00,9.739999771118164,9.739999771118164,9.600000381469727,9.609999656677246,29800,0.0,0.0
2022-12-22 00:00:00-05:00,9.630000114440918,9.630000114440918,9.430000305175781,9.510000228881836,35500,0.0,0.0
2022-12-23 00:00:00-05:00,9.550000190734863,9.649999618530273,9.550000190734863,9.5600004196167,22200,0.0,0.0
2022-12-27 00:00:00-05:00,9.529999732971191,9.630000114440918,9.510000228881836,9.510000228881836,11700,0.0,0.0
2022-12-28 00:00:00-05:00,9.5600004196167,9.579999923706055,9.430000305175781,9.430000305175781,14100,0.0,0.0
2022-12-29 00:00:00-05:00,9.5,9.5,9.399999618530273,9.4399995803833,17400,0.0,0.0
2022-12-30 00:00:00-05:00,9.449999809265137,9.489999771118164,9.390000343322754,9.460000038146973,43900,0.0,0.0
2023-01-03 00:00:00-05:00,9.449999809265137,9.5,9.399999618530273,9.420000076293945,38800,0.0,0.0
2023-01-04 00:00:00-05:00,9.489999771118164,9.5,9.430000305175781,9.479999542236328,34600,0.0,0.0
2023-01-05 00:00:00-05:00,9.399999618530273,9.539999961853027,9.319999694824219,9.470000267028809,70500,0.0,0.0
2023-01-06 00:00:00-05:00,9.5,9.550000190734863,9.5,9.550000190734863,79700,0.0,0.0
2023-01-09 00:00:00-05:00,9.600000381469727,9.75,9.520000457763672,9.6899995803833,100300,0.0,0.0
2023-01-10 00:00:00-05:00,9.729999542236328,9.979999542236328,9.729999542236328,9.880000114440918,94900,0.0,0.0
2023-01-11 00:00:00-05:00,9.949999809265137,9.949999809265137,9.609999656677246,9.710000038146973,58800,0.0,0.0
2023-01-12 00:00:00-05:00,9.699999809265137,9.699999809265137,9.529999732971191,9.619999885559082,23800,0.0,0.0
2023-01-13 00:00:00-05:00,9.5600004196167,9.760000228881836,9.510000228881836,9.739999771118164,26900,0.0,0.0
2023-01-17 00:00:00-05:00,9.739999771118164,9.739999771118164,9.579999923706055,9.609999656677246,19200,0.0,0.0
2023-01-18 00:00:00-05:00,9.609999656677246,9.619999885559082,9.460000038146973,9.5,16800,0.0,0.0
2023-01-19 00:00:00-05:00,9.5600004196167,9.5600004196167,9.420000076293945,9.479999542236328,15000,0.0,0.0
2023-01-20 00:00:00-05:00,9.489999771118164,9.680000305175781,9.4399995803833,9.449999809265137,26600,0.0,0.0
2023-01-23 00:00:00-05:00,9.449999809265137,9.579999923706055,9.4399995803833,9.489999771118164,24200,0.0,0.0
2023-01-24 00:00:00-05:00,9.430000305175781,9.460000038146973,9.350000381469727,9.460000038146973,39600,0.0,0.0
2023-01-25 00:00:00-05:00,9.75,9.84000015258789,9.470000267028809,9.609999656677246,35500,0.0,0.0
2023-01-26 00:00:00-05:00,9.640000343322754,9.710000038146973,9.640000343322754,9.699999809265137,37900,0.0,0.0
2023-01-27 00:00:00-05:00,9.720000267028809,9.729999542236328,9.579999923706055,9.640000343322754,45200,0.0,0.0
2023-01-30 00:00:00-05:00,9.630000114440918,9.680000305175781,9.5600004196167,9.640000343322754,21300,0.0,0.0
2023-01-31 00:00:00-05:00,9.649999618530273,9.75,9.5600004196167,9.75,93800,0.0,0.0
2023-02-01 00:00:00-05:00,9.75,9.899999618530273,9.75,9.800000190734863,65900,0.0,0.0
2023-02-02 00:00:00-05:00,9.819999694824219,9.920000076293945,9.819999694824219,9.920000076293945,43500,0.0,0.0
2023-02-03 00:00:00-05:00,9.8100004196167,9.949999809265137,9.8100004196167,9.920000076293945,52900,0.0,0.0
2023-02-06 00:00:00-05:00,9.930000305175781,9.949999809265137,9.899999618530273,9.930000305175781,36000,0.0,0.0
2023-02-07 00:00:00-05:00,9.720000267028809,10.199999809265137,9.720000267028809,10.09000015258789,75300,0.0,0.0
2023-02-08 00:00:00-05:00,10.140000343322754,10.149999618530273,9.760000228881836,9.8100004196167,30300,0.0,0.0
2023-02-09 00:00:00-05:00,9.880000114440918,9.880000114440918,9.5600004196167,9.600000381469727,20700,0.0,0.0
2023-02-10 00:00:00-05:00,9.5600004196167,9.720000267028809,9.5600004196167,9.720000267028809,30200,0.0,0.0
2023-02-13 00:00:00-05:00,9.739999771118164,9.899999618530273,9.739999771118164,9.829999923706055,46300,0.0,0.0
2023-02-14 00:00:00-05:00,9.829999923706055,9.890000343322754,9.699999809265137,9.710000038146973,41900,0.0,0.0
2023-02-15 00:00:00-05:00,9.699999809265137,9.779999732971191,9.539999961853027,9.670000076293945,35500,0.0,0.0
2023-02-16 00:00:00-05:00,9.569999694824219,9.930000305175781,9.569999694824219,9.899999618530273,68800,0.0,0.0
2023-02-17 00:00:00-05:00,9.880000114440918,10.039999961853027,9.859999656677246,10.029999732971191,104600,0.0,0.0
2023-02-21 00:00:00-05:00,9.770000457763672,10.119999885559082,9.770000457763672,10.039999961853027,76700,0.0,0.0
2023-02-22 00:00:00-05:00,10.109999656677246,10.15999984741211,9.960000038146973,10.0,75600,0.0,0.0
2023-02-23 00:00:00-05:00,10.079999923706055,10.09000015258789,9.970000267028809,10.09000015258789,21500,0.0,0.0
2023-02-24 00:00:00-05:00,9.90999984741211,10.029999732971191,9.779999732971191,9.9399995803833,24400,0.0,0.0
2023-02-27 00:00:00-05:00,10.0600004196167,10.09000015258789,9.970000267028809,10.079999923706055,29400,0.0,0.0
2023-02-28 00:00:00-05:00,10.100000381469727,10.119999885559082,10.010000228881836,10.079999923706055,46300,0.0,0.0
2023-03-01 00:00:00-05:00,10.039999961853027,10.069999694824219,9.890000343322754,10.010000228881836,39700,0.0,0.0
2023-03-02 00:00:00-05:00,10.010000228881836,10.010000228881836,9.899999618530273,9.930000305175781,28500,0.0,0.0
2023-03-03 00:00:00-05:00,9.920000076293945,9.989999771118164,9.880000114440918,9.9399995803833,30700,0.0,0.0
2023-03-06 00:00:00-05:00,9.9399995803833,9.960000038146973,9.850000381469727,9.899999618530273,25400,0.0,0.0
2023-03-07 00:00:00-05:00,9.859999656677246,9.899999618530273,9.6899995803833,9.84000015258789,51600,0.0,0.0
2023-03-08 00:00:00-05:00,9.4399995803833,9.930000305175781,9.4399995803833,9.890000343322754,65800,0.0,0.0
2023-03-09 00:00:00-05:00,9.930000305175781,9.930000305175781,9.510000228881836,9.630000114440918,73000,0.0,0.0
2023-03-10 00:00:00-05:00,9.550000190734863,9.550000190734863,9.199999809265137,9.390000343322754,69700,0.0,0.0
2023-03-13 00:00:00-04:00,9.180000305175781,9.180000305175781,8.670000076293945,8.789999961853027,83400,0.0,0.0
2023-03-14 00:00:00-04:00,9.020000457763672,9.359999656677246,8.75,8.850000381469727,72500,0.0,0.0
2023-03-15 00:00:00-04:00,8.720000267028809,9.039999961853027,8.670000076293945,8.890000343322754,57900,0.0,0.0
2023-03-16 00:00:00-04:00,8.789999961853027,9.529999732971191,8.65999984741211,9.4399995803833,60100,0.0,0.0
2023-03-17 00:00:00-04:00,9.300000190734863,9.34000015258789,8.520000457763672,8.649999618530273,113800,0.0,0.0
2023-03-20 00:00:00-04:00,8.75,8.949999809265137,8.140000343322754,8.5600004196167,130400,0.0,0.0
2023-03-21 00:00:00-04:00,8.680000305175781,8.930000305175781,8.600000381469727,8.859999656677246,61200,0.0,0.0
2023-03-22 00:00:00-04:00,8.649999618530273,8.770000457763672,8.449999809265137,8.5,63500,0.0,0.0
2023-03-23 00:00:00-04:00,8.489999771118164,8.569999694824219,8.170000076293945,8.270000457763672,65900,0.0,0.0
2023-03-24 00:00:00-04:00,8.239999771118164,8.619999885559082,8.199999809265137,8.619999885559082,54000,0.0,0.0
2023-03-27 00:00:00-04:00,8.680000305175781,8.75,8.399999618530273,8.399999618530273,88500,0.0,0.0
2023-03-28 00:00:00-04:00,8.399999618530273,8.489999771118164,8.270000457763672,8.390000343322754,50900,0.0,0.0
2023-03-29 00:00:00-04:00,8.4399995803833,8.4399995803833,8.3100004196167,8.350000381469727,19700,0.0,0.0
2023-03-30 00:00:00-04:00,8.300000190734863,8.449999809265137,8.199999809265137,8.239999771118164,22100,0.0,0.0
2023-03-31 00:00:00-04:00,8.279999732971191,8.279999732971191,8.119999885559082,8.210000038146973,28700,0.0,0.0
2023-04-03 00:00:00-04:00,8.180000305175781,8.489999771118164,8.180000305175781,8.350000381469727,73000,0.0,0.0
2023-04-04 00:00:00-04:00,8.350000381469727,8.350000381469727,8.029999732971191,8.079999923706055,51300,0.0,0.0
2023-04-05 00:00:00-04:00,8.09000015258789,8.220000267028809,7.960000038146973,8.149999618530273,49100,0.0,0.0
2023-04-06 00:00:00-04:00,8.100000381469727,8.15999984741211,7.989999771118164,8.0600004196167,18300,0.0,0.0
2023-04-10 00:00:00-04:00,8.0600004196167,8.140000343322754,7.880000114440918,7.960000038146973,89100,0.0,0.0
2023-04-11 00:00:00-04:00,7.940000057220459,8.029999732971191,7.849999904632568,7.920000076293945,65400,0.0,0.0
2023-04-12 00:00:00-04:00,7.900000095367432,7.949999809265137,7.75,7.920000076293945,62100,0.0,0.0
2023-04-13 00:00:00-04:00,7.880000114440918,7.909999847412109,7.75,7.840000152587891,52700,0.0,0.0
2023-04-14 00:00:00-04:00,7.889999866485596,7.889999866485596,7.610000133514404,7.75,50800,0.0,0.0
2023-04-17 00:00:00-04:00,7.78000020980835,7.78000020980835,7.46999979019165,7.699999809265137,45200,0.0,0.0
2023-04-18 00:00:00-04:00,7.670000076293945,7.789999961853027,7.440000057220459,7.570000171661377,89300,0.0,0.0
2023-04-19 00:00:00-04:00,7.639999866485596,7.869999885559082,7.53000020980835,7.869999885559082,67400,0.0,0.0
2023-04-20 00:00:00-04:00,7.849999904632568,7.920000076293945,7.699999809265137,7.880000114440918,63000,0.0,0.0
2023-04-21 00:00:00-04:00,7.849999904632568,7.880000114440918,7.659999847412109,7.739999771118164,131000,0.0,0.0
2023-04-24 00:00:00-04:00,7.769999980926514,7.989999771118164,7.769999980926514,7.900000095367432,83300,0.0,0.0
2023-04-25 00:00:00-04:00,7.829999923706055,7.829999923706055,7.380000114440918,7.539999961853027,87100,0.0,0.0
2023-04-26 00:00:00-04:00,7.460000038146973,7.570000171661377,7.010000228881836,7.099999904632568,56600,0.0,0.0
2023-04-27 00:00:00-04:00,7.059999942779541,7.110000133514404,6.760000228881836,6.860000133514404,72600,0.0,0.0
2023-04-28 00:00:00-04:00,6.869999885559082,7.059999942779541,6.650000095367432,6.769999980926514,164300,0.0,0.0
2023-05-01 00:00:00-04:00,6.800000190734863,6.809999942779541,6.329999923706055,6.400000095367432,117600,0.0,0.0
2023-05-02 00:00:00-04:00,6.449999809265137,6.449999809265137,5.840000152587891,6.010000228881836,195600,0.0,0.0
2023-05-03 00:00:00-04:00,6.079999923706055,6.420000076293945,6.050000190734863,6.150000095367432,187700,0.0,0.0
2023-05-04 00:00:00-04:00,6.150000095367432,6.260000228881836,5.800000190734863,5.849999904632568,160700,0.0,0.0
2023-05-05 00:00:00-04:00,6.019999980926514,6.110000133514404,5.869999885559082,6.0,88300,0.0,0.0
2023-05-08 00:00:00-04:00,6.070000171661377,6.159999847412109,6.010000228881836,6.019999980926514,71900,0.0,0.0
2023-05-09 00:00:00-04:00,6.010000228881836,6.010000228881836,5.71999979019165,5.840000152587891,52700,0.0,0.0
2023-05-10 00:00:00-04:00,5.960000038146973,5.989999771118164,5.849999904632568,5.940000057220459,44200,0.0,0.0
2023-05-11 00:00:00-04:00,5.900000095367432,5.920000076293945,5.769999980926514,5.849999904632568,36800,0.0,0.0
2023-05-12 00:00:00-04:00,5.889999866485596,5.960000038146973,5.820000171661377,5.849999904632568,125600,0.0,0.0
2023-05-15 00:00:00-04:00,5.869999885559082,6.019999980926514,5.869999885559082,5.900000095367432,29300,0.0,0.0
2023-05-16 00:00:00-04:00,5.889999866485596,5.980000019073486,5.840000152587891,5.840000152587891,43300,0.0,0.0
2023-05-17 00:00:00-04:00,5.949999809265137,6.119999885559082,5.949999809265137,6.119999885559082,75600,0.0,0.0
2023-05-18 00:00:00-04:00,6.130000114440918,6.150000095367432,6.039999961853027,6.050000190734863,49300,0.0,0.0
2023-05-19 00:00:00-04:00,6.039999961853027,6.079999923706055,5.900000095367432,5.949999809265137,47100,0.0,0.0
2023-05-22 00:00:00-04:00,5.949999809265137,6.059999942779541,5.860000133514404,5.980000019073486,98600,0.0,0.0
2023-05-23 00:00:00-04:00,6.0,6.28000020980835,6.0,6.090000152587891,85200,0.0,0.0
2023-05-24 00:00:00-04:00,6.099999904632568,6.179999828338623,5.869999885559082,5.980000019073486,67700,0.0,0.0
2023-05-25 00:00:00-04:00,5.949999809265137,6.019999980926514,5.860000133514404,5.880000114440918,48600,0.0,0.0
2023-05-26 00:00:00-04:00,5.829999923706055,5.920000076293945,5.679999828338623,5.900000095367432,67200,0.0,0.0
2023-05-30 00:00:00-04:00,5.929999828338623,5.929999828338623,5.659999847412109,5.75,36300,0.0,0.0
2023-05-31 00:00:00-04:00,5.75,5.78000020980835,5.579999923706055,5.659999847412109,66300,0.0,0.0
2023-06-01 00:00:00-04:00,5.699999809265137,5.739999771118164,5.610000133514404,5.690000057220459,54400,0.0,0.0
2023-06-02 00:00:00-04:00,5.730000019073486,6.0,5.730000019073486,5.96999979019165,61700,0.0,0.0
2023-06-05 00:00:00-04:00,5.960000038146973,5.960000038146973,5.630000114440918,5.820000171661377,92000,0.0,0.0
2023-06-06 00:00:00-04:00,5.920000076293945,6.119999885559082,5.920000076293945,6.070000171661377,92500,0.0,0.0
2023-06-07 00:00:00-04:00,6.079999923706055,6.179999828338623,6.079999923706055,6.150000095367432,57100,0.0,0.0
2023-06-08 00:00:00-04:00,6.139999866485596,6.139999866485596,5.980000019073486,6.010000228881836,24100,0.0,0.0
2023-06-09 00:00:00-04:00,6.0,6.079999923706055,5.949999809265137,5.949999809265137,46400,0.0,0.0
2023-06-12 00:00:00-04:00,6.03000020980835,6.059999942779541,5.860000133514404,5.880000114440918,32100,0.0,0.0
2023-06-13 00:00:00-04:00,5.880000114440918,6.099999904632568,5.880000114440918,6.050000190734863,44500,0.0,0.0
2023-06-14 00:00:00-04:00,6.050000190734863,6.150000095367432,5.889999866485596,5.949999809265137,52500,0.0,0.0
2023-06-15 00:00:00-04:00,5.96999979019165,6.159999847412109,5.96999979019165,6.119999885559082,65800,0.0,0.0
2023-06-16 00:00:00-04:00,6.130000114440918,6.130000114440918,5.869999885559082,5.889999866485596,43000,0.0,0.0
2023-06-20 00:00:00-04:00,5.909999847412109,6.0,5.880000114440918,5.920000076293945,51700,0.0,0.0
2023-06-21 00:00:00-04:00,5.880000114440918,5.909999847412109,5.840000152587891,5.869999885559082,49200,0.0,0.0
2023-06-22 00:00:00-04:00,5.880000114440918,5.880000114440918,5.679999828338623,5.75,95300,0.0,0.0
2023-06-23 00:00:00-04:00,5.75,5.880000114440918,5.75,5.769999980926514,43500,0.0,0.0
2023-06-26 00:00:00-04:00,5.769999980926514,5.929999828338623,5.75,5.900000095367432,28400,0.0,0.0
2023-06-27 00:00:00-04:00,5.909999847412109,5.96999979019165,5.78000020980835,5.920000076293945,20300,0.0,0.0
2023-06-28 00:00:00-04:00,5.960000038146973,5.960000038146973,5.800000190734863,5.809999942779541,28400,0.0,0.0
2023-06-29 00:00:00-04:00,5.940000057220459,5.960000038146973,5.809999942779541,5.869999885559082,9700,0.0,0.0
2023-06-30 00:00:00-04:00,5.869999885559082,5.869999885559082,5.800000190734863,5.840000152587891,15500,0.0,0.0
2023-07-03 00:00:00-04:00,5.849999904632568,5.920000076293945,5.849999904632568,5.900000095367432,3100,0.0,0.0
2023-07-05 00:00:00-04:00,5.829999923706055,5.900000095367432,5.78000020980835,5.869999885559082,31200,0.0,0.0
2023-07-06 00:00:00-04:00,5.880000114440918,5.880000114440918,5.679999828338623,5.78000020980835,111300,0.0,0.0
2023-07-07 00:00:00-04:00,5.809999942779541,5.909999847412109,5.769999980926514,5.860000133514404,31300,0.0,0.0
2023-07-10 00:00:00-04:00,5.880000114440918,5.96999979019165,5.800000190734863,5.800000190734863,20100,0.0,0.0
2023-07-11 00:00:00-04:00,5.849999904632568,5.989999771118164,5.820000171661377,5.820000171661377,39400,0.0,0.0
2023-07-12 00:00:00-04:00,5.880000114440918,6.050000190734863,5.860000133514404,5.96999979019165,32600,0.0,0.0
2023-07-13 00:00:00-04:00,5.940000057220459,6.099999904632568,5.940000057220459,6.099999904632568,55000,0.0,0.0
2023-07-14 00:00:00-04:00,6.179999828338623,6.179999828338623,5.980000019073486,6.059999942779541,20700,0.0,0.0
2023-07-17 00:00:00-04:00,6.079999923706055,6.119999885559082,6.039999961853027,6.059999942779541,21600,0.0,0.0
2023-07-18 00:00:00-04:00,6.079999923706055,6.329999923706055,6.079999923706055,6.329999923706055,44700,0.0,0.0
2023-07-19 00:00:00-04:00,6.320000171661377,6.5,6.260000228881836,6.5,39300,0.0,0.0
2023-07-20 00:00:00-04:00,6.449999809265137,6.480000019073486,6.369999885559082,6.480000019073486,23600,0.0,0.0
2023-07-21 00:00:00-04:00,6.559999942779541,6.559999942779541,6.389999866485596,6.449999809265137,13600,0.0,0.0
2023-07-24 00:00:00-04:00,6.5,6.519999980926514,6.449999809265137,6.510000228881836,22300,0.0,0.0
2023-07-25 00:00:00-04:00,6.510000228881836,6.510000228881836,6.400000095367432,6.409999847412109,9400,0.0,0.0
2023-07-26 00:00:00-04:00,6.480000019073486,6.71999979019165,6.420000076293945,6.5,63600,0.0,0.0
2023-07-27 00:00:00-04:00,6.639999866485596,6.639999866485596,6.449999809265137,6.510000228881836,50600,0.0,0.0
2023-07-28 00:00:00-04:00,6.519999980926514,6.699999809265137,6.510000228881836,6.699999809265137,22900,0.0,0.0
2023-07-31 00:00:00-04:00,6.710000038146973,6.710000038146973,6.599999904632568,6.690000057220459,35000,0.0,0.0
2023-08-01 00:00:00-04:00,6.690000057220459,6.690000057220459,6.519999980926514,6.610000133514404,33500,0.0,0.0
2023-08-02 00:00:00-04:00,6.570000171661377,6.650000095367432,6.489999771118164,6.510000228881836,38700,0.0,0.0
2023-08-03 00:00:00-04:00,6.570000171661377,6.650000095367432,6.449999809265137,6.599999904632568,31900,0.0,0.0
2023-08-04 00:00:00-04:00,6.650000095367432,6.690000057220459,6.5,6.599999904632568,88300,0.0,0.0
2023-08-07 00:00:00-04:00,6.610000133514404,6.639999866485596,6.53000020980835,6.579999923706055,54500,0.0,0.0
2023-08-08 00:00:00-04:00,6.449999809265137,6.510000228881836,6.369999885559082,6.400000095367432,63500,0.0,0.0
2023-08-09 00:00:00-04:00,6.449999809265137,6.449999809265137,6.329999923706055,6.389999866485596,36300,0.0,0.0
2023-08-10 00:00:00-04:00,6.369999885559082,6.429999828338623,6.320000171661377,6.389999866485596,36700,0.0,0.0
2023-08-11 00:00:00-04:00,6.349999904632568,6.440000057220459,6.349999904632568,6.429999828338623,13200,0.0,0.0
2023-08-14 00:00:00-04:00,6.429999828338623,6.429999828338623,6.349999904632568,6.360000133514404,40200,0.0,0.0
2023-08-15 00:00:00-04:00,6.320000171661377,6.380000114440918,6.25,6.320000171661377,29700,0.0,0.0
2023-08-16 00:00:00-04:00,6.25,6.329999923706055,6.25,6.309999942779541,19200,0.0,0.0
2023-08-17 00:00:00-04:00,6.300000190734863,6.380000114440918,6.25,6.300000190734863,15800,0.0,0.0
2023-08-18 00:00:00-04:00,6.260000228881836,6.400000095367432,6.260000228881836,6.369999885559082,10100,0.0,0.0
2023-08-21 00:00:00-04:00,6.349999904632568,6.380000114440918,6.21999979019165,6.269999980926514,39300,0.0,0.0
2023-08-22 00:00:00-04:00,6.309999942779541,6.320000171661377,6.090000152587891,6.21999979019165,43800,0.0,0.0
2023-08-23 00:00:00-04:00,6.269999980926514,6.429999828338623,6.199999809265137,6.21999979019165,22100,0.0,0.0
2023-08-24 00:00:00-04:00,6.260000228881836,6.329999923706055,6.150000095367432,6.239999771118164,31100,0.0,0.0
2023-08-25 00:00:00-04:00,6.239999771118164,6.28000020980835,6.119999885559082,6.21999979019165,23100,0.0,0.0
2023-08-28 00:00:00-04:00,6.269999980926514,6.349999904632568,6.25,6.269999980926514,20400,0.0,0.0
2023-08-29 00:00:00-04:00,6.320000171661377,6.400000095367432,6.269999980926514,6.300000190734863,18400,0.0,0.0
2023-08-30 00:00:00-04:00,6.309999942779541,6.349999904632568,6.25,6.300000190734863,26000,0.0,0.0
2023-08-31 00:00:00-04:00,6.300000190734863,6.360000133514404,6.159999847412109,6.300000190734863,23800,0.0,0.0
2023-09-01 00:00:00-04:00,6.300000190734863,6.440000057220459,6.300000190734863,6.409999847412109,18000,0.0,0.0
2023-09-05 00:00:00-04:00,6.369999885559082,6.369999885559082,6.210000038146973,6.25,25400,0.0,0.0
2023-09-06 00:00:00-04:00,6.269999980926514,6.289999961853027,6.150000095367432,6.25,40400,0.0,0.0
2023-09-07 00:00:00-04:00,6.25,6.309999942779541,6.190000057220459,6.309999942779541,49200,0.0,0.0
2023-09-08 00:00:00-04:00,6.269999980926514,6.369999885559082,6.239999771118164,6.320000171661377,19700,0.0,0.0
2023-09-11 00:00:00-04:00,6.380000114440918,6.550000190734863,6.230000019073486,6.269999980926514,143000,0.0,0.0
2023-09-12 00:00:00-04:00,6.340000152587891,6.46999979019165,6.239999771118164,6.389999866485596,19300,0.0,0.0
2023-09-13 00:00:00-04:00,6.340000152587891,6.389999866485596,6.289999961853027,6.289999961853027,33700,0.0,0.0
2023-09-14 00:00:00-04:00,6.300000190734863,6.5,6.300000190734863,6.46999979019165,37400,0.0,0.0
2023-09-15 00:00:00-04:00,6.460000038146973,6.480000019073486,6.340000152587891,6.440000057220459,49400,0.0,0.0
2023-09-18 00:00:00-04:00,6.380000114440918,6.460000038146973,6.320000171661377,6.389999866485596,19600,0.0,0.0
2023-09-19 00:00:00-04:00,6.360000133514404,6.440000057220459,6.300000190734863,6.309999942779541,41000,0.0,0.0
2023-09-20 00:00:00-04:00,6.349999904632568,6.460000038146973,6.320000171661377,6.349999904632568,26200,0.0,0.0
2023-09-21 00:00:00-04:00,6.320000171661377,6.480000019073486,6.320000171661377,6.449999809265137,35900,0.0,0.0
2023-09-22 00:00:00-04:00,6.440000057220459,6.730000019073486,6.440000057220459,6.550000190734863,81600,0.0,0.0
2023-09-25 00:00:00-04:00,6.570000171661377,6.590000152587891,6.5,6.5,14900,0.0,0.0
2023-09-26 00:00:00-04:00,6.510000228881836,6.539999961853027,6.440000057220459,6.440000057220459,17600,0.0,0.0
2023-09-27 00:00:00-04:00,6.440000057220459,6.510000228881836,6.429999828338623,6.429999828338623,11800,0.0,0.0
2023-09-28 00:00:00-04:00,6.559999942779541,6.590000152587891,6.480000019073486,6.480000019073486,9800,0.0,0.0
2023-09-29 00:00:00-04:00,6.5,6.539999961853027,6.480000019073486,6.489999771118164,19800,0.0,0.0
2023-10-02 00:00:00-04:00,6.550000190734863,6.550000190734863,6.389999866485596,6.449999809265137,31200,0.0,0.0
2023-10-03 00:00:00-04:00,6.449999809265137,6.550000190734863,6.400000095367432,6.510000228881836,44400,0.0,0.0
2023-10-04 00:00:00-04:00,6.539999961853027,6.699999809265137,6.519999980926514,6.630000114440918,24400,0.0,0.0
2023-10-05 00:00:00-04:00,6.670000076293945,7.019999980926514,6.670000076293945,6.940000057220459,65300,0.0,0.0
2023-10-06 00:00:00-04:00,6.920000076293945,7.059999942779541,6.889999866485596,7.0,37900,0.0,0.0
2023-10-09 00:00:00-04:00,6.949999809265137,7.079999923706055,6.920000076293945,7.0,14400,0.0,0.0
2023-10-10 00:00:00-04:00,7.099999904632568,7.150000095367432,7.019999980926514,7.050000190734863,22000,0.0,0.0
2023-10-11 00:00:00-04:00,7.099999904632568,7.210000038146973,7.03000020980835,7.150000095367432,22200,0.0,0.0
2023-10-12 00:00:00-04:00,7.119999885559082,7.159999847412109,7.019999980926514,7.130000114440918,23100,0.0,0.0
2023-10-13 00:00:00-04:00,7.199999809265137,7.199999809265137,6.909999847412109,6.96999979019165,85200,0.0,0.0
2023-10-16 00:00:00-04:00,7.050000190734863,7.119999885559082,7.010000228881836,7.010000228881836,25900,0.0,0.0
2023-10-17 00:00:00-04:00,7.21999979019165,7.21999979019165,7.019999980926514,7.019999980926514,40200,0.0,0.0
2023-10-18 00:00:00-04:00,7.039999961853027,7.039999961853027,6.849999904632568,6.96999979019165,21100,0.0,0.0
2023-10-19 00:00:00-04:00,7.0,7.059999942779541,6.909999847412109,7.0,9600,0.0,0.0
2023-10-20 00:00:00-04:00,6.929999828338623,7.0,6.829999923706055,6.929999828338623,73000,0.0,0.0
2023-10-23 00:00:00-04:00,6.889999866485596,7.050000190734863,6.849999904632568,6.889999866485596,111500,0.0,0.0
2023-10-24 00:00:00-04:00,6.900000095367432,7.199999809265137,6.849999904632568,6.849999904632568,53000,0.0,0.0
2023-10-25 00:00:00-04:00,7.260000228881836,7.260000228881836,6.630000114440918,7.03000020980835,65200,0.0,0.0
2023-10-26 00:00:00-04:00,7.0,7.309999942779541,7.0,7.179999828338623,49400,0.0,0.0
2023-10-27 00:00:00-04:00,7.179999828338623,7.179999828338623,7.050000190734863,7.119999885559082,49000,0.0,0.0
2023-10-30 00:00:00-04:00,7.130000114440918,7.210000038146973,7.099999904632568,7.150000095367432,101200,0.0,0.0
2023-10-31 00:00:00-04:00,7.119999885559082,7.210000038146973,7.110000133514404,7.170000076293945,112600,0.0,0.0
2023-11-01 00:00:00-04:00,7.139999866485596,7.199999809265137,7.070000171661377,7.199999809265137,57200,0.0,0.0
2023-11-02 00:00:00-04:00,7.190000057220459,7.409999847412109,7.179999828338623,7.329999923706055,168100,0.0,0.0
2023-11-03 00:00:00-04:00,7.420000076293945,7.579999923706055,7.400000095367432,7.480000019073486,163800,0.0,0.0
2023-11-06 00:00:00-05:00,7.539999961853027,7.550000190734863,7.429999828338623,7.46999979019165,77900,0.0,0.0
2023-11-07 00:00:00-05:00,7.409999847412109,7.519999980926514,7.349999904632568,7.440000057220459,113700,0.0,0.0
2023-11-08 00:00:00-05:00,7.5,7.539999961853027,7.159999847412109,7.21999979019165,228700,0.0,0.0
2023-11-09 00:00:00-05:00,7.230000019073486,7.440000057220459,7.119999885559082,7.349999904632568,97900,0.0,0.0
2023-11-10 00:00:00-05:00,7.380000114440918,7.409999847412109,7.320000171661377,7.360000133514404,54600,0.0,0.0
2023-11-13 00:00:00-05:00,7.320000171661377,7.449999809265137,7.269999980926514,7.380000114440918,61300,0.0,0.0
2023-11-14 00:00:00-05:00,7.539999961853027,7.769999980926514,7.5,7.710000038146973,61400,0.0,0.0
2023-11-15 00:00:00-05:00,7.760000228881836,7.800000190734863,7.670000076293945,7.730000019073486,86000,0.0,0.0
2023-11-16 00:00:00-05:00,7.78000020980835,7.78000020980835,7.619999885559082,7.730000019073486,43500,0.0,0.0
2023-11-17 00:00:00-05:00,7.789999961853027,7.800000190734863,7.760000228881836,7.78000020980835,34800,0.0,0.0
2023-11-20 00:00:00-05:00,7.820000171661377,7.849999904632568,7.760000228881836,7.789999961853027,83400,0.0,0.0
2023-11-21 00:00:00-05:00,7.800000190734863,7.840000152587891,7.75,7.78000020980835,45400,0.0,0.0
2023-11-22 00:00:00-05:00,7.800000190734863,7.800000190734863,7.679999828338623,7.730000019073486,52500,0.0,0.0
2023-11-24 00:00:00-05:00,7.760000228881836,7.789999961853027,7.699999809265137,7.789999961853027,32400,0.0,0.0
2023-11-27 00:00:00-05:00,7.75,7.849999904632568,7.75,7.78000020980835,79800,0.0,0.0
2023-11-28 00:00:00-05:00,7.820000171661377,7.820000171661377,7.610000133514404,7.739999771118164,87100,0.0,0.0
2023-11-29 00:00:00-05:00,7.78000020980835,7.869999885559082,7.78000020980835,7.869999885559082,40300,0.0,0.0
2023-11-30 00:00:00-05:00,7.909999847412109,7.909999847412109,7.789999961853027,7.849999904632568,27600,0.0,0.0
2023-12-01 00:00:00-05:00,7.849999904632568,8.069999694824219,7.849999904632568,8.050000190734863,29700,0.0,0.0
2023-12-04 00:00:00-05:00,8.050000190734863,8.149999618530273,8.010000228881836,8.109999656677246,36800,0.0,0.0
2023-12-05 00:00:00-05:00,8.020000457763672,8.149999618530273,7.980000019073486,7.980000019073486,21600,0.0,0.0
2023-12-06 00:00:00-05:00,8.020000457763672,8.130000114440918,7.989999771118164,8.050000190734863,32900,0.0,0.0
2023-12-07 00:00:00-05:00,8.069999694824219,8.149999618530273,8.0600004196167,8.149999618530273,27200,0.0,0.0
2023-12-08 00:00:00-05:00,8.149999618530273,8.220000267028809,8.119999885559082,8.180000305175781,16900,0.0,0.0
2023-12-11 00:00:00-05:00,8.180000305175781,8.239999771118164,8.140000343322754,8.180000305175781,12700,0.0,0.0
2023-12-12 00:00:00-05:00,8.180000305175781,8.180000305175781,7.980000019073486,8.050000190734863,30100,0.0,0.0
2023-12-13 00:00:00-05:00,8.079999923706055,8.25,8.029999732971191,8.199999809265137,37300,0.0,0.0
2023-12-14 00:00:00-05:00,8.25,8.3100004196167,8.109999656677246,8.229999542236328,55700,0.0,0.0
2023-12-15 00:00:00-05:00,8.260000228881836,8.640000343322754,8.109999656677246,8.260000228881836,110100,0.0,0.0
2023-12-18 00:00:00-05:00,8.300000190734863,8.600000381469727,8.180000305175781,8.40999984741211,44400,0.0,0.0
2023-12-19 00:00:00-05:00,8.449999809265137,8.649999618530273,8.420000076293945,8.609999656677246,71700,0.0,0.0
2023-12-20 00:00:00-05:00,8.579999923706055,8.670000076293945,8.479999542236328,8.600000381469727,52200,0.0,0.0
2023-12-21 00:00:00-05:00,8.619999885559082,8.699999809265137,8.539999961853027,8.649999618530273,26600,0.0,0.0
2023-12-22 00:00:00-05:00,8.649999618530273,8.729999542236328,8.359999656677246,8.649999618530273,85600,0.0,0.0
2023-12-26 00:00:00-05:00,8.649999618530273,8.75,8.649999618530273,8.739999771118164,34200,0.0,0.0
2023-12-27 00:00:00-05:00,8.75,8.90999984741211,8.739999771118164,8.890000343322754,68400,0.0,0.0
2023-12-28 00:00:00-05:00,8.869999885559082,8.979999542236328,8.8100004196167,8.930000305175781,38000,0.0,0.0
2023-12-29 00:00:00-05:00,8.930000305175781,9.140000343322754,8.859999656677246,9.0,32400,0.0,0.0
2024-01-02 00:00:00-05:00,8.949999809265137,9.180000305175781,8.779999732971191,8.949999809265137,34100,0.0,0.0
2024-01-03 00:00:00-05:00,8.960000038146973,9.020000457763672,8.729999542236328,8.829999923706055,57400,0.0,0.0
2024-01-04 00:00:00-05:00,8.800000190734863,9.149999618530273,8.800000190734863,9.130000114440918,72600,0.0,0.0
2024-01-05 00:00:00-05:00,9.100000381469727,9.25,9.0,9.100000381469727,55300,0.0,0.0
2024-01-08 00:00:00-05:00,9.100000381469727,9.199999809265137,9.050000190734863,9.100000381469727,32400,0.0,0.0
2024-01-09 00:00:00-05:00,9.100000381469727,9.130000114440918,8.979999542236328,9.0600004196167,35400,0.0,0.0
2024-01-10 00:00:00-05:00,9.010000228881836,9.069999694824219,8.949999809265137,9.020000457763672,30300,0.0,0.0
2024-01-11 00:00:00-05:00,9.0,9.149999618530273,8.890000343322754,9.010000228881836,37300,0.0,0.0
2024-01-12 00:00:00-05:00,8.989999771118164,9.140000343322754,8.869999885559082,8.920000076293945,34100,0.0,0.0
2024-01-16 00:00:00-05:00,8.779999732971191,8.9399995803833,8.25,8.869999885559082,38800,0.0,0.0
2024-01-17 00:00:00-05:00,8.800000190734863,8.90999984741211,8.770000457763672,8.829999923706055,27000,0.0,0.0
2024-01-18 00:00:00-05:00,8.850000381469727,8.949999809265137,8.760000228881836,8.8100004196167,42500,0.0,0.0
2024-01-19 00:00:00-05:00,8.800000190734863,8.90999984741211,8.739999771118164,8.880000114440918,21500,0.0,0.0
2024-01-22 00:00:00-05:00,8.90999984741211,8.9399995803833,8.859999656677246,8.890000343322754,23400,0.0,0.0
2024-01-23 00:00:00-05:00,8.59000015258789,8.9399995803833,8.59000015258789,8.720000267028809,60900,0.0,0.0
2024-01-24 00:00:00-05:00,8.720000267028809,8.890000343322754,8.710000038146973,8.75,30700,0.0,0.0
2024-01-25 00:00:00-05:00,8.75,8.819999694824219,8.649999618530273,8.760000228881836,46800,0.0,0.0
2024-01-26 00:00:00-05:00,8.75,8.880000114440918,8.729999542236328,8.800000190734863,26500,0.0,0.0
2024-01-29 00:00:00-05:00,8.850000381469727,8.899999618530273,8.739999771118164,8.850000381469727,17300,0.0,0.0
2024-01-30 00:00:00-05:00,8.8100004196167,8.899999618530273,8.699999809265137,8.699999809265137,107900,0.0,0.0
2024-01-31 00:00:00-05:00,8.640000343322754,8.699999809265137,8.510000228881836,8.510000228881836,53200,0.0,0.0
2024-02-01 00:00:00-05:00,8.529999732971191,8.649999618530273,8.109999656677246,8.329999923706055,44500,0.0,0.0
2024-02-02 00:00:00-05:00,8.25,8.40999984741211,8.220000267028809,8.3100004196167,19100,0.0,0.0
2024-02-05 00:00:00-05:00,8.3100004196167,8.369999885559082,8.170000076293945,8.260000228881836,19500,0.0,0.0
2024-02-06 00:00:00-05:00,8.270000457763672,8.380000114440918,8.130000114440918,8.170000076293945,27300,0.0,0.0
2024-02-07 00:00:00-05:00,8.170000076293945,8.180000305175781,7.940000057220459,8.0,55100,0.0,0.0
2024-02-08 00:00:00-05:00,8.130000114440918,8.130000114440918,7.920000076293945,7.980000019073486,17300,0.0,0.0
2024-02-09 00:00:00-05:00,8.0,8.09000015258789,7.960000038146973,8.029999732971191,53800,0.0,0.0
2024-02-12 00:00:00-05:00,7.980000019073486,8.220000267028809,7.960000038146973,8.09000015258789,47400,0.0,0.0
2024-02-13 00:00:00-05:00,8.0,8.15999984741211,7.840000152587891,7.840000152587891,72100,0.0,0.0
2024-02-14 00:00:00-05:00,7.900000095367432,7.949999809265137,7.829999923706055,7.929999828338623,78400,0.0,0.0
2024-02-15 00:00:00-05:00,8.0600004196167,8.34000015258789,8.050000190734863,8.25,37000,0.0,0.0
2024-02-16 00:00:00-05:00,8.140000343322754,8.279999732971191,8.020000457763672,8.229999542236328,39300,0.0,0.0
2024-02-20 00:00:00-05:00,8.260000228881836,8.3100004196167,8.149999618530273,8.15999984741211,56200,0.0,0.0
2024-02-21 00:00:00-05:00,8.199999809265137,8.329999923706055,8.119999885559082,8.210000038146973,49600,0.0,0.0
2024-02-22 00:00:00-05:00,8.199999809265137,8.239999771118164,8.010000228881836,8.010000228881836,41200,0.0,0.0
2024-02-23 00:00:00-05:00,8.050000190734863,8.210000038146973,8.050000190734863,8.1899995803833,32700,0.0,0.0
2024-02-26 00:00:00-05:00,8.319999694824219,8.350000381469727,8.149999618530273,8.220000267028809,30800,0.0,0.0
2024-02-27 00:00:00-05:00,8.210000038146973,8.34000015258789,8.199999809265137,8.239999771118164,27300,0.0,0.0
2024-02-28 00:00:00-05:00,8.239999771118164,8.260000228881836,8.050000190734863,8.079999923706055,37900,0.0,0.0
2024-02-29 00:00:00-05:00,8.140000343322754,8.279999732971191,8.010000228881836,8.119999885559082,31400,0.0,0.0
2024-03-01 00:00:00-05:00,8.0600004196167,8.119999885559082,7.909999847412109,8.0,29800,0.0,0.0
2024-03-04 00:00:00-05:00,8.029999732971191,8.180000305175781,7.929999828338623,7.929999828338623,10900,0.0,0.0
2024-03-05 00:00:00-05:00,7.949999809265137,8.470000267028809,7.929999828338623,8.289999961853027,37400,0.0,0.0
2024-03-06 00:00:00-05:00,8.260000228881836,8.390000343322754,8.229999542236328,8.329999923706055,38000,0.0,0.0
2024-03-07 00:00:00-05:00,8.329999923706055,8.4399995803833,8.300000190734863,8.390000343322754,18900,0.0,0.0
2024-03-08 00:00:00-05:00,8.449999809265137,8.449999809265137,8.34000015258789,8.350000381469727,17800,0.0,0.0
2024-03-11 00:00:00-04:00,8.300000190734863,8.369999885559082,8.279999732971191,8.279999732971191,67600,0.0,0.0
2024-03-12 00:00:00-04:00,8.279999732971191,8.3100004196167,8.140000343322754,8.140000343322754,32600,0.0,0.0
2024-03-13 00:00:00-04:00,8.15999984741211,8.300000190734863,8.0600004196167,8.0600004196167,29200,0.0,0.0
2024-03-14 00:00:00-04:00,8.289999961853027,8.289999961853027,7.869999885559082,7.909999847412109,20900,0.0,0.0
2024-03-15 00:00:00-04:00,7.869999885559082,8.119999885559082,7.599999904632568,7.610000133514404,104800,0.0,0.0
2024-03-18 00:00:00-04:00,7.650000095367432,7.75,7.519999980926514,7.53000020980835,25800,0.0,0.0
2024-03-19 00:00:00-04:00,7.480000019073486,7.579999923706055,7.360000133514404,7.369999885559082,51600,0.0,0.0
2024-03-20 00:00:00-04:00,7.420000076293945,7.800000190734863,7.349999904632568,7.659999847412109,68600,0.0,0.0
2024-03-21 00:00:00-04:00,7.699999809265137,7.929999828338623,7.579999923706055,7.659999847412109,34600,0.0,0.0
2024-03-22 00:00:00-04:00,7.699999809265137,7.699999809265137,7.590000152587891,7.699999809265137,46600,0.0,0.0
2024-03-25 00:00:00-04:00,7.75,7.75,7.519999980926514,7.619999885559082,24100,0.0,0.0
2024-03-26 00:00:00-04:00,7.599999904632568,7.610000133514404,7.519999980926514,7.53000020980835,17900,0.0,0.0
2024-03-27 00:00:00-04:00,7.71999979019165,7.71999979019165,7.429999828338623,7.579999923706055,54900,0.0,0.0
2024-03-28 00:00:00-04:00,7.739999771118164,7.820000171661377,7.579999923706055,7.670000076293945,27200,0.0,0.0
2024-04-01 00:00:00-04:00,7.539999961853027,7.659999847412109,7.420000076293945,7.590000152587891,31700,0.0,0.0
2024-04-02 00:00:00-04:00,7.570000171661377,7.570000171661377,7.340000152587891,7.449999809265137,19400,0.0,0.0
2024-04-03 00:00:00-04:00,7.559999942779541,7.559999942779541,7.309999942779541,7.329999923706055,52000,0.0,0.0
2024-04-04 00:00:00-04:00,7.349999904632568,7.420000076293945,7.179999828338623,7.25,30400,0.0,0.0
2024-04-05 00:00:00-04:00,7.179999828338623,7.349999904632568,7.170000076293945,7.300000190734863,12500,0.0,0.0
2024-04-08 00:00:00-04:00,7.349999904632568,7.349999904632568,7.179999828338623,7.179999828338623,18400,0.0,0.0
2024-04-09 00:00:00-04:00,7.239999771118164,7.300000190734863,7.150000095367432,7.239999771118164,40900,0.0,0.0
2024-04-10 00:00:00-04:00,7.150000095367432,7.159999847412109,6.619999885559082,6.860000133514404,49000,0.0,0.0
2024-04-11 00:00:00-04:00,6.829999923706055,6.929999828338623,6.599999904632568,6.670000076293945,78900,0.0,0.0
2024-04-12 00:00:00-04:00,6.630000114440918,6.849999904632568,6.329999923706055,6.409999847412109,66000,0.0,0.0
2024-04-15 00:00:00-04:00,6.53000020980835,6.639999866485596,6.429999828338623,6.630000114440918,56500,0.0,0.0
2024-04-16 00:00:00-04:00,6.559999942779541,6.659999847412109,6.480000019073486,6.559999942779541,45500,0.0,0.0
2024-04-17 00:00:00-04:00,6.559999942779541,6.679999828338623,6.409999847412109,6.449999809265137,49300,0.0,0.0
2024-04-18 00:00:00-04:00,6.630000114440918,6.769999980926514,6.449999809265137,6.489999771118164,34900,0.0,0.0
2024-04-19 00:00:00-04:00,6.449999809265137,6.630000114440918,6.449999809265137,6.570000171661377,53600,0.0,0.0
2024-04-22 00:00:00-04:00,6.599999904632568,6.599999904632568,6.269999980926514,6.269999980926514,51200,0.0,0.0
2024-04-23 00:00:00-04:00,6.28000020980835,6.480000019073486,6.25,6.449999809265137,52900,0.0,0.0
2024-04-24 00:00:00-04:00,6.53000020980835,6.71999979019165,6.449999809265137,6.519999980926514,45000,0.0,0.0
2024-04-25 00:00:00-04:00,6.5,6.75,6.449999809265137,6.659999847412109,50200,0.0,0.0
2024-04-26 00:00:00-04:00,6.619999885559082,6.659999847412109,6.449999809265137,6.449999809265137,34800,0.0,0.0
2024-04-29 00:00:00-04:00,6.460000038146973,6.559999942779541,6.25,6.28000020980835,57800,0.0,0.0
2024-04-30 00:00:00-04:00,6.25,6.25,6.0,6.039999961853027,162600,0.0,0.0
2024-05-01 00:00:00-04:00,6.119999885559082,6.300000190734863,6.050000190734863,6.25,78100,0.0,0.0
2024-05-02 00:00:00-04:00,6.349999904632568,6.5,6.269999980926514,6.420000076293945,86400,0.0,0.0
2024-05-03 00:00:00-04:00,6.489999771118164,6.650000095367432,6.480000019073486,6.519999980926514,54000,0.0,0.0
2024-05-06 00:00:00-04:00,6.519999980926514,6.550000190734863,6.360000133514404,6.5,74100,0.0,0.0
2024-05-07 00:00:00-04:00,6.400000095367432,6.550000190734863,6.090000152587891,6.460000038146973,67800,0.0,0.0
2024-05-08 00:00:00-04:00,6.449999809265137,6.510000228881836,6.440000057220459,6.5,60600,0.0,0.0
2024-05-09 00:00:00-04:00,6.440000057220459,6.550000190734863,6.400000095367432,6.5,52600,0.0,0.0
2024-05-10 00:00:00-04:00,6.349999904632568,6.559999942779541,6.349999904632568,6.5,59600,0.0,0.0
2024-05-13 00:00:00-04:00,6.5,6.650000095367432,6.5,6.570000171661377,34700,0.0,0.0
2024-05-14 00:00:00-04:00,6.570000171661377,6.639999866485596,6.489999771118164,6.619999885559082,73100,0.0,0.0
2024-05-15 00:00:00-04:00,6.639999866485596,6.769999980926514,6.559999942779541,6.75,30800,0.0,0.0
2024-05-16 00:00:00-04:00,6.679999828338623,6.849999904632568,6.619999885559082,6.849999904632568,61500,0.0,0.0
2024-05-17 00:00:00-04:00,6.840000152587891,6.96999979019165,6.760000228881836,6.849999904632568,53800,0.0,0.0
2024-05-20 00:00:00-04:00,6.789999961853027,6.880000114440918,6.730000019073486,6.730000019073486,40500,0.0,0.0
2024-05-21 00:00:00-04:00,6.920000076293945,6.920000076293945,6.650000095367432,6.650000095367432,9600,0.0,0.0
2024-05-22 00:00:00-04:00,6.670000076293945,6.849999904632568,6.619999885559082,6.849999904632568,36000,0.0,0.0
2024-05-23 00:00:00-04:00,6.909999847412109,6.989999771118164,6.75,6.880000114440918,38300,0.0,0.0
2024-05-24 00:00:00-04:00,6.800000190734863,6.809999942779541,6.75,6.800000190734863,36800,0.0,0.0
2024-05-28 00:00:00-04:00,6.800000190734863,6.860000133514404,6.730000019073486,6.769999980926514,17800,0.0,0.0
2024-05-29 00:00:00-04:00,6.739999771118164,6.739999771118164,6.449999809265137,6.550000190734863,36000,0.0,0.0
2024-05-30 00:00:00-04:00,6.579999923706055,6.710000038146973,6.550000190734863,6.550000190734863,48500,0.0,0.0
2024-05-31 00:00:00-04:00,6.559999942779541,6.769999980926514,6.559999942779541,6.710000038146973,19100,0.0,0.0
2024-06-03 00:00:00-04:00,6.699999809265137,6.800000190734863,6.679999828338623,6.800000190734863,33600,0.0,0.0
2024-06-04 00:00:00-04:00,6.690000057220459,6.690000057220459,6.53000020980835,6.53000020980835,25100,0.0,0.0
2024-06-05 00:00:00-04:00,6.510000228881836,6.670000076293945,6.510000228881836,6.550000190734863,15800,0.0,0.0
2024-06-06 00:00:00-04:00,6.550000190734863,6.599999904632568,6.53000020980835,6.550000190734863,26100,0.0,0.0
2024-06-07 00:00:00-04:00,6.519999980926514,6.559999942779541,6.449999809265137,6.5,25700,0.0,0.0
2024-06-10 00:00:00-04:00,6.449999809265137,6.46999979019165,6.420000076293945,6.449999809265137,7100,0.0,0.0
2024-06-11 00:00:00-04:00,6.46999979019165,6.480000019073486,6.400000095367432,6.400000095367432,10700,0.0,0.0
2024-06-12 00:00:00-04:00,6.440000057220459,6.570000171661377,6.340000152587891,6.539999961853027,41200,0.0,0.0
2024-06-13 00:00:00-04:00,6.460000038146973,6.510000228881836,6.380000114440918,6.460000038146973,25600,0.0,0.0
2024-06-14 00:00:00-04:00,6.380000114440918,6.460000038146973,6.21999979019165,6.360000133514404,25300,0.0,0.0
2024-06-17 00:00:00-04:00,6.239999771118164,6.28000020980835,6.21999979019165,6.25,17700,0.0,0.0
2024-06-18 00:00:00-04:00,6.409999847412109,6.409999847412109,6.199999809265137,6.199999809265137,24000,0.0,0.0
2024-06-20 00:00:00-04:00,6.139999866485596,6.260000228881836,6.139999866485596,6.210000038146973,18200,0.0,0.0
2024-06-21 00:00:00-04:00,6.199999809265137,6.25,6.099999904632568,6.239999771118164,42200,0.0,0.0
2024-06-24 00:00:00-04:00,6.300000190734863,6.380000114440918,6.199999809265137,6.199999809265137,30600,0.0,0.0
2024-06-25 00:00:00-04:00,6.269999980926514,6.320000171661377,6.25,6.300000190734863,34700,0.0,0.0
2024-06-26 00:00:00-04:00,6.320000171661377,6.489999771118164,6.300000190734863,6.489999771118164,38900,0.0,0.0
2024-06-27 00:00:00-04:00,6.5,6.860000133514404,6.5,6.820000171661377,28600,0.0,0.0
2024-06-28 00:00:00-04:00,6.920000076293945,6.920000076293945,6.739999771118164,6.880000114440918,80300,0.0,0.0
2024-07-01 00:00:00-04:00,6.820000171661377,6.889999866485596,6.820000171661377,6.880000114440918,31000,0.0,0.0
2024-07-02 00:00:00-04:00,6.880000114440918,6.929999828338623,6.880000114440918,6.900000095367432,12400,0.0,0.0
2024-07-03 00:00:00-04:00,6.900000095367432,6.909999847412109,6.710000038146973,6.75,19700,0.0,0.0
2024-07-05 00:00:00-04:00,6.670000076293945,6.809999942779541,6.639999866485596,6.699999809265137,41400,0.0,0.0
2024-07-08 00:00:00-04:00,6.769999980926514,6.869999885559082,6.699999809265137,6.699999809265137,11600,0.0,0.0
2024-07-09 00:00:00-04:00,6.699999809265137,6.789999961853027,6.699999809265137,6.699999809265137,26300,0.0,0.0
2024-07-10 00:00:00-04:00,6.699999809265137,6.889999866485596,6.699999809265137,6.849999904632568,13800,0.0,0.0
2024-07-11 00:00:00-04:00,6.900000095367432,7.139999866485596,6.889999866485596,7.050000190734863,26400,0.0,0.0
2024-07-12 00:00:00-04:00,7.079999923706055,7.25,7.079999923706055,7.190000057220459,18900,0.0,0.0
2024-07-15 00:00:00-04:00,7.25,7.96999979019165,7.25,7.840000152587891,114700,0.0,0.0
2024-07-16 00:00:00-04:00,7.800000190734863,8.079999923706055,7.800000190734863,8.050000190734863,17700,0.0,0.0
2024-07-17 00:00:00-04:00,8.020000457763672,8.420000076293945,8.020000457763672,8.420000076293945,50500,0.0,0.0
2024-07-18 00:00:00-04:00,8.449999809265137,8.529999732971191,8.239999771118164,8.430000305175781,73700,0.0,0.0
2024-07-19 00:00:00-04:00,8.430000305175781,8.489999771118164,8.399999618530273,8.40999984741211,31400,0.0,0.0
2024-07-22 00:00:00-04:00,8.369999885559082,8.4399995803833,8.329999923706055,8.40999984741211,13100,0.0,0.0
2024-07-23 00:00:00-04:00,8.529999732971191,8.529999732971191,8.40999984741211,8.449999809265137,17100,0.0,0.0
2024-07-24 00:00:00-04:00,8.25,8.539999961853027,8.25,8.489999771118164,21600,0.0,0.0
2024-07-25 00:00:00-04:00,8.390000343322754,8.579999923706055,8.3100004196167,8.489999771118164,28000,0.0,0.0
2024-07-26 00:00:00-04:00,8.489999771118164,8.59000015258789,8.380000114440918,8.460000038146973,22500,0.0,0.0
2024-07-29 00:00:00-04:00,8.539999961853027,8.539999961853027,8.180000305175781,8.300000190734863,29100,0.0,0.0
2024-07-30 00:00:00-04:00,8.289999961853027,8.300000190734863,8.029999732971191,8.289999961853027,80600,0.0,0.0
2024-07-31 00:00:00-04:00,8.239999771118164,8.430000305175781,8.149999618530273,8.279999732971191,17200,0.0,0.0
2024-08-01 00:00:00-04:00,8.199999809265137,8.25,7.920000076293945,7.920000076293945,92500,0.0,0.0
2024-08-02 00:00:00-04:00,7.849999904632568,7.849999904632568,7.550000190734863,7.75,67700,0.0,0.0
2024-08-05 00:00:00-04:00,7.579999923706055,7.670000076293945,7.380000114440918,7.610000133514404,30600,0.0,0.0
2024-08-06 00:00:00-04:00,7.639999866485596,7.699999809265137,7.570000171661377,7.610000133514404,22900,0.0,0.0
2024-08-07 00:00:00-04:00,7.550000190734863,7.610000133514404,7.449999809265137,7.519999980926514,30300,0.0,0.0
2024-08-08 00:00:00-04:00,7.710000038146973,7.710000038146973,7.539999961853027,7.539999961853027,15100,0.0,0.0
2024-08-09 00:00:00-04:00,7.539999961853027,7.619999885559082,7.480000019073486,7.610000133514404,17800,0.0,0.0
2024-08-12 00:00:00-04:00,7.599999904632568,7.639999866485596,7.460000038146973,7.46999979019165,38300,0.0,0.0
2024-08-13 00:00:00-04:00,7.539999961853027,7.570000171661377,7.46999979019165,7.480000019073486,39000,0.0,0.0
2024-08-14 00:00:00-04:00,7.489999771118164,7.5,7.420000076293945,7.449999809265137,21700,0.0,0.0
2024-08-15 00:00:00-04:00,7.550000190734863,7.96999979019165,7.550000190734863,7.929999828338623,24500,0.0,0.0
2024-08-16 00:00:00-04:00,7.920000076293945,8.5,7.909999847412109,8.5,41400,0.0,0.0
2024-08-19 00:00:00-04:00,8.449999809265137,8.579999923706055,8.199999809265137,8.539999961853027,115000,0.0,0.0
2024-08-20 00:00:00-04:00,8.5600004196167,8.5600004196167,8.350000381469727,8.470000267028809,42700,0.0,0.0
2024-08-21 00:00:00-04:00,8.5600004196167,8.579999923706055,8.40999984741211,8.460000038146973,24900,0.0,0.0
2024-08-22 00:00:00-04:00,8.470000267028809,8.569999694824219,8.390000343322754,8.470000267028809,35900,0.0,0.0
2024-08-23 00:00:00-04:00,8.609999656677246,8.859999656677246,8.479999542236328,8.829999923706055,29000,0.0,0.0
2024-08-26 00:00:00-04:00,8.84000015258789,8.859999656677246,8.720000267028809,8.779999732971191,28900,0.0,0.0
2024-08-27 00:00:00-04:00,8.75,8.8100004196167,8.680000305175781,8.779999732971191,13200,0.0,0.0
2024-08-28 00:00:00-04:00,8.699999809265137,8.930000305175781,8.699999809265137,8.930000305175781,32000,0.0,0.0
2024-08-29 00:00:00-04:00,8.930000305175781,8.960000038146973,8.819999694824219,8.899999618530273,22700,0.0,0.0
2024-08-30 00:00:00-04:00,8.869999885559082,8.989999771118164,8.8100004196167,8.880000114440918,18900,0.0,0.0
2024-09-03 00:00:00-04:00,8.880000114440918,8.949999809265137,8.779999732971191,8.859999656677246,29100,0.0,0.0
2024-09-04 00:00:00-04:00,8.880000114440918,8.899999618530273,8.699999809265137,8.770000457763672,42300,0.0,0.0
2024-09-05 00:00:00-04:00,8.729999542236328,8.800000190734863,8.609999656677246,8.760000228881836,36400,0.0,0.0
2024-09-06 00:00:00-04:00,8.800000190734863,8.800000190734863,8.579999923706055,8.710000038146973,23200,0.0,0.0
2024-09-09 00:00:00-04:00,8.739999771118164,8.779999732971191,8.630000114440918,8.649999618530273,143500,0.0,0.0
2024-09-10 00:00:00-04:00,8.619999885559082,8.729999542236328,8.510000228881836,8.600000381469727,47500,0.0,0.0
2024-09-11 00:00:00-04:00,8.649999618530273,8.670000076293945,8.449999809265137,8.670000076293945,42000,0.0,0.0
2024-09-12 00:00:00-04:00,8.649999618530273,8.6899995803833,8.539999961853027,8.649999618530273,18500,0.0,0.0
2024-09-13 00:00:00-04:00,8.720000267028809,8.899999618530273,8.640000343322754,8.729999542236328,27300,0.0,0.0
2024-09-16 00:00:00-04:00,8.84000015258789,8.859999656677246,8.720000267028809,8.739999771118164,11200,0.0,0.0
2024-09-17 00:00:00-04:00,8.75,8.8100004196167,8.640000343322754,8.739999771118164,36000,0.0,0.0
2024-09-18 00:00:00-04:00,8.720000267028809,8.899999618530273,8.680000305175781,8.739999771118164,51600,0.0,0.0
2024-09-19 00:00:00-04:00,8.84000015258789,8.84000015258789,8.779999732971191,8.819999694824219,26300,0.0,0.0
2024-09-20 00:00:00-04:00,8.829999923706055,8.829999923706055,8.569999694824219,8.770000457763672,114109,0.0,0.0
