Date,Open,High,Low,Close,Volume,Dividends,Stock Splits
1980-03-17 00:00:00-05:00,0.0,0.1254686303681121,0.12114204466342926,0.12114204466342926,388214,0.0,0.0
1980-03-18 00:00:00-05:00,0.0,0.1254686303681121,0.12114204466342926,0.12114204466342926,357430,0.0,0.0
1980-03-19 00:00:00-05:00,0.0,0.1254686303681121,0.12114204466342926,0.12114204466342926,521609,0.0,0.0
1980-03-20 00:00:00-05:00,0.0,0.12330551306795287,0.11897893249988556,0.11897893249988556,76959,0.0,0.0
1980-03-21 00:00:00-05:00,0.0,0.12330551306795287,0.11897893249988556,0.11897893249988556,32494,0.0,0.0
1980-03-24 00:00:00-05:00,0.0,0.11897884646124016,0.11465241014957427,0.11465241014957428,290733,0.0,0.0
1980-03-25 00:00:00-05:00,0.0,0.11248907766746237,0.10816264897584915,0.10816264897584915,212064,0.0,0.0
1980-03-26 00:00:00-05:00,0.0,0.11573402131601176,0.11140744388103484,0.11140744388103485,343749,0.0,0.0
1980-03-27 00:00:00-05:00,0.0,0.10167280099923501,0.09734636545181276,0.09734636545181274,253108,0.0,0.0
1980-03-28 00:00:00-05:00,0.0,0.10924422340544915,0.10491778701543808,0.10491778701543808,653293,0.0,0.0
1980-03-31 00:00:00-05:00,0.0,0.11248907766746237,0.10816264897584915,0.10816264897584915,383083,0.0,0.0
1980-04-01 00:00:00-05:00,0.0,0.12655029910941834,0.12222371995449065,0.12222371995449066,338618,0.0,0.0
1980-04-02 00:00:00-05:00,0.0,0.13087669380059064,0.12655025720596313,0.12655025720596313,335198,0.0,0.0
1980-04-03 00:00:00-05:00,0.0,0.12763188453579655,0.12330544739961624,0.12330544739961624,259949,0.0,0.0
1980-04-07 00:00:00-05:00,0.0,0.1200604623122665,0.1157340258359909,0.1157340258359909,393344,0.0,0.0
1980-04-08 00:00:00-05:00,0.0,0.12114207706628762,0.11681564897298814,0.11681564897298813,323226,0.0,0.0
1980-04-09 00:00:00-05:00,0.0,0.12330551306795287,0.11897893249988556,0.11897893249988556,143656,0.0,0.0
1980-04-10 00:00:00-05:00,0.0,0.12438708257041854,0.12006050348281859,0.1200605034828186,215484,0.0,0.0
1980-04-11 00:00:00-05:00,0.0,0.12438708257041854,0.12006050348281859,0.1200605034828186,58147,0.0,0.0
1980-04-14 00:00:00-05:00,0.0,0.12222367115696416,0.11789723485708237,0.11789723485708237,64987,0.0,0.0
1980-04-15 00:00:00-05:00,0.0,0.11789726012262246,0.11357083171606064,0.11357083171606064,169309,0.0,0.0
1980-04-16 00:00:00-05:00,0.0,0.11465237448580692,0.11032579839229585,0.11032579839229584,3068085,0.0,0.0
1980-04-17 00:00:00-05:00,0.0,0.11681563085727563,0.11248904466629028,0.11248904466629028,311255,0.0,0.0
1980-04-18 00:00:00-05:00,0.0,0.11465237448580692,0.11032579839229585,0.11032579839229584,208643,0.0,0.0
1980-04-21 00:00:00-05:00,0.0,0.10816274008187535,0.10383614897727968,0.10383614897727966,150497,0.0,0.0
1980-04-22 00:00:00-05:00,0.0,0.11357079841478232,0.10924421250820159,0.1092442125082016,432679,0.0,0.0
1980-04-23 00:00:00-05:00,0.0,0.11897884646124016,0.11465241014957427,0.11465241014957428,393344,0.0,0.0
1980-04-24 00:00:00-05:00,0.0,0.12114207706628762,0.11681564897298814,0.11681564897298813,64987,0.0,0.0
1980-04-25 00:00:00-05:00,0.0,0.12114207706628762,0.11681564897298814,0.11681564897298813,92350,0.0,0.0
1980-04-28 00:00:00-04:00,0.0,0.12114207706628762,0.11681564897298814,0.11681564897298813,92350,0.0,0.0
1980-04-29 00:00:00-04:00,0.0,0.12114207706628762,0.11681564897298814,0.11681564897298813,306124,0.0,0.0
1980-04-30 00:00:00-04:00,0.0,0.12114207706628762,0.11681564897298814,0.11681564897298813,70118,0.0,0.0
1980-05-01 00:00:00-04:00,0.0,0.11897884646124016,0.11465241014957427,0.11465241014957428,607118,0.0,0.0
1980-05-02 00:00:00-04:00,0.0,0.11681563085727563,0.11248904466629028,0.11248904466629028,128264,0.0,0.0
1980-05-05 00:00:00-04:00,0.0,0.11897884646124016,0.11465241014957427,0.11465241014957428,318096,0.0,0.0
1980-05-06 00:00:00-04:00,0.0,0.12330551306795287,0.11897893249988556,0.11897893249988556,381373,0.0,0.0
1980-05-07 00:00:00-04:00,0.0,0.12763188453579655,0.12330544739961624,0.12330544739961624,483984,0.0,0.0
1980-05-08 00:00:00-04:00,0.0,0.1254686303681121,0.12114204466342926,0.12114204466342926,307835,0.0,0.0
1980-05-09 00:00:00-04:00,0.0,0.12330551306795287,0.11897893249988556,0.11897893249988556,123134,0.0,0.0
1980-05-12 00:00:00-04:00,0.0,0.12330551306795287,0.11897893249988556,0.11897893249988556,112873,0.0,0.0
1980-05-13 00:00:00-04:00,0.0,0.13195849039462823,0.12763190269470215,0.12763190269470215,448070,0.0,0.0
1980-05-14 00:00:00-04:00,0.0,0.13087669380059064,0.12655025720596313,0.12655025720596313,189831,0.0,0.0
1980-05-15 00:00:00-04:00,0.0,0.12655029910941834,0.12222371995449065,0.12222371995449066,242847,0.0,0.0
1980-05-16 00:00:00-04:00,0.0,0.12763188453579655,0.12330544739961624,0.12330544739961624,171019,0.0,0.0
1980-05-19 00:00:00-04:00,0.0,0.12763188453579655,0.12330544739961624,0.12330544739961624,133395,0.0,0.0
1980-05-20 00:00:00-04:00,0.0,0.12763188453579655,0.12330544739961624,0.12330544739961624,386503,0.0,0.0
1980-05-21 00:00:00-04:00,0.0,0.1254686303681121,0.12114204466342926,0.12114204466342926,227456,0.0,0.0
1980-05-22 00:00:00-04:00,0.0,0.12871351578765636,0.12438707798719408,0.12438707798719406,843125,0.0,0.0
1980-05-23 00:00:00-04:00,0.0,0.12979511508510172,0.1254686862230301,0.1254686862230301,335198,0.0,0.0
1980-05-27 00:00:00-04:00,0.0,0.12979511508510172,0.1254686862230301,0.1254686862230301,212064,0.0,0.0
1980-05-28 00:00:00-04:00,0.0,0.13520338432778606,0.1308767944574356,0.1308767944574356,530160,0.0,0.0
1980-05-29 00:00:00-04:00,0.0,0.13195849039462823,0.12763190269470215,0.12763190269470215,448070,0.0,0.0
1980-05-30 00:00:00-04:00,0.0,0.13195849039462823,0.12763190269470215,0.12763190269470215,147077,0.0,0.0
1980-06-02 00:00:00-04:00,0.0,0.12763188453579655,0.12330544739961624,0.12330544739961624,418997,0.0,0.0
1980-06-03 00:00:00-04:00,0.0,0.1254686303681121,0.12114204466342926,0.12114204466342926,131685,0.0,0.0
1980-06-04 00:00:00-04:00,0.0,0.1254686303681121,0.12114204466342926,0.12114204466342926,470303,0.0,0.0
1980-06-05 00:00:00-04:00,0.0,0.1254686303681121,0.12114204466342926,0.12114204466342926,244558,0.0,0.0
1980-06-06 00:00:00-04:00,0.0,0.1254686303681121,0.12114204466342926,0.12114204466342926,277051,0.0,0.0
1980-06-09 00:00:00-04:00,0.0,0.12763188453579655,0.12330544739961624,0.12330544739961624,778138,0.0,0.0
1980-06-10 00:00:00-04:00,0.0,0.12871351578765636,0.12438707798719408,0.12438707798719406,730252,0.0,0.0
1980-06-11 00:00:00-04:00,0.0,0.13195849039462823,0.12763190269470215,0.12763190269470215,649873,0.0,0.0
1980-06-12 00:00:00-04:00,0.0,0.12871351578765636,0.12438707798719408,0.12438707798719406,215484,0.0,0.0
1980-06-13 00:00:00-04:00,0.0,0.12979511508510172,0.1254686862230301,0.1254686862230301,182991,0.0,0.0
1980-06-16 00:00:00-04:00,0.0,0.13520338432778606,0.1308767944574356,0.1308767944574356,523319,0.0,0.0
1980-06-17 00:00:00-04:00,0.0,0.13412162994378898,0.12979504466056824,0.12979504466056824,470303,0.0,0.0
1980-06-18 00:00:00-04:00,0.0,0.13195849039462823,0.12763190269470215,0.12763190269470215,413867,0.0,0.0
1980-06-19 00:00:00-04:00,0.0,0.13195849039462823,0.12763190269470215,0.12763190269470215,212064,0.0,0.0
1980-06-20 00:00:00-04:00,0.0,0.13087669380059064,0.12655025720596313,0.12655025720596313,309545,0.0,0.0
1980-06-23 00:00:00-04:00,0.0,0.12979511508510172,0.1254686862230301,0.1254686862230301,30783,0.0,0.0
1980-06-24 00:00:00-04:00,0.0,0.12979511508510172,0.1254686862230301,0.1254686862230301,312965,0.0,0.0
1980-06-25 00:00:00-04:00,0.0,0.1362848672234017,0.13195843994617462,0.13195843994617462,395054,0.0,0.0
1980-06-26 00:00:00-04:00,0.0,0.1362848672234017,0.13195843994617462,0.13195843994617462,314675,0.0,0.0
1980-06-27 00:00:00-04:00,0.0,0.13412162994378898,0.12979504466056824,0.12979504466056824,249688,0.0,0.0
1980-06-30 00:00:00-04:00,0.0,0.13195849039462823,0.12763190269470215,0.12763190269470215,109452,0.0,0.0
1980-07-01 00:00:00-04:00,0.0,0.13520338432778606,0.1308767944574356,0.1308767944574356,354010,0.0,0.0
1980-07-02 00:00:00-04:00,0.0,0.1362848672234017,0.13195843994617462,0.13195843994617462,555813,0.0,0.0
1980-07-03 00:00:00-04:00,0.0,0.13844812337061252,0.13412168622016907,0.13412168622016907,851676,0.0,0.0
1980-07-07 00:00:00-04:00,0.0,0.13628490038515026,0.13412168622016907,0.13412168622016907,619090,0.0,0.0
1980-07-08 00:00:00-04:00,0.0,0.13412168199238905,0.13304007053375244,0.13304007053375244,634481,0.0,0.0
1980-07-09 00:00:00-04:00,0.0,0.13412168199238905,0.13304007053375244,0.13304007053375244,319806,0.0,0.0
1980-07-10 00:00:00-04:00,0.0,0.13195841668647504,0.12979504466056824,0.12979504466056824,268500,0.0,0.0
1980-07-11 00:00:00-04:00,0.0,0.1308766571567131,0.1287134438753128,0.1287134438753128,1410909,0.0,0.0
1980-07-14 00:00:00-04:00,0.0,0.13520329345102566,0.13304007053375244,0.13304007053375244,506217,0.0,0.0
1980-07-15 00:00:00-04:00,0.0,0.138448080300864,0.13628485798835754,0.13628485798835754,757615,0.0,0.0
1980-07-16 00:00:00-04:00,0.0,0.14385629759313592,0.14277468621730804,0.14277468621730804,817472,0.0,0.0
1980-07-17 00:00:00-04:00,0.0,0.1460195461501896,0.14385633170604706,0.14385633170604706,88930,0.0,0.0
1980-07-18 00:00:00-04:00,0.0,0.14710115572568028,0.1449379324913025,0.1449379324913025,160758,0.0,0.0
1980-07-21 00:00:00-04:00,0.0,0.14926435697760917,0.14710113406181335,0.14710113406181335,398475,0.0,0.0
1980-07-22 00:00:00-04:00,0.0,0.14926440014171283,0.14818277955055237,0.14818277955055237,424128,0.0,0.0
1980-07-23 00:00:00-04:00,0.0,0.15034601920613164,0.14926427602767944,0.14926427602767944,205223,0.0,0.0
1980-07-24 00:00:00-04:00,0.0,0.1503461442196402,0.14818277955055237,0.14818277955055237,126554,0.0,0.0
1980-07-25 00:00:00-04:00,0.0,0.15034610074271904,0.14710113406181335,0.14710113406181335,126554,0.0,0.0
1980-07-28 00:00:00-04:00,0.0,0.1503461442196402,0.14818277955055237,0.14818277955055237,63277,0.0,0.0
1980-07-29 00:00:00-04:00,0.0,0.15359090610608458,0.15142770111560822,0.15142770111560822,499376,0.0,0.0
1980-07-30 00:00:00-04:00,0.0,0.1622439512214029,0.16008074581623077,0.16008074581623077,418997,0.0,0.0
1980-07-31 00:00:00-04:00,0.0,0.15899910915102924,0.15791736543178558,0.15791736543178558,492535,0.0,0.0
1980-08-01 00:00:00-04:00,0.0,0.16008072938354698,0.15791736543178558,0.15791736543178558,179570,0.0,0.0
1980-08-04 00:00:00-04:00,0.0,0.15683572325294806,0.1546725183725357,0.1546725183725357,588306,0.0,0.0
1980-08-05 00:00:00-04:00,0.0,0.1557542310466237,0.15359100699424744,0.15359100699424744,140236,0.0,0.0
1980-08-06 00:00:00-04:00,0.0,0.15359088937713367,0.15250928699970245,0.15250928699970245,658424,0.0,0.0
1980-08-07 00:00:00-04:00,0.0,0.15359090610608458,0.15142770111560822,0.15142770111560822,518188,0.0,0.0
1980-08-08 00:00:00-04:00,0.0,0.15359088937713367,0.15250928699970245,0.15250928699970245,227456,0.0,0.0
1980-08-11 00:00:00-04:00,0.0,0.15467250939552227,0.15250928699970245,0.15250928699970245,224035,0.0,0.0
1980-08-12 00:00:00-04:00,0.0,0.154672627840921,0.15359100699424744,0.15359100699424744,430968,0.0,0.0
1980-08-13 00:00:00-04:00,0.0,0.154672627840921,0.15359100699424744,0.15359100699424744,165889,0.0,0.0
1980-08-14 00:00:00-04:00,0.0,0.154672627840921,0.15359100699424744,0.15359100699424744,63277,0.0,0.0
1980-08-15 00:00:00-04:00,0.0,0.15250930361084641,0.15142770111560822,0.15142770111560822,436099,0.0,0.0
1980-08-18 00:00:00-04:00,0.0,0.14601954410849138,0.1449379324913025,0.1449379324913025,653293,0.0,0.0
1980-08-19 00:00:00-04:00,0.0,0.1427746218141788,0.14169301092624664,0.14169301092624664,542131,0.0,0.0
1980-08-20 00:00:00-04:00,0.0,0.14385623270211095,0.14169301092624664,0.14169301092624664,112873,0.0,0.0
1980-08-21 00:00:00-04:00,0.0,0.14493793451787723,0.14385633170604706,0.14385633170604706,232586,0.0,0.0
1980-08-22 00:00:00-04:00,0.0,0.14926435697760917,0.14710113406181335,0.14710113406181335,289023,0.0,0.0
1980-08-25 00:00:00-04:00,0.0,0.15142763889791963,0.14926427602767944,0.14926427602767944,354010,0.0,0.0
1980-08-26 00:00:00-04:00,0.0,0.15142775062249114,0.15034613013267517,0.15034613013267517,46175,0.0,0.0
1980-08-27 00:00:00-04:00,0.0,0.1503461442196402,0.14818277955055237,0.14818277955055237,227456,0.0,0.0
1980-08-28 00:00:00-04:00,0.0,0.14710115572568028,0.1449379324913025,0.1449379324913025,208643,0.0,0.0
1980-08-29 00:00:00-04:00,0.0,0.14601954410849138,0.1449379324913025,0.1449379324913025,59857,0.0,0.0
1980-09-02 00:00:00-04:00,0.0,0.14710114481351136,0.14601953327655792,0.14601953327655792,51306,0.0,0.0
1980-09-03 00:00:00-04:00,0.0,0.14818274752998337,0.14601953327655792,0.14601953327655792,1133858,0.0,0.0
1980-09-04 00:00:00-04:00,0.0,0.1503461442196402,0.14818277955055237,0.14818277955055237,294153,0.0,0.0
1980-09-05 00:00:00-04:00,0.0,0.1525093534713421,0.15034613013267517,0.15034613013267517,265080,0.0,0.0
1980-09-08 00:00:00-04:00,0.0,0.1525093534713421,0.15034613013267517,0.15034613013267517,321516,0.0,0.0
1980-09-09 00:00:00-04:00,0.0,0.15467252624228203,0.15142770111560822,0.15142770111560822,167599,0.0,0.0
1980-09-10 00:00:00-04:00,0.0,0.15791734165617677,0.15575411915779114,0.15575411915779114,259949,0.0,0.0
1980-09-11 00:00:00-04:00,0.0,0.1622439512214029,0.16008074581623077,0.16008074581623077,400185,0.0,0.0
1980-09-12 00:00:00-04:00,0.0,0.1633255092171893,0.16116228699684143,0.16116228699684143,306124,0.0,0.0
1980-09-15 00:00:00-04:00,0.0,0.1600806604898696,0.15899904072284698,0.15899904072284698,171019,0.0,0.0
1980-09-16 00:00:00-04:00,0.0,0.15899911375983844,0.15683574974536896,0.15683574974536896,294153,0.0,0.0
1980-09-17 00:00:00-04:00,0.0,0.15791734165617677,0.15575411915779114,0.15575411915779114,70118,0.0,0.0
1980-09-18 00:00:00-04:00,0.0,0.1557542310466237,0.15359100699424744,0.15359100699424744,191542,0.0,0.0
1980-09-19 00:00:00-04:00,0.0,0.15791737000923894,0.15683574974536896,0.15683574974536896,247978,0.0,0.0
1980-09-22 00:00:00-04:00,0.0,0.15899911375983844,0.15683574974536896,0.15683574974536896,198382,0.0,0.0
1980-09-23 00:00:00-04:00,0.0,0.15791737000923894,0.15683574974536896,0.15683574974536896,377953,0.0,0.0
1980-09-24 00:00:00-04:00,0.0,0.15791734165617677,0.15575411915779114,0.15575411915779114,176150,0.0,0.0
1980-09-25 00:00:00-04:00,0.0,0.15359088937713367,0.15250928699970245,0.15250928699970245,396765,0.0,0.0
1980-09-26 00:00:00-04:00,0.0,0.1525093534713421,0.15034613013267517,0.15034613013267517,605408,0.0,0.0
1980-09-29 00:00:00-04:00,0.0,0.14385629759313592,0.14277468621730804,0.14277468621730804,249688,0.0,0.0
1980-09-30 00:00:00-04:00,0.0,0.14926435697760917,0.14710113406181335,0.14710113406181335,251398,0.0,0.0
1980-10-01 00:00:00-04:00,0.0,0.15034601920613164,0.14926427602767944,0.14926427602767944,203513,0.0,0.0
1980-10-02 00:00:00-04:00,0.0,0.15034601920613164,0.14926427602767944,0.14926427602767944,145366,0.0,0.0
1980-10-03 00:00:00-04:00,0.0,0.1525093534713421,0.15034613013267517,0.15034613013267517,258239,0.0,0.0
1980-10-06 00:00:00-04:00,0.0,0.15359088937713367,0.15250928699970245,0.15250928699970245,99191,0.0,0.0
1980-10-07 00:00:00-04:00,0.0,0.15467250939552227,0.15250928699970245,0.15250928699970245,182991,0.0,0.0
1980-10-08 00:00:00-04:00,0.0,0.15250930361084641,0.15142770111560822,0.15142770111560822,184701,0.0,0.0
1980-10-09 00:00:00-04:00,0.0,0.15034601920613164,0.14926427602767944,0.14926427602767944,314675,0.0,0.0
1980-10-10 00:00:00-04:00,0.0,0.14710114481351136,0.14601953327655792,0.14601953327655792,194962,0.0,0.0
1980-10-13 00:00:00-04:00,0.0,0.14818274752998337,0.14601953327655792,0.14601953327655792,34204,0.0,0.0
1980-10-14 00:00:00-04:00,0.0,0.14818274752998337,0.14601953327655792,0.14601953327655792,124844,0.0,0.0
1980-10-15 00:00:00-04:00,0.0,0.14710115572568028,0.1449379324913025,0.1449379324913025,261659,0.0,0.0
1980-10-16 00:00:00-04:00,0.0,0.1460195461501896,0.14385633170604706,0.14385633170604706,198382,0.0,0.0
1980-10-17 00:00:00-04:00,0.0,0.14385623270211095,0.14169301092624664,0.14169301092624664,109452,0.0,0.0
1980-10-20 00:00:00-04:00,0.0,0.14277475928975597,0.14061154425144196,0.14061154425144196,47885,0.0,0.0
1980-10-21 00:00:00-04:00,0.0,0.14169314736035662,0.14061154425144196,0.14061154425144196,112873,0.0,0.0
1980-10-22 00:00:00-04:00,0.0,0.14061149834493736,0.13844813406467438,0.13844813406467438,403605,0.0,0.0
1980-10-23 00:00:00-04:00,0.0,0.13844815995915544,0.13736654818058014,0.13736654818058014,94061,0.0,0.0
1980-10-24 00:00:00-04:00,0.0,0.13736653127824017,0.1352033168077469,0.1352033168077469,124844,0.0,0.0
1980-10-27 00:00:00-05:00,0.0,0.13628491963275235,0.1352033168077469,0.1352033168077469,171019,0.0,0.0
1980-10-28 00:00:00-05:00,0.0,0.13520329345102566,0.13304007053375244,0.13304007053375244,283892,0.0,0.0
1980-10-29 00:00:00-05:00,0.0,0.13520329345102566,0.13304007053375244,0.13304007053375244,75248,0.0,0.0
1980-10-30 00:00:00-05:00,0.0,0.13412168199238905,0.13304007053375244,0.13304007053375244,76959,0.0,0.0
1980-10-31 00:00:00-05:00,0.0,0.13628490038515026,0.13412168622016907,0.13412168622016907,155628,0.0,0.0
1980-11-03 00:00:00-05:00,0.0,0.13736653127824017,0.1352033168077469,0.1352033168077469,311255,0.0,0.0
1980-11-05 00:00:00-05:00,0.0,0.14061149635911976,0.1395297348499298,0.1395297348499298,709730,0.0,0.0
1980-11-06 00:00:00-05:00,0.0,0.1416930990996402,0.1395297348499298,0.1395297348499298,511348,0.0,0.0
1980-11-07 00:00:00-05:00,0.0,0.14061152464404064,0.13736654818058014,0.13736654818058014,164178,0.0,0.0
1980-11-10 00:00:00-05:00,0.0,0.1373664691446108,0.13628485798835754,0.13628485798835754,126554,0.0,0.0
1980-11-11 00:00:00-05:00,0.0,0.138448080300864,0.13628485798835754,0.13628485798835754,521609,0.0,0.0
1980-11-12 00:00:00-05:00,0.0,0.14061149635911976,0.1395297348499298,0.1395297348499298,258239,0.0,0.0
1980-11-13 00:00:00-05:00,0.0,0.1427746218141788,0.14169301092624664,0.14169301092624664,381373,0.0,0.0
1980-11-14 00:00:00-05:00,0.0,0.14169314736035662,0.14061154425144196,0.14061154425144196,395054,0.0,0.0
1980-11-17 00:00:00-05:00,0.0,0.1395297629172473,0.13736654818058014,0.13736654818058014,153917,0.0,0.0
1980-11-18 00:00:00-05:00,0.0,0.1373664691446108,0.13628485798835754,0.13628485798835754,186411,0.0,0.0
1980-11-19 00:00:00-05:00,0.0,0.138448080300864,0.13628485798835754,0.13628485798835754,371112,0.0,0.0
1980-11-20 00:00:00-05:00,0.0,0.1373664691446108,0.13628485798835754,0.13628485798835754,83799,0.0,0.0
1980-11-21 00:00:00-05:00,0.0,0.13412165358478817,0.13195843994617462,0.13195843994617462,410446,0.0,0.0
1980-11-24 00:00:00-05:00,0.0,0.12979511716032444,0.12763190269470215,0.12763190269470215,297573,0.0,0.0
1980-11-25 00:00:00-05:00,0.0,0.12979504610577422,0.1287134438753128,0.1287134438753128,239427,0.0,0.0
1980-11-26 00:00:00-05:00,0.0,0.1308766556994639,0.12979504466056824,0.12979504466056824,754195,0.0,0.0
1980-11-28 00:00:00-05:00,0.0,0.1308766571567131,0.1287134438753128,0.1287134438753128,210354,0.0,0.0
1980-12-01 00:00:00-05:00,0.0,0.12438705888878158,0.12330544739961624,0.12330544739961624,449781,0.0,0.0
1980-12-02 00:00:00-05:00,0.0,0.1243870845060589,0.12222371995449065,0.12222371995449066,1800833,0.0,0.0
1980-12-03 00:00:00-05:00,0.0,0.1330401599565047,0.1308767944574356,0.1308767944574356,326647,0.0,0.0
1980-12-04 00:00:00-05:00,0.0,0.13412165358478817,0.13195843994617462,0.13195843994617462,123134,0.0,0.0
1980-12-05 00:00:00-05:00,0.0,0.13304004235524192,0.13195843994617462,0.13195843994617462,147077,0.0,0.0
1980-12-08 00:00:00-05:00,0.0,0.12871351433775444,0.12763190269470215,0.12763190269470215,485695,0.0,0.0
1980-12-09 00:00:00-05:00,0.0,0.12871347991351687,0.12655025720596313,0.12655025720596313,99191,0.0,0.0
1980-12-10 00:00:00-05:00,0.0,0.1276319006540659,0.1254686862230301,0.1254686862230301,32494,0.0,0.0
1980-12-11 00:00:00-05:00,0.0,0.12546867037794693,0.12330544739961624,0.12330544739961624,461752,0.0,0.0
1980-12-12 00:00:00-05:00,0.0,0.12546867037794693,0.12330544739961624,0.12330544739961624,172729,0.0,0.0
1980-12-15 00:00:00-05:00,0.0,0.12546867037794693,0.12330544739961624,0.12330544739961624,70118,0.0,0.0
1980-12-16 00:00:00-05:00,0.0,0.126550292477184,0.12438707798719408,0.12438707798719406,265080,0.0,0.0
1980-12-17 00:00:00-05:00,0.0,0.126550292477184,0.12438707798719408,0.12438707798719406,1417749,0.0,0.0
1980-12-18 00:00:00-05:00,0.0,0.12763186855973999,0.12655025720596313,0.12655025720596313,295863,0.0,0.0
1980-12-19 00:00:00-05:00,0.0,0.12871351433775444,0.12763190269470215,0.12763190269470215,307835,0.0,0.0
1980-12-22 00:00:00-05:00,0.0,0.12979504610577422,0.1287134438753128,0.1287134438753128,360851,0.0,0.0
1980-12-23 00:00:00-05:00,0.0,0.13195855659135075,0.1308767944574356,0.1308767944574356,485695,0.0,0.0
1980-12-24 00:00:00-05:00,0.0,0.13520329345102566,0.13304007053375244,0.13304007053375244,564363,0.0,0.0
1980-12-26 00:00:00-05:00,0.0,0.1352032648143344,0.13195843994617462,0.13195843994617462,58147,0.0,0.0
1980-12-29 00:00:00-05:00,0.0,0.13195855659135075,0.1308767944574356,0.1308767944574356,543841,0.0,0.0
1980-12-30 00:00:00-05:00,0.0,0.1330401599565047,0.1308767944574356,0.1308767944574356,352300,0.0,0.0
1980-12-31 00:00:00-05:00,0.0,0.13195855659135075,0.1308767944574356,0.1308767944574356,345459,0.0,0.0
1981-01-02 00:00:00-05:00,0.0,0.13195841668647504,0.12979504466056824,0.12979504466056824,174440,0.0,0.0
1981-01-05 00:00:00-05:00,0.0,0.1330401599565047,0.1308767944574356,0.1308767944574356,300994,0.0,0.0
1981-01-06 00:00:00-05:00,0.0,0.13412165358478817,0.13195843994617462,0.13195843994617462,210354,0.0,0.0
1981-01-07 00:00:00-05:00,0.0,0.12979504610577422,0.1287134438753128,0.1287134438753128,263370,0.0,0.0
1981-01-08 00:00:00-05:00,0.0,0.1308767288033767,0.12763190269470215,0.12763190269470215,236007,0.0,0.0
1981-01-09 00:00:00-05:00,0.0,0.13195841668647504,0.12979504466056824,0.12979504466056824,1128727,0.0,0.0
1981-01-12 00:00:00-05:00,0.0,0.1330401599565047,0.1308767944574356,0.1308767944574356,598567,0.0,0.0
1981-01-13 00:00:00-05:00,0.0,0.1308766556994639,0.12979504466056824,0.12979504466056824,201803,0.0,0.0
1981-01-14 00:00:00-05:00,0.0,0.13195855659135075,0.1308767944574356,0.1308767944574356,68408,0.0,0.0
1981-01-15 00:00:00-05:00,0.0,0.13195855659135075,0.1308767944574356,0.1308767944574356,42755,0.0,0.0
1981-01-16 00:00:00-05:00,0.0,0.13195855659135075,0.1308767944574356,0.1308767944574356,102612,0.0,0.0
1981-01-19 00:00:00-05:00,0.0,0.1330401599565047,0.1308767944574356,0.1308767944574356,119713,0.0,0.0
1981-01-20 00:00:00-05:00,0.0,0.13304004235524192,0.13195843994617462,0.13195843994617462,244558,0.0,0.0
1981-01-21 00:00:00-05:00,0.0,0.13195855659135075,0.1308767944574356,0.1308767944574356,75248,0.0,0.0
1981-01-22 00:00:00-05:00,0.0,0.13195841668647504,0.12979504466056824,0.12979504466056824,145366,0.0,0.0
1981-01-23 00:00:00-05:00,0.0,0.13195841668647504,0.12979504466056824,0.12979504466056824,30783,0.0,0.0
1981-01-26 00:00:00-05:00,0.0,0.1308766556994639,0.12979504466056824,0.12979504466056824,237717,0.0,0.0
1981-01-27 00:00:00-05:00,0.0,0.1308766556994639,0.12979504466056824,0.12979504466056824,350589,0.0,0.0
1981-01-28 00:00:00-05:00,0.0,0.13195855659135075,0.1308767944574356,0.1308767944574356,196672,0.0,0.0
1981-01-29 00:00:00-05:00,0.0,0.13195855659135075,0.1308767944574356,0.1308767944574356,133395,0.0,0.0
1981-01-30 00:00:00-05:00,0.0,0.13412177214214538,0.1308767944574356,0.1308767944574356,75248,0.0,0.0
1981-02-02 00:00:00-05:00,0.0,0.13195855659135075,0.1308767944574356,0.1308767944574356,247978,0.0,0.0
1981-02-03 00:00:00-05:00,0.0,0.13195855659135075,0.1308767944574356,0.1308767944574356,212064,0.0,0.0
1981-02-04 00:00:00-05:00,0.0,0.13195855659135075,0.1308767944574356,0.1308767944574356,83799,0.0,0.0
1981-02-05 00:00:00-05:00,0.0,0.13195855659135075,0.1308767944574356,0.1308767944574356,47885,0.0,0.0
1981-02-06 00:00:00-05:00,0.0,0.13195855659135075,0.1308767944574356,0.1308767944574356,18812,0.0,0.0
1981-02-09 00:00:00-05:00,0.0,0.13195855659135075,0.1308767944574356,0.1308767944574356,138526,0.0,0.0
1981-02-10 00:00:00-05:00,0.0,0.1330401599565047,0.1308767944574356,0.1308767944574356,53016,0.0,0.0
1981-02-11 00:00:00-05:00,0.0,0.1308766556994639,0.12979504466056824,0.12979504466056824,165889,0.0,0.0
1981-02-12 00:00:00-05:00,0.0,0.1308766556994639,0.12979504466056824,0.12979504466056824,140236,0.0,0.0
1981-02-13 00:00:00-05:00,0.0,0.1308766556994639,0.12979504466056824,0.12979504466056824,68408,0.0,0.0
1981-02-17 00:00:00-05:00,0.0,0.1308766556994639,0.12979504466056824,0.12979504466056824,111163,0.0,0.0
1981-02-18 00:00:00-05:00,0.0,0.13195855659135075,0.1308767944574356,0.1308767944574356,336908,0.0,0.0
1981-02-19 00:00:00-05:00,0.0,0.13304004235524192,0.13195843994617462,0.13195843994617462,191542,0.0,0.0
1981-02-20 00:00:00-05:00,0.0,0.13304004235524192,0.13195843994617462,0.13195843994617462,143656,0.0,0.0
1981-02-23 00:00:00-05:00,0.0,0.13412165358478817,0.13195843994617462,0.13195843994617462,224035,0.0,0.0
1981-02-24 00:00:00-05:00,0.0,0.13520329345102566,0.13304007053375244,0.13304007053375244,271921,0.0,0.0
1981-02-25 00:00:00-05:00,0.0,0.13520329345102566,0.13304007053375244,0.13304007053375244,78669,0.0,0.0
1981-02-26 00:00:00-05:00,0.0,0.1373664691446108,0.13628485798835754,0.13628485798835754,685787,0.0,0.0
1981-02-27 00:00:00-05:00,0.0,0.13844815995915544,0.13736654818058014,0.13736654818058014,949157,0.0,0.0
1981-03-02 00:00:00-05:00,0.0,0.14061149635911976,0.1395297348499298,0.1395297348499298,507927,0.0,0.0
1981-03-03 00:00:00-05:00,0.0,0.13844815995915544,0.13736654818058014,0.13736654818058014,374532,0.0,0.0
1981-03-04 00:00:00-05:00,0.0,0.138448080300864,0.13628485798835754,0.13628485798835754,30783,0.0,0.0
1981-03-05 00:00:00-05:00,0.0,0.13844815995915544,0.13736654818058014,0.13736654818058014,188121,0.0,0.0
1981-03-06 00:00:00-05:00,0.0,0.13844815995915544,0.13736654818058014,0.13736654818058014,141946,0.0,0.0
1981-03-09 00:00:00-05:00,0.0,0.13844815995915544,0.13736654818058014,0.13736654818058014,80379,0.0,0.0
1981-03-10 00:00:00-05:00,0.0,0.13844815995915544,0.13736654818058014,0.13736654818058014,1819645,0.0,0.0
1981-03-11 00:00:00-05:00,0.0,0.1416930990996402,0.1395297348499298,0.1395297348499298,950867,0.0,0.0
1981-03-12 00:00:00-05:00,0.0,0.14169314736035662,0.14061154425144196,0.14061154425144196,449781,0.0,0.0
1981-03-13 00:00:00-05:00,0.0,0.1427746218141788,0.14169301092624664,0.14169301092624664,396765,0.0,0.0
1981-03-16 00:00:00-05:00,0.0,0.14818273669923046,0.14710113406181335,0.14710113406181335,407026,0.0,0.0
1981-03-17 00:00:00-05:00,0.0,0.14710115572568028,0.1449379324913025,0.1449379324913025,560943,0.0,0.0
1981-03-18 00:00:00-05:00,0.0,0.14818274752998337,0.14601953327655792,0.14601953327655792,75248,0.0,0.0
1981-03-19 00:00:00-05:00,0.0,0.14710114481351136,0.14601953327655792,0.14601953327655792,196672,0.0,0.0
1981-03-20 00:00:00-05:00,0.0,0.14818274752998337,0.14601953327655792,0.14601953327655792,234296,0.0,0.0
1981-03-23 00:00:00-05:00,0.0,0.14818273669923046,0.14710113406181335,0.14710113406181335,564363,0.0,0.0
1981-03-24 00:00:00-05:00,0.0,0.14926440014171283,0.14818277955055237,0.14818277955055237,254819,0.0,0.0
1981-03-25 00:00:00-05:00,0.0,0.15359088937713367,0.15250928699970245,0.15250928699970245,851676,0.0,0.0
1981-03-26 00:00:00-05:00,0.0,0.15683572325294806,0.1546725183725357,0.1546725183725357,1034666,0.0,0.0
1981-03-27 00:00:00-05:00,0.0,0.154672627840921,0.15359100699424744,0.15359100699424744,666975,0.0,0.0
1981-03-30 00:00:00-05:00,0.0,0.1557541208127419,0.1546725183725357,0.1546725183725357,106032,0.0,0.0
1981-03-31 00:00:00-05:00,0.0,0.16008072938354698,0.15791736543178558,0.15791736543178558,625930,0.0,0.0
1981-04-01 00:00:00-05:00,0.0,0.1622438647420083,0.15899904072284698,0.15899904072284698,439519,0.0,0.0
1981-04-02 00:00:00-05:00,0.0,0.1600806604898696,0.15899904072284698,0.15899904072284698,181280,0.0,0.0
1981-04-03 00:00:00-05:00,0.0,0.15899911375983844,0.15683574974536896,0.15683574974536896,266790,0.0,0.0
1981-04-06 00:00:00-05:00,0.0,0.1557541208127419,0.1546725183725357,0.1546725183725357,232586,0.0,0.0
1981-04-07 00:00:00-05:00,0.0,0.15791734165617677,0.15575411915779114,0.15575411915779114,716571,0.0,0.0
1981-04-08 00:00:00-05:00,0.0,0.15791734333411264,0.1546725183725357,0.1546725183725357,37624,0.0,0.0
1981-04-09 00:00:00-05:00,0.0,0.154672627840921,0.15359100699424744,0.15359100699424744,118003,0.0,0.0
1981-04-10 00:00:00-05:00,0.0,0.15250930361084641,0.15142770111560822,0.15142770111560822,123134,0.0,0.0
1981-04-13 00:00:00-05:00,0.0,0.15034601920613164,0.14926427602767944,0.14926427602767944,247978,0.0,0.0
1981-04-14 00:00:00-05:00,0.0,0.1503461442196402,0.14818277955055237,0.14818277955055237,114583,0.0,0.0
1981-04-15 00:00:00-05:00,0.0,0.15034601920613164,0.14926427602767944,0.14926427602767944,95771,0.0,0.0
1981-04-16 00:00:00-05:00,0.0,0.15034601920613164,0.14926427602767944,0.14926427602767944,70118,0.0,0.0
1981-04-20 00:00:00-05:00,0.0,0.14926440014171283,0.14818277955055237,0.14818277955055237,140236,0.0,0.0
1981-04-21 00:00:00-05:00,0.0,0.14710115572568028,0.1449379324913025,0.1449379324913025,198382,0.0,0.0
1981-04-22 00:00:00-05:00,0.0,0.14493790014848368,0.14277468621730804,0.14277468621730804,300994,0.0,0.0
1981-04-23 00:00:00-05:00,0.0,0.14710114481351136,0.14601953327655792,0.14601953327655792,439519,0.0,0.0
1981-04-24 00:00:00-05:00,0.0,0.14601954410849138,0.1449379324913025,0.1449379324913025,189831,0.0,0.0
1981-04-27 00:00:00-04:00,0.0,0.14710114481351136,0.14601953327655792,0.14601953327655792,128264,0.0,0.0
1981-04-28 00:00:00-04:00,0.0,0.14493790014848368,0.14277468621730804,0.14277468621730804,304414,0.0,0.0
1981-04-29 00:00:00-04:00,0.0,0.14385629759313592,0.14277468621730804,0.14277468621730804,138526,0.0,0.0
1981-04-30 00:00:00-04:00,0.0,0.14493793451787723,0.14385633170604706,0.14385633170604706,118003,0.0,0.0
1981-05-01 00:00:00-04:00,0.0,0.14493790014848368,0.14277468621730804,0.14277468621730804,297573,0.0,0.0
1981-05-04 00:00:00-04:00,0.0,0.1427746218141788,0.14169301092624664,0.14169301092624664,318096,0.0,0.0
1981-05-05 00:00:00-04:00,0.0,0.14061149635911976,0.1395297348499298,0.1395297348499298,171019,0.0,0.0
1981-05-06 00:00:00-04:00,0.0,0.14061149834493736,0.13844813406467438,0.13844813406467438,165889,0.0,0.0
1981-05-07 00:00:00-04:00,0.0,0.14169314736035662,0.14061154425144196,0.14061154425144196,99191,0.0,0.0
1981-05-08 00:00:00-04:00,0.0,0.14493793451787723,0.14385633170604706,0.14385633170604706,259949,0.0,0.0
1981-05-11 00:00:00-04:00,0.0,0.14277475928975597,0.14061154425144196,0.14061154425144196,278761,0.0,0.0
1981-05-12 00:00:00-04:00,0.0,0.14277475928975597,0.14061154425144196,0.14061154425144196,70118,0.0,0.0
1981-05-13 00:00:00-04:00,0.0,0.14277475928975597,0.14061154425144196,0.14061154425144196,542131,0.0,0.0
1981-05-14 00:00:00-04:00,0.0,0.1427746218141788,0.14169301092624664,0.14169301092624664,46175,0.0,0.0
1981-05-15 00:00:00-04:00,0.0,0.1427746218141788,0.14169301092624664,0.14169301092624664,629351,0.0,0.0
1981-05-18 00:00:00-04:00,0.0,0.14385629759313592,0.14277468621730804,0.14277468621730804,107742,0.0,0.0
1981-05-19 00:00:00-04:00,0.0,0.14385629759313592,0.14277468621730804,0.14277468621730804,68408,0.0,0.0
1981-05-20 00:00:00-04:00,0.0,0.14385629759313592,0.14277468621730804,0.14277468621730804,870488,0.0,0.0
1981-05-21 00:00:00-04:00,0.0,0.14385623270211095,0.14169301092624664,0.14169301092624664,107742,0.0,0.0
1981-05-22 00:00:00-04:00,0.0,0.14277475928975597,0.14061154425144196,0.14061154425144196,148787,0.0,0.0
1981-05-26 00:00:00-04:00,0.0,0.14385623270211095,0.14169301092624664,0.14169301092624664,54726,0.0,0.0
1981-05-27 00:00:00-04:00,0.0,0.14385623270211095,0.14169301092624664,0.14169301092624664,94061,0.0,0.0
1981-05-28 00:00:00-04:00,0.0,0.14385623270211095,0.14169301092624664,0.14169301092624664,59857,0.0,0.0
1981-05-29 00:00:00-04:00,0.0,0.14385623270211095,0.14169301092624664,0.14169301092624664,217194,0.0,0.0
1981-06-01 00:00:00-04:00,0.0,0.14926440014171283,0.14818277955055237,0.14818277955055237,424128,0.0,0.0
1981-06-02 00:00:00-04:00,0.0,0.14601954410849138,0.1449379324913025,0.1449379324913025,499376,0.0,0.0
1981-06-03 00:00:00-04:00,0.0,0.14710115572568028,0.1449379324913025,0.1449379324913025,97481,0.0,0.0
1981-06-04 00:00:00-04:00,0.0,0.14926440014171283,0.14818277955055237,0.14818277955055237,289023,0.0,0.0
1981-06-05 00:00:00-04:00,0.0,0.15034601920613164,0.14926427602767944,0.14926427602767944,208643,0.0,0.0
1981-06-08 00:00:00-04:00,0.0,0.1525093534713421,0.15034613013267517,0.15034613013267517,716571,0.0,0.0
1981-06-09 00:00:00-04:00,0.0,0.15791737000923894,0.15683574974536896,0.15683574974536896,723411,0.0,0.0
1981-06-10 00:00:00-04:00,0.0,0.1557541208127419,0.1546725183725357,0.1546725183725357,413867,0.0,0.0
1981-06-11 00:00:00-04:00,0.0,0.1557541208127419,0.1546725183725357,0.1546725183725357,336908,0.0,0.0
1981-06-12 00:00:00-04:00,0.0,0.1557541208127419,0.1546725183725357,0.1546725183725357,94061,0.0,0.0
1981-06-15 00:00:00-04:00,0.0,0.15791734165617677,0.15575411915779114,0.15575411915779114,311255,0.0,0.0
1981-06-16 00:00:00-04:00,0.0,0.15683572325294806,0.1546725183725357,0.1546725183725357,302704,0.0,0.0
1981-06-17 00:00:00-04:00,0.0,0.1557541208127419,0.1546725183725357,0.1546725183725357,118003,0.0,0.0
1981-06-18 00:00:00-04:00,0.0,0.15359088937713367,0.15250928699970245,0.15250928699970245,200093,0.0,0.0
1981-06-19 00:00:00-04:00,0.0,0.15359090610608458,0.15142770111560822,0.15142770111560822,177860,0.0,0.0
1981-06-22 00:00:00-04:00,0.0,0.15359090610608458,0.15142770111560822,0.15142770111560822,82089,0.0,0.0
1981-06-23 00:00:00-04:00,0.0,0.15359090610608458,0.15142770111560822,0.15142770111560822,63277,0.0,0.0
1981-06-24 00:00:00-04:00,0.0,0.15359090610608458,0.15142770111560822,0.15142770111560822,64987,0.0,0.0
1981-06-25 00:00:00-04:00,0.0,0.15142763889791963,0.14926427602767944,0.14926427602767944,128264,0.0,0.0
1981-06-26 00:00:00-04:00,0.0,0.1503461442196402,0.14818277955055237,0.14818277955055237,87220,0.0,0.0
1981-06-29 00:00:00-04:00,0.0,0.14385623270211095,0.14169301092624664,0.14169301092624664,237717,0.0,0.0
1981-06-30 00:00:00-04:00,0.0,0.14061149635911976,0.1395297348499298,0.1395297348499298,251398,0.0,0.0
1981-07-01 00:00:00-04:00,0.0,0.14061149635911976,0.1395297348499298,0.1395297348499298,123134,0.0,0.0
1981-07-02 00:00:00-04:00,0.0,0.14061149834493736,0.13844813406467438,0.13844813406467438,47885,0.0,0.0
1981-07-06 00:00:00-04:00,0.0,0.138448080300864,0.13628485798835754,0.13628485798835754,160758,0.0,0.0
1981-07-07 00:00:00-04:00,0.0,0.14277475928975597,0.14061154425144196,0.14061154425144196,321516,0.0,0.0
1981-07-08 00:00:00-04:00,0.0,0.14277475928975597,0.14061154425144196,0.14061154425144196,11971,0.0,0.0
1981-07-09 00:00:00-04:00,0.0,0.14277475928975597,0.14061154425144196,0.14061154425144196,1710,0.0,0.0
1981-07-10 00:00:00-04:00,0.0,0.1427746218141788,0.14169301092624664,0.14169301092624664,20522,0.0,0.0
1981-07-13 00:00:00-04:00,0.0,0.14385623270211095,0.14169301092624664,0.14169301092624664,136815,0.0,0.0
1981-07-14 00:00:00-04:00,0.0,0.1416930990996402,0.1395297348499298,0.1395297348499298,643032,0.0,0.0
1981-07-15 00:00:00-04:00,0.0,0.14061149834493736,0.13844813406467438,0.13844813406467438,159048,0.0,0.0
1981-07-16 00:00:00-04:00,0.0,0.14061149834493736,0.13844813406467438,0.13844813406467438,6841,0.0,0.0
1981-07-17 00:00:00-04:00,0.0,0.14061149834493736,0.13844813406467438,0.13844813406467438,68408,0.0,0.0
1981-07-20 00:00:00-04:00,0.0,0.13736653127824017,0.1352033168077469,0.1352033168077469,162468,0.0,0.0
1981-07-21 00:00:00-04:00,0.0,0.1330401599565047,0.1308767944574356,0.1308767944574356,205223,0.0,0.0
1981-07-22 00:00:00-04:00,0.0,0.13412177214214538,0.1308767944574356,0.1308767944574356,369402,0.0,0.0
1981-07-23 00:00:00-04:00,0.0,0.138448080300864,0.13628485798835754,0.13628485798835754,160758,0.0,0.0
1981-07-24 00:00:00-04:00,0.0,0.14061149635911976,0.1395297348499298,0.1395297348499298,629351,0.0,0.0
1981-07-27 00:00:00-04:00,0.0,0.14061149834493736,0.13844813406467438,0.13844813406467438,179570,0.0,0.0
1981-07-28 00:00:00-04:00,0.0,0.1373664691446108,0.13628485798835754,0.13628485798835754,53016,0.0,0.0
1981-07-29 00:00:00-04:00,0.0,0.13736653127824017,0.1352033168077469,0.1352033168077469,198382,0.0,0.0
1981-07-30 00:00:00-04:00,0.0,0.13736653127824017,0.1352033168077469,0.1352033168077469,42755,0.0,0.0
1981-07-31 00:00:00-04:00,0.0,0.13736653127824017,0.1352033168077469,0.1352033168077469,46175,0.0,0.0
1981-08-03 00:00:00-04:00,0.0,0.14061149834493736,0.13844813406467438,0.13844813406467438,251398,0.0,0.0
1981-08-04 00:00:00-04:00,0.0,0.14169314736035662,0.14061154425144196,0.14061154425144196,230876,0.0,0.0
1981-08-05 00:00:00-04:00,0.0,0.14385629759313592,0.14277468621730804,0.14277468621730804,499376,0.0,0.0
1981-08-06 00:00:00-04:00,0.0,0.14493793451787723,0.14385633170604706,0.14385633170604706,42755,0.0,0.0
1981-08-07 00:00:00-04:00,0.0,0.14493790014848368,0.14277468621730804,0.14277468621730804,87220,0.0,0.0
1981-08-10 00:00:00-04:00,0.14277468621730804,0.14277468621730804,0.14277468621730804,0.14277468621730804,0,0.0,0.0
1981-08-11 00:00:00-04:00,0.0,0.1427746218141788,0.14169301092624664,0.14169301092624664,112873,0.0,0.0
1981-08-12 00:00:00-04:00,0.0,0.1427746218141788,0.14169301092624664,0.14169301092624664,516478,0.0,0.0
1981-08-13 00:00:00-04:00,0.0,0.1427746218141788,0.14169301092624664,0.14169301092624664,10261,0.0,0.0
1981-08-14 00:00:00-04:00,0.0,0.1427746218141788,0.14169301092624664,0.14169301092624664,106032,0.0,0.0
1981-08-17 00:00:00-04:00,0.0,0.1427746218141788,0.14169301092624664,0.14169301092624664,42755,0.0,0.0
1981-08-18 00:00:00-04:00,0.0,0.14061149834493736,0.13844813406467438,0.13844813406467438,837994,0.0,0.0
1981-08-19 00:00:00-04:00,0.0,0.14061149834493736,0.13844813406467438,0.13844813406467438,71828,0.0,0.0
1981-08-20 00:00:00-04:00,0.0,0.14061149834493736,0.13844813406467438,0.13844813406467438,15392,0.0,0.0
1981-08-21 00:00:00-04:00,0.0,0.14061149834493736,0.13844813406467438,0.13844813406467438,95771,0.0,0.0
1981-08-24 00:00:00-04:00,0.0,0.13844815995915544,0.13736654818058014,0.13736654818058014,560943,0.0,0.0
1981-08-25 00:00:00-04:00,0.0,0.138448080300864,0.13628485798835754,0.13628485798835754,311255,0.0,0.0
1981-08-26 00:00:00-04:00,0.0,0.138448080300864,0.13628485798835754,0.13628485798835754,118003,0.0,0.0
1981-08-27 00:00:00-04:00,0.0,0.13520329345102566,0.13304007053375244,0.13304007053375244,246268,0.0,0.0
1981-08-28 00:00:00-04:00,0.0,0.13520329345102566,0.13304007053375244,0.13304007053375244,34204,0.0,0.0
1981-08-31 00:00:00-04:00,0.0,0.1308766571567131,0.1287134438753128,0.1287134438753128,150497,0.0,0.0
1981-09-01 00:00:00-04:00,0.0,0.1276319006540659,0.1254686862230301,0.1254686862230301,53016,0.0,0.0
1981-09-02 00:00:00-04:00,0.0,0.1308766571567131,0.1287134438753128,0.1287134438753128,71828,0.0,0.0
1981-09-03 00:00:00-04:00,0.0,0.1308766571567131,0.1287134438753128,0.1287134438753128,71828,0.0,0.0
1981-09-04 00:00:00-04:00,0.0,0.12979511716032444,0.12763190269470215,0.12763190269470215,249688,0.0,0.0
1981-09-08 00:00:00-04:00,0.0,0.1276319006540659,0.1254686862230301,0.1254686862230301,167599,0.0,0.0
1981-09-09 00:00:00-04:00,0.0,0.1276319006540659,0.1254686862230301,0.1254686862230301,32494,0.0,0.0
1981-09-10 00:00:00-04:00,0.0,0.1276319006540659,0.1254686862230301,0.1254686862230301,95771,0.0,0.0
1981-09-11 00:00:00-04:00,0.0,0.12979504610577422,0.1287134438753128,0.1287134438753128,128264,0.0,0.0
1981-09-14 00:00:00-04:00,0.0,0.12979511716032444,0.12763190269470215,0.12763190269470215,107742,0.0,0.0
1981-09-15 00:00:00-04:00,0.0,0.12979511716032444,0.12763190269470215,0.12763190269470215,90640,0.0,0.0
1981-09-16 00:00:00-04:00,0.0,0.12546867037794693,0.12330544739961624,0.12330544739961624,242847,0.0,0.0
1981-09-17 00:00:00-04:00,0.0,0.1243870845060589,0.12222371995449065,0.12222371995449066,126554,0.0,0.0
1981-09-18 00:00:00-04:00,0.0,0.12330540807959661,0.12114204466342926,0.12114204466342926,23943,0.0,0.0
1981-09-21 00:00:00-04:00,0.0,0.126550292477184,0.12438707798719408,0.12438707798719406,109452,0.0,0.0
1981-09-22 00:00:00-04:00,0.0,0.12546867037794693,0.12330544739961624,0.12330544739961624,138526,0.0,0.0
1981-09-23 00:00:00-04:00,0.0,0.12330547279413773,0.12222371995449065,0.12222371995449066,32494,0.0,0.0
1981-09-24 00:00:00-04:00,0.0,0.12438705888878158,0.12330544739961624,0.12330544739961624,124844,0.0,0.0
1981-09-25 00:00:00-04:00,0.0,0.12330547279413773,0.12222371995449065,0.12222371995449066,473723,0.0,0.0
1981-09-28 00:00:00-04:00,0.0,0.12222371805251535,0.12006050348281859,0.1200605034828186,106032,0.0,0.0
1981-09-29 00:00:00-04:00,0.0,0.12438705888878158,0.12330544739961624,0.12330544739961624,126554,0.0,0.0
1981-09-30 00:00:00-04:00,0.0,0.126550292477184,0.12438707798719408,0.12438707798719406,157338,0.0,0.0
1981-10-01 00:00:00-04:00,0.0,0.12546868964243024,0.12438707798719408,0.12438707798719406,95771,0.0,0.0
1981-10-02 00:00:00-04:00,0.0,0.12546868964243024,0.12438707798719408,0.12438707798719406,61567,0.0,0.0
1981-10-05 00:00:00-04:00,0.0,0.12763190413242018,0.12438707798719408,0.12438707798719406,242847,0.0,0.0
1981-10-06 00:00:00-04:00,0.0,0.1276319006540659,0.1254686862230301,0.1254686862230301,545551,0.0,0.0
1981-10-07 00:00:00-04:00,0.0,0.13195855659135075,0.1308767944574356,0.1308767944574356,171019,0.0,0.0
1981-10-08 00:00:00-04:00,0.0,0.1330401599565047,0.1308767944574356,0.1308767944574356,41045,0.0,0.0
1981-10-09 00:00:00-04:00,0.0,0.13195855659135075,0.1308767944574356,0.1308767944574356,44465,0.0,0.0
1981-10-12 00:00:00-04:00,0.0,0.13304004235524192,0.13195843994617462,0.13195843994617462,82089,0.0,0.0
1981-10-13 00:00:00-04:00,0.0,0.13628490038515026,0.13412168622016907,0.13412168622016907,261659,0.0,0.0
1981-10-14 00:00:00-04:00,0.0,0.13520329345102566,0.13304007053375244,0.13304007053375244,42755,0.0,0.0
1981-10-15 00:00:00-04:00,0.0,0.13520329345102566,0.13304007053375244,0.13304007053375244,56436,0.0,0.0
1981-10-16 00:00:00-04:00,0.0,0.13520329345102566,0.13304007053375244,0.13304007053375244,87220,0.0,0.0
1981-10-19 00:00:00-04:00,0.0,0.13520329345102566,0.13304007053375244,0.13304007053375244,18812,0.0,0.0
1981-10-20 00:00:00-04:00,0.0,0.13520329345102566,0.13304007053375244,0.13304007053375244,5131,0.0,0.0
1981-10-21 00:00:00-04:00,0.0,0.1352032977129002,0.13412168622016907,0.13412168622016907,64987,0.0,0.0
1981-10-22 00:00:00-04:00,0.0,0.13844815995915544,0.13736654818058014,0.13736654818058014,165889,0.0,0.0
1981-10-23 00:00:00-04:00,0.0,0.13844815995915544,0.13736654818058014,0.13736654818058014,30783,0.0,0.0
1981-10-26 00:00:00-05:00,0.0,0.14061149635911976,0.1395297348499298,0.1395297348499298,395054,0.0,0.0
1981-10-27 00:00:00-05:00,0.0,0.14818273669923046,0.14710113406181335,0.14710113406181335,509637,0.0,0.0
1981-10-28 00:00:00-05:00,0.0,0.1503461442196402,0.14818277955055237,0.14818277955055237,251398,0.0,0.0
1981-10-29 00:00:00-05:00,0.0,0.14926440014171283,0.14818277955055237,0.14818277955055237,160758,0.0,0.0
1981-10-30 00:00:00-05:00,0.0,0.14926440014171283,0.14818277955055237,0.14818277955055237,393344,0.0,0.0
1981-11-02 00:00:00-05:00,0.0,0.15034601920613164,0.14926427602767944,0.14926427602767944,239427,0.0,0.0
1981-11-03 00:00:00-05:00,0.0,0.15142775062249114,0.15034613013267517,0.15034613013267517,256529,0.0,0.0
1981-11-04 00:00:00-05:00,0.0,0.15359088937713367,0.15250928699970245,0.15250928699970245,504507,0.0,0.0
1981-11-05 00:00:00-05:00,0.0,0.16332555270422436,0.16224393248558044,0.16224393248558044,1154380,0.0,0.0
1981-11-06 00:00:00-05:00,0.0,0.1644071807193507,0.16332557797431943,0.16332557797431946,844835,0.0,0.0
1981-11-09 00:00:00-05:00,0.0,0.1665703849066532,0.16548876464366913,0.16548876464366913,590016,0.0,0.0
1981-11-10 00:00:00-05:00,0.0,0.16873378956742272,0.16657042503356934,0.16657042503356934,583176,0.0,0.0
1981-11-11 00:00:00-05:00,0.0,0.17630492699404887,0.17414170503616333,0.17414170503616333,1156090,0.0,0.0
1981-11-12 00:00:00-05:00,0.0,0.17846834832195096,0.17738674581050873,0.17738674581050873,1034666,0.0,0.0
1981-11-13 00:00:00-05:00,0.0,0.17954996847435278,0.17738674581050873,0.17738674581050873,578045,0.0,0.0
1981-11-16 00:00:00-05:00,0.0,0.174141841366579,0.17306023836135861,0.17306023836135864,1050058,0.0,0.0
1981-11-17 00:00:00-05:00,0.0,0.17197859759490022,0.170896977186203,0.170896977186203,273631,0.0,0.0
1981-11-18 00:00:00-05:00,0.0,0.174141841366579,0.17306023836135861,0.17306023836135864,492535,0.0,0.0
1981-11-19 00:00:00-05:00,0.0,0.1730601956106539,0.17197859287261963,0.17197859287261963,294153,0.0,0.0
1981-11-20 00:00:00-05:00,0.0,0.17522332483558298,0.17414170503616333,0.17414170503616333,418997,0.0,0.0
1981-11-23 00:00:00-05:00,0.0,0.174141841366579,0.17306023836135861,0.17306023836135864,212064,0.0,0.0
1981-11-24 00:00:00-05:00,0.0,0.17414179834868818,0.17197859287261963,0.17197859287261963,304414,0.0,0.0
1981-11-25 00:00:00-05:00,0.0,0.174141841366579,0.17306023836135861,0.17306023836135864,37624,0.0,0.0
1981-11-27 00:00:00-05:00,0.0,0.174141841366579,0.17306023836135861,0.17306023836135864,46175,0.0,0.0
1981-11-30 00:00:00-05:00,0.0,0.17414179834868818,0.17197859287261963,0.17197859287261963,201803,0.0,0.0
1981-12-01 00:00:00-05:00,0.0,0.17414179834868818,0.17197859287261963,0.17197859287261963,271921,0.0,0.0
1981-12-02 00:00:00-05:00,0.0,0.17306020036263375,0.170896977186203,0.170896977186203,513058,0.0,0.0
1981-12-03 00:00:00-05:00,0.0,0.17197861469361472,0.16981539130210876,0.16981539130210876,174440,0.0,0.0
1981-12-04 00:00:00-05:00,0.0,0.1730601956106539,0.17197859287261963,0.17197859287261963,133395,0.0,0.0
1981-12-07 00:00:00-05:00,0.0,0.1730601956106539,0.17197859287261963,0.17197859287261963,160758,0.0,0.0
1981-12-08 00:00:00-05:00,0.0,0.17306020036263375,0.170896977186203,0.170896977186203,372822,0.0,0.0
1981-12-09 00:00:00-05:00,0.0,0.17197859759490022,0.170896977186203,0.170896977186203,171019,0.0,0.0
1981-12-10 00:00:00-05:00,0.0,0.17089699417737902,0.16981539130210876,0.16981539130210876,283892,0.0,0.0
1981-12-11 00:00:00-05:00,0.0,0.17089699417737902,0.16981539130210876,0.16981539130210876,106032,0.0,0.0
1981-12-14 00:00:00-05:00,0.0,0.17089692083320085,0.16873371601104736,0.16873371601104736,194962,0.0,0.0
1981-12-15 00:00:00-05:00,0.0,0.1698153184221241,0.16873371601104736,0.16873371601104736,307835,0.0,0.0
1981-12-16 00:00:00-05:00,0.0,0.16873378956742272,0.16657042503356934,0.16657042503356934,403605,0.0,0.0
1981-12-17 00:00:00-05:00,0.0,0.1665703849066532,0.16548876464366913,0.16548876464366913,239427,0.0,0.0
1981-12-18 00:00:00-05:00,0.0,0.16440715528190766,0.16224393248558044,0.16224393248558044,473723,0.0,0.0
1981-12-21 00:00:00-05:00,0.0,0.16332555270422436,0.16224393248558044,0.16224393248558044,44465,0.0,0.0
1981-12-22 00:00:00-05:00,0.0,0.1644071807193507,0.16332557797431943,0.16332557797431946,273631,0.0,0.0
1981-12-23 00:00:00-05:00,0.0,0.1644071807193507,0.16332557797431943,0.16332557797431946,148787,0.0,0.0
1981-12-24 00:00:00-05:00,0.0,0.16440715528190766,0.16224393248558044,0.16224393248558044,141946,0.0,0.0
1981-12-28 00:00:00-05:00,0.0,0.1665703849066532,0.16548876464366913,0.16548876464366913,548972,0.0,0.0
1981-12-29 00:00:00-05:00,0.0,0.1665703849066532,0.16548876464366913,0.16548876464366913,167599,0.0,0.0
1981-12-30 00:00:00-05:00,0.0,0.16873378956742272,0.16657042503356934,0.16657042503356934,191542,0.0,0.0
1981-12-31 00:00:00-05:00,0.0,0.1698153184221241,0.16873371601104736,0.16873371601104736,135105,0.0,0.0
1982-01-04 00:00:00-05:00,0.0,0.17306020036263375,0.170896977186203,0.170896977186203,213774,0.0,0.0
1982-01-05 00:00:00-05:00,0.0,0.1698153184221241,0.16873371601104736,0.16873371601104736,1044928,0.0,0.0
1982-01-06 00:00:00-05:00,0.0,0.16873378956742272,0.16657042503356934,0.16657042503356934,234296,0.0,0.0
1982-01-07 00:00:00-05:00,0.0,0.16873378956742272,0.16657042503356934,0.16657042503356934,263370,0.0,0.0
1982-01-08 00:00:00-05:00,0.0,0.1687338024538736,0.167652040719986,0.16765204071998596,106032,0.0,0.0
1982-01-11 00:00:00-05:00,0.0,0.16765202791615086,0.16657042503356934,0.16657042503356934,901271,0.0,0.0
1982-01-12 00:00:00-05:00,0.0,0.16548881149009922,0.16440720856189728,0.16440720856189728,181280,0.0,0.0
1982-01-13 00:00:00-05:00,0.0,0.1665703849066532,0.16548876464366913,0.16548876464366913,427548,0.0,0.0
1982-01-14 00:00:00-05:00,0.0,0.16440715528190766,0.16224393248558044,0.16224393248558044,188121,0.0,0.0
1982-01-15 00:00:00-05:00,0.0,0.16548881149009922,0.16440720856189728,0.16440720856189728,157338,0.0,0.0
1982-01-18 00:00:00-05:00,0.0,0.16548881149009922,0.16440720856189728,0.16440720856189728,194962,0.0,0.0
1982-01-19 00:00:00-05:00,0.0,0.16548881149009922,0.16440720856189728,0.16440720856189728,112873,0.0,0.0
1982-01-20 00:00:00-05:00,0.0,0.16548878346438198,0.16332557797431943,0.16332557797431946,148787,0.0,0.0
1982-01-21 00:00:00-05:00,0.0,0.1644071807193507,0.16332557797431943,0.16332557797431946,59857,0.0,0.0
1982-01-22 00:00:00-05:00,0.0,0.16765198752867594,0.16548876464366913,0.16548876464366913,487405,0.0,0.0
1982-01-25 00:00:00-05:00,0.0,0.16657043205926753,0.16440720856189728,0.16440720856189728,112873,0.0,0.0
1982-01-26 00:00:00-05:00,0.0,0.16657043205926753,0.16440720856189728,0.16440720856189728,37624,0.0,0.0
1982-01-27 00:00:00-05:00,0.0,0.16657043205926753,0.16440720856189728,0.16440720856189728,95771,0.0,0.0
1982-01-28 00:00:00-05:00,0.0,0.16873374891935078,0.16548876464366913,0.16548876464366913,95771,0.0,0.0
1982-01-29 00:00:00-05:00,0.0,0.1719785408852355,0.16873371601104736,0.16873371601104736,253108,0.0,0.0
1982-02-01 00:00:00-05:00,0.0,0.17197861469361472,0.16981539130210876,0.16981539130210876,603698,0.0,0.0
1982-02-02 00:00:00-05:00,0.0,0.17089692083320085,0.16873371601104736,0.16873371601104736,444650,0.0,0.0
1982-02-03 00:00:00-05:00,0.0,0.17089692083320085,0.16873371601104736,0.16873371601104736,316386,0.0,0.0
1982-02-04 00:00:00-05:00,0.0,0.16765198752867594,0.16548876464366913,0.16548876464366913,304414,0.0,0.0
1982-02-05 00:00:00-05:00,0.0,0.16765202791615086,0.16657042503356934,0.16657042503356934,135105,0.0,0.0
1982-02-08 00:00:00-05:00,0.0,0.16657043205926753,0.16440720856189728,0.16440720856189728,372822,0.0,0.0
1982-02-09 00:00:00-05:00,0.0,0.1644071807193507,0.16332557797431943,0.16332557797431946,391634,0.0,0.0
1982-02-10 00:00:00-05:00,0.0,0.16440715528190766,0.16224393248558044,0.16224393248558044,376242,0.0,0.0
1982-02-11 00:00:00-05:00,0.0,0.16440715528190766,0.16224393248558044,0.16224393248558044,58147,0.0,0.0
1982-02-12 00:00:00-05:00,0.0,0.16440715528190766,0.16224393248558044,0.16224393248558044,83799,0.0,0.0
1982-02-16 00:00:00-05:00,0.0,0.1622439512214029,0.16008074581623077,0.16008074581623077,97481,0.0,0.0
1982-02-17 00:00:00-05:00,0.0,0.1633255092171893,0.16116228699684143,0.16116228699684143,92350,0.0,0.0
1982-02-18 00:00:00-05:00,0.0,0.1622439512214029,0.16008074581623077,0.16008074581623077,372822,0.0,0.0
1982-02-19 00:00:00-05:00,0.0,0.1622439512214029,0.16008074581623077,0.16008074581623077,71828,0.0,0.0
1982-02-22 00:00:00-05:00,0.0,0.16440715528190766,0.16224393248558044,0.16224393248558044,203513,0.0,0.0
1982-02-23 00:00:00-05:00,0.0,0.1633255092171893,0.16116228699684143,0.16116228699684143,251398,0.0,0.0
1982-02-24 00:00:00-05:00,0.0,0.1633255092171893,0.16116228699684143,0.16116228699684143,56436,0.0,0.0
1982-02-25 00:00:00-05:00,0.0,0.1633255092171893,0.16116228699684143,0.16116228699684143,56436,0.0,0.0
1982-02-26 00:00:00-05:00,0.0,0.1633255092171893,0.16116228699684143,0.16116228699684143,46175,0.0,0.0
1982-03-01 00:00:00-05:00,0.0,0.1622438892865374,0.16116228699684143,0.16116228699684143,106032,0.0,0.0
1982-03-02 00:00:00-05:00,0.0,0.1633255092171893,0.16116228699684143,0.16116228699684143,365981,0.0,0.0
1982-03-03 00:00:00-05:00,0.0,0.1622438892865374,0.16116228699684143,0.16116228699684143,159048,0.0,0.0
1982-03-04 00:00:00-05:00,0.0,0.1633255092171893,0.16116228699684143,0.16116228699684143,297573,0.0,0.0
1982-03-05 00:00:00-05:00,0.0,0.1633255092171893,0.16116228699684143,0.16116228699684143,550682,0.0,0.0
1982-03-08 00:00:00-05:00,0.0,0.1622439512214029,0.16008074581623077,0.16008074581623077,342038,0.0,0.0
1982-03-09 00:00:00-05:00,0.0,0.1622439512214029,0.16008074581623077,0.16008074581623077,212064,0.0,0.0
1982-03-10 00:00:00-05:00,0.0,0.1622439512214029,0.16008074581623077,0.16008074581623077,171019,0.0,0.0
1982-03-11 00:00:00-05:00,0.0,0.1622438647420083,0.15899904072284698,0.15899904072284698,107742,0.0,0.0
1982-03-12 00:00:00-05:00,0.0,0.16116226261593897,0.15899904072284698,0.15899904072284698,215484,0.0,0.0
1982-03-15 00:00:00-05:00,0.0,0.16116226261593897,0.15899904072284698,0.15899904072284698,70118,0.0,0.0
1982-03-16 00:00:00-05:00,0.0,0.16116226261593897,0.15899904072284698,0.15899904072284698,224035,0.0,0.0
1982-03-17 00:00:00-05:00,0.0,0.1600807340237084,0.15683574974536896,0.15683574974536896,116293,0.0,0.0
1982-03-18 00:00:00-05:00,0.0,0.15899911375983844,0.15683574974536896,0.15683574974536896,18812,0.0,0.0
1982-03-19 00:00:00-05:00,0.0,0.15899911375983844,0.15683574974536896,0.15683574974536896,124844,0.0,0.0
1982-03-22 00:00:00-05:00,0.0,0.16008072938354698,0.15791736543178558,0.15791736543178558,253108,0.0,0.0
1982-03-23 00:00:00-05:00,0.0,0.16008072938354698,0.15791736543178558,0.15791736543178558,107742,0.0,0.0
1982-03-24 00:00:00-05:00,0.0,0.16116226261593897,0.15899904072284698,0.15899904072284698,106032,0.0,0.0
1982-03-25 00:00:00-05:00,0.0,0.1622439512214029,0.16008074581623077,0.16008074581623077,63277,0.0,0.0
1982-03-26 00:00:00-05:00,0.0,0.16332557156495162,0.16008074581623077,0.16008074581623077,87220,0.0,0.0
1982-03-29 00:00:00-05:00,0.0,0.1644071807193507,0.16332557797431943,0.16332557797431946,66698,0.0,0.0
1982-03-30 00:00:00-05:00,0.0,0.16808461611645162,0.16581323742866516,0.16581323742866516,197079,0.0,1.05
1982-03-31 00:00:00-05:00,0.0,0.1692205490325178,0.1680847704410553,0.1680847704410553,66779,0.0,0.0
1982-04-01 00:00:00-05:00,0.0,0.1714920258062765,0.16922062635421753,0.16922062635421753,99354,0.0,0.0
1982-04-02 00:00:00-05:00,0.0,0.17717043730329887,0.17603465914726257,0.17603465914726257,346925,0.0,0.0
1982-04-05 00:00:00-05:00,0.0,0.17830607495949738,0.17717045545578003,0.17717045545578003,307835,0.0,0.0
1982-04-06 00:00:00-05:00,0.0,0.17830605669066324,0.17603465914726257,0.17603465914726257,175906,0.0,0.0
1982-04-07 00:00:00-05:00,0.0,0.17830605669066324,0.17603465914726257,0.17603465914726257,17916,0.0,0.0
1982-04-08 00:00:00-05:00,0.0,0.17717043730329887,0.17603465914726257,0.17603465914726257,296433,0.0,0.0
1982-04-12 00:00:00-05:00,0.0,0.17717043730329887,0.17603465914726257,0.17603465914726257,66779,0.0,0.0
1982-04-13 00:00:00-05:00,0.0,0.17717043730329887,0.17603465914726257,0.17603465914726257,171019,0.0,0.0
1982-04-14 00:00:00-05:00,0.0,0.17717043730329887,0.17603465914726257,0.17603465914726257,175906,0.0,0.0
1982-04-15 00:00:00-05:00,0.0,0.17717043730329887,0.17603465914726257,0.17603465914726257,127043,0.0,0.0
1982-04-16 00:00:00-05:00,0.0,0.17717043730329887,0.17603465914726257,0.17603465914726257,99354,0.0,0.0
1982-04-19 00:00:00-05:00,0.0,0.17717043730329887,0.17603465914726257,0.17603465914726257,283403,0.0,0.0
1982-04-20 00:00:00-05:00,0.0,0.17830605669066324,0.17603465914726257,0.17603465914726257,89582,0.0,0.0
1982-04-21 00:00:00-05:00,0.0,0.17830607495949738,0.17717045545578003,0.17717045545578003,50491,0.0,0.0
1982-04-22 00:00:00-05:00,0.0,0.17944183559093757,0.17717045545578003,0.17717045545578003,30946,0.0,0.0
1982-04-23 00:00:00-05:00,0.0,0.17944183559093757,0.17717045545578003,0.17717045545578003,99354,0.0,0.0
1982-04-26 00:00:00-04:00,0.0,0.17944183356900573,0.17830607295036316,0.17830607295036316,135187,0.0,0.0
1982-04-27 00:00:00-04:00,0.0,0.1805774707008922,0.17830607295036316,0.17830607295036316,97725,0.0,0.0
1982-04-28 00:00:00-04:00,0.0,0.17717043730329887,0.17603465914726257,0.17603465914726257,201966,0.0,0.0
1982-04-29 00:00:00-04:00,0.0,0.17717045431534267,0.17489905655384064,0.17489905655384064,42348,0.0,0.0
1982-04-30 00:00:00-04:00,0.0,0.1737632692050453,0.1726275086402893,0.1726275086402893,322493,0.0,0.0
1982-05-03 00:00:00-04:00,0.0,0.17376321077913331,0.1714918315410614,0.1714918315410614,89582,0.0,0.0
1982-05-04 00:00:00-04:00,0.0,0.17376321077913331,0.1714918315410614,0.1714918315410614,22803,0.0,0.0
1982-05-05 00:00:00-04:00,0.0,0.17376321077913331,0.1714918315410614,0.1714918315410614,21174,0.0,0.0
1982-05-06 00:00:00-04:00,0.0,0.17603456719528868,0.17376317083835602,0.17376317083835602,117270,0.0,0.0
1982-05-07 00:00:00-04:00,0.0,0.17717043730329887,0.17603465914726257,0.17603465914726257,104240,0.0,0.0
1982-05-10 00:00:00-04:00,0.0,0.17717045431534267,0.17489905655384064,0.17489905655384064,146588,0.0,0.0
1982-05-11 00:00:00-04:00,0.0,0.17830605669066324,0.17603465914726257,0.17603465914726257,226397,0.0,0.0
1982-05-12 00:00:00-04:00,0.0,0.17830605669066324,0.17603465914726257,0.17603465914726257,244313,0.0,0.0
1982-05-13 00:00:00-04:00,0.0,0.17830605669066324,0.17603465914726257,0.17603465914726257,127043,0.0,0.0
1982-05-14 00:00:00-04:00,0.0,0.17830605669066324,0.17603465914726257,0.17603465914726257,79809,0.0,0.0
1982-05-17 00:00:00-04:00,0.0,0.17830605669066324,0.17603465914726257,0.17603465914726257,21174,0.0,0.0
1982-05-18 00:00:00-04:00,0.0,0.17717043730329887,0.17603465914726257,0.17603465914726257,79809,0.0,0.0
1982-05-19 00:00:00-04:00,0.0,0.17717043730329887,0.17603465914726257,0.17603465914726257,218253,0.0,0.0
1982-05-20 00:00:00-04:00,0.0,0.17376321077913331,0.1714918315410614,0.1714918315410614,197079,0.0,0.0
1982-05-21 00:00:00-04:00,0.0,0.16354178960693738,0.16240601241588593,0.16240601241588593,213367,0.0,0.0
1982-05-24 00:00:00-04:00,0.0,0.16354178960693738,0.16240601241588593,0.16240601241588593,127043,0.0,0.0
1982-05-25 00:00:00-04:00,0.0,0.16354178960693738,0.16240601241588593,0.16240601241588593,428362,0.0,0.0
1982-05-26 00:00:00-04:00,0.0,0.16354178960693738,0.16240601241588593,0.16240601241588593,34204,0.0,0.0
1982-05-27 00:00:00-04:00,0.0,0.16240611208987385,0.16013473272323608,0.16013473272323608,104240,0.0,0.0
1982-05-28 00:00:00-04:00,0.0,0.15786343770250824,0.15559203922748566,0.15559203922748566,314350,0.0,0.0
1982-06-01 00:00:00-04:00,0.0,0.15672765908062844,0.15559203922748566,0.15559203922748566,184049,0.0,0.0
1982-06-02 00:00:00-04:00,0.0,0.15559188631417262,0.15445610880851746,0.15445610880851746,143330,0.0,0.0
1982-06-03 00:00:00-04:00,0.0,0.15899904511935506,0.15672750771045685,0.15672750771045685,218253,0.0,0.0
1982-06-04 00:00:00-04:00,0.0,0.1612704369413085,0.15899904072284698,0.15899904072284698,824150,0.0,0.0
1982-06-07 00:00:00-04:00,0.0,0.16013476103276675,0.15786336362361908,0.15786336362361908,322493,0.0,0.0
1982-06-08 00:00:00-04:00,0.0,0.16354189632518307,0.16127049922943115,0.16127049922943115,407189,0.0,0.0
1982-06-09 00:00:00-04:00,0.0,0.16354189632518307,0.16127049922943115,0.16127049922943115,175906,0.0,0.0
1982-06-10 00:00:00-04:00,0.0,0.16581326503596797,0.16354186832904816,0.16354186832904816,144959,0.0,0.0
1982-06-11 00:00:00-04:00,0.0,0.17262750736432278,0.17035610973834991,0.17035610973834991,337152,0.0,0.0
1982-06-14 00:00:00-04:00,0.0,0.1703561688552475,0.1680847704410553,0.1680847704410553,148217,0.0,0.0
1982-06-15 00:00:00-04:00,0.0,0.1692205490325178,0.1680847704410553,0.1680847704410553,115642,0.0,0.0
1982-06-16 00:00:00-04:00,0.0,0.1692205490325178,0.1680847704410553,0.1680847704410553,141702,0.0,0.0
1982-06-17 00:00:00-04:00,0.0,0.16694899733637483,0.16581323742866516,0.16581323742866516,146588,0.0,0.0
1982-06-18 00:00:00-04:00,0.0,0.16354178960693738,0.16240601241588593,0.16240601241588593,607525,0.0,0.0
1982-06-21 00:00:00-04:00,0.0,0.1612704369413085,0.15899904072284698,0.15899904072284698,133558,0.0,0.0
1982-06-22 00:00:00-04:00,0.0,0.1624061183929868,0.16127049922943115,0.16127049922943115,804605,0.0,0.0
1982-06-23 00:00:00-04:00,0.0,0.1624061183929868,0.16127049922943115,0.16127049922943115,107498,0.0,0.0
1982-06-24 00:00:00-04:00,0.0,0.1624060556662496,0.15899904072284698,0.15899904072284698,516315,0.0,0.0
1982-06-25 00:00:00-04:00,0.0,0.15786328523538282,0.15672750771045685,0.15672750771045685,214996,0.0,0.0
1982-06-28 00:00:00-04:00,0.0,0.15786328523538282,0.15672750771045685,0.15672750771045685,100983,0.0,0.0
1982-06-29 00:00:00-04:00,0.0,0.15899904511935506,0.15672750771045685,0.15672750771045685,208481,0.0,0.0
1982-06-30 00:00:00-04:00,0.0,0.16013476103276675,0.15786336362361908,0.15786336362361908,614040,0.0,0.0
1982-07-01 00:00:00-04:00,0.0,0.16013467708874135,0.15899904072284698,0.15899904072284698,400674,0.0,0.0
1982-07-02 00:00:00-04:00,0.0,0.16013476103276675,0.15786336362361908,0.15786336362361908,140073,0.0,0.0
1982-07-06 00:00:00-04:00,0.0,0.16013476103276675,0.15786336362361908,0.15786336362361908,174277,0.0,0.0
1982-07-07 00:00:00-04:00,0.0,0.16013476103276675,0.15786336362361908,0.15786336362361908,578208,0.0,0.0
1982-07-08 00:00:00-04:00,0.0,0.1612704369413085,0.15899904072284698,0.15899904072284698,149845,0.0,0.0
1982-07-09 00:00:00-04:00,0.0,0.1612704369413085,0.15899904072284698,0.15899904072284698,26060,0.0,0.0
1982-07-12 00:00:00-04:00,0.0,0.16354189632518307,0.16127049922943115,0.16127049922943115,454423,0.0,0.0
1982-07-13 00:00:00-04:00,0.0,0.16354189632518307,0.16127049922943115,0.16127049922943115,203594,0.0,0.0
1982-07-14 00:00:00-04:00,0.0,0.16240611208987385,0.16013473272323608,0.16013473272323608,122157,0.0,0.0
1982-07-15 00:00:00-04:00,0.0,0.1624061183929868,0.16127049922943115,0.16127049922943115,40719,0.0,0.0
1982-07-16 00:00:00-04:00,0.0,0.16581326503596797,0.16354186832904816,0.16354186832904816,190564,0.0,0.0
1982-07-19 00:00:00-04:00,0.0,0.16467748729820134,0.16354186832904816,0.16354186832904816,19545,0.0,0.0
1982-07-20 00:00:00-04:00,0.0,0.16581338358270176,0.16467760503292084,0.16467760503292084,719910,0.0,0.0
1982-07-21 00:00:00-04:00,0.0,0.16581326503596797,0.16354186832904816,0.16354186832904816,78180,0.0,0.0
1982-07-22 00:00:00-04:00,0.0,0.16581326503596797,0.16354186832904816,0.16354186832904816,66779,0.0,0.0
1982-07-23 00:00:00-04:00,0.0,0.16581326503596797,0.16354186832904816,0.16354186832904816,14659,0.0,0.0
1982-07-26 00:00:00-04:00,0.0,0.16354189632518307,0.16127049922943115,0.16127049922943115,87953,0.0,0.0
1982-07-27 00:00:00-04:00,0.0,0.1612704929703925,0.16013473272323608,0.16013473272323608,153103,0.0,0.0
1982-07-28 00:00:00-04:00,0.0,0.15899904511935506,0.15672750771045685,0.15672750771045685,184049,0.0,0.0
1982-07-29 00:00:00-04:00,0.0,0.15786328523538282,0.15672750771045685,0.15672750771045685,29318,0.0,0.0
1982-07-30 00:00:00-04:00,0.0,0.15672750505124675,0.15445610880851746,0.15445610880851746,60264,0.0,0.0
1982-08-02 00:00:00-04:00,0.0,0.15672765908062844,0.15559203922748566,0.15559203922748566,73294,0.0,0.0
1982-08-03 00:00:00-04:00,0.0,0.15672765908062844,0.15559203922748566,0.15559203922748566,151474,0.0,0.0
1982-08-04 00:00:00-04:00,0.0,0.15672765908062844,0.15559203922748566,0.15559203922748566,288290,0.0,0.0
1982-08-05 00:00:00-04:00,0.0,0.15672750505124675,0.15445610880851746,0.15445610880851746,151474,0.0,0.0
1982-08-06 00:00:00-04:00,0.0,0.15672765908062844,0.15559203922748566,0.15559203922748566,114013,0.0,0.0
1982-08-09 00:00:00-04:00,0.0,0.15786343770250824,0.15559203922748566,0.15559203922748566,68408,0.0,0.0
1982-08-10 00:00:00-04:00,0.0,0.16354189632518307,0.16127049922943115,0.16127049922943115,384386,0.0,0.0
1982-08-11 00:00:00-04:00,0.0,0.16581326503596797,0.16354186832904816,0.16354186832904816,192193,0.0,0.0
1982-08-12 00:00:00-04:00,0.0,0.16354189632518307,0.16127049922943115,0.16127049922943115,254086,0.0,0.0
1982-08-13 00:00:00-04:00,0.0,0.1612704929703925,0.16013473272323608,0.16013473272323608,76551,0.0,0.0
1982-08-16 00:00:00-04:00,0.0,0.16240611208987385,0.16013473272323608,0.16013473272323608,407189,0.0,0.0
1982-08-17 00:00:00-04:00,0.0,0.1612704929703925,0.16013473272323608,0.16013473272323608,96097,0.0,0.0
1982-08-18 00:00:00-04:00,0.0,0.16354178960693738,0.16240601241588593,0.16240601241588593,346925,0.0,0.0
1982-08-19 00:00:00-04:00,0.0,0.16354178960693738,0.16240601241588593,0.16240601241588593,22803,0.0,0.0
1982-08-20 00:00:00-04:00,0.0,0.16354189632518307,0.16127049922943115,0.16127049922943115,167762,0.0,0.0
1982-08-23 00:00:00-04:00,0.0,0.16467748729820134,0.16354186832904816,0.16354186832904816,211738,0.0,0.0
1982-08-24 00:00:00-04:00,0.0,0.16354178960693738,0.16240601241588593,0.16240601241588593,87953,0.0,0.0
1982-08-25 00:00:00-04:00,0.0,0.1703561688552475,0.1680847704410553,0.1680847704410553,241056,0.0,0.0
1982-08-26 00:00:00-04:00,0.0,0.1714920258062765,0.16922062635421753,0.16922062635421753,276888,0.0,0.0
1982-08-27 00:00:00-04:00,0.0,0.1714920258062765,0.16922062635421753,0.16922062635421753,1822576,0.0,0.0
1982-08-30 00:00:00-04:00,0.0,0.1714920258062765,0.16922062635421753,0.16922062635421753,770401,0.0,0.0
1982-08-31 00:00:00-04:00,0.0,0.17262750736432278,0.17035610973834991,0.17035610973834991,154732,0.0,0.0
1982-09-01 00:00:00-04:00,0.0,0.17262750736432278,0.17035610973834991,0.17035610973834991,187307,0.0,0.0
1982-09-02 00:00:00-04:00,0.0,0.17717045431534267,0.17489905655384064,0.17489905655384064,149845,0.0,0.0
1982-09-03 00:00:00-04:00,0.0,0.1885274314687426,0.1862560510635376,0.1862560510635376,496770,0.0,0.0
1982-09-07 00:00:00-04:00,0.0,0.18398462110958874,0.18171322345733643,0.18171322345733643,195451,0.0,0.0
1982-09-08 00:00:00-04:00,0.0,0.18284899565642934,0.18057745695114136,0.18057745695114136,395787,0.0,0.0
1982-09-09 00:00:00-04:00,0.0,0.18284899565642934,0.18057745695114136,0.18057745695114136,218253,0.0,0.0
1982-09-10 00:00:00-04:00,0.0,0.18171321748330344,0.18057745695114136,0.18057745695114136,86324,0.0,0.0
1982-09-13 00:00:00-04:00,0.0,0.18171321748330344,0.18057745695114136,0.18057745695114136,9773,0.0,0.0
1982-09-14 00:00:00-04:00,0.0,0.18171321748330344,0.18057745695114136,0.18057745695114136,87953,0.0,0.0
1982-09-15 00:00:00-04:00,0.0,0.1805774707008922,0.17830607295036316,0.17830607295036316,40719,0.0,0.0
1982-09-16 00:00:00-04:00,0.0,0.18284899565642934,0.18057745695114136,0.18057745695114136,454423,0.0,0.0
1982-09-17 00:00:00-04:00,0.0,0.18171321748330344,0.18057745695114136,0.18057745695114136,86324,0.0,0.0
1982-09-20 00:00:00-04:00,0.0,0.18171321748330344,0.18057745695114136,0.18057745695114136,66779,0.0,0.0
1982-09-21 00:00:00-04:00,0.0,0.18171321748330344,0.18057745695114136,0.18057745695114136,464195,0.0,0.0
1982-09-22 00:00:00-04:00,0.0,0.17830605669066324,0.17603465914726257,0.17603465914726257,540747,0.0,0.0
1982-09-23 00:00:00-04:00,0.0,0.17489904741076562,0.1726275086402893,0.1726275086402893,114013,0.0,0.0
1982-09-24 00:00:00-04:00,0.0,0.17489894840111683,0.17376317083835602,0.17376317083835602,55378,0.0,0.0
1982-09-27 00:00:00-04:00,0.0,0.17489904741076562,0.1726275086402893,0.1726275086402893,60264,0.0,0.0
1982-09-28 00:00:00-04:00,0.0,0.17603456719528868,0.17376317083835602,0.17376317083835602,133558,0.0,0.0
1982-09-29 00:00:00-04:00,0.0,0.17489894840111683,0.17376317083835602,0.17376317083835602,135187,0.0,0.0
1982-09-30 00:00:00-04:00,0.0,0.17489894840111683,0.17376317083835602,0.17376317083835602,94468,0.0,0.0
1982-10-01 00:00:00-04:00,0.0,0.17489894840111683,0.17376317083835602,0.17376317083835602,57006,0.0,0.0
1982-10-04 00:00:00-04:00,0.0,0.17489904741076562,0.1726275086402893,0.1726275086402893,135187,0.0,0.0
1982-10-05 00:00:00-04:00,0.0,0.1714920258062765,0.16922062635421753,0.16922062635421753,418590,0.0,0.0
1982-10-06 00:00:00-04:00,0.0,0.1692205490325178,0.1680847704410553,0.1680847704410553,754113,0.0,0.0
1982-10-07 00:00:00-04:00,0.0,0.17262750736432278,0.17035610973834991,0.17035610973834991,503285,0.0,0.0
1982-10-08 00:00:00-04:00,0.0,0.17830605669066324,0.17603465914726257,0.17603465914726257,535860,0.0,0.0
1982-10-11 00:00:00-04:00,0.0,0.18398463932004175,0.18284901976585388,0.18284901976585388,1092894,0.0,0.0
1982-10-12 00:00:00-04:00,0.0,0.18284899565642934,0.18057745695114136,0.18057745695114136,273631,0.0,0.0
1982-10-13 00:00:00-04:00,0.0,0.18171321748330344,0.18057745695114136,0.18057745695114136,2408928,0.0,0.0
1982-10-14 00:00:00-04:00,0.0,0.18398462110958874,0.18171322345733643,0.18171322345733643,2677673,0.0,0.0
1982-10-15 00:00:00-04:00,0.0,0.18625600824312372,0.1851203888654709,0.1851203888654709,1257399,0.0,0.0
1982-10-18 00:00:00-04:00,0.0,0.1873918118300099,0.1862560510635376,0.1862560510635376,876270,0.0,0.0
1982-10-19 00:00:00-04:00,0.0,0.1907989919225182,0.18852743506431582,0.1885274350643158,1076607,0.0,0.0
1982-10-20 00:00:00-04:00,0.0,0.2078344692675585,0.20669884979724884,0.20669884979724884,775287,0.0,0.0
1982-10-21 00:00:00-04:00,0.0,0.21464873497236783,0.21351295709609985,0.21351295709609985,460938,0.0,0.0
1982-10-22 00:00:00-04:00,0.0,0.215784354080003,0.21351295709609985,0.21351295709609985,182421,0.0,0.0
1982-10-25 00:00:00-04:00,0.0,0.20783455895208172,0.2044275403022766,0.2044275403022766,547262,0.0,0.0
1982-10-26 00:00:00-04:00,0.0,0.21237742319325928,0.21124166250228882,0.21124166250228882,439764,0.0,0.0
1982-10-27 00:00:00-04:00,0.0,0.21351304275649952,0.21124166250228882,0.21124166250228882,241056,0.0,0.0
1982-10-28 00:00:00-04:00,0.0,0.21237742319325928,0.21124166250228882,0.21124166250228882,216624,0.0,0.0
1982-10-29 00:00:00-04:00,0.0,0.21351304275649952,0.21124166250228882,0.21124166250228882,45605,0.0,0.0
1982-11-01 00:00:00-05:00,0.0,0.21805584335021805,0.2157844454050064,0.2157844454050064,192193,0.0,0.0
1982-11-02 00:00:00-05:00,0.0,0.22487017412416996,0.22259877622127533,0.22259877622127533,302948,0.0,0.0
1982-11-03 00:00:00-05:00,0.0,0.22487017412416996,0.22259877622127533,0.22259877622127533,278517,0.0,0.0
1982-11-04 00:00:00-05:00,0.0,0.22373434752333346,0.22146295011043549,0.22146295011043549,400674,0.0,0.0
1982-11-05 00:00:00-05:00,0.0,0.22373434752333346,0.22146295011043549,0.22146295011043549,58635,0.0,0.0
1982-11-08 00:00:00-05:00,0.0,0.22373434752333346,0.22146295011043549,0.22146295011043549,148217,0.0,0.0
1982-11-09 00:00:00-05:00,0.0,0.22373434752333346,0.22146295011043549,0.22146295011043549,560292,0.0,0.0
1982-11-10 00:00:00-05:00,0.0,0.22373434752333346,0.22146295011043549,0.22146295011043549,517944,0.0,0.0
1982-11-11 00:00:00-05:00,0.0,0.22373434752333346,0.22146295011043549,0.22146295011043549,221511,0.0,0.0
1982-11-12 00:00:00-05:00,0.0,0.22259872820121587,0.22146295011043549,0.22146295011043549,193822,0.0,0.0
1982-11-15 00:00:00-05:00,0.0,0.21692010540703663,0.21464870870113373,0.21464870870113373,237798,0.0,0.0
1982-11-16 00:00:00-05:00,0.0,0.21237729958648116,0.210105761885643,0.210105761885643,314350,0.0,0.0
1982-11-17 00:00:00-05:00,0.0,0.215784354080003,0.21351295709609985,0.21351295709609985,703622,0.0,0.0
1982-11-18 00:00:00-05:00,0.0,0.2191916200066932,0.218055859208107,0.218055859208107,146588,0.0,0.0
1982-11-19 00:00:00-05:00,0.0,0.22032739844624735,0.218055859208107,0.218055859208107,120528,0.0,0.0
1982-11-22 00:00:00-05:00,0.0,0.22032739844624735,0.218055859208107,0.218055859208107,394159,0.0,0.0
1982-11-23 00:00:00-05:00,0.0,0.22032739844624735,0.218055859208107,0.218055859208107,426734,0.0,0.0
1982-11-24 00:00:00-05:00,0.0,0.22032739844624735,0.218055859208107,0.218055859208107,91210,0.0,0.0
1982-11-26 00:00:00-05:00,0.0,0.22032739844624735,0.218055859208107,0.218055859208107,97725,0.0,0.0
1982-11-29 00:00:00-05:00,0.0,0.22032739844624735,0.218055859208107,0.218055859208107,242684,0.0,0.0
1982-11-30 00:00:00-05:00,0.0,0.22259872820121587,0.22146295011043549,0.22146295011043549,3659812,0.0,0.0
1982-12-01 00:00:00-05:00,0.0,0.23054860306707692,0.22827720642089844,0.22827720642089844,216624,0.0,0.0
1982-12-02 00:00:00-05:00,0.0,0.22941282535968308,0.22827720642089844,0.22827720642089844,210109,0.0,0.0
1982-12-03 00:00:00-05:00,0.0,0.2316843740183358,0.23054875433444974,0.23054875433444977,188936,0.0,0.0
1982-12-06 00:00:00-05:00,0.0,0.23509148538405905,0.23168432712554932,0.23168432712554932,118899,0.0,0.0
1982-12-07 00:00:00-05:00,0.0,0.25326278419594456,0.2509914040565491,0.2509914040565491,498399,0.0,0.0
1982-12-08 00:00:00-05:00,0.0,0.2498556122375384,0.2475840747356415,0.24758407473564148,203594,0.0,0.0
1982-12-09 00:00:00-05:00,0.0,0.24644857502024103,0.24417717754840848,0.2441771775484085,221511,0.0,0.0
1982-12-10 00:00:00-05:00,0.0,0.2453128145409543,0.24417717754840848,0.2441771775484085,218253,0.0,0.0
1982-12-13 00:00:00-05:00,0.0,0.24190577525389295,0.24076999723911285,0.24076999723911285,281775,0.0,0.0
1982-12-14 00:00:00-05:00,0.0,0.2339560091495514,0.2339560091495514,0.2339560091495514,433249,0.0,0.0
1982-12-15 00:00:00-05:00,0.0,0.21692010540703663,0.21464870870113373,0.21464870870113373,400674,0.0,0.0
1982-12-16 00:00:00-05:00,0.0,0.2225987451023709,0.22032734751701355,0.22032734751701355,159618,0.0,0.0
1982-12-17 00:00:00-05:00,0.0,0.22487017412416996,0.22259877622127533,0.22259877622127533,73294,0.0,0.0
1982-12-20 00:00:00-05:00,0.0,0.2225987451023709,0.22032734751701355,0.22032734751701355,198708,0.0,0.0
1982-12-21 00:00:00-05:00,0.0,0.2225987451023709,0.22032734751701355,0.22032734751701355,45605,0.0,0.0
1982-12-22 00:00:00-05:00,0.0,0.2225987451023709,0.22032734751701355,0.22032734751701355,87953,0.0,0.0
1982-12-23 00:00:00-05:00,0.0,0.2225987451023709,0.22032734751701355,0.22032734751701355,39090,0.0,0.0
1982-12-27 00:00:00-05:00,0.0,0.2225987451023709,0.22032734751701355,0.22032734751701355,228026,0.0,0.0
1982-12-28 00:00:00-05:00,0.0,0.2214629669253548,0.22032734751701355,0.22032734751701355,1629,0.0,0.0
1982-12-29 00:00:00-05:00,0.0,0.215784354080003,0.21351295709609985,0.21351295709609985,249199,0.0,0.0
1982-12-30 00:00:00-05:00,0.0,0.2101058499155281,0.20783445239067078,0.20783445239067078,517944,0.0,0.0
1982-12-31 00:00:00-05:00,0.0,0.21805584335021805,0.2157844454050064,0.2157844454050064,490255,0.0,0.0
1983-01-03 00:00:00-05:00,0.0,0.21692022376196224,0.2157844454050064,0.2157844454050064,138444,0.0,0.0
1983-01-04 00:00:00-05:00,0.0,0.21692022376196224,0.2157844454050064,0.2157844454050064,9773,0.0,0.0
1983-01-05 00:00:00-05:00,0.0,0.21805572437568135,0.21464870870113373,0.21464870870113373,37461,0.0,0.0
1983-01-06 00:00:00-05:00,0.0,0.21805572437568135,0.21464870870113373,0.21464870870113373,96097,0.0,0.0
1983-01-07 00:00:00-05:00,0.0,0.21805572437568135,0.21464870870113373,0.21464870870113373,11401,0.0,0.0
1983-01-10 00:00:00-05:00,0.0,0.21805572437568135,0.21464870870113373,0.21464870870113373,32575,0.0,0.0
1983-01-11 00:00:00-05:00,0.0,0.21692010540703663,0.21464870870113373,0.21464870870113373,394159,0.0,0.0
1983-01-12 00:00:00-05:00,0.0,0.20897023053743477,0.20783445239067078,0.20783445239067078,239427,0.0,0.0
1983-01-13 00:00:00-05:00,0.0,0.20897024750655166,0.20669884979724884,0.20669884979724884,342038,0.0,0.0
1983-01-14 00:00:00-05:00,0.0,0.20897024750655166,0.20669884979724884,0.20669884979724884,32575,0.0,0.0
1983-01-17 00:00:00-05:00,0.0,0.20897024750655166,0.20669884979724884,0.20669884979724884,11401,0.0,0.0
1983-01-18 00:00:00-05:00,0.0,0.20897024750655166,0.20669884979724884,0.20669884979724884,71665,0.0,0.0
1983-01-19 00:00:00-05:00,0.0,0.20897024750655166,0.20669884979724884,0.20669884979724884,257343,0.0,0.0
1983-01-20 00:00:00-05:00,0.0,0.20897024750655166,0.20669884979724884,0.20669884979724884,221511,0.0,0.0
1983-01-21 00:00:00-05:00,0.0,0.20669890318105194,0.20329174399375913,0.20329174399375916,96097,0.0,0.0
1983-01-24 00:00:00-05:00,0.0,0.19307039347701568,0.19079901278018951,0.19079901278018951,348553,0.0,0.0
1983-01-25 00:00:00-05:00,0.0,0.1998845025389618,0.19761310517787933,0.19761310517787933,272002,0.0,0.0
1983-01-26 00:00:00-05:00,0.0,0.20556314228969244,0.20329174399375913,0.20329174399375916,192193,0.0,0.0
1983-01-27 00:00:00-05:00,0.0,0.21578446170040028,0.21237744390964508,0.21237744390964508,293176,0.0,0.0
1983-01-28 00:00:00-05:00,0.0,0.21919154691978113,0.2169201672077179,0.2169201672077179,140073,0.0,0.0
1983-01-31 00:00:00-05:00,0.0,0.2203273249806231,0.2169201672077179,0.2169201672077179,127043,0.0,0.0
1983-02-01 00:00:00-05:00,0.0,0.21692010540703663,0.21464870870113373,0.21464870870113373,257343,0.0,0.0
1983-02-02 00:00:00-05:00,0.0,0.21351306358365948,0.21237744390964508,0.21237744390964508,223139,0.0,0.0
1983-02-03 00:00:00-05:00,0.0,0.21351304275649952,0.21124166250228882,0.21124166250228882,195451,0.0,0.0
1983-02-04 00:00:00-05:00,0.0,0.21351304275649952,0.21124166250228882,0.21124166250228882,151474,0.0,0.0
1983-02-07 00:00:00-05:00,0.0,0.21351304275649952,0.21124166250228882,0.21124166250228882,32575,0.0,0.0
1983-02-08 00:00:00-05:00,0.0,0.21805584335021805,0.2157844454050064,0.2157844454050064,245942,0.0,0.0
1983-02-09 00:00:00-05:00,0.0,0.21805584335021805,0.2157844454050064,0.2157844454050064,22803,0.0,0.0
1983-02-10 00:00:00-05:00,0.0,0.22032723942131627,0.21919146180152893,0.21919146180152893,107498,0.0,0.0
1983-02-11 00:00:00-05:00,0.0,0.22146285827250664,0.21919146180152893,0.21919146180152893,187307,0.0,0.0
1983-02-14 00:00:00-05:00,0.0,0.22146285827250664,0.21919146180152893,0.21919146180152893,13030,0.0,0.0
1983-02-15 00:00:00-05:00,0.0,0.22373434752333346,0.22146295011043549,0.22146295011043549,384386,0.0,0.0
1983-02-16 00:00:00-05:00,0.0,0.22714152529188303,0.22487014532089233,0.22487014532089233,115642,0.0,0.0
1983-02-17 00:00:00-05:00,0.0,0.22714152529188303,0.22487014532089233,0.22487014532089233,50491,0.0,0.0
1983-02-18 00:00:00-05:00,0.0,0.23282008770730325,0.23168432712554932,0.23168432712554932,144959,0.0,0.0
1983-02-22 00:00:00-05:00,0.0,0.23282008770730325,0.23168432712554932,0.23168432712554932,71665,0.0,0.0
1983-02-23 00:00:00-05:00,0.0,0.23282008770730325,0.23168432712554932,0.23168432712554932,57006,0.0,0.0
1983-02-24 00:00:00-05:00,0.0,0.2316843740183358,0.23054875433444974,0.23054875433444977,118899,0.0,0.0
1983-02-25 00:00:00-05:00,0.0,0.23395586593002177,0.23168432712554932,0.23168432712554932,302948,0.0,0.0
1983-02-28 00:00:00-05:00,0.0,0.23622716597888005,0.23509138822555545,0.23509138822555542,245942,0.0,0.0
1983-03-01 00:00:00-05:00,0.0,0.25553411416334615,0.25439849495887756,0.25439849495887756,628699,0.0,0.0
1983-03-02 00:00:00-05:00,0.0,0.2623485744986785,0.2612127959728241,0.2612127959728241,908845,0.0,0.0
1983-03-03 00:00:00-05:00,0.0,0.2657557548987155,0.26461997628211975,0.26461997628211975,210109,0.0,0.0
1983-03-04 00:00:00-05:00,0.0,0.26121284044405685,0.2589414417743683,0.2589414417743683,837180,0.0,0.0
1983-03-07 00:00:00-05:00,0.0,0.26121284044405685,0.2589414417743683,0.2589414417743683,772030,0.0,0.0
1983-03-08 00:00:00-05:00,0.0,0.26121267851543745,0.2600770592689514,0.2600770592689514,881156,0.0,0.0
1983-03-09 00:00:00-05:00,0.0,0.2714340107551866,0.27029839158058167,0.27029839158058167,485369,0.0,0.0
1983-03-10 00:00:00-05:00,0.0,0.2748411126355644,0.2725697159767151,0.2725697159767151,729682,0.0,0.0
1983-03-11 00:00:00-05:00,0.0,0.2737054936904448,0.2725697159767151,0.2725697159767151,309463,0.0,0.0
1983-03-14 00:00:00-05:00,0.0,0.266891374746575,0.26461997628211975,0.26461997628211975,301320,0.0,0.0
1983-03-15 00:00:00-05:00,0.0,0.26802701912134763,0.2668912410736084,0.2668912410736084,127043,0.0,0.0
1983-03-16 00:00:00-05:00,0.0,0.2691627165957656,0.26802709698677063,0.26802709698677063,343667,0.0,0.0
1983-03-17 00:00:00-05:00,0.0,0.2759769973408342,0.27484121918678284,0.27484121918678284,508171,0.0,0.0
1983-03-18 00:00:00-05:00,0.0,0.2805197972171961,0.2782483994960785,0.2782483994960785,614040,0.0,0.0
1983-03-21 00:00:00-05:00,0.0,0.2861982820172911,0.2850625216960907,0.2850625216960907,301320,0.0,0.0
1983-03-22 00:00:00-05:00,0.0,0.2873341858713635,0.2861984074115753,0.2861984074115753,601010,0.0,0.0
1983-03-23 00:00:00-05:00,0.0,0.29982691432437075,0.29869115352630615,0.29869115352630615,501656,0.0,0.0
1983-03-24 00:00:00-05:00,0.0,0.3020980302912833,0.29982665181159973,0.29982665181159973,977253,0.0,0.0
1983-03-25 00:00:00-05:00,0.0,0.3032339142682531,0.30096235871315,0.30096235871315,785060,0.0,0.0
1983-03-28 00:00:00-05:00,0.0,0.3112405040291569,0.3088556230068207,0.3088556230068207,446744,0.0,1.05
1983-03-29 00:00:00-05:00,0.0,0.3148182202265013,0.31243330240249634,0.31243330240249634,645297,0.0,0.0
1983-03-30 00:00:00-05:00,0.0,0.3183956825413903,0.31720322370529175,0.31720322370529175,392452,0.0,0.0
1983-03-31 00:00:00-05:00,0.0,0.32674310726766376,0.3243582248687744,0.3243582248687744,471563,0.0,0.0
1983-04-04 00:00:00-05:00,0.0,0.32674310726766376,0.3243582248687744,0.3243582248687744,58945,0.0,0.0
1983-04-05 00:00:00-05:00,0.0,0.3279356388165332,0.3255506157875061,0.3255506157875061,190797,0.0,0.0
1983-04-06 00:00:00-05:00,0.0,0.32197308809651154,0.3195880651473999,0.3195880651473999,760085,0.0,0.0
1983-04-07 00:00:00-05:00,0.0,0.310048321168605,0.3076632618904113,0.3076632618904114,749227,0.0,0.0
1983-04-08 00:00:00-05:00,0.0,0.310048321168605,0.3076632618904113,0.3076632618904114,245089,0.0,0.0
1983-04-11 00:00:00-05:00,0.0,0.31243310330894103,0.3088556230068207,0.3088556230068207,946229,0.0,0.0
1983-04-12 00:00:00-05:00,0.0,0.31481821180598024,0.3136257529258728,0.3136257529258728,203207,0.0,0.0
1983-04-13 00:00:00-05:00,0.0,0.31481821180598024,0.3136257529258728,0.3136257529258728,207860,0.0,0.0
1983-04-14 00:00:00-05:00,0.0,0.31481821180598024,0.3136257529258728,0.3136257529258728,699589,0.0,0.0
1983-04-15 00:00:00-05:00,0.0,0.3172029274013179,0.3160105049610138,0.3160105049610138,113237,0.0,0.0
1983-04-18 00:00:00-05:00,0.0,0.3172029274013179,0.3160105049610138,0.3160105049610138,165978,0.0,0.0
1983-04-19 00:00:00-05:00,0.0,0.31481821180598024,0.3136257529258728,0.3136257529258728,103930,0.0,0.0
1983-04-20 00:00:00-05:00,0.0,0.31481821180598024,0.3136257529258728,0.3136257529258728,328853,0.0,0.0
1983-04-21 00:00:00-05:00,0.0,0.31481821180598024,0.3136257529258728,0.3136257529258728,97725,0.0,0.0
1983-04-22 00:00:00-05:00,0.0,0.31481821180598024,0.3136257529258728,0.3136257529258728,921410,0.0,0.0
1983-04-25 00:00:00-04:00,0.0,0.31481821180598024,0.3136257529258728,0.3136257529258728,214065,0.0,0.0
1983-04-26 00:00:00-04:00,0.0,0.3160108632558847,0.31481826305389404,0.31481826305389404,311790,0.0,0.0
1983-04-27 00:00:00-04:00,0.0,0.32316539438164354,0.32197293639183044,0.32197293639183044,887283,0.0,0.0
1983-04-28 00:00:00-04:00,0.0,0.32316539438164354,0.32197293639183044,0.32197293639183044,69804,0.0,0.0
1983-04-29 00:00:00-04:00,0.0,0.32316539438164354,0.32197293639183044,0.32197293639183044,957087,0.0,0.0
1983-05-02 00:00:00-04:00,0.0,0.31839538512352394,0.3160105049610138,0.3160105049610138,316444,0.0,0.0
1983-05-03 00:00:00-04:00,0.0,0.3100480811589461,0.3088556230068207,0.3088556230068207,401759,0.0,0.0
1983-05-04 00:00:00-04:00,0.0,0.31362576182312957,0.31124070286750793,0.31124070286750793,418823,0.0,0.0
1983-05-05 00:00:00-04:00,0.0,0.3064708231493234,0.30408594012260437,0.30408594012260437,234230,0.0,0.0
1983-05-06 00:00:00-04:00,0.0,0.30050823077466626,0.2993156313896179,0.2993156313896179,293176,0.0,0.0
1983-05-09 00:00:00-04:00,0.0,0.3005081184075481,0.2981230616569519,0.2981230616569519,179939,0.0,0.0
1983-05-10 00:00:00-04:00,0.0,0.30885586209339216,0.3076632618904113,0.3076632618904114,300932,0.0,0.0
1983-05-11 00:00:00-04:00,0.0,0.3052783699929462,0.3028933107852936,0.3028933107852936,156671,0.0,0.0
1983-05-12 00:00:00-04:00,0.0,0.30408589248694895,0.30050840973854065,0.30050840973854065,190797,0.0,0.0
1983-05-13 00:00:00-04:00,0.0,0.3064706349722702,0.3052782118320465,0.3052782118320465,142710,0.0,0.0
1983-05-16 00:00:00-04:00,0.0,0.3076630933944165,0.3052782118320465,0.3052782118320465,80662,0.0,0.0
1983-05-17 00:00:00-04:00,0.0,0.30885575057476533,0.30647069215774536,0.30647069215774536,86867,0.0,0.0
1983-05-18 00:00:00-04:00,0.0,0.30885575057476533,0.30647069215774536,0.30647069215774536,125647,0.0,0.0
1983-05-19 00:00:00-04:00,0.0,0.3076630933944165,0.3052782118320465,0.3052782118320465,325751,0.0,0.0
1983-05-20 00:00:00-04:00,0.0,0.30885569294425347,0.3052782118320465,0.3052782118320465,440539,0.0,0.0
1983-05-23 00:00:00-04:00,0.0,0.3076630933944165,0.3052782118320465,0.3052782118320465,88418,0.0,0.0
1983-05-24 00:00:00-04:00,0.0,0.30766315080239687,0.30647069215774536,0.30647069215774536,195451,0.0,0.0
1983-05-25 00:00:00-04:00,0.0,0.3076630933944165,0.3052782118320465,0.3052782118320465,254396,0.0,0.0
1983-05-26 00:00:00-04:00,0.0,0.3076630933944165,0.3052782118320465,0.3052782118320465,31024,0.0,0.0
1983-05-27 00:00:00-04:00,0.0,0.30408589248694895,0.30050840973854065,0.30050840973854065,105481,0.0,0.0
1983-05-31 00:00:00-04:00,0.0,0.2897757488856829,0.28739070892333984,0.28739070892333984,330405,0.0,0.0
1983-06-01 00:00:00-04:00,0.0,0.2873908663023981,0.2861984074115753,0.2861984074115753,167529,0.0,0.0
1983-06-02 00:00:00-04:00,0.0,0.2909681696951478,0.2897757291793823,0.2897757291793823,183041,0.0,0.0
1983-06-03 00:00:00-04:00,0.0,0.29216078752279295,0.2909683287143707,0.2909683287143707,86867,0.0,0.0
1983-06-06 00:00:00-04:00,0.0,0.2921606278518707,0.2897757291793823,0.2897757291793823,76009,0.0,0.0
1983-06-07 00:00:00-04:00,0.0,0.2909681696951478,0.2897757291793823,0.2897757291793823,229577,0.0,0.0
1983-06-08 00:00:00-04:00,0.0,0.2897757488856829,0.28739070892333984,0.28739070892333984,79111,0.0,0.0
1983-06-09 00:00:00-04:00,0.0,0.2754657665418265,0.27308088541030884,0.27308088541030884,262152,0.0,0.0
1983-06-10 00:00:00-04:00,0.0,0.2838133263100928,0.28142842650413513,0.28142842650413513,201655,0.0,0.0
1983-06-13 00:00:00-04:00,0.0,0.29693071254259884,0.2957381308078766,0.2957381308078766,269908,0.0,0.0
1983-06-14 00:00:00-04:00,0.0,0.2981231707906098,0.2957381308078766,0.2957381308078766,142710,0.0,0.0
1983-06-15 00:00:00-04:00,0.0,0.30408579938521235,0.30170074105262756,0.30170074105262756,187695,0.0,0.0
1983-06-16 00:00:00-04:00,0.0,0.3076630933944165,0.3052782118320465,0.3052782118320465,654604,0.0,0.0
1983-06-17 00:00:00-04:00,0.0,0.30408579938521235,0.30170074105262756,0.30170074105262756,254396,0.0,0.0
1983-06-20 00:00:00-04:00,0.0,0.30289319965506395,0.30170074105262756,0.30170074105262756,161324,0.0,0.0
1983-06-21 00:00:00-04:00,0.0,0.30050823077466626,0.2993156313896179,0.2993156313896179,198553,0.0,0.0
1983-06-22 00:00:00-04:00,0.0,0.3017006537501257,0.2993156313896179,0.2993156313896179,203207,0.0,0.0
1983-06-23 00:00:00-04:00,0.0,0.3017006537501257,0.2993156313896179,0.2993156313896179,52741,0.0,0.0
1983-06-24 00:00:00-04:00,0.0,0.2993155194684408,0.2981230616569519,0.2981230616569519,57394,0.0,0.0
1983-06-27 00:00:00-04:00,0.0,0.29931561694016523,0.2969307005405426,0.2969307005405426,27922,0.0,0.0
1983-06-28 00:00:00-04:00,0.0,0.2945457000912773,0.29216066002845764,0.29216066002845764,107032,0.0,0.0
1983-06-29 00:00:00-04:00,0.0,0.2945457000912773,0.29216066002845764,0.29216066002845764,93072,0.0,0.0
1983-06-30 00:00:00-04:00,0.0,0.2921606278518707,0.2897757291793823,0.2897757291793823,128749,0.0,0.0
1983-07-01 00:00:00-04:00,0.0,0.2921606278518707,0.2897757291793823,0.2897757291793823,108584,0.0,0.0
1983-07-05 00:00:00-04:00,0.0,0.2873908870029813,0.28500598669052124,0.28500598669052124,120993,0.0,0.0
1983-07-06 00:00:00-04:00,0.0,0.280235877348628,0.27904343605041504,0.27904343605041504,128749,0.0,0.0
1983-07-07 00:00:00-04:00,0.0,0.28023559752115595,0.2778507173061371,0.2778507173061371,97725,0.0,0.0
1983-07-08 00:00:00-04:00,0.0,0.2790433450563912,0.27665844559669495,0.27665844559669495,12410,0.0,0.0
1983-07-11 00:00:00-04:00,0.0,0.2778508742309514,0.27546581625938416,0.27546581625938416,83765,0.0,0.0
1983-07-12 00:00:00-04:00,0.0,0.27665841580901307,0.27546581625938416,0.27546581625938416,496382,0.0,0.0
1983-07-13 00:00:00-04:00,0.0,0.2766584059818952,0.2742733657360077,0.2742733657360077,99276,0.0,0.0
1983-07-14 00:00:00-04:00,0.0,0.2730810432835016,0.2706959843635559,0.2706959843635559,108584,0.0,0.0
1983-07-15 00:00:00-04:00,0.0,0.26831076486974625,0.26473328471183777,0.26473328471183777,228026,0.0,0.0
1983-07-18 00:00:00-04:00,0.0,0.2659260543840724,0.26354101300239563,0.26354101300239563,179939,0.0,0.0
1983-07-19 00:00:00-04:00,0.0,0.2659260543840724,0.26354101300239563,0.26354101300239563,76009,0.0,0.0
1983-07-20 00:00:00-04:00,0.0,0.2730810432835016,0.2706959843635559,0.2706959843635559,265254,0.0,0.0
1983-07-21 00:00:00-04:00,0.0,0.27427323558244476,0.27188819646835327,0.27188819646835327,111686,0.0,0.0
1983-07-22 00:00:00-04:00,0.0,0.28142836696337614,0.28023576736450195,0.28023576736450195,333507,0.0,0.0
1983-07-25 00:00:00-04:00,0.0,0.28262082543455386,0.28023576736450195,0.28023576736450195,206309,0.0,0.0
1983-07-26 00:00:00-04:00,0.0,0.28500586755218316,0.2838132679462433,0.2838132679462433,228026,0.0,0.0
1983-07-27 00:00:00-04:00,0.0,0.28500586755218316,0.2838132679462433,0.2838132679462433,119442,0.0,0.0
1983-07-28 00:00:00-04:00,0.2838132679462433,0.2838132679462433,0.2838132679462433,0.2838132679462433,0,0.0,0.0
1983-07-29 00:00:00-04:00,0.0,0.28142836696337614,0.28023576736450195,0.28023576736450195,271459,0.0,0.0
1983-08-01 00:00:00-04:00,0.0,0.28142836696337614,0.28023576736450195,0.28023576736450195,138056,0.0,0.0
1983-08-02 00:00:00-04:00,0.0,0.2850059261612809,0.28142842650413513,0.28142842650413513,423476,0.0,0.0
1983-08-03 00:00:00-04:00,0.0,0.28500585778434595,0.2826208174228668,0.2826208174228668,637541,0.0,0.0
1983-08-04 00:00:00-04:00,0.0,0.2838133263100928,0.28142842650413513,0.28142842650413513,29473,0.0,0.0
1983-08-05 00:00:00-04:00,0.0,0.2838133263100928,0.28142842650413513,0.28142842650413513,20166,0.0,0.0
1983-08-08 00:00:00-04:00,0.0,0.2838133263100928,0.28142842650413513,0.28142842650413513,193899,0.0,0.0
1983-08-09 00:00:00-04:00,0.0,0.2838133263100928,0.28142842650413513,0.28142842650413513,356775,0.0,0.0
1983-08-10 00:00:00-04:00,0.0,0.28500585778434595,0.2826208174228668,0.2826208174228668,161324,0.0,0.0
1983-08-11 00:00:00-04:00,0.0,0.28619830838946353,0.2838132679462433,0.2838132679462433,183041,0.0,0.0
1983-08-12 00:00:00-04:00,0.0,0.28858329064786653,0.28739070892333984,0.28739070892333984,288522,0.0,0.0
1983-08-15 00:00:00-04:00,0.0,0.28858329064786653,0.28739070892333984,0.28739070892333984,179939,0.0,0.0
1983-08-16 00:00:00-04:00,0.0,0.2873908663023981,0.2861984074115753,0.2861984074115753,246640,0.0,0.0
1983-08-17 00:00:00-04:00,0.0,0.2838133263100928,0.28142842650413513,0.28142842650413513,105481,0.0,0.0
1983-08-18 00:00:00-04:00,0.0,0.2838133263100928,0.28142842650413513,0.28142842650413513,49638,0.0,0.0
1983-08-19 00:00:00-04:00,0.0,0.28142847741556165,0.27904343605041504,0.27904343605041504,44985,0.0,0.0
1983-08-22 00:00:00-04:00,0.0,0.28142847741556165,0.27904343605041504,0.27904343605041504,74457,0.0,0.0
1983-08-23 00:00:00-04:00,0.0,0.28023559752115595,0.2778507173061371,0.2778507173061371,65150,0.0,0.0
1983-08-24 00:00:00-04:00,0.0,0.2790433450563912,0.27665844559669495,0.27665844559669495,72906,0.0,0.0
1983-08-25 00:00:00-04:00,0.0,0.2790433450563912,0.27665844559669495,0.27665844559669495,63599,0.0,0.0
1983-08-26 00:00:00-04:00,0.0,0.2790433450563912,0.27665844559669495,0.27665844559669495,321097,0.0,0.0
1983-08-29 00:00:00-04:00,0.0,0.2790433450563912,0.27665844559669495,0.27665844559669495,26370,0.0,0.0
1983-08-30 00:00:00-04:00,0.0,0.2790433450563912,0.27665844559669495,0.27665844559669495,29473,0.0,0.0
1983-08-31 00:00:00-04:00,0.0,0.2778509041470247,0.27665844559669495,0.27665844559669495,114788,0.0,0.0
1983-09-01 00:00:00-04:00,0.0,0.2790433450563912,0.27665844559669495,0.27665844559669495,110135,0.0,0.0
1983-09-02 00:00:00-04:00,0.0,0.2790433450563912,0.27665844559669495,0.27665844559669495,93072,0.0,0.0
1983-09-06 00:00:00-04:00,0.0,0.2790433450563912,0.27665844559669495,0.27665844559669495,1047057,0.0,0.0
1983-09-07 00:00:00-04:00,0.0,0.2790433450563912,0.27665844559669495,0.27665844559669495,380043,0.0,0.0
1983-09-08 00:00:00-04:00,0.0,0.2838132582192794,0.2826208174228668,0.2826208174228668,117891,0.0,0.0
1983-09-09 00:00:00-04:00,0.0,0.3017006537501257,0.2993156313896179,0.2993156313896179,304034,0.0,0.0
1983-09-12 00:00:00-04:00,0.0,0.3052783699929462,0.3028933107852936,0.3028933107852936,263703,0.0,0.0
1983-09-13 00:00:00-04:00,0.0,0.3040859109530018,0.3028933107852936,0.3028933107852936,34126,0.0,0.0
1983-09-14 00:00:00-04:00,0.0,0.3040859109530018,0.3028933107852936,0.3028933107852936,317995,0.0,0.0
1983-09-15 00:00:00-04:00,0.0,0.3017006537501257,0.2993156313896179,0.2993156313896179,203207,0.0,0.0
1983-09-16 00:00:00-04:00,0.0,0.3005081184075481,0.2981230616569519,0.2981230616569519,55843,0.0,0.0
1983-09-19 00:00:00-04:00,0.0,0.3005081184075481,0.2981230616569519,0.2981230616569519,93072,0.0,0.0
1983-09-20 00:00:00-04:00,0.0,0.30647079375094965,0.3028933107852936,0.3028933107852936,1755953,0.0,0.0
1983-09-21 00:00:00-04:00,0.0,0.3100480811589461,0.3088556230068207,0.3088556230068207,763188,0.0,0.0
1983-09-22 00:00:00-04:00,0.0,0.31243321574780675,0.3100481927394867,0.3100481927394867,257498,0.0,0.0
1983-09-23 00:00:00-04:00,0.0,0.31243321574780675,0.3100481927394867,0.3100481927394867,77560,0.0,0.0
1983-09-26 00:00:00-04:00,0.0,0.31601081181383256,0.3136257529258728,0.3136257529258728,451398,0.0,0.0
1983-09-27 00:00:00-04:00,0.0,0.31601081181383256,0.3136257529258728,0.3136257529258728,755432,0.0,0.0
1983-09-28 00:00:00-04:00,0.0,0.31601081181383256,0.3136257529258728,0.3136257529258728,152017,0.0,0.0
1983-09-29 00:00:00-04:00,0.0,0.31601081181383256,0.3136257529258728,0.3136257529258728,15512,0.0,0.0
1983-09-30 00:00:00-04:00,0.0,0.3160108632558847,0.31481826305389404,0.31481826305389404,373838,0.0,0.0
1983-10-03 00:00:00-04:00,0.0,0.31720328704816547,0.31481826305389404,0.31481826305389404,485524,0.0,0.0
1983-10-04 00:00:00-04:00,0.0,0.31720328704816547,0.31481826305389404,0.31481826305389404,108584,0.0,0.0
1983-10-05 00:00:00-04:00,0.0,0.3172029274013179,0.3160105049610138,0.3160105049610138,120993,0.0,0.0
1983-10-06 00:00:00-04:00,0.0,0.3172029274013179,0.3160105049610138,0.3160105049610138,285420,0.0,0.0
1983-10-07 00:00:00-04:00,0.0,0.32078073296633547,0.3183956742286682,0.3183956742286682,1051710,0.0,0.0
1983-10-10 00:00:00-04:00,0.0,0.3219730281253808,0.3207806050777436,0.32078060507774353,629785,0.0,0.0
1983-10-11 00:00:00-04:00,0.0,0.3219730281253808,0.3207806050777436,0.32078060507774353,203207,0.0,0.0
1983-10-12 00:00:00-04:00,0.0,0.31958814137748887,0.31720322370529175,0.31720322370529175,63599,0.0,0.0
1983-10-13 00:00:00-04:00,0.0,0.31958784284573,0.3160105049610138,0.3160105049610138,74457,0.0,0.0
1983-10-14 00:00:00-04:00,0.0,0.3076630933944165,0.3052782118320465,0.3052782118320465,128749,0.0,0.0
1983-10-17 00:00:00-04:00,0.0,0.30647079375094965,0.3028933107852936,0.3028933107852936,69804,0.0,0.0
1983-10-18 00:00:00-04:00,0.0,0.2921607260951224,0.288583368062973,0.288583368062973,352121,0.0,0.0
1983-10-19 00:00:00-04:00,0.0,0.2826208852275969,0.28142842650413513,0.28142842650413513,344365,0.0,0.0
1983-10-20 00:00:00-04:00,0.0,0.29335320949529536,0.2897757291793823,0.2897757291793823,370736,0.0,0.0
1983-10-21 00:00:00-04:00,0.0,0.2945457000912773,0.29216066002845764,0.29216066002845764,62048,0.0,0.0
1983-10-24 00:00:00-04:00,0.0,0.2933532418032252,0.29216066002845764,0.29216066002845764,178387,0.0,0.0
1983-10-25 00:00:00-04:00,0.0,0.29454562815329255,0.2933531701564789,0.2933531701564789,83765,0.0,0.0
1983-10-26 00:00:00-04:00,0.0,0.29454562815329255,0.2933531701564789,0.2933531701564789,80662,0.0,0.0
1983-10-27 00:00:00-04:00,0.0,0.29454562815329255,0.2933531701564789,0.2933531701564789,268357,0.0,0.0
1983-10-28 00:00:00-04:00,0.0,0.29573806850915113,0.2933531701564789,0.2933531701564789,231128,0.0,0.0
1983-10-31 00:00:00-05:00,0.0,0.29573806850915113,0.2933531701564789,0.2933531701564789,252845,0.0,0.0
1983-11-01 00:00:00-05:00,0.0,0.29573806850915113,0.2933531701564789,0.2933531701564789,77560,0.0,0.0
1983-11-02 00:00:00-05:00,0.0,0.305278399276936,0.30408594012260437,0.30408594012260437,335058,0.0,0.0
1983-11-03 00:00:00-05:00,0.0,0.2981231707906098,0.2957381308078766,0.2957381308078766,218718,0.0,0.0
1983-11-04 00:00:00-05:00,0.0,0.29693064999265,0.2933531701564789,0.2933531701564789,164427,0.0,0.0
1983-11-07 00:00:00-05:00,0.0,0.2981231707906098,0.2957381308078766,0.2957381308078766,212514,0.0,0.0
1983-11-08 00:00:00-05:00,0.0,0.2981231707906098,0.2957381308078766,0.2957381308078766,60497,0.0,0.0
1983-11-09 00:00:00-05:00,0.0,0.2981231707906098,0.2957381308078766,0.2957381308078766,10858,0.0,0.0
1983-11-10 00:00:00-05:00,0.0,0.2981231707906098,0.2957381308078766,0.2957381308078766,54292,0.0,0.0
1983-11-11 00:00:00-05:00,0.0,0.2981231707906098,0.2957381308078766,0.2957381308078766,0,0.0,0.0
1983-11-14 00:00:00-05:00,0.0,0.2981231707906098,0.2957381308078766,0.2957381308078766,12410,0.0,0.0
1983-11-15 00:00:00-05:00,0.0,0.2981231707906098,0.2957381308078766,0.2957381308078766,26370,0.0,0.0
1983-11-16 00:00:00-05:00,0.0,0.2981231707906098,0.2957381308078766,0.2957381308078766,192348,0.0,0.0
1983-11-17 00:00:00-05:00,0.0,0.29931561694016523,0.2969307005405426,0.2969307005405426,238884,0.0,0.0
1983-11-18 00:00:00-05:00,0.0,0.2993155194684408,0.2981230616569519,0.2981230616569519,130300,0.0,0.0
1983-11-21 00:00:00-05:00,0.0,0.3028932923916631,0.30050840973854065,0.30050840973854065,113237,0.0,0.0
1983-11-22 00:00:00-05:00,0.0,0.30408579938521235,0.30170074105262756,0.30170074105262756,85316,0.0,0.0
1983-11-23 00:00:00-05:00,0.0,0.3040859109530018,0.3028933107852936,0.3028933107852936,31024,0.0,0.0
1983-11-25 00:00:00-05:00,0.0,0.3064708231493234,0.30408594012260437,0.30408594012260437,46536,0.0,0.0
1983-11-28 00:00:00-05:00,0.0,0.305278399276936,0.30408594012260437,0.30408594012260437,96174,0.0,0.0
1983-11-29 00:00:00-05:00,0.0,0.305278399276936,0.30408594012260437,0.30408594012260437,88418,0.0,0.0
1983-11-30 00:00:00-05:00,0.0,0.3064708231493234,0.30408594012260437,0.30408594012260437,265254,0.0,0.0
1983-12-01 00:00:00-05:00,0.0,0.3064708231493234,0.30408594012260437,0.30408594012260437,103930,0.0,0.0
1983-12-02 00:00:00-05:00,0.0,0.31243321574780675,0.3100481927394867,0.3100481927394867,113237,0.0,0.0
1983-12-05 00:00:00-05:00,0.0,0.31243321574780675,0.3100481927394867,0.3100481927394867,21717,0.0,0.0
1983-12-06 00:00:00-05:00,0.0,0.31362576182312957,0.31124070286750793,0.31124070286750793,55843,0.0,0.0
1983-12-07 00:00:00-05:00,0.0,0.31601081181383256,0.3136257529258728,0.3136257529258728,266806,0.0,0.0
1983-12-08 00:00:00-05:00,0.0,0.3172029274013179,0.3160105049610138,0.3160105049610138,179939,0.0,0.0
1983-12-09 00:00:00-05:00,0.0,0.3172029274013179,0.3160105049610138,0.3160105049610138,102379,0.0,0.0
1983-12-12 00:00:00-05:00,0.0,0.31601081181383256,0.3136257529258728,0.3136257529258728,519650,0.0,0.0
1983-12-13 00:00:00-05:00,0.0,0.31481821180598024,0.3136257529258728,0.3136257529258728,259050,0.0,0.0
1983-12-14 00:00:00-05:00,0.0,0.31481821180598024,0.3136257529258728,0.3136257529258728,91520,0.0,0.0
1983-12-15 00:00:00-05:00,0.0,0.3148182202265013,0.31243330240249634,0.31243330240249634,165978,0.0,0.0
1983-12-16 00:00:00-05:00,0.0,0.3148182202265013,0.31243330240249634,0.31243330240249634,20166,0.0,0.0
1983-12-19 00:00:00-05:00,0.0,0.3148182202265013,0.31243330240249634,0.31243330240249634,12410,0.0,0.0
1983-12-20 00:00:00-05:00,0.0,0.31243330240249634,0.31243330240249634,0.31243330240249634,26370,0.0,0.0
1983-12-21 00:00:00-05:00,0.0,0.3136257529258728,0.3124332940457653,0.3136257529258728,94623,0.0,0.0
1983-12-22 00:00:00-05:00,0.0,0.3183956825413903,0.31362574135119137,0.31720322370529175,788007,0.0,0.0
1983-12-23 00:00:00-05:00,0.0,0.31839538512352394,0.3148179061111999,0.3160105049610138,88418,0.0,0.0
1983-12-27 00:00:00-05:00,0.0,0.3183956825413903,0.3160108001511281,0.31720322370529175,165978,0.0,0.0
1983-12-28 00:00:00-05:00,0.0,0.3183956825413903,0.3160108001511281,0.31720322370529175,34126,0.0,0.0
1983-12-29 00:00:00-05:00,0.0,0.3386679695735637,0.31839560949953055,0.3362830877304077,738369,0.0,0.0
1983-12-30 00:00:00-05:00,0.0,0.3589404906738006,0.33866798834821843,0.3482080101966858,671667,0.0,0.0
1984-01-03 00:00:00-05:00,0.0,0.34820790620007264,0.3327054899925707,0.3338979482650757,376940,0.0,0.0
1984-01-04 00:00:00-05:00,0.0,0.3398605692638124,0.335090488040159,0.3362830877304077,536713,0.0,0.0
1984-01-05 00:00:00-05:00,0.0,0.3386679695735637,0.3362830877304077,0.3362830877304077,541367,0.0,0.0
1984-01-06 00:00:00-05:00,0.0,0.3410531282424927,0.33628318674213453,0.3410531282424927,223372,0.0,0.0
1984-01-09 00:00:00-05:00,0.0,0.3422455518741921,0.33628318674213453,0.3410531282424927,338160,0.0,0.0
1984-01-10 00:00:00-05:00,0.0,0.3422454402775194,0.33986055850982666,0.33986055850982666,29473,0.0,0.0
1984-01-11 00:00:00-05:00,0.0,0.3422455518741921,0.339860669328856,0.3410531282424927,243538,0.0,0.0
1984-01-12 00:00:00-05:00,0.0,0.3422455518741921,0.339860669328856,0.3410531282424927,221821,0.0,0.0
1984-01-13 00:00:00-05:00,0.0,0.3422454402775194,0.33986055850982666,0.33986055850982666,69804,0.0,0.0
1984-01-16 00:00:00-05:00,0.0,0.3410531282424927,0.339860669328856,0.3410531282424927,187695,0.0,0.0
1984-01-17 00:00:00-05:00,0.0,0.3410531282424927,0.339860669328856,0.3410531282424927,40331,0.0,0.0
1984-01-18 00:00:00-05:00,0.0,0.3422454402775194,0.33986055850982666,0.33986055850982666,438988,0.0,0.0
1984-01-19 00:00:00-05:00,0.0,0.33986055850982666,0.33986055850982666,0.33986055850982666,77560,0.0,0.0
1984-01-20 00:00:00-05:00,0.0,0.3422454402775194,0.33986055850982666,0.33986055850982666,107032,0.0,0.0
1984-01-23 00:00:00-05:00,0.0,0.33986055850982666,0.33986055850982666,0.33986055850982666,62048,0.0,0.0
1984-01-24 00:00:00-05:00,0.0,0.33986055850982666,0.33986055850982666,0.33986055850982666,116340,0.0,0.0
1984-01-25 00:00:00-05:00,0.0,0.34105301703463586,0.33986055850982666,0.33986055850982666,128749,0.0,0.0
1984-01-26 00:00:00-05:00,0.0,0.34105289710417,0.3386678397655487,0.3386678397655487,304034,0.0,0.0
1984-01-27 00:00:00-05:00,0.0,0.3398604166214331,0.33747535943984985,0.33747535943984985,383145,0.0,0.0
1984-01-30 00:00:00-05:00,0.0,0.3398604866010283,0.3338979482650757,0.3338979482650757,577044,0.0,0.0
1984-01-31 00:00:00-05:00,0.0,0.33389785224550966,0.30885556536791087,0.32674285769462585,846952,0.0,0.0
1984-02-01 00:00:00-05:00,0.0,0.31362567432907573,0.3100481927394867,0.3100481927394867,91520,0.0,0.0
1984-02-02 00:00:00-05:00,0.0,0.31243321574780675,0.3100481927394867,0.3100481927394867,176836,0.0,0.0
1984-02-03 00:00:00-05:00,0.0,0.31243321574780675,0.3100481927394867,0.3100481927394867,370736,0.0,0.0
1984-02-06 00:00:00-05:00,0.0,0.31243330240249634,0.3100482787326799,0.31243330240249634,107032,0.0,0.0
1984-02-07 00:00:00-05:00,0.0,0.31243321574780675,0.3100481927394867,0.3100481927394867,9307,0.0,0.0
1984-02-08 00:00:00-05:00,0.0,0.3124333029091932,0.3100482792355088,0.31124070286750793,429681,0.0,0.0
1984-02-09 00:00:00-05:00,0.0,0.31243323235450754,0.3052782687950231,0.30647069215774536,513446,0.0,0.0
1984-02-10 00:00:00-05:00,0.0,0.310048321168605,0.3064708028151985,0.3076632618904114,49638,0.0,0.0
1984-02-13 00:00:00-05:00,0.0,0.3076632618904113,0.3076632618904113,0.3076632618904114,68253,0.0,0.0
1984-02-14 00:00:00-05:00,0.0,0.30885586209339216,0.3064708028151985,0.3076632618904114,508792,0.0,0.0
1984-02-15 00:00:00-05:00,0.0,0.31124070286750793,0.3076632202798872,0.31124070286750793,108584,0.0,0.0
1984-02-16 00:00:00-05:00,0.0,0.31243310330894103,0.3088556230068207,0.3088556230068207,265254,0.0,0.0
1984-02-17 00:00:00-05:00,0.0,0.3088556230068207,0.3088556230068207,0.3088556230068207,7756,0.0,0.0
1984-02-21 00:00:00-05:00,0.0,0.32316550612449646,0.3088556877615598,0.32316550612449646,618927,0.0,0.0
1984-02-22 00:00:00-05:00,0.0,0.3231656152943328,0.3183956742286682,0.3183956742286682,86867,0.0,0.0
1984-02-23 00:00:00-05:00,0.0,0.3183956825413903,0.31720322370529175,0.31720322370529175,113237,0.0,0.0
1984-02-24 00:00:00-05:00,0.0,0.32078073296633547,0.3183956742286682,0.3183956742286682,99276,0.0,0.0
1984-02-27 00:00:00-05:00,0.0,0.32197293639183044,0.3195879145664747,0.32197293639183044,54292,0.0,0.0
1984-02-28 00:00:00-05:00,0.0,0.3219730281253808,0.3207806050777436,0.32078060507774353,1662881,0.0,0.0
1984-02-29 00:00:00-05:00,0.0,0.3219730281253808,0.3207806050777436,0.32078060507774353,223372,0.0,0.0
1984-03-01 00:00:00-05:00,0.0,0.3219730281253808,0.31958800562050665,0.32078060507774353,693384,0.0,0.0
1984-03-02 00:00:00-05:00,0.0,0.3219730281253808,0.3207806050777436,0.32078060507774353,108584,0.0,0.0
1984-03-05 00:00:00-05:00,0.0,0.32197293639183044,0.3195879145664747,0.32197293639183044,35677,0.0,0.0
1984-03-06 00:00:00-05:00,0.0,0.31958813303363387,0.3183956742286682,0.3183956742286682,31024,0.0,0.0
1984-03-07 00:00:00-05:00,0.0,0.31839574612238825,0.31481826305389404,0.31481826305389404,41882,0.0,0.0
1984-03-08 00:00:00-05:00,0.0,0.3148182202265013,0.31243330240249634,0.31243330240249634,214065,0.0,0.0
1984-03-09 00:00:00-05:00,0.0,0.3112406160388283,0.3088557341582177,0.3100481927394867,370736,0.0,0.0
1984-03-12 00:00:00-05:00,0.0,0.31124074496187587,0.3064708028151985,0.3076632618904114,497934,0.0,0.0
1984-03-13 00:00:00-05:00,0.0,0.310048321168605,0.3076632618904113,0.3076632618904114,437437,0.0,0.0
1984-03-14 00:00:00-05:00,0.0,0.3076630933944165,0.3052782118320465,0.3052782118320465,63599,0.0,0.0
1984-03-15 00:00:00-05:00,0.0,0.30647079375094965,0.3005084279873457,0.3028933107852936,1455021,0.0,0.0
1984-03-16 00:00:00-05:00,0.0,0.305278399276936,0.3028933398404954,0.30408594012260437,89969,0.0,0.0
1984-03-19 00:00:00-05:00,0.0,0.3028933107852936,0.3028933107852936,0.3028933107852936,10858,0.0,0.0
1984-03-20 00:00:00-05:00,0.0,0.3052782118320465,0.3017006954379169,0.3052782118320465,52741,0.0,0.0
1984-03-21 00:00:00-05:00,0.0,0.3064706349722702,0.3017006954379169,0.3052782118320465,592556,0.0,0.0
1984-03-22 00:00:00-05:00,0.0,0.3052783699929462,0.29812336877969314,0.3028933107852936,6102401,0.0,0.0
1984-03-23 00:00:00-05:00,0.0,0.3064706349722702,0.3040857534099002,0.3052782118320465,38780,0.0,0.0
1984-03-26 00:00:00-05:00,0.3052782118320465,0.3052782118320465,0.3052782118320465,0.3052782118320465,0,0.0,0.0
1984-03-27 00:00:00-05:00,0.0,0.30408594012260437,0.30408594012260437,0.30408594012260437,24819,0.0,0.0
1984-03-28 00:00:00-05:00,0.0,0.30766315080239687,0.3040858101503716,0.30647069215774536,77560,0.0,0.0
1984-03-29 00:00:00-05:00,0.0,0.3100480811589461,0.3052781427047003,0.3088556230068207,215616,0.0,0.0
1984-03-30 00:00:00-05:00,0.0,0.3112405040291569,0.3076630237270365,0.3088556230068207,395555,0.0,0.0
1984-04-02 00:00:00-05:00,0.0,0.3167857829709896,0.3105252150139606,0.31553369760513306,452063,0.0,1.05
1984-04-03 00:00:00-05:00,0.0,0.3142814933470898,0.313029408454895,0.313029408454895,78298,0.0,0.0
1984-04-04 00:00:00-05:00,0.0,0.313029408454895,0.313029408454895,0.313029408454895,31024,0.0,0.0
1984-04-05 00:00:00-05:00,0.0,0.31553369760513306,0.31302952687342,0.31553369760513306,150688,0.0,0.0
1984-04-06 00:00:00-05:00,0.0,0.31553357823928463,0.313029408454895,0.313029408454895,632297,0.0,0.0
1984-04-09 00:00:00-05:00,0.0,0.31929003435609893,0.31553363784225413,0.3167857229709625,53184,0.0,0.0
1984-04-10 00:00:00-05:00,0.0,0.32054215730827607,0.31678576035118233,0.3180379867553711,29547,0.0,0.0
1984-04-11 00:00:00-05:00,0.0,0.3217941822042305,0.31929001212120056,0.31929001212120056,16251,0.0,0.0
1984-04-12 00:00:00-05:00,0.0,0.3230463234431335,0.31928989330679697,0.32054197788238525,240805,0.0,0.0
1984-04-13 00:00:00-05:00,0.0,0.32304635643959045,0.32054201062304444,0.32304635643959045,4432,0.0,0.0
1984-04-16 00:00:00-05:00,0.0,0.3242984411430686,0.32304635643959045,0.32304635643959045,53184,0.0,0.0
1984-04-17 00:00:00-05:00,0.0,0.3305588355482864,0.32304619006880453,0.3293067514896393,186143,0.0,0.0
1984-04-18 00:00:00-05:00,0.0,0.3368196788168112,0.3330632823699518,0.3343155086040497,279215,0.0,0.0
1984-04-19 00:00:00-05:00,0.0,0.33556759371043043,0.3343155086040497,0.3343155086040497,155119,0.0,0.0
1984-04-23 00:00:00-05:00,0.0,0.33556759371043043,0.33181119726357106,0.3343155086040497,336831,0.0,0.0
1984-04-24 00:00:00-05:00,0.0,0.33556759371043043,0.3343155086040497,0.3343155086040497,361945,0.0,0.0
1984-04-25 00:00:00-05:00,0.0,0.33556759371043043,0.3343155086040497,0.3343155086040497,20683,0.0,0.0
1984-04-26 00:00:00-05:00,0.0,0.33681955933570856,0.3355674746734839,0.3368195593357086,23637,0.0,0.0
1984-04-27 00:00:00-05:00,0.0,0.3355673551559448,0.3355673551559448,0.3355673551559448,7387,0.0,0.0
1984-04-30 00:00:00-04:00,0.0,0.3405760448057347,0.3368196486948123,0.33932381868362427,134437,0.0,0.0
1984-05-01 00:00:00-04:00,0.0,0.34308019269086343,0.34057602286338806,0.34057602286338806,65002,0.0,0.0
1984-05-02 00:00:00-04:00,0.0,0.345584599081994,0.3430802524089813,0.3430802524089813,45797,0.0,0.0
1984-05-03 00:00:00-04:00,0.0,0.34934085607528687,0.34308025397858755,0.34934085607528687,279215,0.0,0.0
1984-05-04 00:00:00-04:00,0.0,0.35434925543790685,0.34934077492400906,0.35309717059135437,149210,0.0,0.0
1984-05-07 00:00:00-04:00,0.0,0.35309717046699163,0.3518450856208801,0.3518450856208801,132960,0.0,0.0
1984-05-08 00:00:00-04:00,0.0,0.35434937477111816,0.3530972895029046,0.35434937477111816,153642,0.0,0.0
1984-05-09 00:00:00-04:00,0.0,0.3556014600393318,0.3530972895029046,0.35434937477111816,437289,0.0,0.0
1984-05-10 00:00:00-04:00,0.0,0.35434937477111816,0.35184520423469096,0.35434937477111816,187621,0.0,0.0
1984-05-11 00:00:00-04:00,0.0,0.3518450856208801,0.3518450856208801,0.3518450856208801,7387,0.0,0.0
1984-05-14 00:00:00-04:00,0.0,0.3518450856208801,0.3518450856208801,0.3518450856208801,41365,0.0,0.0
1984-05-15 00:00:00-04:00,0.0,0.35309717059135437,0.35059285977056154,0.35309717059135437,29547,0.0,0.0
1984-05-16 00:00:00-04:00,0.0,0.3505927324295044,0.3493406480377296,0.3505927324295044,32501,0.0,0.0
1984-05-17 00:00:00-04:00,0.0,0.3493407234952061,0.33681955933570856,0.3368195593357086,190575,0.0,0.0
1984-05-18 00:00:00-04:00,0.0,0.3355677960890325,0.3330634832382202,0.3330634832382202,26592,0.0,0.0
1984-05-21 00:00:00-04:00,0.0,0.3305590748786926,0.3305590748786926,0.3305590748786926,8864,0.0,0.0
1984-05-22 00:00:00-04:00,0.0,0.3305591180518437,0.3167857229709625,0.3167857229709625,143301,0.0,0.0
1984-05-23 00:00:00-04:00,0.0,0.31803794922739054,0.31553363784225413,0.3167857229709625,199439,0.0,0.0
1984-05-24 00:00:00-04:00,0.0,0.31428148498344727,0.3080209195613861,0.3080209195613861,341263,0.0,0.0
1984-05-25 00:00:00-04:00,0.0,0.311777315378202,0.30802091967253414,0.30927300453186035,159551,0.0,0.0
1984-05-29 00:00:00-04:00,0.0,0.3080209195613861,0.3080209195613861,0.3080209195613861,4432,0.0,0.0
1984-05-30 00:00:00-04:00,0.0,0.3105249986644509,0.3067687451839447,0.3067687451839447,270351,0.0,0.0
1984-05-31 00:00:00-04:00,0.0,0.3080209195613861,0.3067688347025117,0.3080209195613861,127050,0.0,0.0
1984-06-01 00:00:00-04:00,0.0,0.3130294604349147,0.3092730640068699,0.31052514910697937,88640,0.0,0.0
1984-06-04 00:00:00-04:00,0.0,0.3167857229709625,0.31428155271354574,0.3167857229709625,88640,0.0,0.0
1984-06-05 00:00:00-04:00,0.0,0.32054197788238525,0.31928989330679697,0.32054197788238525,20683,0.0,0.0
1984-06-06 00:00:00-04:00,0.0,0.3293067514896393,0.3217939296006586,0.3293067514896393,184666,0.0,0.0
1984-06-07 00:00:00-04:00,0.0,0.3355673551559448,0.3293067929469512,0.3355673551559448,258532,0.0,0.0
1984-06-08 00:00:00-04:00,0.0,0.3368194393722202,0.33431527093966945,0.3355673551559448,236373,0.0,0.0
1984-06-11 00:00:00-04:00,0.0,0.3368194393722202,0.3355673551559448,0.3355673551559448,197962,0.0,0.0
1984-06-12 00:00:00-04:00,0.0,0.3355673551559448,0.3355673551559448,0.3355673551559448,5909,0.0,0.0
1984-06-13 00:00:00-04:00,0.0,0.33681955933570856,0.3355674746734839,0.3368195593357086,10341,0.0,0.0
1984-06-14 00:00:00-04:00,0.0,0.33807164399793327,0.3355674746734839,0.3368195593357086,75344,0.0,0.0
1984-06-15 00:00:00-04:00,0.0,0.3355677960890325,0.3330634832382202,0.3330634832382202,686958,0.0,0.0
1984-06-18 00:00:00-04:00,0.0,0.3318111518589713,0.325550586056038,0.3280547559261322,84208,0.0,0.0
1984-06-19 00:00:00-04:00,0.0,0.3255506157875061,0.32429853073811016,0.3255506157875061,330922,0.0,0.0
1984-06-20 00:00:00-04:00,0.0,0.32680261055002496,0.32304635643959045,0.32304635643959045,59093,0.0,0.0
1984-06-21 00:00:00-04:00,0.0,0.32680261135101324,0.32304635723137215,0.3268026113510132,23637,0.0,0.0
1984-06-22 00:00:00-04:00,0.0,0.3293067514896393,0.32680244224474597,0.3293067514896393,215690,0.0,0.0
1984-06-25 00:00:00-04:00,0.0,0.3293069218917793,0.32680261135101324,0.3268026113510132,47275,0.0,0.0
1984-06-26 00:00:00-04:00,0.0,0.32680269877992774,0.31929001212120056,0.31929001212120056,200917,0.0,0.0
1984-06-27 00:00:00-04:00,0.0,0.31803794922739054,0.3167857229709625,0.3167857229709625,38411,0.0,0.0
1984-06-28 00:00:00-04:00,0.0,0.3255506157875061,0.31553361785498973,0.3255506157875061,218645,0.0,0.0
1984-06-29 00:00:00-04:00,0.0,0.3280546960575602,0.3255505266444662,0.3268026113510132,100458,0.0,0.0
1984-07-02 00:00:00-04:00,0.0,0.3280546960575602,0.32680261135101324,0.3268026113510132,50229,0.0,0.0
1984-07-03 00:00:00-04:00,0.0,0.3293067514896393,0.32680244224474597,0.3293067514896393,497860,0.0,0.0
1984-07-05 00:00:00-04:00,0.0,0.3293069819888771,0.32680267099108506,0.3280547559261322,31024,0.0,0.0
1984-07-06 00:00:00-04:00,0.0,0.3305590748786926,0.3280547638206354,0.3305590748786926,79776,0.0,0.0
1984-07-09 00:00:00-04:00,0.0,0.3355673551559448,0.33055887716322657,0.3355673551559448,50229,0.0,0.0
1984-07-10 00:00:00-04:00,0.0,0.3355673551559448,0.3330630455957773,0.3355673551559448,178757,0.0,0.0
1984-07-11 00:00:00-04:00,0.0,0.3355677960890325,0.3330634832382202,0.3330634832382202,161029,0.0,0.0
1984-07-12 00:00:00-04:00,0.0,0.3355677960890325,0.3330634832382202,0.3330634832382202,69434,0.0,0.0
1984-07-13 00:00:00-04:00,0.0,0.3355673551559448,0.3330630455957773,0.3355673551559448,13296,0.0,0.0
1984-07-16 00:00:00-04:00,0.0,0.3355673551559448,0.3330630455957773,0.3355673551559448,246714,0.0,0.0
1984-07-17 00:00:00-04:00,0.0,0.3380718529224396,0.33431559661444255,0.3380718529224396,493428,0.0,0.0
1984-07-18 00:00:00-04:00,0.0,0.3380718529224396,0.33431559661444255,0.3380718529224396,5909,0.0,0.0
1984-07-19 00:00:00-04:00,0.0,0.33681955933570856,0.33431539001125926,0.3368195593357086,443199,0.0,0.0
1984-07-20 00:00:00-04:00,0.0,0.33681964083766003,0.3293069899187709,0.33181115984916687,2269177,0.0,0.0
1984-07-23 00:00:00-04:00,0.0,0.3305590057881312,0.32304635643959045,0.32304635643959045,130005,0.0,0.0
1984-07-24 00:00:00-04:00,0.0,0.3230464435127484,0.32179418206214905,0.32179418206214905,14773,0.0,0.0
1984-07-25 00:00:00-04:00,0.0,0.32054215730827607,0.31553367507472985,0.3180379867553711,571726,0.0,0.0
1984-07-26 00:00:00-04:00,0.0,0.3180380094645925,0.31428161223927653,0.31553369760513306,177279,0.0,0.0
1984-07-27 00:00:00-04:00,0.0,0.3180379867553711,0.31553367507472985,0.3180379867553711,843555,0.0,0.0
1984-07-30 00:00:00-04:00,0.0,0.3180380094645925,0.31553369760513306,0.31553369760513306,48752,0.0,0.0
1984-07-31 00:00:00-04:00,0.0,0.3180380094645925,0.31553369760513306,0.31553369760513306,413652,0.0,0.0
1984-08-01 00:00:00-04:00,0.0,0.3180379867553711,0.31553367507472985,0.3180379867553711,515588,0.0,0.0
1984-08-02 00:00:00-04:00,0.0,0.32179418206214905,0.31678570077059065,0.32179418206214905,147733,0.0,0.0
1984-08-03 00:00:00-04:00,0.0,0.3355673551559448,0.32555039917050826,0.3355673551559448,1125724,0.0,0.0
1984-08-06 00:00:00-04:00,0.0,0.3418282503581909,0.3368197674864406,0.3380718529224396,1010493,0.0,0.0
1984-08-07 00:00:00-04:00,0.0,0.33807164399793327,0.33681955933570856,0.3368195593357086,35456,0.0,0.0
1984-08-08 00:00:00-04:00,0.0,0.33807164399793327,0.33681955933570856,0.3368195593357086,26592,0.0,0.0
1984-08-09 00:00:00-04:00,0.0,0.3355673551559448,0.3355673551559448,0.3355673551559448,7387,0.0,0.0
1984-08-10 00:00:00-04:00,0.0,0.3418281298001407,0.33932381868362427,0.33932381868362427,190575,0.0,0.0
1984-08-13 00:00:00-04:00,0.0,0.3405760448057347,0.33932381868362427,0.33932381868362427,69434,0.0,0.0
1984-08-14 00:00:00-04:00,0.0,0.3405760448057347,0.33932381868362427,0.33932381868362427,72389,0.0,0.0
1984-08-15 00:00:00-04:00,0.0,0.3405760448057347,0.33932381868362427,0.33932381868362427,87162,0.0,0.0
1984-08-16 00:00:00-04:00,0.0,0.33932381868362427,0.33932381868362427,0.33932381868362427,1477,0.0,0.0
1984-08-17 00:00:00-04:00,0.0,0.34308016283632226,0.3418280780315399,0.3418280780315399,66480,0.0,0.0
1984-08-20 00:00:00-04:00,0.0,0.34558466076850897,0.34182822829329546,0.3455846607685089,39888,0.0,0.0
1984-08-21 00:00:00-04:00,0.0,0.3480887390549455,0.3430802225544073,0.3443323075771332,199439,0.0,0.0
1984-08-22 00:00:00-04:00,0.0,0.34808874130249023,0.34808874130249023,0.34808874130249023,17728,0.0,0.0
1984-08-23 00:00:00-04:00,0.0,0.3443323075771332,0.3443323075771332,0.3443323075771332,1477,0.0,0.0
1984-08-24 00:00:00-04:00,0.0,0.3455845690094937,0.3443323075771332,0.3443323075771332,130005,0.0,0.0
1984-08-27 00:00:00-04:00,0.0,0.34433208579748925,0.3355673551559448,0.3355673551559448,296943,0.0,0.0
1984-08-28 00:00:00-04:00,0.0,0.33556759371043043,0.3343155086040497,0.3343155086040497,35456,0.0,0.0
1984-08-29 00:00:00-04:00,0.0,0.33807176392319194,0.3343155086040497,0.3343155086040497,416607,0.0,0.0
1984-08-30 00:00:00-04:00,0.0,0.3368198819505375,0.3318113973767152,0.3330634832382202,155119,0.0,0.0
1984-08-31 00:00:00-04:00,0.0,0.3330634832382202,0.3318113973767152,0.3330634832382202,32501,0.0,0.0
1984-09-04 00:00:00-04:00,0.0,0.3330634832382202,0.33055931151521023,0.3330634832382202,76821,0.0,0.0
1984-09-05 00:00:00-04:00,0.0,0.3330632367940184,0.3280547559261322,0.3280547559261322,127050,0.0,0.0
1984-09-06 00:00:00-04:00,0.0,0.3255505258465468,0.32304635643959045,0.32304635643959045,41365,0.0,0.0
1984-09-07 00:00:00-04:00,0.0,0.32304635643959045,0.32304635643959045,0.32304635643959045,56138,0.0,0.0
1984-09-10 00:00:00-04:00,0.0,0.32304639653286876,0.3080209195613861,0.3080209195613861,203871,0.0,0.0
1984-09-11 00:00:00-04:00,0.0,0.3142816434766426,0.30927316038766245,0.3117774724960327,146256,0.0,0.0
1984-09-12 00:00:00-04:00,0.0,0.3142816434766426,0.3117774724960327,0.3117774724960327,75344,0.0,0.0
1984-09-13 00:00:00-04:00,0.0,0.313029408454895,0.31052509754281243,0.313029408454895,208303,0.0,0.0
1984-09-14 00:00:00-04:00,0.0,0.3180379867553711,0.3117774192453724,0.3180379867553711,192053,0.0,0.0
1984-09-17 00:00:00-04:00,0.0,0.31929003435609893,0.31553363784225413,0.3167857229709625,236373,0.0,0.0
1984-09-18 00:00:00-04:00,0.0,0.31929001212120056,0.31678570091046077,0.31929001212120056,227509,0.0,0.0
1984-09-19 00:00:00-04:00,0.31929001212120056,0.31929001212120056,0.31929001212120056,0.31929001212120056,0,0.0,0.0
1984-09-20 00:00:00-04:00,0.31929001212120056,0.31929001212120056,0.31929001212120056,0.31929001212120056,0,0.0,0.0
1984-09-21 00:00:00-04:00,0.0,0.32179418206214905,0.3192900119802247,0.32179418206214905,228986,0.0,0.0
1984-09-24 00:00:00-04:00,0.0,0.31929001212120056,0.31929001212120056,0.31929001212120056,29547,0.0,0.0
1984-09-25 00:00:00-04:00,0.0,0.3192900720318236,0.3180379867553711,0.3180379867553711,82730,0.0,0.0
1984-09-26 00:00:00-04:00,0.0,0.3167857229709625,0.3167857229709625,0.3167857229709625,14773,0.0,0.0
1984-09-27 00:00:00-04:00,0.0,0.3167857229709625,0.3167857229709625,0.3167857229709625,11819,0.0,0.0
1984-09-28 00:00:00-04:00,0.0,0.3180378289135232,0.3142814338207245,0.3142814338207245,66480,0.0,0.0
1984-10-01 00:00:00-04:00,0.0,0.31553357823928463,0.313029408454895,0.313029408454895,161029,0.0,0.0
1984-10-02 00:00:00-04:00,0.0,0.31553357823928463,0.313029408454895,0.313029408454895,16251,0.0,0.0
1984-10-03 00:00:00-04:00,0.0,0.31553369760513306,0.31302952687342,0.31553369760513306,48752,0.0,0.0
1984-10-04 00:00:00-04:00,0.0,0.3142814338207245,0.3142814338207245,0.3142814338207245,1477,0.0,0.0
1984-10-05 00:00:00-04:00,0.0,0.3142814338207245,0.3142814338207245,0.3142814338207245,1477,0.0,0.0
1984-10-08 00:00:00-04:00,0.0,0.31553351847576866,0.3142814338207245,0.3142814338207245,130005,0.0,0.0
1984-10-09 00:00:00-04:00,0.0,0.31553369760513306,0.31428161223927653,0.31553369760513306,62048,0.0,0.0
1984-10-10 00:00:00-04:00,0.0,0.3142814338207245,0.3142814338207245,0.3142814338207245,14773,0.0,0.0
1984-10-11 00:00:00-04:00,0.0,0.31553369760513306,0.31428161223927653,0.31553369760513306,347172,0.0,0.0
1984-10-12 00:00:00-04:00,0.0,0.3167857229709625,0.31428155271354574,0.3167857229709625,28069,0.0,0.0
1984-10-15 00:00:00-04:00,0.3167857229709625,0.3167857229709625,0.3167857229709625,0.3167857229709625,0,0.0,0.0
1984-10-16 00:00:00-04:00,0.0,0.3167857829709896,0.31428161223927653,0.31553369760513306,51706,0.0,0.0
1984-10-17 00:00:00-04:00,0.0,0.3167857229709625,0.3167857229709625,0.3167857229709625,29547,0.0,0.0
1984-10-18 00:00:00-04:00,0.0,0.31553369760513306,0.31553369760513306,0.31553369760513306,44320,0.0,0.0
1984-10-19 00:00:00-04:00,0.0,0.3167857229709625,0.31553363784225413,0.3167857229709625,54661,0.0,0.0
1984-10-22 00:00:00-04:00,0.0,0.31553369760513306,0.31553369760513306,0.31553369760513306,14773,0.0,0.0
1984-10-23 00:00:00-04:00,0.0,0.31553369760513306,0.31553369760513306,0.31553369760513306,1477,0.0,0.0
1984-10-24 00:00:00-04:00,0.0,0.31803794922739054,0.31553363784225413,0.3167857229709625,32501,0.0,0.0
1984-10-25 00:00:00-04:00,0.0,0.31929001212120056,0.31678570091046077,0.31929001212120056,59093,0.0,0.0
1984-10-26 00:00:00-04:00,0.0,0.3192900720318236,0.31678576035118233,0.3180379867553711,132960,0.0,0.0
1984-10-29 00:00:00-05:00,0.0,0.31929001212120056,0.31678570091046077,0.31929001212120056,67957,0.0,0.0
1984-10-30 00:00:00-05:00,0.0,0.31929001212120056,0.31678570091046077,0.31929001212120056,121141,0.0,0.0
1984-10-31 00:00:00-05:00,0.0,0.32054215730827607,0.3180379867553711,0.3180379867553711,62048,0.0,0.0
1984-11-01 00:00:00-05:00,0.0,0.32054209716271553,0.31803792707968553,0.31929001212120056,192053,0.0,0.0
1984-11-02 00:00:00-05:00,0.0,0.32054209716271553,0.31929001212120056,0.31929001212120056,66480,0.0,0.0
1984-11-05 00:00:00-05:00,0.0,0.3230463234431335,0.31928989330679697,0.32054197788238525,270351,0.0,0.0
1984-11-06 00:00:00-05:00,0.0,0.326802700836902,0.3205420991802841,0.3255506157875061,112277,0.0,0.0
1984-11-07 00:00:00-05:00,0.0,0.3268027309488832,0.32304647545458975,0.32429856061935425,138869,0.0,0.0
1984-11-08 00:00:00-05:00,0.0,0.3280547559261322,0.325550586056038,0.3280547559261322,103413,0.0,0.0
1984-11-09 00:00:00-05:00,0.0,0.3305590748786926,0.3293069899135146,0.3305590748786926,26592,0.0,0.0
1984-11-12 00:00:00-05:00,0.0,0.33181115984916687,0.3305590748839689,0.33181115984916687,25115,0.0,0.0
1984-11-13 00:00:00-05:00,0.0,0.33306324480904864,0.3305590748786926,0.3305590748786926,59093,0.0,0.0
1984-11-14 00:00:00-05:00,0.0,0.33306324480904864,0.3305590748786926,0.3305590748786926,158074,0.0,0.0
1984-11-15 00:00:00-05:00,0.0,0.3305590748786926,0.3280547638206354,0.3305590748786926,97504,0.0,0.0
1984-11-16 00:00:00-05:00,0.0,0.33055906692392417,0.3280547559261322,0.3280547559261322,78298,0.0,0.0
1984-11-19 00:00:00-05:00,0.0,0.33055906692392417,0.3280547559261322,0.3280547559261322,33979,0.0,0.0
1984-11-20 00:00:00-05:00,0.0,0.3293069819888771,0.3280547559261322,0.3280547559261322,200917,0.0,0.0
1984-11-21 00:00:00-05:00,0.0,0.3293067514896393,0.3280545263033931,0.3293067514896393,17728,0.0,0.0
1984-11-23 00:00:00-05:00,0.0,0.3293069819888771,0.3280547559261322,0.3280547559261322,39888,0.0,0.0
1984-11-26 00:00:00-05:00,0.0,0.3305590748786926,0.3280547638206354,0.3305590748786926,57616,0.0,0.0
1984-11-27 00:00:00-05:00,0.0,0.33055906692392417,0.3280547559261322,0.3280547559261322,35456,0.0,0.0
1984-11-28 00:00:00-05:00,0.0,0.3293069218917793,0.32680261135101324,0.3268026113510132,267396,0.0,0.0
1984-11-29 00:00:00-05:00,0.0,0.3280547559261322,0.3280547559261322,0.3280547559261322,1477,0.0,0.0
1984-11-30 00:00:00-05:00,0.0,0.3280547858862979,0.3255506157875061,0.3255506157875061,267396,0.0,0.0
1984-12-03 00:00:00-05:00,0.0,0.3280547559261322,0.325550586056038,0.3280547559261322,23637,0.0,0.0
1984-12-04 00:00:00-05:00,0.0,0.3268027309488832,0.32429856061935425,0.32429856061935425,358991,0.0,0.0
1984-12-05 00:00:00-05:00,0.0,0.32304650427085135,0.31553367507472985,0.3180379867553711,181711,0.0,0.0
1984-12-06 00:00:00-05:00,0.0,0.3142814338207245,0.3142814338207245,0.3142814338207245,23637,0.0,0.0
1984-12-07 00:00:00-05:00,0.0,0.31553369760513306,0.31428161223927653,0.31553369760513306,44320,0.0,0.0
1984-12-10 00:00:00-05:00,0.0,0.31553357823928463,0.313029408454895,0.313029408454895,132960,0.0,0.0
1984-12-11 00:00:00-05:00,0.0,0.31553357823928463,0.313029408454895,0.313029408454895,53184,0.0,0.0
1984-12-12 00:00:00-05:00,0.0,0.31302936014181465,0.28798692524259,0.29174333810806274,542180,0.0,0.0
1984-12-13 00:00:00-05:00,0.0,0.29800404936318464,0.2917434643899079,0.29549986124038696,1329596,0.0,0.0
1984-12-14 00:00:00-05:00,0.0,0.30050840973854065,0.29174351173335356,0.30050840973854065,630819,0.0,0.0
1984-12-17 00:00:00-05:00,0.0,0.30050840973854065,0.29800409772258335,0.30050840973854065,224554,0.0,0.0
1984-12-18 00:00:00-05:00,0.0,0.3005081030270117,0.2992558777332306,0.2992558777332306,183189,0.0,0.0
1984-12-19 00:00:00-05:00,0.0,0.3005083426381056,0.29800403118133545,0.29800403118133545,107845,0.0,0.0
1984-12-20 00:00:00-05:00,0.0,0.3005082522958971,0.29675185680389404,0.29675185680389404,81253,0.0,0.0
1984-12-21 00:00:00-05:00,0.0,0.2992561346041002,0.29549986124038696,0.29549986124038696,291034,0.0,0.0
1984-12-24 00:00:00-05:00,0.0,0.29675185680389404,0.2954997543748266,0.29675185680389404,147733,0.0,0.0
1984-12-26 00:00:00-05:00,0.0,0.29800394159200133,0.2954997543748266,0.29675185680389404,177279,0.0,0.0
1984-12-27 00:00:00-05:00,0.0,0.29800403118133545,0.29675194601681215,0.29800403118133545,104890,0.0,0.0
1984-12-28 00:00:00-05:00,0.0,0.30050840973854065,0.2967520122784823,0.30050840973854065,162506,0.0,0.0
1984-12-31 00:00:00-05:00,0.0,0.30301258015115073,0.30050840926687905,0.3017604947090149,166938,0.0,0.0
1985-01-02 00:00:00-05:00,0.0,0.30301258062674274,0.30050840973854065,0.30050840973854065,107845,0.0,0.0
1985-01-03 00:00:00-05:00,0.0,0.3067687451839447,0.30050818158878634,0.3067687451839447,246714,0.0,0.0
1985-01-04 00:00:00-05:00,0.0,0.3092730044202605,0.3055166087159481,0.3080209195613861,214213,0.0,0.0
1985-01-07 00:00:00-05:00,0.0,0.313029408454895,0.30676884286622796,0.313029408454895,472745,0.0,0.0
1985-01-08 00:00:00-05:00,0.0,0.3217942046135157,0.3105251561997009,0.3167857229709625,874578,0.0,0.0
1985-01-09 00:00:00-05:00,0.0,0.3180379419630689,0.3092730640068699,0.31052514910697937,2193833,0.0,0.0
1985-01-10 00:00:00-05:00,0.0,0.311777224285601,0.3067687451839447,0.3067687451839447,520020,0.0,0.0
1985-01-11 00:00:00-05:00,0.0,0.3092729960662503,0.30426451563835144,0.30426451563835144,397401,0.0,0.0
1985-01-14 00:00:00-05:00,0.0,0.3055166904626306,0.30301252007484436,0.30301252007484436,81253,0.0,0.0
1985-01-15 00:00:00-05:00,0.0,0.3055167515149448,0.30050840973854065,0.30050840973854065,199439,0.0,0.0
1985-01-16 00:00:00-05:00,0.0,0.30301252007484436,0.2980040381715449,0.30301252007484436,2954657,0.0,0.0
1985-01-17 00:00:00-05:00,0.0,0.3042646655932866,0.3017604947090149,0.3017604947090149,146256,0.0,0.0
1985-01-18 00:00:00-05:00,0.0,0.3017604951826417,0.30050840973854065,0.30050840973854065,106368,0.0,0.0
1985-01-21 00:00:00-05:00,0.0,0.3017604951826417,0.30050840973854065,0.30050840973854065,1530512,0.0,0.0
1985-01-22 00:00:00-05:00,0.0,0.3080209195613861,0.30050826928045055,0.3080209195613861,1923482,0.0,0.0
1985-01-23 00:00:00-05:00,0.0,0.3080209195613861,0.3055166087159481,0.3080209195613861,325012,0.0,0.0
1985-01-24 00:00:00-05:00,0.0,0.313029408454895,0.30676884286622796,0.313029408454895,929240,0.0,0.0
1985-01-25 00:00:00-05:00,0.0,0.31553369760513306,0.3117774415075635,0.31553369760513306,73866,0.0,0.0
1985-01-28 00:00:00-05:00,0.0,0.31678565481550686,0.30802091967253414,0.30927300453186035,920376,0.0,0.0
1985-01-29 00:00:00-05:00,0.0,0.31052514910697937,0.30802097890676045,0.31052514910697937,137392,0.0,0.0
1985-01-30 00:00:00-05:00,0.0,0.3130295579863377,0.3080210748973575,0.3117774724960327,168415,0.0,0.0
1985-01-31 00:00:00-05:00,0.0,0.313029408454895,0.30927301265061763,0.313029408454895,209781,0.0,0.0
1985-02-01 00:00:00-05:00,0.0,0.32054209716271553,0.3130294457859158,0.31929001212120056,601273,0.0,0.0
1985-02-04 00:00:00-05:00,0.0,0.3268027309488832,0.32054212871540616,0.32429856061935425,616046,0.0,0.0
1985-02-05 00:00:00-05:00,0.0,0.3405759544500496,0.32805468444480185,0.3368195593357086,514110,0.0,0.0
1985-02-06 00:00:00-05:00,0.0,0.3393240536735475,0.3330634832382202,0.3330634832382202,301375,0.0,0.0
1985-02-07 00:00:00-05:00,0.0,0.34934085607528687,0.33556760202640873,0.34934085607528687,587977,0.0,0.0
1985-02-08 00:00:00-05:00,0.0,0.35560137033462524,0.3493408044451246,0.35560137033462524,623433,0.0,0.0
1985-02-11 00:00:00-05:00,0.0,0.36060985922813416,0.35434929320050257,0.36060985922813416,580590,0.0,0.0
1985-02-12 00:00:00-05:00,0.0,0.3606096798007157,0.35560120124512273,0.3593575954437256,413652,0.0,0.0
1985-02-13 00:00:00-05:00,0.0,0.36060958915076724,0.35685319589644554,0.3581054210662842,141824,0.0,0.0
1985-02-14 00:00:00-05:00,0.0,0.3618620275081352,0.35434937477111816,0.35434937477111816,252623,0.0,0.0
1985-02-15 00:00:00-05:00,0.0,0.35810542106628424,0.3543490278119625,0.3581054210662842,319103,0.0,0.0
1985-02-19 00:00:00-05:00,0.0,0.35810542106628424,0.355601111854204,0.3581054210662842,471268,0.0,0.0
1985-02-20 00:00:00-05:00,0.0,0.3593575051085257,0.35685319589644554,0.3581054210662842,338308,0.0,0.0
1985-02-21 00:00:00-05:00,0.0,0.3593576462917753,0.35685333609580994,0.35685333609580994,265919,0.0,0.0
1985-02-22 00:00:00-05:00,0.0,0.35560137033462524,0.3518451154775447,0.35560137033462524,168415,0.0,0.0
1985-02-25 00:00:00-05:00,0.0,0.35560137033462524,0.3505928893974848,0.35560137033462524,122618,0.0,0.0
1985-02-26 00:00:00-05:00,0.0,0.3752329767280829,0.37126935113787407,0.3739117681980133,187621,0.12572,0.0
1985-02-27 00:00:00-05:00,0.0,0.3739116422442486,0.3712692260742188,0.37126922607421875,79776,0.0,0.0
1985-02-28 00:00:00-05:00,0.0,0.36994776129722595,0.36598413819686326,0.36994776129722595,174325,0.0,0.0
1985-03-01 00:00:00-05:00,0.0,0.3725904341592337,0.36730545290031863,0.37126922607421875,932194,0.0,0.0
1985-03-04 00:00:00-05:00,0.0,0.3739117681980133,0.3686267851588293,0.3739117681980133,193530,0.0,0.0
1985-03-05 00:00:00-05:00,0.0,0.3739116422442486,0.3712692260742188,0.37126922607421875,19205,0.0,0.0
1985-03-06 00:00:00-05:00,0.0,0.37523277869121496,0.3712691551928905,0.3725903630256653,342740,0.0,0.0
1985-03-07 00:00:00-05:00,0.0,0.3739116422442486,0.3712692260742188,0.37126922607421875,125573,0.0,0.0
1985-03-08 00:00:00-05:00,0.0,0.3739115708584401,0.3699477984412887,0.3725903630256653,149210,0.0,0.0
1985-03-11 00:00:00-05:00,0.0,0.37391153331640065,0.36994776129722595,0.36994776129722595,79776,0.0,0.0
1985-03-12 00:00:00-05:00,0.0,0.3725904341592337,0.3686266609853336,0.37126922607421875,115232,0.0,0.0
1985-03-13 00:00:00-05:00,0.0,0.37126911791615885,0.36994776129722595,0.36994776129722595,91594,0.0,0.0
1985-03-14 00:00:00-05:00,0.0,0.3712692260742188,0.3659842448153037,0.37126922607421875,390015,0.0,0.0
1985-03-15 00:00:00-05:00,0.0,0.36994790381251463,0.3673054873943329,0.3673054873943329,147733,0.0,0.0
1985-03-18 00:00:00-05:00,0.0,0.3699479220268871,0.3673055054786061,0.3686267137527466,149210,0.0,0.0
1985-03-19 00:00:00-05:00,0.0,0.36994776129722595,0.36730534589698416,0.36994776129722595,135914,0.0,0.0
1985-03-20 00:00:00-05:00,0.0,0.36994776129722595,0.36730534589698416,0.36994776129722595,20683,0.0,0.0
1985-03-21 00:00:00-05:00,0.0,0.36994790381251463,0.3673054873943329,0.3673054873943329,214213,0.0,0.0
1985-03-22 00:00:00-05:00,0.0,0.36994776129722595,0.36598413819686326,0.36994776129722595,199439,0.0,0.0
1985-03-25 00:00:00-05:00,0.0,0.36994776129722595,0.36730534589698416,0.36994776129722595,110800,0.0,0.0
1985-03-26 00:00:00-05:00,0.0,0.36994790381251463,0.3673054873943329,0.3673054873943329,137392,0.0,0.0
1985-03-27 00:00:00-05:00,0.0,0.3699479220268871,0.3673055054786061,0.3686267137527466,305807,0.0,0.0
1985-03-28 00:00:00-05:00,0.0,0.38183891009102444,0.36994774352360676,0.37919649481773376,363423,0.0,0.0
1985-03-29 00:00:00-05:00,0.0,0.3950514495372772,0.38316024636944657,0.3950514495372772,11068145,0.0,0.0
1985-04-01 00:00:00-05:00,0.0,0.40826415442733555,0.3963729788372189,0.40562158823013306,416607,0.0,0.0
1985-04-02 00:00:00-05:00,0.0,0.4056214625659855,0.40297904610633856,0.4029790461063385,104890,0.0,0.0
1985-04-03 00:00:00-05:00,0.0,0.4109064457371614,0.40297904741363166,0.40958523750305176,500814,0.0,0.0
1985-04-04 00:00:00-05:00,0.0,0.41751259565353394,0.4122276143067441,0.41751259565353394,140346,0.0,0.0
1985-04-08 00:00:00-05:00,0.0,0.41883388161659246,0.41619146491143366,0.4188338816165924,91594,0.0,0.0
1985-04-09 00:00:00-05:00,0.0,0.41883363543551433,0.4135488051315022,0.4161912202835083,248191,0.0,0.0
1985-04-10 00:00:00-05:00,0.0,0.41619132103020967,0.4122275484238991,0.41487011313438416,1240956,0.0,0.0
1985-04-11 00:00:00-05:00,0.0,0.4135488834288217,0.40562133863428335,0.4069426953792572,354559,0.0,0.0
1985-04-12 00:00:00-05:00,0.0,0.40958523750305176,0.40430025564774125,0.40958523750305176,4954960,0.0,0.0
1985-04-15 00:00:00-05:00,0.0,0.412227653971271,0.4082640292689422,0.40958523750305176,457972,0.0,0.0
1985-04-16 00:00:00-05:00,0.0,0.41222760557934957,0.40562141626543835,0.4082639813423157,231941,0.0,0.0
1985-04-17 00:00:00-05:00,0.0,0.40826415442733555,0.40562158823013306,0.40562158823013306,288079,0.0,0.0
1985-04-18 00:00:00-05:00,0.0,0.40826390320540484,0.40562133863428335,0.4069426953792572,57616,0.0,0.0
1985-04-19 00:00:00-05:00,0.0,0.41090652346611023,0.4082641064980394,0.41090652346611023,295466,0.0,0.0
1985-04-22 00:00:00-05:00,0.0,0.41751259565353394,0.40958519809277816,0.41751259565353394,1542331,0.0,0.0
1985-04-23 00:00:00-05:00,0.0,0.42279770970344543,0.416191481528183,0.42279770970344543,553998,0.0,0.0
1985-04-24 00:00:00-05:00,0.0,0.4267614483833313,0.4214764662821934,0.4267614483833313,319103,0.0,0.0
1985-04-25 00:00:00-05:00,0.0,0.4320464134216308,0.4254402232858269,0.43204641342163086,360468,0.0,0.0
1985-04-26 00:00:00-05:00,0.0,0.4320463652642592,0.42808259205704335,0.43072500824928284,143301,0.0,0.0
1985-04-29 00:00:00-04:00,0.0,0.4307248815403928,0.4280824661254883,0.4280824661254883,44320,0.0,0.0
1985-04-30 00:00:00-04:00,0.0,0.4307251575535722,0.4241189658641815,0.4241189658641815,407743,0.0,0.0
1985-05-01 00:00:00-04:00,0.0,0.4254403683082412,0.41354915499687195,0.41354915499687195,298420,0.0,0.0
1985-05-02 00:00:00-04:00,0.0,0.41487029783711676,0.40958531498207484,0.41090652346611023,313194,0.0,0.0
1985-05-03 00:00:00-04:00,0.0,0.4135491670804562,0.4095853919644504,0.4122278094291687,276260,0.0,0.0
1985-05-06 00:00:00-04:00,0.0,0.412227653971271,0.40958523750305176,0.40958523750305176,38411,0.0,0.0
1985-05-07 00:00:00-04:00,0.0,0.4161912202835083,0.40958503348469516,0.4161912202835083,249669,0.0,0.0
1985-05-08 00:00:00-04:00,0.0,0.41883363543551433,0.41487001270750523,0.4161912202835083,56138,0.0,0.0
1985-05-09 00:00:00-04:00,0.0,0.42279770970344543,0.416191481528183,0.42279770970344543,195007,0.0,0.0
1985-05-10 00:00:00-04:00,0.0,0.4360099136829376,0.42279753718310037,0.4360099136829376,1105042,0.0,0.0
1985-05-13 00:00:00-04:00,0.0,0.4346887372695058,0.42279756777547645,0.42544013261795044,441721,0.0,0.0
1985-05-14 00:00:00-04:00,0.0,0.4254402573110723,0.42015527499597993,0.42147648334503174,286602,0.0,0.0
1985-05-15 00:00:00-04:00,0.0,0.42147648334503174,0.41751267214926985,0.42147648334503174,88640,0.0,0.0
1985-05-16 00:00:00-04:00,0.0,0.42279755175853173,0.4161913260511638,0.4194944202899933,91003,0.0,1.25
1985-05-17 00:00:00-04:00,0.0,0.42775237560272217,0.4161914311580387,0.42775237560272217,717391,0.0,0.0
1985-05-20 00:00:00-04:00,0.0,0.44096457958221436,0.4244491108206163,0.44096457958221436,301375,0.0,0.0
1985-05-21 00:00:00-04:00,0.0,0.44096482535248266,0.4393132030963897,0.43931320309638977,192644,0.0,0.0
1985-05-22 00:00:00-04:00,0.0,0.44096467328297606,0.4294037682338691,0.4327068626880646,303739,0.0,0.0
1985-05-23 00:00:00-04:00,0.0,0.43435832858085627,0.4327067074867319,0.4343583285808563,47275,0.0,0.0
1985-05-24 00:00:00-04:00,0.0,0.4343587615783758,0.43105566501617426,0.4310556650161743,89822,0.0,0.0
1985-05-28 00:00:00-04:00,0.0,0.4543730914592743,0.4526389271748261,0.4543730914592743,16546,0.13163,0.0
1985-05-29 00:00:00-04:00,0.0,0.4543734174761299,0.45263925194740295,0.45263925194740295,33092,0.0,0.0
1985-05-30 00:00:00-04:00,0.0,0.4578416049480439,0.45263895539491905,0.4578416049480438,269465,0.0,0.0
1985-05-31 00:00:00-04:00,0.0,0.4578415764035881,0.4526389271748261,0.4543730914592743,89822,0.0,0.0
1985-06-03 00:00:00-04:00,0.0,0.4595758026329701,0.45610731840133667,0.45610731840133667,93367,0.0,0.0
1985-06-04 00:00:00-04:00,0.0,0.4630444364515265,0.456107465747265,0.45957595109939575,382924,0.0,0.0
1985-06-05 00:00:00-04:00,0.0,0.4613102972507477,0.4595761320794896,0.4613102972507477,304921,0.0,0.0
1985-06-06 00:00:00-04:00,0.0,0.46477887034416193,0.46131038298155824,0.464778870344162,320285,0.0,0.0
1985-06-07 00:00:00-04:00,0.0,0.4717159569263458,0.4682472747091638,0.4717159569263458,191462,0.0,0.0
1985-06-10 00:00:00-04:00,0.0,0.4717159569263458,0.4699816353646921,0.4717159569263458,98095,0.0,0.0
1985-06-11 00:00:00-04:00,0.0,0.47865257058016697,0.47344976618207285,0.4769182503223419,262374,0.0,0.0
1985-06-12 00:00:00-04:00,0.0,0.4925266206264496,0.4751841959291606,0.4925266206264496,1353233,0.0,0.0
1985-06-13 00:00:00-04:00,0.0,0.49426116116533886,0.47865304524379143,0.48038721084594727,624024,0.0,0.0
1985-06-14 00:00:00-04:00,0.0,0.48038721084594727,0.4751845576639435,0.48038721084594727,130005,0.0,0.0
1985-06-17 00:00:00-04:00,0.0,0.4803867305396538,0.4786525666713714,0.47865256667137146,908852,0.0,0.0
1985-06-18 00:00:00-04:00,0.0,0.48558962345123285,0.47865265396226303,0.4855896234512329,1152316,0.0,0.0
1985-06-19 00:00:00-04:00,0.0,0.48905831575393677,0.48558982953741303,0.48905831575393677,650025,0.0,0.0
1985-06-20 00:00:00-04:00,0.0,0.4907924806744613,0.48732399445793756,0.48905831575393677,460926,0.0,0.0
1985-06-21 00:00:00-04:00,0.0,0.4890579319095085,0.4855894484152759,0.4873236119747162,269465,0.0,0.0
1985-06-24 00:00:00-04:00,0.0,0.4855896245168824,0.48212113976478577,0.48212113976478577,275374,0.0,0.0
1985-06-25 00:00:00-04:00,0.0,0.4855895348952605,0.47518408255942685,0.47865256667137146,794212,0.0,0.0
1985-06-26 00:00:00-04:00,0.0,0.47865265715954497,0.4751841723918914,0.4751841723918915,21274,0.0,0.0
1985-06-27 00:00:00-04:00,0.0,0.4769183365880135,0.4717156876242379,0.4751841723918915,399470,0.0,0.0
1985-06-28 00:00:00-04:00,0.0,0.48212105472043604,0.4769182503223419,0.4769182503223419,1080223,0.0,0.0
1985-07-01 00:00:00-04:00,0.0,0.48212113976478577,0.4769183344489364,0.48212113976478577,148915,0.0,0.0
1985-07-02 00:00:00-04:00,0.0,0.48905831575393677,0.48212134332088935,0.48905831575393677,846214,0.0,0.0
1985-07-03 00:00:00-04:00,0.0,0.4959951639175415,0.48905819322252203,0.4959951639175415,632297,0.0,0.0
1985-07-05 00:00:00-04:00,0.0,0.4994636883589101,0.4959951639175415,0.4959951639175415,75639,0.0,0.0
1985-07-08 00:00:00-04:00,0.0,0.4994639456272125,0.49772958477853113,0.4994639456272125,91003,0.0,0.0
1985-07-09 00:00:00-04:00,0.0,0.5150720525661614,0.4994637872250777,0.5133377313613892,965582,0.0,0.0
1985-07-10 00:00:00-04:00,0.0,0.530680239200592,0.5133377686757183,0.530680239200592,229281,0.0,0.0
1985-07-11 00:00:00-04:00,0.0,0.5445541186161765,0.5306800227546568,0.5428197979927063,980946,0.0,0.0
1985-07-12 00:00:00-04:00,0.0,0.565365195274353,0.5428199212102026,0.565365195274353,1467874,0.0,0.0
1985-07-15 00:00:00-04:00,0.0,0.5670996904373169,0.5618970371045088,0.5670996904373169,228100,0.0,0.0
1985-07-16 00:00:00-04:00,0.0,0.5792389512062073,0.5653650130427098,0.5792389512062073,1088496,0.0,0.0
1985-07-17 00:00:00-04:00,0.0,0.5792393418298812,0.5757708549499512,0.5757708549499512,830850,0.0,0.0
1985-07-18 00:00:00-04:00,0.0,0.5757709217463347,0.5688339471817017,0.5688339471817017,793030,0.0,0.0
1985-07-19 00:00:00-04:00,0.0,0.5670994294087321,0.556693971157074,0.556693971157074,917126,0.0,0.0
1985-07-22 00:00:00-04:00,0.0,0.554959774017334,0.5497569279125859,0.554959774017334,569658,0.0,0.0
1985-07-23 00:00:00-04:00,0.0,0.5601624246527576,0.5514912490413668,0.554959774017334,381742,0.0,0.0
1985-07-24 00:00:00-04:00,0.0,0.5549596123246093,0.5410854773692361,0.5428197979927063,395924,0.0,0.0
1985-07-25 00:00:00-04:00,0.0,0.5462885278908665,0.5410857200622559,0.5410857200622559,257646,0.0,0.0
1985-07-26 00:00:00-04:00,0.0,0.5445543628649857,0.5393515550363752,0.5410857200622559,307284,0.0,0.0
1985-07-29 00:00:00-04:00,0.0,0.5428197117559782,0.5220087667391612,0.5254772901535034,264737,0.0,0.0
1985-07-30 00:00:00-04:00,0.0,0.5254775401477951,0.520274693910273,0.522009015083313,685480,0.0,0.0
1985-07-31 00:00:00-04:00,0.0,0.5237431526184082,0.5168061810382669,0.5237431526184082,842668,0.0,0.0
1985-08-01 00:00:00-04:00,0.0,0.5462887287139893,0.5237434413673271,0.5462887287139893,562567,0.0,0.0
1985-08-02 00:00:00-04:00,0.0,0.5514909928923236,0.5480225086212158,0.5480225086212158,1010493,0.0,0.0
1985-08-05 00:00:00-04:00,0.0,0.5480228512819264,0.5081351399421692,0.5081351399421692,859214,0.0,0.0
1985-08-06 00:00:00-04:00,0.0,0.509869222253959,0.4994637646226085,0.5029322504997253,3003113,0.0,0.0
1985-08-07 00:00:00-04:00,0.0,0.5011980721885577,0.48038711190196137,0.49079257249832153,878124,0.0,0.0
1985-08-08 00:00:00-04:00,0.0,0.4977293284035786,0.49252667857003174,0.4959951639175415,229281,0.0,0.0
1985-08-09 00:00:00-04:00,0.0,0.5011979341506958,0.49599524437929504,0.5011979341506958,856851,0.0,0.0
1985-08-12 00:00:00-04:00,0.0,0.5011981110064989,0.49772958477853113,0.4994639456272125,440835,0.0,0.0
1985-08-13 00:00:00-04:00,0.0,0.5011978857262038,0.4977293610572815,0.4977293610572815,667752,0.0,0.0
1985-08-14 00:00:00-04:00,0.0,0.5011981110064989,0.4959954193992448,0.4994639456272125,1089677,0.0,0.0
1985-08-15 00:00:00-04:00,0.0,0.5011981110064989,0.49772958477853113,0.4994639456272125,761120,0.0,0.0
1985-08-16 00:00:00-04:00,0.0,0.5011978857262038,0.4977293610572815,0.4977293610572815,224554,0.0,0.0
1985-08-19 00:00:00-04:00,0.0,0.49946371412196006,0.4387650219403203,0.4404991865158081,2380272,0.0,0.0
1985-08-20 00:00:00-04:00,0.0,0.44396766129626514,0.4023457614639892,0.4162197411060333,5336110,0.0,0.0
1985-08-21 00:00:00-04:00,0.0,0.43876533601322054,0.41448576357326633,0.4266255497932434,3616500,0.0,0.0
1985-08-22 00:00:00-04:00,0.0,0.426625321217647,0.4144855415018722,0.4179540276527405,860396,0.0,0.0
1985-08-23 00:00:00-04:00,0.0,0.4231566498202956,0.4162196805553757,0.4196881651878357,2304632,0.0,0.0
1985-08-26 00:00:00-04:00,0.0,0.4352964162826538,0.41621967296434487,0.4352964162826538,668934,0.0,0.0
1985-08-27 00:00:00-04:00,0.0,0.4352964162826538,0.42489080619964864,0.4352964162826538,508201,0.0,0.0
1985-08-28 00:00:00-04:00,0.0,0.4439679682254791,0.4318281445715982,0.4439679682254791,2552824,0.0,0.0
1985-08-29 00:00:00-04:00,0.0,0.4491704416890953,0.44223347180882944,0.4457019567489624,803667,0.0,0.0
1985-08-30 00:00:00-04:00,0.0,0.44917053450951705,0.4457020488526267,0.44743621349334717,262374,0.0,0.0
1985-09-03 00:00:00-04:00,0.0,0.4509048503431145,0.44049935078951374,0.44223371148109436,354559,0.0,0.0
1985-09-04 00:00:00-04:00,0.0,0.43876490085185543,0.4335620958103528,0.4352964162826538,154824,0.0,0.0
1985-09-05 00:00:00-04:00,0.0,0.4404991865158081,0.43529653641390115,0.4404991865158081,127641,0.0,0.0
1985-09-06 00:00:00-04:00,0.0,0.46137118966669455,0.44860594330174147,0.452253133058548,340376,0.13163,0.0
1985-09-09 00:00:00-04:00,0.0,0.45225320634168725,0.4504295289516449,0.4504295289516449,89822,0.0,0.0
1985-09-10 00:00:00-04:00,0.0,0.45225320634168725,0.4467823386038474,0.4504295289516449,351013,0.0,0.0
1985-09-11 00:00:00-04:00,0.0,0.44678215233969965,0.44313496351242065,0.44313496351242065,325012,0.0,0.0
1985-09-12 00:00:00-04:00,0.0,0.4467823189153004,0.4413116158508277,0.44495880603790283,483382,0.0,0.0
1985-09-13 00:00:00-04:00,0.0,0.4413119854070137,0.43219387897958184,0.4358411133289337,273010,0.0,0.0
1985-09-16 00:00:00-04:00,0.0,0.43401747470909663,0.43037024140357977,0.4303702414035797,381742,0.0,0.0
1985-09-17 00:00:00-04:00,0.0,0.43036994746281154,0.41942837834358215,0.41942837834358215,697299,0.0,0.0
1985-09-18 00:00:00-04:00,0.0,0.4230753306710456,0.41760446696489184,0.42125165462493896,510565,0.0,0.0
1985-09-19 00:00:00-04:00,0.0,0.43037024140357977,0.4230758570087313,0.4303702414035797,424289,0.0,0.0
1985-09-20 00:00:00-04:00,0.0,0.43766466690652084,0.43037024140357977,0.4303702414035797,127641,0.0,0.0
1985-09-23 00:00:00-04:00,0.0,0.4358407539017376,0.4321935225601681,0.43401724100112915,24819,0.0,0.0
1985-09-24 00:00:00-04:00,0.0,0.43401709923926074,0.41760462522506714,0.41760462522506714,180825,0.0,0.0
1985-09-25 00:00:00-04:00,0.0,0.4176049334129623,0.4048396390203476,0.40666335821151733,364014,0.0,0.0
1985-09-26 00:00:00-04:00,0.0,0.41213420033454895,0.39389819450701813,0.41213420033454895,206826,0.0,0.0
1985-09-30 00:00:00-04:00,0.0,0.4303697443376316,0.41578082796538596,0.42672255635261536,261192,0.0,0.0
1985-10-01 00:00:00-04:00,0.0,0.4413115382194519,0.42672273892940554,0.4413115382194519,245827,0.0,0.0
1985-10-02 00:00:00-04:00,0.0,0.454076619412562,0.4413115382194519,0.4413115382194519,594477,0.0,0.0
1985-10-03 00:00:00-04:00,0.0,0.44313520318574307,0.4285463988780975,0.42854639887809753,204462,0.0,0.0
1985-10-04 00:00:00-04:00,0.0,0.43401726603340435,0.4285463570434055,0.4321935474872589,108731,0.0,0.0
1985-10-07 00:00:00-04:00,0.0,0.43037024140357977,0.4267230492061555,0.4303702414035797,134732,0.0,0.0
1985-10-08 00:00:00-04:00,0.0,0.4267227577564017,0.41942837834358215,0.41942837834358215,148915,0.0,0.0
1985-10-09 00:00:00-04:00,0.0,0.43219325611404935,0.4194281803825829,0.42672255635261536,237554,0.0,0.0
1985-10-10 00:00:00-04:00,0.0,0.4303701481862216,0.42307576537132263,0.42307576537132263,325012,0.0,0.0
1985-10-11 00:00:00-04:00,0.0,0.42672255635261536,0.42125169215900066,0.42672255635261536,49638,0.0,0.0
1985-10-14 00:00:00-04:00,0.0,0.43401724100112915,0.42672281942606066,0.43401724100112915,496382,0.0,0.0
1985-10-15 00:00:00-04:00,0.0,0.44131162146812714,0.43401724100112915,0.43401724100112915,65002,0.0,0.0
1985-10-16 00:00:00-04:00,0.0,0.4376644790172577,0.4321935697455035,0.4376644790172577,174916,0.0,0.0
1985-10-17 00:00:00-04:00,0.0,0.4413119854070137,0.4358411133289337,0.4358411133289337,82730,0.0,0.0
1985-10-18 00:00:00-04:00,0.0,0.43401724100112915,0.43401724100112915,0.43401724100112915,36638,0.0,0.0
1985-10-21 00:00:00-04:00,0.0,0.4321935474872589,0.4285463570434055,0.4321935474872589,72094,0.0,0.0
1985-10-22 00:00:00-04:00,0.0,0.43401724100112915,0.42672281942606066,0.43401724100112915,132369,0.0,0.0
1985-10-23 00:00:00-04:00,0.0,0.4413118208857701,0.4376646290041974,0.43948814272880554,225736,0.0,0.0
1985-10-24 00:00:00-04:00,0.0,0.4504297965135597,0.43948821897070955,0.4486062824726105,150097,0.0,0.0
1985-10-25 00:00:00-04:00,0.0,0.452253133058548,0.44860594330174147,0.452253133058548,47275,0.0,0.0
1985-10-28 00:00:00-05:00,0.0,0.4486062374467123,0.4394881748599768,0.44678255915641785,163097,0.0,0.0
1985-10-29 00:00:00-05:00,0.0,0.452253133058548,0.44495875354493497,0.452253133058548,159551,0.0,0.0
1985-10-30 00:00:00-05:00,0.0,0.46866571903228765,0.4522532379942956,0.4686657190322876,659479,0.0,0.0
1985-10-31 00:00:00-05:00,0.0,0.47413642272072754,0.46866571903228765,0.4686657190322876,326194,0.0,0.0
1985-11-01 00:00:00-05:00,0.0,0.4887253778378888,0.4723130958688905,0.48507818579673767,436107,0.0,0.0
1985-11-04 00:00:00-05:00,0.0,0.4887253778378888,0.4814309937555865,0.48507818579673767,659479,0.0,0.0
1985-11-05 00:00:00-05:00,0.0,0.4887253778378888,0.47960747995119274,0.48507818579673767,275374,0.0,0.0
1985-11-06 00:00:00-05:00,0.0,0.49237242341041565,0.4814308505418097,0.49237242341041565,252919,0.0,0.0
1985-11-07 00:00:00-05:00,0.0,0.49237242341041565,0.4887252324542137,0.49237242341041565,40183,0.0,0.0
1985-11-08 00:00:00-05:00,0.0,0.5014901757240295,0.4905485693488258,0.5014901757240295,130005,0.0,0.0
1985-11-11 00:00:00-05:00,0.0,0.503313969506162,0.4996667802333832,0.4996667802333832,85094,0.0,0.0
1985-11-12 00:00:00-05:00,0.0,0.503313969506162,0.4996667802333832,0.4996667802333832,869851,0.0,0.0
1985-11-13 00:00:00-05:00,0.0,0.5014905241251567,0.4887252324542137,0.49237242341041565,125277,0.0,0.0
1985-11-14 00:00:00-05:00,0.0,0.48690151612617794,0.4796071372559518,0.48143064975738525,306102,0.0,0.0
1985-11-15 00:00:00-05:00,0.0,0.4850778391924983,0.48143064975738525,0.48143064975738525,615751,0.0,0.0
1985-11-18 00:00:00-05:00,0.0,0.48507786711118484,0.47960716485977173,0.47960716485977173,219826,0.0,0.0
1985-11-19 00:00:00-05:00,0.0,0.48325466850111654,0.47596028447151184,0.47596028447151184,530656,0.0,0.0
1985-11-20 00:00:00-05:00,0.0,0.47960741756634584,0.47596022599960247,0.477783739566803,14182,0.0,0.0
1985-11-21 00:00:00-05:00,0.0,0.4850781857967376,0.4723130958688905,0.48507818579673767,665389,0.0,0.0
1985-11-22 00:00:00-05:00,0.0,0.5051378607749939,0.4832546676180759,0.5051378607749939,443199,0.0,0.0
1985-11-25 00:00:00-05:00,0.0,0.5051377150813586,0.4887252324542137,0.49237242341041565,330922,0.0,0.0
1985-11-26 00:00:00-05:00,0.0,0.4941960206684581,0.4905487895011902,0.4905487895011902,346286,0.0,0.0
1985-11-27 00:00:00-05:00,0.0,0.49601988426212085,0.49054897379376944,0.49419620633125305,308466,0.0,0.0
1985-11-29 00:00:00-05:00,0.0,0.5033140778541565,0.49784321055115993,0.5033140778541565,69730,0.0,0.0
1985-12-02 00:00:00-05:00,0.0,0.49966682333397444,0.49601963374659397,0.4978431463241577,291920,0.0,0.0
1985-12-03 00:00:00-05:00,0.0,0.499667010863213,0.49237242341041565,0.49237242341041565,443199,0.0,0.0
1985-12-04 00:00:00-05:00,0.0,0.49601981990701105,0.49237242341041565,0.49237242341041565,156006,0.0,0.0
1985-12-05 00:00:00-05:00,0.0,0.4978433977606526,0.49419620633125305,0.49419620633125305,16546,0.0,0.0
1985-12-06 00:00:00-05:00,0.0,0.4960199296474457,0.4941962515497132,0.4960199296474457,211553,0.0,0.0
1985-12-09 00:00:00-05:00,0.0,0.4996667802333832,0.4941959141080956,0.4996667802333832,140642,0.0,0.0
1985-12-10 00:00:00-05:00,0.0,0.5234423922565299,0.519621659012939,0.5215319395065308,56729,0.13163,0.0
1985-12-11 00:00:00-05:00,0.0,0.538725733757019,0.5215323349945703,0.538725733757019,572022,0.0,0.0
1985-12-12 00:00:00-05:00,0.0,0.5482774146729256,0.538725661726002,0.5406359434127808,309648,0.0,0.0
1985-12-13 00:00:00-05:00,0.0,0.5444566790428532,0.5368152077827084,0.5406359434127808,499928,0.0,0.0
1985-12-16 00:00:00-05:00,0.0,0.5406355416361915,0.53681480884552,0.53681480884552,161915,0.0,0.0
1985-12-17 00:00:00-05:00,0.0,0.5406355416361915,0.53681480884552,0.53681480884552,166643,0.0,0.0
1985-12-18 00:00:00-05:00,0.0,0.5406355416361915,0.53681480884552,0.53681480884552,212735,0.0,0.0
1985-12-19 00:00:00-05:00,0.0,0.5406360156992145,0.5368152795582857,0.538725733757019,395924,0.0,0.0
1985-12-20 00:00:00-05:00,0.0,0.5444567518401433,0.5368152795582857,0.538725733757019,300193,0.0,0.0
1985-12-23 00:00:00-05:00,0.0,0.5425464698979479,0.538725733757019,0.538725733757019,11819,0.0,0.0
1985-12-24 00:00:00-05:00,0.0,0.5425459146499634,0.5387251824192176,0.5425459146499634,55548,0.0,0.0
1985-12-26 00:00:00-05:00,0.0,0.5425464698979479,0.538725733757019,0.538725733757019,9455,0.0,0.0
1985-12-27 00:00:00-05:00,0.0,0.5425459146499634,0.5387251824192176,0.5425459146499634,158370,0.0,0.0
1985-12-30 00:00:00-05:00,0.0,0.5425464698979479,0.538725733757019,0.538725733757019,159551,0.0,0.0
1985-12-31 00:00:00-05:00,0.0,0.5444566011428833,0.5387255846460167,0.5444566011428833,210372,0.0,0.0
1986-01-02 00:00:00-05:00,0.0,0.5444566011428833,0.5406358660594754,0.5444566011428833,157188,0.0,0.0
1986-01-03 00:00:00-05:00,0.0,0.5444561946371554,0.5406354624064097,0.5425459146499634,650025,0.0,0.0
1986-01-06 00:00:00-05:00,0.0,0.5578290270576571,0.5463667844159737,0.5559185743331909,515292,0.0,0.0
1986-01-07 00:00:00-05:00,0.0,0.5712019205093384,0.5540085277560679,0.5712019205093384,743392,0.0,0.0
1986-01-08 00:00:00-05:00,0.0,0.5769325907059127,0.5654703931610596,0.5673808455467224,478654,0.0,0.0
1986-01-09 00:00:00-05:00,0.0,0.5673811663014556,0.5578292434859504,0.5616499781608582,646479,0.0,0.0
1986-01-10 00:00:00-05:00,0.0,0.5616497602501845,0.5559185743331909,0.5559185743331909,445562,0.0,0.0
1986-01-13 00:00:00-05:00,0.0,0.5616498107262575,0.555918624294196,0.5597395300865173,685480,0.0,0.0
1986-01-14 00:00:00-05:00,0.0,0.563560087842693,0.5578289031982422,0.5578289031982422,101640,0.0,0.0
1986-01-15 00:00:00-05:00,0.0,0.5654706358909607,0.5578291675809364,0.5654706358909607,215099,0.0,0.0
1986-01-16 00:00:00-05:00,0.0,0.5654706358909607,0.5616499017359485,0.5654706358909607,44911,0.0,0.0
1986-01-17 00:00:00-05:00,0.0,0.5654707128357659,0.5616499781608582,0.5616499781608582,39001,0.0,0.0
1986-01-20 00:00:00-05:00,0.0,0.5635602474212646,0.5578290611539626,0.5635602474212646,217463,0.0,0.0
1986-01-21 00:00:00-05:00,0.0,0.5654705280060883,0.5597395139952018,0.5635602474212646,908852,0.0,0.0
1986-01-22 00:00:00-05:00,0.0,0.5769329365894433,0.5654707321727556,0.5712019205093384,832031,0.0,0.0
1986-01-23 00:00:00-05:00,0.0,0.573112207277182,0.5692914724349976,0.5692914724349976,134732,0.0,0.0
1986-01-24 00:00:00-05:00,0.0,0.573112428188324,0.573112428188324,0.573112428188324,89822,0.0,0.0
1986-01-27 00:00:00-05:00,0.0,0.573112207277182,0.5692914724349976,0.5692914724349976,139460,0.0,0.0
1986-01-28 00:00:00-05:00,0.0,0.582663893699646,0.5731119319899913,0.582663893699646,165461,0.0,0.0
1986-01-29 00:00:00-05:00,0.0,0.5903056439039738,0.584574455506199,0.5864849090576172,174916,0.0,0.0
1986-01-30 00:00:00-05:00,0.0,0.5922160272256952,0.5864850100970623,0.590305745601654,312012,0.0,0.0
1986-01-31 00:00:00-05:00,0.0,0.5883949070818619,0.5788431606927031,0.582663893699646,184371,0.0,0.0
1986-02-03 00:00:00-05:00,0.0,0.5883949070818619,0.582663893699646,0.582663893699646,44911,0.0,0.0
1986-02-04 00:00:00-05:00,0.0,0.5922159251989123,0.5864849090576172,0.5864849090576172,314375,0.0,0.0
1986-02-05 00:00:00-05:00,0.0,0.5941260457038879,0.586484580294715,0.5941260457038879,87458,0.0,0.0
1986-02-06 00:00:00-05:00,0.0,0.5941261697180975,0.588394983336734,0.5922157168388367,31910,0.0,0.0
1986-02-07 00:00:00-05:00,0.0,0.5922157168388367,0.588394983336734,0.5922157168388367,26001,0.0,0.0
1986-02-10 00:00:00-05:00,0.0,0.6055885727813111,0.5922159149228635,0.6017678380012512,443199,0.0,0.0
1986-02-11 00:00:00-05:00,0.0,0.6055885727813111,0.6017678380012512,0.6017678380012512,40183,0.0,0.0
1986-02-12 00:00:00-05:00,0.0,0.6055883765220642,0.6017676429802288,0.6055883765220642,159551,0.0,0.0
1986-02-13 00:00:00-05:00,0.0,0.6094092726707458,0.6017678035481248,0.6094092726707458,150097,0.0,0.0
1986-02-14 00:00:00-05:00,0.0,0.6094092418952604,0.6036782264709473,0.6036782264709473,5909,0.0,0.0
1986-02-18 00:00:00-05:00,0.0,0.6208717226982117,0.6094094721973116,0.6208717226982117,486927,0.0,0.0
1986-02-19 00:00:00-05:00,0.0,0.6246924585104681,0.618961440920345,0.6208717226982117,496382,0.0,0.0
1986-02-20 00:00:00-05:00,0.0,0.6246922016143799,0.6189611863810581,0.6246922016143799,418379,0.0,0.0
1986-02-21 00:00:00-05:00,0.0,0.626602654863122,0.6208714673733479,0.6246922016143799,425471,0.0,0.0
1986-02-24 00:00:00-05:00,0.0,0.6457058865489875,0.6227814551717931,0.63997483253479,3355308,0.0,0.0
1986-02-25 00:00:00-05:00,0.0,0.6418854756377481,0.6342440085388877,0.6380647420883179,322649,0.0,0.0
1986-02-26 00:00:00-05:00,0.0,0.6418854756377481,0.6361542891853922,0.6380647420883179,284829,0.0,0.0
1986-02-27 00:00:00-05:00,0.0,0.6457062359400839,0.6380647259701506,0.6418854594230652,959673,0.0,0.0
1986-02-28 00:00:00-05:00,0.0,0.6437961440638672,0.6266027092933655,0.6266027092933655,1392234,0.0,0.0
1986-03-03 00:00:00-05:00,0.0,0.6380647420883179,0.6285128220865318,0.6380647420883179,271828,0.0,0.0
1986-03-04 00:00:00-05:00,0.0,0.6627605590002792,0.6468861103057861,0.6468861103057861,1474965,0.13163,0.0
1986-03-05 00:00:00-05:00,0.0,0.6548232436180115,0.644901625101541,0.6548232436180115,450290,0.0,0.0
1986-03-06 00:00:00-05:00,0.0,0.6667292278598543,0.654823390326739,0.6627606153488159,3893056,0.0,0.0
1986-03-07 00:00:00-05:00,0.0,0.6706978689536105,0.664744995061251,0.666729211807251,601568,0.0,0.0
1986-03-10 00:00:00-05:00,0.0,0.666729211807251,0.664744995061251,0.666729211807251,1867343,0.0,0.0
1986-03-11 00:00:00-05:00,0.0,0.6706979870796204,0.6647451121388167,0.6706979870796204,2044623,0.0,0.0
1986-03-12 00:00:00-05:00,0.0,0.6706979840536128,0.6607763171195984,0.6607763171195984,2437001,0.0,0.0
1986-03-13 00:00:00-05:00,0.0,0.6627604523119269,0.6429173946380615,0.6429173946380615,529475,0.0,0.0
1986-03-14 00:00:00-05:00,0.0,0.6627606153488159,0.6429175527936236,0.6627606153488159,774120,0.0,0.0
1986-03-17 00:00:00-05:00,0.0,0.666729326226183,0.6607763171195984,0.6607763171195984,925399,0.0,0.0
1986-03-18 00:00:00-05:00,0.0,0.6647450110660811,0.6568076071205123,0.6627606153488159,342740,0.0,0.0
1986-03-19 00:00:00-05:00,0.0,0.6647449135780334,0.6587919062227671,0.6647449135780334,1447782,0.0,0.0
1986-03-20 00:00:00-05:00,0.0,0.6667291300808118,0.6627605181517895,0.6647449135780334,735119,0.0,0.0
1986-03-21 00:00:00-05:00,0.0,0.6647450110660811,0.6627606153488159,0.6627606153488159,1788158,0.0,0.0
1986-03-24 00:00:00-05:00,0.0,0.6627611509326692,0.6568081378936768,0.6568081378936768,283647,0.0,0.0
1986-03-25 00:00:00-05:00,0.0,0.6587918407771538,0.6310115153028802,0.6429173946380615,475109,0.0,0.0
1986-03-26 00:00:00-05:00,0.0,0.6508551032677659,0.6429178742767755,0.6488707065582275,1469055,0.0,0.0
1986-03-27 00:00:00-05:00,0.0,0.6528393030166626,0.6468864708996792,0.6528393030166626,2793924,0.0,0.0
1986-03-31 00:00:00-05:00,0.0,0.6548232436180115,0.6488702367234388,0.6548232436180115,296648,0.0,0.0
1986-04-01 00:00:00-05:00,0.0,0.6587921977043152,0.6528391877151491,0.6587921977043152,463290,0.0,0.0
1986-04-02 00:00:00-05:00,0.0,0.6607763171195984,0.6568077040230481,0.6607763171195984,488109,0.0,0.0
1986-04-03 00:00:00-05:00,0.0,0.6607763171195984,0.6568077040230481,0.6607763171195984,157188,0.0,0.0
1986-04-04 00:00:00-05:00,0.0,0.6607767536117929,0.6568081378936768,0.6568081378936768,509383,0.0,0.0
1986-04-07 00:00:00-05:00,0.0,0.656807684038695,0.632995961453021,0.6369646191596985,278920,0.0,0.0
1986-04-08 00:00:00-05:00,0.0,0.6548236186824525,0.6369647666931414,0.6508550047874451,234009,0.0,0.0
1986-04-09 00:00:00-05:00,0.0,0.658792535214553,0.6528395221755605,0.6568081378936768,450290,0.0,0.0
1986-04-10 00:00:00-05:00,0.0,0.6568081378936768,0.6508553037783207,0.6568081378936768,147733,0.0,0.0
1986-04-11 00:00:00-05:00,0.0,0.6568074599672344,0.6508546319961136,0.6548232436180115,520020,0.0,0.0
1986-04-14 00:00:00-05:00,0.0,0.654823717763261,0.6468864887722706,0.6488707065582275,146551,0.0,0.0
1986-04-15 00:00:00-05:00,0.0,0.6528392939810591,0.6329961775955643,0.6349806189537048,592113,0.0,0.0
1986-04-16 00:00:00-05:00,0.0,0.6528393030166626,0.6349806277421358,0.6528393030166626,347468,0.0,0.0
1986-04-17 00:00:00-05:00,0.0,0.6568078361681793,0.6508550047874451,0.6508550047874451,658298,0.0,0.0
1986-04-18 00:00:00-05:00,0.0,0.6548236186824525,0.6508550047874451,0.6508550047874451,618114,0.0,0.0
1986-04-21 00:00:00-05:00,0.0,0.6548236186824525,0.6508550047874451,0.6508550047874451,425471,0.0,0.0
1986-04-22 00:00:00-05:00,0.0,0.6548236186824525,0.6468863908924375,0.6508550047874451,687844,0.0,0.0
1986-04-23 00:00:00-05:00,0.0,0.6449014737625176,0.6270427703857422,0.6270427703857422,335649,0.0,0.0
1986-04-24 00:00:00-05:00,0.0,0.6310113810763261,0.6270427703857422,0.6270427703857422,109913,0.0,0.0
1986-04-25 00:00:00-05:00,0.0,0.6310115698790957,0.6171213388442993,0.6171213388442993,420743,0.0,0.0
1986-04-28 00:00:00-04:00,0.0,0.617121370085278,0.6071997504262309,0.6091841459274292,211553,0.0,0.0
1986-04-29 00:00:00-04:00,0.0,0.6091845831803213,0.5913256818140185,0.5952942967414856,1145225,0.0,0.0
1986-04-30 00:00:00-04:00,0.0,0.5952941099950878,0.5774352589620857,0.5833882689476013,283647,0.0,0.0
1986-05-01 00:00:00-04:00,0.0,0.5853726438605069,0.575451020555042,0.5814040303230286,426652,0.0,0.0
1986-05-02 00:00:00-04:00,0.0,0.6171215901038437,0.5833882412136387,0.6071999669075012,2920383,0.0,0.0
1986-05-05 00:00:00-04:00,0.0,0.6210898533492144,0.6071996244920976,0.6191054582595825,481018,0.0,0.0
1986-05-06 00:00:00-04:00,0.0,0.634980480635128,0.6191058031149801,0.6290274262428284,550748,0.0,0.0
1986-05-07 00:00:00-04:00,0.0,0.6270429424337005,0.6111683163922771,0.6210899353027344,1648699,0.0,0.0
1986-05-08 00:00:00-04:00,0.0,0.6250584646050427,0.6151368470037543,0.6191054582595825,327376,0.0,0.0
1986-05-09 00:00:00-04:00,0.0,0.6191055553215769,0.6151369434435584,0.6171213388442993,144187,0.0,0.0
1986-05-12 00:00:00-04:00,0.0,0.6171211429042908,0.605215311050415,0.605215311050415,284829,0.0,0.0
1986-05-13 00:00:00-04:00,0.0,0.6032310724258423,0.5972782439783058,0.6032310724258423,216281,0.0,0.0
1986-05-14 00:00:00-04:00,0.0,0.605215311050415,0.5992622609309223,0.605215311050415,177279,0.0,0.0
1986-05-15 00:00:00-04:00,0.0,0.6052158256149327,0.5933099389076233,0.5933099389076233,222190,0.0,0.0
1986-05-16 00:00:00-04:00,0.0,0.5972785528997632,0.5933099389076233,0.5933099389076233,88640,0.0,0.0
1986-05-19 00:00:00-04:00,0.0,0.5952941564419139,0.5933099389076233,0.5933099389076233,255282,0.0,0.0
1986-05-20 00:00:00-04:00,0.0,0.5972786936670196,0.5913256818140185,0.5952942967414856,490473,0.0,0.0
1986-05-21 00:00:00-04:00,0.0,0.5952942967414856,0.5913256818140185,0.5952942967414856,741028,0.0,0.0
1986-05-22 00:00:00-04:00,0.0,0.6032310724258423,0.5913252366073032,0.6032310724258423,379378,0.0,0.0
1986-05-23 00:00:00-04:00,0.0,0.6151369367824006,0.6071997131123138,0.6111683249473572,98095,0.0,0.0
1986-05-27 00:00:00-04:00,0.0,0.6467460243962994,0.6405274271965027,0.6405274271965027,74457,0.13922,0.0
1986-05-28 00:00:00-04:00,0.0,0.6488187308011879,0.642599949411209,0.6467457413673401,76821,0.0,0.0
1986-05-29 00:00:00-04:00,0.0,0.6508919596672058,0.6446731759896324,0.6508919596672058,267101,0.0,0.0
1986-05-30 00:00:00-04:00,0.0,0.6633293422440217,0.6529647190541663,0.6571105122566223,122914,0.0,0.0
1986-06-02 00:00:00-04:00,0.0,0.6571101944939968,0.6488186120986938,0.6488186120986938,191462,0.0,0.0
1986-06-03 00:00:00-04:00,0.0,0.6488189545719573,0.6343085842652434,0.6384543776512146,209190,0.0,0.0
1986-06-04 00:00:00-04:00,0.0,0.6426001028716072,0.6343085169792175,0.6343085169792175,152460,0.0,0.0
1986-06-05 00:00:00-04:00,0.0,0.6384543099254123,0.6343085169792175,0.6343085169792175,115823,0.0,0.0
1986-06-06 00:00:00-04:00,0.0,0.6384543410166739,0.6239441117262793,0.6260169148445129,166643,0.0,0.0
1986-06-09 00:00:00-04:00,0.0,0.6280901770695783,0.603215175612093,0.6197985410690308,3552679,0.0,0.0
1986-06-10 00:00:00-04:00,0.0,0.6135793139980772,0.6052877306938171,0.6052877306938171,295466,0.0,0.0
1986-06-11 00:00:00-04:00,0.0,0.6156526810101023,0.6052881020648736,0.6135796904563904,366377,0.0,0.0
1986-06-12 00:00:00-04:00,0.0,0.6239444613456726,0.6135798792119872,0.6239444613456726,239918,0.0,0.0
1986-06-13 00:00:00-04:00,0.0,0.6301626012196386,0.6239440060069806,0.6280898451805115,320285,0.0,0.0
1986-06-16 00:00:00-04:00,0.0,0.6322360990158624,0.6239444613456726,0.6239444613456726,115823,0.0,0.0
1986-06-17 00:00:00-04:00,0.0,0.6301626012196386,0.6260168087740045,0.6280898451805115,197371,0.0,0.0
1986-06-18 00:00:00-04:00,0.0,0.6301626563072205,0.6239440605509451,0.6301626563072205,61457,0.0,0.0
1986-06-19 00:00:00-04:00,0.0,0.6280899516022693,0.6239441117262793,0.6260169148445129,211553,0.0,0.0
1986-06-20 00:00:00-04:00,0.0,0.6260171395676577,0.6156527464327176,0.6197985410690308,206826,0.0,0.0
1986-06-23 00:00:00-04:00,0.0,0.6177254846521487,0.6135796904563904,0.6135796904563904,535384,0.0,0.0
1986-06-24 00:00:00-04:00,0.0,0.6218714714050293,0.6135798804460932,0.6218714714050293,345104,0.0,0.0
1986-06-25 00:00:00-04:00,0.0,0.6218713449313447,0.6177255502950315,0.6197985410690308,242282,0.0,0.0
1986-06-26 00:00:00-04:00,0.0,0.6177252881855803,0.6032149196595934,0.6073608994483948,478654,0.0,0.0
1986-06-27 00:00:00-04:00,0.0,0.6073606502417837,0.6011418700218201,0.6011418700218201,263555,0.0,0.0
1986-06-30 00:00:00-04:00,0.0,0.6052877306938171,0.6011419390416871,0.6052877306938171,592113,0.0,0.0
1986-07-01 00:00:00-04:00,0.0,0.6094338893890381,0.6011423010910121,0.6094338893890381,670116,0.0,0.0
1986-07-02 00:00:00-04:00,0.0,0.6177252448157199,0.609433659643473,0.6156524419784546,185552,0.0,0.0
1986-07-03 00:00:00-04:00,0.0,0.6218711057515953,0.6177253127098083,0.6177253127098083,343922,0.0,0.0
1986-07-07 00:00:00-04:00,0.0,0.6218708973023372,0.6011419390416871,0.6052877306938171,229281,0.0,0.0
1986-07-08 00:00:00-04:00,0.0,0.6052879321290534,0.5887047132738761,0.5928505063056946,783575,0.0,0.0
1986-07-09 00:00:00-04:00,0.0,0.594923198223114,0.5887046032929415,0.594923198223114,145369,0.0,0.0
1986-07-10 00:00:00-04:00,0.0,0.5949229885966253,0.5824856162071228,0.5824856162071228,187916,0.0,0.0
1986-07-11 00:00:00-04:00,0.0,0.5866316299052794,0.5741942527899629,0.5762672424316406,215099,0.0,0.0
1986-07-14 00:00:00-04:00,0.0,0.5762672336730492,0.5721214413642883,0.5721214413642883,459745,0.0,0.0
1986-07-15 00:00:00-04:00,0.0,0.5741940544366776,0.5679754614830017,0.5679754614830017,580295,0.0,0.0
1986-07-16 00:00:00-04:00,0.0,0.5721215526946402,0.5659027695655823,0.5659027695655823,105186,0.0,0.0
1986-07-17 00:00:00-04:00,0.0,0.5700483918190002,0.5659025999461296,0.5700483918190002,365196,0.0,0.0
1986-07-18 00:00:00-04:00,0.0,0.5679757595791405,0.5617569764500826,0.5659027695655823,113459,0.0,0.0
1986-07-21 00:00:00-04:00,0.0,0.5617567478916622,0.5451735354488663,0.549319326877594,365196,0.0,0.0
1986-07-22 00:00:00-04:00,0.0,0.5513923168182373,0.5451737210142403,0.5513923168182373,440835,0.0,0.0
1986-07-23 00:00:00-04:00,0.0,0.5513923168182373,0.5472465239783713,0.5513923168182373,1023493,0.0,0.0
1986-07-24 00:00:00-04:00,0.0,0.5513922484722283,0.5451736534390368,0.5472464561462402,216281,0.0,0.0
1986-07-25 00:00:00-04:00,0.0,0.5493194372814929,0.5451736450195312,0.5451736450195312,352195,0.0,0.0
1986-07-28 00:00:00-04:00,0.0,0.5493196177850134,0.5431008338928223,0.5431008338928223,85094,0.0,0.0
1986-07-29 00:00:00-04:00,0.0,0.5451737931167451,0.5285906195640564,0.5285906195640564,372287,0.0,0.0
1986-07-30 00:00:00-04:00,0.0,0.5659022230973941,0.5223712505090767,0.5638294219970703,1419417,0.0,0.0
1986-07-31 00:00:00-04:00,0.0,0.5887044668197632,0.5659025212347177,0.5887044668197632,874578,0.0,0.0
1986-08-01 00:00:00-04:00,0.0,0.5907774567604065,0.5866316641466467,0.5907774567604065,648843,0.0,0.0
1986-08-04 00:00:00-04:00,0.0,0.5907776883505818,0.5866318941116333,0.5866318941116333,336831,0.0,0.0
1986-08-05 00:00:00-04:00,0.0,0.5969962345354514,0.5887046032929415,0.594923198223114,739846,0.0,0.0
1986-08-06 00:00:00-04:00,0.0,0.5969962477684021,0.5928504086913037,0.5969962477684021,351013,0.0,0.0
1986-08-07 00:00:00-04:00,0.0,0.5969962858647417,0.5907774567604065,0.5907774567604065,486927,0.0,0.0
1986-08-08 00:00:00-04:00,0.0,0.5928502581159956,0.5887044668197632,0.5887044668197632,228100,0.0,0.0
1986-08-11 00:00:00-04:00,0.0,0.594923198223114,0.5887046032929415,0.594923198223114,247009,0.0,0.0
1986-08-12 00:00:00-04:00,0.0,0.6197983026865085,0.5949233107962701,0.6177253127098083,321467,0.0,0.0
1986-08-13 00:00:00-04:00,0.0,0.6405274271965027,0.6197984116165253,0.6405274271965027,2017440,0.0,0.0
1986-08-14 00:00:00-04:00,0.0,0.6550372242927551,0.6405268653680282,0.6550372242927551,1109769,0.0,0.0
1986-08-15 00:00:00-04:00,0.0,0.6550377381067286,0.6384543776512146,0.6384543776512146,709118,0.0,0.0
1986-08-18 00:00:00-04:00,0.0,0.6426000814592749,0.621871070691118,0.6301626563072205,307284,0.0,0.0
1986-08-19 00:00:00-04:00,0.0,0.6301626563072205,0.6239440605509451,0.6301626563072205,180825,0.0,0.0
1986-08-20 00:00:00-04:00,0.0,0.6301626563072205,0.6260168634991693,0.6301626563072205,774120,0.0,0.0
1986-08-21 00:00:00-04:00,0.0,0.6301627079925984,0.6239441117262793,0.6260169148445129,137096,0.0,0.0
1986-08-22 00:00:00-04:00,0.0,0.6260172656253759,0.6239444613456726,0.6239444613456726,653570,0.0,0.0
1986-08-25 00:00:00-04:00,0.0,0.6218710810627757,0.6011421166767987,0.6073608994483948,608659,0.0,0.0
1986-08-26 00:00:00-04:00,0.0,0.6218714714050293,0.6032152982915613,0.6218714714050293,793030,0.0,0.0
1986-08-27 00:00:00-04:00,0.0,0.6363814857029995,0.6260168634991693,0.6301626563072205,282465,0.0,0.0
1986-08-28 00:00:00-04:00,0.0,0.6343080304427319,0.6280894392491215,0.6322352290153503,150097,0.0,0.0
1986-08-29 00:00:00-04:00,0.0,0.6301626563072205,0.628089900086897,0.6301626563072205,143005,0.0,0.0
1986-09-02 00:00:00-04:00,0.0,0.6301626918351692,0.6156525096447216,0.6177253127098083,282465,0.0,0.0
1986-09-03 00:00:00-04:00,0.0,0.6218711057515953,0.6135795196680214,0.6177253127098083,231645,0.0,0.0
1986-09-04 00:00:00-04:00,0.0,0.6441040333063455,0.6332604727923383,0.6354292631149292,264737,0.13922,0.0
1986-09-05 00:00:00-04:00,0.0,0.6375972735845526,0.6332598924636841,0.6332598924636841,106368,0.0,0.0
1986-09-08 00:00:00-04:00,0.0,0.6375969218970449,0.6180785709571529,0.628922164440155,583840,0.0,0.0
1986-09-09 00:00:00-04:00,0.0,0.646272074238316,0.6310911416383306,0.6419346928596497,262374,0.0,0.0
1986-09-10 00:00:00-04:00,0.0,0.6441039437228548,0.6310915946960449,0.6310915946960449,138278,0.0,0.0
1986-09-11 00:00:00-04:00,0.0,0.6289226286256169,0.6072356700897217,0.6072356700897217,488109,0.0,0.0
1986-09-12 00:00:00-04:00,0.0,0.6050668444165307,0.5812110985972839,0.5985608696937561,739846,0.0,0.0
1986-09-15 00:00:00-04:00,0.0,0.6137418389810931,0.5985610952088781,0.6028984785079956,462108,0.0,0.0
1986-09-16 00:00:00-04:00,0.0,0.6007292866706848,0.5942233138548881,0.6007292866706848,273010,0.0,0.0
1986-09-17 00:00:00-04:00,0.0,0.6007295368938811,0.5963921546936035,0.5963921546936035,78003,0.0,0.0
1986-09-18 00:00:00-04:00,0.0,0.6007295368938811,0.5963921546936035,0.5963921546936035,234009,0.0,0.0
1986-09-19 00:00:00-04:00,0.0,0.5985609435684137,0.5942235613681361,0.5963921546936035,160733,0.0,0.0
1986-09-22 00:00:00-04:00,0.0,0.6007292866706848,0.5942233138548881,0.6007292866706848,919489,0.0,0.0
1986-09-23 00:00:00-04:00,0.0,0.5963919833497193,0.5855483843023926,0.5898860096931458,244646,0.0,0.0
1986-09-24 00:00:00-04:00,0.0,0.6007294627515747,0.5855484802622398,0.5985608696937561,397106,0.0,0.0
1986-09-25 00:00:00-04:00,0.0,0.594223333924052,0.5833797359118311,0.592054545879364,222190,0.0,0.0
1986-09-26 00:00:00-04:00,0.0,0.6028980746421246,0.5920545258834483,0.6007292866706848,195007,0.0,0.0
1986-09-29 00:00:00-04:00,0.0,0.5985607609658818,0.5855483738980507,0.5942233800888062,420743,0.0,0.0
1986-09-30 00:00:00-04:00,0.0,0.5963919833497193,0.5898860096931458,0.5898860096931458,65002,0.0,0.0
1986-10-01 00:00:00-04:00,0.0,0.5963921546936035,0.5920547724933259,0.5963921546936035,85094,0.0,0.0
1986-10-02 00:00:00-04:00,0.0,0.5898860096931458,0.5790424106458191,0.5898860096931458,979764,0.0,0.0
1986-10-03 00:00:00-04:00,0.0,0.5985608696937561,0.5898861063638442,0.5985608696937561,488109,0.0,0.0
1986-10-06 00:00:00-04:00,0.0,0.6094040373882937,0.594223304036103,0.6050666570663452,216281,0.0,0.0
1986-10-07 00:00:00-04:00,0.0,0.605066667064303,0.5942233138548881,0.6007292866706848,248191,0.0,0.0
1986-10-08 00:00:00-04:00,0.0,0.5985608696937561,0.5942234880288002,0.5985608696937561,215099,0.0,0.0
1986-10-09 00:00:00-04:00,0.0,0.6072354550357428,0.5942233138548881,0.6007292866706848,1050676,0.0,0.0
1986-10-10 00:00:00-04:00,0.0,0.6050670723828582,0.5985610952088781,0.6028984785079956,196189,0.0,0.0
1986-10-13 00:00:00-04:00,0.0,0.598560771601435,0.5898860096931458,0.5898860096931458,265919,0.0,0.0
1986-10-14 00:00:00-04:00,0.0,0.5942232236518363,0.5877170562744141,0.5877170562744141,139460,0.0,0.0
1986-10-15 00:00:00-04:00,0.0,0.5942233906472904,0.58771722144143,0.5898860096931458,133550,0.0,0.0
1986-10-16 00:00:00-04:00,0.0,0.6028983257686914,0.5898861791678586,0.5963921546936035,394742,0.0,0.0
1986-10-17 00:00:00-04:00,0.0,0.6007295368938811,0.5942235613681361,0.5963921546936035,95731,0.0,0.0
1986-10-20 00:00:00-04:00,0.0,0.6007293536297781,0.5898859992117305,0.5942233800888062,105186,0.0,0.0
1986-10-21 00:00:00-04:00,0.0,0.5898859263386075,0.5768735408782959,0.5768735408782959,678389,0.0,0.0
1986-10-22 00:00:00-04:00,0.0,0.5855482915409816,0.576873531006931,0.5812109112739563,723300,0.0,0.0
1986-10-23 00:00:00-04:00,0.0,0.5942233469816895,0.5812109606388427,0.5855483412742615,808394,0.0,0.0
1986-10-24 00:00:00-04:00,0.0,0.5855483412742615,0.5790423680957695,0.5855483412742615,510565,0.0,0.0
1986-10-27 00:00:00-05:00,0.0,0.5855485555695732,0.5725364089012146,0.5725364089012146,710300,0.0,0.0
1986-10-28 00:00:00-05:00,0.0,0.5833797091647943,0.5703675681410566,0.5768735408782959,762301,0.0,0.0
1986-10-29 00:00:00-05:00,0.0,0.5768735408782959,0.5703675681410566,0.5768735408782959,931308,0.0,0.0
1986-10-30 00:00:00-05:00,0.0,0.5812109212195418,0.5768735408782959,0.5768735408782959,869851,0.0,0.0
1986-10-31 00:00:00-05:00,0.0,0.5855482915409816,0.5790423189150714,0.5812109112739563,941945,0.0,0.0
1986-11-03 00:00:00-05:00,0.0,0.5898862541137783,0.5660305023193359,0.5660305023193359,893488,0.0,0.0
1986-11-04 00:00:00-05:00,0.0,0.5660303458183032,0.5530182011619696,0.5573555827140808,457381,0.0,0.0
1986-11-05 00:00:00-05:00,0.0,0.5573557429867511,0.5378373737275823,0.542174756526947,2393272,0.0,0.0
1986-11-06 00:00:00-05:00,0.0,0.5443432498459758,0.5009692009897928,0.5139813423156738,1116860,0.0,0.0
1986-11-07 00:00:00-05:00,0.0,0.5269936293705809,0.5096440555272211,0.5248250365257263,1245683,0.0,0.0
1986-11-10 00:00:00-05:00,0.0,0.5248245786450012,0.5139809883459439,0.5183184146881104,2347179,0.0,0.0
1986-11-11 00:00:00-05:00,0.0,0.5356683700737487,0.5161502530662682,0.5334997773170471,1424145,0.0,0.0
1986-11-12 00:00:00-05:00,0.0,0.5400057404263989,0.5334997667360369,0.5378371477127075,551930,0.0,0.0
1986-11-13 00:00:00-05:00,0.0,0.5400061011314392,0.5335001230953133,0.5400061011314392,2628463,0.0,0.0
1986-11-14 00:00:00-05:00,0.0,0.5400061011314392,0.535668717257549,0.5400061011314392,1432418,0.0,0.0
1986-11-17 00:00:00-05:00,0.0,0.5400056403699898,0.5269934998509678,0.5291622877120972,725664,0.0,0.0
1986-11-18 00:00:00-05:00,0.0,0.5334996678851045,0.5269934998509678,0.5291622877120972,3027932,0.0,0.0
1986-11-19 00:00:00-05:00,0.0,0.5313305470527631,0.5139809883459439,0.5183184146881104,771756,0.0,0.0
1986-11-20 00:00:00-05:00,0.0,0.5204872011901169,0.5139809883459439,0.5183184146881104,475109,0.0,0.0
1986-11-21 00:00:00-05:00,0.0,0.5269937033736593,0.5161503465281091,0.5226563215255737,1316595,0.0,0.0
1986-11-24 00:00:00-05:00,0.0,0.5291622877120972,0.5204875273660825,0.5291622877120972,1003401,0.0,0.0
1986-11-25 00:00:00-05:00,0.0,0.5291619560998855,0.5161498237352327,0.5183184146881104,509383,0.0,0.0
1986-11-26 00:00:00-05:00,0.0,0.5204877973666993,0.5161504149436951,0.5161504149436951,581476,0.0,0.0
1986-11-28 00:00:00-05:00,0.0,0.5183187716449501,0.5118127498693255,0.5139813423156738,668934,0.0,0.0
1986-12-01 00:00:00-05:00,0.0,0.5183188533944849,0.49880068721456333,0.5053066611289978,689026,0.0,0.0
1986-12-02 00:00:00-05:00,0.0,0.5139813423156738,0.5031379889854047,0.5139813423156738,1628607,0.0,0.0
1986-12-03 00:00:00-05:00,0.0,0.5226557921429946,0.5118123973930662,0.5183184146881104,524747,0.0,0.0
1986-12-04 00:00:00-05:00,0.0,0.52482511022428,0.5204877283761945,0.5226563215255737,304921,0.0,0.0
1986-12-05 00:00:00-05:00,0.0,0.5226565138762066,0.5118131041526794,0.5118131041526794,570840,0.0,0.0
1986-12-08 00:00:00-05:00,0.0,0.5443424388342109,0.5351552561349664,0.5397488474845886,509383,0.13922,0.0
1986-12-09 00:00:00-05:00,0.0,0.5397493323369531,0.535155736860942,0.5374526381492615,640570,0.0,0.0
1986-12-10 00:00:00-05:00,0.0,0.5397485874389351,0.5351549983024597,0.5351549983024597,658298,0.0,0.0
1986-12-11 00:00:00-05:00,0.0,0.5443428833080829,0.5351556931071954,0.5420461893081665,536566,0.0,0.0
1986-12-12 00:00:00-05:00,0.0,0.5420454855573438,0.5351549983024597,0.5351549983024597,277738,0.0,0.0
1986-12-15 00:00:00-05:00,0.0,0.5374522971640996,0.5305618047714233,0.5305618047714233,660661,0.0,0.0
1986-12-16 00:00:00-05:00,0.0,0.535155397333042,0.5236713123787471,0.5305618047714233,505837,0.0,0.0
1986-12-17 00:00:00-05:00,0.0,0.5259684160043805,0.514484326600398,0.5213748216629028,1674700,0.0,0.0
1986-12-18 00:00:00-05:00,0.0,0.5190775990486145,0.5144840075557401,0.5190775990486145,528293,0.0,0.0
1986-12-19 00:00:00-05:00,0.0,0.5236713290214539,0.5144841436062402,0.5236713290214539,195007,0.0,0.0
1986-12-22 00:00:00-05:00,0.0,0.5236711905414889,0.5121873153595271,0.5190775990486145,1270502,0.0,0.0
1986-12-23 00:00:00-05:00,0.0,0.5236714986423243,0.5144843102513159,0.516781210899353,1695973,0.0,0.0
1986-12-24 00:00:00-05:00,0.0,0.5259683992903614,0.516781210899353,0.516781210899353,510565,0.0,0.0
1986-12-26 00:00:00-05:00,0.0,0.5167811619055144,0.5075939743855044,0.509890615940094,546021,0.0,0.0
1986-12-29 00:00:00-05:00,0.0,0.5098905112459918,0.5030002255710189,0.5075938701629639,492837,0.0,0.0
1986-12-30 00:00:00-05:00,0.0,0.5075938794855104,0.49840664190801315,0.5007033348083496,596841,0.0,0.0
1986-12-31 00:00:00-05:00,0.0,0.5052969524120291,0.4961097661605251,0.5030002593994141,900579,0.0,0.0
1987-01-02 00:00:00-05:00,0.0,0.5030002593994141,0.49840666627366204,0.5030002593994141,57911,0.0,0.0
1987-01-05 00:00:00-05:00,0.0,0.5030003375637347,0.49610984325408936,0.49610984325408936,624024,0.0,0.0
1987-01-06 00:00:00-05:00,0.0,0.5282649993896484,0.4961095994397573,0.5282649993896484,2712375,0.0,0.0
1987-01-07 00:00:00-05:00,0.0,0.5512334108352661,0.5259684833946127,0.5512334108352661,808394,0.0,0.0
1987-01-08 00:00:00-05:00,0.0,0.5581233564733593,0.5466394797603471,0.5558266639709473,438471,0.0,0.0
1987-01-09 00:00:00-05:00,0.0,0.5581233501434326,0.5535297580902305,0.5581233501434326,54366,0.0,0.0
1987-01-12 00:00:00-05:00,0.0,0.5581234514763876,0.546639572808605,0.5535298585891724,210372,0.0,0.0
1987-01-13 00:00:00-05:00,0.0,0.5535302697847404,0.5443430254103445,0.5466399788856506,294284,0.0,0.0
1987-01-14 00:00:00-05:00,0.0,0.5443429278129641,0.5374526381492615,0.5374526381492615,239918,0.0,0.0
1987-01-15 00:00:00-05:00,0.0,0.5420457467096207,0.5374521553599985,0.5397488474845886,226918,0.0,0.0
1987-01-16 00:00:00-05:00,0.0,0.5443429278129641,0.5374526381492615,0.5374526381492615,580295,0.0,0.0
1987-01-19 00:00:00-05:00,0.0,0.5581233501434326,0.5374522376791416,0.5581233501434326,1158226,0.0,0.0
1987-01-20 00:00:00-05:00,0.0,0.5673111081123352,0.5535303180127964,0.5673111081123352,213917,0.0,0.0
1987-01-21 00:00:00-05:00,0.0,0.5673105406839595,0.5558266639709473,0.5558266639709473,371105,0.0,0.0
1987-01-22 00:00:00-05:00,0.0,0.5581234514763876,0.5489362657019571,0.5535298585891724,570840,0.0,0.0
1987-01-23 00:00:00-05:00,0.0,0.5673111081123352,0.555827219913061,0.5673111081123352,362832,0.0,0.0
1987-01-26 00:00:00-05:00,0.0,0.5696074178174984,0.5650138258934021,0.5650138258934021,303739,0.0,0.0
1987-01-27 00:00:00-05:00,0.0,0.5696080100125999,0.555827219913061,0.5673111081123352,1454873,0.0,0.0
1987-01-28 00:00:00-05:00,0.0,0.5696080100125999,0.5650144133127536,0.5673111081123352,101640,0.0,0.0
1987-01-29 00:00:00-05:00,0.0,0.5742016067124461,0.5673111081123352,0.5673111081123352,137096,0.0,0.0
1987-01-30 00:00:00-05:00,0.0,0.5696080100125999,0.5627175114124889,0.5673111081123352,634660,0.0,0.0
1987-02-02 00:00:00-05:00,0.0,0.5856852623826346,0.5650139392515837,0.5787947177886963,302557,0.0,0.0
1987-02-03 00:00:00-05:00,0.0,0.59946608543396,0.5879819989166775,0.59946608543396,144187,0.0,0.0
1987-02-04 00:00:00-05:00,0.0,0.6178405470598877,0.5948725778218183,0.6109500527381897,377014,0.0,0.0
1987-02-05 00:00:00-05:00,0.0,0.6109499403072924,0.6040596543541432,0.6086532473564148,1543513,0.0,0.0
1987-02-06 00:00:00-05:00,0.0,0.6063563468403991,0.5948724678937777,0.5971691608428955,406561,0.0,0.0
1987-02-09 00:00:00-05:00,0.0,0.6040599316092047,0.5856855511665344,0.5856855511665344,290738,0.0,0.0
1987-02-10 00:00:00-05:00,0.0,0.5925758323884958,0.585685543364586,0.5879822373390198,598023,0.0,0.0
1987-02-11 00:00:00-05:00,0.0,0.5879819132401878,0.5833882689476013,0.5833882689476013,419561,0.0,0.0
1987-02-12 00:00:00-05:00,0.0,0.5879822451715625,0.5833885982857421,0.5856855511665344,159551,0.0,0.0
1987-02-13 00:00:00-05:00,0.0,0.5879822451715625,0.5833885982857421,0.5856855511665344,330922,0.0,0.0
1987-02-17 00:00:00-05:00,0.0,0.5902788130491664,0.5833882689476013,0.5833882689476013,635842,0.0,0.0
1987-02-18 00:00:00-05:00,0.0,0.5833885969873129,0.5397492882076391,0.5420461893081665,1381598,0.0,0.0
1987-02-19 00:00:00-05:00,0.0,0.5673105406839595,0.5466394797603471,0.5558266639709473,1114497,0.0,0.0
1987-02-20 00:00:00-05:00,0.0,0.5627170260384917,0.5489362478256226,0.5489362478256226,1336687,0.0,0.0
1987-02-23 00:00:00-05:00,0.0,0.5489361908970446,0.5236712781348902,0.532858669757843,960854,0.0,0.0
1987-02-24 00:00:00-05:00,0.0,0.5604202560762473,0.532858651669328,0.5558266639709473,837941,0.0,0.0
1987-02-25 00:00:00-05:00,0.0,0.5719043086796513,0.5558268349166776,0.5696076154708862,432562,0.0,0.0
1987-02-26 00:00:00-05:00,0.0,0.5764979092538766,0.5650138258934021,0.5650138258934021,503474,0.0,0.0
1987-02-27 00:00:00-05:00,0.0,0.5696080100125999,0.5627175114124889,0.5673111081123352,416016,0.0,0.0
1987-03-02 00:00:00-05:00,0.0,0.5719045087855318,0.5627173185348511,0.5627173185348511,254100,0.0,0.0
1987-03-03 00:00:00-05:00,0.0,0.5650139871791444,0.5604203939437866,0.5604203939437866,470381,0.0,0.0
1987-03-04 00:00:00-05:00,0.0,0.5663380808863301,0.5501571521635124,0.5547803044319153,322649,0.0165,0.0
1987-03-05 00:00:00-05:00,0.0,0.5524686314844341,0.5409108027668433,0.5455339550971985,651206,0.0,0.0
1987-03-06 00:00:00-05:00,0.0,0.5455339436235527,0.5270411262578839,0.5339759588241577,1440691,0.0,0.0
1987-03-09 00:00:00-05:00,0.0,0.5362875828427762,0.5293527510047159,0.5316644310951233,249373,0.0,0.0
1987-03-10 00:00:00-05:00,0.0,0.5362873077392578,0.5316641583631782,0.5362873077392578,345104,0.0,0.0
1987-03-11 00:00:00-05:00,0.0,0.5362877372001726,0.5270412226103203,0.5293529033660889,299011,0.0,0.0
1987-03-12 00:00:00-05:00,0.0,0.5293525208080708,0.5247293710708618,0.5247293710708618,264737,0.0,0.0
1987-03-13 00:00:00-05:00,0.0,0.5316644310951233,0.5270410709143085,0.5316644310951233,1544695,0.0,0.0
1987-03-16 00:00:00-05:00,0.0,0.5316645841218574,0.5224180695320051,0.5293529033660889,222190,0.0,0.0
1987-03-17 00:00:00-05:00,0.0,0.5316644310951233,0.52010644750941,0.5316644310951233,392378,0.0,0.0
1987-03-18 00:00:00-05:00,0.0,0.5339756705452798,0.5247293710708618,0.5247293710708618,1201954,0.0,0.0
1987-03-19 00:00:00-05:00,0.0,0.5293529033660889,0.5247297502877736,0.5293529033660889,50820,0.0,0.0
1987-03-20 00:00:00-05:00,0.0,0.5316646182359586,0.5201066305819448,0.5270412564277649,2330633,0.0,0.0
1987-03-23 00:00:00-05:00,0.0,0.5316643539282371,0.5224178433418274,0.5224178433418274,481018,0.0,0.0
1987-03-24 00:00:00-05:00,0.0,0.5247295595929731,0.5154832567965915,0.5177947282791138,720936,0.0,0.0
1987-03-25 00:00:00-05:00,0.0,0.5154833569934696,0.5039253199265439,0.5108602046966553,2762013,0.0,0.0
1987-03-26 00:00:00-05:00,0.0,0.5177947282791138,0.5085483733744456,0.5177947282791138,354559,0.0,0.0
1987-03-27 00:00:00-05:00,0.0,0.5154833456387761,0.5131716132164001,0.5131716132164001,283647,0.0,0.0
1987-03-30 00:00:00-05:00,0.0,0.5131715674469693,0.5039252638816833,0.5039252638816833,164279,0.0,0.0
1987-03-31 00:00:00-05:00,0.0,0.5085486609783857,0.5016140341758728,0.5016140341758728,172552,0.0,0.0
1987-04-01 00:00:00-05:00,0.0,0.4993021786212921,0.4946790262227045,0.4993021786212921,362832,0.0,0.0
1987-04-02 00:00:00-05:00,0.0,0.5039255069656224,0.49930235295285913,0.5016140341758728,306102,0.0,0.0
1987-04-03 00:00:00-05:00,0.0,0.5039255069656224,0.49930235295285913,0.5016140341758728,945490,0.0,0.0
1987-04-06 00:00:00-04:00,0.0,0.5016136853556442,0.4946788549423218,0.4946788549423218,1016402,0.0,0.0
1987-04-07 00:00:00-04:00,0.0,0.496990812591088,0.48543282491399864,0.49005597829818726,1135770,0.0,0.0
1987-04-08 00:00:00-04:00,0.0,0.49005597829818726,0.48543282491399864,0.49005597829818726,828486,0.0,0.0
1987-04-09 00:00:00-04:00,0.0,0.49005584378694134,0.48080953955650324,0.4808095395565033,137096,0.0,0.0
1987-04-10 00:00:00-04:00,0.0,0.4854328171561515,0.4692516242451611,0.4738747775554657,439653,0.0,0.0
1987-04-13 00:00:00-04:00,0.0,0.4715629202298371,0.44151234402335787,0.44382402300834656,450290,0.0,0.0
1987-04-14 00:00:00-04:00,0.0,0.45538194225617956,0.4368893119783753,0.44613564014434814,624024,0.0,0.0
1987-04-15 00:00:00-04:00,0.0,0.4530704709447871,0.4438241688329556,0.44613564014434814,855669,0.0,0.0
1987-04-16 00:00:00-04:00,0.0,0.453070464722158,0.4438241627373185,0.45075878500938416,446744,0.0,0.0
1987-04-20 00:00:00-04:00,0.0,0.45538193600180393,0.44844731372973823,0.45075878500938416,304921,0.0,0.0
1987-04-21 00:00:00-04:00,0.0,0.4669399559497833,0.4507588219342387,0.4669399559497833,1281139,0.0,0.0
1987-04-22 00:00:00-04:00,0.0,0.4784978366206941,0.46231685709205167,0.4761863648891449,638206,0.0,0.0
1987-04-23 00:00:00-04:00,0.0,0.47618631080033935,0.46231680457864843,0.4669399559497833,626387,0.0,0.0
1987-04-24 00:00:00-04:00,0.0,0.46462823798664343,0.45075878500938416,0.45075878500938416,410106,0.0,0.0
1987-04-27 00:00:00-04:00,0.0,0.45538219918189116,0.4392012655735016,0.4392012655735016,1782249,0.0,0.0
1987-04-28 00:00:00-04:00,0.0,0.45538193600180393,0.45075878500938416,0.45075878500938416,349831,0.0,0.0
1987-04-29 00:00:00-04:00,0.0,0.45538193600180393,0.45075878500938416,0.45075878500938416,166643,0.0,0.0
1987-04-30 00:00:00-04:00,0.0,0.453070464722158,0.44844731372973823,0.45075878500938416,797757,0.0,0.0
1987-05-01 00:00:00-04:00,0.0,0.45769354701042175,0.44613556704777124,0.45769354701042175,742210,0.0,0.0
1987-05-04 00:00:00-04:00,0.0,0.49005597829818726,0.4553821715918459,0.49005597829818726,1541149,0.0,0.0
1987-05-05 00:00:00-04:00,0.0,0.5201064081947823,0.4923674476973508,0.5177947282791138,2068260,0.0,0.0
1987-05-06 00:00:00-04:00,0.0,0.5293528138839123,0.5108602046966553,0.5108602046966553,895852,0.0,0.0
1987-05-07 00:00:00-04:00,0.0,0.513171635817055,0.4993021786212921,0.4993021786212921,705572,0.0,0.0
1987-05-08 00:00:00-04:00,0.0,0.4993021786212921,0.4946790262227045,0.4993021786212921,295466,0.0,0.0
1987-05-11 00:00:00-04:00,0.0,0.5085484156643263,0.4946789603163974,0.5039252638816833,521201,0.0,0.0
1987-05-12 00:00:00-04:00,0.0,0.5062370114357692,0.4993021786212921,0.4993021786212921,211553,0.0,0.0
1987-05-13 00:00:00-04:00,0.0,0.5062371881886361,0.49930235295285913,0.5016140341758728,295466,0.0,0.0
1987-05-14 00:00:00-04:00,0.0,0.5062371881886361,0.49930235295285913,0.5016140341758728,291920,0.0,0.0
1987-05-15 00:00:00-04:00,0.0,0.5039252140593803,0.49467891140826187,0.4969905912876129,159551,0.0,0.0
1987-05-18 00:00:00-04:00,0.0,0.4946791316823758,0.48543282491399864,0.49005597829818726,127641,0.0,0.0
1987-05-19 00:00:00-04:00,0.0,0.4900559826698943,0.4854328292444633,0.4877445101737976,158370,0.0,0.0
1987-05-20 00:00:00-04:00,0.0,0.4923677146434784,0.48774456073876044,0.4923677146434784,185552,0.0,0.0
1987-05-21 00:00:00-04:00,0.0,0.49930234128392575,0.4923677146434784,0.4923677146434784,222190,0.0,0.0
1987-05-22 00:00:00-04:00,0.0,0.4946791873792078,0.4923677146434784,0.4923677146434784,306102,0.0,0.0
1987-05-26 00:00:00-04:00,0.0,0.4993021786212921,0.4923675542400063,0.4993021786212921,938399,0.0,0.0
1987-05-27 00:00:00-04:00,0.0,0.4993021786212921,0.4946790262227045,0.4993021786212921,629933,0.0,0.0
1987-05-28 00:00:00-04:00,0.0,0.49930206273382105,0.49467891140826187,0.4969905912876129,537748,0.0,0.0
1987-05-29 00:00:00-04:00,0.0,0.5016136853556442,0.4946788549423218,0.4946788549423218,2784469,0.0,0.0
1987-06-01 00:00:00-04:00,0.0,0.5030630230903625,0.49840504817772957,0.5030630230903625,100458,0.01692,0.0
1987-06-02 00:00:00-04:00,0.0,0.5030630230903625,0.49840504817772957,0.5030630230903625,143005,0.0,0.0
1987-06-03 00:00:00-04:00,0.0,0.505392115548255,0.49840504817772957,0.5030630230903625,166643,0.0,0.0
1987-06-04 00:00:00-04:00,0.0,0.5263526924232471,0.5077207493951458,0.5216947197914124,301375,0.0,0.0
1987-06-05 00:00:00-04:00,0.0,0.5286817837406891,0.5216947197914124,0.5216947197914124,156006,0.0,0.0
1987-06-08 00:00:00-04:00,0.0,0.5263526924232471,0.5216947197914124,0.5216947197914124,131187,0.0,0.0
1987-06-09 00:00:00-04:00,0.0,0.5263527035713196,0.5216947308408296,0.5263527035713196,533020,0.0,0.0
1987-06-10 00:00:00-04:00,0.0,0.5216947197914124,0.5216947197914124,0.5216947197914124,34274,0.0,0.0
1987-06-11 00:00:00-04:00,0.0,0.5403267023506245,0.5263525775030843,0.5356687307357788,290738,0.0,0.0
1987-06-12 00:00:00-04:00,0.0,0.5636164801039846,0.5356686045003444,0.5566294193267822,711481,0.0,0.0
1987-06-15 00:00:00-04:00,0.0,0.570603404955048,0.5612874627113342,0.5612874627113342,1379234,0.0,0.0
1987-06-16 00:00:00-04:00,0.0,0.5659454338331912,0.5612874627113342,0.5612874627113342,471563,0.0,0.0
1987-06-17 00:00:00-04:00,0.0,0.5636166213195316,0.5543006779510983,0.5589586496353149,413652,0.0,0.0
1987-06-18 00:00:00-04:00,0.0,0.5566294193267822,0.5519713963088935,0.5566294193267822,426652,0.0,0.0
1987-06-19 00:00:00-04:00,0.0,0.5566294867901208,0.5543006062507629,0.5543006062507629,40183,0.0,0.0
1987-06-22 00:00:00-04:00,0.0,0.5566294193267822,0.554300539069684,0.5566294193267822,35456,0.0,0.0
1987-06-23 00:00:00-04:00,0.0,0.5659458135604719,0.5566298650661247,0.563616931438446,1932346,0.0,0.0
1987-06-24 00:00:00-04:00,0.0,0.5659454338331912,0.5612874627113342,0.5612874627113342,1573059,0.0,0.0
1987-06-25 00:00:00-04:00,0.0,0.5659455021601367,0.5589586496353149,0.5589586496353149,862760,0.0,0.0
1987-06-26 00:00:00-04:00,0.0,0.5659454338331912,0.5589585821518963,0.5612874627113342,427834,0.0,0.0
1987-06-29 00:00:00-04:00,0.0,0.5682749056856197,0.5612878393132983,0.563616931438446,561385,0.0,0.0
1987-06-30 00:00:00-04:00,0.0,0.57060307264328,0.5636162250310339,0.57060307264328,424289,0.0,0.0
1987-07-01 00:00:00-04:00,0.0,0.5682745930037483,0.5566295587917034,0.5589586496353149,2796287,0.0,0.0
1987-07-02 00:00:00-04:00,0.0,0.5636166213195316,0.5589586496353149,0.5589586496353149,165461,0.0,0.0
1987-07-06 00:00:00-04:00,0.0,0.5659458135604719,0.5589589571912724,0.563616931438446,20092,0.0,0.0
1987-07-07 00:00:00-04:00,0.0,0.5636166213195316,0.5589586496353149,0.5589586496353149,145369,0.0,0.0
1987-07-08 00:00:00-04:00,0.0,0.563616931438446,0.563616931438446,0.563616931438446,60275,0.0,0.0
1987-07-09 00:00:00-04:00,0.0,0.5636166213195316,0.5589586496353149,0.5589586496353149,943126,0.0,0.0
1987-07-10 00:00:00-04:00,0.0,0.5682744772558118,0.5589585357848788,0.5659453868865967,517656,0.0,0.0
1987-07-13 00:00:00-04:00,0.0,0.57060307264328,0.565945104234163,0.57060307264328,245827,0.0,0.0
1987-07-14 00:00:00-04:00,0.0,0.5706036776816173,0.5659457043334286,0.5682747960090637,20092,0.0,0.0
1987-07-15 00:00:00-04:00,0.0,0.5706037878076455,0.563616931438446,0.563616931438446,319103,0.0,0.0
1987-07-16 00:00:00-04:00,0.0,0.5682749056856197,0.563616931438446,0.563616931438446,327376,0.0,0.0
1987-07-17 00:00:00-04:00,0.0,0.5682747960090637,0.563616822660875,0.5682747960090637,399470,0.0,0.0
1987-07-20 00:00:00-04:00,0.0,0.5682749056856197,0.563616931438446,0.563616931438446,43729,0.0,0.0
1987-07-21 00:00:00-04:00,0.0,0.563616931438446,0.563616931438446,0.563616931438446,47275,0.0,0.0
1987-07-22 00:00:00-04:00,0.0,0.5706033576220632,0.5659453868865967,0.5659453868865967,895852,0.0,0.0
1987-07-23 00:00:00-04:00,0.0,0.5682744772558118,0.5636165065203452,0.5659453868865967,388833,0.0,0.0
1987-07-24 00:00:00-04:00,0.0,0.5682749056856197,0.563616931438446,0.563616931438446,48456,0.0,0.0
1987-07-27 00:00:00-04:00,0.0,0.5682747960090637,0.563616822660875,0.5682747960090637,29547,0.0,0.0
1987-07-28 00:00:00-04:00,0.0,0.5682744772558118,0.5636165065203452,0.5659453868865967,972673,0.0,0.0
1987-07-29 00:00:00-04:00,0.0,0.5706036776816173,0.563616822660875,0.5682747960090637,1659335,0.0,0.0
1987-07-30 00:00:00-04:00,0.0,0.5706033576220632,0.5636165065203452,0.5659453868865967,382924,0.0,0.0
1987-07-31 00:00:00-04:00,0.0,0.5706036776816173,0.5659457043334286,0.5682747960090637,221008,0.0,0.0
1987-08-03 00:00:00-04:00,0.0,0.5729327693572523,0.563616822660875,0.5682747960090637,459745,0.0,0.0
1987-08-04 00:00:00-04:00,0.0,0.5799196453255545,0.5636168430195534,0.5775907635688782,473927,0.0,0.0
1987-08-05 00:00:00-04:00,0.0,0.58457753993424,0.5752613875025114,0.5822484493255615,750483,0.0,0.0
1987-08-06 00:00:00-04:00,0.0,0.5822489075049487,0.5775909326251549,0.5799198150634766,1992621,0.0,0.0
1987-08-07 00:00:00-04:00,0.0,0.5822487370853198,0.5775907635688782,0.5775907635688782,114641,0.0,0.0
1987-08-10 00:00:00-04:00,0.0,0.5845776796340942,0.5775906161413058,0.5845776796340942,847396,0.0,0.0
1987-08-11 00:00:00-04:00,0.0,0.6008804400296175,0.5822485010172517,0.5938935875892639,544839,0.0,0.0
1987-08-12 00:00:00-04:00,0.0,0.605538547039032,0.5985516930366129,0.605538547039032,170188,0.0,0.0
1987-08-13 00:00:00-04:00,0.0,0.605538547039032,0.6008805743697356,0.605538547039032,41365,0.0,0.0
1987-08-14 00:00:00-04:00,0.0,0.607867707159389,0.6032097339630127,0.6032097339630127,211553,0.0,0.0
1987-08-17 00:00:00-04:00,0.0,0.6101968387121345,0.607867956161499,0.607867956161499,899398,0.0,0.0
1987-08-18 00:00:00-04:00,0.0,0.607867707159389,0.6032097339630127,0.6032097339630127,138278,0.0,0.0
1987-08-19 00:00:00-04:00,0.0,0.6078676383752056,0.6008805743697356,0.605538547039032,187916,0.0,0.0
1987-08-20 00:00:00-04:00,0.0,0.6078676383752056,0.6008805743697356,0.605538547039032,295466,0.0,0.0
1987-08-21 00:00:00-04:00,0.0,0.6101965197083283,0.605538547039032,0.605538547039032,41365,0.0,0.0
1987-08-24 00:00:00-04:00,0.0,0.6125256110445019,0.605538547039032,0.605538547039032,138278,0.0,0.0
1987-08-25 00:00:00-04:00,0.0,0.612525463104248,0.6055384007863288,0.612525463104248,53184,0.0,0.0
1987-08-26 00:00:00-04:00,0.0,0.6125256604783479,0.6008806228637695,0.6008806228637695,605114,0.0,0.0
1987-08-27 00:00:00-04:00,0.0,0.607867707159389,0.5985517607666364,0.6032097339630127,268283,0.0,0.0
1987-08-28 00:00:00-04:00,0.0,0.6008802516233891,0.593893401373765,0.5962222814559937,122914,0.0,0.0
1987-08-31 00:00:00-04:00,0.0,0.6037176136593418,0.5985577153963422,0.601137638092041,99921,0.01899,1.1
1987-09-01 00:00:00-04:00,0.0,0.6011372477256954,0.5933973789215088,0.5933973789215088,226703,0.0,0.0
1987-09-02 00:00:00-04:00,0.0,0.598557326705345,0.5933973789215088,0.5933973789215088,136451,0.0,0.0
1987-09-03 00:00:00-04:00,0.0,0.5985580086708069,0.5933980550079913,0.5985580086708069,110665,0.0,0.0
1987-09-04 00:00:00-04:00,0.0,0.598557326705345,0.5933973789215088,0.5933973789215088,21488,0.0,0.0
1987-09-08 00:00:00-04:00,0.0,0.5985574740684494,0.590817391872406,0.590817391872406,717713,0.0,0.0
1987-09-09 00:00:00-04:00,0.0,0.5985580086708069,0.5908179195616994,0.5985580086708069,121410,0.0,0.0
1987-09-10 00:00:00-04:00,0.0,0.598557326705345,0.5933973789215088,0.5933973789215088,215959,0.0,0.0
1987-09-11 00:00:00-04:00,0.0,0.5985580086708069,0.5933980550079913,0.5985580086708069,51572,0.0,0.0
1987-09-14 00:00:00-04:00,0.0,0.598557326705345,0.5933973789215088,0.5933973789215088,33307,0.0,0.0
1987-09-15 00:00:00-04:00,0.0,0.598557326705345,0.5933973789215088,0.5933973789215088,656471,0.0,0.0
1987-09-16 00:00:00-04:00,0.0,0.6011379326305867,0.5933980550079913,0.5985580086708069,840197,0.0,0.0
1987-09-17 00:00:00-04:00,0.0,0.603717565536499,0.5933977169615015,0.603717565536499,122484,0.0,0.0
1987-09-18 00:00:00-04:00,0.0,0.603717565536499,0.5985576676847992,0.603717565536499,107442,0.0,0.0
1987-09-21 00:00:00-04:00,0.0,0.6088777234087499,0.601137638092041,0.601137638092041,224554,0.0,0.0
1987-09-22 00:00:00-04:00,0.0,0.6037176136593418,0.5933977642617404,0.601137638092041,1437575,0.0,0.0
1987-09-23 00:00:00-04:00,0.0,0.6037176136593418,0.5985577153963422,0.601137638092041,166535,0.0,0.0
1987-09-24 00:00:00-04:00,0.0,0.6011379326305867,0.5985580086708069,0.5985580086708069,106368,0.0,0.0
1987-09-25 00:00:00-04:00,0.0,0.6011379326305867,0.5985580086708069,0.5985580086708069,195545,0.0,0.0
1987-09-28 00:00:00-04:00,0.0,0.5985580086708069,0.595978031839399,0.5985580086708069,491010,0.0,0.0
1987-09-29 00:00:00-04:00,0.0,0.5985574596448311,0.5933975107149713,0.5959774851799011,849867,0.0,0.0
1987-09-30 00:00:00-04:00,0.0,0.6011372477256954,0.5933973789215088,0.5933973789215088,120335,0.0,0.0
1987-10-01 00:00:00-04:00,0.0,0.598557326705345,0.5933973789215088,0.5933973789215088,1128142,0.0,0.0
1987-10-02 00:00:00-04:00,0.0,0.6011379326305867,0.5933980550079913,0.5985580086708069,156865,0.0,0.0
1987-10-05 00:00:00-04:00,0.0,0.595977499541349,0.5882374173453057,0.590817391872406,839123,0.0,0.0
1987-10-06 00:00:00-04:00,0.0,0.590817391872406,0.5856574956897861,0.590817391872406,175131,0.0,0.0
1987-10-07 00:00:00-04:00,0.0,0.5856572182045603,0.5804973244667053,0.5804973244667053,150419,0.0,0.0
1987-10-08 00:00:00-04:00,0.0,0.585657338229769,0.572757363319397,0.572757363319397,276126,0.0,0.0
1987-10-09 00:00:00-04:00,0.0,0.5753373114595308,0.5650175213813782,0.5650175213813782,213810,0.0,0.0
1987-10-12 00:00:00-04:00,0.0,0.5701778487027255,0.5624378152254866,0.5675979256629944,200917,0.0,0.0
1987-10-13 00:00:00-04:00,0.0,0.5675979256629944,0.5624378152254866,0.5675979256629944,169758,0.0,0.0
1987-10-14 00:00:00-04:00,0.0,0.5624376535415649,0.5624376535415649,0.5624376535415649,61242,0.0,0.0
1987-10-15 00:00:00-04:00,0.0,0.5675979256629944,0.5624378152254866,0.5675979256629944,49423,0.0,0.0
1987-10-16 00:00:00-04:00,0.0,0.5650180761071542,0.559857964515686,0.559857964515686,276126,0.0,0.0
1987-10-19 00:00:00-04:00,0.0,0.5650177250061663,0.5366378426551819,0.5366378426551819,748871,0.0,0.0
1987-10-20 00:00:00-04:00,0.0,0.5340583245876055,0.4772985113349882,0.4824584126472473,598452,0.0,0.0
1987-10-21 00:00:00-04:00,0.0,0.5005177236154992,0.48503782617814084,0.49277785420417786,811188,0.0,0.0
1987-10-22 00:00:00-04:00,0.0,0.4979378299425351,0.4747178478573368,0.4798780083656311,647876,0.0,0.0
1987-10-23 00:00:00-04:00,0.0,0.47471797466278076,0.4695580771340901,0.47471797466278076,587708,0.0,0.0
1987-10-26 00:00:00-05:00,0.0,0.469557804376655,0.44891801476478577,0.44891801476478577,1056156,0.0,0.0
1987-10-27 00:00:00-05:00,0.0,0.45665802704289854,0.4308580938523268,0.4360182285308838,3082513,0.0,0.0
1987-10-28 00:00:00-05:00,0.0,0.4334381591293901,0.38957833517983226,0.39473825693130493,232075,0.0,0.0
1987-10-29 00:00:00-05:00,0.0,0.4076380431652069,0.3895781788837242,0.4076380431652069,583410,0.0,0.0
1987-10-30 00:00:00-05:00,0.0,0.4514979355947056,0.41279803927884945,0.44891801476478577,1514933,0.0,0.0
1987-11-02 00:00:00-05:00,0.0,0.4695582091808319,0.4463384258498005,0.4695582091808319,873504,0.0,0.0
1987-11-03 00:00:00-05:00,0.0,0.46955784519814964,0.4540779487719231,0.45923784375190735,1195830,0.0,0.0
1987-11-04 00:00:00-05:00,0.0,0.4618182570050097,0.45407817279435425,0.45665809512138367,510350,0.0,0.0
1987-11-05 00:00:00-05:00,0.0,0.4618180990219116,0.4566579389035219,0.4618180990219116,119261,0.0,0.0
1987-11-06 00:00:00-05:00,0.0,0.46697791091207497,0.45923783073935653,0.46439793705940247,980946,0.0,0.0
1987-11-09 00:00:00-05:00,0.0,0.46697799478241914,0.4618180990219116,0.4618180990219116,143972,0.0,0.0
1987-11-10 00:00:00-05:00,0.0,0.4643980204663772,0.4618180990219116,0.4618180990219116,723085,0.0,0.0
1987-11-11 00:00:00-05:00,0.0,0.46697791091207497,0.46181801607829687,0.46439793705940247,997062,0.0,0.0
1987-11-12 00:00:00-05:00,0.0,0.4721379094829717,0.4643980390959335,0.4669780135154724,439438,0.0,0.0
1987-11-13 00:00:00-05:00,0.0,0.47471783103093207,0.4669780135154724,0.4669780135154724,1146407,0.0,0.0
1987-11-16 00:00:00-05:00,0.0,0.4721379094829717,0.4669780135154724,0.4669780135154724,99921,0.0,0.0
1987-11-17 00:00:00-05:00,0.0,0.4721381851065021,0.46439831020110106,0.4695582091808319,333070,0.0,0.0
1987-11-18 00:00:00-05:00,0.0,0.4721381851065021,0.4669782861267712,0.4695582091808319,171907,0.0,0.0
1987-11-19 00:00:00-05:00,0.0,0.4721381851065021,0.4669782861267712,0.4695582091808319,335219,0.0,0.0
1987-11-20 00:00:00-05:00,0.0,0.4695582091808319,0.46439831020110106,0.4695582091808319,597378,0.0,0.0
1987-11-23 00:00:00-05:00,0.0,0.46955783189318057,0.46439793705940247,0.46439793705940247,373898,0.0,0.0
1987-11-24 00:00:00-05:00,0.0,0.46955783189318057,0.46439793705940247,0.46439793705940247,442661,0.0,0.0
1987-11-25 00:00:00-05:00,0.0,0.46697791091207497,0.45923783073935653,0.46439793705940247,388940,0.0,0.0
1987-11-27 00:00:00-05:00,0.0,0.46439825384079164,0.45149827003479004,0.45149827003479004,62316,0.0,0.0
1987-11-30 00:00:00-05:00,0.0,0.44633824551445284,0.4308581054210663,0.4308581054210663,1903873,0.0,0.0
1987-12-01 00:00:00-05:00,0.0,0.43859817967432463,0.42311825138533726,0.4282781481742859,318029,0.0,0.0
1987-12-02 00:00:00-05:00,0.0,0.42827806992224815,0.42053822615299646,0.4231181740760803,383568,0.0,0.0
1987-12-03 00:00:00-05:00,0.0,0.4256982244232882,0.4153781923258275,0.4179583787918091,525392,0.0,0.0
1987-12-04 00:00:00-05:00,0.0,0.42053854447760364,0.40763855717550346,0.4102185070514679,357782,0.0,0.0
1987-12-07 00:00:00-05:00,0.0,0.4102185070514679,0.40763855717550346,0.4102185070514679,260010,0.0,0.0
1987-12-08 00:00:00-05:00,0.0,0.4323023557662964,0.4114685937781293,0.4323023557662964,201991,0.01722,0.0
1987-12-09 00:00:00-05:00,0.0,0.43230234587479766,0.41928115487098694,0.41928115487098694,556550,0.0,0.0
1987-12-10 00:00:00-05:00,0.0,0.42709390816678344,0.40105155634150236,0.41667690873146057,611345,0.0,0.0
1987-12-11 00:00:00-05:00,0.0,0.41928109855087153,0.4140727189120496,0.41667690873146057,446959,0.0,0.0
1987-12-14 00:00:00-05:00,0.0,0.4166770319956687,0.41146865081606837,0.41407284140586853,598452,0.0,0.0
1987-12-15 00:00:00-05:00,0.0,0.4140727323028191,0.4062601625919342,0.4062601625919342,679034,0.0,0.0
1987-12-16 00:00:00-05:00,0.0,0.4088646073793233,0.4010518193244934,0.4010518193244934,829453,0.0,0.0
1987-12-17 00:00:00-05:00,0.0,0.40886445959466433,0.3958432665080282,0.3984474837779999,2190744,0.0,0.0
1987-12-18 00:00:00-05:00,0.0,0.4114688849550256,0.3932393002954575,0.40365609526634216,391089,0.0,0.0
1987-12-21 00:00:00-05:00,0.0,0.4244897183473725,0.40365574616091326,0.41667690873146057,753169,0.0,0.0
1987-12-22 00:00:00-05:00,0.0,0.42969811300230465,0.42188554327105593,0.4270939230918884,301912,0.0,0.0
1987-12-23 00:00:00-05:00,0.0,0.42709407641391056,0.421885694723327,0.4244898855686188,342740,0.0,0.0
1987-12-24 00:00:00-05:00,0.0,0.42969826725920235,0.4244898855686188,0.4244898855686188,137526,0.0,0.0
1987-12-28 00:00:00-05:00,0.0,0.4244898439228193,0.41407284140586853,0.41407284140586853,600601,0.0,0.0
1987-12-29 00:00:00-05:00,0.0,0.42188572883605957,0.414072915510684,0.42188572883605957,858462,0.0,0.0
1987-12-30 00:00:00-05:00,0.0,0.42448977536713806,0.41667696470176707,0.41928115487098694,371750,0.0,0.0
1987-12-31 00:00:00-05:00,0.0,0.4244897183473725,0.41667690873146057,0.41667690873146057,471671,0.0,0.0
1988-01-04 00:00:00-05:00,0.0,0.4270939230918884,0.416676923292536,0.4270939230918884,467373,0.0,0.0
1988-01-05 00:00:00-05:00,0.0,0.4479277012683679,0.42709396639900743,0.43751096725463867,613494,0.0,0.0
1988-01-06 00:00:00-05:00,0.0,0.4479277431964874,0.4375110082077034,0.4479277431964874,80582,0.0,0.0
1988-01-07 00:00:00-05:00,0.0,0.4687618768806307,0.4401153207028366,0.4609490633010864,585559,0.0,0.0
1988-01-08 00:00:00-05:00,0.0,0.4661577124242497,0.4609490633010864,0.4609490633010864,444810,0.0,0.0
1988-01-11 00:00:00-05:00,0.0,0.46355331907843855,0.4583449363708496,0.4583449363708496,544731,0.0,0.0
1988-01-12 00:00:00-05:00,0.0,0.463553249835968,0.4583448679063722,0.463553249835968,291168,0.0,0.0
1988-01-13 00:00:00-05:00,0.0,0.47917844233892354,0.46355308851434623,0.47136589884757996,260010,0.0,0.0
1988-01-14 00:00:00-05:00,0.0,0.48699148910079854,0.471366127690292,0.47657451033592224,294391,0.0,0.0
1988-01-15 00:00:00-05:00,0.0,0.4869915246963501,0.47917870999902684,0.4869915246963501,96698,0.0,0.0
1988-01-18 00:00:00-05:00,0.0,0.48438731647019295,0.47917866706848145,0.47917866706848145,462001,0.0,0.0
1988-01-19 00:00:00-05:00,0.0,0.48699132388901756,0.4817829430103302,0.4817829430103302,234224,0.0,0.0
1988-01-20 00:00:00-05:00,0.0,0.48699148106583956,0.47917866706848145,0.47917866706848145,133228,0.0,0.0
1988-01-21 00:00:00-05:00,0.0,0.48438731647019295,0.47917866706848145,0.47917866706848145,53721,0.0,0.0
1988-01-22 00:00:00-05:00,0.0,0.48699132388901756,0.4791785124132503,0.4817829430103302,198768,0.0,0.0
1988-01-25 00:00:00-05:00,0.0,0.4921996961267298,0.47917850400087314,0.48959553241729736,229926,0.0,0.0
1988-01-26 00:00:00-05:00,0.0,0.5000122785568237,0.4921994707949655,0.5000122785568237,16116,0.0,0.0
1988-01-27 00:00:00-05:00,0.0,0.4974082532191159,0.4921996593475342,0.4921996593475342,6447,0.0,0.0
1988-01-28 00:00:00-05:00,0.0,0.5000126453383332,0.49219983184542887,0.4948042631149292,78433,0.0,0.0
1988-01-29 00:00:00-05:00,0.0,0.4974084198474884,0.4921998242310632,0.4974084198474884,156865,0.0,0.0
1988-02-01 00:00:00-05:00,0.0,0.5000122785568237,0.49480390015399967,0.5000122785568237,213810,0.0,0.0
1988-02-02 00:00:00-05:00,0.0,0.5000122785568237,0.49480390015399967,0.5000122785568237,53721,0.0,0.0
1988-02-03 00:00:00-05:00,0.0,0.5000126453383332,0.48959566741792665,0.4948042631149292,429768,0.0,0.0
1988-02-04 00:00:00-05:00,0.0,0.4974082532191159,0.48959549583269557,0.4921996593475342,540434,0.0,0.0
1988-02-05 00:00:00-05:00,0.0,0.5052206569596479,0.4921994707949655,0.5000122785568237,349187,0.0,0.0
1988-02-08 00:00:00-05:00,0.0,0.505220890045166,0.5000125092394363,0.505220890045166,181577,0.0,0.0
1988-02-09 00:00:00-05:00,0.0,0.5234504647687778,0.5026166746344478,0.5208462476730347,206289,0.0,0.0
1988-02-10 00:00:00-05:00,0.0,0.5364715524345666,0.5234503627567015,0.5312631726264954,496382,0.0,0.0
1988-02-11 00:00:00-05:00,0.0,0.5312634424209303,0.5286592245101929,0.5286592245101929,69837,0.0,0.0
1988-02-12 00:00:00-05:00,0.0,0.5286593114538153,0.5130339480512327,0.5156381130218506,659694,0.0,0.0
1988-02-16 00:00:00-05:00,0.0,0.5182423313608793,0.510429729712204,0.5156381130218506,19340,0.0,0.0
1988-02-17 00:00:00-05:00,0.0,0.5130334790733732,0.5078248336830374,0.5104292631149292,179428,0.0,0.0
1988-02-18 00:00:00-05:00,0.0,0.5130338072776794,0.5104295896532333,0.5130338072776794,45126,0.0,0.0
1988-02-19 00:00:00-05:00,0.0,0.5169174231381122,0.5142934918403625,0.5142934918403625,183726,0.01722,0.0
1988-02-22 00:00:00-05:00,0.0,0.5142934918403625,0.5090454679276942,0.5142934918403625,269680,0.0,0.0
1988-02-23 00:00:00-05:00,0.0,0.5169174231381122,0.5116693454530543,0.5142934918403625,97772,0.0,0.0
1988-02-24 00:00:00-05:00,0.0,0.5169177055358887,0.5142937728046559,0.5169177055358887,69837,0.0,0.0
1988-02-25 00:00:00-05:00,0.0,0.5195415844947023,0.5142937728046559,0.5169177055358887,355633,0.0,0.0
1988-02-26 00:00:00-05:00,0.0,0.5169174231381122,0.5142934918403625,0.5142934918403625,126782,0.0,0.0
1988-02-29 00:00:00-05:00,0.0,0.5169177055358887,0.5116696249837471,0.5169177055358887,238521,0.0,0.0
1988-03-01 00:00:00-05:00,0.0,0.5169177055358887,0.5116696249837471,0.5169177055358887,287945,0.0,0.0
1988-03-02 00:00:00-05:00,0.0,0.5116693377494812,0.5116693377494812,0.5116693377494812,10744,0.0,0.0
1988-03-03 00:00:00-05:00,0.0,0.5169174153555253,0.5116693377494812,0.5116693377494812,69837,0.0,0.0
1988-03-04 00:00:00-05:00,0.0,0.5195415844947023,0.5116696249837471,0.5169177055358887,400759,0.0,0.0
1988-03-07 00:00:00-05:00,0.0,0.5221654772758484,0.516917665987304,0.5221654772758484,18265,0.0,0.0
1988-03-08 00:00:00-05:00,0.0,0.530037522315979,0.5169177499867794,0.530037522315979,181577,0.0,0.0
1988-03-09 00:00:00-05:00,0.0,0.5326610499169165,0.5247890949249268,0.5247890949249268,111740,0.0,0.0
1988-03-10 00:00:00-05:00,0.0,0.5274132885643927,0.5221654772758484,0.5221654772758484,251414,0.0,0.0
1988-03-11 00:00:00-05:00,0.0,0.5247890118221582,0.5195412039756775,0.5195412039756775,367452,0.0,0.0
1988-03-14 00:00:00-05:00,0.0,0.5247890118221582,0.5195412039756775,0.5195412039756775,52647,0.0,0.0
1988-03-15 00:00:00-05:00,0.0,0.5169177055358887,0.5169177055358887,0.5169177055358887,42977,0.0,0.0
1988-03-16 00:00:00-05:00,0.0,0.5169170739466581,0.5090451240539551,0.5090451240539551,337368,0.0,0.0
1988-03-17 00:00:00-05:00,0.0,0.5169174231381122,0.5116693454530543,0.5142934918403625,713415,0.0,0.0
1988-03-18 00:00:00-05:00,0.0,0.5221654772758484,0.5142937334568245,0.5221654772758484,117112,0.0,0.0
1988-03-21 00:00:00-05:00,0.0,0.5221655172259351,0.5169177055358887,0.5169177055358887,307284,0.0,0.0
1988-03-22 00:00:00-05:00,0.0,0.5195412039756775,0.5169173269386269,0.5195412039756775,146121,0.0,0.0
1988-03-23 00:00:00-05:00,0.0,0.5142934840972809,0.5090454602636257,0.5116693377494812,291168,0.0,0.0
1988-03-24 00:00:00-05:00,0.0,0.5116693377494812,0.5090454602636257,0.5116693377494812,249266,0.0,0.0
1988-03-25 00:00:00-05:00,0.0,0.5142931444214437,0.5064211945287407,0.5090451240539551,184800,0.0,0.0
1988-03-28 00:00:00-05:00,0.0,0.5090456771999223,0.5011739338429344,0.5064217448234558,165461,0.0,0.0
1988-03-29 00:00:00-05:00,0.0,0.5037978081825293,0.4959258506427339,0.4985499978065491,268605,0.0,0.0
1988-03-30 00:00:00-05:00,0.0,0.4985497422020707,0.49330171942710876,0.49330171942710876,526466,0.0,0.0
1988-03-31 00:00:00-05:00,0.0,0.5097015806333113,0.4904156277800271,0.5069464445114136,280373,0.0,1.05
1988-04-04 00:00:00-04:00,0.0,0.5097015704519486,0.5014360547065735,0.5014360547065735,95163,0.0,0.0
1988-04-05 00:00:00-04:00,0.0,0.5069464343850851,0.5014360547065735,0.5014360547065735,139163,0.0,0.0
1988-04-06 00:00:00-04:00,0.0,0.5069464694410968,0.501436089381535,0.5041912794113159,123814,0.0,0.0
1988-04-07 00:00:00-04:00,0.0,0.5041912445458293,0.5014360547065735,0.5014360547065735,127907,0.0,0.0
1988-04-08 00:00:00-04:00,0.0,0.5041913055866802,0.4904156773569832,0.498680979013443,348931,0.0,0.0
1988-04-11 00:00:00-04:00,0.0,0.49868100422545864,0.49317062360123204,0.49592581391334534,135070,0.0,0.0
1988-04-12 00:00:00-04:00,0.0,0.498680979013443,0.49317059866780694,0.498680979013443,147349,0.0,0.0
1988-04-13 00:00:00-04:00,0.0,0.49317070841789246,0.49317070841789246,0.49317070841789246,5116,0.0,0.0
1988-04-14 00:00:00-04:00,0.0,0.4986810899898074,0.49317070841789246,0.49317070841789246,53209,0.0,0.0
1988-04-15 00:00:00-04:00,0.0,0.4931703920503192,0.47663963434588974,0.48214995861053467,456373,0.0,0.0
1988-04-18 00:00:00-04:00,0.0,0.48214995861053467,0.47663963434588974,0.48214995861053467,156558,0.0,0.0
1988-04-19 00:00:00-04:00,0.0,0.48214998853219654,0.4793948531150818,0.4793948531150818,318233,0.0,0.0
1988-04-20 00:00:00-04:00,0.0,0.48214995861053467,0.47663963434588974,0.48214995861053467,509582,0.0,0.0
1988-04-21 00:00:00-04:00,0.0,0.48214998853219654,0.4793948531150818,0.4793948531150818,14326,0.0,0.0
1988-04-22 00:00:00-04:00,0.0,0.48214998853219654,0.4793948531150818,0.4793948531150818,88000,0.0,0.0
1988-04-25 00:00:00-04:00,0.0,0.4821504349561307,0.47664010524749756,0.47664010524749756,372466,0.0,0.0
1988-04-26 00:00:00-04:00,0.0,0.4821504349561307,0.47664010524749756,0.47664010524749756,568931,0.0,0.0
1988-04-27 00:00:00-04:00,0.0,0.48490517772169095,0.4766396639255873,0.4793948531150818,147349,0.0,0.0
1988-04-28 00:00:00-04:00,0.0,0.48766064643859863,0.47663998969312876,0.48766064643859863,100279,0.0,0.0
1988-04-29 00:00:00-04:00,0.0,0.48766046862244,0.48215014225894126,0.48490533232688904,348931,0.0,0.0
1988-05-02 00:00:00-04:00,0.0,0.49317070841789246,0.48766059570803155,0.49317070841789246,116651,0.0,0.0
1988-05-03 00:00:00-04:00,0.0,0.4986809942382068,0.4876605020724726,0.49041569232940674,29674,0.0,0.0
1988-05-04 00:00:00-04:00,0.0,0.4986810899898074,0.49317070841789246,0.49317070841789246,496280,0.0,0.0
1988-05-05 00:00:00-04:00,0.0,0.498680979013443,0.49317059866780694,0.498680979013443,248652,0.0,0.0
1988-05-06 00:00:00-04:00,0.0,0.498680979013443,0.49317059866780694,0.498680979013443,58326,0.0,0.0
1988-05-09 00:00:00-04:00,0.0,0.4986810899898074,0.49317070841789246,0.49317070841789246,287535,0.0,0.0
1988-05-10 00:00:00-04:00,0.0,0.49868100422545864,0.49317062360123204,0.49592581391334534,275256,0.0,0.0
1988-05-11 00:00:00-04:00,0.0,0.4986811418668192,0.48766064643859863,0.48766064643859863,558699,0.0,0.0
1988-05-12 00:00:00-04:00,0.0,0.4931703920503192,0.48214995861053467,0.48214995861053467,595536,0.0,0.0
1988-05-13 00:00:00-04:00,0.0,0.48490517772169095,0.4793948531150818,0.4793948531150818,150419,0.0,0.0
1988-05-16 00:00:00-04:00,0.0,0.48490533232688904,0.47939500596339035,0.48490533232688904,134047,0.0,0.0
1988-05-17 00:00:00-04:00,0.0,0.48766046862244,0.47939500596339035,0.48490533232688904,1079537,0.0,0.0
1988-05-18 00:00:00-04:00,0.0,0.48490517772169095,0.4793948531150818,0.4793948531150818,614978,0.0,0.0
1988-05-19 00:00:00-04:00,0.0,0.48490533232688904,0.47939500596339035,0.48490533232688904,64465,0.0,0.0
1988-05-20 00:00:00-04:00,0.0,0.48766064643859863,0.4793951807657044,0.48766064643859863,573024,0.0,0.0
1988-05-23 00:00:00-04:00,0.0,0.48214998853219654,0.4793948531150818,0.4793948531150818,26605,0.0,0.0
1988-05-24 00:00:00-04:00,0.0,0.48766064643859863,0.4793951807657044,0.48766064643859863,523908,0.0,0.0
1988-05-25 00:00:00-04:00,0.0,0.48766064643859863,0.4793951807657044,0.48766064643859863,975165,0.0,0.0
1988-05-26 00:00:00-04:00,0.0,0.48766046862244,0.48215014225894126,0.48490533232688904,511629,0.0,0.0
1988-05-27 00:00:00-04:00,0.0,0.4876602828751796,0.48214995861053467,0.48214995861053467,621117,0.0,0.0
1988-05-31 00:00:00-04:00,0.0,0.48766064643859863,0.48215031806586367,0.48766064643859863,409303,0.0,0.0
1988-06-01 00:00:00-04:00,0.0,0.5028860814292229,0.48621586772725855,0.4973292350769043,975165,0.01808,0.0
1988-06-02 00:00:00-04:00,0.0,0.5167777306198222,0.5028857328208431,0.5084425210952759,463536,0.0,0.0
1988-06-03 00:00:00-04:00,0.0,0.5167776942253113,0.5056640642333383,0.5167776942253113,510606,0.0,0.0
1988-06-06 00:00:00-04:00,0.0,0.5167778842035318,0.5112210942776498,0.5139994621276855,342791,0.0,0.0
1988-06-07 00:00:00-04:00,0.0,0.5167776942253113,0.5112209063422201,0.5167776942253113,688653,0.0,0.0
1988-06-08 00:00:00-04:00,0.0,0.5195563435554504,0.5139995526509319,0.5195563435554504,438978,0.0,0.0
1988-06-09 00:00:00-04:00,0.0,0.5306701064109802,0.51955668008105,0.5306701064109802,753118,0.0,0.0
1988-06-10 00:00:00-04:00,0.0,0.5362264026638848,0.5306696133233945,0.5334479808807373,851351,0.0,0.0
1988-06-13 00:00:00-04:00,0.0,0.5362263917922974,0.5334479700654803,0.5362263917922974,136093,0.0,0.0
1988-06-14 00:00:00-04:00,0.0,0.5390050411224365,0.5334481953223371,0.5390050411224365,634420,0.0,0.0
1988-06-15 00:00:00-04:00,0.0,0.5390048244470323,0.5334479808807373,0.5334479808807373,391908,0.0,0.0
1988-06-16 00:00:00-04:00,0.0,0.541783332824707,0.5334481195345804,0.541783332824707,6814897,0.0,0.0
1988-06-17 00:00:00-04:00,0.0,0.5445617553300222,0.5390049645452107,0.541783332824707,319256,0.0,0.0
1988-06-20 00:00:00-04:00,0.0,0.5445618326967094,0.5390050411224365,0.5390050411224365,49116,0.0,0.0
1988-06-21 00:00:00-04:00,0.0,0.5445617553300222,0.5390049645452107,0.541783332824707,130977,0.0,0.0
1988-06-22 00:00:00-04:00,0.0,0.5501183271408081,0.5417833307853314,0.5501183271408081,120744,0.0,0.0
1988-06-23 00:00:00-04:00,0.0,0.5473402730188031,0.5306701064109802,0.5306701064109802,297768,0.0,0.0
1988-06-24 00:00:00-04:00,0.0,0.5362263917922974,0.5306696025644668,0.5362263917922974,346884,0.0,0.0
1988-06-27 00:00:00-04:00,0.0,0.5390048244470323,0.5334479808807373,0.5334479808807373,31721,0.0,0.0
1988-06-28 00:00:00-04:00,0.0,0.5390048244470323,0.5334479808807373,0.5334479808807373,15349,0.0,0.0
1988-06-29 00:00:00-04:00,0.0,0.5390048244470323,0.5334479808807373,0.5334479808807373,20465,0.0,0.0
1988-06-30 00:00:00-04:00,0.0,0.5390048244470323,0.5334479808807373,0.5334479808807373,11256,0.0,0.0
1988-07-01 00:00:00-04:00,0.0,0.5445616027469451,0.5362263917922974,0.5362263917922974,156558,0.0,0.0
1988-07-05 00:00:00-04:00,0.0,0.5390050411224365,0.5390050411224365,0.5390050411224365,143256,0.0,0.0
1988-07-06 00:00:00-04:00,0.0,0.5445619821548462,0.5390051890554799,0.5445619821548462,128930,0.0,0.0
1988-07-07 00:00:00-04:00,0.0,0.5501185583508469,0.5390051890554799,0.5445619821548462,147349,0.0,0.0
1988-07-08 00:00:00-04:00,0.0,0.5640103816986084,0.5501183764312432,0.5640103816986084,828839,0.0,0.0
1988-07-11 00:00:00-04:00,0.0,0.56678901540203,0.5584537982940674,0.5584537982940674,49116,0.0,0.0
1988-07-12 00:00:00-04:00,0.0,0.5695669560570958,0.5640103816986084,0.5640103816986084,88000,0.0,0.0
1988-07-13 00:00:00-04:00,0.0,0.5695672631263733,0.5640106857721832,0.5695672631263733,198512,0.0,0.0
1988-07-14 00:00:00-04:00,0.0,0.5695672631263733,0.5640106857721832,0.5695672631263733,262977,0.0,0.0
1988-07-15 00:00:00-04:00,0.0,0.5723456873681002,0.5640106857721832,0.5695672631263733,278326,0.0,0.0
1988-07-18 00:00:00-04:00,0.0,0.569566704579654,0.5667885541915894,0.5667885541915894,60372,0.0,0.0
1988-07-19 00:00:00-04:00,0.0,0.5667885541915894,0.5667885541915894,0.5667885541915894,23535,0.0,0.0
1988-07-20 00:00:00-04:00,0.0,0.572345495223999,0.5667889197352262,0.572345495223999,1706794,0.0,0.0
1988-07-21 00:00:00-04:00,0.0,0.572345495223999,0.5695670719150263,0.572345495223999,125861,0.0,0.0
1988-07-22 00:00:00-04:00,0.0,0.5751240573839743,0.5667891100139101,0.5695672631263733,265024,0.0,0.0
1988-07-25 00:00:00-04:00,0.0,0.5751240573839743,0.5695672631263733,0.5695672631263733,108465,0.0,0.0
1988-07-26 00:00:00-04:00,0.0,0.5723451260967163,0.5667885541915894,0.5667885541915894,111535,0.0,0.0
1988-07-27 00:00:00-04:00,0.0,0.5723451260967163,0.5667885541915894,0.5667885541915894,166791,0.0,0.0
1988-07-28 00:00:00-04:00,0.0,0.5667888044424109,0.5612319589548059,0.5640103816986084,761304,0.0,0.0
1988-07-29 00:00:00-04:00,0.0,0.5612321496009827,0.5612321496009827,0.5612321496009827,38884,0.0,0.0
1988-08-01 00:00:00-04:00,0.0,0.5667889969762052,0.5612321496009827,0.5612321496009827,46047,0.0,0.0
1988-08-02 00:00:00-04:00,0.0,0.564010544184744,0.5556753277778625,0.5556753277778625,396001,0.0,0.0
1988-08-03 00:00:00-04:00,0.0,0.5640103816986084,0.5556751676930245,0.5640103816986084,266047,0.0,0.0
1988-08-04 00:00:00-04:00,0.0,0.5640103816986084,0.5612319589548059,0.5640103816986084,56279,0.0,0.0
1988-08-05 00:00:00-04:00,0.0,0.5640105916240945,0.5584537982940674,0.5584537982940674,20465,0.0,0.0
1988-08-08 00:00:00-04:00,0.0,0.564010544184744,0.5528969042336225,0.5556753277778625,193396,0.0,0.0
1988-08-09 00:00:00-04:00,0.0,0.5556753514502133,0.5445619821548462,0.5445619821548462,208745,0.0,0.0
1988-08-10 00:00:00-04:00,0.0,0.547340134688243,0.5417835584922424,0.5445619821548462,613955,0.0,0.0
1988-08-11 00:00:00-04:00,0.0,0.5445617553300222,0.541783332824707,0.541783332824707,63442,0.0,0.0
1988-08-12 00:00:00-04:00,0.0,0.5501183292115582,0.541783332824707,0.541783332824707,414419,0.0,0.0
1988-08-15 00:00:00-04:00,0.0,0.5445619821548462,0.5417835584922424,0.5445619821548462,184186,0.0,0.0
1988-08-16 00:00:00-04:00,0.0,0.5473402142524719,0.5417836372487382,0.5473402142524719,143256,0.0,0.0
1988-08-17 00:00:00-04:00,0.0,0.5445617553300222,0.541783332824707,0.541783332824707,187256,0.0,0.0
1988-08-18 00:00:00-04:00,0.0,0.5445619821548462,0.5417835584922424,0.5445619821548462,1239165,0.0,0.0
1988-08-19 00:00:00-04:00,0.0,0.5390048244470323,0.5334479808807373,0.5334479808807373,97209,0.0,0.0
1988-08-22 00:00:00-04:00,0.0,0.5390053252795294,0.5306701064109802,0.5306701064109802,216931,0.0,0.0
1988-08-23 00:00:00-04:00,0.0,0.5306700600166706,0.5223348418768353,0.5278916358947754,597583,0.0,0.0
1988-08-24 00:00:00-04:00,0.0,0.5223343019910777,0.5084425210952759,0.5084425210952759,379629,0.0,0.0
1988-08-25 00:00:00-04:00,0.0,0.5084428311513775,0.5056644082069397,0.5056644082069397,157582,0.0,0.0
1988-08-26 00:00:00-04:00,0.0,0.5084425210952759,0.5056640998451624,0.5084425210952759,637490,0.0,0.0
1988-08-29 00:00:00-04:00,0.0,0.5112212540958152,0.5056644082069397,0.5056644082069397,526978,0.0,0.0
1988-08-30 00:00:00-04:00,0.0,0.5195560610539616,0.5056640642333383,0.5167776942253113,818606,0.0,0.0
1988-08-31 00:00:00-04:00,0.0,0.5167776942253113,0.5139992731708704,0.5167776942253113,154512,0.0,0.0
1988-09-01 00:00:00-04:00,0.0,0.5209229734447026,0.5153216123580933,0.5153216123580933,327443,0.01808,0.0
1988-09-02 00:00:00-04:00,0.0,0.5209229734447026,0.5153216123580933,0.5153216123580933,121768,0.0,0.0
1988-09-06 00:00:00-04:00,0.0,0.5209229734447026,0.5153216123580933,0.5153216123580933,55256,0.0,0.0
1988-09-07 00:00:00-04:00,0.0,0.5265241265296936,0.5153216227730931,0.5265241265296936,42977,0.0,0.0
1988-09-08 00:00:00-04:00,0.0,0.5321260094642639,0.5237241507394039,0.5321260094642639,210791,0.0,0.0
1988-09-09 00:00:00-04:00,0.0,0.5405276417732239,0.5237237195162544,0.5405276417732239,339722,0.0,0.0
1988-09-12 00:00:00-04:00,0.0,0.5433284640312195,0.5349263918200325,0.5433284640312195,162698,0.0,0.0
1988-09-13 00:00:00-04:00,0.0,0.5433283501434857,0.5377269334029622,0.5405276417732239,107442,0.0,0.0
1988-09-14 00:00:00-04:00,0.0,0.5405274074621329,0.5377267003059387,0.5377267003059387,46047,0.0,0.0
1988-09-15 00:00:00-04:00,0.0,0.5433281146183272,0.5349260478104876,0.5377267003059387,370419,0.0,0.0
1988-09-16 00:00:00-04:00,0.0,0.5405278382097738,0.5321257647063061,0.5349264740943909,1167537,0.0,0.0
1988-09-19 00:00:00-04:00,0.0,0.5349264740943909,0.5321257647063061,0.5349264740943909,457396,0.0,0.0
1988-09-20 00:00:00-04:00,0.0,0.5405278382097738,0.5321257647063061,0.5349264740943909,197489,0.0,0.0
1988-09-21 00:00:00-04:00,0.0,0.5377267003059387,0.5349260478104876,0.5377267003059387,268094,0.0,0.0
1988-09-22 00:00:00-04:00,0.0,0.5433283501434857,0.5377269334029622,0.5405276417732239,140186,0.0,0.0
1988-09-23 00:00:00-04:00,0.0,0.5433281146183272,0.5377267003059387,0.5377267003059387,47070,0.0,0.0
1988-09-26 00:00:00-04:00,0.0,0.5433284640312195,0.5377270461165761,0.5433284640312195,36837,0.0,0.0
1988-09-27 00:00:00-04:00,0.0,0.5461289286613464,0.5433282753374485,0.5461289286613464,71628,0.0,0.0
1988-09-28 00:00:00-04:00,0.0,0.5489298272850847,0.5433284640312195,0.5433284640312195,176000,0.0,0.0
1988-09-29 00:00:00-04:00,0.0,0.5461289286613464,0.5433282753374485,0.5461289286613464,70605,0.0,0.0
1988-09-30 00:00:00-04:00,0.0,0.5461289286613464,0.5433282753374485,0.5461289286613464,73675,0.0,0.0
1988-10-03 00:00:00-04:00,0.0,0.5461291183277629,0.5405277550738977,0.5433284640312195,562792,0.0,0.0
1988-10-04 00:00:00-04:00,0.0,0.5461291183277629,0.5405277550738977,0.5433284640312195,424652,0.0,0.0
1988-10-05 00:00:00-04:00,0.0,0.5545307993888855,0.5433282950092143,0.5545307993888855,226140,0.0,0.0
1988-10-06 00:00:00-04:00,0.0,0.5657335674435194,0.5545308435290758,0.5601322054862976,566885,0.0,0.0
1988-10-07 00:00:00-04:00,0.0,0.5657339096069336,0.5573318342590308,0.5657339096069336,271163,0.0,0.0
1988-10-10 00:00:00-04:00,0.0,0.5657335674435194,0.5601322054862976,0.5601322054862976,239442,0.0,0.0
1988-10-11 00:00:00-04:00,0.0,0.568534210242154,0.5601321409440817,0.5629328489303589,471722,0.0,0.0
1988-10-12 00:00:00-04:00,0.0,0.5657335674435194,0.5601322054862976,0.5601322054862976,636466,0.0,0.0
1988-10-13 00:00:00-04:00,0.0,0.5601322870389877,0.551730215549469,0.551730215549469,1172653,0.0,0.0
1988-10-14 00:00:00-04:00,0.0,0.5573317408561707,0.5517303764498972,0.5573317408561707,40930,0.0,0.0
1988-10-17 00:00:00-04:00,0.0,0.5573317408561707,0.5517303764498972,0.5573317408561707,26605,0.0,0.0
1988-10-18 00:00:00-04:00,0.0,0.5573317408561707,0.5517303764498972,0.5573317408561707,24558,0.0,0.0
1988-10-19 00:00:00-04:00,0.0,0.5573315783222236,0.551730215549469,0.551730215549469,340745,0.0,0.0
1988-10-20 00:00:00-04:00,0.0,0.5545307993888855,0.5517300913028258,0.5545307993888855,129954,0.0,0.0
1988-10-21 00:00:00-04:00,0.0,0.5573315783222236,0.551730215549469,0.551730215549469,829862,0.0,0.0
1988-10-24 00:00:00-04:00,0.0,0.5545309242662331,0.551730215549469,0.551730215549469,123814,0.0,0.0
1988-10-25 00:00:00-04:00,0.0,0.557331452814184,0.5517300913028258,0.5545307993888855,201582,0.0,0.0
1988-10-26 00:00:00-04:00,0.0,0.5573315783222236,0.551730215549469,0.551730215549469,98233,0.0,0.0
1988-10-27 00:00:00-04:00,0.0,0.5545307993888855,0.5517300913028258,0.5545307993888855,51163,0.0,0.0
1988-10-28 00:00:00-04:00,0.0,0.5573315783222236,0.551730215549469,0.551730215549469,73675,0.0,0.0
1988-10-31 00:00:00-05:00,0.0,0.551730215549469,0.551730215549469,0.551730215549469,25581,0.0,0.0
1988-11-01 00:00:00-05:00,0.0,0.5545310753893845,0.5489299297332764,0.5489299297332764,407257,0.0,0.0
1988-11-02 00:00:00-05:00,0.0,0.5545310753893845,0.5489299297332764,0.5489299297332764,191349,0.0,0.0
1988-11-03 00:00:00-05:00,0.0,0.5517303659093592,0.5489299297332764,0.5489299297332764,105396,0.0,0.0
1988-11-04 00:00:00-05:00,0.0,0.551730215549469,0.5489297801365728,0.551730215549469,24558,0.0,0.0
1988-11-07 00:00:00-05:00,0.0,0.5545310753893845,0.5489299297332764,0.5489299297332764,540280,0.0,0.0
1988-11-08 00:00:00-05:00,0.0,0.5517303659093592,0.5489299297332764,0.5489299297332764,107442,0.0,0.0
1988-11-09 00:00:00-05:00,0.0,0.5545309242662331,0.5489297801365728,0.551730215549469,278326,0.0,0.0
1988-11-10 00:00:00-05:00,0.0,0.551730215549469,0.551730215549469,0.551730215549469,39907,0.0,0.0
1988-11-11 00:00:00-05:00,0.0,0.5545309242662331,0.551730215549469,0.551730215549469,1200281,0.0,0.0
1988-11-14 00:00:00-05:00,0.0,0.5545307993888855,0.5517300913028258,0.5545307993888855,323349,0.0,0.0
1988-11-15 00:00:00-05:00,0.0,0.5545309242662331,0.5489297801365728,0.551730215549469,112558,0.0,0.0
1988-11-16 00:00:00-05:00,0.0,0.5545310753893845,0.5433285654340143,0.5489299297332764,500373,0.0,0.0
1988-11-17 00:00:00-05:00,0.0,0.5489298272850847,0.5433284640312195,0.5433284640312195,27628,0.0,0.0
1988-11-18 00:00:00-05:00,0.0,0.5489296366460036,0.5433282753374485,0.5461289286613464,70605,0.0,0.0
1988-11-21 00:00:00-05:00,0.0,0.5489298272850847,0.5433284640312195,0.5433284640312195,752094,0.0,0.0
1988-11-22 00:00:00-05:00,0.0,0.5489298272850847,0.5405277550738977,0.5433284640312195,816560,0.0,0.0
1988-11-23 00:00:00-05:00,0.0,0.5489296366460036,0.5433282753374485,0.5461289286613464,225117,0.0,0.0
1988-11-25 00:00:00-05:00,0.0,0.5461289286613464,0.5433282753374485,0.5461289286613464,25581,0.0,0.0
1988-11-28 00:00:00-05:00,0.0,0.5489298272850847,0.5433284640312195,0.5433284640312195,1617771,0.0,0.0
1988-11-29 00:00:00-05:00,0.0,0.5461289286613464,0.5433282753374485,0.5461289286613464,231256,0.0,0.0
1988-11-30 00:00:00-05:00,0.0,0.5573317408561707,0.546129230686782,0.5573317408561707,209768,0.0,0.0
1988-12-01 00:00:00-05:00,0.0,0.5657335674435194,0.551730135220082,0.5601322054862976,180093,0.0,0.0
1988-12-02 00:00:00-05:00,0.0,0.5657335674435194,0.5601322054862976,0.5601322054862976,755164,0.0,0.0
1988-12-05 00:00:00-05:00,0.0,0.5601322054862976,0.5601322054862976,0.5601322054862976,25581,0.0,0.0
1988-12-06 00:00:00-05:00,0.0,0.572773064055458,0.5643083509571671,0.5699514746665955,194419,0.01808,0.0
1988-12-07 00:00:00-05:00,0.0,0.5699514746665955,0.5643083509571671,0.5699514746665955,299815,0.0,0.0
1988-12-08 00:00:00-05:00,0.0,0.5699514746665955,0.5643083509571671,0.5699514746665955,26605,0.0,0.0
1988-12-09 00:00:00-05:00,0.0,0.5699517699743526,0.5614870524902578,0.5643086433410645,283442,0.0,0.0
1988-12-12 00:00:00-05:00,0.0,0.5586649179458618,0.5502004298070771,0.5586649179458618,84930,0.0,0.0
1988-12-13 00:00:00-05:00,0.0,0.5473791360855103,0.5473791360855103,0.5473791360855103,58326,0.0,0.0
1988-12-14 00:00:00-05:00,0.0,0.5502006700760946,0.5445575470266355,0.5473791360855103,634420,0.0,0.0
1988-12-15 00:00:00-05:00,0.0,0.5473791360855103,0.5445575470266355,0.5473791360855103,40930,0.0,0.0
1988-12-16 00:00:00-05:00,0.0,0.5473790046859129,0.5389142946095522,0.541735827922821,361210,0.0,0.0
1988-12-19 00:00:00-05:00,0.0,0.5417357963975186,0.5389142632484436,0.5389142632484436,143256,0.0,0.0
1988-12-20 00:00:00-05:00,0.0,0.5445573846148675,0.5389142632484436,0.5389142632484436,146326,0.0,0.0
1988-12-21 00:00:00-05:00,0.0,0.541735827922821,0.5389142946095522,0.541735827922821,102326,0.0,0.0
1988-12-22 00:00:00-05:00,0.0,0.5502008199691772,0.5389145707955076,0.5502008199691772,213861,0.0,0.0
1988-12-23 00:00:00-05:00,0.0,0.550200634490969,0.544557511806488,0.544557511806488,215907,0.0,0.0
1988-12-27 00:00:00-05:00,0.0,0.5473791006828719,0.544557511806488,0.544557511806488,52186,0.0,0.0
1988-12-28 00:00:00-05:00,0.0,0.544557416304367,0.541735827922821,0.541735827922821,231256,0.0,0.0
1988-12-29 00:00:00-05:00,0.0,0.5445573846148675,0.5389142632484436,0.5389142632484436,163721,0.0,0.0
1988-12-30 00:00:00-05:00,0.0,0.544557416304367,0.5389142946095522,0.541735827922821,304931,0.0,0.0
1989-01-03 00:00:00-05:00,0.0,0.5417357963975186,0.5360926750310947,0.5389142632484436,697862,0.0,0.0
1989-01-04 00:00:00-05:00,0.0,0.544557511806488,0.5360928002456231,0.544557511806488,441024,0.0,0.0
1989-01-05 00:00:00-05:00,0.0,0.5558435916900635,0.5389144422411143,0.5558435916900635,186233,0.0,0.0
1989-01-06 00:00:00-05:00,0.0,0.5643083040852686,0.5558435916900635,0.5558435916900635,386791,0.0,0.0
1989-01-09 00:00:00-05:00,0.0,0.5586649179458618,0.5530220176337824,0.5586649179458618,171907,0.0,0.0
1989-01-10 00:00:00-05:00,0.0,0.5586649179458618,0.5558433301191565,0.5586649179458618,591443,0.0,0.0
1989-01-11 00:00:00-05:00,0.0,0.5586650478491678,0.5502005577421818,0.5530221462249756,268094,0.0,0.0
1989-01-12 00:00:00-05:00,0.0,0.5586650478491678,0.5502005577421818,0.5530221462249756,373489,0.0,0.0
1989-01-13 00:00:00-05:00,0.0,0.5586651808445625,0.5558435916900635,0.5558435916900635,70605,0.0,0.0
1989-01-16 00:00:00-05:00,0.0,0.5586649179458618,0.5558433301191565,0.5586649179458618,84930,0.0,0.0
1989-01-17 00:00:00-05:00,0.0,0.5586649179458618,0.5558433301191565,0.5586649179458618,185210,0.0,0.0
1989-01-18 00:00:00-05:00,0.0,0.5586651808445625,0.5530222778770253,0.5558435916900635,713211,0.0,0.0
1989-01-19 00:00:00-05:00,0.0,0.5614866018295288,0.555843479725527,0.5614866018295288,484001,0.0,0.0
1989-01-20 00:00:00-05:00,0.0,0.5614864507043009,0.5558433301191565,0.5586649179458618,251721,0.0,0.0
1989-01-23 00:00:00-05:00,0.0,0.5586649179458618,0.5530220176337824,0.5586649179458618,31721,0.0,0.0
1989-01-24 00:00:00-05:00,0.0,0.5614867149307694,0.5530222778770253,0.5558435916900635,438978,0.0,0.0
1989-01-25 00:00:00-05:00,0.0,0.5784159302711487,0.5586651912981307,0.5784159302711487,749025,0.0,0.0
1989-01-26 00:00:00-05:00,0.0,0.5897023677825928,0.5812377075582547,0.5897023677825928,188279,0.0,0.0
1989-01-27 00:00:00-05:00,0.0,0.6094530551000532,0.5868807238051106,0.5953454375267029,1743631,0.0,0.0
1989-01-30 00:00:00-05:00,0.0,0.5953454375267029,0.5925238479300718,0.5953454375267029,55256,0.0,0.0
1989-01-31 00:00:00-05:00,0.0,0.6038098212706515,0.5925237943151559,0.600988507270813,580187,0.0,0.0
1989-02-01 00:00:00-05:00,0.0,0.6122745568573229,0.600988529484671,0.609453022480011,1303630,0.0,0.0
1989-02-02 00:00:00-05:00,0.0,0.6122744679450989,0.6066313449416505,0.6122744679450989,2441493,0.0,0.0
1989-02-03 00:00:00-05:00,0.0,0.6122744679450989,0.6094529339775197,0.6122744679450989,224093,0.0,0.0
1989-02-06 00:00:00-05:00,0.0,0.6461329387784146,0.6094528377844252,0.6404898166656494,1281119,0.0,0.0
1989-02-07 00:00:00-05:00,0.0,0.6517760884180099,0.6404900601747484,0.6461331844329834,445117,0.0,0.0
1989-02-08 00:00:00-05:00,0.0,0.6489546234979922,0.6404899115408338,0.6433115005493164,506513,0.0,0.0
1989-02-09 00:00:00-05:00,0.0,0.6461331691732487,0.5953454375267029,0.5953454375267029,1088746,0.0,0.0
1989-02-10 00:00:00-05:00,0.0,0.6038097860033564,0.5840590472458042,0.5981668829917908,1002793,0.0,0.0
1989-02-13 00:00:00-05:00,0.0,0.6177898285625436,0.5968983296097244,0.614805281162262,351806,0.01898,1.05
1989-02-14 00:00:00-05:00,0.0,0.6177899241447449,0.6148053762827049,0.6177899241447449,422947,0.0,0.0
1989-02-15 00:00:00-05:00,0.0,0.6327121257781982,0.6237586507301619,0.6327121257781982,672427,0.0,0.0
1989-02-16 00:00:00-05:00,0.0,0.6416656970977783,0.6267433473952359,0.6416656970977783,239735,0.0,0.0
1989-02-17 00:00:00-05:00,0.0,0.6476348414636982,0.6356970353927036,0.6446504592895508,401507,0.0,0.0
1989-02-21 00:00:00-05:00,0.0,0.6536039011033898,0.6476348042488098,0.6476348042488098,146180,0.0,0.0
1989-02-22 00:00:00-05:00,0.0,0.6506191734891388,0.6356968237865964,0.6416656970977783,561330,0.0,0.0
1989-02-23 00:00:00-05:00,0.0,0.6416657017194998,0.6356968283653259,0.6356968283653259,273843,0.0,0.0
1989-02-24 00:00:00-05:00,0.0,0.6386806929823204,0.6237582984710034,0.6267428994178772,307952,0.0,0.0
1989-02-27 00:00:00-05:00,0.0,0.6327117684626874,0.6267428994178772,0.6267428994178772,342060,0.0,0.0
1989-02-28 00:00:00-05:00,0.0,0.6356963694095612,0.6267428994178772,0.6267428994178772,26312,0.0,0.0
1989-03-01 00:00:00-05:00,0.0,0.638681154092687,0.6297276776368372,0.6356968283653259,380067,0.0,0.0
1989-03-02 00:00:00-05:00,0.0,0.6416657017194998,0.6356968283653259,0.6356968283653259,56523,0.0,0.0
1989-03-03 00:00:00-05:00,0.0,0.6446504592895508,0.6386813620919699,0.6446504592895508,296258,0.0,0.0
1989-03-06 00:00:00-05:00,0.0,0.6446502085962433,0.6386811137199402,0.6386811137199402,241684,0.0,0.0
1989-03-07 00:00:00-05:00,0.0,0.6416657017194998,0.6356968283653259,0.6356968283653259,260200,0.0,0.0
1989-03-08 00:00:00-05:00,0.0,0.638681154092687,0.6327122252636501,0.6356968283653259,505782,0.0,0.0
1989-03-09 00:00:00-05:00,0.0,0.6386810536687016,0.6327121257781982,0.6327121257781982,100377,0.0,0.0
1989-03-10 00:00:00-05:00,0.0,0.6267428994178772,0.6267428994178772,0.6267428994178772,46778,0.0,0.0
1989-03-13 00:00:00-05:00,0.0,0.6327117684626874,0.6267428994178772,0.6267428994178772,249480,0.0,0.0
1989-03-14 00:00:00-05:00,0.0,0.6297272229906365,0.6237582984710034,0.6267428994178772,299181,0.0,0.0
1989-03-15 00:00:00-05:00,0.0,0.6386811137199402,0.614805288963322,0.6386811137199402,399558,0.0,0.0
1989-03-16 00:00:00-05:00,0.0,0.6207742094993591,0.611820732923533,0.6207742094993591,180288,0.0,0.0
1989-03-17 00:00:00-05:00,0.0,0.6088363403527975,0.599882864759374,0.6028672456741333,561330,0.0,0.0
1989-03-20 00:00:00-05:00,0.0,0.60286728180851,0.5998829007148743,0.5998829007148743,20465,0.0,0.0
1989-03-21 00:00:00-05:00,0.0,0.6028670880016611,0.5939136147499084,0.5939136147499084,432692,0.0,0.0
1989-03-22 00:00:00-05:00,0.0,0.5968981613086691,0.5909292900905202,0.5939136147499084,486291,0.0,0.0
1989-03-23 00:00:00-05:00,0.0,0.5968981613086691,0.5909292900905202,0.5939136147499084,328417,0.0,0.0
1989-03-27 00:00:00-05:00,0.0,0.5939136147499084,0.5909292900905202,0.5939136147499084,541839,0.0,0.0
1989-03-28 00:00:00-05:00,0.0,0.5968982806641864,0.5879448056221008,0.5879448056221008,404430,0.0,0.0
1989-03-29 00:00:00-05:00,0.0,0.5879449899869545,0.5819761157035828,0.5819761157035828,83810,0.0,0.0
1989-03-30 00:00:00-05:00,0.0,0.5849603418538746,0.5789914131164551,0.5789914131164551,35083,0.0,0.0
1989-03-31 00:00:00-05:00,0.0,0.5849604418955255,0.5789915121372821,0.5819761157035828,42879,0.0,0.0
1989-04-03 00:00:00-04:00,0.0,0.5879448056221008,0.5819759332104187,0.5879448056221008,6941586,0.0,0.0
1989-04-04 00:00:00-04:00,0.0,0.5879449899869545,0.5819761157035828,0.5819761157035828,474597,0.0,0.0
1989-04-05 00:00:00-04:00,0.0,0.5819761157035828,0.576006964045853,0.5819761157035828,130587,0.0,0.0
1989-04-06 00:00:00-04:00,0.0,0.5819761266250592,0.567053496837616,0.567053496837616,105249,0.0,0.0
1989-04-07 00:00:00-04:00,0.0,0.5819757993375423,0.5700377798860301,0.5760066509246826,242658,0.0,0.0
1989-04-10 00:00:00-04:00,0.0,0.5789914010025413,0.5730223059654236,0.5730223059654236,193932,0.0,0.0
1989-04-11 00:00:00-04:00,0.0,0.5760068534839825,0.5730223059654236,0.5730223059654236,152027,0.0,0.0
1989-04-12 00:00:00-04:00,0.0,0.5789914131164551,0.5730223179544492,0.5789914131164551,291385,0.0,0.0
1989-04-13 00:00:00-04:00,0.0,0.5760066509246826,0.5730221044556735,0.5760066509246826,227066,0.0,0.0
1989-04-14 00:00:00-04:00,0.0,0.5760066509246826,0.5700377798860301,0.5760066509246826,200753,0.0,0.0
1989-04-17 00:00:00-04:00,0.0,0.5819760161723201,0.5760068655354522,0.5789914131164551,335239,0.0,0.0
1989-04-18 00:00:00-04:00,0.0,0.5819760161723201,0.5760068655354522,0.5789914131164551,115969,0.0,0.0
1989-04-19 00:00:00-04:00,0.0,0.5819760161723201,0.5760068655354522,0.5789914131164551,90631,0.0,0.0
1989-04-20 00:00:00-04:00,0.0,0.5819761157035828,0.576006964045853,0.5819761157035828,424896,0.0,0.0
1989-04-21 00:00:00-04:00,0.0,0.5819761157035828,0.576006964045853,0.5819761157035828,10720,0.0,0.0
1989-04-24 00:00:00-04:00,0.0,0.5789911973936918,0.5760066509246826,0.5760066509246826,86733,0.0,0.0
1989-04-25 00:00:00-04:00,0.0,0.5849601626396179,0.5760066890642714,0.5849601626396179,306003,0.0,0.0
1989-04-26 00:00:00-04:00,0.0,0.5909293293952942,0.5849601804059008,0.5909293293952942,1607002,0.0,0.0
1989-04-27 00:00:00-04:00,0.0,0.5968982577323914,0.5849602359933944,0.5968982577323914,2632209,0.0,0.0
1989-04-28 00:00:00-04:00,0.0,0.5968982577323914,0.5909293855500231,0.5968982577323914,251429,0.0,0.0
1989-05-01 00:00:00-04:00,0.0,0.5939136542531803,0.5909293293952942,0.5909293293952942,457055,0.0,0.0
1989-05-02 00:00:00-04:00,0.0,0.5909293293952942,0.5879447271631741,0.5909293293952942,863435,0.0,0.0
1989-05-03 00:00:00-04:00,0.0,0.5909293114477177,0.5849601626396179,0.5849601626396179,58472,0.0,0.0
1989-05-04 00:00:00-04:00,0.0,0.5909294082525044,0.5849602584665514,0.5879448056221008,381042,0.0,0.0
1989-05-05 00:00:00-04:00,0.0,0.5879449899869545,0.5819761157035828,0.5819761157035828,498960,0.0,0.0
1989-05-08 00:00:00-04:00,0.0,0.5819759050224323,0.5580998063087463,0.5580998063087463,642216,0.0,0.0
1989-05-09 00:00:00-04:00,0.0,0.564068954383231,0.5581000244527301,0.5610846281051636,456081,0.0,0.0
1989-05-10 00:00:00-04:00,0.0,0.567053496837616,0.5581000188199208,0.567053496837616,999869,0.0,0.0
1989-05-11 00:00:00-04:00,0.0,0.5700378239151087,0.5640686750411987,0.5640686750411987,422947,0.0,0.0
1989-05-12 00:00:00-04:00,0.0,0.5789911973936918,0.5730221044556735,0.5760066509246826,1929572,0.0,0.0
1989-05-15 00:00:00-04:00,0.0,0.5789914010025413,0.5730223059654236,0.5730223059654236,819581,0.0,0.0
1989-05-16 00:00:00-04:00,0.0,0.5789914131164551,0.5730223179544492,0.5789914131164551,254353,0.0,0.0
1989-05-17 00:00:00-04:00,0.0,0.5789911973936918,0.5730221044556735,0.5760066509246826,489215,0.0,0.0
1989-05-18 00:00:00-04:00,0.0,0.5789911973936918,0.5760066509246826,0.5760066509246826,1419892,0.0,0.0
1989-05-19 00:00:00-04:00,0.0,0.5760066509246826,0.5730221044556735,0.5760066509246826,820555,0.0,0.0
1989-05-22 00:00:00-04:00,0.0,0.5789914010025413,0.5730223059654236,0.5730223059654236,599337,0.0,0.0
1989-05-23 00:00:00-04:00,0.0,0.5789911973936918,0.5730221044556735,0.5760066509246826,172492,0.0,0.0
1989-05-24 00:00:00-04:00,0.0,0.5789914010025413,0.5730223059654236,0.5730223059654236,622725,0.0,0.0
1989-05-25 00:00:00-04:00,0.0,0.5760068534839825,0.5730223059654236,0.5730223059654236,566203,0.0,0.0
1989-05-26 00:00:00-04:00,0.0,0.5760066509246826,0.5730221044556735,0.5760066509246826,16567,0.0,0.0
1989-05-30 00:00:00-04:00,0.0,0.5789914131164551,0.5730223179544492,0.5789914131164551,31185,0.0,0.0
1989-05-31 00:00:00-04:00,0.0,0.5789914010025413,0.5730223059654236,0.5730223059654236,388838,0.0,0.0
1989-06-01 00:00:00-04:00,0.0,0.5760068534839825,0.5700379803463085,0.5730223059654236,1570944,0.0,0.0
1989-06-02 00:00:00-04:00,0.0,0.5804805755615234,0.5744653434623674,0.5804805755615234,84784,0.01898,0.0
1989-06-05 00:00:00-04:00,0.0,0.5804808331960332,0.5774731040000916,0.5774731040000916,137409,0.0,0.0
1989-06-06 00:00:00-04:00,0.0,0.577472658856125,0.5714573728183578,0.5744651556015015,967710,0.0,0.0
1989-06-07 00:00:00-04:00,0.0,0.5834885623919747,0.5714578133254498,0.5774731040000916,540865,0.0,0.0
1989-06-08 00:00:00-04:00,0.0,0.5834881067276001,0.5774726530333756,0.5834881067276001,1672296,0.0,0.0
1989-06-09 00:00:00-04:00,0.0,0.5834883034225461,0.5804805755615234,0.5804805755615234,1619671,0.0,0.0
1989-06-12 00:00:00-04:00,0.0,0.5864960871892911,0.5774728477005008,0.5804805755615234,523323,0.0,0.0
1989-06-13 00:00:00-04:00,0.0,0.5925113558769226,0.5804806114070822,0.5925113558769226,224142,0.0,0.0
1989-06-14 00:00:00-04:00,0.0,0.5925113558769226,0.5895036278301682,0.5925113558769226,1244476,0.0,0.0
1989-06-15 00:00:00-04:00,0.0,0.5925111943095777,0.5895034670829773,0.5895034670829773,615904,0.0,0.0
1989-06-16 00:00:00-04:00,0.0,0.5895035591999066,0.580480543827284,0.5864960551261902,273843,0.0,0.0
1989-06-19 00:00:00-04:00,0.0,0.5925113558769226,0.5864961234063168,0.5925113558769226,50676,0.0,0.0
1989-06-20 00:00:00-04:00,0.0,0.5925113558769226,0.5864961234063168,0.5925113558769226,28261,0.0,0.0
1989-06-21 00:00:00-04:00,0.0,0.5925113558769226,0.5895036278301682,0.5925113558769226,121816,0.0,0.0
1989-06-22 00:00:00-04:00,0.0,0.5925113558769226,0.5895036278301682,0.5925113558769226,63345,0.0,0.0
1989-06-23 00:00:00-04:00,0.0,0.5925113558769226,0.5864961234063168,0.5925113558769226,92580,0.0,0.0
1989-06-26 00:00:00-04:00,0.0,0.5925113558769226,0.5895036278301682,0.5925113558769226,135460,0.0,0.0
1989-06-27 00:00:00-04:00,0.0,0.6135649855325422,0.5895035017394462,0.6105572581291199,574973,0.0,0.0
1989-06-28 00:00:00-04:00,0.0,0.6105572581291199,0.6075495307256975,0.6105572581291199,90631,0.0,0.0
1989-06-29 00:00:00-04:00,0.0,0.610557395438233,0.6045421069957431,0.6075496673583984,149103,0.0,0.0
1989-06-30 00:00:00-04:00,0.0,0.6135649085044861,0.6075494544528325,0.6135649085044861,318672,0.0,0.0
1989-07-03 00:00:00-04:00,0.0,0.6135649855325422,0.6075495307256975,0.6105572581291199,229989,0.0,0.0
1989-07-05 00:00:00-04:00,0.0,0.6165723204612732,0.6105570909245885,0.6165723204612732,221219,0.0,0.0
1989-07-06 00:00:00-04:00,0.0,0.6255953324833957,0.6105570909245885,0.6165723204612732,146180,0.0,0.0
1989-07-07 00:00:00-04:00,0.0,0.6165723204612732,0.6165723204612732,0.6165723204612732,67243,0.0,0.0
1989-07-10 00:00:00-04:00,0.0,0.6255953796406855,0.6195801496505737,0.6195801496505737,49701,0.0,0.0
1989-07-11 00:00:00-04:00,0.0,0.6286034505412713,0.6195804888055778,0.6225882172584534,581795,0.0,0.0
1989-07-12 00:00:00-04:00,0.0,0.6286034505412713,0.6225882172584534,0.6225882172584534,352780,0.0,0.0
1989-07-13 00:00:00-04:00,0.0,0.6286026239395142,0.6225873985666153,0.6286026239395142,636369,0.0,0.0
1989-07-14 00:00:00-04:00,0.0,0.6286026239395142,0.6225873985666153,0.6286026239395142,72115,0.0,0.0
1989-07-17 00:00:00-04:00,0.0,0.6286026239395142,0.6225873985666153,0.6286026239395142,124740,0.0,0.0
1989-07-18 00:00:00-04:00,0.0,0.6286033572216021,0.6225881248317789,0.6255956292152405,827377,0.0,0.0
1989-07-19 00:00:00-04:00,0.0,0.6286026239395142,0.6225873985666153,0.6286026239395142,127664,0.0,0.0
1989-07-20 00:00:00-04:00,0.0,0.6286033572216021,0.6225881248317789,0.6255956292152405,103300,0.0,0.0
1989-07-21 00:00:00-04:00,0.0,0.6255953796406855,0.6165723669384097,0.6195801496505737,235837,0.0,0.0
1989-07-24 00:00:00-04:00,0.0,0.6225878764570351,0.6165723669384097,0.6195801496505737,61395,0.0,0.0
1989-07-25 00:00:00-04:00,0.0,0.6225882314923984,0.6045421957969666,0.6045421957969666,355704,0.0,0.0
1989-07-26 00:00:00-04:00,0.0,0.6135651235180676,0.6075496673583984,0.6075496673583984,178339,0.0,0.0
1989-07-27 00:00:00-04:00,0.0,0.6135649855325422,0.6105572581291199,0.6105572581291199,92580,0.0,0.0
1989-07-28 00:00:00-04:00,0.0,0.6195801948390194,0.6135649085044861,0.6135649085044861,98428,0.0,0.0
1989-07-31 00:00:00-04:00,0.0,0.6195801948390194,0.6135649085044861,0.6135649085044861,27287,0.0,0.0
1989-08-01 00:00:00-04:00,0.0,0.6195801496505737,0.6105571369482978,0.6195801496505737,17542,0.0,0.0
1989-08-02 00:00:00-04:00,0.0,0.6135649085044861,0.6075494544528325,0.6135649085044861,34109,0.0,0.0
1989-08-03 00:00:00-04:00,0.0,0.6316108703613281,0.6075493920599706,0.6316108703613281,524298,0.0,0.0
1989-08-04 00:00:00-04:00,0.0,0.646649262679448,0.6286032336238886,0.6346185207366943,855638,0.0,0.0
1989-08-07 00:00:00-04:00,0.0,0.6436413973311366,0.6346183847370023,0.6376261115074158,170543,0.0,0.0
1989-08-08 00:00:00-04:00,0.0,0.6436413973311366,0.6346183847370023,0.6376261115074158,71141,0.0,0.0
1989-08-09 00:00:00-04:00,0.0,0.6436413973311366,0.6376261115074158,0.6376261115074158,193932,0.0,0.0
1989-08-10 00:00:00-04:00,0.0,0.6406340314723562,0.6346185207366943,0.6346185207366943,193932,0.0,0.0
1989-08-11 00:00:00-04:00,0.0,0.6436413973311366,0.6376261115074158,0.6376261115074158,198804,0.0,0.0
1989-08-14 00:00:00-04:00,0.0,0.6406338941835313,0.631610881589397,0.6376261115074158,335239,0.0,0.0
1989-08-15 00:00:00-04:00,0.0,0.6346186455171503,0.6255956292152405,0.6255956292152405,294308,0.0,0.0
1989-08-16 00:00:00-04:00,0.0,0.6255953796406855,0.6195801496505737,0.6195801496505737,122791,0.0,0.0
1989-08-17 00:00:00-04:00,0.0,0.6286031064471469,0.6195801496505737,0.6195801496505737,128638,0.0,0.0
1989-08-18 00:00:00-04:00,0.0,0.6255956292152405,0.6195803968254173,0.6255956292152405,229015,0.0,0.0
1989-08-21 00:00:00-04:00,0.0,0.631610404342943,0.6225873985666153,0.6286026239395142,335239,0.0,0.0
1989-08-22 00:00:00-04:00,0.0,0.6316108703613281,0.6316108703613281,0.6316108703613281,19491,0.0,0.0
1989-08-23 00:00:00-04:00,0.0,0.6346183734554693,0.6286030877386816,0.6316108703613281,89657,0.0,0.0
1989-08-24 00:00:00-04:00,0.0,0.6436413973311366,0.6346183847370023,0.6376261115074158,183212,0.0,0.0
1989-08-25 00:00:00-04:00,0.0,0.6466495320372848,0.6376265137510231,0.640634298324585,403456,0.0,0.0
1989-08-28 00:00:00-04:00,0.0,0.6542021036148071,0.6451160188017633,0.6542021036148071,193932,0.01898,0.0
1989-08-29 00:00:00-04:00,0.0,0.6602593852053332,0.6572306156158447,0.6572306156158447,49701,0.0,0.0
1989-08-30 00:00:00-04:00,0.0,0.6814602669384865,0.6632879916522118,0.6723741292953491,272869,0.0,0.0
1989-08-31 00:00:00-04:00,0.0,0.6844889885920838,0.672374082939657,0.6784314513206482,230964,0.0,0.0
1989-09-01 00:00:00-04:00,0.0,0.6905468702316284,0.6814607264615168,0.6905468702316284,223168,0.0,0.0
1989-09-05 00:00:00-04:00,0.0,0.6875178744692476,0.6814605593681335,0.6814605593681335,41905,0.0,0.0
1989-09-06 00:00:00-04:00,0.0,0.6875176750522471,0.6784315924423415,0.6844891309738159,117918,0.0,0.0
1989-09-07 00:00:00-04:00,0.0,0.6844889885920838,0.6784314513206482,0.6784314513206482,248505,0.0,0.0
1989-09-08 00:00:00-04:00,0.0,0.6875175606848726,0.6754028797149658,0.6754028797149658,55548,0.0,0.0
1989-09-11 00:00:00-04:00,0.0,0.678431479586421,0.6723741109530591,0.6754028797149658,167619,0.0,0.0
1989-09-12 00:00:00-04:00,0.0,0.6754028797149658,0.6693453421911525,0.6754028797149658,130587,0.0,0.0
1989-09-13 00:00:00-04:00,0.0,0.6814602483483277,0.6693453421911525,0.6754028797149658,267022,0.0,0.0
1989-09-14 00:00:00-04:00,0.0,0.678431479586421,0.6723741109530591,0.6754028797149658,102326,0.0,0.0
1989-09-15 00:00:00-04:00,0.0,0.6754027362993488,0.6693452000617981,0.6693452000617981,155925,0.0,0.0
1989-09-18 00:00:00-04:00,0.0,0.6784313355277086,0.6693452000617981,0.6693452000617981,497011,0.0,0.0
1989-09-19 00:00:00-04:00,0.0,0.669345525083301,0.6572306156158447,0.6572306156158447,148129,0.0,0.0
1989-09-20 00:00:00-04:00,0.0,0.6572306156158447,0.6572306156158447,0.6572306156158447,19491,0.0,0.0
1989-09-21 00:00:00-04:00,0.0,0.6663166991969801,0.6572306156158447,0.6572306156158447,60421,0.0,0.0
1989-09-22 00:00:00-04:00,0.0,0.6542021036148071,0.6542021036148071,0.6542021036148071,30210,0.0,0.0
1989-09-25 00:00:00-04:00,0.0,0.6602590084075928,0.6542016415759419,0.6602590084075928,250455,0.0,0.0
1989-09-26 00:00:00-04:00,0.0,0.6693452000617981,0.6602590645958876,0.6693452000617981,183212,0.0,0.0
1989-09-27 00:00:00-04:00,0.0,0.6723742834353287,0.6663166880607605,0.6663166880607605,172492,0.0,0.0
1989-09-28 00:00:00-04:00,0.0,0.6723741292953491,0.6632879916522118,0.6723741292953491,61395,0.0,0.0
1989-09-29 00:00:00-04:00,0.0,0.6723742834353287,0.6663166880607605,0.6663166880607605,204652,0.0,0.0
1989-10-02 00:00:00-04:00,0.0,0.6723741292953491,0.6663165353094682,0.6723741292953491,110122,0.0,0.0
1989-10-03 00:00:00-04:00,0.0,0.714775956557056,0.6723740956071916,0.7026612758636475,717255,0.0,0.0
1989-10-04 00:00:00-04:00,0.0,0.7359765155240048,0.7147754864007941,0.7178042531013489,662681,0.0,0.0
1989-10-05 00:00:00-04:00,0.0,0.7208330760986825,0.7147754864007941,0.7178042531013489,169568,0.0,0.0
1989-10-06 00:00:00-04:00,0.0,0.7178048680233912,0.711747554620277,0.7147760987281799,147154,0.0,0.0
1989-10-09 00:00:00-04:00,0.0,0.7178048680233912,0.7147760987281799,0.7147760987281799,166645,0.0,0.0
1989-10-10 00:00:00-04:00,0.0,0.7178041189486855,0.7117468118667603,0.7117468118667603,13643,0.0,0.0
1989-10-11 00:00:00-04:00,0.0,0.7117474130515394,0.6966036821812719,0.7026612758636475,262149,0.0,0.0
1989-10-12 00:00:00-04:00,0.0,0.7056900181626116,0.6935753340564869,0.6996327042579651,164696,0.0,0.0
1989-10-13 00:00:00-04:00,0.0,0.6935751256087929,0.6784314513206482,0.6784314513206482,183212,0.0,0.0
1989-10-16 00:00:00-04:00,0.0,0.6754030529741971,0.6632881437092184,0.6663166880607605,610057,0.0,0.0
1989-10-17 00:00:00-04:00,0.0,0.6723741292953491,0.6663165353094682,0.6723741292953491,227066,0.0,0.0
1989-10-18 00:00:00-04:00,0.0,0.6784314513206482,0.6632879459229478,0.6784314513206482,307952,0.0,0.0
1989-10-19 00:00:00-04:00,0.0,0.7087187767028809,0.672374274574248,0.7087187767028809,503833,0.0,0.0
1989-10-20 00:00:00-04:00,0.0,0.714776146810294,0.705690007203928,0.7087187767028809,1276636,0.0,0.0
1989-10-23 00:00:00-04:00,0.0,0.7117476135514166,0.6996327042579651,0.6996327042579651,214397,0.0,0.0
1989-10-24 00:00:00-04:00,0.0,0.702661784888634,0.6905468702316284,0.6905468702316284,113046,0.0,0.0
1989-10-25 00:00:00-04:00,0.0,0.6875178217887878,0.6814605071518103,0.6875178217887878,2158587,0.0,0.0
1989-10-26 00:00:00-04:00,0.0,0.6875178217887878,0.6875178217887878,0.6875178217887878,18516,0.0,0.0
1989-10-27 00:00:00-04:00,0.0,0.6875175794402741,0.6723741292953491,0.6723741292953491,215371,0.0,0.0
1989-10-30 00:00:00-05:00,0.0,0.6784314980939554,0.6693453604508179,0.6723741292953491,40930,0.0,0.0
1989-10-31 00:00:00-05:00,0.0,0.6966041868179896,0.6723745826914052,0.6905468702316284,377144,0.0,0.0
1989-11-01 00:00:00-05:00,0.0,0.6935756411185223,0.6905468702316284,0.6905468702316284,63345,0.0,0.0
1989-11-02 00:00:00-05:00,0.0,0.6996327042579651,0.6905465645105001,0.6996327042579651,153976,0.0,0.0
1989-11-03 00:00:00-05:00,0.0,0.7087185880619438,0.6996325071708677,0.7026612758636475,146180,0.0,0.0
1989-11-06 00:00:00-05:00,0.0,0.7056899666786194,0.7026614225409086,0.7056899666786194,86733,0.0,0.0
1989-11-07 00:00:00-05:00,0.0,0.702661784888634,0.6905468702316284,0.6905468702316284,317697,0.0,0.0
1989-11-08 00:00:00-05:00,0.0,0.6996328129800975,0.6905466718206568,0.6935754418373108,97453,0.0,0.0
1989-11-09 00:00:00-05:00,0.0,0.6966039866666031,0.6935754418373108,0.6935754418373108,56523,0.0,0.0
1989-11-10 00:00:00-05:00,0.0,0.6966035962104797,0.6905462847597418,0.6966035962104797,43854,0.0,0.0
1989-11-13 00:00:00-05:00,0.0,0.6966039866666031,0.6875178455071622,0.6935754418373108,114995,0.0,0.0
1989-11-14 00:00:00-05:00,0.0,0.6905465006148108,0.6814603617080788,0.6844891309738159,218295,0.0,0.0
1989-11-15 00:00:00-05:00,0.0,0.6875178217887878,0.6814605071518103,0.6875178217887878,128638,0.0,0.0
1989-11-16 00:00:00-05:00,0.0,0.6905468702316284,0.6905468702316284,0.6905468702316284,1949,0.0,0.0
1989-11-17 00:00:00-05:00,0.0,0.693575417909958,0.6844892770639761,0.6875178217887878,189059,0.0,0.0
1989-11-20 00:00:00-05:00,0.0,0.6905465006148108,0.6844891309738159,0.6844891309738159,400532,0.0,0.0
1989-11-21 00:00:00-05:00,0.0,0.6935754418373108,0.6844893006778701,0.6935754418373108,345959,0.0,0.0
1989-11-22 00:00:00-05:00,0.0,0.6935756411185223,0.687518043047878,0.6905468702316284,1070035,0.0,0.0
1989-11-24 00:00:00-05:00,0.0,0.6875178217887878,0.6875178217887878,0.6875178217887878,975,0.0,0.0
1989-11-27 00:00:00-05:00,0.0,0.6966039626347699,0.6875178217887878,0.6875178217887878,464851,0.0,0.0
1989-11-28 00:00:00-05:00,0.0,0.693575417909958,0.6875178217887878,0.6875178217887878,216346,0.0,0.0
1989-11-29 00:00:00-05:00,0.0,0.6966039626347699,0.6875178217887878,0.6875178217887878,189059,0.0,0.0
1989-11-30 00:00:00-05:00,0.0,0.6905466479977922,0.6875178217887878,0.6875178217887878,10720,0.0,0.0
1989-12-01 00:00:00-05:00,0.0,0.6935756411185223,0.687518043047878,0.6905468702316284,622725,0.0,0.0
1989-12-04 00:00:00-05:00,0.0,0.6966035962104797,0.684488917012195,0.6966035962104797,797167,0.0,0.0
1989-12-05 00:00:00-05:00,0.0,0.7072110543124617,0.6950177036112501,0.7011142373085022,79912,0.01898,0.0
1989-12-06 00:00:00-05:00,0.0,0.7072114563978762,0.6980664806685933,0.7041630744934082,331341,0.0,0.0
1989-12-07 00:00:00-05:00,0.0,0.7072114563978762,0.7041630744934082,0.7041630744934082,185161,0.0,0.0
1989-12-08 00:00:00-05:00,0.0,0.7072112560272217,0.7041628749864364,0.7072112560272217,275792,0.0,0.0
1989-12-11 00:00:00-05:00,0.0,0.7041626741411526,0.6950177036112501,0.7011142373085022,757211,0.0,0.0
1989-12-12 00:00:00-05:00,0.0,0.6950178645247718,0.6889212727546692,0.6889212727546692,216346,0.0,0.0
1989-12-13 00:00:00-05:00,0.0,0.6950181314161193,0.688921537304886,0.6919696927070618,1078806,0.0,0.0
1989-12-14 00:00:00-05:00,0.0,0.6950178645247718,0.6828245110005027,0.6889212727546692,350831,0.0,0.0
1989-12-15 00:00:00-05:00,0.0,0.6858731127317836,0.6767281371398749,0.6828247308731079,747465,0.0,0.0
1989-12-18 00:00:00-05:00,0.0,0.682824587575546,0.6492931307648707,0.655389666557312,491164,0.0,0.0
1989-12-19 00:00:00-05:00,0.0,0.6492929932721481,0.6279546692262684,0.6340512037277222,355704,0.0,0.0
1989-12-20 00:00:00-05:00,0.0,0.6401480215359207,0.6310030497996931,0.6340512037277222,666579,0.0,0.0
1989-12-21 00:00:00-05:00,0.0,0.6401480215359207,0.6310030497996931,0.6340512037277222,595439,0.0,0.0
1989-12-22 00:00:00-05:00,0.0,0.6340513166426043,0.6279547810554504,0.6279547810554504,93555,0.0,0.0
1989-12-26 00:00:00-05:00,0.0,0.6218581911343247,0.6066164554798825,0.6127132177352905,1048596,0.0,0.0
1989-12-27 00:00:00-05:00,0.0,0.6157614588737488,0.6066164850292467,0.6157614588737488,232913,0.0,0.0
1989-12-28 00:00:00-05:00,0.0,0.6218582214261409,0.6157614588737488,0.6157614588737488,312825,0.0,0.0
1989-12-29 00:00:00-05:00,0.0,0.6188099384307861,0.615761556670439,0.6188099384307861,323544,0.0,0.0
1990-01-02 00:00:00-05:00,0.0,0.6249063611030579,0.6188098253420022,0.6249063611030579,201728,0.0,0.0
1990-01-03 00:00:00-05:00,0.0,0.6279547810554504,0.6188098076906425,0.6279547810554504,721153,0.0,0.0
1990-01-04 00:00:00-05:00,0.0,0.6279547989676677,0.6218582065452514,0.6249063611030579,851740,0.0,0.0
1990-01-05 00:00:00-05:00,0.0,0.6249062740980148,0.6188097391857733,0.6218581199645996,416125,0.0,0.0
1990-01-08 00:00:00-05:00,0.0,0.6279547989676677,0.6157614441387531,0.6249063611030579,1050545,0.0,0.0
1990-01-09 00:00:00-05:00,0.0,0.6279549137277145,0.6127133448942048,0.6188099384307861,455106,0.0,0.0
1990-01-10 00:00:00-05:00,0.0,0.6127133584244956,0.6035684395869947,0.6096649765968323,121816,0.0,0.0
1990-01-11 00:00:00-05:00,0.0,0.6157614588737488,0.6096648663054428,0.6157614588737488,278716,0.0,0.0
1990-01-12 00:00:00-05:00,0.0,0.6096649765968323,0.606616594769169,0.6096649765968323,50676,0.0,0.0
1990-01-15 00:00:00-05:00,0.0,0.6127133584244956,0.606616594769169,0.6096649765968323,807886,0.0,0.0
1990-01-16 00:00:00-05:00,0.0,0.6127132177352905,0.6005198632085523,0.6127132177352905,775727,0.0,0.0
1990-01-17 00:00:00-05:00,0.0,0.6096646986638329,0.6066163182258606,0.6066163182258606,70166,0.0,0.0
1990-01-18 00:00:00-05:00,0.0,0.6005198472713255,0.5913748741149902,0.5913748741149902,195881,0.0,0.0
1990-01-19 00:00:00-05:00,0.0,0.5913749159443388,0.5852781534194946,0.5852781534194946,134485,0.0,0.0
1990-01-22 00:00:00-05:00,0.0,0.5913747253080878,0.5639398694038391,0.5639398694038391,469724,0.0,0.0
1990-01-23 00:00:00-05:00,0.0,0.5761331046675251,0.5669881320540078,0.5730849504470825,233888,0.0,0.0
1990-01-24 00:00:00-05:00,0.0,0.5639398694038391,0.548698081327813,0.5639398694038391,639293,0.0,0.0
1990-01-25 00:00:00-05:00,0.0,0.5791813135147095,0.5669879636567954,0.5791813135147095,156900,0.0,0.0
1990-01-26 00:00:00-05:00,0.0,0.5791814855333852,0.5730849504470825,0.5730849504470825,163721,0.0,0.0
1990-01-29 00:00:00-05:00,0.0,0.5852779034516602,0.5730847802390964,0.5791813135147095,589591,0.0,0.0
1990-01-30 00:00:00-05:00,0.0,0.5761331224303113,0.5700365304946899,0.5700365304946899,475571,0.0,0.0
1990-01-31 00:00:00-05:00,0.0,0.5791816600445495,0.5517467905990492,0.5578433275222778,592515,0.0,0.0
1990-02-01 00:00:00-05:00,0.0,0.5608915185572229,0.5517465472221375,0.5517465472221375,540865,0.0,0.0
1990-02-02 00:00:00-05:00,0.0,0.5700365304946899,0.5517466413651133,0.5700365304946899,341086,0.0,0.0
1990-02-05 00:00:00-05:00,0.0,0.5852779466116574,0.5669880054680424,0.5822297930717468,356678,0.0,0.0
1990-02-06 00:00:00-05:00,0.0,0.5944233118231508,0.5822299576200127,0.5913748741149902,668528,0.0,0.0
1990-02-07 00:00:00-05:00,0.0,0.5913748741149902,0.5852781120213846,0.5913748741149902,36058,0.0,0.0
1990-02-08 00:00:00-05:00,0.0,0.6096649765968323,0.5883266437714229,0.6096649765968323,211473,0.0,0.0
1990-02-09 00:00:00-05:00,0.0,0.615761570268042,0.6035684395869947,0.6096649765968323,202703,0.0,0.0
1990-02-12 00:00:00-05:00,0.0,0.6096646104356962,0.5944231070809468,0.6035680770874023,209524,0.0,0.0
1990-02-13 00:00:00-05:00,0.0,0.6035679933874802,0.5974711775779724,0.5974711775779724,135460,0.0,0.0
1990-02-14 00:00:00-05:00,0.0,0.6188099520957053,0.5974716192702959,0.6096649765968323,918983,0.0,0.0
1990-02-15 00:00:00-05:00,0.0,0.6127132177352905,0.6096648366075865,0.6127132177352905,76013,0.0,0.0
1990-02-16 00:00:00-05:00,0.0,0.6157614288789167,0.6096648366075865,0.6127132177352905,494087,0.0,0.0
1990-02-20 00:00:00-05:00,0.0,0.615761570268042,0.6096649765968323,0.6096649765968323,147154,0.0,0.0
1990-02-21 00:00:00-05:00,0.0,0.6035681144006395,0.5730848224999393,0.5822297930717468,660732,0.0,0.0
1990-02-22 00:00:00-05:00,0.0,0.5913748741149902,0.5852781120213846,0.5913748741149902,183212,0.0,0.0
1990-02-23 00:00:00-05:00,0.0,0.594423272514383,0.5883264541625977,0.5883264541625977,81861,0.0,0.0
1990-02-26 00:00:00-05:00,0.0,0.594423272514383,0.5883264541625977,0.5883264541625977,162747,0.0,0.0
1990-02-27 00:00:00-05:00,0.0,0.5944234132766724,0.588326593481131,0.5944234132766724,115969,0.0,0.0
1990-02-28 00:00:00-05:00,0.0,0.5913748741149902,0.5852781120213846,0.5913748741149902,54574,0.0,0.0
1990-03-01 00:00:00-05:00,0.0,0.5944234132766724,0.588326593481131,0.5944234132766724,222193,0.0,0.0
1990-03-02 00:00:00-05:00,0.0,0.6035680770874023,0.5883262904259619,0.6035680770874023,483368,0.0,0.0
1990-03-05 00:00:00-05:00,0.0,0.6050413502235547,0.5988989120410197,0.6019700169563293,24363,0.01898,0.0
1990-03-06 00:00:00-05:00,0.0,0.6081130789263635,0.5958278531980521,0.598899245262146,76988,0.0,0.0
1990-03-07 00:00:00-05:00,0.0,0.6019701011893246,0.5896849376653112,0.5927562713623047,506756,0.0,0.0
1990-03-08 00:00:00-05:00,0.0,0.5988990823406775,0.5896850228309631,0.5896850228309631,270920,0.0,0.0
1990-03-09 00:00:00-05:00,0.0,0.5958276050592982,0.5896849376653112,0.5927562713623047,470699,0.0,0.0
1990-03-12 00:00:00-05:00,0.0,0.5958276391029358,0.5927563052304563,0.5958276391029358,274818,0.0,0.0
1990-03-13 00:00:00-05:00,0.0,0.5958276911121092,0.5896850228309631,0.5896850228309631,75039,0.0,0.0
1990-03-14 00:00:00-05:00,0.0,0.5958276050592982,0.5866138323202653,0.5927562713623047,63345,0.0,0.0
1990-03-15 00:00:00-05:00,0.0,0.5958276911121092,0.5866139170423709,0.5896850228309631,213422,0.0,0.0
1990-03-16 00:00:00-05:00,0.0,0.5958276050592982,0.5896849376653112,0.5927562713623047,446335,0.0,0.0
1990-03-19 00:00:00-05:00,0.0,0.5958276391029358,0.5896849713579768,0.5958276391029358,163721,0.0,0.0
1990-03-20 00:00:00-05:00,0.0,0.5958276050592982,0.5896849376653112,0.5927562713623047,282614,0.0,0.0
1990-03-21 00:00:00-05:00,0.0,0.5958276911121092,0.5896850228309631,0.5896850228309631,30210,0.0,0.0
1990-03-22 00:00:00-05:00,0.0,0.5958276911121092,0.5866139170423709,0.5896850228309631,199779,0.0,0.0
1990-03-23 00:00:00-05:00,0.0,0.5896848069990739,0.5804709792137146,0.5804709792137146,867333,0.0,0.0
1990-03-26 00:00:00-05:00,0.5804712781060406,0.5835426127039387,0.5743287801742554,0.5743287801742554,286512,0.0,0.0
1990-03-27 00:00:00-05:00,0.5712572333097238,0.5743285667663819,0.5589722990989685,0.5589722990989685,292359,0.0,0.0
1990-03-28 00:00:00-05:00,0.5497584360877935,0.5620433695409023,0.5436157695533128,0.5559009313583374,451208,0.0,0.0
1990-03-29 00:00:00-05:00,0.5620433805548044,0.5712572092731445,0.5559009422518711,0.5681861042976379,192957,0.0,0.0
1990-03-30 00:00:00-05:00,0.5712575360009466,0.5712575360009466,0.5620437020128017,0.5651150941848755,172492,0.0,0.0
1990-04-02 00:00:00-04:00,0.5651147709702112,0.5681861042976379,0.5651147709702112,0.5681861042976379,84784,0.0,0.0
1990-04-03 00:00:00-04:00,0.5712574124336243,0.5774001383610406,0.5681863063659177,0.5712574124336243,531120,0.0,0.0
1990-04-04 00:00:00-04:00,0.5712574455763573,0.5743287801742554,0.5712574455763573,0.5743287801742554,141307,0.0,0.0
1990-04-05 00:00:00-04:00,0.5712573039447603,0.5774000287055969,0.5712573039447603,0.5774000287055969,371296,0.0,0.0
1990-04-06 00:00:00-04:00,0.5712573375981024,0.5896849991742985,0.5712573375981024,0.5866138935089111,851740,0.0,0.0
1990-04-09 00:00:00-04:00,0.5804709792137146,0.5866137023345437,0.5804709792137146,0.5804709792137146,122791,0.0,0.0
1990-04-10 00:00:00-04:00,0.5896849376653112,0.5958276050592982,0.5896849376653112,0.5927562713623047,75039,0.0,0.0
1990-04-11 00:00:00-04:00,0.605041362022492,0.6081127524375916,0.5958275333050737,0.6081127524375916,674376,0.0,0.0
1990-04-12 00:00:00-04:00,0.6111838803174549,0.6111838803174549,0.6050413846969604,0.6050413846969604,25338,0.0,0.0
1990-04-16 00:00:00-04:00,0.6173267364501953,0.6265405683375117,0.6142554020664235,0.6173267364501953,446335,0.0,0.0
1990-04-17 00:00:00-04:00,0.6142555475234985,0.6203980464816005,0.6081131056534099,0.6142555475234985,184186,0.0,0.0
1990-04-18 00:00:00-04:00,0.6142552137596753,0.6173265472018957,0.6050413846969604,0.6050413846969604,379093,0.0,0.0
1990-04-19 00:00:00-04:00,0.6019703518861864,0.6050416868622696,0.598899245262146,0.598899245262146,1213291,0.0,0.0
1990-04-20 00:00:00-04:00,0.5958278531980521,0.598899245262146,0.592756518221969,0.598899245262146,217320,0.0,0.0
1990-04-23 00:00:00-04:00,0.5927562713623047,0.5988989958442787,0.5927562713623047,0.5927562713623047,282614,0.0,0.0
1990-04-24 00:00:00-04:00,0.6019700169563293,0.6081127405787589,0.5958275216858155,0.6019700169563293,399558,0.0,0.0
1990-04-25 00:00:00-04:00,0.6050414694564037,0.6050414694564037,0.5958276391029358,0.5958276391029358,122791,0.0,0.0
1990-04-26 00:00:00-04:00,0.5958278531980521,0.598899245262146,0.592756518221969,0.598899245262146,1107068,0.0,0.0
1990-04-27 00:00:00-04:00,0.5927563331916574,0.5958276672090164,0.5804711683862004,0.5866138935089111,3015200,0.0,0.0
1990-04-30 00:00:00-04:00,0.5933701992034912,0.5933701992034912,0.5804708880013034,0.5933701992034912,253378,0.0,1.05
1990-05-01 00:00:00-04:00,0.5933701992034912,0.5933701992034912,0.5933701992034912,0.5933701992034912,0,0.0,0.0
1990-05-02 00:00:00-04:00,0.5933701992034912,0.5933701992034912,0.5933701992034912,0.5933701992034912,1856,0.0,0.0
1990-05-03 00:00:00-04:00,0.6062701459809359,0.6127198338508606,0.5998204581110113,0.6127198338508606,557803,0.0,0.0
1990-05-04 00:00:00-04:00,0.6062701459809359,0.6127198338508606,0.5998204581110113,0.6127198338508606,475200,0.0,0.0
1990-05-07 00:00:00-04:00,0.6094949899158982,0.6127198338508606,0.5965953858240557,0.6127198338508606,990309,0.0,0.0
1990-05-08 00:00:00-04:00,0.606270188513924,0.606270188513924,0.5998205001915203,0.6030453443527222,1568531,0.0,0.0
1990-05-09 00:00:00-04:00,0.5998202059532843,0.6062698911118333,0.5804709792137146,0.5804709792137146,283078,0.0,0.0
1990-05-10 00:00:00-04:00,0.5933702924428382,0.5933702924428382,0.561121980826042,0.5804709792137146,255234,0.0,0.0
1990-05-11 00:00:00-04:00,0.5869206643722635,0.5869206643722635,0.5740212940551657,0.5804709792137146,264516,0.0,0.0
1990-05-14 00:00:00-04:00,0.5740212940551657,0.5933702924428382,0.5740212940551657,0.5804709792137146,286791,0.0,0.0
1990-05-15 00:00:00-04:00,0.5804712826727064,0.5933706026453414,0.5804712826727064,0.5836961269378662,90956,0.0,0.0
1990-05-16 00:00:00-04:00,0.5804708880013034,0.5933701992034912,0.5804708880013034,0.5933701992034912,1159228,0.0,0.0
1990-05-17 00:00:00-04:00,0.5933703421821053,0.5998202562332153,0.5804710278716967,0.5998202562332153,1148091,0.0,0.0
1990-05-18 00:00:00-04:00,0.599820281424291,0.599820281424291,0.5869207382202148,0.5869207382202148,20419,0.0,0.0
1990-05-21 00:00:00-04:00,0.5869207135708905,0.5998202562332153,0.5869207135708905,0.5998202562332153,12066,0.0,0.0
1990-05-22 00:00:00-04:00,0.5869207382202148,0.6030451244093239,0.5869207382202148,0.5869207382202148,101166,0.0,0.0
1990-05-23 00:00:00-04:00,0.5869209522827061,0.606270188513924,0.5869209522827061,0.6030453443527222,77034,0.0,0.0
1990-05-24 00:00:00-04:00,0.5965950412760295,0.6062697958455054,0.5933701992034912,0.5933701992034912,27844,0.0,0.0
1990-05-25 00:00:00-04:00,0.5965951850317022,0.5998202562332153,0.5965951850317022,0.5998202562332153,372178,0.0,0.0
1990-05-29 00:00:00-04:00,0.5933705835171076,0.6030453443527222,0.5933705835171076,0.6030453443527222,45478,0.0,0.0
1990-05-30 00:00:00-04:00,0.6062699419324092,0.6062699419324092,0.5998202562332153,0.5998202562332153,21347,0.0,0.0
1990-05-31 00:00:00-04:00,0.5998205001915203,0.606270188513924,0.5998205001915203,0.6030453443527222,23203,0.0,0.0
1990-06-01 00:00:00-04:00,0.606269982183977,0.6256190405661841,0.5998202960565746,0.6191693544387817,188409,0.0,0.0
1990-06-04 00:00:00-04:00,0.6371120004007863,0.6533648722333301,0.6338614260342775,0.6501142978668213,441788,0.02047,0.0
1990-06-05 00:00:00-04:00,0.6663674712181091,0.6761191995722097,0.6631168951000757,0.6663674712181091,545738,0.0,0.0
1990-06-06 00:00:00-04:00,0.6631168951000757,0.6696180473361427,0.6631168951000757,0.6663674712181091,82603,0.0,0.0
1990-06-07 00:00:00-04:00,0.666367628007433,0.6696182048902932,0.6631170511245728,0.6631170511245728,138291,0.0,0.0
1990-06-08 00:00:00-04:00,0.6631170511245728,0.6761193586560136,0.6631170511245728,0.6631170511245728,638550,0.0,0.0
1990-06-11 00:00:00-04:00,0.6598663414395939,0.6696180701255798,0.6598663414395939,0.6696180701255798,119728,0.0,0.0
1990-06-12 00:00:00-04:00,0.6598662734031677,0.6696180010836882,0.6598662734031677,0.6598662734031677,63113,0.0,0.0
1990-06-13 00:00:00-04:00,0.6598663414395939,0.6696180701255798,0.6598663414395939,0.6696180701255798,665466,0.0,0.0
1990-06-14 00:00:00-04:00,0.6598663189820422,0.6696180473361427,0.6598663189820422,0.6663674712181091,254306,0.0,0.0
1990-06-15 00:00:00-04:00,0.666367628007433,0.666367628007433,0.6631170511245728,0.6631170511245728,64041,0.0,0.0
1990-06-18 00:00:00-04:00,0.6696182048902932,0.6696182048902932,0.6631170511245728,0.6631170511245728,183769,0.0,0.0
1990-06-19 00:00:00-04:00,0.6696180473361427,0.6696180473361427,0.6566158004075324,0.6663674712181091,483553,0.0,0.0
1990-06-20 00:00:00-04:00,0.6631171375288123,0.6761194467544556,0.6631171375288123,0.6761194467544556,317419,0.0,0.0
1990-06-21 00:00:00-04:00,0.6631170511245728,0.6696182048902932,0.6631170511245728,0.6631170511245728,369394,0.0,0.0
1990-06-22 00:00:00-04:00,0.6696180701255798,0.6696180701255798,0.6631169176682559,0.6696180701255798,347119,0.0,0.0
1990-06-25 00:00:00-04:00,0.6631170511245728,0.6631170511245728,0.6631170511245728,0.6631170511245728,7425,0.0,0.0
1990-06-26 00:00:00-04:00,0.6631169176682559,0.6696180701255798,0.6631169176682559,0.6696180701255798,20419,0.0,0.0
1990-06-27 00:00:00-04:00,0.6761193124341833,0.7021238681757672,0.6761193124341833,0.6826204657554626,467775,0.0,0.0
1990-06-28 00:00:00-04:00,0.6891212933614772,0.695622444152832,0.6891212933614772,0.695622444152832,172631,0.0,0.0
1990-06-29 00:00:00-04:00,0.6891216905193797,0.7021239995956421,0.6891216905193797,0.7021239995956421,1337428,0.0,0.0
1990-07-02 00:00:00-04:00,0.695622737417623,0.702123890949773,0.6858710646629333,0.6858710646629333,284934,0.0,0.0
1990-07-03 00:00:00-04:00,0.6858709512688896,0.6858709512688896,0.6696180701255798,0.6696180701255798,854803,0.0,0.0
1990-07-05 00:00:00-04:00,0.6696182921416339,0.6761194467544556,0.6663677148352232,0.6761194467544556,220894,0.0,0.0
1990-07-06 00:00:00-04:00,0.666367628007433,0.6761193586560136,0.6631170511245728,0.6631170511245728,32484,0.0,0.0
1990-07-09 00:00:00-04:00,0.6663677148352232,0.6761194467544556,0.6663677148352232,0.6761194467544556,113231,0.0,0.0
1990-07-10 00:00:00-04:00,0.6826201439530137,0.6826201439530137,0.6728684185682768,0.6793695688247681,263588,0.0,0.0
1990-07-11 00:00:00-04:00,0.6728688694480448,0.6761194467544556,0.6728688694480448,0.6761194467544556,156853,0.0,0.0
1990-07-12 00:00:00-04:00,0.6728688694480448,0.6761194467544556,0.6728688694480448,0.6761194467544556,219966,0.0,0.0
1990-07-13 00:00:00-04:00,0.6728688694480448,0.6793700240608664,0.6728688694480448,0.6761194467544556,1207491,0.0,0.0
1990-07-16 00:00:00-04:00,0.6728684333457161,0.6761190085453505,0.6566156148910522,0.6566156148910522,309994,0.0,0.0
1990-07-17 00:00:00-04:00,0.6501143193417622,0.6566154682895293,0.637112021446228,0.637112021446228,314634,0.0,0.0
1990-07-18 00:00:00-04:00,0.6371119741576713,0.6436131226229017,0.6306108832359314,0.6306108832359314,472416,0.0,0.0
1990-07-19 00:00:00-04:00,0.6306108832359314,0.6306108832359314,0.6306108832359314,0.6306108832359314,36197,0.0,0.0
1990-07-20 00:00:00-04:00,0.637112021446228,0.637112021446228,0.6306109300419557,0.637112021446228,92813,0.0,0.0
1990-07-23 00:00:00-04:00,0.624110070554222,0.624110070554222,0.6111077666282654,0.6111077666282654,85388,0.0,0.0
1990-07-24 00:00:00-04:00,0.6143582696385196,0.6273605720201101,0.611107694043122,0.6176088452339172,888216,0.0,0.0
1990-07-25 00:00:00-04:00,0.6111074378402402,0.6338613999250561,0.6111074378402402,0.6306108832359314,144788,0.0,0.0
1990-07-26 00:00:00-04:00,0.6306113976545232,0.637112493879505,0.6241102438860041,0.6273608207702637,263588,0.0,0.0
1990-07-27 00:00:00-04:00,0.637112021446228,0.637112021446228,0.637112021446228,0.637112021446228,9281,0.0,0.0
1990-07-30 00:00:00-04:00,0.624109734770701,0.6306108832359314,0.6176085863054707,0.6306108832359314,124369,0.0,0.0
1990-07-31 00:00:00-04:00,0.6176088217984997,0.620859397270553,0.6143582463264465,0.6143582463264465,197691,0.0,0.0
1990-08-01 00:00:00-04:00,0.6241102595256833,0.6241102595256833,0.620859682559967,0.620859682559967,10209,0.0,0.0
1990-08-02 00:00:00-04:00,0.6111076708543933,0.6176088217984997,0.6111076708543933,0.6143582463264465,223678,0.0,0.0
1990-08-03 00:00:00-04:00,0.6143582696385196,0.6176088452339172,0.6078571184477244,0.6176088452339172,666394,0.0,0.0
1990-08-06 00:00:00-04:00,0.6111077666282654,0.6111077666282654,0.6046066146652871,0.6111077666282654,387956,0.0,0.0
1990-08-07 00:00:00-04:00,0.6111077666282654,0.6143583426097545,0.5981052325282231,0.6111077666282654,813966,0.0,0.0
1990-08-08 00:00:00-04:00,0.6111076708543933,0.6143582463264465,0.6111076708543933,0.6143582463264465,94669,0.0,0.0
1990-08-09 00:00:00-04:00,0.6078570953823401,0.6143582463264465,0.6046065199102869,0.6143582463264465,413944,0.0,0.0
1990-08-10 00:00:00-04:00,0.6078570485115051,0.6143581989543188,0.6046064732900983,0.6078570485115051,215325,0.0,0.0
1990-08-13 00:00:00-04:00,0.6078570953823401,0.6143582463264465,0.6078570953823401,0.6143582463264465,49191,0.0,0.0
1990-08-14 00:00:00-04:00,0.6078573746971018,0.6241102595256833,0.6078573746971018,0.620859682559967,662681,0.0,0.0
1990-08-15 00:00:00-04:00,0.6273604391418328,0.6273604391418328,0.6176087144211071,0.6241098642349243,645975,0.0,0.0
1990-08-16 00:00:00-04:00,0.6176091055942508,0.6273608364913997,0.6176091055942508,0.620859682559967,243169,0.0,0.0
1990-08-17 00:00:00-04:00,0.6176088452339172,0.6241099964247125,0.6176088452339172,0.6176088452339172,1123959,0.0,0.0
1990-08-20 00:00:00-04:00,0.6176088452339172,0.6241099964247125,0.6176088452339172,0.6176088452339172,543881,0.0,0.0
1990-08-21 00:00:00-04:00,0.6176088452339172,0.6208594208293149,0.611107694043122,0.6176088452339172,643191,0.0,0.0
1990-08-22 00:00:00-04:00,0.6208592893280157,0.6371121063190562,0.6176087144211071,0.6241098642349243,299784,0.0,0.0
1990-08-23 00:00:00-04:00,0.6176087144211071,0.6241098642349243,0.6176087144211071,0.6241098642349243,2312888,0.0,0.0
1990-08-24 00:00:00-04:00,0.6176085863054707,0.6306108832359314,0.6176085863054707,0.6306108832359314,1473863,0.0,0.0
1990-08-27 00:00:00-04:00,0.6338616609573364,0.6371122365285798,0.6241099917871201,0.6338616609573364,300713,0.0,0.0
1990-08-28 00:00:00-04:00,0.6403625747672951,0.6501142978668213,0.6371120004007863,0.6501142978668213,244097,0.0,0.0
1990-08-29 00:00:00-04:00,0.6550928015468861,0.6747455450043844,0.6485418677330017,0.6485418677330017,520678,0.02047,0.0
1990-08-30 00:00:00-04:00,0.6550928015468861,0.6616437353607704,0.6485418677330017,0.6485418677330017,212541,0.0,0.0
1990-08-31 00:00:00-04:00,0.6485418677330017,0.6616437353607704,0.6485418677330017,0.6485418677330017,420441,0.0,0.0
1990-09-04 00:00:00-04:00,0.6485420328504089,0.6550929683321473,0.6485420328504089,0.6518175005912781,56616,0.0,0.0
1990-09-05 00:00:00-04:00,0.6550931334495544,0.6747458868641123,0.6550931334495544,0.6550931334495544,553163,0.0,0.0
1990-09-06 00:00:00-04:00,0.6550931334495544,0.6550931334495544,0.6485421963166405,0.6550931334495544,55688,0.0,0.0
1990-09-07 00:00:00-04:00,0.6485420328504089,0.6550929683321473,0.6485420328504089,0.6518175005912781,336909,0.0,0.0
1990-09-10 00:00:00-04:00,0.6485421963166405,0.6550931334495544,0.6485421963166405,0.6550931334495544,312778,0.0,0.0
1990-09-11 00:00:00-04:00,0.6485420328504089,0.6518175005912781,0.6485420328504089,0.6518175005912781,471488,0.0,0.0
1990-09-12 00:00:00-04:00,0.6485418677330017,0.6485418677330017,0.6485418677330017,0.6485418677330017,6497,0.0,0.0
1990-09-13 00:00:00-04:00,0.6485420328504089,0.6550929683321473,0.6485420328504089,0.6518175005912781,51975,0.0,0.0
1990-09-14 00:00:00-04:00,0.6485421801969278,0.6550931171670161,0.6419912432268393,0.6452667117118835,304425,0.0,0.0
1990-09-17 00:00:00-04:00,0.6354405555235996,0.6485423754235521,0.6354405555235996,0.6419914364814758,67753,0.0,0.0
1990-09-18 00:00:00-04:00,0.6354402865300898,0.6387156966303869,0.6223384141921997,0.6223384141921997,257091,0.0,0.0
1990-09-19 00:00:00-04:00,0.6288893040733836,0.6288893040733836,0.6190629005432129,0.6190629005432129,168919,0.0,0.0
1990-09-20 00:00:00-04:00,0.6157873610616409,0.6157873610616409,0.6059607267379761,0.6059607267379761,83531,0.0,0.0
1990-09-21 00:00:00-04:00,0.6026853618698931,0.6059608298898069,0.5961344838142395,0.5961344838142395,64969,0.0,0.0
1990-09-24 00:00:00-04:00,0.6026853322982788,0.6092364999533614,0.6026853322982788,0.6026853322982788,21347,0.0,0.0
1990-09-25 00:00:00-04:00,0.6026853478179532,0.6059608157614977,0.5994099378585815,0.5994099378585815,181913,0.0,0.0
1990-09-26 00:00:00-04:00,0.5994099224232519,0.6026853322982788,0.5994099224232519,0.6026853322982788,6497,0.0,0.0
1990-09-27 00:00:00-04:00,0.6026853322982788,0.6092364999533614,0.5961344545640535,0.6026853322982788,387028,0.0,0.0
1990-09-28 00:00:00-04:00,0.5994099224232519,0.6026853322982788,0.5961344545640535,0.6026853322982788,111375,0.0,0.0
1990-10-01 00:00:00-04:00,0.6026853322982788,0.6026853322982788,0.5961344545640535,0.6026853322982788,133650,0.0,0.0
1990-10-02 00:00:00-04:00,0.5994099518341535,0.5994099518341535,0.5961344838142395,0.5961344838142395,11138,0.0,0.0
1990-10-03 00:00:00-04:00,0.5928592681884766,0.5928592681884766,0.5928592681884766,0.5928592681884766,19491,0.0,0.0
1990-10-04 00:00:00-04:00,0.5994099378585815,0.5994099378585815,0.5994099378585815,0.5994099378585815,92813,0.0,0.0
1990-10-05 00:00:00-04:00,0.5961343105124768,0.5961343105124768,0.5797569751739502,0.5797569751739502,89100,0.0,0.0
1990-10-08 00:00:00-04:00,0.5830324422416555,0.5830324422416555,0.5797569751739502,0.5797569751739502,3713,0.0,0.0
1990-10-09 00:00:00-04:00,0.5797569751739502,0.5830324422416555,0.5764815081062449,0.5797569751739502,65897,0.0,0.0
1990-10-10 00:00:00-04:00,0.5732060482956047,0.5732060482956047,0.5502778365155429,0.56337970495224,207900,0.0,0.0
1990-10-11 00:00:00-04:00,0.5633798379998955,0.5666553058826036,0.5601043701171875,0.5601043701171875,103022,0.0,0.0
1990-10-12 00:00:00-04:00,0.5666553974151611,0.5666553974151611,0.5601044605915639,0.5666553974151611,58472,0.0,0.0
1990-10-15 00:00:00-04:00,0.5601043701171875,0.5633798379998955,0.5601043701171875,0.5601043701171875,245953,0.0,0.0
1990-10-16 00:00:00-04:00,0.5568287372589111,0.5568287372589111,0.5568287372589111,0.5568287372589111,37125,0.0,0.0
1990-10-17 00:00:00-04:00,0.550278067360262,0.550278067360262,0.537176251411438,0.537176251411438,117872,0.0,0.0
1990-10-18 00:00:00-04:00,0.537176251411438,0.537176251411438,0.537176251411438,0.537176251411438,10209,0.0,0.0
1990-10-19 00:00:00-04:00,0.5339008108123421,0.5339008108123421,0.517523467540741,0.517523467540741,66825,0.0,0.0
1990-10-22 00:00:00-04:00,0.5207989361950612,0.5240744048493814,0.517523467540741,0.517523467540741,131794,0.0,0.0
1990-10-23 00:00:00-04:00,0.5109722489933629,0.514247715473175,0.5109722489933629,0.514247715473175,132722,0.0,0.0
1990-10-24 00:00:00-04:00,0.517523467540741,0.517523467540741,0.5142480568706063,0.517523467540741,100238,0.0,0.0
1990-10-25 00:00:00-04:00,0.5240740569284643,0.5240740569284643,0.514247715473175,0.514247715473175,289575,0.0,0.0
1990-10-26 00:00:00-04:00,0.514248087908717,0.514248087908717,0.5109726190567017,0.5109726190567017,150356,0.0,0.0
1990-10-29 00:00:00-05:00,0.5109726190567017,0.514248087908717,0.5011462125006555,0.5109726190567017,271013,0.0,0.0
1990-10-30 00:00:00-05:00,0.5011459589004517,0.5011459589004517,0.5011459589004517,0.5011459589004517,142003,0.0,0.0
1990-10-31 00:00:00-05:00,0.49787074364864004,0.5109726190567017,0.49787074364864004,0.5109726190567017,178200,0.0,0.0
1990-11-01 00:00:00-05:00,0.5109726190567017,0.5109726190567017,0.49787074364864004,0.5109726190567017,191194,0.0,0.0
1990-11-02 00:00:00-05:00,0.5142479290990505,0.5339006781578064,0.5142479290990505,0.5339006781578064,653400,0.0,0.0
1990-11-05 00:00:00-05:00,0.5339007829281864,0.537176251411438,0.5339007829281864,0.537176251411438,195834,0.0,0.0
1990-11-06 00:00:00-05:00,0.537176309820032,0.5502781271934509,0.537176309820032,0.5502781271934509,118800,0.0,0.0
1990-11-07 00:00:00-05:00,0.5502781406559293,0.57320636510849,0.5502781406559293,0.57320636510849,68681,0.0,0.0
1990-11-08 00:00:00-05:00,0.5699307918548584,0.5699307918548584,0.5699307918548584,0.5699307918548584,28772,0.0,0.0
1990-11-09 00:00:00-05:00,0.5732062018573558,0.5732062018573558,0.5699307918548584,0.5699307918548584,12994,0.0,0.0
1990-11-12 00:00:00-05:00,0.5666554277472692,0.5863081812858582,0.5666554277472692,0.5863081812858582,38981,0.0,0.0
1990-11-13 00:00:00-05:00,0.5830327126987292,0.5863081812858582,0.5699308963343981,0.5863081812858582,471488,0.0,0.0
1990-11-14 00:00:00-05:00,0.5863078704563274,0.5895833373069763,0.5863078704563274,0.5895833373069763,37125,0.0,0.0
1990-11-15 00:00:00-05:00,0.5961344838142395,0.5961344838142395,0.5961344838142395,0.5961344838142395,22275,0.0,0.0
1990-11-16 00:00:00-05:00,0.596134737602835,0.5994102070171933,0.5928592681884766,0.5928592681884766,28772,0.0,0.0
1990-11-19 00:00:00-05:00,0.5994098497974689,0.6092364261369694,0.5961343823351332,0.6059607267379761,48263,0.0,0.0
1990-11-20 00:00:00-05:00,0.6092365384101868,0.6092365384101868,0.6059608384075308,0.6092365384101868,127153,0.0,0.0
1990-11-21 00:00:00-05:00,0.6059608001574772,0.6059608001574772,0.5994099224232519,0.6026853322982788,10209,0.0,0.0
1990-11-23 00:00:00-05:00,0.6059607267379761,0.6059607267379761,0.6059607267379761,0.6059607267379761,18563,0.0,0.0
1990-11-26 00:00:00-05:00,0.6092364058917489,0.6125118732452393,0.6059607066016086,0.6125118732452393,525319,0.0,0.0
1990-11-27 00:00:00-05:00,0.6059608001574772,0.6059608001574772,0.6026853322982788,0.6026853322982788,10209,0.0,0.0
1990-11-28 00:00:00-05:00,0.5994099378585815,0.5994099378585815,0.5961344699150369,0.5994099378585815,7425,0.0,0.0
1990-11-29 00:00:00-05:00,0.6026850499738045,0.6026850499738045,0.5830323100090027,0.5830323100090027,518822,0.0,0.0
1990-11-30 00:00:00-05:00,0.5764817755244714,0.5928591184601159,0.5764817755244714,0.5863081812858582,442716,0.0,0.0
1990-12-03 00:00:00-05:00,0.5895833763770661,0.5895833763770661,0.5797569751739502,0.5797569751739502,87244,0.0,0.0
1990-12-04 00:00:00-05:00,0.5863081812858582,0.5895836498729871,0.5830327126987292,0.5863081812858582,69609,0.0,0.0
1990-12-05 00:00:00-05:00,0.5928590241278829,0.6092365384101868,0.5928590241278829,0.6092365384101868,103022,0.0,0.0
1990-12-06 00:00:00-05:00,0.6142558984752562,0.6208608062670014,0.6076507568359375,0.6076507568359375,246881,0.02047,0.0
1990-12-07 00:00:00-05:00,0.6076502836231439,0.6208603227667782,0.6076502836231439,0.6109527349472046,189338,0.0,0.0
1990-12-10 00:00:00-05:00,0.6076507568359375,0.6175583523711288,0.6043483614019584,0.6076507568359375,245025,0.0,0.0
1990-12-11 00:00:00-05:00,0.6076507568359375,0.6076507568359375,0.6076507568359375,0.6076507568359375,68681,0.0,0.0
1990-12-12 00:00:00-05:00,0.6076502836231439,0.6142554201186567,0.6076502836231439,0.6109527349472046,111375,0.0,0.0
1990-12-13 00:00:00-05:00,0.6175582425304396,0.6274656024559057,0.6175582425304396,0.6208606958389282,154997,0.0,0.0
1990-12-14 00:00:00-05:00,0.6175581793078325,0.6208606322782321,0.6109530395195253,0.6142557263374329,75178,0.0,0.0
1990-12-17 00:00:00-05:00,0.6109527349472046,0.6142554201186567,0.6109527349472046,0.6109527349472046,79819,0.0,0.0
1990-12-18 00:00:00-05:00,0.6142558984752562,0.6142558984752562,0.6076507568359375,0.6076507568359375,244097,0.0,0.0
1990-12-19 00:00:00-05:00,0.6043481826782227,0.6076505771355856,0.6010457297589836,0.6043481826782227,142931,0.0,0.0
1990-12-20 00:00:00-05:00,0.6010459044045433,0.6010459044045433,0.5845336350103878,0.5944409966468811,1070128,0.0,0.0
1990-12-21 00:00:00-05:00,0.5845335690123236,0.5845335690123236,0.5713238134503691,0.5746262669563293,281222,0.0,0.0
1990-12-24 00:00:00-05:00,0.5779284931162497,0.5911383032798767,0.5779284931162497,0.5911383032798767,25059,0.0,0.0
1990-12-26 00:00:00-05:00,0.5977433919906616,0.6043482991015269,0.5977433919906616,0.5977433919906616,19491,0.0,0.0
1990-12-27 00:00:00-05:00,0.5977432748217077,0.604348180637887,0.5977432748217077,0.6010457277297974,18563,0.0,0.0
1990-12-28 00:00:00-05:00,0.5977432034378386,0.6010456559515418,0.5845333933830261,0.5845333933830261,127153,0.0,0.0
1990-12-31 00:00:00-05:00,0.5911383710012666,0.6076505771355856,0.5812310122435497,0.6043481826782227,229247,0.0,0.0
1991-01-02 00:00:00-05:00,0.6010457297589836,0.614255716821568,0.6010457297589836,0.6043481826782227,92813,0.0,0.0
1991-01-03 00:00:00-05:00,0.5977434505257122,0.5977434505257122,0.5944409966468811,0.5944409966468811,538313,0.0,0.0
1991-01-04 00:00:00-05:00,0.5878360888892189,0.5977434505257122,0.5878360888892189,0.5944409966468811,59400,0.0,0.0
1991-01-07 00:00:00-05:00,0.5944409966468811,0.5944409966468811,0.59113854276805,0.5944409966468811,457566,0.0,0.0
1991-01-08 00:00:00-05:00,0.5911383607983355,0.5944408136605748,0.5878359079360962,0.5878359079360962,717441,0.0,0.0
1991-01-09 00:00:00-05:00,0.5911383032798767,0.5911383032798767,0.5845333981980633,0.5911383032798767,64969,0.0,0.0
1991-01-10 00:00:00-05:00,0.5878360888892189,0.5944409966468811,0.5878360888892189,0.5944409966468811,72394,0.0,0.0
1991-01-11 00:00:00-05:00,0.5944409966468811,0.5944409966468811,0.5944409966468811,0.5944409966468811,54759,0.0,0.0
1991-01-14 00:00:00-05:00,0.5944409966468811,0.6043483582833744,0.5944409966468811,0.5944409966468811,304425,0.0,0.0
1991-01-15 00:00:00-05:00,0.5977432083616903,0.6043481134435038,0.5911383032798767,0.5911383032798767,30628,0.0,0.0
1991-01-16 00:00:00-05:00,0.5977432748217077,0.604348180637887,0.5944408219136181,0.6010457277297974,56616,0.0,0.0
1991-01-17 00:00:00-05:00,0.6076506487574415,0.6208606958389282,0.6076506487574415,0.6208606958389282,690525,0.0,0.0
1991-01-18 00:00:00-05:00,0.6175583621008368,0.6241632699966431,0.6175583621008368,0.6241632699966431,77963,0.0,0.0
1991-01-21 00:00:00-05:00,0.6241627740908389,0.6274652254148995,0.6109527349472046,0.6109527349472046,246881,0.0,0.0
1991-01-22 00:00:00-05:00,0.6076507568359375,0.6076507568359375,0.6010459075060858,0.6076507568359375,110447,0.0,0.0
1991-01-23 00:00:00-05:00,0.6142559081529337,0.6241632699966431,0.6142559081529337,0.6241632699966431,26916,0.0,0.0
1991-01-24 00:00:00-05:00,0.62746584524072,0.6406756635859384,0.62746584524072,0.6373732089996338,327628,0.0,0.0
1991-01-25 00:00:00-05:00,0.6373727394054529,0.6538849417094509,0.6373727394054529,0.6472800374031067,129938,0.0,0.0
1991-01-28 00:00:00-05:00,0.6406753073756764,0.643977701663971,0.634070401875341,0.643977701663971,212541,0.0,0.0
1991-01-29 00:00:00-05:00,0.6406750769173823,0.6538848247044798,0.637372625355145,0.6505823731422424,118800,0.0,0.0
1991-01-30 00:00:00-05:00,0.6538854248474358,0.6637927886272312,0.6505829702541708,0.6604903340339661,195834,0.0,0.0
1991-01-31 00:00:00-05:00,0.6604900971549433,0.6670950039726812,0.6571876437460743,0.6637925505638123,145716,0.0,0.0
1991-02-01 00:00:00-05:00,0.6604900971549433,0.6670950039726812,0.6571876437460743,0.6637925505638123,193978,0.0,0.0
1991-02-04 00:00:00-05:00,0.6670950133289084,0.6869096755981445,0.6637925598737214,0.6869096755981445,326700,0.0,0.0
1991-02-05 00:00:00-05:00,0.6935143587279435,0.7100265622138977,0.6902119063383794,0.7100265622138977,439003,0.0,0.0
1991-02-06 00:00:00-05:00,0.7133292555809021,0.7166317090861036,0.7067243485704989,0.7133292555809021,130866,0.0,0.0
1991-02-07 00:00:00-05:00,0.7199341727156846,0.7562611033218782,0.7166317191640409,0.7397488355636597,578222,0.0,0.0
1991-02-08 00:00:00-05:00,0.7463536874967631,0.7529585941118183,0.7397487808817079,0.7496561408042908,286791,0.0,0.0
1991-02-11 00:00:00-05:00,0.7562610490674406,0.7595634439202821,0.7496561424379915,0.7529585957527161,370322,0.0,0.0
1991-02-12 00:00:00-05:00,0.7562610490674406,0.7595634439202821,0.7496561424379915,0.7529585957527161,85388,0.0,0.0
1991-02-13 00:00:00-05:00,0.7562610490674406,0.7595634439202821,0.7496561424379915,0.7529585957527161,171703,0.0,0.0
1991-02-14 00:00:00-05:00,0.7496561374933238,0.7562610440792076,0.7397487776144983,0.7430512309074402,352688,0.0,0.0
1991-02-15 00:00:00-05:00,0.7397492505177043,0.7562615275382996,0.7397492505177043,0.7562615275382996,380531,0.0,0.0
1991-02-19 00:00:00-05:00,0.746353689123267,0.7562610490674406,0.7430512358085425,0.7529585957527161,220894,0.0,0.0
1991-02-20 00:00:00-05:00,0.7496561408042908,0.756261047419346,0.7463536874967631,0.7496561408042908,195834,0.0,0.0
1991-02-21 00:00:00-05:00,0.7529586497702345,0.7628659519632784,0.7397488355636597,0.7397488355636597,191194,0.0,0.0
1991-02-22 00:00:00-05:00,0.7397487742886841,0.7397487742886841,0.7364463210105896,0.7364463210105896,408375,0.0,0.0
1991-02-25 00:00:00-05:00,0.7397490731070644,0.7397490731070644,0.7199344038963318,0.7199344038963318,150356,0.0,0.0
1991-02-26 00:00:00-05:00,0.716631947920091,0.716631947920091,0.7067245841026306,0.7067245841026306,195834,0.0,0.0
1991-02-27 00:00:00-05:00,0.7067241645670636,0.7067241645670636,0.7034217119216919,0.7034217119216919,26916,0.0,0.0
1991-02-28 00:00:00-05:00,0.7018249233753736,0.7018249233753736,0.6885201732127612,0.6951725482940674,738788,0.02047,0.0
1991-03-01 00:00:00-05:00,0.6918461695460489,0.7217817902565002,0.6885199829246628,0.7217817902565002,221822,0.0,0.0
1991-03-04 00:00:00-05:00,0.7151298674224995,0.7284346222877502,0.7118036787061869,0.7284346222877502,169847,0.0,0.0
1991-03-05 00:00:00-05:00,0.7317606085594639,0.7716747443486842,0.7317606085594639,0.7550438642501831,241313,0.0,0.0
1991-03-06 00:00:00-05:00,0.7616963929927784,0.7616963929927784,0.745065450668335,0.745065450668335,53831,0.0,0.0
1991-03-07 00:00:00-05:00,0.7450653211693238,0.7583700727163938,0.7450653211693238,0.7483915090560913,108591,0.0,0.0
1991-03-08 00:00:00-05:00,0.7517178275981123,0.755044016063001,0.745065450668335,0.745065450668335,140147,0.0,0.0
1991-03-11 00:00:00-05:00,0.7450656767073097,0.7650227546691895,0.7450656767073097,0.7650227546691895,92813,0.0,0.0
1991-03-12 00:00:00-05:00,0.7616966125519964,0.7650227430935869,0.7517180442810059,0.7517180442810059,179128,0.0,0.0
1991-03-13 00:00:00-05:00,0.7583702045278897,0.7583702045278897,0.7384130737385576,0.745065450668335,179128,0.0,0.0
1991-03-14 00:00:00-05:00,0.7483916391332236,0.755044016063001,0.745065450668335,0.745065450668335,110447,0.0,0.0
1991-03-15 00:00:00-05:00,0.7517178275981123,0.7517178275981123,0.745065450668335,0.745065450668335,32484,0.0,0.0
1991-03-18 00:00:00-05:00,0.7417392730712891,0.7450654615849125,0.7384130845576656,0.7417392730712891,57544,0.0,0.0
1991-03-19 00:00:00-05:00,0.7417393439101749,0.7450655327414618,0.7350869662476011,0.7384131550788879,207900,0.0,0.0
1991-03-20 00:00:00-05:00,0.7450655327414618,0.7450655327414618,0.7350869662476011,0.7384131550788879,33413,0.0,0.0
1991-03-21 00:00:00-05:00,0.7417393439101749,0.7483917215727488,0.7350869662476011,0.7384131550788879,162422,0.0,0.0
1991-03-22 00:00:00-05:00,0.7350867374735287,0.7583700520462922,0.7350867374735287,0.7550438642501831,118800,0.0,0.0
1991-03-25 00:00:00-05:00,0.7583704231283329,0.7583704231283329,0.7517180442810059,0.7517180442810059,11138,0.0,0.0
1991-03-26 00:00:00-05:00,0.7550442451292866,0.7650227546691895,0.7483918661813019,0.7650227546691895,77034,0.0,0.0
1991-03-27 00:00:00-05:00,0.7683483676801344,0.7783269286155701,0.7650221807016558,0.7783269286155701,424153,0.0,0.0
1991-03-28 00:00:00-05:00,0.7716747420462736,0.7816533054048282,0.7650223664739039,0.7750009298324585,167991,0.0,0.0
1991-04-01 00:00:00-05:00,0.7750015006013196,0.7916324517805158,0.7750015006013196,0.781653881072998,56616,0.0,0.0
1991-04-02 00:00:00-05:00,0.779325008392334,0.779325008392334,0.7610307718518694,0.779325008392334,578813,0.0,1.1
1991-04-03 00:00:00-05:00,0.7793249404885854,0.8378657504036646,0.7793249404885854,0.8342069387435913,125719,0.0,0.0
1991-04-04 00:00:00-05:00,0.8378657504036646,0.8378657504036646,0.8268892565414133,0.8342069387435913,72563,0.0,0.0
1991-04-05 00:00:00-05:00,0.8342073463388754,0.8342073463388754,0.8195722103118896,0.8195722103118896,172125,0.0,0.0
1991-04-08 00:00:00-04:00,0.8159133379820531,0.8232307882314258,0.8159133379820531,0.8195722103118896,28688,0.0,0.0
1991-04-09 00:00:00-04:00,0.8232305838967854,0.830548267858071,0.8232305838967854,0.8268894553184509,108844,0.0,0.0
1991-04-10 00:00:00-04:00,0.8268894553184509,0.830548267858071,0.8232305838967854,0.8268894553184509,560250,0.0,0.0
1991-04-11 00:00:00-04:00,0.8268894553184509,0.830548267858071,0.8268894553184509,0.8268894553184509,503719,0.0,0.0
1991-04-12 00:00:00-04:00,0.830548267858071,0.830548267858071,0.8268894553184509,0.8268894553184509,333281,0.0,0.0
1991-04-15 00:00:00-04:00,0.8268892565414133,0.8342069387435913,0.8268892565414133,0.8342069387435913,275906,0.0,0.0
1991-04-16 00:00:00-04:00,0.830548767736588,0.8451839089393616,0.830548767736588,0.8451839089393616,52313,0.0,0.0
1991-04-17 00:00:00-04:00,0.8525012317499938,0.8634774938641727,0.8488423599478311,0.856160044670105,576281,0.0,0.0
1991-04-18 00:00:00-04:00,0.8561603256948662,0.8561603256948662,0.8488426385706459,0.8525015115737915,313875,0.0,0.0
1991-04-19 00:00:00-04:00,0.8525015115737915,0.8598189631697284,0.8525015115737915,0.8525015115737915,33750,0.0,0.0
1991-04-22 00:00:00-04:00,0.8525012317499938,0.856160044670105,0.8488423599478311,0.856160044670105,42188,0.0,0.0
1991-04-23 00:00:00-04:00,0.8598189631697284,0.8598189631697284,0.8525015115737915,0.8525015115737915,858938,0.0,0.0
1991-04-24 00:00:00-04:00,0.8561602559096846,0.8634777069091797,0.8561602559096846,0.8634777069091797,400781,0.0,0.0
1991-04-25 00:00:00-04:00,0.8634771516073073,0.8707948923110962,0.859818340137441,0.8707948923110962,58219,0.0,0.0
1991-04-26 00:00:00-04:00,0.8634771516073073,0.8707948923110962,0.859818340137441,0.8707948923110962,66656,0.0,0.0
1991-04-29 00:00:00-04:00,0.8634772106726278,0.8707949518769798,0.8598183989524841,0.8598183989524841,426938,0.0,0.0
1991-04-30 00:00:00-04:00,0.8561600971503787,0.8671364188194275,0.8525012840059922,0.8671364188194275,200813,0.0,0.0
1991-05-01 00:00:00-04:00,0.8598191090242161,0.8598191090242161,0.8342076413604027,0.8451839089393616,328219,0.0,0.0
1991-05-02 00:00:00-04:00,0.856160044670105,0.856160044670105,0.8488423599478311,0.856160044670105,129094,0.0,0.0
1991-05-03 00:00:00-04:00,0.8525016102996956,0.8744544386863708,0.8525016102996956,0.8744544386863708,60750,0.0,0.0
1991-05-06 00:00:00-04:00,0.8781126341992995,0.8781126341992995,0.8598183989524841,0.8598183989524841,143438,0.0,0.0
1991-05-07 00:00:00-04:00,0.8598183989524841,0.8671360812748038,0.8598183989524841,0.8598183989524841,54000,0.0,0.0
1991-05-08 00:00:00-04:00,0.8525015115737915,0.8598189631697284,0.8525015115737915,0.8525015115737915,43875,0.0,0.0
1991-05-09 00:00:00-04:00,0.8488424119795507,0.8671364188194275,0.845183539953109,0.8671364188194275,105469,0.0,0.0
1991-05-10 00:00:00-04:00,0.863477877287839,0.8781133121132407,0.863477877287839,0.8744544386863708,147656,0.0,0.0
1991-05-13 00:00:00-04:00,0.8744544386863708,0.8781133121132407,0.8707956241415786,0.8744544386863708,349313,0.0,0.0
1991-05-14 00:00:00-04:00,0.8707948923110962,0.8781125741328569,0.8707948923110962,0.8707948923110962,327375,0.0,0.0
1991-05-15 00:00:00-04:00,0.863477877287839,0.8744544386863708,0.863477877287839,0.8744544386863708,395719,0.0,0.0
1991-05-16 00:00:00-04:00,0.8781132698059082,0.8781132698059082,0.867136708936225,0.8781132698059082,102094,0.0,0.0
1991-05-17 00:00:00-04:00,0.8634774938641727,0.8634774938641727,0.856160044670105,0.856160044670105,208406,0.0,0.0
1991-05-20 00:00:00-04:00,0.859818787788387,0.859818787788387,0.8342073296932387,0.8415247797966003,560250,0.0,0.0
1991-05-21 00:00:00-04:00,0.8415246444217407,0.8415246444217407,0.8378660082817078,0.8378660082817078,475875,0.0,0.0
1991-05-22 00:00:00-04:00,0.8451835105319554,0.8488423824310303,0.8378660611440713,0.8488423824310303,99563,0.0,0.0
1991-05-23 00:00:00-04:00,0.8488423599478311,0.856160044670105,0.8488423599478311,0.856160044670105,227813,0.0,0.0
1991-05-24 00:00:00-04:00,0.8561597053136595,0.8707948923110962,0.8561597053136595,0.8707948923110962,48938,0.0,0.0
1991-05-28 00:00:00-04:00,0.8707948923110962,0.8744537037809624,0.8707948923110962,0.8707948923110962,309656,0.0,0.0
1991-05-29 00:00:00-04:00,0.8744541331724748,0.9000655905096627,0.8744541331724748,0.8854304552078247,72563,0.0,0.0
1991-05-30 00:00:00-04:00,0.892748236656189,0.9037245598722669,0.8817716779118571,0.892748236656189,883406,0.0,0.0
1991-05-31 00:00:00-04:00,0.892748409515803,0.911042422476284,0.8781132698059082,0.8781132698059082,913781,0.0,0.0
1991-06-03 00:00:00-04:00,0.8761991858482361,0.8798807044921508,0.8761991858482361,0.8761991858482361,15188,0.02193,0.0
1991-06-04 00:00:00-04:00,0.8761991858482361,0.8835622823835251,0.8761991858482361,0.8761991858482361,55688,0.0,0.0
1991-06-05 00:00:00-04:00,0.8761995043783767,0.8835626035904179,0.8761995043783767,0.8798810243606567,173813,0.0,0.0
1991-06-06 00:00:00-04:00,0.8725179251486155,0.8798810243606567,0.8688363459188543,0.8798810243606567,218531,0.0,0.0
1991-06-07 00:00:00-04:00,0.8725180422214599,0.8761996219452086,0.8688364624977112,0.8688364624977112,29531,0.0,0.0
1991-06-10 00:00:00-04:00,0.8688361860161343,0.8761993431205234,0.8688361860161343,0.8725177645683289,340875,0.0,0.0
1991-06-11 00:00:00-04:00,0.8761996219452086,0.8761996219452086,0.8688364624977112,0.8688364624977112,161156,0.0,0.0
1991-06-12 00:00:00-04:00,0.8614735992876591,0.8688364624977112,0.8614735992876591,0.8688364624977112,154406,0.0,0.0
1991-06-13 00:00:00-04:00,0.8614734411239624,0.8688363029822173,0.8614734411239624,0.8614734411239624,206719,0.0,0.0
1991-06-14 00:00:00-04:00,0.8614735992876591,0.8688364624977112,0.8577920788113995,0.8688364624977112,134156,0.0,0.0
1991-06-17 00:00:00-04:00,0.8651548012827193,0.8761994794097875,0.8541103601455688,0.8541103601455688,610031,0.0,0.0
1991-06-18 00:00:00-04:00,0.8467472611433499,0.8541103601455688,0.8467472611433499,0.8541103601455688,26156,0.0,0.0
1991-06-19 00:00:00-04:00,0.8467473194851375,0.8467473194851375,0.8320213574559828,0.8430659770965576,75938,0.0,0.0
1991-06-20 00:00:00-04:00,0.8393844157110893,0.8393844157110893,0.8246584544056929,0.8357028365135193,48094,0.0,0.0
1991-06-21 00:00:00-04:00,0.8393845549213835,0.8393845549213835,0.8246585911737147,0.8283398747444153,175500,0.0,0.0
1991-06-24 00:00:00-04:00,0.8320216162979296,0.8320216162979296,0.8209771709638781,0.8246587514877319,292781,0.0,0.0
1991-06-25 00:00:00-04:00,0.8246585522141793,0.8320214152451875,0.817295392945733,0.820976972579956,156094,0.0,0.0
1991-06-26 00:00:00-04:00,0.8209770113655618,0.8357029751132307,0.8172954315574088,0.8283398747444153,491906,0.0,0.0
1991-06-27 00:00:00-04:00,0.8283400357740759,0.8320216162979296,0.8246587514877319,0.8246587514877319,86063,0.0,0.0
1991-06-28 00:00:00-04:00,0.8172954320907593,0.8246585917118701,0.8136139115276944,0.8172954320907593,1239469,0.0,0.0
1991-07-01 00:00:00-04:00,0.817295392945733,0.820976972579956,0.8099322929247742,0.820976972579956,386438,0.0,0.0
1991-07-02 00:00:00-04:00,0.8209771709638781,0.8283400357740759,0.8209771709638781,0.8246587514877319,30375,0.0,0.0
1991-07-03 00:00:00-04:00,0.8246585522141793,0.8246585522141793,0.8099322929247742,0.820976972579956,178875,0.0,0.0
1991-07-05 00:00:00-04:00,0.8136139115276944,0.8172954320907593,0.8136139115276944,0.8172954320907593,26156,0.0,0.0
1991-07-08 00:00:00-04:00,0.8209765608744609,0.8393840943295924,0.8172949830864851,0.8320209980010986,105469,0.0,0.0
1991-07-09 00:00:00-04:00,0.832021282721205,0.8614734411239624,0.832021282721205,0.8614734411239624,211781,0.0,0.0
1991-07-10 00:00:00-04:00,0.8541098468851291,0.8651542813853448,0.8541098468851291,0.8577914237976074,60750,0.0,0.0
1991-07-11 00:00:00-04:00,0.8504287239213134,0.8688362628247657,0.8504287239213134,0.8651547431945801,312188,0.0,0.0
1991-07-12 00:00:00-04:00,0.8725180422214599,0.8761996219452086,0.8614735992876591,0.8688364624977112,419344,0.0,0.0
1991-07-15 00:00:00-04:00,0.8688360300654875,0.8835622823835251,0.8688360300654875,0.8761991858482361,178031,0.0,0.0
1991-07-16 00:00:00-04:00,0.8761991858482361,0.8798807044921508,0.8688360300654875,0.8761991858482361,260719,0.0,0.0
1991-07-17 00:00:00-04:00,0.8761993431205234,0.8798808624252478,0.8688361860161343,0.8725177645683289,318938,0.0,0.0
1991-07-18 00:00:00-04:00,0.8688361860161343,0.8725177645683289,0.86515466671141,0.8725177645683289,141750,0.0,0.0
1991-07-19 00:00:00-04:00,0.8725180422214599,0.8835627221452169,0.8651549420214515,0.8688364624977112,240469,0.0,0.0
1991-07-22 00:00:00-04:00,0.8761991858482361,0.8835622823835251,0.8725176079568618,0.8761991858482361,97031,0.0,0.0
1991-07-23 00:00:00-04:00,0.8725177645683289,0.8725177645683289,0.86515466671141,0.8725177645683289,75938,0.0,0.0
1991-07-24 00:00:00-04:00,0.8725177645683289,0.8725177645683289,0.8688361860161343,0.8725177645683289,87750,0.0,0.0
1991-07-25 00:00:00-04:00,0.8688364624977112,0.8725180422214599,0.8688364624977112,0.8688364624977112,43031,0.0,0.0
1991-07-26 00:00:00-04:00,0.8614735992876591,0.8761996219452086,0.8614735992876591,0.8688364624977112,127406,0.0,0.0
1991-07-29 00:00:00-04:00,0.8798809492945616,0.8982884883880615,0.8798809492945616,0.8982884883880615,179719,0.0,0.0
1991-07-30 00:00:00-04:00,0.8909260216661107,0.8982891254720323,0.8872444401393907,0.8946075439453125,437063,0.0,0.0
1991-07-31 00:00:00-04:00,0.8946068529423031,0.916695969555666,0.8946068529423031,0.9093328714370728,395719,0.0,0.0
1991-08-01 00:00:00-04:00,0.9093335738146016,0.9093335738146016,0.8946075439453125,0.8946075439453125,116438,0.0,0.0
1991-08-02 00:00:00-04:00,0.8982891254720323,0.8982891254720323,0.8946075439453125,0.8946075439453125,65813,0.0,0.0
1991-08-05 00:00:00-04:00,0.8982887865039967,0.9019703666414773,0.8872441053390503,0.8872441053390503,75938,0.0,0.0
1991-08-06 00:00:00-04:00,0.8835628628730774,0.8909257272558362,0.8798812825629517,0.8835628628730774,228656,0.0,0.0
1991-08-07 00:00:00-04:00,0.8761994296263664,0.8982884883880615,0.8761994296263664,0.8982884883880615,174656,0.0,0.0
1991-08-08 00:00:00-04:00,0.8982884883880615,0.9056513499820237,0.8982884883880615,0.8982884883880615,630281,0.0,0.0
1991-08-09 00:00:00-04:00,0.9056510925292969,0.9056510925292969,0.9019698108974973,0.9056510925292969,144281,0.0,0.0
1991-08-12 00:00:00-04:00,0.9130143951090768,0.9203775525093079,0.9130143951090768,0.9203775525093079,135000,0.0,0.0
1991-08-13 00:00:00-04:00,0.9277409103942792,0.9387855339130866,0.9203780452892567,0.9351040124893188,232031,0.0,0.0
1991-08-14 00:00:00-04:00,0.9277405348341629,0.9351036339485348,0.9240591926431582,0.9314220547676086,238781,0.0,0.0
1991-08-15 00:00:00-04:00,0.9314220547676086,0.9351036339485348,0.9314220547676086,0.9314220547676086,206719,0.0,0.0
1991-08-16 00:00:00-04:00,0.9314218546067716,0.9314218546067716,0.920377474922292,0.9277403354644775,63281,0.0,0.0
1991-08-19 00:00:00-04:00,0.9166958965325304,0.9351034329965333,0.8946067816787657,0.9277403354644775,214313,0.0,0.0
1991-08-20 00:00:00-04:00,0.9203775525093079,0.927740413672176,0.9130143951090768,0.9203775525093079,84375,0.0,0.0
1991-08-21 00:00:00-04:00,0.927740204259116,0.927740204259116,0.8982882330284014,0.9056510925292969,401625,0.0,0.0
1991-08-22 00:00:00-04:00,0.9019701480865479,0.9056514310945442,0.9019701480865479,0.9019701480865479,23625,0.0,0.0
1991-08-23 00:00:00-04:00,0.9000445466259934,0.9111561179161072,0.8963406497908912,0.9111561179161072,64125,0.02193,0.0
1991-08-26 00:00:00-04:00,0.9037490418944594,0.914860619809426,0.9037490418944594,0.9074530005455017,113063,0.0,0.0
1991-08-27 00:00:00-04:00,0.9000453948974608,0.9074533147646475,0.8963414945715202,0.9000453948974609,197438,0.0,0.0
1991-08-28 00:00:00-04:00,0.9074524595113912,0.9111561179161072,0.9037485030686924,0.9111561179161072,185625,0.0,0.0
1991-08-29 00:00:00-04:00,0.9185648560523987,0.9222688160631421,0.9185648560523987,0.9185648560523987,403313,0.0,0.0
1991-08-30 00:00:00-04:00,0.9111564276568689,0.9185642834529147,0.9037488102912903,0.9037488102912903,224438,0.0,0.0
1991-09-03 00:00:00-04:00,0.9074533147646475,0.9148609365935706,0.8963414945715202,0.9000453948974609,255656,0.0,0.0
1991-09-04 00:00:00-04:00,0.8889338727425972,0.9037493548310542,0.8889338727425972,0.9000453948974609,521438,0.0,0.0
1991-09-05 00:00:00-04:00,0.9037493548310542,0.9148609365935706,0.8963414945715202,0.9000453948974609,224438,0.0,0.0
1991-09-06 00:00:00-04:00,0.9000447604594172,0.9259721040725708,0.9000447604594172,0.9259721040725708,300375,0.0,0.0
1991-09-09 00:00:00-04:00,0.9259721694256889,0.9259721694256889,0.9148603562809869,0.9222682118415833,108844,0.0,0.0
1991-09-10 00:00:00-04:00,0.914860955649309,0.9296766764769753,0.914860955649309,0.9185648560523987,97875,0.0,0.0
1991-09-11 00:00:00-04:00,0.9111563986968814,0.9259721694256889,0.9111563986968814,0.9222682118415833,47250,0.0,0.0
1991-09-12 00:00:00-04:00,0.9148600743588061,0.9222679276366073,0.9111561179161072,0.9111561179161072,331594,0.0,0.0
1991-09-13 00:00:00-04:00,0.9148600743588061,0.9222679276366073,0.9111561179161072,0.9111561179161072,380531,0.0,0.0
1991-09-16 00:00:00-04:00,0.914860955649309,0.9259727760738857,0.914860955649309,0.9185648560523987,264938,0.0,0.0
1991-09-17 00:00:00-04:00,0.9185644195775688,0.9333799545423661,0.9185644195775688,0.9296762347221375,46406,0.0,0.0
1991-09-18 00:00:00-04:00,0.9259723888582762,0.940787865059911,0.9259723888582762,0.9333800077438354,97031,0.0,0.0
1991-09-19 00:00:00-04:00,0.9407882584709361,0.9407882584709361,0.9185648560523987,0.9185648560523987,178875,0.0,0.0
1991-09-20 00:00:00-04:00,0.9259721988565774,0.9259721988565774,0.9037488102912903,0.9037488102912903,284344,0.0,0.0
1991-09-23 00:00:00-04:00,0.9037493736553484,0.9222688160631421,0.9037493736553484,0.9185648560523987,887625,0.0,0.0
1991-09-24 00:00:00-04:00,0.9259727760738857,0.9259727760738857,0.9185648560523987,0.9185648560523987,222750,0.0,0.0
1991-09-25 00:00:00-04:00,0.9185648560523987,0.9222688160631421,0.9111569956385656,0.9185648560523987,270844,0.0,0.0
1991-09-26 00:00:00-04:00,0.9222684775038787,0.9222684775038787,0.9074530005455017,0.9074530005455017,21094,0.0,0.0
1991-09-27 00:00:00-04:00,0.914860619809426,0.914860619809426,0.9074530005455017,0.9074530005455017,26156,0.0,0.0
1991-09-30 00:00:00-04:00,0.9111562914176707,0.9148602485656738,0.9111562914176707,0.9148602485656738,79313,0.0,0.0
1991-10-01 00:00:00-04:00,0.9111563343894284,0.9407875757176596,0.9111563343894284,0.9259721040725708,707063,0.0,0.0
1991-10-02 00:00:00-04:00,0.9222684238779029,0.9370838999748231,0.9074529477809826,0.937083899974823,820125,0.0,0.0
1991-10-03 00:00:00-04:00,0.929676096950792,0.933379816222156,0.9037488102912903,0.9037488102912903,701156,0.0,0.0
1991-10-04 00:00:00-04:00,0.9037485030686924,0.9222679276366073,0.9037485030686924,0.9111561179161072,517219,0.0,0.0
1991-10-07 00:00:00-04:00,0.9111563986968814,0.9222682118415833,0.9111563986968814,0.9222682118415833,165375,0.0,0.0
1991-10-08 00:00:00-04:00,0.918564146106069,0.925972060402075,0.9111562914176707,0.9148602485656738,235406,0.0,0.0
1991-10-09 00:00:00-04:00,0.9111564276568689,0.9111564276568689,0.9037488102912903,0.9037488102912903,88594,0.0,0.0
1991-10-10 00:00:00-04:00,0.8963408627443397,0.9259721040725708,0.8963408627443397,0.9259721040725708,24469,0.0,0.0
1991-10-11 00:00:00-04:00,0.9185644195775688,0.9296762347221373,0.9185644195775688,0.9296762347221375,533250,0.0,0.0
1991-10-14 00:00:00-04:00,0.9259723888582762,0.9370839065980587,0.9222684303964238,0.9333800077438354,35438,0.0,0.0
1991-10-15 00:00:00-04:00,0.9370839065980587,0.9444917639141343,0.9333800077438354,0.9333800077438354,99563,0.0,0.0
1991-10-16 00:00:00-04:00,0.9333800403322864,0.9556033746259123,0.9333800403322864,0.94819575548172,302063,0.0,0.0
1991-10-17 00:00:00-04:00,0.9481959343007411,0.9778269529342651,0.9481959343007411,0.9778269529342651,548438,0.0,0.0
1991-10-18 00:00:00-04:00,0.9704188886832974,0.9926422834396363,0.9704188886832974,0.9926422834396362,210938,0.0,0.0
1991-10-21 00:00:00-04:00,0.9963464657430663,1.00005042552948,0.9963464657430663,1.00005042552948,84375,0.0,0.0
1991-10-22 00:00:00-04:00,0.9926422834396363,0.9926422834396363,0.9889385631364801,0.9926422834396362,162844,0.0,0.0
1991-10-23 00:00:00-04:00,0.9889380434813173,1.0000496158054457,0.98153018951416,0.9815301895141602,101250,0.0,0.0
1991-10-24 00:00:00-04:00,0.9778261227787174,0.9778261227787174,0.9741221666336061,0.974122166633606,67500,0.0,0.0
1991-10-25 00:00:00-04:00,0.9667150910688151,0.9704187512397766,0.9667150910688151,0.9704187512397766,326531,0.0,0.0
1991-10-28 00:00:00-05:00,0.9667151056337114,0.9963460564613342,0.9630111473688198,0.9963460564613342,68344,0.0,0.0
1991-10-29 00:00:00-05:00,0.99264157669094,0.99264157669094,0.9815300064393399,0.9852339625358582,105469,0.0,0.0
1991-10-30 00:00:00-05:00,0.9889382719993591,1.000049846891085,0.9889382719993591,0.9889382719993591,92813,0.0,0.0
1991-10-31 00:00:00-05:00,0.9852339625358583,0.9889378590247856,0.9815300064393399,0.9852339625358582,27000,0.0,0.0
1991-11-01 00:00:00-05:00,0.9815300064393399,0.99264157669094,0.9778261099504125,0.9852339625358582,75094,0.0,0.0
1991-11-04 00:00:00-05:00,0.9852343739637066,0.992641991212164,0.9852343739637066,0.9889382719993591,132469,0.0,0.0
1991-11-05 00:00:00-05:00,0.992642565564303,1.0037543257082433,0.9889388442084908,1.00005042552948,380531,0.0,0.0
1991-11-06 00:00:00-05:00,1.0074574214865137,1.0185688734054565,1.0074574214865137,1.0185688734054565,448875,0.0,0.0
1991-11-07 00:00:00-05:00,1.0148661968439774,1.029681921005249,1.0148661968439774,1.029681921005249,138375,0.0,0.0
1991-11-08 00:00:00-05:00,1.0333851187080012,1.0370890178501488,1.0185695221394113,1.0222735404968262,226969,0.0,0.0
1991-11-11 00:00:00-05:00,1.0148657709249476,1.0148657709249476,1.0037541910941394,1.007458209991455,76781,0.0,0.0
1991-11-12 00:00:00-05:00,1.0111613813102918,1.018569177085094,1.0111613813102918,1.0148652791976929,127406,0.0,0.0
1991-11-13 00:00:00-05:00,1.0185700980804615,1.0333857030263984,1.0185700980804615,1.029681921005249,59906,0.0,0.0
1991-11-14 00:00:00-05:00,1.0259774396389736,1.0296813387811212,1.0222735404968262,1.0222735404968262,14344,0.0,0.0
1991-11-15 00:00:00-05:00,1.0259775891863254,1.0296814888683563,1.007458209991455,1.007458209991455,38813,0.0,0.0
1991-11-18 00:00:00-05:00,1.0111620068504692,1.0111620068504692,1.00005042552948,1.00005042552948,71719,0.0,0.0
1991-11-19 00:00:00-05:00,1.0000501412993827,1.0037540404254393,0.9889385631364801,0.9926422834396362,119813,0.0,0.0
1991-11-20 00:00:00-05:00,0.9926422834396363,0.9926422834396363,0.9852346640104236,0.9926422834396362,294469,0.0,0.0
1991-11-21 00:00:00-05:00,0.9963467536777133,1.0074586362481817,0.9963467536777133,1.0037546157836914,183094,0.0,0.0
1991-11-22 00:00:00-05:00,1.0074583451023074,1.0148659070292325,1.00005042552948,1.00005042552948,216000,0.0,0.0
1991-11-25 00:00:00-05:00,0.9926428524285581,1.0037546157836914,0.9889391300024056,1.0037546157836914,138375,0.0,0.0
1991-11-26 00:00:00-05:00,1.0037533965754017,1.0259767770767212,1.0037533965754017,1.0259767770767212,73406,0.0,0.0
1991-11-27 00:00:00-05:00,1.0222728803265013,1.029680673826941,1.014864967610871,1.0259767770767212,223594,0.0,0.0
1991-11-29 00:00:00-05:00,1.0259774396389736,1.0296813387811212,1.0222735404968262,1.0222735404968262,87750,0.0,0.0
1991-12-02 00:00:00-05:00,1.0185696706069787,1.0259775891863254,0.992642432440404,1.007458209991455,156938,0.0,0.0
1991-12-03 00:00:00-05:00,1.011161208152771,1.0296808136335915,1.0074575493300615,1.011161208152771,259031,0.0,0.0
1991-12-04 00:00:00-05:00,1.0074586328016784,1.029681921005249,1.0074586328016784,1.029681921005249,626906,0.0,0.0
1991-12-05 00:00:00-05:00,1.0222741185322806,1.0370896042628825,1.0222741185322806,1.029681921005249,373781,0.0,0.0
1991-12-06 00:00:00-05:00,1.0277455007475338,1.0314692258834839,1.0165742054862883,1.0314692258834839,628594,0.02193,0.0
1991-12-09 00:00:00-05:00,1.0314698085918295,1.0389171432175581,1.0277460813522339,1.0277460813522339,260719,0.0,0.0
1991-12-10 00:00:00-05:00,1.0314695267329097,1.0314695267329097,1.0091271694005985,1.016574501991272,290250,0.0,0.0
1991-12-11 00:00:00-05:00,1.0091268862260137,1.0091268862260137,0.9979556507679419,1.0054031610488892,309656,0.0,0.0
1991-12-12 00:00:00-05:00,1.0091268862260137,1.0128507312565347,1.0016793759450664,1.0054031610488892,293625,0.0,0.0
1991-12-13 00:00:00-05:00,1.0016800165176392,1.0016800165176392,0.9979562889591975,1.0016800165176392,57375,0.0,0.0
1991-12-16 00:00:00-05:00,0.9942321053709122,1.0091268862260137,0.9942321053709122,1.0054031610488892,172969,0.0,0.0
1991-12-17 00:00:00-05:00,0.9979561567306517,1.0054036707874807,0.9942326094457876,0.9979561567306519,75938,0.0,0.0
1991-12-18 00:00:00-05:00,0.997956026816923,0.997956026816923,0.9793374538421632,0.9793374538421631,103781,0.0,0.0
1991-12-19 00:00:00-05:00,0.9830612403491802,0.9942324800167893,0.9681663939547165,0.9793374538421631,135000,0.0,0.0
1991-12-20 00:00:00-05:00,0.9718901668386005,0.9830612265694607,0.9681663803837804,0.9756136536598206,1250438,0.0,0.0
1991-12-23 00:00:00-05:00,0.9830613648880449,0.9830613648880449,0.9532717282519464,0.964442789554596,243844,0.0,0.0
1991-12-24 00:00:00-05:00,0.9681663513183594,0.9756136243708241,0.9681663513183594,0.9681663513183594,241313,0.0,0.0
1991-12-26 00:00:00-05:00,0.9681666482718746,1.0016800165176392,0.9681666482718746,1.0016800165176392,206719,0.0,0.0
1991-12-27 00:00:00-05:00,1.0016799183313623,1.027746068612144,0.9979561911379263,1.0240222215652466,358594,0.0,0.0
1991-12-30 00:00:00-05:00,1.0314691998877659,1.0538115501403809,1.0277454748456634,1.0538115501403809,847969,0.0,0.0
1991-12-31 00:00:00-05:00,1.057535171508789,1.0612588970298826,1.046364114798916,1.057535171508789,281813,0.0,0.0
1992-01-02 00:00:00-05:00,1.046364114798916,1.0649827424043838,1.0426403892778224,1.057535171508789,1048781,0.0,0.0
1992-01-03 00:00:00-05:00,1.0575353767221973,1.0798777341842651,1.0575353767221973,1.0798777341842651,189844,0.0,0.0
1992-01-06 00:00:00-05:00,1.072429857310444,1.0984956880813626,1.0687061329564929,1.0910484790802002,259875,0.0,0.0
1992-01-07 00:00:00-05:00,1.0910490327687299,1.0910490327687299,1.0798777341842651,1.0798777341842651,777938,0.0,0.0
1992-01-08 00:00:00-05:00,1.0798773920701235,1.091048687115429,1.0798773920701235,1.0836011171340942,259875,0.0,0.0
1992-01-09 00:00:00-05:00,1.0836009105189277,1.0984956880813626,1.0761533419576552,1.0910484790802002,320625,0.0,0.0
1992-01-10 00:00:00-05:00,1.0910488512424024,1.0910488512424024,1.057535200771798,1.0649827718734741,314719,0.0,0.0
1992-01-13 00:00:00-05:00,1.0612587044881931,1.0687062740325928,1.0612587044881931,1.0687062740325928,794813,0.0,0.0
1992-01-14 00:00:00-05:00,1.0612588970298826,1.0687064679254774,1.057535171508789,1.057535171508789,90281,0.0,0.0
1992-01-15 00:00:00-05:00,1.0575349796426863,1.0724299988780996,1.0575349796426863,1.0687062740325928,345938,0.0,0.0
1992-01-16 00:00:00-05:00,1.0798777341842651,1.0873251866716211,1.0761538880871564,1.0798777341842651,38813,0.0,0.0
1992-01-17 00:00:00-05:00,1.0873248421980652,1.0873248421980652,1.0798773920701235,1.0836011171340942,113906,0.0,0.0
1992-01-20 00:00:00-05:00,1.0761538586732033,1.0761538586732033,1.0575353478171345,1.0724303722381592,239625,0.0,0.0
1992-01-21 00:00:00-05:00,1.0649829530111938,1.0724304055261598,1.0500880479812622,1.0500880479812622,279281,0.0,0.0
1992-01-22 00:00:00-05:00,1.0500876589538974,1.0575349888564098,1.042640209197998,1.042640209197998,462375,0.0,0.0
1992-01-23 00:00:00-05:00,1.0426403892778224,1.0687064679254774,1.0426403892778224,1.057535171508789,67500,0.0,0.0
1992-01-24 00:00:00-05:00,1.0538114945039512,1.0687062740325928,1.0500876498050584,1.0687062740325928,158625,0.0,0.0
1992-01-27 00:00:00-05:00,1.0649827718734741,1.0724302231217395,1.0612589263959307,1.0649827718734741,55688,0.0,0.0
1992-01-28 00:00:00-05:00,1.0612587044881931,1.0798773287157275,1.0575349796426863,1.0687062740325928,810000,0.0,0.0
1992-01-29 00:00:00-05:00,1.072430193446571,1.0798775246353505,1.057535171508789,1.057535171508789,185625,0.0,0.0
1992-01-30 00:00:00-05:00,1.0500878403200096,1.0612588970298826,1.0500878403200096,1.057535171508789,43875,0.0,0.0
1992-01-31 00:00:00-05:00,1.057535171508789,1.057535171508789,1.057535171508789,1.057535171508789,20250,0.0,0.0
1992-02-03 00:00:00-05:00,1.0612587044881931,1.0724299988780996,1.0575349796426863,1.0687062740325928,179719,0.0,0.0
1992-02-04 00:00:00-05:00,1.0761538586732033,1.0761538586732033,1.0649829199543606,1.0724303722381592,179719,0.0,0.0
1992-02-05 00:00:00-05:00,1.0761538586732033,1.0761538586732033,1.0612590739590337,1.0724303722381592,428625,0.0,0.0
1992-02-06 00:00:00-05:00,1.094772465613644,1.1655228857221362,1.094772465613644,1.1543519496917725,799875,0.0,0.0
1992-02-07 00:00:00-05:00,1.1469049992943325,1.176694577655741,1.1469049992943325,1.1617997884750366,659813,0.0,0.0
1992-02-10 00:00:00-05:00,1.1617995436772963,1.2064842613644768,1.1617995436772963,1.19158935546875,171281,0.0,0.0
1992-02-11 00:00:00-05:00,1.187865813376502,1.1915895404284342,1.1766945123672485,1.1766945123672485,407531,0.0,0.0
1992-02-12 00:00:00-05:00,1.1692472979702977,1.1766945123672485,1.1617997240129765,1.1766945123672485,392344,0.0,0.0
1992-02-13 00:00:00-05:00,1.176694577655741,1.176694577655741,1.1543525736648799,1.1617997884750366,64125,0.0,0.0
1992-02-14 00:00:00-05:00,1.1580760612164949,1.1655235157335786,1.1580760612164949,1.1617997884750366,162844,0.0,0.0
1992-02-18 00:00:00-05:00,1.1617997240129765,1.187865813376502,1.1617997240129765,1.1766945123672485,217688,0.0,0.0
1992-02-19 00:00:00-05:00,1.1766945641224515,1.1766945641224515,1.1580760478973389,1.1580760478973389,270000,0.0,0.0
1992-02-20 00:00:00-05:00,1.158075660409482,1.161799386379252,1.150628328323364,1.1506283283233643,150188,0.0,0.0
1992-02-21 00:00:00-05:00,1.161799473192069,1.1766942583307056,1.161799473192069,1.1729707717895508,102938,0.0,0.0
1992-02-24 00:00:00-05:00,1.1617996958536227,1.1729709965921098,1.1617996958536227,1.1692472696304321,134156,0.0,0.0
1992-02-25 00:00:00-05:00,1.1692467308212555,1.1692467308212555,1.1469043793469327,1.1543519496917725,364500,0.0,0.0
1992-02-26 00:00:00-05:00,1.1580760744505438,1.1766945911025553,1.1580760744505438,1.1655235290527344,271688,0.0,0.0
1992-02-27 00:00:00-05:00,1.165523112349022,1.1729706841419838,1.1469046023535943,1.1506283283233643,302063,0.0,0.0
1992-02-28 00:00:00-05:00,1.146904706954956,1.15807576602968,1.146904706954956,1.146904706954956,81000,0.0,0.0
1992-03-02 00:00:00-05:00,1.150628328323364,1.158075660409482,1.1431808763838243,1.1506283283233643,84375,0.0,0.0
1992-03-03 00:00:00-05:00,1.1543519496917725,1.1543519496917725,1.1506281045926532,1.1543519496917725,53156,0.0,0.0
1992-03-04 00:00:00-05:00,1.1449243108319491,1.1524076171556927,1.1411829587413178,1.1486660242080688,217688,0.02193,0.0
1992-03-05 00:00:00-05:00,1.1524077091581115,1.1524077091581115,1.137441456601283,1.1449244022369385,360281,0.0,0.0
1992-03-06 00:00:00-05:00,1.1449240121711945,1.1486657245712648,1.1374410690849133,1.1411826610565186,130781,0.0,0.0
1992-03-09 00:00:00-05:00,1.137441339713869,1.137441339713869,1.1299580335617063,1.1299580335617065,88594,0.0,0.0
1992-03-10 00:00:00-05:00,1.133700077553496,1.1411832654600185,1.1262167692184446,1.1262167692184448,239625,0.0,0.0
1992-03-11 00:00:00-05:00,1.1262165564337763,1.1449244022369387,1.1262165564337763,1.1449244022369385,408375,0.0,0.0
1992-03-12 00:00:00-05:00,1.1411826610565188,1.1449240121711945,1.1374410690849133,1.1411826610565186,59906,0.0,0.0
1992-03-13 00:00:00-05:00,1.1411834513991015,1.1673743724822996,1.1411834513991015,1.1673743724822998,73406,0.0,0.0
1992-03-16 00:00:00-05:00,1.1673742809745364,1.1785991842118881,1.163632686704932,1.1711158752441406,309656,0.0,0.0
1992-03-17 00:00:00-05:00,1.1711160293459821,1.2085318565368655,1.1673744345840384,1.2085318565368652,327375,0.0,0.0
1992-03-18 00:00:00-05:00,1.208531231345649,1.2122729446005036,1.2010482865499097,1.204789638519287,826031,0.0,0.0
1992-03-19 00:00:00-05:00,1.2010486648407719,1.242206078465495,1.1973069504074005,1.2234978675842285,114750,0.0,0.0
1992-03-20 00:00:00-05:00,1.2384636152192436,1.2534298603057084,1.2384636152192436,1.2496881484985352,156094,0.0,0.0
1992-03-23 00:00:00-05:00,1.2459467324417286,1.2496883243469499,1.2347220771545275,1.2422053813934326,97031,0.0,0.0
1992-03-24 00:00:00-05:00,1.2459471275180858,1.2459471275180858,1.2160146236419678,1.2160146236419678,292781,0.0,0.0
1992-03-25 00:00:00-05:00,1.2234975689682461,1.230980875580027,1.2122730305503278,1.2160146236419678,111375,0.0,0.0
1992-03-26 00:00:00-05:00,1.2122735717273636,1.2122735717273636,1.1973071926795886,1.2085318565368652,221063,0.0,0.0
1992-03-27 00:00:00-05:00,1.204789938501636,1.204789938501636,1.1973068714141848,1.1973068714141846,356906,0.0,0.0
1992-03-30 00:00:00-05:00,1.1973065418102748,1.2085311995657013,1.1973065418102748,1.2010482549667358,268313,0.0,0.0
1992-03-31 00:00:00-05:00,1.201048907870087,1.2085318565368655,1.201048907870087,1.2085318565368652,101250,0.0,0.0
1992-04-01 00:00:00-05:00,1.2010483717039087,1.2197562167336078,1.197306658183768,1.2160146236419678,600750,0.0,0.0
1992-04-02 00:00:00-05:00,1.2272387118419248,1.2309803031937843,1.2197556495666504,1.2197556495666504,253125,0.0,0.0
1992-04-03 00:00:00-05:00,1.227239160199024,1.245947003364563,1.227239160199024,1.245947003364563,494438,0.0,0.0
1992-04-06 00:00:00-04:00,1.2496882694199813,1.2646546363830566,1.2422053267953583,1.2646546363830566,329063,0.0,0.0
1992-04-07 00:00:00-04:00,1.2609130430631634,1.2609130430631634,1.2496881484985352,1.2496881484985352,84375,0.0,0.0
1992-04-08 00:00:00-04:00,1.2459470391807774,1.2459470391807774,1.1973065732950554,1.204789638519287,416813,0.0,0.0
1992-04-09 00:00:00-04:00,1.2122730305503278,1.2197562167336078,1.208531317030187,1.2160146236419678,82688,0.0,0.0
1992-04-10 00:00:00-04:00,1.2122733264267653,1.2272395820175999,1.2047900179885527,1.2234978675842285,306281,0.0,0.0
1992-04-13 00:00:00-04:00,1.2234971811747248,1.2272388935089111,1.2122726463144786,1.2272388935089111,483469,0.0,0.0
1992-04-14 00:00:00-04:00,1.230980485414635,1.230980485414635,1.2160142382202026,1.2272388935089111,294469,0.0,0.0
1992-04-15 00:00:00-04:00,1.230980485414635,1.230980485414635,1.2197558301259264,1.2272388935089111,319781,0.0,0.0
1992-04-16 00:00:00-04:00,1.227238770528357,1.227238770528357,1.2122725248336792,1.2122725248336792,270844,0.0,0.0
1992-04-20 00:00:00-04:00,1.21227350723709,1.21227350723709,1.1673743724822996,1.1673743724822998,547594,0.0,0.0
1992-04-21 00:00:00-04:00,1.159890955009255,1.159890955009255,1.1224749040874253,1.1374413967132568,581344,0.0,0.0
1992-04-22 00:00:00-04:00,1.137441363940314,1.1711154595570654,1.129958057628764,1.1636322736740112,239625,0.0,0.0
1992-04-23 00:00:00-04:00,1.1636327779194005,1.1898239398596948,1.1636327779194005,1.1673743724822998,390656,0.0,0.0
1992-04-24 00:00:00-04:00,1.1673740111300215,1.1823402643203735,1.1673740111300215,1.1823402643203735,309656,0.0,0.0
1992-04-27 00:00:00-04:00,1.1785983767353914,1.189823031425476,1.174856785029211,1.189823031425476,156938,0.0,0.0
1992-04-28 00:00:00-04:00,1.1898236838982112,1.1973068714141848,1.1860820901402245,1.1973068714141846,201656,0.0,0.0
1992-04-29 00:00:00-04:00,1.1973065418102748,1.2047896068377295,1.1973065418102748,1.2010482549667358,74250,0.0,0.0
1992-04-30 00:00:00-04:00,1.197306158710551,1.2122725248336792,1.197306158710551,1.2122725248336792,51469,0.0,0.0
1992-05-01 00:00:00-04:00,1.1973067583677472,1.1973067583677472,1.1823402643203735,1.1823402643203735,419344,0.0,2.0
1992-05-04 00:00:00-04:00,1.1973062785307775,1.2422053813934326,1.1973062785307775,1.2422053813934326,380531,0.0,0.0
1992-05-05 00:00:00-04:00,1.2422051976778077,1.2422051976778077,1.2122724668629312,1.2197556495666504,207984,0.0,0.0
1992-05-06 00:00:00-04:00,1.2197565961139027,1.2347228527069094,1.2122734076031305,1.2347228527069092,39234,0.0,0.0
1992-05-07 00:00:00-04:00,1.2347218945456437,1.2496881395246373,1.2047891637307673,1.2197556495666504,548016,0.0,0.0
1992-05-08 00:00:00-04:00,1.2197565961139027,1.2347228527069094,1.2122734076031305,1.2347228527069092,525656,0.0,0.0
1992-05-11 00:00:00-04:00,1.2347219034120704,1.2496881484985352,1.2272387206546151,1.2496881484985352,135000,0.0,0.0
1992-05-12 00:00:00-04:00,1.2422053813934326,1.264654691967835,1.2422053813934326,1.2422053813934326,271266,0.0,0.0
1992-05-13 00:00:00-04:00,1.2496891092999158,1.2571724182392265,1.2347228527069094,1.2347228527069092,44719,0.0,0.0
1992-05-14 00:00:00-04:00,1.2197556008451682,1.257171392440796,1.2197556008451682,1.257171392440796,131203,0.0,0.0
1992-05-15 00:00:00-04:00,1.2422052065979712,1.2646545140134455,1.2422052065979712,1.2496881484985352,207984,0.0,0.0
1992-05-18 00:00:00-04:00,1.2347220771545275,1.264654691967835,1.2347220771545275,1.2422053813934326,96188,0.0,0.0
1992-05-19 00:00:00-04:00,1.2422051480596088,1.257171392440796,1.2422051480596088,1.257171392440796,119391,0.0,0.0
1992-05-20 00:00:00-04:00,1.257171451684436,1.2646545140134455,1.2496881484985352,1.2496881484985352,67922,0.0,0.0
1992-05-21 00:00:00-04:00,1.2496883243469499,1.264654691967835,1.227238893344085,1.2422053813934326,79313,0.0,0.0
1992-05-22 00:00:00-04:00,1.2272388935089111,1.2347220773203589,1.2197558301259264,1.2272388935089111,79734,0.0,0.0
1992-05-26 00:00:00-04:00,1.212272581662558,1.2197557650749185,1.1823397275846592,1.189823031425476,448875,0.0,0.0
1992-05-27 00:00:00-04:00,1.189823031425476,1.189823031425476,1.174856785029211,1.189823031425476,158203,0.0,0.0
1992-05-28 00:00:00-04:00,1.1898236319560493,1.1973068191453418,1.1748573780059814,1.1748573780059814,441703,0.0,0.0
1992-05-29 00:00:00-04:00,1.1748573780059814,1.1898236319560493,1.1748573780059814,1.1748573780059814,94500,0.0,0.0
1992-06-01 00:00:00-04:00,1.1823403759537154,1.1973068714141848,1.1823403759537154,1.1973068714141846,555609,0.0,0.0
1992-06-02 00:00:00-04:00,1.1973065732950554,1.2122729446005036,1.1973065732950554,1.204789638519287,217688,0.0,0.0
1992-06-03 00:00:00-04:00,1.2122725248336792,1.2197557078952432,1.2122725248336792,1.2122725248336792,80578,0.0,0.0
1992-06-04 00:00:00-04:00,1.2347228527069094,1.2422061616462199,1.2197565961139027,1.2347228527069092,123609,0.0,0.0
1992-06-05 00:00:00-04:00,1.2347220773203589,1.242205381560269,1.2197558301259264,1.2272388935089111,84797,0.0,0.0
1992-06-08 00:00:00-04:00,1.2182141356712188,1.2407735939517321,1.2182141356712188,1.225733995437622,509203,0.0237,0.0
1992-06-09 00:00:00-04:00,1.233253752986865,1.233253752986865,1.2106941733437238,1.2182141542434692,448875,0.0,0.0
1992-06-10 00:00:00-04:00,1.2182146546660162,1.2257345176360994,1.20317492872585,1.210694670677185,383484,0.0,0.0
1992-06-11 00:00:00-04:00,1.2182141542434692,1.2182141542434692,1.2106941733437238,1.2182141542434692,67922,0.0,0.0
1992-06-12 00:00:00-04:00,1.233253752986865,1.233253752986865,1.2182141542434692,1.2182141542434692,296156,0.0,0.0
1992-06-15 00:00:00-04:00,1.2332535289304245,1.2633329629898071,1.2257337914342552,1.2633329629898071,191109,0.0,0.0
1992-06-16 00:00:00-04:00,1.2482935044898065,1.2934122974931013,1.2482935044898065,1.2558131217956543,150188,0.0,0.0
1992-06-17 00:00:00-04:00,1.240773612867912,1.240773612867912,1.2182141542434692,1.2182141542434692,190266,0.0,0.0
1992-06-18 00:00:00-04:00,1.210694712944646,1.2182146971960128,1.1881351232468018,1.195655107498169,385594,0.0,0.0
1992-06-19 00:00:00-04:00,1.195654556372009,1.2407735939517321,1.195654556372009,1.225733995437622,234984,0.0,0.0
1992-06-22 00:00:00-04:00,1.233254035674032,1.233254035674032,1.1956548486689889,1.2031747102737427,294469,0.0,0.0
1992-06-23 00:00:00-04:00,1.2031744161384124,1.225733995437622,1.2031744161384124,1.225733995437622,297000,0.0,0.0
1992-06-24 00:00:00-04:00,1.2332537969128887,1.2482936382293701,1.2332537969128887,1.2482936382293701,257766,0.0,0.0
1992-06-25 00:00:00-04:00,1.248293703022329,1.285892884699667,1.248293703022329,1.270853042602539,768234,0.0,0.0
1992-06-26 00:00:00-04:00,1.278373808650733,1.3234930038452148,1.278373808650733,1.3234930038452148,218953,0.0,0.0
1992-06-29 00:00:00-04:00,1.3234919951590864,1.3460514545440674,1.3159720140058229,1.3460514545440674,553500,0.0,0.0
1992-06-30 00:00:00-04:00,1.3460512338328698,1.3460512338328698,1.3310113950111182,1.3385313749313354,164531,0.0,0.0
1992-07-01 00:00:00-04:00,1.3385326145579142,1.3385326145579142,1.3234930038452148,1.3234930038452148,142172,0.0,0.0
1992-07-02 00:00:00-04:00,1.3385316714699138,1.3385316714699138,1.2934125080649985,1.315972089767456,360281,0.0,0.0
1992-07-06 00:00:00-04:00,1.30845302087029,1.3535718401718304,1.30845302087029,1.33101224899292,146813,0.0,0.0
1992-07-07 00:00:00-04:00,1.3385326145579142,1.3385326145579142,1.300933406247974,1.3234930038452148,129938,0.0,0.0
1992-07-08 00:00:00-04:00,1.3084524712373893,1.3159720897674563,1.3009324896511938,1.315972089767456,100406,0.0,0.0
1992-07-09 00:00:00-04:00,1.3084525083881493,1.31597212713172,1.26333334370217,1.30093252658844,697359,0.0,0.0
1992-07-10 00:00:00-04:00,1.3084532536060356,1.3084532536060356,1.2783736723317793,1.2934132814407349,517641,0.0,0.0
1992-07-13 00:00:00-04:00,1.285892884699667,1.2934125032014585,1.2708530426025393,1.270853042602539,118547,0.0,0.0
1992-07-14 00:00:00-04:00,1.263333380410919,1.2858929634094238,1.263333380410919,1.2858929634094238,484734,0.0,0.0
1992-07-15 00:00:00-04:00,1.2858926801872534,1.2858926801872534,1.2482935044898065,1.2558131217956543,63281,0.0,0.0
1992-07-16 00:00:00-04:00,1.248293879902266,1.248293879902266,1.1881348660455089,1.2031747102737427,302906,0.0,0.0
1992-07-17 00:00:00-04:00,1.1956548486689889,1.2182144334832505,1.1956548486689889,1.2031747102737427,287297,0.0,0.0
1992-07-20 00:00:00-04:00,1.1881348660455089,1.2182144334832505,1.1881348660455089,1.2031747102737427,199969,0.0,0.0
1992-07-21 00:00:00-04:00,1.1956550657557667,1.2106946706771848,1.1956550657557667,1.210694670677185,165797,0.0,0.0
1992-07-22 00:00:00-04:00,1.203174434481375,1.2257340141245163,1.203174434481375,1.2182141542434692,87750,0.0,0.0
1992-07-23 00:00:00-04:00,1.2182142368683246,1.2482936784326382,1.2182142368683246,1.233253836631775,199125,0.0,0.0
1992-07-24 00:00:00-04:00,1.2257346043114052,1.2257346043114052,1.1730955597985613,1.1806155443191528,168328,0.0,0.0
1992-07-27 00:00:00-04:00,1.180614957857899,1.225733995437622,1.1730949770727992,1.225733995437622,167063,0.0,0.0
1992-07-28 00:00:00-04:00,1.2182141356712188,1.2332537341853287,1.2182141356712188,1.225733995437622,88594,0.0,0.0
1992-07-29 00:00:00-04:00,1.2257341964321278,1.2858929634094238,1.2257341964321278,1.2858929634094238,818859,0.0,0.0
1992-07-30 00:00:00-04:00,1.2783729031417486,1.285892884699667,1.2633333030820388,1.270853042602539,669516,0.0,0.0
1992-07-31 00:00:00-04:00,1.2708538072679105,1.2934132814407349,1.2708538072679105,1.2934132814407349,324844,0.0,0.0
1992-08-03 00:00:00-04:00,1.2858928895349315,1.3234920713536515,1.2858928895349315,1.315972089767456,477563,0.0,0.0
1992-08-04 00:00:00-04:00,1.3460514545440674,1.3460514545440674,1.3385315944095062,1.3460514545440674,304172,0.0,0.0
1992-08-05 00:00:00-04:00,1.346052480423661,1.346052480423661,1.3234930038452148,1.3234930038452148,83531,0.0,0.0
1992-08-06 00:00:00-04:00,1.315972801197717,1.3234927868493043,1.2783735990524292,1.2783735990524292,140063,0.0,0.0
1992-08-07 00:00:00-04:00,1.2783735990524292,1.3084531786024542,1.2783735990524292,1.2783735990524292,72141,0.0,0.0
1992-08-10 00:00:00-04:00,1.278372559000822,1.3009321345453588,1.2633329629898071,1.2633329629898071,194484,0.0,0.0
1992-08-11 00:00:00-04:00,1.263333380410919,1.3009325643897105,1.263333380410919,1.2858929634094238,270422,0.0,0.0
1992-08-12 00:00:00-04:00,1.2858926801872534,1.2934122974931013,1.2558131217956543,1.2558131217956543,137531,0.0,0.0
1992-08-13 00:00:00-04:00,1.2558132116113079,1.2558132116113079,1.2182141542434692,1.2182141542434692,138375,0.0,0.0
1992-08-14 00:00:00-04:00,1.2257347886602914,1.2858935847040167,1.2257347886602914,1.2783735990524292,192375,0.0,0.0
1992-08-17 00:00:00-04:00,1.2783726998253364,1.2858926801872534,1.2558131217956543,1.2558131217956543,43031,0.0,0.0
1992-08-18 00:00:00-04:00,1.2633331732509419,1.2633331732509419,1.195654556372009,1.225733995437622,278438,0.0,0.0
1992-08-19 00:00:00-04:00,1.233253836631775,1.2783728779595385,1.233253836631775,1.233253836631775,2562469,0.0,0.0
1992-08-20 00:00:00-04:00,1.233254035674032,1.233254035674032,1.2031747102737427,1.2031747102737427,2189953,0.0,0.0
1992-08-21 00:00:00-04:00,1.2106946706771848,1.2106946706771848,1.1956550657557667,1.210694670677185,354797,0.0,0.0
1992-08-24 00:00:00-04:00,1.1956551503040658,1.2031750138059005,1.1806155443191528,1.1806155443191528,162844,0.0,0.0
1992-08-25 00:00:00-04:00,1.1881345937005825,1.233253752986865,1.1730949949571867,1.2182141542434692,432000,0.0,0.0
1992-08-26 00:00:00-04:00,1.225733995437622,1.2332537341853287,1.210694154886119,1.225733995437622,139641,0.0,0.0
1992-08-27 00:00:00-04:00,1.2257340141245163,1.240773612867912,1.2182141542434692,1.2182141542434692,175078,0.0,0.0
1992-08-28 00:00:00-04:00,1.2182148032297024,1.2407742738723755,1.2182148032297024,1.2407742738723755,51469,0.0,0.0
1992-08-31 00:00:00-04:00,1.240773657061778,1.2482936382293701,1.225734057782702,1.2482936382293701,102094,0.0,0.0
1992-09-01 00:00:00-04:00,1.2482935044898065,1.2708528404821091,1.2482935044898065,1.2558131217956543,122344,0.0,0.0
1992-09-02 00:00:00-04:00,1.2633333030820388,1.2783729031417486,1.2558133215241203,1.270853042602539,513844,0.0,0.0
1992-09-03 00:00:00-04:00,1.2783735990524292,1.2858935847040167,1.2708537344196167,1.2783735990524292,202922,0.0,0.0
1992-09-04 00:00:00-04:00,1.2919719836880854,1.3221933841705322,1.2844164511812306,1.3221933841705322,167063,0.0237,0.0
1992-09-08 00:00:00-04:00,1.3070827242865344,1.3221934249943128,1.3070827242865344,1.3146382570266724,418922,0.0,0.0
1992-09-09 00:00:00-04:00,1.3146382164361636,1.329748916677387,1.3146382164361636,1.3221933841705322,1144125,0.0,0.0
1992-09-10 00:00:00-04:00,1.3221935325675196,1.3373042345046995,1.3221935325675196,1.3373042345046997,1155938,0.0,0.0
1992-09-11 00:00:00-04:00,1.3297490659223732,1.3373042345046995,1.3297490659223732,1.3373042345046997,90703,0.0,0.0
1992-09-14 00:00:00-04:00,1.3373042345046995,1.344859767859553,1.3146383639851933,1.3373042345046997,395297,0.0,0.0
1992-09-15 00:00:00-04:00,1.3373041257020912,1.344859658442229,1.3146382570266721,1.3146382570266724,152297,0.0,0.0
1992-09-16 00:00:00-04:00,1.3221933841705322,1.329748916677387,1.3146382164361636,1.3221933841705322,128250,0.0,0.0
1992-09-17 00:00:00-04:00,1.3221933841705322,1.329748916677387,1.3221933841705322,1.3221933841705322,267047,0.0,0.0
1992-09-18 00:00:00-04:00,1.3297488689422605,1.3297488689422605,1.3221933367066332,1.3297488689422607,482625,0.0,0.0
1992-09-21 00:00:00-04:00,1.3297489577344506,1.3297489577344506,1.3070827242865344,1.3146382570266724,445922,0.0,0.0
1992-09-22 00:00:00-04:00,1.3221935941046916,1.3221935941046916,1.2995273577577324,1.3070828914642334,146391,0.0,0.0
1992-09-23 00:00:00-04:00,1.3221933367066332,1.3297488689422605,1.3070826370078514,1.3297488689422607,469547,0.0,0.0
1992-09-24 00:00:00-04:00,1.32219278160238,1.344859004020691,1.32219278160238,1.344859004020691,535781,0.0,0.0
1992-09-25 00:00:00-04:00,1.3448593493074008,1.367525577545166,1.3448593493074008,1.367525577545166,1530984,0.0,0.0
1992-09-28 00:00:00-04:00,1.367525577545166,1.367525577545166,1.359970046541773,1.367525577545166,309234,0.0,0.0
1992-09-29 00:00:00-04:00,1.36752594884698,1.4053027629852295,1.36752594884698,1.4053027629852295,573328,0.0,0.0
1992-09-30 00:00:00-04:00,1.405302823767394,1.4733015298843384,1.405302823767394,1.4733015298843384,968625,0.0,0.0
1992-10-01 00:00:00-04:00,1.4733020506146801,1.5488558304539275,1.4657465145626039,1.5413004159927368,1749938,0.0,0.0
1992-10-02 00:00:00-04:00,1.5412998087566416,1.5412998087566416,1.4959675830311077,1.5035228729248047,188578,0.0,0.0
1992-10-05 00:00:00-04:00,1.4959679630546372,1.4959679630546372,1.420413950606999,1.480857014656067,582188,0.0,0.0
1992-10-06 00:00:00-04:00,1.4959674499435254,1.4959674499435254,1.4657458066940305,1.4657458066940308,419766,0.0,0.0
1992-10-07 00:00:00-04:00,1.4657463094392345,1.5110787898623386,1.4657463094392345,1.480857014656067,297844,0.0,0.0
1992-10-08 00:00:00-04:00,1.4884122318750388,1.4884122318750388,1.4506352945120236,1.4733015298843384,241734,0.0,0.0
1992-10-09 00:00:00-04:00,1.4657453463179284,1.480856041605729,1.4204130172729492,1.4204130172729492,170438,0.0,0.0
1992-10-12 00:00:00-04:00,1.435524375859095,1.4506350755691528,1.435524375859095,1.4506350755691528,207141,0.0,0.0
1992-10-13 00:00:00-04:00,1.4581912580649175,1.4581912580649175,1.4355250160059856,1.443080186843872,317672,0.0,0.0
1992-10-14 00:00:00-04:00,1.4581911392171212,1.4808570146560671,1.4581911392171212,1.480857014656067,286453,0.0,0.0
1992-10-15 00:00:00-04:00,1.480856707958723,1.5110784769058228,1.480856707958723,1.5110784769058228,542953,0.0,0.0
1992-10-16 00:00:00-04:00,1.5110787898623386,1.5110787898623386,1.4808570146560671,1.480857014656067,207563,0.0,0.0
1992-10-19 00:00:00-04:00,1.488412323816982,1.488412323816982,1.4581909179687498,1.45819091796875,220219,0.0,0.0
1992-10-20 00:00:00-04:00,1.4657458066940305,1.4657458066940305,1.458190639063311,1.4657458066940308,107578,0.0,0.0
1992-10-21 00:00:00-04:00,1.4657460870445325,1.473301620892866,1.4506353841204163,1.45819091796875,182672,0.0,0.0
1992-10-22 00:00:00-04:00,1.4733013390972314,1.4808565067279509,1.458190639063311,1.4657458066940308,713813,0.0,0.0
1992-10-23 00:00:00-04:00,1.458190622858643,1.495967433319049,1.458190622858643,1.4884120225906372,295734,0.0,0.0
1992-10-26 00:00:00-05:00,1.4808564455616542,1.495967388153076,1.4808564455616542,1.4959673881530762,180141,0.0,0.0
1992-10-27 00:00:00-05:00,1.4959676532276946,1.5110784769058228,1.4959676532276946,1.5110784769058228,117281,0.0,0.0
1992-10-28 00:00:00-05:00,1.5186342754623454,1.6017433404922485,1.5186342754623454,1.6017433404922485,553500,0.0,0.0
1992-10-29 00:00:00-05:00,1.6017433404922485,1.6017433404922485,1.5715219286218518,1.6017433404922485,308391,0.0,0.0
1992-10-30 00:00:00-05:00,1.59418860251961,1.59418860251961,1.52618998179064,1.5715223550796509,1103203,0.0,0.0
1992-11-02 00:00:00-05:00,1.57152060879557,1.5790761378040434,1.5639652013778689,1.5639652013778687,475031,0.0,0.0
1992-11-03 00:00:00-05:00,1.563966128511254,1.5715215404078722,1.5488553047180176,1.5488553047180176,1141172,0.0,0.0
1992-11-04 00:00:00-05:00,1.5639659597710711,1.5715213708525173,1.5564106702804565,1.5564106702804565,904078,0.0,0.0
1992-11-05 00:00:00-05:00,1.5639659597710711,1.5715213708525173,1.5564106702804565,1.5564106702804565,548859,0.0,0.0
1992-11-06 00:00:00-05:00,1.563966939266331,1.5715223550796507,1.5564116450439187,1.5715223550796509,109688,0.0,0.0
1992-11-09 00:00:00-05:00,1.5715216329184873,1.5715216329184873,1.511078577369135,1.5337446928024292,156938,0.0,0.0
1992-11-10 00:00:00-05:00,1.5261891073784095,1.5261891073784095,1.5035228729248047,1.5035228729248047,122766,0.0,0.0
1992-11-11 00:00:00-05:00,1.518633888744887,1.5261891789931075,1.5110784769058228,1.5110784769058228,135000,0.0,0.0
1992-11-12 00:00:00-05:00,1.5261891789931075,1.5337445908321714,1.5110784769058228,1.5110784769058228,162844,0.0,0.0
1992-11-13 00:00:00-05:00,1.5110784060001776,1.5110784060001776,1.4808566384711999,1.5035228729248047,75516,0.0,0.0
1992-11-16 00:00:00-05:00,1.5035226770625538,1.5110782091536759,1.4884119776527762,1.4959673881530762,411328,0.0,0.0
1992-11-17 00:00:00-05:00,1.4884120225906374,1.5110782547758717,1.4884120225906374,1.4884120225906372,246797,0.0,0.0
1992-11-18 00:00:00-05:00,1.5035226770625538,1.5035226770625538,1.4884119776527762,1.4959673881530762,345094,0.0,0.0
1992-11-19 00:00:00-05:00,1.4959675830311077,1.5035228729248047,1.4884121715465728,1.5035228729248047,365766,0.0,0.0
1992-11-20 00:00:00-05:00,1.5035228729248047,1.5110784060001776,1.4884121715465728,1.5035228729248047,211359,0.0,0.0
1992-11-23 00:00:00-05:00,1.5110782091536759,1.5110782091536759,1.495967388153076,1.4959673881530762,26156,0.0,0.0
1992-11-24 00:00:00-05:00,1.503522737204556,1.5261889696121216,1.503522737204556,1.5261889696121216,864422,0.0,0.0
1992-11-25 00:00:00-05:00,1.518633888744887,1.5261891789931075,1.5110784769058228,1.5110784769058228,224016,0.0,0.0
1992-11-27 00:00:00-05:00,1.5110784769058228,1.5110784769058228,1.5110784769058228,1.5110784769058228,4641,0.0,0.0
1992-11-30 00:00:00-05:00,1.4959675830311077,1.5186338174847125,1.4808566384711999,1.5035228729248047,161156,0.0,0.0
1992-12-01 00:00:00-05:00,1.4808564455616542,1.5035226770625538,1.4808564455616542,1.4959673881530762,34594,0.0,0.0
1992-12-02 00:00:00-05:00,1.4959676532276946,1.5110784769058228,1.480856707958723,1.5110784769058228,200391,0.0,0.0
1992-12-03 00:00:00-05:00,1.5035226770625538,1.5110782091536759,1.495967388153076,1.4959673881530762,180563,0.0,0.0
1992-12-04 00:00:00-05:00,1.5035229434759152,1.518633888744887,1.5035229434759152,1.5110784769058228,366609,0.0,0.0
1992-12-07 00:00:00-05:00,1.5171454326197322,1.53231680393219,1.5019739392282458,1.53231680393219,156094,0.0237,0.0
1992-12-08 00:00:00-05:00,1.5323173564781944,1.5399031059093213,1.5095601081848142,1.5095601081848145,167484,0.0,0.0
1992-12-09 00:00:00-05:00,1.4943887314016338,1.517145979695014,1.4943887314016338,1.5095601081848145,111375,0.0,0.0
1992-12-10 00:00:00-05:00,1.517146348953247,1.5323177294289898,1.5095604755967218,1.517146348953247,1452094,0.0,0.0
1992-12-11 00:00:00-05:00,1.5095601081848142,1.517145979695014,1.5019744808327604,1.5095601081848145,197438,0.0,0.0
1992-12-14 00:00:00-05:00,1.517145979695014,1.5247317291261406,1.5095601081848142,1.5095601081848145,83953,0.0,0.0
1992-12-15 00:00:00-05:00,1.5095601081848142,1.5095601081848142,1.4943887314016338,1.5095601081848145,517641,0.0,0.0
1992-12-16 00:00:00-05:00,1.509560196410713,1.509560196410713,1.4868029467872907,1.4943888187408447,219375,0.0,0.0
1992-12-17 00:00:00-05:00,1.4792169853024228,1.5019741058349612,1.471631115686187,1.501974105834961,147656,0.0,0.0
1992-12-18 00:00:00-05:00,1.501974658198535,1.501974658198535,1.479217529296875,1.479217529296875,135844,0.0,0.0
1992-12-21 00:00:00-05:00,1.4868024886815316,1.5019741058349612,1.471631115686187,1.501974105834961,484313,0.0,0.0
1992-12-22 00:00:00-05:00,1.4868028598914342,1.517145979695014,1.4868028598914342,1.5095601081848145,430313,0.0,0.0
1992-12-23 00:00:00-05:00,1.517145979695014,1.517145979695014,1.5019744808327604,1.5095601081848145,934875,0.0,0.0
1992-12-24 00:00:00-05:00,1.494389095120979,1.5247321002306697,1.494389095120979,1.517146348953247,303750,0.0,0.0
1992-12-28 00:00:00-05:00,1.517146348953247,1.5247321002306697,1.5095604755967218,1.517146348953247,645891,0.0,0.0
1992-12-29 00:00:00-05:00,1.5247321735174295,1.5247321735174295,1.4868032932281494,1.4868032932281494,586406,0.0,0.0
1992-12-30 00:00:00-05:00,1.5019748463984017,1.517146348953247,1.4868032217644538,1.517146348953247,257344,0.0,0.0
1992-12-31 00:00:00-05:00,1.5019744808327604,1.517145979695014,1.4943887314016338,1.5095601081848145,205875,0.0,0.0
1993-01-04 00:00:00-05:00,1.4943888187408447,1.509560196410713,1.4868029467872907,1.4943888187408447,259031,0.0,0.0
1993-01-05 00:00:00-05:00,1.5095601081848142,1.5247317291261406,1.5095601081848142,1.5095601081848145,422297,0.0,0.0
1993-01-06 00:00:00-05:00,1.517145979695014,1.5247317291261406,1.5095601081848142,1.5095601081848145,268313,0.0,0.0
1993-01-07 00:00:00-05:00,1.5171457684631093,1.539902891508947,1.5171457684631093,1.5247315168380737,302484,0.0,0.0
1993-01-08 00:00:00-05:00,1.5247321002306697,1.5323177294289898,1.5095604755967218,1.517146348953247,281391,0.0,0.0
1993-01-11 00:00:00-05:00,1.5095595638449602,1.555073921940391,1.5095595638449602,1.53231680393219,424828,0.0,0.0
1993-01-12 00:00:00-05:00,1.5323172101041511,1.5626602049301546,1.5323172101041511,1.5550743341445923,448453,0.0,0.0
1993-01-13 00:00:00-05:00,1.5626608404805642,1.5854180958556792,1.5626608404805642,1.5778322219848633,611297,0.0,0.0
1993-01-14 00:00:00-05:00,1.5930036034891624,1.6005894773599783,1.5702464701931582,1.5778322219848633,3110484,0.0,0.0
1993-01-15 00:00:00-05:00,1.5702461444353646,1.593003273010254,1.5702461444353646,1.593003273010254,346359,0.0,0.0
1993-01-18 00:00:00-05:00,1.593003273010254,1.593003273010254,1.5778318946533563,1.593003273010254,264516,0.0,0.0
1993-01-19 00:00:00-05:00,1.593003273010254,1.6081746513671518,1.5854177669504335,1.593003273010254,151453,0.0,0.0
1993-01-20 00:00:00-05:00,1.593003013905002,1.593003013905002,1.5702458890316062,1.5854175090789795,216844,0.0,0.0
1993-01-21 00:00:00-05:00,1.5854178264206413,1.593003332765,1.5550747023313958,1.562660574913025,62438,0.0,0.0
1993-01-22 00:00:00-05:00,1.562660430312158,1.5702460580336703,1.5323174311097938,1.547488808631897,705797,0.0,0.0
1993-01-25 00:00:00-05:00,1.562660574913025,1.5702462033364735,1.547488951828857,1.562660574913025,216422,0.0,0.0
1993-01-26 00:00:00-05:00,1.5626611388864928,1.5626611388864928,1.5399038791656492,1.5399038791656494,588094,0.0,0.0
1993-01-27 00:00:00-05:00,1.562660430312158,1.562660430312158,1.5247318033882815,1.547488808631897,390656,0.0,0.0
1993-01-28 00:00:00-05:00,1.555074558432488,1.562660430312158,1.539903180910385,1.547488808631897,355641,0.0,0.0
1993-01-29 00:00:00-05:00,1.5474888086318972,1.5702460580336703,1.5474888086318972,1.547488808631897,363656,0.0,0.0
1993-02-01 00:00:00-05:00,1.5474895103267963,1.5474895103267963,1.5399038791656492,1.5399038791656494,333703,0.0,0.0
1993-02-02 00:00:00-05:00,1.5323172398182023,1.5702458620071411,1.5323172398182023,1.5702458620071411,547172,0.0,0.0
1993-02-03 00:00:00-05:00,1.5778313395777432,1.6081740856170654,1.5702455920283913,1.6081740856170654,956391,0.0,0.0
1993-02-04 00:00:00-05:00,1.6081749390549787,1.630932193780019,1.6081749390549787,1.6233466863632202,784688,0.0,0.0
1993-02-05 00:00:00-05:00,1.6309321025772758,1.6612752292596304,1.6233465955846635,1.63851797580719,1358016,0.0,0.0
1993-02-08 00:00:00-05:00,1.6612744405415714,1.6612744405415714,1.6005885822257988,1.6081740856170654,781313,0.0,0.0
1993-02-09 00:00:00-05:00,1.5778318946533563,1.600589145307331,1.5778318946533563,1.593003273010254,353109,0.0,0.0
1993-02-10 00:00:00-05:00,1.593003013905002,1.6005888849682215,1.5702458890316062,1.5854175090789795,123188,0.0,0.0
1993-02-11 00:00:00-05:00,1.593003013905002,1.593003013905002,1.5854175090789797,1.5854175090789795,422297,0.0,0.0
1993-02-12 00:00:00-05:00,1.593003013905002,1.6005888849682215,1.5626602621265182,1.5854175090789795,243000,0.0,0.0
1993-02-16 00:00:00-05:00,1.577832115014423,1.577832115014423,1.517146348953247,1.517146348953247,182250,0.0,0.0
1993-02-17 00:00:00-05:00,1.517145979695014,1.5247317291261406,1.4943887314016338,1.5095601081848145,367453,0.0,0.0
1993-02-18 00:00:00-05:00,1.5095605481542524,1.5171464218753952,1.479217785744332,1.4868032932281494,395297,0.0,0.0
1993-02-19 00:00:00-05:00,1.5019742717131803,1.5474885178048556,1.5019742717131803,1.5247315168380737,413859,0.0,0.0
1993-02-22 00:00:00-05:00,1.5019744808327604,1.517145979695014,1.5019744808327604,1.5095601081848145,489797,0.0,0.0
1993-02-23 00:00:00-05:00,1.4943891669492921,1.5095605481542524,1.471631912023189,1.4868032932281494,727313,0.0,0.0
1993-02-24 00:00:00-05:00,1.4943894818030965,1.5474895103267963,1.4868036064836812,1.5399038791656494,534094,0.0,0.0
1993-02-25 00:00:00-05:00,1.5247313484465417,1.5247313484465417,1.5019741058349612,1.501974105834961,423563,0.0,0.0
1993-02-26 00:00:00-05:00,1.501974568615319,1.501974568615319,1.4868029467872907,1.4943888187408447,654328,0.0,0.0
1993-03-01 00:00:00-05:00,1.4792174410709766,1.4943888187408447,1.4640460634011083,1.4943888187408447,413438,0.0,0.0
1993-03-02 00:00:00-05:00,1.4792174410709766,1.501974568615319,1.4716315691174224,1.4943888187408447,356063,0.0,0.0
1993-03-03 00:00:00-05:00,1.4868029467872907,1.501974568615319,1.4868029467872907,1.4943888187408447,510047,0.0,0.0
1993-03-04 00:00:00-05:00,1.5171457684631093,1.5474885178048556,1.5171457684631093,1.5247315168380737,263672,0.0,0.0
1993-03-05 00:00:00-05:00,1.517146193976882,1.5702462033364735,1.517146193976882,1.562660574913025,739125,0.0,0.0
1993-03-08 00:00:00-05:00,1.5535216403042738,1.5763676080568365,1.5535216403042738,1.568752408027649,148078,0.0237,0.0
1993-03-09 00:00:00-05:00,1.5915974215712176,1.5915974215712176,1.5611360269419603,1.576366662979126,293625,0.0,0.0
1993-03-10 00:00:00-05:00,1.5687524080276487,1.5763676080568365,1.5535216403042738,1.568752408027649,280547,0.0,0.0
1993-03-11 00:00:00-05:00,1.5763676080568365,1.583982930641024,1.5535216403042738,1.568752408027649,222328,0.0,0.0
1993-03-12 00:00:00-05:00,1.553521513938904,1.553521513938904,1.5382909925643982,1.5535215139389038,276328,0.0,0.0
1993-03-15 00:00:00-05:00,1.545906314529146,1.553521513938904,1.5306757931546402,1.5535215139389038,213469,0.0,0.0
1993-03-16 00:00:00-05:00,1.5611359600464132,1.5611359600464132,1.530674934387207,1.530674934387207,153141,0.0,0.0
1993-03-17 00:00:00-05:00,1.5230590527390848,1.5535200671192355,1.5230590527390848,1.5459048748016357,686391,0.0,0.0
1993-03-18 00:00:00-05:00,1.5535208080139273,1.5687515675775057,1.5306750976108299,1.5611361265182495,1389234,0.0,0.0
1993-03-19 00:00:00-05:00,1.5535208080139273,1.5611361265182495,1.5535208080139273,1.5611361265182495,197859,0.0,0.0
1993-03-22 00:00:00-05:00,1.553521513938904,1.553521513938904,1.545906314529146,1.5535215139389038,148500,0.0,0.0
1993-03-23 00:00:00-05:00,1.553521513938904,1.5687522804233895,1.553521513938904,1.5535215139389038,335391,0.0,0.0
1993-03-24 00:00:00-05:00,1.5687514675154695,1.5839819809977085,1.5687514675154695,1.576366662979126,1024313,0.0,0.0
1993-03-25 00:00:00-05:00,1.568751831426739,1.5992128654574167,1.568751831426739,1.5839823484420776,1072406,0.0,0.0
1993-03-26 00:00:00-05:00,1.583982930641024,1.583982930641024,1.5611369628884613,1.568752408027649,327375,0.0,0.0
1993-03-29 00:00:00-05:00,1.5763666629791258,1.5839819809977085,1.5687514675154695,1.576366662979126,116016,0.0,0.0
1993-03-30 00:00:00-05:00,1.5915974215712176,1.5915974215712176,1.5687514675154695,1.576366662979126,401203,0.0,0.0
1993-03-31 00:00:00-05:00,1.576367028656931,1.5915977907821794,1.576367028656931,1.5839823484420776,722672,0.0,0.0
1993-04-01 00:00:00-05:00,1.583981997207141,1.6068279514966797,1.5611360429176022,1.5915974378585815,518063,0.0,0.0
1993-04-02 00:00:00-05:00,1.6144439758677747,1.6144439758677747,1.5687524080276487,1.568752408027649,815484,0.0,0.0
1993-04-05 00:00:00-04:00,1.5839828017978954,1.5839828017978954,1.5382909925643982,1.5535215139389038,365766,0.0,0.0
1993-04-06 00:00:00-04:00,1.545906027118069,1.545906027118069,1.507829546928406,1.5078295469284058,681328,0.0,0.0
1993-04-07 00:00:00-04:00,1.5154441036181259,1.5154441036181259,1.4697525673251735,1.477367639541626,351422,0.0,0.0
1993-04-08 00:00:00-04:00,1.462136800980615,1.5078285721814189,1.4545213627997784,1.4925978183746338,281391,0.0,0.0
1993-04-12 00:00:00-04:00,1.5002136636181587,1.530674934387207,1.4773677105413723,1.530674934387207,334547,0.0,0.0
1993-04-13 00:00:00-04:00,1.5230603185198621,1.5459061595690715,1.5078296761170706,1.5154448747634888,298266,0.0,0.0
1993-04-14 00:00:00-04:00,1.5002143549156748,1.5154448747634885,1.5002143549156748,1.5154448747634888,100828,0.0,0.0
1993-04-15 00:00:00-04:00,1.5002132565554702,1.5078285721814189,1.484982747858461,1.4925978183746338,396141,0.0,0.0
1993-04-16 00:00:00-04:00,1.492597732452786,1.492597732452786,1.4392907712495528,1.4469062089920044,309656,0.0,0.0
1993-04-19 00:00:00-04:00,1.4469068820684106,1.4469068820684106,1.3859844547826516,1.408830165863037,1678219,0.0,0.0
1993-04-20 00:00:00-04:00,1.4088301658630373,1.4088301658630373,1.3859844547826516,1.408830165863037,1024313,0.0,0.0
1993-04-21 00:00:00-04:00,1.4088295908968504,1.4316755377633106,1.4088295908968504,1.424060344696045,461109,0.0,0.0
1993-04-22 00:00:00-04:00,1.424060344696045,1.446906291562505,1.424060344696045,1.424060344696045,255234,0.0,0.0
1993-04-23 00:00:00-04:00,1.4316767337117642,1.4316767337117642,1.4164460897445679,1.4164460897445679,363234,0.0,0.0
1993-04-26 00:00:00-04:00,1.4164460897445679,1.4240615342831562,1.4164460897445679,1.4164460897445679,581344,0.0,0.0
1993-04-27 00:00:00-04:00,1.4164458335222545,1.4240612766832779,1.3935999942590571,1.4012153148651123,623953,0.0,0.0
1993-04-28 00:00:00-04:00,1.4012147630758562,1.431675910949707,1.4012147630758562,1.431675910949707,83531,0.0,0.0
1993-04-29 00:00:00-04:00,1.4240607158974343,1.4469066687190122,1.4088299581281292,1.431675910949707,112641,0.0,0.0
1993-04-30 00:00:00-04:00,1.4164459897033057,1.4545224743770269,1.4088306682575653,1.4392919540405273,365766,0.0,0.0
1993-05-03 00:00:00-04:00,1.43929179534042,1.43929179534042,1.3935999942590571,1.4012153148651123,1002797,0.0,0.0
1993-05-04 00:00:00-04:00,1.401214969687888,1.4164454845931242,1.401214969687888,1.408830165863037,599484,0.0,0.0
1993-05-05 00:00:00-04:00,1.4012143978295848,1.424060344696045,1.4012143978295848,1.424060344696045,494438,0.0,0.0
1993-05-06 00:00:00-04:00,1.4164449065190037,1.424060344696045,1.4164449065190037,1.424060344696045,266203,0.0,0.0
1993-05-07 00:00:00-04:00,1.4164458335222545,1.4240612766832779,1.3935999942590571,1.4012153148651123,304172,0.0,0.0
1993-05-10 00:00:00-04:00,1.401214650432541,1.401214650432541,1.347907431467547,1.355522871017456,976219,0.0,0.0
1993-05-11 00:00:00-04:00,1.3707547187805174,1.3707547187805174,1.3555241924974202,1.3707547187805176,1269844,0.0,0.0
1993-05-12 00:00:00-04:00,1.3707543523552204,1.378369797293579,1.3631391525268552,1.3631391525268555,780047,0.0,0.0
1993-05-13 00:00:00-04:00,1.3707543523552204,1.3707543523552204,1.3555238301434935,1.3631391525268555,398250,0.0,0.0
1993-05-14 00:00:00-04:00,1.3555236896548175,1.3555236896548175,1.3250626483883956,1.3402931690216064,993938,0.0,0.0
1993-05-17 00:00:00-04:00,1.3402931818809187,1.3479082584381104,1.3326777376587715,1.3479082584381104,569109,0.0,0.0
1993-05-18 00:00:00-04:00,1.332676887512207,1.3402923268762825,1.3250618158128524,1.332676887512207,319359,0.0,0.0
1993-05-19 00:00:00-04:00,1.3250618158128524,1.332676887512207,1.3098309370847012,1.332676887512207,339609,0.0,0.0
1993-05-20 00:00:00-04:00,1.3402926648679412,1.3479077384876461,1.3098312673946806,1.3174467086791992,1704797,0.0,0.0
1993-05-21 00:00:00-04:00,1.3326772235834228,1.3326772235834228,1.3174467086791992,1.3174467086791992,397828,0.0,0.0
1993-05-24 00:00:00-04:00,1.3174468329301159,1.3250622749328613,1.3174468329301159,1.3250622749328613,248484,0.0,0.0
1993-05-25 00:00:00-04:00,1.340292359582368,1.355522871017456,1.340292359582368,1.355522871017456,762750,0.0,0.0
1993-05-26 00:00:00-04:00,1.3631383479023542,1.3935994969003944,1.355523030014113,1.3859843015670776,308813,0.0,0.0
1993-05-27 00:00:00-04:00,1.3859847890184445,1.4012153075965814,1.3859847890184445,1.3935999870300293,238781,0.0,0.0
1993-05-28 00:00:00-04:00,1.4088299581281292,1.4392912285568997,1.4012147630758562,1.431675910949707,318094,0.0,0.0
1993-06-01 00:00:00-04:00,1.4316764747343649,1.43929179534042,1.4012153148651123,1.4012153148651123,310922,0.0,0.0
1993-06-02 00:00:00-04:00,1.4088307677609697,1.4240615342831562,1.4088307677609697,1.4164460897445679,505406,0.0,0.0
1993-06-03 00:00:00-04:00,1.4240609258781494,1.4469068820684106,1.4088301658630373,1.408830165863037,273797,0.0,0.0
1993-06-04 00:00:00-04:00,1.4164454845931242,1.4240609258781494,1.4088301658630373,1.408830165863037,90703,0.0,0.0
1993-06-07 00:00:00-04:00,1.4155619881347234,1.4155619881347234,1.3773035759917107,1.3849554061889648,253125,0.02607,0.0
1993-06-08 00:00:00-04:00,1.3773049356239373,1.3849567733748456,1.3543497917932061,1.369653344154358,238781,0.0,0.0
1993-06-09 00:00:00-04:00,1.3620010902831239,1.3773043903038675,1.3466977902623802,1.3543492555618286,259453,0.0,0.0
1993-06-10 00:00:00-04:00,1.3543488196928648,1.3620006519515773,1.3313940617601838,1.339045524597168,453516,0.0,0.0
1993-06-11 00:00:00-04:00,1.3466977902623802,1.3696528018638037,1.339045955541085,1.3543492555618286,340031,0.0,0.0
1993-06-14 00:00:00-04:00,1.3696521734631186,1.3773037583926115,1.354348634182455,1.3620004653930664,529031,0.0,0.0
1993-06-15 00:00:00-04:00,1.3620016295441142,1.3696533441543581,1.3466983234642913,1.369653344154358,654750,0.0,0.0
1993-06-16 00:00:00-04:00,1.3773042197088916,1.4155626497329272,1.3773042197088916,1.4079110622406006,397828,0.0,0.0
1993-06-17 00:00:00-04:00,1.4079108555967486,1.4844277044141825,1.4079108555967486,1.4385175704956055,553500,0.0,0.0
1993-06-18 00:00:00-04:00,1.4461693500114694,1.4461693500114694,1.4079109237507428,1.4155625104904175,448875,0.0,0.0
1993-06-21 00:00:00-04:00,1.4079104050162026,1.430865526199341,1.4079104050162026,1.4308655261993408,1309500,0.0,0.0
1993-06-22 00:00:00-04:00,1.4461702108383179,1.461473516567485,1.4461702108383179,1.4461702108383179,1336500,0.0,0.0
1993-06-23 00:00:00-04:00,1.461473516567485,1.461473516567485,1.4385184964034035,1.4461702108383179,564891,0.0,0.0
1993-06-24 00:00:00-04:00,1.4461702108383179,1.4461702108383179,1.4232150675335744,1.4461702108383179,591891,0.0,0.0
1993-06-25 00:00:00-04:00,1.4461701743493929,1.4461701743493929,1.4232150316238403,1.4232150316238403,98297,0.0,0.0
1993-06-28 00:00:00-04:00,1.4538206473824795,1.4538206473824795,1.4155619889367057,1.4308655261993408,275906,0.0,0.0
1993-06-29 00:00:00-04:00,1.4308668690063497,1.4308668690063497,1.4079117262807972,1.4232150316238403,753891,0.0,0.0
1993-06-30 00:00:00-04:00,1.4232141514758858,1.4461692800054655,1.415562441966026,1.4385175704956055,486000,0.0,0.0
1993-07-01 00:00:00-04:00,1.4385175214036452,1.453821063041687,1.4308659352954918,1.453821063041687,495703,0.0,0.0
1993-07-02 00:00:00-04:00,1.453822048413894,1.453822048413894,1.4385184964034035,1.4461702108383179,315141,0.0,0.0
1993-07-06 00:00:00-04:00,1.4385175214036452,1.453821063041687,1.4308659352954918,1.453821063041687,118547,0.0,0.0
1993-07-07 00:00:00-04:00,1.4385184964034035,1.453822048413894,1.4385184964034035,1.4461702108383179,361125,0.0,0.0
1993-07-08 00:00:00-04:00,1.4461702108383179,1.461473516567485,1.4461702108383179,1.4461702108383179,159047,0.0,0.0
1993-07-09 00:00:00-04:00,1.4385172722432606,1.461472272872925,1.4385172722432606,1.4614722728729248,188156,0.0,0.0
1993-07-12 00:00:00-04:00,1.4538208112306317,1.461472272872925,1.4461689801666677,1.4614722728729248,67922,0.0,0.0
1993-07-13 00:00:00-04:00,1.4461694922646364,1.4614727903898903,1.4079110622406006,1.4079110622406006,3306234,0.0,0.0
1993-07-14 00:00:00-04:00,1.415562441966026,1.4538211126559077,1.4079108555967486,1.4385175704956055,464906,0.0,0.0
1993-07-15 00:00:00-04:00,1.438518460107542,1.438518460107542,1.4232150316238403,1.4232150316238403,252281,0.0,0.0
1993-07-16 00:00:00-04:00,1.446169230652377,1.4614725260092623,1.446169230652377,1.453821063041687,677953,0.0,0.0
1993-07-19 00:00:00-04:00,1.446169190067205,1.4844276120966042,1.446169190067205,1.4691243171691895,261984,0.0,0.0
1993-07-20 00:00:00-04:00,1.4614727969231616,1.4844279289245605,1.4614727969231616,1.4844279289245605,408797,0.0,0.0
1993-07-21 00:00:00-04:00,1.4691241039368887,1.4691241039368887,1.4538208112306317,1.4614722728729248,594000,0.0,0.0
1993-07-22 00:00:00-04:00,1.4538211126559077,1.4538211126559077,1.4385175704956057,1.4385175704956055,312188,0.0,0.0
1993-07-23 00:00:00-04:00,1.4385174554175963,1.484427585663471,1.4385174554175963,1.476776123046875,96609,0.0,0.0
1993-07-26 00:00:00-04:00,1.4767769300509004,1.5226868391036987,1.4767769300509004,1.5226868391036987,202922,0.0,0.0
1993-07-27 00:00:00-04:00,1.5226858600074824,1.530337691307068,1.4997307355304073,1.5303376913070679,152297,0.0,0.0
1993-07-28 00:00:00-04:00,1.530337691307068,1.5456409844845576,1.530337691307068,1.5303376913070679,356063,0.0,0.0
1993-07-29 00:00:00-04:00,1.5456418514748838,1.5762487012791544,1.5456418514748838,1.5609451532363892,150609,0.0,0.0
1993-07-30 00:00:00-04:00,1.5609455704861364,1.5762491226196291,1.5609455704861364,1.576249122619629,353531,0.0,0.0
1993-08-02 00:00:00-04:00,1.5762482178468813,1.5992033481597903,1.5762482178468813,1.59920334815979,278438,0.0,0.0
1993-08-03 00:00:00-04:00,1.5915510868227125,1.622157672726243,1.5762477938709472,1.5838993787765503,855984,0.0,0.0
1993-08-04 00:00:00-04:00,1.576248126887893,1.599203255876153,1.5685962940845548,1.591551423072815,1033172,0.0,0.0
1993-08-05 00:00:00-04:00,1.5839001441830716,1.5915518559268595,1.5532934203485382,1.5685967206954956,1115016,0.0,0.0
1993-08-06 00:00:00-04:00,1.576248555579902,1.5839001441830716,1.5609450089517078,1.5685967206954956,551391,0.0,0.0
1993-08-09 00:00:00-04:00,1.5838994842825644,1.5838994842825644,1.5379894792285727,1.5456410646438599,206719,0.0,0.0
1993-08-10 00:00:00-04:00,1.5532927731997144,1.5532927731997144,1.5456410646438599,1.5456410646438599,85641,0.0,0.0
1993-08-11 00:00:00-04:00,1.5532927731997144,1.5532927731997144,1.5456410646438599,1.5456410646438599,231188,0.0,0.0
1993-08-12 00:00:00-04:00,1.5532926926435824,1.5532926926435824,1.515034274989018,1.5303376913070679,155672,0.0,0.0
1993-08-13 00:00:00-04:00,1.5379903884025778,1.5532936914201774,1.5226868391036987,1.5226868391036987,263672,0.0,0.0
1993-08-16 00:00:00-04:00,1.5303377491087191,1.5532927513122559,1.5226859175201197,1.5532927513122559,367453,0.0,0.0
1993-08-17 00:00:00-04:00,1.5456410428642218,1.5532927513122559,1.537989457556753,1.5532927513122559,460266,0.0,0.0
1993-08-18 00:00:00-04:00,1.5532935639259513,1.5609451532363892,1.5456418514748838,1.5609451532363892,121922,0.0,0.0
1993-08-19 00:00:00-04:00,1.5609443366197246,1.5609443366197246,1.537989457556753,1.5532927513122559,46828,0.0,0.0
1993-08-20 00:00:00-04:00,1.5532935639259513,1.5609451532363892,1.5532935639259513,1.5609451532363892,99563,0.0,0.0
1993-08-23 00:00:00-04:00,1.5762491226196291,1.5762491226196291,1.5685972849825514,1.576249122619629,143859,0.0,0.0
1993-08-24 00:00:00-04:00,1.5685972849825514,1.5839007139753813,1.5685972849825514,1.576249122619629,196172,0.0,0.0
1993-08-25 00:00:00-04:00,1.5838997626841207,1.6145066022872925,1.5838997626841207,1.6145066022872925,704109,0.0,0.0
1993-08-26 00:00:00-04:00,1.6145065520610749,1.6298098482459968,1.5915514230728147,1.591551423072815,791016,0.0,0.0
1993-08-27 00:00:00-04:00,1.599203255876153,1.6068547192577367,1.5915514230728147,1.591551423072815,288563,0.0,0.0
1993-08-30 00:00:00-04:00,1.6068546097812,1.6451130323477992,1.5915513146389062,1.6298097372055054,487266,0.0,0.0
1993-08-31 00:00:00-04:00,1.6298102428208148,1.6374620774766517,1.622158408164978,1.622158408164978,856406,0.0,0.0
1993-09-01 00:00:00-04:00,1.6221579049234938,1.6451130323477992,1.6221579049234938,1.6298097372055054,270000,0.0,0.0
1993-09-02 00:00:00-04:00,1.6298110289602084,1.6757213201963717,1.6298110289602084,1.6680694818496704,209250,0.0,0.0
1993-09-03 00:00:00-04:00,1.66714608669281,1.6748286838553716,1.6594633658905948,1.66714608669281,106313,0.02607,0.0
1993-09-07 00:00:00-04:00,1.659463210620596,1.6671459307039667,1.6440978940934967,1.651780366897583,218953,0.0,0.0
1993-09-08 00:00:00-04:00,1.636414115850147,1.6517794236024548,1.6056835003455314,1.6210488080978394,306281,0.0,0.0
1993-09-09 00:00:00-04:00,1.6287319300183012,1.667145647550485,1.621049458519031,1.6594629287719727,137953,0.0,0.0
1993-09-10 00:00:00-04:00,1.6671456955791124,1.682511133578799,1.6594629765792692,1.674828290939331,264516,0.0,0.0
1993-09-13 00:00:00-04:00,1.6748285271476953,1.6978766873978073,1.651780366897583,1.651780366897583,862734,0.0,0.0
1993-09-14 00:00:00-04:00,1.6594629765792692,1.682511133578799,1.6440976622192076,1.674828290939331,191109,0.0,0.0
1993-09-15 00:00:00-04:00,1.6825115282972405,1.6901942490994557,1.6594633658905948,1.66714608669281,292781,0.0,0.0
1993-09-16 00:00:00-04:00,1.6748281301212538,1.6825109720230103,1.6594628172365793,1.6825109720230103,60750,0.0,0.0
1993-09-17 00:00:00-04:00,1.6825110851075102,1.690193803886023,1.6594629287719727,1.6594629287719727,253125,0.0,0.0
1993-09-20 00:00:00-04:00,1.6901932640768433,1.6901932640768433,1.6440970897674558,1.644097089767456,155672,0.0,0.0
1993-09-21 00:00:00-04:00,1.6517804855523093,1.659463329827215,1.613367006015687,1.6287323236465454,303328,0.0,0.0
1993-09-22 00:00:00-04:00,1.6364148195797397,1.674828290939331,1.6364148195797397,1.674828290939331,223172,0.0,0.0
1993-09-23 00:00:00-04:00,1.674828114413185,1.674828114413185,1.636414647102356,1.636414647102356,278859,0.0,0.0
1993-09-24 00:00:00-04:00,1.636414647102356,1.6517799598429206,1.6210493343617915,1.636414647102356,46828,0.0,0.0
1993-09-27 00:00:00-04:00,1.6364143972750096,1.6364143972750096,1.6133662462234495,1.6133662462234497,1346625,0.0,0.0
1993-09-28 00:00:00-04:00,1.613365968762328,1.6210488080978391,1.6056835003455314,1.6210488080978394,634500,0.0,0.0
1993-09-29 00:00:00-04:00,1.621048463170805,1.621048463170805,1.5903176069259644,1.5903176069259644,189844,0.0,0.0
1993-09-30 00:00:00-04:00,1.5980009926765368,1.6056838336066286,1.5749528408050537,1.5749528408050537,153563,0.0,0.0
1993-10-01 00:00:00-04:00,1.582636113636174,1.5903187093836497,1.5595879554748537,1.5595879554748535,1482469,0.0,0.0
1993-10-04 00:00:00-04:00,1.5672705512223295,1.5672705512223295,1.544222640340271,1.5595879554748535,1703531,0.0,0.0
1993-10-05 00:00:00-04:00,1.5672705512223295,1.5672705512223295,1.5365399209531643,1.5595879554748535,205875,0.0,0.0
1993-10-06 00:00:00-04:00,1.5595879554748537,1.5595879554748537,1.544222640340271,1.5595879554748535,189000,0.0,0.0
1993-10-07 00:00:00-04:00,1.5595882335667746,1.567270830684143,1.5365401949353636,1.5519055128097534,435375,0.0,0.0
1993-10-08 00:00:00-04:00,1.544222915692385,1.5519055128097534,1.5288573505386895,1.5519055128097534,83953,0.0,0.0
1993-10-11 00:00:00-04:00,1.5519055128097534,1.5595882335667746,1.544222915692385,1.5519055128097534,885516,0.0,0.0
1993-10-12 00:00:00-04:00,1.544221758842468,1.551904350204442,1.5365390438409339,1.5442217588424683,1107422,0.0,0.0
1993-10-13 00:00:00-04:00,1.5595878031428716,1.5672703981399536,1.5595878031428716,1.5672703981399536,128250,0.0,0.0
1993-10-14 00:00:00-04:00,1.5519052360877468,1.5980014287707565,1.5519052360877468,1.5595879554748535,365766,0.0,0.0
1993-10-15 00:00:00-04:00,1.5519052360877468,1.5595879554748537,1.5365399209531643,1.5595879554748535,471234,0.0,0.0
1993-10-18 00:00:00-04:00,1.5672704207249328,1.5672704207249328,1.5365397930145264,1.5365397930145264,380531,0.0,0.0
1993-10-19 00:00:00-04:00,1.5365401949353636,1.5519055128097534,1.5134920326642998,1.5519055128097534,429891,0.0,0.0
1993-10-20 00:00:00-04:00,1.5365397930145264,1.5519051068697296,1.5365397930145264,1.5365397930145264,261984,0.0,0.0
1993-10-21 00:00:00-04:00,1.544221758842468,1.551904350204442,1.544221758842468,1.5442217588424683,140484,0.0,0.0
1993-10-22 00:00:00-04:00,1.5519043323960777,1.5519043323960777,1.5134908814687673,1.5211735963821411,712969,0.0,0.0
1993-10-25 00:00:00-04:00,1.5134914424208754,1.5365395957034371,1.5134914424208754,1.5288567543029785,148500,0.0,0.0
1993-10-26 00:00:00-04:00,1.5211735963821413,1.536539026208889,1.5134908814687673,1.5211735963821411,284344,0.0,0.0
1993-10-27 00:00:00-04:00,1.5134908814687673,1.5211735963821413,1.5134908814687673,1.5211735963821411,165375,0.0,0.0
1993-10-28 00:00:00-04:00,1.5134908814687673,1.528856187655956,1.5134908814687673,1.5211735963821411,198281,0.0,0.0
1993-10-29 00:00:00-04:00,1.5134915530137956,1.5211742713360366,1.498126240008928,1.505808711051941,253969,0.0,0.0
1993-11-01 00:00:00-05:00,1.5058087943852578,1.5365397930145264,1.4981263229170874,1.5365397930145264,344672,0.0,0.0
1993-11-02 00:00:00-05:00,1.5211743555197024,1.5442225117619381,1.5211743555197024,1.5365397930145264,160734,0.0,0.0
1993-11-03 00:00:00-05:00,1.5365397930145264,1.5365397930145264,1.5288569506274938,1.5365397930145264,89859,0.0,0.0
1993-11-04 00:00:00-05:00,1.521174212603534,1.5365396486547565,1.4673951864242554,1.4673951864242554,411750,0.0,0.0
1993-11-05 00:00:00-05:00,1.4673951864242554,1.4673951864242554,1.4597127156778622,1.4673951864242554,321047,0.0,0.0
1993-11-08 00:00:00-05:00,1.4520295324683674,1.4597123723264411,1.4366642236709595,1.4366642236709595,449297,0.0,0.0
1993-11-09 00:00:00-05:00,1.4366643137298578,1.4366643137298578,1.3828852968292031,1.3905681371688843,814219,0.0,0.0
1993-11-10 00:00:00-05:00,1.3828852968292031,1.3982508538689777,1.3828852968292031,1.3905681371688843,874969,0.0,0.0
1993-11-11 00:00:00-05:00,1.3982521297446457,1.4213000535964968,1.3905694060342284,1.4213000535964966,259453,0.0,0.0
1993-11-12 00:00:00-05:00,1.4059337007513988,1.413616418838501,1.4059337007513988,1.413616418838501,341297,0.0,0.0
1993-11-15 00:00:00-05:00,1.4136161636295772,1.421298756690083,1.3905681371688843,1.3905681371688843,228656,0.0,0.0
1993-11-16 00:00:00-05:00,1.3905692501610603,1.4059345722198486,1.3828864036721362,1.4059345722198486,226969,0.0,0.0
1993-11-17 00:00:00-05:00,1.4059341291200078,1.4059341291200078,1.3752033710479736,1.3752033710479736,372516,0.0,0.0
1993-11-18 00:00:00-05:00,1.3828859678362464,1.3828859678362464,1.3675206506200532,1.3752033710479736,276750,0.0,0.0
1993-11-19 00:00:00-05:00,1.3675206506200532,1.3905688119038146,1.3675206506200532,1.3752033710479736,170016,0.0,0.0
1993-11-22 00:00:00-05:00,1.3752030016216963,1.3905684383498584,1.3521549701690676,1.3521549701690674,507938,0.0,0.0
1993-11-23 00:00:00-05:00,1.3675201347944954,1.3828854462149274,1.3521548233740637,1.359837293624878,201234,0.0,0.0
1993-11-24 00:00:00-05:00,1.375202852324512,1.3905682873845449,1.3521548233740637,1.359837293624878,208406,0.0,0.0
1993-11-26 00:00:00-05:00,1.3521546650868341,1.3752026913392121,1.3521546650868341,1.3675199747085571,89859,0.0,0.0
1993-11-29 00:00:00-05:00,1.3752033710479736,1.3752033710479736,1.3675206506200532,1.3752033710479736,108844,0.0,0.0
1993-11-30 00:00:00-05:00,1.3598372422979894,1.3752028004176524,1.3444719314575193,1.3444719314575195,240047,0.0,0.0
1993-12-01 00:00:00-05:00,1.3598371344383158,1.3752026913392121,1.3521546650868341,1.3675199747085571,389813,0.0,0.0
1993-12-02 00:00:00-05:00,1.3752030016216963,1.3752030016216963,1.3521549701690676,1.3521549701690674,190688,0.0,0.0
1993-12-03 00:00:00-05:00,1.3598371467289225,1.3905681371688843,1.3598371467289225,1.3905681371688843,383484,0.0,0.0
1993-12-06 00:00:00-05:00,1.4050816915838016,1.435962438583374,1.4050816915838016,1.435962438583374,1277438,0.02607,0.0
1993-12-07 00:00:00-05:00,1.4282421897116806,1.4514029363267613,1.4282421897116806,1.435962438583374,355641,0.0,0.0
1993-12-08 00:00:00-05:00,1.4282414994139545,1.4436821139381841,1.3742000319186252,1.4205213785171509,386438,0.0,0.0
1993-12-09 00:00:00-05:00,1.4128012886400723,1.4128012886400723,1.3896405506737328,1.397360920906067,455203,0.0,0.0
1993-12-10 00:00:00-05:00,1.4050815477208176,1.4050815477208176,1.3742005553958754,1.3896409273147583,275484,0.0,0.0
1993-12-13 00:00:00-05:00,1.4050818013572772,1.4050818013572772,1.381921052932739,1.3819210529327393,124875,0.0,0.0
1993-12-14 00:00:00-05:00,1.3742006244513616,1.412801742553711,1.3742006244513616,1.412801742553711,609188,0.0,0.0
1993-12-15 00:00:00-05:00,1.4128012886400723,1.4128012886400723,1.3896405506737328,1.397360920906067,699047,0.0,0.0
1993-12-16 00:00:00-05:00,1.3819204289285074,1.4050811668948469,1.3742001829397277,1.397360920906067,154406,0.0,0.0
1993-12-17 00:00:00-05:00,1.397361299639582,1.397361299639582,1.3819208034771109,1.3896409273147583,495703,0.0,0.0
1993-12-20 00:00:00-05:00,1.3896411781639746,1.3896411781639746,1.3664804297394364,1.3819210529327393,469969,0.0,0.0
1993-12-21 00:00:00-05:00,1.38192073167965,1.3896408551161996,1.3510397409591244,1.3664801120758057,437063,0.0,0.0
1993-12-22 00:00:00-05:00,1.3664801120758054,1.38192073167965,1.3510397409591244,1.3664801120758057,124875,0.0,0.0
1993-12-23 00:00:00-05:00,1.3819208729205503,1.412801742553711,1.3819208729205503,1.412801742553711,180141,0.0,0.0
1993-12-27 00:00:00-05:00,1.4128019265885128,1.4128019265885128,1.374200803457893,1.3819210529327393,464063,0.0,0.0
1993-12-28 00:00:00-05:00,1.3819208729205503,1.412801742553711,1.3819208729205503,1.412801742553711,131625,0.0,0.0
1993-12-29 00:00:00-05:00,1.4205213785171509,1.4205213785171509,1.4128011333768065,1.4205213785171509,184781,0.0,0.0
1993-12-30 00:00:00-05:00,1.4205219196397008,1.4282420434773482,1.3896409273147583,1.3896409273147583,145547,0.0,0.0
1993-12-31 00:00:00-05:00,1.3896405506737328,1.4128012886400723,1.3896405506737328,1.397360920906067,269156,0.0,0.0
1994-01-03 00:00:00-05:00,1.3973614427121082,1.435962438583374,1.3973614427121082,1.435962438583374,250594,0.0,0.0
1994-01-04 00:00:00-05:00,1.4514022348349878,1.4514022348349878,1.4128011333768065,1.4205213785171509,251016,0.0,0.0
1994-01-05 00:00:00-05:00,1.4205219910228997,1.4359623637176828,1.4050816183281165,1.412801742553711,401625,0.0,0.0
1994-01-06 00:00:00-05:00,1.412801671558465,1.4205219196397008,1.3896409273147583,1.3896409273147583,473344,0.0,0.0
1994-01-07 00:00:00-05:00,1.3896405506737328,1.3973609209060671,1.3664798127073932,1.397360920906067,391922,0.0,0.0
1994-01-10 00:00:00-05:00,1.3896409273147583,1.4050815477208176,1.3819208034771109,1.3896409273147583,381797,0.0,0.0
1994-01-11 00:00:00-05:00,1.3973612626668572,1.405081510543823,1.3973612626668572,1.4050815105438232,142594,0.0,0.0
1994-01-12 00:00:00-05:00,1.4050815477208176,1.4050815477208176,1.3742005553958754,1.3896409273147583,655172,0.0,0.0
1994-01-13 00:00:00-05:00,1.3819202313427705,1.3819202313427705,1.3587596209314694,1.3741999864578247,432422,0.0,0.0
1994-01-14 00:00:00-05:00,1.3742005553958754,1.3896409273147583,1.3742005553958754,1.3896409273147583,375891,0.0,0.0
1994-01-17 00:00:00-05:00,1.3896409273147583,1.4050815477208176,1.3819208034771109,1.3896409273147583,260297,0.0,0.0
1994-01-18 00:00:00-05:00,1.3973607211126626,1.412801086639018,1.3664796173293419,1.3741999864578247,717188,0.0,0.0
1994-01-19 00:00:00-05:00,1.381921052932739,1.3896411781639746,1.374200803457893,1.3819210529327393,133734,0.0,0.0
1994-01-20 00:00:00-05:00,1.3819207669129256,1.412801634177204,1.3819207669129256,1.4050815105438232,459844,0.0,0.0
1994-01-21 00:00:00-05:00,1.405081510543823,1.405081510543823,1.3896408905463065,1.4050815105438232,246797,0.0,0.0
1994-01-24 00:00:00-05:00,1.3973612270399127,1.4050814747200442,1.3664801120758054,1.3664801120758057,341297,0.0,0.0
1994-01-25 00:00:00-05:00,1.3664799978226967,1.3664799978226967,1.343319629449515,1.3587599992752075,955547,0.0,0.0
1994-01-26 00:00:00-05:00,1.3587599992752075,1.3664799978226967,1.3510396279970043,1.3587599992752075,1583719,0.0,0.0
1994-01-27 00:00:00-05:00,1.3664801830710516,1.4050815477208176,1.3664801830710516,1.3896409273147583,180141,0.0,0.0
1994-01-28 00:00:00-05:00,1.3896408551161996,1.3973612270399127,1.3664801120758054,1.3664801120758057,170438,0.0,0.0
1994-01-31 00:00:00-05:00,1.3896409971461448,1.412801742553711,1.3819208729205503,1.412801742553711,675000,0.0,0.0
1994-02-01 00:00:00-05:00,1.412801634177204,1.412801634177204,1.405081510543823,1.4050815105438232,366609,0.0,0.0
1994-02-02 00:00:00-05:00,1.3973612626668572,1.412801634177204,1.3896408905463065,1.4050815105438232,784688,0.0,0.0
1994-02-03 00:00:00-05:00,1.3973612626668572,1.405081510543823,1.3896408905463065,1.4050815105438232,234984,0.0,0.0
1994-02-04 00:00:00-05:00,1.4050818013572772,1.4050818013572772,1.374200803457893,1.3819210529327393,812531,0.0,0.0
1994-02-07 00:00:00-05:00,1.3819202313427705,1.3973607211126626,1.3741999864578247,1.3741999864578247,715500,0.0,0.0
1994-02-08 00:00:00-05:00,1.3896403979557732,1.4205213785171509,1.3896403979557732,1.4205213785171509,810000,0.0,0.0
1994-02-09 00:00:00-05:00,1.4205213785171509,1.4436821139381841,1.4128011333768065,1.4205213785171509,547172,0.0,0.0
1994-02-10 00:00:00-05:00,1.4205218820541698,1.4205218820541698,1.405081510543823,1.4050815105438232,877922,0.0,0.0
1994-02-11 00:00:00-05:00,1.4128012886400723,1.4128012886400723,1.3973609209060671,1.397360920906067,68766,0.0,0.0
1994-02-14 00:00:00-05:00,1.4050809659976087,1.412801086639018,1.3664796173293419,1.3741999864578247,378422,0.0,0.0
1994-02-15 00:00:00-05:00,1.38192073167965,1.3896408551161996,1.3664801120758054,1.3664801120758057,475453,0.0,0.0
1994-02-16 00:00:00-05:00,1.3819208729205503,1.412801742553711,1.3587602517565784,1.412801742553711,1151719,0.0,0.0
1994-02-17 00:00:00-05:00,1.412801328146738,1.4514024349264991,1.412801328146738,1.443682312965393,496125,0.0,0.0
1994-02-18 00:00:00-05:00,1.4359618970293928,1.4745630025863647,1.4359618970293928,1.4745630025863647,455625,0.0,0.0
1994-02-22 00:00:00-05:00,1.4745628470369319,1.4900035858154297,1.4745628470369319,1.4900035858154297,276750,0.0,0.0
1994-02-23 00:00:00-05:00,1.497724175453186,1.497724175453186,1.4900041757380564,1.497724175453186,145125,0.0,0.0
1994-02-24 00:00:00-05:00,1.4900037429936832,1.4900037429936832,1.4745630025863647,1.4745630025863647,149766,0.0,0.0
1994-02-25 00:00:00-05:00,1.4900041102113004,1.4900041102113004,1.4668433666229248,1.4668433666229248,260297,0.0,0.0
1994-02-28 00:00:00-05:00,1.4745633659985473,1.4745633659985473,1.4591229945165483,1.4668433666229248,315141,0.0,0.0
1994-03-01 00:00:00-05:00,1.4822837381049239,1.4822837381049239,1.4591229945165483,1.4668433666229248,234563,0.0,0.0
1994-03-02 00:00:00-05:00,1.4514024349264991,1.4514024349264991,1.4205215743514017,1.443682312965393,1120922,0.0,0.0
1994-03-03 00:00:00-05:00,1.4359619425171715,1.4436823129653933,1.4282416963125075,1.443682312965393,176344,0.0,0.0
1994-03-04 00:00:00-05:00,1.4514033168892575,1.4514033168892575,1.428242564201355,1.428242564201355,210516,0.0,0.0
1994-03-07 00:00:00-05:00,1.4505812759746457,1.481609582901001,1.4505812759746457,1.481609582901001,319781,0.02607,0.0
1994-03-08 00:00:00-05:00,1.481609582901001,1.481609582901001,1.4660954294378234,1.481609582901001,226969,0.0,0.0
1994-03-09 00:00:00-05:00,1.481609283921725,1.4893665463438739,1.4660951335892036,1.4738523960113525,289828,0.0,0.0
1994-03-10 00:00:00-05:00,1.4660954294378234,1.481609582901001,1.4660954294378234,1.481609582901001,458156,0.0,0.0
1994-03-11 00:00:00-05:00,1.481609582901001,1.481609582901001,1.4738526934253382,1.481609582901001,67078,0.0,0.0
1994-03-14 00:00:00-05:00,1.4660954660299594,1.4816096198803534,1.4505813121795657,1.4505813121795654,404156,0.0,0.0
1994-03-15 00:00:00-05:00,1.458338326686119,1.4660954660299594,1.442824047998438,1.4505813121795654,158203,0.0,0.0
1994-03-16 00:00:00-05:00,1.4583377838134766,1.473852181563142,1.4505807721945048,1.4583377838134766,137953,0.0,0.0
1994-03-17 00:00:00-05:00,1.4583382902875925,1.481609582901001,1.4583382902875925,1.481609582901001,102094,0.0,0.0
1994-03-18 00:00:00-05:00,1.4816097644290176,1.5203953400949277,1.4660956090650332,1.5126384496688843,306281,0.0,0.0
1994-03-21 00:00:00-05:00,1.5126384698794375,1.5126384698794375,1.4893670492665796,1.4971243143081665,179297,0.0,0.0
1994-03-22 00:00:00-05:00,1.4893665463438739,1.5048806966763952,1.4660951335892036,1.4738523960113525,294047,0.0,0.0
1994-03-23 00:00:00-05:00,1.473852181563142,1.473852181563142,1.4428235109010519,1.4583377838134766,860203,0.0,0.0
1994-03-24 00:00:00-05:00,1.4660954660299594,1.4660954660299594,1.4505813121795657,1.4505813121795654,303750,0.0,0.0
1994-03-25 00:00:00-05:00,1.4583383082942718,1.4738527116235798,1.4428240298022492,1.4660954475402832,210516,0.0,0.0
1994-03-28 00:00:00-05:00,1.4816096198803534,1.489366884061481,1.4505813121795657,1.4505813121795654,228656,0.0,0.0
1994-03-29 00:00:00-05:00,1.4660963489263446,1.4660963489263446,1.4040394464789707,1.4350677728652954,231609,0.0,0.0
1994-03-30 00:00:00-05:00,1.4350677417730167,1.4350677417730167,1.3730107158328124,1.388525128364563,140063,0.0,0.0
1994-03-31 00:00:00-05:00,1.3885240829204812,1.4117954969406128,1.3730096820697948,1.4117954969406128,525656,0.0,0.0
1994-04-04 00:00:00-04:00,1.3807679845173675,1.396282147374399,1.365253821660336,1.388525128364563,282234,0.0,0.0
1994-04-05 00:00:00-04:00,1.3807679845173675,1.4117965599061493,1.3807679845173675,1.388525128364563,225281,0.0,0.0
1994-04-06 00:00:00-04:00,1.3962810960899263,1.419552510110058,1.3807669449137707,1.4117954969406128,253547,0.0,0.0
1994-04-07 00:00:00-04:00,1.419553518295288,1.419553518295288,1.4040393561007745,1.419553518295288,376313,0.0,0.0
1994-04-08 00:00:00-04:00,1.4117960471271331,1.4195530633195401,1.404038906097412,1.404038906097412,285188,0.0,0.0
1994-04-11 00:00:00-04:00,1.3962810960899263,1.4117954969406128,1.3962810960899263,1.4117954969406128,123609,0.0,0.0
1994-04-12 00:00:00-04:00,1.404039416058954,1.4117965599061493,1.388525128364563,1.388525128364563,182672,0.0,0.0
1994-04-13 00:00:00-04:00,1.3962820877474862,1.435067680489802,1.3962820877474862,1.419553518295288,371250,0.0,0.0
1994-04-14 00:00:00-04:00,1.4273107536873952,1.4428249168805578,1.4273107536873952,1.4350677728652954,135000,0.0,0.0
1994-04-15 00:00:00-04:00,1.435066885099138,1.435066885099138,1.4195527315033962,1.4273098707199097,147234,0.0,0.0
1994-04-18 00:00:00-04:00,1.435067680489802,1.435067680489802,1.419553518295288,1.419553518295288,212203,0.0,0.0
1994-04-19 00:00:00-04:00,1.4195530633195401,1.4273102043492611,1.404038906097412,1.404038906097412,230766,0.0,0.0
1994-04-20 00:00:00-04:00,1.419553022417104,1.419553022417104,1.3962815999984741,1.3962815999984741,199125,0.0,0.0
1994-04-21 00:00:00-04:00,1.3962816402303768,1.404038906097412,1.3885246240379698,1.404038906097412,515953,0.0,0.0
1994-04-22 00:00:00-04:00,1.4040388656419946,1.4040388656419946,1.3885245840295748,1.3962815999984741,213891,0.0,0.0
1994-04-25 00:00:00-04:00,1.404038906097412,1.4273102043492611,1.3962816402303768,1.404038906097412,589359,0.0,0.0
1994-04-26 00:00:00-04:00,1.411795717124168,1.435066885099138,1.3962813138538561,1.4273098707199097,192797,0.0,0.0
1994-04-28 00:00:00-04:00,1.4273098707199097,1.4505812883694498,1.4273098707199097,1.4273098707199097,201234,0.0,0.0
1994-04-29 00:00:00-04:00,1.4350677728652954,1.4505821857331822,1.411796590494233,1.4350677728652954,244688,0.0,0.0
1994-05-02 00:00:00-04:00,1.4273107536873952,1.4350677728652954,1.4273107536873952,1.4350677728652954,67500,0.0,0.0
1994-05-03 00:00:00-04:00,1.450581389886598,1.450581389886598,1.4273099706084365,1.442824125289917,178031,0.0,0.0
1994-05-04 00:00:00-04:00,1.4350669855305298,1.4660955445680788,1.419552830849049,1.442824125289917,496125,0.0,0.0
1994-05-05 00:00:00-04:00,1.4505813121795657,1.4505813121795657,1.427309894148044,1.4505813121795654,135422,0.0,0.0
1994-05-06 00:00:00-04:00,1.450582092359024,1.473853522906826,1.419553518295288,1.419553518295288,253125,0.0,0.0
1994-05-09 00:00:00-04:00,1.4350669855305298,1.450581389886598,1.419552830849049,1.442824125289917,191109,0.0,0.0
1994-05-10 00:00:00-04:00,1.435067680489802,1.450582092359024,1.419553518295288,1.419553518295288,561516,0.0,0.0
1994-05-11 00:00:00-04:00,1.4273107227631807,1.4273107227631807,1.3807679845173675,1.388525128364563,134156,0.0,0.0
1994-05-12 00:00:00-04:00,1.4040388656419946,1.419553022417104,1.3962815999984741,1.3962815999984741,210516,0.0,0.0
1994-05-13 00:00:00-04:00,1.4117960507370595,1.4117960507370595,1.3652533292770386,1.3652533292770386,265781,0.0,0.0
1994-05-16 00:00:00-04:00,1.3652536485066784,1.3652536485066784,1.3342249522158731,1.3574963808059692,106313,0.0,0.0
1994-05-17 00:00:00-04:00,1.3730101775798442,1.4040388656419946,1.3730101775798442,1.3962815999984741,91969,0.0,0.0
1994-05-18 00:00:00-04:00,1.4117960471271331,1.4273102043492611,1.3962816402303768,1.404038906097412,373359,0.0,0.0
1994-05-19 00:00:00-04:00,1.3885250469986006,1.3962820655538841,1.3652537416580453,1.3730106353759766,334125,0.0,0.0
1994-05-20 00:00:00-04:00,1.3730099617948042,1.3885243658062594,1.3652530718823042,1.3807672262191772,157781,0.0,0.0
1994-05-23 00:00:00-04:00,1.3807674830082486,1.4117960471271331,1.3807674830082486,1.404038906097412,114328,0.0,0.0
1994-05-24 00:00:00-04:00,1.404038906097412,1.4273102043492611,1.404038906097412,1.404038906097412,55688,0.0,0.0
1994-05-25 00:00:00-04:00,1.4040394464789707,1.4350677728652954,1.4040394464789707,1.4350677728652954,118125,0.0,0.0
1994-05-26 00:00:00-04:00,1.427310163223314,1.427310163223314,1.380767443223365,1.3962815999984741,334125,0.0,0.0
1994-05-27 00:00:00-04:00,1.3962815999984741,1.4001601704015791,1.3885245840295748,1.3962815999984741,577969,0.0,0.0
1994-05-31 00:00:00-04:00,1.4040386449804236,1.4117957845675058,1.3807672262191775,1.3807672262191772,153141,0.0,0.0
1994-06-01 00:00:00-04:00,1.3962820877474862,1.419553518295288,1.3885250690689066,1.419553518295288,236672,0.0,0.0
1994-06-02 00:00:00-04:00,1.4117960471271331,1.4117960471271331,1.3962816402303768,1.404038906097412,287719,0.0,0.0
1994-06-03 00:00:00-04:00,1.4117960471271331,1.4117960471271331,1.3962816402303768,1.404038906097412,38813,0.0,0.0
1994-06-06 00:00:00-04:00,1.4115238769165592,1.4427176041760685,1.4115238769165592,1.4193223714828491,127406,0.02844,0.0
1994-06-07 00:00:00-04:00,1.4271209809792034,1.458314964499741,1.4271209809792034,1.4505163431167603,107578,0.0,0.0
1994-06-08 00:00:00-04:00,1.458314964499741,1.458314964499741,1.4427178472366258,1.4505163431167603,251438,0.0,0.0
1994-06-09 00:00:00-04:00,1.434920131922012,1.4505170052996421,1.4271216324817448,1.442718505859375,89438,0.0,0.0
1994-06-10 00:00:00-04:00,1.434920131922012,1.442718505859375,1.4271216324817448,1.442718505859375,174656,0.0,0.0
1994-06-13 00:00:00-04:00,1.434920131922012,1.4505170052996421,1.434920131922012,1.442718505859375,108422,0.0,0.0
1994-06-14 00:00:00-04:00,1.442718505859375,1.4505170052996421,1.4271216324817448,1.442718505859375,545484,0.0,0.0
1994-06-15 00:00:00-04:00,1.442718505859375,1.4505170052996421,1.434920131922012,1.442718505859375,196172,0.0,0.0
1994-06-16 00:00:00-04:00,1.4427178970376615,1.4661133854856514,1.4271210302418524,1.4583150148391724,157781,0.0,0.0
1994-06-17 00:00:00-04:00,1.4583156302428129,1.4661140041801761,1.442718505859375,1.442718505859375,83953,0.0,0.0
1994-06-20 00:00:00-04:00,1.4427182716790947,1.4427182716790947,1.4193230281615892,1.4271214008331299,72141,0.0,0.0
1994-06-21 00:00:00-04:00,1.4271212351000928,1.4271212351000928,1.4037257432937622,1.4037257432937622,197438,0.0,0.0
1994-06-22 00:00:00-04:00,1.4193228633341848,1.4271212351000928,1.3881288742590776,1.4037257432937622,253547,0.0,0.0
1994-06-23 00:00:00-04:00,1.403725384101913,1.403725384101913,1.3881285190582275,1.3881285190582275,344250,0.0,0.0
1994-06-24 00:00:00-04:00,1.4037260410378172,1.4037260410378172,1.3803305442690725,1.3959276676177979,409219,0.0,0.0
1994-06-27 00:00:00-04:00,1.411524366065408,1.4193228633341848,1.3881288742590776,1.4037257432937622,73828,0.0,0.0
1994-06-28 00:00:00-04:00,1.4037252568474436,1.4271207405463138,1.3959268877839792,1.4193223714828491,160734,0.0,0.0
1994-06-29 00:00:00-04:00,1.4115238769165592,1.4193223714828493,1.3959268877839792,1.4193223714828491,322313,0.0,0.0
1994-06-30 00:00:00-04:00,1.4193231643865425,1.4193231643865425,1.388129168694883,1.3959276676177979,194063,0.0,0.0
1994-07-01 00:00:00-04:00,1.388129168694883,1.4115246654636275,1.388129168694883,1.3959276676177979,195750,0.0,0.0
1994-07-05 00:00:00-04:00,1.4037257432937622,1.4037257432937622,1.3881288742590776,1.4037257432937622,116438,0.0,0.0
1994-07-06 00:00:00-04:00,1.4037257432937622,1.411524366065408,1.4037257432937622,1.4037257432937622,51469,0.0,0.0
1994-07-07 00:00:00-04:00,1.3959276557218399,1.4115246534347536,1.3881291568653829,1.4115246534347534,248484,0.0,0.0
1994-07-08 00:00:00-04:00,1.3959276557218399,1.4193231522912104,1.3959276557218399,1.4115246534347534,146813,0.0,0.0
1994-07-11 00:00:00-04:00,1.4271214880483047,1.4271214880483047,1.356935376697878,1.3725322484970093,490641,0.0,0.0
1994-07-12 00:00:00-04:00,1.3881285190582275,1.411524004878011,1.3803298982821295,1.3881285190582275,151031,0.0,0.0
1994-07-13 00:00:00-04:00,1.4037260290754021,1.427121525644773,1.4037260290754021,1.4115246534347534,97031,0.0,0.0
1994-07-14 00:00:00-04:00,1.4271207435080406,1.4349192380905151,1.419322374428392,1.4349192380905151,372516,0.0,0.0
1994-07-15 00:00:00-04:00,1.4193223714828493,1.4271207405463138,1.4037252568474436,1.4193223714828491,89859,0.0,0.0
1994-07-18 00:00:00-04:00,1.4193231522912104,1.4427183978547922,1.4037260290754021,1.4115246534347534,137531,0.0,0.0
1994-07-19 00:00:00-04:00,1.4271207435080406,1.4349192380905151,1.419322374428392,1.4349192380905151,175922,0.0,0.0
1994-07-20 00:00:00-04:00,1.4349192351126039,1.4349192351126039,1.3959268877839792,1.4193223714828491,133734,0.0,0.0
1994-07-21 00:00:00-04:00,1.4271212351000928,1.4271212351000928,1.3959273715278544,1.4037257432937622,100406,0.0,0.0
1994-07-22 00:00:00-04:00,1.3881291568653829,1.4115246534347536,1.3881291568653829,1.4115246534347534,59063,0.0,0.0
1994-07-25 00:00:00-04:00,1.4115246534347536,1.4115246534347536,1.4037260290754021,1.4115246534347534,64969,0.0,0.0
1994-07-26 00:00:00-04:00,1.4193225001512724,1.4193225001512724,1.3881285190582275,1.3881285190582275,156516,0.0,0.0
1994-07-27 00:00:00-04:00,1.3959275336383163,1.4271214008331299,1.3881290354638922,1.4271214008331299,106313,0.0,0.0
1994-07-28 00:00:00-04:00,1.4271207435080406,1.4349192380905151,1.4271207435080406,1.4349192380905151,147234,0.0,0.0
1994-07-29 00:00:00-04:00,1.4349200245012297,1.4349200245012297,1.4115246534347536,1.4115246534347534,101250,0.0,0.0
1994-08-01 00:00:00-04:00,1.4115245299871648,1.4271214008331299,1.403725906309857,1.4271214008331299,221906,0.0,0.0
1994-08-02 00:00:00-04:00,1.427121525644773,1.427121525644773,1.3959276557218399,1.4115246534347534,322313,0.0,0.0
1994-08-03 00:00:00-04:00,1.4037257432937622,1.4037257432937622,1.3959273715278544,1.4037257432937622,194484,0.0,0.0
1994-08-04 00:00:00-04:00,1.403725384101913,1.411524004878011,1.3803298982821295,1.3881285190582275,195750,0.0,0.0
1994-08-05 00:00:00-04:00,1.388129168694883,1.4037260410378172,1.3803305442690725,1.3959276676177979,147234,0.0,0.0
1994-08-08 00:00:00-04:00,1.3881285190582275,1.403725384101913,1.3881285190582275,1.3881285190582275,65813,0.0,0.0
1994-08-09 00:00:00-04:00,1.3881285190582275,1.403725384101913,1.3881285190582275,1.3881285190582275,141328,0.0,0.0
1994-08-10 00:00:00-04:00,1.4037261809006403,1.4037261809006403,1.3803306818008423,1.3803306818008423,288563,0.0,0.0
1994-08-11 00:00:00-04:00,1.3725319608756776,1.380330206886743,1.364733338356018,1.364733338356018,247641,0.0,0.0
1994-08-12 00:00:00-04:00,1.372532248497009,1.380330496142238,1.3647336243431067,1.3725322484970093,52313,0.0,0.0
1994-08-15 00:00:00-04:00,1.3803298982821295,1.3881285190582275,1.3803298982821295,1.3881285190582275,112219,0.0,0.0
1994-08-16 00:00:00-04:00,1.3881291202961403,1.3881291202961403,1.3647336243431067,1.3725322484970093,278016,0.0,0.0
1994-08-17 00:00:00-04:00,1.3647336295644072,1.3803305014232101,1.3491367577056044,1.3569353818893433,115594,0.0,0.0
1994-08-18 00:00:00-04:00,1.3491363023683327,1.3491363023683327,1.3257408142218337,1.3413376808166504,348469,0.0,0.0
1994-08-19 00:00:00-04:00,1.3569356937709953,1.3569356937709953,1.3413384418186043,1.3491370677947998,63281,0.0,0.0
1994-08-22 00:00:00-04:00,1.3647339432384293,1.3647339432384293,1.3413384418186043,1.3491370677947998,131203,0.0,0.0
1994-08-23 00:00:00-04:00,1.3491370677947998,1.3647339432384293,1.3413384418186043,1.3491370677947998,391078,0.0,0.0
1994-08-24 00:00:00-04:00,1.3491367577056044,1.3569353818893433,1.3491367577056044,1.3569353818893433,105891,0.0,0.0
1994-08-25 00:00:00-04:00,1.3569356937709953,1.3569356937709953,1.3413384418186043,1.3491370677947998,73828,0.0,0.0
1994-08-26 00:00:00-04:00,1.3569353818893433,1.3803305014232101,1.3569353818893433,1.3569353818893433,51469,0.0,0.0
1994-08-29 00:00:00-04:00,1.3647336243431067,1.372532248497009,1.3491367525439757,1.3725322484970093,219797,0.0,0.0
1994-08-30 00:00:00-04:00,1.3569350923449528,1.380330206886743,1.3569350923449528,1.364733338356018,114328,0.0,0.0
1994-08-31 00:00:00-04:00,1.364733807903885,1.3803306818008423,1.364733807903885,1.3803306818008423,259031,0.0,0.0
1994-09-01 00:00:00-04:00,1.3725322537481461,1.3803305014232101,1.3569353818893433,1.3569353818893433,631125,0.0,0.0
1994-09-02 00:00:00-04:00,1.364461659615697,1.3879865407943726,1.364461659615697,1.3879865407943726,141750,0.02844,0.0
1994-09-06 00:00:00-04:00,1.3879865739850863,1.3879865739850863,1.372303193291938,1.3801450729370117,208406,0.0,0.0
1994-09-07 00:00:00-04:00,1.3801450729370117,1.3879865739850863,1.372303193291938,1.3801450729370117,173391,0.0,0.0
1994-09-08 00:00:00-04:00,1.3801450399338109,1.3879865407943726,1.372303160476259,1.3879865407943726,212625,0.0,0.0
1994-09-09 00:00:00-04:00,1.3801442881728585,1.3879857847621777,1.3723024129867551,1.3723024129867554,296156,0.0,0.0
1994-09-12 00:00:00-04:00,1.3801455807308818,1.3801455807308818,1.3566203117370605,1.3566203117370605,176344,0.0,0.0
1994-09-13 00:00:00-04:00,1.3566196496995355,1.3723030285094655,1.3487777709960938,1.3487777709960938,295313,0.0,0.0
1994-09-14 00:00:00-04:00,1.3644622564315796,1.3644622564315796,1.3487784906563955,1.3644622564315796,186891,0.0,0.0
1994-09-15 00:00:00-04:00,1.3644621942673805,1.3644621942673805,1.3566203117370605,1.3566203117370605,461953,0.0,0.0
1994-09-16 00:00:00-04:00,1.3644621942673805,1.3644621942673805,1.3566203117370605,1.3566203117370605,108000,0.0,0.0
1994-09-19 00:00:00-04:00,1.3644621942673805,1.3723036982005619,1.3566203117370605,1.3566203117370605,81422,0.0,0.0
1994-09-20 00:00:00-04:00,1.3644616825185663,1.3644616825185663,1.3330945427588425,1.3409364223480225,302484,0.0,0.0
1994-09-21 00:00:00-04:00,1.3487777709960938,1.3723030285094655,1.3409362708896058,1.3487777709960938,219797,0.0,0.0
1994-09-22 00:00:00-04:00,1.3487777709960938,1.3644615284029775,1.3409362708896058,1.3487777709960938,149344,0.0,0.0
1994-09-23 00:00:00-04:00,1.356619802929386,1.356619802929386,1.3409364223480227,1.3409364223480225,105891,0.0,0.0
1994-09-26 00:00:00-04:00,1.3409365966807714,1.3487780986924145,1.325252961662409,1.3330947160720825,216422,0.0,0.0
1994-09-27 00:00:00-04:00,1.3330946857842088,1.3330946857842088,1.301727921256197,1.3174113035202026,297422,0.0,0.0
1994-09-28 00:00:00-04:00,1.3330945246612882,1.3330945246612882,1.3174111442928358,1.3252527713775635,297844,0.0,0.0
1994-09-29 00:00:00-04:00,1.3174113334517508,1.3330947160720825,1.3174113334517508,1.3330947160720825,375047,0.0,0.0
1994-09-30 00:00:00-04:00,1.3409362562822227,1.356619634921307,1.3017276203860373,1.3095691204071045,487688,0.0,0.0
1994-10-03 00:00:00-04:00,1.3095694230896813,1.3252529315526995,1.301727921256197,1.3174113035202026,457734,0.0,0.0
1994-10-04 00:00:00-04:00,1.3174116562797382,1.3723036982005619,1.3174116562797382,1.3566203117370605,561094,0.0,0.0
1994-10-05 00:00:00-04:00,1.3566190412113328,1.3723024129867551,1.3566190412113328,1.3723024129867554,293203,0.0,0.0
1994-10-06 00:00:00-04:00,1.364460916397436,1.3723024129867551,1.364460916397436,1.3723024129867554,83531,0.0,0.0
1994-10-07 00:00:00-04:00,1.3644622564315796,1.380145643609608,1.3644622564315796,1.3644622564315796,115594,0.0,0.0
1994-10-10 00:00:00-04:00,1.3644616825185663,1.3723031835107498,1.3409364223480227,1.3409364223480225,264938,0.0,0.0
1994-10-11 00:00:00-04:00,1.3487779233402062,1.356619802929386,1.3409364223480227,1.3409364223480225,121922,0.0,0.0
1994-10-12 00:00:00-04:00,1.3409364223480227,1.3487779233402062,1.3409364223480227,1.3409364223480225,79734,0.0,0.0
1994-10-13 00:00:00-04:00,1.3487780986924145,1.3487780986924145,1.325252961662409,1.3330947160720825,1980281,0.0,0.0
1994-10-14 00:00:00-04:00,1.3487779233402062,1.356619802929386,1.3409364223480227,1.3409364223480225,101250,0.0,0.0
1994-10-17 00:00:00-04:00,1.3409362708896058,1.3566196496995355,1.3330943921861638,1.3487777709960938,156938,0.0,0.0
1994-10-18 00:00:00-04:00,1.3487779050297406,1.3487779050297406,1.3095692648101138,1.3252527713775635,147656,0.0,0.0
1994-10-19 00:00:00-04:00,1.3252529315526995,1.3330946857842088,1.3174113035202029,1.3174113035202026,321891,0.0,0.0
1994-10-20 00:00:00-04:00,1.333094377664206,1.333094377664206,1.3095691204071047,1.3095691204071045,191531,0.0,0.0
1994-10-21 00:00:00-04:00,1.3174113035202029,1.3252529315526995,1.301727921256197,1.3174113035202026,253125,0.0,0.0
1994-10-24 00:00:00-04:00,1.3330946857842088,1.3409365662147301,1.3095694230896813,1.3174113035202026,160313,0.0,0.0
1994-10-25 00:00:00-04:00,1.3095694230896813,1.3174113035202029,1.301727921256197,1.3174113035202026,110109,0.0,0.0
1994-10-26 00:00:00-04:00,1.3252526252451722,1.3252526252451722,1.3095691204071047,1.3095691204071045,101672,0.0,0.0
1994-10-27 00:00:00-04:00,1.317411876095107,1.317411876095107,1.2860448455362994,1.3017284870147705,1202766,0.0,0.0
1994-10-28 00:00:00-04:00,1.2938857078552244,1.3017275862677056,1.2860439556417234,1.2938857078552246,350156,0.0,0.0
1994-10-31 00:00:00-05:00,1.3017281583287748,1.3017281583287748,1.2625192538314354,1.2782028913497925,1099406,0.0,0.0
1994-11-01 00:00:00-05:00,1.2782028913497925,1.2938862764700787,1.2703611356901316,1.2782028913497925,516375,0.0,0.0
1994-11-02 00:00:00-05:00,1.270360577413701,1.3017275862677056,1.270360577413701,1.2938857078552246,217266,0.0,0.0
1994-11-03 00:00:00-05:00,1.2860440880798065,1.2860440880798065,1.2703607082366946,1.2703607082366943,249328,0.0,0.0
1994-11-04 00:00:00-05:00,1.2703607082366946,1.278202461257747,1.2625188290166491,1.2703607082366943,94500,0.0,0.0
1994-11-07 00:00:00-05:00,1.2703606821961408,1.2703606821961408,1.254677176475525,1.254677176475525,106734,0.0,0.0
1994-11-08 00:00:00-05:00,1.2546772021945893,1.2703607082366946,1.2546772021945893,1.2703607082366943,84797,0.0,0.0
1994-11-09 00:00:00-05:00,1.262519121170044,1.270361002204741,1.2546774925333912,1.262519121170044,169172,0.0,0.0
1994-11-10 00:00:00-05:00,1.2625186088896356,1.2625186088896356,1.2468352317810059,1.2468352317810059,140484,0.0,0.0
1994-11-11 00:00:00-05:00,1.254677176475525,1.254677176475525,1.2468354236152168,1.254677176475525,160734,0.0,0.0
1994-11-14 00:00:00-05:00,1.2468354236152168,1.254677176475525,1.2468354236152168,1.254677176475525,254813,0.0,0.0
1994-11-15 00:00:00-05:00,1.2546769834348062,1.2546769834348062,1.2389933539282345,1.2468352317810059,121500,0.0,0.0
1994-11-16 00:00:00-05:00,1.246836161709219,1.246836161709219,1.2311527729034424,1.2311527729034424,316406,0.0,0.0
1994-11-17 00:00:00-05:00,1.2389942780077332,1.2389942780077332,1.2233108892019566,1.2311527729034424,97453,0.0,0.0
1994-11-18 00:00:00-05:00,1.2233108892019566,1.2389942780077332,1.2154693840976658,1.2311527729034424,152297,0.0,0.0
1994-11-21 00:00:00-05:00,1.2311527729034424,1.246836161709219,1.2233108892019566,1.2311527729034424,232031,0.0,0.0
1994-11-22 00:00:00-05:00,1.2233104410899567,1.2311523219188758,1.199785177200256,1.2076270580291748,510891,0.0,0.0
1994-11-23 00:00:00-05:00,1.199785177200256,1.215468938858094,1.199785177200256,1.2076270580291748,464906,0.0,0.0
1994-11-25 00:00:00-05:00,1.2154691156928543,1.2233106190655525,1.1997853517532349,1.1997853517532349,56953,0.0,0.0
1994-11-28 00:00:00-05:00,1.207626907372214,1.2154687872228227,1.1919435262680054,1.1919435262680054,279281,0.0,0.0
1994-11-29 00:00:00-05:00,1.2076270580291748,1.2233104410899567,1.2076270580291748,1.2076270580291748,84375,0.0,0.0
1994-11-30 00:00:00-05:00,1.2154691156928543,1.2154691156928543,1.1997853517532349,1.1997853517532349,177609,0.0,0.0
1994-12-01 00:00:00-05:00,1.207626907372214,1.207626907372214,1.1919435262680054,1.1919435262680054,1352953,0.0,0.0
1994-12-02 00:00:00-05:00,1.1997853517532349,1.2076272337230445,1.1919438483805367,1.1997853517532349,257766,0.0,0.0
1994-12-05 00:00:00-05:00,1.1994685745804412,1.2310333632857697,1.1994685745804412,1.2152509689331055,206719,0.02844,0.0
1994-12-06 00:00:00-05:00,1.231033941573408,1.231033941573408,1.1994691380402709,1.2073601484298706,554766,0.0,0.0
1994-12-07 00:00:00-05:00,1.215251099904494,1.215251099904494,1.1915773153305054,1.1915773153305054,426938,0.0,0.0
1994-12-08 00:00:00-05:00,1.2073597113840875,1.2073597113840875,1.1915773153305054,1.1915773153305054,269578,0.0,0.0
1994-12-09 00:00:00-05:00,1.1994687038509122,1.215251099904494,1.1915773153305054,1.1915773153305054,210094,0.0,0.0
1994-12-12 00:00:00-05:00,1.1994685745804412,1.2231423566030326,1.191577186910514,1.2152509689331055,890578,0.0,0.0
1994-12-13 00:00:00-05:00,1.2152515898274519,1.2468163946598183,1.2152515898274519,1.2231429815292358,102516,0.0,0.0
1994-12-14 00:00:00-05:00,1.238924704249518,1.2704894917648866,1.231033316877088,1.2547070980072021,769078,0.0,0.0
1994-12-15 00:00:00-05:00,1.2468159569108557,1.3178371873338715,1.2468159569108557,1.3099461793899536,1126406,0.0,0.0
1994-12-16 00:00:00-05:00,1.309945668100002,1.3257280588150027,1.2862718915339497,1.3257280588150024,301641,0.0,0.0
1994-12-19 00:00:00-05:00,1.3178363148008898,1.325727698507212,1.3020539283752441,1.3020539283752441,2422406,0.0,0.0
1994-12-20 00:00:00-05:00,1.3099453120815663,1.3178363148008898,1.2941626716645882,1.3020539283752441,2710547,0.0,0.0
1994-12-21 00:00:00-05:00,1.3020539283752441,1.3178363148008898,1.3020539283752441,1.3020539283752441,396563,0.0,0.0
1994-12-22 00:00:00-05:00,1.3099461793899536,1.3178371873338715,1.302054790458785,1.3099461793899536,178031,0.0,0.0
1994-12-23 00:00:00-05:00,1.3099453120815663,1.325727698507212,1.3020539283752441,1.3020539283752441,66656,0.0,0.0
1994-12-27 00:00:00-05:00,1.3099453120815663,1.3178363148008898,1.3020539283752441,1.3020539283752441,96188,0.0,0.0
1994-12-28 00:00:00-05:00,1.3099461793899536,1.3178371873338715,1.302054790458785,1.3099461793899536,579656,0.0,0.0
1994-12-29 00:00:00-05:00,1.3020542822489503,1.3494018353810548,1.3020542822489503,1.3257280588150024,204188,0.0,0.0
1994-12-30 00:00:00-05:00,1.3257282603812033,1.3730758207121192,1.3178368733303305,1.3415106534957886,291938,0.0,0.0
1995-01-03 00:00:00-05:00,1.3494020039085348,1.373075783431217,1.33361935723103,1.3572930097579956,284344,0.0,0.0
1995-01-04 00:00:00-05:00,1.3572929506620253,1.3809667291539611,1.3572929506620253,1.3730757236480713,113906,0.0,0.0
1995-01-05 00:00:00-05:00,1.3730759720291392,1.3730759720291392,1.3494021892547607,1.3494021892547607,389813,0.0,0.0
1995-01-06 00:00:00-05:00,1.3494021892547607,1.3651845841086123,1.3494021892547607,1.3494021892547607,1120500,0.0,0.0
1995-01-09 00:00:00-05:00,1.3572933948599293,1.3730761730111645,1.3494023867715699,1.3651847839355469,515109,0.0,0.0
1995-01-10 00:00:00-05:00,1.3651841514318754,1.3730755368513339,1.3336191177368164,1.3336191177368164,410906,0.0,0.0
1995-01-11 00:00:00-05:00,1.3494020405466614,1.3494020405466614,1.3257282603812033,1.3415106534957886,474188,0.0,0.0
1995-01-12 00:00:00-05:00,1.3415109976959523,1.3651847839355469,1.3415109976959523,1.3651847839355469,250594,0.0,0.0
1995-01-13 00:00:00-05:00,1.3730760925941066,1.404640885073403,1.3651847039806646,1.396749496459961,615516,0.0,0.0
1995-01-16 00:00:00-05:00,1.396749496459961,1.4125321466910996,1.396749496459961,1.396749496459961,158203,0.0,0.0
1995-01-17 00:00:00-05:00,1.404641422549959,1.412532687187195,1.404641422549959,1.4125326871871948,63281,0.0,0.0
1995-01-18 00:00:00-05:00,1.4046412268202397,1.4283150174331232,1.4046412268202397,1.4204236268997192,123609,0.0,0.0
1995-01-19 00:00:00-05:00,1.4046406745910645,1.4204230684657555,1.4046406745910645,1.4046406745910645,366188,0.0,0.0
1995-01-20 00:00:00-05:00,1.412532687187195,1.412532687187195,1.404641422549959,1.4125326871871948,313875,0.0,0.0
1995-01-23 00:00:00-05:00,1.4204229414682847,1.4440967206572801,1.4125318087343344,1.4283143281936646,289828,0.0,0.0
1995-01-24 00:00:00-05:00,1.43620502948761,1.4519874158146029,1.43620502948761,1.4362050294876099,194484,0.0,0.0
1995-01-25 00:00:00-05:00,1.4283143281936648,1.4283143281936648,1.4125318087343344,1.4283143281936646,88594,0.0,0.0
1995-01-26 00:00:00-05:00,1.4204230684657555,1.4204230684657555,1.3967492871601297,1.4046406745910645,283922,0.0,0.0
1995-01-27 00:00:00-05:00,1.412531935026273,1.4204230684657555,1.3967492871601297,1.4046406745910645,297844,0.0,0.0
1995-01-30 00:00:00-05:00,1.4204223891692862,1.4440961591532737,1.4125312595036226,1.4362050294876099,142172,0.0,0.0
1995-01-31 00:00:00-05:00,1.4519881837091306,1.4519881837091306,1.4322601586181634,1.4440969228744507,902813,0.0,0.0
1995-02-01 00:00:00-05:00,1.444097077743174,1.4598794741093464,1.444097077743174,1.4519883394241333,370406,0.0,0.0
1995-02-02 00:00:00-05:00,1.4519881355326505,1.5072267055511475,1.4440968749597998,1.5072267055511475,331172,0.0,0.0
1995-02-03 00:00:00-05:00,1.5072267055511475,1.5072267055511475,1.4993356989697537,1.5072267055511475,294047,0.0,0.0
1995-02-06 00:00:00-05:00,1.4993356989697537,1.5072267055511475,1.4835530508283241,1.5072267055511475,86484,0.0,0.0
1995-02-07 00:00:00-05:00,1.507226644938762,1.530900425705284,1.4914442514234705,1.5230094194412231,183938,0.0,0.0
1995-02-08 00:00:00-05:00,1.5309009816329868,1.5466833808794607,1.5309009816329868,1.538792371749878,139641,0.0,0.0
1995-02-09 00:00:00-05:00,1.5387919468836875,1.5624656027148984,1.530900558945638,1.5466829538345337,386438,0.0,0.0
1995-02-10 00:00:00-05:00,1.5466829823009274,1.5624656314717686,1.5466829823009274,1.5545743703842163,324844,0.0,0.0
1995-02-13 00:00:00-05:00,1.546683088884265,1.5782482624053955,1.546683088884265,1.5782482624053955,456891,0.0,0.0
1995-02-14 00:00:00-05:00,1.5703568737783038,1.5782482624053955,1.562465739142703,1.5782482624053955,374625,0.0,0.0
1995-02-15 00:00:00-05:00,1.5703569091320329,1.609813091181303,1.5703569091320329,1.5861395597457886,602438,0.0,0.0
1995-02-16 00:00:00-05:00,1.5782482624053955,1.5861395240367417,1.5703568737783038,1.5782482624053955,187734,0.0,0.0
1995-02-17 00:00:00-05:00,1.5703559633200777,1.5861386044280836,1.5545735762034154,1.5624648332595825,254391,0.0,0.0
1995-02-21 00:00:00-05:00,1.5703567655635842,1.5703567655635842,1.5545743703842163,1.5545743703842163,41766,0.0,0.0
1995-02-22 00:00:00-05:00,1.5624658299706808,1.5782483541508299,1.5387921706962098,1.5703569650650024,477141,0.0,0.0
1995-02-23 00:00:00-05:00,1.5782482624053955,1.5782482624053955,1.562465739142703,1.5782482624053955,353109,0.0,0.0
1995-02-24 00:00:00-05:00,1.5703567655635842,1.5703567655635842,1.5466829823009274,1.5545743703842163,529031,0.0,0.0
1995-02-27 00:00:00-05:00,1.5624656027148984,1.5624656027148984,1.515118164056742,1.5466829538345337,251016,0.0,0.0
1995-02-28 00:00:00-05:00,1.530899805034914,1.5624648332595825,1.530899805034914,1.5624648332595825,450563,0.0,0.0
1995-03-01 00:00:00-05:00,1.5624648332595825,1.5624648332595825,1.5466821921515765,1.5624648332595825,123609,0.0,0.0
1995-03-02 00:00:00-05:00,1.5545745678806062,1.5703569650650024,1.5545745678806062,1.5703569650650024,240469,0.0,0.0
1995-03-03 00:00:00-05:00,1.5703569650650024,1.5782483541508299,1.5624658299706808,1.5703569650650024,555188,0.0,0.0
1995-03-06 00:00:00-05:00,1.5621085166931152,1.5700380222781505,1.5541788834968664,1.5621085166931152,167063,0.02844,0.0
1995-03-07 00:00:00-05:00,1.5541794785161471,1.5621091147482657,1.4986731733926788,1.5303913354873657,99984,0.0,0.0
1995-03-08 00:00:00-05:00,1.5303906392266269,1.5303906392266269,1.4986724915623084,1.5145313739776611,71719,0.0,0.0
1995-03-09 00:00:00-05:00,1.5145310680586384,1.5303903301042032,1.498672188846609,1.522460699081421,396563,0.0,0.0
1995-03-10 00:00:00-05:00,1.5145320630231287,1.5303913354873657,1.5145320630231287,1.5303913354873657,131625,0.0,0.0
1995-03-13 00:00:00-05:00,1.5224616992552473,1.5303913354873657,1.5224616992552473,1.5303913354873657,151031,0.0,0.0
1995-03-14 00:00:00-05:00,1.5224609443591073,1.546249458426393,1.5224609443591073,1.5383198261260986,216000,0.0,0.0
1995-03-15 00:00:00-05:00,1.5383202320926512,1.554179118044842,1.5383202320926512,1.5462498664855957,79734,0.0,0.0
1995-03-16 00:00:00-05:00,1.550214796244933,1.5700384378433225,1.5462500424030057,1.5700384378433228,828563,0.0,0.0
1995-03-17 00:00:00-05:00,1.5541788834968664,1.5621085166931152,1.5462496331342581,1.5621085166931152,166641,0.0,0.0
1995-03-20 00:00:00-05:00,1.5462499396548932,1.5621088263575342,1.530391052952252,1.5541791915893555,216000,0.0,0.0
1995-03-21 00:00:00-05:00,1.5383198261260986,1.55417870789309,1.5383198261260986,1.5383198261260986,353531,0.0,0.0
1995-03-22 00:00:00-05:00,1.5383198261260986,1.546249458426393,1.5224609443591073,1.5383198261260986,155250,0.0,0.0
1995-03-23 00:00:00-05:00,1.546249866485596,1.554179118044842,1.5383202320926512,1.5462498664855957,94500,0.0,0.0
1995-03-24 00:00:00-05:00,1.5303909805334048,1.554179118044842,1.5303909805334048,1.5462498664855957,113906,0.0,0.0
1995-03-27 00:00:00-05:00,1.5541791915893555,1.5621088263575342,1.5383203048867145,1.5541791915893555,402047,0.0,0.0
1995-03-28 00:00:00-05:00,1.5462499396548932,1.5541791915893555,1.5383203048867145,1.5541791915893555,147234,0.0,0.0
1995-03-29 00:00:00-05:00,1.5541788834968664,1.5621085166931152,1.5383199999380093,1.5621085166931152,225281,0.0,0.0
1995-03-30 00:00:00-05:00,1.5621085166931152,1.5621085166931152,1.5541788834968664,1.5621085166931152,149766,0.0,0.0
1995-03-31 00:00:00-05:00,1.5541784575054796,1.562108088528262,1.522460699081421,1.522460699081421,113484,0.0,0.0
1995-04-03 00:00:00-04:00,1.514531312058813,1.546249458426393,1.514531312058813,1.5383198261260986,98719,0.0,0.0
1995-04-04 00:00:00-04:00,1.5383204697342652,1.5779678821563723,1.5383204697342652,1.577967882156372,721828,0.0,0.0
1995-04-05 00:00:00-04:00,1.5700385017609528,1.5779678821563723,1.5700385017609528,1.577967882156372,456469,0.0,0.0
1995-04-06 00:00:00-04:00,1.5700385017609528,1.5858975177742967,1.5700385017609528,1.577967882156372,289406,0.0,0.0
1995-04-07 00:00:00-04:00,1.5779678104212713,1.5938269533249039,1.5700384303863248,1.585897445678711,74250,0.0,0.0
1995-04-10 00:00:00-04:00,1.5938270728843376,1.601756453514099,1.5779679287910462,1.6017564535140991,535781,0.0,0.0
1995-04-11 00:00:00-04:00,1.601756149909258,1.601756149909258,1.5938267707824707,1.5938267707824707,139641,0.0,0.0
1995-04-12 00:00:00-04:00,1.601756453514099,1.601756453514099,1.58589756464332,1.6017564535140991,67922,0.0,0.0
1995-04-13 00:00:00-04:00,1.5858973478283542,1.5938268549852943,1.5541791915893555,1.5541791915893555,114328,0.0,0.0
1995-04-17 00:00:00-04:00,1.5462501053521895,1.5779678821563723,1.5383204697342652,1.577967882156372,350578,0.0,0.0
1995-04-18 00:00:00-04:00,1.5938269608948867,1.5938269608948867,1.5700384378433225,1.5700384378433228,133313,0.0,0.0
1995-04-19 00:00:00-04:00,1.5700384303863248,1.5938269533249039,1.5700384303863248,1.585897445678711,69188,0.0,0.0
1995-04-20 00:00:00-04:00,1.5700384303863248,1.5938269533249039,1.554179287482692,1.585897445678711,113063,0.0,0.0
1995-04-21 00:00:00-04:00,1.5858977981471678,1.617615580558777,1.5779681611273528,1.6176155805587769,236250,0.0,0.0
1995-04-24 00:00:00-04:00,1.6176149226419296,1.6334740626200501,1.6176149226419296,1.6255444288253784,274219,0.0,0.0
1995-04-25 00:00:00-04:00,1.625544121632994,1.6414031310028843,1.625544121632994,1.6334737539291382,664453,0.0,0.0
1995-04-26 00:00:00-04:00,1.6334737539291382,1.6414031310028843,1.6334737539291382,1.6334737539291382,276750,0.0,0.0
1995-04-27 00:00:00-04:00,1.6255444288253784,1.6414034411922755,1.6255444288253784,1.6255444288253784,267891,0.0,0.0
1995-04-28 00:00:00-04:00,1.6334737539291382,1.6334737539291382,1.5938263581156114,1.6334737539291382,121922,0.0,0.0
1995-05-01 00:00:00-04:00,1.6334737539291382,1.6414031310028843,1.625544121632994,1.6334737539291382,373359,0.0,0.0
1995-05-02 00:00:00-04:00,1.6334737539291382,1.6414031310028843,1.6334737539291382,1.6334737539291382,137109,0.0,0.0
1995-05-03 00:00:00-04:00,1.641403849654274,1.6493333578109743,1.6334744691088288,1.6493333578109741,407109,0.0,0.0
1995-05-04 00:00:00-04:00,1.6414031310028843,1.6414031310028843,1.625544121632994,1.6334737539291382,147656,0.0,0.0
1995-05-05 00:00:00-04:00,1.6017566893529724,1.6255450899673167,1.6017566893529724,1.6176155805587769,325688,0.0,0.0
1995-05-08 00:00:00-04:00,1.6255444288253784,1.6255444288253784,1.6176149226419296,1.6255444288253784,135000,0.0,0.0
1995-05-09 00:00:00-04:00,1.6176149226419296,1.6255444288253784,1.6176149226419296,1.6255444288253784,291938,0.0,0.0
1995-05-10 00:00:00-04:00,1.6255444288253784,1.6334740626200501,1.6255444288253784,1.6255444288253784,44297,0.0,0.0
1995-05-11 00:00:00-04:00,1.6334740581104321,1.6414034366607666,1.6255444243376522,1.6414034366607666,325266,0.0,0.0
1995-05-12 00:00:00-04:00,1.6414034366607666,1.6493329428223238,1.6334740581104321,1.6414034366607666,213891,0.0,0.0
1995-05-15 00:00:00-04:00,1.641403849654274,1.6651922465131197,1.641403849654274,1.6493333578109741,172547,0.0,0.0
1995-05-16 00:00:00-04:00,1.649334066179466,1.66519296169281,1.649334066179466,1.66519296169281,222750,0.0,0.0
1995-05-17 00:00:00-04:00,1.66519296169281,1.66519296169281,1.6572637053531027,1.66519296169281,187313,0.0,0.0
1995-05-18 00:00:00-04:00,1.6651915174465208,1.6651915174465208,1.6334737539291382,1.6334737539291382,138375,0.0,0.0
1995-05-19 00:00:00-04:00,1.6414034411922755,1.6414034411922755,1.6255444288253784,1.6255444288253784,167906,0.0,0.0
1995-05-22 00:00:00-04:00,1.6255448025851509,1.6334744382030753,1.5700385017609528,1.577967882156372,538734,0.0,0.0
1995-05-23 00:00:00-04:00,1.5858975177742967,1.5858975177742967,1.5779678821563723,1.577967882156372,700734,0.0,0.0
1995-05-24 00:00:00-04:00,1.5938270728843376,1.617615342384878,1.58589756464332,1.6017564535140991,328641,0.0,0.0
1995-05-25 00:00:00-04:00,1.6176152781419981,1.6176152781419981,1.6017563899010479,1.6096858978271484,123188,0.0,0.0
1995-05-26 00:00:00-04:00,1.6096858978271487,1.6176152781419981,1.6017563899010479,1.6096858978271484,64547,0.0,0.0
1995-05-30 00:00:00-04:00,1.6176149226419296,1.6334740626200501,1.6176149226419296,1.6255444288253784,239625,0.0,0.0
1995-05-31 00:00:00-04:00,1.6334747269871317,1.6334747269871317,1.609686198761512,1.6176155805587769,112219,0.0,0.0
1995-06-01 00:00:00-04:00,1.6176146169480488,1.6334737539291382,1.6096852398743027,1.6334737539291382,88594,0.0,0.0
1995-06-02 00:00:00-04:00,1.633474747654228,1.6731221675872803,1.633474747654228,1.6731221675872803,676266,0.0,0.0
1995-06-05 00:00:00-04:00,1.6414045546171392,1.66519296169281,1.6414045546171392,1.66519296169281,230766,0.0,0.0
1995-06-06 00:00:00-04:00,1.6575405751430714,1.6734783789690804,1.601758069382651,1.6256647109985352,434109,0.03081,0.0
1995-06-07 00:00:00-04:00,1.6336348367812241,1.6575417518615723,1.6256658650877749,1.6575417518615723,490219,0.0,0.0
1995-06-08 00:00:00-04:00,1.6495716571807861,1.6575406234491616,1.6256647583756598,1.6495716571807861,295313,0.0,0.0
1995-06-09 00:00:00-04:00,1.6495714246673747,1.6495714246673747,1.6256645292320169,1.6336334943771362,223594,0.0,0.0
1995-06-12 00:00:00-04:00,1.6256645763848354,1.641602635383606,1.6256645763848354,1.641602635383606,552234,0.0,0.0
1995-06-13 00:00:00-04:00,1.6416025877685,1.6416025877685,1.6176956923331423,1.6336334943771362,203766,0.0,0.0
1995-06-14 00:00:00-04:00,1.6416028191586733,1.6495716571807861,1.6336337246440353,1.6495716571807861,165375,0.0,0.0
1995-06-15 00:00:00-04:00,1.6495714725136188,1.6495714725136188,1.6336335417610965,1.641602635383606,324000,0.0,0.0
1995-06-16 00:00:00-04:00,1.649572780168123,1.6575417518615723,1.6336348367812241,1.6575417518615723,445922,0.0,0.0
1995-06-19 00:00:00-04:00,1.6575417518615723,1.6655108518013717,1.6416039367210236,1.6575417518615723,665719,0.0,0.0
1995-06-20 00:00:00-04:00,1.6575417518615723,1.6575417518615723,1.6416039367210236,1.6575417518615723,97031,0.0,0.0
1995-06-21 00:00:00-04:00,1.65754043788988,1.65754043788988,1.641602635383606,1.641602635383606,685547,0.0,0.0
1995-06-22 00:00:00-04:00,1.65754043788988,1.65754043788988,1.6336335417610965,1.641602635383606,364500,0.0,0.0
1995-06-23 00:00:00-04:00,1.649572780168123,1.6575417518615723,1.649572780168123,1.6575417518615723,726469,0.0,0.0
1995-06-26 00:00:00-04:00,1.65754043788988,1.65754043788988,1.641602635383606,1.641602635383606,301641,0.0,0.0
1995-06-27 00:00:00-04:00,1.6495716571807861,1.6575406234491616,1.6416028191586733,1.6495716571807861,70031,0.0,0.0
1995-06-28 00:00:00-04:00,1.649572780168123,1.6575417518615723,1.6336348367812241,1.6575417518615723,87750,0.0,0.0
1995-06-29 00:00:00-04:00,1.657540389812494,1.657540389812494,1.6336334943771362,1.6336334943771362,42188,0.0,0.0
1995-06-30 00:00:00-04:00,1.633634409350896,1.6655104160308838,1.609727628771959,1.6655104160308838,541266,0.0,0.0
1995-07-03 00:00:00-04:00,1.681447522254288,1.681447522254288,1.6495716571807861,1.6495716571807861,46828,0.0,0.0
1995-07-05 00:00:00-04:00,1.6416035072056303,1.6734791291466689,1.633634409350896,1.6655104160308838,174234,0.0,0.0
1995-07-06 00:00:00-04:00,1.67347842773965,1.681447522254288,1.6416028191586733,1.6495716571807861,108844,0.0,0.0
1995-07-07 00:00:00-04:00,1.649571992034671,1.6894165749722503,1.649571992034671,1.6814478635787964,69188,0.0,0.0
1995-07-10 00:00:00-04:00,1.6973844259415873,1.6973844259415873,1.6814466301074213,1.6894153356552124,152719,0.0,0.0
1995-07-11 00:00:00-04:00,1.689416042902428,1.689416042902428,1.641602635383606,1.641602635383606,756422,0.0,0.0
1995-07-12 00:00:00-04:00,1.6575410335478922,1.6814479382679195,1.6495720653078831,1.6734788417816162,160734,0.0,0.0
1995-07-13 00:00:00-04:00,1.681448227001403,1.681448227001403,1.6655104160308838,1.6655104160308838,101672,0.0,0.0
1995-07-14 00:00:00-04:00,1.673478841781616,1.6814479382679195,1.6416032253141684,1.6734788417816162,145125,0.0,0.0
1995-07-17 00:00:00-04:00,1.6734787674464762,1.6894165749722503,1.6655100560530223,1.6814478635787964,309656,0.0,0.0
1995-07-18 00:00:00-04:00,1.6894153356552124,1.6973844259415873,1.6734775398210464,1.6894153356552124,227813,0.0,0.0
1995-07-19 00:00:00-04:00,1.689415993900482,1.689415993900482,1.6336334943771362,1.6336334943771362,183938,0.0,0.0
1995-07-20 00:00:00-04:00,1.641602635383606,1.6495714725136188,1.6336335417610965,1.641602635383606,307969,0.0,0.0
1995-07-21 00:00:00-04:00,1.6495716091069372,1.6495716091069372,1.6176958732086602,1.6256647109985352,111375,0.0,0.0
1995-07-24 00:00:00-04:00,1.6256647109985354,1.6416027713170622,1.6176958732086602,1.6256647109985352,73828,0.0,0.0
1995-07-25 00:00:00-04:00,1.6176956923331423,1.6336334943771362,1.6017578902891483,1.6336334943771362,214313,0.0,0.0
1995-07-26 00:00:00-04:00,1.6495723485677318,1.6734791291466689,1.6495723485677318,1.6655104160308838,216844,0.0,0.0
1995-07-27 00:00:00-04:00,1.6734787674464762,1.6894165749722503,1.6734787674464762,1.6814478635787964,188578,0.0,0.0
1995-07-28 00:00:00-04:00,1.6814466301074213,1.6894153356552124,1.6814466301074213,1.6894153356552124,91125,0.0,0.0
1995-07-31 00:00:00-04:00,1.6894165749722503,1.6894165749722503,1.6655100560530223,1.6814478635787964,62438,0.0,0.0
1995-08-01 00:00:00-04:00,1.6973860379719223,1.7053551358266565,1.6575413181761496,1.6655104160308838,232031,0.0,0.0
1995-08-02 00:00:00-04:00,1.673478177478177,1.6973850727081299,1.673478177478177,1.6973850727081299,242156,0.0,0.0
1995-08-03 00:00:00-04:00,1.6973844259415873,1.6973844259415873,1.6894153356552124,1.6894153356552124,59906,0.0,0.0
1995-08-04 00:00:00-04:00,1.6973856711045703,1.6973856711045703,1.6814478635787962,1.6814478635787964,16031,0.0,0.0
1995-08-07 00:00:00-04:00,1.6894159793852355,1.7212919679380827,1.6814472708010715,1.6973850727081299,208828,0.0,0.0
1995-08-08 00:00:00-04:00,1.7133235931396482,1.7372304983955509,1.6973857845486773,1.7133235931396484,99141,0.0,0.0
1995-08-09 00:00:00-04:00,1.721291312062128,1.721291312062128,1.6894153356552124,1.6894153356552124,82266,0.0,0.0
1995-08-10 00:00:00-04:00,1.705353856086731,1.705353856086731,1.6814469652018027,1.705353856086731,39234,0.0,0.0
1995-08-11 00:00:00-04:00,1.6894159793852355,1.7053541660310243,1.6814472708010715,1.6973850727081299,67500,0.0,0.0
1995-08-14 00:00:00-04:00,1.6973844259415873,1.6973844259415873,1.6894153356552124,1.6894153356552124,81000,0.0,0.0
1995-08-15 00:00:00-04:00,1.7053541660310243,1.7053541660310243,1.673478177478177,1.6973850727081299,288984,0.0,0.0
1995-08-16 00:00:00-04:00,1.7053541660310243,1.7053541660310243,1.6894159793852355,1.6973850727081299,113484,0.0,0.0
1995-08-17 00:00:00-04:00,1.7133233983652079,1.7372303009033203,1.6894164958270956,1.7372303009033203,232453,0.0,0.0
1995-08-18 00:00:00-04:00,1.7372303009033203,1.745199396662307,1.7292614616368989,1.7372303009033203,131203,0.0,0.0
1995-08-21 00:00:00-04:00,1.7372304228345836,1.7372304228345836,1.7133235186185136,1.7212926149368286,116016,0.0,0.0
1995-08-22 00:00:00-04:00,1.7212918377948474,1.7451987312172506,1.7212918377948474,1.729260802268982,147656,0.0,0.0
1995-08-23 00:00:00-04:00,1.7372303009033203,1.7611372034414325,1.7292614616368989,1.7372303009033203,243000,0.0,0.0
1995-08-24 00:00:00-04:00,1.7292614616368989,1.753168364175011,1.7212924941241947,1.7372303009033203,56953,0.0,0.0
1995-08-25 00:00:00-04:00,1.7372299899493555,1.7451990842819212,1.7292611521093093,1.7451990842819214,65391,0.0,0.0
1995-08-28 00:00:00-04:00,1.7451990842819212,1.7691058542945794,1.7451990842819212,1.7451990842819214,267047,0.0,0.0
1995-08-29 00:00:00-04:00,1.7531687021255493,1.7770753527794751,1.7531687021255493,1.7531687021255493,131625,0.0,0.0
1995-08-30 00:00:00-04:00,1.7372303009033203,1.745199396662307,1.7292614616368989,1.7372303009033203,275906,0.0,0.0
1995-08-31 00:00:00-04:00,1.7292611533361242,1.7611368894577026,1.7292611533361242,1.7611368894577026,100406,0.0,0.0
1995-09-01 00:00:00-04:00,1.7614562261450135,1.8175024464030498,1.7614562261450135,1.8094958066940308,305859,0.03081,0.0
1995-09-05 00:00:00-04:00,1.8616336300523832,1.8697984477763157,1.8371383884663604,1.853468418121338,414703,0.12994,0.0
1995-09-06 00:00:00-04:00,1.853467898445034,1.8616331080867135,1.8371378733686772,1.8453028202056885,180141,0.0,0.0
1995-09-07 00:00:00-04:00,1.8616336300523832,1.877963659707361,1.8534684181213381,1.853468418121338,569531,0.0,0.0
1995-09-08 00:00:00-04:00,1.8697981600375766,1.8861281871795657,1.8616333435701082,1.8861281871795654,69609,0.0,0.0
1995-09-11 00:00:00-04:00,1.886127781494269,1.886127781494269,1.8616329431533813,1.8616329431533813,354375,0.0,0.0
1995-09-12 00:00:00-04:00,1.8616335181768255,1.910623604197681,1.8534683067364717,1.9024587869644165,194906,0.0,0.0
1995-09-13 00:00:00-04:00,1.8942938120696047,1.9024590245295705,1.8616337506440184,1.8779637813568115,111797,0.0,0.0
1995-09-14 00:00:00-04:00,1.8697988952746216,1.8942941427230835,1.8697988952746216,1.8942941427230835,132047,0.0,0.0
1995-09-15 00:00:00-04:00,1.8779633707120973,1.8942933978540863,1.8697981600375766,1.8861281871795654,47672,0.0,0.0
1995-09-18 00:00:00-04:00,1.8779633707120973,1.8861281871795657,1.8697981600375766,1.8861281871795654,45563,0.0,0.0
1995-09-19 00:00:00-04:00,1.9024586440466666,1.91878867149353,1.9024586440466666,1.9187886714935303,88172,0.0,0.0
1995-09-20 00:00:00-04:00,1.9187885942667493,1.9432838315546979,1.9187885942667493,1.926953673362732,90703,0.0,0.0
1995-09-21 00:00:00-04:00,1.9106234606665686,1.91878867149353,1.9024586440466666,1.9187886714935303,137531,0.0,0.0
1995-09-22 00:00:00-04:00,1.9024588521114711,1.9106236696243286,1.894293640391511,1.9106236696243286,113484,0.0,0.0
1995-09-25 00:00:00-04:00,1.9106238427823978,1.9106238427823978,1.8779637813568115,1.8779637813568115,125719,0.0,0.0
1995-09-26 00:00:00-04:00,1.8861284774312932,1.8861284774312932,1.8453033375926637,1.853468418121338,532828,0.0,0.0
1995-09-27 00:00:00-04:00,1.8697988952746216,1.8942941427230835,1.8697988952746216,1.8942941427230835,334969,0.0,0.0
1995-09-28 00:00:00-04:00,1.8942933978540863,1.8942933978540863,1.8697981600375766,1.8861281871795654,321891,0.0,0.0
1995-09-29 00:00:00-04:00,1.8697981600375766,1.8861281871795657,1.8616333435701082,1.8861281871795654,92391,0.0,0.0
1995-10-02 00:00:00-04:00,1.886127781494269,1.886127781494269,1.8534677342351071,1.8616329431533813,375047,0.0,0.0
1995-10-03 00:00:00-04:00,1.869797757864688,1.8779629667829623,1.8453026567191553,1.8616329431533813,166219,0.0,0.0
1995-10-04 00:00:00-04:00,1.8616336042489785,1.8779636336776115,1.8616336042489785,1.8697984218597412,110953,0.0,0.0
1995-10-05 00:00:00-04:00,1.8861285996096389,1.8861285996096389,1.8616337506440184,1.8779637813568115,73406,0.0,0.0
1995-10-06 00:00:00-04:00,1.886127781494269,1.886127781494269,1.8616329431533813,1.8616329431533813,120234,0.0,0.0
1995-10-09 00:00:00-04:00,1.8697979235213904,1.8697979235213904,1.8453028202056885,1.8453028202056885,140906,0.0,0.0
1995-10-10 00:00:00-04:00,1.8534687780660362,1.8534687780660362,1.812643498896743,1.8289735317230225,128250,0.0,0.0
1995-10-11 00:00:00-04:00,1.8126423491125587,1.8371375799179077,1.8126423491125587,1.8371375799179077,172125,0.0,0.0
1995-10-12 00:00:00-04:00,1.8371378733686772,1.853467898445034,1.8208075854876524,1.8453028202056885,224438,0.0,0.0
1995-10-13 00:00:00-04:00,1.8534683924311082,1.8779636336776115,1.8534683924311082,1.8697984218597412,428625,0.0,0.0
1995-10-16 00:00:00-04:00,1.8779637813568115,1.8779637813568115,1.8697985688968457,1.8779637813568115,1602281,0.0,0.0
1995-10-17 00:00:00-04:00,1.8779633707120973,1.8861281871795657,1.8697981600375766,1.8861281871795654,578813,0.0,0.0
1995-10-18 00:00:00-04:00,1.8861285996096389,1.8942938120696047,1.8779637813568115,1.8779637813568115,1134844,0.0,0.0
1995-10-19 00:00:00-04:00,1.886127781494269,1.886127781494269,1.8616329431533813,1.8616329431533813,850078,0.0,0.0
1995-10-20 00:00:00-04:00,1.8697984218597412,1.8779636336776115,1.8616336042489785,1.8697984218597412,135422,0.0,0.0
1995-10-23 00:00:00-04:00,1.8697981600375766,1.8861281871795657,1.8616333435701082,1.8861281871795654,114328,0.0,0.0
1995-10-24 00:00:00-04:00,1.877963546850444,1.9024587869644163,1.877963546850444,1.9024587869644165,348469,0.0,0.0
1995-10-25 00:00:00-04:00,1.8942933978540863,1.8942933978540863,1.8779633707120973,1.8861281871795654,435797,0.0,0.0
1995-10-26 00:00:00-04:00,1.877963931040016,1.877963931040016,1.804478327066945,1.8126434087753296,284766,0.0,0.0
1995-10-27 00:00:00-04:00,1.8044773857298217,1.8044773857298217,1.7554869210362456,1.7718172073364258,462797,0.0,0.0
1995-10-30 00:00:00-05:00,1.7799824551508237,1.8126427704835795,1.7799824551508237,1.8044776916503906,492750,0.0,0.0
1995-10-31 00:00:00-05:00,1.8208080707691034,1.8779636336776115,1.8208080707691034,1.8697984218597412,218531,0.0,0.0
1995-11-01 00:00:00-05:00,1.8697981600375766,1.8861281871795657,1.8697981600375766,1.8861281871795654,413016,0.0,0.0
1995-11-02 00:00:00-05:00,1.8779634057728418,1.91878867149353,1.8779634057728418,1.9187886714935303,313031,0.0,0.0
1995-11-03 00:00:00-05:00,1.9269548204899125,1.9677801088710056,1.9269548204899125,1.9432849884033203,2975906,0.0,0.0
1995-11-06 00:00:00-05:00,1.943283537313235,1.959613561630249,1.926953381593893,1.959613561630249,939938,0.0,0.0
1995-11-07 00:00:00-05:00,1.9596139020349184,2.000439167022705,1.9596139020349184,2.000439167022705,1557984,0.0,0.0
1995-11-08 00:00:00-05:00,2.0004402699086317,2.155576467514038,2.0004402699086317,2.155576467514038,3290203,0.0,0.0
1995-11-09 00:00:00-05:00,2.155575171395225,2.155575171395225,2.0984198821094884,2.1147499084472656,1014609,0.0,0.0
1995-11-10 00:00:00-05:00,2.106584976643178,2.1310802164913727,2.0984201594985032,2.122915267944336,455625,0.0,0.0
1995-11-13 00:00:00-05:00,2.122915267944336,2.122915267944336,2.1147501879949377,2.122915267944336,83109,0.0,0.0
1995-11-14 00:00:00-05:00,2.1147501879949377,2.122915267944336,2.1147501879949377,2.122915267944336,334969,0.0,0.0
1995-11-15 00:00:00-05:00,2.114750237329598,2.114750237329598,2.098420208452203,2.1065850257873535,863156,0.0,0.0
1995-11-16 00:00:00-05:00,2.106584976643178,2.1310802164913727,2.106584976643178,2.122915267944336,261984,0.0,0.0
1995-11-17 00:00:00-05:00,2.12291567731987,2.171905903658637,2.12291567731987,2.1310806274414062,712969,0.0,0.0
1995-11-20 00:00:00-05:00,2.1392457485198975,2.1392457485198975,2.131080666845002,2.1392457485198975,340031,0.0,0.0
1995-11-21 00:00:00-05:00,2.131080072881432,2.1392451522805986,2.0739247798919678,2.0739247798919678,242156,0.0,0.0
1995-11-22 00:00:00-05:00,2.082089859291135,2.082089859291135,2.065759569090448,2.0739247798919678,59063,0.0,0.0
1995-11-24 00:00:00-05:00,2.0739247798919678,2.0739247798919678,2.057594752495987,2.0739247798919678,91125,0.0,0.0
1995-11-27 00:00:00-05:00,2.07392549933473,2.1474111080169678,2.07392549933473,2.1474111080169678,1091813,0.0,0.0
1995-11-28 00:00:00-05:00,2.147411427578383,2.188236713409424,2.147411427578383,2.188236713409424,462375,0.0,0.0
1995-11-29 00:00:00-05:00,2.188235350003192,2.2127304536788817,2.1800701402415137,2.1964001655578613,988031,0.0,0.0
1995-11-30 00:00:00-05:00,2.196400311599089,2.2453906536102295,2.188235495501531,2.2453906536102295,2180250,0.0,0.0
1995-12-01 00:00:00-05:00,2.2817793323661375,2.2817793323661375,2.2402925907965354,2.2485899925231934,1132734,0.12994,0.0
1995-12-04 00:00:00-05:00,2.256886571614047,2.2734813690185547,2.23199424197549,2.2734813690185547,680906,0.0,0.0
1995-12-05 00:00:00-05:00,2.273483059287782,2.3315646263219416,2.273483059287782,2.3232672214508057,989719,0.0,0.0
1995-12-06 00:00:00-05:00,2.331926447558422,2.331926447558422,2.3152697860375673,2.3235983848571777,1415391,0.03081,0.0
1995-12-07 00:00:00-05:00,2.3235983848571777,2.3485831090792764,2.30694145527714,2.3235983848571777,846703,0.0,0.0
1995-12-08 00:00:00-05:00,2.3235970129757115,2.3235970129757115,2.27362705791605,2.290283441543579,607500,0.0,0.0
1995-12-11 00:00:00-05:00,2.2902839066173826,2.2902839066173826,2.273627519607544,2.273627519607544,1423828,0.0,0.0
1995-12-12 00:00:00-05:00,2.2736276294758118,2.2902840172905354,2.265299301538904,2.2819559574127197,373359,0.0,0.0
1995-12-13 00:00:00-05:00,2.2736276294758118,2.2819559574127197,2.2736276294758118,2.2819559574127197,662344,0.0,0.0
1995-12-14 00:00:00-05:00,2.2736286597715005,2.2736286597715005,2.2403151988983154,2.2403151988983154,141328,0.0,0.0
1995-12-15 00:00:00-05:00,2.2486433742062535,2.2653000354766846,2.2403149095414485,2.2653000354766846,638719,0.0,0.0
1995-12-18 00:00:00-05:00,2.27362705791605,2.290283441543579,2.27362705791605,2.290283441543579,513844,0.0,0.0
1995-12-19 00:00:00-05:00,2.290284759323152,2.290284759323152,2.2653000354766846,2.2653000354766846,564047,0.0,0.0
1995-12-20 00:00:00-05:00,2.2819566967471157,2.290284759323152,2.2653000354766846,2.2653000354766846,487266,0.0,0.0
1995-12-21 00:00:00-05:00,2.26530022298053,2.2986135482788086,2.2569718916559602,2.2986135482788086,619734,0.0,0.0
1995-12-22 00:00:00-05:00,2.2986120354458808,2.306940093230133,2.27362705791605,2.290283441543579,404156,0.0,0.0
1995-12-26 00:00:00-05:00,2.281956312767324,2.306941032409668,2.281956312767324,2.306941032409668,148078,0.0,0.0
1995-12-27 00:00:00-05:00,2.3069412254883415,2.340254545211792,2.2986131636166354,2.340254545211792,446766,0.0,0.0
1995-12-28 00:00:00-05:00,2.340254545211792,2.356911205073517,2.3319262152809292,2.340254545211792,300375,0.0,0.0
1995-12-29 00:00:00-05:00,2.3485831964865533,2.3652398586273193,2.34025486541617,2.3652398586273193,437484,0.0,0.0
1996-01-02 00:00:00-05:00,2.3485828751426547,2.356911205073517,2.3319262152809292,2.340254545211792,140484,0.0,0.0
1996-01-03 00:00:00-05:00,2.32359947132282,2.331927537918091,2.3152708686089323,2.331927537918091,215156,0.0,0.0
1996-01-04 00:00:00-05:00,2.331926605517886,2.331926605517886,2.2819568856296693,2.2986135482788086,140063,0.0,0.0
1996-01-05 00:00:00-05:00,2.2986120354458808,2.2986120354458808,2.2486420803862193,2.290283441543579,681328,0.0,0.0
1996-01-08 00:00:00-05:00,2.2986125022109207,2.2986125022109207,2.273627519607544,2.273627519607544,25734,0.0,0.0
1996-01-09 00:00:00-05:00,2.2819566967471157,2.290284759323152,2.2653000354766846,2.2653000354766846,147656,0.0,0.0
1996-01-10 00:00:00-05:00,2.2652991279006294,2.2652991279006294,2.207000970840454,2.207000970840454,83531,0.0,0.0
1996-01-11 00:00:00-05:00,2.2153291641094484,2.2153291641094484,2.165359468377339,2.207000970840454,393188,0.0,0.0
1996-01-12 00:00:00-05:00,2.207001577880268,2.2153297734399477,2.1820165891125107,2.1986732482910156,190688,0.0,0.0
1996-01-15 00:00:00-05:00,2.1986744410750547,2.20700277518244,2.1820177728602834,2.1903462409973145,567000,0.0,0.0
1996-01-16 00:00:00-05:00,2.198673832743369,2.2403152236996164,2.190345634969884,2.2153303623199463,293625,0.0,0.0
1996-01-17 00:00:00-05:00,2.223658669506133,2.2403151988983154,2.2153303377952387,2.2403151988983154,174656,0.0,0.0
1996-01-18 00:00:00-05:00,2.2319871352466345,2.2569719963497112,2.2319871352466345,2.2403151988983154,79313,0.0,0.0
1996-01-19 00:00:00-05:00,2.2236582967487597,2.240314823348767,2.2236582967487597,2.2319867610931396,167063,0.0,0.0
1996-01-22 00:00:00-05:00,2.231986634213186,2.256971489707695,2.2236581703422473,2.248643159866333,185625,0.0,0.0
1996-01-23 00:00:00-05:00,2.2486437425093624,2.2736287385072766,2.2403152764804464,2.256972074508667,291094,0.0,0.0
1996-01-24 00:00:00-05:00,2.2653000354766846,2.2819566967471157,2.2653000354766846,2.2653000354766846,143438,0.0,0.0
1996-01-25 00:00:00-05:00,2.265299192073085,2.2819558471420027,2.265299192073085,2.273627519607544,113063,0.0,0.0
1996-01-26 00:00:00-05:00,2.273627519607544,2.273627519607544,2.265299192073085,2.273627519607544,148922,0.0,0.0
1996-01-29 00:00:00-05:00,2.2653000354766846,2.2819566967471157,2.256971704841469,2.2653000354766846,128672,0.0,0.0
1996-01-30 00:00:00-05:00,2.2819564792317806,2.2986131389145044,2.2153298405008854,2.248643159866333,556875,0.0,0.0
1996-01-31 00:00:00-05:00,2.265299843893185,2.36523953500438,2.265299843893185,2.340254545211792,580922,0.0,0.0
1996-02-01 00:00:00-05:00,2.3485821398244826,2.3652387944711717,2.315268830531105,2.356910467147827,385172,0.0,0.0
1996-02-02 00:00:00-05:00,2.365238443096284,2.365238443096284,2.3485817909240723,2.3485817909240723,298266,0.0,0.0
1996-02-05 00:00:00-05:00,2.3569110078126227,2.3569110078126227,2.298612971234976,2.306941032409668,904078,0.0,0.0
1996-02-06 00:00:00-05:00,2.3069415411346386,2.3652398586273193,2.3069415411346386,2.3652398586273193,378844,0.0,0.0
1996-02-07 00:00:00-05:00,2.3569125418818286,2.365240876536408,2.3152708686089323,2.331927537918091,348891,0.0,0.0
1996-02-08 00:00:00-05:00,2.3402534648379665,2.3485817909240723,2.331925138751861,2.3485817909240723,344250,0.0,0.0
1996-02-09 00:00:00-05:00,2.3485831964865533,2.3652398586273193,2.3152698722050213,2.3652398586273193,624797,0.0,0.0
1996-02-12 00:00:00-05:00,2.365240384042554,2.4235384464263916,2.365240384042554,2.4235384464263916,1760063,0.0,0.0
1996-02-13 00:00:00-05:00,2.431866218592464,2.431866218592464,2.390224831651431,2.398552894592285,516375,0.0,0.0
1996-02-14 00:00:00-05:00,2.398552894592285,2.40688122559233,2.390224831651431,2.398552894592285,450563,0.0,0.0
1996-02-15 00:00:00-05:00,2.398552894592285,2.40688122559233,2.390224831651431,2.398552894592285,518063,0.0,0.0
1996-02-16 00:00:00-05:00,2.3902244567871094,2.3985525184218544,2.3818961270932153,2.3902244567871094,663188,0.0,0.0
1996-02-20 00:00:00-05:00,2.381895222091031,2.390223548620573,2.365238569031946,2.3735666275024414,853453,0.0,0.0
1996-02-21 00:00:00-05:00,2.3485842072272494,2.3485842072272494,2.32359947132282,2.331927537918091,796922,0.0,0.0
1996-02-22 00:00:00-05:00,2.3235970807247877,2.3485817909240723,2.3152684865796496,2.3485817909240723,447188,0.0,0.0
1996-02-23 00:00:00-05:00,2.3485826785787967,2.3485826785787967,2.306941032409668,2.306941032409668,718453,0.0,0.0
1996-02-26 00:00:00-05:00,2.3069418532733406,2.323598785727051,2.2986137891353295,2.315270185470581,521016,0.0,0.0
1996-02-27 00:00:00-05:00,2.315269001101259,2.323597597097259,2.2819559574127197,2.2819559574127197,597797,0.0,0.0
1996-02-28 00:00:00-05:00,2.2902851888788596,2.348583514259543,2.2819571247408486,2.315270185470581,1004484,0.0,0.0
1996-02-29 00:00:00-05:00,2.306940673164351,2.306940673164351,2.2819559574127197,2.2819559574127197,237938,0.0,0.0
1996-03-01 00:00:00-05:00,2.2736281493904187,2.2736281493904187,2.248643159866333,2.248643159866333,699047,0.0,0.0
1996-03-04 00:00:00-05:00,2.2403149095414485,2.2653000354766846,2.223658382300607,2.2653000354766846,471234,0.0,0.0
1996-03-05 00:00:00-05:00,2.256971704841469,2.2736283661119,2.2486433742062535,2.2653000354766846,403734,0.0,0.0
1996-03-06 00:00:00-05:00,2.2572724348832636,2.2823533054923284,2.2572724348832636,2.2739930152893066,699047,0.03081,0.0
1996-03-07 00:00:00-05:00,2.273993348175789,2.282353639602661,2.2489123393512314,2.282353639602661,855984,0.0,0.0
1996-03-08 00:00:00-05:00,2.2823533609158426,2.29907367264007,2.20711088180542,2.20711088180542,371672,0.0,0.0
1996-03-11 00:00:00-05:00,2.215470205519334,2.215470205519334,2.148588180541992,2.148588180541992,935719,0.0,0.0
1996-03-12 00:00:00-05:00,2.156948622638421,2.1653090455855146,2.11514731516631,2.1235077381134033,208406,0.0,0.0
1996-03-13 00:00:00-05:00,2.123508254034101,2.123508254034101,2.0984273827309314,2.115147829055786,496969,0.0,0.0
1996-03-14 00:00:00-05:00,2.123508254034101,2.1402287003589557,2.115147829055786,2.115147829055786,926438,0.0,0.0
1996-03-15 00:00:00-05:00,2.1402292251586914,2.148589652187044,2.1235087747338612,2.1402292251586914,514688,0.0,0.0
1996-03-18 00:00:00-05:00,2.1402292251586914,2.1569496755835216,2.1318690672182554,2.1402292251586914,572484,0.0,0.0
1996-03-19 00:00:00-05:00,2.156948951307409,2.190390110015869,2.156948951307409,2.190390110015869,364078,0.0,0.0
1996-03-20 00:00:00-05:00,2.1903907843714294,2.2238318188314667,2.182030492120431,2.198751211166382,317672,0.0,0.0
1996-03-21 00:00:00-05:00,2.1903907843714294,2.198751211166382,2.1903907843714294,2.198751211166382,249750,0.0,0.0
1996-03-22 00:00:00-05:00,2.1987511580186117,2.1987511580186117,2.182030439376831,2.182030439376831,253969,0.0,0.0
1996-03-25 00:00:00-05:00,2.198750340604432,2.2321912272801017,2.1820296281787948,2.2238309383392334,466594,0.0,0.0
1996-03-26 00:00:00-05:00,2.240553140640259,2.248913166052396,2.232192711596149,2.240553140640259,242578,0.0,0.0
1996-03-27 00:00:00-05:00,2.232191801071167,2.2489122487070388,2.232191801071167,2.232191801071167,121922,0.0,0.0
1996-03-28 00:00:00-05:00,2.2238314239226393,2.2321917146890136,2.207110976933821,2.2154712677001953,382219,0.0,0.0
1996-03-29 00:00:00-05:00,2.2154713747905688,2.2154713747905688,2.1736700534820557,2.1736700534820557,787219,0.0,0.0
1996-04-01 00:00:00-05:00,2.1903904455232284,2.198750871024843,2.156949281692505,2.156949281692505,702422,0.0,0.0
1996-04-02 00:00:00-05:00,2.1653093755284374,2.19457038939834,2.156948951307409,2.190390110015869,413859,0.0,0.0
1996-04-03 00:00:00-05:00,2.1820296281787948,2.2321912272801017,2.1820296281787948,2.2238309383392334,253547,0.0,0.0
1996-04-04 00:00:00-05:00,2.232192711596149,2.248913166052396,2.232192711596149,2.240553140640259,243844,0.0,0.0
1996-04-08 00:00:00-04:00,2.1903905012790985,2.2154713747905688,2.1653097623115656,2.1736700534820557,701578,0.0,0.0
1996-04-09 00:00:00-04:00,2.173670919183299,2.240553140640259,2.1485901702269325,2.240553140640259,959344,0.0,0.0
1996-04-10 00:00:00-04:00,2.232191423857531,2.232191423857531,2.190390110015869,2.190390110015869,583031,0.0,0.0
1996-04-11 00:00:00-04:00,2.1903897762512243,2.1903897762512243,2.11514731516631,2.1235077381134033,322734,0.0,0.0
1996-04-12 00:00:00-04:00,2.1235076466597005,2.182029393873948,2.1235076466597005,2.165308952331543,326531,0.0,0.0
1996-04-15 00:00:00-04:00,2.1653097071941194,2.1653097071941194,2.123508386949649,2.156949281692505,643359,0.0,0.0
1996-04-16 00:00:00-04:00,2.148588603323006,2.148588603323006,2.1235077381134033,2.1235077381134033,216422,0.0,0.0
1996-04-17 00:00:00-04:00,2.123508126903421,2.123508126903421,2.090066832624007,2.10678768157959,517219,0.0,0.0
1996-04-18 00:00:00-04:00,2.106787480947854,2.106787480947854,2.090066633584616,2.0984270572662354,415125,0.0,0.0
1996-04-19 00:00:00-04:00,2.10678768157959,2.115147702425629,2.090066832624007,2.10678768157959,229078,0.0,0.0
1996-04-22 00:00:00-04:00,2.106787807709247,2.131868544468491,2.106787807709247,2.115147829055786,434953,0.0,0.0
1996-04-23 00:00:00-04:00,2.1151475009977596,2.1235079246793784,2.0984270572662354,2.0984270572662354,181406,0.0,0.0
1996-04-24 00:00:00-04:00,2.106787480947854,2.106787480947854,2.090066633584616,2.0984270572662354,246797,0.0,0.0
1996-04-25 00:00:00-04:00,2.1151480029789904,2.1151480029789904,2.0064646220269413,2.0399057865142822,1571063,0.0,0.0
1996-04-26 00:00:00-04:00,2.05662556543169,2.1318680265166043,2.05662556543169,2.1235077381134033,611297,0.0,0.0
1996-04-29 00:00:00-04:00,2.1235076466597005,2.165308952331543,2.1235076466597005,2.165308952331543,631547,0.0,0.0
1996-04-30 00:00:00-04:00,2.140228693101036,2.215471172211459,2.1318685372389226,2.20711088180542,449297,0.0,0.0
1996-05-01 00:00:00-04:00,2.2071112613008745,2.219651699066162,2.1945709580795345,2.219651699066162,1242844,0.0,1.5
1996-05-02 00:00:00-04:00,2.1945712158483386,2.1945712158483386,2.169490337371826,2.169490337371826,395438,0.0,0.0
1996-05-03 00:00:00-04:00,2.182030010587304,2.244732188632594,2.182030010587304,2.20711088180542,401625,0.0,0.0
1996-05-06 00:00:00-04:00,2.2196517535969473,2.232192057126368,2.182030439376831,2.182030439376831,495563,0.0,0.0
1996-05-07 00:00:00-04:00,2.169489824245267,2.194570696789665,2.094247341156006,2.094247341156006,584156,0.0,0.0
1996-05-08 00:00:00-04:00,2.106787864401303,2.106787864401303,2.031545248467072,2.069166421890259,846844,0.0,0.0
1996-05-09 00:00:00-04:00,2.0566270368801125,2.1193289756774902,2.0566270368801125,2.1193289756774902,939938,0.0,0.0
1996-05-10 00:00:00-04:00,2.1318691542010217,2.169490337371826,2.1318691542010217,2.169490337371826,451969,0.0,0.0
1996-05-13 00:00:00-04:00,2.169490337371826,2.169490337371826,2.1318691542010217,2.169490337371826,1321594,0.0,0.0
1996-05-14 00:00:00-04:00,2.1694898869847594,2.232191801071167,2.1569493158059676,2.232191801071167,839531,0.0,0.0
1996-05-15 00:00:00-04:00,2.2196527244663486,2.2196527244663486,2.1945719718933105,2.1945719718933105,732375,0.0,0.0
1996-05-16 00:00:00-04:00,2.1945710119941544,2.207111315523575,2.156949563230087,2.182030439376831,489938,0.0,0.0
1996-05-17 00:00:00-04:00,2.1694910847762623,2.2196527244663486,2.1569505066737276,2.1945719718933105,1154813,0.0,0.0
1996-05-20 00:00:00-04:00,2.1945710119941544,2.207111315523575,2.1694901358474104,2.182030439376831,522563,0.0,0.0
1996-05-21 00:00:00-04:00,2.1820313937907763,2.2071122809078245,2.1694910847762623,2.1945719718933105,699188,0.0,0.0
1996-05-22 00:00:00-04:00,2.182030439376831,2.1945710119941544,2.182030439376831,2.182030439376831,888469,0.0,0.0
1996-05-23 00:00:00-04:00,2.1820306420661186,2.207111520542631,2.169490337371826,2.169490337371826,878344,0.0,0.0
1996-05-24 00:00:00-04:00,2.16948985267296,2.16948985267296,2.1444089797999175,2.156949281692505,569250,0.0,0.0
1996-05-28 00:00:00-04:00,2.144409458895314,2.207111520542631,2.144409458895314,2.169490337371826,243281,0.0,0.0
1996-05-29 00:00:00-04:00,2.169490337371826,2.1945712158483386,2.156949763589606,2.169490337371826,868219,0.0,0.0
1996-05-30 00:00:00-04:00,2.1694901358474104,2.207111315523575,2.156949563230087,2.182030439376831,622406,0.0,0.0
1996-05-31 00:00:00-04:00,2.1945719718933105,2.2196527244663486,2.1945719718933105,2.1945719718933105,341156,0.0,0.0
1996-06-03 00:00:00-04:00,2.207111069880326,2.257272682047062,2.207111069880326,2.24473237991333,174094,0.0,0.0
1996-06-04 00:00:00-04:00,2.244732462725678,2.282353639602661,2.2321918910414285,2.282353639602661,146813,0.0,0.0
1996-06-05 00:00:00-04:00,2.280840424194516,2.3060431480407715,2.2556379707434435,2.3060431480407715,172688,0.03911,0.0
1996-06-06 00:00:00-04:00,2.3060442127744865,2.318645715713501,2.26824024474806,2.318645715713501,373500,0.0,0.0
1996-06-07 00:00:00-04:00,2.3186448012172898,2.3186448012172898,2.2556381225585938,2.2556381225585938,325125,0.0,0.0
1996-06-10 00:00:00-04:00,2.268238823158851,2.268238823158851,2.180029574648638,2.2178335189819336,393188,0.0,0.0
1996-06-11 00:00:00-04:00,2.2178337717008185,2.255637855539403,2.2178337717008185,2.2304351329803467,137813,0.0,0.0
1996-06-12 00:00:00-04:00,2.24303635906229,2.24303635906229,2.2178337717008185,2.2304351329803467,296719,0.0,0.0
1996-06-13 00:00:00-04:00,2.2304351329803467,2.24303635906229,2.2178337717008185,2.2304351329803467,140906,0.0,0.0
1996-06-14 00:00:00-04:00,2.2304351329803467,2.2304351329803467,2.2178337717008185,2.2304351329803467,246094,0.0,0.0
1996-06-17 00:00:00-04:00,2.217834178961965,2.2682394981384277,2.217834178961965,2.2682394981384277,177188,0.0,0.0
1996-06-18 00:00:00-04:00,2.255637855539403,2.2682390816213465,2.2178337717008185,2.2304351329803467,233156,0.0,0.0
1996-06-19 00:00:00-04:00,2.230434807480049,2.2430360317230225,2.230434807480049,2.2430360317230225,279563,0.0,0.0
1996-06-20 00:00:00-04:00,2.2178349341019348,2.2304363019860323,2.1926321983337402,2.1926321983337402,124875,0.0,0.0
1996-06-21 00:00:00-04:00,2.1800307103615864,2.2052334431784932,2.117024148714598,2.167429208755493,860344,0.0,0.0
1996-06-24 00:00:00-04:00,2.15482832429995,2.192632294411091,2.15482832429995,2.1800310611724854,383906,0.0,0.0
1996-06-25 00:00:00-04:00,2.167429557538556,2.1800310611724854,2.15482832429995,2.1800310611724854,237656,0.0,0.0
1996-06-26 00:00:00-04:00,2.1926311579837177,2.1926311579837177,2.142225980758667,2.142225980758667,443250,0.0,0.0
1996-06-27 00:00:00-04:00,2.1422270910613443,2.20523379804502,2.1296255874274155,2.1800310611724854,117563,0.0,0.0
1996-06-28 00:00:00-04:00,2.1926319415724,2.2052334431784932,2.167429208755493,2.167429208755493,145688,0.0,0.0
1996-07-01 00:00:00-04:00,2.192631308702297,2.2682393501322524,2.192631308702297,2.2556381225585938,160875,0.0,0.0
1996-07-02 00:00:00-04:00,2.243036473622724,2.3060431480407715,2.243036473622724,2.3060431480407715,328219,0.0,0.0
1996-07-03 00:00:00-04:00,2.293442487716675,2.3060437175542816,2.2808409874838182,2.293442487716675,647438,0.0,0.0
1996-07-05 00:00:00-04:00,2.2808409874838182,2.3060437175542816,2.2808409874838182,2.293442487716675,69469,0.0,0.0
1996-07-08 00:00:00-04:00,2.2808400478049036,2.2808400478049036,2.2178335189819336,2.2178335189819336,212063,0.0,0.0
1996-07-09 00:00:00-04:00,2.2304351329803467,2.24303635906229,2.2178337717008185,2.2304351329803467,238500,0.0,0.0
1996-07-10 00:00:00-04:00,2.2556382697425192,2.2682394981384277,2.2052329505660566,2.2682394981384277,453375,0.0,0.0
1996-07-11 00:00:00-04:00,2.2682403698310343,2.2682403698310343,2.15482832429995,2.1800310611724854,293063,0.0,0.0
1996-07-12 00:00:00-04:00,2.180030805511143,2.180030805511143,2.1548280715942383,2.1548280715942383,101813,0.0,0.0
1996-07-15 00:00:00-04:00,2.167427779565948,2.167427779565948,2.104421259465101,2.117022752761841,441000,0.0,0.0
1996-07-16 00:00:00-04:00,2.104421259465101,2.117022752761841,2.104421259465101,2.117022752761841,430594,0.0,0.0
1996-07-17 00:00:00-04:00,2.1296238404659293,2.1296238404659293,2.104421259465101,2.117022752761841,285750,0.0,0.0
1996-07-18 00:00:00-04:00,2.11702407041492,2.11702407041492,2.1044225692749023,2.1044225692749023,294750,0.0,0.0
1996-07-19 00:00:00-04:00,2.117022752761841,2.117022752761841,2.104421259465101,2.117022752761841,744188,0.0,0.0
1996-07-22 00:00:00-04:00,2.1296245330547996,2.1296245330547996,2.09182071685791,2.09182071685791,278156,0.0,0.0
1996-07-23 00:00:00-04:00,2.09182071685791,2.104421943857675,2.079219219462956,2.09182071685791,749813,0.0,0.0
1996-07-24 00:00:00-04:00,2.0918210792748733,2.0918210792748733,2.0792195796966553,2.0792195796966553,163125,0.0,0.0
1996-07-25 00:00:00-04:00,2.1044223084578553,2.1044223084578553,2.0792195796966553,2.0792195796966553,184219,0.0,0.0
1996-07-26 00:00:00-04:00,2.09182071685791,2.09182071685791,2.079219219462956,2.09182071685791,94781,0.0,0.0
1996-07-29 00:00:00-04:00,2.0918210792748733,2.0918210792748733,2.0792195796966553,2.0792195796966553,143156,0.0,0.0
1996-07-30 00:00:00-04:00,2.09182071685791,2.09182071685791,2.079219219462956,2.09182071685791,464625,0.0,0.0
1996-07-31 00:00:00-04:00,2.0918200365634614,2.117022752761841,2.0918200365634614,2.117022752761841,313031,0.0,0.0
1996-08-01 00:00:00-04:00,2.129624483656017,2.142225980758667,2.117023392146142,2.142225980758667,227813,0.0,0.0
1996-08-02 00:00:00-04:00,2.1422253337626698,2.154826556664309,2.104421259465101,2.117022752761841,334688,0.0,0.0
1996-08-05 00:00:00-04:00,2.1422253337626698,2.1422253337626698,2.104421259465101,2.117022752761841,973688,0.0,0.0
1996-08-06 00:00:00-04:00,2.1422268398334317,2.167429303355045,2.1422268398334317,2.1548280715942383,273938,0.0,0.0
1996-08-07 00:00:00-04:00,2.167429303355045,2.1926320372719497,2.1296253376773335,2.1548280715942383,340875,0.0,0.0
1996-08-08 00:00:00-04:00,2.15482832429995,2.192632294411091,2.1422270910613443,2.1800310611724854,155531,0.0,0.0
1996-08-09 00:00:00-04:00,2.167429208755493,2.1926319415724,2.167429208755493,2.167429208755493,431156,0.0,0.0
1996-08-12 00:00:00-04:00,2.1800298230598187,2.2304351329803467,2.1800298230598187,2.2304351329803467,114469,0.0,0.0
1996-08-13 00:00:00-04:00,2.230435397016075,2.2556381225585938,2.2178340342448157,2.2556381225585938,189563,0.0,0.0
1996-08-14 00:00:00-04:00,2.2430366245897337,2.2556381225585938,2.230435397016075,2.2556381225585938,102375,0.0,0.0
1996-08-15 00:00:00-04:00,2.255637472163553,2.2808399200439453,2.243035977828233,2.2808399200439453,178594,0.0,0.0
1996-08-16 00:00:00-04:00,2.293442487716675,2.3060437175542816,2.2808409874838182,2.293442487716675,110813,0.0,0.0
1996-08-19 00:00:00-04:00,2.2682394981384277,2.2808407265343362,2.2430367709513916,2.2682394981384277,105188,0.0,0.0
1996-08-20 00:00:00-04:00,2.26824024474806,2.318645715713501,2.26824024474806,2.318645715713501,124313,0.0,0.0
1996-08-21 00:00:00-04:00,2.331245356594978,2.331245356594978,2.2808399200439453,2.2808399200439453,232031,0.0,0.0
1996-08-22 00:00:00-04:00,2.293442225325464,2.293442225325464,2.2682394981384277,2.2682394981384277,167625,0.0,0.0
1996-08-23 00:00:00-04:00,2.2682393501322524,2.293442075674771,2.2556381225585938,2.2556381225585938,174656,0.0,0.0
1996-08-26 00:00:00-04:00,2.2682393501322524,2.2682393501322524,2.2178340342448157,2.2556381225585938,312750,0.0,0.0
1996-08-27 00:00:00-04:00,2.2556382697425192,2.2682394981384277,2.2430367709513916,2.2682394981384277,32344,0.0,0.0
1996-08-28 00:00:00-04:00,2.2682397576462114,2.3060437175542816,2.2682397576462114,2.293442487716675,47813,0.0,0.0
1996-08-29 00:00:00-04:00,2.293442225325464,2.293442225325464,2.2430367709513916,2.2682394981384277,113625,0.0,0.0
1996-08-30 00:00:00-04:00,2.2556375263611264,2.2556375263611264,2.2052322237965365,2.2430360317230225,143719,0.0,0.0
1996-09-03 00:00:00-04:00,2.2304348788255552,2.2304348788255552,2.167428079607447,2.2178335189819336,301500,0.0,0.0
1996-09-04 00:00:00-04:00,2.2036489011547644,2.279636859893799,2.2036489011547644,2.279636859893799,133313,0.03911,0.0
1996-09-05 00:00:00-04:00,2.2923011779785156,2.2923011779785156,2.2669720873849712,2.2923011779785156,165094,0.0,0.0
1996-09-06 00:00:00-04:00,2.2796373293950314,2.304966699483719,2.266972780227661,2.266972780227661,401344,0.0,0.0
1996-09-09 00:00:00-04:00,2.2796373293950314,2.2796373293950314,2.254307959306344,2.266972780227661,325969,0.0,0.0
1996-09-10 00:00:00-04:00,2.241643910150672,2.2669732858892235,2.228979222281396,2.2543084621429443,325125,0.0,0.0
1996-09-11 00:00:00-04:00,2.2543084621429443,2.2669732858892235,2.228979222281396,2.2543084621429443,374906,0.0,0.0
1996-09-12 00:00:00-04:00,2.2796377944889663,2.317631721496582,2.2796377944889663,2.317631721496582,128250,0.0,0.0
1996-09-13 00:00:00-04:00,2.317630985213983,2.4442775495079956,2.317630985213983,2.431612730026245,514969,0.0,0.0
1996-09-16 00:00:00-04:00,2.418948677512763,2.4316132278333225,2.393619305117673,2.4062838554382324,413719,0.0,0.0
1996-09-17 00:00:00-04:00,2.418948677512763,2.437945910624559,2.4062838554382324,2.4062838554382324,352688,0.0,0.0
1996-09-18 00:00:00-04:00,2.4062831301826546,2.418947948439999,2.380954037175744,2.393618583679199,261563,0.0,0.0
1996-09-19 00:00:00-04:00,2.418947922045128,2.444277286529541,2.406283103925978,2.444277286529541,309656,0.0,0.0
1996-09-20 00:00:00-04:00,2.444278222730318,2.5076015223183252,2.444278222730318,2.482272148132324,430313,0.0,0.0
1996-09-23 00:00:00-04:00,2.4696075916290283,2.4696075916290283,2.4569427686861474,2.4696075916290283,295875,0.0,0.0
1996-09-24 00:00:00-04:00,2.469607596916319,2.49493697110232,2.469607596916319,2.482272148132324,417938,0.0,0.0
1996-09-25 00:00:00-04:00,2.4822721202265816,2.494936943054199,2.4822721202265816,2.494936943054199,161156,0.0,0.0
1996-09-26 00:00:00-04:00,2.49493697110232,2.5076015223183252,2.482272148132324,2.482272148132324,415688,0.0,0.0
1996-09-27 00:00:00-04:00,2.5076014941278295,2.5202660452014594,2.494936943054199,2.494936943054199,109688,0.0,0.0
1996-09-30 00:00:00-04:00,2.5076019763946533,2.520266529903955,2.5076019763946533,2.5076019763946533,226125,0.0,0.0
1996-10-01 00:00:00-04:00,2.520265089515309,2.5455944538116455,2.507600543244083,2.5455944538116455,100969,0.0,0.0
1996-10-02 00:00:00-04:00,2.5582602135481776,2.5835893154144287,2.5455953908610676,2.5835893154144287,223594,0.0,0.0
1996-10-03 00:00:00-04:00,2.5835893154144287,2.6215832399677903,2.5835893154144287,2.5835893154144287,238781,0.0,0.0
1996-10-04 00:00:00-04:00,2.6089177234228518,2.6469116339139185,2.59625290542324,2.621582269668579,381656,0.0,0.0
1996-10-07 00:00:00-04:00,2.621582269668579,2.627914678668385,2.6089177234228518,2.621582269668579,568688,0.0,0.0
1996-10-08 00:00:00-04:00,2.6215827641030627,2.6215827641030627,2.596253395080566,2.5962533950805664,424125,0.0,0.0
1996-10-09 00:00:00-04:00,2.596253395080566,2.596253395080566,2.5835888464462853,2.5962533950805664,239063,0.0,0.0
1996-10-10 00:00:00-04:00,2.5835888226055093,2.5835888226055093,2.532930356781916,2.5582597255706787,78750,0.0,0.0
1996-10-11 00:00:00-04:00,2.558259020699594,2.558259020699594,2.5202648421079297,2.5329296588897705,306000,0.0,0.0
1996-10-14 00:00:00-04:00,2.5202648421079297,2.539261795526833,2.507600297079947,2.5329296588897705,689625,0.0,0.0
1996-10-15 00:00:00-04:00,2.5202648421079297,2.5329296588897705,2.5202648421079297,2.5329296588897705,607781,0.0,0.0
1996-10-16 00:00:00-04:00,2.5329299075404195,2.5455944538116455,2.520265089515309,2.5455944538116455,360563,0.0,0.0
1996-10-17 00:00:00-04:00,2.5455944538116455,2.5582592718367563,2.5329299075404195,2.5455944538116455,518625,0.0,0.0
1996-10-18 00:00:00-04:00,2.5455944538116455,2.5455944538116455,2.520265089515309,2.5455944538116455,400500,0.0,0.0
1996-10-21 00:00:00-04:00,2.5582597255706787,2.5582597255706787,2.545594905299331,2.5582597255706787,155813,0.0,0.0
1996-10-22 00:00:00-04:00,2.5582592718367563,2.5582592718367563,2.520265089515309,2.5455944538116455,524531,0.0,0.0
1996-10-23 00:00:00-04:00,2.5455942039177533,2.5455942039177533,2.5329296588897705,2.5329296588897705,181406,0.0,0.0
1996-10-24 00:00:00-04:00,2.5455942039177533,2.5455942039177533,2.5329296588897705,2.5329296588897705,145969,0.0,0.0
1996-10-25 00:00:00-04:00,2.545594438677847,2.608917713165283,2.532929892481913,2.608917713165283,121500,0.0,0.0
1996-10-28 00:00:00-05:00,2.596253894386339,2.6089187172102255,2.5709245204925533,2.5709245204925537,201938,0.0,0.0
1996-10-29 00:00:00-05:00,2.583590006073151,2.6342484951019287,2.5582608974357908,2.6342484951019287,364219,0.0,0.0
1996-10-30 00:00:00-05:00,2.6215820175933664,2.6215820175933664,2.5202648421079297,2.5329296588897705,416813,0.0,0.0
1996-10-31 00:00:00-05:00,2.5202660452014594,2.5202660452014594,2.4822721202265816,2.494936943054199,1119938,0.0,0.0
1996-11-01 00:00:00-05:00,2.532930380155227,2.6215827641030627,2.520265559767011,2.5962533950805664,185344,0.0,0.0
1996-11-04 00:00:00-05:00,2.583588349019532,2.6342468055571513,2.5709235310697154,2.608917713165283,205875,0.0,0.0
1996-11-05 00:00:00-05:00,2.59625290542324,2.634246815914307,2.59625290542324,2.621582269668579,209250,0.0,0.0
1996-11-06 00:00:00-05:00,2.6089193864645686,2.6595778754933463,2.6089193864645686,2.6342484951019287,192938,0.0,0.0
1996-11-07 00:00:00-05:00,2.659575680063593,2.6849050395461,2.659575680063593,2.6722404956817627,166781,0.0,0.0
1996-11-08 00:00:00-05:00,2.6722426724619,2.6722426724619,2.6469132923463525,2.6595778465270996,224156,0.0,0.0
1996-11-11 00:00:00-05:00,2.6722426724619,2.6722426724619,2.634248466411552,2.6595778465270996,187875,0.0,0.0
1996-11-12 00:00:00-05:00,2.6342463205810858,2.6722404956817627,2.6342463205810858,2.6722404956817627,119813,0.0,0.0
1996-11-13 00:00:00-05:00,2.6722424066128823,2.6849069595336914,2.646913029017237,2.6849069595336914,215156,0.0,0.0
1996-11-14 00:00:00-05:00,2.6722409478326457,2.7482287673836923,2.6722409478326457,2.7228996753692627,222469,0.0,0.0
1996-11-15 00:00:00-05:00,2.7228996753692627,2.7355642213764777,2.7102348576081687,2.7228996753692627,165094,0.0,0.0
1996-11-18 00:00:00-05:00,2.722899240314303,2.798886775970459,2.710234424576748,2.798886775970459,315563,0.0,0.0
1996-11-19 00:00:00-05:00,2.798888200407723,2.8115530225907825,2.7735588277955783,2.7862236499786377,424969,0.0,0.0
1996-11-20 00:00:00-05:00,2.7482304600019685,2.77355956761644,2.7355659061947324,2.760895013809204,194625,0.0,0.0
1996-11-21 00:00:00-05:00,2.7735586166381836,2.798887987321945,2.7608940671732793,2.7735586166381836,336094,0.0,0.0
1996-11-22 00:00:00-05:00,2.7735581211997262,2.7735581211997262,2.71023511343259,2.7482290267944336,761625,0.0,0.0
1996-11-25 00:00:00-05:00,2.748229517708375,2.7735586166381836,2.722900418778566,2.7735586166381836,202219,0.0,0.0
1996-11-26 00:00:00-05:00,2.77355762831006,2.7862224450159427,2.7355639934539795,2.7355639934539795,327938,0.0,0.0
1996-11-27 00:00:00-05:00,2.76089357399708,2.76089357399708,2.735564479591787,2.7482290267944336,280125,0.0,0.0
1996-11-29 00:00:00-05:00,2.76089357399708,2.7735581211997262,2.7482290267944336,2.7482290267944336,58500,0.0,0.0
1996-12-02 00:00:00-05:00,2.760893083358033,2.760893083358033,2.722899448501953,2.7355639934539795,342000,0.0,0.0
1996-12-03 00:00:00-05:00,2.77355762831006,2.7988869899679694,2.722899448501953,2.7355639934539795,216844,0.0,0.0
1996-12-04 00:00:00-05:00,2.7340394060367093,2.7467557643206755,2.7022478281626476,2.721322774887085,81563,0.03911,0.0
1996-12-05 00:00:00-05:00,2.721322774887085,2.7594721226046417,2.695889785453494,2.721322774887085,140906,0.0,0.0
1996-12-06 00:00:00-05:00,2.6958909034729004,2.708607539896272,2.645024903510958,2.6958909034729004,224719,0.0,0.0
1996-12-09 00:00:00-05:00,2.708607539896272,2.7467569034348434,2.6958909034729004,2.6958909034729004,134719,0.0,0.0
1996-12-10 00:00:00-05:00,2.6577393317591227,2.7213216424514823,2.645022705901324,2.7086052894592285,442125,0.0,0.0
1996-12-11 00:00:00-05:00,2.70860472264281,2.7213210729739754,2.6831717491149907,2.6831717491149902,67781,0.0,0.0
1996-12-12 00:00:00-05:00,2.683172959886607,2.6958893159559802,2.6450233459472656,2.6450233459472656,70875,0.0,0.0
1996-12-13 00:00:00-05:00,2.632307529449463,2.657740519667086,2.594158180555862,2.632307529449463,423844,0.0,0.0
1996-12-16 00:00:00-05:00,2.619590997695923,2.6323073555317253,2.619590997695923,2.619590997695923,279281,0.0,0.0
1996-12-17 00:00:00-05:00,2.6577389240264893,2.6704552750678854,2.6195895980367987,2.6577389240264893,590344,0.0,0.0
1996-12-18 00:00:00-05:00,2.65773997488225,2.670456330951623,2.6450233459472656,2.6450233459472656,252281,0.0,0.0
1996-12-19 00:00:00-05:00,2.6450223001195905,2.6958882500161803,2.6450223001195905,2.6577389240264893,399938,0.0,0.0
1996-12-20 00:00:00-05:00,2.6831721597083114,2.7467544668248194,2.6831721597083114,2.7340381145477295,341156,0.0,0.0
1996-12-23 00:00:00-05:00,2.721322774887085,2.721322774887085,2.695889785453494,2.721322774887085,123469,0.0,0.0
1996-12-24 00:00:00-05:00,2.7340382683092814,2.7340382683092814,2.6958886636014294,2.7086052894592285,39094,0.0,0.0
1996-12-26 00:00:00-05:00,2.708607539896272,2.708607539896272,2.670457903491929,2.6958909034729004,90844,0.0,0.0
1996-12-27 00:00:00-05:00,2.695888511985401,2.7467544668248194,2.695888511985401,2.7340381145477295,222750,0.0,0.0
1996-12-30 00:00:00-05:00,2.70860472264281,2.7213210729739754,2.670455125918337,2.6831717491149902,147375,0.0,0.0
1996-12-31 00:00:00-05:00,2.6577404377359373,2.7467557643206755,2.6577404377359373,2.721322774887085,396281,0.0,0.0
1997-01-02 00:00:00-05:00,2.714965585242186,2.714965585242186,2.6831745399153006,2.6958909034729004,252844,0.0,0.0
1997-01-03 00:00:00-05:00,2.695889785453494,2.721322774887085,2.6704567960199035,2.721322774887085,457031,0.0,0.0
1997-01-06 00:00:00-05:00,2.7086051371280204,2.7340381145477295,2.695888511985401,2.7340381145477295,196875,0.0,0.0
1997-01-07 00:00:00-05:00,2.7340382683092814,2.7340382683092814,2.7086052894592285,2.7086052894592285,484594,0.0,0.0
1997-01-08 00:00:00-05:00,2.7213216424514823,2.7340382683092814,2.6831723106091756,2.7086052894592285,164531,0.0,0.0
1997-01-09 00:00:00-05:00,2.7213209585867553,2.7467539310455322,2.7213209585867553,2.7467539310455322,365906,0.0,0.0
1997-01-10 00:00:00-05:00,2.7213216424514823,2.7467546213015352,2.6958886636014294,2.7086052894592285,132188,0.0,0.0
1997-01-13 00:00:00-05:00,2.708607539896272,2.721323903453872,2.6831745399153006,2.6958909034729004,293063,0.0,0.0
1997-01-14 00:00:00-05:00,2.7213209585867553,2.7467539310455322,2.708604608790105,2.7467539310455322,772031,0.0,0.0
1997-01-15 00:00:00-05:00,2.7340375812488817,2.7467539310455322,2.708604608790105,2.7467539310455322,433125,0.0,0.0
1997-01-16 00:00:00-05:00,2.7467546213015352,2.7467546213015352,2.7086052894592285,2.7086052894592285,194063,0.0,0.0
1997-01-17 00:00:00-05:00,2.721322774887085,2.721322774887085,2.695889785453494,2.721322774887085,119531,0.0,0.0
1997-01-20 00:00:00-05:00,2.7340381145477295,2.7467544668248194,2.72132148940511,2.7340381145477295,266063,0.0,0.0
1997-01-21 00:00:00-05:00,2.7340394060367093,2.7340394060367093,2.721322774887085,2.721322774887085,431719,0.0,0.0
1997-01-22 00:00:00-05:00,2.7213223136404787,2.7594716548919678,2.7213223136404787,2.7594716548919678,267469,0.0,0.0
1997-01-23 00:00:00-05:00,2.7594702808421827,2.7594702808421827,2.7340375812488817,2.7467539310455322,241031,0.0,0.0
1997-01-24 00:00:00-05:00,2.721323903453872,2.7467569034348434,2.6831745399153006,2.6958909034729004,142594,0.0,0.0
1997-01-27 00:00:00-05:00,2.683171898974784,2.6958882500161803,2.6577389240264893,2.6577389240264893,45844,0.0,0.0
1997-01-28 00:00:00-05:00,2.670455125918337,2.7213210729739754,2.670455125918337,2.6831717491149902,184500,0.0,0.0
1997-01-29 00:00:00-05:00,2.7086052894592285,2.7213216424514823,2.6831723106091756,2.7086052894592285,196875,0.0,0.0
1997-01-30 00:00:00-05:00,2.7086052894592285,2.759470974293789,2.6958886636014294,2.7086052894592285,364219,0.0,0.0
1997-01-31 00:00:00-05:00,2.72132148940511,2.7340381145477295,2.6704555345656917,2.7340381145477295,403875,0.0,0.0
1997-02-03 00:00:00-05:00,2.721323903453872,2.721323903453872,2.6831745399153006,2.6958909034729004,227250,0.0,0.0
1997-02-04 00:00:00-05:00,2.708607539896272,2.708607539896272,2.6831745399153006,2.6958909034729004,248625,0.0,0.0
1997-02-05 00:00:00-05:00,2.695888511985401,2.7721871713789987,2.6831721597083114,2.7340381145477295,800156,0.0,0.0
1997-02-06 00:00:00-05:00,2.7467552987633423,2.7594716548919678,2.7213223136404787,2.7594716548919678,294469,0.0,0.0
1997-02-07 00:00:00-05:00,2.759470819101909,2.7721871713789987,2.7340381145477295,2.7340381145477295,173250,0.0,0.0
1997-02-10 00:00:00-05:00,2.708604608790105,2.7594702808421827,2.708604608790105,2.7467539310455322,338344,0.0,0.0
1997-02-11 00:00:00-05:00,2.7340389426347165,2.7594716548919678,2.6704563433947515,2.7594716548919678,396000,0.0,0.0
1997-02-12 00:00:00-05:00,2.7467552987633423,2.772188011020593,2.695889328517615,2.7594716548919678,477844,0.0,0.0
1997-02-13 00:00:00-05:00,2.772186756134033,2.772186756134033,2.74675405538941,2.772186756134033,422719,0.0,0.0
1997-02-14 00:00:00-05:00,2.7721866306388327,2.7849029804354832,2.7467539310455322,2.7467539310455322,612563,0.0,0.0
1997-02-18 00:00:00-05:00,2.7721884808886075,2.7721884808886075,2.721322774887085,2.721322774887085,520313,0.0,0.0
1997-02-19 00:00:00-05:00,2.7467539310455322,2.7594702808421827,2.7213209585867553,2.7467539310455322,284625,0.0,0.0
1997-02-20 00:00:00-05:00,2.7340394060367093,2.7467557643206755,2.7086064166031187,2.721322774887085,397406,0.0,0.0
1997-02-21 00:00:00-05:00,2.7340389426347165,2.7594716548919678,2.7340389426347165,2.7594716548919678,181125,0.0,0.0
1997-02-24 00:00:00-05:00,2.7467552987633423,2.7594716548919678,2.7467552987633423,2.7594716548919678,168750,0.0,0.0
1997-02-25 00:00:00-05:00,2.772188011020593,2.772188011020593,2.7467552987633423,2.7594716548919678,223313,0.0,0.0
1997-02-26 00:00:00-05:00,2.7849049568176265,2.7976215885044504,2.7594722391753193,2.784904956817627,580781,0.0,0.0
1997-02-27 00:00:00-05:00,2.759470405761722,2.7976197297441456,2.759470405761722,2.772186756134033,229781,0.0,0.0
1997-02-28 00:00:00-05:00,2.7594716548919678,2.784904367149219,2.7594716548919678,2.7594716548919678,209813,0.0,0.0
1997-03-03 00:00:00-05:00,2.7721866306388327,2.7721866306388327,2.7340375812488817,2.7467539310455322,212063,0.0,0.0
1997-03-04 00:00:00-05:00,2.759470405761722,2.772186756134033,2.74675405538941,2.772186756134033,236813,0.0,0.0
1997-03-05 00:00:00-05:00,2.77065429838964,2.77065429838964,2.745118521129403,2.7578864097595215,325406,0.03911,0.0
1997-03-06 00:00:00-05:00,2.7706548736103622,2.7706548736103622,2.694046977982167,2.719583034515381,286875,0.0,0.0
1997-03-07 00:00:00-05:00,2.732350358527895,2.7578864097595215,2.732350358527895,2.7578864097595215,119531,0.0,0.0
1997-03-10 00:00:00-05:00,2.77065487744575,2.77065487744575,2.7195830382800703,2.745119094848633,243563,0.0,0.0
1997-03-11 00:00:00-05:00,2.7578890476875886,2.7578890476875886,2.7068168963736903,2.7323529720306396,440156,0.0,0.0
1997-03-12 00:00:00-05:00,2.757887737243216,2.783423526794869,2.7323516737200424,2.770655632019043,198281,0.0,0.0
1997-03-13 00:00:00-05:00,2.783422768744308,2.783422768744308,2.7323509295786286,2.745119094848633,362813,0.0,0.0
1997-03-14 00:00:00-05:00,2.7578890476875886,2.770656948530238,2.7323529720306396,2.7323529720306396,158906,0.0,0.0
1997-03-17 00:00:00-05:00,2.7451211468449395,2.7451211468449395,2.7068168963736903,2.7323529720306396,428344,0.0,0.0
1997-03-18 00:00:00-05:00,2.745121162385483,2.757889063300413,2.681280835895875,2.7068169116973877,304875,0.0,0.0
1997-03-19 00:00:00-05:00,2.7195845050585103,2.7195845050585103,2.6046723255090614,2.6174402236938477,401063,0.0,0.0
1997-03-20 00:00:00-05:00,2.6046713418317284,2.6174392351946056,2.5663673877716064,2.5663673877716064,595688,0.0,0.0
1997-03-21 00:00:00-05:00,2.579134941101074,2.604670721747622,2.579134941101074,2.579134941101074,561656,0.0,0.0
1997-03-24 00:00:00-05:00,2.5919041633605957,2.617440233800362,2.579136539098105,2.5919041633605957,1549125,0.0,0.0
1997-03-25 00:00:00-05:00,2.604672908782959,2.630208984842511,2.604672908782959,2.604672908782959,640406,0.0,0.0
1997-03-26 00:00:00-05:00,2.604671948794023,2.6302080154418945,2.604671948794023,2.6302080154418945,347344,0.0,0.0
1997-03-27 00:00:00-05:00,2.630208984842511,2.630208984842511,2.5919047337673553,2.604672908782959,567844,0.0,0.0
1997-03-31 00:00:00-05:00,2.6046723255090614,2.6302083958502274,2.5919041533526817,2.6174402236938477,497531,0.0,0.0
1997-04-01 00:00:00-05:00,2.604672908782959,2.6174408098269075,2.579137106695062,2.604672908782959,264656,0.0,0.0
1997-04-02 00:00:00-05:00,2.5919038756518593,2.6046720464402364,2.5152962207794194,2.515296220779419,348188,0.0,0.0
1997-04-03 00:00:00-05:00,2.5280640063789384,2.5663679691158316,2.5152961101238245,2.5536000728607178,732094,0.0,0.0
1997-04-04 00:00:00-05:00,2.5408328556199056,2.630208984842511,2.5408328556199056,2.604672908782959,434250,0.0,0.0
1997-04-07 00:00:00-04:00,2.617439845132182,2.6302080154418945,2.617439845132182,2.6302080154418945,712406,0.0,0.0
1997-04-08 00:00:00-04:00,2.630208148623853,2.6429760456085205,2.617439977667617,2.6429760456085205,390938,0.0,0.0
1997-04-09 00:00:00-04:00,2.6685124869365264,2.681280385707721,2.6429764154225315,2.6557443141937256,45000,0.0,0.0
1997-04-10 00:00:00-04:00,2.6557427486329117,2.681278805093397,2.6429748573883916,2.668510913848877,124313,0.0,0.0
1997-04-11 00:00:00-04:00,2.668512113549424,2.6812800105340915,2.6429760456085205,2.6429760456085205,347344,0.0,0.0
1997-04-14 00:00:00-04:00,2.6429748573883916,2.668510913848877,2.630206966143871,2.668510913848877,366469,0.0,0.0
1997-04-15 00:00:00-04:00,2.681280835895875,2.71958508658397,2.655744760094362,2.7068169116973877,277594,0.0,0.0
1997-04-16 00:00:00-04:00,2.7195830345153804,2.7451190910485943,2.6812788127298375,2.719583034515381,242438,0.0,0.0
1997-04-17 00:00:00-04:00,2.7068146258964876,2.7195827900008465,2.69404673576355,2.69404673576355,411188,0.0,0.0
1997-04-18 00:00:00-04:00,2.7068168963736903,2.7323529720306396,2.694048995531041,2.7323529720306396,72000,0.0,0.0
1997-04-21 00:00:00-04:00,2.71958508658397,2.7323529874989,2.7068169116973877,2.7068169116973877,285188,0.0,0.0
1997-04-22 00:00:00-04:00,2.7195824698977766,2.7578864097595215,2.706814307296269,2.7578864097595215,157500,0.0,0.0
1997-04-23 00:00:00-04:00,2.757887769162911,2.796191453933716,2.7451198742393093,2.796191453933716,548156,0.0,0.0
1997-04-24 00:00:00-04:00,2.7961922651751845,2.821728336402529,2.7898084528470504,2.808960437774658,467719,0.0,0.0
1997-04-25 00:00:00-04:00,2.796191453933716,2.8089596228288416,2.783423559010114,2.796191453933716,383063,0.0,0.0
1997-04-28 00:00:00-04:00,2.783424496300476,2.821728467941284,2.783424496300476,2.821728467941284,228375,0.0,0.0
1997-04-29 00:00:00-04:00,2.8600320816040035,2.8727999780058866,2.847263911230565,2.860032081604004,529313,0.0,0.0
1997-04-30 00:00:00-04:00,2.8600318741485973,2.8983358345473835,2.8600318741485973,2.8855676651000977,499219,0.0,0.0
1997-05-01 00:00:00-04:00,2.8983349857875766,2.9494071006774902,2.8855668200793705,2.9494071006774902,185625,0.0,0.0
1997-05-02 00:00:00-04:00,2.9494071006774902,2.962174992414241,2.911102877524327,2.9494071006774902,358875,0.0,0.0
1997-05-05 00:00:00-04:00,2.9366385994793127,2.962174654006958,2.911102544951668,2.962174654006958,497250,0.0,0.0
1997-05-06 00:00:00-04:00,2.9366402626037598,2.974944229102422,2.923872365094732,2.9366402626037598,428625,0.0,0.0
1997-05-07 00:00:00-04:00,2.936638934969284,2.9494071006774902,2.911102877524327,2.9494071006774902,149063,0.0,0.0
1997-05-08 00:00:00-04:00,2.9494073382648125,2.9494073382648125,2.911103112026081,2.9238712787628174,260719,0.0,0.0
1997-05-09 00:00:00-04:00,2.9111047874732714,2.9366408616722106,2.898336887359619,2.898336887359619,187875,0.0,0.0
1997-05-12 00:00:00-04:00,2.8983352192608223,2.936639171528076,2.8983352192608223,2.9238712787628174,397688,0.0,0.0
1997-05-13 00:00:00-04:00,2.9366402626037598,2.9494084340843667,2.923872365094732,2.9366402626037598,172125,0.0,0.0
1997-05-14 00:00:00-04:00,2.9366402626037598,2.9494084340843667,2.911104193614125,2.9366402626037598,259313,0.0,0.0
1997-05-15 00:00:00-04:00,2.936638934969284,2.9494071006774902,2.923871043232533,2.9494071006774902,172125,0.0,0.0
1997-05-16 00:00:00-04:00,2.9494071006774902,2.9494071006774902,2.936638934969284,2.9494071006774902,158906,0.0,0.0
1997-05-19 00:00:00-04:00,2.9366402626037598,2.9366402626037598,2.923872365094732,2.9366402626037598,54281,0.0,0.0
1997-05-20 00:00:00-04:00,2.936638934969284,2.9494071006774902,2.923871043232533,2.9494071006774902,125719,0.0,0.0
1997-05-21 00:00:00-04:00,2.936639171528076,2.9494073382648125,2.911103112026081,2.9238712787628174,278438,0.0,0.0
1997-05-22 00:00:00-04:00,2.9494073382648125,2.9494073382648125,2.8983352192608223,2.9238712787628174,209250,0.0,0.0
1997-05-23 00:00:00-04:00,2.9366385994793127,2.962174654006958,2.9366385994793127,2.962174654006958,160875,0.0,0.0
1997-05-27 00:00:00-04:00,2.9494073382648125,2.9494073382648125,2.9238712787628174,2.9238712787628174,238219,0.0,0.0
1997-05-28 00:00:00-04:00,2.923870709201202,2.962174654006958,2.923870709201202,2.962174654006958,408656,0.0,0.0
1997-05-29 00:00:00-04:00,2.974944003176608,3.0132479667663574,2.9621761066372114,3.0132479667663574,374906,0.0,0.0
1997-05-30 00:00:00-04:00,3.01324855141002,3.0770885944366455,2.9877124794050474,3.0770885944366455,645469,0.0,0.0
1997-06-02 00:00:00-04:00,3.0770882233282646,3.0898563947766675,3.051552154403038,3.0643203258514404,466875,0.0,0.0
1997-06-03 00:00:00-04:00,3.064319506516626,3.102623462677002,3.064319506516626,3.102623462677002,414563,0.0,0.0
1997-06-04 00:00:00-04:00,3.0903119972597706,3.103135039872241,3.0133745670318604,3.0133745670318604,316688,0.04622,0.0
1997-06-05 00:00:00-04:00,3.0133765282805705,3.064668181815557,3.000553752471398,3.0261995792388916,353813,0.0,0.0
1997-06-06 00:00:00-04:00,3.0390223550480635,3.064668181815557,3.0133765282805705,3.0261995792388916,262688,0.0,0.0
1997-06-09 00:00:00-04:00,3.039021471136965,3.115958929061889,3.0261986990573457,3.1159589290618896,317813,0.0,0.0
1997-06-10 00:00:00-04:00,3.1159581968347903,3.1159581968347903,3.0518438012049627,3.0774896144866943,1424250,0.0,0.0
1997-06-11 00:00:00-04:00,3.090312383553058,3.090312383553058,3.064666570271326,3.0774896144866943,531844,0.0,0.0
1997-06-12 00:00:00-04:00,3.0518436619155858,3.1031352861380452,3.0518436619155858,3.0903122425079346,675844,0.0,0.0
1997-06-13 00:00:00-04:00,3.0774905112545627,3.1031363320093797,3.064667463302612,3.0646674633026123,449156,0.0,0.0
1997-06-16 00:00:00-04:00,3.0903132840574288,3.0903132840574288,3.051844690499746,3.0646674633026123,301219,0.0,0.0
1997-06-17 00:00:00-04:00,3.064666570271326,3.077489614486695,3.0518438012049627,3.0774896144866943,293344,0.0,0.0
1997-06-18 00:00:00-04:00,3.077489614486695,3.090312383553058,3.064666570271326,3.0774896144866943,575156,0.0,0.0
1997-06-19 00:00:00-04:00,3.064666570271326,3.077489614486695,3.0518438012049627,3.0774896144866943,233156,0.0,0.0
1997-06-20 00:00:00-04:00,3.077491134017543,3.1416055613042775,3.064668083470712,3.1287825107574463,313594,0.0,0.0
1997-06-23 00:00:00-04:00,3.154428878686175,3.180074433887896,3.103137493133545,3.103137493133545,373500,0.0,0.0
1997-06-24 00:00:00-04:00,3.1159594098898253,3.192896604537964,3.1031366358315067,3.192896604537964,469406,0.0,0.0
1997-06-25 00:00:00-04:00,3.2057186310296664,3.2057186310296664,3.180072813744465,3.1864843368530273,509625,0.0,0.0
1997-06-26 00:00:00-04:00,3.1864834548505643,3.1864834548505643,3.154426398479079,3.1672494411468506,227250,0.0,0.0
1997-06-27 00:00:00-04:00,3.1544275204498167,3.1608390440641614,3.109547405447545,3.1159589290618896,257625,0.0,0.0
1997-06-30 00:00:00-04:00,3.1287797530017634,3.1287797530017634,3.103134224810754,3.1095454692840576,329344,0.0,0.0
1997-07-01 00:00:00-04:00,3.10313615698227,3.1416047483701974,3.0903131097535814,3.1159589290618896,441844,0.0,0.0
1997-07-02 00:00:00-04:00,3.1416047483701974,3.1416047483701974,3.115958929061889,3.1159589290618896,415406,0.0,0.0
1997-07-03 00:00:00-04:00,3.141603778671822,3.224952459335327,3.141603778671822,3.224952459335327,331875,0.0,0.0
1997-07-07 00:00:00-04:00,3.2377740314804537,3.282654116051966,3.231362512213414,3.2570083141326904,304313,0.0,0.0
1997-07-08 00:00:00-04:00,3.2313645277847525,3.2826561636165845,3.2185417564013217,3.276244640350342,354656,0.0,0.0
1997-07-09 00:00:00-04:00,3.282656240279815,3.2954790119627093,3.2057187847352675,3.212130308151245,354656,0.0,0.0
1997-07-10 00:00:00-04:00,3.2185420402980327,3.257010632990564,3.199307743951767,3.2505993843078613,117000,0.0,0.0
1997-07-11 00:00:00-04:00,3.257011774630586,3.2634233007097206,3.2377774715423584,3.2377774715423584,146813,0.0,0.0
1997-07-14 00:00:00-04:00,3.2313634893559695,3.2826551087047617,3.2185407220932545,3.263420820236206,144000,0.0,0.0
1997-07-15 00:00:00-04:00,3.269832066293081,3.289066354761636,3.263420820236206,3.263420820236206,163125,0.0,0.0
1997-07-16 00:00:00-04:00,3.2762446403503422,3.2762446403503422,3.2570103457006687,3.276244640350342,154688,0.0,0.0
1997-07-17 00:00:00-04:00,3.2762446967757732,3.2762446967757732,3.244187355041504,3.244187355041504,124875,0.0,0.0
1997-07-18 00:00:00-04:00,3.2570109336613604,3.2698337073595787,3.2121308129939417,3.2185423374176025,70031,0.0,0.0
1997-07-21 00:00:00-04:00,3.218541109828578,3.218541109828578,3.141603946685791,3.141603946685791,410906,0.0,0.0
1997-07-22 00:00:00-04:00,3.154427650761818,3.205719016348253,3.148016126882608,3.173661947250366,227531,0.0,0.0
1997-07-23 00:00:00-04:00,3.1864844896363955,3.2249533549832,3.1736617179535016,3.212130308151245,239344,0.0,0.0
1997-07-24 00:00:00-04:00,3.2121303081512447,3.2185418315672223,3.167250469686585,3.212130308151245,154125,0.0,0.0
1997-07-25 00:00:00-04:00,3.2249537164533186,3.237776489573458,3.205719144049472,3.2313649654388428,189000,0.0,0.0
1997-07-28 00:00:00-04:00,3.3339483214732106,3.3852394150380194,3.3339483214732106,3.3595938682556152,1342688,0.0,0.0
1997-07-29 00:00:00-04:00,3.4108838747731207,3.48782130984131,3.4108838747731207,3.481409788131714,645469,0.0,0.0
1997-07-30 00:00:00-04:00,3.4878218896702173,3.5455247692023666,3.4878218896702173,3.5391135215759277,922219,0.0,0.0
1997-07-31 00:00:00-04:00,3.539114605277605,3.596817502478786,3.539114605277605,3.5904057025909424,692719,0.0,0.0
1997-08-01 00:00:00-04:00,3.603226255192978,3.7955693877274683,3.5968150100460776,3.7891578674316406,3094031,0.0,0.0
1997-08-04 00:00:00-04:00,3.782748263412265,3.782748263412265,3.66734249051831,3.7186341285705566,1507500,0.0,0.0
1997-08-05 00:00:00-04:00,3.7442781707119925,3.7442781707119925,3.692986557000695,3.6993978023529053,829406,0.0,0.0
1997-08-06 00:00:00-04:00,3.699399136903706,3.699399136903706,3.6801651187595055,3.6865763664245605,566156,0.0,0.0
1997-08-07 00:00:00-04:00,3.686577110002211,3.7058114071749784,3.6801658610440158,3.692988634109497,656438,0.0,0.0
1997-08-08 00:00:00-04:00,3.6673430161777967,3.6673430161777967,3.603228596997166,3.609640121459961,435375,0.0,0.0
1997-08-11 00:00:00-04:00,3.616051086638137,3.6737539768218994,3.5968170650593,3.6737539768218994,636750,0.0,0.0
1997-08-12 00:00:00-04:00,3.692986557000695,3.7314551297097003,3.6865750364995487,3.6993978023529053,621281,0.0,0.0
1997-08-13 00:00:00-04:00,3.6929879731951294,3.705810743965788,3.622462321232946,3.660930633544922,315281,0.0,0.0
1997-08-14 00:00:00-04:00,3.6545220127953413,3.705813407897949,3.64169895765776,3.705813407897949,231469,0.0,0.0
1997-08-15 00:00:00-04:00,3.7186327660241196,3.73145553326425,3.6801641891547616,3.725044012069702,302344,0.0,0.0
1997-08-18 00:00:00-04:00,3.72504585116081,3.7699259713824644,3.6737542065791757,3.680166006088257,556875,0.0,0.0
1997-08-19 00:00:00-04:00,3.7058114071749784,3.7186344553895503,3.686577110002211,3.692988634109497,347063,0.0,0.0
1997-08-20 00:00:00-04:00,3.6929878892386507,3.699399136903706,3.6801651187595055,3.6865763664245605,574313,0.0,0.0
1997-08-21 00:00:00-04:00,3.699399136903706,3.7378679986392114,3.67375332079638,3.6865763664245605,526781,0.0,0.0
1997-08-22 00:00:00-04:00,3.6929887231280976,3.6929887231280976,3.5968172349460708,3.6673429012298584,333000,0.0,0.0
1997-08-25 00:00:00-04:00,3.680166006088257,3.737868899880769,3.6673429573682976,3.680166006088257,217125,0.0,0.0
1997-08-26 00:00:00-04:00,3.6673429573682976,3.7186346019499315,3.6673429573682976,3.680166006088257,449719,0.0,0.0
1997-08-27 00:00:00-04:00,3.7058122426814344,3.718635293787071,3.692989466724951,3.712223768234253,486281,0.0,0.0
1997-08-28 00:00:00-04:00,3.712223077589952,3.712223077589952,3.6673429573682976,3.680166006088257,621000,0.0,0.0
1997-08-29 00:00:00-04:00,3.67375332079638,3.6929878892386507,3.67375332079638,3.6865763664245605,382781,0.0,0.0
1997-09-02 00:00:00-04:00,3.6801678479212647,3.7314592430238727,3.6801678479212647,3.705813407897949,453094,0.0,0.0
1997-09-03 00:00:00-04:00,3.7063234874538864,3.8414500098631637,3.7063234874538864,3.835015058517456,346500,0.04622,0.0
1997-09-04 00:00:00-04:00,3.8478871731673556,3.8478871731673556,3.7706718436881577,3.777106523513794,215719,0.0,0.0
1997-09-05 00:00:00-04:00,3.7899757160537018,3.8221485614776607,3.744933511545918,3.822148561477661,576281,0.0,0.0
1997-09-08 00:00:00-04:00,3.8092802873417404,3.8800606727600098,3.8092802873417404,3.8800606727600098,194063,0.0,0.0
1997-09-09 00:00:00-04:00,3.880056811284587,3.892925884150594,3.867187738418579,3.867187738418579,325125,0.0,0.0
1997-09-10 00:00:00-04:00,3.925100552946627,3.9379696300626805,3.886492769313116,3.8929271697998047,381938,0.0,0.0
1997-09-11 00:00:00-04:00,3.867187738418579,3.892925884150594,3.854318665552572,3.867187738418579,507375,0.0,0.0
1997-09-12 00:00:00-04:00,3.8800583813322764,3.937969923019409,3.854320225185436,3.937969923019409,262125,0.0,0.0
1997-09-15 00:00:00-04:00,3.95083842007366,3.989445924758911,3.95083842007366,3.989445924758911,172688,0.0,0.0
1997-09-16 00:00:00-04:00,4.002318471051347,4.079533823512173,4.002318471051347,4.060229778289795,338063,0.0,0.0
1997-09-17 00:00:00-04:00,4.034487819705904,4.111702823604642,4.034487819705904,4.073095321655273,484594,0.0,0.0
1997-09-18 00:00:00-04:00,4.060228751330763,4.079532791670545,4.0151868189664155,4.047359943389893,239063,0.0,0.0
1997-09-19 00:00:00-04:00,4.131008061224641,4.131008061224641,4.047358357108392,4.079531192779541,510469,0.0,0.0
1997-09-22 00:00:00-04:00,4.1052701466981345,4.111704548961281,4.0537932717364535,4.098835468292236,394594,0.0,0.0
1997-09-23 00:00:00-04:00,4.073096515188224,4.098834949410774,4.053792758556991,4.079531192779541,253688,0.0,0.0
1997-09-24 00:00:00-04:00,4.105269541574492,4.111703942889196,4.040923595428467,4.040923595428467,316969,0.0,0.0
1997-09-25 00:00:00-04:00,4.040924904474665,4.0473595840165775,3.8221485614776607,3.822148561477661,1182094,0.0,0.0
1997-09-26 00:00:00-04:00,3.86075456027719,4.01518487523677,3.86075456027719,4.002315521240234,751219,0.0,0.0
1997-09-29 00:00:00-04:00,3.9894483109028203,4.008752074791293,3.950840783125876,3.976578950881958,256781,0.0,0.0
1997-09-30 00:00:00-04:00,3.9637084862739353,4.0666619498636125,3.9637084862739353,4.015185356140137,648281,0.0,0.0
1997-10-01 00:00:00-04:00,4.040922495411678,4.085964396924184,4.040922495411678,4.073095321655273,309938,0.0,0.0
1997-10-02 00:00:00-04:00,4.073095321655273,4.079529997361047,4.047357171117452,4.073095321655273,359719,0.0,0.0
1997-10-03 00:00:00-04:00,4.0730953691311225,4.1181375473112745,4.0730953691311225,4.0923991203308105,548156,0.0,0.0
1997-10-06 00:00:00-04:00,4.10526704788208,4.124570516243258,4.085963027235815,4.10526704788208,696938,0.0,0.0
1997-10-07 00:00:00-04:00,4.111704548961281,4.137442986442122,4.098835468292236,4.098835468292236,415688,0.0,0.0
1997-10-08 00:00:00-04:00,4.118137499310415,4.118137499310415,4.040922495411678,4.073095321655273,447188,0.0,0.0
1997-10-09 00:00:00-04:00,4.085964444550035,4.0923991203308105,4.040922542512522,4.0923991203308105,327656,0.0,0.0
1997-10-10 00:00:00-04:00,4.0666606459495,4.111702823604642,4.060225970243726,4.073095321655273,402750,0.0,0.0
1997-10-13 00:00:00-04:00,4.060229778289795,4.079533823512173,4.047360967094,4.060229778289795,147656,0.0,0.0
1997-10-14 00:00:00-04:00,4.03448911330428,4.0473584688421935,4.002316000602224,4.015185356140137,250875,0.0,0.0
1997-10-15 00:00:00-04:00,4.015184943745324,4.021619620853382,3.937969923019409,3.937969923019409,313594,0.0,0.0
1997-10-16 00:00:00-04:00,3.957273761207411,4.008750350723546,3.957273761207411,3.9637081623077393,850781,0.0,0.0
1997-10-17 00:00:00-04:00,3.9508370290561263,3.9508370290561263,3.8864911185215085,3.912229537963867,424688,0.0,0.0
1997-10-20 00:00:00-04:00,3.8929281251200103,3.9186665618109764,3.8607552863633607,3.9057974815368652,664031,0.0,0.0
1997-10-21 00:00:00-04:00,3.918667960666149,3.92510291731442,3.867191345051245,3.899364471435547,574313,0.0,0.0
1997-10-22 00:00:00-04:00,3.9057988757981335,3.9057988757981335,3.8864951104246894,3.899364471435547,131344,0.0,0.0
1997-10-23 00:00:00-04:00,3.899363117031536,3.9122321974296077,3.725629012872464,3.8028440475463867,761625,0.0,0.0
1997-10-24 00:00:00-04:00,3.828582233999321,3.841451589698158,3.667717496905683,3.680586576461792,552938,0.0,0.0
1997-10-27 00:00:00-05:00,3.641977636852718,3.693454487224069,3.5776317119598384,3.577631711959839,376031,0.0,0.0
1997-10-28 00:00:00-05:00,3.551895494393908,3.6033718204722134,3.448941737666218,3.5905027389526367,694125,0.0,0.0
1997-10-29 00:00:00-05:00,3.609805569406241,3.725628092814308,3.609805569406241,3.706324338912964,364781,0.0,0.0
1997-10-30 00:00:00-05:00,3.68058742048709,3.719194944151549,3.6033720970153813,3.603372097015381,551250,0.0,0.0
1997-10-31 00:00:00-05:00,3.641979061650737,3.712759413423428,3.641979061650737,3.680586576461792,543938,0.0,0.0
1997-11-03 00:00:00-05:00,3.7063263130908357,3.7706720096073223,3.7063263130908357,3.757803201675415,422156,0.0,0.0
1997-11-04 00:00:00-05:00,3.757803201675415,3.757803201675415,3.719195397165568,3.757803201675415,412594,0.0,0.0
1997-11-05 00:00:00-05:00,3.77067318338416,3.77067318338416,3.7063274668374273,3.7256312370300293,455344,0.0,0.0
1997-11-06 00:00:00-05:00,3.725627901849775,3.7384969784101485,3.6998894725863645,3.732062578201294,273094,0.0,0.0
1997-11-07 00:00:00-05:00,3.7063250508265404,3.712759452601128,3.6612828576907734,3.687021017074585,320625,0.0,0.0
1997-11-10 00:00:00-05:00,3.7063250508265404,3.732063486353083,3.6870210170745854,3.687021017074585,223875,0.0,0.0
1997-11-11 00:00:00-05:00,3.706325053058523,3.712759454836985,3.6805866175164805,3.699890375137329,425250,0.0,0.0
1997-11-12 00:00:00-05:00,3.6998899676333568,3.706324644845838,3.622674945654383,3.6355443000793457,329344,0.0,0.0
1997-11-13 00:00:00-05:00,3.6291089535801833,3.6805858134181073,3.6162398766920374,3.6548473834991455,477844,0.0,0.0
1997-11-14 00:00:00-05:00,3.680586615299998,3.732063486353083,3.674151937382679,3.687021017074585,473063,0.0,0.0
1997-11-17 00:00:00-05:00,3.7320656829894236,3.7320656829894236,3.712761637875405,3.719196319580078,166500,0.0,0.0
1997-11-18 00:00:00-05:00,3.7449347702558757,3.7449347702558757,3.7063272323136256,3.719196319580078,227531,0.0,0.0
1997-11-19 00:00:00-05:00,3.7063274668374273,3.732065919141867,3.6612852443403856,3.7256312370300293,255938,0.0,0.0
1997-11-20 00:00:00-05:00,3.7256289336790083,3.7706708521862033,3.7256289336790083,3.7642364501953125,146813,0.0,0.0
1997-11-21 00:00:00-05:00,3.757803201675415,3.7835413698248797,3.7513685215666364,3.757803201675415,99563,0.0,0.0
1997-11-24 00:00:00-05:00,3.7706714182620877,3.783540776461375,3.6677182095244807,3.6934566497802734,441563,0.0,0.0
1997-11-25 00:00:00-05:00,3.712759454836985,3.725628810679372,3.6870210192949426,3.699890375137329,268875,0.0,0.0
1997-11-26 00:00:00-05:00,3.7063244253609047,3.777104765935854,3.7063244253609047,3.738497257232666,171281,0.0,0.0
1997-11-28 00:00:00-05:00,3.744932849075479,3.7513675274791107,3.7127597332000732,3.7127597332000732,109688,0.0,0.0
1997-12-01 00:00:00-05:00,3.75136706368393,3.854320524699764,3.738497708467752,3.847885847091675,407531,0.0,0.0
1997-12-02 00:00:00-05:00,3.8350164932916515,3.860754927590794,3.8350164932916515,3.854320526123047,351563,0.0,0.0
1997-12-03 00:00:00-05:00,3.8612907245441597,3.9258608341333785,3.8483765363634865,3.874204635620117,171281,0.04622,0.0
1997-12-04 00:00:00-05:00,3.8612942696844135,3.9000363155869366,3.8612942696844135,3.887122392654419,156375,0.0,0.0
1997-12-05 00:00:00-05:00,3.8871204854562764,3.8871204854562764,3.835464264861157,3.8483781814575195,247781,0.0,0.0
1997-12-08 00:00:00-05:00,3.8612954500398615,3.874209376920024,3.8483812460546436,3.8677525520324707,108563,0.0,0.0
1997-12-09 00:00:00-05:00,3.8483793297758404,3.912949763339335,3.81609439009901,3.8225514888763428,331594,0.0,0.0
1997-12-10 00:00:00-05:00,3.9258608341333785,3.9323176511189994,3.835462625287529,3.874204635620117,368438,0.0,0.0
1997-12-11 00:00:00-05:00,3.867750626107839,3.912949763339335,3.8225514888763428,3.8225514888763428,485156,0.0,0.0
1997-12-12 00:00:00-05:00,3.8354654093260914,3.874207447780255,3.8225514888763428,3.8225514888763428,97594,0.0,0.0
1997-12-15 00:00:00-05:00,3.8096365193526593,3.8225507142904456,3.770894765853882,3.770894765853882,358031,0.0,0.0
1997-12-16 00:00:00-05:00,3.7967231273651123,3.8160941453498136,3.738610073411009,3.7967231273651123,254813,0.0,0.0
1997-12-17 00:00:00-05:00,3.81609439009901,3.8225514888763428,3.7838091733172625,3.8225514888763428,419906,0.0,0.0
1997-12-18 00:00:00-05:00,3.8225514888763428,3.8225514888763428,3.7838091733172625,3.8225514888763428,286875,0.0,0.0
1997-12-19 00:00:00-05:00,3.809636096464531,3.816093193216655,3.77735116691357,3.7902650833129883,304875,0.0,0.0
1997-12-22 00:00:00-05:00,3.809636342928372,3.8483783717378666,3.7838082313537598,3.7838082313537598,460125,0.0,0.0
1997-12-23 00:00:00-05:00,3.809637046986613,3.841922261697715,3.75798109139571,3.7967231273651123,371813,0.0,0.0
1997-12-24 00:00:00-05:00,3.77735116691357,3.8031792768172368,3.770894347266276,3.7902650833129883,145969,0.0,0.0
1997-12-26 00:00:00-05:00,3.7838080059915327,3.816093212813115,3.7838080059915327,3.809636116027832,32344,0.0,0.0
1997-12-29 00:00:00-05:00,3.8225510895949135,3.9323200947142394,3.8225510895949135,3.9194061756134033,331313,0.0,0.0
1997-12-30 00:00:00-05:00,3.9258630275726314,3.9516911412598215,3.912949109281472,3.925863027572632,311063,0.0,0.0
1997-12-31 00:00:00-05:00,3.9323202752382036,3.9323202752382036,3.8225512650796296,3.8419222831726074,795656,0.0,0.0
1998-01-02 00:00:00-05:00,3.8677525520324703,3.874209376920024,3.790268159436329,3.8677525520324707,297844,0.0,0.0
1998-01-05 00:00:00-05:00,3.8677501274582133,3.8677501274582133,3.783808685489786,3.803179979324341,294469,0.0,0.0
1998-01-06 00:00:00-05:00,3.8031796989886266,3.8031796989886266,3.738609555614276,3.770894765853882,598781,0.0,0.0
1998-01-07 00:00:00-05:00,3.7579817616393756,3.7579817616393756,3.6804976758811274,3.6869544982910156,403594,0.0,0.0
1998-01-08 00:00:00-05:00,3.6675820711768834,3.7967223493483213,3.6675820711768834,3.7450664043426514,779063,0.0,0.0
1998-01-09 00:00:00-05:00,3.7708952881221105,3.8742071993039167,3.7708952881221105,3.7967231273651123,774844,0.0,0.0
1998-01-12 00:00:00-05:00,3.7967243796196817,3.9129508029671665,3.7579823308721836,3.9064934253692627,903656,0.0,0.0
1998-01-13 00:00:00-05:00,3.900035181455133,3.951691412373491,3.900035181455133,3.9323201179504395,1027688,0.0,0.0
1998-01-14 00:00:00-05:00,3.932321549722969,4.055005073547363,3.9258647263358886,4.055005073547363,711000,0.0,0.0
1998-01-15 00:00:00-05:00,4.0356326265003934,4.0356326265003934,3.9710624756574786,3.9904332160949707,456469,0.0,0.0
1998-01-16 00:00:00-05:00,4.003347886566464,4.106660084727438,4.003347886566464,4.022718906402588,613969,0.0,0.0
1998-01-20 00:00:00-05:00,4.048547754142029,4.080832700646689,4.009805707494446,4.06791877746582,443813,0.0,0.0
1998-01-21 00:00:00-05:00,4.0485479933161335,4.061462194364903,4.016262767799199,4.042090892791748,451688,0.0,0.0
1998-01-22 00:00:00-05:00,4.022716988007524,4.042087998605799,3.983974966810971,4.03563117980957,291375,0.0,0.0
1998-01-23 00:00:00-05:00,4.042090606203996,4.055004806337139,3.958149413758459,3.9710636138916016,392063,0.0,0.0
1998-01-26 00:00:00-05:00,4.02271819861328,4.067917329313182,4.009804280029683,4.016261100769043,638438,0.0,0.0
1998-01-27 00:00:00-05:00,4.022719848192,4.067918997426514,4.016262747699929,4.055005073547363,454219,0.0,0.0
1998-01-28 00:00:00-05:00,4.0808308420568835,4.145401259867947,4.074373744854807,4.126029968261719,678094,0.0,0.0
1998-01-29 00:00:00-05:00,4.087288148405288,4.145401471987932,4.080831050872803,4.080831050872803,608906,0.0,0.0
1998-01-30 00:00:00-05:00,4.0937459271152274,4.0937459271152274,4.029175772360833,4.04854679107666,618469,0.0,0.0
1998-02-02 00:00:00-05:00,4.074373496620629,4.119572897176507,4.067916676916789,4.100201606750488,649406,0.0,0.0
1998-02-03 00:00:00-05:00,4.07437397319231,4.1324872970581055,4.07437397319231,4.1324872970581055,784406,0.0,0.0
1998-02-04 00:00:00-05:00,4.106660851072167,4.184144944875988,4.106660851072167,4.177688121795654,419063,0.0,0.0
1998-02-05 00:00:00-05:00,4.18414256930721,4.197056485240911,4.132486628467586,4.164771556854248,1591594,0.0,0.0
1998-02-06 00:00:00-05:00,4.1389457967247765,4.268086137767931,4.1389457967247765,4.229344367980957,819844,0.0,0.0
1998-02-09 00:00:00-05:00,4.2422566911141,4.300369739532471,4.2422566911141,4.300369739532471,749813,0.0,0.0
1998-02-10 00:00:00-05:00,4.326198842840646,4.339112764185463,4.287456801701258,4.306827545166016,602438,0.0,0.0
1998-02-11 00:00:00-05:00,4.31328436028445,4.31328436028445,4.2035153433214045,4.222886085510254,401625,0.0,0.0
1998-02-12 00:00:00-05:00,4.197058190558354,4.293913569281539,4.197058190558354,4.2616286277771,306000,0.0,0.0
1998-02-13 00:00:00-05:00,4.2616286819066875,4.306827545166016,4.248714483456935,4.306827545166016,455344,0.0,0.0
1998-02-17 00:00:00-05:00,4.326198554404013,4.326198554404013,4.242257378496893,4.255171298980713,351281,0.0,0.0
1998-02-18 00:00:00-05:00,4.235800508310588,4.3003706684244,4.229343686272659,4.2616286277771,390375,0.0,0.0
1998-02-19 00:00:00-05:00,4.274541625644904,4.319740755671927,4.23579959336599,4.300369739532471,414000,0.0,0.0
1998-02-20 00:00:00-05:00,4.319741955176902,4.332655877154184,4.300370933658504,4.326199054718018,314719,0.0,0.0
1998-02-23 00:00:00-05:00,4.326198842840646,4.332655664960586,4.293913623821199,4.306827545166016,270281,0.0,0.0
1998-02-24 00:00:00-05:00,4.293912410736084,4.3326544409303525,4.261627477942478,4.293912410736084,315000,0.0,0.0
1998-02-25 00:00:00-05:00,4.306825447040532,4.403680779809615,4.306825447040532,4.384309768676758,653625,0.0,0.0
1998-02-26 00:00:00-05:00,4.358484773400307,4.403683924017199,4.35202794981575,4.364941596984863,167906,0.0,0.0
1998-02-27 00:00:00-05:00,4.35202794981575,4.390769722638087,4.339113748436639,4.364941596984863,401906,0.0,0.0
1998-03-02 00:00:00-05:00,4.377852705485336,4.435966016425271,4.377852705485336,4.390766620635986,291094,0.0,0.0
1998-03-03 00:00:00-05:00,4.3843126277747855,4.545737918185518,4.3843126277747855,4.43596887588501,539719,0.0,0.0
1998-03-04 00:00:00-05:00,4.449438214943664,4.475344485353801,4.449438214943664,4.468867778778076,266063,0.04622,0.0
1998-03-05 00:00:00-05:00,4.442961560100022,4.494774660657714,4.442961560100022,4.4559149742126465,403313,0.0,0.0
1998-03-06 00:00:00-05:00,4.455914340601096,4.507727433791192,4.455914340601096,4.475344181060791,363375,0.0,0.0
1998-03-09 00:00:00-05:00,4.455913687725862,4.507726773324366,4.423530717686537,4.50124979019165,186188,0.0,0.0
1998-03-10 00:00:00-05:00,4.520683288574219,4.546589850759329,4.514206578541309,4.520683288574219,262969,0.0,0.0
1998-03-11 00:00:00-05:00,4.520681209159479,4.572494031750401,4.507728072998349,4.514204502105713,262125,0.0,0.0
1998-03-12 00:00:00-05:00,4.520682199357676,4.53363561630249,4.475345795943753,4.53363561630249,279563,0.0,0.0
1998-03-13 00:00:00-05:00,4.591924485098431,4.617830759294791,4.527157965768268,4.55954122543335,402469,0.0,0.0
1998-03-16 00:00:00-05:00,4.585446825299257,4.676119327545166,4.585446825299257,4.676119327545166,1042875,0.0,0.0
1998-03-17 00:00:00-05:00,4.663168767336857,4.689075050484693,4.637262206242504,4.6502156257629395,636750,0.0,0.0
1998-03-18 00:00:00-05:00,4.6502156257629395,4.6825988966175105,4.630785774428803,4.6502156257629395,237375,0.0,0.0
1998-03-19 00:00:00-05:00,4.650214795217283,4.656691503820737,4.572495125815244,4.585448265075684,666844,0.0,0.0
1998-03-20 00:00:00-05:00,4.5660186951582595,4.598401682282591,4.553065277951352,4.585448265075684,383906,0.0,0.0
1998-03-23 00:00:00-05:00,4.585448771001676,4.604878898955819,4.572495630312079,4.578972339630127,461531,0.0,0.0
1998-03-24 00:00:00-05:00,4.591924308280644,4.630783996025264,4.572494186461923,4.611353874206543,761625,0.0,0.0
1998-03-25 00:00:00-05:00,4.6048765350282,4.643736215094753,4.5660168549616476,4.6307830810546875,531000,0.0,0.0
1998-03-26 00:00:00-05:00,4.6048739884607475,4.650210349448793,4.598397286049254,4.624303817749023,338625,0.0,0.0
1998-03-27 00:00:00-05:00,4.62430522503909,4.62430522503909,4.582207202445325,4.598398685455322,631688,0.0,0.0
1998-03-30 00:00:00-05:00,4.598398662102348,4.611351792855306,4.546585861144231,4.5724921226501465,662344,0.0,0.0
1998-03-31 00:00:00-05:00,4.572494186461923,4.611353874206543,4.55954104986252,4.611353874206543,1061719,0.0,0.0
1998-04-01 00:00:00-05:00,4.5919252516256055,4.604878390886045,4.553065277951352,4.585448265075684,292219,0.0,0.0
1998-04-02 00:00:00-05:00,4.585446825299257,4.689072740684853,4.57249369010595,4.676119327545166,1143281,0.0,0.0
1998-04-03 00:00:00-05:00,4.682596337704195,4.689072488032334,4.637259672104459,4.669642925262451,447750,0.0,0.0
1998-04-06 00:00:00-04:00,4.676120814857995,4.702027649377442,4.6178315489751185,4.663167953491211,413719,0.0,0.0
1998-04-07 00:00:00-04:00,4.66316647029824,4.682596590007772,4.624306786771939,4.676119327545166,1078594,0.0,0.0
1998-04-08 00:00:00-04:00,4.727933928003949,4.760316915260319,4.663167953491211,4.663167953491211,459844,0.0,0.0
1998-04-09 00:00:00-04:00,4.689071995707755,4.734408378601074,4.6761185846260425,4.734408378601074,470813,0.0,0.0
1998-04-13 00:00:00-04:00,4.7538384952236425,4.760314644871825,4.708502112330323,4.734408378601074,525094,0.0,0.0
1998-04-14 00:00:00-04:00,4.708502617997034,4.81860495633794,4.708502617997034,4.786221981048584,279281,0.0,0.0
1998-04-15 00:00:00-04:00,4.786221511234187,4.805651628036186,4.708502155811551,4.753838539123535,303469,0.0,0.0
1998-04-16 00:00:00-04:00,4.740884820936534,4.792697906494141,4.734408115755253,4.792697906494141,289406,0.0,0.0
1998-04-17 00:00:00-04:00,4.857465994889485,4.870418853605878,4.818605751061827,4.8639421463012695,381938,0.0,0.0
1998-04-20 00:00:00-04:00,4.870417251912072,4.909276927067445,4.805651311950665,4.825080871582031,304875,0.0,0.0
1998-04-21 00:00:00-04:00,4.82508078391763,4.90927683787333,4.82508078391763,4.889847278594971,258188,0.0,0.0
1998-04-22 00:00:00-04:00,4.876897614866025,4.954617023468018,4.876897614866025,4.954617023468018,498656,0.0,0.0
1998-04-23 00:00:00-04:00,4.954617023468018,5.012906857866041,4.9416641592963915,4.954617023468018,442688,0.0,0.0
1998-04-24 00:00:00-04:00,4.941661782383815,4.941661782383815,4.792699190969314,4.838035583496094,432844,0.0,0.0
1998-04-27 00:00:00-04:00,4.773268680204755,4.779745386592638,4.624306656854405,4.689072608947754,307406,0.0,0.0
1998-04-28 00:00:00-04:00,4.7020284700051285,4.714981889525564,4.6178323549083675,4.6502156257629395,741094,0.0,0.0
1998-04-29 00:00:00-04:00,4.663167639604003,4.663167639604003,4.598401391504342,4.64373779296875,612563,0.0,0.0
1998-04-30 00:00:00-04:00,4.64373889025252,4.734411436660188,4.64373889025252,4.708505153656006,886781,0.0,0.0
1998-05-01 00:00:00-04:00,4.695549044617734,4.760314992977056,4.695549044617734,4.74736213684082,405844,0.0,0.0
1998-05-04 00:00:00-04:00,4.76031565743545,4.766792920246755,4.714979820791449,4.721456527709961,456188,0.0,0.0
1998-05-05 00:00:00-04:00,4.721457775267027,4.721457775267027,4.604878409661865,4.663167953491211,503250,0.0,1.5
1998-05-06 00:00:00-04:00,4.672883053619655,4.672883053619655,4.585448593005991,4.614593505859375,494063,0.0,0.0
1998-05-07 00:00:00-04:00,4.57573127746582,4.614590954487456,4.54658665867276,4.57573127746582,226875,0.0,0.0
1998-05-08 00:00:00-04:00,4.585447653225742,4.595162992781044,4.507728550086931,4.556303024291992,453375,0.0,0.0
1998-05-11 00:00:00-04:00,4.566017589889441,4.566017589889441,4.439723192425773,4.488297939300537,558375,0.0,0.0
1998-05-12 00:00:00-04:00,4.449439802239061,4.527158919141408,4.430009675580374,4.517444133758545,307125,0.0,0.0
1998-05-13 00:00:00-04:00,4.507730960845947,4.556305461028915,4.4883008272368645,4.507730960845947,204188,0.0,0.0
1998-05-14 00:00:00-04:00,4.507728060407564,4.527157625621789,4.488297939300537,4.488297939300537,254625,0.0,0.0
1998-05-15 00:00:00-04:00,4.488298424021578,4.488298424021578,4.420294104588353,4.430008888244629,546188,0.0,0.0
1998-05-18 00:00:00-04:00,4.391147459642341,4.410577297210693,4.323142889179949,4.410577297210693,468375,0.0,0.0
1998-05-19 00:00:00-04:00,4.410577297210693,4.507726762998773,4.381432401885005,4.410577297210693,435000,0.0,0.0
1998-05-20 00:00:00-04:00,4.449438686101713,4.527157783508301,4.449438686101713,4.527157783508301,367875,0.0,0.0
1998-05-21 00:00:00-04:00,4.507728550086931,4.556303024291992,4.507728550086931,4.556303024291992,505688,0.0,0.0
1998-05-22 00:00:00-04:00,4.556305102087157,4.556305102087157,4.507730605730847,4.536875247955322,387375,0.0,0.0
1998-05-26 00:00:00-04:00,4.536872363984042,4.585446829462834,4.449438214943664,4.468867778778076,591938,0.0,0.0
1998-05-27 00:00:00-04:00,4.449437406219471,4.4688669665223895,4.313428260528392,4.391147613525391,158625,0.0,0.0
1998-05-28 00:00:00-04:00,4.430006679447262,4.449436792964839,4.400862065063481,4.420291900634766,723938,0.0,0.0
1998-05-29 00:00:00-04:00,4.40086425932937,4.468868578762596,4.362004568811403,4.430008888244629,335250,0.0,0.0
1998-06-01 00:00:00-04:00,4.391148907076508,4.459153499954941,4.293999409265487,4.362004280090332,482625,0.0,0.0
1998-06-02 00:00:00-04:00,4.352287937026891,4.400862671623181,4.332858098777642,4.391147613525391,361500,0.0,0.0
1998-06-03 00:00:00-04:00,4.406747817993164,4.465244693838266,4.37749965900439,4.406747817993164,465938,0.05333,0.0
1998-06-04 00:00:00-04:00,4.406746792268318,4.513990667776963,4.406746792268318,4.445744514465332,997125,0.0,0.0
1998-06-05 00:00:00-04:00,4.435995431014153,4.513990879058838,4.435995431014153,4.513990879058838,455625,0.0,0.0
1998-06-08 00:00:00-04:00,4.484741878946473,4.494491448184928,4.445744159860028,4.455493450164795,350250,0.0,0.0
1998-06-09 00:00:00-04:00,4.465243863497772,4.543239032608732,4.4554940140916,4.513990879058838,339938,0.0,0.0
1998-06-10 00:00:00-04:00,4.55298860308118,4.572487465092351,4.4944920170476665,4.513990879058838,510750,0.0,0.0
1998-06-11 00:00:00-04:00,4.621236684799751,4.621236684799751,4.445746574656102,4.465245723724365,617813,0.0,0.0
1998-06-12 00:00:00-04:00,4.484741564860017,4.484741564860017,4.426244990327127,4.474992275238037,260813,0.0,0.0
1998-06-15 00:00:00-04:00,4.435995530360912,4.465243963499567,4.357999801635742,4.357999801635742,446250,0.0,0.0
1998-06-16 00:00:00-04:00,4.426247704521678,4.49449388945908,4.396999259853123,4.465245723724365,846563,0.0,0.0
1998-06-17 00:00:00-04:00,4.484741588157613,4.543238162994385,4.46524300881236,4.543238162994385,763313,0.0,0.0
1998-06-18 00:00:00-04:00,4.5237398575591214,4.543238438085003,4.3677487029488775,4.387247562408447,223688,0.0,0.0
1998-06-19 00:00:00-04:00,4.250754997973843,4.289752993356159,4.23125641868319,4.270254135131836,516750,0.0,0.0
1998-06-22 00:00:00-04:00,4.280003424777163,4.299502283001486,4.250754997973843,4.270254135131836,345000,0.0,0.0
1998-06-23 00:00:00-04:00,4.289755984067565,4.309254576952153,4.260507536872954,4.280006408691406,789188,0.0,0.0
1998-06-24 00:00:00-04:00,4.289754154384662,4.348250744889823,4.289754154384662,4.309252738952637,313875,0.0,0.0
1998-06-25 00:00:00-04:00,4.309252543171881,4.47499329380708,4.309252543171881,4.3385009765625,532125,0.0,0.0
1998-06-26 00:00:00-04:00,4.357999839178335,4.416496705959575,4.309252543171881,4.3385009765625,441000,0.0,0.0
1998-06-29 00:00:00-04:00,4.357999704035745,4.562738173553628,4.357999704035745,4.513990879058838,558000,0.0,0.0
1998-06-30 00:00:00-04:00,4.474994289608176,4.601736785347699,4.474994289608176,4.58223819732666,626625,0.0,0.0
1998-07-01 00:00:00-04:00,4.601734296608276,4.747976138078773,4.601734296608276,4.640732288360596,597750,0.0,0.0
1998-07-02 00:00:00-04:00,4.640732226210673,4.757725363099894,4.640732226210673,4.67972993850708,302438,0.0,0.0
1998-07-06 00:00:00-04:00,4.718728946308474,4.816223532749815,4.70897965502457,4.757726669311523,258375,0.0,0.0
1998-07-07 00:00:00-04:00,4.757725343716998,4.8747190379968695,4.757725343716998,4.816222190856934,1113000,0.0,0.0
1998-07-08 00:00:00-04:00,4.835722477473423,4.835722477473423,4.738228441598015,4.7479777336120605,474375,0.0,0.0
1998-07-09 00:00:00-04:00,4.786973724522221,4.806472301483154,4.767474589694012,4.806472301483154,468000,0.0,0.0
1998-07-10 00:00:00-04:00,4.786973724522221,4.874718994448246,4.786973724522221,4.806472301483154,335625,0.0,0.0
1998-07-13 00:00:00-04:00,4.7967236899017465,4.7967236899017465,4.689479827880859,4.689479827880859,404625,0.0,0.0
1998-07-14 00:00:00-04:00,4.650483095587942,4.728479104560068,4.650483095587942,4.699230670928955,268125,0.0,0.0
1998-07-15 00:00:00-04:00,4.689479827880859,4.699229675604469,4.640732820732221,4.689479827880859,277875,0.0,0.0
1998-07-16 00:00:00-04:00,4.67972993850708,4.6894792271143615,4.62123337006247,4.67972993850708,324188,0.0,0.0
1998-07-17 00:00:00-04:00,4.679728893817553,4.679728893817553,4.601733207702637,4.601733207702637,192375,0.0,0.0
1998-07-20 00:00:00-04:00,4.640733839412383,4.718729291117804,4.562738387706961,4.650483131408691,847500,0.0,0.0
1998-07-21 00:00:00-04:00,4.660231082358877,4.6894792271143615,4.630982658669751,4.67972993850708,293813,0.0,0.0
1998-07-22 00:00:00-04:00,4.660231082358877,4.6894792271143615,4.660231082358877,4.67972993850708,477938,0.0,0.0
1998-07-23 00:00:00-04:00,4.660231893769163,4.689480043617151,4.455493450164795,4.455493450164795,252938,0.0,0.0
1998-07-24 00:00:00-04:00,4.494491992862842,4.504241284349104,4.338500818679136,4.348250389099121,386250,0.0,0.0
1998-07-27 00:00:00-04:00,4.3677493723265375,4.396997526531462,4.328751647430818,4.357999801635742,111000,0.0,0.0
1998-07-28 00:00:00-04:00,4.377498807277315,4.465243825038701,4.250755786895752,4.250755786895752,290438,0.0,0.0
1998-07-29 00:00:00-04:00,4.27025457680116,4.289753437042236,4.260505007213772,4.289753437042236,211875,0.0,0.0
1998-07-30 00:00:00-04:00,4.270255766007189,4.309253218415883,4.202009596690977,4.241007328033447,811500,0.0,0.0
1998-07-31 00:00:00-04:00,4.133761540453475,4.211756967536161,4.124012251534963,4.172759532928467,526313,0.0,0.0
1998-08-03 00:00:00-04:00,4.133764092035053,4.250757304873587,4.133764092035053,4.211759567260742,687000,0.0,0.0
1998-08-04 00:00:00-04:00,4.2312555071091875,4.250754082199102,4.114262104034424,4.114262104034424,405000,0.0,0.0
1998-08-05 00:00:00-04:00,4.114264731190226,4.192260197088182,3.9777726658688026,4.065517425537109,588375,0.0,0.0
1998-08-06 00:00:00-04:00,4.065516699373498,4.08501584129893,3.938774229394362,3.94852352142334,1055063,0.0,0.0
1998-08-07 00:00:00-04:00,3.977772001047683,4.055767453909944,3.958272858898376,4.026519298553467,768188,0.0,0.0
1998-08-10 00:00:00-04:00,4.026518951989298,4.026518951989298,3.8412793489844668,3.8510289192199707,683438,0.0,0.0
1998-08-11 00:00:00-04:00,3.7437847414790095,3.7437847414790095,3.6950374520728264,3.72428560256958,1180313,0.0,0.0
1998-08-12 00:00:00-04:00,3.7340349906239605,3.8022808526587926,3.7340349906239605,3.7730324268341064,633750,0.0,0.0
1998-08-13 00:00:00-04:00,3.782784911155508,3.782784911155508,3.7340378691145193,3.7535364627838135,993750,0.0,0.0
1998-08-14 00:00:00-04:00,3.773033735927272,3.8120314646017452,3.6462912572021122,3.665789842605591,1376063,0.0,0.0
1998-08-17 00:00:00-04:00,3.695035423476593,3.841276932473997,3.685286138307989,3.802279233932495,592875,0.0,0.0
1998-08-18 00:00:00-04:00,3.841280178528531,3.9290252138621833,3.841280178528531,3.9095263481140137,423750,0.0,0.0
1998-08-19 00:00:00-04:00,3.880277640419283,3.958272813452317,3.880277640419283,3.94852352142334,488438,0.0,0.0
1998-08-20 00:00:00-04:00,3.977772880584059,3.987522174880664,3.8997771315422005,3.919275999069214,440250,0.0,0.0
1998-08-21 00:00:00-04:00,3.880277370192884,3.9875209697117757,3.860778229625392,3.968022108078003,659625,0.0,0.0
1998-08-24 00:00:00-04:00,3.9680220272078484,3.9875208884442253,3.929024304735094,3.9582724571228027,562313,0.0,0.0
1998-08-25 00:00:00-04:00,3.9485222581471597,3.958271547056984,3.8510279743806684,3.8705265522003174,359250,0.0,0.0
1998-08-26 00:00:00-04:00,3.8607774253745033,3.8997751405183103,3.724285143437517,3.7730324268341064,576750,0.0,0.0
1998-08-27 00:00:00-04:00,3.7145380347450514,3.734037182697628,3.587795525590076,3.636542558670044,640875,0.0,0.0
1998-08-28 00:00:00-04:00,3.6365387269208145,3.6365387269208145,3.5097960723782533,3.5682926177978516,481688,0.0,0.0
1998-08-31 00:00:00-04:00,3.5877932470018883,3.5877932470018883,3.4610502604730526,3.529296398162842,387938,0.0,0.0
1998-09-01 00:00:00-04:00,3.480550213743057,3.5487963729355148,3.431802917329339,3.519547939300537,507188,0.0,0.0
1998-09-02 00:00:00-04:00,3.5841813134334335,3.6331456331841436,3.5352169936827234,3.6135599613189697,339938,0.05333,0.0
1998-09-03 00:00:00-04:00,3.6429351740130245,3.6429351740130245,3.5841782093048096,3.5841782093048096,487125,0.0,0.0
1998-09-04 00:00:00-04:00,3.564592885573679,3.6037644791937344,3.515628883855444,3.5450072288513184,426000,0.0,0.0
1998-09-08 00:00:00-04:00,3.6037662013990506,3.6625231996455394,3.5939729480947675,3.6527302265167236,292688,0.0,0.0
1998-09-09 00:00:00-04:00,3.6625220175986057,3.682107397184291,3.535214808888633,3.5548007488250732,267938,0.0,0.0
1998-09-10 00:00:00-04:00,3.554801743096313,3.5645944356281527,3.427494778954203,3.4568734169006348,259313,0.0,0.0
1998-09-11 00:00:00-04:00,3.4470791998761627,3.554800748825073,3.4470791998761627,3.5548007488250732,212438,0.0,0.0
1998-09-14 00:00:00-04:00,3.5352159498482787,3.6625231996455394,3.5352159498482787,3.6527302265167236,313125,0.0,0.0
1998-09-15 00:00:00-04:00,3.6233526571637813,3.66252428106968,3.554802945723448,3.6135599613189697,342563,0.0,0.0
1998-09-16 00:00:00-04:00,3.62335212830204,3.6919021099124203,3.62335212830204,3.6625237464904785,264000,0.0,0.0
1998-09-17 00:00:00-04:00,3.6233504179011033,3.6233504179011033,3.515629429302948,3.5548007488250732,343313,0.0,0.0
1998-09-18 00:00:00-04:00,3.545007778856853,3.5645934386179157,3.5254221190957904,3.5548007488250732,652875,0.0,0.0
1998-09-21 00:00:00-04:00,3.515628931010421,3.593971278775333,3.447078711299696,3.525421619415283,506063,0.0,0.0
1998-09-22 00:00:00-04:00,3.564594589059257,3.682108585552234,3.564594589059257,3.6527302265167236,537188,0.0,0.0
1998-09-23 00:00:00-04:00,3.6331451028930273,3.6625237464904785,3.603766739471085,3.6625237464904785,285000,0.0,0.0
1998-09-24 00:00:00-04:00,3.623350454919522,3.6527290849489553,3.613557765026631,3.633143424987793,467063,0.0,0.0
1998-09-25 00:00:00-04:00,3.613558881026856,3.6723158790566695,3.6037661881096206,3.623351573944092,370875,0.0,0.0
1998-09-28 00:00:00-04:00,3.6429372399540294,3.682108571973905,3.5939729348414513,3.623351573944092,600563,0.0,0.0
1998-09-29 00:00:00-04:00,3.5841785422960397,3.6037644791937344,3.545007228851318,3.5450072288513184,307688,0.0,0.0
1998-09-30 00:00:00-04:00,3.5352144499594527,3.5645930767059326,3.4470788498953615,3.5645930767059326,409125,0.0,0.0
1998-10-01 00:00:00-04:00,3.5058361033346515,3.5254217611068883,3.378529187727435,3.388321876525879,113813,0.0,0.0
1998-10-02 00:00:00-04:00,3.427495289637551,3.437287983628464,3.368738285165581,3.378530979156494,248250,0.0,0.0
1998-10-05 00:00:00-04:00,3.398116054625477,3.427494691825084,3.3491517526846137,3.3687376976013184,229875,0.0,0.0
1998-10-06 00:00:00-04:00,3.3981157234753603,3.4079086949793767,3.251223112143067,3.3295657634735107,327563,0.0,0.0
1998-10-07 00:00:00-04:00,3.3001871767447972,3.3001871767447972,3.045573556247843,3.153294563293457,575625,0.0,0.0
1998-10-08 00:00:00-04:00,3.07495058651097,3.094535959231123,2.8105438521597126,2.8203368186950684,1105500,0.0,0.0
1998-10-09 00:00:00-04:00,2.918265072260922,3.0945359476607424,2.8986794194387198,3.0847432613372803,1103438,0.0,0.0
1998-10-12 00:00:00-04:00,3.084744876625379,3.1728805005640464,3.084744876625379,3.104330539703369,541688,0.0,0.0
1998-10-13 00:00:00-04:00,3.104328716634646,3.133707334086261,3.0161934246303215,3.065157413482666,467625,0.0,0.0
1998-10-14 00:00:00-04:00,3.074952080229705,3.1532944496925093,3.074952080229705,3.1435017585754395,490313,0.0,0.0
1998-10-15 00:00:00-04:00,3.1435012704942675,3.251222537108999,3.1435012704942675,3.241429567337036,453563,0.0,0.0
1998-10-16 00:00:00-04:00,3.2316373389313733,3.329565649749611,3.2316373389313733,3.319772958755493,362438,0.0,0.0
1998-10-19 00:00:00-04:00,3.358943627944812,3.447078950403355,3.3491506586853315,3.4274935722351074,438375,0.0,0.0
1998-10-20 00:00:00-04:00,3.525421736678692,3.7310712819498795,3.525421736678692,3.7114856243133545,812625,0.0,0.0
1998-10-21 00:00:00-04:00,3.6919021099124203,3.6919021099124203,3.5939734847045886,3.6625237464904785,300000,0.0,0.0
1998-10-22 00:00:00-04:00,3.6429367415222065,3.7408650581732026,3.6429367415222065,3.7016940116882324,251438,0.0,0.0
1998-10-23 00:00:00-04:00,3.701692935582765,3.7212785932192904,3.672314309040304,3.7114856243133545,216375,0.0,0.0
1998-10-26 00:00:00-05:00,3.7016950845034073,3.760452091522801,3.6331451028930273,3.6625237464904785,298500,0.0,0.0
1998-10-27 00:00:00-05:00,3.672313926005652,3.672313926005652,3.427493090997048,3.4470784664154053,568875,0.0,0.0
1998-10-28 00:00:00-05:00,2.977022041858528,3.0357790005448253,2.8203368186950684,2.8203368186950684,1953750,0.0,0.0
1998-10-29 00:00:00-05:00,2.977023727136213,3.094537711032864,2.8888880991260053,2.967231035232544,2004938,0.0,0.0
1998-10-30 00:00:00-05:00,2.977024793624878,3.045574782209642,2.9574391226257366,2.977024793624878,1363500,0.0,0.0
1998-11-02 00:00:00-05:00,2.977023505712254,3.172880411148071,2.977023505712254,3.1728804111480713,1852875,0.0,0.0
1998-11-03 00:00:00-05:00,3.1435019380438556,3.1630878817470243,3.094537639136797,3.114123582839966,992063,0.0,0.0
1998-11-04 00:00:00-05:00,3.212052642309515,3.2708096464627903,3.1337099701051474,3.192466974258423,1543500,0.0,0.0
1998-11-05 00:00:00-05:00,3.192466073674111,3.2316373987261913,3.153294468446614,3.1728804111480713,1817063,0.0,0.0
1998-11-06 00:00:00-05:00,3.1532953579807432,3.231638310360607,3.104331327940762,3.192466974258423,1227938,0.0,0.0
1998-11-09 00:00:00-05:00,3.1728796728910686,3.2414293356945514,3.1728796728910686,3.221843957901001,706125,0.0,0.0
1998-11-10 00:00:00-05:00,3.2218443619016717,3.2806013431761647,3.1924657311767315,3.2120513916015625,765000,0.0,0.0
1998-11-11 00:00:00-05:00,3.1924659484139997,3.2512229336867216,3.172880286656426,3.1826729774475098,702563,0.0,0.0
1998-11-12 00:00:00-05:00,3.1630886122695334,3.212052642309515,3.1532953579807432,3.192466974258423,432750,0.0,0.0
1998-11-13 00:00:00-05:00,3.231636646797776,3.261015273838806,3.1630869839942934,3.221843957901001,737250,0.0,0.0
1998-11-16 00:00:00-05:00,3.2316370520263935,3.3001867234256093,3.2120513916015625,3.2120513916015625,657750,0.0,0.0
1998-11-17 00:00:00-05:00,3.251223087310791,3.2806017214230296,3.1728804365787147,3.251223087310791,717938,0.0,0.0
1998-11-18 00:00:00-05:00,3.231635903538725,3.3687357579641573,3.2120502500744186,3.3393571376800537,464813,0.0,0.0
1998-11-19 00:00:00-05:00,3.3785309791564937,3.3785309791564937,3.309981280693611,3.378530979156494,576563,0.0,0.0
1998-11-20 00:00:00-05:00,3.3785304757686365,3.4568734169006348,3.3785304757686365,3.4568734169006348,393188,0.0,0.0
1998-11-23 00:00:00-05:00,3.4274931054501727,3.447078480951119,3.2708075798647354,3.2806005477905273,802125,0.0,0.0
1998-11-24 00:00:00-05:00,3.3099807033775517,3.4177017193667325,3.2903947584608475,3.3687376976013184,1109250,0.0,0.0
1998-11-25 00:00:00-05:00,3.3589448105295006,3.4666661094324747,3.349151837822205,3.4568734169006348,807375,0.0,0.0
1998-11-27 00:00:00-05:00,3.486250057778075,3.486250057778075,3.4177001231125512,3.4470784664154053,426188,0.0,0.0
1998-11-30 00:00:00-05:00,3.427492718357077,3.427492718357077,3.3197714842157477,3.3393571376800537,433125,0.0,0.0
1998-12-01 00:00:00-05:00,3.309979171392584,3.309979171392584,3.2610148921142623,3.2806005477905273,646500,0.0,0.0
1998-12-02 00:00:00-05:00,3.1782669284817118,3.2077862647279565,3.1093877265206364,3.1290676593780518,1450125,0.05333,0.0
1998-12-03 00:00:00-05:00,3.0897089569904006,3.1241481423820825,3.060189333488966,3.0700290203094482,1644750,0.0,0.0
1998-12-04 00:00:00-05:00,3.0995477598145045,3.1389070589110815,3.0798681102662164,3.119227409362793,1538813,0.0,0.0
1998-12-07 00:00:00-05:00,3.0798671200204404,3.1389060496829764,3.060187476799595,3.109386444091797,1101000,0.0,0.0
1998-12-08 00:00:00-05:00,3.1487473934967056,3.247145652770996,3.138907426809303,3.247145652770996,987563,0.0,0.0
1998-12-09 00:00:00-05:00,3.2077853168750017,3.2766642169634452,3.2077853168750017,3.237304925918579,533063,0.0,0.0
1998-12-10 00:00:00-05:00,3.296344369905071,3.3357036670086675,3.256984791281575,3.3061840534210205,821063,0.0,0.0
1998-12-11 00:00:00-05:00,3.306184018983668,3.306184018983668,3.207785777249596,3.266824722290039,848250,0.0,0.0
1998-12-14 00:00:00-05:00,3.2274654466791777,3.266824743629913,3.1881061497284424,3.1979458332061768,781500,0.0,0.0
1998-12-15 00:00:00-05:00,3.207785777249596,3.266824722290039,3.207785777249596,3.266824722290039,1001438,0.0,0.0
1998-12-16 00:00:00-05:00,3.2569849632035814,3.266824928758839,3.207785979987036,3.2274656295776367,576375,0.0,0.0
1998-12-17 00:00:00-05:00,3.2668242534423007,3.2963438624858785,3.227464962397435,3.237304925918579,837188,0.0,0.0
1998-12-18 00:00:00-05:00,3.197946916513406,3.2274665399862044,3.197946916513406,3.2176265716552734,674813,0.0,0.0
1998-12-21 00:00:00-05:00,3.217625353609672,3.325863838195801,3.217625353609672,3.325863838195801,801938,0.0,0.0
1998-12-22 00:00:00-05:00,3.3160235920699432,3.345543204367968,3.2766645782057218,3.325863838195801,1060688,0.0,0.0
1998-12-23 00:00:00-05:00,3.3553838787326886,3.3553838787326886,3.247145652770996,3.247145652770996,589875,0.0,0.0
1998-12-24 00:00:00-05:00,3.2865043706368535,3.316023702397127,3.247145073943225,3.266824722290039,172688,0.0,0.0
1998-12-28 00:00:00-05:00,3.2766643952312315,3.30618372436096,3.2471447845816317,3.296344041824341,218438,0.0,0.0
1998-12-29 00:00:00-05:00,3.296344622364314,3.3160239909034095,3.247145356456813,3.276664972305298,415125,0.0,0.0
1998-12-30 00:00:00-05:00,3.2865043838287984,3.4144222393564987,3.276664700375843,3.375062942504883,854063,0.0,0.0
1998-12-31 00:00:00-05:00,3.4144212674175947,3.5423390865325928,3.4144212674175947,3.5423390865325928,643688,0.0,0.0
1999-01-04 00:00:00-05:00,3.532501157578093,3.5817001482746416,3.4341026131450825,3.552180528640747,930938,0.0,0.0
1999-01-05 00:00:00-05:00,3.5521777008796915,3.5521777008796915,3.46361919399621,3.4931387901306152,1167750,0.0,0.0
1999-01-06 00:00:00-05:00,3.5128200753119274,3.5128200753119274,3.3947421984099617,3.4242618083953857,1185188,0.0,0.0
1999-01-07 00:00:00-05:00,3.4242607531330957,3.4242607531330957,3.375061512159187,3.40458083152771,477938,0.0,0.0
1999-01-08 00:00:00-05:00,3.4045829508358056,3.424262884691691,3.3652236461639404,3.3652236461639404,655500,0.0,0.0
1999-01-11 00:00:00-05:00,3.375062942504883,3.404582274383646,3.36522297753203,3.375062942504883,1053750,0.0,0.0
1999-01-12 00:00:00-05:00,3.3750636130918834,3.3849035800198264,3.3357043084200186,3.3652236461639404,795938,0.0,0.0
1999-01-13 00:00:00-05:00,3.3553831689739386,3.3652228520600223,3.3061839089838596,3.325863838195801,1126875,0.0,0.0
1999-01-14 00:00:00-05:00,3.3357031535307446,3.3357031535307446,3.227464962397435,3.237304925918579,793313,0.0,0.0
1999-01-15 00:00:00-05:00,3.237305595132894,3.237305595132894,3.197946014431778,3.2274656295776367,650063,0.0,0.0
1999-01-19 00:00:00-05:00,3.227465253682839,3.237305218092061,3.1585863473779323,3.2077856063842773,511688,0.0,0.0
1999-01-20 00:00:00-05:00,3.2077836819907524,3.22746331748323,3.158584452499701,3.168424129486084,314250,0.0,0.0
1999-01-21 00:00:00-05:00,3.16842729611424,3.16842729611424,3.0700290203094482,3.0700290203094482,555000,0.0,0.0
1999-01-22 00:00:00-05:00,3.0897088026348793,3.1093881752927026,2.9913102502258835,3.0109899044036865,1383188,0.0,0.0
1999-01-25 00:00:00-05:00,3.0503475666046143,3.0700272101620745,3.010988279489694,3.0503475666046143,1630125,0.0,0.0
1999-01-26 00:00:00-05:00,3.0405077934265137,3.0897070415888246,3.030668112705943,3.0405077934265137,360375,0.0,0.0
1999-01-27 00:00:00-05:00,3.0798671727007187,3.0897071352393626,3.010988279489694,3.0503475666046143,1081688,0.0,0.0
1999-01-28 00:00:00-05:00,3.060189333488966,3.0798689886499244,3.030669991507525,3.0700290203094482,390000,0.0,0.0
1999-01-29 00:00:00-05:00,3.07002787514321,3.1290671001235664,3.0503482273230538,3.0798678398132324,1151813,0.0,0.0
1999-02-01 00:00:00-05:00,3.0897078044832544,3.109387170783522,3.0601881919930762,3.0798678398132324,1404563,0.0,0.0
1999-02-02 00:00:00-05:00,3.0798671200204404,3.1290663688324654,3.0798671200204404,3.109386444091797,537563,0.0,0.0
1999-02-03 00:00:00-05:00,3.0995479382709283,3.1881065070969408,3.0995479382709283,3.148747205734253,1355063,0.0,0.0
1999-02-04 00:00:00-05:00,3.15858689031496,3.1684265748956673,3.138907239633616,3.148747205734253,879750,0.0,0.0
1999-02-05 00:00:00-05:00,3.15858689031496,3.15858689031496,3.129067555052909,3.148747205734253,419625,0.0,0.0
1999-02-08 00:00:00-05:00,3.1881065070969408,3.1881065070969408,3.138907239633616,3.148747205734253,383813,0.0,0.0
1999-02-09 00:00:00-05:00,3.1487448835815184,3.1487448835815184,3.0306670665740967,3.0306670665740967,1515000,0.0,0.0
1999-02-10 00:00:00-05:00,3.0503475666046143,3.0700272101620745,3.030668204566982,3.0503475666046143,316125,0.0,0.0
1999-02-11 00:00:00-05:00,3.0700272101620745,3.109386497276995,3.0503475666046143,3.0503475666046143,546938,0.0,0.0
1999-02-12 00:00:00-05:00,3.050349212759293,3.0798688347859877,3.010989904403687,3.0109899044036865,535875,0.0,0.0
1999-02-16 00:00:00-05:00,2.9913085452642028,3.0798670793484346,2.9913085452642028,3.0405077934265137,587063,0.0,0.0
1999-02-17 00:00:00-05:00,3.0405079891699254,3.0405079891699254,2.9814690564862043,3.0011487007141113,393938,0.0,0.0
1999-02-18 00:00:00-05:00,3.0109886734444604,3.0109886734444604,2.9617894173537143,2.9716293811798096,313875,0.0,0.0
1999-02-19 00:00:00-05:00,2.9814693450059044,2.9814693450059044,2.9519497350474837,2.9716293811798096,590438,0.0,0.0
1999-02-22 00:00:00-05:00,3.0897059750778073,3.138904924737705,3.0208268262105618,3.0306670665740967,730688,0.0,0.0
1999-02-23 00:00:00-05:00,3.030667535281372,3.0700265321845146,2.9913079753386977,3.020827293395996,771750,0.0,0.0
1999-02-24 00:00:00-05:00,3.0208276794539253,3.030667922596871,2.9716287158976074,2.981468677520752,789938,0.0,0.0
1999-02-25 00:00:00-05:00,2.981470649793664,3.0109899911508364,2.951951026916504,2.951951026916504,697875,0.0,0.0
1999-02-26 00:00:00-05:00,2.9913099422448424,3.1290677888260916,2.9322709857900002,2.9617903232574463,557625,0.0,0.0
1999-03-01 00:00:00-05:00,2.9913102502258835,3.03066984010147,2.9716305960480804,3.0109899044036865,357938,0.0,0.0
1999-03-02 00:00:00-05:00,3.050348495183827,3.129067374896894,3.0109891960872504,3.119227409362793,901500,0.0,0.0
1999-03-03 00:00:00-05:00,3.095491003487351,3.135049955979797,3.0559320509949046,3.065821647644043,490875,0.05333,0.0
1999-03-04 00:00:00-05:00,3.0856003043479507,3.105380058288574,3.075710710325511,3.105380058288574,410625,0.0,0.0
1999-03-05 00:00:00-05:00,3.144939084684201,3.144939084684201,3.0361515668824044,3.04604172706604,199313,0.0,0.0
1999-03-08 00:00:00-05:00,3.0460412601181797,3.0855999141533563,3.036151101450672,3.0559308528900146,291938,0.0,0.0
1999-03-09 00:00:00-05:00,3.0460424543457667,3.0658216476440425,3.0361522918007346,3.065821647644043,496875,0.0,0.0
1999-03-10 00:00:00-05:00,3.0856018028046046,3.105381566350848,3.0658223222063703,3.075712203979492,190125,0.0,0.0
1999-03-11 00:00:00-05:00,3.075711257185503,3.1053806104237633,3.0163728336569053,3.0856008529663086,380625,0.0,0.0
1999-03-12 00:00:00-05:00,3.1251592463334537,3.144939000274077,3.0856003043479507,3.105380058288574,199313,0.0,0.0
1999-03-15 00:00:00-05:00,3.1251582561941103,3.2042763980461024,3.115268665304975,3.15482759475708,568500,0.0,0.0
1999-03-16 00:00:00-05:00,3.1647208592266134,3.1845000621960136,3.125161604443557,3.1350514888763428,240000,0.0,0.0
1999-03-17 00:00:00-05:00,3.15482759475708,3.15482759475708,3.1053790744158403,3.15482759475708,223125,0.0,0.0
1999-03-18 00:00:00-05:00,3.144939084684201,3.1548286789720774,3.006482501070896,3.04604172706604,384188,0.0,0.0
1999-03-19 00:00:00-05:00,2.907584803737191,3.006482149800413,2.907584803737191,2.9867026805877686,612563,0.0,0.0
1999-03-22 00:00:00-05:00,2.9867039117579743,3.0064833891240563,2.947144957025811,2.976814031600952,954750,0.0,0.0
1999-03-23 00:00:00-05:00,2.9669250684904434,3.0064840316772465,2.947145586897042,3.006484031677246,376875,0.0,0.0
1999-03-24 00:00:00-05:00,2.986704750667404,3.0361533164978027,2.966925267745636,3.0361533164978027,311250,0.0,0.0
1999-03-25 00:00:00-05:00,3.065820557438346,3.065820557438346,2.966923211375124,2.9867026805877686,238125,0.0,0.0
1999-03-26 00:00:00-05:00,2.9768138581275547,2.9768138581275547,2.9273653090679392,2.9372549057006836,367875,0.0,0.0
1999-03-29 00:00:00-05:00,2.9768146678131324,3.016373913947959,2.9372557046263297,3.006484031677246,652688,0.0,0.0
1999-03-30 00:00:00-05:00,3.026263236999512,3.046042999735219,3.0064837572118024,3.0262632369995117,599063,0.0,0.0
1999-03-31 00:00:00-05:00,3.0262625486914114,3.05593190309883,2.887805938720703,2.887805938720703,581813,0.0,0.0
1999-04-01 00:00:00-05:00,2.9075842019442697,2.9570330062152115,2.8581353976733284,2.917473793029785,801188,0.0,0.0
1999-04-05 00:00:00-04:00,2.9372548673289036,2.9471447467803955,2.887806035967332,2.9471447467803955,533250,0.0,0.0
1999-04-06 00:00:00-04:00,2.947145586897042,3.016373913947959,2.9372557046263297,3.006484031677246,545250,0.0,0.0
1999-04-07 00:00:00-04:00,2.996593680868121,3.0163731575012207,2.9768139212870683,3.0163731575012207,570375,0.0,0.0
1999-04-08 00:00:00-04:00,2.996593791914997,2.996593791914997,2.9372550768687886,2.976814031600952,601875,0.0,0.0
1999-04-09 00:00:00-04:00,2.9768146678131324,3.016373913947959,2.9669250684904434,3.006484031677246,722250,0.0,0.0
1999-04-12 00:00:00-04:00,2.986703698690475,2.986703698690475,2.897696198366767,2.9471447467803955,669938,0.0,0.0
1999-04-13 00:00:00-04:00,2.927365645699509,2.9471451241874798,2.8581373295176205,2.8680272102355957,845250,0.0,0.0
1999-04-14 00:00:00-04:00,2.9075842019442697,2.9471431321819077,2.887804453877663,2.917473793029785,597563,0.0,0.0
1999-04-15 00:00:00-04:00,2.917475491387769,3.026262754343794,2.917475491387769,3.0163731575012207,1160250,0.0,0.0
1999-04-16 00:00:00-04:00,3.0163731575012207,3.026262754343794,2.996593680868121,3.0163731575012207,740625,0.0,0.0
1999-04-19 00:00:00-04:00,3.0460416453103196,3.2141670072747712,3.0460416453103196,3.105380058288574,806063,0.0,0.0
1999-04-20 00:00:00-04:00,3.125159401038015,3.2042775718734746,3.125159401038015,3.1647186279296875,1828875,0.0,0.0
1999-04-21 00:00:00-04:00,3.164718264209465,3.1844974509602557,3.075710509091639,3.095489978790283,508125,0.0,0.0
1999-04-22 00:00:00-04:00,3.115272002958857,3.1647208592266134,3.0954925170413716,3.1350514888763428,518625,0.0,0.0
1999-04-23 00:00:00-04:00,3.1548303411678265,3.2141687870025635,3.135050859222914,3.2141687870025635,329625,0.0,0.0
1999-04-26 00:00:00-04:00,3.184497816953695,3.184497816953695,3.125159401038015,3.1647186279296875,399375,0.0,0.0
1999-04-27 00:00:00-04:00,3.2042775718734746,3.2438365158172613,3.1647186279296875,3.1647186279296875,498750,0.0,0.0
1999-04-28 00:00:00-04:00,3.1943879937103468,3.1943879937103468,3.15482876661621,3.184497833251953,524438,0.0,0.0
1999-04-29 00:00:00-04:00,3.164719206651669,3.174608802972151,3.07571142502764,3.1152703762054443,676125,0.0,0.0
1999-04-30 00:00:00-04:00,3.154829155223634,3.154829155223634,3.0856008529663086,3.0856008529663086,668063,0.0,0.0
1999-05-03 00:00:00-04:00,3.105381181568374,3.144940137863159,3.09549130102069,3.144940137863159,499125,0.0,0.0
1999-05-04 00:00:00-04:00,3.154829155223634,3.154829155223634,3.006482954928178,3.0856008529663086,1640625,0.0,0.0
1999-05-05 00:00:00-04:00,3.095490264401181,3.095490264401181,3.026261972594528,3.04604172706604,1419563,0.0,0.0
1999-05-06 00:00:00-04:00,3.0658226823544763,3.0757125652893818,3.0163741165240774,3.0361533164978027,1016438,0.0,0.0
1999-05-07 00:00:00-04:00,3.0460416453103196,3.144939000274077,3.0361514853921356,3.105380058288574,1173563,0.0,0.0
1999-05-10 00:00:00-04:00,3.1746082224416914,3.2636159877891546,3.1647186279296875,3.1647186279296875,1262250,0.0,0.0
1999-05-11 00:00:00-04:00,3.164719616010552,3.194388974705628,3.1350502573154757,3.144940137863159,841500,0.0,0.0
1999-05-12 00:00:00-04:00,3.13504968306636,3.2339470556882266,3.115270208541987,3.1943883895874023,480750,0.0,0.0
1999-05-13 00:00:00-04:00,3.1943879773614707,3.273505582301158,3.1647186279296875,3.1647186279296875,545250,0.0,0.0
1999-05-14 00:00:00-04:00,3.224055862772155,3.2636147922242595,3.15482759475708,3.15482759475708,990563,0.0,0.0
1999-05-17 00:00:00-04:00,3.1548297354628687,3.1844988112099704,3.1350502573154757,3.144940137863159,559688,0.0,0.0
1999-05-18 00:00:00-04:00,3.1449397310627667,3.154829327383249,3.105380779884962,3.1152703762054443,721125,0.0,0.0
1999-05-19 00:00:00-04:00,3.1152703762054443,3.1350498517943466,3.0856010213481224,3.1152703762054443,714563,0.0,0.0
1999-05-20 00:00:00-04:00,3.105381181568374,3.1844988112099704,3.09549130102069,3.144940137863159,1119000,0.0,0.0
1999-05-21 00:00:00-04:00,3.144941373309128,3.1647208592266134,3.105382401474157,3.1350514888763428,564563,0.0,0.0
1999-05-24 00:00:00-04:00,3.1350487268560405,3.174607663839053,3.036151101450672,3.0559308528900146,1049250,0.0,0.0
1999-05-25 00:00:00-04:00,3.065820833355199,3.1548285942965166,3.065820833355199,3.105380058288574,795750,0.0,0.0
1999-05-26 00:00:00-04:00,3.1053790744158403,3.1647174685939974,3.0954892005789225,3.15482759475708,750375,0.0,0.0
1999-05-27 00:00:00-04:00,3.125160635938059,3.1350505173059124,2.9965941587919467,3.0262632369995117,619875,0.0,0.0
1999-05-28 00:00:00-04:00,3.0361528925969177,3.046043057099023,2.8482479725490077,2.8779170513153076,883125,0.0,0.0
1999-06-01 00:00:00-04:00,2.9570343494415283,2.986703419122972,2.9372545923900106,2.9570343494415283,633563,0.0,0.0
1999-06-02 00:00:00-04:00,2.9578302758115953,2.987707464427869,2.9179944992065425,2.917994499206543,383813,0.06933,0.0
1999-06-03 00:00:00-04:00,2.9478711444557675,2.967789173477093,2.898075929437473,2.9080348014831543,438938,0.0,0.0
1999-06-04 00:00:00-04:00,2.898075707832014,2.9179940202602195,2.868198809049586,2.8881168365478516,240000,0.0,0.0
1999-06-07 00:00:00-04:00,2.8881168365478516,2.937911762828544,2.8781576803337483,2.8881168365478516,486938,0.0,0.0
1999-06-08 00:00:00-04:00,2.8881171396195406,2.8980760119487616,2.868199110031128,2.868199110031128,640125,0.0,0.0
1999-06-09 00:00:00-04:00,2.8781586385300097,2.8980766726593847,2.8482814448709295,2.8582406044006348,1712250,0.0,0.0
1999-06-10 00:00:00-04:00,2.8482807965424164,2.868199111068,2.8283630518767735,2.8383219242095947,1477313,0.0,0.0
1999-06-11 00:00:00-04:00,2.848280668258667,2.8731784178292914,2.8383217963743834,2.848280668258667,684375,0.0,0.0
1999-06-14 00:00:00-04:00,2.8681994879679724,2.8781583616094544,2.7984862327575684,2.7984862327575684,442125,0.0,0.0
1999-06-15 00:00:00-04:00,2.8084451063990503,2.8383222971835114,2.7188141039056823,2.7984862327575684,570188,0.0,0.0
1999-06-16 00:00:00-04:00,2.7984858660515632,2.848280797593995,2.7885267087850947,2.8084447383880615,234750,0.0,0.0
1999-06-17 00:00:00-04:00,2.7885272435127675,2.838322469533897,2.7885272435127675,2.81840443611145,263250,0.0,0.0
1999-06-18 00:00:00-04:00,2.7686086219003214,2.8582396015699176,2.7686086219003214,2.8283627033233643,565500,0.0,0.0
1999-06-21 00:00:00-04:00,2.828363052920999,2.828363052920999,2.7686089641120986,2.8084447383880615,222938,0.0,0.0
1999-06-22 00:00:00-04:00,2.7984866583005017,2.8084455334563483,2.73873255257527,2.758650302886963,378375,0.0,0.0
1999-06-23 00:00:00-04:00,2.7387316233271055,2.7885265520710836,2.7387316233271055,2.768608808517456,510563,0.0,0.0
1999-06-24 00:00:00-04:00,2.778567614300947,2.788526485841229,2.7188135302694105,2.7287724018096924,570188,0.0,0.0
1999-06-25 00:00:00-04:00,2.728773185863655,2.738732345195434,2.698895992798348,2.708855152130127,786375,0.0,0.0
1999-06-28 00:00:00-04:00,2.7088547410686865,2.748690802490728,2.688936710357666,2.688936710357666,677438,0.0,0.0
1999-06-29 00:00:00-04:00,2.6889358176135145,2.7486898899078365,2.6889358176135145,2.748689889907837,501000,0.0,0.0
1999-06-30 00:00:00-04:00,2.7486914277311167,2.778568623058758,2.7486914277311167,2.758650302886963,625875,0.0,0.0
1999-07-01 00:00:00-04:00,2.758649366880733,2.798485708777852,2.7387316233271055,2.768608808517456,1050563,0.0,0.0
1999-07-02 00:00:00-04:00,2.778568200544597,2.81840426497054,2.7586498834016173,2.7984862327575684,221063,0.0,0.0
1999-07-06 00:00:00-04:00,2.798485092618051,2.848280010398373,2.738731020323729,2.748689889907837,1209563,0.0,0.0
1999-07-07 00:00:00-04:00,2.7686088078793873,2.7686088078793873,2.718813594216931,2.738731622695923,291750,0.0,0.0
1999-07-08 00:00:00-04:00,2.7188135457188243,2.7188135457188243,2.649100304820919,2.6789774894714355,1664625,0.0,0.0
1999-07-09 00:00:00-04:00,2.669017370919999,2.6988942598716954,2.6291813290311725,2.649099349975586,1082813,0.0,0.0
1999-07-12 00:00:00-04:00,2.6391401970384556,2.669017370919999,2.6092630231569123,2.649099349975586,4110938,0.0,0.0
1999-07-13 00:00:00-04:00,2.6391401970384556,2.659058217982869,2.6192224610238894,2.649099349975586,1686563,0.0,0.0
1999-07-14 00:00:00-04:00,2.6391418915977627,2.718814311461906,2.6291830171960133,2.708855152130127,576375,0.0,0.0
1999-07-15 00:00:00-04:00,2.7387317752414604,2.868199110031128,2.728772617982269,2.868199110031128,1711125,0.0,0.0
1999-07-16 00:00:00-04:00,2.8582399527719367,2.8881171396195406,2.838321923183524,2.868199110031128,640313,0.0,0.0
1999-07-19 00:00:00-04:00,2.8582398250729084,2.898075882469958,2.848280668258667,2.848280668258667,332250,0.0,0.0
1999-07-20 00:00:00-04:00,2.848280797593995,2.858239954860464,2.7984858660515632,2.8084447383880615,1071563,0.0,0.0
1999-07-21 00:00:00-04:00,2.81840426497054,2.81840426497054,2.7586498834016173,2.7984862327575684,723188,0.0,0.0
1999-07-22 00:00:00-04:00,2.788527074186079,2.7984862327575684,2.7586498834016173,2.7984862327575684,501375,0.0,0.0
1999-07-23 00:00:00-04:00,2.7984862327575684,2.8084451063990503,2.778568200544597,2.7984862327575684,396000,0.0,0.0
1999-07-26 00:00:00-04:00,2.778567493005861,2.8482804455344426,2.778567493005861,2.8283627033233643,333563,0.0,0.0
1999-07-27 00:00:00-04:00,2.808444391252414,2.838321574428903,2.808444391252414,2.8283627033233643,240563,0.0,0.0
1999-07-28 00:00:00-04:00,2.788526485841229,2.788526485841229,2.728772401809693,2.7287724018096924,356813,0.0,0.0
1999-07-29 00:00:00-04:00,2.738732345195434,2.738732345195434,2.698895992798348,2.708855152130127,1035188,0.0,0.0
1999-07-30 00:00:00-04:00,2.7188135457188243,2.7188135457188243,2.6690183329446135,2.6789774894714355,1198313,0.0,0.0
1999-08-02 00:00:00-04:00,2.67897639897038,2.67897639897038,2.649099226481631,2.659058094024658,794813,0.0,0.0
1999-08-03 00:00:00-04:00,2.6391401970384556,2.659058217982869,2.6291813290311725,2.649099349975586,618750,0.0,0.0
1999-08-04 00:00:00-04:00,2.639141819764051,2.6491009788247557,2.6192240715026855,2.6192240715026855,704063,0.0,0.0
1999-08-05 00:00:00-04:00,2.6192240715026855,2.639141819764051,2.6092646275119584,2.6192240715026855,527063,0.0,0.0
1999-08-06 00:00:00-04:00,2.629180773383877,2.6391396392864674,2.579385589081563,2.5893447399139404,397500,0.0,0.0
1999-08-09 00:00:00-04:00,2.629182213298403,2.6988951675853348,2.6092639007250593,2.669018268585205,705938,0.0,0.0
1999-08-10 00:00:00-04:00,2.63914140670251,2.63914140670251,2.5594692864067303,2.5694284439086914,686063,0.0,0.0
1999-08-11 00:00:00-04:00,2.5694286196240776,2.5793874928771183,2.5395514300049618,2.55946946144104,861563,0.0,0.0
1999-08-12 00:00:00-04:00,2.5694286196240776,2.5694286196240776,2.5395514300049618,2.55946946144104,562125,0.0,0.0
1999-08-13 00:00:00-04:00,2.569428686907218,2.579387560421042,2.5196334645480847,2.5395514965057373,971438,0.0,0.0
1999-08-16 00:00:00-04:00,2.5395510834512893,2.5495099553453167,2.5096738979092907,2.5196330547332764,577500,0.0,0.0
1999-08-17 00:00:00-04:00,2.5196334645480847,2.5495103700195614,2.509674306104256,2.5395514965057373,540188,0.0,0.0
1999-08-18 00:00:00-04:00,2.5395497116224206,2.5395497116224206,2.4997136757052583,2.5295908451080322,461813,0.0,0.0
1999-08-19 00:00:00-04:00,2.529592211557262,2.529592211557262,2.4797969972972504,2.5196330547332764,410438,0.0,0.0
1999-08-20 00:00:00-04:00,2.5196330547332764,2.529592211557262,2.5096738979092907,2.5196330547332764,485625,0.0,0.0
1999-08-23 00:00:00-04:00,2.5096728801727295,2.5096728801727295,2.4897548595319834,2.5096728801727295,383813,0.0,0.0
1999-08-24 00:00:00-04:00,2.509673657301594,2.509673657301594,2.4797967595539148,2.489755630493164,295125,0.0,0.0
1999-08-25 00:00:00-04:00,2.48975623664507,2.4997153949388906,2.46983848991743,2.47979736328125,608063,0.0,0.0
1999-08-26 00:00:00-04:00,2.479796996733654,2.479796996733654,2.449919811198446,2.45987868309021,535125,0.0,0.0
1999-08-27 00:00:00-04:00,2.459878700421524,2.459878700421524,2.400124613860063,2.410083770751953,1489313,0.0,0.0
1999-08-30 00:00:00-04:00,2.4200429276438435,2.4200429276438435,2.390165741898133,2.410083770751953,319875,0.0,0.0
1999-08-31 00:00:00-04:00,2.4300029726204455,2.469839334487915,2.4001257724523684,2.469839334487915,995813,0.0,0.0
1999-09-01 00:00:00-04:00,2.440510556028265,2.460597042560283,2.410380682560353,2.4505536556243896,587813,0.06933,0.0
1999-09-02 00:00:00-04:00,2.430466890335083,2.4505533745633246,2.38025067976448,2.430466890335083,637313,0.0,0.0
1999-09-03 00:00:00-04:00,2.4706402176222673,2.51081319191339,2.4706402176222673,2.500770092010498,310688,0.0,0.0
1999-09-07 00:00:00-04:00,2.5108132752946886,2.5409431506834985,2.4907270748218644,2.5308997631073,536438,0.0,0.0
1999-09-08 00:00:00-04:00,2.520856986274798,2.520856986274798,2.440511024716669,2.460597515106201,751875,0.0,0.0
1999-09-09 00:00:00-04:00,2.460596417376666,2.480682611465454,2.4505530329925764,2.480682611465454,839250,0.0,0.0
1999-09-10 00:00:00-04:00,2.4706402176222673,2.51081319191339,2.4706402176222673,2.500770092010498,603000,0.0,0.0
1999-09-13 00:00:00-04:00,2.490726283189239,2.5007693802336335,2.47063951442106,2.480682611465454,578438,0.0,0.0
1999-09-14 00:00:00-04:00,2.490726992107606,2.51081319191339,2.480683317525159,2.500770092010498,371063,0.0,0.0
1999-09-15 00:00:00-04:00,2.5108137130737305,2.530900204388571,2.500770611086229,2.5108137130737305,2309625,0.0,0.0
1999-09-16 00:00:00-04:00,2.5208561819190876,2.561029149879747,2.500769697938758,2.5509860515594482,930750,0.0,0.0
1999-09-17 00:00:00-04:00,2.5610311304903672,2.581117630004883,2.5409446309758517,2.581117630004883,457500,0.0,0.0
1999-09-20 00:00:00-04:00,2.571073055267334,2.581116444080014,2.5610299537944763,2.571073055267334,418500,0.0,0.0
1999-09-21 00:00:00-04:00,2.5610300113173228,2.5710731130157565,2.4304676778588825,2.4706406593322754,422438,0.0,0.0
1999-09-22 00:00:00-04:00,2.4706406166310555,2.4706406166310555,2.450554126241523,2.460597515106201,197813,0.0,0.0
1999-09-23 00:00:00-04:00,2.450553573602349,2.460596960202082,2.390293972353348,2.4103806018829346,688313,0.0,0.0
1999-09-24 00:00:00-04:00,2.4103810091376205,2.4103810091376205,2.3601646423339844,2.3601646423339844,610875,0.0,0.0
1999-09-27 00:00:00-04:00,2.3702074376503592,2.440510276119072,2.360164051866371,2.430466890335083,433688,0.0,0.0
1999-09-28 00:00:00-04:00,2.420424110094463,2.420424110094463,2.3300349084537446,2.3601646423339844,654563,0.0,0.0
1999-09-29 00:00:00-04:00,2.360165077754737,2.4103814538226627,2.3501219749450684,2.3501219749450684,291938,0.0,0.0
1999-09-30 00:00:00-04:00,2.3601640807026842,2.4405103059370497,2.319991111755371,2.319991111755371,943500,0.0,0.0
1999-10-01 00:00:00-04:00,2.3300345484278187,2.3601642776525544,2.309948205947876,2.309948205947876,562125,0.0,0.0
1999-10-04 00:00:00-04:00,2.3300345484278187,2.340077935172612,2.2999048192030824,2.309948205947876,841500,0.0,0.0
1999-10-05 00:00:00-04:00,2.3099490978388872,2.340078838696973,2.28986246026356,2.330035448074341,447750,0.0,0.0
1999-10-06 00:00:00-04:00,2.3199927223724965,2.4103821089251785,2.3099496168332756,2.3802523612976074,234188,0.0,0.0
1999-10-07 00:00:00-04:00,2.390294851392447,2.420424591262323,2.3601651115225715,2.370208501815796,418688,0.0,0.0
1999-10-08 00:00:00-04:00,2.3702091120884172,2.4003390033859575,2.3601657192092578,2.3802523612976074,246938,0.0,0.0
1999-10-11 00:00:00-04:00,2.3902954668368284,2.4103821089251785,2.350122613670037,2.3802523612976074,498000,0.0,0.0
1999-10-12 00:00:00-04:00,2.3702075857618503,2.4103805567286947,2.350121100278428,2.4003374576568604,366188,0.0,0.0
1999-10-13 00:00:00-04:00,2.400338351012994,2.400338351012994,2.340078728465469,2.3501219749450684,245063,0.0,0.0
1999-10-14 00:00:00-04:00,2.340078830718994,2.350122077637449,2.259732711701418,2.340078830718994,546563,0.0,0.0
1999-10-15 00:00:00-04:00,2.2999040125150714,2.2999040125150714,2.2296013356492494,2.2597310543060303,637500,0.0,0.0
1999-10-18 00:00:00-04:00,2.2496871948242188,2.2697733797713298,2.219557342724422,2.2496871948242188,579938,0.0,0.0
1999-10-19 00:00:00-04:00,2.2496883449044476,2.2496883449044476,2.209515092454258,2.2195584774017334,740625,0.0,0.0
1999-10-20 00:00:00-04:00,2.2195592559622113,2.2296025007627254,2.1291700527575843,2.189429521560669,958875,0.0,0.0
1999-10-21 00:00:00-04:00,2.1793859563474576,2.189429344003384,2.1291698800871925,2.159299612045288,363750,0.0,0.0
1999-10-22 00:00:00-04:00,2.1592989811120415,2.249688294245049,2.1392123553392657,2.239644765853882,714750,0.0,0.0
1999-10-25 00:00:00-04:00,2.2195598527004674,2.2195598527004674,2.1291706251943063,2.1693434715270996,639375,0.0,0.0
1999-10-26 00:00:00-04:00,2.1592990967449714,2.179385436253688,2.08899611828023,2.1191258430480957,1028813,0.0,0.0
1999-10-27 00:00:00-04:00,2.0990392679502077,2.12916898727417,2.078952644731065,2.12916898727417,611063,0.0,0.0
1999-10-28 00:00:00-04:00,2.129170227117586,2.2095160484313965,2.129170227117586,2.2095160484313965,1530563,0.0,0.0
1999-10-29 00:00:00-04:00,2.2296023988105547,2.289861864858178,2.199472665786743,2.199472665786743,902063,0.0,0.0
1999-11-01 00:00:00-05:00,2.209516461529838,2.239646204031892,2.15930036769636,2.1693434715270996,492000,0.0,0.0
1999-11-02 00:00:00-05:00,2.179386311562498,2.2496893182630973,2.179386311562498,2.2095160484313965,346875,0.0,0.0
1999-11-03 00:00:00-05:00,2.2296023988105547,2.2296023988105547,2.1793860334343025,2.199472665786743,482063,0.0,0.0
1999-11-04 00:00:00-05:00,2.1994737806801314,2.2296035289764404,2.1994737806801314,2.2296035289764404,718500,0.0,0.0
1999-11-05 00:00:00-05:00,2.2396444315316786,2.289860772962811,2.2296013356492494,2.2597310543060303,758063,0.0,0.0
1999-11-08 00:00:00-05:00,2.249690171510619,2.2597332772727494,2.209516886442262,2.2296035289764404,2022188,0.0,0.0
1999-11-09 00:00:00-05:00,2.2296025007627254,2.2496891340336598,2.189429521560669,2.189429521560669,737438,0.0,0.0
1999-11-10 00:00:00-05:00,2.1894297008553822,2.229602683347247,2.1894297008553822,2.2095160484313965,616875,0.0,0.0
1999-11-11 00:00:00-05:00,2.2095147618015676,2.22960138502071,2.1090823640550274,2.12916898727417,1109438,0.0,0.0
1999-11-12 00:00:00-05:00,2.1492553231536435,2.1492553231536435,2.119125460159847,2.12916898727417,1088438,0.0,0.0
1999-11-15 00:00:00-05:00,2.10908341948665,2.209515867491791,2.10908341948665,2.189429521560669,575250,0.0,0.0
1999-11-16 00:00:00-05:00,2.1894290209433263,2.2496886196378387,2.1090829372406006,2.1090829372406006,1023375,0.0,0.0
1999-11-17 00:00:00-05:00,2.129169135341915,2.139212232145157,2.0689095488335543,2.0789527893066406,926625,0.0,0.0
1999-11-18 00:00:00-05:00,2.0990396472092394,2.129169371977105,2.08899611828023,2.1191258430480957,1957125,0.0,0.0
1999-11-19 00:00:00-05:00,2.0990400314331055,2.119126230948689,2.063888463931401,2.0990400314331055,2030813,0.0,0.0
1999-11-22 00:00:00-05:00,2.1090832988210764,2.119126399377095,2.048823833465576,2.048823833465576,1107938,0.0,0.0
1999-11-23 00:00:00-05:00,2.0488238715114715,2.0990402372434525,2.0488238715114715,2.0689103603363037,773438,0.0,0.0
1999-11-24 00:00:00-05:00,2.0889976024627686,2.0990411385274688,2.0789544974079557,2.0889976024627686,1280438,0.0,0.0
1999-11-26 00:00:00-05:00,2.07895360474872,2.088996705491235,2.0689103603363037,2.0689103603363037,161625,0.0,0.0
1999-11-29 00:00:00-05:00,2.0689096470556563,2.0789528880055483,2.058866262435913,2.058866262435913,724313,0.0,0.0
1999-11-30 00:00:00-05:00,2.048823268717142,2.0588663665048283,1.9885636763020151,2.008650302886963,1361813,0.0,0.0
1999-12-01 00:00:00-05:00,2.0703538249731723,2.080502463089888,1.9790146301262554,2.0297586917877197,1005750,0.06933,0.0
1999-12-02 00:00:00-05:00,2.0297588781100973,2.0602052307940197,1.958717098154955,2.0094611644744873,579000,0.0,0.0
1999-12-03 00:00:00-05:00,2.009460980015345,2.0703538249731723,2.009460980015345,2.0297586917877197,319500,0.0,0.0
1999-12-06 00:00:00-05:00,2.0094604323450125,2.0297581385853287,1.9891627261046958,2.019609212875366,964500,0.0,0.0
1999-12-07 00:00:00-05:00,2.019609523787542,2.1109485626220703,2.009460741694817,2.1109485626220703,704813,0.0,0.0
1999-12-08 00:00:00-05:00,2.1109488129789775,2.1109488129789775,2.0196097633117085,2.0297586917877197,886125,0.0,0.0
1999-12-09 00:00:00-05:00,2.0297599769294563,2.0500574111938477,2.0297599769294563,2.0500574111938477,1002563,0.0,0.0
1999-12-10 00:00:00-05:00,2.050057142341632,2.1109498726883227,2.050057142341632,2.1008012294769287,518063,0.0,0.0
1999-12-13 00:00:00-05:00,2.100800600759242,2.192139668943753,2.100800600759242,2.171842098236084,1316063,0.0,0.0
1999-12-14 00:00:00-05:00,2.171842098236084,2.192139668943753,2.1515446727080922,2.171842098236084,775125,0.0,0.0
1999-12-15 00:00:00-05:00,2.1718419954906127,2.1819909255439995,2.131246855995749,2.1515445709228516,768750,0.0,0.0
1999-12-16 00:00:00-05:00,2.161693159086407,2.161693159086407,2.13124680519104,2.13124680519104,704438,0.0,0.0
1999-12-17 00:00:00-05:00,2.13124680519104,2.1413954446431616,2.13124680519104,2.13124680519104,683813,0.0,0.0
1999-12-20 00:00:00-05:00,2.131246271987152,2.1616926182653278,2.100799925708976,2.1109485626220703,712313,0.0,0.0
1999-12-21 00:00:00-05:00,2.1210985718776043,2.1718423595730814,2.11094949494318,2.161693572998047,582563,0.0,0.0
1999-12-22 00:00:00-05:00,2.161694328561297,2.1921406989281262,2.1312479581944683,2.1819920539855957,588938,0.0,0.0
1999-12-23 00:00:00-05:00,2.1819909855760566,2.232734766161055,2.1718420552434474,2.1921396255493164,455625,0.0,0.0
1999-12-27 00:00:00-05:00,2.2124383449554443,2.2225871347135144,2.2124383449554443,2.2124383449554443,323250,0.0,0.0
1999-12-28 00:00:00-05:00,2.2124380379913697,2.2225868263413497,2.181991672941431,2.20228910446167,443438,0.0,0.0
1999-12-29 00:00:00-05:00,2.1921406989281262,2.202289489050403,2.161694328561297,2.1819920539855957,312938,0.0,0.0
1999-12-30 00:00:00-05:00,2.1819909855760566,2.202288410702251,2.1718420552434474,2.1921396255493164,200438,0.0,0.0
1999-12-31 00:00:00-05:00,2.2124383449554443,2.273331228683607,2.2022894100176336,2.2124383449554443,329250,0.0,0.0
2000-01-03 00:00:00-05:00,2.2530323659521754,2.2530323659521754,2.110949090747795,2.13124680519104,339563,0.0,0.0
2000-01-04 00:00:00-05:00,2.131246463800415,2.151544174992301,2.0399072715656827,2.0602049827575684,614250,0.0,0.0
2000-01-05 00:00:00-05:00,2.0703537657636892,2.0805024035901667,2.0500560545718036,2.0602049827575684,824063,0.0,0.0
2000-01-06 00:00:00-05:00,2.060205865340289,2.110949656929657,2.060205865340289,2.0906522274017334,497063,0.0,0.0
2000-01-07 00:00:00-05:00,2.0906511436162507,2.1616926182653278,2.0906511436162507,2.1109485626220703,468563,0.0,0.0
2000-01-10 00:00:00-05:00,2.131246271987152,2.141394908900246,2.0805022163438944,2.1109485626220703,537750,0.0,0.0
2000-01-11 00:00:00-05:00,2.1312470613454986,2.1312470613454986,2.080502986907959,2.080502986907959,469688,0.0,0.0
2000-01-12 00:00:00-05:00,2.100799925708976,2.1109485626220703,2.0602047973380744,2.1109485626220703,669563,0.0,0.0
2000-01-13 00:00:00-05:00,2.110949344462672,2.110949344462672,2.0703543462360727,2.080502986907959,1336500,0.0,0.0
2000-01-14 00:00:00-05:00,2.0906522274017334,2.1008010147555485,2.070354652694104,2.0906522274017334,419813,0.0,0.0
2000-01-18 00:00:00-05:00,2.1109494416931742,2.1616935184679904,2.1109494416931742,2.121098518371582,612188,0.0,0.0
2000-01-19 00:00:00-05:00,2.1413958006502494,2.1616935184679904,2.121098518371582,2.121098518371582,320250,0.0,0.0
2000-01-20 00:00:00-05:00,2.1210984206736123,2.1312470613454986,2.080502986907959,2.080502986907959,699750,0.0,0.0
2000-01-21 00:00:00-05:00,2.1210975618879973,2.1210975618879973,2.0602047262530525,2.0703535079956055,643313,0.0,0.0
2000-01-24 00:00:00-05:00,2.070353260706745,2.110948237648553,2.019609212875366,2.019609212875366,458625,0.0,0.0
2000-01-25 00:00:00-05:00,2.019609179463686,2.0703532264555737,2.019609179463686,2.0399067401885986,416813,0.0,0.0
2000-01-26 00:00:00-05:00,2.0602052307940197,2.090651583477942,2.0094611644744873,2.0094611644744873,569813,0.0,0.0
2000-01-27 00:00:00-05:00,2.050056301386384,2.070354015021994,1.9993125254261745,2.0094611644744873,268688,0.0,0.0
2000-01-28 00:00:00-05:00,2.0297590116097615,2.0297590116097615,1.9485685872663159,1.9587172269821167,499313,0.0,0.0
2000-01-31 00:00:00-05:00,1.9891627851051017,1.9891627851051017,1.9079726836337043,1.9688655138015747,484125,0.0,0.0
2000-02-01 00:00:00-05:00,1.9485690130459836,1.9891640163185695,1.9181226517067673,1.9282712936401367,487500,0.0,0.0
2000-02-02 00:00:00-05:00,1.928270100116844,2.009460491947467,1.8775263411395755,1.9688655138015747,696000,0.0,0.0
2000-02-03 00:00:00-05:00,1.9790152022173977,1.9790152022173977,1.9282711258869019,1.938420057296753,316688,0.0,0.0
2000-02-04 00:00:00-05:00,1.9790141494533382,2.009460491947467,1.9688655138015747,1.9688655138015747,341813,0.0,0.0
2000-02-07 00:00:00-05:00,1.9688665383582389,1.9688665383582389,1.9485688209533691,1.9485688209533691,301125,0.0,0.0
2000-02-08 00:00:00-05:00,1.9485685872663159,1.9688663022369304,1.9384198023708439,1.9587172269821167,425813,0.0,0.0
2000-02-09 00:00:00-05:00,1.9790153743852,1.9790153743852,1.9282712936401367,1.9282712936401367,276188,0.0,0.0
2000-02-10 00:00:00-05:00,1.9282705912835134,1.9282705912835134,1.8267827571188966,1.8470804691314697,579563,0.0,0.0
2000-02-11 00:00:00-05:00,1.8470804557294134,1.9282705772923572,1.8470804557294134,1.8673778772354126,469125,0.0,0.0
2000-02-14 00:00:00-05:00,1.8775274753570557,1.8876761171396306,1.8470811144702295,1.8775274753570557,500438,0.0,0.0
2000-02-15 00:00:00-05:00,1.8775268193808548,1.8876754576176666,1.8470804691314697,1.8470804691314697,435000,0.0,0.0
2000-02-16 00:00:00-05:00,1.7861882677958762,1.8369320580036586,1.7861882677958762,1.8166347742080688,917438,0.0,0.0
2000-02-17 00:00:00-05:00,1.8166341188820847,1.8572291073682816,1.8166341188820847,1.8470804691314697,537938,0.0,0.0
2000-02-18 00:00:00-05:00,1.8572291073682816,1.8572291073682816,1.755741273203665,1.8470804691314697,393750,0.0,0.0
2000-02-22 00:00:00-05:00,1.8369320580036586,1.8369320580036586,1.796337054873373,1.8166347742080688,818250,0.0,0.0
2000-02-23 00:00:00-05:00,1.806485676261727,1.8775274753570557,1.806485676261727,1.8775274753570557,259688,0.0,0.0
2000-02-24 00:00:00-05:00,1.8673778772354126,1.8876754439210608,1.8673778772354126,1.8673778772354126,919688,0.0,0.0
2000-02-25 00:00:00-05:00,1.8369316373112439,1.8876757062570697,1.8369316373112439,1.8572293519973755,3389625,0.0,0.0
2000-02-28 00:00:00-05:00,1.867378811969714,1.887676388815508,1.8267836582781256,1.8369323015213013,516938,0.0,0.0
2000-02-29 00:00:00-05:00,1.8572298527127737,1.9079739353393748,1.8470812104031034,1.897825002670288,392438,0.0,0.0
2000-03-01 00:00:00-05:00,1.88838282618388,1.8986459135641258,1.7857534205082446,1.8062793016433716,987375,0.06933,0.0
2000-03-02 00:00:00-05:00,1.816541400247084,1.816541400247084,1.796015381813049,1.7960153818130493,617813,0.0,0.0
2000-03-03 00:00:00-05:00,1.806278352680844,1.847330093383789,1.7960152706925023,1.847330093383789,319688,0.0,0.0
2000-03-06 00:00:00-05:00,1.8473302076792146,1.8473302076792146,1.7652265743809186,1.7960153818130493,500625,0.0,0.0
2000-03-07 00:00:00-05:00,1.775489657004243,1.816541400247084,1.775489657004243,1.7960153818130493,1044563,0.0,0.0
2000-03-08 00:00:00-05:00,1.7754890918731692,1.8062778895053486,1.7549630799724816,1.775489091873169,385313,0.0,0.0
2000-03-09 00:00:00-05:00,1.785752500720503,1.8165413065648,1.7447007595947739,1.7652264833450317,730688,0.0,0.0
2000-03-10 00:00:00-05:00,1.7652257408201633,1.8370665511962718,1.7652257408201633,1.8268033266067505,433125,0.0,0.0
2000-03-13 00:00:00-05:00,1.8062793016433716,1.8165422422109352,1.775490479940681,1.8062793016433716,654750,0.0,0.0
2000-03-14 00:00:00-05:00,1.7857534205082446,1.8473310639136258,1.7652273925604351,1.8062793016433716,897188,0.0,0.0
2000-03-15 00:00:00-05:00,1.796015673106904,1.8781193197215025,1.796015673106904,1.857593297958374,1040813,0.0,0.0
2000-03-16 00:00:00-05:00,1.8678555709674316,1.991010904312134,1.8678555709674316,1.9910109043121338,1421250,0.0,0.0
2000-03-17 00:00:00-05:00,1.8473302191074246,1.9807483854720274,1.8473302191074246,1.9396967887878418,470813,0.0,0.0
2000-03-20 00:00:00-05:00,1.9294337889915238,1.949959513247292,1.898644982388956,1.9089077711105347,936750,0.0,0.0
2000-03-21 00:00:00-05:00,1.8883819032166178,1.991011552356257,1.8883819032166178,1.9499595165252686,639938,0.0,0.0
2000-03-22 00:00:00-05:00,1.9704865217208862,2.011538137682285,1.919171671440598,1.9704865217208862,353063,0.0,0.0
2000-03-23 00:00:00-05:00,1.9704848930775478,2.0217997009451687,1.960221960866536,1.9910109043121338,1312688,0.0,0.0
2000-03-24 00:00:00-05:00,2.0218003712446957,2.0731149024998032,2.0115371420059285,2.052589178085327,1450313,0.0,0.0
2000-03-27 00:00:00-05:00,2.0731149024998032,2.0731149024998032,2.052589178085327,2.052589178085327,755063,0.0,0.0
2000-03-28 00:00:00-05:00,2.0525886428607456,2.0936403746104397,2.0525886428607456,2.0628514289855957,592875,0.0,0.0
2000-03-29 00:00:00-05:00,2.0525890334634598,2.1346923657743404,2.0525890334634598,2.0833778381347656,365625,0.0,0.0
2000-03-30 00:00:00-05:00,2.0731146426101508,2.2578476073080704,2.0731146426101508,2.247584819793701,1356188,0.0,0.0
2000-03-31 00:00:00-05:00,2.2475852349582173,2.3194256417044206,2.237322298735528,2.257848024368286,2988563,0.0,0.0
2000-04-03 00:00:00-04:00,2.2475851443306123,2.2886367407534576,2.2270591259002686,2.2270591259002686,381750,0.0,0.0
2000-04-04 00:00:00-04:00,2.2373223282989514,2.3810034373151656,2.1449559010742423,2.186007499694824,569250,0.0,0.0
2000-04-05 00:00:00-04:00,2.19627058655122,2.2373224816101027,2.1552188383049704,2.206533670425415,471188,0.0,0.0
2000-04-06 00:00:00-04:00,2.227059825221884,2.2373229110660864,2.1346932271253443,2.1654820442199707,272438,0.0,0.0
2000-04-07 00:00:00-04:00,2.1654820442199707,2.1962710081272574,2.155219252001089,2.1654820442199707,223313,0.0,0.0
2000-04-10 00:00:00-04:00,2.1552179662898574,2.1552179662898574,2.1141662346534034,2.1346919536590576,324188,0.0,0.0
2000-04-11 00:00:00-04:00,2.1346928809156123,2.144956111907959,2.1244300903611752,2.144956111907959,216188,0.0,0.0
2000-04-12 00:00:00-04:00,2.1244300903611752,2.196270651930691,2.1244300903611752,2.144956111907959,282563,0.0,0.0
2000-04-13 00:00:00-04:00,2.1552183628082275,2.1552183628082275,2.093640754024461,2.1552183628082275,335438,0.0,0.0
2000-04-14 00:00:00-04:00,2.1346919536590576,2.1346919536590576,2.0936403688351763,2.1346919536590576,615000,0.0,0.0
2000-04-17 00:00:00-04:00,2.1141663848547028,2.124429318492948,2.011536754847083,2.0320627689361572,629813,0.0,0.0
2000-04-18 00:00:00-04:00,2.0423264446119487,2.144956111907959,2.021800716690438,2.144956111907959,807750,0.0,0.0
2000-04-19 00:00:00-04:00,2.0936418528329637,2.0936418528329637,2.04232700510226,2.073115825653076,356063,0.0,0.0
2000-04-20 00:00:00-04:00,2.0628519668862593,2.0731149024998032,2.0115371420059285,2.052589178085327,191250,0.0,0.0
2000-04-24 00:00:00-04:00,2.052589178085327,2.0936409205395026,2.032063160045628,2.052589178085327,239625,0.0,0.0
2000-04-25 00:00:00-04:00,2.052589861685668,2.1757452768768335,2.0423267758414654,2.1654820442199707,400688,0.0,0.0
2000-04-26 00:00:00-04:00,2.2989001274108887,2.3194257068071478,2.23732236153374,2.2989001274108887,984938,0.0,0.0
2000-04-27 00:00:00-04:00,2.309162595823461,2.3912662232986217,2.2783737905750026,2.3810031414031982,1438313,0.0,0.0
2000-04-28 00:00:00-04:00,2.3810027723285234,2.3912658526330866,2.30916223788465,2.3399510383605957,522563,0.0,0.0
2000-05-01 00:00:00-04:00,2.3502135922914964,2.6273128986358643,2.3502135922914964,2.6273128986358643,1458750,0.0,0.0
2000-05-02 00:00:00-04:00,2.6478395517962214,2.791520624386825,2.5862616556322213,2.6786282062530518,1314000,0.0,0.0
2000-05-03 00:00:00-04:00,2.668365123956039,2.7915203154020296,2.668365123956039,2.6888906955718994,1793250,0.0,0.0
2000-05-04 00:00:00-04:00,2.6991533472338842,2.8017826460093906,2.678627193853724,2.770993709564209,879188,0.0,0.0
2000-05-05 00:00:00-04:00,2.7915217876434326,2.7915217876434326,2.77099591157714,2.7915217876434326,483563,0.0,0.0
2000-05-08 00:00:00-04:00,2.781259435060017,2.832574285548797,2.6991562028036338,2.7402076721191406,461250,0.0,0.0
2000-05-09 00:00:00-04:00,2.668365716934204,2.709417456538933,2.6478398471318396,2.668365716934204,1223063,0.0,0.0
2000-05-10 00:00:00-04:00,2.6683666150071192,2.6991555768856865,2.6375776531285524,2.647840738296509,377813,0.0,0.0
2000-05-11 00:00:00-04:00,2.6786289775345633,2.801784511698664,2.6786289775345633,2.7812583446502686,1450125,0.0,0.0
2000-05-12 00:00:00-04:00,2.7915211989050643,2.894150557591755,2.78125811622378,2.8530991077423096,1544438,0.0,0.0
2000-05-15 00:00:00-04:00,2.8428359072661964,2.8941507365959973,2.8017844548777036,2.8633620738983154,819750,0.0,0.0
2000-05-16 00:00:00-04:00,2.9044133994082846,2.9352020576483544,2.8736244475430084,2.883887529373169,2098688,0.0,0.0
2000-05-17 00:00:00-04:00,2.8633622497332873,2.9146770822142583,2.8428360818406855,2.8736250400543213,778875,0.0,0.0
2000-05-18 00:00:00-04:00,2.873625216833215,2.924940052470958,2.853099634928459,2.904414176940918,697688,0.0,0.0
2000-05-19 00:00:00-04:00,2.8633615995137935,2.9249392083325976,2.8428354362823254,2.8941502571105957,1218000,0.0,0.0
2000-05-22 00:00:00-04:00,2.9352024814158977,2.9762545210381903,2.8838879457322166,2.945465564727783,691500,0.0,0.0
2000-05-23 00:00:00-04:00,2.9659914377263052,2.9865173107248273,2.9352024814158977,2.945465564727783,824625,0.0,0.0
2000-05-24 00:00:00-04:00,2.9454659280009987,3.017306639168782,2.8838883014108774,2.904414176940918,1116750,0.0,0.0
2000-05-25 00:00:00-04:00,2.9146750214749773,2.95572674098518,2.750467849809108,2.770993709564209,1305563,0.0,0.0
2000-05-26 00:00:00-04:00,2.7915217085949746,2.9762548815857492,2.77099583310992,2.9352028369903564,839625,0.0,0.0
2000-05-30 00:00:00-04:00,2.9454648445801337,2.95572792538276,2.873624159837278,2.9146761894226074,481875,0.0,0.0
2000-05-31 00:00:00-04:00,2.9249392694433998,2.955728221308676,2.853098871133099,2.883887529373169,545813,0.0,0.0
2000-06-01 00:00:00-04:00,2.87602644499538,3.0312077162870996,2.87602644499538,3.020861864089966,521250,0.07467,0.0
2000-06-02 00:00:00-04:00,3.0622428770543797,3.0725881341877317,3.0105157034335277,3.0415520668029785,967313,0.0,0.0
2000-06-05 00:00:00-04:00,3.041552976514662,3.0622437929545723,2.9898257874224936,3.020861864089966,478500,0.0,0.0
2000-06-06 00:00:00-04:00,3.0208609605668797,3.082933687305781,3.0208609605668797,3.0415520668029785,885750,0.0,0.0
2000-06-07 00:00:00-04:00,3.0312089967294034,3.093281472269769,3.0208631401619765,3.0725903511047363,3184313,0.0,0.0
2000-06-08 00:00:00-04:00,3.0518968622580283,3.0622424138110453,3.0001699924468994,3.0001699924468994,367688,0.0,0.0
2000-06-09 00:00:00-04:00,3.010515248015264,3.0312063511212988,3.0001699924468994,3.0001699924468994,259688,0.0,0.0
2000-06-12 00:00:00-04:00,2.9794791853255176,3.010515248015264,2.9691336337725005,3.0001699924468994,914625,0.0,0.0
2000-06-13 00:00:00-04:00,2.9898244408938823,3.010515248015264,2.9691336337725005,3.0001699924468994,210938,0.0,0.0
2000-06-14 00:00:00-04:00,3.0001724777715317,3.0105177419098506,2.979481653509997,2.9898269176483154,565875,0.0,0.0
2000-06-15 00:00:00-04:00,2.9794803632296865,3.0001711785309504,2.96913480758667,2.96913480758667,662250,0.0,0.0
2000-06-16 00:00:00-04:00,2.938098596594314,2.9794802252808883,2.876026153564453,2.876026153564453,665813,0.0,0.0
2000-06-19 00:00:00-04:00,2.855333329029267,3.072586897197387,2.855333329029267,3.051896095275879,437250,0.0,0.0
2000-06-20 00:00:00-04:00,3.0312065963547523,3.0312065963547523,2.91740670400343,2.9277522563934326,467063,0.0,0.0
2000-06-21 00:00:00-04:00,2.907063148707422,2.917408411166426,2.834645127554999,2.8863723278045654,192938,0.0,0.0
2000-06-22 00:00:00-04:00,2.8967167559106013,2.8967167559106013,2.772571866251413,2.803607940673828,459750,0.0,0.0
2000-06-23 00:00:00-04:00,2.8036077404297735,2.87602603153573,2.7829172229491332,2.793262481689453,304875,0.0,0.0
2000-06-26 00:00:00-04:00,2.7829180336668276,2.839817565284006,2.741536098695962,2.8139541149139404,317438,0.0,0.0
2000-06-27 00:00:00-04:00,2.7829173410272836,2.876026153564453,2.7829173410272836,2.876026153564453,305625,0.0,0.0
2000-06-28 00:00:00-04:00,2.8656808972552152,3.031208038330078,2.8656808972552152,3.031208038330078,704250,0.0,0.0
2000-06-29 00:00:00-04:00,3.020862283374614,3.020862283374614,2.896717367504292,2.958789825439453,621563,0.0,0.0
2000-06-30 00:00:00-04:00,2.9174085556422393,2.9277541145984247,2.7311911582946777,2.7311911582946777,788625,0.0,0.0
2000-07-03 00:00:00-04:00,2.7932626002065493,2.8967166719229844,2.7725717858632626,2.876026153564453,116063,0.0,0.0
2000-07-05 00:00:00-04:00,2.855335076011981,2.969134704198711,2.844989816713965,2.94844388961792,382500,0.0,0.0
2000-07-06 00:00:00-04:00,2.938099039858534,2.9794806747882596,2.793263021619693,2.8553354740142822,414563,0.0,0.0
2000-07-07 00:00:00-04:00,2.8553350690732637,2.96913469698345,2.8553350690732637,2.917407512664795,767063,0.0,0.0
2000-07-10 00:00:00-04:00,2.9277522563934326,2.938097808783435,2.876025382397449,2.9277522563934326,363000,0.0,0.0
2000-07-11 00:00:00-04:00,2.9277535871360185,2.9277535871360185,2.8553355754440997,2.9070627689361572,377625,0.0,0.0
2000-07-12 00:00:00-04:00,2.8967166520154115,3.072588720717055,2.8967166520154115,3.0622434616088867,2623125,0.0,0.0
2000-07-13 00:00:00-04:00,3.062244950556136,3.113971863217525,2.979481653509997,2.9898269176483154,958688,0.0,0.0
2000-07-14 00:00:00-04:00,3.0001699575646126,3.041551571326242,2.9587880478183344,3.0105152130126953,185250,0.0,0.0
2000-07-17 00:00:00-04:00,3.000170601052545,3.0208611163864907,2.9174070597932005,2.9794797897338867,408375,0.0,0.0
2000-07-18 00:00:00-04:00,2.9691342360822017,2.98982504740086,2.938098167096571,2.9794797897338867,235313,0.0,0.0
2000-07-19 00:00:00-04:00,2.9794803632296865,3.0001711785309504,2.948443992285406,2.96913480758667,207938,0.0,0.0
2000-07-20 00:00:00-04:00,2.989826105068954,3.0622441182949,2.9691352864308005,3.031208038330078,554438,0.0,0.0
2000-07-21 00:00:00-04:00,3.0415516066896635,3.0415516066896635,2.9484428266511187,3.0001699924468994,592875,0.0,0.0
2000-07-24 00:00:00-04:00,2.9691345909592517,2.9691345909592517,2.876026076889126,2.896716594696045,626438,0.0,0.0
2000-07-25 00:00:00-04:00,2.8967169654505045,3.020861864089966,2.844990072343122,3.020861864089966,1764563,0.0,0.0
2000-07-26 00:00:00-04:00,3.0208624760491327,3.165698516453832,3.0208624760491327,3.093280792236328,1354500,0.0,0.0
2000-07-27 00:00:00-04:00,3.134660674677479,3.3105326993571187,3.134660674677479,3.289841890335083,2960625,0.0,0.0
2000-07-28 00:00:00-04:00,3.476058145581922,3.693311724183681,3.4657128921166245,3.682966470718384,4060500,0.0,0.0
2000-07-31 00:00:00-04:00,3.662277053670598,3.776076660760113,3.600204621435782,3.6933131217956543,1696875,0.0,0.0
2000-08-01 00:00:00-04:00,3.703658805522045,3.7967673091591547,3.703658805522045,3.7760767936706543,1376063,0.0,0.0
2000-08-02 00:00:00-04:00,3.7346954331226567,3.7450409883984097,3.6208961009979244,3.620896100997925,1099875,0.0,0.0
2000-08-03 00:00:00-04:00,3.538132934786732,3.6622781317874544,3.538132934786732,3.641587018966675,1552875,0.0,0.0
2000-08-04 00:00:00-04:00,3.6726240214672328,3.817460060119629,3.6519334970709956,3.817460060119629,3965438,0.0,0.0
2000-08-07 00:00:00-04:00,3.8898780770046866,3.9209144579108397,3.848496433119726,3.879532814025879,1585313,0.0,0.0
2000-08-08 00:00:00-04:00,3.858842731247913,4.034714899439887,3.858842731247913,3.972642421722412,1323000,0.0,0.0
2000-08-09 00:00:00-04:00,3.9622951495544085,3.9622951495544085,3.755386699326295,3.8071138858795166,982500,0.0,0.0
2000-08-10 00:00:00-04:00,3.817460060119629,3.8588417008817872,3.786423681555589,3.817460060119629,669000,0.0,0.0
2000-08-11 00:00:00-04:00,3.8071149408076232,3.9622962474823,3.7967690862515266,3.9622962474823,691875,0.0,0.0
2000-08-14 00:00:00-04:00,3.941604174478039,4.076094627380371,3.9105680982604434,4.076094627380371,979688,0.0,0.0
2000-08-15 00:00:00-04:00,4.055403773113096,4.055403773113096,3.8588408736387976,3.9416041374206543,1146375,0.0,0.0
2000-08-16 00:00:00-04:00,3.9416038745031186,4.045057947329723,3.9209130599377975,4.014021873474121,983813,0.0,0.0
2000-08-17 00:00:00-04:00,3.9933332476282373,4.034714899439887,3.9519512998316655,3.972642421722412,691875,0.0,0.0
2000-08-18 00:00:00-04:00,3.97264151006869,3.98298677265508,3.9105690465957896,3.9622962474823,164063,0.0,0.0
2000-08-21 00:00:00-04:00,3.951948881149292,3.97263999037661,3.9312583638914536,3.951948881149292,416063,0.0,0.0
2000-08-22 00:00:00-04:00,3.951948561957294,3.9622944117200762,3.8484945041002074,3.889876127243042,545063,0.0,0.0
2000-08-23 00:00:00-04:00,3.8898757227092506,3.8898757227092506,3.8381488471524836,3.869185209274292,645938,0.0,0.0
2000-08-24 00:00:00-04:00,3.8691856116563406,3.889876127243042,3.858840057878274,3.889876127243042,395250,0.0,0.0
2000-08-25 00:00:00-04:00,3.869185209274292,3.8898757227092506,3.81745803773284,3.869185209274292,460125,0.0,0.0
2000-08-28 00:00:00-04:00,3.869186332152519,3.869186332152519,3.7967680341901926,3.8071138858795166,551813,0.0,0.0
2000-08-29 00:00:00-04:00,3.786423166105336,3.8071142796545514,3.7243507134120946,3.7967684268951416,398250,0.0,0.0
2000-08-30 00:00:00-04:00,3.807114015318984,3.9312589120858377,3.7967681632779082,3.9002225399017334,813000,0.0,0.0
2000-08-31 00:00:00-04:00,3.9339427033790644,3.9963861769120403,3.913127914447437,3.9859790802001953,695250,0.07467,0.0
2000-09-01 00:00:00-04:00,3.985981783221315,3.985981783221315,3.8090580416026434,3.9235379695892334,426938,0.0,0.0
2000-09-05 00:00:00-04:00,3.8610929989598466,3.9859802814158174,3.8610929989598466,3.9755725860595703,690000,0.0,0.0
2000-09-06 00:00:00-04:00,3.975572812539564,4.110867500305176,3.9651657120985635,4.110867500305176,1219875,0.0,0.0
2000-09-07 00:00:00-04:00,4.162904579460658,4.41267891973421,4.14209037367152,4.2461628913879395,3281438,0.0,0.0
2000-09-08 00:00:00-04:00,4.235753733234504,4.506342464778293,4.235753733234504,4.287789821624756,2175000,0.0,0.0
2000-09-11 00:00:00-04:00,4.246162676302099,4.329420686257868,4.2253478760590255,4.277384281158447,1456500,0.0,0.0
2000-09-12 00:00:00-04:00,4.2773812819325805,4.350232138439183,4.2773812819325805,4.319010257720947,448125,0.0,0.0
2000-09-13 00:00:00-04:00,4.319013861131318,4.381457376911318,4.2669777468584025,4.298199653625488,535875,0.0,0.0
2000-09-14 00:00:00-04:00,4.256566794038398,4.339824745615131,4.256566794038398,4.319010257720947,865875,0.0,0.0
2000-09-15 00:00:00-04:00,4.277381878507509,4.319010860101952,4.256567387710287,4.308603763580322,811313,0.0,0.0
2000-09-18 00:00:00-04:00,4.319010628968245,4.329418022686881,4.162901807466333,4.183716297149658,654938,0.0,0.0
2000-09-19 00:00:00-04:00,4.225346650602722,4.433491912878941,4.214939551253636,4.402270317077637,1016813,0.0,0.0
2000-09-20 00:00:00-04:00,4.350235767898403,4.402272179925489,4.298199653625488,4.298199653625488,548063,0.0,0.0
2000-09-21 00:00:00-04:00,4.319011712862125,4.360641000429957,4.287789821624756,4.287789821624756,740625,0.0,0.0
2000-09-22 00:00:00-04:00,4.2461588175671965,4.360638626098893,4.2461588175671965,4.329416751861572,1569375,0.0,0.0
2000-09-25 00:00:00-04:00,4.360643169405488,4.371050273158403,4.246163241598403,4.298199653625488,1196625,0.0,0.0
2000-09-26 00:00:00-04:00,4.25656800704216,4.2981972924476395,4.173310031739215,4.266975402832031,1080750,0.0,0.0
2000-09-27 00:00:00-04:00,4.225346088409424,4.298197262930213,4.1941244967622335,4.225346088409424,1109063,0.0,0.0
2000-09-28 00:00:00-04:00,4.225344913320162,4.3294176505449995,4.183715937531796,4.319010257720947,1407750,0.0,0.0
2000-09-29 00:00:00-04:00,4.31901066797969,4.339825157851022,3.9963859260970707,4.006793022155762,1584000,0.0,0.0
2000-10-02 00:00:00-04:00,4.069236301784904,4.235752510735185,3.923534879488101,4.142087459564209,2343375,0.0,0.0
2000-10-03 00:00:00-04:00,4.12127409816693,4.142088892018769,3.9963871215801294,4.06923770904541,1162875,0.0,0.0
2000-10-04 00:00:00-04:00,4.048425299099226,4.131683022515604,3.8975196146578086,3.9235379695892334,1148625,0.0,0.0
2000-10-05 00:00:00-04:00,3.829871040933549,4.0588304913218245,3.829871040933549,3.996387004852295,1388625,0.0,0.0
2000-10-06 00:00:00-04:00,3.9963865341601736,4.038015520236822,3.8298705898535808,3.9027211666107178,1623938,0.0,0.0
2000-10-09 00:00:00-04:00,3.8610925159291076,3.8610925159291076,3.7466126453969966,3.8506851196289062,530063,0.0,0.0
2000-10-10 00:00:00-04:00,3.8923149108886723,3.9235365083224916,3.861093015700793,3.892314910888672,701625,0.0,0.0
2000-10-11 00:00:00-04:00,3.8923150192281284,3.9027221194110546,3.7674277327545336,3.7778351306915283,551813,0.0,0.0
2000-10-12 00:00:00-04:00,3.7882401122164366,3.829869382928246,3.538465976715088,3.538465976715088,945375,0.0,0.0
2000-10-13 00:00:00-04:00,3.5800956020026278,3.829869762241823,3.5800956020026278,3.798647880554199,557063,0.0,0.0
2000-10-16 00:00:00-04:00,3.7778349276307304,3.871500015258789,3.7257985362508794,3.871500015258789,482250,0.0,0.0
2000-10-17 00:00:00-04:00,3.8714985456741977,3.9027204282013845,3.6945752394459976,3.7153897285461426,461625,0.0,0.0
2000-10-18 00:00:00-04:00,3.6841675382936145,3.8402763297657687,3.6113166895389055,3.7570180892944336,419813,0.0,0.0
2000-10-19 00:00:00-04:00,3.7466131303506485,3.9339439059698047,3.7466131303506485,3.892314910888672,705563,0.0,0.0
2000-10-20 00:00:00-04:00,3.8819070107754894,3.9755720887071977,3.840278021082726,3.8506851196289062,480375,0.0,0.0
2000-10-23 00:00:00-04:00,3.8610944537113214,3.975574083943741,3.8506870521879177,3.9235379695892334,501750,0.0,0.0
2000-10-24 00:00:00-04:00,4.121273592359136,4.1941244686373995,4.038015618186265,4.100459098815918,1285500,0.0,0.0
2000-10-25 00:00:00-04:00,4.18371734709023,4.319011712862125,4.131680960945956,4.287789821624756,1572563,0.0,0.0
2000-10-26 00:00:00-04:00,4.2877887284817175,4.433490453438396,4.142087599032931,4.214938163757324,1136250,0.0,0.0
2000-10-27 00:00:00-04:00,4.214939931646461,4.454307109080603,4.194125433315762,4.4230852127075195,1631063,0.0,0.0
2000-10-30 00:00:00-05:00,4.454305208422301,4.631228219862908,4.454305208422301,4.610414028167725,3102375,0.0,0.0
2000-10-31 00:00:00-05:00,4.579190852498559,4.589597945408426,4.277380394050658,4.329416751861572,2039438,0.0,0.0
2000-11-01 00:00:00-05:00,4.287791954364232,4.360643169405488,4.225348438584232,4.298199653625488,1105125,0.0,0.0
2000-11-02 00:00:00-05:00,4.319012681391452,4.350234579630263,4.162903785705566,4.162903785705566,1170188,0.0,0.0
2000-11-03 00:00:00-05:00,4.100459482301511,4.131681076659261,3.9547580138726084,3.996387004852295,1084313,0.0,0.0
2000-11-06 00:00:00-05:00,4.038015842437744,4.162902810632656,4.006793951512006,4.038015842437744,823875,0.0,0.0
2000-11-07 00:00:00-05:00,3.9547567919953766,4.110865608814221,3.944349398588949,4.079643726348877,1189313,0.0,0.0
2000-11-08 00:00:00-05:00,4.12127323976767,4.15249512628834,4.069236861484545,4.090051651000977,626063,0.0,0.0
2000-11-09 00:00:00-05:00,4.069237114241012,4.152495384216309,4.027608128130362,4.152495384216309,390375,0.0,0.0
2000-11-10 00:00:00-05:00,4.152496684795355,4.162903785705566,4.017202288683982,4.162903785705566,604688,0.0,0.0
2000-11-13 00:00:00-05:00,4.162902376254313,4.162902376254313,3.9963864360362145,4.131680488586426,835688,0.0,0.0
2000-11-14 00:00:00-05:00,4.162901840750996,4.402268920654024,4.090051275153852,4.33982515335083,1459313,0.0,0.0
2000-11-15 00:00:00-05:00,4.402270821020516,4.495935916900635,4.329419926221244,4.495935916900635,1274438,0.0,0.0
2000-11-16 00:00:00-05:00,4.475120905783376,4.5479717922431595,4.350233927070071,4.402270317077637,1753313,0.0,0.0
2000-11-17 00:00:00-05:00,4.412677573599151,4.485528462653765,4.345030532158477,4.3606414794921875,1446188,0.0,0.0
2000-11-20 00:00:00-05:00,4.329420905561075,4.329420905561075,4.204533884301372,4.2461628913879395,812438,0.0,0.0
2000-11-21 00:00:00-05:00,4.266975402832031,4.277382500867897,4.18371712977508,4.266975402832031,860813,0.0,0.0
2000-11-22 00:00:00-05:00,4.3294176505449995,4.495933553698465,4.214937818250031,4.319010257720947,1341563,0.0,0.0
2000-11-24 00:00:00-05:00,4.287790401865987,4.433492183685303,4.277383301881214,4.433492183685303,336563,0.0,0.0
2000-11-27 00:00:00-05:00,4.464712390203269,4.464712390203269,4.308603567453183,4.33982515335083,408938,0.0,0.0
2000-11-28 00:00:00-05:00,4.3398258400063146,4.537563673742353,4.3398258400063146,4.464713096618652,959813,0.0,0.0
2000-11-29 00:00:00-05:00,4.495933602040106,4.527155483094049,4.454304923558057,4.475119113922119,1077938,0.0,0.0
2000-11-30 00:00:00-05:00,4.485526880053017,4.495933976100917,4.2877887798494845,4.33982515335083,803438,0.0,0.0
2000-12-01 00:00:00-05:00,4.373727244234629,4.520215576158844,4.373727244234629,4.50975227355957,816188,0.07467,0.0
2000-12-04 00:00:00-05:00,4.499290613202206,4.530681133270264,4.446973478905025,4.530681133270264,1502625,0.0,0.0
2000-12-05 00:00:00-05:00,4.530679165850238,4.635313987731934,4.530679165850238,4.635313987731934,2026125,0.0,0.0
2000-12-06 00:00:00-05:00,4.656241935591761,4.855048034751769,4.656241935591761,4.677168846130371,1319063,0.0,0.0
2000-12-07 00:00:00-05:00,4.635316056706183,4.8655121089974465,4.614388843499333,4.771340847015381,1086375,0.0,0.0
2000-12-08 00:00:00-05:00,4.855049173762057,4.938756536192374,4.844585566356885,4.928293228149414,1019250,0.0,0.0
2000-12-11 00:00:00-05:00,4.928293158017802,4.938756465911865,4.855049104672739,4.938756465911865,730125,0.0,0.0
2000-12-12 00:00:00-05:00,4.917829474740705,4.980610215399587,4.84458512762425,4.896902561187744,1184438,0.0,0.0
2000-12-13 00:00:00-05:00,4.875975348272599,4.928292781836093,4.84458512762425,4.896902561187744,881625,0.0,0.0
2000-12-14 00:00:00-05:00,4.86551153919554,4.875974845211414,4.687632642666299,4.729486465454102,1293938,0.0,0.0
2000-12-15 00:00:00-05:00,4.687634094699082,4.834122519832375,4.687634094699082,4.750414848327637,1039688,0.0,0.0
2000-12-18 00:00:00-05:00,4.708560039848914,4.9910735224949745,4.708560039848914,4.896902561187744,1170938,0.0,0.0
2000-12-19 00:00:00-05:00,4.91782808303833,4.9806088059308165,4.834120153152916,4.91782808303833,1360500,0.0,0.0
2000-12-20 00:00:00-05:00,4.875975348272599,4.928292781836093,4.84458512762425,4.896902561187744,663750,0.0,0.0
2000-12-21 00:00:00-05:00,4.875975178362956,5.074781598593878,4.875975178362956,5.012000560760498,909375,0.0,0.0
2000-12-22 00:00:00-05:00,5.001536126281837,5.189878310501045,4.99107252192193,5.158487796783447,747188,0.0,0.0
2000-12-26 00:00:00-05:00,5.158486686275481,5.252658207155228,5.106169573825035,5.2212677001953125,633000,0.0,0.0
2000-12-27 00:00:00-05:00,5.168950836717645,5.2945122718811035,5.127096426272342,5.2945122718811035,572438,0.0,0.0
2000-12-28 00:00:00-05:00,5.27358772561781,5.357295989990234,5.27358772561781,5.357295989990234,595875,0.0,0.0
2000-12-29 00:00:00-05:00,5.346832082740899,5.367759298515117,5.284051034142694,5.357295989990234,743063,0.0,0.0
2001-01-02 00:00:00-05:00,5.284048481399456,5.284048481399456,5.001535396001775,5.032925605773926,978000,0.0,0.0
2001-01-03 00:00:00-05:00,5.064318104406482,5.085245318291868,4.813194830766037,5.022464275360107,1443750,0.0,0.0
2001-01-04 00:00:00-05:00,4.980610867668215,4.991074176133894,4.394656612723457,4.5934624671936035,1787438,0.0,0.0
2001-01-05 00:00:00-05:00,4.572534293437322,4.708559361619357,4.520216867409726,4.677168846130371,1279125,0.0,0.0
2001-01-08 00:00:00-05:00,4.656242671188655,4.771340847015381,4.582998622413438,4.771340847015381,601125,0.0,0.0
2001-01-09 00:00:00-05:00,4.70855976913164,4.719023075625443,4.436509609222412,4.436509609222412,1370438,0.0,0.0
2001-01-10 00:00:00-05:00,4.415582596930675,4.781803704443781,4.363265167559305,4.739950180053711,1404750,0.0,0.0
2001-01-11 00:00:00-05:00,4.635316040072776,4.687633174815597,4.541144778428635,4.551608085632324,715125,0.0,0.0
2001-01-12 00:00:00-05:00,4.582996857339217,4.593460160550664,4.112141028134314,4.2795562744140625,1252125,0.0,0.0
2001-01-16 00:00:00-05:00,4.269094299427481,4.446973203623445,4.195849956710858,4.38419246673584,428438,0.0,0.0
2001-01-17 00:00:00-05:00,4.3841914467913226,4.436508565678781,4.31617877313069,4.394654750823975,655313,0.0,0.0
2001-01-18 00:00:00-05:00,4.405118860041634,4.405118860041634,4.31094760972428,4.363265037536621,323813,0.0,0.0
2001-01-19 00:00:00-05:00,4.342337267248684,4.426045195061099,4.310946756898767,4.405117988586426,537000,0.0,0.0
2001-01-22 00:00:00-05:00,4.394657393802237,4.708561493359539,4.394657393802237,4.56207275390625,871688,0.0,0.0
2001-01-23 00:00:00-05:00,4.572534709771769,4.666705965450983,4.488827059995653,4.6039252281188965,693000,0.0,0.0
2001-01-24 00:00:00-05:00,4.541144794724118,4.896902629445531,4.541144794724118,4.771340847015381,1293563,0.0,0.0
2001-01-25 00:00:00-05:00,4.729487232488824,4.823658498715284,4.677169795838079,4.7922682762146,641438,0.0,0.0
2001-01-26 00:00:00-05:00,4.792267170196816,4.834120690750862,4.7085592310023205,4.760876655578613,617625,0.0,0.0
2001-01-29 00:00:00-05:00,4.761296890718492,4.821566293512076,4.729487856300508,4.762970924377441,806625,0.0,0.0
2001-01-30 00:00:00-05:00,4.754598052560467,4.762968815874074,4.6625196561107884,4.712744235992432,659438,0.0,0.0
2001-01-31 00:00:00-05:00,4.654149833501758,4.667542997638155,4.486734234029184,4.600576877593994,1092750,0.0,0.0
2001-02-01 00:00:00-05:00,4.587183585338347,4.711071331151904,4.582161186019979,4.680936336517334,428438,0.0,0.0
2001-02-02 00:00:00-05:00,4.721116397537556,4.769666958880319,4.679262568573863,4.7462286949157715,453000,0.0,0.0
2001-02-05 00:00:00-05:00,4.75459923228652,4.868441581726074,4.704374639942994,4.868441581726074,1119000,0.0,0.0
2001-02-06 00:00:00-05:00,4.8550468032124305,4.8550468032124305,4.756271690780796,4.784732341766357,541875,0.0,0.0
2001-02-07 00:00:00-05:00,4.7629696597567195,4.913643426097382,4.754598894960016,4.905272960662842,888938,0.0,0.0
2001-02-08 00:00:00-05:00,4.871790542272742,4.905273605863653,4.754599520342352,4.791430950164795,516188,0.0,0.0
2001-02-09 00:00:00-05:00,4.727812638122897,4.851700385920025,4.629037785406236,4.808172225952148,595500,0.0,0.0
2001-02-12 00:00:00-05:00,4.821565602592382,4.9638686215276415,4.821565602592382,4.937082290649414,422813,0.0,0.0
2001-02-13 00:00:00-05:00,4.922014746073177,4.9303855113049435,4.764644239971108,4.803149700164795,563063,0.0,0.0
2001-02-14 00:00:00-05:00,4.654148688511519,4.903597544052736,4.654148688511519,4.838305473327637,749438,0.0,0.0
2001-02-15 00:00:00-05:00,4.7545980883669285,4.80482296798892,4.562070231341945,4.6491265296936035,1262250,0.0,0.0
2001-02-16 00:00:00-05:00,4.654150522559895,4.7746896163579216,4.603925925090902,4.620667457580566,1521750,0.0,0.0
2001-02-20 00:00:00-05:00,4.603925208114417,4.603925208114417,4.352801960515054,4.409723281860352,1358438,0.0,0.0
2001-02-21 00:00:00-05:00,4.409723279820764,4.409723279820764,4.252352779253376,4.297554969787598,959625,0.0,0.0
2001-02-22 00:00:00-05:00,4.269094729544734,4.553701064805196,4.238959733312806,4.361173152923584,3379125,0.0,0.0
2001-02-23 00:00:00-05:00,4.377914255338774,4.503476028819539,4.374565889489844,4.409723281860352,894563,0.0,0.0
2001-02-26 00:00:00-05:00,4.409723659042573,4.503476414020827,4.409723659042573,4.483386516571045,485625,0.0,0.0
2001-02-27 00:00:00-05:00,4.449904551765106,4.536960601806641,4.436511382380782,4.536960601806641,779625,0.0,0.0
2001-02-28 00:00:00-05:00,4.528588116072646,4.729486465454102,4.469992464807566,4.729486465454102,1051313,0.0,0.0
2001-03-01 00:00:00-05:00,4.668918525761181,4.668918525761181,4.564603689492743,4.628538608551025,1014563,0.07467,0.0
2001-03-02 00:00:00-05:00,4.635266704179632,4.795103642696055,4.620124466386551,4.731168746948242,1060125,0.0,0.0
2001-03-05 00:00:00-05:00,4.744631309953134,4.786693604254148,4.6285392573410356,4.695838928222656,450188,0.0,0.0
2001-03-06 00:00:00-05:00,4.7109784225675035,4.739580824333158,4.670598525856807,4.705930709838867,688500,0.0,0.0
2001-03-07 00:00:00-05:00,4.71939087597781,4.736215782798422,4.6941535157468905,4.705930709838867,404250,0.0,0.0
2001-03-08 00:00:00-05:00,4.694155305181444,4.78669232797037,4.694155305181444,4.734535217285156,426938,0.0,0.0
2001-03-09 00:00:00-05:00,4.736217021942139,4.761454388775949,4.699202157081922,4.736217021942139,309000,0.0,0.0
2001-03-12 00:00:00-05:00,4.744632188402552,4.803519712180017,4.665555000305176,4.665555000305176,974250,0.0,0.0
2001-03-13 00:00:00-05:00,4.677330215997691,4.677330215997691,4.613395307429686,4.650410175323486,532125,0.0,0.0
2001-03-14 00:00:00-05:00,4.542731195455264,4.559556110209006,4.5006692094241165,4.5444135665893555,741188,0.0,0.0
2001-03-15 00:00:00-05:00,4.576379613470122,4.702566426907817,4.559554404158669,4.615076541900635,753188,0.0,0.0
2001-03-16 00:00:00-05:00,4.616761233903488,4.660505590996122,4.584793474729947,4.589840888977051,600938,0.0,0.0
2001-03-19 00:00:00-05:00,4.584794570477227,4.677331924438477,4.530955071169757,4.677331924438477,706313,0.0,0.0
2001-03-20 00:00:00-05:00,4.660504992800046,4.753042312767677,4.59320564338815,4.618443012237549,560063,0.0,0.0
2001-03-21 00:00:00-05:00,4.618441465871541,4.618441465871541,4.520856764978384,4.529269218444824,470063,0.0,0.0
2001-03-22 00:00:00-05:00,4.52590560738273,4.544412588433848,4.340831284074414,4.431685924530029,940313,0.0,0.0
2001-03-23 00:00:00-05:00,4.450194164309683,4.598253654825179,4.441781706932812,4.5444135665893555,564000,0.0,0.0
2001-03-26 00:00:00-05:00,4.542731735887623,4.7109812042942805,4.542731735887623,4.633586406707764,707438,0.0,0.0
2001-03-27 00:00:00-05:00,4.610028702771512,4.618441457074995,4.495619396016452,4.5460944175720215,1241625,0.0,0.0
2001-03-28 00:00:00-05:00,4.5427308931906625,4.618443305397951,4.5427308931906625,4.586475849151611,690188,0.0,0.0
2001-03-29 00:00:00-05:00,4.576380921825759,4.7025677713394005,4.557873336718517,4.682377815246582,711563,0.0,0.0
2001-03-30 00:00:00-05:00,4.702569081058156,4.83212100947781,4.702569081058156,4.778281211853027,1350375,0.0,0.0
2001-04-02 00:00:00-04:00,4.803517078897357,5.030653385660347,4.7866918664321325,4.941481113433838,1048875,0.0,0.0
2001-04-03 00:00:00-04:00,4.862404062006033,4.875864232236541,4.811929326201099,4.842214107513428,842813,0.0,0.0
2001-04-04 00:00:00-04:00,4.842212544055479,4.879227699384732,4.7530405997626435,4.783325672149658,780938,0.0,0.0
2001-04-05 00:00:00-04:00,4.816974852862691,4.931384449890272,4.815292482669419,4.9044647216796875,506063,0.0,0.0
2001-04-06 00:00:00-04:00,4.87923159064335,4.884279006448887,4.7850118585756904,4.811931610107422,563250,0.0,0.0
2001-04-09 00:00:00-04:00,4.803516315496301,4.842213245030361,4.795103560174114,4.837165832519531,433875,0.0,0.0
2001-04-10 00:00:00-04:00,4.845579624176025,4.87922975219156,4.84053221027231,4.845579624176025,504188,0.0,0.0
2001-04-11 00:00:00-04:00,4.86240490759169,4.879230123305777,4.825390034727119,4.8287553787231445,454688,0.0,0.0
2001-04-12 00:00:00-04:00,4.811930866005975,4.820343324665428,4.710981362092538,4.749678611755371,350250,0.0,0.0
2001-04-16 00:00:00-04:00,4.736217400781293,4.75304231334962,4.6975201620447775,4.747994899749756,560438,0.0,0.0
2001-04-17 00:00:00-04:00,4.753041650266631,4.761454105377197,4.684059337848115,4.761454105377197,835875,0.0,0.0
2001-04-18 00:00:00-04:00,4.761456850345451,4.887643749750379,4.758092107043959,4.811931610107422,949688,0.0,0.0
2001-04-19 00:00:00-04:00,4.811928175581327,4.872497723722702,4.793420897219542,4.827070713043213,1099313,0.0,0.0
2001-04-20 00:00:00-04:00,4.835484614316396,4.837166985269899,4.7109801381619265,4.7261223793029785,760688,0.0,0.0
2001-04-23 00:00:00-04:00,4.694155506036771,4.702567963013902,4.625173178312385,4.626855850219727,501000,0.0,0.0
2001-04-24 00:00:00-04:00,4.61844540562793,4.663872753269035,4.525908338558515,4.611715316772461,727313,0.0,0.0
2001-04-25 00:00:00-04:00,4.593204231069039,4.705930869919283,4.591521860670975,4.667233943939209,700500,0.0,0.0
2001-04-26 00:00:00-04:00,4.652091816061667,4.837165813659918,4.643679361625382,4.808563709259033,468750,0.0,0.0
2001-04-27 00:00:00-04:00,4.7951048834325025,4.875864709304688,4.7951048834325025,4.845579624176025,541313,0.0,0.0
2001-04-30 00:00:00-04:00,4.8455785720212825,4.879228692730129,4.83884878856201,4.860721111297607,339188,0.0,0.0
2001-05-01 00:00:00-04:00,4.818659220669948,4.933068557130654,4.800151637761816,4.862403869628906,711563,0.0,0.0
2001-05-02 00:00:00-04:00,4.862404148962915,4.919609271759289,4.833802038844471,4.843896865844727,662063,0.0,0.0
2001-05-03 00:00:00-04:00,4.827071007497873,4.837165832519531,4.768183826214289,4.837165832519531,481500,0.0,0.0
2001-05-04 00:00:00-04:00,4.803519948562514,4.803519948562514,4.692475285071879,4.769869804382324,832125,0.0,0.0
2001-05-07 00:00:00-04:00,4.744628131830318,4.783325657348861,4.7294855956836654,4.737898349761963,687375,0.0,0.0
2001-05-08 00:00:00-04:00,4.746312323550171,4.82875481798942,4.746312323550171,4.781644821166992,621375,0.0,0.0
2001-05-09 00:00:00-04:00,4.781646550877304,4.785011594846629,4.727806749927958,4.753044128417969,643125,0.0,0.0
2001-05-10 00:00:00-04:00,4.753043654692653,4.77828103066731,4.710981361401557,4.717711448669434,390938,0.0,0.0
2001-05-11 00:00:00-04:00,4.702564716339111,4.76145187452303,4.670597281555219,4.702564716339111,420375,0.0,0.0
2001-05-14 00:00:00-04:00,4.694154450425911,4.710979360596625,4.576380079230917,4.625172138214111,838500,0.0,0.0
2001-05-15 00:00:00-04:00,4.626854430224804,4.635266583767027,4.576379703852859,4.610029220581055,830063,0.0,0.0
2001-05-16 00:00:00-04:00,4.610031196074178,4.736218366930938,4.601619038927173,4.6638712882995605,810000,0.0,0.0
2001-05-17 00:00:00-04:00,4.66891747132809,4.7732319831848145,4.6520925597658165,4.7732319831848145,606750,0.0,0.0
2001-05-18 00:00:00-04:00,4.761454860028482,4.853992181764235,4.761454860028482,4.830437183380127,655313,0.0,0.0
2001-05-21 00:00:00-04:00,4.837166587953587,4.843896672921152,4.7967866798545,4.81865930557251,573563,0.0,0.0
2001-05-22 00:00:00-04:00,4.818660658051428,4.82202540062646,4.751360692045797,4.77491569519043,549563,0.0,0.0
2001-05-23 00:00:00-04:00,4.774912903270565,4.78669039795651,4.6941534124788875,4.737898349761963,572625,0.0,0.0
2001-05-24 00:00:00-04:00,4.695837114666785,4.744629477553409,4.685742288274519,4.736217021942139,545813,0.0,0.0
2001-05-25 00:00:00-04:00,4.744631196034434,4.756408698326591,4.69079140045118,4.717711448669434,318938,0.0,0.0
2001-05-29 00:00:00-04:00,4.685742288274519,4.7530419331646785,4.673964790248112,4.736217021942139,426938,0.0,0.0
2001-05-30 00:00:00-04:00,4.71098257856032,4.778282265214039,4.71098257856032,4.769869804382324,748688,0.0,0.0
2001-05-31 00:00:00-04:00,4.753043655389804,4.7866934900276155,4.74463119673035,4.749678611755371,615750,0.0,0.0
2001-06-01 00:00:00-04:00,4.7141547203063965,4.736143878184597,4.626197786333412,4.7141547203063965,881438,0.08,0.0
2001-06-04 00:00:00-04:00,4.693859449137581,4.781816430507519,4.693859449137581,4.764901638031006,616500,0.0,0.0
2001-06-05 00:00:00-04:00,4.769975348595963,4.834251792991255,4.7530605584835826,4.8207197189331055,1167750,0.0,0.0
2001-06-06 00:00:00-04:00,4.820719206154144,4.854549085240733,4.786889629527828,4.829176902770996,1143750,0.0,0.0
2001-06-07 00:00:00-04:00,4.829176632838647,4.922207963360924,4.795346755643017,4.871463298797607,1036125,0.0,0.0
2001-06-08 00:00:00-04:00,4.871464464857671,4.966187478266283,4.871464464857671,4.939123630523682,832688,0.0,0.0
2001-06-11 00:00:00-04:00,4.9391232737450945,5.040612317373356,4.9002196192497465,4.922208786010742,985500,0.0,0.0
2001-06-12 00:00:00-04:00,4.905293941497803,4.905293941497803,4.812262293997047,4.905293941497803,633563,0.0,0.0
2001-06-13 00:00:00-04:00,4.8968344342311765,4.981408655470786,4.8968344342311765,4.9137492179870605,646125,0.0,0.0
2001-06-14 00:00:00-04:00,4.913749683193835,4.913749683193835,4.820718363728782,4.835941791534424,500250,0.0,0.0
2001-06-15 00:00:00-04:00,4.837633994467303,4.876538249555784,4.825793582156037,4.829176902770996,659063,0.0,0.0
2001-06-18 00:00:00-04:00,4.820721794020985,4.842710970140296,4.76321166435974,4.795349597930908,603000,0.0,0.0
2001-06-19 00:00:00-04:00,4.795345865247687,4.812260649474652,4.758133581916523,4.781814098358154,374250,0.0,0.0
2001-06-20 00:00:00-04:00,4.769974612664159,4.8224103329384125,4.753059825161463,4.812261581420898,701063,0.0,0.0
2001-06-21 00:00:00-04:00,4.810571494115573,4.863007228237984,4.805497117016684,4.837635040283203,567000,0.0,0.0
2001-06-22 00:00:00-04:00,4.837632924486476,4.854548011518652,4.820718139914506,4.846090316772461,948750,0.0,0.0
2001-06-25 00:00:00-04:00,4.8376344006458885,4.846091795512569,4.7953474263124845,4.813953876495361,361313,0.0,0.0
2001-06-26 00:00:00-04:00,4.813956874282857,4.820722612913239,4.744606011713146,4.791967391967773,861938,0.0,0.0
2001-06-27 00:00:00-04:00,4.791964343802378,4.863006520224681,4.786889967442277,4.847783088684082,1584938,0.0,0.0
2001-06-28 00:00:00-04:00,4.871465754693624,4.976337852195706,4.871465754693624,4.934050559997559,1571625,0.0,0.0
2001-06-29 00:00:00-04:00,4.956038311519867,4.972953101527223,4.896836244033821,4.905293941497803,1368750,0.0,0.0
2001-07-02 00:00:00-04:00,4.905293448214262,4.934048346366888,4.87315492698776,4.906984806060791,564938,0.0,0.0
2001-07-03 00:00:00-04:00,4.905293306681332,4.905293306681332,4.8917612344584525,4.90360164642334,358875,0.0,0.0
2001-07-05 00:00:00-04:00,4.895143405775261,4.903600798221509,4.854548103509401,4.859622478485107,384188,0.0,0.0
2001-07-06 00:00:00-04:00,4.859623459294984,4.920516576213839,4.837633992528473,4.906984806060791,1630125,0.0,0.0
2001-07-09 00:00:00-04:00,4.906983966921554,4.906983966921554,4.813952647145678,4.834250450134277,387563,0.0,0.0
2001-07-10 00:00:00-04:00,4.803802603801579,4.8207173857272805,4.736143476098773,4.7581329345703125,416625,0.0,0.0
2001-07-11 00:00:00-04:00,4.727690005740593,4.749679179987275,4.693860413834801,4.736147403717041,447375,0.0,0.0
2001-07-12 00:00:00-04:00,4.753060130424718,4.778432313308279,4.736145341835677,4.761517524719238,1201313,0.0,0.0
2001-07-13 00:00:00-04:00,4.651571398890471,4.769974919013759,4.651571398890471,4.761517524719238,971625,0.0,0.0
2001-07-16 00:00:00-04:00,4.778433680496582,4.932358482173435,4.778433680496582,4.89683723449707,2529188,0.0,0.0
2001-07-17 00:00:00-04:00,4.898528170390541,4.898528170390541,4.807188475229534,4.837635040283203,1478063,0.0,0.0
2001-07-18 00:00:00-04:00,4.820720248313349,4.859624511812283,4.8122628523284225,4.837635040283203,613688,0.0,0.0
2001-07-19 00:00:00-04:00,4.846090410472673,4.854548105382396,4.580528227066003,4.583910942077637,1557563,0.0,0.0
2001-07-20 00:00:00-04:00,4.566999709331352,4.566999709331352,4.28283086003681,4.406309127807617,2702438,0.0,0.0
2001-07-23 00:00:00-04:00,4.397848488267001,4.406305881062816,4.343721113881739,4.36401891708374,1407000,0.0,0.0
2001-07-24 00:00:00-04:00,4.313274417846565,4.355561077968739,4.27944454532044,4.304816722869873,1715813,0.0,0.0
2001-07-25 00:00:00-04:00,4.4063075377202425,4.472275044853538,4.379243689122194,4.431679725646973,1503000,0.0,0.0
2001-07-26 00:00:00-04:00,4.448593843897175,4.46550863328673,4.43167905450762,4.438445091247559,1047750,0.0,0.0
2001-07-27 00:00:00-04:00,4.397850676117067,4.4063080731202815,4.355563388640617,4.372478485107422,1807500,0.0,0.0
2001-07-30 00:00:00-04:00,4.270986994061835,4.355560607633719,4.194870469632977,4.33188009262085,2691563,0.0,0.0
2001-07-31 00:00:00-04:00,4.394467744933879,4.566998707750829,4.394467744933879,4.482424736022949,1953938,0.0,0.0
2001-08-01 00:00:00-04:00,4.4993402429785,4.57714818307679,4.4570529507993655,4.541626930236816,1108875,0.0,0.0
2001-08-02 00:00:00-04:00,4.550081940495517,4.634655567470084,4.492571245035533,4.5923686027526855,1536375,0.0,0.0
2001-08-03 00:00:00-04:00,4.617742575091116,4.626199970765449,4.51794488268952,4.533168315887451,786563,0.0,0.0
2001-08-06 00:00:00-04:00,4.550083515631188,4.600827890858618,4.550083515631188,4.56699800491333,1448250,0.0,0.0
2001-08-07 00:00:00-04:00,4.583911730255505,4.590677766362579,4.558539548544369,4.5602312088012695,1114313,0.0,0.0
2001-08-08 00:00:00-04:00,4.5653070470877655,4.798731435572869,4.5551582921363964,4.605902671813965,896625,0.0,0.0
2001-08-09 00:00:00-04:00,4.605901880120717,4.629582405090332,4.582221052690793,4.629582405090332,978375,0.0,0.0
2001-08-10 00:00:00-04:00,4.634656781693798,4.668486664790965,4.566997620420084,4.629582405090332,1021875,0.0,0.0
2001-08-13 00:00:00-04:00,4.64311630985158,4.717541537578771,4.602520676098489,4.715849876403809,494438,0.0,0.0
2001-08-14 00:00:00-04:00,4.676943008887711,4.739527779493108,4.658336562242732,4.69893217086792,816563,0.0,0.0
2001-08-15 00:00:00-04:00,4.676943456004982,4.709081371983763,4.60928400100799,4.651571273803711,511875,0.0,0.0
2001-08-16 00:00:00-04:00,4.676944309122205,4.7276886827809825,4.643114726683019,4.693859100341797,563250,0.0,0.0
2001-08-17 00:00:00-04:00,4.693856622243104,4.727686186822136,4.673558823003653,4.680324554443359,526313,0.0,0.0
2001-08-20 00:00:00-04:00,4.682019801776433,4.778434195196859,4.661721986983649,4.742913246154785,451875,0.0,0.0
2001-08-21 00:00:00-04:00,4.754750437506432,4.800420417095898,4.753059080005427,4.776739597320557,669938,0.0,0.0
2001-08-22 00:00:00-04:00,4.778432539431449,4.778432539431449,4.688784216159283,4.724305152893066,547875,0.0,0.0
2001-08-23 00:00:00-04:00,4.719228770661374,4.837632246060343,4.712463039257531,4.797036647796631,933188,0.0,0.0
2001-08-24 00:00:00-04:00,4.839325265653416,4.839325265653416,4.742910919528863,4.759825706481934,680813,0.0,0.0
2001-08-27 00:00:00-04:00,4.744603385699898,4.754752139258648,4.616051095807582,4.707390785217285,781125,0.0,0.0
2001-08-28 00:00:00-04:00,4.668486587383814,4.668486587383814,4.550083057118036,4.565306186676025,1365750,0.0,0.0
2001-08-29 00:00:00-04:00,4.575455703244903,4.575455703244903,4.499339140403759,4.56699800491333,1146563,0.0,0.0
2001-08-30 00:00:00-04:00,4.550083426515814,4.568689273623666,4.521327918164392,4.531476974487305,767438,0.0,0.0
2001-08-31 00:00:00-04:00,4.524712436809735,4.556850367519721,4.501031601583085,4.541626930236816,730125,0.0,0.0
2001-09-04 00:00:00-04:00,4.541626873430217,4.566999066944097,4.440138099374696,4.551775932312012,966000,0.0,0.0
2001-09-05 00:00:00-04:00,4.599849025675399,4.623779963204366,4.55540589964372,4.567371368408203,784313,0.15,0.0
2001-09-06 00:00:00-04:00,4.538313556511663,4.61523405273782,4.52122011290585,4.589593887329102,961688,0.0,0.0
2001-09-07 00:00:00-04:00,4.589591144857677,4.589591144857677,4.367376510764588,4.4340410232543945,643875,0.0,0.0
2001-09-10 00:00:00-04:00,4.369087484839153,4.45113593690882,4.2990041964207215,4.44429874420166,697875,0.0,0.0
2001-09-17 00:00:00-04:00,4.187898384897482,4.2049918314745565,4.093884123068635,4.160548686981201,1164375,0.0,0.0
2001-09-18 00:00:00-04:00,4.119523633176063,4.146873324682924,4.085336748033632,4.12807035446167,596063,0.0,0.0
2001-09-19 00:00:00-04:00,4.162257594875092,4.204991204950672,3.914402350781836,4.090465068817139,1167563,0.0,0.0
2001-09-20 00:00:00-04:00,4.0101244066343735,4.0101244066343735,3.7998748746799227,3.933203935623169,1011000,0.0,0.0
2001-09-21 00:00:00-04:00,3.6665476292008057,3.880216015683043,3.623814318690278,3.871669292449951,1026750,0.0,0.0
2001-09-24 00:00:00-04:00,3.871667439189821,3.9998682263200322,3.871667439189821,3.9297852516174316,1284563,0.0,0.0
2001-09-25 00:00:00-04:00,3.940042418048986,4.080209022368733,3.940042418048986,4.034056663513184,1534875,0.0,0.0
2001-09-26 00:00:00-04:00,4.068242462375583,4.085336208343506,3.9913219809666347,4.085336208343506,1089000,0.0,0.0
2001-09-27 00:00:00-04:00,4.08533600044269,4.33831914872623,4.08533600044269,4.319516181945801,1102125,0.0,0.0
2001-09-28 00:00:00-04:00,4.401564264676266,4.526346912429623,4.363958945547427,4.480194568634033,1456688,0.0,0.0
2001-10-01 00:00:00-04:00,4.461393323761098,4.461393323761098,4.353704378160807,4.403275489807129,983438,0.0,0.0
2001-10-02 00:00:00-04:00,4.410112144566775,4.504126071929932,4.406693395168055,4.504126071929932,650625,0.0,0.0
2001-10-03 00:00:00-04:00,4.546859538619815,4.702409717408862,4.512672353613142,4.6699323654174805,1357875,0.0,0.0
2001-10-04 00:00:00-04:00,4.6494211644502705,4.743435102641261,4.606687250526763,4.731469631195068,1186875,0.0,0.0
2001-10-05 00:00:00-04:00,4.700699911347274,4.702409132840465,4.529765230182477,4.59813928604126,576000,0.0,0.0
2001-10-08 00:00:00-04:00,4.615234137245075,4.632327581163877,4.5246389456064,4.616943359375,1034063,0.0,0.0
2001-10-09 00:00:00-04:00,4.618651953452355,4.659676024456209,4.577627576793696,4.601558208465576,638250,0.0,0.0
2001-10-10 00:00:00-04:00,4.598139929689953,4.642582751281767,4.444298664541422,4.512672424316406,1285875,0.0,0.0
2001-10-11 00:00:00-04:00,4.504124754745476,4.505834281772323,4.418657573045686,4.44942569732666,1852500,0.0,0.0
2001-10-12 00:00:00-04:00,4.461391120090807,4.473356280887495,4.257978801725885,4.3759236335754395,1133625,0.0,0.0
2001-10-15 00:00:00-04:00,4.35883111043978,4.572499398019704,4.333190952608764,4.521218776702881,637313,0.0,0.0
2001-10-16 00:00:00-04:00,4.504126714583199,4.613524877022211,4.476777326800889,4.55198860168457,690563,0.0,0.0
2001-10-17 00:00:00-04:00,4.546860542935911,4.598140873290566,4.321226722589575,4.358832359313965,814313,0.0,0.0
2001-10-18 00:00:00-04:00,4.358831882955297,4.358831882955297,4.162256999090429,4.174222469329834,1129688,0.0,0.0
2001-10-19 00:00:00-04:00,4.179350352368949,4.182769101744379,4.010125162006093,4.057986736297607,1152938,0.0,0.0
2001-10-22 00:00:00-04:00,4.0511501665269956,4.271655714484621,4.042603138945921,4.246015548706055,1838438,0.0,0.0
2001-10-23 00:00:00-04:00,4.246016857309738,4.26481983473528,4.160549306052242,4.179352283477783,1005375,0.0,0.0
2001-10-24 00:00:00-04:00,4.179350061755226,4.307550862008067,4.179350061755226,4.2938761711120605,859313,0.0,0.0
2001-10-25 00:00:00-04:00,4.307551060445051,4.358831688563362,4.211827608453658,4.329772472381592,1035563,0.0,0.0
2001-10-26 00:00:00-04:00,4.329772152544869,4.428914652162717,4.324644181808287,4.3930182456970215,692250,0.0,0.0
2001-10-29 00:00:00-05:00,4.435751930383149,4.444298650327688,4.343447232720202,4.372506141662598,587438,0.0,0.0
2001-10-30 00:00:00-05:00,4.367378449865425,4.452845654771448,4.326354069248601,4.336610317230225,647625,0.0,0.0
2001-10-31 00:00:00-05:00,4.341738288393619,4.350284703229386,4.281910939304568,4.336610317230225,1050188,0.0,0.0
2001-11-01 00:00:00-05:00,4.336610131756797,4.44429874420166,4.3160979423256745,4.44429874420166,711938,0.0,0.0
2001-11-02 00:00:00-05:00,4.478485994096801,4.598140391371887,4.401565200971801,4.572500228881836,830813,0.0,0.0
2001-11-05 00:00:00-05:00,4.563952105284482,4.613523196444298,4.563952105284482,4.59813928604126,921938,0.0,0.0
2001-11-06 00:00:00-05:00,4.598140522411145,4.615233658903458,4.567372082022358,4.613524436950684,638813,0.0,0.0
2001-11-07 00:00:00-05:00,4.589593887329102,4.61523405273782,4.533185584560895,4.589593887329102,334500,0.0,0.0
2001-11-08 00:00:00-05:00,4.615232491943184,4.615232491943184,4.529765302817697,4.533184051513672,306188,0.0,0.0
2001-11-09 00:00:00-05:00,4.504126506002036,4.540022614010869,4.403275070122176,4.490451812744141,344813,0.0,0.0
2001-11-12 00:00:00-05:00,4.4870333019184185,4.50583627359716,4.3417390288007995,4.492161273956299,243750,0.0,0.0
2001-11-13 00:00:00-05:00,4.492161332935761,4.599850275419564,4.487033360830554,4.534894943237305,369563,0.0,0.0
2001-11-14 00:00:00-05:00,4.543440022169401,4.606685803673923,4.541730800637433,4.565661430358887,305438,0.0,0.0
2001-11-15 00:00:00-05:00,4.5639529030089285,4.647710883910644,4.5639529030089285,4.623780250549316,602438,0.0,0.0
2001-11-16 00:00:00-05:00,4.620362545822681,4.647711934605519,4.598141129229764,4.606687545776367,628875,0.0,0.0
2001-11-19 00:00:00-05:00,4.632325642655244,4.709246108100627,4.620360481443104,4.692152976989746,219563,0.0,0.0
2001-11-20 00:00:00-05:00,4.68360698678005,4.68360698678005,4.584465092786372,4.623780250549316,438188,0.0,0.0
2001-11-21 00:00:00-05:00,4.634035176333332,4.642581894728341,4.572498926151172,4.632325649261475,256500,0.0,0.0
2001-11-23 00:00:00-05:00,4.6323265466006225,4.777621093115892,4.6323265466006225,4.729759216308594,315750,0.0,0.0
2001-11-26 00:00:00-05:00,4.69215536590601,4.7810410378178805,4.69215536590601,4.769075870513916,442313,0.0,0.0
2001-11-27 00:00:00-05:00,4.760529734343548,4.760529734343548,4.692155944045246,4.704121112823486,282375,0.0,0.0
2001-11-28 00:00:00-05:00,4.704119773021723,4.710957272366115,4.615233809818956,4.635746002197266,369188,0.0,0.0
2001-11-29 00:00:00-05:00,4.615233274263628,4.700700783531347,4.615233274263628,4.688735008239746,540188,0.0,0.0
2001-11-30 00:00:00-05:00,4.6921548546188605,4.702410798520395,4.589593887329102,4.589593887329102,548063,0.0,0.0
2001-12-03 00:00:00-05:00,4.6152344910393746,4.620362769132048,4.57250118362141,4.5759196281433105,636375,0.0,0.0
2001-12-04 00:00:00-05:00,4.575919431887768,4.59814115425653,4.543441765083346,4.59130334854126,449063,0.0,0.0
2001-12-05 00:00:00-05:00,4.632557514505104,4.672093464988488,4.6239631034881565,4.629119873046875,584063,0.08,0.0
2001-12-06 00:00:00-05:00,4.61536775861939,4.6531845783876085,4.512231145090442,4.5208258628845215,605250,0.0,0.0
2001-12-07 00:00:00-05:00,4.529422852159612,4.550050246684199,4.469259797429613,4.486449241638184,731813,0.0,0.0
2001-12-10 00:00:00-05:00,4.469260125074097,4.546612629683431,4.434881234136615,4.462384223937988,552188,0.0,0.0
2001-12-11 00:00:00-05:00,4.477853505405586,4.4933238172667345,4.44347462477445,4.469258785247803,305063,0.0,0.0
2001-12-12 00:00:00-05:00,4.4692577178733925,4.481290384694866,4.443473563557965,4.448630332946777,421313,0.0,0.0
2001-12-13 00:00:00-05:00,4.465819064315845,4.481289677411917,4.421126352800143,4.443472862243652,682500,0.0,0.0
2001-12-14 00:00:00-05:00,4.477851772268002,4.495041205930457,4.434878188111865,4.470975875854492,674250,0.0,0.0
2001-12-17 00:00:00-05:00,4.4864467148597225,4.536296197937824,4.469257280332285,4.476132869720459,519750,0.0,0.0
2001-12-18 00:00:00-05:00,4.512232335979004,4.58270922491384,4.512232335979004,4.539735317230225,1007813,0.0,0.0
2001-12-19 00:00:00-05:00,4.532858529270502,4.572394477020349,4.503636427296363,4.5208258628845215,637313,0.0,0.0
2001-12-20 00:00:00-05:00,4.524264584645433,4.572395569055945,4.495042783063538,4.555205821990967,980063,0.0,0.0
2001-12-21 00:00:00-05:00,4.572395409727261,4.692721483389262,4.572395409727261,4.641152858734131,1455375,0.0,0.0
2001-12-24 00:00:00-05:00,4.666935383741517,4.687562764908788,4.644589489586329,4.6858439445495605,215063,0.0,0.0
2001-12-26 00:00:00-05:00,4.67553021266619,4.761477067098142,4.649746064125215,4.75460147857666,594563,0.0,0.0
2001-12-27 00:00:00-05:00,4.7546017778542335,4.770072390901132,4.709909066480591,4.752882957458496,702563,0.0,0.0
2001-12-28 00:00:00-05:00,4.795857263337245,4.866334135488893,4.7786678273058225,4.8319549560546875,910125,0.0,0.0
2001-12-31 00:00:00-05:00,4.8130458487793195,4.8577382516141725,4.758039601725518,4.814764976501465,714375,0.0,0.0
2002-01-02 00:00:00-05:00,4.847426621427697,4.890400220814722,4.749446753350998,4.838831901550293,1189875,0.0,0.0
2002-01-03 00:00:00-05:00,4.830237549980892,4.835394628197707,4.670375809545913,4.818204879760742,1013063,0.0,0.0
2002-01-04 00:00:00-05:00,4.830235281772926,4.849143535117369,4.801013184209534,4.814764976501465,580875,0.0,0.0
2002-01-07 00:00:00-05:00,4.804450714742783,4.813045430492647,4.7185035572441505,4.79585599899292,981938,0.0,0.0
2002-01-08 00:00:00-05:00,4.7958569910014965,4.7958569910014965,4.6480276651030294,4.666935920715332,1231875,0.0,0.0
2002-01-09 00:00:00-05:00,4.709911824344292,4.856022401532279,4.709911824344292,4.759761333465576,603000,0.0,0.0
2002-01-10 00:00:00-05:00,4.759759400303657,4.8147659660337325,4.727099655326348,4.80617094039917,215813,0.0,0.0
2002-01-11 00:00:00-05:00,4.8044522595295645,4.847425852096281,4.780386924743652,4.780386924743652,466688,0.0,0.0
2002-01-14 00:00:00-05:00,4.813046596968679,4.847425468300095,4.727099418640137,4.727099418640137,775875,0.0,0.0
2002-01-15 00:00:00-05:00,4.744291328509773,4.847427996291013,4.744291328509773,4.821643829345703,530250,0.0,0.0
2002-01-16 00:00:00-05:00,4.833672922474601,4.878365632680761,4.761477242427194,4.814764976501465,467813,0.0,0.0
2002-01-17 00:00:00-05:00,4.8147646973774805,4.868051813619949,4.813045569754998,4.854300022125244,619313,0.0,0.0
2002-01-18 00:00:00-05:00,4.850861977891495,4.881802891436827,4.82507783204184,4.847424030303955,348000,0.0,0.0
2002-01-22 00:00:00-05:00,4.850865110078129,4.8904007644347125,4.842270389245329,4.856021881103516,743438,0.0,0.0
2002-01-23 00:00:00-05:00,4.854299536611901,4.876646041870117,4.840548361235128,4.876646041870117,836438,0.0,0.0
2002-01-24 00:00:00-05:00,4.873210511295163,4.95056298590983,4.86117815003001,4.904151439666748,1031813,0.0,0.0
2002-01-25 00:00:00-05:00,4.902432635165029,5.1568365762030055,4.902432635165029,5.137928009033203,1250063,0.0,0.0
2002-01-28 00:00:00-05:00,5.096674550688502,5.098393986813451,5.0038517412610535,5.029635906219482,1489313,0.0,0.0
2002-01-29 00:00:00-05:00,5.019320150655065,5.112143232221615,4.9849415844642175,4.993535995483398,1314375,0.0,0.0
2002-01-30 00:00:00-05:00,5.000412878431076,5.045105299919657,4.933374246198204,4.9832234382629395,1061063,0.0,0.0
2002-01-31 00:00:00-05:00,4.983222513644292,5.106986521365206,4.983222513644292,5.070888519287109,946500,0.0,0.0
2002-02-01 00:00:00-05:00,5.079485270203008,5.263412677184741,5.065733470052666,5.2427849769592285,1184625,0.0,0.0
2002-02-04 00:00:00-05:00,5.174024691113099,5.191214125575464,5.129332284459484,5.1585540771484375,1329563,0.0,0.0
2002-02-05 00:00:00-05:00,5.160275070686712,5.302947050962769,5.065732537851121,5.119019985198975,1161750,0.0,0.0
2002-02-06 00:00:00-05:00,5.131050516475278,5.1413640530213005,5.027913921529861,5.113861083984375,701063,0.0,0.0
2002-02-07 00:00:00-05:00,5.070886612536727,5.070886612536727,4.984939767332265,5.046821594238281,1086750,0.0,0.0
2002-02-08 00:00:00-05:00,5.070887736033647,5.131051063537598,4.984940871786949,5.131051063537598,982125,0.0,0.0
2002-02-11 00:00:00-05:00,5.070887736033647,5.141364601183229,5.036509174757767,5.131051063537598,686625,0.0,0.0
2002-02-12 00:00:00-05:00,5.1396480934623705,5.1396480934623705,5.072609146485276,5.100112438201904,383250,0.0,0.0
2002-02-13 00:00:00-05:00,5.100110916004225,5.234188462569673,5.088078248680231,5.2273125648498535,1352813,0.0,0.0
2002-02-14 00:00:00-05:00,5.227313321007521,5.247941017150879,5.1826209014778435,5.247941017150879,946875,0.0,0.0
2002-02-15 00:00:00-05:00,5.259973206681088,5.259973206681088,5.148241854142524,5.174026012420654,560250,0.0,0.0
2002-02-19 00:00:00-05:00,5.156835903437879,5.2204365730285645,5.1465223644154365,5.2204365730285645,876750,0.0,0.0
2002-02-20 00:00:00-05:00,5.311540426264035,5.313259246845697,5.216998532102956,5.309821605682373,1553625,0.0,0.0
2002-02-21 00:00:00-05:00,5.277161231603061,5.347637789064996,5.225592928863695,5.3218536376953125,1404188,0.0,0.0
2002-02-22 00:00:00-05:00,5.313260487963797,5.313260487963797,5.20668621009383,5.258254528045654,675563,0.0,0.0
2002-02-25 00:00:00-05:00,5.258255165688331,5.332170009613037,5.1998109419737855,5.332170009613037,475313,0.0,0.0
2002-02-26 00:00:00-05:00,5.302946619197625,5.392332066962357,5.27716246181713,5.380299091339111,461813,0.0,0.0
2002-02-27 00:00:00-05:00,5.363111199585686,5.492032638406595,5.363111199585686,5.464529037475586,1132313,0.0,0.0
2002-02-28 00:00:00-05:00,5.474840409892624,5.5521928649866235,5.397487954798625,5.493748664855957,1341188,0.0,0.0
2002-03-01 00:00:00-05:00,5.492020779167941,5.526562376922821,5.443663777593996,5.516199588775635,551063,0.08,0.0
2002-03-04 00:00:00-05:00,5.517926871753691,5.543832605617451,5.500656382511184,5.519653797149658,657000,0.0,0.0
2002-03-05 00:00:00-05:00,5.45748106228369,5.521382260869461,5.45748106228369,5.5041117668151855,882563,0.0,0.0
2002-03-06 00:00:00-05:00,5.5265645608608285,5.54038058778103,5.478206922535904,5.524837017059326,931688,0.0,0.0
2002-03-07 00:00:00-05:00,5.500658085072182,5.509292714724607,5.353858263432049,5.44539213180542,1036313,0.0,0.0
2002-03-08 00:00:00-05:00,5.4747522351056865,5.4920221117111945,5.42294075236438,5.460935592651367,695813,0.0,0.0
2002-03-11 00:00:00-05:00,5.4177597239612165,5.483387235959991,5.39185398083605,5.4419379234313965,371438,0.0,0.0
2002-03-12 00:00:00-05:00,5.450572193065539,5.524834931031456,5.447117724408536,5.523108005523682,848813,0.0,0.0
2002-03-13 00:00:00-05:00,5.5231082219425,5.5421062561968,5.492021091018624,5.526562690734863,1118438,0.0,0.0
2002-03-14 00:00:00-05:00,5.52656133844487,5.587007424643715,5.52656133844487,5.543831825256348,623438,0.0,0.0
2002-03-15 00:00:00-05:00,5.611189812155954,5.612916738411387,5.543835364702001,5.595646858215332,882563,0.0,0.0
2002-03-18 00:00:00-05:00,5.561105987982021,5.6111905619323,5.500659855114613,5.604282855987549,578625,0.0,0.0
2002-03-19 00:00:00-05:00,5.612915482353289,5.6198244211123844,5.540379654723379,5.597372531890869,536063,0.0,0.0
2002-03-20 00:00:00-05:00,5.588737640947279,5.588737640947279,5.431575641667481,5.457481384277344,617438,0.0,0.0
2002-03-21 00:00:00-05:00,5.397035408731334,5.422941152011125,5.3227714132976365,5.383218765258789,1271250,0.0,0.0
2002-03-22 00:00:00-05:00,5.395305680700253,5.422938956457619,5.305499387412978,5.3521294593811035,425250,0.0,0.0
2002-03-25 00:00:00-05:00,5.35385861510343,5.35385861510343,5.20705940146231,5.245054244995117,595125,0.0,0.0
2002-03-26 00:00:00-05:00,5.245053097843126,5.353857444154706,5.243326172176905,5.336586952209473,324750,0.0,0.0
2002-03-27 00:00:00-05:00,5.371127721953777,5.474751287135236,5.3383136650378225,5.438482761383057,434625,0.0,0.0
2002-03-28 00:00:00-05:00,5.457483017715022,5.53001948931795,5.452302238227404,5.521384239196777,457500,0.0,0.0
2002-04-01 00:00:00-05:00,5.492021800789712,5.519655084133939,5.378036668740232,5.485114097595215,582563,0.0,0.0
2002-04-02 00:00:00-05:00,5.466116920001369,5.587010391887867,5.457481672009476,5.538653373718262,625125,0.0,0.0
2002-04-03 00:00:00-05:00,5.543835371096282,5.573194970397678,5.504112978966889,5.561105251312256,460313,0.0,0.0
2002-04-04 00:00:00-05:00,5.552470719443173,5.652639238226318,5.549016249224747,5.640550136566162,868313,0.0,0.0
2002-04-05 00:00:00-05:00,5.630186876388485,5.694087460237273,5.614643307504785,5.666454792022705,844875,0.0,0.0
2002-04-08 00:00:00-04:00,5.645731497994425,5.771805763244629,5.626733456015456,5.771805763244629,656813,0.0,0.0
2002-04-09 00:00:00-04:00,5.814981379740848,5.899606934612544,5.811527527559009,5.880609512329102,860625,0.0,0.0
2002-04-10 00:00:00-04:00,5.882334975226056,5.932419525254487,5.847793991432863,5.913422107696533,696000,0.0,0.0
2002-04-11 00:00:00-04:00,5.880609514826378,6.044679846366686,5.880609514826378,5.941056251525879,1341563,0.0,0.0
2002-04-12 00:00:00-04:00,5.9324201819826685,6.018772651025004,5.882335626409798,5.998048305511475,899813,0.0,0.0
2002-04-15 00:00:00-04:00,5.984231983640306,5.9928672310066355,5.820162283680061,5.84261417388916,637500,0.0,0.0
2002-04-16 00:00:00-04:00,5.854703768040317,5.925513296542992,5.846068519944056,5.880609512329102,544125,0.0,0.0
2002-04-17 00:00:00-04:00,5.846068215420408,5.989413573408108,5.846068215420408,5.965234756469727,462188,0.0,0.0
2002-04-18 00:00:00-04:00,5.966961702403866,5.977324493727528,5.86333873030032,5.894425868988037,348750,0.0,0.0
2002-04-19 00:00:00-04:00,5.894424520391897,5.923784108714014,5.85470214311704,5.889243125915527,299250,0.0,0.0
2002-04-22 00:00:00-04:00,5.854703482625025,5.90824189468353,5.854703482625025,5.894425868988037,255000,0.0,0.0
2002-04-23 00:00:00-04:00,5.894425928782157,5.894425928782157,5.771804916435766,5.790802955627441,588563,0.0,0.0
2002-04-24 00:00:00-04:00,5.792529248659748,5.8892438895071075,5.735536372596027,5.744171619415283,366375,0.0,0.0
2002-04-25 00:00:00-04:00,5.768348263440176,5.802889237719626,5.685449678112961,5.7027201652526855,531000,0.0,0.0
2002-04-26 00:00:00-04:00,5.69063211223879,5.707902602537623,5.6232770765450475,5.6612725257873535,448875,0.0,0.0
2002-04-29 00:00:00-04:00,5.69063211223879,5.695812888743568,5.619823225541862,5.6612725257873535,627750,0.0,0.0
2002-04-30 00:00:00-04:00,5.673364075627057,5.771805665849072,5.669909605488386,5.738992214202881,763313,0.0,0.0
2002-05-01 00:00:00-04:00,5.773530347959404,5.847793706553582,5.697540681429476,5.821887969970703,576750,0.0,0.0
2002-05-02 00:00:00-04:00,5.802892808888509,5.802892808888509,5.725175568931638,5.738992214202881,495938,0.0,0.0
2002-05-03 00:00:00-04:00,5.738991223096248,5.75971556978236,5.664727848461391,5.7372636795043945,377813,0.0,0.0
2002-05-06 00:00:00-04:00,5.737263404287667,5.8357055904284545,5.737263404287667,5.811526775360107,558188,0.0,0.0
2002-05-07 00:00:00-04:00,5.802891003310672,5.827069816191216,5.77871219043013,5.783893585205078,571688,0.0,0.0
2002-05-08 00:00:00-04:00,5.823616158476321,5.8547032961740255,5.685452200071613,5.688906669616699,585750,0.0,0.0
2002-05-09 00:00:00-04:00,5.69581548364364,5.716540452028995,5.623279638399233,5.640550136566162,530438,0.0,0.0
2002-05-10 00:00:00-04:00,5.647455967952344,5.6992674395961895,5.538651630443683,5.656091213226318,594375,0.0,0.0
2002-05-13 00:00:00-04:00,5.638822935211563,5.759716416482783,5.618097967837188,5.752808094024658,368625,0.0,0.0
2002-05-14 00:00:00-04:00,5.768350018521763,5.821888421416268,5.766623092810622,5.783893585205078,722438,0.0,0.0
2002-05-15 00:00:00-04:00,5.742442661435493,5.839157268057341,5.725172173908686,5.792527198791504,290063,0.0,0.0
2002-05-16 00:00:00-04:00,5.768348791579033,5.799435300691955,5.725172569776589,5.775257110595703,305438,0.0,0.0
2002-05-17 00:00:00-04:00,5.7769893724684955,5.859888041963895,5.775262445529418,5.820165634155273,354563,0.0,0.0
2002-05-20 00:00:00-04:00,5.754533767700195,5.802891396739872,5.699268435347626,5.754533767700195,324000,0.0,0.0
2002-05-21 00:00:00-04:00,5.725172288199689,5.733807532135477,5.638819848841809,5.673360824584961,528375,0.0,0.0
2002-05-22 00:00:00-04:00,5.67336113437985,5.719991207122803,5.656090645565216,5.719991207122803,299813,0.0,0.0
2002-05-23 00:00:00-04:00,5.707904249439863,5.801165047490403,5.671636332876216,5.7614426612854,492938,0.0,0.0
2002-05-24 00:00:00-04:00,5.768350362126342,5.837432335819183,5.687179290093879,5.726901054382324,564188,0.0,0.0
2002-05-28 00:00:00-04:00,5.733807518370271,5.799435001539887,5.680268511983824,5.776983737945557,435938,0.0,0.0
2002-05-29 00:00:00-04:00,5.768350591383137,5.782167233727459,5.697541689062065,5.707903861999512,322875,0.0,0.0
2002-05-30 00:00:00-04:00,5.716540079812849,5.761443248594775,5.633641446952605,5.685452938079834,388500,0.0,0.0
2002-05-31 00:00:00-04:00,5.725174224274413,5.78044017473749,5.707903730562497,5.733809471130371,852563,0.0,0.0
2002-06-03 00:00:00-04:00,5.733807639440105,5.733807639440105,5.62154946617402,5.6353654861450195,604875,0.0,0.0
2002-06-04 00:00:00-04:00,5.630188390483839,5.630188390483839,5.519657070259378,5.600828170776367,676688,0.0,0.0
2002-06-05 00:00:00-04:00,5.632067098424001,5.739674805072967,5.630330989684602,5.659836769104004,416813,0.08533,0.0
2002-06-06 00:00:00-04:00,5.659835964971691,5.659835964971691,5.545285701751709,5.545285701751709,682313,0.0,0.0
2002-06-07 00:00:00-04:00,5.545285007907681,5.621652047400307,5.501894715094111,5.60603141784668,490125,0.0,0.0
2002-06-10 00:00:00-04:00,5.649422412797444,5.673721103933743,5.62338823387365,5.640743732452393,345188,0.0,0.0
2002-06-11 00:00:00-04:00,5.645951098916563,5.675456875594948,5.4602408615861995,5.474125385284424,575625,0.0,0.0
2002-06-12 00:00:00-04:00,5.510573474664657,5.510573474664657,5.380402565002441,5.380402565002441,734813,0.0,0.0
2002-06-13 00:00:00-04:00,5.380404764734628,5.416852510200624,5.2936241228136325,5.2953596115112305,657000,0.0,0.0
2002-06-14 00:00:00-04:00,5.215519147987001,5.363046171447997,5.172128846969061,5.343954563140869,987750,0.0,0.0
2002-06-17 00:00:00-04:00,5.418585878161343,5.590411586373453,5.408172330540202,5.574790954589844,586875,0.0,0.0
2002-06-18 00:00:00-04:00,5.574792355318522,5.6216542624439265,5.52793106889707,5.599091053009033,387938,0.0,0.0
2002-06-19 00:00:00-04:00,5.579999276886744,5.647688282499227,5.553965091705322,5.553965091705322,491063,0.0,0.0
2002-06-20 00:00:00-04:00,5.519253522122073,5.6077702691196025,5.519253522122073,5.536609649658203,665813,0.0,0.0
2002-06-21 00:00:00-04:00,5.463713999822152,5.609505590931285,5.463713999822152,5.510575294494629,679125,0.0,0.0
2002-06-24 00:00:00-04:00,5.5053675326724925,5.519252058597226,5.335277279639146,5.337012767791748,1000313,0.0,0.0
2002-06-25 00:00:00-04:00,5.380400953462067,5.467181533910981,5.345688721282501,5.354366779327393,582563,0.0,0.0
2002-06-26 00:00:00-04:00,5.310979096420026,5.501897087838612,5.265853296573733,5.479333877563477,1170938,0.0,0.0
2002-06-27 00:00:00-04:00,5.562640064545575,5.562640064545575,5.461974965598928,5.538341999053955,1035375,0.0,0.0
2002-06-28 00:00:00-04:00,5.5817320616292285,5.658099091981162,5.380400630509505,5.467181205749512,1795875,0.0,0.0
2002-07-01 00:00:00-04:00,5.474127259868154,5.531402724260463,5.44635758225832,5.4984259605407715,572250,0.0,0.0
2002-07-02 00:00:00-04:00,5.441150405188954,5.460242640136579,5.3092439732192895,5.321393013000488,592125,0.0,0.0
2002-07-03 00:00:00-04:00,5.363047199354452,5.380403323088183,5.217255635850322,5.257174968719482,875250,0.0,0.0
2002-07-05 00:00:00-04:00,5.257176665616498,5.305774076038662,5.257176665616498,5.274532794952393,521625,0.0,0.0
2002-07-08 00:00:00-04:00,5.2745300286767165,5.380402237959193,5.2658519685600575,5.323126792907715,914813,0.0,0.0
2002-07-09 00:00:00-04:00,5.310976791111127,5.354367083802969,5.128737561805391,5.146093368530273,1114313,0.0,0.0
2002-07-10 00:00:00-04:00,5.163449291188215,5.205104092241017,4.908314333031403,4.937819480895996,1020750,0.0,0.0
2002-07-11 00:00:00-04:00,4.8944307474691,5.010716819531239,4.845833671035467,4.9812116622924805,1139250,0.0,0.0
2002-07-12 00:00:00-04:00,4.989891165711491,5.026338908255566,4.94823633678795,4.962121486663818,710813,0.0,0.0
2002-07-15 00:00:00-04:00,4.937819268427542,5.03154241158764,4.833682580628237,4.979474067687988,943688,0.0,0.0
2002-07-16 00:00:00-04:00,4.94649906006437,4.967326466997008,4.88054555305236,4.9412922859191895,990375,0.0,0.0
2002-07-17 00:00:00-04:00,4.981210895017487,5.038486023075958,4.746902988683971,4.856246471405029,994875,0.0,0.0
2002-07-18 00:00:00-04:00,4.842362924943496,4.873603883967712,4.654916550094286,4.665330410003662,909375,0.0,0.0
2002-07-19 00:00:00-04:00,4.5646647874585975,4.798972763111588,4.5646647874585975,4.715663433074951,1041000,0.0,0.0
2002-07-22 00:00:00-04:00,4.729548083899511,4.743433231231283,4.451850102895658,4.599377155303955,877875,0.0,0.0
2002-07-23 00:00:00-04:00,4.59937614226882,4.6167325726106965,4.347712092062345,4.387631416320801,1206375,0.0,0.0
2002-07-24 00:00:00-04:00,4.344240995611053,4.561192815307084,4.234897496972005,4.535158634185791,1239563,0.0,0.0
2002-07-25 00:00:00-04:00,4.542101554856818,4.8145933728772645,4.542101554856818,4.644503116607666,1254188,0.0,0.0
2002-07-26 00:00:00-04:00,4.668801551842003,4.885753080492691,4.668801551842003,4.8701324462890625,1208625,0.0,0.0
2002-07-29 00:00:00-04:00,5.015924214704066,5.2953579819074115,5.015924214704066,5.2936224937438965,998438,0.0,0.0
2002-07-30 00:00:00-04:00,5.293623357948531,5.430736876513267,5.180808539751625,5.399495601654053,1969875,0.0,0.0
2002-07-31 00:00:00-04:00,5.371724523978098,5.465447703417981,5.291886489901108,5.463712215423584,1074188,0.0,0.0
2002-08-01 00:00:00-04:00,5.46197483840248,5.519249646632211,5.364780095884793,5.439411640167236,748688,0.0,0.0
2002-08-02 00:00:00-04:00,5.363046835650034,5.3856100432553,5.099233710717877,5.121796607971191,743438,0.0,0.0
2002-08-05 00:00:00-04:00,5.12873868989396,5.182542540525496,4.963855231046266,4.9812116622924805,682500,0.0,0.0
2002-08-06 00:00:00-04:00,5.024602906863166,5.16345221898603,5.024602906863166,5.095763206481934,723563,0.0,0.0
2002-08-07 00:00:00-04:00,5.120060310063451,5.159979636331444,4.995096177774594,5.127003192901611,666750,0.0,0.0
2002-08-08 00:00:00-04:00,5.083612327798169,5.274529958164302,5.083612327798169,5.2502312660217285,657750,0.0,0.0
2002-08-09 00:00:00-04:00,5.250229886823218,5.4151129835218725,5.17212736733438,5.352631092071533,624375,0.0,0.0
2002-08-12 00:00:00-04:00,5.317922916458724,5.40123258239079,5.284946147831277,5.369991302490234,459375,0.0,0.0
2002-08-13 00:00:00-04:00,5.366517820610511,5.455033911414905,5.276265621185303,5.276265621185303,1133813,0.0,0.0
2002-08-14 00:00:00-04:00,5.278001825675858,5.3404843648008695,5.23634762719774,5.337012767791748,839250,0.0,0.0
2002-08-15 00:00:00-04:00,5.371724504358293,5.411643831602916,5.338747749769761,5.380402565002441,669938,0.0,0.0
2002-08-16 00:00:00-04:00,5.380400257629685,5.418584080511202,5.310975802249028,5.37692928314209,662063,0.0,0.0
2002-08-19 00:00:00-04:00,5.375199525664657,5.449831772357334,5.323131122613526,5.402969837188721,649500,0.0,0.0
2002-08-20 00:00:00-04:00,5.404703559844575,5.411646135456268,5.279739681650599,5.369991302490234,424875,0.0,0.0
2002-08-21 00:00:00-04:00,5.389080448766543,5.423793310907649,5.31097790553269,5.373459815979004,411000,0.0,0.0
2002-08-22 00:00:00-04:00,5.397760629369161,5.569587036821749,5.373461926677763,5.536609649658203,705000,0.0,0.0
2002-08-23 00:00:00-04:00,5.54528577363694,5.54528577363694,5.44462003212739,5.453298091888428,527625,0.0,0.0
2002-08-26 00:00:00-04:00,5.3942875283024705,5.508837800799333,5.392552040372971,5.500159740447998,537000,0.0,0.0
2002-08-27 00:00:00-04:00,5.527930753064508,5.573056548652127,5.402966295240429,5.420322418212891,861750,0.0,0.0
2002-08-28 00:00:00-04:00,5.40296439226933,5.435941138443095,5.3595741001206125,5.401228904724121,550313,0.0,0.0
2002-08-29 00:00:00-04:00,5.401228560462556,5.57131874312586,5.328332501876715,5.538341999053955,707625,0.0,0.0
2002-08-30 00:00:00-04:00,5.534870287522669,5.675455318741584,5.505365139641758,5.571318626403809,866813,0.0,0.0
2002-09-03 00:00:00-04:00,5.566114298465227,5.566114298465227,5.432471771396249,5.477598190307617,637313,0.0,0.0
2002-09-04 00:00:00-04:00,5.486316265092171,5.596217185631452,5.439216227070395,5.585750579833984,524813,0.08533,0.0
2002-09-05 00:00:00-04:00,5.564817776132025,5.580517999672342,5.451428797792218,5.463639736175537,798563,0.0,0.0
2002-09-06 00:00:00-04:00,5.521206861320106,5.563073919707726,5.484573419180884,5.502017974853516,390938,0.0,0.0
2002-09-09 00:00:00-04:00,5.460151510457373,5.678209103953542,5.433984674101824,5.65553092956543,689250,0.0,0.0
2002-09-10 00:00:00-04:00,5.659018008484631,5.756708002644249,5.603195689421776,5.693907737731934,1026000,0.0,0.0
2002-09-11 00:00:00-04:00,5.73054249813991,5.73054249813991,5.6607642712499135,5.678208827972412,393188,0.0,0.0
2002-09-12 00:00:00-04:00,5.674720192473456,5.709609309915778,5.6031976264900205,5.620642185211182,726188,0.0,0.0
2002-09-13 00:00:00-04:00,5.620639979923765,5.68692952660178,5.582262215341578,5.63459587097168,953813,0.0,0.0
2002-09-16 00:00:00-04:00,5.582263369006288,5.599707924488187,5.160104440091168,5.212438106536865,2987813,0.0,0.0
2002-09-17 00:00:00-04:00,5.235116165663326,5.338039171699799,5.133937802401446,5.144404411315918,2181938,0.0,0.0
2002-09-18 00:00:00-04:00,5.144405889101611,5.338040705109166,5.072883001196108,5.294429302215576,968250,0.0,0.0
2002-09-19 00:00:00-04:00,5.2508169114569165,5.268261469332412,5.099048883620147,5.100793838500977,534188,0.0,0.0
2002-09-20 00:00:00-04:00,5.16533774743146,5.207204805386304,5.067648049514576,5.083348274230957,836625,0.0,0.0
2002-09-23 00:00:00-04:00,5.083347292964928,5.085091935337336,4.9804246225879805,5.055436134338379,812813,0.0,0.0
2002-09-24 00:00:00-04:00,4.962981456426102,5.076371395963176,4.887969919013346,4.903669834136963,758438,0.0,0.0
2002-09-25 00:00:00-04:00,4.980424118165516,4.989146081411396,4.832144816255414,4.907156944274902,1316625,0.0,0.0
2002-09-26 00:00:00-04:00,4.954259181208869,5.0571821988097785,4.954259181208869,5.041481971740723,795750,0.0,0.0
2002-09-27 00:00:00-04:00,5.058927897333471,5.058927897333471,4.915882116694544,4.929837703704834,1017938,0.0,0.0
2002-09-30 00:00:00-04:00,4.901925203982741,4.978681067747779,4.776324330991526,4.950769901275635,611813,0.0,0.0
2002-10-01 00:00:00-04:00,5.032760744925407,5.076372146606445,4.919370788621358,5.076372146606445,1115625,0.0,0.0
2002-10-02 00:00:00-04:00,5.03276048223231,5.0536940163332185,4.867036852561228,4.88971471786499,982313,0.0,0.0
2002-10-03 00:00:00-04:00,4.889712707930187,5.067647206747264,4.837379050156529,4.868779182434082,1048313,0.0,0.0
2002-10-04 00:00:00-04:00,4.87401103916562,4.9106447758938145,4.683865347585346,4.723988056182861,968625,0.0,0.0
2002-10-07 00:00:00-04:00,4.666421664236608,4.779810923907405,4.605365429132102,4.648976802825928,509438,0.0,0.0
2002-10-08 00:00:00-04:00,4.683867959718553,4.851335895442638,4.666423714509745,4.816446781158447,486000,0.0,0.0
2002-10-09 00:00:00-04:00,4.779812152866333,4.779812152866333,4.52861045102904,4.546055316925049,605813,0.0,0.0
2002-10-10 00:00:00-04:00,4.537332706604171,4.971702534934587,4.537332706604171,4.949024677276611,843000,0.0,0.0
2002-10-11 00:00:00-04:00,5.381651492608994,5.381651492608994,5.135683021255713,5.25081729888916,1509938,0.0,0.0
2002-10-14 00:00:00-04:00,5.233372739726516,5.294428696795771,5.149638918132487,5.25081729888916,721125,0.0,0.0
2002-10-15 00:00:00-04:00,5.407817698860856,5.556097058267397,5.407817698860856,5.474107265472412,630188,0.0,0.0
2002-10-16 00:00:00-04:00,5.39037322998047,5.413051404157401,5.315362007446356,5.390373229980469,486938,0.0,0.0
2002-10-17 00:00:00-04:00,5.529931463247921,5.636343160794861,5.529931463247921,5.617153644561768,655688,0.0,0.0
2002-10-18 00:00:00-04:00,5.5822639871987185,5.669486150400877,5.519463081415958,5.547374248504639,864563,0.0,0.0
2002-10-21 00:00:00-04:00,5.521206992048992,5.6049411108068545,5.46364033128618,5.564818382263184,746625,0.0,0.0
2002-10-22 00:00:00-04:00,5.561330844491352,5.561330844491352,5.446196875831576,5.4601521492004395,410250,0.0,0.0
2002-10-23 00:00:00-04:00,5.390372034096457,5.4601502482474595,5.313615873757066,5.421772480010986,478875,0.0,0.0
2002-10-24 00:00:00-04:00,5.420028478279906,5.491551027350881,5.259538201675307,5.268260478973389,812625,0.0,0.0
2002-10-25 00:00:00-04:00,5.268261197107805,5.390373095926437,5.23511641408372,5.346761703491211,1097063,0.0,0.0
2002-10-28 00:00:00-05:00,5.390373034987697,5.440962374413954,5.229883050253766,5.263028144836426,647813,0.0,0.0
2002-10-29 00:00:00-05:00,5.21592785032814,5.268261524502675,5.0589268278045365,5.151382923126221,1244063,0.0,0.0
2002-10-30 00:00:00-05:00,5.163592847144294,5.20720423106501,5.097303294038228,5.153126239776611,768188,0.0,0.0
2002-10-31 00:00:00-05:00,5.170572089653794,5.233372689192903,5.126961004101616,5.200228214263916,710625,0.0,0.0
2002-11-01 00:00:00-05:00,5.198483467102051,5.226394948093819,5.119982641266856,5.198483467102051,575813,0.0,0.0
2002-11-04 00:00:00-05:00,5.242093363781814,5.242093363781814,5.179293095402821,5.181037425994873,686438,0.0,0.0
2002-11-05 00:00:00-05:00,5.198482313493352,5.222904814949825,5.146148337239019,5.156615257263184,601500,0.0,0.0
2002-11-06 00:00:00-05:00,5.215928432729795,5.233372992735803,5.132194607087625,5.219417095184326,797813,0.0,0.0
2002-11-07 00:00:00-05:00,5.224650085220535,5.224650085220535,5.13393832169766,5.147893905639648,595500,0.0,0.0
2002-11-08 00:00:00-05:00,5.085094051882055,5.177550154239913,5.085094051882055,5.111260890960693,460688,0.0,0.0
2002-11-11 00:00:00-05:00,5.1077717951818,5.172316413826915,5.076371651421115,5.114749431610107,390188,0.0,0.0
2002-11-12 00:00:00-05:00,5.11823653045874,5.144403359327285,5.069391845624097,5.085092067718506,810000,0.0,0.0
2002-11-13 00:00:00-05:00,5.067649554336888,5.123472210875287,5.025782483949751,5.076372146606445,390188,0.0,0.0
2002-11-14 00:00:00-05:00,5.102536860031622,5.1496372165945745,5.06241413766819,5.072880744934082,359438,0.0,0.0
2002-11-15 00:00:00-05:00,5.085094465607808,5.123472249832251,5.017060553694744,5.113005638122559,677438,0.0,0.0
2002-11-18 00:00:00-05:00,5.174061043964717,5.174061043964717,5.060671105840696,5.100793838500977,402188,0.0,0.0
2002-11-19 00:00:00-05:00,5.0763697159267975,5.130447703344192,5.060669494065902,5.092069625854492,377250,0.0,0.0
2002-11-20 00:00:00-05:00,5.083349065398163,5.200227979707455,5.05892687106784,5.188016414642334,490875,0.0,0.0
2002-11-21 00:00:00-05:00,5.229880406834762,5.233369378813308,5.198480282894086,5.222902774810791,925500,0.0,0.0
2002-11-22 00:00:00-05:00,5.198482121291047,5.250815783677215,5.198482121291047,5.224648952484131,1088813,0.0,0.0
2002-11-25 00:00:00-05:00,5.163594298132099,5.250817090483436,5.163594298132099,5.214183330535889,682875,0.0,0.0
2002-11-26 00:00:00-05:00,5.203716798670207,5.221161669336757,5.146149505303882,5.174061298370361,268125,0.0,0.0
2002-11-27 00:00:00-05:00,5.191504577571934,5.292683248913554,5.177548995573067,5.212438106536865,303938,0.0,0.0
2002-11-29 00:00:00-05:00,5.215928432729795,5.242095272738807,5.163594752711771,5.219417095184326,272438,0.0,0.0
2002-12-02 00:00:00-05:00,5.233371934437064,5.259538769154587,5.135682230998345,5.165338039398193,528188,0.0,0.0
2002-12-03 00:00:00-05:00,5.165337434105584,5.1810376578696005,5.076370331264797,5.135681629180908,655125,0.0,0.0
2002-12-04 00:00:00-05:00,5.130420684814453,5.156730508745781,5.112880802193567,5.130420684814453,415500,0.08533,0.0
2002-12-05 00:00:00-05:00,5.139187387792864,5.174266817292358,5.095337395233799,5.158481121063232,386625,0.0,0.0
2002-12-06 00:00:00-05:00,5.121649465733258,5.169007202622286,5.0900777456865,5.151467323303223,522938,0.0,0.0
2002-12-09 00:00:00-05:00,5.086569885247249,5.119895466883142,5.037457973551788,5.104109764099121,854813,0.0,0.0
2002-12-10 00:00:00-05:00,5.107616259845636,5.2075936018307845,5.095337971992644,5.165497779846191,495563,0.0,0.0
2002-12-11 00:00:00-05:00,5.174268709034707,5.235658595606836,5.156729144691217,5.226888656616211,581438,0.0,0.0
2002-12-12 00:00:00-05:00,5.235660024999579,5.235660024999579,5.1111266691510835,5.1444525718688965,358688,0.0,0.0
2002-12-13 00:00:00-05:00,5.14445147262481,5.151467236050937,5.081308033600777,5.112879753112793,646125,0.0,0.0
2002-12-16 00:00:00-05:00,5.121649265289307,5.191809093457525,5.121649265289307,5.121649265289307,622500,0.0,0.0
2002-12-17 00:00:00-05:00,5.139188292900313,5.16374392923843,5.112878480913809,5.128664493560791,676313,0.0,0.0
2002-12-18 00:00:00-05:00,5.095338513584024,5.11989446462474,5.032195087533202,5.042718887329102,636563,0.0,0.0
2002-12-19 00:00:00-05:00,5.051489715414235,5.095339411688954,5.033950150542114,5.086569786071777,706125,0.0,0.0
2002-12-20 00:00:00-05:00,5.0865690480149945,5.088322910156393,5.042719044465105,5.058505058288574,615375,0.0,0.0
2002-12-23 00:00:00-05:00,5.0339502705470025,5.05148983583725,5.007640452154968,5.040966033935547,1088625,0.0,0.0
2002-12-24 00:00:00-05:00,5.040965462954581,5.044473501070392,4.998869632840334,5.0076398849487305,313688,0.0,0.0
2002-12-26 00:00:00-05:00,5.033950593477636,5.086570233637283,5.0129026746862175,5.025180339813232,447750,0.0,0.0
2002-12-27 00:00:00-05:00,5.033951591917428,5.033951591917428,4.9444979977210215,4.956775665283203,518438,0.0,0.0
2002-12-30 00:00:00-05:00,4.972559726077532,4.979575488542527,4.911170157910723,4.9374799728393555,770063,0.0,0.0
2002-12-31 00:00:00-05:00,4.94625071843627,4.970806675165913,4.881353101626028,4.911170959472656,1007625,0.0,0.0
2003-01-02 00:00:00-05:00,4.955018625023396,5.147957220156295,4.9304626783696,5.125155448913574,614813,0.0,0.0
2003-01-03 00:00:00-05:00,5.15672768696678,5.15672768696678,5.095337817748586,5.133925914764404,415875,0.0,0.0
2003-01-06 00:00:00-05:00,5.19180923279285,5.3759779633779115,5.183039293241181,5.309326171875,846938,0.0,0.0
2003-01-07 00:00:00-05:00,5.309323677576753,5.333879622240258,5.147956802907965,5.186544895172119,763875,0.0,0.0
2003-01-08 00:00:00-05:00,5.165498905963997,5.1830387833417895,5.112879273830617,5.118141174316406,447938,0.0,0.0
2003-01-09 00:00:00-05:00,5.139188118603163,5.270737174074156,5.135680081063065,5.260213375091553,465938,0.0,0.0
2003-01-10 00:00:00-05:00,5.244428612553855,5.244428612553855,5.1286655416119435,5.156729221343994,670875,0.0,0.0
2003-01-13 00:00:00-05:00,5.191807916873321,5.207593929520303,5.107616581244048,5.128664493560791,635813,0.0,0.0
2003-01-14 00:00:00-05:00,5.13918722627351,5.163742857515162,5.088321474868263,5.147956848144531,584063,0.0,0.0
2003-01-15 00:00:00-05:00,5.1391908020519805,5.1479604300247885,5.069030955528855,5.098848819732666,748500,0.0,0.0
2003-01-16 00:00:00-05:00,5.11112653429748,5.1637461812186345,5.084816710836902,5.107618808746338,545250,0.0,0.0
2003-01-17 00:00:00-05:00,5.086568941173385,5.091830841124777,5.033949314384041,5.051488876342773,551438,0.0,0.0
2003-01-21 00:00:00-05:00,4.990099416570504,5.090076772297791,4.990099416570504,5.058505058288574,467250,0.0,0.0
2003-01-22 00:00:00-05:00,5.025179560897512,5.042719438232002,4.962036127948448,4.972559928894043,456188,0.0,0.0
2003-01-23 00:00:00-05:00,5.0339509853606454,5.051490553141486,4.969053047746218,4.991855144500732,302813,0.0,0.0
2003-01-24 00:00:00-05:00,4.990097664581654,4.990097664581654,4.826976624468885,4.8638105392456055,524813,0.0,0.0
2003-01-27 00:00:00-05:00,4.865565778149069,4.955019008265218,4.832239579137626,4.86030387878418,457313,0.0,0.0
2003-01-28 00:00:00-05:00,4.737524028488484,4.84627161896217,4.665610987283684,4.811191558837891,1196625,0.0,0.0
2003-01-29 00:00:00-05:00,4.828733719109018,4.8410116981245865,4.746296218447688,4.804177761077881,907125,0.0,0.0
2003-01-30 00:00:00-05:00,4.737525946611639,4.772606020939092,4.727002143859863,4.727002143859863,2330063,0.0,0.0
2003-01-31 00:00:00-05:00,4.7270004989843155,4.762080247467111,4.700690687622219,4.760326385498047,1143938,0.0,0.0
2003-02-03 00:00:00-05:00,4.770852088928223,4.784883616634518,4.71998631121337,4.770852088928223,854813,0.0,0.0
2003-02-04 00:00:00-05:00,4.709461540962789,4.709461540962789,4.648071969174634,4.677889823913574,1201313,0.0,0.0
2003-02-05 00:00:00-05:00,4.709460905758287,4.718231157040002,4.648071342250256,4.6515793800354,945375,0.0,0.0
2003-02-06 00:00:00-05:00,4.604222358188196,4.651580091436132,4.572650640568825,4.591944694519043,789563,0.0,0.0
2003-02-07 00:00:00-05:00,4.604222684680443,4.655088459857001,4.548095008467154,4.570897102355957,655500,0.0,0.0
2003-02-10 00:00:00-05:00,4.612992540313339,4.669120215504887,4.5340630852858474,4.646318435668945,554625,0.0,0.0
2003-02-11 00:00:00-05:00,4.690168512250728,4.718232508935227,4.602469110682545,4.634040832519531,483938,0.0,0.0
2003-02-12 00:00:00-05:00,4.6252715070065795,4.656843233039074,4.569143819816676,4.577913761138916,432188,0.0,0.0
2003-02-13 00:00:00-05:00,4.542831001410533,4.653332447772249,4.539323277861877,4.598958969116211,524813,0.0,0.0
2003-02-14 00:00:00-05:00,4.595451460222303,4.648071083153157,4.560371711601733,4.607729434967041,447000,0.0,0.0
2003-02-18 00:00:00-05:00,4.639302236111152,4.714723964277639,4.639302236111152,4.697184085845947,415875,0.0,0.0
2003-02-19 00:00:00-05:00,4.6796431686243904,4.6831512064946805,4.5814199900825745,4.60597562789917,489750,0.0,0.0
2003-02-20 00:00:00-05:00,4.612989461588832,4.612989461588832,4.544584167734924,4.563877582550049,524063,0.0,0.0
2003-02-21 00:00:00-05:00,4.58668379595478,4.702447211950736,4.576159991608715,4.68315315246582,631875,0.0,0.0
2003-02-24 00:00:00-05:00,4.6831510964954335,4.6831510964954335,4.593697857911589,4.641055583953857,559125,0.0,0.0
2003-02-25 00:00:00-05:00,4.597207832245204,4.670875402272114,4.597207832245204,4.649827480316162,748875,0.0,0.0
2003-02-26 00:00:00-05:00,4.639301903115495,4.651579879863955,4.5638801803625615,4.57265043258667,514688,0.0,0.0
2003-02-27 00:00:00-05:00,4.604222123681862,4.6831515705290645,4.583174208461727,4.65684175491333,513938,0.0,0.0
2003-02-28 00:00:00-05:00,4.691922724489863,4.793653968362499,4.683152470627906,4.788392066955566,706125,0.0,0.0
2003-03-03 00:00:00-05:00,4.8234705483250035,4.826978272573926,4.742786931483127,4.762080669403076,688500,0.0,0.0
2003-03-04 00:00:00-05:00,4.709461809542334,4.737525489933713,4.663857936859131,4.663857936859131,586500,0.0,0.0
2003-03-05 00:00:00-05:00,4.658563847315031,4.720325367413257,4.6462118588317995,4.677974700927734,682313,0.08533,0.0
2003-03-06 00:00:00-05:00,4.6497415420529915,4.713267236135762,4.633859960764068,4.695621490478516,650438,0.0,0.0
2003-03-07 00:00:00-05:00,4.702679187498288,4.746794650970815,4.655034764620013,4.737971305847168,296438,0.0,0.0
2003-03-10 00:00:00-05:00,4.702677956788557,4.729147038623152,4.568567752838135,4.568567752838135,257438,0.0,0.0
2003-03-11 00:00:00-05:00,4.535038864448009,4.596800033958875,4.453866852340559,4.4626898765563965,1001625,0.0,0.0
2003-03-12 00:00:00-05:00,4.446809223137984,4.455632564708344,4.340932910729268,4.374460220336914,908063,0.0,0.0
2003-03-13 00:00:00-05:00,4.39740262083408,4.58445105907642,4.383285834966243,4.570333957672119,753938,0.0,0.0
2003-03-14 00:00:00-05:00,4.508572417936396,4.633859308563426,4.508572417936396,4.596802711486816,612000,0.0,0.0
2003-03-17 00:00:00-05:00,4.596802832451647,4.743265376028642,4.538570584746852,4.737971305847168,614625,0.0,0.0
2003-03-18 00:00:00-05:00,4.755617168769306,4.764440197992422,4.658563847315031,4.677974700927734,816188,0.0,0.0
2003-03-19 00:00:00-05:00,4.685033557772265,4.7538533210754395,4.658564466584345,4.7538533210754395,263250,0.0,0.0
2003-03-20 00:00:00-05:00,4.729148286214913,4.7909094934554615,4.670916353923966,4.787380218505859,657563,0.0,0.0
2003-03-21 00:00:00-05:00,4.870314798953403,4.939134523925327,4.817376646063085,4.9320759773254395,552188,0.0,0.0
2003-03-24 00:00:00-05:00,4.870317065191896,4.870317065191896,4.7309130714992484,4.737971305847168,513375,0.0,0.0
2003-03-25 00:00:00-05:00,4.746793326424722,4.767968654632568,4.679738067843819,4.767968654632568,606938,0.0,0.0
2003-03-26 00:00:00-05:00,4.746794508017764,4.762675771474628,4.690326741716409,4.7115020751953125,411938,0.0,0.0
2003-03-27 00:00:00-05:00,4.697385161292675,4.773263463785308,4.655034495507782,4.734441757202148,423938,0.0,0.0
2003-03-28 00:00:00-05:00,4.720324864710594,4.776791993295799,4.68503243604027,4.743264675140381,360188,0.0,0.0
2003-03-31 00:00:00-05:00,4.702680045713777,4.787381082101318,4.649741858529503,4.7203264236450195,384563,0.0,0.0
2003-04-01 00:00:00-05:00,4.737970066176795,4.87031579089381,4.720324327155717,4.850904941558838,543563,0.0,0.0
2003-04-02 00:00:00-05:00,4.880904695042383,4.942666219214886,4.85972936040273,4.866787910461426,707250,0.0,0.0
2003-04-03 00:00:00-05:00,4.923254250119337,4.939135826388959,4.843846999843952,4.891491413116455,574875,0.0,0.0
2003-04-04 00:00:00-05:00,4.905609040333227,4.939136678000475,4.870316923014616,4.912667274475098,580125,0.0,0.0
2003-04-07 00:00:00-04:00,5.011485950114512,5.064424447521399,4.905609586373645,4.919726371765137,554438,0.0,0.0
2003-04-08 00:00:00-04:00,4.861493286442121,4.923254803580204,4.85267057317828,4.910902500152588,559313,0.0,0.0
2003-04-09 00:00:00-04:00,4.8703171143133055,4.976193470427802,4.843848025284681,4.847377300262451,479813,0.0,0.0
2003-04-10 00:00:00-04:00,4.850904228439224,4.985014412682231,4.782084499567758,4.870315074920654,755625,0.0,0.0
2003-04-11 00:00:00-04:00,4.884433123677666,4.951488075469989,4.835023912901488,4.857964038848877,501938,0.0,0.0
2003-04-14 00:00:00-04:00,4.884431927248748,4.967368435837814,4.870315148571872,4.955016136169434,471938,0.0,0.0
2003-04-15 00:00:00-04:00,4.955017992860455,5.0644239363265,4.940901208893889,5.022073268890381,486750,0.0,0.0
2003-04-16 00:00:00-04:00,5.057363288046819,5.115595514125606,5.032659003699019,5.062657356262207,896250,0.0,0.0
2003-04-17 00:00:00-04:00,5.046778191201725,5.135008811950684,5.046778191201725,5.135008811950684,897750,0.0,0.0
2003-04-21 00:00:00-04:00,5.126185164466557,5.1403022648996215,5.073246984451894,5.10853910446167,655500,0.0,0.0
2003-04-22 00:00:00-04:00,5.083831444671816,5.295584353245591,5.083831444671816,5.256762981414795,1071563,0.0,0.0
2003-04-23 00:00:00-04:00,5.293822067659391,5.311468124389648,5.195003960648118,5.311468124389648,464813,0.0,0.0
2003-04-24 00:00:00-04:00,5.293821221392925,5.306173206700419,5.209120225735206,5.251470565795898,741188,0.0,0.0
2003-04-25 00:00:00-04:00,5.249704908932416,5.284997008833943,5.156180591764358,5.191473007202148,415500,0.0,0.0
2003-04-28 00:00:00-04:00,5.189707660025371,5.274408627658583,5.16853233923301,5.263821125030518,405375,0.0,0.0
2003-04-29 00:00:00-04:00,5.290293448677722,5.346760900318186,5.237355271927866,5.297352313995361,1091063,0.0,0.0
2003-04-30 00:00:00-04:00,5.299116457273041,5.404992804051492,5.272647055042026,5.399698734283447,1582500,0.0,0.0
2003-05-01 00:00:00-04:00,5.385579744353892,5.461458018661268,5.383815265408448,5.450870513916016,703125,0.0,0.0
2003-05-02 00:00:00-04:00,5.450870820335037,5.544395151499468,5.445577383201135,5.542630672454834,827438,0.0,0.0
2003-05-05 00:00:00-04:00,5.523220391635057,5.549689474748731,5.493222349868648,5.547924995422363,919875,0.0,0.0
2003-05-06 00:00:00-04:00,5.549690680867331,5.567337371184337,5.5073400124668055,5.540868282318115,791813,0.0,0.0
2003-05-07 00:00:00-04:00,5.514396073733738,5.52674805578748,5.459692816166452,5.4843974113464355,484125,0.0,0.0
2003-05-08 00:00:00-04:00,5.461457177817191,5.484397293793871,5.410283509842474,5.4543986320495605,577500,0.0,0.0
2003-05-09 00:00:00-04:00,5.523219334610874,5.556746959686279,5.470281178514739,5.556746959686279,487688,0.0,0.0
2003-05-12 00:00:00-04:00,5.553219316150878,5.6096864435901,5.491458119419901,5.604393005371094,394125,0.0,0.0
2003-05-13 00:00:00-04:00,5.584984101264553,5.643216362773836,5.577926180779917,5.613218307495117,449813,0.0,0.0
2003-05-14 00:00:00-04:00,5.6096855667063,5.634390167751516,5.600862539981056,5.623802661895752,458813,0.0,0.0
2003-05-15 00:00:00-04:00,5.636155158572888,5.636155158572888,5.567336048726204,5.595569610595703,643125,0.0,0.0
2003-05-16 00:00:00-04:00,5.6061566074410285,5.6061566074410285,5.53910135191212,5.5849809646606445,1515938,0.0,0.0
2003-05-19 00:00:00-04:00,5.576160634810716,5.622040900821581,5.498518466949463,5.498518466949463,605250,0.0,0.0
2003-05-20 00:00:00-04:00,5.505575627395735,5.562043396591382,5.454401928493478,5.470283508300781,618563,0.0,0.0
2003-05-21 00:00:00-04:00,5.480869035293264,5.542630852442025,5.4526354764444225,5.502044677734375,645938,0.0,0.0
2003-05-22 00:00:00-04:00,5.514397919732416,5.553218988673481,5.47557621971864,5.528514385223389,486000,0.0,0.0
2003-05-23 00:00:00-04:00,5.5726283399237,5.683798716308267,5.540865826008522,5.6767401695251465,542438,0.0,0.0
2003-05-27 00:00:00-04:00,5.673210693477583,5.784381059707825,5.6290949378807635,5.77202844619751,744563,0.0,0.0
2003-05-28 00:00:00-04:00,5.805556666262122,5.814379692077637,5.779087588815577,5.814379692077637,463688,0.0,0.0
2003-05-29 00:00:00-04:00,5.805556337427063,5.877905018801836,5.7984977909599404,5.802026748657227,912750,0.0,0.0
2003-05-30 00:00:00-04:00,5.91143578847303,6.077308878935011,5.876143668420391,6.059662818908691,2806500,0.0,0.0
2003-06-02 00:00:00-04:00,6.087893849156242,6.14965503348453,6.052601743825792,6.084364891052246,1114875,0.0,0.0
2003-06-03 00:00:00-04:00,6.052603029915479,6.105541199159742,5.943197732573106,5.967901706695557,741375,0.0,0.0
2003-06-04 00:00:00-04:00,6.003371946775709,6.125744974795246,5.9962777386964365,6.070765972137451,513188,0.09067,0.0
2003-06-05 00:00:00-04:00,6.077862740488484,6.12752158888325,6.065448345520405,6.123974800109863,558375,0.0,0.0
2003-06-06 00:00:00-04:00,6.162988750643476,6.205553364694241,6.088501151750304,6.095595359802246,406313,0.0,0.0
2003-06-09 00:00:00-04:00,6.095597643883806,6.095597643883806,5.987412357640574,5.9998273849487305,355313,0.0,0.0
2003-06-10 00:00:00-04:00,6.017562124043033,6.084956169128418,6.012241307861157,6.084956169128418,505500,0.0,0.0
2003-06-11 00:00:00-04:00,6.074311238125382,6.092046436752474,5.966126653352272,5.987408638000488,1523063,0.0,0.0
2003-06-12 00:00:00-04:00,6.021110326667931,6.061901568950121,5.998054296810828,6.038845539093018,668625,0.0,0.0
2003-06-13 00:00:00-04:00,6.06544763504929,6.216196922701164,5.983865794466388,6.058353424072266,407438,0.0,0.0
2003-06-16 00:00:00-04:00,6.136386330894891,6.271174389550321,6.118651126783485,6.233930587768555,670313,0.0,0.0
2003-06-17 00:00:00-04:00,6.278268990168844,6.278268990168844,6.1807253516095,6.207328796386719,516375,0.0,0.0
2003-06-18 00:00:00-04:00,6.209103678550118,6.209103678550118,6.139936227776479,6.173632621765137,300375,0.0,0.0
2003-06-19 00:00:00-04:00,6.100918782580821,6.189594844706254,6.0317513272707375,6.038845539093018,472500,0.0,0.0
2003-06-20 00:00:00-04:00,6.0796354117417275,6.159443849675199,6.0796354117417275,6.136387825012207,935250,0.0,0.0
2003-06-23 00:00:00-04:00,6.109786638005754,6.109786638005754,5.987413540428929,5.996281147003174,521813,0.0,0.0
2003-06-24 00:00:00-04:00,6.003373895192978,6.154123170194946,6.003373895192978,6.083182334899902,591000,0.0,0.0
2003-06-25 00:00:00-04:00,6.109783535874013,6.136386342089654,6.04771032137085,6.076086521148682,955688,0.0,0.0
2003-06-26 00:00:00-04:00,6.031749029338047,6.148801894158636,5.989185043142545,6.09736967086792,928313,0.0,0.0
2003-06-27 00:00:00-04:00,6.118651292030769,6.155895094818384,6.100916087440385,6.147027492523193,1373625,0.0,0.0
2003-06-30 00:00:00-04:00,6.182499649403674,6.196688070791213,6.0760883917805115,6.077861785888672,542813,0.0,0.0
2003-07-01 00:00:00-04:00,6.0565796616290735,6.1204262880178595,6.022882637232985,6.115106105804443,1083563,0.0,0.0
2003-07-02 00:00:00-04:00,6.15944610915532,6.15944610915532,6.109787253631395,6.1275224685668945,815250,0.0,0.0
2003-07-03 00:00:00-04:00,6.0831835579097895,6.147030195659327,6.0831835579097895,6.123974800109863,275063,0.0,0.0
2003-07-07 00:00:00-04:00,6.1363875851707,6.2002342061698075,6.1363875851707,6.155896186828613,425063,0.0,0.0
2003-07-08 00:00:00-04:00,6.118653933628379,6.207330629125504,6.109786327504788,6.187821388244629,469875,0.0,0.0
2003-07-09 00:00:00-04:00,6.1895944038489885,6.207330249272057,6.143482981680321,6.198462009429932,463688,0.0,0.0
2003-07-10 00:00:00-04:00,6.180725983430588,6.194914404194036,6.067220520106298,6.083182334899902,408750,0.0,0.0
2003-07-11 00:00:00-04:00,6.070770367303833,6.210878699827889,6.070770367303833,6.164767265319824,361688,0.0,0.0
2003-07-14 00:00:00-04:00,6.207328765399002,6.361624811918196,6.205554737297954,6.310192584991455,845250,0.0,0.0
2003-07-15 00:00:00-04:00,6.322611369620665,6.363402627591494,6.28004671657751,6.32083797454834,1239000,0.0,0.0
2003-07-16 00:00:00-04:00,6.365170455184496,6.402414256172844,6.264080047607422,6.264080047607422,618563,0.0,0.0
2003-07-17 00:00:00-04:00,6.278269668746605,6.296004877674279,6.20555543899536,6.205555438995361,501000,0.0,0.0
2003-07-18 00:00:00-04:00,6.225062468110622,6.262306904851285,6.162989252557438,6.196686267852783,877688,0.0,0.0
2003-07-21 00:00:00-04:00,6.203780904878648,6.203780904878648,6.0814078589141145,6.09736967086792,613875,0.0,0.0
2003-07-22 00:00:00-04:00,6.0973676057099375,6.111556019143527,6.047708792953144,6.065443992614746,530063,0.0,0.0
2003-07-23 00:00:00-04:00,6.056579831880486,6.068994859249672,5.955488755850535,6.037071228027344,600938,0.0,0.0
2003-07-24 00:00:00-04:00,6.1009172980376585,6.125746716243254,5.976770841270751,5.978544235229492,717938,0.0,0.0
2003-07-25 00:00:00-04:00,5.976770849537096,6.063673496246338,5.941300433268921,6.063673496246338,623250,0.0,0.0
2003-07-28 00:00:00-04:00,6.118653970206605,6.241027062295961,6.116880575823529,6.1860480308532715,534938,0.0,0.0
2003-07-29 00:00:00-04:00,6.171858650493583,6.189593860097443,6.0760883917805115,6.077861785888672,540750,0.0,0.0
2003-07-30 00:00:00-04:00,6.074311769020049,6.092046969197196,5.990956581891773,6.072538375854492,788625,0.0,0.0
2003-07-31 00:00:00-04:00,6.086727225129483,6.171855811513199,6.037068407376689,6.12219762802124,479625,0.0,0.0
2003-08-01 00:00:00-04:00,6.139935453669293,6.139935453669293,5.9891861769492385,5.994506359100342,440813,0.0,0.0
2003-08-04 00:00:00-04:00,6.0122422141682454,6.028204030858934,5.873907315197174,5.955489158630371,621000,0.0,0.0
2003-08-05 00:00:00-04:00,5.941299915313721,5.990958747464399,5.932432312019744,5.941299915313721,641813,0.0,0.0
2003-08-06 00:00:00-04:00,5.905831279111145,6.074315792391093,5.905831279111145,6.054807186126709,478125,0.0,0.0
2003-08-07 00:00:00-04:00,6.029975235391606,6.029975235391606,5.935979032144265,5.983863830566406,463500,0.0,0.0
2003-08-08 00:00:00-04:00,5.9838653924363365,5.9838653924363365,5.925338948634463,5.969676971435547,522563,0.0,0.0
2003-08-11 00:00:00-04:00,5.9501695026092305,5.9714515039065565,5.879228652603172,5.914699077606201,374813,0.0,0.0
2003-08-12 00:00:00-04:00,5.9590337546760646,5.960807148075773,5.898733939259854,5.9537129402160645,376125,0.0,0.0
2003-08-13 00:00:00-04:00,5.989188086656662,5.9962816651199855,5.861494160397223,5.872135162353516,599438,0.0,0.0
2003-08-14 00:00:00-04:00,5.916466877833568,5.948390483856201,5.888090691513799,5.948390483856201,381750,0.0,0.0
2003-08-15 00:00:00-04:00,5.959035121901675,5.969676119002243,5.905829502137813,5.941299915313721,224813,0.0,0.0
2003-08-18 00:00:00-04:00,5.985640620438249,6.028205262220903,5.896964547666597,5.920020580291748,719063,0.0,0.0
2003-08-19 00:00:00-04:00,5.976769987471714,5.980316774882528,5.923564370743617,5.950167179107666,1047375,0.0,0.0
2003-08-20 00:00:00-04:00,5.950167518607698,5.97854372229622,5.925338102532359,5.941299915313721,324375,0.0,0.0
2003-08-21 00:00:00-04:00,5.967903509546345,6.01046813780383,5.923565487249195,5.934206485748291,305063,0.0,0.0
2003-08-22 00:00:00-04:00,5.959036591319556,5.959036591319556,5.905830958435905,5.9164719581604,576375,0.0,0.0
2003-08-25 00:00:00-04:00,5.905827490562299,5.937751105251566,5.856168675325839,5.859715461730957,306750,0.0,0.0
2003-08-26 00:00:00-04:00,5.873905876575089,5.941299915313721,5.843756279079974,5.941299915313721,496500,0.0,0.0
2003-08-27 00:00:00-04:00,5.980316763479384,5.994505181617549,5.873905530226093,5.888093948364258,666938,0.0,0.0
2003-08-28 00:00:00-04:00,5.905831829507276,5.907605224012728,5.8419851874821696,5.866814613342285,385313,0.0,0.0
2003-08-29 00:00:00-04:00,5.877455016718318,5.957263469696045,5.856172382034202,5.957263469696045,402563,0.0,0.0
2003-09-02 00:00:00-04:00,5.976770914427226,5.985638518590545,5.882774056591605,5.974997520446777,387188,0.0,0.0
2003-09-03 00:00:00-04:00,6.015996498588258,6.044516623590625,6.0088663079681846,6.028473854064941,457313,0.09067,0.0
2003-09-04 00:00:00-04:00,6.060560426156553,6.062342814745904,5.930436496963469,5.973217010498047,858188,0.0,0.0
2003-09-05 00:00:00-04:00,5.989257826689998,6.02134336073143,5.957172292648566,5.980345249176025,402938,0.0,0.0
2003-09-08 00:00:00-04:00,5.948258757933155,6.060557471529087,5.948258757933155,6.008864402770996,357000,0.0,0.0
2003-09-09 00:00:00-04:00,5.980345148416192,6.01421306989423,5.953607416324766,6.003518104553223,437438,0.0,0.0
2003-09-10 00:00:00-04:00,5.971434103828431,6.001736619652448,5.9393485620917215,5.9607391357421875,547313,0.0,0.0
2003-09-11 00:00:00-04:00,5.953606309211479,5.9981691877437555,5.882305703559836,5.916172981262207,479063,0.0,0.0
2003-09-12 00:00:00-04:00,5.916173018578297,5.923303844161677,5.864480589136966,5.889435291290283,486375,0.0,0.0
2003-09-15 00:00:00-04:00,5.889439688162889,5.889439688162889,5.78070631017688,5.8252692222595215,977438,0.0,0.0
2003-09-16 00:00:00-04:00,5.971434269100419,6.007084588693245,5.885873247086436,5.941131114959717,938063,0.0,0.0
2003-09-17 00:00:00-04:00,5.941129205644904,5.971432350047012,5.914391474543052,5.9215216636657715,369563,0.0,0.0
2003-09-18 00:00:00-04:00,5.966086410483516,6.026691436767578,5.935783259863562,6.026691436767578,238500,0.0,0.0
2003-09-19 00:00:00-04:00,6.051647196449027,6.051647196449027,5.953608822294947,5.992824554443359,402000,0.0,0.0
2003-09-22 00:00:00-04:00,5.985692876175551,5.985692876175551,5.9001325079102385,5.969650745391846,266813,0.0,0.0
2003-09-23 00:00:00-04:00,5.969650227332092,6.015995502471924,5.941129469574207,6.015995502471924,397125,0.0,0.0
2003-09-24 00:00:00-04:00,6.024908769523946,6.024908769523946,5.864482357423336,5.8912200927734375,312563,0.0,0.0
2003-09-25 00:00:00-04:00,5.882306250386867,5.953606862666709,5.802093061572043,5.823482990264893,429563,0.0,0.0
2003-09-26 00:00:00-04:00,5.8466577470268115,5.953608698424224,5.8199200091774586,5.885872840881348,636375,0.0,0.0
2003-09-29 00:00:00-04:00,5.923304994043993,6.01599554497857,5.921521968563161,5.9892578125,621750,0.0,0.0
2003-09-30 00:00:00-04:00,5.971432771301362,5.9732151593383325,5.834178692809267,5.898349761962891,668438,0.0,0.0
2003-10-01 00:00:00-04:00,5.942914214402911,6.106905431566382,5.9357840229005845,6.105123043060303,583875,0.0,0.0
2003-10-02 00:00:00-04:00,6.13720800075873,6.147902968253207,6.07838472332219,6.128295421600342,395813,0.0,0.0
2003-10-03 00:00:00-04:00,6.1675090086098425,6.238810261940924,6.1675090086098425,6.192464351654053,509625,0.0,0.0
2003-10-06 00:00:00-04:00,6.229895949730365,6.235243749968159,6.179985909914232,6.222766399383545,399563,0.0,0.0
2003-10-07 00:00:00-04:00,6.21563687088942,6.220984034216742,6.144336260036503,6.185333728790283,468938,0.0,0.0
2003-10-08 00:00:00-04:00,6.203157878580596,6.238808815720777,6.174637766346093,6.220983028411865,285188,0.0,0.0
2003-10-09 00:00:00-04:00,6.238810712860036,6.238810712860036,6.149684299123891,6.190682411193848,323250,0.0,0.0
2003-10-10 00:00:00-04:00,6.179984231630807,6.244154629669337,6.115813833592278,6.140768527984619,387375,0.0,0.0
2003-10-13 00:00:00-04:00,6.185332103484117,6.2441553469720175,6.17641952946944,6.240590572357178,205688,0.0,0.0
2003-10-14 00:00:00-04:00,6.229895479371499,6.256633203586404,6.212070329894895,6.242373466491699,274688,0.0,0.0
2003-10-15 00:00:00-04:00,6.286939248788758,6.2922870510969116,6.20316062500259,6.263766288757324,628500,0.0,0.0
2003-10-16 00:00:00-04:00,6.26376499830752,6.41349641983125,6.26376499830752,6.399236679077148,597000,0.0,0.0
2003-10-17 00:00:00-04:00,6.399234059114916,6.399234059114916,6.30297813915302,6.327932834625244,622688,0.0,0.0
2003-10-20 00:00:00-04:00,6.33684734840759,6.354672500618864,6.224549271963197,6.261981964111328,332625,0.0,0.0
2003-10-21 00:00:00-04:00,6.297634892968184,6.372500945941352,6.276244956391847,6.345763206481934,295125,0.0,0.0
2003-10-22 00:00:00-04:00,6.310110681832043,6.3368484146478545,6.196030198466848,6.199594974517822,670688,0.0,0.0
2003-10-23 00:00:00-04:00,6.201379310794422,6.237029632415558,6.1336434447230515,6.212074279785156,310875,0.0,0.0
2003-10-24 00:00:00-04:00,6.213855284923968,6.213855284923968,6.110469757727148,6.146120071411133,385500,0.0,0.0
2003-10-27 00:00:00-05:00,6.158597501064154,6.181770460231558,6.089079261039846,6.121164798736572,404813,0.0,0.0
2003-10-28 00:00:00-05:00,6.169291588350438,6.194246292114258,6.078382799722044,6.194246292114258,636375,0.0,0.0
2003-10-29 00:00:00-05:00,6.194246751188209,6.194246751188209,6.140771289197809,6.163944244384766,655313,0.0,0.0
2003-10-30 00:00:00-05:00,6.1764219489563565,6.299415646034681,6.155032017933094,6.28337287902832,633750,0.0,0.0
2003-10-31 00:00:00-05:00,6.3011996859776644,6.434888383615763,6.285156914765494,6.406368255615234,788625,0.0,0.0
2003-11-03 00:00:00-05:00,6.417064986416975,6.557883262634278,6.409934793797314,6.557883262634277,873000,0.0,0.0
2003-11-04 00:00:00-05:00,6.550754144987204,6.550754144987204,6.484800655698243,6.515103816986084,951750,0.0,0.0
2003-11-05 00:00:00-05:00,6.497276290716459,6.5151014482361775,6.422410246646892,6.506188869476318,588000,0.0,0.0
2003-11-06 00:00:00-05:00,6.470539420199195,6.550752639770508,6.443801680342092,6.550752639770508,384375,0.0,0.0
2003-11-07 00:00:00-05:00,6.550751810092842,6.550751810092842,6.454495831302853,6.4794511795043945,510375,0.0,0.0
2003-11-10 00:00:00-05:00,6.452712552334285,6.525795561103855,6.452712552334285,6.502622604370117,614063,0.0,0.0
2003-11-11 00:00:00-05:00,6.488363295146685,6.506188451521322,6.472320526913937,6.490145683288574,373313,0.0,0.0
2003-11-12 00:00:00-05:00,6.4972754403008315,6.502622604370117,6.454494940357381,6.502622604370117,510563,0.0,0.0
2003-11-13 00:00:00-05:00,6.49727621735963,6.518666151150624,6.470538481381933,6.511536598205566,614250,0.0,0.0
2003-11-14 00:00:00-05:00,6.493710781983267,6.613139718109674,6.493710781983267,6.598879337310791,953438,0.0,0.0
2003-11-17 00:00:00-05:00,6.577488449118292,6.632746301109055,6.534707950407508,6.540055751800537,870938,0.0,0.0
2003-11-18 00:00:00-05:00,6.54005586610481,6.54005586610481,6.454494867187845,6.488362789154053,460500,0.0,0.0
2003-11-19 00:00:00-05:00,6.497277295679216,6.565013159722319,6.458061560583413,6.529362201690674,730875,0.0,0.0
2003-11-20 00:00:00-05:00,6.515100045230215,6.559662929433036,6.488362314708522,6.507969856262207,522563,0.0,0.0
2003-11-21 00:00:00-05:00,6.52401254958575,6.561445244404668,6.513317584991455,6.513317584991455,462188,0.0,0.0
2003-11-24 00:00:00-05:00,6.500840387457324,6.614921511150008,6.500840387457324,6.59174919128418,342000,0.0,0.0
2003-11-25 00:00:00-05:00,6.627398894495406,6.638094497918576,6.5792712290025515,6.593531608581543,506063,0.0,0.0
2003-11-26 00:00:00-05:00,6.59531356441869,6.611356331024189,6.577488409852094,6.606008529663086,516188,0.0,0.0
2003-11-28 00:00:00-05:00,6.613138718985287,6.638094062874083,6.59531356441869,6.606008529663086,263625,0.0,0.0
2003-12-01 00:00:00-05:00,6.64879038588287,6.6880061164244,6.630965227676158,6.670180320739746,609188,0.0,0.0
2003-12-02 00:00:00-05:00,6.675526866851253,6.773565218537239,6.6701790654045245,6.759305477142334,595125,0.0,0.0
2003-12-03 00:00:00-05:00,6.755726416349731,6.795118112144458,6.6339692178680165,6.653665065765381,1004438,0.09067,0.0
2003-12-04 00:00:00-05:00,6.6608254051033855,6.841670734361659,6.657243935409487,6.800487995147705,1138500,0.0,0.0
2003-12-05 00:00:00-05:00,6.804069962910095,6.861367084113124,6.787954947462773,6.827347278594971,594375,0.0,0.0
2003-12-08 00:00:00-05:00,6.881065644960793,6.981335957478734,6.8703225115390305,6.898971080780029,1739250,0.0,0.0
2003-12-09 00:00:00-05:00,6.943734368757412,6.975964407971824,6.875693459459817,6.92582893371582,1300688,0.0,0.0
2003-12-10 00:00:00-05:00,6.947314659106081,6.9992405447564945,6.8953894138044864,6.911503791809082,946688,0.0,0.0
2003-12-11 00:00:00-05:00,6.966649089560497,7.021794017125932,6.948267447038685,6.999736309051514,969000,0.53333,0.0
2003-12-12 00:00:00-05:00,6.99973474850797,7.008925567719845,6.9023118019103995,6.9023118019104,951563,0.0,0.0
2003-12-15 00:00:00-05:00,7.049362549197884,7.049362549197884,6.847164594231823,6.865546226501465,792750,0.0,0.0
2003-12-16 00:00:00-05:00,6.854521965343282,6.880256399216873,6.810405886899906,6.863712787628174,628500,0.0,0.0
2003-12-17 00:00:00-05:00,6.874740740219879,6.874740740219879,6.801214171595001,6.819595813751221,822750,0.0,0.0
2003-12-18 00:00:00-05:00,6.8104045205927095,6.826948128862421,6.766288450999924,6.793860912322998,1009688,0.0,0.0
2003-12-19 00:00:00-05:00,6.819596833319294,6.88393259048462,6.801215188414915,6.883932590484619,587063,0.0,0.0
2003-12-22 00:00:00-05:00,6.902310764946675,6.9390740362710694,6.874738311453378,6.913339614868164,572250,0.0,0.0
2003-12-23 00:00:00-05:00,6.920690828731085,6.955616060032616,6.860031181871636,6.893118381500244,593625,0.0,0.0
2003-12-24 00:00:00-05:00,6.893121412719968,6.948266331431385,6.893121412719968,6.946428298950195,180375,0.0,0.0
2003-12-26 00:00:00-05:00,7.00341090329868,7.00341090329868,6.939075167988256,6.940913200378418,388688,0.0,0.0
2003-12-29 00:00:00-05:00,6.940911457667866,6.999733081038986,6.907824910814505,6.918853759765625,1080750,0.0,0.0
2003-12-30 00:00:00-05:00,6.9390737718793885,6.957455406841212,6.905986565996459,6.924368858337402,839063,0.0,0.0
2003-12-31 00:00:00-05:00,6.975835589041441,7.003408035742041,6.923447743096608,6.992379188537598,543000,0.0,1.5
2004-01-02 00:00:00-05:00,6.975837230682373,7.028225088955771,6.727685151978741,6.975837230682373,703750,0.0,0.0
2004-01-05 00:00:00-05:00,6.9785967276026,7.069585920793619,6.928966557398121,6.9620537757873535,470375,0.0,0.0
2004-01-06 00:00:00-05:00,6.975837026805771,6.989623581687059,6.920692122038858,6.945507526397705,952750,0.0,0.0
2004-01-07 00:00:00-05:00,6.934476670783308,7.000650405883789,6.9234471671174544,7.000650405883789,503500,0.0,0.0
2004-01-08 00:00:00-05:00,7.017198466575459,7.017198466575459,6.8876073038093555,6.948266983032227,699375,0.0,0.0
2004-01-09 00:00:00-05:00,6.96756625559459,7.116458046384064,6.9399937991342,7.030982971191406,818750,0.0,0.0
2004-01-12 00:00:00-05:00,7.088883530870697,7.171600876225599,7.014437328410162,7.08336877822876,1105250,0.0,0.0
2004-01-13 00:00:00-05:00,7.077855617519627,7.157815933227539,6.997895959190888,7.157815933227539,956500,0.0,0.0
2004-01-14 00:00:00-05:00,7.119213026953787,7.144028427773965,7.058553377408582,7.08336877822876,588625,0.0,0.0
2004-01-15 00:00:00-05:00,7.072340726984178,7.077854822868223,6.920691914728274,7.058554172515869,757125,0.0,0.0
2004-01-16 00:00:00-05:00,7.04476827542666,7.086126624073388,7.01719582386914,7.058554172515869,633625,0.0,0.0
2004-01-20 00:00:00-05:00,7.086127909297018,7.1247298743821315,7.03374070200154,7.11094331741333,465125,0.0,0.0
2004-01-21 00:00:00-05:00,7.116456923474456,7.444569300793822,7.099913320732804,7.425268650054932,1419500,0.0,0.0
2004-01-22 00:00:00-05:00,7.425269991051852,7.425269991051852,7.257077542641799,7.309465408325195,1668250,0.0,0.0
2004-01-23 00:00:00-05:00,7.3756389872641925,7.568646182006163,7.35358128510251,7.455599308013916,1369250,0.0,0.0
2004-01-26 00:00:00-05:00,7.430786198243684,7.513503593001678,7.430786198243684,7.496960639953613,632500,0.0,0.0
2004-01-27 00:00:00-05:00,7.458354712023334,7.505227811816752,7.414238660047451,7.472141265869141,599625,0.0,0.0
2004-01-28 00:00:00-05:00,7.582430127415447,7.596216679552661,7.378394151864972,7.38115119934082,820125,0.0,0.0
2004-01-29 00:00:00-05:00,7.306707022616662,7.348065371991897,7.182630659732732,7.251562118530273,1890875,0.0,0.0
2004-01-30 00:00:00-05:00,7.237777545226725,7.246049348842076,7.0199549172408275,7.133001804351807,2760375,0.0,0.0
2004-02-02 00:00:00-05:00,7.099914593743962,7.099914593743962,6.956537554114356,6.97859525680542,1777500,0.0,0.0
2004-02-03 00:00:00-05:00,6.970323786859066,7.047526400063204,6.934479528620232,7.003410339355469,1807250,0.0,0.0
2004-02-04 00:00:00-05:00,7.006165135954839,7.006165135954839,6.862788806459489,6.904147148132324,1157125,0.0,0.0
2004-02-05 00:00:00-05:00,6.8572741343622505,6.948263275961926,6.8572741343622505,6.893118381500244,1035000,0.0,0.0
2004-02-06 00:00:00-05:00,6.909664654762496,6.939994161237642,6.865548590648216,6.912421703338623,882625,0.0,0.0
2004-02-09 00:00:00-05:00,6.865548060505795,7.066827053364239,6.865548060505795,7.003410339355469,1093625,0.0,0.0
2004-02-10 00:00:00-05:00,6.951022310983579,6.989624274047449,6.8324606882526275,6.851761341094971,1577000,0.0,0.0
2004-02-11 00:00:00-05:00,6.851761412601658,6.851761412601658,6.683569631860704,6.7138991355896,3507000,0.0,0.0
2004-02-12 00:00:00-05:00,6.7552584995312115,6.796616856101225,6.72217128837182,6.769044399261475,1997750,0.0,0.0
2004-02-13 00:00:00-05:00,6.617397222043803,6.749744772057085,6.526408034892426,6.6284260749816895,3171125,0.0,0.0
2004-02-17 00:00:00-05:00,6.628424191975371,6.678054344786559,6.60085173877379,6.631181240081787,1102375,0.0,0.0
2004-02-18 00:00:00-05:00,6.633936776389055,6.658752175829069,6.6146361292842615,6.642208576202393,1245875,0.0,0.0
2004-02-19 00:00:00-05:00,6.644964911792226,6.6808091511376,6.534674489467253,6.5374321937561035,1403125,0.0,0.0
2004-02-20 00:00:00-05:00,6.576036762301071,6.6311816722985455,6.49056234901874,6.598094463348389,1610125,0.0,0.0
2004-02-23 00:00:00-05:00,6.576035828665888,6.60085123185533,6.5015902764766516,6.504347324371338,1081500,0.0,0.0
2004-02-24 00:00:00-05:00,6.534677170070101,6.589822732543385,6.4326591613838175,6.509862422943115,780625,0.0,0.0
2004-02-25 00:00:00-05:00,6.526405629927857,6.534676773548881,6.43541647630576,6.471260070800781,867625,0.0,0.0
2004-02-26 00:00:00-05:00,6.451959883368283,6.551220845104972,6.424387430518043,6.545706748962402,1033000,0.0,0.0
2004-02-27 00:00:00-05:00,6.559493212643545,6.562250918331891,6.493319451569398,6.507105350494385,1186250,0.0,0.0
2004-03-01 00:00:00-05:00,6.658751914877138,6.752498099249138,6.639451268528725,6.700110912322998,1315750,0.0,0.0
2004-03-02 00:00:00-05:00,6.727685297742121,6.769043649732569,6.66151088275076,6.702869892120361,728250,0.0,0.0
2004-03-03 00:00:00-05:00,6.731402603207379,6.7951154708862305,6.678770090679386,6.7951154708862305,697500,0.0904,0.0
2004-03-04 00:00:00-05:00,6.811736609576505,6.811736609576505,6.695391224659993,6.700931072235107,859125,0.0,0.0
2004-03-05 00:00:00-05:00,6.712009173514018,6.770181510485664,6.675997538117605,6.695388317108154,770875,0.0,0.0
2004-03-08 00:00:00-05:00,6.739713466413578,6.784034889856138,6.7175520942431195,6.72863245010376,606500,0.0,0.0
2004-03-09 00:00:00-05:00,6.728630943733083,6.745251804027641,6.678769023298439,6.689849376678467,579625,0.0,0.0
2004-03-10 00:00:00-05:00,6.6981594206481185,6.725860632725611,6.598434925079346,6.598434925079346,1232000,0.0,0.0
2004-03-11 00:00:00-05:00,6.6122884809504425,6.7037025830668355,6.576276824937969,6.581816673278809,1046125,0.0,0.0
2004-03-12 00:00:00-05:00,6.581815763531038,6.703701656471827,6.576275915955924,6.700931072235107,556250,0.0,0.0
2004-03-15 00:00:00-05:00,6.73140181623495,6.73140181623495,6.615056449630115,6.628906726837158,1113125,0.0,0.0
2004-03-16 00:00:00-05:00,6.6621483395268015,6.698159984302846,6.6316772018120895,6.667688846588135,742375,0.0,0.0
2004-03-17 00:00:00-05:00,6.667691122369566,6.714783136892428,6.631679465302211,6.645529747009277,1304375,0.0,0.0
2004-03-18 00:00:00-05:00,6.651065911588845,6.670456689582547,6.590122994716609,6.63998556137085,410250,0.0,0.0
2004-03-19 00:00:00-05:00,6.676000141642709,6.756333211518105,6.637217908088332,6.678770065307617,589125,0.0,0.0
2004-03-22 00:00:00-05:00,6.814504625081864,6.856056112056107,6.678768490764646,6.734170913696289,1050625,0.0,0.0
2004-03-23 00:00:00-05:00,6.759102557249629,6.839436272855655,6.753562050485795,6.792343616485596,778000,0.0,0.0
2004-03-24 00:00:00-05:00,6.745251856217624,6.825585574630199,6.709240212117125,6.725861072540283,625000,0.0,0.0
2004-03-25 00:00:00-05:00,6.745251607778931,6.767412974343247,6.6870792588894945,6.739711761474609,826875,0.0,0.0
2004-03-26 00:00:00-05:00,6.723091162238282,6.753562299440086,6.6759991645813,6.675999164581299,683875,0.0,0.0
2004-03-29 00:00:00-05:00,6.689847506841712,6.723089218139648,6.6482960281681365,6.723089218139648,1153000,0.0,0.0
2004-03-30 00:00:00-05:00,6.723093593922167,6.772955532873293,6.681541427755166,6.764645099639893,400875,0.0,0.0
2004-03-31 00:00:00-05:00,6.761871262571061,6.817273678435189,6.7203197808974116,6.8034234046936035,497125,0.0,0.0
2004-04-01 00:00:00-05:00,6.786801112678305,6.900375843048097,6.772950181416805,6.900375843048096,655500,0.0,0.0
2004-04-02 00:00:00-05:00,6.939158990290146,7.000101246804354,6.9086872015842,6.9474687576293945,587000,0.0,0.0
2004-04-05 00:00:00-04:00,6.972404313311573,7.0416577004975,6.950243599263655,7.027806758880615,503250,0.0,0.0
2004-04-06 00:00:00-04:00,6.939163715261281,6.969634864266606,6.847748947346723,6.91146183013916,881750,0.0,0.0
2004-04-07 00:00:00-04:00,6.919769439684094,6.919769439684094,6.8283553695241705,6.894838809967041,528375,0.0,0.0
2004-04-08 00:00:00-04:00,6.892068928688941,6.977943161196112,6.861597789013317,6.878218650817871,387125,0.0,0.0
2004-04-12 00:00:00-04:00,6.917002339253442,6.950244073040555,6.886531190248118,6.91146183013916,255750,0.0,0.0
2004-04-13 00:00:00-04:00,6.911461551780387,6.925312493783602,6.806197166442871,6.806197166442871,431750,0.0,0.0
2004-04-14 00:00:00-04:00,6.808965046197096,6.869907983903775,6.772953400340749,6.8117356300354,718500,0.0,0.0
2004-04-15 00:00:00-04:00,6.808965046197096,6.847746615442679,6.759103122945499,6.8117356300354,557000,0.0,0.0
2004-04-16 00:00:00-04:00,6.8006540516200955,6.897608627142935,6.8006540516200955,6.822815418243408,373125,0.0,0.0
2004-04-19 00:00:00-04:00,6.8006555692940305,6.811736585303097,6.742483207267652,6.781264781951904,472750,0.0,0.0
2004-04-20 00:00:00-04:00,6.786805037384173,6.83943754989645,6.678770088685016,6.681540012359619,431750,0.0,0.0
2004-04-21 00:00:00-04:00,6.653837539267524,6.770182897495408,6.648297692963204,6.739711761474609,473750,0.0,0.0
2004-04-22 00:00:00-04:00,6.767413737817741,6.9003793104082805,6.709240721916429,6.842206954956055,393750,0.0,0.0
2004-04-23 00:00:00-04:00,6.8837622277189645,6.8837622277189645,6.714784915527682,6.7701873779296875,289500,0.0,0.0
2004-04-26 00:00:00-04:00,6.742481932963442,6.7923438537838825,6.675999151719843,6.725861072540283,464000,0.0,0.0
2004-04-27 00:00:00-04:00,6.653835660850421,6.653835660850421,6.5513412682161345,6.612284183502197,1818125,0.0,0.0
2004-04-28 00:00:00-04:00,6.601205220981444,6.601205220981444,6.4737795061383085,6.526412010192871,1265750,0.0,0.0
2004-04-29 00:00:00-04:00,6.495940319871362,6.5430323130057,6.415606609019154,6.4876298904418945,1167125,0.0,0.0
2004-04-30 00:00:00-04:00,6.454391666242548,6.49040332644567,6.382368345836302,6.4322309494018555,838000,0.0,0.0
2004-05-03 00:00:00-04:00,6.412838413565543,6.4211488452337395,6.349125544408806,6.376826763153076,961125,0.0,0.0
2004-05-04 00:00:00-04:00,6.398985385894775,6.440537530676739,6.343582966484781,6.398985385894775,757750,0.0,0.0
2004-05-05 00:00:00-04:00,6.401756758447035,6.459929107864871,6.349124255383839,6.3712849617004395,1366625,0.0,0.0
2004-05-06 00:00:00-04:00,6.288183368016883,6.329735531439563,6.254941637278738,6.315884590148926,785250,0.0,0.0
2004-05-07 00:00:00-04:00,6.2604807829672335,6.3269635695208715,6.185687565538254,6.188457489013672,618000,0.0,0.0
2004-05-10 00:00:00-04:00,6.1884574565217365,6.227239026770316,6.091502870451204,6.102583885192871,991875,0.0,0.0
2004-05-11 00:00:00-04:00,6.1718380879656385,6.1718380879656385,6.07211355430861,6.10812520980835,689500,0.0,0.0
2004-05-12 00:00:00-04:00,6.066573122366043,6.088733834180245,5.886514862191214,6.033331394195557,1980875,0.0,0.0
2004-05-13 00:00:00-04:00,5.977930349252216,6.083195406057842,5.969619915270228,6.030562877655029,800875,0.0,0.0
2004-05-14 00:00:00-04:00,5.9834695094023305,6.047182381930245,5.977929001180656,5.986239433288574,464625,0.0,0.0
2004-05-17 00:00:00-04:00,5.93083760834728,5.983470130343026,5.853273787440508,5.928067684173584,583000,0.0,0.0
2004-05-18 00:00:00-04:00,5.958537198694764,6.016709553097719,5.955767275280073,6.000088691711426,738875,0.0,0.0
2004-05-19 00:00:00-04:00,6.06103145565383,6.113663961713614,5.905904521258558,5.919755458831787,471625,0.0,0.0
2004-05-20 00:00:00-04:00,5.928066301866065,6.005629444237395,5.9197558708335505,5.964077949523926,562000,0.0,0.0
2004-05-21 00:00:00-04:00,5.941917594946445,6.066573421278635,5.941917594946445,6.0028605461120605,425875,0.0,0.0
2004-05-24 00:00:00-04:00,6.058261506926864,6.080422214412283,5.994548647344969,6.049951076507568,528000,0.0,0.0
2004-05-25 00:00:00-04:00,6.02501930608055,6.152445015110187,6.011169030115937,6.130284309387207,563125,0.0,0.0
2004-05-26 00:00:00-04:00,6.121975038823574,6.177377474070465,6.1192051151959665,6.16352653503418,580500,0.0,0.0
2004-05-27 00:00:00-04:00,6.155214517041687,6.252169083955843,6.149674671214506,6.246629238128662,642000,0.0,0.0
2004-05-28 00:00:00-04:00,6.218927721218611,6.371284717771445,6.210617952004793,6.304801940917969,1007875,0.0,0.0
2004-06-01 00:00:00-04:00,6.343585263236232,6.374057067258571,6.271561959836775,6.360206127166748,593000,0.0,0.0
2004-06-02 00:00:00-04:00,6.407562050543894,6.457708540073012,6.362987614587848,6.435420989990234,558125,0.104,0.0
2004-06-03 00:00:00-04:00,6.396424044182134,6.413139554899017,6.34627817624156,6.349063873291016,550375,0.0,0.0
2004-06-04 00:00:00-04:00,6.415925270830585,6.443784234037354,6.362993041474701,6.404781818389893,491250,0.0,0.0
2004-06-07 00:00:00-04:00,6.43263890107766,6.460497856140137,6.407565642258468,6.460497856140137,422000,0.0,0.0
2004-06-08 00:00:00-04:00,6.460499046508554,6.4939300644272535,6.443783537549203,6.491143703460693,647750,0.0,0.0
2004-06-09 00:00:00-04:00,6.477214776250626,6.499501679482763,6.421496853960257,6.424282550811768,629250,0.0,0.0
2004-06-10 00:00:00-04:00,6.493929633922289,6.505073084419784,6.46328431479173,6.5022873878479,576000,0.0,0.0
2004-06-14 00:00:00-04:00,6.505072337872462,6.535716989276162,6.477213382720947,6.477213382720947,860500,0.0,0.0
2004-06-15 00:00:00-04:00,6.546860937403029,6.580291951816434,6.521788340802909,6.535717487335205,611625,0.0,0.0
2004-06-16 00:00:00-04:00,6.563576702556014,6.5719344564878215,6.505073089243317,6.521788597106934,564875,0.0,0.0
2004-06-17 00:00:00-04:00,6.491144231044566,6.574721118424232,6.480000778902622,6.560791969299316,502625,0.0,0.0
2004-06-18 00:00:00-04:00,6.566362387854983,6.647152893868235,6.491142610206606,6.627651691436768,513625,0.0,0.0
2004-06-21 00:00:00-04:00,6.616509662271696,6.641582926869648,6.563577436190474,6.569149494171143,665750,0.0,0.0
2004-06-22 00:00:00-04:00,6.5190010671482455,6.644366689431237,6.5190010671482455,6.591434478759766,707375,0.0,0.0
2004-06-23 00:00:00-04:00,6.610934581646109,6.66943883895874,6.57471788185582,6.66943883895874,520625,0.0,0.0
2004-06-24 00:00:00-04:00,6.680586061478918,6.733518293275802,6.616510376727455,6.619296073913574,578000,0.0,0.0
2004-06-25 00:00:00-04:00,6.655514944834577,6.686160280625026,6.466074190760587,6.51900577545166,1035375,0.0,0.0
2004-06-28 00:00:00-04:00,6.519002451579262,6.588650181907432,6.499501246497771,6.51621675491333,474375,0.0,0.0
2004-06-29 00:00:00-04:00,6.530145859886766,6.569148265828408,6.47721364370316,6.524573802947998,557500,0.0,0.0
2004-06-30 00:00:00-04:00,6.546860986863922,6.6165087126813855,6.538503233197428,6.608150959014893,701500,0.0,0.0
2004-07-01 00:00:00-04:00,6.624865540088487,6.649938797582335,6.588648834000655,6.64436674118042,748125,0.0,0.0
2004-07-02 00:00:00-04:00,6.630436642774655,6.6861545419400095,6.630436642774655,6.666652679443359,662250,0.0,0.0
2004-07-06 00:00:00-04:00,6.6666514970116,6.6666514970116,6.594218772311482,6.630435466766357,810250,0.0,0.0
2004-07-07 00:00:00-04:00,6.602578699266103,6.700085379577049,6.602578699266103,6.6527252197265625,638375,0.0,0.0
2004-07-08 00:00:00-04:00,6.6025791585681315,6.649939985923147,6.5607910528207185,6.594222068786621,654375,0.0,0.0
2004-07-09 00:00:00-04:00,6.591435913345905,6.6555115864702525,6.591435913345905,6.610937118530273,445500,0.0,0.0
2004-07-12 00:00:00-04:00,6.61093597280709,6.6861557480377884,6.577505625803317,6.67501163482666,586000,0.0,0.0
2004-07-13 00:00:00-04:00,6.644366997483909,6.711228355836804,6.644366997483909,6.6722259521484375,653250,0.0,0.0
2004-07-14 00:00:00-04:00,6.608149325155915,6.680582729549803,6.605363629359157,6.633222579956055,418000,0.0,0.0
2004-07-15 00:00:00-04:00,6.619292772552718,6.644366027352858,6.591433821955821,6.633222579956055,437375,0.0,0.0
2004-07-16 00:00:00-04:00,6.616508450279161,6.66108291332938,6.594221550859008,6.602578639984131,677375,0.0,0.0
2004-07-19 00:00:00-04:00,6.577508696207456,6.624868874728102,6.560793182797774,6.5663652420043945,448625,0.0,0.0
2004-07-20 00:00:00-04:00,6.569149250383435,6.608151662170586,6.446569293038089,6.580292701721191,438000,0.0,0.0
2004-07-21 00:00:00-04:00,6.5775047957363855,6.613721498577406,6.496713638305664,6.496713638305664,485875,0.0,0.0
2004-07-22 00:00:00-04:00,6.499499005186114,6.499499005186114,6.337917362712755,6.374134063720703,435750,0.0,0.0
2004-07-23 00:00:00-04:00,6.365775974683631,6.379705116680941,6.296128272067926,6.31841516494751,400875,0.0,0.0
2004-07-26 00:00:00-04:00,6.326776274069874,6.3713507476988,6.301703672324286,6.335134029388428,419250,0.0,0.0
2004-07-27 00:00:00-04:00,6.346276989024423,6.36856388967094,6.30170252352144,6.337919235229492,371875,0.0,0.0
2004-07-28 00:00:00-04:00,6.340704931757819,6.382493036522526,6.287772712459905,6.337919235229492,319625,0.0,0.0
2004-07-29 00:00:00-04:00,6.4019927951219975,6.446566581726074,6.368561790959209,6.446566581726074,699000,0.0,0.0
2004-07-30 00:00:00-04:00,6.44656830076132,6.521788080185622,6.43821121170186,6.488357067108154,395250,0.0,0.0
2004-08-02 00:00:00-04:00,6.488357067108154,6.4911427634613075,6.40199450227124,6.488357067108154,475500,0.0,0.0
2004-08-03 00:00:00-04:00,6.488356640204985,6.574719199359651,6.435424427718319,6.54128885269165,531625,0.0,0.0
2004-08-04 00:00:00-04:00,6.541290017536669,6.574720370157805,6.482785738082212,6.51621675491333,478250,0.0,0.0
2004-08-05 00:00:00-04:00,6.477214259058393,6.516216668705384,6.329561710357666,6.329561710357666,614750,0.0,0.0
2004-08-06 00:00:00-04:00,6.332347370002433,6.3852795909056095,6.279415149099256,6.296130657196045,305500,0.0,0.0
2004-08-09 00:00:00-04:00,6.293344997339753,6.337919464454874,6.265486038419049,6.329561710357666,272500,0.0,0.0
2004-08-10 00:00:00-04:00,6.351847030857394,6.471640590821214,6.3351315268234085,6.4493536949157715,391500,0.0,0.0
2004-08-11 00:00:00-04:00,6.449352740571177,6.474425328702225,6.376919343282129,6.471639633178711,353125,0.0,0.0
2004-08-12 00:00:00-04:00,6.474427183205616,6.474427183205616,6.382492562499243,6.399208068847656,242000,0.0,0.0
2004-08-13 00:00:00-04:00,6.3657781653450805,6.404780573411148,6.310060249762143,6.3434906005859375,234125,0.0,0.0
2004-08-16 00:00:00-04:00,6.3434888412107515,6.513428901552569,6.3434888412107515,6.507856845855713,385500,0.0,0.0
2004-08-17 00:00:00-04:00,6.474427256922573,6.5635761823225485,6.474427256922573,6.488357067108154,333500,0.0,0.0
2004-08-18 00:00:00-04:00,6.491141187412496,6.6053633448874365,6.463282238015394,6.588647842407227,429000,0.0,0.0
2004-08-19 00:00:00-04:00,6.574719442610823,6.616508207754253,6.549646847734653,6.571933746337891,526125,0.0,0.0
2004-08-20 00:00:00-04:00,6.571933787177021,6.641581508112245,6.563576034096399,6.605364799499512,277375,0.0,0.0
2004-08-23 00:00:00-04:00,6.616506502970844,6.658295257347145,6.541287409303218,6.544073104858398,251000,0.0,0.0
2004-08-24 00:00:00-04:00,6.574721597885151,6.624868132495917,6.552434691975993,6.619296073913574,435250,0.0,0.0
2004-08-25 00:00:00-04:00,6.675010902190916,6.683368654076998,6.597006103533891,6.6248650550842285,427625,0.0,0.0
2004-08-26 00:00:00-04:00,6.624865264405335,6.6332230165554895,6.535716350943562,6.577505111694336,437000,0.0,0.0
2004-08-27 00:00:00-04:00,6.605364758452635,6.605364758452635,6.527359284921528,6.571933746337891,412625,0.0,0.0
2004-08-30 00:00:00-04:00,6.588650672314039,6.63043944646336,6.5524339561213045,6.574720859527588,225000,0.0,0.0
2004-08-31 00:00:00-04:00,6.60258008088412,6.619295591202064,6.516217496521483,6.560791969299316,300250,0.0,0.0
2004-09-01 00:00:00-04:00,6.541182413805739,6.557990708589716,6.468346915006476,6.513168811798096,684250,0.104,0.0
2004-09-02 00:00:00-04:00,6.541181372078728,6.672845213756605,6.499160641810868,6.658838748931885,349250,0.0,0.0
2004-09-03 00:00:00-04:00,6.692454337311617,6.723269760630341,6.656036595496266,6.672844886779785,280250,0.0,0.0
2004-09-07 00:00:00-04:00,6.71766473207465,6.770890748992874,6.6672405414498055,6.75688362121582,529375,0.0,0.0
2004-09-08 00:00:00-04:00,6.723268212578994,6.784897709232443,6.672843350338904,6.684048652648926,639250,0.0,0.0
2004-09-09 00:00:00-04:00,6.723270459505039,6.762489364645456,6.642030821787827,6.6896538734436035,401375,0.0,0.0
2004-09-10 00:00:00-04:00,6.700858632842947,6.700858632842947,6.616817842442286,6.628023147583008,248000,0.0,0.0
2004-09-13 00:00:00-04:00,6.684051937617046,6.740079144599148,6.658840162002995,6.737277984619141,341750,0.0,0.0
2004-09-14 00:00:00-04:00,6.734475765559889,6.751284058590606,6.639228994351451,6.6896538734436035,383000,0.0,0.0
2004-09-15 00:00:00-04:00,6.720469688945112,6.740079144599148,6.647634186288982,6.737277984619141,473375,0.0,0.0
2004-09-16 00:00:00-04:00,6.745680550988566,6.821317195892334,6.745680550988566,6.821317195892334,282125,0.0,0.0
2004-09-17 00:00:00-04:00,6.835323960210211,6.8633375556251375,6.782097928552809,6.829720973968506,424750,0.0,0.0
2004-09-20 00:00:00-04:00,6.77649526599241,6.838125446007753,6.762488801564323,6.79610538482666,398125,0.0,0.0
2004-09-21 00:00:00-04:00,6.7848994531021,6.829721341759067,6.768091161368632,6.821317195892334,341250,0.0,0.0
2004-09-22 00:00:00-04:00,6.779297093195492,6.812913008560999,6.7372763641175695,6.79610538482666,563625,0.0,0.0
2004-09-23 00:00:00-04:00,6.779297351837157,6.8241192419313625,6.7260713156067355,6.779297351837158,448750,0.0,0.0
2004-09-24 00:00:00-04:00,6.745681868696805,6.9837978230087865,6.745681868696805,6.908161163330078,1034750,0.0,0.0
2004-09-27 00:00:00-04:00,6.908158554173104,6.930569160466574,6.8409253994992705,6.871740818023682,609125,0.0,0.0
2004-09-28 00:00:00-04:00,6.846528899350117,6.919364377120553,6.846528899350117,6.857734203338623,440250,0.0,0.0
2004-09-29 00:00:00-04:00,6.86333464615581,6.86333464615581,6.798903337225185,6.843725204467773,421000,0.0,0.0
2004-09-30 00:00:00-04:00,6.812911436797868,7.073438561182784,6.810110278137854,7.011808395385742,914250,0.0,0.0
2004-10-01 00:00:00-04:00,7.059432441939019,7.224712848663331,7.020213543501866,7.22471284866333,689375,0.0,0.0
2004-10-04 00:00:00-04:00,7.22471321282887,7.2639321132428725,7.121062975493232,7.157480716705322,458250,0.0,0.0
2004-10-05 00:00:00-04:00,7.199499963662714,7.199499963662714,7.101452723694995,7.132267475128174,280000,0.0,0.0
2004-10-06 00:00:00-04:00,7.101451180132553,7.163080669603204,7.056629308219708,7.104252338409424,342875,0.0,0.0
2004-10-07 00:00:00-04:00,7.067834650694569,7.070635808987875,6.975389748049584,6.997800350189209,370375,0.0,0.0
2004-10-08 00:00:00-04:00,6.969789463691813,7.087446840247275,6.969789463691813,7.003406047821045,360875,0.0,0.0
2004-10-11 00:00:00-04:00,7.017410061654071,7.031416520218252,6.997799951029737,7.020211219787598,283625,0.0,0.0
2004-10-12 00:00:00-04:00,7.003407522445748,7.034222285787946,6.97259275910355,6.989400386810303,311250,0.0,0.0
2004-10-13 00:00:00-04:00,7.000604779160161,7.009008925061277,6.9333716119512365,6.955782890319824,310750,0.0,0.0
2004-10-14 00:00:00-04:00,6.975391522483404,7.020213406061251,6.81851526390932,6.8521318435668945,510875,0.0,0.0
2004-10-15 00:00:00-04:00,6.835323553738107,6.877343610413317,6.5635910932651464,6.8521318435668945,738000,0.0,0.0
2004-10-18 00:00:00-04:00,6.824120557239869,6.899757219147481,6.796106954018644,6.849332332611084,489125,0.0,0.0
2004-10-19 00:00:00-04:00,6.849330875256894,6.849330875256894,6.614016791846528,6.636427402496338,508875,0.0,0.0
2004-10-20 00:00:00-04:00,6.569191384407928,6.667239256257533,6.552383101474111,6.639225006103516,629125,0.0,0.0
2004-10-21 00:00:00-04:00,6.636424377234778,6.714862814546072,6.583198366333887,6.695253372192383,470125,0.0,0.0
2004-10-22 00:00:00-04:00,6.667241027852764,6.793301847559843,6.6644392013549805,6.6644392013549805,386125,0.0,0.0
2004-10-25 00:00:00-04:00,6.650433766974331,6.754083998077949,6.6028107239211415,6.726070404052734,335500,0.0,0.0
2004-10-26 00:00:00-04:00,6.684049823950168,6.81011133374453,6.667242201488128,6.681248664855957,752500,0.0,0.0
2004-10-27 00:00:00-04:00,6.443133742936323,6.630825456232608,6.378702398827991,6.549585819244385,1912625,0.0,0.0
2004-10-28 00:00:00-04:00,6.555186571788053,6.656035637070745,6.524371820803269,6.633625030517578,1230875,0.0,0.0
2004-10-29 00:00:00-04:00,6.583202587737729,6.6252233253670525,6.454339882870424,6.541182518005371,803125,0.0,0.0
2004-11-01 00:00:00-05:00,6.549582603365782,6.560787903818223,6.43472643701274,6.485151290893555,750000,0.0,0.0
2004-11-02 00:00:00-05:00,6.485154475136052,6.574797590667342,6.485154475136052,6.549585819244385,546125,0.0,0.0
2004-11-03 00:00:00-05:00,6.583199017198922,6.650432160940506,6.518767699710972,6.563589572906494,509375,0.0,0.0
2004-11-04 00:00:00-05:00,6.577596169253298,6.737273536950204,6.560787884675403,6.723267078399658,1018625,0.0,0.0
2004-11-05 00:00:00-05:00,6.734474106625045,6.790501290994738,6.644830344474847,6.692453384399414,463125,0.0,0.0
2004-11-08 00:00:00-05:00,6.65603502050333,6.740075789137851,6.65603502050333,6.678446292877197,424625,0.0,0.0
2004-11-09 00:00:00-05:00,6.684051252709676,6.723270827895953,6.6280240514686195,6.700859546661377,447750,0.0,0.0
2004-11-10 00:00:00-05:00,6.656038594292079,6.7288740997951475,6.653237434202582,6.720469951629639,571625,0.0,0.0
2004-11-11 00:00:00-05:00,6.748483906743464,6.880148456243978,6.7400797581414285,6.866141319274902,621500,0.0,0.0
2004-11-12 00:00:00-05:00,6.849329551391456,7.0034046404933905,6.798905353227152,6.910959720611572,826500,0.0,0.0
2004-11-15 00:00:00-05:00,6.964185344017043,6.97539064653018,6.863336285605466,6.952980041503906,596000,0.0,0.0
2004-11-16 00:00:00-05:00,6.896950714578817,7.00900571937789,6.896950714578817,6.969786167144775,750875,0.0,0.0
2004-11-17 00:00:00-05:00,6.930568083906733,7.009006529543065,6.930568083906733,6.9753899574279785,480625,0.0,0.0
2004-11-18 00:00:00-05:00,6.980995108678439,7.009008704836351,6.916563770725561,6.938974380493164,496125,0.0,0.0
2004-11-19 00:00:00-05:00,6.938973167271391,6.9753909026990195,6.854932393491488,6.936172008514404,328625,0.0,0.0
2004-11-22 00:00:00-05:00,6.936175007927777,7.003407522445748,6.922167872292332,6.989400386810303,502125,0.0,0.0
2004-11-23 00:00:00-05:00,7.003406521706143,7.042625427246094,6.91656456402527,7.042625427246094,526750,0.0,0.0
2004-11-24 00:00:00-05:00,7.073440375457994,7.084645680868789,6.989398915134916,7.003406047821045,542250,0.0,0.0
2004-11-26 00:00:00-05:00,7.003404510738691,7.0454252316776715,6.978192078175303,7.0146098136901855,209250,0.0,0.0
2004-11-29 00:00:00-05:00,7.070638028854521,7.101453451341917,6.98939840177371,7.056631565093994,424375,0.0,0.0
2004-11-30 00:00:00-05:00,7.056632783701945,7.056632783701945,6.941776555126501,7.000605583190918,423750,0.0,0.0
2004-12-01 00:00:00-05:00,7.028619183446431,7.037023330312777,6.9893996087711825,7.000605583190918,559375,0.0,0.0
2004-12-02 00:00:00-05:00,6.9753928834100405,7.037023068840966,6.9725917238576445,7.01741361618042,470750,0.0,0.0
2004-12-03 00:00:00-05:00,7.017414712263696,7.0594347837005,6.983798120796657,7.05103063583374,347375,0.0,0.0
2004-12-06 00:00:00-05:00,7.053826919821681,7.056628745771817,6.947375566922879,6.969786167144775,471125,0.0,0.0
2004-12-07 00:00:00-05:00,7.003403680627805,7.0062048390594835,6.9305682182312,6.930568218231201,338125,0.0,0.0
2004-12-08 00:00:00-05:00,6.9587309885149535,6.9897091878658975,6.899591888449256,6.933385372161865,430125,0.104,0.0
2004-12-09 00:00:00-05:00,6.90522380002227,6.936201999373214,6.846084699956573,6.933385372161865,496625,0.0,0.0
2004-12-10 00:00:00-05:00,7.057294527435778,7.057294527435778,6.823553487687936,6.879876613616943,574125,0.0,0.0
2004-12-13 00:00:00-05:00,6.944650697082153,6.944650697082153,6.871430473558632,6.916489124298096,324500,0.0,0.0
2004-12-14 00:00:00-05:00,6.89959191943023,6.902407875229381,6.843268774898133,6.8686137199401855,506625,0.0,0.0
2004-12-15 00:00:00-05:00,6.885512612968484,7.0009755596987855,6.871432158835534,6.998158931732178,754375,0.0,0.0
2004-12-16 00:00:00-05:00,6.955915978127763,6.9587319342969955,6.879879790159035,6.9277544021606445,783250,0.0,0.0
2004-12-17 00:00:00-05:00,6.927753078961199,6.927753078961199,6.87142993778467,6.9080400466918945,641625,0.0,0.0
2004-12-20 00:00:00-05:00,6.927755091164307,6.941835544835779,6.806660235319646,6.815108776092529,461250,0.0,0.0
2004-12-21 00:00:00-05:00,6.857348604938018,6.950281852150839,6.826371079675339,6.947465896606445,631125,0.0,0.0
2004-12-22 00:00:00-05:00,6.9024088326240625,6.9559160287786925,6.882695796446028,6.899592876434326,406500,0.0,0.0
2004-12-23 00:00:00-05:00,6.87424716742105,7.009423134151781,6.843269635460331,6.992526054382324,770875,0.0,0.0
2004-12-27 00:00:00-05:00,7.020686468143349,7.020686468143349,6.893959062272949,6.930569171905518,299250,0.0,0.0
2004-12-28 00:00:00-05:00,6.955913603152155,7.0347657203674325,6.955913603152155,7.034765720367432,328500,0.0,0.0
2004-12-29 00:00:00-05:00,7.03476827529655,7.054481983184815,7.020687822719157,7.0544819831848145,210000,0.0,0.0
2004-12-30 00:00:00-05:00,7.04885125662018,7.088277339935303,7.031954171935092,7.088277339935303,290250,0.0,0.0
2004-12-31 00:00:00-05:00,7.074194043131465,7.1333331443578984,7.068561460023057,7.124884605407715,440625,0.0,0.0
2005-01-03 00:00:00-05:00,7.124884934493855,7.13896605720283,7.040400212514665,7.065745830535889,822125,0.0,0.0
2005-01-04 00:00:00-05:00,7.1023550480717486,7.1445970680210475,7.046031907189482,7.074193477630615,553250,0.0,0.0
2005-01-05 00:00:00-05:00,7.054481983184815,7.107988508688843,7.03476827529655,7.0544819831848145,520750,0.0,0.0
2005-01-06 00:00:00-05:00,7.062929851876282,7.0741950196481325,7.00097478625584,7.0544819831848145,782000,0.0,0.0
2005-01-07 00:00:00-05:00,7.05447898190374,7.07137538352316,6.958729125128832,7.006603717803955,401625,0.0,0.0
2005-01-10 00:00:00-05:00,6.969993436796677,7.051662173452197,6.969993436796677,7.01223611831665,597000,0.0,0.0
2005-01-11 00:00:00-05:00,7.003787582012656,7.01223611831665,6.955912990573115,7.01223611831665,549375,0.0,0.0
2005-01-12 00:00:00-05:00,7.023502832307572,7.0263187881585205,6.89959204634269,6.916489124298096,746375,0.0,0.0
2005-01-13 00:00:00-05:00,6.927755475507448,6.978446051531997,6.865799730210744,6.877064228057861,562250,0.0,0.0
2005-01-14 00:00:00-05:00,6.896775389369283,6.89959201663296,6.801026176600756,6.843268871307373,584250,0.0,0.0
2005-01-18 00:00:00-05:00,6.854532838336385,6.893958902743793,6.741886556358187,6.840451717376709,806875,0.0,0.0
2005-01-19 00:00:00-05:00,6.860169368997786,6.86298532624037,6.747522350767,6.784132480621338,551750,0.0,0.0
2005-01-20 00:00:00-05:00,6.7953954976145114,6.826373031735483,6.637690527810061,6.781314373016357,889875,0.0,0.0
2005-01-21 00:00:00-05:00,6.77286510019889,6.834820833166595,6.7080934111860335,6.74188756942749,707000,0.0,0.0
2005-01-24 00:00:00-05:00,6.744701268416335,6.806656980651093,6.739068686786021,6.758782386779785,427625,0.0,0.0
2005-01-25 00:00:00-05:00,6.74188728381796,6.772864813277047,6.603895372077694,6.629240989685059,798375,0.0,0.0
2005-01-26 00:00:00-05:00,6.626424789368213,6.6742994003174445,6.541940063323995,6.657402992248535,742500,0.0,0.0
2005-01-27 00:00:00-05:00,6.7418886144069194,6.7418886144069194,6.527860479028526,6.544756889343262,795875,0.0,0.0
2005-01-28 00:00:00-05:00,6.51941035028736,6.617975517387593,6.209632384308456,6.479984283447266,1918125,0.0,0.0
2005-01-31 00:00:00-05:00,6.4884334295812,6.570102206577356,6.4715370200518025,6.533492088317871,632625,0.0,0.0
2005-02-01 00:00:00-05:00,6.530678026772568,6.589817155846477,6.485619354962611,6.564472198486328,1107375,0.0,0.0
2005-02-02 00:00:00-05:00,6.598263214080381,6.640505912815335,6.5729182662643275,6.626424789428711,965250,0.0,0.0
2005-02-03 00:00:00-05:00,6.646139668018843,6.646139668018843,6.533493335388455,6.575736045837402,1057000,0.0,0.0
2005-02-04 00:00:00-05:00,6.57573263285471,6.741886088673937,6.570100050576611,6.73906946182251,1210000,0.0,0.0
2005-02-07 00:00:00-05:00,6.716542685127252,6.832005624126912,6.716542685127252,6.817924499511719,952500,0.0,0.0
2005-02-08 00:00:00-05:00,6.789761801885514,6.829187870025634,6.77568067959269,6.829187870025635,957875,0.0,0.0
2005-02-09 00:00:00-05:00,6.80666000267455,6.862983158285368,6.767233928031974,6.817924499511719,545125,0.0,0.0
2005-02-10 00:00:00-05:00,6.820738685173005,6.840451717376709,6.789761159056441,6.840451717376709,463500,0.0,0.0
2005-02-11 00:00:00-05:00,6.843269653102886,6.857350105330449,6.770049421529754,6.854534149169922,817875,0.0,0.0
2005-02-14 00:00:00-05:00,6.826372573289866,6.885511681210504,6.81510807722283,6.854534149169922,362125,0.0,0.0
2005-02-15 00:00:00-05:00,6.865798326815171,6.953099677991937,6.843269335725948,6.950283050537109,608125,0.0,0.0
2005-02-16 00:00:00-05:00,6.941833666079042,6.944650293191037,6.885510523786602,6.930569171905518,303250,0.0,0.0
2005-02-17 00:00:00-05:00,6.9277545660859445,6.944651646351024,6.8376372522888245,6.848901748657227,462125,0.0,0.0
2005-02-18 00:00:00-05:00,6.851718895633357,6.879880474401301,6.786947197324585,6.815108776092529,560250,0.0,0.0
2005-02-22 00:00:00-05:00,6.817923283939454,6.840452273597081,6.747519016265869,6.747519016265869,585875,0.0,0.0
2005-02-23 00:00:00-05:00,6.772862160856822,6.792575187467484,6.727803526564761,6.733436107635498,535875,0.0,0.0
2005-02-24 00:00:00-05:00,6.702459256175344,6.775678788821375,6.702459256175344,6.758782386779785,607000,0.0,0.0
2005-02-25 00:00:00-05:00,6.758787513424067,6.7813165141845655,6.744706384379865,6.778500556945801,737375,0.0,0.0
2005-02-28 00:00:00-05:00,6.758787106552257,6.792580605658673,6.753154520988614,6.755970478057861,748750,0.0,0.0
2005-03-01 00:00:00-05:00,6.772865892687555,6.815108595432169,6.75596881158971,6.7897629737854,664375,0.0,0.0
2005-03-02 00:00:00-05:00,6.789762424671359,6.823739788662514,6.738797053749476,6.772773742675781,864000,0.104,0.0
2005-03-03 00:00:00-05:00,6.778433958748049,6.784096400278331,6.735962271948129,6.7586140632629395,998375,0.0,0.0
2005-03-04 00:00:00-05:00,6.781267277582195,6.835064539151676,6.764278597606068,6.806750297546387,719625,0.0,0.0
2005-03-07 00:00:00-05:00,6.857715734977417,6.886029976882325,6.82090715299456,6.82940149307251,664750,0.0,0.0
2005-03-08 00:00:00-05:00,6.8520544892263056,6.857716933558094,6.7784373123939,6.826571464538574,844000,0.0,0.0
2005-03-09 00:00:00-05:00,6.854883621179898,6.976634913032196,6.826569382959938,6.905848979949951,1161125,0.0,0.0
2005-03-10 00:00:00-05:00,6.911512905284561,6.959647048376879,6.806750279134838,6.866209983825684,610500,0.0,0.0
2005-03-11 00:00:00-05:00,6.871873471472482,6.891693374101279,6.82657054757889,6.835064888000488,463625,0.0,0.0
2005-03-14 00:00:00-05:00,6.835069236236763,6.880372188950539,6.8265748904113535,6.857720375061035,890375,0.0,0.0
2005-03-15 00:00:00-05:00,6.860548471607976,6.905850724150083,6.735965251922607,6.735965251922607,1960000,0.0,0.0
2005-03-16 00:00:00-05:00,6.733134302378164,6.7840996760829055,6.6963257143995065,6.747291088104248,744750,0.0,0.0
2005-03-17 00:00:00-05:00,6.7501227121406595,6.772773838411712,6.7189765696868875,6.735965251922607,602000,0.0,0.0
2005-03-18 00:00:00-05:00,6.767111661347809,6.784099669188869,6.520777109341375,6.679337024688721,1498625,0.0,0.0
2005-03-21 00:00:00-05:00,6.6396942528602745,6.690659603779192,6.631199915196357,6.65385103225708,562000,0.0,0.0
2005-03-22 00:00:00-05:00,6.651021627066681,6.704818888602852,6.549090222337799,6.5632476806640625,507500,0.0,0.0
2005-03-23 00:00:00-05:00,6.543426788777301,6.597223367107133,6.526438111382758,6.560414791107178,1030250,0.0,0.0
2005-03-24 00:00:00-05:00,6.583067582269016,6.634032947101073,6.554753340681258,6.5632476806640625,523000,0.0,0.0
2005-03-28 00:00:00-05:00,6.591562580850767,6.639696728852824,6.577405121109955,6.611382484436035,581125,0.0,0.0
2005-03-29 00:00:00-05:00,6.611385010238803,6.687833431863879,6.5689132898553755,6.583070755004883,690750,0.0,0.0
2005-03-30 00:00:00-05:00,6.600055992787874,6.693493053719392,6.554753073083996,6.673673152923584,640250,0.0,0.0
2005-03-31 00:00:00-05:00,6.668010417689231,6.682167201185661,6.583067691516317,6.594393253326416,510875,0.0,0.0
2005-04-01 00:00:00-05:00,6.6113809593690895,6.668009435140007,6.449989870928443,6.4726409912109375,1083875,0.0,0.0
2005-04-04 00:00:00-04:00,6.500955783427525,6.534933141813169,6.4414960813173865,6.489630222320557,602500,0.0,0.0
2005-04-05 00:00:00-04:00,6.492464268616019,6.563250237695899,6.478307479839063,6.543430328369141,735125,0.0,0.0
2005-04-06 00:00:00-04:00,6.557583579516321,6.597223376785296,6.49529198733317,6.500955104827881,355875,0.0,0.0
2005-04-07 00:00:00-04:00,6.498124857505742,6.583067582269016,6.483967399179479,6.5632476806640625,466125,0.0,0.0
2005-04-08 00:00:00-04:00,6.597224625036146,6.602887743602367,6.498125113113241,6.506619453430176,461000,0.0,0.0
2005-04-11 00:00:00-04:00,6.557583897435128,6.56041511878741,6.503786641353559,6.51511287689209,534375,0.0,0.0
2005-04-12 00:00:00-04:00,6.526438573634242,6.636864309455287,6.469810095018022,6.614212512969971,577375,0.0,0.0
2005-04-13 00:00:00-04:00,6.625539387362632,6.625539387362632,6.509451185701343,6.520776748657227,377000,0.0,0.0
2005-04-14 00:00:00-04:00,6.526440681673619,6.5434293657587705,6.472643407092283,6.486800193786621,466000,0.0,0.0
2005-04-15 00:00:00-04:00,6.469812015129215,6.5575859805145065,6.433003425598145,6.4330034255981445,647875,0.0,0.0
2005-04-18 00:00:00-04:00,6.435830633723554,6.486795977789908,6.373539057585127,6.444324970245361,437375,0.0,0.0
2005-04-19 00:00:00-04:00,6.427341186597738,6.464149781171712,6.3622183404334,6.421678066253662,571625,0.0,0.0
2005-04-20 00:00:00-04:00,6.449991156888388,6.4669791629548845,6.311251161069102,6.316913604736328,774375,0.0,0.0
2005-04-21 00:00:00-04:00,6.387697965424292,6.472640674930004,6.359383728922388,6.4584832191467285,627500,0.0,0.0
2005-04-22 00:00:00-04:00,6.469812076061093,6.486800084795881,6.370711870606071,6.393362998962402,426375,0.0,0.0
2005-04-25 00:00:00-04:00,6.449989440319289,6.5264378099997735,6.362214836189031,6.427337646484375,456250,0.0,0.0
2005-04-26 00:00:00-04:00,6.438664062651597,6.472641420392959,6.336732664492235,6.342395782470703,533000,0.0,0.0
2005-04-27 00:00:00-04:00,6.319744720447583,6.441496020085813,6.26877868335359,6.418844223022461,521125,0.0,0.0
2005-04-28 00:00:00-04:00,6.399026727944153,6.625540733337402,6.328240763726271,6.625540733337402,1341875,0.0,0.0
2005-04-29 00:00:00-04:00,6.625539988749809,6.795426148767683,6.526440460059701,6.682168483734131,770500,0.0,0.0
2005-05-02 00:00:00-04:00,6.682169131228933,6.792594909667969,6.682169131228933,6.792594909667969,871000,0.0,0.0
2005-05-03 00:00:00-04:00,6.812412276482392,6.900186892021253,6.699155317781029,6.752952575683594,1117875,0.0,0.0
2005-05-04 00:00:00-04:00,6.795425462587985,6.905850544111614,6.786931121691576,6.87187385559082,749875,0.0,0.0
2005-05-05 00:00:00-04:00,6.854885613850042,6.888862979616867,6.772774096623473,6.863379955291748,597750,0.0,0.0
2005-05-06 00:00:00-04:00,6.883199418431086,6.905850544111614,6.846390832901595,6.87187385559082,301125,0.0,0.0
2005-05-09 00:00:00-04:00,6.8775368092918,6.894525492343942,6.82090831582792,6.886031150817871,276875,0.0,0.0
2005-05-10 00:00:00-04:00,6.835064009937876,6.9058492709380745,6.826569670607498,6.852052688598633,453625,0.0,0.0
2005-05-11 00:00:00-04:00,6.854884422227156,6.86904188052389,6.75861613604252,6.866209983825684,958000,0.0,0.0
2005-05-12 00:00:00-04:00,6.869043481397412,6.908683293762949,6.843560455563171,6.846391677856445,460625,0.0,0.0
2005-05-13 00:00:00-04:00,6.852053514001453,6.852053514001453,6.738796542706354,6.764278888702393,265625,0.0,0.0
2005-05-16 00:00:00-04:00,6.767112522669032,6.914346218109131,6.767112522669032,6.914346218109131,468750,0.0,0.0
2005-05-17 00:00:00-04:00,6.863378457450826,6.968141078948975,6.835064217179306,6.968141078948975,399375,0.0,0.0
2005-05-18 00:00:00-04:00,6.970974418470184,7.044591600556426,6.970974418470184,7.01910924911499,417375,0.0,0.0
2005-05-19 00:00:00-04:00,6.99645774973885,7.053086249954218,6.979469064661246,7.038929462432861,268500,0.0,0.0
2005-05-20 00:00:00-04:00,7.038928104393913,7.067242349038856,7.016276303639056,7.055916786193848,424375,0.0,0.0
2005-05-23 00:00:00-04:00,7.064411473492328,7.121040646035226,7.030434780044516,7.078568935394287,464750,0.0,0.0
2005-05-24 00:00:00-04:00,7.064407587221466,7.104048053700981,7.016273458351234,7.0615763664245605,249125,0.0,0.0
2005-05-25 00:00:00-04:00,7.0502528561317135,7.0502528561317135,6.9709725752078935,6.979466915130615,371125,0.0,0.0
2005-05-26 00:00:00-04:00,6.993626189177348,7.078568935394287,6.993626189177348,7.078568935394287,449000,0.0,0.0
2005-05-27 00:00:00-04:00,7.06157919116443,7.078567872870732,7.0445905094581285,7.053084850311279,308625,0.0,0.0
2005-05-31 00:00:00-04:00,7.075738055079348,7.078569277570624,7.038929462432861,7.038929462432861,316500,0.0,0.0
2005-06-01 00:00:00-04:00,7.09594702146469,7.133009050169403,7.0446300526214145,7.127306938171387,448500,0.136,0.0
2005-06-02 00:00:00-04:00,7.124456222028858,7.127306938171387,7.070288537043052,7.127306938171387,484125,0.0,0.0
2005-06-03 00:00:00-04:00,7.127305433714252,7.127305433714252,7.044628565616009,7.0731377601623535,357250,0.0,0.0
2005-06-06 00:00:00-04:00,7.09594702146469,7.135859766311933,7.061735708902507,7.127306938171387,393250,0.0,0.0
2005-06-07 00:00:00-04:00,7.127305562707581,7.1672182998522596,7.073137888175331,7.098796367645264,583125,0.0,0.0
2005-06-08 00:00:00-04:00,7.1244554186278535,7.155815331798198,7.078840566926429,7.093094825744629,235625,0.0,0.0
2005-06-09 00:00:00-04:00,7.104499081698742,7.124455451965332,7.053182118402181,7.124455451965332,325375,0.0,0.0
2005-06-10 00:00:00-04:00,7.127305562707581,7.127305562707581,7.0389272619282455,7.098796367645264,236000,0.0,0.0
2005-06-13 00:00:00-04:00,7.0674373894757485,7.127306503091962,7.044629622588918,7.087393760681152,488500,0.0,0.0
2005-06-14 00:00:00-04:00,7.0588853444055575,7.110201636092249,7.04463040355687,7.101648807525635,358625,0.0,0.0
2005-06-15 00:00:00-04:00,7.121604826173371,7.127306938171387,7.084542797468657,7.127306938171387,351375,0.0,0.0
2005-06-16 00:00:00-04:00,7.127310034425109,7.190030574798584,7.098800821475938,7.190030574798584,349750,0.0,0.0
2005-06-17 00:00:00-04:00,7.238492288024993,7.241343003877564,7.175771781278235,7.2299394607543945,737875,0.0,0.0
2005-06-20 00:00:00-04:00,7.198582037370559,7.2641532826522885,7.152967169385905,7.255600452423096,443625,0.0,0.0
2005-06-21 00:00:00-04:00,7.24704335597801,7.284105371915669,7.212832055200872,7.2669997215271,323250,0.0,0.0
2005-06-22 00:00:00-04:00,7.281258263397551,7.286960376788054,7.198582037370559,7.255600452423096,472375,0.0,0.0
2005-06-23 00:00:00-04:00,7.252748205044256,7.255599601261569,7.16436987599451,7.167220592498779,409375,0.0,0.0
2005-06-24 00:00:00-04:00,7.170071078874117,7.181474623157192,7.078841365183599,7.127306938171387,590000,0.0,0.0
2005-06-27 00:00:00-04:00,7.138707519266622,7.184322357177734,7.12160187008587,7.184322357177734,368500,0.0,0.0
2005-06-28 00:00:00-04:00,7.238487825180661,7.238487825180661,7.164363821011425,7.192873001098633,846375,0.0,0.0
2005-06-29 00:00:00-04:00,7.21283165145067,7.258446490029247,7.19857739673325,7.249893665313721,309125,0.0,0.0
2005-06-30 00:00:00-04:00,7.269851981377466,7.298361178178441,7.2099828720092765,7.209982872009277,458375,0.0,0.0
2005-07-01 00:00:00-04:00,7.227087957519984,7.2812549513818325,7.224236562265182,7.278404235839844,511750,0.0,0.0
2005-07-05 00:00:00-04:00,7.25560177203074,7.352532959306722,7.238496108461273,7.34683084487915,398875,0.0,0.0
2005-07-06 00:00:00-04:00,7.341126380166235,7.341126380166235,7.284107978277459,7.286958694458008,395000,0.0,0.0
2005-07-07 00:00:00-04:00,7.241343913834916,7.272704511005555,7.20998399637725,7.269853115081787,728250,0.0,0.0
2005-07-08 00:00:00-04:00,7.267001605411115,7.329722113191175,7.2270888639660305,7.318317890167236,398375,0.0,0.0
2005-07-11 00:00:00-04:00,7.349679241494534,7.435206844712576,7.306915100029029,7.39244270324707,357625,0.0,0.0
2005-07-12 00:00:00-04:00,7.381038465154175,7.432355430090455,7.346827155196655,7.372485637664795,359125,0.0,0.0
2005-07-13 00:00:00-04:00,7.372488171509447,7.400997379701386,7.301215490886169,7.326873302459717,332875,0.0,0.0
2005-07-14 00:00:00-04:00,7.284105151307452,7.383886976030883,7.284105151307452,7.369632720947266,421000,0.0,0.0
2005-07-15 00:00:00-04:00,7.355380581059026,7.400995438142266,7.341126320559054,7.398144721984863,335125,0.0,0.0
2005-07-18 00:00:00-04:00,7.3781884714665145,7.412399105059947,7.329722897424421,7.341126441955566,345000,0.0,0.0
2005-07-19 00:00:00-04:00,7.372486669335335,7.381039498021557,7.315468264569189,7.355381011962891,320375,0.0,0.0
2005-07-20 00:00:00-04:00,7.321170877088776,7.398145660810433,7.321170877088776,7.386742115020752,275250,0.0,0.0
2005-07-21 00:00:00-04:00,7.3667859639062785,7.381040226648439,7.278406951995227,7.324021816253662,400125,0.0,0.0
2005-07-22 00:00:00-04:00,7.338275062114106,7.386741315975346,7.298362316311177,7.352530002593994,397500,0.0,0.0
2005-07-25 00:00:00-04:00,7.326870717578741,7.406696880181808,7.284107260234122,7.318317890167236,489500,0.0,0.0
2005-07-26 00:00:00-04:00,7.355380441943606,7.3924424701407085,7.3126169815395325,7.361082553863525,508125,0.0,0.0
2005-07-27 00:00:00-04:00,7.369635521271959,7.438057467040338,7.343977036716456,7.398144721984863,395625,0.0,0.0
2005-07-28 00:00:00-04:00,7.469416381625895,7.475118492888522,7.383888790963714,7.438056468963623,350875,0.0,0.0
2005-07-29 00:00:00-04:00,7.469419397764092,7.552096306036183,7.429506641947615,7.486525058746338,503375,0.0,0.0
2005-08-01 00:00:00-04:00,7.515031629632953,7.515031629632953,7.341125723345671,7.372485637664795,524000,0.0,0.0
2005-08-02 00:00:00-04:00,7.375336312640637,7.4181004498501,7.369634880821309,7.412398338317871,454625,0.0,0.0
2005-08-03 00:00:00-04:00,7.383891223569122,7.412400429848805,7.363934847144652,7.409549713134766,410375,0.0,0.0
2005-08-04 00:00:00-04:00,7.369636560459704,7.3838908229696605,7.289810379379556,7.298363208770752,344125,0.0,0.0
2005-08-05 00:00:00-04:00,7.301208293257507,7.301208293257507,7.158661713108995,7.192873001098633,369875,0.0,0.0
2005-08-08 00:00:00-04:00,7.184324390974538,7.247044895821832,7.184324390974538,7.209982872009277,354250,0.0,0.0
2005-08-09 00:00:00-04:00,7.201431964886607,7.255599657163332,7.201431964886607,7.221388339996338,493250,0.0,0.0
2005-08-10 00:00:00-04:00,7.227090731333535,7.318319781106904,7.192879412847849,7.212835788726807,449250,0.0,0.0
2005-08-11 00:00:00-04:00,7.1985777996855465,7.28695608707619,7.1985777996855465,7.2669997215271,428625,0.0,0.0
2005-08-12 00:00:00-04:00,7.241344770067241,7.28695963339843,7.181475644283649,7.2755560874938965,537750,0.0,0.0
2005-08-15 00:00:00-04:00,7.25559715207831,7.2812549513818325,7.215683735926403,7.278404235839844,402000,0.0,0.0
2005-08-16 00:00:00-04:00,7.249898769463471,7.26700443093743,7.155818311069859,7.201433181762695,485125,0.0,0.0
2005-08-17 00:00:00-04:00,7.187175674733647,7.227089097179611,7.170070699071572,7.204281330108643,736875,0.0,0.0
2005-08-18 00:00:00-04:00,7.201431382837131,7.201431382837131,7.098798119344443,7.133009433746338,386000,0.0,0.0
2005-08-19 00:00:00-04:00,7.161517305418905,7.221386414787093,7.110200343349429,7.209982872009277,390250,0.0,0.0
2005-08-22 00:00:00-04:00,7.227091244896827,7.281258263397551,7.204283471047939,7.255600452423096,266750,0.0,0.0
2005-08-23 00:00:00-04:00,7.2441914495976905,7.247042844269599,7.164365993037749,7.184322357177734,411375,0.0,0.0
2005-08-24 00:00:00-04:00,7.175771310462319,7.207131901634514,7.101647265455812,7.158665657043457,311125,0.0,0.0
2005-08-25 00:00:00-04:00,7.175771455676552,7.218535590089114,7.130156605540771,7.195727825164795,286875,0.0,0.0
2005-08-26 00:00:00-04:00,7.195728544685304,7.195728544685304,7.138710146242367,7.164368629455566,267375,0.0,0.0
2005-08-29 00:00:00-04:00,7.127305889817553,7.195727825164795,7.05888395447031,7.195727825164795,428125,0.0,0.0
2005-08-30 00:00:00-04:00,7.1700693286891575,7.204279953187708,7.13015591387166,7.1757707595825195,648125,0.0,0.0
2005-08-31 00:00:00-04:00,7.198733502204854,7.244658531783729,7.124106099015926,7.224566459655762,1127875,0.136,0.0
2005-09-01 00:00:00-04:00,7.227436794118683,7.247529551231981,7.149938603592047,7.230307579040527,558375,0.0,0.0
2005-09-02 00:00:00-04:00,7.233179244011364,7.244660333177149,7.1786432150550725,7.190124988555908,439375,0.0,0.0
2005-09-06 00:00:00-04:00,7.218825739490866,7.2590098808567625,7.190122683610249,7.241787910461426,771875,0.0,0.0
2005-09-07 00:00:00-04:00,7.2475285080875524,7.3565998423764976,7.227435753866226,7.350859642028809,573750,0.0,0.0
2005-09-08 00:00:00-04:00,7.319285036656438,7.3652100563049325,7.281971000962957,7.365210056304932,759375,0.0,0.0
2005-09-09 00:00:00-04:00,7.365213073838502,7.482896113215364,7.347991098872619,7.474285125732422,884125,0.0,0.0
2005-09-12 00:00:00-04:00,7.482896000806337,7.534561240592852,7.457063038745578,7.511599063873291,571875,0.0,0.0
2005-09-13 00:00:00-04:00,7.525950160510803,7.5316910467874605,7.4541921615600595,7.454192161560059,465125,0.0,0.0
2005-09-14 00:00:00-04:00,7.474284853770583,7.491506143774833,7.38530488112951,7.40252685546875,342625,0.0,0.0
2005-09-15 00:00:00-04:00,7.393913945845982,7.442709070896867,7.347988920993735,7.405395030975342,528375,0.0,0.0
2005-09-16 00:00:00-04:00,7.41113702623798,7.617799326873243,7.405396140645645,7.600577354431152,1120500,0.0,0.0
2005-09-19 00:00:00-04:00,7.620668136519369,7.62353823666187,7.520207103849093,7.546040058135986,590000,0.0,0.0
2005-09-20 00:00:00-04:00,7.5632611116966375,7.660851348070754,7.500114125865595,7.528817176818848,575500,0.0,0.0
2005-09-21 00:00:00-04:00,7.494377462845423,7.494377462845423,7.3135480880737305,7.3135480880737305,645375,0.0,0.0
2005-09-22 00:00:00-04:00,7.333638884021199,7.342249870300293,7.204474774169706,7.342249870300293,536750,0.0,0.0
2005-09-23 00:00:00-04:00,7.342248935802477,7.459931259413671,7.325026965436246,7.414006233215332,278500,0.0,0.0
2005-09-26 00:00:00-04:00,7.4541934343663945,7.491507490698571,7.393917197676776,7.436972141265869,453875,0.0,0.0
2005-09-27 00:00:00-04:00,7.4398376969511135,7.471410846735032,7.396782779668777,7.434096813201904,475125,0.0,0.0
2005-09-28 00:00:00-04:00,7.477155604164811,7.502988567917465,7.37095433229508,7.428360462188721,446125,0.0,0.0
2005-09-29 00:00:00-04:00,7.4398415509119875,7.58048677444458,7.3853055222153605,7.58048677444458,342250,0.0,0.0
2005-09-30 00:00:00-04:00,7.580487019426838,7.6608553301370215,7.491507036186196,7.655115127563477,510875,0.0,0.0
2005-10-03 00:00:00-04:00,7.663723385062119,7.663723385062119,7.488634266589493,7.517337322235107,912625,0.0,0.0
2005-10-04 00:00:00-04:00,7.517335728546111,7.606315661217985,7.485762579329949,7.488632678985596,543875,0.0,0.0
2005-10-05 00:00:00-04:00,7.468540747027774,7.471410846735032,7.379561497090536,7.434096813201904,643750,0.0,0.0
2005-10-06 00:00:00-04:00,7.434100018867362,7.457062879431343,7.359471919620652,7.40252685546875,516500,0.0,0.0
2005-10-07 00:00:00-04:00,7.4340965002344905,7.471410532196738,7.359468436309997,7.462799549102783,742750,0.0,0.0
2005-10-10 00:00:00-04:00,7.462802200700259,7.505857131467816,7.356600950586829,7.379563808441162,575000,0.0,0.0
2005-10-11 00:00:00-04:00,7.3910437818018515,7.445579791113727,7.270490678147918,7.350859642028809,490500,0.0,0.0
2005-10-12 00:00:00-04:00,7.35086258940454,7.385305858305339,7.190125281528904,7.247531414031982,475625,0.0,0.0
2005-10-13 00:00:00-04:00,7.247530966814938,7.27910413244285,7.201605926779315,7.233179092407227,514375,0.0,0.0
2005-10-14 00:00:00-04:00,7.261884390273944,7.347993610197914,7.1872562628061205,7.284847259521484,400250,0.0,0.0
2005-10-17 00:00:00-04:00,7.290583151174835,7.296324036174777,7.198733097184817,7.287713050842285,328875,0.0,0.0
2005-10-18 00:00:00-04:00,7.2934553225155225,7.327899273626,7.218827902334554,7.233179092407227,418625,0.0,0.0
2005-10-19 00:00:00-04:00,7.236048264207428,7.304936157580903,7.170031155947815,7.302065372467041,622000,0.0,0.0
2005-10-20 00:00:00-04:00,7.307807797070681,7.3336407625250475,7.175773552750706,7.195865631103516,360500,0.0,0.0
2005-10-21 00:00:00-04:00,7.2102164211950575,7.316417684072113,7.161420599015743,7.236048698425293,589250,0.0,0.0
2005-10-24 00:00:00-04:00,7.276233076100253,7.388174533843994,7.276233076100253,7.388174533843994,409500,0.0,0.0
2005-10-25 00:00:00-04:00,7.38817732599157,7.38817732599157,7.218829682823073,7.2704949378967285,394625,0.0,0.0
2005-10-26 00:00:00-04:00,7.276231965177244,7.36234113416732,7.250399009179769,7.287713050842285,663750,0.0,0.0
2005-10-27 00:00:00-04:00,7.2877146960461685,7.290584797026645,7.109755432891716,7.132717609405518,733375,0.0,0.0
2005-10-28 00:00:00-04:00,7.1901239772267695,7.287714247911927,7.04086778606009,7.281973361968994,901375,0.0,0.0
2005-10-31 00:00:00-05:00,7.33651106244806,7.451323332905492,7.319289085012422,7.436972141265869,707000,0.0,0.0
2005-11-01 00:00:00-05:00,7.419747767527756,7.4656727977456745,7.356600765436255,7.439839839935303,537750,0.0,0.0
2005-11-02 00:00:00-05:00,7.439839056465693,7.574743348044181,7.436968956233969,7.551781177520752,603250,0.0,0.0
2005-11-03 00:00:00-05:00,7.603445460303997,7.603445460303997,7.494374137343691,7.548910140991211,612125,0.0,0.0
2005-11-04 00:00:00-05:00,7.548910307827082,7.594834644192863,7.468541350517466,7.566131591796875,390625,0.0,0.0
2005-11-07 00:00:00-05:00,7.63788943700094,7.646500421008955,7.517336345223448,7.531688213348389,617500,0.0,0.0
2005-11-08 00:00:00-05:00,7.531691252728692,7.531691252728692,7.459933251815848,7.474285125732422,853375,0.0,0.0
2005-11-09 00:00:00-05:00,7.474285584199445,7.491506875886656,7.448452620166045,7.477155685424805,925375,0.0,0.0
2005-11-10 00:00:00-05:00,7.525948559221379,7.626409599510414,7.4340985043476815,7.5948357582092285,902500,0.0,0.0
2005-11-11 00:00:00-05:00,7.603446995649359,7.614928766140285,7.560392751480442,7.5977067947387695,642500,0.0,0.0
2005-11-14 00:00:00-05:00,7.620670504351877,7.657984555137486,7.57761625149772,7.6436333656311035,526250,0.0,0.0
2005-11-15 00:00:00-05:00,7.643630965798482,7.678074220400829,7.523077863853278,7.560391902923584,730750,0.0,0.0
2005-11-16 00:00:00-05:00,7.58909718175086,7.614930143525791,7.474284930753388,7.5345611572265625,342375,0.0,0.0
2005-11-17 00:00:00-05:00,7.543173188067688,7.652244567871094,7.543173188067688,7.652244567871094,657000,0.0,0.0
2005-11-18 00:00:00-05:00,7.689560046109371,7.735485098228115,7.591969738066551,7.663727760314941,694750,0.0,0.0
2005-11-21 00:00:00-05:00,7.67807774749094,7.692429623419192,7.597709432165088,7.660855770111084,486125,0.0,0.0
2005-11-22 00:00:00-05:00,7.660853574914644,7.703908506027015,7.629280414988848,7.683816432952881,549500,0.0,0.0
2005-11-23 00:00:00-05:00,7.689557832720715,7.744093859184838,7.66085476895039,7.67807674407959,807125,0.0,0.0
2005-11-25 00:00:00-05:00,7.744094191114206,7.744094191114206,7.606319752845332,7.649374008178711,547875,0.0,0.0
2005-11-28 00:00:00-05:00,7.643634263756562,7.6723373304769416,7.589098231687314,7.652244567871094,866750,0.0,0.0
2005-11-29 00:00:00-05:00,7.695297179523308,7.749833195075792,7.669464221998203,7.715389251708984,999125,0.0,0.0
2005-11-30 00:00:00-05:00,7.747163743283376,7.7818269117389915,7.672060670756519,7.686503887176514,587375,0.136,0.0
2005-12-01 00:00:00-05:00,7.75294376941376,7.781829523257107,7.683618097927867,7.7789411544799805,591125,0.0,0.0
2005-12-02 00:00:00-05:00,7.770276213623472,7.784718747787426,7.712504699586111,7.776052951812744,389500,0.0,0.0
2005-12-05 00:00:00-05:00,7.755829531339039,7.799158491885886,7.718277995095259,7.787604331970215,718250,0.0,0.0
2005-12-06 00:00:00-05:00,7.796267505635246,7.8367080883658256,7.752939244503595,7.770270824432373,681625,0.0,0.0
2005-12-07 00:00:00-05:00,7.77027692502379,7.830936813709445,7.750056962128571,7.767387866973877,697500,0.0,0.0
2005-12-08 00:00:00-05:00,7.7904934691287195,7.917590618133544,7.764496090233234,7.917590618133545,1497500,0.0,0.0
2005-12-09 00:00:00-05:00,7.963808030590675,8.099570973916615,7.963808030590675,8.047576904296875,1395250,0.0,0.0
2005-12-12 00:00:00-05:00,8.105348275608213,8.160231401204399,8.05335420677903,8.102459907531738,1108500,0.0,0.0
2005-12-13 00:00:00-05:00,8.093797428341318,8.142903149198691,7.975365335741009,7.989808559417725,1626625,0.0,0.0
2005-12-14 00:00:00-05:00,7.989804234613512,8.015801609944983,7.897369581450794,7.955141067504883,1469750,0.0,0.0
2005-12-15 00:00:00-05:00,7.9782506533990105,8.015802190924923,7.914701738657354,7.958030700683594,1452000,0.0,0.0
2005-12-16 00:00:00-05:00,8.032967288364368,8.03596444689603,7.943046100743842,7.958032608032227,860125,0.8,0.0
2005-12-19 00:00:00-05:00,7.958028221594141,7.958028221594141,7.853119869880285,7.8711042404174805,714125,0.0,0.0
2005-12-20 00:00:00-05:00,7.913069451193991,7.949037484190041,7.865111359236113,7.874103546142578,1053375,0.0,0.0
2005-12-21 00:00:00-05:00,7.883094297195398,7.940043851056945,7.83513621397277,7.8711042404174805,814125,0.0,0.0
2005-12-22 00:00:00-05:00,7.9220609450464785,7.925058817110005,7.868108538090557,7.898082256317139,783375,0.0,0.0
2005-12-23 00:00:00-05:00,7.93704890469192,7.94903825017926,7.910072341372995,7.928056716918945,607500,0.0,0.0
2005-12-27 00:00:00-05:00,7.943041940737204,7.996994339201017,7.823146372072628,7.850122928619385,740125,0.0,0.0
2005-12-28 00:00:00-05:00,7.880102879712832,7.934056035513578,7.86511636841058,7.904082298278809,343125,0.0,0.0
2005-12-29 00:00:00-05:00,7.88908795059015,7.970016896603608,7.883093637332632,7.919061660766602,592750,0.0,0.0
2005-12-30 00:00:00-05:00,7.91906232364011,7.922059480519749,7.802164629778017,7.8711042404174805,528625,0.0,0.0
2006-01-03 00:00:00-05:00,8.01798048926548,8.115395292982297,7.898085566115584,8.085421562194824,1068400,0.0,1.25
2006-01-04 00:00:00-05:00,8.224047374688416,8.224047374688416,8.085418476065888,8.1004056930542,963800,0.0,0.0
2006-01-05 00:00:00-05:00,8.111642100709291,8.149109413351761,8.002987680138633,8.047947883605957,731500,0.0,0.0
2006-01-06 00:00:00-05:00,8.130379923519511,8.134126013372247,7.995497820664661,8.066685676574707,957200,0.0,0.0
2006-01-09 00:00:00-05:00,8.03671186983094,8.055445177414839,7.9243098804379235,7.961777210235596,915900,0.0,0.0
2006-01-10 00:00:00-05:00,7.96177777628436,8.092913082584442,7.958030971575224,8.081672668457031,1052500,0.0,0.0
2006-01-11 00:00:00-05:00,8.107895997493149,8.164097328620414,8.040454971844119,8.130376815795898,839700,0.0,0.0
2006-01-12 00:00:00-05:00,8.126635710013893,8.156609440801367,8.070435054116142,8.085421562194824,468400,0.0,0.0
2006-01-13 00:00:00-05:00,8.07417723833546,8.167845191052251,8.07417723833546,8.107897758483887,520300,0.0,0.0
2006-01-17 00:00:00-05:00,8.036713936723611,8.077927366933485,7.965526063262831,7.999246597290039,416700,0.0,0.0
2006-01-18 00:00:00-05:00,7.999244985040598,8.036712316922623,7.973018067112157,7.995498180389404,411900,0.0,0.0
2006-01-19 00:00:00-05:00,7.999244916535509,8.032965443477558,7.924310253413197,7.984257698059082,712400,0.0,0.0
2006-01-20 00:00:00-05:00,7.954285098134646,7.984258824687065,7.8718575287729955,7.8793511390686035,967100,0.0,0.0
2006-01-23 00:00:00-05:00,7.890590112498886,7.935551055497859,7.83064266492022,7.864363193511963,763800,0.0,0.0
2006-01-24 00:00:00-05:00,7.8718575287729955,7.943045397321246,7.860617113329584,7.8793511390686035,571400,0.0,0.0
2006-01-25 00:00:00-05:00,7.909321815266079,7.924308315447502,7.714492310499424,7.763199329376221,794400,0.0,0.0
2006-01-26 00:00:00-05:00,7.96177483163269,7.965521634956076,7.838133180479581,7.913067817687988,680100,0.0,0.0
2006-01-27 00:00:00-05:00,7.9392954130503375,8.017976145758148,7.856867162065328,7.883094787597656,1239000,0.0,0.0
2006-01-30 00:00:00-05:00,7.841882531205605,8.085419109300272,7.841882531205605,8.074178695678711,1545600,0.0,0.0
2006-01-31 00:00:00-05:00,8.070433175097984,8.122887013105842,7.969271589257158,8.036712646484375,894700,0.0,0.0
2006-02-01 00:00:00-05:00,8.055442184045953,8.190324235344011,8.029215277322354,8.130376815795898,1379900,0.0,0.0
2006-02-02 00:00:00-05:00,8.137873413474841,8.14536702298855,7.991751601107193,8.059192657470703,813300,0.0,0.0
2006-02-03 00:00:00-05:00,8.002991721154615,8.055445556562287,7.95428397573614,7.984257698059082,633500,0.0,0.0
2006-02-06 00:00:00-05:00,7.98800357829349,7.98800357829349,7.9243093363993005,7.950536251068115,700500,0.0,0.0
2006-02-07 00:00:00-05:00,7.9580287219545465,7.9730159365544235,7.864360774594494,7.946788311004639,974300,0.0,0.0
2006-02-08 00:00:00-05:00,7.943043902651699,7.984257322262248,7.901829768411271,7.961777210235596,741300,0.0,0.0
2006-02-09 00:00:00-05:00,8.021724684476712,8.021724684476712,7.905576604801448,7.928056716918945,756600,0.0,0.0
2006-02-10 00:00:00-05:00,7.928057058032304,8.017978225001132,7.905576944947575,7.984257698059082,432100,0.0,0.0
2006-02-13 00:00:00-05:00,7.9842555928022225,8.025469718115307,7.935548574856531,7.965522289276123,308000,0.0,0.0
2006-02-14 00:00:00-05:00,7.961776716285983,8.025470958601463,7.939296605653999,8.010483741760254,1206500,0.0,0.0
2006-02-15 00:00:00-05:00,8.021724984691266,8.03671220308375,7.9767647587736255,8.002991676330566,582500,0.0,0.0
2006-02-16 00:00:00-05:00,8.029218707620235,8.051698820897482,7.980510961784629,7.995498180389404,432200,0.0,0.0
2006-02-17 00:00:00-05:00,8.002988742651228,8.006735545875872,7.931800910642275,7.991748332977295,590900,0.0,0.0
2006-02-21 00:00:00-05:00,8.021726715098158,8.044206832906278,7.980512570258223,7.999246597290039,487600,0.0,0.0
2006-02-22 00:00:00-05:00,8.040454152799057,8.137868878298942,7.973013848649481,8.08916187286377,779600,0.0,0.0
2006-02-23 00:00:00-05:00,8.111645369159634,8.111645369159634,7.999244100571584,8.00673770904541,626000,0.0,0.0
2006-02-24 00:00:00-05:00,8.032964624073966,8.077924845657252,7.984256883623931,8.00673770904541,964200,0.0,0.0
2006-02-27 00:00:00-05:00,8.044205211595093,8.07417893417473,7.995498180389405,7.995498180389404,748100,0.0,0.0
2006-02-28 00:00:00-05:00,8.006738879439148,8.025472188732238,7.946790717515384,7.976765155792236,885700,0.0,0.0
2006-03-01 00:00:00-05:00,8.017978180093145,8.055445511444448,7.9767647587736255,8.002991676330566,601700,0.0,0.0
2006-03-02 00:00:00-05:00,7.999219552674955,8.07842012374371,7.957734224348181,8.070877075195312,809300,0.14,0.0
2006-03-03 00:00:00-05:00,8.074651038228714,8.108594047603484,8.025622646545665,8.033164978027344,816600,0.0,0.0
2006-03-06 00:00:00-05:00,7.957731764574212,8.014303172511278,7.920017252834675,7.965274810791016,1337300,0.0,0.0
2006-03-07 00:00:00-05:00,7.946417486323386,8.274532815328282,7.946417486323386,8.018074989318848,740800,0.0,0.0
2006-03-08 00:00:00-05:00,8.025617716156262,8.08973217010498,7.976588635248403,8.08973217010498,950100,0.0,0.0
2006-03-09 00:00:00-05:00,8.089733147818777,8.11990461689145,8.04824710808964,8.093503952026367,575800,0.0,0.0
2006-03-10 00:00:00-05:00,8.085964899713707,8.108593330848352,8.021850412044833,8.082193374633789,479700,0.0,0.0
2006-03-13 00:00:00-05:00,8.067106081974423,8.134992084689483,8.067106081974423,8.127449035644531,513900,0.0,0.0
2006-03-14 00:00:00-05:00,8.127449022658,8.23304955108433,8.063334544567862,8.217964172363281,624600,0.0,0.0
2006-03-15 00:00:00-05:00,8.22927883409567,8.38013623283332,8.187792779688507,8.376364707946777,870000,0.0,0.0
2006-03-16 00:00:00-05:00,8.391449409562533,8.474420785209846,8.334877984378242,8.429163932800293,687100,0.0,0.0
2006-03-17 00:00:00-05:00,8.444251050650795,8.444251050650795,8.331108176966119,8.395222663879395,972600,0.0,0.0
2006-03-20 00:00:00-05:00,8.380133886935841,8.429162977391103,8.353733939465139,8.383905410766602,536300,0.0,0.0
2006-03-21 00:00:00-05:00,8.3386505302989,8.395221962414396,8.29339295299963,8.304707527160645,482300,0.0,0.0
2006-03-22 00:00:00-05:00,8.31224536895752,8.338645306115469,8.251901730582347,8.31224536895752,504200,0.0,0.0
2006-03-23 00:00:00-05:00,8.297163769169487,8.297163769169487,8.202877817247106,8.214192390441895,549700,0.0,0.0
2006-03-24 00:00:00-05:00,8.23304955108433,8.251906454321826,8.17647812202709,8.217964172363281,529400,0.0,0.0
2006-03-27 00:00:00-05:00,8.217962470864757,8.293390787542343,8.184019476589235,8.25567626953125,766300,0.0,0.0
2006-03-28 00:00:00-05:00,8.266991492368444,8.266991492368444,8.048248133875584,8.108591079711914,716000,0.0,0.0
2006-03-29 00:00:00-05:00,8.101047518048222,8.191561931064198,8.070876047042898,8.146305084228516,600200,0.0,0.0
2006-03-30 00:00:00-05:00,8.176480477993605,8.199108912267695,8.123680558239075,8.165165901184082,367000,0.0,0.0
2006-03-31 00:00:00-05:00,8.202880511686924,8.248138099987326,8.15008059145726,8.229280471801758,700700,0.0,0.0
2006-04-03 00:00:00-04:00,8.316017998880522,8.357504034582234,8.270761159337285,8.297161102294922,585700,0.0,0.0
2006-04-04 00:00:00-04:00,8.304707111326454,8.34996396701483,8.248135682043607,8.316020965576172,817800,0.0,0.0
2006-04-05 00:00:00-04:00,8.361277934841265,8.444249310488578,8.338649508636488,8.429163932800293,707100,0.0,0.0
2006-04-06 00:00:00-04:00,8.440480130845682,8.440480130845682,8.331108774353927,8.372594833374023,412500,0.0,0.0
2006-04-07 00:00:00-04:00,8.414078445360657,8.425393018955125,8.270764109887796,8.316020965576172,390000,0.0,0.0
2006-04-10 00:00:00-04:00,8.338649831296454,8.349963685164276,8.255677733093878,8.308478355407715,297800,0.0,0.0
2006-04-11 00:00:00-04:00,8.342417756748096,8.361274651289346,8.187788200263304,8.221731185913086,505400,0.0,0.0
2006-04-12 00:00:00-04:00,8.22173353226261,8.266991099159567,8.19910510848644,8.259448051452637,423800,0.0,0.0
2006-04-13 00:00:00-04:00,8.259448465820487,8.285848414774577,8.191562471741593,8.24813461303711,294000,0.0,0.0
2006-04-17 00:00:00-04:00,8.225504953967823,8.263219472689494,8.199105006666038,8.240591049194336,233400,0.0,0.0
2006-04-18 00:00:00-04:00,8.28585059588534,8.425394144818297,8.240593734149408,8.395222663879395,636300,0.0,0.0
2006-04-19 00:00:00-04:00,8.383906621986673,8.448021097682954,8.380135097611042,8.387678146362305,573200,0.0,0.0
2006-04-20 00:00:00-04:00,8.36882270797596,8.463108675828138,8.346193557763147,8.395222663879395,542200,0.0,0.0
2006-04-21 00:00:00-04:00,8.440478125783791,8.448021174603733,8.349963697978666,8.402764320373535,459300,0.0,0.0
2006-04-24 00:00:00-04:00,8.402761565086983,8.429161507955445,8.331104063483659,8.421618461608887,687500,0.0,0.0
2006-04-25 00:00:00-04:00,8.448021539818642,8.466879162683728,8.342421729153193,8.380135536193848,724600,0.0,0.0
2006-04-26 00:00:00-04:00,8.4065372389858,8.463108675828138,8.391451138843925,8.395222663879395,553300,0.0,0.0
2006-04-27 00:00:00-04:00,8.334878680007158,8.470649967911987,8.334878680007158,8.380135536193848,596500,0.0,0.0
2006-04-28 00:00:00-04:00,8.357505977389225,8.448020396861406,8.338649076420102,8.391448974609375,591200,0.0,0.0
2006-05-01 00:00:00-04:00,8.391449822620071,8.4140782499387,8.2292778682563,8.233049392700195,763700,0.0,0.0
2006-05-02 00:00:00-04:00,8.255676941777809,8.32733445989938,8.214191615997663,8.24813461303711,676600,0.0,0.0
2006-05-03 00:00:00-04:00,8.251907348632812,8.300936453315494,8.22927891842648,8.251907348632812,613200,0.0,0.0
2006-05-04 00:00:00-04:00,8.289621878539915,8.334879458297404,8.236821968276868,8.251907348632812,346900,0.0,0.0
2006-05-05 00:00:00-04:00,8.297162986902611,8.297162986902611,8.19533399578427,8.24813461303711,653900,0.0,0.0
2006-05-08 00:00:00-04:00,8.195335913444572,8.28207882868953,8.195335913444572,8.251907348632812,728600,0.0,0.0
2006-05-09 00:00:00-04:00,8.251905339337327,8.323562856778112,8.191562393917081,8.278306007385254,581600,0.0,0.0
2006-05-10 00:00:00-04:00,8.278307125936971,8.300935553690916,8.202878074297486,8.217964172363281,625100,0.0,0.0
2006-05-11 00:00:00-04:00,8.202874842540034,8.259446249309347,8.13121734364852,8.15007495880127,757200,0.0,0.0
2006-05-12 00:00:00-04:00,8.150078089360004,8.153849613839249,8.055792135413109,8.063334465026855,709700,0.0,0.0
2006-05-15 00:00:00-04:00,8.02562031389468,8.184020738489465,8.02562031389468,8.180249214172363,718200,0.0,0.0
2006-05-16 00:00:00-04:00,8.191562035636748,8.229276554711015,8.127447569013876,8.210419654846191,588000,0.0,0.0
2006-05-17 00:00:00-04:00,8.165161460828179,8.195332929900852,8.074647053610159,8.093503952026367,691000,0.0,0.0
2006-05-18 00:00:00-04:00,8.123676186672974,8.134990038049256,8.006761113924542,8.014304161071777,585500,0.0,0.0
2006-05-19 00:00:00-04:00,8.033161679443587,8.116133765776254,8.00299020787115,8.040704727172852,659100,0.0,0.0
2006-05-22 00:00:00-04:00,8.025620658923891,8.112363563912297,8.014306085486156,8.063334465026855,885800,0.0,0.0
2006-05-23 00:00:00-04:00,8.104822944998041,8.104822944998041,8.021851539611816,8.021851539611816,446500,0.0,0.0
2006-05-24 00:00:00-04:00,8.044475635127661,8.119904667955984,7.972818125875209,8.059561729431152,914100,0.0,0.0
2006-05-25 00:00:00-04:00,8.108591337480554,8.127448238899614,8.048248389725947,8.1123628616333,329500,0.0,0.0
2006-05-26 00:00:00-04:00,8.134989552988912,8.165161020434265,8.089732711493145,8.101046562194824,309700,0.0,0.0
2006-05-30 00:00:00-04:00,8.08973401426297,8.134990863046895,7.957733553178014,7.987905025482178,513900,0.0,0.0
2006-05-31 00:00:00-04:00,8.006761118713499,8.063332533662457,7.995447267330448,8.059561729431152,599400,0.0,0.0
2006-06-01 00:00:00-04:00,8.067159317452695,8.131727006446138,8.059562948293552,8.089947700500488,857200,0.15,0.0
2006-06-02 00:00:00-04:00,8.105138477544767,8.14311958972021,8.006387875660396,8.101340293884277,498000,0.0,0.0
2006-06-05 00:00:00-04:00,8.082347634838566,8.112732370425471,8.017779981162736,8.040568351745605,691100,0.0,0.0
2006-06-06 00:00:00-04:00,8.055760985080704,8.101338454227369,7.953212947251974,8.021578788757324,623800,0.0,0.0
2006-06-07 00:00:00-04:00,8.010187306051096,8.108937923305318,7.976004372215805,7.991197109222412,610900,0.0,0.0
2006-06-08 00:00:00-04:00,7.972206187964154,8.0177836745544,7.9228312415518305,7.991197109222412,563800,0.0,0.0
2006-06-09 00:00:00-04:00,7.987400463184573,8.040573604088634,7.934226597850801,7.968409538269043,391000,0.0,0.0
2006-06-12 00:00:00-04:00,7.991197154960124,7.994994614803938,7.896244721414093,7.9076385498046875,568200,0.0,0.0
2006-06-13 00:00:00-04:00,7.881050981840451,7.934224106045072,7.732925436167872,7.748117446899414,656500,0.0,0.0
2006-06-14 00:00:00-04:00,7.75951287451262,7.770906702740551,7.626579324560071,7.672156810760498,652400,0.0,0.0
2006-06-15 00:00:00-04:00,7.721530743233845,7.915233766408747,7.660761252562833,7.896243572235107,917300,0.0,0.0
2006-06-16 00:00:00-04:00,7.957014220929187,7.972206233593171,7.827878853352219,7.9076385498046875,639100,0.0,0.0
2006-06-19 00:00:00-04:00,7.949418669274861,7.976005237491087,7.862062595298789,7.884850978851318,601200,0.0,0.0
2006-06-20 00:00:00-04:00,7.839272095799586,7.934224522248436,7.839272095799586,7.85826301574707,533300,0.0,0.0
2006-06-21 00:00:00-04:00,7.869657224102397,7.960811470972747,7.831676831228587,7.938023090362549,385600,0.0,0.0
2006-06-22 00:00:00-04:00,7.915233838383677,7.972205145852119,7.858262530915235,7.900041103363037,541000,0.0,0.0
2006-06-23 00:00:00-04:00,7.884849196659613,7.949416872489094,7.812685153219726,7.8924455642700195,457700,0.0,0.0
2006-06-26 00:00:00-04:00,7.903839919385896,8.00638871569017,7.903839919385896,7.994994163513184,586300,0.0,0.0
2006-06-27 00:00:00-04:00,7.976004548250884,8.04816860176582,7.968408179579925,7.987399101257324,707400,0.0,0.0
2006-06-28 00:00:00-04:00,8.006386057565338,8.036770795520017,7.972203136812663,8.021578788757324,393900,0.0,0.0
2006-06-29 00:00:00-04:00,8.04437153090738,8.09754467010498,7.994995852141305,8.09754467010498,470700,0.0,0.0
2006-06-30 00:00:00-04:00,8.101340544307355,8.139321657656845,8.082350349847353,8.116533279418945,763400,0.0,0.0
2006-07-03 00:00:00-04:00,8.158309936523438,8.162108119409512,8.097540459204886,8.158309936523438,356400,0.0,0.0
2006-07-05 00:00:00-04:00,8.158312455902315,8.158312455902315,7.976003967647741,7.994994163513184,1067400,0.0,0.0
2006-07-06 00:00:00-04:00,7.998790988607936,8.074753208023083,7.998790988607936,8.05576229095459,477500,0.0,0.0
2006-07-07 00:00:00-04:00,8.05576543517821,8.1203331295535,8.03297705023096,8.044371604919434,403700,0.0,0.0
2006-07-10 00:00:00-04:00,8.0709561790251,8.108937294165239,8.029176879927995,8.082350730895996,426400,0.0,0.0
2006-07-11 00:00:00-04:00,8.063359811111168,8.097542742294342,7.991196489217373,8.082350730895996,457000,0.0,0.0
2006-07-12 00:00:00-04:00,8.070955869856727,8.127927178169816,8.029176572360031,8.120330810546875,712900,0.0,0.0
2006-07-13 00:00:00-04:00,8.120331916309963,8.120331916309963,8.010187468496646,8.02917766571045,602800,0.0,0.0
2006-07-14 00:00:00-04:00,8.021581451926153,8.05576365959804,7.960811231411759,7.994994163513184,546600,0.0,0.0
2006-07-17 00:00:00-04:00,7.972202836525171,8.059558864300786,7.972202836525171,8.017780303955078,686600,0.0,0.0
2006-07-18 00:00:00-04:00,8.055764693002702,8.089947629489162,7.99879337366848,8.086150169372559,536000,0.0,0.0
2006-07-19 00:00:00-04:00,8.086150451343105,8.23047784698459,8.086150451343105,8.13172721862793,649800,0.0,0.0
2006-07-20 00:00:00-04:00,8.131727165398905,8.241872347070604,8.124130796091274,8.143121719360352,409600,0.0,0.0
2006-07-21 00:00:00-04:00,8.146919321663491,8.181102256674748,8.048168701012042,8.150716781616211,404500,0.0,0.0
2006-07-24 00:00:00-04:00,8.169709129041685,8.260863396833802,8.150718203816416,8.222882270812988,295100,0.0,0.0
2006-07-25 00:00:00-04:00,8.222881581151388,8.310237656571806,8.150717520207289,8.253266334533691,302200,0.0,0.0
2006-07-26 00:00:00-04:00,8.257061306192409,8.340619164371486,8.222878381385199,8.260859489440918,424100,0.0,0.0
2006-07-27 00:00:00-04:00,8.253263989114348,8.340620039709853,8.101340265376633,8.12792682647705,358800,0.0,0.0
2006-07-28 00:00:00-04:00,8.173502668067732,8.203887406727008,8.11273319074918,8.158309936523438,301500,0.0,0.0
2006-07-31 00:00:00-04:00,8.16211397090009,8.16211397090009,8.063363318354911,8.078556060791016,323900,0.0,0.0
2006-08-01 00:00:00-04:00,8.078552931043935,8.078552931043935,7.972205948481049,8.048168182373047,499400,0.0,0.0
2006-08-02 00:00:00-04:00,8.101341733603357,8.116534470945277,7.960811810908966,7.987399101257324,674200,0.0,0.0
2006-08-03 00:00:00-04:00,7.979802732586364,8.040572233094862,7.9494179823321165,7.987399101257324,476100,0.0,0.0
2006-08-04 00:00:00-04:00,8.03297522805821,8.101341091821778,7.960811180260049,8.006388664245605,403900,0.0,0.0
2006-08-07 00:00:00-04:00,7.968410477376156,8.013987978115196,7.941823903790798,7.953218460083008,219800,0.0,0.0
2006-08-08 00:00:00-04:00,7.949417642882427,8.051966442272654,7.919032893925643,7.938023090362549,476000,0.0,0.0
2006-08-09 00:00:00-04:00,7.991197583580162,8.044370717400495,7.919033527374268,7.919033527374268,301300,0.0,0.0
2006-08-10 00:00:00-04:00,7.896244935522018,7.991197371642699,7.881052198016503,7.949418067932129,343800,0.0,0.0
2006-08-11 00:00:00-04:00,7.953218460083008,7.979805033668366,7.91523733020544,7.953218460083008,351800,0.0,0.0
2006-08-14 00:00:00-04:00,7.991195991962248,8.032974564030148,7.8810508373526185,7.896243572235107,461300,0.0,0.0
2006-08-15 00:00:00-04:00,7.93042551566613,7.983599361574042,7.8962433121652955,7.979801177978516,510200,0.0,0.0
2006-08-16 00:00:00-04:00,8.029176389569075,8.048167308194087,7.968406898827982,8.010186195373535,328600,0.0,0.0
2006-08-17 00:00:00-04:00,7.991199965072915,8.120334653630637,7.991199965072915,8.078556060791016,298900,0.0,0.0
2006-08-18 00:00:00-04:00,8.078551916350795,8.105138477544767,8.02917625319388,8.101340293884277,211300,0.0,0.0
2006-08-21 00:00:00-04:00,8.044370233243741,8.120331744925329,8.032975680498197,8.10513973236084,444900,0.0,0.0
2006-08-22 00:00:00-04:00,8.108938087753517,8.108938087753517,8.010187468496646,8.02917766571045,374800,0.0,0.0
2006-08-23 00:00:00-04:00,8.040571889752776,8.08614937540273,7.930426722015963,7.938023090362549,522100,0.0,0.0
2006-08-24 00:00:00-04:00,7.968408619388141,7.994995186774328,7.919033669160883,7.941822052001953,419800,0.0,0.0
2006-08-25 00:00:00-04:00,7.938024804366431,7.938024804366431,7.900043678862055,7.926630973815918,308700,0.0,0.0
2006-08-28 00:00:00-04:00,7.900041973059181,7.953215827055719,7.884849960795568,7.938023090362549,543300,0.0,0.0
2006-08-29 00:00:00-04:00,7.938023090362549,7.960811470972747,7.907638341405765,7.938023090362549,490200,0.0,0.0
2006-08-30 00:00:00-04:00,7.957014364826921,7.983600930791879,7.9190332458357275,7.930427074432373,572600,0.0,0.0
2006-08-31 00:00:00-04:00,7.968682522652188,8.010764133041057,7.92277524498511,7.995461463928223,553900,0.15,0.0
2006-09-01 00:00:00-04:00,8.026063671073237,8.060493936604106,7.999284737809495,8.01458740234375,363500,0.0,0.0
2006-09-05 00:00:00-04:00,8.026063671073237,8.071970935004797,7.99545907167593,8.01458740234375,545900,0.0,0.0
2006-09-06 00:00:00-04:00,7.983985191765021,8.018414737926049,7.968682522652188,7.995461463928223,515800,0.0,0.0
2006-09-07 00:00:00-04:00,7.995461699413572,8.045194645823612,7.953380817456745,7.980159759521484,598000,0.0,0.0
2006-09-08 00:00:00-04:00,7.980158808118693,8.056669957800286,7.980158808118693,8.022239685058594,636600,0.0,0.0
2006-09-11 00:00:00-04:00,8.022241076682024,8.121706245226607,8.022241076682024,8.106404304504395,820400,0.0,0.0
2006-09-12 00:00:00-04:00,8.12170645737418,8.205869687394983,8.060497233543508,8.190567016601562,796800,0.0,0.0
2006-09-13 00:00:00-04:00,8.17526624626331,8.244126085680639,8.159963573278388,8.224998474121094,364400,0.0,0.0
2006-09-14 00:00:00-04:00,8.221170190142093,8.244123462644819,8.163786644049594,8.194391250610352,316200,0.0,0.0
2006-09-15 00:00:00-04:00,8.2135210135416,8.224998017643331,8.163788788443897,8.171440124511719,890100,0.0,0.0
2006-09-18 00:00:00-04:00,8.175266987395247,8.217347882575426,8.140836699729487,8.182917594909668,668100,0.0,0.0
2006-09-19 00:00:00-04:00,8.18291614741792,8.224997764825877,8.144660927597826,8.202044486999512,473500,0.0,0.0
2006-09-20 00:00:00-04:00,8.247951726981587,8.290033347881039,8.213521442549599,8.282382011413574,785800,0.0,0.0
2006-09-21 00:00:00-04:00,8.31298662761183,8.320637964079294,8.263254399916518,8.282382011413574,671600,0.0,0.0
2006-09-22 00:00:00-04:00,8.28237652043384,8.309155450644694,8.24412059313071,8.25942325592041,377500,0.0,0.0
2006-09-25 00:00:00-04:00,8.286201967650596,8.362713820239485,8.263248703742372,8.339759826660156,717800,0.0,0.0
2006-09-26 00:00:00-04:00,8.351243936588459,8.42010451663596,8.171441878431324,8.4086275100708,721600,0.0,0.0
2006-09-27 00:00:00-04:00,8.416273595850083,8.48130846645941,8.397145993182567,8.412447929382324,570500,0.0,0.0
2006-09-28 00:00:00-04:00,8.435403805074744,8.481311087202002,8.435403805074744,8.458357810974121,469700,0.0,0.0
2006-09-29 00:00:00-04:00,8.4851374729762,8.557823705132904,8.458358526832034,8.473660469055176,572800,0.0,0.0
2006-10-02 00:00:00-04:00,8.477482310767826,8.496609912331513,8.40097044517062,8.431575775146484,1236400,0.0,0.0
2006-10-03 00:00:00-04:00,8.41245146008046,8.538695587815905,8.41245146008046,8.50809097290039,835200,0.0,0.0
2006-10-04 00:00:00-04:00,8.49278780856425,8.607554915569928,8.488962141041197,8.603729248046875,710900,0.0,0.0
2006-10-05 00:00:00-04:00,8.584602301503933,8.718497756440847,8.584602301503933,8.714672088623047,790700,0.0,0.0
2006-10-06 00:00:00-04:00,8.726147424816437,8.775880371432718,8.668763873058106,8.691717147827148,512800,0.0,0.0
2006-10-09 00:00:00-04:00,8.695543276826307,8.726147888033456,8.6572873303995,8.710845947265625,367900,0.0,0.0
2006-10-10 00:00:00-04:00,8.726148112569494,8.798834339683596,8.707020503699653,8.74527645111084,403700,0.0,0.0
2006-10-11 00:00:00-04:00,8.737625837725325,8.78735806269942,8.71849822727488,8.752927780151367,337900,0.0,0.0
2006-10-12 00:00:00-04:00,8.783528791236428,8.829436059024253,8.764401188633075,8.810308456420898,310300,0.0,0.0
2006-10-13 00:00:00-04:00,8.798832181283688,8.860041390258042,8.798832181283688,8.817959785461426,391700,0.0,0.0
2006-10-16 00:00:00-04:00,8.829438215271553,8.879170431988197,8.775880331165714,8.821786880493164,701900,0.0,0.0
2006-10-17 00:00:00-04:00,8.810308456420898,8.86004066099238,8.787354457691352,8.810308456420898,681100,0.0,0.0
2006-10-18 00:00:00-04:00,8.83709023658433,8.89829946022377,8.817961898152316,8.875346183776855,639000,0.0,0.0
2006-10-19 00:00:00-04:00,8.875343581300887,8.875343581300887,8.73762250365971,8.756750106811523,590500,0.0,0.0
2006-10-20 00:00:00-04:00,8.7491035823863,8.814138484963031,8.664940338068398,8.68406867980957,938100,0.0,0.0
2006-10-23 00:00:00-04:00,8.687892684902073,8.718498028399159,8.645811796936679,8.661113739013672,842000,0.0,0.0
2006-10-24 00:00:00-04:00,8.638159988688107,8.65728759765625,8.565473761200446,8.65728759765625,757400,0.0,0.0
2006-10-25 00:00:00-04:00,8.672590527309984,8.70702080821706,8.573125352430829,8.584602355957031,871500,0.0,0.0
2006-10-26 00:00:00-04:00,8.588428433131472,8.772056120273378,8.588428433131472,8.752927780151367,587400,0.0,0.0
2006-10-27 00:00:00-04:00,8.726148417755864,8.756753030820871,8.573125352430829,8.584602355957031,463900,0.0,0.0
2006-10-30 00:00:00-05:00,8.561649481680949,8.729975240645128,8.561649481680949,8.68406867980957,740900,0.0,0.0
2006-10-31 00:00:00-05:00,8.707020070021096,8.718497072574259,8.584601628139913,8.61903190612793,1067100,0.0,0.0
2006-11-01 00:00:00-05:00,8.634331952312285,8.680239222782246,8.534866807686797,8.538692474365234,499800,0.0,0.0
2006-11-02 00:00:00-05:00,8.504260537848364,8.60755132891644,8.504260537848364,8.588423728942871,533100,0.0,0.0
2006-11-03 00:00:00-05:00,8.603729978836437,8.668764872909358,8.496613468107057,8.569299697875977,498700,0.0,0.0
2006-11-06 00:00:00-05:00,8.59607718335151,8.672589067975153,8.573123909832981,8.6458101272583,379800,0.0,0.0
2006-11-07 00:00:00-05:00,8.626681791266686,8.672589067975153,8.599902850549833,8.6458101272583,418400,0.0,0.0
2006-11-08 00:00:00-05:00,8.607553475446107,8.68789029097469,8.603727808563125,8.664937019348145,363700,0.0,0.0
2006-11-09 00:00:00-05:00,8.676415222407956,8.676415222407956,8.596077666074537,8.634333610534668,564200,0.0,0.0
2006-11-10 00:00:00-05:00,8.657286393823375,8.664937728215286,8.588426573310407,8.653461456298828,355300,0.0,0.0
2006-11-13 00:00:00-05:00,8.661113034186545,8.664938701812355,8.588427538310642,8.630508422851562,464300,0.0,0.0
2006-11-14 00:00:00-05:00,8.6343328814263,8.676414489746094,8.561646666057035,8.676414489746094,452100,0.0,0.0
2006-11-15 00:00:00-05:00,8.653464773285393,8.714674012540161,8.645813435960624,8.699371337890625,428100,0.0,0.0
2006-11-16 00:00:00-05:00,8.73379872798379,8.772054672241211,8.680240843826272,8.772054672241211,352700,0.0,0.0
2006-11-17 00:00:00-05:00,8.76440598765405,8.76440598765405,8.684069137125352,8.729975700378418,519600,0.0,0.0
2006-11-20 00:00:00-05:00,8.722323144731199,8.79118370966233,8.703195534326579,8.77588176727295,405000,0.0,0.0
2006-11-21 00:00:00-05:00,8.768228530883789,8.779705532442062,8.714670649621327,8.768228530883789,467700,0.0,0.0
2006-11-22 00:00:00-05:00,8.77205822755059,8.814139856256553,8.75675555177688,8.80266284942627,473100,0.0,0.0
2006-11-24 00:00:00-05:00,8.760581220720308,8.817964795528239,8.75675555177688,8.80266284942627,113100,0.0,0.0
2006-11-27 00:00:00-05:00,8.779704838743665,8.829437048890613,8.607553477328553,8.615204811096191,860600,0.0,0.0
2006-11-28 00:00:00-05:00,8.60755132891644,8.649632924463694,8.565469733369186,8.588423728942871,594200,0.0,0.0
2006-11-29 00:00:00-05:00,8.603731588283692,8.684069168776869,8.603731588283692,8.672592163085938,485800,0.0,0.0
2006-11-30 00:00:00-05:00,8.661111601083642,8.714670209311453,8.619030723505595,8.626681327819824,966200,0.0,0.0
2006-12-01 00:00:00-05:00,8.645937841275526,8.65363967726341,8.488038817881755,8.538104057312012,1011600,0.15,0.0
2006-12-04 00:00:00-05:00,8.522698740042463,8.665193353957301,8.507294333827572,8.638235092163086,945500,0.0,0.0
2006-12-05 00:00:00-05:00,8.657492844391294,8.742219669692874,8.63823714839969,8.734517097473145,581000,0.0,0.0
2006-12-06 00:00:00-05:00,8.711407210605257,8.76917501387546,8.711407210605257,8.753769874572754,471500,0.0,0.0
2006-12-07 00:00:00-05:00,8.75377372860829,8.992548351023547,8.749922442087003,8.811541557312012,1145100,0.0,0.0
2006-12-08 00:00:00-05:00,8.811540509790625,8.84235006374047,8.792284814031111,8.823094367980957,437300,0.0,0.0
2006-12-11 00:00:00-05:00,8.819239806923473,8.842346780165736,8.742216317930117,8.769174575805664,697600,0.0,0.0
2006-12-12 00:00:00-05:00,8.81154106134637,8.946333143773353,8.792285364381552,8.896267890930176,805300,0.0,0.0
2006-12-13 00:00:00-05:00,8.954033741698192,8.96173631260853,8.888563358075515,8.915521621704102,811600,0.0,0.0
2006-12-14 00:00:00-05:00,8.900115517118866,9.015651120509999,8.900115517118866,8.94247817993164,507900,0.0,0.0
2006-12-15 00:00:00-05:00,8.954036748576966,9.027209727682392,8.915524615650014,9.011804580688477,776900,0.0,0.0
2006-12-18 00:00:00-05:00,9.058015506148715,9.058015506148715,8.973288702164204,8.992545127868652,357400,0.0,0.0
2006-12-19 00:00:00-05:00,8.984841227973476,8.984841227973476,8.915519574811025,8.946329116821289,484800,0.0,0.0
2006-12-20 00:00:00-05:00,8.942479593229006,9.015652545371845,8.930926471798472,8.977140426635742,653100,0.0,0.0
2006-12-21 00:00:00-05:00,8.980992005326778,9.011801554410534,8.90011721444102,8.915521621704102,410200,0.0,0.0
2006-12-22 00:00:00-05:00,8.938628709613738,8.97328954457818,8.903968609206899,8.954033851623535,338400,0.0,0.0
2006-12-26 00:00:00-05:00,8.957888573451905,9.034912109375,8.930930299150928,9.034912109375,171900,0.0,0.0
2006-12-27 00:00:00-05:00,9.046464570549668,9.108083683576936,9.027208873187812,9.050315856933594,298900,0.0,0.0
2006-12-28 00:00:00-05:00,9.038759542353976,9.073420375835733,8.99254558741668,9.027206420898438,314000,0.0,0.0
2006-12-29 00:00:00-05:00,9.007948370582145,9.054163051747095,8.954031854687567,8.965585708618164,460800,0.0,0.0
2007-01-03 00:00:00-05:00,8.996397074230485,9.142742247552775,8.992545788806531,9.05416488647461,642800,0.0,0.0
2007-01-04 00:00:00-05:00,9.0156572361247,9.034912938232509,8.969443257242776,8.988698959350586,598100,0.0,0.0
2007-01-05 00:00:00-05:00,8.95788456468598,8.95788456468598,8.846199495924823,8.880860328674316,387100,0.0,0.0
2007-01-08 00:00:00-05:00,8.857750207144408,8.857750207144408,8.765321597477602,8.796131134033203,667000,0.0,0.0
2007-01-09 00:00:00-05:00,8.780734062194824,8.834651351599616,8.738371369625733,8.780734062194824,377500,0.0,0.0
2007-01-10 00:00:00-05:00,8.753771286811435,8.80768854851186,8.726813023240018,8.788432121276855,298900,0.0,0.0
2007-01-11 00:00:00-05:00,8.811542318548831,8.89626916022119,8.796137905690676,8.834650039672852,601500,0.0,0.0
2007-01-12 00:00:00-05:00,8.850052438374892,8.934779260764534,8.834648029022578,8.923225402832031,1591300,0.0,0.0
2007-01-16 00:00:00-05:00,8.938631626725398,8.96559063404058,8.919375927486678,8.934781074523926,581200,0.0,0.0
2007-01-17 00:00:00-05:00,8.91167230159048,8.954035716382382,8.877011459407605,8.896267890930176,444700,0.0,0.0
2007-01-18 00:00:00-05:00,8.884713067298838,8.93862960059218,8.823093962232829,8.846200942993164,502900,0.0,0.0
2007-01-19 00:00:00-05:00,8.842350472509585,8.857755617475519,8.7884339342443,8.79998779296875,492500,0.0,0.0
2007-01-22 00:00:00-05:00,8.79998779296875,8.815392203376941,8.730666109737529,8.79998779296875,461600,0.0,0.0
2007-01-23 00:00:00-05:00,8.761473419270262,8.865455917463105,8.703705609571198,8.803836822509766,554400,0.0,0.0
2007-01-24 00:00:00-05:00,8.78073150546801,8.903970463539205,8.773029667416735,8.896267890930176,369500,0.0,0.0
2007-01-25 00:00:00-05:00,8.842346703653572,8.857751842053405,8.538102565831165,8.592019081115723,1617700,0.0,0.0
2007-01-26 00:00:00-05:00,8.568914028047374,8.672896531872558,8.538104478901866,8.64208698272705,992200,0.0,0.0
2007-01-29 00:00:00-05:00,8.626682337236359,8.688301439072804,8.6035753576871,8.607426643371582,993100,0.0,0.0
2007-01-30 00:00:00-05:00,8.626682934001051,8.688302040100098,8.607427238804231,8.688302040100098,669600,0.0,0.0
2007-01-31 00:00:00-05:00,8.665195256911316,8.669046542950202,8.57661788169007,8.588171005249023,870700,0.0,0.0
2007-02-01 00:00:00-05:00,8.595875233603968,8.699857773016397,8.595875233603968,8.680602073669434,1034000,0.0,0.0
2007-02-02 00:00:00-05:00,8.722963783565337,8.788434182403766,8.696005513671471,8.757624626159668,801400,0.0,0.0
2007-02-05 00:00:00-05:00,8.74222097431161,8.773030533230578,8.684452408600448,8.730667114257812,664800,0.0,0.0
2007-02-06 00:00:00-05:00,8.776880751831605,8.8693094173406,8.765326893183829,8.819243431091309,1426600,0.0,0.0
2007-02-07 00:00:00-05:00,8.823095416875875,8.865458834052241,8.788434572742084,8.811541557312012,553800,0.0,0.0
2007-02-08 00:00:00-05:00,8.807693074176203,8.838502639025528,8.757627072197323,8.780734062194824,562300,0.0,0.0
2007-02-09 00:00:00-05:00,8.811539099401271,8.930926744585536,8.761473857705438,8.788432121276855,703300,0.0,0.0
2007-02-12 00:00:00-05:00,8.811536539423143,8.83849552971987,8.753768743616337,8.776876449584961,396000,0.0,0.0
2007-02-13 00:00:00-05:00,8.788433537867851,8.903969916228204,8.784582251800067,8.873160362243652,535000,0.0,0.0
2007-02-14 00:00:00-05:00,8.896264630119664,8.942478579719204,8.873157655319893,8.919371604919434,324200,0.0,0.0
2007-02-15 00:00:00-05:00,8.900118478707228,8.93477931816974,8.880862048696,8.903969764709473,383100,0.0,0.0
2007-02-16 00:00:00-05:00,8.896267030708945,8.907820153947608,8.877010601048365,8.884713172912598,307000,0.0,0.0
2007-02-20 00:00:00-05:00,8.85004994596264,8.934776744490936,8.823091686269995,8.919371604919434,421200,0.0,0.0
2007-02-21 00:00:00-05:00,8.877008205655285,8.938627294826327,8.865455085534142,8.919371604919434,435000,0.0,0.0
2007-02-22 00:00:00-05:00,8.911674373094012,8.938632648934263,8.834650832772997,8.865460395812988,453500,0.0,0.0
2007-02-23 00:00:00-05:00,8.850053336960752,8.85390462332929,8.765327240526176,8.81539249420166,418900,0.0,0.0
2007-02-26 00:00:00-05:00,8.842350413829124,8.884713827646566,8.784582589705717,8.819243431091309,266900,0.0,0.0
2007-02-27 00:00:00-05:00,8.68444978443574,8.742218332691085,8.449527244123919,8.561211585998535,729600,0.0,0.0
2007-02-28 00:00:00-05:00,8.572763997008447,8.63053180096529,8.541954452594299,8.595870971679688,1019000,0.0,0.0
2007-03-01 00:00:00-05:00,8.464934826636233,8.568917371027991,8.376357430106014,8.557363510131836,796500,0.0,0.0
2007-03-02 00:00:00-05:00,8.568993211225097,8.592257238712106,8.514709494355278,8.561238288879395,523500,0.15,0.0
2007-03-05 00:00:00-05:00,8.483691153437583,8.580625471066007,8.444918018026335,8.50307846069336,1094800,0.0,0.0
2007-03-06 00:00:00-05:00,8.534093672144598,8.54960277160122,8.468178335466842,8.47981071472168,1141100,0.0,0.0
2007-03-07 00:00:00-05:00,8.448793641796502,8.52634063530205,8.398387393445404,8.483689308166504,601400,0.0,0.0
2007-03-08 00:00:00-05:00,8.530220272719598,8.600013102369878,8.491446396297201,8.514710426330566,361500,0.0,0.0
2007-03-09 00:00:00-05:00,8.541850413478224,8.557359516242672,8.510831468399342,8.553482055664062,485400,0.0,0.0
2007-03-12 00:00:00-04:00,8.553479289961752,8.588375684335759,8.537970192212052,8.580620765686035,630800,0.0,0.0
2007-03-13 00:00:00-04:00,8.545733314098914,8.549610037595382,8.425534178295655,8.444921493530273,493800,0.0,0.0
2007-03-14 00:00:00-04:00,8.441042367623151,8.47981625090359,8.289824296784468,8.429409980773926,571100,0.0,0.0
2007-03-15 00:00:00-04:00,8.406145778830647,8.50695757752736,8.375126820735527,8.472061157226562,533500,0.0,0.0
2007-03-16 00:00:00-04:00,8.456547743124498,8.475935045979199,8.402264774231305,8.406142234802246,434400,0.0,0.0
2007-03-19 00:00:00-04:00,8.444918336230467,8.522465349525083,8.444918336230467,8.514710426330566,263000,0.0,0.0
2007-03-20 00:00:00-04:00,8.49144556255654,8.53797435760498,8.448794968274754,8.53797435760498,474600,0.0,0.0
2007-03-21 00:00:00-04:00,8.530219502185425,8.619398892216246,8.499200551759483,8.615521430969238,570000,0.0,0.0
2007-03-22 00:00:00-04:00,8.627155404900709,8.654296899082468,8.56124003065204,8.603891372680664,580300,0.0,0.0
2007-03-23 00:00:00-04:00,8.588379763749076,8.627153635865232,8.580624841415826,8.61164379119873,425100,0.0,0.0
2007-03-26 00:00:00-04:00,8.59225647768855,8.662049293518066,8.537973505176721,8.662049293518066,476400,0.0,0.0
2007-03-27 00:00:00-04:00,8.63491032882414,8.650419437120753,8.584504062872085,8.603891372680664,457200,0.0,0.0
2007-03-28 00:00:00-04:00,8.417778027101111,8.627156563859854,8.417778027101111,8.510835647583008,788700,0.0,0.0
2007-03-29 00:00:00-04:00,8.549607632545174,8.638787778436653,8.499202106215424,8.55736255645752,579000,0.0,0.0
2007-03-30 00:00:00-04:00,8.561239953927876,8.627155327585822,8.499202042196895,8.576749801635742,482900,0.0,0.0
2007-04-02 00:00:00-04:00,8.603887198603603,8.627151219537375,8.56123587726678,8.596132278442383,410000,0.0,0.0
2007-04-03 00:00:00-04:00,8.631030524653248,8.693068420104929,8.619398141924789,8.665926933288574,391800,0.0,0.0
2007-04-04 00:00:00-04:00,8.646539628741143,8.68143603737647,8.62715306374376,8.665926933288574,335200,0.0,0.0
2007-04-05 00:00:00-04:00,8.665924486071948,8.693065965223674,8.6465371869994,8.654292106628418,283400,0.0,0.0
2007-04-09 00:00:00-04:00,8.654298110141644,8.669807960158913,8.623279149657458,8.63491153717041,327800,0.0,0.0
2007-04-10 00:00:00-04:00,8.627155203552405,8.68531565252024,8.437164009164022,8.650419235229492,339500,0.0,0.0
2007-04-11 00:00:00-04:00,8.642667346358351,8.650421532609917,8.580628679492824,8.607770919799805,381100,0.0,0.0
2007-04-12 00:00:00-04:00,8.584503451201197,8.584503451201197,8.495324051086778,8.565116882324219,674000,0.0,0.0
2007-04-13 00:00:00-04:00,8.565115750052247,8.60776708340351,8.530219339046683,8.561238288879395,926700,0.0,0.0
2007-04-16 00:00:00-04:00,8.600016415932636,8.685318385288383,8.588384026658934,8.642667770385742,575100,0.0,0.0
2007-04-17 00:00:00-04:00,8.638785089551154,8.708577164388222,8.63490762880187,8.658171653747559,427500,0.0,0.0
2007-04-18 00:00:00-04:00,8.63103538111204,8.69307331147085,8.627157918020806,8.642667770385742,504900,0.0,0.0
2007-04-19 00:00:00-04:00,8.76674079392949,8.797759749070252,8.592258709043808,8.62327766418457,837100,0.0,0.0
2007-04-20 00:00:00-04:00,8.662052650171107,8.700826533940647,8.650420263175148,8.67756175994873,753200,0.0,0.0
2007-04-23 00:00:00-04:00,8.66205022638321,8.704701560550173,8.600012325531324,8.615521430969238,466000,0.0,0.0
2007-04-24 00:00:00-04:00,8.615517160060044,8.64653609510919,8.568989127261197,8.580620765686035,581200,0.0,0.0
2007-04-25 00:00:00-04:00,8.615519141779698,8.69694432723151,8.59613258024589,8.673680305480957,773000,0.0,0.0
2007-04-26 00:00:00-04:00,8.623279101377246,8.623279101377246,8.510835647583008,8.510835647583008,704900,0.0,0.0
2007-04-27 00:00:00-04:00,8.487572107945518,8.534100924958144,8.444921493530273,8.444921493530273,866800,0.0,0.0
2007-04-30 00:00:00-04:00,8.41777915139361,8.41777915139361,8.247175216674805,8.247175216674805,1105100,0.0,0.0
2007-05-01 00:00:00-04:00,8.227783229315293,8.320840069830966,8.204519204073883,8.274312019348145,1016300,0.0,0.0
2007-05-02 00:00:00-04:00,8.254926214579717,8.375124552196842,8.204519959109566,8.320840835571289,774500,0.0,0.0
2007-05-03 00:00:00-04:00,8.344104766845703,8.375123713432304,8.316963281026181,8.344104766845703,624600,0.0,0.0
2007-05-04 00:00:00-04:00,8.375123081180403,8.375123081180403,8.309207732216183,8.355735778808594,694300,0.0,0.0
2007-05-07 00:00:00-04:00,8.35961463365002,8.41777507136656,8.332473145352306,8.390633583068848,423900,0.0,0.0
2007-05-08 00:00:00-04:00,8.35961422870324,8.398388098486057,8.297576332870753,8.351860046386719,535000,0.0,0.0
2007-05-09 00:00:00-04:00,8.31696492378113,8.437163273101858,8.274313586468866,8.410021781921387,794200,0.0,0.0
2007-05-10 00:00:00-04:00,8.371246611503102,8.429407046402302,8.33635020265357,8.351860046386719,880800,0.0,0.0
2007-05-11 00:00:00-04:00,8.390636022983077,8.413900796474932,8.371249451290169,8.402268409729004,652100,0.0,0.0
2007-05-14 00:00:00-04:00,8.394513221875817,8.42940964146851,8.320842920563432,8.32472038269043,584900,0.0,0.0
2007-05-15 00:00:00-04:00,8.336349128631133,8.406141937338365,8.320839286896211,8.328594207763672,495000,0.0,0.0
2007-05-16 00:00:00-04:00,8.347983063659115,8.38287947450765,8.270435319651234,8.320840835571289,564400,0.0,0.0
2007-05-17 00:00:00-04:00,8.289821885878156,8.367369629886037,8.258802936185024,8.320840835571289,811800,0.0,0.0
2007-05-18 00:00:00-04:00,8.33247057086093,8.375121890465085,8.297574171102962,8.371244430541992,542900,0.0,0.0
2007-05-21 00:00:00-04:00,8.33635097641098,8.359615004619952,8.278190536113486,8.347983360290527,641600,0.0,0.0
2007-05-22 00:00:00-04:00,8.3324732190375,8.340228141348307,8.309209191655174,8.320840835571289,556300,0.0,0.0
2007-05-23 00:00:00-04:00,8.320840002243235,8.367368791898148,8.316963281026181,8.344104766845703,493400,0.0,0.0
2007-05-24 00:00:00-04:00,8.340230511953928,8.386758579943596,8.28982424215643,8.305334091186523,807600,0.0,0.0
2007-05-25 00:00:00-04:00,8.316966197986718,8.394513221875817,8.31308873585972,8.32472038269043,729500,0.0,0.0
2007-05-29 00:00:00-04:00,8.347984555951296,8.394512619033339,8.316965600713191,8.332474708557129,609500,0.0,0.0
2007-05-30 00:00:00-04:00,8.28982414907697,8.375126838684082,8.28982414907697,8.375126838684082,588600,0.0,0.0
2007-05-31 00:00:00-04:00,8.386754574044819,8.413896796883112,8.33634906787361,8.39838695526123,1008300,0.0,0.0
2007-06-01 00:00:00-04:00,8.445263365281518,8.636668404846137,8.417919149583405,8.62494945526123,1337000,0.16,0.0
2007-06-04 00:00:00-04:00,8.589794442602718,8.671825610008948,8.574169919558638,8.660106658935547,787100,0.0,0.0
2007-06-05 00:00:00-04:00,8.617137006006873,8.617137006006873,8.507763121096275,8.539012908935547,653300,0.0,0.0
2007-06-06 00:00:00-04:00,8.523386756644324,8.624948742829941,8.507762236875417,8.53510570526123,930800,0.0,0.0
2007-06-07 00:00:00-04:00,8.492137615860237,8.539012668827926,8.421825408935547,8.421825408935547,854400,0.0,0.0
2007-06-08 00:00:00-04:00,8.402294275954016,8.574168470718783,8.347607336959907,8.55854320526123,804800,0.0,0.0
2007-06-11 00:00:00-04:00,8.546825131232154,8.562450398289496,8.460888397577996,8.519481658935547,500100,0.0,0.0
2007-06-12 00:00:00-04:00,8.484326295503719,8.605419890632797,8.460889137920654,8.488232612609863,581700,0.0,0.0
2007-06-13 00:00:00-04:00,8.49995355293621,8.546827879071035,8.406204155612581,8.410110473632812,976600,0.0,0.0
2007-06-14 00:00:00-04:00,8.417920729975783,8.4647957920621,8.398389888721221,8.43745231628418,509300,0.0,0.0
2007-06-15 00:00:00-04:00,8.484323304399933,8.527292032365322,8.4686987865375,8.496042251586914,686700,0.0,0.0
2007-06-18 00:00:00-04:00,8.519483911212138,8.593702459248018,8.456984316567377,8.468703269958496,370500,0.0,0.0
2007-06-19 00:00:00-04:00,8.441355125840213,8.507761001586914,8.40229271450918,8.507761001586914,445200,0.0,0.0
2007-06-20 00:00:00-04:00,8.507762313388568,8.523386833297991,8.363231592694781,8.367137908935547,456700,0.0,0.0
2007-06-21 00:00:00-04:00,8.335891176656135,8.382765498603368,8.281204219366394,8.355422019958496,534100,0.0,0.0
2007-06-22 00:00:00-04:00,8.335888301034315,8.34370093368171,8.257763464667677,8.281201362609863,711000,0.0,0.0
2007-06-25 00:00:00-04:00,8.289013435075654,8.363231956773909,8.191357759966147,8.226513862609863,699200,0.0,0.0
2007-06-26 00:00:00-04:00,8.257762020901959,8.285105485333522,8.210887723320283,8.25385570526123,587400,0.0,0.0
2007-06-27 00:00:00-04:00,8.210890916029157,8.33198376776314,8.183547440965402,8.32026481628418,716000,0.0,0.0
2007-06-28 00:00:00-04:00,8.316359857196481,8.339797016828191,8.289015635063302,8.296828269958496,694000,0.0,0.0
2007-06-29 00:00:00-04:00,8.300732546122893,8.363232119807051,8.242139288925705,8.304638862609863,944200,0.0,0.0
2007-07-02 00:00:00-04:00,8.355422557061363,8.4726098595703,8.320266440814079,8.453078269958496,899000,0.0,0.0
2007-07-03 00:00:00-04:00,8.503857881034444,8.558544830412863,8.460889137920654,8.488232612609863,437700,0.0,0.0
2007-07-05 00:00:00-04:00,8.488231232363383,8.535106284961103,8.410107138105431,8.425731658935547,563600,0.0,0.0
2007-07-06 00:00:00-04:00,8.410107138105431,8.441356924819349,8.363232085507711,8.425731658935547,368400,0.0,0.0
2007-07-09 00:00:00-04:00,8.425734866982214,8.449172029677788,8.347610742978983,8.374954223632812,474100,0.0,0.0
2007-07-10 00:00:00-04:00,8.304641248035027,8.363234522062548,8.078080042089086,8.085892677307129,1351000,0.0,0.0
2007-07-11 00:00:00-04:00,8.070267811319207,8.148392677307129,8.050736967349197,8.148392677307129,741700,0.0,0.0
2007-07-12 00:00:00-04:00,8.187450709948187,8.257762908935547,8.148389039447304,8.257762908935547,714800,0.0,0.0
2007-07-13 00:00:00-04:00,8.26557521122076,8.292918677501685,8.210888278658912,8.277294158935547,597300,0.0,0.0
2007-07-16 00:00:00-04:00,8.242139738229612,8.261670576675463,8.187452049484515,8.20307731628418,824300,0.0,0.0
2007-07-17 00:00:00-04:00,8.199172907753148,8.218704495798256,8.085892677307129,8.085892677307129,829200,0.0,0.0
2007-07-18 00:00:00-04:00,8.031204634651392,8.10542317596203,7.890580931970128,8.093704223632812,750400,0.0,0.0
2007-07-19 00:00:00-04:00,8.152295425062455,8.18745077980247,8.05073344177571,8.089795112609863,659200,0.0,0.0
2007-07-20 00:00:00-04:00,8.058549346864728,8.085893573157394,7.914019304587701,7.960893630981445,1135700,0.0,0.0
2007-07-23 00:00:00-04:00,7.96479639171395,8.03510859495508,7.882765984635066,7.914015769958496,701800,0.0,0.0
2007-07-24 00:00:00-04:00,7.84760913063112,7.878858912958502,7.703078421708494,7.738234519958496,1001300,0.0,0.0
2007-07-25 00:00:00-04:00,7.785110883886066,7.851516775705032,7.718704992067101,7.789017200469971,1500100,0.0,0.0
2007-07-26 00:00:00-04:00,7.789017691851725,7.789017691851725,7.4023012662930645,7.5233941078186035,1932200,0.0,0.0
2007-07-27 00:00:00-04:00,7.429645263017068,7.539019161765028,7.316364302109474,7.402301788330078,2172100,0.0,0.0
2007-07-30 00:00:00-04:00,7.38277163566027,7.38277163566027,7.230428964235116,7.300741195678711,1862300,0.0,0.0
2007-07-31 00:00:00-04:00,7.316364480002314,7.35152058975576,7.1562092000383215,7.171834468841553,1997400,0.0,0.0
2007-08-01 00:00:00-04:00,7.140585693269711,7.187460016247717,7.007773869742141,7.167929172515869,2269600,0.0,0.0
2007-08-02 00:00:00-04:00,7.109335896266396,7.27339751679728,7.085897989723462,7.167929172515869,1753900,0.0,0.0
2007-08-03 00:00:00-04:00,7.14839814614362,7.191366899799048,7.003868103027344,7.003868103027344,2196100,0.0,0.0
2007-08-06 00:00:00-04:00,6.7616793187609625,7.347613419920062,4.335912497588085,7.1054277420043945,2277400,0.0,0.0
2007-08-07 00:00:00-04:00,7.06636427112353,7.148394675488891,6.956989653582755,7.023395538330078,1625200,0.0,0.0
2007-08-08 00:00:00-04:00,7.187457084655762,7.234332133568486,7.035114479533251,7.187457084655762,2173300,0.0,0.0
2007-08-09 00:00:00-04:00,7.187456671618368,7.226519085958591,7.015582495553539,7.01948881149292,2477700,0.0,0.0
2007-08-10 00:00:00-04:00,6.914024353027344,6.980430263583793,6.710900303671861,6.914024353027344,1905100,0.0,0.0
2007-08-13 00:00:00-04:00,7.05074031747598,7.089802741364835,6.9140229514456335,7.074178218841553,2434100,0.0,0.0
2007-08-14 00:00:00-04:00,7.050739002885327,7.12886383609688,6.988239434337534,7.007771015167236,1978500,0.0,0.0
2007-08-15 00:00:00-04:00,6.984334003784247,7.109333901783429,6.929647060634038,7.0273027420043945,2211900,0.0,0.0
2007-08-16 00:00:00-04:00,7.007772848807067,7.035116324069662,6.882773679004451,6.984334945678711,3332900,0.0,0.0
2007-08-17 00:00:00-04:00,6.984334157992823,7.433550898257789,6.984334157992823,7.1054277420043945,2188200,0.0,0.0
2007-08-20 00:00:00-04:00,7.109333434156736,7.11323900550738,7.003865126401188,7.070271015167236,1209100,0.0,0.0
2007-08-21 00:00:00-04:00,7.070274898414309,7.148399034248197,7.031212457970324,7.066368579864502,1156000,0.0,0.0
2007-08-22 00:00:00-04:00,7.148396565636706,7.2030842613941894,7.078085091183641,7.171834468841553,1023700,0.0,0.0
2007-08-23 00:00:00-04:00,7.222613157247251,7.331987774253091,7.132770120985467,7.2929253578186035,1639000,0.0,0.0
2007-08-24 00:00:00-04:00,7.308552067747496,7.363239765167236,7.277302274245007,7.363239765167236,1525600,0.0,0.0
2007-08-27 00:00:00-04:00,7.34370713965609,7.355426089956837,7.277301244726004,7.28120756149292,633300,0.0,0.0
2007-08-28 00:00:00-04:00,7.246050783039476,7.277300569220341,7.058552065954284,7.070271015167236,1646200,0.0,0.0
2007-08-29 00:00:00-04:00,7.121053286149803,7.1405848726910595,7.046835492454567,7.117146968841553,1613500,0.0,0.0
2007-08-30 00:00:00-04:00,7.074179305743705,7.1483971029764755,7.058554035765934,7.081991195678711,1257700,0.0,0.0
2007-08-31 00:00:00-04:00,7.188394934165769,7.219922952450772,7.117456705102702,7.168690204620361,775300,0.16,0.0
2007-09-04 00:00:00-04:00,7.145044054350752,7.2672157902362535,7.133221516591525,7.231746673583984,617500,0.0,0.0
2007-09-05 00:00:00-04:00,7.168692005578407,7.247511695248803,7.137163979372762,7.208102226257324,1230000,0.0,0.0
2007-09-06 00:00:00-04:00,7.2553960466848535,7.267219341909717,7.152929743132352,7.212044715881348,1408500,0.0,0.0
2007-09-07 00:00:00-04:00,7.13322448907172,7.271159916677583,7.121401194698324,7.160811424255371,1957900,0.0,0.0
2007-09-10 00:00:00-04:00,7.200219650223132,7.219924383674659,7.074107552083602,7.141104698181152,938900,0.0,0.0
2007-09-11 00:00:00-04:00,7.141106136467262,7.231749131300479,7.117459549537906,7.196280002593994,915100,0.0,0.0
2007-09-12 00:00:00-04:00,7.1647491083738295,7.231746241190366,7.133221090088828,7.168690204620361,954200,0.0,0.0
2007-09-13 00:00:00-04:00,7.208102779948127,7.219925320878744,7.152928166084427,7.200220584869385,1110500,0.0,0.0
2007-09-14 00:00:00-04:00,7.129283904370286,7.239632404739363,7.1174606091454224,7.212044715881348,1036900,0.0,0.0
2007-09-17 00:00:00-04:00,7.192338904772434,7.227808033478919,7.16081087388751,7.196280002593994,1137200,0.0,0.0
2007-09-18 00:00:00-04:00,7.247512467245937,7.483973064819523,7.204161896400167,7.480031967163086,1029100,0.0,0.0
2007-09-19 00:00:00-04:00,7.543087920800779,7.617967271850854,7.503678448162588,7.5470290184021,747600,0.0,0.0
2007-09-20 00:00:00-04:00,7.511561910122743,7.570676886652425,7.46821132823442,7.507620811462402,797300,0.0,0.0
2007-09-21 00:00:00-04:00,7.543089064321572,7.582499294621801,7.4169769287109375,7.4169769287109375,965900,0.0,0.0
2007-09-24 00:00:00-04:00,7.393327822051724,7.4130325526450624,7.267215742204858,7.294802665710449,631800,0.0,0.0
2007-09-25 00:00:00-04:00,7.235689277780525,7.2750987474394995,7.192337959130711,7.223865985870361,656600,0.0,0.0
2007-09-26 00:00:00-04:00,7.2514543533325195,7.314510419316382,7.208103777773364,7.2514543533325195,819300,0.0,0.0
2007-09-27 00:00:00-04:00,7.290867263915418,7.377569198608398,7.243574821190599,7.377569198608398,491100,0.0,0.0
2007-09-28 00:00:00-04:00,7.369686243098197,7.413036825729505,7.35392184818665,7.3854498863220215,544700,0.0,0.0
2007-10-01 00:00:00-04:00,7.377563740093721,7.527322404845588,7.365741201925687,7.515499114990234,944600,0.0,0.0
2007-10-02 00:00:00-04:00,7.495796768564241,7.574616470949804,7.495796768564241,7.570675373077393,663400,0.0,0.0
2007-10-03 00:00:00-04:00,7.582495008246558,7.633728504180908,7.5430848002248725,7.633728504180908,643700,0.0,0.0
2007-10-04 00:00:00-04:00,7.673143555591464,7.712553792350169,7.562795794692384,7.574618339538574,568200,0.0,0.0
2007-10-05 00:00:00-04:00,7.574617270198539,7.688906865495274,7.480033166343123,7.669201374053955,784500,0.0,0.0
2007-10-08 00:00:00-04:00,7.657376289367676,7.68890431352189,7.629789362193662,7.657376289367676,522800,0.0,0.0
2007-10-09 00:00:00-04:00,7.712552221647273,7.712552221647273,7.629791417827647,7.641613960266113,440600,0.0,0.0
2007-10-10 00:00:00-04:00,7.61796859781264,7.657378828997969,7.5627947251657615,7.586440563201904,548700,0.0,0.0
2007-10-11 00:00:00-04:00,7.606144857170333,7.649496184102229,7.468210183637202,7.4997382164001465,1104000,0.0,0.0
2007-10-12 00:00:00-04:00,7.495798505591319,7.578559325027743,7.456388269422089,7.5312676429748535,587500,0.0,0.0
2007-10-15 00:00:00-04:00,7.523383023698217,7.527324121215312,7.349978491383507,7.373624324798584,556700,0.0,0.0
2007-10-16 00:00:00-04:00,7.361801462664292,7.37756510035725,7.204161327297409,7.215983867645264,593000,0.0,0.0
2007-10-17 00:00:00-04:00,7.141105684682529,7.21204318592006,7.050461943896374,7.109577655792236,1696900,0.0,0.0
2007-10-18 00:00:00-04:00,7.070167499802453,7.078048943335253,6.857352738979173,6.884939670562744,1371300,0.0,0.0
2007-10-19 00:00:00-04:00,6.8573512391533855,6.884938164703201,6.526306629180908,6.526306629180908,2101300,0.0,0.0
2007-10-22 00:00:00-04:00,6.388374073277973,6.447489798941082,6.266203026837055,6.293790340423584,2244100,0.0,0.0
2007-10-23 00:00:00-04:00,6.325319045094695,6.415962821955433,6.207089077624585,6.258322238922119,1427500,0.0,0.0
2007-10-24 00:00:00-04:00,6.20314723532407,6.2425574703218825,6.025801929521623,6.155855178833008,1502400,0.0,0.0
2007-10-25 00:00:00-04:00,5.702638581235356,6.092798276191039,5.702638581235356,5.883924961090088,2838400,0.0,0.0
2007-10-26 00:00:00-04:00,5.915452480316162,5.974567443803906,5.824809110345346,5.915452480316162,1994100,0.0,0.0
2007-10-29 00:00:00-04:00,5.935158448693366,5.939099171208315,5.824809949710634,5.860279083251953,2418100,0.0,0.0
2007-10-30 00:00:00-04:00,5.828752215849153,5.97851060089197,5.809047095951222,5.9666876792907715,2124900,0.0,0.0
2007-10-31 00:00:00-04:00,6.002153765523602,6.100678945200697,5.943038808054839,6.041563987731934,3161300,0.0,0.0
2007-11-01 00:00:00-04:00,5.9312156158104745,5.946979628791721,5.879982479660496,5.907569408416748,2583000,0.0,0.0
2007-11-02 00:00:00-04:00,5.939099146914222,5.958804262783664,5.608054403007825,5.686874866485596,4054100,0.0,0.0
2007-11-05 00:00:00-05:00,5.580466344572246,5.722342849638701,5.580466344572246,5.639581680297852,2900100,0.0,0.0
2007-11-06 00:00:00-05:00,5.659285525089903,5.698695742700315,5.517409418211061,5.604111671447754,2344800,0.0,0.0
2007-11-07 00:00:00-05:00,5.537114632365167,5.560760462706347,5.411002159118652,5.411002159118652,2691400,0.0,0.0
2007-11-08 00:00:00-05:00,5.434647616105222,5.611992822590774,5.387355586098651,5.584405899047852,3295700,0.0,0.0
2007-11-09 00:00:00-05:00,5.517411106414109,6.128267411221574,5.347947645018515,5.939098834991455,4778400,0.0,0.0
2007-11-12 00:00:00-05:00,5.883923760886195,6.077033019906872,5.8563364554234365,5.927274703979492,2321300,0.0,0.0
2007-11-13 00:00:00-05:00,5.943039253281581,6.242555912140935,5.931216336070854,6.222850799560547,2065500,0.0,0.0
2007-11-14 00:00:00-05:00,6.699711131365946,6.699711131365946,6.057327018963147,6.07309103012085,1680100,0.0,0.0
2007-11-15 00:00:00-05:00,6.073091922577373,6.073091922577373,5.891805579701464,5.927274703979492,2463500,0.0,0.0
2007-11-16 00:00:00-05:00,5.950919942761368,5.950919942761368,5.79722055454074,5.899686813354492,2699200,0.0,0.0
2007-11-19 00:00:00-05:00,5.844514096473846,5.856337013745768,5.635640804065669,5.655345916748047,2418300,0.0,0.0
2007-11-20 00:00:00-05:00,5.623816630155623,5.655344653065007,5.462235042940431,5.580465316772461,2313500,0.0,0.0
2007-11-21 00:00:00-05:00,5.533174183653264,5.631699365253816,5.430707904586192,5.556820392608643,1646500,0.0,0.0
2007-11-23 00:00:00-05:00,5.5804669317470745,5.682933223777927,5.5804669317470745,5.627758979797363,400000,0.0,0.0
2007-11-26 00:00:00-05:00,5.6277580327387655,5.6277580327387655,5.442530969673401,5.446471691131592,1248900,0.0,0.0
2007-11-27 00:00:00-05:00,5.462235673919127,5.525292102865637,5.399179620816341,5.477999687194824,1885200,0.0,0.0
2007-11-28 00:00:00-05:00,5.517409854195088,5.832690492460694,5.481940730711695,5.8169264793396,1970500,0.0,0.0
2007-11-29 00:00:00-05:00,5.793280107197886,5.793280107197886,5.65140399313754,5.7381062507629395,1601900,0.0,0.0
2007-11-30 00:00:00-05:00,5.797222177496901,6.002154376652351,5.797222177496901,5.915452480316162,2757100,0.0,0.0
2007-12-03 00:00:00-05:00,5.971218814452165,5.971218814452165,5.799929938061725,5.895533084869385,2062200,0.16,0.0
2007-12-04 00:00:00-05:00,5.831799509779867,5.955286852069403,5.795948223343146,5.939352989196777,1797600,0.0,0.0
2007-12-05 00:00:00-05:00,6.011055314553958,6.142509772813555,5.983171150648359,6.062840461730957,1744600,0.0,0.0
2007-12-06 00:00:00-05:00,6.066824692377418,6.389486312866211,6.066824692377418,6.389486312866211,2344400,0.0,0.0
2007-12-07 00:00:00-05:00,6.46118813541044,6.46118813541044,6.297866304344211,6.389486312866211,1466600,0.0,0.0
2007-12-10 00:00:00-05:00,6.405418411217521,6.640443153626637,6.361600386997926,6.536872863769531,1659000,0.0,0.0
2007-12-11 00:00:00-05:00,6.5647573570715085,6.632476366935143,6.22616268764658,6.234129428863525,2091000,0.0,0.0
2007-12-12 00:00:00-05:00,6.433302620685571,6.433302620685571,5.955286391576202,6.09470796585083,1998200,0.0,0.0
2007-12-13 00:00:00-05:00,6.023001053667955,6.07478616161643,5.907480545134574,6.0070672035217285,1759300,0.0,0.0
2007-12-14 00:00:00-05:00,5.963253387934273,5.995121110550506,5.85569953918457,5.85569953918457,1534300,0.0,0.0
2007-12-17 00:00:00-05:00,5.839766790387324,5.947320659626689,5.795948758415708,5.803915500640869,1852300,0.0,0.0
2007-12-18 00:00:00-05:00,5.847732254037629,5.8835835336163465,5.672459416073496,5.835781574249268,2365100,0.0,0.0
2007-12-19 00:00:00-05:00,5.811881736502993,5.9114684684378815,5.740179167944039,5.847733020782471,1283400,0.0,0.0
2007-12-20 00:00:00-05:00,5.879602864974981,5.9234209060668945,5.728230932257409,5.9234209060668945,1328300,0.0,0.0
2007-12-21 00:00:00-05:00,6.130559507358846,6.1385262485675725,5.895534753356149,6.126575946807861,2356700,0.0,0.0
2007-12-24 00:00:00-05:00,6.122591867048484,6.285914036856371,6.094707705342711,6.2620134353637695,541300,0.0,0.0
2007-12-26 00:00:00-05:00,6.289899223814549,6.301849527651535,6.1903124720886105,6.273965358734131,1383600,0.0,0.0
2007-12-27 00:00:00-05:00,6.293882569028527,6.325750298095544,6.170394833973866,6.174378395080566,940700,0.0,0.0
2007-12-28 00:00:00-05:00,6.214213623712236,6.26201522021546,6.1544613431632165,6.222180366516113,1018700,0.0,0.0
2007-12-31 00:00:00-05:00,6.226162391405712,6.226162391405712,6.134542402464033,6.13852596282959,917200,0.0,0.0
2008-01-02 00:00:00-05:00,6.114626058019124,6.1903118141333,5.975204468464315,5.999105453491211,1107500,0.0,0.0
2008-01-03 00:00:00-05:00,6.030974806438917,6.078776409488521,5.947321906128768,6.011057376861572,1080000,0.0,0.0
2008-01-04 00:00:00-05:00,5.943337521605299,5.983172375246366,5.76806462145659,5.807899475097656,1626600,0.0,0.0
2008-01-07 00:00:00-05:00,5.835780483072426,6.007069729079366,5.791962471721096,5.887565612792969,1344000,0.0,0.0
2008-01-08 00:00:00-05:00,5.89553391564602,5.947319055770821,5.612707614898682,5.612707614898682,1658200,0.0,0.0
2008-01-09 00:00:00-05:00,5.660509523737585,5.67245982449319,5.469302812181849,5.664493083953857,1895500,0.0,0.0
2008-01-10 00:00:00-05:00,5.636608661278051,5.939352406025488,5.533038752721902,5.85569953918457,1866100,0.0,0.0
2008-01-11 00:00:00-05:00,5.748146039413756,5.7999311833599325,5.584823866910624,5.616691589355469,1756400,0.0,0.0
2008-01-14 00:00:00-05:00,5.632625061813462,5.764079502798749,5.624657941805534,5.744162082672119,1188200,0.0,0.0
2008-01-15 00:00:00-05:00,5.660510220459227,5.807898547563626,5.568890223674015,5.608725070953369,1312400,0.0,0.0
2008-01-16 00:00:00-05:00,5.576857503501461,5.843750000131921,5.572873942681718,5.7122955322265625,1383000,0.0,0.0
2008-01-17 00:00:00-05:00,5.692378647826598,5.692378647826598,5.353783543905037,5.357767105102539,2608100,0.0,0.0
2008-01-18 00:00:00-05:00,5.389634911536792,5.401585595299237,5.122742385801821,5.246230125427246,2347300,0.0,0.0
2008-01-22 00:00:00-05:00,5.031121998658178,5.477270534816,4.859832689458091,5.349799633026123,2039700,0.0,0.0
2008-01-23 00:00:00-05:00,5.146642372577422,5.608724751185814,5.114774648528101,5.580840587615967,3270000,0.0,0.0
2008-01-24 00:00:00-05:00,5.6047403906320605,5.732211648526114,5.385649914041359,5.437434673309326,2141300,0.0,0.0
2008-01-25 00:00:00-05:00,5.4892205050986105,5.572873374315271,5.262162880036203,5.298014163970947,1809400,0.0,0.0
2008-01-28 00:00:00-05:00,5.28208135408004,5.552957057952881,5.238262940592395,5.552957057952881,1762000,0.0,0.0
2008-01-29 00:00:00-05:00,5.59279062103645,5.77603021548195,5.525071615704858,5.724245071411133,1643100,0.0,0.0
2008-01-30 00:00:00-05:00,5.680427549499988,5.859683599485329,5.620675279576039,5.656526565551758,1817500,0.0,0.0
2008-01-31 00:00:00-05:00,5.548974375873053,5.991139452484098,5.517106643138563,5.94732141494751,2371800,0.0,0.0
2008-02-01 00:00:00-05:00,5.955288596624151,6.337701797485352,5.915454117720019,6.337701797485352,3375600,0.0,0.0
2008-02-04 00:00:00-05:00,6.345666119961356,6.3576164203679,6.158442974090576,6.158442974090576,1785400,0.0,0.0
2008-02-05 00:00:00-05:00,6.070802604106635,6.254042070734718,6.0070672035217285,6.0070672035217285,1669300,0.0,0.0
2008-02-06 00:00:00-05:00,6.026989176770478,6.174377497246594,5.947319865687879,6.062840461730957,1328300,0.0,0.0
2008-02-07 00:00:00-05:00,6.0389413192397425,6.17836294105249,5.93935455505731,6.042924880981445,1019900,0.0,0.0
2008-02-08 00:00:00-05:00,6.042923513690711,6.094708664935709,5.975204498977505,6.038939952850342,1264800,0.0,0.0
2008-02-11 00:00:00-05:00,6.030972212265353,6.050889253382173,5.72822847661391,5.752129077911377,1239000,0.0,0.0
2008-02-12 00:00:00-05:00,5.791963162473409,5.859682157115463,5.728227727491041,5.787979602813721,1674900,0.0,0.0
2008-02-13 00:00:00-05:00,5.827815638944823,5.855699802514669,5.552956044152883,5.580840587615967,2747700,0.0,0.0
2008-02-14 00:00:00-05:00,5.612709336374222,5.728229952116849,5.5171061467720435,5.552957057952881,1573600,0.0,0.0
2008-02-15 00:00:00-05:00,5.521088042127718,5.624658330020071,5.441418736015607,5.616691589355469,1185600,0.0,0.0
2008-02-19 00:00:00-05:00,5.688394645290469,5.688394645290469,5.481254417704475,5.509138584136963,1104000,0.0,0.0
2008-02-20 00:00:00-05:00,5.489222062365234,5.616693372506588,5.473288196084232,5.600759506225586,1045500,0.0,0.0
2008-02-21 00:00:00-05:00,5.640592210164555,5.712294775852599,5.517104880249835,5.525071620941162,1197300,0.0,0.0
2008-02-22 00:00:00-05:00,5.548973463687918,5.596775054931641,5.425485734721679,5.596775054931641,2265600,0.0,0.0
2008-02-25 00:00:00-05:00,5.604740964357414,5.855699566030716,5.537021958514147,5.8118815422058105,2234100,0.0,0.0
2008-02-26 00:00:00-05:00,5.780014420407916,5.867650477169494,5.724245709828789,5.827816009521484,1890400,0.0,0.0
2008-02-27 00:00:00-05:00,5.791963554704826,5.9194344333018805,5.752128715196655,5.835781574249268,1710800,0.0,0.0
2008-02-28 00:00:00-05:00,5.795948216490395,5.795948216490395,5.616692164411982,5.700345039367676,1652100,0.0,0.0
2008-02-29 00:00:00-05:00,5.6286418034674925,5.636608544009195,5.449385772507272,5.465319633483887,1546500,0.0,0.0
2008-03-03 00:00:00-05:00,5.517715015290134,5.517715015290134,5.332313320964698,5.404861927032471,1458000,0.16,0.0
2008-03-04 00:00:00-05:00,5.36052688671469,5.412923059552491,5.2557345410390885,5.388740062713623,1392000,0.0,0.0
2008-03-05 00:00:00-05:00,5.425014249471639,5.4532274248656805,5.271856297777707,5.304100036621094,1440500,0.0,0.0
2008-03-06 00:00:00-05:00,5.287978384670633,5.308130818370452,5.199307907016849,5.231551647186279,1278000,0.0,0.0
2008-03-07 00:00:00-05:00,5.207369440025689,5.3121617959300185,5.1751256973437005,5.275887489318848,1406300,0.0,0.0
2008-03-10 00:00:00-04:00,5.304099444715133,5.340373742959869,5.159002636111832,5.171093940734863,1127000,0.0,0.0
2008-03-11 00:00:00-04:00,5.308131032325962,5.461288996491962,5.2476741131653615,5.4169535636901855,2015800,0.0,0.0
2008-03-12 00:00:00-04:00,5.437106566245207,5.47741143948028,5.2275222247998006,5.2396135330200195,1037800,0.0,0.0
2008-03-13 00:00:00-04:00,5.1831883400662955,5.2678282917144825,5.058243887484988,5.243645668029785,2055500,0.0,0.0
2008-03-14 00:00:00-04:00,5.275886940999644,5.275886940999644,5.021967205486884,5.062272071838379,1873200,0.0,0.0
2008-03-17 00:00:00-04:00,4.776110328230892,5.07033465236938,4.776110328230892,4.961512088775635,2040100,0.0,0.0
2008-03-18 00:00:00-04:00,5.054213065222083,5.223492959915595,5.017938747162637,5.2194623947143555,1487700,0.0,0.0
2008-03-19 00:00:00-04:00,5.235582695269188,5.37664935984564,5.21543025970459,5.21543025970459,1395300,0.0,0.0
2008-03-20 00:00:00-04:00,5.199306421088455,5.445165350085082,5.199306421088455,5.437104225158691,1338400,0.0,0.0
2008-03-24 00:00:00-04:00,5.469350337982178,5.525777083913644,5.4290458489246385,5.469350337982178,1108300,0.0,0.0
2008-03-25 00:00:00-04:00,5.461288116681327,5.493531852955961,5.3363433503353805,5.46531867980957,1273400,0.0,0.0
2008-03-26 00:00:00-04:00,5.441137596087958,5.485472652940057,5.283949038270133,5.287979602813721,1103500,0.0,0.0
2008-03-27 00:00:00-04:00,5.300069175615703,5.320221607355345,5.163033485412598,5.163033485412598,1275600,0.0,0.0
2008-03-28 00:00:00-04:00,5.179156231734933,5.187216975171592,5.098546491113965,5.1307902336120605,937100,0.0,0.0
2008-03-31 00:00:00-04:00,5.130790953730248,5.239613888216663,5.074364588626878,5.203339576721191,962300,0.0,0.0
2008-04-01 00:00:00-04:00,5.27588687637072,5.545928478240967,5.235582010512954,5.545928478240967,1170200,0.0,0.0
2008-04-02 00:00:00-04:00,5.562050302417089,5.739390865120661,5.541897869652307,5.691025257110596,1711000,0.0,0.0
2008-04-03 00:00:00-04:00,5.6628150269816135,5.743424415588379,5.602357697244626,5.743424415588379,1518000,0.0,0.0
2008-04-04 00:00:00-04:00,5.743421779773825,5.755513086421835,5.622507560166603,5.654751300811768,972400,0.0,0.0
2008-04-07 00:00:00-04:00,5.674904246269793,5.848214656139245,5.662812938532032,5.783727169036865,917900,0.0,0.0
2008-04-08 00:00:00-04:00,5.719240020144821,5.775666770676401,5.6225087772699345,5.678935527801514,869700,0.0,0.0
2008-04-09 00:00:00-04:00,5.634600040533293,5.6708743524091725,5.501594486572261,5.513686180114746,777700,0.0,0.0
2008-04-10 00:00:00-04:00,5.493532482715546,5.590263702628379,5.441136309168836,5.586233139038086,1041000,0.0,0.0
2008-04-11 00:00:00-04:00,5.54593141191594,5.9127044246088065,5.509657090330775,5.795820713043213,1955600,0.0,0.0
2008-04-14 00:00:00-04:00,5.807910191559593,5.807910191559593,5.638630333864002,5.650722026824951,1109400,0.0,0.0
2008-04-15 00:00:00-04:00,5.7071493548061385,5.76760667670607,5.6386312872783835,5.719240665435791,1740400,0.0,0.0
2008-04-16 00:00:00-04:00,5.755514220660774,5.8723978996276855,5.70311803569274,5.8723978996276855,1057700,0.0,0.0
2008-04-17 00:00:00-04:00,5.836122073478289,6.041676195532949,5.799848155800129,6.013463020324707,1175100,0.0,0.0
2008-04-18 00:00:00-04:00,6.061828375682025,6.267382489171487,6.061828375682025,6.23110818862915,1579900,0.0,0.0
2008-04-21 00:00:00-04:00,6.142440256377413,6.182745136824775,5.997343378643397,6.025556564331055,1281000,0.0,0.0
2008-04-22 00:00:00-04:00,6.0134642029393905,6.025555511210001,5.9167329680229885,5.940915584564209,697700,0.0,0.0
2008-04-23 00:00:00-04:00,5.969130054591879,6.098105054032488,5.904642170495758,6.021525859832764,1463000,0.0,0.0
2008-04-24 00:00:00-04:00,5.904641476000899,6.10213490113523,5.868367549956575,6.09407377243042,1237400,0.0,0.0
2008-04-25 00:00:00-04:00,6.090041646583314,6.0940722099022775,5.856274355342901,6.057797908782959,890900,0.0,0.0
2008-04-28 00:00:00-04:00,6.033614613441935,6.186772542814196,5.989279190712083,6.1625895500183105,1206000,0.0,0.0
2008-04-29 00:00:00-04:00,6.134380319519471,6.21498970666393,5.981222291757059,5.985252857208252,2243000,0.0,0.0
2008-04-30 00:00:00-04:00,5.985250758419673,6.029585809708623,5.783727169036865,5.783727169036865,1280500,0.0,0.0
2008-05-01 00:00:00-04:00,5.787756882973559,6.130347111107305,5.747452398965638,6.126316547393799,1317500,0.0,0.0
2008-05-02 00:00:00-04:00,6.16259182891821,6.178713701952056,6.01346440726119,6.09407377243042,997800,0.0,0.0
2008-05-05 00:00:00-04:00,6.045707251035097,6.057798557911966,5.928823592890113,5.98121976852417,766900,0.0,0.0
2008-05-06 00:00:00-04:00,5.944945438702901,6.053768353267635,5.90867113384799,6.0457072257995605,1126100,0.0,0.0
2008-05-07 00:00:00-04:00,6.061830201531225,6.0739215105620685,5.8723978996276855,5.8723978996276855,926200,0.0,0.0
2008-05-08 00:00:00-04:00,5.8844889263164095,5.912702105650394,5.787757311902089,5.8643364906311035,794100,0.0,0.0
2008-05-09 00:00:00-04:00,5.763574579142471,5.936884600002983,5.751483271727954,5.8119401931762695,715100,0.0,0.0
2008-05-12 00:00:00-04:00,5.832092856467632,5.9489765243797,5.791787984342472,5.932854652404785,619300,0.0,0.0
2008-05-13 00:00:00-04:00,5.936885053353728,5.961068054405149,5.828062509561738,5.876428127288818,1122400,0.0,0.0
2008-05-14 00:00:00-04:00,5.904643268574409,6.086014875736974,5.904643268574409,5.993313789367676,764900,0.0,0.0
2008-05-15 00:00:00-04:00,5.98525044002684,6.069890358440123,5.900610521613557,6.065859794616699,746800,0.0,0.0
2008-05-16 00:00:00-04:00,6.057800478115373,6.098105359648414,5.9731605343966585,5.99734354019165,619800,0.0,0.0
2008-05-19 00:00:00-04:00,5.989280680394272,6.114225469561218,5.965098065959203,6.037646293640137,738600,0.0,0.0
2008-05-20 00:00:00-04:00,6.005403049940866,6.045707923179029,5.981220433498574,5.989281177520752,933400,0.0,0.0
2008-05-21 00:00:00-04:00,5.989281235318672,6.0658604183350375,5.876428127288818,5.876428127288818,1245600,0.0,0.0
2008-05-22 00:00:00-04:00,5.87642653982146,5.944944575852525,5.811939066939437,5.936883449554443,898400,0.0,0.0
2008-05-23 00:00:00-04:00,5.888519120803683,5.928823992275944,5.832092761993408,5.832092761993408,636200,0.0,0.0
2008-05-27 00:00:00-04:00,5.868366786178895,6.049737930297852,5.828061916652139,6.049737930297852,1041300,0.0,0.0
2008-05-28 00:00:00-04:00,6.057800058916009,6.077952498287982,5.864337563447018,5.900611877441406,1528800,0.0,0.0
2008-05-29 00:00:00-04:00,5.876427392727115,6.061829096359998,5.8643360859007165,6.0457072257995605,1391300,0.0,0.0
2008-05-30 00:00:00-04:00,6.017494181862784,6.086012229358095,5.965098005285444,6.065859794616699,1031200,0.0,0.0
2008-06-02 00:00:00-04:00,6.061830409944529,6.061830409944529,5.9771904750670295,6.009434223175049,991300,0.0,0.0
2008-06-03 00:00:00-04:00,6.078742068068729,6.13174254912795,6.025741587009509,6.111357688903809,978400,0.17,0.0
2008-06-04 00:00:00-04:00,6.103204210793198,6.18882031595174,6.046126677751209,6.0705885887146,1014100,0.0,0.0
2008-06-05 00:00:00-04:00,6.107280178879992,6.2010503733213955,6.0624338008133964,6.1969733238220215,1016600,0.0,0.0
2008-06-06 00:00:00-04:00,6.14805025558114,6.1602810159852535,6.013510724709302,6.029818534851074,2197100,0.0,0.0
2008-06-09 00:00:00-04:00,6.054280484835388,6.115434676072568,5.8912019935214675,5.907509803771973,1138800,0.0,0.0
2008-06-10 00:00:00-04:00,5.911586284637451,6.005356087351739,5.862662858594063,5.911586284637451,1672700,0.0,0.0
2008-06-11 00:00:00-04:00,5.923817010476224,5.923817010476224,5.5935837893469795,5.6017374992370605,1745000,0.0,0.0
2008-06-12 00:00:00-04:00,5.626200879345078,5.7240477564932535,5.577277440770991,5.634354591369629,1443100,0.0,0.0
2008-06-13 00:00:00-04:00,5.66289421992617,5.732202529907227,5.573201044278514,5.732202529907227,969100,0.0,0.0
2008-06-16 00:00:00-04:00,5.6995873199823635,5.793357559825466,5.650663868728626,5.785203456878662,700400,0.0,0.0
2008-06-17 00:00:00-04:00,5.7974310766313755,5.817815932760802,5.622121858250614,5.65473747253418,1006100,0.0,0.0
2008-06-18 00:00:00-04:00,5.605814912614287,5.671046151206201,5.556891483670352,5.589507102966309,1186100,0.0,0.0
2008-06-19 00:00:00-04:00,5.60173977423281,5.613970927248525,5.454969437325085,5.487585067749023,1573600,0.0,0.0
2008-06-20 00:00:00-04:00,5.450892401768215,5.479430981267797,5.35304551021909,5.401968955993652,2089200,0.0,0.0
2008-06-23 00:00:00-04:00,5.406045186585711,5.418275948970957,5.255197821137919,5.259274482727051,1062100,0.0,0.0
2008-06-24 00:00:00-04:00,5.222582195571312,5.295967158691716,5.1899661811957785,5.259274482727051,1044700,0.0,0.0
2008-06-25 00:00:00-04:00,5.267429336109384,5.381584041902413,5.230736654902237,5.251121520996094,1217900,0.0,0.0
2008-06-26 00:00:00-04:00,5.189965511995397,5.230735233101223,5.088041598039708,5.096195697784424,951600,0.0,0.0
2008-06-27 00:00:00-04:00,5.096195065882739,5.153272590591804,4.961655547248141,4.9820404052734375,1738400,0.0,0.0
2008-06-30 00:00:00-04:00,4.97388776401849,4.982041865141503,4.827117443084717,4.827117443084717,2239000,0.0,0.0
2008-07-01 00:00:00-04:00,4.765962984572107,4.8230405276049835,4.672193151884832,4.770040035247803,2903400,0.0,0.0
2008-07-02 00:00:00-04:00,4.782269250144954,4.912732107865512,4.753730682272719,4.757807731628418,2320300,0.0,0.0
2008-07-03 00:00:00-04:00,4.765960925958353,4.798576928466776,4.496881918531952,4.53357458114624,1751400,0.0,0.0
2008-07-07 00:00:00-04:00,4.549882755858843,4.602883229608094,4.150341261330543,4.244111061096191,4014400,0.0,0.0
2008-07-08 00:00:00-04:00,4.244112980162355,4.464268684387207,4.207420297990048,4.464268684387207,2397700,0.0,0.0
2008-07-09 00:00:00-04:00,4.464266008926344,4.5091127663973465,4.325649465486445,4.337880611419678,2298000,0.0,0.0
2008-07-10 00:00:00-04:00,4.284882606640746,4.362344631333781,4.101419589160205,4.146265983581543,2860800,0.0,0.0
2008-07-11 00:00:00-04:00,4.105494463919268,4.195187602521027,3.893492959452799,3.979109048843384,3825000,0.0,0.0
2008-07-14 00:00:00-04:00,4.072878753047967,4.109571417476854,3.9138777256011963,3.9138777256011963,2337200,0.0,0.0
2008-07-15 00:00:00-04:00,3.8853404651779098,3.958725826042531,3.767108710901005,3.7997243404388428,2572900,0.0,0.0
2008-07-16 00:00:00-04:00,3.8078778006778733,4.011725645349632,3.746723213991001,3.995417833328247,4476500,0.0,0.0
2008-07-17 00:00:00-04:00,4.032108961646521,4.337880611419678,4.019877815713287,4.337880611419678,4770900,0.0,0.0
2008-07-18 00:00:00-04:00,4.346036050259017,4.545806847668099,4.256342888414749,4.513191223144531,4110700,0.0,0.0
2008-07-21 00:00:00-04:00,4.53765167768284,4.63549851980864,4.513189772746995,4.566190242767334,2580100,0.0,0.0
2008-07-22 00:00:00-04:00,4.513190802750443,4.725192731215021,4.2971122132068365,4.717038631439209,2288900,0.0,0.0
2008-07-23 00:00:00-04:00,4.692576937843476,4.880116948920026,4.647730168336974,4.8108086585998535,2476900,0.0,0.0
2008-07-24 00:00:00-04:00,4.761886082943812,4.761886082943812,4.366421129918989,4.370498180389404,3171300,0.0,0.0
2008-07-25 00:00:00-04:00,4.362343537783573,4.4642674540346325,4.211496188389071,4.235958099365234,1898700,0.0,0.0
2008-07-28 00:00:00-04:00,4.215573647180385,4.293035659967562,3.9424174940320986,3.95464825630188,3285900,0.0,0.0
2008-07-29 00:00:00-04:00,3.9546463703973402,4.24411019813453,3.9546463703973402,4.240033149719238,2813000,0.0,0.0
2008-07-30 00:00:00-04:00,4.2644968576212205,4.370497828462881,4.129957313402536,4.227804183959961,1981600,0.0,0.0
2008-07-31 00:00:00-04:00,4.195188993160411,4.378651991581396,4.178881179718744,4.2808051109313965,1570700,0.0,0.0
2008-08-01 00:00:00-04:00,4.313420233906959,4.313420233906959,4.081033822309109,4.17888069152832,1891500,0.0,0.0
2008-08-04 00:00:00-04:00,4.18295852597314,4.252266835201837,4.081034587555523,4.203343391418457,2031400,0.0,0.0
2008-08-05 00:00:00-04:00,4.23188071261733,4.4275744296173,4.191110993837909,4.4194207191467285,1608600,0.0,0.0
2008-08-06 00:00:00-04:00,4.390883771179321,4.4724228500479954,4.325652119275385,4.427576065063477,1716200,0.0,0.0
2008-08-07 00:00:00-04:00,4.386805793811615,4.460190754894559,4.260419956643293,4.272650718688965,2113800,0.0,0.0
2008-08-08 00:00:00-04:00,4.272650022151366,4.4275744084397495,4.272650022151366,4.403112888336182,2864900,0.0,0.0
2008-08-11 00:00:00-04:00,4.390883264738737,4.4194218418489095,4.329728671034,4.394959926605225,2271500,0.0,0.0
2008-08-12 00:00:00-04:00,4.378650965453466,4.403112874287838,4.276727058126474,4.3174967765808105,1965200,0.0,0.0
2008-08-13 00:00:00-04:00,4.30118953128248,4.317497343042051,4.203342660725055,4.227804183959961,1464000,0.0,0.0
2008-08-14 00:00:00-04:00,4.203341667311016,4.378650505091841,4.162571953143116,4.333804130554199,2028100,0.0,0.0
2008-08-15 00:00:00-04:00,4.3623431906173105,4.464267098757008,4.33788167039674,4.4194207191467285,1222400,0.0,0.0
2008-08-18 00:00:00-04:00,4.447960410117483,4.447960410117483,4.276728170178917,4.293035984039307,1504700,0.0,0.0
2008-08-19 00:00:00-04:00,4.268573487032886,4.329727677901409,4.109572046442316,4.121802806854248,1446400,0.0,0.0
2008-08-20 00:00:00-04:00,4.138111990033286,4.187035825531685,4.036188045561441,4.158496856689453,1393800,0.0,0.0
2008-08-21 00:00:00-04:00,4.121803794033762,4.174804286924333,4.085111504010095,4.154419422149658,944000,0.0,0.0
2008-08-22 00:00:00-04:00,4.187034508308646,4.2604194608516694,4.162572598255059,4.25634241104126,1377500,0.0,0.0
2008-08-25 00:00:00-04:00,4.223726041589403,4.223726041589403,4.117725486967706,4.129956245422363,1528600,0.0,0.0
2008-08-26 00:00:00-04:00,4.125880844750488,4.223727729098178,4.06880330114319,4.154419422149658,3065100,0.0,0.0
2008-08-27 00:00:00-04:00,4.1462645674026275,4.256342184769758,4.097341138705142,4.2318806648254395,1725400,0.0,0.0
2008-08-28 00:00:00-04:00,4.260419193929926,4.423497676849365,4.2196498648067005,4.423497676849365,2537700,0.0,0.0
2008-08-29 00:00:00-04:00,4.394958290691825,4.492805526436425,4.370496773362281,4.456112861633301,1387100,0.0,0.0
2008-09-02 00:00:00-04:00,4.525422521655861,4.582499672030627,4.321574667325578,4.390882968902588,1483500,0.0,0.0
2008-09-03 00:00:00-04:00,4.436447419882948,4.56486017029122,4.374312460196506,4.556575298309326,2893300,0.17,0.0
2008-09-04 00:00:00-04:00,4.519294465742027,4.60214121586144,4.486155765694261,4.548290729522705,2728400,0.0,0.0
2008-09-05 00:00:00-04:00,4.51101152844888,4.585573431491821,4.486157297404833,4.5814313888549805,2763500,0.0,0.0
2008-09-08 00:00:00-04:00,4.821687013628807,5.157216548919678,4.813402138661338,5.157216548919678,4431200,0.0,0.0
2008-09-09 00:00:00-04:00,5.1282190297388475,5.190353996708939,4.854824542999268,4.854824542999268,2822800,0.0,0.0
2008-09-10 00:00:00-04:00,4.933529052390552,5.012233768322741,4.734696834330395,4.929386615753174,1994800,0.0,0.0
2008-09-11 00:00:00-04:00,4.846539548467126,4.892105558476989,4.722269222599872,4.879678249359131,1878500,0.0,0.0
2008-09-12 00:00:00-04:00,4.8341124965822075,5.028802655055837,4.805116232889452,4.9418134689331055,1677600,0.0,0.0
2008-09-15 00:00:00-04:00,4.535864401565717,5.086795854817337,4.535864401565717,4.788547515869141,2625900,0.0,0.0
2008-09-16 00:00:00-04:00,4.69327307581475,4.945955775216137,4.55657583244496,4.854824542999268,3023700,0.0,0.0
2008-09-17 00:00:00-04:00,4.7844048153166385,4.979094988791837,4.498583012442168,4.5068678855896,3052500,0.0,0.0
2008-09-18 00:00:00-04:00,4.573144998467685,6.205227375030518,4.41987841043102,6.205227375030518,7639800,0.0,0.0
2008-09-19 00:00:00-04:00,6.694022116598772,7.1455372897061435,5.579732707269916,6.834861755371094,4004500,0.0,0.0
2008-09-22 00:00:00-04:00,6.4703384148690954,6.565612490095269,5.103365421295166,5.103365421295166,2250300,0.0,0.0
2008-09-23 00:00:00-04:00,5.140645660268338,5.3187664684790565,5.024660210641212,5.2400617599487305,1004400,0.0,0.0
2008-09-24 00:00:00-04:00,5.04537199185701,5.206923054917116,4.846539397647967,4.883820533752441,1298100,0.0,0.0
2008-09-25 00:00:00-04:00,4.970808532761108,5.028801441192627,4.867250021661918,5.028801441192627,1283600,0.0,0.0
2008-09-26 00:00:00-04:00,5.037087277427997,5.037087277427997,4.6145686434228494,4.983236789703369,1183300,0.0,0.0
2008-09-29 00:00:00-04:00,4.867251649856507,4.97495263223848,4.283181515080846,4.287323951721191,1935700,0.0,0.0
2008-09-30 00:00:00-04:00,4.477871054021307,5.281485080718994,4.370170086976371,5.281485080718994,2098700,0.0,0.0
2008-10-01 00:00:00-04:00,5.3601880468880685,5.380899826904308,4.763691231695299,4.999804496765137,1680400,0.0,0.0
2008-10-02 00:00:00-04:00,5.086795052268543,5.177926672313711,4.515151900239775,4.5648603439331055,1412600,0.0,0.0
2008-10-03 00:00:00-04:00,4.61456823415386,4.626995147128323,4.324604034423828,4.324604034423828,1883200,0.0,0.0
2008-10-06 00:00:00-04:00,4.262470167628702,4.5731458369749465,4.034641264432547,4.436448574066162,1475600,0.0,0.0
2008-10-07 00:00:00-04:00,4.502725058694294,4.556575544351051,4.266611725083058,4.411593437194824,955400,0.0,0.0
2008-10-08 00:00:00-04:00,4.341174821059758,4.598000407880499,4.071922712193737,4.142342567443848,1144400,0.0,0.0
2008-10-09 00:00:00-04:00,3.9600784633111137,4.204476268586747,3.35943865776062,3.35943865776062,1986100,0.0,0.0
2008-10-10 00:00:00-04:00,3.3097310563291265,3.6908265396283846,3.061190583858122,3.6659727096557617,3138000,0.0,0.0
2008-10-13 00:00:00-04:00,3.7861008973458805,4.440590930633473,3.6866843847235042,4.208619594573975,1736800,0.0,0.0
2008-10-14 00:00:00-04:00,4.477871006301447,4.622852711122022,4.1630529806224885,4.324604034423828,1712100,0.0,0.0
2008-10-15 00:00:00-04:00,4.262469572900842,4.337031849554774,3.7861004377205787,3.8192391395568848,1780800,0.0,0.0
2008-10-16 00:00:00-04:00,3.8275238350361236,3.8648049754820124,3.3180159690609976,3.479567050933838,1948100,0.0,0.0
2008-10-17 00:00:00-04:00,3.438142512680165,3.7446755987028646,3.330441570549697,3.5955514907836914,1913000,0.0,0.0
2008-10-20 00:00:00-04:00,3.6162627969781744,3.864803366446047,3.5417009421732883,3.7653872966766357,1596400,0.0,0.0
2008-10-21 00:00:00-04:00,3.7322497055486057,3.7943846686862805,3.520990198809373,3.612121820449829,1265100,0.0,0.0
2008-10-22 00:00:00-04:00,3.520989952124844,3.6204060441977046,3.3345846807271213,3.3635809421539307,1395000,0.0,0.0
2008-10-23 00:00:00-04:00,3.479565927548275,3.55827061975617,3.0736167405202086,3.2061715126037598,1818600,0.0,0.0
2008-10-24 00:00:00-04:00,2.920350620622802,3.5044206657384747,2.8043649802872244,3.351154088973999,2365300,0.0,0.0
2008-10-27 00:00:00-04:00,3.3304422565215885,3.355296477149523,3.102613415102521,3.2020297050476074,1535000,0.0,0.0
2008-10-28 00:00:00-04:00,3.2310262792936744,3.3262999391679156,3.1398946604680678,3.2973036766052246,2727200,0.0,0.0
2008-10-29 00:00:00-04:00,3.29730402176837,3.4340012667940787,3.1357527501490994,3.2890193462371826,3091700,0.0,0.0
2008-10-30 00:00:00-04:00,3.313873591550058,3.4754250713541492,3.2600230982820273,3.4671401977539062,1554100,0.0,0.0
2008-10-31 00:00:00-04:00,3.467139426945127,3.864804185324734,3.4298582941213467,3.815096139907837,2171200,0.0,0.0
2008-11-03 00:00:00-05:00,3.8068118300849045,3.9186552450658025,3.769531086802426,3.8192391395568848,1019400,0.0,0.0
2008-11-04 00:00:00-05:00,3.852377117372758,3.8938002893607755,3.728106811319879,3.8648040294647217,1030200,0.0,0.0
2008-11-05 00:00:00-05:00,3.835808136200781,3.8979430976439637,3.63283350743897,3.6494028568267822,1482700,0.0,0.0
2008-11-06 00:00:00-05:00,3.6245483380813317,3.678398817938156,3.413288854422502,3.4257161617279053,1338200,0.0,0.0
2008-11-07 00:00:00-05:00,3.45885610770654,3.7488200005278194,3.45885610770654,3.6991119384765625,1160100,0.0,0.0
2008-11-10 00:00:00-05:00,3.7985258155058825,3.7985258155058825,3.5002772245870717,3.5127041339874268,1276400,0.0,0.0
2008-11-11 00:00:00-05:00,3.487851499130018,3.6245487340684717,3.3304424781308515,3.612121820449829,2336400,0.0,0.0
2008-11-12 00:00:00-05:00,3.5706984996795654,3.686683956721838,3.496136222630145,3.5706984996795654,2789600,0.0,0.0
2008-11-13 00:00:00-05:00,3.6038360372018823,4.096774761678541,3.5168468737674345,4.06777811050415,3446700,0.0,0.0
2008-11-14 00:00:00-05:00,4.02635761515999,4.117488879184697,3.9020872428008335,3.997360944747925,2182100,0.0,0.0
2008-11-17 00:00:00-05:00,3.9849333751851255,4.163054226309769,3.9020866054915326,4.04292631149292,2018900,0.0,0.0
2008-11-18 00:00:00-05:00,4.059494394995552,4.071921307799395,3.6245484964166645,3.8068113327026367,2308600,0.0,0.0
2008-11-19 00:00:00-05:00,3.873090046276203,3.8979438778101434,3.276592558838209,3.3221585750579834,2703200,0.0,0.0
2008-11-20 00:00:00-05:00,3.231026505531159,3.44228602053752,3.023909426907937,3.061190366744995,2810300,0.0,0.0
2008-11-21 00:00:00-05:00,3.1108987235555383,3.342869638428776,2.974201281007584,3.2890193462371826,3066700,0.0,0.0
2008-11-24 00:00:00-05:00,3.421574423224505,3.6535453429089975,3.1316103785743903,3.574841022491455,2750500,0.0,0.0
2008-11-25 00:00:00-05:00,3.595551845132489,3.7363914917916903,3.3387267697722245,3.70739483833313,2210500,0.0,0.0
2008-11-26 00:00:00-05:00,3.6866832534485523,4.042924824688329,3.6121213856670753,4.009786128997803,1764500,0.0,0.0
2008-11-28 00:00:00-05:00,4.009788914513635,4.250044822692871,3.980792239357735,4.250044822692871,731800,0.0,0.0
2008-12-01 00:00:00-05:00,4.063638145366923,4.063638145366923,3.442286773570698,3.4754254817962646,2254600,0.0,0.0
2008-12-02 00:00:00-05:00,3.5209901395724925,3.8068115182594053,3.417431606055654,3.7736728191375732,2108500,0.0,0.0
2008-12-03 00:00:00-05:00,3.782114021901786,4.094476019517239,3.6976919147836047,4.052265167236328,1769400,0.17,0.0
2008-12-04 00:00:00-05:00,3.9594040296143826,4.221112986468634,3.896087093283331,3.9847304821014404,1921200,0.0,0.0
2008-12-05 00:00:00-05:00,4.005834881816008,4.136689520828486,3.7947792981263557,4.124026298522949,2033700,0.0,0.0
2008-12-08 00:00:00-05:00,4.187342874749349,4.3013126823037044,4.048046219651477,4.191564083099365,1623600,0.0,0.0
2008-12-09 00:00:00-05:00,4.170458282235703,4.373071444503072,3.959402703595576,3.9720659255981445,1689800,0.0,0.0
2008-12-10 00:00:00-05:00,4.128246307373047,4.216889651514025,3.9805076688424177,4.128246307373047,1311600,0.0,0.0
2008-12-11 00:00:00-05:00,4.060708897326018,4.216889962312803,3.8074424686541484,3.8369901180267334,1406400,0.0,0.0
2008-12-12 00:00:00-05:00,3.8327681273522245,4.195783468909744,3.7272403696551777,4.183120250701904,1676500,0.0,0.0
2008-12-15 00:00:00-05:00,4.170458017261704,4.2211113046102415,3.9045279567644737,3.9805080890655518,1559400,0.0,0.0
2008-12-16 00:00:00-05:00,4.153573222325005,4.592568743238253,4.086035511808584,4.571463108062744,2797000,0.0,0.0
2008-12-17 00:00:00-05:00,4.482819007539756,4.714980150265317,4.440608146852843,4.546135902404785,1875200,0.0,0.0
2008-12-18 00:00:00-05:00,4.592569791142038,4.719203228533006,4.4659363537510695,4.563022136688232,1909600,0.0,0.0
2008-12-19 00:00:00-05:00,4.5799048630465515,4.820508022721913,4.449050265863885,4.520809173583984,3804200,0.0,0.0
2008-12-22 00:00:00-05:00,4.457492757897058,4.5587993108465135,4.271763674933267,4.381512641906738,2036000,0.0,0.0
2008-12-23 00:00:00-05:00,4.482818548111745,4.596788705654542,4.432165278944858,4.537693023681641,1586100,0.0,0.0
2008-12-24 00:00:00-05:00,4.537696129488751,4.579907417297363,4.512369276292249,4.579907417297363,504100,0.0,0.0
2008-12-26 00:00:00-05:00,4.57990595224217,4.672770111624342,4.558800315089296,4.664328098297119,456100,0.0,0.0
2008-12-29 00:00:00-05:00,4.676991073704973,4.706538722631801,4.567242088324578,4.668549060821533,733400,0.0,0.0
2008-12-30 00:00:00-05:00,4.706537128142837,4.824728488922119,4.6094517988131285,4.824728488922119,1628700,0.0,0.0
2008-12-31 00:00:00-05:00,4.850055418512196,5.082216555012964,4.744527665789703,5.0315632820129395,1734100,0.0,0.0
2009-01-02 00:00:00-05:00,5.0146806312805925,5.052670700106113,4.8753839806247345,5.0104594230651855,1262300,0.0,0.0
2009-01-05 00:00:00-05:00,5.006238518852659,5.2637265998363985,4.875384276681517,5.23417854309082,1636000,0.0,0.0
2009-01-06 00:00:00-05:00,5.272166436707619,5.403021027389659,5.1919655216522225,5.322819709777832,2140100,0.0,0.0
2009-01-07 00:00:00-05:00,5.213071702595995,5.356589123487825,5.183523654937744,5.183523654937744,2213000,0.0,0.0
2009-01-08 00:00:00-05:00,5.2299572860780605,5.369253933177977,5.1666403721330125,5.272168159484863,1875900,0.0,0.0
2009-01-09 00:00:00-05:00,5.289051803008473,5.37347393982717,5.124428736851141,5.200408458709717,1360400,0.0,0.0
2009-01-12 00:00:00-05:00,5.191966571518008,5.246841062412665,4.917594117044722,4.97668981552124,1714200,0.0,0.0
2009-01-13 00:00:00-05:00,4.904929840803463,5.103322126314599,4.786738871853956,5.086437702178955,1862800,0.0,0.0
2009-01-14 00:00:00-05:00,5.010458596053802,5.044227451090128,4.871161968389831,4.909152030944824,1467600,0.0,0.0
2009-01-15 00:00:00-05:00,4.866942389723854,5.044229139276579,4.601012265394766,4.87538480758667,2343400,0.0,0.0
2009-01-16 00:00:00-05:00,4.938700721273498,5.099103017843385,4.909153067516826,5.014680862426758,3114200,0.0,0.0
2009-01-20 00:00:00-05:00,4.9640280902300145,5.246842642479018,4.731866836547852,4.731866836547852,4242300,0.0,0.0
2009-01-21 00:00:00-05:00,4.8078452275714545,5.170860602500107,4.702317460173493,5.111764907836914,3016600,0.0,0.0
2009-01-22 00:00:00-05:00,5.052670499348776,5.052670499348776,4.200005796430856,4.639001369476318,4092400,0.0,0.0
2009-01-23 00:00:00-05:00,4.554579107147411,4.723423399257311,4.385734815037512,4.664328098297119,1726400,0.0,0.0
2009-01-26 00:00:00-05:00,4.571464239498117,4.904932069623469,4.571464239498117,4.820509910583496,1670300,0.0,0.0
2009-01-27 00:00:00-05:00,4.841614169756671,4.871161816352094,4.541915288746041,4.774076461791992,1660800,0.0,0.0
2009-01-28 00:00:00-05:00,4.934479512863518,5.027344085100104,4.765635202030263,5.014680862426758,2002300,0.0,0.0
2009-01-29 00:00:00-05:00,4.942919065591745,5.002014741419679,4.736084804028512,4.79940128326416,2354000,0.0,0.0
2009-01-30 00:00:00-05:00,4.921814785261578,4.921814785261578,4.335080682602507,4.3561859130859375,2200500,0.0,0.0
2009-02-02 00:00:00-05:00,4.318196291069655,4.605231963320955,4.221110932841427,4.571463108062744,1684800,0.0,0.0
2009-02-03 00:00:00-05:00,4.579906333078923,4.744529430935979,4.533473846970251,4.6727705001831055,1895200,0.0,0.0
2009-02-04 00:00:00-05:00,4.672769820955942,4.786740012958049,4.575684459671056,4.5841264724731445,1636800,0.0,0.0
2009-02-05 00:00:00-05:00,4.525031091972152,4.676990942623848,4.525031091972152,4.6474432945251465,1772000,0.0,0.0
2009-02-06 00:00:00-05:00,4.62633661576318,4.765633214752837,4.58834656102847,4.740306377410889,2381700,0.0,0.0
2009-02-09 00:00:00-05:00,4.765633927458207,4.79096076858781,4.676990587339323,4.744528293609619,1770000,0.0,0.0
2009-02-10 00:00:00-05:00,4.702318790153791,4.752972084524559,4.478599570153819,4.516589641571045,2632800,0.0,0.0
2009-02-11 00:00:00-05:00,4.541915885878305,4.693875748777216,4.516589040783548,4.664328098297119,1822500,0.0,0.0
2009-02-12 00:00:00-05:00,4.558800429353061,4.668549423253566,4.461714657039059,4.639001369476318,2136600,0.0,0.0
2009-02-13 00:00:00-05:00,4.626338754782973,4.639001978030665,4.474378868140847,4.4997053146362305,2102300,0.0,0.0
2009-02-17 00:00:00-05:00,4.613674087851982,4.807845194636364,4.275985153980473,4.284427165985107,2325000,0.0,0.0
2009-02-18 00:00:00-05:00,4.482822357968013,4.491264777949062,4.221113376906612,4.301314353942871,1537600,0.0,0.0
2009-02-19 00:00:00-05:00,4.313973900580872,4.373069174285419,4.048043961241329,4.052265167236328,1343000,0.0,0.0
2009-02-20 00:00:00-05:00,3.727240270737288,4.098698016279483,3.566838034987946,3.9931702613830566,2739100,0.0,0.0
2009-02-23 00:00:00-05:00,4.385734602302952,4.626337807527989,3.8032212189443886,3.8074424266815186,2407700,0.0,0.0
2009-02-24 00:00:00-05:00,3.8496528580780773,4.056487182969849,3.7399038847474095,4.039602756500244,2937500,0.0,0.0
2009-02-25 00:00:00-05:00,4.010055303782075,4.014276511241722,3.7145776250673275,3.8834218978881836,1990900,0.0,0.0
2009-02-26 00:00:00-05:00,3.955181984532364,3.9931720577947343,3.7905584679143,3.8580965995788574,1642200,0.0,0.0
2009-02-27 00:00:00-05:00,3.7863377811711882,3.9678453332337704,3.7230208562182234,3.8327698707580566,2221400,0.0,0.0
2009-03-02 00:00:00-05:00,3.733831076173943,3.8843885294226883,3.686512679527821,3.7166244983673096,2222800,0.17,0.0
2009-03-03 00:00:00-05:00,3.7854508266763416,3.8370705603291837,3.50584342326031,3.5488600730895996,1975800,0.0,0.0
2009-03-04 00:00:00-05:00,3.609082734379343,3.643495884746968,3.415508455883622,3.5402560234069824,1767500,0.0,0.0
2009-03-05 00:00:00-05:00,3.4327157452806047,3.441319034662517,3.1359019539267305,3.183220148086548,2744100,0.0,0.0
2009-03-06 00:00:00-05:00,3.2305379813646318,3.316570865573066,3.122996773544801,3.29506254196167,2215100,0.0,0.0
2009-03-09 00:00:00-04:00,3.24774389358173,3.4628262652065196,3.24774389358173,3.3423800468444824,2158300,0.0,0.0
2009-03-10 00:00:00-04:00,3.4628270404878236,3.574669997229773,3.1143933399416452,3.5660665035247803,3089100,0.0,0.0
2009-03-11 00:00:00-04:00,3.5832717829952,3.643494986408493,3.4843341026415877,3.587573528289795,3516300,0.0,0.0
2009-03-12 00:00:00-04:00,3.5359542006966387,3.8413711758578835,3.4800327364854753,3.8284659385681152,4348500,0.0,0.0
2009-03-13 00:00:00-04:00,3.892991893676865,4.043549341906977,3.794053766908815,4.000533103942871,2363200,0.0,0.0
2009-03-16 00:00:00-04:00,3.9919297012398647,4.1381858161748095,3.9747231236144107,4.017739772796631,3458400,0.0,0.0
2009-03-17 00:00:00-04:00,4.026342536447587,4.228520115153995,3.892991673009314,4.224218368530273,2236900,0.0,0.0
2009-03-18 00:00:00-04:00,4.138185582253533,4.542540748950272,4.090867599017595,4.538239002227783,3480300,0.0,0.0
2009-03-19 00:00:00-04:00,4.624271417470458,4.693097717115802,4.409189025960204,4.4134907722473145,3276600,0.0,0.0
2009-03-20 00:00:00-04:00,4.430697652739362,4.499523957131586,4.31885470298343,4.340363025665283,2217900,0.0,0.0
2009-03-23 00:00:00-04:00,5.157677088701434,5.157677088701434,4.43069858310926,4.8651652336120605,3647100,0.0,0.0
2009-03-24 00:00:00-04:00,4.473714059011796,4.878069228140778,4.473714059011796,4.508127212524414,2685400,0.0,0.0
2009-03-25 00:00:00-04:00,4.551143497394549,4.783432470239819,4.503825517639128,4.774829387664795,3015200,0.0,0.0
2009-03-26 00:00:00-04:00,4.835052978449378,4.878069628993595,4.594160884065872,4.740417003631592,2481300,0.0,0.0
2009-03-27 00:00:00-04:00,4.650080989037497,4.792035319476252,4.611366097056552,4.671588897705078,1460300,0.0,0.0
2009-03-30 00:00:00-04:00,4.5425417727193595,4.641479508211682,4.4134922136203505,4.42209529876709,2629000,0.0,0.0
2009-03-31 00:00:00-04:00,4.503827588567245,4.7146083365394595,4.366174511937849,4.654385089874268,2802500,0.0,0.0
2009-04-01 00:00:00-04:00,4.538238857151519,4.843655890653318,4.499523958361031,4.817845821380615,1794300,0.0,0.0
2009-04-02 00:00:00-04:00,4.968405413440865,5.045834827955777,4.813545763936485,4.869467258453369,4669100,0.0,0.0
2009-04-03 00:00:00-04:00,4.856559477231198,4.856559477231198,4.706001667186499,4.81354284286499,4503000,0.0,0.0
2009-04-06 00:00:00-04:00,4.73611697947493,4.839356486053783,4.697402061948526,4.761926651000977,3958400,0.0,0.0
2009-04-07 00:00:00-04:00,4.667288560316708,4.753321444098252,4.503825876013199,4.508127212524414,2841500,0.0,0.0
2009-04-08 00:00:00-04:00,4.568350979461013,4.624272463127295,4.478016338190434,4.555446147918701,1744500,0.0,0.0
2009-04-09 00:00:00-04:00,4.650081604456528,4.865164001494095,4.478015440684205,4.8608622550964355,3658400,0.0,0.0
2009-04-13 00:00:00-04:00,4.813543744430692,5.0329278823618475,4.753320937322841,5.007118225097656,2498700,0.0,0.0
2009-04-14 00:00:00-04:00,4.925387263074401,5.002817064404607,4.624271961577266,4.641478538513184,2863700,0.0,0.0
2009-04-15 00:00:00-04:00,4.602762589573984,4.8866712494753175,4.516729724488286,4.8737664222717285,1823100,0.0,0.0
2009-04-16 00:00:00-04:00,4.912483226601021,4.9813095454643905,4.79633850584117,4.921086311340332,2041900,0.0,0.0
2009-04-17 00:00:00-04:00,4.929688943286588,4.981308673397157,4.779131089452899,4.938292026519775,2651900,0.0,0.0
2009-04-20 00:00:00-04:00,4.847957935456709,4.989912299595956,4.589858867801444,4.736114978790283,3378800,0.0,0.0
2009-04-21 00:00:00-04:00,4.65868505600909,5.2394077381019075,4.65868505600909,5.235105991363525,3595600,0.0,0.0
2009-04-22 00:00:00-04:00,5.144770355779147,5.144770355779147,4.852258198519056,4.890973091125488,4204400,0.0,0.0
2009-04-23 00:00:00-04:00,4.749019012372605,4.860861950275462,4.120978435997374,4.129581928253174,8541900,0.0,0.0
2009-04-24 00:00:00-04:00,4.103772936923276,4.138186094488642,3.9015953285488525,4.06935977935791,8781800,0.0,0.0
2009-04-27 00:00:00-04:00,4.026341767445274,4.1338829510759,3.8413712105617988,3.8714826107025146,5915800,0.0,0.0
2009-04-28 00:00:00-04:00,3.828466447410154,4.077961991520724,3.7639418933335653,3.9188010692596436,3083500,0.0,0.0
2009-04-29 00:00:00-04:00,3.9747221798850485,4.1080734324982355,3.901594139780571,4.103771686553955,3859000,0.0,0.0
2009-04-30 00:00:00-04:00,4.0779628829636465,4.133884366831781,3.970421662502742,4.03064489364624,3697800,0.0,0.0
2009-05-01 00:00:00-04:00,4.030644567260281,4.151090609556825,3.979024834847477,4.142487525939941,3828400,0.0,0.0
2009-05-04 00:00:00-04:00,4.095167957630418,4.353266519936742,4.095167957630418,4.318853378295898,5478500,0.0,0.0
2009-05-05 00:00:00-04:00,4.305948372277902,4.400584302705532,4.267233486995238,4.33175802230835,3339500,0.0,0.0
2009-05-06 00:00:00-04:00,4.336060980027749,4.42639560087154,4.2328215305597325,4.4134907722473145,4161000,0.0,0.0
2009-05-07 00:00:00-04:00,4.2113148377471346,4.512430220246121,4.194108256182543,4.293045997619629,4104900,0.0,0.0
2009-05-08 00:00:00-04:00,4.331759804033199,4.478015915153279,4.314553226856552,4.439301013946533,4629600,0.0,0.0
2009-05-11 00:00:00-04:00,4.305950085540787,4.430697870954909,3.8757852516662745,4.297346591949463,2838200,0.0,0.0
2009-05-12 00:00:00-04:00,4.323157823035612,4.4005872349576425,4.2500297488267815,4.293045997619629,3304100,0.0,0.0
2009-05-13 00:00:00-04:00,4.245726408755261,4.3317592843164245,4.151090040519426,4.172598361968994,4438200,0.0,0.0
2009-05-14 00:00:00-04:00,4.181201444193903,4.383378579356539,4.142486551432569,4.344664096832275,2669500,0.0,0.0
2009-05-15 00:00:00-04:00,4.3360621146323926,4.344665609457865,4.176901152496075,4.18980598449707,1971900,0.0,0.0
2009-05-18 00:00:00-04:00,4.271536450124682,4.387680728854677,4.202710150101409,4.383378982543945,3075400,0.0,0.0
2009-05-19 00:00:00-04:00,4.379078614078631,4.409190024433002,4.24142557337894,4.28874397277832,2051800,0.0,0.0
2009-05-20 00:00:00-04:00,4.331760908699276,4.452207389888682,4.275839416055037,4.293045997619629,2176700,0.0,0.0
2009-05-21 00:00:00-04:00,4.258631766523632,4.357569893386578,4.23712385263953,4.353268146514893,1782200,0.0,0.0
2009-05-22 00:00:00-04:00,4.374776177861396,4.409189330057508,4.314552956399632,4.340363025665283,1456100,0.0,0.0
2009-05-26 00:00:00-04:00,4.336061253709719,4.478015608247342,4.237123544284097,4.465110778808594,1957100,0.0,0.0
2009-05-27 00:00:00-04:00,4.426397225770599,4.4608103882261,4.215616503171346,4.219918251037598,2028500,0.0,0.0
2009-05-28 00:00:00-04:00,4.2672353746516585,4.336061685494883,4.181202486097628,4.237123966217041,3229200,0.0,0.0
2009-05-29 00:00:00-04:00,4.198408948256656,4.409189621972061,4.181202371019422,4.400586128234863,2127400,0.0,0.0
2009-06-01 00:00:00-04:00,4.460809110660791,4.602763467693648,4.353267906227589,4.568350315093994,2514600,0.0,0.0
2009-06-02 00:00:00-04:00,4.576953311945774,4.706002415079231,4.5726515657781,4.645779609680176,2971600,0.0,0.0
2009-06-03 00:00:00-04:00,4.619558624598045,4.676374439849046,4.523409168140629,4.549631595611572,1799600,0.17,0.0
2009-06-04 00:00:00-04:00,4.571482287151503,4.619556998457323,4.501555282780194,4.606445789337158,1662100,0.0,0.0
2009-06-05 00:00:00-04:00,4.628299077525625,4.70696718275656,4.52340854841632,4.545260429382324,2264900,0.0,0.0
2009-06-08 00:00:00-04:00,4.523408462308625,4.55837197134616,4.449110901404386,4.540890216827393,1537200,0.0,0.0
2009-06-09 00:00:00-04:00,4.553999044578778,4.553999044578778,4.405404000557186,4.418515205383301,1845600,0.0,0.0
2009-06-10 00:00:00-04:00,4.440371355213669,4.49718718129707,4.30488781492083,4.322369575500488,2496100,0.0,0.0
2009-06-11 00:00:00-04:00,4.30925548383388,4.414146404264665,4.30925548383388,4.3835530281066895,1643400,0.0,0.0
2009-06-12 00:00:00-04:00,4.3748132584523125,4.3835539271488155,4.24369989362158,4.269922733306885,1244600,0.0,0.0
2009-06-15 00:00:00-04:00,4.256811571015344,4.313627382554309,4.217477515580834,4.239329814910889,1379400,0.0,0.0
2009-06-16 00:00:00-04:00,4.2568103776962865,4.3485896757155125,4.221846875288755,4.230587959289551,2180600,0.0,0.0
2009-06-17 00:00:00-04:00,4.217475526346346,4.331107095828274,4.217475526346346,4.252439022064209,1433200,0.0,0.0
2009-06-18 00:00:00-04:00,4.21310562526067,4.331107325362722,4.21310562526067,4.304884910583496,1285900,0.0,0.0
2009-06-19 00:00:00-04:00,4.352960325255901,4.370442076891553,4.22621752169796,4.265551567077637,2052400,0.0,0.0
2009-06-22 00:00:00-04:00,4.226217494682686,4.3048855849391705,4.182512907474009,4.186883449554443,1930500,0.0,0.0
2009-06-23 00:00:00-04:00,4.2611806836442225,4.296144184114915,4.09947438976782,4.130067348480225,1465500,0.0,0.0
2009-06-24 00:00:00-04:00,4.151920709931027,4.23058881465242,4.116957200454388,4.195625305175781,1006200,0.0,0.0
2009-06-25 00:00:00-04:00,4.182512934209909,4.269922109186009,4.125697137194579,4.265551567077637,1072000,0.0,0.0
2009-06-26 00:00:00-04:00,4.248068717871482,4.331106912486855,4.22184588879426,4.2611799240112305,1502700,0.0,0.0
2009-06-29 00:00:00-04:00,4.261182209526933,4.300516265841009,4.169402883726743,4.274293422698975,937300,0.0,0.0
2009-06-30 00:00:00-04:00,4.28740316179809,4.313625576577316,4.178142127689856,4.304884910583496,1737500,0.0,0.0
2009-07-01 00:00:00-04:00,4.31799725826271,4.357331307616588,4.13006809659324,4.296144962310791,1629600,0.0,0.0
2009-07-02 00:00:00-04:00,4.269921370073494,4.269921370073494,4.073251177218214,4.116955757141113,1737300,0.0,0.0
2009-07-06 00:00:00-04:00,4.116958091726861,4.191255669648739,4.099476333203949,4.178144454956055,1466100,0.0,0.0
2009-07-07 00:00:00-04:00,4.178142993798142,4.178142993798142,4.047029642329562,4.051400184631348,2276600,0.0,0.0
2009-07-08 00:00:00-04:00,4.060140876728138,4.090733839427958,3.9246569821471975,3.9989545345306396,2051400,0.0,0.0
2009-07-09 00:00:00-04:00,4.121326408247114,4.121326408247114,3.9596201251024468,4.04265832901001,1217800,0.0,0.0
2009-07-10 00:00:00-04:00,4.038288358720194,4.060140652354391,3.96836135252903,4.029547691345215,911900,0.0,0.0
2009-07-13 00:00:00-04:00,4.068882382980675,4.178143451712942,4.051400628655429,4.160661697387695,2688800,0.0,0.0
2009-07-14 00:00:00-04:00,4.199994737533885,4.199994737533885,4.108215436117743,4.143178939819336,1368200,0.0,0.0
2009-07-15 00:00:00-04:00,4.1562908160465994,4.213106617175064,4.077622719592132,4.182513236999512,3180000,0.0,0.0
2009-07-16 00:00:00-04:00,4.191253572865715,4.191253572865715,4.047029033004246,4.095103740692139,2572100,0.0,0.0
2009-07-17 00:00:00-04:00,4.086364072731172,4.125697706742982,4.020807182449034,4.064511775970459,1918600,0.0,0.0
2009-07-20 00:00:00-04:00,4.08636526354785,4.112587693863926,4.012067682988942,4.073253631591797,1337800,0.0,0.0
2009-07-21 00:00:00-04:00,4.086363879267435,4.156290892152795,4.068882126046096,4.090734004974365,1329000,0.0,0.0
2009-07-22 00:00:00-04:00,4.099475014918136,4.230588370076293,4.0688820515404505,4.182513236999512,2007400,0.0,0.0
2009-07-23 00:00:00-04:00,4.173773654415654,4.466593404262901,4.173773654415654,4.440370559692383,2438500,0.0,0.0
2009-07-24 00:00:00-04:00,4.401035031575012,4.462221370608633,4.348589776745268,4.422887325286865,1427000,0.0,0.0
2009-07-27 00:00:00-04:00,4.422888385137554,4.554001762029355,4.396665959837956,4.488445281982422,2185000,0.0,0.0
2009-07-28 00:00:00-04:00,4.4665911400106735,4.536518134353283,4.440368308733314,4.505925178527832,1728100,0.0,0.0
2009-07-29 00:00:00-04:00,4.488443483070587,4.4971841490679925,4.4010343223099255,4.4141459465026855,1440300,0.0,0.0
2009-07-30 00:00:00-04:00,4.449110741366087,4.505926545707846,4.383553851680417,4.457851409912109,3022200,0.0,0.0
2009-07-31 00:00:00-04:00,4.449110708498112,4.532148934662378,4.431628954737325,4.51903772354126,1302600,0.0,0.0
2009-08-03 00:00:00-04:00,4.580223822080518,4.750671240127377,4.571483153276985,4.74630069732666,1940700,0.0,0.0
2009-08-04 00:00:00-04:00,4.728820346794107,4.8861565999460455,4.715709131297454,4.873044967651367,1606600,0.0,0.0
2009-08-05 00:00:00-04:00,4.842449923905691,5.008526777509412,4.842449923905691,4.929858684539795,1569400,0.0,0.0
2009-08-06 00:00:00-04:00,4.9691948538222155,5.0085289171102,4.816229561566529,4.873044967651367,1304400,0.0,0.0
2009-08-07 00:00:00-04:00,4.947339249561822,5.047859612769755,4.886153340198318,5.0303778648376465,1637500,0.0,0.0
2009-08-10 00:00:00-04:00,5.012898201038109,5.069714009638298,4.964823061639069,5.021638870239258,879300,0.0,0.0
2009-08-11 00:00:00-04:00,5.039120767010692,5.043491310133015,4.846821454405754,4.851191997528076,1537900,0.0,0.0
2009-08-12 00:00:00-04:00,4.842450728117229,5.030379907289337,4.842450728117229,5.004157066345215,1261800,0.0,0.0
2009-08-13 00:00:00-04:00,4.9954163603698944,5.082825134875483,4.938600552741783,5.065343379974365,1670700,0.0,0.0
2009-08-14 00:00:00-04:00,5.026008978535583,5.039120189602268,4.881784406408393,4.9429707527160645,1113600,0.0,0.0
2009-08-17 00:00:00-04:00,4.842448760179196,4.886153338392186,4.741928813806168,4.750669479370117,1391000,0.0,0.0
2009-08-18 00:00:00-04:00,4.7900042409655565,4.80311544969363,4.693854404431457,4.741929531097412,1071000,0.0,0.0
2009-08-19 00:00:00-04:00,4.63703956106992,4.881784535999694,4.619557806917642,4.868673324584961,1234000,0.0,0.0
2009-08-20 00:00:00-04:00,4.829339601352197,4.908007291978357,4.816228389047491,4.864303112030029,1088700,0.0,0.0
2009-08-21 00:00:00-04:00,4.925489184036746,4.995416201416145,4.89926634412052,4.982304573059082,1229700,0.0,0.0
2009-08-24 00:00:00-04:00,5.026009215541003,5.069713810221391,4.934229900150512,4.951711654663086,1111900,0.0,0.0
2009-08-25 00:00:00-04:00,5.012896460664926,5.19208449345629,4.991044170051833,5.183343410491943,1871000,0.0,0.0
2009-08-26 00:00:00-04:00,5.139639737452984,5.227048491464535,5.091564610148269,5.213937282562256,2362200,0.0,0.0
2009-08-27 00:00:00-04:00,5.196456386004764,5.23579001917765,5.109047200826211,5.227049350738525,1007300,0.0,0.0
2009-08-28 00:00:00-04:00,5.248900784166876,5.323198329276148,5.152750946355262,5.213937282562256,789100,0.0,0.0
2009-08-31 00:00:00-04:00,5.16586422867177,5.205198287963867,5.109048411560739,5.205198287963867,1150700,0.0,0.0
2009-09-01 00:00:00-04:00,5.183345750612952,5.266384409072548,5.026009937402405,5.039121150970459,1709700,0.0,0.0
2009-09-02 00:00:00-04:00,5.016939637685665,5.083477126980274,4.9725810294659,5.056861877441406,1168600,0.17,0.0
2009-09-03 00:00:00-04:00,5.070171034057832,5.12340112396224,5.01250499756927,5.0834784507751465,805000,0.0,0.0
2009-09-04 00:00:00-04:00,5.083479011828389,5.101222377088157,5.0125055507893155,5.092350482940674,507400,0.0,0.0
2009-09-08 00:00:00-04:00,5.13227197675916,5.1810665372453,5.012504394639295,5.145579814910889,1299100,0.0,0.0
2009-09-09 00:00:00-04:00,5.132271721820553,5.229860414910149,5.087913532623521,5.203245162963867,1254600,0.0,0.0
2009-09-10 00:00:00-04:00,5.203246100987348,5.265348084700821,5.158887903793571,5.198810577392578,1001300,0.0,0.0
2009-09-11 00:00:00-04:00,5.260912745294149,5.336322154566119,5.176631864773526,5.323014736175537,1392600,0.0,0.0
2009-09-14 00:00:00-04:00,5.287527280690399,5.367372626165048,5.274219864123006,5.340757369995117,1917100,0.0,0.0
2009-09-15 00:00:00-04:00,5.389552089909703,5.522627538939551,5.345193888923214,5.500448226928711,2215900,0.0,0.0
2009-09-16 00:00:00-04:00,5.496012563864883,5.655702844838239,5.473833252415345,5.6379594802856445,1607000,0.0,0.0
2009-09-17 00:00:00-04:00,5.62908706856639,5.700060943281732,5.57585697980624,5.598036289215088,1213700,0.0,0.0
2009-09-18 00:00:00-04:00,5.624652093707093,5.6512669291654465,5.54924268818312,5.60247278213501,1300900,0.0,0.0
2009-09-21 00:00:00-04:00,5.553677534779127,5.615779087234836,5.518190389473595,5.5891642570495605,1135400,0.0,0.0
2009-09-22 00:00:00-04:00,5.62021565493622,5.629087124967564,5.4960121132514,5.527062892913818,1162600,0.0,0.0
2009-09-23 00:00:00-04:00,5.527064398853237,5.606909766066232,5.447219031640242,5.456090927124023,944800,0.0,0.0
2009-09-24 00:00:00-04:00,5.48713947455229,5.544805502542947,5.323013282441229,5.358500003814697,1530000,0.0,0.0
2009-09-25 00:00:00-04:00,5.331885814666748,5.402859265937663,5.296398665996152,5.331885814666748,702900,0.0,0.0
2009-09-28 00:00:00-04:00,5.327449365284152,5.478268146514893,5.327449365284152,5.478268146514893,1097400,0.0,0.0
2009-09-29 00:00:00-04:00,5.500448807972129,5.522628122325894,5.4427831829016675,5.469398021697998,663500,0.0,0.0
2009-09-30 00:00:00-04:00,5.491576993488019,5.527063725026293,5.371808957269938,5.402860164642334,1194500,0.0,0.0
2009-10-01 00:00:00-04:00,5.398423260710087,5.429474039544325,5.203245848804528,5.216553688049316,1938000,0.0,0.0
2009-10-02 00:00:00-04:00,5.145580184808868,5.327449755605477,5.110093459923438,5.287527084350586,1159200,0.0,0.0
2009-10-05 00:00:00-04:00,5.283091768040097,5.327450390954637,5.216554256703468,5.300835132598877,969100,0.0,0.0
2009-10-06 00:00:00-04:00,5.36293751926302,5.4028601982507185,5.305271474395811,5.367373466491699,1648700,0.0,0.0
2009-10-07 00:00:00-04:00,5.354066295806178,5.425039768218994,5.327451455169005,5.425039768218994,892200,0.0,0.0
2009-10-08 00:00:00-04:00,5.447218143265866,5.473833402341329,5.367373212109859,5.3851165771484375,1554300,0.0,0.0
2009-10-09 00:00:00-04:00,5.367372186391583,5.491575717926025,5.367372186391583,5.491575717926025,1485500,0.0,0.0
2009-10-12 00:00:00-04:00,5.540371819043649,5.540371819043649,5.429475663707938,5.456090927124023,628700,0.0,0.0
2009-10-13 00:00:00-04:00,5.42503950103112,5.460526658525019,5.33632266488448,5.362937927246094,1440800,0.0,0.0
2009-10-14 00:00:00-04:00,5.433909840735619,5.522626651487543,5.37180786169171,5.504883289337158,1287400,0.0,0.0
2009-10-15 00:00:00-04:00,5.478268537239867,5.500447422973812,5.37624388611618,5.398423194885254,997000,0.0,0.0
2009-10-16 00:00:00-04:00,5.376244863513846,5.376244863513846,5.185503365672319,5.212118625640869,1298200,0.0,0.0
2009-10-19 00:00:00-04:00,5.234295391714263,5.367370780739245,5.220987979722265,5.345191478729248,1311600,0.0,0.0
2009-10-20 00:00:00-04:00,5.336322866674682,5.345194762142454,5.1766325555721275,5.189939975738525,1054700,0.0,0.0
2009-10-21 00:00:00-04:00,5.189938630583962,5.229861303771055,5.0834784507751465,5.0834784507751465,1341600,0.0,0.0
2009-10-22 00:00:00-04:00,5.083478463185057,5.181067173098948,5.03911984330552,5.15888786315918,1864800,0.0,0.0
2009-10-23 00:00:00-04:00,5.181066273664367,5.181066273664367,4.9504021671903695,4.981452941894531,1556000,0.0,0.0
2009-10-26 00:00:00-04:00,4.990325988923275,5.034684611372219,4.883865802688021,4.9193525314331055,1537200,0.0,0.0
2009-10-27 00:00:00-04:00,4.945966686127124,4.985889356232538,4.861685822709678,4.866121768951416,1393400,0.0,0.0
2009-10-28 00:00:00-04:00,4.8661224450736755,4.897173227009955,4.657637596130371,4.657637596130371,1770900,0.0,0.0
2009-10-29 00:00:00-04:00,4.724175129894048,4.888301780162189,4.675380983322685,4.883865833282471,1970300,0.0,0.0
2009-10-30 00:00:00-04:00,4.870557557994503,4.870557557994503,4.684252459059184,4.73748254776001,3079200,0.0,0.0
2009-11-02 00:00:00-05:00,4.746354717814687,4.835071545402445,4.688688674123844,4.7552266120910645,2556600,0.0,0.0
2009-11-03 00:00:00-05:00,4.706432326240349,4.799585106638849,4.626587388066798,4.777406215667725,2922800,0.0,0.0
2009-11-04 00:00:00-05:00,4.817327752676953,4.906044995432334,4.7862769715336695,4.79958438873291,1976700,0.0,0.0
2009-11-05 00:00:00-05:00,4.835071186407124,4.852814550607262,4.741918418597602,4.804020404815674,1694500,0.0,0.0
2009-11-06 00:00:00-05:00,4.7774055010792305,4.843943010110601,4.73304687970154,4.79958438873291,1515600,0.0,0.0
2009-11-09 00:00:00-05:00,4.835070380798539,4.928223133087158,4.8040196043806995,4.928223133087158,1585400,0.0,0.0
2009-11-10 00:00:00-05:00,4.9016084928150905,4.959274524852341,4.835070568294363,4.866121768951416,1320400,0.0,0.0
2009-11-11 00:00:00-05:00,4.90604640479522,4.919353825817292,4.866123718693718,4.910481929779053,817700,0.0,0.0
2009-11-12 00:00:00-05:00,4.892735033117306,4.941529580076592,4.821761608123779,4.821761608123779,886100,0.0,0.0
2009-11-13 00:00:00-05:00,4.830636143389174,4.8971736600028635,4.830636143389174,4.879430294036865,885400,0.0,0.0
2009-11-16 00:00:00-05:00,4.910482474188056,4.950405164715655,4.879431680682294,4.914918422698975,935700,0.0,0.0
2009-11-17 00:00:00-05:00,4.923789327543522,4.963711586991178,4.874994749826527,4.950404167175293,991800,0.0,0.0
2009-11-18 00:00:00-05:00,4.937095671068937,4.963710504898655,4.901608943939209,4.901608943939209,474800,0.0,0.0
2009-11-19 00:00:00-05:00,4.866122788928398,4.892737625887271,4.737483282199964,4.795149326324463,1900800,0.0,0.0
2009-11-20 00:00:00-05:00,4.777406334924517,4.7951497019654745,4.750791072845459,4.750791072845459,552200,0.0,0.0
2009-11-23 00:00:00-05:00,4.795148865023274,4.866122320799446,4.768533607589626,4.79958438873291,829800,0.0,0.0
2009-11-24 00:00:00-05:00,4.786277040615535,4.808456351624502,4.719739530623808,4.804020404815674,1194100,0.0,0.0
2009-11-25 00:00:00-05:00,4.8128912245840265,4.826198639006195,4.759660720825195,4.759660720825195,786200,0.0,0.0
2009-11-27 00:00:00-05:00,4.657636216029293,4.804019034690267,4.591098725014324,4.697558879852295,939000,0.0,0.0
2009-11-30 00:00:00-05:00,4.701994173076557,4.728608996576183,4.604405499829611,4.719737529754639,1754200,0.0,0.0
2009-12-01 00:00:00-05:00,4.777406146602879,4.870558502619488,4.7419189908845985,4.848379611968994,1269700,0.0,0.0
2009-12-02 00:00:00-05:00,4.861895601241963,4.920472708451953,4.834859848022461,4.834859848022461,1343200,0.17,0.0
2009-12-03 00:00:00-05:00,4.85288411413623,4.875413407816542,4.704188111590027,4.717706203460693,1656700,0.0,0.0
2009-12-04 00:00:00-05:00,4.776284001391209,4.8258490562438965,4.699683188616005,4.8258490562438965,1579200,0.0,0.0
2009-12-07 00:00:00-05:00,4.834860453422816,4.897943599021508,4.632093782902495,4.654623508453369,3265700,0.0,0.0
2009-12-08 00:00:00-05:00,4.650119328781131,4.740238266864256,4.618577958283405,4.681661128997803,1547700,0.0,0.0
2009-12-09 00:00:00-05:00,4.699683301799632,4.722212599272382,4.672647543226007,4.708694934844971,1194400,0.0,0.0
2009-12-10 00:00:00-05:00,4.735731573189578,4.780790606224633,4.677154443497011,4.704189777374268,2236300,0.0,0.0
2009-12-11 00:00:00-05:00,4.6951772704175605,4.7357306934185965,4.6546238474165245,4.708694934844971,1696800,0.0,0.0
2009-12-14 00:00:00-05:00,4.731224253396616,4.744741916656494,4.668141108652571,4.744741916656494,1142000,0.0,0.0
2009-12-15 00:00:00-05:00,4.740239341248626,4.749250979268077,4.686167794255754,4.690673828125,1352900,0.0,0.0
2009-12-16 00:00:00-05:00,4.72221148605869,4.731223546698331,4.650116719816374,4.668140411376953,921400,0.0,0.0
2009-12-17 00:00:00-05:00,4.636600005650235,4.654623700892344,4.537469466959238,4.541975498199463,1368300,0.0,0.0
2009-12-18 00:00:00-05:00,4.555492634318512,4.600552082061768,4.532963340165625,4.600552082061768,1386100,0.0,0.0
2009-12-21 00:00:00-05:00,4.623082892640045,4.672647953033447,4.609564797308246,4.672647953033447,693500,0.0,0.0
2009-12-22 00:00:00-05:00,4.654622755454463,4.699682199266746,4.609563311642181,4.636599063873291,1093300,0.0,0.0
2009-12-23 00:00:00-05:00,4.641108228404217,4.668143569173972,4.591542720794678,4.591542720794678,1043200,0.0,0.0
2009-12-24 00:00:00-05:00,4.596045655709253,4.605057716369629,4.582527994437393,4.605057716369629,600800,0.0,0.0
2009-12-28 00:00:00-05:00,4.6005537212428935,4.62758948546546,4.569012354415644,4.5825300216674805,623300,0.0,0.0
2009-12-29 00:00:00-05:00,4.6005529561652825,4.623082684317551,4.578023228013014,4.5960469245910645,907100,0.0,0.0
2009-12-30 00:00:00-05:00,4.569013413392881,4.600554787530592,4.560001346656967,4.591542720794678,1315700,0.0,0.0
2009-12-31 00:00:00-05:00,4.578024060535097,4.605059825178087,4.519446928574369,4.523952960968018,2591500,0.0,0.0
2010-01-04 00:00:00-05:00,4.564504341786615,4.591539664561042,4.532962988643549,4.578022003173828,2638500,0.0,0.0
2010-01-05 00:00:00-05:00,4.578024119705346,4.600553852245881,4.541976719528052,4.560000419616699,1450900,0.0,0.0
2010-01-06 00:00:00-05:00,4.555493989806871,4.5645060539245605,4.5149409904338755,4.5645060539245605,1175200,0.0,0.0
2010-01-07 00:00:00-05:00,4.569011613178527,4.6771537930869505,4.523952156690606,4.659130096435547,1649400,0.0,0.0
2010-01-08 00:00:00-05:00,4.623082150513409,4.6681411718963846,4.58703476151952,4.654623508453369,815600,0.0,0.0
2010-01-11 00:00:00-05:00,4.654623668326011,4.699683120975419,4.636599973210006,4.663635730743408,890500,0.0,0.0
2010-01-12 00:00:00-05:00,4.641106174018193,4.695177261342124,4.587035086694262,4.614070415496826,1624100,0.0,0.0
2010-01-13 00:00:00-05:00,4.641106182989113,4.717706997609114,4.609564393033416,4.708694934844971,1297500,0.0,0.0
2010-01-14 00:00:00-05:00,4.677154813123768,4.767273316034657,4.636601379384139,4.758261680603027,830500,0.0,0.0
2010-01-15 00:00:00-05:00,4.744742742594339,4.753754806148872,4.663636319197757,4.672647953033447,771500,0.0,0.0
2010-01-19 00:00:00-05:00,4.668140790105153,4.785295009613037,4.650117097082304,4.785295009613037,818700,0.0,0.0
2010-01-20 00:00:00-05:00,4.758260372466341,4.866402546229057,4.735730645502741,4.861896514892578,1461000,0.0,0.0
2010-01-21 00:00:00-05:00,4.897944946328144,4.906957010915004,4.830356180802254,4.866403579711914,1857800,0.0,0.0
2010-01-22 00:00:00-05:00,4.875412668560989,4.920472108526745,4.740235208101052,4.79430627822876,1415000,0.0,0.0
2010-01-25 00:00:00-05:00,4.848380183513916,4.870909916671367,4.74023798002085,4.758261680603027,1403300,0.0,0.0
2010-01-26 00:00:00-05:00,4.762767054860272,4.902451049956908,4.762767054860272,4.807826519012451,1102900,0.0,0.0
2010-01-27 00:00:00-05:00,4.789801463305869,4.875413905295509,4.740236410545422,4.843872547149658,2935500,0.0,0.0
2010-01-28 00:00:00-05:00,4.861896504820483,4.861896504820483,4.749248299954653,4.767271995544434,1658900,0.0,0.0
2010-01-29 00:00:00-05:00,4.762765092011227,4.857389583958676,4.740235798938894,4.771777153015137,1763000,0.0,0.0
2010-02-01 00:00:00-05:00,4.798813095753779,4.843872547149658,4.753754074076676,4.843872547149658,1759000,0.0,0.0
2010-02-02 00:00:00-05:00,4.852884624244802,4.938497066497803,4.821342836283147,4.938497066497803,1322200,0.0,0.0
2010-02-03 00:00:00-05:00,4.902449743031347,4.933991101698043,4.821342901066951,4.848378658294678,854000,0.0,0.0
2010-02-04 00:00:00-05:00,4.798811918343368,4.866401078853878,4.726717157573761,4.735729217529297,1727600,0.0,0.0
2010-02-05 00:00:00-05:00,4.7447432079090355,4.789802670662974,4.605059646865818,4.704189777374268,1744600,0.0,0.0
2010-02-08 00:00:00-05:00,4.659131393337015,4.731226200010719,4.609565891459635,4.61857795715332,862900,0.0,0.0
2010-02-09 00:00:00-05:00,4.68616657178154,4.735732071975079,4.587036430832323,4.609565734863281,1091600,0.0,0.0
2010-02-10 00:00:00-05:00,4.609563109000515,4.6996819926633515,4.573515727422855,4.686163902282715,1071700,0.0,0.0
2010-02-11 00:00:00-05:00,4.663638484347605,4.704191500013697,4.605061333204528,4.690673828125,1134600,0.0,0.0
2010-02-12 00:00:00-05:00,4.641105434564505,4.722211837768555,4.5915399567922535,4.722211837768555,899600,0.0,0.0
2010-02-16 00:00:00-05:00,4.762766130157325,4.875414338947944,4.722212706237692,4.870908737182617,1476200,0.0,0.0
2010-02-17 00:00:00-05:00,4.875415383653734,4.911462783813477,4.861897716023557,4.911462783813477,850900,0.0,0.0
2010-02-18 00:00:00-05:00,4.9069555341280005,5.019603729248047,4.870908146067086,5.019603729248047,1437000,0.0,0.0
2010-02-19 00:00:00-05:00,5.019602848402103,5.096203642019236,4.9610257456526075,5.087191581726074,1166600,0.0,0.0
2010-02-22 00:00:00-05:00,5.1052149937495415,5.11422705355047,5.060155554182226,5.069167613983154,872600,0.0,0.0
2010-02-23 00:00:00-05:00,5.046639634397814,5.195335234637517,5.046639634397814,5.060157299041748,1972800,0.0,0.0
2010-02-24 00:00:00-05:00,5.0871925079373606,5.100710171119542,5.024109363555908,5.024109363555908,1591100,0.0,0.0
2010-02-25 00:00:00-05:00,4.970037104766258,5.1052149937495415,4.965531504584457,5.069167613983154,1663200,0.0,0.0
2010-02-26 00:00:00-05:00,5.082685551579493,5.096203642019236,5.03312050912316,5.087191581726074,1360500,0.0,0.0
2010-03-01 00:00:00-05:00,5.100711436545597,5.186324327282739,5.0871937700098435,5.168300628662109,1007400,0.0,0.0
2010-03-02 00:00:00-05:00,5.190827404196865,5.217862721876997,5.109720591719219,5.195333003997803,1709000,0.0,0.0
2010-03-03 00:00:00-05:00,5.237878243489346,5.32936948079087,5.201281748568737,5.324795246124268,1890300,0.173,0.0
2010-03-04 00:00:00-05:00,5.333942667554845,5.365964482634164,5.210429640631393,5.233302116394043,1996900,0.0,0.0
2010-03-05 00:00:00-05:00,5.26989827574656,5.283621846473608,5.1875559788553804,5.219577789306641,1809100,0.0,0.0
2010-03-08 00:00:00-05:00,5.192132175640219,5.260750485730878,5.192132175640219,5.224153995513916,868900,0.0,0.0
2010-03-09 00:00:00-05:00,5.215007566137001,5.292775260328476,5.192135074181125,5.274477005004883,800400,0.0,0.0
2010-03-10 00:00:00-05:00,5.265325702786599,5.388838761027383,5.265325702786599,5.365965843200684,1358800,0.0,0.0
2010-03-11 00:00:00-05:00,5.333944508555204,5.448308671899062,5.3247956023453185,5.434585094451904,1069200,0.0,0.0
2010-03-12 00:00:00-05:00,5.4437345444401375,5.4803310454646486,5.407138043415626,5.462032794952393,2096700,0.0,0.0
2010-03-15 00:00:00-04:00,5.475757123329317,5.507778954491711,5.407138352783823,5.498630046844482,1416700,0.0,0.0
2010-03-16 00:00:00-04:00,5.512353212090178,5.535226133886011,5.4711820401106195,5.503203868865967,530900,0.0,0.0
2010-03-17 00:00:00-04:00,5.526077336564436,5.645016192640577,5.507779084573086,5.622143268585205,1027800,0.0,0.0
2010-03-18 00:00:00-04:00,5.599270550614789,5.635867055944447,5.576397625717563,5.631292819976807,1307300,0.0,0.0
2010-03-19 00:00:00-04:00,5.603845119476318,5.658739876458194,5.544375690346432,5.603845119476318,2855500,0.0,0.0
2010-03-22 00:00:00-04:00,5.562673877135169,5.580972129246874,5.484906196594238,5.484906196594238,1293500,0.0,0.0
2010-03-23 00:00:00-04:00,5.480330950054082,5.553524387093538,5.466607371474988,5.526076793670654,1308100,0.0,0.0
2010-03-24 00:00:00-04:00,5.494055043885818,5.681612220133818,5.494055043885818,5.667888641357422,1916100,0.0,0.0
2010-03-25 00:00:00-04:00,5.709058985393211,5.727357670857299,5.5809712409973145,5.5809712409973145,2284900,0.0,0.0
2010-03-26 00:00:00-04:00,5.612992641182794,5.727356790159481,5.603843299857648,5.677036285400391,1705900,0.0,0.0
2010-03-29 00:00:00-04:00,5.6953376698567535,5.713635926324584,5.640442900453261,5.690762996673584,758500,0.0,0.0
2010-03-30 00:00:00-04:00,5.686187577971294,5.718209411068556,5.631292819976807,5.631292819976807,1089700,0.0,0.0
2010-03-31 00:00:00-04:00,5.626717344034406,5.832572766175911,5.603844422404306,5.800550937652588,2016100,0.0,0.0
2010-04-01 00:00:00-04:00,5.846296788699255,5.9011915430221675,5.832573209184709,5.86916971206665,1629400,0.0,0.0
2010-04-05 00:00:00-04:00,5.8828927832270645,5.94693687586863,5.8828927832270645,5.9377875328063965,1802500,0.0,0.0
2010-04-06 00:00:00-04:00,5.905767647084611,6.038430111268195,5.905767647084611,6.033855438232422,1941600,0.0,0.0
2010-04-07 00:00:00-04:00,6.001833323769121,6.18939054697053,6.001833323769121,6.08875036239624,3761300,0.0,0.0
2010-04-08 00:00:00-04:00,6.065875630730284,6.075024537396068,5.997256867545832,6.047577381134033,1582500,0.0,0.0
2010-04-09 00:00:00-04:00,6.065875905763054,6.10704707828753,6.0292794049112315,6.084174156188965,1760000,0.0,0.0
2010-04-12 00:00:00-04:00,6.084173110976624,6.157366100106298,6.052150851033921,6.125344276428223,1396100,0.0,0.0
2010-04-13 00:00:00-04:00,6.125344276428223,6.143642523710641,6.084173110976624,6.125344276428223,1604000,0.0,0.0
2010-04-14 00:00:00-04:00,6.161942430418672,6.509609222412109,6.15736775829994,6.509609222412109,3063600,0.0,0.0
2010-04-15 00:00:00-04:00,6.46386211773231,6.527906201833103,6.4592874468112615,6.495883941650391,1882000,0.0,0.0
2010-04-16 00:00:00-04:00,6.482160664709657,6.5645030000352715,6.27630526266027,6.280879497528076,2706800,0.0,0.0
2010-04-19 00:00:00-04:00,6.2717301365533755,6.3769449473793,6.189387807201177,6.3494977951049805,4068100,0.0,0.0
2010-04-20 00:00:00-04:00,6.354074540177895,6.486736982850094,6.344925195589927,6.404394626617432,2089700,0.0,0.0
2010-04-21 00:00:00-04:00,6.395243008035027,6.4272652664418075,6.230558790392207,6.294602870941162,2328600,0.0,0.0
2010-04-22 00:00:00-04:00,6.258008045660922,6.857276102298118,6.1665163529933515,6.793232440948486,6702200,0.0,0.0
2010-04-23 00:00:00-04:00,6.98536491548301,7.049408582498227,6.7703601167175025,6.89387321472168,2223400,0.0,0.0
2010-04-26 00:00:00-04:00,6.871000663486104,6.939619002170071,6.825254813520287,6.843553066253662,1642800,0.0,0.0
2010-04-27 00:00:00-04:00,6.8298283752229425,6.8938720312437205,6.591950692103803,6.628547191619873,2601000,0.0,0.0
2010-04-28 00:00:00-04:00,6.692591512358612,6.957916361039389,6.669718590314123,6.939618110656738,3525200,0.0,0.0
2010-04-29 00:00:00-04:00,6.971641062765969,7.090579927544454,6.829829708523352,6.994513988494873,1884800,0.0,0.0
2010-04-30 00:00:00-04:00,6.976213569609901,6.980788240588567,6.852700070773716,6.866424083709717,2019100,0.0,0.0
2010-05-03 00:00:00-04:00,6.912170145866352,6.957915987499434,6.857275397665459,6.944192409515381,1340300,0.0,0.0
2010-05-04 00:00:00-04:00,6.871000046357422,6.871000046357422,6.697166442871094,6.697166442871094,3600000,0.0,0.0
2010-05-05 00:00:00-04:00,6.619398513946698,6.747486266685596,6.450139588761264,6.47758674621582,4940000,0.0,0.0
2010-05-06 00:00:00-04:00,6.459287470397712,6.610248121226522,5.873743114568854,6.2900285720825195,4330300,0.0,0.0
2010-05-07 00:00:00-04:00,6.299178502608366,6.335775001001027,6.047577248960317,6.111620903015137,3819500,0.0,0.0
2010-05-10 00:00:00-04:00,6.39066838805921,6.486734284954323,6.23970775526183,6.482159614562988,2584200,0.0,0.0
2010-05-11 00:00:00-04:00,6.40896845126361,6.569078033994154,6.372371950281503,6.4318413734436035,2130200,0.0,0.0
2010-05-12 00:00:00-04:00,6.463863644375132,6.523333071600434,6.418117796889597,6.500460147857666,1194100,0.0,0.0
2010-05-13 00:00:00-04:00,6.50046104532958,6.532482881231639,6.413544446624794,6.427268028259277,1151700,0.0,0.0
2010-05-14 00:00:00-04:00,6.376945032293768,6.418116197518096,6.239708396565507,6.285453796386719,1883600,0.0,0.0
2010-05-17 00:00:00-04:00,6.3266254565860995,6.408967793476959,6.207686622469227,6.3540730476379395,1417400,0.0,0.0
2010-05-18 00:00:00-04:00,6.395243759508336,6.427266021677894,6.248857771069184,6.2625813484191895,1784900,0.0,0.0
2010-05-19 00:00:00-04:00,6.2305597028800825,6.386095038231535,6.139068457457071,6.340349197387695,2564600,0.0,0.0
2010-05-20 00:00:00-04:00,6.2488557371521685,6.271728649467131,5.914912700653076,5.914912700653076,2208900,0.0,0.0
2010-05-21 00:00:00-04:00,5.8417222289794655,6.097897734942222,5.818849306880901,6.084174156188965,2057100,0.0,0.0
2010-05-24 00:00:00-04:00,6.0795994845163115,6.225985487923601,6.052151890745093,6.084174156188965,2221800,0.0,0.0
2010-05-25 00:00:00-04:00,5.933213481109021,6.111621313695481,5.869169386485981,6.084174156188965,2393600,0.0,0.0
2010-05-26 00:00:00-04:00,6.125345497067406,6.203113172581134,6.0430031497552905,6.093323230743408,2915700,0.0,0.0
2010-05-27 00:00:00-04:00,6.225986194016588,6.52333334249085,6.120771351201293,6.51418399810791,3097400,0.0,0.0
2010-05-28 00:00:00-04:00,6.518757453161069,6.518757453161069,6.299178464145843,6.340349197387695,2509300,0.0,0.0
2010-06-01 00:00:00-04:00,6.3174782293558955,6.386096570824635,6.125346349725695,6.134495258331299,1605500,0.0,0.0
2010-06-02 00:00:00-04:00,6.256375956798135,6.349062919616699,6.108076816288433,6.349062919616699,1275300,0.173,0.0
2010-06-03 00:00:00-04:00,6.316625246477402,6.441752588351761,6.316625246477402,6.4093122482299805,1429100,0.0,0.0
2010-06-04 00:00:00-04:00,6.279552221471508,6.316627032656338,6.0524688924727705,6.0710062980651855,1687400,0.0,0.0
2010-06-07 00:00:00-04:00,6.103444256319751,6.108078716393946,5.894898414611816,5.894898414611816,1516800,0.0,0.0
2010-06-08 00:00:00-04:00,5.922705412536571,5.969049138120419,5.746599874071078,5.959780216217041,1861800,0.0,0.0
2010-06-09 00:00:00-04:00,6.015390543169158,6.094174586878026,5.927338022417921,5.982950210571289,2481800,0.0,0.0
2010-06-10 00:00:00-04:00,6.075636724707687,6.094174119336633,5.8763598429381165,5.931972026824951,2930800,0.0,0.0
2010-06-11 00:00:00-04:00,5.880995730252859,6.135885318929448,5.880995730252859,6.131250858306885,2206800,0.0,0.0
2010-06-14 00:00:00-04:00,6.159056938684916,6.251743937671058,6.126616599531385,6.145153999328613,1177400,0.0,0.0
2010-06-15 00:00:00-04:00,6.219303267031908,6.321259181465703,6.149788131989039,6.311990261077881,1772700,0.0,0.0
2010-06-16 00:00:00-04:00,6.247109321894974,6.311990440555233,6.140519386202901,6.177594184875488,1614500,0.0,0.0
2010-06-17 00:00:00-04:00,6.196129010938451,6.2285693358127725,6.117344985986859,6.135882377624512,886700,0.0,0.0
2010-06-18 00:00:00-04:00,6.154422080608918,6.168325461033402,6.117347283409851,6.140519142150879,1432800,0.0,0.0
2010-06-21 00:00:00-04:00,6.228572356418029,6.251744217694078,6.0524672714396415,6.080273151397705,1084800,0.0,0.0
2010-06-22 00:00:00-04:00,6.075638364191463,6.140519483883825,5.996854305267334,5.996854305267334,1398700,0.0,0.0
2010-06-23 00:00:00-04:00,5.973683599072109,6.043198745481359,5.908802471648025,5.959780216217041,1372900,0.0,0.0
2010-06-24 00:00:00-04:00,5.941240600860294,5.941240600860294,5.8068443770987015,5.876359939575195,1750500,0.0,0.0
2010-06-25 00:00:00-04:00,5.87636145986358,5.950511058782185,5.825383279132185,5.945876598358154,1729200,0.0,0.0
2010-06-28 00:00:00-04:00,5.931972026824951,5.982949751562963,5.908800173047182,5.931972026824951,1547800,0.0,0.0
2010-06-29 00:00:00-04:00,5.830019249884648,5.8809970018559,5.681720013628945,5.718794822692871,1627200,0.0,0.0
2010-06-30 00:00:00-04:00,5.700255941205733,5.788308479426206,5.612202961018789,5.621471881866455,1948500,0.0,0.0
2010-07-01 00:00:00-04:00,5.644643538968786,5.644643538968786,5.459269106382032,5.607568740844727,1876000,0.0,0.0
2010-07-02 00:00:00-04:00,5.630739233685884,5.681717404211198,5.542686713090206,5.579761505126953,985100,0.0,0.0
2010-07-06 00:00:00-04:00,5.649275023755055,5.709521654179737,5.528782204871949,5.589028835296631,1312300,0.0,0.0
2010-07-07 00:00:00-04:00,5.612203904815299,5.853190583783362,5.612203904815299,5.843921661376953,1415000,0.0,0.0
2010-07-08 00:00:00-04:00,5.876360176789826,5.945875300106122,5.788307215825052,5.862456798553467,1138500,0.0,0.0
2010-07-09 00:00:00-04:00,5.83465017429774,5.9597774685393885,5.83465017429774,5.955143451690674,1053400,0.0,0.0
2010-07-12 00:00:00-04:00,5.908802066636331,5.969048728979191,5.825383543089835,5.857824325561523,838300,0.0,0.0
2010-07-13 00:00:00-04:00,5.945876329189206,6.0107574462890625,5.899532610979815,6.0107574462890625,1678400,0.0,0.0
2010-07-14 00:00:00-04:00,5.9922199330962345,6.052466588832649,5.964413614307719,6.0153913497924805,1812600,0.0,0.0
2010-07-15 00:00:00-04:00,6.02465786473727,6.029292323012818,5.848552427962844,5.992217540740967,1301800,0.0,0.0
2010-07-16 00:00:00-04:00,5.959778873490314,5.9875851909692175,5.797576754423715,5.83001708984375,2085100,0.0,0.0
2010-07-19 00:00:00-04:00,5.834651593743069,5.8763608492926895,5.741964604725259,5.853188991546631,1244800,0.0,0.0
2010-07-20 00:00:00-04:00,5.769769076786241,5.964411927354421,5.7326942901986175,5.955143451690674,2221400,0.0,0.0
2010-07-21 00:00:00-04:00,5.9783159565375605,6.033928588568681,5.857823099047197,5.871726036071777,1982500,0.0,0.0
2010-07-22 00:00:00-04:00,5.862458303536808,5.941242365902426,5.792943162374905,5.834652423858643,2797100,0.0,0.0
2010-07-23 00:00:00-04:00,5.797576798135945,5.871726389350193,5.7605020025288205,5.853188991546631,1749200,0.0,0.0
2010-07-26 00:00:00-04:00,5.839284738955613,5.931971707104714,5.760500705537296,5.922702789306641,2752500,0.0,0.0
2010-07-27 00:00:00-04:00,5.945875418469043,5.982950210571289,5.880994311306922,5.982950210571289,2093100,0.0,0.0
2010-07-28 00:00:00-04:00,6.006122561901454,6.006122561901454,5.848554461477278,5.88099479675293,2133400,0.0,0.0
2010-07-29 00:00:00-04:00,5.918069969907538,5.969047702213411,5.746598491676187,5.783673286437988,3483700,0.0,0.0
2010-07-30 00:00:00-04:00,5.7095229924527615,5.830016281544925,5.70488897515411,5.797575950622559,1475000,0.0,0.0
2010-08-02 00:00:00-04:00,5.899531910120938,5.899531910120938,5.811479386343396,5.871726036071777,1713400,0.0,0.0
2010-08-03 00:00:00-04:00,5.857821853471755,5.8624558701836635,5.760500431060791,5.760500431060791,1787200,0.0,0.0
2010-08-04 00:00:00-04:00,5.80221059406141,5.876360176789826,5.779038738967187,5.862456798553467,1514200,0.0,0.0
2010-08-05 00:00:00-04:00,5.839285889490555,6.006122465031332,5.830016969866195,5.987585067749023,1973800,0.0,0.0
2010-08-06 00:00:00-04:00,5.908802276440456,6.024661144605955,5.899533354843292,6.020026683807373,2001200,0.0,0.0
2010-08-09 00:00:00-04:00,6.05246639251709,6.084906728412766,5.992219738734813,6.05246639251709,926900,0.0,0.0
2010-08-10 00:00:00-04:00,5.992220919925418,6.006123860626061,5.927339793378226,5.964414596557617,1289000,0.0,0.0
2010-08-11 00:00:00-04:00,5.908800888061523,5.913435347771156,5.792942047119141,5.792942047119141,1765200,0.0,0.0
2010-08-12 00:00:00-04:00,5.663182644678392,5.816116343519605,5.663182644678392,5.765138149261475,1075200,0.0,0.0
2010-08-13 00:00:00-04:00,5.732695351961945,5.811479398543965,5.732695351961945,5.76977014541626,1036400,0.0,0.0
2010-08-16 00:00:00-04:00,5.718792414908176,5.797576461490197,5.709523495561397,5.76977014541626,697400,0.0,0.0
2010-08-17 00:00:00-04:00,5.839287080978383,5.839287080978383,5.755868555203505,5.7744059562683105,1213800,0.0,0.0
2010-08-18 00:00:00-04:00,5.774405761933965,5.867092764138666,5.72806203984837,5.834652423858643,954700,0.0,0.0
2010-08-19 00:00:00-04:00,5.783673082470028,5.816113858217355,5.76513568574287,5.76977014541626,1186800,0.0,0.0
2010-08-20 00:00:00-04:00,5.737329935172816,5.820748443224413,5.723426997819687,5.7883076667785645,836000,0.0,0.0
2010-08-23 00:00:00-04:00,5.8068443315822655,5.862456515947735,5.746597688028086,5.751232147216797,940700,0.0,0.0
2010-08-24 00:00:00-04:00,5.6724487144442115,5.746598301514112,5.640008380592731,5.667814254760742,1384600,0.0,0.0
2010-08-25 00:00:00-04:00,5.6214733384084195,5.737332227224834,5.6122044151591455,5.718794822692871,1099700,0.0,0.0
2010-08-26 00:00:00-04:00,5.751234094445677,5.825383698704901,5.737331154138698,5.7744059562683105,1452500,0.0,0.0
2010-08-27 00:00:00-04:00,5.843920359314211,5.913435935974121,5.765136304279515,5.913435935974121,1074200,0.0,0.0
2010-08-30 00:00:00-04:00,5.922705733965239,5.931974656371647,5.843921661376953,5.843921661376953,1656500,0.0,0.0
2010-08-31 00:00:00-04:00,5.811478427527719,5.950509100734534,5.7929410338978995,5.922702789306641,1938800,0.0,0.0
2010-09-01 00:00:00-04:00,6.069749355316162,6.093239186870844,5.919415150216233,6.069749355316162,1379300,0.173,0.0
2010-09-02 00:00:00-04:00,6.074448262861886,6.097937649678474,6.036864706317746,6.0885419845581055,1108800,0.0,0.0
2010-09-03 00:00:00-04:00,6.135521411895752,6.154313189425531,6.097937408804876,6.135521411895752,969500,0.0,0.0
2010-09-07 00:00:00-04:00,6.112033052455802,6.177804065661113,5.99458430255326,5.999282360076904,1165700,0.0,0.0
2010-09-08 00:00:00-04:00,6.008674304003793,6.093237494906716,5.999278642809661,6.074445724487305,792500,0.0,0.0
2010-09-09 00:00:00-04:00,6.102635282207277,6.173104781854406,6.079145448991568,6.121427059173584,793900,0.0,0.0
2010-09-10 00:00:00-04:00,6.116731317706474,6.15901249276088,6.0838453619555715,6.130825042724609,511700,0.0,0.0
2010-09-13 00:00:00-04:00,6.177802848302545,6.271762188134688,6.126125569819936,6.2576680183410645,1107400,0.0,0.0
2010-09-14 00:00:00-04:00,6.234177391307581,6.304646434132601,6.201291449695489,6.271760940551758,1238400,0.0,0.0
2010-09-15 00:00:00-04:00,6.248272330739439,6.365721057076529,6.224782495865754,6.309345722198486,1479500,0.0,0.0
2010-09-16 00:00:00-04:00,6.309345079741059,6.370418464981228,6.290553303361875,6.3375325202941895,710700,0.0,0.0
2010-09-17 00:00:00-04:00,6.365721471204556,6.393908916461671,6.314043741514238,6.318741798400879,1213600,0.0,0.0
2010-09-20 00:00:00-04:00,6.323440294227675,6.346930132260055,6.2858567325884245,6.32813835144043,2080000,0.0,0.0
2010-09-21 00:00:00-04:00,6.3187428591774895,6.3657225398680115,6.290555409188328,6.299951076507568,1688700,0.0,0.0
2010-09-22 00:00:00-04:00,6.2999493892616,6.342231000952964,6.276459555207362,6.304647445678711,2269300,0.0,0.0
2010-09-23 00:00:00-04:00,6.2482722508457575,6.346929197628686,6.2482722508457575,6.276459693908691,1344000,0.0,0.0
2010-09-24 00:00:00-04:00,6.361023437638887,6.4033050537109375,6.3093461557904735,6.4033050537109375,1520700,0.0,0.0
2010-09-27 00:00:00-04:00,6.370418756837,6.464377643037571,6.3563245878834325,6.417397975921631,971400,0.0,0.0
2010-09-28 00:00:00-04:00,6.454981226269789,6.516054611430461,6.398605897205619,6.473773002624512,1644400,0.0,0.0
2010-09-29 00:00:00-04:00,6.459678418619358,6.5442416249240045,6.44558470024566,6.50665807723999,870000,0.0,0.0
2010-09-30 00:00:00-04:00,6.5442416249240045,6.605315001918335,6.459678418619358,6.50665807723999,4091300,0.0,0.0
2010-10-01 00:00:00-04:00,6.530147893549149,6.563033835986903,6.384511748579308,6.42209529876709,1949900,0.0,0.0
2010-10-04 00:00:00-04:00,6.417397554534108,6.5395443225899434,6.361022226515556,6.450283050537109,3415900,0.0,0.0
2010-10-05 00:00:00-04:00,6.5066577048758925,6.534845140010174,6.337531301945393,6.436188220977783,2301800,0.0,0.0
2010-10-06 00:00:00-04:00,6.445585371186449,6.501960698580752,6.422095539431004,6.4690752029418945,1101400,0.0,0.0
2010-10-07 00:00:00-04:00,6.478471533203332,6.497263310934363,6.365720866817151,6.3892107009887695,1227100,0.0,0.0
2010-10-08 00:00:00-04:00,6.403304459093043,6.412700123996914,6.323439291269174,6.379814624786377,1274400,0.0,0.0
2010-10-11 00:00:00-04:00,6.393906116485596,6.50665719223296,6.370416738401431,6.393906116485596,991300,0.0,0.0
2010-10-12 00:00:00-04:00,6.3892114459541345,6.445586785720442,6.328138049199458,6.42679500579834,1581700,0.0,0.0
2010-10-13 00:00:00-04:00,6.469077306869579,6.5630362164181895,6.426795685564849,6.516056537628174,1799000,0.0,0.0
2010-10-14 00:00:00-04:00,6.5207517956136885,6.586523228076328,6.464376474087667,6.50665807723999,1564800,0.0,0.0
2010-10-15 00:00:00-04:00,6.5536397365180665,6.572431517381396,6.4784726130647465,6.539546012878418,1188300,0.0,0.0
2010-10-18 00:00:00-04:00,6.548939529228628,6.6616906254229775,6.539543865897327,6.628804683685303,1574000,0.0,0.0
2010-10-19 00:00:00-04:00,6.558337688446045,6.624109144427422,6.539545907884421,6.558337688446045,1330600,0.0,0.0
2010-10-20 00:00:00-04:00,6.5959201715356475,6.610013892645548,6.492565171323309,6.534846782684326,1583600,0.0,0.0
2010-10-21 00:00:00-04:00,6.548941679294385,6.614713136331739,6.50666050837544,6.539546012878418,1127000,0.0,0.0
2010-10-22 00:00:00-04:00,6.567731857299805,6.610013465931301,6.539544416899665,6.567731857299805,990800,0.0,0.0
2010-10-25 00:00:00-04:00,6.619410005406358,6.64289983927707,6.530148726303921,6.534846782684326,1290200,0.0,0.0
2010-10-26 00:00:00-04:00,6.501960017499328,6.600616942112846,6.4878662991348905,6.548939228057861,1181900,0.0,0.0
2010-10-27 00:00:00-04:00,6.501962813203737,6.553640101447618,6.487869088779301,6.516056537628174,992100,0.0,0.0
2010-10-28 00:00:00-04:00,6.29994998805901,6.506660009746086,6.07914624381234,6.107334136962891,4673600,0.0,0.0
2010-10-29 00:00:00-04:00,6.107333155940275,6.2153857582595835,6.074447659239841,6.201292037963867,2417500,0.0,0.0
2010-11-01 00:00:00-04:00,6.210688767342229,6.252970380462221,6.027468593166043,6.0885419845581055,2025000,0.0,0.0
2010-11-02 00:00:00-04:00,6.140219040816452,6.140219040816452,6.046260152852915,6.08384370803833,1615100,0.0,0.0
2010-11-03 00:00:00-04:00,6.083841891985359,6.116727828979492,6.02746657603551,6.116727828979492,2268400,0.0,0.0
2010-11-04 00:00:00-04:00,6.16370964050293,6.182501420430049,6.097938186742326,6.16370964050293,2609300,0.0,0.0
2010-11-05 00:00:00-04:00,6.15901249276088,6.1872003908285915,6.097939086973707,6.130825042724609,1587400,0.0,0.0
2010-11-08 00:00:00-05:00,6.102636327046342,6.144917944467441,6.041562929441576,6.060354709625244,1557400,0.0,0.0
2010-11-09 00:00:00-05:00,6.074448560584821,6.102636005358791,5.989885330200195,5.989885330200195,2248800,0.0,0.0
2010-11-10 00:00:00-05:00,5.989885645944333,6.060354709625244,5.91471852520966,6.060354709625244,1984700,0.0,0.0
2010-11-11 00:00:00-05:00,6.018072759716058,6.0744480929554125,6.008676646827172,6.032166481018066,1253300,0.0,0.0
2010-11-12 00:00:00-05:00,5.999282286015211,6.0227716772806,5.966396331787109,5.966396331787109,1326400,0.0,0.0
2010-11-15 00:00:00-05:00,5.985186781002267,6.018072727908233,5.928811448060878,5.947603225708008,1452300,0.0,0.0
2010-11-16 00:00:00-05:00,5.924114246259121,5.924114246259121,5.834853401566239,5.881833076477051,1801800,0.0,0.0
2010-11-17 00:00:00-05:00,5.895925677158338,5.9476029512958135,5.844247954989563,5.910019397735596,1366800,0.0,0.0
2010-11-18 00:00:00-05:00,5.95699830767742,6.02276929404492,5.9382065332822425,6.008675575256348,987500,0.0,0.0
2010-11-19 00:00:00-05:00,5.975792520490111,6.0368659242032034,5.947604623379674,5.999282360076904,1172900,0.0,0.0
2010-11-22 00:00:00-05:00,5.966393654111557,6.0368631403757735,5.94760188071401,6.022768974304199,1579800,0.0,0.0
2010-11-23 00:00:00-05:00,5.994581749844413,6.027467242443242,5.891226768493652,5.891226768493652,1311800,0.0,0.0
2010-11-24 00:00:00-05:00,5.914716920569274,6.013373851776123,5.891227089704546,6.013373851776123,727300,0.0,0.0
2010-11-26 00:00:00-05:00,5.952300491607984,5.9804879303194705,5.910018885509494,5.91941499710083,295800,0.0,0.0
2010-11-29 00:00:00-05:00,5.900623496991225,5.971092545085926,5.863039496905264,5.956998825073242,771800,0.0,0.0
2010-11-30 00:00:00-05:00,5.9194157832529735,5.985186781002267,5.905321613994136,5.947603225708008,1108700,0.0,0.0
2010-12-01 00:00:00-05:00,5.999280308683389,6.083843075036462,5.980488085014626,6.069749355316162,1088000,0.0,0.0
2010-12-02 00:00:00-05:00,6.13307947105961,6.1854580914164865,6.061653584269151,6.171173095703125,1297400,0.173,0.0
2010-12-03 00:00:00-05:00,6.152127542143512,6.18545935699852,6.066416642102728,6.123557090759277,1394900,0.0,0.0
2010-12-06 00:00:00-05:00,6.099748315302076,6.142603307024866,6.0759396838259425,6.1283183097839355,725800,0.0,0.0
2010-12-07 00:00:00-05:00,6.166412450998429,6.218791535421581,6.094987004745656,6.109272003173828,586400,0.0,0.0
2010-12-08 00:00:00-05:00,6.118794122005388,6.1854577342260155,6.094985494450108,6.16641092300415,670900,0.0,0.0
2010-12-09 00:00:00-05:00,6.190219550559432,6.190219550559432,6.118794122005388,6.16641092300415,842900,0.0,0.0
2010-12-10 00:00:00-05:00,6.166412361659447,6.309263706207275,6.166412361659447,6.309263706207275,913200,0.0,0.0
2010-12-13 00:00:00-05:00,6.314025370313332,6.3711658159224065,6.2949785551103075,6.333072185516357,757700,0.0,0.0
2010-12-14 00:00:00-05:00,6.3521195011303435,6.394974952241214,6.3425958657226245,6.385451316833496,1051800,0.0,0.0
2010-12-15 00:00:00-05:00,6.390213367516818,6.494971090261407,6.371166550118888,6.394975185394287,1423700,0.0,0.0
2010-12-16 00:00:00-05:00,6.394974321714235,6.447352948956504,6.366403872419978,6.40925931930542,719300,0.0,0.0
2010-12-17 00:00:00-05:00,6.418781308360838,6.433066757412584,6.352117695899897,6.3997344970703125,1786000,0.0,0.0
2010-12-20 00:00:00-05:00,6.394975552260773,6.442592371431303,6.371166915619521,6.380690097808838,938300,0.0,0.0
2010-12-21 00:00:00-05:00,6.394974788159168,6.490208869233186,6.375927971944364,6.480685234069824,887400,0.0,0.0
2010-12-22 00:00:00-05:00,6.499732570595987,6.585443477479823,6.480685752856464,6.533064842224121,1016600,0.0,0.0
2010-12-23 00:00:00-05:00,6.547348172784348,6.552109989533214,6.485445917384602,6.5235395431518555,694600,0.0,0.0
2010-12-27 00:00:00-05:00,6.494971206745073,6.533064842224121,6.456877571266025,6.533064842224121,681500,0.0,0.0
2010-12-28 00:00:00-05:00,6.552111202108403,6.552111202108403,6.423544850766742,6.442591667175293,684700,0.0,0.0
2010-12-29 00:00:00-05:00,6.4425922197246726,6.518779491893083,6.433069037759603,6.475924491882324,354600,0.0,0.0
2010-12-30 00:00:00-05:00,6.49497132822271,6.5425881464061355,6.452115873979252,6.528303146362305,528000,0.0,0.0
2010-12-31 00:00:00-05:00,6.518776706243267,6.580678951955585,6.47115990854194,6.490206718444824,770100,0.0,0.0
2011-01-03 00:00:00-05:00,6.533063322131132,6.628297388669984,6.523539688421322,6.590203762054443,833400,0.0,0.0
2011-01-04 00:00:00-05:00,6.590204748440088,6.623536563189646,6.490208850079494,6.571157932281494,846300,0.0,0.0
2011-01-05 00:00:00-05:00,6.533065017077055,6.628299108323549,6.528303198986738,6.5616350173950195,838000,0.0,0.0
2011-01-06 00:00:00-05:00,6.590203615300467,6.590203615300467,6.509254547017095,6.5235395431518555,504100,0.0,0.0
2011-01-07 00:00:00-05:00,6.55211062557033,6.55211062557033,6.409259288020116,6.4283061027526855,961100,0.0,0.0
2011-01-10 00:00:00-05:00,6.409260279946632,6.414022097894706,6.256885738503891,6.266408920288086,2813400,0.0,0.0
2011-01-11 00:00:00-05:00,6.280693255652947,6.328310521872859,6.261646439987364,6.309263706207275,1199500,0.0,0.0
2011-01-12 00:00:00-05:00,6.3711659706483985,6.390212786313982,6.24259962432178,6.309263706207275,1201900,0.0,0.0
2011-01-13 00:00:00-05:00,6.318787651504799,6.318787651504799,6.247361748666153,6.261646747589111,755000,0.0,0.0
2011-01-14 00:00:00-05:00,6.256884755086947,6.29973974754808,6.24259930348802,6.285454750061035,1715200,0.0,0.0
2011-01-18 00:00:00-05:00,6.290217199546955,6.323549015071166,6.2140299331419415,6.261646747589111,3770900,0.0,0.0
2011-01-19 00:00:00-05:00,6.2711696650991495,6.2711696650991495,6.194982407415119,6.19974422454834,1145100,0.0,0.0
2011-01-20 00:00:00-05:00,6.204506308609744,6.266408576199795,6.175936310713985,6.190221309661865,933000,0.0,0.0
2011-01-21 00:00:00-05:00,6.214030886955468,6.228315888071082,6.133081790446997,6.137843608856201,1785400,0.0,0.0
2011-01-24 00:00:00-05:00,6.14736572456082,6.171174358362363,6.1187957272885045,6.123557090759277,1433500,0.0,0.0
2011-01-25 00:00:00-05:00,6.104508040029835,6.171172099449877,6.080699869055019,6.118793487548828,1588000,0.0,0.0
2011-01-26 00:00:00-05:00,6.156889057300008,6.171174055234488,6.07117816146934,6.099748611450195,2087000,0.0,0.0
2011-01-27 00:00:00-05:00,6.223552840783415,6.223552840783415,6.033084683144346,6.075940132141113,3973900,0.0,0.0
2011-01-28 00:00:00-05:00,6.07117949687259,6.094988134741548,5.899758121617682,5.942613124847412,3355400,0.0,0.0
2011-01-31 00:00:00-05:00,5.952135158347372,5.9568969754609,5.814045640838188,5.823568820953369,2537200,0.0,0.0
2011-02-01 00:00:00-05:00,5.842617806716567,5.90928144945277,5.795000529808986,5.86642599105835,3278500,0.0,0.0
2011-02-02 00:00:00-05:00,5.8378520011901855,5.8902306067264805,5.785472941542192,5.8378520011901855,1173400,0.0,0.0
2011-02-03 00:00:00-05:00,5.818807966933419,5.842616600471768,5.7616675189085305,5.804522514343262,1265900,0.0,0.0
2011-02-04 00:00:00-05:00,5.8045220066111325,5.837854272293952,5.785475192268896,5.823568820953369,2235600,0.0,0.0
2011-02-07 00:00:00-05:00,5.8140472778812295,5.909281376407179,5.8140472778812295,5.904519557952881,2532300,0.0,0.0
2011-02-08 00:00:00-05:00,5.928326244746397,6.023560311925131,5.899756251648703,6.014037132263184,2161800,0.0,0.0
2011-02-09 00:00:00-05:00,5.9902307543583175,6.028324395553599,5.9616607505178685,6.018801212310791,1886100,0.0,0.0
2011-02-10 00:00:00-05:00,5.966420317751435,5.994990767097311,5.94261168564852,5.961658954620361,1130100,0.0,0.0
2011-02-11 00:00:00-05:00,5.9378489227543385,6.166410647193632,5.9378489227543385,6.104508399963379,2910300,0.0,0.0
2011-02-14 00:00:00-05:00,6.1045100159233305,6.114033650685247,6.0330845716565555,6.061654567718506,2396500,0.0,0.0
2011-02-15 00:00:00-05:00,6.047369358779988,6.0759398079574165,6.033084361247215,6.052131175994873,1252700,0.0,0.0
2011-02-16 00:00:00-05:00,6.080702671357107,6.14260448935329,6.066417217254639,6.066417217254639,1644100,0.0,0.0
2011-02-17 00:00:00-05:00,6.047369235232208,6.137841944019139,6.047369235232208,6.1283183097839355,801000,0.0,0.0
2011-02-18 00:00:00-05:00,6.137841853322809,6.137841853322809,6.042607328825517,6.114033222198486,2111900,0.0,0.0
2011-02-22 00:00:00-05:00,6.0616527234878195,6.066414539420017,5.928325056168633,5.93308687210083,1287700,0.0,0.0
2011-02-23 00:00:00-05:00,5.956895848928225,5.985465837982656,5.847376346588135,5.847376346588135,1599900,0.0,0.0
2011-02-24 00:00:00-05:00,5.852139536489147,5.8997568015729085,5.7426204625531465,5.8140459060668945,1623400,0.0,0.0
2011-02-25 00:00:00-05:00,5.856901245834667,5.961658954620361,5.814045798871797,5.961658954620361,1151700,0.0,0.0
2011-02-28 00:00:00-05:00,5.980706013407871,6.009276009807109,5.93785056469711,5.9521355628967285,1547600,0.0,0.0
2011-03-01 00:00:00-05:00,5.9568969754609,5.966420155576081,5.809283823724661,5.823568820953369,1225700,0.0,0.0
2011-03-02 00:00:00-05:00,5.787336698921541,5.801829527089377,5.613426907243998,5.666565895080566,4843100,0.175,0.0
2011-03-03 00:00:00-05:00,5.734197837318088,5.864630529475643,5.7197054695352705,5.787336826324463,4116200,0.0,0.0
2011-03-04 00:00:00-05:00,5.792168687892992,5.840477202437049,5.7631839477298685,5.830815315246582,3441500,0.0,0.0
2011-03-07 00:00:00-05:00,5.864631459709078,5.883954773385873,5.782507261406663,5.830815315246582,2153200,0.0,0.0
2011-03-08 00:00:00-05:00,5.8453067268705565,5.927430905234327,5.835644842025865,5.893614768981934,2186000,0.0,0.0
2011-03-09 00:00:00-05:00,5.874292779908173,5.941924606905321,5.850138523073183,5.898447036743164,1737500,0.0,0.0
2011-03-10 00:00:00-05:00,5.854969642988638,5.893616270807376,5.772845443697782,5.869462013244629,1956000,0.0,0.0
2011-03-11 00:00:00-05:00,5.821152475462855,5.893614768981934,5.758351606084441,5.893614768981934,2887700,0.0,0.0
2011-03-14 00:00:00-04:00,5.821152395897722,5.8646299556965165,5.782505778455243,5.854968070983887,1649900,0.0,0.0
2011-03-15 00:00:00-04:00,5.690722257994384,5.883955892209502,5.690722257994384,5.845309257507324,2128400,0.0,0.0
2011-03-16 00:00:00-04:00,5.840475413126978,5.883952970755853,5.806659739728518,5.825983047485352,2984100,0.0,0.0
2011-03-17 00:00:00-04:00,5.89361609323534,5.908108463054682,5.840477096761664,5.898447036743164,1400600,0.0,0.0
2011-03-18 00:00:00-04:00,5.927433874199989,6.164144643011599,5.898448665851671,5.951587677001953,2672500,0.0,0.0
2011-03-21 00:00:00-04:00,5.980570498075098,6.014386177062988,5.966078130038012,6.014386177062988,1183800,0.0,0.0
2011-03-22 00:00:00-04:00,6.004726559687078,6.024049876455247,5.946756609382573,5.956418037414551,1659500,0.0,0.0
2011-03-23 00:00:00-04:00,5.941925697062944,5.995064703285966,5.864632429573379,5.975741386413574,1900800,0.0,0.0
2011-03-24 00:00:00-04:00,5.990232659871173,5.995063603378997,5.864631353596655,5.898447036743164,2521400,0.0,0.0
2011-03-25 00:00:00-04:00,5.922602929357893,5.9902343143302055,5.898448665851671,5.951587677001953,1534800,0.0,0.0
2011-03-28 00:00:00-04:00,5.951587263519538,6.024050049003902,5.941925835210824,5.990233898162842,1244800,0.0,0.0
2011-03-29 00:00:00-04:00,5.995062866112183,6.028878545100074,5.956416244210573,6.014386177062988,720900,0.0,0.0
2011-03-30 00:00:00-04:00,6.038541423444079,6.038541423444079,5.999894795190369,6.033710479736328,726800,0.0,0.0
2011-03-31 00:00:00-04:00,6.014387804491683,6.1303277015686035,6.009556860270762,6.1303277015686035,1775600,0.0,0.0
2011-04-01 00:00:00-04:00,6.149650565933319,6.275252342224121,6.115834880279706,6.275252342224121,2857800,0.0,0.0
2011-04-04 00:00:00-04:00,6.270421291905922,6.304237437689608,6.251097977474169,6.280083179473877,1719900,0.0,0.0
2011-04-05 00:00:00-04:00,6.280083509835876,6.362207715666988,6.265591138425733,6.328392028808594,1415900,0.0,0.0
2011-04-06 00:00:00-04:00,6.333223116270523,6.405685901641846,6.3235616879768815,6.405685901641846,1619100,0.0,0.0
2011-04-07 00:00:00-04:00,6.37669999736676,6.415346627719563,6.323560995807699,6.352545738220215,1848000,0.0,0.0
2011-04-08 00:00:00-04:00,6.3573753953925065,6.37186776366536,6.222112216536348,6.241435527801514,971400,0.0,0.0
2011-04-11 00:00:00-04:00,6.222113273491391,6.27042132950839,6.207620902756707,6.236605644226074,539500,0.0,0.0
2011-04-12 00:00:00-04:00,6.193130128458356,6.289747193993471,6.178637752909814,6.270423412322998,933000,0.0,0.0
2011-04-13 00:00:00-04:00,6.2800827006811994,6.2800827006811994,6.183466135888467,6.217281818389893,839200,0.0,0.0
2011-04-14 00:00:00-04:00,6.20278999666292,6.226944255170382,6.164143367332648,6.1931281089782715,778000,0.0,0.0
2011-04-15 00:00:00-04:00,6.217280219043286,6.26558871936473,6.197956911055509,6.246265411376953,894200,0.0,0.0
2011-04-18 00:00:00-04:00,6.19795605845555,6.2076179414723365,6.057861979639713,6.135155200958252,1981800,0.0,0.0
2011-04-19 00:00:00-04:00,6.139989490455237,6.168974694606594,6.024049595258193,6.072357654571533,719200,0.0,0.0
2011-04-20 00:00:00-04:00,6.130326870343436,6.144819701041083,6.05303361610586,6.1254963874816895,963900,0.0,0.0
2011-04-21 00:00:00-04:00,6.135158164982862,6.226944255170382,6.077188220987453,6.1931281089782715,781600,0.0,0.0
2011-04-25 00:00:00-04:00,6.168974573389644,6.24626783533557,6.154481741246647,6.202790260314941,712200,0.0,0.0
2011-04-26 00:00:00-04:00,6.241438661225914,6.3042395695420135,6.241438661225914,6.270423412322998,852300,0.0,0.0
2011-04-27 00:00:00-04:00,6.294573823741485,6.347713269382644,6.2655890903954266,6.313897132873535,1271700,0.0,0.0
2011-04-28 00:00:00-04:00,6.280083147318525,6.289745034837009,6.1013423745639574,6.197958946228027,2136400,0.0,0.0
2011-04-29 00:00:00-04:00,6.188297861322737,6.193128344644713,6.120666027069092,6.120666027069092,877000,0.0,0.0
2011-05-02 00:00:00-04:00,6.139986142466646,6.164140389304674,6.062692921148107,6.135155200958252,1744700,0.0,0.0
2011-05-03 00:00:00-04:00,6.111003906475401,6.197959052820596,6.091680591810264,6.1931281089782715,996300,0.0,0.0
2011-05-04 00:00:00-04:00,6.188296859979421,6.202789229008664,6.086849355366509,6.101341724395752,3154200,0.0,0.0
2011-05-05 00:00:00-04:00,6.086850244105151,6.115834986395689,5.956417521685217,5.999895095825195,983300,0.0,0.0
2011-05-06 00:00:00-04:00,6.033710479736328,6.062695681278686,5.975740537355763,6.033710479736328,794400,0.0,0.0
2011-05-09 00:00:00-04:00,6.028878688812256,6.062694829310305,5.966078272253202,6.028878688812256,589200,0.0,0.0
2011-05-10 00:00:00-04:00,6.028879536028577,6.0723571079900385,6.00472573889812,6.033710479736328,799600,0.0,0.0
2011-05-11 00:00:00-04:00,6.028880827279149,6.08202029803739,5.975741817225154,6.019219398498535,1264000,0.0,0.0
2011-05-12 00:00:00-04:00,6.009554956988003,6.067525347870892,5.946754544822303,6.048202037811279,696000,0.0,0.0
2011-05-13 00:00:00-04:00,6.062694952004613,6.072356377553806,5.970908875414774,6.024048328399658,847000,0.0,0.0
2011-05-16 00:00:00-04:00,5.980571011488095,6.159311768303387,5.966078642206886,6.096510887145996,1326600,0.0,0.0
2011-05-17 00:00:00-04:00,6.082018185081613,6.139988119738685,6.04820250504101,6.1110029220581055,1425200,0.0,0.0
2011-05-18 00:00:00-04:00,6.101342010938418,6.284913716511788,6.072356810814569,6.2559285163879395,2687800,0.0,0.0
2011-05-19 00:00:00-04:00,6.289744731041781,6.309068044441277,6.2269438473173855,6.23177433013916,1052100,0.0,0.0
2011-05-20 00:00:00-04:00,6.207620692019346,6.255928746396375,6.18346643447876,6.18346643447876,545300,0.0,0.0
2011-05-23 00:00:00-04:00,6.130324259449859,6.188294636142702,6.082016226477742,6.135155200958252,625900,0.0,0.0
2011-05-24 00:00:00-04:00,6.164141626682249,6.164141626682249,6.038539886474609,6.038539886474609,847300,0.0,0.0
2011-05-25 00:00:00-04:00,6.028877420848637,6.053031670208933,5.999892690179474,6.043370246887207,553000,0.0,0.0
2011-05-26 00:00:00-04:00,6.014387165609473,6.048203310859582,5.970909593648011,6.033710479736328,444000,0.0,0.0
2011-05-27 00:00:00-04:00,6.043371373841232,6.057863741878318,5.999893809025902,6.014386177062988,1521100,0.0,0.0
2011-05-31 00:00:00-04:00,6.0530349509488,6.082020158031909,5.980572624297383,6.004726886749268,2195100,0.0,0.0
2011-06-01 00:00:00-04:00,6.0022759073272525,6.021875156904757,5.894479801009491,5.899379730224609,2630200,0.175,0.0
2011-06-02 00:00:00-04:00,5.88957901182782,5.918977645927447,5.879779155606035,5.909178256988525,1172100,0.0,0.0
2011-06-03 00:00:00-04:00,5.850382085768668,5.909180308951332,5.845482623239302,5.874881267547607,2840600,0.0,0.0
2011-06-06 00:00:00-04:00,5.860181710428147,5.884680891224786,5.840582459247438,5.850381851196289,1686300,0.0,0.0
2011-06-07 00:00:00-04:00,5.865079596286091,5.904278084988322,5.8454803519349765,5.884678840637207,900200,0.0,0.0
2011-06-08 00:00:00-04:00,5.865081211512659,5.9042797110100445,5.84058203250605,5.855281352996826,1871600,0.0,0.0
2011-06-09 00:00:00-04:00,5.860181043713329,5.8748803636057625,5.801383296860641,5.830781936645508,1063700,0.0,0.0
2011-06-10 00:00:00-04:00,5.825882474869999,5.850381185596404,5.781784047909745,5.830781936645508,2005300,0.0,0.0
2011-06-13 00:00:00-04:00,5.845481961763967,5.889580390519268,5.806283462266581,5.855281352996826,979700,0.0,0.0
2011-06-14 00:00:00-04:00,5.904279470368373,5.9581772881598125,5.869980434243862,5.928778648376465,1057900,0.0,0.0
2011-06-15 00:00:00-04:00,5.909179250811345,5.977776386769247,5.884680073419405,5.914078712463379,2552600,0.0,0.0
2011-06-16 00:00:00-04:00,5.904277931911454,5.933676564034504,5.840580272601072,5.869978904724121,1126600,0.0,0.0
2011-06-17 00:00:00-04:00,5.894480438026285,5.9042802975155935,5.8160834312438965,5.8160834312438965,2169100,0.0,0.0
2011-06-20 00:00:00-04:00,5.816083674193368,5.855282179221962,5.786685029063442,5.791584491729736,2758900,0.0,0.0
2011-06-21 00:00:00-04:00,5.816082764742715,5.874880513091506,5.791583586109978,5.845481872558594,1392200,0.0,0.0
2011-06-22 00:00:00-04:00,5.835681676145445,5.855280924459705,5.811182498931885,5.811182498931885,1202100,0.0,0.0
2011-06-23 00:00:00-04:00,5.776884078792964,5.796483327607954,5.69358715450852,5.727885723114014,1190900,0.0,0.0
2011-06-24 00:00:00-04:00,5.742585660119863,5.786684087925688,5.6690881246825,5.693587303161621,1067100,0.0,0.0
2011-06-27 00:00:00-04:00,5.6837871008639,5.732784983545462,5.6837871008639,5.708285808563232,1179200,0.0,0.0
2011-06-28 00:00:00-04:00,5.718086531296219,5.7327858515981545,5.6690881739124785,5.698487281799316,707800,0.0,0.0
2011-06-29 00:00:00-04:00,5.732785364936383,5.77198386060259,5.698486798049184,5.7474846839904785,1696100,0.0,0.0
2011-06-30 00:00:00-04:00,5.767084976642435,5.825882726029955,5.732785939037484,5.757285118103027,1331600,0.0,0.0
2011-07-01 00:00:00-04:00,5.781784937527272,5.884681127172393,5.767085615373119,5.874881267547607,1220200,0.0,0.0
2011-07-05 00:00:00-04:00,5.879779043973729,5.909178144798054,5.771982963995011,5.801382064819336,897500,0.0,0.0
2011-07-06 00:00:00-04:00,5.791582079507275,5.923877329339438,5.78668261888163,5.884678840637207,1081500,0.0,0.0
2011-07-07 00:00:00-04:00,5.923877292087389,5.9777750968933105,5.899378119981845,5.9777750968933105,1013400,0.0,0.0
2011-07-08 00:00:00-04:00,5.918977453778771,5.95327601487585,5.909178065157969,5.938576698303223,780300,0.0,0.0
2011-07-11 00:00:00-04:00,5.879778992626477,5.918977481861359,5.786682697514346,5.796482086181641,1211200,0.0,0.0
2011-07-12 00:00:00-04:00,5.776883602142334,5.879779766751807,5.767084212184862,5.776883602142334,1459900,0.0,0.0
2011-07-13 00:00:00-04:00,5.806283045493495,5.874880181048552,5.7425853715617,5.7621846199035645,1196200,0.0,0.0
2011-07-14 00:00:00-04:00,5.786683946387431,5.786683946387431,5.673987915053125,5.678887844085693,773100,0.0,0.0
2011-07-15 00:00:00-04:00,5.6935875926082335,5.703387451411266,5.629889912237486,5.673988342285156,772800,0.0,0.0
2011-07-18 00:00:00-04:00,5.6347895293939,5.664188636890893,5.414297858656818,5.44369649887085,1834600,0.0,0.0
2011-07-19 00:00:00-04:00,5.4583951463112275,5.541692054993246,5.433895973060717,5.473094463348389,1846600,0.0,0.0
2011-07-20 00:00:00-04:00,5.4828956255119135,5.512294736377118,5.4485970522383536,5.458396911621094,819900,0.0,0.0
2011-07-21 00:00:00-04:00,5.44859518930775,5.5073929236515955,5.399597310995973,5.463294506072998,1970100,0.0,0.0
2011-07-22 00:00:00-04:00,5.443696716997967,5.492695075695316,5.223205037425856,5.267303466796875,2766800,0.0,0.0
2011-07-25 00:00:00-04:00,5.233005321215922,5.296703005784181,5.18400695853787,5.262403964996338,3118900,0.0,0.0
2011-07-26 00:00:00-04:00,5.272204242834602,5.3261020722312455,5.242805129438124,5.306502819061279,3399500,0.0,0.0
2011-07-27 00:00:00-04:00,5.277103621830365,5.291802943351944,5.198706150054932,5.198706150054932,2799200,0.0,0.0
2011-07-28 00:00:00-04:00,5.228105391491512,5.296703005784181,5.218305532042695,5.262403964996338,3156400,0.0,0.0
2011-07-29 00:00:00-04:00,5.2085061704145845,5.252604603626779,5.081110800531142,5.1154093742370605,2771900,0.0,0.0
2011-08-01 00:00:00-04:00,5.164408240238814,5.188907424107809,5.0272134647687325,5.066411972045898,2510000,0.0,0.0
2011-08-02 00:00:00-04:00,5.046811248527511,5.056610638851205,4.939015151269301,4.96351432800293,2422900,0.0,0.0
2011-08-03 00:00:00-04:00,4.958614163378309,4.98801326751709,4.885117103955717,4.98801326751709,2993700,0.0,0.0
2011-08-04 00:00:00-04:00,4.948814763854741,4.9782134006531935,4.792020320892334,4.792020320892334,3637500,0.0,0.0
2011-08-05 00:00:00-04:00,4.8508185038921505,4.875317681645737,4.713623762668195,4.787121295928955,3992700,0.0,0.0
2011-08-08 00:00:00-04:00,4.674424541165462,4.747921595759493,4.566628456115723,4.566628456115723,6684300,0.0,0.0
2011-08-09 00:00:00-04:00,4.635225441318125,4.894915529717014,4.566627856693801,4.890015602111816,7652500,0.0,0.0
2011-08-10 00:00:00-04:00,4.8067195547202,4.8067195547202,4.581328006916425,4.591127395629883,4505800,0.0,0.0
2011-08-11 00:00:00-04:00,4.591126844019081,4.919414503927033,4.556828286718572,4.870416164398193,2849400,0.0,0.0
2011-08-12 00:00:00-04:00,4.929216847739763,4.939016240224028,4.708724675805896,4.777322292327881,2245100,0.0,0.0
2011-08-15 00:00:00-04:00,4.816520606539734,5.007613658905029,4.806721214442623,5.007613658905029,1749000,0.0,0.0
2011-08-16 00:00:00-04:00,4.948815602433435,4.992913565103531,4.792021132902145,4.826320171356201,2122300,0.0,0.0
2011-08-17 00:00:00-04:00,4.850817730770224,4.914515395864254,4.792019993902552,4.855717658996582,1686800,0.0,0.0
2011-08-18 00:00:00-04:00,4.7234244511754575,4.762622955560064,4.596029078283969,4.625427722930908,2623900,0.0,0.0
2011-08-19 00:00:00-04:00,4.537230630629534,4.6597260549945885,4.53233070150702,4.551929950714111,1444200,0.0,0.0
2011-08-22 00:00:00-04:00,4.669523468865405,4.703822490917718,4.498030227734895,4.5029296875,1489500,0.0,0.0
2011-08-23 00:00:00-04:00,4.527429733502419,4.591127395629883,4.468631999373111,4.591127395629883,1802900,0.0,0.0
2011-08-24 00:00:00-04:00,4.576429403006158,4.664626263359344,4.532330972829566,4.630327224731445,1374500,0.0,0.0
2011-08-25 00:00:00-04:00,4.659725269585104,4.684224443785304,4.429433779755835,4.473532199859619,2049600,0.0,0.0
2011-08-26 00:00:00-04:00,4.463732348515505,4.605826998304302,4.40493461073561,4.571528434753418,1330500,0.0,0.0
2011-08-29 00:00:00-04:00,4.630326962901323,4.890017132577405,4.625427033762557,4.850818634033203,2567400,0.0,0.0
2011-08-30 00:00:00-04:00,4.845918934721263,4.919415999069454,4.76752147419147,4.875317573547363,2306100,0.0,0.0
2011-08-31 00:00:00-04:00,4.904715188981499,4.9880120858108485,4.845917461916571,4.870416164398193,1612900,0.0,0.0
2011-09-01 00:00:00-04:00,4.713307882485899,4.87291228559816,4.708320140838623,4.708320140838623,2213800,0.175,0.0
2011-09-02 00:00:00-04:00,4.613555933722523,4.708320657126001,4.6035804493341175,4.60856819152832,1771300,0.0,0.0
2011-09-06 00:00:00-04:00,4.4888647216616775,4.558691677457459,4.483876980035431,4.523777961730957,1942900,0.0,0.0
2011-09-07 00:00:00-04:00,4.608567805472405,4.778147220611572,4.583629572247721,4.778147220611572,1716400,0.0,0.0
2011-09-08 00:00:00-04:00,4.708320268738272,4.818048209672939,4.683382511138916,4.683382511138916,1631600,0.0,0.0
2011-09-09 00:00:00-04:00,4.643480445755002,4.69335642498442,4.563678022805107,4.61355447769165,2271100,0.0,0.0
2011-09-12 00:00:00-04:00,4.543728156438583,4.68338205892812,4.538740890794606,4.678394317626953,1399300,0.0,0.0
2011-09-13 00:00:00-04:00,4.703333932958988,4.783135914639582,4.658445199349321,4.688370704650879,1993300,0.0,0.0
2011-09-14 00:00:00-04:00,4.733258495938588,4.823035945284556,4.6584442719217725,4.778147220611572,1445000,0.0,0.0
2011-09-15 00:00:00-04:00,4.828022664762535,4.917799619441655,4.813059442601736,4.887874126434326,1620800,0.0,0.0
2011-09-16 00:00:00-04:00,4.912813518135826,4.937751276330195,4.798097832681289,4.8479743003845215,1765100,0.0,0.0
2011-09-19 00:00:00-04:00,4.758195901308983,4.808072359080599,4.723282666263143,4.753208160400391,1345900,0.0,0.0
2011-09-20 00:00:00-04:00,4.793110201444043,4.857949420692372,4.728270982195715,4.7332587242126465,1804000,0.0,0.0
2011-09-21 00:00:00-04:00,4.7282700371057365,4.768171489608396,4.538740634918213,4.538740634918213,2148200,0.0,0.0
2011-09-22 00:00:00-04:00,4.4639256533841145,4.5088143683011435,4.354197736437724,4.404074192047119,3042700,0.0,0.0
2011-09-23 00:00:00-04:00,4.399087984330656,4.4290139632562004,4.329261492933216,4.384125232696533,1925600,0.0,0.0
2011-09-26 00:00:00-04:00,4.429013076598287,4.46891405673958,4.359186123522424,4.463926315307617,3589100,0.0,0.0
2011-09-27 00:00:00-04:00,4.558690927078501,4.693356599220083,4.518789951950837,4.578641414642334,1639600,0.0,0.0
2011-09-28 00:00:00-04:00,4.583628780339235,4.613554750170026,4.364173412322998,4.364173412322998,1514000,0.0,0.0
2011-09-29 00:00:00-04:00,4.453951085666511,4.5138025528894135,4.38412413607787,4.508814811706543,2326900,0.0,0.0
2011-09-30 00:00:00-04:00,4.44397590060381,4.558691577198429,4.429013151711368,4.448963642120361,1849600,0.0,0.0
2011-10-03 00:00:00-04:00,4.409063277625259,4.493852992630151,4.134743639412802,4.144719123840332,2102900,0.0,0.0
2011-10-04 00:00:00-04:00,4.109805783625739,4.438989189624585,4.099830773934091,4.434001922607422,3300000,0.0,0.0
2011-10-05 00:00:00-04:00,4.43400008060593,4.5537030011218596,4.364173139143077,4.518789768218994,1539600,0.0,0.0
2011-10-06 00:00:00-04:00,4.498840055843658,4.653456235876259,4.473901824195985,4.648468494415283,1520600,0.0,0.0
2011-10-07 00:00:00-04:00,4.663432588898363,4.673407598024239,4.573655128479004,4.573655128479004,2680700,0.0,0.0
2011-10-10 00:00:00-04:00,4.668418884277344,4.673406625631133,4.583629183891716,4.668418884277344,1588000,0.0,0.0
2011-10-11 00:00:00-04:00,4.618542947816101,4.678394417739288,4.593604716433805,4.658443927764893,1139100,0.0,0.0
2011-10-12 00:00:00-04:00,4.713307855692599,4.857949033040804,4.688369623255207,4.808073043823242,1910100,0.0,0.0
2011-10-13 00:00:00-04:00,4.758197676450064,4.773160429100843,4.648469713810582,4.688370704650879,1692100,0.0,0.0
2011-10-14 00:00:00-04:00,4.7382450832148795,4.748220564337065,4.608566682569184,4.723282337188721,1024200,0.0,0.0
2011-10-17 00:00:00-04:00,4.673405921637788,4.698344148992888,4.508814287014105,4.518789768218994,1603200,0.0,0.0
2011-10-18 00:00:00-04:00,4.533754132594876,4.778147801460223,4.4988408872304815,4.75819730758667,1338700,0.0,0.0
2011-10-19 00:00:00-04:00,4.768173112422739,4.8629378457690144,4.713308893844657,4.788123607635498,1644100,0.0,0.0
2011-10-20 00:00:00-04:00,4.788122011811826,4.917799949645996,4.73824555257449,4.917799949645996,1634100,0.0,0.0
2011-10-21 00:00:00-04:00,4.9676761133723915,4.98263885999064,4.8729114172473,4.977651119232178,2217200,0.0,0.0
2011-10-24 00:00:00-04:00,4.987626638752294,5.097354557988845,4.957700669630637,5.0674285888671875,1649000,0.0,0.0
2011-10-25 00:00:00-04:00,5.037503590600128,5.057454080090028,4.937750667493441,4.967676639556885,1239100,0.0,0.0
2011-10-26 00:00:00-04:00,5.047477750505658,5.05745323140523,4.912812087961207,4.942737579345703,2133700,0.0,0.0
2011-10-27 00:00:00-04:00,5.127281205181364,5.227033665271032,4.897850309146507,4.937751293182373,3183200,0.0,0.0
2011-10-28 00:00:00-04:00,4.4938512556783055,4.773158052490304,4.4439748041333305,4.478888034820557,5567200,0.0,0.0
2011-10-31 00:00:00-04:00,4.409062385559082,4.488864342204231,4.3591859248272735,4.409062385559082,3634700,0.0,0.0
2011-11-01 00:00:00-04:00,4.284371622686354,4.384124066474157,4.224520156413673,4.234495162963867,3622300,0.0,0.0
2011-11-02 00:00:00-04:00,4.319285192415508,4.319285192415508,4.119780289444181,4.264421463012695,3710000,0.0,0.0
2011-11-03 00:00:00-04:00,4.314297450926922,4.379136663306906,4.214544999441259,4.264421463012695,2015800,0.0,0.0
2011-11-04 00:00:00-04:00,4.224519419804578,4.314296365731041,4.174642968778807,4.289358615875244,2083800,0.0,0.0
2011-11-07 00:00:00-05:00,4.2843726250189675,4.329261354139528,4.234496153627838,4.319285869598389,2064300,0.0,0.0
2011-11-08 00:00:00-05:00,4.374149498190066,4.38911224734313,4.279384310353816,4.339235782623291,2186600,0.0,0.0
2011-11-09 00:00:00-05:00,4.249460561208214,4.289361559145224,4.099831581115723,4.099831581115723,2469700,0.0,0.0
2011-11-10 00:00:00-05:00,4.194595170823434,4.194595170823434,4.089854961326869,4.134743690490723,1439800,0.0,0.0
2011-11-11 00:00:00-05:00,4.184620161929957,4.194595170823434,4.099830445877629,4.134743690490723,1414400,0.0,0.0
2011-11-14 00:00:00-05:00,4.134743038119697,4.2145449993056605,4.059928818422159,4.074891567230225,1441900,0.0,0.0
2011-11-15 00:00:00-05:00,4.049953631846912,4.1147928489701595,3.990102156577124,4.109805107116699,2113700,0.0,0.0
2011-11-16 00:00:00-05:00,4.049952681459988,4.054940422142994,3.940225002548086,3.965162992477417,3601900,0.0,0.0
2011-11-17 00:00:00-05:00,3.9402256256069355,3.990101851180977,3.7806214659413993,3.840472936630249,3385100,0.0,0.0
2011-11-18 00:00:00-05:00,3.8703981922529698,3.890348678783877,3.7457075325205196,3.7905960083007812,2394400,0.0,0.0
2011-11-21 00:00:00-05:00,3.755683117301726,3.7856088498193254,3.670893422920904,3.7207696437835693,2666500,0.0,0.0
2011-11-22 00:00:00-05:00,3.6958305325993037,3.745706979389848,3.6260038400524754,3.6559295654296875,3246200,0.0,0.0
2011-11-23 00:00:00-05:00,3.630992902875855,3.635980406675075,3.571141192484936,3.5811164379119873,2606700,0.0,0.0
2011-11-25 00:00:00-05:00,3.5661543519401135,3.6659068247631796,3.5661543519401135,3.6359810829162598,1341900,0.0,0.0
2011-11-28 00:00:00-05:00,3.760670612705372,3.7905963451611546,3.710794391945735,3.7706458568573,4418700,0.0,0.0
2011-11-29 00:00:00-05:00,3.7556831264931296,3.855435568462588,3.750695385480366,3.8155345916748047,3958600,0.0,0.0
2011-11-30 00:00:00-05:00,3.7407221240252246,4.1098065927712675,3.735734380368745,4.099831581115723,15128000,0.0,0.0
2011-12-01 00:00:00-05:00,4.036128182460426,4.138050513127809,3.9393018468254106,4.112569808959961,3006700,0.175,0.0
2011-12-02 00:00:00-05:00,4.250164928552015,4.780161485229725,4.22468422673017,4.5763163566589355,15810100,0.0,0.0
2011-12-05 00:00:00-05:00,4.652758920575591,4.724104795505898,4.586509283712595,4.67314338684082,6380800,0.0,0.0
2011-12-06 00:00:00-05:00,4.66295051574707,4.693527455557006,4.622181586669805,4.66295051574707,4265200,0.0,0.0
2011-12-07 00:00:00-05:00,4.6578546377756025,4.68843109075221,4.601796997311893,4.647662162780762,31345100,0.0,0.0
2011-12-08 00:00:00-05:00,4.566123684309442,4.632373304731808,4.484585839483113,4.5712199211120605,3112600,0.0,0.0
2011-12-09 00:00:00-05:00,4.596700722086292,4.739391953728619,4.596700722086292,4.71900749206543,2335300,0.0,0.0
2011-12-12 00:00:00-05:00,4.698623307707011,4.749584221870661,4.622181207455641,4.713911533355713,2572800,0.0,0.0
2011-12-13 00:00:00-05:00,4.759777941823248,4.8413158146247,4.673143830470693,4.7088165283203125,3383600,0.0,0.0
2011-12-14 00:00:00-05:00,4.688432295033732,4.8515085348116225,4.657855834203184,4.739393711090088,3050300,0.0,0.0
2011-12-15 00:00:00-05:00,4.73939257827426,4.83621866243294,4.73939257827426,4.795449733734131,3132300,0.0,0.0
2011-12-16 00:00:00-05:00,4.79545100355066,4.871893129605476,4.708816885624326,4.7546820640563965,3615200,0.0,0.0
2011-12-19 00:00:00-05:00,4.810738180158218,4.810738180158218,4.652758695737825,4.703719615936279,2035100,0.0,0.0
2011-12-20 00:00:00-05:00,4.790352762998476,4.795448999806857,4.693526693658699,4.7648725509643555,2327900,0.0,0.0
2011-12-21 00:00:00-05:00,4.73939313315222,4.856603695383066,4.73429689496722,4.84641170501709,2236100,0.0,0.0
2011-12-22 00:00:00-05:00,4.841314236273202,4.8973713840475925,4.805641550053489,4.85150671005249,2086600,0.0,0.0
2011-12-23 00:00:00-05:00,4.876987727129306,4.912660905238505,4.831122559563178,4.871891975402832,1305800,0.0,0.0
2011-12-27 00:00:00-05:00,4.851508659858344,4.882085121476995,4.734297594309265,4.7546820640563965,2013900,0.0,0.0
2011-12-28 00:00:00-05:00,4.78525711397177,4.80564157563496,4.69862303040224,4.71900749206543,1950400,0.0,0.0
2011-12-29 00:00:00-05:00,4.744488967558359,4.780161659809391,4.703719551552061,4.7750654220581055,1987800,0.0,0.0
2011-12-30 00:00:00-05:00,4.775064358930032,4.780160595546683,4.7241034507751465,4.7241034507751465,1738900,0.0,0.0
2012-01-03 00:00:00-05:00,4.820929516472139,4.831121503701567,4.7037185043085445,4.7241034507751465,2501600,0.0,0.0
2012-01-04 00:00:00-05:00,4.703718781315111,4.734295716811846,4.652757870159088,4.71900749206543,1421400,0.0,0.0
2012-01-05 00:00:00-05:00,4.693526793485467,4.739391953728619,4.611988946832709,4.71900749206543,1675700,0.0,0.0
2012-01-06 00:00:00-05:00,4.739392233439503,4.800545622038241,4.688430833271923,4.713911533355713,2156100,0.0,0.0
2012-01-09 00:00:00-05:00,4.739391674621225,4.749583661850653,4.693526517079117,4.7241034507751465,964100,0.0,0.0
2012-01-10 00:00:00-05:00,4.7393934736228855,4.744489712173991,4.6884320601199505,4.7088165283203125,2746000,0.0,0.0
2012-01-11 00:00:00-05:00,4.708815018231884,4.729199479895073,4.652757870159088,4.71900749206543,4041500,0.0,0.0
2012-01-12 00:00:00-05:00,4.724104007790801,4.739392233439503,4.678238844840766,4.713911533355713,3271100,0.0,0.0
2012-01-13 00:00:00-05:00,4.6884307135142915,4.713911412947223,4.5508357141827345,4.601796627044678,2421000,0.0,0.0
2012-01-17 00:00:00-05:00,4.632374879396392,4.6578555860671464,4.571221474989014,4.586509704589844,1377400,0.0,0.0
2012-01-18 00:00:00-05:00,4.5865087965125655,4.611989498138428,4.520259166686909,4.611989498138428,2514300,0.0,0.0
2012-01-19 00:00:00-05:00,4.647660244325357,4.708813611039719,4.6221795533601,4.683332920074463,1325800,0.0,0.0
2012-01-20 00:00:00-05:00,4.683334517575462,4.861698929169197,4.515162580246018,4.820930004119873,5589300,0.0,0.0
2012-01-23 00:00:00-05:00,4.820931237520455,4.846411943696319,4.77506606360471,4.815834999084473,2588700,0.0,0.0
2012-01-24 00:00:00-05:00,4.769969156932095,4.826026799866552,4.6884312973954065,4.8107380867004395,2306300,0.0,0.0
2012-01-25 00:00:00-05:00,4.780161480784134,4.841314873497309,4.759777016546409,4.831122398376465,3263400,0.0,0.0
2012-01-26 00:00:00-05:00,4.831122559563178,4.927949132425889,4.775065402540121,4.871891975402832,3835100,0.0,0.0
2012-01-27 00:00:00-05:00,4.846411139565535,5.029871318784218,4.836218664384736,4.953429698944092,3808300,0.0,0.0
2012-01-30 00:00:00-05:00,4.912659335558476,5.014581627581717,4.887178641051709,4.989100933074951,3172800,0.0,0.0
2012-01-31 00:00:00-05:00,5.034966468811034,5.080831625209725,4.968716852457801,5.034966468811035,2875900,0.0,0.0
2012-02-01 00:00:00-05:00,5.091025526436435,5.198044102938284,5.07573729722304,5.192947864532471,3136500,0.0,0.0
2012-02-02 00:00:00-05:00,5.19804366900072,5.249005076796454,5.187851679043975,5.218428134918213,1450000,0.0,0.0
2012-02-03 00:00:00-05:00,5.284679132258085,5.33054431389069,5.238813950625479,5.289775371551514,1935200,0.0,0.0
2012-02-06 00:00:00-05:00,5.259197110204543,5.289774052335409,5.223524416055204,5.243908882141113,1391600,0.0,0.0
2012-02-07 00:00:00-05:00,5.233716239605489,5.325446082553987,5.213331290056992,5.2999653816223145,2090500,0.0,0.0
2012-02-08 00:00:00-05:00,5.284678147775201,5.361120264923849,5.259197442058985,5.325447082519531,1191800,0.0,0.0
2012-02-09 00:00:00-05:00,5.330544191274237,5.361121140327334,5.29996724222114,5.3356404304504395,1574400,0.0,0.0
2012-02-10 00:00:00-05:00,5.315255800350613,5.325447792393253,5.264294382125105,5.2948713302612305,1076100,0.0,0.0
2012-02-13 00:00:00-05:00,5.345830162209799,5.386599086371246,5.320349463107917,5.350926399230957,958000,0.0,0.0
2012-02-14 00:00:00-05:00,5.3407344623390305,5.350926937406467,5.254100854285618,5.279581069946289,977300,0.0,0.0
2012-02-15 00:00:00-05:00,5.315255091835468,5.376408493951963,5.284678147775201,5.325447082519531,1591900,0.0,0.0
2012-02-16 00:00:00-05:00,5.315255295852942,5.3967931684713015,5.315255295852942,5.391696929931641,1164600,0.0,0.0
2012-02-17 00:00:00-05:00,5.4222731590271,5.442657624489443,5.396792455698173,5.4222731590271,913300,0.0,0.0
2012-02-21 00:00:00-05:00,5.442656040191651,5.473232486482699,5.386598411984978,5.44265604019165,1029200,0.0,0.0
2012-02-22 00:00:00-05:00,5.447752472613415,5.478329408736457,5.350926399230957,5.350926399230957,1217200,0.0,0.0
2012-02-23 00:00:00-05:00,5.361118873273275,5.386599086371246,5.330541937150234,5.350926399230957,1713800,0.0,0.0
2012-02-24 00:00:00-05:00,5.350925729310805,5.498713182394473,5.340733256544555,5.44265604019165,2581300,0.0,0.0
2012-02-27 00:00:00-05:00,5.432465317073415,5.5292918955225705,5.391696384885563,5.463042259216309,5217400,0.0,0.0
2012-02-28 00:00:00-05:00,5.478330135345459,5.4987146001298415,5.376407811423548,5.478330135345459,1632300,0.0,0.0
2012-02-29 00:00:00-05:00,5.493618183423507,5.615925454148401,5.493618183423507,5.534387111663818,2965900,0.0,0.0
2012-03-01 00:00:00-05:00,5.6146704568664285,5.697543741342669,5.547335789738548,5.6871843338012695,3046400,0.175,0.0
2012-03-02 00:00:00-05:00,5.713082770342157,5.801135764933678,5.666466420974436,5.780417442321777,3674600,0.0,0.0
2012-03-05 00:00:00-05:00,5.759699045769987,5.801135690461847,5.723442105155552,5.764878749847412,1642000,0.0,0.0
2012-03-06 00:00:00-05:00,5.713082688565945,5.744160419020841,5.645748017550143,5.656107425689697,1747200,0.0,0.0
2012-03-07 00:00:00-05:00,5.656109032709292,5.7130843117734145,5.619852081847023,5.661288738250732,12800800,0.0,0.0
2012-03-08 00:00:00-05:00,5.676029242201523,5.7655399498195985,5.623376209694097,5.733948230743408,1729200,0.178,0.0
2012-03-09 00:00:00-05:00,5.728682732351446,5.786601218302116,5.712886872936049,5.770805358886719,1239700,0.0,0.0
2012-03-12 00:00:00-04:00,5.755010655853865,5.839255925852224,5.739214291123109,5.812929153442383,1470200,0.0,0.0
2012-03-13 00:00:00-04:00,5.823460215411089,5.902440032562684,5.78133707716995,5.891909122467041,2309600,0.0,0.0
2012-03-14 00:00:00-04:00,5.891908504256003,5.891908504256003,5.707622116191467,5.7181525230407715,3063800,0.0,0.0
2012-03-15 00:00:00-04:00,5.697091794307502,5.865582840532407,5.6812959313350335,5.844521522521973,2277100,0.0,0.0
2012-03-16 00:00:00-04:00,5.8603162723477435,5.8603162723477435,5.670764446258545,5.670764446258545,5933600,0.0,0.0
2012-03-19 00:00:00-04:00,5.676029891360798,5.770806063711426,5.654968575520812,5.7181525230407715,1774600,0.0,0.0
2012-03-20 00:00:00-04:00,5.697091992774001,5.712888358438189,5.6602348105071245,5.686561584472656,2157100,0.0,0.0
2012-03-21 00:00:00-04:00,5.691827841865956,5.70762370761487,5.544398087737695,5.549663543701172,3978100,0.0,0.0
2012-03-22 00:00:00-04:00,5.523336153163654,5.565458791914568,5.428560467044828,5.518070697784424,2941600,0.0,0.0
2012-03-23 00:00:00-04:00,5.497009460784894,5.607581514698398,5.4601522768608834,5.586520195007324,2407600,0.0,0.0
2012-03-26 00:00:00-04:00,5.639173491762988,5.697091992774001,5.602316309496112,5.686561584472656,3035000,0.0,0.0
2012-03-27 00:00:00-04:00,5.7023584900014885,5.7023584900014885,5.591786420854304,5.6023173332214355,2569800,0.0,0.0
2012-03-28 00:00:00-04:00,5.612845456125289,5.670764446258545,5.575988282143278,5.670764446258545,2586800,0.0,0.0
2012-03-29 00:00:00-04:00,5.62864462796382,5.6391755422357805,5.586521975159239,5.61284875869751,1808700,0.0,0.0
2012-03-30 00:00:00-04:00,5.644438549827474,5.644438549827474,5.554927825927734,5.554927825927734,1415900,0.0,0.0
2012-04-02 00:00:00-04:00,5.528602453076133,5.649704932448909,5.528602453076133,5.6023173332214355,2094300,0.0,0.0
2012-04-03 00:00:00-04:00,5.586519280779025,5.6181115062163345,5.507539470397834,5.597050189971924,2251000,0.0,0.0
2012-04-04 00:00:00-04:00,5.549663775668857,5.6655013009996065,5.5338679092596985,5.6023173332214355,2412200,0.0,0.0
2012-04-05 00:00:00-04:00,5.581253951074353,5.670764664598211,5.560192636253525,5.665499210357666,1918600,0.0,0.0
2012-04-09 00:00:00-04:00,5.58125577734052,5.60758205287487,5.539133133915736,5.549663543701172,1394400,0.0,0.0
2012-04-10 00:00:00-04:00,5.560192646696433,5.565457598805513,5.412762940532386,5.428559303283691,2573800,0.0,0.0
2012-04-11 00:00:00-04:00,5.465418180948728,5.491744958258975,5.412764626328233,5.4812140464782715,1686000,0.0,0.0
2012-04-12 00:00:00-04:00,5.470683941481528,5.6023173332214355,5.460153029114396,5.6023173332214355,1343400,0.0,0.0
2012-04-13 00:00:00-04:00,5.57072409683651,5.602316326117166,5.439090728759766,5.439090728759766,6214400,0.0,0.0
2012-04-16 00:00:00-04:00,5.491743266032321,5.544396302286788,5.4654164968344086,5.47594690322876,1369800,0.0,0.0
2012-04-17 00:00:00-04:00,5.5233366265572075,5.575990180579407,5.460152663015472,5.470683574676514,3049900,0.0,0.0
2012-04-18 00:00:00-04:00,5.433825344860581,5.44435625547287,5.349580068528084,5.3548455238342285,2488300,0.0,0.0
2012-04-19 00:00:00-04:00,5.370640690000954,5.407498370214947,5.317987650203149,5.360110282897949,2665400,0.0,0.0
2012-04-20 00:00:00-04:00,5.370640059759128,5.396966827639294,5.333782886011696,5.375905513763428,977800,0.0,0.0
2012-04-23 00:00:00-04:00,5.333783319650119,5.36537504196167,5.291660688473803,5.36537504196167,1255500,0.0,0.0
2012-04-24 00:00:00-04:00,5.3653756213768995,5.433825029965714,5.344314303514297,5.386436939239502,1367100,0.0,0.0
2012-04-25 00:00:00-04:00,5.4022341553042565,5.486479440026571,5.3601115129430985,5.470683574676514,1246500,0.0,0.0
2012-04-26 00:00:00-04:00,5.43908972430503,5.460151039222188,5.265333750703135,5.333783149719238,2093400,0.0,0.0
2012-04-27 00:00:00-04:00,5.339048603983867,5.339048603983867,5.265333750703135,5.333783149719238,1514900,0.0,0.0
2012-04-30 00:00:00-04:00,5.307456878429277,5.328518195322195,5.239007472991943,5.239007472991943,1635100,0.0,0.0
2012-05-01 00:00:00-04:00,5.217945582264881,5.249537805200662,5.170557498931885,5.170557498931885,2621200,0.0,0.0
2012-05-02 00:00:00-04:00,5.128435547532448,5.133701002407832,5.0547211878427385,5.117905139923096,2023200,0.0,0.0
2012-05-03 00:00:00-04:00,5.11263991900411,5.149497100535564,5.0599863721236575,5.06525182723999,1717200,0.0,0.0
2012-05-04 00:00:00-04:00,5.133700377836687,5.13896583207147,4.986271174252239,5.086312294006348,1472100,0.0,0.0
2012-05-07 00:00:00-04:00,5.0810476904475514,5.1021090087714445,5.028394645708537,5.06525182723999,1188500,0.0,0.0
2012-05-08 00:00:00-04:00,5.044191360473634,5.070518138358331,5.002068716714726,5.044191360473633,1489500,0.0,0.0
2012-05-09 00:00:00-04:00,5.002067887203042,5.044190523976594,4.975741113684212,5.017863750457764,1492100,0.0,0.0
2012-05-10 00:00:00-04:00,5.0705182978549,5.081048708055106,5.0125997863999165,5.028395652770996,1306800,0.0,0.0
2012-05-11 00:00:00-04:00,4.9862720775030605,5.038925122964798,4.959945303701469,4.981006622314453,1435400,0.0,0.0
2012-05-14 00:00:00-04:00,4.933617753265787,4.944148661985261,4.854637946435203,4.870433807373047,823900,0.0,0.0
2012-05-15 00:00:00-04:00,4.8809654136460425,4.912557140036599,4.823046411694293,4.865169048309326,2142400,0.0,0.0
2012-05-16 00:00:00-04:00,4.870433757414554,4.896760526801824,4.765127182006836,4.765127182006836,1797900,0.0,0.0
2012-05-17 00:00:00-04:00,4.754597782707584,4.770394150639203,4.675617951615567,4.680883407592773,1882400,0.0,0.0
2012-05-18 00:00:00-04:00,4.707208515190405,4.71773942453177,4.638759613037109,4.638759613037109,1193000,0.0,0.0
2012-05-21 00:00:00-04:00,4.654555474907762,4.712473969861087,4.612432841825091,4.638759613037109,1157000,0.0,0.0
2012-05-22 00:00:00-04:00,4.780923584410892,5.102108801326671,4.696678314540616,5.023128986358643,5244400,0.0,0.0
2012-05-23 00:00:00-04:00,5.012598688511215,5.270599958676561,5.012598688511215,5.2442731857299805,5487500,0.0,0.0
2012-05-24 00:00:00-04:00,5.249538928418608,5.360110979140374,5.149497286167676,5.3548455238342285,3562600,0.0,0.0
2012-05-25 00:00:00-04:00,5.370640817158396,5.423294360344237,5.265334232928113,5.28639554977417,3205900,0.0,0.0
2012-05-29 00:00:00-04:00,5.349580306733608,5.386437491234884,5.249539162169511,5.302192211151123,3682800,0.0,0.0
2012-05-30 00:00:00-04:00,5.2705992678441556,5.302190989526093,5.175823098515618,5.202149868011475,2951000,0.0,0.0
2012-05-31 00:00:00-04:00,5.212680015328971,5.254802643571284,5.144231121041215,5.1968841552734375,4166000,0.0,0.0
2012-06-01 00:00:00-04:00,5.152914754598204,5.206535301897888,5.040312014359619,5.163639068603516,3580400,0.178,0.0
2012-06-04 00:00:00-04:00,5.195813159487056,5.195813159487056,5.040314120963145,5.15291690826416,2754000,0.0,0.0
2012-06-05 00:00:00-04:00,5.126106226542312,5.265518762634145,5.126106226542312,5.217260360717773,2185800,0.0,0.0
2012-06-06 00:00:00-04:00,5.265518720262695,5.351311206817627,5.249432756874534,5.351311206817627,1667900,0.0,0.0
2012-06-07 00:00:00-04:00,5.399570318140832,5.442466567057181,5.329863785810858,5.362036228179932,6920600,0.0,0.0
2012-06-08 00:00:00-04:00,5.329863706212428,5.453190803527831,5.297691775687446,5.453190803527832,2182800,0.0,0.0
2012-06-11 00:00:00-04:00,5.485363542414521,5.5121738293787015,5.388847225252639,5.394209384918213,2760200,0.0,0.0
2012-06-12 00:00:00-04:00,5.437104252258251,5.496086459439402,5.372759886779661,5.4800004959106445,2110200,0.0,0.0
2012-06-13 00:00:00-04:00,5.4424664969491685,5.533621152563094,5.4102945663581465,5.474638938903809,2277400,0.0,0.0
2012-06-14 00:00:00-04:00,5.49608636265208,5.555068568794541,5.45855227795811,5.528258800506592,1632000,0.0,0.0
2012-06-15 00:00:00-04:00,5.549708523255807,5.68375944882852,5.501450108231438,5.630138874053955,4988300,0.0,0.0
2012-06-18 00:00:00-04:00,5.619413016150465,5.683757892809996,5.581878930902038,5.656947612762451,1803800,0.0,0.0
2012-06-19 00:00:00-04:00,5.656946726964633,5.748101358034624,5.635498608557781,5.742739200592041,2203500,0.0,0.0
2012-06-20 00:00:00-04:00,5.748102098347544,5.812446461855176,5.721291819045144,5.7534637451171875,1699000,0.0,0.0
2012-06-21 00:00:00-04:00,5.753465488004671,5.785637935186204,5.635501041521015,5.651587009429932,1833800,0.0,0.0
2012-06-22 00:00:00-04:00,5.705206648911946,5.83389539381222,4.959883439811528,4.970607757568359,11633200,0.0,0.0
2012-06-25 00:00:00-04:00,4.965244567889137,4.986692687586483,4.396868628864181,4.4665751457214355,12612500,0.0,0.0
2012-06-26 00:00:00-04:00,4.53628166257869,4.74003905538524,4.4612129879562215,4.4665751457214355,8208300,0.0,0.0
2012-06-27 00:00:00-04:00,4.461214407909043,4.498749012848862,4.396870028336932,4.445128440856934,3706100,0.0,0.0
2012-06-28 00:00:00-04:00,4.407593006051362,4.439764930365673,4.300352406064466,4.375420570373535,5984700,0.0,0.0
2012-06-29 00:00:00-04:00,4.439766281385006,4.4933868533769346,4.412955995389042,4.445128440856934,3101100,0.0,0.0
2012-07-02 00:00:00-04:00,4.439766254471643,4.504110633653705,4.33252562250154,4.380784034729004,2731800,0.0,0.0
2012-07-03 00:00:00-04:00,4.380784034729004,4.396870001683602,4.3539737488955605,4.380784034729004,1733100,0.0,0.0
2012-07-05 00:00:00-04:00,4.343249941380385,4.386146194168426,4.305715336668097,4.380784034729004,3563700,0.0,0.0
2012-07-06 00:00:00-04:00,4.3271626696606855,4.461213562885501,4.31643886411176,4.4183173179626465,3442000,0.0,0.0
2012-07-09 00:00:00-04:00,4.412955625126267,4.423679943170313,4.3378874442724635,4.396869659423828,2273000,0.0,0.0
2012-07-10 00:00:00-04:00,4.402232044651421,4.439766137006985,4.359335792998302,4.407594203948975,3475700,0.0,0.0
2012-07-11 00:00:00-04:00,4.396868839356575,4.471937517572825,4.370058560610518,4.4558515548706055,3430900,0.0,0.0
2012-07-12 00:00:00-04:00,4.41295408383391,4.466574632599076,4.407592438048154,4.423678398132324,2770300,0.0,0.0
2012-07-13 00:00:00-04:00,4.429042234013639,4.509472576283309,4.396869790287584,4.477300643920898,3216100,0.0,0.0
2012-07-16 00:00:00-04:00,4.412955262008585,4.482661789468231,4.39686929762977,4.434403896331787,2696100,0.0,0.0
2012-07-17 00:00:00-04:00,4.4451265153657,4.450488672514907,4.348609732133781,4.423678398132324,4370800,0.0,0.0
2012-07-18 00:00:00-04:00,4.3915070498191415,4.482661698386256,4.375421085767173,4.439765453338623,3209300,0.0,0.0
2012-07-19 00:00:00-04:00,4.434403918549318,4.439765565793395,4.396869319659243,4.412955284118652,3348800,0.0,0.0
2012-07-20 00:00:00-04:00,4.3915057491304355,4.4183160221853575,4.2949894820415135,4.3217997550964355,16735900,0.0,0.0
2012-07-23 00:00:00-04:00,4.284265448208347,4.359334115394434,4.236007311510696,4.3539719581604,2810300,0.0,0.0
2012-07-24 00:00:00-04:00,4.343247247900609,4.364695360993508,4.236006426754436,4.273540496826172,5874200,0.0,0.0
2012-07-25 00:00:00-04:00,4.2735428706426335,4.321801535430317,4.236008779721909,4.252094745635986,2279900,0.0,0.0
2012-07-26 00:00:00-04:00,4.289629450804603,4.584541577820155,4.230646974265125,4.268181324005127,4518600,0.0,0.0
2012-07-27 00:00:00-04:00,4.27890451734329,4.305714542550232,4.187749869139752,4.198473930358887,3025000,0.0,0.0
2012-07-30 00:00:00-04:00,4.214559555053711,4.246731734169327,4.160939256527684,4.214559555053711,2246600,0.0,0.0
2012-07-31 00:00:00-04:00,4.24136893593167,4.343247871267687,4.230644877846044,4.3217997550964355,4515000,0.0,0.0
2012-08-01 00:00:00-04:00,4.353973061321395,4.471937993541464,4.321801132492751,4.391507148742676,5361300,0.0,0.0
2012-08-02 00:00:00-04:00,4.370059490203857,4.445128184388622,4.332525398793297,4.370059490203857,2138100,0.0,0.0
2012-08-03 00:00:00-04:00,4.423680287517046,4.482662507259685,4.3539737488955605,4.380784034729004,2046400,0.0,0.0
2012-08-06 00:00:00-04:00,4.396869659423828,4.412955625126267,4.343249603294487,4.396869659423828,1514800,0.0,0.0
2012-08-07 00:00:00-04:00,4.412956021376483,4.557731259789053,4.4075943732366545,4.509472846984863,1889300,0.0,0.0
2012-08-08 00:00:00-04:00,4.48802472033452,4.573817226935891,4.48802472033452,4.509472846984863,1409400,0.0,0.0
2012-08-09 00:00:00-04:00,4.504110485325733,4.6596095244024545,4.504110485325733,4.627437591552734,2221300,0.0,0.0
2012-08-10 00:00:00-04:00,4.6274373863564335,4.686419601541218,4.5899032959082655,4.659609317779541,1290200,0.0,0.0
2012-08-13 00:00:00-04:00,4.648883696492025,4.675693969788833,4.622073423195215,4.654245853424072,1828500,0.0,0.0
2012-08-14 00:00:00-04:00,4.691781544101335,4.788298356644917,4.691781544101335,4.734677791595459,1852400,0.0,0.0
2012-08-15 00:00:00-04:00,4.740040097565593,4.782936346391774,4.740040097565593,4.772212028503418,1311700,0.0,0.0
2012-08-16 00:00:00-04:00,4.766850267550724,4.825832480443016,4.745402143647744,4.799022197723389,1891900,0.0,0.0
2012-08-17 00:00:00-04:00,4.820470366913851,4.933073146303283,4.799022242809369,4.884814739227295,1563400,0.0,0.0
2012-08-20 00:00:00-04:00,4.884815449449371,5.008142564503854,4.8633673222264635,4.916987895965576,2572600,0.0,0.0
2012-08-21 00:00:00-04:00,4.949159831118092,4.965246310058039,4.895539768742669,4.916987895965576,2391900,0.0,0.0
2012-08-22 00:00:00-04:00,4.906262370917869,4.906262370917869,4.8526423217200145,4.86336612701416,1628600,0.0,0.0
2012-08-23 00:00:00-04:00,4.86336631670058,4.8687284752385755,4.793659789797391,4.809746265411377,1279200,0.0,0.0
2012-08-24 00:00:00-04:00,4.809745898636179,4.8419178246836605,4.718591255895741,4.782935619354248,1581100,0.0,0.0
2012-08-27 00:00:00-04:00,4.809745869771569,4.847279953722893,4.740039348602295,4.740039348602295,1604200,0.0,0.0
2012-08-28 00:00:00-04:00,4.756125422430799,4.766849738874694,4.702505374301982,4.713229179382324,2438900,0.0,0.0
2012-08-29 00:00:00-04:00,4.73467719050538,4.782935590650534,4.69178094845714,4.740039348602295,2034800,0.0,0.0
2012-08-30 00:00:00-04:00,4.73347226232064,4.853861303662694,4.667805654826375,4.83744478225708,2004800,0.178,0.0
2012-08-31 00:00:00-04:00,4.864806870467537,4.892167570419926,4.72252893447876,4.72252893447876,2388700,0.0,0.0
2012-09-04 00:00:00-04:00,4.722529320300382,4.853862569540361,4.706112794613371,4.810084819793701,2300500,0.0,0.0
2012-09-05 00:00:00-04:00,4.848390294626653,4.91952926952274,4.848390294626653,4.892168045043945,2006100,0.0,0.0
2012-09-06 00:00:00-04:00,4.908584070922938,5.023500772311497,4.897639374661246,5.012556076049805,1917900,0.0,0.0
2012-09-07 00:00:00-04:00,5.02350142122052,5.0672791681785805,5.02350142122052,5.039917945861816,1444200,0.0,0.0
2012-09-10 00:00:00-04:00,5.03991669281112,5.09463912383927,5.007083129819875,5.067277908325195,1520100,0.0,0.0
2012-09-11 00:00:00-04:00,5.056335304669956,5.143890813030509,5.028974077839283,5.111057758331299,2719300,0.0,0.0
2012-09-12 00:00:00-04:00,5.1165289878845215,5.143889686852983,5.089167767044178,5.1165289878845215,1752100,0.0,0.0
2012-09-13 00:00:00-04:00,5.12747496750692,5.193141607509358,5.100113737037889,5.171252727508545,3491200,0.0,0.0
2012-09-14 00:00:00-04:00,5.204085279223925,5.368252107698464,5.198612929837982,5.3080573081970215,2474500,0.0,0.0
2012-09-17 00:00:00-04:00,5.286167729761254,5.340890172601737,5.215028762817383,5.215028762817383,4285000,0.0,0.0
2012-09-18 00:00:00-04:00,5.1986124651878205,5.225973687800034,5.100112272532617,5.105584621429443,1681900,0.0,0.0
2012-09-19 00:00:00-04:00,5.100113058850233,5.16030786225211,5.078224181760094,5.111057758331299,1513600,0.0,0.0
2012-09-20 00:00:00-04:00,5.1001116581860915,5.143889400343511,5.067278612503952,5.127472877502441,1373100,0.0,0.0
2012-09-21 00:00:00-04:00,5.171251894605233,5.193140771080532,5.100112915592516,5.132946491241455,4671800,0.0,0.0
2012-09-24 00:00:00-04:00,5.127473499828188,5.187667772132507,5.11105697499463,5.138418197631836,1530500,0.0,0.0
2012-09-25 00:00:00-04:00,5.160306732480318,5.187667431448779,5.111056639342077,5.1165289878845215,1562400,0.0,0.0
2012-09-26 00:00:00-04:00,5.116527991876175,5.138416859913079,5.061805560848025,5.067277908325195,1876300,0.0,0.0
2012-09-27 00:00:00-04:00,5.0782232088978665,5.11105677917897,5.061806684693262,5.094640254974365,1500400,0.0,0.0
2012-09-28 00:00:00-04:00,5.089166641235352,5.1110555086910665,5.056333079115897,5.089166641235352,1512800,0.0,0.0
2012-10-01 00:00:00-04:00,5.0891680467218405,5.116529269065833,5.034445602033857,5.072751522064209,2747200,0.0,0.0
2012-10-02 00:00:00-04:00,5.100110592148939,5.187666058162729,5.083694072739289,5.182194232940674,2200300,0.0,0.0
2012-10-03 00:00:00-04:00,5.198612469936155,5.215028994769711,5.132945848730012,5.138418197631836,1501700,0.0,0.0
2012-10-04 00:00:00-04:00,5.160307971101826,5.25880765914917,5.127474393838042,5.25880765914917,1576500,0.0,0.0
2012-10-05 00:00:00-04:00,5.29163871694585,5.329944103955547,5.231444462806077,5.313527584075928,1675300,0.0,0.0
2012-10-08 00:00:00-04:00,5.313529682532856,5.406557535042845,5.275224280395318,5.357307434082031,2128600,0.0,0.0
2012-10-09 00:00:00-04:00,5.346363522002004,5.368252398861017,5.247863315200447,5.264279842376709,1389800,0.0,0.0
2012-10-10 00:00:00-04:00,5.253335634628824,5.477696751609599,5.2423909353263545,5.466752052307129,3100300,0.0,0.0
2012-10-11 00:00:00-04:00,5.4886403983688234,5.532418147602063,5.401084899902344,5.401084899902344,2687300,0.0,0.0
2012-10-12 00:00:00-04:00,5.417501880217324,5.433918928962016,5.329946374400216,5.351835250854492,2135700,0.0,0.0
2012-10-15 00:00:00-04:00,5.3518335855958945,5.466750281691749,5.329944715952485,5.44486141204834,1841700,0.0,0.0
2012-10-16 00:00:00-04:00,5.461277364664824,5.526944488623357,5.379194242524302,5.515999794006348,1716100,0.0,0.0
2012-10-17 00:00:00-04:00,6.046808584403027,6.046808584403027,5.669224776207201,5.767724990844727,4841600,0.0,0.0
2012-10-18 00:00:00-04:00,5.784138897059178,5.910000283355252,5.7513058549797105,5.860750198364258,4101900,0.0,0.0
2012-10-19 00:00:00-04:00,5.84433395013524,5.855278124048666,5.723944905856638,5.816972732543945,10380900,0.0,0.0
2012-10-22 00:00:00-04:00,5.8005579696823935,5.866224598690967,5.773196743794161,5.838863372802734,2827100,0.0,0.0
2012-10-23 00:00:00-04:00,5.811500208604688,5.838861425367133,5.762250122806646,5.789611339569092,2744200,0.0,0.0
2012-10-24 00:00:00-04:00,5.7950846674930006,5.8552789370543685,5.745834573364657,5.806028842926025,1619800,0.0,0.0
2012-10-25 00:00:00-04:00,5.838862345500866,5.964723231821739,5.494112212457946,5.5378899574279785,3579000,0.0,0.0
2012-10-26 00:00:00-04:00,5.516000878670234,5.565250970387768,5.4284453920043365,5.461278438568115,2157000,0.0,0.0
2012-10-31 00:00:00-04:00,5.461278525392961,5.494112094350603,5.319001118234846,5.406556606292725,3120000,0.0,0.0
2012-11-01 00:00:00-04:00,5.433918244289251,5.532417914986566,5.379195799112589,5.510529041290283,3522800,0.0,0.0
2012-11-02 00:00:00-04:00,5.510529805773038,5.516002155424272,5.428446648492456,5.466752052307129,4790000,0.0,0.0
2012-11-05 00:00:00-05:00,5.428446648492456,5.505057977993789,5.395613072457032,5.466752052307129,2107500,0.0,0.0
2012-11-06 00:00:00-05:00,5.494112022444977,5.598084032684978,5.455806627388956,5.5269455909729,2585000,0.0,0.0
2012-11-07 00:00:00-05:00,5.455806725091247,5.49411212083324,5.362778888113372,5.422973155975342,2139000,0.0,0.0
2012-11-08 00:00:00-05:00,5.406557535042845,5.499585387552835,5.357307434082031,5.357307434082031,1581700,0.0,0.0
2012-11-09 00:00:00-05:00,5.329945318997466,5.461278551717334,5.280695226259547,5.422973155975342,2009400,0.0,0.0
2012-11-12 00:00:00-05:00,5.4941132786913185,5.4941132786913185,5.379196545375313,5.466752052307129,1616400,0.0,0.0
2012-11-13 00:00:00-05:00,5.428445312561906,5.510528449641975,5.406556441215764,5.412028789520264,1455600,0.0,0.0
2012-11-14 00:00:00-05:00,5.412028789520264,5.47222305525419,5.308056259222194,5.412028789520264,3269900,0.0,0.0
2012-11-15 00:00:00-05:00,5.422972789700203,5.488639401624922,5.3627785259038365,5.38466739654541,2472200,0.0,0.0
2012-11-16 00:00:00-05:00,5.379196545375313,5.477696751609599,5.340891141560641,5.466752052307129,1946000,0.0,0.0
2012-11-19 00:00:00-05:00,5.4941122504522335,5.630917834897629,5.483168075069984,5.619973659515381,2089500,0.0,0.0
2012-11-20 00:00:00-05:00,5.603556972909833,5.696584818046993,5.5761957498920935,5.6582794189453125,1767800,0.0,0.0
2012-11-21 00:00:00-05:00,5.663751380841587,5.7786680921647235,5.609028938546042,5.773195743560791,1805100,0.0,0.0
2012-11-23 00:00:00-05:00,5.800556601744345,5.8826397381795035,5.784139556959831,5.871695041656494,991000,0.0,0.0
2012-11-26 00:00:00-05:00,5.877167841667693,5.948306808919806,5.827917747272238,5.855278968811035,3087000,0.0,0.0
2012-11-27 00:00:00-05:00,5.838863976763824,5.849808155127977,5.767724990844727,5.767724990844727,2838700,0.0,0.0
2012-11-28 00:00:00-05:00,5.740363431294706,5.795085885577768,5.702058026419763,5.745835781097412,3059900,0.0,0.0
2012-11-29 00:00:00-05:00,5.784140707941131,5.855279683881019,5.773196531112203,5.7786688804626465,2283500,0.0,0.0
2012-11-30 00:00:00-05:00,5.771432174700577,5.860480224603389,5.665687748133047,5.8382182121276855,5233700,0.177,0.0
2012-12-03 00:00:00-05:00,5.843785839130705,5.899441154667891,5.793696161300923,5.8660478591918945,2825200,0.0,0.0
2012-12-04 00:00:00-05:00,5.877177389859,5.927266522050481,5.854915376406696,5.91057014465332,2744800,0.0,0.0
2012-12-05 00:00:00-05:00,5.938397484100824,5.9773558729161635,5.910569836046335,5.955093860626221,2636500,0.0,0.0
2012-12-06 00:00:00-05:00,5.977356358656126,6.0107496451888105,5.932832330458069,5.960659980773926,1762800,0.0,0.0
2012-12-07 00:00:00-05:00,5.960659980773926,5.982921994872954,5.921701588792696,5.960659980773926,1557700,0.0,0.0
2012-12-10 00:00:00-05:00,5.97735652940792,6.02188055887787,5.927266863562151,6.010749816894531,1328600,0.0,0.0
2012-12-11 00:00:00-05:00,6.021879517760254,6.044141528646369,5.9550934851019095,5.9884867668151855,1028400,0.0,0.0
2012-12-12 00:00:00-05:00,6.016313428462612,6.066402546682444,5.949526875966597,5.9717888832092285,996200,0.0,0.0
2012-12-13 00:00:00-05:00,5.971790548955088,5.994053093175658,5.905004508598178,5.91057014465332,1272700,0.0,0.0
2012-12-14 00:00:00-05:00,5.955093683359012,5.955093683359012,5.888307648477225,5.905004024505615,1174000,0.0,0.0
2012-12-17 00:00:00-05:00,5.905004124143273,5.982921431537536,5.871611371523042,5.938397407531738,1229900,0.0,0.0
2012-12-18 00:00:00-05:00,5.938398136313788,6.010749816894531,5.899439743219657,6.010749816894531,3343500,0.0,0.0
2012-12-19 00:00:00-05:00,6.038575435705244,6.0552718084451875,5.9717888832092285,5.9717888832092285,1036100,0.0,0.0
2012-12-20 00:00:00-05:00,5.994052872041425,6.010749248822618,5.949528316011163,5.982921600341797,997400,0.0,0.0
2012-12-21 00:00:00-05:00,5.921701564285535,5.949528683717945,5.815956599676566,5.821522235870361,2208500,0.0,0.0
2012-12-24 00:00:00-05:00,5.832654563715898,5.871613496899299,5.7881305235935185,5.8660478591918945,443600,0.0,0.0
2012-12-26 00:00:00-05:00,5.860480024146938,5.955093706624497,5.854914919294548,5.921700954437256,1027000,0.0,0.0
2012-12-27 00:00:00-05:00,5.9272669254630435,5.955094576864452,5.810391214191768,5.893874168395996,1091700,0.0,0.0
2012-12-28 00:00:00-05:00,5.854914727025919,5.882741842678734,5.827087080604895,5.860479831695557,826800,0.0,0.0
2012-12-31 00:00:00-05:00,5.832653375900802,5.94396398430686,5.782564239040057,5.927267074584961,1042200,0.0,0.0
2013-01-02 00:00:00-05:00,6.010749512865788,6.122059580910506,5.9773562270682365,6.0608391761779785,2002200,0.0,0.0
2013-01-03 00:00:00-05:00,6.071969634088557,6.255631370478957,6.071969634088557,6.2389349937438965,1915000,0.0,0.0
2013-01-04 00:00:00-05:00,6.261196782573871,6.316852077392929,6.216672759025915,6.305720806121826,864800,0.0,0.0
2013-01-07 00:00:00-05:00,6.294591479841401,6.3112878597310464,6.16101884841919,6.1610188484191895,1101200,0.0,0.0
2013-01-08 00:00:00-05:00,6.177714831157708,6.327983289130246,6.155452817725914,6.3001556396484375,1941700,0.0,0.0
2013-01-09 00:00:00-05:00,6.322417988396457,6.422597319536779,6.305721610129169,6.394769668579102,1340800,0.0,0.0
2013-01-10 00:00:00-05:00,6.417031226854729,6.444858875833488,6.372507200796018,6.411466121673584,1024800,0.0,0.0
2013-01-11 00:00:00-05:00,6.422598289663772,6.44486030763891,6.339115854949096,6.405901908874512,1020300,0.0,0.0
2013-01-14 00:00:00-05:00,6.383637717059261,6.478251393926603,6.305720415295511,6.327982425689697,1934100,0.0,0.0
2013-01-15 00:00:00-05:00,6.316851933058143,6.405899978119383,6.311286297549763,6.389203071594238,978300,0.0,0.0
2013-01-16 00:00:00-05:00,6.389203943165667,6.394769579433274,6.30572152222471,6.366941928863525,1184600,0.0,0.0
2013-01-17 00:00:00-05:00,6.394769831033097,6.528341922101287,6.344680164190447,6.43929386138916,1457300,0.0,0.0
2013-01-18 00:00:00-05:00,6.433728203475312,6.478252230009956,6.361376527664449,6.4225969314575195,3441100,0.0,0.0
2013-01-22 00:00:00-05:00,6.43929404259227,6.550604652383042,6.43929404259227,6.500514984130859,1940600,0.0,0.0
2013-01-23 00:00:00-05:00,6.511645713268511,6.567301018049533,6.43929402936051,6.489383697509766,1775300,0.0,0.0
2013-01-24 00:00:00-05:00,6.467120000635297,6.51164402057885,6.14988622584543,6.177713871002197,2427600,0.0,0.0
2013-01-25 00:00:00-05:00,6.199976122720583,6.289024166079812,6.172148476478774,6.233368873596191,2263800,0.0,0.0
2013-01-28 00:00:00-05:00,6.25006581833101,6.294590374834419,6.216673064413772,6.261197090148926,996700,0.0,0.0
2013-01-29 00:00:00-05:00,6.277896017345328,6.327985699337116,6.261199633604221,6.316854953765869,1418800,0.0,0.0
2013-01-30 00:00:00-05:00,6.339113530962943,6.34467863534022,6.27789260589927,6.2890238761901855,1443100,0.0,0.0
2013-01-31 00:00:00-05:00,6.2723286849890085,6.350245468654082,6.266763048793423,6.344679832458496,1449400,0.0,0.0
2013-02-01 00:00:00-05:00,6.400335075657754,6.478252389394515,6.378073061842719,6.461555480957031,1466400,0.0,0.0
2013-02-04 00:00:00-05:00,6.4337282107832845,6.467120965338067,6.400334925460238,6.428162574768066,1070400,0.0,0.0
2013-02-05 00:00:00-05:00,6.439293549164849,6.511645227677388,6.422597171282965,6.4838175773620605,1109000,0.0,0.0
2013-02-06 00:00:00-05:00,6.455988883972167,6.483815996735511,6.378071588237607,6.455988883972168,1136400,0.0,0.0
2013-02-07 00:00:00-05:00,6.4726869851069395,6.506079741641517,6.366942017621423,6.394769668579102,1391000,0.0,0.0
2013-02-08 00:00:00-05:00,6.411467221647978,6.467121998385572,6.372508294086478,6.444859981536865,1094800,0.0,0.0
2013-02-11 00:00:00-05:00,6.42259663054424,6.4893826672171295,6.42259663054424,6.472686290740967,852200,0.0,0.0
2013-02-12 00:00:00-05:00,6.489384414965474,6.5673017441196535,6.489384414965474,6.561736106872559,982900,0.0,0.0
2013-02-13 00:00:00-05:00,6.5672993659973145,6.617389021546151,6.53390608537536,6.5672993659973145,1538500,0.0,0.0
2013-02-14 00:00:00-05:00,6.550605363146751,6.583998125092555,6.533908451405467,6.561736106872559,841100,0.0,0.0
2013-02-15 00:00:00-05:00,6.572865857574916,6.595127870633896,6.511644923586529,6.533906936645508,717700,0.0,0.0
2013-02-19 00:00:00-05:00,6.556170079026274,6.611825386644662,6.4949496652607275,6.589563369750977,3695500,0.0,0.0
2013-02-20 00:00:00-05:00,6.589561987610582,6.645216752787204,6.472686290740967,6.472686290740967,1213300,0.0,0.0
2013-02-21 00:00:00-05:00,6.4671220779418945,6.511646112187029,6.439294423846596,6.4671220779418945,2096100,0.0,0.0
2013-02-22 00:00:00-05:00,6.494949968593467,6.689743023586867,6.494949968593467,6.673046112060547,2654800,0.0,0.0
2013-02-25 00:00:00-05:00,6.678611437325717,6.684177074241226,6.5728669897728,6.589563369750977,2313800,0.0,0.0
2013-02-26 00:00:00-05:00,6.611823386314461,6.628519761241343,6.494947700289905,6.5672993659973145,3420300,0.0,0.0
2013-02-27 00:00:00-05:00,6.567301575954345,6.645218372344971,6.522777540654454,6.645218372344971,2800100,0.0,0.0
2013-02-28 00:00:00-05:00,6.645217046976723,6.728699994589875,6.628520669761397,6.684175968170166,2101200,0.0,0.0
2013-03-01 00:00:00-05:00,6.650783770585778,6.661915044395153,6.489384015728274,6.578432083129883,2696900,0.0,0.0
2013-03-04 00:00:00-05:00,6.5895616409612305,6.67304404971862,6.556168358997348,6.639651298522949,1586100,0.0,0.0
2013-03-05 00:00:00-05:00,6.678611044162439,6.7732247430828725,6.650783391991432,6.745397090911865,2664300,0.0,0.0
2013-03-06 00:00:00-05:00,6.767658635217851,6.862272327549703,6.734265879552657,6.750962257385254,2711200,0.0,0.0
2013-03-07 00:00:00-05:00,6.801806470617575,6.863949027006575,6.688819759563423,6.705767631530762,2084400,0.18,0.0
2013-03-08 00:00:00-05:00,6.734015434421122,6.750963308881147,6.671872868892221,6.683171272277832,2814200,0.0,0.0
2013-03-11 00:00:00-04:00,6.705766664111977,6.897844314575195,6.6888187945896505,6.897844314575195,1679700,0.0,0.0
2013-03-12 00:00:00-04:00,6.903493186341395,7.061674545302528,6.892194248462665,7.010830402374268,2600400,0.0,0.0
2013-03-13 00:00:00-04:00,7.033427739368715,7.044726677247445,6.954337329269655,7.010830402374268,1069300,0.0,0.0
2013-03-14 00:00:00-04:00,7.022128636671678,7.089920640862609,6.999531301941367,7.072972774505615,813600,0.0,0.0
2013-03-15 00:00:00-04:00,7.0503775310336625,7.129468501474745,7.005182844713946,7.084273815155029,2136900,0.0,0.0
2013-03-18 00:00:00-04:00,7.027778246381481,7.101219726052884,7.005180909464357,7.033427715301514,1463700,0.0,0.0
2013-03-19 00:00:00-04:00,7.033428116303961,7.16336321505777,7.0277786470618295,7.10122013092041,1801200,0.0,0.0
2013-03-20 00:00:00-04:00,7.118169659191461,7.169013274085338,7.06732550553446,7.135117530822754,1563500,0.0,0.0
2013-03-21 00:00:00-04:00,7.123818970576681,7.180312597378782,7.112520568474153,7.1294684410095215,1863800,0.0,0.0
2013-03-22 00:00:00-04:00,7.135116357133611,7.208557840472638,7.1068695498858245,7.146414756774902,2084300,0.0,0.0
2013-03-25 00:00:00-04:00,7.1746628120069635,7.208559094352943,7.101221315893282,7.163364410400391,1700800,0.0,0.0
2013-03-26 00:00:00-04:00,7.152064323425293,7.21420740796974,7.101220177439125,7.152064323425293,1641000,0.0,0.0
2013-03-27 00:00:00-04:00,7.118170261383056,7.14641653690378,7.0786245058803345,7.118170261383057,1403400,0.0,0.0
2013-03-28 00:00:00-04:00,7.1351151043355845,7.20290710656939,7.084270967969494,7.180309772491455,1799800,0.0,0.0
2013-04-01 00:00:00-04:00,7.231156886933624,7.265052632628662,7.112520699474659,7.185962200164795,1370300,0.0,0.0
2013-04-02 00:00:00-04:00,7.208561765483231,7.259405938460929,7.185964415133514,7.2255096435546875,1204500,0.0,0.0
2013-04-03 00:00:00-04:00,7.242454440178918,7.287649121649371,7.089922524906912,7.095571994781494,1848500,0.0,0.0
2013-04-04 00:00:00-04:00,7.112518294489462,7.231154441833496,7.039076818632395,7.231154441833496,1344500,0.0,0.0
2013-04-05 00:00:00-04:00,7.1520629702033,7.2142060429898285,7.084270967969494,7.180309772491455,1292300,0.0,0.0
2013-04-08 00:00:00-04:00,7.1746634505208835,7.24810495317054,7.135118233233829,7.24245548248291,879000,0.0,0.0
2013-04-09 00:00:00-04:00,7.281999817419043,7.327194496573788,7.19725938993159,7.3158955574035645,1361000,0.0,0.0
2013-04-10 00:00:00-04:00,7.34414415220497,7.445832474408957,7.3045989330204,7.406286716461182,1594600,0.0,0.0
2013-04-11 00:00:00-04:00,7.411936187419893,7.440183003450246,7.3158973361746185,7.406286716461182,1909900,0.0,0.0
2013-04-12 00:00:00-04:00,7.3836865660698665,7.491024318451214,7.349790830722177,7.36108922958374,1587700,0.0,0.0
2013-04-15 00:00:00-04:00,7.3384948814523225,7.34414435256516,7.112521424570989,7.123819828033447,2187600,0.0,0.0
2013-04-16 00:00:00-04:00,7.163361587635927,7.253750919922589,7.1577121196772815,7.23680305480957,1967300,0.0,0.0
2013-04-17 00:00:00-04:00,7.191608450988215,7.2142063247115615,7.1012191111466825,7.169011116027832,1585300,0.0,0.0
2013-04-18 00:00:00-04:00,7.174664324863693,7.197261671604868,6.965638732817011,6.971288204193115,1860700,0.0,0.0
2013-04-19 00:00:00-04:00,6.993882534319185,7.067324014241892,6.948687860330289,7.010830402374268,4353600,0.0,0.0
2013-04-22 00:00:00-04:00,7.039080137918489,7.140768466096901,6.976937570011258,7.112521648406982,1014200,0.0,0.0
2013-04-23 00:00:00-04:00,7.152064667692456,7.265051364898682,7.13511679780229,7.265051364898682,1518700,0.0,0.0
2013-04-24 00:00:00-04:00,7.282001307712692,7.423234843666105,7.276351836971392,7.417585372924805,1424500,0.0,0.0
2013-04-25 00:00:00-04:00,7.615308551563071,7.796087762080191,7.4175820140226705,7.440179347991943,9116300,0.0,0.0
2013-04-26 00:00:00-04:00,7.462778568267822,7.5588173966029295,7.434531758975778,7.462778568267822,2105600,0.0,0.0
2013-04-29 00:00:00-04:00,7.513619456808542,7.553164649399465,7.4684247970581055,7.4684247970581055,2102500,0.0,0.0
2013-04-30 00:00:00-04:00,7.468428883407797,7.626610279083253,7.468428883407797,7.626610279083252,1550000,0.0,0.0
2013-05-01 00:00:00-04:00,7.609662072596305,7.654856755088383,7.502324297605288,7.513623237609863,1121800,0.0,0.0
2013-05-02 00:00:00-04:00,7.5305710244669894,7.587064646330583,7.5305710244669894,7.581415176391602,911200,0.0,0.0
2013-05-03 00:00:00-04:00,7.63226057657503,7.756545702980838,7.63226057657503,7.717000484466553,1597400,0.0,0.0
2013-05-06 00:00:00-04:00,7.745246573363504,7.796090728833526,7.688752947560559,7.7791428565979,2294300,0.0,0.0
2013-05-07 00:00:00-04:00,7.813038167359827,7.880830191302274,7.784791356026362,7.875180721282959,1162800,0.0,0.0
2013-05-08 00:00:00-04:00,7.852583262285029,7.959921035990941,7.852583262285029,7.920375823974609,1741500,0.0,0.0
2013-05-09 00:00:00-04:00,7.926024561300177,7.98816765153528,7.892128820047478,7.909076690673828,1231400,0.0,0.0
2013-05-10 00:00:00-04:00,7.914722143463299,7.965566268300213,7.852579084768041,7.897773742675781,1126700,0.0,0.0
2013-05-13 00:00:00-04:00,7.9090779940429,7.954272682336377,7.875181708441202,7.926025867462158,1360300,0.0,0.0
2013-05-14 00:00:00-04:00,7.931672009310383,8.044658682624187,7.926022540953954,8.022061347961426,933500,0.0,0.0
2013-05-15 00:00:00-04:00,8.010764790202202,8.185894039377628,7.999465850893812,8.163296699523926,1487400,0.0,0.0
2013-05-16 00:00:00-04:00,8.168948669135938,8.185896544522034,7.920377854674644,7.948624134063721,1363600,0.0,0.0
2013-05-17 00:00:00-04:00,7.971219297940764,8.044660789519792,7.9542714271957875,8.03336238861084,783800,0.0,0.0
2013-05-20 00:00:00-04:00,8.022061347961426,8.101152288662567,8.016411879604997,8.022061347961426,1127600,0.0,0.0
2013-05-21 00:00:00-04:00,8.027715274717313,8.050312621930095,7.914728538653401,7.982520580291748,1395900,0.0,0.0
2013-05-22 00:00:00-04:00,7.976868711942318,8.095504883852948,7.863882009828168,7.909076690673828,1929200,0.0,0.0
2013-05-23 00:00:00-04:00,7.835634876016609,7.880829554995842,7.733946578931802,7.869531154632568,1300300,0.0,0.0
2013-05-24 00:00:00-04:00,7.829984050738399,7.846932456493399,7.73394523984531,7.8017377853393555,855400,0.0,0.0
2013-05-28 00:00:00-04:00,7.863882320007441,8.050310520539949,7.813038167359827,7.875180721282959,1053200,0.0,0.0
2013-05-29 00:00:00-04:00,7.829985618591309,7.8921287079437,7.728297857514544,7.829985618591309,1344400,0.0,0.0
2013-05-30 00:00:00-04:00,7.8412865637516465,7.892130726677034,7.7791439972668535,7.835637092590332,1076900,0.0,0.0
2013-05-31 00:00:00-04:00,7.875698635093896,7.927211285319505,7.778397083744802,7.789844036102295,1160400,0.18,0.0
2013-06-03 00:00:00-04:00,7.801294175170613,7.83563558971497,7.578072797244517,7.646756172180176,1588500,0.0,0.0
2013-06-04 00:00:00-04:00,7.646757723565293,7.726888616837435,7.503667193623858,7.5494561195373535,1188600,0.0,0.0
2013-06-05 00:00:00-04:00,7.538007712314015,7.566625921971811,7.412087917327881,7.412087917327881,1117800,0.0,0.0
2013-06-06 00:00:00-04:00,7.412086264392238,7.5551767349243155,7.360573607665199,7.555176734924316,965200,0.0,0.0
2013-06-07 00:00:00-04:00,7.6124140281759205,7.635308484293944,7.53800690933062,7.5780720710754395,1310100,0.0,0.0
2013-06-10 00:00:00-04:00,7.583794938200096,7.606689391651356,7.520835327670841,7.555176734924316,961500,0.0,0.0
2013-06-11 00:00:00-04:00,7.377745482526649,7.503664714258932,7.377745482526649,7.423534393310547,1160300,0.0,0.0
2013-06-12 00:00:00-04:00,7.463601101505041,7.515113773280782,7.326234340667725,7.326234340667725,1101900,0.0,0.0
2013-06-13 00:00:00-04:00,7.320510797546273,7.475048817272352,7.297616336755039,7.469325065612793,1221900,0.0,0.0
2013-06-14 00:00:00-04:00,7.480770966358339,7.583796298289132,7.337680470164204,7.354851722717285,1533300,0.0,0.0
2013-06-17 00:00:00-04:00,7.406365075536902,7.452154544119307,7.3376816914338185,7.360576152801514,4008400,0.0,0.0
2013-06-18 00:00:00-04:00,7.389194878840122,7.566627376140204,7.366300415883375,7.5494561195373535,1028400,0.0,0.0
2013-06-19 00:00:00-04:00,7.555177240725859,7.572347945502136,7.406363010406494,7.406363010406494,852900,0.0,0.0
2013-06-20 00:00:00-04:00,7.343403724871678,7.372021931346353,7.1259061198497875,7.154524326324463,1373700,0.0,0.0
2013-06-21 00:00:00-04:00,7.16024938870249,7.2003145575997145,7.074394753548024,7.114460468292236,2144100,0.0,0.0
2013-06-24 00:00:00-04:00,7.028606737491299,7.051501200642201,6.879792999933971,6.937028884887695,1070000,0.0,0.0
2013-06-25 00:00:00-04:00,7.005711327030262,7.080118458671146,6.937027946864905,7.062947750091553,948400,0.0,0.0
2013-06-26 00:00:00-04:00,7.125904692192718,7.257548197263024,7.091563287980831,7.240376949310303,1163700,0.0,0.0
2013-06-27 00:00:00-04:00,7.280444745514937,7.35485187053293,7.228932078514254,7.320509910583496,1455200,0.0,0.0
2013-06-28 00:00:00-04:00,7.2918910800245715,7.389192654765693,7.206037006239766,7.366298198699951,1749800,0.0,0.0
2013-07-01 00:00:00-04:00,7.4063642917111645,7.47504821439235,7.36057537382168,7.440706253051758,1059100,0.0,0.0
2013-07-02 00:00:00-04:00,7.446430604821559,7.549455405458611,7.412088640711208,7.469325065612793,1307000,0.0,0.0
2013-07-03 00:00:00-04:00,7.434981346130371,7.446428846746775,7.337679774278424,7.434981346130371,770300,0.0,0.0
2013-07-05 00:00:00-04:00,7.515111981921666,7.566624641418458,7.4178104130603595,7.566624641418457,893100,0.0,0.0
2013-07-08 00:00:00-04:00,7.58379860265166,7.6753764607066355,7.578074850061451,7.600969314575195,1021300,0.0,0.0
2013-07-09 00:00:00-04:00,7.65248124219971,7.74405909123159,7.572350351373297,7.732612133026123,1210200,0.0,0.0
2013-07-10 00:00:00-04:00,7.7383335881908515,7.749780542998678,7.566624899298451,7.635308265686035,895700,0.0,0.0
2013-07-11 00:00:00-04:00,7.726885711307786,7.824187278747559,7.681096802612229,7.824187278747559,917500,0.0,0.0
2013-07-12 00:00:00-04:00,7.807014743914025,7.887145042419434,7.755502097248137,7.887145042419434,627500,0.0,0.0
2013-07-15 00:00:00-04:00,7.932937823808829,8.013068707387621,7.858530691738591,7.938661575317383,1799800,0.0,0.0
2013-07-16 00:00:00-04:00,7.950109193529566,7.96155615086555,7.812741884568793,7.829913139343262,924900,0.0,0.0
2013-07-17 00:00:00-04:00,7.88714949310268,7.978727340698243,7.85853127926731,7.978727340698242,1233700,0.0,0.0
2013-07-18 00:00:00-04:00,8.007341924322635,8.138985429944587,7.990171222144738,8.133261680603027,1322700,0.0,0.0
2013-07-19 00:00:00-04:00,8.104644978237854,8.133263184390186,8.058856066732872,8.110368728637695,1078400,0.0,0.0
2013-07-22 00:00:00-04:00,8.116092333206069,8.179051948932427,8.081750377270955,8.156157493591309,640100,0.0,0.0
2013-07-23 00:00:00-04:00,8.179053367589933,8.213395329481664,7.99589769309262,8.018792152404785,1399000,0.0,0.0
2013-07-24 00:00:00-04:00,8.030239416066294,8.058857627762077,7.892872654942927,7.938661575317383,1303100,0.0,0.0
2013-07-25 00:00:00-04:00,7.950107255940504,8.19622251007474,7.938659755547494,8.190499305725098,1292100,0.0,0.0
2013-07-26 00:00:00-04:00,8.12754114330672,8.156159355477795,8.047410804244103,8.104646682739258,1225400,0.0,0.0
2013-07-29 00:00:00-04:00,8.104645123168002,8.104645123168002,8.041685505184507,8.076026916503906,1105600,0.0,0.0
2013-07-30 00:00:00-04:00,8.09892222650021,8.190500606649403,8.093199021241531,8.17332935333252,1065100,0.0,0.0
2013-07-31 00:00:00-04:00,8.167607930683367,8.333592928044737,8.167607930683367,8.27063274383545,1894500,0.0,0.0
2013-08-01 00:00:00-04:00,8.362208322109236,8.539640775886971,8.356485117159181,8.511022567749023,2323100,0.0,0.0
2013-08-02 00:00:00-04:00,8.49957696219403,8.545365884149733,8.40799857243562,8.533918380737305,1253100,0.0,0.0
2013-08-05 00:00:00-04:00,8.562535433554292,8.579706140500013,8.465233851116986,8.528193473815918,1126100,0.0,0.0
2013-08-06 00:00:00-04:00,8.533917224746803,8.551087931692523,8.442339393240381,8.528193473815918,965700,0.0,0.0
2013-08-07 00:00:00-04:00,8.516747784997165,8.516747784997165,8.385104223234409,8.436616897583008,1112600,0.0,0.0
2013-08-08 00:00:00-04:00,8.448063144171266,8.573982389569128,8.419444935363776,8.528193473815918,1361600,0.0,0.0
2013-08-09 00:00:00-04:00,8.505299620042138,8.591154252562571,8.488128911876839,8.545365333557129,897200,0.0,0.0
2013-08-12 00:00:00-04:00,8.511023563849326,8.619772658331753,8.488129103828864,8.573983192443848,748000,0.0,0.0
2013-08-13 00:00:00-04:00,8.573983595466173,8.631220021131229,8.493853254551505,8.585431098937988,837000,0.0,0.0
2013-08-14 00:00:00-04:00,8.585431098937988,8.619773063506424,8.516747715648124,8.585431098937988,727300,0.0,0.0
2013-08-15 00:00:00-04:00,8.499574602414397,8.499574602414397,8.356484124568006,8.4480619430542,1061800,0.0,0.0
2013-08-16 00:00:00-04:00,8.436616544601533,8.539641888988232,8.425169587362449,8.465234756469727,688500,0.0,0.0
2013-08-19 00:00:00-04:00,8.442338426475523,8.442338426475523,8.287800444119982,8.304971694946289,1050400,0.0,0.0
2013-08-20 00:00:00-04:00,8.316420250462418,8.436616300148527,8.287802039423443,8.396551132202148,640100,0.0,0.0
2013-08-21 00:00:00-04:00,8.379379568937205,8.385102773883458,8.224841572603038,8.299248695373535,1262700,0.0,0.0
2013-08-22 00:00:00-04:00,8.299248992782633,8.436615741659908,8.276354534636422,8.430891990661621,791300,0.0,0.0
2013-08-23 00:00:00-04:00,8.465231691670487,8.493849893177588,8.379377632995975,8.459507942199707,665000,0.0,0.0
2013-08-26 00:00:00-04:00,8.476681452800985,8.52247036909341,8.40227432736406,8.430891990661621,769700,0.0,0.0
2013-08-27 00:00:00-04:00,8.345036944796382,8.345036944796382,8.18477575629126,8.207670211791992,1183200,0.0,0.0
2013-08-28 00:00:00-04:00,8.207669662223235,8.270629274172881,8.156157004334052,8.242011070251465,1645500,0.0,0.0
2013-08-29 00:00:00-04:00,8.21339591545026,8.327868220177884,8.21339591545026,8.259184837341309,775000,0.0,0.0
2013-08-30 00:00:00-04:00,8.270630123153076,8.27635387369427,8.110368928927903,8.12753963470459,1135600,0.0,0.0
2013-09-03 00:00:00-04:00,8.207668231572484,8.282075330459785,7.9272110828911755,8.007341384887695,3069900,0.0,0.0
2013-09-04 00:00:00-04:00,8.059528324966825,8.140703631692059,7.966756861830295,8.129107475280762,1563500,0.18,0.0
2013-09-05 00:00:00-04:00,8.123308705631265,8.22187851841897,8.094317486641673,8.134904861450195,975000,0.0,0.0
2013-09-06 00:00:00-04:00,8.152300818622425,8.152300818622425,7.966757328518787,8.042134284973145,966500,0.0,0.0
2013-09-09 00:00:00-04:00,8.059527913261862,8.134904861450195,8.047931757442932,8.134904861450195,780700,0.0,0.0
2013-09-10 00:00:00-04:00,8.192886900841046,8.262465491254124,8.163895683261893,8.256667137145996,933000,0.0,0.0
2013-09-11 00:00:00-04:00,8.256666666762909,8.320447452395745,8.210280942463456,8.28565788269043,905700,0.0,0.0
2013-09-12 00:00:00-04:00,8.2972535887972,8.36103381377054,8.221876657667952,8.23927116394043,869300,0.0,0.0
2013-09-13 00:00:00-04:00,8.239272158390976,8.308850744840155,8.221877650019046,8.28565788269043,1119300,0.0,0.0
2013-09-16 00:00:00-04:00,8.430613594843575,8.587165832519531,8.419017439994317,8.587165832519531,2130500,0.0,0.0
2013-09-17 00:00:00-04:00,8.575570645726238,8.656745955914662,8.500193690471606,8.639350891113281,1502600,0.0,0.0
2013-09-18 00:00:00-04:00,8.639349480153843,8.70892862207273,8.60456046215587,8.662542343139648,1113900,0.0,0.0
2013-09-19 00:00:00-04:00,8.674138482775021,8.703129697848112,8.563972529050998,8.604559898376465,1039200,0.0,0.0
2013-09-20 00:00:00-04:00,8.63355456162768,8.761115074157715,8.587168820169184,8.761115074157715,7507000,0.0,0.0
2013-09-23 00:00:00-04:00,8.766911982974952,8.807499361811187,8.645149293504678,8.737920761108398,1342600,0.0,0.0
2013-09-24 00:00:00-04:00,8.737919814743973,8.882875355415699,8.720525304692588,8.795902252197266,1190800,0.0,0.0
2013-09-25 00:00:00-04:00,8.801701100544584,8.894472563307597,8.761113170864615,8.819095611572266,986400,0.0,0.0
2013-09-26 00:00:00-04:00,8.842289924621582,8.9292630469578,8.7901058300352,8.842289924621582,880400,0.0,0.0
2013-09-27 00:00:00-04:00,8.819094682271633,8.894471626064217,8.749516092531127,8.871278762817383,1171700,0.0,0.0
2013-09-30 00:00:00-04:00,8.801699788108628,8.92926025390625,8.732121201411346,8.92926025390625,1625200,0.0,0.0
2013-10-01 00:00:00-04:00,8.911865703770923,9.039426721933102,8.89447119541836,8.9466552734375,2474900,0.0,0.0
2013-10-02 00:00:00-04:00,8.871279199701943,8.89447206409096,8.755314877756865,8.795902252197266,1484800,0.0,0.0
2013-10-03 00:00:00-04:00,8.790102388451341,8.795900741793297,8.633550718948412,8.732120513916016,1737400,0.0,0.0
2013-10-04 00:00:00-04:00,8.72052386464958,8.790102446326934,8.668339790151212,8.77270793914795,1176200,0.0,0.0
2013-10-07 00:00:00-04:00,8.726323637269823,8.801700584586538,8.69733241861547,8.743718147277832,1139000,0.0,0.0
2013-10-08 00:00:00-04:00,8.732122326840921,8.76691134819258,8.52338598688488,8.529184341430664,1405200,0.0,0.0
2013-10-09 00:00:00-04:00,8.569771646968283,8.569771646968283,8.349439152691179,8.436412811279297,1709900,0.0,0.0
2013-10-10 00:00:00-04:00,8.552377778952625,8.67414046775448,8.546579424018832,8.639350891113281,1744600,0.0,0.0
2013-10-11 00:00:00-04:00,8.592965629107635,8.743719547889564,8.581369471565267,8.726325035095215,1105300,0.0,0.0
2013-10-14 00:00:00-04:00,8.685736672340914,8.743719116074022,8.610360269634066,8.737920761108398,1330700,0.0,0.0
2013-10-15 00:00:00-04:00,8.737917779595984,8.772707344557425,8.639347990660175,8.656743049621582,950300,0.0,0.0
2013-10-16 00:00:00-04:00,8.732123932798265,8.853886635845944,8.703132707698984,8.842289924621582,992800,0.0,0.0
2013-10-17 00:00:00-04:00,8.819093269843524,8.90606635484955,8.778505903902229,8.9002685546875,1483200,0.0,0.0
2013-10-18 00:00:00-04:00,8.952452602713691,8.952452602713691,8.853883358599932,8.911865234375,4117900,0.0,0.0
2013-10-21 00:00:00-04:00,8.952452242064652,9.114802814801973,8.929259382096664,9.091609954833984,1398300,0.0,0.0
2013-10-22 00:00:00-04:00,9.143796475242203,9.207576718983926,9.097410189930029,9.1611909866333,1121600,0.0,0.0
2013-10-23 00:00:00-04:00,9.120600564182848,9.137995623782828,8.96404889851278,8.981443405151367,1457200,0.0,0.0
2013-10-24 00:00:00-04:00,9.18437979060166,9.549667133057616,9.166985286904067,9.369922637939453,2909000,0.0,0.0
2013-10-25 00:00:00-04:00,9.497488953223307,9.694628627139299,9.456901568462362,9.671436309814453,2142200,0.0,0.0
2013-10-28 00:00:00-04:00,9.712018050796848,9.741008707086884,9.636641680889166,9.694622993469238,1352700,0.0,0.0
2013-10-29 00:00:00-04:00,9.752607415647157,9.856975569209983,9.712020046133365,9.851177215576172,1675700,0.0,0.0
2013-10-30 00:00:00-04:00,9.85697927321541,9.903365013793609,9.758409436246325,9.78160285949707,2594800,0.0,0.0
2013-10-31 00:00:00-04:00,9.81058870265862,9.839579361525992,9.717817267175732,9.735212326049805,2887300,0.0,0.0
2013-11-01 00:00:00-04:00,9.741012573242188,9.804793369501699,9.723618614933658,9.741012573242188,1974500,0.0,0.0
2013-11-04 00:00:00-05:00,9.781602899796274,9.827988640565579,9.746812764776825,9.822190284729004,1232300,0.0,0.0
2013-11-05 00:00:00-05:00,9.804794370818636,9.909162555020792,9.77000534472565,9.839583396911621,1522900,0.0,0.0
2013-11-06 00:00:00-05:00,9.92075632625258,9.961343695655884,9.827984880209918,9.926554679870605,1266000,0.0,0.0
2013-11-07 00:00:00-05:00,9.984534948698588,9.984534948698588,9.659834921874658,9.700422286987305,2102800,0.0,0.0
2013-11-08 00:00:00-05:00,9.688827546728954,9.839581437678413,9.665635235926025,9.798994064331055,1190600,0.0,0.0
2013-11-11 00:00:00-05:00,9.822186553329999,9.868572276477602,9.729415107034793,9.851177215576172,1143000,0.0,0.0
2013-11-12 00:00:00-05:00,9.845380716702,9.862775780880463,9.694626811591222,9.752609252929688,766900,0.0,0.0
2013-11-13 00:00:00-05:00,9.729417026057698,9.955547332763672,9.712021961725279,9.955547332763672,1096600,0.0,0.0
2013-11-14 00:00:00-05:00,9.967141229866165,10.083104974924572,9.914957157516909,10.06571102142334,1018000,0.0,0.0
2013-11-15 00:00:00-05:00,10.065715814188993,10.088908131874527,9.949750907991403,10.001935005187988,969200,0.0,0.0
2013-11-18 00:00:00-05:00,10.042519509615433,10.106300300319218,9.938151345163059,9.943949699401855,1562600,0.0,0.0
2013-11-19 00:00:00-05:00,9.961342765197372,10.02512354311521,9.874369680896624,9.914957046508789,1118600,0.0,0.0
2013-11-20 00:00:00-05:00,9.949748001916173,9.972941418750791,9.874371609049636,9.903362274169922,783600,0.0,0.0
2013-11-21 00:00:00-05:00,9.955548327216185,10.0889071826499,9.949749971859518,10.054118156433105,796900,0.0,0.0
2013-11-22 00:00:00-05:00,10.083104974924572,10.117895093772596,10.036719255716653,10.06571102142334,1315200,0.0,0.0
2013-11-25 00:00:00-05:00,10.112097670802436,10.11789602447714,9.978737748129994,10.013527870178223,1307900,0.0,0.0
2013-11-26 00:00:00-05:00,10.042519474647733,10.054116183084949,9.961344727433195,10.019327163696289,949200,0.0,0.0
2013-11-27 00:00:00-05:00,10.042517656375123,10.059912715881442,9.93235115801401,9.978736877441406,1053300,0.0,0.0
2013-11-29 00:00:00-05:00,10.001932063682377,10.054116145531948,9.972941398620605,9.972941398620605,629800,0.0,0.0
2013-12-02 00:00:00-05:00,9.978802680368316,9.990520917622502,9.767858763124234,9.920207023620605,1823300,0.18,0.0
2013-12-03 00:00:00-05:00,9.838168052958443,9.849886283397415,9.668240858980074,9.761993408203125,1493500,0.0,0.0
2013-12-04 00:00:00-05:00,9.756137282406513,9.867468894206292,9.63308743590593,9.726840019226074,1012000,0.0,0.0
2013-12-05 00:00:00-05:00,9.71512063027926,9.76785659790039,9.66238466265813,9.76785659790039,1334700,0.0,0.0
2013-12-06 00:00:00-05:00,9.849891106781081,9.931925465736485,9.820593839909282,9.879189491271973,1441400,0.0,0.0
2013-12-09 00:00:00-05:00,9.879191299617078,9.996381506174549,9.849892909763238,9.961224555969238,998900,0.0,0.0
2013-12-10 00:00:00-05:00,9.955363403905878,9.955363403905878,9.814734506288282,9.832313537597656,1413700,0.0,0.0
2013-12-11 00:00:00-05:00,9.808873969859778,9.937783501977755,9.52175652267494,9.533475875854492,1817500,0.0,0.0
2013-12-12 00:00:00-05:00,9.504177492905612,9.592071524133223,9.457301197806435,9.533475875854492,1240600,0.0,0.0
2013-12-13 00:00:00-05:00,9.574491557697119,9.580351233713646,9.375267043610874,9.433862686157227,1118800,0.0,0.0
2013-12-16 00:00:00-05:00,9.463157390918353,9.650662502292652,9.4338601363731,9.627224922180176,1975700,0.0,0.0
2013-12-17 00:00:00-05:00,9.562772473483818,9.562772473483818,9.392846334721176,9.469019889831543,1892200,0.0,0.0
2013-12-18 00:00:00-05:00,9.504177154195466,9.586211505909757,9.33425100962392,9.580351829528809,2104600,0.0,0.0
2013-12-19 00:00:00-05:00,9.57449370889923,9.592072740898477,9.486600784141334,9.510038375854492,995900,0.0,0.0
2013-12-20 00:00:00-05:00,9.53347599253601,9.855750385584832,9.53347599253601,9.84989070892334,3967500,0.0,0.0
2013-12-23 00:00:00-05:00,9.902624815976697,9.961220453935379,9.844029178018017,9.867467880249023,1421900,0.0,0.0
2013-12-24 00:00:00-05:00,9.90262630027465,9.949502594144082,9.83231241828,9.937783241271973,449900,0.0,0.0
2013-12-26 00:00:00-05:00,9.967082105102916,10.019818077956826,9.873329512833536,9.885048866271973,804900,0.0,0.0
2013-12-27 00:00:00-05:00,9.920204728485917,9.984660047757961,9.814732794265822,9.949501991271973,916400,0.0,0.0
2013-12-30 00:00:00-05:00,9.902626061635972,10.06083396873986,9.879188474075569,10.019817352294922,1062500,0.0,0.0
2013-12-31 00:00:00-05:00,10.10185055947807,10.142867175818632,10.031536679356813,10.119429588317871,1224200,0.0,0.0
2014-01-02 00:00:00-05:00,10.054976768465574,10.107712750486346,9.914347855616596,9.990521430969238,1064800,0.0,0.0
2014-01-03 00:00:00-05:00,9.990519612686818,10.060834615123547,9.937783640264032,9.967082023620605,934200,0.0,0.0
2014-01-06 00:00:00-05:00,10.037393695396318,10.054972721534444,9.855748229110898,9.873327255249023,1723600,0.0,0.0
2014-01-07 00:00:00-05:00,9.931925734913001,10.060835277309373,9.82645378312546,10.031538009643555,1461200,0.0,0.0
2014-01-08 00:00:00-05:00,10.049116879722435,10.10185286063589,9.961223950739754,9.972943305969238,2406300,0.0,0.0
2014-01-09 00:00:00-05:00,10.013957966978394,10.025677319908617,9.826452790570867,9.955362319946289,1411500,0.0,0.0
2014-01-10 00:00:00-05:00,9.972942356692796,10.03739656908142,9.90262734962806,10.031538009643555,1079900,0.0,0.0
2014-01-13 00:00:00-05:00,10.019819397848917,10.025679075340019,9.644807861752767,9.662386894226074,1417300,0.0,0.0
2014-01-14 00:00:00-05:00,9.715123382788354,9.803016314519265,9.656527722427994,9.79129695892334,1249600,0.0,0.0
2014-01-15 00:00:00-05:00,9.832312282568164,9.87918857579058,9.77957631299057,9.83817195892334,1059900,0.0,0.0
2014-01-16 00:00:00-05:00,9.867469173234644,9.88504820221137,9.7737165872634,9.820592880249023,762500,0.0,0.0
2014-01-17 00:00:00-05:00,9.826452606212989,9.890906810881944,9.77957631299057,9.83817195892334,3709600,0.0,0.0
2014-01-21 00:00:00-05:00,9.890906760917963,9.961221759205886,9.797154174946721,9.820592880249023,1326700,0.0,0.0
2014-01-22 00:00:00-05:00,9.838172570137282,9.896767102091351,9.773717243844937,9.885048866271973,1266800,0.0,0.0
2014-01-23 00:00:00-05:00,9.885048267832403,10.031536824087294,9.586211478958147,9.679964065551758,2229300,0.0,0.0
2014-01-24 00:00:00-05:00,9.586213294637234,9.621370241864001,9.047134702000667,9.070572853088379,2707700,0.0,0.0
2014-01-27 00:00:00-05:00,9.099868743475783,9.22291915018025,8.935801720806323,9.170183181762695,2157900,0.0,0.0
2014-01-28 00:00:00-05:00,9.170184439800263,9.217060738422395,9.088151196616312,9.193622589111328,1297600,0.0,0.0
2014-01-29 00:00:00-05:00,9.111589081808981,9.19948199947533,9.064712784545657,9.099869728088379,1443400,0.0,0.0
2014-01-30 00:00:00-05:00,9.18190414379782,9.258078271664292,9.082291865727015,9.234640121459961,1187300,0.0,0.0
2014-01-31 00:00:00-05:00,9.058851524941982,9.252216357071287,9.011975235868784,9.152604103088379,1485300,0.0,0.0
2014-02-03 00:00:00-05:00,9.111587621404867,9.117447297325981,8.59594787534543,8.613526344299316,3096100,0.0,0.0
2014-02-04 00:00:00-05:00,8.636964841484426,8.683841133146554,8.320549593360326,8.625246047973633,7693800,0.0,0.0
2014-02-05 00:00:00-05:00,8.631105428762524,8.689701074533374,8.519774372369298,8.66040325164795,1328100,0.0,0.0
2014-02-06 00:00:00-05:00,8.707283020019531,8.742440533276119,8.62524975377035,8.707283020019531,1214200,0.0,0.0
2014-02-07 00:00:00-05:00,8.765878019590724,8.824473684272604,8.71900171136909,8.81861400604248,1212500,0.0,0.0
2014-02-10 00:00:00-05:00,8.812752981784739,8.894786788047892,8.76001700338768,8.87720775604248,1079100,0.0,0.0
2014-02-11 00:00:00-05:00,8.877205529378147,9.017834956099497,8.853767384726163,8.982677459716797,1515300,0.0,0.0
2014-02-12 00:00:00-05:00,8.9826816318159,9.058855777017076,8.85963117553857,8.935805320739746,1212900,0.0,0.0
2014-02-13 00:00:00-05:00,8.877204290377144,8.98853588104248,8.818609216330087,8.98853588104248,962900,0.0,0.0
2014-02-14 00:00:00-05:00,8.959239971735956,9.029554410845632,8.924082472776373,9.01783561706543,875800,0.0,0.0
2014-02-18 00:00:00-05:00,9.052995073780565,9.135028888283813,9.006118768010035,9.094012260437012,795300,0.0,0.0
2014-02-19 00:00:00-05:00,9.04713228039508,9.117447273646915,8.83618897706793,8.871346473693848,1494800,0.0,0.0
2014-02-20 00:00:00-05:00,8.906505886874493,8.982680018393667,8.801034485302225,8.95924186706543,1125900,0.0,0.0
2014-02-21 00:00:00-05:00,9.000256544542744,9.064711865854548,8.935801782040425,9.02955436706543,1090700,0.0,0.0
2014-02-24 00:00:00-05:00,9.02955436706543,9.152604774613119,9.011975897075612,9.02955436706543,1251200,0.0,0.0
2014-02-25 00:00:00-05:00,9.0588525023486,9.088150325882804,9.011976208217675,9.082290649414062,1155100,0.0,0.0
2014-02-26 00:00:00-05:00,9.117448460566077,9.2112010520274,9.08229095936332,9.135026931762695,1159400,0.0,0.0
2014-02-27 00:00:00-05:00,9.176039712136411,9.222915988256936,9.09986562373824,9.205337524414062,1043000,0.0,0.0
2014-02-28 00:00:00-05:00,9.254547571892802,9.3197625561225,9.147833119745611,9.224905014038086,1425300,0.183,0.0
2014-03-03 00:00:00-05:00,9.135977951294825,9.18933547353998,9.041120385257077,9.100406646728516,2239400,0.0,0.0
2014-03-04 00:00:00-05:00,9.242690713307683,9.343476993682595,9.207118852130133,9.33754825592041,2106400,0.0,0.0
2014-03-05 00:00:00-05:00,9.337548699231846,9.426477508304394,9.30197683636548,9.325691223144531,1007300,0.0,0.0
2014-03-06 00:00:00-05:00,9.34940794384744,9.438336769741712,9.343479204682307,9.384979248046875,1247100,0.0,0.0
2014-03-07 00:00:00-05:00,9.479838075343855,9.4857668152984,9.373123583140867,9.432409286499023,1329800,0.0,0.0
2014-03-10 00:00:00-04:00,9.420549259650727,9.450191818838698,9.34940609988756,9.426477432250977,792900,0.0,0.0
2014-03-11 00:00:00-04:00,9.420548888404324,9.467977659710689,9.307905132505045,9.33754825592041,857100,0.0,0.0
2014-03-12 00:00:00-04:00,9.290120167910485,9.402763366699219,9.248620131313942,9.402763366699219,1076800,0.0,0.0
2014-03-13 00:00:00-04:00,9.408691802779241,9.4442636654309,9.230833620312097,9.284191131591797,1187400,0.0,0.0
2014-03-14 00:00:00-04:00,9.284192270253687,9.41462169544555,9.260477880709317,9.319764137268066,1221100,0.0,0.0
2014-03-17 00:00:00-04:00,9.396837977563282,9.4857668152984,9.396837977563282,9.432409286499023,1296900,0.0,0.0
2014-03-18 00:00:00-04:00,9.450191490838417,9.562834681871548,9.43240584286383,9.521334648132324,1715400,0.0,0.0
2014-03-19 00:00:00-04:00,9.550980150187845,9.5687652361431,9.390907591842598,9.438336372375488,993000,0.0,0.0
2014-03-20 00:00:00-04:00,9.408691736241481,9.438334860675633,9.218976644495823,9.313834190368652,1996000,0.0,0.0
2014-03-21 00:00:00-04:00,9.373121651458378,9.604337373473099,9.373121651458378,9.57469367980957,3602500,0.0,0.0
2014-03-24 00:00:00-04:00,9.60433766963626,9.675480275039932,9.432407633459961,9.438336372375488,1450600,0.0,0.0
2014-03-25 00:00:00-04:00,9.485763681418069,9.545049930585161,9.420549259650727,9.426477432250977,958500,0.0,0.0
2014-03-26 00:00:00-04:00,9.49762234154867,9.539122381902407,9.319764137268066,9.319764137268066,881800,0.0,0.0
2014-03-27 00:00:00-04:00,9.361262634977058,9.438334529644479,9.307905125946109,9.40869140625,1133800,0.0,0.0
2014-03-28 00:00:00-04:00,9.450192960503113,9.586551123902433,9.414621659021998,9.462050437927246,1061100,0.0,0.0
2014-03-31 00:00:00-04:00,9.550979132946106,9.734765496587686,9.550979132946106,9.722908020019531,1153400,0.0,0.0
2014-04-01 00:00:00-04:00,9.716980537808885,9.77626679752214,9.633980452685138,9.77033805847168,1081900,0.0,0.0
2014-04-02 00:00:00-04:00,9.776269268750994,9.841484283999652,9.75255543734616,9.805912971496582,884300,0.0,0.0
2014-04-03 00:00:00-04:00,9.853338175909109,9.859265783507393,9.752551884869916,9.829623222351074,1381700,0.0,0.0
2014-04-04 00:00:00-04:00,9.900768559987927,9.948197344014577,9.610265985684364,9.616194725036621,1103700,0.0,0.0
2014-04-07 00:00:00-04:00,9.604337028002357,9.616193374250003,9.408692614629967,9.414621353149414,1191300,0.0,0.0
2014-04-08 00:00:00-04:00,9.426478603865796,9.580622418542275,9.396836040993556,9.57469367980957,1040000,0.0,0.0
2014-04-09 00:00:00-04:00,9.622124354035018,9.764410719270536,9.598410525224855,9.758481979370117,958600,0.0,0.0
2014-04-10 00:00:00-04:00,9.764406265380934,9.7940499513615,9.432404897935577,9.450190544128418,1124800,0.0,0.0
2014-04-11 00:00:00-04:00,9.355335723745101,9.580622713974154,9.34347881130971,9.438336372375488,967500,0.0,0.0
2014-04-14 00:00:00-04:00,9.533193695306725,9.533193695306725,9.31383544947266,9.3612642288208,870800,0.0,0.0
2014-04-15 00:00:00-04:00,9.408692651160543,9.533193333574205,9.301977618978652,9.527264595031738,886700,0.0,0.0
2014-04-16 00:00:00-04:00,9.616195880430437,9.75848224960621,9.57469583076978,9.746625900268555,965500,0.0,0.0
2014-04-17 00:00:00-04:00,9.752552338716539,9.841481157115123,9.699194821519132,9.799981117248535,2112100,0.0,0.0
2014-04-21 00:00:00-04:00,9.78812357527497,9.794052313901224,9.705123496089945,9.776266098022461,1006500,0.0,0.0
2014-04-22 00:00:00-04:00,9.788125277711984,9.98969790289885,9.758481579424819,9.977840423583984,1524100,0.0,0.0
2014-04-23 00:00:00-04:00,9.965980396711075,10.066766683540969,9.960051658569178,10.025266647338867,1192300,0.0,0.0
2014-04-24 00:00:00-04:00,9.960052888194124,9.965981627067956,9.574693907725486,9.705123901367188,1495700,0.0,0.0
2014-04-25 00:00:00-04:00,9.705121972391709,9.91855087547232,9.68733575930537,9.865193367004395,1134200,0.0,0.0
2014-04-28 00:00:00-04:00,9.882980711141315,9.894838187889228,9.503550501537866,9.64583683013916,1647400,0.0,0.0
2014-04-29 00:00:00-04:00,9.716982199945553,9.81776851946067,9.681410890349497,9.746625900268555,1305700,0.0,0.0
2014-04-30 00:00:00-04:00,9.740693902420738,9.823693973982609,9.63397887853195,9.817765235900879,1127600,0.0,0.0
2014-05-01 00:00:00-04:00,9.835554211168736,9.95412674450649,9.764410465007785,9.918554306030273,1287200,0.0,0.0
2014-05-02 00:00:00-04:00,9.936340525268383,10.096413106036907,9.90076921758365,9.918554306030273,942700,0.0,0.0
2014-05-05 00:00:00-04:00,9.871122682468352,9.936337670144281,9.740693837907653,9.900766372680664,831100,0.0,0.0
2014-05-06 00:00:00-04:00,9.888910849454003,10.037125937411549,9.817767109686175,9.942268371582031,1390500,0.0,0.0
2014-05-07 00:00:00-04:00,10.001555382213716,10.048984168681717,9.871125371333118,9.977840423583984,1312200,0.0,0.0
2014-05-08 00:00:00-04:00,9.971910936856986,10.10234093796611,9.91855341472896,9.942268371582031,943900,0.0,0.0
2014-05-09 00:00:00-04:00,9.960053759397768,10.013411283138122,9.882982408879155,9.989697456359863,1065600,0.0,0.0
2014-05-12 00:00:00-04:00,10.066765157777583,10.131980136663003,10.019336390622097,10.09640884399414,1349300,0.0,0.0
2014-05-13 00:00:00-04:00,10.12605208971244,10.161623384806196,10.06676584402879,10.10826587677002,943000,0.0,0.0
2014-05-14 00:00:00-04:00,10.120123173220724,10.120123173220724,9.95412304518938,9.983765602111816,839500,0.0,0.0
2014-05-15 00:00:00-04:00,9.971908967607899,9.971908967607899,9.805908825583582,9.900766372680664,1184800,0.0,0.0
2014-05-16 00:00:00-04:00,9.936341871202261,9.936341871202261,9.770340528201876,9.805912971496582,1103900,0.0,0.0
2014-05-19 00:00:00-04:00,9.82369308083211,9.995623077197216,9.82369308083211,9.983765602111816,1106800,0.0,0.0
2014-05-20 00:00:00-04:00,9.965982040177446,10.078625821866952,9.912624518892487,10.019339561462402,1518300,0.0,0.0
2014-05-21 00:00:00-04:00,10.054910574097118,10.11419683278414,9.859266711983878,9.95412540435791,1731800,0.0,0.0
2014-05-22 00:00:00-04:00,9.965980462818983,10.137910477700938,9.936337902704047,10.048981666564941,1277400,0.0,0.0
2014-05-23 00:00:00-04:00,10.060837302915806,10.167552321072796,10.037123482653755,10.072694778442383,887900,0.0,0.0
2014-05-27 00:00:00-04:00,10.143837353814233,10.14976609090714,10.048979821909668,10.090479850769043,732800,0.0,0.0
2014-05-28 00:00:00-04:00,10.114196687368699,10.226840464175387,10.066767907259248,10.214982986450195,1186700,0.0,0.0
2014-05-29 00:00:00-04:00,10.232765057250601,10.232765057250601,10.084550038108716,10.167550086975098,809900,0.0,0.0
2014-05-30 00:00:00-04:00,10.185340577398575,10.214983141369796,10.102340493646093,10.137911796569824,1153700,0.0,0.0
2014-06-02 00:00:00-04:00,10.157688362247127,10.235593430269779,10.085775024590758,10.169672966003418,923500,0.183,0.0
2014-06-03 00:00:00-04:00,10.10974592302451,10.11573765303808,9.947941780090332,9.947941780090332,1678100,0.0,0.0
2014-06-04 00:00:00-04:00,9.953931838265516,10.121727663762458,9.923967481552967,10.091764450073242,962900,0.0,0.0
2014-06-05 00:00:00-04:00,10.121729917678199,10.15169428106324,10.049817731601278,10.14570140838623,812100,0.0,0.0
2014-06-06 00:00:00-04:00,10.187652587890625,10.241587310680188,10.163681091973558,10.187652587890625,816400,0.0,0.0
2014-06-09 00:00:00-04:00,10.193641680245914,10.229597767758735,10.157685592733094,10.199634552001953,820900,0.0,0.0
2014-06-10 00:00:00-04:00,10.193641662597656,10.229597750048226,10.157685575147086,10.193641662597656,1155500,0.0,0.0
2014-06-11 00:00:00-04:00,10.16967014033931,10.271546673615386,10.157685539912967,10.181655883789062,1158200,0.0,0.0
2014-06-12 00:00:00-04:00,10.193645461869892,10.229601562721655,10.157689361018129,10.187652587890625,1311200,0.0,0.0
2014-06-13 00:00:00-04:00,10.193644221190217,10.223607444415858,10.139709504965108,10.151695251464844,881900,0.0,0.0
2014-06-16 00:00:00-04:00,10.157688106196087,10.163679836411333,9.983898211337863,10.001876831054688,1317300,0.0,0.0
2014-06-17 00:00:00-04:00,10.013862671563402,10.259565932617988,9.983899444690906,10.187652587890625,2079800,0.0,0.0
2014-06-18 00:00:00-04:00,10.223609280616362,10.295522629506994,10.151697074749633,10.271551132202148,1603500,0.0,0.0
2014-06-19 00:00:00-04:00,10.307507151902703,10.307507151902703,10.217615190727644,10.241586685180664,748500,0.0,0.0
2014-06-20 00:00:00-04:00,10.247580184659455,10.277543411531951,10.175666839932092,10.187652587890625,1895900,0.0,0.0
2014-06-23 00:00:00-04:00,10.217612564211638,10.253569796648085,10.085772807681753,10.121728897094727,997400,0.0,0.0
2014-06-24 00:00:00-04:00,10.121730866762435,10.175665582889216,10.001876831054688,10.001876831054688,1171700,0.0,0.0
2014-06-25 00:00:00-04:00,9.977905240990141,10.061804322495092,9.888014429328257,9.965919494628906,1667100,0.0,0.0
2014-06-26 00:00:00-04:00,9.965917013711088,9.977902757088588,9.87003335273789,9.89999771118164,1000400,0.0,0.0
2014-06-27 00:00:00-04:00,9.894007396450238,9.971912462490579,9.834079807098755,9.858051300048828,2503600,0.0,0.0
2014-06-30 00:00:00-04:00,9.846069675524546,9.917981898432645,9.828091048285435,9.91199016571045,1317600,0.0,0.0
2014-07-01 00:00:00-04:00,9.977905920995793,10.235593770205615,9.935956948896289,10.079782485961914,2188700,0.0,0.0
2014-07-02 00:00:00-04:00,10.079780902236264,10.151694230982002,9.971911480629446,9.989890098571777,993300,0.0,0.0
2014-07-03 00:00:00-04:00,10.043825420845499,10.103753007944757,10.025846801808626,10.0737886428833,453600,0.0,0.0
2014-07-07 00:00:00-04:00,10.067795469197627,10.067795469197627,9.858050635149707,9.894006729125977,1451700,0.0,0.0
2014-07-08 00:00:00-04:00,9.894006061849868,9.935955025830312,9.732201935333698,9.792129516601562,2177400,0.0,0.0
2014-07-09 00:00:00-04:00,9.84007453918457,9.864044893639088,9.750183709688285,9.84007453918457,1097300,0.0,0.0
2014-07-10 00:00:00-04:00,9.708231290783178,9.905991502783186,9.672274057311537,9.888012886047363,1671300,0.0,0.0
2014-07-11 00:00:00-04:00,9.85205588069504,9.92996092660199,9.85205588069504,9.89999771118164,1449000,0.0,0.0
2014-07-14 00:00:00-04:00,9.965919494628906,10.02584708341139,9.900000175689492,9.965919494628906,1054500,0.0,0.0
2014-07-15 00:00:00-04:00,9.95992397056353,10.019850393495313,9.876024921017187,9.971908569335938,1222300,0.0,0.0
2014-07-16 00:00:00-04:00,10.001875827079637,10.03183904724298,9.87602778774171,9.98389720916748,1849500,0.0,0.0
2014-07-17 00:00:00-04:00,9.953932341935811,10.049816002221029,9.858048681650596,9.876026153564453,1715600,0.0,0.0
2014-07-18 00:00:00-04:00,9.905993459390631,10.055811866043719,9.882021965674745,10.049818992614746,3243000,0.0,0.0
2014-07-21 00:00:00-04:00,10.007869973824217,10.091767915381539,9.959928129645217,10.031840324401855,1467800,0.0,0.0
2014-07-22 00:00:00-04:00,10.09176724548914,10.121730467478155,10.031839658487453,10.067795753479004,1500700,0.0,0.0
2014-07-23 00:00:00-04:00,10.079781293365357,10.127723133381625,10.037832326229076,10.061803817749023,1380500,0.0,0.0
2014-07-24 00:00:00-04:00,9.89400763755906,9.89400763755906,9.474516216411562,9.516465187072754,2957200,0.0,0.0
2014-07-25 00:00:00-04:00,9.486498456991965,9.486498456991965,9.162890824042895,9.294731140136719,2608100,0.0,0.0
2014-07-28 00:00:00-04:00,9.270762740105571,9.276755041748869,9.02506065586332,9.096973419189453,2823000,0.0,0.0
2014-07-29 00:00:00-04:00,9.096972715203362,9.144914553710716,8.88123387040847,8.911197662353516,3238900,0.0,0.0
2014-07-30 00:00:00-04:00,8.947153020423002,8.995094851929334,8.785348910455344,8.857261657714844,1850500,0.0,0.0
2014-07-31 00:00:00-04:00,8.809320106793685,8.809320106793685,8.581596114129523,8.62354564666748,2865600,0.0,0.0
2014-08-01 00:00:00-04:00,8.56961188072292,8.72542314091158,8.563619008059097,8.68946647644043,3080400,0.0,0.0
2014-08-04 00:00:00-04:00,8.689468694822779,8.779359521681686,8.587592119576314,8.737410545349121,2146600,0.0,0.0
2014-08-05 00:00:00-04:00,8.71942734626359,8.725420216919131,8.527659485867481,8.611557960510254,1923200,0.0,0.0
2014-08-06 00:00:00-04:00,8.551633834243242,8.713437395583933,8.54564096157942,8.68946647644043,1926200,0.0,0.0
2014-08-07 00:00:00-04:00,8.755387613383661,8.779358535955431,8.575605979851314,8.581598281860352,1871000,0.0,0.0
2014-08-08 00:00:00-04:00,8.635530819169947,8.683472652203273,8.581596114129523,8.62354564666748,1971800,0.0,0.0
2014-08-11 00:00:00-04:00,8.683474859377192,8.719431529047553,8.635533014157962,8.659503936767578,2353900,0.0,0.0
2014-08-12 00:00:00-04:00,8.677480108949931,8.731414816033718,8.623545973377897,8.671487808227539,1539600,0.0,0.0
2014-08-13 00:00:00-04:00,8.701454751273754,8.791345581315127,8.635534275832251,8.78535270690918,1518700,0.0,0.0
2014-08-14 00:00:00-04:00,8.821306883627187,8.893219641596891,8.785350218886437,8.85127067565918,1033600,0.0,0.0
2014-08-15 00:00:00-04:00,8.905205758829444,8.917191505516607,8.767373100998208,8.8452787399292,1041900,0.0,0.0
2014-08-18 00:00:00-04:00,8.893217385436365,8.959137253973802,8.845275558952476,8.929173469543457,931100,0.0,0.0
2014-08-19 00:00:00-04:00,8.947152083108655,8.9651301251622,8.905202556301512,8.929173469543457,752100,0.0,0.0
2014-08-20 00:00:00-04:00,8.911197967257971,8.983110727479561,8.875241872903084,8.953146934509277,877400,0.0,0.0
2014-08-21 00:00:00-04:00,8.953145702666916,9.013073280362187,8.929174785891156,8.989102363586426,778400,0.0,0.0
2014-08-22 00:00:00-04:00,8.977118839976466,9.0490321796036,8.941162741674779,9.037046432495117,1178000,0.0,0.0
2014-08-25 00:00:00-04:00,9.073001852192602,9.180870703746923,9.055023234007049,9.138921737670898,1137100,0.0,0.0
2014-08-26 00:00:00-04:00,9.132928848266602,9.21682735177726,9.114950801625673,9.132928848266602,867400,0.0,0.0
2014-08-27 00:00:00-04:00,9.132929801859738,9.228813489305217,9.132929801859738,9.204842567443848,835300,0.0,0.0
2014-08-28 00:00:00-04:00,9.1568988461181,9.192855507293245,9.120942756454696,9.144913673400879,867900,0.0,0.0
2014-08-29 00:00:00-04:00,9.150906888675046,9.252782860882874,9.132928271657402,9.198848724365234,1327900,0.0,0.0
2014-09-02 00:00:00-04:00,9.222819923812166,9.288739807020976,9.138921423036766,9.16289234161377,1876200,0.0,0.0
2014-09-03 00:00:00-04:00,9.158648133303235,9.22536655216681,9.097994604565496,9.110125541687012,1153200,0.183,0.0
2014-09-04 00:00:00-04:00,9.128319198953886,9.182907246154215,9.000947281631374,9.019143104553223,1469600,0.0,0.0
2014-09-05 00:00:00-04:00,9.037338344893033,9.079796033553404,8.976685412918531,9.067665100097656,855600,0.0,0.0
2014-09-08 00:00:00-04:00,9.061599633369783,9.116187677051155,8.988815767939533,9.067665100097656,834400,0.0,0.0
2014-09-09 00:00:00-04:00,9.031276469056802,9.067668124693292,8.922100345277459,8.940296173095703,1206800,0.0,0.0
2014-09-10 00:00:00-04:00,8.95242691040039,9.025210798480687,8.928165614373626,8.95242691040039,957000,0.0,0.0
2014-09-11 00:00:00-04:00,8.909966059642963,9.067664717301884,8.909966059642963,9.055534362792969,936900,0.0,0.0
2014-09-12 00:00:00-04:00,9.037340477126756,9.067667239486553,8.96455659452417,8.970622062683105,984300,0.0,0.0
2014-09-15 00:00:00-04:00,8.976686174797624,9.073731336941146,8.952424884261745,9.043404579162598,894000,0.0,0.0
2014-09-16 00:00:00-04:00,9.019145788226544,9.09799514892946,8.97062319370705,8.994884490966797,1173400,0.0,0.0
2014-09-17 00:00:00-04:00,9.007014910754847,9.11619045292675,9.000949442180042,9.07373332977295,880500,0.0,0.0
2014-09-18 00:00:00-04:00,9.116187588225776,9.18897145294684,9.025207901933129,9.037338256835938,983000,0.0,0.0
2014-09-19 00:00:00-04:00,9.06766658696986,9.122254639602318,8.885706604339946,8.903903007507324,3525600,0.0,0.0
2014-09-22 00:00:00-04:00,8.89783909022285,8.90390455900221,8.794728434713484,8.855381965637207,1277800,0.0,0.0
2014-09-23 00:00:00-04:00,8.825055366167655,8.916035085829558,8.709813770931964,8.728010177612305,1676900,0.0,0.0
2014-09-24 00:00:00-04:00,8.734073802165925,8.837184444670005,8.703747618964027,8.794727325439453,1470700,0.0,0.0
2014-09-25 00:00:00-04:00,8.77653259293537,8.800793889579516,8.691617765463388,8.70374870300293,1112600,0.0,0.0
2014-09-26 00:00:00-04:00,8.703746953979865,8.812922477722168,8.661289259558302,8.812922477722168,1138200,0.0,0.0
2014-09-29 00:00:00-04:00,8.752272852006007,8.867513886941039,8.709815141505697,8.80686092376709,1649000,0.0,0.0
2014-09-30 00:00:00-04:00,8.776530784224235,8.855380126676781,8.66128921508789,8.66128921508789,1615900,0.0,0.0
2014-10-01 00:00:00-04:00,8.655226631438747,8.709814118352325,8.588507627819418,8.624899864196777,2474200,0.0,0.0
2014-10-02 00:00:00-04:00,8.655226131953095,8.764401677914798,8.612768428890545,8.667356491088867,1286900,0.0,0.0
2014-10-03 00:00:00-04:00,8.752269718601196,8.861445244602333,8.73407331557198,8.837183952331543,1135800,0.0,0.0
2014-10-06 00:00:00-04:00,8.861446155575067,8.92209968170475,8.715878386985697,8.721943855285645,1698600,0.0,0.0
2014-10-07 00:00:00-04:00,8.679486392145034,8.746204805511534,8.637028694152832,8.637028694152832,1749900,0.0,0.0
2014-10-08 00:00:00-04:00,8.64309365579604,8.721943000664606,8.570309778633096,8.715877532958984,1680400,0.0,0.0
2014-10-09 00:00:00-04:00,8.697684189902295,8.740141319085849,8.497528325986972,8.552116394042969,1866100,0.0,0.0
2014-10-10 00:00:00-04:00,8.558181160784132,8.685553124920423,8.455070495605469,8.455070495605469,2164400,0.0,0.0
2014-10-13 00:00:00-04:00,8.46113216852133,8.521785677918222,8.327694794909007,8.333760261535645,1920400,0.0,0.0
2014-10-14 00:00:00-04:00,8.358025248865685,8.485397212226145,8.345894888678256,8.376221656799316,2674600,0.0,0.0
2014-10-15 00:00:00-04:00,8.297372291058556,8.455070444105086,8.145739028888245,8.376221656799316,2942700,0.0,0.0
2014-10-16 00:00:00-04:00,8.267042679512851,8.521786518615388,8.206389164132327,8.461133003234863,2534400,0.0,0.0
2014-10-17 00:00:00-04:00,8.57637492331872,8.618832038789293,8.473264289946059,8.546048164367676,5214500,0.0,0.0
2014-10-20 00:00:00-04:00,8.527854179635327,8.673421959874222,8.461135179866293,8.667356491088867,1480200,0.0,0.0
2014-10-21 00:00:00-04:00,8.734073381887491,8.909967896794944,8.70374720014487,8.903903007507324,1420900,0.0,0.0
2014-10-22 00:00:00-04:00,8.90390455900221,9.000949745732218,8.837185559299126,8.855381965637207,1715400,0.0,0.0
2014-10-23 00:00:00-04:00,8.552111695777802,8.89783516562269,8.552111695777802,8.825051307678223,1729300,0.0,0.0
2014-10-24 00:00:00-04:00,8.80685981755979,8.825055646382939,8.673422389841772,8.746206283569336,1643000,0.0,0.0
2014-10-27 00:00:00-04:00,8.721940805936025,8.721940805936025,8.643091480908558,8.69767951965332,1125800,0.0,0.0
2014-10-28 00:00:00-04:00,8.728011152336245,8.861448012284294,8.697684382917139,8.843252182006836,1128800,0.0,0.0
2014-10-29 00:00:00-04:00,8.867513886941039,8.922101958702124,8.76440321326678,8.80686092376709,1489100,0.0,0.0
2014-10-30 00:00:00-04:00,8.81292541258773,8.873578951425944,8.758337343320338,8.843252182006836,1362900,0.0,0.0
2014-10-31 00:00:00-04:00,8.946361341957253,8.994883933469346,8.928165514748947,8.958492279052734,1449800,0.0,0.0
2014-11-03 00:00:00-05:00,8.976687267753977,8.994883093262622,8.897837919303369,8.916033744812012,1476300,0.0,0.0
2014-11-04 00:00:00-05:00,8.897838457162484,8.988818168640137,8.897838457162484,8.988818168640137,1459100,0.0,0.0
2014-11-05 00:00:00-05:00,9.013077153966645,9.09799195377169,9.000946798814352,9.061599731445312,1380900,0.0,0.0
2014-11-06 00:00:00-05:00,9.06160040245581,9.08586169299169,9.025208755869386,9.043404579162598,1272400,0.0,0.0
2014-11-07 00:00:00-05:00,9.037339742011723,9.15864678158356,9.013078449784324,9.146515846252441,2040800,0.0,0.0
2014-11-10 00:00:00-05:00,9.146516420279644,9.22536576957592,9.122255126529627,9.13438606262207,1149600,0.0,0.0
2014-11-11 00:00:00-05:00,9.140448579659527,9.170775333583892,9.019142142396788,9.055534362792969,1244800,0.0,0.0
2014-11-12 00:00:00-05:00,9.037340487650992,9.17684336329456,9.025210129753875,9.158647537231445,869100,0.0,0.0
2014-11-13 00:00:00-05:00,9.170778075270535,9.213235196396752,9.128320954144318,9.18290901184082,1428700,0.0,0.0
2014-11-14 00:00:00-05:00,9.176845651563205,9.219302782442224,9.146518881606037,9.170780181884766,986700,0.0,0.0
2014-11-17 00:00:00-05:00,9.140450952233422,9.201104475825902,9.110124768872053,9.13438606262207,1837500,0.0,0.0
2014-11-18 00:00:00-05:00,9.128321825232556,9.249628310336869,9.122256356368602,9.152583122253418,1192800,0.0,0.0
2014-11-19 00:00:00-05:00,9.13438766539402,9.13438766539402,9.007015706248296,9.013080596923828,992700,0.0,0.0
2014-11-20 00:00:00-05:00,9.000946613692774,9.079795945082612,8.988815680355227,9.037338256835938,956700,0.0,0.0
2014-11-21 00:00:00-05:00,9.116187677051155,9.122253143779028,9.043403811620907,9.067665100097656,748200,0.0,0.0
2014-11-24 00:00:00-05:00,9.07979731423881,9.255691825113464,9.073731846655416,9.237495422363281,1338900,0.0,0.0
2014-11-25 00:00:00-05:00,9.255692271389815,9.334541618471297,9.231430978321272,9.31634521484375,1890500,0.0,0.0
2014-11-26 00:00:00-05:00,9.31634580852851,9.31634580852851,9.24356192468472,9.267823219299316,990600,0.0,0.0
2014-11-28 00:00:00-05:00,9.261756539800082,9.316344008308688,9.16471080165919,9.176841735839844,551900,0.0,0.0
2014-12-01 00:00:00-05:00,9.1404508704423,9.170777631967168,9.07979792582743,9.104059219360352,994800,0.0,0.0
2014-12-02 00:00:00-05:00,9.097991471226248,9.19503662103644,9.055534362792969,9.055534362792969,1514300,0.0,0.0
2014-12-03 00:00:00-05:00,9.100361297467128,9.204751455815927,9.045095850622143,9.137205123901367,1047100,0.183,0.0
2014-12-04 00:00:00-05:00,9.100363710153774,9.167910645589119,9.020535886392944,9.057379722595215,1073100,0.0,0.0
2014-12-05 00:00:00-05:00,9.094223558797486,9.155629171650725,9.020535886392944,9.057379722595215,820100,0.0,0.0
2014-12-08 00:00:00-05:00,9.05738021359353,9.241598233365478,9.020536375393965,9.124926567077637,1472200,0.0,0.0
2014-12-09 00:00:00-05:00,9.045096845939117,9.100362298865477,8.916144903261367,8.977550506591797,1403900,0.0,0.0
2014-12-10 00:00:00-05:00,8.965271094961064,9.008255082924528,8.842458696871885,8.848599433898926,1699900,0.0,0.0
2014-12-11 00:00:00-05:00,8.848598922653125,9.057379284606522,8.824036561577012,8.928426742553711,1370300,0.0,0.0
2014-12-12 00:00:00-05:00,8.867021533519761,8.910006109394685,8.695084986858904,8.731928825378418,1552200,0.0,0.0
2014-12-15 00:00:00-05:00,8.787191940112335,8.787191940112335,8.596833232298945,8.645957946777344,2014000,0.0,0.0
2014-12-16 00:00:00-05:00,8.639818647958496,8.725787205399579,8.547709939396032,8.572272300720215,1543100,0.0,0.0
2014-12-17 00:00:00-05:00,8.596834151258804,8.719645950582787,8.541568695159798,8.701224327087402,1005100,0.0,0.0
2014-12-18 00:00:00-05:00,8.805616906153174,8.854741639289935,8.744210696925716,8.81789779663086,1252700,0.0,0.0
2014-12-19 00:00:00-05:00,8.817897256096023,8.94070966702257,8.78105400130844,8.854741096496582,4784300,0.0,0.0
2014-12-22 00:00:00-05:00,8.891584351284166,9.032818389604504,8.817897256096023,8.854741096496582,1106600,0.0,0.0
2014-12-23 00:00:00-05:00,8.910003718953106,8.983690790609877,8.873159890318327,8.946846961975098,860800,0.0,0.0
2014-12-24 00:00:00-05:00,8.952987644150566,9.014393829637104,8.885441308605603,8.959128379821777,394100,0.0,0.0
2014-12-26 00:00:00-05:00,9.002114295959473,9.069661231656397,8.989833407586431,9.002114295959473,487100,0.0,0.0
2014-12-29 00:00:00-05:00,8.995973052630651,9.167910165079105,8.96527054061967,9.032816886901855,1097500,0.0,0.0
2014-12-30 00:00:00-05:00,9.014395735036658,9.118785921061363,8.983692635803584,9.057379722595215,638900,0.0,0.0
2014-12-31 00:00:00-05:00,9.06966168825467,9.112645678143648,8.977552385561646,8.98369312286377,945800,0.0,0.0
2015-01-02 00:00:00-05:00,9.032816946999038,9.069660781515374,8.891582931234781,8.971410751342773,1029100,0.0,0.0
2015-01-05 00:00:00-05:00,8.965271593296485,8.971411745051913,8.768772096799106,8.77491283416748,1087200,0.0,0.0
2015-01-06 00:00:00-05:00,8.805616547977785,8.811757285773353,8.541570678898205,8.584554672241211,1194800,0.0,0.0
2015-01-07 00:00:00-05:00,8.652098609521554,8.762629508972168,8.596833159796246,8.762629508972168,1269600,0.0,0.0
2015-01-08 00:00:00-05:00,8.811752824781705,8.952986208901788,8.787190471647225,8.934564590454102,2066200,0.0,0.0
2015-01-09 00:00:00-05:00,8.922283618987422,8.959127443551552,8.73806566739222,8.750347137451172,1006800,0.0,0.0
2015-01-12 00:00:00-05:00,8.762628607510123,8.805612581491005,8.615253894866328,8.750347137451172,904800,0.0,0.0
2015-01-13 00:00:00-05:00,8.805615432311965,8.983692706530267,8.73192834494021,8.756490707397461,1783200,0.0,0.0
2015-01-14 00:00:00-05:00,8.658241772207997,8.725788126577116,8.529289215239354,8.676663398742676,925200,0.0,0.0
2015-01-15 00:00:00-05:00,8.713508157032052,8.738070525192313,8.60911853156073,8.63982105255127,986800,0.0,0.0
2015-01-16 00:00:00-05:00,8.621396949373159,8.787193326098066,8.621396949373159,8.781052589416504,875200,0.0,0.0
2015-01-20 00:00:00-05:00,8.78719291159814,8.830176895115724,8.566131086392618,8.596834182739258,1552000,0.0,0.0
2015-01-21 00:00:00-05:00,8.615254827149569,8.67666101286383,8.541567755660129,8.652098655700684,1113000,0.0,0.0
2015-01-22 00:00:00-05:00,8.523147500562308,8.854739668229719,8.345070236178197,8.830177307128906,2822200,0.0,0.0
2015-01-23 00:00:00-05:00,8.787193435302205,8.817895947865816,8.467882151247228,8.517006874084473,2071600,0.0,0.0
2015-01-26 00:00:00-05:00,8.504723592399387,8.793331111432053,8.449458148359554,8.750347137451172,1726000,0.0,0.0
2015-01-27 00:00:00-05:00,8.676661992455056,8.7871929049745,8.63981815974429,8.744208335876465,842300,0.0,0.0
2015-01-28 00:00:00-05:00,8.793333006264525,8.805614478969952,8.602974864233225,8.609115600585938,1506900,0.0,0.0
2015-01-29 00:00:00-05:00,8.627538632788232,8.781053552995806,8.54157006665133,8.731928825378418,1858000,0.0,0.0
2015-01-30 00:00:00-05:00,8.670519822836152,8.750347625836614,8.572270399331817,8.621395111083984,2261500,0.0,0.0
2015-02-02 00:00:00-05:00,8.627536358088118,8.768769766347864,8.578411643422747,8.738066673278809,1176300,0.0,0.0
2015-02-03 00:00:00-05:00,8.762632766659602,8.940710067749023,8.762632766659602,8.940710067749023,1173400,0.0,0.0
2015-02-04 00:00:00-05:00,8.8915829081331,8.9959730891098,8.873161283729237,8.928426742553711,1297500,0.0,0.0
2015-02-05 00:00:00-05:00,8.946848855083747,9.063520515770367,8.934567966682105,9.045098304748535,922600,0.0,0.0
2015-02-06 00:00:00-05:00,9.045097746840831,9.13106630280138,9.008254498295509,9.038957595825195,851500,0.0,0.0
2015-02-09 00:00:00-05:00,8.989833407586431,9.045098283684489,8.946848834248502,9.002114295959473,813700,0.0,0.0
2015-02-10 00:00:00-05:00,9.05737969456836,9.075801319806036,8.977551871054546,9.063520431518555,517500,0.0,0.0
2015-02-11 00:00:00-05:00,9.088082843030143,9.124926093705456,9.002114282099559,9.100363731384277,867800,0.0,0.0
2015-02-12 00:00:00-05:00,9.124923685649033,9.198610753166642,9.11264280053581,9.18018913269043,774900,0.0,0.0
2015-02-13 00:00:00-05:00,9.155626776851227,9.229313844368836,9.137205156375012,9.18018913269043,913100,0.0,0.0
2015-02-17 00:00:00-05:00,9.18018859924335,9.229313308067193,9.124923155413345,9.16790771484375,714600,0.0,0.0
2015-02-18 00:00:00-05:00,9.1372047035691,9.210891767435054,9.09422072938381,9.14948558807373,884700,0.0,0.0
2015-02-19 00:00:00-05:00,9.137205103813624,9.198610700252022,9.075798921762475,9.19247055053711,790400,0.0,0.0
2015-02-20 00:00:00-05:00,9.15562673663334,9.290719985961914,9.106502025170723,9.290719985961914,864500,0.0,0.0
2015-02-23 00:00:00-05:00,9.272299795224573,9.272299795224573,9.155628148302169,9.217034339904785,936100,0.0,0.0
2015-02-24 00:00:00-05:00,9.210894599408308,9.345987884171242,9.204753862461603,9.303003311157227,858700,0.0,0.0
2015-02-25 00:00:00-05:00,9.321424485425515,9.333705372340342,9.247737407098034,9.272299766540527,587300,0.0,0.0
2015-02-26 00:00:00-05:00,9.247738352070114,9.339847062988305,9.217035253226417,9.321425437927246,821700,0.0,0.0
2015-02-27 00:00:00-05:00,9.296861227004632,9.37668903387684,9.272298869937243,9.309142112731934,886500,0.0,0.0
2015-03-02 00:00:00-05:00,9.364407112464324,9.364407112464324,9.241595333029966,9.327563285827637,865700,0.0,0.0
2015-03-03 00:00:00-05:00,9.272298365566622,9.333703962088515,9.223173654104004,9.290719985961914,971600,0.0,0.0
2015-03-04 00:00:00-05:00,9.268964550821941,9.293830964788693,9.11354931531423,9.157065391540527,1187400,0.185,0.0
2015-03-05 00:00:00-05:00,9.144630071666393,9.312478173503758,9.107330164112579,9.306262016296387,955400,0.0,0.0
2015-03-06 00:00:00-05:00,9.262744757971834,9.424376692119779,9.244095101835342,9.250311851501465,1068300,0.0,0.0
2015-03-09 00:00:00-04:00,9.250313363102505,9.331129343382681,9.22544695323645,9.231663703918457,714100,0.0,0.0
2015-03-10 00:00:00-04:00,9.138416443203209,9.17571636349836,9.020301115849115,9.026517868041992,1010200,0.0,0.0
2015-03-11 00:00:00-04:00,9.03273129791855,9.169496840524324,8.995431981756393,9.144630432128906,1043600,0.0,0.0
2015-03-12 00:00:00-04:00,9.206796429629135,9.380861282348633,9.200579679530817,9.380861282348633,990200,0.0,0.0
2015-03-13 00:00:00-04:00,9.337347934142157,9.387080763674938,9.2378816822145,9.312480926513672,1171400,0.0,0.0
2015-03-16 00:00:00-04:00,9.281396771591693,9.498977715516597,9.281396771591693,9.467894554138184,1447700,0.0,0.0
2015-03-17 00:00:00-04:00,9.418162259473377,9.418162259473377,9.293830199872605,9.374646186828613,1285900,0.0,0.0
2015-03-18 00:00:00-04:00,9.362211617832784,9.511410062908052,9.30626205271408,9.486543655395508,1024800,0.0,0.0
2015-03-19 00:00:00-04:00,9.436814545197292,9.449247457403677,9.231666454463625,9.237882614135742,1966700,0.0,0.0
2015-03-20 00:00:00-04:00,9.27518279980562,9.374648471729191,9.237882876403196,9.31869888305664,3543300,0.0,0.0
2015-03-23 00:00:00-04:00,9.33113145314479,9.455463530586464,9.33113145314479,9.39329719543457,1170300,0.0,0.0
2015-03-24 00:00:00-04:00,9.368427738403518,9.41194439602662,9.29382851615781,9.306262016296387,976500,0.0,0.0
2015-03-25 00:00:00-04:00,9.306263419921585,9.343562740239182,9.262746755735044,9.293829917907715,1308700,0.0,0.0
2015-03-26 00:00:00-04:00,9.256530786498526,9.287613356443526,9.144631637538067,9.150848388671875,1081900,0.0,0.0
2015-03-27 00:00:00-04:00,9.138416290283203,9.194365873358624,9.08868345929663,9.138416290283203,717100,0.0,0.0
2015-03-30 00:00:00-04:00,9.188146136427576,9.355994831126859,9.188146136427576,9.306262016296387,881100,0.0,0.0
2015-03-31 00:00:00-04:00,9.250312645888616,9.293828711564744,9.181930172274424,9.287611961364746,1159900,0.0,0.0
2015-04-01 00:00:00-04:00,9.287612681470602,9.29382943215261,9.169497382822328,9.231663703918457,1053300,0.0,0.0
2015-04-02 00:00:00-04:00,9.231665752069654,9.33113141360148,9.200582584625431,9.244098663330078,1099400,0.0,0.0
2015-04-06 00:00:00-04:00,9.200579771389638,9.436810941727025,9.19436302122925,9.42437744140625,1377000,0.0,0.0
2015-04-07 00:00:00-04:00,9.424381307690977,9.443030972961106,9.31869888305664,9.31869888305664,745300,0.0,0.0
2015-04-08 00:00:00-04:00,9.318697419162875,9.393296661386604,9.318697419162875,9.362214088439941,675300,0.0,0.0
2015-04-09 00:00:00-04:00,9.324911673642335,9.399510895888042,9.237878951258049,9.306262016296387,1064800,0.0,0.0
2015-04-10 00:00:00-04:00,9.318695597151358,9.53006037188979,9.300045938457366,9.5114107131958,1836500,0.0,0.0
2015-04-13 00:00:00-04:00,9.486544698411512,9.554927178373969,9.461678288164983,9.530060768127441,773000,0.0,0.0
2015-04-14 00:00:00-04:00,9.530060768127441,9.542494269681699,9.443028035833597,9.530060768127441,576500,0.0,0.0
2015-04-15 00:00:00-04:00,9.536274401725887,9.59844011059074,9.52384090423584,9.52384090423584,783500,0.0,0.0
2015-04-16 00:00:00-04:00,9.523844017350312,9.567360679928226,9.474111196857255,9.530060768127441,558700,0.0,0.0
2015-04-17 00:00:00-04:00,9.47411096209571,9.480327712718791,9.374645323574281,9.418161392211914,871700,0.0,0.0
2015-04-20 00:00:00-04:00,9.480327804825542,9.56114378512487,9.455461394953593,9.517627716064453,529500,0.0,0.0
2015-04-21 00:00:00-04:00,9.542493887457692,9.554926795651964,9.387078681426535,9.405728340148926,739500,0.0,0.0
2015-04-22 00:00:00-04:00,9.430597945420432,9.461681115733114,9.337349027344551,9.455464363098145,798800,0.0,0.0
2015-04-23 00:00:00-04:00,9.592228697653608,9.592228697653608,9.436813459352608,9.55492877960205,1161700,0.0,0.0
2015-04-24 00:00:00-04:00,9.554926804854436,9.722775512103482,9.554926804854436,9.691692352294922,1600200,0.0,0.0
2015-04-27 00:00:00-04:00,9.79115631494318,9.803589813885054,9.554925170804301,9.592225074768066,1253600,0.0,0.0
2015-04-28 00:00:00-04:00,9.56735961402399,9.735207716272523,9.561142863939473,9.697908401489258,1335200,0.0,0.0
2015-04-29 00:00:00-04:00,9.641961040047432,9.766293105843307,9.62331078553151,9.673044204711914,1705600,0.0,0.0
2015-04-30 00:00:00-04:00,9.660608911995585,9.685475320548058,9.436811235023336,9.505193710327148,7255400,0.0,0.0
2015-05-01 00:00:00-04:00,9.511411108658042,9.617093500421284,9.467894446080127,9.530060768127441,1201200,0.0,0.0
2015-05-04 00:00:00-04:00,9.567361076162873,9.604660396646434,9.5362779138519,9.548710823059082,965400,0.0,0.0
2015-05-05 00:00:00-04:00,9.523843072524745,9.586009388404767,9.418160691245863,9.42437744140625,1099400,0.0,0.0
2015-05-06 00:00:00-04:00,9.474112485515398,9.474112485515398,9.33113075536514,9.399513244628906,876500,0.0,0.0
2015-05-07 00:00:00-04:00,9.38086241371302,9.53627762774309,9.368428912016856,9.467894554138184,879500,0.0,0.0
2015-05-08 00:00:00-04:00,9.573576693629855,9.573576693629855,9.480327804825542,9.517627716064453,570200,0.0,0.0
2015-05-11 00:00:00-04:00,9.486543949182382,9.567359924316406,9.44302729004133,9.567359924316406,649800,0.0,0.0
2015-05-12 00:00:00-04:00,9.523843368526016,9.554926527432093,9.40572807611726,9.505193710327148,829400,0.0,0.0
2015-05-13 00:00:00-04:00,9.498978924376035,9.573578165460681,9.44924609698627,9.474112510681152,1118900,0.0,0.0
2015-05-14 00:00:00-04:00,9.517627716064453,9.542494125936402,9.46789430345858,9.517627716064453,797200,0.0,0.0
2015-05-15 00:00:00-04:00,9.50519423199155,9.52384389121395,9.411945343017578,9.411945343017578,1268000,0.0,0.0
2015-05-18 00:00:00-04:00,9.43059546325696,9.598443590187804,9.411945803122867,9.579793930053711,840600,0.0,0.0
2015-05-19 00:00:00-04:00,9.617091132518254,9.67304069001264,9.56735832427032,9.648174285888672,860900,0.0,0.0
2015-05-20 00:00:00-04:00,9.648176642704422,9.654392800607491,9.598443229445982,9.635743141174316,695800,0.0,0.0
2015-05-21 00:00:00-04:00,9.604660034179688,9.66060960565558,9.58601037464172,9.604660034179688,446500,0.0,0.0
2015-05-22 00:00:00-04:00,9.592227125441706,9.66060960565558,9.561143964303767,9.604660034179688,896700,0.0,0.0
2015-05-26 00:00:00-04:00,9.604659599527716,9.635742759259008,9.474110802945857,9.5114107131958,1663200,0.0,0.0
2015-05-27 00:00:00-04:00,9.523845613369435,9.592228697653608,9.492763039998902,9.55492877960205,1102800,0.0,0.0
2015-05-28 00:00:00-04:00,9.561143964303767,9.610876784979673,9.486544733289907,9.604660034179688,1403900,0.0,0.0
2015-05-29 00:00:00-04:00,9.598441630241158,9.641958285484197,9.573575224185943,9.610875129699707,1487800,0.0,0.0
2015-06-01 00:00:00-04:00,9.635744209679547,9.673044125544061,9.567361722266998,9.573577880859375,1189400,0.0,0.0
2015-06-02 00:00:00-04:00,9.573578324256907,9.641961407698648,9.530062247784581,9.617094993591309,931400,0.0,0.0
2015-06-03 00:00:00-04:00,9.65798976697037,9.758659268639466,9.65798976697037,9.73978328704834,1028800,0.185,0.0
2015-06-04 00:00:00-04:00,9.670574095198894,9.733492839880197,9.54473720587391,9.557320594787598,1089500,0.0,0.0
2015-06-05 00:00:00-04:00,9.576197713320964,9.645407860644069,9.46923619470673,9.51327896118164,1172000,0.0,0.0
2015-06-08 00:00:00-04:00,9.51327870607165,9.557321471365503,9.437776565551758,9.437776565551758,701100,0.0,0.0
2015-06-09 00:00:00-04:00,9.431483704021275,9.44406769297066,9.337106187051363,9.368565559387207,818900,0.0,0.0
2015-06-10 00:00:00-04:00,9.431481255984892,9.657988197980703,9.42518926314335,9.65169620513916,1284700,0.0,0.0
2015-06-11 00:00:00-04:00,9.657993529737897,9.827873229980469,9.626534148200296,9.827873229980469,1196400,0.0,0.0
2015-06-12 00:00:00-04:00,9.78382700572762,9.846745146577868,9.752367635283704,9.834161758422852,857100,0.0,0.0
2015-06-15 00:00:00-04:00,9.733492428042,9.909664065642902,9.66428169181345,9.884496688842773,1520300,0.0,0.0
2015-06-16 00:00:00-04:00,9.85303860784781,10.010334883452117,9.808995842690658,9.985167503356934,1180500,0.0,0.0
2015-06-17 00:00:00-04:00,9.991458027966562,10.066960157140606,9.972582645682447,10.01662540435791,993600,0.0,0.0
2015-06-18 00:00:00-04:00,10.029210690645249,10.155047596417656,10.016627300086856,10.111004829406738,1144500,0.0,0.0
2015-06-19 00:00:00-04:00,10.09212770576471,10.117294481051657,10.035500361237627,10.073251724243164,1503400,0.0,0.0
2015-06-22 00:00:00-04:00,10.13617290050522,10.199090453892946,10.085838137749795,10.129880905151367,951000,0.0,0.0
2015-06-23 00:00:00-04:00,10.167630022663273,10.217964777227934,10.136171251088562,10.21167278289795,988100,0.0,0.0
2015-06-24 00:00:00-04:00,10.180213305568746,10.199088087174971,10.104710578918457,10.104710578918457,1039600,0.0,0.0
2015-06-25 00:00:00-04:00,10.142464732366419,10.14875552754346,9.978875855991724,9.991459846496582,636200,0.0,0.0
2015-06-26 00:00:00-04:00,10.010334883452117,10.041794258580513,9.960000123261752,9.985167503356934,1326400,0.0,0.0
2015-06-29 00:00:00-04:00,9.909665020817908,9.978875163679907,9.796411514282227,9.796411514282227,1140400,0.0,0.0
2015-06-30 00:00:00-04:00,9.8970798992731,9.9096638874657,9.79011899982392,9.834161758422852,1570900,0.0,0.0
2015-07-01 00:00:00-04:00,10.104712235659251,10.104712235659251,9.897081203422257,9.934832572937012,1299000,0.0,0.0
2015-07-02 00:00:00-04:00,9.909665629024452,9.947417000199223,9.859330867483216,9.878206253051758,763700,0.0,0.0
2015-07-06 00:00:00-04:00,9.796411944268,9.92854084101317,9.777536559029455,9.9159574508667,1193500,0.0,0.0
2015-07-07 00:00:00-04:00,9.92853945760763,10.004041588079303,9.827869950312069,9.972582817077637,1124800,0.0,0.0
2015-07-08 00:00:00-04:00,9.903371982628704,9.941123347509173,9.802702476330904,9.859329223632812,1458800,0.0,0.0
2015-07-09 00:00:00-04:00,9.978874465344902,9.985166459720483,9.821578206180991,9.865621566772461,832700,0.0,0.0
2015-07-10 00:00:00-04:00,9.99775234948693,10.098421278449825,9.966292971664805,10.054378509521484,750300,0.0,0.0
2015-07-13 00:00:00-04:00,10.142464973695652,10.180215746033083,10.098421005880668,10.16133975982666,1068600,0.0,0.0
2015-07-14 00:00:00-04:00,10.111004919089805,10.224258435308363,10.085838137749795,10.129880905151367,1178100,0.0,0.0
2015-07-15 00:00:00-04:00,10.129879346556622,10.180214101567485,10.054376614002718,10.136171340942383,827100,0.0,0.0
2015-07-16 00:00:00-04:00,10.205384181814894,10.243136160347172,10.14875741409209,10.173925399780273,1075500,0.0,0.0
2015-07-17 00:00:00-04:00,10.161339681845229,10.192799658614499,10.117296914443658,10.129880905151367,706000,0.0,0.0
2015-07-20 00:00:00-04:00,10.14246550287731,10.167632285723531,10.085838741378966,10.123589515686035,2189000,0.0,0.0
2015-07-21 00:00:00-04:00,10.129881873855197,10.199091429215173,10.029211738679727,10.04179573059082,1077600,0.0,0.0
2015-07-22 00:00:00-04:00,10.060672380295426,10.180217918293966,10.054380383550695,10.148757934570312,1089900,0.0,0.0
2015-07-23 00:00:00-04:00,10.24942492451749,10.368969218610127,10.192798174652458,10.262007713317871,2114800,0.0,0.0
2015-07-24 00:00:00-04:00,10.243133372101273,10.337510892590585,10.117295878065335,10.192798614501953,1428200,0.0,0.0
2015-07-27 00:00:00-04:00,10.148754651536677,10.211673398554646,10.117295878065335,10.192798614501953,1045200,0.0,0.0
2015-07-28 00:00:00-04:00,10.25571590295197,10.306050659282613,10.18021436849363,10.299759864807129,1428800,0.0,0.0
2015-07-29 00:00:00-04:00,10.299762442157816,10.413014772184908,10.280886453782191,10.406723976135254,1703500,0.0,0.0
2015-07-30 00:00:00-04:00,10.400430146058135,10.538850436177825,10.35009538600776,10.53255844116211,1208000,0.0,0.0
2015-07-31 00:00:00-04:00,10.589185805398142,10.608061791531172,10.507392265639156,10.526267051696777,1923400,0.0,0.0
2015-08-03 00:00:00-04:00,10.564017634735205,10.595476407411176,10.44447213843106,10.48851490020752,1298600,0.0,0.0
2015-08-04 00:00:00-04:00,10.482224284128446,10.557727028585164,10.463348297995413,10.526267051696777,783000,0.0,0.0
2015-08-05 00:00:00-04:00,10.564018325108966,10.589185104879379,10.475931595724198,10.51368236541748,926100,0.0,0.0
2015-08-06 00:00:00-04:00,10.538849303286336,10.589184057925888,10.38155304502833,10.387845039367676,1404600,0.0,0.0
2015-08-07 00:00:00-04:00,10.362678707291339,10.444473446614161,10.343803921351768,10.400430679321289,982400,0.0,0.0
2015-08-10 00:00:00-04:00,10.488515585647068,10.532558350301787,10.450764815953786,10.51368236541748,845400,0.0,0.0
2015-08-11 00:00:00-04:00,10.43818065563797,10.526266183509497,10.42559666592052,10.463347434997559,925800,0.0,0.0
2015-08-12 00:00:00-04:00,10.394138504837896,10.444473266601562,10.26830100039104,10.444473266601562,930300,0.0,0.0
2015-08-13 00:00:00-04:00,10.538849306061682,10.582892066373487,10.406721025126265,10.482222557067871,700500,0.0,0.0
2015-08-14 00:00:00-04:00,10.4759333251893,10.545144081115723,10.444474545263944,10.545144081115723,563000,0.0,0.0
2015-08-17 00:00:00-04:00,10.507388737603616,10.633225002679254,10.450761998293327,10.595474243164062,846100,0.0,0.0
2015-08-18 00:00:00-04:00,10.582895278930662,10.62064605636114,10.532560508998168,10.582895278930664,563300,0.0,0.0
2015-08-19 00:00:00-04:00,10.55772564018496,10.570308429210197,10.463346922006542,10.48851490020752,672900,0.0,0.0
2015-08-20 00:00:00-04:00,10.381554785257109,10.40043077143927,10.249426482208216,10.255717277526855,866900,0.0,0.0
2015-08-21 00:00:00-04:00,10.14875552754346,10.19909028948751,9.985167851244153,9.991459846496582,1573400,0.0,0.0
2015-08-24 00:00:00-04:00,9.494400487155927,9.821576331756573,9.349687644323673,9.620237350463867,2768900,0.0,0.0
2015-08-25 00:00:00-04:00,9.840454707404469,9.878205475570311,9.462943425520196,9.46923542022705,1570500,0.0,0.0
2015-08-26 00:00:00-04:00,9.664281160796518,9.764951262503175,9.519568902156585,9.73978328704834,1881900,0.0,0.0
2015-08-27 00:00:00-04:00,9.871912092523086,9.959998205918096,9.752367210093308,9.897079467773438,1358000,0.0,0.0
2015-08-28 00:00:00-04:00,9.853037665431627,9.941123787358405,9.827870287743636,9.890789031982422,880700,0.0,0.0
2015-08-31 00:00:00-04:00,9.827869941033084,9.909664065642902,9.796410570023525,9.884496688842773,1123900,0.0,0.0
2015-09-01 00:00:00-04:00,9.689450882861351,9.746077641273803,9.57619796607415,9.588781356811523,1403100,0.0,0.0
2015-09-02 00:00:00-04:00,9.738456915650964,9.80851753827754,9.585597044059632,9.712980270385742,1468400,0.185,0.0
2015-09-03 00:00:00-04:00,9.732085904943002,9.878577045224365,9.725717200295922,9.814885139465332,1076000,0.0,0.0
2015-09-04 00:00:00-04:00,9.693870573097975,9.776669801860681,9.68113194986787,9.732085227966309,879400,0.0,0.0
2015-09-08 00:00:00-04:00,9.865837569056369,9.967744123540955,9.833991618927191,9.935898780822754,742900,0.0,0.0
2015-09-09 00:00:00-04:00,9.99958931185536,9.99958931185536,9.846729491774047,9.859467506408691,900900,0.0,0.0
2015-09-10 00:00:00-04:00,9.84673137124554,9.986853203437631,9.84673137124554,9.910423278808594,985300,0.0,0.0
2015-09-11 00:00:00-04:00,9.859469138548732,10.037806232243181,9.79577784001017,10.031436920166016,770500,0.0,0.0
2015-09-14 00:00:00-04:00,10.025068374120611,10.107867615217494,9.999591731276269,10.056914329528809,826800,0.0,0.0
2015-09-15 00:00:00-04:00,10.076022346240764,10.20340617655161,10.037807683076405,10.177928924560547,925800,0.0,0.0
2015-09-16 00:00:00-04:00,10.177926650811937,10.254357174888316,10.018697505906287,10.228879928588867,889400,0.0,0.0
2015-09-17 00:00:00-04:00,10.254357426574163,10.34352536116686,10.171558196301659,10.19703483581543,809300,0.0,0.0
2015-09-18 00:00:00-04:00,10.056914905970853,10.171560109047167,10.050545593041923,10.107868194580078,2255400,0.0,0.0
2015-09-21 00:00:00-04:00,10.158819572839274,10.286202770408126,10.107866293811732,10.19703483581543,704600,0.0,0.0
2015-09-22 00:00:00-04:00,10.076021938356854,10.133344538194056,10.018699338519655,10.063283920288086,948100,0.0,0.0
2015-09-23 00:00:00-04:00,10.082390972373151,10.114236927781349,10.005961043840124,10.056914329528809,632500,0.0,0.0
2015-09-24 00:00:00-04:00,9.993222881996765,10.056914795765909,9.942269593945893,10.03780746459961,866800,0.0,0.0
2015-09-25 00:00:00-04:00,10.133344538194056,10.15882118174269,10.025068651259586,10.063283920288086,727000,0.0,0.0
2015-09-28 00:00:00-04:00,9.999588514308876,10.02506514895713,9.853098016934128,9.884943962097168,947300,0.0,0.0
2015-09-29 00:00:00-04:00,9.884947226348038,9.904054556791214,9.7066101175081,9.783040046691895,1091400,0.0,0.0
2015-09-30 00:00:00-04:00,9.884945322051365,9.980482563273455,9.802146096200437,9.96137523651123,1058800,0.0,0.0
2015-10-01 00:00:00-04:00,9.961377149643134,10.00596112312122,9.783040040908622,9.872208595275879,1169200,0.0,0.0
2015-10-02 00:00:00-04:00,9.757561523873957,9.96137523651123,9.706608247567381,9.96137523651123,943400,0.0,0.0
2015-10-05 00:00:00-04:00,10.012329618575688,10.177927481155145,9.993221682292225,10.158820152282715,2072700,0.0,0.0
2015-10-06 00:00:00-04:00,10.1333451172399,10.165191075348227,10.076022514127136,10.114237785339355,2010900,0.0,0.0
2015-10-07 00:00:00-04:00,10.184297921084093,10.311681747436523,10.171559902895511,10.311681747436523,1293300,0.0,0.0
2015-10-08 00:00:00-04:00,10.286205432672512,10.528234481811523,10.235252140457296,10.528234481811523,1629900,0.0,0.0
2015-10-09 00:00:00-04:00,10.528233626941411,10.572817602156812,10.464541713138459,10.470911026000977,3073700,0.0,0.0
2015-10-12 00:00:00-04:00,10.496385118886401,10.636507546269174,10.483646495520334,10.604660987854004,942400,0.0,0.0
2015-10-13 00:00:00-04:00,10.566446025059678,10.738413791030807,10.54733809056668,10.560076713562012,1333100,0.0,0.0
2015-10-14 00:00:00-04:00,10.547340751979933,10.55371006508477,10.419958134349978,10.458172798156738,1207800,0.0,0.0
2015-10-15 00:00:00-04:00,10.521863588009893,10.630139469556589,10.470910303448045,10.611031532287598,1795600,0.0,0.0
2015-10-16 00:00:00-04:00,10.642878964179031,10.725678827073704,10.57918825711835,10.674725532531738,748900,0.0,0.0
2015-10-19 00:00:00-04:00,10.649245886382587,10.802105735681234,10.63650847672427,10.744784355163574,1219200,0.0,0.0
2015-10-20 00:00:00-04:00,10.751152452581685,10.80847504792144,10.732045730683163,10.744784355163574,1291000,0.0,0.0
2015-10-21 00:00:00-04:00,10.776632121615668,10.795740062627292,10.649248277849573,10.674725532531738,1378900,0.0,0.0
2015-10-22 00:00:00-04:00,10.770261879153125,11.056874895499092,10.636509948073183,10.967705726623535,2590600,0.0,0.0
2015-10-23 00:00:00-04:00,11.09508767031135,11.566405827636704,11.03139576476532,11.540929794311523,3051800,0.0,0.0
2015-10-26 00:00:00-04:00,11.528191612954084,11.540930237516902,11.101457408676499,11.216102600097656,3305900,0.0,0.0
2015-10-27 00:00:00-04:00,11.196993865666478,11.458129576492453,11.196993865666478,11.413545608520508,3001900,0.0,0.0
2015-10-28 00:00:00-04:00,11.419914409169717,11.617358207702637,11.4008064745419,11.617358207702637,2286900,0.0,0.0
2015-10-29 00:00:00-04:00,11.604621563914497,11.6937907258978,11.48997758105968,11.521822929382324,1794900,0.0,0.0
2015-10-30 00:00:00-04:00,11.528192498410426,11.57914578575321,11.426285923724857,11.489977836608887,2070900,0.0,0.0
2015-11-02 00:00:00-05:00,11.585516497202232,11.661945830032353,11.515455263089333,11.553669929504395,2184200,0.0,0.0
2015-11-03 00:00:00-05:00,11.566405827636704,11.598251172998692,11.496344610053862,11.540929794311523,2511800,0.0,0.0
2015-11-04 00:00:00-05:00,11.5600350314323,11.585512276308567,11.515451067720731,11.566404342651367,1834800,0.0,0.0
2015-11-05 00:00:00-05:00,11.591882176354178,11.668311485221519,11.54729699555594,11.617358207702637,1884400,0.0,0.0
2015-11-06 00:00:00-05:00,11.630101110932332,11.73837701736072,11.579147814661466,11.725638389587402,2662800,0.0,0.0
2015-11-09 00:00:00-05:00,11.712896533452275,11.802065688465888,11.655573939094264,11.776588439941406,1769500,0.0,0.0
2015-11-10 00:00:00-05:00,11.738374290151214,11.92307949066162,11.706527728116919,11.923079490661621,1295200,0.0,0.0
2015-11-11 00:00:00-05:00,11.948554713242823,12.101414540608724,11.846648161665556,11.942185401916504,1347900,0.0,0.0
2015-11-12 00:00:00-05:00,11.891233816727409,11.891233816727409,11.649206026027324,11.661943435668945,1018000,0.0,0.0
2015-11-13 00:00:00-05:00,11.623729354687617,11.782958523929913,11.623729354687617,11.712897300720215,910900,0.0,0.0
2015-11-16 00:00:00-05:00,11.687421939709905,11.706528663635254,11.52819276128013,11.706528663635254,1338100,0.0,0.0
2015-11-17 00:00:00-05:00,11.706524781875258,11.782955296699775,11.604618238657112,11.630095481872559,1982500,0.0,0.0
2015-11-18 00:00:00-05:00,11.636466376897854,11.910340704640824,11.636466376897854,11.897602081298828,1344800,0.0,0.0
2015-11-19 00:00:00-05:00,11.802066906300597,11.980402805085847,11.802066906300597,11.961296081542969,1148000,0.0,0.0
2015-11-20 00:00:00-05:00,12.0313556198276,12.107786155462554,11.967664924090982,12.069571495056152,1071000,0.0,0.0
2015-11-23 00:00:00-05:00,12.075939592772094,12.158739440945139,12.037724932365693,12.069571495056152,1001000,0.0,0.0
2015-11-24 00:00:00-05:00,12.037725051250645,12.095047649837442,11.891234505894236,12.050463676452637,1421500,0.0,0.0
2015-11-25 00:00:00-05:00,12.095045369081019,12.114153303280833,12.050461404103388,12.101414680480957,1023800,0.0,0.0
2015-11-27 00:00:00-05:00,12.08867589374529,12.133259858118313,12.012246587626368,12.075937271118164,489900,0.0,0.0
2015-11-30 00:00:00-05:00,12.107783827685978,12.133259858118313,12.012246587626368,12.075937271118164,1771900,0.0,0.0
2015-12-01 00:00:00-05:00,12.10141495969334,12.11415358278713,11.993139093040048,12.107784271240234,1924400,0.0,0.0
2015-12-02 00:00:00-05:00,12.1946117410189,12.207475550557286,12.07240923068543,12.104567527770996,1441200,0.185,0.0
2015-12-03 00:00:00-05:00,12.11100048348355,12.156022594014338,11.84086659353832,11.911616325378418,2048700,0.0,0.0
2015-12-04 00:00:00-05:00,11.950205493591563,12.117431337309382,11.911615291736803,12.104567527770996,1141500,0.0,0.0
2015-12-07 00:00:00-05:00,12.104570167852089,12.162456096639703,12.008094028792954,12.065979957580566,1173700,0.0,0.0
2015-12-08 00:00:00-05:00,11.995232254417328,12.04668628577486,11.930914408530196,12.001664161682129,1218800,0.0,0.0
2015-12-09 00:00:00-05:00,11.950206454310345,12.09170469032693,11.853730328537196,11.937342643737793,1579800,0.0,0.0
2015-12-10 00:00:00-05:00,11.937342643737793,12.001660469840058,11.860162233823472,11.937342643737793,1295500,0.0,0.0
2015-12-11 00:00:00-05:00,11.87302843939252,11.89232416113733,11.74439397470974,11.750825881958008,1421900,0.0,0.0
2015-12-14 00:00:00-05:00,11.757254175507542,11.866594111599763,11.692936349554383,11.808708190917969,2147900,0.0,0.0
2015-12-15 00:00:00-05:00,11.89232083431158,11.995228867974072,11.879457023413636,11.950206756591797,2272800,0.0,0.0
2015-12-16 00:00:00-05:00,12.027389986066412,12.046684478204858,11.789414360019837,11.956640243530273,1772500,0.0,0.0
2015-12-17 00:00:00-05:00,11.988798460088262,11.995230366340666,11.828004484060209,11.853732109069824,1742900,0.0,0.0
2015-12-18 00:00:00-05:00,11.860165282525688,11.860165282525688,11.557871790167459,11.577167510986328,6019300,0.0,0.0
2015-12-21 00:00:00-05:00,11.660780407243104,11.763689696454549,11.564304252040799,11.750825881958008,1683500,0.0,0.0
2015-12-22 00:00:00-05:00,11.776551164609579,11.96950468343123,11.70580264512632,11.963072776794434,1485000,0.0,0.0
2015-12-23 00:00:00-05:00,12.014525934964984,12.072411863752599,11.9630719123494,12.065979957580566,1122500,0.0,0.0
2015-12-24 00:00:00-05:00,12.014524012862756,12.136727757059672,12.001660202576668,12.085273742675781,633100,0.0,0.0
2015-12-28 00:00:00-05:00,12.053115066755623,12.130296707153322,11.956638936328917,12.13029670715332,1090700,0.0,0.0
2015-12-29 00:00:00-05:00,12.188180828507418,12.29108884931374,12.156021305280207,12.233202934265137,1352800,0.0,0.0
2015-12-30 00:00:00-05:00,12.22677107271801,12.246066786722352,12.16245325279725,12.194611549377441,923000,0.0,0.0
2015-12-31 00:00:00-05:00,12.156023383043525,12.194613590751818,11.982365608215332,11.982365608215332,1172200,0.0,0.0
2016-01-04 00:00:00-05:00,11.795844403758236,11.828002703418317,11.680072562165154,11.789412498474121,1982900,0.0,0.0
2016-01-05 00:00:00-05:00,11.789416743586463,12.053118821386086,11.757258432346875,12.008096694946289,2313100,0.0,0.0
2016-01-06 00:00:00-05:00,11.834433850035767,12.033817994019493,11.80227555243725,12.01452350616455,1937400,0.0,0.0
2016-01-07 00:00:00-05:00,11.83443320954198,11.982363333305672,11.795843009160224,11.860160827636719,3185900,0.0,0.0
2016-01-08 00:00:00-05:00,11.892320606346795,11.918048227649507,11.75082236946339,11.763686180114746,2366200,0.0,0.0
2016-01-11 00:00:00-05:00,11.808711491339185,11.86659742819954,11.654349401965183,11.757257461547852,2362500,0.0,0.0
2016-01-12 00:00:00-05:00,11.828002707392091,11.943774549024068,11.763686108050324,11.937342643737793,3544600,0.0,0.0
2016-01-13 00:00:00-05:00,11.963073533298545,12.014527562885945,11.615757913512967,11.635053634643555,2010000,0.0,0.0
2016-01-14 00:00:00-05:00,11.635053680758118,11.828005985785412,11.525713714106427,11.757257461547852,2370400,0.0,0.0
2016-01-15 00:00:00-05:00,11.506414496698078,11.654345860815244,11.429234088842609,11.628618240356445,2468200,0.0,0.0
2016-01-19 00:00:00-05:00,11.744388367501708,11.77011475745118,11.609320833296053,11.686502456665039,2594100,0.0,0.0
2016-01-20 00:00:00-05:00,11.519278005670172,11.532141815563152,11.101213998231797,11.30059814453125,3713400,0.0,0.0
2016-01-21 00:00:00-05:00,11.371350534564176,11.448530958471492,11.287736977443743,11.390645027160645,1837600,0.0,0.0
2016-01-22 00:00:00-05:00,11.538574022271577,11.654345860815244,11.480688102999743,11.628618240356445,1473800,0.0,0.0
2016-01-25 00:00:00-05:00,11.57073286780606,11.590028584061889,11.339189179778199,11.364916801452637,2149300,0.0,0.0
2016-01-26 00:00:00-05:00,11.39707601090775,11.731527758790886,11.39707601090775,11.680073738098145,3774300,0.0,0.0
2016-01-27 00:00:00-05:00,11.66721070666596,11.718664730800512,11.442100117802731,11.474258422851562,3139200,0.0,0.0
2016-01-28 00:00:00-05:00,11.641486282513426,11.686508407922359,11.44210205851919,11.596464157104492,2494200,0.0,0.0
2016-01-29 00:00:00-05:00,11.647913955700545,11.705799874972378,11.487120008114443,11.628618240356445,7893300,0.0,0.0
2016-02-01 00:00:00-05:00,11.583598005356786,11.699369862630506,11.532143982875205,11.647915840148926,2420800,0.0,0.0
2016-02-02 00:00:00-05:00,11.525713510526227,11.641485382202045,11.467827574688318,11.55787181854248,1981100,0.0,0.0
2016-02-03 00:00:00-05:00,11.622190560154921,11.641486282513426,11.339192766034742,11.596464157104492,2960500,0.0,0.0
2016-02-04 00:00:00-05:00,11.532143420069387,11.59646125172261,11.358485642633866,11.454961776733398,1388700,0.0,0.0
2016-02-05 00:00:00-05:00,11.416371881065112,11.4935535265146,11.29416812025369,11.31989574432373,1080100,0.0,0.0
2016-02-08 00:00:00-05:00,11.191258709622018,11.268440345637831,11.030464759119516,11.223418235778809,1455000,0.0,0.0
2016-02-09 00:00:00-05:00,11.120511293690322,11.32632737419003,11.07548795266548,11.287735939025879,1460800,0.0,0.0
2016-02-10 00:00:00-05:00,11.358485676732881,11.480689434564809,11.281305259925794,11.287735939025879,1313000,0.0,0.0
2016-02-11 00:00:00-05:00,11.114080235822176,11.139806634467233,10.991876468666229,11.056194305419922,1251100,0.0,0.0
2016-02-12 00:00:00-05:00,11.165535925726942,11.448532486848043,11.094786172066225,11.435669898986816,1405300,0.0,0.0
2016-02-16 00:00:00-05:00,11.551439883227834,11.609325818923631,11.461395639594734,11.577167510986328,1467500,0.0,0.0
2016-02-17 00:00:00-05:00,11.62218708786269,11.647914709987539,11.538574769478018,11.570733070373535,1971700,0.0,0.0
2016-02-18 00:00:00-05:00,11.596460692498384,11.609323276800264,11.538574769478018,11.570733070373535,1867700,0.0,0.0
2016-02-19 00:00:00-05:00,11.557871790167459,11.60289513874482,11.519281575290531,11.577167510986328,1695500,0.0,0.0
2016-02-22 00:00:00-05:00,11.660779847679805,11.69293938237792,11.5385772961094,11.577167510986328,2056500,0.0,0.0
2016-02-23 00:00:00-05:00,11.577165430179143,11.577165430179143,11.39707574852032,11.499983787536621,1784300,0.0,0.0
2016-02-24 00:00:00-05:00,11.435665264991528,11.519277572631836,11.352051730590835,11.519277572631836,2027200,0.0,0.0
2016-02-25 00:00:00-05:00,11.512849668350908,11.60289513874482,11.480691360413605,11.577167510986328,2279000,0.0,0.0
2016-02-26 00:00:00-05:00,11.61575775438039,11.673643690218299,11.53214541748164,11.55787181854248,2714400,0.0,0.0
2016-02-29 00:00:00-05:00,11.532140866785447,11.570731066529042,11.442096658463615,11.448527336120605,2217600,0.0,0.0
2016-03-01 00:00:00-05:00,11.532143386445307,11.622187614440916,11.448529837511726,11.622187614440918,3166900,0.0,0.0
2016-03-02 00:00:00-05:00,11.633889119134961,11.815872192382812,11.594893189031232,11.815872192382812,3068500,0.188,0.0
2016-03-03 00:00:00-05:00,11.822369749605425,11.822369749605425,11.679382630300667,11.757375717163086,2090800,0.0,0.0
2016-03-04 00:00:00-05:00,11.757375308797583,11.828868865966795,11.70538033258125,11.828868865966797,1626500,0.0,0.0
2016-03-07 00:00:00-05:00,11.763873100280762,11.78337043869922,11.685880027633418,11.763873100280762,1592100,0.0,0.0
2016-03-08 00:00:00-05:00,11.698879959569716,11.750874932025932,11.627386407570697,11.705379486083984,1277500,0.0,0.0
2016-03-09 00:00:00-05:00,11.757376855416998,11.796372782794448,11.67938376100392,11.71838092803955,1333400,0.0,0.0
2016-03-10 00:00:00-05:00,11.815868648310179,11.822368174654367,11.542894740143815,11.6533842086792,2909700,0.0,0.0
2016-03-11 00:00:00-05:00,11.757374410547472,11.900360274303923,11.71837849127897,11.835366249084473,2979300,0.0,0.0
2016-03-14 00:00:00-04:00,11.79636927902145,11.815867856747772,11.614387512207031,11.614387512207031,2043500,0.0,0.0
2016-03-15 00:00:00-04:00,11.536396570553102,11.627387470757032,11.503900174668281,11.607890129089355,1803300,0.0,0.0
2016-03-16 00:00:00-04:00,11.601389063340832,11.69887947772362,11.555893619272723,11.69237995147705,2174100,0.0,0.0
2016-03-17 00:00:00-04:00,11.69238363411969,11.828871248970145,11.65338770401596,11.815872192382812,2097800,0.0,0.0
2016-03-18 00:00:00-04:00,11.776871979017306,11.822367420867957,11.718377485307093,11.802868843078613,4345900,0.0,0.0
2016-03-21 00:00:00-04:00,11.796369317148834,11.809368369008395,11.666382517526658,11.802868843078613,1529300,0.0,0.0
2016-03-22 00:00:00-04:00,11.789873123168945,11.841868105643742,11.685883158219355,11.789873123168945,1969200,0.0,0.0
2016-03-23 00:00:00-04:00,11.789868190592847,11.789868190592847,11.666380933665437,11.672879219055176,2212700,0.0,0.0
2016-03-24 00:00:00-04:00,11.640384438594953,11.666382542369439,11.542894028756269,11.646883964538574,1437300,0.0,0.0
2016-03-28 00:00:00-04:00,11.698878907517749,11.822367420867957,11.698878907517749,11.802868843078613,1325400,0.0,0.0
2016-03-29 00:00:00-04:00,11.802870571593326,11.848366020106726,11.73787654243504,11.841866493225098,3141200,0.0,0.0
2016-03-30 00:00:00-04:00,11.919857967298745,11.978352461680277,11.880862050930332,11.89385986328125,3441100,0.0,0.0
2016-03-31 00:00:00-04:00,11.887364624716676,11.945857894437372,11.861366514033568,11.880865097045898,3289600,0.0,0.0
2016-04-01 00:00:00-04:00,11.828865992723772,12.017347270853934,11.770371503731514,11.984850883483887,5219800,0.0,0.0
2016-04-04 00:00:00-04:00,12.023850317481934,12.023850317481934,11.854866326423219,11.906861305236816,1588200,0.0,0.0
2016-04-05 00:00:00-04:00,11.854866391052878,11.893862315461153,11.76387548754754,11.776874542236328,1679600,0.0,0.0
2016-04-06 00:00:00-04:00,11.757374211507619,11.789870603738253,11.568891665527817,11.685880661010742,2922700,0.0,0.0
2016-04-07 00:00:00-04:00,11.640385805531954,11.7118793596495,11.53639585753805,11.60138988494873,5581900,0.0,0.0
2016-04-08 00:00:00-04:00,11.672880828655241,11.815867920099276,11.620885860764089,11.646883964538574,2149200,0.0,0.0
2016-04-11 00:00:00-04:00,11.692378117924003,11.737873554857696,11.562391332350265,11.568889617919922,1872600,0.0,0.0
2016-04-12 00:00:00-04:00,11.581892440878782,11.78987235726703,11.562395098503687,11.776874542236328,1611100,0.0,0.0
2016-04-13 00:00:00-04:00,11.854864847672461,11.893860767003872,11.77687300900964,11.887362480163574,1454700,0.0,0.0
2016-04-14 00:00:00-04:00,11.893858844856892,11.932855997543962,11.841863880931857,11.86136245727539,962500,0.0,0.0
2016-04-15 00:00:00-04:00,11.841868167576527,11.945858133069985,11.82237082383286,11.87436580657959,1256400,0.0,0.0
2016-04-18 00:00:00-04:00,11.861366514033568,11.932860078753967,11.8093715323255,11.880865097045898,1102000,0.0,0.0
2016-04-19 00:00:00-04:00,11.893862783432336,12.069346309661208,11.88736449549035,11.952357292175293,1381300,0.0,0.0
2016-04-20 00:00:00-04:00,11.971855697643878,12.075845658389209,11.919860717271211,12.017351150512695,1243700,0.0,0.0
2016-04-21 00:00:00-04:00,11.997850570900791,12.02384867658867,11.763873817999416,11.770373344421387,1514900,0.0,0.0
2016-04-22 00:00:00-04:00,11.802869151344966,11.874362698782004,11.78337057304636,11.854864120483398,1695000,0.0,0.0
2016-04-25 00:00:00-04:00,11.88736016909442,11.932855606079103,11.789868530232743,11.932855606079102,2389500,0.0,0.0
2016-04-26 00:00:00-04:00,11.94585373105057,12.023846796259487,11.88736048171603,11.984850883483887,1333800,0.0,0.0
2016-04-27 00:00:00-04:00,11.978352461680277,12.004349326039941,11.848364420908464,11.89385986328125,1534200,0.0,0.0
2016-04-28 00:00:00-04:00,11.705378792296916,12.153836177937551,11.705378792296916,12.095341682434082,2895900,0.0,0.0
2016-04-29 00:00:00-04:00,12.088844713396904,12.127840638761874,11.828869811533576,12.017351150512695,5941100,0.0,0.0
2016-05-02 00:00:00-04:00,12.08234164752401,12.251325594161981,12.03684620797874,12.225327491760254,1979000,0.0,0.0
2016-05-03 00:00:00-04:00,12.127840285244327,12.153838394501891,12.004351745587051,12.1473388671875,1791100,0.0,0.0
2016-05-04 00:00:00-04:00,12.082345008850096,12.140839515869489,12.010851447013485,12.082345008850098,1615400,0.0,0.0
2016-05-05 00:00:00-04:00,12.108339638537092,12.277323600921184,12.088842299576765,12.21233081817627,1490200,0.0,0.0
2016-05-06 00:00:00-04:00,12.140837024163353,12.231827909893322,12.127837972013975,12.192831993103027,1341700,0.0,0.0
2016-05-09 00:00:00-04:00,12.179830469791543,12.309818485596422,12.153833610425124,12.277320861816406,1415900,0.0,0.0
2016-05-10 00:00:00-04:00,12.309822385063079,12.374816413554122,12.231829302942232,12.361817359924316,1968300,0.0,0.0
2016-05-11 00:00:00-04:00,12.303321428882267,12.439807757164663,12.296821902822462,12.348816871643066,1803300,0.0,0.0
2016-05-12 00:00:00-04:00,12.407315254211426,12.452810711227697,12.316324340178882,12.407315254211426,1264700,0.0,0.0
2016-05-13 00:00:00-04:00,12.420307927133289,12.439805261743706,12.231825428181976,12.277320861816406,1377600,0.0,0.0
2016-05-16 00:00:00-04:00,12.270825393967563,12.348818477167615,12.244828526006213,12.296823501586914,990300,0.0,0.0
2016-05-17 00:00:00-04:00,12.296821033707252,12.329317422051659,12.12133756146885,12.225327491760254,1251200,0.0,0.0
2016-05-18 00:00:00-04:00,12.205831950728342,12.407312315358944,12.160335264830394,12.322819709777832,2146700,0.0,0.0
2016-05-19 00:00:00-04:00,12.316322139706203,12.355318061658982,12.192833607254721,12.329319953918457,925500,0.0,0.0
2016-05-20 00:00:00-04:00,12.387813637098153,12.498303108369381,12.36181677073559,12.446308135986328,1387800,0.0,0.0
2016-05-23 00:00:00-04:00,12.478807859250528,12.478807859250528,12.355319314279397,12.381316184997559,836300,0.0,0.0
2016-05-24 00:00:00-04:00,12.43980748335047,12.491802451026608,12.361815651665172,12.485302925109863,1859200,0.0,0.0
2016-05-25 00:00:00-04:00,12.517800554693583,12.543797418702743,12.446307009267214,12.485302925109863,1111200,0.0,0.0
2016-05-26 00:00:00-04:00,12.504804313162644,12.504804313162644,12.400814354439893,12.45280933380127,2316100,0.0,0.0
2016-05-27 00:00:00-04:00,12.452807261489662,12.53729986367752,12.41381134337259,12.517801284790039,1297400,0.0,0.0
2016-05-31 00:00:00-04:00,12.582797402033753,12.582797402033753,12.39431482706246,12.45280933380127,2216600,0.0,0.0
2016-06-01 00:00:00-04:00,12.418676808638178,12.523697230753928,12.359602664705296,12.504005432128906,1507500,0.188,0.0
2016-06-02 00:00:00-04:00,12.46462180786826,12.53025987794125,12.438367331004299,12.523695945739746,931700,0.0,0.0
2016-06-03 00:00:00-04:00,12.431805196318258,12.458059676978356,12.326784769793388,12.41867733001709,1662600,0.0,0.0
2016-06-06 00:00:00-04:00,12.418677122738293,12.517133614469252,12.392421390574189,12.412113189697266,1361600,0.0,0.0
2016-06-07 00:00:00-04:00,12.438369129468843,12.47775147643011,12.412113396866506,12.41867733001709,912500,0.0,0.0
2016-06-08 00:00:00-04:00,12.398985010013156,12.510569365003914,12.372730530455312,12.504005432128906,991200,0.0,0.0
2016-06-09 00:00:00-04:00,12.510569448378703,12.543389112972463,12.43836869015682,12.536825180053711,909500,0.0,0.0
2016-06-10 00:00:00-04:00,12.431803192103207,12.530259669604657,12.431803192103207,12.517131805419922,1492100,0.0,0.0
2016-06-13 00:00:00-04:00,12.517134868588139,12.563081152536563,12.32022186539708,12.339912414550781,1298800,0.0,0.0
2016-06-14 00:00:00-04:00,12.333349471294852,12.339912152912044,12.156127021015077,12.208637237548828,1234300,0.0,0.0
2016-06-15 00:00:00-04:00,12.241455735786147,12.267711470200874,12.116743501200839,12.129871368408203,1094300,0.0,0.0
2016-06-16 00:00:00-04:00,12.057670191235678,12.129870954527986,12.011722657577668,12.116743087768555,884000,0.0,0.0
2016-06-17 00:00:00-04:00,12.09704986347047,12.116740407311408,11.992029456512128,12.051103591918945,2194100,0.0,0.0
2016-06-20 00:00:00-04:00,12.20863443358781,12.280835182275398,12.169252093218029,12.261144638061523,1387900,0.0,0.0
2016-06-21 00:00:00-04:00,12.293964570684626,12.43836858984824,12.274274024029356,12.431804656982422,1572700,0.0,0.0
2016-06-22 00:00:00-04:00,12.45149117298763,12.530257089938079,12.385854369460995,12.425236701965332,2023300,0.0,0.0
2016-06-23 00:00:00-04:00,12.530261503321853,12.595899581909178,12.464623424734528,12.59589958190918,1843800,0.0,0.0
2016-06-24 00:00:00-04:00,12.162690258671352,12.477751539847233,12.136434525935574,12.26771068572998,2924400,0.0,0.0
2016-06-27 00:00:00-04:00,12.142997480508425,12.156125345818332,11.834500157378463,11.880446434020996,2614000,0.0,0.0
2016-06-28 00:00:00-04:00,11.96577637586194,12.116743087768555,11.90670222738678,12.116743087768555,1818600,0.0,0.0
2016-06-29 00:00:00-04:00,12.241454890778034,12.438369129468843,12.23489095762745,12.41867733001709,1448500,0.0,0.0
2016-06-30 00:00:00-04:00,12.451496952379957,12.661539077758789,12.372732250812458,12.661539077758789,2075800,0.0,0.0
2016-07-01 00:00:00-04:00,12.628719158591487,12.73373959322882,12.569645007615195,12.60246467590332,1407900,0.0,0.0
2016-07-05 00:00:00-04:00,12.523698850449296,12.589336935746188,12.471188632600251,12.57620906829834,1654300,0.0,0.0
2016-07-06 00:00:00-04:00,12.563079346874892,12.628717422485352,12.490878590451329,12.628717422485352,1291700,0.0,0.0
2016-07-07 00:00:00-04:00,12.635283219871308,12.661538954767003,12.517134916725372,12.57620906829834,1118600,0.0,0.0
2016-07-08 00:00:00-04:00,12.687792984845329,12.700920851824595,12.602464353364713,12.694356918334961,1792400,0.0,0.0
2016-07-11 00:00:00-04:00,12.746865655075078,12.799375864956186,12.727173856891353,12.779684066772461,827500,0.0,0.0
2016-07-12 00:00:00-04:00,12.838759664012134,12.891269879842648,12.799377315124826,12.82563304901123,1041500,0.0,0.0
2016-07-13 00:00:00-04:00,12.81906766313991,12.851886074837294,12.759993520530895,12.779684066772461,921100,0.0,0.0
2016-07-14 00:00:00-04:00,12.871577749082345,12.891268295134315,12.786247876383326,12.805939674377441,814700,0.0,0.0
2016-07-15 00:00:00-04:00,12.825631595867819,12.825631595867819,12.727173856891353,12.779684066772461,802000,0.0,0.0
2016-07-18 00:00:00-04:00,12.792811932228277,12.858450007565203,12.779684066772461,12.779684066772461,922500,0.0,0.0
2016-07-19 00:00:00-04:00,12.746867474841602,12.858451843261719,12.740303541176615,12.858451843261719,779700,0.0,0.0
2016-07-20 00:00:00-04:00,12.884706540476303,12.976600361373588,12.86501599109588,12.937216758728027,1160900,0.0,0.0
2016-07-21 00:00:00-04:00,12.943780692502287,12.976600361373588,12.910962275573343,12.937216758728027,877000,0.0,0.0
2016-07-22 00:00:00-04:00,12.930653875571714,13.127566877964243,12.930653875571714,13.114439010620117,1636600,0.0,0.0
2016-07-25 00:00:00-04:00,13.075054269138553,13.114436612025669,12.963469921006633,12.976597785949707,1139700,0.0,0.0
2016-07-26 00:00:00-04:00,13.009418522931892,13.055364806507445,12.93721650477469,12.989727973937988,853000,0.0,0.0
2016-07-27 00:00:00-04:00,13.002851250374592,13.02254304625431,12.897830842900124,12.924086570739746,1720300,0.0,0.0
2016-07-28 00:00:00-04:00,12.956904350973952,12.98972400918372,12.904394149780273,12.904394149780273,1032900,0.0,0.0
2016-07-29 00:00:00-04:00,12.83219497717291,12.858450709517863,12.661537724699615,12.720610618591309,2815500,0.0,0.0
2016-08-01 00:00:00-04:00,12.707483989208303,12.753430268814958,12.635281977288003,12.648409843444824,1580700,0.0,0.0
2016-08-02 00:00:00-04:00,12.674662621063737,12.733736758891018,12.582770074195551,12.654972076416016,1311000,0.0,0.0
2016-08-03 00:00:00-04:00,12.67466573643458,12.7599956240219,12.661539120756993,12.714049339294434,1204100,0.0,0.0
2016-08-04 00:00:00-04:00,12.707483955421417,12.759994167966868,12.668100357055664,12.668100357055664,1172000,0.0,0.0
2016-08-05 00:00:00-04:00,12.766558123211283,12.851886749267578,12.694356111357495,12.851886749267578,1102200,0.0,0.0
2016-08-08 00:00:00-04:00,12.83876032585688,12.83876032585688,12.700921471674484,12.714049339294434,816300,0.0,0.0
2016-08-09 00:00:00-04:00,12.707481384277344,12.766555517931101,12.687789589078768,12.707481384277344,857800,0.0,0.0
2016-08-10 00:00:00-04:00,12.700921428542538,12.707485362330223,12.641847276395735,12.661539077758789,798500,0.0,0.0
2016-08-11 00:00:00-04:00,12.694354417653516,12.72060889449783,12.64184421202283,12.654972076416016,1304800,0.0,0.0
2016-08-12 00:00:00-04:00,12.641845703125,12.694355914949252,12.615589971241773,12.641845703125,671300,0.0,0.0
2016-08-15 00:00:00-04:00,12.668099767074764,12.681227632585289,12.609025624219566,12.628717422485352,624100,0.0,0.0
2016-08-16 00:00:00-04:00,12.595900154108037,12.602464087459174,12.451496124267578,12.451496124267578,828300,0.0,0.0
2016-08-17 00:00:00-04:00,12.44492724224661,12.44492724224661,12.385854369460995,12.425236701965332,885500,0.0,0.0
2016-08-18 00:00:00-04:00,12.444934415472195,12.543392181396484,12.43180779836579,12.543392181396484,725800,0.0,0.0
2016-08-19 00:00:00-04:00,12.490877897234729,12.530260239638505,12.438367690048993,12.48431396484375,910000,0.0,0.0
2016-08-22 00:00:00-04:00,12.458061875302029,12.54339176937452,12.418679521391434,12.530263900756836,930500,0.0,0.0
2016-08-23 00:00:00-04:00,12.543392181396484,12.609029022756012,12.523700377823127,12.543392181396484,657400,0.0,0.0
2016-08-24 00:00:00-04:00,12.549951465881762,12.549951465881762,12.47118553271538,12.517131805419922,968200,0.0,0.0
2016-08-25 00:00:00-04:00,12.517132451374621,12.654972528543608,12.517132451374621,12.609025001525879,1255600,0.0,0.0
2016-08-26 00:00:00-04:00,12.648408308019238,12.661536172582434,12.398983889086832,12.477749824523926,1294000,0.0,0.0
2016-08-29 00:00:00-04:00,12.49744190602341,12.628716798819191,12.49744190602341,12.609025001525879,814900,0.0,0.0
2016-08-30 00:00:00-04:00,12.635282562896377,12.687792778015137,12.589336281160245,12.687792778015137,941200,0.0,0.0
2016-08-31 00:00:00-04:00,12.72623651822358,12.759377252144354,12.659953786144069,12.74612045288086,1457400,0.188,0.0
2016-09-01 00:00:00-04:00,12.766004246522517,12.792516577893124,12.633438796956007,12.673209190368652,1293400,0.0,0.0
2016-09-02 00:00:00-04:00,12.699725993688963,12.805777884991054,12.686469191216634,12.759380340576172,1111600,0.0,0.0
2016-09-06 00:00:00-04:00,12.792521533722946,12.7991499351929,12.633443691158984,12.653328895568848,1042800,0.0,0.0
2016-09-07 00:00:00-04:00,12.640065832943945,12.712976948767672,12.613553504432026,12.686463356018066,1362100,0.0,0.0
2016-09-08 00:00:00-04:00,12.679837374233053,12.712979371485945,12.613555908203123,12.613555908203125,1714200,0.0,0.0
2016-09-09 00:00:00-04:00,12.57378640556568,12.57378640556568,12.34842586517334,12.34842586517334,1334500,0.0,0.0
2016-09-12 00:00:00-04:00,12.302026793603037,12.474361377336004,12.275514461464505,12.434592247009277,1854300,0.0,0.0
2016-09-13 00:00:00-04:00,12.355050844468199,12.355050844468199,12.182716286925649,12.24237060546875,1255800,0.0,0.0
2016-09-14 00:00:00-04:00,12.24237155588104,12.25562835308371,12.08992218076364,12.103178977966309,1041900,0.0,0.0
2016-09-15 00:00:00-04:00,12.083294548721701,12.18934640459541,12.070037750678026,12.129692077636719,1375400,0.0,0.0
2016-09-16 00:00:00-04:00,12.070038580125845,12.089923778557859,11.99050031487365,12.010385513305664,2616800,0.0,0.0
2016-09-19 00:00:00-04:00,12.043528417977676,12.156208700933519,12.010387678853435,12.063413619995117,1124300,0.0,0.0
2016-09-20 00:00:00-04:00,12.129693975783665,12.129693975783665,11.944103831081035,11.950732231140137,2126300,0.0,0.0
2016-09-21 00:00:00-04:00,11.997128714350987,12.063411444886437,11.910960785383523,12.010385513305664,2275400,0.0,0.0
2016-09-22 00:00:00-04:00,12.076666831970215,12.103180429555449,12.017012501641355,12.076666831970215,1774200,0.0,0.0
2016-09-23 00:00:00-04:00,12.043525150631181,12.070037481890283,11.93747329711914,11.93747329711914,1250400,0.0,0.0
2016-09-26 00:00:00-04:00,11.891076177291364,11.910960110358573,11.738625526428223,11.738625526428223,2373900,0.0,0.0
2016-09-27 00:00:00-04:00,11.745255821466985,11.90433363287254,11.72537188519008,11.83142375946045,2448300,0.0,0.0
2016-09-28 00:00:00-04:00,11.891074950839037,11.917587280273438,11.811535434060373,11.917587280273438,1857100,0.0,0.0
2016-09-29 00:00:00-04:00,11.884447924680751,11.884447924680751,11.639202211846705,11.672344207763672,1769600,0.0,0.0
2016-09-30 00:00:00-04:00,11.705485531774311,11.745254664649227,11.632574401305346,11.678973197937012,2387800,0.0,0.0
2016-10-03 00:00:00-04:00,11.67234602634914,11.69222996275942,11.58617808777769,11.639204025268555,1883200,0.0,0.0
2016-10-04 00:00:00-04:00,11.665717974962353,11.738627851043654,11.56629449722377,11.725372314453125,1755100,0.0,0.0
2016-10-05 00:00:00-04:00,11.751884617393255,11.924219234945635,11.751884617393255,11.864564895629883,2063000,0.0,0.0
2016-10-06 00:00:00-04:00,11.864563082641558,11.864563082641558,11.731998887715154,11.804908752441406,1220800,0.0,0.0
2016-10-07 00:00:00-04:00,11.824794218359633,11.930846082397464,11.824794218359633,11.857934951782227,1148400,0.0,0.0
2016-10-10 00:00:00-04:00,11.857932433678421,12.063408982825727,11.857932433678421,12.043523788452148,1441500,0.0,0.0
2016-10-11 00:00:00-04:00,11.983869552612305,12.036895473738292,11.930843631486317,11.983869552612305,1394400,0.0,0.0
2016-10-12 00:00:00-04:00,12.003755431116515,12.129691210818201,11.990498634020204,12.070036888122559,1381000,0.0,0.0
2016-10-13 00:00:00-04:00,11.990501303670928,12.096553175578048,11.950732167765267,12.050155639648438,1277800,0.0,0.0
2016-10-14 00:00:00-04:00,12.149579411845506,12.23574608581065,12.129694211282134,12.142951011657715,1216400,0.0,0.0
2016-10-17 00:00:00-04:00,12.142948608475573,12.209231332997556,12.12306467608545,12.169462203979492,1168700,0.0,0.0
2016-10-18 00:00:00-04:00,12.30202882345049,12.30202882345049,12.123067075332411,12.142951011657715,1285600,0.0,0.0
2016-10-19 00:00:00-04:00,12.202602934121575,12.229116529625495,12.136320209599592,12.169462203979492,1823900,0.0,0.0
2016-10-20 00:00:00-04:00,12.149579048156738,12.19597658384433,12.050155576792182,12.149579048156738,1899000,0.0,0.0
2016-10-21 00:00:00-04:00,12.07003947567345,12.12969381115767,12.017013540158368,12.109809875488281,2267500,0.0,0.0
2016-10-24 00:00:00-04:00,12.242372063139639,12.242372063139639,12.10317947945751,12.169462203979492,1240900,0.0,0.0
2016-10-25 00:00:00-04:00,12.182720148546393,12.189348548734182,12.096553474581247,12.142951011657715,1763700,0.0,0.0
2016-10-26 00:00:00-04:00,12.1429485193022,12.229116439819338,12.030268267713657,12.229116439819336,2377800,0.0,0.0
2016-10-27 00:00:00-04:00,12.262257750966706,12.302026881577833,10.989634193269834,11.036031723022461,6445500,0.0,0.0
2016-10-28 00:00:00-04:00,11.102313810619147,11.208365662297977,10.9432360331009,10.989633560180664,2867500,0.0,0.0
2016-10-31 00:00:00-04:00,10.989635755589562,11.241508637584197,10.989635755589562,11.175227165222168,7748400,0.0,0.0
2016-11-01 00:00:00-04:00,11.175226801852904,11.281278671269469,11.115572467276337,11.181855201721191,3815700,0.0,0.0
2016-11-02 00:00:00-04:00,11.175225618953075,11.195109552215209,11.062545361595454,11.075800895690918,3218500,0.0,0.0
2016-11-03 00:00:00-04:00,11.122201728263944,11.268022743942183,11.089059726356545,11.148714065551758,1924500,0.0,0.0
2016-11-04 00:00:00-04:00,11.13545600698548,11.16196960551656,11.049289340235394,11.055917739868164,2062200,0.0,0.0
2016-11-07 00:00:00-05:00,11.214994793235359,11.22825159162014,11.135455267164552,11.208366394042969,1762300,0.0,0.0
2016-11-08 00:00:00-05:00,11.168597035379555,11.22162296359951,11.122199506216825,11.195109367370605,1197900,0.0,0.0
2016-11-09 00:00:00-05:00,11.168597438123609,11.34093202711238,11.049288779266929,11.321046829223633,2486500,0.0,0.0
2016-11-10 00:00:00-05:00,11.420468922054454,11.473494845834201,11.334302270001517,11.42709732055664,2051500,0.0,0.0
2016-11-11 00:00:00-05:00,11.400584509899314,11.599431399626404,11.38069931523153,11.592803001403809,1707800,0.0,0.0
2016-11-14 00:00:00-05:00,11.678973735525222,11.864563873642922,11.652460136229552,11.692229270935059,2052400,0.0,0.0
2016-11-15 00:00:00-05:00,11.652457915826275,11.665714712947997,11.513265338761475,11.599431991577148,1691300,0.0,0.0
2016-11-16 00:00:00-05:00,11.59943190505199,11.672343024439824,11.572918311006324,11.659086227416992,1124300,0.0,0.0
2016-11-17 00:00:00-05:00,11.659087944147824,11.778396606445312,11.6392027456856,11.778396606445312,1392000,0.0,0.0
2016-11-18 00:00:00-05:00,11.811535111789798,11.844677102975703,11.745252393655683,11.82479190826416,1547900,0.0,0.0
2016-11-21 00:00:00-05:00,11.871189299852144,11.910958424595883,11.77839425403753,11.844676971435547,1775200,0.0,0.0
2016-11-22 00:00:00-05:00,11.910960466627833,11.99049999398936,11.857934536466114,11.96398639678955,1827000,0.0,0.0
2016-11-23 00:00:00-05:00,11.98387491002353,12.043529255988553,11.90433536065742,11.990503311157227,815900,0.0,0.0
2016-11-25 00:00:00-05:00,12.003753764387868,12.083292007446289,12.003753764387868,12.083292007446289,455300,0.0,0.0
2016-11-28 00:00:00-05:00,12.056782545257047,12.103180075435771,11.937473888090109,11.94410228729248,1369400,0.0,0.0
2016-11-29 00:00:00-05:00,12.003753764387868,12.202600636271498,12.003753764387868,12.083292007446289,1219500,0.0,0.0
2016-11-30 00:00:00-05:00,12.116434974953505,12.162832497860812,11.838048573271976,11.844676971435547,2021800,0.0,0.0
2016-12-01 00:00:00-05:00,11.843340186676496,11.930423006719808,11.809845811521555,11.836641311645508,1597300,0.188,0.0
2016-12-02 00:00:00-05:00,11.843339765552688,11.917026110593664,11.796448919682877,11.823243141174316,998100,0.0,0.0
2016-12-05 00:00:00-05:00,11.890229809075269,11.903627557756776,11.742858406617597,11.843338966369629,1677100,0.0,0.0
2016-12-06 00:00:00-05:00,11.870134217229198,12.104589728804532,11.870134217229198,12.097890853881836,1901200,0.0,0.0
2016-12-07 00:00:00-05:00,12.13808350644811,12.22516632080078,12.084493787381925,12.225166320800781,1579600,0.0,0.0
2016-12-08 00:00:00-05:00,12.245263093411943,12.365839004516602,12.218467594713328,12.365839004516602,1888300,0.0,0.0
2016-12-09 00:00:00-05:00,12.372536656895802,12.452921867370605,12.325645816485324,12.452921867370605,1410000,0.0,0.0
2016-12-12 00:00:00-05:00,12.46631966597916,12.5132105065799,12.379235581138142,12.419428825378418,1804700,0.0,0.0
2016-12-13 00:00:00-05:00,12.54670209350274,12.54670209350274,12.22516384424244,12.352439880371094,1316600,0.0,0.0
2016-12-14 00:00:00-05:00,12.359141038902354,12.452922726191002,12.292153571833465,12.318947792053223,1519300,0.0,0.0
2016-12-15 00:00:00-05:00,12.318946992457308,12.473018540019206,12.29885164801675,12.419428825378418,1480600,0.0,0.0
2016-12-16 00:00:00-05:00,12.412729900972991,12.560101296217294,12.392633278934397,12.452921867370605,7845600,0.0,0.0
2016-12-19 00:00:00-05:00,12.479716928147568,12.606992987624231,12.479716928147568,12.60029411315918,1352300,0.0,0.0
2016-12-20 00:00:00-05:00,12.633789846434295,12.707474918128122,12.600295470500921,12.69407844543457,1156200,0.0,0.0
2016-12-21 00:00:00-05:00,12.694078979574796,12.74096983017479,12.667283477700597,12.680681228637695,992500,0.0,0.0
2016-12-22 00:00:00-05:00,12.69407934048592,12.781162168693252,12.667283837849888,12.727572441101074,1208100,0.0,0.0
2016-12-23 00:00:00-05:00,12.740968538060908,12.814653605382542,12.734269663271718,12.801257133483887,727200,0.0,0.0
2016-12-27 00:00:00-05:00,12.841447299664217,12.87494039122296,12.76776096501953,12.774459838867188,964100,0.0,0.0
2016-12-28 00:00:00-05:00,12.794559017875097,12.834750991315346,12.660584069501196,12.69407844543457,890100,0.0,0.0
2016-12-29 00:00:00-05:00,12.707473378673638,12.767761970370215,12.680679158852739,12.740967750549316,819400,0.0,0.0
2016-12-30 00:00:00-05:00,12.727572441101074,12.814655269308403,12.69407934048592,12.727572441101074,1013500,0.0,0.0
2017-01-03 00:00:00-05:00,12.79455646041016,12.807954208105475,12.673979286511413,12.774459838867188,1640700,0.0,0.0
2017-01-04 00:00:00-05:00,12.814653019857424,12.96202570312641,12.781159925121562,12.84814739227295,3009400,0.0,0.0
2017-01-05 00:00:00-05:00,12.821352213502347,12.895038556971114,12.734269398413558,12.807955741882324,1188000,0.0,0.0
2017-01-06 00:00:00-05:00,12.8280465348324,12.928527063555311,12.80125232342327,12.834745407104492,1232800,0.0,0.0
2017-01-09 00:00:00-05:00,12.794559305307427,12.834751279650598,12.573501529900245,12.60699462890625,2446600,0.0,0.0
2017-01-10 00:00:00-05:00,12.606992664055904,12.814652656424112,12.606992664055904,12.720870971679688,2015300,0.0,0.0
2017-01-11 00:00:00-05:00,12.714173650267584,12.9888211414322,12.694078302613452,12.921834945678711,2709800,0.0,0.0
2017-01-12 00:00:00-05:00,12.841449866502021,12.861546492062047,12.62709097124762,12.69407844543457,1437400,0.0,0.0
2017-01-13 00:00:00-05:00,12.720870283537675,12.8682416769753,12.680678317632788,12.714171409606934,1761100,0.0,0.0
2017-01-17 00:00:00-05:00,12.627091861575726,12.767764417375234,12.573502133983549,12.727572441101074,1886200,0.0,0.0
2017-01-18 00:00:00-05:00,12.727570206936385,12.854846266756054,12.687378237717418,12.84814739227295,1659700,0.0,0.0
2017-01-19 00:00:00-05:00,12.881640651615216,12.928531495916477,12.653884026997938,12.787858963012695,2006200,0.0,0.0
2017-01-20 00:00:00-05:00,12.86154413639118,12.928530320629399,12.82135089263277,12.88163948059082,1328200,0.0,0.0
2017-01-23 00:00:00-05:00,12.921835479658094,12.935231952754515,12.861546878844772,12.908437728881836,1206600,0.0,0.0
2017-01-24 00:00:00-05:00,12.941928278503722,13.116095171243618,12.901736311772849,13.069204330444336,1760800,0.0,0.0
2017-01-25 00:00:00-05:00,13.12949451282783,13.26346817741684,13.075904791456276,13.109397888183594,3448300,0.0,0.0
2017-01-26 00:00:00-05:00,13.243368989567452,13.8194580078125,13.243368989567452,13.8194580078125,3748600,0.0,0.0
2017-01-27 00:00:00-05:00,13.873050423848444,13.940037888641415,13.73237789769486,13.879749298095703,3572800,0.0,0.0
2017-01-30 00:00:00-05:00,13.839554141159446,13.839554141159446,13.638593070768827,13.799362182617188,1751900,0.0,0.0
2017-01-31 00:00:00-05:00,13.812764160062287,14.027123041536665,13.739077815425574,13.933340072631836,7097900,0.0,0.0
2017-02-01 00:00:00-05:00,13.973535327086843,14.107509008400564,13.913246723307703,13.986931800842285,2294800,0.0,0.0
2017-02-02 00:00:00-05:00,13.986929727909835,14.174494387166913,13.906545786570883,14.047218322753906,2306800,0.0,0.0
2017-02-03 00:00:00-05:00,14.187890904985721,14.194589779129066,14.013724010297558,14.053915977478027,2163200,0.0,0.0
2017-02-06 00:00:00-05:00,14.03381633758545,14.120899119437471,13.973527766426662,14.03381633758545,1438200,0.0,0.0
2017-02-07 00:00:00-05:00,14.05391518073609,14.05391518073609,13.960133503405117,13.993626594543457,1643800,0.0,0.0
2017-02-08 00:00:00-05:00,13.993625042680753,14.007022788722118,13.879746756687915,13.919939994812012,1564100,0.0,0.0
2017-02-09 00:00:00-05:00,13.940036132356907,14.00702358871023,13.886446422810142,13.8998441696167,2323600,0.0,0.0
2017-02-10 00:00:00-05:00,13.926639132709758,13.980228840215082,13.806061971402926,13.913241386413574,2019400,0.0,0.0
2017-02-13 00:00:00-05:00,13.953433347622715,13.966831093918898,13.866350552056343,13.913241386413574,1755900,0.0,0.0
2017-02-14 00:00:00-05:00,13.899843375749963,13.933336463173992,13.846253669263886,13.919939994812012,1351100,0.0,0.0
2017-02-15 00:00:00-05:00,13.89314964301627,13.933341618331497,13.81946329020514,13.88645076751709,1373500,0.0,0.0
2017-02-16 00:00:00-05:00,13.886446422810142,13.946735005760186,13.852953333473211,13.8998441696167,1351800,0.0,0.0
2017-02-17 00:00:00-05:00,13.86635011838258,13.886445459518958,13.74577296084683,13.8194580078125,1592900,0.0,0.0
2017-02-21 00:00:00-05:00,13.82616152145626,13.93334096908927,13.82616152145626,13.926643371582031,1092300,0.0,0.0
2017-02-22 00:00:00-05:00,13.899846538743041,14.08071231842041,13.899846538743041,14.08071231842041,1162800,0.0,0.0
2017-02-23 00:00:00-05:00,14.100809250264287,14.14100250205505,14.027124177340866,14.120905876159668,2561100,0.0,0.0
2017-02-24 00:00:00-05:00,14.02712505514831,14.08071478320978,13.966836451369172,13.986931800842285,1553700,0.0,0.0
2017-02-27 00:00:00-05:00,13.993625687845151,14.020421181163266,13.87974739660205,13.960132598876953,1251000,0.0,0.0
2017-02-28 00:00:00-05:00,13.899844276167148,13.966831733033969,13.859652313118843,13.873048782348633,1547200,0.0,0.0
2017-03-01 00:00:00-05:00,14.000327110290527,14.060615703553914,13.926642045608359,14.000327110290527,2619800,0.0,0.0
2017-03-02 00:00:00-05:00,14.047648972695331,14.067928679492583,13.93272590637207,13.93272590637207,1196700,0.19,0.0
2017-03-03 00:00:00-05:00,13.93272590637207,13.993567605566827,13.81104250798256,13.93272590637207,1423900,0.0,0.0
2017-03-06 00:00:00-05:00,13.892162809237645,13.912443803823606,13.817801741225253,13.824562072753906,1137000,0.0,0.0
2017-03-07 00:00:00-05:00,13.811039784961222,13.858360810693537,13.72315677482871,13.743437767028809,1831100,0.0,0.0
2017-03-08 00:00:00-05:00,13.790762604395937,13.838083643207334,13.682599861569427,13.702880859375,1020600,0.0,0.0
2017-03-09 00:00:00-05:00,13.702877353886866,13.811040069043047,13.621754672819094,13.662315368652344,1142800,0.0,0.0
2017-03-10 00:00:00-05:00,13.723159896196679,13.797522261776368,13.662318195159031,13.750201225280762,1204500,0.0,0.0
2017-03-13 00:00:00-04:00,13.75020179278209,13.777241833580636,13.635278718234684,13.6758394241333,1013900,0.0,0.0
2017-03-14 00:00:00-04:00,13.648797214529614,13.68259758250729,13.58795552064869,13.669076919555664,939000,0.0,0.0
2017-03-15 00:00:00-04:00,13.66907594794942,13.797519658057224,13.648796244364863,13.756958961486816,1364100,0.0,0.0
2017-03-16 00:00:00-04:00,13.756958850007123,13.777238553427342,13.68259649906289,13.729917526245117,812500,0.0,0.0
2017-03-17 00:00:00-04:00,13.702880737799411,13.716401402883168,13.547396957540998,13.635278701782227,3033400,0.0,0.0
2017-03-20 00:00:00-04:00,13.560916333223163,13.675839407631901,13.560916333223163,13.635278701782227,1054000,0.0,0.0
2017-03-21 00:00:00-04:00,13.71640045628213,13.736680163106623,13.473033659176213,13.506834030151367,1281100,0.0,0.0
2017-03-22 00:00:00-04:00,13.513592876014553,13.513592876014553,13.398669822176055,13.493311882019043,785300,0.0,0.0
2017-03-23 00:00:00-04:00,13.50007298295458,13.682598071115358,13.459512282052662,13.601476669311523,1200400,0.0,0.0
2017-03-24 00:00:00-04:00,13.608234622177838,13.655556940409879,13.486552529213723,13.533873558044434,874600,0.0,0.0
2017-03-27 00:00:00-04:00,13.43922793733556,13.527110938354275,13.425708566672082,13.500069618225098,757300,0.0,0.0
2017-03-28 00:00:00-04:00,13.473032464362653,13.68259758250729,13.473032464362653,13.669076919555664,1184600,0.0,0.0
2017-03-29 00:00:00-04:00,13.648797214529614,13.689357913983102,13.58795552064869,13.669076919555664,961700,0.0,0.0
2017-03-30 00:00:00-04:00,13.669077026397671,13.824562072753906,13.635276658155803,13.824562072753906,982700,0.0,0.0
2017-03-31 00:00:00-04:00,13.811039685720944,13.898921405820728,13.736677337589503,13.844840049743652,1033200,0.0,0.0
2017-04-03 00:00:00-04:00,13.811043602201508,13.865124973614764,13.669079196365713,13.702880859375,1001400,0.0,0.0
2017-04-04 00:00:00-04:00,13.716399347098246,13.851602109467123,13.696118352512286,13.824562072753906,1237200,0.0,0.0
2017-04-05 00:00:00-04:00,13.858365367984293,13.865125700940778,13.540637455439498,13.56767749786377,1497500,0.0,0.0
2017-04-06 00:00:00-04:00,13.581196393578509,13.581196393578509,13.473033659176213,13.506834030151367,1067200,0.0,0.0
2017-04-07 00:00:00-04:00,13.49331499297059,13.513595991641985,13.385152245526463,13.459514617919922,1150900,0.0,0.0
2017-04-10 00:00:00-04:00,13.45951381997234,13.6487992614786,13.425713446925528,13.608237266540527,1048700,0.0,0.0
2017-04-11 00:00:00-04:00,13.608233857309935,13.689356537461073,13.520352135764021,13.682596206665039,960700,0.0,0.0
2017-04-12 00:00:00-04:00,13.675836644536567,13.682596975712572,13.513592564516417,13.533873558044434,649400,0.0,0.0
2017-04-13 00:00:00-04:00,13.540634042075885,13.540634042075885,13.385149002075195,13.385149002075195,808600,0.0,0.0
2017-04-17 00:00:00-04:00,13.425714373982586,13.587958496733226,13.39191270920016,13.56767749786377,734100,0.0,0.0
2017-04-18 00:00:00-04:00,13.466273307800293,13.554155045850639,13.405431608611016,13.466273307800293,805200,0.0,0.0
2017-04-19 00:00:00-04:00,13.466274950810387,13.574437698254513,13.412193577088322,13.459514617919922,900700,0.0,0.0
2017-04-20 00:00:00-04:00,13.520356855066389,13.520356855066389,13.35135239437806,13.47303581237793,1033000,0.0,0.0
2017-04-21 00:00:00-04:00,13.486553216901157,13.5000725905412,13.371630159851723,13.398670196533203,831900,0.0,0.0
2017-04-24 00:00:00-04:00,13.547395332360509,13.587956033344417,13.398670613083784,13.513593673706055,1085100,0.0,0.0
2017-04-25 00:00:00-04:00,13.560917164907284,13.628519205070468,13.560917164907284,13.56767749786377,670900,0.0,0.0
2017-04-26 00:00:00-04:00,13.58795552064869,13.770480602291464,13.567674526221252,13.669076919555664,1135900,0.0,0.0
2017-04-27 00:00:00-04:00,13.77724100912773,14.122010212138388,13.77048196638376,14.081449508666992,1976200,0.0,0.0
2017-04-28 00:00:00-04:00,14.128769702412182,14.128769702412182,13.905683912509936,13.980046272277832,3055100,0.0,0.0
2017-05-01 00:00:00-04:00,14.027366748784505,14.034127080259074,13.919204023994181,13.92596435546875,871200,0.0,0.0
2017-05-02 00:00:00-04:00,13.91244659233235,13.953007300232564,13.587958350327325,13.628519058227539,1097100,0.0,0.0
2017-05-03 00:00:00-04:00,13.642036969409077,13.777239731577009,13.594715938180231,13.655557632446289,973800,0.0,0.0
2017-05-04 00:00:00-04:00,13.702877353886866,13.736677718847695,13.581193976985844,13.662315368652344,742800,0.0,0.0
2017-05-05 00:00:00-04:00,13.682601502669238,13.750203547394438,13.628520124769429,13.696122169494629,848600,0.0,0.0
2017-05-08 00:00:00-04:00,13.709639397984258,13.736679435451725,13.581195674159847,13.601476669311523,590700,0.0,0.0
2017-05-09 00:00:00-04:00,13.614994652513158,13.648796307646295,13.324306865374675,13.358108520507812,1354200,0.0,0.0
2017-05-10 00:00:00-04:00,13.364868722581674,13.48655210108429,13.317547695253166,13.418950080871582,848400,0.0,0.0
2017-05-11 00:00:00-04:00,13.385148842072844,13.432471160273412,13.256706418018148,13.276986122131348,968800,0.0,0.0
2017-05-12 00:00:00-04:00,13.249947527599682,13.263468191412892,13.155304170308687,13.209386825561523,1078600,0.0,0.0
2017-05-15 00:00:00-04:00,13.216143566243435,13.34458727129526,13.195863863457157,13.263465881347656,1086400,0.0,0.0
2017-05-16 00:00:00-04:00,13.249950157217958,13.358112910386943,13.202629113881741,13.283750534057617,1259000,0.0,0.0
2017-05-17 00:00:00-04:00,13.283746535555547,13.283746535555547,13.06742109433307,13.13502311706543,1104200,0.0,0.0
2017-05-18 00:00:00-04:00,13.13502571340903,13.209388082053644,13.087704674963037,13.128265380859375,807900,0.0,0.0
2017-05-19 00:00:00-04:00,13.14854369807665,13.304027446817386,13.114742042219103,13.276986122131348,1671900,0.0,0.0
2017-05-22 00:00:00-04:00,13.310789149365329,13.405431216714536,13.29726848562931,13.391910552978516,1296700,0.0,0.0
2017-05-23 00:00:00-04:00,13.398671698191068,13.493313771285367,13.3851510336343,13.452753067016602,710600,0.0,0.0
2017-05-24 00:00:00-04:00,13.445990693944738,13.4662716877017,13.364869297719578,13.385149002075195,726800,0.0,0.0
2017-05-25 00:00:00-04:00,13.432473075979129,13.493313486396964,13.351350379752825,13.405431747436523,773000,0.0,0.0
2017-05-26 00:00:00-04:00,13.425714803090356,13.506836222357613,13.304031384787757,13.344592094421387,633700,0.0,0.0
2017-05-30 00:00:00-04:00,13.317552350837833,13.378394061358344,13.135027219276298,13.222908973693848,1024100,0.0,0.0
2017-05-31 00:00:00-04:00,13.236427555915517,13.385150997433117,13.121504486296883,13.371631622314453,1315100,0.0,0.0
2017-06-01 00:00:00-04:00,13.433061392776251,13.617356751972116,13.419409595374988,13.610530853271484,1396000,0.19,0.0
2017-06-02 00:00:00-04:00,13.617356199494617,13.65148438970608,13.549098517164687,13.555924415588379,787400,0.0,0.0
2017-06-05 00:00:00-04:00,13.535449719953611,13.555927419762822,13.323852029554255,13.351154327392578,1031700,0.0,0.0
2017-06-06 00:00:00-04:00,13.303372386821154,13.385281872188036,13.200986506542877,13.269244194030762,948900,0.0,0.0
2017-06-07 00:00:00-04:00,13.310196825025356,13.392106301403036,13.26241683959961,13.26241683959961,1520600,0.0,0.0
2017-06-08 00:00:00-04:00,13.248766683448597,13.480842043025401,13.235114885377698,13.426236152648926,921300,0.0,0.0
2017-06-09 00:00:00-04:00,13.46718785573709,13.733392663263677,13.371627890008355,13.719740867614746,1449100,0.0,0.0
2017-06-12 00:00:00-04:00,13.719742069771138,13.82212794229563,13.624180793762209,13.624180793762207,1136000,0.0,0.0
2017-06-13 00:00:00-04:00,13.637831998178028,13.815301443734453,13.569574318824488,13.787999153137207,1103000,0.0,0.0
2017-06-14 00:00:00-04:00,13.781172359417871,13.869906425476074,13.706088786817718,13.869906425476074,906300,0.0,0.0
2017-06-15 00:00:00-04:00,13.69244191446866,14.006426811218262,13.69244191446866,14.006426811218262,1378800,0.0,0.0
2017-06-16 00:00:00-04:00,13.938168978684768,14.006426677492327,13.760699482548045,13.931343078613281,2776400,0.0,0.0
2017-06-19 00:00:00-04:00,14.006425032376766,14.033727327548625,13.747046067754697,13.767523765563965,1554100,0.0,0.0
2017-06-20 00:00:00-04:00,13.73339497880103,13.767523171770696,13.583227805157437,13.66513729095459,733300,0.0,0.0
2017-06-21 00:00:00-04:00,13.70609113805154,13.719742935758372,13.508145278930822,13.528621673583984,796700,0.0,0.0
2017-06-22 00:00:00-04:00,13.528622946092343,13.576402940653375,13.412585258483885,13.412585258483887,652200,0.0,0.0
2017-06-23 00:00:00-04:00,13.474018096923826,13.528623995214922,13.405760398583132,13.474018096923828,2032300,0.0,0.0
2017-06-26 00:00:00-04:00,13.494492478938009,13.596878350320498,13.467188885552284,13.514968872070312,673700,0.0,0.0
2017-06-27 00:00:00-04:00,13.535443912886,13.535443912886,13.317020416259766,13.317020416259766,1011000,0.0,0.0
2017-06-28 00:00:00-04:00,13.385280159474082,13.542271909273362,13.3716283633419,13.460362434387207,948600,0.0,0.0
2017-06-29 00:00:00-04:00,13.562751529543675,13.583227924742904,13.303372573825072,13.426236152648926,868100,0.0,0.0
2017-06-30 00:00:00-04:00,13.474017015767975,13.5217970102004,13.303373434562342,13.330677032470703,1130600,0.0,0.0
2017-07-03 00:00:00-04:00,13.330675814463264,13.590053461357641,13.330675814463264,13.528621673583984,835300,0.0,0.0
2017-07-05 00:00:00-04:00,13.521796089257325,13.535447887281709,13.317024326520052,13.378456115722656,800800,0.0,0.0
2017-07-06 00:00:00-04:00,13.385282373111785,13.398932869594528,13.255592892222081,13.310198783874512,1268400,0.0,0.0
2017-07-07 00:00:00-04:00,13.35115292158311,13.412584712634994,13.207812943733483,13.357978820800781,1097200,0.0,0.0
2017-07-10 00:00:00-04:00,13.310193961106927,13.392103419860371,13.241936295796839,13.296542167663574,1404100,0.0,0.0
2017-07-11 00:00:00-04:00,13.323848673049909,13.398930949621263,13.241939196354744,13.276068687438965,1086100,0.0,0.0
2017-07-12 00:00:00-04:00,13.317023125131092,13.371629010395262,13.241939544677734,13.241939544677734,897000,0.0,0.0
2017-07-13 00:00:00-04:00,13.282892781892203,13.33067406760483,13.200984610198672,13.303370475769043,822300,0.0,0.0
2017-07-14 00:00:00-04:00,13.269245239084098,13.364805227948947,13.248767540652828,13.330677032470703,822800,0.0,0.0
2017-07-17 00:00:00-04:00,13.30337297811839,13.453538855740502,13.235115287596644,13.371630668640137,1053300,0.0,0.0
2017-07-18 00:00:00-04:00,13.330675523785015,13.385281411514564,13.214637849621342,13.34432601928711,767700,0.0,0.0
2017-07-19 00:00:00-04:00,13.357978963118583,13.460364848660172,13.330676667864171,13.433062553405762,670800,0.0,0.0
2017-07-20 00:00:00-04:00,13.446711037072992,13.487665120812101,13.385279260510906,13.439885139465332,911500,0.0,0.0
2017-07-21 00:00:00-04:00,13.4467134475708,13.47401574098888,13.337501670084318,13.4467134475708,828400,0.0,0.0
2017-07-24 00:00:00-04:00,13.4603639433263,13.508145235145333,13.42623575107693,13.4467134475708,881800,0.0,0.0
2017-07-25 00:00:00-04:00,13.549096390091671,13.774345795083631,13.53544459538748,13.753868103027344,1805000,0.0,0.0
2017-07-26 00:00:00-04:00,13.760694735149736,13.760694735149736,13.494491233737717,13.562748908996582,1681300,0.0,0.0
2017-07-27 00:00:00-04:00,13.576400439702077,13.637832221937495,12.989387512207033,12.989387512207031,2716900,0.0,0.0
2017-07-28 00:00:00-04:00,12.968909817492904,13.030341599728322,12.805092165500776,12.989387512207031,1615900,0.0,0.0
2017-07-31 00:00:00-04:00,12.989387183702473,13.405756550437271,12.989387183702473,13.392106056213379,5486300,0.0,0.0
2017-08-01 00:00:00-04:00,13.405756795876849,13.405756795876849,13.235113246838063,13.26241683959961,1395100,0.0,0.0
2017-08-02 00:00:00-04:00,13.248762068508869,13.303367939864488,13.166853912428772,13.200982093811035,1355000,0.0,0.0
2017-08-03 00:00:00-04:00,13.200982093811035,13.26241386182444,13.105422144415368,13.200982093811035,971700,0.0,0.0
2017-08-04 00:00:00-04:00,13.221465244651673,13.357979328471856,13.180509847789134,13.330677032470703,1105700,0.0,0.0
2017-08-07 00:00:00-04:00,13.330676792593765,13.426236779739074,13.194161409322883,13.228289604187012,1455000,0.0,0.0
2017-08-08 00:00:00-04:00,13.24193914502845,13.357976810451103,13.194159159602703,13.26241683959961,1284100,0.0,0.0
2017-08-09 00:00:00-04:00,13.173682814816273,13.262418198476228,13.173682814816273,13.207812309265137,1009000,0.0,0.0
2017-08-10 00:00:00-04:00,13.180506492200259,13.214635980896777,13.04399244313481,13.057642936706543,1250300,0.0,0.0
2017-08-11 00:00:00-04:00,12.968911765754426,13.146381240883082,12.962085866490957,13.037169456481934,1245600,0.0,0.0
2017-08-14 00:00:00-04:00,13.125902824494954,13.262418198476228,13.071296935283865,13.207812309265137,925300,0.0,0.0
2017-08-15 00:00:00-04:00,13.207811406583655,13.262417292062732,13.194159609737135,13.221463203430176,560100,0.0,0.0
2017-08-16 00:00:00-04:00,13.235115100815765,13.296546891227663,13.221464604429787,13.248766899108887,1858100,0.0,0.0
2017-08-17 00:00:00-04:00,13.255593577592396,13.317025371616058,13.078124095069288,13.091775894165039,948200,0.0,0.0
2017-08-18 00:00:00-04:00,13.043996810913086,13.098602709205409,12.98256501259581,13.043996810913086,975900,0.0,0.0
2017-08-21 00:00:00-04:00,13.057647309055685,13.064473209080639,12.962087312520948,13.043996810913086,838100,0.0,0.0
2017-08-22 00:00:00-04:00,13.064469441627057,13.153204814455172,13.023515355194737,13.125901222229004,781200,0.0,0.0
2017-08-23 00:00:00-04:00,13.07812418529326,13.241941869850772,13.050821888820623,13.153207778930664,634400,0.0,0.0
2017-08-24 00:00:00-04:00,13.187335785616842,13.200987584610724,13.057646298989388,13.064472198486328,735600,0.0,0.0
2017-08-25 00:00:00-04:00,13.105430679770022,13.207816592505761,13.05764937204633,13.166862487792969,523200,0.0,0.0
2017-08-28 00:00:00-04:00,13.160028740451354,13.173679232611947,13.037165197658844,13.078119277954102,763600,0.0,0.0
2017-08-29 00:00:00-04:00,13.023517707164252,13.098601297438933,13.003040009296477,13.050821304321289,605000,0.0,0.0
2017-08-30 00:00:00-04:00,13.057641586853103,13.125899255283024,13.003035712490513,13.078119277954102,740900,0.0,0.0
2017-08-31 00:00:00-04:00,13.153958166376142,13.195322446678388,13.022969744647806,13.160852432250977,821100,0.19,0.0
2017-09-01 00:00:00-04:00,13.181533801257835,13.374567965045072,13.11948673005576,13.257368087768555,1614600,0.0,0.0
2017-09-05 00:00:00-04:00,13.153956806853417,13.202215348042753,12.567957417525854,12.588640213012695,2130900,0.0,0.0
2017-09-06 00:00:00-04:00,12.650688794704498,12.836830031466826,12.650688794704498,12.740311622619629,1182900,0.0,0.0
2017-09-07 00:00:00-04:00,12.685157932142847,12.719629259684591,12.354241077422257,12.4852294921875,1395700,0.0,0.0
2017-09-08 00:00:00-04:00,12.409394908203067,13.188428565530334,12.374924892770112,13.085017204284668,2457500,0.0,0.0
2017-09-11 00:00:00-04:00,13.333210415042526,13.560716019231059,13.126387616670145,13.29874038696289,2561800,0.0,0.0
2017-09-12 00:00:00-04:00,13.326308833968762,13.429720176410644,13.30562603950176,13.402144432067871,709600,0.0,0.0
2017-09-13 00:00:00-04:00,13.360780519696988,13.519346000614958,13.319416240518995,13.471087455749512,1171800,0.0,0.0
2017-09-14 00:00:00-04:00,13.44350942187842,13.498662228447236,13.305626747983066,13.353886604309082,1394800,0.0,0.0
2017-09-15 00:00:00-04:00,13.353889282287097,13.49177066888644,13.353889282287097,13.436617851257324,2440400,0.0,0.0
2017-09-18 00:00:00-04:00,13.471086641917696,13.540026664733885,13.40214530415486,13.540026664733887,1086900,0.0,0.0
2017-09-19 00:00:00-04:00,13.540026750231096,13.705485172938687,13.533132484916614,13.595179557800293,1057200,0.0,0.0
2017-09-20 00:00:00-04:00,13.60896911601373,13.650333396077293,13.51934629005155,13.533133506774902,1416600,0.0,0.0
2017-09-21 00:00:00-04:00,13.498664314116988,13.60207567804321,13.457300031535867,13.464194297790527,607700,0.0,0.0
2017-09-22 00:00:00-04:00,13.443511730437148,13.581394428010118,13.388358914397331,13.512453079223633,718300,0.0,0.0
2017-09-25 00:00:00-04:00,13.46419246166511,13.629650884372701,13.46419246166511,13.595179557800293,530400,0.0,0.0
2017-09-26 00:00:00-04:00,13.581392256359576,13.615862267767671,13.471086641917696,13.540026664733887,620700,0.0,0.0
2017-09-27 00:00:00-04:00,13.650333187106893,13.712380263725748,13.505557551627389,13.526240348815918,1198900,0.0,0.0
2017-09-28 00:00:00-04:00,13.574498875174799,13.608968888827873,13.457298987828922,13.60207462310791,1398400,0.0,0.0
2017-09-29 00:00:00-04:00,13.56070774043319,13.677907605279753,13.53313068284742,13.574496269226074,1575100,0.0,0.0
2017-10-02 00:00:00-04:00,13.574500006917098,13.643441354917803,13.491770126326884,13.636547088623047,1561000,0.0,0.0
2017-10-03 00:00:00-04:00,13.615863879366307,13.671016693115234,13.560711065617378,13.671016693115234,1265100,0.0,0.0
2017-10-04 00:00:00-04:00,13.684803691941898,13.684803691941898,13.567603811489022,13.595179557800293,609900,0.0,0.0
2017-10-05 00:00:00-04:00,13.60896673641609,13.60896673641609,13.533131140437504,13.553813934326172,1037100,0.0,0.0
2017-10-06 00:00:00-04:00,13.581394428010118,13.602075912183263,13.484876013730295,13.512453079223633,864000,0.0,0.0
2017-10-09 00:00:00-04:00,13.540028829770112,13.581394428010118,13.484876013730295,13.512453079223633,477300,0.0,0.0
2017-10-10 00:00:00-04:00,13.53313440914857,13.650334306265714,13.519347191505902,13.636547088623047,1016100,0.0,0.0
2017-10-11 00:00:00-04:00,13.602072750608135,13.671014083370357,13.553814212158546,13.643438339233398,660700,0.0,0.0
2017-10-12 00:00:00-04:00,13.664119538506009,13.664119538506009,13.553813934326172,13.553813934326172,769800,0.0,0.0
2017-10-13 00:00:00-04:00,13.574498875174799,13.691698762520675,13.51245179864188,13.60207462310791,1646200,0.0,0.0
2017-10-16 00:00:00-04:00,13.608971130097917,13.684806750560174,13.567606843912571,13.629653930664062,617700,0.0,0.0
2017-10-17 00:00:00-04:00,13.657227433920868,13.66412169964083,13.457298987828922,13.60207462310791,1459000,0.0,0.0
2017-10-18 00:00:00-04:00,13.636543794934312,13.643438059563868,13.484872602977141,13.553813934326172,943700,0.0,0.0
2017-10-19 00:00:00-04:00,13.498660675811687,13.581390533622518,13.4228250823973,13.574496269226074,653600,0.0,0.0
2017-10-20 00:00:00-04:00,13.677911527343083,13.677911527343083,13.498664546476965,13.512453079223633,986000,0.0,0.0
2017-10-23 00:00:00-04:00,13.512450845990763,13.526239376458571,13.37456817120597,13.409039497375488,692000,0.0,0.0
2017-10-24 00:00:00-04:00,13.4366144667554,13.581391398406284,13.409038722360247,13.519344329833984,1135000,0.0,0.0
2017-10-25 00:00:00-04:00,13.54002690250117,13.560709698677211,13.333204200527433,13.395251274108887,994500,0.0,0.0
2017-10-26 00:00:00-04:00,13.409038596809777,13.677908348141234,13.326308734505803,13.643438339233398,1159600,0.0,0.0
2017-10-27 00:00:00-04:00,13.643439810619338,13.643439810619338,13.353887233748258,13.443510055541992,1097900,0.0,0.0
2017-10-30 00:00:00-04:00,13.753744929856342,14.139814580025742,13.726167868799491,13.953673362731934,2341200,0.0,0.0
2017-10-31 00:00:00-04:00,13.981247749604254,14.091553342840285,13.857153628477118,13.988142013549805,3433700,0.0,0.0
2017-11-01 00:00:00-04:00,14.057083190901217,14.098448778010962,13.946777588501575,13.995036125183105,1239700,0.0,0.0
2017-11-02 00:00:00-04:00,14.02261512505989,14.146709273680246,13.912309507385505,14.03640365600586,1591600,0.0,0.0
2017-11-03 00:00:00-04:00,14.029509474391213,14.126026561696541,13.98125093073855,14.091556549072266,1469300,0.0,0.0
2017-11-06 00:00:00-05:00,14.077768949318697,14.174286043008838,14.063980417378168,14.167391777038574,1170900,0.0,0.0
2017-11-07 00:00:00-05:00,14.153601640578339,14.319060044895203,14.153601640578339,14.229435920715332,1392700,0.0,0.0
2017-11-08 00:00:00-05:00,14.257015792652178,14.291485807249536,14.194968714419518,14.215651512145996,1314900,0.0,0.0
2017-11-09 00:00:00-05:00,14.18807823181228,14.374219516145494,14.153608208023368,14.332855224609375,1774100,0.0,0.0
2017-11-10 00:00:00-05:00,14.332850202716864,14.374214479759916,14.270803129678956,14.36042594909668,846500,0.0,0.0
2017-11-13 00:00:00-05:00,14.332850540298894,14.429367627321506,14.319062009310896,14.3880033493042,2538800,0.0,0.0
2017-11-14 00:00:00-05:00,14.339744595195523,14.429368738573064,14.325957378092417,14.381110191345215,1659100,0.0,0.0
2017-11-15 00:00:00-05:00,14.305274733668726,14.408686095260103,14.23633338762554,14.374216079711914,1416300,0.0,0.0
2017-11-16 00:00:00-05:00,14.3811077649984,14.3811077649984,14.236330832794486,14.24322509765625,2396900,0.0,0.0
2017-11-17 00:00:00-05:00,14.208758276156587,14.284592576756964,14.146711193426455,14.270805358886719,804600,0.0,0.0
2017-11-20 00:00:00-05:00,14.305271796255866,14.325954590305903,14.257013258418977,14.319060325622559,811300,0.0,0.0
2017-11-21 00:00:00-05:00,14.31906102701816,14.394895312356514,14.291483966933958,14.346636772155762,1723100,0.0,0.0
2017-11-22 00:00:00-05:00,14.339743153101823,14.40868449147135,14.30527314139039,14.36042594909668,635800,0.0,0.0
2017-11-24 00:00:00-05:00,14.408686792677816,14.415581059110515,14.33285249181186,14.401792526245117,323500,0.0,0.0
2017-11-27 00:00:00-05:00,14.408686095260103,14.422474627458103,14.360427547513915,14.374216079711914,733500,0.0,0.0
2017-11-28 00:00:00-05:00,14.401790565345507,14.408684830839507,14.339743490846203,14.3880033493042,4139500,0.0,0.0
2017-11-29 00:00:00-05:00,14.40179458938079,14.429371659062154,14.353536032385461,14.39490032196045,1664300,0.0,0.0
2017-11-30 00:00:00-05:00,14.42247445051192,14.525885810834566,14.339744573285731,14.456944465637207,1826700,0.0,0.0
2017-12-01 00:00:00-05:00,14.477627285800914,14.49831008387576,14.132921874234226,14.381110191345215,1016000,0.0,0.0
2017-12-04 00:00:00-05:00,14.47155480999691,14.562002774015856,14.422852672617655,14.4437255859375,1089700,0.19,0.0
2017-12-05 00:00:00-05:00,14.429810367626269,14.513300694203094,14.346321368083165,14.408937454223633,963800,0.0,0.0
2017-12-06 00:00:00-05:00,14.408938618763454,14.478513675361624,14.360236477254883,14.401982307434082,1269300,0.0,0.0
2017-12-07 00:00:00-05:00,14.401983083747062,14.520260288229322,14.395025445008823,14.492429733276367,1247600,0.0,0.0
2017-12-08 00:00:00-05:00,14.492430102173527,14.51330301891955,14.443727956800068,14.499387741088867,1844500,0.0,0.0
2017-12-11 00:00:00-05:00,14.485469714255936,14.534171850386873,14.436767578125,14.436767578125,3123300,0.0,0.0
2017-12-12 00:00:00-05:00,14.49243053455627,14.575920876997378,14.4715576171875,14.4715576171875,1871200,0.0,0.0
2017-12-13 00:00:00-05:00,14.47851469699299,14.485472335847133,14.34632353986602,14.367195129394531,842700,0.0,0.0
2017-12-14 00:00:00-05:00,14.415897827235991,14.457643661961942,14.283706665039064,14.283706665039062,1166600,0.0,0.0
2017-12-15 00:00:00-05:00,14.325448030673236,14.555044763171708,14.269788256947354,14.436767578125,3183800,0.0,0.0
2017-12-18 00:00:00-05:00,14.48547092702036,14.568961258116069,14.443726424989402,14.506343841552734,1626600,0.0,0.0
2017-12-19 00:00:00-05:00,14.575920071101331,14.58983402154391,14.46460050535731,14.492429733276367,2358800,0.0,0.0
2017-12-20 00:00:00-05:00,14.568962490471346,14.568962490471346,14.415897091687391,14.464600563049316,925000,0.0,0.0
2017-12-21 00:00:00-05:00,14.51330369701324,14.687240696921705,14.464601549364309,14.541132926940918,2118700,0.0,0.0
2017-12-22 00:00:00-05:00,14.638536183761985,14.694195961657005,14.575918767750865,14.680280685424805,1722900,0.0,0.0
2017-12-26 00:00:00-05:00,14.680280304576959,14.889004134509955,14.680280304576959,14.784642219543457,1427500,0.0,0.0
2017-12-27 00:00:00-05:00,14.812476857777318,15.000327825728164,14.777688658501893,14.930752754211426,1917600,0.0,0.0
2017-12-28 00:00:00-05:00,14.958581461550853,15.000325968478698,14.861177169707897,14.902921676635742,912100,0.0,0.0
2017-12-29 00:00:00-05:00,14.895963515309038,14.993367803736472,14.86117664859464,14.875090599060059,1149600,0.0,0.0
2018-01-02 00:00:00-05:00,14.895960062839086,14.909875337113233,14.631576486798293,14.659405708312988,3375700,0.0,0.0
2018-01-03 00:00:00-05:00,14.666364927710084,14.763769204070236,14.61070515164232,14.735939979553223,3407700,0.0,0.0
2018-01-04 00:00:00-05:00,14.763769688750445,14.889004520772687,14.596790355065384,14.680280685424805,3099500,0.0,0.0
2018-01-05 00:00:00-05:00,14.70810885737369,14.735939407844702,14.422852350214246,14.520257949829102,2520600,0.0,0.0
2018-01-08 00:00:00-05:00,14.520256729698854,14.568958861897023,14.29066001574065,14.450681686401367,3129200,0.0,0.0
2018-01-09 00:00:00-05:00,14.55301501118249,14.596871019982807,14.45068385926262,14.48723030090332,3487000,1.0,0.0
2018-01-10 00:00:00-05:00,14.516468912957034,14.538396220797235,14.384899489286168,14.443374633789062,1927200,0.0,0.0
2018-01-11 00:00:00-05:00,14.494540214538574,14.545705791721563,14.421445935352553,14.494540214538574,2322400,0.0,0.0
2018-01-12 00:00:00-05:00,14.487233594349757,14.509162300813756,14.33373683157486,14.465306282043457,2047100,0.0,0.0
2018-01-16 00:00:00-05:00,14.494541590513334,14.779607772827148,14.465304712557904,14.779607772827148,5725400,0.0,0.0
2018-01-17 00:00:00-05:00,14.750371060345147,14.896558240077367,14.648039895116836,14.823465347290039,5156100,0.0,0.0
2018-01-18 00:00:00-05:00,14.808845782605125,14.867320931637664,14.618801199709992,14.743061065673828,2568600,0.0,0.0
2018-01-19 00:00:00-05:00,14.757682184114943,14.852703791249573,14.69920702722647,14.816157341003418,3042500,0.0,0.0
2018-01-22 00:00:00-05:00,14.881940066283503,15.028127241774776,14.860011362588926,14.896557807922363,4320100,0.0,0.0
2018-01-23 00:00:00-05:00,14.918486678445456,15.0354369778093,14.896557974505658,14.940415382385254,4075300,0.0,0.0
2018-01-24 00:00:00-05:00,14.991579574010606,15.05736428557265,14.860010150886517,14.911175727844238,5012100,0.0,0.0
2018-01-25 00:00:00-05:00,15.057368159080347,15.65673889047161,15.020820313167606,15.649429321289062,9954400,0.0,0.0
2018-01-26 00:00:00-05:00,15.649424503798457,16.036823186270787,15.56902066169957,16.014894485473633,5356100,0.0,0.0
2018-01-29 00:00:00-05:00,16.029516212504287,16.307272830082113,16.029516212504287,16.23417854309082,3409400,0.0,0.0
2018-01-30 00:00:00-05:00,16.168396795158515,16.329203126895578,16.073373794555664,16.073373794555664,2769500,0.0,0.0
2018-01-31 00:00:00-05:00,16.168396943261012,16.168396943261012,15.649428704999702,15.707903861999512,19280800,0.0,0.0
2018-02-01 00:00:00-05:00,15.722517578180492,16.02951239510765,15.700588879058111,15.978346824645996,7391900,0.0,0.0
2018-02-02 00:00:00-05:00,15.912565326066513,15.941802203293799,15.685972905306851,15.751757621765137,5058300,0.0,0.0
2018-02-05 00:00:00-05:00,15.656734253721657,15.832159679677176,15.232789125789813,15.254717826843262,2367500,0.0,0.0
2018-02-06 00:00:00-05:00,15.086604279929134,15.203554592629537,14.83077634224556,15.130461692810059,2800300,0.0,0.0
2018-02-07 00:00:00-05:00,15.064677150531235,15.320505091320554,15.035438874922333,15.093914031982422,2044900,0.0,0.0
2018-02-08 00:00:00-05:00,15.093913135491158,15.123151409363475,14.545708047803894,14.553017616271973,2212100,0.0,0.0
2018-02-09 00:00:00-05:00,14.691895316954993,14.691895316954993,14.341044426761785,14.545706748962402,4384200,0.0,0.0
2018-02-12 00:00:00-05:00,14.713821246307038,14.969650519222354,14.596870960544159,14.852700233459473,3922800,0.0,0.0
2018-02-13 00:00:00-05:00,14.823465532477917,14.823465532477917,14.531088381045715,14.684586524963379,2613600,0.0,0.0
2018-02-14 00:00:00-05:00,14.669965583502544,14.92579486244856,14.64803827575347,14.911175727844238,2577300,0.0,0.0
2018-02-15 00:00:00-05:00,14.991579316543195,15.020816191092313,14.874629030031949,14.976960182189941,1919800,0.0,0.0
2018-02-16 00:00:00-05:00,14.976960715325342,15.34243072222198,14.976960715325342,15.335121154785156,2702500,0.0,0.0
2018-02-20 00:00:00-05:00,15.24009825232869,15.276644692204126,14.896555583207398,15.17431354522705,4656300,0.0,0.0
2018-02-21 00:00:00-05:00,15.188932825471095,15.3131926740674,14.933103561401369,14.933103561401367,2757900,0.0,0.0
2018-02-22 00:00:00-05:00,14.947724868935499,15.035436895901789,14.735751581144822,14.764989852905273,2997000,0.0,0.0
2018-02-23 00:00:00-05:00,14.838085874334663,14.845395443816852,14.713825981453097,14.801539421081543,2982300,0.0,0.0
2018-02-26 00:00:00-05:00,14.801534511274577,15.152385365092206,14.779605810101963,15.145075798034668,5048700,0.0,0.0
2018-02-27 00:00:00-05:00,15.10852939705044,15.10852939705044,14.611489989076059,14.62610912322998,4251700,0.0,0.0
2018-02-28 00:00:00-05:00,14.669968692771368,14.896559750534234,14.6114935361178,14.640731811523438,2882600,0.0,0.0
2018-03-01 00:00:00-05:00,14.662658354977898,14.75037178243722,14.41413860369373,14.553017616271973,2833900,0.0,0.0
2018-03-02 00:00:00-05:00,14.490271554763533,14.800302905691161,14.379546373992323,14.785540580749512,2986300,0.195,0.0
2018-03-05 00:00:00-05:00,14.77815873092576,15.09557194865473,14.763394998020445,15.014372825622559,3642100,0.0,0.0
2018-03-06 00:00:00-05:00,15.066039573046034,15.110329349381539,14.88887905975741,14.925786972045898,4164300,0.0,0.0
2018-03-07 00:00:00-05:00,14.844589343955404,15.294871789086846,14.844589343955404,15.147238731384277,3837500,0.0,0.0
2018-03-08 00:00:00-05:00,15.235823401897294,15.3022587929594,15.11033448632966,15.272732734680176,2669100,0.0,0.0
2018-03-09 00:00:00-05:00,15.33178967849209,15.774691915033463,15.265354272613514,15.752546310424805,3792300,0.0,0.0
2018-03-12 00:00:00-04:00,15.818976496059365,15.818976496059365,15.627052209961317,15.686105728149414,2865600,0.0,0.0
2018-03-13 00:00:00-04:00,15.804213095306402,15.841121016966342,15.649198134798297,15.737777709960938,2487400,0.0,0.0
2018-03-14 00:00:00-04:00,15.811592971562083,15.863264618562637,15.42036257464151,15.435126304626465,2858300,0.0,0.0
2018-03-15 00:00:00-04:00,15.464656853240733,15.590145767282268,15.420365654439909,15.545854568481445,2923200,0.0,0.0
2018-03-16 00:00:00-04:00,15.58276359526497,15.796832086816517,15.58276359526497,15.723014831542969,6648400,0.0,0.0
2018-03-19 00:00:00-04:00,15.71563152470137,15.818974818585087,15.634432417823145,15.796829223632812,2454400,0.0,0.0
2018-03-20 00:00:00-04:00,15.848504691151987,15.914940084077518,15.73777950559181,15.870650291442871,918100,0.0,0.0
2018-03-21 00:00:00-04:00,15.863265240593453,16.0256620529555,15.804211726284812,15.892792701721191,1140000,0.0,0.0
2018-03-22 00:00:00-04:00,15.78206726535643,15.951847363156451,15.627052307128906,15.627052307128906,2054800,0.0,0.0
2018-03-23 00:00:00-04:00,15.627055509251841,15.737780703238215,15.368695784652152,15.376077651977539,1698900,0.0,0.0
2018-03-26 00:00:00-04:00,15.516327035981906,15.641815938097722,15.353928805039711,15.612288475036621,1547700,0.0,0.0
2018-03-27 00:00:00-04:00,15.693488851356165,15.789450298120627,15.516328282596893,15.582763671875,1784200,0.0,0.0
2018-03-28 00:00:00-04:00,15.57538318561639,15.855887092353296,15.56800131860395,15.804215431213379,1332500,0.0,0.0
2018-03-29 00:00:00-04:00,15.841123554554644,15.92970455185403,15.782070025670782,15.83374309539795,1164800,0.0,0.0
2018-04-02 00:00:00-04:00,15.811594389966558,15.914937693238244,15.309638789023666,15.50156307220459,1593100,0.0,0.0
2018-04-03 00:00:00-04:00,15.516332159722046,15.833745452709154,15.516332159722046,15.752546310424805,2259300,0.0,0.0
2018-04-04 00:00:00-04:00,15.627055046605907,16.018285555585585,15.597527578178525,15.988758087158203,1747000,0.0,0.0
2018-04-05 00:00:00-04:00,16.062572804063898,16.084718401873946,15.929702033097536,15.966609954833984,1515900,0.0,0.0
2018-04-06 00:00:00-04:00,15.848501391134565,15.951846096359525,15.663958984311144,15.73039436340332,1654700,0.0,0.0
2018-04-09 00:00:00-04:00,15.759922742897098,15.774686474210736,15.55323472834693,15.575380325317383,1890400,0.0,0.0
2018-04-10 00:00:00-04:00,15.75992817862769,15.907561318843218,15.693492772749115,15.752546310424805,2394700,0.0,0.0
2018-04-11 00:00:00-04:00,15.64919653239907,15.818975207365451,15.627050936902526,15.708250045776367,1706400,0.0,0.0
2018-04-12 00:00:00-04:00,15.841122824388359,15.914940084077518,15.759925105882695,15.870650291442871,2547400,0.0,0.0
2018-04-13 00:00:00-04:00,15.973992449782429,15.973992449782429,15.774687693431781,15.841121673583984,1399500,0.0,0.0
2018-04-16 00:00:00-04:00,15.966611424571415,16.19544506583198,15.863268107838962,16.121627807617188,2658800,0.0,0.0
2018-04-17 00:00:00-04:00,16.158535515390753,16.165917381907644,15.8927953605181,15.937085151672363,2039800,0.0,0.0
2018-04-18 00:00:00-04:00,15.966607814555159,16.05518878597436,15.929699897766113,15.929699897766113,1807400,0.0,0.0
2018-04-19 00:00:00-04:00,15.951847729707898,16.040427305602794,15.833740689883388,15.907556533813477,1783100,0.0,0.0
2018-04-20 00:00:00-04:00,15.966611743475793,15.996139210530306,15.80421489851734,15.870650291442871,1262300,0.0,0.0
2018-04-23 00:00:00-04:00,15.929697438356975,15.959224893586846,15.782062978100734,15.848498344421387,1045100,0.0,0.0
2018-04-24 00:00:00-04:00,15.848505639209115,15.914941036108809,15.641818989252029,15.715636253356934,1288300,0.0,0.0
2018-04-25 00:00:00-04:00,15.71563404674384,15.737778237303027,15.553235806925747,15.671342849731445,2430100,0.0,0.0
2018-04-26 00:00:00-04:00,15.353925293757197,15.53846767184537,14.999604265735096,15.147238731384277,1923200,0.0,0.0
2018-04-27 00:00:00-04:00,15.154627371818872,15.19153530076116,15.014374707533149,15.162009239196777,1848300,0.0,0.0
2018-04-30 00:00:00-04:00,15.21367782859309,15.265349481849645,15.00698980761991,15.058661460876465,4770300,0.0,0.0
2018-05-01 00:00:00-04:00,15.051278022366752,15.117713400454281,14.918407266191695,15.110331535339355,1975400,0.0,0.0
2018-05-02 00:00:00-04:00,15.058658175920147,15.058658175920147,14.756008780341228,14.778154373168945,2051200,0.0,0.0
2018-05-03 00:00:00-04:00,14.689575585996282,14.77077469711387,14.409071741689756,14.600996017456055,1716700,0.0,0.0
2018-05-04 00:00:00-04:00,14.57146735090078,14.947934005929655,14.549321756623762,14.851972579956055,1351800,0.0,0.0
2018-05-07 00:00:00-04:00,14.85935412869946,14.992224888232023,14.785538291578565,14.947935104370117,1278600,0.0,0.0
2018-05-08 00:00:00-04:00,14.977466366391424,15.125099486044755,14.947938897692435,15.095573425292969,1660100,0.0,0.0
2018-05-09 00:00:00-04:00,15.1177123583896,15.228437511587588,15.08080444330584,15.169384002685547,1066500,0.0,0.0
2018-05-10 00:00:00-04:00,15.169388428996708,15.361312740917061,15.1324805031435,15.339168548583984,2008200,0.0,0.0
2018-05-11 00:00:00-04:00,15.324402281799541,15.442509314542178,15.294874819640437,15.317020416259766,841500,0.0,0.0
2018-05-14 00:00:00-04:00,15.324402372316868,15.398219620203758,15.162005553323226,15.184149742126465,1984100,0.0,0.0
2018-05-15 00:00:00-04:00,15.13986123283282,15.331785530338806,15.13986123283282,15.235822677612305,1526300,0.0,0.0
2018-05-16 00:00:00-04:00,15.213680794660675,15.4498949172842,15.17677145803373,15.376077651977539,1175000,0.0,0.0
2018-05-17 00:00:00-04:00,15.368691453008392,15.54585199504359,15.368691453008392,15.442508697509766,1332400,0.0,0.0
2018-05-18 00:00:00-04:00,15.464659150961364,15.55323874582993,15.405605618399894,15.531094551086426,1191400,0.0,0.0
2018-05-21 00:00:00-04:00,15.575381405431944,15.700870314406375,15.531091616366558,15.671342849731445,1448400,0.0,0.0
2018-05-22 00:00:00-04:00,15.700866918686257,15.789446477659396,15.6049040871942,15.663957595825195,1086200,0.0,0.0
2018-05-23 00:00:00-04:00,15.656580603314394,15.656580603314394,15.531093090377318,15.60490894317627,1032400,0.0,0.0
2018-05-24 00:00:00-04:00,15.604906412207376,15.708251123669227,15.479417511676274,15.656578063964844,1594100,0.0,0.0
2018-05-25 00:00:00-04:00,15.612289328328595,15.767305701977957,15.523709750197826,15.671342849731445,1602100,0.0,0.0
2018-05-29 00:00:00-04:00,15.560618301415053,15.634435558136026,15.420365654439909,15.545854568481445,1942700,0.0,0.0
2018-05-30 00:00:00-04:00,15.61967392329399,15.759926589108382,15.575384126491064,15.649201393127441,1952900,0.0,0.0
2018-05-31 00:00:00-04:00,15.64920132226367,15.64920132226367,15.472039319959698,15.48680305480957,2102100,0.0,0.0
2018-06-01 00:00:00-04:00,15.619671698248858,15.641817297469274,15.472037186006855,15.523710250854492,1491300,0.0,0.0
2018-06-04 00:00:00-04:00,15.579586341894407,15.66154540545917,15.52743109094374,15.60193920135498,2263700,0.195,0.0
2018-06-05 00:00:00-04:00,15.57958777142507,15.72115305208358,15.549785377200408,15.70625114440918,1191600,0.0,0.0
2018-06-06 00:00:00-04:00,15.73605658927489,15.847818066157847,15.646646555093955,15.825465202331543,2241900,0.0,0.0
2018-06-07 00:00:00-04:00,15.85527010415032,15.937227768198337,15.773311018977925,15.870170593261719,3927800,0.0,0.0
2018-06-08 00:00:00-04:00,15.952128848449806,16.041538884088112,15.877620722271933,16.01918601989746,1093900,0.0,0.0
2018-06-11 00:00:00-04:00,16.056439346889416,16.063890301607785,15.877620697021484,15.877620697021484,1890900,0.0,0.0
2018-06-12 00:00:00-04:00,15.914878727791715,15.996836404218822,15.669002856261207,15.728609085083008,1762400,0.0,0.0
2018-06-13 00:00:00-04:00,15.750959599626634,15.937229231301025,15.721157197543477,15.765861511230469,4628100,0.0,0.0
2018-06-14 00:00:00-04:00,15.765855942823576,15.847815006572695,15.616839721665906,15.639192581176758,1602900,0.0,0.0
2018-06-15 00:00:00-04:00,15.6093893791719,15.750953218685208,15.57958556803819,15.6838960647583,3279000,0.0,0.0
2018-06-18 00:00:00-04:00,15.587037295047931,15.706249703256313,15.534882044097264,15.60193920135498,1415600,0.0,0.0
2018-06-19 00:00:00-04:00,15.519980722254044,15.75095459421548,15.490178329641628,15.713701248168945,1684100,0.0,0.0
2018-06-20 00:00:00-04:00,15.72860458970934,15.758406985040159,15.594490257910193,15.609392166137695,1562200,0.0,0.0
2018-06-21 00:00:00-04:00,15.5050813001865,15.549787027955624,15.184697356795871,15.199599266052246,1441900,0.0,0.0
2018-06-22 00:00:00-04:00,15.2741072311541,15.303911049354538,15.11764144897461,15.11764144897461,3256500,0.0,0.0
2018-06-25 00:00:00-04:00,15.102737184660958,15.192145783070806,14.990975726086623,15.050581932067871,1509300,0.0,0.0
2018-06-26 00:00:00-04:00,15.072935277735045,15.10273909505768,14.931371408825216,14.946271896362305,1262100,0.0,0.0
2018-06-27 00:00:00-04:00,14.931371837058611,14.990978052289165,14.663143157958983,14.663143157958984,1548600,0.0,0.0
2018-06-28 00:00:00-04:00,14.655692563957613,14.879215521289986,14.640790654502307,14.864315032958984,1684000,0.0,0.0
2018-06-29 00:00:00-04:00,14.916467963946237,14.983525124891852,14.827057942310722,14.834508895874023,1264800,0.0,0.0
2018-07-02 00:00:00-04:00,14.74510398567721,14.834512608565287,14.692947297680655,14.827061653137207,1490000,0.0,0.0
2018-07-03 00:00:00-04:00,14.87176422961596,15.005878569426507,14.789806571717284,14.804708480834961,875200,0.0,0.0
2018-07-05 00:00:00-04:00,14.90156549903742,14.90156549903742,14.70784497701505,14.760000228881836,1614500,0.0,0.0
2018-07-06 00:00:00-04:00,14.715297396555632,14.879214121773323,14.685493580448323,14.797256469726562,1049600,0.0,0.0
2018-07-09 00:00:00-04:00,14.841963700223594,15.04313523525492,14.827061789230656,15.013331413269043,1937200,0.0,0.0
2018-07-10 00:00:00-04:00,15.035680402634513,15.169794724739136,15.028229449059358,15.147441864013672,1186100,0.0,0.0
2018-07-11 00:00:00-04:00,15.10273953987439,15.199599106777274,15.058033812573733,15.11764144897461,1872900,0.0,0.0
2018-07-12 00:00:00-04:00,15.192149539618033,15.199600494848585,14.923922256940152,14.938822746276855,1276000,0.0,0.0
2018-07-13 00:00:00-04:00,14.916472536584253,14.95372589469667,14.84941535508229,14.92392349243164,1198300,0.0,0.0
2018-07-16 00:00:00-04:00,14.961170615301072,15.043129674340411,14.938817757074725,14.990974426269531,938500,0.0,0.0
2018-07-17 00:00:00-04:00,15.02078269690287,15.125093233883264,15.02078269690287,15.072937965393066,685600,0.0,0.0
2018-07-18 00:00:00-04:00,15.087835258762693,15.244301016343654,15.065482398626536,15.221949577331543,671400,0.0,0.0
2018-07-19 00:00:00-04:00,15.154894697412526,15.162345651911904,15.005878449673515,15.110190391540527,1070600,0.0,0.0
2018-07-20 00:00:00-04:00,15.117640122245064,15.26665493679685,15.020779142718466,15.229401588439941,1364700,0.0,0.0
2018-07-23 00:00:00-04:00,15.236855072415464,15.251755561557966,15.087838811995386,15.169797897338867,1173200,0.0,0.0
2018-07-24 00:00:00-04:00,15.17724831277573,15.199599756256866,15.050584922260075,15.09528923034668,2177500,0.0,0.0
2018-07-25 00:00:00-04:00,15.125088604532241,15.251751969722372,14.968622846951282,15.221949577331543,2649000,0.0,0.0
2018-07-26 00:00:00-04:00,15.27410617194332,15.743504907054746,15.080385630447186,15.736055374145508,1622800,0.0,0.0
2018-07-27 00:00:00-04:00,15.683900472340813,15.94467820855032,15.579589946306744,15.587040901184082,1453300,0.0,0.0
2018-07-30 00:00:00-04:00,15.631746102220877,15.870170987417378,15.601943702133521,15.75840950012207,2080000,0.0,0.0
2018-07-31 00:00:00-04:00,15.803112570962103,15.959579777799233,15.758408263776197,15.877620697021484,4308200,0.0,0.0
2018-08-01 00:00:00-04:00,15.862720772494335,15.98938274383545,15.780761688803635,15.98938274383545,1592500,0.0,0.0
2018-08-02 00:00:00-04:00,15.922325736366556,16.145848683748472,15.922325736366556,16.071340560913086,1770500,0.0,0.0
2018-08-03 00:00:00-04:00,15.996832438077702,16.101144378496937,15.981931950410017,16.071340560913086,1049400,0.0,0.0
2018-08-06 00:00:00-04:00,16.08624175273354,16.235257991762587,16.05643793647806,16.12349510192871,771100,0.0,0.0
2018-08-07 00:00:00-04:00,16.183101010906753,16.30976438537727,16.14584766240772,16.205453872680664,1181500,0.0,0.0
2018-08-08 00:00:00-04:00,16.212903630190766,16.250156975940726,16.108593125191646,16.153297424316406,1180300,0.0,0.0
2018-08-09 00:00:00-04:00,16.145851864159326,16.257613359865072,16.078794682510978,16.09369659423828,907100,0.0,0.0
2018-08-10 00:00:00-04:00,16.004283877191376,16.011734831813005,15.870169536250643,15.96703052520752,1720200,0.0,0.0
2018-08-13 00:00:00-04:00,15.974482877025665,16.093695319149973,15.90742570069019,15.929777145385742,902100,0.0,0.0
2018-08-14 00:00:00-04:00,15.914870615830067,16.011730155373538,15.914870615830067,15.97447681427002,1237200,0.0,0.0
2018-08-15 00:00:00-04:00,15.922329395090424,16.03409089446258,15.847821255134132,16.026639938354492,1715000,0.0,0.0
2018-08-16 00:00:00-04:00,16.093695271869986,16.33957111066959,16.093695271869986,16.24271011352539,2063600,0.0,0.0
2018-08-17 00:00:00-04:00,16.19800211689307,16.37682073885968,16.19800211689307,16.354469299316406,1183400,0.0,0.0
2018-08-20 00:00:00-04:00,16.339567962752426,16.451329427743556,16.332117008936468,16.361919403076172,811600,0.0,0.0
2018-08-21 00:00:00-04:00,16.399176313793404,16.570544010567705,16.384274404215383,16.518388748168945,1632700,0.0,0.0
2018-08-22 00:00:00-04:00,16.51838776527691,16.667404009941592,16.466232505981537,16.48113441467285,1055200,0.0,0.0
2018-08-23 00:00:00-04:00,16.466232299804688,16.503485649942288,16.369371315648188,16.466232299804688,1008300,0.0,0.0
2018-08-24 00:00:00-04:00,16.510936360313995,16.67485308807214,16.510936360313995,16.622697830200195,1060700,0.0,0.0
2018-08-27 00:00:00-04:00,16.659951243292188,16.808966050622505,16.659951243292188,16.69720458984375,1353600,0.0,0.0
2018-08-28 00:00:00-04:00,16.69720500469907,16.756811213336977,16.637598796061166,16.727008819580078,1384900,0.0,0.0
2018-08-29 00:00:00-04:00,16.771716740912947,16.786618651569995,16.645053342576887,16.71211051940918,894600,0.0,0.0
2018-08-30 00:00:00-04:00,16.704656050448854,16.76426225941514,16.56309077123237,16.63014793395996,1178900,0.0,0.0
2018-08-31 00:00:00-04:00,16.596323014830237,16.686521053636838,16.551224712251532,16.67148780822754,1637400,0.195,0.0
2018-09-04 00:00:00-04:00,16.671493763291476,16.76920702605675,16.618878819214043,16.694042205810547,1176400,0.0,0.0
2018-09-05 00:00:00-04:00,16.694038601027238,16.95711469825746,16.679006787143614,16.92704963684082,1735000,0.0,0.0
2018-09-06 00:00:00-04:00,16.92704963684082,17.017246254740137,16.851884832825128,16.92704963684082,1192100,0.0,0.0
2018-09-07 00:00:00-04:00,16.927046545915346,17.04730963692032,16.896980056339533,17.039793014526367,1536800,0.0,0.0
2018-09-10 00:00:00-04:00,17.084895867043638,17.182610550549292,16.9871826171875,16.9871826171875,2411100,0.0,0.0
2018-09-11 00:00:00-04:00,16.942082893516325,16.972147954949193,16.829334970607253,16.851884841918945,2248800,0.0,0.0
2018-09-12 00:00:00-04:00,16.814304841348324,16.881951594762178,16.7165901561903,16.754173278808594,1210300,0.0,0.0
2018-09-13 00:00:00-04:00,16.784239499368535,16.964634199413492,16.784239499368535,16.89698600769043,1963300,0.0,0.0
2018-09-14 00:00:00-04:00,16.866921338894638,17.197644246617322,16.84437146323868,17.152545928955078,2028200,0.0,0.0
2018-09-17 00:00:00-04:00,17.197643841098692,17.197643841098692,16.89698600769043,16.89698600769043,1746900,0.0,0.0
2018-09-18 00:00:00-04:00,16.881951544281215,17.02476454250461,16.85188647992602,16.994699478149414,1655700,0.0,0.0
2018-09-19 00:00:00-04:00,17.009732940621454,17.16006257790304,17.009732940621454,17.077381134033203,1437400,0.0,0.0
2018-09-20 00:00:00-04:00,17.092410788137833,17.250257017436603,17.092410788137833,17.2352237701416,1602000,0.0,0.0
2018-09-21 00:00:00-04:00,17.287837266183583,17.325418947650366,17.20515584657755,17.250255584716797,7570000,0.0,0.0
2018-09-24 00:00:00-04:00,17.250260194188055,17.250260194188055,16.942085736134988,16.972150802612305,2050100,0.0,0.0
2018-09-25 00:00:00-04:00,17.017246254740137,17.0698611874563,16.889466518008277,16.92704963684082,1547500,0.0,0.0
2018-09-26 00:00:00-04:00,16.98718120249032,17.00221445003145,16.80678653294495,16.851884841918945,1653500,0.0,0.0
2018-09-27 00:00:00-04:00,16.866919050787036,16.93456723492832,16.799270866645752,16.806787490844727,1426100,0.0,0.0
2018-09-28 00:00:00-04:00,16.73162647657543,16.866922875537867,16.656461651190764,16.821823120117188,1455000,0.0,0.0
2018-10-01 00:00:00-04:00,16.859403188684094,16.96463306492748,16.573777190809853,16.603843688964844,1417400,0.0,0.0
2018-10-02 00:00:00-04:00,16.566258908503595,16.633905649429735,16.476060864519958,16.551225662231445,1200300,0.0,0.0
2018-10-03 00:00:00-04:00,16.581296424869056,16.67901112560131,16.551231355632044,16.62639617919922,1366600,0.0,0.0
2018-10-04 00:00:00-04:00,16.61887528504884,16.686523465519414,16.385864248472693,16.461029052734375,1300800,0.0,0.0
2018-10-05 00:00:00-04:00,16.44599655327341,16.51364473682127,16.212986939747154,16.243053436279297,1978300,0.0,0.0
2018-10-08 00:00:00-04:00,16.220504957162024,16.40841627568042,16.175406642139492,16.393383026123047,1114600,0.0,0.0
2018-10-09 00:00:00-04:00,16.35579514564428,16.43095993133368,16.265597116087196,16.363311767578125,2164600,0.0,0.0
2018-10-10 00:00:00-04:00,16.280636140908907,16.370834202493665,15.949911826630876,15.972461700439453,1800300,0.0,0.0
2018-10-11 00:00:00-04:00,15.912330038950353,15.912330038950353,15.318529601839316,15.333562850952148,1197900,0.0,0.0
2018-10-12 00:00:00-04:00,15.408729620983248,15.408729620983248,14.980292002369135,15.213301658630371,1444100,0.0,0.0
2018-10-15 00:00:00-04:00,15.198265555613844,15.295980235278737,15.160683868757783,15.168200492858887,973400,0.0,0.0
2018-10-16 00:00:00-04:00,15.23584793554729,15.401209356785447,15.070485080659749,15.386176109313965,1032000,0.0,0.0
2018-10-17 00:00:00-04:00,15.37114262656736,15.61166882539837,15.280944585181116,15.544020652770996,1419900,0.0,0.0
2018-10-18 00:00:00-04:00,15.544023310825741,15.589121622406138,15.265913949839437,15.341078758239746,1193000,0.0,0.0
2018-10-19 00:00:00-04:00,15.31852697577124,15.544021372858419,15.228330363855807,15.461339950561523,1083600,0.0,0.0
2018-10-22 00:00:00-04:00,15.483893404327526,15.559058220754528,15.32604714646586,15.453826904296875,3212700,0.0,0.0
2018-10-23 00:00:00-04:00,15.25088071751716,15.371143826319472,15.108067738195915,15.280945777893066,1580900,0.0,0.0
2018-10-24 00:00:00-04:00,15.273432111196069,15.333563677238194,14.89009284005891,14.920159339904785,1863600,0.0,0.0
2018-10-25 00:00:00-04:00,15.18323225425327,16.14533710658977,15.078000960791977,16.100238800048828,2274300,0.0,0.0
2018-10-26 00:00:00-04:00,16.010039804617623,16.370830536513907,15.859711647172631,16.295665740966797,1779200,0.0,0.0
2018-10-29 00:00:00-04:00,16.483583010762075,16.68652760248836,16.197956970484395,16.378353118896484,1788900,0.0,0.0
2018-10-30 00:00:00-04:00,16.461030706774956,16.543712143135757,16.190439391352456,16.52867889404297,1580800,0.0,0.0
2018-10-31 00:00:00-04:00,16.611357453992664,16.7917521109205,16.52867603194892,16.573774337768555,4357400,0.0,0.0
2018-11-01 00:00:00-04:00,16.55874276729247,16.62639094383671,16.44599485061919,16.506126403808594,1046400,0.0,0.0
2018-11-02 00:00:00-04:00,16.64142422532755,16.686523969436166,16.19043825343693,16.325733184814453,1384200,0.0,0.0
2018-11-05 00:00:00-05:00,16.348280903488767,16.64142203333529,16.348280903488767,16.54370880126953,1489500,0.0,0.0
2018-11-06 00:00:00-05:00,16.513646270929218,16.91953540992323,16.513646270929218,16.8819522857666,1555200,0.0,0.0
2018-11-07 00:00:00-05:00,16.912016852006076,17.05482984017819,16.76920386383396,17.03227996826172,1074200,0.0,0.0
2018-11-08 00:00:00-05:00,16.987178800998503,17.12247514244292,16.83684921413822,16.91201400756836,1537600,0.0,0.0
2018-11-09 00:00:00-05:00,16.836850887150266,16.957113995128893,16.70907115571681,16.739137649536133,1424700,0.0,0.0
2018-11-12 00:00:00-05:00,16.69403672195581,16.761684894590555,16.348280669510892,16.385862350463867,1860600,0.0,0.0
2018-11-13 00:00:00-05:00,16.370835078149568,16.62639459371813,16.273120386735314,16.333251953125,1029300,0.0,0.0
2018-11-14 00:00:00-05:00,16.370829065466097,16.400894120793822,15.807095299992529,15.919841766357422,2208900,0.0,0.0
2018-11-15 00:00:00-05:00,15.807099449348652,16.573776482071743,15.716901392390328,16.566261291503906,1992400,0.0,0.0
2018-11-16 00:00:00-05:00,16.43096542291658,16.57377698644319,16.333250738767294,16.44599723815918,1151100,0.0,0.0
2018-11-19 00:00:00-05:00,16.378349541347422,16.49861265825305,16.250569800429016,16.400897979736328,1008800,0.0,0.0
2018-11-20 00:00:00-05:00,16.288152711911962,16.40841583786285,16.13782308764858,16.212987899780273,1329600,0.0,0.0
2018-11-21 00:00:00-05:00,16.220503327270603,16.36331631641613,16.077690338125073,16.235536575317383,2652000,0.0,0.0
2018-11-23 00:00:00-05:00,16.100241415577248,16.340767667735523,16.062659726296097,16.1378231048584,439400,0.0,0.0
2018-11-26 00:00:00-05:00,16.29566953752695,16.40841604029065,16.220504724467965,16.370834350585938,1034000,0.0,0.0
2018-11-27 00:00:00-05:00,16.32573828223688,16.40090311223735,16.1077618522504,16.12279510498047,1051500,0.0,0.0
2018-11-28 00:00:00-05:00,16.16037542000255,16.62639617919922,16.13782554283747,16.62639617919922,1838000,0.0,0.0
2018-11-29 00:00:00-05:00,16.53619479463464,16.663974539030068,16.453513361893634,16.566261291503906,928900,0.0,0.0
2018-11-30 00:00:00-05:00,16.558742043214068,16.972146274107757,16.528675551109455,16.949596405029297,1824700,0.0,0.0
2018-12-03 00:00:00-05:00,17.112611275616974,17.309743881225586,16.923060860165027,17.309743881225586,1843500,0.195,0.0
2018-12-04 00:00:00-05:00,17.29457954738688,17.29457954738688,16.786584374764367,16.794166564941406,1692200,0.0,0.0
2018-12-06 00:00:00-05:00,16.551545561978198,16.74867820739746,16.05871467150764,16.74867820739746,2086500,0.0,0.0
2018-12-07 00:00:00-05:00,16.665271780690233,16.756256614238236,16.19518757146436,16.339244842529297,2031500,0.0,0.0
2018-12-10 00:00:00-05:00,16.346829907447397,16.36199429006486,15.937401699861779,16.24826431274414,1758800,0.0,0.0
2018-12-11 00:00:00-05:00,16.43023061842486,16.604616659392576,16.28617189294264,16.38473892211914,1615600,0.0,0.0
2018-12-12 00:00:00-05:00,16.63494687538132,16.672856384591256,16.392322545665564,16.415067672729492,1573300,0.0,0.0
2018-12-13 00:00:00-05:00,16.399902844366984,16.445395989567196,16.126951203940894,16.23309898376465,1476800,0.0,0.0
2018-12-14 00:00:00-05:00,16.066295123162316,16.316501637143336,16.066295123162316,16.23309898376465,1562100,0.0,0.0
2018-12-17 00:00:00-05:00,16.217931244932494,16.217931244932494,15.649280063035508,15.687191009521484,1562900,0.0,0.0
2018-12-18 00:00:00-05:00,15.763015736789098,15.922237416802663,15.694777460738964,15.816089630126953,1043800,0.0,0.0
2018-12-19 00:00:00-05:00,15.793340213893485,16.08903839279356,15.611371992558448,15.717519760131836,1281900,0.0,0.0
2018-12-20 00:00:00-05:00,15.573460590317339,15.770591721450108,15.452147011394159,15.596205711364746,1953100,0.0,0.0
2018-12-21 00:00:00-05:00,15.58862589761748,15.98289111226865,15.558298582881575,15.6189546585083,3210200,0.0,0.0
2018-12-24 00:00:00-05:00,15.474894030339089,15.497640598205209,14.891078470501334,14.898660659790039,869700,0.0,0.0
2018-12-26 00:00:00-05:00,14.906243779983678,15.664445402347669,14.822841138754093,15.65686321258545,1188200,0.0,0.0
2018-12-27 00:00:00-05:00,15.383913468695228,15.740267753601074,15.194363040226268,15.740267753601074,1645000,0.0,0.0
2018-12-28 00:00:00-05:00,15.747848522315286,15.907070173697779,15.429403773395427,15.558298110961914,2617500,0.0,0.0
2018-12-31 00:00:00-05:00,15.558296212182606,15.687190534018459,15.391490945009915,15.596205711364746,1728100,0.0,0.0
2019-01-02 00:00:00-05:00,15.346002584504534,15.459732552867726,15.141287773757783,15.292928695678711,2153900,0.0,0.0
2019-01-03 00:00:00-05:00,15.2625994612771,15.444569140422056,15.148869496427725,15.32325553894043,1627800,0.0,0.0
2019-01-04 00:00:00-05:00,15.520388109996569,15.778176800892103,15.49006079432619,15.649282455444336,2619700,0.0,0.0
2019-01-07 00:00:00-05:00,15.588624944900449,15.793339729937355,15.52038668322148,15.565879821777344,1454300,0.0,0.0
2019-01-08 00:00:00-05:00,15.664447757820389,15.763014793395996,15.474897323726573,15.763014793395996,968400,0.0,0.0
2019-01-09 00:00:00-05:00,15.85399865756879,15.914654740414164,15.679612600157723,15.861580848693848,1839800,0.0,0.0
2019-01-10 00:00:00-05:00,15.831253459849119,16.05871487490083,15.747852242536517,16.043550491333008,1159500,0.0,0.0
2019-01-11 00:00:00-05:00,15.990472798917748,16.02838230268251,15.89190577528158,15.922234535217285,1021800,0.0,0.0
2019-01-14 00:00:00-05:00,15.846416904192733,16.028385157755633,15.770596437002743,16.005640029907227,2690800,0.0,0.0
2019-01-15 00:00:00-05:00,16.020800105390816,16.172441012690424,15.952563287876348,16.149694442749023,1007300,0.0,0.0
2019-01-16 00:00:00-05:00,16.19519086075295,16.39990424704279,16.096623817210467,16.377159118652344,1079700,0.0,0.0
2019-01-17 00:00:00-05:00,16.361995728929795,16.574292765778182,16.23310135765671,16.278593063354492,2062800,0.0,0.0
2019-01-18 00:00:00-05:00,16.399901856784414,16.407484047194526,16.255844577457143,16.38473892211914,1196700,0.0,0.0
2019-01-22 00:00:00-05:00,16.324084814654505,16.415068218243984,15.998057818456093,16.111787796020508,2052000,0.0,0.0
2019-01-23 00:00:00-05:00,16.187603491508895,16.53637551271988,16.164856924238947,16.50604820251465,1823200,0.0,0.0
2019-01-24 00:00:00-05:00,16.581873662796816,16.657692684320303,15.262601285192181,15.573465347290039,3537000,0.0,0.0
2019-01-25 00:00:00-05:00,15.618955191411663,15.816087805463217,15.171616076093702,15.217107772827148,3063900,0.0,0.0
2019-01-28 00:00:00-05:00,15.164032936096191,15.232271200001016,14.921408640503433,15.164032936096191,2267200,0.0,0.0
2019-01-29 00:00:00-05:00,15.24743652757071,15.452149885852275,15.164033878469539,15.19436264038086,2831200,0.0,0.0
2019-01-30 00:00:00-05:00,15.201942443847656,15.361165541717767,15.027556412115288,15.201942443847656,2304200,0.0,0.0
2019-01-31 00:00:00-05:00,15.156452161250218,15.376331353508112,15.103378272403143,15.277764320373535,4455400,0.0,0.0
2019-02-01 00:00:00-05:00,15.277762398812936,15.550715445587235,15.232270706402161,15.497641563415527,2529100,0.0,0.0
2019-02-04 00:00:00-05:00,15.467312801061132,15.565879821777344,15.38391160601837,15.565879821777344,1095600,0.0,0.0
2019-02-05 00:00:00-05:00,15.573462978390218,15.573462978390218,15.36116599041388,15.482478141784668,1945300,0.0,0.0
2019-02-06 00:00:00-05:00,15.452146999942723,15.50522232337496,15.376328001634631,15.490057945251465,1443400,0.0,0.0
2019-02-07 00:00:00-05:00,15.5279688780657,15.611371519290602,15.292926780069408,15.603789329528809,2186400,0.0,0.0
2019-02-08 00:00:00-05:00,15.573462490947353,15.641699308572084,15.346001129630384,15.558298110961914,1654800,0.0,0.0
2019-02-11 00:00:00-05:00,15.588625423310011,15.672028067067199,15.474895465739671,15.664445877075195,1301700,0.0,0.0
2019-02-12 00:00:00-05:00,15.672031402587892,15.800925767575178,15.664449210982148,15.67203140258789,1130400,0.0,0.0
2019-02-13 00:00:00-05:00,15.732685085193074,15.853997240037106,15.709938513851709,15.785758972167969,827300,0.0,0.0
2019-02-14 00:00:00-05:00,15.656862252332704,15.800920956669934,15.581041805515492,15.687191009521484,1294500,0.0,0.0
2019-02-15 00:00:00-05:00,15.785760383598356,15.92223693153922,15.770596001348242,15.861580848693848,1469900,0.0,0.0
2019-02-19 00:00:00-05:00,15.793338781282435,15.990471364718912,15.793338781282435,15.982889175415039,2336000,0.0,0.0
2019-02-20 00:00:00-05:00,15.92982096738269,16.073879723131025,15.922238775379594,16.06629753112793,1452600,0.0,0.0
2019-02-21 00:00:00-05:00,16.028384683703443,16.111787339761246,15.899490327139151,15.99805736541748,1237600,0.0,0.0
2019-02-22 00:00:00-05:00,15.982894882593559,16.035968780517578,15.854000510711543,16.035968780517578,1155300,0.0,0.0
2019-02-25 00:00:00-05:00,16.035965449283186,16.14211466923555,15.899488913740823,15.975309371948242,1360200,0.0,0.0
2019-02-26 00:00:00-05:00,15.94498015517173,16.005636225274397,15.831248758343795,15.838830947875977,1222700,0.0,0.0
2019-02-27 00:00:00-05:00,15.831248758343795,15.869159706004702,15.770592688241129,15.838830947875977,830300,0.0,0.0
2019-02-28 00:00:00-05:00,15.853999140752526,15.960146927428235,15.816089630126953,15.816089630126953,963800,0.0,0.0
2019-03-01 00:00:00-05:00,15.92223406470196,16.013218895665524,15.793339731093894,15.899487495422363,1014700,0.0,0.0
2019-03-04 00:00:00-05:00,15.899488563280475,15.93776310734866,15.65452797705145,15.884178161621094,1692000,0.2,0.0
2019-03-05 00:00:00-05:00,15.884179000303227,15.968384753795606,15.677492947229398,15.899489402770996,1366600,0.0,0.0
2019-03-06 00:00:00-05:00,15.89949345302536,16.01431858062361,15.738737106323242,15.738737106323242,1388100,0.0,0.0
2019-03-07 00:00:00-05:00,15.738736718431916,15.845908100285591,15.64687720264954,15.723427772521973,1103500,0.0,0.0
2019-03-08 00:00:00-05:00,15.616252036634993,15.815282878778413,15.616252036634993,15.80762767791748,1517700,0.0,0.0
2019-03-11 00:00:00-04:00,15.861213328539431,15.983693627595308,15.769353834287692,15.97603988647461,1474200,0.0,0.0
2019-03-12 00:00:00-04:00,16.006657713877996,16.060242657125418,15.937762369679824,15.991347312927246,1589800,0.0,0.0
2019-03-13 00:00:00-04:00,16.02962490358633,16.037280104820216,15.861213396601578,15.899489402770996,1307500,0.0,0.0
2019-03-14 00:00:00-04:00,15.922451968729074,16.090863459026913,15.884177426432402,15.991347312927246,1375300,0.0,0.0
2019-03-15 00:00:00-04:00,15.960728801101574,16.20568938873129,15.960728801101574,16.07555389404297,3668700,0.0,0.0
2019-03-18 00:00:00-04:00,16.19038167259445,16.221002481167588,16.037282009970323,16.167417526245117,1360800,0.0,0.0
2019-03-19 00:00:00-04:00,16.213345621876496,16.213345621876496,15.976040220011475,15.999004364013672,838800,0.0,0.0
2019-03-20 00:00:00-04:00,15.976039871818182,15.991348814125871,15.692803267961098,15.708113670349121,1178200,0.0,0.0
2019-03-21 00:00:00-04:00,15.677494712859879,15.945420945898817,15.646875364556275,15.914801597595215,1351800,0.0,0.0
2019-03-22 00:00:00-04:00,15.853558495064625,16.014314803854447,15.784664602817982,15.792318344116211,1088800,0.0,0.0
2019-03-25 00:00:00-04:00,15.799976882313725,15.845908100285591,15.677496554550107,15.723427772521973,882900,0.0,0.0
2019-03-26 00:00:00-04:00,15.769354130497774,15.907144834543969,15.723424382509165,15.868868827819824,826500,0.0,0.0
2019-03-27 00:00:00-04:00,15.868871815927763,16.08321311370234,15.868871815927763,15.983696937561035,1197600,0.0,0.0
2019-03-28 00:00:00-04:00,16.01431731283663,16.159763241656442,15.90714739690656,16.106178283691406,1391800,0.0,0.0
2019-03-29 00:00:00-04:00,16.228657840686846,16.228657840686846,15.983695749967811,16.01431655883789,1477200,0.0,0.0
2019-04-01 00:00:00-04:00,16.090865386015498,16.259275436401367,16.044934177662682,16.259275436401367,991800,0.0,0.0
2019-04-02 00:00:00-04:00,16.251619934916057,16.251619934916057,15.991348932710947,16.029624938964844,1232300,0.0,0.0
2019-04-03 00:00:00-04:00,16.113828659057617,16.144449462970915,15.991348363565022,16.113828659057617,964400,0.0,0.0
2019-04-04 00:00:00-04:00,16.14445024529459,16.213345597357726,16.083210094580732,16.136795043945312,928500,0.0,0.0
2019-04-05 00:00:00-04:00,16.167415057155367,16.25927454868495,16.106174909442217,16.182723999023438,1054200,0.0,0.0
2019-04-08 00:00:00-04:00,16.17507218673174,16.228658604777376,16.01431731283663,16.106178283691406,839900,0.0,0.0
2019-04-09 00:00:00-04:00,16.052589350667066,16.052589350667066,15.738733394546394,15.792318344116211,1274100,0.0,0.0
2019-04-10 00:00:00-04:00,15.8459039338679,16.044933319091797,15.78466378608817,16.044933319091797,908200,0.0,0.0
2019-04-11 00:00:00-04:00,16.090867878535512,16.152108039078495,15.999006907680736,16.106178283691406,1176900,0.0,0.0
2019-04-12 00:00:00-04:00,16.20569299704353,16.25162275243062,16.029627717992526,16.106178283691406,1142900,0.0,0.0
2019-04-15 00:00:00-04:00,16.113829452029375,16.144450257449538,15.999004351864485,16.067899703979492,1588000,0.0,0.0
2019-04-16 00:00:00-04:00,16.1597589508772,16.32816898263361,16.1597589508772,16.31285858154297,1015600,0.0,0.0
2019-04-17 00:00:00-04:00,16.335825107188132,16.35113550914478,16.10617491815959,16.113828659057617,898500,0.0,0.0
2019-04-18 00:00:00-04:00,16.09851971718126,16.25161935650686,16.067898913267967,16.113828659057617,1423700,0.0,0.0
2019-04-22 00:00:00-04:00,16.052588299260076,16.121483647074605,15.930108005385419,16.00665855407715,984300,0.0,0.0
2019-04-23 00:00:00-04:00,16.0219709484332,16.22865701758168,15.991350141116186,16.129140853881836,1325900,0.0,0.0
2019-04-24 00:00:00-04:00,16.098523151911238,16.30520778210239,16.098523151911238,16.22865867614746,1656700,0.0,0.0
2019-04-25 00:00:00-04:00,16.11383209705386,16.266933229124927,15.700461376590953,16.22865867614746,2123400,0.0,0.0
2019-04-26 00:00:00-04:00,16.2669335472488,16.94057532935821,16.2669335472488,16.909955978393555,2275100,0.0,0.0
2019-04-29 00:00:00-04:00,16.986505795251826,17.246776837312257,16.978850592828806,17.147260665893555,2046700,0.0,0.0
2019-04-30 00:00:00-04:00,17.154914640236935,17.216154795156495,16.894643616808686,17.116640090942383,4335700,0.0,0.0
2019-05-01 00:00:00-04:00,17.131947375679474,17.23911873147136,16.948226928710938,16.948226928710938,1889300,0.0,0.0
2019-05-02 00:00:00-04:00,16.91760857976375,17.13960358538379,16.91760857976375,17.00946807861328,1056100,0.0,0.0
2019-05-03 00:00:00-04:00,17.063054129704756,17.147258425193538,16.963537971290222,17.12429428100586,1046600,0.0,0.0
2019-05-06 00:00:00-04:00,16.93292062758287,17.14726045243698,16.909955020599696,17.108985900878906,1243100,0.0,0.0
2019-05-07 00:00:00-04:00,17.001812672871566,17.124294436667526,16.779817669917243,16.902297973632812,850300,0.0,0.0
2019-05-08 00:00:00-04:00,16.84105874825348,16.955883856793662,16.764508189199873,16.77216339111328,711900,0.0,0.0
2019-05-09 00:00:00-04:00,16.611403978507443,16.971189609348823,16.573127979430655,16.88698387145996,1423700,0.0,0.0
2019-05-10 00:00:00-04:00,16.795127266308338,17.147257757559277,16.718576715142383,17.086017608642578,1430800,0.0,0.0
2019-05-13 00:00:00-04:00,16.81809384573983,16.871680261374333,16.59609882129045,16.672649383544922,1525000,0.0,0.0
2019-05-14 00:00:00-04:00,16.687953610405586,16.917605232248672,16.580783729593552,16.802780151367188,1298500,0.0,0.0
2019-05-15 00:00:00-04:00,16.726233555800015,17.14725943836193,16.726233555800015,17.116640090942383,1418800,0.0,0.0
2019-05-16 00:00:00-04:00,17.200844590032645,17.476426020393166,17.14725963636932,17.22381019592285,1727400,0.0,0.0
2019-05-17 00:00:00-04:00,17.19319053814112,17.376912477391155,17.055401273824465,17.13195037841797,1509900,0.0,0.0
2019-05-20 00:00:00-04:00,17.032434544577743,17.300360773250116,17.01712414063521,17.15491485595703,1033000,0.0,0.0
2019-05-21 00:00:00-04:00,17.24677679388703,17.308016953036432,17.200845579464556,17.285051345825195,1207400,0.0,0.0
2019-05-22 00:00:00-04:00,17.18553593927275,17.384565353393555,17.15491513089693,17.384565353393555,1456700,0.0,0.0
2019-05-23 00:00:00-04:00,17.208499710284574,17.269739865620515,17.047744850057907,17.101329803466797,1189600,0.0,0.0
2019-05-24 00:00:00-04:00,17.116637608596996,17.29270284594676,17.070706404008163,17.269737243652344,1196200,0.0,0.0
2019-05-28 00:00:00-04:00,17.26208352637306,17.308014734909175,17.093673475315118,17.12429428100586,1687100,0.0,0.0
2019-05-29 00:00:00-04:00,17.055399056524944,17.124294409766772,16.925263551521535,17.040088653564453,1140200,0.0,0.0
2019-05-30 00:00:00-04:00,17.055399288118455,17.13960358538379,16.932918982932144,17.00946807861328,713600,0.0,0.0
2019-05-31 00:00:00-04:00,16.86402074093003,17.017120366155666,16.787470198277134,16.879329681396484,1433600,0.0,0.0
2019-06-03 00:00:00-04:00,16.902505886407972,17.04928309246418,16.794355036390144,17.033832550048828,1313600,0.2,0.0
2019-06-04 00:00:00-04:00,17.118810280544675,17.38146362655488,17.111085008786148,17.358287811279297,1632000,0.0,0.0
2019-06-05 00:00:00-04:00,17.342838613095694,17.582316142061295,17.342838613095694,17.52051544189453,1088100,0.0,0.0
2019-06-06 00:00:00-04:00,17.520516846030254,17.52824211835084,17.335114730671396,17.396915435791016,1348200,0.0,0.0
2019-06-07 00:00:00-04:00,17.443265596269473,17.52824211835084,17.37373961882927,17.396915435791016,827600,0.0,0.0
2019-06-10 00:00:00-04:00,17.45099157535087,17.48189119243959,17.273314725116723,17.335115432739258,694600,0.0,0.0
2019-06-11 00:00:00-04:00,17.42781365153437,17.43553892323433,17.26558736616999,17.389188766479492,836000,0.0,0.0
2019-06-12 00:00:00-04:00,17.396915428699764,17.543691182395886,17.373739611747464,17.528242111206055,1134000,0.0,0.0
2019-06-13 00:00:00-04:00,17.582319396969734,17.59776994323292,17.358290896489095,17.55141830444336,709700,0.0,0.0
2019-06-14 00:00:00-04:00,17.551417089531455,17.65956943244225,17.466442037856297,17.620943069458008,1679600,0.0,0.0
2019-06-17 00:00:00-04:00,17.651845263974728,17.667295810134863,17.420091491908245,17.450992584228516,1176600,0.0,0.0
2019-06-18 00:00:00-04:00,17.51279049058846,17.574591191885865,17.412364903522032,17.43553924560547,780200,0.0,0.0
2019-06-19 00:00:00-04:00,17.412368202485123,17.52824435519114,17.404642929178692,17.443267822265625,913600,0.0,0.0
2019-06-20 00:00:00-04:00,17.520516642276483,17.75999418764939,17.389189961243915,17.71364402770996,1182000,0.0,0.0
2019-06-21 00:00:00-04:00,17.67501473146143,17.698190544305103,17.48961264904637,17.59776496887207,2662700,0.0,0.0
2019-06-24 00:00:00-04:00,17.605492089643278,17.682741860349335,17.45098960134131,17.489614486694336,1001100,0.0,0.0
2019-06-25 00:00:00-04:00,17.497337341308594,17.628663996189854,17.396911769196915,17.497337341308594,1062400,0.0,0.0
2019-06-26 00:00:00-04:00,17.55913867990083,17.55913867990083,17.04155731201172,17.04155731201172,978000,0.0,0.0
2019-06-27 00:00:00-04:00,17.111084875684035,17.265587362762886,17.03383363214461,17.257862091064453,994800,0.0,0.0
2019-06-28 00:00:00-04:00,17.281041153908177,17.381466757971683,17.23468951500638,17.28876495361328,2252300,0.0,0.0
2019-07-01 00:00:00-04:00,17.45098959893669,17.458714870695218,17.18833625292649,17.358287811279297,1301700,0.0,0.0
2019-07-02 00:00:00-04:00,17.35829112968444,17.682745238344204,17.33511678342352,17.60549545288086,1526000,0.0,0.0
2019-07-03 00:00:00-04:00,17.682739981517287,17.914493689345875,17.65956564214577,17.88359260559082,903800,0.0,0.0
2019-07-05 00:00:00-04:00,17.88359260559082,17.891317876529584,17.65956564214577,17.88359260559082,764300,0.0,0.0
2019-07-08 00:00:00-04:00,17.83724179782315,17.906767760271933,17.70591514358042,17.790891647338867,1228400,0.0,0.0
2019-07-09 00:00:00-04:00,17.775443652809432,17.837244353457887,17.590041550864065,17.752267837524414,1300900,0.0,0.0
2019-07-10 00:00:00-04:00,17.752269562223926,17.88359624804139,17.60549380482711,17.675018310546875,817600,0.0,0.0
2019-07-11 00:00:00-04:00,17.675017666556254,17.75999418764939,17.559141529985173,17.71364402770996,850400,0.0,0.0
2019-07-12 00:00:00-04:00,17.74454193281173,17.95311984260211,17.682741234367718,17.92222023010254,1306700,0.0,0.0
2019-07-15 00:00:00-04:00,17.960847168109925,17.991748257588252,17.73681868972719,17.759994506835938,1631700,0.0,0.0
2019-07-16 00:00:00-04:00,17.7522692265506,17.90677172698325,17.698193793432687,17.891321182250977,988200,0.0,0.0
2019-07-17 00:00:00-04:00,17.88359559645122,17.922221957604926,17.71364402770996,17.71364402770996,1248400,0.0,0.0
2019-07-18 00:00:00-04:00,17.798618456560742,17.945394191356165,17.713641945456665,17.899044036865234,801200,0.0,0.0
2019-07-19 00:00:00-04:00,17.883597126926134,18.068999255995553,17.81407114434446,17.821796417236328,1636800,0.0,0.0
2019-07-22 00:00:00-04:00,17.783167523979067,17.85269349091337,17.636390318957226,17.74454116821289,1261000,0.0,0.0
2019-07-23 00:00:00-04:00,17.752267142347822,17.837243654953628,17.61321520297282,17.814067840576172,1374700,0.0,0.0
2019-07-24 00:00:00-04:00,17.76771788310626,18.038096493407725,17.721367727280118,18.022645950317383,1525600,0.0,0.0
2019-07-25 00:00:00-04:00,18.022648078752145,18.022648078752145,17.56686731787452,17.57459259033203,2107500,0.0,0.0
2019-07-26 00:00:00-04:00,17.535966495270873,17.705918057310708,17.443264705602353,17.64411735534668,1453300,0.0,0.0
2019-07-29 00:00:00-04:00,17.659569297195887,17.860421962840455,17.53596788348309,17.651844024658203,1637300,0.0,0.0
2019-07-30 00:00:00-04:00,17.55914254250268,17.729095594489003,17.54369199715027,17.69819450378418,1191500,0.0,0.0
2019-07-31 00:00:00-04:00,17.67501850419086,17.81407046404396,17.551417089531455,17.620943069458008,4719800,0.0,0.0
2019-08-01 00:00:00-04:00,17.644117165026064,17.752268023935287,17.34283893038183,17.43553924560547,1827600,0.0,0.0
2019-08-02 00:00:00-04:00,17.443264517448263,17.520515762431256,17.34283893038183,17.43553924560547,1050200,0.0,0.0
2019-08-05 00:00:00-04:00,17.242413487303335,17.304214194397986,16.740282557978666,16.86388397216797,1669600,0.0,0.0
2019-08-06 00:00:00-04:00,16.87160821730803,17.180611733963946,16.84070712891994,17.141986846923828,1345700,0.0,0.0
2019-08-07 00:00:00-04:00,16.979759890690843,17.412366308114414,16.809808316774838,17.311939239501953,1991300,0.0,0.0
2019-08-08 00:00:00-04:00,17.435542328882143,17.713646270622448,17.435542328882143,17.62866973876953,1819000,0.0,0.0
2019-08-09 00:00:00-04:00,17.61321454697865,17.72909214110527,17.450988272713087,17.59004020690918,1347200,0.0,0.0
2019-08-12 00:00:00-04:00,17.4896139645025,17.566865206346975,17.196061013627354,17.23468589782715,1628200,0.0,0.0
2019-08-13 00:00:00-04:00,17.17288765432692,17.566867717962484,17.11881221933784,17.335115432739258,1162000,0.0,0.0
2019-08-14 00:00:00-04:00,16.995209116721732,17.180611221181664,16.693930881154955,16.7557315826416,1817900,0.0,0.0
2019-08-15 00:00:00-04:00,16.763458868359756,17.15743746676402,16.740283049976217,16.987485885620117,2323200,0.0,0.0
2019-08-16 00:00:00-04:00,17.08791015911202,17.265586983942892,16.9797578311518,17.23468589782715,1527800,0.0,0.0
2019-08-19 00:00:00-04:00,17.427812805900015,17.450988619875353,17.196060559926032,17.219236373901367,729700,0.0,0.0
2019-08-20 00:00:00-04:00,17.180613285147558,17.296489430174994,16.97203534003109,16.987485885620117,1030100,0.0,0.0
2019-08-21 00:00:00-04:00,17.103361303256133,17.342840329365806,17.026111525486623,17.311939239501953,1733100,0.0,0.0
2019-08-22 00:00:00-04:00,17.381464134399152,17.64411748808345,17.234686913588522,17.613216400146484,2321000,0.0,0.0
2019-08-23 00:00:00-04:00,17.535967383523488,17.783170203901204,17.420089772207028,17.528242111206055,2586300,0.0,0.0
2019-08-26 00:00:00-04:00,17.644115631664366,17.659566174007225,17.38146230561504,17.59004020690918,1365400,0.0,0.0
2019-08-27 00:00:00-04:00,17.6672947050391,17.698194321981408,17.535968017782846,17.620943069458008,1341800,0.0,0.0
2019-08-28 00:00:00-04:00,17.55141380971645,17.752266439366128,17.443262960460782,17.74454116821289,1316500,0.0,0.0
2019-08-29 00:00:00-04:00,17.83724586569126,18.169425212380567,17.814070048441405,18.12307357788086,1812200,0.0,0.0
2019-08-30 00:00:00-04:00,18.192601731381764,18.223502824742923,18.007199591550503,18.045825958251953,1168600,0.0,0.0
2019-09-03 00:00:00-04:00,17.891320292168626,18.14624837378845,17.84497013372274,18.13852310180664,1448100,0.0,0.0
2019-09-04 00:00:00-04:00,18.285301391931338,18.4011775315452,18.192599596173213,18.362552642822266,1356300,0.0,0.0
2019-09-05 00:00:00-04:00,18.606627720781006,18.6879847086402,18.20797103170258,18.264923095703125,1882700,1.2,0.0
2019-09-06 00:00:00-04:00,18.240513437957272,18.42763697616465,18.22424142112578,18.313735961914062,1248400,0.0,0.0
2019-09-09 00:00:00-04:00,18.419503205349173,18.419503205349173,18.012712045854464,18.183565139770508,1912400,0.0,0.0
2019-09-10 00:00:00-04:00,18.207971884757743,18.232379913330078,18.028984330582723,18.232379913330078,1160600,0.0,0.0
2019-09-11 00:00:00-04:00,18.256786621899963,18.460182189941406,18.118477573560376,18.460182189941406,1506000,0.0,0.0
2019-09-12 00:00:00-04:00,18.58221711249608,18.704254129120415,18.43577207183294,18.549673080444336,1293200,0.0,0.0
2019-09-13 00:00:00-04:00,18.598491352418115,18.606627361403905,18.40323179211424,18.41950225830078,1132100,0.0,0.0
2019-09-16 00:00:00-04:00,18.468318626284887,18.614762135164405,18.248651035288006,18.598491668701172,1194700,0.0,0.0
2019-09-17 00:00:00-04:00,18.557810890481598,18.793750490412695,18.47645235423691,18.744935989379883,1482700,0.0,0.0
2019-09-18 00:00:00-04:00,18.64730717381687,18.850702757496467,18.549676610865195,18.81002426147461,1357400,0.0,0.0
2019-09-19 00:00:00-04:00,18.83442956826694,18.858837595434775,18.62289798816754,18.663578033447266,1150400,0.0,0.0
2019-09-20 00:00:00-04:00,18.712390583825567,18.785613105905067,18.57408154787372,18.6879825592041,3269200,0.0,0.0
2019-09-23 00:00:00-04:00,18.574080140327098,18.866970206449846,18.549672117555275,18.801883697509766,1125300,0.0,0.0
2019-09-24 00:00:00-04:00,18.875109145393846,18.997146174636068,18.801886617491512,18.858837127685547,1493700,0.0,0.0
2019-09-25 00:00:00-04:00,18.915788650512695,19.029689676998313,18.883244613353888,18.915788650512695,1049300,0.0,0.0
2019-09-26 00:00:00-04:00,18.866969216775182,19.119179231715115,18.866969216775182,19.078500747680664,1160500,0.0,0.0
2019-09-27 00:00:00-04:00,19.176134422913066,19.18427043206796,18.972738849395895,19.045961380004883,1622700,0.0,0.0
2019-09-30 00:00:00-04:00,19.11918359812868,19.290035132233854,19.005282575391895,19.17613410949707,1833900,0.0,0.0
2019-10-01 00:00:00-04:00,19.249356361611465,19.28190039723033,18.92392376434794,18.97273826599121,1162000,0.0,0.0
2019-10-02 00:00:00-04:00,18.891380828793455,18.972739370793185,18.541541736229323,18.671714782714844,1900300,0.0,0.0
2019-10-03 00:00:00-04:00,18.712394285908406,18.761208793023965,18.58222123241012,18.728666305541992,1863200,0.0,0.0
2019-10-04 00:00:00-04:00,18.73679876740752,19.111045837402344,18.728662759131343,19.111045837402344,1339600,0.0,0.0
2019-10-07 00:00:00-04:00,19.021553667708613,19.021553667708613,18.89138062264359,18.915788650512695,962800,0.0,0.0
2019-10-08 00:00:00-04:00,18.76934183345351,18.834428349905696,18.639168800549132,18.69611930847168,1079600,0.0,0.0
2019-10-09 00:00:00-04:00,18.826291595155947,18.834427603363103,18.631032053538913,18.6879825592041,1230600,0.0,0.0
2019-10-10 00:00:00-04:00,18.69611962292633,18.8344286666866,18.687983614259842,18.72052764892578,1618100,0.0,0.0
2019-10-11 00:00:00-04:00,18.948333535465295,19.192407617936393,18.883245458235486,19.037826538085938,1620900,0.0,0.0
2019-10-14 00:00:00-04:00,19.021550560313727,19.135453119977118,18.989008080256223,19.102909088134766,998300,0.0,0.0
2019-10-15 00:00:00-04:00,19.102911425559412,19.371393513970805,19.102911425559412,19.241220474243164,1358800,0.0,0.0
2019-10-16 00:00:00-04:00,19.208678032163814,19.241220516274293,19.02968893830854,19.216814041137695,1070700,0.0,0.0
2019-10-17 00:00:00-04:00,19.273767734754305,19.36326074467445,19.21681721431822,19.322582244873047,1819200,0.0,0.0
2019-10-18 00:00:00-04:00,19.30631048679405,19.452755570927156,19.257495976011455,19.371397018432617,695800,0.0,0.0
2019-10-21 00:00:00-04:00,19.477156985747115,19.60733000480398,19.420206483882836,19.582921981811523,1025600,0.0,0.0
2019-10-22 00:00:00-04:00,19.517840225176325,19.517840225176325,19.306308629751538,19.346988677978516,1806900,0.0,0.0
2019-10-23 00:00:00-04:00,19.34698804863724,19.4527530670166,19.306308001733548,19.4527530670166,1217600,0.0,0.0
2019-10-24 00:00:00-04:00,19.363254954376625,19.403934993798554,18.435771780544275,18.679845809936523,1858400,0.0,0.0
2019-10-25 00:00:00-04:00,18.671712698980453,18.76120568858627,18.354414575770004,18.427637100219727,1523600,0.0,0.0
2019-10-28 00:00:00-04:00,18.46831715825869,18.500859640383457,18.053390036619483,18.09406852722168,1565500,0.0,0.0
2019-10-29 00:00:00-04:00,18.07779798898578,18.403232147562864,18.07779798898578,18.264923095703125,1321600,0.0,0.0
2019-10-30 00:00:00-04:00,18.232381391497775,18.330011961917247,18.134752372863577,18.248653411865234,937000,0.0,0.0
2019-10-31 00:00:00-04:00,18.19169849959253,18.19169849959253,17.91508042728215,18.175426483154297,2732200,0.0,0.0
2019-11-01 00:00:00-04:00,18.289331318197746,18.362553855692713,18.216108780702776,18.33001136779785,1236800,0.0,0.0
2019-11-04 00:00:00-05:00,18.395094810472358,18.443909310020956,18.224241734374818,18.338144302368164,1496300,0.0,0.0
2019-11-05 00:00:00-05:00,18.37882349360679,18.56594704216009,18.36255147587563,18.37068748474121,1352300,0.0,0.0
2019-11-06 00:00:00-05:00,18.411364932710928,18.53340350698573,18.346278417264,18.49272346496582,1167700,0.0,0.0
2019-11-07 00:00:00-05:00,18.53340471857913,18.631033722239405,18.427638154197957,18.460182189941406,1134300,0.0,0.0
2019-11-08 00:00:00-05:00,18.452044087858813,18.557809088457272,18.40322959156605,18.549673080444336,700300,0.0,0.0
2019-11-11 00:00:00-05:00,18.378824771522662,18.590356361380913,18.378824771522662,18.47645378112793,694700,0.0,0.0
2019-11-12 00:00:00-05:00,18.492722576138636,18.622895600775905,18.46018009587175,18.549673080444336,1150800,0.0,0.0
2019-11-13 00:00:00-05:00,18.452045125631283,18.533403658551524,18.419501091749208,18.427637100219727,847200,0.0,0.0
2019-11-14 00:00:00-05:00,18.38695761439638,18.541538663399127,18.38695761439638,18.525266647338867,953300,0.0,0.0
2019-11-15 00:00:00-05:00,18.565946851631544,18.62289736132115,18.460181841034423,18.614761352539062,1244700,0.0,0.0
2019-11-18 00:00:00-05:00,18.565948333087032,18.614762837889664,18.35441674322878,18.47645378112793,959400,0.0,0.0
2019-11-19 00:00:00-05:00,18.419501254694968,18.5415398310474,18.33814427283996,18.517131805419922,2194200,0.0,0.0
2019-11-20 00:00:00-05:00,18.443911490796825,18.59849256806058,18.419503462244084,18.541542053222656,1485600,0.0,0.0
2019-11-21 00:00:00-05:00,18.55781226164878,18.55781226164878,18.11034260691865,18.183565139770508,1284700,0.0,0.0
2019-11-22 00:00:00-05:00,18.183565255409135,18.191701264864985,18.0533922076858,18.142885208129883,921500,0.0,0.0
2019-11-25 00:00:00-05:00,18.199836688266,18.386960244369565,18.191700679072138,18.2242431640625,1418900,0.0,0.0
2019-11-26 00:00:00-05:00,18.273058932070814,18.492726540152443,18.224244425314403,18.484590530395508,947900,0.0,0.0
2019-11-27 00:00:00-05:00,18.54153862421626,18.56594509647021,18.427636063820003,18.549673080444336,648300,0.0,0.0
2019-11-29 00:00:00-05:00,18.52527090523565,18.606629452451752,18.34628179100319,18.35441780090332,406400,0.0,0.0
2019-12-02 00:00:00-05:00,18.370687479627893,18.411365972159455,18.216106414794922,18.216106414794922,1380700,0.0,0.0
2019-12-03 00:00:00-05:00,18.110337892463935,18.183560406254625,17.980164879454875,18.08592987060547,1315800,0.0,0.0
2019-12-04 00:00:00-05:00,18.06152709711781,18.30560115851736,18.06152709711781,18.12661361694336,1480800,0.0,0.0
2019-12-05 00:00:00-05:00,18.14303015988945,18.249753175900178,17.978839218198157,18.110191345214844,1775300,0.2,0.0
2019-12-06 00:00:00-05:00,18.225127782911944,18.528879025317213,18.175869555083207,18.471412658691406,2762500,0.0,0.0
2019-12-09 00:00:00-05:00,18.446782079542082,18.725905751703138,18.35647846737769,18.67664909362793,1748300,0.0,0.0
2019-12-10 00:00:00-05:00,18.684861660112706,18.766957146708933,18.619185584003954,18.693071365356445,2604300,0.0,0.0
2019-12-11 00:00:00-05:00,18.668441414943356,18.676651119820033,18.225128312490494,18.282594680786133,2716800,0.0,0.0
2019-12-12 00:00:00-05:00,18.340060795436255,18.758746343309706,18.315431681146848,18.619184494018555,2398500,0.0,0.0
2019-12-13 00:00:00-05:00,18.58634910070903,18.63560733836687,18.39753055387805,18.413949966430664,1070200,0.0,0.0
2019-12-16 00:00:00-05:00,18.43036536748479,18.60276446423928,18.372897436058935,18.53708839416504,1673800,0.0,0.0
2019-12-17 00:00:00-05:00,18.528876936475147,18.643809656769882,18.512457529049932,18.627391815185547,974100,0.0,0.0
2019-12-18 00:00:00-05:00,18.643810689026687,18.643810689026687,18.175868512385577,18.184078216552734,2151500,0.0,0.0
2019-12-19 00:00:00-05:00,18.175870083230432,18.340061049081772,18.093776166145858,18.282594680786133,1806100,0.0,0.0
2019-12-20 00:00:00-05:00,18.56992547690416,18.56992547690416,18.348268173925415,18.381105422973633,3838600,0.0,0.0
2019-12-23 00:00:00-05:00,18.413946827130765,18.413946827130765,18.134823124688147,18.282594680786133,1200300,0.0,0.0
2019-12-24 00:00:00-05:00,18.315430977250962,18.32364068169858,18.208707951113915,18.26617431640625,757100,0.0,0.0
2019-12-26 00:00:00-05:00,18.27438339655048,18.307220647378138,18.118402149056454,18.184078216552734,909200,0.0,0.0
2019-12-27 00:00:00-05:00,18.23333740234375,18.29901504478207,18.143033775673416,18.23333740234375,954800,0.0,0.0
2019-12-30 00:00:00-05:00,18.28259434179189,18.323641299573087,18.225127974561786,18.315431594848633,827400,0.0,0.0
2019-12-31 00:00:00-05:00,18.266175884651197,18.512460775860596,18.266175884651197,18.36469078063965,1270400,0.0,0.0
2020-01-02 00:00:00-05:00,18.446782780368846,18.446782780368846,18.21691732339092,18.331850051879883,1358700,0.0,0.0
2020-01-03 00:00:00-05:00,18.22512622115772,18.405735010196462,18.192287405419265,18.372896194458008,1207300,0.0,0.0
2020-01-06 00:00:00-05:00,18.299012325811724,18.397525643149184,18.225126554888156,18.340059280395508,1621700,0.0,0.0
2020-01-07 00:00:00-05:00,18.340059323779062,18.340059323779062,18.15945053100586,18.15945053100586,974600,0.0,0.0
2020-01-08 00:00:00-05:00,18.15944986657597,18.32363924513297,18.15944986657597,18.257963180541992,1229900,0.0,0.0
2020-01-09 00:00:00-05:00,18.30722250553854,18.405737399702577,18.134823398052873,18.39752769470215,1334600,0.0,0.0
2020-01-10 00:00:00-05:00,18.364688242434546,18.487830671019587,18.241544248008573,18.249753952026367,1330400,0.0,0.0
2020-01-13 00:00:00-05:00,18.266174457627635,18.37289748458979,18.2251275009132,18.323640823364258,1010400,0.0,0.0
2020-01-14 00:00:00-05:00,18.257963144126894,18.4878301526573,18.249753440339283,18.43857192993164,1272500,0.0,0.0
2020-01-15 00:00:00-05:00,18.38931907649376,18.53709064355242,18.356481820392506,18.504253387451172,1258700,0.0,0.0
2020-01-16 00:00:00-05:00,18.594556467838096,18.717698914808977,18.54529980221798,18.660232543945312,1515100,0.0,0.0
2020-01-17 00:00:00-05:00,18.717700267492283,18.865471840872907,18.676653304149347,18.84905242919922,1359100,0.0,0.0
2020-01-21 00:00:00-05:00,18.88189050518216,18.96398599445989,18.668442859396546,18.77516746520996,2330400,0.0,0.0
2020-01-22 00:00:00-05:00,18.824424266597564,18.931147307330352,18.75053848230516,18.83263397216797,1349600,0.0,0.0
2020-01-23 00:00:00-05:00,18.972193969628,19.046079746655145,17.872118584825063,18.619184494018555,2711600,0.0,0.0
2020-01-24 00:00:00-05:00,18.693070104244512,19.382669639783725,18.643811876105236,19.193849563598633,2334100,0.0,0.0
2020-01-27 00:00:00-05:00,19.013240814208984,19.16101236738197,18.85725955632182,19.013240814208984,2126000,0.0,0.0
2020-01-28 00:00:00-05:00,19.06249397725561,19.23489461292267,18.93935156083101,18.947561264038086,2631200,0.0,0.0
2020-01-29 00:00:00-05:00,19.005031222839467,19.029660337128874,18.61097478925542,18.619184494018555,1669900,0.0,0.0
2020-01-30 00:00:00-05:00,18.537088016845214,18.824421404761754,18.4385731308186,18.816211700439453,1800100,0.0,0.0
2020-01-31 00:00:00-05:00,18.750537459651486,18.86547019968625,18.430366789073986,18.512460708618164,2880700,0.0,0.0
2020-02-03 00:00:00-05:00,18.619186533292204,18.881890851121028,18.57813800498067,18.709491729736328,1403900,0.0,0.0
2020-02-04 00:00:00-05:00,18.881890851121028,18.95577663624054,18.701282024074022,18.709491729736328,1787300,0.0,0.0
2020-02-05 00:00:00-05:00,18.849050267245754,19.28415523164499,18.808003308610832,19.251317977905273,2163100,0.0,0.0
2020-02-06 00:00:00-05:00,19.333410840858065,19.39087877199057,18.9639835357666,18.9639835357666,1314100,0.0,0.0
2020-02-07 00:00:00-05:00,18.898306848965337,19.037868688333894,18.849048623888695,18.91472625732422,1238400,0.0,0.0
2020-02-10 00:00:00-05:00,18.881886625207553,18.988609643249603,18.865467217557732,18.92293357849121,1638600,0.0,0.0
2020-02-11 00:00:00-05:00,18.996821072944062,19.152802328106542,18.931145002218972,19.11175537109375,1257100,0.0,0.0
2020-02-12 00:00:00-05:00,19.144593100613797,19.161012510164497,18.972193997854685,19.103546142578125,1516700,0.0,0.0
2020-02-13 00:00:00-05:00,19.119966303582707,19.259526592725422,19.087127483190674,19.210269927978516,1512900,0.0,0.0
2020-02-14 00:00:00-05:00,19.22669042621945,19.325205327129396,19.16922405312249,19.284156799316406,1059100,0.0,0.0
2020-02-18 00:00:00-05:00,19.243107791737906,19.316993568105755,19.103545943692087,19.193849563598633,869300,0.0,0.0
2020-02-19 00:00:00-05:00,19.226687136781287,19.226687136781287,19.037868638669625,19.062496185302734,1334500,0.0,0.0
2020-02-20 00:00:00-05:00,18.980401662967413,19.226686516397454,18.96398225518117,19.046077728271484,695600,0.0,0.0
2020-02-21 00:00:00-05:00,19.013239526195555,19.111754410250878,18.93114405045628,19.062496185302734,1332800,0.0,0.0
2020-02-24 00:00:00-05:00,18.77516541144789,18.849049621290522,18.610974450852808,18.652021408081055,1166600,0.0,0.0
2020-02-25 00:00:00-05:00,18.65201963841487,18.65201963841487,17.863906860351562,17.863906860351562,1497000,0.0,0.0
2020-02-26 00:00:00-05:00,17.97884456206144,18.052730351199553,17.45343589782715,17.45343589782715,1449700,0.0,0.0
2020-02-27 00:00:00-05:00,17.239986559327185,17.272825380567767,16.80488157293658,16.845930099487305,2060700,0.0,0.0
2020-02-28 00:00:00-05:00,16.427243768226575,16.583225030263378,15.778691171122729,16.189167022705078,3880800,0.0,0.0
2020-03-02 00:00:00-05:00,16.32051869842166,17.346708297729492,16.263052331394995,17.346708297729492,2571800,0.0,0.0
2020-03-03 00:00:00-05:00,17.27281966077084,17.469847825446013,16.763829060979475,16.87055206298828,2909600,0.0,0.0
2020-03-04 00:00:00-05:00,17.1989363961273,17.625830031877786,17.051164859742524,17.592992782592773,2380000,0.0,0.0
2020-03-05 00:00:00-05:00,17.108631127569843,17.2071444407314,16.821297760140347,17.07579231262207,1840600,0.0,0.0
2020-03-06 00:00:00-05:00,16.50356105039086,17.399231654258777,16.50356105039086,17.3328857421875,2182400,0.21,0.0
2020-03-09 00:00:00-04:00,16.2713498080811,16.528439998443393,15.317625225664935,15.442025184631348,3376900,0.0,0.0
2020-03-10 00:00:00-04:00,15.972791477024312,15.972791477024312,14.803443954817286,15.607888221740723,1894900,0.0,0.0
2020-03-11 00:00:00-04:00,15.135174123720605,15.408851181589409,14.654165913472069,14.977602005004883,4172300,0.0,0.0
2020-03-12 00:00:00-04:00,13.982412838961094,14.44683415799691,13.061862054644681,13.791666984558105,3028900,0.0,0.0
2020-03-13 00:00:00-04:00,14.637578504900551,14.927842423950702,13.899480135673652,14.919548988342285,3352500,0.0,0.0
2020-03-16 00:00:00-04:00,13.634097164709186,14.198038158116821,13.352126668005369,13.410179138183594,3690500,0.0,0.0
2020-03-17 00:00:00-04:00,13.600923072825431,13.916067305462308,13.194554210160941,13.882893562316895,2844800,0.0,0.0
2020-03-18 00:00:00-04:00,13.086742393654774,13.484818625917574,10.391437355688861,10.78951358795166,3635200,0.0,0.0
2020-03-19 00:00:00-04:00,10.706580392656067,12.182777949992415,9.85237628143906,11.801288604736328,3047000,0.0,0.0
2020-03-20 00:00:00-04:00,11.817876614894486,12.323764381753412,10.930499466023793,11.112950325012207,3765400,0.0,0.0
2020-03-23 00:00:00-04:00,10.905619544102727,11.137831030735812,10.159227626668912,10.225573539733887,4370000,0.0,0.0
2020-03-24 00:00:00-04:00,10.855858918844262,11.668596630611688,10.673407289116767,11.560784339904785,2758600,0.0,0.0
2020-03-25 00:00:00-04:00,11.64371834594886,11.90910198750487,11.171003536700809,11.262228965759277,3044100,0.0,0.0
2020-03-26 00:00:00-04:00,11.519319633843308,12.307177890468623,11.220762254684432,12.274004936218262,2787100,0.0,0.0
2020-03-27 00:00:00-04:00,11.726650423154819,12.788185716353933,11.701770115078121,12.456456184387207,2813900,0.0,0.0
2020-03-30 00:00:00-04:00,12.274004519073781,12.846238158170994,11.809582384446951,12.771598815917969,3220600,0.0,0.0
2020-03-31 00:00:00-04:00,12.746718483742638,12.954049625230136,12.332056200767644,12.647199630737305,2844200,0.0,0.0
2020-04-01 00:00:00-04:00,12.066673278808594,12.41498967958369,11.875928206524335,12.066673278808594,2674900,0.0,0.0
2020-04-02 00:00:00-04:00,11.950567852846234,12.589148200845335,11.74323669428636,11.98374080657959,2045300,0.0,0.0
2020-04-03 00:00:00-04:00,11.875928503832174,12.124726052172274,11.461266186900541,11.6188383102417,2328700,0.0,0.0
2020-04-06 00:00:00-04:00,12.157898797444954,12.605734060416815,12.041793856874287,12.332056999206543,2214500,0.0,0.0
2020-04-07 00:00:00-04:00,12.846240309547042,13.451647003155422,12.572563202723291,12.622323036193848,2648300,0.0,0.0
2020-04-08 00:00:00-04:00,12.887704125624614,13.650682022488278,12.696959849135089,13.54287052154541,2418400,0.0,0.0
2020-04-09 00:00:00-04:00,13.791668380011117,14.438542183334864,13.708737179579133,14.14827823638916,2144200,0.0,0.0
2020-04-13 00:00:00-04:00,14.131692408394906,14.189744879215842,13.717030094746857,13.849721908569336,2674400,0.0,0.0
2020-04-14 00:00:00-04:00,14.164864687348201,14.446835189490931,13.824841713907473,14.04046630859375,1962900,0.0,0.0
2020-04-15 00:00:00-04:00,13.534577125093527,13.700442676668265,13.302367251062252,13.39359188079834,1852500,0.0,0.0
2020-04-16 00:00:00-04:00,13.393591837336755,13.410178708802631,12.904290992676845,13.103328704833984,1831800,0.0,0.0
2020-04-17 00:00:00-04:00,13.584336521643444,13.833134855668616,13.484818453482314,13.725321769714355,2742400,0.0,0.0
2020-04-20 00:00:00-04:00,13.368712735396938,13.368712735396938,12.837943936116766,13.012102127075195,2758900,0.0,0.0
2020-04-21 00:00:00-04:00,12.531096555985332,12.995518759099552,12.531096555985332,12.555976867675781,2710100,0.0,0.0
2020-04-22 00:00:00-04:00,12.779893650154376,12.879412520411424,12.514509996135576,12.638908386230469,2483000,0.0,0.0
2020-04-23 00:00:00-04:00,12.862824404682279,12.970636694815473,11.78470229425588,12.298883438110352,3501400,0.0,0.0
2020-04-24 00:00:00-04:00,12.489629399014232,12.6223212145784,12.31547119335986,12.522802352905273,3179700,0.0,0.0
2020-04-27 00:00:00-04:00,12.62232114980271,13.20284823536958,12.605734277489507,13.11162281036377,2362900,0.0,0.0
2020-04-28 00:00:00-04:00,13.493112615424243,13.584337252511508,13.161382276448425,13.343833923339844,2700600,0.0,0.0
2020-04-29 00:00:00-04:00,13.849721977568928,13.891187576415838,13.534577731812087,13.62580394744873,3437300,0.0,0.0
2020-04-30 00:00:00-04:00,13.277486759302493,13.501404776273885,12.962343322956952,13.227726936340332,8378700,0.0,0.0
2020-05-01 00:00:00-04:00,12.95405024849205,12.978929765214035,12.564267462288276,12.680373191833496,3051600,0.0,0.0
2020-05-04 00:00:00-04:00,12.555974555207474,12.66378684662622,12.265710632856576,12.61402702331543,2559000,0.0,0.0
2020-05-05 00:00:00-04:00,12.763305531328148,12.945756368910102,12.356935887300681,12.373522758483887,3205800,0.0,0.0
2020-05-06 00:00:00-04:00,12.414989513015335,12.456455901295186,11.817875578139965,11.82616901397705,2515800,0.0,0.0
2020-05-07 00:00:00-04:00,12.033502185761924,12.655495741720463,11.958862832501985,12.555976867675781,2504800,0.0,0.0
2020-05-08 00:00:00-04:00,12.829653206920437,13.078450772705967,12.796480250876076,13.061863899230957,1895000,0.0,0.0
2020-05-11 00:00:00-04:00,12.904290576828048,12.97063647874239,12.522801245367816,12.72183895111084,2677600,0.0,0.0
2020-05-12 00:00:00-04:00,12.763306203901275,12.95405048712626,12.249125033709968,12.257417678833008,1927700,0.0,0.0
2020-05-13 00:00:00-04:00,12.108139766168946,12.157898800452802,11.253934838271654,11.328574180603027,3738900,0.0,0.0
2020-05-14 00:00:00-04:00,11.104657782580597,12.033501332003295,10.847566783026107,11.91739559173584,3195100,0.0,0.0
2020-05-15 00:00:00-04:00,11.734943837374894,11.826170057823841,11.502733149779258,11.726651191711426,4469900,0.0,0.0
2020-05-18 00:00:00-04:00,11.867636263322494,12.414990413794634,11.842755954006028,12.2905912399292,2849100,0.0,0.0
2020-05-19 00:00:00-04:00,12.232538838468574,12.240832274956075,11.900809288024902,11.900809288024902,1745800,0.0,0.0
2020-05-20 00:00:00-04:00,12.074966612093094,12.398402702273204,12.00032727100366,12.24083137512207,2673200,0.0,0.0
2020-05-21 00:00:00-04:00,12.232537976719616,12.630613409208696,12.215951104913115,12.531094551086426,3873100,0.0,0.0
2020-05-22 00:00:00-04:00,12.547680951379787,12.605733418709903,12.257417032918102,12.373522758483887,1074600,0.0,0.0
2020-05-26 00:00:00-04:00,12.862825047929924,13.103329156129462,12.846238175892776,12.895998001098633,1646700,0.0,0.0
2020-05-27 00:00:00-04:00,13.343833337989967,13.385298936500561,12.912584153510569,13.236021041870117,1805800,0.0,0.0
2020-05-28 00:00:00-04:00,13.393591196959445,13.393591196959445,12.954049405901507,13.144794464111328,2457700,0.0,0.0
2020-05-29 00:00:00-04:00,12.937464998603355,13.070156817517336,12.78818630687231,12.929171562194824,2150100,0.0,0.0
2020-06-01 00:00:00-04:00,12.995516871857067,13.360420147934411,12.813065233818396,13.260900497436523,1851900,0.0,0.0
2020-06-02 00:00:00-04:00,13.318952188344918,13.965825924196448,13.302366899075203,13.70044231414795,3294300,0.0,0.0
2020-06-03 00:00:00-04:00,14.007291329636704,14.247796211605053,13.998997894209065,14.048758506774902,1846800,0.0,0.0
2020-06-04 00:00:00-04:00,13.973181038535733,14.216704803117452,13.712863801856205,14.208307266235352,2899400,0.21,0.0
2020-06-05 00:00:00-04:00,14.997659595816735,15.442717882852062,14.846507120345663,15.165605545043945,2335600,0.0,0.0
2020-06-08 00:00:00-04:00,15.417526276561334,15.677843528903471,15.35874511651632,15.669445991516113,2037000,0.0,0.0
2020-06-09 00:00:00-04:00,15.241181808966004,15.434320371659082,15.06483832172447,15.232784271240234,2928300,0.0,0.0
2020-06-10 00:00:00-04:00,15.132017756423533,15.174003845423982,14.351064328348775,14.376256942749023,2225700,0.0,0.0
2020-06-11 00:00:00-04:00,13.864016872581159,14.06555296162234,13.418957008240348,13.469342231750488,2329100,0.0,0.0
2020-06-12 00:00:00-04:00,14.057156019534053,14.073951094748518,13.309792790822224,13.796838760375977,2710500,0.0,0.0
2020-06-15 00:00:00-04:00,13.175434849186438,13.872415268380657,13.125051224224574,13.754851341247559,3699400,0.0,0.0
2020-06-16 00:00:00-04:00,14.325871537754972,14.46022894290391,13.97318294882236,14.090746879577637,2383900,0.0,0.0
2020-06-17 00:00:00-04:00,14.157924896731755,14.216706058430347,13.780043712002906,13.864017486572266,1585700,0.0,0.0
2020-06-18 00:00:00-04:00,13.864017403332376,14.03196334979621,13.687672317628849,13.847222328186035,1766200,0.0,0.0
2020-06-19 00:00:00-04:00,14.031964820168218,14.174719770537974,13.637290122871454,13.788442611694336,4495200,0.0,0.0
2020-06-22 00:00:00-04:00,13.654083741974576,13.897605924448369,13.452547645616999,13.780043601989746,1637800,0.0,0.0
2020-06-23 00:00:00-04:00,13.973182019208268,14.057155792256362,13.612095916268018,13.628890991210938,2214000,0.0,0.0
2020-06-24 00:00:00-04:00,13.486136400762131,13.519726551502867,13.049474851965112,13.200627326965332,1737900,0.0,0.0
2020-06-25 00:00:00-04:00,13.125052996664506,13.570112147818183,13.024284932299526,13.553317070007324,1650400,0.0,0.0
2020-06-26 00:00:00-04:00,13.334985190937442,13.418958168213516,13.04107776838793,13.259408950805664,2499400,0.0,0.0
2020-06-29 00:00:00-04:00,13.402162946471686,13.553314615225814,13.20062685424402,13.477738380432129,1553900,0.0,0.0
2020-06-30 00:00:00-04:00,13.40216311280259,13.788441028116237,13.368573763681109,13.696069717407227,1981100,0.0,0.0
2020-07-01 00:00:00-04:00,13.696069660946694,13.830427056878742,13.452547481444798,13.561712265014648,1969400,0.0,0.0
2020-07-02 00:00:00-04:00,13.855621213430876,13.897607303713997,13.393767012816513,13.45254898071289,2106900,0.0,0.0
2020-07-06 00:00:00-04:00,13.738058838688538,13.87241624919731,13.502932569464852,13.570111274719238,3185800,0.0,0.0
2020-07-07 00:00:00-04:00,13.494535349379808,13.553316517655466,13.141846738059156,13.158641815185547,1982600,0.0,0.0
2020-07-08 00:00:00-04:00,13.099858887727988,13.418957301944088,13.041076926512813,13.309792518615723,1433000,0.0,0.0
2020-07-09 00:00:00-04:00,13.309791737252095,13.309791737252095,12.805950732366682,12.915116310119629,1446900,0.0,0.0
2020-07-10 00:00:00-04:00,12.948707721060519,13.41895865313319,12.948707721060519,13.385369300842285,1613700,0.0,0.0
2020-07-13 00:00:00-04:00,13.528123604738909,13.73805723435104,13.326586711678,13.477738380432129,1675100,0.0,0.0
2020-07-14 00:00:00-04:00,13.486135197473162,13.77164504662886,13.410559767549477,13.645685195922852,1231500,0.0,0.0
2020-07-15 00:00:00-04:00,13.973182653179476,14.02356788029424,13.754851474015226,13.906003952026367,1568200,0.0,0.0
2020-07-16 00:00:00-04:00,13.78004386774303,14.40144724391285,13.771646330024534,14.26708984375,1744300,0.0,0.0
2020-07-17 00:00:00-04:00,14.325869664473439,14.367857349133713,14.124333583103326,14.225102424621582,1401300,0.0,0.0
2020-07-20 00:00:00-04:00,14.07395153096621,14.141130232239721,13.914401514816658,13.973182678222656,1380000,0.0,0.0
2020-07-21 00:00:00-04:00,13.947991311523808,14.35106350891285,13.947991311523808,14.18311595916748,1831500,0.0,0.0
2020-07-22 00:00:00-04:00,14.031963299929956,14.636573189717383,13.998374751423164,14.611380577087402,1970700,0.0,0.0
2020-07-23 00:00:00-04:00,14.6281759890713,14.76253338952585,14.099143924989834,14.149527549743652,2613400,0.0,0.0
2020-07-24 00:00:00-04:00,14.199911815165745,14.241897904077153,13.86401829887461,13.89760684967041,3393300,0.0,0.0
2020-07-27 00:00:00-04:00,13.855620857130958,13.914402022682427,13.578508504055005,13.729660987854004,2425200,0.0,0.0
2020-07-28 00:00:00-04:00,13.679276244096366,13.847222188870514,13.603700008364722,13.696069717407227,2540800,0.0,0.0
2020-07-29 00:00:00-04:00,13.729660005494699,13.922798564678043,13.502931296018673,13.847222328186035,2488300,0.0,0.0
2020-07-30 00:00:00-04:00,13.645686667785737,13.864017846670299,13.469343178109693,13.654084205627441,2636400,0.0,0.0
2020-07-31 00:00:00-04:00,13.64568600934233,13.763248330120307,13.427354840992873,13.49453353881836,4322000,0.0,0.0
2020-08-03 00:00:00-04:00,13.528125386620358,13.889211533380973,13.43575406489089,13.738059043884277,2182500,0.0,0.0
2020-08-04 00:00:00-04:00,13.6876737524575,13.712866367817858,13.477740096121238,13.53652286529541,1415400,0.0,0.0
2020-08-05 00:00:00-04:00,13.645686938532304,13.796839419348858,13.536522147757353,13.612096786499023,1496600,0.0,0.0
2020-08-06 00:00:00-04:00,13.536521854140691,13.696070267838243,13.536521854140691,13.586905479431152,2065500,0.0,0.0
2020-08-07 00:00:00-04:00,13.544919455611288,14.090748269754622,13.528125979560802,14.082350730895996,1486100,0.0,0.0
2020-08-10 00:00:00-04:00,14.225104482131803,14.485421758012029,14.124335626038402,14.443435668945312,1924400,0.0,0.0
2020-08-11 00:00:00-04:00,14.745736434298557,14.955670045955237,14.3258692109852,14.351061820983887,2163100,0.0,0.0
2020-08-12 00:00:00-04:00,14.55260101292687,14.569396089856584,14.04036237823738,14.10754108428955,1350300,0.0,0.0
2020-08-13 00:00:00-04:00,13.9815804633014,14.12433540624001,13.9060042228241,14.023568153381348,1116200,0.0,0.0
2020-08-14 00:00:00-04:00,13.897606414173906,14.132732669043078,13.864017864430638,13.906003952026367,1194500,0.0,0.0
2020-08-17 00:00:00-04:00,13.864019439875102,13.947993226275536,13.729662022301113,13.74645709991455,1459200,0.0,0.0
2020-08-18 00:00:00-04:00,13.754850989320104,13.92279853711801,13.696069828090792,13.780043601989746,1785000,0.0,0.0
2020-08-19 00:00:00-04:00,13.788441607761543,13.855620308828595,13.628891592102331,13.654084205627441,1300700,0.0,0.0
2020-08-20 00:00:00-04:00,13.519727788388504,13.66248273876383,13.502932711481598,13.53652286529541,1316500,0.0,0.0
2020-08-21 00:00:00-04:00,13.544916863682777,13.628890634533217,13.444149619995418,13.469342231750488,1474400,0.0,0.0
2020-08-24 00:00:00-04:00,13.502932262155506,13.73805852602802,13.360177316530521,13.729660987854004,1532300,0.0,0.0
2020-08-25 00:00:00-04:00,13.864018349475081,13.864018349475081,13.561713382876404,13.595303535461426,1688200,0.0,0.0
2020-08-26 00:00:00-04:00,13.586904988906468,13.586904988906468,13.418957441779545,13.460945129394531,1027100,0.0,0.0
2020-08-27 00:00:00-04:00,13.48613630432461,13.805236327413576,13.48613630432461,13.679276466369629,1517700,0.0,0.0
2020-08-28 00:00:00-04:00,13.813633779559877,13.864017403332376,13.586905070083851,13.847222328186035,1495900,0.0,0.0
2020-08-31 00:00:00-04:00,13.880813402483097,13.889210940615266,13.528124809265137,13.528124809265137,1394000,0.0,0.0
2020-09-01 00:00:00-04:00,13.460945101654213,13.603700035917955,13.334984441568599,13.578507423400879,1261800,0.0,0.0
2020-09-02 00:00:00-04:00,13.6288924625375,13.729661321407159,13.502932590200432,13.637290000915527,1221200,0.0,0.0
2020-09-03 00:00:00-04:00,13.756393856067206,14.020121421222004,13.48415874072686,13.560724258422852,1651100,0.21,0.0
2020-09-04 00:00:00-04:00,13.815942778288559,13.918031740823137,13.424604459654361,13.654302597045898,1792900,0.0,0.0
2020-09-08 00:00:00-04:00,13.611766979404376,13.611766979404376,13.101325393146897,13.228936195373535,1724800,0.0,0.0
2020-09-09 00:00:00-04:00,13.331025123596191,13.475650221046978,13.143863089602599,13.331025123596191,1793600,0.0,0.0
2020-09-10 00:00:00-04:00,13.424604773424482,13.450127420316916,13.10132521470773,13.109832763671875,2251700,0.0,0.0
2020-09-11 00:00:00-04:00,13.177893042212542,13.245951819072515,13.016253650001262,13.194908142089844,1529700,0.0,0.0
2020-09-14 00:00:00-04:00,13.23744430342466,13.365054299715286,13.152370431681195,13.203414916992188,1736900,0.0,0.0
2020-09-15 00:00:00-04:00,13.186398104838208,13.24594932052655,12.863118570070334,12.888640403747559,2416700,0.0,0.0
2020-09-16 00:00:00-04:00,12.914164580036088,13.075803960924054,12.846105807943832,12.9226713180542,2287300,0.0,0.0
2020-09-17 00:00:00-04:00,12.79506146972334,12.888642079590603,12.607899438664242,12.812076568603516,1998100,0.0,0.0
2020-09-18 00:00:00-04:00,12.812076031105745,12.91416418613025,12.607898909732198,12.675957679748535,8109300,0.0,0.0
2020-09-21 00:00:00-04:00,12.44625951675812,12.607898892494795,12.259097493806813,12.505810737609863,3036700,0.0,0.0
2020-09-22 00:00:00-04:00,12.51431884571029,12.820583324046268,12.463274360325341,12.480289459228516,2077600,0.0,0.0
2020-09-23 00:00:00-04:00,12.454767816197569,12.539840878064846,11.986863136291504,11.986863136291504,1827700,0.0,0.0
2020-09-24 00:00:00-04:00,12.003877438657783,12.26760579681195,11.850745602581588,12.046414375305176,2432000,0.0,0.0
2020-09-25 00:00:00-04:00,11.918803452035174,12.114472209578917,11.910295903100788,12.105964660644531,1938100,0.0,0.0
2020-09-28 00:00:00-04:00,12.310141627584825,12.769538717192903,12.267604694758713,12.709986686706543,3128300,0.0,0.0
2020-09-29 00:00:00-04:00,12.658943759275804,12.658943759275804,12.250590316034875,12.471781730651855,1798900,0.0,0.0
2020-09-30 00:00:00-04:00,12.53133219575278,12.641927896375435,12.412229757639544,12.539839744567871,2580900,0.0,0.0
2020-10-01 00:00:00-04:00,12.556856904866162,12.675959362543916,12.463275475176905,12.599393844604492,1649600,0.0,0.0
2020-10-02 00:00:00-04:00,12.4037236972403,12.905657779018377,12.378201859056981,12.795062065124512,2551800,0.0,0.0
2020-10-05 00:00:00-04:00,13.007745570726325,13.211921892997506,12.956701084496238,13.169384956359863,2397600,0.0,0.0
2020-10-06 00:00:00-04:00,13.245951084406723,13.382068630577123,13.033267215684331,13.101325988769531,2468300,0.0,0.0
2020-10-07 00:00:00-04:00,13.22042944258995,13.348039441178292,13.075804344816719,13.169384956359863,1389300,0.0,0.0
2020-10-08 00:00:00-04:00,13.279980449377174,13.305503097736095,13.033267194512947,13.15237045288086,1327700,0.0,0.0
2020-10-09 00:00:00-04:00,13.25445804934532,13.365053753562588,13.109832960086166,13.288487434387207,1866500,0.0,0.0
2020-10-12 00:00:00-04:00,13.30550382203414,13.747885870450826,13.254459333862215,13.696842193603516,1764300,0.0,0.0
2020-10-13 00:00:00-04:00,13.535200276773647,13.705348008254195,13.314008874908545,13.373560905456543,1905700,0.0,0.0
2020-10-14 00:00:00-04:00,13.296996114177244,13.484158153485051,13.118341624684474,13.126849174499512,1208000,0.0,0.0
2020-10-15 00:00:00-04:00,12.98222371155335,13.30550329360414,12.973716161975139,13.220429420471191,1758900,0.0,0.0
2020-10-16 00:00:00-04:00,13.254458223186857,13.60325962727211,13.20341455061682,13.518186569213867,2540700,0.0,0.0
2020-10-19 00:00:00-04:00,13.509679638136413,13.569230862634361,13.143863118907111,13.169384956359863,1735500,0.0,0.0
2020-10-20 00:00:00-04:00,13.279979867204561,13.390575571271166,13.18639926129799,13.228936195373535,1360000,0.0,0.0
2020-10-21 00:00:00-04:00,13.152369717243486,13.552215594598799,13.135354619289226,13.501171112060547,1989900,0.0,0.0
2020-10-22 00:00:00-04:00,13.526692653025949,14.7347369964306,13.526692653025949,14.59861946105957,4232800,0.0,0.0
2020-10-23 00:00:00-04:00,14.649663731509833,14.683693928071667,14.232803559521852,14.360413551330566,3250500,0.0,0.0
2020-10-26 00:00:00-04:00,14.241310837261606,14.241310837261606,13.952060662594663,14.054149627685547,1804800,0.0,0.0
2020-10-27 00:00:00-04:00,13.994599186319748,14.054150409833161,13.535201251817737,13.543708801269531,1545700,0.0,0.0
2020-10-28 00:00:00-04:00,13.433112538125144,13.858481068594019,13.314009284687897,13.679825782775879,1940900,0.0,0.0
2020-10-29 00:00:00-04:00,13.620274790915786,13.952061098183824,13.543708470369454,13.866987228393555,1975300,0.0,0.0
2020-10-30 00:00:00-04:00,13.807434981851081,13.901016393941735,13.662809900733244,13.84997272491455,3641600,0.0,0.0
2020-11-02 00:00:00-05:00,14.020120208456834,14.351908146395758,13.892510212010698,14.326385498046875,2821500,0.0,0.0
2020-11-03 00:00:00-05:00,14.530561050681056,14.590112271039121,14.24981842424371,14.39444351196289,1845500,0.0,0.0
2020-11-04 00:00:00-05:00,14.241311984931485,14.573098308578803,13.952061786954628,14.062658309936523,2405000,0.0,0.0
2020-11-05 00:00:00-05:00,14.164744034027729,14.675185596703745,14.105192815867843,14.59011173248291,2984400,0.0,0.0
2020-11-06 00:00:00-05:00,14.649663891109364,14.683694088041937,14.47101022516065,14.530561447143555,1830000,0.0,0.0
2020-11-09 00:00:00-05:00,15.542937105515495,15.849200764992524,15.296223045436312,15.313238143920898,2580800,0.0,0.0
2020-11-10 00:00:00-05:00,15.440849433477851,16.11293127619665,15.355775556562286,15.891739845275879,3897800,0.0,0.0
2020-11-11 00:00:00-05:00,15.976812987315757,15.98532053688092,15.389805048512764,15.517415046691895,1222000,0.0,0.0
2020-11-12 00:00:00-05:00,15.36427972296888,15.457861129232256,15.00697081673012,15.143088340759277,1377600,0.0,0.0
2020-11-13 00:00:00-05:00,15.194134814404295,15.51741355352717,15.194134814404295,15.491890907287598,1142200,0.0,0.0
2020-11-16 00:00:00-05:00,15.900246678835071,15.98532055191757,15.662040158733905,15.857708930969238,2001300,0.0,0.0
2020-11-17 00:00:00-05:00,15.662040924256738,15.883232356022875,15.576967047016034,15.849202156066895,1562600,0.0,0.0
2020-11-18 00:00:00-05:00,15.866215102673737,15.951288968368171,15.415326372996573,15.440847396850586,2011000,0.0,0.0
2020-11-19 00:00:00-05:00,15.347267802455496,15.542936560216194,15.185627617821027,15.508906364440918,1120500,0.0,0.0
2020-11-20 00:00:00-05:00,15.432339074936605,15.517412936369283,15.253685426312028,15.44935417175293,893000,0.0,0.0
2020-11-23 00:00:00-05:00,15.670546872765568,15.67905442188512,15.406819340655819,15.628010749816895,1402400,0.0,0.0
2020-11-24 00:00:00-05:00,15.900244547628574,16.138449413152525,15.883229450762878,16.11292839050293,1246700,0.0,0.0
2020-11-25 00:00:00-05:00,15.98532049294688,16.019349068464848,15.849201322927533,15.900246620178223,1072800,0.0,0.0
2020-11-27 00:00:00-05:00,15.900245106429637,15.968303873635342,15.73860492582271,15.815171241760254,623300,0.0,0.0
2020-11-30 00:00:00-05:00,15.713082037143682,15.81517099770131,15.228163125455149,15.24517822265625,2203500,0.0,0.0
2020-12-01 00:00:00-05:00,15.551441660250866,15.687559176619246,15.457860259254309,15.645021438598633,1205700,0.0,0.0
2020-12-02 00:00:00-05:00,15.542935441426476,15.772634378428585,15.542935441426476,15.721589088439941,1742100,0.0,0.0
2020-12-03 00:00:00-05:00,15.721592205292144,15.876484998061573,15.626935133866313,15.781827926635742,937300,0.21,0.0
2020-12-04 00:00:00-05:00,15.902298252741094,16.220689153444653,15.807642829261814,16.21208381652832,1143900,0.0,0.0
2020-12-07 00:00:00-05:00,16.057192421395676,16.143244156690574,15.781828181492266,15.842063903808594,1200000,0.0,0.0
2020-12-08 00:00:00-05:00,15.67856374358128,16.005559967159993,15.67856374358128,15.979743957519531,905700,0.0,0.0
2020-12-09 00:00:00-05:00,16.10021480024291,16.246502233611178,15.971138039341508,16.220687866210938,1517400,0.0,0.0
2020-12-10 00:00:00-05:00,15.97114037356016,16.38418836663264,15.893693977440341,16.36697769165039,1955200,0.0,0.0
2020-12-11 00:00:00-05:00,16.160453844041914,16.38418768561057,16.126032495508166,16.1346378326416,1023600,0.0,0.0
2020-12-14 00:00:00-05:00,16.323950790679966,16.504659593029338,16.005561514174342,16.031375885009766,1138700,0.0,0.0
2020-12-15 00:00:00-05:00,16.134638706586248,16.45302963256836,16.057192309490606,16.45302963256836,1273300,0.0,0.0
2020-12-16 00:00:00-05:00,16.478841250936345,16.487446587098198,16.151846683286195,16.358369827270508,1290000,0.0,0.0
2020-12-17 00:00:00-05:00,16.323948261323665,16.40999998047556,16.186266167200642,16.27231788635254,1626700,0.0,0.0
2020-12-18 00:00:00-05:00,16.358369605504436,16.487446363582265,16.151846464319902,16.27231788635254,4420300,0.0,0.0
2020-12-21 00:00:00-05:00,16.453027020613497,16.504657396714045,16.014164720508685,16.220687866210938,1979000,0.0,0.0
2020-12-22 00:00:00-05:00,16.18626692325985,16.306739992219804,16.11742587298278,16.14324188232422,1853700,0.0,0.0
2020-12-23 00:00:00-05:00,16.263715536544186,16.521870741400644,16.169060105267118,16.427213668823242,2258700,0.0,0.0
2020-12-24 00:00:00-05:00,16.44442361924748,16.54768438359834,16.229295111999555,16.530473709106445,1140500,0.0,0.0
2020-12-28 00:00:00-05:00,16.60791945215189,16.960730058907746,16.57349974581727,16.79723358154297,1595800,0.0,0.0
2020-12-29 00:00:00-05:00,16.88328420013447,16.909098567864437,16.564893320630826,16.6423397064209,1299800,0.0,0.0
2020-12-30 00:00:00-05:00,16.659551473604107,16.874679972421102,16.659551473604107,16.79723358154297,1541000,0.0,0.0
2020-12-31 00:00:00-05:00,16.840258168144285,17.0295722924019,16.66815635853753,16.960729598999023,2086500,0.0,0.0
2021-01-04 00:00:00-05:00,17.1873554661127,17.1873554661127,16.39869609799661,16.579998016357422,2295600,1.0,0.0
2021-01-05 00:00:00-05:00,16.543737411499023,16.688778258702634,16.335241409771747,16.543737411499023,1404400,0.0,0.0
2021-01-06 00:00:00-05:00,16.80662631107851,17.486505982645955,16.60719383417707,17.450244903564453,3124900,0.0,0.0
2021-01-07 00:00:00-05:00,17.531829814975033,17.559025623064574,17.35052788575812,17.377723693847656,1658300,0.0,0.0
2021-01-08 00:00:00-05:00,17.386789010957767,17.42304835948672,16.861015489612853,17.27800750732422,1993400,0.0,0.0
2021-01-11 00:00:00-05:00,17.132966995239258,17.323334198120794,16.99699140976581,17.132966995239258,966000,0.0,0.0
2021-01-12 00:00:00-05:00,17.178291286826944,17.27800578209245,16.987924106732482,17.024185180664062,2314800,0.0,0.0
2021-01-13 00:00:00-05:00,16.9879256319326,17.160162290524923,16.770364355879664,16.86101531982422,7692400,0.0,0.0
2021-01-14 00:00:00-05:00,16.94260186342258,17.132967341123884,16.779430465950945,16.987926483154297,2361200,0.0,0.0
2021-01-15 00:00:00-05:00,16.996992057703462,17.259879698127197,16.897275817677436,17.096708297729492,2304900,0.0,0.0
2021-01-19 00:00:00-05:00,17.223617149800063,17.323333381323202,17.10577210901905,17.314268112182617,1676200,0.0,0.0
2021-01-20 00:00:00-05:00,17.28707433175185,17.459311007571934,17.241749709757695,17.423049926757812,1508000,0.0,0.0
2021-01-21 00:00:00-05:00,17.404919374468225,17.577154304037222,16.85195005052743,16.86101531982422,1576600,0.0,0.0
2021-01-22 00:00:00-05:00,16.69784247299695,16.80662396603969,16.53467109794442,16.67064666748047,1803700,0.0,0.0
2021-01-25 00:00:00-05:00,16.589063897740505,16.95166778564453,16.56186981646414,16.95166778564453,2153400,0.0,0.0
2021-01-26 00:00:00-05:00,16.996990470565432,17.132966048525297,16.7159740455786,16.79755973815918,2522200,0.0,0.0
2021-01-27 00:00:00-05:00,16.543737796628257,16.806625418944233,16.26272136475727,16.298980712890625,2225100,0.0,0.0
2021-01-28 00:00:00-05:00,16.471217299132242,17.477439708515913,16.317111179938554,16.65251922607422,2588000,0.0,0.0
2021-01-29 00:00:00-05:00,16.69784617521395,16.72504198676024,16.298982917652864,16.407764434814453,3659600,0.0,0.0
2021-02-01 00:00:00-05:00,16.579998197164578,16.634388081656656,16.362435201149754,16.589061737060547,2865900,0.0,0.0
2021-02-02 00:00:00-05:00,16.8247547460203,17.151097534375285,16.67971389097884,17.132966995239258,1859600,0.0,0.0
2021-02-03 00:00:00-05:00,17.051380157470703,17.25987788554047,16.906339312131983,17.051380157470703,1140900,0.0,0.0
2021-02-04 00:00:00-05:00,17.08764234283645,17.459309749277605,17.06951180373606,17.386789321899414,1550400,0.0,0.0
2021-02-05 00:00:00-05:00,17.522762658248975,17.613413613093492,17.368656553720243,17.531827926635742,1188600,0.0,0.0
2021-02-08 00:00:00-05:00,17.595286078166282,17.713132858276367,17.477441027079646,17.713132858276367,1789900,0.0,0.0
2021-02-09 00:00:00-05:00,17.676871611335166,17.95788806051701,17.64967580179237,17.867237091064453,1417400,0.0,0.0
2021-02-10 00:00:00-05:00,17.88536822932321,18.03040909369196,17.821913067289813,17.930694580078125,1702200,0.0,0.0
2021-02-11 00:00:00-05:00,18.003212786268133,18.247968133988127,17.921627094020376,18.229839324951172,1763100,0.0,0.0
2021-02-12 00:00:00-05:00,18.193579473109413,18.320489790024492,17.894432491078593,17.957887649536133,918000,0.0,0.0
2021-02-16 00:00:00-05:00,18.075737836757373,18.175452363568358,17.849111240059397,18.048542022705078,1400800,0.0,0.0
2021-02-17 00:00:00-05:00,17.94882273794595,18.111994136676564,17.912563387685495,17.96695327758789,1325400,0.0,0.0
2021-02-18 00:00:00-05:00,17.912559827453293,18.003210778622133,17.66780277800435,17.767518997192383,1528900,0.0,0.0
2021-02-19 00:00:00-05:00,17.830978337440797,17.957888661507585,17.740327364954453,17.930694580078125,1976300,0.0,0.0
2021-02-22 00:00:00-05:00,17.867235942648602,18.25703387592396,17.76752143878102,18.193578720092773,1756100,0.0,0.0
2021-02-23 00:00:00-05:00,18.166385841000377,18.32955551147461,17.93069401161747,18.32955551147461,2228100,0.0,0.0
2021-02-24 00:00:00-05:00,18.36581466395728,18.719351506426257,18.329553588307512,18.583375930786133,2028500,0.0,0.0
2021-02-25 00:00:00-05:00,18.64683456366336,18.728420270076043,17.749393522147454,17.803783416748047,3306900,0.0,0.0
2021-02-26 00:00:00-05:00,17.722194940986586,17.785651825298732,17.38678862616749,17.522764205932617,2795400,0.0,0.0
2021-03-01 00:00:00-05:00,17.90349688695857,18.247968471355115,17.785651845434924,18.08479881286621,3610500,0.0,0.0
2021-03-02 00:00:00-05:00,18.0394726468637,18.257033922709567,17.93975814274059,18.093862533569336,2208000,0.0,0.0
2021-03-03 00:00:00-05:00,18.130123584695937,18.610572482138778,18.066668428793236,18.347684860229492,2217100,0.0,0.0
2021-03-04 00:00:00-05:00,18.26609992980957,18.62870207086572,18.139189612695766,18.26609992980957,2271800,0.0,0.0
2021-03-05 00:00:00-05:00,18.474597867895802,18.791875422730605,18.29329764300704,18.72842025756836,2574600,0.0,0.0
2021-03-08 00:00:00-05:00,18.875020081183266,19.69049367539572,18.875020081183266,19.516403198242188,2484500,0.22,0.0
2021-03-09 00:00:00-05:00,19.314827359191437,19.708820797945194,19.232363534911197,19.39729118347168,1931500,0.0,0.0
2021-03-10 00:00:00-05:00,19.488917813420482,19.873748410146458,19.388128306677185,19.818771362304688,1607000,0.0,0.0
2021-03-11 00:00:00-05:00,19.663007005228113,19.992862309292452,19.663007005228113,19.910398483276367,1626400,0.0,0.0
2021-03-12 00:00:00-05:00,20.13030142880116,20.405181431290337,20.084488968869625,20.313554763793945,2121500,0.0,0.0
2021-03-15 00:00:00-04:00,20.5242940845529,20.560945449192,20.304391139618037,20.551782608032227,2594100,0.0,0.0
2021-03-16 00:00:00-04:00,20.469319425907,20.551783251292804,20.130301282917202,20.267742156982422,1470100,0.0,0.0
2021-03-17 00:00:00-04:00,20.341042382068462,20.56094532568237,20.249415718654358,20.533456802368164,1873800,0.0,0.0
2021-03-18 00:00:00-04:00,20.70754667234959,20.808334426238247,20.33187893639222,20.39601707458496,1724700,0.0,0.0
2021-03-19 00:00:00-04:00,20.341041880840894,20.350202974086645,20.00202375885249,20.011186599731445,3792600,0.0,0.0
2021-03-22 00:00:00-04:00,19.928721827552387,20.01118564389084,19.736307421184744,19.800445556640625,1157800,0.0,0.0
2021-03-23 00:00:00-04:00,19.644681744741526,19.855421842508388,19.553055083389303,19.6171932220459,1958000,0.0,0.0
2021-03-24 00:00:00-04:00,19.75463104248047,20.139461596771852,19.727144269223785,19.75463104248047,1881200,0.0,0.0
2021-03-25 00:00:00-04:00,19.763796123350648,20.350203987747406,19.598868474580737,20.231090545654297,1684600,0.0,0.0
2021-03-26 00:00:00-04:00,20.35936737060547,20.515132182183084,20.16695294034489,20.35936737060547,1354600,0.0,0.0
2021-03-29 00:00:00-04:00,20.231090335819417,20.460156123927714,20.047837006279472,20.176115036010742,1518200,0.0,0.0
2021-03-30 00:00:00-04:00,20.27690189139856,20.423505597081792,20.18527697834218,20.39601707458496,1217500,0.0,0.0
2021-03-31 00:00:00-04:00,20.276901994688235,20.359365814965596,20.011186599731445,20.011186599731445,1879400,0.0,0.0
2021-04-01 00:00:00-04:00,19.97453544725063,20.102813473278037,19.864584850807965,20.066162109375,2074700,0.0,0.0
2021-04-05 00:00:00-04:00,20.286066507561273,20.432668478441148,20.185278744852198,20.37769317626953,1676700,0.0,0.0
2021-04-06 00:00:00-04:00,20.43266565613254,21.046561979758692,20.386853201923035,20.991586685180664,3043400,0.0,0.0
2021-04-07 00:00:00-04:00,20.927451739607505,21.27563098850884,20.927451739607505,21.257307052612305,3028300,0.0,0.0
2021-04-08 00:00:00-04:00,21.25730568900091,21.39474481139202,21.092378043078266,21.385581970214844,2628800,0.0,0.0
2021-04-09 00:00:00-04:00,21.495530742400785,21.513856423197833,21.303116336931108,21.422229766845703,1933000,0.0,0.0
2021-04-12 00:00:00-04:00,21.40390623398285,21.57799496191133,21.257304280130896,21.50469398498535,2403600,0.0,0.0
2021-04-13 00:00:00-04:00,21.468045731257032,21.49553250707602,21.275629562357842,21.376419067382812,2534900,0.0,0.0
2021-04-14 00:00:00-04:00,21.32144409985063,21.5688355718702,21.31228125855732,21.44972038269043,2485000,0.0,0.0
2021-04-15 00:00:00-04:00,21.596320955023607,21.66962193300846,21.486370361862907,21.550508499145508,2923300,0.0,0.0
2021-04-16 00:00:00-04:00,21.816222803561562,21.85287416454707,21.550507426948965,21.742921829223633,1780900,0.0,0.0
2021-04-19 00:00:00-04:00,21.788738275941125,21.852876416642573,21.65129740571429,21.816225051879883,1372000,0.0,0.0
2021-04-20 00:00:00-04:00,21.797900757145737,21.797900757145737,21.59632174954647,21.715436935424805,1784600,0.0,0.0
2021-04-21 00:00:00-04:00,21.67878443218071,21.9261758843446,21.623809136466445,21.8986873626709,1694100,0.0,0.0
2021-04-22 00:00:00-04:00,21.78873812732471,21.990315389244817,21.587159117771353,21.77041244506836,1946800,0.0,0.0
2021-04-23 00:00:00-04:00,21.880362869385035,22.256032362120546,21.797900795153552,22.146080017089844,2039900,0.0,0.0
2021-04-26 00:00:00-04:00,22.30184548903538,22.659187562750727,22.246870188686856,22.292682647705078,3011700,0.0,0.0
2021-04-27 00:00:00-04:00,22.30184446441887,22.604211223894016,22.219380643868085,22.494258880615234,2182400,0.0,0.0
2021-04-28 00:00:00-04:00,22.604210858771125,22.677511837228558,22.246868807245292,22.393470764160156,1682900,0.0,0.0
2021-04-29 00:00:00-04:00,22.50342314459905,22.778303146362305,22.50342314459905,22.778303146362305,1644800,0.0,0.0
2021-04-30 00:00:00-04:00,22.732489860230373,22.7416527020905,22.52174974034757,22.558401107788086,5777600,0.0,0.0
2021-05-03 00:00:00-04:00,22.824115150933594,23.34638487194351,22.705001709221957,23.089832305908203,2164100,0.0,0.0
2021-05-04 00:00:00-04:00,22.96155415608755,23.630427586889006,22.934067379945443,23.47466278076172,2603000,0.0,0.0
2021-05-05 00:00:00-04:00,23.45633666638631,23.465499507476075,23.044017555513214,23.4105224609375,1442400,0.0,0.0
2021-05-06 00:00:00-04:00,23.492987971361845,23.7770308226566,23.410524143261224,23.758705139160156,1842600,0.0,0.0
2021-05-07 00:00:00-04:00,23.502147648294844,23.90530389276044,23.410520990784505,23.896141052246094,1442300,0.0,0.0
2021-05-10 00:00:00-04:00,24.07023137347921,24.26264578015585,23.84116560497857,23.85032844543457,1478800,0.0,0.0
2021-05-11 00:00:00-04:00,23.731215370714597,23.81367919449521,23.41968575812857,23.50214958190918,1565500,0.0,0.0
2021-05-12 00:00:00-04:00,23.566288096180074,23.593776620419817,23.071506893297872,23.15397071838379,2175900,0.0,0.0
2021-05-13 00:00:00-04:00,23.13564467213708,24.015256462391985,23.071506530885156,23.905305862426758,1394900,0.0,0.0
2021-05-14 00:00:00-04:00,23.914467530673843,24.116044785811425,23.841166551748067,24.06106948852539,1639500,0.0,0.0
2021-05-17 00:00:00-04:00,23.95111877618145,24.05190828442551,23.832005332683902,23.996932983398438,938300,0.0,0.0
2021-05-18 00:00:00-04:00,24.015254698430518,24.106881356760255,23.8686527441562,23.95111656188965,1460100,0.0,0.0
2021-05-19 00:00:00-04:00,23.76786673865359,23.905305862426758,23.41052291968342,23.905305862426758,1109600,0.0,0.0
2021-05-20 00:00:00-04:00,23.804514977894225,24.097718891003648,23.73121399961687,24.006093978881836,813100,0.0,0.0
2021-05-21 00:00:00-04:00,24.125207812950823,24.31762397638776,23.96944301307643,24.088558197021484,1116400,0.0,0.0
2021-05-24 00:00:00-04:00,24.152696758686158,24.317624402340094,24.04274441370579,24.198509216308594,1748700,0.0,0.0
2021-05-25 00:00:00-04:00,24.17102261798581,24.299300655283716,23.767868065430605,23.79535484313965,1390500,0.0,0.0
2021-05-26 00:00:00-04:00,23.795353966910312,24.11604642689598,23.786191125466917,23.996932983398438,1203400,0.0,0.0
2021-05-27 00:00:00-04:00,24.09772095302303,24.18018477909555,23.996933191538083,24.051908493041992,1621800,0.0,0.0
2021-05-28 00:00:00-04:00,24.16185898991078,24.19850860555707,23.841166551748067,24.06106948852539,2392100,0.0,0.0
2021-06-01 00:00:00-04:00,24.216835355122036,24.326785954542757,24.070233390805566,24.290136337280273,1473500,0.0,0.0
2021-06-02 00:00:00-04:00,24.372599887477943,24.455063709935807,24.07939596213143,24.225997924804688,1191500,0.0,0.0
2021-06-03 00:00:00-04:00,24.13360453677177,24.40154945080595,24.04120907037149,24.31839370727539,1238100,0.22,0.0
2021-06-04 00:00:00-04:00,24.272193908691406,24.290673352187532,23.995007543139707,24.272193908691406,1265600,0.0,0.0
2021-06-07 00:00:00-04:00,24.244476865761538,24.2814357559891,24.031968533843717,24.105884552001953,1185700,0.0,0.0
2021-06-08 00:00:00-04:00,23.93033444109202,24.558621505284048,23.708586376488412,24.540142059326172,3195900,0.0,0.0
2021-06-09 00:00:00-04:00,24.447746514882837,24.46622596078255,24.17056187557503,24.216758728027344,1771300,0.0,0.0
2021-06-10 00:00:00-04:00,24.346112915246295,24.401549490257313,24.096645684251293,24.124364852905273,1477700,0.0,0.0
2021-06-11 00:00:00-04:00,24.19828082166034,24.38306999206543,24.15208220733636,24.38306999206543,1418500,0.0,0.0
2021-06-14 00:00:00-04:00,24.31839254062024,24.35535143032606,24.096644489275917,24.142841339111328,1155800,0.0,0.0
2021-06-15 00:00:00-04:00,24.11512507817412,24.614057776794496,23.958053314066476,24.38306999206543,1998700,0.0,0.0
2021-06-16 00:00:00-04:00,24.299911185701216,24.39230664040626,23.9488105725781,24.013486862182617,1280000,0.0,0.0
2021-06-17 00:00:00-04:00,24.059685366234337,24.105882212237947,23.209650358772215,23.431398391723633,1814200,0.0,0.0
2021-06-18 00:00:00-04:00,23.108019035635703,23.108019035635703,22.562887702878474,22.618324279785156,4464500,0.0,0.0
2021-06-21 00:00:00-04:00,22.82159312104549,23.28356867602781,22.77539450816912,23.228130340576172,1807300,0.0,0.0
2021-06-22 00:00:00-04:00,23.191173212571968,23.375962377186763,22.950945712505533,23.228130340576172,1162000,0.0,0.0
2021-06-23 00:00:00-04:00,23.218891168747007,23.274329505513627,22.99714310857131,23.08953857421875,1448800,0.0,0.0
2021-06-24 00:00:00-04:00,23.108017994978578,23.292807163777972,22.978665400589307,23.218891143798828,1929600,0.0,0.0
2021-06-25 00:00:00-04:00,23.32052588244965,23.736304588250597,23.17269384534196,23.61618995666504,2917100,0.0,0.0
2021-06-28 00:00:00-04:00,23.50531728848376,23.523794971775704,22.950946256896056,23.08953857421875,1211800,0.0,0.0
2021-06-29 00:00:00-04:00,23.218890130923537,23.320525314822586,22.91398634152324,22.97866439819336,1161400,0.0,0.0
2021-06-30 00:00:00-04:00,22.90474804295755,23.061818034230427,22.849309709488132,23.015621185302734,991100,0.0,0.0
2021-07-01 00:00:00-04:00,23.098777870923655,23.468357964399054,23.01562212960458,23.357484817504883,1462200,0.0,0.0
2021-07-02 00:00:00-04:00,23.283567954100313,23.34824424782499,23.163453326642912,23.274328231811523,925600,0.0,0.0
2021-07-06 00:00:00-04:00,23.283569228308064,23.283569228308064,22.775395048395616,23.08953857421875,1347900,0.0,0.0
2021-07-07 00:00:00-04:00,22.91398685485325,23.228130373672585,22.895509171973263,23.034101486206055,1869300,0.0,0.0
2021-07-08 00:00:00-04:00,22.69223895161119,22.85855043472323,22.331898579733043,22.415054321289062,1075200,0.0,0.0
2021-07-09 00:00:00-04:00,22.793874818675363,23.135737517751522,22.766155649897204,23.117258071899414,1570200,0.0,0.0
2021-07-12 00:00:00-04:00,23.071059235276973,23.320526464989154,22.886270065424828,23.2835693359375,820800,0.0,0.0
2021-07-13 00:00:00-04:00,23.274328905568012,23.274328905568012,22.59984325733587,22.646041870117188,2030700,0.0,0.0
2021-07-14 00:00:00-04:00,22.73843787392234,23.00638278523604,22.525927774670254,22.572126388549805,2451400,0.0,0.0
2021-07-15 00:00:00-04:00,22.35961836433848,22.849311342232582,22.25798317467882,22.664522171020508,2284300,0.0,0.0
2021-07-16 00:00:00-04:00,22.747677287513138,22.747677287513138,22.341138302383367,22.415054321289062,2005400,0.0,0.0
2021-07-19 00:00:00-04:00,22.06395067490046,22.100909563433262,21.50958144528285,21.722089767456055,2226400,0.0,0.0
2021-07-20 00:00:00-04:00,21.80524691586514,22.729198041433182,21.685132282655022,22.378095626831055,3626400,0.0,0.0
2021-07-21 00:00:00-04:00,22.58136558532715,22.81235336245362,22.525927249963036,22.58136558532715,1814200,0.0,0.0
2021-07-22 00:00:00-04:00,22.636800779789244,22.636800779789244,22.11014896198204,22.507448196411133,1987600,0.0,0.0
2021-07-23 00:00:00-04:00,22.71071645239276,22.775392743110466,22.442771567662717,22.544404983520508,1903100,0.0,0.0
2021-07-26 00:00:00-04:00,22.599842394266663,22.904747940088605,22.55364554554645,22.692237854003906,1724300,0.0,0.0
2021-07-27 00:00:00-04:00,22.442774108187844,22.87703051094802,22.31341974981275,22.664522171020508,2129500,0.0,0.0
2021-07-28 00:00:00-04:00,22.71995703740417,22.775393608368756,22.37809436481278,22.562885284423828,1638400,0.0,0.0
2021-07-29 00:00:00-04:00,22.74767650943432,22.913986224560876,22.535166420339518,22.78463363647461,1768800,0.0,0.0
2021-07-30 00:00:00-04:00,22.64604132605406,22.913986224560876,22.64604132605406,22.78463363647461,3946600,0.0,0.0
2021-08-02 00:00:00-04:00,23.00638256129343,23.422161270677606,22.710718484529977,22.73843765258789,2237400,0.0,0.0
2021-08-03 00:00:00-04:00,22.80311360733975,22.840070735232846,22.461250922269976,22.775394439697266,1409400,0.0,0.0
2021-08-04 00:00:00-04:00,22.53516454536276,22.775392019176103,22.38733252490789,22.59060287475586,874300,0.0,0.0
2021-08-05 00:00:00-04:00,22.75691583590769,22.867790748279706,22.599844071387228,22.858551025390625,1201100,0.0,0.0
2021-08-06 00:00:00-04:00,23.108016450465552,23.20041190983811,22.913985809553505,23.052579879760742,1293600,0.0,0.0
2021-08-09 00:00:00-04:00,23.043341710129138,23.218891156238072,22.840071333354896,23.15421485900879,1236900,0.0,0.0
2021-08-10 00:00:00-04:00,23.135736240771156,23.440640031313894,23.061818461442634,23.366724014282227,1006400,0.0,0.0
2021-08-11 00:00:00-04:00,23.431400260306507,23.699345160629324,23.26508878175593,23.690105438232422,1020700,0.0,0.0
2021-08-12 00:00:00-04:00,23.745542712920233,23.837936408172315,23.597710685760777,23.77326011657715,882900,0.0,0.0
2021-08-13 00:00:00-04:00,24.02272991500577,24.309154278241532,23.690106936862968,23.82870101928711,2175900,0.0,0.0
2021-08-16 00:00:00-04:00,23.791740708170895,24.26295597833262,23.67162784117133,24.07816505432129,1951200,0.0,0.0
2021-08-17 00:00:00-04:00,23.930331783961634,24.19827843370818,23.893374658446422,24.133602142333984,1737800,0.0,0.0
2021-08-18 00:00:00-04:00,24.041206685100803,24.466223321157955,23.97653039372661,24.133602142333984,2106600,0.0,0.0
2021-08-19 00:00:00-04:00,24.031969582982672,24.346113114443643,23.93033439271678,24.087406158447266,1874500,0.0,0.0
2021-08-20 00:00:00-04:00,24.08740592242316,24.5216640858154,23.985770733153156,24.31839370727539,2194800,0.0,0.0
2021-08-23 00:00:00-04:00,24.50318337452882,24.540140501801996,24.34611161844991,24.438507080078125,1486900,0.0,0.0
2021-08-24 00:00:00-04:00,24.48470498375831,24.623297301018308,24.355352389288566,24.420028686523438,1384400,0.0,0.0
2021-08-25 00:00:00-04:00,24.43850813210395,24.65101646938908,24.36459211207882,24.420028686523438,1480700,0.0,0.0
2021-08-26 00:00:00-04:00,24.47546496564816,24.577100152817735,24.189040611793885,24.198280334472656,1268000,0.0,0.0
2021-08-27 00:00:00-04:00,24.198281882346922,24.3830710608519,24.14284354272811,24.299915313720703,2429300,0.0,0.0
2021-08-30 00:00:00-04:00,24.28143415581002,24.39230729459225,24.03196695010486,24.262954711914062,1962800,0.0,0.0
2021-08-31 00:00:00-04:00,24.22568702697754,24.41203917652092,24.188415886194537,24.22568702697754,1621100,0.22,0.0
2021-09-01 00:00:00-04:00,24.290908950887655,24.3840850226088,23.974111373347213,24.06728744506836,1330300,0.0,0.0
2021-09-02 00:00:00-04:00,24.095240780072952,24.132510142419537,23.825030350020764,23.8902530670166,1713400,0.0,0.0
2021-09-03 00:00:00-04:00,23.8623023379406,23.908889486826606,23.443010889223306,23.56414031982422,1699800,0.0,0.0
2021-09-07 00:00:00-04:00,23.554821563569732,23.666631427161143,23.163483486628316,23.275293350219727,2855600,0.0,0.0
2021-09-08 00:00:00-04:00,23.275294096395356,23.601409467165663,23.210071377678457,23.303247451782227,2373900,0.0,0.0
2021-09-09 00:00:00-04:00,23.23802402869788,23.759807539803116,23.228706243851352,23.629362106323242,2291900,0.0,0.0
2021-09-10 00:00:00-04:00,23.778442462773228,23.852982962332348,23.19143447370768,23.20075225830078,2120000,0.0,0.0
2021-09-13 00:00:00-04:00,23.377787769734024,23.461646058042017,23.21007119311803,23.39642333984375,2831200,0.0,0.0
2021-09-14 00:00:00-04:00,23.485609425339124,23.574795432252905,22.94058361752217,23.049589157104492,2500100,1.5,0.0
2021-09-15 00:00:00-04:00,23.109045806156256,23.406333125143217,22.9901323906372,23.327056884765625,3079100,0.0,0.0
2021-09-16 00:00:00-04:00,23.3468743104452,23.485609147388427,22.99013217710677,23.069408416748047,1934100,0.0,0.0
2021-09-17 00:00:00-04:00,23.069407645998318,23.198230822325918,22.65320692926322,22.78203010559082,5803800,0.0,0.0
2021-09-20 00:00:00-04:00,22.26673344330274,22.47483474506534,21.979357795271465,22.316282272338867,2355500,0.0,0.0
2021-09-21 00:00:00-04:00,22.455014940032072,22.534291175430017,22.21718623383823,22.336101531982422,1238600,0.0,0.0
2021-09-22 00:00:00-04:00,22.56402068736338,22.83157869316482,22.51447185845873,22.663116455078125,1384600,0.0,0.0
2021-09-23 00:00:00-04:00,22.752301877450556,23.089226373030804,22.752301877450556,22.841487884521484,971200,0.0,0.0
2021-09-24 00:00:00-04:00,22.82166916913444,22.960402111347946,22.71266363448407,22.78203010559082,1169200,0.0,0.0
2021-09-27 00:00:00-04:00,22.851397340163548,23.188321831162643,22.851397340163548,23.069408416748047,1262000,0.0,0.0
2021-09-28 00:00:00-04:00,23.128864644912696,23.22796041493549,22.682934624857403,22.69284439086914,1387400,0.0,0.0
2021-09-29 00:00:00-04:00,22.762210002479918,23.079316832585643,22.633386829385824,22.96040153503418,709300,0.0,0.0
2021-09-30 00:00:00-04:00,23.267597260890327,23.44596926639798,22.92076301574707,22.92076301574707,1930700,0.0,0.0
2021-10-01 00:00:00-04:00,22.93067327428304,23.376603297632947,22.73248362286779,23.22796058654785,1505500,0.0,0.0
2021-10-04 00:00:00-04:00,23.267596911792296,23.733346450317587,23.267596911792296,23.356782913208008,1597600,0.0,0.0
2021-10-05 00:00:00-04:00,23.485609561705807,23.614432744610006,23.27750824766711,23.58470344543457,1914200,0.0,0.0
2021-10-06 00:00:00-04:00,23.624341911294668,23.862170628376806,23.39642296035278,23.832441329956055,1741400,0.0,0.0
2021-10-07 00:00:00-04:00,23.961265757623128,24.605385418722708,23.961265757623128,24.357646942138672,2597200,0.0,0.0
2021-10-08 00:00:00-04:00,24.436924272760713,24.486471214257254,24.218915084043413,24.34773826599121,945000,0.0,0.0
2021-10-11 00:00:00-04:00,24.427013977449604,24.536019514494956,24.159455962935354,24.248641967773438,1290300,0.0,0.0
2021-10-12 00:00:00-04:00,24.33782797261152,24.43692374355324,24.179275495142623,24.248641967773438,1568400,0.0,0.0
2021-10-13 00:00:00-04:00,24.189185607424363,24.19909537366982,23.63425192834141,23.951356887817383,1412000,0.0,0.0
2021-10-14 00:00:00-04:00,24.05045126416749,24.32791714255612,23.981084794570332,24.11981773376465,2779000,0.0,0.0
2021-10-15 00:00:00-04:00,24.446834020000857,24.635115799711166,24.357648013300956,24.417104721069336,1840700,0.0,0.0
2021-10-18 00:00:00-04:00,24.27837044735515,24.367556449185653,24.0603612707109,24.238731384277344,1320600,0.0,0.0
2021-10-19 00:00:00-04:00,24.417103344514757,24.526108877690305,24.33782710859469,24.516199111938477,771100,0.0,0.0
2021-10-20 00:00:00-04:00,24.516199322789607,24.97203910082134,24.476562149535955,24.84321403503418,923100,0.0,0.0
2021-10-21 00:00:00-04:00,24.833304866034243,24.922490870616652,24.446833439573552,24.595476150512695,1065700,0.0,0.0
2021-10-22 00:00:00-04:00,24.635115991801158,24.89276424759934,24.595476926250047,24.813488006591797,2746100,0.0,0.0
2021-10-25 00:00:00-04:00,24.833305649272678,24.91258189028022,24.635115991801158,24.813488006591797,1480500,0.0,0.0
2021-10-26 00:00:00-04:00,24.863033922705974,24.87294368868492,24.456742968042104,24.4765625,1522600,0.0,0.0
2021-10-27 00:00:00-04:00,24.45674366530336,24.50629060651608,23.723437972806078,23.743255615234375,1967400,0.0,0.0
2021-10-28 00:00:00-04:00,23.75316521274562,25.962993930894257,23.75316521274562,25.804441452026367,3139200,0.0,0.0
2021-10-29 00:00:00-04:00,25.784621957158397,26.05217997442272,25.526973706099568,25.59634017944336,4405500,0.0,0.0
2021-11-01 00:00:00-04:00,26.00263076147764,26.29000830693204,25.92335452309274,26.101726531982422,2306500,0.0,0.0
2021-11-02 00:00:00-04:00,26.19091234665974,26.19091234665974,25.655796323867904,25.705345153808594,2042800,0.0,0.0
2021-11-03 00:00:00-04:00,25.715254315374775,26.17109219954731,25.606248782161973,26.022449493408203,1496800,0.0,0.0
2021-11-04 00:00:00-04:00,26.062086491666985,26.062086491666985,25.17022837071501,25.417966842651367,1225200,0.0,0.0
2021-11-05 00:00:00-04:00,25.586429868292573,25.883717177841678,25.41796762657646,25.56661033630371,1479800,0.0,0.0
2021-11-08 00:00:00-05:00,25.764801650642255,25.84407788780968,25.338691167081887,25.37833023071289,1167500,0.0,0.0
2021-11-09 00:00:00-05:00,25.180138150955383,25.38823945035135,25.090952149799193,25.348600387573242,1065800,0.0,0.0
2021-11-10 00:00:00-05:00,25.417967711177543,25.50715371532966,25.071133460596485,25.219778060913086,1301500,0.0,0.0
2021-11-11 00:00:00-05:00,25.249504606130863,25.457605905406563,25.100861900987955,25.417966842651367,846400,0.0,0.0
2021-11-12 00:00:00-05:00,25.507154155535755,25.73507310781591,25.348601676550025,25.665706634521484,877800,0.0,0.0
2021-11-15 00:00:00-05:00,25.764801876003116,25.814348815880663,25.4972438644373,25.56661033630371,677200,0.0,0.0
2021-11-16 00:00:00-05:00,25.566610899120917,25.784621975608424,25.51706395815265,25.526973724365234,742500,0.0,0.0
2021-11-17 00:00:00-05:00,25.417967915035298,25.517063686009603,25.08104342777945,25.47742462158203,1107800,0.0,0.0
2021-11-18 00:00:00-05:00,25.40805791104529,25.51706344710592,25.1603194309763,25.358510971069336,819800,0.0,0.0
2021-11-19 00:00:00-05:00,25.180138707820493,25.32878141633657,24.96212952800322,25.239595413208008,896400,0.0,0.0
2021-11-22 00:00:00-05:00,25.299054753657206,25.784621957158397,25.140502274558642,25.59634017944336,1229000,0.0,0.0
2021-11-23 00:00:00-05:00,25.73507172838883,25.82425772929967,25.59633878923621,25.764801025390625,1091600,0.0,0.0
2021-11-24 00:00:00-05:00,25.7350728520973,25.7350728520973,25.556702732581723,25.616159439086914,772700,0.0,0.0
2021-11-26 00:00:00-05:00,24.892763937795053,25.11077312532888,24.585566853881218,24.902671813964844,1079600,0.0,0.0
2021-11-29 00:00:00-05:00,25.190049701139156,25.22968687663066,24.585567181612692,24.674753189086914,1190200,0.0,0.0
2021-11-30 00:00:00-05:00,24.466653431564836,24.466653431564836,23.703618440283126,23.743255615234375,3175000,0.0,0.0
2021-12-01 00:00:00-05:00,24.080179642905396,24.33782789044618,23.35678373063392,23.3666934967041,2076200,0.0,0.0
2021-12-02 00:00:00-05:00,23.55497458677508,24.28828024378926,23.505425757865268,24.099998474121094,1206100,0.0,0.0
2021-12-03 00:00:00-05:00,24.100000381469727,24.18000030517578,23.6299991607666,23.75,1289800,0.22,0.0
2021-12-06 00:00:00-05:00,24.06999969482422,24.59000015258789,24.06999969482422,24.360000610351562,1891200,0.0,0.0
2021-12-07 00:00:00-05:00,24.479999542236328,24.75,24.3700008392334,24.530000686645508,1369700,0.0,0.0
2021-12-08 00:00:00-05:00,24.56999969482422,24.729999542236328,24.420000076293945,24.59000015258789,981800,0.0,0.0
2021-12-09 00:00:00-05:00,24.40999984741211,24.610000610351562,24.34000015258789,24.389999389648438,892800,0.0,0.0
2021-12-10 00:00:00-05:00,24.56999969482422,24.799999237060547,24.389999389648438,24.719999313354492,1243200,0.0,0.0
2021-12-13 00:00:00-05:00,24.739999771118164,24.81999969482422,24.5,24.6200008392334,1338200,0.0,0.0
2021-12-14 00:00:00-05:00,24.639999389648438,24.979999542236328,24.5,24.670000076293945,1349600,0.0,0.0
2021-12-15 00:00:00-05:00,24.719999313354492,25.100000381469727,24.579999923706055,25.020000457763672,1336100,0.0,0.0
2021-12-16 00:00:00-05:00,25.049999237060547,25.260000228881836,24.75,24.809999465942383,1621000,0.0,0.0
2021-12-17 00:00:00-05:00,24.709999084472656,24.709999084472656,24.040000915527344,24.110000610351562,4567200,0.0,0.0
2021-12-20 00:00:00-05:00,23.780000686645508,23.889999389648438,23.0,23.239999771118164,1963000,0.0,0.0
2021-12-21 00:00:00-05:00,23.510000228881836,24.010000228881836,23.489999771118164,23.8700008392334,1185500,0.0,0.0
2021-12-22 00:00:00-05:00,23.790000915527344,24.0,23.639999389648438,23.940000534057617,1027700,0.0,0.0
2021-12-23 00:00:00-05:00,24.010000228881836,24.15999984741211,23.950000762939453,24.079999923706055,688900,0.0,0.0
2021-12-27 00:00:00-05:00,24.040000915527344,24.420000076293945,23.889999389648438,24.420000076293945,1144800,0.0,0.0
2021-12-28 00:00:00-05:00,24.350000381469727,24.68000030517578,24.350000381469727,24.5,1136300,0.0,0.0
2021-12-29 00:00:00-05:00,24.469999313354492,24.729999542236328,24.450000762939453,24.670000076293945,676900,0.0,0.0
2021-12-30 00:00:00-05:00,24.709999084472656,24.899999618530273,24.559999465942383,24.600000381469727,810900,0.0,0.0
2021-12-31 00:00:00-05:00,24.540000915527344,24.799999237060547,24.540000915527344,24.579999923706055,610600,0.0,0.0
2022-01-03 00:00:00-05:00,24.709999084472656,24.829999923706055,24.219999313354492,24.31999969482422,1407000,0.0,0.0
2022-01-04 00:00:00-05:00,24.540000915527344,24.979999542236328,24.530000686645508,24.829999923706055,1488500,0.0,0.0
2022-01-05 00:00:00-05:00,24.969999313354492,25.049999237060547,24.450000762939453,24.479999542236328,2097600,0.0,0.0
2022-01-06 00:00:00-05:00,24.790000915527344,25.040000915527344,24.68000030517578,24.93000030517578,1301600,0.0,0.0
2022-01-07 00:00:00-05:00,24.950000762939453,25.559999465942383,24.75,25.489999771118164,1375600,0.0,0.0
2022-01-10 00:00:00-05:00,25.68000030517578,25.75,25.190000534057617,25.450000762939453,1292300,0.0,0.0
2022-01-11 00:00:00-05:00,25.59000015258789,25.670000076293945,25.18000030517578,25.649999618530273,1359200,0.0,0.0
2022-01-12 00:00:00-05:00,25.700000762939453,25.790000915527344,25.3799991607666,25.56999969482422,921500,0.0,0.0
2022-01-13 00:00:00-05:00,25.6299991607666,25.969999313354492,25.610000610351562,25.780000686645508,991800,0.0,0.0
2022-01-14 00:00:00-05:00,25.719999313354492,26.06999969482422,25.559999465942383,26.06999969482422,1146900,0.0,0.0
2022-01-18 00:00:00-05:00,25.920000076293945,26.049999237060547,25.43000030517578,25.579999923706055,1311000,0.0,0.0
2022-01-19 00:00:00-05:00,25.670000076293945,25.670000076293945,24.93000030517578,24.950000762939453,1647000,0.0,0.0
2022-01-20 00:00:00-05:00,25.010000228881836,25.43000030517578,24.600000381469727,24.65999984741211,1376500,0.0,0.0
2022-01-21 00:00:00-05:00,24.510000228881836,24.729999542236328,24.209999084472656,24.25,1618600,0.0,0.0
2022-01-24 00:00:00-05:00,23.979999542236328,24.729999542236328,23.56999969482422,24.649999618530273,2594200,0.0,0.0
2022-01-25 00:00:00-05:00,24.43000030517578,25.079999923706055,24.0,24.8700008392334,1852100,0.0,0.0
2022-01-26 00:00:00-05:00,25.110000610351562,25.440000534057617,24.639999389648438,24.950000762939453,2383600,0.0,0.0
2022-01-27 00:00:00-05:00,25.1200008392334,26.260000228881836,25.040000915527344,25.209999084472656,1876500,0.0,0.0
2022-01-28 00:00:00-05:00,25.200000762939453,25.6299991607666,25.049999237060547,25.6200008392334,2229800,0.0,0.0
2022-01-31 00:00:00-05:00,25.360000610351562,25.639999389648438,25.229999542236328,25.6299991607666,3831900,0.0,0.0
2022-02-01 00:00:00-05:00,25.760000228881836,26.18000030517578,25.65999984741211,26.110000610351562,2143600,0.0,0.0
2022-02-02 00:00:00-05:00,26.020000457763672,26.239999771118164,25.93000030517578,26.1299991607666,1975400,0.0,0.0
2022-02-03 00:00:00-05:00,26.170000076293945,26.469999313354492,25.920000076293945,26.229999542236328,1626500,0.0,0.0
2022-02-04 00:00:00-05:00,26.190000534057617,26.559999465942383,26.049999237060547,26.239999771118164,1837000,0.0,0.0
2022-02-07 00:00:00-05:00,26.260000228881836,26.40999984741211,26.049999237060547,26.100000381469727,1302800,0.0,0.0
2022-02-08 00:00:00-05:00,26.079999923706055,26.729999542236328,26.059999465942383,26.59000015258789,1368600,0.0,0.0
2022-02-09 00:00:00-05:00,26.6200008392334,26.81999969482422,26.420000076293945,26.479999542236328,1063200,0.0,0.0
2022-02-10 00:00:00-05:00,26.459999084472656,26.780000686645508,26.139999389648438,26.260000228881836,1321100,0.0,0.0
2022-02-11 00:00:00-05:00,26.34000015258789,26.780000686645508,26.149999618530273,26.440000534057617,2093200,0.0,0.0
2022-02-14 00:00:00-05:00,26.40999984741211,26.739999771118164,26.049999237060547,26.290000915527344,1587400,0.0,0.0
2022-02-15 00:00:00-05:00,26.450000762939453,26.850000381469727,26.389999389648438,26.809999465942383,1535100,0.0,0.0
2022-02-16 00:00:00-05:00,26.68000030517578,27.190000534057617,26.68000030517578,26.90999984741211,1485100,0.0,0.0
2022-02-17 00:00:00-05:00,26.75,26.829999923706055,26.149999618530273,26.229999542236328,1704200,0.0,0.0
2022-02-18 00:00:00-05:00,26.100000381469727,26.489999771118164,26.059999465942383,26.309999465942383,3526500,0.0,0.0
2022-02-22 00:00:00-05:00,26.25,26.450000762939453,25.84000015258789,26.010000228881836,1793700,0.0,0.0
2022-02-23 00:00:00-05:00,26.190000534057617,26.34000015258789,25.860000610351562,25.889999389648438,2206000,0.0,0.0
2022-02-24 00:00:00-05:00,25.059999465942383,25.34000015258789,24.700000762939453,25.290000915527344,2840300,0.0,0.0
2022-02-25 00:00:00-05:00,25.469999313354492,26.579999923706055,25.469999313354492,26.489999771118164,2084400,0.0,0.0
2022-02-28 00:00:00-05:00,25.75,26.3799991607666,25.75,26.350000381469727,1938100,0.0,0.0
2022-03-01 00:00:00-05:00,26.110000610351562,26.25,25.520000457763672,25.729999542236328,2335000,0.0,0.0
2022-03-02 00:00:00-05:00,26.049999237060547,26.850000381469727,26.049999237060547,26.68000030517578,1806200,0.0,0.0
2022-03-03 00:00:00-05:00,26.709999084472656,26.93000030517578,26.59000015258789,26.790000915527344,1790600,0.0,0.0
2022-03-04 00:00:00-05:00,26.100000381469727,26.469999313354492,25.81999969482422,26.399999618530273,1691200,0.0,0.0
2022-03-07 00:00:00-05:00,26.139999389648438,26.139999389648438,25.459999084472656,25.469999313354492,1880100,0.0,0.0
2022-03-08 00:00:00-05:00,25.690000534057617,25.889999389648438,25.0,25.030000686645508,2928200,0.0,0.0
2022-03-09 00:00:00-05:00,25.700000762939453,25.959999084472656,25.469999313354492,25.6200008392334,4231800,0.0,0.0
2022-03-10 00:00:00-05:00,25.420000076293945,25.65999984741211,25.239999771118164,25.489999771118164,2721700,0.0,0.0
2022-03-11 00:00:00-05:00,25.760000228881836,26.049999237060547,25.600000381469727,25.709999084472656,2410800,0.0,0.0
2022-03-14 00:00:00-04:00,26.06999969482422,26.149999618530273,25.040000915527344,25.25,4352000,0.0,0.0
2022-03-15 00:00:00-04:00,25.350000381469727,25.579999923706055,25.229999542236328,25.56999969482422,3015600,0.0,0.0
2022-03-16 00:00:00-04:00,25.790000915527344,25.950000762939453,25.3799991607666,25.940000534057617,3005200,0.0,0.0
2022-03-17 00:00:00-04:00,25.81999969482422,26.040000915527344,25.719999313354492,25.860000610351562,2212800,0.0,0.0
2022-03-18 00:00:00-04:00,25.799999237060547,26.09000015258789,25.3700008392334,25.920000076293945,4216900,0.0,0.0
2022-03-21 00:00:00-04:00,26.0,26.530000686645508,25.969999313354492,26.309999465942383,1880800,0.0,0.0
2022-03-22 00:00:00-04:00,26.489999771118164,26.6299991607666,26.260000228881836,26.34000015258789,1789500,0.0,0.0
2022-03-23 00:00:00-04:00,26.34000015258789,26.3799991607666,25.8799991607666,25.90999984741211,1508500,0.0,0.0
2022-03-24 00:00:00-04:00,25.969999313354492,26.1299991607666,25.829999923706055,25.969999313354492,1184600,0.0,0.0
2022-03-25 00:00:00-04:00,25.979999542236328,26.360000610351562,25.90999984741211,26.290000915527344,1523700,0.0,0.0
2022-03-28 00:00:00-04:00,26.299999237060547,26.43000030517578,26.09000015258789,26.290000915527344,1134800,0.0,0.0
2022-03-29 00:00:00-04:00,26.479999542236328,26.59000015258789,26.170000076293945,26.3799991607666,1352500,0.0,0.0
2022-03-30 00:00:00-04:00,26.5,26.540000915527344,26.239999771118164,26.350000381469727,1661100,0.0,0.0
2022-03-31 00:00:00-04:00,26.309999465942383,26.6299991607666,25.8700008392334,25.8700008392334,1496800,0.0,0.0
2022-04-01 00:00:00-04:00,26.110000610351562,26.329999923706055,25.780000686645508,26.31999969482422,3386000,0.0,0.0
2022-04-04 00:00:00-04:00,26.15999984741211,26.15999984741211,25.030000686645508,25.139999389648438,3711300,0.0,0.0
2022-04-05 00:00:00-04:00,25.149999618530273,25.34000015258789,25.040000915527344,25.049999237060547,2086200,0.0,0.0
2022-04-06 00:00:00-04:00,25.030000686645508,25.219999313354492,24.809999465942383,24.84000015258789,2222900,0.0,0.0
2022-04-07 00:00:00-04:00,24.8799991607666,24.969999313354492,24.270000457763672,24.40999984741211,2164700,0.0,0.0
2022-04-08 00:00:00-04:00,24.34000015258789,24.489999771118164,23.440000534057617,24.1200008392334,4588300,0.0,0.0
2022-04-11 00:00:00-04:00,24.110000610351562,24.6299991607666,24.010000228881836,24.209999084472656,3112000,0.0,0.0
2022-04-12 00:00:00-04:00,24.389999389648438,24.469999313354492,24.030000686645508,24.170000076293945,2405000,0.0,0.0
2022-04-13 00:00:00-04:00,24.059999465942383,24.260000228881836,23.829999923706055,24.15999984741211,1537500,0.0,0.0
2022-04-14 00:00:00-04:00,24.149999618530273,24.239999771118164,23.950000762939453,24.010000228881836,1323500,0.0,0.0
2022-04-18 00:00:00-04:00,23.920000076293945,24.170000076293945,23.889999389648438,24.09000015258789,1361100,0.0,0.0
2022-04-19 00:00:00-04:00,24.18000030517578,24.43000030517578,24.09000015258789,24.3700008392334,1369000,0.0,0.0
2022-04-20 00:00:00-04:00,24.59000015258789,24.81999969482422,24.459999084472656,24.729999542236328,1626800,0.0,0.0
2022-04-21 00:00:00-04:00,24.940000534057617,25.0,24.350000381469727,24.399999618530273,1906400,0.0,0.0
2022-04-22 00:00:00-04:00,24.290000915527344,24.31999969482422,23.780000686645508,23.799999237060547,1773400,0.0,0.0
2022-04-25 00:00:00-04:00,23.75,24.049999237060547,23.309999465942383,24.010000228881836,2007500,0.0,0.0
2022-04-26 00:00:00-04:00,23.799999237060547,24.049999237060547,23.65999984741211,23.68000030517578,2038200,0.0,0.0
2022-04-27 00:00:00-04:00,23.700000762939453,23.989999771118164,23.6200008392334,23.8799991607666,2453400,0.0,0.0
2022-04-28 00:00:00-04:00,23.81999969482422,23.81999969482422,22.75,23.06999969482422,2990700,0.0,0.0
2022-04-29 00:00:00-04:00,22.5,22.59000015258789,21.940000534057617,22.010000228881836,6672900,0.0,0.0
2022-05-02 00:00:00-04:00,22.15999984741211,22.3700008392334,21.5,21.84000015258789,3052700,0.0,0.0
2022-05-03 00:00:00-04:00,22.09000015258789,22.799999237060547,22.0,22.540000915527344,2614600,0.0,0.0
2022-05-04 00:00:00-04:00,22.5,23.510000228881836,22.479999542236328,23.489999771118164,2570700,0.0,0.0
2022-05-05 00:00:00-04:00,23.270000457763672,23.389999389648438,22.520000457763672,22.729999542236328,2240600,0.0,0.0
2022-05-06 00:00:00-04:00,22.65999984741211,22.809999465942383,22.399999618530273,22.670000076293945,1801700,0.0,0.0
2022-05-09 00:00:00-04:00,22.440000534057617,22.84000015258789,22.350000381469727,22.56999969482422,2201200,0.0,0.0
2022-05-10 00:00:00-04:00,22.579999923706055,22.68000030517578,21.959999084472656,22.239999771118164,3178400,0.0,0.0
2022-05-11 00:00:00-04:00,22.239999771118164,22.520000457763672,22.010000228881836,22.020000457763672,2855800,0.0,0.0
2022-05-12 00:00:00-04:00,22.0,22.399999618530273,21.8700008392334,22.389999389648438,1968300,0.0,0.0
2022-05-13 00:00:00-04:00,22.600000381469727,22.75,22.3799991607666,22.700000762939453,1512000,0.0,0.0
2022-05-16 00:00:00-04:00,22.75,22.920000076293945,22.459999084472656,22.75,1194300,0.0,0.0
2022-05-17 00:00:00-04:00,23.049999237060547,23.549999237060547,23.040000915527344,23.530000686645508,1606600,0.0,0.0
2022-05-18 00:00:00-04:00,23.350000381469727,23.459999084472656,22.850000381469727,22.889999389648438,1697000,0.0,0.0
2022-05-19 00:00:00-04:00,22.690000534057617,22.90999984741211,22.3799991607666,22.65999984741211,1902500,0.0,0.0
2022-05-20 00:00:00-04:00,22.760000228881836,22.8700008392334,22.079999923706055,22.530000686645508,1841100,0.0,0.0
2022-05-23 00:00:00-04:00,22.899999618530273,23.079999923706055,22.579999923706055,22.920000076293945,2112500,0.0,0.0
2022-05-24 00:00:00-04:00,22.969999313354492,23.010000228881836,22.3700008392334,22.940000534057617,1411000,0.0,0.0
2022-05-25 00:00:00-04:00,22.8799991607666,23.3700008392334,22.81999969482422,23.290000915527344,1319900,0.0,0.0
2022-05-26 00:00:00-04:00,23.489999771118164,23.639999389648438,23.3799991607666,23.399999618530273,1800200,0.0,0.0
2022-05-27 00:00:00-04:00,23.469999313354492,23.700000762939453,23.399999618530273,23.700000762939453,1510400,0.0,0.0
2022-05-31 00:00:00-04:00,23.719999313354492,23.979999542236328,23.389999389648438,23.920000076293945,2143500,0.0,0.0
2022-06-01 00:00:00-04:00,23.950000762939453,23.989999771118164,23.239999771118164,23.6200008392334,1450600,0.0,0.0
2022-06-02 00:00:00-04:00,23.469999313354492,23.6200008392334,23.15999984741211,23.600000381469727,1715100,0.0,0.0
2022-06-03 00:00:00-04:00,23.520000457763672,23.56999969482422,23.260000228881836,23.329999923706055,1131400,0.0,0.0
2022-06-06 00:00:00-04:00,23.56999969482422,23.75,23.389999389648438,23.600000381469727,1064400,0.0,0.0
2022-06-07 00:00:00-04:00,23.510000228881836,23.809999465942383,23.399999618530273,23.799999237060547,1324500,0.0,0.0
2022-06-08 00:00:00-04:00,23.579999923706055,23.719999313354492,23.389999389648438,23.530000686645508,2029100,0.0,0.0
2022-06-09 00:00:00-04:00,23.440000534057617,23.549999237060547,23.15999984741211,23.170000076293945,1658600,0.0,0.0
2022-06-10 00:00:00-04:00,22.75,22.860000610351562,22.5,22.579999923706055,1820300,0.0,0.0
2022-06-13 00:00:00-04:00,22.299999237060547,22.540000915527344,22.020000457763672,22.1299991607666,2248600,0.0,0.0
2022-06-14 00:00:00-04:00,22.1299991607666,22.40999984741211,21.950000762939453,22.1200008392334,1681900,0.0,0.0
2022-06-15 00:00:00-04:00,22.280000686645508,22.350000381469727,21.690000534057617,21.899999618530273,2577400,0.0,0.0
2022-06-16 00:00:00-04:00,21.510000228881836,21.709999084472656,21.049999237060547,21.270000457763672,2679500,0.0,0.0
2022-06-17 00:00:00-04:00,21.31999969482422,21.459999084472656,20.93000030517578,21.040000915527344,5163300,0.0,0.0
2022-06-21 00:00:00-04:00,21.399999618530273,21.549999237060547,21.1200008392334,21.43000030517578,1507700,0.0,0.0
2022-06-22 00:00:00-04:00,21.209999084472656,21.56999969482422,21.209999084472656,21.3700008392334,1522800,0.0,0.0
2022-06-23 00:00:00-04:00,21.389999389648438,21.530000686645508,21.059999465942383,21.270000457763672,1914500,0.0,0.0
2022-06-24 00:00:00-04:00,21.479999542236328,22.469999313354492,21.450000762939453,22.360000610351562,3467300,0.0,0.0
2022-06-27 00:00:00-04:00,22.389999389648438,22.56999969482422,22.239999771118164,22.329999923706055,1276700,0.0,0.0
2022-06-28 00:00:00-04:00,22.530000686645508,22.700000762939453,22.1200008392334,22.149999618530273,1265300,0.0,0.0
2022-06-29 00:00:00-04:00,22.209999084472656,22.25,21.989999771118164,22.1200008392334,1340400,0.0,0.0
2022-06-30 00:00:00-04:00,21.90999984741211,22.440000534057617,21.739999771118164,22.360000610351562,1516200,0.0,0.0
2022-07-01 00:00:00-04:00,22.309999465942383,22.6299991607666,22.030000686645508,22.6200008392334,1695200,0.0,0.0
2022-07-05 00:00:00-04:00,22.299999237060547,22.350000381469727,21.84000015258789,22.329999923706055,2060500,0.0,0.0
2022-07-06 00:00:00-04:00,22.350000381469727,22.81999969482422,22.25,22.579999923706055,2254300,0.0,0.0
2022-07-07 00:00:00-04:00,22.729999542236328,22.940000534057617,22.670000076293945,22.700000762939453,1731400,0.0,0.0
2022-07-08 00:00:00-04:00,22.850000381469727,22.889999389648438,22.3700008392334,22.389999389648438,1090800,0.0,0.0
2022-07-11 00:00:00-04:00,22.299999237060547,22.6200008392334,22.299999237060547,22.440000534057617,1517400,0.0,0.0
2022-07-12 00:00:00-04:00,22.420000076293945,22.850000381469727,22.31999969482422,22.469999313354492,1606900,0.0,0.0
2022-07-13 00:00:00-04:00,22.350000381469727,22.440000534057617,22.100000381469727,22.309999465942383,1414700,0.0,0.0
2022-07-14 00:00:00-04:00,22.100000381469727,22.100000381469727,21.579999923706055,21.75,1276700,0.0,0.0
2022-07-15 00:00:00-04:00,21.93000030517578,22.1200008392334,21.780000686645508,21.860000610351562,1491500,0.0,0.0
2022-07-18 00:00:00-04:00,21.90999984741211,22.110000610351562,21.780000686645508,21.959999084472656,1874900,0.0,0.0
2022-07-19 00:00:00-04:00,22.25,22.549999237060547,22.190000534057617,22.399999618530273,1605600,0.0,0.0
2022-07-20 00:00:00-04:00,22.399999618530273,22.510000228881836,22.149999618530273,22.43000030517578,1122300,0.0,0.0
2022-07-21 00:00:00-04:00,22.309999465942383,22.3700008392334,22.040000915527344,22.350000381469727,1174300,0.0,0.0
2022-07-22 00:00:00-04:00,22.360000610351562,22.6200008392334,22.280000686645508,22.43000030517578,968400,0.0,0.0
2022-07-25 00:00:00-04:00,22.579999923706055,22.959999084472656,22.5,22.709999084472656,1381300,0.0,0.0
2022-07-26 00:00:00-04:00,22.6299991607666,22.829999923706055,22.610000610351562,22.780000686645508,879200,0.0,0.0
2022-07-27 00:00:00-04:00,22.799999237060547,22.940000534057617,22.56999969482422,22.809999465942383,1299300,0.0,0.0
2022-07-28 00:00:00-04:00,22.770000457763672,22.989999771118164,22.56999969482422,22.899999618530273,1819200,0.0,0.0
2022-07-29 00:00:00-04:00,23.1200008392334,23.40999984741211,23.079999923706055,23.270000457763672,3488700,0.0,0.0
2022-08-01 00:00:00-04:00,23.18000030517578,23.280000686645508,22.850000381469727,23.09000015258789,1662500,0.0,0.0
2022-08-02 00:00:00-04:00,23.1200008392334,23.149999618530273,22.760000228881836,22.84000015258789,1888100,0.0,0.0
2022-08-03 00:00:00-04:00,22.850000381469727,22.989999771118164,22.360000610351562,22.479999542236328,1439200,0.0,0.0
2022-08-04 00:00:00-04:00,22.5,22.6299991607666,22.350000381469727,22.399999618530273,1608300,0.0,0.0
2022-08-05 00:00:00-04:00,22.389999389648438,22.68000030517578,22.329999923706055,22.559999465942383,1250200,0.0,0.0
2022-08-08 00:00:00-04:00,22.6299991607666,22.770000457763672,22.469999313354492,22.469999313354492,1130800,0.0,0.0
2022-08-09 00:00:00-04:00,22.549999237060547,22.739999771118164,22.530000686645508,22.639999389648438,923000,0.0,0.0
2022-08-10 00:00:00-04:00,22.8700008392334,23.149999618530273,22.850000381469727,23.100000381469727,1441500,0.0,0.0
2022-08-11 00:00:00-04:00,23.260000228881836,23.459999084472656,23.219999313354492,23.280000686645508,897300,0.0,0.0
2022-08-12 00:00:00-04:00,23.34000015258789,23.65999984741211,23.34000015258789,23.65999984741211,783900,0.0,0.0
2022-08-15 00:00:00-04:00,23.520000457763672,23.799999237060547,23.34000015258789,23.65999984741211,877000,0.0,0.0
2022-08-16 00:00:00-04:00,23.579999923706055,23.729999542236328,23.540000915527344,23.700000762939453,1327400,0.0,0.0
2022-08-17 00:00:00-04:00,23.540000915527344,23.65999984741211,23.43000030517578,23.530000686645508,1054200,0.0,0.0
2022-08-18 00:00:00-04:00,23.520000457763672,23.790000915527344,23.510000228881836,23.770000457763672,1017700,0.0,0.0
2022-08-19 00:00:00-04:00,24.0,24.780000686645508,23.940000534057617,24.610000610351562,3028700,0.0,0.0
2022-08-22 00:00:00-04:00,24.399999618530273,24.450000762939453,23.989999771118164,24.09000015258789,2394200,0.0,0.0
2022-08-23 00:00:00-04:00,24.170000076293945,24.350000381469727,24.0,24.239999771118164,1681700,0.0,0.0
2022-08-24 00:00:00-04:00,24.25,24.270000457763672,23.75,24.1200008392334,1576800,0.0,0.0
2022-08-25 00:00:00-04:00,24.149999618530273,24.43000030517578,24.040000915527344,24.309999465942383,1032700,0.0,0.0
2022-08-26 00:00:00-04:00,24.360000610351562,24.399999618530273,24.020000457763672,24.020000457763672,1208900,0.0,0.0
2022-08-29 00:00:00-04:00,23.899999618530273,24.079999923706055,23.600000381469727,23.739999771118164,1754800,0.0,0.0
2022-08-30 00:00:00-04:00,23.68000030517578,23.690000534057617,23.200000762939453,23.229999542236328,1931800,0.0,0.0
2022-08-31 00:00:00-04:00,22.149999618530273,22.200000762939453,21.799999237060547,21.84000015258789,1807100,0.0,0.0
2022-09-01 00:00:00-04:00,21.739999771118164,22.059999465942383,21.6200008392334,22.0,1591900,0.0,0.0
2022-09-02 00:00:00-04:00,22.190000534057617,22.440000534057617,21.8799991607666,21.969999313354492,1782100,0.0,0.0
2022-09-06 00:00:00-04:00,22.059999465942383,22.1299991607666,21.59000015258789,21.729999542236328,1762800,0.0,0.0
2022-09-07 00:00:00-04:00,21.600000381469727,22.059999465942383,21.549999237060547,22.049999237060547,1346000,0.0,0.0
2022-09-08 00:00:00-04:00,21.950000762939453,22.239999771118164,21.809999465942383,22.200000762939453,1371900,0.0,0.0
2022-09-09 00:00:00-04:00,22.229999542236328,22.510000228881836,22.209999084472656,22.440000534057617,1180700,0.0,0.0
2022-09-12 00:00:00-04:00,22.489999771118164,22.760000228881836,22.43000030517578,22.479999542236328,1989200,0.0,0.0
2022-09-13 00:00:00-04:00,22.219999313354492,22.440000534057617,21.84000015258789,21.889999389648438,1515000,0.0,0.0
2022-09-14 00:00:00-04:00,21.959999084472656,21.959999084472656,21.100000381469727,21.270000457763672,2488800,0.0,0.0
2022-09-15 00:00:00-04:00,21.600000381469727,22.18000030517578,21.34000015258789,22.010000228881836,3579500,0.0,0.0
2022-09-16 00:00:00-04:00,21.8700008392334,22.209999084472656,21.709999084472656,21.829999923706055,5800000,0.0,0.0
2022-09-19 00:00:00-04:00,21.65999984741211,22.260000228881836,21.579999923706055,22.200000762939453,1468700,0.0,0.0
2022-09-20 00:00:00-04:00,22.010000228881836,22.079999923706055,21.729999542236328,21.969999313354492,1541800,0.0,0.0
2022-09-21 00:00:00-04:00,22.06999969482422,22.18000030517578,21.559999465942383,21.559999465942383,1352500,0.0,0.0
2022-09-22 00:00:00-04:00,21.639999389648438,21.700000762939453,21.139999389648438,21.15999984741211,1436200,0.0,0.0
2022-09-23 00:00:00-04:00,21.0,21.040000915527344,20.709999084472656,20.969999313354492,1822900,0.0,0.0
2022-09-26 00:00:00-04:00,20.799999237060547,20.940000534057617,20.270000457763672,20.420000076293945,2130800,0.0,0.0
2022-09-27 00:00:00-04:00,20.579999923706055,20.799999237060547,20.329999923706055,20.600000381469727,2228500,0.0,0.0
2022-09-28 00:00:00-04:00,20.670000076293945,21.18000030517578,20.610000610351562,21.020000457763672,1726900,0.0,0.0
2022-09-29 00:00:00-04:00,20.889999389648438,21.170000076293945,20.709999084472656,21.079999923706055,1714500,0.0,0.0
2022-09-30 00:00:00-04:00,21.0,21.350000381469727,20.899999618530273,20.93000030517578,1937700,0.0,0.0
2022-10-03 00:00:00-04:00,21.09000015258789,21.510000228881836,20.75,21.399999618530273,1654100,0.0,0.0
2022-10-04 00:00:00-04:00,21.600000381469727,22.5,21.59000015258789,22.5,2281800,0.0,0.0
2022-10-05 00:00:00-04:00,22.25,22.510000228881836,22.139999389648438,22.190000534057617,1735400,0.0,0.0
2022-10-06 00:00:00-04:00,22.020000457763672,22.200000762939453,21.959999084472656,22.040000915527344,1703300,0.0,0.0
2022-10-07 00:00:00-04:00,21.959999084472656,21.979999542236328,21.65999984741211,21.75,1401400,0.0,0.0
2022-10-10 00:00:00-04:00,21.860000610351562,22.239999771118164,21.84000015258789,22.100000381469727,1581700,0.0,0.0
2022-10-11 00:00:00-04:00,22.010000228881836,22.709999084472656,22.010000228881836,22.360000610351562,1709500,0.0,0.0
2022-10-12 00:00:00-04:00,22.399999618530273,22.469999313354492,22.100000381469727,22.110000610351562,1687800,0.0,0.0
2022-10-13 00:00:00-04:00,21.790000915527344,23.299999237060547,21.700000762939453,23.06999969482422,2344100,0.0,0.0
2022-10-14 00:00:00-04:00,23.149999618530273,23.290000915527344,22.719999313354492,22.739999771118164,1716000,0.0,0.0
2022-10-17 00:00:00-04:00,23.040000915527344,23.18000030517578,22.809999465942383,22.8799991607666,2132600,0.0,0.0
2022-10-18 00:00:00-04:00,23.209999084472656,23.420000076293945,23.059999465942383,23.280000686645508,2178300,0.0,0.0
2022-10-19 00:00:00-04:00,23.229999542236328,23.450000762939453,22.530000686645508,22.809999465942383,2886200,0.0,0.0
2022-10-20 00:00:00-04:00,22.670000076293945,22.93000030517578,22.239999771118164,22.309999465942383,2494200,0.0,0.0
2022-10-21 00:00:00-04:00,22.40999984741211,22.950000762939453,22.290000915527344,22.889999389648438,2169700,0.0,0.0
2022-10-24 00:00:00-04:00,22.940000534057617,23.290000915527344,22.940000534057617,23.049999237060547,2200600,0.0,0.0
2022-10-25 00:00:00-04:00,22.799999237060547,23.290000915527344,22.65999984741211,23.209999084472656,2288500,0.0,0.0
2022-10-26 00:00:00-04:00,23.31999969482422,23.5,22.84000015258789,22.940000534057617,3161800,0.0,0.0
2022-10-27 00:00:00-04:00,23.1299991607666,23.440000534057617,22.940000534057617,23.06999969482422,2808100,0.0,0.0
2022-10-28 00:00:00-04:00,23.270000457763672,23.510000228881836,23.1299991607666,23.450000762939453,2573600,0.0,0.0
2022-10-31 00:00:00-04:00,23.31999969482422,23.360000610351562,23.059999465942383,23.209999084472656,4333300,0.0,0.0
2022-11-01 00:00:00-04:00,23.3700008392334,23.469999313354492,23.149999618530273,23.290000915527344,1362300,0.0,0.0
2022-11-02 00:00:00-04:00,23.229999542236328,23.639999389648438,23.170000076293945,23.280000686645508,1509900,0.0,0.0
2022-11-03 00:00:00-04:00,22.90999984741211,23.170000076293945,22.700000762939453,22.969999313354492,1331400,0.0,0.0
2022-11-04 00:00:00-04:00,23.15999984741211,23.520000457763672,22.979999542236328,23.149999618530273,1617500,0.0,0.0
2022-11-07 00:00:00-05:00,23.270000457763672,23.34000015258789,22.920000076293945,23.170000076293945,1623400,0.0,0.0
2022-11-08 00:00:00-05:00,23.170000076293945,23.530000686645508,23.09000015258789,23.389999389648438,1221000,0.0,0.0
2022-11-09 00:00:00-05:00,23.299999237060547,23.420000076293945,22.959999084472656,22.969999313354492,1240900,0.0,0.0
2022-11-10 00:00:00-05:00,23.5,23.90999984741211,23.3799991607666,23.90999984741211,1928400,0.0,0.0
2022-11-11 00:00:00-05:00,23.979999542236328,24.09000015258789,23.610000610351562,23.75,1393600,0.0,0.0
2022-11-14 00:00:00-05:00,23.780000686645508,23.899999618530273,23.459999084472656,23.479999542236328,1438300,0.0,0.0
2022-11-15 00:00:00-05:00,23.610000610351562,23.780000686645508,23.43000030517578,23.700000762939453,1346400,0.0,0.0
2022-11-16 00:00:00-05:00,23.68000030517578,23.84000015258789,23.600000381469727,23.770000457763672,1198300,0.0,0.0
2022-11-17 00:00:00-05:00,23.59000015258789,23.920000076293945,23.59000015258789,23.899999618530273,1336100,0.0,0.0
2022-11-18 00:00:00-05:00,24.1200008392334,24.239999771118164,23.639999389648438,23.760000228881836,1331400,0.0,0.0
2022-11-21 00:00:00-05:00,23.799999237060547,23.969999313354492,23.690000534057617,23.860000610351562,935400,0.0,0.0
2022-11-22 00:00:00-05:00,23.979999542236328,24.190000534057617,23.93000030517578,24.139999389648438,1204500,0.0,0.0
2022-11-23 00:00:00-05:00,24.09000015258789,24.239999771118164,24.06999969482422,24.15999984741211,875600,0.0,0.0
2022-11-25 00:00:00-05:00,24.260000228881836,24.469999313354492,24.190000534057617,24.440000534057617,404900,0.0,0.0
2022-11-28 00:00:00-05:00,24.34000015258789,24.399999618530273,24.020000457763672,24.170000076293945,1279200,0.0,0.0
2022-11-29 00:00:00-05:00,24.110000610351562,24.459999084472656,24.0,24.40999984741211,1112700,0.0,0.0
2022-11-30 00:00:00-05:00,24.190000534057617,24.5,23.700000762939453,24.5,1767000,0.0,0.0
2022-12-01 00:00:00-05:00,24.559999465942383,24.65999984741211,24.260000228881836,24.420000076293945,1440600,0.0,0.0
2022-12-02 00:00:00-05:00,24.059999465942383,24.299999237060547,24.059999465942383,24.190000534057617,877800,0.0,0.0
2022-12-05 00:00:00-05:00,24.020000457763672,24.030000686645508,23.639999389648438,23.770000457763672,923100,0.0,0.0
2022-12-06 00:00:00-05:00,23.760000228881836,23.899999618530273,23.600000381469727,23.889999389648438,1646600,0.0,0.0
2022-12-07 00:00:00-05:00,23.760000228881836,24.100000381469727,23.719999313354492,23.959999084472656,1205900,0.0,0.0
2022-12-08 00:00:00-05:00,24.010000228881836,24.209999084472656,23.860000610351562,24.049999237060547,1061700,0.0,0.0
2022-12-09 00:00:00-05:00,23.93000030517578,24.110000610351562,23.8700008392334,23.989999771118164,1326100,0.0,0.0
2022-12-12 00:00:00-05:00,23.8799991607666,24.06999969482422,23.639999389648438,24.030000686645508,1127500,0.0,0.0
2022-12-13 00:00:00-05:00,24.399999618530273,24.530000686645508,23.90999984741211,23.959999084472656,1867600,0.0,0.0
2022-12-14 00:00:00-05:00,24.049999237060547,24.229999542236328,23.899999618530273,24.0,1691900,0.0,0.0
2022-12-15 00:00:00-05:00,23.700000762939453,23.850000381469727,23.56999969482422,23.670000076293945,1718500,0.0,0.0
2022-12-16 00:00:00-05:00,23.450000762939453,23.729999542236328,23.299999237060547,23.559999465942383,4345900,0.0,0.0
2022-12-19 00:00:00-05:00,23.610000610351562,23.84000015258789,23.459999084472656,23.59000015258789,1213300,0.0,0.0
2022-12-20 00:00:00-05:00,23.68000030517578,23.940000534057617,23.510000228881836,23.709999084472656,1110400,0.0,0.0
2022-12-21 00:00:00-05:00,23.90999984741211,24.280000686645508,23.8799991607666,24.079999923706055,2020400,0.0,0.0
2022-12-22 00:00:00-05:00,23.979999542236328,24.100000381469727,23.690000534057617,24.059999465942383,966100,0.0,0.0
2022-12-23 00:00:00-05:00,24.020000457763672,24.290000915527344,23.969999313354492,24.25,625200,0.0,0.0
2022-12-27 00:00:00-05:00,24.229999542236328,24.3799991607666,24.149999618530273,24.239999771118164,725600,0.0,0.0
2022-12-28 00:00:00-05:00,24.260000228881836,24.3700008392334,23.969999313354492,24.010000228881836,994300,0.0,0.0
2022-12-29 00:00:00-05:00,24.110000610351562,24.31999969482422,24.010000228881836,24.260000228881836,824200,0.0,0.0
2022-12-30 00:00:00-05:00,24.149999618530273,24.219999313354492,24.0,24.149999618530273,1155400,0.0,0.0
2023-01-03 00:00:00-05:00,24.18000030517578,24.360000610351562,23.989999771118164,24.170000076293945,981100,0.0,0.0
2023-01-04 00:00:00-05:00,24.299999237060547,24.420000076293945,24.06999969482422,24.18000030517578,1913700,0.0,0.0
2023-01-05 00:00:00-05:00,24.110000610351562,24.229999542236328,24.010000228881836,24.110000610351562,1114100,0.0,0.0
2023-01-06 00:00:00-05:00,24.200000762939453,25.040000915527344,24.18000030517578,25.040000915527344,1504300,0.0,0.0
2023-01-09 00:00:00-05:00,24.889999389648438,24.989999771118164,24.239999771118164,24.239999771118164,1158200,0.0,0.0
2023-01-10 00:00:00-05:00,24.290000915527344,24.350000381469727,24.100000381469727,24.190000534057617,1077600,0.0,0.0
2023-01-11 00:00:00-05:00,24.149999618530273,24.40999984741211,24.139999389648438,24.299999237060547,952800,0.0,0.0
2023-01-12 00:00:00-05:00,24.309999465942383,24.43000030517578,24.18000030517578,24.239999771118164,857000,0.0,0.0
2023-01-13 00:00:00-05:00,24.040000915527344,24.450000762939453,23.899999618530273,24.399999618530273,900500,0.0,0.0
2023-01-17 00:00:00-05:00,24.450000762939453,24.5,23.969999313354492,24.139999389648438,1227300,0.0,0.0
2023-01-18 00:00:00-05:00,24.09000015258789,24.219999313354492,23.670000076293945,23.75,1245500,0.0,0.0
2023-01-19 00:00:00-05:00,23.65999984741211,23.709999084472656,23.469999313354492,23.65999984741211,991400,0.0,0.0
2023-01-20 00:00:00-05:00,23.729999542236328,23.940000534057617,23.540000915527344,23.940000534057617,1017900,0.0,0.0
2023-01-23 00:00:00-05:00,24.010000228881836,24.079999923706055,23.799999237060547,24.030000686645508,1218300,0.0,0.0
2023-01-24 00:00:00-05:00,24.239999771118164,24.43000030517578,23.950000762939453,24.309999465942383,1324100,0.0,0.0
2023-01-25 00:00:00-05:00,24.270000457763672,24.739999771118164,24.239999771118164,24.700000762939453,1967200,0.0,0.0
2023-01-26 00:00:00-05:00,25.0,26.690000534057617,24.8799991607666,26.56999969482422,3276200,0.0,0.0
2023-01-27 00:00:00-05:00,26.5,26.510000228881836,25.81999969482422,25.969999313354492,2372900,0.0,0.0
2023-01-30 00:00:00-05:00,26.0,26.40999984741211,25.899999618530273,26.020000457763672,2167000,0.0,0.0
2023-01-31 00:00:00-05:00,26.1200008392334,26.469999313354492,25.850000381469727,26.389999389648438,3669200,0.0,0.0
2023-02-01 00:00:00-05:00,26.190000534057617,26.420000076293945,25.940000534057617,26.299999237060547,1919700,0.0,0.0
2023-02-02 00:00:00-05:00,26.270000457763672,26.43000030517578,26.040000915527344,26.399999618530273,1958600,0.0,0.0
2023-02-03 00:00:00-05:00,26.329999923706055,26.43000030517578,26.1200008392334,26.280000686645508,2462200,0.0,0.0
2023-02-06 00:00:00-05:00,26.200000762939453,26.389999389648438,26.030000686645508,26.34000015258789,1589100,0.0,0.0
2023-02-07 00:00:00-05:00,26.200000762939453,26.690000534057617,26.1299991607666,26.649999618530273,1594900,0.0,0.0
2023-02-08 00:00:00-05:00,26.5,26.700000762939453,26.329999923706055,26.360000610351562,1187900,0.0,0.0
2023-02-09 00:00:00-05:00,26.420000076293945,26.540000915527344,25.979999542236328,26.030000686645508,1130300,0.0,0.0
2023-02-10 00:00:00-05:00,26.020000457763672,26.40999984741211,25.969999313354492,26.350000381469727,1426300,0.0,0.0
2023-02-13 00:00:00-05:00,26.31999969482422,26.719999313354492,26.31999969482422,26.700000762939453,931100,0.0,0.0
2023-02-14 00:00:00-05:00,26.59000015258789,26.59000015258789,26.290000915527344,26.3799991607666,1130300,0.0,0.0
2023-02-15 00:00:00-05:00,26.299999237060547,26.510000228881836,26.290000915527344,26.469999313354492,823300,0.0,0.0
2023-02-16 00:00:00-05:00,26.260000228881836,26.649999618530273,26.149999618530273,26.360000610351562,918000,0.0,0.0
2023-02-17 00:00:00-05:00,26.360000610351562,26.520000457763672,26.270000457763672,26.510000228881836,2218300,0.0,0.0
2023-02-21 00:00:00-05:00,26.3700008392334,26.489999771118164,26.09000015258789,26.219999313354492,1107200,0.0,0.0
2023-02-22 00:00:00-05:00,26.219999313354492,26.459999084472656,26.15999984741211,26.270000457763672,1157400,0.0,0.0
2023-02-23 00:00:00-05:00,26.43000030517578,26.530000686645508,26.15999984741211,26.280000686645508,1188400,0.0,0.0
2023-02-24 00:00:00-05:00,26.110000610351562,26.40999984741211,26.059999465942383,26.389999389648438,889500,0.0,0.0
2023-02-27 00:00:00-05:00,26.450000762939453,26.639999389648438,26.290000915527344,26.309999465942383,1026800,0.0,0.0
2023-02-28 00:00:00-05:00,26.3799991607666,26.670000076293945,26.3700008392334,26.3700008392334,2165100,0.0,0.0
2023-03-01 00:00:00-05:00,26.239999771118164,26.43000030517578,25.979999542236328,26.239999771118164,1311100,0.0,0.0
2023-03-02 00:00:00-05:00,26.079999923706055,26.229999542236328,25.950000762939453,26.170000076293945,1396500,0.0,0.0
2023-03-03 00:00:00-05:00,26.040000915527344,26.110000610351562,25.799999237060547,25.989999771118164,1362100,0.0,0.0
2023-03-06 00:00:00-05:00,26.0,26.209999084472656,25.68000030517578,25.75,2354000,0.0,0.0
2023-03-07 00:00:00-05:00,25.770000457763672,25.889999389648438,25.3700008392334,25.469999313354492,1464600,0.0,0.0
2023-03-08 00:00:00-05:00,25.540000915527344,25.59000015258789,25.1200008392334,25.229999542236328,1236400,0.0,0.0
2023-03-09 00:00:00-05:00,25.239999771118164,25.350000381469727,24.670000076293945,24.690000534057617,1132100,0.0,0.0
2023-03-10 00:00:00-05:00,24.520000457763672,24.700000762939453,24.09000015258789,24.239999771118164,1626300,0.0,0.0
2023-03-13 00:00:00-04:00,23.729999542236328,24.190000534057617,23.540000915527344,23.899999618530273,2285000,0.0,0.0
2023-03-14 00:00:00-04:00,24.3700008392334,24.75,24.290000915527344,24.700000762939453,2520800,0.0,0.0
2023-03-15 00:00:00-04:00,24.079999923706055,24.309999465942383,23.6200008392334,24.010000228881836,2875000,0.0,0.0
2023-03-16 00:00:00-04:00,23.739999771118164,24.670000076293945,23.610000610351562,24.309999465942383,1963500,0.0,0.0
2023-03-17 00:00:00-04:00,24.18000030517578,24.18000030517578,23.309999465942383,23.43000030517578,7038800,0.0,0.0
2023-03-20 00:00:00-04:00,23.65999984741211,24.360000610351562,23.540000915527344,24.309999465942383,2090800,0.0,0.0
2023-03-21 00:00:00-04:00,24.75,24.850000381469727,24.389999389648438,24.43000030517578,1701900,0.0,0.0
2023-03-22 00:00:00-04:00,24.43000030517578,24.56999969482422,23.899999618530273,23.899999618530273,1639900,0.0,0.0
2023-03-23 00:00:00-04:00,23.90999984741211,24.100000381469727,23.6299991607666,23.719999313354492,1613900,0.0,0.0
2023-03-24 00:00:00-04:00,23.479999542236328,24.049999237060547,23.469999313354492,24.010000228881836,1507400,0.0,0.0
2023-03-27 00:00:00-04:00,24.360000610351562,24.75,24.219999313354492,24.290000915527344,2201500,0.0,0.0
2023-03-28 00:00:00-04:00,24.18000030517578,24.459999084472656,24.149999618530273,24.399999618530273,950000,0.0,0.0
2023-03-29 00:00:00-04:00,24.65999984741211,24.700000762939453,24.510000228881836,24.559999465942383,1317800,0.0,0.0
2023-03-30 00:00:00-04:00,24.65999984741211,24.790000915527344,24.549999237060547,24.639999389648438,840700,0.0,0.0
2023-03-31 00:00:00-04:00,24.770000457763672,25.0,24.719999313354492,24.969999313354492,1302600,0.0,0.0
2023-04-03 00:00:00-04:00,24.989999771118164,25.110000610351562,24.809999465942383,24.940000534057617,1165600,0.0,0.0
2023-04-04 00:00:00-04:00,24.920000076293945,24.959999084472656,24.360000610351562,24.59000015258789,1134800,0.0,0.0
2023-04-05 00:00:00-04:00,24.440000534057617,24.760000228881836,24.420000076293945,24.760000228881836,1314900,0.0,0.0
2023-04-06 00:00:00-04:00,24.799999237060547,24.989999771118164,24.799999237060547,24.920000076293945,890800,0.0,0.0
2023-04-10 00:00:00-04:00,24.889999389648438,25.200000762939453,24.8799991607666,24.989999771118164,1208500,0.0,0.0
2023-04-11 00:00:00-04:00,25.020000457763672,25.260000228881836,25.0,25.09000015258789,1392700,0.0,0.0
2023-04-12 00:00:00-04:00,25.209999084472656,25.389999389648438,25.149999618530273,25.270000457763672,1075200,0.0,0.0
2023-04-13 00:00:00-04:00,25.190000534057617,25.5,25.059999465942383,25.479999542236328,1548500,0.0,0.0
2023-04-14 00:00:00-04:00,25.360000610351562,25.540000915527344,24.959999084472656,25.170000076293945,1857700,0.0,0.0
2023-04-17 00:00:00-04:00,25.079999923706055,25.31999969482422,24.959999084472656,25.260000228881836,1671900,0.0,0.0
2023-04-18 00:00:00-04:00,25.3799991607666,25.420000076293945,25.1299991607666,25.389999389648438,1378300,0.0,0.0
2023-04-19 00:00:00-04:00,25.510000228881836,25.540000915527344,25.299999237060547,25.520000457763672,1140000,0.0,0.0
2023-04-20 00:00:00-04:00,25.450000762939453,25.5,25.25,25.43000030517578,1313600,0.0,0.0
2023-04-21 00:00:00-04:00,25.489999771118164,25.489999771118164,24.940000534057617,25.260000228881836,1043300,0.0,0.0
2023-04-24 00:00:00-04:00,25.209999084472656,25.31999969482422,24.8799991607666,24.920000076293945,1110000,0.0,0.0
2023-04-25 00:00:00-04:00,24.719999313354492,24.8700008392334,24.579999923706055,24.6200008392334,1037300,0.0,0.0
2023-04-26 00:00:00-04:00,24.3799991607666,24.770000457763672,24.329999923706055,24.6200008392334,1795600,0.0,0.0
2023-04-27 00:00:00-04:00,24.59000015258789,25.209999084472656,24.030000686645508,25.15999984741211,1694600,0.0,0.0
2023-04-28 00:00:00-04:00,25.1200008392334,25.459999084472656,24.989999771118164,25.270000457763672,3471800,0.0,0.0
2023-05-01 00:00:00-04:00,25.290000915527344,25.809999465942383,25.25,25.719999313354492,1424100,0.0,0.0
2023-05-02 00:00:00-04:00,25.639999389648438,25.719999313354492,25.010000228881836,25.479999542236328,1584000,0.0,0.0
2023-05-03 00:00:00-04:00,25.59000015258789,25.790000915527344,25.329999923706055,25.3799991607666,1783400,0.0,0.0
2023-05-04 00:00:00-04:00,25.280000686645508,25.280000686645508,24.75,24.950000762939453,1271400,0.0,0.0
2023-05-05 00:00:00-04:00,25.200000762939453,25.65999984741211,25.200000762939453,25.469999313354492,943300,0.0,0.0
2023-05-08 00:00:00-04:00,25.530000686645508,25.559999465942383,25.280000686645508,25.43000030517578,874300,0.0,0.0
2023-05-09 00:00:00-04:00,25.290000915527344,25.559999465942383,25.219999313354492,25.360000610351562,738200,0.0,0.0
2023-05-10 00:00:00-04:00,25.510000228881836,25.510000228881836,25.09000015258789,25.329999923706055,889000,0.0,0.0
2023-05-11 00:00:00-04:00,25.200000762939453,25.309999465942383,25.030000686645508,25.280000686645508,853200,0.0,0.0
2023-05-12 00:00:00-04:00,25.68000030517578,25.770000457763672,25.34000015258789,25.6299991607666,1185000,0.0,0.0
2023-05-15 00:00:00-04:00,25.6299991607666,25.719999313354492,25.479999542236328,25.65999984741211,1089100,0.0,0.0
2023-05-16 00:00:00-04:00,25.56999969482422,25.690000534057617,25.350000381469727,25.5,1046600,0.0,0.0
2023-05-17 00:00:00-04:00,25.56999969482422,25.670000076293945,25.350000381469727,25.360000610351562,1170400,0.0,0.0
2023-05-18 00:00:00-04:00,25.309999465942383,25.6299991607666,25.229999542236328,25.59000015258789,1057900,0.0,0.0
2023-05-19 00:00:00-04:00,25.75,25.81999969482422,25.43000030517578,25.440000534057617,1091300,0.0,0.0
2023-05-22 00:00:00-04:00,25.399999618530273,25.510000228881836,25.139999389648438,25.170000076293945,1224500,0.0,0.0
2023-05-23 00:00:00-04:00,25.110000610351562,25.329999923706055,25.049999237060547,25.06999969482422,1225200,0.0,0.0
2023-05-24 00:00:00-04:00,25.0,25.0,24.68000030517578,24.809999465942383,1555800,0.0,0.0
2023-05-25 00:00:00-04:00,24.709999084472656,24.799999237060547,24.59000015258789,24.68000030517578,1306800,0.0,0.0
2023-05-26 00:00:00-04:00,24.700000762939453,24.8799991607666,24.639999389648438,24.770000457763672,1440200,0.0,0.0
2023-05-30 00:00:00-04:00,24.770000457763672,24.969999313354492,24.649999618530273,24.90999984741211,1360300,0.0,0.0
2023-05-31 00:00:00-04:00,24.75,24.899999618530273,24.459999084472656,24.489999771118164,2087700,0.0,0.0
2023-06-01 00:00:00-04:00,24.579999923706055,24.65999984741211,24.200000762939453,24.270000457763672,1524800,0.0,0.0
2023-06-02 00:00:00-04:00,24.170000076293945,24.770000457763672,24.170000076293945,24.690000534057617,1518500,0.0,0.0
2023-06-05 00:00:00-04:00,24.600000381469727,24.719999313354492,24.459999084472656,24.520000457763672,1271600,0.0,0.0
2023-06-06 00:00:00-04:00,24.610000610351562,25.030000686645508,24.549999237060547,24.969999313354492,1264500,0.0,0.0
2023-06-07 00:00:00-04:00,25.110000610351562,25.610000610351562,25.09000015258789,25.459999084472656,1671600,0.0,0.0
2023-06-08 00:00:00-04:00,25.360000610351562,25.459999084472656,25.139999389648438,25.360000610351562,1080700,0.0,0.0
2023-06-09 00:00:00-04:00,25.280000686645508,25.420000076293945,25.170000076293945,25.31999969482422,1075200,0.0,0.0
2023-06-12 00:00:00-04:00,25.299999237060547,25.31999969482422,24.670000076293945,24.81999969482422,2791400,0.0,0.0
2023-06-13 00:00:00-04:00,24.850000381469727,25.260000228881836,24.770000457763672,24.829999923706055,1710300,0.0,0.0
2023-06-14 00:00:00-04:00,24.739999771118164,24.920000076293945,24.420000076293945,24.510000228881836,1824600,0.0,0.0
2023-06-15 00:00:00-04:00,24.479999542236328,24.860000610351562,24.450000762939453,24.84000015258789,2041400,0.0,0.0
2023-06-16 00:00:00-04:00,24.959999084472656,25.079999923706055,24.860000610351562,24.90999984741211,3766400,0.0,0.0
2023-06-20 00:00:00-04:00,24.8700008392334,24.8799991607666,24.520000457763672,24.56999969482422,1730500,0.0,0.0
2023-06-21 00:00:00-04:00,24.5,24.780000686645508,24.440000534057617,24.600000381469727,1531600,0.0,0.0
2023-06-22 00:00:00-04:00,24.65999984741211,24.68000030517578,24.440000534057617,24.520000457763672,1131700,0.0,0.0
2023-06-23 00:00:00-04:00,24.459999084472656,24.579999923706055,24.18000030517578,24.219999313354492,3709800,0.0,0.0
2023-06-26 00:00:00-04:00,24.270000457763672,24.600000381469727,24.170000076293945,24.479999542236328,1707800,0.0,0.0
2023-06-27 00:00:00-04:00,24.479999542236328,24.889999389648438,24.479999542236328,24.84000015258789,1666800,0.0,0.0
2023-06-28 00:00:00-04:00,24.729999542236328,24.81999969482422,24.520000457763672,24.700000762939453,1685200,0.0,0.0
2023-06-29 00:00:00-04:00,24.829999923706055,25.200000762939453,24.799999237060547,25.139999389648438,1418400,0.0,0.0
2023-06-30 00:00:00-04:00,25.239999771118164,25.309999465942383,25.059999465942383,25.170000076293945,1443400,0.0,0.0
2023-07-03 00:00:00-04:00,25.09000015258789,25.209999084472656,24.979999542236328,25.0,643000,0.0,0.0
2023-07-05 00:00:00-04:00,24.829999923706055,25.079999923706055,24.75,24.969999313354492,1845300,0.0,0.0
2023-07-06 00:00:00-04:00,24.860000610351562,25.239999771118164,24.850000381469727,25.190000534057617,1850300,0.0,0.0
2023-07-07 00:00:00-04:00,25.149999618530273,25.209999084472656,24.81999969482422,25.010000228881836,3536000,0.0,0.0
2023-07-10 00:00:00-04:00,24.940000534057617,25.3700008392334,24.889999389648438,25.1299991607666,1799700,0.0,0.0
2023-07-11 00:00:00-04:00,25.139999389648438,25.5,25.139999389648438,25.479999542236328,1685600,0.0,0.0
2023-07-12 00:00:00-04:00,25.709999084472656,25.799999237060547,25.40999984741211,25.510000228881836,1427500,0.0,0.0
2023-07-13 00:00:00-04:00,25.389999389648438,25.65999984741211,25.360000610351562,25.610000610351562,1697300,0.0,0.0
2023-07-14 00:00:00-04:00,25.68000030517578,25.729999542236328,25.31999969482422,25.40999984741211,1915700,0.0,0.0
2023-07-17 00:00:00-04:00,25.31999969482422,25.920000076293945,25.31999969482422,25.770000457763672,1589400,0.0,0.0
2023-07-18 00:00:00-04:00,25.75,26.149999618530273,25.75,25.969999313354492,1887300,0.0,0.0
2023-07-19 00:00:00-04:00,25.940000534057617,26.110000610351562,25.889999389648438,26.09000015258789,2020700,0.0,0.0
2023-07-20 00:00:00-04:00,26.299999237060547,26.56999969482422,26.190000534057617,26.549999237060547,1629300,0.0,0.0
2023-07-21 00:00:00-04:00,26.6299991607666,26.649999618530273,26.43000030517578,26.530000686645508,1779000,0.0,0.0
2023-07-24 00:00:00-04:00,26.479999542236328,26.690000534057617,26.389999389648438,26.639999389648438,1613100,0.0,0.0
2023-07-25 00:00:00-04:00,26.600000381469727,26.780000686645508,26.510000228881836,26.760000228881836,1974900,0.0,0.0
2023-07-26 00:00:00-04:00,26.81999969482422,27.290000915527344,26.780000686645508,27.200000762939453,2316700,0.0,0.0
2023-07-27 00:00:00-04:00,27.219999313354492,27.350000381469727,26.510000228881836,26.899999618530273,2570700,0.0,0.0
2023-07-28 00:00:00-04:00,27.170000076293945,27.850000381469727,27.049999237060547,27.600000381469727,3089800,0.0,0.0
2023-07-31 00:00:00-04:00,27.600000381469727,27.790000915527344,27.399999618530273,27.56999969482422,13353700,0.0,0.0
2023-08-01 00:00:00-04:00,27.579999923706055,27.81999969482422,27.5,27.690000534057617,1591800,0.0,0.0
2023-08-02 00:00:00-04:00,27.549999237060547,27.84000015258789,27.469999313354492,27.760000228881836,1536900,0.0,0.0
2023-08-03 00:00:00-04:00,27.920000076293945,28.209999084472656,27.809999465942383,28.18000030517578,1786300,0.0,0.0
2023-08-04 00:00:00-04:00,28.18000030517578,29.889999389648438,27.899999618530273,27.969999313354492,3533900,0.0,0.0
2023-08-07 00:00:00-04:00,28.040000915527344,28.260000228881836,27.860000610351562,27.889999389648438,1870000,0.0,0.0
2023-08-08 00:00:00-04:00,27.700000762939453,27.84000015258789,27.549999237060547,27.809999465942383,1369700,0.0,0.0
2023-08-09 00:00:00-04:00,27.719999313354492,27.90999984741211,27.6299991607666,27.690000534057617,1082100,0.0,0.0
2023-08-10 00:00:00-04:00,27.84000015258789,27.920000076293945,27.59000015258789,27.600000381469727,1038500,0.0,0.0
2023-08-11 00:00:00-04:00,27.56999969482422,27.799999237060547,27.549999237060547,27.770000457763672,1148300,0.0,0.0
2023-08-14 00:00:00-04:00,27.760000228881836,27.760000228881836,27.43000030517578,27.610000610351562,1192700,0.0,0.0
2023-08-15 00:00:00-04:00,27.450000762939453,27.610000610351562,27.31999969482422,27.40999984741211,961300,0.0,0.0
2023-08-16 00:00:00-04:00,27.43000030517578,27.6299991607666,27.3700008392334,27.3799991607666,1029300,0.0,0.0
2023-08-17 00:00:00-04:00,27.489999771118164,27.520000457763672,27.079999923706055,27.079999923706055,1083500,0.0,0.0
2023-08-18 00:00:00-04:00,27.0,27.260000228881836,27.0,27.209999084472656,1178800,0.0,0.0
2023-08-21 00:00:00-04:00,27.239999771118164,27.290000915527344,27.06999969482422,27.219999313354492,993900,0.0,0.0
2023-08-22 00:00:00-04:00,27.18000030517578,27.280000686645508,26.809999465942383,26.84000015258789,1346600,0.0,0.0
2023-08-23 00:00:00-04:00,26.93000030517578,27.229999542236328,26.920000076293945,27.18000030517578,1356100,0.0,0.0
2023-08-24 00:00:00-04:00,27.190000534057617,27.510000228881836,27.190000534057617,27.190000534057617,1062400,0.0,0.0
2023-08-25 00:00:00-04:00,27.299999237060547,27.389999389648438,27.15999984741211,27.280000686645508,911300,0.0,0.0
2023-08-28 00:00:00-04:00,27.280000686645508,27.420000076293945,27.170000076293945,27.239999771118164,1317700,0.0,0.0
2023-08-29 00:00:00-04:00,27.299999237060547,27.399999618530273,27.15999984741211,27.389999389648438,895300,0.0,0.0
2023-08-30 00:00:00-04:00,27.350000381469727,27.549999237060547,27.270000457763672,27.360000610351562,1024100,0.0,0.0
2023-08-31 00:00:00-04:00,27.459999084472656,27.489999771118164,27.239999771118164,27.350000381469727,1915100,0.0,0.0
2023-09-01 00:00:00-04:00,27.309999465942383,27.489999771118164,27.270000457763672,27.420000076293945,968200,0.0,0.0
2023-09-05 00:00:00-04:00,27.219999313354492,27.299999237060547,26.90999984741211,26.920000076293945,1197800,0.0,0.0
2023-09-06 00:00:00-04:00,26.81999969482422,27.0,26.799999237060547,26.889999389648438,1044800,0.0,0.0
2023-09-07 00:00:00-04:00,26.93000030517578,27.079999923706055,26.8799991607666,26.979999542236328,1320000,0.0,0.0
2023-09-08 00:00:00-04:00,27.059999465942383,27.260000228881836,26.969999313354492,27.06999969482422,1309800,0.0,0.0
2023-09-11 00:00:00-04:00,27.15999984741211,27.5,27.15999984741211,27.360000610351562,1103900,0.0,0.0
2023-09-12 00:00:00-04:00,27.479999542236328,27.84000015258789,27.360000610351562,27.65999984741211,2243500,0.0,0.0
2023-09-13 00:00:00-04:00,27.790000915527344,27.790000915527344,27.459999084472656,27.56999969482422,1244500,0.0,0.0
2023-09-14 00:00:00-04:00,27.75,27.84000015258789,27.59000015258789,27.65999984741211,1500100,0.0,0.0
2023-09-15 00:00:00-04:00,27.479999542236328,27.65999984741211,27.31999969482422,27.420000076293945,4481100,0.0,0.0
2023-09-18 00:00:00-04:00,27.469999313354492,27.579999923706055,27.25,27.520000457763672,1016800,0.0,0.0
2023-09-19 00:00:00-04:00,27.579999923706055,27.770000457763672,27.5,27.649999618530273,1589000,0.0,0.0
2023-09-20 00:00:00-04:00,27.760000228881836,27.8700008392334,27.530000686645508,27.530000686645508,820600,0.0,0.0
2023-09-21 00:00:00-04:00,27.469999313354492,27.56999969482422,27.329999923706055,27.34000015258789,1237400,0.0,0.0
2023-09-22 00:00:00-04:00,27.31999969482422,27.530000686645508,27.290000915527344,27.389999389648438,948700,0.0,0.0
2023-09-25 00:00:00-04:00,27.229999542236328,27.510000228881836,27.1299991607666,27.489999771118164,1020100,0.0,0.0
2023-09-26 00:00:00-04:00,27.399999618530273,27.520000457763672,27.200000762939453,27.239999771118164,1139500,0.0,0.0
2023-09-27 00:00:00-04:00,27.290000915527344,27.3700008392334,27.030000686645508,27.25,1295900,0.0,0.0
2023-09-28 00:00:00-04:00,27.219999313354492,27.469999313354492,27.219999313354492,27.270000457763672,1059500,0.0,0.0
2023-09-29 00:00:00-04:00,27.31999969482422,27.34000015258789,26.8799991607666,26.940000534057617,1087100,0.0,0.0
2023-10-02 00:00:00-04:00,26.84000015258789,26.84000015258789,26.270000457763672,26.360000610351562,1586300,0.0,0.0
2023-10-03 00:00:00-04:00,26.25,26.329999923706055,26.079999923706055,26.25,1388500,0.0,0.0
2023-10-04 00:00:00-04:00,26.190000534057617,26.790000915527344,26.18000030517578,26.760000228881836,1375700,0.0,0.0
2023-10-05 00:00:00-04:00,26.65999984741211,27.040000915527344,26.65999984741211,26.84000015258789,1205000,0.0,0.0
2023-10-06 00:00:00-04:00,26.81999969482422,27.020000457763672,26.75,26.770000457763672,1139200,0.0,0.0
2023-10-09 00:00:00-04:00,26.670000076293945,27.149999618530273,26.670000076293945,27.139999389648438,1337400,0.0,0.0
2023-10-10 00:00:00-04:00,27.239999771118164,27.25,26.600000381469727,26.639999389648438,1469600,0.0,0.0
2023-10-11 00:00:00-04:00,26.68000030517578,26.920000076293945,26.649999618530273,26.809999465942383,1054200,0.0,0.0
2023-10-12 00:00:00-04:00,26.860000610351562,26.860000610351562,26.520000457763672,26.790000915527344,1246500,0.0,0.0
2023-10-13 00:00:00-04:00,26.959999084472656,27.200000762939453,26.760000228881836,26.90999984741211,1483900,0.0,0.0
2023-10-16 00:00:00-04:00,27.1299991607666,27.459999084472656,27.1299991607666,27.31999969482422,1139300,0.0,0.0
2023-10-17 00:00:00-04:00,27.219999313354492,27.770000457763672,27.219999313354492,27.6299991607666,1477600,0.0,0.0
2023-10-18 00:00:00-04:00,27.600000381469727,27.670000076293945,27.389999389648438,27.459999084472656,1245100,0.0,0.0
2023-10-19 00:00:00-04:00,27.40999984741211,27.489999771118164,27.139999389648438,27.170000076293945,1633200,0.0,0.0
2023-10-20 00:00:00-04:00,27.200000762939453,27.299999237060547,26.790000915527344,26.8700008392334,2022300,0.0,0.0
2023-10-23 00:00:00-04:00,26.760000228881836,26.889999389648438,26.399999618530273,26.559999465942383,1863000,0.0,0.0
2023-10-24 00:00:00-04:00,26.719999313354492,27.079999923706055,26.719999313354492,26.920000076293945,1468200,0.0,0.0
2023-10-25 00:00:00-04:00,26.760000228881836,27.170000076293945,26.760000228881836,26.829999923706055,1609400,0.0,0.0
2023-10-26 00:00:00-04:00,26.809999465942383,28.139999389648438,26.809999465942383,27.850000381469727,2385500,0.0,0.0
2023-10-27 00:00:00-04:00,27.790000915527344,27.8700008392334,26.8799991607666,26.940000534057617,2199200,0.0,0.0
2023-10-30 00:00:00-04:00,27.100000381469727,27.239999771118164,26.899999618530273,27.219999313354492,1859100,0.0,0.0
2023-10-31 00:00:00-04:00,27.299999237060547,27.420000076293945,27.18000030517578,27.3799991607666,2354600,0.0,0.0
2023-11-01 00:00:00-04:00,27.469999313354492,28.049999237060547,27.3799991607666,27.950000762939453,1586900,0.0,0.0
2023-11-02 00:00:00-04:00,27.920000076293945,28.09000015258789,27.690000534057617,27.90999984741211,1155100,0.0,0.0
2023-11-03 00:00:00-04:00,28.139999389648438,28.229999542236328,27.920000076293945,28.170000076293945,1061200,0.0,0.0
2023-11-06 00:00:00-05:00,28.15999984741211,28.190000534057617,27.8700008392334,27.979999542236328,915400,0.0,0.0
2023-11-07 00:00:00-05:00,27.81999969482422,27.8799991607666,27.59000015258789,27.690000534057617,1043500,0.0,0.0
2023-11-08 00:00:00-05:00,27.780000686645508,27.8700008392334,27.6299991607666,27.729999542236328,962200,0.0,0.0
2023-11-09 00:00:00-05:00,27.739999771118164,27.889999389648438,27.59000015258789,27.639999389648438,1028200,0.0,0.0
2023-11-10 00:00:00-05:00,27.68000030517578,27.940000534057617,27.600000381469727,27.93000030517578,778300,0.0,0.0
2023-11-13 00:00:00-05:00,27.940000534057617,28.079999923706055,27.829999923706055,27.950000762939453,970700,0.0,0.0
2023-11-14 00:00:00-05:00,28.079999923706055,28.3700008392334,27.940000534057617,28.280000686645508,1315500,0.0,0.0
2023-11-15 00:00:00-05:00,28.219999313354492,28.329999923706055,28.040000915527344,28.06999969482422,1015400,0.0,0.0
2023-11-16 00:00:00-05:00,28.170000076293945,28.360000610351562,28.09000015258789,28.34000015258789,1110200,0.0,0.0
2023-11-17 00:00:00-05:00,28.389999389648438,28.579999923706055,28.290000915527344,28.360000610351562,830000,0.0,0.0
2023-11-20 00:00:00-05:00,28.270000457763672,28.450000762939453,28.079999923706055,28.350000381469727,874900,0.0,0.0
2023-11-21 00:00:00-05:00,28.3799991607666,28.809999465942383,28.3799991607666,28.65999984741211,904200,0.0,0.0
2023-11-22 00:00:00-05:00,28.739999771118164,28.799999237060547,28.59000015258789,28.75,825000,0.0,0.0
2023-11-24 00:00:00-05:00,28.829999923706055,29.1299991607666,28.809999465942383,28.959999084472656,399700,0.0,0.0
2023-11-27 00:00:00-05:00,28.850000381469727,29.15999984741211,28.799999237060547,29.1299991607666,1102400,0.0,0.0
2023-11-28 00:00:00-05:00,29.100000381469727,29.1299991607666,28.719999313354492,28.780000686645508,952200,0.0,0.0
2023-11-29 00:00:00-05:00,28.790000915527344,28.899999618530273,28.670000076293945,28.709999084472656,1002600,0.0,0.0
2023-11-30 00:00:00-05:00,28.700000762939453,29.360000610351562,28.700000762939453,29.309999465942383,1749400,0.0,0.0
2023-12-01 00:00:00-05:00,29.170000076293945,29.489999771118164,29.139999389648438,29.389999389648438,1175900,0.0,0.0
2023-12-04 00:00:00-05:00,29.260000228881836,29.639999389648438,29.170000076293945,29.600000381469727,1021700,0.0,0.0
2023-12-05 00:00:00-05:00,29.540000915527344,29.649999618530273,29.389999389648438,29.40999984741211,985500,0.0,0.0
2023-12-06 00:00:00-05:00,29.290000915527344,29.6299991607666,29.010000228881836,29.100000381469727,1006000,0.0,0.0
2023-12-07 00:00:00-05:00,29.139999389648438,29.200000762939453,28.829999923706055,28.969999313354492,930500,0.0,0.0
2023-12-08 00:00:00-05:00,29.0,29.059999465942383,28.770000457763672,28.989999771118164,695100,0.0,0.0
2023-12-11 00:00:00-05:00,29.0,29.239999771118164,28.989999771118164,29.190000534057617,1043900,0.0,0.0
2023-12-12 00:00:00-05:00,29.15999984741211,29.350000381469727,29.06999969482422,29.209999084472656,1047500,0.0,0.0
2023-12-13 00:00:00-05:00,29.219999313354492,29.420000076293945,29.1200008392334,29.34000015258789,2028200,0.0,0.0
2023-12-14 00:00:00-05:00,29.489999771118164,29.5,29.0,29.100000381469727,1501600,0.0,0.0
2023-12-15 00:00:00-05:00,28.84000015258789,29.010000228881836,28.709999084472656,28.959999084472656,3806400,0.0,0.0
2023-12-18 00:00:00-05:00,29.1200008392334,29.270000457763672,28.920000076293945,29.15999984741211,1232500,0.0,0.0
2023-12-19 00:00:00-05:00,29.1200008392334,29.389999389648438,29.059999465942383,29.309999465942383,1109900,0.0,0.0
2023-12-20 00:00:00-05:00,29.25,29.34000015258789,28.84000015258789,28.850000381469727,1188900,0.0,0.0
2023-12-21 00:00:00-05:00,28.860000610351562,29.1200008392334,28.6299991607666,29.100000381469727,1048100,0.0,0.0
2023-12-22 00:00:00-05:00,29.239999771118164,29.3700008392334,29.209999084472656,29.309999465942383,804100,0.0,0.0
2023-12-26 00:00:00-05:00,29.270000457763672,29.299999237060547,29.1299991607666,29.15999984741211,803500,0.0,0.0
2023-12-27 00:00:00-05:00,29.100000381469727,29.260000228881836,29.0,29.200000762939453,835600,0.0,0.0
2023-12-28 00:00:00-05:00,29.209999084472656,29.469999313354492,29.209999084472656,29.440000534057617,791300,0.0,0.0
2023-12-29 00:00:00-05:00,29.440000534057617,29.459999084472656,29.260000228881836,29.399999618530273,844300,0.0,0.0
2024-01-02 00:00:00-05:00,29.389999389648438,29.6200008392334,29.329999923706055,29.459999084472656,957100,0.0,0.0
2024-01-03 00:00:00-05:00,29.43000030517578,29.690000534057617,29.350000381469727,29.3700008392334,1339300,0.0,0.0
2024-01-04 00:00:00-05:00,29.479999542236328,29.760000228881836,29.43000030517578,29.540000915527344,1225100,0.0,0.0
2024-01-05 00:00:00-05:00,29.579999923706055,29.989999771118164,29.579999923706055,29.829999923706055,1334000,0.0,0.0
2024-01-08 00:00:00-05:00,29.8799991607666,29.90999984741211,29.420000076293945,29.649999618530273,1070700,0.0,0.0
2024-01-09 00:00:00-05:00,29.559999465942383,29.600000381469727,29.15999984741211,29.469999313354492,995700,0.0,0.0
2024-01-10 00:00:00-05:00,29.420000076293945,29.59000015258789,29.329999923706055,29.59000015258789,935000,0.0,0.0
2024-01-11 00:00:00-05:00,29.56999969482422,29.65999984741211,29.280000686645508,29.6299991607666,913800,0.0,0.0
2024-01-12 00:00:00-05:00,29.780000686645508,29.860000610351562,29.579999923706055,29.719999313354492,844400,0.0,0.0
2024-01-16 00:00:00-05:00,29.670000076293945,29.799999237060547,29.40999984741211,29.559999465942383,1101300,0.0,0.0
2024-01-17 00:00:00-05:00,29.450000762939453,29.739999771118164,29.3799991607666,29.520000457763672,1141800,0.0,0.0
2024-01-18 00:00:00-05:00,29.43000030517578,29.799999237060547,29.360000610351562,29.770000457763672,906200,0.0,0.0
2024-01-19 00:00:00-05:00,29.989999771118164,30.06999969482422,29.780000686645508,29.959999084472656,1120400,0.0,0.0
2024-01-22 00:00:00-05:00,29.959999084472656,30.420000076293945,29.959999084472656,30.350000381469727,1265700,0.0,0.0
2024-01-23 00:00:00-05:00,30.34000015258789,30.450000762939453,30.1200008392334,30.200000762939453,1070500,0.0,0.0
2024-01-24 00:00:00-05:00,30.389999389648438,30.610000610351562,30.299999237060547,30.3799991607666,1303500,0.0,0.0
2024-01-25 00:00:00-05:00,30.389999389648438,30.389999389648438,27.350000381469727,27.540000915527344,5451300,0.0,0.0
2024-01-26 00:00:00-05:00,27.75,28.290000915527344,27.56999969482422,27.989999771118164,3541200,0.0,0.0
2024-01-29 00:00:00-05:00,27.969999313354492,28.18000030517578,27.860000610351562,28.030000686645508,2248700,0.0,0.0
2024-01-30 00:00:00-05:00,28.0,28.31999969482422,27.959999084472656,28.25,1873800,0.0,0.0
2024-01-31 00:00:00-05:00,28.290000915527344,28.420000076293945,28.030000686645508,28.040000915527344,2411200,0.0,0.0
2024-02-01 00:00:00-05:00,28.010000228881836,28.010000228881836,27.360000610351562,27.670000076293945,1530900,0.0,0.0
2024-02-02 00:00:00-05:00,27.649999618530273,27.950000762939453,27.610000610351562,27.729999542236328,1736900,0.0,0.0
2024-02-05 00:00:00-05:00,27.670000076293945,27.670000076293945,27.360000610351562,27.510000228881836,1550900,0.0,0.0
2024-02-06 00:00:00-05:00,27.5,27.780000686645508,27.43000030517578,27.6200008392334,1332600,0.0,0.0
2024-02-07 00:00:00-05:00,27.59000015258789,27.670000076293945,27.329999923706055,27.479999542236328,1771200,0.0,0.0
2024-02-08 00:00:00-05:00,27.3799991607666,27.610000610351562,27.200000762939453,27.56999969482422,1397700,0.0,0.0
2024-02-09 00:00:00-05:00,27.489999771118164,27.969999313354492,27.350000381469727,27.8700008392334,1929500,0.0,0.0
2024-02-12 00:00:00-05:00,28.219999313354492,28.829999923706055,28.1299991607666,28.709999084472656,2257100,0.0,0.0
2024-02-13 00:00:00-05:00,28.6299991607666,28.760000228881836,28.389999389648438,28.579999923706055,1921200,0.0,0.0
2024-02-14 00:00:00-05:00,28.700000762939453,28.899999618530273,28.6299991607666,28.760000228881836,1467800,0.0,0.0
2024-02-15 00:00:00-05:00,28.8799991607666,29.190000534057617,28.8799991607666,29.059999465942383,1768000,0.0,0.0
2024-02-16 00:00:00-05:00,29.059999465942383,29.09000015258789,28.3700008392334,28.389999389648438,3778700,0.0,0.0
2024-02-20 00:00:00-05:00,28.389999389648438,28.59000015258789,28.219999313354492,28.260000228881836,1610100,0.0,0.0
2024-02-21 00:00:00-05:00,28.350000381469727,28.469999313354492,28.239999771118164,28.459999084472656,1081100,0.0,0.0
2024-02-22 00:00:00-05:00,28.420000076293945,28.649999618530273,28.209999084472656,28.649999618530273,1324100,0.0,0.0
2024-02-23 00:00:00-05:00,28.690000534057617,28.8700008392334,28.559999465942383,28.739999771118164,1283900,0.0,0.0
2024-02-26 00:00:00-05:00,28.75,28.940000534057617,28.6299991607666,28.93000030517578,1056700,0.0,0.0
2024-02-27 00:00:00-05:00,28.93000030517578,29.079999923706055,28.75,28.989999771118164,1211700,0.0,0.0
2024-02-28 00:00:00-05:00,29.020000457763672,29.219999313354492,28.90999984741211,29.030000686645508,1072100,0.0,0.0
2024-02-29 00:00:00-05:00,29.170000076293945,29.170000076293945,28.809999465942383,28.959999084472656,1281400,0.0,0.0
2024-03-01 00:00:00-05:00,29.649999618530273,29.690000534057617,29.1299991607666,29.170000076293945,1492900,0.0,0.0
2024-03-04 00:00:00-05:00,29.100000381469727,29.520000457763672,29.059999465942383,29.219999313354492,2061000,0.0,0.0
2024-03-05 00:00:00-05:00,29.219999313354492,29.299999237060547,28.8799991607666,28.959999084472656,1958400,0.0,0.0
2024-03-06 00:00:00-05:00,29.020000457763672,29.329999923706055,28.93000030517578,29.290000915527344,1731900,0.0,0.0
2024-03-07 00:00:00-05:00,29.25,29.65999984741211,29.25,29.360000610351562,1860700,0.0,0.0
2024-03-08 00:00:00-05:00,29.1299991607666,29.18000030517578,28.799999237060547,28.950000762939453,1795400,0.0,0.0
2024-03-11 00:00:00-04:00,28.920000076293945,29.260000228881836,28.920000076293945,29.190000534057617,1265900,0.0,0.0
2024-03-12 00:00:00-04:00,29.1299991607666,29.239999771118164,29.049999237060547,29.149999618530273,1276500,0.0,0.0
2024-03-13 00:00:00-04:00,29.15999984741211,29.350000381469727,29.139999389648438,29.31999969482422,1918400,0.0,0.0
2024-03-14 00:00:00-04:00,29.25,29.43000030517578,28.989999771118164,29.1299991607666,1418500,0.0,0.0
2024-03-15 00:00:00-04:00,28.93000030517578,29.350000381469727,28.93000030517578,29.280000686645508,4280600,0.0,0.0
2024-03-18 00:00:00-04:00,29.209999084472656,29.399999618530273,29.049999237060547,29.079999923706055,1771400,0.0,0.0
2024-03-19 00:00:00-04:00,29.219999313354492,29.549999237060547,29.149999618530273,29.450000762939453,2689500,0.0,0.0
2024-03-20 00:00:00-04:00,29.40999984741211,29.93000030517578,29.360000610351562,29.8799991607666,1670200,0.0,0.0
2024-03-21 00:00:00-04:00,29.899999618530273,30.110000610351562,29.690000534057617,29.93000030517578,1890200,0.0,0.0
2024-03-22 00:00:00-04:00,30.010000228881836,30.010000228881836,29.6200008392334,29.65999984741211,1455900,0.0,0.0
2024-03-25 00:00:00-04:00,29.780000686645508,30.059999465942383,29.780000686645508,29.90999984741211,1848200,0.0,0.0
2024-03-26 00:00:00-04:00,29.889999389648438,30.149999618530273,29.889999389648438,29.969999313354492,1545600,0.0,0.0
2024-03-27 00:00:00-04:00,30.1299991607666,30.559999465942383,30.1200008392334,30.549999237060547,1352400,0.0,0.0
2024-03-28 00:00:00-04:00,30.610000610351562,30.899999618530273,30.559999465942383,30.719999313354492,1867200,0.0,0.0
2024-04-01 00:00:00-04:00,30.899999618530273,30.899999618530273,30.65999984741211,30.799999237060547,1396600,0.0,0.0
2024-04-02 00:00:00-04:00,30.780000686645508,31.030000686645508,30.700000762939453,30.729999542236328,1806000,0.0,0.0
2024-04-03 00:00:00-04:00,30.6299991607666,31.020000457763672,30.440000534057617,30.920000076293945,1587500,0.0,0.0
2024-04-04 00:00:00-04:00,31.059999465942383,31.219999313354492,30.610000610351562,30.649999618530273,1135100,0.0,0.0
2024-04-05 00:00:00-04:00,30.670000076293945,30.959999084472656,30.649999618530273,30.940000534057617,1405400,0.0,0.0
2024-04-08 00:00:00-04:00,30.959999084472656,31.059999465942383,30.739999771118164,30.75,1176000,0.0,0.0
2024-04-09 00:00:00-04:00,30.75,30.780000686645508,30.020000457763672,30.110000610351562,1322600,0.0,0.0
2024-04-10 00:00:00-04:00,29.8700008392334,29.979999542236328,29.399999618530273,29.6200008392334,1973000,0.0,0.0
2024-04-11 00:00:00-04:00,29.56999969482422,29.93000030517578,29.389999389648438,29.579999923706055,1939300,0.0,0.0
2024-04-12 00:00:00-04:00,29.540000915527344,29.760000228881836,29.329999923706055,29.34000015258789,1519500,0.0,0.0
2024-04-15 00:00:00-04:00,29.56999969482422,29.670000076293945,28.860000610351562,28.90999984741211,1949300,0.0,0.0
2024-04-16 00:00:00-04:00,28.969999313354492,29.170000076293945,28.700000762939453,28.969999313354492,1566500,0.0,0.0
2024-04-17 00:00:00-04:00,28.899999618530273,29.040000915527344,28.59000015258789,28.639999389648438,2675800,0.0,0.0
2024-04-18 00:00:00-04:00,28.770000457763672,29.18000030517578,28.770000457763672,29.1200008392334,2370400,0.0,0.0
2024-04-19 00:00:00-04:00,29.270000457763672,29.850000381469727,29.18000030517578,29.760000228881836,1994300,0.0,0.0
2024-04-22 00:00:00-04:00,29.889999389648438,30.260000228881836,29.700000762939453,30.209999084472656,1703200,0.0,0.0
2024-04-23 00:00:00-04:00,30.270000457763672,30.479999542236328,30.190000534057617,30.309999465942383,1915400,0.0,0.0
2024-04-24 00:00:00-04:00,30.15999984741211,30.3700008392334,30.059999465942383,30.299999237060547,2915200,0.0,0.0
2024-04-25 00:00:00-04:00,28.649999618530273,30.649999618530273,28.649999618530273,30.020000457763672,3554800,0.0,0.0
2024-04-26 00:00:00-04:00,30.15999984741211,30.440000534057617,29.450000762939453,30.1299991607666,2514100,0.0,0.0
2024-04-29 00:00:00-04:00,30.200000762939453,30.209999084472656,29.719999313354492,29.799999237060547,1824000,0.0,0.0
2024-04-30 00:00:00-04:00,29.700000762939453,29.93000030517578,29.690000534057617,29.860000610351562,1813300,0.0,0.0
2024-05-01 00:00:00-04:00,29.889999389648438,30.5,29.889999389648438,30.280000686645508,2084600,0.0,0.0
2024-05-02 00:00:00-04:00,30.450000762939453,30.760000228881836,30.209999084472656,30.639999389648438,2410800,0.0,0.0
2024-05-03 00:00:00-04:00,30.729999542236328,30.760000228881836,30.40999984741211,30.6200008392334,1388500,0.0,0.0
2024-05-06 00:00:00-04:00,30.809999465942383,31.040000915527344,30.649999618530273,30.8700008392334,2038200,0.0,0.0
2024-05-07 00:00:00-04:00,30.959999084472656,31.270000457763672,30.850000381469727,31.079999923706055,2034900,0.0,0.0
2024-05-08 00:00:00-04:00,31.139999389648438,31.31999969482422,31.030000686645508,31.139999389648438,1792800,0.0,0.0
2024-05-09 00:00:00-04:00,31.06999969482422,31.239999771118164,31.010000228881836,31.190000534057617,1367200,0.0,0.0
2024-05-10 00:00:00-04:00,31.25,31.479999542236328,31.209999084472656,31.40999984741211,1479500,0.0,0.0
2024-05-13 00:00:00-04:00,31.469999313354492,31.59000015258789,31.100000381469727,31.1200008392334,1034900,0.0,0.0
2024-05-14 00:00:00-04:00,31.270000457763672,31.450000762939453,31.09000015258789,31.43000030517578,1706800,0.0,0.0
2024-05-15 00:00:00-04:00,31.399999618530273,31.6299991607666,31.280000686645508,31.440000534057617,1202000,0.0,0.0
2024-05-16 00:00:00-04:00,31.56999969482422,32.02000045776367,31.520000457763672,31.920000076293945,1738300,0.0,0.0
2024-05-17 00:00:00-04:00,32.06999969482422,32.2599983215332,31.940000534057617,32.209999084472656,1028300,0.0,0.0
2024-05-20 00:00:00-04:00,32.16999816894531,32.2599983215332,31.739999771118164,31.790000915527344,1433500,0.0,0.0
2024-05-21 00:00:00-04:00,31.799999237060547,32.0,31.75,31.850000381469727,1013400,0.0,0.0
2024-05-22 00:00:00-04:00,31.780000686645508,31.93000030517578,31.639999389648438,31.799999237060547,1385100,0.0,0.0
2024-05-23 00:00:00-04:00,31.760000228881836,31.760000228881836,31.239999771118164,31.299999237060547,1256300,0.0,0.0
2024-05-24 00:00:00-04:00,31.420000076293945,31.520000457763672,31.329999923706055,31.5,957400,0.0,0.0
2024-05-28 00:00:00-04:00,31.420000076293945,31.5,31.149999618530273,31.209999084472656,1208500,0.0,0.0
2024-05-29 00:00:00-04:00,31.010000228881836,31.09000015258789,30.899999618530273,30.93000030517578,1072800,0.0,0.0
2024-05-30 00:00:00-04:00,31.0,31.510000228881836,30.989999771118164,31.450000762939453,974400,0.0,0.0
2024-05-31 00:00:00-04:00,31.420000076293945,31.81999969482422,31.329999923706055,31.780000686645508,2124500,0.0,0.0
2024-06-03 00:00:00-04:00,31.780000686645508,31.84000015258789,31.219999313354492,31.34000015258789,897200,0.0,0.0
2024-06-04 00:00:00-04:00,31.020000457763672,31.290000915527344,30.959999084472656,31.059999465942383,1577100,0.0,0.0
2024-06-05 00:00:00-04:00,31.190000534057617,31.190000534057617,30.780000686645508,30.829999923706055,1198700,0.0,0.0
2024-06-06 00:00:00-04:00,30.81999969482422,31.020000457763672,30.56999969482422,30.649999618530273,1233100,0.0,0.0
2024-06-07 00:00:00-04:00,30.65999984741211,30.979999542236328,30.639999389648438,30.719999313354492,1029300,0.0,0.0
2024-06-10 00:00:00-04:00,30.520000457763672,30.65999984741211,30.399999618530273,30.540000915527344,1326800,0.0,0.0
2024-06-11 00:00:00-04:00,30.40999984741211,30.40999984741211,30.09000015258789,30.200000762939453,1303800,0.0,0.0
2024-06-12 00:00:00-04:00,30.360000610351562,30.389999389648438,29.8799991607666,30.030000686645508,1600700,0.0,0.0
2024-06-13 00:00:00-04:00,29.969999313354492,30.06999969482422,29.670000076293945,29.8799991607666,1240000,0.0,0.0
2024-06-14 00:00:00-04:00,29.540000915527344,29.790000915527344,29.510000228881836,29.649999618530273,1245800,0.0,0.0
2024-06-17 00:00:00-04:00,29.56999969482422,29.989999771118164,29.56999969482422,29.959999084472656,965900,0.0,0.0
2024-06-18 00:00:00-04:00,29.979999542236328,30.43000030517578,29.979999542236328,30.270000457763672,1218300,0.0,0.0
2024-06-20 00:00:00-04:00,30.329999923706055,30.68000030517578,30.270000457763672,30.59000015258789,1528700,0.0,0.0
2024-06-21 00:00:00-04:00,30.6200008392334,30.829999923706055,30.489999771118164,30.760000228881836,4057400,0.0,0.0
2024-06-24 00:00:00-04:00,30.760000228881836,31.3700008392334,30.760000228881836,31.1299991607666,1293100,0.0,0.0
2024-06-25 00:00:00-04:00,31.18000030517578,31.219999313354492,30.729999542236328,30.760000228881836,1260400,0.0,0.0
2024-06-26 00:00:00-04:00,30.6200008392334,30.639999389648438,30.299999237060547,30.56999969482422,1130800,0.0,0.0
2024-06-27 00:00:00-04:00,30.5,30.850000381469727,30.450000762939453,30.81999969482422,1104300,0.0,0.0
2024-06-28 00:00:00-04:00,30.8799991607666,31.1299991607666,30.739999771118164,30.899999618530273,2354200,0.0,0.0
2024-07-01 00:00:00-04:00,30.850000381469727,30.989999771118164,30.469999313354492,30.510000228881836,1191500,0.0,0.0
2024-07-02 00:00:00-04:00,30.229999542236328,30.770000457763672,30.229999542236328,30.65999984741211,1180300,0.0,0.0
2024-07-03 00:00:00-04:00,30.65999984741211,30.770000457763672,30.3700008392334,30.3700008392334,727000,0.0,0.0
2024-07-05 00:00:00-04:00,30.280000686645508,30.440000534057617,29.829999923706055,29.889999389648438,1894100,0.0,0.0
2024-07-08 00:00:00-04:00,30.079999923706055,30.3700008392334,30.049999237060547,30.100000381469727,1121900,0.0,0.0
2024-07-09 00:00:00-04:00,30.0,30.3799991607666,29.969999313354492,30.010000228881836,1010300,0.0,0.0
2024-07-10 00:00:00-04:00,30.06999969482422,30.469999313354492,30.020000457763672,30.43000030517578,1003100,0.0,0.0
2024-07-11 00:00:00-04:00,30.670000076293945,31.190000534057617,30.610000610351562,31.09000015258789,1193200,0.0,0.0
2024-07-12 00:00:00-04:00,31.200000762939453,31.479999542236328,31.170000076293945,31.280000686645508,1458500,0.0,0.0
2024-07-15 00:00:00-04:00,31.440000534057617,31.829999923706055,31.360000610351562,31.559999465942383,1416900,0.0,0.0
2024-07-16 00:00:00-04:00,31.739999771118164,32.2400016784668,31.649999618530273,32.08000183105469,1569200,0.0,0.0
2024-07-17 00:00:00-04:00,32.18000030517578,32.470001220703125,32.16999816894531,32.369998931884766,1103800,0.0,0.0
2024-07-18 00:00:00-04:00,32.2400016784668,32.790000915527344,32.150001525878906,32.2599983215332,872200,0.0,0.0
2024-07-19 00:00:00-04:00,32.349998474121094,32.349998474121094,31.780000686645508,31.93000030517578,1660200,0.0,0.0
2024-07-22 00:00:00-04:00,32.0099983215332,32.27000045776367,31.81999969482422,32.25,1190600,0.0,0.0
2024-07-23 00:00:00-04:00,32.290000915527344,32.439998626708984,32.130001068115234,32.34000015258789,1115900,0.0,0.0
2024-07-24 00:00:00-04:00,32.400001525878906,32.470001220703125,31.899999618530273,31.940000534057617,1639100,0.0,0.0
2024-07-25 00:00:00-04:00,32.5,32.810001373291016,32.25,32.619998931884766,1711900,0.0,0.0
2024-07-26 00:00:00-04:00,33.04999923706055,33.84000015258789,32.93000030517578,33.619998931884766,1188000,0.0,0.0
2024-07-29 00:00:00-04:00,33.7599983215332,34.130001068115234,33.720001220703125,33.93000030517578,1207600,0.0,0.0
2024-07-30 00:00:00-04:00,34.08000183105469,34.58000183105469,33.97999954223633,34.47999954223633,1051700,0.0,0.0
2024-07-31 00:00:00-04:00,34.45000076293945,34.97999954223633,34.20000076293945,34.619998931884766,2283700,0.0,0.0
2024-08-01 00:00:00-04:00,34.84000015258789,34.880001068115234,34.02000045776367,34.5,1070500,0.0,0.0
2024-08-02 00:00:00-04:00,34.20000076293945,34.709999084472656,34.029998779296875,34.630001068115234,1093100,0.0,0.0
2024-08-05 00:00:00-04:00,33.880001068115234,33.91999816894531,33.2400016784668,33.380001068115234,1368800,0.0,0.0
2024-08-06 00:00:00-04:00,33.380001068115234,33.849998474121094,33.18000030517578,33.4900016784668,1024800,0.0,0.0
2024-08-07 00:00:00-04:00,33.75,33.959999084472656,33.439998626708984,33.5,766900,0.0,0.0
2024-08-08 00:00:00-04:00,33.540000915527344,33.970001220703125,33.43000030517578,33.91999816894531,746100,0.0,0.0
2024-08-09 00:00:00-04:00,33.900001525878906,33.900001525878906,33.630001068115234,33.84000015258789,1112900,0.0,0.0
2024-08-12 00:00:00-04:00,33.970001220703125,33.97999954223633,33.630001068115234,33.709999084472656,619600,0.0,0.0
2024-08-13 00:00:00-04:00,33.88999938964844,33.88999938964844,33.4900016784668,33.77000045776367,773000,0.0,0.0
2024-08-14 00:00:00-04:00,33.93000030517578,34.310001373291016,33.75,34.22999954223633,893300,0.0,0.0
2024-08-15 00:00:00-04:00,34.47999954223633,34.70000076293945,34.43000030517578,34.5099983215332,803200,0.0,0.0
2024-08-16 00:00:00-04:00,34.560001373291016,34.95000076293945,34.43000030517578,34.7400016784668,856400,0.0,0.0
2024-08-19 00:00:00-04:00,34.720001220703125,34.959999084472656,34.709999084472656,34.86000061035156,856500,0.0,0.0
2024-08-20 00:00:00-04:00,34.79999923706055,34.86000061035156,34.59000015258789,34.63999938964844,805500,0.0,0.0
2024-08-21 00:00:00-04:00,34.810001373291016,34.86000061035156,34.54999923706055,34.779998779296875,788000,0.0,0.0
2024-08-22 00:00:00-04:00,34.7400016784668,34.91999816894531,34.650001525878906,34.810001373291016,690500,0.0,0.0
2024-08-23 00:00:00-04:00,34.91999816894531,35.38999938964844,34.91999816894531,35.2400016784668,825400,0.0,0.0
2024-08-26 00:00:00-04:00,35.34000015258789,35.56999969482422,35.150001525878906,35.18000030517578,821100,0.0,0.0
2024-08-27 00:00:00-04:00,35.150001525878906,35.33000183105469,34.97999954223633,35.16999816894531,808800,0.0,0.0
2024-08-28 00:00:00-04:00,35.209999084472656,35.5,35.16999816894531,35.369998931884766,1000100,0.0,0.0
2024-08-29 00:00:00-04:00,35.5,35.7400016784668,35.290000915527344,35.65999984741211,1226600,0.0,0.0
2024-08-30 00:00:00-04:00,35.72999954223633,35.90999984741211,35.59000015258789,35.869998931884766,1043000,0.0,0.0
2024-09-03 00:00:00-04:00,35.779998779296875,36.060001373291016,35.619998931884766,35.7599983215332,994700,0.0,0.0
2024-09-04 00:00:00-04:00,35.86000061035156,36.04999923706055,35.630001068115234,35.900001525878906,806600,0.0,0.0
2024-09-05 00:00:00-04:00,36.09000015258789,36.09000015258789,35.38999938964844,35.4900016784668,841400,0.0,0.0
2024-09-06 00:00:00-04:00,35.22999954223633,35.380001068115234,34.939998626708984,34.95000076293945,1039700,0.0,0.0
2024-09-09 00:00:00-04:00,35.060001373291016,35.290000915527344,34.7400016784668,35.02000045776367,1327800,0.0,0.0
2024-09-10 00:00:00-04:00,35.130001068115234,35.290000915527344,34.7400016784668,34.91999816894531,1362500,0.0,0.0
2024-09-11 00:00:00-04:00,34.790000915527344,34.790000915527344,33.95000076293945,34.310001373291016,1194200,0.0,0.0
2024-09-12 00:00:00-04:00,34.310001373291016,34.58000183105469,34.2400016784668,34.540000915527344,1131400,0.0,0.0
2024-09-13 00:00:00-04:00,34.7400016784668,35.060001373291016,34.63999938964844,35.04999923706055,937600,0.0,0.0
2024-09-16 00:00:00-04:00,35.25,35.52000045776367,35.209999084472656,35.470001220703125,1161400,0.0,0.0
2024-09-17 00:00:00-04:00,35.470001220703125,35.61000061035156,35.220001220703125,35.38999938964844,951700,0.0,0.0
2024-09-18 00:00:00-04:00,35.529998779296875,35.83000183105469,35.369998931884766,35.5099983215332,1227700,0.0,0.0
2024-09-19 00:00:00-04:00,35.68000030517578,35.709999084472656,35.279998779296875,35.58000183105469,1084200,0.0,0.0
2024-09-20 00:00:00-04:00,35.459999084472656,35.4900016784668,34.9900016784668,35.31999969482422,7468000,0.0,0.0
2024-09-23 00:00:00-04:00,35.40999984741211,35.65999984741211,35.29999923706055,35.650001525878906,1171700,0.0,0.0
2024-09-24 00:00:00-04:00,35.52000045776367,35.650001525878906,35.099998474121094,35.189998626708984,1465700,0.0,0.0
2024-09-25 00:00:00-04:00,35.38999938964844,35.43000030517578,35.11000061035156,35.29999923706055,1222500,0.0,0.0
2024-09-26 00:00:00-04:00,35.31999969482422,35.619998931884766,35.2400016784668,35.43000030517578,900100,0.0,0.0
2024-09-27 00:00:00-04:00,35.459999084472656,35.689998626708984,35.349998474121094,35.380001068115234,796200,0.0,0.0
2024-09-30 00:00:00-04:00,35.459999084472656,35.459999084472656,35.060001373291016,35.41999816894531,882500,0.0,0.0
2024-10-01 00:00:00-04:00,35.47999954223633,35.68000030517578,35.2599983215332,35.470001220703125,710400,0.0,0.0
2024-10-02 00:00:00-04:00,35.38999938964844,35.619998931884766,35.189998626708984,35.33000183105469,1084300,0.0,0.0
2024-10-03 00:00:00-04:00,35.29999923706055,35.439998626708984,35.08000183105469,35.33000183105469,931500,0.0,0.0
2024-10-04 00:00:00-04:00,35.470001220703125,35.88999938964844,35.43000030517578,35.86000061035156,746900,0.0,0.0
2024-10-07 00:00:00-04:00,35.709999084472656,35.83000183105469,34.599998474121094,34.709999084472656,1203100,0.0,0.0
2024-10-08 00:00:00-04:00,34.900001525878906,35.04999923706055,34.72999954223633,34.88999938964844,751200,0.0,0.0
2024-10-09 00:00:00-04:00,34.84000015258789,35.380001068115234,34.84000015258789,35.13999938964844,633300,0.0,0.0
2024-10-10 00:00:00-04:00,35.34000015258789,35.470001220703125,35.029998779296875,35.22999954223633,878100,0.0,0.0
2024-10-11 00:00:00-04:00,35.459999084472656,35.65999984741211,35.310001373291016,35.41999816894531,710200,0.0,0.0
2024-10-14 00:00:00-04:00,35.54999923706055,35.720001220703125,35.38999938964844,35.63999938964844,542600,0.0,0.0
2024-10-15 00:00:00-04:00,35.810001373291016,36.38999938964844,35.65999984741211,35.91999816894531,795600,0.0,0.0
2024-10-16 00:00:00-04:00,35.810001373291016,36.349998474121094,35.810001373291016,36.16999816894531,936400,0.0,0.0
2024-10-17 00:00:00-04:00,36.279998779296875,36.5,36.189998626708984,36.41999816894531,710800,0.0,0.0
2024-10-18 00:00:00-04:00,36.380001068115234,36.470001220703125,36.189998626708984,36.400001525878906,819200,0.0,0.0
2024-10-21 00:00:00-04:00,36.33000183105469,36.4900016784668,35.90999984741211,35.959999084472656,894600,0.0,0.0
2024-10-22 00:00:00-04:00,35.93000030517578,35.939998626708984,35.369998931884766,35.77000045776367,882200,0.0,0.0
2024-10-23 00:00:00-04:00,35.709999084472656,35.880001068115234,35.56999969482422,35.790000915527344,1064800,0.0,0.0
2024-10-24 00:00:00-04:00,35.20000076293945,35.33000183105469,34.400001525878906,34.93000030517578,1561200,0.0,0.0
2024-10-25 00:00:00-04:00,35.20000076293945,35.27000045776367,34.349998474121094,34.400001525878906,1187600,0.0,0.0
