Date,Open,High,Low,Close,Volume,Dividends,Stock Splits
2013-11-01 00:00:00-04:00,522.7174200405732,552.5869869000345,479.40654809435426,540.63916015625,977840,0.0,0.0
2013-11-04 00:00:00-05:00,549.600015470297,549.600015470297,518.0875989710144,527.944580078125,105773,0.0,0.0
2013-11-05 00:00:00-05:00,524.3602564590599,530.1847975324877,520.0291329187528,527.944580078125,22513,0.0,0.0
2013-11-06 00:00:00-05:00,531.827628791941,544.9701887676864,531.827628791941,536.15869140625,36640,0.0,0.0
2013-11-07 00:00:00-05:00,549.6000320819159,549.6000320819159,509.5748002002532,527.3472290039062,58913,0.0,0.0
2013-11-08 00:00:00-05:00,527.1978159019022,529.5874053810429,518.6850021333639,521.9706420898438,32553,0.0,0.0
2013-11-11 00:00:00-05:00,527.9445767242611,527.9445767242611,506.58782497438585,511.366943359375,28700,0.0,0.0
2013-11-12 00:00:00-05:00,515.8473703672365,515.8473703672365,504.0489163371844,507.6332702636719,22093,0.0,0.0
2013-11-13 00:00:00-05:00,500.31521843258145,515.25000107236,493.5945662446811,510.0228271484375,27967,0.0,0.0
2013-11-14 00:00:00-05:00,510.0228419764435,511.5163202838416,500.912630378294,502.5554504394531,39087,0.0,0.0
2013-11-15 00:00:00-05:00,504.0489378700313,505.542416204461,497.7763410193843,501.0619812011719,61613,0.0,0.0
2013-11-18 00:00:00-05:00,518.9837044719983,572.3008671371786,511.96436868057907,562.1452026367188,44640,0.0,0.0
2013-11-19 00:00:00-05:00,564.2361139380032,569.4632879884113,521.9706658907463,525.1069946289062,54353,0.0,0.0
2013-11-20 00:00:00-05:00,537.3535116699433,537.3535116699433,504.0489329812261,509.87347412109375,27840,0.0,0.0
2013-11-21 00:00:00-05:00,521.9706690417786,527.197843123742,511.96437652454904,525.5549926757812,26293,0.0,0.0
2013-11-22 00:00:00-05:00,531.6782593523521,561.5478244845067,526.7497689515894,557.9635009765625,28987,0.0,0.0
2013-11-25 00:00:00-05:00,573.3463125761085,582.4565547923143,566.0282929904798,570.5087280273438,4013,0.0,0.0
2013-11-26 00:00:00-05:00,583.9499989639564,601.8717380625945,578.1254580648134,598.2874145507812,52647,0.0,0.0
2013-11-27 00:00:00-05:00,614.4169173804943,619.7934632977378,602.6184637123789,604.5599975585938,27573,0.0,0.0
2013-11-29 00:00:00-05:00,617.403897902283,622.7804440291545,604.858704632632,607.6962890625,11327,0.0,0.0
2013-12-02 00:00:00-05:00,621.2869918765211,649.961763963018,616.5078733237366,643.539794921875,30567,0.0,0.0
2013-12-03 00:00:00-05:00,649.6630646223562,652.5006491024466,630.546530107097,644.13720703125,23693,0.0,0.0
2013-12-04 00:00:00-05:00,654.5915708836833,664.7472357854443,619.4948297699517,624.5726318359375,35340,0.0,0.0
2013-12-05 00:00:00-05:00,630.8452013865298,649.065685024784,623.527182119864,645.1826171875,21707,0.0,0.0
2013-12-06 00:00:00-05:00,664.4484650647873,667.584793772978,631.8906870491832,634.728271484375,22960,0.0,0.0
2013-12-09 00:00:00-05:00,640.5527974067091,645.3319764246985,616.8065175288866,622.03369140625,18120,0.0,0.0
2013-12-10 00:00:00-05:00,621.8843162722601,627.2608622566598,589.6252226752173,592.1641235351562,38227,0.0,0.0
2013-12-11 00:00:00-05:00,589.1771747334867,589.1771747334867,561.8465103675579,571.7034912109375,36733,0.0,0.0
2013-12-12 00:00:00-05:00,567.5217708871851,580.6643924722146,565.2815533705251,578.573486328125,25300,0.0,0.0
2013-12-13 00:00:00-05:00,578.7228271319866,590.969336739274,578.7228271319866,587.8330688476562,27927,0.0,0.0
2013-12-16 00:00:00-05:00,597.5406976342085,617.7026548696621,590.3719895743119,614.7156982421875,39153,0.0,0.0
2013-12-17 00:00:00-05:00,618.4493913128855,633.6828578922066,609.6378328386261,633.2348022460938,40820,0.0,0.0
2013-12-18 00:00:00-05:00,639.2086920226408,656.5330640582715,635.0269407619935,654.2928466796875,42513,0.0,0.0
2013-12-19 00:00:00-05:00,649.8124156122623,651.1565217391304,600.676944367782,601.125,106027,0.0,0.0
2013-12-20 00:00:00-05:00,611.8780663534959,633.3841910030859,576.4826416985043,616.5078735351562,203493,0.0,0.0
2013-12-23 00:00:00-05:00,633.8321624748426,647.4228392326233,624.8712927276782,640.4035034179688,48620,0.0,0.0
2013-12-24 00:00:00-05:00,645.1826116059669,649.5136742741109,641.598288071626,647.1241455078125,12353,0.0,0.0
2013-12-26 00:00:00-05:00,651.9032993544611,651.9032993544611,631.890713785287,638.3126220703125,24333,0.0,0.0
2013-12-27 00:00:00-05:00,652.7993761319335,654.1434822670335,642.942395241913,649.9617309570312,21473,0.0,0.0
2013-12-30 00:00:00-05:00,651.1565582260956,691.1817900141345,651.1565582260956,686.7013549804688,37980,0.0,0.0
2013-12-31 00:00:00-05:00,691.3310505253841,702.9801929098438,681.0260750140071,696.1102294921875,30720,0.0,0.0
2014-01-02 00:00:00-05:00,699.993241044905,699.993241044905,653.8447875976562,653.8447875976562,53253,0.0,0.0
2014-01-03 00:00:00-05:00,668.9288976514063,674.7534994083026,623.9752378619374,637.1178588867188,83153,0.0,0.0
2014-01-06 00:00:00-05:00,667.1367311135489,672.0652215589384,638.6113326159191,641.89697265625,73420,0.0,0.0
2014-01-07 00:00:00-05:00,654.7408808269997,683.8637084960938,643.9878489185228,683.8637084960938,111820,0.0,0.0
2014-01-08 00:00:00-05:00,615.7611013542554,619.7934805193396,577.8267169280674,582.6058959960938,329353,0.0,0.0
2014-01-09 00:00:00-05:00,602.6185221033772,604.8587396576648,545.1196048766609,569.0152587890625,144540,0.0,0.0
2014-01-10 00:00:00-05:00,574.5410856712416,593.5082477891325,569.015228155448,589.1771850585938,74280,0.0,0.0
2014-01-13 00:00:00-05:00,604.5600445811305,606.3522064363441,582.4565529807246,583.8006591796875,81600,0.0,0.0
2014-01-14 00:00:00-05:00,591.4174014882261,592.4628241348793,561.5478357564975,570.2100219726562,46173,0.0,0.0
2014-01-15 00:00:00-05:00,578.8721836016163,594.7030163051564,575.5864828948543,588.430419921875,38060,0.0,0.0
2014-01-16 00:00:00-05:00,595.8978375160863,596.9432601647886,567.9698056561318,581.1124267578125,39267,0.0,0.0
2014-01-17 00:00:00-05:00,585.443469858631,588.4304263375016,563.7880353868194,573.1969604492188,27233,0.0,0.0
2014-01-21 00:00:00-05:00,582.3071676440208,582.3071676440208,569.0152350184345,573.9437255859375,22893,0.0,0.0
2014-01-22 00:00:00-05:00,574.9891482469744,577.5280492151463,571.2554524791369,573.9437255859375,16740,0.0,0.0
2014-01-23 00:00:00-05:00,578.5734431314364,578.722815262644,563.7880329332853,567.521728515625,20760,0.0,0.0
2014-01-24 00:00:00-05:00,567.5217635766634,573.4956768774704,552.5869803246459,566.7750244140625,38007,0.0,0.0
2014-01-27 00:00:00-05:00,568.4178509301116,576.9306648711269,560.0543483534523,563.638671875,15640,0.0,0.0
2014-01-28 00:00:00-05:00,568.1191288115516,570.3593462923067,539.2950458416681,544.97021484375,32647,0.0,0.0
2014-01-29 00:00:00-05:00,539.7430251221255,540.6391363964431,511.21762648683705,529.4380493164062,46893,0.0,0.0
2014-01-30 00:00:00-05:00,534.5158434516754,552.5869546550663,530.6328364484032,549.898681640625,28700,0.0,0.0
2014-01-31 00:00:00-05:00,539.8924017458546,549.0026436212652,530.3341649993478,548.853271484375,24213,0.0,0.0
2014-02-03 00:00:00-05:00,549.6000232386217,558.5608931827296,515.2500217862079,539.7430419921875,52373,0.0,0.0
2014-02-04 00:00:00-05:00,539.8924017458546,559.7556751535323,538.6976069600945,548.853271484375,31033,0.0,0.0
2014-02-05 00:00:00-05:00,544.3728471852257,545.1195863446019,528.990008348119,534.06787109375,23880,0.0,0.0
2014-02-06 00:00:00-05:00,534.2171830353578,559.4570031111516,530.0354315844193,553.0350341796875,23780,0.0,0.0
2014-02-07 00:00:00-05:00,554.6778374365965,579.3202303250846,554.6778374365965,573.7943725585938,40373,0.0,0.0
2014-02-10 00:00:00-05:00,576.4826186223619,581.7097926254144,562.7426305397241,570.2100219726562,20680,0.0,0.0
2014-02-11 00:00:00-05:00,575.7359071928879,589.6252680806822,570.3593607944547,584.69677734375,28460,0.0,0.0
2014-02-12 00:00:00-05:00,585.7421506455569,588.1317401255238,556.3206416186101,559.4569702148438,34307,0.0,0.0
2014-02-13 00:00:00-05:00,552.5869718845124,552.5869718845124,536.3080826963703,544.0741577148438,44200,0.0,0.0
2014-02-14 00:00:00-05:00,564.833501407758,564.833501407758,547.3598168174747,551.9896240234375,17187,0.0,0.0
2014-02-18 00:00:00-05:00,556.1712655739602,564.9828235457746,548.2558796130587,550.944091796875,16593,0.0,0.0
2014-02-19 00:00:00-05:00,551.0934634946946,552.7363138455464,530.334140532754,534.8145751953125,21813,0.0,0.0
2014-02-20 00:00:00-05:00,533.3210990368596,539.8923789261099,530.1847704530264,532.4249877929688,19773,0.0,0.0
2014-02-21 00:00:00-05:00,530.3341491160476,537.0548012186571,523.3147527486051,525.2562866210938,16060,0.0,0.0
2014-02-24 00:00:00-05:00,507.78262549232073,514.9513335355817,493.4452397906928,509.4254455566406,95140,0.0,0.0
2014-02-25 00:00:00-05:00,502.555432235859,507.4839226257101,489.8608670827986,497.47760009765625,36293,0.0,0.0
2014-02-26 00:00:00-05:00,503.15285955055435,526.4511156112654,497.62697145362694,521.6719970703125,42233,0.0,0.0
2014-02-27 00:00:00-05:00,521.2238968224727,539.1456353951652,515.2499839649086,537.2041015625,21020,0.0,0.0
2014-02-28 00:00:00-05:00,537.8015316370181,542.1325941695776,528.8406623119012,534.8145751953125,17253,0.0,0.0
2014-03-03 00:00:00-05:00,528.6913226687233,541.3858883260232,523.3147764353635,528.3926391601562,15773,0.0,0.0
2014-03-04 00:00:00-05:00,533.7691008941332,545.1195598733837,527.0484487861053,541.3858642578125,23180,0.0,0.0
2014-03-05 00:00:00-05:00,541.5352545111916,545.866317262266,532.8730682392556,538.39892578125,10093,0.0,0.0
2014-03-06 00:00:00-05:00,548.8532657729847,556.3206571440458,531.2302099833233,534.6652221679688,17380,0.0,0.0
2014-03-07 00:00:00-05:00,536.0093655926743,536.0093655926743,518.0876250554575,520.6265869140625,18733,0.0,0.0
2014-03-10 00:00:00-04:00,517.6395784118197,524.210858310649,508.97739253079226,519.133056640625,29373,0.0,0.0
2014-03-11 00:00:00-04:00,520.1784961069019,521.223918746993,503.30217942044885,509.2760925292969,36780,0.0,0.0
2014-03-12 00:00:00-04:00,504.7956362247348,541.6845359487394,500.3152015836868,529.1393432617188,39460,0.0,0.0
2014-03-13 00:00:00-04:00,533.3210953264108,537.3534743562959,513.4578228964921,523.9121704101562,28293,0.0,0.0
2014-03-14 00:00:00-04:00,518.0876112637693,535.8600399519416,518.0876112637693,526.899169921875,23147,0.0,0.0
2014-03-17 00:00:00-04:00,529.1393817526942,532.8730775584996,524.2108911350734,528.8406982421875,10660,0.0,0.0
2014-03-18 00:00:00-04:00,530.0354375560161,542.1326363950611,525.4056911726425,534.9639282226562,15613,0.0,0.0
2014-03-19 00:00:00-04:00,535.2625775903757,537.6521670853358,520.0291116769149,522.418701171875,10493,0.0,0.0
2014-03-20 00:00:00-04:00,521.8213181084488,532.8730945070178,515.2500375891412,531.0809326171875,14080,0.0,0.0
2014-03-21 00:00:00-04:00,532.27562429909,536.158692059244,510.32150616538456,514.8019409179688,70920,0.0,0.0
2014-03-24 00:00:00-04:00,515.2500090579346,519.8798160559352,495.83479132531676,505.6917419433594,30533,0.0,0.0
2014-03-25 00:00:00-04:00,511.3669330381015,511.66567730658574,491.20500686875613,493.89324951171875,72067,0.0,0.0
2014-03-26 00:00:00-04:00,494.78937121633976,499.867173110695,472.5365385470595,479.10784912109375,47453,0.0,0.0
2014-03-27 00:00:00-04:00,476.71825719417484,478.0623937298419,463.127610855527,477.4649963378906,31973,0.0,0.0
2014-03-28 00:00:00-04:00,477.91306088810757,492.84784404086093,472.8352285391926,488.0687255859375,26513,0.0,0.0
2014-03-31 00:00:00-04:00,488.06872619804824,515.2500194161911,482.54283819366276,507.035888671875,35693,0.0,0.0
2014-04-01 00:00:00-04:00,507.18521572687047,528.5419368121743,502.555439154874,518.53564453125,27187,0.0,0.0
2014-04-02 00:00:00-04:00,521.2239513243626,544.9702331083014,514.3539265118847,541.9832763671875,26773,0.0,0.0
2014-04-03 00:00:00-04:00,543.775481465409,549.4506504744023,519.4317726576003,528.8406982421875,46007,0.0,0.0
2014-04-04 00:00:00-04:00,532.5743989757996,532.5743989757996,511.36695798676595,515.9967651367188,28627,0.0,0.0
2014-04-07 00:00:00-04:00,512.2630616666107,515.2500182944043,499.71783775289856,508.2306823730469,21353,0.0,0.0
2014-04-08 00:00:00-04:00,507.03587621165934,510.1722049085122,484.33501850282664,495.984130859375,44333,0.0,0.0
2014-04-09 00:00:00-04:00,496.13346691321715,500.31521820440526,480.45194514860145,489.8608703613281,22667,0.0,0.0
2014-04-10 00:00:00-04:00,489.2634983873068,492.54916896812585,465.51718669072426,475.6728515625,43000,0.0,0.0
2014-04-11 00:00:00-04:00,465.9652359375,475.3741615094264,451.77719189453126,466.71197509765625,32340,0.0,0.0
2014-04-14 00:00:00-04:00,471.789788009404,473.43260801702706,450.1343532578365,462.82891845703125,43987,0.0,0.0
2014-04-15 00:00:00-04:00,462.97828057051476,474.1793680036724,438.48522997303127,461.48480224609375,38847,0.0,0.0
2014-04-16 00:00:00-04:00,463.12760527152057,471.6404496381754,458.49782871328364,463.2769470214844,14913,0.0,0.0
2014-04-17 00:00:00-04:00,463.72499830565164,474.03000434497807,460.8873835433889,472.0884704589844,19200,0.0,0.0
2014-04-21 00:00:00-04:00,475.07545550381224,488.0687353372416,470.4456787109375,470.4456787109375,20113,0.0,0.0
2014-04-22 00:00:00-04:00,470.14698847093257,473.58197038462447,462.9782803629676,469.5495910644531,26380,0.0,0.0
2014-04-23 00:00:00-04:00,466.7119649050459,478.659791206615,463.87435008144445,465.3678283691406,29413,0.0,0.0
2014-04-24 00:00:00-04:00,468.80283596633524,469.2508612172942,449.088904532024,458.0497741699219,27060,0.0,0.0
2014-04-25 00:00:00-04:00,455.5108882432,456.40696915948644,442.9656642605068,446.5500183105469,31373,0.0,0.0
2014-04-28 00:00:00-04:00,448.04349318628044,450.13436889812857,433.1087100800711,446.1019592285156,64520,0.0,0.0
2014-04-29 00:00:00-04:00,404.4339466300406,442.5176443004251,390.39524415692,425.6413269042969,146953,0.0,0.0
2014-04-30 00:00:00-04:00,423.69977140979233,432.51129924576327,410.7065226648965,412.0506591796875,42600,0.0,0.0
2014-05-01 00:00:00-04:00,413.394808110805,418.77132394655973,406.52478358106356,415.0376281738281,24673,0.0,0.0
2014-05-02 00:00:00-04:00,415.4856421943183,433.1086979187632,415.3363004444284,431.017822265625,23307,0.0,0.0
2014-05-05 00:00:00-04:00,427.8815378168578,430.1217552923387,415.037630367746,416.6804504394531,26480,0.0,0.0
2014-05-06 00:00:00-04:00,415.18697148132605,417.87524460170954,396.8171760567917,397.7132873535156,38400,0.0,0.0
2014-05-07 00:00:00-04:00,397.4145596842327,399.80411882791526,380.8369570428744,387.8562927246094,38613,0.0,0.0
2014-05-08 00:00:00-04:00,385.1680603027344,400.5508685879876,381.73304805292867,385.1680603027344,47553,0.0,0.0
2014-05-09 00:00:00-04:00,383.82392145351633,389.64849287550953,383.82392145351633,387.5576171875,21033,0.0,0.0
2014-05-12 00:00:00-04:00,390.9926410602078,413.54415788805846,390.9926410602078,410.70654296875,35567,0.0,0.0
2014-05-13 00:00:00-04:00,409.2130568198108,416.3817648596629,402.94046007361067,406.97283935546875,33067,0.0,0.0
2014-05-14 00:00:00-04:00,404.2845594678078,410.70652824523614,398.7587019690111,402.0443420410156,20113,0.0,0.0
2014-05-15 00:00:00-04:00,399.65478739038554,406.67415363812535,392.3367376363138,405.33001708984375,21127,0.0,0.0
2014-05-16 00:00:00-04:00,403.8365510436734,408.91438349967143,397.4145819986031,408.3169860839844,16673,0.0,0.0
2014-05-19 00:00:00-04:00,404.7326060072284,409.8104381374342,399.0573764996644,399.50543212890625,17927,0.0,0.0
2014-05-20 00:00:00-04:00,396.0704266888161,397.26522146371695,379.9408795370147,388.3043518066406,25480,0.0,0.0
2014-05-21 00:00:00-04:00,388.6030480495264,390.24589851510456,376.0578544261995,379.19415283203125,23327,0.0,0.0
2014-05-22 00:00:00-04:00,378.29805730239724,393.83020697610044,375.75912601677385,390.69390869140625,15427,0.0,0.0
2014-05-23 00:00:00-04:00,392.3367354032948,423.25175429823986,390.84325711034757,407.7195739746094,33940,0.0,0.0
2014-05-27 00:00:00-04:00,417.42717485395843,425.4919635578114,410.7065226648965,412.0506591796875,25687,0.0,0.0
2014-05-28 00:00:00-04:00,412.6480668201374,414.8882842721796,400.55086827119425,401.297607421875,19333,0.0,0.0
2014-05-29 00:00:00-04:00,404.1352275474454,421.9076256426454,400.2521899901911,419.51806640625,19053,0.0,0.0
2014-05-30 00:00:00-04:00,418.1739328768025,432.9593744376397,415.48565972577956,428.0308837890625,27720,0.0,0.0
2014-06-02 00:00:00-04:00,429.3750104744934,432.9593644649984,401.2976063312473,402.4924011230469,23353,0.0,0.0
2014-06-03 00:00:00-04:00,399.80412678393486,417.12849928639423,395.7717475477828,411.751953125,24407,0.0,0.0
2014-06-04 00:00:00-04:00,411.45327667997265,411.45327667997265,400.25218929304054,400.5508728027344,16560,0.0,0.0
2014-06-05 00:00:00-04:00,403.98588397511764,407.8689215149052,392.18739921642555,401.74566650390625,16727,0.0,0.0
2014-06-06 00:00:00-04:00,405.330008040487,416.2323811667125,401.745654120058,410.8558654785156,18253,0.0,0.0
2014-06-09 00:00:00-04:00,410.70654296875,415.9337171519886,408.4663254616477,410.70654296875,19187,0.0,0.0
2014-06-10 00:00:00-04:00,407.5702197639585,409.810437134902,401.1482511466302,408.7649841308594,23513,0.0,0.0
2014-06-11 00:00:00-04:00,405.47935644989826,412.49869227131654,405.47935644989826,411.751953125,6107,0.0,0.0
2014-06-12 00:00:00-04:00,411.0052006713484,423.8491378800534,408.76498330493143,418.0245666503906,20407,0.0,0.0
2014-06-13 00:00:00-04:00,418.0245779908296,419.96608153012573,407.719571748772,414.14154052734375,13187,0.0,0.0
2014-06-16 00:00:00-04:00,416.680449060682,428.47893380281994,414.4402315926138,425.94000244140625,18407,0.0,0.0
2014-06-17 00:00:00-04:00,425.94001325447385,442.3682751040277,421.4595782045955,438.1865539550781,20200,0.0,0.0
2014-06-18 00:00:00-04:00,443.861752079304,453.86807522397856,438.4852361130806,443.4137268066406,23560,0.0,0.0
2014-06-19 00:00:00-04:00,445.8032858549801,458.19916826889227,440.72545340645365,447.44610595703125,15067,0.0,0.0
2014-06-20 00:00:00-04:00,445.9526197986965,450.28371299904927,430.12175570058434,447.74481201171875,38107,0.0,0.0
2014-06-23 00:00:00-04:00,451.0304523408523,453.2706698193665,435.9463273958358,439.6800231933594,19500,0.0,0.0
2014-06-24 00:00:00-04:00,442.66698001729026,445.9526201665333,430.42043956533297,431.615234375,13033,0.0,0.0
2014-06-25 00:00:00-04:00,443.8617248142286,446.54999782465524,433.1086935423077,435.7969665527344,13493,0.0,0.0
2014-06-26 00:00:00-04:00,443.7123990333442,443.7123990333442,434.60218743555697,439.2319641113281,10193,0.0,0.0
2014-06-27 00:00:00-04:00,438.63456112611397,453.7187161460776,433.10870361328125,433.10870361328125,51793,0.0,0.0
2014-06-30 00:00:00-04:00,434.9008596366255,435.49825702100884,411.15457947520537,414.8882751464844,29613,0.0,0.0
2014-07-01 00:00:00-04:00,415.63503124454564,419.51806882418026,405.7780499621498,413.0960998535156,40887,0.0,0.0
2014-07-02 00:00:00-04:00,418.1739266771789,438.9332812570605,404.88196364510407,406.97283935546875,45020,0.0,0.0
2014-07-03 00:00:00-04:00,410.70654650199066,418.02459649845963,403.239154747409,407.1221923828125,22687,0.0,0.0
2014-07-07 00:00:00-04:00,410.7065349980003,417.5765291428062,404.1352243610535,411.0052185058594,30887,0.0,0.0
2014-07-08 00:00:00-04:00,412.9467629833679,412.9467629833679,399.5054578591353,404.2845764160156,77667,0.0,0.0
2014-07-09 00:00:00-04:00,343.6493609539954,371.87610773886405,341.70785733729963,370.38262939453125,221473,0.0,0.0
2014-07-10 00:00:00-04:00,359.9282767410373,382.4797933976255,358.8828540662866,367.09698486328125,48313,0.0,0.0
2014-07-11 00:00:00-04:00,368.59045638921845,369.78522079761854,360.5256674967194,362.1684875488281,21707,0.0,0.0
2014-07-14 00:00:00-04:00,365.60350764981234,373.36958281847893,362.16849533392457,365.9021911621094,56400,0.0,0.0
2014-07-15 00:00:00-04:00,367.24632574662644,371.27870506525124,352.1622007595002,356.194580078125,41680,0.0,0.0
2014-07-16 00:00:00-04:00,355.7465272666244,361.7204406070204,339.7663212350229,341.7078552246094,63327,0.0,0.0
2014-07-17 00:00:00-04:00,339.61697975144733,342.90261993734805,329.7600288088507,333.64306640625,49260,0.0,0.0
2014-07-18 00:00:00-04:00,334.0910972486595,339.61698541607257,332.0002518508819,335.73394775390625,32807,0.0,0.0
2014-07-21 00:00:00-04:00,332.2989139897103,336.1819514020496,319.0069513531433,326.1756591796875,55160,0.0,0.0
2014-07-22 00:00:00-04:00,323.4873789230225,325.2795710320743,313.0330313006771,313.182373046875,49273,0.0,0.0
2014-07-23 00:00:00-04:00,312.13695388067333,317.5134694973332,309.1499973842076,313.63043212890625,39020,0.0,0.0
2014-07-24 00:00:00-04:00,314.22782950517797,317.8121833779154,310.7928173802852,313.63043212890625,19867,0.0,0.0
2014-07-25 00:00:00-04:00,309.29936275392754,313.6304560815566,307.8058843916344,308.70196533203125,16060,0.0,0.0
2014-07-28 00:00:00-04:00,308.25392989105256,316.16934671929533,303.47478105834756,311.3902282714844,30847,0.0,0.0
2014-07-29 00:00:00-04:00,313.63043438662754,317.2147882851676,310.49413611973984,315.27325439453125,31120,0.0,0.0
2014-07-30 00:00:00-04:00,316.7667372754928,320.7991468645225,316.7667372754928,318.5589294433594,24873,0.0,0.0
2014-07-31 00:00:00-04:00,315.2732555917258,319.60434863620435,312.88369644525613,314.0784912109375,10460,0.0,0.0
2014-08-01 00:00:00-04:00,313.92911562459574,315.1239103771391,309.74739476047927,313.63043212890625,16260,0.0,0.0
2014-08-04 00:00:00-04:00,313.63045108938155,322.4419793636336,308.7019604183049,321.5458984375,32153,0.0,0.0
2014-08-05 00:00:00-04:00,318.7082733665737,327.8184848644147,314.97457763918857,316.1693420410156,20553,0.0,0.0
2014-08-06 00:00:00-04:00,314.97457003782324,337.3767438614964,313.9291170284494,332.59759521484375,21513,0.0,0.0
2014-08-07 00:00:00-04:00,332.00024983203696,335.28589005276086,327.51981477565266,330.0587158203125,21613,0.0,0.0
2014-08-08 00:00:00-04:00,329.6106477192994,337.52609484076146,328.7145668188248,335.13653564453125,14893,0.0,0.0
2014-08-11 00:00:00-04:00,337.07804361500945,342.9026151217578,333.19500607214195,338.42218017578125,16033,0.0,0.0
2014-08-12 00:00:00-04:00,337.22739854901556,338.72087678814336,327.9678152354876,328.1171569824219,16133,0.0,0.0
2014-08-13 00:00:00-04:00,327.0717422520367,327.9678231401321,316.16933868967817,319.7536926269531,14507,0.0,0.0
2014-08-14 00:00:00-04:00,319.753701686063,332.29892562950397,318.260223368627,322.2926330566406,17260,0.0,0.0
2014-08-15 00:00:00-04:00,325.4289163669246,325.4289163669246,309.00065563636286,313.63043212890625,26967,0.0,0.0
2014-08-18 00:00:00-04:00,314.974572092752,320.20174601904506,311.2408764311141,314.0784912109375,17873,0.0,0.0
2014-08-19 00:00:00-04:00,314.07848898453545,324.83152025987056,313.9291168512143,320.50042724609375,11547,0.0,0.0
2014-08-20 00:00:00-04:00,317.36412605075054,337.82476578806546,317.36412605075054,336.18194580078125,21980,0.0,0.0
2014-08-21 00:00:00-04:00,336.0326188685803,337.07804152888053,323.6367367741373,328.7145690917969,16233,0.0,0.0
2014-08-22 00:00:00-04:00,328.863922722201,347.681774366355,328.863922722201,339.7663269042969,28680,0.0,0.0
2014-08-25 00:00:00-04:00,340.0650037473072,341.558482078011,332.29892858160497,334.83782958984375,17513,0.0,0.0
2014-08-26 00:00:00-04:00,333.6430607710772,334.38979992661456,328.71457019057294,331.55218505859375,15560,0.0,0.0
2014-08-27 00:00:00-04:00,330.65610428577935,333.7924026633556,320.50043961231023,327.5198059082031,18547,0.0,0.0
2014-08-28 00:00:00-04:00,323.4873952591153,324.9808735662995,315.2732645696023,316.6174011230469,18227,0.0,0.0
2014-08-29 00:00:00-04:00,316.61739436476716,324.5328413778436,312.8836986765034,315.7213134765625,15033,0.0,0.0
2014-09-02 00:00:00-04:00,317.0654690505885,320.5004510592286,308.4032823794356,319.6043701171875,23547,0.0,0.0
2014-09-03 00:00:00-04:00,319.6043554033021,323.3380511439949,310.7928273782884,319.0069580078125,36067,0.0,0.0
2014-09-04 00:00:00-04:00,317.8122079569248,331.2535132305465,316.7667548713727,323.6367492675781,46353,0.0,0.0
2014-09-05 00:00:00-04:00,321.2471620702935,325.8769385189149,317.06544124584843,325.2795715332031,19160,0.0,0.0
2014-09-08 00:00:00-04:00,323.63673449865274,336.03261650594044,321.8445726979119,331.1041259765625,24747,0.0,0.0
2014-09-09 00:00:00-04:00,329.3119609109852,333.94173750441036,316.16933988620394,318.5589294433594,17693,0.0,0.0
2014-09-10 00:00:00-04:00,317.2147962426531,324.831529477562,313.7797840068639,323.03936767578125,11833,0.0,0.0
2014-09-11 00:00:00-04:00,320.64978244947304,330.50676364785244,319.15630413273607,326.32501220703125,11880,0.0,0.0
2014-09-12 00:00:00-04:00,326.9223984071904,340.9611001803956,325.4289201416344,338.2728271484375,23087,0.0,0.0
2014-09-15 00:00:00-04:00,336.1819470238225,343.2013130094172,332.0002261668761,339.0195617675781,22373,0.0,0.0
2014-09-16 00:00:00-04:00,338.12348654762104,350.36999621283013,338.12348654762104,345.142822265625,24420,0.0,0.0
2014-09-17 00:00:00-04:00,345.1428396783454,346.03892060895276,330.0587144609549,335.285888671875,22027,0.0,0.0
2014-09-18 00:00:00-04:00,327.96783301671985,342.7532744626769,327.96783301671985,341.2597961425781,17007,0.0,0.0
2014-09-19 00:00:00-04:00,341.70784271289403,358.4347872995839,341.11044532374933,354.8504333496094,96387,0.0,0.0
2014-09-22 00:00:00-04:00,354.70108236204317,356.6426162299819,340.36369732038753,348.27911376953125,26293,0.0,0.0
2014-09-23 00:00:00-04:00,346.33761370609074,349.6232537159285,337.07803028627836,344.6947937011719,46633,0.0,0.0
2014-09-24 00:00:00-04:00,345.74023307637964,354.25304739557686,343.948071235989,350.9674072265625,11333,0.0,0.0
2014-09-25 00:00:00-04:00,349.1752501550733,350.2206728454301,339.7663244022829,346.18829345703125,16827,0.0,0.0
2014-09-26 00:00:00-04:00,345.74023218966886,346.9350270034613,339.46763537949437,344.097412109375,7393,0.0,0.0
2014-09-29 00:00:00-04:00,343.0519465283684,350.81805176473785,331.70151775125174,337.0780334472656,16633,0.0,0.0
2014-09-30 00:00:00-04:00,336.3313059194957,338.42218164702,323.0393731632293,325.1302185058594,16840,0.0,0.0
2014-10-01 00:00:00-04:00,324.38346126560845,325.5782560104294,315.2732500872492,320.0523986816406,24480,0.0,0.0
2014-10-02 00:00:00-04:00,320.05240661909005,337.526090289874,320.05240661909005,335.8832702636719,27840,0.0,0.0
2014-10-03 00:00:00-04:00,339.91566068588827,346.93502704417756,336.6300205249149,340.06500244140625,32820,0.0,0.0
2014-10-06 00:00:00-04:00,340.5130397468328,345.74021360259565,324.5328346846008,326.9223937988281,102833,0.0,0.0
2014-10-07 00:00:00-04:00,284.8062920399574,288.98804332208954,238.65782291949472,245.52783203125,377447,0.0,0.0
2014-10-08 00:00:00-04:00,247.91740146381775,254.33935521023446,234.17739786227338,242.83956909179688,87607,0.0,0.0
2014-10-09 00:00:00-04:00,247.32000010283082,247.46935704811767,231.33979446618469,238.95652770996094,43307,0.0,0.0
2014-10-10 00:00:00-04:00,238.9565344293143,246.27458437319098,234.17740070223854,239.8526153564453,33073,0.0,0.0
2014-10-13 00:00:00-04:00,239.70326399732474,246.27457450787495,231.78783214992112,233.87869262695312,24127,0.0,0.0
2014-10-14 00:00:00-04:00,234.02804243050852,258.9691319900362,234.02804243050852,258.3717346191406,70407,0.0,0.0
2014-10-15 00:00:00-04:00,253.89130214529874,261.50803513267914,247.76804740583185,260.0145568847656,34420,0.0,0.0
2014-10-16 00:00:00-04:00,257.62500344382374,267.3326122692432,254.33934818750015,258.07305908203125,21980,0.0,0.0
2014-10-17 00:00:00-04:00,260.9106435077007,264.94305309688787,255.3847860225731,258.07305908203125,21333,0.0,0.0
2014-10-20 00:00:00-04:00,257.0276003889386,262.1054325088231,254.93672476488112,260.0145568847656,21947,0.0,0.0
2014-10-21 00:00:00-04:00,262.5535087308911,262.8521922499444,256.5795952706651,258.6704406738281,17627,0.0,0.0
2014-10-22 00:00:00-04:00,258.52109237019914,260.7613098610759,253.29391822482003,253.74197387695312,19387,0.0,0.0
2014-10-23 00:00:00-04:00,254.19000236436966,258.22239669651276,249.26152715505987,250.15760803222656,13920,0.0,0.0
2014-10-24 00:00:00-04:00,249.8589242560152,259.5665486978008,247.61870673693716,258.222412109375,11233,0.0,0.0
2014-10-27 00:00:00-04:00,258.3717489447213,260.91064993068284,250.7550156019424,251.5017547607422,12640,0.0,0.0
2014-10-28 00:00:00-04:00,251.20305522857248,261.3587047161982,251.05369828183785,260.1639099121094,15233,0.0,0.0
2014-10-29 00:00:00-04:00,260.16391118035216,261.2093642352498,251.80043866564253,254.93673706054688,11240,0.0,0.0
2014-10-30 00:00:00-04:00,257.6250076252279,290.3321885833226,256.87826847269105,273.45587158203125,45267,0.0,0.0
2014-10-31 00:00:00-04:00,275.0986860164996,279.4297790896472,272.5597851037371,275.39739990234375,21180,0.0,0.0
2014-11-03 00:00:00-05:00,275.39740554581743,279.7284987077183,274.20261074774345,277.48828125,13873,0.0,0.0
2014-11-04 00:00:00-05:00,277.4882698373644,279.87782895033985,276.1441333410367,277.3388977050781,9467,0.0,0.0
2014-11-05 00:00:00-05:00,279.28044745262633,284.6569633586927,276.1441490394955,280.77392578125,21947,0.0,0.0
2014-11-06 00:00:00-05:00,280.1765260175246,290.1828489661219,280.0271842628966,287.1958923339844,13293,0.0,0.0
2014-11-07 00:00:00-05:00,306.611109544503,329.4613094824674,305.5656564953816,327.5198059082031,49107,0.0,0.0
2014-11-10 00:00:00-05:00,327.8184956050714,327.8184956050714,304.66958133683175,313.4811096191406,25967,0.0,0.0
2014-11-11 00:00:00-05:00,312.88370643850027,320.7991536479426,309.15001065761123,319.45501708984375,12600,0.0,0.0
2014-11-12 00:00:00-05:00,317.0654479314993,342.4545784459516,316.4680505482983,338.2728271484375,42027,0.0,0.0
2014-11-13 00:00:00-05:00,336.18194806804263,342.60391669833734,325.5782585678126,337.82476806640625,30033,0.0,0.0
2014-11-14 00:00:00-05:00,337.3767507130243,356.6426266696178,334.5391358940868,349.6232604980469,37000,0.0,0.0
2014-11-17 00:00:00-05:00,348.42848686926976,348.87651211203575,334.53912703056164,339.0195617675781,20927,0.0,0.0
2014-11-18 00:00:00-05:00,339.01956962765746,351.26607937214413,339.01956962765746,346.78564453125,22400,0.0,0.0
2014-11-19 00:00:00-05:00,347.2336942499334,347.2336942499334,325.87694305178684,328.5652160644531,18967,0.0,0.0
2014-11-20 00:00:00-05:00,325.4289393964671,346.4869781097808,325.4289393964671,344.9934997558594,21167,0.0,0.0
2014-11-21 00:00:00-05:00,350.0713137840912,350.0713137840912,330.35738232050215,331.8508605957031,20213,0.0,0.0
2014-11-24 00:00:00-05:00,333.0456608839213,350.22066133309215,331.70152433700747,350.0713195800781,21573,0.0,0.0
2014-11-25 00:00:00-05:00,349.62326849622826,352.75956689000435,343.20132995371415,345.29217529296875,18927,0.0,0.0
2014-11-26 00:00:00-05:00,339.76631463378675,344.097407798405,325.8769542332612,328.7145690917969,22160,0.0,0.0
2014-11-28 00:00:00-05:00,329.46129235764823,332.7469627035256,325.1301994018827,325.2795715332031,9273,0.0,0.0
2014-12-01 00:00:00-05:00,324.53284512003165,324.53284512003165,286.89717391742005,287.942626953125,53513,0.0,0.0
2014-12-02 00:00:00-05:00,288.3906624624977,294.0658923298166,284.8063083560276,285.2543640136719,19327,0.0,0.0
2014-12-03 00:00:00-05:00,284.80630511457616,284.80630511457616,279.28044745262633,280.77392578125,31633,0.0,0.0
2014-12-04 00:00:00-05:00,279.87784301116625,284.20893621252685,263.89760676957974,267.033935546875,34573,0.0,0.0
2014-12-05 00:00:00-05:00,267.1832589619102,276.1441282593367,261.2093460969593,261.9560852050781,22520,0.0,0.0
2014-12-08 00:00:00-05:00,260.76130053948793,266.1378162484158,254.04064830710476,259.267822265625,29760,0.0,0.0
2014-12-09 00:00:00-05:00,255.3847981847745,262.40413428501796,252.397841480859,261.0600280761719,23440,0.0,0.0
2014-12-10 00:00:00-05:00,260.91064404949407,260.91064404949407,251.20305039636307,253.44326782226562,19080,0.0,0.0
2014-12-11 00:00:00-05:00,256.7289208514051,267.0339269978634,247.76805122577068,255.8328399658203,20400,0.0,0.0
2014-12-12 00:00:00-05:00,254.19001622471254,267.3326225636541,254.04065927540972,263.4495849609375,14547,0.0,0.0
2014-12-15 00:00:00-05:00,264.6443457763755,277.3389114784513,264.6443457763755,271.0663146972656,33753,0.0,0.0
2014-12-16 00:00:00-05:00,269.12478494944816,283.7608848482083,268.37804577879496,278.3843688964844,20093,0.0,0.0
2014-12-17 00:00:00-05:00,280.3258686684701,298.84500592391515,279.8778434031534,294.0658874511719,20907,0.0,0.0
2014-12-18 00:00:00-05:00,293.3191438409558,295.70870304107666,284.8062993103522,286.7478332519531,22533,0.0,0.0
2014-12-19 00:00:00-05:00,286.299787839838,290.780222894514,279.87784915907264,284.0595703125,20667,0.0,0.0
2014-12-22 00:00:00-05:00,283.16347370319244,296.9034920078497,283.16347370319244,296.7541198730469,19120,0.0,0.0
2014-12-23 00:00:00-05:00,297.0528506192305,311.240894978966,295.8580557823475,298.9943542480469,22640,0.0,0.0
2014-12-24 00:00:00-05:00,298.6956526988789,305.8643605176092,297.0528326860137,301.9812927246094,9547,0.0,0.0
2014-12-26 00:00:00-05:00,306.0136973982036,309.1499956246637,289.13738113526733,290.630859375,16407,0.0,0.0
2014-12-29 00:00:00-05:00,290.78019799301853,301.38391768893194,288.24129716675014,298.2475891113281,16913,0.0,0.0
2014-12-30 00:00:00-05:00,294.6632792694956,298.69565850536054,280.02717984877546,287.942626953125,23680,0.0,0.0
2014-12-31 00:00:00-05:00,287.94264064098604,292.27370358728353,277.0402364333179,285.7024230957031,31487,0.0,0.0
2015-01-02 00:00:00-05:00,288.0919596932012,295.26063704214044,283.6115249557794,289.43609619140625,18720,0.0,0.0
2015-01-05 00:00:00-05:00,285.40370978258943,286.449162870155,270.76764002072815,273.605224609375,37687,0.0,0.0
2015-01-06 00:00:00-05:00,274.650675415952,279.13111047857797,261.80676764673643,275.99481201171875,30513,0.0,0.0
2015-01-07 00:00:00-05:00,278.2350251576866,305.41631862191383,278.2350251576866,303.77349853515625,45307,0.0,0.0
2015-01-08 00:00:00-05:00,309.15002058965354,323.7861206749091,291.3776220246703,316.7667541503906,74220,0.0,0.0
2015-01-09 00:00:00-05:00,290.63085766832967,291.52693852992866,267.33260334229266,271.6636962890625,118480,0.0,0.0
2015-01-12 00:00:00-05:00,273.7545921997248,282.267406593835,271.365002544983,274.3519592285156,36060,0.0,0.0
2015-01-13 00:00:00-05:00,275.24805193999606,278.23500842166766,254.93672355671504,257.17694091796875,36667,0.0,0.0
2015-01-14 00:00:00-05:00,255.3847902696378,268.22869762142443,249.41087704695622,265.3910827636719,35147,0.0,0.0
2015-01-15 00:00:00-05:00,265.3910679154773,267.1832600129479,257.6249933144479,260.76129150390625,21453,0.0,0.0
2015-01-16 00:00:00-05:00,259.26782990894577,273.7545878234276,253.44327358463804,271.0663146972656,31320,0.0,0.0
2015-01-20 00:00:00-05:00,272.11174848888805,276.2935001038779,264.046989550529,275.2480773925781,25033,0.0,0.0
2015-01-21 00:00:00-05:00,274.9493409865486,291.5269435592449,272.8584653501515,287.0465087890625,28953,0.0,0.0
2015-01-22 00:00:00-05:00,288.8387020011324,290.63086376190626,278.98175154709025,281.8193359375,16347,0.0,0.0
2015-01-23 00:00:00-05:00,280.6245874475677,282.8648049678225,272.85848181308074,281.22198486328125,16180,0.0,0.0
2015-01-26 00:00:00-05:00,279.5791230950222,292.42306066758033,278.3843586966892,285.1050109863281,17107,0.0,0.0
2015-01-27 00:00:00-05:00,280.32587229367505,288.98805882054853,274.6506728320119,282.416748046875,12693,0.0,0.0
2015-01-28 00:00:00-05:00,282.41674365896546,284.2089358702464,270.46891712333587,279.131103515625,17113,0.0,0.0
2015-01-29 00:00:00-05:00,279.1311088736034,286.7478423592932,276.59217745511035,285.2543640136719,15567,0.0,0.0
2015-01-30 00:00:00-05:00,281.6699917254877,286.89716559774985,271.5143578617427,272.1117248535156,17353,0.0,0.0
2015-02-02 00:00:00-05:00,272.709142266245,278.8323974609375,266.2872035537216,278.8323974609375,14000,0.0,0.0
2015-02-03 00:00:00-05:00,279.4297769208297,291.0789195257912,279.4297769208297,285.85174560546875,20187,0.0,0.0
2015-02-04 00:00:00-05:00,282.5660707471986,290.48151757016257,280.6245672668682,286.5984802246094,14753,0.0,0.0
2015-02-05 00:00:00-05:00,286.5984790524768,294.9619510821309,285.70239818945896,287.7932434082031,11980,0.0,0.0
2015-02-06 00:00:00-05:00,286.8971704842531,289.7347852830763,282.71544954615496,287.49456787109375,8447,0.0,0.0
2015-02-09 00:00:00-05:00,286.89717277627443,286.89717277627443,281.520657021542,285.1050109863281,10600,0.0,0.0
2015-02-10 00:00:00-05:00,285.5530417322603,295.4100229211852,281.67000418944747,291.228271484375,14853,0.0,0.0
2015-02-11 00:00:00-05:00,291.07893399758535,298.695667440335,287.9426355664408,298.54632568359375,17220,0.0,0.0
2015-02-12 00:00:00-05:00,298.6956707312736,304.22152848584415,296.15676968401567,298.9943542480469,37767,0.0,0.0
2015-02-13 00:00:00-05:00,298.0982597821262,309.59806081424017,297.3515206391926,301.23455810546875,26347,0.0,0.0
2015-02-17 00:00:00-05:00,298.84498764919675,306.01369530483106,295.55934769821823,297.0528259277344,39447,0.0,0.0
2015-02-18 00:00:00-05:00,295.70869512752785,307.5071794444431,295.41001162984105,299.1437072753906,12740,0.0,0.0
2015-02-19 00:00:00-05:00,298.8450070111932,301.68262190809975,294.0658885210622,296.90350341796875,18440,0.0,0.0
2015-02-20 00:00:00-05:00,296.6047746465984,298.0982528979759,285.8517433906373,292.273681640625,13333,0.0,0.0
2015-02-23 00:00:00-05:00,292.27368846523706,292.27368846523706,277.6376194909197,281.0726013183594,19307,0.0,0.0
2015-02-24 00:00:00-05:00,281.22198360568547,288.0919778934327,279.8778470225644,282.416748046875,11080,0.0,0.0
2015-02-25 00:00:00-05:00,282.86479004261616,287.4945665965429,275.8454239519205,276.5921630859375,10320,0.0,0.0
2015-02-26 00:00:00-05:00,278.23502826940995,283.16348858480154,267.033940664118,277.1895751953125,13240,0.0,0.0
2015-02-27 00:00:00-05:00,278.0856504817671,281.9687184140266,274.94935209292953,275.09869384765625,13773,0.0,0.0
2015-03-02 00:00:00-05:00,275.6960789210938,280.62456930091025,273.90391717473835,280.176513671875,15707,0.0,0.0
2015-03-03 00:00:00-05:00,278.53370150993254,286.2997764758231,278.0856458682915,283.91021728515625,13727,0.0,0.0
2015-03-04 00:00:00-05:00,283.61154644049617,283.61154644049617,271.5143778100266,278.8323974609375,15287,0.0,0.0
2015-03-05 00:00:00-05:00,277.93630198204227,279.72849414995216,274.05326452891103,278.2350158691406,11653,0.0,0.0
2015-03-06 00:00:00-05:00,276.59217231950566,280.6245820087486,269.7221781341846,271.0663146972656,10387,0.0,0.0
2015-03-09 00:00:00-04:00,272.4104547043818,277.1895732280977,269.2741562741373,271.5143737792969,9727,0.0,0.0
2015-03-10 00:00:00-04:00,268.97544451474613,275.09869966722897,267.03394089243903,273.1571960449219,8600,0.0,0.0
2015-03-11 00:00:00-04:00,274.65066298635577,282.41673792282126,271.514364661433,277.04022216796875,10120,0.0,0.0
2015-03-12 00:00:00-04:00,275.8454406142097,283.4622045491839,275.696098855364,282.86480712890625,9640,0.0,0.0
2015-03-13 00:00:00-04:00,283.0141376073489,287.64391425640065,279.87783925701666,282.7154541015625,9173,0.0,0.0
2015-03-16 00:00:00-04:00,283.3128131245293,287.49456439698815,276.89087485205187,278.98175048828125,12980,0.0,0.0
2015-03-17 00:00:00-04:00,277.4882856122357,285.8517581755494,277.18957171557435,280.77392578125,13600,0.0,0.0
2015-03-18 00:00:00-04:00,279.579135257824,285.2543651477049,277.78697338991157,284.0595703125,4827,0.0,0.0
2015-03-19 00:00:00-04:00,283.31280667854503,296.90348281237215,283.1634649332607,290.1828308105469,10913,0.0,0.0
2015-03-20 00:00:00-04:00,292.2736767339561,296.00737229971895,279.4297700647105,280.9232482910156,15893,0.0,0.0
2015-03-23 00:00:00-04:00,279.5791166532927,301.08520956159816,279.13109140857574,296.30609130859375,18007,0.0,0.0
2015-03-24 00:00:00-04:00,296.1567597336315,308.70195317493096,290.48153002645773,297.6502380371094,27987,0.0,0.0
2015-03-25 00:00:00-04:00,296.9035120155477,298.8450156649932,281.9687283202967,284.50762939453125,15700,0.0,0.0
2015-03-26 00:00:00-04:00,276.293483095021,283.6115327783002,270.0208864435779,273.0078430175781,20867,0.0,0.0
2015-03-27 00:00:00-04:00,278.2350158691406,280.0271776521571,272.11173060989876,278.2350158691406,9840,0.0,0.0
2015-03-30 00:00:00-04:00,278.83237732794004,291.2282589660951,277.04021558056735,284.20892333984375,17013,0.0,0.0
2015-03-31 00:00:00-04:00,284.20894587458434,292.2737047621037,279.8778525259825,284.50762939453125,10887,0.0,0.0
2015-04-01 00:00:00-04:00,282.71544157248826,285.85173978382943,277.63760950489694,279.7284851074219,12600,0.0,0.0
2015-04-02 00:00:00-04:00,278.83238801523396,303.7734939956374,278.83238801523396,300.4878234863281,27473,0.0,0.0
2015-04-06 00:00:00-04:00,294.21522549831514,319.9030401391343,294.21522549831514,317.81219482421875,26400,0.0,0.0
2015-04-07 00:00:00-04:00,317.3641401618714,333.9417432886421,314.9745809482196,324.68218994140625,31740,0.0,0.0
2015-04-08 00:00:00-04:00,324.6821964583689,330.65610980485263,315.7213264386433,329.61065673828125,19627,0.0,0.0
2015-04-09 00:00:00-04:00,328.86391288071917,340.51305589421577,324.5328500741905,338.42218017578125,18280,0.0,0.0
2015-04-10 00:00:00-04:00,339.76632394550165,339.76632394550165,326.62370233782764,331.2535095214844,9900,0.0,0.0
2015-04-13 00:00:00-04:00,330.0587056547737,335.13653797259514,323.93545067661864,332.7469787597656,10127,0.0,0.0
2015-04-14 00:00:00-04:00,332.00022735465274,350.9673889885896,327.6691343497299,341.857177734375,18800,0.0,0.0
2015-04-15 00:00:00-04:00,338.27284881400476,346.63632155980025,330.65611524881416,335.73394775390625,28993,0.0,0.0
2015-04-16 00:00:00-04:00,333.6430573487757,342.4545853707124,328.565225066228,335.13653564453125,12333,0.0,0.0
2015-04-17 00:00:00-04:00,333.3443557951898,335.58457332172975,327.96783980847283,334.0910949707031,10847,0.0,0.0
2015-04-20 00:00:00-04:00,334.0910979630579,343.649365572218,329.0132958320028,342.60394287109375,14433,0.0,0.0
2015-04-21 00:00:00-04:00,338.42219057314674,343.94807874055977,329.31197864674635,335.73394775390625,25933,0.0,0.0
2015-04-22 00:00:00-04:00,335.4352053676254,336.03260273836094,322.29261513590495,329.31195068359375,8893,0.0,0.0
2015-04-23 00:00:00-04:00,336.0326306573276,336.0326306573276,319.4550269552118,324.83154296875,17707,0.0,0.0
2015-04-24 00:00:00-04:00,324.83153168587995,326.9224073921012,317.662823660234,320.6497802734375,11853,0.0,0.0
2015-04-27 00:00:00-04:00,317.36414460407303,325.5782754055902,306.909796311233,323.9354553222656,67287,0.0,0.0
2015-04-28 00:00:00-04:00,246.72262198134038,278.5337072205914,244.63174625230346,277.9363098144531,207040,0.0,0.0
2015-04-29 00:00:00-04:00,276.29348541174284,277.78696371126574,256.4302118741303,266.58587646484375,37240,0.0,0.0
2015-04-30 00:00:00-04:00,266.58588188727657,275.24806835465847,259.8652294027234,272.7091369628906,32747,0.0,0.0
2015-05-01 00:00:00-04:00,273.30651453523154,273.30651453523154,253.8912976556796,256.7289123535156,35467,0.0,0.0
2015-05-04 00:00:00-04:00,257.62500978592146,257.62500978592146,246.4239224039249,251.5017547607422,40387,0.0,0.0
2015-05-05 00:00:00-04:00,252.24849281750352,253.14457372716956,246.42392132733318,248.6641387939453,16967,0.0,0.0
2015-05-06 00:00:00-04:00,248.81348005942337,251.65109492187133,242.6902250730213,245.22914123535156,14187,0.0,0.0
2015-05-07 00:00:00-04:00,244.3330457554209,244.48240270208248,236.2682719864456,240.59934997558594,17380,0.0,0.0
2015-05-08 00:00:00-04:00,242.09282318288479,242.24218012639716,237.46304659048917,237.9110870361328,23180,0.0,0.0
2015-05-11 00:00:00-04:00,237.91109471126123,247.91740255152925,237.0150137910659,245.67718505859375,13307,0.0,0.0
2015-05-12 00:00:00-04:00,244.03435265629125,248.36543047521755,240.59934051988355,246.7226104736328,23033,0.0,0.0
2015-05-13 00:00:00-04:00,246.4239224039249,252.39783567432306,244.03436317274446,251.5017547607422,12933,0.0,0.0
2015-05-14 00:00:00-04:00,253.89130945234854,256.87826603414084,243.43696141607535,244.18370056152344,15080,0.0,0.0
2015-05-15 00:00:00-04:00,244.78109205993155,267.48194938090353,235.96956427886863,266.8845520019531,46453,0.0,0.0
2015-05-18 00:00:00-04:00,262.55348830387254,273.30651954172083,257.6249979286713,264.0469665527344,34760,0.0,0.0
2015-05-19 00:00:00-04:00,264.0469732412194,265.54045152791207,256.28086791948147,260.91064453125,12100,0.0,0.0
2015-05-20 00:00:00-04:00,260.7612949594093,261.8067479596775,254.4886984973708,261.2093505859375,8700,0.0,0.0
2015-05-21 00:00:00-04:00,262.1054371601032,267.1832693700981,259.7158779980154,263.30023193359375,10033,0.0,0.0
2015-05-22 00:00:00-04:00,264.3456601036602,270.46891507993,260.6119643394842,265.3910827636719,16240,0.0,0.0
2015-05-26 00:00:00-04:00,265.24173318591755,268.07934795996545,259.71587577189774,265.6897888183594,8580,0.0,0.0
2015-05-27 00:00:00-04:00,265.83914953849984,273.6052248991496,263.5989319862091,269.5728454589844,15140,0.0,0.0
2015-05-28 00:00:00-04:00,268.37802602861484,275.8454171856146,267.48194516675335,275.6960754394531,10253,0.0,0.0
2015-05-29 00:00:00-04:00,274.9493453413629,281.81933935414185,269.87151311108516,274.2026062011719,13493,0.0,0.0
2015-06-01 00:00:00-04:00,274.50132714063665,274.80001065042944,265.2417433334357,267.033935546875,7627,0.0,0.0
2015-06-02 00:00:00-04:00,265.8391271101835,271.0663009578556,264.4949906152321,265.2417297363281,6793,0.0,0.0
2015-06-03 00:00:00-04:00,265.3910918823762,270.0208990969474,259.8652341154876,263.8976135253906,8227,0.0,0.0
2015-06-04 00:00:00-04:00,262.25478113743355,264.1963150646184,256.28086798904144,256.8782653808594,6747,0.0,0.0
2015-06-05 00:00:00-04:00,256.5795778499542,266.73521181187505,246.57325525252722,248.96282958984375,16373,0.0,0.0
2015-06-08 00:00:00-04:00,247.46936295618522,260.01457184499355,247.46936295618522,252.54718017578125,10553,0.0,0.0
2015-06-09 00:00:00-04:00,251.80044045190317,260.46262692298734,251.50175693975314,253.1445770263672,3127,0.0,0.0
2015-06-10 00:00:00-04:00,255.08611101002572,256.5795893405647,248.51480027867504,253.1445770263672,8453,0.0,0.0
2015-06-11 00:00:00-04:00,254.6380428801254,256.4302046350019,249.41086897936037,254.19000244140625,4427,0.0,0.0
2015-06-12 00:00:00-04:00,253.89131619163672,254.78739711298124,249.85892166069186,253.1445770263672,4540,0.0,0.0
2015-06-15 00:00:00-04:00,252.09913469246814,255.23544824653234,244.78110011787888,249.85891723632812,18100,0.0,0.0
2015-06-16 00:00:00-04:00,249.1121718726846,257.4756592825325,246.87195447240424,248.3654327392578,11813,0.0,0.0
2015-06-17 00:00:00-04:00,249.85891785217285,252.99523141396733,247.7680573367568,249.26153564453125,9140,0.0,0.0
2015-06-18 00:00:00-04:00,249.112176304104,258.96914215614953,248.6641358545671,255.6834716796875,10087,0.0,0.0
2015-06-19 00:00:00-04:00,256.5795836092073,259.11848456045306,251.05369567871094,251.05369567871094,14273,0.0,0.0
2015-06-22 00:00:00-04:00,253.14456967221872,253.14456967221872,247.61869697126795,248.8134765625,11107,0.0,0.0
2015-06-23 00:00:00-04:00,249.2615355199046,257.923691469729,248.21609766649584,253.29391479492188,15500,0.0,0.0
2015-06-24 00:00:00-04:00,251.65109973965696,260.76131151675463,250.75501881459553,255.98219299316406,8440,0.0,0.0
2015-06-25 00:00:00-04:00,256.4302030127946,262.85217163277986,253.89130214529874,260.0145568847656,9633,0.0,0.0
2015-06-26 00:00:00-04:00,259.86523094856204,261.35870928734687,255.8328515878008,259.41717529296875,15000,0.0,0.0
2015-06-29 00:00:00-04:00,255.08611157425014,257.176956933714,251.20305879079137,252.54718017578125,14893,0.0,0.0
2015-06-30 00:00:00-04:00,254.19001609031656,255.38479572187094,251.05370246598312,251.94979858398438,10927,0.0,0.0
2015-07-01 00:00:00-04:00,253.59261075567994,254.339349901128,240.15130613761443,244.18370056152344,13420,0.0,0.0
2015-07-02 00:00:00-04:00,244.333047662213,263.0015267070779,243.5863085004184,254.33935546875,24527,0.0,0.0
2015-07-06 00:00:00-04:00,251.80042430907417,262.40411369912397,250.45630301322845,258.3717346191406,30167,0.0,0.0
2015-07-07 00:00:00-04:00,257.1769522015112,265.6897967787087,248.3654393094459,261.35870361328125,63567,0.0,0.0
2015-07-08 00:00:00-04:00,274.94934774354505,286.74783233862337,258.67042826817567,267.7806701660156,121760,0.0,0.0
2015-07-09 00:00:00-04:00,267.9300277650998,272.5598046715832,259.41718275811854,267.18328857421875,42973,0.0,0.0
2015-07-10 00:00:00-04:00,268.82610486901325,278.68305597056474,267.03394299051115,274.8000183105469,17867,0.0,0.0
2015-07-13 00:00:00-04:00,278.0856425288464,283.014132988138,275.84542511733076,279.4297790527344,15367,0.0,0.0
2015-07-14 00:00:00-04:00,278.5336981651068,283.7608721253099,276.7415363898516,279.4297790527344,13147,0.0,0.0
2015-07-15 00:00:00-04:00,279.8778289029263,282.56607151023354,272.7091211803217,273.3065185546875,8960,0.0,0.0
2015-07-16 00:00:00-04:00,273.90393178076897,276.7415466845592,271.8130560419291,272.7091369628906,8707,0.0,0.0
2015-07-17 00:00:00-04:00,272.55978855103524,274.5013224864521,265.39108058861217,267.7806701660156,9433,0.0,0.0
2015-07-20 00:00:00-04:00,268.8260837773775,271.51435676910836,264.4949907950968,269.2741394042969,9207,0.0,0.0
2015-07-21 00:00:00-04:00,269.8715153816173,273.0078441047215,268.37803708867,271.81304931640625,8727,0.0,0.0
2015-07-22 00:00:00-04:00,270.6182556152344,275.5467461557169,268.8260938104555,270.6182556152344,9773,0.0,0.0
2015-07-23 00:00:00-04:00,270.7676176475045,273.1571767596582,267.33260553416983,269.2741394042969,9007,0.0,0.0
2015-07-24 00:00:00-04:00,269.57281851703533,276.2934705022245,267.03391769880955,274.0532531738281,13120,0.0,0.0
2015-07-27 00:00:00-04:00,273.30653919898333,274.50133403796417,266.43654483708076,267.9300231933594,8860,0.0,0.0
2015-07-28 00:00:00-04:00,271.0662976582845,271.0662976582845,263.8975900290672,268.8260803222656,8900,0.0,0.0
2015-07-29 00:00:00-04:00,269.57284068882126,276.144151469572,268.22870410425264,274.3519592285156,5807,0.0,0.0
2015-07-30 00:00:00-04:00,273.30652424100765,278.53369820190125,270.468909442401,275.39739990234375,15533,0.0,0.0
2015-07-31 00:00:00-04:00,275.2480696212295,281.6700082384168,270.468920712619,271.5143737792969,6233,0.0,0.0
2015-08-03 00:00:00-04:00,272.85846975437073,272.85846975437073,255.9821834118853,258.07305908203125,13273,0.0,0.0
2015-08-04 00:00:00-04:00,258.8198015374131,260.61196334341025,253.89131099358022,258.5210876464844,5587,0.0,0.0
2015-08-05 00:00:00-04:00,259.8652265454173,264.4950032402246,252.69653367920552,256.13153076171875,12220,0.0,0.0
2015-08-06 00:00:00-04:00,255.23544887562898,255.23544887562898,246.42392078278104,249.26153564453125,9260,0.0,0.0
2015-08-07 00:00:00-04:00,247.91740286948055,253.2939187824422,247.46936240880828,253.1445770263672,6180,0.0,0.0
2015-08-10 00:00:00-04:00,253.44326668136816,256.8782636804665,251.94978840415615,254.63804626464844,8240,0.0,0.0
2015-08-11 00:00:00-04:00,252.84586873035025,255.08610133362535,250.15761087584542,251.2030487060547,8140,0.0,0.0
2015-08-12 00:00:00-04:00,251.0536900434934,254.63804395324496,241.49543827156677,248.96282958984375,8233,0.0,0.0
2015-08-13 00:00:00-04:00,249.85891330709217,250.30695375278498,243.58630149005268,245.9758758544922,4247,0.0,0.0
2015-08-14 00:00:00-04:00,245.07977519180147,248.66412907527044,239.70325955904448,242.69021606445312,9127,0.0,0.0
2015-08-17 00:00:00-04:00,241.04740055397522,243.28761797476514,237.015006158064,241.9434814453125,12933,0.0,0.0
2015-08-18 00:00:00-04:00,241.6447861613981,241.6447861613981,237.46304995539003,238.359130859375,9267,0.0,0.0
2015-08-19 00:00:00-04:00,238.35913376363007,238.50849071107865,235.07349361402046,235.37217712402344,9647,0.0,0.0
2015-08-20 00:00:00-04:00,239.10586880536692,254.1900086910517,239.10586880536692,247.6186981201172,30527,0.0,0.0
2015-08-21 00:00:00-04:00,241.64478275071784,246.87195673256102,240.15130447019123,241.9434814453125,15267,0.0,0.0
2015-08-24 00:00:00-04:00,232.2358742633283,238.95652657319954,224.02174366237458,236.11891174316406,24133,0.0,0.0
2015-08-25 00:00:00-04:00,240.45000604337298,248.36543798643564,234.32675109688697,234.92413330078125,15447,0.0,0.0
2015-08-26 00:00:00-04:00,238.6578307259058,238.6578307259058,228.05414080959795,237.1643524169922,9733,0.0,0.0
2015-08-27 00:00:00-04:00,238.95652541752995,244.63173985770695,235.3721714592883,241.34608459472656,7473,0.0,0.0
2015-08-28 00:00:00-04:00,241.94349122427712,252.69653831717892,241.64479251760955,251.35240173339844,11987,0.0,0.0
2015-08-31 00:00:00-04:00,250.30696267501756,256.28087601038743,247.1706642509273,252.54718017578125,7713,0.0,0.0
2015-09-01 00:00:00-04:00,248.81347204943026,253.74196246159363,244.33303726924282,245.52783203125,6447,0.0,0.0
2015-09-02 00:00:00-04:00,248.21609833911228,250.75501450642875,245.0797847703871,248.6641387939453,4347,0.0,0.0
2015-09-03 00:00:00-04:00,248.21609497070312,254.1900081339333,245.97587753449181,248.21609497070312,6773,0.0,0.0
2015-09-04 00:00:00-04:00,245.2291338718127,251.3523886743507,244.63173648951542,244.93043518066406,5820,0.0,0.0
2015-09-08 00:00:00-04:00,247.61869313314608,253.8913048804464,247.17065269243457,252.99522399902344,7013,0.0,0.0
2015-09-09 00:00:00-04:00,254.78739767654494,256.5795899080926,248.5148008283644,252.54718017578125,11787,0.0,0.0
2015-09-10 00:00:00-04:00,251.80042863975638,257.17694430050165,248.51478862066008,253.5926055908203,6967,0.0,0.0
2015-09-11 00:00:00-04:00,251.80042966281212,251.80042966281212,242.09282093025791,244.33303833007812,7333,0.0,0.0
2015-09-14 00:00:00-04:00,243.8849990870364,251.3523904564646,241.6447816762079,251.2030487060547,6460,0.0,0.0
2015-09-15 00:00:00-04:00,250.45630842306767,259.1184793334785,249.85891103926835,256.4302062988281,5540,0.0,0.0
2015-09-16 00:00:00-04:00,257.475672936349,264.34566725120936,254.0406605864714,258.222412109375,18587,0.0,0.0
2015-09-17 00:00:00-04:00,258.2224013651377,258.5210848679625,247.91739512917525,249.41087341308594,7420,0.0,0.0
2015-09-18 00:00:00-04:00,247.17065778697335,247.31999953947314,237.46304887086865,239.55392456054688,19387,0.0,0.0
2015-09-21 00:00:00-04:00,240.45001177820816,244.63174807499192,235.52153631441138,237.0150146484375,6707,0.0,0.0
2015-09-22 00:00:00-04:00,234.4760997749132,234.4760997749132,225.36588796254838,231.787841796875,12120,0.0,0.0
2015-09-23 00:00:00-04:00,231.93717616651966,236.11891235387722,227.90478173167793,235.5215301513672,12827,0.0,0.0
2015-09-24 00:00:00-04:00,233.72935033907558,237.46304603139308,231.33979117297105,234.47608947753906,15840,0.0,0.0
2015-09-25 00:00:00-04:00,235.6708679005937,239.70326226693803,224.02174043639067,227.60609436035156,14600,0.0,0.0
2015-09-28 00:00:00-04:00,226.41130126416056,228.05413648830438,219.5413072503131,225.8139190673828,19980,0.0,0.0
2015-09-29 00:00:00-04:00,225.66456752929392,226.26196493282805,208.48956689082843,212.37261962890625,26053,0.0,0.0
2015-09-30 00:00:00-04:00,214.6128313598426,215.3595704980519,200.27543079075602,210.28173828125,28347,0.0,0.0
2015-10-01 00:00:00-04:00,211.02848019983344,222.67760787089057,187.87956661035005,219.3919677734375,55973,0.0,0.0
2015-10-02 00:00:00-04:00,216.85305644236843,228.50218437185595,210.28174571678716,226.1126251220703,22693,0.0,0.0
2015-10-05 00:00:00-04:00,226.11262270740573,240.45000843790444,223.275007835197,232.53457641601562,67827,0.0,0.0
2015-10-06 00:00:00-04:00,206.10001134473487,213.26870435301876,187.43153205626248,189.2237091064453,138827,0.0,0.0
2015-10-07 00:00:00-04:00,189.67173927039335,193.85347536542452,179.3667331858107,179.81478881835938,49640,0.0,0.0
2015-10-08 00:00:00-04:00,180.7108777634641,182.9510952563996,171.75000779172208,175.48370361328125,27187,0.0,0.0
2015-10-09 00:00:00-04:00,176.37978614447508,183.39913739160835,175.48370521609525,177.7239227294922,22753,0.0,0.0
2015-10-12 00:00:00-04:00,177.87325659259108,190.56782193844617,177.72391484197144,190.11978149414062,26080,0.0,0.0
2015-10-13 00:00:00-04:00,190.26914144623126,192.50935889563377,178.0226163510082,179.06805419921875,20847,0.0,0.0
2015-10-14 00:00:00-04:00,179.81478987472815,180.11347337491995,168.76304459423335,170.5552215576172,25213,0.0,0.0
2015-10-15 00:00:00-04:00,173.09414194662926,187.43152762416855,173.09414194662926,185.93804931640625,32813,0.0,0.0
2015-10-16 00:00:00-04:00,185.7887075626088,187.43152762416855,182.50305224704235,185.93804931640625,13293,0.0,0.0
2015-10-19 00:00:00-04:00,185.4900008772444,187.43151955526383,180.11347008529094,182.204345703125,14907,0.0,0.0
2015-10-20 00:00:00-04:00,181.30826819777653,186.68478389703242,180.71087081232736,182.6523895263672,9040,0.0,0.0
2015-10-21 00:00:00-04:00,184.1458718149684,186.38608927060656,181.0095734540537,182.5030517578125,9380,0.0,0.0
2015-10-22 00:00:00-04:00,184.74327318329924,185.78871105688464,181.15891910027713,182.35369873046875,11033,0.0,0.0
2015-10-23 00:00:00-04:00,182.8017512069695,182.8017512069695,170.25652732695212,173.84088134765625,20867,0.0,0.0
2015-10-26 00:00:00-04:00,173.69152328285512,177.27587728048073,169.50978708058986,171.00326538085938,19087,0.0,0.0
2015-10-27 00:00:00-04:00,170.25652518000928,171.75000347106197,162.34109327591926,164.13327026367188,31733,0.0,0.0
2015-10-28 00:00:00-04:00,164.1332757901329,169.36044998481933,162.19174179243436,166.22413635253906,18240,0.0,0.0
2015-10-29 00:00:00-04:00,165.3280431069794,169.8084777971824,163.3865244463807,167.26956176757812,24520,0.0,0.0
2015-10-30 00:00:00-04:00,166.97087146712673,173.09414163333753,166.52283101409836,170.40586853027344,19220,0.0,0.0
2015-11-02 00:00:00-05:00,170.25653333495077,176.0811050260202,168.76305497236348,175.33436584472656,10233,0.0,0.0
2015-11-03 00:00:00-05:00,174.28891889497996,183.10043166085975,173.39282280852737,180.86021423339844,11607,0.0,0.0
2015-11-04 00:00:00-05:00,181.60695282147717,185.490005466024,176.5291357835344,177.4252166748047,13273,0.0,0.0
2015-11-05 00:00:00-05:00,177.5745773963891,185.78870811343498,177.42522044970187,185.3406524658203,11127,0.0,0.0
2015-11-06 00:00:00-05:00,185.1913028256299,188.17825932281747,183.8471663249169,185.63934326171875,10733,0.0,0.0
2015-11-09 00:00:00-05:00,184.59391522101512,185.63935308886212,177.87326274657357,179.51609802246094,10480,0.0,0.0
2015-11-10 00:00:00-05:00,178.91869163004122,182.65238726168835,177.42521337738236,181.0095672607422,9727,0.0,0.0
2015-11-11 00:00:00-05:00,181.00957589422194,182.50305421811413,175.18500435406358,176.0811004638672,7487,0.0,0.0
2015-11-12 00:00:00-05:00,174.58762666343293,178.17196561817389,172.4967508788317,175.33436584472656,6080,0.0,0.0
2015-11-13 00:00:00-05:00,173.3928312032515,175.48370698042274,162.7891409435411,164.4319610595703,21987,0.0,0.0
2015-11-16 00:00:00-05:00,164.28261140806487,169.06174496024337,163.83457096089586,168.76304626464844,12187,0.0,0.0
2015-11-17 00:00:00-05:00,170.4058669321358,170.4058669321358,162.93847547687224,164.13327026367188,9593,0.0,0.0
2015-11-18 00:00:00-05:00,164.43195431371313,165.3280504067872,162.19173686969827,163.53587341308594,11327,0.0,0.0
2015-11-19 00:00:00-05:00,163.53587056675838,165.02934883677443,162.04239229674232,162.4904327392578,11227,0.0,0.0
2015-11-20 00:00:00-05:00,163.83457845017247,164.88001633632084,159.50348514717817,160.99696350097656,11173,0.0,0.0
2015-11-23 00:00:00-05:00,160.2502176225827,162.04239461068332,155.62044099639905,156.0684814453125,32913,0.0,0.0
2015-11-24 00:00:00-05:00,155.62043989704236,155.62043989704236,145.01673498794932,149.198486328125,38667,0.0,0.0
2015-11-25 00:00:00-05:00,149.34782472508573,156.0684768377146,149.34782472508573,152.78282165527344,21593,0.0,0.0
2015-11-27 00:00:00-05:00,152.78282679662541,153.97760639614282,151.43870544433594,151.43870544433594,6373,0.0,0.0
2015-11-30 00:00:00-05:00,152.3347806978749,156.21781805045003,152.3347806978749,153.38021850585938,24913,0.0,0.0
2015-12-01 00:00:00-05:00,153.52956706002635,154.87370361452133,149.34783083513207,150.24391174316406,15653,0.0,0.0
2015-12-02 00:00:00-05:00,149.7958718293617,155.471086383074,149.4971731281248,153.67892456054688,9200,0.0,0.0
2015-12-03 00:00:00-05:00,154.27629758477903,155.172393635135,150.09456159378954,151.13999938964844,10547,0.0,0.0
2015-12-04 00:00:00-05:00,151.14000838870408,155.471086383074,149.94522877620363,153.67892456054688,13013,0.0,0.0
2015-12-07 00:00:00-05:00,151.2893439068868,153.52956128515004,147.10760783928475,148.15304565429688,7660,0.0,0.0
2015-12-08 00:00:00-05:00,146.21153689993739,150.6919719609065,144.86740030466768,149.49717712402344,12087,0.0,0.0
2015-12-09 00:00:00-05:00,148.60109803619855,150.84131559453323,145.9128400046865,147.70501708984375,6047,0.0,0.0
2015-12-10 00:00:00-05:00,147.70501023462108,150.99065034706206,145.76347628688262,150.84130859375,13847,0.0,0.0
2015-12-11 00:00:00-05:00,140.38695805774913,141.43239589028553,118.58217369123705,121.27043914794922,87100,0.0,0.0
2015-12-14 00:00:00-05:00,121.12109495944874,125.00414016481592,110.66674657373446,112.16022491455078,50447,0.0,0.0
2015-12-15 00:00:00-05:00,113.05630834351967,119.17956318794954,111.26413137681322,117.5367431640625,36853,0.0,0.0
2015-12-16 00:00:00-05:00,116.64065947236034,121.71848429166353,114.699133079299,116.4913101196289,40193,0.0,0.0
2015-12-17 00:00:00-05:00,115.89391793740332,117.68608734489848,106.93304811125702,107.0823974609375,32647,0.0,0.0
2015-12-18 00:00:00-05:00,106.48500223753031,116.93935058159957,106.3356604810225,116.4913101196289,37327,0.0,0.0
2015-12-21 00:00:00-05:00,112.75760887890327,125.75087280807415,112.60825953332895,122.46521759033203,28427,0.0,0.0
2015-12-22 00:00:00-05:00,121.86782978908545,123.2119587286993,118.73152386583752,120.37435150146484,14940,0.0,0.0
2015-12-23 00:00:00-05:00,119.62761293155022,123.95869846718301,119.62761293155022,119.77696228027344,13313,0.0,0.0
2015-12-24 00:00:00-05:00,119.47826017209648,120.37434864263184,116.93934410495015,119.32891082763672,4913,0.0,0.0
2015-12-28 00:00:00-05:00,118.58217366875917,119.17956346028531,116.79000429418078,117.23804473876953,12287,0.0,0.0
2015-12-29 00:00:00-05:00,117.53674259797008,119.17956261394481,114.99782650673467,118.1341323852539,26227,0.0,0.0
2015-12-30 00:00:00-05:00,117.83543643574465,127.3936960433939,116.49130748401988,123.21195983886719,24213,0.0,0.0
2015-12-31 00:00:00-05:00,121.27043801818395,122.61456693590635,117.53674235994212,122.46521759033203,23273,0.0,0.0
2016-01-04 00:00:00-05:00,120.07565502889231,123.66000146630842,118.13413625752379,122.01718139648438,23300,0.0,0.0
2016-01-05 00:00:00-05:00,122.46522408626039,123.21196325751808,113.65370338466444,115.8939208984375,24820,0.0,0.0
2016-01-06 00:00:00-05:00,113.65370237348156,115.14718070270938,109.92000655041203,113.05631256103516,18787,0.0,0.0
2016-01-07 00:00:00-05:00,111.41347888402761,118.7315207841856,105.43956588859689,107.23173522949219,70087,0.0,0.0
2016-01-08 00:00:00-05:00,76.46609271159757,76.91413316728654,60.03782746027898,63.024784088134766,584573,0.0,0.0
2016-01-11 00:00:00-05:00,63.17413015620337,67.80391040994638,63.17413015620337,66.609130859375,148867,0.0,0.0
2016-01-12 00:00:00-05:00,68.70000352840168,75.1219573414802,68.70000352840168,73.62847900390625,116547,0.0,0.0
2016-01-13 00:00:00-05:00,73.62847327635492,76.9141284019163,71.53760528564453,71.53760528564453,115493,0.0,0.0
2016-01-14 00:00:00-05:00,71.53760923732952,72.73239643817966,69.4467411311211,71.38825988769531,39680,0.0,0.0
2016-01-15 00:00:00-05:00,69.4467434707028,69.8947839384759,65.26500711740803,68.99870300292969,53367,0.0,0.0
2016-01-19 00:00:00-05:00,69.14804016052972,69.89477928794892,63.92086626859523,65.71304321289062,42793,0.0,0.0
2016-01-20 00:00:00-05:00,64.66761081398171,68.70000547837593,61.08326422131122,67.80391693115234,47627,0.0,0.0
2016-01-21 00:00:00-05:00,67.50522237454689,76.16739349864895,67.35587302491268,71.38825988769531,41007,0.0,0.0
2016-01-22 00:00:00-05:00,73.47913443328785,75.12195446472947,68.40130220301009,68.55065155029297,28253,0.0,0.0
2016-01-25 00:00:00-05:00,67.50522378168783,68.10261359645371,61.830001550852906,62.128700256347656,29947,0.0,0.0
2016-01-26 00:00:00-05:00,62.72609021046633,67.50522393165798,61.97935104129411,65.86239624023438,28293,0.0,0.0
2016-01-27 00:00:00-05:00,66.45978695222702,68.10261466579648,64.81695923865755,64.96630859375,21687,0.0,0.0
2016-01-28 00:00:00-05:00,65.86239609391394,66.45978590867982,61.68065599621734,62.128700256347656,17127,0.0,0.0
2016-01-29 00:00:00-05:00,62.278043551145494,65.11565456359665,62.12869800192912,64.51826477050781,36140,0.0,0.0
2016-02-01 00:00:00-05:00,64.36891905318,65.41434935098528,62.278047063233764,64.66761016845703,21447,0.0,0.0
2016-02-02 00:00:00-05:00,64.51826371675605,64.51826371675605,60.93391362242982,61.53130340576172,17380,0.0,0.0
2016-02-03 00:00:00-05:00,62.576738002944566,62.576738002944566,58.69369677924134,60.93391418457031,22640,0.0,0.0
2016-02-04 00:00:00-05:00,61.08326180531118,63.92086909576467,60.33652264486429,62.72608947753906,29367,0.0,0.0
2016-02-05 00:00:00-05:00,62.72608748709923,63.622175970445305,60.78456497192383,60.78456497192383,16773,0.0,0.0
2016-02-08 00:00:00-05:00,60.485869532530366,63.174131160265155,58.843041927216994,61.3819580078125,23420,0.0,0.0
2016-02-09 00:00:00-05:00,60.33652172752045,61.08326087661408,59.291087678411714,59.739131927490234,21740,0.0,0.0
2016-02-10 00:00:00-05:00,60.18717603947144,63.47282752837684,59.29108754335555,59.88848114013672,20713,0.0,0.0
2016-02-11 00:00:00-05:00,58.99239378818458,60.187177206808144,56.30413204580951,58.69369888305664,18413,0.0,0.0
2016-02-12 00:00:00-05:00,59.44043479886558,67.35587024210572,58.096302102025795,66.31043243408203,27347,0.0,0.0
2016-02-16 00:00:00-05:00,67.50522237454689,74.52456584511967,67.50522237454689,71.38825988769531,67947,0.0,0.0
2016-02-17 00:00:00-05:00,72.43369795503905,79.60239079663599,71.6869588008634,75.12195587158203,37460,0.0,0.0
2016-02-18 00:00:00-05:00,75.71935434412921,78.85565275909991,73.32978749768482,77.9595718383789,30167,0.0,0.0
2016-02-19 00:00:00-05:00,77.81021881103516,78.10890990509311,74.97261163825674,77.81021881103516,30233,0.0,0.0
2016-02-22 00:00:00-05:00,80.19978785706563,80.34912961028905,78.1089121572562,79.45304870605469,24140,0.0,0.0
2016-02-23 00:00:00-05:00,79.90109002675703,79.90109002675703,77.51152319830089,78.55696105957031,25340,0.0,0.0
2016-02-24 00:00:00-05:00,78.40761379767999,78.40761379767999,75.4206570815779,76.46609497070312,26300,0.0,0.0
2016-02-25 00:00:00-05:00,76.61543304286259,78.1089113290488,73.77782581835349,76.31674194335938,20367,0.0,0.0
2016-02-26 00:00:00-05:00,76.4660890926515,81.24521491330275,75.86869171837483,78.70630645751953,24660,0.0,0.0
2016-02-29 00:00:00-05:00,78.85565376493248,85.12826586733053,78.70631200705647,80.79718017578125,29733,0.0,0.0
2016-03-01 00:00:00-05:00,80.79718017578125,83.33608881058146,79.4530511813313,80.79718017578125,32500,0.0,0.0
2016-03-02 00:00:00-05:00,79.60239235341224,81.99195921275158,79.60239235341224,81.39456939697266,23000,0.0,0.0
2016-03-03 00:00:00-05:00,80.94652999728152,90.20609125402164,80.94652999728152,87.96587371826172,83213,0.0,0.0
2016-03-04 00:00:00-05:00,88.41391479847749,94.98521753166442,86.9204365592885,91.40087127685547,34820,0.0,0.0
2016-03-07 00:00:00-05:00,90.50478793347122,98.27087065880602,90.20608923024837,97.82283020019531,23080,0.0,0.0
2016-03-08 00:00:00-05:00,96.628053097887,98.4202225752575,87.36848421135632,87.66718292236328,25480,0.0,0.0
2016-03-09 00:00:00-05:00,87.96587034650852,90.35543714563785,86.77109074505559,87.51782989501953,10053,0.0,0.0
2016-03-10 00:00:00-05:00,87.81651928134184,88.11521797398025,83.93348185438236,85.2776107788086,13107,0.0,0.0
2016-03-11 00:00:00-05:00,86.32304347207452,91.69956691931283,85.87500301656446,90.65413665771484,12527,0.0,0.0
2016-03-14 00:00:00-04:00,90.65413752706739,91.69956779869081,87.0697834637197,89.75804901123047,9580,0.0,0.0
2016-03-15 00:00:00-04:00,89.60869803765782,90.05673848935672,83.18674438344839,83.48543548583984,10913,0.0,0.0
2016-03-16 00:00:00-04:00,83.6347848351473,85.72565293678129,82.44000523313457,83.48543548583984,12220,0.0,0.0
2016-03-17 00:00:00-04:00,84.97891209236114,91.5502149648751,83.93348186049715,89.30999755859375,21387,0.0,0.0
2016-03-18 00:00:00-04:00,90.80347914039444,94.38783319811873,89.16065905953167,93.79043579101562,23213,0.0,0.0
2016-03-21 00:00:00-04:00,93.64108983020603,96.03064896641318,90.0567359334488,94.23847961425781,19820,0.0,0.0
2016-03-22 00:00:00-04:00,93.64109385806272,94.68652412606544,89.60869934887396,90.0567398071289,11320,0.0,0.0
2016-03-23 00:00:00-04:00,89.75804913056632,90.05674023876001,80.49848044831326,85.72565460205078,21227,0.0,0.0
2016-03-24 00:00:00-04:00,84.5308724798971,88.86195798867172,80.79717676608736,88.4139175415039,13240,0.0,0.0
2016-03-28 00:00:00-04:00,89.16065861659827,91.55021784824547,84.97891476876859,90.35543823242188,12360,0.0,0.0
2016-03-29 00:00:00-04:00,89.16065637926083,89.60869682489597,86.17369981843098,88.71260833740234,18820,0.0,0.0
2016-03-30 00:00:00-04:00,89.4593494493155,92.89435412771218,88.71261029264971,90.65413665771484,19407,0.0,0.0
2016-03-31 00:00:00-04:00,90.20609158102741,90.3554409365309,86.173704559776,87.66718292236328,17747,0.0,0.0
2016-04-01 00:00:00-04:00,86.7710930615092,93.34239623737572,86.17370324483473,92.89435577392578,14847,0.0,0.0
2016-04-04 00:00:00-04:00,93.1930471671212,95.43326468362037,91.69956882278841,92.59565734863281,16627,0.0,0.0
2016-04-05 00:00:00-04:00,90.80347377441139,91.55021289293853,85.72564928767144,87.36847686767578,21987,0.0,0.0
2016-04-06 00:00:00-04:00,87.66717839874195,90.80347672136344,86.024350765421,88.4139175415039,13000,0.0,0.0
2016-04-07 00:00:00-04:00,87.96586890440351,89.16065608249265,84.38152256258272,84.97891235351562,12407,0.0,0.0
2016-04-08 00:00:00-04:00,85.72564888663918,86.77108668617578,81.54391288093896,83.63478088378906,11353,0.0,0.0
2016-04-11 00:00:00-04:00,84.38152621085183,88.26457141413576,84.38152621085183,85.12826538085938,9440,0.0,0.0
2016-04-12 00:00:00-04:00,85.42696479332076,90.80348078482768,85.2776154388403,88.26457214355469,12953,0.0,0.0
2016-04-13 00:00:00-04:00,89.16065665205743,96.62804807697937,89.16065665205743,92.44630432128906,23813,0.0,0.0
2016-04-14 00:00:00-04:00,92.44630492378786,93.34239341986324,87.66717893842493,87.81652069091797,14233,0.0,0.0
2016-04-15 00:00:00-04:00,87.36847913996414,89.90739524747806,86.77108934885007,89.01130676269531,7780,0.0,0.0
2016-04-18 00:00:00-04:00,88.56325815891873,90.35543511708578,87.81651902571967,89.60869598388672,13613,0.0,0.0
2016-04-19 00:00:00-04:00,90.0567349254316,90.95282338959086,86.17369757444669,87.06977844238281,11887,0.0,0.0
2016-04-20 00:00:00-04:00,86.92044113976137,90.80347868929984,86.92044113976137,90.35543823242188,15320,0.0,0.0
2016-04-21 00:00:00-04:00,91.1021751053109,92.1476129400907,87.96586919719488,88.71260833740234,12300,0.0,0.0
2016-04-22 00:00:00-04:00,88.2645697360209,94.6865234375,88.2645697360209,94.6865234375,17387,0.0,0.0
2016-04-25 00:00:00-04:00,94.38782790283085,94.38782790283085,86.47238866501769,87.06977844238281,47280,0.0,0.0
2016-04-26 00:00:00-04:00,104.54348135685575,107.38108861729715,99.61500598852194,103.05000305175781,146007,0.0,0.0
2016-04-27 00:00:00-04:00,103.34869779374249,109.62130187722337,101.25782216969235,103.19934844970703,62280,0.0,0.0
2016-04-28 00:00:00-04:00,103.49804205561765,119.17956403957325,102.1539131190947,112.60826110839844,54360,0.0,0.0
2016-04-29 00:00:00-04:00,112.01086984553807,113.65369745585062,104.5434785225022,106.03695678710938,26980,0.0,0.0
2016-05-02 00:00:00-04:00,105.73825834837251,106.33565573262155,100.51108440975646,101.70587158203125,28447,0.0,0.0
2016-05-03 00:00:00-04:00,99.61500722708527,100.51108814430668,97.07609103836177,97.82283020019531,20647,0.0,0.0
2016-05-04 00:00:00-04:00,97.07608966013717,102.30326371875994,94.98522155593275,95.2839126586914,20240,0.0,0.0
2016-05-05 00:00:00-04:00,96.92673629726481,98.71891322450308,94.38782784593758,95.43325805664062,13673,0.0,0.0
2016-05-06 00:00:00-04:00,96.03065095701119,97.97217729070402,93.19304372677763,96.18000030517578,15007,0.0,0.0
2016-05-09 00:00:00-04:00,95.88131258687491,97.22544157531783,93.93978618470301,96.6280517578125,14460,0.0,0.0
2016-05-10 00:00:00-04:00,96.92673629726481,97.52412607426984,94.83586827963558,95.43325805664062,13827,0.0,0.0
2016-05-11 00:00:00-04:00,94.53717182577955,94.9852198662826,85.87500086406732,89.01130676269531,27740,0.0,0.0
2016-05-12 00:00:00-04:00,89.60869537622565,89.60869537622565,83.93348104088733,86.17369842529297,14533,0.0,0.0
2016-05-13 00:00:00-04:00,86.17369834266631,86.77108812535704,81.9919546713848,82.14130401611328,11873,0.0,0.0
2016-05-16 00:00:00-04:00,82.29065392748302,85.12826111197073,81.39456544916499,81.54391479492188,13187,0.0,0.0
2016-05-17 00:00:00-04:00,81.54391757585104,85.4269627168389,80.1997886106462,82.58934783935547,12267,0.0,0.0
2016-05-18 00:00:00-04:00,82.29065184141596,83.93347941064948,79.60238647460938,79.60238647460938,14440,0.0,0.0
2016-05-19 00:00:00-04:00,79.15434916786847,81.69326529287437,76.16739259549608,76.31674194335938,20827,0.0,0.0
2016-05-20 00:00:00-04:00,76.61543356052651,80.64782799896409,76.01804376126034,79.75173950195312,22793,0.0,0.0
2016-05-23 00:00:00-04:00,80.19978813428004,81.69326644146423,77.95957067350376,79.15435028076172,18393,0.0,0.0
2016-05-24 00:00:00-04:00,79.6023887446285,80.19978612954799,76.01804241622807,77.21282958984375,30673,0.0,0.0
2016-05-25 00:00:00-04:00,77.81021937853994,78.10891047477638,75.8686930699982,77.21282958984375,23140,0.0,0.0
2016-05-26 00:00:00-04:00,77.95956872476981,79.15434830216218,76.16739176245795,77.21282958984375,17260,0.0,0.0
2016-05-27 00:00:00-04:00,77.06348387747201,78.55696221774774,76.01804600078955,77.36217498779297,20213,0.0,0.0
2016-05-31 00:00:00-04:00,77.66087084767587,81.09586786591065,77.06348105270766,80.34912872314453,17160,0.0,0.0
2016-06-01 00:00:00-04:00,80.0504347950901,80.0504347950901,77.66086810343218,79.30369567871094,12880,0.0,0.0
2016-06-02 00:00:00-04:00,79.303698481006,81.24521721370854,79.303698481006,80.34912872314453,14953,0.0,0.0
2016-06-03 00:00:00-04:00,80.34912988801968,81.09586904161176,77.66087197357754,79.15435028076172,14447,0.0,0.0
2016-06-06 00:00:00-04:00,79.60239073442759,80.34912988801968,77.21283151991167,79.15435028076172,22913,0.0,0.0
2016-06-07 00:00:00-04:00,79.15434725280072,83.63478200295926,77.95956769124773,82.44000244140625,17387,0.0,0.0
2016-06-08 00:00:00-04:00,82.73869691429626,83.33608671948146,80.94652749874066,82.88804626464844,10873,0.0,0.0
2016-06-09 00:00:00-04:00,81.99195372875492,83.03739153361212,78.85564791040649,79.00499725341797,15327,0.0,0.0
2016-06-10 00:00:00-04:00,77.95957045030869,78.7063096017629,74.07652534350211,75.420654296875,37927,0.0,0.0
2016-06-13 00:00:00-04:00,75.12195920684705,76.01804775088708,71.68696198362139,71.83631134033203,29787,0.0,0.0
2016-06-14 00:00:00-04:00,71.68695631717108,73.47913326358965,69.44673893225948,69.74543762207031,26667,0.0,0.0
2016-06-15 00:00:00-04:00,70.19348301838353,77.21283435871139,70.19348301838353,72.43370056152344,57120,0.0,0.0
2016-06-16 00:00:00-04:00,70.79087214620039,72.58304920153657,66.7584851660295,69.29739379882812,39607,0.0,0.0
2016-06-17 00:00:00-04:00,68.70000408773294,73.32978849115099,68.70000408773294,73.03108978271484,54667,0.0,0.0
2016-06-20 00:00:00-04:00,74.07652147001039,77.36216900686696,74.07652147001039,75.56999969482422,21613,0.0,0.0
2016-06-21 00:00:00-04:00,76.76478033623644,77.81021814707663,73.32978340842988,74.37521362304688,18207,0.0,0.0
2016-06-22 00:00:00-04:00,74.67391519475387,76.76478330096228,71.38825988769531,71.38825988769531,23900,0.0,0.0
2016-06-23 00:00:00-04:00,72.58304699750923,82.7386964127688,72.58304699750923,79.45304870605469,53907,0.0,0.0
2016-06-24 00:00:00-04:00,73.92717595008425,80.34912961028905,71.68695849705139,79.45304870605469,65633,0.0,0.0
2016-06-27 00:00:00-04:00,79.15435005414604,80.19978790467131,73.47913554158345,75.420654296875,41813,0.0,0.0
2016-06-28 00:00:00-04:00,76.91413232168536,80.49847871646095,74.82326422441821,75.71935272216797,27140,0.0,0.0
2016-06-29 00:00:00-04:00,76.91412898705302,79.7517361100492,75.42065075429471,79.30369567871094,13220,0.0,0.0
2016-06-30 00:00:00-04:00,79.45305205827631,80.49848235606555,76.91413579922971,79.90109252929688,28220,0.0,0.0
2016-07-01 00:00:00-04:00,80.34912818652863,84.08282387542351,79.60238904874964,80.94652557373047,25940,0.0,0.0
2016-07-05 00:00:00-04:00,79.75173637225221,80.64782483409792,76.018040778081,79.00499725341797,22927,0.0,0.0
2016-07-06 00:00:00-04:00,76.46609210201088,80.64782830918283,76.46609210201088,79.45304870605469,13260,0.0,0.0
2016-07-07 00:00:00-04:00,79.75173950195312,82.44000499298599,79.00500035381457,79.75173950195312,8340,0.0,0.0
2016-07-08 00:00:00-04:00,81.09587010288209,84.38152546017479,81.09587010288209,81.99195861816406,15080,0.0,0.0
2016-07-11 00:00:00-04:00,82.73869242650385,85.12825911385673,82.73869242650385,83.63478088378906,11353,0.0,0.0
2016-07-12 00:00:00-04:00,84.9789134501988,89.16065723314273,84.6802223489893,87.81652069091797,26293,0.0,0.0
2016-07-13 00:00:00-04:00,87.96586949834642,89.01130733670527,83.03739419459382,84.38152313232422,17020,0.0,0.0
2016-07-14 00:00:00-04:00,84.68022405427442,87.66718070386119,83.48543683670556,86.02435302734375,17773,0.0,0.0
2016-07-15 00:00:00-04:00,86.62173939904692,87.06977984020784,84.3815220007957,85.57630157470703,16087,0.0,0.0
2016-07-18 00:00:00-04:00,85.12826577980992,89.31000211296023,84.53087596024898,88.56326293945312,18300,0.0,0.0
2016-07-19 00:00:00-04:00,92.89434938326589,92.89434938326589,86.92043643504874,87.36847686767578,14540,0.0,0.0
2016-07-20 00:00:00-04:00,87.51783094767316,91.55021784824547,86.32304373562603,90.35543823242188,15020,0.0,0.0
2016-07-21 00:00:00-04:00,90.05673813299468,91.69956577642895,87.81652069091797,87.81652069091797,8493,0.0,0.0
2016-07-22 00:00:00-04:00,88.11522075558497,91.25152674240134,86.92044113976137,90.35543823242188,12813,0.0,0.0
2016-07-25 00:00:00-04:00,89.90739805185963,91.99826618408865,88.86196018763334,90.0567398071289,10693,0.0,0.0
2016-07-26 00:00:00-04:00,90.20608692639856,91.69956521192245,88.26456819370684,88.4139175415039,6987,0.0,0.0
2016-07-27 00:00:00-04:00,89.16066128495058,90.20609158102741,86.173704559776,87.66718292236328,10880,0.0,0.0
2016-07-28 00:00:00-04:00,87.36847970337995,87.66717839897487,83.93348268515521,84.38152313232422,10260,0.0,0.0
2016-07-29 00:00:00-04:00,83.78413504993364,85.2776133659887,82.44000608472878,82.58934783935547,28213,0.0,0.0
2016-08-01 00:00:00-04:00,80.05044188504499,81.39457089433047,75.42065743419612,79.90109252929688,30680,0.0,0.0
2016-08-02 00:00:00-04:00,78.4076074775952,80.19978440128664,78.10890879157225,79.00499725341797,22927,0.0,0.0
2016-08-03 00:00:00-04:00,78.55696234677508,81.2452203251973,77.51152446837551,81.09587097167969,11240,0.0,0.0
2016-08-04 00:00:00-04:00,80.19978813428004,81.09586904161176,78.85565158083548,79.15435028076172,9713,0.0,0.0
2016-08-05 00:00:00-04:00,79.15435075091824,84.38152485711095,79.15435075091824,82.58934783935547,8780,0.0,0.0
2016-08-08 00:00:00-04:00,81.99195893101692,84.82956624338418,81.09587041231579,81.69326782226562,7420,0.0,0.0
2016-08-09 00:00:00-04:00,81.69326206975553,82.44000118338685,79.45304472886157,79.60238647460938,14400,0.0,0.0
2016-08-10 00:00:00-04:00,79.15434886791088,84.23217350245672,78.85565017331622,80.6478271484375,28360,0.0,0.0
2016-08-11 00:00:00-04:00,80.19978697157,81.69326525710224,79.4530478288039,80.34912872314453,16073,0.0,0.0
2016-08-12 00:00:00-04:00,79.15434604491982,79.60238647460938,77.06347804599673,79.60238647460938,19840,0.0,0.0
2016-08-15 00:00:00-04:00,78.85564765114958,81.2452143428075,78.40760721981134,79.30369567871094,9280,0.0,0.0
2016-08-16 00:00:00-04:00,78.55695656233179,79.90108545256965,77.51151876091173,79.30369567871094,12193,0.0,0.0
2016-08-17 00:00:00-04:00,79.4530495697693,79.4530495697693,77.81022190044175,78.55696105957031,22480,0.0,0.0
2016-08-18 00:00:00-04:00,78.25826150670308,79.90108915817187,77.66087170513902,79.45304870605469,9293,0.0,0.0
2016-08-19 00:00:00-04:00,78.85565158083548,80.79717793790901,78.85565158083548,79.15435028076172,10013,0.0,0.0
2016-08-22 00:00:00-04:00,77.95956983881909,80.64782772447903,77.66087114209093,80.0504379272461,13740,0.0,0.0
2016-08-23 00:00:00-04:00,80.64783050735053,82.44000755711447,80.1997900430214,81.09587097167969,16227,0.0,0.0
2016-08-24 00:00:00-04:00,80.19978384249289,81.24521404384289,78.70630561523025,79.60238647460938,18673,0.0,0.0
2016-08-25 00:00:00-04:00,80.19978384249289,81.54391272778466,79.00499670294893,79.60238647460938,8547,0.0,0.0
2016-08-26 00:00:00-04:00,79.4530452824524,80.34912614807497,78.85564791040649,79.00499725341797,9127,0.0,0.0
2016-08-29 00:00:00-04:00,79.15435334678008,80.9465304233099,78.55696352001141,79.90109252929688,9067,0.0,0.0
2016-08-30 00:00:00-04:00,79.0050009307986,80.49847923798279,78.40761112716963,79.15435028076172,6507,0.0,0.0
2016-08-31 00:00:00-04:00,78.70630955504373,79.75173980872499,77.95957040403277,79.45304870605469,17193,0.0,0.0
2016-09-01 00:00:00-04:00,79.75174317354876,80.05044188504499,78.10891545276706,79.90109252929688,12333,0.0,0.0
2016-09-02 00:00:00-04:00,80.3491255882407,80.64782427218245,79.00499670294893,79.60238647460938,6947,0.0,0.0
2016-09-06 00:00:00-04:00,79.0050009307986,80.49847923798279,78.40761112716963,79.15435028076172,14500,0.0,0.0
2016-09-07 00:00:00-04:00,79.00499952061355,80.6478271484375,79.00499952061355,80.6478271484375,6847,0.0,0.0
2016-09-08 00:00:00-04:00,80.19978440128664,80.64782483409792,78.4076074775952,79.00499725341797,10953,0.0,0.0
2016-09-09 00:00:00-04:00,77.66087429696513,78.4076134728975,74.67391759323571,76.76478576660156,24000,0.0,0.0
2016-09-12 00:00:00-04:00,76.01804268028222,77.66087030207069,75.57000223625961,76.91413116455078,11500,0.0,0.0
2016-09-13 00:00:00-04:00,75.7193521502376,76.16739259761658,72.13499818631223,72.28434753417969,17807,0.0,0.0
2016-09-14 00:00:00-04:00,73.03108667729357,73.03108667729357,71.08956794368682,72.28434753417969,12153,0.0,0.0
2016-09-15 00:00:00-04:00,71.83630652098003,73.92717458598547,71.38825848090674,72.8817367553711,8507,0.0,0.0
2016-09-16 00:00:00-04:00,72.28434974486119,75.42065576110224,71.6869599313447,73.92717742919922,27993,0.0,0.0
2016-09-19 00:00:00-04:00,73.9271777099105,75.71935475348869,73.32978789412564,73.62847900390625,8280,0.0,0.0
2016-09-20 00:00:00-04:00,73.92717348268626,75.12195304593735,73.77782413822406,74.07652282714844,4527,0.0,0.0
2016-09-21 00:00:00-04:00,74.5245672427157,75.42065576110224,72.88173955837766,73.92717742919922,4973,0.0,0.0
2016-09-22 00:00:00-04:00,74.37521310235039,76.16739002375142,74.37521310235039,74.97261047363281,6353,0.0,0.0
2016-09-23 00:00:00-04:00,74.67391457496178,76.91413201221063,74.67391457496178,76.0180435180664,5687,0.0,0.0
2016-09-26 00:00:00-04:00,75.27130553154412,75.4206548822388,74.22587526912838,74.8232650756836,7407,0.0,0.0
2016-09-27 00:00:00-04:00,74.67391317832086,75.71935100130666,73.32978426035574,73.47913360595703,8407,0.0,0.0
2016-09-28 00:00:00-04:00,73.92717599396659,75.71935299594607,73.47913554158345,75.420654296875,7027,0.0,0.0
2016-09-29 00:00:00-04:00,75.12195475876779,76.16739259761658,72.28434753417969,72.28434753417969,11373,0.0,0.0
2016-09-30 00:00:00-04:00,72.43369443435185,75.27130156305091,72.43369443435185,74.97261047363281,8053,0.0,0.0
2016-10-03 00:00:00-04:00,74.3752145119605,77.81021907704455,74.0765234168814,77.51152038574219,16807,0.0,0.0
2016-10-04 00:00:00-04:00,77.81021703204496,77.81021703204496,75.27130101137223,75.56999969482422,9793,0.0,0.0
2016-10-05 00:00:00-04:00,76.16739040551316,80.49847579168006,75.71934997102882,78.70630645751953,16520,0.0,0.0
2016-10-06 00:00:00-04:00,77.36217627025027,80.34913300031744,77.36217627025027,79.90109252929688,12613,0.0,0.0
2016-10-07 00:00:00-04:00,80.05043589390365,80.34912698682143,77.51151982487481,78.1089096069336,6567,0.0,0.0
2016-10-10 00:00:00-04:00,79.00499952061355,81.54391563599815,78.85565017331622,80.6478271484375,7267,0.0,0.0
2016-10-11 00:00:00-04:00,80.64783171181367,82.14131007684726,79.45305205827631,79.90109252929688,9027,0.0,0.0
2016-10-12 00:00:00-04:00,79.60238932085534,79.60238932085534,71.98565616645207,72.58304595947266,21973,0.0,0.0
2016-10-13 00:00:00-04:00,71.68695631717108,73.18043457377881,69.5960882771649,69.74543762207031,15987,0.0,0.0
2016-10-14 00:00:00-04:00,69.89478333464817,71.38826167595452,68.99870240684328,69.5960922241211,14613,0.0,0.0
2016-10-17 00:00:00-04:00,69.8947785199461,71.53760610146165,68.40130028151799,70.64151763916016,8440,0.0,0.0
2016-10-18 00:00:00-04:00,71.53760782759784,73.3297847954444,70.94021803705677,72.8817367553711,8127,0.0,0.0
2016-10-19 00:00:00-04:00,72.88173928386337,75.42065547702494,72.88173928386337,74.22587585449219,5740,0.0,0.0
2016-10-20 00:00:00-04:00,73.77782526772249,78.10891074609331,73.62847592097386,76.91413116455078,8653,0.0,0.0
2016-10-21 00:00:00-04:00,76.16739012109248,80.05043505827516,75.86869143506954,79.00499725341797,9140,0.0,0.0
2016-10-24 00:00:00-04:00,79.75174185147885,80.49848102161671,76.91413452419971,77.36217498779297,11027,0.0,0.0
2016-10-25 00:00:00-04:00,76.46608814895713,76.91412857791205,73.9271721282844,75.56999969482422,7613,0.0,0.0
2016-10-26 00:00:00-04:00,74.97261047363281,77.66086825951126,74.6739117879916,74.97261047363281,3920,0.0,0.0
2016-10-27 00:00:00-04:00,75.57000664116404,76.46609517766476,72.43370056152344,72.43370056152344,6367,0.0,0.0
2016-10-28 00:00:00-04:00,72.43369968238308,73.92717802634974,72.28435032874168,73.32978820800781,6093,0.0,0.0
2016-10-31 00:00:00-04:00,73.03108610206219,73.3297847954444,72.58304565821221,72.8817367553711,6013,0.0,0.0
2016-11-01 00:00:00-04:00,73.47913530930236,74.22587445839599,71.68695831298828,71.68695831298828,8393,0.0,0.0
2016-11-02 00:00:00-04:00,71.53760896392487,73.18043661117554,71.38825961486145,71.68695831298828,5913,0.0,0.0
2016-11-03 00:00:00-04:00,71.98565971134701,72.13500146978889,68.99870300292969,68.99870300292969,7260,0.0,0.0
2016-11-04 00:00:00-04:00,69.29739320543085,72.13500052189481,69.29739320543085,69.89478302001953,7873,0.0,0.0
2016-11-07 00:00:00-05:00,71.08956909179688,72.88173850648006,70.64152104095845,71.08956909179688,6233,0.0,0.0
2016-11-08 00:00:00-05:00,70.64152321111754,72.7323989868164,68.99870309624521,72.7323989868164,6667,0.0,0.0
2016-11-09 00:00:00-05:00,70.0441316902923,75.57000451290298,70.0441316902923,74.52456665039062,16260,0.0,0.0
2016-11-10 00:00:00-05:00,76.16739683245949,77.3621764893811,74.67391846319558,75.86869812011719,47600,0.0,0.0
2016-11-11 00:00:00-05:00,76.16739317293113,77.36217277244852,73.18043657791422,75.71935272216797,44127,0.0,0.0
2016-11-14 00:00:00-05:00,76.91413170490976,80.49847807094243,76.76478235711186,80.34912872314453,40713,0.0,0.0
2016-11-15 00:00:00-05:00,80.64782687397286,85.87500083802665,80.64782687397286,84.97891235351562,80127,0.0,0.0
2016-11-16 00:00:00-05:00,84.38152748618174,88.8619625739436,83.78413766039158,87.66718292236328,47147,0.0,0.0
2016-11-17 00:00:00-05:00,88.56326293945312,91.69956898742771,88.41392118173066,88.56326293945312,61213,0.0,0.0
2016-11-18 00:00:00-05:00,89.31000304423029,89.60870175523725,87.06978550034935,87.66718292236328,21660,0.0,0.0
2016-11-21 00:00:00-05:00,88.71260724186845,91.40087267115129,87.66717701622228,89.90739440917969,27827,0.0,0.0
2016-11-22 00:00:00-05:00,91.10217569642148,91.10217569642148,87.0697812746479,88.11521911621094,23313,0.0,0.0
2016-11-23 00:00:00-05:00,88.56326179137338,90.95282863486396,88.56326179137338,89.75804901123047,22020,0.0,0.0
2016-11-25 00:00:00-05:00,89.75804617218213,90.5047853123896,88.11521854448104,88.71260833740234,7940,0.0,0.0
2016-11-28 00:00:00-05:00,90.20608515948919,90.20608515948919,85.12826060741438,86.17369842529297,26927,0.0,0.0
2016-11-29 00:00:00-05:00,87.517831792428,90.50478845704176,86.62174327379914,89.4593505859375,36980,0.0,0.0
2016-11-30 00:00:00-05:00,89.60869565217392,90.80347522238027,85.12826086956522,85.875,23693,0.0,0.0
2016-12-01 00:00:00-05:00,86.47238895867586,88.11521654917632,84.82956136817539,86.77108764648438,17033,0.0,0.0
2016-12-02 00:00:00-05:00,86.92043952261608,89.60869740631621,85.87500168105304,88.11521911621094,16447,0.0,0.0
2016-12-05 00:00:00-05:00,88.71261083614051,90.95282831986236,88.71261083614051,90.0567398071289,25713,0.0,0.0
2016-12-06 00:00:00-05:00,89.60869654668038,93.64109092977033,88.71260806196892,93.04369354248047,23600,0.0,0.0
2016-12-07 00:00:00-05:00,94.83587027871748,103.34869946820979,94.08913114266458,101.40717315673828,32827,0.0,0.0
2016-12-08 00:00:00-05:00,102.15391699259195,112.60826537830623,100.06304883469382,112.16022491455078,44700,0.0,0.0
2016-12-09 00:00:00-05:00,112.16022434356898,124.55609147075053,112.16022434356898,120.5237045288086,95053,0.0,0.0
2016-12-12 00:00:00-05:00,121.41978238240367,123.21195937544496,111.26413301176545,111.71217346191406,51580,0.0,0.0
2016-12-13 00:00:00-05:00,113.50435017903646,114.4004386733788,108.42652550606108,112.01087188720703,30940,0.0,0.0
2016-12-14 00:00:00-05:00,112.3095715261895,112.60826262932696,106.33565830875864,107.0823974609375,26533,0.0,0.0
2016-12-15 00:00:00-05:00,106.48500267973637,110.21869853240908,101.70587654604948,104.39413452148438,37207,0.0,0.0
2016-12-16 00:00:00-05:00,105.29021739130435,109.47195348324983,104.69282760620118,106.33565521240234,34773,0.0,0.0
2016-12-19 00:00:00-05:00,103.94609097078208,107.38108801474294,102.00456462731529,103.64739227294922,24280,0.0,0.0
2016-12-20 00:00:00-05:00,102.30326411107204,107.38108883967617,100.80978580288121,106.78369903564453,24393,0.0,0.0
2016-12-21 00:00:00-05:00,107.23174035817446,107.38108970944796,104.84218112269284,105.88761138916016,13867,0.0,0.0
2016-12-22 00:00:00-05:00,106.03696300900893,106.63435283066,97.07609289557155,99.76435089111328,24233,0.0,0.0
2016-12-23 00:00:00-05:00,99.46565413229678,101.40717284150968,96.17999890538832,97.67347717285156,17713,0.0,0.0
2016-12-27 00:00:00-05:00,97.67347968651421,99.3163073422472,95.28391287783198,99.01760864257812,18353,0.0,0.0
2016-12-28 00:00:00-05:00,99.91369984425226,100.36174790585865,95.43326480553043,96.32935333251953,12713,0.0,0.0
2016-12-29 00:00:00-05:00,96.32935215105314,98.86826834701219,95.73196233912853,97.52413177490234,14740,0.0,0.0
2016-12-30 00:00:00-05:00,97.52412664583882,97.82282533420353,92.89435014974819,94.83586883544922,16393,0.0,0.0
2017-01-03 00:00:00-05:00,94.98522375406722,98.56957024368373,94.08913523260719,96.92674255371094,18147,0.0,0.0
2017-01-04 00:00:00-05:00,97.2254383999741,100.66043543561187,97.07608905141953,99.9136962890625,12880,0.0,0.0
2017-01-05 00:00:00-05:00,98.56956532180965,98.56956532180965,92.89435096298264,93.93978118896484,19200,0.0,0.0
2017-01-06 00:00:00-05:00,93.93977987263965,93.93977987263965,86.92043669520889,87.06977844238281,36553,0.0,0.0
2017-01-09 00:00:00-05:00,87.36847853179732,87.96586831875298,84.53087134659043,85.57630157470703,17500,0.0,0.0
2017-01-10 00:00:00-05:00,86.62174109363309,90.05673813299468,86.62174109363309,87.81652069091797,16607,0.0,0.0
2017-01-11 00:00:00-05:00,88.26457051453383,88.26457051453383,84.53087470255036,86.02435302734375,11987,0.0,0.0
2017-01-12 00:00:00-05:00,86.3230418650211,86.3230418650211,82.14130570403243,84.38152313232422,19647,0.0,0.0
2017-01-13 00:00:00-05:00,84.53087333476856,86.02435163539619,82.88804568483349,83.48543548583984,9007,0.0,0.0
2017-01-17 00:00:00-05:00,80.94652908143362,80.94652908143362,75.420656183924,77.36217498779297,47007,0.0,0.0
2017-01-18 00:00:00-05:00,76.46609045491769,77.36217133985032,74.67391349260583,77.21282958984375,22700,0.0,0.0
2017-01-19 00:00:00-05:00,76.91413201221063,76.91413201221063,74.97261327175099,76.0180435180664,25760,0.0,0.0
2017-01-20 00:00:00-05:00,76.91413201221063,77.36217246117104,75.27130437231679,76.0180435180664,15320,0.0,0.0
2017-01-23 00:00:00-05:00,76.01804747628834,76.61543730474915,74.07652863473477,75.86869812011719,13473,0.0,0.0
2017-01-24 00:00:00-05:00,75.86869078205315,76.91412857791205,74.8232605824173,75.56999969482422,15653,0.0,0.0
2017-01-25 00:00:00-05:00,75.71935607480901,77.66087490904565,75.42065736359241,76.16739654541016,15600,0.0,0.0
2017-01-26 00:00:00-05:00,76.31674339018338,76.31674339018338,74.67391572498892,74.8232650756836,14340,0.0,0.0
2017-01-27 00:00:00-05:00,74.8232605824173,75.71934903655021,74.52456189896532,75.56999969482422,22113,0.0,0.0
2017-01-30 00:00:00-05:00,75.12195416706763,75.27130351375872,72.43369631152112,72.8817367553711,22060,0.0,0.0
2017-01-31 00:00:00-05:00,72.13500156734602,72.88174074546026,70.94022192085274,72.7323989868164,12720,0.0,0.0
2017-02-01 00:00:00-05:00,73.18043314699342,75.12195180424075,70.34282603400769,71.2389144897461,16207,0.0,0.0
2017-02-02 00:00:00-05:00,71.08957024542052,72.43369922730098,69.44674255813392,69.89478302001953,16747,0.0,0.0
2017-02-03 00:00:00-05:00,69.89477963697693,71.08956680454791,69.29738985130307,69.44673919677734,19033,0.0,0.0
2017-02-06 00:00:00-05:00,69.44673946358049,72.88173644156934,68.9986990216596,69.14804077148438,19047,0.0,0.0
2017-02-07 00:00:00-05:00,69.1480413641138,69.1480413641138,64.21956607585172,64.51826477050781,43347,0.0,0.0
2017-02-08 00:00:00-05:00,62.72608746980366,62.72608746980366,56.00543524089613,56.752174377441406,109720,0.0,0.0
2017-02-09 00:00:00-05:00,57.49891522758247,63.47282849798066,57.49891522758247,62.87543869018555,83680,0.0,0.0
2017-02-10 00:00:00-05:00,65.41434741665846,67.80391424933323,62.72608947753906,62.72608947753906,45820,0.0,0.0
2017-02-13 00:00:00-05:00,62.72608695652174,66.45978260869565,62.72608695652174,65.41434478759766,20773,0.0,0.0
2017-02-14 00:00:00-05:00,64.96630621517406,65.11565556479846,62.7260887594784,63.47282791137695,22653,0.0,0.0
2017-02-15 00:00:00-05:00,64.21956678739492,64.96630593608556,62.87543783899647,63.77152633666992,14347,0.0,0.0
2017-02-16 00:00:00-05:00,63.47282777472058,64.2195669250114,62.427393723935765,63.62217712402344,12827,0.0,0.0
2017-02-17 00:00:00-05:00,63.77152954281669,64.81695984580907,62.57674228710905,64.3689193725586,15307,0.0,0.0
2017-02-21 00:00:00-05:00,64.21957001606717,65.41434967555098,63.02478655847143,64.3689193725586,11380,0.0,0.0
2017-02-22 00:00:00-05:00,64.51826562361713,64.66760737669652,62.87543797373261,63.62217712402344,6513,0.0,0.0
2017-02-23 00:00:00-05:00,64.07021830577577,64.21956765678043,62.57673998817622,62.87543869018555,10367,0.0,0.0
2017-02-24 00:00:00-05:00,63.17413230386857,64.81695614080938,62.12869826252229,64.21956634521484,17387,0.0,0.0
2017-02-27 00:00:00-05:00,63.77152589757479,65.26500418467282,62.875437406071306,64.21956634521484,16087,0.0,0.0
2017-02-28 00:00:00-05:00,63.77152734065414,64.21956779843285,61.23261115664528,62.72608947753906,19527,0.0,0.0
2017-03-01 00:00:00-05:00,62.278045084278666,64.51826635878975,61.53130592547889,62.87543869018555,16307,0.0,0.0
2017-03-02 00:00:00-05:00,62.87543869018555,63.47282849798066,61.97935018038111,62.87543869018555,13640,0.0,0.0
2017-03-03 00:00:00-05:00,62.87543611542591,63.622175243646595,60.48586938587509,61.53130340576172,20467,0.0,0.0
2017-03-06 00:00:00-05:00,61.23260950159143,61.531304398074425,59.73913122106482,60.485870361328125,25107,0.0,0.0
2017-03-07 00:00:00-05:00,60.48587166857808,60.93391592204175,57.797609945907816,59.14174270629883,32947,0.0,0.0
2017-03-08 00:00:00-05:00,58.99239461732011,65.71304716866037,58.69369970799402,65.5636978149414,23087,0.0,0.0
2017-03-09 00:00:00-05:00,64.96630691144416,64.96630691144416,58.544349376667554,58.84304428100586,26067,0.0,0.0
2017-03-10 00:00:00-05:00,59.7391317914135,60.635220287529386,58.99239264402083,59.88848114013672,10693,0.0,0.0
2017-03-13 00:00:00-04:00,59.88848186270102,59.88848186270102,58.544349102310015,59.14174270629883,15987,0.0,0.0
2017-03-14 00:00:00-04:00,58.69369902238455,60.037827997706906,57.49891560092479,58.544349670410156,11867,0.0,0.0
2017-03-15 00:00:00-04:00,58.84304371584385,59.88848156815461,57.648264109965965,59.44043731689453,14667,0.0,0.0
2017-03-16 00:00:00-04:00,59.44043563883226,62.128697272388706,59.44043563883226,61.232608795166016,12293,0.0,0.0
2017-03-17 00:00:00-04:00,61.68065627574232,61.97935118447889,60.03782858052345,61.83000183105469,14260,0.0,0.0
2017-03-20 00:00:00-04:00,61.830000025707704,61.830000025707704,58.992392778396606,59.739131927490234,13740,0.0,0.0
2017-03-21 00:00:00-04:00,60.03782741511441,60.03782741511441,57.49891504296929,59.14174270629883,12733,0.0,0.0
2017-03-22 00:00:00-04:00,58.84304428100586,58.84304428100586,57.05087105686424,58.84304428100586,10907,0.0,0.0
2017-03-23 00:00:00-04:00,58.6936982999273,60.187176608840915,58.6936982999273,59.29108810424805,9007,0.0,0.0
2017-03-24 00:00:00-04:00,59.44043774816319,59.44043774816319,58.245654335504845,58.992393493652344,9953,0.0,0.0
2017-03-27 00:00:00-04:00,58.096304848846344,59.44043760923735,57.94695929643296,59.14174270629883,10713,0.0,0.0
2017-03-28 00:00:00-04:00,59.14174142809884,60.485870361328125,59.14174142809884,60.485870361328125,11600,0.0,0.0
2017-03-29 00:00:00-04:00,60.48586932095615,66.16108365085286,60.03782508488229,65.71304321289062,23713,0.0,0.0
2017-03-30 00:00:00-04:00,65.71304748614081,66.75848537100072,64.36891848862358,65.26500701904297,14500,0.0,0.0
2017-03-31 00:00:00-04:00,64.96630651395773,64.96630651395773,62.87543839827046,63.17413330078125,8193,0.0,0.0
2017-04-03 00:00:00-04:00,63.6221758305874,63.6221758305874,60.485869943882186,60.93391418457031,7133,0.0,0.0
2017-04-04 00:00:00-04:00,60.48586966351765,61.829998581240055,60.48586966351765,61.232608795166016,9327,0.0,0.0
2017-04-05 00:00:00-04:00,61.23260936561398,62.4273927470044,60.18717533118925,60.63521957397461,10220,0.0,0.0
2017-04-06 00:00:00-04:00,61.381961227584924,62.57674085981742,60.18717779724061,61.97935104370117,7733,0.0,0.0
2017-04-07 00:00:00-04:00,61.97934835034805,62.576738140504325,60.78456497192383,60.78456497192383,9673,0.0,0.0
2017-04-10 00:00:00-04:00,60.18717695888401,63.62217784898532,59.141742896186685,62.87543869018555,7853,0.0,0.0
2017-04-11 00:00:00-04:00,62.72608933918088,63.32347914697599,61.97935018038111,62.87543869018555,4400,0.0,0.0
2017-04-12 00:00:00-04:00,62.278043538337734,62.278043538337734,59.29108697728449,60.485870361328125,12813,0.0,0.0
2017-04-13 00:00:00-04:00,60.78456554653599,61.23260979244451,59.29108725891539,60.18717575073242,10387,0.0,0.0
2017-04-17 00:00:00-04:00,60.635219009091976,61.68065303377736,59.29108629325793,61.232608795166016,10567,0.0,0.0
2017-04-18 00:00:00-04:00,60.6352198439429,61.08326029061142,60.03782625153206,60.33652114868164,5833,0.0,0.0
2017-04-19 00:00:00-04:00,60.6352191410448,61.680653168005236,60.037825555559095,61.08325958251953,9153,0.0,0.0
2017-04-20 00:00:00-04:00,61.23261019263237,64.21956678739492,60.78456594379565,63.77152633666992,11140,0.0,0.0
2017-04-21 00:00:00-04:00,63.47282804867794,63.92086850229686,61.53130548991956,63.32347869873047,5467,0.0,0.0
2017-04-24 00:00:00-04:00,64.2195669250114,64.66760737669652,62.57673927512689,63.62217712402344,5613,0.0,0.0
2017-04-25 00:00:00-04:00,63.62217739862541,64.36891655213927,61.830000391702754,63.32347869873047,6713,0.0,0.0
2017-04-26 00:00:00-04:00,63.32347758810679,66.01174305134157,63.17413203889042,64.51826477050781,11913,0.0,0.0
2017-04-27 00:00:00-04:00,64.6676062197753,65.26500360629912,63.024782397393075,64.81695556640625,6833,0.0,0.0
2017-04-28 00:00:00-04:00,64.66760546542162,65.26500284497673,61.381957858984556,61.53130340576172,10540,0.0,0.0
2017-05-01 00:00:00-04:00,61.23261144497993,62.576740420868916,60.48587228101676,62.42739486694336,5567,0.0,0.0
2017-05-02 00:00:00-04:00,61.53130846229436,64.96630949401404,61.53130846229436,64.07022094726562,7920,0.0,0.0
2017-05-03 00:00:00-04:00,63.47282849798066,64.21956765678043,61.53130592547889,62.87543869018555,7087,0.0,0.0
2017-05-04 00:00:00-04:00,63.32347771640076,63.32347771640076,60.33652114868164,60.33652114868164,5987,0.0,0.0
2017-05-05 00:00:00-04:00,61.531303554951776,61.97934779259285,60.1871746401402,61.3819580078125,4053,0.0,0.0
2017-05-08 00:00:00-04:00,61.3819582743182,61.5313038221059,60.6352191410448,61.08325958251953,3820,0.0,0.0
2017-05-09 00:00:00-04:00,61.08325958251953,61.82999871579293,59.291086422285694,61.08325958251953,6673,0.0,0.0
2017-05-10 00:00:00-04:00,60.93391474109247,61.232609638242046,59.88848070201312,60.33652114868164,6147,0.0,0.0
2017-05-11 00:00:00-04:00,60.63522072088416,61.0832611740325,58.245653912904906,59.44043731689453,11393,0.0,0.0
2017-05-12 00:00:00-04:00,58.69369931989693,59.44043848733045,57.79761079973198,58.24565505981445,11233,0.0,0.0
2017-05-15 00:00:00-04:00,58.24565462630883,59.44043804493239,57.64826481605294,58.69369888305664,7073,0.0,0.0
2017-05-16 00:00:00-04:00,58.245655358099455,58.54435026698017,56.90152636908036,57.94696044921875,8593,0.0,0.0
2017-05-17 00:00:00-04:00,57.3495665396495,59.1417435799794,57.05087163229846,58.24565505981445,8493,0.0,0.0
2017-05-18 00:00:00-04:00,58.39500441254588,59.58978404195006,57.05087163229846,58.24565505981445,12673,0.0,0.0
2017-05-19 00:00:00-04:00,58.24565349662816,60.037826690748226,57.64826369795871,59.88848114013672,13380,0.0,0.0
2017-05-22 00:00:00-04:00,60.33652277858695,63.17413387344115,59.291088711266674,62.57674026489258,12973,0.0,0.0
2017-05-23 00:00:00-04:00,61.97935104370117,63.47282938210361,61.08326252141498,61.97935104370117,48493,0.0,0.0
2017-05-24 00:00:00-04:00,83.6347822709517,90.65413310718158,77.36217056214105,82.14130401611328,646500,0.0,0.0
2017-05-25 00:00:00-04:00,82.88804202657144,84.97891003592503,80.64782467450195,83.3360824584961,113353,0.0,0.0
2017-05-26 00:00:00-04:00,83.186746853083,84.97891630930772,80.34913192066908,84.8295669555664,63820,0.0,0.0
2017-05-30 00:00:00-04:00,84.38152504650235,87.06978298294575,81.99195821620624,86.32304382324219,57780,0.0,0.0
2017-05-31 00:00:00-04:00,84.97891516149895,87.06978329696497,83.78413554015367,86.02435302734375,38740,0.0,0.0
2017-06-01 00:00:00-04:00,85.27761355739133,88.71261065353829,84.82956550383507,86.32304382324219,30707,0.0,0.0
2017-06-02 00:00:00-04:00,85.42696124530603,86.17370039047051,82.73869576497987,84.08282470703125,28080,0.0,0.0
2017-06-05 00:00:00-04:00,82.88804511325743,85.42696124530603,81.39456682292848,84.08282470703125,24867,0.0,0.0
2017-06-06 00:00:00-04:00,83.48543495850306,83.63478430686715,77.95956983881909,80.0504379272461,32340,0.0,0.0
2017-06-07 00:00:00-04:00,79.45305059663524,81.84260985975094,78.25826336885375,81.39456939697266,21687,0.0,0.0
2017-06-08 00:00:00-04:00,81.24522133056479,85.12826658895484,80.9465302160571,83.93348693847656,19460,0.0,0.0
2017-06-09 00:00:00-04:00,83.63478535359052,87.9658709330139,82.44000574417149,86.92044067382812,34773,0.0,0.0
2017-06-12 00:00:00-04:00,87.0697821200213,89.45934892663507,86.62174166712899,87.21913146972656,20920,0.0,0.0
2017-06-13 00:00:00-04:00,87.66717809884591,89.45934747760981,86.17369981843098,88.71260833740234,25067,0.0,0.0
2017-06-14 00:00:00-04:00,88.41391667305986,89.45934690492383,85.57630188145818,89.30999755859375,26647,0.0,0.0
2017-06-15 00:00:00-04:00,87.5178329673761,91.40087820274952,86.17370396949936,88.26457214355469,52840,0.0,0.0
2017-06-16 00:00:00-04:00,87.66717695153278,87.66717695153278,83.18674216892408,85.875,19673,0.0,0.0
2017-06-19 00:00:00-04:00,86.1736973165216,88.56325641882995,84.3815203935672,87.36847686767578,17587,0.0,0.0
2017-06-20 00:00:00-04:00,87.96587181108572,87.96587181108572,82.88804702603292,86.02435302734375,20887,0.0,0.0
2017-06-21 00:00:00-04:00,86.47239486178047,86.62174421588018,79.4530511813313,80.79718017578125,33847,0.0,0.0
2017-06-22 00:00:00-04:00,80.79717899527049,83.18674583728122,79.90109047998853,81.99195861816406,23067,0.0,0.0
2017-06-23 00:00:00-04:00,82.14130917023121,83.33608881058146,80.34913211348214,80.79718017578125,34267,0.0,0.0
2017-06-26 00:00:00-04:00,80.79717650839487,85.57630244909488,80.79717650839487,84.68022155761719,20593,0.0,0.0
2017-06-27 00:00:00-04:00,84.68022491734432,86.17370325735939,82.73869851759052,85.12826538085938,13367,0.0,0.0
2017-06-28 00:00:00-04:00,85.7256514912376,86.77108932253768,83.93348211843886,84.97891235351562,11020,0.0,0.0
2017-06-29 00:00:00-04:00,85.1282630958902,87.66717924425701,84.23217459668878,87.51782989501953,18973,0.0,0.0
2017-06-30 00:00:00-04:00,87.5178290509449,89.01130733646879,84.5308724798971,88.4139175415039,13880,0.0,0.0
2017-07-03 00:00:00-04:00,88.86196035598012,95.13457236077402,87.81652248977326,93.79043579101562,19407,0.0,0.0
2017-07-05 00:00:00-04:00,92.89435210180066,92.89435210180066,83.93348241723687,84.68022155761719,20187,0.0,0.0
2017-07-06 00:00:00-04:00,84.38152286297571,88.86195770525762,83.33608502795394,84.68022155761719,17947,0.0,0.0
2017-07-07 00:00:00-04:00,84.6802189467163,85.12825937864095,83.18674071200329,83.3360824584961,13273,0.0,0.0
2017-07-10 00:00:00-04:00,83.33608442840672,84.23217290966102,80.94652527335967,81.2452163696289,12507,0.0,0.0
2017-07-11 00:00:00-04:00,81.09586898438035,83.78413449314878,81.09586898438035,83.1867446899414,19687,0.0,0.0
2017-07-12 00:00:00-04:00,83.63478763010072,85.7256558016085,81.99195992526471,84.53087615966797,11700,0.0,0.0
2017-07-13 00:00:00-04:00,84.38152147927916,86.47238951881312,84.23217213440748,86.17369842529297,20920,0.0,0.0
2017-07-14 00:00:00-04:00,86.1737023790678,87.21913264868903,84.0828266473782,86.02435302734375,14500,0.0,0.0
2017-07-17 00:00:00-04:00,85.12826598063823,87.3684835064445,84.08282809677249,84.53087615966797,10587,0.0,0.0
2017-07-18 00:00:00-04:00,83.9334798293598,85.72564915328152,82.5893433411396,83.3360824584961,9807,0.0,0.0
2017-07-19 00:00:00-04:00,84.08282559664073,84.6802229960716,82.58934729051055,83.1867446899414,13120,0.0,0.0
2017-07-20 00:00:00-04:00,83.33608671948146,83.93348412089016,80.64782879803631,82.88804626464844,12787,0.0,0.0
2017-07-21 00:00:00-04:00,83.48543283790906,83.78413152705006,77.8102185140158,78.1089096069336,20907,0.0,0.0
2017-07-24 00:00:00-04:00,77.95956733589685,79.75173667005738,77.8102179923277,78.70630645751953,15007,0.0,0.0
2017-07-25 00:00:00-04:00,79.15435161864968,82.88804744971806,78.70631115741092,81.69326782226562,14180,0.0,0.0
2017-07-26 00:00:00-04:00,81.54391590930435,82.44000439986836,78.55695933823989,80.34912872314453,12180,0.0,0.0
2017-07-27 00:00:00-04:00,80.49847493021157,81.24521404384289,78.70630561523025,79.60238647460938,5753,0.0,0.0
2017-07-28 00:00:00-04:00,79.30369990691852,80.94652756978735,78.55696075072574,78.85565185546875,4900,0.0,0.0
2017-07-31 00:00:00-04:00,79.00500399103197,80.1997912407931,77.81022433749462,79.90109252929688,11587,0.0,0.0
2017-08-01 00:00:00-04:00,81.09586925286933,83.18674496535279,79.6023909417946,82.88804626464844,11247,0.0,0.0
2017-08-02 00:00:00-04:00,82.14130769204496,82.88804685288173,80.79717872178348,82.29065704345703,28447,0.0,0.0
2017-08-03 00:00:00-04:00,78.2582603964444,79.90108802460621,63.77152563009093,64.51826477050781,80460,0.0,0.0
2017-08-04 00:00:00-04:00,65.41434775522733,70.64152190541016,65.41434775522733,70.1934814453125,36880,0.0,0.0
2017-08-07 00:00:00-04:00,70.34283229330322,70.94022211821184,67.20652621725331,68.70000457763672,17947,0.0,0.0
2017-08-08 00:00:00-04:00,69.74544338284076,69.89478514385814,66.75848662291138,67.80391693115234,21840,0.0,0.0
2017-08-09 00:00:00-04:00,67.05717686197022,69.14804504726224,66.4597870370616,68.70000457763672,14467,0.0,0.0
2017-08-10 00:00:00-04:00,67.80391125041977,68.4013010331105,64.3689143027807,65.71304321289062,39640,0.0,0.0
2017-08-11 00:00:00-04:00,64.966303280172,67.80391040994638,64.36891350488631,66.609130859375,13540,0.0,0.0
2017-08-14 00:00:00-04:00,67.05717627776973,69.44674315281009,65.4143485764155,69.29739379882812,14200,0.0,0.0
2017-08-15 00:00:00-04:00,69.14804075680074,69.59608879484976,64.96630464568287,65.11565399169922,17420,0.0,0.0
2017-08-16 00:00:00-04:00,64.51826531426894,65.4143462133427,63.32347812179823,63.920867919921875,17087,0.0,0.0
2017-08-17 00:00:00-04:00,63.32348115915094,65.41434935098528,62.72609133237309,64.66761016845703,12893,0.0,0.0
2017-08-18 00:00:00-04:00,64.66761048931764,65.71304838853384,63.77152954281669,64.3689193725586,11693,0.0,0.0
2017-08-21 00:00:00-04:00,61.979350903600285,64.66760886815855,60.03782830844345,62.128700256347656,18007,0.0,0.0
2017-08-22 00:00:00-04:00,62.278045951759296,62.875439565987364,60.635222058383704,61.97935104370117,9873,0.0,0.0
2017-08-23 00:00:00-04:00,60.933916828704085,62.87543942386092,60.933916828704085,62.128700256347656,6513,0.0,0.0
2017-08-24 00:00:00-04:00,63.17413257132317,64.21956661709541,62.12869852555094,63.920867919921875,10620,0.0,0.0
2017-08-25 00:00:00-04:00,63.920870704326596,65.26500730393491,62.87544041112694,64.96630859375,12200,0.0,0.0
2017-08-28 00:00:00-04:00,65.26500820833813,65.7130486836004,63.17413619862914,64.07022094726562,10253,0.0,0.0
2017-08-29 00:00:00-04:00,64.36891452793746,64.36891452793746,60.63521887778126,61.3819580078125,12887,0.0,0.0
2017-08-30 00:00:00-04:00,61.97934779259285,62.27804268498301,60.933913770171436,61.3819580078125,7587,0.0,0.0
2017-08-31 00:00:00-04:00,62.27804340003872,62.27804340003872,60.03782598422357,60.63521957397461,13287,0.0,0.0
2017-09-01 00:00:00-04:00,60.63522106471719,63.024784088134766,60.187176810916476,63.024784088134766,10133,0.0,0.0
2017-09-05 00:00:00-04:00,62.57673757737319,63.47282605265532,60.0378252948893,61.3819580078125,8267,0.0,0.0
2017-09-06 00:00:00-04:00,61.97934779259285,62.726086922624084,60.33652018727947,61.3819580078125,9280,0.0,0.0
2017-09-07 00:00:00-04:00,61.83000096575808,63.02478438209546,61.531306061201676,62.72608947753906,7553,0.0,0.0
2017-09-08 00:00:00-04:00,62.72608904795919,63.47282820329204,60.9339158347827,63.17413330078125,10907,0.0,0.0
2017-09-11 00:00:00-04:00,63.024784678869175,63.17413403090653,62.12869996098045,62.42739486694336,7620,0.0,0.0
2017-09-12 00:00:00-04:00,62.42739216542573,63.920866630610824,60.93391390212899,61.232608795166016,12320,0.0,0.0
2017-09-13 00:00:00-04:00,61.08326252141498,63.32348002901864,61.08326252141498,61.97935104370117,12307,0.0,0.0
2017-09-14 00:00:00-04:00,62.278045951759296,62.875439565987364,61.23261187449995,61.97935104370117,11847,0.0,0.0
2017-09-15 00:00:00-04:00,62.128700396786144,62.72609021290239,60.93391696644183,61.97935104370117,15187,0.0,0.0
2017-09-18 00:00:00-04:00,61.97935118447889,62.42739544663966,61.23261201358155,61.83000183105469,6893,0.0,0.0
2017-09-19 00:00:00-04:00,62.27804535967418,63.622178130324635,61.381960644019,62.57674026489258,10520,0.0,0.0
2017-09-20 00:00:00-04:00,62.12869953138577,63.024784243078436,61.53130592547889,62.87543869018555,10573,0.0,0.0
2017-09-21 00:00:00-04:00,62.7260887594784,64.3689164128999,62.427393858341325,63.47282791137695,12200,0.0,0.0
2017-09-22 00:00:00-04:00,63.4728311148413,64.36891966158971,62.726091925254934,64.07022094726562,6007,0.0,0.0
2017-09-25 00:00:00-04:00,63.92086850229686,66.16108596283843,63.024783796947276,63.32347869873047,7247,0.0,0.0
2017-09-26 00:00:00-04:00,63.47282763870429,65.11565528506839,63.32347828972147,63.77152633666992,4033,0.0,0.0
2017-09-27 00:00:00-04:00,64.21956661709541,65.4143462133427,63.32347812179823,63.920867919921875,8747,0.0,0.0
2017-09-28 00:00:00-04:00,64.51826872905002,65.56369903204241,63.9208713030843,64.3689193725586,9207,0.0,0.0
2017-09-29 00:00:00-04:00,64.36891700778509,64.81695746457554,62.57673998817622,62.87543869018555,8600,0.0,0.0
2017-10-02 00:00:00-04:00,63.323478425417726,63.920868226405695,62.57673927512689,63.62217712402344,6247,0.0,0.0
2017-10-03 00:00:00-04:00,63.77152748198972,64.21956794076142,62.12869980612088,62.57674026489258,6200,0.0,0.0
2017-10-04 00:00:00-04:00,63.17413301023988,65.4143466678238,62.7260887594784,63.47282791137695,12847,0.0,0.0
2017-10-05 00:00:00-04:00,63.47282791137695,64.66760751592525,62.7260887594784,63.47282791137695,6213,0.0,0.0
2017-10-06 00:00:00-04:00,63.47282820329204,63.92086865800234,62.4273941454484,63.17413330078125,5487,0.0,0.0
2017-10-09 00:00:00-04:00,62.875436989789755,63.323477434463456,59.888480435369566,60.63521957397461,13413,0.0,0.0
2017-10-10 00:00:00-04:00,61.23260950159143,62.278043538337734,60.18717546484514,60.485870361328125,12207,0.0,0.0
2017-10-11 00:00:00-04:00,60.18717533118925,61.829999157253354,59.888480435369566,60.63521957397461,10727,0.0,0.0
2017-10-12 00:00:00-04:00,60.18717704769591,60.336522600809175,58.544349376667554,58.84304428100586,22060,0.0,0.0
2017-10-13 00:00:00-04:00,59.44043788779425,59.8884821433576,58.693698727892595,58.84304428100586,10107,0.0,0.0
2017-10-16 00:00:00-04:00,59.141740874498,61.3819582743182,58.84304218269933,61.08325958251953,8500,0.0,0.0
2017-10-17 00:00:00-04:00,60.78456648447143,63.32347885298076,60.187176679449855,63.17413330078125,13073,0.0,0.0
2017-10-18 00:00:00-04:00,62.57673771288842,64.21956532175948,60.78456455655467,61.232608795166016,8953,0.0,0.0
2017-10-19 00:00:00-04:00,60.485871952034216,60.78456685637252,58.24565447232924,58.84304428100586,11907,0.0,0.0
2017-10-20 00:00:00-04:00,59.29108781414485,60.63522056445749,58.39500311204815,59.58978271484375,7680,0.0,0.0
2017-10-23 00:00:00-04:00,59.73913265179984,61.68065522260569,58.39500368637905,58.992393493652344,13773,0.0,0.0
2017-10-24 00:00:00-04:00,59.14174284452655,59.58978330092563,58.69369859001569,58.992393493652344,4640,0.0,0.0
2017-10-25 00:00:00-04:00,58.6936982999273,59.44043745438411,58.39500339776693,59.29108810424805,9147,0.0,0.0
2017-10-26 00:00:00-04:00,59.44043788779425,60.336522600809175,58.544349376667554,58.84304428100586,4673,0.0,0.0
2017-10-27 00:00:00-04:00,58.69369689208147,59.44043602862675,56.602825030887686,56.752174377441406,16800,0.0,0.0
2017-10-30 00:00:00-04:00,56.60282632981312,56.752175679794114,55.10934802245011,55.40804672241211,15267,0.0,0.0
2017-10-31 00:00:00-04:00,55.40804820197987,55.85608866766345,53.765220500767235,53.91456985473633,15147,0.0,0.0
2017-11-01 00:00:00-04:00,54.2132637396652,57.20022037768409,54.06391438851955,54.96000289916992,14280,0.0,0.0
2017-11-02 00:00:00-04:00,54.96000363483216,55.25869854300986,53.61587085086483,54.21326446533203,11233,0.0,0.0
2017-11-03 00:00:00-04:00,55.109346306842305,55.109346306842305,52.71978336831798,53.16782760620117,16660,0.0,0.0
2017-11-06 00:00:00-05:00,53.01847908861181,57.49891394117056,53.01847908861181,56.30413055419922,16920,0.0,0.0
2017-11-07 00:00:00-05:00,57.94695733176795,59.44043559393665,56.45347906959925,57.200218200683594,26500,0.0,0.0
2017-11-08 00:00:00-05:00,70.19348173875075,78.1089138750566,62.27804580433309,77.66087341308594,143993,0.0,0.0
2017-11-09 00:00:00-05:00,76.9141322582713,83.4854352426459,76.9141322582713,79.75173950195312,54873,0.0,0.0
2017-11-10 00:00:00-05:00,80.19979095458984,81.99196042850029,77.66087470460369,80.19979095458984,25927,0.0,0.0
2017-11-13 00:00:00-05:00,80.7971743026151,84.38152055934256,80.34912627288472,83.03739166259766,20107,0.0,0.0
2017-11-14 00:00:00-05:00,83.18674183298947,85.72565030848085,81.0958661992371,82.14130401611328,23413,0.0,0.0
2017-11-15 00:00:00-05:00,81.84260428114955,82.14130296679076,74.8232611308122,74.97261047363281,25820,0.0,0.0
2017-11-16 00:00:00-05:00,75.57000113412796,78.70630698521559,75.27130244498696,78.1089096069336,18107,0.0,0.0
2017-11-17 00:00:00-05:00,79.30370040010995,82.88804685288173,77.8102220784364,82.29065704345703,14900,0.0,0.0
2017-11-20 00:00:00-05:00,82.8880431435325,83.93348096040867,79.30369685116493,82.14130401611328,13933,0.0,0.0
2017-11-21 00:00:00-05:00,82.29065477626145,82.88804456922743,79.60238931357952,80.6478271484375,8033,0.0,0.0
2017-11-22 00:00:00-05:00,80.94652908143362,81.69326825157148,77.36217498779297,77.36217498779297,11827,0.0,0.0
2017-11-24 00:00:00-05:00,78.25826064264409,80.49847807094243,76.16739256214365,80.34912872314453,4840,0.0,0.0
2017-11-27 00:00:00-05:00,79.9010906282392,79.9010906282392,76.46609350887911,77.9595718383789,7927,0.0,0.0
2017-11-28 00:00:00-05:00,78.40761215325976,82.88804713344604,78.10891344942458,81.99195861816406,12467,0.0,0.0
2017-11-29 00:00:00-05:00,81.84260860323,86.77109159924285,81.84260860323,86.62174224853516,14227,0.0,0.0
2017-11-30 00:00:00-05:00,86.62174372087445,87.81652335439705,83.93348574733677,85.12826538085938,13893,0.0,0.0
2017-12-01 00:00:00-05:00,84.97891318774519,88.41391781272135,81.24521746248202,88.11521911621094,15007,0.0,0.0
2017-12-04 00:00:00-05:00,88.11522018716947,93.64109296621017,88.11522018716947,90.95282745361328,25053,0.0,0.0
2017-12-05 00:00:00-05:00,90.65413693448954,91.55021784824547,87.96587140455114,90.35543823242188,8627,0.0,0.0
2017-12-06 00:00:00-05:00,90.50478786160741,91.8489168325958,88.56326148464767,90.0567398071289,6727,0.0,0.0
2017-12-07 00:00:00-05:00,90.65413665771484,91.69956691931283,88.56326094207185,90.65413665771484,9860,0.0,0.0
2017-12-08 00:00:00-05:00,90.65413465967576,91.40087379988323,88.2645678917672,88.71260833740234,6820,0.0,0.0
2017-12-11 00:00:00-05:00,88.71260835793689,88.86195770525762,84.08282416833426,84.68022155761719,9893,0.0,0.0
2017-12-12 00:00:00-05:00,84.38152112798566,84.38152112798566,82.14130375290641,82.44000244140625,10887,0.0,0.0
2017-12-13 00:00:00-05:00,82.44000244140625,84.08282243948582,81.84260506440656,82.44000244140625,12273,0.0,0.0
2017-12-14 00:00:00-05:00,82.14130689513009,83.18674474864841,77.81022132354065,79.15435028076172,18460,0.0,0.0
2017-12-15 00:00:00-05:00,79.15434970268697,81.54391649597504,78.55695990342082,79.75173950195312,19840,0.0,0.0
2017-12-18 00:00:00-05:00,80.199788077681,83.33608644357564,79.60239067825015,83.1867446899414,5213,0.0,0.0
2017-12-19 00:00:00-05:00,83.03739861511217,83.18674797086028,79.15435334678008,79.90109252929688,6053,0.0,0.0
2017-12-20 00:00:00-05:00,80.49848146758184,81.8426104620318,79.6023929392073,80.79718017578125,5153,0.0,0.0
2017-12-21 00:00:00-05:00,79.90109164740672,81.9919598161315,79.90109164740672,80.79718017578125,4880,0.0,0.0
2017-12-22 00:00:00-05:00,80.34913271358123,81.39457060386347,79.75174288894442,80.19979095458984,3140,0.0,0.0
2017-12-26 00:00:00-05:00,79.45304729817252,81.69326471150944,79.45304729817252,80.94652557373047,11867,0.0,0.0
2017-12-27 00:00:00-05:00,80.49847627301372,80.49847627301372,71.68695610442303,74.07652282714844,23147,0.0,0.0
2017-12-28 00:00:00-05:00,74.37521617743161,76.4660918709222,72.13499873116893,75.71935272216797,14240,0.0,0.0
2017-12-29 00:00:00-05:00,75.42065496582921,75.42065496582921,70.6415213156437,70.7908706665039,19553,0.0,0.0
2018-01-02 00:00:00-05:00,71.53761236849661,76.01804747628834,70.49218206774614,75.86869812011719,20867,0.0,0.0
2018-01-03 00:00:00-05:00,75.27130793025589,75.86869775584844,72.13500185061527,72.43370056152344,16247,0.0,0.0
2018-01-04 00:00:00-05:00,72.43369523051076,74.5245632643118,70.94021697833529,74.07652282714844,16520,0.0,0.0
2018-01-05 00:00:00-05:00,73.77782956816262,73.77782956816262,71.23892091033832,72.43370056152344,13700,0.0,0.0
2018-01-08 00:00:00-05:00,72.28434696483002,73.77782523929437,69.44673976259241,72.8817367553711,10547,0.0,0.0
2018-01-09 00:00:00-05:00,72.73239855551853,72.73239855551853,68.25196351340176,69.29739379882812,17540,0.0,0.0
2018-01-10 00:00:00-05:00,68.99870223440593,73.77782835690837,68.25196306561895,73.62847900390625,12887,0.0,0.0
2018-01-11 00:00:00-05:00,72.88173897910987,75.420655161655,72.88173897910987,74.52456665039062,12800,0.0,0.0
2018-01-12 00:00:00-05:00,74.37521475736926,75.86869302636241,72.73239473845543,73.18043518066406,6427,0.0,0.0
2018-01-16 00:00:00-05:00,74.8232651586119,74.8232651586119,67.95326338505404,70.7908706665039,20720,0.0,0.0
2018-01-17 00:00:00-05:00,71.83630681914109,74.07652424013578,69.89478049654501,72.58304595947266,21120,0.0,0.0
2018-01-18 00:00:00-05:00,72.2843452206757,73.03108433988974,70.49217589229585,70.64151763916016,7547,0.0,0.0
2018-01-19 00:00:00-05:00,70.34283013218426,76.16739403948868,70.04413143079489,74.8232650756836,29193,0.0,0.0
2018-01-22 00:00:00-05:00,73.47913696811776,74.37521789028068,71.6869599313447,73.92717742919922,8653,0.0,0.0
2018-01-23 00:00:00-05:00,74.37521729914263,74.67391600163862,71.83630871282105,74.52456665039062,8793,0.0,0.0
2018-01-24 00:00:00-05:00,74.37521729914263,74.97261470413459,72.43369852158945,74.52456665039062,6460,0.0,0.0
2018-01-25 00:00:00-05:00,74.97261047363281,75.27130156305091,72.88173486659055,74.97261047363281,7493,0.0,0.0
2018-01-26 00:00:00-05:00,75.27130239039954,75.27130239039954,71.98565479334741,74.07652282714844,10027,0.0,0.0
2018-01-29 00:00:00-05:00,73.479133872952,73.77782496901666,72.43369604616748,73.18043518066406,3353,0.0,0.0
2018-01-30 00:00:00-05:00,73.03108950072502,73.47913756164921,70.34283152007448,73.32978820800781,11853,0.0,0.0
2018-01-31 00:00:00-05:00,73.7778270119334,74.07652571249234,70.49217928690248,71.08956909179688,12020,0.0,0.0
2018-02-01 00:00:00-05:00,70.94021974151741,71.98565759725022,69.59609078144915,71.08956909179688,9767,0.0,0.0
2018-02-02 00:00:00-05:00,70.04412841796875,71.68695601249985,68.69999951197902,70.04412841796875,11653,0.0,0.0
2018-02-05 00:00:00-05:00,69.14804251705851,70.3428297193809,67.20652375809192,67.35587310791016,21033,0.0,0.0
2018-02-06 00:00:00-05:00,65.71304224917763,74.22587121540126,65.11565247524791,70.94021606445312,25160,0.0,0.0
2018-02-07 00:00:00-05:00,63.174130245131195,75.71934972679422,53.31717235226107,70.64151763916016,51040,0.0,0.0
2018-02-08 00:00:00-05:00,70.94021833149854,74.67391403315636,68.84935025781483,72.58304595947266,20287,0.0,0.0
2018-02-09 00:00:00-05:00,73.18043457377881,73.18043457377881,66.75848110885485,69.74543762207031,17147,0.0,0.0
2018-02-12 00:00:00-05:00,70.1934766920141,71.3882562355166,68.10260869277319,71.2389144897461,8080,0.0,0.0
2018-02-13 00:00:00-05:00,70.49217601212207,74.82326139168116,70.49217601212207,74.67391204833984,12447,0.0,0.0
2018-02-14 00:00:00-05:00,74.52456522656718,76.76478266381602,73.32978563185715,76.0180435180664,9007,0.0,0.0
2018-02-15 00:00:00-05:00,76.46608814895713,77.51151834859297,74.22587081173639,75.56999969482422,10200,0.0,0.0
2018-02-16 00:00:00-05:00,75.27130581040701,77.21283218418375,73.62847813912626,74.52456665039062,26667,0.0,0.0
2018-02-20 00:00:00-05:00,74.8232674601174,75.86869775584844,72.13500185061527,72.43370056152344,7553,0.0,0.0
2018-02-21 00:00:00-05:00,72.73239324993801,73.47913236915207,70.34282654920841,70.64151763916016,11467,0.0,0.0
2018-02-22 00:00:00-05:00,70.64151737937671,72.43369429738898,70.19347694798519,70.94021606445312,6947,0.0,0.0
2018-02-23 00:00:00-05:00,71.38826295222715,72.58305020436673,71.38826295222715,72.13500213623047,4907,0.0,0.0
2018-02-26 00:00:00-05:00,72.73239643817966,72.73239643817966,71.08956878465038,71.38825988769531,3967,0.0,0.0
2018-02-27 00:00:00-05:00,73.03108805979444,74.97261442637827,71.98565779737872,74.8232650756836,11907,0.0,0.0
2018-02-28 00:00:00-05:00,74.52456579588525,76.46609214740027,73.92717599396659,75.420654296875,28180,0.0,0.0
2018-03-01 00:00:00-05:00,75.12195475876779,76.16739259761658,70.94021859581936,72.28434753417969,13400,0.0,0.0
2018-03-02 00:00:00-05:00,71.68696109896698,73.03109010032786,69.8947840330033,72.7323989868164,7287,0.0,0.0
2018-03-05 00:00:00-05:00,72.73239735467695,73.18043781300182,70.04413181605703,70.49217987060547,7293,0.0,0.0
2018-03-06 00:00:00-05:00,70.4921808737159,73.92717802634974,70.04413281279169,73.32978820800781,7013,0.0,0.0
2018-03-07 00:00:00-05:00,72.43369578297123,74.07652339213894,70.4921770788242,73.47913360595703,8907,0.0,0.0
2018-03-08 00:00:00-05:00,73.6284782713267,74.37521743268385,70.04413181605703,70.49217987060547,6047,0.0,0.0
2018-03-09 00:00:00-05:00,76.16738987067387,86.17369706864379,75.42065075429471,79.30369567871094,67927,0.0,0.0
2018-03-12 00:00:00-04:00,81.99195385611654,84.38152055934256,79.45304540587021,83.03739166259766,18580,0.0,0.0
2018-03-13 00:00:00-04:00,83.63478719280796,87.51783240314735,80.34913180031533,81.09587097167969,20160,0.0,0.0
2018-03-14 00:00:00-04:00,81.69326899126122,82.14130945891125,79.90109192821367,80.49848175048828,6307,0.0,0.0
2018-03-15 00:00:00-04:00,80.6478290669733,82.73869719020568,80.1997886106462,82.58934783935547,8027,0.0,0.0
2018-03-16 00:00:00-04:00,82.58934615120144,86.47239121281855,81.84260700843751,84.38152313232422,19380,0.0,0.0
2018-03-19 00:00:00-04:00,84.38152313232422,84.68022182791914,81.24521721347104,84.38152313232422,13853,0.0,0.0
2018-03-20 00:00:00-04:00,84.23217350245672,85.12826199001736,80.19978670276886,80.6478271484375,9967,0.0,0.0
2018-03-21 00:00:00-04:00,80.64782576127486,84.23217205364243,80.19978532331262,82.14130401611328,10113,0.0,0.0
2018-03-22 00:00:00-04:00,81.39456687007606,81.84260731894491,78.10891159095978,80.0504379272461,14613,0.0,0.0
2018-03-23 00:00:00-04:00,80.49847522642834,81.2452143428075,78.55695656233179,79.30369567871094,10353,0.0,0.0
2018-03-26 00:00:00-04:00,80.79717731962165,84.38152371019036,79.30369902386607,83.78413391113281,12013,0.0,0.0
2018-03-27 00:00:00-04:00,84.23217494649845,84.38152429635616,82.14130683716087,83.1867446899414,7807,0.0,0.0
2018-03-28 00:00:00-04:00,83.4854346420069,84.232173784773,79.75173892817632,80.34912872314453,10520,0.0,0.0
2018-03-29 00:00:00-04:00,81.54391506212143,85.12826139091531,79.60238875336658,81.2452163696289,64400,0.0,0.0
2018-04-02 00:00:00-04:00,82.14130375290641,83.78413134720917,79.60238768932729,82.44000244140625,10780,0.0,0.0
2018-04-03 00:00:00-04:00,84.38152286297571,85.87500114373636,83.03739392953582,84.68022155761719,14120,0.0,0.0
2018-04-04 00:00:00-04:00,83.33608391803244,86.32304043977157,83.03739282359248,85.875,9160,0.0,0.0
2018-04-05 00:00:00-04:00,86.47238866501769,87.81651756314501,86.17369757444669,87.06977844238281,5467,0.0,0.0
2018-04-06 00:00:00-04:00,86.32304382324219,87.8165221426493,85.27761355739133,86.32304382324219,6273,0.0,0.0
2018-04-09 00:00:00-04:00,87.21913123740892,87.21913123740892,83.18674438344839,83.48543548583984,9060,0.0,0.0
2018-04-10 00:00:00-04:00,84.68022405427442,87.36848200041308,83.78413554015367,86.02435302734375,7553,0.0,0.0
2018-04-11 00:00:00-04:00,85.42695956022844,87.06977957020635,85.27761021489682,85.875,3587,0.0,0.0
2018-04-12 00:00:00-04:00,85.87500455086692,87.36848289088199,84.8295666743669,85.12826538085938,5573,0.0,0.0
2018-04-13 00:00:00-04:00,85.72565608993563,86.47239526771595,83.63478791139549,84.232177734375,3447,0.0,0.0
2018-04-16 00:00:00-04:00,84.38152147927916,87.36847799182001,83.48543300627226,86.17369842529297,6353,0.0,0.0
2018-04-17 00:00:00-04:00,87.81651786136781,88.71260632857017,86.62173830258011,86.77108764648438,6413,0.0,0.0
2018-04-18 00:00:00-04:00,87.21912808197396,88.71260632857017,86.3230396147716,86.77108764648438,8527,0.0,0.0
2018-04-19 00:00:00-04:00,87.06977818177567,89.01130444768012,86.02434797357155,87.36847686767578,7627,0.0,0.0
2018-04-20 00:00:00-04:00,86.92044214125134,87.96587241808648,85.12826510064309,85.42696380615234,8033,0.0,0.0
2018-04-23 00:00:00-04:00,86.02434823104963,87.96586690654208,85.27760911028743,87.06977844238281,8747,0.0,0.0
2018-04-24 00:00:00-04:00,87.96587027705255,92.44630517329858,86.1737008762882,91.55021667480469,17133,0.0,0.0
2018-04-25 00:00:00-04:00,92.14761614182406,92.14761614182406,87.36848243995259,89.4593505859375,11060,0.0,0.0
2018-04-26 00:00:00-04:00,89.60869739406931,93.1930437705874,88.71260890088394,92.14761352539062,9753,0.0,0.0
2018-04-27 00:00:00-04:00,92.5956517190525,94.6865197547542,90.35543433875284,94.53717041015625,8120,0.0,0.0
2018-04-30 00:00:00-04:00,95.13456920554835,95.5826096497924,92.29695440459146,93.04369354248047,8560,0.0,0.0
2018-05-01 00:00:00-04:00,92.74500244505886,93.3423922361254,90.95282547563592,93.04369354248047,4967,0.0,0.0
2018-05-02 00:00:00-04:00,92.59565675516465,94.23848444264617,92.29695804972306,93.19304656982422,3340,0.0,0.0
2018-05-03 00:00:00-04:00,92.89435005013398,93.34239048597739,90.50478333444832,90.80347442626953,5147,0.0,0.0
2018-05-04 00:00:00-04:00,90.65413467293988,95.2839112659249,89.0113070449984,92.74500274658203,9693,0.0,0.0
2018-05-07 00:00:00-04:00,93.79043542214268,98.8682677852067,92.74500515627103,98.12152862548828,12067,0.0,0.0
2018-05-08 00:00:00-04:00,97.97217670835869,98.27086780668905,94.98522014771497,96.77738952636719,8020,0.0,0.0
2018-05-09 00:00:00-04:00,97.22543960574438,97.52413071033439,94.38783233290998,94.6865234375,8293,0.0,0.0
2018-05-10 00:00:00-04:00,94.38783148392395,98.42021833129547,94.23848213486053,95.58261108398438,7793,0.0,0.0
2018-05-11 00:00:00-04:00,95.13457428834458,96.77739440249339,95.13457428834458,95.73196411132812,6413,0.0,0.0
2018-05-14 00:00:00-04:00,95.28391486373815,97.22544125960549,95.28391486373815,96.92674255371094,7793,0.0,0.0
2018-05-15 00:00:00-04:00,96.03065490722656,97.8228319664759,95.28391573190994,96.03065490722656,9713,0.0,0.0
2018-05-16 00:00:00-04:00,96.62805064519051,106.03696105217584,96.62805064519051,105.58892059326172,30200,0.0,0.0
2018-05-17 00:00:00-04:00,106.33565660550518,109.77065361201775,106.03695791092872,108.87456512451172,11373,0.0,0.0
2018-05-18 00:00:00-04:00,109.17326847356571,124.40674302573676,107.67979012945736,119.62761688232422,90173,0.0,0.0
2018-05-21 00:00:00-04:00,123.21195815068593,125.6015249189136,111.7121723514659,112.9069595336914,69873,0.0,0.0
2018-05-22 00:00:00-04:00,114.40043673672966,126.94565265647813,113.80304694935559,122.16651916503906,63140,0.0,0.0
2018-05-23 00:00:00-04:00,109.32261673796562,114.10174283376047,108.27717886901671,113.05631256103516,88453,0.0,0.0
2018-05-24 00:00:00-04:00,112.01087481355013,113.50435314439747,108.2771789864318,109.02391815185547,39660,0.0,0.0
2018-05-25 00:00:00-04:00,109.62130799702305,117.23804900581771,107.9784803133656,116.79000854492188,25867,0.0,0.0
2018-05-29 00:00:00-04:00,115.14717951092477,118.28348548908683,112.30957223400615,114.25109100341797,26867,0.0,0.0
2018-05-30 00:00:00-04:00,114.69912836740673,118.73152274438459,113.95238923064959,117.5367431640625,15220,0.0,0.0
2018-05-31 00:00:00-04:00,117.38739292570459,118.13413205678894,114.25108705590567,114.40043640136719,9860,0.0,0.0
2018-06-01 00:00:00-04:00,114.99782588741054,115.74456501654957,112.75760849999345,114.69912719726562,12147,0.0,0.0
2018-06-04 00:00:00-04:00,114.99782732337904,119.9263025987488,114.84847797644167,117.23804473876953,18527,0.0,0.0
2018-06-05 00:00:00-04:00,117.5367414827892,120.07564995371233,117.23804279386968,119.32891082763672,13093,0.0,0.0
2018-06-06 00:00:00-04:00,120.07565306168183,125.30282707950823,120.07565306168183,124.10804748535156,14320,0.0,0.0
2018-06-07 00:00:00-04:00,124.10804691222337,127.84173502577673,122.9132597273608,124.70543670654297,15313,0.0,0.0
2018-06-08 00:00:00-04:00,124.70543471521692,125.75087253574996,120.82238971980983,122.763916015625,11907,0.0,0.0
2018-06-11 00:00:00-04:00,123.06260824893242,126.4976128366034,122.01717801494647,125.60152435302734,21393,0.0,0.0
2018-06-12 00:00:00-04:00,126.19891411094963,127.54305063408042,120.22500101694018,121.56912994384766,13733,0.0,0.0
2018-06-13 00:00:00-04:00,121.56912820586354,122.4652166763989,117.98478191994528,119.32891082763672,14220,0.0,0.0
2018-06-14 00:00:00-04:00,119.47826549319402,122.61457148163507,117.23804801519663,121.7184829711914,16140,0.0,0.0
2018-06-15 00:00:00-04:00,121.86783503899679,132.17283414826048,121.86783503899679,130.53001403808594,32180,0.0,0.0
2018-06-18 00:00:00-04:00,129.33521213215715,130.67934865241781,125.00413426371641,125.90021514892578,13140,0.0,0.0
2018-06-19 00:00:00-04:00,125.15348395324537,130.5300151829173,121.41978804060412,129.33522033691406,17320,0.0,0.0
2018-06-20 00:00:00-04:00,129.6339077415189,131.87412509370796,128.14042950672615,129.1858673095703,9640,0.0,0.0
2018-06-21 00:00:00-04:00,129.3352157997227,133.36761028240488,128.5884766433907,130.0819549560547,14013,0.0,0.0
2018-06-22 00:00:00-04:00,127.69239964978449,130.82869812560722,125.45218211206897,129.9326171875,20780,0.0,0.0
2018-06-25 00:00:00-04:00,129.93261187217112,129.93261187217112,125.9002174307523,127.54305267333984,10960,0.0,0.0
2018-06-26 00:00:00-04:00,127.39369261368462,131.42608695652174,126.34826238880987,130.8286895751953,10527,0.0,0.0
2018-06-27 00:00:00-04:00,130.08195273393721,130.67935012577664,124.25739652951353,124.40673828125,7627,0.0,0.0
2018-06-28 00:00:00-04:00,124.40673913337103,130.82869277362116,123.21195953395538,127.54305267333984,11980,0.0,0.0
2018-06-29 00:00:00-04:00,127.99109111048904,129.48456938437468,124.85478521608452,125.60152435302734,7960,0.0,0.0
2018-07-02 00:00:00-04:00,125.00413996277351,126.49761830117595,120.82239605751249,123.95870208740234,11247,0.0,0.0
2018-07-03 00:00:00-04:00,123.36130633601047,125.302825044032,120.5236991488162,122.16651916503906,6527,0.0,0.0
2018-07-05 00:00:00-04:00,122.91325998967767,128.88717313806976,121.41978170257964,128.4391326904297,12700,0.0,0.0
2018-07-06 00:00:00-04:00,127.99109395076468,130.67935186492517,126.19891694384202,126.64695739746094,6387,0.0,0.0
2018-07-09 00:00:00-04:00,127.54304784435635,129.9326069527151,125.4521722302077,128.58847045898438,8587,0.0,0.0
2018-07-10 00:00:00-04:00,130.08195676807875,130.08195676807875,127.3936988063259,128.289794921875,6367,0.0,0.0
2018-07-11 00:00:00-04:00,127.84173731600468,129.18587387258262,125.15347939529583,126.3482666015625,7860,0.0,0.0
2018-07-12 00:00:00-04:00,126.94565355176661,127.69239269030642,124.25739569151266,125.30282592773438,6127,0.0,0.0
2018-07-13 00:00:00-04:00,125.302829132356,126.34826699153814,121.56913334416765,122.01718139648438,6620,0.0,0.0
2018-07-16 00:00:00-04:00,122.01717855751423,123.80934793641217,118.73152330186632,120.97174072265625,11373,0.0,0.0
2018-07-17 00:00:00-04:00,120.97173906506073,123.06260710990355,120.2249999350295,122.763916015625,9960,0.0,0.0
2018-07-18 00:00:00-04:00,122.46522360855008,122.91326407106752,119.6276162880845,120.22500610351562,4693,0.0,0.0
2018-07-19 00:00:00-04:00,119.17956261394481,121.27043826377314,117.23804390621652,118.1341323852539,11327,0.0,0.0
2018-07-20 00:00:00-04:00,117.68608317313958,118.43282229884788,114.25108623337066,115.29652404785156,21300,0.0,0.0
2018-07-23 00:00:00-04:00,115.59522191937589,116.19261173573126,107.53044040801917,108.42652893066406,17613,0.0,0.0
2018-07-24 00:00:00-04:00,109.02391273824672,110.36804165002155,102.60195927297627,106.63434600830078,18433,0.0,0.0
2018-07-25 00:00:00-04:00,106.6343502708802,108.42652728903558,104.99152260360836,106.18630981445312,8620,0.0,0.0
2018-07-26 00:00:00-04:00,106.33566048800999,107.2317414120102,100.36174714814928,100.95913696289062,11433,0.0,0.0
2018-07-27 00:00:00-04:00,101.70587359065917,102.90065319030683,99.31630679514042,99.61500549316406,10433,0.0,0.0
2018-07-30 00:00:00-04:00,100.80978193224207,103.04999930851412,97.97217477487546,98.8682632446289,10727,0.0,0.0
2018-07-31 00:00:00-04:00,98.42021883946343,100.36174519486552,97.22543923323407,99.01760864257812,16847,0.0,0.0
2018-08-01 00:00:00-04:00,117.9847794903182,146.36086569685042,114.99782304752534,143.07521057128906,389047,0.0,0.0
2018-08-02 00:00:00-04:00,139.64022240572925,149.6465301513672,138.44544279261885,149.6465301513672,133953,0.0,0.0
2018-08-03 00:00:00-04:00,149.34783375591311,163.38653620594786,147.25695800635143,162.7891387939453,66827,0.0,0.0
2018-08-06 00:00:00-04:00,162.78912790586432,172.1980377646865,156.36717452237912,158.00999450683594,69287,0.0,0.0
2018-08-07 00:00:00-04:00,157.56195470882577,165.62674330170628,156.06847646514024,161.4449920654297,41173,0.0,0.0
2018-08-08 00:00:00-04:00,161.44499718581955,168.46434819225667,158.30869885158756,164.13327026367188,37960,0.0,0.0
2018-08-09 00:00:00-04:00,165.92543090284525,171.3019618286406,164.43195262219876,165.3280487060547,24000,0.0,0.0
2018-08-10 00:00:00-04:00,164.88000768598982,170.7045638447532,162.9384737739554,169.95782470703125,17373,0.0,0.0
2018-08-13 00:00:00-04:00,169.95783064849854,183.2497938415951,169.3604484329054,179.51609802246094,52713,0.0,0.0
2018-08-14 00:00:00-04:00,180.11347279777172,185.4900036706949,174.13955973393257,175.18499755859375,39720,0.0,0.0
2018-08-15 00:00:00-04:00,173.69152702281164,173.69152702281164,161.29565990215406,163.38653564453125,32587,0.0,0.0
2018-08-16 00:00:00-04:00,165.17869062810826,171.15260370966655,164.43195149291347,166.5228271484375,15287,0.0,0.0
2018-08-17 00:00:00-04:00,166.07479617683197,168.7630541783516,162.639798997532,168.46435546875,23140,0.0,0.0
2018-08-20 00:00:00-04:00,169.50979053488615,170.40587145632955,163.68521896816227,167.41891479492188,14820,0.0,0.0
2018-08-21 00:00:00-04:00,168.46435093022788,171.60066450787969,167.5682700180114,169.21109008789062,15080,0.0,0.0
2018-08-22 00:00:00-04:00,169.6591345440825,172.34740772900795,166.82153479352968,169.06175231933594,16687,0.0,0.0
2018-08-23 00:00:00-04:00,168.46435329607536,169.50979116997436,166.07479403497535,166.821533203125,10587,0.0,0.0
2018-08-24 00:00:00-04:00,166.5228344973757,168.61371024517365,163.386536068126,166.821533203125,13227,0.0,0.0
2018-08-27 00:00:00-04:00,168.0163014052124,169.06173920800074,166.37348142400657,166.6721649169922,11540,0.0,0.0
2018-08-28 00:00:00-04:00,167.8669596587196,169.6591213864182,166.07478273857473,166.6721649169922,10833,0.0,0.0
2018-08-29 00:00:00-04:00,166.22412396804154,167.7176021981092,164.28260530744282,167.26956176757812,14627,0.0,0.0
2018-08-30 00:00:00-04:00,167.26956743240575,167.26956743240575,160.99695561520122,165.3280487060547,15920,0.0,0.0
2018-08-31 00:00:00-04:00,164.73065185523387,171.30196238853517,164.73065185523387,168.76304626464844,16193,0.0,0.0
2018-09-04 00:00:00-04:00,168.01630598744345,173.54217864507535,166.97086815614335,169.95782470703125,21013,0.0,0.0
2018-09-05 00:00:00-04:00,169.8084784616036,172.04869581547055,167.41890416867778,170.70455932617188,12247,0.0,0.0
2018-09-06 00:00:00-04:00,171.7500074598524,172.79544532635836,167.5682711862759,168.0163116455078,8627,0.0,0.0
2018-09-07 00:00:00-04:00,167.2695709119477,169.9578288345432,159.9515211075712,161.7436981201172,10673,0.0,0.0
2018-09-10 00:00:00-04:00,159.8021760163484,161.74369474254365,153.38022244857325,161.295654296875,23440,0.0,0.0
2018-09-11 00:00:00-04:00,161.1463197197026,166.22413698407902,159.95152488813414,165.6267547607422,12587,0.0,0.0
2018-09-12 00:00:00-04:00,165.62674567904097,167.41890744323047,158.90609348599065,163.08782958984375,8753,0.0,0.0
2018-09-13 00:00:00-04:00,163.53587341308594,164.73065301140448,160.9969572713797,163.53587341308594,9907,0.0,0.0
2018-09-14 00:00:00-04:00,162.9384720484752,162.9384720484752,157.1139159513925,159.65283203125,10307,0.0,0.0
2018-09-17 00:00:00-04:00,159.80218107135033,160.54892023523516,156.36718395596964,159.95152282714844,13353,0.0,0.0
2018-09-18 00:00:00-04:00,160.69825805550173,164.2826120313462,157.26326102424474,160.1008758544922,15407,0.0,0.0
2018-09-19 00:00:00-04:00,159.35414165604877,163.38653620594786,159.35414165604877,162.7891387939453,12207,0.0,0.0
2018-09-20 00:00:00-04:00,159.05544179661266,164.7306563996925,157.86066217371908,163.98391723632812,15687,0.0,0.0
2018-09-21 00:00:00-04:00,164.28260921738098,170.2565222798312,163.68521183415731,167.12022399902344,27013,0.0,0.0
2018-09-24 00:00:00-04:00,167.41891758136805,171.3019704212942,166.67217840358774,168.46435546875,15600,0.0,0.0
2018-09-25 00:00:00-04:00,169.6591213127477,169.6591213127477,160.54891016193278,162.63978576660156,19493,0.0,0.0
2018-09-26 00:00:00-04:00,162.78913999191275,165.92543844688808,161.4450034012391,161.5943603515625,13460,0.0,0.0
2018-09-27 00:00:00-04:00,161.59434738380713,163.83456472685683,160.25021090099884,163.23716735839844,11487,0.0,0.0
2018-09-28 00:00:00-04:00,162.6397941530187,167.41891259450028,161.89305499748133,165.77609252929688,28900,0.0,0.0
2018-10-01 00:00:00-04:00,165.7760945744776,166.2241350348381,154.57500710322913,155.9191436767578,16073,0.0,0.0
2018-10-02 00:00:00-04:00,155.4710828989176,156.21782203905158,151.2893467526566,153.23086547851562,14927,0.0,0.0
2018-10-03 00:00:00-04:00,153.67892339945618,155.471085208443,151.88674639802244,154.8737030029297,11853,0.0,0.0
2018-10-04 00:00:00-04:00,154.4256642741492,156.06848434820407,149.64653061447075,153.08152770996094,16720,0.0,0.0
2018-10-05 00:00:00-04:00,153.23086946489425,157.11392221007858,151.58804939083936,153.08152770996094,16733,0.0,0.0
2018-10-08 00:00:00-04:00,152.63348843291288,157.5619638856328,151.28935185833143,151.88674926757812,18293,0.0,0.0
2018-10-09 00:00:00-04:00,150.99065030108213,156.81522175763,150.39326809556883,154.8737030029297,19427,0.0,0.0
2018-10-10 00:00:00-04:00,154.57501121881484,157.56196795734266,150.39327482336543,151.73739624023438,16573,0.0,0.0
2018-10-11 00:00:00-04:00,152.18545190497164,157.56196795734266,151.14001400799737,151.73739624023438,10713,0.0,0.0
2018-10-12 00:00:00-04:00,154.27630336735064,155.32174120239458,147.2569524091377,149.198486328125,12007,0.0,0.0
2018-10-15 00:00:00-04:00,149.19848902145344,157.4126197140922,149.19848902145344,154.27630615234375,12400,0.0,0.0
2018-10-16 00:00:00-04:00,155.17240765021597,160.54892366817108,153.3802305800818,160.3995819091797,11233,0.0,0.0
2018-10-17 00:00:00-04:00,159.95151720824097,159.95151720824097,155.47108238232445,157.86065673828125,17260,0.0,0.0
2018-10-18 00:00:00-04:00,156.9645669175467,160.6982627547143,154.8737063642012,155.32174682617188,10747,0.0,0.0
2018-10-19 00:00:00-04:00,155.62044522278356,155.62044522278356,146.9582739362355,147.85435485839844,20867,0.0,0.0
2018-10-22 00:00:00-04:00,148.45174772589712,152.7828256404277,147.85435033443585,148.60108947753906,14467,0.0,0.0
2018-10-23 00:00:00-04:00,146.65957834749494,153.38023098385466,142.02978630475639,152.3347930908203,28227,0.0,0.0
2018-10-24 00:00:00-04:00,152.0360841297463,153.82826108377475,141.88043498018058,142.92587280273438,25387,0.0,0.0
2018-10-25 00:00:00-04:00,143.97131286933632,151.4387043004752,143.6726141736014,144.56869506835938,15347,0.0,0.0
2018-10-26 00:00:00-04:00,142.62717411165522,145.3154319464746,139.1921771453612,142.92587280273438,19467,0.0,0.0
2018-10-29 00:00:00-04:00,144.86738984330532,148.30238677017277,142.92587116224513,144.71804809570312,8593,0.0,0.0
2018-10-30 00:00:00-04:00,144.12066058258512,150.5426144405217,144.12066058258512,150.09457397460938,19260,0.0,0.0
2018-10-31 00:00:00-04:00,101.85522666924986,117.08870130555897,85.42696479332076,88.26457214355469,254187,0.0,0.0
2018-11-01 00:00:00-04:00,89.75805068843883,89.75805068843883,78.55696302173408,84.232177734375,96220,0.0,0.0
2018-11-02 00:00:00-04:00,85.1282599480742,86.17369775785562,79.45304565669186,82.73869323730469,45573,0.0,0.0
2018-11-05 00:00:00-05:00,83.78413221384002,90.65413375438841,83.03739308108962,85.57630157470703,54027,0.0,0.0
2018-11-06 00:00:00-05:00,85.5763000670399,94.8358681885009,83.48543205141993,91.40087127685547,55527,0.0,0.0
2018-11-07 00:00:00-05:00,92.44630696251764,92.8943550185479,86.32304429989286,89.75804901123047,28993,0.0,0.0
2018-11-08 00:00:00-05:00,90.05673834220215,95.8813097821112,89.75804724029877,95.58261108398438,34373,0.0,0.0
2018-11-09 00:00:00-05:00,94.53717004570863,95.28390916959646,90.05673530238171,90.80347442626953,26913,0.0,0.0
2018-11-12 00:00:00-05:00,89.90740022949716,92.89435694680637,89.31000280905631,91.69956970214844,14587,0.0,0.0
2018-11-13 00:00:00-05:00,91.69956898742771,91.69956898742771,86.92044283471645,88.56326293945312,20953,0.0,0.0
2018-11-14 00:00:00-05:00,90.20608692639856,91.55021586412538,87.5178290509449,88.4139175415039,14620,0.0,0.0
2018-11-15 00:00:00-05:00,87.66718114490341,89.60869993841291,86.32304456884832,89.4593505859375,12380,0.0,0.0
2018-11-16 00:00:00-05:00,88.71260745150339,88.86195679729812,82.73869438950015,85.57630157470703,22800,0.0,0.0
2018-11-19 00:00:00-05:00,85.27761562175694,87.21913444549627,83.63478791139549,84.232177734375,14953,0.0,0.0
2018-11-20 00:00:00-05:00,82.29065254260348,84.23217121609909,80.05043518262093,83.03739166259766,22393,0.0,0.0
2018-11-21 00:00:00-05:00,83.63478260869566,86.17369869066322,82.58934478759765,85.875,7147,0.0,0.0
2018-11-23 00:00:00-05:00,84.9789129272907,86.17370011344701,83.93348268515521,84.38152313232422,4640,0.0,0.0
2018-11-26 00:00:00-05:00,85.57630556268334,87.3684826032916,82.29065778319972,85.42696380615234,19353,0.0,0.0
2018-11-27 00:00:00-05:00,85.42696155570864,86.0243513547662,82.73869606561453,83.78413391113281,12387,0.0,0.0
2018-11-28 00:00:00-05:00,84.38152621085183,86.17370325735939,83.33608833435181,85.12826538085938,11267,0.0,0.0
2018-11-29 00:00:00-05:00,84.97891235351562,86.62173997574862,83.7841327716498,84.97891235351562,10367,0.0,0.0
2018-11-30 00:00:00-05:00,85.12826553553668,85.12826553553668,80.05044068950379,81.09587097167969,29233,0.0,0.0
2018-12-03 00:00:00-05:00,82.73869379880401,84.97891118106165,81.69326357815105,82.14130401611328,18900,0.0,0.0
2018-12-04 00:00:00-05:00,82.2906556441136,83.18674414112455,79.15434970268697,79.75173950195312,13253,0.0,0.0
2018-12-06 00:00:00-05:00,78.40761229873941,78.85565275909991,75.57000499193451,77.9595718383789,18100,0.0,0.0
2018-12-07 00:00:00-05:00,77.51152153381898,81.54391594501107,74.97261300503648,76.31674194335938,17740,0.0,0.0
2018-12-10 00:00:00-05:00,76.16739521627142,76.16739521627142,73.47913724712777,73.62847900390625,18667,0.0,0.0
2018-12-11 00:00:00-05:00,74.52456813244817,76.61543630283008,72.28435060784818,73.03108978271484,23960,0.0,0.0
2018-12-12 00:00:00-05:00,73.47913304552289,75.42065173486174,72.88173566767414,74.07652282714844,12953,0.0,0.0
2018-12-13 00:00:00-05:00,74.07652827907079,74.37521939375517,70.79087284397609,72.43370056152344,18800,0.0,0.0
2018-12-14 00:00:00-05:00,71.9856593818324,74.52456801463103,68.99870268708789,69.29739379882812,23540,0.0,0.0
2018-12-17 00:00:00-05:00,68.99869672416403,70.49217494246868,67.05717048263416,67.50521850585938,26873,0.0,0.0
2018-12-18 00:00:00-05:00,69.29739531111704,69.74544338284076,66.75848662291138,67.80391693115234,14180,0.0,0.0
2018-12-19 00:00:00-05:00,67.80391325294798,70.04413070136845,66.90782475433511,67.6545639038086,17333,0.0,0.0
2018-12-20 00:00:00-05:00,67.80391125041977,68.25195928460523,64.51826364750917,65.71304321289062,20080,0.0,0.0
2018-12-21 00:00:00-05:00,65.56369932643837,66.45978787318677,63.77152982916539,64.07022094726562,18900,0.0,0.0
2018-12-24 00:00:00-05:00,62.875438535609035,65.26500535713836,62.875438535609035,63.024784088134766,8813,0.0,0.0
2018-12-26 00:00:00-05:00,63.02478481936318,66.45978574087337,62.8754392651047,66.16108703613281,11887,0.0,0.0
2018-12-27 00:00:00-05:00,65.11565648819222,66.9078259204291,64.36891732570429,66.45978546142578,19853,0.0,0.0
2018-12-28 00:00:00-05:00,66.60913148085908,71.53760666822916,66.60913148085908,70.04412841796875,15707,0.0,0.0
2018-12-31 00:00:00-05:00,70.34282603400769,72.58304337524218,69.14803889428211,71.2389144897461,30433,0.0,0.0
2019-01-02 00:00:00-05:00,70.49218030431173,75.8686962221837,70.04413224700666,73.92717742919922,18167,0.0,0.0
2019-01-03 00:00:00-05:00,73.47913724712777,75.86869651026717,71.98565890955382,73.62847900390625,17120,0.0,0.0
2019-01-04 00:00:00-05:00,74.82326725760223,76.91413543962895,73.92717872352685,76.46609497070312,14507,0.0,0.0
2019-01-07 00:00:00-05:00,76.46609125773944,81.99195635647466,75.42065341937753,80.34912872314453,16407,0.0,0.0
2019-01-08 00:00:00-05:00,81.69326665427805,84.97891438090838,80.34913009733197,82.88804626464844,21547,0.0,0.0
2019-01-09 00:00:00-05:00,81.99195411495316,84.0828221382928,81.69326302374644,82.73869323730469,12973,0.0,0.0
2019-01-10 00:00:00-05:00,81.84260619836013,85.7256512215429,80.1997861775188,85.2776107788086,16713,0.0,0.0
2019-01-11 00:00:00-05:00,85.1282630958902,90.05673844716289,84.23217459668878,87.51782989501953,25900,0.0,0.0
2019-01-14 00:00:00-05:00,86.62174109363309,88.41391808578383,86.32304239620015,87.81652069091797,9900,0.0,0.0
2019-01-15 00:00:00-05:00,87.81651767744312,92.59565109503073,86.47238877756634,91.1021728515625,17393,0.0,0.0
2019-01-16 00:00:00-05:00,90.65413780951717,91.84891743687324,88.41392031105686,89.4593505859375,16727,0.0,0.0
2019-01-17 00:00:00-05:00,89.0113110012916,89.4593514669064,86.47239477287798,88.56326293945312,9333,0.0,0.0
2019-01-18 00:00:00-05:00,89.31000037140856,91.55021784824547,87.96587140455114,90.35543823242188,17560,0.0,0.0
2019-01-22 00:00:00-05:00,90.35543983213363,95.13457357248802,89.60870065996724,92.59565734863281,17293,0.0,0.0
2019-01-23 00:00:00-05:00,92.7450068207868,97.82283167876014,92.2969587591804,96.32935333251953,18080,0.0,0.0
2019-01-24 00:00:00-05:00,96.03065203078121,100.21239584503097,96.03065203078121,99.01760864257812,15753,0.0,0.0
2019-01-25 00:00:00-05:00,99.76435071776334,103.94609465450216,99.76435071776334,103.79674530029297,16347,0.0,0.0
2019-01-28 00:00:00-05:00,103.19934954669051,104.54347846485109,99.61500323285456,102.00456237792969,16207,0.0,0.0
2019-01-29 00:00:00-05:00,102.00456379718658,105.43956840941627,100.51108551262324,104.5434799194336,18247,0.0,0.0
2019-01-30 00:00:00-05:00,105.58891718128457,106.93304611081665,104.24478065552917,105.140869140625,28533,0.0,0.0
2019-01-31 00:00:00-05:00,105.29021683605603,107.23173552645856,104.54347770955918,106.93304443359375,14373,0.0,0.0
2019-02-01 00:00:00-05:00,107.2317392143945,107.82913661311635,104.54348130503999,107.0823974609375,15473,0.0,0.0
2019-02-04 00:00:00-05:00,107.53043510667004,110.9654320785327,106.78369597398483,110.06935119628906,40853,0.0,0.0
2019-02-05 00:00:00-05:00,110.21869834046316,117.38739892284468,110.21869834046316,116.19261169433594,42493,0.0,0.0
2019-02-06 00:00:00-05:00,100.66043843141597,102.45261547496169,85.128265240173,89.16065979003906,151147,0.0,0.0
2019-02-07 00:00:00-05:00,89.75804883932722,89.90739819105127,83.18674572948103,86.02435302734375,39873,0.0,0.0
2019-02-08 00:00:00-05:00,85.57630705882826,87.66718284150089,80.64783150532564,83.93348693847656,48073,0.0,0.0
2019-02-11 00:00:00-05:00,83.6347858867988,87.21913233413117,81.39456840768811,86.32304382324219,27987,0.0,0.0
2019-02-12 00:00:00-05:00,86.02435021090166,89.60869655380937,85.87500086406732,89.01130676269531,22733,0.0,0.0
2019-02-13 00:00:00-05:00,89.7580450925895,94.68652032019068,88.56325792489422,93.93978118896484,25253,0.0,0.0
2019-02-14 00:00:00-05:00,94.23848213486053,97.82282853126526,91.84891533851624,95.58261108398438,20107,0.0,0.0
2019-02-15 00:00:00-05:00,96.03065446770675,101.1084869135981,94.83587483115802,100.36174774169922,21413,0.0,0.0
2019-02-19 00:00:00-05:00,100.51108785960835,100.51108785960835,96.77739206101631,98.12152862548828,22860,0.0,0.0
2019-02-20 00:00:00-05:00,98.12152494372897,99.61500320712683,97.07608712086116,97.97217559814453,15253,0.0,0.0
2019-02-21 00:00:00-05:00,97.97217448191093,100.36174119536695,97.97217448191093,99.16695404052734,20647,0.0,0.0
2019-02-22 00:00:00-05:00,99.16695544031481,100.66043370777805,97.07608738511092,97.67347717285156,16167,0.0,0.0
2019-02-25 00:00:00-05:00,98.27087007066912,101.10848494563277,98.27087007066912,98.42021942138672,15140,0.0,0.0
2019-02-26 00:00:00-05:00,98.71891642530761,101.70587300340331,97.0760887881103,100.21239471435547,22160,0.0,0.0
2019-02-27 00:00:00-05:00,100.36174519486552,101.55652480109488,98.42021883946343,99.01760864257812,12680,0.0,0.0
2019-02-28 00:00:00-05:00,98.56956540971674,102.1539117235527,97.37478583717918,102.00456237792969,12813,0.0,0.0
2019-03-01 00:00:00-05:00,102.90065515845016,104.39413348468666,100.51108831722705,101.55652618408203,12080,0.0,0.0
2019-03-04 00:00:00-05:00,101.2578280721495,102.60196465059704,99.31630927518421,100.95913696289062,12060,0.0,0.0
2019-03-05 00:00:00-05:00,101.10848406848747,102.15391432199415,98.4202185675629,99.3163070678711,7200,0.0,0.0
2019-03-06 00:00:00-05:00,99.46565443859572,99.61500378504662,96.03064985511838,97.37478637695312,8173,0.0,0.0
2019-03-07 00:00:00-05:00,97.37478444564744,100.66043202128391,97.2254351021587,99.46565246582031,9087,0.0,0.0
2019-03-08 00:00:00-05:00,98.56956791698484,100.66043602022165,97.52413006725472,99.3163070678711,8873,0.0,0.0
2019-03-11 00:00:00-04:00,99.46565921617582,100.95913755997358,97.97218087237806,100.36174774169922,8327,0.0,0.0
2019-03-12 00:00:00-04:00,100.6604329379282,104.09543748455677,99.61500271643335,102.60195922851562,19560,0.0,0.0
2019-03-13 00:00:00-04:00,102.90065142884407,104.39412970094985,99.31630509503483,101.40717315673828,14573,0.0,0.0
2019-03-14 00:00:00-04:00,101.2578252336067,101.55652393071583,98.86826604162742,99.9136962890625,6600,0.0,0.0
2019-03-15 00:00:00-04:00,99.9136931637184,99.9136931637184,97.5241264502624,99.16695404052734,18553,0.0,0.0
2019-03-18 00:00:00-04:00,100.21239693576116,103.05000422860857,98.42021991068725,101.855224609375,13840,0.0,0.0
2019-03-19 00:00:00-04:00,102.60195893180355,105.73825718344158,100.66043264683078,102.90065002441406,15760,0.0,0.0
2019-03-20 00:00:00-04:00,102.60196119022957,109.92000326550495,102.30326249482104,108.57587432861328,15193,0.0,0.0
2019-03-21 00:00:00-04:00,108.27717334204344,109.17326181308431,104.991518146968,106.93304443359375,12853,0.0,0.0
2019-03-22 00:00:00-04:00,106.18630670222586,107.38108628182914,103.94608929330221,105.43956756591797,11180,0.0,0.0
2019-03-25 00:00:00-04:00,105.29022045721885,108.7252175187522,104.69283065472045,107.0823974609375,8727,0.0,0.0
2019-03-26 00:00:00-04:00,108.12782921903342,113.50435270868975,107.97847986727726,113.3550033569336,26547,0.0,0.0
2019-03-27 00:00:00-04:00,113.20565196410462,122.01718000038818,112.75761151313782,119.47826385498047,27407,0.0,0.0
2019-03-28 00:00:00-04:00,119.47826137204142,126.49761226613816,118.88087158442586,126.19891357421875,27280,0.0,0.0
2019-03-29 00:00:00-04:00,126.34826187857526,133.81564555654415,126.34826187857526,131.42608642578125,37720,0.0,0.0
2019-04-01 00:00:00-04:00,132.47152260058712,134.11434258356698,130.23130524609843,133.21826171875,20680,0.0,0.0
2019-04-02 00:00:00-04:00,132.91957148174674,135.01044722248344,130.82869574101005,132.32217407226562,29267,0.0,0.0
2019-04-03 00:00:00-04:00,132.47153046384824,133.9650087888241,131.4260925978757,132.91957092285156,16507,0.0,0.0
2019-04-04 00:00:00-04:00,132.62086486816406,134.71174048421145,132.02348268675502,132.62086486816406,23693,0.0,0.0
2019-04-05 00:00:00-04:00,132.91957046128474,132.91957046128474,126.7963078309022,129.4845733642578,23613,0.0,0.0
2019-04-08 00:00:00-04:00,129.18587744434498,131.87413543937944,126.94565991640837,130.53001403808594,13420,0.0,0.0
2019-04-09 00:00:00-04:00,129.6339137310993,129.78327067694718,126.6469571235051,126.9456558227539,12480,0.0,0.0
2019-04-10 00:00:00-04:00,127.69239184136926,127.99109053328868,125.00413399898764,126.19891357421875,14320,0.0,0.0
2019-04-11 00:00:00-04:00,126.19891988164979,126.34826923507399,123.06261384463625,123.66000366210938,8367,0.0,0.0
2019-04-12 00:00:00-04:00,124.55608874926581,129.18587300031365,124.1080482975807,127.24435424804688,15053,0.0,0.0
2019-04-15 00:00:00-04:00,127.54305349714575,128.14043570448865,125.15347909043322,126.64695739746094,25707,0.0,0.0
2019-04-16 00:00:00-04:00,126.34825967617027,130.38064633621065,126.19891033404514,129.78326416015625,20447,0.0,0.0
2019-04-17 00:00:00-04:00,129.78327206670517,130.23131252415268,127.9910950444681,129.4845733642578,16220,0.0,0.0
2019-04-18 00:00:00-04:00,128.8871792980766,131.7247942561619,128.8871792980766,129.9326171875,17127,0.0,0.0
2019-04-22 00:00:00-04:00,129.78326954815427,129.78326954815427,121.56913135248938,124.10804748535156,21600,0.0,0.0
2019-04-23 00:00:00-04:00,124.25740020007412,125.75087853134316,121.86783335079892,124.55609130859375,14873,0.0,0.0
2019-04-24 00:00:00-04:00,124.7054369771697,127.24435310381699,122.7639182423618,124.40673828125,9147,0.0,0.0
2019-04-25 00:00:00-04:00,123.95869898940578,124.70543813994436,120.822393037899,123.21195983886719,11593,0.0,0.0
2019-04-26 00:00:00-04:00,123.06261270188567,125.75087824988724,121.86783307803404,124.85478973388672,8933,0.0,0.0
2019-04-29 00:00:00-04:00,125.00413840488866,131.12739343904767,123.80935119132276,129.4845733642578,11433,0.0,0.0
2019-04-30 00:00:00-04:00,129.33521304322502,131.42608871337094,128.28979040059875,129.03652954101562,11040,0.0,0.0
2019-05-01 00:00:00-04:00,129.48457105691926,135.75718292675126,128.5884749655451,131.87413024902344,18840,0.0,0.0
2019-05-02 00:00:00-04:00,131.57543041117748,134.86108566617014,129.48456993432518,133.06890869140625,18320,0.0,0.0
2019-05-03 00:00:00-04:00,133.36760738594134,134.41304522059085,132.17282780024766,133.06890869140625,15300,0.0,0.0
2019-05-06 00:00:00-04:00,130.82868634652417,136.0558601305682,129.33520812251157,134.4130401611328,33880,0.0,0.0
2019-05-07 00:00:00-04:00,133.66631064737453,135.3091307347768,130.67935398486338,132.32217407226562,14693,0.0,0.0
2019-05-08 00:00:00-04:00,132.7702207036638,135.30912154031836,130.67934510500524,133.81564331054688,20447,0.0,0.0
2019-05-09 00:00:00-04:00,132.17283231611896,134.562391569149,130.38065528012282,132.32217407226562,20893,0.0,0.0
2019-05-10 00:00:00-04:00,131.27675535490215,135.7571904838415,131.12739840180222,132.17283630371094,25947,0.0,0.0
2019-05-13 00:00:00-04:00,129.33521475339305,129.63391345199878,125.90021770054462,127.24435424804688,15947,0.0,0.0
2019-05-14 00:00:00-04:00,127.84173645281139,128.4391338500228,123.66000024967212,127.24435424804688,71107,0.0,0.0
2019-05-15 00:00:00-04:00,141.28303828576838,141.88043567083474,110.06935155365271,121.86782836914062,216580,0.0,0.0
2019-05-16 00:00:00-04:00,122.16652315103309,125.75087718467272,121.27044223884671,122.01718139648438,44193,0.0,0.0
2019-05-17 00:00:00-04:00,121.56913569117562,125.90022136984511,118.88087771027004,119.62761688232422,37253,0.0,0.0
2019-05-20 00:00:00-04:00,118.43282716689927,119.47826502435176,114.84848073541343,118.28348541259766,36260,0.0,0.0
2019-05-21 00:00:00-04:00,119.17956719688094,119.17956719688094,115.89391944236176,117.38739776611328,33160,0.0,0.0
2019-05-22 00:00:00-04:00,116.19260717329797,118.5821739411141,115.89391607496056,116.93934631347656,26460,0.0,0.0
2019-05-23 00:00:00-04:00,115.14718010368493,117.23804823448194,112.60826391871628,113.65370178222656,17967,0.0,0.0
2019-05-24 00:00:00-04:00,113.80305054777632,115.59521996656642,111.41348372649935,114.25109100341797,23420,0.0,0.0
2019-05-28 00:00:00-04:00,114.54978743557459,115.74456702443423,112.30957000929521,112.60826110839844,22873,0.0,0.0
2019-05-29 00:00:00-04:00,111.41348096493246,112.60826054784461,108.27717506450891,109.17326354980469,26513,0.0,0.0
2019-05-30 00:00:00-04:00,108.57587663991912,109.62130690365682,105.7382617618025,106.18630981445312,24073,0.0,0.0
2019-05-31 00:00:00-04:00,104.84218198639554,107.08239948528244,104.09544282009992,104.99152374267578,34560,0.0,0.0
2019-06-03 00:00:00-04:00,104.09543890486597,107.67978524902595,103.94608955797945,105.140869140625,28533,0.0,0.0
2019-06-04 00:00:00-04:00,106.33565608253743,116.34195595451021,106.33565608253743,113.50434875488281,54513,0.0,0.0
2019-06-05 00:00:00-04:00,114.25109201786084,116.49130950840714,108.2771787097374,109.32261657714844,39827,0.0,0.0
2019-06-06 00:00:00-04:00,109.1732677847021,111.41348528672928,106.93305028267494,108.7252197265625,23840,0.0,0.0
2019-06-07 00:00:00-04:00,109.02391963534886,109.47196010221012,105.88761357864887,107.53044128417969,17447,0.0,0.0
2019-06-10 00:00:00-04:00,107.53043906072145,109.62130718987966,105.43957093156324,105.88761138916016,21913,0.0,0.0
2019-06-11 00:00:00-04:00,106.33565885612582,107.53043846727277,104.24478314228337,106.48500061035156,23133,0.0,0.0
2019-06-12 00:00:00-04:00,106.48499891884497,108.72521635132746,106.18630781891467,108.27717590332031,13787,0.0,0.0
2019-06-13 00:00:00-04:00,109.17326271782215,110.21869294584748,107.82913379823344,110.06935119628906,16413,0.0,0.0
2019-06-14 00:00:00-04:00,109.92000463663175,112.1602220914698,108.72521743631738,111.11478424072266,14980,0.0,0.0
2019-06-17 00:00:00-04:00,111.26413445309231,111.86152425977025,109.17326633160776,110.21869659423828,12380,0.0,0.0
2019-06-18 00:00:00-04:00,110.66674613289219,117.08869993433099,109.92000696545867,116.4913101196289,35567,0.0,0.0
2019-06-19 00:00:00-04:00,116.19260518794005,116.64065322212551,112.75760824030097,114.9978256225586,14947,0.0,0.0
2019-06-20 00:00:00-04:00,116.04326801843158,117.2380476309583,114.10174165279625,114.25109100341797,13307,0.0,0.0
2019-06-21 00:00:00-04:00,114.40043610334396,115.44586632640465,111.41347958678784,114.69912719726562,17527,0.0,0.0
2019-06-24 00:00:00-04:00,114.2510932304297,114.2510932304297,107.67979004099612,108.1278305053711,14413,0.0,0.0
2019-06-25 00:00:00-04:00,108.12782369805144,108.72521347834987,105.58891523272729,107.23173522949219,16073,0.0,0.0
2019-06-26 00:00:00-04:00,107.97847923638497,108.72521839457912,104.84218084894836,106.18630981445312,11300,0.0,0.0
2019-06-27 00:00:00-04:00,106.33565743373127,107.97847747802734,104.24478174785733,107.97847747802734,14753,0.0,0.0
2019-06-28 00:00:00-04:00,108.57587741363301,109.77065703676826,106.63435103075874,109.32261657714844,18700,0.0,0.0
2019-07-01 00:00:00-04:00,110.0693547633509,114.5497897046614,110.0693547633509,114.25109100341797,23567,0.0,0.0
2019-07-02 00:00:00-04:00,113.65369778962292,114.69912802018415,108.57587319429089,109.7706527709961,12020,0.0,0.0
2019-07-03 00:00:00-04:00,110.06935723033796,110.36804834205246,107.2317422935963,107.82913970947266,8927,0.0,0.0
2019-07-05 00:00:00-04:00,107.38108815243011,115.89391749312459,106.33565790112145,115.44586944580078,20220,0.0,0.0
2019-07-08 00:00:00-04:00,114.54978774482734,114.99782819280345,111.41348182032438,112.3095703125,17907,0.0,0.0
2019-07-09 00:00:00-04:00,111.41347987702979,114.54978574682872,111.41347987702979,114.40043640136719,10027,0.0,0.0
2019-07-10 00:00:00-04:00,114.25109019674062,114.84847999878608,109.92000463663175,111.11478424072266,14453,0.0,0.0
2019-07-11 00:00:00-04:00,109.62130842056831,110.21869823614544,104.24478488792676,104.69283294677734,24967,0.0,0.0
2019-07-12 00:00:00-04:00,104.24478548316523,107.97848134712135,102.15391731859455,104.09544372558594,19340,0.0,0.0
2019-07-15 00:00:00-04:00,104.24477950260473,104.24477950260473,100.36174210384057,102.30326080322266,22193,0.0,0.0
2019-07-16 00:00:00-04:00,101.70587214335154,105.43956783439805,101.70587214335154,105.140869140625,23667,0.0,0.0
2019-07-17 00:00:00-04:00,104.69283171176556,104.69283171176556,97.8228299231115,98.12152862548828,18993,0.0,0.0
2019-07-18 00:00:00-04:00,97.82282569191673,99.01760525729819,95.73195765438759,98.56956481933594,16107,0.0,0.0
2019-07-19 00:00:00-04:00,98.56956936202887,99.46565787547385,96.47870122813964,97.82283020019531,7847,0.0,0.0
2019-07-22 00:00:00-04:00,97.52413102928311,97.52413102928311,93.79043523802076,94.38783264160156,14893,0.0,0.0
2019-07-23 00:00:00-04:00,94.53717408709323,95.58261194371704,93.04369577547266,94.6865234375,14340,0.0,0.0
2019-07-24 00:00:00-04:00,94.68652580081965,95.4332649752681,91.40087799098066,92.29695892333984,31167,0.0,0.0
2019-07-25 00:00:00-04:00,92.14761149694483,93.19304171912854,89.90739411140702,90.20608520507812,28493,0.0,0.0
2019-07-26 00:00:00-04:00,90.65413385863013,94.08913083474253,89.30999734115518,93.6410903930664,55307,0.0,0.0
2019-07-29 00:00:00-04:00,93.19304756026818,96.32935361584269,92.7450070935677,96.03065490722656,21353,0.0,0.0
2019-07-30 00:00:00-04:00,95.13456867589802,98.27086696059222,94.5371712919341,97.67347717285156,28700,0.0,0.0
2019-07-31 00:00:00-04:00,104.54348126311471,104.54348126311471,86.02435181575052,91.25152587890625,68567,0.0,0.0
2019-08-01 00:00:00-04:00,91.40087411306172,91.84891456023205,79.4530478288039,80.34912872314453,45120,0.0,0.0
2019-08-02 00:00:00-04:00,80.64783082168155,84.08282798485628,79.6023929392073,80.79718017578125,23607,0.0,0.0
2019-08-05 00:00:00-04:00,78.40760916723612,78.556958513466,75.71935131999163,77.21282958984375,19467,0.0,0.0
2019-08-06 00:00:00-04:00,78.40760680272588,79.30369525685879,74.67391124069131,75.56999969482422,27513,0.0,0.0
2019-08-07 00:00:00-04:00,76.31674399203628,76.76478445143017,73.92717715074721,74.22587585449219,29740,0.0,0.0
2019-08-08 00:00:00-04:00,75.42065547702494,76.0180452882913,73.77782779887472,74.22587585449219,30013,0.0,0.0
2019-08-09 00:00:00-04:00,74.37521681682779,74.37521681682779,71.08956909179688,71.08956909179688,24773,0.0,0.0
2019-08-12 00:00:00-04:00,71.23891844207635,72.13499935130619,69.74544013172861,71.08956909179688,9433,0.0,0.0
2019-08-13 00:00:00-04:00,69.44673729493414,74.37521238705314,69.44673729493414,71.53760528564453,15820,0.0,0.0
2019-08-14 00:00:00-04:00,69.89478135222906,69.89478135222906,67.35587280175326,67.6545639038086,20747,0.0,0.0
2019-08-15 00:00:00-04:00,68.10261403949276,68.10261403949276,65.11565735000819,65.5636978149414,19627,0.0,0.0
2019-08-16 00:00:00-04:00,66.60913726567013,68.99870419285841,65.86239807568778,67.80391693115234,17220,0.0,0.0
2019-08-19 00:00:00-04:00,69.14804107276015,70.79086869399994,67.80391214491789,68.84934997558594,23127,0.0,0.0
2019-08-20 00:00:00-04:00,68.84935110070025,68.84935110070025,64.96630600419341,67.6545639038086,20767,0.0,0.0
2019-08-21 00:00:00-04:00,68.55064870093881,69.14803846901607,67.20651982370923,67.50521850585938,9760,0.0,0.0
2019-08-22 00:00:00-04:00,67.95326013254305,70.64151793446207,67.95326013254305,70.34282684326172,18080,0.0,0.0
2019-08-23 00:00:00-04:00,69.74544186077401,72.13500113959068,68.84935333310592,69.29739379882812,29653,0.0,0.0
2019-08-26 00:00:00-04:00,69.74543929949104,72.28434783905256,69.1480419055016,71.98565673828125,20067,0.0,0.0
2019-08-27 00:00:00-04:00,72.43369631523973,72.5830456619385,68.5506512821884,68.84934997558594,21633,0.0,0.0
2019-08-28 00:00:00-04:00,68.55065098351544,71.23891642371059,68.55065098351544,69.14804077148438,11060,0.0,0.0
2019-08-29 00:00:00-04:00,70.19347859759748,70.64151903951836,67.9532611955465,69.14804077148438,18347,0.0,0.0
2019-08-30 00:00:00-04:00,69.59608702659597,69.59608702659597,65.56369276772372,66.90782165527344,13947,0.0,0.0
2019-09-03 00:00:00-04:00,66.31043488448402,66.75848293143247,61.979349341323015,63.77152633666992,22507,0.0,0.0
2019-09-04 00:00:00-04:00,64.81695586894055,65.71304435668547,63.92086738119563,64.51826477050781,11427,0.0,0.0
2019-09-05 00:00:00-04:00,64.9663086766782,69.29739440254534,64.36891885176959,68.70000457763672,15427,0.0,0.0
2019-09-06 00:00:00-04:00,68.84935024485873,69.74543873233264,67.80391241010193,68.55065155029297,14333,0.0,0.0
2019-09-09 00:00:00-04:00,68.70000171661377,71.98565701111511,68.70000171661377,71.68695831298828,14253,0.0,0.0
2019-09-10 00:00:00-04:00,71.68695853960396,76.01804409879367,71.68695853960396,75.420654296875,30600,0.0,0.0
2019-09-11 00:00:00-04:00,75.4206570815779,76.61543672952924,73.47913825460103,76.46609497070312,21733,0.0,0.0
2019-09-12 00:00:00-04:00,76.31674047811542,77.51152004563583,73.47913330808697,73.77782440185547,20687,0.0,0.0
2019-09-13 00:00:00-04:00,74.07652766601765,76.16739583639956,72.43369996206626,73.03108978271484,13887,0.0,0.0
2019-09-16 00:00:00-04:00,72.73239643817966,73.62847734353792,71.08956878465038,71.38825988769531,15873,0.0,0.0
2019-09-17 00:00:00-04:00,71.38825817353536,71.38825817353536,68.25195988764261,69.14804077148438,12113,0.0,0.0
2019-09-18 00:00:00-04:00,69.29739305101425,69.29739305101425,65.86239592761586,66.16108703613281,13533,0.0,0.0
2019-09-19 00:00:00-04:00,66.45978460522423,69.74543991633145,65.26500499912532,67.35587310791016,12380,0.0,0.0
2019-09-20 00:00:00-04:00,67.20652263751924,69.1480413641138,64.21956607585172,64.51826477050781,12393,0.0,0.0
2019-09-23 00:00:00-04:00,64.51826872905002,65.26500791528336,62.2780473722381,64.3689193725586,13000,0.0,0.0
2019-09-24 00:00:00-04:00,65.41434996927632,65.41434996927632,62.726091925254934,64.07022094726562,11093,0.0,0.0
2019-09-25 00:00:00-04:00,64.21956678739492,65.41434638681058,63.47282763870429,63.77152633666992,7720,0.0,0.0
2019-09-26 00:00:00-04:00,63.17413301023988,63.77152661062576,60.78456620491982,63.47282791137695,18633,0.0,0.0
2019-09-27 00:00:00-04:00,64.21956551182446,66.75848160543241,63.323477031949686,65.11565399169922,12347,0.0,0.0
2019-09-30 00:00:00-04:00,65.11565316962184,67.2065211987838,65.11565316962184,66.0117416381836,12667,0.0,0.0
2019-10-01 00:00:00-04:00,66.45978177754587,69.14803957500227,65.563693312986,66.31043243408203,15960,0.0,0.0
2019-10-02 00:00:00-04:00,64.966303280172,66.7584802022522,64.36891350488631,66.609130859375,15993,0.0,0.0
2019-10-03 00:00:00-04:00,65.56369580452753,68.10261195122675,65.2650047024722,67.6545639038086,8913,0.0,0.0
2019-10-04 00:00:00-04:00,66.6091314184837,67.95326032321474,65.56369360579112,66.0117416381836,9440,0.0,0.0
2019-10-07 00:00:00-04:00,65.71304321289062,66.90782277827208,65.41434452343366,65.71304321289062,11640,0.0,0.0
2019-10-08 00:00:00-04:00,64.36891700778509,65.26500551758953,62.72608933918088,62.87543869018555,12020,0.0,0.0
2019-10-09 00:00:00-04:00,63.472826639174286,65.41434535670676,62.875436848873775,64.81695556640625,19020,0.0,0.0
2019-10-10 00:00:00-04:00,64.2195670632755,66.16108581972236,63.32347856175255,63.47282791137695,18773,0.0,0.0
2019-10-11 00:00:00-04:00,65.11565591570748,68.25196188982768,64.96630656527823,67.05717468261719,11353,0.0,0.0
2019-10-14 00:00:00-04:00,65.86239145216726,67.95325945460272,65.56369276772372,66.90782165527344,8093,0.0,0.0
2019-10-15 00:00:00-04:00,66.90782809981276,68.99870389986377,65.86239779601108,68.10261535644531,11940,0.0,0.0
2019-10-16 00:00:00-04:00,68.10261167764098,69.14804192497003,67.20652318262792,67.95326232910156,13487,0.0,0.0
2019-10-17 00:00:00-04:00,70.79087154001436,70.94022089271745,68.55065403813909,69.89478302001953,15567,0.0,0.0
2019-10-18 00:00:00-04:00,69.14804357678649,70.64152190541016,69.14804357678649,70.1934814453125,11393,0.0,0.0
2019-10-21 00:00:00-04:00,70.34282853847796,73.03108640518225,69.44674005083542,72.58304595947266,15800,0.0,0.0
2019-10-22 00:00:00-04:00,72.43369718754992,72.73239588454464,69.29739125399895,71.98565673828125,14820,0.0,0.0
2019-10-23 00:00:00-04:00,71.98565806406904,74.97261470413459,71.68695936157307,74.52456665039062,14733,0.0,0.0
2019-10-24 00:00:00-04:00,74.67391719833307,74.67391719833307,72.28435032874168,73.32978820800781,14760,0.0,0.0
2019-10-25 00:00:00-04:00,72.73239780216625,75.12195705623219,71.98565863621475,73.92717742919922,12107,0.0,0.0
2019-10-28 00:00:00-04:00,74.22587273774023,76.91413057367049,73.03108556915315,73.47913360595703,13200,0.0,0.0
2019-10-29 00:00:00-04:00,73.18043684251238,76.76478325024787,71.68695853960396,75.420654296875,37307,0.0,0.0
2019-10-30 00:00:00-04:00,70.94021967339657,72.7323966825823,58.84304385195161,59.29108810424805,111140,0.0,0.0
2019-10-31 00:00:00-04:00,58.992393400151805,64.51826620017442,58.096304892550364,63.024784088134766,36967,0.0,0.0
2019-11-01 00:00:00-04:00,63.17413287422659,65.56369587629021,62.427393723935765,63.62217712402344,14647,0.0,0.0
2019-11-04 00:00:00-05:00,64.51826401290813,65.71304358505621,60.93391390212899,61.232608795166016,25813,0.0,0.0
2019-11-05 00:00:00-05:00,61.68065374537176,65.56369499587396,60.18717546484514,60.485870361328125,21540,0.0,0.0
2019-11-06 00:00:00-05:00,60.1871758864294,60.63522013334807,57.498914203029074,60.03782653808594,31047,0.0,0.0
2019-11-07 00:00:00-05:00,60.48587166857808,61.830000630857334,58.992393355773686,59.14174270629883,20620,0.0,0.0
2019-11-08 00:00:00-05:00,59.14174298345594,59.14174298345594,57.20022040808928,58.84304428100586,24900,0.0,0.0
2019-11-11 00:00:00-05:00,58.843041721389234,59.589780848808445,54.9600005376763,57.4989128112793,27960,0.0,0.0
2019-11-12 00:00:00-05:00,57.20022068490432,57.498915590688135,54.511958936626414,54.66130828857422,18840,0.0,0.0
2019-11-13 00:00:00-05:00,55.55739127923241,56.752174663346246,53.46652320561696,56.4534797668457,28333,0.0,0.0
2019-11-14 00:00:00-05:00,56.602824897683384,57.498913378673606,56.00543510909767,56.90152359008789,21293,0.0,0.0
2019-11-15 00:00:00-05:00,57.34956445634732,57.34956445634732,54.96000148623133,56.4534797668457,18847,0.0,0.0
2019-11-18 00:00:00-05:00,56.304130003390526,57.349564032471356,55.55739086860256,56.90152359008789,9487,0.0,0.0
2019-11-19 00:00:00-05:00,56.75217522747768,56.90152457626836,53.31717438829748,55.85608673095703,29040,0.0,0.0
2019-11-20 00:00:00-05:00,55.258697083519095,56.15478558249652,54.063913684253095,55.70674133300781,17953,0.0,0.0
2019-11-21 00:00:00-05:00,55.55739127923241,57.05086955984679,54.96000148623133,56.4534797668457,16693,0.0,0.0
2019-11-22 00:00:00-05:00,55.408045730037976,57.200218907152895,55.408045730037976,56.4534797668457,16627,0.0,0.0
2019-11-25 00:00:00-05:00,56.75217478666336,60.33652114868164,56.75217478666336,60.33652114868164,19200,0.0,0.0
2019-11-26 00:00:00-05:00,60.48587166857808,61.083261474455135,58.84304400524854,59.14174270629883,29640,0.0,0.0
2019-11-27 00:00:00-05:00,59.58978146250594,61.53130397341337,59.2910865680844,60.93391418457031,14720,0.0,0.0
2019-11-29 00:00:00-05:00,60.933916828704085,62.87543942386092,60.63522192132115,62.128700256347656,7647,0.0,0.0
2019-12-02 00:00:00-05:00,62.5767394794916,62.5767394794916,59.29108796710393,59.44043731689453,11873,0.0,0.0
2019-12-03 00:00:00-05:00,58.6936978783815,60.03782682750534,57.34956513114594,59.739131927490234,17653,0.0,0.0
2019-12-04 00:00:00-05:00,60.03782711983348,60.48587137109356,58.693698164164985,59.44043731689453,8520,0.0,0.0
2019-12-05 00:00:00-05:00,59.58978359844047,60.63522146355596,57.64826481605294,58.69369888305664,10987,0.0,0.0
2019-12-06 00:00:00-05:00,59.29108684561852,60.784565122828624,58.54434770701348,60.63521957397461,10447,0.0,0.0
2019-12-09 00:00:00-05:00,59.73913206424906,60.63522056445749,58.69369801274705,59.58978271484375,11080,0.0,0.0
2019-12-10 00:00:00-05:00,58.992392778396606,59.88848127655365,58.24565362930298,59.739131927490234,9540,0.0,0.0
2019-12-11 00:00:00-05:00,59.73913353609751,62.128700396786144,59.14174371998127,61.97935104370117,15287,0.0,0.0
2019-12-12 00:00:00-05:00,61.830001550852906,62.57674071836616,60.63522192132115,62.128700256347656,13107,0.0,0.0
2019-12-13 00:00:00-05:00,61.68065374537176,62.12869798915208,59.88848056836215,60.485870361328125,8260,0.0,0.0
2019-12-16 00:00:00-05:00,59.88848127655365,60.78456597659897,58.992392778396606,59.739131927490234,13720,0.0,0.0
2019-12-17 00:00:00-05:00,59.58978131597273,61.23260892841886,58.84304218269933,61.08325958251953,19427,0.0,0.0
2019-12-18 00:00:00-05:00,61.23260921359687,63.17413172877227,60.485870076845686,60.78456497192383,18247,0.0,0.0
2019-12-19 00:00:00-05:00,61.083259038245494,61.829998164865174,60.187174365168836,61.6806526184082,8360,0.0,0.0
2019-12-20 00:00:00-05:00,61.830001395293806,62.278045654296875,60.93391667539946,62.278045654296875,23420,0.0,0.0
2019-12-23 00:00:00-05:00,62.427395871456135,66.16108795323865,61.38196178470809,65.26500701904297,15920,0.0,0.0
2019-12-24 00:00:00-05:00,65.2650047024722,69.14804220275558,65.2650047024722,67.6545639038086,12207,0.0,0.0
2019-12-26 00:00:00-05:00,67.50522215089265,69.44674090103435,66.90782475433511,67.6545639038086,10853,0.0,0.0
2019-12-27 00:00:00-05:00,67.50522133217534,67.95326177793612,64.07021672852368,64.51826477050781,13067,0.0,0.0
2019-12-30 00:00:00-05:00,63.77152690391458,64.81695716364646,62.128699242937614,63.17413330078125,10647,0.0,0.0
2019-12-31 00:00:00-05:00,62.12869937864509,63.62217769257298,61.8300006773701,63.024784088134766,15500,0.0,0.0
2020-01-02 00:00:00-05:00,64.07021743841212,65.2650046340512,62.27804424117692,63.77152633666992,9520,0.0,0.0
2020-01-03 00:00:00-05:00,63.02478322273641,64.51826531426894,62.42739342461276,63.920867919921875,9433,0.0,0.0
2020-01-06 00:00:00-05:00,63.17413390610125,66.60913481316808,62.726089648986125,66.45978546142578,7900,0.0,0.0
2020-01-07 00:00:00-05:00,66.31043698731256,66.45978634103152,64.36891817763706,65.5636978149414,6967,0.0,0.0
2020-01-08 00:00:00-05:00,65.11565425966816,66.45978318690013,64.6676062197753,64.81695556640625,14227,0.0,0.0
2020-01-09 00:00:00-05:00,64.96630415519917,64.96630415519917,61.381957858984556,61.53130340576172,13067,0.0,0.0
2020-01-10 00:00:00-05:00,62.12869812780246,62.12869812780246,58.99239221245271,60.33652114868164,25547,0.0,0.0
2020-01-13 00:00:00-05:00,60.485869532530366,61.68065290020267,59.58978105724823,61.3819580078125,14907,0.0,0.0
2020-01-14 00:00:00-05:00,61.53130818600476,65.71304838853384,60.485874084900466,64.3689193725586,30173,0.0,0.0
2020-01-15 00:00:00-05:00,64.96630650012646,71.5376095464118,64.2195673449526,71.08956909179688,23640,0.0,0.0
2020-01-16 00:00:00-05:00,71.53761224147388,71.53761224147388,66.7584860260495,68.40130615234375,24873,0.0,0.0
2020-01-17 00:00:00-05:00,69.29739127350943,69.44674062204885,67.35587253116734,67.95326232910156,13773,0.0,0.0
2020-01-21 00:00:00-05:00,68.25195813904625,68.25195813904625,65.26500167950327,66.90782165527344,12113,0.0,0.0
2020-01-22 00:00:00-05:00,67.50522304609491,67.65456480099131,66.31043583335892,66.75848388671875,6600,0.0,0.0
2020-01-23 00:00:00-05:00,66.75848633942954,68.55065583004263,64.81695989598558,68.10261535644531,13793,0.0,0.0
2020-01-24 00:00:00-05:00,68.55065309004563,68.55065309004563,63.024784088134766,63.024784088134766,13000,0.0,0.0
2020-01-27 00:00:00-05:00,63.32347641810455,63.32347641810455,61.38195772738265,61.6806526184082,7453,0.0,0.0
2020-01-28 00:00:00-05:00,62.87543882887315,63.02478438209546,61.381960507979365,62.72608947753906,8053,0.0,0.0
2020-01-29 00:00:00-05:00,62.72608677053713,63.77152458853538,61.23260851409577,61.53130340576172,11127,0.0,0.0
2020-01-30 00:00:00-05:00,61.23260950159143,61.82999929455742,58.84304273350418,60.485870361328125,25873,0.0,0.0
2020-01-31 00:00:00-05:00,60.33652114868164,60.78456539346184,59.29108710960228,60.33652114868164,12380,0.0,0.0
2020-02-03 00:00:00-05:00,60.485872130252034,64.36891729242652,60.485872130252034,62.57674026489258,12507,0.0,0.0
2020-02-04 00:00:00-05:00,63.62217959036544,66.45978695222702,63.472830235272994,64.96630859375,19820,0.0,0.0
2020-02-05 00:00:00-05:00,67.2065249071071,70.49218027438843,61.68065584103398,62.278045654296875,35840,0.0,0.0
2020-02-06 00:00:00-05:00,61.38196136700575,62.72609035537623,59.73913367178688,61.83000183105469,34453,0.0,0.0
2020-02-07 00:00:00-05:00,62.12869698720523,62.57673742564835,60.48586938587509,61.53130340576172,11660,0.0,0.0
2020-02-10 00:00:00-05:00,60.93391474109247,61.53130453539163,58.99239221245271,60.33652114868164,20387,0.0,0.0
2020-02-11 00:00:00-05:00,60.187174365168836,62.128696854002335,59.58978078500613,61.6806526184082,10413,0.0,0.0
2020-02-12 00:00:00-05:00,62.278044508716924,63.77152661062576,61.3819598053057,63.47282791137695,9760,0.0,0.0
2020-02-13 00:00:00-05:00,63.622176987687105,65.2650046340512,63.024783389867565,63.77152633666992,12353,0.0,0.0
2020-02-14 00:00:00-05:00,63.472826190111114,63.622175535685436,60.78456455655467,61.232608795166016,12633,0.0,0.0
2020-02-18 00:00:00-05:00,61.23260851409577,62.12869698720523,60.48586938587509,61.53130340576172,6733,0.0,0.0
2020-02-19 00:00:00-05:00,61.979349341323015,64.81695658710275,61.531305092486285,63.77152633666992,11387,0.0,0.0
2020-02-20 00:00:00-05:00,63.62217654962031,65.4143459364039,63.47282720166584,64.21956634521484,9067,0.0,0.0
2020-02-21 00:00:00-05:00,64.21956532175948,64.21956532175948,61.08325944959169,61.232608795166016,7733,0.0,0.0
2020-02-24 00:00:00-05:00,60.635219290148775,61.38195842525843,59.73913080877253,60.93391418457031,14827,0.0,0.0
2020-02-25 00:00:00-05:00,61.38195884888877,61.38195884888877,60.336521014030794,60.485870361328125,15087,0.0,0.0
2020-02-26 00:00:00-05:00,60.63522086113735,60.63522086113735,57.49891489317406,59.29108810424805,34373,0.0,0.0
2020-02-27 00:00:00-05:00,57.79761093909669,60.03782844679898,57.49891603102542,58.09630584716797,20227,0.0,0.0
2020-02-28 00:00:00-05:00,56.752174663346246,57.79760870015397,53.765218102117494,56.4534797668457,35407,0.0,0.0
2020-03-02 00:00:00-05:00,56.60282736530842,57.34956653265081,53.76522004865206,54.36260986328125,19987,0.0,0.0
2020-03-03 00:00:00-05:00,56.30412951752701,56.45347886244049,52.71978322071971,53.31717300415039,20313,0.0,0.0
2020-03-04 00:00:00-05:00,53.466523055408324,53.466523055408324,50.92761074511903,52.5704345703125,13240,0.0,0.0
2020-03-05 00:00:00-05:00,51.973046961078076,51.973046961078076,48.23935111327235,50.33021926879883,24393,0.0,0.0
2020-03-06 00:00:00-05:00,48.836741568383445,49.73283010282096,45.40174058385546,45.84978485107422,20433,0.0,0.0
2020-03-09 00:00:00-04:00,43.609566625268485,44.20696023817518,39.27848097272611,42.71348190307617,26727,0.0,0.0
2020-03-10 00:00:00-04:00,43.31086895966255,44.505652311275554,40.77195671130465,41.51869583129883,10847,0.0,0.0
2020-03-11 00:00:00-04:00,40.92130369598971,40.92130369598971,35.843479020643265,35.992828369140625,17513,0.0,0.0
2020-03-12 00:00:00-04:00,33.90195696654084,33.90195696654084,31.36304459248577,31.512392044067383,21053,0.0,0.0
2020-03-13 00:00:00-04:00,32.25913265713447,33.603261601968526,29.27217417123697,31.960433959960938,26280,0.0,0.0
2020-03-16 00:00:00-04:00,26.882609902674115,32.707173862342124,26.882609902674115,31.21369743347168,16300,0.0,0.0
2020-03-17 00:00:00-04:00,30.16825925013162,34.05130413696831,28.973477814921356,33.75260925292969,27040,0.0,0.0
2020-03-18 00:00:00-04:00,32.109783411026,33.00587190918304,28.525435115565415,29.869565963745117,16860,0.0,0.0
2020-03-19 00:00:00-04:00,29.720219492519156,34.79804625339602,28.824132863906986,34.64869689941406,21760,0.0,0.0
2020-03-20 00:00:00-04:00,37.18760627861966,38.08369473275257,33.901954943651546,37.78499984741211,23220,0.0,0.0
2020-03-23 00:00:00-04:00,39.129129587195955,39.129129587195955,35.544783288411445,36.888912200927734,12127,0.0,0.0
2020-03-24 00:00:00-04:00,38.68108748714576,43.16152250719099,37.48630785362316,42.56413269042969,16200,0.0,0.0
2020-03-25 00:00:00-04:00,40.92130360480999,50.927611180933155,38.97978486734055,48.09000015258789,22280,0.0,0.0
2020-03-26 00:00:00-04:00,48.150001525878906,50.54999923706055,47.099998474121094,50.099998474121094,23533,0.21,0.0
2020-03-27 00:00:00-04:00,47.849998474121094,49.95000076293945,45.599998474121094,47.70000076293945,14647,0.0,0.0
2020-03-30 00:00:00-04:00,48.0,48.0,33.900001525878906,36.0,44040,0.0,0.0
2020-03-31 00:00:00-04:00,36.150001525878906,37.349998474121094,34.5,35.400001525878906,17907,0.0,0.0
2020-04-01 00:00:00-04:00,34.95000076293945,34.95000076293945,30.149999618530273,30.299999237060547,18680,0.0,0.0
2020-04-02 00:00:00-04:00,30.299999237060547,32.099998474121094,29.850000381469727,31.799999237060547,13867,0.0,0.0
2020-04-03 00:00:00-04:00,31.049999237060547,31.200000762939453,28.950000762939453,30.299999237060547,8893,0.0,0.0
2020-04-06 00:00:00-04:00,33.150001525878906,36.150001525878906,31.649999618530273,32.70000076293945,36387,0.0,0.0
2020-04-07 00:00:00-04:00,34.04999923706055,34.20000076293945,30.899999618530273,32.099998474121094,19493,0.0,0.0
2020-04-08 00:00:00-04:00,31.350000381469727,35.849998474121094,31.350000381469727,34.5,17980,0.0,0.0
2020-04-09 00:00:00-04:00,35.70000076293945,42.29999923706055,34.95000076293945,40.349998474121094,32253,0.0,0.0
2020-04-13 00:00:00-04:00,39.150001525878906,39.599998474121094,34.349998474121094,37.5,22827,0.0,0.0
2020-04-14 00:00:00-04:00,37.5,37.79999923706055,32.25,33.0,26167,0.0,0.0
2020-04-15 00:00:00-04:00,33.0,33.29999923706055,30.299999237060547,30.600000381469727,26067,0.0,0.0
2020-04-16 00:00:00-04:00,30.600000381469727,31.200000762939453,29.549999237060547,31.200000762939453,29347,0.0,0.0
2020-04-17 00:00:00-04:00,32.54999923706055,34.04999923706055,30.299999237060547,32.099998474121094,21847,0.0,0.0
2020-04-20 00:00:00-04:00,31.799999237060547,32.25,30.299999237060547,30.899999618530273,14613,0.0,0.0
2020-04-21 00:00:00-04:00,30.600000381469727,31.049999237060547,29.700000762939453,30.450000762939453,15353,0.0,0.0
2020-04-22 00:00:00-04:00,30.299999237060547,31.200000762939453,29.25,29.850000381469727,18200,0.0,0.0
2020-04-23 00:00:00-04:00,29.700000762939453,31.799999237060547,29.549999237060547,30.75,20267,0.0,0.0
2020-04-24 00:00:00-04:00,31.5,31.5,29.549999237060547,30.299999237060547,14440,0.0,0.0
2020-04-27 00:00:00-04:00,30.75,32.70000076293945,30.450000762939453,32.70000076293945,35633,0.0,0.0
2020-04-28 00:00:00-04:00,33.75,35.25,33.75,34.650001525878906,42840,0.0,0.0
2020-04-29 00:00:00-04:00,35.54999923706055,36.599998474121094,34.5,34.79999923706055,36233,0.0,0.0
2020-04-30 00:00:00-04:00,34.650001525878906,34.650001525878906,31.200000762939453,31.5,23613,0.0,0.0
2020-05-01 00:00:00-04:00,33.0,33.0,29.399999618530273,31.649999618530273,16853,0.0,0.0
2020-05-04 00:00:00-04:00,30.899999618530273,31.5,28.049999237060547,30.600000381469727,11473,0.0,0.0
2020-05-05 00:00:00-04:00,30.0,30.75,29.700000762939453,30.450000762939453,9680,0.0,0.0
2020-05-06 00:00:00-04:00,30.0,31.200000762939453,29.25,30.0,14033,0.0,0.0
2020-05-07 00:00:00-04:00,30.0,31.200000762939453,30.0,30.450000762939453,8913,0.0,0.0
2020-05-08 00:00:00-04:00,31.200000762939453,34.5,30.0,34.20000076293945,17067,0.0,0.0
2020-05-11 00:00:00-04:00,33.599998474121094,36.0,31.799999237060547,33.900001525878906,21453,0.0,0.0
2020-05-12 00:00:00-04:00,36.0,39.0,34.650001525878906,38.54999923706055,37687,0.0,0.0
2020-05-13 00:00:00-04:00,34.650001525878906,36.45000076293945,30.0,31.200000762939453,55087,0.0,0.0
2020-05-14 00:00:00-04:00,31.200000762939453,33.0,28.649999618530273,30.299999237060547,25287,0.0,0.0
2020-05-15 00:00:00-04:00,30.149999618530273,31.350000381469727,29.25,30.299999237060547,16360,0.0,0.0
2020-05-18 00:00:00-04:00,31.350000381469727,32.54999923706055,30.75,31.5,18173,0.0,0.0
2020-05-19 00:00:00-04:00,31.799999237060547,32.400001525878906,30.600000381469727,31.049999237060547,11920,0.0,0.0
2020-05-20 00:00:00-04:00,31.649999618530273,32.099998474121094,30.75,31.350000381469727,13920,0.0,0.0
2020-05-21 00:00:00-04:00,31.5,34.20000076293945,31.5,32.70000076293945,25120,0.0,0.0
2020-05-22 00:00:00-04:00,33.150001525878906,34.04999923706055,32.54999923706055,33.75,9407,0.0,0.0
2020-05-26 00:00:00-04:00,34.95000076293945,40.79999923706055,34.650001525878906,39.75,38873,0.0,0.0
2020-05-27 00:00:00-04:00,41.849998474121094,45.75,40.79999923706055,45.29999923706055,30133,0.0,0.0
2020-05-28 00:00:00-04:00,46.5,47.849998474121094,41.400001525878906,42.45000076293945,30853,0.0,0.0
2020-05-29 00:00:00-04:00,41.25,43.650001525878906,39.75,42.75,17800,0.0,0.0
2020-06-01 00:00:00-04:00,43.95000076293945,47.849998474121094,42.75,45.45000076293945,15193,0.0,0.0
2020-06-02 00:00:00-04:00,46.5,48.900001525878906,43.95000076293945,44.849998474121094,19040,0.0,0.0
2020-06-03 00:00:00-04:00,48.0,48.75,46.650001525878906,46.95000076293945,16593,0.0,0.0
2020-06-04 00:00:00-04:00,45.75,50.400001525878906,45.599998474121094,48.75,12400,0.0,0.0
2020-06-05 00:00:00-04:00,52.20000076293945,57.0,51.75,54.599998474121094,27007,0.0,0.0
2020-06-08 00:00:00-04:00,57.0,60.45000076293945,56.70000076293945,58.5,25807,0.0,0.0
2020-06-09 00:00:00-04:00,57.75,59.400001525878906,52.04999923706055,57.900001525878906,22187,0.0,0.0
2020-06-10 00:00:00-04:00,57.900001525878906,57.900001525878906,46.349998474121094,51.75,26820,0.0,0.0
2020-06-11 00:00:00-04:00,43.5,46.79999923706055,40.5,40.95000076293945,35413,0.0,0.0
2020-06-12 00:00:00-04:00,44.25,51.599998474121094,43.5,49.04999923706055,30627,0.0,0.0
2020-06-15 00:00:00-04:00,45.0,50.25,44.25,47.849998474121094,14320,0.0,0.0
2020-06-16 00:00:00-04:00,51.0,52.04999923706055,48.150001525878906,50.400001525878906,20460,0.0,0.0
2020-06-17 00:00:00-04:00,50.25,50.400001525878906,46.650001525878906,48.150001525878906,13347,0.0,0.0
2020-06-18 00:00:00-04:00,46.79999923706055,51.150001525878906,45.900001525878906,48.29999923706055,9507,0.0,0.0
2020-06-19 00:00:00-04:00,48.900001525878906,51.599998474121094,47.25,47.70000076293945,17360,0.0,0.0
2020-06-22 00:00:00-04:00,46.20000076293945,48.75,44.54999923706055,45.29999923706055,15593,0.0,0.0
2020-06-23 00:00:00-04:00,46.5,48.599998474121094,46.04999923706055,47.099998474121094,11893,0.0,0.0
2020-06-24 00:00:00-04:00,46.5,47.25,43.20000076293945,45.0,13293,0.0,0.0
2020-06-25 00:00:00-04:00,43.79999923706055,45.29999923706055,42.900001525878906,44.849998474121094,10940,0.0,0.0
2020-06-26 00:00:00-04:00,44.099998474121094,48.0,42.45000076293945,47.099998474121094,38653,0.0,0.0
2020-06-29 00:00:00-04:00,44.849998474121094,50.54999923706055,44.849998474121094,47.400001525878906,14967,0.0,0.0
2020-06-30 00:00:00-04:00,48.29999923706055,49.5,46.04999923706055,48.599998474121094,10693,0.0,0.0
2020-07-01 00:00:00-04:00,49.20000076293945,49.650001525878906,47.70000076293945,48.599998474121094,5773,0.0,0.0
2020-07-02 00:00:00-04:00,49.5,50.25,47.099998474121094,48.150001525878906,11027,0.0,0.0
2020-07-06 00:00:00-04:00,48.150001525878906,52.04999923706055,48.150001525878906,51.599998474121094,13240,0.0,0.0
2020-07-07 00:00:00-04:00,51.900001525878906,51.900001525878906,49.04999923706055,49.650001525878906,12447,0.0,0.0
2020-07-08 00:00:00-04:00,50.25,68.0999984741211,50.099998474121094,62.849998474121094,316867,0.0,0.0
2020-07-09 00:00:00-04:00,64.19999694824219,65.8499984741211,56.25,56.54999923706055,59780,0.0,0.0
2020-07-10 00:00:00-04:00,57.150001525878906,62.849998474121094,57.150001525878906,61.5,22960,0.0,0.0
2020-07-13 00:00:00-04:00,63.0,63.0,55.650001525878906,55.79999923706055,29153,0.0,0.0
2020-07-14 00:00:00-04:00,58.5,61.349998474121094,56.849998474121094,59.25,22427,0.0,0.0
2020-07-15 00:00:00-04:00,60.75,64.5,60.45000076293945,63.0,25493,0.0,0.0
2020-07-16 00:00:00-04:00,62.54999923706055,64.3499984741211,59.70000076293945,63.0,14380,0.0,0.0
2020-07-17 00:00:00-04:00,63.0,66.0,62.54999923706055,62.70000076293945,12660,0.0,0.0
2020-07-20 00:00:00-04:00,62.70000076293945,67.80000305175781,61.5,62.099998474121094,24687,0.0,0.0
2020-07-21 00:00:00-04:00,62.400001525878906,65.8499984741211,62.400001525878906,63.599998474121094,13820,0.0,0.0
2020-07-22 00:00:00-04:00,62.849998474121094,66.75,62.849998474121094,64.6500015258789,13013,0.0,0.0
2020-07-23 00:00:00-04:00,64.80000305175781,66.44999694824219,63.0,64.05000305175781,10907,0.0,0.0
2020-07-24 00:00:00-04:00,64.3499984741211,65.8499984741211,63.150001525878906,63.599998474121094,11307,0.0,0.0
2020-07-27 00:00:00-04:00,64.3499984741211,65.0999984741211,62.54999923706055,63.29999923706055,10173,0.0,0.0
2020-07-28 00:00:00-04:00,64.5,65.0999984741211,62.849998474121094,64.05000305175781,29100,0.0,0.0
2020-07-29 00:00:00-04:00,63.150001525878906,64.5,53.54999923706055,54.45000076293945,52840,0.0,0.0
2020-07-30 00:00:00-04:00,55.650001525878906,56.099998474121094,53.25,55.5,17293,0.0,0.0
2020-07-31 00:00:00-04:00,54.75,54.900001525878906,50.400001525878906,51.75,22120,0.0,0.0
2020-08-03 00:00:00-04:00,51.29999923706055,53.099998474121094,50.25,52.5,15620,0.0,0.0
2020-08-04 00:00:00-04:00,49.650001525878906,50.099998474121094,46.79999923706055,48.29999923706055,26893,0.0,0.0
2020-08-05 00:00:00-04:00,49.20000076293945,49.79999923706055,48.29999923706055,49.5,6913,0.0,0.0
2020-08-06 00:00:00-04:00,49.20000076293945,49.79999923706055,47.400001525878906,48.0,8127,0.0,0.0
2020-08-07 00:00:00-04:00,48.150001525878906,51.0,48.0,49.79999923706055,9253,0.0,0.0
2020-08-10 00:00:00-04:00,49.5,52.79999923706055,49.5,51.29999923706055,13807,0.0,0.0
2020-08-11 00:00:00-04:00,51.29999923706055,52.79999923706055,50.099998474121094,50.099998474121094,6193,0.0,0.0
2020-08-12 00:00:00-04:00,50.849998474121094,51.29999923706055,48.900001525878906,50.849998474121094,8293,0.0,0.0
2020-08-13 00:00:00-04:00,50.849998474121094,51.0,49.650001525878906,50.849998474121094,6867,0.0,0.0
2020-08-14 00:00:00-04:00,50.54999923706055,52.349998474121094,50.099998474121094,52.20000076293945,9613,0.0,0.0
2020-08-17 00:00:00-04:00,52.79999923706055,53.54999923706055,50.70000076293945,52.20000076293945,9880,0.0,0.0
2020-08-18 00:00:00-04:00,52.349998474121094,52.5,50.54999923706055,50.70000076293945,4920,0.0,0.0
2020-08-19 00:00:00-04:00,50.25,55.349998474121094,50.25,54.599998474121094,20227,0.0,0.0
2020-08-20 00:00:00-04:00,53.70000076293945,59.25,53.54999923706055,57.150001525878906,18033,0.0,0.0
2020-08-21 00:00:00-04:00,56.70000076293945,58.95000076293945,55.04999923706055,56.849998474121094,13367,0.0,0.0
2020-08-24 00:00:00-04:00,56.54999923706055,62.70000076293945,56.54999923706055,61.79999923706055,22133,0.0,0.0
2020-08-25 00:00:00-04:00,61.79999923706055,64.19999694824219,59.849998474121094,60.150001525878906,24827,0.0,0.0
2020-08-26 00:00:00-04:00,60.45000076293945,62.400001525878906,58.79999923706055,59.099998474121094,7440,0.0,0.0
2020-08-27 00:00:00-04:00,59.25,61.5,58.650001525878906,59.400001525878906,11987,0.0,0.0
2020-08-28 00:00:00-04:00,59.25,64.5,59.25,63.45000076293945,20980,0.0,0.0
2020-08-31 00:00:00-04:00,63.75,65.25,61.650001525878906,63.75,18820,0.0,0.0
2020-09-01 00:00:00-04:00,63.29999923706055,68.8499984741211,62.25,67.3499984741211,45807,0.0,0.0
2020-09-02 00:00:00-04:00,67.19999694824219,67.6500015258789,64.5,65.25,15367,0.0,0.0
2020-09-03 00:00:00-04:00,64.94999694824219,67.6500015258789,62.70000076293945,62.849998474121094,18313,0.0,0.0
2020-09-04 00:00:00-04:00,62.70000076293945,65.25,59.849998474121094,60.900001525878906,20520,0.0,0.0
2020-09-08 00:00:00-04:00,60.900001525878906,61.04999923706055,58.5,58.5,11947,0.0,0.0
2020-09-09 00:00:00-04:00,58.20000076293945,60.150001525878906,55.5,55.95000076293945,14680,0.0,0.0
2020-09-10 00:00:00-04:00,56.400001525878906,60.0,56.400001525878906,59.25,17647,0.0,0.0
2020-09-11 00:00:00-04:00,60.150001525878906,62.70000076293945,58.04999923706055,62.099998474121094,21320,0.0,0.0
2020-09-14 00:00:00-04:00,64.3499984741211,75.0,64.3499984741211,72.44999694824219,89880,0.0,0.0
2020-09-15 00:00:00-04:00,74.25,87.30000305175781,72.1500015258789,79.94999694824219,84887,0.0,0.0
2020-09-16 00:00:00-04:00,79.5,95.8499984741211,79.5,88.80000305175781,133893,0.0,0.0
2020-09-17 00:00:00-04:00,89.55000305175781,100.3499984741211,85.80000305175781,92.8499984741211,140473,0.0,0.0
2020-09-18 00:00:00-04:00,96.0,99.0,90.5999984741211,90.75,151507,0.0,0.0
2020-09-21 00:00:00-04:00,94.5,102.75,91.6500015258789,98.69999694824219,112167,0.0,0.0
2020-09-22 00:00:00-04:00,99.30000305175781,110.4000015258789,97.80000305175781,106.3499984741211,114787,0.0,0.0
2020-09-23 00:00:00-04:00,105.30000305175781,110.25,91.6500015258789,93.30000305175781,119953,0.0,0.0
2020-09-24 00:00:00-04:00,92.8499984741211,98.25,90.30000305175781,93.5999984741211,44687,0.0,0.0
2020-09-25 00:00:00-04:00,93.75,96.75,89.69999694824219,91.80000305175781,40427,0.0,0.0
2020-09-28 00:00:00-04:00,92.8499984741211,98.25,92.0999984741211,92.55000305175781,38647,0.0,0.0
2020-09-29 00:00:00-04:00,94.05000305175781,106.3499984741211,94.05000305175781,97.3499984741211,91547,0.0,0.0
2020-09-30 00:00:00-04:00,97.05000305175781,99.9000015258789,91.19999694824219,93.1500015258789,82540,0.0,0.0
2020-10-01 00:00:00-04:00,94.80000305175781,117.30000305175781,94.80000305175781,116.8499984741211,263827,0.0,0.0
2020-10-02 00:00:00-04:00,111.44999694824219,122.25,109.6500015258789,118.94999694824219,112747,0.0,0.0
2020-10-05 00:00:00-04:00,121.80000305175781,130.8000030517578,120.30000305175781,130.5,165013,0.0,0.0
2020-10-06 00:00:00-04:00,131.5500030517578,139.8000030517578,129.75,135.0,119007,0.0,0.0
2020-10-07 00:00:00-04:00,137.39999389648438,145.8000030517578,123.9000015258789,132.0,115427,0.0,0.0
2020-10-08 00:00:00-04:00,131.5500030517578,139.8000030517578,123.0,128.5500030517578,96447,0.0,0.0
2020-10-09 00:00:00-04:00,128.25,132.60000610351562,125.69999694824219,128.25,36633,0.0,0.0
2020-10-12 00:00:00-04:00,129.4499969482422,131.10000610351562,126.30000305175781,127.3499984741211,29827,0.0,0.0
2020-10-13 00:00:00-04:00,127.19999694824219,136.35000610351562,124.5,131.25,46367,0.0,0.0
2020-10-14 00:00:00-04:00,132.89999389648438,134.85000610351562,128.25,133.5,31087,0.0,0.0
2020-10-15 00:00:00-04:00,129.75,143.25,128.6999969482422,141.75,55840,0.0,0.0
2020-10-16 00:00:00-04:00,141.60000610351562,141.75,133.64999389648438,137.10000610351562,39140,0.0,0.0
2020-10-19 00:00:00-04:00,138.3000030517578,142.35000610351562,136.1999969482422,137.39999389648438,61787,0.0,0.0
2020-10-20 00:00:00-04:00,139.0500030517578,157.1999969482422,135.60000610351562,150.75,154420,0.0,0.0
2020-10-21 00:00:00-04:00,168.14999389648438,178.1999969482422,134.10000610351562,134.25,449267,0.0,0.0
2020-10-22 00:00:00-04:00,131.5500030517578,143.10000610351562,123.75,142.64999389648438,138973,0.0,0.0
2020-10-23 00:00:00-04:00,142.8000030517578,152.85000610351562,142.8000030517578,147.60000610351562,122900,0.0,0.0
2020-10-26 00:00:00-04:00,146.6999969482422,150.0,130.8000030517578,136.8000030517578,96267,0.0,0.0
2020-10-27 00:00:00-04:00,138.60000610351562,141.60000610351562,134.10000610351562,138.60000610351562,58907,0.0,0.0
2020-10-28 00:00:00-04:00,134.6999969482422,137.85000610351562,126.44999694824219,132.3000030517578,68433,0.0,0.0
2020-10-29 00:00:00-04:00,132.14999389648438,146.6999969482422,132.14999389648438,143.25,78793,0.0,0.0
2020-10-30 00:00:00-04:00,141.14999389648438,144.4499969482422,133.64999389648438,142.8000030517578,59933,0.0,0.0
2020-11-02 00:00:00-05:00,143.5500030517578,150.3000030517578,136.5,141.60000610351562,81467,0.0,0.0
2020-11-03 00:00:00-05:00,145.35000610351562,146.5500030517578,138.60000610351562,142.8000030517578,46760,0.0,0.0
2020-11-04 00:00:00-05:00,142.0500030517578,148.5,139.9499969482422,145.64999389648438,57560,0.0,0.0
2020-11-05 00:00:00-05:00,156.0,164.10000610351562,150.75,152.85000610351562,86233,0.0,0.0
2020-11-06 00:00:00-05:00,150.75,155.39999389648438,144.60000610351562,146.10000610351562,59693,0.0,0.0
2020-11-09 00:00:00-05:00,161.25,161.25,139.35000610351562,141.89999389648438,85420,0.0,0.0
2020-11-10 00:00:00-05:00,142.5,158.25,139.64999389648438,151.5,83813,0.0,0.0
2020-11-11 00:00:00-05:00,150.75,155.10000610351562,143.10000610351562,150.60000610351562,52167,0.0,0.0
2020-11-12 00:00:00-05:00,150.60000610351562,156.0,147.14999389648438,149.6999969482422,51327,0.0,0.0
2020-11-13 00:00:00-05:00,152.25,156.3000030517578,147.89999389648438,149.6999969482422,38573,0.0,0.0
2020-11-16 00:00:00-05:00,151.1999969482422,151.5,144.0,146.10000610351562,43247,0.0,0.0
2020-11-17 00:00:00-05:00,144.4499969482422,153.75,142.8000030517578,146.25,103373,0.0,0.0
2020-11-18 00:00:00-05:00,146.25,152.25,143.25,145.35000610351562,48107,0.0,0.0
2020-11-19 00:00:00-05:00,144.0,158.85000610351562,143.25,155.6999969482422,221607,0.0,0.0
2020-11-20 00:00:00-05:00,161.25,169.9499969482422,159.14999389648438,166.5,188253,0.0,0.0
2020-11-23 00:00:00-05:00,168.89999389648438,171.60000610351562,137.6999969482422,139.64999389648438,281747,0.0,0.0
2020-11-24 00:00:00-05:00,141.89999389648438,141.89999389648438,131.6999969482422,139.0500030517578,193847,0.0,0.0
2020-11-25 00:00:00-05:00,137.39999389648438,140.85000610351562,131.25,136.9499969482422,63373,0.0,0.0
2020-11-27 00:00:00-05:00,135.89999389648438,147.60000610351562,135.4499969482422,143.6999969482422,61880,0.0,0.0
2020-11-30 00:00:00-05:00,144.60000610351562,145.9499969482422,133.64999389648438,139.5,91420,0.0,0.0
2020-12-01 00:00:00-05:00,142.64999389648438,145.8000030517578,136.8000030517578,140.85000610351562,44787,0.0,0.0
2020-12-02 00:00:00-05:00,138.75,148.35000610351562,136.0500030517578,142.5,65147,0.0,0.0
2020-12-03 00:00:00-05:00,142.1999969482422,147.60000610351562,139.8000030517578,144.60000610351562,51753,0.0,0.0
2020-12-04 00:00:00-05:00,145.5,154.1999969482422,142.64999389648438,149.5500030517578,107873,0.0,0.0
2020-12-07 00:00:00-05:00,150.75,150.75,141.0,146.85000610351562,62007,0.0,0.0
2020-12-08 00:00:00-05:00,145.5,152.25,145.5,148.64999389648438,40787,0.0,0.0
2020-12-09 00:00:00-05:00,150.0,166.0500030517578,148.64999389648438,162.3000030517578,96213,0.0,0.0
2020-12-10 00:00:00-05:00,159.60000610351562,171.4499969482422,150.4499969482422,161.6999969482422,84747,0.0,0.0
2020-12-11 00:00:00-05:00,161.39999389648438,164.6999969482422,156.14999389648438,157.8000030517578,29800,0.0,0.0
2020-12-14 00:00:00-05:00,159.60000610351562,161.25,150.14999389648438,156.60000610351562,44547,0.0,0.0
2020-12-15 00:00:00-05:00,156.0,164.10000610351562,152.85000610351562,162.14999389648438,55060,0.0,0.0
2020-12-16 00:00:00-05:00,162.75,164.5500030517578,155.39999389648438,158.6999969482422,49513,0.0,0.0
2020-12-17 00:00:00-05:00,160.9499969482422,167.39999389648438,157.35000610351562,162.14999389648438,62933,0.0,0.0
2020-12-18 00:00:00-05:00,162.60000610351562,164.6999969482422,147.3000030517578,149.85000610351562,86453,0.0,0.0
2020-12-21 00:00:00-05:00,145.1999969482422,152.85000610351562,143.39999389648438,150.14999389648438,48680,0.0,0.0
2020-12-22 00:00:00-05:00,157.64999389648438,182.5500030517578,152.39999389648438,180.60000610351562,221647,0.0,0.0
2020-12-23 00:00:00-05:00,181.9499969482422,207.60000610351562,181.5,192.3000030517578,184940,0.0,0.0
2020-12-24 00:00:00-05:00,193.5,194.25,178.9499969482422,183.14999389648438,59113,0.0,0.0
2020-12-28 00:00:00-05:00,185.6999969482422,186.3000030517578,161.25,162.0,87387,0.0,0.0
2020-12-29 00:00:00-05:00,164.39999389648438,165.0,145.8000030517578,148.0500030517578,140620,0.0,0.0
2020-12-30 00:00:00-05:00,148.1999969482422,152.85000610351562,145.8000030517578,146.10000610351562,55727,0.0,0.0
2020-12-31 00:00:00-05:00,147.3000030517578,149.10000610351562,142.0500030517578,143.10000610351562,94493,0.0,0.0
2021-01-04 00:00:00-05:00,143.10000610351562,147.4499969482422,138.4499969482422,145.8000030517578,63580,0.0,0.0
2021-01-05 00:00:00-05:00,144.4499969482422,149.10000610351562,141.75,146.85000610351562,75207,0.0,0.0
2021-01-06 00:00:00-05:00,146.25,166.5,146.25,166.0500030517578,92607,0.0,0.0
2021-01-07 00:00:00-05:00,163.9499969482422,174.3000030517578,162.75,170.25,68713,0.0,0.0
2021-01-08 00:00:00-05:00,171.75,174.89999389648438,168.14999389648438,170.39999389648438,46747,0.0,0.0
2021-01-11 00:00:00-05:00,167.10000610351562,175.64999389648438,159.4499969482422,172.1999969482422,43567,0.0,0.0
2021-01-12 00:00:00-05:00,173.10000610351562,180.89999389648438,173.10000610351562,180.60000610351562,42033,0.0,0.0
2021-01-13 00:00:00-05:00,182.5500030517578,198.60000610351562,179.25,190.0500030517578,109480,0.0,0.0
2021-01-14 00:00:00-05:00,192.0,197.5500030517578,185.25,192.0,62707,0.0,0.0
2021-01-15 00:00:00-05:00,192.0,194.6999969482422,169.35000610351562,175.1999969482422,64133,0.0,0.0
2021-01-19 00:00:00-05:00,178.5,182.85000610351562,172.9499969482422,178.5,29513,0.0,0.0
2021-01-20 00:00:00-05:00,180.14999389648438,181.5,170.25,175.8000030517578,31860,0.0,0.0
2021-01-21 00:00:00-05:00,176.39999389648438,191.25,176.39999389648438,185.25,38520,0.0,0.0
2021-01-22 00:00:00-05:00,182.85000610351562,187.9499969482422,180.3000030517578,186.4499969482422,31340,0.0,0.0
2021-01-25 00:00:00-05:00,191.39999389648438,218.39999389648438,191.39999389648438,197.25,89440,0.0,0.0
2021-01-26 00:00:00-05:00,199.5,203.10000610351562,187.1999969482422,194.10000610351562,41833,0.0,0.0
2021-01-27 00:00:00-05:00,188.6999969482422,212.25,188.10000610351562,198.3000030517578,72400,0.0,0.0
2021-01-28 00:00:00-05:00,198.75,213.14999389648438,190.5,199.0500030517578,57093,0.0,0.0
2021-01-29 00:00:00-05:00,200.10000610351562,213.75,197.39999389648438,204.4499969482422,71327,0.0,0.0
2021-02-01 00:00:00-05:00,213.0,235.8000030517578,208.8000030517578,232.64999389648438,136207,0.0,0.0
2021-02-02 00:00:00-05:00,234.3000030517578,236.39999389648438,214.35000610351562,222.14999389648438,133047,0.0,0.0
2021-02-03 00:00:00-05:00,218.10000610351562,257.54998779296875,218.10000610351562,233.5500030517578,201713,0.0,0.0
2021-02-04 00:00:00-05:00,237.4499969482422,243.75,229.0500030517578,234.14999389648438,90127,0.0,0.0
2021-02-05 00:00:00-05:00,235.64999389648438,239.5500030517578,225.0,236.39999389648438,88753,0.0,0.0
2021-02-08 00:00:00-05:00,233.6999969482422,236.39999389648438,217.5,231.14999389648438,196347,0.0,0.0
2021-02-09 00:00:00-05:00,231.14999389648438,233.10000610351562,221.10000610351562,226.8000030517578,76560,0.0,0.0
2021-02-10 00:00:00-05:00,228.0,231.0,217.5,226.1999969482422,95980,0.0,0.0
2021-02-11 00:00:00-05:00,225.75,246.14999389648438,220.8000030517578,237.60000610351562,197513,0.0,0.0
2021-02-12 00:00:00-05:00,238.0500030517578,243.3000030517578,229.9499969482422,240.3000030517578,67967,0.0,0.0
2021-02-16 00:00:00-05:00,240.75,243.0,222.14999389648438,231.75,96073,0.0,0.0
2021-02-17 00:00:00-05:00,230.39999389648438,234.4499969482422,223.0500030517578,226.8000030517578,101587,0.0,0.0
2021-02-18 00:00:00-05:00,238.35000610351562,264.75,234.75,253.1999969482422,286560,0.0,0.0
2021-02-19 00:00:00-05:00,253.64999389648438,277.20001220703125,250.9499969482422,261.75,226673,0.0,0.0
2021-02-22 00:00:00-05:00,260.25,261.0,232.5,233.10000610351562,118127,0.0,0.0
2021-02-23 00:00:00-05:00,230.6999969482422,234.60000610351562,215.10000610351562,231.0,137547,0.0,0.0
2021-02-24 00:00:00-05:00,231.0,239.39999389648438,226.0500030517578,235.1999969482422,73640,0.0,0.0
2021-02-25 00:00:00-05:00,235.8000030517578,241.64999389648438,216.4499969482422,218.25,86127,0.0,0.0
2021-02-26 00:00:00-05:00,222.4499969482422,236.6999969482422,218.5500030517578,229.9499969482422,54867,0.0,0.0
2021-03-01 00:00:00-05:00,232.64999389648438,245.25,231.75,243.89999389648438,58073,0.0,0.0
2021-03-02 00:00:00-05:00,245.25,252.75,242.5500030517578,246.60000610351562,66373,0.0,0.0
2021-03-03 00:00:00-05:00,246.4499969482422,250.64999389648438,233.39999389648438,245.5500030517578,79240,0.0,0.0
2021-03-04 00:00:00-05:00,240.14999389648438,249.0,223.35000610351562,235.9499969482422,108713,0.0,0.0
2021-03-05 00:00:00-05:00,237.60000610351562,238.35000610351562,208.5,227.85000610351562,124347,0.0,0.0
2021-03-08 00:00:00-05:00,230.25,247.1999969482422,229.0500030517578,232.35000610351562,57853,0.0,0.0
2021-03-09 00:00:00-05:00,238.8000030517578,254.85000610351562,238.8000030517578,253.1999969482422,83800,0.0,0.0
2021-03-10 00:00:00-05:00,252.0,260.54998779296875,241.1999969482422,245.10000610351562,100487,0.0,0.0
2021-03-11 00:00:00-05:00,250.35000610351562,261.75,243.4499969482422,261.75,85633,0.0,0.0
2021-03-12 00:00:00-05:00,258.75,275.70001220703125,253.1999969482422,274.5,90600,0.0,0.0
2021-03-15 00:00:00-04:00,273.8999938964844,288.0,266.70001220703125,287.8500061035156,74240,0.0,0.0
2021-03-16 00:00:00-04:00,287.25,289.6499938964844,254.39999389648438,261.0,145940,0.0,0.0
2021-03-17 00:00:00-04:00,262.6499938964844,272.25,259.79998779296875,267.0,70447,0.0,0.0
2021-03-18 00:00:00-04:00,267.45001220703125,278.54998779296875,259.95001220703125,262.95001220703125,41860,0.0,0.0
2021-03-19 00:00:00-04:00,262.5,272.1000061035156,259.04998779296875,262.6499938964844,137153,0.0,0.0
2021-03-22 00:00:00-04:00,262.6499938964844,265.20001220703125,250.64999389648438,254.39999389648438,39620,0.0,0.0
2021-03-23 00:00:00-04:00,251.25,257.3999938964844,242.6999969482422,245.39999389648438,50593,0.0,0.0
2021-03-24 00:00:00-04:00,246.14999389648438,249.3000030517578,232.64999389648438,233.25,91260,0.0,0.0
2021-03-25 00:00:00-04:00,228.89999389648438,245.10000610351562,225.89999389648438,243.14999389648438,53280,0.0,0.0
2021-03-26 00:00:00-04:00,245.25,252.14999389648438,240.60000610351562,249.4499969482422,36373,0.0,0.0
2021-03-29 00:00:00-04:00,246.60000610351562,251.85000610351562,232.5,232.8000030517578,54627,0.0,0.0
2021-03-30 00:00:00-04:00,233.25,245.85000610351562,233.25,242.6999969482422,42833,0.0,0.0
2021-03-31 00:00:00-04:00,245.39999389648438,254.6999969482422,241.8000030517578,249.60000610351562,66540,0.0,0.0
2021-04-01 00:00:00-04:00,252.3000030517578,254.85000610351562,240.4499969482422,246.3000030517578,55473,0.0,0.0
2021-04-05 00:00:00-04:00,249.3000030517578,249.75,231.14999389648438,244.1999969482422,84920,0.0,0.0
2021-04-06 00:00:00-04:00,245.39999389648438,252.75,241.9499969482422,244.64999389648438,36427,0.0,0.0
2021-04-07 00:00:00-04:00,241.8000030517578,243.0,235.5,239.39999389648438,38487,0.0,0.0
2021-04-08 00:00:00-04:00,241.0500030517578,250.8000030517578,238.1999969482422,244.8000030517578,56253,0.0,0.0
2021-04-09 00:00:00-04:00,243.4499969482422,248.10000610351562,241.1999969482422,245.85000610351562,17100,0.0,0.0
2021-04-12 00:00:00-04:00,245.25,268.20001220703125,221.5500030517578,228.75,171933,0.0,0.0
2021-04-13 00:00:00-04:00,229.9499969482422,235.0500030517578,226.0500030517578,233.39999389648438,62700,0.0,0.0
2021-04-14 00:00:00-04:00,231.89999389648438,235.0500030517578,225.3000030517578,228.60000610351562,36593,0.0,0.0
2021-04-15 00:00:00-04:00,231.60000610351562,231.60000610351562,221.25,222.60000610351562,46687,0.0,0.0
2021-04-16 00:00:00-04:00,224.10000610351562,229.8000030517578,216.4499969482422,227.5500030517578,39647,0.0,0.0
2021-04-19 00:00:00-04:00,225.14999389648438,227.10000610351562,217.9499969482422,225.60000610351562,74460,0.0,0.0
2021-04-20 00:00:00-04:00,224.10000610351562,227.39999389648438,215.39999389648438,217.0500030517578,54187,0.0,0.0
2021-04-21 00:00:00-04:00,216.89999389648438,228.0,213.0,225.60000610351562,91640,0.0,0.0
2021-04-22 00:00:00-04:00,225.75,232.35000610351562,221.25,225.4499969482422,41567,0.0,0.0
2021-04-23 00:00:00-04:00,226.1999969482422,235.0500030517578,225.0,232.0500030517578,41973,0.0,0.0
2021-04-26 00:00:00-04:00,232.9499969482422,234.3000030517578,221.5500030517578,223.5,43047,0.0,0.0
2021-04-27 00:00:00-04:00,223.1999969482422,228.3000030517578,221.39999389648438,221.5500030517578,31073,0.0,0.0
2021-04-28 00:00:00-04:00,220.0500030517578,225.14999389648438,214.9499969482422,224.10000610351562,42973,0.0,0.0
2021-04-29 00:00:00-04:00,225.4499969482422,225.89999389648438,213.60000610351562,218.39999389648438,46927,0.0,0.0
2021-04-30 00:00:00-04:00,217.1999969482422,218.6999969482422,210.14999389648438,211.35000610351562,61873,0.0,0.0
2021-05-03 00:00:00-04:00,213.89999389648438,217.1999969482422,199.64999389648438,202.1999969482422,122560,0.0,0.0
2021-05-04 00:00:00-04:00,199.64999389648438,201.75,191.39999389648438,198.4499969482422,58480,0.0,0.0
2021-05-05 00:00:00-04:00,201.0,201.0,186.89999389648438,189.60000610351562,54880,0.0,0.0
2021-05-06 00:00:00-04:00,192.14999389648438,199.5,190.1999969482422,198.4499969482422,54220,0.0,0.0
2021-05-07 00:00:00-04:00,199.0500030517578,205.35000610351562,197.39999389648438,204.3000030517578,42540,0.0,0.0
2021-05-10 00:00:00-04:00,201.14999389648438,203.25,196.1999969482422,198.0,38613,0.0,0.0
2021-05-11 00:00:00-04:00,191.5500030517578,202.64999389648438,187.5,202.35000610351562,49207,0.0,0.0
2021-05-12 00:00:00-04:00,198.75,200.5500030517578,191.10000610351562,192.60000610351562,66747,0.0,0.0
2021-05-13 00:00:00-04:00,195.0,201.3000030517578,190.0500030517578,195.14999389648438,41027,0.0,0.0
2021-05-14 00:00:00-04:00,198.3000030517578,205.5,197.10000610351562,202.9499969482422,36687,0.0,0.0
2021-05-17 00:00:00-04:00,201.3000030517578,208.5,195.60000610351562,198.89999389648438,35453,0.0,0.0
2021-05-18 00:00:00-04:00,201.14999389648438,201.89999389648438,190.64999389648438,196.5,112300,0.0,0.0
2021-05-19 00:00:00-04:00,190.5,194.85000610351562,171.4499969482422,174.75,167513,0.0,0.0
2021-05-20 00:00:00-04:00,177.75,188.10000610351562,177.0,184.8000030517578,72127,0.0,0.0
2021-05-21 00:00:00-04:00,194.85000610351562,206.39999389648438,191.25,201.3000030517578,127007,0.0,0.0
2021-05-24 00:00:00-04:00,202.35000610351562,202.5,188.25,192.60000610351562,66827,0.0,0.0
2021-05-25 00:00:00-04:00,194.39999389648438,199.64999389648438,192.89999389648438,193.5,61527,0.0,0.0
2021-05-26 00:00:00-04:00,195.60000610351562,209.39999389648438,195.0,206.85000610351562,76113,0.0,0.0
2021-05-27 00:00:00-04:00,209.10000610351562,210.75,201.0,209.5500030517578,77440,0.0,0.0
2021-05-28 00:00:00-04:00,211.9499969482422,212.10000610351562,202.0500030517578,203.39999389648438,35633,0.0,0.0
2021-06-01 00:00:00-04:00,204.75,207.3000030517578,198.14999389648438,198.3000030517578,40080,0.0,0.0
2021-06-02 00:00:00-04:00,200.10000610351562,204.89999389648438,195.89999389648438,201.89999389648438,43060,0.0,0.0
2021-06-03 00:00:00-04:00,198.75,198.75,193.5,194.85000610351562,36887,0.0,0.0
2021-06-04 00:00:00-04:00,196.5,197.39999389648438,193.5,195.75,32013,0.0,0.0
2021-06-07 00:00:00-04:00,196.9499969482422,203.5500030517578,196.9499969482422,202.5,37253,0.0,0.0
2021-06-08 00:00:00-04:00,204.89999389648438,210.0,203.10000610351562,207.89999389648438,44987,0.0,0.0
2021-06-09 00:00:00-04:00,207.14999389648438,210.0,203.6999969482422,207.3000030517578,48647,0.0,0.0
2021-06-10 00:00:00-04:00,206.85000610351562,209.25,201.3000030517578,204.4499969482422,45040,0.0,0.0
2021-06-11 00:00:00-04:00,205.35000610351562,210.0,204.0,207.75,41353,0.0,0.0
2021-06-14 00:00:00-04:00,207.60000610351562,210.0,201.60000610351562,202.35000610351562,29533,0.0,0.0
2021-06-15 00:00:00-04:00,201.14999389648438,201.60000610351562,193.64999389648438,195.75,25147,0.0,0.0
2021-06-16 00:00:00-04:00,193.5,194.5500030517578,186.89999389648438,193.8000030517578,29427,0.0,0.0
2021-06-17 00:00:00-04:00,194.25,196.9499969482422,188.6999969482422,191.5500030517578,32227,0.0,0.0
2021-06-18 00:00:00-04:00,188.6999969482422,190.9499969482422,181.5,183.0,60920,0.0,0.0
2021-06-21 00:00:00-04:00,185.39999389648438,189.4499969482422,183.89999389648438,186.14999389648438,39253,0.0,0.0
2021-06-22 00:00:00-04:00,186.14999389648438,187.35000610351562,180.60000610351562,185.5500030517578,45287,0.0,0.0
2021-06-23 00:00:00-04:00,185.6999969482422,190.5,184.9499969482422,189.0,23947,0.0,0.0
2021-06-24 00:00:00-04:00,192.3000030517578,197.85000610351562,189.4499969482422,192.75,47953,0.0,0.0
2021-06-25 00:00:00-04:00,193.35000610351562,200.6999969482422,191.25,198.3000030517578,65627,0.0,0.0
2021-06-28 00:00:00-04:00,198.14999389648438,198.14999389648438,188.39999389648438,192.75,47880,0.0,0.0
2021-06-29 00:00:00-04:00,193.35000610351562,197.5500030517578,189.89999389648438,194.85000610351562,35987,0.0,0.0
2021-06-30 00:00:00-04:00,193.1999969482422,199.9499969482422,193.1999969482422,195.60000610351562,52800,0.0,0.0
2021-07-01 00:00:00-04:00,197.25,200.25,192.75,196.5,44160,0.0,0.0
2021-07-02 00:00:00-04:00,198.89999389648438,198.89999389648438,190.0500030517578,192.14999389648438,34953,0.0,0.0
2021-07-06 00:00:00-04:00,191.10000610351562,191.5500030517578,182.5500030517578,184.8000030517578,39167,0.0,0.0
2021-07-07 00:00:00-04:00,182.5500030517578,184.8000030517578,178.8000030517578,179.10000610351562,29313,0.0,0.0
2021-07-08 00:00:00-04:00,174.3000030517578,175.35000610351562,167.39999389648438,173.5500030517578,45740,0.0,0.0
2021-07-09 00:00:00-04:00,176.85000610351562,180.60000610351562,175.0500030517578,177.3000030517578,26240,0.0,0.0
2021-07-12 00:00:00-04:00,176.39999389648438,177.0,172.9499969482422,176.85000610351562,30973,0.0,0.0
2021-07-13 00:00:00-04:00,176.6999969482422,177.3000030517578,168.0,168.14999389648438,27760,0.0,0.0
2021-07-14 00:00:00-04:00,171.0,172.5,165.0,166.35000610351562,39167,0.0,0.0
2021-07-15 00:00:00-04:00,164.6999969482422,167.6999969482422,160.5,164.25,36473,0.0,0.0
2021-07-16 00:00:00-04:00,165.60000610351562,167.10000610351562,156.0,157.0500030517578,47273,0.0,0.0
2021-07-19 00:00:00-04:00,152.39999389648438,160.1999969482422,150.4499969482422,157.5,69733,0.0,0.0
2021-07-20 00:00:00-04:00,159.0,164.5500030517578,156.60000610351562,164.25,32433,0.0,0.0
2021-07-21 00:00:00-04:00,164.5500030517578,168.75,163.64999389648438,164.85000610351562,26673,0.0,0.0
2021-07-22 00:00:00-04:00,163.8000030517578,164.10000610351562,156.60000610351562,159.89999389648438,32253,0.0,0.0
2021-07-23 00:00:00-04:00,161.6999969482422,164.10000610351562,159.0,160.35000610351562,24620,0.0,0.0
2021-07-26 00:00:00-04:00,160.35000610351562,162.60000610351562,156.89999389648438,159.3000030517578,24100,0.0,0.0
2021-07-27 00:00:00-04:00,159.0,159.0,153.3000030517578,157.5,22840,0.0,0.0
2021-07-28 00:00:00-04:00,158.39999389648438,160.64999389648438,154.8000030517578,156.60000610351562,23160,0.0,0.0
2021-07-29 00:00:00-04:00,158.10000610351562,159.75,155.85000610351562,156.14999389648438,22540,0.0,0.0
2021-07-30 00:00:00-04:00,154.64999389648438,158.5500030517578,154.5,157.8000030517578,29533,0.0,0.0
2021-08-02 00:00:00-04:00,160.1999969482422,164.10000610351562,158.25,160.1999969482422,43753,0.0,0.0
2021-08-03 00:00:00-04:00,161.39999389648438,166.0500030517578,155.25,165.89999389648438,41040,0.0,0.0
2021-08-04 00:00:00-04:00,177.60000610351562,177.75,154.5,164.6999969482422,91527,0.0,0.0
2021-08-05 00:00:00-04:00,165.4499969482422,173.6999969482422,162.4499969482422,169.9499969482422,30687,0.0,0.0
2021-08-06 00:00:00-04:00,170.25,172.8000030517578,165.4499969482422,168.14999389648438,27860,0.0,0.0
2021-08-09 00:00:00-04:00,168.60000610351562,178.64999389648438,165.4499969482422,172.35000610351562,64513,0.0,0.0
2021-08-10 00:00:00-04:00,174.75,186.14999389648438,174.14999389648438,183.4499969482422,62200,0.0,0.0
2021-08-11 00:00:00-04:00,183.75,185.6999969482422,176.85000610351562,184.5,38587,0.0,0.0
2021-08-12 00:00:00-04:00,184.8000030517578,188.10000610351562,181.8000030517578,182.85000610351562,33940,0.0,0.0
2021-08-13 00:00:00-04:00,182.85000610351562,184.1999969482422,180.14999389648438,181.35000610351562,34153,0.0,0.0
2021-08-16 00:00:00-04:00,180.0,182.25,174.0,174.75,30653,0.0,0.0
2021-08-17 00:00:00-04:00,171.89999389648438,175.35000610351562,162.60000610351562,165.0,40713,0.0,0.0
2021-08-18 00:00:00-04:00,164.25,166.5,159.60000610351562,159.89999389648438,50113,0.0,0.0
2021-08-19 00:00:00-04:00,157.8000030517578,162.0,156.4499969482422,158.25,35600,0.0,0.0
2021-08-20 00:00:00-04:00,156.89999389648438,164.25,154.9499969482422,161.85000610351562,35400,0.0,0.0
2021-08-23 00:00:00-04:00,162.0,167.25,159.14999389648438,163.1999969482422,33980,0.0,0.0
2021-08-24 00:00:00-04:00,164.10000610351562,172.9499969482422,162.14999389648438,170.25,32700,0.0,0.0
2021-08-25 00:00:00-04:00,170.25,174.4499969482422,169.8000030517578,174.0,29013,0.0,0.0
2021-08-26 00:00:00-04:00,172.9499969482422,174.60000610351562,169.9499969482422,173.39999389648438,22353,0.0,0.0
2021-08-27 00:00:00-04:00,173.39999389648438,177.0,172.35000610351562,176.39999389648438,29693,0.0,0.0
2021-08-30 00:00:00-04:00,178.5,186.14999389648438,178.5,183.3000030517578,42913,0.0,0.0
2021-08-31 00:00:00-04:00,180.60000610351562,181.8000030517578,170.6999969482422,174.0,37787,0.0,0.0
2021-09-01 00:00:00-04:00,173.85000610351562,175.35000610351562,170.6999969482422,173.25,21667,0.0,0.0
2021-09-02 00:00:00-04:00,174.89999389648438,176.39999389648438,170.6999969482422,171.0,31313,0.0,0.0
2021-09-03 00:00:00-04:00,169.8000030517578,172.0500030517578,166.64999389648438,171.14999389648438,26947,0.0,0.0
2021-09-07 00:00:00-04:00,170.25,174.14999389648438,165.0,165.60000610351562,22093,0.0,0.0
2021-09-08 00:00:00-04:00,165.0,165.0,158.85000610351562,161.39999389648438,29307,0.0,0.0
2021-09-09 00:00:00-04:00,161.6999969482422,170.25,160.9499969482422,168.14999389648438,24420,0.0,0.0
2021-09-10 00:00:00-04:00,169.9499969482422,173.10000610351562,166.8000030517578,166.9499969482422,22967,0.0,0.0
2021-09-13 00:00:00-04:00,167.6999969482422,168.14999389648438,163.35000610351562,165.0,28413,0.0,0.0
2021-09-14 00:00:00-04:00,164.85000610351562,165.0,159.0,160.35000610351562,18347,0.0,0.0
2021-09-15 00:00:00-04:00,159.75,162.3000030517578,159.3000030517578,162.0,18073,0.0,0.0
2021-09-16 00:00:00-04:00,161.25,166.35000610351562,160.8000030517578,162.4499969482422,22033,0.0,0.0
2021-09-17 00:00:00-04:00,162.0,165.60000610351562,162.0,162.4499969482422,56660,0.0,0.0
2021-09-20 00:00:00-04:00,157.35000610351562,160.9499969482422,152.5500030517578,155.6999969482422,46967,0.0,0.0
2021-09-21 00:00:00-04:00,156.75,158.85000610351562,153.0,157.0500030517578,25613,0.0,0.0
2021-09-22 00:00:00-04:00,156.4499969482422,161.10000610351562,156.14999389648438,159.14999389648438,17447,0.0,0.0
2021-09-23 00:00:00-04:00,160.35000610351562,166.35000610351562,159.89999389648438,162.89999389648438,21627,0.0,0.0
2021-09-24 00:00:00-04:00,161.10000610351562,165.3000030517578,159.0,164.85000610351562,29027,0.0,0.0
2021-09-27 00:00:00-04:00,165.60000610351562,169.8000030517578,165.60000610351562,168.14999389648438,30393,0.0,0.0
2021-09-28 00:00:00-04:00,167.10000610351562,169.5,163.8000030517578,164.10000610351562,22027,0.0,0.0
2021-09-29 00:00:00-04:00,165.0,168.4499969482422,163.35000610351562,167.25,18480,0.0,0.0
2021-09-30 00:00:00-04:00,166.1999969482422,166.1999969482422,142.1999969482422,142.8000030517578,108760,0.0,0.0
2021-10-01 00:00:00-04:00,143.5500030517578,151.8000030517578,138.75,149.25,61400,0.0,0.0
2021-10-04 00:00:00-04:00,149.10000610351562,150.60000610351562,144.3000030517578,149.6999969482422,34507,0.0,0.0
2021-10-05 00:00:00-04:00,151.35000610351562,154.5,149.85000610351562,153.4499969482422,34040,0.0,0.0
2021-10-06 00:00:00-04:00,151.0500030517578,154.5,148.0500030517578,148.5,28900,0.0,0.0
2021-10-07 00:00:00-04:00,151.1999969482422,154.64999389648438,150.60000610351562,154.0500030517578,28833,0.0,0.0
2021-10-08 00:00:00-04:00,153.89999389648438,154.35000610351562,148.0500030517578,150.4499969482422,22000,0.0,0.0
2021-10-11 00:00:00-04:00,152.25,153.0,148.8000030517578,149.5500030517578,13673,0.0,0.0
2021-10-12 00:00:00-04:00,150.89999389648438,151.0500030517578,146.25,148.1999969482422,28887,0.0,0.0
2021-10-13 00:00:00-04:00,149.10000610351562,149.10000610351562,145.9499969482422,147.60000610351562,17180,0.0,0.0
2021-10-14 00:00:00-04:00,148.35000610351562,150.3000030517578,146.39999389648438,148.5,23340,0.0,0.0
2021-10-15 00:00:00-04:00,150.4499969482422,153.14999389648438,148.9499969482422,151.8000030517578,30767,0.0,0.0
2021-10-18 00:00:00-04:00,150.75,155.25,149.5500030517578,154.0500030517578,22160,0.0,0.0
2021-10-19 00:00:00-04:00,151.9499969482422,156.3000030517578,151.9499969482422,153.0,32907,0.0,0.0
2021-10-20 00:00:00-04:00,151.8000030517578,161.25,151.8000030517578,157.5,38513,0.0,0.0
2021-10-21 00:00:00-04:00,157.5,163.8000030517578,155.6999969482422,162.75,36727,0.0,0.0
2021-10-22 00:00:00-04:00,162.60000610351562,162.89999389648438,157.8000030517578,160.0500030517578,29607,0.0,0.0
2021-10-25 00:00:00-04:00,159.89999389648438,163.9499969482422,159.4499969482422,163.5,20133,0.0,0.0
2021-10-26 00:00:00-04:00,163.9499969482422,165.0,154.5,155.39999389648438,23333,0.0,0.0
2021-10-27 00:00:00-04:00,155.6999969482422,157.8000030517578,150.60000610351562,156.75,48767,0.0,0.0
2021-10-28 00:00:00-04:00,157.35000610351562,164.10000610351562,155.39999389648438,163.5,28680,0.0,0.0
2021-10-29 00:00:00-04:00,163.64999389648438,167.25,161.5500030517578,165.89999389648438,45620,0.0,0.0
2021-11-01 00:00:00-04:00,167.85000610351562,173.85000610351562,166.5,172.64999389648438,63773,0.0,0.0
2021-11-02 00:00:00-04:00,172.5,174.14999389648438,169.35000610351562,171.0,49740,0.0,0.0
2021-11-03 00:00:00-04:00,180.60000610351562,213.75,178.8000030517578,204.60000610351562,293020,0.0,0.0
2021-11-04 00:00:00-04:00,205.5,208.0500030517578,198.0,204.3000030517578,66440,0.0,0.0
2021-11-05 00:00:00-04:00,206.85000610351562,210.75,204.0,205.5,81887,0.0,0.0
2021-11-08 00:00:00-05:00,204.89999389648438,210.0,199.5,204.89999389648438,58860,0.0,0.0
2021-11-09 00:00:00-05:00,204.4499969482422,209.6999969482422,199.8000030517578,204.14999389648438,35500,0.0,0.0
2021-11-10 00:00:00-05:00,202.8000030517578,204.0,197.39999389648438,199.9499969482422,34340,0.0,0.0
2021-11-11 00:00:00-05:00,199.5,201.3000030517578,195.89999389648438,197.6999969482422,24820,0.0,0.0
2021-11-12 00:00:00-05:00,197.6999969482422,202.8000030517578,197.39999389648438,201.89999389648438,20833,0.0,0.0
2021-11-15 00:00:00-05:00,202.35000610351562,203.6999969482422,194.5500030517578,195.89999389648438,22480,0.0,0.0
2021-11-16 00:00:00-05:00,195.89999389648438,197.5500030517578,194.25,197.10000610351562,29407,0.0,0.0
2021-11-17 00:00:00-05:00,195.3000030517578,199.5,192.0,195.0,26940,0.0,0.0
2021-11-18 00:00:00-05:00,195.14999389648438,197.25,189.60000610351562,196.35000610351562,27040,0.0,0.0
2021-11-19 00:00:00-05:00,193.9499969482422,195.3000030517578,191.6999969482422,192.3000030517578,20973,0.0,0.0
2021-11-22 00:00:00-05:00,192.75,197.6999969482422,190.8000030517578,194.25,27793,0.0,0.0
2021-11-23 00:00:00-05:00,192.3000030517578,195.0,186.3000030517578,191.85000610351562,34400,0.0,0.0
2021-11-24 00:00:00-05:00,189.3000030517578,194.6999969482422,184.9499969482422,190.0500030517578,19180,0.0,0.0
2021-11-26 00:00:00-05:00,183.14999389648438,186.0,178.9499969482422,183.60000610351562,20833,0.0,0.0
2021-11-29 00:00:00-05:00,187.1999969482422,187.1999969482422,178.35000610351562,179.6999969482422,27493,0.0,0.0
2021-11-30 00:00:00-05:00,177.75,181.35000610351562,172.8000030517578,174.4499969482422,36920,0.0,0.0
2021-12-01 00:00:00-05:00,179.6999969482422,182.6999969482422,168.4499969482422,168.89999389648438,32453,0.0,0.0
2021-12-02 00:00:00-05:00,169.8000030517578,173.5500030517578,168.4499969482422,173.25,42867,0.0,0.0
2021-12-03 00:00:00-05:00,173.5500030517578,173.5500030517578,165.60000610351562,167.25,27500,0.0,0.0
2021-12-06 00:00:00-05:00,166.64999389648438,174.0,163.5,170.25,25787,0.0,0.0
2021-12-07 00:00:00-05:00,174.3000030517578,178.9499969482422,173.10000610351562,175.1999969482422,18027,0.0,0.0
2021-12-08 00:00:00-05:00,175.9499969482422,176.25,172.5,174.60000610351562,19773,0.0,0.0
2021-12-09 00:00:00-05:00,173.25,175.5,168.60000610351562,168.75,16000,0.0,0.0
2021-12-10 00:00:00-05:00,169.64999389648438,170.25,163.9499969482422,166.5,26787,0.0,0.0
2021-12-13 00:00:00-05:00,165.0,165.75,159.75,162.75,37727,0.0,0.0
2021-12-14 00:00:00-05:00,160.9499969482422,164.39999389648438,160.9499969482422,162.60000610351562,21133,0.0,0.0
2021-12-15 00:00:00-05:00,161.25,162.60000610351562,154.1999969482422,162.60000610351562,27967,0.0,0.0
2021-12-16 00:00:00-05:00,164.6999969482422,164.6999969482422,150.3000030517578,150.89999389648438,35887,0.0,0.0
2021-12-17 00:00:00-05:00,150.60000610351562,154.35000610351562,145.8000030517578,151.9499969482422,34787,0.0,0.0
2021-12-20 00:00:00-05:00,147.89999389648438,149.5500030517578,141.3000030517578,145.9499969482422,50560,0.0,0.0
2021-12-21 00:00:00-05:00,147.60000610351562,152.5500030517578,147.14999389648438,150.4499969482422,54387,0.0,0.0
2021-12-22 00:00:00-05:00,151.64999389648438,153.75,148.5,149.10000610351562,26280,0.0,0.0
2021-12-23 00:00:00-05:00,150.0,151.8000030517578,148.35000610351562,149.85000610351562,45373,0.0,0.0
2021-12-27 00:00:00-05:00,150.3000030517578,155.39999389648438,150.3000030517578,154.35000610351562,47333,0.0,0.0
2021-12-28 00:00:00-05:00,153.0,157.35000610351562,153.0,153.75,25313,0.0,0.0
2021-12-29 00:00:00-05:00,153.60000610351562,154.0500030517578,150.89999389648438,151.5,29653,0.0,0.0
2021-12-30 00:00:00-05:00,150.60000610351562,155.25,150.0,151.5,63140,0.0,0.0
2021-12-31 00:00:00-05:00,151.5,151.8000030517578,148.5,149.6999969482422,56713,0.0,0.0
2022-01-03 00:00:00-05:00,152.6999969482422,169.64999389648438,152.10000610351562,168.14999389648438,114180,0.0,0.0
2022-01-04 00:00:00-05:00,168.14999389648438,172.9499969482422,167.25,171.89999389648438,65827,0.0,0.0
2022-01-05 00:00:00-05:00,172.35000610351562,172.35000610351562,163.8000030517578,164.85000610351562,62940,0.0,0.0
2022-01-06 00:00:00-05:00,168.89999389648438,173.6999969482422,165.3000030517578,170.25,42233,0.0,0.0
2022-01-07 00:00:00-05:00,169.5,173.25,166.35000610351562,168.0,34380,0.0,0.0
2022-01-10 00:00:00-05:00,166.0500030517578,166.1999969482422,161.5500030517578,162.89999389648438,50407,0.0,0.0
2022-01-11 00:00:00-05:00,165.0,166.35000610351562,161.10000610351562,165.0,42520,0.0,0.0
2022-01-12 00:00:00-05:00,165.60000610351562,166.5,161.10000610351562,161.39999389648438,26807,0.0,0.0
2022-01-13 00:00:00-05:00,162.0,165.0,160.5,160.8000030517578,23553,0.0,0.0
2022-01-14 00:00:00-05:00,157.5,161.25,154.35000610351562,159.0,31733,0.0,0.0
2022-01-18 00:00:00-05:00,156.75,157.5,152.5500030517578,152.5500030517578,25067,0.0,0.0
2022-01-19 00:00:00-05:00,153.0,157.0500030517578,152.5500030517578,155.25,24053,0.0,0.0
2022-01-20 00:00:00-05:00,156.75,161.25,152.25,152.5500030517578,46727,0.0,0.0
2022-01-21 00:00:00-05:00,150.89999389648438,151.9499969482422,145.9499969482422,146.85000610351562,44707,0.0,0.0
2022-01-24 00:00:00-05:00,142.8000030517578,157.35000610351562,141.60000610351562,156.4499969482422,51427,0.0,0.0
2022-01-25 00:00:00-05:00,153.89999389648438,161.25,152.5500030517578,158.5500030517578,36420,0.0,0.0
2022-01-26 00:00:00-05:00,161.25,161.5500030517578,149.39999389648438,149.5500030517578,48620,0.0,0.0
2022-01-27 00:00:00-05:00,151.9499969482422,153.60000610351562,144.89999389648438,146.6999969482422,28807,0.0,0.0
2022-01-28 00:00:00-05:00,145.8000030517578,147.4499969482422,140.10000610351562,147.3000030517578,36507,0.0,0.0
2022-01-31 00:00:00-05:00,146.10000610351562,153.0,144.60000610351562,153.0,31167,0.0,0.0
2022-02-01 00:00:00-05:00,152.10000610351562,153.60000610351562,148.35000610351562,152.6999969482422,29073,0.0,0.0
2022-02-02 00:00:00-05:00,151.64999389648438,155.25,147.60000610351562,150.14999389648438,38280,0.0,0.0
2022-02-03 00:00:00-05:00,147.14999389648438,148.35000610351562,143.25,144.4499969482422,31207,0.0,0.0
2022-02-04 00:00:00-05:00,143.39999389648438,150.14999389648438,141.60000610351562,148.9499969482422,47627,0.0,0.0
2022-02-07 00:00:00-05:00,149.6999969482422,153.60000610351562,148.64999389648438,149.10000610351562,44833,0.0,0.0
2022-02-08 00:00:00-05:00,149.39999389648438,159.60000610351562,148.9499969482422,157.9499969482422,74493,0.0,0.0
2022-02-09 00:00:00-05:00,123.0,130.8000030517578,117.0,121.94999694824219,456413,0.0,0.0
2022-02-10 00:00:00-05:00,120.30000305175781,125.69999694824219,119.4000015258789,120.75,117160,0.0,0.0
2022-02-11 00:00:00-05:00,127.05000305175781,131.5500030517578,126.30000305175781,129.4499969482422,137713,0.0,0.0
2022-02-14 00:00:00-05:00,128.6999969482422,134.85000610351562,128.6999969482422,131.6999969482422,76793,0.0,0.0
2022-02-15 00:00:00-05:00,132.75,135.4499969482422,129.14999389648438,135.4499969482422,80767,0.0,0.0
2022-02-16 00:00:00-05:00,136.5,139.64999389648438,133.9499969482422,136.1999969482422,55907,0.0,0.0
2022-02-17 00:00:00-05:00,135.60000610351562,136.9499969482422,132.3000030517578,133.5,30320,0.0,0.0
2022-02-18 00:00:00-05:00,131.85000610351562,133.8000030517578,127.6500015258789,128.39999389648438,45320,0.0,0.0
2022-02-22 00:00:00-05:00,126.9000015258789,129.60000610351562,122.8499984741211,123.44999694824219,42713,0.0,0.0
2022-02-23 00:00:00-05:00,124.19999694824219,126.44999694824219,120.1500015258789,121.19999694824219,35067,0.0,0.0
2022-02-24 00:00:00-05:00,118.05000305175781,125.0999984741211,117.30000305175781,124.80000305175781,47653,0.0,0.0
2022-02-25 00:00:00-05:00,123.1500015258789,126.1500015258789,122.8499984741211,125.55000305175781,27193,0.0,0.0
2022-02-28 00:00:00-05:00,125.0999984741211,132.4499969482422,125.0999984741211,132.4499969482422,30713,0.0,0.0
2022-03-01 00:00:00-05:00,130.64999389648438,133.1999969482422,128.25,129.60000610351562,35253,0.0,0.0
2022-03-02 00:00:00-05:00,130.0500030517578,130.8000030517578,127.3499984741211,128.85000610351562,48780,0.0,0.0
2022-03-03 00:00:00-05:00,130.1999969482422,133.64999389648438,129.14999389648438,130.8000030517578,50793,0.0,0.0
2022-03-04 00:00:00-05:00,130.8000030517578,131.10000610351562,123.30000305175781,125.25,19847,0.0,0.0
2022-03-07 00:00:00-05:00,125.55000305175781,125.55000305175781,119.55000305175781,119.8499984741211,33540,0.0,0.0
2022-03-08 00:00:00-05:00,119.55000305175781,125.55000305175781,119.25,123.75,69267,0.0,0.0
2022-03-09 00:00:00-05:00,126.9000015258789,131.85000610351562,125.0999984741211,129.14999389648438,37593,0.0,0.0
2022-03-10 00:00:00-05:00,127.19999694824219,129.75,125.25,126.1500015258789,43467,0.0,0.0
2022-03-11 00:00:00-05:00,126.44999694824219,127.19999694824219,118.80000305175781,118.94999694824219,32213,0.0,0.0
2022-03-14 00:00:00-04:00,120.5999984741211,120.5999984741211,115.94999694824219,117.44999694824219,28460,0.0,0.0
2022-03-15 00:00:00-04:00,117.9000015258789,120.75,117.30000305175781,119.8499984741211,25460,0.0,0.0
2022-03-16 00:00:00-04:00,120.9000015258789,125.69999694824219,120.0,124.5,38173,0.0,0.0
2022-03-17 00:00:00-04:00,124.19999694824219,128.39999389648438,123.5999984741211,128.25,30587,0.0,0.0
2022-03-18 00:00:00-04:00,127.05000305175781,130.8000030517578,126.0,128.85000610351562,40473,0.0,0.0
2022-03-21 00:00:00-04:00,128.25,128.25,122.25,123.44999694824219,23093,0.0,0.0
2022-03-22 00:00:00-04:00,124.19999694824219,125.8499984741211,122.69999694824219,125.0999984741211,38860,0.0,0.0
2022-03-23 00:00:00-04:00,123.75,126.30000305175781,121.6500015258789,122.55000305175781,21327,0.0,0.0
2022-03-24 00:00:00-04:00,123.1500015258789,123.5999984741211,121.19999694824219,122.4000015258789,19413,0.0,0.0
2022-03-25 00:00:00-04:00,122.4000015258789,123.9000015258789,120.75,121.3499984741211,25833,0.0,0.0
2022-03-28 00:00:00-04:00,121.80000305175781,126.5999984741211,120.44999694824219,126.30000305175781,44267,0.0,0.0
2022-03-29 00:00:00-04:00,127.5,133.9499969482422,127.5,130.0500030517578,48153,0.0,0.0
2022-03-30 00:00:00-04:00,129.3000030517578,129.60000610351562,122.25,122.69999694824219,41247,0.0,0.0
2022-03-31 00:00:00-04:00,123.1500015258789,123.44999694824219,118.80000305175781,122.55000305175781,42893,0.0,0.0
2022-04-01 00:00:00-04:00,122.8499984741211,124.94999694824219,121.3499984741211,121.80000305175781,28713,0.0,0.0
2022-04-04 00:00:00-04:00,121.80000305175781,125.8499984741211,121.5,124.6500015258789,27213,0.0,0.0
2022-04-05 00:00:00-04:00,125.69999694824219,126.75,121.80000305175781,123.1500015258789,19047,0.0,0.0
2022-04-06 00:00:00-04:00,120.75,121.6500015258789,118.5,121.05000305175781,26600,0.0,0.0
2022-04-07 00:00:00-04:00,120.30000305175781,121.80000305175781,114.0,116.8499984741211,33587,0.0,0.0
2022-04-08 00:00:00-04:00,117.30000305175781,120.9000015258789,116.55000305175781,117.1500015258789,17940,0.0,0.0
2022-04-11 00:00:00-04:00,116.8499984741211,120.5999984741211,115.3499984741211,117.9000015258789,25660,0.0,0.0
2022-04-12 00:00:00-04:00,119.25,122.0999984741211,115.05000305175781,115.6500015258789,21100,0.0,0.0
2022-04-13 00:00:00-04:00,116.0999984741211,122.69999694824219,115.6500015258789,122.55000305175781,37287,0.0,0.0
2022-04-14 00:00:00-04:00,123.44999694824219,128.5500030517578,121.94999694824219,124.19999694824219,24927,0.0,0.0
2022-04-18 00:00:00-04:00,124.5,124.80000305175781,118.80000305175781,120.1500015258789,28853,0.0,0.0
2022-04-19 00:00:00-04:00,121.19999694824219,124.6500015258789,119.55000305175781,122.4000015258789,20940,0.0,0.0
2022-04-20 00:00:00-04:00,124.3499984741211,124.5,119.55000305175781,119.8499984741211,10867,0.0,0.0
2022-04-21 00:00:00-04:00,122.0999984741211,122.0999984741211,117.44999694824219,118.5,19020,0.0,0.0
2022-04-22 00:00:00-04:00,118.3499984741211,118.3499984741211,114.5999984741211,115.3499984741211,20093,0.0,0.0
2022-04-25 00:00:00-04:00,114.0,118.05000305175781,112.80000305175781,117.9000015258789,20127,0.0,0.0
2022-04-26 00:00:00-04:00,116.8499984741211,117.5999984741211,112.5,112.94999694824219,20233,0.0,0.0
2022-04-27 00:00:00-04:00,112.3499984741211,114.30000305175781,111.0,112.05000305175781,18020,0.0,0.0
2022-04-28 00:00:00-04:00,112.80000305175781,115.6500015258789,110.55000305175781,115.19999694824219,15160,0.0,0.0
2022-04-29 00:00:00-04:00,114.9000015258789,118.05000305175781,113.8499984741211,114.75,17320,0.0,0.0
2022-05-02 00:00:00-04:00,114.30000305175781,121.05000305175781,113.69999694824219,120.75,23167,0.0,0.0
2022-05-03 00:00:00-04:00,120.9000015258789,123.5999984741211,118.94999694824219,121.6500015258789,34900,0.0,0.0
2022-05-04 00:00:00-04:00,121.3499984741211,123.9000015258789,117.5999984741211,123.44999694824219,24567,0.0,0.0
2022-05-05 00:00:00-04:00,121.19999694824219,121.5,114.5999984741211,116.4000015258789,22100,0.0,0.0
2022-05-06 00:00:00-04:00,117.1500015258789,118.19999694824219,111.9000015258789,116.8499984741211,18613,0.0,0.0
2022-05-09 00:00:00-04:00,115.5,118.94999694824219,112.80000305175781,113.55000305175781,28740,0.0,0.0
2022-05-10 00:00:00-04:00,113.8499984741211,114.75,108.9000015258789,109.6500015258789,31340,0.0,0.0
2022-05-11 00:00:00-04:00,109.80000305175781,111.1500015258789,101.8499984741211,102.44999694824219,25140,0.0,0.0
2022-05-12 00:00:00-04:00,101.69999694824219,105.9000015258789,100.5,105.30000305175781,29307,0.0,0.0
2022-05-13 00:00:00-04:00,108.0,111.30000305175781,106.6500015258789,110.69999694824219,36107,0.0,0.0
2022-05-16 00:00:00-04:00,109.3499984741211,112.3499984741211,107.55000305175781,109.80000305175781,48300,0.0,0.0
2022-05-17 00:00:00-04:00,111.44999694824219,114.0,106.94999694824219,108.1500015258789,130693,0.0,0.0
2022-05-18 00:00:00-04:00,118.19999694824219,121.6500015258789,112.80000305175781,115.80000305175781,119827,0.0,0.0
2022-05-19 00:00:00-04:00,112.80000305175781,121.3499984741211,112.80000305175781,118.3499984741211,58793,0.0,0.0
2022-05-20 00:00:00-04:00,120.0,120.44999694824219,113.55000305175781,118.5,44107,0.0,0.0
2022-05-23 00:00:00-04:00,118.5,120.9000015258789,106.19999694824219,107.4000015258789,50940,0.0,0.0
2022-05-24 00:00:00-04:00,105.0,105.9000015258789,101.25,101.8499984741211,33280,0.0,0.0
2022-05-25 00:00:00-04:00,101.25,108.75,101.25,106.94999694824219,58767,0.0,0.0
2022-05-26 00:00:00-04:00,109.3499984741211,114.75,108.9000015258789,112.3499984741211,70853,0.0,0.0
2022-05-27 00:00:00-04:00,113.4000015258789,115.80000305175781,111.5999984741211,112.5,31473,0.0,0.0
2022-05-31 00:00:00-04:00,114.5999984741211,119.8499984741211,114.0,115.5,37680,0.0,0.0
2022-06-01 00:00:00-04:00,115.3499984741211,118.05000305175781,112.80000305175781,113.4000015258789,34467,0.0,0.0
2022-06-02 00:00:00-04:00,113.55000305175781,118.6500015258789,113.4000015258789,117.9000015258789,25280,0.0,0.0
2022-06-03 00:00:00-04:00,115.94999694824219,116.25,113.8499984741211,116.0999984741211,27400,0.0,0.0
2022-06-06 00:00:00-04:00,116.69999694824219,116.69999694824219,112.5,115.5,29853,0.0,0.0
2022-06-07 00:00:00-04:00,112.6500015258789,114.44999694824219,109.3499984741211,114.0,44900,0.0,0.0
2022-06-08 00:00:00-04:00,114.9000015258789,118.5,114.0,116.0999984741211,23533,0.0,0.0
2022-06-09 00:00:00-04:00,114.75,115.3499984741211,109.80000305175781,111.75,29093,0.0,0.0
2022-06-10 00:00:00-04:00,111.0,112.19999694824219,108.9000015258789,111.1500015258789,26693,0.0,0.0
2022-06-13 00:00:00-04:00,107.55000305175781,109.6500015258789,103.3499984741211,107.8499984741211,42807,0.0,0.0
2022-06-14 00:00:00-04:00,108.0,108.9000015258789,105.0,107.8499984741211,29360,0.0,0.0
2022-06-15 00:00:00-04:00,109.19999694824219,110.69999694824219,107.69999694824219,109.05000305175781,27433,0.0,0.0
2022-06-16 00:00:00-04:00,108.1500015258789,108.1500015258789,100.5,101.55000305175781,25567,0.0,0.0
2022-06-17 00:00:00-04:00,103.6500015258789,106.3499984741211,102.30000305175781,105.75,53527,0.0,0.0
2022-06-21 00:00:00-04:00,107.0999984741211,110.25,105.75,106.19999694824219,35927,0.0,0.0
2022-06-22 00:00:00-04:00,104.69999694824219,107.0999984741211,104.69999694824219,105.9000015258789,17593,0.0,0.0
2022-06-23 00:00:00-04:00,105.5999984741211,109.05000305175781,105.30000305175781,107.8499984741211,33913,0.0,0.0
2022-06-24 00:00:00-04:00,108.9000015258789,114.75,107.55000305175781,111.9000015258789,42700,0.0,0.0
2022-06-27 00:00:00-04:00,110.8499984741211,112.5,108.44999694824219,108.75,17267,0.0,0.0
2022-06-28 00:00:00-04:00,108.5999984741211,110.69999694824219,106.6500015258789,107.8499984741211,18300,0.0,0.0
2022-06-29 00:00:00-04:00,107.0999984741211,107.0999984741211,100.6500015258789,101.25,50893,0.0,0.0
2022-06-30 00:00:00-04:00,99.30000305175781,99.75,92.8499984741211,93.44999694824219,67847,0.0,0.0
2022-07-01 00:00:00-04:00,93.75,100.05000305175781,92.8499984741211,98.69999694824219,34307,0.0,0.0
2022-07-05 00:00:00-04:00,95.8499984741211,100.5,93.9000015258789,100.05000305175781,19307,0.0,0.0
2022-07-06 00:00:00-04:00,100.5,101.4000015258789,97.19999694824219,98.55000305175781,16333,0.0,0.0
2022-07-07 00:00:00-04:00,99.9000015258789,103.19999694824219,99.44999694824219,102.0,17380,0.0,0.0
2022-07-08 00:00:00-04:00,101.0999984741211,104.0999984741211,100.80000305175781,102.0,15020,0.0,0.0
2022-07-11 00:00:00-04:00,102.0,103.19999694824219,98.8499984741211,99.44999694824219,10587,0.0,0.0
2022-07-12 00:00:00-04:00,98.8499984741211,101.4000015258789,97.3499984741211,97.80000305175781,18293,0.0,0.0
2022-07-13 00:00:00-04:00,96.1500015258789,99.44999694824219,95.55000305175781,98.0999984741211,13333,0.0,0.0
2022-07-14 00:00:00-04:00,97.3499984741211,97.5,94.94999694824219,96.75,12927,0.0,0.0
2022-07-15 00:00:00-04:00,99.44999694824219,100.6500015258789,97.6500015258789,100.5,18113,0.0,0.0
2022-07-18 00:00:00-04:00,101.0999984741211,104.8499984741211,101.0999984741211,101.55000305175781,22060,0.0,0.0
2022-07-19 00:00:00-04:00,102.5999984741211,104.8499984741211,102.5999984741211,104.69999694824219,22120,0.0,0.0
2022-07-20 00:00:00-04:00,104.8499984741211,107.55000305175781,104.25,107.25,29640,0.0,0.0
2022-07-21 00:00:00-04:00,107.69999694824219,109.80000305175781,105.0,109.6500015258789,17820,0.0,0.0
2022-07-22 00:00:00-04:00,110.55000305175781,112.5,107.55000305175781,109.80000305175781,22780,0.0,0.0
2022-07-25 00:00:00-04:00,110.4000015258789,111.1500015258789,107.0999984741211,110.55000305175781,34027,0.0,0.0
2022-07-26 00:00:00-04:00,108.75,108.75,103.05000305175781,105.75,33793,0.0,0.0
2022-07-27 00:00:00-04:00,107.55000305175781,110.55000305175781,105.0,109.5,25127,0.0,0.0
2022-07-28 00:00:00-04:00,110.0999984741211,112.5,107.0999984741211,112.5,18240,0.0,0.0
2022-07-29 00:00:00-04:00,112.5,113.8499984741211,109.3499984741211,111.9000015258789,24160,0.0,0.0
2022-08-01 00:00:00-04:00,110.69999694824219,117.75,109.5,116.25,37693,0.0,0.0
2022-08-02 00:00:00-04:00,115.5,116.8499984741211,112.80000305175781,112.94999694824219,30520,0.0,0.0
2022-08-03 00:00:00-04:00,107.25,108.1500015258789,101.69999694824219,107.25,73813,0.0,0.0
2022-08-04 00:00:00-04:00,108.1500015258789,112.3499984741211,106.3499984741211,108.1500015258789,26447,0.0,0.0
2022-08-05 00:00:00-04:00,107.25,109.6500015258789,106.6500015258789,107.69999694824219,18987,0.0,0.0
2022-08-08 00:00:00-04:00,109.3499984741211,112.05000305175781,108.75,109.3499984741211,41953,0.0,0.0
2022-08-09 00:00:00-04:00,110.4000015258789,110.4000015258789,102.44999694824219,105.75,49147,0.0,0.0
2022-08-10 00:00:00-04:00,110.55000305175781,113.69999694824219,108.75,109.05000305175781,45747,0.0,0.0
2022-08-11 00:00:00-04:00,110.55000305175781,113.25,110.25,112.05000305175781,31553,0.0,0.0
2022-08-12 00:00:00-04:00,113.0999984741211,118.6500015258789,112.05000305175781,118.3499984741211,36493,0.0,0.0
2022-08-15 00:00:00-04:00,117.75,119.25,115.5,115.94999694824219,20387,0.0,0.0
2022-08-16 00:00:00-04:00,117.1500015258789,121.3499984741211,116.4000015258789,118.94999694824219,29673,0.0,0.0
2022-08-17 00:00:00-04:00,117.5999984741211,118.94999694824219,116.0999984741211,117.30000305175781,12313,0.0,0.0
2022-08-18 00:00:00-04:00,116.8499984741211,117.30000305175781,113.55000305175781,115.94999694824219,19860,0.0,0.0
2022-08-19 00:00:00-04:00,115.5,115.5,110.55000305175781,111.30000305175781,15693,0.0,0.0
2022-08-22 00:00:00-04:00,109.3499984741211,109.5,103.94999694824219,104.4000015258789,25387,0.0,0.0
2022-08-23 00:00:00-04:00,105.30000305175781,107.8499984741211,104.69999694824219,106.3499984741211,20640,0.0,0.0
2022-08-24 00:00:00-04:00,106.3499984741211,109.80000305175781,106.3499984741211,108.0,13553,0.0,0.0
2022-08-25 00:00:00-04:00,107.8499984741211,111.1500015258789,107.55000305175781,110.8499984741211,15200,0.0,0.0
2022-08-26 00:00:00-04:00,109.94999694824219,110.4000015258789,105.9000015258789,106.3499984741211,14133,0.0,0.0
2022-08-29 00:00:00-04:00,105.30000305175781,107.0999984741211,104.8499984741211,106.5,13260,0.0,0.0
2022-08-30 00:00:00-04:00,106.05000305175781,108.0,104.69999694824219,105.9000015258789,10493,0.0,0.0
2022-08-31 00:00:00-04:00,105.1500015258789,106.94999694824219,100.94999694824219,101.69999694824219,27013,0.0,0.0
2022-09-01 00:00:00-04:00,100.3499984741211,102.44999694824219,98.8499984741211,101.4000015258789,25593,0.0,0.0
2022-09-02 00:00:00-04:00,103.5,103.5,99.30000305175781,100.05000305175781,13020,0.0,0.0
2022-09-06 00:00:00-04:00,100.3499984741211,100.3499984741211,95.25,95.8499984741211,19080,0.0,0.0
2022-09-07 00:00:00-04:00,95.4000015258789,99.0,94.94999694824219,98.4000015258789,29980,0.0,0.0
2022-09-08 00:00:00-04:00,97.05000305175781,98.55000305175781,95.0999984741211,97.5,10847,0.0,0.0
2022-09-09 00:00:00-04:00,97.5,99.9000015258789,97.5,99.0,16633,0.0,0.0
2022-09-12 00:00:00-04:00,99.5999984741211,102.30000305175781,99.5999984741211,100.5,16100,0.0,0.0
2022-09-13 00:00:00-04:00,97.19999694824219,97.19999694824219,90.0,90.75,38260,0.0,0.0
2022-09-14 00:00:00-04:00,91.19999694824219,91.5,88.05000305175781,90.5999984741211,26540,0.0,0.0
2022-09-15 00:00:00-04:00,90.0,93.1500015258789,89.0999984741211,89.0999984741211,20680,0.0,0.0
2022-09-16 00:00:00-04:00,87.30000305175781,88.5,85.80000305175781,86.55000305175781,42180,0.0,0.0
2022-09-19 00:00:00-04:00,85.80000305175781,90.5999984741211,85.80000305175781,88.5,31020,0.0,0.0
2022-09-20 00:00:00-04:00,87.0,87.30000305175781,82.6500015258789,82.6500015258789,24793,0.0,0.0
2022-09-21 00:00:00-04:00,83.25,84.0,78.75,79.6500015258789,34607,0.0,0.0
2022-09-22 00:00:00-04:00,79.80000305175781,82.05000305175781,79.3499984741211,80.4000015258789,22947,0.0,0.0
2022-09-23 00:00:00-04:00,78.5999984741211,79.94999694824219,76.6500015258789,79.19999694824219,27940,0.0,0.0
2022-09-26 00:00:00-04:00,78.30000305175781,81.0,76.5,77.25,19820,0.0,0.0
2022-09-27 00:00:00-04:00,78.1500015258789,78.75,75.1500015258789,77.0999984741211,20747,0.0,0.0
2022-09-28 00:00:00-04:00,77.55000305175781,79.80000305175781,77.4000015258789,78.1500015258789,14693,0.0,0.0
2022-09-29 00:00:00-04:00,76.6500015258789,77.25,73.19999694824219,75.0,20827,0.0,0.0
2022-09-30 00:00:00-04:00,74.69999694824219,74.69999694824219,72.1500015258789,73.5,31400,0.0,0.0
2022-10-03 00:00:00-04:00,74.0999984741211,80.25,73.80000305175781,77.8499984741211,44793,0.0,0.0
2022-10-04 00:00:00-04:00,79.3499984741211,82.05000305175781,79.05000305175781,81.5999984741211,37793,0.0,0.0
2022-10-05 00:00:00-04:00,79.94999694824219,80.25,77.25,79.05000305175781,27127,0.0,0.0
2022-10-06 00:00:00-04:00,78.5999984741211,81.75,78.44999694824219,80.69999694824219,23660,0.0,0.0
2022-10-07 00:00:00-04:00,79.05000305175781,80.55000305175781,78.30000305175781,80.25,29180,0.0,0.0
2022-10-10 00:00:00-04:00,80.25,80.69999694824219,73.5,74.0999984741211,36200,0.0,0.0
2022-10-11 00:00:00-04:00,73.80000305175781,79.5,73.80000305175781,77.8499984741211,44593,0.0,0.0
2022-10-12 00:00:00-04:00,77.4000015258789,82.3499984741211,77.4000015258789,81.1500015258789,27920,0.0,0.0
2022-10-13 00:00:00-04:00,78.5999984741211,84.44999694824219,77.0999984741211,82.6500015258789,31900,0.0,0.0
2022-10-14 00:00:00-04:00,83.0999984741211,84.5999984741211,81.0,81.1500015258789,22167,0.0,0.0
2022-10-17 00:00:00-04:00,83.55000305175781,83.55000305175781,79.5,80.0999984741211,19007,0.0,0.0
2022-10-18 00:00:00-04:00,82.05000305175781,84.0,79.6500015258789,81.1500015258789,16240,0.0,0.0
2022-10-19 00:00:00-04:00,79.94999694824219,80.55000305175781,74.69999694824219,76.05000305175781,41407,0.0,0.0
2022-10-20 00:00:00-04:00,76.5,79.19999694824219,75.1500015258789,75.75,21447,0.0,0.0
2022-10-21 00:00:00-04:00,77.55000305175781,77.8499984741211,75.0,77.69999694824219,18607,0.0,0.0
2022-10-24 00:00:00-04:00,77.55000305175781,78.75,75.9000015258789,76.19999694824219,61813,0.0,0.0
2022-10-25 00:00:00-04:00,76.6500015258789,81.1500015258789,76.05000305175781,80.69999694824219,137933,0.0,0.0
2022-10-26 00:00:00-04:00,80.4000015258789,86.4000015258789,80.4000015258789,82.3499984741211,26880,0.0,0.0
2022-10-27 00:00:00-04:00,82.3499984741211,85.80000305175781,81.44999694824219,83.55000305175781,22333,0.0,0.0
2022-10-28 00:00:00-04:00,83.4000015258789,85.19999694824219,82.05000305175781,84.0,16493,0.0,0.0
2022-10-31 00:00:00-04:00,84.0,84.30000305175781,81.30000305175781,81.44999694824219,22127,0.0,0.0
2022-11-01 00:00:00-04:00,79.94999694824219,82.05000305175781,72.1500015258789,76.5,68240,0.0,0.0
2022-11-02 00:00:00-04:00,73.05000305175781,74.4000015258789,66.75,67.3499984741211,53647,0.0,0.0
2022-11-03 00:00:00-04:00,67.80000305175781,71.25,66.75,69.30000305175781,36487,0.0,0.0
2022-11-04 00:00:00-04:00,71.8499984741211,71.8499984741211,64.5,66.30000305175781,39520,0.0,0.0
2022-11-07 00:00:00-05:00,66.44999694824219,68.69999694824219,65.69999694824219,68.55000305175781,31800,0.0,0.0
2022-11-08 00:00:00-05:00,69.0,71.25,66.44999694824219,69.0,32947,0.0,0.0
2022-11-09 00:00:00-05:00,67.6500015258789,68.8499984741211,63.599998474121094,64.94999694824219,45920,0.0,0.0
2022-11-10 00:00:00-05:00,69.0,71.0999984741211,67.3499984741211,68.55000305175781,43327,0.0,0.0
2022-11-11 00:00:00-05:00,70.3499984741211,76.19999694824219,69.44999694824219,74.0999984741211,42193,0.0,0.0
2022-11-14 00:00:00-05:00,73.5,75.9000015258789,71.8499984741211,72.0,42253,0.0,0.0
2022-11-15 00:00:00-05:00,73.80000305175781,76.5,72.30000305175781,72.9000015258789,44953,0.0,0.0
2022-11-16 00:00:00-05:00,71.8499984741211,73.3499984741211,67.5,68.25,42173,0.0,0.0
2022-11-17 00:00:00-05:00,67.3499984741211,69.44999694824219,67.05000305175781,67.80000305175781,33360,0.0,0.0
2022-11-18 00:00:00-05:00,69.44999694824219,69.44999694824219,66.44999694824219,67.5,34727,0.0,0.0
2022-11-21 00:00:00-05:00,67.19999694824219,68.0999984741211,65.55000305175781,67.19999694824219,69387,0.0,0.0
2022-11-22 00:00:00-05:00,68.0999984741211,72.0,68.0999984741211,71.69999694824219,60553,0.0,0.0
2022-11-23 00:00:00-05:00,70.94999694824219,72.9000015258789,70.3499984741211,72.5999984741211,21633,0.0,0.0
2022-11-25 00:00:00-05:00,71.8499984741211,72.9000015258789,70.6500015258789,70.6500015258789,7493,0.0,0.0
2022-11-28 00:00:00-05:00,69.5999984741211,72.0,69.0,69.30000305175781,20060,0.0,0.0
2022-11-29 00:00:00-05:00,68.8499984741211,70.19999694824219,68.69999694824219,69.44999694824219,13480,0.0,0.0
2022-11-30 00:00:00-05:00,70.3499984741211,72.0,69.1500015258789,71.25,16660,0.0,0.0
2022-12-01 00:00:00-05:00,71.69999694824219,73.3499984741211,71.0999984741211,72.1500015258789,18220,0.0,0.0
2022-12-02 00:00:00-05:00,70.80000305175781,71.8499984741211,70.19999694824219,70.94999694824219,18420,0.0,0.0
2022-12-05 00:00:00-05:00,70.6500015258789,72.5999984741211,69.1500015258789,70.80000305175781,19280,0.0,0.0
2022-12-06 00:00:00-05:00,71.55000305175781,72.5999984741211,69.30000305175781,71.25,23840,0.0,0.0
2022-12-07 00:00:00-05:00,70.80000305175781,72.0,70.6500015258789,71.69999694824219,20373,0.0,0.0
2022-12-08 00:00:00-05:00,72.0,74.0999984741211,70.94999694824219,72.75,18047,0.0,0.0
2022-12-09 00:00:00-05:00,72.75,76.3499984741211,72.75,75.1500015258789,27807,0.0,0.0
2022-12-12 00:00:00-05:00,74.8499984741211,75.44999694824219,72.0,72.5999984741211,26500,0.0,0.0
2022-12-13 00:00:00-05:00,75.0,76.05000305175781,72.30000305175781,73.5,19987,0.0,0.0
2022-12-14 00:00:00-05:00,72.0,72.0,66.75,66.9000015258789,51000,0.0,0.0
2022-12-15 00:00:00-05:00,66.0,66.1500015258789,63.29999923706055,65.8499984741211,33607,0.0,0.0
2022-12-16 00:00:00-05:00,64.80000305175781,67.6500015258789,63.45000076293945,67.6500015258789,49473,0.0,0.0
2022-12-19 00:00:00-05:00,67.5,67.5,62.099998474121094,62.400001525878906,29300,0.0,0.0
2022-12-20 00:00:00-05:00,62.25,63.599998474121094,60.0,61.95000076293945,30260,0.0,0.0
2022-12-21 00:00:00-05:00,62.70000076293945,63.45000076293945,60.599998474121094,61.349998474121094,69587,0.0,0.0
2022-12-22 00:00:00-05:00,60.900001525878906,64.19999694824219,58.349998474121094,63.900001525878906,27020,0.0,0.0
2022-12-23 00:00:00-05:00,62.70000076293945,64.80000305175781,62.25,63.900001525878906,15000,0.0,0.0
2022-12-27 00:00:00-05:00,63.45000076293945,63.900001525878906,62.099998474121094,63.150001525878906,21280,0.0,0.0
2022-12-28 00:00:00-05:00,62.54999923706055,64.5,61.95000076293945,62.25,15967,0.0,0.0
2022-12-29 00:00:00-05:00,62.25,65.25,61.650001525878906,64.5,16627,0.0,0.0
2022-12-30 00:00:00-05:00,63.150001525878906,66.0,63.0,64.6500015258789,29847,0.0,0.0
2023-01-03 00:00:00-05:00,66.0,67.3499984741211,64.94999694824219,66.44999694824219,20580,0.0,0.0
2023-01-04 00:00:00-05:00,66.9000015258789,70.05000305175781,66.5999984741211,69.5999984741211,23380,0.0,0.0
2023-01-05 00:00:00-05:00,69.75,69.75,67.19999694824219,68.0999984741211,11587,0.0,0.0
2023-01-06 00:00:00-05:00,69.44999694824219,70.5,68.25,70.05000305175781,10007,0.0,0.0
2023-01-09 00:00:00-05:00,71.0999984741211,73.80000305175781,69.9000015258789,72.44999694824219,18593,0.0,0.0
2023-01-10 00:00:00-05:00,72.44999694824219,74.69999694824219,72.44999694824219,74.4000015258789,10560,0.0,0.0
2023-01-11 00:00:00-05:00,74.55000305175781,77.0999984741211,74.55000305175781,77.0999984741211,17013,0.0,0.0
2023-01-12 00:00:00-05:00,77.25,80.25,76.80000305175781,80.0999984741211,32293,0.0,0.0
2023-01-13 00:00:00-05:00,79.3499984741211,80.69999694824219,77.69999694824219,78.5999984741211,29107,0.0,0.0
2023-01-17 00:00:00-05:00,78.9000015258789,79.5,77.0999984741211,77.4000015258789,16427,0.0,0.0
2023-01-18 00:00:00-05:00,77.69999694824219,78.9000015258789,74.25,74.25,17760,0.0,0.0
2023-01-19 00:00:00-05:00,73.6500015258789,74.8499984741211,70.80000305175781,72.0,15127,0.0,0.0
2023-01-20 00:00:00-05:00,72.75,73.3499984741211,71.8499984741211,72.9000015258789,11687,0.0,0.0
2023-01-23 00:00:00-05:00,73.3499984741211,75.0,72.5999984741211,73.5,17373,0.0,0.0
2023-01-24 00:00:00-05:00,74.25,74.8499984741211,72.9000015258789,74.0999984741211,10287,0.0,0.0
2023-01-25 00:00:00-05:00,72.9000015258789,75.44999694824219,71.8499984741211,75.1500015258789,11093,0.0,0.0
2023-01-26 00:00:00-05:00,75.75,77.55000305175781,75.30000305175781,76.5,9593,0.0,0.0
2023-01-27 00:00:00-05:00,76.3499984741211,78.5999984741211,76.3499984741211,77.55000305175781,7760,0.0,0.0
2023-01-30 00:00:00-05:00,77.0999984741211,78.30000305175781,76.05000305175781,76.80000305175781,11073,0.0,0.0
2023-01-31 00:00:00-05:00,76.94999694824219,78.5999984741211,76.94999694824219,78.1500015258789,13007,0.0,0.0
2023-02-01 00:00:00-05:00,77.69999694824219,83.4000015258789,77.25,82.3499984741211,19333,0.0,0.0
2023-02-02 00:00:00-05:00,83.55000305175781,86.69999694824219,82.3499984741211,85.5,16180,0.0,0.0
2023-02-03 00:00:00-05:00,85.19999694824219,85.94999694824219,84.30000305175781,85.19999694824219,16320,0.0,0.0
2023-02-06 00:00:00-05:00,85.5,87.0,80.8499984741211,81.1500015258789,32753,0.0,0.0
2023-02-07 00:00:00-05:00,81.30000305175781,81.44999694824219,76.6500015258789,79.5,51767,0.0,0.0
2023-02-08 00:00:00-05:00,75.5999984741211,77.69999694824219,68.0999984741211,69.0,40840,0.0,0.0
2023-02-09 00:00:00-05:00,69.5999984741211,69.5999984741211,62.849998474121094,63.29999923706055,39047,0.0,0.0
2023-02-10 00:00:00-05:00,62.400001525878906,64.6500015258789,62.25,63.599998474121094,23780,0.0,0.0
2023-02-13 00:00:00-05:00,64.05000305175781,66.75,62.400001525878906,66.75,34653,0.0,0.0
2023-02-14 00:00:00-05:00,66.44999694824219,71.4000015258789,64.6500015258789,71.0999984741211,41327,0.0,0.0
2023-02-15 00:00:00-05:00,69.75,73.5,69.1500015258789,72.9000015258789,27087,0.0,0.0
2023-02-16 00:00:00-05:00,71.55000305175781,74.8499984741211,70.94999694824219,73.6500015258789,25033,0.0,0.0
2023-02-17 00:00:00-05:00,74.25,75.0,72.30000305175781,74.4000015258789,21347,0.0,0.0
2023-02-21 00:00:00-05:00,73.3499984741211,73.80000305175781,65.55000305175781,65.69999694824219,30393,0.0,0.0
2023-02-22 00:00:00-05:00,65.55000305175781,67.19999694824219,65.55000305175781,66.44999694824219,14007,0.0,0.0
2023-02-23 00:00:00-05:00,67.05000305175781,67.94999694824219,65.69999694824219,67.05000305175781,16613,0.0,0.0
2023-02-24 00:00:00-05:00,65.0999984741211,66.0,64.6500015258789,64.94999694824219,13093,0.0,0.0
2023-02-27 00:00:00-05:00,65.69999694824219,65.69999694824219,64.5,65.4000015258789,15267,0.0,0.0
2023-02-28 00:00:00-05:00,64.94999694824219,67.19999694824219,64.80000305175781,65.25,66200,0.0,0.0
2023-03-01 00:00:00-05:00,65.0999984741211,67.6500015258789,64.5,66.44999694824219,20033,0.0,0.0
2023-03-02 00:00:00-05:00,65.8499984741211,67.94999694824219,64.94999694824219,66.75,20360,0.0,0.0
2023-03-03 00:00:00-05:00,67.19999694824219,68.0999984741211,66.30000305175781,67.19999694824219,11107,0.0,0.0
2023-03-06 00:00:00-05:00,67.3499984741211,67.3499984741211,62.70000076293945,63.150001525878906,30727,0.0,0.0
2023-03-07 00:00:00-05:00,63.0,63.599998474121094,61.95000076293945,62.25,11300,0.0,0.0
2023-03-08 00:00:00-05:00,62.099998474121094,63.900001525878906,61.5,63.45000076293945,22727,0.0,0.0
2023-03-09 00:00:00-05:00,63.599998474121094,63.75,60.0,60.29999923706055,24580,0.0,0.0
2023-03-10 00:00:00-05:00,60.0,60.45000076293945,57.45000076293945,58.95000076293945,38900,0.0,0.0
2023-03-13 00:00:00-04:00,57.29999923706055,58.79999923706055,55.95000076293945,56.400001525878906,34987,0.0,0.0
2023-03-14 00:00:00-04:00,58.79999923706055,59.099998474121094,52.349998474121094,53.400001525878906,38327,0.0,0.0
2023-03-15 00:00:00-04:00,51.45000076293945,54.150001525878906,50.54999923706055,53.849998474121094,29467,0.0,0.0
2023-03-16 00:00:00-04:00,52.650001525878906,53.54999923706055,51.29999923706055,52.5,17720,0.0,0.0
2023-03-17 00:00:00-04:00,51.900001525878906,52.79999923706055,49.650001525878906,49.79999923706055,75940,0.0,0.0
2023-03-20 00:00:00-04:00,50.099998474121094,52.20000076293945,49.5,51.900001525878906,24420,0.0,0.0
2023-03-21 00:00:00-04:00,53.25,54.75,51.75,52.20000076293945,14727,0.0,0.0
2023-03-22 00:00:00-04:00,52.349998474121094,52.95000076293945,50.70000076293945,50.70000076293945,19893,0.0,0.0
2023-03-23 00:00:00-04:00,51.45000076293945,51.900001525878906,49.5,50.25,12353,0.0,0.0
2023-03-24 00:00:00-04:00,49.5,50.25,48.45000076293945,50.099998474121094,14307,0.0,0.0
2023-03-27 00:00:00-04:00,50.849998474121094,50.849998474121094,48.45000076293945,49.650001525878906,24860,0.0,0.0
2023-03-28 00:00:00-04:00,49.349998474121094,50.54999923706055,48.0,48.75,30560,0.0,0.0
2023-03-29 00:00:00-04:00,49.650001525878906,49.650001525878906,48.0,49.349998474121094,34440,0.0,0.0
2023-03-30 00:00:00-04:00,50.25,50.70000076293945,48.900001525878906,49.349998474121094,21620,0.0,0.0
2023-03-31 00:00:00-04:00,49.79999923706055,51.599998474121094,49.650001525878906,51.45000076293945,21620,0.0,0.0
2023-04-03 00:00:00-04:00,51.29999923706055,52.04999923706055,50.400001525878906,51.599998474121094,19420,0.0,0.0
2023-04-04 00:00:00-04:00,51.75,51.900001525878906,49.20000076293945,49.79999923706055,38747,0.0,0.0
2023-04-05 00:00:00-04:00,49.5,49.5,46.650001525878906,47.849998474121094,34947,0.0,0.0
2023-04-06 00:00:00-04:00,47.400001525878906,49.650001525878906,46.650001525878906,47.70000076293945,37473,0.0,0.0
2023-04-10 00:00:00-04:00,47.25,49.95000076293945,47.25,49.79999923706055,16607,0.0,0.0
2023-04-11 00:00:00-04:00,50.400001525878906,53.54999923706055,50.400001525878906,52.79999923706055,22720,0.0,0.0
2023-04-12 00:00:00-04:00,53.70000076293945,53.70000076293945,49.79999923706055,50.25,30040,0.0,0.0
2023-04-13 00:00:00-04:00,49.95000076293945,51.0,49.349998474121094,50.400001525878906,15533,0.0,0.0
2023-04-14 00:00:00-04:00,50.099998474121094,51.0,49.349998474121094,49.5,10413,0.0,0.0
2023-04-17 00:00:00-04:00,49.5,51.150001525878906,49.349998474121094,50.849998474121094,19460,0.0,0.0
2023-04-18 00:00:00-04:00,50.54999923706055,51.599998474121094,50.25,50.849998474121094,15247,0.0,0.0
2023-04-19 00:00:00-04:00,50.849998474121094,51.900001525878906,50.099998474121094,50.849998474121094,37407,0.0,0.0
2023-04-20 00:00:00-04:00,50.849998474121094,52.04999923706055,49.650001525878906,49.95000076293945,23647,0.0,0.0
2023-04-21 00:00:00-04:00,50.099998474121094,50.25,48.599998474121094,49.04999923706055,29433,0.0,0.0
2023-04-24 00:00:00-04:00,49.349998474121094,50.849998474121094,48.75,50.54999923706055,33053,0.0,0.0
2023-04-25 00:00:00-04:00,49.79999923706055,50.25,47.099998474121094,47.400001525878906,25273,0.0,0.0
2023-04-26 00:00:00-04:00,47.25,48.0,46.04999923706055,46.349998474121094,24867,0.0,0.0
2023-04-27 00:00:00-04:00,46.650001525878906,46.95000076293945,46.04999923706055,46.349998474121094,20940,0.0,0.0
2023-04-28 00:00:00-04:00,46.20000076293945,47.400001525878906,46.20000076293945,46.349998474121094,13267,0.0,0.0
2023-05-01 00:00:00-04:00,46.349998474121094,47.25,43.79999923706055,44.849998474121094,43687,0.0,0.0
2023-05-02 00:00:00-04:00,45.0,45.0,42.150001525878906,44.099998474121094,47093,0.0,0.0
2023-05-03 00:00:00-04:00,44.25,45.0,42.599998474121094,42.75,24580,0.0,0.0
2023-05-04 00:00:00-04:00,42.150001525878906,43.20000076293945,41.25,42.0,28593,0.0,0.0
2023-05-05 00:00:00-04:00,42.75,44.54999923706055,41.70000076293945,44.25,21933,0.0,0.0
2023-05-08 00:00:00-04:00,45.0,46.650001525878906,44.54999923706055,45.150001525878906,26940,0.0,0.0
2023-05-09 00:00:00-04:00,44.54999923706055,45.29999923706055,44.099998474121094,45.150001525878906,15333,0.0,0.0
2023-05-10 00:00:00-04:00,46.20000076293945,46.20000076293945,42.900001525878906,43.349998474121094,19033,0.0,0.0
2023-05-11 00:00:00-04:00,43.20000076293945,45.0,42.599998474121094,44.70000076293945,18800,0.0,0.0
2023-05-12 00:00:00-04:00,44.54999923706055,44.54999923706055,42.150001525878906,42.599998474121094,18600,0.0,0.0
2023-05-15 00:00:00-04:00,42.45000076293945,43.650001525878906,41.849998474121094,42.75,45800,0.0,0.0
2023-05-16 00:00:00-04:00,42.75,43.04999923706055,40.04999923706055,40.650001525878906,54167,0.0,0.0
2023-05-17 00:00:00-04:00,34.5,39.75,33.75,38.400001525878906,143347,0.0,0.0
2023-05-18 00:00:00-04:00,38.849998474121094,39.29999923706055,37.5,37.650001525878906,46587,0.0,0.0
2023-05-19 00:00:00-04:00,37.349998474121094,37.349998474121094,33.150001525878906,33.599998474121094,86200,0.0,0.0
2023-05-22 00:00:00-04:00,34.04999923706055,34.04999923706055,32.25,33.45000076293945,90793,0.0,0.0
2023-05-23 00:00:00-04:00,34.5,37.650001525878906,34.20000076293945,36.150001525878906,72147,0.0,0.0
2023-05-24 00:00:00-04:00,36.150001525878906,36.599998474121094,34.20000076293945,36.0,50827,0.0,0.0
2023-05-25 00:00:00-04:00,35.25,35.70000076293945,33.75,34.20000076293945,33967,0.0,0.0
2023-05-26 00:00:00-04:00,34.20000076293945,35.70000076293945,33.45000076293945,35.25,29173,0.0,0.0
2023-05-30 00:00:00-04:00,35.70000076293945,37.20000076293945,35.400001525878906,37.04999923706055,50780,0.0,0.0
2023-05-31 00:00:00-04:00,37.04999923706055,37.20000076293945,35.849998474121094,36.900001525878906,28947,0.0,0.0
2023-06-01 00:00:00-04:00,36.599998474121094,37.5,35.70000076293945,37.20000076293945,27640,0.0,0.0
2023-06-02 00:00:00-04:00,37.95000076293945,41.25,37.95000076293945,40.79999923706055,46407,0.0,0.0
2023-06-05 00:00:00-04:00,41.400001525878906,43.20000076293945,40.5,42.150001525878906,42940,0.0,0.0
2023-06-06 00:00:00-04:00,41.400001525878906,44.400001525878906,41.25,43.349998474121094,43333,0.0,0.0
2023-06-07 00:00:00-04:00,43.650001525878906,48.29999923706055,42.599998474121094,46.79999923706055,62960,0.0,0.0
2023-06-08 00:00:00-04:00,46.650001525878906,52.20000076293945,45.900001525878906,51.45000076293945,92353,0.0,0.0
2023-06-09 00:00:00-04:00,50.849998474121094,50.849998474121094,46.650001525878906,46.650001525878906,116827,0.0,0.0
2023-06-12 00:00:00-04:00,46.650001525878906,46.95000076293945,43.650001525878906,45.29999923706055,78720,0.0,0.0
2023-06-13 00:00:00-04:00,45.599998474121094,47.25,45.150001525878906,45.599998474121094,35307,0.0,0.0
2023-06-14 00:00:00-04:00,45.0,46.20000076293945,43.650001525878906,43.95000076293945,49360,0.0,0.0
2023-06-15 00:00:00-04:00,43.79999923706055,45.900001525878906,43.650001525878906,45.45000076293945,29560,0.0,0.0
2023-06-16 00:00:00-04:00,46.04999923706055,46.04999923706055,42.150001525878906,43.5,101060,0.0,0.0
2023-06-20 00:00:00-04:00,42.599998474121094,44.54999923706055,41.849998474121094,43.95000076293945,45773,0.0,0.0
2023-06-21 00:00:00-04:00,44.25,44.25,42.150001525878906,42.29999923706055,27687,0.0,0.0
2023-06-22 00:00:00-04:00,42.29999923706055,43.650001525878906,40.349998474121094,43.5,36913,0.0,0.0
2023-06-23 00:00:00-04:00,42.45000076293945,45.75,42.150001525878906,43.650001525878906,328380,0.0,0.0
2023-06-26 00:00:00-04:00,44.54999923706055,48.45000076293945,44.54999923706055,46.95000076293945,70553,0.0,0.0
2023-06-27 00:00:00-04:00,46.95000076293945,48.0,45.29999923706055,47.099998474121094,45313,0.0,0.0
2023-06-28 00:00:00-04:00,46.95000076293945,47.099998474121094,44.54999923706055,45.29999923706055,34953,0.0,0.0
2023-06-29 00:00:00-04:00,45.75,47.25,45.75,46.95000076293945,27207,0.0,0.0
2023-06-30 00:00:00-04:00,47.54999923706055,47.849998474121094,46.79999923706055,47.099998474121094,43100,0.0,0.0
2023-07-03 00:00:00-04:00,47.849998474121094,49.79999923706055,47.849998474121094,49.5,10580,0.0,0.0
2023-07-05 00:00:00-04:00,48.900001525878906,49.20000076293945,46.20000076293945,46.650001525878906,32140,0.0,0.0
2023-07-06 00:00:00-04:00,46.349998474121094,47.400001525878906,45.75,46.95000076293945,26213,0.0,0.0
2023-07-07 00:00:00-04:00,47.400001525878906,48.75,47.099998474121094,47.54999923706055,11593,0.0,0.0
2023-07-10 00:00:00-04:00,47.25,49.650001525878906,47.25,48.45000076293945,16253,0.0,0.0
2023-07-11 00:00:00-04:00,48.599998474121094,49.79999923706055,48.150001525878906,49.5,21760,0.0,0.0
2023-07-12 00:00:00-04:00,50.25,50.70000076293945,48.0,48.0,23367,0.0,0.0
2023-07-13 00:00:00-04:00,48.45000076293945,49.20000076293945,47.099998474121094,48.900001525878906,24760,0.0,0.0
2023-07-14 00:00:00-04:00,48.599998474121094,49.20000076293945,46.79999923706055,48.900001525878906,30507,0.0,0.0
2023-07-17 00:00:00-04:00,48.900001525878906,50.099998474121094,47.849998474121094,48.29999923706055,22893,0.0,0.0
2023-07-18 00:00:00-04:00,48.0,49.650001525878906,48.0,48.0,34160,0.0,0.0
2023-07-19 00:00:00-04:00,49.5,52.79999923706055,49.20000076293945,52.349998474121094,33927,0.0,0.0
2023-07-20 00:00:00-04:00,51.900001525878906,51.900001525878906,48.0,48.150001525878906,18967,0.0,0.0
2023-07-21 00:00:00-04:00,48.45000076293945,49.5,48.0,48.29999923706055,18807,0.0,0.0
2023-07-24 00:00:00-04:00,49.04999923706055,50.400001525878906,48.150001525878906,49.95000076293945,23693,0.0,0.0
2023-07-25 00:00:00-04:00,49.79999923706055,50.400001525878906,48.45000076293945,49.95000076293945,22753,0.0,0.0
2023-07-26 00:00:00-04:00,50.25,52.04999923706055,50.099998474121094,51.599998474121094,18973,0.0,0.0
2023-07-27 00:00:00-04:00,52.20000076293945,53.54999923706055,51.150001525878906,51.75,19007,0.0,0.0
2023-07-28 00:00:00-04:00,52.5,53.25,51.900001525878906,51.900001525878906,14913,0.0,0.0
2023-07-31 00:00:00-04:00,52.349998474121094,55.650001525878906,51.900001525878906,54.900001525878906,42527,0.0,0.0
2023-08-01 00:00:00-04:00,55.349998474121094,55.650001525878906,52.650001525878906,55.04999923706055,59333,0.0,0.0
2023-08-02 00:00:00-04:00,45.0,45.0,38.099998474121094,40.20000076293945,164020,0.0,0.0
2023-08-03 00:00:00-04:00,39.45000076293945,40.5,37.04999923706055,37.349998474121094,74340,0.0,0.0
2023-08-04 00:00:00-04:00,38.25,40.650001525878906,37.5,39.150001525878906,96967,0.0,0.0
2023-08-07 00:00:00-04:00,40.349998474121094,40.5,38.099998474121094,38.400001525878906,40673,0.0,0.0
2023-08-08 00:00:00-04:00,38.099998474121094,38.54999923706055,37.04999923706055,38.54999923706055,30727,0.0,0.0
2023-08-09 00:00:00-04:00,38.400001525878906,39.599998474121094,38.099998474121094,39.29999923706055,22460,0.0,0.0
2023-08-10 00:00:00-04:00,39.900001525878906,40.79999923706055,39.29999923706055,39.900001525878906,39773,0.0,0.0
2023-08-11 00:00:00-04:00,39.29999923706055,40.349998474121094,38.54999923706055,39.75,23747,0.0,0.0
2023-08-14 00:00:00-04:00,39.29999923706055,39.599998474121094,38.400001525878906,38.70000076293945,21553,0.0,0.0
2023-08-15 00:00:00-04:00,38.099998474121094,38.400001525878906,37.04999923706055,38.400001525878906,18113,0.0,0.0
2023-08-16 00:00:00-04:00,38.099998474121094,38.849998474121094,37.79999923706055,37.79999923706055,16727,0.0,0.0
2023-08-17 00:00:00-04:00,37.95000076293945,38.849998474121094,37.95000076293945,38.099998474121094,13420,0.0,0.0
2023-08-18 00:00:00-04:00,37.5,38.70000076293945,37.5,38.099998474121094,20880,0.0,0.0
2023-08-21 00:00:00-04:00,38.400001525878906,38.400001525878906,36.900001525878906,37.04999923706055,17360,0.0,0.0
2023-08-22 00:00:00-04:00,37.20000076293945,37.20000076293945,34.5,35.25,30913,0.0,0.0
2023-08-23 00:00:00-04:00,35.25,35.400001525878906,33.29999923706055,34.5,33340,0.0,0.0
2023-08-24 00:00:00-04:00,34.04999923706055,34.95000076293945,34.04999923706055,34.04999923706055,15553,0.0,0.0
2023-08-25 00:00:00-04:00,34.04999923706055,34.349998474121094,33.150001525878906,33.599998474121094,17353,0.0,0.0
2023-08-28 00:00:00-04:00,33.900001525878906,34.349998474121094,33.75,33.900001525878906,12293,0.0,0.0
2023-08-29 00:00:00-04:00,34.20000076293945,35.099998474121094,33.45000076293945,34.349998474121094,14093,0.0,0.0
2023-08-30 00:00:00-04:00,34.5,36.0,34.20000076293945,35.099998474121094,13493,0.0,0.0
2023-08-31 00:00:00-04:00,35.099998474121094,36.900001525878906,34.650001525878906,35.099998474121094,15773,0.0,0.0
2023-09-01 00:00:00-04:00,34.95000076293945,36.75,34.650001525878906,34.650001525878906,14680,0.0,0.0
2023-09-05 00:00:00-04:00,35.400001525878906,35.400001525878906,34.04999923706055,34.04999923706055,17613,0.0,0.0
2023-09-06 00:00:00-04:00,34.349998474121094,34.5,33.150001525878906,33.45000076293945,15133,0.0,0.0
2023-09-07 00:00:00-04:00,33.29999923706055,34.04999923706055,31.799999237060547,33.0,33600,0.0,0.0
2023-09-08 00:00:00-04:00,33.0,33.29999923706055,31.799999237060547,32.54999923706055,17820,0.0,0.0
2023-09-11 00:00:00-04:00,32.70000076293945,33.29999923706055,31.5,31.799999237060547,18760,0.0,0.0
2023-09-12 00:00:00-04:00,31.950000762939453,33.29999923706055,31.049999237060547,32.099998474121094,41607,0.0,0.0
2023-09-13 00:00:00-04:00,32.25,33.75,32.099998474121094,33.150001525878906,19153,0.0,0.0
2023-09-14 00:00:00-04:00,33.45000076293945,35.099998474121094,33.150001525878906,34.79999923706055,17400,0.0,0.0
2023-09-15 00:00:00-04:00,34.5,35.099998474121094,33.75,34.95000076293945,36400,0.0,0.0
2023-09-18 00:00:00-04:00,32.70000076293945,33.900001525878906,31.950000762939453,32.849998474121094,30240,0.0,0.0
2023-09-19 00:00:00-04:00,32.25,33.900001525878906,31.950000762939453,32.400001525878906,19707,0.0,0.0
2023-09-20 00:00:00-04:00,32.70000076293945,33.29999923706055,31.649999618530273,31.950000762939453,16393,0.0,0.0
2023-09-21 00:00:00-04:00,31.5,32.25,31.350000381469727,31.5,15553,0.0,0.0
2023-09-22 00:00:00-04:00,31.5,31.950000762939453,30.299999237060547,30.299999237060547,22087,0.0,0.0
2023-09-25 00:00:00-04:00,30.299999237060547,30.299999237060547,28.799999237060547,29.399999618530273,34373,0.0,0.0
2023-09-26 00:00:00-04:00,29.700000762939453,29.700000762939453,27.75,28.049999237060547,34033,0.0,0.0
2023-09-27 00:00:00-04:00,27.899999618530273,30.149999618530273,27.75,30.0,81093,0.0,0.0
2023-09-28 00:00:00-04:00,30.149999618530273,33.0,29.549999237060547,32.849998474121094,27093,0.0,0.0
2023-09-29 00:00:00-04:00,33.0,34.04999923706055,33.0,33.75,21533,0.0,0.0
2023-10-02 00:00:00-04:00,33.29999923706055,34.20000076293945,32.25,33.150001525878906,48380,0.0,0.0
2023-10-03 00:00:00-04:00,32.70000076293945,33.900001525878906,32.25,32.25,27433,0.0,0.0
2023-10-04 00:00:00-04:00,32.400001525878906,33.900001525878906,31.799999237060547,32.70000076293945,26333,0.0,0.0
2023-10-05 00:00:00-04:00,32.099998474121094,32.54999923706055,29.25,30.450000762939453,43740,0.0,0.0
2023-10-06 00:00:00-04:00,30.0,32.849998474121094,30.0,31.649999618530273,26453,0.0,0.0
2023-10-09 00:00:00-04:00,30.75,31.200000762939453,29.549999237060547,30.299999237060547,19940,0.0,0.0
2023-10-10 00:00:00-04:00,30.299999237060547,32.400001525878906,30.0,31.5,17947,0.0,0.0
2023-10-11 00:00:00-04:00,31.649999618530273,32.54999923706055,30.299999237060547,30.75,12727,0.0,0.0
2023-10-12 00:00:00-04:00,31.049999237060547,31.200000762939453,29.399999618530273,30.149999618530273,16040,0.0,0.0
2023-10-13 00:00:00-04:00,30.149999618530273,30.899999618530273,29.399999618530273,30.450000762939453,10913,0.0,0.0
2023-10-16 00:00:00-04:00,30.149999618530273,31.950000762939453,30.0,31.200000762939453,15213,0.0,0.0
2023-10-17 00:00:00-04:00,30.75,33.45000076293945,30.600000381469727,33.0,18220,0.0,0.0
2023-10-18 00:00:00-04:00,32.70000076293945,33.150001525878906,31.950000762939453,32.54999923706055,8173,0.0,0.0
2023-10-19 00:00:00-04:00,32.400001525878906,33.150001525878906,31.950000762939453,32.25,12653,0.0,0.0
2023-10-20 00:00:00-04:00,31.799999237060547,33.29999923706055,31.799999237060547,33.0,15553,0.0,0.0
2023-10-23 00:00:00-04:00,32.54999923706055,32.70000076293945,31.200000762939453,31.950000762939453,22267,0.0,0.0
2023-10-24 00:00:00-04:00,32.400001525878906,32.54999923706055,29.399999618530273,29.549999237060547,24567,0.0,0.0
2023-10-25 00:00:00-04:00,29.850000381469727,29.850000381469727,28.049999237060547,28.049999237060547,28640,0.0,0.0
2023-10-26 00:00:00-04:00,27.899999618530273,28.350000381469727,26.850000381469727,27.299999237060547,27860,0.0,0.0
2023-10-27 00:00:00-04:00,27.75,28.5,27.149999618530273,27.899999618530273,12320,0.0,0.0
2023-10-30 00:00:00-04:00,27.899999618530273,28.5,27.450000762939453,27.600000381469727,15620,0.0,0.0
2023-10-31 00:00:00-04:00,27.600000381469727,28.5,27.299999237060547,27.75,16273,0.0,0.0
2023-11-01 00:00:00-04:00,29.100000381469727,29.100000381469727,23.399999618530273,26.399999618530273,26973,0.0,0.0
2023-11-02 00:00:00-04:00,26.399999618530273,27.600000381469727,25.950000762939453,27.149999618530273,13447,0.0,0.0
2023-11-03 00:00:00-04:00,27.299999237060547,30.0,27.299999237060547,28.649999618530273,19280,0.0,0.0
2023-11-06 00:00:00-05:00,28.350000381469727,28.799999237060547,27.75,28.649999618530273,7333,0.0,0.0
2023-11-07 00:00:00-05:00,28.200000762939453,29.100000381469727,28.049999237060547,28.350000381469727,7573,0.0,0.0
2023-11-08 00:00:00-05:00,27.899999618530273,28.799999237060547,27.899999618530273,28.049999237060547,4853,0.0,0.0
2023-11-09 00:00:00-05:00,28.200000762939453,28.200000762939453,26.549999237060547,27.0,14173,0.0,0.0
2023-11-10 00:00:00-05:00,27.299999237060547,27.600000381469727,25.950000762939453,27.450000762939453,10960,0.0,0.0
2023-11-13 00:00:00-05:00,26.850000381469727,27.600000381469727,25.950000762939453,26.25,16647,0.0,0.0
2023-11-14 00:00:00-05:00,26.399999618530273,28.649999618530273,26.399999618530273,27.149999618530273,34987,0.0,0.0
2023-11-15 00:00:00-05:00,27.600000381469727,30.899999618530273,27.450000762939453,28.799999237060547,36927,0.0,0.0
2023-11-16 00:00:00-05:00,29.100000381469727,29.399999618530273,27.299999237060547,27.899999618530273,22320,0.0,0.0
2023-11-17 00:00:00-05:00,28.350000381469727,28.350000381469727,27.0,27.75,6653,0.0,0.0
2023-11-20 00:00:00-05:00,27.299999237060547,28.649999618530273,27.149999618530273,28.200000762939453,9853,0.0,0.0
2023-11-21 00:00:00-05:00,28.049999237060547,28.200000762939453,27.149999618530273,27.600000381469727,6980,0.0,0.0
2023-11-22 00:00:00-05:00,27.299999237060547,28.200000762939453,27.149999618530273,27.75,7113,0.0,0.0
2023-11-24 00:00:00-05:00,27.299999237060547,28.799999237060547,27.299999237060547,28.649999618530273,4947,0.0,0.0
2023-11-27 00:00:00-05:00,28.350000381469727,29.100000381469727,27.75,28.200000762939453,9333,0.0,0.0
2023-11-28 00:00:00-05:00,27.899999618530273,28.350000381469727,27.299999237060547,27.899999618530273,12487,0.0,0.0
2023-11-29 00:00:00-05:00,28.799999237060547,30.0,28.350000381469727,28.649999618530273,23620,0.0,0.0
2023-11-30 00:00:00-05:00,29.25,29.25,27.899999618530273,28.200000762939453,7387,0.0,0.0
2023-12-01 00:00:00-05:00,27.600000381469727,29.850000381469727,27.600000381469727,29.850000381469727,17340,0.0,0.0
2023-12-04 00:00:00-05:00,29.100000381469727,32.400001525878906,29.100000381469727,31.950000762939453,23333,0.0,0.0
2023-12-05 00:00:00-05:00,31.350000381469727,31.799999237060547,30.0,30.0,8200,0.0,0.0
2023-12-06 00:00:00-05:00,30.149999618530273,31.799999237060547,29.850000381469727,30.149999618530273,8980,0.0,0.0
2023-12-07 00:00:00-05:00,30.0,30.600000381469727,29.399999618530273,29.399999618530273,9880,0.0,0.0
2023-12-08 00:00:00-05:00,29.850000381469727,30.0,28.799999237060547,29.399999618530273,8987,0.0,0.0
2023-12-11 00:00:00-05:00,29.100000381469727,29.850000381469727,28.950000762939453,29.25,5687,0.0,0.0
2023-12-12 00:00:00-05:00,30.0,30.0,28.200000762939453,28.200000762939453,12993,0.0,0.0
2023-12-13 00:00:00-05:00,28.649999618530273,30.0,27.899999618530273,29.25,27327,0.0,0.0
2023-12-14 00:00:00-05:00,29.25,33.29999923706055,28.799999237060547,32.400001525878906,34660,0.0,0.0
2023-12-15 00:00:00-05:00,32.25,35.849998474121094,31.5,35.849998474121094,78467,0.0,0.0
2023-12-18 00:00:00-05:00,35.849998474121094,36.0,32.849998474121094,33.45000076293945,22127,0.0,0.0
2023-12-19 00:00:00-05:00,33.75,35.70000076293945,33.150001525878906,35.25,14380,0.0,0.0
2023-12-20 00:00:00-05:00,35.54999923706055,35.70000076293945,32.849998474121094,33.0,13467,0.0,0.0
2023-12-21 00:00:00-05:00,33.29999923706055,36.599998474121094,33.150001525878906,35.54999923706055,14473,0.0,0.0
2023-12-22 00:00:00-05:00,35.099998474121094,36.75,34.5,34.79999923706055,16227,0.0,0.0
2023-12-26 00:00:00-05:00,34.95000076293945,37.79999923706055,34.650001525878906,37.04999923706055,19107,0.0,0.0
2023-12-27 00:00:00-05:00,36.45000076293945,36.599998474121094,34.95000076293945,35.099998474121094,27467,0.0,0.0
2023-12-28 00:00:00-05:00,34.79999923706055,36.0,33.75,34.04999923706055,30980,0.0,0.0
2023-12-29 00:00:00-05:00,34.20000076293945,36.0,33.75,34.20000076293945,37860,0.0,0.0
2024-01-02 00:00:00-05:00,34.04999923706055,36.900001525878906,34.04999923706055,36.29999923706055,23807,0.0,0.0
2024-01-03 00:00:00-05:00,36.150001525878906,36.29999923706055,34.349998474121094,35.70000076293945,15447,0.0,0.0
2024-01-04 00:00:00-05:00,35.849998474121094,36.900001525878906,34.95000076293945,36.150001525878906,10340,0.0,0.0
2024-01-05 00:00:00-05:00,35.849998474121094,36.900001525878906,35.099998474121094,35.25,10660,0.0,0.0
2024-01-08 00:00:00-05:00,35.25,35.25,33.900001525878906,34.650001525878906,7920,0.0,0.0
2024-01-09 00:00:00-05:00,32.54999923706055,33.75,28.350000381469727,28.5,69433,0.0,0.0
2024-01-10 00:00:00-05:00,28.350000381469727,28.950000762939453,26.850000381469727,27.299999237060547,28053,0.0,0.0
2024-01-11 00:00:00-05:00,26.700000762939453,27.600000381469727,26.25,26.549999237060547,24760,0.0,0.0
2024-01-12 00:00:00-05:00,26.549999237060547,27.299999237060547,25.350000381469727,25.649999618530273,53020,0.0,0.0
2024-01-16 00:00:00-05:00,25.799999237060547,26.549999237060547,22.950000762939453,23.549999237060547,52140,0.0,0.0
2024-01-17 00:00:00-05:00,23.25,24.0,23.100000381469727,23.399999618530273,20787,0.0,0.0
2024-01-18 00:00:00-05:00,23.700000762939453,23.700000762939453,22.5,23.399999618530273,17913,0.0,0.0
2024-01-19 00:00:00-05:00,23.399999618530273,24.600000381469727,22.950000762939453,23.100000381469727,13153,0.0,0.0
2024-01-22 00:00:00-05:00,23.399999618530273,24.75,22.799999237060547,24.0,13820,0.0,0.0
2024-01-23 00:00:00-05:00,24.149999618530273,25.049999237060547,23.25,23.25,10020,0.0,0.0
2024-01-24 00:00:00-05:00,23.25,23.700000762939453,22.649999618530273,22.950000762939453,12280,0.0,0.0
2024-01-25 00:00:00-05:00,23.25,23.850000381469727,23.25,23.850000381469727,6553,0.0,0.0
2024-01-26 00:00:00-05:00,23.549999237060547,25.200000762939453,23.549999237060547,24.600000381469727,10220,0.0,0.0
2024-01-29 00:00:00-05:00,25.049999237060547,25.049999237060547,22.799999237060547,24.299999237060547,11680,0.0,0.0
2024-01-30 00:00:00-05:00,23.850000381469727,25.5,23.700000762939453,24.600000381469727,30393,0.0,0.0
2024-01-31 00:00:00-05:00,24.0,25.350000381469727,24.0,24.450000762939453,6900,0.0,0.0
2024-02-01 00:00:00-05:00,24.600000381469727,24.600000381469727,22.950000762939453,23.700000762939453,19273,0.0,0.0
2024-02-02 00:00:00-05:00,24.149999618530273,26.850000381469727,23.25,25.5,45220,0.0,0.0
2024-02-05 00:00:00-05:00,26.399999618530273,26.399999618530273,23.700000762939453,24.299999237060547,18367,0.0,0.0
2024-02-06 00:00:00-05:00,25.350000381469727,26.25,24.299999237060547,25.5,18300,0.0,0.0
2024-02-07 00:00:00-05:00,22.5,22.799999237060547,14.25,15.449999809265137,292200,0.0,0.0
2024-02-08 00:00:00-05:00,16.049999237060547,20.399999618530273,16.049999237060547,20.100000381469727,107147,0.0,0.0
2024-02-09 00:00:00-05:00,19.950000762939453,21.0,18.0,20.100000381469727,22993,0.0,0.0
2024-02-12 00:00:00-05:00,19.950000762939453,20.100000381469727,18.75,19.5,23787,0.0,0.0
2024-02-13 00:00:00-05:00,18.149999618530273,19.200000762939453,18.149999618530273,18.149999618530273,16187,0.0,0.0
2024-02-14 00:00:00-05:00,18.899999618530273,19.350000381469727,18.149999618530273,18.899999618530273,7333,0.0,0.0
2024-02-15 00:00:00-05:00,18.899999618530273,21.0,18.75,19.350000381469727,11440,0.0,0.0
2024-02-16 00:00:00-05:00,19.350000381469727,19.350000381469727,18.299999237060547,18.600000381469727,10553,0.0,0.0
2024-02-20 00:00:00-05:00,18.75,18.75,17.850000381469727,18.450000762939453,6967,0.0,0.0
2024-02-21 00:00:00-05:00,18.299999237060547,18.899999618530273,17.850000381469727,18.149999618530273,6640,0.0,0.0
2024-02-22 00:00:00-05:00,18.600000381469727,18.600000381469727,17.549999237060547,18.299999237060547,12433,0.0,0.0
2024-02-23 00:00:00-05:00,18.0,19.799999237060547,18.0,19.200000762939453,13693,0.0,0.0
2024-02-26 00:00:00-05:00,19.049999237060547,20.700000762939453,18.75,20.25,9267,0.0,0.0
2024-02-27 00:00:00-05:00,20.399999618530273,21.299999237060547,19.049999237060547,19.350000381469727,14187,0.0,0.0
2024-02-28 00:00:00-05:00,18.75,20.850000381469727,18.75,20.549999237060547,8287,0.0,0.0
2024-02-29 00:00:00-05:00,20.549999237060547,21.149999618530273,19.799999237060547,20.700000762939453,14427,0.0,0.0
2024-03-01 00:00:00-05:00,20.399999618530273,21.149999618530273,19.950000762939453,20.549999237060547,9033,0.0,0.0
2024-03-04 00:00:00-05:00,20.25,20.700000762939453,19.350000381469727,19.950000762939453,13120,0.0,0.0
2024-03-05 00:00:00-05:00,19.5,19.649999618530273,17.850000381469727,18.299999237060547,14120,0.0,0.0
2024-03-06 00:00:00-05:00,18.149999618530273,18.899999618530273,17.850000381469727,18.899999618530273,12687,0.0,0.0
2024-03-07 00:00:00-05:00,18.600000381469727,19.200000762939453,17.700000762939453,19.200000762939453,15673,0.0,0.0
2024-03-08 00:00:00-05:00,19.049999237060547,19.049999237060547,17.850000381469727,18.600000381469727,12347,0.0,0.0
2024-03-11 00:00:00-04:00,18.600000381469727,18.75,17.100000381469727,17.850000381469727,12520,0.0,0.0
2024-03-12 00:00:00-04:00,17.399999618530273,17.700000762939453,16.950000762939453,17.25,16733,0.0,0.0
2024-03-13 00:00:00-04:00,17.25,17.549999237060547,16.950000762939453,16.950000762939453,14547,0.0,0.0
2024-03-14 00:00:00-04:00,17.25,17.399999618530273,16.200000762939453,16.200000762939453,16413,0.0,0.0
2024-03-15 00:00:00-04:00,16.200000762939453,17.25,14.850000381469727,15.75,213180,0.0,0.0
2024-03-18 00:00:00-04:00,15.600000381469727,16.049999237060547,14.699999809265137,15.149999618530273,17467,0.0,0.0
2024-03-19 00:00:00-04:00,15.0,15.899999618530273,14.699999809265137,15.300000190734863,15320,0.0,0.0
2024-03-20 00:00:00-04:00,15.149999618530273,15.75,15.149999618530273,15.600000381469727,9440,0.0,0.0
2024-03-21 00:00:00-04:00,15.449999809265137,16.649999618530273,15.449999809265137,16.049999237060547,19600,0.0,0.0
2024-03-22 00:00:00-04:00,16.049999237060547,17.100000381469727,16.049999237060547,16.649999618530273,16080,0.0,0.0
2024-03-25 00:00:00-04:00,16.5,17.100000381469727,15.899999618530273,15.899999618530273,10067,0.0,0.0
2024-03-26 00:00:00-04:00,16.049999237060547,17.549999237060547,16.049999237060547,16.200000762939453,18960,0.0,0.0
2024-03-27 00:00:00-04:00,15.899999618530273,17.399999618530273,15.899999618530273,16.5,11807,0.0,0.0
2024-03-28 00:00:00-04:00,16.950000762939453,17.850000381469727,16.799999237060547,17.100000381469727,18220,0.0,0.0
2024-04-01 00:00:00-04:00,18.0,18.0,17.100000381469727,17.399999618530273,9633,0.0,0.0
2024-04-02 00:00:00-04:00,17.100000381469727,17.100000381469727,16.049999237060547,16.799999237060547,14827,0.0,0.0
2024-04-03 00:00:00-04:00,16.649999618530273,17.100000381469727,16.5,16.5,12053,0.0,0.0
2024-04-04 00:00:00-04:00,17.100000381469727,18.149999618530273,16.350000381469727,16.649999618530273,15633,0.0,0.0
2024-04-05 00:00:00-04:00,16.350000381469727,16.950000762939453,16.200000762939453,16.5,12640,0.0,0.0
2024-04-08 00:00:00-04:00,16.950000762939453,17.25,15.75,16.200000762939453,17767,0.0,0.0
2024-04-09 00:00:00-04:00,15.899999618530273,16.5,15.600000381469727,15.899999618530273,8033,0.0,0.0
2024-04-10 00:00:00-04:00,15.75,16.200000762939453,15.300000190734863,15.449999809265137,4820,0.0,0.0
2024-04-11 00:00:00-04:00,15.149999618530273,15.899999618530273,15.0,15.75,10747,0.0,0.0
2024-04-12 00:00:00-04:00,15.449999809265137,15.899999618530273,14.850000381469727,15.0,20400,0.0,0.0
2024-04-15 00:00:00-04:00,15.449999809265137,15.600000381469727,14.699999809265137,15.149999618530273,9660,0.0,0.0
2024-04-16 00:00:00-04:00,15.0,15.149999618530273,12.75,13.800000190734863,34380,0.0,0.0
2024-04-17 00:00:00-04:00,14.100000381469727,14.100000381469727,13.050000190734863,13.199999809265137,5260,0.0,0.0
2024-04-18 00:00:00-04:00,13.5,14.100000381469727,13.050000190734863,13.800000190734863,5573,0.0,0.0
2024-04-19 00:00:00-04:00,13.800000190734863,14.25,12.899999618530273,12.899999618530273,16120,0.0,0.0
2024-04-22 00:00:00-04:00,13.5,13.649999618530273,12.899999618530273,13.199999809265137,3953,0.0,0.0
2024-04-23 00:00:00-04:00,13.199999809265137,13.949999809265137,13.199999809265137,13.5,4567,0.0,0.0
2024-04-24 00:00:00-04:00,13.199999809265137,13.949999809265137,13.199999809265137,13.350000381469727,2000,0.0,0.0
2024-04-25 00:00:00-04:00,13.199999809265137,13.649999618530273,13.050000190734863,13.050000190734863,4160,0.0,0.0
2024-04-26 00:00:00-04:00,13.5,13.800000190734863,12.899999618530273,13.050000190734863,2347,0.0,0.0
2024-04-29 00:00:00-04:00,13.050000190734863,13.949999809265137,13.050000190734863,13.199999809265137,11660,0.0,0.0
2024-04-30 00:00:00-04:00,13.199999809265137,13.649999618530273,12.449999809265137,12.600000381469727,21320,0.0,0.0
2024-05-01 00:00:00-04:00,12.600000381469727,13.050000190734863,12.600000381469727,12.75,7773,0.0,0.0
2024-05-02 00:00:00-04:00,12.75,14.100000381469727,12.75,13.649999618530273,9560,0.0,0.0
2024-05-03 00:00:00-04:00,13.649999618530273,14.399999618530273,13.350000381469727,13.350000381469727,9267,0.0,0.0
2024-05-06 00:00:00-04:00,13.199999809265137,13.949999809265137,13.050000190734863,13.199999809265137,23333,0.0,0.0
2024-05-07 00:00:00-04:00,13.199999809265137,13.949999809265137,13.050000190734863,13.350000381469727,17473,0.0,0.0
2024-05-08 00:00:00-04:00,13.5,13.949999809265137,12.75,13.199999809265137,16280,0.0,0.0
2024-05-09 00:00:00-04:00,13.649999618530273,14.699999809265137,13.199999809265137,14.699999809265137,15373,0.0,0.0
2024-05-10 00:00:00-04:00,14.850000381469727,14.850000381469727,13.350000381469727,13.649999618530273,6047,0.0,0.0
2024-05-13 00:00:00-04:00,14.399999618530273,14.399999618530273,13.199999809265137,13.199999809265137,16487,0.0,0.0
2024-05-14 00:00:00-04:00,14.699999809265137,15.0,12.75,13.5,31093,0.0,0.0
2024-05-15 00:00:00-04:00,13.5,13.800000190734863,12.75,13.050000190734863,20973,0.0,0.0
2024-05-16 00:00:00-04:00,13.199999809265137,13.5,12.149999618530273,12.449999809265137,31733,0.0,0.0
2024-05-17 00:00:00-04:00,12.149999618530273,12.75,11.699999809265137,11.850000381469727,32047,0.0,0.0
2024-05-20 00:00:00-04:00,12.149999618530273,12.300000190734863,9.899999618530273,10.199999809265137,44687,0.0,0.0
2024-05-21 00:00:00-04:00,10.199999809265137,11.699999809265137,10.199999809265137,11.550000190734863,23853,0.0,0.0
2024-05-22 00:00:00-04:00,11.699999809265137,11.699999809265137,10.800000190734863,11.399999618530273,12480,0.0,0.0
2024-05-23 00:00:00-04:00,11.25,11.550000190734863,10.800000190734863,10.949999809265137,3953,0.0,0.0
2024-05-24 00:00:00-04:00,10.949999809265137,11.550000190734863,10.800000190734863,10.949999809265137,6947,0.0,0.0
2024-05-28 00:00:00-04:00,10.5,10.800000190734863,9.899999618530273,10.050000190734863,15700,0.0,0.0
2024-05-29 00:00:00-04:00,10.199999809265137,10.5,9.75,9.899999618530273,13253,0.0,0.0
2024-05-30 00:00:00-04:00,10.050000190734863,10.5,10.050000190734863,10.050000190734863,5987,0.0,0.0
2024-05-31 00:00:00-04:00,10.199999809265137,10.800000190734863,9.899999618530273,10.050000190734863,5187,0.0,0.0
2024-06-03 00:00:00-04:00,10.949999809265137,10.949999809265137,9.75,10.199999809265137,7753,0.0,0.0
2024-06-04 00:00:00-04:00,9.600000381469727,10.350000381469727,9.149999618530273,9.449999809265137,15613,0.0,0.0
2024-06-05 00:00:00-04:00,9.75,10.949999809265137,9.449999809265137,10.649999618530273,21913,0.0,0.0
2024-06-06 00:00:00-04:00,10.649999618530273,11.25,10.350000381469727,10.5,21453,0.0,0.0
2024-06-07 00:00:00-04:00,10.649999618530273,11.25,9.899999618530273,10.050000190734863,17613,0.0,0.0
2024-06-10 00:00:00-04:00,10.5,10.5,9.449999809265137,9.75,11020,0.0,0.0
2024-06-11 00:00:00-04:00,9.449999809265137,10.350000381469727,9.449999809265137,9.899999618530273,12453,0.0,0.0
2024-06-12 00:00:00-04:00,10.5,10.649999618530273,9.75,9.75,14613,0.0,0.0
2024-06-13 00:00:00-04:00,9.75,10.199999809265137,8.699999809265137,9.0,18507,0.0,0.0
2024-06-14 00:00:00-04:00,9.0,9.449999809265137,9.0,9.149999618530273,7200,0.0,0.0
2024-06-17 00:00:00-04:00,9.600000381469727,9.75,7.949999809265137,8.550000190734863,39553,0.0,0.0
2024-06-18 00:00:00-04:00,8.399999618530273,9.0,7.650000095367432,7.800000190734863,27513,0.0,0.0
2024-06-20 00:00:00-04:00,9.0,9.0,8.399999618530273,8.699999809265137,17700,0.0,0.0
2024-06-21 00:00:00-04:00,8.850000381469727,8.850000381469727,8.399999618530273,8.850000381469727,6867,0.0,0.0
2024-06-24 00:00:00-04:00,8.550000190734863,9.0,8.399999618530273,8.550000190734863,6827,0.0,0.0
2024-06-25 00:00:00-04:00,9.0,9.149999618530273,8.25,8.399999618530273,6147,0.0,0.0
2024-06-26 00:00:00-04:00,8.399999618530273,9.0,8.399999618530273,8.399999618530273,9480,0.0,0.0
2024-06-27 00:00:00-04:00,8.399999618530273,9.149999618530273,8.25,9.149999618530273,16427,0.0,0.0
2024-06-28 00:00:00-04:00,9.149999618530273,9.449999809265137,8.100000381469727,8.100000381469727,24613,0.0,0.0
2024-07-01 00:00:00-04:00,8.399999618530273,8.550000190734863,8.100000381469727,8.100000381469727,11547,0.0,0.0
2024-07-02 00:00:00-04:00,8.100000381469727,8.550000190734863,8.100000381469727,8.25,8673,0.0,0.0
2024-07-03 00:00:00-04:00,8.100000381469727,8.399999618530273,8.100000381469727,8.25,2480,0.0,0.0
2024-07-05 00:00:00-04:00,8.25,8.25,7.949999809265137,8.100000381469727,8227,0.0,0.0
2024-07-08 00:00:00-04:00,7.5,8.25,7.5,8.25,22700,0.0,0.0
2024-07-09 00:00:00-04:00,7.949999809265137,8.399999618530273,7.5,7.650000095367432,34127,0.0,0.0
2024-07-10 00:00:00-04:00,7.800000190734863,8.399999618530273,7.5,7.800000190734863,17293,0.0,0.0
2024-07-11 00:00:00-04:00,7.5,8.25,7.5,8.25,26640,0.0,0.0
2024-07-12 00:00:00-04:00,8.399999618530273,8.399999618530273,7.650000095367432,8.25,10160,0.0,0.0
2024-07-15 00:00:00-04:00,8.550000190734863,8.699999809265137,7.949999809265137,7.949999809265137,12900,0.0,0.0
2024-07-16 00:00:00-04:00,7.949999809265137,8.850000381469727,7.949999809265137,8.699999809265137,12867,0.0,0.0
2024-07-17 00:00:00-04:00,8.699999809265137,9.0,8.100000381469727,8.399999618530273,24233,0.0,0.0
2024-07-18 00:00:00-04:00,8.699999809265137,9.0,7.949999809265137,8.100000381469727,7433,0.0,0.0
2024-07-19 00:00:00-04:00,8.699999809265137,9.0,7.800000190734863,8.25,7493,0.0,0.0
2024-07-22 00:00:00-04:00,9.149999618530273,9.149999618530273,8.100000381469727,8.25,22493,0.0,0.0
2024-07-23 00:00:00-04:00,8.399999618530273,8.399999618530273,7.800000190734863,8.399999618530273,14467,0.0,0.0
2024-07-24 00:00:00-04:00,8.100000381469727,9.149999618530273,7.949999809265137,8.399999618530273,27067,0.0,0.0
2024-07-25 00:00:00-04:00,8.550000190734863,21.600000381469727,8.399999618530273,15.75,3976960,0.0,0.0
2024-07-26 00:00:00-04:00,15.600000381469727,19.350000381469727,13.649999618530273,18.0,294413,0.0,0.0
2024-07-29 00:00:00-04:00,17.850000381469727,20.549999237060547,13.5,14.550000190734863,265953,0.0,0.0
2024-07-30 00:00:00-04:00,13.800000190734863,14.25,13.199999809265137,13.5,45040,0.0,0.0
2024-07-31 00:00:00-04:00,13.649999618530273,14.100000381469727,12.75,13.199999809265137,32440,0.0,0.0
2024-08-01 00:00:00-04:00,12.75,13.199999809265137,12.449999809265137,12.75,18560,0.0,0.0
2024-08-02 00:00:00-04:00,12.600000381469727,12.75,11.550000190734863,12.449999809265137,26333,0.0,0.0
2024-08-05 00:00:00-04:00,11.25,18.450000762939453,11.100000381469727,17.25,214233,0.0,0.0
2024-08-06 00:00:00-04:00,16.350000381469727,20.549999237060547,16.200000762939453,17.25,199267,0.0,0.0
2024-08-07 00:00:00-04:00,13.800000190734863,15.149999618530273,12.75,12.899999618530273,66227,0.0,0.0
2024-08-08 00:00:00-04:00,13.350000381469727,14.399999618530273,12.75,12.75,15773,0.0,0.0
2024-08-09 00:00:00-04:00,12.899999618530273,13.5,12.149999618530273,12.449999809265137,12307,0.0,0.0
2024-08-12 00:00:00-04:00,12.449999809265137,13.050000190734863,11.699999809265137,11.699999809265137,19687,0.0,0.0
2024-08-13 00:00:00-04:00,11.850000381469727,12.75,11.699999809265137,12.449999809265137,16060,0.0,0.0
2024-08-14 00:00:00-04:00,12.899999618530273,12.899999618530273,12.300000190734863,12.300000190734863,15727,0.0,0.0
2024-08-15 00:00:00-04:00,11.550000190734863,12.600000381469727,11.550000190734863,12.149999618530273,12820,0.0,0.0
2024-08-16 00:00:00-04:00,12.149999618530273,12.300000190734863,11.850000381469727,12.0,11693,0.0,0.0
2024-08-19 00:00:00-04:00,11.699999809265137,14.25,11.699999809265137,13.350000381469727,30420,0.0,0.0
2024-08-20 00:00:00-04:00,14.25,14.25,13.350000381469727,13.949999809265137,15200,0.0,0.0
2024-08-21 00:00:00-04:00,14.100000381469727,15.899999618530273,13.649999618530273,14.399999618530273,69660,0.0,0.0
2024-08-22 00:00:00-04:00,14.550000190734863,15.149999618530273,12.899999618530273,14.399999618530273,50967,0.0,0.0
2024-08-23 00:00:00-04:00,14.399999618530273,15.600000381469727,14.100000381469727,14.850000381469727,13513,0.0,0.0
2024-08-26 00:00:00-04:00,15.149999618530273,19.350000381469727,14.550000190734863,16.799999237060547,126973,0.0,0.0
2024-08-27 00:00:00-04:00,16.649999618530273,16.950000762939453,15.0,15.600000381469727,24860,0.0,0.0
2024-08-28 00:00:00-04:00,15.449999809265137,15.449999809265137,14.550000190734863,14.550000190734863,25273,0.0,0.0
2024-08-29 00:00:00-04:00,13.5,13.800000190734863,11.550000190734863,12.0,44980,0.0,0.0
2024-08-30 00:00:00-04:00,12.0,12.300000190734863,11.699999809265137,12.149999618530273,12040,0.0,0.0
2024-09-03 00:00:00-04:00,12.449999809265137,15.0,9.75,13.5,200367,0.0,0.0
2024-09-04 00:00:00-04:00,12.75,13.399999618530273,11.359999656677246,11.420000076293945,86500,0.0,0.0
2024-09-05 00:00:00-04:00,11.760000228881836,11.760000228881836,11.130000114440918,11.390000343322754,25700,0.0,0.0
2024-09-06 00:00:00-04:00,11.399999618530273,11.529999732971191,10.470000267028809,10.6899995803833,11100,0.0,0.0
2024-09-09 00:00:00-04:00,10.550000190734863,10.680000305175781,10.029999732971191,10.369999885559082,10300,0.0,0.0
2024-09-10 00:00:00-04:00,10.449999809265137,10.449999809265137,9.010000228881836,9.920000076293945,31200,0.0,0.0
2024-09-11 00:00:00-04:00,9.920000076293945,10.359999656677246,9.800000190734863,10.270000457763672,8400,0.0,0.0
2024-09-12 00:00:00-04:00,10.25,10.579999923706055,9.859999656677246,10.140000343322754,15200,0.0,0.0
2024-09-13 00:00:00-04:00,10.109999656677246,10.489999771118164,9.899999618530273,10.029999732971191,11900,0.0,0.0
2024-09-16 00:00:00-04:00,10.109999656677246,13.970000267028809,9.5,12.479999542236328,189000,0.0,0.0
2024-09-17 00:00:00-04:00,12.5,13.890000343322754,11.699999809265137,13.729999542236328,57100,0.0,0.0
2024-09-18 00:00:00-04:00,13.550000190734863,14.84000015258789,13.239999771118164,14.180000305175781,75500,0.0,0.0
2024-09-19 00:00:00-04:00,14.600000381469727,15.600000381469727,14.079999923706055,14.800000190734863,58700,0.0,0.0
2024-09-20 00:00:00-04:00,14.619999885559082,15.539999961853027,11.649999618530273,12.220000267028809,84100,0.0,0.0
2024-09-23 00:00:00-04:00,12.40999984741211,12.40999984741211,11.869999885559082,11.989999771118164,46200,0.0,0.0
2024-09-24 00:00:00-04:00,12.130000114440918,12.359999656677246,11.710000038146973,11.859999656677246,14400,0.0,0.0
2024-09-25 00:00:00-04:00,11.729999542236328,11.729999542236328,9.529999732971191,9.800000190734863,84600,0.0,0.0
2024-09-26 00:00:00-04:00,10.0,10.199999809265137,9.229999542236328,9.640000343322754,44000,0.0,0.0
2024-09-27 00:00:00-04:00,9.75,9.989999771118164,9.289999961853027,9.34000015258789,44900,0.0,0.0
2024-09-30 00:00:00-04:00,9.5,9.5,8.869999885559082,9.260000228881836,93200,0.0,0.0
2024-10-01 00:00:00-04:00,9.09000015258789,9.350000381469727,8.899999618530273,9.069999694824219,7300,0.0,0.0
2024-10-02 00:00:00-04:00,9.3100004196167,9.329999923706055,8.800000190734863,8.930000305175781,73100,0.0,0.0
2024-10-03 00:00:00-04:00,8.819999694824219,8.930000305175781,7.659999847412109,7.869999885559082,63400,0.0,0.0
2024-10-04 00:00:00-04:00,8.020000457763672,8.020000457763672,7.570000171661377,7.690000057220459,13800,0.0,0.0
2024-10-07 00:00:00-04:00,8.0,10.770000457763672,7.550000190734863,10.170000076293945,269800,0.0,0.0
2024-10-08 00:00:00-04:00,10.079999923706055,10.430000305175781,8.609999656677246,9.229999542236328,53800,0.0,0.0
2024-10-09 00:00:00-04:00,9.149999618530273,10.9399995803833,9.149999618530273,10.869999885559082,87500,0.0,0.0
2024-10-10 00:00:00-04:00,10.6899995803833,10.729999542236328,9.699999809265137,10.170000076293945,47900,0.0,0.0
2024-10-11 00:00:00-04:00,10.4399995803833,18.18000030517578,10.4399995803833,17.18000030517578,457300,0.0,0.0
2024-10-14 00:00:00-04:00,16.920000076293945,18.639999389648438,13.170000076293945,13.359999656677246,177500,0.0,0.0
2024-10-15 00:00:00-04:00,13.5600004196167,13.5600004196167,10.4399995803833,10.699999809265137,139800,0.0,0.0
2024-10-16 00:00:00-04:00,13.760000228881836,13.859999656677246,11.819999694824219,12.0,359200,0.0,0.0
2024-10-17 00:00:00-04:00,12.180000305175781,12.279999732971191,11.390000343322754,11.800000190734863,78700,0.0,0.0
2024-10-18 00:00:00-04:00,11.420000076293945,12.84000015258789,11.420000076293945,12.0,127300,0.0,0.0
2024-10-21 00:00:00-04:00,11.789999961853027,12.270000457763672,11.3100004196167,12.069999694824219,78700,0.0,0.0
2024-10-22 00:00:00-04:00,12.149999618530273,12.489999771118164,11.800000190734863,12.0,103800,0.0,0.0
2024-10-23 00:00:00-04:00,12.0,12.40999984741211,10.869999885559082,11.130000114440918,114000,0.0,0.0
2024-10-24 00:00:00-04:00,10.779999732971191,11.1899995803833,9.529999732971191,10.25,152400,0.0,0.0
2024-10-25 00:00:00-04:00,10.100000381469727,10.800000190734863,9.369999885559082,9.569999694824219,89200,0.0,0.0
