Date,Open,High,Low,Close,Volume,Dividends,Stock Splits
2012-08-22 00:00:00-04:00,10.276808373119609,11.04119873046875,9.979545006385216,11.04119873046875,194200,0.0,0.0
2012-08-23 00:00:00-04:00,10.871336327483878,11.0412007930741,10.608045798335784,10.998734474182129,151800,0.0,0.0
2012-08-24 00:00:00-04:00,10.667498705949713,10.828869741790148,10.319275547597202,10.404208183288574,561400,0.0,0.0
2012-08-27 00:00:00-04:00,10.922294677713987,10.922294677713987,10.37023499159237,10.46366024017334,234300,0.0,0.0
2012-08-28 00:00:00-04:00,10.565579475008743,11.015721321105957,10.344756074822978,11.015721321105957,155100,0.0,0.0
2012-08-29 00:00:00-04:00,10.353248439878222,10.61653896253936,10.208864255167118,10.404208183288574,60300,0.0,0.0
2012-08-30 00:00:00-04:00,10.191876525878907,10.743936180372984,9.979545764923095,10.616538047790527,795100,0.0,0.0
2012-08-31 00:00:00-04:00,10.463659492917214,10.743936028621956,10.353247401582381,10.659004211425781,62900,0.0,0.0
2012-09-04 00:00:00-04:00,10.701470676163881,10.701470676163881,10.404207286834717,10.616538047790527,136900,0.0,0.0
2012-09-05 00:00:00-04:00,10.667499727849128,11.066681047896514,10.514621292950636,10.811883926391602,217400,0.0,0.0
2012-09-06 00:00:00-04:00,10.786404291641036,10.981749045454357,10.743937970379207,10.879830360412598,164500,0.0,0.0
2012-09-07 00:00:00-04:00,10.913800533634795,10.913800533634795,10.82886791229248,10.82886791229248,89900,0.0,0.0
2012-09-10 00:00:00-04:00,10.862843674683672,10.956268934911796,10.811883926391602,10.811883926391602,129800,0.0,0.0
2012-09-11 00:00:00-04:00,10.922294611281622,10.947774887084961,10.811882512733332,10.947774887084961,128000,0.0,0.0
2012-09-12 00:00:00-04:00,11.041199447384383,11.465860964591474,10.828868688780837,11.312982559204102,136700,0.0,0.0
2012-09-13 00:00:00-04:00,11.262022332317917,11.763122994446345,11.109143944556031,11.627230644226074,355800,0.0,0.0
2012-09-14 00:00:00-04:00,11.669699474212342,11.669699474212342,11.508328437805176,11.508328437805176,131300,0.0,0.0
2012-09-17 00:00:00-04:00,11.508327125026803,11.788603657852239,11.143117965900151,11.36394214630127,337800,0.0,0.0
2012-09-18 00:00:00-04:00,11.397915643555823,11.890522958465471,11.11763909576163,11.88202953338623,114800,0.0,0.0
2012-09-19 00:00:00-04:00,11.856550311858683,12.468063160515658,11.856550311858683,12.27271842956543,248500,0.0,0.0
2012-09-20 00:00:00-04:00,12.136826568669472,12.34066390991211,12.136826568669472,12.34066390991211,194800,0.0,0.0
2012-09-21 00:00:00-04:00,12.739846536517215,13.334372546225826,12.357651302417224,12.654913902282715,565600,0.0,0.0
2012-09-24 00:00:00-04:00,14.429998504189655,14.429998504189655,11.99244143452782,12.391623497009277,174400,0.0,0.0
2012-09-25 00:00:00-04:00,12.400116416010556,12.620939785627966,12.179292236415597,12.2642240524292,56900,0.0,0.0
2012-09-26 00:00:00-04:00,11.966962451492723,13.01162946198895,11.966962451492723,12.502036094665527,24500,0.0,0.0
2012-09-27 00:00:00-04:00,12.145320088959853,12.485048993695088,12.094360348260766,12.111347198486328,110700,0.0,0.0
2012-09-28 00:00:00-04:00,12.017921636933105,12.357651365631321,11.975456129576257,12.213266372680664,44800,0.0,0.0
2012-10-01 00:00:00-04:00,12.374637909920919,12.485050015490566,12.102854763889585,12.306692123413086,213400,0.0,0.0
2012-10-02 00:00:00-04:00,12.281211599018462,12.459569475746063,11.84805663982606,11.899016380310059,40000,0.0,0.0
2012-10-03 00:00:00-04:00,11.882028725488352,11.94148188702303,11.53380642069219,11.865042686462402,102700,0.0,0.0
2012-10-04 00:00:00-04:00,11.882028431038986,11.9499742054141,11.865042392433969,11.932988166809082,95800,0.0,0.0
2012-10-05 00:00:00-04:00,12.017919165838261,12.017919165838261,11.695177164403935,11.873534202575684,14300,0.0,0.0
2012-10-08 00:00:00-04:00,11.865042752945376,12.128332434154444,11.814083015626903,12.060386657714844,99500,0.0,0.0
2012-10-09 00:00:00-04:00,12.009429319264704,12.204773249878876,11.94148353383563,12.153814315795898,31300,0.0,0.0
2012-10-10 00:00:00-04:00,12.119841423081361,12.29819850234944,12.026415360633145,12.153814315795898,136000,0.0,0.0
2012-10-11 00:00:00-04:00,12.272717169821055,12.824777604989633,12.145319044000823,12.807790756225586,329100,0.0,0.0
2012-10-12 00:00:00-04:00,12.731352506269344,12.850258026553268,12.485048850663608,12.799298286437988,124600,0.0,0.0
2012-10-15 00:00:00-04:00,12.960669968954713,12.960669968954713,12.731352356107072,12.841764450073242,329000,0.0,0.0
2012-10-16 00:00:00-04:00,12.85875094245551,12.85875094245551,12.629433335982453,12.688885688781738,81400,0.0,0.0
2012-10-17 00:00:00-04:00,12.663405490163886,12.824777309797868,12.366142933433014,12.434088706970215,48800,0.0,0.0
2012-10-18 00:00:00-04:00,12.434091230730473,12.527516485812365,12.145321229596675,12.289706230163574,45900,0.0,0.0
2012-10-19 00:00:00-04:00,12.952176118166925,12.952176118166925,12.009427852961121,12.493541717529297,22900,0.0,0.0
2012-10-22 00:00:00-04:00,11.465862124218274,12.55299549142449,11.465862124218274,12.374637603759766,41300,0.0,0.0
2012-10-23 00:00:00-04:00,12.204772947218242,12.586968183273306,12.11134769706449,12.213266372680664,64900,0.0,0.0
2012-10-24 00:00:00-04:00,12.366144334114418,12.637927459047393,12.221759346499374,12.315184593200684,58800,0.0,0.0
2012-10-25 00:00:00-04:00,12.44258206857336,12.44258206857336,12.060386866974744,12.238744735717773,27200,0.0,0.0
2012-10-26 00:00:00-04:00,12.264224496481514,12.28121134628581,12.060387158695441,12.187786102294922,79400,0.0,0.0
2012-10-31 00:00:00-04:00,12.340664514706475,12.586968183273306,12.11134769706449,12.213266372680664,40100,0.0,0.0
2012-11-01 00:00:00-04:00,12.111347550802732,12.485049356882392,12.111347550802732,12.230252265930176,36900,0.0,0.0
2012-11-02 00:00:00-04:00,12.485049700146279,12.646421546509744,12.272718920177882,12.400117874145508,98600,0.0,0.0
2012-11-05 00:00:00-05:00,12.374637052962353,12.4001173286215,12.034908143949822,12.068881034851074,40500,0.0,0.0
2012-11-06 00:00:00-05:00,12.221758484242056,12.756832081187074,11.899015641165178,12.060386657714844,182900,0.0,0.0
2012-11-07 00:00:00-05:00,12.145319283253118,12.145319283253118,11.635725149978564,12.060386657714844,60800,0.0,0.0
2012-11-08 00:00:00-05:00,11.941482951834264,12.247238971363224,11.423395350715952,11.61874008178711,73000,0.0,0.0
2012-11-09 00:00:00-05:00,11.508328592736452,12.128334089883772,11.287504384172616,11.465862274169922,92600,0.0,0.0
2012-11-12 00:00:00-05:00,11.601751182924916,11.78010903198796,10.191875237939659,11.627230644226074,71900,0.0,0.0
2012-11-13 00:00:00-05:00,11.61873972906851,11.686685509123377,10.208863577963635,11.47435474395752,58600,0.0,0.0
2012-11-14 00:00:00-05:00,11.533808556656066,11.848058031619132,11.406410405446985,11.559288024902344,49200,0.0,0.0
2012-11-15 00:00:00-05:00,11.550793741573242,12.051893657984248,11.211064037422515,11.29599666595459,77800,0.0,0.0
2012-11-16 00:00:00-05:00,11.262024763322955,11.720659215631338,11.219558445335993,11.51682186126709,101500,0.0,0.0
2012-11-19 00:00:00-05:00,11.338463240906474,12.40011707207833,11.338463240906474,12.357650756835938,338400,0.0,0.0
2012-11-20 00:00:00-05:00,12.238745881947734,12.663407436824354,11.899016962037495,12.41710376739502,218000,0.0,0.0
2012-11-21 00:00:00-05:00,12.400115322537669,12.782310485839844,12.400115322537669,12.782310485839844,352600,0.0,0.0
2012-11-23 00:00:00-05:00,12.603953869507368,12.901216443424394,12.586967020152223,12.705872535705566,8500,0.0,0.0
2012-11-26 00:00:00-05:00,13.274919455601447,13.274919455601447,12.44258243996422,13.062588691711426,124100,0.0,0.0
2012-11-27 00:00:00-05:00,13.30039942857753,13.30039942857753,12.943683666816801,13.173001289367676,162400,0.0,0.0
2012-11-28 00:00:00-05:00,13.079575577158105,13.317386631271988,13.037110069617002,13.300399780273438,348200,0.0,0.0
2012-11-29 00:00:00-05:00,13.470264736308145,13.495745013744083,12.680394765280404,13.419305801391602,101400,0.0,0.0
2012-11-30 00:00:00-05:00,13.2494408452048,13.427798730774091,12.97765689911306,13.308893203735352,140100,0.0,0.0
2012-12-03 00:00:00-05:00,13.427797529720884,13.742046955239097,13.17300045741549,13.58067512512207,381100,0.0,0.0
2012-12-04 00:00:00-05:00,13.589169101588551,14.396026664977448,12.909710484513605,13.223959922790527,75800,0.0,0.0
2012-12-05 00:00:00-05:00,13.34286764461595,13.34286764461595,12.731354707395953,12.74834156036377,126200,0.0,0.0
2012-12-06 00:00:00-05:00,12.909710173057146,13.130534360025035,12.612447592118137,12.629433631896973,207000,0.0,0.0
2012-12-07 00:00:00-05:00,12.612446711367213,13.172999754543087,12.603953287082119,12.833270072937012,231500,0.0,0.0
2012-12-10 00:00:00-05:00,12.82477880940906,12.82477880940906,12.459569626459288,12.544502258300781,139700,0.0,0.0
2012-12-11 00:00:00-05:00,12.680393873008143,12.892724643500697,12.603954666034406,12.739846229553223,75400,0.0,0.0
2012-12-12 00:00:00-05:00,12.782312095621297,12.901216804525188,12.697379466423449,12.841764450073242,126300,0.0,0.0
2012-12-13 00:00:00-05:00,13.037109769856658,13.674102088058559,12.89272477959935,13.385332107543945,2462700,0.0,0.0
2012-12-14 00:00:00-05:00,13.376838529913192,13.742047714049688,13.249440391714586,13.4277982711792,195500,0.0,0.0
2012-12-17 00:00:00-05:00,13.563688723987331,13.996842844382405,13.266425345893762,13.444783210754395,382300,0.0,0.0
2012-12-18 00:00:00-05:00,13.555197330625239,14.132736514351315,13.376839439038946,14.056297302246094,220600,0.0,0.0
2012-12-19 00:00:00-05:00,13.979856780008948,14.107256534881843,13.733553935162046,13.971364974975586,196100,0.0,0.0
2012-12-20 00:00:00-05:00,13.92889978612224,14.642331384773257,13.750542696437188,14.149724006652832,408200,0.0,0.0
2012-12-21 00:00:00-05:00,14.14972270490398,14.234655338826006,13.852459296154517,14.01383113861084,227900,0.0,0.0
2012-12-24 00:00:00-05:00,14.914113899512108,14.914113899512108,13.682596317271502,14.277121543884277,51700,0.0,0.0
2012-12-26 00:00:00-05:00,14.226161648184304,14.413012143364636,14.226161648184304,14.328081130981445,119100,0.0,0.0
2012-12-27 00:00:00-05:00,14.234654836784552,14.81219478313879,14.183695906210707,14.548903465270996,248700,0.0,0.0
2012-12-28 00:00:00-05:00,14.455479924345962,14.51493228368948,14.285614651974223,14.396027565002441,124600,0.0,0.0
2012-12-31 00:00:00-05:00,14.396028840929699,14.396028840929699,14.08177854517641,14.294109344482422,171900,0.0,0.0
2013-01-02 00:00:00-05:00,14.905620473709098,14.905620473709098,14.098764461887045,14.277121543884277,152900,0.0,0.0
2013-01-03 00:00:00-05:00,14.26862650876611,14.353559137261591,14.056295747504976,14.217667579650879,54200,0.0,0.0
2013-01-04 00:00:00-05:00,14.328079519146236,14.328079519146236,14.022322725106102,14.243146896362305,131300,0.0,0.0
2013-01-07 00:00:00-05:00,14.268628428020339,14.268628428020339,14.013832128216727,14.200682640075684,60900,0.0,0.0
2013-01-08 00:00:00-05:00,14.141229660678048,14.421506226206612,14.141229660678048,14.379040718078613,35700,0.0,0.0
2013-01-09 00:00:00-05:00,14.362054172561322,14.46397366217543,13.937392602420644,14.311095237731934,78500,0.0,0.0
2013-01-10 00:00:00-05:00,14.353559494018555,14.429998699568868,14.20068108291793,14.353559494018555,59800,0.0,0.0
2013-01-11 00:00:00-05:00,14.379038151475003,14.379038151475003,14.141227136522799,14.285612106323242,48000,0.0,0.0
2013-01-14 00:00:00-05:00,14.319588672899332,14.413013116821789,14.081777610281023,14.277121543884277,87200,0.0,0.0
2013-01-15 00:00:00-05:00,14.243146899618003,14.319586098145509,14.073281654011314,14.209173202514648,312400,0.0,0.0
2013-01-16 00:00:00-05:00,14.243147196639425,14.243147196639425,13.97136409396509,14.132734298706055,188400,0.0,0.0
2013-01-17 00:00:00-05:00,14.438491765757075,14.438491765757075,14.115749721420418,14.217667579650879,108800,0.0,0.0
2013-01-18 00:00:00-05:00,14.362051375391912,14.659314740586103,14.20067955657992,14.531916618347168,310900,0.0,0.0
2013-01-22 00:00:00-05:00,14.667812063348077,15.423709193506475,14.362055192742233,14.922608375549316,344100,0.0,0.0
2013-01-23 00:00:00-05:00,15.21986956586129,15.21986956586129,14.744249097540527,14.999045372009277,281900,0.0,0.0
2013-01-24 00:00:00-05:00,14.939593015963583,15.066991153197957,14.863153809631916,14.999045372009277,224100,0.0,0.0
2013-01-25 00:00:00-05:00,15.007541357306664,15.28781795501709,15.007541357306664,15.28781795501709,365200,0.0,0.0
2013-01-28 00:00:00-05:00,15.491652440444101,15.491652440444101,15.168910389998574,15.253841400146484,184000,0.0,0.0
2013-01-29 00:00:00-05:00,15.338776894612947,15.338776894612947,14.735758186188125,15.28781795501709,512000,0.0,0.0
2013-01-30 00:00:00-05:00,15.296309170421642,15.364254953379243,15.245350238192252,15.355761528015137,578400,0.0,0.0
2013-01-31 00:00:00-05:00,15.287815495595362,15.703983611914165,14.914112885448903,15.619050979614258,206400,0.0,0.0
2013-02-01 00:00:00-05:00,15.627542341642828,15.627542341642828,15.143428507389364,15.24534797668457,154100,0.0,0.0
2013-02-04 00:00:00-05:00,15.228361723051727,15.287814074147265,14.9990441231503,15.06698989868164,102500,0.0,0.0
2013-02-05 00:00:00-05:00,15.04151186307113,15.279322922787054,15.04151186307113,15.236857414245605,47700,0.0,0.0
2013-02-06 00:00:00-05:00,15.253835961040782,15.296303070927292,15.041505271472031,15.228357315063477,30900,0.0,0.0
2013-02-07 00:00:00-05:00,15.245349228469657,15.245349228469657,15.083977397150038,15.177403450012207,57600,0.0,0.0
2013-02-08 00:00:00-05:00,15.245351802476554,15.279323887463514,15.083979943911103,15.21137809753418,87000,0.0,0.0
2013-02-11 00:00:00-05:00,15.432201658508173,15.440695084379815,15.075485871675937,15.160418510437012,144700,0.0,0.0
2013-02-12 00:00:00-05:00,15.36425622379844,15.36425622379844,15.202884368447618,15.262336730957031,95300,0.0,0.0
2013-02-13 00:00:00-05:00,15.245350193957169,15.296309126038699,15.033019420336347,15.143430709838867,84700,0.0,0.0
2013-02-14 00:00:00-05:00,15.058499325913436,15.287816969241348,15.058499325913436,15.092473030090332,53200,0.0,0.0
2013-02-15 00:00:00-05:00,15.075483973679871,15.219868955409096,14.744248506164945,15.168910026550293,125600,0.0,0.0
2013-02-19 00:00:00-05:00,15.474664552870486,15.474664552870486,15.007537548556693,15.058496475219727,255200,0.0,0.0
2013-02-20 00:00:00-05:00,15.083977108016759,15.330279942720644,15.00753790622294,15.202881813049316,196500,0.0,0.0
2013-02-21 00:00:00-05:00,15.160418510437012,15.313296936215876,15.007540084658146,15.160418510437012,586900,0.0,0.0
2013-02-22 00:00:00-05:00,15.287816348486405,15.321790051283815,15.177405054305453,15.236857414245605,360500,0.0,0.0
2013-02-25 00:00:00-05:00,15.321791024235356,15.372749961712108,15.083979949418152,15.194391250610352,340300,0.0,0.0
2013-02-26 00:00:00-05:00,15.194388023346487,15.219868296650601,15.024524394517606,15.083976745605469,281900,0.0,0.0
2013-02-27 00:00:00-05:00,15.126444387334102,15.15192466424219,14.523425746773716,14.608358383178711,630600,0.0,0.0
2013-02-28 00:00:00-05:00,15.04151279883874,15.134938867388554,14.812196770511195,14.973567008972168,255500,0.0,0.0
2013-03-01 00:00:00-05:00,15.075482659462804,15.109456355710416,14.990550038798775,15.024523735046387,158200,0.0,0.0
2013-03-04 00:00:00-05:00,15.092473043038312,15.100966469089824,14.973566698272545,15.050005912780762,155300,0.0,0.0
2013-03-05 00:00:00-05:00,15.075483913918177,15.117949417806315,14.78671395160446,14.965072631835938,170900,0.0,0.0
2013-03-06 00:00:00-05:00,15.016034159464011,15.22836495556513,14.93110151703248,15.194391250610352,135100,0.0,0.0
2013-03-07 00:00:00-05:00,15.245349232513416,15.27932131177358,15.075483976347167,15.151923179626465,111700,0.0,0.0
2013-03-08 00:00:00-05:00,15.236852929593871,15.236852929593871,14.931096174231604,15.11794662475586,170400,0.0,0.0
2013-03-11 00:00:00-04:00,15.168912591849683,15.270830466803188,15.117952034417517,15.194391250610352,241600,0.0,0.0
2013-03-12 00:00:00-04:00,15.16041884517143,15.3727496367846,15.100966482712604,15.304803848266602,246600,0.0,0.0
2013-03-13 00:00:00-04:00,15.423706809641297,16.307003579334726,15.33877417871613,15.916314125061035,473500,0.0,0.0
2013-03-14 00:00:00-04:00,16.137137186204075,16.977966771511678,16.086178259203486,16.39193344116211,655600,0.0,0.0
2013-03-15 00:00:00-04:00,16.553306975576717,16.90152931594891,16.44289568568405,16.88454246520996,551500,0.0,0.0
2013-03-18 00:00:00-04:00,16.859062616848664,17.377148568107547,16.69769078615075,17.173311233520508,346800,0.0,0.0
2013-03-19 00:00:00-04:00,17.300711393664958,17.6744123725888,17.300711393664958,17.53852081298828,215800,0.0,0.0
2013-03-20 00:00:00-04:00,17.73386353567888,18.464281834412912,17.58098675636821,17.801809310913086,267700,0.0,0.0
2013-03-21 00:00:00-04:00,18.642642895130535,18.642642895130535,17.750852658487403,18.209487915039062,523600,0.0,0.0
2013-03-22 00:00:00-04:00,18.27743534348436,18.95689324400387,18.200996127181487,18.710590362548828,327100,0.0,0.0
2013-03-25 00:00:00-04:00,19.01634284430225,19.01634284430225,17.878249811356046,18.00564956665039,342600,0.0,0.0
2013-03-26 00:00:00-04:00,17.93770631683243,18.090583128831693,17.028929151319144,17.827293395996094,219800,0.0,0.0
2013-03-27 00:00:00-04:00,17.716881108531858,17.827292403264412,17.3176981984446,17.631948471069336,167100,0.0,0.0
2013-03-28 00:00:00-04:00,17.614962595058667,17.9886652486153,17.58948231642228,17.844280242919922,116900,0.0,0.0
2013-04-01 00:00:00-04:00,17.92071562502392,18.243457652262293,17.716878299406776,17.8697566986084,141100,0.0,0.0
2013-04-02 00:00:00-04:00,17.96318155760441,18.379349643208936,17.912222629967456,18.184005737304688,204000,0.0,0.0
2013-04-03 00:00:00-04:00,18.25194942423602,18.25194942423602,17.614957231868733,17.759342193603516,141100,0.0,0.0
2013-04-04 00:00:00-04:00,17.835779823440475,18.090576030079145,17.122348500906476,17.164813995361328,340300,0.0,0.0
2013-04-05 00:00:00-04:00,17.045915362954617,17.869759855305663,16.723173278703776,17.521535873413086,286500,0.0,0.0
2013-04-08 00:00:00-04:00,18.05660980267671,18.22647345542867,17.767839811047555,18.124555587768555,321800,0.0,0.0
2013-04-09 00:00:00-04:00,18.24345779119586,18.50674908958378,17.844276561316697,18.268938064575195,161700,0.0,0.0
2013-04-10 00:00:00-04:00,18.243459200574257,19.16072805367701,17.954689226453468,18.804012298583984,148800,0.0,0.0
2013-04-11 00:00:00-04:00,19.262645124211673,19.262645124211673,18.345376385913735,18.455787658691406,268700,0.0,0.0
2013-04-12 00:00:00-04:00,18.540722890228494,19.169221779055114,18.43031160190236,18.77004051208496,170400,0.0,0.0
2013-04-15 00:00:00-04:00,18.94839625648837,19.186207286952406,18.44729554155154,18.63414764404297,259000,0.0,0.0
2013-04-16 00:00:00-04:00,18.396337502742373,18.668120625006072,18.014141474587053,18.43031120300293,260900,0.0,0.0
2013-04-17 00:00:00-04:00,18.260444347686757,18.617160069509538,17.886741777216454,18.319896697998047,120800,0.0,0.0
2013-04-18 00:00:00-04:00,18.40482974810204,18.88045018157738,18.353870820932737,18.68510627746582,111300,0.0,0.0
2013-04-19 00:00:00-04:00,18.625654342377892,19.08428793707008,18.56620198935808,19.04182243347168,149700,0.0,0.0
2013-04-22 00:00:00-04:00,19.058811861590694,19.407034222069193,18.727574732876622,19.356075286865234,99300,0.0,0.0
2013-04-23 00:00:00-04:00,19.449498612435384,20.375260918481796,19.449498612435384,20.010051727294922,232200,0.0,0.0
2013-04-24 00:00:00-04:00,20.086491316417778,20.698004995095896,19.916627665639076,20.38375473022461,262500,0.0,0.0
2013-04-25 00:00:00-04:00,20.519639624829225,21.462388492859297,20.426213594316764,21.10567283630371,240400,0.0,0.0
2013-04-26 00:00:00-04:00,21.1736246411911,21.31800962957293,21.020746227615607,21.03773307800293,198600,0.0,0.0
2013-04-29 00:00:00-04:00,21.09718484152198,21.275541905710984,20.867867227603114,21.13115692138672,230100,0.0,0.0
2013-04-30 00:00:00-04:00,21.16512900541521,21.216087931299587,20.341286287138413,21.063209533691406,286900,0.0,0.0
2013-05-01 00:00:00-04:00,21.063210293455946,21.063210293455946,19.814706034546482,20.468685150146484,264900,0.0,0.0
2013-05-02 00:00:00-04:00,21.080194366933103,21.768145470443315,20.84238498890507,21.581295013427734,331900,0.0,0.0
2013-05-03 00:00:00-04:00,21.85308194196823,22.61747237187077,21.428420412027357,21.615272521972656,191100,0.0,0.0
2013-05-06 00:00:00-04:00,21.751162018839096,22.45610002687871,21.572803350804726,22.065410614013672,181200,0.0,0.0
2013-05-07 00:00:00-04:00,22.294731666831886,22.50706244461124,21.470888832231903,21.73417854309082,154300,0.0,0.0
2013-05-08 00:00:00-04:00,21.88705341420042,21.946505763148043,21.58129662537834,21.683216094970703,150300,0.0,0.0
2013-05-09 00:00:00-04:00,21.78513678058564,21.87856283821121,21.114172386603073,21.428421020507812,99300,0.0,0.0
2013-05-10 00:00:00-04:00,21.479379212584078,22.02294540825159,21.25855504060539,21.980478286743164,203900,0.0,0.0
2013-05-13 00:00:00-04:00,22.073903001133786,22.08239642492258,21.657734955212533,21.844585418701172,153200,0.0,0.0
2013-05-14 00:00:00-04:00,22.0908900128586,22.439112291011924,21.819106929417465,22.294727325439453,135900,0.0,0.0
2013-05-15 00:00:00-04:00,22.1928126503382,22.57500870641077,22.15034714186583,22.47308921813965,120400,0.0,0.0
2013-05-16 00:00:00-04:00,22.48158225006441,23.11008116018824,22.05692069295734,22.15884017944336,196700,0.0,0.0
2013-05-17 00:00:00-04:00,22.116375597739673,22.46459795955131,21.55582082852874,21.929523468017578,444200,0.0,0.0
2013-05-20 00:00:00-04:00,21.955001125706268,22.46459527875065,21.53033960149514,21.640750885009766,145800,0.0,0.0
2013-05-21 00:00:00-04:00,21.87006940755532,21.87006940755532,20.859374484259476,21.453901290893555,258000,0.0,0.0
2013-05-22 00:00:00-04:00,21.589794467976176,21.861577615904366,20.698005811342387,21.513355255126953,349200,0.0,0.0
2013-05-23 00:00:00-04:00,21.547325433861655,21.68321698559647,21.334994681781627,21.445405960083008,217500,0.0,0.0
2013-05-24 00:00:00-04:00,21.50485742817282,21.751161868047276,21.445405079225193,21.683216094970703,367400,0.0,0.0
2013-05-28 00:00:00-04:00,22.107879638671875,22.804324282494807,21.470887349328194,22.107879638671875,424000,0.0,0.0
2013-05-29 00:00:00-04:00,22.15883979385249,22.192811875453152,21.65773903558949,21.785137176513672,247900,0.0,0.0
2013-05-30 00:00:00-04:00,21.785137866214217,22.158840495384172,21.785137866214217,22.04842758178711,82400,0.0,0.0
2013-05-31 00:00:00-04:00,22.005957816496117,22.422125873494238,21.691709227721308,21.74266815185547,368500,0.0,0.0
2013-06-03 00:00:00-04:00,21.81910823578792,21.95499978564469,21.43691223934384,21.530338287353516,168700,0.0,0.0
2013-06-04 00:00:00-04:00,21.233077310141624,21.250064160778994,20.24786265254747,20.935813903808594,570400,0.0,0.0
2013-06-05 00:00:00-04:00,21.31801260294166,21.657741558296397,21.088694950593922,21.623767852783203,3048000,0.0,0.0
2013-06-06 00:00:00-04:00,21.691713258003073,23.101589507322263,21.445408775674217,23.03364372253418,773500,0.0,0.0
2013-06-07 00:00:00-04:00,23.33939676048677,24.528448693009075,23.296931256450495,24.443517684936523,609100,0.0,0.0
2013-06-10 00:00:00-04:00,24.74927519473079,25.038045185084236,24.358587337167478,24.800235748291016,328100,0.0,0.0
2013-06-11 00:00:00-04:00,24.477490477010942,25.224895681474514,24.13776157496168,24.689821243286133,390200,0.0,0.0
2013-06-12 00:00:00-04:00,24.74077946259218,24.84269894025554,24.205706659736165,24.384063720703125,242300,0.0,0.0
2013-06-13 00:00:00-04:00,24.214198335415034,25.12297366411742,24.03583966737675,24.817216873168945,243400,0.0,0.0
2013-06-14 00:00:00-04:00,25.05503211860661,25.590104973105,24.70680976791054,25.199417114257812,224900,0.0,0.0
2013-06-17 00:00:00-04:00,25.420236136803272,25.590099754724115,24.97858781429014,25.0295467376709,394500,0.0,0.0
2013-06-18 00:00:00-04:00,25.122977679059936,25.71750450759312,25.114484253514572,25.69202423095703,213700,0.0,0.0
2013-06-19 00:00:00-04:00,25.74297996699577,25.75996681597673,24.12077314828093,24.63886070251465,516100,0.0,0.0
2013-06-20 00:00:00-04:00,24.528448149116944,24.6218741998713,23.144052336797035,23.619672775268555,372200,0.0,0.0
2013-06-21 00:00:00-04:00,23.611182083255237,23.62816893444108,22.46459716745075,23.03364372253418,492300,0.0,0.0
2013-06-24 00:00:00-04:00,22.71939345962421,23.178028721995165,22.1673337556244,23.01665687561035,344300,0.0,0.0
2013-06-25 00:00:00-04:00,23.415836434327524,24.103787657263524,23.25446459982717,23.882965087890625,228700,0.0,0.0
2013-06-26 00:00:00-04:00,24.18022550481502,25.08050906153318,24.069814226325857,24.596393585205078,229900,0.0,0.0
2013-06-27 00:00:00-04:00,24.953109737687377,25.41174494832412,24.468995873096446,24.97859001159668,232500,0.0,0.0
2013-06-28 00:00:00-04:00,25.165440066545578,25.190920340022345,24.316117056780953,24.596393585205078,2708500,0.0,0.0
2013-07-01 00:00:00-04:00,24.749275819841838,25.165443964696735,24.31612082337115,24.613384246826172,281100,0.0,0.0
2013-07-02 00:00:00-04:00,24.638862014345488,24.9106451326909,23.93392394365389,24.757766723632812,230200,0.0,0.0
2013-07-03 00:00:00-04:00,24.681327918662003,25.607090192984913,24.197214028777676,25.122976303100586,148000,0.0,0.0
2013-07-05 00:00:00-04:00,25.471198018754624,25.52215694805444,24.919138361466995,25.301334381103516,164800,0.0,0.0
2013-07-08 00:00:00-04:00,25.386264209932392,25.75996678732242,25.080509028390622,25.52215576171875,123600,0.0,0.0
2013-07-09 00:00:00-04:00,25.692019384082887,25.71749965591205,25.08900086372082,25.46270179748535,132800,0.0,0.0
2013-07-10 00:00:00-04:00,25.488186580808367,25.980793917013823,25.26736237906727,25.742982864379883,147500,0.0,0.0
2013-07-11 00:00:00-04:00,25.997780360175728,26.227096363811555,25.403253547892653,25.437227249145508,171200,0.0,0.0
2013-07-12 00:00:00-04:00,25.352293201579545,25.675035245699902,24.808725351545835,24.84269905090332,178500,0.0,0.0
2013-07-15 00:00:00-04:00,24.842702440497956,25.182431380650442,24.04433821617308,24.078311920166016,329200,0.0,0.0
2013-07-16 00:00:00-04:00,24.171732239504905,24.358584339654882,23.016654040187742,24.14625358581543,481400,0.0,0.0
2013-07-17 00:00:00-04:00,24.07831001095452,24.613382846773405,23.79803345505792,24.086803436279297,342300,0.0,0.0
2013-07-18 00:00:00-04:00,24.137761474785176,24.358585665189533,23.882965204294482,24.248172760009766,195200,0.0,0.0
2013-07-19 00:00:00-04:00,24.23118792415046,24.63886261154992,23.942417948920372,24.630369186401367,167100,0.0,0.0
2013-07-22 00:00:00-04:00,24.48598458674689,25.165442409844786,24.48598458674689,25.004072189331055,385900,0.0,0.0
2013-07-23 00:00:00-04:00,25.05503081588288,25.224896079565866,24.936126103277918,25.089004516601562,279000,0.0,0.0
2013-07-24 00:00:00-04:00,25.131469538236658,25.887366545153125,25.105989263188675,25.590103149414062,257200,0.0,0.0
2013-07-25 00:00:00-04:00,25.556134737831947,25.556134737831947,24.214204171822185,24.341602325439453,222300,0.0,0.0
2013-07-26 00:00:00-04:00,24.154749109292794,25.021057429069835,23.993377268764963,24.961605072021484,204600,0.0,0.0
2013-07-29 00:00:00-04:00,25.04653295030759,25.29283737698611,24.163237947635313,24.282142639160156,187100,0.0,0.0
2013-07-30 00:00:00-04:00,24.384063826605967,25.22489506610389,24.273652543616674,24.85968589782715,214000,0.0,0.0
2013-07-31 00:00:00-04:00,24.29913198777265,24.477489043419347,23.152545593048586,24.14625358581543,816100,0.0,0.0
2013-08-01 00:00:00-04:00,24.214199836804518,24.24817191570798,23.373370229516013,23.594194412231445,366300,0.0,0.0
2013-08-02 00:00:00-04:00,23.636659329588486,23.942416131911564,23.35638280077736,23.67912483215332,134600,0.0,0.0
2013-08-05 00:00:00-04:00,23.619674070711376,24.07830930507237,23.33090409795561,23.815019607543945,236400,0.0,0.0
2013-08-06 00:00:00-04:00,23.721592732994537,23.738579582559854,22.753364987143378,23.050626754760742,247500,0.0,0.0
2013-08-07 00:00:00-04:00,22.95720576129297,23.025151549778094,22.583503114647083,22.69391441345215,375300,0.0,0.0
2013-08-08 00:00:00-04:00,22.838296978797782,23.46679586019028,22.668433335693305,23.313919067382812,121200,0.0,0.0
2013-08-09 00:00:00-04:00,23.364879225208167,23.364879225208167,22.872271880414527,23.01665687561035,148200,0.0,0.0
2013-08-12 00:00:00-04:00,23.008162844905186,23.212000193946295,22.855284428135544,23.15254783630371,80400,0.0,0.0
2013-08-13 00:00:00-04:00,23.101588602915086,23.245973592431625,22.846790704968424,23.22049331665039,131600,0.0,0.0
2013-08-14 00:00:00-04:00,23.220492609692656,23.43282337487276,22.880763709395524,22.940216064453125,205000,0.0,0.0
2013-08-15 00:00:00-04:00,22.591996481381358,22.872273060640993,21.9125369783588,22.286239624023438,262000,0.0,0.0
2013-08-16 00:00:00-04:00,22.328702802369083,22.328702802369083,21.751162893999485,21.861574172973633,925400,0.0,0.0
2013-08-19 00:00:00-04:00,21.810616850111177,22.082399975228853,21.538833724993502,21.92102813720703,354400,0.0,0.0
2013-08-20 00:00:00-04:00,22.014451397215918,22.362673684528904,21.861573003770214,22.13335609436035,184600,0.0,0.0
2013-08-21 00:00:00-04:00,22.116373370001714,22.388156491360935,21.598285782438705,22.00596046447754,199600,0.0,0.0
2013-08-22 00:00:00-04:00,22.048423764188414,22.40513948027868,21.997464839019813,22.0823974609375,150400,0.0,0.0
2013-08-23 00:00:00-04:00,22.08239936391427,22.498567465224188,21.97198807987497,22.107879638671875,322800,0.0,0.0
2013-08-26 00:00:00-04:00,22.175824237738777,22.507059692181482,22.09938503748968,22.337194442749023,95300,0.0,0.0
2013-08-27 00:00:00-04:00,22.167333604980136,22.252266240392604,22.014455185228744,22.15884017944336,159600,0.0,0.0
2013-08-28 00:00:00-04:00,22.10788163339346,22.651447917625283,22.082401356336852,22.47308921813965,129100,0.0,0.0
2013-08-29 00:00:00-04:00,22.40514252061504,22.829804067874242,22.133359389561992,22.710899353027344,141200,0.0,0.0
2013-08-30 00:00:00-04:00,22.65144760459841,22.77035232264212,22.4391168252602,22.56651496887207,245400,0.0,0.0
2013-09-03 00:00:00-04:00,22.727883267733528,23.033640060648363,22.388154397803174,22.50705909729004,183200,0.0,0.0
2013-09-04 00:00:00-04:00,22.515556580886514,22.617474450262986,21.86157737589208,21.997468948364258,220400,0.0,0.0
2013-09-05 00:00:00-04:00,21.963497106355106,22.065414976850505,21.462396319879254,21.513355255126953,231900,0.0,0.0
2013-09-06 00:00:00-04:00,21.572805909116397,21.93801509272798,20.995265955493913,21.0207462310791,194400,0.0,0.0
2013-09-09 00:00:00-04:00,21.0207462310791,21.37746198949562,20.927320173888635,21.0207462310791,238500,0.0,0.0
2013-09-10 00:00:00-04:00,21.037731427939935,21.955000217493076,20.901839875410218,21.904041290283203,342500,0.0,0.0
2013-09-11 00:00:00-04:00,21.89554865436131,22.06541229116384,21.190610592740693,21.22458267211914,190400,0.0,0.0
2013-09-12 00:00:00-04:00,21.16513122472623,21.32650306356194,20.8254023166157,20.99526596069336,157600,0.0,0.0
2013-09-13 00:00:00-04:00,20.978283647586924,21.666234984674695,20.978283647586924,21.623767852783203,195800,0.0,0.0
2013-09-16 00:00:00-04:00,21.836096488867028,22.54952803440333,21.63225913585027,22.15884017944336,243400,0.0,0.0
2013-09-17 00:00:00-04:00,22.16733588926803,22.96570015248622,22.16733588926803,22.95720672607422,183300,0.0,0.0
2013-09-18 00:00:00-04:00,22.982681272983733,23.22049231010107,22.58350002277925,22.991174697875977,137900,0.0,0.0
2013-09-19 00:00:00-04:00,22.99966833057833,23.908443742842405,22.80432441615721,23.882965087890625,307600,0.0,0.0
2013-09-20 00:00:00-04:00,23.908445051164506,24.367080304856138,23.80652718586987,23.993377685546875,287700,0.0,0.0
2013-09-23 00:00:00-04:00,24.0188591921543,24.1122836368006,23.619676276096595,23.713102340698242,337400,0.0,0.0
2013-09-24 00:00:00-04:00,23.76406097182289,24.20570939161711,23.381866532349495,23.772554397583008,222700,0.0,0.0
2013-09-25 00:00:00-04:00,23.721594551487502,24.120775827142797,23.53474243185524,23.993377685546875,121400,0.0,0.0
2013-09-26 00:00:00-04:00,24.069814345576347,25.43722491645766,23.95090964200583,25.080509185791016,290700,0.0,0.0
2013-09-27 00:00:00-04:00,24.953112626832883,25.69202445620489,24.40954634680631,25.21640396118164,230700,0.0,0.0
2013-09-30 00:00:00-04:00,24.936126111828838,25.57311842092565,24.528449802840917,25.046537399291992,394000,0.0,0.0
2013-10-01 00:00:00-04:00,25.11448533304251,25.39476190826586,24.256668755551562,24.57941246032715,287900,0.0,0.0
2013-10-02 00:00:00-04:00,24.519958807501574,24.519958807501574,24.027351470327552,24.418039321899414,114300,0.0,0.0
2013-10-03 00:00:00-04:00,24.31612169331498,24.350095397762022,23.781048807917216,23.967899322509766,156700,0.0,0.0
2013-10-04 00:00:00-04:00,23.815021593386856,24.443520521805986,23.815021593386856,24.197216033935547,111400,0.0,0.0
2013-10-07 00:00:00-04:00,24.078309309972738,24.27365322688987,23.679126431105775,23.789539337158203,122400,0.0,0.0
2013-10-08 00:00:00-04:00,23.747072109495374,23.967896300693976,23.220492716599257,23.35638427734375,168100,0.0,0.0
2013-10-09 00:00:00-04:00,23.339399262632163,23.339399262632163,22.659941405478293,22.931724548339844,326700,0.0,0.0
2013-10-10 00:00:00-04:00,23.245974664080133,24.290641719941895,23.22049438712425,23.832006454467773,275300,0.0,0.0
2013-10-11 00:00:00-04:00,23.71309764784717,24.027347862981543,23.670632146862403,23.899948120117188,175400,0.0,0.0
2013-10-14 00:00:00-04:00,23.83200669077979,23.84899354225215,23.12706855423,23.339399337768555,171100,0.0,0.0
2013-10-15 00:00:00-04:00,23.322410049392673,23.78104527149279,22.498567278528384,22.59199333190918,418000,0.0,0.0
2013-10-16 00:00:00-04:00,22.821306604490392,24.052823814243574,21.717185883383756,22.22677993774414,432200,0.0,0.0
2013-10-17 00:00:00-04:00,22.090894310406707,22.235279304067742,21.700204836989382,21.75116539001465,271000,0.0,0.0
2013-10-18 00:00:00-04:00,21.77664124903862,22.01445227274034,21.564310498576216,21.971986770629883,958700,0.0,0.0
2013-10-21 00:00:00-04:00,21.98897380673044,22.243771700199687,19.79772034666192,20.20539665222168,2868000,0.0,0.0
2013-10-22 00:00:00-04:00,20.17142091068875,20.621562676300563,19.627854718217904,19.712785720825195,1223500,0.0,0.0
2013-10-23 00:00:00-04:00,19.51744448090274,20.528139425131354,19.220181071428996,20.426219940185547,932000,0.0,0.0
2013-10-24 00:00:00-04:00,20.460192255298317,21.402941352327762,19.95909152984619,21.233076095581055,795300,0.0,0.0
2013-10-25 00:00:00-04:00,21.1906128686244,21.61527443617234,20.825403661340317,21.589794158935547,332000,0.0,0.0
2013-10-28 00:00:00-04:00,21.632261504140306,21.632261504140306,20.570607495143236,20.765953063964844,349500,0.0,0.0
2013-10-29 00:00:00-04:00,20.850881576538086,21.46239524881473,20.417728218615814,20.850881576538086,228000,0.0,0.0
2013-10-30 00:00:00-04:00,20.791427797977388,20.910334126105194,20.137448663117468,20.29882049560547,626200,0.0,0.0
2013-10-31 00:00:00-04:00,19.959091557090925,19.96758498193537,16.434401244404196,18.965383529663086,4147400,0.0,0.0
2013-11-01 00:00:00-04:00,19.466480050430178,19.466480050430178,18.81250105828428,19.058805465698242,1104000,0.0,0.0
2013-11-04 00:00:00-05:00,19.228673036317193,19.517442998448892,19.126755179067846,19.46648406982422,395600,0.0,0.0
2013-11-05 00:00:00-05:00,19.491963619896595,19.627855171150138,19.101274195076353,19.169219970703125,441300,0.0,0.0
2013-11-06 00:00:00-05:00,19.203195368445687,19.8486811040188,19.033330104363998,19.68730926513672,708200,0.0,0.0
2013-11-07 00:00:00-05:00,19.73826552770708,19.73826552770708,18.3623632305013,18.50674819946289,1095000,0.0,0.0
2013-11-08 00:00:00-05:00,18.53222729888483,18.744558045425592,17.06289892161197,17.92071533203125,1535900,0.0,0.0
2013-11-11 00:00:00-05:00,17.963180540680316,18.302909405619268,17.852769267058285,17.980167388916016,873900,0.0,0.0
2013-11-12 00:00:00-05:00,17.980172129488928,18.005652408560493,17.47907131410281,17.79332160949707,559300,0.0,0.0
2013-11-13 00:00:00-05:00,17.69989058737896,18.217978110526904,17.69989058737896,18.022632598876953,366400,0.0,0.0
2013-11-14 00:00:00-05:00,17.988664320524347,17.988664320524347,9.690776874170918,10.998734474182129,19635000,0.0,0.0
2013-11-15 00:00:00-05:00,10.472153454799338,12.425596690199106,8.535697069696683,12.315184593200684,20168900,0.0,0.0
2013-11-18 00:00:00-05:00,12.807791073510286,13.86095142364502,12.748338721318381,13.86095142364502,4325800,0.0,0.0
2013-11-19 00:00:00-05:00,14.319587891373963,15.44918754223853,14.141229199155745,15.143430709838867,4606600,0.0,0.0
2013-11-20 00:00:00-05:00,15.134936608746957,15.143430033707201,12.782312163257792,13.716567039489746,3852400,0.0,0.0
2013-11-21 00:00:00-05:00,14.005336268894231,14.268625948940496,13.385330859126698,13.444783210754395,1501400,0.0,0.0
2013-11-22 00:00:00-05:00,13.453278046299015,13.461771471701665,11.143118985324026,11.788604736328125,3501700,0.0,0.0
2013-11-25 00:00:00-05:00,11.754632371364176,12.179293940792201,11.499835267711827,12.10285472869873,830200,0.0,0.0
2013-11-26 00:00:00-05:00,12.17929233208665,13.988349666119804,12.119839979412362,13.156013488769531,2249300,0.0,0.0
2013-11-27 00:00:00-05:00,14.09876238817936,14.438491270554325,13.580674830085604,13.640127182006836,1984800,0.0,0.0
2013-11-29 00:00:00-05:00,14.090269445515291,14.336572286177582,13.80999290547605,14.226161003112793,874300,0.0,0.0
2013-12-02 00:00:00-05:00,14.107255741980106,14.158214669092,13.215466417746537,13.453276634216309,1283700,0.0,0.0
2013-12-03 00:00:00-05:00,13.623143851010646,13.725061719946131,13.088069369255727,13.665609359741211,859300,0.0,0.0
2013-12-04 00:00:00-05:00,13.563689730930461,13.793006539931019,13.215467399869642,13.682595252990723,799800,0.0,0.0
2013-12-05 00:00:00-05:00,13.597662378230986,14.056295988026164,13.461770818294994,13.954378128051758,630500,0.0,0.0
2013-12-06 00:00:00-05:00,13.928897910079023,14.217667881113474,13.928897910079023,14.141228675842285,773100,0.0,0.0
2013-12-09 00:00:00-05:00,14.124242428740796,14.243148764213734,13.801500363783404,14.01383113861084,561500,0.0,0.0
2013-12-10 00:00:00-05:00,13.996842233967755,14.005335658109175,13.376836851239204,13.589167594909668,789700,0.0,0.0
2013-12-11 00:00:00-05:00,13.555195299475505,13.818485789499315,13.215466418777892,13.444783210754395,551500,0.0,0.0
2013-12-12 00:00:00-05:00,13.410810680244328,13.648620903073168,13.223959385890032,13.58067512512207,468600,0.0,0.0
2013-12-13 00:00:00-05:00,13.572183635826786,13.903420768034746,13.538210742006578,13.793007850646973,388800,0.0,0.0
2013-12-16 00:00:00-05:00,13.818485979287688,14.234654066352462,13.759033626843449,14.098762512207031,505000,0.0,0.0
2013-12-17 00:00:00-05:00,14.056297020258965,14.404519370661262,14.013831512143678,14.396027565002441,721800,0.0,0.0
2013-12-18 00:00:00-05:00,14.370547987393158,14.931101145557523,14.175204048629443,14.888635635375977,1662100,0.0,0.0
2013-12-19 00:00:00-05:00,14.837674437115181,15.321789979993863,14.701782866468454,14.803702354431152,995900,0.0,0.0
2013-12-20 00:00:00-05:00,14.854660334794385,15.033019022289995,14.311094087103378,14.786714553833008,914500,0.0,0.0
2013-12-23 00:00:00-05:00,14.786711219749959,15.185892390396937,14.616845995669848,15.11794662475586,325100,0.0,0.0
2013-12-24 00:00:00-05:00,15.058498676609936,15.262336033015966,14.863154745881905,15.03302001953125,196700,0.0,0.0
2013-12-26 00:00:00-05:00,15.09247272341922,15.279323232729308,14.897128788237492,15.160418510437012,311600,0.0,0.0
2013-12-27 00:00:00-05:00,15.151923234064768,15.551104481547963,15.050003756007811,15.381240844726562,1337600,0.0,0.0
2013-12-30 00:00:00-05:00,15.491652440444101,15.534119565473237,15.1774038150044,15.253841400146484,471300,0.0,0.0
2013-12-31 00:00:00-05:00,15.253840149754021,15.525624867796125,15.253840149754021,15.34726619720459,566000,0.0,0.0
2014-01-02 00:00:00-05:00,15.33027734487858,15.51712941535767,15.041507435915292,15.11794662475586,723700,0.0,0.0
2014-01-03 00:00:00-05:00,15.228361206848593,15.534117996352775,15.083976236244398,15.406718254089355,687300,0.0,0.0
2014-01-06 00:00:00-05:00,15.406722026854839,15.58508073772672,14.880142560377767,14.973567008972168,673700,0.0,0.0
2014-01-07 00:00:00-05:00,14.871644975317528,15.168908330337818,14.642327391162878,14.837671279907227,553100,0.0,0.0
2014-01-08 00:00:00-05:00,14.786714357049869,15.304801942457596,14.786714357049869,15.296308517456055,540000,0.0,0.0
2014-01-09 00:00:00-05:00,15.287817313699108,15.398228614850996,14.693290436850866,15.21137809753418,537000,0.0,0.0
2014-01-10 00:00:00-05:00,15.177400501947211,15.85685815454355,14.77821771358639,15.653020858764648,639700,0.0,0.0
2014-01-13 00:00:00-05:00,15.610561028188952,15.788919757704242,14.973568574123279,15.100968360900879,774500,0.0,0.0
2014-01-14 00:00:00-05:00,15.211376536735829,15.729464144259568,14.999045762498918,15.355761528015137,537500,0.0,0.0
2014-01-15 00:00:00-05:00,15.406720682829784,15.568092527168691,14.336573370820405,14.863154411315918,730500,0.0,0.0
2014-01-16 00:00:00-05:00,14.744249351180795,14.905619571807904,14.480958027084542,14.710275650024414,477500,0.0,0.0
2014-01-17 00:00:00-05:00,14.718766418359598,15.092468963844814,14.35355729663029,14.429996490478516,324700,0.0,0.0
2014-01-21 00:00:00-05:00,14.506437426226208,14.625342133176831,13.623142308962048,13.784512519836426,591100,0.0,0.0
2014-01-22 00:00:00-05:00,13.776020654413873,14.056297223919438,13.34286647152742,13.665609359741211,596400,0.0,0.0
2014-01-23 00:00:00-05:00,13.572182050636526,13.784512814707643,13.232453152113774,13.742047309875488,542600,0.0,0.0
2014-01-24 00:00:00-05:00,13.631634142080683,13.852458326843918,13.30889209970681,13.351358413696289,452300,0.0,0.0
2014-01-27 00:00:00-05:00,12.697380016311769,13.223960234201446,11.97545587677585,12.502036094665527,1431200,0.0,0.0
2014-01-28 00:00:00-05:00,11.431889418114842,12.102854661697565,11.143119422905983,11.669699668884277,4755900,0.0,0.0
2014-01-29 00:00:00-05:00,11.63572723961887,11.720659880410052,11.363944085051395,11.559288024902344,1396200,0.0,0.0
2014-01-30 00:00:00-05:00,11.593258756388282,12.391622838954206,11.516820365909771,12.323677062988281,1112100,0.0,0.0
2014-01-31 00:00:00-05:00,12.102853267994831,12.255731673730747,11.924495397962122,12.000934600830078,735800,0.0,0.0
2014-02-03 00:00:00-05:00,12.017921351093582,12.094360558482059,11.542300876197132,11.610246658325195,462600,0.0,0.0
2014-02-04 00:00:00-05:00,11.601753689411678,12.094361034205319,11.363943442609353,11.508328437805176,438800,0.0,0.0
2014-02-05 00:00:00-05:00,11.474353497953272,11.627231081486896,11.346954566701502,11.542299270629883,424500,0.0,0.0
2014-02-06 00:00:00-05:00,11.542301175959437,11.8225777370111,11.508328284013103,11.55079460144043,419700,0.0,0.0
2014-02-07 00:00:00-05:00,11.567780952743002,11.729152801300287,11.380929637036859,11.465862274169922,460000,0.0,0.0
2014-02-10 00:00:00-05:00,11.48284847422937,11.669698969358866,11.321476634825812,11.389422416687012,625400,0.0,0.0
2014-02-11 00:00:00-05:00,11.355448869084055,11.550793588121657,11.321475980118068,11.338462829589844,359000,0.0,0.0
2014-02-12 00:00:00-05:00,11.312981898388452,11.423393983610197,11.228050085894623,11.25352954864502,431300,0.0,0.0
2014-02-13 00:00:00-05:00,11.211064487564288,11.41490183225257,11.117639240409895,11.185585021972656,416100,0.0,0.0
2014-02-14 00:00:00-05:00,11.262023417707729,11.465860747716974,10.85434794771169,11.151611328125,1203100,0.0,0.0
2014-02-18 00:00:00-05:00,11.228051487730413,11.431888835137965,11.117639388723585,11.16010570526123,394600,0.0,0.0
2014-02-19 00:00:00-05:00,11.058187187543108,11.338463746676448,10.905308769842149,11.100652694702148,386500,0.0,0.0
2014-02-20 00:00:00-05:00,11.117639695700936,11.211064946681292,10.531606293250805,11.075173377990723,2132700,0.0,0.0
2014-02-21 00:00:00-05:00,12.017920949907175,13.58067550663947,11.899016240141188,12.612447738647461,3573900,0.0,0.0
2014-02-24 00:00:00-05:00,13.147519848135616,13.351357986771648,12.86724331873581,13.003135681152344,1204700,0.0,0.0
2014-02-25 00:00:00-05:00,13.249439540089194,13.402317134105587,12.952176156762635,13.156013488769531,919700,0.0,0.0
2014-02-26 00:00:00-05:00,13.215466651421378,13.410810558766931,13.011628509436925,13.156013488769531,500200,0.0,0.0
2014-02-27 00:00:00-05:00,13.86095211912857,13.92040447430354,13.368344807736433,13.487250328063965,878400,0.0,0.0
2014-02-28 00:00:00-05:00,13.580677286683082,13.589170712773212,13.003138082175052,13.096563339233398,1246500,0.0,0.0
2014-03-03 00:00:00-05:00,13.028617123794888,13.572183416118897,12.9012181665482,13.419305801391602,722300,0.0,0.0
2014-03-04 00:00:00-05:00,13.623143324560186,14.268627456088467,13.623143324560186,14.260135650634766,921400,0.0,0.0
2014-03-05 00:00:00-05:00,14.429998102975034,14.659315710145064,14.336572051174993,14.48095703125,777400,0.0,0.0
2014-03-06 00:00:00-05:00,14.413013761972843,14.47246774525518,14.03081930346167,14.362054824829102,511700,0.0,0.0
2014-03-07 00:00:00-05:00,14.260134466294687,14.625342008816958,14.260134466294687,14.497943878173828,615400,0.0,0.0
2014-03-10 00:00:00-04:00,14.480959543266128,14.565892185094441,14.294109027208158,14.387535095214844,329200,0.0,0.0
2014-03-11 00:00:00-04:00,14.345065649984281,14.387532774024773,13.94588440373451,14.030817031860352,302800,0.0,0.0
2014-03-12 00:00:00-04:00,13.996842455483808,14.31109267386967,13.826978829832159,14.209173202514648,252400,0.0,0.0
2014-03-13 00:00:00-04:00,14.226160980463241,14.438491741365677,13.521222919065359,13.555195808410645,396700,0.0,0.0
2014-03-14 00:00:00-04:00,13.470262235579458,13.487249084049841,13.02861470505723,13.088067054748535,731900,0.0,0.0
2014-03-17 00:00:00-04:00,13.206973780747745,13.57218214675163,13.206973780747745,13.495743751525879,271700,0.0,0.0
2014-03-18 00:00:00-04:00,13.546702882310528,13.776019691339268,13.368345004187018,13.674101829528809,211400,0.0,0.0
2014-03-19 00:00:00-04:00,13.742047364663515,14.14972204451617,13.597662379721301,13.945884704589844,428500,0.0,0.0
2014-03-20 00:00:00-04:00,13.971366248252597,13.971366248252597,13.716568335241035,13.852459907531738,431300,0.0,0.0
2014-03-21 00:00:00-04:00,13.886432903384284,14.115750527429576,13.546703179981362,13.614649772644043,474800,0.0,0.0
2014-03-24 00:00:00-04:00,13.674100896054625,13.83547272285274,13.139027298211353,13.215466499328613,303100,0.0,0.0
2014-03-25 00:00:00-04:00,13.173001140520558,13.572182404188982,13.164507715341841,13.198480606079102,301800,0.0,0.0
2014-03-26 00:00:00-04:00,13.334372069342903,13.427798125655142,12.739846080896584,12.765325546264648,498000,0.0,0.0
2014-03-27 00:00:00-04:00,12.756831828972663,13.0880672800725,12.620939468802634,12.8162841796875,406000,0.0,0.0
2014-03-28 00:00:00-04:00,12.807792058464791,13.181494669494942,12.807792058464791,12.952177047729492,251200,0.0,0.0
2014-03-31 00:00:00-04:00,13.011629602331796,13.546703251275881,13.011629602331796,13.122041702270508,370900,0.0,0.0
2014-04-01 00:00:00-04:00,13.156014526359776,13.631635005220499,13.147521101028573,13.606156349182129,421800,0.0,0.0
2014-04-02 00:00:00-04:00,13.606155489013362,13.725060196222685,13.223959473047483,13.342864990234375,302300,0.0,0.0
2014-04-03 00:00:00-04:00,13.33437135555505,13.699579706206409,12.994642468907841,13.164506912231445,237200,0.0,0.0
2014-04-04 00:00:00-04:00,13.35985189772337,13.572182671507742,12.671900644249476,12.909710884094238,682400,0.0,0.0
2014-04-07 00:00:00-04:00,12.867243899486299,13.130534401703363,11.941482454217942,12.16230583190918,673900,0.0,0.0
2014-04-08 00:00:00-04:00,12.145321693991814,12.323679595042616,11.814085360618122,12.170801162719727,830600,0.0,0.0
2014-04-09 00:00:00-04:00,12.247239459703954,12.46806366537983,12.111347890050384,12.374637603759766,247700,0.0,0.0
2014-04-10 00:00:00-04:00,12.349158248658314,12.51052928658733,11.99244247010191,12.145320892333984,299600,0.0,0.0
2014-04-11 00:00:00-04:00,12.034907737980241,12.119840367357174,11.542300431540227,11.7036714553833,355700,0.0,0.0
2014-04-14 00:00:00-04:00,11.788602899076972,11.975454178926402,11.465860073874321,11.542299270629883,194100,0.0,0.0
2014-04-15 00:00:00-04:00,11.559287112226698,11.899016838590017,11.482848713523138,11.780111312866211,243200,0.0,0.0
2014-04-16 00:00:00-04:00,11.907508412790184,12.094358882764745,11.695177670564775,11.992440223693848,193800,0.0,0.0
2014-04-17 00:00:00-04:00,11.932990262923052,12.247239727102473,11.737645519797775,12.10285472869873,389300,0.0,0.0
2014-04-21 00:00:00-04:00,12.179293229038684,12.510528715449556,12.128333487295219,12.476555824279785,167100,0.0,0.0
2014-04-22 00:00:00-04:00,12.459569482127064,12.9436833720738,12.25573214004187,12.552994728088379,391600,0.0,0.0
2014-04-23 00:00:00-04:00,12.510528562731873,12.64642093572972,12.323678068567844,12.519021987915039,172800,0.0,0.0
2014-04-24 00:00:00-04:00,12.705872255290991,12.892723544186055,12.289704175005319,12.323677062988281,338300,0.0,0.0
2014-04-25 00:00:00-04:00,12.221757195299753,12.289702964573594,11.635723922841045,11.686683654785156,350400,0.0,0.0
2014-04-28 00:00:00-04:00,11.77161807251871,11.983948851092135,10.760923922899371,11.075173377990723,1034400,0.0,0.0
2014-04-29 00:00:00-04:00,11.109145813505426,11.355449474126814,10.837362687296336,11.19407844543457,793800,0.0,0.0
2014-04-30 00:00:00-04:00,11.295996684669088,12.085866567424668,9.979545800106353,11.975455284118652,2475900,0.0,0.0
2014-05-01 00:00:00-04:00,12.230252265930176,12.527515673704032,11.763125210825006,12.230252265930176,823700,0.0,0.0
2014-05-02 00:00:00-04:00,12.349156610348135,12.459568699536991,11.890522214474643,12.077373504638672,651300,0.0,0.0
2014-05-05 00:00:00-04:00,12.077374720197202,12.119841037232824,11.55079449489732,11.788604736328125,514700,0.0,0.0
2014-05-06 00:00:00-04:00,11.805590324418993,12.026414516553661,11.720658503582458,11.899016380310059,509100,0.0,0.0
2014-05-07 00:00:00-04:00,11.890523878159012,12.02641545002726,11.508328629785147,11.669699668884277,503700,0.0,0.0
2014-05-08 00:00:00-04:00,11.703671398204632,12.060387143880872,11.45736774618795,11.499834060668945,267600,0.0,0.0
2014-05-09 00:00:00-04:00,11.499834707871827,11.788604690621282,11.423395499499604,11.58476734161377,373800,0.0,0.0
2014-05-12 00:00:00-04:00,11.86504344701262,12.536008636086168,11.763124776391301,12.34066390991211,504900,0.0,0.0
2014-05-13 00:00:00-04:00,12.332171337829845,12.451076048980386,11.899016378696192,11.907509803771973,388000,0.0,0.0
2014-05-14 00:00:00-04:00,11.932989010415463,12.043401104075022,11.346955652528392,11.499834060668945,393800,0.0,0.0
2014-05-15 00:00:00-04:00,11.499835789668873,11.584768431400484,10.786404191051975,11.321477890014648,995700,0.0,0.0
2014-05-16 00:00:00-04:00,11.372434352992144,11.907507897439787,11.304488583218868,11.873534202575684,387600,0.0,0.0
2014-05-19 00:00:00-04:00,11.839562972505133,12.230251608296763,11.805590082870102,12.179292678833008,443400,0.0,0.0
2014-05-20 00:00:00-04:00,12.349156738626936,12.70587247356482,12.21326518436061,12.493541717529297,515200,0.0,0.0
2014-05-21 00:00:00-04:00,12.536009723909956,12.536009723909956,12.068881835543595,12.10285472869873,283300,0.0,0.0
2014-05-22 00:00:00-04:00,12.145319990601568,12.42559653723273,12.04340132000638,12.357650756835938,287400,0.0,0.0
2014-05-23 00:00:00-04:00,12.272718920177882,12.54450286932223,12.272718920177882,12.400117874145508,331400,0.0,0.0
2014-05-27 00:00:00-04:00,12.502035553237011,12.858751299903844,12.38313003435554,12.841764450073242,317700,0.0,0.0
2014-05-28 00:00:00-04:00,12.850256849304676,12.867242887801902,12.408608508691552,12.620939254760742,285300,0.0,0.0
2014-05-29 00:00:00-04:00,12.646421896718293,12.70587425756297,12.332172430860089,12.52751636505127,123200,0.0,0.0
2014-05-30 00:00:00-04:00,12.536007295560909,12.7143651525701,12.255730778828969,12.67189884185791,221200,0.0,0.0
2014-06-02 00:00:00-04:00,12.646423189677146,12.68039608648713,12.400119485310327,12.663409233093262,218600,0.0,0.0
2014-06-03 00:00:00-04:00,12.578474343934529,12.61244723250111,12.315183850060356,12.493541717529297,216800,0.0,0.0
2014-06-04 00:00:00-04:00,12.45107691722159,13.47875793370322,12.442583491553544,13.037110328674316,411800,0.0,0.0
2014-06-05 00:00:00-04:00,13.147521011735511,13.334372317864867,12.850258416960862,13.18149471282959,271800,0.0,0.0
2014-06-06 00:00:00-04:00,13.156013993053767,13.529716592701725,13.122041103083733,13.257932662963867,233500,0.0,0.0
2014-06-09 00:00:00-04:00,13.470263476473038,13.818486612396878,13.283412985951085,13.495743751525879,463400,0.0,0.0
2014-06-10 00:00:00-04:00,13.385330857038797,13.708072888662418,13.385330857038797,13.461770057678223,136100,0.0,0.0
2014-06-11 00:00:00-04:00,13.436289274149237,13.555194782850363,13.181493028325772,13.32587718963623,190000,0.0,0.0
2014-06-12 00:00:00-04:00,13.325876587545052,13.325876587545052,12.943681426100724,13.028614044189453,170000,0.0,0.0
2014-06-13 00:00:00-04:00,13.096560028519129,13.096560028519129,12.671898551096271,12.731350898742676,360000,0.0,0.0
2014-06-16 00:00:00-04:00,12.739846578663402,12.969164205868607,12.595461585973673,12.867244720458984,248900,0.0,0.0
2014-06-17 00:00:00-04:00,12.909711011007753,13.793007006235188,12.824779186645626,13.546703338623047,397000,0.0,0.0
2014-06-18 00:00:00-04:00,13.495744345197826,14.11575062913838,13.376838819653406,13.988350868225098,346700,0.0,0.0
2014-06-19 00:00:00-04:00,14.030816009234101,14.175200980538092,13.699578945680816,13.767524719238281,282100,0.0,0.0
2014-06-20 00:00:00-04:00,13.860952019369659,13.996843578778758,13.725060459960558,13.742047309875488,406100,0.0,0.0
2014-06-23 00:00:00-04:00,13.73355548895603,13.928899425927801,13.538210742006578,13.793007850646973,219300,0.0,0.0
2014-06-24 00:00:00-04:00,13.631634449502299,13.699580229426754,13.206973729963238,13.274919509887695,315300,0.0,0.0
2014-06-25 00:00:00-04:00,13.25793262424527,13.708073617528019,13.25793262424527,13.699580192565918,193600,0.0,0.0
2014-06-26 00:00:00-04:00,13.682595513362546,13.759034721143195,13.308892899763297,13.385332107543945,205500,0.0,0.0
2014-06-27 00:00:00-04:00,13.334371810297826,13.42779786479509,12.918203707468004,13.062588691711426,1496000,0.0,0.0
2014-06-30 00:00:00-04:00,13.113548888226793,13.223960993312726,12.739847064070885,12.986150741577148,529500,0.0,0.0
2014-07-01 00:00:00-04:00,13.17299944877099,13.538207774800076,12.3236764794366,12.442581176757812,767200,0.0,0.0
2014-07-02 00:00:00-04:00,12.383128971828558,12.561486829858087,11.983946944814377,12.434088706970215,507400,0.0,0.0
2014-07-03 00:00:00-04:00,12.451074894222561,12.59545986720966,12.315183345523533,12.383129119873047,92400,0.0,0.0
2014-07-07 00:00:00-04:00,12.476555514230132,12.476555514230132,11.899016378696192,11.907509803771973,354400,0.0,0.0
2014-07-08 00:00:00-04:00,11.899015748052799,11.966961525102748,11.151611390525783,11.36394214630127,732200,0.0,0.0
2014-07-09 00:00:00-04:00,11.44887337172762,11.695177813293412,10.82037456146477,11.04119873046875,939600,0.0,0.0
2014-07-10 00:00:00-04:00,10.200370595352801,10.39571451898822,9.147210148849169,10.013519287109375,4276300,0.0,0.0
2014-07-11 00:00:00-04:00,10.191877195926404,10.191877195926404,9.172689638329288,9.325567245483398,2127100,0.0,0.0
2014-07-14 00:00:00-04:00,9.520911153867042,9.68228217241705,9.198168306789466,9.317073822021484,926800,0.0,0.0
2014-07-15 00:00:00-04:00,9.334060892695303,9.39351406186921,8.79049461438058,8.858440399169922,1213200,0.0,0.0
2014-07-16 00:00:00-04:00,8.892411232323266,9.121728000389332,8.748026270587149,8.8754243850708,856200,0.0,0.0
2014-07-17 00:00:00-04:00,8.875425401806506,9.300086912036267,8.705560959710112,9.087756156921387,1185300,0.0,0.0
2014-07-18 00:00:00-04:00,9.070770469527973,9.274607807949874,8.977344415268082,9.24063491821289,640300,0.0,0.0
2014-07-21 00:00:00-04:00,9.206661001110938,9.249127311037775,8.977343413492504,9.011316299438477,379600,0.0,0.0
2014-07-22 00:00:00-04:00,9.028305088914742,9.393514298854395,9.01131823730003,9.232142448425293,634200,0.0,0.0
2014-07-23 00:00:00-04:00,9.232142604567382,9.351048137948403,9.104744455213035,9.189676284790039,382800,0.0,0.0
2014-07-24 00:00:00-04:00,9.172689436124122,9.359540740724174,9.130223120081707,9.181182861328125,625100,0.0,0.0
2014-07-25 00:00:00-04:00,9.164194624609733,9.486937443740613,9.011316233974714,9.257619857788086,1212500,0.0,0.0
2014-07-28 00:00:00-04:00,9.25762120874595,9.25762120874595,8.433778407823873,8.968852043151855,2133900,0.0,0.0
2014-07-29 00:00:00-04:00,8.068567418463116,8.36583075260799,7.694865704945417,8.017607688903809,3179000,0.0,0.0
2014-07-30 00:00:00-04:00,8.068569381331796,8.255420688535319,7.992130173385918,8.238433837890625,934700,0.0,0.0
2014-07-31 00:00:00-04:00,8.518709838564574,8.697067708822624,8.323365928746387,8.586655616760254,1260000,0.0,0.0
2014-08-01 00:00:00-04:00,8.603643538147242,8.773508004798302,8.280900646521395,8.357339859008789,1022000,0.0,0.0
2014-08-04 00:00:00-04:00,8.408298490373301,8.450764807996931,8.178981671169918,8.416791915893555,672400,0.0,0.0
2014-08-05 00:00:00-04:00,8.756522841341377,9.563379746339388,8.705563091246312,9.249130249023438,1516300,0.0,0.0
2014-08-06 00:00:00-04:00,9.10474442553046,9.147210745169357,8.714055742812427,8.97734546661377,901300,0.0,0.0
2014-08-07 00:00:00-04:00,9.06227713848646,9.291593944092474,8.934879003147296,9.002824783325195,468600,0.0,0.0
2014-08-08 00:00:00-04:00,9.002824885412654,9.520911667638376,8.926385679351336,9.41899299621582,683900,0.0,0.0
2014-08-11 00:00:00-04:00,9.444471431895423,9.835160034742604,9.34255277158453,9.665295600891113,724200,0.0,0.0
2014-08-12 00:00:00-04:00,9.495430866256651,9.656801870809502,9.232140394643856,9.283100128173828,435800,0.0,0.0
2014-08-13 00:00:00-04:00,9.342555222214209,9.571872875548774,9.300088900117691,9.512419700622559,416400,0.0,0.0
2014-08-14 00:00:00-04:00,9.554884606251836,9.639817237854004,9.461459359471533,9.639817237854004,385000,0.0,0.0
2014-08-15 00:00:00-04:00,9.741736493927348,9.767215960944766,9.2576217607305,9.274608612060547,405700,0.0,0.0
2014-08-18 00:00:00-04:00,9.37652768715805,9.894614524998138,9.308581898915998,9.835162162780762,440100,0.0,0.0
2014-08-19 00:00:00-04:00,9.886119120534588,10.404205812246401,9.78420046691804,10.06447696685791,663700,0.0,0.0
2014-08-20 00:00:00-04:00,10.005025975990659,10.030506252390476,9.690776523524967,9.750228881835938,409600,0.0,0.0
2014-08-21 00:00:00-04:00,9.741735610668954,9.784201925166105,9.444472219166471,9.690775871276855,397500,0.0,0.0
2014-08-22 00:00:00-04:00,9.631323568232371,9.928586151339523,9.563377788666303,9.920093536376953,419300,0.0,0.0
2014-08-25 00:00:00-04:00,9.979544720003439,10.404206197450394,9.979544720003439,10.174888610839844,621700,0.0,0.0
2014-08-26 00:00:00-04:00,10.157903970207668,10.166397395319525,9.920093736918922,10.098451614379883,304300,0.0,0.0
2014-08-27 00:00:00-04:00,10.106943276737768,10.302287986007393,9.852147027222424,10.081463813781738,327000,0.0,0.0
2014-08-28 00:00:00-04:00,9.988039320419615,10.055985100016136,9.76721513174213,9.894613265991211,262500,0.0,0.0
2014-08-29 00:00:00-04:00,9.894614677693745,10.03899968243071,9.767216525268282,9.809682846069336,285500,0.0,0.0
2014-09-02 00:00:00-04:00,9.83516231455889,9.971053893140104,9.73324363062298,9.809682846069336,248700,0.0,0.0
2014-09-03 00:00:00-04:00,9.860640572380227,9.920093738193252,9.402006145989928,9.41899299621582,375200,0.0,0.0
2014-09-04 00:00:00-04:00,9.418993339807894,9.707763324361204,9.418993339807894,9.571871757507324,199400,0.0,0.0
2014-09-05 00:00:00-04:00,9.529406706690535,9.622831968823027,9.427488018006613,9.486940383911133,180600,0.0,0.0
2014-09-08 00:00:00-04:00,9.461459364472201,9.724749064618395,9.461459364472201,9.614336967468262,188300,0.0,0.0
2014-09-09 00:00:00-04:00,9.622831814082417,9.767216823223945,9.486940231355737,9.512419700622559,190800,0.0,0.0
2014-09-10 00:00:00-04:00,9.512416316188524,9.58885550677032,9.25761928424168,9.410497665405273,187700,0.0,0.0
2014-09-11 00:00:00-04:00,9.334060775817724,9.427486836216456,8.977345005151525,9.104743957519531,385000,0.0,0.0
2014-09-12 00:00:00-04:00,9.155701933759945,9.181182207557567,8.98583749166355,9.087756156921387,374300,0.0,0.0
2014-09-15 00:00:00-04:00,9.113237349962745,9.113237349962745,8.731042080230567,8.926386833190918,254600,0.0,0.0
2014-09-16 00:00:00-04:00,8.858439949380783,9.087756758906785,8.858439949380783,8.951865196228027,241800,0.0,0.0
2014-09-17 00:00:00-04:00,8.900905548256665,9.512418396679506,8.883919507733104,9.376526832580566,329700,0.0,0.0
2014-09-18 00:00:00-04:00,9.393514141437915,9.461459926802798,9.147210466995807,9.274608612060547,235500,0.0,0.0
2014-09-19 00:00:00-04:00,9.300089026704281,9.40200771513654,8.917893742588875,9.045291900634766,254300,0.0,0.0
2014-09-22 00:00:00-04:00,8.943372028954835,8.943372028954835,8.680082321166992,8.680082321166992,183800,0.0,0.0
2014-09-23 00:00:00-04:00,8.663094004072127,8.83295843356815,8.552681922405338,8.561175346374512,221700,0.0,0.0
2014-09-24 00:00:00-04:00,8.595150806878609,8.9009068715581,8.535698441240918,8.84145450592041,233900,0.0,0.0
2014-09-25 00:00:00-04:00,8.765014799871462,8.824467972180951,8.416792431966305,8.739535331726074,384000,0.0,0.0
2014-09-26 00:00:00-04:00,8.807480160676972,8.8244670109086,8.620628858017058,8.731040954589844,354200,0.0,0.0
2014-09-29 00:00:00-04:00,8.620628208168613,8.832958960192249,8.586655320243933,8.663094520568848,253800,0.0,0.0
2014-09-30 00:00:00-04:00,8.663095116357786,8.69706800661889,7.762813119449699,7.85623836517334,1249000,0.0,0.0
2014-10-01 00:00:00-04:00,7.813774100875185,8.043091777814,7.813774100875185,8.034598350524902,431500,0.0,0.0
2014-10-02 00:00:00-04:00,8.153501279684194,8.442270424817188,8.01760891670817,8.425284385681152,400200,0.0,0.0
2014-10-03 00:00:00-04:00,8.527203453185553,8.6121360828099,8.08555588508067,8.094048500061035,379800,0.0,0.0
2014-10-06 00:00:00-04:00,8.094048620727975,8.23843360725532,7.856238388203121,7.975143909454346,341400,0.0,0.0
2014-10-07 00:00:00-04:00,7.89021212595072,7.89021212595072,7.219246861784018,7.227740287780762,735400,0.0,0.0
2014-10-08 00:00:00-04:00,7.219246609007469,7.652401599942555,7.142807397668613,7.618428707122803,753000,0.0,0.0
2014-10-09 00:00:00-04:00,7.516508307990752,7.728839042002045,7.210751532628909,7.236231803894043,622600,0.0,0.0
2014-10-10 00:00:00-04:00,7.202258511517122,7.457055568570632,6.9474622644411275,7.023901462554932,531700,0.0,0.0
2014-10-13 00:00:00-04:00,7.057874349496899,7.287191133860797,6.921981991751515,7.023901462554932,366300,0.0,0.0
2014-10-14 00:00:00-04:00,7.100340736182667,7.406097566769162,7.049381804403328,7.355137825012207,647500,0.0,0.0
2014-10-15 00:00:00-04:00,7.202258620086485,7.669386430063316,7.083353918985948,7.321164131164551,580600,0.0,0.0
2014-10-16 00:00:00-04:00,7.1767799167071145,7.762813299798107,7.142807025656739,7.270205974578857,571300,0.0,0.0
2014-10-17 00:00:00-04:00,7.397605419535256,7.6014428018240245,7.193768037246487,7.27869987487793,279300,0.0,0.0
2014-10-20 00:00:00-04:00,7.219244484172542,7.635412501218496,7.159792141730953,7.55897331237793,285800,0.0,0.0
2014-10-21 00:00:00-04:00,7.618427657846282,7.618427657846282,7.193766151098647,7.287191390991211,302000,0.0,0.0
2014-10-22 00:00:00-04:00,7.261711222446053,7.397602761817154,6.989927333726384,7.125819683074951,421500,0.0,0.0
2014-10-23 00:00:00-04:00,7.236231761308337,7.355136453269319,7.04938048968434,7.125819683074951,291800,0.0,0.0
2014-10-24 00:00:00-04:00,7.117327731617598,7.363631400170985,7.015409056006987,7.329658508300781,227700,0.0,0.0
2014-10-27 00:00:00-04:00,7.2617127771537975,7.38061749457187,6.743625564897683,6.7606120109558105,609400,0.0,0.0
2014-10-28 00:00:00-04:00,6.234031749560264,7.533495879516483,5.894302424967741,7.440070629119873,2220800,0.0,0.0
2014-10-29 00:00:00-04:00,7.423084228446148,7.592948698552231,6.981436606170331,7.219246864318848,954200,0.0,0.0
2014-10-30 00:00:00-04:00,7.389109682236936,7.516508613813652,7.134312629061006,7.142806053161621,619000,0.0,0.0
2014-10-31 00:00:00-04:00,7.2871917197790514,7.372124348951637,7.219245940432016,7.312671184539795,1015300,0.0,0.0
2014-11-03 00:00:00-05:00,7.541988641225932,7.737332550311317,7.3296578826665675,7.363630771636963,994100,0.0,0.0
2014-11-04 00:00:00-05:00,7.431576880785555,7.584455292954547,7.295685318847607,7.389110565185547,524400,0.0,0.0
2014-11-05 00:00:00-05:00,7.474041895667429,7.482535319304828,7.295684049169341,7.346642971038818,540100,0.0,0.0
2014-11-06 00:00:00-05:00,7.329658713166079,7.72034738558206,7.312671861767375,7.618428707122803,540200,0.0,0.0
2014-11-07 00:00:00-05:00,7.575962690376264,7.660895330797587,7.270206642819343,7.414590835571289,652000,0.0,0.0
2014-11-10 00:00:00-05:00,7.431575487204582,7.7288388306837446,7.261711066635395,7.508014678955078,1351400,0.0,0.0
2014-11-11 00:00:00-05:00,7.491029125461021,7.635414110371604,6.930476035797623,6.981435775756836,2062600,0.0,0.0
2014-11-12 00:00:00-05:00,6.938968911998005,7.2617117462743686,6.930475487680266,7.210752010345459,422900,0.0,0.0
2014-11-13 00:00:00-05:00,7.193766234877425,7.27020543657862,6.998421518310201,7.049381256103516,301000,0.0,0.0
2014-11-14 00:00:00-05:00,7.236232284158538,7.372123833348412,7.117326773628635,7.202258586883545,641300,0.0,0.0
2014-11-17 00:00:00-05:00,7.17677953739619,7.244725315905835,6.9984216663139796,7.015408515930176,316000,0.0,0.0
2014-11-18 00:00:00-05:00,7.074861076268059,7.2956852678628294,7.066367651211892,7.176779747009277,323200,0.0,0.0
2014-11-19 00:00:00-05:00,7.1852733437403,7.397604115352037,7.108834136363656,7.261712551116943,495900,0.0,0.0
2014-11-20 00:00:00-05:00,7.21075247797577,8.06007552536922,7.176779588479135,7.779798984527588,684600,0.0,0.0
2014-11-21 00:00:00-05:00,7.941169256580762,7.941169256580762,7.431575204295263,7.55897331237793,381400,0.0,0.0
2014-11-24 00:00:00-05:00,7.60993410452175,7.898704053819238,7.550481753776102,7.881717205047607,259400,0.0,0.0
2014-11-25 00:00:00-05:00,7.85623777597459,8.017608790118006,7.626920176427196,7.983635902404785,413700,0.0,0.0
2014-11-26 00:00:00-05:00,7.975143985369169,8.544190511810694,7.686374009565696,8.280900001525879,628300,0.0,0.0
2014-11-28 00:00:00-05:00,8.28939347785149,8.527203714107753,8.102542172947052,8.47624397277832,424200,0.0,0.0
2014-12-01 00:00:00-05:00,8.4677499486055,8.4677499486055,8.11103424858554,8.136513710021973,559100,0.0,0.0
2014-12-02 00:00:00-05:00,8.246925871885024,8.493229494836175,8.195966138525915,8.340351104736328,370400,0.0,0.0
2014-12-03 00:00:00-05:00,8.38281777978462,8.620627989217354,8.323365429920818,8.501723289489746,354500,0.0,0.0
2014-12-04 00:00:00-05:00,8.595148604858856,8.595148604858856,8.161993683384344,8.255419731140137,321800,0.0,0.0
2014-12-05 00:00:00-05:00,8.306378074098163,8.484735922774082,8.255419151606455,8.39980411529541,201800,0.0,0.0
2014-12-08 00:00:00-05:00,8.340351087156158,8.450763167553594,7.839250418420669,7.890210151672363,410300,0.0,0.0
2014-12-09 00:00:00-05:00,7.754319747114319,8.051582336425781,7.660894500755448,8.051582336425781,334600,0.0,0.0
2014-12-10 00:00:00-05:00,8.00062342975436,8.060075785800054,7.491029260861652,7.499522686004639,298200,0.0,0.0
2014-12-11 00:00:00-05:00,7.558975876756641,7.99213088714919,7.491030088064989,7.73733377456665,292600,0.0,0.0
2014-12-12 00:00:00-05:00,7.643907036086584,7.813771474893001,7.508015485041451,7.541988372802734,319200,0.0,0.0
2014-12-15 00:00:00-05:00,7.558975042050333,7.779799235902346,7.4570563702673125,7.499522686004639,276100,0.0,0.0
2014-12-16 00:00:00-05:00,7.448564378546386,7.703360674341574,7.448564378546386,7.474043846130371,283400,0.0,0.0
2014-12-17 00:00:00-05:00,7.440070278790227,8.06007573036728,7.440070278790227,7.975143909454346,506200,0.0,0.0
2014-12-18 00:00:00-05:00,8.145007933742601,8.145007933742601,7.567468017947133,7.601440906524658,415800,0.0,0.0
2014-12-19 00:00:00-05:00,7.635413729819705,7.652400578952008,7.304178271515282,7.397603511810303,625800,0.0,0.0
2014-12-22 00:00:00-05:00,7.3891099042683,7.431576216069919,7.2617117788409695,7.338150978088379,268200,0.0,0.0
2014-12-23 00:00:00-05:00,7.389110589078632,7.609934782930645,7.329658233032937,7.499522686004639,270700,0.0,0.0
2014-12-24 00:00:00-05:00,7.474042598245282,7.59294730043636,7.30417815941693,7.53349494934082,118100,0.0,0.0
2014-12-26 00:00:00-05:00,7.525000716023272,7.686372523047086,7.406096026613566,7.508014678955078,201600,0.0,0.0
2014-12-29 00:00:00-05:00,7.482536545146696,7.856238336662672,7.431576804951177,7.762813091278076,320300,0.0,0.0
2014-12-30 00:00:00-05:00,7.694867107134093,7.830758664085036,7.541988700575496,7.575961589813232,248600,0.0,0.0
2014-12-31 00:00:00-05:00,7.592947299455892,7.907197523719682,7.516508909476155,7.541988372802734,452400,0.0,0.0
2015-01-02 00:00:00-05:00,7.677881372895238,7.915691632106178,7.295686110954664,7.414590835571289,390300,0.0,0.0
2015-01-05 00:00:00-05:00,7.372124196373953,7.601440994429733,7.261712104725776,7.363630771636963,277100,0.0,0.0
2015-01-06 00:00:00-05:00,7.414590155892617,7.541989104846228,7.0748612453048825,7.261712551116943,253000,0.0,0.0
2015-01-07 00:00:00-05:00,7.346644251231535,7.508016088552203,7.06636770217732,7.380617141723633,235300,0.0,0.0
2015-01-08 00:00:00-05:00,7.448563456348246,7.873224976733595,7.406097142314198,7.5844550132751465,536400,0.0,0.0
2015-01-09 00:00:00-05:00,7.558975480849036,7.584455757757124,7.278698914681267,7.3041791915893555,246000,0.0,0.0
2015-01-12 00:00:00-05:00,7.338153362428549,7.6608963030191575,7.261714138344222,7.5504841804504395,270000,0.0,0.0
2015-01-13 00:00:00-05:00,7.643907368288704,7.881717592952855,7.440070032862288,7.575961589813232,293400,0.0,0.0
2015-01-14 00:00:00-05:00,7.4485626220703125,7.601440201501203,7.304177656512959,7.4485626220703125,174200,0.0,0.0
2015-01-15 00:00:00-05:00,7.499522902106864,7.499522902106864,6.981436103119863,7.00691556930542,663400,0.0,0.0
2015-01-16 00:00:00-05:00,7.023903214660433,7.168287412697147,6.972943466546868,7.057876110076904,183200,0.0,0.0
2015-01-20 00:00:00-05:00,7.04088810419912,7.168286238650756,6.811571300190659,6.871023654937744,267800,0.0,0.0
2015-01-21 00:00:00-05:00,6.8370507938454725,7.049381558809757,6.735131718871133,6.964448928833008,310400,0.0,0.0
2015-01-22 00:00:00-05:00,7.015407961567364,7.372123675543841,5.987727130345135,6.098138809204102,1700800,0.0,0.0
2015-01-23 00:00:00-05:00,5.945260820336324,6.3784157316411445,5.902794509624135,6.335949420928955,954100,0.0,0.0
2015-01-26 00:00:00-05:00,6.132112566910027,6.497321756905524,6.132112566910027,6.463348865509033,535100,0.0,0.0
2015-01-27 00:00:00-05:00,6.225537610635122,6.777597649208819,6.225537610635122,6.726638317108154,514000,0.0,0.0
2015-01-28 00:00:00-05:00,6.752118080601709,6.904996488683528,6.284990646434168,6.658692836761475,572100,0.0,0.0
2015-01-29 00:00:00-05:00,6.6332129081627,7.01540851998345,6.539787260163568,6.989928245544434,675000,0.0,0.0
2015-01-30 00:00:00-05:00,6.794585243862865,7.006916032733579,6.650200242632565,6.896503925323486,613000,0.0,0.0
2015-02-02 00:00:00-05:00,6.888009975897966,6.93896971774427,6.63321329161049,6.692666053771973,489300,0.0,0.0
2015-02-03 00:00:00-05:00,6.718144878285531,7.185272695696344,6.539787013818768,7.168285846710205,674300,0.0,0.0
2015-02-04 00:00:00-05:00,7.159792901362851,7.210751826011536,6.981435045137451,7.142806053161621,261700,0.0,0.0
2015-02-05 00:00:00-05:00,7.17677901186767,7.41458921923748,6.9389688044978595,7.372123718261719,409900,0.0,0.0
2015-02-06 00:00:00-05:00,7.423083873938759,7.43157729953286,7.006915739559553,7.083354949951172,376500,0.0,0.0
2015-02-09 00:00:00-05:00,7.04938048968434,7.287190683583768,6.97294129629373,7.125819683074951,387200,0.0,0.0
2015-02-10 00:00:00-05:00,7.193766597121611,7.278698417750496,7.074861076268059,7.176779747009277,241400,0.0,0.0
2015-02-11 00:00:00-05:00,7.125822243150232,7.321166198682529,7.100341962880818,7.27869987487793,235100,0.0,0.0
2015-02-12 00:00:00-05:00,7.372123142499729,7.55897360013711,7.287190527226412,7.508014678955078,475800,0.0,0.0
2015-02-13 00:00:00-05:00,7.491030683923169,7.558976478019425,7.261713831342743,7.27869987487793,438400,0.0,0.0
2015-02-17 00:00:00-05:00,7.049381536064165,8.917892099725398,6.67567934233416,8.790493965148926,2301300,0.0,0.0
2015-02-18 00:00:00-05:00,8.705561671490134,9.580364227294922,8.40829826603357,9.580364227294922,1348500,0.0,0.0
2015-02-19 00:00:00-05:00,9.368031937420465,9.486937442338741,8.968850733008548,9.283100128173828,760600,0.0,0.0
2015-02-20 00:00:00-05:00,9.30008841372543,9.478446309220555,9.0707715823618,9.42748737335205,608900,0.0,0.0
2015-02-23 00:00:00-05:00,9.368032871119484,9.886120442064243,9.164195536638381,9.724748611450195,672300,0.0,0.0
2015-02-24 00:00:00-05:00,9.741735097223666,9.843653760658583,9.52091092145924,9.58885669708252,360600,0.0,0.0
2015-02-25 00:00:00-05:00,9.546392892981784,9.741737656705496,9.206663925607174,9.249130249023438,611900,0.0,0.0
2015-02-26 00:00:00-05:00,9.206661506707192,9.665295897153092,9.189674657812603,9.58885669708252,403000,0.0,0.0
2015-02-27 00:00:00-05:00,9.554884712954827,9.597351029230149,9.308581050531096,9.376526832580566,364800,0.0,0.0
2015-03-02 00:00:00-05:00,9.359541052277907,9.520912086637551,9.036798173580982,9.104743957519531,594900,0.0,0.0
2015-03-03 00:00:00-05:00,9.036798138114868,9.223648638223741,8.75652157797393,8.86693286895752,721300,0.0,0.0
2015-03-04 00:00:00-05:00,8.832961079407102,9.10474505798883,8.688576068591797,8.84145450592041,412000,0.0,0.0
2015-03-05 00:00:00-05:00,9.0367982172327,9.359541097488615,9.028304791704945,9.300087928771973,444700,0.0,0.0
2015-03-06 00:00:00-05:00,9.24912945646939,9.49543313920476,9.17269024286571,9.189676284790039,267300,0.0,0.0
2015-03-09 00:00:00-04:00,9.172689894959586,9.291594613853054,9.028304899179531,9.070771217346191,214000,0.0,0.0
2015-03-10 00:00:00-04:00,8.951864537471476,9.087756090150144,8.81597298479281,8.892412185668945,350600,0.0,0.0
2015-03-11 00:00:00-04:00,8.92638619042038,8.968852508438868,8.756521728324078,8.83296012878418,224200,0.0,0.0
2015-03-12 00:00:00-04:00,8.909398142510797,9.155701781961321,8.892412103571557,9.147209167480469,237200,0.0,0.0
2015-03-13 00:00:00-04:00,9.104744759179296,9.38502134509817,9.104744759179296,9.130224227905273,265900,0.0,0.0
2015-03-16 00:00:00-04:00,9.206663015329159,9.512419055735702,9.130223802733106,9.435979843139648,295600,0.0,0.0
2015-03-17 00:00:00-04:00,9.368032871119484,9.75872150053038,9.27460762864337,9.724748611450195,379000,0.0,0.0
2015-03-18 00:00:00-04:00,9.631324079746872,9.631324079746872,9.07926357898095,9.325567245483398,304000,0.0,0.0
2015-03-19 00:00:00-04:00,9.249128643004944,9.402006246788979,9.130223120081707,9.181182861328125,258600,0.0,0.0
2015-03-20 00:00:00-04:00,9.206663190313582,9.648310812628223,9.206663190313582,9.622831344604492,491400,0.0,0.0
2015-03-23 00:00:00-04:00,9.563377590813715,9.852147552984059,9.478444963124472,9.724748611450195,374300,0.0,0.0
2015-03-24 00:00:00-04:00,9.699269499321892,9.87762737596355,9.5973508283806,9.860640525817871,333300,0.0,0.0
2015-03-25 00:00:00-04:00,9.852147910722627,9.979546046904842,9.76721527994942,9.860640525817871,527400,0.0,0.0
2015-03-26 00:00:00-04:00,9.83516040121193,9.88612013825495,9.495431520850264,9.818174362182617,431700,0.0,0.0
2015-03-27 00:00:00-04:00,9.801188017147542,9.962559041122558,9.758721702424353,9.920093536376953,262200,0.0,0.0
2015-03-30 00:00:00-04:00,9.962558718261219,10.659004151209757,9.937079254244065,10.438179969787598,559600,0.0,0.0
2015-03-31 00:00:00-04:00,10.395712331460341,10.514617831681285,10.259820794052095,10.285300254821777,297700,0.0,0.0
2015-04-01 00:00:00-04:00,10.208862225196885,10.421192962226995,9.775707327260864,9.962557792663574,331300,0.0,0.0
2015-04-02 00:00:00-04:00,9.954066103573872,10.548592060498677,9.920093214891814,10.438179969787598,442300,0.0,0.0
2015-04-06 00:00:00-04:00,10.302289843899574,10.650512203680552,10.140917992795721,10.54010009765625,294800,0.0,0.0
2015-04-07 00:00:00-04:00,10.531605418058293,10.72695013930077,10.412700710324028,10.625031471252441,230500,0.0,0.0
2015-04-08 00:00:00-04:00,10.650510055455621,10.973252882587914,10.574070858243038,10.82886791229248,328700,0.0,0.0
2015-04-09 00:00:00-04:00,10.811881507638272,10.913800981421751,9.97954534823433,10.718456268310547,142700,0.0,0.0
2015-04-10 00:00:00-04:00,10.777909883843748,10.85434909315814,10.531606214929392,10.650511741638184,168600,0.0,0.0
2015-04-13 00:00:00-04:00,10.616538396972791,10.84585601513665,10.531605765805969,10.769416809082031,200500,0.0,0.0
2015-04-14 00:00:00-04:00,10.803388894162765,10.871334670039838,10.548591829634967,10.709962844848633,288700,0.0,0.0
2015-04-15 00:00:00-04:00,10.752431561698952,10.98174921404669,10.667499727849128,10.811883926391602,194900,0.0,0.0
2015-04-16 00:00:00-04:00,10.820374560045257,11.083665039973537,10.78640167327814,11.058185577392578,249500,0.0,0.0
2015-04-17 00:00:00-04:00,10.956266785293899,11.16010492849145,10.58256500772392,10.667497634887695,365500,0.0,0.0
2015-04-20 00:00:00-04:00,10.701470523757694,10.862841543395794,10.455166876955818,10.667497634887695,446800,0.0,0.0
2015-04-21 00:00:00-04:00,11.10065211182128,12.663406668553574,11.10065211182128,12.612447738647461,3654200,0.0,0.0
2015-04-22 00:00:00-04:00,12.680394751947162,12.824779750688323,12.281212648958203,12.332172393798828,1275100,0.0,0.0
2015-04-23 00:00:00-04:00,12.340664314708182,12.48504930531887,12.0264148674901,12.043401718139648,1142900,0.0,0.0
2015-04-24 00:00:00-04:00,12.051893981806863,12.213265818358195,11.788604284242727,11.899016380310059,784000,0.0,0.0
2015-04-27 00:00:00-04:00,11.882027626291709,12.238743322590139,11.788602395347823,11.873534202575684,489400,0.0,0.0
2015-04-28 00:00:00-04:00,11.805590777155798,12.009428936931258,11.618740278163264,11.788604736328125,500100,0.0,0.0
2015-04-29 00:00:00-04:00,11.669697925249675,11.746137125498773,11.109144870059675,11.168597221374512,732600,0.0,0.0
2015-04-30 00:00:00-04:00,11.143119467750731,11.304491317476952,10.87133632292046,11.015721321105957,574100,0.0,0.0
2015-05-01 00:00:00-04:00,11.075171392419366,11.160104012612958,10.61653702532445,10.871334075927734,509300,0.0,0.0
2015-05-04 00:00:00-04:00,10.888319027341542,11.76312217410799,10.87982641415173,11.601750373840332,640000,0.0,0.0
2015-05-05 00:00:00-04:00,11.533807750478445,11.746138527637441,11.262024614907773,11.55079460144043,531100,0.0,0.0
2015-05-06 00:00:00-04:00,11.559286266533437,11.559286266533437,11.270517113721162,11.525313377380371,255400,0.0,0.0
2015-05-07 00:00:00-04:00,11.491341778312785,11.87353702668665,11.474355736818085,11.669699668884277,775000,0.0,0.0
2015-05-08 00:00:00-04:00,11.78860453890577,11.890523212097865,11.593259807804372,11.610246658325195,554500,0.0,0.0
2015-05-11 00:00:00-04:00,11.593260068985673,11.83107112176909,11.312983508898732,11.329970359802246,289600,0.0,0.0
2015-05-12 00:00:00-04:00,11.287504844296011,11.508329061861517,11.083667478840631,11.346957206726074,285400,0.0,0.0
2015-05-13 00:00:00-04:00,11.389422830949158,11.457368615281718,11.066679950380676,11.083666801452637,281700,0.0,0.0
2015-05-14 00:00:00-04:00,11.092159970800436,11.542300984101454,10.939281554594286,11.355449676513672,621100,0.0,0.0
2015-05-15 00:00:00-04:00,11.397914739945882,11.499833402884027,11.304489501413633,11.423394203186035,682100,0.0,0.0
2015-05-18 00:00:00-04:00,11.4913411328335,11.771617686562783,11.414901925456855,11.61874008178711,310800,0.0,0.0
2015-05-19 00:00:00-04:00,11.6442191377362,11.669698602639057,11.134624979813564,11.270517349243164,211700,0.0,0.0
2015-05-20 00:00:00-04:00,11.279011044900411,11.389423150028472,10.939282113719965,10.998734474182129,195300,0.0,0.0
2015-05-21 00:00:00-04:00,10.964760364746875,11.015720103759826,10.591058581902997,10.625031471252441,293500,0.0,0.0
2015-05-22 00:00:00-04:00,10.6165386970582,10.87133578778312,10.472153705979999,10.692977905273438,289800,0.0,0.0
2015-05-26 00:00:00-04:00,10.650509901760035,10.701469635825536,10.344753927299518,10.412699699401855,187700,0.0,0.0
2015-05-27 00:00:00-04:00,10.404207879204552,10.565578910328593,10.20037053147599,10.480647087097168,243100,0.0,0.0
2015-05-28 00:00:00-04:00,10.421194581783793,10.650511392226123,10.157904070558413,10.506126403808594,312000,0.0,0.0
2015-05-29 00:00:00-04:00,10.47215509762735,10.616540107892913,10.33626351384276,10.591060638427734,364700,0.0,0.0
2015-06-01 00:00:00-04:00,10.625031321305809,10.828868654525797,10.489139765825815,10.667497634887695,263300,0.0,0.0
2015-06-02 00:00:00-04:00,10.625034020516612,10.947776951760813,10.625034020516612,10.913804054260254,177500,0.0,0.0
2015-06-03 00:00:00-04:00,10.956267401715134,11.202571062374542,10.922294510933755,11.185585021972656,188200,0.0,0.0
2015-06-04 00:00:00-04:00,11.04969376212025,11.168598478129768,11.015720870406438,11.100652694702148,173500,0.0,0.0
2015-06-05 00:00:00-04:00,11.06667819232658,11.160104238425404,10.922293221062496,11.049692153930664,160300,0.0,0.0
2015-06-08 00:00:00-04:00,11.024214453931707,11.533808684365978,11.015721837740706,11.321477890014648,354400,0.0,0.0
2015-06-09 00:00:00-04:00,11.346956748633009,11.508328597253637,11.049694138505926,11.448875427246094,285400,0.0,0.0
2015-06-10 00:00:00-04:00,11.508327245638242,12.000934539401864,11.491340396208948,11.797097206115723,424600,0.0,0.0
2015-06-11 00:00:00-04:00,11.805591340434564,12.315185549220981,11.805591340434564,12.306692123413086,508800,0.0,0.0
2015-06-12 00:00:00-04:00,12.2981974426116,12.417102961855196,12.17079930840442,12.391623497009277,251600,0.0,0.0
2015-06-15 00:00:00-04:00,12.34066390991211,12.561488101247098,12.09436025341619,12.34066390991211,321300,0.0,0.0
2015-06-16 00:00:00-04:00,12.255730851087746,12.425595284960504,11.550792843032669,12.408608436584473,195600,0.0,0.0
2015-06-17 00:00:00-04:00,12.425597685041392,12.654914512569198,12.366145324196715,12.52751636505127,200200,0.0,0.0
2015-06-18 00:00:00-04:00,12.552995026409063,12.731352907466663,12.459569778227506,12.502036094665527,180400,0.0,0.0
2015-06-19 00:00:00-04:00,12.527515868860258,12.654914011332188,12.408610341902854,12.41710376739502,590900,0.0,0.0
2015-06-22 00:00:00-04:00,12.442581395663522,12.663405565970084,12.434088781403668,12.620939254760742,214100,0.0,0.0
2015-06-23 00:00:00-04:00,12.612447592118137,12.70587283584567,12.527514963291233,12.629433631896973,112400,0.0,0.0
2015-06-24 00:00:00-04:00,12.654913095135818,12.714366259299018,12.493542072355877,12.637927055358887,175300,0.0,0.0
2015-06-25 00:00:00-04:00,12.680394178539641,12.731353111098239,12.468063402931021,12.654913902282715,202800,0.0,0.0
2015-06-26 00:00:00-04:00,12.722859576370258,12.952177200846636,12.46806329581111,12.909710884094238,654000,0.0,0.0
2015-06-29 00:00:00-04:00,12.739845300020072,12.8162845014166,12.102853035019068,12.2642240524292,209100,0.0,0.0
2015-06-30 00:00:00-04:00,12.340663189136063,12.340663189136063,12.009427731457507,12.05189323425293,187300,0.0,0.0
2015-07-01 00:00:00-04:00,12.111345146804641,12.289702994070927,11.924493875864373,12.136824607849121,242000,0.0,0.0
2015-07-02 00:00:00-04:00,12.145318091646253,12.17929097653289,11.763122934177211,11.873534202575684,360100,0.0,0.0
2015-07-06 00:00:00-04:00,11.65271114147991,11.932987651160316,11.550792484321354,11.805588722229004,224600,0.0,0.0
2015-07-07 00:00:00-04:00,11.797097656126553,11.831070546303504,11.431888479241147,11.695178985595703,228700,0.0,0.0
2015-07-08 00:00:00-04:00,11.5847675683885,11.73764517814794,10.939281807251536,11.083666801452637,293800,0.0,0.0
2015-07-09 00:00:00-04:00,11.245037131810781,11.593259457179942,11.100652146660993,11.457367897033691,221500,0.0,0.0
2015-07-10 00:00:00-04:00,11.593259410015234,12.017920938733411,11.499834165289165,11.941482543945312,359000,0.0,0.0
2015-07-13 00:00:00-04:00,12.060388876305334,12.119842049109959,11.865044935601022,11.983949661254883,408000,0.0,0.0
2015-07-14 00:00:00-04:00,11.932988530461673,12.18778559712194,11.848055904915734,12.05189323425293,212500,0.0,0.0
2015-07-15 00:00:00-04:00,12.009428678268284,12.230252064137623,11.831070798542305,12.068881034851074,271200,0.0,0.0
2015-07-16 00:00:00-04:00,12.153812626121889,12.349156529578533,12.102852889145895,12.298196792602539,174900,0.0,0.0
2015-07-17 00:00:00-04:00,12.357651216395096,12.374637257137177,12.170799908366455,12.230252265930176,195400,0.0,0.0
2015-07-20 00:00:00-04:00,12.196279709792835,12.62094126972963,12.145320776187901,12.400117874145508,520200,0.0,0.0
2015-07-21 00:00:00-04:00,12.5105283498425,12.739845966020107,10.947774591725214,11.695178985595703,1965800,0.0,0.0
2015-07-22 00:00:00-04:00,11.593259036028094,12.408609177263706,11.593259036028094,12.255731582641602,931400,0.0,0.0
2015-07-23 00:00:00-04:00,12.26422500431159,12.714366823033695,12.051894232831298,12.27271842956543,424700,0.0,0.0
2015-07-24 00:00:00-04:00,12.230250198233113,12.408608050747981,11.805588721766998,11.814082145690918,189700,0.0,0.0
2015-07-27 00:00:00-04:00,11.788604542563371,11.839563474186424,11.465861672366122,11.593259811401367,356300,0.0,0.0
2015-07-28 00:00:00-04:00,11.686684240062057,11.865042095832536,11.45736664979537,11.542299270629883,231100,0.0,0.0
2015-07-29 00:00:00-04:00,11.542300728302024,11.788604387854695,11.482848372196152,11.635725975036621,249600,0.0,0.0
2015-07-30 00:00:00-04:00,11.593258775303928,12.068880017818968,11.584766160777487,11.83956241607666,209600,0.0,0.0
2015-07-31 00:00:00-04:00,11.890522861303495,12.170799406807442,11.686685520932913,12.12833309173584,244700,0.0,0.0
2015-08-03 00:00:00-04:00,12.094359481353377,12.238744458010931,11.67819140038868,11.83956241607666,286400,0.0,0.0
2015-08-04 00:00:00-04:00,11.814083098218434,12.2727174973808,11.788603634369846,11.822576522827148,168000,0.0,0.0
2015-08-05 00:00:00-04:00,11.865043289203957,12.111346942423964,11.678191990561254,11.7036714553833,213200,0.0,0.0
2015-08-06 00:00:00-04:00,11.678189562390548,11.83956055268079,11.465858843074356,11.601750373840332,275900,0.0,0.0
2015-08-07 00:00:00-04:00,11.576273023400288,11.99244111468722,11.491340396208948,11.797097206115723,281500,0.0,0.0
2015-08-10 00:00:00-04:00,11.831070965834128,11.932989639979022,11.219558110987148,11.355449676513672,608100,0.0,0.0
2015-08-11 00:00:00-04:00,11.312983211353359,11.780111069204768,11.3044905961026,11.380928993225098,351800,0.0,0.0
2015-08-12 00:00:00-04:00,11.236543414590527,11.712164672711017,11.109145282760922,11.525313377380371,318200,0.0,0.0
2015-08-13 00:00:00-04:00,11.576274382995694,12.043402267455576,11.44038281151158,11.448875427246094,349000,0.0,0.0
2015-08-14 00:00:00-04:00,11.3979156420055,11.916002422104805,11.312983011179831,11.890522956848145,188500,0.0,0.0
2015-08-17 00:00:00-04:00,11.797098059050418,12.111347506414631,11.542300969032032,12.017921447753906,255400,0.0,0.0
2015-08-18 00:00:00-04:00,12.085866817641831,12.119840517796375,11.584766890026218,11.695178985595703,211900,0.0,0.0
2015-08-19 00:00:00-04:00,11.763123663518066,11.763123663518066,11.236542700159744,11.25352954864502,231900,0.0,0.0
2015-08-20 00:00:00-04:00,11.117637928834704,11.287502362702277,10.5655775062932,10.574070930480957,314100,0.0,0.0
2015-08-21 00:00:00-04:00,10.421193344988897,11.058185579475431,10.327767298878598,10.574070930480957,1828600,0.0,0.0
2015-08-24 00:00:00-04:00,10.005024468730571,10.540098042853195,9.614335865878061,10.123929977416992,466500,0.0,0.0
2015-08-25 00:00:00-04:00,10.514619671689802,10.514619671689802,9.8181750156093,9.886120796203613,303900,0.0,0.0
2015-08-26 00:00:00-04:00,10.200370790644532,10.225850257263573,9.818175551448348,10.191877365112305,680500,0.0,0.0
2015-08-27 00:00:00-04:00,10.217356831731347,10.225850257263573,9.988040012204692,10.191877365112305,596600,0.0,0.0
2015-08-28 00:00:00-04:00,10.132424059499938,10.217355876952688,10.115437210022849,10.183382987976074,649300,0.0,0.0
2015-08-31 00:00:00-04:00,10.013519784072276,10.285302929567367,10.013519784072276,10.106945037841797,485500,0.0,0.0
2015-09-01 00:00:00-04:00,9.954067236734227,10.174890633317128,9.86913460037166,9.928586959838867,236900,0.0,0.0
2015-09-02 00:00:00-04:00,10.200370829602452,10.438181075569593,10.064479260478372,10.404208183288574,1094400,0.0,0.0
2015-09-03 00:00:00-04:00,10.404207877365055,10.68448443293668,10.327768669485954,10.489140510559082,685500,0.0,0.0
2015-09-04 00:00:00-04:00,10.421194135155782,10.642017510938377,10.421194135155782,10.625031471252441,219000,0.0,0.0
2015-09-08 00:00:00-04:00,10.743937034678774,11.117639657263464,10.743937034678774,10.854349136352539,277000,0.0,0.0
2015-09-09 00:00:00-04:00,10.89681520594413,10.956267563193377,10.455167619276995,10.489140510559082,196600,0.0,0.0
2015-09-10 00:00:00-04:00,10.412700505770443,10.64201730187995,10.387220231775732,10.438179969787598,171200,0.0,0.0
2015-09-11 00:00:00-04:00,10.361740913027797,10.429686691344498,10.00502517187633,10.421194076538086,217500,0.0,0.0
2015-09-14 00:00:00-04:00,10.438180176188544,10.650510937144354,10.293795193940387,10.616538047790527,195300,0.0,0.0
2015-09-15 00:00:00-04:00,10.591057996389907,10.862841096160272,10.548591684556405,10.743935585021973,313400,0.0,0.0
2015-09-16 00:00:00-04:00,10.726949396008969,11.312981899173893,10.67598966052712,11.245036125183105,322200,0.0,0.0
2015-09-17 00:00:00-04:00,11.17709099951823,11.550793588121657,10.981747090458192,11.338462829589844,204300,0.0,0.0
2015-09-18 00:00:00-04:00,11.202571217378377,11.338463592361773,10.879829155478467,11.134625434875488,516500,0.0,0.0
2015-09-21 00:00:00-04:00,11.321477088458831,11.499834975485392,11.083666842415964,11.287504196166992,763000,0.0,0.0
2015-09-22 00:00:00-04:00,11.041200642209304,11.083666960521024,10.684484864355099,11.024213790893555,658600,0.0,0.0
2015-09-23 00:00:00-04:00,11.066680255772802,11.151612893521094,10.888322364483521,11.015721321105957,269700,0.0,0.0
2015-09-24 00:00:00-04:00,10.939282111422227,11.007227897644043,10.709964475440344,11.007227897644043,147300,0.0,0.0
2015-09-25 00:00:00-04:00,11.04119972846346,11.049693153418438,10.540098995806014,10.56557846069336,196800,0.0,0.0
2015-09-28 00:00:00-04:00,10.591058984531129,10.642017915503754,10.251329268144008,10.302289009094238,343900,0.0,0.0
2015-09-29 00:00:00-04:00,10.336262667208283,10.574072919352483,9.99653373557371,10.132425308227539,449300,0.0,0.0
2015-09-30 00:00:00-04:00,10.276808078207303,10.446672507190588,10.064477339483826,10.174888610839844,249000,0.0,0.0
2015-10-01 00:00:00-04:00,10.200370337171384,10.370234790376141,10.098451665248527,10.302289009094238,200200,0.0,0.0
2015-10-02 00:00:00-04:00,10.12393011986059,10.591057927014175,9.911599372061463,10.531604766845703,173300,0.0,0.0
2015-10-05 00:00:00-04:00,10.625031177050941,10.794895619094701,10.54859197563686,10.675990104675293,306900,0.0,0.0
2015-10-06 00:00:00-04:00,10.684484939974368,10.684484939974368,10.531606516961242,10.582566261291504,256300,0.0,0.0
2015-10-07 00:00:00-04:00,10.616538047790527,10.743936180372984,10.548592269082874,10.616538047790527,290000,0.0,0.0
2015-10-08 00:00:00-04:00,10.60804403513679,10.837361633051183,10.591057996389907,10.743935585021973,661700,0.0,0.0
2015-10-09 00:00:00-04:00,10.752429157266189,10.845855206580321,10.667497342408616,10.709962844848633,462900,0.0,0.0
2015-10-12 00:00:00-04:00,10.69297695273288,10.709962991946677,10.030505223843795,10.684483528137207,323800,0.0,0.0
2015-10-13 00:00:00-04:00,10.642018621362093,10.84585678870548,10.540099942679229,10.582566261291504,306600,0.0,0.0
2015-10-14 00:00:00-04:00,10.599552152405414,11.253531343816471,10.506126900765683,10.60804557800293,855600,0.0,0.0
2015-10-15 00:00:00-04:00,10.667498280265335,11.729152134154187,10.667498280265335,11.397915840148926,759800,0.0,0.0
2015-10-16 00:00:00-04:00,11.448874567702068,11.542300623566517,11.024213033707584,11.22805118560791,415800,0.0,0.0
2015-10-19 00:00:00-04:00,11.134625734713238,11.397916256485138,10.947775232787516,11.083666801452637,867800,0.0,0.0
2015-10-20 00:00:00-04:00,12.357650226068511,12.87573698183635,11.992441064638484,12.688885688781738,3037800,0.0,0.0
2015-10-21 00:00:00-04:00,12.782313431650747,12.833272366513707,12.247239755723674,12.332172393798828,598700,0.0,0.0
2015-10-22 00:00:00-04:00,12.510526949506364,12.69737822955363,12.357649365810875,12.442581176757812,510600,0.0,0.0
2015-10-23 00:00:00-04:00,12.578474795827047,12.578474795827047,12.204772198191508,12.391623497009277,373100,0.0,0.0
2015-10-26 00:00:00-04:00,12.451077122236649,12.54450318616817,12.221760295267128,12.306692123413086,295800,0.0,0.0
2015-10-27 00:00:00-04:00,12.349155400966078,12.493540364228656,11.63572400836922,11.873534202575684,315400,0.0,0.0
2015-10-28 00:00:00-04:00,11.966961415449816,12.162305320184107,11.81408301349947,12.077373504638672,304400,0.0,0.0
2015-10-29 00:00:00-04:00,12.009427728211307,12.230251096611472,11.805589588951664,12.077373504638672,411600,0.0,0.0
2015-10-30 00:00:00-04:00,12.085866037130005,12.349156526481117,12.026413685654205,12.323677062988281,490100,0.0,0.0
2015-11-02 00:00:00-05:00,12.30669121820151,12.595461194608326,12.30669121820151,12.519021987915039,374800,0.0,0.0
2015-11-03 00:00:00-05:00,12.468062574998985,13.32587823591223,12.34915705696204,13.079574584960938,1008200,0.0,0.0
2015-11-04 00:00:00-05:00,13.122041892668086,13.504237130322956,12.96916428359272,13.308893203735352,388300,0.0,0.0
2015-11-05 00:00:00-05:00,13.334372520446777,13.385332262884484,12.960670712488232,13.334372520446777,360300,0.0,0.0
2015-11-06 00:00:00-05:00,13.283412883582544,13.436290482833485,13.028615804860864,13.045601844787598,298600,0.0,0.0
2015-11-09 00:00:00-05:00,13.054095987220657,13.215467830270681,12.400117619534473,12.654913902282715,1338000,0.0,0.0
2015-11-10 00:00:00-05:00,12.646419741946875,12.943682305498587,12.620939468802634,12.8162841796875,424100,0.0,0.0
2015-11-11 00:00:00-05:00,12.875737793072041,13.003136741354139,12.620940706485454,12.739846229553223,344500,0.0,0.0
2015-11-12 00:00:00-05:00,12.612448039782933,12.850258274970464,12.485049092020693,12.544502258300781,475400,0.0,0.0
2015-11-13 00:00:00-05:00,12.476556391595171,12.502036668614313,12.09436114606222,12.153814315795898,345800,0.0,0.0
2015-11-16 00:00:00-05:00,12.102852170682793,12.536007074343933,12.102852170682793,12.485047340393066,412000,0.0,0.0
2015-11-17 00:00:00-05:00,12.54450071969885,12.69737830429422,12.31518312783953,12.67189884185791,490600,0.0,0.0
2015-11-18 00:00:00-05:00,12.688885517129851,13.240945964146364,12.569980813139793,13.2069730758667,464600,0.0,0.0
2015-11-19 00:00:00-05:00,13.206974527692562,13.359852136767929,13.045602683141585,13.308893203735352,407200,0.0,0.0
2015-11-20 00:00:00-05:00,13.402316385332881,13.835472109108325,13.291904300836691,13.809991836547852,883000,0.0,0.0
2015-11-23 00:00:00-05:00,13.869444401326339,14.429997446723334,13.818485475368899,14.40451717376709,712100,0.0,0.0
2015-11-24 00:00:00-05:00,14.328079225546642,14.531916544078177,14.234653180403225,14.30259895324707,416400,0.0,0.0
2015-11-25 00:00:00-05:00,14.387534787542947,14.710276875642341,14.268628443543912,14.455480575561523,510600,0.0,0.0
2015-11-27 00:00:00-05:00,14.514931728240924,14.863154065317662,14.45547937117249,14.710275650024414,270700,0.0,0.0
2015-11-30 00:00:00-05:00,14.863155621515839,14.863155621515839,14.285615601029788,14.387535095214844,585800,0.0,0.0
2015-12-01 00:00:00-05:00,14.54040937875858,14.5489011825592,14.217665755867003,14.446983337402344,704100,0.0,0.0
2015-12-02 00:00:00-05:00,14.455476761157904,14.650820647670999,14.353557296046105,14.446983337402344,268300,0.0,0.0
2015-12-03 00:00:00-05:00,14.472465824849701,14.625342615995137,14.132735302423784,14.353559494018555,351400,0.0,0.0
2015-12-04 00:00:00-05:00,14.362052973196764,14.625342671109362,14.294107192446571,14.548903465270996,563100,0.0,0.0
2015-12-07 00:00:00-05:00,14.480955999479038,14.497942847678752,14.03081586187169,14.30259895324707,487400,0.0,0.0
2015-12-08 00:00:00-05:00,14.192185483736436,14.693286145599483,14.08177421483074,14.472463607788086,262800,0.0,0.0
2015-12-09 00:00:00-05:00,14.489449723797156,14.769726245079665,13.996842455483808,14.209173202514648,263300,0.0,0.0
2015-12-10 00:00:00-05:00,14.081776264540729,14.370546234425154,13.776019444673647,13.945884704589844,540600,0.0,0.0
2015-12-11 00:00:00-05:00,13.648620016908223,13.99684230879293,13.648620016908223,13.809991836547852,300400,0.0,0.0
2015-12-14 00:00:00-05:00,13.767525912714856,13.801499612416205,13.13902785781395,13.51272964477539,401400,0.0,0.0
2015-12-15 00:00:00-05:00,13.606154967410065,13.623141816347374,13.223958966095989,13.249439239501953,281300,0.0,0.0
2015-12-16 00:00:00-05:00,13.317384573397167,13.843963913340128,13.02861463086521,13.809991836547852,344500,0.0,0.0
2015-12-17 00:00:00-05:00,13.877938511141291,13.877938511141291,13.359850941792224,13.58067512512207,387900,0.0,0.0
2015-12-18 00:00:00-05:00,13.580673880072473,13.716565423516395,13.427796298686804,13.648619651794434,558700,0.0,0.0
2015-12-21 00:00:00-05:00,14.107255203266632,14.20067962941166,13.54670135659886,13.809991836547852,580000,0.0,0.0
2015-12-22 00:00:00-05:00,13.886432598248339,13.886432598248339,13.342865538734404,13.674101829528809,230500,0.0,0.0
2015-12-23 00:00:00-05:00,13.776020728903823,14.098764428840418,13.580676795758443,14.064790725708008,223600,0.0,0.0
2015-12-24 00:00:00-05:00,14.14122801422494,14.200680366664262,14.005336460090744,14.107255935668945,157700,0.0,0.0
2015-12-28 00:00:00-05:00,14.09876287035953,14.260134702489742,13.911910763696604,14.226161003112793,213700,0.0,0.0
2015-12-29 00:00:00-05:00,14.285613357067305,14.44698518919752,14.081776020671054,14.226161003112793,258600,0.0,0.0
2015-12-30 00:00:00-05:00,14.192187711343685,14.60835744088821,14.166709056034358,14.548903465270996,377500,0.0,0.0
2015-12-31 00:00:00-05:00,14.45547886755772,14.608357277524833,13.911911007679631,13.928897857666016,379900,0.0,0.0
2016-01-04 00:00:00-05:00,13.7250610639085,13.835473973258907,13.300399517079757,13.606156349182129,518000,0.0,0.0
2016-01-05 00:00:00-05:00,13.682596252146022,13.962872822490013,13.589170188712917,13.852459907531738,262300,0.0,0.0
2016-01-06 00:00:00-05:00,13.572181850838973,13.809992886281643,13.39382478922333,13.538208961486816,354100,0.0,0.0
2016-01-07 00:00:00-05:00,13.257931059404411,13.648619651794434,13.240945021462666,13.648619651794434,511200,0.0,0.0
2016-01-08 00:00:00-05:00,13.665607540069022,13.877938295359149,13.376837583278041,13.40231704711914,521600,0.0,0.0
2016-01-11 00:00:00-05:00,13.427796298686804,13.691086771592522,13.393823412825824,13.648619651794434,307400,0.0,0.0
2016-01-12 00:00:00-05:00,13.72506055715831,14.12424181325506,12.884230919876746,13.495743751525879,751500,0.0,0.0
2016-01-13 00:00:00-05:00,13.563688361904681,13.767524874904293,12.73984483573354,12.833270072937012,447100,0.0,0.0
2016-01-14 00:00:00-05:00,12.909710773920269,13.37683863425485,12.61244817914562,13.18149471282959,441000,0.0,0.0
2016-01-15 00:00:00-05:00,12.773818670705996,13.020122323406659,12.680393426570427,12.841764450073242,503500,0.0,0.0
2016-01-19 00:00:00-05:00,12.994642706380976,13.062588484952107,12.782311945851802,12.884230613708496,450900,0.0,0.0
2016-01-20 00:00:00-05:00,12.663406673126074,12.909710327701452,12.247238568839675,12.586967468261719,698400,0.0,0.0
2016-01-21 00:00:00-05:00,12.603954619791493,12.875737745831977,12.451076206404919,12.519021987915039,330400,0.0,0.0
2016-01-22 00:00:00-05:00,12.68039298829946,13.045601337281358,12.45956880799944,12.935189247131348,262800,0.0,0.0
2016-01-25 00:00:00-05:00,12.909710683951744,13.045602247470562,12.654913597365159,12.739846229553223,239700,0.0,0.0
2016-01-26 00:00:00-05:00,12.739846725061621,12.994643821558382,12.603955156257387,12.850258827209473,240100,0.0,0.0
2016-01-27 00:00:00-05:00,12.833270365414315,13.05409454199434,12.586966725375838,12.790804862976074,239300,0.0,0.0
2016-01-28 00:00:00-05:00,12.943684510919349,12.986150830084547,12.468064004206592,12.52751636505127,159200,0.0,0.0
2016-01-29 00:00:00-05:00,12.502034625593554,12.858750345792295,12.485047777023365,12.833270072937012,279200,0.0,0.0
2016-02-01 00:00:00-05:00,12.646420184128454,12.850257516544367,12.400116538298168,12.697379112243652,535300,0.0,0.0
2016-02-02 00:00:00-05:00,12.595461432419059,13.003136939154578,12.374637233353056,12.926697731018066,334800,0.0,0.0
2016-02-03 00:00:00-05:00,13.02012257295051,13.045602038207171,11.669698764683483,11.890522956848145,418900,0.0,0.0
2016-02-04 00:00:00-05:00,11.805587669989297,12.068878118331437,11.508325148933077,11.601750373840332,619100,0.0,0.0
2016-02-05 00:00:00-05:00,11.482848529290855,11.61024666839709,10.913801995991458,10.947774887084961,604900,0.0,0.0
2016-02-08 00:00:00-05:00,10.845856556288675,11.151612585785196,10.531606291278534,11.083666801452637,362500,0.0,0.0
2016-02-09 00:00:00-05:00,10.964760273338818,11.304489973978658,10.794895828007682,10.862841606140137,160100,0.0,0.0
2016-02-10 00:00:00-05:00,10.947774741695179,11.279010222963528,10.888321575587893,10.956267356872559,185600,0.0,0.0
2016-02-11 00:00:00-05:00,10.78640300211914,10.862842209256529,10.574072231172002,10.726950645446777,216800,0.0,0.0
2016-02-12 00:00:00-05:00,10.845855538258352,11.32147598394286,10.599551080699777,11.312982559204102,432100,0.0,0.0
2016-02-16 00:00:00-05:00,11.194076978377426,11.516819803441962,10.659003411294973,11.066678047180176,823500,0.0,0.0
2016-02-17 00:00:00-05:00,11.185585020246133,11.593259709559769,10.956267400024009,11.19407844543457,841100,0.0,0.0
2016-02-18 00:00:00-05:00,11.15161213291517,11.236543954892946,10.93078793781326,11.177091598510742,303800,0.0,0.0
2016-02-19 00:00:00-05:00,11.117639882797597,11.262024879455566,10.905309100650898,11.262024879455566,261000,0.0,0.0
2016-02-22 00:00:00-05:00,11.304489284123331,11.508326606081543,11.007225915451135,11.25352954864502,555000,0.0,0.0
2016-02-23 00:00:00-05:00,11.134624833739162,11.312982705674461,11.100651944321847,11.29599666595459,707400,0.0,0.0
2016-02-24 00:00:00-05:00,11.211064438219337,11.270517604308276,10.752430009700559,10.973254203796387,357300,0.0,0.0
2016-02-25 00:00:00-05:00,10.947773998115755,11.160104752703106,10.81188163479871,11.151611328125,218400,0.0,0.0
2016-02-26 00:00:00-05:00,11.194077494775904,11.33846247080697,10.820374917997544,11.168597221374512,241200,0.0,0.0
2016-02-29 00:00:00-05:00,11.075171996620105,11.270516709731309,10.67598995589702,10.718456268310547,544100,0.0,0.0
2016-03-01 00:00:00-05:00,10.786403201781988,11.01572082743896,10.675991101648368,10.888321876525879,636700,0.0,0.0
2016-03-02 00:00:00-05:00,10.871335987368951,10.973254663534512,10.659005209529626,10.854349136352539,591500,0.0,0.0
2016-03-03 00:00:00-05:00,10.85434829222033,11.491340576200027,10.743936199133207,11.304490089416504,505600,0.0,0.0
2016-03-04 00:00:00-05:00,11.321476636581728,11.576273723589553,11.202571113317381,11.380928993225098,325000,0.0,0.0
2016-03-07 00:00:00-05:00,11.287503694316795,11.508327889384569,11.100652390030403,11.185585021972656,373800,0.0,0.0
2016-03-08 00:00:00-05:00,11.066679399907887,11.245037277403487,10.659004714190859,10.760923385620117,441400,0.0,0.0
2016-03-09 00:00:00-05:00,11.032707411424708,12.47655658968267,11.015721369786583,12.306692123413086,905500,0.0,0.0
2016-03-10 00:00:00-05:00,12.306690230845142,12.434089168438703,11.669697972809958,11.865042686462402,343700,0.0,0.0
2016-03-11 00:00:00-05:00,12.043402489574747,12.425597743917143,11.652713809363533,11.856551170349121,364300,0.0,0.0
2016-03-14 00:00:00-04:00,11.797098311681493,12.060388022689247,11.542301216206711,11.7631254196167,417300,0.0,0.0
2016-03-15 00:00:00-04:00,11.627232549885038,11.788604387854695,11.516821262824879,11.635725975036621,361300,0.0,0.0
2016-03-16 00:00:00-04:00,11.627231662319673,11.856549264041812,11.542299847219933,11.848055839538574,259400,0.0,0.0
2016-03-17 00:00:00-04:00,11.814083451635874,12.05189367795107,11.448874282311497,11.975455284118652,278500,0.0,0.0
2016-03-18 00:00:00-04:00,12.000934808598938,12.187786106624674,11.8735358649542,12.16230583190918,305000,0.0,0.0
2016-03-21 00:00:00-04:00,12.085866923147986,12.247238760380423,11.983948251727416,12.111347198486328,215800,0.0,0.0
2016-03-22 00:00:00-04:00,12.009428577651086,12.391623799582483,12.009428577651086,12.315184593200684,222400,0.0,0.0
2016-03-23 00:00:00-04:00,12.230252904117577,12.476556582562326,12.221760288292193,12.332172393798828,396900,0.0,0.0
2016-03-24 00:00:00-04:00,12.204773436686096,12.332172393798828,11.9499763324383,12.332172393798828,348600,0.0,0.0
2016-03-28 00:00:00-04:00,12.29819759150555,12.561488098026313,12.238745236152756,12.357650756835938,167300,0.0,0.0
2016-03-29 00:00:00-04:00,12.349156801389311,12.714365962819338,12.349156801389311,12.688885688781738,186100,0.0,0.0
2016-03-30 00:00:00-04:00,12.722860336303711,12.867245335899376,12.663407975285851,12.722860336303711,218600,0.0,0.0
2016-03-31 00:00:00-04:00,12.688888703206313,12.799300820333197,12.569983969360244,12.663409233093262,266800,0.0,0.0
2016-04-01 00:00:00-04:00,12.59546132859858,13.325878892591348,12.561488437482117,13.18149471282959,269200,0.0,0.0
2016-04-04 00:00:00-04:00,13.223960641421117,13.240947492510466,12.697380407315887,12.850258827209473,256100,0.0,0.0
2016-04-05 00:00:00-04:00,12.807792702017705,13.198481373192363,12.340664819747058,13.011630058288574,330400,0.0,0.0
2016-04-06 00:00:00-04:00,13.198481292620496,13.546703643285205,13.198481292620496,13.478757858276367,276100,0.0,0.0
2016-04-07 00:00:00-04:00,13.402317799647982,13.521223320878816,13.02861600574444,13.223959922790527,408200,0.0,0.0
2016-04-08 00:00:00-04:00,13.368344454639578,13.54670232543113,13.028615562644985,13.342864990234375,207700,0.0,0.0
2016-04-11 00:00:00-04:00,13.444783753949174,13.563689271986119,13.06258854522856,13.079574584960938,192100,0.0,0.0
2016-04-12 00:00:00-04:00,13.14752071377815,13.48725042722123,13.02861600255403,13.240946769714355,184000,0.0,0.0
2016-04-13 00:00:00-04:00,13.283411758339994,13.665606939057831,13.283411758339994,13.563688278198242,468200,0.0,0.0
2016-04-14 00:00:00-04:00,13.623142898623579,13.750541035864256,13.504236566571102,13.674101829528809,252200,0.0,0.0
2016-04-15 00:00:00-04:00,13.60615610015379,13.937391582232053,13.529716893527235,13.86944580078125,219500,0.0,0.0
2016-04-18 00:00:00-04:00,13.759034924472441,14.022324632965956,13.351359413610286,13.546703338623047,983700,0.0,0.0
2016-04-19 00:00:00-04:00,15.117952028898063,15.686998627039525,14.820690210429357,15.21137809753418,2752100,0.0,0.0
2016-04-20 00:00:00-04:00,15.177405098126982,15.99275452815519,15.168911672403109,15.415214538574219,1527200,0.0,0.0
2016-04-21 00:00:00-04:00,15.5680882472014,15.98425626191101,15.347264105118883,15.653020858764648,1003700,0.0,0.0
2016-04-22 00:00:00-04:00,15.720971449619032,16.145633017831468,15.593573303146366,15.856863021850586,849200,0.0,0.0
2016-04-25 00:00:00-04:00,15.91631627553431,16.01823577040602,15.194391245062992,15.21137809753418,423300,0.0,0.0
2016-04-26 00:00:00-04:00,15.245349637964265,15.68699639982288,14.990551746938527,15.517132759094238,924100,0.0,0.0
2016-04-27 00:00:00-04:00,15.636039051348043,15.71247826439287,15.296310115568456,15.372749328613281,375800,0.0,0.0
2016-04-28 00:00:00-04:00,15.423707880987314,15.644532088749338,15.024526593853253,15.03302001953125,397200,0.0,0.0
2016-04-29 00:00:00-04:00,15.09247082595482,15.287814736577408,14.803700862445279,15.151923179626465,406200,0.0,0.0
2016-05-02 00:00:00-04:00,15.143428511872685,15.287813481776553,14.650821253369196,15.185894012451172,733500,0.0,0.0
2016-05-03 00:00:00-04:00,15.134935672258626,15.304800921042577,14.914111496821516,15.083976745605469,344400,0.0,0.0
2016-05-04 00:00:00-04:00,15.07548493082086,15.398226994024323,14.931099939924646,15.126443862915039,479600,0.0,0.0
2016-05-05 00:00:00-04:00,15.20288266641598,15.287815297616,14.659316418664188,14.778221130371094,332300,0.0,0.0
2016-05-06 00:00:00-04:00,14.778219220243422,14.93959103667016,14.667807947923015,14.820686340332031,194900,0.0,0.0
2016-05-09 00:00:00-04:00,14.761233032088933,14.9990440553512,14.718767530056951,14.854659080505371,257100,0.0,0.0
2016-05-10 00:00:00-04:00,14.973564790114304,15.211375829384979,14.77822087568938,15.109457969665527,267200,0.0,0.0
2016-05-11 00:00:00-04:00,15.007539057186996,15.050004563682517,14.701782226562502,14.7017822265625,284500,0.0,0.0
2016-05-12 00:00:00-04:00,14.812195135379229,14.990552206606695,14.480958028884281,14.7017822265625,247900,0.0,0.0
2016-05-13 00:00:00-04:00,14.62534177220777,14.982057504210648,14.62534177220777,14.795207023620605,252400,0.0,0.0
2016-05-16 00:00:00-04:00,14.786712067209917,15.041508297978199,14.616846833394444,14.95657730102539,291300,0.0,0.0
2016-05-17 00:00:00-04:00,14.97356363727368,14.999043910219358,14.328079588866965,14.463971138000488,427800,0.0,0.0
2016-05-18 00:00:00-04:00,14.32808279085379,14.965075177253022,14.183697785138413,14.769729614257812,374000,0.0,0.0
2016-05-19 00:00:00-04:00,14.693290701668948,14.820690477543572,14.455481242607927,14.718770980834961,247600,0.0,0.0
2016-05-20 00:00:00-04:00,14.820686420393347,15.01603031399123,14.531916482050823,14.982056617736816,212000,0.0,0.0
2016-05-23 00:00:00-04:00,14.956578036962327,15.45767871942416,14.888632264083858,15.24534797668457,359000,0.0,0.0
2016-05-24 00:00:00-04:00,15.3302825038886,15.423708570568271,14.948088051022944,15.313297271728516,406000,0.0,0.0
2016-05-25 00:00:00-04:00,15.34726780672926,15.491652795224578,15.304802300682786,15.398226737976074,173100,0.0,0.0
2016-05-26 00:00:00-04:00,15.46617216542662,15.46617216542662,15.245349595095837,15.253841400146484,93100,0.0,0.0
2016-05-27 00:00:00-04:00,15.21137717660798,15.491653745592428,15.177405093677756,15.432201385498047,154000,0.0,0.0
2016-05-31 00:00:00-04:00,15.56809265032145,15.7124776448289,15.330281594675272,15.500146865844727,383600,0.0,0.0
2016-06-01 00:00:00-04:00,15.44918703961508,15.746450437004121,15.381241259065172,15.678503036499023,465100,0.0,0.0
2016-06-02 00:00:00-04:00,15.585078592777982,15.737957003926217,15.483159112027431,15.720970153808594,286500,0.0,0.0
2016-06-03 00:00:00-04:00,15.66151418125154,15.670007604348756,15.177400404393953,15.440690040588379,202300,0.0,0.0
2016-06-06 00:00:00-04:00,15.457680464678218,15.712476736751572,15.406719914299394,15.678503036499023,195100,0.0,0.0
2016-06-07 00:00:00-04:00,15.636037524764793,15.79740936098824,15.59357201942161,15.71247673034668,293100,0.0,0.0
2016-06-08 00:00:00-04:00,15.754941276187838,15.933299951668294,15.559597371577649,15.737956047058105,210300,0.0,0.0
2016-06-09 00:00:00-04:00,15.619049141599891,16.18809560510338,15.542609943520688,15.86535358428955,345600,0.0,0.0
2016-06-10 00:00:00-04:00,15.788915456129253,15.788915456129253,15.058497122745315,15.177403450012207,369300,0.0,0.0
2016-06-13 00:00:00-04:00,15.321790393235181,15.950289329416254,15.117951411812081,15.372749328613281,568900,0.0,0.0
2016-06-14 00:00:00-04:00,15.279319897604092,15.304800169657257,14.404516663238601,14.820686340332031,499700,0.0,0.0
2016-06-15 00:00:00-04:00,14.914110842196648,15.253839704897768,14.829178221532619,15.024523735046387,381200,0.0,0.0
2016-06-16 00:00:00-04:00,14.880139199861839,15.440692244655159,14.837672078313833,15.34726619720459,347000,0.0,0.0
2016-06-17 00:00:00-04:00,15.364255871490382,15.576586658415396,15.02452693640143,15.160418510437012,1476100,0.0,0.0
2016-06-20 00:00:00-04:00,15.347264385988998,15.890830518013866,15.117946816557936,15.602062225341797,258200,0.0,0.0
2016-06-21 00:00:00-04:00,15.610560110868347,16.001249635447508,15.449189865022301,15.90782356262207,408900,0.0,0.0
2016-06-22 00:00:00-04:00,16.01823336230966,16.986461128233305,16.00124651239219,16.179603576660156,954200,0.0,0.0
2016-06-23 00:00:00-04:00,16.417412262015663,16.808101654331928,16.17960125712946,16.79960823059082,705300,0.0,0.0
2016-06-24 00:00:00-04:00,16.230567960967754,16.75714747317521,15.83138499337393,16.60426902770996,1224100,0.0,0.0
2016-06-27 00:00:00-04:00,16.468372340593525,16.553304964011968,15.610555921981852,16.510839462280273,771100,0.0,0.0
2016-06-28 00:00:00-04:00,16.54481274400039,16.833582712670133,16.103164366040172,16.213577270507812,729300,0.0,0.0
2016-06-29 00:00:00-04:00,16.400429444562803,16.850571293723924,16.340977083720933,16.706186294555664,339400,0.0,0.0
2016-06-30 00:00:00-04:00,16.68070511620833,16.893035890579434,16.451389111053526,16.88454246520996,526200,0.0,0.0
2016-07-01 00:00:00-04:00,16.76563774238653,16.977968516661875,16.689198534050988,16.918516159057617,325800,0.0,0.0
2016-07-05 00:00:00-04:00,16.95248529411462,16.977965565782917,16.43439939649899,16.680702209472656,292900,0.0,0.0
2016-07-06 00:00:00-04:00,16.62974648120129,16.952488551234033,16.62974648120129,16.825090408325195,393900,0.0,0.0
2016-07-07 00:00:00-04:00,16.910022735595703,16.969475093206654,16.587280671441157,16.910022735595703,475100,0.0,0.0
2016-07-08 00:00:00-04:00,16.986460743310513,17.411122261893276,16.901528115602932,17.207284927368164,937900,0.0,0.0
2016-07-11 00:00:00-04:00,17.326191925680494,17.674414287376486,17.27523299029837,17.564002990722656,351100,0.0,0.0
2016-07-12 00:00:00-04:00,17.708383560483362,17.878247175910804,17.530024901336365,17.69989013671875,436300,0.0,0.0
2016-07-13 00:00:00-04:00,17.708386996171996,17.708386996171996,16.8675573198012,17.3092041015625,407100,0.0,0.0
2016-07-14 00:00:00-04:00,17.50454861854168,17.50454861854168,17.139339447021484,17.139339447021484,313800,0.0,0.0
2016-07-15 00:00:00-04:00,17.283725036743682,17.309203692423576,16.8845421515697,17.01194190979004,473200,0.0,0.0
2016-07-18 00:00:00-04:00,16.91002142296027,17.198791383187984,16.646731736854456,16.77412986755371,1019100,0.0,0.0
2016-07-19 00:00:00-04:00,16.2220704055815,16.2220704055815,14.965072693807702,15.151923179626465,3066300,0.0,0.0
2016-07-20 00:00:00-04:00,15.100962931648514,15.338772325561797,14.956577962506163,15.024523735046387,961000,0.0,0.0
2016-07-21 00:00:00-04:00,15.07548609901877,15.143431887061205,14.294108726553103,14.438493728637695,1010300,0.0,0.0
2016-07-22 00:00:00-04:00,14.430000297571294,14.769729237664174,14.413013445577807,14.455480575561523,408400,0.0,0.0
2016-07-25 00:00:00-04:00,14.379040753013049,14.85466124901442,14.379040753013049,14.599864959716797,426200,0.0,0.0
2016-07-26 00:00:00-04:00,14.540411359862166,14.727261848077724,14.540411359862166,14.62534236907959,400600,0.0,0.0
2016-07-27 00:00:00-04:00,14.701780973348038,14.829179101930116,14.548902571067504,14.795207023620605,555600,0.0,0.0
2016-07-28 00:00:00-04:00,14.659317317039587,14.820689164213544,14.455479961640782,14.608358383178711,372200,0.0,0.0
2016-07-29 00:00:00-04:00,14.642328860735034,14.795207265515055,14.081775789845043,14.48095703125,594000,0.0,0.0
2016-08-01 00:00:00-04:00,14.54890502161496,14.744250579629313,14.353561083555975,14.455480575561523,373400,0.0,0.0
2016-08-02 00:00:00-04:00,14.455480588273012,14.506439524342914,14.285615308099517,14.413013458251953,502900,0.0,0.0
2016-08-03 00:00:00-04:00,14.396025363433727,14.591369262818786,14.277119042975608,14.463971138000488,284800,0.0,0.0
2016-08-04 00:00:00-04:00,14.446983337402342,14.633833800159875,14.396024414823914,14.446983337402344,167200,0.0,0.0
2016-08-05 00:00:00-04:00,14.667812063348077,14.990554166800012,14.608359698498152,14.922608375549316,421200,0.0,0.0
2016-08-08 00:00:00-04:00,14.922604562389122,15.07548295862716,14.625341194143497,14.905617713928223,435500,0.0,0.0
2016-08-09 00:00:00-04:00,14.837676352897354,14.956582707532437,14.548906322999388,14.55739974975586,213300,0.0,0.0
2016-08-10 00:00:00-04:00,14.62534037699956,14.65931407202319,14.243146027713378,14.429996490478516,205400,0.0,0.0
2016-08-11 00:00:00-04:00,14.430000302637971,14.63383766676527,14.243149790510122,14.438493728637695,237200,0.0,0.0
2016-08-12 00:00:00-04:00,14.421507179972927,14.489452969444498,14.149724022086646,14.387535095214844,345000,0.0,0.0
2016-08-15 00:00:00-04:00,14.489448836814924,14.608355149442685,14.345063872874384,14.429996490478516,208000,0.0,0.0
2016-08-16 00:00:00-04:00,14.345063786995704,14.506435597481985,14.234652518739782,14.251639366149902,300300,0.0,0.0
2016-08-17 00:00:00-04:00,14.234652890671986,14.523422824369476,14.20917261889104,14.37054443359375,239100,0.0,0.0
2016-08-18 00:00:00-04:00,14.328080589822001,14.66780948638916,14.268626615461981,14.66780948638916,294900,0.0,0.0
2016-08-19 00:00:00-04:00,14.591369268869453,14.701780545103084,14.336571399172152,14.40451717376709,286600,0.0,0.0
2016-08-22 00:00:00-04:00,14.336571399172152,14.455477719679578,14.23465354725727,14.40451717376709,194000,0.0,0.0
2016-08-23 00:00:00-04:00,14.336572051174993,14.72726148783006,14.336572051174993,14.48095703125,467200,0.0,0.0
2016-08-24 00:00:00-04:00,14.234656949122598,14.387535383485577,13.928900080396641,14.115752220153809,746600,0.0,0.0
2016-08-25 00:00:00-04:00,14.12424021192727,14.285612029056127,14.005335515071797,14.081774711608887,430300,0.0,0.0
2016-08-26 00:00:00-04:00,13.988348882407342,14.115748625234668,13.597661089604944,13.835472106933594,442200,0.0,0.0
2016-08-29 00:00:00-04:00,13.894925360617847,13.928897439615831,13.546702236146523,13.58067512512207,507300,0.0,0.0
2016-08-30 00:00:00-04:00,13.546702422276166,13.631634240893206,13.054095120373583,13.079574584960938,909700,0.0,0.0
2016-08-31 00:00:00-04:00,13.113547025614455,13.351358053549667,12.782311567382095,13.2069730758667,833400,0.0,0.0
2016-09-01 00:00:00-04:00,13.27491941670902,13.699580133267322,13.240946526985253,13.51272964477539,875900,0.0,0.0
2016-09-02 00:00:00-04:00,13.589168029155653,13.920403481480701,13.461769902873332,13.911910057067871,594400,0.0,0.0
2016-09-06 00:00:00-04:00,13.877938567136782,13.971364619679674,13.648620958143395,13.818486213684082,402100,0.0,0.0
2016-09-07 00:00:00-04:00,13.8439655218368,13.920404728444488,13.648621602708362,13.886432647705078,400100,0.0,0.0
2016-09-08 00:00:00-04:00,13.88643103793011,13.928896538920393,13.733552642437061,13.767524719238281,337200,0.0,0.0
2016-09-09 00:00:00-04:00,13.691088938666534,13.708074169319271,13.385332107543945,13.385332107543945,323500,0.0,0.0
2016-09-12 00:00:00-04:00,13.266426047755518,13.742047315872517,13.266426047755518,13.708073616027832,498600,0.0,0.0
2016-09-13 00:00:00-04:00,13.60615631121,13.742047876219532,13.300399479960937,13.359851837158203,282800,0.0,0.0
2016-09-14 00:00:00-04:00,13.376839025884863,13.657115588295667,13.308893241662707,13.529717445373535,354000,0.0,0.0
2016-09-15 00:00:00-04:00,13.495742434985935,13.784511567616402,13.402316388861287,13.767524719238281,227000,0.0,0.0
2016-09-16 00:00:00-04:00,13.73355418388969,13.826980240500468,13.67410182784836,13.682595252990723,670400,0.0,0.0
2016-09-19 00:00:00-04:00,13.699581211408786,13.801500698578618,13.18149520983174,13.283413887023926,324400,0.0,0.0
2016-09-20 00:00:00-04:00,13.308891830712543,13.691087838915482,12.782311653827726,12.935189247131348,555500,0.0,0.0
2016-09-21 00:00:00-04:00,12.935189451269046,13.173000484565588,12.926696836490828,13.13902759552002,205200,0.0,0.0
2016-09-22 00:00:00-04:00,13.206973283861903,13.402317192052047,13.147520120953004,13.393824577331543,311300,0.0,0.0
2016-09-23 00:00:00-04:00,13.38533115510735,13.56368902391189,13.359850881008445,13.376837730407715,186500,0.0,0.0
2016-09-26 00:00:00-04:00,13.283413848205287,13.4617717352648,13.045602792140837,13.071083068847656,303800,0.0,0.0
2016-09-27 00:00:00-04:00,13.020120620385086,13.122039276105074,12.841762770380736,13.028614044189453,275300,0.0,0.0
2016-09-28 00:00:00-04:00,14.05629733287199,14.472467097442864,13.818487890209013,14.277121543884277,1812300,0.0,0.0
2016-09-29 00:00:00-04:00,14.192183779053556,14.404514487560915,14.141224862599119,14.158211708068848,703400,0.0,0.0
2016-09-30 00:00:00-04:00,14.27712151277725,14.336573873313458,13.988351515925379,14.056297302246094,4666900,0.0,0.0
2016-10-03 00:00:00-04:00,13.843965272153703,14.26862680344621,13.801499767006524,14.183695793151855,684000,0.0,0.0
2016-10-04 00:00:00-04:00,14.183695793151855,14.26862680344621,14.01383053265278,14.183695793151855,550100,0.0,0.0
2016-10-05 00:00:00-04:00,14.226161358086431,14.438492124625034,14.081776372041972,14.353559494018555,673200,0.0,0.0
2016-10-06 00:00:00-04:00,14.268627800745989,14.650823853604754,14.166709933287184,14.396027565002441,623600,0.0,0.0
2016-10-07 00:00:00-04:00,14.480954066336981,14.480954066336981,14.124238401537973,14.268623352050781,701900,0.0,0.0
2016-10-10 00:00:00-04:00,14.396026558798109,14.396026558798109,14.124241818008551,14.183695793151855,418500,0.0,0.0
2016-10-11 00:00:00-04:00,14.183696999491405,14.183696999491405,13.589170157134637,13.631635665893555,436200,0.0,0.0
2016-10-12 00:00:00-04:00,13.71656708518497,14.226161244811026,13.589168950267249,13.971364974975586,462300,0.0,0.0
2016-10-13 00:00:00-04:00,13.759033570693228,14.056295331701303,13.546702005735566,13.843964576721191,385300,0.0,0.0
2016-10-14 00:00:00-04:00,13.8014997746121,14.421505221851586,13.67410163914518,14.141228675842285,792700,0.0,0.0
2016-10-17 00:00:00-04:00,14.05629574613834,14.523424392840507,14.05629574613834,14.226161003112793,833100,0.0,0.0
2016-10-18 00:00:00-04:00,15.03302010073174,15.839876105036073,14.26862798513615,15.415214538574219,1722900,0.0,0.0
2016-10-19 00:00:00-04:00,15.50014678525253,15.50014678525253,14.718769457855288,15.075485229492188,841400,0.0,0.0
2016-10-20 00:00:00-04:00,14.990549960821502,15.033017080910113,14.608355599753951,14.820686340332031,391500,0.0,0.0
2016-10-21 00:00:00-04:00,14.69328947223256,15.075485527965933,14.69328947223256,15.03302001953125,356600,0.0,0.0
2016-10-24 00:00:00-04:00,15.11795134947242,15.372749265222948,14.820689544363148,14.948087692260742,376500,0.0,0.0
2016-10-25 00:00:00-04:00,15.033019023971146,15.033019023971146,14.548903512117604,14.778221130371094,315300,0.0,0.0
2016-10-26 00:00:00-04:00,14.650823853604754,14.86315463409178,14.311094928816573,14.396027565002441,292400,0.0,0.0
2016-10-27 00:00:00-04:00,14.523424694194825,14.523424694194825,14.098763162902317,14.183695793151855,334300,0.0,0.0
2016-10-28 00:00:00-04:00,14.141230298468788,14.480959238680953,14.09876478842553,14.438493728637695,288700,0.0,0.0
2016-10-31 00:00:00-04:00,14.480958581233015,14.480958581233015,14.183696784515416,14.396027565002441,361000,0.0,0.0
2016-11-01 00:00:00-04:00,14.438493362772196,14.608358638551646,14.056297302246094,14.056297302246094,318300,0.0,0.0
2016-11-02 00:00:00-04:00,14.098762454670386,14.141227957684366,13.716566447724146,13.843964576721191,351000,0.0,0.0
2016-11-03 00:00:00-04:00,13.801500015923736,14.141228923093893,13.640128177534706,13.886432647705078,265800,0.0,0.0
2016-11-04 00:00:00-04:00,13.971365035204785,14.43849207190189,13.971365035204785,14.141228675842285,207600,0.0,0.0
2016-11-07 00:00:00-05:00,14.353561088595812,14.480959238680953,14.141230298468788,14.438493728637695,177500,0.0,0.0
2016-11-08 00:00:00-05:00,14.438493728637695,14.591372156722013,14.268628448553928,14.438493728637695,676800,0.0,0.0
2016-11-09 00:00:00-05:00,14.26862511886503,14.863151840465651,13.589167396997167,14.820686340332031,425600,0.0,0.0
2016-11-10 00:00:00-05:00,14.863152212731004,15.11794845982438,14.523423343288158,14.905617713928223,394500,0.0,0.0
2016-11-11 00:00:00-05:00,14.948085109394231,15.79740810856487,14.948085109394231,15.7549409866333,546400,0.0,0.0
2016-11-14 00:00:00-05:00,15.839875267425803,16.34946944422383,15.754942634633595,16.05220603942871,331000,0.0,0.0
2016-11-15 00:00:00-05:00,16.05220544218944,16.30700333108604,15.941794157636199,16.179603576660156,351100,0.0,0.0
2016-11-16 00:00:00-05:00,16.09467226117177,16.476866657321924,16.05220513718499,16.307003021240234,277200,0.0,0.0
2016-11-17 00:00:00-05:00,16.476866657321924,16.476866657321924,16.120150915608697,16.307003021240234,256300,0.0,0.0
2016-11-18 00:00:00-05:00,16.222071395931817,16.60426581570597,16.222071395931817,16.47686767578125,508100,0.0,0.0
2016-11-21 00:00:00-05:00,16.561797512391472,16.816593749215507,16.391932274538803,16.73166275024414,591000,0.0,0.0
2016-11-22 00:00:00-05:00,16.774131845544886,17.215780262672556,16.774131845544886,17.198793411254883,518100,0.0,0.0
2016-11-23 00:00:00-05:00,17.24125862121582,17.623454671717102,17.113860477700488,17.24125862121582,380200,0.0,0.0
2016-11-25 00:00:00-05:00,17.326189939670815,17.326189939670815,17.028926547430682,17.113859176635742,118000,0.0,0.0
2016-11-28 00:00:00-05:00,17.02892684136168,17.326190238732785,16.943995830645814,17.071393966674805,329600,0.0,0.0
2016-11-29 00:00:00-05:00,17.028927443160672,17.28372534417835,16.901529302629456,16.94399642944336,172000,0.0,0.0
2016-11-30 00:00:00-05:00,17.028928756713867,17.15632852702751,16.77413245599732,17.028928756713867,350800,0.0,0.0
2016-12-01 00:00:00-05:00,17.07139711619364,17.156329762534007,16.137141246360613,16.33248519897461,323100,0.0,0.0
2016-12-02 00:00:00-05:00,16.3494676389143,16.731663634299515,16.009738765213587,16.519332885742188,175000,0.0,0.0
2016-12-05 00:00:00-05:00,16.60426686029736,17.241259219950027,16.51933584164128,17.156328201293945,259700,0.0,0.0
2016-12-06 00:00:00-05:00,17.15632690378043,17.15632690378043,16.56180009841919,16.986461639404297,283300,0.0,0.0
2016-12-07 00:00:00-05:00,16.986459871617757,17.5809866151064,16.986459871617757,17.411121368408203,234100,0.0,0.0
2016-12-08 00:00:00-05:00,17.411125523200734,17.79332160949707,17.1563292123068,17.79332160949707,225000,0.0,0.0
2016-12-09 00:00:00-05:00,17.793319405538828,18.04811568487258,17.7083867724425,17.835784912109375,336500,0.0,0.0
2016-12-12 00:00:00-05:00,17.70838458549049,18.13304607857201,17.69139773697802,17.92071533203125,342100,0.0,0.0
2016-12-13 00:00:00-05:00,18.00564795463856,18.17551157989815,17.750850086816627,17.92071533203125,310800,0.0,0.0
2016-12-14 00:00:00-05:00,17.87825103768315,17.96318367372012,17.496056605449702,17.66592025756836,377700,0.0,0.0
2016-12-15 00:00:00-05:00,17.665917319547326,18.133045930084815,17.368655572788494,17.49605369567871,368600,0.0,0.0
2016-12-16 00:00:00-05:00,17.538521116928766,17.835784516189634,17.32619034887889,17.453588485717773,815800,0.0,0.0
2016-12-19 00:00:00-05:00,17.453588485717773,17.835784516189634,17.32619034887889,17.453588485717773,235200,0.0,0.0
2016-12-20 00:00:00-05:00,17.5385236786477,17.79332160949707,17.368660011370224,17.79332160949707,277400,0.0,0.0
2016-12-21 00:00:00-05:00,17.665918940045387,17.835784199450796,17.49605530059515,17.58098793029785,175200,0.0,0.0
2016-12-22 00:00:00-05:00,17.496054290738634,17.665917920384498,17.283723538714998,17.326189041137695,160600,0.0,0.0
2016-12-23 00:00:00-05:00,17.326188745059103,17.411121368408203,16.859061746571637,17.411121368408203,148100,0.0,0.0
2016-12-27 00:00:00-05:00,17.41111946093558,17.750848297157983,17.32618684689126,17.394132614135742,167300,0.0,0.0
2016-12-28 00:00:00-05:00,17.36865767427298,17.538521318693892,16.943996133287875,16.986461639404297,134000,0.0,0.0
2016-12-29 00:00:00-05:00,16.986461042805733,17.326189939670815,16.77413027977066,17.113859176635742,152300,0.0,0.0
2016-12-30 00:00:00-05:00,17.113863305942264,17.15633044076903,16.476870863140775,16.60426902770996,285100,0.0,0.0
2017-01-03 00:00:00-05:00,16.646730131317806,17.07139160599451,16.36645362282938,16.73166275024414,376900,0.0,0.0
2017-01-04 00:00:00-05:00,16.68919724043583,17.198791383187984,16.137137594102306,16.77412986755371,278600,0.0,0.0
2017-01-05 00:00:00-05:00,16.689197424241936,16.81659555634429,16.264535903930664,16.264535903930664,177500,0.0,0.0
2017-01-06 00:00:00-05:00,16.349467497472133,16.60426374555462,15.381239810812643,16.09467124938965,154400,0.0,0.0
2017-01-09 00:00:00-05:00,16.137136383056642,16.22206900380057,15.797407520035923,15.924805641174316,219900,0.0,0.0
2017-01-10 00:00:00-05:00,15.882340502669232,16.349467497472133,15.670009755948813,16.09467124938965,267900,0.0,0.0
2017-01-11 00:00:00-05:00,16.05220514377503,16.561799292139582,15.924807011672677,16.264535903930664,197200,0.0,0.0
2017-01-12 00:00:00-05:00,16.222070101442576,16.391933734469,15.839874092211671,16.349468231201172,224000,0.0,0.0
2017-01-13 00:00:00-05:00,16.434400262328246,16.561798387471633,16.26453501550036,16.519332885742188,117200,0.0,0.0
2017-01-17 00:00:00-05:00,16.519333788090513,16.689197424241936,16.13713777182831,16.264535903930664,428600,0.0,0.0
2017-01-18 00:00:00-05:00,16.30700372790997,16.859063404020652,16.13713846451197,16.561800003051758,484500,0.0,0.0
2017-01-19 00:00:00-05:00,16.561798554757242,16.561798554757242,15.88234080049282,15.96727180480957,130300,0.0,0.0
2017-01-20 00:00:00-05:00,16.009738926923013,16.179602555511586,15.839873678379375,15.96727180480957,154000,0.0,0.0
2017-01-23 00:00:00-05:00,15.924805641174318,16.09467088266218,15.627542278548063,15.924805641174316,199100,0.0,0.0
2017-01-24 00:00:00-05:00,15.967271936262001,16.519333188596207,15.924806433754023,16.39193344116211,197500,0.0,0.0
2017-01-25 00:00:00-05:00,16.519334802392983,16.81659658889891,16.391935042513026,16.47686767578125,156400,0.0,0.0
2017-01-26 00:00:00-05:00,16.476866066133148,16.561798691104183,16.137137186204075,16.39193344116211,130500,0.0,0.0
2017-01-27 00:00:00-05:00,16.391934036033017,16.43440116003723,16.13713777182831,16.264535903930664,69900,0.0,0.0
2017-01-30 00:00:00-05:00,16.05220514377503,16.561799292139582,15.924807011672677,16.264535903930664,238900,0.0,0.0
2017-01-31 00:00:00-05:00,16.179603569195635,16.434401457974683,15.967272805190676,16.222070693969727,201500,0.0,0.0
2017-02-01 00:00:00-05:00,16.39193402930351,16.56179928534034,16.154124614798118,16.307003021240234,157300,0.0,0.0
2017-02-02 00:00:00-05:00,16.264534504195037,16.349467124938965,15.839873020430387,15.924805641174316,134600,0.0,0.0
2017-02-03 00:00:00-05:00,15.967272509166579,16.349468525271874,15.967272509166579,16.307003021240234,127000,0.0,0.0
2017-02-06 00:00:00-05:00,16.264535179783408,16.30700230189685,15.754941054107555,15.96727180480957,113400,0.0,0.0
2017-02-07 00:00:00-05:00,16.009741450243126,16.222072234410927,15.839876174926758,15.839876174926758,130100,0.0,0.0
2017-02-08 00:00:00-05:00,15.797409761007316,16.09467316580243,15.670011621796617,16.05220603942871,128200,0.0,0.0
2017-02-09 00:00:00-05:00,16.05220513718499,16.731664541377167,16.009739633153355,16.307003021240234,474100,0.0,0.0
2017-02-10 00:00:00-05:00,16.34946969647509,17.75085248932476,16.34946969647509,17.3686580657959,1109200,0.0,0.0
2017-02-13 00:00:00-05:00,17.62345395088196,17.62345395088196,16.816596375028166,16.986461639404297,683300,0.0,0.0
2017-02-14 00:00:00-05:00,15.882339332034833,16.137135561337136,14.650820443845559,14.693285942077637,1488600,0.0,0.0
2017-02-15 00:00:00-05:00,14.863152352886353,15.330279350280762,14.735754228138337,15.330279350280762,878600,0.0,0.0
2017-02-16 00:00:00-05:00,15.372748722445278,15.585079501429453,14.82068902107748,15.500146865844727,569000,0.0,0.0
2017-02-17 00:00:00-05:00,15.500147092133988,15.500147092133988,14.990552891141261,15.03302001953125,413000,0.0,0.0
2017-02-21 00:00:00-05:00,15.033021637082332,15.372750600980504,14.990554504122883,15.28781795501709,276500,0.0,0.0
2017-02-22 00:00:00-05:00,15.245348936243165,15.287814439481904,14.990551056945401,15.202881813049316,227900,0.0,0.0
2017-02-23 00:00:00-05:00,15.202883372229236,15.28781600737236,14.693289181325769,15.075485229492188,324200,0.0,0.0
2017-02-24 00:00:00-05:00,14.905620562991317,15.11795134947242,14.735756905779638,14.948087692260742,173300,0.0,0.0
2017-02-27 00:00:00-05:00,14.948085553706662,15.287814439481904,14.948085553706662,15.202881813049316,220300,0.0,0.0
2017-02-28 00:00:00-05:00,15.202883988055929,15.202883988055929,14.820689544363148,14.948087692260742,259200,0.0,0.0
2017-03-01 00:00:00-05:00,15.202884019839876,15.372749297362024,14.965074575255281,15.160418510437012,360500,0.0,0.0
2017-03-02 00:00:00-05:00,15.160416309810577,15.45767969234708,14.990551056945401,15.202881813049316,125700,0.0,0.0
2017-03-03 00:00:00-05:00,15.202880856163647,15.372746098337323,15.050002462198341,15.24534797668457,299700,0.0,0.0
2017-03-06 00:00:00-05:00,15.202881813049316,15.355760216636952,14.735754797602747,15.202881813049316,220100,0.0,0.0
2017-03-07 00:00:00-05:00,15.202884019839876,15.287816658600951,14.905620594153788,15.160418510437012,216900,0.0,0.0
2017-03-08 00:00:00-05:00,15.245351149198086,15.287816658600951,14.948087723511998,15.160418510437012,215200,0.0,0.0
2017-03-09 00:00:00-05:00,15.11794662475586,15.28781184883597,14.990548516673192,15.11794662475586,238000,0.0,0.0
2017-03-10 00:00:00-05:00,15.160537451828178,16.182596850060506,15.032780433178795,15.586395263671875,391600,0.05,0.0
2017-03-13 00:00:00-04:00,15.58639383566624,16.054838360487192,15.41605170124647,15.969666481018066,249600,0.0,0.0
2017-03-14 00:00:00-04:00,15.756736682471155,15.927080431548468,15.45863593384505,15.628979682922363,202500,0.0,0.0
2017-03-15 00:00:00-04:00,15.628978475154984,16.054836190420687,15.543806607198192,15.927079200744629,165600,0.0,0.0
2017-03-16 00:00:00-04:00,16.012250695664093,16.5232803188275,15.969665570616472,16.438108444213867,333100,0.0,0.0
2017-03-17 00:00:00-04:00,16.352939727331457,16.60845375061035,16.157043909997856,16.60845375061035,563700,0.0,0.0
2017-03-20 00:00:00-04:00,16.608450722043354,16.86396469872903,16.438106987907407,16.693622589111328,357400,0.0,0.0
2017-03-21 00:00:00-04:00,16.82138264552365,16.82138264552365,16.01225219757712,16.140010833740234,437700,0.0,0.0
2017-03-22 00:00:00-04:00,16.097420939638734,16.22517792635844,15.58639136824168,15.799320220947266,396400,0.0,0.0
2017-03-23 00:00:00-04:00,15.8419096535364,16.09742367031985,15.799322901060156,15.88449478149414,176300,0.0,0.0
2017-03-24 00:00:00-04:00,15.969666481018066,16.097423487962516,15.697117766331647,15.969666481018066,200200,0.0,0.0
2017-03-27 00:00:00-04:00,15.79932167926209,16.310351297828387,15.586392806902662,16.182594299316406,257800,0.0,0.0
2017-03-28 00:00:00-04:00,16.097421831169495,16.097421831169495,15.628978979080513,15.671564102172852,288200,0.0,0.0
2017-03-29 00:00:00-04:00,15.628978475154984,15.969664322463895,15.628978475154984,15.927079200744629,188100,0.0,0.0
2017-03-30 00:00:00-04:00,15.88449460154894,16.054838360487192,15.756737594604491,15.969666481018066,373400,0.0,0.0
2017-03-31 00:00:00-04:00,15.969667186984768,16.52328199122986,15.969667186984768,16.395524978637695,511400,0.0,0.0
2017-04-03 00:00:00-04:00,16.3955203700356,16.480692229329016,16.140006416673454,16.310348510742188,399000,0.0,0.0
2017-04-04 00:00:00-04:00,16.26776796604553,16.565868745106286,16.18259608281123,16.395524978637695,246200,0.0,0.0
2017-04-05 00:00:00-04:00,16.480695835075,16.52328096177969,16.097423196658987,16.26776695251465,305500,0.0,0.0
2017-04-06 00:00:00-04:00,16.225176651448773,16.56586408862243,16.10593702314885,16.310348510742188,277600,0.0,0.0
2017-04-07 00:00:00-04:00,16.310350950089305,16.48069469415244,16.182593954301122,16.352937698364258,236700,0.0,0.0
2017-04-10 00:00:00-04:00,16.35293819411862,16.56586706839351,16.182594444891357,16.438108444213867,170500,0.0,0.0
2017-04-11 00:00:00-04:00,16.395523120245233,16.9065527372085,16.395523120245233,16.86396598815918,251900,0.0,0.0
2017-04-12 00:00:00-04:00,16.821384818089665,16.821384818089665,16.52328400273876,16.65104103088379,177200,0.0,0.0
2017-04-13 00:00:00-04:00,16.65103432339775,16.736206182691163,16.267763393354528,16.310348510742188,214600,0.0,0.0
2017-04-17 00:00:00-04:00,16.310354095873315,16.761763967541377,16.225182207414612,16.523283004760742,671800,0.0,0.0
2017-04-18 00:00:00-04:00,17.03430902390253,19.07842578186717,16.736208291080576,17.886024475097656,1996000,0.0,0.0
2017-04-19 00:00:00-04:00,18.184127763608753,18.22671289234632,17.24724031071556,17.289825439453125,630400,0.0,0.0
2017-04-20 00:00:00-04:00,17.374994968771038,17.75826757358589,17.051343810441622,17.673095703125,614100,0.0,0.0
2017-04-21 00:00:00-04:00,17.630513250886608,17.843442147034906,17.374997600797514,17.758270263671875,405200,0.0,0.0
2017-04-24 00:00:00-04:00,17.886028048129642,18.09895695346452,17.485722290926777,17.843442916870117,339700,0.0,0.0
2017-04-25 00:00:00-04:00,17.97119634512083,18.056368215144,17.630510489546438,17.886024475097656,300800,0.0,0.0
2017-04-26 00:00:00-04:00,17.80085267152787,18.397054139397493,17.69013037724721,18.354467391967773,504300,0.0,0.0
2017-04-27 00:00:00-04:00,18.439640574978093,18.763293380410722,18.184126570283638,18.482227325439453,714700,0.0,0.0
2017-04-28 00:00:00-04:00,18.567598466759737,18.567598466759737,17.645621228713523,18.226125717163086,531500,0.05,0.0
2017-05-01 00:00:00-04:00,18.226121955860755,18.226121955860755,17.841964174173622,17.8846492767334,279700,0.0,0.0
2017-05-02 00:00:00-04:00,17.841963389724015,17.86757445013385,17.457807253197075,17.585859298706055,440000,0.0,0.0
2017-05-03 00:00:00-04:00,17.500490725610035,17.671227871802074,17.457807253197075,17.585859298706055,183600,0.0,0.0
2017-05-04 00:00:00-04:00,17.628543614657172,17.628543614657172,17.287070934203484,17.415122985839844,151800,0.0,0.0
2017-05-05 00:00:00-04:00,17.415122439507062,17.500491014009917,17.184627776830393,17.457807540893555,204500,0.0,0.0
2017-05-08 00:00:00-04:00,17.457808088565418,17.671228717382743,17.37243951138445,17.415122985839844,163800,0.0,0.0
2017-05-09 00:00:00-04:00,17.372438147018997,17.568784719325777,17.073648964486473,17.500490188598633,384100,0.0,0.0
2017-05-10 00:00:00-04:00,17.50049015588075,17.99562590979438,17.28706954422367,17.91025733947754,369600,0.0,0.0
2017-05-11 00:00:00-04:00,17.756596511325746,17.756596511325746,17.287071756891127,17.372440338134766,180800,0.0,0.0
2017-05-12 00:00:00-04:00,17.244388280404436,17.54317587235178,17.116334594403853,17.372440338134766,175900,0.0,0.0
2017-05-15 00:00:00-04:00,17.415122681742613,17.713911882523547,17.415122681742613,17.671228408813477,140800,0.0,0.0
2017-05-16 00:00:00-04:00,17.75659559732424,17.927332751023002,17.37243944390728,17.8846492767334,283000,0.0,0.0
2017-05-17 00:00:00-04:00,17.671229889508286,17.71391336679486,17.116334915161133,17.116334915161133,214200,0.0,0.0
2017-05-18 00:00:00-04:00,17.1590196991608,17.4578089193784,17.116334594403853,17.372440338134766,206500,0.0,0.0
2017-05-19 00:00:00-04:00,17.37244110920591,17.671230342685188,17.11633535410781,17.543176651000977,196200,0.0,0.0
2017-05-22 00:00:00-04:00,17.543175037476203,17.713912191838137,17.24438745974809,17.415122985839844,169100,0.0,0.0
2017-05-23 00:00:00-04:00,17.45780703697716,17.7139111248232,16.97120666483756,17.03096580505371,183200,0.0,0.0
2017-05-24 00:00:00-04:00,17.030963059510693,17.11632998951741,16.68948882640456,16.732173919677734,257200,0.0,0.0
2017-05-25 00:00:00-04:00,16.774860583525548,17.39804840972296,16.689492008969843,17.329753875732422,238900,0.0,0.0
2017-05-26 00:00:00-04:00,17.244383947568068,17.45780453291782,16.561437097486944,17.287067413330078,219300,0.0,0.0
2017-05-30 00:00:00-04:00,17.201703498004562,17.372440663691425,17.03096796058799,17.116334915161133,294500,0.0,0.0
2017-05-31 00:00:00-04:00,17.244386722362947,17.244386722362947,16.561439762388805,16.774860382080078,200800,0.0,0.0
2017-06-01 00:00:00-04:00,16.7748622120577,17.244388603561422,16.561441569084266,17.116334915161133,245100,0.0,0.0
2017-06-02 00:00:00-04:00,17.20170415175531,17.799282626100005,16.98828350067083,17.7565975189209,323000,0.0,0.0
2017-06-05 00:00:00-04:00,17.67122766029049,17.67122766029049,16.77486009591629,16.902912139892578,354000,0.0,0.0
2017-06-06 00:00:00-04:00,16.774859030797717,16.860227597451466,16.3309437868142,16.518754959106445,272600,0.0,0.0
2017-06-07 00:00:00-04:00,16.604126526685288,17.116334762641117,16.305337303530873,16.56144142150879,187900,0.0,0.0
2017-06-08 00:00:00-04:00,16.561439479865776,17.03096581213895,16.433387435889482,16.902912139892578,275500,0.0,0.0
2017-06-09 00:00:00-04:00,16.902914878353403,16.988283464258288,16.732179334813978,16.860231399536133,234600,0.0,0.0
2017-06-12 00:00:00-04:00,16.860228660976297,17.116332748822337,16.60412457313026,17.03096580505371,325900,0.0,0.0
2017-06-13 00:00:00-04:00,17.073650305386156,17.457808088565418,16.774861099387863,17.415122985839844,427700,0.0,0.0
2017-06-14 00:00:00-04:00,17.45780832535226,17.756595907132944,17.244387693640228,17.628543853759766,441200,0.0,0.0
2017-06-15 00:00:00-04:00,17.372438147018997,17.568784719325777,17.287069576542553,17.500490188598633,295500,0.0,0.0
2017-06-16 00:00:00-04:00,17.62854059418905,18.439539496046688,17.585857127047024,18.396854400634766,648400,0.0,0.0
2017-06-19 00:00:00-04:00,18.396856558618786,18.823697793187854,18.166363529436758,18.61027717590332,331500,0.0,0.0
2017-06-20 00:00:00-04:00,18.567597729819163,18.652966320897704,17.88465225773169,17.927335739135742,284600,0.0,0.0
2017-06-21 00:00:00-04:00,18.012701083304478,18.05538455701455,17.671228408813477,17.671228408813477,137500,0.0,0.0
2017-06-22 00:00:00-04:00,17.713911056518555,17.884648199937608,17.585859013089305,17.713911056518555,151400,0.0,0.0
2017-06-23 00:00:00-04:00,17.628540024235715,17.671225118267575,17.116330293742337,17.287067413330078,323800,0.0,0.0
2017-06-26 00:00:00-04:00,17.32975608932359,17.39805063203763,17.030968482618622,17.201704025268555,124200,0.0,0.0
2017-06-27 00:00:00-04:00,17.116332998909538,17.628542810355604,16.954134500763196,17.244386672973633,264600,0.0,0.0
2017-06-28 00:00:00-04:00,17.372438397950525,17.713911056518555,17.201701254531475,17.713911056518555,219600,0.0,0.0
2017-06-29 00:00:00-04:00,17.713912191838137,17.713912191838137,17.073650305386156,17.415122985839844,174800,0.0,0.0
2017-06-30 00:00:00-04:00,17.415123222047733,17.628543853759766,17.201702590335703,17.628543853759766,303600,0.0,0.0
2017-07-03 00:00:00-04:00,17.841965884480256,17.841965884480256,17.483419129959184,17.543176651000977,99600,0.0,0.0
2017-07-05 00:00:00-04:00,17.372440338134766,17.58586097710873,17.287071756891127,17.372440338134766,223000,0.0,0.0
2017-07-06 00:00:00-04:00,17.159017304131332,17.159017304131332,16.843154086098657,16.94559669494629,186300,0.0,0.0
2017-07-07 00:00:00-04:00,16.98828285503113,17.116334915161133,16.86023079490113,17.116334915161133,135000,0.0,0.0
2017-07-10 00:00:00-04:00,16.988280165475285,17.116332205332306,16.843154086098657,16.94559669494629,133600,0.0,0.0
2017-07-11 00:00:00-04:00,16.902911596147263,17.14194326461172,16.902911596147263,16.94559669494629,194200,0.0,0.0
2017-07-12 00:00:00-04:00,17.073646827980326,17.45780453291782,17.073646827980326,17.287067413330078,163800,0.0,0.0
2017-07-13 00:00:00-04:00,17.244388266369864,17.500492381622085,17.159019685195705,17.44073486328125,132000,0.0,0.0
2017-07-14 00:00:00-04:00,17.415122191275586,17.54317423706958,17.201701572195567,17.244386672973633,226600,0.0,0.0
2017-07-17 00:00:00-04:00,17.116330293742337,17.37243597312395,16.757783645223956,17.287067413330078,533500,0.0,0.0
2017-07-18 00:00:00-04:00,14.512602806091309,14.896760590501799,12.48937533611479,12.805237770080566,5505100,0.0,0.0
2017-07-19 00:00:00-04:00,12.80523751763783,12.847921805523638,12.079607065984323,12.660111427307129,2210200,0.0,0.0
2017-07-20 00:00:00-04:00,12.591818822094242,12.762555185668479,11.99424114251681,12.079608917236328,1359200,0.0,0.0
2017-07-21 00:00:00-04:00,12.378397225525521,12.378397225525521,11.866187359504892,11.9088716506958,950500,0.0,0.0
2017-07-24 00:00:00-04:00,12.335712415655488,12.335712415655488,11.610082752461109,11.652766227722168,1008800,0.0,0.0
2017-07-25 00:00:00-04:00,11.695449429386075,11.780818000238723,11.353976774245544,11.610081672668457,1767000,0.0,0.0
2017-07-26 00:00:00-04:00,11.78081873569697,12.378396326566255,11.695450159514895,12.250344276428223,1141800,0.0,0.0
2017-07-27 00:00:00-04:00,12.506449273531176,12.677186438138744,12.224734091717883,12.591817855834961,757500,0.0,0.0
2017-07-28 00:00:00-04:00,12.548988342285156,12.788833082492653,12.292013118626759,12.548988342285156,535100,0.05,0.0
2017-07-31 00:00:00-04:00,12.591816958469328,12.677475905107563,12.292012279044021,12.506158828735352,832800,0.0,0.0
2017-08-01 00:00:00-04:00,12.634646495738265,12.805963572977593,12.30057758244338,12.720305442810059,582300,0.0,0.0
2017-08-02 00:00:00-04:00,12.591816958469328,12.677475905107563,12.463329355416233,12.506158828735352,353800,0.0,0.0
2017-08-03 00:00:00-04:00,12.463329339556243,12.805963491864654,12.377670393027012,12.63464641571045,496700,0.0,0.0
2017-08-04 00:00:00-04:00,12.720305426249007,13.062939580281574,12.58325094773172,12.848793029785156,423900,0.0,0.0
2017-08-07 00:00:00-04:00,12.80596355630502,13.10576905376171,12.763134082824884,12.848793029785156,349500,0.0,0.0
2017-08-08 00:00:00-04:00,12.848793005958854,12.848793005958854,12.591816982458823,12.677475929260254,322200,0.0,0.0
2017-08-09 00:00:00-04:00,12.548987548666469,12.720305442810059,12.420499944963039,12.720305442810059,467100,0.0,0.0
2017-08-10 00:00:00-04:00,12.677475952768873,12.934451976745427,12.617514363134978,12.848793029785156,576000,0.0,0.0
2017-08-11 00:00:00-04:00,12.848793052984451,13.062939603867525,12.763134105869517,13.020110130310059,282600,0.0,0.0
2017-08-14 00:00:00-04:00,13.062939539407832,13.191427142541945,12.763134042889229,12.805963516235352,344700,0.0,0.0
2017-08-15 00:00:00-04:00,12.891622454798894,12.891622454798894,12.206353332405786,12.506158828735352,507900,0.0,0.0
2017-08-16 00:00:00-04:00,12.591816942445833,12.97728056801886,12.591816942445833,12.63464641571045,237700,0.0,0.0
2017-08-17 00:00:00-04:00,12.634647294774163,12.805964382847867,12.506159682944965,12.548988342285156,261000,0.0,0.0
2017-08-18 00:00:00-04:00,12.463330268859863,12.548988404871768,12.249183703473626,12.463330268859863,314700,0.0,0.0
2017-08-21 00:00:00-04:00,12.506159682944965,12.677476771018668,12.33484177796695,12.548988342285156,280600,0.0,0.0
2017-08-22 00:00:00-04:00,12.548987429033055,12.720305321543416,12.48902665679698,12.591816902160645,268000,0.0,0.0
2017-08-23 00:00:00-04:00,12.506158812820859,12.63464641571045,12.334840919762396,12.63464641571045,312400,0.0,0.0
2017-08-24 00:00:00-04:00,12.677475975658844,13.062939603867525,12.634646502101377,13.020110130310059,496500,0.0,0.0
2017-08-25 00:00:00-04:00,13.020109304759664,13.217124543870401,12.848792238296552,13.148597717285156,315400,0.0,0.0
2017-08-28 00:00:00-04:00,13.148597674437614,13.234255798937928,12.977279791628566,13.105768203735352,215900,0.0,0.0
2017-08-29 00:00:00-04:00,13.020110130310059,13.191427207635666,12.89162252654192,13.020110130310059,246300,0.0,0.0
2017-08-30 00:00:00-04:00,13.02011010680144,13.062939580281574,12.677475952768873,12.848793029785156,228000,0.0,0.0
2017-08-31 00:00:00-04:00,12.934451060105538,13.191426248966492,12.805962648770858,12.891621589660645,322000,0.0,0.0
2017-09-01 00:00:00-04:00,12.89162254921396,13.277086178100541,12.89162254921396,13.191427230834961,280200,0.0,0.0
2017-09-05 00:00:00-04:00,13.105768246443326,13.302782668649852,12.977279833917834,13.148597717285156,261100,0.0,0.0
2017-09-06 00:00:00-04:00,13.234256862600535,13.36274528503418,13.105769257071163,13.36274528503418,191700,0.0,0.0
2017-09-07 00:00:00-04:00,13.319915810889633,13.491232890563552,13.277086336745084,13.36274528503418,182600,0.0,0.0
2017-09-08 00:00:00-04:00,13.277086240313503,13.57689174024358,13.277086240313503,13.405573844909668,336900,0.0,0.0
2017-09-11 00:00:00-04:00,13.448403296290358,13.576891717576274,13.148598613765088,13.234256744384766,406800,0.0,0.0
2017-09-12 00:00:00-04:00,13.191427230834961,13.319915651733332,13.062939626840855,13.191427230834961,533200,0.0,0.0
2017-09-13 00:00:00-04:00,13.234255842064607,13.405572908527718,13.08863613134491,13.148597717285156,540800,0.0,0.0
2017-09-14 00:00:00-04:00,13.191426371222777,13.405572908527718,13.062938775601495,13.148597717285156,540900,0.0,0.0
2017-09-15 00:00:00-04:00,13.19142827619893,13.705380366712376,13.148599616076417,13.619721412658691,1158300,0.0,0.0
2017-09-18 00:00:00-04:00,13.619719401449867,13.748206996652444,13.105768203735352,13.105768203735352,418100,0.0,0.0
2017-09-19 00:00:00-04:00,13.1485994271588,13.191428086665956,12.720306296852707,12.763134956359863,637500,0.0,0.0
2017-09-20 00:00:00-04:00,12.720307279595348,13.062941483549652,12.677477799874964,12.977282524108887,515700,0.0,0.0
2017-09-21 00:00:00-04:00,12.9344519116585,13.020110041283475,12.506158812820859,12.63464641571045,706500,0.0,0.0
2017-09-22 00:00:00-04:00,12.591816982458823,13.020110082657453,12.54898750905811,12.677475929260254,558200,0.0,0.0
2017-09-25 00:00:00-04:00,12.677475848415826,12.934451870277115,12.506158772809718,12.591816902160645,1026500,0.0,0.0
2017-09-26 00:00:00-04:00,12.677475848415826,12.805963450894343,12.206353277820837,12.591816902160645,982200,0.0,0.0
2017-09-27 00:00:00-04:00,10.87864486549251,11.683836372340085,10.321864147469364,10.493181228637695,3417900,0.0,0.0
2017-09-28 00:00:00-04:00,10.578840215469047,11.092791460810234,10.476049149496527,10.8358154296875,1208100,0.0,0.0
2017-09-29 00:00:00-04:00,10.921473460632587,11.092790528006764,10.75015639325841,10.878643989562988,1472000,0.0,0.0
2017-10-02 00:00:00-04:00,11.007133478410458,11.306938171386719,10.79298691903986,11.306938171386719,899900,0.0,0.0
2017-10-03 00:00:00-04:00,7.580788938129511,7.96625260244531,7.0668368411055535,7.23815393447876,15707400,0.0,0.0
2017-10-04 00:00:00-04:00,7.238152548150858,7.580787486176525,7.238152548150858,7.28098201751709,2927400,0.0,0.0
2017-10-05 00:00:00-04:00,7.2809830474417465,7.409470656811353,7.109665962647506,7.366641998291016,1967400,0.0,0.0
2017-10-06 00:00:00-04:00,7.366641426135444,7.623616624915791,7.323811954037308,7.409470081329346,2017200,0.0,0.0
2017-10-09 00:00:00-04:00,7.409470656811353,7.495129607660622,7.152495438072141,7.366641998291016,1310100,0.0,0.0
2017-10-10 00:00:00-04:00,7.323812007904054,7.452299608239255,7.221021764255044,7.323812007904053,1023200,0.0,0.0
2017-10-11 00:00:00-04:00,7.280982535490906,7.4094701358261075,7.195323590664611,7.323812007904053,969500,0.0,0.0
2017-10-12 00:00:00-04:00,7.28098347802152,7.323812955978987,7.109666383096001,7.152495861053467,1462000,0.0,0.0
2017-10-13 00:00:00-04:00,7.152495861053467,7.28098347802152,7.066836905138534,7.152495861053467,784200,0.0,0.0
2017-10-16 00:00:00-04:00,7.1524957962443265,7.409471027851967,7.0668368411055535,7.23815393447876,1372900,0.0,0.0
2017-10-17 00:00:00-04:00,7.752105543011592,7.752105543011592,7.024006920925443,7.109665870666504,2554900,0.0,0.0
2017-10-18 00:00:00-04:00,7.066835648409066,7.6236163121281,7.066835648409066,7.580787658691406,2437800,0.0,0.0
2017-10-19 00:00:00-04:00,7.4094701358261075,7.452299608239255,7.195323590664611,7.323812007904053,1362900,0.0,0.0
2017-10-20 00:00:00-04:00,7.4523005840818115,7.5807890181461905,7.28098348890032,7.4951300621032715,1270000,0.0,0.0
2017-10-23 00:00:00-04:00,7.709274447592971,8.180396938326698,7.709274447592971,8.094738006591797,2204100,0.0,0.0
2017-10-24 00:00:00-04:00,8.266056931420382,8.308886407019802,7.6664467237414,7.70927619934082,1212500,0.0,0.0
2017-10-25 00:00:00-04:00,7.794933750284835,7.92342133709773,7.666445346567784,7.75210428237915,866200,0.0,0.0
2017-10-26 00:00:00-04:00,7.880592380874214,8.180397858776034,7.7521047857186955,8.051909446716309,1336500,0.0,0.0
2017-10-27 00:00:00-04:00,7.96625125795106,8.13756832241044,7.537958188350511,7.580787658691406,1408300,0.0,0.0
2017-10-30 00:00:00-04:00,7.623860479218631,7.6669324782001365,7.494642017636956,7.580787658691406,908200,0.05,0.0
2017-10-31 00:00:00-04:00,7.537715587555387,7.62386123717434,7.322352285053804,7.365425109863281,880900,0.0,0.0
2017-11-01 00:00:00-04:00,7.4084978103637695,7.494642636991476,7.2620507013963005,7.4084978103637695,653800,0.0,0.0
2017-11-02 00:00:00-04:00,7.4084978103637695,7.537715461078224,7.279279338103527,7.4084978103637695,623800,0.0,0.0
2017-11-03 00:00:00-04:00,7.451570549691014,7.494643378036658,7.3051234262433455,7.322352886199951,498600,0.0,0.0
2017-11-06 00:00:00-05:00,7.279280057854307,7.494643378036658,7.193135222708888,7.322352886199951,477700,0.0,0.0
2017-11-07 00:00:00-05:00,7.322352080233652,7.408497727442947,7.063915960151544,7.15006160736084,624400,0.0,0.0
2017-11-08 00:00:00-05:00,7.1500623943632435,7.322352886199951,7.063916737671955,7.322352886199951,376800,0.0,0.0
2017-11-09 00:00:00-05:00,7.322352886199951,7.451570549691014,7.193135222708888,7.322352886199951,531000,0.0,0.0
2017-11-10 00:00:00-05:00,7.4084979346727575,7.537715587555387,7.296508918786438,7.365425109863281,534300,0.0,0.0
2017-11-13 00:00:00-05:00,7.365424663365536,7.425726121515802,6.977770906671719,7.063915729522705,1051600,0.0,0.0
2017-11-14 00:00:00-05:00,7.106988412175333,7.2362060546875,6.960541312503819,7.2362060546875,658600,0.0,0.0
2017-11-15 00:00:00-05:00,7.150061373919443,7.1931341961178115,7.020842907324336,7.063915729522705,547100,0.0,0.0
2017-11-16 00:00:00-05:00,7.063915590822699,7.322351697392768,7.063915590822699,7.2362060546875,819800,0.0,0.0
2017-11-17 00:00:00-05:00,7.2362065140167795,7.4774140002842495,7.132832229136059,7.4084978103637695,696000,0.0,0.0
2017-11-20 00:00:00-05:00,7.408497600653035,7.434340965755227,7.150061484993834,7.193134307861328,874800,0.0,0.0
2017-11-21 00:00:00-05:00,7.193134147433986,7.49464225769043,7.063915681713442,7.49464225769043,682900,0.0,0.0
2017-11-22 00:00:00-05:00,7.62386123717434,7.6669332404380155,7.322352285053804,7.365425109863281,446600,0.0,0.0
2017-11-24 00:00:00-05:00,7.3223514423415095,7.451569080352783,7.193133804330237,7.451569080352783,267900,0.0,0.0
2017-11-27 00:00:00-05:00,7.451569601974766,7.529100518827103,7.193134307861328,7.193134307861328,1236800,0.0,0.0
2017-11-28 00:00:00-05:00,7.236206433024357,7.279279256629004,7.089759325696021,7.15006160736084,958200,0.0,0.0
2017-11-29 00:00:00-05:00,7.1931346321711755,7.49464276274591,7.1931346321711755,7.365425109863281,1175300,0.0,0.0
2017-11-30 00:00:00-05:00,7.451569729501817,7.5377153767111125,7.15006160736084,7.15006160736084,685400,0.0,0.0
2017-12-01 00:00:00-05:00,7.2362060546875,7.322351697392768,7.0208427694700655,7.2362060546875,927300,0.0,0.0
2017-12-04 00:00:00-05:00,7.2792791320505525,7.537715247709754,7.150061484993834,7.193134307861328,977200,0.0,0.0
2017-12-05 00:00:00-05:00,7.279280351020906,7.3223531811012705,7.10698985224535,7.2189788818359375,428600,0.0,0.0
2017-12-06 00:00:00-05:00,7.236207229508663,7.365425714545594,7.1069895660175995,7.322352886199951,676600,0.0,0.0
2017-12-07 00:00:00-05:00,7.279278622489183,7.537714720057436,7.2362058026368565,7.451569080352783,2150400,0.0,0.0
2017-12-08 00:00:00-05:00,7.623860677420538,8.313022537589797,7.53771503412651,7.925368785858154,1555900,0.0,0.0
2017-12-11 00:00:00-05:00,7.88229659120437,8.054587891497249,7.623861283856664,7.753078937530518,907200,0.0,0.0
2017-12-12 00:00:00-05:00,7.839224354868574,8.011514828498983,7.623861057444116,7.666933059692383,696600,0.0,0.0
2017-12-13 00:00:00-05:00,7.623861041555857,7.92536916439428,7.623861041555857,7.839224338531494,746800,0.0,0.0
2017-12-14 00:00:00-05:00,7.839223503472721,7.92536832015909,7.666932227008596,7.7961506843566895,655000,0.0,0.0
2017-12-15 00:00:00-05:00,7.796150790659529,8.011514067630534,7.623860333391865,7.882295608520508,2748900,0.0,0.0
2017-12-18 00:00:00-05:00,7.925369017880271,8.183805133782558,7.839224193610019,8.011514663696289,673300,0.0,0.0
2017-12-19 00:00:00-05:00,8.140733759969663,8.528387592054711,8.097660929394456,8.399169921875,1098600,0.0,0.0
2017-12-20 00:00:00-05:00,8.356095942772203,8.528386419846164,8.054587813279221,8.183805465698242,699700,0.0,0.0
2017-12-21 00:00:00-05:00,8.14073202850178,8.399168135439846,8.054587207219583,8.356095314025879,505900,0.0,0.0
2017-12-22 00:00:00-05:00,8.269950990203645,8.356095816667686,8.097659694183989,8.22687816619873,616500,0.0,0.0
2017-12-26 00:00:00-05:00,8.269950990203645,8.442241464677515,8.183805342193816,8.22687816619873,311700,0.0,0.0
2017-12-27 00:00:00-05:00,8.313021909873811,8.356094728268397,8.140731457841142,8.269949913024902,459800,0.0,0.0
2017-12-28 00:00:00-05:00,8.226877094630314,8.269949913024902,8.097658639446554,8.269949913024902,281500,0.0,0.0
2017-12-29 00:00:00-05:00,8.313021909873811,8.399167546662984,8.183804276235728,8.269949913024902,401200,0.0,0.0
2018-01-02 00:00:00-05:00,8.356096018609461,8.614532147338785,8.356096018609461,8.442241668701172,563900,0.0,0.0
2018-01-03 00:00:00-05:00,8.442241079646783,8.442241079646783,8.22687779099021,8.31302261352539,550300,0.0,0.0
2018-01-04 00:00:00-05:00,8.313023751562742,8.59730326578309,8.140733261360388,8.528387069702148,1503800,0.0,0.0
2018-01-05 00:00:00-05:00,8.571458695134515,8.769593347229966,8.442241050997382,8.614531517028809,1130900,0.0,0.0
2018-01-08 00:00:00-05:00,8.571458695134515,8.786821983060236,8.528385873240222,8.614531517028809,963800,0.0,0.0
2018-01-09 00:00:00-05:00,8.571460159839384,8.65760581834868,8.226879168893978,8.485315322875977,761600,0.0,0.0
2018-01-10 00:00:00-05:00,8.442241050997382,8.726520525335673,8.226877763071661,8.614531517028809,1508900,0.0,0.0
2018-01-11 00:00:00-05:00,8.743750068745952,8.95911337902586,8.657605237561485,8.916041374206543,940200,0.0,0.0
2018-01-12 00:00:00-05:00,9.002185489749536,9.002185489749536,8.657604549312964,8.82989501953125,534700,0.0,0.0
2018-01-16 00:00:00-05:00,8.959112199092559,9.045257840477298,8.657604097337416,8.700676918029785,455300,0.0,0.0
2018-01-17 00:00:00-05:00,8.700677615928734,8.916040915119586,8.657604791781406,8.743749618530273,542600,0.0,0.0
2018-01-18 00:00:00-05:00,8.700677160817394,8.872967626848821,8.614531517028809,8.614531517028809,418100,0.0,0.0
2018-01-19 00:00:00-05:00,8.61453172637195,8.872967842472264,8.61453172637195,8.82989501953125,382200,0.0,0.0
2018-01-22 00:00:00-05:00,8.82989501953125,9.04525831269055,8.743749373649225,8.82989501953125,634200,0.0,0.0
2018-01-23 00:00:00-05:00,8.82989565379782,8.959113310357019,8.614532345168605,8.657605171203613,359700,0.0,0.0
2018-01-24 00:00:00-05:00,8.700678381450361,8.959113705980961,8.442242235373902,8.528387069702148,839500,0.0,0.0
2018-01-25 00:00:00-05:00,8.614532597499302,8.614532597499302,8.39916928256182,8.571459770202637,535400,0.0,0.0
2018-01-26 00:00:00-05:00,8.614533253205128,8.700678914355544,8.295795621422048,8.399169921875,381100,0.0,0.0
2018-01-29 00:00:00-05:00,8.399167546662984,8.442240365057572,8.235491822618368,8.269949913024902,404500,0.0,0.0
2018-01-30 00:00:00-05:00,8.22687771584151,8.22687771584151,7.925368785858153,7.925368785858154,519300,0.0,0.0
2018-01-31 00:00:00-05:00,7.925369835811187,8.14073315103185,7.925369835811187,8.054588317871094,682100,0.0,0.0
2018-02-01 00:00:00-05:00,7.968442862919703,7.968442862919703,7.7100067138671875,7.7100067138671875,852400,0.0,0.0
2018-02-02 00:00:00-05:00,7.62386186307359,7.62386186307359,7.322352886199951,7.322352886199951,781400,0.0,0.0
2018-02-05 00:00:00-05:00,7.322352080233652,7.494642553106464,7.15006160736084,7.15006160736084,633000,0.0,0.0
2018-02-06 00:00:00-05:00,7.063915344773256,7.49464190020511,7.02084252492093,7.451569080352783,874000,0.0,0.0
2018-02-07 00:00:00-05:00,7.408497340098036,7.494642161257568,7.2362060546875,7.2362060546875,1335300,0.0,0.0
2018-02-08 00:00:00-05:00,7.236206322201374,7.408497613981312,6.934698204678013,7.020843029022217,955800,0.0,0.0
2018-02-09 00:00:00-05:00,7.106988412175333,7.322351697392768,6.848552305605264,7.2362060546875,684100,0.0,0.0
2018-02-12 00:00:00-05:00,7.236206196770429,7.236206196770429,6.917468626975702,7.063915729522705,540100,0.0,0.0
2018-02-13 00:00:00-05:00,7.106989189982414,7.1500620160490485,6.8054806398347125,6.891625881195068,536200,0.0,0.0
2018-02-14 00:00:00-05:00,6.84855324179934,7.10698938369751,6.84855324179934,7.10698938369751,707600,0.0,0.0
2018-02-15 00:00:00-05:00,7.193134406652797,7.45156970431562,7.089759301732738,7.2792792320251465,613200,0.0,0.0
2018-02-16 00:00:00-05:00,7.236206408566084,7.45156970431562,7.193134406652797,7.2792792320251465,564900,0.0,0.0
2018-02-20 00:00:00-05:00,7.2792792320251465,7.408497702402333,7.106988759734674,7.2792792320251465,905800,0.0,0.0
2018-02-21 00:00:00-05:00,5.082573874828707,5.556372880224427,4.996428638463385,5.323780536651611,6902500,0.0,0.0
2018-02-22 00:00:00-05:00,5.297936249384013,5.341008654686416,4.73799169427024,4.781064510345459,2566600,0.0,0.0
2018-02-23 00:00:00-05:00,4.8241376543968215,4.8241376543968215,4.737992419827265,4.80690860748291,1228900,0.0,0.0
2018-02-26 00:00:00-05:00,4.781066023776093,4.953356521069326,4.4364846184166815,4.479557037353516,2565700,0.0,0.0
2018-02-27 00:00:00-05:00,4.86721066253515,5.082573962551989,4.6518473625183105,4.6518473625183105,2610100,0.0,0.0
2018-02-28 00:00:00-05:00,4.6518473625183105,4.849981614964719,4.565702124666154,4.6518473625183105,1554300,0.0,0.0
2018-03-01 00:00:00-05:00,4.651847487487475,4.7810655531235255,4.565702247321076,4.608774662017822,1195500,0.0,0.0
2018-03-02 00:00:00-05:00,4.695732769925878,4.869648629510937,4.608774840133349,4.808778285980225,1607000,0.05,0.0
2018-03-05 00:00:00-05:00,4.826169507402681,5.156609615655093,4.695732415242159,5.000085353851318,1327000,0.0,0.0
2018-03-06 00:00:00-05:00,5.000085628637449,5.217480655969512,4.913127700634246,5.130522727966309,923200,0.0,0.0
2018-03-07 00:00:00-05:00,5.130522724390349,5.130522724390349,4.956606453857052,5.043564796447754,884400,0.0,0.0
2018-03-08 00:00:00-05:00,5.130522724390349,5.174001481037592,5.043564796447754,5.043564796447754,555600,0.0,0.0
2018-03-09 00:00:00-05:00,5.04356500377388,5.217480866808238,5.000085830691228,5.174001693725586,1004200,0.0,0.0
2018-03-12 00:00:00-04:00,5.130522262533191,5.2870465187393165,5.087043095151898,5.217480182647705,775100,0.0,0.0
2018-03-13 00:00:00-04:00,5.130522727966309,5.287046998372075,5.087043556640653,5.130522727966309,761100,0.0,0.0
2018-03-14 00:00:00-04:00,5.217480182647705,5.304438102762219,5.130522262533191,5.217480182647705,929800,0.0,0.0
2018-03-15 00:00:00-04:00,5.260959538172361,5.304438292460477,5.000085353851318,5.000085353851318,1017900,0.0,0.0
2018-03-16 00:00:00-04:00,5.000085830691228,5.26096003989089,5.000085830691228,5.174001693725586,1143300,0.0,0.0
2018-03-19 00:00:00-04:00,5.174001200299957,5.174001200299957,4.913127430626999,5.000085353851318,983400,0.0,0.0
2018-03-20 00:00:00-04:00,5.00008603983046,5.130523149886101,4.913128104676081,4.956606864929199,839700,0.0,0.0
2018-03-21 00:00:00-04:00,5.000085353851318,5.043564522787521,4.956606184915116,5.000085353851318,447400,0.0,0.0
2018-03-22 00:00:00-04:00,4.956606864929199,5.130523149886101,4.913128104676081,4.956606864929199,563600,0.0,0.0
2018-03-23 00:00:00-04:00,5.000085553954083,5.043564724630316,4.869648456573486,4.869648456573486,624700,0.0,0.0
2018-03-26 00:00:00-04:00,4.913127707146289,5.347917762386703,4.913127707146289,5.304438591003418,1290500,0.0,0.0
2018-03-27 00:00:00-04:00,5.260959748715275,5.260959748715275,4.852256871232614,4.869648456573486,971800,0.0,0.0
2018-03-28 00:00:00-04:00,4.869648525914458,5.130522724390349,4.869648525914458,5.043564796447754,698100,0.0,0.0
2018-03-29 00:00:00-04:00,5.0435643424186765,5.2609593500289975,5.026172758395774,5.217480182647705,809800,0.0,0.0
2018-04-02 00:00:00-04:00,5.2174805780390425,5.478354772800236,4.695732603164759,4.869648456573486,1034300,0.0,0.0
2018-04-03 00:00:00-04:00,4.826169413424345,5.000085256486379,4.826169413424345,4.982693672180176,299200,0.0,0.0
2018-04-04 00:00:00-04:00,4.956606657608576,5.217480866808238,4.913127899174049,5.174001693725586,628200,0.0,0.0
2018-04-05 00:00:00-04:00,5.217479997069196,5.347917079925537,5.130522080047654,5.347917079925537,514100,0.0,0.0
2018-04-06 00:00:00-04:00,5.26095954675016,5.304438301109167,5.000085362003772,5.087043285369873,468100,0.0,0.0
2018-04-09 00:00:00-04:00,5.130522428377248,5.130522428377248,4.765298737442368,4.826169490814209,731000,0.0,0.0
2018-04-10 00:00:00-04:00,4.782690322027453,4.956606167878309,4.695732399102026,4.826169490814209,605100,0.0,0.0
2018-04-11 00:00:00-04:00,4.8261694187332465,4.91312734035992,4.695732328969198,4.739211082458496,749400,0.0,0.0
2018-04-12 00:00:00-04:00,4.78269073063308,4.8261699031344465,4.521816524921119,4.6522536277771,1109500,0.0,0.0
2018-04-13 00:00:00-04:00,4.6522536277771,4.8261699031344465,4.591383283852929,4.6522536277771,1218500,0.0,0.0
2018-04-16 00:00:00-04:00,4.652253432488526,4.95660638327785,4.608774676460396,4.869648456573486,1106000,0.0,0.0
2018-04-17 00:00:00-04:00,4.8696487260873065,4.9566066576044125,4.695732863053094,4.913127899169922,741000,0.0,0.0
2018-04-18 00:00:00-04:00,4.956606864929199,5.043565214731721,4.86964892977482,4.956606864929199,1155100,0.0,0.0
2018-04-19 00:00:00-04:00,5.130522262533191,5.869665205478668,5.087043095151898,5.217480182647705,2903200,0.0,0.0
2018-04-20 00:00:00-04:00,5.2609593500289975,5.391396022876734,5.130522262533191,5.217480182647705,1863700,0.0,0.0
2018-04-23 00:00:00-04:00,5.260959902698783,5.739228720895326,5.217480730749954,5.56531286239624,2027600,0.0,0.0
2018-04-24 00:00:00-04:00,5.565311957925962,6.043580698394633,5.521832793043334,5.826185703277588,1731600,0.0,0.0
2018-04-25 00:00:00-04:00,5.782707044593078,6.087059959645755,5.782707044593078,6.0001020431518555,1050000,0.0,0.0
2018-04-26 00:00:00-04:00,6.043580794074779,6.174017876139655,5.895752543359175,6.0001020431518555,1185900,0.0,0.0
2018-04-27 00:00:00-04:00,6.000102470513866,6.175288197149322,6.000102470513866,6.131491661071777,642300,0.05,0.0
2018-04-30 00:00:00-04:00,6.0001020431518555,6.175287757309571,5.87747233561374,6.0001020431518555,808600,0.0,0.0
2018-05-01 00:00:00-04:00,6.043899165139342,6.043899165139342,5.693528120351966,5.781120777130127,941400,0.0,0.0
2018-05-02 00:00:00-04:00,5.824917259764997,6.000102571679468,5.737324603807762,5.86871337890625,446400,0.0,0.0
2018-05-03 00:00:00-04:00,5.781120722949015,5.912509915722233,5.6497315301757975,5.86871337890625,584400,0.0,0.0
2018-05-04 00:00:00-04:00,5.824917262218757,6.219084423029725,5.7373246062246235,5.912509918212891,718500,0.0,0.0
2018-05-07 00:00:00-04:00,6.000102571679468,6.0438991084954505,5.824917259764997,5.86871337890625,298300,0.0,0.0
2018-05-08 00:00:00-04:00,5.824917264636432,6.000102576697412,5.781120727783821,5.956306457519531,548300,0.0,0.0
2018-05-09 00:00:00-04:00,5.912509394910344,6.0876946913933665,5.824916746668833,6.0001020431518555,564000,0.0,0.0
2018-05-10 00:00:00-04:00,6.0438991084954505,6.0438991084954505,5.781120722949015,5.86871337890625,338300,0.0,0.0
2018-05-11 00:00:00-04:00,5.86871337890625,5.912509915722233,5.781120722949015,5.86871337890625,243300,0.0,0.0
2018-05-14 00:00:00-04:00,5.868713381378459,6.043899111041457,5.868713381378459,5.912509918212891,395200,0.0,0.0
2018-05-15 00:00:00-04:00,5.912509918212891,6.087695230201159,5.824917262218757,5.912509918212891,462100,0.0,0.0
2018-05-16 00:00:00-04:00,5.956306457519531,6.0438991135500215,5.824917264636432,5.956306457519531,660300,0.0,0.0
2018-05-17 00:00:00-04:00,5.912509394910344,6.0876946913933665,5.912509394910344,6.0001020431518555,309600,0.0,0.0
2018-05-18 00:00:00-04:00,6.0001020431518555,6.0438985761099575,5.912509394910344,6.0001020431518555,827900,0.0,0.0
2018-05-21 00:00:00-04:00,6.043899006591411,6.289158439136437,5.956306352111044,6.131491661071777,807700,0.0,0.0
2018-05-22 00:00:00-04:00,6.175288677215576,6.219084799023104,6.0438994764434835,6.175288677215576,913700,0.0,0.0
2018-05-23 00:00:00-04:00,6.219084219312819,6.569455249487073,6.175288101587736,6.394269943237305,466400,0.0,0.0
2018-05-24 00:00:00-04:00,6.3942698387793335,6.613251676851575,6.262880652401046,6.52565860748291,923700,0.0,0.0
2018-05-25 00:00:00-04:00,6.481862540730698,6.613251728127716,6.350473353333679,6.438066005706787,565200,0.0,0.0
2018-05-29 00:00:00-04:00,6.3942704194292235,6.508140668134321,6.219084682458366,6.350473880767822,477200,0.0,0.0
2018-05-30 00:00:00-04:00,6.350473880767822,6.481863079077278,6.306677342106421,6.350473880767822,324900,0.0,0.0
2018-05-31 00:00:00-04:00,6.394270418775022,6.394270418775022,6.219084681822088,6.306677341461182,611800,0.0,0.0
2018-06-01 00:00:00-04:00,6.306676872437704,6.438066060962388,6.289158341812727,6.394269943237305,412600,0.0,0.0
2018-06-04 00:00:00-04:00,6.43806591671077,6.744640404616101,6.43806591671077,6.7008442878723145,592700,0.0,0.0
2018-06-05 00:00:00-04:00,6.700845181432101,6.832234384533663,6.657048641173325,6.744641304016113,573000,0.0,0.0
2018-06-06 00:00:00-04:00,6.7446413030701216,6.876030506153256,6.7008451804922515,6.788437843322754,414300,0.0,0.0
2018-06-07 00:00:00-04:00,6.74464088277496,6.788437420298393,6.613252105554135,6.657048225402832,283200,0.0,0.0
2018-06-08 00:00:00-04:00,6.657048225402832,6.727122351300535,6.569455568030703,6.657048225402832,224800,0.0,0.0
2018-06-11 00:00:00-04:00,6.7008441916164925,6.919826025213928,6.5256584741337225,6.8760294914245605,495800,0.0,0.0
2018-06-12 00:00:00-04:00,6.919826350819855,7.226400848746901,6.788437160944059,7.1826043128967285,967600,0.0,0.0
2018-06-13 00:00:00-04:00,7.2264014480685255,7.313994527033403,6.78843772394316,7.051216125488281,889400,0.0,0.0
2018-06-14 00:00:00-04:00,7.0074197102192395,7.09501279073679,6.464344782919191,6.744641304016113,1037400,0.0,0.0
2018-06-15 00:00:00-04:00,6.7008441916164925,6.946103611347788,6.692084717788738,6.8760294914245605,824900,0.0,0.0
2018-06-18 00:00:00-04:00,6.788437723774958,7.095012664794922,6.700845062487007,7.095012664794922,430500,0.0,0.0
2018-06-19 00:00:00-04:00,6.963623046698103,7.138808369282742,6.919826924889321,7.007419586181641,662600,0.0,0.0
2018-06-20 00:00:00-04:00,7.095012664794922,7.165086793825283,6.8760303850629105,7.095012664794922,518000,0.0,0.0
2018-06-21 00:00:00-04:00,7.09501266532895,7.121290254879936,6.876030385580456,6.963623046875,394500,0.0,0.0
2018-06-22 00:00:00-04:00,6.963623106590982,6.963623106590982,6.727122710230245,6.919826984405518,1287400,0.0,0.0
2018-06-25 00:00:00-04:00,6.832234322359829,6.963623106590982,6.788437782499606,6.919826984405518,712300,0.0,0.0
2018-06-26 00:00:00-04:00,6.963623046523404,7.051216125488281,6.876030385233282,7.051216125488281,384700,0.0,0.0
2018-06-27 00:00:00-04:00,7.09501266532895,7.18260490894874,6.963623046875,6.963623046875,396200,0.0,0.0
2018-06-28 00:00:00-04:00,6.963623106590982,7.007419646451206,6.797197257541554,6.919826984405518,588100,0.0,0.0
2018-06-29 00:00:00-04:00,6.919827047376452,6.9636231699604645,6.700845181432101,6.744641304016113,324000,0.0,0.0
2018-07-02 00:00:00-04:00,6.744641304016113,6.832234384533663,6.613252518589312,6.744641304016113,315800,0.0,0.0
2018-07-03 00:00:00-04:00,6.7446410733679265,7.270197867801581,6.7446410733679265,7.226401329040527,439200,0.0,0.0
2018-07-05 00:00:00-04:00,7.226401561460858,7.664365292458486,7.095012776301379,7.620568752288818,860900,0.0,0.0
2018-07-06 00:00:00-04:00,7.620567793969928,7.839549631930843,7.401585956009014,7.576771259307861,776200,0.0,0.0
2018-07-09 00:00:00-04:00,7.576771259307862,7.7081608632940615,7.576771259307862,7.576771259307861,336300,0.0,0.0
2018-07-10 00:00:00-04:00,7.5767714755913556,7.664364547415885,7.22640085899212,7.31399393081665,633900,0.0,0.0
2018-07-11 00:00:00-04:00,7.270197394904385,7.5767714755913556,7.007419014780238,7.31399393081665,821000,0.0,0.0
2018-07-12 00:00:00-04:00,7.31399393081665,7.445382703204003,7.0950120866047675,7.31399393081665,438300,0.0,0.0
2018-07-13 00:00:00-04:00,7.2264014480685255,7.3840686560655,7.007419586005843,7.051216125488281,622900,0.0,0.0
2018-07-16 00:00:00-04:00,7.007419585832215,7.182604908408119,6.8760303850629105,7.095012664794922,568500,0.0,0.0
2018-07-17 00:00:00-04:00,7.095012664794922,7.182604908408119,6.963623046350862,7.095012664794922,464800,0.0,0.0
2018-07-18 00:00:00-04:00,7.051216009874961,7.287715982643206,6.919826811256687,7.270197868347168,1043600,0.0,0.0
2018-07-19 00:00:00-04:00,7.927142065704137,8.321309175361938,7.357788831443446,8.146123886108398,2761700,0.0,0.0
2018-07-20 00:00:00-04:00,8.233716788074352,8.233716788074352,7.6643643424865475,7.708160877227783,1131400,0.0,0.0
2018-07-23 00:00:00-04:00,7.620567812233336,7.927142720253119,7.620567812233336,7.751957416534424,606100,0.0,0.0
2018-07-24 00:00:00-04:00,7.75195837279782,7.997217828258625,7.576772212119151,7.620568752288818,882400,0.0,0.0
2018-07-25 00:00:00-04:00,7.620568507762901,7.620568507762901,7.270197868347168,7.270197868347168,758800,0.0,0.0
2018-07-26 00:00:00-04:00,7.270197394904385,7.532975775028532,7.182604323079856,7.31399393081665,520600,0.0,0.0
2018-07-27 00:00:00-04:00,7.313993391020584,7.313993391020584,7.005571653900405,7.181812286376953,347800,0.05,0.0
2018-07-30 00:00:00-04:00,7.137753148349648,7.402113691310866,7.137753148349648,7.358054161071777,237400,0.0,0.0
2018-07-31 00:00:00-04:00,7.31399393081665,7.49023457630032,7.13775328533298,7.31399393081665,258200,0.0,0.0
2018-08-01 00:00:00-04:00,7.313993391020584,7.578354759926219,7.093692390329491,7.181812286376953,590300,0.0,0.0
2018-08-02 00:00:00-04:00,7.181812539179977,7.181812539179977,6.917451581159529,7.137753009796143,438000,0.0,0.0
2018-08-03 00:00:00-04:00,7.137752758544035,7.26993302280604,7.005571653900405,7.181812286376953,406300,0.0,0.0
2018-08-06 00:00:00-04:00,7.1377536400456565,7.269933920631724,6.917452191956861,6.961512565612793,323500,0.0,0.0
2018-08-07 00:00:00-04:00,6.961512226457984,7.049632549285889,6.873391903630079,7.049632549285889,194600,0.0,0.0
2018-08-08 00:00:00-04:00,7.049632216944839,7.358053962588835,6.987947783777875,7.269933223724365,339200,0.0,0.0
2018-08-09 00:00:00-04:00,7.26993302280604,7.446173655282589,7.137752758544035,7.181812286376953,196600,0.0,0.0
2018-08-10 00:00:00-04:00,7.137752758544035,7.225872654591496,7.049632022114948,7.181812286376953,139800,0.0,0.0
2018-08-13 00:00:00-04:00,7.181812823432324,7.181812823432324,7.005572177776514,7.049632549285889,140300,0.0,0.0
2018-08-14 00:00:00-04:00,7.137753093289144,7.2523088794851,7.137753093289144,7.225872993469238,244500,0.0,0.0
2018-08-15 00:00:00-04:00,7.2258729089454645,7.2258729089454645,7.005571900499678,7.137753009796143,163100,0.0,0.0
2018-08-16 00:00:00-04:00,7.1377528039672065,7.199436815631136,6.829331064884296,6.91745138168335,370500,0.0,0.0
2018-08-17 00:00:00-04:00,6.873392248567935,6.961512575818116,6.741211547597231,6.829331874847412,292700,0.0,0.0
2018-08-20 00:00:00-04:00,6.829331532120705,7.093692920795263,6.829331532120705,7.049632549285889,348900,0.0,0.0
2018-08-21 00:00:00-04:00,7.049632270265167,7.2258729089454645,7.005571900499678,7.137753009796143,304200,0.0,0.0
2018-08-22 00:00:00-04:00,7.1377531501730305,7.225873051055391,7.005572038276984,7.093692779541016,160100,0.0,0.0
2018-08-23 00:00:00-04:00,7.049632211592385,7.137752950389949,7.0055718421936035,7.0055718421936035,255900,0.0,0.0
2018-08-24 00:00:00-04:00,7.0055718421936035,7.093692580991167,6.829331204980123,7.0055718421936035,357300,0.0,0.0
2018-08-27 00:00:00-04:00,7.0055718953251835,7.049632265058127,6.6530906182249385,6.7412109375,307500,0.0,0.0
2018-08-28 00:00:00-04:00,6.7412110778954375,6.917451720116026,6.609030386134579,6.697150707244873,220400,0.0,0.0
2018-08-29 00:00:00-04:00,6.697150844834446,6.873391910866653,6.67952678025031,6.785271167755127,149400,0.0,0.0
2018-08-30 00:00:00-04:00,6.785271229311655,6.873391973222619,6.56497020991594,6.653090953826904,213200,0.0,0.0
2018-08-31 00:00:00-04:00,6.609030248491995,6.7412109375,6.56496987875905,6.7412109375,134000,0.0,0.0
2018-09-04 00:00:00-04:00,6.653090756785144,6.785271028355167,6.564970015484015,6.697150707244873,248700,0.0,0.0
2018-09-05 00:00:00-04:00,6.741211216390209,6.899827797647435,6.697150844834446,6.785271167755127,184600,0.0,0.0
2018-09-06 00:00:00-04:00,6.785271167755127,6.873391910866653,6.741211216390209,6.785271167755127,141600,0.0,0.0
2018-09-07 00:00:00-04:00,6.741211422081385,6.829331747690837,6.609030723571777,6.609030723571777,155800,0.0,0.0
2018-09-10 00:00:00-04:00,6.6530906182249385,6.785270887042117,6.6530906182249385,6.7412109375,155000,0.0,0.0
2018-09-11 00:00:00-04:00,6.741211277547021,6.873391973222619,6.56497020991594,6.653090953826904,460200,0.0,0.0
2018-09-12 00:00:00-04:00,6.697150271858714,6.697150271858714,6.38872895792794,6.432789325714111,231100,0.0,0.0
2018-09-13 00:00:00-04:00,6.432789661318163,6.547345867195247,6.168428281190797,6.212488651275635,265700,0.0,0.0
2018-09-14 00:00:00-04:00,6.256548876417363,6.4768498961517125,6.168428552561792,6.388729572296143,278600,0.0,0.0
2018-09-17 00:00:00-04:00,6.38872910011486,6.520909786224365,6.38872910011486,6.520909786224365,504800,0.0,0.0
2018-09-18 00:00:00-04:00,6.741211547597231,7.225873557568658,6.741211547597231,6.829331874847412,433100,0.0,0.0
2018-09-19 00:00:00-04:00,6.661902252870686,7.032008003617527,6.661902252870686,6.91745138168335,281200,0.0,0.0
2018-09-20 00:00:00-04:00,6.9174518549486095,7.137753292304637,6.811707467555124,7.049632549285889,346400,0.0,0.0
2018-09-21 00:00:00-04:00,7.0936932663897245,7.0936932663897245,6.917452191956861,6.961512565612793,964100,0.0,0.0
2018-09-24 00:00:00-04:00,6.917451720116026,6.961512090766591,6.697150707244873,6.697150707244873,219900,0.0,0.0
2018-09-25 00:00:00-04:00,6.741210789676602,6.741210789676602,6.476849417457591,6.520909786224365,228700,0.0,0.0
2018-09-26 00:00:00-04:00,6.4327891328576445,6.697150071076646,6.415165070309711,6.47684907913208,299500,0.0,0.0
2018-09-27 00:00:00-04:00,6.476849273309474,6.5209096410956455,6.344668590141769,6.432789325714111,283700,0.0,0.0
2018-09-28 00:00:00-04:00,6.388728950224003,6.476849265499276,6.25654826721569,6.3006086349487305,211400,0.0,0.0
2018-10-01 00:00:00-04:00,6.327045000578047,6.388729436056954,6.150804356625225,6.168428421020508,305300,0.0,0.0
2018-10-02 00:00:00-04:00,6.177239865304638,6.186051686268501,5.877630389099159,5.912878513336182,459700,0.0,0.0
2018-10-03 00:00:00-04:00,5.930503182914217,5.992187616742717,5.789510671524309,5.921690940856934,381600,0.0,0.0
2018-10-04 00:00:00-04:00,5.912879164100206,5.992187662457494,5.7806984735683375,5.842382907867432,217100,0.0,0.0
2018-10-05 00:00:00-04:00,5.8159462890676865,5.860006656940267,5.595645290086404,5.639705657958984,294200,0.0,0.0
2018-10-08 00:00:00-04:00,5.630893707771962,5.842382896240223,5.622081885855818,5.7630743980407715,412800,0.0,0.0
2018-10-09 00:00:00-04:00,5.754263078997807,5.9481278001942295,5.560397937610516,5.578022003173828,296700,0.0,0.0
2018-10-10 00:00:00-04:00,5.983375090743866,5.983375090743866,5.445840536292344,5.5075249671936035,1134500,0.0,0.0
2018-10-11 00:00:00-04:00,5.533961710357075,5.877631177884294,5.533961710357075,5.798322677612305,1100000,0.0,0.0
2018-10-12 00:00:00-04:00,5.9128792969731006,6.045059990475304,5.613269781060219,5.7190141677856445,543900,0.0,0.0
2018-10-15 00:00:00-04:00,5.7013904305168985,5.7895111780359105,5.657330476948258,5.6837663650512695,477800,0.0,0.0
2018-10-16 00:00:00-04:00,5.710202342983071,5.904067051889008,5.525149456204711,5.851194858551025,705000,0.0,0.0
2018-10-17 00:00:00-04:00,5.798321899470465,5.9305025754546925,5.674953464640884,5.912878513336182,828800,0.0,0.0
2018-10-18 00:00:00-04:00,6.300609005824692,6.406353390379506,5.595645601744272,5.65733003616333,1701300,0.0,0.0
2018-10-19 00:00:00-04:00,5.657330386623327,5.657330386623327,5.102171703033369,5.4370293617248535,1300900,0.0,0.0
2018-10-22 00:00:00-04:00,5.4282166366040405,5.8159464563887315,5.384156687654693,5.622081756591797,898500,0.0,0.0
2018-10-23 00:00:00-04:00,5.595645451069531,5.7806983291529255,5.507525132980015,5.622081756591797,560400,0.0,0.0
2018-10-24 00:00:00-04:00,5.79832270679195,6.159616240621035,5.542773560397109,5.560397624969482,983900,0.0,0.0
2018-10-25 00:00:00-04:00,5.569209727264488,5.6220819196516745,5.392968665783032,5.4722771644592285,513000,0.0,0.0
2018-10-26 00:00:00-04:00,5.383441596432968,5.56111319208776,5.294606010406316,5.498928070068359,630000,0.05,0.0
2018-10-29 00:00:00-04:00,5.516695007089033,5.685482826827518,5.463393657213954,5.569996356964111,499600,0.0,0.0
2018-10-30 00:00:00-04:00,5.632181576726342,5.845386980003583,5.6055306895159465,5.765434741973877,445700,0.0,0.0
2018-10-31 00:00:00-04:00,5.996407380470862,6.103010076681549,5.765434448412914,5.774318218231201,377100,0.0,0.0
2018-11-01 00:00:00-04:00,5.774318232083306,5.934222276782934,5.712133114010499,5.721016883850098,981900,0.0,0.0
2018-11-02 00:00:00-04:00,5.738784424688302,5.889805134327704,5.676599302012816,5.880921363830566,548200,0.0,0.0
2018-11-05 00:00:00-05:00,5.872037582311587,5.898688044627461,5.667715535616889,5.721016883850098,366600,0.0,0.0
2018-11-06 00:00:00-05:00,5.703249593078257,5.818736055846851,5.703249593078257,5.79208517074585,494600,0.0,0.0
2018-11-07 00:00:00-05:00,5.7920850293196695,5.863153489718455,5.632180993422403,5.836503028869629,1093600,0.0,0.0
2018-11-08 00:00:00-05:00,5.800969084145667,5.8453866622800525,5.721016850461731,5.74766731262207,223700,0.0,0.0
2018-11-09 00:00:00-05:00,5.712133274225574,5.774318394042563,5.578880111705771,5.623297691345215,258300,0.0,0.0
2018-11-12 00:00:00-05:00,5.614414189598458,5.65883176800959,5.490043953403781,5.507811069488525,419200,0.0,0.0
2018-11-13 00:00:00-05:00,5.507810936361654,5.569996052955944,5.259071317187399,5.285721778869629,472100,0.0,0.0
2018-11-14 00:00:00-05:00,5.321256219460496,5.463393573894514,5.072516590503532,5.10805082321167,559000,0.0,0.0
2018-11-15 00:00:00-05:00,5.10805124098455,5.401208896603944,5.081400352473013,5.347907543182373,466800,0.0,0.0
2018-11-16 00:00:00-05:00,5.312373287230814,5.53446247077123,5.241304816274122,5.481161117553711,347800,0.0,0.0
2018-11-19 00:00:00-05:00,5.463393354140246,5.543345162716917,5.28572177414458,5.418975353240967,332400,0.0,0.0
2018-11-20 00:00:00-05:00,5.463393200328189,5.667715236229941,5.356790509492868,5.51669454574585,482200,0.0,0.0
2018-11-21 00:00:00-05:00,5.534462269187092,5.667715859178088,5.454510030472197,5.525578498840332,279000,0.0,0.0
2018-11-23 00:00:00-05:00,5.498928070068359,5.543345651280942,5.392325366836377,5.498928070068359,158600,0.0,0.0
2018-11-26 00:00:00-05:00,5.569995892170779,5.569995892170779,5.294605395662345,5.383440971374512,451700,0.0,0.0
2018-11-27 00:00:00-05:00,5.347906730223943,5.436742305755615,5.330139615117608,5.436742305755615,208700,0.0,0.0
2018-11-28 00:00:00-05:00,5.43674247186033,5.641064513626394,5.40120824056201,5.632181167602539,403400,0.0,0.0
2018-11-29 00:00:00-05:00,5.596646980852048,5.596646980852048,5.330139820391873,5.339023590087891,301700,0.0,0.0
2018-11-30 00:00:00-05:00,5.347907713530466,5.347907713530466,5.241305003291683,5.25018835067749,630000,0.0,0.0
2018-12-03 00:00:00-05:00,5.365674347367985,5.383441464136695,5.22353741321831,5.330140113830566,545400,0.0,0.0
2018-12-04 00:00:00-05:00,5.3034887986774475,5.37455768361572,5.072516299332754,5.116934299468994,515900,0.0,0.0
2018-12-06 00:00:00-05:00,5.125817924985711,5.25907150906293,4.974797224604959,5.161352157592773,450800,0.0,0.0
2018-12-07 00:00:00-05:00,5.125818420984546,5.18800354586497,4.90372923389925,5.028099060058594,519800,0.0,0.0
2018-12-10 00:00:00-05:00,5.019215451801941,5.019215451801941,4.814893393366062,4.850427627563477,892200,0.0,0.0
2018-12-11 00:00:00-05:00,4.948146691900258,5.205770086455065,4.7082904133974575,4.726057529449463,435600,0.0,0.0
2018-12-12 00:00:00-05:00,4.770475388818551,5.028098798550552,4.770475388818551,4.850427627563477,472900,0.0,0.0
2018-12-13 00:00:00-05:00,4.832660544928327,4.8681947793791505,4.699406953936996,4.7438249588012695,295400,0.0,0.0
2018-12-14 00:00:00-05:00,4.681639836711584,4.806009657289466,4.681639836711584,4.7438249588012695,302200,0.0,0.0
2018-12-17 00:00:00-05:00,4.726057824536951,4.921496113311862,4.6994069369941736,4.797126293182373,645100,0.0,0.0
2018-12-18 00:00:00-05:00,4.859310334061374,4.965913446209342,4.797125644209942,4.868194103240967,690800,0.0,0.0
2018-12-19 00:00:00-05:00,4.859310770653238,5.152468825897576,4.859310770653238,5.10805082321167,841500,0.0,0.0
2018-12-20 00:00:00-05:00,5.081399645199136,5.1968861066722045,5.045865414530722,5.116934299468994,857000,0.0,0.0
2018-12-21 00:00:00-05:00,5.134702191796681,5.241304899933261,4.894845886688622,5.028099060058594,1107200,0.0,0.0
2018-12-24 00:00:00-05:00,5.010331647258043,5.099167232145308,4.957030296325684,4.957030296325684,235300,0.0,0.0
2018-12-26 00:00:00-05:00,4.957030122401351,5.10805082321167,4.921495889693213,5.10805082321167,343600,0.0,0.0
2018-12-27 00:00:00-05:00,5.036982064109646,5.090283410064069,4.663872218827236,4.770474910736084,667900,0.0,0.0
2018-12-28 00:00:00-05:00,4.788242633531878,4.9570304622688175,4.76159216897428,4.859311103820801,617300,0.0,0.0
2018-12-31 00:00:00-05:00,4.8504269884832105,4.9303792166938285,4.814892758967698,4.868194103240967,765000,0.0,0.0
2019-01-02 00:00:00-05:00,4.82377624133469,5.13470139381454,4.788242010811525,5.090283393859863,390500,0.0,0.0
2019-01-03 00:00:00-05:00,5.03698223628485,5.072516468135771,4.948146656657547,4.965913772583008,183100,0.0,0.0
2019-01-04 00:00:00-05:00,4.974797253204308,5.108050838047583,4.912612557585191,5.054749488830566,327100,0.0,0.0
2019-01-07 00:00:00-05:00,5.063632825011772,5.259071528681141,5.019215245887983,5.188003063201904,245600,0.0,0.0
2019-01-08 00:00:00-05:00,5.223537394844216,5.347907211787705,5.161352274571734,5.3034892082214355,258500,0.0,0.0
2019-01-09 00:00:00-05:00,5.312372520575579,5.525577902676916,5.312372520575579,5.463393211364746,260600,0.0,0.0
2019-01-10 00:00:00-05:00,5.445626064260095,5.516694524543842,5.356790488905411,5.490043640136719,296700,0.0,0.0
2019-01-11 00:00:00-05:00,5.4722768351603275,5.738783999927834,5.4722768351603275,5.721016883850098,373400,0.0,0.0
2019-01-14 00:00:00-05:00,5.676598711920372,5.7032495970398855,5.516694672007632,5.658831596374512,387400,0.0,0.0
2019-01-15 00:00:00-05:00,5.667715522020514,5.8009691040846025,5.534461939956425,5.774318218231201,306500,0.0,0.0
2019-01-16 00:00:00-05:00,5.783201832943096,5.898687872273256,5.729900062665854,5.872037410736084,195800,0.0,0.0
2019-01-17 00:00:00-05:00,5.854270411398625,6.165195151647401,5.8453866416422375,6.147428035736084,470800,0.0,0.0
2019-01-18 00:00:00-05:00,6.156311970382559,6.227380864422871,6.058593035329937,6.20961332321167,727700,0.0,0.0
2019-01-22 00:00:00-05:00,6.182962274100302,6.254030737820761,6.085242924683944,6.227380275726318,329900,0.0,0.0
2019-01-23 00:00:00-05:00,6.227380100896811,6.307331908537004,6.005290946204652,6.29844856262207,267600,0.0,0.0
2019-01-24 00:00:00-05:00,6.298448875659523,6.33398310828823,6.2184966404442,6.316215991973877,265000,0.0,0.0
2019-01-25 00:00:00-05:00,6.325099474342507,6.502771064908079,6.31621612779504,6.48500394821167,408600,0.0,0.0
2019-01-28 00:00:00-05:00,6.440585895440513,6.6449079476882025,6.396167892238266,6.564955711364746,470900,0.0,0.0
2019-01-29 00:00:00-05:00,6.573839317621207,6.609373549856879,6.431701965077059,6.5827226638793945,255700,0.0,0.0
2019-01-30 00:00:00-05:00,6.591607053971711,6.804812467447157,6.511654812117668,6.778162002563477,314700,0.0,0.0
2019-01-31 00:00:00-05:00,6.778160896805053,7.097968964846183,6.707092437240357,6.742626667022705,560200,0.0,0.0
2019-02-01 00:00:00-05:00,6.724859910303865,6.751510372259338,6.4494694030223965,6.467236518859863,341400,0.0,0.0
2019-02-04 00:00:00-05:00,6.467236518859863,6.573839213884667,6.440585633302935,6.467236518859863,463200,0.0,0.0
2019-02-05 00:00:00-05:00,6.467236358890846,6.5205377050848226,6.289564781309479,6.351749897003174,449100,0.0,0.0
2019-02-06 00:00:00-05:00,6.342866440143647,6.467236677661252,6.27179797504871,6.3695173263549805,304300,0.0,0.0
2019-02-07 00:00:00-05:00,6.3606333923716,6.413934739818118,6.156311348692551,6.174078464508057,262200,0.0,0.0
2019-02-08 00:00:00-05:00,6.156311361833817,6.19184559354068,6.076359552294101,6.120777130126953,266800,0.0,0.0
2019-02-11 00:00:00-05:00,6.094126816790367,6.18296239822433,5.996407465412275,6.156311511993408,280300,0.0,0.0
2019-02-12 00:00:00-05:00,6.174078637857583,6.413934919902086,6.174078637857583,6.316215991973877,350000,0.0,0.0
2019-02-13 00:00:00-05:00,6.333983696340548,6.405052168196017,6.236264335738524,6.378401279449463,295000,0.0,0.0
2019-02-14 00:00:00-05:00,6.360634161485596,6.440586404123752,6.307332807593993,6.378401279449463,273400,0.0,0.0
2019-02-15 00:00:00-05:00,6.396167877451003,6.733743514923524,6.369517414472445,6.61825704574585,500100,0.0,0.0
2019-02-19 00:00:00-05:00,6.22738068297938,6.396168083552959,5.356791098266754,5.525578498840332,1987200,0.0,0.0
2019-02-20 00:00:00-05:00,5.596647113127795,5.6854826941803145,5.427859297327275,5.561112880706787,727200,0.0,0.0
2019-02-21 00:00:00-05:00,5.5433456340736305,5.676599224500714,5.44562670154839,5.552229404449463,462600,0.0,0.0
2019-02-22 00:00:00-05:00,5.543345315757094,5.614414203878294,5.3923250404533825,5.454509735107422,531900,0.0,0.0
2019-02-25 00:00:00-05:00,5.445626258850098,5.552228953084981,5.4012082577848375,5.445626258850098,507700,0.0,0.0
2019-02-26 00:00:00-05:00,5.490044264656265,5.5877636204631935,5.410092449542855,5.525578498840332,618000,0.0,0.0
2019-02-27 00:00:00-05:00,5.50781062671072,5.721016426189318,5.50781062671072,5.614413738250732,307000,0.0,0.0
2019-02-28 00:00:00-05:00,5.596647084984355,5.685482665590154,5.525578196898254,5.667715549468994,370300,0.0,0.0
2019-03-01 00:00:00-05:00,5.703529926691362,5.739344837773614,5.551316341118082,5.658761501312256,436400,0.05,0.0
2019-03-04 00:00:00-05:00,5.649808109357558,5.676669508754493,5.3722423080107,5.461779594421387,517100,0.0,0.0
2019-03-05 00:00:00-05:00,5.497594206061515,5.560270516569184,5.408056924584442,5.533409118652344,356600,0.0,0.0
2019-03-06 00:00:00-05:00,5.52445584095501,5.52445584095501,5.363288300435412,5.39910364151001,243800,0.0,0.0
2019-03-07 00:00:00-05:00,5.479687041829061,5.515501956328797,5.381196240428517,5.40805721282959,241900,0.0,0.0
2019-03-08 00:00:00-05:00,5.39014944304565,5.461779267891849,5.291658220408411,5.42596435546875,204600,0.0,0.0
2019-03-11 00:00:00-04:00,5.452825575678088,5.560270309448242,5.327472959332154,5.560270309448242,278600,0.0,0.0
2019-03-12 00:00:00-04:00,5.569224031243174,5.587131487538588,5.434918322501281,5.533409118652344,251000,0.0,0.0
2019-03-13 00:00:00-04:00,5.5334090348324505,5.605039285876492,5.390149386639226,5.41701078414917,204400,0.0,0.0
2019-03-14 00:00:00-04:00,5.417010947062778,5.470733316750908,5.273750867613656,5.434918403625488,393000,0.0,0.0
2019-03-15 00:00:00-04:00,5.425964461870412,5.479686831558542,5.327473237301787,5.434918403625488,770100,0.0,0.0
2019-03-18 00:00:00-04:00,5.434918735882619,5.524456024169922,5.381196362910238,5.524456024169922,258800,0.0,0.0
2019-03-19 00:00:00-04:00,5.524456024169922,5.551316997182379,5.461779708895076,5.524456024169922,167900,0.0,0.0
2019-03-20 00:00:00-04:00,5.52445576636968,5.640854449185131,5.479686910841446,5.551316738128662,242900,0.0,0.0
2019-03-21 00:00:00-04:00,5.560270613986802,5.8288828900716245,5.560270613986802,5.7482991218566895,220200,0.0,0.0
2019-03-22 00:00:00-04:00,5.712484338658078,5.784114166725052,5.560270740542031,5.605039596557617,229200,0.0,0.0
2019-03-25 00:00:00-04:00,5.605039466601064,5.649807894631211,5.470733328615738,5.488640785217285,283600,0.0,0.0
2019-03-26 00:00:00-04:00,5.5423633754575805,5.667715576654027,5.44387214675807,5.515501976013184,261500,0.0,0.0
2019-03-27 00:00:00-04:00,5.50654812189444,5.5960854029521885,5.417010840836691,5.42596435546875,218100,0.0,0.0
2019-03-28 00:00:00-04:00,5.425964806841566,5.4975946376464755,5.17526039902438,5.264797687530518,390100,0.0,0.0
2019-03-29 00:00:00-04:00,5.264797768492661,5.28270522646927,5.005139414358098,5.06781530380249,699200,0.0,0.0
2019-04-01 00:00:00-04:00,5.094676768439327,5.202121517652894,4.924555702044105,5.175260543823242,281600,0.0,0.0
2019-04-02 00:00:00-04:00,5.166306158459398,5.22898247026925,5.023046505119674,5.07676887512207,222600,0.0,0.0
2019-04-03 00:00:00-04:00,5.121537108589139,5.175259903496365,5.058861226109755,5.157352447509766,176000,0.0,0.0
2019-04-04 00:00:00-04:00,5.16630584254189,5.300611972808838,5.157352328229384,5.300611972808838,182100,0.0,0.0
2019-04-05 00:00:00-04:00,5.300612821019162,5.354335196333175,5.255843961450407,5.291658878326416,158000,0.0,0.0
2019-04-08 00:00:00-04:00,5.264797418550681,5.318519788909675,5.22002856311113,5.237936019897461,96100,0.0,0.0
2019-04-09 00:00:00-04:00,5.220028658659845,5.264797514918857,5.1663062873175045,5.193167686462402,90400,0.0,0.0
2019-04-10 00:00:00-04:00,5.19316729513159,5.327472999893116,5.166305898010831,5.309565544128418,136300,0.0,0.0
2019-04-11 00:00:00-04:00,5.309566001628169,5.309566001628169,5.202121257781982,5.202121257781982,113500,0.0,0.0
2019-04-12 00:00:00-04:00,5.220028975855155,5.273751350461938,5.166306601248372,5.175260543823242,155400,0.0,0.0
2019-04-15 00:00:00-04:00,5.193167544952407,5.211075001578555,4.969324123651828,5.023046493530273,191800,0.0,0.0
2019-04-16 00:00:00-04:00,5.040953812686347,5.157352491055766,4.960370046592527,5.112583637237549,191100,0.0,0.0
2019-04-17 00:00:00-04:00,5.139444759984477,5.193167556934318,5.032000019979685,5.07676887512207,186800,0.0,0.0
2019-04-18 00:00:00-04:00,5.032000380159937,5.0588617805575415,4.906648174515226,5.014092922210693,226200,0.0,0.0
2019-04-22 00:00:00-04:00,4.978277795445645,4.978277795445645,4.691758053446469,4.727573394775391,236900,0.0,0.0
2019-04-23 00:00:00-04:00,4.709665975775308,4.978277835814466,4.691758091491903,4.942462921142578,271700,0.0,0.0
2019-04-24 00:00:00-04:00,4.915601381999683,5.076768920391442,4.915601381999683,5.0320000648498535,189300,0.0,0.0
2019-04-25 00:00:00-04:00,4.996185236312048,5.014092693444271,4.772341808685541,4.933509349822998,257600,0.0,0.0
2019-04-26 00:00:00-04:00,4.942462939902681,5.067815141730087,4.879786625515246,5.049907684326172,227400,0.0,0.0
2019-04-29 00:00:00-04:00,5.023046720925976,5.139444980791624,4.906648034112865,5.103630065917969,291300,0.0,0.0
2019-04-30 00:00:00-04:00,4.306747391579944,4.458960986976424,3.9754592292155126,4.351516246795654,1939500,0.0,0.0
2019-05-01 00:00:00-04:00,4.351516495113973,4.351516495113973,4.082904202386301,4.226163864135742,981500,0.0,0.0
2019-05-02 00:00:00-04:00,4.154534033261021,4.279886664239252,4.073950687000695,4.226163864135742,774400,0.0,0.0
2019-05-03 00:00:00-04:00,4.289511015851572,4.370957569563748,4.208064893658032,4.325709819793701,556500,0.05,0.0
2019-05-06 00:00:00-04:00,4.271412016761237,4.3619083833030565,4.244263452013615,4.289511203765869,404100,0.0,0.0
2019-05-07 00:00:00-04:00,4.2442633983964075,4.280461771948384,4.072320908265194,4.1356682777404785,528500,0.0,0.0
2019-05-08 00:00:00-04:00,4.126618224511517,4.171866404534469,4.0994696617126465,4.0994696617126465,404200,0.0,0.0
2019-05-09 00:00:00-04:00,4.099469577713718,4.153767133717517,4.045171590191302,4.090419769287109,345900,0.0,0.0
2019-05-10 00:00:00-04:00,4.063270800549105,4.099469602959848,3.9546756878727356,4.027072429656982,648100,0.0,0.0
2019-05-13 00:00:00-04:00,3.972774828080062,4.0270723837999505,3.927527080739462,3.9818246364593506,401000,0.0,0.0
2019-05-14 00:00:00-04:00,3.9999237221157578,4.090419646062553,3.9546755443830586,4.072320461273193,504000,0.0,0.0
2019-05-15 00:00:00-04:00,4.036122091694476,4.0813702694271745,4.008973098751135,4.072320461273193,414400,0.0,0.0
2019-05-16 00:00:00-04:00,4.07232066739515,4.217114153038795,4.07232066739515,4.0994696617126465,596000,0.0,0.0
2019-05-17 00:00:00-04:00,4.054221639672009,4.217114317368607,4.054221639672009,4.126618385314941,353100,0.0,0.0
2019-05-20 00:00:00-04:00,4.090420220238871,4.298561090292739,4.090420220238871,4.2261643409729,319100,0.0,0.0
2019-05-21 00:00:00-04:00,4.2442631581043075,4.41620563850087,4.21711416371806,4.380007266998291,643000,0.0,0.0
2019-05-22 00:00:00-04:00,4.361907995368662,4.380007180763609,4.126618153715719,4.162816524505615,409400,0.0,0.0
2019-05-23 00:00:00-04:00,4.162816957525952,4.189965954201749,4.045172024461939,4.081370830535889,457500,0.0,0.0
2019-05-24 00:00:00-04:00,4.090419769287109,4.153767133717517,4.027072404856702,4.090419769287109,372900,0.0,0.0
2019-05-28 00:00:00-04:00,4.081370371038453,4.1628164888589785,3.9546756428400993,3.9818246364593506,437300,0.0,0.0
2019-05-29 00:00:00-04:00,3.9637253751705988,4.027072306535775,3.882278827394108,4.008973121643066,480100,0.0,0.0
2019-05-30 00:00:00-04:00,3.9999240561714418,4.027072619863504,3.9184775020579745,3.9456264972686768,329800,0.0,0.0
2019-05-31 00:00:00-04:00,3.89132899119772,3.9275273642910213,3.7555848763385167,3.78273344039917,375200,0.0,0.0
2019-06-03 00:00:00-04:00,3.773684009733391,3.791783196025117,3.6288905193995795,3.6650888919830322,275300,0.0,0.0
2019-06-04 00:00:00-04:00,3.7012872617061032,3.9184774970389737,3.7012872617061032,3.909428119659424,310500,0.0,0.0
2019-06-05 00:00:00-04:00,3.927527184534467,3.963725555971027,3.628890404423528,3.683187961578369,583200,0.0,0.0
2019-06-06 00:00:00-04:00,3.6831878665107047,3.6922372433769564,3.34835250784641,3.4297988414764404,714100,0.0,0.0
2019-06-07 00:00:00-04:00,3.5926917420548388,3.981824658374347,3.5745925567152623,3.710336446762085,835700,0.0,0.0
2019-06-10 00:00:00-04:00,3.728435508224633,3.8460804247824427,3.6560387692717047,3.692237138748169,374400,0.0,0.0
2019-06-11 00:00:00-04:00,3.7917828391215673,3.82798120829783,3.6741379235394156,3.719386100769043,365300,0.0,0.0
2019-06-12 00:00:00-04:00,3.692237619009674,3.746535180287033,3.6560392448247683,3.72843599319458,220900,0.0,0.0
2019-06-13 00:00:00-04:00,3.7374855692005586,3.8279814990139287,3.719386383237884,3.764634132385254,227700,0.0,0.0
2019-06-14 00:00:00-04:00,3.7646338777010975,3.7736836858295146,3.683187762138354,3.692237138748169,170500,0.0,0.0
2019-06-17 00:00:00-04:00,3.6741381173411494,3.6741381173411494,3.511245447455782,3.610790967941284,516300,0.0,0.0
2019-06-18 00:00:00-04:00,3.6198404919216647,3.6650886706781307,3.5202949733279136,3.5655429363250732,464400,0.0,0.0
2019-06-19 00:00:00-04:00,3.5655429909369,3.5655429909369,3.429798884106983,3.5383942127227783,574200,0.0,0.0
2019-06-20 00:00:00-04:00,3.5293446984096772,3.674138185435755,3.493146110893843,3.656038999557495,408900,0.0,0.0
2019-06-21 00:00:00-04:00,3.6288903146675766,3.7646339884379207,3.610790913637649,3.637939691543579,936600,0.0,0.0
2019-06-24 00:00:00-04:00,3.637939925219275,3.692237484518829,3.5655431794865358,3.6017415523529053,272200,0.0,0.0
2019-06-25 00:00:00-04:00,3.6107911358648286,3.674138288210718,3.5202952039421294,3.5293447971343994,259900,0.0,0.0
2019-06-26 00:00:00-04:00,3.556493305970839,3.592691675984294,3.465997165177897,3.4931459426879883,349700,0.0,0.0
2019-06-27 00:00:00-04:00,3.5293447415871704,3.592691892936059,3.511245555487488,3.5564935207366943,342300,0.0,0.0
2019-06-28 00:00:00-04:00,3.556493471476756,3.6650888023300467,3.53839428562776,3.619840621948242,1072200,0.0,0.0
2019-07-01 00:00:00-04:00,3.692237455661302,3.846080754900296,3.6288905193995795,3.6650888919830322,435800,0.0,0.0
2019-07-02 00:00:00-04:00,3.665088577400122,3.7374853163530504,3.665088577400122,3.692237138748169,171600,0.0,0.0
2019-07-03 00:00:00-04:00,3.719386455908588,3.728435833307419,3.6560390880422093,3.701287269592285,99300,0.0,0.0
2019-07-05 00:00:00-04:00,3.692237268252173,3.755584632817174,3.6469895205788436,3.746534824371338,153500,0.0,0.0
2019-07-08 00:00:00-04:00,3.719386581361894,3.782733519846297,3.7103367721391765,3.755584955215454,149300,0.0,0.0
2019-07-09 00:00:00-04:00,3.728435508224633,3.8008322471775613,3.692237138748169,3.692237138748169,208300,0.0,0.0
2019-07-10 00:00:00-04:00,3.719386581361894,3.7917833290690144,3.6741383982856157,3.755584955215454,215000,0.0,0.0
2019-07-11 00:00:00-04:00,3.7736839467692125,3.85513049948236,3.746534952025286,3.800832509994507,358100,0.0,0.0
2019-07-12 00:00:00-04:00,3.8189314114695967,4.00897306596287,3.8098820349082314,3.9275269508361816,376500,0.0,0.0
2019-07-15 00:00:00-04:00,3.9365767464600925,3.954675933028146,3.782733444872316,3.818931818008423,243900,0.0,0.0
2019-07-16 00:00:00-04:00,3.7827333240047665,3.89132887146184,3.7827333240047665,3.800832509994507,162000,0.0,0.0
2019-07-17 00:00:00-04:00,3.8279815606555427,3.91847749192616,3.800832565515038,3.873229742050171,537800,0.0,0.0
2019-07-18 00:00:00-04:00,3.882279137924757,3.9184775106055616,3.692237465591212,3.737485647201538,838100,0.0,0.0
2019-07-19 00:00:00-04:00,3.710336323486401,3.7827330624393296,3.6560387692717047,3.692237138748169,1007000,0.0,0.0
2019-07-22 00:00:00-04:00,3.701287230866883,3.72843579429797,3.511245560774734,3.5926918983459473,1068400,0.0,0.0
2019-07-23 00:00:00-04:00,3.176410219943609,3.176410219943609,2.6877317577614104,2.7963268756866455,2682600,0.0,0.0
2019-07-24 00:00:00-04:00,2.6696324279315804,2.7510787619972716,2.5972354707805465,2.6334340572357178,1368400,0.0,0.0
2019-07-25 00:00:00-04:00,2.597235603568062,2.606285412464021,2.425293333971911,2.479590892791748,1193100,0.0,0.0
2019-07-26 00:00:00-04:00,2.5533334070732963,2.58098681129286,2.368977159173152,2.534897804260254,1704200,0.05,0.0
2019-07-29 00:00:00-04:00,2.544115473574941,2.7469073137590674,2.544115473574941,2.663947105407715,900200,0.0,0.0
2019-07-30 00:00:00-04:00,2.663947143124437,2.691600546299744,2.4242840958353993,2.4427196979522705,505500,0.0,0.0
2019-07-31 00:00:00-04:00,2.451937616761232,2.7008184770608255,2.332105977477127,2.3874127864837646,735300,0.0,0.0
2019-08-01 00:00:00-04:00,2.433501906842282,2.4703731112267584,2.3136702728230207,2.332105875015259,703300,0.0,0.0
2019-08-02 00:00:00-04:00,2.350541603165089,2.396630611115439,2.3136703968048096,2.3136703968048096,485500,0.0,0.0
2019-08-05 00:00:00-04:00,2.2860168090081197,2.3689770166766655,2.249145605599877,2.3413236141204834,627500,0.0,0.0
2019-08-06 00:00:00-04:00,2.313670220167342,2.3689770254853557,2.276799016621999,2.304452419281006,311100,0.0,0.0
2019-08-07 00:00:00-04:00,2.267581286510341,2.3044524912064905,2.239927882988229,2.2583634853363037,253800,0.0,0.0
2019-08-08 00:00:00-04:00,2.2583635164386693,2.4335019609271153,2.2583635164386693,2.3597593307495117,672700,0.0,0.0
2019-08-09 00:00:00-04:00,2.3689771099358077,2.4150661160104896,2.221492290496826,2.221492290496826,482200,0.0,0.0
2019-08-12 00:00:00-04:00,2.2122745513916016,2.332105970550047,2.1754031257269726,2.2122745513916016,1015100,0.0,0.0
2019-08-13 00:00:00-04:00,2.2675813158014084,2.4980265678987923,2.2675813158014084,2.433501958847046,743500,0.0,0.0
2019-08-14 00:00:00-04:00,2.3597593307495117,2.4335019609271153,2.3413237281475405,2.3597593307495117,376500,0.0,0.0
2019-08-15 00:00:00-04:00,2.3505414413388404,2.3505414413388404,2.092442794816312,2.1569674015045166,452700,0.0,0.0
2019-08-16 00:00:00-04:00,2.1569675262713655,2.1846209307373123,2.0647895113848755,2.1385319232940674,552600,0.0,0.0
2019-08-19 00:00:00-04:00,2.184620994741084,2.184620994741084,2.110878580671429,2.1293141841888428,427900,0.0,0.0
2019-08-20 00:00:00-04:00,2.1200961976826855,2.166185202459974,2.092442794816312,2.1569674015045166,400800,0.0,0.0
2019-08-21 00:00:00-04:00,2.212274604891849,2.4335020653810338,2.1754031783355448,2.4150662422180176,288200,0.0,0.0
2019-08-22 00:00:00-04:00,2.442719730376766,2.580986748088647,2.405848305883882,2.5441155433654785,255400,0.0,0.0
2019-08-23 00:00:00-04:00,2.534897698785609,2.580986703900496,2.405848264694214,2.405848264694214,304700,0.0,0.0
2019-08-26 00:00:00-04:00,2.451937602189156,2.5625512195450453,2.4058483751878135,2.4980266094207764,315400,0.0,0.0
2019-08-27 00:00:00-04:00,2.4888087033911765,2.5072443055091345,2.3505414677367784,2.3689770698547363,217400,0.0,0.0
2019-08-28 00:00:00-04:00,2.3689770607398835,2.479590892791748,2.3413236576693457,2.479590892791748,174300,0.0,0.0
2019-08-29 00:00:00-04:00,2.516462212313425,2.5625512195450453,2.4795910065281284,2.4980266094207764,172700,0.0,0.0
2019-08-30 00:00:00-04:00,2.5072442958622863,2.544115499956337,2.45193748972121,2.479590892791748,125400,0.0,0.0
2019-09-03 00:00:00-04:00,2.451937552925441,2.4703731554476858,2.3597593205444998,2.3966305255889893,292600,0.0,0.0
2019-09-04 00:00:00-04:00,2.396630611115439,2.405848412705509,2.3044525952147397,2.3136703968048096,254900,0.0,0.0
2019-09-05 00:00:00-04:00,2.3228881155000103,2.4703731554476858,2.3228881155000103,2.3966305255889893,297900,0.0,0.0
2019-09-06 00:00:00-04:00,2.40584832513495,2.507244358704727,2.40584832513495,2.4703731536865234,140300,0.0,0.0
2019-09-09 00:00:00-04:00,2.4795908377370006,2.5533332442877876,2.3413236056845674,2.378194808959961,456600,0.0,0.0
2019-09-10 00:00:00-04:00,2.3781948445238306,2.627075690124245,2.3781948445238306,2.553333282470703,518200,0.0,0.0
2019-09-11 00:00:00-04:00,2.571768909100304,2.774560751866204,2.5256799038738977,2.765342950820923,436500,0.0,0.0
2019-09-12 00:00:00-04:00,2.7837785624424902,2.811431965673013,2.6547293473667186,2.7284717559814453,318400,0.0,0.0
2019-09-13 00:00:00-04:00,2.7192540830440897,2.7745608921113587,2.5994224436286157,2.636293649673462,283000,0.0,0.0
2019-09-16 00:00:00-04:00,2.6639472111359432,2.6639472111359432,2.571768978428532,2.6455113887786865,222500,0.0,0.0
2019-09-17 00:00:00-04:00,2.636293661037772,2.636293661037772,2.507244439324516,2.5994224548339844,251300,0.0,0.0
2019-09-18 00:00:00-04:00,2.59020451488724,2.59020451488724,2.4242840958353993,2.4427196979522705,388700,0.0,0.0
2019-09-19 00:00:00-04:00,2.4519376060892015,2.7929964799154035,2.43350200316723,2.7469074726104736,726100,0.0,0.0
2019-09-20 00:00:00-04:00,2.7561253094038523,2.9681349654941274,2.7284719046663892,2.8851747512817383,1340400,0.0,0.0
2019-09-23 00:00:00-04:00,2.8483032037670184,2.9404814353985604,2.8022141978361055,2.8298676013946533,402700,0.0,0.0
2019-09-24 00:00:00-04:00,2.8575210939322737,3.0326595416930173,2.8390854909858505,2.995788335800171,642400,0.0,0.0
2019-09-25 00:00:00-04:00,2.986570358276367,3.0050059601360593,2.875956527348504,2.986570358276367,386400,0.0,0.0
2019-09-26 00:00:00-04:00,2.95891710289507,2.9773527056731925,2.7929964581222446,2.8206498622894287,205700,0.0,0.0
2019-09-27 00:00:00-04:00,2.8206498985762836,2.968134942468339,2.7929964940533463,2.9589171409606934,379800,0.0,0.0
2019-09-30 00:00:00-04:00,2.9589170266346456,2.9773526289376258,2.8575209941985387,2.940481424331665,274600,0.0,0.0
2019-10-01 00:00:00-04:00,2.949699172541604,2.986570376485796,2.848303141925365,2.912827968597412,226200,0.0,0.0
2019-10-02 00:00:00-04:00,2.8667387072412236,2.8667387072412236,2.6639470881412106,2.73768949508667,235700,0.0,0.0
2019-10-03 00:00:00-04:00,2.7653431267131383,2.783778729976315,2.636293684101179,2.7745609283447266,188300,0.0,0.0
2019-10-04 00:00:00-04:00,2.765342950820923,2.7929963539567666,2.7100361445492354,2.765342950820923,139700,0.0,0.0
2019-10-07 00:00:00-04:00,2.7653429602888084,2.8298675678266942,2.7192539549046044,2.7284717559814453,165100,0.0,0.0
2019-10-08 00:00:00-04:00,2.6823828844683972,2.719254090615912,2.6455114585511583,2.6731650829315186,195400,0.0,0.0
2019-10-09 00:00:00-04:00,2.691600686005276,2.7100362890790333,2.6455114585511583,2.6731650829315186,124400,0.0,0.0
2019-10-10 00:00:00-04:00,2.645511447512361,2.7653430867614928,2.645511447512361,2.710036277770996,121300,0.0,0.0
2019-10-11 00:00:00-04:00,2.719253987160462,2.9589170377709255,2.719253987160462,2.8298676013946533,348300,0.0,0.0
2019-10-14 00:00:00-04:00,2.802214164596172,2.811431965673013,2.7008183527509226,2.7284717559814453,186000,0.0,0.0
2019-10-15 00:00:00-04:00,2.737689589532827,2.9404814353985604,2.737689589532827,2.8298676013946533,191400,0.0,0.0
2019-10-16 00:00:00-04:00,2.7745609168111223,2.9220459620731756,2.7745609168111223,2.811432123184204,138500,0.0,0.0
2019-10-17 00:00:00-04:00,2.866738806139384,2.9312636342123777,2.811431999022288,2.8298676013946533,199800,0.0,0.0
2019-10-18 00:00:00-04:00,2.7837785858451345,2.8943924194668447,2.7837785858451345,2.866738796234131,177700,0.0,0.0
2019-10-21 00:00:00-04:00,2.894392381957188,3.0971840047244505,2.820649753908471,3.087966203689575,748400,0.0,0.0
2019-10-22 00:00:00-04:00,0.9309987836085538,1.3089289556959727,0.9217809825736062,1.0416125059127808,11305500,0.0,0.0
2019-10-23 00:00:00-04:00,0.9586522366849951,1.6960771271144899,0.9402166336541086,1.6038990020751953,17814100,0.0,0.0
2019-10-24 00:00:00-04:00,1.5762455514127205,1.6315523588872713,1.4287605117108677,1.5578099489212036,3984400,0.0,0.0
2019-10-25 00:00:00-04:00,1.5025030374526978,1.5393742425802937,1.419542716030748,1.5025030374526978,1376100,0.0,0.0
2019-10-28 00:00:00-04:00,1.6592057323620029,1.8343441726067504,1.594681124818569,1.6684235334396362,4813100,0.0,0.0
2019-10-29 00:00:00-04:00,1.6592057371239863,1.6776414492170209,1.567027726083098,1.6499879360198975,1220100,0.0,0.0
2019-10-30 00:00:00-04:00,1.6592058230502849,1.6776415360980608,1.557810005654261,1.5670278072357178,901800,0.0,0.0
2019-10-31 00:00:00-04:00,1.43797836200015,1.61311681141253,1.4103249573197307,1.5485920906066895,3048700,0.0,0.0
2019-11-01 00:00:00-04:00,1.539374292606485,1.594681211980088,1.539374292606485,1.5670278072357178,2009800,0.0,0.0
2019-11-04 00:00:00-05:00,1.5946811547630781,1.6499879622674154,1.4471962248666534,1.5209386348724365,12032300,0.0,0.0
2019-11-05 00:00:00-05:00,1.5946811388627922,1.61311674118042,1.5209386197074244,1.61311674118042,1301900,0.0,0.0
2019-11-06 00:00:00-05:00,1.6131167909750972,1.6960771138501491,1.6038989895317428,1.67764151096344,826400,0.0,0.0
2019-11-07 00:00:00-05:00,1.6868592771551656,1.6868592771551656,1.5025030323709907,1.5209386348724365,1158200,0.0,0.0
2019-11-08 00:00:00-05:00,1.5301564126411422,1.5578099258537943,1.3181467673583316,1.3458002805709839,7844900,0.0,0.0
2019-11-11 00:00:00-05:00,1.290493346580386,1.4564139840732795,1.2444043416572796,1.419542670249939,1578700,0.0,0.0
2019-11-12 00:00:00-05:00,1.4195427118191377,1.4656318279767508,1.1614440569219961,1.2351865768432617,6726500,0.0,0.0
2019-11-13 00:00:00-05:00,1.2536221210053347,1.2812755234819215,1.1522262020396619,1.2259687185287476,2340200,0.0,0.0
2019-11-14 00:00:00-05:00,1.235186633480559,1.2904934435438602,1.2167510301261253,1.2444044351577759,912700,0.0,0.0
2019-11-15 00:00:00-05:00,1.2536221742630005,1.3089289815657752,1.2351865718287423,1.2536221742630005,683300,0.0,0.0
2019-11-18 00:00:00-05:00,1.2628400268136022,1.2812756299972534,1.216751018854474,1.2812756299972534,658800,0.0,0.0
2019-11-19 00:00:00-05:00,1.24440441621211,1.3365825414657593,1.24440441621211,1.3365825414657593,443000,0.0,0.0
2019-11-20 00:00:00-05:00,1.336582537744016,1.3458003392552274,1.2812756187918848,1.318146824836731,318700,0.0,0.0
2019-11-21 00:00:00-05:00,1.3181467673583316,1.3550180816802488,1.3089289662490666,1.3458002805709839,744800,0.0,0.0
2019-11-22 00:00:00-05:00,1.3550181177285237,1.4471962411582953,1.3550181177285237,1.4287605285644531,574900,0.0,0.0
2019-11-25 00:00:00-05:00,1.4287605117108677,1.567027750166962,1.4287605117108677,1.5578099489212036,583600,0.0,0.0
2019-11-26 00:00:00-05:00,1.5578098955319613,1.6038989001811919,1.4932851791381836,1.4932851791381836,398300,0.0,0.0
2019-11-27 00:00:00-05:00,1.4932851747523759,1.5578098909566431,1.4287604585481086,1.5117207765579224,583500,0.0,0.0
2019-11-29 00:00:00-05:00,1.5117208843661305,1.5670278036118312,1.4840674796857112,1.5485920906066895,86400,0.0,0.0
2019-12-02 00:00:00-05:00,1.5485920438621927,1.5854633588746474,1.4840674348888998,1.5025030374526978,668600,0.0,0.0
2019-12-03 00:00:00-05:00,1.4932852261907077,1.5393742322921753,1.4932852261907077,1.5393742322921753,372000,0.0,0.0
2019-12-04 00:00:00-05:00,1.5209385774606956,1.539374179266242,1.4748495729468294,1.5117207765579224,14400,0.0,0.0
2019-12-05 00:00:00-05:00,1.5117208328075527,1.567027750166962,1.484067429070277,1.5578099489212036,430900,0.0,0.0
2019-12-06 00:00:00-05:00,1.5578099390121802,1.6315523485091823,1.5209386243788212,1.5946811437606812,356700,0.0,0.0
2019-12-09 00:00:00-05:00,1.5578099604286153,1.5670277617424648,1.484067440032959,1.484067440032959,546200,0.0,0.0
2019-12-10 00:00:00-05:00,1.5025030828059907,1.5670278036118312,1.4840674796857112,1.5485920906066895,210200,0.0,0.0
2019-12-11 00:00:00-05:00,1.5485920328077871,1.6131167512053384,1.5209386291594902,1.5762455463409424,179100,0.0,0.0
2019-12-12 00:00:00-05:00,1.5762455867478957,1.6868593140615176,1.5301564696010512,1.6407701969146729,523800,0.0,0.0
2019-12-13 00:00:00-05:00,1.6315524123957876,1.64998801549192,1.5670278015593242,1.5854634046554565,156000,0.0,0.0
2019-12-16 00:00:00-05:00,1.5762455226633023,1.6684235334396362,1.5762455226633023,1.6684235334396362,65900,0.0,0.0
2019-12-17 00:00:00-05:00,1.6684236012718632,1.6684236012718632,1.6131167925574827,1.6407701969146729,62500,0.0,0.0
2019-12-18 00:00:00-05:00,1.6315524009784959,1.6592058054291812,1.5670277905935632,1.622334599494934,206700,0.0,0.0
2019-12-19 00:00:00-05:00,1.6315524009784959,1.7052949227318515,1.6131167980113723,1.622334599494934,222500,0.0,0.0
2019-12-20 00:00:00-05:00,1.649987940862443,1.6684235431247272,1.6131167363378744,1.6315523386001587,144900,0.0,0.0
2019-12-23 00:00:00-05:00,1.5762455463409424,1.6684235585019322,1.5762455463409424,1.5762455463409424,155600,0.0,0.0
2019-12-24 00:00:00-05:00,1.5762455463409424,1.5946811487731405,1.5670277451248433,1.5762455463409424,18000,0.0,0.0
2019-12-26 00:00:00-05:00,1.5762456031073904,1.603899007751589,1.5670278015593242,1.5854634046554565,52400,0.0,0.0
2019-12-27 00:00:00-05:00,1.5854633482785012,1.5946811494987947,1.5209386298515883,1.5393742322921753,277000,0.0,0.0
2019-12-30 00:00:00-05:00,1.5670278094497347,1.5854634126386953,1.51172088999799,1.5301564931869507,160300,0.0,0.0
2019-12-31 00:00:00-05:00,1.520938634053311,1.603898955149996,1.4932852303160356,1.5578099489212036,337800,0.0,0.0
2020-01-02 00:00:00-05:00,1.5578099497601867,1.5578099497601867,1.484067429869545,1.5209386348724365,55200,0.0,0.0
2020-01-03 00:00:00-05:00,1.5209386452883575,1.530156446602207,1.484067440032959,1.484067440032959,27100,0.0,0.0
2020-01-06 00:00:00-05:00,1.4932852261907077,1.567027745837914,1.4932852261907077,1.5393742322921753,40100,0.0,0.0
2020-01-07 00:00:00-05:00,1.5393742695434,1.6960771138501491,1.5393742695434,1.67764151096344,234800,0.0,0.0
2020-01-08 00:00:00-05:00,1.677641459176974,1.6868592603357877,1.5762455365451646,1.61311674118042,195900,0.0,0.0
2020-01-09 00:00:00-05:00,1.6407701397313008,1.6868592552718686,1.6131167363378744,1.6315523386001587,188300,0.0,0.0
2020-01-10 00:00:00-05:00,1.6223345940098794,1.6499879983670698,1.6223345940098794,1.6407701969146729,48400,0.0,0.0
2020-01-13 00:00:00-05:00,1.659205741993585,1.6868592552718686,1.5670277306821636,1.6315523386001587,40900,0.0,0.0
2020-01-14 00:00:00-05:00,1.6592057943344116,1.6592057943344116,1.6131167872247905,1.6592057943344116,78600,0.0,0.0
2020-01-15 00:00:00-05:00,1.6407701969146729,1.6592057998194665,1.6131167925574827,1.6407701969146729,59500,0.0,0.0
2020-01-16 00:00:00-05:00,1.640770195305161,1.67764151096344,1.6223345924184518,1.67764151096344,63400,0.0,0.0
2020-01-17 00:00:00-05:00,1.6776414396505137,1.723730444908142,1.6592057276626062,1.723730444908142,56400,0.0,0.0
2020-01-21 00:00:00-05:00,1.6960770464115624,1.7421660517957667,1.63155232898882,1.7052948474884033,26600,0.0,0.0
2020-01-22 00:00:00-05:00,1.723730444908142,1.7421660470111935,1.6868592407020395,1.723730444908142,34200,0.0,0.0
2020-01-23 00:00:00-05:00,1.7052949152935035,1.7421661210669217,1.6315523938618064,1.67764151096344,65900,0.0,0.0
2020-01-24 00:00:00-05:00,1.659205792843747,1.723730512624107,1.659205792843747,1.6960771083831787,25900,0.0,0.0
2020-01-27 00:00:00-05:00,1.6868592503211097,1.7052948525292873,1.6315523338117197,1.6499879360198975,227200,0.0,0.0
2020-01-28 00:00:00-05:00,1.6960771083831787,1.7145127112104641,1.5946811829482477,1.6960771083831787,106300,0.0,0.0
2020-01-29 00:00:00-05:00,1.6960770464115624,1.7237304496420849,1.6960770464115624,1.7052948474884033,42300,0.0,0.0
2020-01-30 00:00:00-05:00,1.7052948940010924,1.751383900642395,1.6776414900163108,1.751383900642395,82100,0.0,0.0
2020-01-31 00:00:00-05:00,1.7513838528726073,1.7513838528726073,1.6960770464115624,1.7052948474884033,112300,0.0,0.0
2020-02-03 00:00:00-05:00,1.6131167269738358,1.6960770465573929,1.5578099205080354,1.6684235334396362,257600,0.0,0.0
2020-02-04 00:00:00-05:00,1.6868592552718686,1.6868592552718686,1.6038989352067323,1.6315523386001587,63100,0.0,0.0
2020-02-05 00:00:00-05:00,1.5854633377039784,1.6592057469744887,1.557809934227537,1.61311674118042,19800,0.0,0.0
2020-02-06 00:00:00-05:00,1.649987945815675,1.649987945815675,1.603898940021606,1.61311674118042,13600,0.0,0.0
2020-02-07 00:00:00-05:00,1.6131167872247905,1.6592057943344116,1.5670277801151693,1.6592057943344116,19900,0.0,0.0
2020-02-10 00:00:00-05:00,1.6592057998194665,1.6684236012718632,1.6131167925574827,1.6407701969146729,77200,0.0,0.0
2020-02-11 00:00:00-05:00,1.6684236012718632,1.6684236012718632,1.6407701969146729,1.6407701969146729,98900,0.0,0.0
2020-02-12 00:00:00-05:00,1.6407701699634754,1.7698194980621338,1.6407701699634754,1.7698194980621338,149400,0.0,0.0
2020-02-13 00:00:00-05:00,1.7052948295713652,1.8159085512161255,1.7052948295713652,1.8159085512161255,35000,0.0,0.0
2020-02-14 00:00:00-05:00,1.7606016541008267,1.7606016541008267,1.6684235334396362,1.6684235334396362,13600,0.0,0.0
2020-02-18 00:00:00-05:00,1.7052949097968215,1.723730512624107,1.659205792843747,1.6960771083831787,29300,0.0,0.0
2020-02-19 00:00:00-05:00,1.6868592454797595,1.74216605194556,1.640770130206736,1.6684235334396362,185200,0.0,0.0
2020-02-20 00:00:00-05:00,1.6684235459041687,1.9173043966293335,1.6684235459041687,1.9173043966293335,1748600,0.0,0.0
2020-02-21 00:00:00-05:00,1.9080866686851603,1.9080866686851603,1.8343442566841024,1.8712154626846313,284700,0.0,0.0
2020-02-24 00:00:00-05:00,1.8435620120697598,1.8527798133393198,1.7974730057219592,1.8251264095306396,43800,0.0,0.0
2020-02-25 00:00:00-05:00,1.8343441724490315,1.8712153767563948,1.6868592453347215,1.7052948474884033,433500,0.0,0.0
2020-02-26 00:00:00-05:00,1.7052948522740834,1.723730454479502,1.6592057368756796,1.6868592500686646,174100,0.0,0.0
2020-02-27 00:00:00-05:00,1.6684235532576832,1.6868592655167918,1.5946811437606812,1.5946811437606812,232800,0.0,0.0
2020-02-28 00:00:00-05:00,1.659205752070558,1.659205752070558,1.548592027940197,1.5946811437606812,117400,0.0,0.0
2020-03-02 00:00:00-05:00,1.6131167268351383,1.7882551670648272,1.6038989257582974,1.7052948474884033,5000,0.0,0.0
2020-03-03 00:00:00-05:00,1.6315523886028187,1.7698195196923208,1.613116785775533,1.6960771083831787,210900,0.0,0.0
2020-03-04 00:00:00-05:00,1.7052948626534152,1.760601669606298,1.61311674118042,1.61311674118042,42900,0.0,0.0
2020-03-05 00:00:00-05:00,1.6131167980113723,1.6315524009784959,1.5854633935606868,1.622334599494934,54900,0.0,0.0
2020-03-06 00:00:00-05:00,1.5670278094497347,1.6407702222055773,1.5209386915924703,1.5301564931869507,228100,0.0,0.0
2020-03-09 00:00:00-04:00,1.4840674074045155,1.4840674074045155,1.2997111654110283,1.3089289665222168,221700,0.0,0.0
2020-03-10 00:00:00-04:00,1.2904934435438602,1.345800363492025,1.1798797135323942,1.2444044351577759,144500,0.0,0.0
2020-03-11 00:00:00-04:00,1.2628400262745565,1.2628400262745565,0.9770878473953475,1.0323947668075562,365600,0.0,0.0
2020-03-12 00:00:00-04:00,0.9678699767126808,1.0600480958959968,0.0921780985799057,0.7466425895690918,573000,0.0,0.0
2020-03-13 00:00:00-04:00,0.8756919423129439,1.0323947282876063,0.7374248137686372,0.9217810034751892,465200,0.0,0.0
2020-03-16 00:00:00-04:00,0.8480385122352272,0.9217809748384211,0.6636823282560285,0.7374247908592224,69000,0.0,0.0
2020-03-17 00:00:00-04:00,0.7097713328793811,0.7835138504078986,0.7097713328793811,0.7189891338348389,34100,0.0,0.0
2020-03-18 00:00:00-04:00,0.6913357823255759,0.6913357823255759,0.377930224374769,0.5069795846939087,2434200,0.0,0.0
2020-03-19 00:00:00-04:00,0.4148014383393842,0.5438507649440941,0.36871240489679397,0.470108300447464,254800,0.0,0.0
2020-03-20 00:00:00-04:00,0.47932611304886646,0.47932611304886646,0.4240192770957947,0.4240192770957947,105200,0.0,0.0
2020-03-23 00:00:00-04:00,0.42401928751829365,0.5069795846939087,0.42401928751829365,0.5069795846939087,73700,0.0,0.0
2020-03-24 00:00:00-04:00,0.4148014405753493,0.5069795628998399,0.4148014405753493,0.4608905017375946,97500,0.0,0.0
2020-03-25 00:00:00-04:00,0.5346329723245065,0.6452466983147396,0.4885439106715044,0.5807220339775085,46900,0.0,0.0
2020-03-26 00:00:00-04:00,0.5530686255978997,0.9217810060348799,0.4885439068261202,0.9125632047653198,51300,0.0,0.0
2020-03-27 00:00:00-04:00,0.636028906732501,0.8296029027145906,0.636028906732501,0.811167299747467,5900,0.0,0.0
2020-03-30 00:00:00-04:00,0.7189891340016032,0.7374247908592224,0.6913357311288159,0.7374247908592224,17600,0.0,0.0
2020-03-31 00:00:00-04:00,0.7374248354870638,0.8019495010375977,0.6913357729674166,0.8019495010375977,15300,0.0,0.0
2020-04-01 00:00:00-04:00,0.737424797874065,0.7466425989193463,0.5346329551081652,0.6913357377052307,54000,0.0,0.0
2020-04-02 00:00:00-04:00,0.5991576313972473,0.6636823501099626,0.5991576313972473,0.5991576313972473,29100,0.0,0.0
2020-04-03 00:00:00-04:00,0.5991576313972473,0.6083754876007991,0.5069795638435943,0.5991576313972473,59000,0.0,0.0
2020-04-06 00:00:00-04:00,0.6083754733552713,0.6913357377052307,0.6083754733552713,0.6913357377052307,16400,0.0,0.0
2020-04-07 00:00:00-04:00,0.6452467082160628,0.8203851012310288,0.6452467082160628,0.811167299747467,23800,0.0,0.0
2020-04-08 00:00:00-04:00,0.7374248250171889,0.8572563529014587,0.7374248250171889,0.8572563529014587,90700,0.0,0.0
2020-04-09 00:00:00-04:00,0.857256376676806,1.0139591693878174,0.7835139086126254,1.0139591693878174,124800,0.0,0.0
2020-04-13 00:00:00-04:00,1.013959107416201,1.0969194269926252,0.9217809867629362,1.023176908493042,144000,0.0,0.0
2020-04-14 00:00:00-04:00,0.9678699794019096,1.4011070638478464,0.9678699794019096,1.0784837007522583,129800,0.0,0.0
2020-04-15 00:00:00-04:00,1.0323947504174662,1.1798796833671439,1.0323947504174662,1.0877015590667725,28700,0.0,0.0
2020-04-16 00:00:00-04:00,1.0600481601583847,1.0692659616470337,1.0416125571810868,1.0692659616470337,26700,0.0,0.0
2020-04-17 00:00:00-04:00,1.0600481033325195,1.1061372181899325,1.0600481033325195,1.0600481033325195,35300,0.0,0.0
2020-04-20 00:00:00-04:00,1.0508302978858848,1.1430084173253179,1.0231768950195115,1.0784837007522583,78900,0.0,0.0
2020-04-21 00:00:00-04:00,1.078483714954087,1.0877015160309278,1.013959107416201,1.023176908493042,19700,0.0,0.0
2020-04-22 00:00:00-04:00,1.0784837613897598,1.1061372756958008,1.0231769525474004,1.1061372756958008,22400,0.0,0.0
2020-04-23 00:00:00-04:00,1.0600481775889103,1.1061372956748667,0.9770878529420797,1.0139591693878174,29200,0.0,0.0
2020-04-24 00:00:00-04:00,1.124572838244551,1.124572838244551,0.9955235123634338,0.9955235123634338,49100,0.0,0.0
2020-04-27 00:00:00-04:00,0.9955235153404286,1.013959117680738,0.8756919353011308,0.9494343996047974,105400,0.0,0.0
2020-04-28 00:00:00-04:00,0.9770877981478283,1.0600481181423151,0.9494343947779518,0.9678699970245361,24300,0.0,0.0
2020-04-29 00:00:00-04:00,1.0323947144341177,1.0416125155543892,0.9770877978276318,1.0047413110733032,170500,0.0,0.0
2020-04-30 00:00:00-04:00,1.0047413677475987,1.023176971028036,0.9863057644671616,1.0139591693878174,282800,0.0,0.0
2020-05-01 00:00:00-04:00,1.0416125158957308,1.0416125158957308,0.9494343947779518,0.9678699970245361,90000,0.0,0.0
2020-05-04 00:00:00-04:00,1.050830317019023,1.050830317019023,0.9309987925313674,0.9678699970245361,74500,0.0,0.0
2020-05-05 00:00:00-04:00,0.9494344072070788,0.958652208451042,0.8756919423129439,0.9217810034751892,88100,0.0,0.0
2020-05-06 00:00:00-04:00,0.9125632073511297,0.9217810086468091,0.8480385433389447,0.9033454060554504,63600,0.0,0.0
2020-05-07 00:00:00-04:00,0.9033454086679182,0.9678700179242784,0.894127607345581,0.894127607345581,41400,0.0,0.0
2020-05-08 00:00:00-04:00,0.9678699994611649,1.106137236428352,0.8941275902891798,0.9586521983146667,330700,0.0,0.0
2020-05-11 00:00:00-04:00,0.9770878529420797,1.0139591693878174,0.9494344480214237,1.0139591693878174,21500,0.0,0.0
2020-05-12 00:00:00-04:00,1.0139591125258542,1.0139591125258542,0.9678699970245361,0.9678699970245361,11900,0.0,0.0
2020-05-13 00:00:00-04:00,0.9678699970245361,1.0139591125258542,0.9217809914080752,0.9678699970245361,17200,0.0,0.0
2020-05-14 00:00:00-04:00,0.9678700070605514,0.9678700070605514,0.9309988021850586,0.9309988021850586,11400,0.0,0.0
2020-05-15 00:00:00-04:00,0.940216600894928,0.9678700044777534,0.9309987997006529,0.940216600894928,8200,0.0,0.0
2020-05-18 00:00:00-04:00,0.9678700019451068,0.9678700019451068,0.9217809960943332,0.9494343996047974,236800,0.0,0.0
2020-05-19 00:00:00-04:00,0.9494343944668173,1.0047413110733032,0.8296028700184312,1.0047413110733032,17400,0.0,0.0
2020-05-20 00:00:00-04:00,0.9309987925313674,0.9863057091559776,0.9033453891614909,0.9678699970245361,539300,0.0,0.0
2020-05-21 00:00:00-04:00,0.9309987967767529,1.0877015264721468,0.9309987967767529,0.9863057136535645,118500,0.0,0.0
2020-05-22 00:00:00-04:00,0.9494344426316745,1.078483774747011,0.9494344426316745,1.0323947668075562,24600,0.0,0.0
2020-05-26 00:00:00-04:00,0.9863057588681011,1.06926597315912,0.9863057588681011,1.0323947668075562,72400,0.0,0.0
2020-05-27 00:00:00-04:00,1.0231768950195115,1.1245728154144023,1.0231768950195115,1.0784837007522583,100200,0.0,0.0
2020-05-28 00:00:00-04:00,1.0784837576252213,1.1430084776009397,1.0508303533005683,1.0877015590667725,77000,0.0,0.0
2020-05-29 00:00:00-04:00,1.0784837411790544,1.3273647059602447,1.0692659398780688,1.1798796653747559,63800,0.0,0.0
2020-06-01 00:00:00-04:00,1.0784837613897598,1.1798796874856134,1.0784837613897598,1.1061372756958008,35100,0.0,0.0
2020-06-02 00:00:00-04:00,1.0784837007522583,1.1522262182807759,1.0784837007522583,1.0784837007522583,13700,0.0,0.0
2020-06-03 00:00:00-04:00,1.0784837053215424,1.133790621173467,0.9770877844970607,1.0600481033325195,419700,0.0,0.0
2020-06-04 00:00:00-04:00,1.0139591276871887,1.3089289878128219,1.0139591276871887,1.1983152627944946,419200,0.0,0.0
2020-06-05 00:00:00-04:00,1.2075331020226614,1.336582543505642,1.2075331020226614,1.2997112274169922,82800,0.0,0.0
2020-06-08 00:00:00-04:00,1.2997111997167166,1.4471962411582953,1.2444043915897693,1.4287605285644531,64600,0.0,0.0
2020-06-09 00:00:00-04:00,1.4471962578779853,1.6038989925996072,1.355018133383265,1.3734537363052368,32800,0.0,0.0
2020-06-10 00:00:00-04:00,1.3826715702008925,1.3826715702008925,1.2167510301261253,1.2444044351577759,107900,0.0,0.0
2020-06-11 00:00:00-04:00,1.22596880045976,1.2351866019013111,1.0139591475343641,1.0877015590667725,70600,0.0,0.0
2020-06-12 00:00:00-04:00,1.1245728747178376,1.1245728747178376,1.0323947504174662,1.0877015590667725,62500,0.0,0.0
2020-06-15 00:00:00-04:00,1.087701493551299,1.152226209640503,1.087701493551299,1.152226209640503,10000,0.0,0.0
2020-06-16 00:00:00-04:00,1.1522262790424906,1.1522262790424906,1.0323947504174662,1.0877015590667725,87900,0.0,0.0
2020-06-17 00:00:00-04:00,1.133790681952438,1.133790681952438,1.0508303586697356,1.0692659616470337,13600,0.0,0.0
2020-06-18 00:00:00-04:00,1.0784836968055576,1.152226214064215,1.0784836968055576,1.1337906122207642,120600,0.0,0.0
2020-06-19 00:00:00-04:00,1.2167509804635577,1.2167509804635577,1.1061372549668707,1.1798796653747559,82500,0.0,0.0
2020-06-22 00:00:00-04:00,1.1798796546411094,1.3089289815657752,1.1153550461212056,1.2536221742630005,22600,0.0,0.0
2020-06-23 00:00:00-04:00,1.299711245221077,1.3365825618148082,1.198315316886828,1.2444044351577759,19400,0.0,0.0
2020-06-24 00:00:00-04:00,1.3458002381701106,1.3458002381701106,1.1614440020234353,1.1890974044799805,10300,0.0,0.0
2020-06-25 00:00:00-04:00,1.1890974615333723,1.290493385290577,1.1522262564888828,1.1983152627944946,14600,0.0,0.0
2020-06-26 00:00:00-04:00,1.1983152570753677,1.4656318220266866,1.152226250989722,1.2536221742630005,33300,0.0,0.0
2020-06-29 00:00:00-04:00,1.2075330746655892,1.2536221912610213,1.1522262666129026,1.161444067955017,7900,0.0,0.0
2020-06-30 00:00:00-04:00,1.1983152627944946,1.1983152627944946,1.1522262564888828,1.1983152627944946,166600,0.0,0.0
2020-07-01 00:00:00-04:00,1.1983152627944946,1.1983152627944946,1.1245728527055157,1.1983152627944946,12600,0.0,0.0
2020-07-02 00:00:00-04:00,1.1983152627944946,1.1983152627944946,1.1245728527055157,1.1983152627944946,62500,0.0,0.0
2020-07-06 00:00:00-04:00,1.1983152052988288,1.253622120096773,1.1614440020234353,1.1890974044799805,4600,0.0,0.0
2020-07-07 00:00:00-04:00,1.1614440195056221,1.5301563874640196,1.1522262185480265,1.4748495817184448,185500,0.0,0.0
2020-07-08 00:00:00-04:00,1.456413975418799,1.5946810992513456,1.3826714580951753,1.4932851791381836,94300,0.0,0.0
2020-07-09 00:00:00-04:00,1.4932852413468087,1.4932852413468087,1.4379783235788517,1.484067440032959,11100,0.0,0.0
2020-07-10 00:00:00-04:00,1.4656317804209062,1.4840673823318218,1.4379782676696777,1.4379782676696777,32300,0.0,0.0
2020-07-13 00:00:00-04:00,1.4379783286885484,1.4840674453064282,1.382671520608924,1.4656318426132202,42500,0.0,0.0
2020-07-14 00:00:00-04:00,1.4287604670456107,1.4840673826760407,1.4287604670456107,1.4748495817184448,38500,0.0,0.0
2020-07-15 00:00:00-04:00,1.4471961788456575,1.4748495817184448,1.4287604670456107,1.4748495817184448,26500,0.0,0.0
2020-07-16 00:00:00-04:00,1.456413984298706,1.474849586270802,1.290493346780131,1.456413984298706,30700,0.0,0.0
2020-07-17 00:00:00-04:00,1.4840673870271432,1.4840673870271432,1.2720577446111434,1.419542670249939,33400,0.0,0.0
2020-07-20 00:00:00-04:00,1.4287605285644531,1.474849645221769,1.4011071245009796,1.4287605285644531,6200,0.0,0.0
2020-07-21 00:00:00-04:00,1.4011071463775784,1.4195427493744104,1.2812756170133082,1.355018138885498,16700,0.0,0.0
2020-07-22 00:00:00-04:00,1.3365824615952264,1.48406738725685,1.299711147766179,1.456413984298706,80100,0.0,0.0
2020-07-23 00:00:00-04:00,1.4011071233021322,1.4748496439598242,1.382671520608924,1.4656318426132202,12700,0.0,0.0
2020-07-24 00:00:00-04:00,1.4840673870271432,1.5301563919502497,1.4011070682806965,1.419542670249939,55800,0.0,0.0
2020-07-27 00:00:00-04:00,1.6131167754239968,1.6131167754239968,1.4011071245009796,1.4287605285644531,70200,0.0,0.0
2020-07-28 00:00:00-04:00,1.4656318218628963,1.5946811487731405,1.4656318218628963,1.5762455463409424,100500,0.0,0.0
2020-07-29 00:00:00-04:00,1.5393742815822304,1.6131168035906385,1.5393742815822304,1.6038990020751953,79600,0.0,0.0
2020-07-30 00:00:00-04:00,1.5485920830976738,1.6131168035906385,1.4379783550274927,1.6038990020751953,47600,0.0,0.0
2020-07-31 00:00:00-04:00,1.5946811118180197,1.7606016397476196,1.5209385939132778,1.7606016397476196,50100,0.0,0.0
2020-08-03 00:00:00-04:00,1.7606016397476196,1.7882551526399326,1.6407701168304487,1.7606016397476196,69200,0.0,0.0
2020-08-04 00:00:00-04:00,1.7237304312949897,1.7790372371673584,1.6592057145590373,1.7790372371673584,57300,0.0,0.0
2020-08-05 00:00:00-04:00,1.6868592913445712,1.8343442224815996,1.6868592913445712,1.751383900642395,89100,0.0,0.0
2020-08-06 00:00:00-04:00,1.8251264393235278,2.0187004889138596,1.7513839180784345,1.9265222549438477,638800,0.0,0.0
2020-08-07 00:00:00-04:00,1.8988688144141577,1.9265222181460473,1.825126404462452,1.8435620069503784,503700,0.0,0.0
2020-08-10 00:00:00-04:00,1.8804331958841571,1.972611427307129,1.7974729853962261,1.972611427307129,145800,0.0,0.0
2020-08-11 00:00:00-04:00,1.981829218785792,2.0094826221466064,1.8988687889336346,2.0094826221466064,38400,0.0,0.0
2020-08-12 00:00:00-04:00,2.0002649338549787,2.0279183387756348,1.9265223009635033,2.0279183387756348,106300,0.0,0.0
2020-08-13 00:00:00-04:00,2.027918214832402,2.046353816986084,2.0002648116018795,2.046353816986084,268200,0.0,0.0
2020-08-14 00:00:00-04:00,1.9726114683800735,2.0463538792381146,1.9449578445385882,2.0371360778808594,61600,0.0,0.0
2020-08-17 00:00:00-04:00,2.027918214832402,2.046353816986084,1.9633936072945164,2.046353816986084,17300,0.0,0.0
2020-08-18 00:00:00-04:00,2.0279182950687282,2.175403118133545,2.0279182950687282,2.175403118133545,102200,0.0,0.0
2020-08-19 00:00:00-04:00,2.1754031257269726,2.2860169631814142,2.0371361036210742,2.2122745513916016,133700,0.0,0.0
2020-08-20 00:00:00-04:00,2.286017015550311,2.3136704206049847,2.1200963654525404,2.2399280071258545,23000,0.0,0.0
2020-08-21 00:00:00-04:00,2.193838849734135,2.4888087033911765,2.193838849734135,2.3689770698547363,114400,0.0,0.0
2020-08-24 00:00:00-04:00,2.525680082347474,2.525680082347474,2.3044526218582893,2.4150662422180176,81700,0.0,0.0
2020-08-25 00:00:00-04:00,2.3966305993687387,2.5072444376771474,2.304452583919835,2.350541591644287,54900,0.0,0.0
2020-08-26 00:00:00-04:00,2.4703730458190405,2.4703730458190405,2.29523460986018,2.3413236141204834,39200,0.0,0.0
2020-08-27 00:00:00-04:00,2.3966304373456833,2.3966304373456833,2.2122744189111763,2.2675812244415283,38700,0.0,0.0
2020-08-28 00:00:00-04:00,2.267581276772424,2.313670282444686,2.2122744699657098,2.2952346801757812,20100,0.0,0.0
2020-08-31 00:00:00-04:00,2.313670282444686,2.313670282444686,2.193838867696805,2.2952346801757812,21400,0.0,0.0
2020-09-01 00:00:00-04:00,1.7145126332519676,2.2491456403579106,1.5854633094439514,2.120096206665039,259100,0.0,0.0
2020-09-02 00:00:00-04:00,2.221492352865328,2.2860169631814142,2.1016607139371604,2.2122745513916016,53900,0.0,0.0
2020-09-03 00:00:00-04:00,2.2307100917117624,2.2767990977864443,2.21227448928189,2.221492290496826,60100,0.0,0.0
2020-09-04 00:00:00-04:00,2.2307101543390546,2.2307101543390546,2.2122745513916016,2.2122745513916016,11200,0.0,0.0
2020-09-08 00:00:00-04:00,2.258363466246306,2.4888087134189965,2.22149226186183,2.332105875015259,37800,0.0,0.0
2020-09-09 00:00:00-04:00,2.304452419281006,2.4795908558910926,2.2583634148493275,2.304452419281006,43600,0.0,0.0
2020-09-10 00:00:00-04:00,2.304452419281006,2.4795908558910926,2.304452419281006,2.304452419281006,87600,0.0,0.0
2020-09-11 00:00:00-04:00,2.424284258575034,2.516462275347202,2.378195030419222,2.4888088703155518,90500,0.0,0.0
2020-09-14 00:00:00-04:00,2.415066166205758,2.5533334070732963,2.313670350734025,2.534897804260254,17400,0.0,0.0
2020-09-15 00:00:00-04:00,2.534897698932824,2.5809867040503875,2.442719688697697,2.479590892791748,23900,0.0,0.0
2020-09-16 00:00:00-04:00,2.488808819043258,2.562551230941815,2.4150661873749777,2.461155414581299,42500,0.0,0.0
2020-09-17 00:00:00-04:00,2.5072444000406904,2.6639472437212715,2.488808797227648,2.534897804260254,19000,0.0,0.0
2020-09-18 00:00:00-04:00,2.5902045912786273,2.6270757965997906,2.5441155846271735,2.608640193939209,32000,0.0,0.0
2020-09-21 00:00:00-04:00,2.6178579952694996,2.6270757965997906,2.5809867899483363,2.608640193939209,23400,0.0,0.0
2020-09-22 00:00:00-04:00,2.5533333347684763,2.627075743932422,2.53489773247749,2.580986738204956,38500,0.0,0.0
2020-09-23 00:00:00-04:00,2.534897815206073,2.627075829669314,2.4888088079744524,2.4980266094207764,37700,0.0,0.0
2020-09-24 00:00:00-04:00,2.4427197499228708,2.5256799612138288,2.396630523880399,2.4703731536865234,12200,0.0,0.0
2020-09-25 00:00:00-04:00,2.387412662648259,2.4703730916247673,2.359759259579327,2.405848264694214,6900,0.0,0.0
2020-09-28 00:00:00-04:00,2.3413237549535886,2.6086402155124233,2.3413237549535886,2.534897804260254,74000,0.0,0.0
2020-09-29 00:00:00-04:00,2.4795909256045308,2.617857942786929,2.4519375221680515,2.580986738204956,35400,0.0,0.0
2020-09-30 00:00:00-04:00,2.5902044685751617,2.627075672149658,2.580986667681538,2.627075672149658,26400,0.0,0.0
2020-10-01 00:00:00-04:00,2.5902044773101807,2.6270756810090186,2.5902044773101807,2.5902044773101807,21900,0.0,0.0
2020-10-02 00:00:00-04:00,2.5902045297108676,2.6731649594812796,2.534897723043736,2.6178579330444336,156700,0.0,0.0
2020-10-05 00:00:00-04:00,2.5348976643198307,2.7008183002471924,2.5348976643198307,2.7008183002471924,32700,0.0,0.0
2020-10-06 00:00:00-04:00,2.608640122212801,2.7284717559814453,2.608640122212801,2.7284717559814453,33300,0.0,0.0
2020-10-07 00:00:00-04:00,2.7008184246814175,2.7284718286484293,2.627075794333001,2.682382822036743,12800,0.0,0.0
2020-10-08 00:00:00-04:00,2.7100362890790333,2.719254090615912,2.6455114585511583,2.6731650829315186,5200,0.0,0.0
2020-10-09 00:00:00-04:00,2.719254068227516,2.7745608769934313,2.700818465305544,2.7469074726104736,31700,0.0,0.0
2020-10-12 00:00:00-04:00,2.700818434102556,2.949699290443538,2.700818434102556,2.8575210571289062,1399000,0.0,0.0
2020-10-13 00:00:00-04:00,2.857520984825134,3.032659425898663,2.857520984825134,2.9773526191711426,35900,0.0,0.0
2020-10-14 00:00:00-04:00,3.0050060853213165,3.0326594892628655,2.949699277438219,2.968134880065918,39900,0.0,0.0
2020-10-15 00:00:00-04:00,2.9496991712536373,3.3184114303042724,2.922045768307568,3.2354512214660645,71400,0.0,0.0
2020-10-16 00:00:00-04:00,3.281540342015651,3.696342060133182,3.0695306921883185,3.2538869380950928,92800,0.0,0.0
2020-10-19 00:00:00-04:00,3.2538869787153533,3.346065212704317,3.087966333350996,3.3184115886688232,31000,0.0,0.0
2020-10-20 00:00:00-04:00,3.1893622406038533,3.4566786908678098,3.1893622406038533,3.447460889816284,113300,0.0,0.0
2020-10-21 00:00:00-04:00,3.447461028345484,3.54885684398665,3.2999759858249744,3.3184115886688232,70500,0.0,0.0
2020-10-22 00:00:00-04:00,3.318411496156441,3.548856745049797,3.2815402914966585,3.5119855403900146,76300,0.0,0.0
2020-10-23 00:00:00-04:00,3.576510367325153,3.585728168487549,3.3276292964010263,3.585728168487549,61200,0.0,0.0
2020-10-26 00:00:00-04:00,3.5212034555556664,3.604163888495777,3.3645008306782653,3.530421257019043,50700,0.0,0.0
2020-10-27 00:00:00-04:00,3.382936420232069,3.8714801156295047,3.382936420232069,3.6410350799560547,146000,0.0,0.0
2020-10-28 00:00:00-04:00,3.6871240982091837,3.6871240982091837,3.558074658073185,3.604163885116577,58800,0.0,0.0
2020-10-29 00:00:00-04:00,3.6410350459836613,3.8253912925720215,3.5488568128046216,3.8253912925720215,38500,0.0,0.0
2020-10-30 00:00:00-04:00,3.75164885175063,4.074272115865041,3.75164885175063,3.936004877090454,107600,0.0,0.0
2020-11-02 00:00:00-05:00,3.936004847243774,4.120360871185629,3.936004847243774,4.046618461608887,182300,0.0,0.0
2020-11-03 00:00:00-05:00,4.092707564286119,4.277063582683928,4.046618339916957,4.212539196014404,266900,0.0,0.0
2020-11-04 00:00:00-05:00,4.212539302353059,4.212539302353059,3.9636584514637185,4.120360851287842,101800,0.0,0.0
2020-11-05 00:00:00-05:00,3.9636583674408064,3.9636583674408064,3.3184114213595897,3.6686882972717285,310500,0.0,0.0
2020-11-06 00:00:00-05:00,3.6133816242218018,3.6594706307001985,3.502767788903931,3.6133816242218018,141000,0.0,0.0
2020-11-09 00:00:00-05:00,3.650252757053529,3.733213186840018,3.5765103481497285,3.659470558166504,199500,0.0,0.0
2020-11-10 00:00:00-05:00,3.6594705678767627,3.6594705678767627,3.2999758839774045,3.6225993633270264,96800,0.0,0.0
2020-11-11 00:00:00-05:00,3.6410349316680355,3.6410349316680355,3.3645006803525535,3.447460889816284,184100,0.0,0.0
2020-11-12 00:00:00-05:00,3.401371945286274,3.429025348934571,3.0418772583189804,3.1524910926818848,139700,0.0,0.0
2020-11-13 00:00:00-05:00,3.180144467020038,3.2723224783314593,3.115619859102043,3.2631046772003174,938300,0.0,0.0
2020-11-16 00:00:00-05:00,3.2723224805651023,3.6225993633270264,3.134055463503591,3.6225993633270264,559100,0.0,0.0
2020-11-17 00:00:00-05:00,3.5857282002171615,3.687124013900757,3.5857282002171615,3.687124013900757,98200,0.0,0.0
2020-11-18 00:00:00-05:00,3.6502527564903486,3.908351187613828,3.6502527564903486,3.733213186264038,243600,0.0,0.0
2020-11-19 00:00:00-05:00,3.7332132080420526,4.360024126823628,3.7332132080420526,3.945222854614258,142800,0.0,0.0
2020-11-20 00:00:00-05:00,4.009747306018097,4.267846182242869,3.8714800665955207,4.148014545440674,203900,0.0,0.0
2020-11-23 00:00:00-05:00,4.19410369550302,4.19410369550302,3.972876028541431,3.9820940494537354,24600,0.0,0.0
2020-11-24 00:00:00-05:00,3.9913119016518848,4.037401130261874,3.9913119016518848,4.009747505187988,56200,0.0,0.0
2020-11-25 00:00:00-05:00,4.028182961625848,4.184885805730101,4.009747358762963,4.101925373077393,658300,0.0,0.0
2020-11-27 00:00:00-05:00,4.111143340199912,4.2309749770021075,4.111143340199912,4.148014545440674,495500,0.0,0.0
2020-11-30 00:00:00-05:00,4.148014298813054,4.194103522393408,4.092707494240275,4.184885501861572,385800,0.0,0.0
2020-12-01 00:00:00-05:00,4.166449900337313,4.230974725441927,4.148014298813054,4.184885501861572,283800,0.0,0.0
2020-12-02 00:00:00-05:00,4.148014350144198,4.194103574294901,3.7424306720520355,4.138796329498291,83500,0.0,0.0
2020-12-03 00:00:00-05:00,4.148014600004329,4.194103826931266,4.009747358762963,4.101925373077393,64700,0.0,0.0
2020-12-04 00:00:00-05:00,4.138796578665141,4.138796578665141,3.7793021030811316,3.963658571243286,41600,0.0,0.0
2020-12-07 00:00:00-05:00,3.8438269644490783,4.074272221890491,3.7239953250900766,3.99131178855896,47800,0.0,0.0
2020-12-08 00:00:00-05:00,3.88069812803433,4.028182950531207,3.705559681549568,4.000529766082764,89200,0.0,0.0
2020-12-09 00:00:00-05:00,3.963658315806878,4.037400722503662,3.7885198801323083,4.037400722503662,34500,0.0,0.0
2020-12-10 00:00:00-05:00,3.9175693656232484,4.046618586360969,3.7885201448855272,4.0281829833984375,54700,0.0,0.0
2020-12-11 00:00:00-05:00,3.908351210413525,4.0281828453324735,3.908351210413525,3.945222854614258,20500,0.0,0.0
2020-12-14 00:00:00-05:00,3.9083512848706903,4.018965340501313,3.788520087208293,3.8253912925720215,55900,0.0,0.0
2020-12-15 00:00:00-05:00,3.788520087208293,3.8991337032994777,3.7516488818445652,3.8253912925720215,169500,0.0,0.0
2020-12-16 00:00:00-05:00,3.963658616936794,4.240192663058778,3.963658616936794,4.20332145690918,317100,0.0,0.0
2020-12-17 00:00:00-05:00,4.230974956154117,4.240192537649169,4.074272114883307,4.221756935119629,108900,0.0,0.0
2020-12-18 00:00:00-05:00,4.157232566520583,4.24019255854258,4.055836532338769,4.148014545440674,57000,0.0,0.0
2020-12-21 00:00:00-05:00,4.212539374381726,4.221756955922198,4.101925319120003,4.148014545440674,64300,0.0,0.0
2020-12-22 00:00:00-05:00,4.323152934486396,4.332370515908283,4.16645009445943,4.194103717803955,355700,0.0,0.0
2020-12-23 00:00:00-05:00,4.194103771761346,4.332370571644485,4.055836532338769,4.148014545440674,92200,0.0,0.0
2020-12-24 00:00:00-05:00,4.120360921740383,4.2309749770021075,3.9820941218572443,4.148014545440674,52400,0.0,0.0
2020-12-28 00:00:00-05:00,4.009747224717241,4.157232482229345,3.825391202251398,3.8714799880981445,135800,0.0,0.0
2020-12-29 00:00:00-05:00,3.9083513231170297,4.028182961491514,3.8530445145302163,3.963658571243286,91500,0.0,0.0
2020-12-30 00:00:00-05:00,4.000529716223587,4.000529716223587,3.81617325086071,3.8991336822509766,119000,0.0,0.0
2020-12-31 00:00:00-05:00,3.825391330006531,4.101925372940598,3.80695572714426,3.963658571243286,104500,0.0,0.0
2021-01-04 00:00:00-05:00,3.9452229190235486,3.9452229190235486,3.7793020557994494,3.862262487411499,44900,0.0,0.0
2021-01-05 00:00:00-05:00,3.853044324782069,4.055836385819738,3.853044324782069,3.9544403553009033,127800,0.0,0.0
2021-01-06 00:00:00-05:00,3.8899156509857806,3.936004877090454,3.779302035781886,3.936004877090454,108400,0.0,0.0
2021-01-07 00:00:00-05:00,3.936004947311419,4.101925373077393,3.816173308932939,4.101925373077393,107100,0.0,0.0
2021-01-08 00:00:00-05:00,4.065054061582082,4.194103717803955,3.7977376072558795,4.194103717803955,158000,0.0,0.0
2021-01-11 00:00:00-05:00,4.194103826791397,4.194103826791397,3.963658571243286,3.963658571243286,27900,0.0,0.0
2021-01-12 00:00:00-05:00,3.8714801173924873,4.148014599865998,3.8714801173924873,3.963658571243286,49800,0.0,0.0
2021-01-13 00:00:00-05:00,4.046618597600165,4.046618597600165,3.8714801491999578,3.99131178855896,23400,0.0,0.0
2021-01-14 00:00:00-05:00,3.945222774093421,4.046618365072834,3.880697947483359,3.9544403553009033,51300,0.0,0.0
2021-01-15 00:00:00-05:00,3.954440694579677,4.101925522868508,3.8806982804352614,4.009747505187988,41300,0.0,0.0
2021-01-19 00:00:00-05:00,4.009747100222661,4.129578730874642,4.009747100222661,4.037400722503662,38800,0.0,0.0
2021-01-20 00:00:00-05:00,4.055836482575695,4.055836482575695,4.009747256820516,4.046618461608887,39800,0.0,0.0
2021-01-21 00:00:00-05:00,3.991311846300013,4.0558366775512695,3.9820942644295205,4.0558366775512695,36000,0.0,0.0
2021-01-22 00:00:00-05:00,4.018965277787324,4.055836482575695,3.8530444167002234,4.046618461608887,47900,0.0,0.0
2021-01-25 00:00:00-05:00,4.046618685375748,4.350806361470264,3.853044629762972,4.332370758056641,1285300,0.0,0.0
2021-01-26 00:00:00-05:00,4.341588560661708,4.544380187988281,4.267846150724773,4.544380187988281,1927900,0.0,0.0
2021-01-27 00:00:00-05:00,4.544380197357957,5.069795528551085,4.378459774657755,4.7932610511779785,173700,0.0,0.0
2021-01-28 00:00:00-05:00,4.645776396789759,4.839350449950953,4.618123211789275,4.627340793609619,112900,0.0,0.0
2021-01-29 00:00:00-05:00,4.68264738407171,4.83935022354126,4.6089049748012,4.83935022354126,78200,0.0,0.0
2021-02-01 00:00:00-05:00,4.7195187822763875,5.456943784305582,4.7195187822763875,5.346330165863037,212500,0.0,0.0
2021-02-02 00:00:00-05:00,5.355547602400498,5.62286405949072,5.07901356379308,5.438508033752441,270300,0.0,0.0
2021-02-03 00:00:00-05:00,5.438508056631349,6.314199841881217,5.438508056631349,6.185150623321533,665600,0.0,0.0
2021-02-04 00:00:00-05:00,6.175932701064574,6.175932701064574,5.125102454039559,5.991576671600342,150600,0.0,0.0
2021-02-05 00:00:00-05:00,6.0745370495219815,6.083754631141851,5.576775334944704,6.037665843963623,228400,0.0,0.0
2021-02-08 00:00:00-05:00,6.010011971368718,6.397160053253174,6.000794390130214,6.397160053253174,494400,0.0,0.0
2021-02-09 00:00:00-05:00,6.397160426207051,6.406378007982939,6.083754734116792,6.092972755432129,59500,0.0,0.0
2021-02-10 00:00:00-05:00,6.083754309842782,6.314199552181822,5.807220282759585,6.0468831062316895,162200,0.0,0.0
2021-02-11 00:00:00-05:00,5.945487268234791,6.129843731773971,5.834873653834942,6.056101322174072,31100,0.0,0.0
2021-02-12 00:00:00-05:00,6.074536957072356,7.097713555054025,6.000794547077939,6.655258655548096,769600,0.0,0.0
2021-02-16 00:00:00-05:00,6.636822910650425,7.097713402766133,6.11140803094375,6.894921779632568,108600,0.0,0.0
2021-02-17 00:00:00-05:00,6.885703762962406,7.051624621529318,6.406377668454683,6.424813270568848,43700,0.0,0.0
2021-02-18 00:00:00-05:00,6.424813405536209,6.424813405536209,5.8348736859505115,6.083754539489746,100300,0.0,0.0
2021-02-19 00:00:00-05:00,6.397160111230923,6.452466917781462,5.853309187508155,6.02844762802124,70500,0.0,0.0
2021-02-22 00:00:00-05:00,5.899398656868225,6.222021928200355,5.807220642136109,5.991576671600342,289400,0.0,0.0
2021-02-23 00:00:00-05:00,6.037665722373827,6.037665722373827,5.659735213702463,5.908616065979004,58300,0.0,0.0
2021-02-24 00:00:00-05:00,5.917833944471321,6.682912085288372,5.908615923719586,6.470902442932129,42000,0.0,0.0
2021-02-25 00:00:00-05:00,6.295763969421387,6.516991631296591,6.03766554336297,6.295763969421387,24200,0.0,0.0
2021-02-26 00:00:00-05:00,6.351071130254025,6.351071130254025,5.945487427079244,6.314199924468994,50100,0.0,0.0
2021-03-01 00:00:00-05:00,6.314199607774215,6.544644852142175,6.083754363406256,6.148279190063477,79900,0.0,0.0
2021-03-02 00:00:00-05:00,6.314199727569758,6.913357462201799,6.314199727569758,6.45246696472168,119400,0.0,0.0
2021-03-03 00:00:00-05:00,6.4524668779648415,6.4524668779648415,6.1298436219744845,6.17593240737915,57300,0.0,0.0
2021-03-04 00:00:00-05:00,6.1759323541691895,6.415595618550513,5.71504186685688,5.751913070678711,174100,0.0,0.0
2021-03-05 00:00:00-05:00,5.7426958084106445,5.991576667799187,5.3002408984377425,5.7426958084106445,138600,0.0,0.0
2021-03-08 00:00:00-05:00,5.991576667799187,6.037665894905728,5.530686154891558,5.7426958084106445,333400,0.0,0.0
2021-03-09 00:00:00-05:00,5.7426958780562884,6.0284479467797984,5.447725787983899,5.770349502563477,126700,0.0,0.0
2021-03-10 00:00:00-05:00,5.6689534002682125,6.129843913468238,5.6689534002682125,5.991576671600342,170500,0.0,0.0
2021-03-11 00:00:00-05:00,6.092972366344737,6.507773629178465,6.092972366344737,6.222021579742432,173700,0.0,0.0
2021-03-12 00:00:00-05:00,6.378724847920352,6.452467260572005,5.945487514282711,6.268111228942871,590300,0.0,0.0
2021-03-15 00:00:00-04:00,6.268110993597697,6.406377792358398,6.258892972592619,6.406377792358398,99100,0.0,0.0
2021-03-16 00:00:00-04:00,6.4063778627316585,6.4524670891844655,6.39716028116476,6.4340314865112305,130000,0.0,0.0
2021-03-17 00:00:00-04:00,6.434031382165476,6.452466984539727,6.22202173509188,6.378724575042725,45200,0.0,0.0
2021-03-18 00:00:00-04:00,6.387942136840268,6.45246696472168,6.378724555451169,6.45246696472168,90600,0.0,0.0
2021-03-19 00:00:00-04:00,6.45246696472168,6.45246696472168,6.360288953133542,6.45246696472168,104900,0.0,0.0
2021-03-22 00:00:00-04:00,6.4524668050122775,6.461684825712645,6.295763969421387,6.295763969421387,34300,0.0,0.0
2021-03-23 00:00:00-04:00,6.295764188026089,6.452467029058095,6.07453695800874,6.083754539489746,81800,0.0,0.0
2021-03-24 00:00:00-04:00,6.0745370495219815,6.268111098473083,5.798002568294853,6.037665843963623,452500,0.0,0.0
2021-03-25 00:00:00-04:00,5.991576538085937,6.258892994622001,5.71504206051235,5.761131286621094,241200,0.0,0.0
2021-03-26 00:00:00-04:00,5.751913251826505,6.351070992109958,5.751913251826505,6.2312397956848145,51600,0.0,0.0
2021-03-29 00:00:00-04:00,6.166715190236839,6.240457602870074,5.705824671739671,5.770349502563477,254300,0.0,0.0
2021-03-30 00:00:00-04:00,5.761131481214597,5.945487512797684,5.668953465423054,5.770349502563477,150600,0.0,0.0
2021-03-31 00:00:00-04:00,5.770349096604186,6.44324878431191,5.770349096604186,6.295763969421387,53400,0.0,0.0
2021-04-01 00:00:00-04:00,6.231240006848269,6.26811121308079,5.825656298751094,5.9454874992370605,192100,0.0,0.0
2021-04-05 00:00:00-04:00,5.94548725993869,6.378724575042725,5.8625272690242785,6.378724575042725,99700,0.0,0.0
2021-04-06 00:00:00-04:00,6.360288927216865,6.360288927216865,5.945487217451318,5.954705238342285,440000,0.0,0.0
2021-04-07 00:00:00-04:00,6.166715119361085,6.166715119361085,5.890180635625291,5.991576671600342,239000,0.0,0.0
2021-04-08 00:00:00-04:00,6.083754686332457,6.129843913468238,5.908616238571715,5.991576671600342,195400,0.0,0.0
2021-04-09 00:00:00-04:00,6.028447881012675,6.360289173781472,6.0007946963466186,6.240457534790039,100700,0.0,0.0
2021-04-12 00:00:00-04:00,6.351070865812537,6.452466897269236,6.231239671770357,6.249675273895264,393900,0.0,0.0
2021-04-13 00:00:00-04:00,6.341853487343676,6.452467103630737,6.111408233642578,6.111408233642578,145200,0.0,0.0
2021-04-14 00:00:00-04:00,6.074536764430781,6.397160017694727,6.056101162516825,6.222021579742432,613100,0.0,0.0
2021-04-15 00:00:00-04:00,6.175932650834973,6.3971603239322254,6.083754636852552,6.28654670715332,18500,0.0,0.0
2021-04-16 00:00:00-04:00,6.1851505113463645,6.45246696472168,6.1851505113463645,6.45246696472168,48900,0.0,0.0
2021-04-19 00:00:00-04:00,6.4524670183049215,6.4524670183049215,6.268110993597697,6.406377792358398,102800,0.0,0.0
2021-04-20 00:00:00-04:00,6.443248997299843,6.4524670183049215,6.360289005951309,6.406377792358398,104900,0.0,0.0
2021-04-21 00:00:00-04:00,6.314199727569758,6.45246696472168,6.29576412525213,6.45246696472168,289800,0.0,0.0
2021-04-22 00:00:00-04:00,6.434031563040065,6.498556392933591,6.268111137007428,6.314199924468994,148000,0.0,0.0
2021-04-23 00:00:00-04:00,6.3049820765964855,6.452466893509808,6.3049820765964855,6.424813270568848,203100,0.0,0.0
2021-04-26 00:00:00-04:00,6.535427625167268,6.821179690927406,6.452467192045489,6.489338397979736,167300,0.0,0.0
2021-04-27 00:00:00-04:00,6.489338354586859,6.821179645315573,6.489338354586859,6.6368231773376465,36500,0.0,0.0
2021-04-28 00:00:00-04:00,6.636822980590646,6.885703831374309,6.618387378293316,6.775090217590332,166000,0.0,0.0
2021-04-29 00:00:00-04:00,6.710566028252483,6.90413963834317,6.6368231773376465,6.6368231773376465,69100,0.0,0.0
2021-04-30 00:00:00-04:00,6.636823269793474,6.867268528321573,6.415596032585435,6.590734481811523,119900,0.0,0.0
2021-05-03 00:00:00-04:00,6.544644918108962,6.904139379875468,6.544644918108962,6.821179389953613,264900,0.0,0.0
2021-05-04 00:00:00-04:00,6.821179450613661,6.821179450613661,6.443248943793151,6.45246696472168,385600,0.0,0.0
2021-05-05 00:00:00-04:00,6.443249008037656,6.498556255081427,6.0653189369883,6.083754539489746,404700,0.0,0.0
2021-05-06 00:00:00-04:00,6.129843886330759,6.222021900654793,5.733477765428248,5.8164381980896,584300,0.0,0.0
2021-05-07 00:00:00-04:00,6.074536848359807,6.90413938548949,5.8993984079877055,6.351070880889893,170900,0.0,0.0
2021-05-10 00:00:00-04:00,6.3602889010649655,6.738218965252117,6.3602889010649655,6.498556137084961,209700,0.0,0.0
2021-05-11 00:00:00-04:00,6.3234179393392305,6.57229879790815,6.3234179393392305,6.4616851806640625,33600,0.0,0.0
2021-05-12 00:00:00-04:00,6.4524670388911725,6.46168505992566,6.194368163938174,6.332635402679443,83200,0.0,0.0
2021-05-13 00:00:00-04:00,6.314199589312214,6.369506395054082,5.936269530306399,6.222021579742432,151100,0.0,0.0
2021-05-14 00:00:00-04:00,6.222022001265862,6.360289244757438,6.037665969636728,6.268111228942871,629600,0.0,0.0
2021-05-17 00:00:00-04:00,6.258892783570344,6.258892783570344,6.102189947532006,6.222021579742432,95400,0.0,0.0
2021-05-18 00:00:00-04:00,6.222021684537557,6.360288920990722,6.222021684537557,6.2773284912109375,96000,0.0,0.0
2021-05-19 00:00:00-04:00,6.360288992660363,6.360288992660363,6.2220217546491625,6.3049821853637695,23900,0.0,0.0
2021-05-20 00:00:00-04:00,6.314199780004786,6.461685039309999,6.258892972592619,6.406377792358398,251700,0.0,0.0
2021-05-21 00:00:00-04:00,6.498556183130389,6.85805064769803,6.3971601507253615,6.775090217590332,716900,0.0,0.0
2021-05-24 00:00:00-04:00,6.775090093840187,6.867268103643161,6.7658725126296,6.793525695800781,600300,0.0,0.0
2021-05-25 00:00:00-04:00,6.858050739880124,6.858050739880124,6.7105659195190785,6.729001522064209,43500,0.0,0.0
2021-05-26 00:00:00-04:00,6.904139326226083,6.904139326226083,6.489338061221792,6.719783306121826,609200,0.0,0.0
2021-05-27 00:00:00-04:00,6.710565705605396,7.263634203868505,6.682912082899501,7.116148948669434,864400,0.0,0.0
2021-05-28 00:00:00-04:00,7.051624580366705,7.272851804445314,6.959446570333951,7.189891815185547,74300,0.0,0.0
2021-06-01 00:00:00-04:00,7.14380269592589,7.282069932787181,7.042406663622354,7.097713470458984,181500,0.0,0.0
2021-06-02 00:00:00-04:00,7.097713312518371,7.235980546302893,7.060842108781087,7.08849573135376,320400,0.0,0.0
2021-06-03 00:00:00-04:00,7.051624872057359,7.235980899748759,6.6829123771351195,6.85805082321167,165900,0.0,0.0
2021-06-04 00:00:00-04:00,6.867268383628095,7.106931658426544,6.858050802041699,6.931793212890625,96300,0.0,0.0
2021-06-07 00:00:00-04:00,6.904139610364799,6.904139610364799,6.59073436328942,6.85805082321167,53700,0.0,0.0
2021-06-08 00:00:00-04:00,6.839614886357386,7.217544944434252,6.646040846966938,7.08849573135376,1151800,0.0,0.0
2021-06-09 00:00:00-04:00,7.1898921243964775,7.374248152390463,7.143802897628261,7.3558125495910645,142700,0.0,0.0
2021-06-10 00:00:00-04:00,7.365030208498667,7.365030208498667,7.079278142340015,7.235980987548828,44500,0.0,0.0
2021-06-11 00:00:00-04:00,7.328158947277078,7.374248174181489,7.27285213871545,7.282070159912109,162100,0.0,0.0
2021-06-14 00:00:00-04:00,7.365029811859131,7.466426282168238,7.29128740385915,7.365029811859131,57000,0.0,0.0
2021-06-15 00:00:00-04:00,7.466426569896649,7.927317077196964,7.466426569896649,7.752178192138672,286300,0.0,0.0
2021-06-16 00:00:00-04:00,7.816702636815739,7.84435670038499,7.604693423924791,7.706089019775391,246400,0.0,0.0
2021-06-17 00:00:00-04:00,7.825920581817627,7.927317055759983,7.74296015007529,7.825920581817627,255900,0.0,0.0
2021-06-18 00:00:00-04:00,8.010276303780518,8.010276303780518,7.650782285340997,7.733742713928223,376400,0.0,0.0
2021-06-21 00:00:00-04:00,7.733742975233468,7.88122779589222,7.512514865166466,7.798267364501953,53400,0.0,0.0
2021-06-22 00:00:00-04:00,7.484861578875326,7.94575207668104,7.484861578875326,7.890445709228516,81900,0.0,0.0
2021-06-23 00:00:00-04:00,8.130108312310853,8.130108312310853,7.660000660371778,8.001059532165527,70800,0.0,0.0
2021-06-24 00:00:00-04:00,8.037930727574759,8.120891159893542,7.779831409454345,7.779831409454346,54200,0.0,0.0
2021-06-25 00:00:00-04:00,7.825920702901598,8.010276732359802,7.5586042404174805,7.5586042404174805,84200,0.0,0.0
2021-06-28 00:00:00-04:00,7.5586041531925705,7.789049407125752,7.466426579066626,7.577040195465088,117000,0.0,0.0
2021-06-29 00:00:00-04:00,7.641564606906135,7.641564606906135,7.429555394644947,7.503297805786133,124600,0.0,0.0
2021-06-30 00:00:00-04:00,7.383465995455408,7.586257181817607,7.300505565089571,7.420337200164795,56200,0.0,0.0
2021-07-01 00:00:00-04:00,8.130108011527732,8.203850420047981,7.429555130585363,7.613911151885986,448700,0.0,0.0
2021-07-02 00:00:00-04:00,7.567822073694458,7.623129320697672,7.337376822825661,7.374248027801514,121300,0.0,0.0
2021-07-06 00:00:00-04:00,7.41111935798926,7.41111935798926,7.235980911625253,7.3558125495910645,102800,0.0,0.0
2021-07-07 00:00:00-04:00,7.291287514156904,7.291287514156904,7.014753479973753,7.097713470458984,175400,0.0,0.0
2021-07-08 00:00:00-04:00,6.526209474649959,7.318941265613599,6.526209474649959,7.079277992248535,134600,0.0,0.0
2021-07-09 00:00:00-04:00,7.079277938685887,7.217545176924244,6.913357516523518,7.125367164611816,95600,0.0,0.0
2021-07-12 00:00:00-04:00,7.051624954575915,7.217545381439785,6.913357712419632,6.987100124359131,136900,0.0,0.0
2021-07-13 00:00:00-04:00,6.922575455787963,7.097713457343961,6.692130207958101,6.848832607269287,178000,0.0,0.0
2021-07-14 00:00:00-04:00,6.765872830705429,7.060842475941998,6.747437227878144,6.784308433532715,83000,0.0,0.0
2021-07-15 00:00:00-04:00,6.821179517574966,6.821179517574966,6.489338233060661,6.655258655548096,191000,0.0,0.0
2021-07-16 00:00:00-04:00,6.618387346287768,6.765872603492617,6.526209335246879,6.59995174407959,124700,0.0,0.0
2021-07-19 00:00:00-04:00,6.498556364718075,6.6829123928427885,6.452467137917175,6.535427570343018,87600,0.0,0.0
2021-07-20 00:00:00-04:00,6.5538629573480485,6.784308204685496,6.526209334270207,6.747437000274658,49700,0.0,0.0
2021-07-21 00:00:00-04:00,6.811961473129193,7.033189141891059,6.710565879505294,6.876486301422119,47800,0.0,0.0
2021-07-22 00:00:00-04:00,6.747437117049471,6.950228744818698,6.747437117049471,6.904139518737793,78800,0.0,0.0
2021-07-23 00:00:00-04:00,6.913357516523518,7.245198800387688,6.885703893060073,7.125367164611816,74600,0.0,0.0
2021-07-26 00:00:00-04:00,7.097713456022224,7.199109488119522,6.941011056740219,6.9963178634643555,66700,0.0,0.0
2021-07-27 00:00:00-04:00,6.996317884697715,7.070060293887034,6.729001431616723,6.775090217590332,73600,0.0,0.0
2021-07-28 00:00:00-04:00,6.922575495662845,6.941011098013848,6.609169816156362,6.701347827911377,131600,0.0,0.0
2021-07-29 00:00:00-04:00,6.664476653647571,6.8949219038573215,6.646041051212368,6.876486301422119,105200,0.0,0.0
2021-07-30 00:00:00-04:00,6.765872530917601,6.8764861429801565,6.646040898080122,6.719783306121826,106700,0.0,0.0
2021-08-02 00:00:00-04:00,6.756654613611302,6.977882280663624,6.655258581231512,6.9225754737854,102900,0.0,0.0
2021-08-03 00:00:00-04:00,6.9225756526733795,6.94101125544252,6.69213039828941,6.85805082321167,146700,0.0,0.0
2021-08-04 00:00:00-04:00,6.8580508560111,7.180674125783753,6.6183875793266225,6.885704040527344,160200,0.0,0.0
2021-08-05 00:00:00-04:00,6.977882364871982,7.208327616081948,6.811961502695567,7.051624774932861,250600,0.0,0.0
2021-08-06 00:00:00-04:00,6.977882171742789,7.180673793797476,6.90413932418348,7.0424065589904785,87200,0.0,0.0
2021-08-09 00:00:00-04:00,7.042406933313754,7.042406933313754,6.848832882202848,6.987100124359131,69000,0.0,0.0
2021-08-10 00:00:00-04:00,6.950228794600017,7.042406807882623,6.867268362875953,7.00553560256958,147900,0.0,0.0
2021-08-11 00:00:00-04:00,6.858050698986916,7.014753539455856,6.609169846341962,6.876486301422119,116800,0.0,0.0
2021-08-12 00:00:00-04:00,6.848832856680738,6.92257570788488,6.747437260411501,6.811961650848389,32200,0.0,0.0
2021-08-13 00:00:00-04:00,6.793525714163529,6.8764861429801565,6.682912102100975,6.719783306121826,61900,0.0,0.0
2021-08-16 00:00:00-04:00,6.609169676194834,6.811961297761377,6.535427268352455,6.793525695800781,46400,0.0,0.0
2021-08-17 00:00:00-04:00,6.793525965861685,6.793525965861685,6.452467096262964,6.682912349700928,176600,0.0,0.0
2021-08-18 00:00:00-04:00,6.6368231773376465,6.756654815592382,6.526209560274555,6.6368231773376465,63800,0.0,0.0
2021-08-19 00:00:00-04:00,6.553863151765068,6.673694349885308,6.470902719609991,6.609169960021973,70900,0.0,0.0
2021-08-20 00:00:00-04:00,6.6183873452973,6.885703797045585,6.4893381298593695,6.747437000274658,92000,0.0,0.0
2021-08-23 00:00:00-04:00,6.655258642509289,7.162238369536787,6.655258642509289,7.125367164611816,135700,0.0,0.0
2021-08-24 00:00:00-04:00,7.042406559593719,7.3742478352510545,7.023970957587168,7.189891815185547,304500,0.0,0.0
2021-08-25 00:00:00-04:00,7.208327825265133,7.226763428315349,7.079278164374183,7.162238597869873,46800,0.0,0.0
2021-08-26 00:00:00-04:00,7.162238527791512,7.208327754735817,6.987100080758377,7.134584903717041,66100,0.0,0.0
2021-08-27 00:00:00-04:00,7.11614931614637,7.235980954827634,7.051624925732953,7.208327770233154,100000,0.0,0.0
2021-08-30 00:00:00-04:00,7.235980600432213,7.235980600432213,7.07927776360682,7.189891815185547,66500,0.0,0.0
2021-08-31 00:00:00-04:00,7.189892167323686,7.208327770233154,6.97788251409508,7.208327770233154,105900,0.0,0.0
2021-09-01 00:00:00-04:00,7.235980686546518,7.337376718558957,7.014753459835118,7.318941116333008,86300,0.0,0.0
2021-09-02 00:00:00-04:00,7.300505810588296,7.438772613128368,7.162238568508779,7.3834662437438965,215900,0.0,0.0
2021-09-03 00:00:00-04:00,7.420337180619217,7.586257161834987,7.3742479550841695,7.49407958984375,105000,0.0,0.0
2021-09-07 00:00:00-04:00,7.5678222578797865,7.789049493119123,7.263634589655977,7.309723377227783,327300,0.0,0.0
2021-09-08 00:00:00-04:00,7.36503003997519,7.530950902653614,7.291287629691197,7.4019012451171875,127100,0.0,0.0
2021-09-09 00:00:00-04:00,7.36503014686308,7.4848617850833925,7.31894135953642,7.429555416107178,151800,0.0,0.0
2021-09-10 00:00:00-04:00,7.512514947869619,7.733743060372058,7.420337373482578,7.503297805786133,155800,0.0,0.0
2021-09-13 00:00:00-04:00,7.503297630530632,7.7153068378398935,7.34659435120659,7.420337200164795,206000,0.0,0.0
2021-09-14 00:00:00-04:00,7.374248061030408,7.558604086740393,7.291287629691197,7.4019012451171875,160500,0.0,0.0
2021-09-15 00:00:00-04:00,7.374248020776361,7.660000518376147,7.374248020776361,7.549386024475098,430100,0.0,0.0
2021-09-16 00:00:00-04:00,7.5586038539228015,7.761395915496888,7.549385833151514,7.660000324249268,656400,0.0,0.0
2021-09-17 00:00:00-04:00,7.604693299787759,7.9457521665312,7.2820700355834385,7.300505638122559,1264000,0.0,0.0
2021-09-20 00:00:00-04:00,7.226763273987271,7.36503007414146,6.959446815697997,7.00553560256958,395900,0.0,0.0
2021-09-21 00:00:00-04:00,7.0147536029113535,7.254416436736981,7.0055355818406495,7.079277992248535,375000,0.0,0.0
2021-09-22 00:00:00-04:00,7.1345845162556545,7.217544944434252,6.98709970130652,7.08849573135376,175000,0.0,0.0
2021-09-23 00:00:00-04:00,7.153020990762447,7.153020990762447,6.987100124359131,6.987100124359131,96900,0.0,0.0
2021-09-24 00:00:00-04:00,6.987099876120246,7.1345846947593765,6.931793069130572,7.023971080780029,104000,0.0,0.0
2021-09-27 00:00:00-04:00,6.784308114365492,7.365029795874704,6.784308114365492,7.263634204864502,177400,0.0,0.0
2021-09-28 00:00:00-04:00,7.189892068674229,7.189892068674229,6.922575610384954,7.00553560256958,215300,0.0,0.0
2021-09-29 00:00:00-04:00,7.00553542570479,7.143802661907662,6.867268189501917,7.0700602531433105,291400,0.0,0.0
2021-09-30 00:00:00-04:00,7.116149038851317,7.143802661907662,6.987099823513702,7.0700602531433105,96500,0.0,0.0
2021-10-01 00:00:00-04:00,7.070060366981011,7.374248027801514,7.042406743479404,7.374248027801514,91300,0.0,0.0
2021-10-04 00:00:00-04:00,7.3373769748246485,7.438772570839008,7.079278095107542,7.134584903717041,158000,0.0,0.0
2021-10-05 00:00:00-04:00,7.14380281701277,7.272852035152281,7.097713590764656,7.2267632484436035,55300,0.0,0.0
2021-10-06 00:00:00-04:00,7.180674156671504,7.5125150095305075,6.931793297257529,7.309723377227783,106400,0.0,0.0
2021-10-07 00:00:00-04:00,7.318941026628854,7.530950669398511,7.208327414628883,7.365029811859131,90500,0.0,0.0
2021-10-08 00:00:00-04:00,7.4019012532917925,7.4019012532917925,7.208327645852244,7.2267632484436035,36700,0.0,0.0
2021-10-11 00:00:00-04:00,7.199109393859175,7.466426282168238,7.116148965089485,7.365029811859131,84200,0.0,0.0
2021-10-12 00:00:00-04:00,7.411119127462758,7.466426373680036,7.282069911881107,7.318941116333008,59900,0.0,0.0
2021-10-13 00:00:00-04:00,7.346594404299907,7.558604052680778,7.217545186884422,7.374248027801514,38100,0.0,0.0
2021-10-14 00:00:00-04:00,7.457208534731697,7.457208534731697,7.0884960416777485,7.254416465759277,64500,0.0,0.0
2021-10-15 00:00:00-04:00,7.235980725342156,7.3189411555734365,7.060842283486914,7.171456336975098,43200,0.0,0.0
2021-10-18 00:00:00-04:00,7.079278110327433,7.263634578961558,7.023971301599029,7.208327770233154,88500,0.0,0.0
2021-10-19 00:00:00-04:00,7.272851929991741,7.282069950923852,7.10693150906861,7.171456336975098,59700,0.0,0.0
2021-10-20 00:00:00-04:00,7.217545407020517,7.355812649666852,7.125367391769443,7.162238597869873,31600,0.0,0.0
2021-10-21 00:00:00-04:00,7.180674146099229,7.309723366465507,7.079278110327433,7.208327770233154,32600,0.0,0.0
2021-10-22 00:00:00-04:00,7.2912877635560385,7.328158969374975,7.125367337370825,7.208327770233154,40100,0.0,0.0
2021-10-25 00:00:00-04:00,7.208327536088644,7.4203371824306465,7.208327536088644,7.346594333648682,101900,0.0,0.0
2021-10-26 00:00:00-04:00,7.346594191765136,7.512514609356446,7.346594191765136,7.438772201538086,94500,0.0,0.0
2021-10-27 00:00:00-04:00,7.494079428846385,7.5401686533912855,7.355812194751104,7.512514591217041,79700,0.0,0.0
2021-10-28 00:00:00-04:00,7.57703998122999,7.669217552749683,7.549385918603112,7.64156436920166,47400,0.0,0.0
2021-10-29 00:00:00-04:00,7.5770399290556645,7.742959908280155,7.5770399290556645,7.687653541564941,93000,0.0,0.0
2021-11-01 00:00:00-04:00,7.687653668195808,7.807485303491101,7.521732807159424,7.521732807159424,123900,0.0,0.0
2021-11-02 00:00:00-04:00,7.540169077011105,7.595475446309121,7.429555459336183,7.5586042404174805,66400,0.0,0.0
2021-11-03 00:00:00-04:00,7.5586041234694745,7.8720098082388,7.521732918148311,7.825920581817627,145500,0.0,0.0
2021-11-04 00:00:00-04:00,8.04714798045755,8.194633683876544,7.475643846600217,7.807485580444336,113500,0.0,0.0
2021-11-05 00:00:00-04:00,7.881227850651157,8.028712672334636,7.6876538024218695,7.752178192138672,72500,0.0,0.0
2021-11-08 00:00:00-05:00,7.835138710354799,8.084020008994523,7.742960256248481,7.853574752807617,72200,0.0,0.0
2021-11-09 00:00:00-05:00,7.844356570149652,7.908880959248873,7.6692176867676665,7.872009754180908,85400,0.0,0.0
2021-11-10 00:00:00-05:00,7.872009787348812,7.982623403018766,7.770614192754406,7.899662971496582,91500,0.0,0.0
2021-11-11 00:00:00-05:00,7.908881197215563,8.111673270730522,7.890446033666328,8.010276794433594,94500,0.0,0.0
2021-11-12 00:00:00-05:00,8.05636567079394,8.11167291718891,7.936534036170557,7.964188098907471,82100,0.0,0.0
2021-11-15 00:00:00-05:00,8.019494359811668,8.019494359811668,7.7521779104539075,7.7613959312438965,133700,0.0,0.0
2021-11-16 00:00:00-05:00,7.798267473515124,7.83513867919524,7.669217814095274,7.706089019775391,133900,0.0,0.0
2021-11-17 00:00:00-05:00,7.789049098731904,7.84435634428078,7.6231291202429645,7.660000324249268,74400,0.0,0.0
2021-11-18 00:00:00-05:00,7.699999809265137,7.840000152587891,7.489999771118164,7.570000171661377,160700,0.65,0.0
2021-11-19 00:00:00-05:00,7.679999828338623,7.989999771118164,7.519999980926514,7.710000038146973,134100,0.0,0.0
2021-11-22 00:00:00-05:00,7.639999866485596,7.820000171661377,7.519999980926514,7.760000228881836,179900,0.0,0.0
2021-11-23 00:00:00-05:00,7.820000171661377,7.840000152587891,7.519999980926514,7.690000057220459,110900,0.0,0.0
2021-11-24 00:00:00-05:00,7.539999961853027,7.789999961853027,7.5,7.599999904632568,71900,0.0,0.0
2021-11-26 00:00:00-05:00,7.480000019073486,7.53000020980835,7.179999828338623,7.400000095367432,193200,0.0,0.0
2021-11-29 00:00:00-05:00,7.429999828338623,7.460000038146973,7.190000057220459,7.340000152587891,78000,0.0,0.0
2021-11-30 00:00:00-05:00,7.300000190734863,7.389999866485596,7.170000076293945,7.210000038146973,206100,0.0,0.0
2021-12-01 00:00:00-05:00,7.349999904632568,7.849999904632568,7.349999904632568,7.610000133514404,138800,0.0,0.0
2021-12-02 00:00:00-05:00,7.650000095367432,7.78000020980835,7.360000133514404,7.590000152587891,68400,0.0,0.0
2021-12-03 00:00:00-05:00,7.659999847412109,7.71999979019165,7.28000020980835,7.300000190734863,104700,0.0,0.0
2021-12-06 00:00:00-05:00,7.329999923706055,7.699999809265137,7.239999771118164,7.289999961853027,41800,0.0,0.0
2021-12-07 00:00:00-05:00,7.360000133514404,7.579999923706055,7.260000228881836,7.519999980926514,93200,0.0,0.0
2021-12-08 00:00:00-05:00,7.579999923706055,7.679999828338623,7.420000076293945,7.639999866485596,32000,0.0,0.0
2021-12-09 00:00:00-05:00,7.539999961853027,7.820000171661377,7.440000057220459,7.460000038146973,101300,0.0,0.0
2021-12-10 00:00:00-05:00,7.460000038146973,7.5,7.349999904632568,7.460000038146973,43600,0.0,0.0
2021-12-13 00:00:00-05:00,7.429999828338623,7.5,7.309999942779541,7.420000076293945,89700,0.0,0.0
2021-12-14 00:00:00-05:00,7.389999866485596,7.480000019073486,7.25,7.349999904632568,87200,0.0,0.0
2021-12-15 00:00:00-05:00,7.269999980926514,7.440000057220459,7.099999904632568,7.269999980926514,138900,0.0,0.0
2021-12-16 00:00:00-05:00,7.269999980926514,7.340000152587891,7.139999866485596,7.210000038146973,67800,0.0,0.0
2021-12-17 00:00:00-05:00,7.150000095367432,7.25,6.900000095367432,7.059999942779541,211100,0.0,0.0
2021-12-20 00:00:00-05:00,6.909999847412109,6.940000057220459,6.789999961853027,6.869999885559082,205600,0.0,0.0
2021-12-21 00:00:00-05:00,6.960000038146973,7.050000190734863,6.889999866485596,6.920000076293945,84100,0.0,0.0
2021-12-22 00:00:00-05:00,6.920000076293945,6.960000038146973,6.590000152587891,6.940000057220459,153500,0.0,0.0
2021-12-23 00:00:00-05:00,6.920000076293945,7.050000190734863,6.909999847412109,6.949999809265137,125400,0.0,0.0
2021-12-27 00:00:00-05:00,6.909999847412109,7.150000095367432,6.849999904632568,7.110000133514404,92200,0.0,0.0
2021-12-28 00:00:00-05:00,7.150000095367432,7.150000095367432,6.940000057220459,7.019999980926514,81600,0.0,0.0
2021-12-29 00:00:00-05:00,7.019999980926514,7.119999885559082,6.989999771118164,7.019999980926514,50600,0.0,0.0
2021-12-30 00:00:00-05:00,7.050000190734863,7.230000019073486,7.0,7.070000171661377,133100,0.0,0.0
2021-12-31 00:00:00-05:00,7.010000228881836,7.25,7.010000228881836,7.130000114440918,49400,0.0,0.0
2022-01-03 00:00:00-05:00,7.190000057220459,7.210000038146973,7.03000020980835,7.050000190734863,51000,0.0,0.0
2022-01-04 00:00:00-05:00,7.050000190734863,7.199999809265137,7.039999961853027,7.119999885559082,129000,0.0,0.0
2022-01-05 00:00:00-05:00,7.099999904632568,7.119999885559082,6.829999923706055,6.869999885559082,66600,0.0,0.0
2022-01-06 00:00:00-05:00,6.760000228881836,7.019999980926514,6.730000019073486,6.989999771118164,63600,0.0,0.0
2022-01-07 00:00:00-05:00,6.960000038146973,7.039999961853027,6.849999904632568,6.949999809265137,52800,0.0,0.0
2022-01-10 00:00:00-05:00,6.840000152587891,6.920000076293945,6.730000019073486,6.800000190734863,54700,0.0,0.0
2022-01-11 00:00:00-05:00,6.769999980926514,6.920000076293945,6.679999828338623,6.889999866485596,99800,0.0,0.0
2022-01-12 00:00:00-05:00,6.900000095367432,7.0,6.760000228881836,6.769999980926514,41700,0.0,0.0
2022-01-13 00:00:00-05:00,6.840000152587891,6.920000076293945,6.75,6.840000152587891,105000,0.0,0.0
2022-01-14 00:00:00-05:00,6.710000038146973,6.71999979019165,6.579999923706055,6.579999923706055,45400,0.0,0.0
2022-01-18 00:00:00-05:00,6.570000171661377,6.739999771118164,6.239999771118164,6.380000114440918,140300,0.0,0.0
2022-01-19 00:00:00-05:00,6.300000190734863,6.409999847412109,6.090000152587891,6.309999942779541,104100,0.0,0.0
2022-01-20 00:00:00-05:00,6.360000133514404,6.369999885559082,6.050000190734863,6.110000133514404,86400,0.0,0.0
2022-01-21 00:00:00-05:00,6.0,6.340000152587891,5.96999979019165,6.260000228881836,112500,0.0,0.0
2022-01-24 00:00:00-05:00,6.099999904632568,6.730000019073486,5.980000019073486,6.670000076293945,263300,0.0,0.0
2022-01-25 00:00:00-05:00,6.699999809265137,6.710000038146973,6.409999847412109,6.489999771118164,94400,0.0,0.0
2022-01-26 00:00:00-05:00,6.559999942779541,6.889999866485596,6.420000076293945,6.449999809265137,77200,0.0,0.0
2022-01-27 00:00:00-05:00,6.519999980926514,6.559999942779541,6.340000152587891,6.449999809265137,116900,0.0,0.0
2022-01-28 00:00:00-05:00,6.400000095367432,6.5,6.28000020980835,6.420000076293945,139200,0.0,0.0
2022-01-31 00:00:00-05:00,6.409999847412109,6.610000133514404,6.269999980926514,6.610000133514404,87200,0.0,0.0
2022-02-01 00:00:00-05:00,6.599999904632568,6.710000038146973,6.5,6.599999904632568,111800,0.0,0.0
2022-02-02 00:00:00-05:00,6.599999904632568,6.670000076293945,6.550000190734863,6.590000152587891,174000,0.0,0.0
2022-02-03 00:00:00-05:00,6.579999923706055,6.590000152587891,6.5,6.550000190734863,52500,0.0,0.0
2022-02-04 00:00:00-05:00,6.5,6.570000171661377,6.46999979019165,6.53000020980835,185200,0.0,0.0
2022-02-07 00:00:00-05:00,6.429999828338623,6.550000190734863,6.420000076293945,6.5,56300,0.0,0.0
2022-02-08 00:00:00-05:00,6.539999961853027,6.599999904632568,6.480000019073486,6.590000152587891,95700,0.0,0.0
2022-02-09 00:00:00-05:00,6.599999904632568,6.889999866485596,6.519999980926514,6.820000171661377,141500,0.0,0.0
2022-02-10 00:00:00-05:00,6.800000190734863,6.889999866485596,6.570000171661377,6.610000133514404,66200,0.0,0.0
2022-02-11 00:00:00-05:00,6.570000171661377,6.679999828338623,6.559999942779541,6.610000133514404,76300,0.0,0.0
2022-02-14 00:00:00-05:00,6.619999885559082,6.739999771118164,6.480000019073486,6.590000152587891,78400,0.0,0.0
2022-02-15 00:00:00-05:00,6.679999828338623,6.769999980926514,6.579999923706055,6.599999904632568,64200,0.0,0.0
2022-02-16 00:00:00-05:00,6.599999904632568,6.599999904632568,6.46999979019165,6.489999771118164,101400,0.0,0.0
2022-02-17 00:00:00-05:00,6.480000019073486,6.599999904632568,6.449999809265137,6.579999923706055,39800,0.0,0.0
2022-02-18 00:00:00-05:00,6.570000171661377,6.730000019073486,6.559999942779541,6.659999847412109,169000,0.0,0.0
2022-02-22 00:00:00-05:00,6.699999809265137,6.739999771118164,6.369999885559082,6.409999847412109,76100,0.0,0.0
2022-02-23 00:00:00-05:00,6.440000057220459,6.460000038146973,6.059999942779541,6.099999904632568,80000,0.0,0.0
2022-02-24 00:00:00-05:00,6.0,6.190000057220459,5.900000095367432,6.139999866485596,56600,0.0,0.0
2022-02-25 00:00:00-05:00,6.150000095367432,6.429999828338623,6.119999885559082,6.320000171661377,164100,0.0,0.0
2022-02-28 00:00:00-05:00,6.360000133514404,6.440000057220459,6.199999809265137,6.329999923706055,94900,0.0,0.0
2022-03-01 00:00:00-05:00,6.369999885559082,6.46999979019165,6.28000020980835,6.329999923706055,87300,0.0,0.0
2022-03-02 00:00:00-05:00,6.369999885559082,6.539999961853027,6.210000038146973,6.449999809265137,75700,0.0,0.0
2022-03-03 00:00:00-05:00,6.590000152587891,6.599999904632568,6.139999866485596,6.420000076293945,241400,0.0,0.0
2022-03-04 00:00:00-05:00,6.329999923706055,6.519999980926514,6.21999979019165,6.449999809265137,94900,0.0,0.0
2022-03-07 00:00:00-05:00,6.420000076293945,6.5,6.239999771118164,6.300000190734863,179300,0.0,0.0
2022-03-08 00:00:00-05:00,6.269999980926514,6.360000133514404,5.900000095367432,6.110000133514404,314400,0.0,0.0
2022-03-09 00:00:00-05:00,6.150000095367432,6.269999980926514,6.079999923706055,6.110000133514404,169000,0.0,0.0
2022-03-10 00:00:00-05:00,6.03000020980835,6.340000152587891,5.900000095367432,6.25,143000,0.0,0.0
2022-03-11 00:00:00-05:00,6.28000020980835,6.5,6.21999979019165,6.400000095367432,121500,0.0,0.0
2022-03-14 00:00:00-04:00,6.340000152587891,6.699999809265137,6.289999961853027,6.440000057220459,250700,0.0,0.0
2022-03-15 00:00:00-04:00,6.519999980926514,6.610000133514404,6.340000152587891,6.539999961853027,341200,0.0,0.0
2022-03-16 00:00:00-04:00,6.53000020980835,6.650000095367432,6.519999980926514,6.610000133514404,234900,0.0,0.0
2022-03-17 00:00:00-04:00,6.610000133514404,6.690000057220459,6.570000171661377,6.599999904632568,317500,0.0,0.0
2022-03-18 00:00:00-04:00,6.590000152587891,6.71999979019165,6.489999771118164,6.650000095367432,485000,0.0,0.0
2022-03-21 00:00:00-04:00,6.630000114440918,6.71999979019165,6.599999904632568,6.710000038146973,179300,0.0,0.0
2022-03-22 00:00:00-04:00,6.71999979019165,6.849999904632568,6.710000038146973,6.789999961853027,168800,0.0,0.0
2022-03-23 00:00:00-04:00,6.829999923706055,6.829999923706055,6.690000057220459,6.760000228881836,92300,0.0,0.0
2022-03-24 00:00:00-04:00,6.760000228881836,6.820000171661377,6.75,6.800000190734863,115700,0.0,0.0
2022-03-25 00:00:00-04:00,6.800000190734863,6.840000152587891,6.739999771118164,6.760000228881836,95900,0.0,0.0
2022-03-28 00:00:00-04:00,6.789999961853027,6.809999942779541,6.699999809265137,6.78000020980835,184200,0.0,0.0
2022-03-29 00:00:00-04:00,6.820000171661377,6.889999866485596,6.690000057220459,6.78000020980835,224000,0.0,0.0
2022-03-30 00:00:00-04:00,6.800000190734863,6.800000190734863,6.539999961853027,6.699999809265137,126700,0.0,0.0
2022-03-31 00:00:00-04:00,6.690000057220459,6.710000038146973,6.480000019073486,6.550000190734863,139400,0.0,0.0
2022-04-01 00:00:00-04:00,6.5,6.630000114440918,6.460000038146973,6.610000133514404,168700,0.0,0.0
2022-04-04 00:00:00-04:00,6.579999923706055,6.739999771118164,6.579999923706055,6.659999847412109,101100,0.0,0.0
2022-04-05 00:00:00-04:00,6.699999809265137,6.699999809265137,6.559999942779541,6.590000152587891,89400,0.0,0.0
2022-04-06 00:00:00-04:00,6.550000190734863,6.630000114440918,6.420000076293945,6.53000020980835,137700,0.0,0.0
2022-04-07 00:00:00-04:00,6.519999980926514,6.579999923706055,6.380000114440918,6.519999980926514,115100,0.0,0.0
2022-04-08 00:00:00-04:00,6.539999961853027,6.550000190734863,6.46999979019165,6.510000228881836,128000,0.0,0.0
2022-04-11 00:00:00-04:00,6.519999980926514,6.619999885559082,6.440000057220459,6.460000038146973,95500,0.0,0.0
2022-04-12 00:00:00-04:00,6.5,6.570000171661377,6.349999904632568,6.369999885559082,141000,0.0,0.0
2022-04-13 00:00:00-04:00,6.380000114440918,6.460000038146973,6.329999923706055,6.389999866485596,107100,0.0,0.0
2022-04-14 00:00:00-04:00,6.369999885559082,6.409999847412109,6.25,6.260000228881836,44300,0.0,0.0
2022-04-18 00:00:00-04:00,6.190000057220459,6.309999942779541,6.190000057220459,6.260000228881836,176000,0.0,0.0
2022-04-19 00:00:00-04:00,6.260000228881836,6.429999828338623,6.260000228881836,6.400000095367432,109700,0.0,0.0
2022-04-20 00:00:00-04:00,6.449999809265137,6.46999979019165,6.329999923706055,6.349999904632568,233300,0.0,0.0
2022-04-21 00:00:00-04:00,6.429999828338623,6.429999828338623,6.179999828338623,6.230000019073486,131000,0.0,0.0
2022-04-22 00:00:00-04:00,6.25,6.320000171661377,6.130000114440918,6.170000076293945,111400,0.0,0.0
2022-04-25 00:00:00-04:00,6.110000133514404,6.230000019073486,5.800000190734863,6.230000019073486,319700,0.0,0.0
2022-04-26 00:00:00-04:00,6.21999979019165,6.25,6.050000190734863,6.079999923706055,153200,0.0,0.0
2022-04-27 00:00:00-04:00,6.050000190734863,6.130000114440918,6.039999961853027,6.050000190734863,138400,0.0,0.0
2022-04-28 00:00:00-04:00,6.059999942779541,6.110000133514404,5.96999979019165,6.03000020980835,173600,0.0,0.0
2022-04-29 00:00:00-04:00,6.039999961853027,6.139999866485596,5.980000019073486,5.980000019073486,143500,0.0,0.0
2022-05-02 00:00:00-04:00,6.0,6.070000171661377,5.96999979019165,6.010000228881836,253500,0.0,0.0
2022-05-03 00:00:00-04:00,6.070000171661377,6.070000171661377,5.980000019073486,6.0,352800,0.0,0.0
2022-05-04 00:00:00-04:00,6.039999961853027,6.039999961853027,5.909999847412109,5.980000019073486,799500,0.0,0.0
2022-05-05 00:00:00-04:00,6.0,6.210000038146973,5.920000076293945,5.96999979019165,684200,0.0,0.0
2022-05-06 00:00:00-04:00,5.909999847412109,5.909999847412109,5.110000133514404,5.159999847412109,1053600,0.0,0.0
2022-05-09 00:00:00-04:00,5.050000190734863,5.159999847412109,4.829999923706055,5.0,417800,0.0,0.0
2022-05-10 00:00:00-04:00,5.0,5.090000152587891,4.449999809265137,4.510000228881836,270200,0.0,0.0
2022-05-11 00:00:00-04:00,4.510000228881836,4.650000095367432,4.5,4.510000228881836,202600,0.0,0.0
2022-05-12 00:00:00-04:00,4.460000038146973,4.670000076293945,4.389999866485596,4.53000020980835,331700,0.0,0.0
2022-05-13 00:00:00-04:00,4.610000133514404,4.75,4.550000190734863,4.650000095367432,291900,0.0,0.0
2022-05-16 00:00:00-04:00,4.690000057220459,4.710000038146973,4.579999923706055,4.579999923706055,217400,0.0,0.0
2022-05-17 00:00:00-04:00,4.670000076293945,4.71999979019165,4.579999923706055,4.699999809265137,245300,0.0,0.0
2022-05-18 00:00:00-04:00,4.659999847412109,4.659999847412109,4.360000133514404,4.46999979019165,179400,0.0,0.0
2022-05-19 00:00:00-04:00,4.440000057220459,4.659999847412109,4.400000095367432,4.449999809265137,120500,0.0,0.0
2022-05-20 00:00:00-04:00,4.480000019073486,4.480000019073486,4.21999979019165,4.289999961853027,180300,0.0,0.0
2022-05-23 00:00:00-04:00,4.269999980926514,4.269999980926514,4.159999847412109,4.179999828338623,178100,0.0,0.0
2022-05-24 00:00:00-04:00,4.179999828338623,4.25,4.050000190734863,4.230000019073486,218900,0.0,0.0
2022-05-25 00:00:00-04:00,4.239999771118164,4.329999923706055,4.239999771118164,4.300000190734863,200900,0.0,0.0
2022-05-26 00:00:00-04:00,4.309999942779541,4.519999980926514,4.309999942779541,4.440000057220459,152700,0.0,0.0
2022-05-27 00:00:00-04:00,4.480000019073486,4.519999980926514,4.380000114440918,4.440000057220459,150800,0.0,0.0
2022-05-31 00:00:00-04:00,4.449999809265137,4.5,4.389999866485596,4.400000095367432,224600,0.0,0.0
2022-06-01 00:00:00-04:00,4.400000095367432,4.590000152587891,4.400000095367432,4.550000190734863,410600,0.0,0.0
2022-06-02 00:00:00-04:00,4.539999961853027,4.639999866485596,4.53000020980835,4.539999961853027,155200,0.0,0.0
2022-06-03 00:00:00-04:00,4.510000228881836,4.579999923706055,4.489999771118164,4.559999942779541,158000,0.0,0.0
2022-06-06 00:00:00-04:00,4.630000114440918,4.630000114440918,4.429999828338623,4.5,236100,0.0,0.0
2022-06-07 00:00:00-04:00,4.489999771118164,4.489999771118164,4.090000152587891,4.340000152587891,335800,0.0,0.0
2022-06-08 00:00:00-04:00,4.349999904632568,4.480000019073486,4.289999961853027,4.360000133514404,145500,0.0,0.0
2022-06-09 00:00:00-04:00,4.380000114440918,4.429999828338623,4.349999904632568,4.369999885559082,208300,0.0,0.0
2022-06-10 00:00:00-04:00,4.349999904632568,4.449999809265137,4.329999923706055,4.389999866485596,191000,0.0,0.0
2022-06-13 00:00:00-04:00,4.269999980926514,4.28000020980835,3.9800000190734863,3.9800000190734863,310100,0.0,0.0
2022-06-14 00:00:00-04:00,4.010000228881836,4.010000228881836,3.7799999713897705,3.940000057220459,213000,0.0,0.0
2022-06-15 00:00:00-04:00,3.990000009536743,4.079999923706055,3.9200000762939453,3.9800000190734863,196400,0.0,0.0
2022-06-16 00:00:00-04:00,3.890000104904175,3.890000104904175,3.640000104904175,3.7899999618530273,286300,0.0,0.0
2022-06-17 00:00:00-04:00,3.8299999237060547,3.859999895095825,3.5999999046325684,3.630000114440918,357200,0.0,0.0
2022-06-21 00:00:00-04:00,3.6500000953674316,3.75,3.559999942779541,3.5899999141693115,359500,0.0,0.0
2022-06-22 00:00:00-04:00,3.5799999237060547,3.640000104904175,3.5399999618530273,3.569999933242798,299600,0.0,0.0
2022-06-23 00:00:00-04:00,3.569999933242798,3.5999999046325684,3.450000047683716,3.509999990463257,319200,0.0,0.0
2022-06-24 00:00:00-04:00,3.5399999618530273,3.759999990463257,3.1500000953674316,3.309999942779541,3955800,0.0,0.0
2022-06-27 00:00:00-04:00,3.299999952316284,3.5,3.2200000286102295,3.369999885559082,537400,0.0,0.0
2022-06-28 00:00:00-04:00,3.369999885559082,3.4800000190734863,3.299999952316284,3.309999942779541,265000,0.0,0.0
2022-06-29 00:00:00-04:00,3.299999952316284,3.299999952316284,3.0899999141693115,3.1600000858306885,272500,0.0,0.0
2022-06-30 00:00:00-04:00,3.180000066757202,3.200000047683716,3.0299999713897705,3.069999933242798,379000,0.0,0.0
2022-07-01 00:00:00-04:00,3.059999942779541,3.25,3.049999952316284,3.2200000286102295,198100,0.0,0.0
2022-07-05 00:00:00-04:00,3.180000066757202,3.2799999713897705,3.109999895095825,3.25,213600,0.0,0.0
2022-07-06 00:00:00-04:00,3.240000009536743,3.25,3.069999933242798,3.140000104904175,230600,0.0,0.0
2022-07-07 00:00:00-04:00,3.1600000858306885,3.240000009536743,3.0799999237060547,3.1600000858306885,289200,0.0,0.0
2022-07-08 00:00:00-04:00,3.180000066757202,3.190000057220459,3.0299999713897705,3.0299999713897705,184400,0.0,0.0
2022-07-11 00:00:00-04:00,3.0399999618530273,3.059999942779541,2.809999942779541,2.809999942779541,254600,0.0,0.0
2022-07-12 00:00:00-04:00,2.8399999141693115,2.9000000953674316,2.740000009536743,2.7699999809265137,247100,0.0,0.0
2022-07-13 00:00:00-04:00,2.7799999713897705,2.8299999237060547,2.7100000381469727,2.799999952316284,150300,0.0,0.0
2022-07-14 00:00:00-04:00,2.7799999713897705,2.809999942779541,2.700000047683716,2.7899999618530273,93800,0.0,0.0
2022-07-15 00:00:00-04:00,2.869999885559082,2.869999885559082,2.799999952316284,2.819999933242798,151800,0.0,0.0
2022-07-18 00:00:00-04:00,2.8399999141693115,2.940000057220459,2.8399999141693115,2.930000066757202,231400,0.0,0.0
2022-07-19 00:00:00-04:00,2.940000057220459,3.2300000190734863,2.940000057220459,3.180000066757202,230900,0.0,0.0
2022-07-20 00:00:00-04:00,3.180000066757202,3.3299999237060547,3.130000114440918,3.299999952316284,259500,0.0,0.0
2022-07-21 00:00:00-04:00,3.2799999713897705,3.2799999713897705,3.130000114440918,3.1600000858306885,184000,0.0,0.0
2022-07-22 00:00:00-04:00,3.180000066757202,3.319999933242798,3.1700000762939453,3.240000009536743,207000,0.0,0.0
2022-07-25 00:00:00-04:00,3.319999933242798,3.3299999237060547,3.2200000286102295,3.2699999809265137,100600,0.0,0.0
2022-07-26 00:00:00-04:00,3.2200000286102295,3.25,3.190000057220459,3.190000057220459,115600,0.0,0.0
2022-07-27 00:00:00-04:00,3.2100000381469727,3.2899999618530273,3.1700000762939453,3.2899999618530273,193700,0.0,0.0
2022-07-28 00:00:00-04:00,3.2699999809265137,3.369999885559082,3.25,3.359999895095825,67700,0.0,0.0
2022-07-29 00:00:00-04:00,3.369999885559082,3.369999885559082,3.2799999713897705,3.3299999237060547,95000,0.0,0.0
2022-08-01 00:00:00-04:00,3.299999952316284,3.390000104904175,3.25,3.369999885559082,101100,0.0,0.0
2022-08-02 00:00:00-04:00,3.390000104904175,3.5,3.390000104904175,3.430000066757202,88100,0.0,0.0
2022-08-03 00:00:00-04:00,3.4100000858306885,3.4200000762939453,3.2699999809265137,3.309999942779541,305000,0.0,0.0
2022-08-04 00:00:00-04:00,3.430000066757202,3.490000009536743,3.1700000762939453,3.369999885559082,415100,0.0,0.0
2022-08-05 00:00:00-04:00,3.4000000953674316,3.700000047683716,3.4000000953674316,3.680000066757202,1246200,0.0,0.0
2022-08-08 00:00:00-04:00,3.740000009536743,3.930000066757202,3.690000057220459,3.799999952316284,424100,0.0,0.0
2022-08-09 00:00:00-04:00,3.75,3.819999933242798,3.5899999141693115,3.809999942779541,271200,0.0,0.0
2022-08-10 00:00:00-04:00,3.880000114440918,3.950000047683716,3.8499999046325684,3.930000066757202,135800,0.0,0.0
2022-08-11 00:00:00-04:00,3.940000057220459,3.990000009536743,3.890000104904175,3.9000000953674316,172400,0.0,0.0
2022-08-12 00:00:00-04:00,3.9000000953674316,4.059999942779541,3.880000114440918,4.059999942779541,106400,0.0,0.0
2022-08-15 00:00:00-04:00,4.139999866485596,4.139999866485596,3.950000047683716,3.9700000286102295,125600,0.0,0.0
2022-08-16 00:00:00-04:00,4.199999809265137,4.360000133514404,4.139999866485596,4.320000171661377,333900,0.0,0.0
2022-08-17 00:00:00-04:00,4.260000228881836,4.389999866485596,4.110000133514404,4.119999885559082,97400,0.0,0.0
2022-08-18 00:00:00-04:00,4.150000095367432,4.21999979019165,4.03000020980835,4.119999885559082,172800,0.0,0.0
2022-08-19 00:00:00-04:00,4.090000152587891,4.090000152587891,3.9700000286102295,4.010000228881836,131100,0.0,0.0
2022-08-22 00:00:00-04:00,4.0,4.03000020980835,3.880000114440918,3.950000047683716,158000,0.0,0.0
2022-08-23 00:00:00-04:00,3.880000114440918,4.070000171661377,3.880000114440918,4.050000190734863,220900,0.0,0.0
2022-08-24 00:00:00-04:00,4.039999961853027,4.090000152587891,3.890000104904175,4.010000228881836,229600,0.0,0.0
2022-08-25 00:00:00-04:00,4.059999942779541,4.070000171661377,3.990000009536743,4.039999961853027,93800,0.0,0.0
2022-08-26 00:00:00-04:00,4.050000190734863,4.050000190734863,3.859999895095825,3.880000114440918,114300,0.0,0.0
2022-08-29 00:00:00-04:00,3.869999885559082,4.010000228881836,3.859999895095825,4.0,149500,0.0,0.0
2022-08-30 00:00:00-04:00,3.9600000381469727,4.059999942779541,3.880000114440918,3.9200000762939453,340500,0.0,0.0
2022-08-31 00:00:00-04:00,3.9200000762939453,4.010000228881836,3.9000000953674316,3.9200000762939453,94700,0.0,0.0
2022-09-01 00:00:00-04:00,3.9000000953674316,3.9600000381469727,3.8299999237060547,3.930000066757202,80300,0.0,0.0
2022-09-02 00:00:00-04:00,3.940000057220459,4.0,3.8499999046325684,3.869999885559082,129600,0.0,0.0
2022-09-06 00:00:00-04:00,3.819999933242798,3.8499999046325684,3.700000047683716,3.7799999713897705,376200,0.0,0.0
2022-09-07 00:00:00-04:00,3.7100000381469727,3.859999895095825,3.7100000381469727,3.8299999237060547,1647300,0.0,0.0
2022-09-08 00:00:00-04:00,3.809999942779541,4.010000228881836,3.7799999713897705,4.0,426400,0.0,0.0
2022-09-09 00:00:00-04:00,4.0,4.03000020980835,3.799999952316284,3.940000057220459,285800,0.0,0.0
2022-09-12 00:00:00-04:00,3.9800000190734863,4.070000171661377,3.9200000762939453,4.019999980926514,724900,0.0,0.0
2022-09-13 00:00:00-04:00,3.9000000953674316,3.9600000381469727,3.619999885559082,3.6500000953674316,278700,0.0,0.0
2022-09-14 00:00:00-04:00,3.6700000762939453,3.7699999809265137,3.5999999046325684,3.75,253400,0.0,0.0
2022-09-15 00:00:00-04:00,3.7100000381469727,3.759999990463257,3.6500000953674316,3.6700000762939453,181500,0.0,0.0
2022-09-16 00:00:00-04:00,3.640000104904175,3.890000104904175,3.509999990463257,3.7799999713897705,537500,0.0,0.0
2022-09-19 00:00:00-04:00,3.759999990463257,3.819999933242798,3.630000114440918,3.7300000190734863,237500,0.0,0.0
2022-09-20 00:00:00-04:00,3.6700000762939453,3.6700000762939453,3.450000047683716,3.509999990463257,229000,0.0,0.0
2022-09-21 00:00:00-04:00,3.490000009536743,3.7300000190734863,3.430000066757202,3.6600000858306885,446900,0.0,0.0
2022-09-22 00:00:00-04:00,3.619999885559082,3.7799999713897705,3.2799999713897705,3.380000114440918,1863800,0.0,0.0
2022-09-23 00:00:00-04:00,3.319999933242798,3.5,3.299999952316284,3.4700000286102295,520300,0.0,0.0
2022-09-26 00:00:00-04:00,3.4800000190734863,3.5999999046325684,3.4700000286102295,3.559999942779541,218100,0.0,0.0
2022-09-27 00:00:00-04:00,3.5299999713897705,3.809999942779541,3.509999990463257,3.7200000286102295,304100,0.0,0.0
2022-09-28 00:00:00-04:00,3.7200000286102295,3.9100000858306885,3.6600000858306885,3.859999895095825,413100,0.0,0.0
2022-09-29 00:00:00-04:00,3.8499999046325684,3.9000000953674316,3.490000009536743,3.799999952316284,1941500,0.0,0.0
2022-09-30 00:00:00-04:00,3.7699999809265137,3.890000104904175,3.4600000381469727,3.5199999809265137,940500,0.0,0.0
2022-10-03 00:00:00-04:00,3.5299999713897705,3.880000114440918,3.4600000381469727,3.859999895095825,426700,0.0,0.0
2022-10-04 00:00:00-04:00,3.880000114440918,3.9800000190734863,3.799999952316284,3.930000066757202,576500,0.0,0.0
2022-10-05 00:00:00-04:00,3.869999885559082,3.9800000190734863,3.7200000286102295,3.930000066757202,2271600,0.0,0.0
2022-10-06 00:00:00-04:00,3.869999885559082,4.010000228881836,3.799999952316284,4.010000228881836,644700,0.0,0.0
2022-10-07 00:00:00-04:00,3.930000066757202,3.950000047683716,3.7899999618530273,3.9000000953674316,627900,0.0,0.0
2022-10-10 00:00:00-04:00,3.869999885559082,4.170000076293945,3.700000047683716,3.819999933242798,833300,0.0,0.0
2022-10-11 00:00:00-04:00,3.7899999618530273,3.8499999046325684,3.619999885559082,3.809999942779541,375700,0.0,0.0
2022-10-12 00:00:00-04:00,3.809999942779541,4.010000228881836,3.690000057220459,3.9100000858306885,666500,0.0,0.0
2022-10-13 00:00:00-04:00,3.8499999046325684,4.110000133514404,3.7200000286102295,4.059999942779541,379700,0.0,0.0
2022-10-14 00:00:00-04:00,4.110000133514404,4.150000095367432,3.759999990463257,3.809999942779541,321000,0.0,0.0
2022-10-17 00:00:00-04:00,3.8399999141693115,4.070000171661377,3.8399999141693115,4.019999980926514,623900,0.0,0.0
2022-10-18 00:00:00-04:00,4.070000171661377,4.150000095367432,3.880000114440918,3.950000047683716,330100,0.0,0.0
2022-10-19 00:00:00-04:00,3.930000066757202,3.940000057220459,3.7799999713897705,3.8499999046325684,184600,0.0,0.0
2022-10-20 00:00:00-04:00,3.859999895095825,3.9600000381469727,3.7899999618530273,3.859999895095825,219400,0.0,0.0
2022-10-21 00:00:00-04:00,3.9000000953674316,3.950000047683716,3.799999952316284,3.950000047683716,174700,0.0,0.0
2022-10-24 00:00:00-04:00,3.950000047683716,4.03000020980835,3.809999942779541,3.9600000381469727,199500,0.0,0.0
2022-10-25 00:00:00-04:00,3.9600000381469727,4.179999828338623,3.9200000762939453,4.050000190734863,290900,0.0,0.0
2022-10-26 00:00:00-04:00,4.050000190734863,4.059999942779541,3.740000009536743,3.819999933242798,837000,0.0,0.0
2022-10-27 00:00:00-04:00,3.8299999237060547,3.9000000953674316,3.7200000286102295,3.7300000190734863,240200,0.0,0.0
2022-10-28 00:00:00-04:00,3.7799999713897705,3.9100000858306885,3.640000104904175,3.859999895095825,354600,0.0,0.0
2022-10-31 00:00:00-04:00,3.8299999237060547,3.9600000381469727,3.7899999618530273,3.940000057220459,173400,0.0,0.0
2022-11-01 00:00:00-04:00,3.990000009536743,4.019999980926514,3.9000000953674316,3.9600000381469727,143400,0.0,0.0
2022-11-02 00:00:00-04:00,3.930000066757202,3.930000066757202,3.75,3.759999990463257,186000,0.0,0.0
2022-11-03 00:00:00-04:00,3.940000057220459,4.639999866485596,3.809999942779541,4.349999904632568,769600,0.0,0.0
2022-11-04 00:00:00-04:00,4.46999979019165,4.5,4.28000020980835,4.5,202800,0.0,0.0
2022-11-07 00:00:00-05:00,4.449999809265137,4.650000095367432,4.420000076293945,4.46999979019165,243900,0.0,0.0
2022-11-08 00:00:00-05:00,4.440000057220459,4.460000038146973,4.010000228881836,4.170000076293945,255800,0.0,0.0
2022-11-09 00:00:00-05:00,4.130000114440918,4.130000114440918,3.740000009536743,3.809999942779541,264700,0.0,0.0
2022-11-10 00:00:00-05:00,3.9600000381469727,4.230000019073486,3.8399999141693115,4.110000133514404,1438900,0.0,0.0
2022-11-11 00:00:00-05:00,4.110000133514404,4.349999904632568,4.0,4.239999771118164,678400,0.0,0.0
2022-11-14 00:00:00-05:00,4.21999979019165,4.25,4.099999904632568,4.150000095367432,137500,0.0,0.0
2022-11-15 00:00:00-05:00,4.110000133514404,4.46999979019165,4.090000152587891,4.320000171661377,273600,0.0,0.0
2022-11-16 00:00:00-05:00,4.269999980926514,4.28000020980835,4.139999866485596,4.230000019073486,227900,0.0,0.0
2022-11-17 00:00:00-05:00,4.159999847412109,4.28000020980835,4.079999923706055,4.239999771118164,147000,0.0,0.0
2022-11-18 00:00:00-05:00,4.340000152587891,4.340000152587891,4.159999847412109,4.25,105300,0.0,0.0
2022-11-21 00:00:00-05:00,4.25,4.25,4.0,4.070000171661377,244300,0.0,0.0
2022-11-22 00:00:00-05:00,4.090000152587891,4.159999847412109,3.9700000286102295,4.099999904632568,258600,0.0,0.0
2022-11-23 00:00:00-05:00,4.110000133514404,4.190000057220459,4.079999923706055,4.139999866485596,128400,0.0,0.0
2022-11-25 00:00:00-05:00,4.170000076293945,4.320000171661377,4.119999885559082,4.21999979019165,115400,0.0,0.0
2022-11-28 00:00:00-05:00,4.21999979019165,4.360000133514404,4.210000038146973,4.260000228881836,151400,0.0,0.0
2022-11-29 00:00:00-05:00,4.230000019073486,4.260000228881836,4.039999961853027,4.119999885559082,310900,0.0,0.0
2022-11-30 00:00:00-05:00,4.159999847412109,4.269999980926514,4.039999961853027,4.199999809265137,269500,0.0,0.0
2022-12-01 00:00:00-05:00,4.25,4.340000152587891,4.199999809265137,4.329999923706055,191400,0.0,0.0
2022-12-02 00:00:00-05:00,4.28000020980835,4.409999847412109,4.260000228881836,4.309999942779541,172400,0.0,0.0
2022-12-05 00:00:00-05:00,4.230000019073486,4.28000020980835,4.099999904632568,4.159999847412109,167800,0.0,0.0
2022-12-06 00:00:00-05:00,4.139999866485596,4.21999979019165,4.010000228881836,4.119999885559082,244800,0.0,0.0
2022-12-07 00:00:00-05:00,4.139999866485596,4.239999771118164,4.099999904632568,4.130000114440918,140700,0.0,0.0
2022-12-08 00:00:00-05:00,4.139999866485596,4.210000038146973,4.070000171661377,4.170000076293945,111600,0.0,0.0
2022-12-09 00:00:00-05:00,4.139999866485596,4.199999809265137,4.079999923706055,4.139999866485596,136600,0.0,0.0
2022-12-12 00:00:00-05:00,4.119999885559082,4.260000228881836,3.9100000858306885,4.150000095367432,385600,0.0,0.0
2022-12-13 00:00:00-05:00,4.320000171661377,4.380000114440918,4.150000095367432,4.21999979019165,184500,0.0,0.0
2022-12-14 00:00:00-05:00,4.190000057220459,4.28000020980835,4.150000095367432,4.21999979019165,300900,0.0,0.0
2022-12-15 00:00:00-05:00,4.119999885559082,4.199999809265137,3.9700000286102295,4.179999828338623,235300,0.0,0.0
2022-12-16 00:00:00-05:00,4.070000171661377,4.369999885559082,4.070000171661377,4.320000171661377,801400,0.0,0.0
2022-12-19 00:00:00-05:00,4.28000020980835,4.28000020980835,4.019999980926514,4.210000038146973,349600,0.0,0.0
2022-12-20 00:00:00-05:00,4.130000114440918,4.400000095367432,4.019999980926514,4.289999961853027,179800,0.0,0.0
2022-12-21 00:00:00-05:00,4.210000038146973,4.380000114440918,4.210000038146973,4.369999885559082,102200,0.0,0.0
2022-12-22 00:00:00-05:00,4.360000133514404,4.380000114440918,4.21999979019165,4.369999885559082,161000,0.0,0.0
2022-12-23 00:00:00-05:00,4.369999885559082,4.389999866485596,4.28000020980835,4.369999885559082,110800,0.0,0.0
2022-12-27 00:00:00-05:00,4.409999847412109,4.409999847412109,4.239999771118164,4.320000171661377,107900,0.0,0.0
2022-12-28 00:00:00-05:00,4.320000171661377,4.369999885559082,4.159999847412109,4.190000057220459,150000,0.0,0.0
2022-12-29 00:00:00-05:00,4.289999961853027,4.400000095367432,4.25,4.389999866485596,148100,0.0,0.0
2022-12-30 00:00:00-05:00,4.380000114440918,4.539999961853027,4.340000152587891,4.380000114440918,141200,0.0,0.0
2023-01-03 00:00:00-05:00,4.409999847412109,4.519999980926514,4.190000057220459,4.309999942779541,157500,0.0,0.0
2023-01-04 00:00:00-05:00,4.28000020980835,4.440000057220459,4.199999809265137,4.320000171661377,101600,0.0,0.0
2023-01-05 00:00:00-05:00,4.320000171661377,4.320000171661377,4.139999866485596,4.199999809265137,121500,0.0,0.0
2023-01-06 00:00:00-05:00,4.28000020980835,4.460000038146973,4.210000038146973,4.449999809265137,146400,0.0,0.0
2023-01-09 00:00:00-05:00,4.5,4.639999866485596,4.489999771118164,4.599999904632568,86300,0.0,0.0
2023-01-10 00:00:00-05:00,4.610000133514404,4.679999828338623,4.559999942779541,4.670000076293945,99700,0.0,0.0
2023-01-11 00:00:00-05:00,4.659999847412109,4.849999904632568,4.659999847412109,4.809999942779541,92400,0.0,0.0
2023-01-12 00:00:00-05:00,4.889999866485596,5.099999904632568,4.880000114440918,4.960000038146973,158900,0.0,0.0
2023-01-13 00:00:00-05:00,4.960000038146973,5.130000114440918,4.800000190734863,5.03000020980835,91300,0.0,0.0
2023-01-17 00:00:00-05:00,4.940000057220459,5.019999980926514,4.840000152587891,4.940000057220459,99400,0.0,0.0
2023-01-18 00:00:00-05:00,4.989999771118164,5.03000020980835,4.769999980926514,4.860000133514404,95900,0.0,0.0
2023-01-19 00:00:00-05:00,4.860000133514404,4.929999828338623,4.71999979019165,4.889999866485596,79500,0.0,0.0
2023-01-20 00:00:00-05:00,4.949999809265137,5.110000133514404,4.78000020980835,5.010000228881836,107900,0.0,0.0
2023-01-23 00:00:00-05:00,5.059999942779541,5.099999904632568,5.0,5.059999942779541,70800,0.0,0.0
2023-01-24 00:00:00-05:00,5.0,5.090000152587891,4.929999828338623,5.050000190734863,55000,0.0,0.0
2023-01-25 00:00:00-05:00,5.050000190734863,5.050000190734863,4.869999885559082,4.900000095367432,189300,0.0,0.0
2023-01-26 00:00:00-05:00,4.980000019073486,4.980000019073486,4.809999942779541,4.96999979019165,59000,0.0,0.0
2023-01-27 00:00:00-05:00,4.929999828338623,5.010000228881836,4.920000076293945,4.960000038146973,54100,0.0,0.0
2023-01-30 00:00:00-05:00,4.900000095367432,5.0,4.860000133514404,4.929999828338623,53800,0.0,0.0
2023-01-31 00:00:00-05:00,4.980000019073486,5.110000133514404,4.940000057220459,5.0,132800,0.0,0.0
2023-02-01 00:00:00-05:00,4.840000152587891,5.21999979019165,4.840000152587891,5.170000076293945,171500,0.0,0.0
2023-02-02 00:00:00-05:00,5.190000057220459,5.5,5.190000057220459,5.489999771118164,153700,0.0,0.0
2023-02-03 00:00:00-05:00,5.349999904632568,5.840000152587891,5.349999904632568,5.559999942779541,177600,0.0,0.0
2023-02-06 00:00:00-05:00,5.550000190734863,5.760000228881836,5.440000057220459,5.639999866485596,100600,0.0,0.0
2023-02-07 00:00:00-05:00,5.570000171661377,5.909999847412109,5.5,5.630000114440918,136500,0.0,0.0
2023-02-08 00:00:00-05:00,5.630000114440918,5.639999866485596,5.440000057220459,5.579999923706055,107500,0.0,0.0
2023-02-09 00:00:00-05:00,5.579999923706055,5.630000114440918,5.349999904632568,5.519999980926514,93100,0.0,0.0
2023-02-10 00:00:00-05:00,5.510000228881836,5.590000152587891,5.300000190734863,5.539999961853027,150500,0.0,0.0
2023-02-13 00:00:00-05:00,5.579999923706055,5.679999828338623,5.429999828338623,5.590000152587891,65300,0.0,0.0
2023-02-14 00:00:00-05:00,5.590000152587891,5.760000228881836,5.489999771118164,5.650000095367432,69400,0.0,0.0
2023-02-15 00:00:00-05:00,5.619999885559082,5.820000171661377,5.619999885559082,5.739999771118164,96400,0.0,0.0
2023-02-16 00:00:00-05:00,5.699999809265137,5.880000114440918,5.639999866485596,5.860000133514404,96900,0.0,0.0
2023-02-17 00:00:00-05:00,5.889999866485596,5.96999979019165,5.699999809265137,5.860000133514404,165900,0.0,0.0
2023-02-21 00:00:00-05:00,5.769999980926514,5.769999980926514,5.489999771118164,5.630000114440918,150100,0.0,0.0
2023-02-22 00:00:00-05:00,5.679999828338623,5.789999961853027,5.619999885559082,5.769999980926514,69400,0.0,0.0
2023-02-23 00:00:00-05:00,5.789999961853027,5.800000190734863,5.579999923706055,5.739999771118164,85300,0.0,0.0
2023-02-24 00:00:00-05:00,5.630000114440918,5.730000019073486,5.5,5.630000114440918,68500,0.0,0.0
2023-02-27 00:00:00-05:00,5.699999809265137,5.71999979019165,5.440000057220459,5.539999961853027,55600,0.0,0.0
2023-02-28 00:00:00-05:00,5.579999923706055,5.599999904632568,5.409999847412109,5.460000038146973,85100,0.0,0.0
2023-03-01 00:00:00-05:00,5.440000057220459,5.449999809265137,5.139999866485596,5.28000020980835,140700,0.0,0.0
2023-03-02 00:00:00-05:00,5.119999885559082,5.210000038146973,4.730000019073486,5.010000228881836,300100,0.0,0.0
2023-03-03 00:00:00-05:00,4.989999771118164,5.300000190734863,4.869999885559082,5.21999979019165,83600,0.0,0.0
2023-03-06 00:00:00-05:00,5.170000076293945,5.289999961853027,4.659999847412109,4.860000133514404,246100,0.0,0.0
2023-03-07 00:00:00-05:00,4.880000114440918,4.96999979019165,4.800000190734863,4.940000057220459,42700,0.0,0.0
2023-03-08 00:00:00-05:00,4.940000057220459,5.019999980926514,4.75,4.809999942779541,131900,0.0,0.0
2023-03-09 00:00:00-05:00,4.809999942779541,4.860000133514404,4.71999979019165,4.769999980926514,73700,0.0,0.0
2023-03-10 00:00:00-05:00,4.699999809265137,4.75,4.53000020980835,4.639999866485596,148400,0.0,0.0
2023-03-13 00:00:00-04:00,4.510000228881836,4.630000114440918,4.510000228881836,4.559999942779541,88500,0.0,0.0
2023-03-14 00:00:00-04:00,4.71999979019165,4.800000190734863,4.610000133514404,4.650000095367432,74600,0.0,0.0
2023-03-15 00:00:00-04:00,4.53000020980835,4.690000057220459,4.519999980926514,4.630000114440918,75900,0.0,0.0
2023-03-16 00:00:00-04:00,4.559999942779541,4.929999828338623,4.489999771118164,4.769999980926514,114300,0.0,0.0
2023-03-17 00:00:00-04:00,4.739999771118164,4.980000019073486,4.659999847412109,4.710000038146973,227700,0.0,0.0
2023-03-20 00:00:00-04:00,4.730000019073486,4.75,4.5,4.630000114440918,111300,0.0,0.0
2023-03-21 00:00:00-04:00,4.710000038146973,4.849999904632568,4.550000190734863,4.730000019073486,66700,0.0,0.0
2023-03-22 00:00:00-04:00,4.710000038146973,4.800000190734863,4.599999904632568,4.610000133514404,64100,0.0,0.0
2023-03-23 00:00:00-04:00,4.639999866485596,4.639999866485596,4.389999866485596,4.53000020980835,82100,0.0,0.0
2023-03-24 00:00:00-04:00,4.489999771118164,4.639999866485596,4.369999885559082,4.619999885559082,58300,0.0,0.0
2023-03-27 00:00:00-04:00,4.670000076293945,4.710000038146973,4.5,4.579999923706055,65100,0.0,0.0
2023-03-28 00:00:00-04:00,4.570000171661377,4.71999979019165,4.5,4.610000133514404,119100,0.0,0.0
2023-03-29 00:00:00-04:00,4.630000114440918,4.630000114440918,4.489999771118164,4.550000190734863,140800,0.0,0.0
2023-03-30 00:00:00-04:00,4.579999923706055,4.630000114440918,4.5,4.570000171661377,54300,0.0,0.0
2023-03-31 00:00:00-04:00,4.590000152587891,4.710000038146973,4.550000190734863,4.690000057220459,94900,0.0,0.0
2023-04-03 00:00:00-04:00,4.699999809265137,4.699999809265137,4.550000190734863,4.599999904632568,61300,0.0,0.0
2023-04-04 00:00:00-04:00,4.570000171661377,4.579999923706055,4.46999979019165,4.480000019073486,51500,0.0,0.0
2023-04-05 00:00:00-04:00,4.420000076293945,4.489999771118164,4.329999923706055,4.409999847412109,66600,0.0,0.0
2023-04-06 00:00:00-04:00,4.429999828338623,4.429999828338623,4.320000171661377,4.389999866485596,50200,0.0,0.0
2023-04-10 00:00:00-04:00,4.389999866485596,4.710000038146973,4.389999866485596,4.599999904632568,74800,0.0,0.0
2023-04-11 00:00:00-04:00,4.630000114440918,4.920000076293945,4.590000152587891,4.840000152587891,89000,0.0,0.0
2023-04-12 00:00:00-04:00,4.769999980926514,4.809999942779541,4.460000038146973,4.480000019073486,124000,0.0,0.0
2023-04-13 00:00:00-04:00,4.599999904632568,4.599999904632568,4.400000095367432,4.449999809265137,125100,0.0,0.0
2023-04-14 00:00:00-04:00,4.400000095367432,4.449999809265137,4.239999771118164,4.289999961853027,209000,0.0,0.0
2023-04-17 00:00:00-04:00,4.309999942779541,4.320000171661377,4.239999771118164,4.289999961853027,50100,0.0,0.0
2023-04-18 00:00:00-04:00,4.150000095367432,4.309999942779541,4.150000095367432,4.190000057220459,190600,0.0,0.0
2023-04-19 00:00:00-04:00,4.179999828338623,4.429999828338623,4.070000171661377,4.380000114440918,350200,0.0,0.0
2023-04-20 00:00:00-04:00,4.300000190734863,4.440000057220459,4.230000019073486,4.389999866485596,44600,0.0,0.0
2023-04-21 00:00:00-04:00,4.409999847412109,4.559999942779541,4.380000114440918,4.429999828338623,63300,0.0,0.0
2023-04-24 00:00:00-04:00,4.480000019073486,4.579999923706055,4.449999809265137,4.510000228881836,34200,0.0,0.0
2023-04-25 00:00:00-04:00,4.510000228881836,4.639999866485596,4.5,4.590000152587891,53500,0.0,0.0
2023-04-26 00:00:00-04:00,4.559999942779541,4.699999809265137,4.510000228881836,4.539999961853027,181500,0.0,0.0
2023-04-27 00:00:00-04:00,4.599999904632568,4.78000020980835,4.599999904632568,4.699999809265137,87400,0.0,0.0
2023-04-28 00:00:00-04:00,4.679999828338623,4.869999885559082,4.650000095367432,4.690000057220459,120400,0.0,0.0
2023-05-01 00:00:00-04:00,4.679999828338623,4.730000019073486,4.489999771118164,4.559999942779541,45000,0.0,0.0
2023-05-02 00:00:00-04:00,4.550000190734863,4.630000114440918,4.170000076293945,4.489999771118164,119500,0.0,0.0
2023-05-03 00:00:00-04:00,4.460000038146973,4.71999979019165,4.420000076293945,4.440000057220459,69800,0.0,0.0
2023-05-04 00:00:00-04:00,4.360000133514404,4.570000171661377,4.300000190734863,4.420000076293945,87100,0.0,0.0
2023-05-05 00:00:00-04:00,4.440000057220459,4.590000152587891,4.349999904632568,4.510000228881836,59200,0.0,0.0
2023-05-08 00:00:00-04:00,4.539999961853027,4.539999961853027,4.440000057220459,4.510000228881836,28300,0.0,0.0
2023-05-09 00:00:00-04:00,4.489999771118164,4.53000020980835,4.329999923706055,4.489999771118164,71700,0.0,0.0
2023-05-10 00:00:00-04:00,4.510000228881836,4.539999961853027,4.340000152587891,4.480000019073486,49000,0.0,0.0
2023-05-11 00:00:00-04:00,4.489999771118164,4.550000190734863,4.340000152587891,4.460000038146973,39800,0.0,0.0
2023-05-12 00:00:00-04:00,4.510000228881836,4.510000228881836,4.409999847412109,4.449999809265137,30900,0.0,0.0
2023-05-15 00:00:00-04:00,4.46999979019165,4.599999904632568,4.409999847412109,4.559999942779541,61300,0.0,0.0
2023-05-16 00:00:00-04:00,4.559999942779541,4.559999942779541,4.389999866485596,4.460000038146973,64800,0.0,0.0
2023-05-17 00:00:00-04:00,4.449999809265137,4.849999904632568,4.449999809265137,4.75,52900,0.0,0.0
2023-05-18 00:00:00-04:00,4.730000019073486,4.889999866485596,4.690000057220459,4.849999904632568,34600,0.0,0.0
2023-05-19 00:00:00-04:00,4.909999847412109,5.170000076293945,4.869999885559082,5.079999923706055,58500,0.0,0.0
2023-05-22 00:00:00-04:00,5.130000114440918,5.130000114440918,4.880000114440918,4.980000019073486,75500,0.0,0.0
2023-05-23 00:00:00-04:00,4.96999979019165,5.190000057220459,4.889999866485596,5.099999904632568,61100,0.0,0.0
2023-05-24 00:00:00-04:00,5.070000171661377,5.170000076293945,5.059999942779541,5.110000133514404,62600,0.0,0.0
2023-05-25 00:00:00-04:00,5.099999904632568,5.170000076293945,5.059999942779541,5.099999904632568,32200,0.0,0.0
2023-05-26 00:00:00-04:00,5.110000133514404,5.179999828338623,5.079999923706055,5.110000133514404,34500,0.0,0.0
2023-05-30 00:00:00-04:00,5.119999885559082,5.230000019073486,4.989999771118164,5.019999980926514,49600,0.0,0.0
2023-05-31 00:00:00-04:00,5.03000020980835,5.400000095367432,4.869999885559082,5.260000228881836,71000,0.0,0.0
2023-06-01 00:00:00-04:00,5.230000019073486,5.340000152587891,5.119999885559082,5.269999980926514,139200,0.0,0.0
2023-06-02 00:00:00-04:00,5.369999885559082,5.559999942779541,5.230000019073486,5.53000020980835,72900,0.0,0.0
2023-06-05 00:00:00-04:00,5.46999979019165,5.630000114440918,5.309999942779541,5.440000057220459,128600,0.0,0.0
2023-06-06 00:00:00-04:00,5.46999979019165,5.769999980926514,5.46999979019165,5.559999942779541,320400,0.0,0.0
2023-06-07 00:00:00-04:00,5.570000171661377,5.670000076293945,5.519999980926514,5.610000133514404,100700,0.0,0.0
2023-06-08 00:00:00-04:00,5.670000076293945,5.760000228881836,5.519999980926514,5.590000152587891,152200,0.0,0.0
2023-06-09 00:00:00-04:00,5.519999980926514,5.599999904632568,5.380000114440918,5.53000020980835,58800,0.0,0.0
2023-06-12 00:00:00-04:00,5.5,5.5,5.230000019073486,5.389999866485596,84100,0.0,0.0
2023-06-13 00:00:00-04:00,5.340000152587891,5.539999961853027,5.340000152587891,5.480000019073486,108600,0.0,0.0
2023-06-14 00:00:00-04:00,5.53000020980835,5.559999942779541,5.380000114440918,5.389999866485596,71600,0.0,0.0
2023-06-15 00:00:00-04:00,5.400000095367432,5.480000019073486,5.289999961853027,5.380000114440918,61700,0.0,0.0
2023-06-16 00:00:00-04:00,5.449999809265137,5.46999979019165,5.300000190734863,5.369999885559082,145100,0.0,0.0
2023-06-20 00:00:00-04:00,5.380000114440918,5.5,5.360000133514404,5.440000057220459,106900,0.0,0.0
2023-06-21 00:00:00-04:00,5.440000057220459,5.480000019073486,5.230000019073486,5.28000020980835,68200,0.0,0.0
2023-06-22 00:00:00-04:00,5.28000020980835,5.289999961853027,5.150000095367432,5.260000228881836,79500,0.0,0.0
2023-06-23 00:00:00-04:00,5.179999828338623,5.449999809265137,5.179999828338623,5.409999847412109,383600,0.0,0.0
2023-06-26 00:00:00-04:00,5.480000019073486,5.53000020980835,5.360000133514404,5.389999866485596,99400,0.0,0.0
2023-06-27 00:00:00-04:00,5.389999866485596,5.559999942779541,5.389999866485596,5.5,99300,0.0,0.0
2023-06-28 00:00:00-04:00,5.5,5.510000228881836,5.460000038146973,5.5,56100,0.0,0.0
2023-06-29 00:00:00-04:00,5.519999980926514,5.579999923706055,5.489999771118164,5.5,68700,0.0,0.0
2023-06-30 00:00:00-04:00,5.539999961853027,5.570000171661377,5.489999771118164,5.539999961853027,136100,0.0,0.0
2023-07-03 00:00:00-04:00,5.53000020980835,5.679999828338623,5.519999980926514,5.550000190734863,53800,0.0,0.0
2023-07-05 00:00:00-04:00,5.550000190734863,5.579999923706055,5.460000038146973,5.489999771118164,90900,0.0,0.0
2023-07-06 00:00:00-04:00,5.449999809265137,5.510000228881836,5.409999847412109,5.46999979019165,112100,0.0,0.0
2023-07-07 00:00:00-04:00,5.5,5.579999923706055,5.429999828338623,5.550000190734863,276800,0.0,0.0
2023-07-10 00:00:00-04:00,5.579999923706055,5.789999961853027,5.579999923706055,5.789999961853027,155300,0.0,0.0
2023-07-11 00:00:00-04:00,5.829999923706055,5.840000152587891,5.769999980926514,5.809999942779541,78700,0.0,0.0
2023-07-12 00:00:00-04:00,5.809999942779541,5.849999904632568,5.78000020980835,5.800000190734863,55100,0.0,0.0
2023-07-13 00:00:00-04:00,5.800000190734863,5.900000095367432,5.75,5.900000095367432,74600,0.0,0.0
2023-07-14 00:00:00-04:00,5.900000095367432,5.929999828338623,5.78000020980835,5.889999866485596,81800,0.0,0.0
2023-07-17 00:00:00-04:00,5.929999828338623,6.199999809265137,5.920000076293945,6.130000114440918,102500,0.0,0.0
2023-07-18 00:00:00-04:00,6.119999885559082,6.239999771118164,6.119999885559082,6.179999828338623,62600,0.0,0.0
2023-07-19 00:00:00-04:00,6.170000076293945,6.190000057220459,5.980000019073486,6.050000190734863,82300,0.0,0.0
2023-07-20 00:00:00-04:00,6.039999961853027,6.190000057220459,5.929999828338623,6.150000095367432,40300,0.0,0.0
2023-07-21 00:00:00-04:00,6.199999809265137,6.449999809265137,6.179999828338623,6.230000019073486,53800,0.0,0.0
2023-07-24 00:00:00-04:00,6.199999809265137,6.260000228881836,6.010000228881836,6.239999771118164,31800,0.0,0.0
2023-07-25 00:00:00-04:00,6.179999828338623,6.429999828338623,6.179999828338623,6.389999866485596,75700,0.0,0.0
2023-07-26 00:00:00-04:00,6.380000114440918,6.510000228881836,6.360000133514404,6.389999866485596,41700,0.0,0.0
2023-07-27 00:00:00-04:00,6.369999885559082,6.369999885559082,6.170000076293945,6.199999809265137,57600,0.0,0.0
2023-07-28 00:00:00-04:00,6.269999980926514,6.309999942779541,6.179999828338623,6.25,26100,0.0,0.0
2023-07-31 00:00:00-04:00,6.269999980926514,6.440000057220459,6.25,6.360000133514404,49900,0.0,0.0
2023-08-01 00:00:00-04:00,6.309999942779541,6.429999828338623,6.269999980926514,6.369999885559082,81400,0.0,0.0
2023-08-02 00:00:00-04:00,6.309999942779541,6.420000076293945,6.199999809265137,6.400000095367432,65000,0.0,0.0
2023-08-03 00:00:00-04:00,6.260000228881836,6.300000190734863,5.590000152587891,5.760000228881836,136200,0.0,0.0
2023-08-04 00:00:00-04:00,5.820000171661377,5.949999809265137,5.739999771118164,5.949999809265137,43400,0.0,0.0
2023-08-07 00:00:00-04:00,5.949999809265137,6.019999980926514,5.809999942779541,5.96999979019165,66700,0.0,0.0
2023-08-08 00:00:00-04:00,5.900000095367432,5.989999771118164,5.769999980926514,5.889999866485596,58900,0.0,0.0
2023-08-09 00:00:00-04:00,5.789999961853027,6.099999904632568,5.679999828338623,5.96999979019165,134300,0.0,0.0
2023-08-10 00:00:00-04:00,6.010000228881836,6.079999923706055,5.940000057220459,6.010000228881836,47400,0.0,0.0
2023-08-11 00:00:00-04:00,5.96999979019165,6.03000020980835,5.909999847412109,5.940000057220459,38200,0.0,0.0
2023-08-14 00:00:00-04:00,5.920000076293945,6.010000228881836,5.849999904632568,5.96999979019165,23700,0.0,0.0
2023-08-15 00:00:00-04:00,5.96999979019165,6.119999885559082,5.920000076293945,6.070000171661377,39800,0.0,0.0
2023-08-16 00:00:00-04:00,6.090000152587891,6.119999885559082,5.920000076293945,5.920000076293945,26700,0.0,0.0
2023-08-17 00:00:00-04:00,5.960000038146973,5.960000038146973,5.809999942779541,5.840000152587891,38600,0.0,0.0
2023-08-18 00:00:00-04:00,5.78000020980835,5.96999979019165,5.78000020980835,5.940000057220459,38500,0.0,0.0
2023-08-21 00:00:00-04:00,5.96999979019165,6.059999942779541,5.78000020980835,5.829999923706055,61500,0.0,0.0
2023-08-22 00:00:00-04:00,5.869999885559082,5.869999885559082,5.619999885559082,5.699999809265137,56100,0.0,0.0
2023-08-23 00:00:00-04:00,5.670000076293945,5.78000020980835,5.619999885559082,5.75,33400,0.0,0.0
2023-08-24 00:00:00-04:00,5.690000057220459,5.769999980926514,5.570000171661377,5.679999828338623,50400,0.0,0.0
2023-08-25 00:00:00-04:00,5.670000076293945,5.739999771118164,5.599999904632568,5.690000057220459,29200,0.0,0.0
2023-08-28 00:00:00-04:00,5.670000076293945,5.789999961853027,5.659999847412109,5.699999809265137,38200,0.0,0.0
2023-08-29 00:00:00-04:00,5.71999979019165,5.840000152587891,5.679999828338623,5.75,66300,0.0,0.0
2023-08-30 00:00:00-04:00,5.75,5.860000133514404,5.690000057220459,5.840000152587891,38200,0.0,0.0
2023-08-31 00:00:00-04:00,5.889999866485596,6.039999961853027,5.880000114440918,5.920000076293945,54600,0.0,0.0
2023-09-01 00:00:00-04:00,5.929999828338623,6.139999866485596,5.900000095367432,6.059999942779541,45500,0.0,0.0
2023-09-05 00:00:00-04:00,6.070000171661377,6.070000171661377,5.71999979019165,5.829999923706055,50800,0.0,0.0
2023-09-06 00:00:00-04:00,5.860000133514404,5.940000057220459,5.590000152587891,5.760000228881836,98200,0.0,0.0
2023-09-07 00:00:00-04:00,5.75,5.75,5.25,5.309999942779541,85400,0.0,0.0
2023-09-08 00:00:00-04:00,5.25,5.489999771118164,5.170000076293945,5.230000019073486,34600,0.0,0.0
2023-09-11 00:00:00-04:00,5.110000133514404,5.320000171661377,5.110000133514404,5.170000076293945,59200,0.0,0.0
2023-09-12 00:00:00-04:00,5.130000114440918,5.329999923706055,5.130000114440918,5.230000019073486,54800,0.0,0.0
2023-09-13 00:00:00-04:00,5.349999904632568,5.349999904632568,5.199999809265137,5.25,51400,0.0,0.0
2023-09-14 00:00:00-04:00,5.269999980926514,5.5,5.230000019073486,5.429999828338623,42200,0.0,0.0
2023-09-15 00:00:00-04:00,5.400000095367432,5.550000190734863,5.300000190734863,5.460000038146973,245000,0.0,0.0
2023-09-18 00:00:00-04:00,5.5,5.570000171661377,5.360000133514404,5.400000095367432,38000,0.0,0.0
2023-09-19 00:00:00-04:00,5.409999847412109,5.489999771118164,5.300000190734863,5.320000171661377,30400,0.0,0.0
2023-09-20 00:00:00-04:00,5.360000133514404,5.519999980926514,5.289999961853027,5.389999866485596,40800,0.0,0.0
2023-09-21 00:00:00-04:00,5.389999866485596,5.559999942779541,5.380000114440918,5.420000076293945,32400,0.0,0.0
2023-09-22 00:00:00-04:00,5.409999847412109,5.75,5.389999866485596,5.460000038146973,31600,0.0,0.0
2023-09-25 00:00:00-04:00,5.440000057220459,5.630000114440918,5.400000095367432,5.590000152587891,31000,0.0,0.0
2023-09-26 00:00:00-04:00,5.619999885559082,5.699999809265137,5.409999847412109,5.5,35800,0.0,0.0
2023-09-27 00:00:00-04:00,5.579999923706055,5.699999809265137,5.519999980926514,5.590000152587891,30600,0.0,0.0
2023-09-28 00:00:00-04:00,5.610000133514404,5.610000133514404,5.429999828338623,5.539999961853027,19900,0.0,0.0
2023-09-29 00:00:00-04:00,5.519999980926514,5.650000095367432,5.420000076293945,5.489999771118164,26800,0.0,0.0
2023-10-02 00:00:00-04:00,5.429999828338623,5.590000152587891,5.400000095367432,5.46999979019165,28200,0.0,0.0
2023-10-03 00:00:00-04:00,5.489999771118164,5.5,5.159999847412109,5.230000019073486,34400,0.0,0.0
2023-10-04 00:00:00-04:00,5.230000019073486,5.449999809265137,5.159999847412109,5.340000152587891,47500,0.0,0.0
2023-10-05 00:00:00-04:00,5.289999961853027,5.329999923706055,5.230000019073486,5.230000019073486,57700,0.0,0.0
2023-10-06 00:00:00-04:00,5.230000019073486,5.349999904632568,5.170000076293945,5.300000190734863,27000,0.0,0.0
2023-10-09 00:00:00-04:00,5.21999979019165,5.480000019073486,4.980000019073486,5.289999961853027,24300,0.0,0.0
2023-10-10 00:00:00-04:00,5.239999771118164,5.380000114440918,5.190000057220459,5.25,38900,0.0,0.0
2023-10-11 00:00:00-04:00,5.190000057220459,5.429999828338623,5.139999866485596,5.150000095367432,30500,0.0,0.0
2023-10-12 00:00:00-04:00,5.179999828338623,5.360000133514404,5.119999885559082,5.170000076293945,35000,0.0,0.0
2023-10-13 00:00:00-04:00,5.309999942779541,5.309999942779541,4.980000019073486,5.099999904632568,16600,0.0,0.0
2023-10-16 00:00:00-04:00,5.130000114440918,5.190000057220459,5.010000228881836,5.119999885559082,54900,0.0,0.0
2023-10-17 00:00:00-04:00,5.150000095367432,5.5,5.150000095367432,5.269999980926514,93700,0.0,0.0
2023-10-18 00:00:00-04:00,5.239999771118164,5.329999923706055,5.059999942779541,5.059999942779541,29900,0.0,0.0
2023-10-19 00:00:00-04:00,5.079999923706055,5.269999980926514,5.079999923706055,5.139999866485596,28800,0.0,0.0
2023-10-20 00:00:00-04:00,5.150000095367432,5.269999980926514,5.150000095367432,5.269999980926514,65900,0.0,0.0
2023-10-23 00:00:00-04:00,5.230000019073486,5.260000228881836,5.039999961853027,5.070000171661377,26100,0.0,0.0
2023-10-24 00:00:00-04:00,5.090000152587891,5.21999979019165,5.0,5.130000114440918,24800,0.0,0.0
2023-10-25 00:00:00-04:00,5.010000228881836,5.110000133514404,4.900000095367432,4.949999809265137,31600,0.0,0.0
2023-10-26 00:00:00-04:00,4.980000019073486,5.039999961853027,4.820000171661377,4.849999904632568,38700,0.0,0.0
2023-10-27 00:00:00-04:00,4.900000095367432,5.099999904632568,4.820000171661377,4.860000133514404,32200,0.0,0.0
2023-10-30 00:00:00-04:00,4.760000228881836,5.179999828338623,4.329999923706055,5.150000095367432,194800,0.0,0.0
2023-10-31 00:00:00-04:00,5.150000095367432,5.5,5.010000228881836,5.489999771118164,173000,0.0,0.0
2023-11-01 00:00:00-04:00,5.300000190734863,5.429999828338623,5.199999809265137,5.269999980926514,57200,0.0,0.0
2023-11-02 00:00:00-04:00,4.940000057220459,5.5,4.619999885559082,5.420000076293945,80200,0.0,0.0
2023-11-03 00:00:00-04:00,5.5,5.5,5.050000190734863,5.349999904632568,40900,0.0,0.0
2023-11-06 00:00:00-05:00,5.28000020980835,5.389999866485596,5.090000152587891,5.309999942779541,108300,0.0,0.0
2023-11-07 00:00:00-05:00,5.309999942779541,5.5,5.070000171661377,5.46999979019165,50700,0.0,0.0
2023-11-08 00:00:00-05:00,5.46999979019165,5.46999979019165,5.239999771118164,5.409999847412109,64800,0.0,0.0
2023-11-09 00:00:00-05:00,5.400000095367432,5.449999809265137,5.139999866485596,5.340000152587891,74200,0.0,0.0
2023-11-10 00:00:00-05:00,5.380000114440918,5.610000133514404,5.28000020980835,5.599999904632568,108100,0.0,0.0
2023-11-13 00:00:00-05:00,5.599999904632568,5.670000076293945,5.400000095367432,5.46999979019165,60600,0.0,0.0
2023-11-14 00:00:00-05:00,5.650000095367432,6.010000228881836,5.550000190734863,6.010000228881836,66300,0.0,0.0
2023-11-15 00:00:00-05:00,6.0,6.340000152587891,6.0,6.28000020980835,84400,0.0,0.0
2023-11-16 00:00:00-05:00,6.300000190734863,6.400000095367432,6.159999847412109,6.360000133514404,57300,0.0,0.0
2023-11-17 00:00:00-05:00,6.400000095367432,6.5,6.230000019073486,6.300000190734863,100300,0.0,0.0
2023-11-20 00:00:00-05:00,6.340000152587891,6.5,6.21999979019165,6.400000095367432,37300,0.0,0.0
2023-11-21 00:00:00-05:00,6.269999980926514,6.449999809265137,6.170000076293945,6.230000019073486,48500,0.0,0.0
2023-11-22 00:00:00-05:00,6.320000171661377,6.489999771118164,6.210000038146973,6.380000114440918,38700,0.0,0.0
2023-11-24 00:00:00-05:00,6.320000171661377,6.619999885559082,6.289999961853027,6.46999979019165,26000,0.0,0.0
2023-11-27 00:00:00-05:00,6.420000076293945,6.5,6.159999847412109,6.369999885559082,29400,0.0,0.0
2023-11-28 00:00:00-05:00,6.369999885559082,6.5,6.269999980926514,6.340000152587891,52900,0.0,0.0
2023-11-29 00:00:00-05:00,6.429999828338623,6.539999961853027,6.090000152587891,6.489999771118164,72200,0.0,0.0
2023-11-30 00:00:00-05:00,6.489999771118164,6.789999961853027,6.340000152587891,6.75,149600,0.0,0.0
2023-12-01 00:00:00-05:00,6.800000190734863,6.800000190734863,6.380000114440918,6.599999904632568,108300,0.0,0.0
2023-12-04 00:00:00-05:00,6.599999904632568,6.989999771118164,6.570000171661377,6.909999847412109,59600,0.0,0.0
2023-12-05 00:00:00-05:00,6.900000095367432,6.900000095367432,6.679999828338623,6.809999942779541,32200,0.0,0.0
2023-12-06 00:00:00-05:00,6.800000190734863,6.889999866485596,6.590000152587891,6.590000152587891,31100,0.0,0.0
2023-12-07 00:00:00-05:00,6.639999866485596,6.699999809265137,6.46999979019165,6.539999961853027,32800,0.0,0.0
2023-12-08 00:00:00-05:00,6.539999961853027,6.889999866485596,6.400000095367432,6.829999923706055,65500,0.0,0.0
2023-12-11 00:00:00-05:00,6.800000190734863,6.900000095367432,6.429999828338623,6.760000228881836,55300,0.0,0.0
2023-12-12 00:00:00-05:00,6.75,6.800000190734863,6.440000057220459,6.599999904632568,87300,0.0,0.0
2023-12-13 00:00:00-05:00,6.659999847412109,6.96999979019165,6.550000190734863,6.869999885559082,105000,0.0,0.0
2023-12-14 00:00:00-05:00,6.869999885559082,7.019999980926514,6.710000038146973,6.96999979019165,162900,0.0,0.0
2023-12-15 00:00:00-05:00,7.059999942779541,7.289999961853027,6.809999942779541,7.010000228881836,254200,0.0,0.0
2023-12-18 00:00:00-05:00,7.010000228881836,7.289999961853027,6.949999809265137,7.0,131200,0.0,0.0
2023-12-19 00:00:00-05:00,7.0,7.0,6.929999828338623,7.0,60400,0.0,0.0
2023-12-20 00:00:00-05:00,7.0,7.5,7.0,7.159999847412109,140900,0.0,0.0
2023-12-21 00:00:00-05:00,7.25,7.260000228881836,7.0,7.21999979019165,139300,0.0,0.0
2023-12-22 00:00:00-05:00,7.25,7.46999979019165,6.920000076293945,7.440000057220459,168200,0.0,0.0
2023-12-26 00:00:00-05:00,7.400000095367432,7.5,7.289999961853027,7.5,62400,0.0,0.0
2023-12-27 00:00:00-05:00,7.420000076293945,7.670000076293945,7.389999866485596,7.5,135300,0.0,0.0
2023-12-28 00:00:00-05:00,7.420000076293945,7.5,7.369999885559082,7.409999847412109,61600,0.0,0.0
2023-12-29 00:00:00-05:00,7.440000057220459,7.489999771118164,7.28000020980835,7.360000133514404,46900,0.0,0.0
2024-01-02 00:00:00-05:00,7.360000133514404,7.389999866485596,7.210000038146973,7.269999980926514,42000,0.0,0.0
2024-01-03 00:00:00-05:00,7.300000190734863,7.300000190734863,6.860000133514404,6.909999847412109,50900,0.0,0.0
2024-01-04 00:00:00-05:00,6.960000038146973,7.059999942779541,6.829999923706055,6.849999904632568,51200,0.0,0.0
2024-01-05 00:00:00-05:00,6.800000190734863,7.070000171661377,6.730000019073486,6.840000152587891,53100,0.0,0.0
2024-01-08 00:00:00-05:00,6.710000038146973,7.0,6.699999809265137,6.949999809265137,25900,0.0,0.0
2024-01-09 00:00:00-05:00,6.840000152587891,6.960000038146973,6.78000020980835,6.800000190734863,23700,0.0,0.0
2024-01-10 00:00:00-05:00,6.75,7.059999942779541,6.75,7.010000228881836,42800,0.0,0.0
2024-01-11 00:00:00-05:00,6.929999828338623,7.03000020980835,6.53000020980835,6.989999771118164,102300,0.0,0.0
2024-01-12 00:00:00-05:00,7.070000171661377,7.070000171661377,6.880000114440918,7.010000228881836,40300,0.0,0.0
2024-01-16 00:00:00-05:00,6.889999866485596,7.070000171661377,6.849999904632568,7.019999980926514,53200,0.0,0.0
2024-01-17 00:00:00-05:00,6.900000095367432,7.099999904632568,6.840000152587891,6.909999847412109,29300,0.0,0.0
2024-01-18 00:00:00-05:00,6.940000057220459,7.019999980926514,6.800000190734863,6.980000019073486,28700,0.0,0.0
2024-01-19 00:00:00-05:00,7.050000190734863,7.110000133514404,6.929999828338623,7.070000171661377,37700,0.0,0.0
2024-01-22 00:00:00-05:00,7.090000152587891,7.159999847412109,6.860000133514404,7.050000190734863,72600,0.0,0.0
2024-01-23 00:00:00-05:00,7.139999866485596,7.139999866485596,6.670000076293945,6.739999771118164,52000,0.0,0.0
2024-01-24 00:00:00-05:00,6.829999923706055,6.929999828338623,6.650000095367432,6.730000019073486,40500,0.0,0.0
2024-01-25 00:00:00-05:00,6.849999904632568,6.929999828338623,6.550000190734863,6.659999847412109,96800,0.0,0.0
2024-01-26 00:00:00-05:00,6.690000057220459,6.739999771118164,6.440000057220459,6.639999866485596,54300,0.0,0.0
2024-01-29 00:00:00-05:00,6.659999847412109,6.659999847412109,6.380000114440918,6.489999771118164,49900,0.0,0.0
2024-01-30 00:00:00-05:00,6.420000076293945,6.579999923706055,6.409999847412109,6.570000171661377,77900,0.0,0.0
2024-01-31 00:00:00-05:00,6.5,6.579999923706055,6.440000057220459,6.489999771118164,103800,0.0,0.0
2024-02-01 00:00:00-05:00,6.539999961853027,6.559999942779541,6.199999809265137,6.320000171661377,261800,0.0,0.0
2024-02-02 00:00:00-05:00,6.150000095367432,6.429999828338623,6.150000095367432,6.300000190734863,143700,0.0,0.0
2024-02-05 00:00:00-05:00,6.309999942779541,6.369999885559082,6.199999809265137,6.289999961853027,35700,0.0,0.0
2024-02-06 00:00:00-05:00,6.260000228881836,6.369999885559082,6.210000038146973,6.28000020980835,16000,0.0,0.0
2024-02-07 00:00:00-05:00,6.300000190734863,6.389999866485596,6.210000038146973,6.360000133514404,40800,0.0,0.0
2024-02-08 00:00:00-05:00,6.369999885559082,6.460000038146973,6.25,6.28000020980835,22800,0.0,0.0
2024-02-09 00:00:00-05:00,6.25,6.519999980926514,6.199999809265137,6.449999809265137,48300,0.0,0.0
2024-02-12 00:00:00-05:00,6.349999904632568,6.519999980926514,6.349999904632568,6.449999809265137,242800,0.0,0.0
2024-02-13 00:00:00-05:00,6.28000020980835,6.429999828338623,6.119999885559082,6.170000076293945,89600,0.0,0.0
2024-02-14 00:00:00-05:00,6.230000019073486,6.400000095367432,6.170000076293945,6.369999885559082,47200,0.0,0.0
2024-02-15 00:00:00-05:00,6.449999809265137,6.940000057220459,6.340000152587891,6.920000076293945,597600,0.0,0.0
2024-02-16 00:00:00-05:00,6.989999771118164,7.0,6.760000228881836,6.880000114440918,178800,0.0,0.0
2024-02-20 00:00:00-05:00,6.880000114440918,6.900000095367432,6.53000020980835,6.579999923706055,188900,0.0,0.0
2024-02-21 00:00:00-05:00,6.619999885559082,6.829999923706055,6.480000019073486,6.510000228881836,194000,0.0,0.0
2024-02-22 00:00:00-05:00,6.46999979019165,6.710000038146973,6.349999904632568,6.46999979019165,187500,0.0,0.0
2024-02-23 00:00:00-05:00,6.46999979019165,6.659999847412109,6.389999866485596,6.599999904632568,180000,0.0,0.0
2024-02-26 00:00:00-05:00,6.630000114440918,6.840000152587891,6.599999904632568,6.800000190734863,144500,0.0,0.0
2024-02-27 00:00:00-05:00,6.909999847412109,7.050000190734863,6.650000095367432,7.019999980926514,325700,0.0,0.0
2024-02-28 00:00:00-05:00,6.96999979019165,7.079999923706055,6.829999923706055,6.949999809265137,128700,0.0,0.0
2024-02-29 00:00:00-05:00,7.099999904632568,7.110000133514404,6.690000057220459,6.949999809265137,292700,0.0,0.0
2024-03-01 00:00:00-05:00,7.0,7.019999980926514,6.849999904632568,6.960000038146973,164100,0.0,0.0
2024-03-04 00:00:00-05:00,6.960000038146973,6.980000019073486,6.610000133514404,6.650000095367432,110200,0.0,0.0
2024-03-05 00:00:00-05:00,6.650000095367432,6.800000190734863,6.579999923706055,6.690000057220459,91500,0.0,0.0
2024-03-06 00:00:00-05:00,6.71999979019165,6.869999885559082,6.699999809265137,6.820000171661377,418800,0.0,0.0
2024-03-07 00:00:00-05:00,6.829999923706055,6.989999771118164,6.670000076293945,6.730000019073486,142300,0.0,0.0
2024-03-08 00:00:00-05:00,6.829999923706055,6.980000019073486,6.670000076293945,6.800000190734863,85000,0.0,0.0
2024-03-11 00:00:00-04:00,6.869999885559082,6.889999866485596,6.659999847412109,6.820000171661377,91400,0.0,0.0
2024-03-12 00:00:00-04:00,6.849999904632568,6.849999904632568,6.630000114440918,6.690000057220459,75600,0.0,0.0
2024-03-13 00:00:00-04:00,6.71999979019165,6.860000133514404,6.670000076293945,6.75,122900,0.0,0.0
2024-03-14 00:00:00-04:00,6.739999771118164,6.739999771118164,6.46999979019165,6.510000228881836,87000,0.0,0.0
2024-03-15 00:00:00-04:00,6.460000038146973,6.730000019073486,6.449999809265137,6.53000020980835,261600,0.0,0.0
2024-03-18 00:00:00-04:00,6.539999961853027,6.710000038146973,6.420000076293945,6.610000133514404,382300,0.0,0.0
2024-03-19 00:00:00-04:00,6.619999885559082,7.0,6.559999942779541,6.900000095367432,289000,0.0,0.0
2024-03-20 00:00:00-04:00,6.889999866485596,6.980000019073486,6.690000057220459,6.929999828338623,219700,0.0,0.0
2024-03-21 00:00:00-04:00,6.949999809265137,7.070000171661377,6.869999885559082,7.0,428500,0.0,0.0
2024-03-22 00:00:00-04:00,7.0,7.0,6.840000152587891,6.989999771118164,146000,0.0,0.0
2024-03-25 00:00:00-04:00,7.039999961853027,7.179999828338623,6.949999809265137,6.96999979019165,67800,0.0,0.0
2024-03-26 00:00:00-04:00,7.059999942779541,7.059999942779541,6.929999828338623,6.960000038146973,70200,0.0,0.0
2024-03-27 00:00:00-04:00,6.940000057220459,7.010000228881836,6.900000095367432,6.96999979019165,71200,0.0,0.0
2024-03-28 00:00:00-04:00,7.0,7.130000114440918,6.940000057220459,7.03000020980835,395600,0.0,0.0
2024-04-01 00:00:00-04:00,7.099999904632568,7.099999904632568,6.909999847412109,6.980000019073486,141400,0.0,0.0
2024-04-02 00:00:00-04:00,6.96999979019165,6.96999979019165,6.739999771118164,6.889999866485596,99300,0.0,0.0
2024-04-03 00:00:00-04:00,6.860000133514404,7.0,6.760000228881836,6.980000019073486,167500,0.0,0.0
2024-04-04 00:00:00-04:00,7.110000133514404,7.110000133514404,6.889999866485596,6.940000057220459,112600,0.0,0.0
2024-04-05 00:00:00-04:00,6.900000095367432,7.099999904632568,6.829999923706055,6.940000057220459,121600,0.0,0.0
2024-04-08 00:00:00-04:00,6.949999809265137,7.019999980926514,6.909999847412109,7.0,54500,0.0,0.0
2024-04-09 00:00:00-04:00,7.0,7.070000171661377,6.980000019073486,7.0,104700,0.0,0.0
2024-04-10 00:00:00-04:00,6.869999885559082,6.980000019073486,6.760000228881836,6.849999904632568,108000,0.0,0.0
2024-04-11 00:00:00-04:00,6.829999923706055,6.960000038146973,6.75,6.889999866485596,89600,0.0,0.0
2024-04-12 00:00:00-04:00,6.840000152587891,7.099999904632568,6.840000152587891,6.929999828338623,83300,0.0,0.0
2024-04-15 00:00:00-04:00,7.0,7.0,6.760000228881836,6.840000152587891,79300,0.0,0.0
2024-04-16 00:00:00-04:00,6.769999980926514,6.78000020980835,6.579999923706055,6.730000019073486,106300,0.0,0.0
2024-04-17 00:00:00-04:00,6.769999980926514,6.769999980926514,6.489999771118164,6.650000095367432,104800,0.0,0.0
2024-04-18 00:00:00-04:00,6.71999979019165,6.71999979019165,6.46999979019165,6.5,94000,0.0,0.0
2024-04-19 00:00:00-04:00,6.46999979019165,6.519999980926514,6.179999828338623,6.340000152587891,114600,0.0,0.0
2024-04-22 00:00:00-04:00,6.400000095367432,6.440000057220459,6.289999961853027,6.380000114440918,168100,0.0,0.0
2024-04-23 00:00:00-04:00,6.400000095367432,6.659999847412109,6.400000095367432,6.650000095367432,70200,0.0,0.0
2024-04-24 00:00:00-04:00,6.650000095367432,6.730000019073486,6.440000057220459,6.440000057220459,53800,0.0,0.0
2024-04-25 00:00:00-04:00,6.369999885559082,6.389999866485596,6.309999942779541,6.349999904632568,50500,0.0,0.0
2024-04-26 00:00:00-04:00,6.360000133514404,6.519999980926514,6.329999923706055,6.5,40000,0.0,0.0
2024-04-29 00:00:00-04:00,6.550000190734863,6.699999809265137,6.550000190734863,6.690000057220459,48300,0.0,0.0
2024-04-30 00:00:00-04:00,6.679999828338623,6.869999885559082,6.619999885559082,6.71999979019165,93400,0.0,0.0
2024-05-01 00:00:00-04:00,6.75,6.980000019073486,6.71999979019165,6.869999885559082,78200,0.0,0.0
2024-05-02 00:00:00-04:00,6.909999847412109,6.909999847412109,6.670000076293945,6.739999771118164,73800,0.0,0.0
2024-05-03 00:00:00-04:00,6.900000095367432,7.0,6.829999923706055,6.940000057220459,47400,0.0,0.0
2024-05-06 00:00:00-04:00,7.090000152587891,7.099999904632568,6.96999979019165,7.03000020980835,68300,0.0,0.0
2024-05-07 00:00:00-04:00,6.989999771118164,7.019999980926514,6.860000133514404,6.880000114440918,55500,0.0,0.0
2024-05-08 00:00:00-04:00,6.800000190734863,6.880000114440918,6.710000038146973,6.860000133514404,50000,0.0,0.0
2024-05-09 00:00:00-04:00,6.989999771118164,6.989999771118164,6.679999828338623,6.71999979019165,88300,0.0,0.0
2024-05-10 00:00:00-04:00,6.710000038146973,6.760000228881836,6.489999771118164,6.679999828338623,74100,0.0,0.0
2024-05-13 00:00:00-04:00,6.739999771118164,6.809999942779541,6.679999828338623,6.679999828338623,44600,0.0,0.0
2024-05-14 00:00:00-04:00,6.75,6.769999980926514,6.679999828338623,6.75,47400,0.0,0.0
2024-05-15 00:00:00-04:00,6.809999942779541,6.820000171661377,6.559999942779541,6.590000152587891,71900,0.0,0.0
2024-05-16 00:00:00-04:00,6.579999923706055,6.579999923706055,6.360000133514404,6.389999866485596,39700,0.0,0.0
2024-05-17 00:00:00-04:00,6.409999847412109,6.510000228881836,6.349999904632568,6.480000019073486,57300,0.0,0.0
2024-05-20 00:00:00-04:00,6.489999771118164,6.489999771118164,6.059999942779541,6.289999961853027,198400,0.0,0.0
2024-05-21 00:00:00-04:00,6.300000190734863,6.420000076293945,6.139999866485596,6.340000152587891,123100,0.0,0.0
2024-05-22 00:00:00-04:00,6.329999923706055,6.460000038146973,6.25,6.400000095367432,80600,0.0,0.0
2024-05-23 00:00:00-04:00,6.460000038146973,6.5,6.260000228881836,6.380000114440918,67900,0.0,0.0
2024-05-24 00:00:00-04:00,6.409999847412109,6.579999923706055,6.380000114440918,6.559999942779541,91500,0.0,0.0
2024-05-28 00:00:00-04:00,6.630000114440918,6.650000095367432,6.429999828338623,6.579999923706055,70300,0.0,0.0
2024-05-29 00:00:00-04:00,6.510000228881836,6.630000114440918,6.300000190734863,6.340000152587891,89200,0.0,0.0
2024-05-30 00:00:00-04:00,6.400000095367432,6.440000057220459,6.309999942779541,6.400000095367432,60100,0.0,0.0
2024-05-31 00:00:00-04:00,6.46999979019165,6.610000133514404,6.369999885559082,6.599999904632568,57500,0.0,0.0
2024-06-03 00:00:00-04:00,6.71999979019165,6.78000020980835,6.619999885559082,6.75,60300,0.0,0.0
2024-06-04 00:00:00-04:00,6.739999771118164,6.75,6.46999979019165,6.659999847412109,69900,0.0,0.0
2024-06-05 00:00:00-04:00,6.710000038146973,6.78000020980835,6.639999866485596,6.730000019073486,98200,0.0,0.0
2024-06-06 00:00:00-04:00,6.699999809265137,6.769999980926514,6.619999885559082,6.699999809265137,49400,0.0,0.0
2024-06-07 00:00:00-04:00,6.670000076293945,6.769999980926514,6.599999904632568,6.659999847412109,61400,0.0,0.0
2024-06-10 00:00:00-04:00,6.639999866485596,6.670000076293945,6.480000019073486,6.570000171661377,142100,0.0,0.0
2024-06-11 00:00:00-04:00,6.639999866485596,6.690000057220459,6.380000114440918,6.510000228881836,58600,0.0,0.0
2024-06-12 00:00:00-04:00,6.539999961853027,6.75,6.449999809265137,6.630000114440918,88000,0.0,0.0
2024-06-13 00:00:00-04:00,6.639999866485596,6.710000038146973,6.480000019073486,6.630000114440918,75700,0.0,0.0
2024-06-14 00:00:00-04:00,6.579999923706055,6.75,6.440000057220459,6.670000076293945,104300,0.0,0.0
2024-06-17 00:00:00-04:00,6.710000038146973,6.949999809265137,6.550000190734863,6.860000133514404,138300,0.0,0.0
2024-06-18 00:00:00-04:00,6.909999847412109,7.0,6.769999980926514,6.960000038146973,150700,0.0,0.0
2024-06-20 00:00:00-04:00,6.929999828338623,7.0,6.860000133514404,6.96999979019165,70200,0.0,0.0
2024-06-21 00:00:00-04:00,6.96999979019165,7.0,6.800000190734863,6.940000057220459,209800,0.0,0.0
2024-06-24 00:00:00-04:00,6.949999809265137,7.0,6.809999942779541,6.96999979019165,146600,0.0,0.0
2024-06-25 00:00:00-04:00,6.960000038146973,7.0,6.789999961853027,6.900000095367432,94900,0.0,0.0
2024-06-26 00:00:00-04:00,6.869999885559082,6.900000095367432,6.75,6.829999923706055,113500,0.0,0.0
2024-06-27 00:00:00-04:00,6.869999885559082,6.900000095367432,6.739999771118164,6.849999904632568,70800,0.0,0.0
2024-06-28 00:00:00-04:00,6.900000095367432,7.03000020980835,6.739999771118164,6.929999828338623,519000,0.0,0.0
2024-07-01 00:00:00-04:00,6.880000114440918,6.949999809265137,6.710000038146973,6.920000076293945,99200,0.0,0.0
2024-07-02 00:00:00-04:00,6.869999885559082,6.869999885559082,6.71999979019165,6.820000171661377,75300,0.0,0.0
2024-07-03 00:00:00-04:00,6.840000152587891,7.039999961853027,6.829999923706055,6.989999771118164,52100,0.0,0.0
2024-07-05 00:00:00-04:00,6.949999809265137,6.96999979019165,6.5,6.789999961853027,234600,0.0,0.0
2024-07-08 00:00:00-04:00,6.889999866485596,6.889999866485596,6.699999809265137,6.800000190734863,67300,0.0,0.0
2024-07-09 00:00:00-04:00,6.800000190734863,6.949999809265137,6.739999771118164,6.829999923706055,60300,0.0,0.0
2024-07-10 00:00:00-04:00,6.840000152587891,6.929999828338623,6.75,6.889999866485596,43700,0.0,0.0
2024-07-11 00:00:00-04:00,7.03000020980835,7.25,6.989999771118164,7.239999771118164,140300,0.0,0.0
2024-07-12 00:00:00-04:00,7.25,7.5,7.170000076293945,7.199999809265137,164300,0.0,0.0
2024-07-15 00:00:00-04:00,7.260000228881836,7.329999923706055,7.150000095367432,7.179999828338623,109400,0.0,0.0
2024-07-16 00:00:00-04:00,7.25,7.349999904632568,7.179999828338623,7.230000019073486,168400,0.0,0.0
2024-07-17 00:00:00-04:00,7.179999828338623,7.320000171661377,7.170000076293945,7.199999809265137,96800,0.0,0.0
2024-07-18 00:00:00-04:00,7.159999847412109,7.239999771118164,6.96999979019165,7.0,120900,0.0,0.0
2024-07-19 00:00:00-04:00,7.050000190734863,7.099999904632568,6.949999809265137,6.980000019073486,61900,0.0,0.0
2024-07-22 00:00:00-04:00,6.949999809265137,7.110000133514404,6.909999847412109,7.050000190734863,145200,0.0,0.0
2024-07-23 00:00:00-04:00,7.03000020980835,7.159999847412109,6.989999771118164,7.039999961853027,162700,0.0,0.0
2024-07-24 00:00:00-04:00,7.039999961853027,7.099999904632568,6.900000095367432,6.949999809265137,78700,0.0,0.0
2024-07-25 00:00:00-04:00,6.980000019073486,7.070000171661377,6.949999809265137,7.0,99300,0.0,0.0
2024-07-26 00:00:00-04:00,7.090000152587891,7.170000076293945,6.920000076293945,7.010000228881836,83800,0.0,0.0
2024-07-29 00:00:00-04:00,6.980000019073486,7.269999980926514,6.949999809265137,7.230000019073486,61200,0.0,0.0
2024-07-30 00:00:00-04:00,7.300000190734863,7.340000152587891,7.079999923706055,7.090000152587891,70600,0.0,0.0
2024-07-31 00:00:00-04:00,7.130000114440918,7.360000133514404,7.079999923706055,7.21999979019165,181500,0.0,0.0
2024-08-01 00:00:00-04:00,7.25,7.289999961853027,6.889999866485596,6.929999828338623,90200,0.0,0.0
2024-08-02 00:00:00-04:00,6.739999771118164,6.739999771118164,6.440000057220459,6.539999961853027,62700,0.0,0.0
2024-08-05 00:00:00-04:00,6.289999961853027,6.289999961853027,6.010000228881836,6.130000114440918,98100,0.0,0.0
2024-08-06 00:00:00-04:00,6.150000095367432,6.190000057220459,6.0,6.150000095367432,64200,0.0,0.0
2024-08-07 00:00:00-04:00,6.199999809265137,6.199999809265137,5.929999828338623,6.0,58400,0.0,0.0
2024-08-08 00:00:00-04:00,5.960000038146973,6.159999847412109,5.840000152587891,6.099999904632568,69600,0.0,0.0
2024-08-09 00:00:00-04:00,6.119999885559082,6.139999866485596,5.920000076293945,6.050000190734863,55700,0.0,0.0
2024-08-12 00:00:00-04:00,6.090000152587891,6.090000152587891,5.829999923706055,5.949999809265137,56900,0.0,0.0
2024-08-13 00:00:00-04:00,6.0,6.03000020980835,5.900000095367432,5.989999771118164,30500,0.0,0.0
2024-08-14 00:00:00-04:00,5.960000038146973,5.96999979019165,5.789999961853027,5.920000076293945,44900,0.0,0.0
2024-08-15 00:00:00-04:00,6.079999923706055,6.179999828338623,6.010000228881836,6.099999904632568,54500,0.0,0.0
2024-08-16 00:00:00-04:00,6.099999904632568,6.210000038146973,6.099999904632568,6.159999847412109,41300,0.0,0.0
2024-08-19 00:00:00-04:00,6.130000114440918,6.210000038146973,6.119999885559082,6.150000095367432,16100,0.0,0.0
2024-08-20 00:00:00-04:00,6.139999866485596,6.190000057220459,5.920000076293945,5.949999809265137,64900,0.0,0.0
2024-08-21 00:00:00-04:00,6.010000228881836,6.03000020980835,5.869999885559082,5.940000057220459,34200,0.0,0.0
2024-08-22 00:00:00-04:00,5.940000057220459,5.960000038146973,5.760000228881836,5.769999980926514,17700,0.0,0.0
2024-08-23 00:00:00-04:00,5.829999923706055,6.170000076293945,5.809999942779541,6.099999904632568,51600,0.0,0.0
2024-08-26 00:00:00-04:00,6.190000057220459,6.190000057220459,6.019999980926514,6.059999942779541,39200,0.0,0.0
2024-08-27 00:00:00-04:00,5.880000114440918,6.090000152587891,5.880000114440918,6.039999961853027,26300,0.0,0.0
2024-08-28 00:00:00-04:00,6.019999980926514,6.179999828338623,5.789999961853027,6.03000020980835,54300,0.0,0.0
2024-08-29 00:00:00-04:00,6.110000133514404,6.110000133514404,6.0,6.099999904632568,54000,0.0,0.0
2024-08-30 00:00:00-04:00,6.099999904632568,6.320000171661377,6.010000228881836,6.300000190734863,58900,0.0,0.0
2024-09-03 00:00:00-04:00,6.289999961853027,6.369999885559082,6.0,6.010000228881836,92000,0.0,0.0
2024-09-04 00:00:00-04:00,6.03000020980835,6.03000020980835,5.789999961853027,5.829999923706055,40900,0.0,0.0
2024-09-05 00:00:00-04:00,5.869999885559082,5.960000038146973,5.679999828338623,5.929999828338623,49200,0.0,0.0
2024-09-06 00:00:00-04:00,5.889999866485596,6.03000020980835,5.860000133514404,5.929999828338623,83100,0.0,0.0
2024-09-09 00:00:00-04:00,5.909999847412109,6.0,5.869999885559082,5.929999828338623,43000,0.0,0.0
2024-09-10 00:00:00-04:00,5.940000057220459,6.139999866485596,5.920000076293945,6.099999904632568,37000,0.0,0.0
2024-09-11 00:00:00-04:00,6.010000228881836,6.269999980926514,6.010000228881836,6.210000038146973,51000,0.0,0.0
2024-09-12 00:00:00-04:00,6.260000228881836,6.289999961853027,6.170000076293945,6.21999979019165,28700,0.0,0.0
2024-09-13 00:00:00-04:00,6.309999942779541,6.389999866485596,6.25,6.349999904632568,44100,0.0,0.0
2024-09-16 00:00:00-04:00,6.349999904632568,6.420000076293945,6.320000171661377,6.400000095367432,36800,0.0,0.0
2024-09-17 00:00:00-04:00,6.480000019073486,6.619999885559082,6.409999847412109,6.550000190734863,45700,0.0,0.0
2024-09-18 00:00:00-04:00,6.519999980926514,6.75,6.510000228881836,6.619999885559082,75000,0.0,0.0
2024-09-19 00:00:00-04:00,6.760000228881836,6.860000133514404,6.579999923706055,6.75,56400,0.0,0.0
2024-09-20 00:00:00-04:00,6.679999828338623,6.739999771118164,6.440000057220459,6.619999885559082,233700,0.0,0.0
2024-09-23 00:00:00-04:00,6.699999809265137,6.75,6.619999885559082,6.630000114440918,36400,0.0,0.0
2024-09-24 00:00:00-04:00,6.639999866485596,6.690000057220459,6.53000020980835,6.619999885559082,40100,0.0,0.0
2024-09-25 00:00:00-04:00,6.630000114440918,6.650000095367432,6.429999828338623,6.519999980926514,58100,0.0,0.0
2024-09-26 00:00:00-04:00,6.570000171661377,6.570000171661377,6.429999828338623,6.5,81200,0.0,0.0
2024-09-27 00:00:00-04:00,6.590000152587891,6.679999828338623,6.5,6.610000133514404,46100,0.0,0.0
2024-09-30 00:00:00-04:00,6.559999942779541,6.650000095367432,6.440000057220459,6.590000152587891,54100,0.0,0.0
2024-10-01 00:00:00-04:00,6.610000133514404,6.690000057220459,6.349999904632568,6.480000019073486,49900,0.0,0.0
2024-10-02 00:00:00-04:00,6.510000228881836,6.510000228881836,6.409999847412109,6.440000057220459,24200,0.0,0.0
2024-10-03 00:00:00-04:00,6.400000095367432,6.400000095367432,6.28000020980835,6.300000190734863,33400,0.0,0.0
2024-10-04 00:00:00-04:00,6.400000095367432,6.489999771118164,6.300000190734863,6.489999771118164,52400,0.0,0.0
2024-10-07 00:00:00-04:00,6.5,6.5,6.380000114440918,6.400000095367432,22700,0.0,0.0
2024-10-08 00:00:00-04:00,6.440000057220459,6.489999771118164,6.329999923706055,6.389999866485596,44100,0.0,0.0
2024-10-09 00:00:00-04:00,6.400000095367432,6.5,6.360000133514404,6.489999771118164,35300,0.0,0.0
2024-10-10 00:00:00-04:00,6.400000095367432,6.460000038146973,6.369999885559082,6.420000076293945,29700,0.0,0.0
2024-10-11 00:00:00-04:00,6.380000114440918,6.539999961853027,6.380000114440918,6.510000228881836,39700,0.0,0.0
2024-10-14 00:00:00-04:00,6.519999980926514,6.670000076293945,6.409999847412109,6.650000095367432,41300,0.0,0.0
2024-10-15 00:00:00-04:00,6.610000133514404,6.71999979019165,6.610000133514404,6.619999885559082,42000,0.0,0.0
2024-10-16 00:00:00-04:00,6.690000057220459,6.909999847412109,6.679999828338623,6.809999942779541,37100,0.0,0.0
2024-10-17 00:00:00-04:00,6.860000133514404,6.889999866485596,6.760000228881836,6.829999923706055,26200,0.0,0.0
2024-10-18 00:00:00-04:00,6.840000152587891,6.860000133514404,6.769999980926514,6.809999942779541,43500,0.0,0.0
2024-10-21 00:00:00-04:00,6.789999961853027,6.829999923706055,6.510000228881836,6.679999828338623,56700,0.0,0.0
2024-10-22 00:00:00-04:00,6.650000095367432,6.78000020980835,6.610000133514404,6.699999809265137,27900,0.0,0.0
2024-10-23 00:00:00-04:00,6.650000095367432,6.690000057220459,6.519999980926514,6.650000095367432,57500,0.0,0.0
2024-10-24 00:00:00-04:00,6.659999847412109,6.659999847412109,6.449999809265137,6.579999923706055,55100,0.0,0.0
2024-10-25 00:00:00-04:00,6.639999866485596,6.639999866485596,6.349999904632568,6.369999885559082,19900,0.0,0.0
