Date,Open,High,Low,Close,Volume,Dividends,Stock Splits
1985-02-20 00:00:00-05:00,0.0,0.1743244131406148,0.13074330985546112,0.13074330985546112,500,0.0,0.0
1985-02-21 00:00:00-05:00,0.13074330985546112,0.13074330985546112,0.13074330985546112,0.13074330985546112,0,0.0,0.0
1985-02-22 00:00:00-05:00,0.13074330985546112,0.13074330985546112,0.13074330985546112,0.13074330985546112,0,0.0,0.0
1985-02-25 00:00:00-05:00,0.0,0.1743244131406148,0.13074330985546112,0.13074330985546112,1000,0.0,0.0
1985-02-26 00:00:00-05:00,0.13074330985546112,0.13074330985546112,0.13074330985546112,0.13074330985546112,0,0.0,0.0
1985-02-27 00:00:00-05:00,0.13074330985546112,0.13074330985546112,0.13074330985546112,0.13074330985546112,0,0.0,0.0
1985-02-28 00:00:00-05:00,0.13074330985546112,0.13074330985546112,0.13074330985546112,0.13074330985546112,0,0.0,0.0
1985-03-01 00:00:00-05:00,0.13074330985546112,0.13074330985546112,0.13074330985546112,0.13074330985546112,0,0.0,0.0
1985-03-04 00:00:00-05:00,0.0,0.21790546449747952,0.15979734063148499,0.15979734063148499,2000,0.0,0.0
1985-03-05 00:00:00-05:00,0.15979734063148499,0.15979734063148499,0.15979734063148499,0.15979734063148499,0,0.0,0.0
1985-03-06 00:00:00-05:00,0.0,0.21790546449747952,0.15979734063148499,0.15979734063148499,0,0.0,0.0
1985-03-07 00:00:00-05:00,0.0,0.21790546449747952,0.15979734063148499,0.15979734063148499,1000,0.0,0.0
1985-03-08 00:00:00-05:00,0.15979734063148499,0.15979734063148499,0.15979734063148499,0.15979734063148499,0,0.0,0.0
1985-03-11 00:00:00-05:00,0.15979734063148499,0.15979734063148499,0.15979734063148499,0.15979734063148499,0,0.0,0.0
1985-03-12 00:00:00-05:00,0.15979734063148499,0.15979734063148499,0.15979734063148499,0.15979734063148499,0,0.0,0.0
1985-03-13 00:00:00-05:00,0.15979734063148499,0.15979734063148499,0.15979734063148499,0.15979734063148499,0,0.0,0.0
1985-03-14 00:00:00-05:00,0.15979734063148499,0.15979734063148499,0.15979734063148499,0.15979734063148499,0,0.0,0.0
1985-03-15 00:00:00-05:00,0.15979734063148499,0.15979734063148499,0.15979734063148499,0.15979734063148499,0,0.0,0.0
1985-03-18 00:00:00-05:00,0.15979734063148499,0.15979734063148499,0.15979734063148499,0.15979734063148499,0,0.0,0.0
1985-03-19 00:00:00-05:00,0.15979734063148499,0.15979734063148499,0.15979734063148499,0.15979734063148499,0,0.0,0.0
1985-03-20 00:00:00-05:00,0.15979734063148499,0.15979734063148499,0.15979734063148499,0.15979734063148499,0,0.0,0.0
1985-03-21 00:00:00-05:00,0.0,0.21790551021695137,0.1743244081735611,0.1743244081735611,3000,0.0,0.0
1985-03-22 00:00:00-05:00,0.1743244081735611,0.1743244081735611,0.1743244081735611,0.1743244081735611,0,0.0,0.0
1985-03-25 00:00:00-05:00,0.1743244081735611,0.1743244081735611,0.1743244081735611,0.1743244081735611,0,0.0,0.0
1985-03-26 00:00:00-05:00,0.0,0.21790551021695137,0.1743244081735611,0.1743244081735611,100,0.0,0.0
1985-03-27 00:00:00-05:00,0.1743244081735611,0.1743244081735611,0.1743244081735611,0.1743244081735611,0,0.0,0.0
1985-03-28 00:00:00-05:00,0.0,0.21790551021695137,0.1743244081735611,0.1743244081735611,3000,0.0,0.0
1985-03-29 00:00:00-05:00,0.0,0.21790551021695137,0.1743244081735611,0.1743244081735611,3000,0.0,0.0
1985-04-01 00:00:00-05:00,0.0,0.21790551021695137,0.1743244081735611,0.1743244081735611,2000,0.0,0.0
1985-04-02 00:00:00-05:00,0.1743244081735611,0.1743244081735611,0.1743244081735611,0.1743244081735611,0,0.0,0.0
1985-04-03 00:00:00-05:00,0.1743244081735611,0.1743244081735611,0.1743244081735611,0.1743244081735611,0,0.0,0.0
1985-04-04 00:00:00-05:00,0.1743244081735611,0.1743244081735611,0.1743244081735611,0.1743244081735611,0,0.0,0.0
1985-04-08 00:00:00-05:00,0.1743244081735611,0.1743244081735611,0.1743244081735611,0.1743244081735611,0,0.0,0.0
1985-04-09 00:00:00-05:00,0.0,0.21790551021695137,0.1743244081735611,0.1743244081735611,3600,0.0,0.0
1985-04-10 00:00:00-05:00,0.1743244081735611,0.1743244081735611,0.1743244081735611,0.1743244081735611,0,0.0,0.0
1985-04-11 00:00:00-05:00,0.1743244081735611,0.1743244081735611,0.1743244081735611,0.1743244081735611,0,0.0,0.0
1985-04-12 00:00:00-05:00,0.0,0.21790546449747952,0.15979734063148499,0.15979734063148499,800,0.0,0.0
1985-04-15 00:00:00-05:00,0.15979734063148499,0.15979734063148499,0.15979734063148499,0.15979734063148499,0,0.0,0.0
1985-04-16 00:00:00-05:00,0.15979734063148499,0.15979734063148499,0.15979734063148499,0.15979734063148499,0,0.0,0.0
1985-04-17 00:00:00-05:00,0.15979734063148499,0.15979734063148499,0.15979734063148499,0.15979734063148499,0,0.0,0.0
1985-04-18 00:00:00-05:00,0.15979734063148499,0.15979734063148499,0.15979734063148499,0.15979734063148499,0,0.0,0.0
1985-04-19 00:00:00-05:00,0.15979734063148499,0.15979734063148499,0.15979734063148499,0.15979734063148499,0,0.0,0.0
1985-04-22 00:00:00-05:00,0.15979734063148499,0.15979734063148499,0.15979734063148499,0.15979734063148499,0,0.0,0.0
1985-04-23 00:00:00-05:00,0.15979734063148499,0.15979734063148499,0.15979734063148499,0.15979734063148499,0,0.0,0.0
1985-04-24 00:00:00-05:00,0.15979734063148499,0.15979734063148499,0.15979734063148499,0.15979734063148499,0,0.0,0.0
1985-04-25 00:00:00-05:00,0.0,0.21790546449747952,0.15979734063148499,0.15979734063148499,4500,0.0,0.0
1985-04-26 00:00:00-05:00,0.15979734063148499,0.15979734063148499,0.15979734063148499,0.15979734063148499,0,0.0,0.0
1985-04-29 00:00:00-04:00,0.15979734063148499,0.15979734063148499,0.15979734063148499,0.15979734063148499,0,0.0,0.0
1985-04-30 00:00:00-04:00,0.0,0.21790546449747952,0.15979734063148499,0.15979734063148499,1000,0.0,0.0
1985-05-01 00:00:00-04:00,0.15979734063148499,0.15979734063148499,0.15979734063148499,0.15979734063148499,0,0.0,0.0
1985-05-02 00:00:00-04:00,0.15979734063148499,0.15979734063148499,0.15979734063148499,0.15979734063148499,0,0.0,0.0
1985-05-03 00:00:00-04:00,0.0,0.21790551021695137,0.1743244081735611,0.1743244081735611,1400,0.0,0.0
1985-05-06 00:00:00-04:00,0.1743244081735611,0.1743244081735611,0.1743244081735611,0.1743244081735611,0,0.0,0.0
1985-05-07 00:00:00-04:00,0.1743244081735611,0.1743244081735611,0.1743244081735611,0.1743244081735611,0,0.0,0.0
1985-05-08 00:00:00-04:00,0.1743244081735611,0.1743244081735611,0.1743244081735611,0.1743244081735611,0,0.0,0.0
1985-05-09 00:00:00-04:00,0.1743244081735611,0.1743244081735611,0.1743244081735611,0.1743244081735611,0,0.0,0.0
1985-05-10 00:00:00-04:00,0.1743244081735611,0.1743244081735611,0.1743244081735611,0.1743244081735611,0,0.0,0.0
1985-05-13 00:00:00-04:00,0.1743244081735611,0.1743244081735611,0.1743244081735611,0.1743244081735611,0,0.0,0.0
1985-05-14 00:00:00-04:00,0.1743244081735611,0.1743244081735611,0.1743244081735611,0.1743244081735611,0,0.0,0.0
1985-05-15 00:00:00-04:00,0.1743244081735611,0.1743244081735611,0.1743244081735611,0.1743244081735611,0,0.0,0.0
1985-05-16 00:00:00-04:00,0.0,0.21790551021695137,0.1743244081735611,0.1743244081735611,2100,0.0,0.0
1985-05-17 00:00:00-04:00,0.1743244081735611,0.1743244081735611,0.1743244081735611,0.1743244081735611,0,0.0,0.0
1985-05-20 00:00:00-04:00,0.0,0.20337847620248795,0.1743244081735611,0.1743244081735611,1000,0.0,0.0
1985-05-21 00:00:00-04:00,0.0,0.21790551021695137,0.1743244081735611,0.1743244081735611,1000,0.0,0.0
1985-05-22 00:00:00-04:00,0.1743244081735611,0.1743244081735611,0.1743244081735611,0.1743244081735611,0,0.0,0.0
1985-05-23 00:00:00-04:00,0.0,0.21790551021695137,0.1743244081735611,0.1743244081735611,3400,0.0,0.0
1985-05-24 00:00:00-04:00,0.0,0.21790551021695137,0.1743244081735611,0.1743244081735611,700,0.0,0.0
1985-05-28 00:00:00-04:00,0.1743244081735611,0.1743244081735611,0.1743244081735611,0.1743244081735611,0,0.0,0.0
1985-05-29 00:00:00-04:00,0.1743244081735611,0.1743244081735611,0.1743244081735611,0.1743244081735611,0,0.0,0.0
1985-05-30 00:00:00-04:00,0.0,0.20337847620248795,0.1743244081735611,0.1743244081735611,300,0.0,0.0
1985-05-31 00:00:00-04:00,0.1743244081735611,0.1743244081735611,0.1743244081735611,0.1743244081735611,0,0.0,0.0
1985-06-03 00:00:00-04:00,0.0,0.20337847620248795,0.1743244081735611,0.1743244081735611,200,0.0,0.0
1985-06-04 00:00:00-04:00,0.1743244081735611,0.1743244081735611,0.1743244081735611,0.1743244081735611,0,0.0,0.0
1985-06-05 00:00:00-04:00,0.1743244081735611,0.1743244081735611,0.1743244081735611,0.1743244081735611,0,0.0,0.0
1985-06-06 00:00:00-04:00,0.1743244081735611,0.1743244081735611,0.1743244081735611,0.1743244081735611,0,0.0,0.0
1985-06-07 00:00:00-04:00,0.1743244081735611,0.1743244081735611,0.1743244081735611,0.1743244081735611,0,0.0,0.0
1985-06-10 00:00:00-04:00,0.1743244081735611,0.1743244081735611,0.1743244081735611,0.1743244081735611,0,0.0,0.0
1985-06-11 00:00:00-04:00,0.1743244081735611,0.1743244081735611,0.1743244081735611,0.1743244081735611,0,0.0,0.0
1985-06-12 00:00:00-04:00,0.1743244081735611,0.1743244081735611,0.1743244081735611,0.1743244081735611,0,0.0,0.0
1985-06-13 00:00:00-04:00,0.1743244081735611,0.1743244081735611,0.1743244081735611,0.1743244081735611,0,0.0,0.0
1985-06-14 00:00:00-04:00,0.0,0.20337847620248795,0.1743244081735611,0.1743244081735611,0,0.0,0.0
1985-06-17 00:00:00-04:00,0.1743244081735611,0.1743244081735611,0.1743244081735611,0.1743244081735611,0,0.0,0.0
1985-06-18 00:00:00-04:00,0.0,0.20337847620248795,0.1743244081735611,0.1743244081735611,200,0.0,0.0
1985-06-19 00:00:00-04:00,0.1743244081735611,0.1743244081735611,0.1743244081735611,0.1743244081735611,0,0.0,0.0
1985-06-20 00:00:00-04:00,0.1743244081735611,0.1743244081735611,0.1743244081735611,0.1743244081735611,0,0.0,0.0
1985-06-21 00:00:00-04:00,0.0,0.18885144218802452,0.1743244081735611,0.1743244081735611,7000,0.0,0.0
1985-06-24 00:00:00-04:00,0.0,0.18885144218802452,0.1743244081735611,0.1743244081735611,2500,0.0,0.0
1985-06-25 00:00:00-04:00,0.1743244081735611,0.1743244081735611,0.1743244081735611,0.1743244081735611,0,0.0,0.0
1985-06-26 00:00:00-04:00,0.1743244081735611,0.1743244081735611,0.1743244081735611,0.1743244081735611,0,0.0,0.0
1985-06-27 00:00:00-04:00,0.0,0.1888514518737793,0.14527034759521484,0.14527034759521484,3000,0.0,0.0
1985-06-28 00:00:00-04:00,0.14527034759521484,0.14527034759521484,0.14527034759521484,0.14527034759521484,0,0.0,0.0
1985-07-01 00:00:00-04:00,0.0,0.1888514518737793,0.14527034759521484,0.14527034759521484,500,0.0,0.0
1985-07-02 00:00:00-04:00,0.0,0.18885140256448224,0.15979734063148499,0.15979734063148499,500,0.0,0.0
1985-07-03 00:00:00-04:00,0.15979734063148499,0.15979734063148499,0.15979734063148499,0.15979734063148499,0,0.0,0.0
1985-07-05 00:00:00-04:00,0.15979734063148499,0.15979734063148499,0.15979734063148499,0.15979734063148499,0,0.0,0.0
1985-07-08 00:00:00-04:00,0.0,0.18885140256448224,0.15979734063148499,0.15979734063148499,200,0.0,0.0
1985-07-09 00:00:00-04:00,0.15979734063148499,0.15979734063148499,0.15979734063148499,0.15979734063148499,0,0.0,0.0
1985-07-10 00:00:00-04:00,0.15979734063148499,0.15979734063148499,0.15979734063148499,0.15979734063148499,0,0.0,0.0
1985-07-11 00:00:00-04:00,0.0,0.21790551021695137,0.1743244081735611,0.1743244081735611,6300,0.0,0.0
1985-07-12 00:00:00-04:00,0.1743244081735611,0.1743244081735611,0.1743244081735611,0.1743244081735611,0,0.0,0.0
1985-07-15 00:00:00-04:00,0.1743244081735611,0.1743244081735611,0.1743244081735611,0.1743244081735611,0,0.0,0.0
1985-07-16 00:00:00-04:00,0.1743244081735611,0.1743244081735611,0.1743244081735611,0.1743244081735611,0,0.0,0.0
1985-07-17 00:00:00-04:00,0.0,0.21790551021695137,0.1743244081735611,0.1743244081735611,1000,0.0,0.0
1985-07-18 00:00:00-04:00,0.1743244081735611,0.1743244081735611,0.1743244081735611,0.1743244081735611,0,0.0,0.0
1985-07-19 00:00:00-04:00,0.1743244081735611,0.1743244081735611,0.1743244081735611,0.1743244081735611,0,0.0,0.0
1985-07-22 00:00:00-04:00,0.0,0.21790551021695137,0.1743244081735611,0.1743244081735611,2000,0.0,0.0
1985-07-23 00:00:00-04:00,0.0,0.21790551021695137,0.1743244081735611,0.1743244081735611,1500,0.0,0.0
1985-07-24 00:00:00-04:00,0.1743244081735611,0.1743244081735611,0.1743244081735611,0.1743244081735611,0,0.0,0.0
1985-07-25 00:00:00-04:00,0.1743244081735611,0.1743244081735611,0.1743244081735611,0.1743244081735611,0,0.0,0.0
1985-07-26 00:00:00-04:00,0.0,0.21790551021695137,0.1743244081735611,0.1743244081735611,1800,0.0,0.0
1985-07-29 00:00:00-04:00,0.1743244081735611,0.1743244081735611,0.1743244081735611,0.1743244081735611,0,0.0,0.0
1985-07-30 00:00:00-04:00,0.0,0.20337847620248795,0.1743244081735611,0.1743244081735611,2700,0.0,0.0
1985-07-31 00:00:00-04:00,0.0,0.20337847620248795,0.1743244081735611,0.1743244081735611,100,0.0,0.0
1985-08-01 00:00:00-04:00,0.0,0.20337847620248795,0.1743244081735611,0.1743244081735611,100,0.0,0.0
1985-08-02 00:00:00-04:00,0.1743244081735611,0.1743244081735611,0.1743244081735611,0.1743244081735611,0,0.0,0.0
1985-08-05 00:00:00-04:00,0.1743244081735611,0.1743244081735611,0.1743244081735611,0.1743244081735611,0,0.0,0.0
1985-08-06 00:00:00-04:00,0.0,0.20337847620248795,0.1743244081735611,0.1743244081735611,1000,0.0,0.0
1985-08-07 00:00:00-04:00,0.1743244081735611,0.1743244081735611,0.1743244081735611,0.1743244081735611,0,0.0,0.0
1985-08-08 00:00:00-04:00,0.1743244081735611,0.1743244081735611,0.1743244081735611,0.1743244081735611,0,0.0,0.0
1985-08-09 00:00:00-04:00,0.1743244081735611,0.1743244081735611,0.1743244081735611,0.1743244081735611,0,0.0,0.0
1985-08-12 00:00:00-04:00,0.0,0.20337847620248795,0.1743244081735611,0.1743244081735611,7000,0.0,0.0
1985-08-13 00:00:00-04:00,0.1743244081735611,0.1743244081735611,0.1743244081735611,0.1743244081735611,0,0.0,0.0
1985-08-14 00:00:00-04:00,0.0,0.20337847620248795,0.1743244081735611,0.1743244081735611,1000,0.0,0.0
1985-08-15 00:00:00-04:00,0.1743244081735611,0.1743244081735611,0.1743244081735611,0.1743244081735611,0,0.0,0.0
1985-08-16 00:00:00-04:00,0.0,0.20337847620248795,0.1743244081735611,0.1743244081735611,4000,0.0,0.0
1985-08-19 00:00:00-04:00,0.1743244081735611,0.1743244081735611,0.1743244081735611,0.1743244081735611,0,0.0,0.0
1985-08-20 00:00:00-04:00,0.1743244081735611,0.1743244081735611,0.1743244081735611,0.1743244081735611,0,0.0,0.0
1985-08-21 00:00:00-04:00,0.1743244081735611,0.1743244081735611,0.1743244081735611,0.1743244081735611,0,0.0,0.0
1985-08-22 00:00:00-04:00,0.1743244081735611,0.1743244081735611,0.1743244081735611,0.1743244081735611,0,0.0,0.0
1985-08-23 00:00:00-04:00,0.1743244081735611,0.1743244081735611,0.1743244081735611,0.1743244081735611,0,0.0,0.0
1985-08-26 00:00:00-04:00,0.0,0.20337847620248795,0.1743244081735611,0.1743244081735611,500,0.0,0.0
1985-08-27 00:00:00-04:00,0.1743244081735611,0.1743244081735611,0.1743244081735611,0.1743244081735611,0,0.0,0.0
1985-08-28 00:00:00-04:00,0.1743244081735611,0.1743244081735611,0.1743244081735611,0.1743244081735611,0,0.0,0.0
1985-08-29 00:00:00-04:00,0.1743244081735611,0.1743244081735611,0.1743244081735611,0.1743244081735611,0,0.0,0.0
1985-08-30 00:00:00-04:00,0.1743244081735611,0.1743244081735611,0.1743244081735611,0.1743244081735611,0,0.0,0.0
1985-09-03 00:00:00-04:00,0.1743244081735611,0.1743244081735611,0.1743244081735611,0.1743244081735611,0,0.0,0.0
1985-09-04 00:00:00-04:00,0.1743244081735611,0.1743244081735611,0.1743244081735611,0.1743244081735611,0,0.0,0.0
1985-09-05 00:00:00-04:00,0.1743244081735611,0.1743244081735611,0.1743244081735611,0.1743244081735611,0,0.0,0.0
1985-09-06 00:00:00-04:00,0.1743244081735611,0.1743244081735611,0.1743244081735611,0.1743244081735611,0,0.0,0.0
1985-09-09 00:00:00-04:00,0.1743244081735611,0.1743244081735611,0.1743244081735611,0.1743244081735611,0,0.0,0.0
1985-09-10 00:00:00-04:00,0.1743244081735611,0.1743244081735611,0.1743244081735611,0.1743244081735611,0,0.0,0.0
1985-09-11 00:00:00-04:00,0.1743244081735611,0.1743244081735611,0.1743244081735611,0.1743244081735611,0,0.0,0.0
1985-09-12 00:00:00-04:00,0.0,0.20337847620248795,0.1743244081735611,0.1743244081735611,100,0.0,0.0
1985-09-13 00:00:00-04:00,0.1743244081735611,0.1743244081735611,0.1743244081735611,0.1743244081735611,0,0.0,0.0
1985-09-16 00:00:00-04:00,0.1743244081735611,0.1743244081735611,0.1743244081735611,0.1743244081735611,0,0.0,0.0
1985-09-17 00:00:00-04:00,0.0,0.20337847620248795,0.1743244081735611,0.1743244081735611,5000,0.0,0.0
1985-09-18 00:00:00-04:00,0.0,0.20337847620248795,0.1743244081735611,0.1743244081735611,500,0.0,0.0
1985-09-19 00:00:00-04:00,0.1743244081735611,0.1743244081735611,0.1743244081735611,0.1743244081735611,0,0.0,0.0
1985-09-20 00:00:00-04:00,0.1743244081735611,0.1743244081735611,0.1743244081735611,0.1743244081735611,0,0.0,0.0
1985-09-23 00:00:00-04:00,0.1743244081735611,0.1743244081735611,0.1743244081735611,0.1743244081735611,0,0.0,0.0
1985-09-24 00:00:00-04:00,0.1743244081735611,0.1743244081735611,0.1743244081735611,0.1743244081735611,0,0.0,0.0
1985-09-25 00:00:00-04:00,0.0,0.20337847620248795,0.1743244081735611,0.1743244081735611,500,0.0,0.0
1985-09-26 00:00:00-04:00,0.1743244081735611,0.1743244081735611,0.1743244081735611,0.1743244081735611,0,0.0,0.0
1985-09-30 00:00:00-04:00,0.0,0.20337847620248795,0.1743244081735611,0.1743244081735611,1300,0.0,0.0
1985-10-01 00:00:00-04:00,0.1743244081735611,0.1743244081735611,0.1743244081735611,0.1743244081735611,0,0.0,0.0
1985-10-02 00:00:00-04:00,0.1743244081735611,0.1743244081735611,0.1743244081735611,0.1743244081735611,0,0.0,0.0
1985-10-03 00:00:00-04:00,0.1743244081735611,0.1743244081735611,0.1743244081735611,0.1743244081735611,0,0.0,0.0
1985-10-04 00:00:00-04:00,0.1743244081735611,0.1743244081735611,0.1743244081735611,0.1743244081735611,0,0.0,0.0
1985-10-07 00:00:00-04:00,0.1743244081735611,0.1743244081735611,0.1743244081735611,0.1743244081735611,0,0.0,0.0
1985-10-08 00:00:00-04:00,0.1743244081735611,0.1743244081735611,0.1743244081735611,0.1743244081735611,0,0.0,0.0
1985-10-09 00:00:00-04:00,0.1743244081735611,0.1743244081735611,0.1743244081735611,0.1743244081735611,0,0.0,0.0
1985-10-10 00:00:00-04:00,0.1743244081735611,0.1743244081735611,0.1743244081735611,0.1743244081735611,0,0.0,0.0
1985-10-11 00:00:00-04:00,0.1743244081735611,0.1743244081735611,0.1743244081735611,0.1743244081735611,0,0.0,0.0
1985-10-14 00:00:00-04:00,0.0,0.20337847620248795,0.1743244081735611,0.1743244081735611,21100,0.0,0.0
1985-10-15 00:00:00-04:00,0.1743244081735611,0.1743244081735611,0.1743244081735611,0.1743244081735611,0,0.0,0.0
1985-10-16 00:00:00-04:00,0.1743244081735611,0.1743244081735611,0.1743244081735611,0.1743244081735611,0,0.0,0.0
1985-10-17 00:00:00-04:00,0.1743244081735611,0.1743244081735611,0.1743244081735611,0.1743244081735611,0,0.0,0.0
1985-10-18 00:00:00-04:00,0.0,0.20337847620248795,0.1743244081735611,0.1743244081735611,500,0.0,0.0
1985-10-21 00:00:00-04:00,0.1743244081735611,0.1743244081735611,0.1743244081735611,0.1743244081735611,0,0.0,0.0
1985-10-22 00:00:00-04:00,0.0,0.20337847620248795,0.1743244081735611,0.1743244081735611,1400,0.0,0.0
1985-10-23 00:00:00-04:00,0.1743244081735611,0.1743244081735611,0.1743244081735611,0.1743244081735611,0,0.0,0.0
1985-10-24 00:00:00-04:00,0.0,0.20337847620248795,0.1743244081735611,0.1743244081735611,0,0.0,0.0
1985-10-25 00:00:00-04:00,0.1743244081735611,0.1743244081735611,0.1743244081735611,0.1743244081735611,0,0.0,0.0
1985-10-28 00:00:00-05:00,0.1743244081735611,0.1743244081735611,0.1743244081735611,0.1743244081735611,0,0.0,0.0
1985-10-29 00:00:00-05:00,0.0,0.20337847620248795,0.1743244081735611,0.1743244081735611,500,0.0,0.0
1985-10-30 00:00:00-05:00,0.0,0.18885144218802452,0.1743244081735611,0.1743244081735611,7000,0.0,0.0
1985-10-31 00:00:00-05:00,0.1743244081735611,0.1743244081735611,0.1743244081735611,0.1743244081735611,0,0.0,0.0
1985-11-01 00:00:00-05:00,0.1743244081735611,0.1743244081735611,0.1743244081735611,0.1743244081735611,0,0.0,0.0
1985-11-04 00:00:00-05:00,0.1743244081735611,0.1743244081735611,0.1743244081735611,0.1743244081735611,0,0.0,0.0
1985-11-05 00:00:00-05:00,0.1743244081735611,0.1743244081735611,0.1743244081735611,0.1743244081735611,0,0.0,0.0
1985-11-06 00:00:00-05:00,0.1743244081735611,0.1743244081735611,0.1743244081735611,0.1743244081735611,0,0.0,0.0
1985-11-07 00:00:00-05:00,0.1743244081735611,0.1743244081735611,0.1743244081735611,0.1743244081735611,0,0.0,0.0
1985-11-08 00:00:00-05:00,0.1743244081735611,0.1743244081735611,0.1743244081735611,0.1743244081735611,0,0.0,0.0
1985-11-11 00:00:00-05:00,0.1743244081735611,0.1743244081735611,0.1743244081735611,0.1743244081735611,0,0.0,0.0
1985-11-12 00:00:00-05:00,0.1743244081735611,0.1743244081735611,0.1743244081735611,0.1743244081735611,0,0.0,0.0
1985-11-13 00:00:00-05:00,0.1743244081735611,0.1743244081735611,0.1743244081735611,0.1743244081735611,0,0.0,0.0
1985-11-14 00:00:00-05:00,0.1743244081735611,0.1743244081735611,0.1743244081735611,0.1743244081735611,0,0.0,0.0
1985-11-15 00:00:00-05:00,0.1743244081735611,0.1743244081735611,0.1743244081735611,0.1743244081735611,0,0.0,0.0
1985-11-18 00:00:00-05:00,0.0,0.20337847620248795,0.1743244081735611,0.1743244081735611,1000,0.0,0.0
1985-11-19 00:00:00-05:00,0.0,0.20337847620248795,0.1743244081735611,0.1743244081735611,300,0.0,0.0
1985-11-20 00:00:00-05:00,0.1743244081735611,0.1743244081735611,0.1743244081735611,0.1743244081735611,0,0.0,0.0
1985-11-21 00:00:00-05:00,0.1743244081735611,0.1743244081735611,0.1743244081735611,0.1743244081735611,0,0.0,0.0
1985-11-22 00:00:00-05:00,0.1743244081735611,0.1743244081735611,0.1743244081735611,0.1743244081735611,0,0.0,0.0
1985-11-25 00:00:00-05:00,0.1743244081735611,0.1743244081735611,0.1743244081735611,0.1743244081735611,0,0.0,0.0
1985-11-26 00:00:00-05:00,0.1743244081735611,0.1743244081735611,0.1743244081735611,0.1743244081735611,0,0.0,0.0
1985-11-27 00:00:00-05:00,0.1743244081735611,0.1743244081735611,0.1743244081735611,0.1743244081735611,0,0.0,0.0
1985-11-29 00:00:00-05:00,0.1743244081735611,0.1743244081735611,0.1743244081735611,0.1743244081735611,0,0.0,0.0
1985-12-02 00:00:00-05:00,0.1743244081735611,0.1743244081735611,0.1743244081735611,0.1743244081735611,0,0.0,0.0
1985-12-03 00:00:00-05:00,0.0,0.20337859254616958,0.18885155022144318,0.18885155022144318,2000,0.0,0.0
1985-12-04 00:00:00-05:00,0.0,0.21790563487089598,0.18885155022144318,0.18885155022144318,10600,0.0,0.0
1985-12-05 00:00:00-05:00,0.0,0.21790553416524616,0.20337849855422974,0.20337849855422974,1000,0.0,0.0
1985-12-06 00:00:00-05:00,0.20337849855422974,0.20337849855422974,0.20337849855422974,0.20337849855422974,0,0.0,0.0
1985-12-09 00:00:00-05:00,0.20337849855422974,0.20337849855422974,0.20337849855422974,0.20337849855422974,0,0.0,0.0
1985-12-10 00:00:00-05:00,0.20337849855422974,0.20337849855422974,0.20337849855422974,0.20337849855422974,0,0.0,0.0
1985-12-11 00:00:00-05:00,0.20337849855422974,0.20337849855422974,0.20337849855422974,0.20337849855422974,0,0.0,0.0
1985-12-12 00:00:00-05:00,0.20337849855422974,0.20337849855422974,0.20337849855422974,0.20337849855422974,0,0.0,0.0
1985-12-13 00:00:00-05:00,0.20337849855422974,0.20337849855422974,0.20337849855422974,0.20337849855422974,0,0.0,0.0
1985-12-16 00:00:00-05:00,0.20337849855422974,0.20337849855422974,0.20337849855422974,0.20337849855422974,0,0.0,0.0
1985-12-17 00:00:00-05:00,0.0,0.21790563487089598,0.18885155022144318,0.18885155022144318,1000,0.0,0.0
1985-12-18 00:00:00-05:00,0.0,0.21790553416524616,0.20337849855422974,0.20337849855422974,2100,0.0,0.0
1985-12-19 00:00:00-05:00,0.20337849855422974,0.20337849855422974,0.20337849855422974,0.20337849855422974,0,0.0,0.0
1985-12-20 00:00:00-05:00,0.0,0.21790563487089598,0.18885155022144318,0.18885155022144318,600,0.0,0.0
1985-12-23 00:00:00-05:00,0.0,0.21790563487089598,0.18885155022144318,0.18885155022144318,500,0.0,0.0
1985-12-24 00:00:00-05:00,0.0,0.21790563487089598,0.18885155022144318,0.18885155022144318,1400,0.0,0.0
1985-12-26 00:00:00-05:00,0.18885155022144318,0.18885155022144318,0.18885155022144318,0.18885155022144318,0,0.0,0.0
1985-12-27 00:00:00-05:00,0.18885155022144318,0.18885155022144318,0.18885155022144318,0.18885155022144318,0,0.0,0.0
1985-12-30 00:00:00-05:00,0.18885155022144318,0.18885155022144318,0.18885155022144318,0.18885155022144318,0,0.0,0.0
1985-12-31 00:00:00-05:00,0.18885155022144318,0.18885155022144318,0.18885155022144318,0.18885155022144318,0,0.0,0.0
1986-01-02 00:00:00-05:00,0.0,0.21790563487089598,0.18885155022144318,0.18885155022144318,2000,0.0,0.0
1986-01-03 00:00:00-05:00,0.0,0.21790563487089598,0.18885155022144318,0.18885155022144318,600,0.0,0.0
1986-01-06 00:00:00-05:00,0.18885155022144318,0.18885155022144318,0.18885155022144318,0.18885155022144318,0,0.0,0.0
1986-01-07 00:00:00-05:00,0.18885155022144318,0.18885155022144318,0.18885155022144318,0.18885155022144318,0,0.0,0.0
1986-01-08 00:00:00-05:00,0.18885155022144318,0.18885155022144318,0.18885155022144318,0.18885155022144318,0,0.0,0.0
1986-01-09 00:00:00-05:00,0.18885155022144318,0.18885155022144318,0.18885155022144318,0.18885155022144318,0,0.0,0.0
1986-01-10 00:00:00-05:00,0.0,0.21790563487089598,0.18885155022144318,0.18885155022144318,1100,0.0,0.0
1986-01-13 00:00:00-05:00,0.18885155022144318,0.18885155022144318,0.18885155022144318,0.18885155022144318,0,0.0,0.0
1986-01-14 00:00:00-05:00,0.18885155022144318,0.18885155022144318,0.18885155022144318,0.18885155022144318,0,0.0,0.0
1986-01-15 00:00:00-05:00,0.0,0.21790551021695137,0.1743244081735611,0.1743244081735611,5000,0.0,0.0
1986-01-16 00:00:00-05:00,0.1743244081735611,0.1743244081735611,0.1743244081735611,0.1743244081735611,0,0.0,0.0
1986-01-17 00:00:00-05:00,0.1743244081735611,0.1743244081735611,0.1743244081735611,0.1743244081735611,0,0.0,0.0
1986-01-20 00:00:00-05:00,0.1743244081735611,0.1743244081735611,0.1743244081735611,0.1743244081735611,0,0.0,0.0
1986-01-21 00:00:00-05:00,0.0,0.18885140256448224,0.15979734063148499,0.15979734063148499,500,0.0,0.0
1986-01-22 00:00:00-05:00,0.15979734063148499,0.15979734063148499,0.15979734063148499,0.15979734063148499,0,0.0,0.0
1986-01-23 00:00:00-05:00,0.15979734063148499,0.15979734063148499,0.15979734063148499,0.15979734063148499,0,0.0,0.0
1986-01-24 00:00:00-05:00,0.0,0.2033784335309809,0.15979734063148499,0.15979734063148499,2200,0.0,0.0
1986-01-27 00:00:00-05:00,0.0,0.18885140256448224,0.15979734063148499,0.15979734063148499,1000,0.0,0.0
1986-01-28 00:00:00-05:00,0.15979734063148499,0.15979734063148499,0.15979734063148499,0.15979734063148499,0,0.0,0.0
1986-01-29 00:00:00-05:00,0.0,0.2033784335309809,0.15979734063148499,0.15979734063148499,500,0.0,0.0
1986-01-30 00:00:00-05:00,0.15979734063148499,0.15979734063148499,0.15979734063148499,0.15979734063148499,0,0.0,0.0
1986-01-31 00:00:00-05:00,0.15979734063148499,0.15979734063148499,0.15979734063148499,0.15979734063148499,0,0.0,0.0
1986-02-03 00:00:00-05:00,0.0,0.18885140256448224,0.15979734063148499,0.15979734063148499,1000,0.0,0.0
1986-02-04 00:00:00-05:00,0.0,0.18885140256448224,0.15979734063148499,0.15979734063148499,100,0.0,0.0
1986-02-05 00:00:00-05:00,0.15979734063148499,0.15979734063148499,0.15979734063148499,0.15979734063148499,0,0.0,0.0
1986-02-06 00:00:00-05:00,0.15979734063148499,0.15979734063148499,0.15979734063148499,0.15979734063148499,0,0.0,0.0
1986-02-07 00:00:00-05:00,0.15979734063148499,0.15979734063148499,0.15979734063148499,0.15979734063148499,0,0.0,0.0
1986-02-10 00:00:00-05:00,0.0,0.18885140256448224,0.15979734063148499,0.15979734063148499,2500,0.0,0.0
1986-02-11 00:00:00-05:00,0.0,0.18885140256448224,0.15979734063148499,0.15979734063148499,1000,0.0,0.0
1986-02-12 00:00:00-05:00,0.15979734063148499,0.15979734063148499,0.15979734063148499,0.15979734063148499,0,0.0,0.0
1986-02-13 00:00:00-05:00,0.15979734063148499,0.15979734063148499,0.15979734063148499,0.15979734063148499,0,0.0,0.0
1986-02-14 00:00:00-05:00,0.0,0.20337847620248795,0.1743244081735611,0.1743244081735611,7000,0.0,0.0
1986-02-18 00:00:00-05:00,0.1743244081735611,0.1743244081735611,0.1743244081735611,0.1743244081735611,0,0.0,0.0
1986-02-19 00:00:00-05:00,0.1743244081735611,0.1743244081735611,0.1743244081735611,0.1743244081735611,0,0.0,0.0
1986-02-20 00:00:00-05:00,0.1743244081735611,0.1743244081735611,0.1743244081735611,0.1743244081735611,0,0.0,0.0
1986-02-21 00:00:00-05:00,0.1743244081735611,0.1743244081735611,0.1743244081735611,0.1743244081735611,0,0.0,0.0
1986-02-24 00:00:00-05:00,0.0,0.21790551021695137,0.1743244081735611,0.1743244081735611,1500,0.0,0.0
1986-02-25 00:00:00-05:00,0.1743244081735611,0.1743244081735611,0.1743244081735611,0.1743244081735611,0,0.0,0.0
1986-02-26 00:00:00-05:00,0.1743244081735611,0.1743244081735611,0.1743244081735611,0.1743244081735611,0,0.0,0.0
1986-02-27 00:00:00-05:00,0.1743244081735611,0.1743244081735611,0.1743244081735611,0.1743244081735611,0,0.0,0.0
1986-02-28 00:00:00-05:00,0.0,0.21790551021695137,0.1743244081735611,0.1743244081735611,1300,0.0,0.0
1986-03-03 00:00:00-05:00,0.0,0.21790563487089598,0.18885155022144318,0.18885155022144318,700,0.0,0.0
1986-03-04 00:00:00-05:00,0.0,0.21790563487089598,0.18885155022144318,0.18885155022144318,800,0.0,0.0
1986-03-05 00:00:00-05:00,0.18885155022144318,0.18885155022144318,0.18885155022144318,0.18885155022144318,0,0.0,0.0
1986-03-06 00:00:00-05:00,0.18885155022144318,0.18885155022144318,0.18885155022144318,0.18885155022144318,0,0.0,0.0
1986-03-07 00:00:00-05:00,0.18885155022144318,0.18885155022144318,0.18885155022144318,0.18885155022144318,0,0.0,0.0
1986-03-10 00:00:00-05:00,0.18885155022144318,0.18885155022144318,0.18885155022144318,0.18885155022144318,0,0.0,0.0
1986-03-11 00:00:00-05:00,0.18885155022144318,0.18885155022144318,0.18885155022144318,0.18885155022144318,0,0.0,0.0
1986-03-12 00:00:00-05:00,0.18885155022144318,0.18885155022144318,0.18885155022144318,0.18885155022144318,0,0.0,0.0
1986-03-13 00:00:00-05:00,0.0,0.21790563487089598,0.18885155022144318,0.18885155022144318,200,0.0,0.0
1986-03-14 00:00:00-05:00,0.0,0.21790553416524616,0.20337849855422974,0.20337849855422974,3000,0.0,0.0
1986-03-17 00:00:00-05:00,0.0,0.23243256977626256,0.20337849855422974,0.20337849855422974,5300,0.0,0.0
1986-03-18 00:00:00-05:00,0.20337849855422974,0.20337849855422974,0.20337849855422974,0.20337849855422974,0,0.0,0.0
1986-03-19 00:00:00-05:00,0.20337849855422974,0.20337849855422974,0.20337849855422974,0.20337849855422974,0,0.0,0.0
1986-03-20 00:00:00-05:00,0.0,0.23243256977626256,0.20337849855422974,0.20337849855422974,3000,0.0,0.0
1986-03-21 00:00:00-05:00,0.0,0.23243256977626256,0.20337849855422974,0.20337849855422974,1200,0.0,0.0
1986-03-24 00:00:00-05:00,0.20337849855422974,0.20337849855422974,0.20337849855422974,0.20337849855422974,0,0.0,0.0
1986-03-25 00:00:00-05:00,0.20337849855422974,0.20337849855422974,0.20337849855422974,0.20337849855422974,0,0.0,0.0
1986-03-26 00:00:00-05:00,0.0,0.23243260383605957,0.21790556609630585,0.21790556609630585,1200,0.0,0.0
1986-03-27 00:00:00-05:00,0.0,0.23243260383605957,0.21790556609630585,0.21790556609630585,1000,0.0,0.0
1986-03-31 00:00:00-05:00,0.21790556609630585,0.21790556609630585,0.21790556609630585,0.21790556609630585,0,0.0,0.0
1986-04-01 00:00:00-05:00,0.21790556609630585,0.21790556609630585,0.21790556609630585,0.21790556609630585,0,0.0,0.0
1986-04-02 00:00:00-05:00,0.21790556609630585,0.21790556609630585,0.21790556609630585,0.21790556609630585,0,0.0,0.0
1986-04-03 00:00:00-05:00,0.21790556609630585,0.21790556609630585,0.21790556609630585,0.21790556609630585,0,0.0,0.0
1986-04-04 00:00:00-05:00,0.21790556609630585,0.21790556609630585,0.21790556609630585,0.21790556609630585,0,0.0,0.0
1986-04-07 00:00:00-05:00,0.21790556609630585,0.21790556609630585,0.21790556609630585,0.21790556609630585,0,0.0,0.0
1986-04-08 00:00:00-05:00,0.21790556609630585,0.21790556609630585,0.21790556609630585,0.21790556609630585,0,0.0,0.0
1986-04-09 00:00:00-05:00,0.21790556609630585,0.21790556609630585,0.21790556609630585,0.21790556609630585,0,0.0,0.0
1986-04-10 00:00:00-05:00,0.21790556609630585,0.21790556609630585,0.21790556609630585,0.21790556609630585,0,0.0,0.0
1986-04-11 00:00:00-05:00,0.0,0.23243256977626256,0.20337849855422974,0.20337849855422974,1800,0.0,0.0
1986-04-14 00:00:00-05:00,0.0,0.23243256977626256,0.20337849855422974,0.20337849855422974,4000,0.0,0.0
1986-04-15 00:00:00-05:00,0.20337849855422974,0.20337849855422974,0.20337849855422974,0.20337849855422974,0,0.0,0.0
1986-04-16 00:00:00-05:00,0.20337849855422974,0.20337849855422974,0.20337849855422974,0.20337849855422974,0,0.0,0.0
1986-04-17 00:00:00-05:00,0.20337849855422974,0.20337849855422974,0.20337849855422974,0.20337849855422974,0,0.0,0.0
1986-04-18 00:00:00-05:00,0.20337849855422974,0.20337849855422974,0.20337849855422974,0.20337849855422974,0,0.0,0.0
1986-04-21 00:00:00-05:00,0.0,0.23243256977626256,0.20337849855422974,0.20337849855422974,2600,0.0,0.0
1986-04-22 00:00:00-05:00,0.20337849855422974,0.20337849855422974,0.20337849855422974,0.20337849855422974,0,0.0,0.0
1986-04-23 00:00:00-05:00,0.20337849855422974,0.20337849855422974,0.20337849855422974,0.20337849855422974,0,0.0,0.0
1986-04-24 00:00:00-05:00,0.20337849855422974,0.20337849855422974,0.20337849855422974,0.20337849855422974,0,0.0,0.0
1986-04-25 00:00:00-05:00,0.20337849855422974,0.20337849855422974,0.20337849855422974,0.20337849855422974,0,0.0,0.0
1986-04-28 00:00:00-04:00,0.20337849855422974,0.20337849855422974,0.20337849855422974,0.20337849855422974,0,0.0,0.0
1986-04-29 00:00:00-04:00,0.20337849855422974,0.20337849855422974,0.20337849855422974,0.20337849855422974,0,0.0,0.0
1986-04-30 00:00:00-04:00,0.0,0.21790563487089598,0.18885155022144318,0.18885155022144318,12600,0.0,0.0
1986-05-01 00:00:00-04:00,0.0,0.21790563487089598,0.18885155022144318,0.18885155022144318,5500,0.0,0.0
1986-05-02 00:00:00-04:00,0.0,0.21790553416524616,0.20337849855422974,0.20337849855422974,3000,0.0,0.0
1986-05-05 00:00:00-04:00,0.0,0.22516905197075435,0.20337849855422974,0.20337849855422974,500,0.0,0.0
1986-05-06 00:00:00-04:00,0.20337849855422974,0.20337849855422974,0.20337849855422974,0.20337849855422974,0,0.0,0.0
1986-05-07 00:00:00-04:00,0.0,0.21790553416524616,0.20337849855422974,0.20337849855422974,21500,0.0,0.0
1986-05-08 00:00:00-04:00,0.0,0.19611507138380638,0.18885155022144318,0.18885155022144318,5400,0.0,0.0
1986-05-09 00:00:00-04:00,0.0,0.20337859254616958,0.18885155022144318,0.18885155022144318,4000,0.0,0.0
1986-05-12 00:00:00-04:00,0.18885155022144318,0.18885155022144318,0.18885155022144318,0.18885155022144318,0,0.0,0.0
1986-05-13 00:00:00-04:00,0.0,0.20337859254616958,0.18885155022144318,0.18885155022144318,400,0.0,0.0
1986-05-14 00:00:00-04:00,0.18885155022144318,0.18885155022144318,0.18885155022144318,0.18885155022144318,0,0.0,0.0
1986-05-15 00:00:00-04:00,0.18885155022144318,0.18885155022144318,0.18885155022144318,0.18885155022144318,0,0.0,0.0
1986-05-16 00:00:00-04:00,0.18885155022144318,0.18885155022144318,0.18885155022144318,0.18885155022144318,0,0.0,0.0
1986-05-19 00:00:00-04:00,0.18885155022144318,0.18885155022144318,0.18885155022144318,0.18885155022144318,0,0.0,0.0
1986-05-20 00:00:00-04:00,0.18885155022144318,0.18885155022144318,0.18885155022144318,0.18885155022144318,0,0.0,0.0
1986-05-21 00:00:00-04:00,0.0,0.19611494826233905,0.16706088185310364,0.16706088185310364,6400,0.0,0.0
1986-05-22 00:00:00-04:00,0.0,0.23243256977626256,0.20337849855422974,0.20337849855422974,4500,0.0,0.0
1986-05-23 00:00:00-04:00,0.0,0.23243241474546236,0.21064187586307526,0.21064187586307526,2500,0.0,0.0
1986-05-27 00:00:00-04:00,0.21064187586307526,0.21064187586307526,0.21064187586307526,0.21064187586307526,0,0.0,0.0
1986-05-28 00:00:00-04:00,0.0,0.24695944066705375,0.21064187586307526,0.21064187586307526,3100,0.0,0.0
1986-05-29 00:00:00-04:00,0.0,0.25422295362784947,0.21064187586307526,0.21064187586307526,5000,0.0,0.0
1986-05-30 00:00:00-04:00,0.0,0.2614866533587056,0.22516906261444092,0.22516906261444092,1000,0.0,0.0
1986-06-02 00:00:00-04:00,0.22516906261444092,0.22516906261444092,0.22516906261444092,0.22516906261444092,0,0.0,0.0
1986-06-03 00:00:00-04:00,0.22516906261444092,0.22516906261444092,0.22516906261444092,0.22516906261444092,0,0.0,0.0
1986-06-04 00:00:00-04:00,0.22516906261444092,0.22516906261444092,0.22516906261444092,0.22516906261444092,0,0.0,0.0
1986-06-05 00:00:00-04:00,0.22516906261444092,0.22516906261444092,0.22516906261444092,0.22516906261444092,0,0.0,0.0
1986-06-06 00:00:00-04:00,0.22516906261444092,0.22516906261444092,0.22516906261444092,0.22516906261444092,0,0.0,0.0
1986-06-09 00:00:00-04:00,0.22516906261444092,0.22516906261444092,0.22516906261444092,0.22516906261444092,0,0.0,0.0
1986-06-10 00:00:00-04:00,0.22516906261444092,0.22516906261444092,0.22516906261444092,0.22516906261444092,0,0.0,0.0
1986-06-11 00:00:00-04:00,0.22516906261444092,0.22516906261444092,0.22516906261444092,0.22516906261444092,0,0.0,0.0
1986-06-12 00:00:00-04:00,0.22516906261444092,0.22516906261444092,0.22516906261444092,0.22516906261444092,0,0.0,0.0
1986-06-13 00:00:00-04:00,0.0,0.26148652844130993,0.23243246972560883,0.23243246972560883,1800,0.0,0.0
1986-06-16 00:00:00-04:00,0.23243246972560883,0.23243246972560883,0.23243246972560883,0.23243246972560883,0,0.0,0.0
1986-06-17 00:00:00-04:00,0.23243246972560883,0.23243246972560883,0.23243246972560883,0.23243246972560883,0,0.0,0.0
1986-06-18 00:00:00-04:00,0.23243246972560883,0.23243246972560883,0.23243246972560883,0.23243246972560883,0,0.0,0.0
1986-06-19 00:00:00-04:00,0.23243246972560883,0.23243246972560883,0.23243246972560883,0.23243246972560883,0,0.0,0.0
1986-06-20 00:00:00-04:00,0.23243246972560883,0.23243246972560883,0.23243246972560883,0.23243246972560883,0,0.0,0.0
1986-06-23 00:00:00-04:00,0.0,0.2614866533587056,0.22516906261444092,0.22516906261444092,1400,0.0,0.0
1986-06-24 00:00:00-04:00,0.0,0.2614866533587056,0.22516906261444092,0.22516906261444092,3000,0.0,0.0
1986-06-25 00:00:00-04:00,0.0,0.26148652844130993,0.23243246972560883,0.23243246972560883,4100,0.0,0.0
1986-06-26 00:00:00-04:00,0.0,0.26148652844130993,0.23243246972560883,0.23243246972560883,0,0.0,0.0
1986-06-27 00:00:00-04:00,0.23243246972560883,0.23243246972560883,0.23243246972560883,0.23243246972560883,0,0.0,0.0
1986-06-30 00:00:00-04:00,0.23243246972560883,0.23243246972560883,0.23243246972560883,0.23243246972560883,0,0.0,0.0
1986-07-01 00:00:00-04:00,0.0,0.26148652844130993,0.23243246972560883,0.23243246972560883,500,0.0,0.0
1986-07-02 00:00:00-04:00,0.23243246972560883,0.23243246972560883,0.23243246972560883,0.23243246972560883,0,0.0,0.0
1986-07-03 00:00:00-04:00,0.0,0.30506772299607593,0.26148661971092224,0.26148661971092224,7300,0.0,0.0
1986-07-07 00:00:00-04:00,0.0,0.30506772299607593,0.26148661971092224,0.26148661971092224,500,0.0,0.0
1986-07-08 00:00:00-04:00,0.26148661971092224,0.26148661971092224,0.26148661971092224,0.26148661971092224,0,0.0,0.0
1986-07-09 00:00:00-04:00,0.26148661971092224,0.26148661971092224,0.26148661971092224,0.26148661971092224,0,0.0,0.0
1986-07-10 00:00:00-04:00,0.0,0.30506772299607593,0.26148661971092224,0.26148661971092224,1000,0.0,0.0
1986-07-11 00:00:00-04:00,0.0,0.3050677431257148,0.27601367235183716,0.27601367235183716,1000,0.0,0.0
1986-07-14 00:00:00-04:00,0.27601367235183716,0.27601367235183716,0.27601367235183716,0.27601367235183716,0,0.0,0.0
1986-07-15 00:00:00-04:00,0.0,0.30506772299607593,0.26148661971092224,0.26148661971092224,1500,0.0,0.0
1986-07-16 00:00:00-04:00,0.0,0.2760136541393068,0.26148661971092224,0.26148661971092224,800,0.0,0.0
1986-07-17 00:00:00-04:00,0.0,0.2905405970180736,0.24695950746536255,0.24695950746536255,8000,0.0,0.0
1986-07-18 00:00:00-04:00,0.24695950746536255,0.24695950746536255,0.24695950746536255,0.24695950746536255,0,0.0,0.0
1986-07-21 00:00:00-04:00,0.24695950746536255,0.24695950746536255,0.24695950746536255,0.24695950746536255,0,0.0,0.0
1986-07-22 00:00:00-04:00,0.24695950746536255,0.24695950746536255,0.24695950746536255,0.24695950746536255,0,0.0,0.0
1986-07-23 00:00:00-04:00,0.0,0.2905405970180736,0.24695950746536255,0.24695950746536255,500,0.0,0.0
1986-07-24 00:00:00-04:00,0.24695950746536255,0.24695950746536255,0.24695950746536255,0.24695950746536255,0,0.0,0.0
1986-07-25 00:00:00-04:00,0.0,0.2905405970180736,0.24695950746536255,0.24695950746536255,2500,0.0,0.0
1986-07-28 00:00:00-04:00,0.0,0.2905405970180736,0.24695950746536255,0.24695950746536255,1000,0.0,0.0
1986-07-29 00:00:00-04:00,0.24695950746536255,0.24695950746536255,0.24695950746536255,0.24695950746536255,0,0.0,0.0
1986-07-30 00:00:00-04:00,0.24695950746536255,0.24695950746536255,0.24695950746536255,0.24695950746536255,0,0.0,0.0
1986-07-31 00:00:00-04:00,0.24695950746536255,0.24695950746536255,0.24695950746536255,0.24695950746536255,0,0.0,0.0
1986-08-01 00:00:00-04:00,0.24695950746536255,0.24695950746536255,0.24695950746536255,0.24695950746536255,0,0.0,0.0
1986-08-04 00:00:00-04:00,0.24695950746536255,0.24695950746536255,0.24695950746536255,0.24695950746536255,0,0.0,0.0
1986-08-05 00:00:00-04:00,0.0,0.24695960538727896,0.20337849855422974,0.20337849855422974,2600,0.0,0.0
1986-08-06 00:00:00-04:00,0.0,0.24695960538727896,0.20337849855422974,0.20337849855422974,1000,0.0,0.0
1986-08-07 00:00:00-04:00,0.20337849855422974,0.20337849855422974,0.20337849855422974,0.20337849855422974,0,0.0,0.0
1986-08-08 00:00:00-04:00,0.20337849855422974,0.20337849855422974,0.20337849855422974,0.20337849855422974,0,0.0,0.0
1986-08-11 00:00:00-04:00,0.20337849855422974,0.20337849855422974,0.20337849855422974,0.20337849855422974,0,0.0,0.0
1986-08-12 00:00:00-04:00,0.0,0.21790563487089598,0.18885155022144318,0.18885155022144318,1000,0.0,0.0
1986-08-13 00:00:00-04:00,0.18885155022144318,0.18885155022144318,0.18885155022144318,0.18885155022144318,0,0.0,0.0
1986-08-14 00:00:00-04:00,0.18885155022144318,0.18885155022144318,0.18885155022144318,0.18885155022144318,0,0.0,0.0
1986-08-15 00:00:00-04:00,0.18885155022144318,0.18885155022144318,0.18885155022144318,0.18885155022144318,0,0.0,0.0
1986-08-18 00:00:00-04:00,0.18885155022144318,0.18885155022144318,0.18885155022144318,0.18885155022144318,0,0.0,0.0
1986-08-19 00:00:00-04:00,0.18885155022144318,0.18885155022144318,0.18885155022144318,0.18885155022144318,0,0.0,0.0
1986-08-20 00:00:00-04:00,0.0,0.21790563487089598,0.18885155022144318,0.18885155022144318,100,0.0,0.0
1986-08-21 00:00:00-04:00,0.18885155022144318,0.18885155022144318,0.18885155022144318,0.18885155022144318,0,0.0,0.0
1986-08-22 00:00:00-04:00,0.0,0.21790563487089598,0.18885155022144318,0.18885155022144318,1000,0.0,0.0
1986-08-25 00:00:00-04:00,0.0,0.21790563487089598,0.18885155022144318,0.18885155022144318,400,0.0,0.0
1986-08-26 00:00:00-04:00,0.0,0.21790563487089598,0.18885155022144318,0.18885155022144318,300,0.0,0.0
1986-08-27 00:00:00-04:00,0.0,0.23243267719562238,0.18885155022144318,0.18885155022144318,2000,0.0,0.0
1986-08-28 00:00:00-04:00,0.18885155022144318,0.18885155022144318,0.18885155022144318,0.18885155022144318,0,0.0,0.0
1986-08-29 00:00:00-04:00,0.18885155022144318,0.18885155022144318,0.18885155022144318,0.18885155022144318,0,0.0,0.0
1986-09-02 00:00:00-04:00,0.18885155022144318,0.18885155022144318,0.18885155022144318,0.18885155022144318,0,0.0,0.0
1986-09-03 00:00:00-04:00,0.18885155022144318,0.18885155022144318,0.18885155022144318,0.18885155022144318,0,0.0,0.0
1986-09-04 00:00:00-04:00,0.0,0.261486679315567,0.21790556609630585,0.21790556609630585,1000,0.0,0.0
1986-09-05 00:00:00-04:00,0.0,0.2760135577991605,0.23243246972560883,0.23243246972560883,300,0.0,0.0
1986-09-08 00:00:00-04:00,0.0,0.2760135671671699,0.24695950746536255,0.24695950746536255,2800,0.0,0.0
1986-09-09 00:00:00-04:00,0.0,0.2760135671671699,0.24695950746536255,0.24695950746536255,300,0.0,0.0
1986-09-10 00:00:00-04:00,0.24695950746536255,0.24695950746536255,0.24695950746536255,0.24695950746536255,0,0.0,0.0
1986-09-11 00:00:00-04:00,0.0,0.2760135671671699,0.24695950746536255,0.24695950746536255,100,0.0,0.0
1986-09-12 00:00:00-04:00,0.24695950746536255,0.24695950746536255,0.24695950746536255,0.24695950746536255,0,0.0,0.0
1986-09-15 00:00:00-04:00,0.24695950746536255,0.24695950746536255,0.24695950746536255,0.24695950746536255,0,0.0,0.0
1986-09-16 00:00:00-04:00,0.24695950746536255,0.24695950746536255,0.24695950746536255,0.24695950746536255,0,0.0,0.0
1986-09-17 00:00:00-04:00,0.0,0.2760135577991605,0.23243246972560883,0.23243246972560883,1000,0.0,0.0
1986-09-18 00:00:00-04:00,0.23243246972560883,0.23243246972560883,0.23243246972560883,0.23243246972560883,0,0.0,0.0
1986-09-19 00:00:00-04:00,0.23243246972560883,0.23243246972560883,0.23243246972560883,0.23243246972560883,0,0.0,0.0
1986-09-22 00:00:00-04:00,0.23243246972560883,0.23243246972560883,0.23243246972560883,0.23243246972560883,0,0.0,0.0
1986-09-23 00:00:00-04:00,0.23243246972560883,0.23243246972560883,0.23243246972560883,0.23243246972560883,0,0.0,0.0
1986-09-24 00:00:00-04:00,0.23243246972560883,0.23243246972560883,0.23243246972560883,0.23243246972560883,0,0.0,0.0
1986-09-25 00:00:00-04:00,0.23243246972560883,0.23243246972560883,0.23243246972560883,0.23243246972560883,0,0.0,0.0
1986-09-26 00:00:00-04:00,0.23243246972560883,0.23243246972560883,0.23243246972560883,0.23243246972560883,0,0.0,0.0
1986-09-29 00:00:00-04:00,0.23243246972560883,0.23243246972560883,0.23243246972560883,0.23243246972560883,0,0.0,0.0
1986-09-30 00:00:00-04:00,0.23243246972560883,0.23243246972560883,0.23243246972560883,0.23243246972560883,0,0.0,0.0
1986-10-01 00:00:00-04:00,0.23243246972560883,0.23243246972560883,0.23243246972560883,0.23243246972560883,0,0.0,0.0
1986-10-02 00:00:00-04:00,0.0,0.26148652844130993,0.23243246972560883,0.23243246972560883,4000,0.0,0.0
1986-10-03 00:00:00-04:00,0.0,0.261486679315567,0.21790556609630585,0.21790556609630585,1200,0.0,0.0
1986-10-06 00:00:00-04:00,0.21790556609630585,0.21790556609630585,0.21790556609630585,0.21790556609630585,0,0.0,0.0
1986-10-07 00:00:00-04:00,0.21790556609630585,0.21790556609630585,0.21790556609630585,0.21790556609630585,0,0.0,0.0
1986-10-08 00:00:00-04:00,0.21790556609630585,0.21790556609630585,0.21790556609630585,0.21790556609630585,0,0.0,0.0
1986-10-09 00:00:00-04:00,0.21790556609630585,0.21790556609630585,0.21790556609630585,0.21790556609630585,0,0.0,0.0
1986-10-10 00:00:00-04:00,0.21790556609630585,0.21790556609630585,0.21790556609630585,0.21790556609630585,0,0.0,0.0
1986-10-13 00:00:00-04:00,0.21790556609630585,0.21790556609630585,0.21790556609630585,0.21790556609630585,0,0.0,0.0
1986-10-14 00:00:00-04:00,0.21790556609630585,0.21790556609630585,0.21790556609630585,0.21790556609630585,0,0.0,0.0
1986-10-15 00:00:00-04:00,0.21790556609630585,0.21790556609630585,0.21790556609630585,0.21790556609630585,0,0.0,0.0
1986-10-16 00:00:00-04:00,0.21790556609630585,0.21790556609630585,0.21790556609630585,0.21790556609630585,0,0.0,0.0
1986-10-17 00:00:00-04:00,0.0,0.261486679315567,0.21790556609630585,0.21790556609630585,2000,0.0,0.0
1986-10-20 00:00:00-04:00,0.21790556609630585,0.21790556609630585,0.21790556609630585,0.21790556609630585,0,0.0,0.0
1986-10-21 00:00:00-04:00,0.21790556609630585,0.21790556609630585,0.21790556609630585,0.21790556609630585,0,0.0,0.0
1986-10-22 00:00:00-04:00,0.21790556609630585,0.21790556609630585,0.21790556609630585,0.21790556609630585,0,0.0,0.0
1986-10-23 00:00:00-04:00,0.0,0.26148652844130993,0.23243246972560883,0.23243246972560883,200,0.0,0.0
1986-10-24 00:00:00-04:00,0.0,0.2760135671671699,0.24695950746536255,0.24695950746536255,800,0.0,0.0
1986-10-27 00:00:00-05:00,0.24695950746536255,0.24695950746536255,0.24695950746536255,0.24695950746536255,0,0.0,0.0
1986-10-28 00:00:00-05:00,0.24695950746536255,0.24695950746536255,0.24695950746536255,0.24695950746536255,0,0.0,0.0
1986-10-29 00:00:00-05:00,0.0,0.2905406885676914,0.26148661971092224,0.26148661971092224,5700,0.0,0.0
1986-10-30 00:00:00-05:00,0.26148661971092224,0.26148661971092224,0.26148661971092224,0.26148661971092224,0,0.0,0.0
1986-10-31 00:00:00-05:00,0.26148661971092224,0.26148661971092224,0.26148661971092224,0.26148661971092224,0,0.0,0.0
1986-11-03 00:00:00-05:00,0.0,0.2905406885676914,0.26148661971092224,0.26148661971092224,1000,0.0,0.0
1986-11-04 00:00:00-05:00,0.26148661971092224,0.26148661971092224,0.26148661971092224,0.26148661971092224,0,0.0,0.0
1986-11-05 00:00:00-05:00,0.26148661971092224,0.26148661971092224,0.26148661971092224,0.26148661971092224,0,0.0,0.0
1986-11-06 00:00:00-05:00,0.26148661971092224,0.26148661971092224,0.26148661971092224,0.26148661971092224,0,0.0,0.0
1986-11-07 00:00:00-05:00,0.26148661971092224,0.26148661971092224,0.26148661971092224,0.26148661971092224,0,0.0,0.0
1986-11-10 00:00:00-05:00,0.0,0.2905406885676914,0.26148661971092224,0.26148661971092224,3000,0.0,0.0
1986-11-11 00:00:00-05:00,0.26148661971092224,0.26148661971092224,0.26148661971092224,0.26148661971092224,0,0.0,0.0
1986-11-12 00:00:00-05:00,0.26148661971092224,0.26148661971092224,0.26148661971092224,0.26148661971092224,0,0.0,0.0
1986-11-13 00:00:00-05:00,0.26148661971092224,0.26148661971092224,0.26148661971092224,0.26148661971092224,0,0.0,0.0
1986-11-14 00:00:00-05:00,0.0,0.2905406885676914,0.26148661971092224,0.26148661971092224,1000,0.0,0.0
1986-11-17 00:00:00-05:00,0.0,0.2905406885676914,0.26148661971092224,0.26148661971092224,400,0.0,0.0
1986-11-18 00:00:00-05:00,0.26148661971092224,0.26148661971092224,0.26148661971092224,0.26148661971092224,0,0.0,0.0
1986-11-19 00:00:00-05:00,0.26148661971092224,0.26148661971092224,0.26148661971092224,0.26148661971092224,0,0.0,0.0
1986-11-20 00:00:00-05:00,0.0,0.2905406885676914,0.26148661971092224,0.26148661971092224,4000,0.0,0.0
1986-11-21 00:00:00-05:00,0.26148661971092224,0.26148661971092224,0.26148661971092224,0.26148661971092224,0,0.0,0.0
1986-11-24 00:00:00-05:00,0.26148661971092224,0.26148661971092224,0.26148661971092224,0.26148661971092224,0,0.0,0.0
1986-11-25 00:00:00-05:00,0.26148661971092224,0.26148661971092224,0.26148661971092224,0.26148661971092224,0,0.0,0.0
1986-11-26 00:00:00-05:00,0.0,0.2905406885676914,0.26148661971092224,0.26148661971092224,800,0.0,0.0
1986-11-28 00:00:00-05:00,0.26148661971092224,0.26148661971092224,0.26148661971092224,0.26148661971092224,0,0.0,0.0
1986-12-01 00:00:00-05:00,0.0,0.2905406885676914,0.26148661971092224,0.26148661971092224,900,0.0,0.0
1986-12-02 00:00:00-05:00,0.0,0.2905406885676914,0.26148661971092224,0.26148661971092224,3900,0.0,0.0
1986-12-03 00:00:00-05:00,0.26148661971092224,0.26148661971092224,0.26148661971092224,0.26148661971092224,0,0.0,0.0
1986-12-04 00:00:00-05:00,0.26148661971092224,0.26148661971092224,0.26148661971092224,0.26148661971092224,0,0.0,0.0
1986-12-05 00:00:00-05:00,0.26148661971092224,0.26148661971092224,0.26148661971092224,0.26148661971092224,0,0.0,0.0
1986-12-08 00:00:00-05:00,0.0,0.2760135671671699,0.24695950746536255,0.24695950746536255,2000,0.0,0.0
1986-12-09 00:00:00-05:00,0.24695950746536255,0.24695950746536255,0.24695950746536255,0.24695950746536255,0,0.0,0.0
1986-12-10 00:00:00-05:00,0.24695950746536255,0.24695950746536255,0.24695950746536255,0.24695950746536255,0,0.0,0.0
1986-12-11 00:00:00-05:00,0.24695950746536255,0.24695950746536255,0.24695950746536255,0.24695950746536255,0,0.0,0.0
1986-12-12 00:00:00-05:00,0.24695950746536255,0.24695950746536255,0.24695950746536255,0.24695950746536255,0,0.0,0.0
1986-12-15 00:00:00-05:00,0.24695950746536255,0.24695950746536255,0.24695950746536255,0.24695950746536255,0,0.0,0.0
1986-12-16 00:00:00-05:00,0.0,0.2469596415758133,0.21790556609630585,0.21790556609630585,9200,0.0,0.0
1986-12-17 00:00:00-05:00,0.21790556609630585,0.21790556609630585,0.21790556609630585,0.21790556609630585,0,0.0,0.0
1986-12-18 00:00:00-05:00,0.0,0.23243267719562238,0.18885155022144318,0.18885155022144318,2100,0.0,0.0
1986-12-19 00:00:00-05:00,0.0,0.23243267719562238,0.18885155022144318,0.18885155022144318,150000,0.0,0.0
1986-12-22 00:00:00-05:00,0.0,0.23243256977626256,0.20337849855422974,0.20337849855422974,2000,0.0,0.0
1986-12-23 00:00:00-05:00,0.20337849855422974,0.20337849855422974,0.20337849855422974,0.20337849855422974,0,0.0,0.0
1986-12-24 00:00:00-05:00,0.20337849855422974,0.20337849855422974,0.20337849855422974,0.20337849855422974,0,0.0,0.0
1986-12-26 00:00:00-05:00,0.0,0.2469596415758133,0.21790556609630585,0.21790556609630585,1600,0.0,0.0
1986-12-29 00:00:00-05:00,0.21790556609630585,0.21790556609630585,0.21790556609630585,0.21790556609630585,0,0.0,0.0
1986-12-30 00:00:00-05:00,0.0,0.2469596415758133,0.21790556609630585,0.21790556609630585,100,0.0,0.0
1986-12-31 00:00:00-05:00,0.21790556609630585,0.21790556609630585,0.21790556609630585,0.21790556609630585,0,0.0,0.0
1987-01-02 00:00:00-05:00,0.21790556609630585,0.21790556609630585,0.21790556609630585,0.21790556609630585,0,0.0,0.0
1987-01-05 00:00:00-05:00,0.0,0.2469596415758133,0.21790556609630585,0.21790556609630585,500,0.0,0.0
1987-01-06 00:00:00-05:00,0.0,0.2469596415758133,0.21790556609630585,0.21790556609630585,1500,0.0,0.0
1987-01-07 00:00:00-05:00,0.0,0.2469596415758133,0.21790556609630585,0.21790556609630585,2000,0.0,0.0
1987-01-08 00:00:00-05:00,0.21790556609630585,0.21790556609630585,0.21790556609630585,0.21790556609630585,0,0.0,0.0
1987-01-09 00:00:00-05:00,0.21790556609630585,0.21790556609630585,0.21790556609630585,0.21790556609630585,0,0.0,0.0
1987-01-12 00:00:00-05:00,0.21790556609630585,0.21790556609630585,0.21790556609630585,0.21790556609630585,0,0.0,0.0
1987-01-13 00:00:00-05:00,0.21790556609630585,0.21790556609630585,0.21790556609630585,0.21790556609630585,0,0.0,0.0
1987-01-14 00:00:00-05:00,0.21790556609630585,0.21790556609630585,0.21790556609630585,0.21790556609630585,0,0.0,0.0
1987-01-15 00:00:00-05:00,0.0,0.2905406885676914,0.26148661971092224,0.26148661971092224,2800,0.0,0.0
1987-01-16 00:00:00-05:00,0.0,0.2905406885676914,0.26148661971092224,0.26148661971092224,300,0.0,0.0
1987-01-19 00:00:00-05:00,0.0,0.2905405970180736,0.24695950746536255,0.24695950746536255,3000,0.0,0.0
1987-01-20 00:00:00-05:00,0.24695950746536255,0.24695950746536255,0.24695950746536255,0.24695950746536255,0,0.0,0.0
1987-01-21 00:00:00-05:00,0.24695950746536255,0.24695950746536255,0.24695950746536255,0.24695950746536255,0,0.0,0.0
1987-01-22 00:00:00-05:00,0.0,0.2905406885676914,0.26148661971092224,0.26148661971092224,1700,0.0,0.0
1987-01-23 00:00:00-05:00,0.0,0.29054070773877594,0.27601367235183716,0.27601367235183716,2500,0.0,0.0
1987-01-26 00:00:00-05:00,0.0,0.3195947647094727,0.2905406951904297,0.2905406951904297,9000,0.0,0.0
1987-01-27 00:00:00-05:00,0.0,0.31959477851265355,0.27601367235183716,0.27601367235183716,6000,0.0,0.0
1987-01-28 00:00:00-05:00,0.27601367235183716,0.27601367235183716,0.27601367235183716,0.27601367235183716,0,0.0,0.0
1987-01-29 00:00:00-05:00,0.0,0.3195947647094727,0.2905406951904297,0.2905406951904297,1100,0.0,0.0
1987-01-30 00:00:00-05:00,0.2905406951904297,0.2905406951904297,0.2905406951904297,0.2905406951904297,0,0.0,0.0
1987-02-02 00:00:00-05:00,0.0,0.3195947647094727,0.2905406951904297,0.2905406951904297,10000,0.0,0.0
1987-02-03 00:00:00-05:00,0.0,0.29054070773877594,0.27601367235183716,0.27601367235183716,3500,0.0,0.0
1987-02-04 00:00:00-05:00,0.27601367235183716,0.27601367235183716,0.27601367235183716,0.27601367235183716,0,0.0,0.0
1987-02-05 00:00:00-05:00,0.27601367235183716,0.27601367235183716,0.27601367235183716,0.27601367235183716,0,0.0,0.0
1987-02-06 00:00:00-05:00,0.27601367235183716,0.27601367235183716,0.27601367235183716,0.27601367235183716,0,0.0,0.0
1987-02-09 00:00:00-05:00,0.0,0.29054070773877594,0.27601367235183716,0.27601367235183716,1000,0.0,0.0
1987-02-10 00:00:00-05:00,0.0,0.3050677431257148,0.27601367235183716,0.27601367235183716,1000,0.0,0.0
1987-02-11 00:00:00-05:00,0.0,0.29780428149761295,0.2832772433757782,0.2832772433757782,23800,0.0,0.0
1987-02-12 00:00:00-05:00,0.0,0.3195947647094727,0.2905406951904297,0.2905406951904297,3200,0.0,0.0
1987-02-13 00:00:00-05:00,0.2905406951904297,0.2905406951904297,0.2905406951904297,0.2905406951904297,0,0.0,0.0
1987-02-17 00:00:00-05:00,0.0,0.3195947647094727,0.2905406951904297,0.2905406951904297,3300,0.0,0.0
1987-02-18 00:00:00-05:00,0.2905406951904297,0.2905406951904297,0.2905406951904297,0.2905406951904297,0,0.0,0.0
1987-02-19 00:00:00-05:00,0.0,0.3195947647094727,0.2905406951904297,0.2905406951904297,1000,0.0,0.0
1987-02-20 00:00:00-05:00,0.0,0.3195947647094727,0.2905406951904297,0.2905406951904297,1000,0.0,0.0
1987-02-23 00:00:00-05:00,0.2905406951904297,0.2905406951904297,0.2905406951904297,0.2905406951904297,0,0.0,0.0
1987-02-24 00:00:00-05:00,0.0,0.3195947647094727,0.2905406951904297,0.2905406951904297,5000,0.0,0.0
1987-02-25 00:00:00-05:00,0.2905406951904297,0.2905406951904297,0.2905406951904297,0.2905406951904297,0,0.0,0.0
1987-02-26 00:00:00-05:00,0.0,0.31959484588532217,0.3050678074359894,0.3050678074359894,4500,0.0,0.0
1987-02-27 00:00:00-05:00,0.3050678074359894,0.3050678074359894,0.3050678074359894,0.3050678074359894,0,0.0,0.0
1987-03-02 00:00:00-05:00,0.0,0.334121884334655,0.3050678074359894,0.3050678074359894,3000,0.0,0.0
1987-03-03 00:00:00-05:00,0.0,0.34864892278398785,0.3050678074359894,0.3050678074359894,4200,0.0,0.0
1987-03-04 00:00:00-05:00,0.3050678074359894,0.3050678074359894,0.3050678074359894,0.3050678074359894,0,0.0,0.0
1987-03-05 00:00:00-05:00,0.3050678074359894,0.3050678074359894,0.3050678074359894,0.3050678074359894,0,0.0,0.0
1987-03-06 00:00:00-05:00,0.3050678074359894,0.3050678074359894,0.3050678074359894,0.3050678074359894,0,0.0,0.0
1987-03-09 00:00:00-05:00,0.3050678074359894,0.3050678074359894,0.3050678074359894,0.3050678074359894,0,0.0,0.0
1987-03-10 00:00:00-05:00,0.3050678074359894,0.3050678074359894,0.3050678074359894,0.3050678074359894,0,0.0,0.0
1987-03-11 00:00:00-05:00,0.0,0.3631758301154427,0.3341217637062073,0.3341217637062073,1500,0.0,0.0
1987-03-12 00:00:00-05:00,0.0,0.3631758301154427,0.3341217637062073,0.3341217637062073,500,0.0,0.0
1987-03-13 00:00:00-05:00,0.0,0.37770288437604904,0.3486488163471222,0.3486488163471222,3000,0.0,0.0
1987-03-16 00:00:00-05:00,0.3486488163471222,0.3486488163471222,0.3486488163471222,0.3486488163471222,0,0.0,0.0
1987-03-17 00:00:00-05:00,0.0,0.37770288437604904,0.3486488163471222,0.3486488163471222,3000,0.0,0.0
1987-03-18 00:00:00-05:00,0.3486488163471222,0.3486488163471222,0.3486488163471222,0.3486488163471222,0,0.0,0.0
1987-03-19 00:00:00-05:00,0.0,0.37770288437604904,0.3486488163471222,0.3486488163471222,4500,0.0,0.0
1987-03-20 00:00:00-05:00,0.0,0.3777028727531433,0.3631758391857147,0.3631758391857147,10000,0.0,0.0
1987-03-23 00:00:00-05:00,0.0,0.3777028727531433,0.3631758391857147,0.3631758391857147,1500,0.0,0.0
1987-03-24 00:00:00-05:00,0.0,0.39222990632057186,0.3631758391857147,0.3631758391857147,500,0.0,0.0
1987-03-25 00:00:00-05:00,0.0,0.40675718509233916,0.37770310044288635,0.37770310044288635,300,0.0,0.0
1987-03-26 00:00:00-05:00,0.0,0.40675718509233916,0.37770310044288635,0.37770310044288635,500,0.0,0.0
1987-03-27 00:00:00-05:00,0.0,0.40675718509233916,0.37770310044288635,0.37770310044288635,300,0.0,0.0
1987-03-30 00:00:00-05:00,0.0,0.40675718509233916,0.37770310044288635,0.37770310044288635,700,0.0,0.0
1987-03-31 00:00:00-05:00,0.37770310044288635,0.37770310044288635,0.37770310044288635,0.37770310044288635,0,0.0,0.0
1987-04-01 00:00:00-05:00,0.37770310044288635,0.37770310044288635,0.37770310044288635,0.37770310044288635,0,0.0,0.0
1987-04-02 00:00:00-05:00,0.37770310044288635,0.37770310044288635,0.37770310044288635,0.37770310044288635,0,0.0,0.0
1987-04-03 00:00:00-05:00,0.0,0.40675718509233916,0.37770310044288635,0.37770310044288635,10000,0.0,0.0
1987-04-06 00:00:00-04:00,0.0,0.40675718509233916,0.37770310044288635,0.37770310044288635,1200,0.0,0.0
1987-04-07 00:00:00-04:00,0.0,0.4358110825220744,0.39222997426986694,0.39222997426986694,1500,0.0,0.0
1987-04-08 00:00:00-04:00,0.39222997426986694,0.39222997426986694,0.39222997426986694,0.39222997426986694,0,0.0,0.0
1987-04-09 00:00:00-04:00,0.0,0.4358110825220744,0.39222997426986694,0.39222997426986694,1000,0.0,0.0
1987-04-10 00:00:00-04:00,0.39222997426986694,0.39222997426986694,0.39222997426986694,0.39222997426986694,0,0.0,0.0
1987-04-13 00:00:00-04:00,0.39222997426986694,0.39222997426986694,0.39222997426986694,0.39222997426986694,0,0.0,0.0
1987-04-14 00:00:00-04:00,0.0,0.4358110825220744,0.39222997426986694,0.39222997426986694,5000,0.0,0.0
1987-04-15 00:00:00-04:00,0.39222997426986694,0.39222997426986694,0.39222997426986694,0.39222997426986694,0,0.0,0.0
1987-04-16 00:00:00-04:00,0.0,0.4212840464380052,0.39222997426986694,0.39222997426986694,8500,0.0,0.0
1987-04-20 00:00:00-04:00,0.39222997426986694,0.39222997426986694,0.39222997426986694,0.39222997426986694,0,0.0,0.0
1987-04-21 00:00:00-04:00,0.39222997426986694,0.39222997426986694,0.39222997426986694,0.39222997426986694,0,0.0,0.0
1987-04-22 00:00:00-04:00,0.0,0.4212840464380052,0.39222997426986694,0.39222997426986694,500,0.0,0.0
1987-04-23 00:00:00-04:00,0.0,0.4212840464380052,0.39222997426986694,0.39222997426986694,1500,0.0,0.0
1987-04-24 00:00:00-04:00,0.0,0.4067570103539361,0.39222997426986694,0.39222997426986694,2500,0.0,0.0
1987-04-27 00:00:00-04:00,0.0,0.4212840464380052,0.39222997426986694,0.39222997426986694,12000,0.0,0.0
1987-04-28 00:00:00-04:00,0.0,0.4212840464380052,0.39222997426986694,0.39222997426986694,500,0.0,0.0
1987-04-29 00:00:00-04:00,0.39222997426986694,0.39222997426986694,0.39222997426986694,0.39222997426986694,0,0.0,0.0
1987-04-30 00:00:00-04:00,0.0,0.42128422741706556,0.37770310044288635,0.37770310044288635,1800,0.0,0.0
1987-05-01 00:00:00-04:00,0.0,0.40675718509233916,0.37770310044288635,0.37770310044288635,2000,0.0,0.0
1987-05-04 00:00:00-04:00,0.37770310044288635,0.37770310044288635,0.37770310044288635,0.37770310044288635,0,0.0,0.0
1987-05-05 00:00:00-04:00,0.37770310044288635,0.37770310044288635,0.37770310044288635,0.37770310044288635,0,0.0,0.0
1987-05-06 00:00:00-04:00,0.37770310044288635,0.37770310044288635,0.37770310044288635,0.37770310044288635,0,0.0,0.0
1987-05-07 00:00:00-04:00,0.37770310044288635,0.37770310044288635,0.37770310044288635,0.37770310044288635,0,0.0,0.0
1987-05-08 00:00:00-04:00,0.0,0.40675718509233916,0.37770310044288635,0.37770310044288635,1000,0.0,0.0
1987-05-11 00:00:00-04:00,0.0,0.40675718509233916,0.37770310044288635,0.37770310044288635,5500,0.0,0.0
1987-05-12 00:00:00-04:00,0.37770310044288635,0.37770310044288635,0.37770310044288635,0.37770310044288635,0,0.0,0.0
1987-05-13 00:00:00-04:00,0.37770310044288635,0.37770310044288635,0.37770310044288635,0.37770310044288635,0,0.0,0.0
1987-05-14 00:00:00-04:00,0.0,0.4067569398880005,0.3631758391857147,0.3631758391857147,100,0.0,0.0
1987-05-15 00:00:00-04:00,0.0,0.39222990632057186,0.3631758391857147,0.3631758391857147,200,0.0,0.0
1987-05-18 00:00:00-04:00,0.0,0.37770288437604904,0.3486488163471222,0.3486488163471222,2200,0.0,0.0
1987-05-19 00:00:00-04:00,0.3486488163471222,0.3486488163471222,0.3486488163471222,0.3486488163471222,0,0.0,0.0
1987-05-20 00:00:00-04:00,0.3486488163471222,0.3486488163471222,0.3486488163471222,0.3486488163471222,0,0.0,0.0
1987-05-21 00:00:00-04:00,0.0,0.3631758301154427,0.3341217637062073,0.3341217637062073,3500,0.0,0.0
1987-05-22 00:00:00-04:00,0.3341217637062073,0.3341217637062073,0.3341217637062073,0.3341217637062073,0,0.0,0.0
1987-05-26 00:00:00-04:00,0.3341217637062073,0.3341217637062073,0.3341217637062073,0.3341217637062073,0,0.0,0.0
1987-05-27 00:00:00-04:00,0.0,0.3486487431959672,0.31959468126296997,0.31959468126296997,10000,0.0,0.0
1987-05-28 00:00:00-04:00,0.31959468126296997,0.31959468126296997,0.31959468126296997,0.31959468126296997,0,0.0,0.0
1987-05-29 00:00:00-04:00,0.0,0.33412171222946857,0.31959468126296997,0.31959468126296997,2100,0.0,0.0
1987-06-01 00:00:00-04:00,0.31959468126296997,0.31959468126296997,0.31959468126296997,0.31959468126296997,0,0.0,0.0
1987-06-02 00:00:00-04:00,0.31959468126296997,0.31959468126296997,0.31959468126296997,0.31959468126296997,0,0.0,0.0
1987-06-03 00:00:00-04:00,0.0,0.34864892278398785,0.3050678074359894,0.3050678074359894,800,0.0,0.0
1987-06-04 00:00:00-04:00,0.3050678074359894,0.3050678074359894,0.3050678074359894,0.3050678074359894,0,0.0,0.0
1987-06-05 00:00:00-04:00,0.3050678074359894,0.3050678074359894,0.3050678074359894,0.3050678074359894,0,0.0,0.0
1987-06-08 00:00:00-04:00,0.0,0.34864892278398785,0.3050678074359894,0.3050678074359894,900,0.0,0.0
1987-06-09 00:00:00-04:00,0.3050678074359894,0.3050678074359894,0.3050678074359894,0.3050678074359894,0,0.0,0.0
1987-06-10 00:00:00-04:00,0.0,0.3486487431959672,0.31959468126296997,0.31959468126296997,400,0.0,0.0
1987-06-11 00:00:00-04:00,0.0,0.3486487431959672,0.31959468126296997,0.31959468126296997,4300,0.0,0.0
1987-06-12 00:00:00-04:00,0.0,0.33412171222946857,0.31959468126296997,0.31959468126296997,2000,0.0,0.0
1987-06-15 00:00:00-04:00,0.31959468126296997,0.31959468126296997,0.31959468126296997,0.31959468126296997,0,0.0,0.0
1987-06-16 00:00:00-04:00,0.0,0.3486487431959672,0.31959468126296997,0.31959468126296997,5000,0.0,0.0
1987-06-17 00:00:00-04:00,0.0,0.33412171222946857,0.31959468126296997,0.31959468126296997,10900,0.0,0.0
1987-06-18 00:00:00-04:00,0.0,0.33412171222946857,0.31959468126296997,0.31959468126296997,2300,0.0,0.0
1987-06-19 00:00:00-04:00,0.0,0.33412171222946857,0.31959468126296997,0.31959468126296997,800,0.0,0.0
1987-06-22 00:00:00-04:00,0.0,0.33412171222946857,0.31959468126296997,0.31959468126296997,200,0.0,0.0
1987-06-23 00:00:00-04:00,0.0,0.33412171222946857,0.31959468126296997,0.31959468126296997,600,0.0,0.0
1987-06-24 00:00:00-04:00,0.31959468126296997,0.31959468126296997,0.31959468126296997,0.31959468126296997,0,0.0,0.0
1987-06-25 00:00:00-04:00,0.31959468126296997,0.31959468126296997,0.31959468126296997,0.31959468126296997,0,0.0,0.0
1987-06-26 00:00:00-04:00,0.0,0.3486487431959672,0.31959468126296997,0.31959468126296997,2000,0.0,0.0
1987-06-29 00:00:00-04:00,0.31959468126296997,0.31959468126296997,0.31959468126296997,0.31959468126296997,0,0.0,0.0
1987-06-30 00:00:00-04:00,0.0,0.3486487431959672,0.31959468126296997,0.31959468126296997,5000,0.0,0.0
1987-07-01 00:00:00-04:00,0.0,0.3486487431959672,0.31959468126296997,0.31959468126296997,500,0.0,0.0
1987-07-02 00:00:00-04:00,0.31959468126296997,0.31959468126296997,0.31959468126296997,0.31959468126296997,0,0.0,0.0
1987-07-06 00:00:00-04:00,0.0,0.33412171222946857,0.31959468126296997,0.31959468126296997,1000,0.0,0.0
1987-07-07 00:00:00-04:00,0.0,0.3486487431959672,0.31959468126296997,0.31959468126296997,10000,0.0,0.0
1987-07-08 00:00:00-04:00,0.0,0.348648796910825,0.3341217637062073,0.3341217637062073,6000,0.0,0.0
1987-07-09 00:00:00-04:00,0.3341217637062073,0.3341217637062073,0.3341217637062073,0.3341217637062073,0,0.0,0.0
1987-07-10 00:00:00-04:00,0.0,0.348648796910825,0.3341217637062073,0.3341217637062073,100,0.0,0.0
1987-07-13 00:00:00-04:00,0.0,0.34864883422851567,0.3268582820892334,0.3268582820892334,1000,0.0,0.0
1987-07-14 00:00:00-04:00,0.0,0.34864883422851567,0.3268582820892334,0.3268582820892334,12000,0.0,0.0
1987-07-15 00:00:00-04:00,0.3268582820892334,0.3268582820892334,0.3268582820892334,0.3268582820892334,0,0.0,0.0
1987-07-16 00:00:00-04:00,0.3268582820892334,0.3268582820892334,0.3268582820892334,0.3268582820892334,0,0.0,0.0
1987-07-17 00:00:00-04:00,0.3268582820892334,0.3268582820892334,0.3268582820892334,0.3268582820892334,0,0.0,0.0
1987-07-20 00:00:00-04:00,0.0,0.3631758689880371,0.3268582820892334,0.3268582820892334,1400,0.0,0.0
1987-07-21 00:00:00-04:00,0.3268582820892334,0.3268582820892334,0.3268582820892334,0.3268582820892334,0,0.0,0.0
1987-07-22 00:00:00-04:00,0.0,0.34864883422851567,0.3268582820892334,0.3268582820892334,400,0.0,0.0
1987-07-23 00:00:00-04:00,0.0,0.34864883422851567,0.3268582820892334,0.3268582820892334,300,0.0,0.0
1987-07-24 00:00:00-04:00,0.3268582820892334,0.3268582820892334,0.3268582820892334,0.3268582820892334,0,0.0,0.0
1987-07-27 00:00:00-04:00,0.0,0.36317585630619775,0.3413853049278259,0.3413853049278259,5000,0.0,0.0
1987-07-28 00:00:00-04:00,0.3413853049278259,0.3413853049278259,0.3413853049278259,0.3413853049278259,0,0.0,0.0
1987-07-29 00:00:00-04:00,0.3413853049278259,0.3413853049278259,0.3413853049278259,0.3413853049278259,0,0.0,0.0
1987-07-30 00:00:00-04:00,0.0,0.3559123391800738,0.3413853049278259,0.3413853049278259,1000,0.0,0.0
1987-07-31 00:00:00-04:00,0.0,0.3559123391800738,0.3413853049278259,0.3413853049278259,1000,0.0,0.0
1987-08-03 00:00:00-04:00,0.3413853049278259,0.3413853049278259,0.3413853049278259,0.3413853049278259,0,0.0,0.0
1987-08-04 00:00:00-04:00,0.3413853049278259,0.3413853049278259,0.3413853049278259,0.3413853049278259,0,0.0,0.0
1987-08-05 00:00:00-04:00,0.3413853049278259,0.3413853049278259,0.3413853049278259,0.3413853049278259,0,0.0,0.0
1987-08-06 00:00:00-04:00,0.3413853049278259,0.3413853049278259,0.3413853049278259,0.3413853049278259,0,0.0,0.0
1987-08-07 00:00:00-04:00,0.3413853049278259,0.3413853049278259,0.3413853049278259,0.3413853049278259,0,0.0,0.0
1987-08-10 00:00:00-04:00,0.3413853049278259,0.3413853049278259,0.3413853049278259,0.3413853049278259,0,0.0,0.0
1987-08-11 00:00:00-04:00,0.3413853049278259,0.3413853049278259,0.3413853049278259,0.3413853049278259,0,0.0,0.0
1987-08-12 00:00:00-04:00,0.0,0.35591225867921655,0.31959468126296997,0.31959468126296997,1500,0.0,0.0
1987-08-13 00:00:00-04:00,0.0,0.35591225867921655,0.31959468126296997,0.31959468126296997,1100,0.0,0.0
1987-08-14 00:00:00-04:00,0.31959468126296997,0.31959468126296997,0.31959468126296997,0.31959468126296997,0,0.0,0.0
1987-08-17 00:00:00-04:00,0.31959468126296997,0.31959468126296997,0.31959468126296997,0.31959468126296997,0,0.0,0.0
1987-08-18 00:00:00-04:00,0.0,0.35591225867921655,0.31959468126296997,0.31959468126296997,1600,0.0,0.0
1987-08-19 00:00:00-04:00,0.0,0.35591225867921655,0.31959468126296997,0.31959468126296997,600,0.0,0.0
1987-08-20 00:00:00-04:00,0.31959468126296997,0.31959468126296997,0.31959468126296997,0.31959468126296997,0,0.0,0.0
1987-08-21 00:00:00-04:00,0.31959468126296997,0.31959468126296997,0.31959468126296997,0.31959468126296997,0,0.0,0.0
1987-08-24 00:00:00-04:00,0.31959468126296997,0.31959468126296997,0.31959468126296997,0.31959468126296997,0,0.0,0.0
1987-08-25 00:00:00-04:00,0.0,0.35591225867921655,0.31959468126296997,0.31959468126296997,1000,0.0,0.0
1987-08-26 00:00:00-04:00,0.31959468126296997,0.31959468126296997,0.31959468126296997,0.31959468126296997,0,0.0,0.0
1987-08-27 00:00:00-04:00,0.0,0.38496640138328075,0.3486488163471222,0.3486488163471222,3500,0.0,0.0
1987-08-28 00:00:00-04:00,0.0,0.38496640138328075,0.3486488163471222,0.3486488163471222,1000,0.0,0.0
1987-08-31 00:00:00-04:00,0.3486488163471222,0.3486488163471222,0.3486488163471222,0.3486488163471222,0,0.0,0.0
1987-09-01 00:00:00-04:00,0.0,0.38496640138328075,0.3486488163471222,0.3486488163471222,1800,0.0,0.0
1987-09-02 00:00:00-04:00,0.0,0.3704393863677979,0.3268582820892334,0.3268582820892334,3500,0.0,0.0
1987-09-03 00:00:00-04:00,0.3268582820892334,0.3268582820892334,0.3268582820892334,0.3268582820892334,0,0.0,0.0
1987-09-04 00:00:00-04:00,0.3268582820892334,0.3268582820892334,0.3268582820892334,0.3268582820892334,0,0.0,0.0
1987-09-08 00:00:00-04:00,0.0,0.3631758301154427,0.3341217637062073,0.3341217637062073,200,0.0,0.0
1987-09-09 00:00:00-04:00,0.3341217637062073,0.3341217637062073,0.3341217637062073,0.3341217637062073,0,0.0,0.0
1987-09-10 00:00:00-04:00,0.0,0.3631758301154427,0.3341217637062073,0.3341217637062073,1300,0.0,0.0
1987-09-11 00:00:00-04:00,0.0,0.3631758301154427,0.3341217637062073,0.3341217637062073,500,0.0,0.0
1987-09-14 00:00:00-04:00,0.0,0.3704393467177516,0.3341217637062073,0.3341217637062073,2500,0.0,0.0
1987-09-15 00:00:00-04:00,0.3341217637062073,0.3341217637062073,0.3341217637062073,0.3341217637062073,0,0.0,0.0
1987-09-16 00:00:00-04:00,0.3341217637062073,0.3341217637062073,0.3341217637062073,0.3341217637062073,0,0.0,0.0
1987-09-17 00:00:00-04:00,0.0,0.38496640138328075,0.3486488163471222,0.3486488163471222,6300,0.0,0.0
1987-09-18 00:00:00-04:00,0.0,0.3777028905584457,0.3413853049278259,0.3413853049278259,400,0.0,0.0
1987-09-21 00:00:00-04:00,0.0,0.37770288437604904,0.3486488163471222,0.3486488163471222,3900,0.0,0.0
1987-09-22 00:00:00-04:00,0.3486488163471222,0.3486488163471222,0.3486488163471222,0.3486488163471222,0,0.0,0.0
1987-09-23 00:00:00-04:00,0.3486488163471222,0.3486488163471222,0.3486488163471222,0.3486488163471222,0,0.0,0.0
1987-09-24 00:00:00-04:00,0.3486488163471222,0.3486488163471222,0.3486488163471222,0.3486488163471222,0,0.0,0.0
1987-09-25 00:00:00-04:00,0.3486488163471222,0.3486488163471222,0.3486488163471222,0.3486488163471222,0,0.0,0.0
1987-09-28 00:00:00-04:00,0.3486488163471222,0.3486488163471222,0.3486488163471222,0.3486488163471222,0,0.0,0.0
1987-09-29 00:00:00-04:00,0.0,0.3631758301154427,0.3341217637062073,0.3341217637062073,4600,0.0,0.0
1987-09-30 00:00:00-04:00,0.0,0.36317585630619775,0.3413853049278259,0.3413853049278259,6000,0.0,0.0
1987-10-01 00:00:00-04:00,0.3413853049278259,0.3413853049278259,0.3413853049278259,0.3413853049278259,0,0.0,0.0
1987-10-02 00:00:00-04:00,0.3413853049278259,0.3413853049278259,0.3413853049278259,0.3413853049278259,0,0.0,0.0
1987-10-05 00:00:00-04:00,0.3413853049278259,0.3413853049278259,0.3413853049278259,0.3413853049278259,0,0.0,0.0
1987-10-06 00:00:00-04:00,0.3413853049278259,0.3413853049278259,0.3413853049278259,0.3413853049278259,0,0.0,0.0
1987-10-07 00:00:00-04:00,0.0,0.3631758301154427,0.3341217637062073,0.3341217637062073,15200,0.0,0.0
1987-10-08 00:00:00-04:00,0.0,0.348648796910825,0.3341217637062073,0.3341217637062073,4300,0.0,0.0
1987-10-09 00:00:00-04:00,0.3341217637062073,0.3341217637062073,0.3341217637062073,0.3341217637062073,0,0.0,0.0
1987-10-12 00:00:00-04:00,0.0,0.348648796910825,0.3341217637062073,0.3341217637062073,1500,0.0,0.0
1987-10-13 00:00:00-04:00,0.3341217637062073,0.3341217637062073,0.3341217637062073,0.3341217637062073,0,0.0,0.0
1987-10-14 00:00:00-04:00,0.0,0.348648796910825,0.3341217637062073,0.3341217637062073,100,0.0,0.0
1987-10-15 00:00:00-04:00,0.0,0.348648796910825,0.3341217637062073,0.3341217637062073,2600,0.0,0.0
1987-10-16 00:00:00-04:00,0.3341217637062073,0.3341217637062073,0.3341217637062073,0.3341217637062073,0,0.0,0.0
1987-10-19 00:00:00-04:00,0.3341217637062073,0.3341217637062073,0.3341217637062073,0.3341217637062073,0,0.0,0.0
1987-10-20 00:00:00-04:00,0.0,0.3050677431257148,0.27601367235183716,0.27601367235183716,1000,0.0,0.0
1987-10-21 00:00:00-04:00,0.27601367235183716,0.27601367235183716,0.27601367235183716,0.27601367235183716,0,0.0,0.0
1987-10-22 00:00:00-04:00,0.27601367235183716,0.27601367235183716,0.27601367235183716,0.27601367235183716,0,0.0,0.0
1987-10-23 00:00:00-04:00,0.27601367235183716,0.27601367235183716,0.27601367235183716,0.27601367235183716,0,0.0,0.0
1987-10-26 00:00:00-05:00,0.0,0.2905405970180736,0.24695950746536255,0.24695950746536255,1500,0.0,0.0
1987-10-27 00:00:00-05:00,0.24695950746536255,0.24695950746536255,0.24695950746536255,0.24695950746536255,0,0.0,0.0
1987-10-28 00:00:00-05:00,0.24695950746536255,0.24695950746536255,0.24695950746536255,0.24695950746536255,0,0.0,0.0
1987-10-29 00:00:00-05:00,0.0,0.2905405970180736,0.24695950746536255,0.24695950746536255,6000,0.0,0.0
1987-10-30 00:00:00-05:00,0.24695950746536255,0.24695950746536255,0.24695950746536255,0.24695950746536255,0,0.0,0.0
1987-11-02 00:00:00-05:00,0.0,0.2905405970180736,0.24695950746536255,0.24695950746536255,2000,0.0,0.0
1987-11-03 00:00:00-05:00,0.0,0.26148652844130993,0.23243246972560883,0.23243246972560883,2000,0.0,0.0
1987-11-04 00:00:00-05:00,0.0,0.2905406885676914,0.26148661971092224,0.26148661971092224,3600,0.0,0.0
1987-11-05 00:00:00-05:00,0.26148661971092224,0.26148661971092224,0.26148661971092224,0.26148661971092224,0,0.0,0.0
1987-11-06 00:00:00-05:00,0.0,0.3050677431257148,0.27601367235183716,0.27601367235183716,1000,0.0,0.0
1987-11-09 00:00:00-05:00,0.0,0.30506772299607593,0.26148661971092224,0.26148661971092224,200,0.0,0.0
1987-11-10 00:00:00-05:00,0.26148661971092224,0.26148661971092224,0.26148661971092224,0.26148661971092224,0,0.0,0.0
1987-11-11 00:00:00-05:00,0.26148661971092224,0.26148661971092224,0.26148661971092224,0.26148661971092224,0,0.0,0.0
1987-11-12 00:00:00-05:00,0.26148661971092224,0.26148661971092224,0.26148661971092224,0.26148661971092224,0,0.0,0.0
1987-11-13 00:00:00-05:00,0.26148661971092224,0.26148661971092224,0.26148661971092224,0.26148661971092224,0,0.0,0.0
1987-11-16 00:00:00-05:00,0.26148661971092224,0.26148661971092224,0.26148661971092224,0.26148661971092224,0,0.0,0.0
1987-11-17 00:00:00-05:00,0.0,0.30506772299607593,0.26148661971092224,0.26148661971092224,4000,0.0,0.0
1987-11-18 00:00:00-05:00,0.26148661971092224,0.26148661971092224,0.26148661971092224,0.26148661971092224,0,0.0,0.0
1987-11-19 00:00:00-05:00,0.0,0.30506772299607593,0.26148661971092224,0.26148661971092224,100,0.0,0.0
1987-11-20 00:00:00-05:00,0.0,0.2905405970180736,0.24695950746536255,0.24695950746536255,5000,0.0,0.0
1987-11-23 00:00:00-05:00,0.24695950746536255,0.24695950746536255,0.24695950746536255,0.24695950746536255,0,0.0,0.0
1987-11-24 00:00:00-05:00,0.24695950746536255,0.24695950746536255,0.24695950746536255,0.24695950746536255,0,0.0,0.0
1987-11-25 00:00:00-05:00,0.24695950746536255,0.24695950746536255,0.24695950746536255,0.24695950746536255,0,0.0,0.0
1987-11-27 00:00:00-05:00,0.24695950746536255,0.24695950746536255,0.24695950746536255,0.24695950746536255,0,0.0,0.0
1987-11-30 00:00:00-05:00,0.24695950746536255,0.24695950746536255,0.24695950746536255,0.24695950746536255,0,0.0,0.0
1987-12-01 00:00:00-05:00,0.24695950746536255,0.24695950746536255,0.24695950746536255,0.24695950746536255,0,0.0,0.0
1987-12-02 00:00:00-05:00,0.24695950746536255,0.24695950746536255,0.24695950746536255,0.24695950746536255,0,0.0,0.0
1987-12-03 00:00:00-05:00,0.24695950746536255,0.24695950746536255,0.24695950746536255,0.24695950746536255,0,0.0,0.0
1987-12-04 00:00:00-05:00,0.24695950746536255,0.24695950746536255,0.24695950746536255,0.24695950746536255,0,0.0,0.0
1987-12-07 00:00:00-05:00,0.24695950746536255,0.24695950746536255,0.24695950746536255,0.24695950746536255,0,0.0,0.0
1987-12-08 00:00:00-05:00,0.24695950746536255,0.24695950746536255,0.24695950746536255,0.24695950746536255,0,0.0,0.0
1987-12-09 00:00:00-05:00,0.0,0.2905406885676914,0.26148661971092224,0.26148661971092224,200,0.0,0.0
1987-12-10 00:00:00-05:00,0.26148661971092224,0.26148661971092224,0.26148661971092224,0.26148661971092224,0,0.0,0.0
1987-12-11 00:00:00-05:00,0.26148661971092224,0.26148661971092224,0.26148661971092224,0.26148661971092224,0,0.0,0.0
1987-12-14 00:00:00-05:00,0.26148661971092224,0.26148661971092224,0.26148661971092224,0.26148661971092224,0,0.0,0.0
1987-12-15 00:00:00-05:00,0.26148661971092224,0.26148661971092224,0.26148661971092224,0.26148661971092224,0,0.0,0.0
1987-12-16 00:00:00-05:00,0.26148661971092224,0.26148661971092224,0.26148661971092224,0.26148661971092224,0,0.0,0.0
1987-12-17 00:00:00-05:00,0.26148661971092224,0.26148661971092224,0.26148661971092224,0.26148661971092224,0,0.0,0.0
1987-12-18 00:00:00-05:00,0.0,0.2905406885676914,0.26148661971092224,0.26148661971092224,600,0.0,0.0
1987-12-21 00:00:00-05:00,0.26148661971092224,0.26148661971092224,0.26148661971092224,0.26148661971092224,0,0.0,0.0
1987-12-22 00:00:00-05:00,0.26148661971092224,0.26148661971092224,0.26148661971092224,0.26148661971092224,0,0.0,0.0
1987-12-23 00:00:00-05:00,0.26148661971092224,0.26148661971092224,0.26148661971092224,0.26148661971092224,0,0.0,0.0
1987-12-24 00:00:00-05:00,0.26148661971092224,0.26148661971092224,0.26148661971092224,0.26148661971092224,0,0.0,0.0
1987-12-28 00:00:00-05:00,0.26148661971092224,0.26148661971092224,0.26148661971092224,0.26148661971092224,0,0.0,0.0
1987-12-29 00:00:00-05:00,0.26148661971092224,0.26148661971092224,0.26148661971092224,0.26148661971092224,0,0.0,0.0
1987-12-30 00:00:00-05:00,0.26148661971092224,0.26148661971092224,0.26148661971092224,0.26148661971092224,0,0.0,0.0
1987-12-31 00:00:00-05:00,0.26148661971092224,0.26148661971092224,0.26148661971092224,0.26148661971092224,0,0.0,0.0
1988-01-04 00:00:00-05:00,0.0,0.2905406885676914,0.26148661971092224,0.26148661971092224,100,0.0,0.0
1988-01-05 00:00:00-05:00,0.26148661971092224,0.26148661971092224,0.26148661971092224,0.26148661971092224,0,0.0,0.0
1988-01-06 00:00:00-05:00,0.26148661971092224,0.26148661971092224,0.26148661971092224,0.26148661971092224,0,0.0,0.0
1988-01-07 00:00:00-05:00,0.26148661971092224,0.26148661971092224,0.26148661971092224,0.26148661971092224,0,0.0,0.0
1988-01-08 00:00:00-05:00,0.26148661971092224,0.26148661971092224,0.26148661971092224,0.26148661971092224,0,0.0,0.0
1988-01-11 00:00:00-05:00,0.0,0.2905406885676914,0.26148661971092224,0.26148661971092224,1700,0.0,0.0
1988-01-12 00:00:00-05:00,0.26148661971092224,0.26148661971092224,0.26148661971092224,0.26148661971092224,0,0.0,0.0
1988-01-13 00:00:00-05:00,0.26148661971092224,0.26148661971092224,0.26148661971092224,0.26148661971092224,0,0.0,0.0
1988-01-14 00:00:00-05:00,0.0,0.2905406885676914,0.26148661971092224,0.26148661971092224,1000,0.0,0.0
1988-01-15 00:00:00-05:00,0.0,0.2905405970180736,0.24695950746536255,0.24695950746536255,1000,0.0,0.0
1988-01-18 00:00:00-05:00,0.24695950746536255,0.24695950746536255,0.24695950746536255,0.24695950746536255,0,0.0,0.0
1988-01-19 00:00:00-05:00,0.24695950746536255,0.24695950746536255,0.24695950746536255,0.24695950746536255,0,0.0,0.0
1988-01-20 00:00:00-05:00,0.0,0.2905405970180736,0.24695950746536255,0.24695950746536255,2000,0.0,0.0
1988-01-21 00:00:00-05:00,0.24695950746536255,0.24695950746536255,0.24695950746536255,0.24695950746536255,0,0.0,0.0
1988-01-22 00:00:00-05:00,0.0,0.2905405970180736,0.24695950746536255,0.24695950746536255,3000,0.0,0.0
1988-01-25 00:00:00-05:00,0.24695950746536255,0.24695950746536255,0.24695950746536255,0.24695950746536255,0,0.0,0.0
1988-01-26 00:00:00-05:00,0.0,0.2905405970180736,0.24695950746536255,0.24695950746536255,200,0.0,0.0
1988-01-27 00:00:00-05:00,0.24695950746536255,0.24695950746536255,0.24695950746536255,0.24695950746536255,0,0.0,0.0
1988-01-28 00:00:00-05:00,0.24695950746536255,0.24695950746536255,0.24695950746536255,0.24695950746536255,0,0.0,0.0
1988-01-29 00:00:00-05:00,0.24695950746536255,0.24695950746536255,0.24695950746536255,0.24695950746536255,0,0.0,0.0
1988-02-01 00:00:00-05:00,0.0,0.2905405970180736,0.24695950746536255,0.24695950746536255,1000,0.0,0.0
1988-02-02 00:00:00-05:00,0.24695950746536255,0.24695950746536255,0.24695950746536255,0.24695950746536255,0,0.0,0.0
1988-02-03 00:00:00-05:00,0.24695950746536255,0.24695950746536255,0.24695950746536255,0.24695950746536255,0,0.0,0.0
1988-02-04 00:00:00-05:00,0.24695950746536255,0.24695950746536255,0.24695950746536255,0.24695950746536255,0,0.0,0.0
1988-02-05 00:00:00-05:00,0.24695950746536255,0.24695950746536255,0.24695950746536255,0.24695950746536255,0,0.0,0.0
1988-02-08 00:00:00-05:00,0.24695950746536255,0.24695950746536255,0.24695950746536255,0.24695950746536255,0,0.0,0.0
1988-02-09 00:00:00-05:00,0.24695950746536255,0.24695950746536255,0.24695950746536255,0.24695950746536255,0,0.0,0.0
1988-02-10 00:00:00-05:00,0.24695950746536255,0.24695950746536255,0.24695950746536255,0.24695950746536255,0,0.0,0.0
1988-02-11 00:00:00-05:00,0.24695950746536255,0.24695950746536255,0.24695950746536255,0.24695950746536255,0,0.0,0.0
1988-02-12 00:00:00-05:00,0.0,0.26148653731626625,0.24695950746536255,0.24695950746536255,2500,0.0,0.0
1988-02-16 00:00:00-05:00,0.24695950746536255,0.24695950746536255,0.24695950746536255,0.24695950746536255,0,0.0,0.0
1988-02-17 00:00:00-05:00,0.24695950746536255,0.24695950746536255,0.24695950746536255,0.24695950746536255,0,0.0,0.0
1988-02-18 00:00:00-05:00,0.24695950746536255,0.24695950746536255,0.24695950746536255,0.24695950746536255,0,0.0,0.0
1988-02-19 00:00:00-05:00,0.24695950746536255,0.24695950746536255,0.24695950746536255,0.24695950746536255,0,0.0,0.0
1988-02-22 00:00:00-05:00,0.24695950746536255,0.24695950746536255,0.24695950746536255,0.24695950746536255,0,0.0,0.0
1988-02-23 00:00:00-05:00,0.24695950746536255,0.24695950746536255,0.24695950746536255,0.24695950746536255,0,0.0,0.0
1988-02-24 00:00:00-05:00,0.0,0.2760135671671699,0.24695950746536255,0.24695950746536255,11000,0.0,0.0
1988-02-25 00:00:00-05:00,0.24695950746536255,0.24695950746536255,0.24695950746536255,0.24695950746536255,0,0.0,0.0
1988-02-26 00:00:00-05:00,0.24695950746536255,0.24695950746536255,0.24695950746536255,0.24695950746536255,0,0.0,0.0
1988-02-29 00:00:00-05:00,0.24695950746536255,0.24695950746536255,0.24695950746536255,0.24695950746536255,0,0.0,0.0
1988-03-01 00:00:00-05:00,0.24695950746536255,0.24695950746536255,0.24695950746536255,0.24695950746536255,0,0.0,0.0
1988-03-02 00:00:00-05:00,0.0,0.2905405970180736,0.24695950746536255,0.24695950746536255,13800,0.0,0.0
1988-03-03 00:00:00-05:00,0.0,0.2905405970180736,0.24695950746536255,0.24695950746536255,4000,0.0,0.0
1988-03-04 00:00:00-05:00,0.24695950746536255,0.24695950746536255,0.24695950746536255,0.24695950746536255,0,0.0,0.0
1988-03-07 00:00:00-05:00,0.24695950746536255,0.24695950746536255,0.24695950746536255,0.24695950746536255,0,0.0,0.0
1988-03-08 00:00:00-05:00,0.24695950746536255,0.24695950746536255,0.24695950746536255,0.24695950746536255,0,0.0,0.0
1988-03-09 00:00:00-05:00,0.24695950746536255,0.24695950746536255,0.24695950746536255,0.24695950746536255,0,0.0,0.0
1988-03-10 00:00:00-05:00,0.0,0.29054070773877594,0.27601367235183716,0.27601367235183716,8700,0.0,0.0
1988-03-11 00:00:00-05:00,0.27601367235183716,0.27601367235183716,0.27601367235183716,0.27601367235183716,0,0.0,0.0
1988-03-14 00:00:00-05:00,0.27601367235183716,0.27601367235183716,0.27601367235183716,0.27601367235183716,0,0.0,0.0
1988-03-15 00:00:00-05:00,0.0,0.3050677299499512,0.2905406951904297,0.2905406951904297,2000,0.0,0.0
1988-03-16 00:00:00-05:00,0.0,0.3050677299499512,0.2905406951904297,0.2905406951904297,2000,0.0,0.0
1988-03-17 00:00:00-05:00,0.0,0.3050677299499512,0.2905406951904297,0.2905406951904297,2100,0.0,0.0
1988-03-18 00:00:00-05:00,0.0,0.3050677299499512,0.2905406951904297,0.2905406951904297,1500,0.0,0.0
1988-03-21 00:00:00-05:00,0.2905406951904297,0.2905406951904297,0.2905406951904297,0.2905406951904297,0,0.0,0.0
1988-03-22 00:00:00-05:00,0.0,0.3050677431257148,0.27601367235183716,0.27601367235183716,1400,0.0,0.0
1988-03-23 00:00:00-05:00,0.27601367235183716,0.27601367235183716,0.27601367235183716,0.27601367235183716,0,0.0,0.0
1988-03-24 00:00:00-05:00,0.27601367235183716,0.27601367235183716,0.27601367235183716,0.27601367235183716,0,0.0,0.0
1988-03-25 00:00:00-05:00,0.27601367235183716,0.27601367235183716,0.27601367235183716,0.27601367235183716,0,0.0,0.0
1988-03-28 00:00:00-05:00,0.27601367235183716,0.27601367235183716,0.27601367235183716,0.27601367235183716,0,0.0,0.0
1988-03-29 00:00:00-05:00,0.27601367235183716,0.27601367235183716,0.27601367235183716,0.27601367235183716,0,0.0,0.0
1988-03-30 00:00:00-05:00,0.27601367235183716,0.27601367235183716,0.27601367235183716,0.27601367235183716,0,0.0,0.0
1988-03-31 00:00:00-05:00,0.27601367235183716,0.27601367235183716,0.27601367235183716,0.27601367235183716,0,0.0,0.0
1988-04-04 00:00:00-04:00,0.27601367235183716,0.27601367235183716,0.27601367235183716,0.27601367235183716,0,0.0,0.0
1988-04-05 00:00:00-04:00,0.27601367235183716,0.27601367235183716,0.27601367235183716,0.27601367235183716,0,0.0,0.0
1988-04-06 00:00:00-04:00,0.27601367235183716,0.27601367235183716,0.27601367235183716,0.27601367235183716,0,0.0,0.0
1988-04-07 00:00:00-04:00,0.0,0.30506772299607593,0.26148661971092224,0.26148661971092224,500,0.0,0.0
1988-04-08 00:00:00-04:00,0.26148661971092224,0.26148661971092224,0.26148661971092224,0.26148661971092224,0,0.0,0.0
1988-04-11 00:00:00-04:00,0.26148661971092224,0.26148661971092224,0.26148661971092224,0.26148661971092224,0,0.0,0.0
1988-04-12 00:00:00-04:00,0.26148661971092224,0.26148661971092224,0.26148661971092224,0.26148661971092224,0,0.0,0.0
1988-04-13 00:00:00-04:00,0.26148661971092224,0.26148661971092224,0.26148661971092224,0.26148661971092224,0,0.0,0.0
1988-04-14 00:00:00-04:00,0.26148661971092224,0.26148661971092224,0.26148661971092224,0.26148661971092224,0,0.0,0.0
1988-04-15 00:00:00-04:00,0.26148661971092224,0.26148661971092224,0.26148661971092224,0.26148661971092224,0,0.0,0.0
1988-04-18 00:00:00-04:00,0.26148661971092224,0.26148661971092224,0.26148661971092224,0.26148661971092224,0,0.0,0.0
1988-04-19 00:00:00-04:00,0.26148661971092224,0.26148661971092224,0.26148661971092224,0.26148661971092224,0,0.0,0.0
1988-04-20 00:00:00-04:00,0.26148661971092224,0.26148661971092224,0.26148661971092224,0.26148661971092224,0,0.0,0.0
1988-04-21 00:00:00-04:00,0.0,0.30506772299607593,0.26148661971092224,0.26148661971092224,500,0.0,0.0
1988-04-22 00:00:00-04:00,0.26148661971092224,0.26148661971092224,0.26148661971092224,0.26148661971092224,0,0.0,0.0
1988-04-25 00:00:00-04:00,0.0,0.30506772299607593,0.26148661971092224,0.26148661971092224,2400,0.0,0.0
1988-04-26 00:00:00-04:00,0.26148661971092224,0.26148661971092224,0.26148661971092224,0.26148661971092224,0,0.0,0.0
1988-04-27 00:00:00-04:00,0.26148661971092224,0.26148661971092224,0.26148661971092224,0.26148661971092224,0,0.0,0.0
1988-04-28 00:00:00-04:00,0.0,0.31959477851265355,0.27601367235183716,0.27601367235183716,11100,0.0,0.0
1988-04-29 00:00:00-04:00,0.0,0.31959477851265355,0.27601367235183716,0.27601367235183716,600,0.0,0.0
1988-05-02 00:00:00-04:00,0.27601367235183716,0.27601367235183716,0.27601367235183716,0.27601367235183716,0,0.0,0.0
1988-05-03 00:00:00-04:00,0.27601367235183716,0.27601367235183716,0.27601367235183716,0.27601367235183716,0,0.0,0.0
1988-05-04 00:00:00-04:00,0.27601367235183716,0.27601367235183716,0.27601367235183716,0.27601367235183716,0,0.0,0.0
1988-05-05 00:00:00-04:00,0.27601367235183716,0.27601367235183716,0.27601367235183716,0.27601367235183716,0,0.0,0.0
1988-05-06 00:00:00-04:00,0.0,0.3195947647094727,0.2905406951904297,0.2905406951904297,2300,0.0,0.0
1988-05-09 00:00:00-04:00,0.2905406951904297,0.2905406951904297,0.2905406951904297,0.2905406951904297,0,0.0,0.0
1988-05-10 00:00:00-04:00,0.2905406951904297,0.2905406951904297,0.2905406951904297,0.2905406951904297,0,0.0,0.0
1988-05-11 00:00:00-04:00,0.2905406951904297,0.2905406951904297,0.2905406951904297,0.2905406951904297,0,0.0,0.0
1988-05-12 00:00:00-04:00,0.2905406951904297,0.2905406951904297,0.2905406951904297,0.2905406951904297,0,0.0,0.0
1988-05-13 00:00:00-04:00,0.2905406951904297,0.2905406951904297,0.2905406951904297,0.2905406951904297,0,0.0,0.0
1988-05-16 00:00:00-04:00,0.2905406951904297,0.2905406951904297,0.2905406951904297,0.2905406951904297,0,0.0,0.0
1988-05-17 00:00:00-04:00,0.2905406951904297,0.2905406951904297,0.2905406951904297,0.2905406951904297,0,0.0,0.0
1988-05-18 00:00:00-04:00,0.2905406951904297,0.2905406951904297,0.2905406951904297,0.2905406951904297,0,0.0,0.0
1988-05-19 00:00:00-04:00,0.0,0.3195947647094727,0.2905406951904297,0.2905406951904297,2000,0.0,0.0
1988-05-20 00:00:00-04:00,0.0,0.3195947647094727,0.2905406951904297,0.2905406951904297,22500,0.0,0.0
1988-05-23 00:00:00-04:00,0.2905406951904297,0.2905406951904297,0.2905406951904297,0.2905406951904297,0,0.0,0.0
1988-05-24 00:00:00-04:00,0.0,0.3195947647094727,0.2905406951904297,0.2905406951904297,5000,0.0,0.0
1988-05-25 00:00:00-04:00,0.0,0.3195947647094727,0.2905406951904297,0.2905406951904297,800,0.0,0.0
1988-05-26 00:00:00-04:00,0.2905406951904297,0.2905406951904297,0.2905406951904297,0.2905406951904297,0,0.0,0.0
1988-05-27 00:00:00-04:00,0.0,0.3195947647094727,0.2905406951904297,0.2905406951904297,200,0.0,0.0
1988-05-31 00:00:00-04:00,0.2905406951904297,0.2905406951904297,0.2905406951904297,0.2905406951904297,0,0.0,0.0
1988-06-01 00:00:00-04:00,0.2905406951904297,0.2905406951904297,0.2905406951904297,0.2905406951904297,0,0.0,0.0
1988-06-02 00:00:00-04:00,0.2905406951904297,0.2905406951904297,0.2905406951904297,0.2905406951904297,0,0.0,0.0
1988-06-03 00:00:00-04:00,0.2905406951904297,0.2905406951904297,0.2905406951904297,0.2905406951904297,0,0.0,0.0
1988-06-06 00:00:00-04:00,0.2905406951904297,0.2905406951904297,0.2905406951904297,0.2905406951904297,0,0.0,0.0
1988-06-07 00:00:00-04:00,0.2905406951904297,0.2905406951904297,0.2905406951904297,0.2905406951904297,0,0.0,0.0
1988-06-08 00:00:00-04:00,0.0,0.31959477851265355,0.27601367235183716,0.27601367235183716,5500,0.0,0.0
1988-06-09 00:00:00-04:00,0.27601367235183716,0.27601367235183716,0.27601367235183716,0.27601367235183716,0,0.0,0.0
1988-06-10 00:00:00-04:00,0.27601367235183716,0.27601367235183716,0.27601367235183716,0.27601367235183716,0,0.0,0.0
1988-06-13 00:00:00-04:00,0.27601367235183716,0.27601367235183716,0.27601367235183716,0.27601367235183716,0,0.0,0.0
1988-06-14 00:00:00-04:00,0.27601367235183716,0.27601367235183716,0.27601367235183716,0.27601367235183716,0,0.0,0.0
1988-06-15 00:00:00-04:00,0.27601367235183716,0.27601367235183716,0.27601367235183716,0.27601367235183716,0,0.0,0.0
1988-06-16 00:00:00-04:00,0.27601367235183716,0.27601367235183716,0.27601367235183716,0.27601367235183716,0,0.0,0.0
1988-06-17 00:00:00-04:00,0.27601367235183716,0.27601367235183716,0.27601367235183716,0.27601367235183716,0,0.0,0.0
1988-06-20 00:00:00-04:00,0.27601367235183716,0.27601367235183716,0.27601367235183716,0.27601367235183716,0,0.0,0.0
1988-06-21 00:00:00-04:00,0.27601367235183716,0.27601367235183716,0.27601367235183716,0.27601367235183716,0,0.0,0.0
1988-06-22 00:00:00-04:00,0.27601367235183716,0.27601367235183716,0.27601367235183716,0.27601367235183716,0,0.0,0.0
1988-06-23 00:00:00-04:00,0.27601367235183716,0.27601367235183716,0.27601367235183716,0.27601367235183716,0,0.0,0.0
1988-06-24 00:00:00-04:00,0.0,0.3195947647094727,0.2905406951904297,0.2905406951904297,3000,0.0,0.0
1988-06-27 00:00:00-04:00,0.2905406951904297,0.2905406951904297,0.2905406951904297,0.2905406951904297,0,0.0,0.0
1988-06-28 00:00:00-04:00,0.2905406951904297,0.2905406951904297,0.2905406951904297,0.2905406951904297,0,0.0,0.0
1988-06-29 00:00:00-04:00,0.2905406951904297,0.2905406951904297,0.2905406951904297,0.2905406951904297,0,0.0,0.0
1988-06-30 00:00:00-04:00,0.2905406951904297,0.2905406951904297,0.2905406951904297,0.2905406951904297,0,0.0,0.0
1988-07-01 00:00:00-04:00,0.0,0.3195947647094727,0.2905406951904297,0.2905406951904297,900,0.0,0.0
1988-07-05 00:00:00-04:00,0.2905406951904297,0.2905406951904297,0.2905406951904297,0.2905406951904297,0,0.0,0.0
1988-07-06 00:00:00-04:00,0.2905406951904297,0.2905406951904297,0.2905406951904297,0.2905406951904297,0,0.0,0.0
1988-07-07 00:00:00-04:00,0.2905406951904297,0.2905406951904297,0.2905406951904297,0.2905406951904297,0,0.0,0.0
1988-07-08 00:00:00-04:00,0.2905406951904297,0.2905406951904297,0.2905406951904297,0.2905406951904297,0,0.0,0.0
1988-07-11 00:00:00-04:00,0.2905406951904297,0.2905406951904297,0.2905406951904297,0.2905406951904297,0,0.0,0.0
1988-07-12 00:00:00-04:00,0.2905406951904297,0.2905406951904297,0.2905406951904297,0.2905406951904297,0,0.0,0.0
1988-07-13 00:00:00-04:00,0.2905406951904297,0.2905406951904297,0.2905406951904297,0.2905406951904297,0,0.0,0.0
1988-07-14 00:00:00-04:00,0.2905406951904297,0.2905406951904297,0.2905406951904297,0.2905406951904297,0,0.0,0.0
1988-07-15 00:00:00-04:00,0.2905406951904297,0.2905406951904297,0.2905406951904297,0.2905406951904297,0,0.0,0.0
1988-07-18 00:00:00-04:00,0.2905406951904297,0.2905406951904297,0.2905406951904297,0.2905406951904297,0,0.0,0.0
1988-07-19 00:00:00-04:00,0.2905406951904297,0.2905406951904297,0.2905406951904297,0.2905406951904297,0,0.0,0.0
1988-07-20 00:00:00-04:00,0.0,0.3050677431257148,0.27601367235183716,0.27601367235183716,600,0.0,0.0
1988-07-21 00:00:00-04:00,0.0,0.3050677431257148,0.27601367235183716,0.27601367235183716,500,0.0,0.0
1988-07-22 00:00:00-04:00,0.27601367235183716,0.27601367235183716,0.27601367235183716,0.27601367235183716,0,0.0,0.0
1988-07-25 00:00:00-04:00,0.27601367235183716,0.27601367235183716,0.27601367235183716,0.27601367235183716,0,0.0,0.0
1988-07-26 00:00:00-04:00,0.27601367235183716,0.27601367235183716,0.27601367235183716,0.27601367235183716,0,0.0,0.0
1988-07-27 00:00:00-04:00,0.0,0.29054070773877594,0.27601367235183716,0.27601367235183716,4000,0.0,0.0
1988-07-28 00:00:00-04:00,0.0,0.29054070773877594,0.27601367235183716,0.27601367235183716,2000,0.0,0.0
1988-07-29 00:00:00-04:00,0.27601367235183716,0.27601367235183716,0.27601367235183716,0.27601367235183716,0,0.0,0.0
1988-08-01 00:00:00-04:00,0.27601367235183716,0.27601367235183716,0.27601367235183716,0.27601367235183716,0,0.0,0.0
1988-08-02 00:00:00-04:00,0.27601367235183716,0.27601367235183716,0.27601367235183716,0.27601367235183716,0,0.0,0.0
1988-08-03 00:00:00-04:00,0.27601367235183716,0.27601367235183716,0.27601367235183716,0.27601367235183716,0,0.0,0.0
1988-08-04 00:00:00-04:00,0.27601367235183716,0.27601367235183716,0.27601367235183716,0.27601367235183716,0,0.0,0.0
1988-08-05 00:00:00-04:00,0.0,0.29054070773877594,0.27601367235183716,0.27601367235183716,200,0.0,0.0
1988-08-08 00:00:00-04:00,0.27601367235183716,0.27601367235183716,0.27601367235183716,0.27601367235183716,0,0.0,0.0
1988-08-09 00:00:00-04:00,0.27601367235183716,0.27601367235183716,0.27601367235183716,0.27601367235183716,0,0.0,0.0
1988-08-10 00:00:00-04:00,0.27601367235183716,0.27601367235183716,0.27601367235183716,0.27601367235183716,0,0.0,0.0
1988-08-11 00:00:00-04:00,0.27601367235183716,0.27601367235183716,0.27601367235183716,0.27601367235183716,0,0.0,0.0
1988-08-12 00:00:00-04:00,0.27601367235183716,0.27601367235183716,0.27601367235183716,0.27601367235183716,0,0.0,0.0
1988-08-15 00:00:00-04:00,0.27601367235183716,0.27601367235183716,0.27601367235183716,0.27601367235183716,0,0.0,0.0
1988-08-16 00:00:00-04:00,0.27601367235183716,0.27601367235183716,0.27601367235183716,0.27601367235183716,0,0.0,0.0
1988-08-17 00:00:00-04:00,0.27601367235183716,0.27601367235183716,0.27601367235183716,0.27601367235183716,0,0.0,0.0
1988-08-18 00:00:00-04:00,0.27601367235183716,0.27601367235183716,0.27601367235183716,0.27601367235183716,0,0.0,0.0
1988-08-19 00:00:00-04:00,0.27601367235183716,0.27601367235183716,0.27601367235183716,0.27601367235183716,0,0.0,0.0
1988-08-22 00:00:00-04:00,0.0,0.3050677431257148,0.27601367235183716,0.27601367235183716,2000,0.0,0.0
1988-08-23 00:00:00-04:00,0.27601367235183716,0.27601367235183716,0.27601367235183716,0.27601367235183716,0,0.0,0.0
1988-08-24 00:00:00-04:00,0.27601367235183716,0.27601367235183716,0.27601367235183716,0.27601367235183716,0,0.0,0.0
1988-08-25 00:00:00-04:00,0.27601367235183716,0.27601367235183716,0.27601367235183716,0.27601367235183716,0,0.0,0.0
1988-08-26 00:00:00-04:00,0.27601367235183716,0.27601367235183716,0.27601367235183716,0.27601367235183716,0,0.0,0.0
1988-08-29 00:00:00-04:00,0.27601367235183716,0.27601367235183716,0.27601367235183716,0.27601367235183716,0,0.0,0.0
1988-08-30 00:00:00-04:00,0.0,0.3050677431257148,0.27601367235183716,0.27601367235183716,800,0.0,0.0
1988-08-31 00:00:00-04:00,0.27601367235183716,0.27601367235183716,0.27601367235183716,0.27601367235183716,0,0.0,0.0
1988-09-01 00:00:00-04:00,0.27601367235183716,0.27601367235183716,0.27601367235183716,0.27601367235183716,0,0.0,0.0
1988-09-02 00:00:00-04:00,0.27601367235183716,0.27601367235183716,0.27601367235183716,0.27601367235183716,0,0.0,0.0
1988-09-06 00:00:00-04:00,0.27601367235183716,0.27601367235183716,0.27601367235183716,0.27601367235183716,0,0.0,0.0
1988-09-07 00:00:00-04:00,0.0,0.29054070773877594,0.27601367235183716,0.27601367235183716,1800,0.0,0.0
1988-09-08 00:00:00-04:00,0.0,0.29054070773877594,0.27601367235183716,0.27601367235183716,1000,0.0,0.0
1988-09-09 00:00:00-04:00,0.27601367235183716,0.27601367235183716,0.27601367235183716,0.27601367235183716,0,0.0,0.0
1988-09-12 00:00:00-04:00,0.0,0.29054070773877594,0.27601367235183716,0.27601367235183716,200,0.0,0.0
1988-09-13 00:00:00-04:00,0.27601367235183716,0.27601367235183716,0.27601367235183716,0.27601367235183716,0,0.0,0.0
1988-09-14 00:00:00-04:00,0.0,0.3050677431257148,0.27601367235183716,0.27601367235183716,1000,0.0,0.0
1988-09-15 00:00:00-04:00,0.0,0.3050677431257148,0.27601367235183716,0.27601367235183716,10000,0.0,0.0
1988-09-16 00:00:00-04:00,0.27601367235183716,0.27601367235183716,0.27601367235183716,0.27601367235183716,0,0.0,0.0
1988-09-19 00:00:00-04:00,0.27601367235183716,0.27601367235183716,0.27601367235183716,0.27601367235183716,0,0.0,0.0
1988-09-20 00:00:00-04:00,0.0,0.3050677431257148,0.27601367235183716,0.27601367235183716,500,0.0,0.0
1988-09-21 00:00:00-04:00,0.27601367235183716,0.27601367235183716,0.27601367235183716,0.27601367235183716,0,0.0,0.0
1988-09-22 00:00:00-04:00,0.0,0.2905405970180736,0.24695950746536255,0.24695950746536255,2000,0.0,0.0
1988-09-23 00:00:00-04:00,0.0,0.2905405970180736,0.24695950746536255,0.24695950746536255,1000,0.0,0.0
1988-09-26 00:00:00-04:00,0.0,0.2905405970180736,0.24695950746536255,0.24695950746536255,500,0.0,0.0
1988-09-27 00:00:00-04:00,0.0,0.2905406885676914,0.26148661971092224,0.26148661971092224,2500,0.0,0.0
1988-09-28 00:00:00-04:00,0.0,0.2905406885676914,0.26148661971092224,0.26148661971092224,2700,0.0,0.0
1988-09-29 00:00:00-04:00,0.26148661971092224,0.26148661971092224,0.26148661971092224,0.26148661971092224,0,0.0,0.0
1988-09-30 00:00:00-04:00,0.26148661971092224,0.26148661971092224,0.26148661971092224,0.26148661971092224,0,0.0,0.0
1988-10-03 00:00:00-04:00,0.26148661971092224,0.26148661971092224,0.26148661971092224,0.26148661971092224,0,0.0,0.0
1988-10-04 00:00:00-04:00,0.0,0.2760136541393068,0.26148661971092224,0.26148661971092224,3500,0.0,0.0
1988-10-05 00:00:00-04:00,0.0,0.2905406885676914,0.26148661971092224,0.26148661971092224,10000,0.0,0.0
1988-10-06 00:00:00-04:00,0.26148661971092224,0.26148661971092224,0.26148661971092224,0.26148661971092224,0,0.0,0.0
1988-10-07 00:00:00-04:00,0.26148661971092224,0.26148661971092224,0.26148661971092224,0.26148661971092224,0,0.0,0.0
1988-10-10 00:00:00-04:00,0.26148661971092224,0.26148661971092224,0.26148661971092224,0.26148661971092224,0,0.0,0.0
1988-10-11 00:00:00-04:00,0.26148661971092224,0.26148661971092224,0.26148661971092224,0.26148661971092224,0,0.0,0.0
1988-10-12 00:00:00-04:00,0.26148661971092224,0.26148661971092224,0.26148661971092224,0.26148661971092224,0,0.0,0.0
1988-10-13 00:00:00-04:00,0.26148661971092224,0.26148661971092224,0.26148661971092224,0.26148661971092224,0,0.0,0.0
1988-10-14 00:00:00-04:00,0.0,0.3050677431257148,0.27601367235183716,0.27601367235183716,700,0.0,0.0
1988-10-17 00:00:00-04:00,0.27601367235183716,0.27601367235183716,0.27601367235183716,0.27601367235183716,0,0.0,0.0
1988-10-18 00:00:00-04:00,0.27601367235183716,0.27601367235183716,0.27601367235183716,0.27601367235183716,0,0.0,0.0
1988-10-19 00:00:00-04:00,0.0,0.3050677431257148,0.27601367235183716,0.27601367235183716,1000,0.0,0.0
1988-10-20 00:00:00-04:00,0.27601367235183716,0.27601367235183716,0.27601367235183716,0.27601367235183716,0,0.0,0.0
1988-10-21 00:00:00-04:00,0.0,0.3050677431257148,0.27601367235183716,0.27601367235183716,2700,0.0,0.0
1988-10-24 00:00:00-04:00,0.0,0.3050677431257148,0.27601367235183716,0.27601367235183716,1000,0.0,0.0
1988-10-25 00:00:00-04:00,0.0,0.29054070773877594,0.27601367235183716,0.27601367235183716,1000,0.0,0.0
1988-10-26 00:00:00-04:00,0.0,0.29054070773877594,0.27601367235183716,0.27601367235183716,1300,0.0,0.0
1988-10-27 00:00:00-04:00,0.0,0.29054070773877594,0.27601367235183716,0.27601367235183716,300,0.0,0.0
1988-10-28 00:00:00-04:00,0.0,0.29054070773877594,0.27601367235183716,0.27601367235183716,700,0.0,0.0
1988-10-31 00:00:00-05:00,0.0,0.29054070773877594,0.27601367235183716,0.27601367235183716,500,0.0,0.0
1988-11-01 00:00:00-05:00,0.0,0.29054070773877594,0.27601367235183716,0.27601367235183716,1500,0.0,0.0
1988-11-02 00:00:00-05:00,0.27601367235183716,0.27601367235183716,0.27601367235183716,0.27601367235183716,0,0.0,0.0
1988-11-03 00:00:00-05:00,0.27601367235183716,0.27601367235183716,0.27601367235183716,0.27601367235183716,0,0.0,0.0
1988-11-04 00:00:00-05:00,0.0,0.29054070773877594,0.27601367235183716,0.27601367235183716,2000,0.0,0.0
1988-11-07 00:00:00-05:00,0.0,0.2905405970180736,0.24695950746536255,0.24695950746536255,5000,0.0,0.0
1988-11-08 00:00:00-05:00,0.24695950746536255,0.24695950746536255,0.24695950746536255,0.24695950746536255,0,0.0,0.0
1988-11-09 00:00:00-05:00,0.24695950746536255,0.24695950746536255,0.24695950746536255,0.24695950746536255,0,0.0,0.0
1988-11-10 00:00:00-05:00,0.24695950746536255,0.24695950746536255,0.24695950746536255,0.24695950746536255,0,0.0,0.0
1988-11-11 00:00:00-05:00,0.24695950746536255,0.24695950746536255,0.24695950746536255,0.24695950746536255,0,0.0,0.0
1988-11-14 00:00:00-05:00,0.24695950746536255,0.24695950746536255,0.24695950746536255,0.24695950746536255,0,0.0,0.0
1988-11-15 00:00:00-05:00,0.24695950746536255,0.24695950746536255,0.24695950746536255,0.24695950746536255,0,0.0,0.0
1988-11-16 00:00:00-05:00,0.24695950746536255,0.24695950746536255,0.24695950746536255,0.24695950746536255,0,0.0,0.0
1988-11-17 00:00:00-05:00,0.24695950746536255,0.24695950746536255,0.24695950746536255,0.24695950746536255,0,0.0,0.0
1988-11-18 00:00:00-05:00,0.24695950746536255,0.24695950746536255,0.24695950746536255,0.24695950746536255,0,0.0,0.0
1988-11-21 00:00:00-05:00,0.24695950746536255,0.24695950746536255,0.24695950746536255,0.24695950746536255,0,0.0,0.0
1988-11-22 00:00:00-05:00,0.0,0.2905406885676914,0.26148661971092224,0.26148661971092224,500,0.0,0.0
1988-11-23 00:00:00-05:00,0.26148661971092224,0.26148661971092224,0.26148661971092224,0.26148661971092224,0,0.0,0.0
1988-11-25 00:00:00-05:00,0.26148661971092224,0.26148661971092224,0.26148661971092224,0.26148661971092224,0,0.0,0.0
1988-11-28 00:00:00-05:00,0.0,0.2760136541393068,0.26148661971092224,0.26148661971092224,600,0.0,0.0
1988-11-29 00:00:00-05:00,0.26148661971092224,0.26148661971092224,0.26148661971092224,0.26148661971092224,0,0.0,0.0
1988-11-30 00:00:00-05:00,0.26148661971092224,0.26148661971092224,0.26148661971092224,0.26148661971092224,0,0.0,0.0
1988-12-01 00:00:00-05:00,0.26148661971092224,0.26148661971092224,0.26148661971092224,0.26148661971092224,0,0.0,0.0
1988-12-02 00:00:00-05:00,0.26148661971092224,0.26148661971092224,0.26148661971092224,0.26148661971092224,0,0.0,0.0
1988-12-05 00:00:00-05:00,0.26148661971092224,0.26148661971092224,0.26148661971092224,0.26148661971092224,0,0.0,0.0
1988-12-06 00:00:00-05:00,0.0,0.26148653731626625,0.24695950746536255,0.24695950746536255,200,0.0,0.0
1988-12-07 00:00:00-05:00,0.24695950746536255,0.24695950746536255,0.24695950746536255,0.24695950746536255,0,0.0,0.0
1988-12-08 00:00:00-05:00,0.0,0.26148653731626625,0.24695950746536255,0.24695950746536255,2000,0.0,0.0
1988-12-09 00:00:00-05:00,0.0,0.2760136541393068,0.26148661971092224,0.26148661971092224,1700,0.0,0.0
1988-12-12 00:00:00-05:00,0.0,0.2760136541393068,0.26148661971092224,0.26148661971092224,15500,0.0,0.0
1988-12-13 00:00:00-05:00,0.26148661971092224,0.26148661971092224,0.26148661971092224,0.26148661971092224,0,0.0,0.0
1988-12-14 00:00:00-05:00,0.26148661971092224,0.26148661971092224,0.26148661971092224,0.26148661971092224,0,0.0,0.0
1988-12-15 00:00:00-05:00,0.26148661971092224,0.26148661971092224,0.26148661971092224,0.26148661971092224,0,0.0,0.0
1988-12-16 00:00:00-05:00,0.26148661971092224,0.26148661971092224,0.26148661971092224,0.26148661971092224,0,0.0,0.0
1988-12-19 00:00:00-05:00,0.0,0.2760136541393068,0.26148661971092224,0.26148661971092224,1000,0.0,0.0
1988-12-20 00:00:00-05:00,0.26148661971092224,0.26148661971092224,0.26148661971092224,0.26148661971092224,0,0.0,0.0
1988-12-21 00:00:00-05:00,0.26148661971092224,0.26148661971092224,0.26148661971092224,0.26148661971092224,0,0.0,0.0
1988-12-22 00:00:00-05:00,0.0,0.2905406885676914,0.26148661971092224,0.26148661971092224,1000,0.0,0.0
1988-12-23 00:00:00-05:00,0.26148661971092224,0.26148661971092224,0.26148661971092224,0.26148661971092224,0,0.0,0.0
1988-12-27 00:00:00-05:00,0.0,0.2905406885676914,0.26148661971092224,0.26148661971092224,500,0.0,0.0
1988-12-28 00:00:00-05:00,0.26148661971092224,0.26148661971092224,0.26148661971092224,0.26148661971092224,0,0.0,0.0
1988-12-29 00:00:00-05:00,0.0,0.2905406885676914,0.26148661971092224,0.26148661971092224,1000,0.0,0.0
1988-12-30 00:00:00-05:00,0.0,0.31959477851265355,0.27601367235183716,0.27601367235183716,2000,0.0,0.0
1989-01-03 00:00:00-05:00,0.27601367235183716,0.27601367235183716,0.27601367235183716,0.27601367235183716,0,0.0,0.0
1989-01-04 00:00:00-05:00,0.0,0.31959477851265355,0.27601367235183716,0.27601367235183716,1800,0.0,0.0
1989-01-05 00:00:00-05:00,0.0,0.34864892278398785,0.3050678074359894,0.3050678074359894,1100,0.0,0.0
1989-01-06 00:00:00-05:00,0.3050678074359894,0.3050678074359894,0.3050678074359894,0.3050678074359894,0,0.0,0.0
1989-01-09 00:00:00-05:00,0.3050678074359894,0.3050678074359894,0.3050678074359894,0.3050678074359894,0,0.0,0.0
1989-01-10 00:00:00-05:00,0.0,0.34864892278398785,0.3050678074359894,0.3050678074359894,0,0.0,0.0
1989-01-11 00:00:00-05:00,0.3050678074359894,0.3050678074359894,0.3050678074359894,0.3050678074359894,0,0.0,0.0
1989-01-12 00:00:00-05:00,0.3050678074359894,0.3050678074359894,0.3050678074359894,0.3050678074359894,0,0.0,0.0
1989-01-13 00:00:00-05:00,0.3050678074359894,0.3050678074359894,0.3050678074359894,0.3050678074359894,0,0.0,0.0
1989-01-16 00:00:00-05:00,0.0,0.334121884334655,0.3050678074359894,0.3050678074359894,2000,0.0,0.0
1989-01-17 00:00:00-05:00,0.3050678074359894,0.3050678074359894,0.3050678074359894,0.3050678074359894,0,0.0,0.0
1989-01-18 00:00:00-05:00,0.3050678074359894,0.3050678074359894,0.3050678074359894,0.3050678074359894,0,0.0,0.0
1989-01-19 00:00:00-05:00,0.3050678074359894,0.3050678074359894,0.3050678074359894,0.3050678074359894,0,0.0,0.0
1989-01-20 00:00:00-05:00,0.3050678074359894,0.3050678074359894,0.3050678074359894,0.3050678074359894,0,0.0,0.0
1989-01-23 00:00:00-05:00,0.3050678074359894,0.3050678074359894,0.3050678074359894,0.3050678074359894,0,0.0,0.0
1989-01-24 00:00:00-05:00,0.0,0.334121884334655,0.3050678074359894,0.3050678074359894,700,0.0,0.0
1989-01-25 00:00:00-05:00,0.3050678074359894,0.3050678074359894,0.3050678074359894,0.3050678074359894,0,0.0,0.0
1989-01-26 00:00:00-05:00,0.3050678074359894,0.3050678074359894,0.3050678074359894,0.3050678074359894,0,0.0,0.0
1989-01-27 00:00:00-05:00,0.3050678074359894,0.3050678074359894,0.3050678074359894,0.3050678074359894,0,0.0,0.0
1989-01-30 00:00:00-05:00,0.3050678074359894,0.3050678074359894,0.3050678074359894,0.3050678074359894,0,0.0,0.0
1989-01-31 00:00:00-05:00,0.3050678074359894,0.3050678074359894,0.3050678074359894,0.3050678074359894,0,0.0,0.0
1989-02-01 00:00:00-05:00,0.3050678074359894,0.3050678074359894,0.3050678074359894,0.3050678074359894,0,0.0,0.0
1989-02-02 00:00:00-05:00,0.3050678074359894,0.3050678074359894,0.3050678074359894,0.3050678074359894,0,0.0,0.0
1989-02-03 00:00:00-05:00,0.0,0.334121884334655,0.3050678074359894,0.3050678074359894,300,0.0,0.0
1989-02-06 00:00:00-05:00,0.3050678074359894,0.3050678074359894,0.3050678074359894,0.3050678074359894,0,0.0,0.0
1989-02-07 00:00:00-05:00,0.0,0.31959484588532217,0.3050678074359894,0.3050678074359894,2700,0.0,0.0
1989-02-08 00:00:00-05:00,0.3050678074359894,0.3050678074359894,0.3050678074359894,0.3050678074359894,0,0.0,0.0
1989-02-09 00:00:00-05:00,0.3050678074359894,0.3050678074359894,0.3050678074359894,0.3050678074359894,0,0.0,0.0
1989-02-10 00:00:00-05:00,0.3050678074359894,0.3050678074359894,0.3050678074359894,0.3050678074359894,0,0.0,0.0
1989-02-13 00:00:00-05:00,0.3050678074359894,0.3050678074359894,0.3050678074359894,0.3050678074359894,0,0.0,0.0
1989-02-14 00:00:00-05:00,0.3050678074359894,0.3050678074359894,0.3050678074359894,0.3050678074359894,0,0.0,0.0
1989-02-15 00:00:00-05:00,0.3050678074359894,0.3050678074359894,0.3050678074359894,0.3050678074359894,0,0.0,0.0
1989-02-16 00:00:00-05:00,0.3050678074359894,0.3050678074359894,0.3050678074359894,0.3050678074359894,0,0.0,0.0
1989-02-17 00:00:00-05:00,0.0,0.31959484588532217,0.3050678074359894,0.3050678074359894,1300,0.0,0.0
1989-02-21 00:00:00-05:00,0.0,0.31959484588532217,0.3050678074359894,0.3050678074359894,300,0.0,0.0
1989-02-22 00:00:00-05:00,0.0,0.31959484588532217,0.3050678074359894,0.3050678074359894,400,0.0,0.0
1989-02-23 00:00:00-05:00,0.3050678074359894,0.3050678074359894,0.3050678074359894,0.3050678074359894,0,0.0,0.0
1989-02-24 00:00:00-05:00,0.0,0.31959484588532217,0.3050678074359894,0.3050678074359894,1500,0.0,0.0
1989-02-27 00:00:00-05:00,0.3050678074359894,0.3050678074359894,0.3050678074359894,0.3050678074359894,0,0.0,0.0
1989-02-28 00:00:00-05:00,0.3050678074359894,0.3050678074359894,0.3050678074359894,0.3050678074359894,0,0.0,0.0
1989-03-01 00:00:00-05:00,0.0,0.31959484588532217,0.3050678074359894,0.3050678074359894,1700,0.0,0.0
1989-03-02 00:00:00-05:00,0.3050678074359894,0.3050678074359894,0.3050678074359894,0.3050678074359894,0,0.0,0.0
1989-03-03 00:00:00-05:00,0.3050678074359894,0.3050678074359894,0.3050678074359894,0.3050678074359894,0,0.0,0.0
1989-03-06 00:00:00-05:00,0.0,0.31959484588532217,0.3050678074359894,0.3050678074359894,100,0.0,0.0
1989-03-07 00:00:00-05:00,0.3050678074359894,0.3050678074359894,0.3050678074359894,0.3050678074359894,0,0.0,0.0
1989-03-08 00:00:00-05:00,0.0,0.31959484588532217,0.3050678074359894,0.3050678074359894,100,0.0,0.0
1989-03-09 00:00:00-05:00,0.0,0.3195947647094727,0.2905406951904297,0.2905406951904297,1000,0.0,0.0
1989-03-10 00:00:00-05:00,0.2905406951904297,0.2905406951904297,0.2905406951904297,0.2905406951904297,0,0.0,0.0
1989-03-13 00:00:00-05:00,0.0,0.3050677299499512,0.2905406951904297,0.2905406951904297,1200,0.0,0.0
1989-03-14 00:00:00-05:00,0.0,0.3050677299499512,0.2905406951904297,0.2905406951904297,2100,0.0,0.0
1989-03-15 00:00:00-05:00,0.2905406951904297,0.2905406951904297,0.2905406951904297,0.2905406951904297,0,0.0,0.0
1989-03-16 00:00:00-05:00,0.0,0.3050677299499512,0.2905406951904297,0.2905406951904297,4000,0.0,0.0
1989-03-17 00:00:00-05:00,0.2905406951904297,0.2905406951904297,0.2905406951904297,0.2905406951904297,0,0.0,0.0
1989-03-20 00:00:00-05:00,0.2905406951904297,0.2905406951904297,0.2905406951904297,0.2905406951904297,0,0.0,0.0
1989-03-21 00:00:00-05:00,0.2905406951904297,0.2905406951904297,0.2905406951904297,0.2905406951904297,0,0.0,0.0
1989-03-22 00:00:00-05:00,0.2905406951904297,0.2905406951904297,0.2905406951904297,0.2905406951904297,0,0.0,0.0
1989-03-23 00:00:00-05:00,0.2905406951904297,0.2905406951904297,0.2905406951904297,0.2905406951904297,0,0.0,0.0
1989-03-27 00:00:00-05:00,0.2905406951904297,0.2905406951904297,0.2905406951904297,0.2905406951904297,0,0.0,0.0
1989-03-28 00:00:00-05:00,0.2905406951904297,0.2905406951904297,0.2905406951904297,0.2905406951904297,0,0.0,0.0
1989-03-29 00:00:00-05:00,0.2905406951904297,0.2905406951904297,0.2905406951904297,0.2905406951904297,0,0.0,0.0
1989-03-30 00:00:00-05:00,0.2905406951904297,0.2905406951904297,0.2905406951904297,0.2905406951904297,0,0.0,0.0
1989-03-31 00:00:00-05:00,0.2905406951904297,0.2905406951904297,0.2905406951904297,0.2905406951904297,0,0.0,0.0
1989-04-03 00:00:00-04:00,0.2905406951904297,0.2905406951904297,0.2905406951904297,0.2905406951904297,0,0.0,0.0
1989-04-04 00:00:00-04:00,0.2905406951904297,0.2905406951904297,0.2905406951904297,0.2905406951904297,0,0.0,0.0
1989-04-05 00:00:00-04:00,0.0,0.348648796910825,0.3341217637062073,0.3341217637062073,36000,0.0,0.0
1989-04-06 00:00:00-04:00,0.0,0.3631758503615856,0.3486488163471222,0.3486488163471222,36000,0.0,0.0
1989-04-07 00:00:00-04:00,0.0,0.3631758301154427,0.3341217637062073,0.3341217637062073,3400,0.0,0.0
1989-04-10 00:00:00-04:00,0.0,0.3486487431959672,0.31959468126296997,0.31959468126296997,11000,0.0,0.0
1989-04-11 00:00:00-04:00,0.0,0.3341217994689942,0.2905406951904297,0.2905406951904297,11800,0.0,0.0
1989-04-12 00:00:00-04:00,0.0,0.3195947647094727,0.2905406951904297,0.2905406951904297,13600,0.0,0.0
1989-04-13 00:00:00-04:00,0.0,0.31959477851265355,0.27601367235183716,0.27601367235183716,1500,0.0,0.0
1989-04-14 00:00:00-04:00,0.0,0.31959477851265355,0.27601367235183716,0.27601367235183716,100,0.0,0.0
1989-04-17 00:00:00-04:00,0.0,0.3195947647094727,0.2905406951904297,0.2905406951904297,1100,0.0,0.0
1989-04-18 00:00:00-04:00,0.2905406951904297,0.2905406951904297,0.2905406951904297,0.2905406951904297,0,0.0,0.0
1989-04-19 00:00:00-04:00,0.2905406951904297,0.2905406951904297,0.2905406951904297,0.2905406951904297,0,0.0,0.0
1989-04-20 00:00:00-04:00,0.2905406951904297,0.2905406951904297,0.2905406951904297,0.2905406951904297,0,0.0,0.0
1989-04-21 00:00:00-04:00,0.2905406951904297,0.2905406951904297,0.2905406951904297,0.2905406951904297,0,0.0,0.0
1989-04-24 00:00:00-04:00,0.2905406951904297,0.2905406951904297,0.2905406951904297,0.2905406951904297,0,0.0,0.0
1989-04-25 00:00:00-04:00,0.2905406951904297,0.2905406951904297,0.2905406951904297,0.2905406951904297,0,0.0,0.0
1989-04-26 00:00:00-04:00,0.2905406951904297,0.2905406951904297,0.2905406951904297,0.2905406951904297,0,0.0,0.0
1989-04-27 00:00:00-04:00,0.2905406951904297,0.2905406951904297,0.2905406951904297,0.2905406951904297,0,0.0,0.0
1989-04-28 00:00:00-04:00,0.0,0.3195947647094727,0.2905406951904297,0.2905406951904297,3000,0.0,0.0
1989-05-01 00:00:00-04:00,0.0,0.3195947647094727,0.2905406951904297,0.2905406951904297,300,0.0,0.0
1989-05-02 00:00:00-04:00,0.2905406951904297,0.2905406951904297,0.2905406951904297,0.2905406951904297,0,0.0,0.0
1989-05-03 00:00:00-04:00,0.2905406951904297,0.2905406951904297,0.2905406951904297,0.2905406951904297,0,0.0,0.0
1989-05-04 00:00:00-04:00,0.2905406951904297,0.2905406951904297,0.2905406951904297,0.2905406951904297,0,0.0,0.0
1989-05-05 00:00:00-04:00,0.2905406951904297,0.2905406951904297,0.2905406951904297,0.2905406951904297,0,0.0,0.0
1989-05-08 00:00:00-04:00,0.0,0.3195947647094727,0.2905406951904297,0.2905406951904297,1700,0.0,0.0
1989-05-09 00:00:00-04:00,0.2905406951904297,0.2905406951904297,0.2905406951904297,0.2905406951904297,0,0.0,0.0
1989-05-10 00:00:00-04:00,0.2905406951904297,0.2905406951904297,0.2905406951904297,0.2905406951904297,0,0.0,0.0
1989-05-11 00:00:00-04:00,0.0,0.3050677299499512,0.2905406951904297,0.2905406951904297,2000,0.0,0.0
1989-05-12 00:00:00-04:00,0.0,0.29054070773877594,0.27601367235183716,0.27601367235183716,2000,0.0,0.0
1989-05-15 00:00:00-04:00,0.27601367235183716,0.27601367235183716,0.27601367235183716,0.27601367235183716,0,0.0,0.0
1989-05-16 00:00:00-04:00,0.0,0.3050677431257148,0.27601367235183716,0.27601367235183716,2800,0.0,0.0
1989-05-17 00:00:00-04:00,0.27601367235183716,0.27601367235183716,0.27601367235183716,0.27601367235183716,0,0.0,0.0
1989-05-18 00:00:00-04:00,0.27601367235183716,0.27601367235183716,0.27601367235183716,0.27601367235183716,0,0.0,0.0
1989-05-19 00:00:00-04:00,0.27601367235183716,0.27601367235183716,0.27601367235183716,0.27601367235183716,0,0.0,0.0
1989-05-22 00:00:00-04:00,0.27601367235183716,0.27601367235183716,0.27601367235183716,0.27601367235183716,0,0.0,0.0
1989-05-23 00:00:00-04:00,0.0,0.30506772299607593,0.26148661971092224,0.26148661971092224,3200,0.0,0.0
1989-05-24 00:00:00-04:00,0.26148661971092224,0.26148661971092224,0.26148661971092224,0.26148661971092224,0,0.0,0.0
1989-05-25 00:00:00-04:00,0.26148661971092224,0.26148661971092224,0.26148661971092224,0.26148661971092224,0,0.0,0.0
1989-05-26 00:00:00-04:00,0.26148661971092224,0.26148661971092224,0.26148661971092224,0.26148661971092224,0,0.0,0.0
1989-05-30 00:00:00-04:00,0.26148661971092224,0.26148661971092224,0.26148661971092224,0.26148661971092224,0,0.0,0.0
1989-05-31 00:00:00-04:00,0.0,0.30506772299607593,0.26148661971092224,0.26148661971092224,2000,0.0,0.0
1989-06-01 00:00:00-04:00,0.0,0.2905406885676914,0.26148661971092224,0.26148661971092224,1000,0.0,0.0
1989-06-02 00:00:00-04:00,0.26148661971092224,0.26148661971092224,0.26148661971092224,0.26148661971092224,0,0.0,0.0
1989-06-05 00:00:00-04:00,0.0,0.2905406885676914,0.26148661971092224,0.26148661971092224,1300,0.0,0.0
1989-06-06 00:00:00-04:00,0.0,0.2905406885676914,0.26148661971092224,0.26148661971092224,4200,0.0,0.0
1989-06-07 00:00:00-04:00,0.0,0.2905406885676914,0.26148661971092224,0.26148661971092224,100,0.0,0.0
1989-06-08 00:00:00-04:00,0.26148661971092224,0.26148661971092224,0.26148661971092224,0.26148661971092224,0,0.0,0.0
1989-06-09 00:00:00-04:00,0.0,0.2905406885676914,0.26148661971092224,0.26148661971092224,500,0.0,0.0
1989-06-12 00:00:00-04:00,0.0,0.2905406885676914,0.26148661971092224,0.26148661971092224,1000,0.0,0.0
1989-06-13 00:00:00-04:00,0.0,0.2905406885676914,0.26148661971092224,0.26148661971092224,100,0.0,0.0
1989-06-14 00:00:00-04:00,0.26148661971092224,0.26148661971092224,0.26148661971092224,0.26148661971092224,0,0.0,0.0
1989-06-15 00:00:00-04:00,0.26148661971092224,0.26148661971092224,0.26148661971092224,0.26148661971092224,0,0.0,0.0
1989-06-16 00:00:00-04:00,0.0,0.30506764875875936,0.26875007152557373,0.26875007152557373,700,0.0,0.0
1989-06-19 00:00:00-04:00,0.0,0.30506764875875936,0.26875007152557373,0.26875007152557373,6000,0.0,0.0
1989-06-20 00:00:00-04:00,0.0,0.30506764875875936,0.26875007152557373,0.26875007152557373,2500,0.0,0.0
1989-06-21 00:00:00-04:00,0.26875007152557373,0.26875007152557373,0.26875007152557373,0.26875007152557373,0,0.0,0.0
1989-06-22 00:00:00-04:00,0.26875007152557373,0.26875007152557373,0.26875007152557373,0.26875007152557373,0,0.0,0.0
1989-06-23 00:00:00-04:00,0.0,0.3050677431257148,0.27601367235183716,0.27601367235183716,3000,0.0,0.0
1989-06-26 00:00:00-04:00,0.27601367235183716,0.27601367235183716,0.27601367235183716,0.27601367235183716,0,0.0,0.0
1989-06-27 00:00:00-04:00,0.0,0.29054070773877594,0.27601367235183716,0.27601367235183716,10000,0.0,0.0
1989-06-28 00:00:00-04:00,0.0,0.31959484588532217,0.3050678074359894,0.3050678074359894,21000,0.0,0.0
1989-06-29 00:00:00-04:00,0.0,0.31959484588532217,0.3050678074359894,0.3050678074359894,2000,0.0,0.0
1989-06-30 00:00:00-04:00,0.0,0.34864892278398785,0.3050678074359894,0.3050678074359894,9000,0.0,0.0
1989-07-03 00:00:00-04:00,0.3050678074359894,0.3050678074359894,0.3050678074359894,0.3050678074359894,0,0.0,0.0
1989-07-05 00:00:00-04:00,0.3050678074359894,0.3050678074359894,0.3050678074359894,0.3050678074359894,0,0.0,0.0
1989-07-06 00:00:00-04:00,0.3050678074359894,0.3050678074359894,0.3050678074359894,0.3050678074359894,0,0.0,0.0
1989-07-07 00:00:00-04:00,0.0,0.34864892278398785,0.3050678074359894,0.3050678074359894,1000,0.0,0.0
1989-07-10 00:00:00-04:00,0.3050678074359894,0.3050678074359894,0.3050678074359894,0.3050678074359894,0,0.0,0.0
1989-07-11 00:00:00-04:00,0.3050678074359894,0.3050678074359894,0.3050678074359894,0.3050678074359894,0,0.0,0.0
1989-07-12 00:00:00-04:00,0.3050678074359894,0.3050678074359894,0.3050678074359894,0.3050678074359894,0,0.0,0.0
1989-07-13 00:00:00-04:00,0.3050678074359894,0.3050678074359894,0.3050678074359894,0.3050678074359894,0,0.0,0.0
1989-07-14 00:00:00-04:00,0.3050678074359894,0.3050678074359894,0.3050678074359894,0.3050678074359894,0,0.0,0.0
1989-07-17 00:00:00-04:00,0.0,0.3631757741624659,0.31959468126296997,0.31959468126296997,3300,0.0,0.0
1989-07-18 00:00:00-04:00,0.31959468126296997,0.31959468126296997,0.31959468126296997,0.31959468126296997,0,0.0,0.0
1989-07-19 00:00:00-04:00,0.0,0.3486487431959672,0.31959468126296997,0.31959468126296997,10000,0.0,0.0
1989-07-20 00:00:00-04:00,0.31959468126296997,0.31959468126296997,0.31959468126296997,0.31959468126296997,0,0.0,0.0
1989-07-21 00:00:00-04:00,0.31959468126296997,0.31959468126296997,0.31959468126296997,0.31959468126296997,0,0.0,0.0
1989-07-24 00:00:00-04:00,0.31959468126296997,0.31959468126296997,0.31959468126296997,0.31959468126296997,0,0.0,0.0
1989-07-25 00:00:00-04:00,0.31959468126296997,0.31959468126296997,0.31959468126296997,0.31959468126296997,0,0.0,0.0
1989-07-26 00:00:00-04:00,0.31959468126296997,0.31959468126296997,0.31959468126296997,0.31959468126296997,0,0.0,0.0
1989-07-27 00:00:00-04:00,0.0,0.3341217165769533,0.3123311698436737,0.3123311698436737,200,0.0,0.0
1989-07-28 00:00:00-04:00,0.3123311698436737,0.3123311698436737,0.3123311698436737,0.3123311698436737,0,0.0,0.0
1989-07-31 00:00:00-04:00,0.3123311698436737,0.3123311698436737,0.3123311698436737,0.3123311698436737,0,0.0,0.0
1989-08-01 00:00:00-04:00,0.3123311698436737,0.3123311698436737,0.3123311698436737,0.3123311698436737,0,0.0,0.0
1989-08-02 00:00:00-04:00,0.3123311698436737,0.3123311698436737,0.3123311698436737,0.3123311698436737,0,0.0,0.0
1989-08-03 00:00:00-04:00,0.3123311698436737,0.3123311698436737,0.3123311698436737,0.3123311698436737,0,0.0,0.0
1989-08-04 00:00:00-04:00,0.3123311698436737,0.3123311698436737,0.3123311698436737,0.3123311698436737,0,0.0,0.0
1989-08-07 00:00:00-04:00,0.0,0.3341217165769533,0.3123311698436737,0.3123311698436737,4000,0.0,0.0
1989-08-08 00:00:00-04:00,0.3123311698436737,0.3123311698436737,0.3123311698436737,0.3123311698436737,0,0.0,0.0
1989-08-09 00:00:00-04:00,0.3123311698436737,0.3123311698436737,0.3123311698436737,0.3123311698436737,0,0.0,0.0
1989-08-10 00:00:00-04:00,0.3123311698436737,0.3123311698436737,0.3123311698436737,0.3123311698436737,0,0.0,0.0
1989-08-11 00:00:00-04:00,0.3123311698436737,0.3123311698436737,0.3123311698436737,0.3123311698436737,0,0.0,0.0
1989-08-14 00:00:00-04:00,0.3123311698436737,0.3123311698436737,0.3123311698436737,0.3123311698436737,0,0.0,0.0
1989-08-15 00:00:00-04:00,0.0,0.33412171222946857,0.31959468126296997,0.31959468126296997,6000,0.0,0.0
1989-08-16 00:00:00-04:00,0.31959468126296997,0.31959468126296997,0.31959468126296997,0.31959468126296997,0,0.0,0.0
1989-08-17 00:00:00-04:00,0.0,0.33412171222946857,0.31959468126296997,0.31959468126296997,1400,0.0,0.0
1989-08-18 00:00:00-04:00,0.31959468126296997,0.31959468126296997,0.31959468126296997,0.31959468126296997,0,0.0,0.0
1989-08-21 00:00:00-04:00,0.31959468126296997,0.31959468126296997,0.31959468126296997,0.31959468126296997,0,0.0,0.0
1989-08-22 00:00:00-04:00,0.31959468126296997,0.31959468126296997,0.31959468126296997,0.31959468126296997,0,0.0,0.0
1989-08-23 00:00:00-04:00,0.31959468126296997,0.31959468126296997,0.31959468126296997,0.31959468126296997,0,0.0,0.0
1989-08-24 00:00:00-04:00,0.0,0.33412171222946857,0.31959468126296997,0.31959468126296997,200,0.0,0.0
1989-08-25 00:00:00-04:00,0.31959468126296997,0.31959468126296997,0.31959468126296997,0.31959468126296997,0,0.0,0.0
1989-08-28 00:00:00-04:00,0.0,0.334121884334655,0.3050678074359894,0.3050678074359894,1000,0.0,0.0
1989-08-29 00:00:00-04:00,0.3050678074359894,0.3050678074359894,0.3050678074359894,0.3050678074359894,0,0.0,0.0
1989-08-30 00:00:00-04:00,0.0,0.33412171222946857,0.31959468126296997,0.31959468126296997,1500,0.0,0.0
1989-08-31 00:00:00-04:00,0.31959468126296997,0.31959468126296997,0.31959468126296997,0.31959468126296997,0,0.0,0.0
1989-09-01 00:00:00-04:00,0.31959468126296997,0.31959468126296997,0.31959468126296997,0.31959468126296997,0,0.0,0.0
1989-09-05 00:00:00-04:00,0.31959468126296997,0.31959468126296997,0.31959468126296997,0.31959468126296997,0,0.0,0.0
1989-09-06 00:00:00-04:00,0.0,0.33412171222946857,0.31959468126296997,0.31959468126296997,2600,0.0,0.0
1989-09-07 00:00:00-04:00,0.0,0.33412171222946857,0.31959468126296997,0.31959468126296997,200,0.0,0.0
1989-09-08 00:00:00-04:00,0.31959468126296997,0.31959468126296997,0.31959468126296997,0.31959468126296997,0,0.0,0.0
1989-09-11 00:00:00-04:00,0.31959468126296997,0.31959468126296997,0.31959468126296997,0.31959468126296997,0,0.0,0.0
1989-09-12 00:00:00-04:00,0.31959468126296997,0.31959468126296997,0.31959468126296997,0.31959468126296997,0,0.0,0.0
1989-09-13 00:00:00-04:00,0.31959468126296997,0.31959468126296997,0.31959468126296997,0.31959468126296997,0,0.0,0.0
1989-09-14 00:00:00-04:00,0.31959468126296997,0.31959468126296997,0.31959468126296997,0.31959468126296997,0,0.0,0.0
1989-09-15 00:00:00-04:00,0.31959468126296997,0.31959468126296997,0.31959468126296997,0.31959468126296997,0,0.0,0.0
1989-09-18 00:00:00-04:00,0.31959468126296997,0.31959468126296997,0.31959468126296997,0.31959468126296997,0,0.0,0.0
1989-09-19 00:00:00-04:00,0.0,0.31959484588532217,0.3050678074359894,0.3050678074359894,2600,0.0,0.0
1989-09-20 00:00:00-04:00,0.0,0.31959484588532217,0.3050678074359894,0.3050678074359894,300,0.0,0.0
1989-09-21 00:00:00-04:00,0.3050678074359894,0.3050678074359894,0.3050678074359894,0.3050678074359894,0,0.0,0.0
1989-09-22 00:00:00-04:00,0.0,0.31959484588532217,0.3050678074359894,0.3050678074359894,1000,0.0,0.0
1989-09-25 00:00:00-04:00,0.3050678074359894,0.3050678074359894,0.3050678074359894,0.3050678074359894,0,0.0,0.0
1989-09-26 00:00:00-04:00,0.3050678074359894,0.3050678074359894,0.3050678074359894,0.3050678074359894,0,0.0,0.0
1989-09-27 00:00:00-04:00,0.3050678074359894,0.3050678074359894,0.3050678074359894,0.3050678074359894,0,0.0,0.0
1989-09-28 00:00:00-04:00,0.3050678074359894,0.3050678074359894,0.3050678074359894,0.3050678074359894,0,0.0,0.0
1989-09-29 00:00:00-04:00,0.0,0.31959484588532217,0.3050678074359894,0.3050678074359894,400,0.0,0.0
1989-10-02 00:00:00-04:00,0.0,0.31959484588532217,0.3050678074359894,0.3050678074359894,2000,0.0,0.0
1989-10-03 00:00:00-04:00,0.3050678074359894,0.3050678074359894,0.3050678074359894,0.3050678074359894,0,0.0,0.0
1989-10-04 00:00:00-04:00,0.3050678074359894,0.3050678074359894,0.3050678074359894,0.3050678074359894,0,0.0,0.0
1989-10-05 00:00:00-04:00,0.3050678074359894,0.3050678074359894,0.3050678074359894,0.3050678074359894,0,0.0,0.0
1989-10-06 00:00:00-04:00,0.0,0.31959484588532217,0.3050678074359894,0.3050678074359894,300,0.0,0.0
1989-10-09 00:00:00-04:00,0.0,0.3195947647094727,0.2905406951904297,0.2905406951904297,4000,0.0,0.0
1989-10-10 00:00:00-04:00,0.0,0.31959495021075734,0.2978043854236603,0.2978043854236603,2200,0.0,0.0
1989-10-11 00:00:00-04:00,0.2978043854236603,0.2978043854236603,0.2978043854236603,0.2978043854236603,0,0.0,0.0
1989-10-12 00:00:00-04:00,0.2978043854236603,0.2978043854236603,0.2978043854236603,0.2978043854236603,0,0.0,0.0
1989-10-13 00:00:00-04:00,0.2978043854236603,0.2978043854236603,0.2978043854236603,0.2978043854236603,0,0.0,0.0
1989-10-16 00:00:00-04:00,0.0,0.31959495021075734,0.2978043854236603,0.2978043854236603,600,0.0,0.0
1989-10-17 00:00:00-04:00,0.2978043854236603,0.2978043854236603,0.2978043854236603,0.2978043854236603,0,0.0,0.0
1989-10-18 00:00:00-04:00,0.2978043854236603,0.2978043854236603,0.2978043854236603,0.2978043854236603,0,0.0,0.0
1989-10-19 00:00:00-04:00,0.2978043854236603,0.2978043854236603,0.2978043854236603,0.2978043854236603,0,0.0,0.0
1989-10-20 00:00:00-04:00,0.2978043854236603,0.2978043854236603,0.2978043854236603,0.2978043854236603,0,0.0,0.0
1989-10-23 00:00:00-04:00,0.2978043854236603,0.2978043854236603,0.2978043854236603,0.2978043854236603,0,0.0,0.0
1989-10-24 00:00:00-04:00,0.2978043854236603,0.2978043854236603,0.2978043854236603,0.2978043854236603,0,0.0,0.0
1989-10-25 00:00:00-04:00,0.2978043854236603,0.2978043854236603,0.2978043854236603,0.2978043854236603,0,0.0,0.0
1989-10-26 00:00:00-04:00,0.0,0.31959484588532217,0.3050678074359894,0.3050678074359894,2000,0.0,0.0
1989-10-27 00:00:00-04:00,0.3050678074359894,0.3050678074359894,0.3050678074359894,0.3050678074359894,0,0.0,0.0
1989-10-30 00:00:00-05:00,0.3050678074359894,0.3050678074359894,0.3050678074359894,0.3050678074359894,0,0.0,0.0
1989-10-31 00:00:00-05:00,0.0,0.31959484588532217,0.3050678074359894,0.3050678074359894,300,0.0,0.0
1989-11-01 00:00:00-05:00,0.3050678074359894,0.3050678074359894,0.3050678074359894,0.3050678074359894,0,0.0,0.0
1989-11-02 00:00:00-05:00,0.3050678074359894,0.3050678074359894,0.3050678074359894,0.3050678074359894,0,0.0,0.0
1989-11-03 00:00:00-05:00,0.3050678074359894,0.3050678074359894,0.3050678074359894,0.3050678074359894,0,0.0,0.0
1989-11-06 00:00:00-05:00,0.3050678074359894,0.3050678074359894,0.3050678074359894,0.3050678074359894,0,0.0,0.0
1989-11-07 00:00:00-05:00,0.3050678074359894,0.3050678074359894,0.3050678074359894,0.3050678074359894,0,0.0,0.0
1989-11-08 00:00:00-05:00,0.0,0.3195947647094727,0.2905406951904297,0.2905406951904297,14000,0.0,0.0
1989-11-09 00:00:00-05:00,0.0,0.3050678005585304,0.2832772433757782,0.2832772433757782,1500,0.0,0.0
1989-11-10 00:00:00-05:00,0.0,0.31233131961944777,0.2832772433757782,0.2832772433757782,1000,0.0,0.0
1989-11-13 00:00:00-05:00,0.2832772433757782,0.2832772433757782,0.2832772433757782,0.2832772433757782,0,0.0,0.0
1989-11-14 00:00:00-05:00,0.2832772433757782,0.2832772433757782,0.2832772433757782,0.2832772433757782,0,0.0,0.0
1989-11-15 00:00:00-05:00,0.0,0.3050678005585304,0.2832772433757782,0.2832772433757782,4500,0.0,0.0
1989-11-16 00:00:00-05:00,0.0,0.3050678005585304,0.2832772433757782,0.2832772433757782,1300,0.0,0.0
1989-11-17 00:00:00-05:00,0.0,0.3050678005585304,0.2832772433757782,0.2832772433757782,600,0.0,0.0
1989-11-20 00:00:00-05:00,0.2832772433757782,0.2832772433757782,0.2832772433757782,0.2832772433757782,0,0.0,0.0
1989-11-21 00:00:00-05:00,0.2832772433757782,0.2832772433757782,0.2832772433757782,0.2832772433757782,0,0.0,0.0
1989-11-22 00:00:00-05:00,0.2832772433757782,0.2832772433757782,0.2832772433757782,0.2832772433757782,0,0.0,0.0
1989-11-24 00:00:00-05:00,0.2832772433757782,0.2832772433757782,0.2832772433757782,0.2832772433757782,0,0.0,0.0
1989-11-27 00:00:00-05:00,0.0,0.3050678005585304,0.2832772433757782,0.2832772433757782,100,0.0,0.0
1989-11-28 00:00:00-05:00,0.2832772433757782,0.2832772433757782,0.2832772433757782,0.2832772433757782,0,0.0,0.0
1989-11-29 00:00:00-05:00,0.2832772433757782,0.2832772433757782,0.2832772433757782,0.2832772433757782,0,0.0,0.0
1989-11-30 00:00:00-05:00,0.2832772433757782,0.2832772433757782,0.2832772433757782,0.2832772433757782,0,0.0,0.0
1989-12-01 00:00:00-05:00,0.2832772433757782,0.2832772433757782,0.2832772433757782,0.2832772433757782,0,0.0,0.0
1989-12-04 00:00:00-05:00,0.2832772433757782,0.2832772433757782,0.2832772433757782,0.2832772433757782,0,0.0,0.0
1989-12-05 00:00:00-05:00,0.2832772433757782,0.2832772433757782,0.2832772433757782,0.2832772433757782,0,0.0,0.0
1989-12-06 00:00:00-05:00,0.0,0.3050678005585304,0.2832772433757782,0.2832772433757782,1000,0.0,0.0
1989-12-07 00:00:00-05:00,0.2832772433757782,0.2832772433757782,0.2832772433757782,0.2832772433757782,0,0.0,0.0
1989-12-08 00:00:00-05:00,0.2832772433757782,0.2832772433757782,0.2832772433757782,0.2832772433757782,0,0.0,0.0
1989-12-11 00:00:00-05:00,0.2832772433757782,0.2832772433757782,0.2832772433757782,0.2832772433757782,0,0.0,0.0
1989-12-12 00:00:00-05:00,0.2832772433757782,0.2832772433757782,0.2832772433757782,0.2832772433757782,0,0.0,0.0
1989-12-13 00:00:00-05:00,0.2832772433757782,0.2832772433757782,0.2832772433757782,0.2832772433757782,0,0.0,0.0
1989-12-14 00:00:00-05:00,0.0,0.2905407624366956,0.2832772433757782,0.2832772433757782,3500,0.0,0.0
1989-12-15 00:00:00-05:00,0.0,0.2905407624366956,0.2832772433757782,0.2832772433757782,800,0.0,0.0
1989-12-18 00:00:00-05:00,0.2832772433757782,0.2832772433757782,0.2832772433757782,0.2832772433757782,0,0.0,0.0
1989-12-19 00:00:00-05:00,0.2832772433757782,0.2832772433757782,0.2832772433757782,0.2832772433757782,0,0.0,0.0
1989-12-20 00:00:00-05:00,0.0,0.31959477851265355,0.27601367235183716,0.27601367235183716,3600,0.0,0.0
1989-12-21 00:00:00-05:00,0.0,0.31959477851265355,0.27601367235183716,0.27601367235183716,3600,0.0,0.0
1989-12-22 00:00:00-05:00,0.27601367235183716,0.27601367235183716,0.27601367235183716,0.27601367235183716,0,0.0,0.0
1989-12-26 00:00:00-05:00,0.27601367235183716,0.27601367235183716,0.27601367235183716,0.27601367235183716,0,0.0,0.0
1989-12-27 00:00:00-05:00,0.27601367235183716,0.27601367235183716,0.27601367235183716,0.27601367235183716,0,0.0,0.0
1989-12-28 00:00:00-05:00,0.27601367235183716,0.27601367235183716,0.27601367235183716,0.27601367235183716,0,0.0,0.0
1989-12-29 00:00:00-05:00,0.27601367235183716,0.27601367235183716,0.27601367235183716,0.27601367235183716,0,0.0,0.0
1990-01-02 00:00:00-05:00,0.27601367235183716,0.27601367235183716,0.27601367235183716,0.27601367235183716,0,0.0,0.0
1990-01-03 00:00:00-05:00,0.0,0.3050677431257148,0.27601367235183716,0.27601367235183716,2000,0.0,0.0
1990-01-04 00:00:00-05:00,0.0,0.3050677431257148,0.27601367235183716,0.27601367235183716,2000,0.0,0.0
1990-01-05 00:00:00-05:00,0.0,0.30506772299607593,0.26148661971092224,0.26148661971092224,14100,0.0,0.0
1990-01-08 00:00:00-05:00,0.0,0.3050677431257148,0.27601367235183716,0.27601367235183716,1000,0.0,0.0
1990-01-09 00:00:00-05:00,0.27601367235183716,0.27601367235183716,0.27601367235183716,0.27601367235183716,0,0.0,0.0
1990-01-10 00:00:00-05:00,0.27601367235183716,0.27601367235183716,0.27601367235183716,0.27601367235183716,0,0.0,0.0
1990-01-11 00:00:00-05:00,0.27601367235183716,0.27601367235183716,0.27601367235183716,0.27601367235183716,0,0.0,0.0
1990-01-12 00:00:00-05:00,0.27601367235183716,0.27601367235183716,0.27601367235183716,0.27601367235183716,0,0.0,0.0
1990-01-15 00:00:00-05:00,0.0,0.3050677431257148,0.27601367235183716,0.27601367235183716,5000,0.0,0.0
1990-01-16 00:00:00-05:00,0.0,0.30506772299607593,0.26148661971092224,0.26148661971092224,1000,0.0,0.0
1990-01-17 00:00:00-05:00,0.26148661971092224,0.26148661971092224,0.26148661971092224,0.26148661971092224,0,0.0,0.0
1990-01-18 00:00:00-05:00,0.26148661971092224,0.26148661971092224,0.26148661971092224,0.26148661971092224,0,0.0,0.0
1990-01-19 00:00:00-05:00,0.26148661971092224,0.26148661971092224,0.26148661971092224,0.26148661971092224,0,0.0,0.0
1990-01-22 00:00:00-05:00,0.26148661971092224,0.26148661971092224,0.26148661971092224,0.26148661971092224,0,0.0,0.0
1990-01-23 00:00:00-05:00,0.26148661971092224,0.26148661971092224,0.26148661971092224,0.26148661971092224,0,0.0,0.0
1990-01-24 00:00:00-05:00,0.0,0.30506772299607593,0.26148661971092224,0.26148661971092224,3000,0.0,0.0
1990-01-25 00:00:00-05:00,0.26148661971092224,0.26148661971092224,0.26148661971092224,0.26148661971092224,0,0.0,0.0
1990-01-26 00:00:00-05:00,0.26148661971092224,0.26148661971092224,0.26148661971092224,0.26148661971092224,0,0.0,0.0
1990-01-29 00:00:00-05:00,0.26148661971092224,0.26148661971092224,0.26148661971092224,0.26148661971092224,0,0.0,0.0
1990-01-30 00:00:00-05:00,0.26148661971092224,0.26148661971092224,0.26148661971092224,0.26148661971092224,0,0.0,0.0
1990-01-31 00:00:00-05:00,0.26148661971092224,0.26148661971092224,0.26148661971092224,0.26148661971092224,0,0.0,0.0
1990-02-01 00:00:00-05:00,0.26148661971092224,0.26148661971092224,0.26148661971092224,0.26148661971092224,0,0.0,0.0
1990-02-02 00:00:00-05:00,0.26148661971092224,0.26148661971092224,0.26148661971092224,0.26148661971092224,0,0.0,0.0
1990-02-05 00:00:00-05:00,0.0,0.2905405970180736,0.24695950746536255,0.24695950746536255,1200,0.0,0.0
1990-02-06 00:00:00-05:00,0.24695950746536255,0.24695950746536255,0.24695950746536255,0.24695950746536255,0,0.0,0.0
1990-02-07 00:00:00-05:00,0.0,0.2760136541393068,0.26148661971092224,0.26148661971092224,2700,0.0,0.0
1990-02-08 00:00:00-05:00,0.0,0.2760135671671699,0.24695950746536255,0.24695950746536255,600,0.0,0.0
1990-02-09 00:00:00-05:00,0.24695950746536255,0.24695950746536255,0.24695950746536255,0.24695950746536255,0,0.0,0.0
1990-02-12 00:00:00-05:00,0.0,0.2760135577991605,0.23243246972560883,0.23243246972560883,100,0.0,0.0
1990-02-13 00:00:00-05:00,0.23243246972560883,0.23243246972560883,0.23243246972560883,0.23243246972560883,0,0.0,0.0
1990-02-14 00:00:00-05:00,0.23243246972560883,0.23243246972560883,0.23243246972560883,0.23243246972560883,0,0.0,0.0
1990-02-15 00:00:00-05:00,0.23243246972560883,0.23243246972560883,0.23243246972560883,0.23243246972560883,0,0.0,0.0
1990-02-16 00:00:00-05:00,0.0,0.2760135671671699,0.24695950746536255,0.24695950746536255,200,0.0,0.0
1990-02-20 00:00:00-05:00,0.24695950746536255,0.24695950746536255,0.24695950746536255,0.24695950746536255,0,0.0,0.0
1990-02-21 00:00:00-05:00,0.0,0.2760135671671699,0.24695950746536255,0.24695950746536255,100,0.0,0.0
1990-02-22 00:00:00-05:00,0.24695950746536255,0.24695950746536255,0.24695950746536255,0.24695950746536255,0,0.0,0.0
1990-02-23 00:00:00-05:00,0.0,0.2760135671671699,0.24695950746536255,0.24695950746536255,100,0.0,0.0
1990-02-26 00:00:00-05:00,0.24695950746536255,0.24695950746536255,0.24695950746536255,0.24695950746536255,0,0.0,0.0
1990-02-27 00:00:00-05:00,0.24695950746536255,0.24695950746536255,0.24695950746536255,0.24695950746536255,0,0.0,0.0
1990-02-28 00:00:00-05:00,0.24695950746536255,0.24695950746536255,0.24695950746536255,0.24695950746536255,0,0.0,0.0
1990-03-01 00:00:00-05:00,0.24695950746536255,0.24695950746536255,0.24695950746536255,0.24695950746536255,0,0.0,0.0
1990-03-02 00:00:00-05:00,0.0,0.26148653731626625,0.24695950746536255,0.24695950746536255,5000,0.0,0.0
1990-03-05 00:00:00-05:00,0.0,0.2760135671671699,0.24695950746536255,0.24695950746536255,1000,0.0,0.0
1990-03-06 00:00:00-05:00,0.24695950746536255,0.24695950746536255,0.24695950746536255,0.24695950746536255,0,0.0,0.0
1990-03-07 00:00:00-05:00,0.0,0.2760135671671699,0.24695950746536255,0.24695950746536255,1500,0.0,0.0
1990-03-08 00:00:00-05:00,0.24695950746536255,0.24695950746536255,0.24695950746536255,0.24695950746536255,0,0.0,0.0
1990-03-09 00:00:00-05:00,0.24695950746536255,0.24695950746536255,0.24695950746536255,0.24695950746536255,0,0.0,0.0
1990-03-12 00:00:00-05:00,0.24695950746536255,0.24695950746536255,0.24695950746536255,0.24695950746536255,0,0.0,0.0
1990-03-13 00:00:00-05:00,0.0,0.2760135671671699,0.24695950746536255,0.24695950746536255,5000,0.0,0.0
1990-03-14 00:00:00-05:00,0.0,0.2760135671671699,0.24695950746536255,0.24695950746536255,5000,0.0,0.0
1990-03-15 00:00:00-05:00,0.24695950746536255,0.24695950746536255,0.24695950746536255,0.24695950746536255,0,0.0,0.0
1990-03-16 00:00:00-05:00,0.24695950746536255,0.24695950746536255,0.24695950746536255,0.24695950746536255,0,0.0,0.0
1990-03-19 00:00:00-05:00,0.0,0.2905406885676914,0.26148661971092224,0.26148661971092224,2000,0.0,0.0
1990-03-20 00:00:00-05:00,0.0,0.2905406885676914,0.26148661971092224,0.26148661971092224,5000,0.0,0.0
1990-03-21 00:00:00-05:00,0.26148661971092224,0.26148661971092224,0.26148661971092224,0.26148661971092224,0,0.0,0.0
1990-03-22 00:00:00-05:00,0.26148661971092224,0.26148661971092224,0.26148661971092224,0.26148661971092224,0,0.0,0.0
1990-03-23 00:00:00-05:00,0.26148661971092224,0.26148661971092224,0.26148661971092224,0.26148661971092224,0,0.0,0.0
1990-03-26 00:00:00-05:00,0.26148661971092224,0.26148661971092224,0.26148661971092224,0.26148661971092224,0,0.0,0.0
1990-03-27 00:00:00-05:00,0.26148661971092224,0.26148661971092224,0.26148661971092224,0.26148661971092224,0,0.0,0.0
1990-03-28 00:00:00-05:00,0.26148661971092224,0.26148661971092224,0.26148661971092224,0.26148661971092224,0,0.0,0.0
1990-03-29 00:00:00-05:00,0.0,0.30506764875875936,0.26875007152557373,0.26875007152557373,4000,0.0,0.0
1990-03-30 00:00:00-05:00,0.26875007152557373,0.26875007152557373,0.26875007152557373,0.26875007152557373,0,0.0,0.0
1990-04-02 00:00:00-04:00,0.26875007152557373,0.26875007152557373,0.26875007152557373,0.26875007152557373,0,0.0,0.0
1990-04-03 00:00:00-04:00,0.0,0.2832771713534991,0.26148661971092224,0.26148661971092224,1400,0.0,0.0
1990-04-04 00:00:00-04:00,0.26148661971092224,0.26148661971092224,0.26148661971092224,0.26148661971092224,0,0.0,0.0
1990-04-05 00:00:00-04:00,0.26148661971092224,0.26148661971092224,0.26148661971092224,0.26148661971092224,0,0.0,0.0
1990-04-06 00:00:00-04:00,0.26148661971092224,0.26148661971092224,0.26148661971092224,0.26148661971092224,0,0.0,0.0
1990-04-09 00:00:00-04:00,0.26148661971092224,0.26148661971092224,0.26148661971092224,0.26148661971092224,0,0.0,0.0
1990-04-10 00:00:00-04:00,0.26148661971092224,0.26148661971092224,0.26148661971092224,0.26148661971092224,0,0.0,0.0
1990-04-11 00:00:00-04:00,0.0,0.3050677299499512,0.2905406951904297,0.2905406951904297,5000,0.0,0.0
1990-04-12 00:00:00-04:00,0.0,0.3195947647094727,0.2905406951904297,0.2905406951904297,40000,0.0,0.0
1990-04-16 00:00:00-04:00,0.0,0.3341217994689942,0.2905406951904297,0.2905406951904297,3000,0.0,0.0
1990-04-17 00:00:00-04:00,0.0,0.3341217994689942,0.2905406951904297,0.2905406951904297,2000,0.0,0.0
1990-04-18 00:00:00-04:00,0.0,0.3268582820892334,0.2905406951904297,0.2905406951904297,2000,0.0,0.0
1990-04-19 00:00:00-04:00,0.0,0.3195947647094727,0.2905406951904297,0.2905406951904297,4000,0.0,0.0
1990-04-20 00:00:00-04:00,0.0,0.3195947647094727,0.2905406951904297,0.2905406951904297,2800,0.0,0.0
1990-04-23 00:00:00-04:00,0.0,0.3195947647094727,0.2905406951904297,0.2905406951904297,2000,0.0,0.0
1990-04-24 00:00:00-04:00,0.0,0.3195947647094727,0.2905406951904297,0.2905406951904297,1000,0.0,0.0
1990-04-25 00:00:00-04:00,0.0,0.31959495021075734,0.2978043854236603,0.2978043854236603,1000,0.0,0.0
1990-04-26 00:00:00-04:00,0.0,0.3050677299499512,0.2905406951904297,0.2905406951904297,4600,0.0,0.0
1990-04-27 00:00:00-04:00,0.0,0.3050677299499512,0.2905406951904297,0.2905406951904297,900,0.0,0.0
1990-04-30 00:00:00-04:00,0.0,0.3050677299499512,0.2905406951904297,0.2905406951904297,900,0.0,0.0
1990-05-01 00:00:00-04:00,0.0,0.3050677299499512,0.2905406951904297,0.2905406951904297,800,0.0,0.0
1990-05-02 00:00:00-04:00,0.2905406951904297,0.2905406951904297,0.2905406951904297,0.2905406951904297,0,0.0,0.0
1990-05-03 00:00:00-04:00,0.0,0.3050677299499512,0.2905406951904297,0.2905406951904297,1100,0.0,0.0
1990-05-04 00:00:00-04:00,0.0,0.3050677431257148,0.27601367235183716,0.27601367235183716,4000,0.0,0.0
1990-05-07 00:00:00-04:00,0.27601367235183716,0.27601367235183716,0.27601367235183716,0.27601367235183716,0,0.0,0.0
1990-05-08 00:00:00-04:00,0.27601367235183716,0.27601367235183716,0.27601367235183716,0.27601367235183716,0,0.0,0.0
1990-05-09 00:00:00-04:00,0.0,0.3050677431257148,0.27601367235183716,0.27601367235183716,600,0.0,0.0
1990-05-10 00:00:00-04:00,0.0,0.3050677431257148,0.27601367235183716,0.27601367235183716,9300,0.0,0.0
1990-05-11 00:00:00-04:00,0.27601367235183716,0.27601367235183716,0.27601367235183716,0.27601367235183716,0,0.0,0.0
1990-05-14 00:00:00-04:00,0.0,0.3050677431257148,0.27601367235183716,0.27601367235183716,100,0.0,0.0
1990-05-15 00:00:00-04:00,0.27601367235183716,0.27601367235183716,0.27601367235183716,0.27601367235183716,0,0.0,0.0
1990-05-16 00:00:00-04:00,0.27601367235183716,0.27601367235183716,0.27601367235183716,0.27601367235183716,0,0.0,0.0
1990-05-17 00:00:00-04:00,0.0,0.2905406885676914,0.26148661971092224,0.26148661971092224,8000,0.0,0.0
1990-05-18 00:00:00-04:00,0.0,0.2905406885676914,0.26148661971092224,0.26148661971092224,13000,0.0,0.0
1990-05-21 00:00:00-04:00,0.0,0.2905406885676914,0.26148661971092224,0.26148661971092224,6500,0.0,0.0
1990-05-22 00:00:00-04:00,0.26148661971092224,0.26148661971092224,0.26148661971092224,0.26148661971092224,0,0.0,0.0
1990-05-23 00:00:00-04:00,0.0,0.3050677431257148,0.27601367235183716,0.27601367235183716,17000,0.0,0.0
1990-05-24 00:00:00-04:00,0.0,0.3050677431257148,0.27601367235183716,0.27601367235183716,3200,0.0,0.0
1990-05-25 00:00:00-04:00,0.27601367235183716,0.27601367235183716,0.27601367235183716,0.27601367235183716,0,0.0,0.0
1990-05-29 00:00:00-04:00,0.27601367235183716,0.27601367235183716,0.27601367235183716,0.27601367235183716,0,0.0,0.0
1990-05-30 00:00:00-04:00,0.0,0.3050677431257148,0.27601367235183716,0.27601367235183716,600,0.0,0.0
1990-05-31 00:00:00-04:00,0.27601367235183716,0.27601367235183716,0.27601367235183716,0.27601367235183716,0,0.0,0.0
1990-06-01 00:00:00-04:00,0.0,0.3050677431257148,0.27601367235183716,0.27601367235183716,1300,0.0,0.0
1990-06-04 00:00:00-04:00,0.27601367235183716,0.27601367235183716,0.27601367235183716,0.27601367235183716,0,0.0,0.0
1990-06-05 00:00:00-04:00,0.27601367235183716,0.27601367235183716,0.27601367235183716,0.27601367235183716,0,0.0,0.0
1990-06-06 00:00:00-04:00,0.27601367235183716,0.27601367235183716,0.27601367235183716,0.27601367235183716,0,0.0,0.0
1990-06-07 00:00:00-04:00,0.27601367235183716,0.27601367235183716,0.27601367235183716,0.27601367235183716,0,0.0,0.0
1990-06-08 00:00:00-04:00,0.27601367235183716,0.27601367235183716,0.27601367235183716,0.27601367235183716,0,0.0,0.0
1990-06-11 00:00:00-04:00,0.27601367235183716,0.27601367235183716,0.27601367235183716,0.27601367235183716,0,0.0,0.0
1990-06-12 00:00:00-04:00,0.27601367235183716,0.27601367235183716,0.27601367235183716,0.27601367235183716,0,0.0,0.0
1990-06-13 00:00:00-04:00,0.27601367235183716,0.27601367235183716,0.27601367235183716,0.27601367235183716,0,0.0,0.0
1990-06-14 00:00:00-04:00,0.27601367235183716,0.27601367235183716,0.27601367235183716,0.27601367235183716,0,0.0,0.0
1990-06-15 00:00:00-04:00,0.0,0.29054070773877594,0.27601367235183716,0.27601367235183716,3700,0.0,0.0
1990-06-18 00:00:00-04:00,0.0,0.29054070773877594,0.27601367235183716,0.27601367235183716,2800,0.0,0.0
1990-06-19 00:00:00-04:00,0.0,0.3050677431257148,0.27601367235183716,0.27601367235183716,9000,0.0,0.0
1990-06-20 00:00:00-04:00,0.0,0.3050678005585304,0.2832772433757782,0.2832772433757782,500,0.0,0.0
1990-06-21 00:00:00-04:00,0.2832772433757782,0.2832772433757782,0.2832772433757782,0.2832772433757782,0,0.0,0.0
1990-06-22 00:00:00-04:00,0.0,0.334121884334655,0.3050678074359894,0.3050678074359894,21100,0.0,0.0
1990-06-25 00:00:00-04:00,0.0,0.334121884334655,0.3050678074359894,0.3050678074359894,1700,0.0,0.0
1990-06-26 00:00:00-04:00,0.3050678074359894,0.3050678074359894,0.3050678074359894,0.3050678074359894,0,0.0,0.0
1990-06-27 00:00:00-04:00,0.0,0.334121884334655,0.3050678074359894,0.3050678074359894,4100,0.0,0.0
1990-06-28 00:00:00-04:00,0.0,0.334121884334655,0.3050678074359894,0.3050678074359894,1500,0.0,0.0
1990-06-29 00:00:00-04:00,0.0,0.334121884334655,0.3050678074359894,0.3050678074359894,1000,0.0,0.0
1990-07-02 00:00:00-04:00,0.0,0.334121884334655,0.3050678074359894,0.3050678074359894,800,0.0,0.0
1990-07-03 00:00:00-04:00,0.0,0.334121884334655,0.3050678074359894,0.3050678074359894,2400,0.0,0.0
1990-07-05 00:00:00-04:00,0.3050678074359894,0.3050678074359894,0.3050678074359894,0.3050678074359894,0,0.0,0.0
1990-07-06 00:00:00-04:00,0.0,0.334121884334655,0.3050678074359894,0.3050678074359894,400,0.0,0.0
1990-07-09 00:00:00-04:00,0.0,0.334121884334655,0.3050678074359894,0.3050678074359894,400,0.0,0.0
1990-07-10 00:00:00-04:00,0.0,0.334121884334655,0.3050678074359894,0.3050678074359894,10500,0.0,0.0
1990-07-11 00:00:00-04:00,0.0,0.334121884334655,0.3050678074359894,0.3050678074359894,9100,0.0,0.0
1990-07-12 00:00:00-04:00,0.0,0.334121884334655,0.3050678074359894,0.3050678074359894,2100,0.0,0.0
1990-07-13 00:00:00-04:00,0.0,0.334121884334655,0.3050678074359894,0.3050678074359894,3000,0.0,0.0
1990-07-16 00:00:00-04:00,0.0,0.334121884334655,0.3050678074359894,0.3050678074359894,3000,0.0,0.0
1990-07-17 00:00:00-04:00,0.0,0.334121884334655,0.3050678074359894,0.3050678074359894,2400,0.0,0.0
1990-07-18 00:00:00-04:00,0.0,0.334121884334655,0.3050678074359894,0.3050678074359894,2400,0.0,0.0
1990-07-19 00:00:00-04:00,0.0,0.334121884334655,0.3050678074359894,0.3050678074359894,3700,0.0,0.0
1990-07-20 00:00:00-04:00,0.0,0.334121884334655,0.3050678074359894,0.3050678074359894,300,0.0,0.0
1990-07-23 00:00:00-04:00,0.0,0.334121884334655,0.3050678074359894,0.3050678074359894,2200,0.0,0.0
1990-07-24 00:00:00-04:00,0.0,0.334121884334655,0.3050678074359894,0.3050678074359894,7200,0.0,0.0
1990-07-25 00:00:00-04:00,0.0,0.334121884334655,0.3050678074359894,0.3050678074359894,500,0.0,0.0
1990-07-26 00:00:00-04:00,0.0,0.334121884334655,0.3050678074359894,0.3050678074359894,2300,0.0,0.0
1990-07-27 00:00:00-04:00,0.0,0.334121884334655,0.3050678074359894,0.3050678074359894,200,0.0,0.0
1990-07-30 00:00:00-04:00,0.0,0.334121884334655,0.3050678074359894,0.3050678074359894,5000,0.0,0.0
1990-07-31 00:00:00-04:00,0.0,0.334121884334655,0.3050678074359894,0.3050678074359894,1500,0.0,0.0
1990-08-01 00:00:00-04:00,0.0,0.31959484588532217,0.3050678074359894,0.3050678074359894,2900,0.0,0.0
1990-08-02 00:00:00-04:00,0.0,0.31959484588532217,0.3050678074359894,0.3050678074359894,500,0.0,0.0
1990-08-03 00:00:00-04:00,0.3050678074359894,0.3050678074359894,0.3050678074359894,0.3050678074359894,0,0.0,0.0
1990-08-06 00:00:00-04:00,0.0,0.31959484588532217,0.3050678074359894,0.3050678074359894,2400,0.0,0.0
1990-08-07 00:00:00-04:00,0.0,0.3050677299499512,0.2905406951904297,0.2905406951904297,3100,0.0,0.0
1990-08-08 00:00:00-04:00,0.2905406951904297,0.2905406951904297,0.2905406951904297,0.2905406951904297,0,0.0,0.0
1990-08-09 00:00:00-04:00,0.0,0.3050677299499512,0.2905406951904297,0.2905406951904297,100,0.0,0.0
1990-08-10 00:00:00-04:00,0.2905406951904297,0.2905406951904297,0.2905406951904297,0.2905406951904297,0,0.0,0.0
1990-08-13 00:00:00-04:00,0.2905406951904297,0.2905406951904297,0.2905406951904297,0.2905406951904297,0,0.0,0.0
1990-08-14 00:00:00-04:00,0.0,0.3050677431257148,0.27601367235183716,0.27601367235183716,1000,0.0,0.0
1990-08-15 00:00:00-04:00,0.0,0.3050677431257148,0.27601367235183716,0.27601367235183716,700,0.0,0.0
1990-08-16 00:00:00-04:00,0.0,0.3050678005585304,0.2832772433757782,0.2832772433757782,2500,0.0,0.0
1990-08-17 00:00:00-04:00,0.2832772433757782,0.2832772433757782,0.2832772433757782,0.2832772433757782,0,0.0,0.0
1990-08-20 00:00:00-04:00,0.0,0.3050678005585304,0.2832772433757782,0.2832772433757782,3000,0.0,0.0
1990-08-21 00:00:00-04:00,0.0,0.3050677431257148,0.27601367235183716,0.27601367235183716,1000,0.0,0.0
1990-08-22 00:00:00-04:00,0.27601367235183716,0.27601367235183716,0.27601367235183716,0.27601367235183716,0,0.0,0.0
1990-08-23 00:00:00-04:00,0.0,0.2905406885676914,0.26148661971092224,0.26148661971092224,22500,0.0,0.0
1990-08-24 00:00:00-04:00,0.26148661971092224,0.26148661971092224,0.26148661971092224,0.26148661971092224,0,0.0,0.0
1990-08-27 00:00:00-04:00,0.26148661971092224,0.26148661971092224,0.26148661971092224,0.26148661971092224,0,0.0,0.0
1990-08-28 00:00:00-04:00,0.26148661971092224,0.26148661971092224,0.26148661971092224,0.26148661971092224,0,0.0,0.0
1990-08-29 00:00:00-04:00,0.26148661971092224,0.26148661971092224,0.26148661971092224,0.26148661971092224,0,0.0,0.0
1990-08-30 00:00:00-04:00,0.0,0.2905406885676914,0.26148661971092224,0.26148661971092224,1800,0.0,0.0
1990-08-31 00:00:00-04:00,0.26148661971092224,0.26148661971092224,0.26148661971092224,0.26148661971092224,0,0.0,0.0
1990-09-04 00:00:00-04:00,0.0,0.2905406885676914,0.26148661971092224,0.26148661971092224,100,0.0,0.0
1990-09-05 00:00:00-04:00,0.26148661971092224,0.26148661971092224,0.26148661971092224,0.26148661971092224,0,0.0,0.0
1990-09-06 00:00:00-04:00,0.0,0.2905406885676914,0.26148661971092224,0.26148661971092224,1000,0.0,0.0
1990-09-07 00:00:00-04:00,0.26148661971092224,0.26148661971092224,0.26148661971092224,0.26148661971092224,0,0.0,0.0
1990-09-10 00:00:00-04:00,0.0,0.2905406885676914,0.26148661971092224,0.26148661971092224,1500,0.0,0.0
1990-09-11 00:00:00-04:00,0.0,0.2905406885676914,0.26148661971092224,0.26148661971092224,500,0.0,0.0
1990-09-12 00:00:00-04:00,0.26148661971092224,0.26148661971092224,0.26148661971092224,0.26148661971092224,0,0.0,0.0
1990-09-13 00:00:00-04:00,0.0,0.2905406885676914,0.26148661971092224,0.26148661971092224,1600,0.0,0.0
1990-09-14 00:00:00-04:00,0.26148661971092224,0.26148661971092224,0.26148661971092224,0.26148661971092224,0,0.0,0.0
1990-09-17 00:00:00-04:00,0.0,0.2905406885676914,0.26148661971092224,0.26148661971092224,1800,0.0,0.0
1990-09-18 00:00:00-04:00,0.0,0.2905406885676914,0.26148661971092224,0.26148661971092224,300,0.0,0.0
1990-09-19 00:00:00-04:00,0.0,0.2905406885676914,0.26148661971092224,0.26148661971092224,2000,0.0,0.0
1990-09-20 00:00:00-04:00,0.26148661971092224,0.26148661971092224,0.26148661971092224,0.26148661971092224,0,0.0,0.0
1990-09-21 00:00:00-04:00,0.0,0.2905406885676914,0.26148661971092224,0.26148661971092224,400,0.0,0.0
1990-09-24 00:00:00-04:00,0.26148661971092224,0.26148661971092224,0.26148661971092224,0.26148661971092224,0,0.0,0.0
1990-09-25 00:00:00-04:00,0.0,0.2905406885676914,0.26148661971092224,0.26148661971092224,500,0.0,0.0
1990-09-26 00:00:00-04:00,0.26148661971092224,0.26148661971092224,0.26148661971092224,0.26148661971092224,0,0.0,0.0
1990-09-27 00:00:00-04:00,0.0,0.2905406885676914,0.26148661971092224,0.26148661971092224,900,0.0,0.0
1990-09-28 00:00:00-04:00,0.0,0.2905405970180736,0.24695950746536255,0.24695950746536255,800,0.0,0.0
1990-10-01 00:00:00-04:00,0.24695950746536255,0.24695950746536255,0.24695950746536255,0.24695950746536255,0,0.0,0.0
1990-10-02 00:00:00-04:00,0.24695950746536255,0.24695950746536255,0.24695950746536255,0.24695950746536255,0,0.0,0.0
1990-10-03 00:00:00-04:00,0.0,0.2905405970180736,0.24695950746536255,0.24695950746536255,800,0.0,0.0
1990-10-04 00:00:00-04:00,0.24695950746536255,0.24695950746536255,0.24695950746536255,0.24695950746536255,0,0.0,0.0
1990-10-05 00:00:00-04:00,0.0,0.261486679315567,0.21790556609630585,0.21790556609630585,11200,0.0,0.0
1990-10-08 00:00:00-04:00,0.21790556609630585,0.21790556609630585,0.21790556609630585,0.21790556609630585,0,0.0,0.0
1990-10-09 00:00:00-04:00,0.21790556609630585,0.21790556609630585,0.21790556609630585,0.21790556609630585,0,0.0,0.0
1990-10-10 00:00:00-04:00,0.0,0.24695960538727896,0.20337849855422974,0.20337849855422974,4200,0.0,0.0
1990-10-11 00:00:00-04:00,0.0,0.23243267719562238,0.18885155022144318,0.18885155022144318,200,0.0,0.0
1990-10-12 00:00:00-04:00,0.0,0.23243267719562238,0.18885155022144318,0.18885155022144318,500,0.0,0.0
1990-10-15 00:00:00-04:00,0.18885155022144318,0.18885155022144318,0.18885155022144318,0.18885155022144318,0,0.0,0.0
1990-10-16 00:00:00-04:00,0.0,0.21790551021695137,0.1743244081735611,0.1743244081735611,1100,0.0,0.0
1990-10-17 00:00:00-04:00,0.1743244081735611,0.1743244081735611,0.1743244081735611,0.1743244081735611,0,0.0,0.0
1990-10-18 00:00:00-04:00,0.0,0.21790551021695137,0.1743244081735611,0.1743244081735611,700,0.0,0.0
1990-10-19 00:00:00-04:00,0.1743244081735611,0.1743244081735611,0.1743244081735611,0.1743244081735611,0,0.0,0.0
1990-10-22 00:00:00-04:00,0.1743244081735611,0.1743244081735611,0.1743244081735611,0.1743244081735611,0,0.0,0.0
1990-10-23 00:00:00-04:00,0.0,0.21790563487089598,0.18885155022144318,0.18885155022144318,1000,0.0,0.0
1990-10-24 00:00:00-04:00,0.0,0.21790563487089598,0.18885155022144318,0.18885155022144318,500,0.0,0.0
1990-10-25 00:00:00-04:00,0.18885155022144318,0.18885155022144318,0.18885155022144318,0.18885155022144318,0,0.0,0.0
1990-10-26 00:00:00-04:00,0.0,0.20337859254616958,0.18885155022144318,0.18885155022144318,3000,0.0,0.0
1990-10-29 00:00:00-05:00,0.0,0.21790563487089598,0.18885155022144318,0.18885155022144318,5000,0.0,0.0
1990-10-30 00:00:00-05:00,0.18885155022144318,0.18885155022144318,0.18885155022144318,0.18885155022144318,0,0.0,0.0
1990-10-31 00:00:00-05:00,0.18885155022144318,0.18885155022144318,0.18885155022144318,0.18885155022144318,0,0.0,0.0
1990-11-01 00:00:00-05:00,0.0,0.23243267719562238,0.18885155022144318,0.18885155022144318,0,0.0,0.0
1990-11-02 00:00:00-05:00,0.0,0.24695960538727896,0.20337849855422974,0.20337849855422974,2000,0.0,0.0
1990-11-05 00:00:00-05:00,0.20337849855422974,0.20337849855422974,0.20337849855422974,0.20337849855422974,0,0.0,0.0
1990-11-06 00:00:00-05:00,0.20337849855422974,0.20337849855422974,0.20337849855422974,0.20337849855422974,0,0.0,0.0
1990-11-07 00:00:00-05:00,0.0,0.23243256977626256,0.20337849855422974,0.20337849855422974,5800,0.0,0.0
1990-11-08 00:00:00-05:00,0.20936013758182526,0.20936013758182526,0.20936013758182526,0.20936013758182526,0,0.05,0.0
1990-11-09 00:00:00-05:00,0.20936013758182526,0.20936013758182526,0.20936013758182526,0.20936013758182526,0,0.0,0.0
1990-11-12 00:00:00-05:00,0.20936013758182526,0.20936013758182526,0.20936013758182526,0.20936013758182526,0,0.0,0.0
1990-11-13 00:00:00-05:00,0.0,0.23926872866494314,0.20936013758182526,0.20936013758182526,1300,0.0,0.0
1990-11-14 00:00:00-05:00,0.20936013758182526,0.20936013758182526,0.20936013758182526,0.20936013758182526,0,0.0,0.0
1990-11-15 00:00:00-05:00,0.0,0.23926872866494314,0.20936013758182526,0.20936013758182526,500,0.0,0.0
1990-11-16 00:00:00-05:00,0.0,0.23926872866494314,0.20936013758182526,0.20936013758182526,3500,0.0,0.0
1990-11-19 00:00:00-05:00,0.0,0.2243144331233842,0.20936013758182526,0.20936013758182526,2500,0.0,0.0
1990-11-20 00:00:00-05:00,0.0,0.23926872866494314,0.20936013758182526,0.20936013758182526,2000,0.0,0.0
1990-11-21 00:00:00-05:00,0.0,0.2243144331233842,0.20936013758182526,0.20936013758182526,2000,0.0,0.0
1990-11-23 00:00:00-05:00,0.0,0.2243144331233842,0.20936013758182526,0.20936013758182526,600,0.0,0.0
1990-11-26 00:00:00-05:00,0.0,0.2243144331233842,0.20936013758182526,0.20936013758182526,2000,0.0,0.0
1990-11-27 00:00:00-05:00,0.0,0.26917746663093567,0.22431455552577972,0.22431455552577972,4000,0.0,0.0
1990-11-28 00:00:00-05:00,0.0,0.26917746663093567,0.22431455552577972,0.22431455552577972,300,0.0,0.0
1990-11-29 00:00:00-05:00,0.0,0.26917746663093567,0.22431455552577972,0.22431455552577972,200,0.0,0.0
1990-11-30 00:00:00-05:00,0.22431455552577972,0.22431455552577972,0.22431455552577972,0.22431455552577972,0,0.0,0.0
1990-12-03 00:00:00-05:00,0.0,0.28413164265015545,0.2542230486869812,0.2542230486869812,6000,0.0,0.0
1990-12-04 00:00:00-05:00,0.0,0.29908593963174257,0.2542230486869812,0.2542230486869812,8500,0.0,0.0
1990-12-05 00:00:00-05:00,0.0,0.299086074034373,0.26917746663093567,0.26917746663093567,1500,0.0,0.0
1990-12-06 00:00:00-05:00,0.26917746663093567,0.26917746663093567,0.26917746663093567,0.26917746663093567,0,0.0,0.0
1990-12-07 00:00:00-05:00,0.0,0.299086074034373,0.26917746663093567,0.26917746663093567,5500,0.0,0.0
1990-12-10 00:00:00-05:00,0.0,0.299086074034373,0.26917746663093567,0.26917746663093567,400,0.0,0.0
1990-12-11 00:00:00-05:00,0.0,0.299086074034373,0.26917746663093567,0.26917746663093567,2000,0.0,0.0
1990-12-12 00:00:00-05:00,0.0,0.299086074034373,0.26917746663093567,0.26917746663093567,2400,0.0,0.0
1990-12-13 00:00:00-05:00,0.0,0.299086074034373,0.26917746663093567,0.26917746663093567,5100,0.0,0.0
1990-12-14 00:00:00-05:00,0.0,0.299086074034373,0.26917746663093567,0.26917746663093567,5000,0.0,0.0
1990-12-17 00:00:00-05:00,0.26917746663093567,0.26917746663093567,0.26917746663093567,0.26917746663093567,0,0.0,0.0
1990-12-18 00:00:00-05:00,0.0,0.299086074034373,0.26917746663093567,0.26917746663093567,12000,0.0,0.0
1990-12-19 00:00:00-05:00,0.26917746663093567,0.26917746663093567,0.26917746663093567,0.26917746663093567,0,0.0,0.0
1990-12-20 00:00:00-05:00,0.0,0.299086074034373,0.26917746663093567,0.26917746663093567,6000,0.0,0.0
1990-12-21 00:00:00-05:00,0.0,0.299086074034373,0.26917746663093567,0.26917746663093567,400,0.0,0.0
1990-12-24 00:00:00-05:00,0.26917746663093567,0.26917746663093567,0.26917746663093567,0.26917746663093567,0,0.0,0.0
1990-12-26 00:00:00-05:00,0.26917746663093567,0.26917746663093567,0.26917746663093567,0.26917746663093567,0,0.0,0.0
1990-12-27 00:00:00-05:00,0.26917746663093567,0.26917746663093567,0.26917746663093567,0.26917746663093567,0,0.0,0.0
1990-12-28 00:00:00-05:00,0.0,0.31404027342796326,0.2841316759586334,0.2841316759586334,4900,0.0,0.0
1990-12-31 00:00:00-05:00,0.0,0.31404027342796326,0.2841316759586334,0.2841316759586334,400,0.0,0.0
1991-01-02 00:00:00-05:00,0.2841316759586334,0.2841316759586334,0.2841316759586334,0.2841316759586334,0,0.0,0.0
1991-01-03 00:00:00-05:00,0.2841316759586334,0.2841316759586334,0.2841316759586334,0.2841316759586334,0,0.0,0.0
1991-01-04 00:00:00-05:00,0.2841316759586334,0.2841316759586334,0.2841316759586334,0.2841316759586334,0,0.0,0.0
1991-01-07 00:00:00-05:00,0.2841316759586334,0.2841316759586334,0.2841316759586334,0.2841316759586334,0,0.0,0.0
1991-01-08 00:00:00-05:00,0.2841316759586334,0.2841316759586334,0.2841316759586334,0.2841316759586334,0,0.0,0.0
1991-01-09 00:00:00-05:00,0.0,0.31404027342796326,0.2841316759586334,0.2841316759586334,3600,0.0,0.0
1991-01-10 00:00:00-05:00,0.2841316759586334,0.2841316759586334,0.2841316759586334,0.2841316759586334,0,0.0,0.0
1991-01-11 00:00:00-05:00,0.2841316759586334,0.2841316759586334,0.2841316759586334,0.2841316759586334,0,0.0,0.0
1991-01-14 00:00:00-05:00,0.0,0.31404027342796326,0.2841316759586334,0.2841316759586334,3500,0.0,0.0
1991-01-15 00:00:00-05:00,0.0,0.31404027342796326,0.2841316759586334,0.2841316759586334,5300,0.0,0.0
1991-01-16 00:00:00-05:00,0.0,0.31404027342796326,0.2841316759586334,0.2841316759586334,10000,0.0,0.0
1991-01-17 00:00:00-05:00,0.2841316759586334,0.2841316759586334,0.2841316759586334,0.2841316759586334,0,0.0,0.0
1991-01-18 00:00:00-05:00,0.2841316759586334,0.2841316759586334,0.2841316759586334,0.2841316759586334,0,0.0,0.0
1991-01-21 00:00:00-05:00,0.2841316759586334,0.2841316759586334,0.2841316759586334,0.2841316759586334,0,0.0,0.0
1991-01-22 00:00:00-05:00,0.2841316759586334,0.2841316759586334,0.2841316759586334,0.2841316759586334,0,0.0,0.0
1991-01-23 00:00:00-05:00,0.2841316759586334,0.2841316759586334,0.2841316759586334,0.2841316759586334,0,0.0,0.0
1991-01-24 00:00:00-05:00,0.0,0.31404027342796326,0.2841316759586334,0.2841316759586334,3000,0.0,0.0
1991-01-25 00:00:00-05:00,0.0,0.31404027342796326,0.2841316759586334,0.2841316759586334,3600,0.0,0.0
1991-01-28 00:00:00-05:00,0.2841316759586334,0.2841316759586334,0.2841316759586334,0.2841316759586334,0,0.0,0.0
1991-01-29 00:00:00-05:00,0.2841316759586334,0.2841316759586334,0.2841316759586334,0.2841316759586334,0,0.0,0.0
1991-01-30 00:00:00-05:00,0.0,0.31404027342796326,0.2841316759586334,0.2841316759586334,1100,0.0,0.0
1991-01-31 00:00:00-05:00,0.0,0.31404027342796326,0.2841316759586334,0.2841316759586334,2000,0.0,0.0
1991-02-01 00:00:00-05:00,0.2841316759586334,0.2841316759586334,0.2841316759586334,0.2841316759586334,0,0.0,0.0
1991-02-04 00:00:00-05:00,0.0,0.31404027342796326,0.2841316759586334,0.2841316759586334,800,0.0,0.0
1991-02-05 00:00:00-05:00,0.0,0.31404027342796326,0.2841316759586334,0.2841316759586334,4500,0.0,0.0
1991-02-06 00:00:00-05:00,0.0,0.31404027342796326,0.2841316759586334,0.2841316759586334,500,0.0,0.0
1991-02-07 00:00:00-05:00,0.2841316759586334,0.2841316759586334,0.2841316759586334,0.2841316759586334,0,0.0,0.0
1991-02-08 00:00:00-05:00,0.2841316759586334,0.2841316759586334,0.2841316759586334,0.2841316759586334,0,0.0,0.0
1991-02-11 00:00:00-05:00,0.2902419865131378,0.2902419865131378,0.2902419865131378,0.2902419865131378,0,0.05,0.0
1991-02-12 00:00:00-05:00,0.0,0.32079377456715236,0.2902419865131378,0.2902419865131378,500,0.0,0.0
1991-02-13 00:00:00-05:00,0.0,0.32079377456715236,0.2902419865131378,0.2902419865131378,4700,0.0,0.0
1991-02-14 00:00:00-05:00,0.2902419865131378,0.2902419865131378,0.2902419865131378,0.2902419865131378,0,0.0,0.0
1991-02-15 00:00:00-05:00,0.0,0.32079377456715236,0.2902419865131378,0.2902419865131378,400,0.0,0.0
1991-02-19 00:00:00-05:00,0.0,0.32079377456715236,0.2902419865131378,0.2902419865131378,1300,0.0,0.0
1991-02-20 00:00:00-05:00,0.2902419865131378,0.2902419865131378,0.2902419865131378,0.2902419865131378,0,0.0,0.0
1991-02-21 00:00:00-05:00,0.0,0.32079377456715236,0.2902419865131378,0.2902419865131378,10300,0.0,0.0
1991-02-22 00:00:00-05:00,0.2902419865131378,0.2902419865131378,0.2902419865131378,0.2902419865131378,0,0.0,0.0
1991-02-25 00:00:00-05:00,0.2902419865131378,0.2902419865131378,0.2902419865131378,0.2902419865131378,0,0.0,0.0
1991-02-26 00:00:00-05:00,0.0,0.3207939013838768,0.3055180013179779,0.3055180013179779,42800,0.0,0.0
1991-02-27 00:00:00-05:00,0.0,0.32079377456715236,0.2902419865131378,0.2902419865131378,6300,0.0,0.0
1991-02-28 00:00:00-05:00,0.0,0.32079377456715236,0.2902419865131378,0.2902419865131378,100,0.0,0.0
1991-03-01 00:00:00-05:00,0.0,0.32079377456715236,0.2902419865131378,0.2902419865131378,2600,0.0,0.0
1991-03-04 00:00:00-05:00,0.0,0.32079377456715236,0.2902419865131378,0.2902419865131378,6300,0.0,0.0
1991-03-05 00:00:00-05:00,0.0,0.32079377456715236,0.2902419865131378,0.2902419865131378,700,0.0,0.0
1991-03-06 00:00:00-05:00,0.0,0.32079377456715236,0.2902419865131378,0.2902419865131378,100,0.0,0.0
1991-03-07 00:00:00-05:00,0.0,0.32079377456715236,0.2902419865131378,0.2902419865131378,100,0.0,0.0
1991-03-08 00:00:00-05:00,0.2902419865131378,0.2902419865131378,0.2902419865131378,0.2902419865131378,0,0.0,0.0
1991-03-11 00:00:00-05:00,0.0,0.32079377456715236,0.2902419865131378,0.2902419865131378,2000,0.0,0.0
1991-03-12 00:00:00-05:00,0.2902419865131378,0.2902419865131378,0.2902419865131378,0.2902419865131378,0,0.0,0.0
1991-03-13 00:00:00-05:00,0.0,0.32079377456715236,0.2902419865131378,0.2902419865131378,400,0.0,0.0
1991-03-14 00:00:00-05:00,0.0,0.32079377456715236,0.2902419865131378,0.2902419865131378,500,0.0,0.0
1991-03-15 00:00:00-05:00,0.2902419865131378,0.2902419865131378,0.2902419865131378,0.2902419865131378,0,0.0,0.0
1991-03-18 00:00:00-05:00,0.2902419865131378,0.2902419865131378,0.2902419865131378,0.2902419865131378,0,0.0,0.0
1991-03-19 00:00:00-05:00,0.0,0.32079377456715236,0.2902419865131378,0.2902419865131378,1000,0.0,0.0
1991-03-20 00:00:00-05:00,0.2902419865131378,0.2902419865131378,0.2902419865131378,0.2902419865131378,0,0.0,0.0
1991-03-21 00:00:00-05:00,0.0,0.32079377456715236,0.2902419865131378,0.2902419865131378,500,0.0,0.0
1991-03-22 00:00:00-05:00,0.0,0.32079377456715236,0.2902419865131378,0.2902419865131378,800,0.0,0.0
1991-03-25 00:00:00-05:00,0.0,0.32079377456715236,0.2902419865131378,0.2902419865131378,800,0.0,0.0
1991-03-26 00:00:00-05:00,0.2902419865131378,0.2902419865131378,0.2902419865131378,0.2902419865131378,0,0.0,0.0
1991-03-27 00:00:00-05:00,0.0,0.32079377456715236,0.2902419865131378,0.2902419865131378,4000,0.0,0.0
1991-03-28 00:00:00-05:00,0.2902419865131378,0.2902419865131378,0.2902419865131378,0.2902419865131378,0,0.0,0.0
1991-04-01 00:00:00-05:00,0.2902419865131378,0.2902419865131378,0.2902419865131378,0.2902419865131378,0,0.0,0.0
1991-04-02 00:00:00-05:00,0.2902419865131378,0.2902419865131378,0.2902419865131378,0.2902419865131378,0,0.0,0.0
1991-04-03 00:00:00-05:00,0.2902419865131378,0.2902419865131378,0.2902419865131378,0.2902419865131378,0,0.0,0.0
1991-04-04 00:00:00-05:00,0.2902419865131378,0.2902419865131378,0.2902419865131378,0.2902419865131378,0,0.0,0.0
1991-04-05 00:00:00-05:00,0.0,0.32079377456715236,0.2902419865131378,0.2902419865131378,1000,0.0,0.0
1991-04-08 00:00:00-04:00,0.2902419865131378,0.2902419865131378,0.2902419865131378,0.2902419865131378,0,0.0,0.0
1991-04-09 00:00:00-04:00,0.0,0.32079377456715236,0.2902419865131378,0.2902419865131378,1100,0.0,0.0
1991-04-10 00:00:00-04:00,0.0,0.32079377456715236,0.2902419865131378,0.2902419865131378,200,0.0,0.0
1991-04-11 00:00:00-04:00,0.0,0.32079377456715236,0.2902419865131378,0.2902419865131378,1000,0.0,0.0
1991-04-12 00:00:00-04:00,0.0,0.32079377456715236,0.2902419865131378,0.2902419865131378,5300,0.0,0.0
1991-04-15 00:00:00-04:00,0.0,0.32079377456715236,0.2902419865131378,0.2902419865131378,1000,0.0,0.0
1991-04-16 00:00:00-04:00,0.0,0.32079377456715236,0.2902419865131378,0.2902419865131378,500,0.0,0.0
1991-04-17 00:00:00-04:00,0.0,0.32079377456715236,0.2902419865131378,0.2902419865131378,3000,0.0,0.0
1991-04-18 00:00:00-04:00,0.0,0.3360696685941596,0.2902419865131378,0.2902419865131378,6900,0.0,0.0
1991-04-19 00:00:00-04:00,0.0,0.3360696685941596,0.2902419865131378,0.2902419865131378,1000,0.0,0.0
1991-04-22 00:00:00-04:00,0.0,0.3513457015156746,0.3055180013179779,0.3055180013179779,5500,0.0,0.0
1991-04-23 00:00:00-04:00,0.3055180013179779,0.3055180013179779,0.3055180013179779,0.3055180013179779,0,0.0,0.0
1991-04-24 00:00:00-04:00,0.0,0.3360698014497757,0.3055180013179779,0.3055180013179779,1300,0.0,0.0
1991-04-25 00:00:00-04:00,0.3055180013179779,0.3055180013179779,0.3055180013179779,0.3055180013179779,0,0.0,0.0
1991-04-26 00:00:00-04:00,0.3055180013179779,0.3055180013179779,0.3055180013179779,0.3055180013179779,0,0.0,0.0
1991-04-29 00:00:00-04:00,0.0,0.3360698014497757,0.3055180013179779,0.3055180013179779,200,0.0,0.0
1991-04-30 00:00:00-04:00,0.0,0.35134566397893996,0.32079386711120605,0.32079386711120605,4000,0.0,0.0
1991-05-01 00:00:00-04:00,0.0,0.35134566397893996,0.32079386711120605,0.32079386711120605,800,0.0,0.0
1991-05-02 00:00:00-04:00,0.0,0.35134566397893996,0.32079386711120605,0.32079386711120605,2500,0.0,0.0
1991-05-03 00:00:00-04:00,0.0,0.35134566397893996,0.32079386711120605,0.32079386711120605,2000,0.0,0.0
1991-05-06 00:00:00-04:00,0.0,0.336069765545073,0.32079386711120605,0.32079386711120605,400,0.0,0.0
1991-05-07 00:00:00-04:00,0.0,0.35134566397893996,0.32079386711120605,0.32079386711120605,4300,0.0,0.0
1991-05-08 00:00:00-04:00,0.0,0.35134566397893996,0.32079386711120605,0.32079386711120605,1000,0.0,0.0
1991-05-09 00:00:00-04:00,0.32702288031578064,0.32702288031578064,0.32702288031578064,0.32702288031578064,0,0.05,0.0
1991-05-10 00:00:00-04:00,0.0,0.3581679165363312,0.32702288031578064,0.32702288031578064,3400,0.0,0.0
1991-05-13 00:00:00-04:00,0.0,0.3581679165363312,0.32702288031578064,0.32702288031578064,500,0.0,0.0
1991-05-14 00:00:00-04:00,0.0,0.37374043464660645,0.3425953984260559,0.3425953984260559,4000,0.0,0.0
1991-05-15 00:00:00-04:00,0.0,0.404885600010554,0.373740553855896,0.373740553855896,5600,0.0,0.0
1991-05-16 00:00:00-04:00,0.0,0.3893128555753957,0.358167827129364,0.358167827129364,3000,0.0,0.0
1991-05-17 00:00:00-04:00,0.0,0.3893128555753957,0.358167827129364,0.358167827129364,400,0.0,0.0
1991-05-20 00:00:00-04:00,0.358167827129364,0.358167827129364,0.358167827129364,0.358167827129364,0,0.0,0.0
1991-05-21 00:00:00-04:00,0.0,0.3893128555753957,0.358167827129364,0.358167827129364,4300,0.0,0.0
1991-05-22 00:00:00-04:00,0.358167827129364,0.358167827129364,0.358167827129364,0.358167827129364,0,0.0,0.0
1991-05-23 00:00:00-04:00,0.0,0.38931307693322503,0.373740553855896,0.373740553855896,4000,0.0,0.0
1991-05-24 00:00:00-04:00,0.373740553855896,0.373740553855896,0.373740553855896,0.373740553855896,0,0.0,0.0
1991-05-28 00:00:00-04:00,0.0,0.4048855948448181,0.38931307196617126,0.38931307196617126,15500,0.0,0.0
1991-05-29 00:00:00-04:00,0.0,0.404885600010554,0.373740553855896,0.373740553855896,7300,0.0,0.0
1991-05-30 00:00:00-04:00,0.0,0.3893129527568817,0.3425953984260559,0.3425953984260559,7500,0.0,0.0
1991-05-31 00:00:00-04:00,0.0,0.3893129527568817,0.3425953984260559,0.3425953984260559,1300,0.0,0.0
1991-06-03 00:00:00-04:00,0.0,0.37374043464660645,0.3425953984260559,0.3425953984260559,4000,0.0,0.0
1991-06-04 00:00:00-04:00,0.0,0.37374043464660645,0.32702288031578064,0.32702288031578064,17500,0.0,0.0
1991-06-05 00:00:00-04:00,0.32702288031578064,0.32702288031578064,0.32702288031578064,0.32702288031578064,0,0.0,0.0
1991-06-06 00:00:00-04:00,0.32702288031578064,0.32702288031578064,0.32702288031578064,0.32702288031578064,0,0.0,0.0
1991-06-07 00:00:00-04:00,0.0,0.37374043464660645,0.32702288031578064,0.32702288031578064,200,0.0,0.0
1991-06-10 00:00:00-04:00,0.0,0.37374043464660645,0.32702288031578064,0.32702288031578064,500,0.0,0.0
1991-06-11 00:00:00-04:00,0.32702288031578064,0.32702288031578064,0.32702288031578064,0.32702288031578064,0,0.0,0.0
1991-06-12 00:00:00-04:00,0.32702288031578064,0.32702288031578064,0.32702288031578064,0.32702288031578064,0,0.0,0.0
1991-06-13 00:00:00-04:00,0.32702288031578064,0.32702288031578064,0.32702288031578064,0.32702288031578064,0,0.0,0.0
1991-06-14 00:00:00-04:00,0.32702288031578064,0.32702288031578064,0.32702288031578064,0.32702288031578064,0,0.0,0.0
1991-06-17 00:00:00-04:00,0.32702288031578064,0.32702288031578064,0.32702288031578064,0.32702288031578064,0,0.0,0.0
1991-06-18 00:00:00-04:00,0.32702288031578064,0.32702288031578064,0.32702288031578064,0.32702288031578064,0,0.0,0.0
1991-06-19 00:00:00-04:00,0.32702288031578064,0.32702288031578064,0.32702288031578064,0.32702288031578064,0,0.0,0.0
1991-06-20 00:00:00-04:00,0.32702288031578064,0.32702288031578064,0.32702288031578064,0.32702288031578064,0,0.0,0.0
1991-06-21 00:00:00-04:00,0.0,0.37374043464660645,0.32702288031578064,0.32702288031578064,4900,0.0,0.0
1991-06-24 00:00:00-04:00,0.0,0.37374043464660645,0.32702288031578064,0.32702288031578064,300,0.0,0.0
1991-06-25 00:00:00-04:00,0.0,0.3581679165363312,0.32702288031578064,0.32702288031578064,400,0.0,0.0
1991-06-26 00:00:00-04:00,0.32702288031578064,0.32702288031578064,0.32702288031578064,0.32702288031578064,0,0.0,0.0
1991-06-27 00:00:00-04:00,0.32702288031578064,0.32702288031578064,0.32702288031578064,0.32702288031578064,0,0.0,0.0
1991-06-28 00:00:00-04:00,0.32702288031578064,0.32702288031578064,0.32702288031578064,0.32702288031578064,0,0.0,0.0
1991-07-01 00:00:00-04:00,0.32702288031578064,0.32702288031578064,0.32702288031578064,0.32702288031578064,0,0.0,0.0
1991-07-02 00:00:00-04:00,0.0,0.3581679165363312,0.32702288031578064,0.32702288031578064,1200,0.0,0.0
1991-07-03 00:00:00-04:00,0.32702288031578064,0.32702288031578064,0.32702288031578064,0.32702288031578064,0,0.0,0.0
1991-07-05 00:00:00-04:00,0.32702288031578064,0.32702288031578064,0.32702288031578064,0.32702288031578064,0,0.0,0.0
1991-07-08 00:00:00-04:00,0.0,0.3425953984260559,0.32702288031578064,0.32702288031578064,700,0.0,0.0
1991-07-09 00:00:00-04:00,0.32702288031578064,0.32702288031578064,0.32702288031578064,0.32702288031578064,0,0.0,0.0
1991-07-10 00:00:00-04:00,0.32702288031578064,0.32702288031578064,0.32702288031578064,0.32702288031578064,0,0.0,0.0
1991-07-11 00:00:00-04:00,0.32702288031578064,0.32702288031578064,0.32702288031578064,0.32702288031578064,0,0.0,0.0
1991-07-12 00:00:00-04:00,0.0,0.3581679165363312,0.32702288031578064,0.32702288031578064,1000,0.0,0.0
1991-07-15 00:00:00-04:00,0.0,0.3581679165363312,0.32702288031578064,0.32702288031578064,1200,0.0,0.0
1991-07-16 00:00:00-04:00,0.0,0.3581679165363312,0.32702288031578064,0.32702288031578064,6000,0.0,0.0
1991-07-17 00:00:00-04:00,0.32702288031578064,0.32702288031578064,0.32702288031578064,0.32702288031578064,0,0.0,0.0
1991-07-18 00:00:00-04:00,0.0,0.3581679165363312,0.32702288031578064,0.32702288031578064,3000,0.0,0.0
1991-07-19 00:00:00-04:00,0.0,0.3581679165363312,0.32702288031578064,0.32702288031578064,100,0.0,0.0
1991-07-22 00:00:00-04:00,0.32702288031578064,0.32702288031578064,0.32702288031578064,0.32702288031578064,0,0.0,0.0
1991-07-23 00:00:00-04:00,0.0,0.3581679165363312,0.32702288031578064,0.32702288031578064,3000,0.0,0.0
1991-07-24 00:00:00-04:00,0.0,0.34259546399116514,0.31145042181015015,0.31145042181015015,2200,0.0,0.0
1991-07-25 00:00:00-04:00,0.31145042181015015,0.31145042181015015,0.31145042181015015,0.31145042181015015,0,0.0,0.0
1991-07-26 00:00:00-04:00,0.0,0.34259546399116514,0.31145042181015015,0.31145042181015015,1000,0.0,0.0
1991-07-29 00:00:00-04:00,0.31145042181015015,0.31145042181015015,0.31145042181015015,0.31145042181015015,0,0.0,0.0
1991-07-30 00:00:00-04:00,0.0,0.34259546399116514,0.31145042181015015,0.31145042181015015,8000,0.0,0.0
1991-07-31 00:00:00-04:00,0.31145042181015015,0.31145042181015015,0.31145042181015015,0.31145042181015015,0,0.0,0.0
1991-08-01 00:00:00-04:00,0.31145042181015015,0.31145042181015015,0.31145042181015015,0.31145042181015015,0,0.0,0.0
1991-08-02 00:00:00-04:00,0.31145042181015015,0.31145042181015015,0.31145042181015015,0.31145042181015015,0,0.0,0.0
1991-08-05 00:00:00-04:00,0.0,0.34259546399116514,0.31145042181015015,0.31145042181015015,400,0.0,0.0
1991-08-06 00:00:00-04:00,0.0,0.34259546399116514,0.31145042181015015,0.31145042181015015,300,0.0,0.0
1991-08-07 00:00:00-04:00,0.0,0.34259546399116514,0.31145042181015015,0.31145042181015015,1000,0.0,0.0
1991-08-08 00:00:00-04:00,0.0,0.34259546399116514,0.31145042181015015,0.31145042181015015,1000,0.0,0.0
1991-08-09 00:00:00-04:00,0.0,0.34958726167678833,0.317806601524353,0.317806601524353,1000,0.05,0.0
1991-08-12 00:00:00-04:00,0.0,0.34958726167678833,0.317806601524353,0.317806601524353,600,0.0,0.0
1991-08-13 00:00:00-04:00,0.317806601524353,0.317806601524353,0.317806601524353,0.317806601524353,0,0.0,0.0
1991-08-14 00:00:00-04:00,0.0,0.34958726167678833,0.317806601524353,0.317806601524353,500,0.0,0.0
1991-08-15 00:00:00-04:00,0.317806601524353,0.317806601524353,0.317806601524353,0.317806601524353,0,0.0,0.0
1991-08-16 00:00:00-04:00,0.317806601524353,0.317806601524353,0.317806601524353,0.317806601524353,0,0.0,0.0
1991-08-19 00:00:00-04:00,0.0,0.365477591753006,0.317806601524353,0.317806601524353,10000,0.0,0.0
1991-08-20 00:00:00-04:00,0.0,0.365477591753006,0.317806601524353,0.317806601524353,1200,0.0,0.0
1991-08-21 00:00:00-04:00,0.317806601524353,0.317806601524353,0.317806601524353,0.317806601524353,0,0.0,0.0
1991-08-22 00:00:00-04:00,0.0,0.365477591753006,0.317806601524353,0.317806601524353,100,0.0,0.0
1991-08-23 00:00:00-04:00,0.0,0.36547755911236723,0.3336969017982483,0.3336969017982483,1000,0.0,0.0
1991-08-26 00:00:00-04:00,0.0,0.36547755911236723,0.3336969017982483,0.3336969017982483,700,0.0,0.0
1991-08-27 00:00:00-04:00,0.0,0.365477591753006,0.317806601524353,0.317806601524353,5000,0.0,0.0
1991-08-28 00:00:00-04:00,0.317806601524353,0.317806601524353,0.317806601524353,0.317806601524353,0,0.0,0.0
1991-08-29 00:00:00-04:00,0.0,0.365477591753006,0.317806601524353,0.317806601524353,1000,0.0,0.0
1991-08-30 00:00:00-04:00,0.317806601524353,0.317806601524353,0.317806601524353,0.317806601524353,0,0.0,0.0
1991-09-03 00:00:00-04:00,0.317806601524353,0.317806601524353,0.317806601524353,0.317806601524353,0,0.0,0.0
1991-09-04 00:00:00-04:00,0.317806601524353,0.317806601524353,0.317806601524353,0.317806601524353,0,0.0,0.0
1991-09-05 00:00:00-04:00,0.0,0.365477591753006,0.317806601524353,0.317806601524353,2000,0.0,0.0
1991-09-06 00:00:00-04:00,0.317806601524353,0.317806601524353,0.317806601524353,0.317806601524353,0,0.0,0.0
1991-09-09 00:00:00-04:00,0.317806601524353,0.317806601524353,0.317806601524353,0.317806601524353,0,0.0,0.0
1991-09-10 00:00:00-04:00,0.317806601524353,0.317806601524353,0.317806601524353,0.317806601524353,0,0.0,0.0
1991-09-11 00:00:00-04:00,0.0,0.36547755911236723,0.3336969017982483,0.3336969017982483,7000,0.0,0.0
1991-09-12 00:00:00-04:00,0.3336969017982483,0.3336969017982483,0.3336969017982483,0.3336969017982483,0,0.0,0.0
1991-09-13 00:00:00-04:00,0.3336969017982483,0.3336969017982483,0.3336969017982483,0.3336969017982483,0,0.0,0.0
1991-09-16 00:00:00-04:00,0.0,0.3654773736541921,0.34958705306053156,0.3495870530605316,3000,0.0,0.0
1991-09-17 00:00:00-04:00,0.34958705306053156,0.34958705306053156,0.34958705306053156,0.3495870530605316,0,0.0,0.0
1991-09-18 00:00:00-04:00,0.34958705306053156,0.34958705306053156,0.34958705306053156,0.3495870530605316,0,0.0,0.0
1991-09-19 00:00:00-04:00,0.0,0.3654773736541921,0.34958705306053156,0.3495870530605316,2000,0.0,0.0
1991-09-20 00:00:00-04:00,0.34958705306053156,0.34958705306053156,0.34958705306053156,0.3495870530605316,0,0.0,0.0
1991-09-23 00:00:00-04:00,0.0,0.38136769424785266,0.34958705306053156,0.3495870530605316,200,0.0,0.0
1991-09-24 00:00:00-04:00,0.0,0.3972580148415132,0.34958705306053156,0.3495870530605316,4000,0.0,0.0
1991-09-25 00:00:00-04:00,0.34958705306053156,0.34958705306053156,0.34958705306053156,0.3495870530605316,0,0.0,0.0
1991-09-26 00:00:00-04:00,0.0,0.4131484851241112,0.38136783242225647,0.38136783242225647,11800,0.0,0.0
1991-09-27 00:00:00-04:00,0.0,0.4290385901927948,0.3972579538822174,0.3972579538822174,10500,0.0,0.0
1991-09-30 00:00:00-04:00,0.0,0.44492890834808346,0.3972579538822174,0.3972579538822174,11400,0.0,0.0
1991-10-01 00:00:00-04:00,0.0,0.44492911375485933,0.4131484627723694,0.4131484627723694,1000,0.0,0.0
1991-10-02 00:00:00-04:00,0.4131484627723694,0.4131484627723694,0.4131484627723694,0.4131484627723694,0,0.0,0.0
1991-10-03 00:00:00-04:00,0.0,0.44492911375485933,0.4131484627723694,0.4131484627723694,5000,0.0,0.0
1991-10-04 00:00:00-04:00,0.0,0.44492911375485933,0.4131484627723694,0.4131484627723694,5000,0.0,0.0
1991-10-07 00:00:00-04:00,0.4131484627723694,0.4131484627723694,0.4131484627723694,0.4131484627723694,0,0.0,0.0
1991-10-08 00:00:00-04:00,0.0,0.44492911375485933,0.4131484627723694,0.4131484627723694,300,0.0,0.0
1991-10-09 00:00:00-04:00,0.0,0.4290385901927948,0.3972579538822174,0.3972579538822174,6500,0.0,0.0
1991-10-10 00:00:00-04:00,0.0,0.4290385901927948,0.3972579538822174,0.3972579538822174,2000,0.0,0.0
1991-10-11 00:00:00-04:00,0.0,0.4290385901927948,0.3972579538822174,0.3972579538822174,0,0.0,0.0
1991-10-14 00:00:00-04:00,0.0,0.4290385901927948,0.3972579538822174,0.3972579538822174,300,0.0,0.0
1991-10-15 00:00:00-04:00,0.0,0.4131482720375061,0.3972579538822174,0.3972579538822174,8000,0.0,0.0
1991-10-16 00:00:00-04:00,0.0,0.4131482720375061,0.3972579538822174,0.3972579538822174,1000,0.0,0.0
1991-10-17 00:00:00-04:00,0.0,0.3972581223301266,0.36547747254371643,0.36547747254371643,7300,0.0,0.0
1991-10-18 00:00:00-04:00,0.0,0.3972581223301266,0.36547747254371643,0.36547747254371643,1200,0.0,0.0
1991-10-21 00:00:00-04:00,0.0,0.3972581223301266,0.36547747254371643,0.36547747254371643,400,0.0,0.0
1991-10-22 00:00:00-04:00,0.36547747254371643,0.36547747254371643,0.36547747254371643,0.36547747254371643,0,0.0,0.0
1991-10-23 00:00:00-04:00,0.36547747254371643,0.36547747254371643,0.36547747254371643,0.36547747254371643,0,0.0,0.0
1991-10-24 00:00:00-04:00,0.36547747254371643,0.36547747254371643,0.36547747254371643,0.36547747254371643,0,0.0,0.0
1991-10-25 00:00:00-04:00,0.0,0.3972580148415132,0.34958705306053156,0.3495870530605316,2000,0.0,0.0
1991-10-28 00:00:00-05:00,0.34958705306053156,0.34958705306053156,0.34958705306053156,0.3495870530605316,0,0.0,0.0
1991-10-29 00:00:00-05:00,0.0,0.38136769424785266,0.34958705306053156,0.3495870530605316,1500,0.0,0.0
1991-10-30 00:00:00-05:00,0.0,0.38136769424785266,0.34958705306053156,0.3495870530605316,1000,0.0,0.0
1991-10-31 00:00:00-05:00,0.34958705306053156,0.34958705306053156,0.34958705306053156,0.3495870530605316,0,0.0,0.0
1991-11-01 00:00:00-05:00,0.34958705306053156,0.34958705306053156,0.34958705306053156,0.3495870530605316,0,0.0,0.0
1991-11-04 00:00:00-05:00,0.34958705306053156,0.34958705306053156,0.34958705306053156,0.3495870530605316,0,0.0,0.0
1991-11-05 00:00:00-05:00,0.0,0.38136769424785266,0.34958705306053156,0.3495870530605316,5300,0.0,0.0
1991-11-06 00:00:00-05:00,0.0,0.3972581223301266,0.36547747254371643,0.36547747254371643,5600,0.0,0.0
1991-11-07 00:00:00-05:00,0.0,0.41314844722333166,0.36547747254371643,0.36547747254371643,500,0.0,0.0
1991-11-08 00:00:00-05:00,0.3719460666179657,0.3719460666179657,0.3719460666179657,0.3719460666179657,0,0.05,0.0
1991-11-11 00:00:00-05:00,0.0,0.4204607709594395,0.3719460666179657,0.3719460666179657,0,0.0,0.0
1991-11-12 00:00:00-05:00,0.0,0.4204607709594395,0.3719460666179657,0.3719460666179657,1000,0.0,0.0
1991-11-13 00:00:00-05:00,0.0,0.42046077797810233,0.38811764121055603,0.38811764121055603,3900,0.0,0.0
1991-11-14 00:00:00-05:00,0.0,0.42046077797810233,0.38811764121055603,0.38811764121055603,700,0.0,0.0
1991-11-15 00:00:00-05:00,0.0,0.42046077797810233,0.38811764121055603,0.38811764121055603,200,0.0,0.0
1991-11-18 00:00:00-05:00,0.38811764121055603,0.38811764121055603,0.38811764121055603,0.38811764121055603,0,0.0,0.0
1991-11-19 00:00:00-05:00,0.38811764121055603,0.38811764121055603,0.38811764121055603,0.38811764121055603,0,0.0,0.0
1991-11-20 00:00:00-05:00,0.38811764121055603,0.38811764121055603,0.38811764121055603,0.38811764121055603,0,0.0,0.0
1991-11-21 00:00:00-05:00,0.38811764121055603,0.38811764121055603,0.38811764121055603,0.38811764121055603,0,0.0,0.0
1991-11-22 00:00:00-05:00,0.38811764121055603,0.38811764121055603,0.38811764121055603,0.38811764121055603,0,0.0,0.0
1991-11-25 00:00:00-05:00,0.0,0.4042892095943292,0.38811764121055603,0.38811764121055603,500,0.0,0.0
1991-11-26 00:00:00-05:00,0.38811764121055603,0.38811764121055603,0.38811764121055603,0.38811764121055603,0,0.0,0.0
1991-11-27 00:00:00-05:00,0.38811764121055603,0.38811764121055603,0.38811764121055603,0.38811764121055603,0,0.0,0.0
1991-11-29 00:00:00-05:00,0.38811764121055603,0.38811764121055603,0.38811764121055603,0.38811764121055603,0,0.0,0.0
1991-12-02 00:00:00-05:00,0.0,0.4042892028456149,0.3719460666179657,0.3719460666179657,4000,0.0,0.0
1991-12-03 00:00:00-05:00,0.3719460666179657,0.3719460666179657,0.3719460666179657,0.3719460666179657,0,0.0,0.0
1991-12-04 00:00:00-05:00,0.3719460666179657,0.3719460666179657,0.3719460666179657,0.3719460666179657,0,0.0,0.0
1991-12-05 00:00:00-05:00,0.0,0.4204607709594395,0.3719460666179657,0.3719460666179657,3300,0.0,0.0
1991-12-06 00:00:00-05:00,0.0,0.4204607709594395,0.3719460666179657,0.3719460666179657,300,0.0,0.0
1991-12-09 00:00:00-05:00,0.3719460666179657,0.3719460666179657,0.3719460666179657,0.3719460666179657,0,0.0,0.0
1991-12-10 00:00:00-05:00,0.3719460666179657,0.3719460666179657,0.3719460666179657,0.3719460666179657,0,0.0,0.0
1991-12-11 00:00:00-05:00,0.3719460666179657,0.3719460666179657,0.3719460666179657,0.3719460666179657,0,0.0,0.0
1991-12-12 00:00:00-05:00,0.3719460666179657,0.3719460666179657,0.3719460666179657,0.3719460666179657,0,0.0,0.0
1991-12-13 00:00:00-05:00,0.0,0.42046077797810233,0.38811764121055603,0.38811764121055603,3800,0.0,0.0
1991-12-16 00:00:00-05:00,0.0,0.42046077797810233,0.38811764121055603,0.38811764121055603,4400,0.0,0.0
1991-12-17 00:00:00-05:00,0.38811764121055603,0.38811764121055603,0.38811764121055603,0.38811764121055603,0,0.0,0.0
1991-12-18 00:00:00-05:00,0.38811764121055603,0.38811764121055603,0.38811764121055603,0.38811764121055603,0,0.0,0.0
1991-12-19 00:00:00-05:00,0.0,0.42046077797810233,0.38811764121055603,0.38811764121055603,300,0.0,0.0
1991-12-20 00:00:00-05:00,0.38811764121055603,0.38811764121055603,0.38811764121055603,0.38811764121055603,0,0.0,0.0
1991-12-23 00:00:00-05:00,0.0,0.4528038549423218,0.4042891561985016,0.4042891561985016,5000,0.0,0.0
1991-12-24 00:00:00-05:00,0.4042891561985016,0.4042891561985016,0.4042891561985016,0.4042891561985016,0,0.0,0.0
1991-12-26 00:00:00-05:00,0.0,0.4528038549423218,0.4042891561985016,0.4042891561985016,500,0.0,0.0
1991-12-27 00:00:00-05:00,0.0,0.4366322886943817,0.4042891561985016,0.4042891561985016,1200,0.0,0.0
1991-12-30 00:00:00-05:00,0.4042891561985016,0.4042891561985016,0.4042891561985016,0.4042891561985016,0,0.0,0.0
1991-12-31 00:00:00-05:00,0.4042891561985016,0.4042891561985016,0.4042891561985016,0.4042891561985016,0,0.0,0.0
1992-01-02 00:00:00-05:00,0.4042891561985016,0.4042891561985016,0.4042891561985016,0.4042891561985016,0,0.0,0.0
1992-01-03 00:00:00-05:00,0.0,0.42046077797810233,0.38811764121055603,0.38811764121055603,2800,0.0,0.0
1992-01-06 00:00:00-05:00,0.0,0.42046077797810233,0.38811764121055603,0.38811764121055603,4400,0.0,0.0
1992-01-07 00:00:00-05:00,0.0,0.42046077797810233,0.38811764121055603,0.38811764121055603,900,0.0,0.0
1992-01-08 00:00:00-05:00,0.38811764121055603,0.38811764121055603,0.38811764121055603,0.38811764121055603,0,0.0,0.0
1992-01-09 00:00:00-05:00,0.38811764121055603,0.38811764121055603,0.38811764121055603,0.38811764121055603,0,0.0,0.0
1992-01-10 00:00:00-05:00,0.0,0.4366323463618755,0.38811764121055603,0.38811764121055603,4000,0.0,0.0
1992-01-13 00:00:00-05:00,0.0,0.4366323463618755,0.38811764121055603,0.38811764121055603,1000,0.0,0.0
1992-01-14 00:00:00-05:00,0.0,0.4366323463618755,0.38811764121055603,0.38811764121055603,1000,0.0,0.0
1992-01-15 00:00:00-05:00,0.0,0.4366322886943817,0.4042891561985016,0.4042891561985016,900,0.0,0.0
1992-01-16 00:00:00-05:00,0.0,0.4366322886943817,0.4042891561985016,0.4042891561985016,100,0.0,0.0
1992-01-17 00:00:00-05:00,0.0,0.4366322886943817,0.4042891561985016,0.4042891561985016,600,0.0,0.0
1992-01-20 00:00:00-05:00,0.0,0.4366322886943817,0.4042891561985016,0.4042891561985016,200,0.0,0.0
1992-01-21 00:00:00-05:00,0.4042891561985016,0.4042891561985016,0.4042891561985016,0.4042891561985016,0,0.0,0.0
1992-01-22 00:00:00-05:00,0.0,0.4366322886943817,0.4042891561985016,0.4042891561985016,1000,0.0,0.0
1992-01-23 00:00:00-05:00,0.4042891561985016,0.4042891561985016,0.4042891561985016,0.4042891561985016,0,0.0,0.0
1992-01-24 00:00:00-05:00,0.0,0.4366324521028079,0.4204608798027039,0.42046087980270386,1200,0.0,0.0
1992-01-27 00:00:00-05:00,0.0,0.4366324521028079,0.4204608798027039,0.42046087980270386,500,0.0,0.0
1992-01-28 00:00:00-05:00,0.0,0.4528040244029119,0.4204608798027039,0.42046087980270386,1000,0.0,0.0
1992-01-29 00:00:00-05:00,0.4204608798027039,0.4204608798027039,0.4204608798027039,0.42046087980270386,0,0.0,0.0
1992-01-30 00:00:00-05:00,0.4204608798027039,0.4204608798027039,0.4204608798027039,0.42046087980270386,0,0.0,0.0
1992-01-31 00:00:00-05:00,0.4204608798027039,0.4204608798027039,0.4204608798027039,0.42046087980270386,0,0.0,0.0
1992-02-03 00:00:00-05:00,0.4204608798027039,0.4204608798027039,0.4204608798027039,0.42046087980270386,0,0.0,0.0
1992-02-04 00:00:00-05:00,0.0,0.4528040244029119,0.4204608798027039,0.42046087980270386,2500,0.0,0.0
1992-02-05 00:00:00-05:00,0.4204608798027039,0.4204608798027039,0.4204608798027039,0.42046087980270386,0,0.0,0.0
1992-02-06 00:00:00-05:00,0.0,0.4528038104375203,0.4366322457790374,0.4366322457790375,1700,0.0,0.0
1992-02-07 00:00:00-05:00,0.0,0.4528038104375203,0.4366322457790374,0.4366322457790375,4600,0.0,0.0
1992-02-10 00:00:00-05:00,0.0,0.45961292143221255,0.44319817423820496,0.44319817423820496,1000,0.05,0.0
1992-02-11 00:00:00-05:00,0.44319817423820496,0.44319817423820496,0.44319817423820496,0.44319817423820496,0,0.0,0.0
1992-02-12 00:00:00-05:00,0.0,0.45961292143221255,0.44319817423820496,0.44319817423820496,100,0.0,0.0
1992-02-13 00:00:00-05:00,0.0,0.4760277452213424,0.45961299538612366,0.45961299538612366,1000,0.0,0.0
1992-02-14 00:00:00-05:00,0.45961299538612366,0.45961299538612366,0.45961299538612366,0.45961299538612366,0,0.0,0.0
1992-02-18 00:00:00-05:00,0.0,0.4760277452213424,0.45961299538612366,0.45961299538612366,100,0.0,0.0
1992-02-19 00:00:00-05:00,0.0,0.4760277452213424,0.45961299538612366,0.45961299538612366,700,0.0,0.0
1992-02-20 00:00:00-05:00,0.45961299538612366,0.45961299538612366,0.45961299538612366,0.45961299538612366,0,0.0,0.0
1992-02-21 00:00:00-05:00,0.45961299538612366,0.45961299538612366,0.45961299538612366,0.45961299538612366,0,0.0,0.0
1992-02-24 00:00:00-05:00,0.0,0.49244249505656107,0.45961299538612366,0.45961299538612366,3800,0.0,0.0
1992-02-25 00:00:00-05:00,0.45961299538612366,0.45961299538612366,0.45961299538612366,0.45961299538612366,0,0.0,0.0
1992-02-26 00:00:00-05:00,0.0,0.5088571299766672,0.476027637720108,0.47602763772010803,3800,0.0,0.0
1992-02-27 00:00:00-05:00,0.0,0.5252718761049467,0.476027637720108,0.47602763772010803,7600,0.0,0.0
1992-02-28 00:00:00-05:00,0.0,0.5416870040278281,0.5088574886322021,0.5088574886322021,13700,0.0,0.0
1992-03-02 00:00:00-05:00,0.0,0.5745160672813654,0.5252718329429626,0.5252718329429626,5600,0.0,0.0
1992-03-03 00:00:00-05:00,0.5252718329429626,0.5252718329429626,0.5252718329429626,0.5252718329429626,0,0.0,0.0
1992-03-04 00:00:00-05:00,0.0,0.5581013225018978,0.5252718329429626,0.5252718329429626,11900,0.0,0.0
1992-03-05 00:00:00-05:00,0.0,0.5581013225018978,0.5252718329429626,0.5252718329429626,600,0.0,0.0
1992-03-06 00:00:00-05:00,0.5252718329429626,0.5252718329429626,0.5252718329429626,0.5252718329429626,0,0.0,0.0
1992-03-09 00:00:00-05:00,0.5252718329429626,0.5252718329429626,0.5252718329429626,0.5252718329429626,0,0.0,0.0
1992-03-10 00:00:00-05:00,0.0,0.5581013225018978,0.5252718329429626,0.5252718329429626,1300,0.0,0.0
1992-03-11 00:00:00-05:00,0.5252718329429626,0.5252718329429626,0.5252718329429626,0.5252718329429626,0,0.0,0.0
1992-03-12 00:00:00-05:00,0.0,0.5581013225018978,0.5252718329429626,0.5252718329429626,2700,0.0,0.0
1992-03-13 00:00:00-05:00,0.0,0.5581017617256411,0.5088574886322021,0.5088574886322021,6000,0.0,0.0
1992-03-16 00:00:00-05:00,0.0,0.5252719243367513,0.49244242906570435,0.49244242906570435,1100,0.0,0.0
1992-03-17 00:00:00-05:00,0.0,0.5252718761049467,0.476027637720108,0.47602763772010803,14900,0.0,0.0
1992-03-18 00:00:00-05:00,0.476027637720108,0.476027637720108,0.476027637720108,0.47602763772010803,0,0.0,0.0
1992-03-19 00:00:00-05:00,0.476027637720108,0.476027637720108,0.476027637720108,0.47602763772010803,0,0.0,0.0
1992-03-20 00:00:00-05:00,0.0,0.5088571299766672,0.476027637720108,0.47602763772010803,1000,0.0,0.0
1992-03-23 00:00:00-05:00,0.0,0.5088571299766672,0.476027637720108,0.47602763772010803,1000,0.0,0.0
1992-03-24 00:00:00-05:00,0.0,0.49244238384838757,0.476027637720108,0.47602763772010803,2700,0.0,0.0
1992-03-25 00:00:00-05:00,0.0,0.49244238384838757,0.476027637720108,0.47602763772010803,0,0.0,0.0
1992-03-26 00:00:00-05:00,0.0,0.49244238384838757,0.476027637720108,0.47602763772010803,200,0.0,0.0
1992-03-27 00:00:00-05:00,0.0,0.49244238384838757,0.476027637720108,0.47602763772010803,4000,0.0,0.0
1992-03-30 00:00:00-05:00,0.0,0.49244238384838757,0.476027637720108,0.47602763772010803,200,0.0,0.0
1992-03-31 00:00:00-05:00,0.0,0.49244238384838757,0.476027637720108,0.47602763772010803,0,0.0,0.0
1992-04-01 00:00:00-05:00,0.476027637720108,0.476027637720108,0.476027637720108,0.47602763772010803,0,0.0,0.0
1992-04-02 00:00:00-05:00,0.0,0.49244238384838757,0.476027637720108,0.47602763772010803,3000,0.0,0.0
1992-04-03 00:00:00-05:00,0.0,0.49244238384838757,0.476027637720108,0.47602763772010803,1400,0.0,0.0
1992-04-06 00:00:00-04:00,0.0,0.49244249505656107,0.45961299538612366,0.45961299538612366,2000,0.0,0.0
1992-04-07 00:00:00-04:00,0.45961299538612366,0.45961299538612366,0.45961299538612366,0.45961299538612366,0,0.0,0.0
1992-04-08 00:00:00-04:00,0.0,0.49244249505656107,0.45961299538612366,0.45961299538612366,1500,0.0,0.0
1992-04-09 00:00:00-04:00,0.45961299538612366,0.45961299538612366,0.45961299538612366,0.45961299538612366,0,0.0,0.0
1992-04-10 00:00:00-04:00,0.0,0.49244238384838757,0.476027637720108,0.47602763772010803,10000,0.0,0.0
1992-04-13 00:00:00-04:00,0.0,0.49244249505656107,0.45961299538612366,0.45961299538612366,4500,0.0,0.0
1992-04-14 00:00:00-04:00,0.0,0.49244249505656107,0.45961299538612366,0.45961299538612366,500,0.0,0.0
1992-04-15 00:00:00-04:00,0.0,0.49244241582022774,0.44319817423820496,0.44319817423820496,6500,0.0,0.0
1992-04-16 00:00:00-04:00,0.0,0.4760277452213424,0.45961299538612366,0.45961299538612366,6700,0.0,0.0
1992-04-20 00:00:00-04:00,0.45961299538612366,0.45961299538612366,0.45961299538612366,0.45961299538612366,0,0.0,0.0
1992-04-21 00:00:00-04:00,0.45961299538612366,0.45961299538612366,0.45961299538612366,0.45961299538612366,0,0.0,0.0
1992-04-22 00:00:00-04:00,0.45961299538612366,0.45961299538612366,0.45961299538612366,0.45961299538612366,0,0.0,0.0
1992-04-23 00:00:00-04:00,0.0,0.4760277452213424,0.45961299538612366,0.45961299538612366,14000,0.0,0.0
1992-04-24 00:00:00-04:00,0.0,0.4760277452213424,0.45961299538612366,0.45961299538612366,200,0.0,0.0
1992-04-27 00:00:00-04:00,0.45961299538612366,0.45961299538612366,0.45961299538612366,0.45961299538612366,0,0.0,0.0
1992-04-28 00:00:00-04:00,0.45961299538612366,0.45961299538612366,0.45961299538612366,0.45961299538612366,0,0.0,0.0
1992-04-29 00:00:00-04:00,0.45961299538612366,0.45961299538612366,0.45961299538612366,0.45961299538612366,0,0.0,0.0
1992-04-30 00:00:00-04:00,0.0,0.4760277452213424,0.45961299538612366,0.45961299538612366,200,0.0,0.0
1992-05-01 00:00:00-04:00,0.45961299538612366,0.45961299538612366,0.45961299538612366,0.45961299538612366,0,0.0,0.0
1992-05-04 00:00:00-04:00,0.0,0.4760277452213424,0.45961299538612366,0.45961299538612366,1200,0.0,0.0
1992-05-05 00:00:00-04:00,0.45961299538612366,0.45961299538612366,0.45961299538612366,0.45961299538612366,0,0.0,0.0
1992-05-06 00:00:00-04:00,0.0,0.4760277452213424,0.45961299538612366,0.45961299538612366,2000,0.0,0.0
1992-05-07 00:00:00-04:00,0.0,0.5252718761049467,0.476027637720108,0.47602763772010803,6600,0.0,0.0
1992-05-08 00:00:00-04:00,0.0,0.5252718761049467,0.476027637720108,0.47602763772010803,4800,0.0,0.0
1992-05-11 00:00:00-04:00,0.0,0.532618391102758,0.48268541693687445,0.4826854169368744,4300,0.05,0.0
1992-05-12 00:00:00-04:00,0.0,0.532618391102758,0.48268541693687445,0.4826854169368744,200,0.0,0.0
1992-05-13 00:00:00-04:00,0.48268541693687445,0.48268541693687445,0.48268541693687445,0.4826854169368744,0,0.0,0.0
1992-05-14 00:00:00-04:00,0.48268541693687445,0.48268541693687445,0.48268541693687445,0.4826854169368744,0,0.0,0.0
1992-05-15 00:00:00-04:00,0.0,0.532618391102758,0.48268541693687445,0.4826854169368744,500,0.0,0.0
1992-05-18 00:00:00-04:00,0.48268541693687445,0.48268541693687445,0.48268541693687445,0.4826854169368744,0,0.0,0.0
1992-05-19 00:00:00-04:00,0.0,0.532618391102758,0.48268541693687445,0.4826854169368744,200,0.0,0.0
1992-05-20 00:00:00-04:00,0.48268541693687445,0.48268541693687445,0.48268541693687445,0.4826854169368744,0,0.0,0.0
1992-05-21 00:00:00-04:00,0.48268541693687445,0.48268541693687445,0.48268541693687445,0.4826854169368744,0,0.0,0.0
1992-05-22 00:00:00-04:00,0.48268541693687445,0.48268541693687445,0.48268541693687445,0.4826854169368744,0,0.0,0.0
1992-05-26 00:00:00-04:00,0.48268541693687445,0.48268541693687445,0.48268541693687445,0.4826854169368744,0,0.0,0.0
1992-05-27 00:00:00-04:00,0.48268541693687445,0.48268541693687445,0.48268541693687445,0.4826854169368744,0,0.0,0.0
1992-05-28 00:00:00-04:00,0.48268541693687445,0.48268541693687445,0.48268541693687445,0.4826854169368744,0,0.0,0.0
1992-05-29 00:00:00-04:00,0.0,0.532618391102758,0.48268541693687445,0.4826854169368744,5900,0.0,0.0
1992-06-01 00:00:00-04:00,0.48268541693687445,0.48268541693687445,0.48268541693687445,0.4826854169368744,0,0.0,0.0
1992-06-02 00:00:00-04:00,0.0,0.5159740663807968,0.48268541693687445,0.4826854169368744,1800,0.0,0.0
1992-06-03 00:00:00-04:00,0.48268541693687445,0.48268541693687445,0.48268541693687445,0.4826854169368744,0,0.0,0.0
1992-06-04 00:00:00-04:00,0.48268541693687445,0.48268541693687445,0.48268541693687445,0.4826854169368744,0,0.0,0.0
1992-06-05 00:00:00-04:00,0.48268541693687445,0.48268541693687445,0.48268541693687445,0.4826854169368744,0,0.0,0.0
1992-06-08 00:00:00-04:00,0.48268541693687445,0.48268541693687445,0.48268541693687445,0.4826854169368744,0,0.0,0.0
1992-06-09 00:00:00-04:00,0.0,0.5159740663807968,0.48268541693687445,0.4826854169368744,0,0.0,0.0
1992-06-10 00:00:00-04:00,0.48268541693687445,0.48268541693687445,0.48268541693687445,0.4826854169368744,0,0.0,0.0
1992-06-11 00:00:00-04:00,0.48268541693687445,0.48268541693687445,0.48268541693687445,0.4826854169368744,0,0.0,0.0
1992-06-12 00:00:00-04:00,0.48268541693687445,0.48268541693687445,0.48268541693687445,0.4826854169368744,0,0.0,0.0
1992-06-15 00:00:00-04:00,0.48268539210160577,0.4993297159671784,0.48268539210160577,0.49932971596717834,1500,0.0,0.0
1992-06-16 00:00:00-04:00,0.4993297159671784,0.4993297159671784,0.4993297159671784,0.49932971596717834,0,0.0,0.0
1992-06-17 00:00:00-04:00,0.4993297159671784,0.4993297159671784,0.4993297159671784,0.49932971596717834,0,0.0,0.0
1992-06-18 00:00:00-04:00,0.4993297159671784,0.4993297159671784,0.4993297159671784,0.49932971596717834,0,0.0,0.0
1992-06-19 00:00:00-04:00,0.48268539210160577,0.4993297159671784,0.46604106823603314,0.49932971596717834,13500,0.0,0.0
1992-06-22 00:00:00-04:00,0.4993297159671784,0.4993297159671784,0.4993297159671784,0.49932971596717834,0,0.0,0.0
1992-06-23 00:00:00-04:00,0.4993297159671784,0.4993297159671784,0.4993297159671784,0.49932971596717834,0,0.0,0.0
1992-06-24 00:00:00-04:00,0.48268541693687445,0.48268541693687445,0.48268541693687445,0.4826854169368744,500,0.0,0.0
1992-06-25 00:00:00-04:00,0.48268541693687445,0.48268541693687445,0.48268541693687445,0.4826854169368744,6500,0.0,0.0
1992-06-26 00:00:00-04:00,0.48268541693687445,0.48268541693687445,0.48268541693687445,0.4826854169368744,0,0.0,0.0
1992-06-29 00:00:00-04:00,0.48268541693687445,0.48268541693687445,0.48268541693687445,0.4826854169368744,0,0.0,0.0
1992-06-30 00:00:00-04:00,0.48268541693687445,0.48268541693687445,0.48268541693687445,0.4826854169368744,7000,0.0,0.0
1992-07-01 00:00:00-04:00,0.5159744024276733,0.5159744024276733,0.5159744024276733,0.5159744024276733,5200,0.0,0.0
1992-07-02 00:00:00-04:00,0.5159744024276733,0.5159744024276733,0.5159744024276733,0.5159744024276733,0,0.0,0.0
1992-07-06 00:00:00-04:00,0.5159744024276733,0.5159744024276733,0.5159744024276733,0.5159744024276733,0,0.0,0.0
1992-07-07 00:00:00-04:00,0.5159744024276733,0.5159744024276733,0.5159744024276733,0.5159744024276733,0,0.0,0.0
1992-07-08 00:00:00-04:00,0.5159744024276733,0.5159744024276733,0.5159744024276733,0.5159744024276733,1200,0.0,0.0
1992-07-09 00:00:00-04:00,0.5159744024276733,0.5159744024276733,0.5159744024276733,0.5159744024276733,0,0.0,0.0
1992-07-10 00:00:00-04:00,0.4660412073135376,0.4660412073135376,0.4660412073135376,0.4660412073135376,300,0.0,0.0
1992-07-13 00:00:00-04:00,0.4660412073135376,0.4660412073135376,0.4660412073135376,0.4660412073135376,0,0.0,0.0
1992-07-14 00:00:00-04:00,0.4660412073135376,0.4660412073135376,0.4660412073135376,0.4660412073135376,0,0.0,0.0
1992-07-15 00:00:00-04:00,0.5159744024276733,0.5159744024276733,0.5159744024276733,0.5159744024276733,1300,0.0,0.0
1992-07-16 00:00:00-04:00,0.5159744024276733,0.5159744024276733,0.49933006686549036,0.5159744024276733,8500,0.0,0.0
1992-07-17 00:00:00-04:00,0.5159744024276733,0.5159744024276733,0.5159744024276733,0.5159744024276733,0,0.0,0.0
1992-07-20 00:00:00-04:00,0.5159740783274174,0.5326184034347534,0.4826854281127453,0.5326184034347534,11500,0.0,0.0
1992-07-21 00:00:00-04:00,0.5326184034347534,0.5326184034347534,0.5326184034347534,0.5326184034347534,0,0.0,0.0
1992-07-22 00:00:00-04:00,0.5326184034347534,0.5326184034347534,0.5326184034347534,0.5326184034347534,0,0.0,0.0
1992-07-23 00:00:00-04:00,0.49932975322008133,0.5326184034347534,0.49932975322008133,0.5326184034347534,1200,0.0,0.0
1992-07-24 00:00:00-04:00,0.5326184034347534,0.5326184034347534,0.5326184034347534,0.5326184034347534,1000,0.0,0.0
1992-07-27 00:00:00-04:00,0.5326184034347534,0.5326184034347534,0.5326184034347534,0.5326184034347534,800,0.0,0.0
1992-07-28 00:00:00-04:00,0.5326184034347534,0.5326184034347534,0.5326184034347534,0.5326184034347534,500,0.0,0.0
1992-07-29 00:00:00-04:00,0.5326184034347534,0.5326184034347534,0.5326184034347534,0.5326184034347534,1000,0.0,0.0
1992-07-30 00:00:00-04:00,0.5326184034347534,0.5326184034347534,0.5326184034347534,0.5326184034347534,0,0.0,0.0
1992-07-31 00:00:00-04:00,0.5326184034347534,0.5326184034347534,0.5326184034347534,0.5326184034347534,0,0.0,0.0
1992-08-03 00:00:00-04:00,0.5326184034347534,0.5326184034347534,0.5326184034347534,0.5326184034347534,0,0.0,0.0
1992-08-04 00:00:00-04:00,0.5326184937448213,0.5492628216743469,0.5326184937448213,0.5492628216743469,14100,0.0,0.0
1992-08-05 00:00:00-04:00,0.5492628216743469,0.5492628216743469,0.5492628216743469,0.5492628216743469,5000,0.0,0.0
1992-08-06 00:00:00-04:00,0.5326184034347534,0.5326184034347534,0.5326184034347534,0.5326184034347534,100,0.0,0.0
1992-08-07 00:00:00-04:00,0.5492628216743469,0.5492628216743469,0.5326184937448213,0.5492628216743469,16500,0.0,0.0
1992-08-10 00:00:00-04:00,0.5560022592544556,0.5560022592544556,0.5560022592544556,0.5560022592544556,0,0.05,0.0
1992-08-11 00:00:00-04:00,0.5560022592544556,0.5560022592544556,0.5560022592544556,0.5560022592544556,1000,0.0,0.0
1992-08-12 00:00:00-04:00,0.5560022592544556,0.5560022592544556,0.5560022592544556,0.5560022592544556,0,0.0,0.0
1992-08-13 00:00:00-04:00,0.5560022592544556,0.5560022592544556,0.5560022592544556,0.5560022592544556,0,0.0,0.0
1992-08-14 00:00:00-04:00,0.5560021251440048,0.5560021251440048,0.5391535758972168,0.5391535758972168,7900,0.0,0.0
1992-08-17 00:00:00-04:00,0.5728506743907928,0.5728506743907928,0.5391535758972168,0.5391535758972168,6900,0.0,0.0
1992-08-18 00:00:00-04:00,0.5896991656886207,0.6065477132797241,0.5728506180975173,0.6065477132797241,6500,0.0,0.0
1992-08-19 00:00:00-04:00,0.6065478453765044,0.6233963966369629,0.5728507428555876,0.6233963966369629,9700,0.0,0.0
1992-08-20 00:00:00-04:00,0.6233963966369629,0.6233963966369629,0.6233963966369629,0.6233963966369629,0,0.0,0.0
1992-08-21 00:00:00-04:00,0.6233966844422476,0.6233966844422476,0.5896995663642883,0.5896995663642883,3200,0.0,0.0
1992-08-24 00:00:00-04:00,0.6233963966369629,0.6233963966369629,0.6233963966369629,0.6233963966369629,1000,0.0,0.0
1992-08-25 00:00:00-04:00,0.6233963966369629,0.6233963966369629,0.6233963966369629,0.6233963966369629,0,0.0,0.0
1992-08-26 00:00:00-04:00,0.6233963966369629,0.6233963966369629,0.6233963966369629,0.6233963966369629,400,0.0,0.0
1992-08-27 00:00:00-04:00,0.6233963966369629,0.6233963966369629,0.6233963966369629,0.6233963966369629,0,0.0,0.0
1992-08-28 00:00:00-04:00,0.6233962248353397,0.6233962248353397,0.5728505849838257,0.5728505849838257,1500,0.0,0.0
1992-08-31 00:00:00-04:00,0.6233962248353397,0.6233962248353397,0.5728505849838257,0.5728505849838257,6200,0.0,0.0
1992-09-01 00:00:00-04:00,0.5981234394841725,0.6233962608708277,0.5981234394841725,0.6065477132797241,7100,0.0,0.0
1992-09-02 00:00:00-04:00,0.6065478453765044,0.6233963966369629,0.5728507428555876,0.6233963966369629,5700,0.0,0.0
1992-09-03 00:00:00-04:00,0.5728507428555876,0.6233963966369629,0.5728507428555876,0.6233963966369629,2900,0.0,0.0
1992-09-04 00:00:00-04:00,0.6233963966369629,0.6233963966369629,0.6233963966369629,0.6233963966369629,200,0.0,0.0
1992-09-08 00:00:00-04:00,0.6233964672214107,0.6402450203895569,0.5896993608851182,0.6402450203895569,8700,0.0,0.0
1992-09-09 00:00:00-04:00,0.6402450203895569,0.6402450203895569,0.6402450203895569,0.6402450203895569,0,0.0,0.0
1992-09-10 00:00:00-04:00,0.5896993608851182,0.6402450203895569,0.5896993608851182,0.6402450203895569,4400,0.0,0.0
1992-09-11 00:00:00-04:00,0.6402450203895569,0.6402450203895569,0.6402450203895569,0.6402450203895569,0,0.0,0.0
1992-09-14 00:00:00-04:00,0.6402450203895569,0.6402450203895569,0.6402450203895569,0.6402450203895569,0,0.0,0.0
1992-09-15 00:00:00-04:00,0.5896995663642883,0.5896995663642883,0.5896995663642883,0.5896995663642883,2000,0.0,0.0
1992-09-16 00:00:00-04:00,0.5896991656886207,0.6065477132797241,0.5896991656886207,0.6065477132797241,12500,0.0,0.0
1992-09-17 00:00:00-04:00,0.6402450203895569,0.6402450203895569,0.6402450203895569,0.6402450203895569,100,0.0,0.0
1992-09-18 00:00:00-04:00,0.6402450203895569,0.6402450203895569,0.6402450203895569,0.6402450203895569,800,0.0,0.0
1992-09-21 00:00:00-04:00,0.6402450203895569,0.6402450203895569,0.6402450203895569,0.6402450203895569,0,0.0,0.0
1992-09-22 00:00:00-04:00,0.5728505849838257,0.5728505849838257,0.5728505849838257,0.5728505849838257,1200,0.0,0.0
1992-09-23 00:00:00-04:00,0.5728505849838257,0.5728505849838257,0.5728505849838257,0.5728505849838257,700,0.0,0.0
1992-09-24 00:00:00-04:00,0.5728505849838257,0.5728505849838257,0.5728505849838257,0.5728505849838257,0,0.0,0.0
1992-09-25 00:00:00-04:00,0.6065477132797241,0.6065477132797241,0.6065477132797241,0.6065477132797241,1000,0.0,0.0
1992-09-28 00:00:00-04:00,0.6065477132797241,0.6065477132797241,0.6065477132797241,0.6065477132797241,0,0.0,0.0
1992-09-29 00:00:00-04:00,0.6065477132797241,0.6065477132797241,0.6065477132797241,0.6065477132797241,0,0.0,0.0
1992-09-30 00:00:00-04:00,0.6065477132797241,0.6065477132797241,0.6065477132797241,0.6065477132797241,0,0.0,0.0
1992-10-01 00:00:00-04:00,0.6065477132797241,0.6065477132797241,0.6065477132797241,0.6065477132797241,0,0.0,0.0
1992-10-02 00:00:00-04:00,0.6065477132797241,0.6065477132797241,0.6065477132797241,0.6065477132797241,0,0.0,0.0
1992-10-05 00:00:00-04:00,0.6065480675495847,0.6149723462655511,0.5981237888336182,0.5981237888336182,2900,0.0,0.0
1992-10-06 00:00:00-04:00,0.6402450203895569,0.6402450203895569,0.6402450203895569,0.6402450203895569,900,0.0,0.0
1992-10-07 00:00:00-04:00,0.6402447987825443,0.657093346118927,0.6402447987825443,0.657093346118927,6600,0.0,0.0
1992-10-08 00:00:00-04:00,0.6739421267258494,0.6739421267258494,0.6402450203895569,0.6402450203895569,3900,0.0,0.0
1992-10-09 00:00:00-04:00,0.6402450203895569,0.6402450203895569,0.6402450203895569,0.6402450203895569,0,0.0,0.0
1992-10-12 00:00:00-04:00,0.6739424467086792,0.6739424467086792,0.6739424467086792,0.6739424467086792,1000,0.0,0.0
1992-10-13 00:00:00-04:00,0.6739424467086792,0.6739424467086792,0.6739424467086792,0.6739424467086792,0,0.0,0.0
1992-10-14 00:00:00-04:00,0.6739424467086792,0.6739424467086792,0.6739424467086792,0.6739424467086792,2900,0.0,0.0
1992-10-15 00:00:00-04:00,0.6739424467086792,0.6739424467086792,0.6739424467086792,0.6739424467086792,0,0.0,0.0
1992-10-16 00:00:00-04:00,0.690790891647339,0.690790891647339,0.690790891647339,0.6907908916473389,100,0.0,0.0
1992-10-19 00:00:00-04:00,0.690790891647339,0.690790891647339,0.690790891647339,0.6907908916473389,0,0.0,0.0
1992-10-20 00:00:00-04:00,0.690790891647339,0.690790891647339,0.690790891647339,0.6907908916473389,0,0.0,0.0
1992-10-21 00:00:00-04:00,0.690790891647339,0.690790891647339,0.690790891647339,0.6907908916473389,100,0.0,0.0
1992-10-22 00:00:00-04:00,0.6402450203895569,0.6402450203895569,0.6402450203895569,0.6402450203895569,500,0.0,0.0
1992-10-23 00:00:00-04:00,0.690790891647339,0.690790891647339,0.690790891647339,0.6907908916473389,2000,0.0,0.0
1992-10-26 00:00:00-05:00,0.690790891647339,0.690790891647339,0.690790891647339,0.6907908916473389,1300,0.0,0.0
1992-10-27 00:00:00-05:00,0.690790891647339,0.690790891647339,0.690790891647339,0.6907908916473389,200,0.0,0.0
1992-10-28 00:00:00-05:00,0.6739424467086792,0.6739424467086792,0.6739424467086792,0.6739424467086792,2000,0.0,0.0
1992-10-29 00:00:00-05:00,0.6402450203895569,0.6402450203895569,0.6402450203895569,0.6402450203895569,1000,0.0,0.0
1992-10-30 00:00:00-05:00,0.6402450203895569,0.6402450203895569,0.6402450203895569,0.6402450203895569,0,0.0,0.0
1992-11-02 00:00:00-05:00,0.657093346118927,0.657093346118927,0.657093346118927,0.657093346118927,2000,0.0,0.0
1992-11-03 00:00:00-05:00,0.657093346118927,0.657093346118927,0.657093346118927,0.657093346118927,0,0.0,0.0
1992-11-04 00:00:00-05:00,0.6739421267258494,0.6739421267258494,0.6402450203895569,0.6402450203895569,2100,0.0,0.0
1992-11-05 00:00:00-05:00,0.690790891647339,0.690790891647339,0.690790891647339,0.6907908916473389,100,0.0,0.0
1992-11-06 00:00:00-05:00,0.690790891647339,0.690790891647339,0.690790891647339,0.6907908916473389,100,0.0,0.0
1992-11-09 00:00:00-05:00,0.6497535109519958,0.6497535109519958,0.6497535109519958,0.6497535109519958,300,0.075,0.0
1992-11-10 00:00:00-05:00,0.6497535327585732,0.7010498642921448,0.6497535327585732,0.7010498642921448,1300,0.0,0.0
1992-11-11 00:00:00-05:00,0.6839511333367764,0.6839511333367764,0.6326547983365182,0.6668523550033569,9200,0.0,0.0
1992-11-12 00:00:00-05:00,0.6839511333367764,0.6839511333367764,0.6668523550033569,0.6668523550033569,3100,0.0,0.0
1992-11-13 00:00:00-05:00,0.6668523550033569,0.6668523550033569,0.6668523550033569,0.6668523550033569,1000,0.0,0.0
1992-11-16 00:00:00-05:00,0.6497535109519958,0.6497535109519958,0.6497535109519958,0.6497535109519958,1000,0.0,0.0
1992-11-17 00:00:00-05:00,0.6839508414268494,0.6839508414268494,0.6839508414268494,0.6839508414268494,100,0.0,0.0
1992-11-18 00:00:00-05:00,0.6839508414268494,0.6839508414268494,0.6839508414268494,0.6839508414268494,0,0.0,0.0
1992-11-19 00:00:00-05:00,0.6668523550033569,0.6668523550033569,0.6668523550033569,0.6668523550033569,1000,0.0,0.0
1992-11-20 00:00:00-05:00,0.6839508414268494,0.6839508414268494,0.6839508414268494,0.6839508414268494,1400,0.0,0.0
1992-11-23 00:00:00-05:00,0.6668522875559958,0.6839510641599956,0.6497535109519958,0.6497535109519958,8000,0.0,0.0
1992-11-24 00:00:00-05:00,0.6497535109519958,0.6497535109519958,0.6155559577439961,0.6497535109519958,10700,0.0,0.0
1992-11-25 00:00:00-05:00,0.6326547983365182,0.6668523550033569,0.6326547983365182,0.6668523550033569,10500,0.0,0.0
1992-11-27 00:00:00-05:00,0.6497535109519958,0.6497535109519958,0.6497535109519958,0.6497535109519958,5200,0.0,0.0
1992-11-30 00:00:00-05:00,0.6326544880867004,0.6326544880867004,0.6326544880867004,0.6326544880867004,1000,0.0,0.0
1992-12-01 00:00:00-05:00,0.6497535109519958,0.6497535109519958,0.6497535109519958,0.6497535109519958,100,0.0,0.0
1992-12-02 00:00:00-05:00,0.6497535766699375,0.6668523550033569,0.6497535766699375,0.6668523550033569,13600,0.0,0.0
1992-12-03 00:00:00-05:00,0.6497535109519958,0.6497535109519958,0.6497535109519958,0.6497535109519958,1000,0.0,0.0
1992-12-04 00:00:00-05:00,0.6497535109519958,0.6497535109519958,0.6497535109519958,0.6497535109519958,1000,0.0,0.0
1992-12-07 00:00:00-05:00,0.6497535109519958,0.6497535109519958,0.6497535109519958,0.6497535109519958,0,0.0,0.0
1992-12-08 00:00:00-05:00,0.6497535109519958,0.6839510641599956,0.6497535109519958,0.6497535109519958,1800,0.0,0.0
1992-12-09 00:00:00-05:00,0.6497535109519958,0.6497535109519958,0.6497535109519958,0.6497535109519958,5000,0.0,0.0
1992-12-10 00:00:00-05:00,0.6839508414268494,0.6839508414268494,0.6839508414268494,0.6839508414268494,100,0.0,0.0
1992-12-11 00:00:00-05:00,0.6839508414268494,0.6839508414268494,0.6839508414268494,0.6839508414268494,0,0.0,0.0
1992-12-14 00:00:00-05:00,0.6497532580349896,0.6497532580349896,0.6326544880867004,0.6326544880867004,3100,0.0,0.0
1992-12-15 00:00:00-05:00,0.6668523550033569,0.6668523550033569,0.6668523550033569,0.6668523550033569,100,0.0,0.0
1992-12-16 00:00:00-05:00,0.6326544880867004,0.6668520279832788,0.6326544880867004,0.6326544880867004,4600,0.0,0.0
1992-12-17 00:00:00-05:00,0.6412041875032278,0.6668523550033569,0.6412041875032278,0.6668523550033569,6200,0.0,0.0
1992-12-18 00:00:00-05:00,0.632654734347996,0.6497535109519958,0.632654734347996,0.6497535109519958,8500,0.0,0.0
1992-12-21 00:00:00-05:00,0.6412041226499959,0.6497535109519958,0.632654734347996,0.6497535109519958,12800,0.0,0.0
1992-12-22 00:00:00-05:00,0.6497532580349896,0.6497532580349896,0.6326544880867004,0.6326544880867004,2600,0.0,0.0
1992-12-23 00:00:00-05:00,0.6668522875559958,0.6668522875559958,0.6497535109519958,0.6497535109519958,12100,0.0,0.0
1992-12-24 00:00:00-05:00,0.6497535109519958,0.6497535109519958,0.6497535109519958,0.6497535109519958,0,0.0,0.0
1992-12-28 00:00:00-05:00,0.6326544880867004,0.6497532580349896,0.6326544880867004,0.6326544880867004,4400,0.0,0.0
1992-12-29 00:00:00-05:00,0.6326544880867004,0.6326544880867004,0.6326544880867004,0.6326544880867004,0,0.0,0.0
1992-12-30 00:00:00-05:00,0.6326544880867004,0.6326544880867004,0.6326544880867004,0.6326544880867004,0,0.0,0.0
1992-12-31 00:00:00-05:00,0.6497535109519958,0.6497535109519958,0.6497535109519958,0.6497535109519958,1000,0.0,0.0
1993-01-04 00:00:00-05:00,0.6497535109519958,0.6497535109519958,0.6497535109519958,0.6497535109519958,0,0.0,0.0
1993-01-05 00:00:00-05:00,0.6326544880867004,0.6326544880867004,0.6326544880867004,0.6326544880867004,100,0.0,0.0
1993-01-06 00:00:00-05:00,0.6326544880867004,0.6326544880867004,0.6326544880867004,0.6326544880867004,0,0.0,0.0
1993-01-07 00:00:00-05:00,0.6326545204435076,0.6326545204435076,0.5984569787979126,0.5984569787979126,6500,0.0,0.0
1993-01-08 00:00:00-05:00,0.598456948190122,0.6326544880867004,0.598456948190122,0.6326544880867004,3000,0.0,0.0
1993-01-11 00:00:00-05:00,0.6326544880867004,0.6326544880867004,0.6326544880867004,0.6326544880867004,0,0.0,0.0
1993-01-12 00:00:00-05:00,0.6326544880867004,0.6326544880867004,0.6326544880867004,0.6326544880867004,0,0.0,0.0
1993-01-13 00:00:00-05:00,0.6326544880867004,0.6326544880867004,0.6326544880867004,0.6326544880867004,0,0.0,0.0
1993-01-14 00:00:00-05:00,0.6326544880867004,0.6326544880867004,0.6326544880867004,0.6326544880867004,1100,0.0,0.0
1993-01-15 00:00:00-05:00,0.6497532580349896,0.6497532580349896,0.6326544880867004,0.6326544880867004,11000,0.0,0.0
1993-01-18 00:00:00-05:00,0.6668523550033569,0.6668523550033569,0.6668523550033569,0.6668523550033569,100,0.0,0.0
1993-01-19 00:00:00-05:00,0.6326544880867004,0.6326544880867004,0.6326544880867004,0.6326544880867004,1500,0.0,0.0
1993-01-20 00:00:00-05:00,0.6326544880867004,0.6326544880867004,0.6326544880867004,0.6326544880867004,0,0.0,0.0
1993-01-21 00:00:00-05:00,0.6668520279832788,0.6668520279832788,0.6326544880867004,0.6326544880867004,2400,0.0,0.0
1993-01-22 00:00:00-05:00,0.6497534314791361,0.6497534314791361,0.6155558824539185,0.6155558824539185,8500,0.0,0.0
1993-01-25 00:00:00-05:00,0.6668523550033569,0.6668523550033569,0.6668523550033569,0.6668523550033569,600,0.0,0.0
1993-01-26 00:00:00-05:00,0.6668523550033569,0.6668523550033569,0.6668523550033569,0.6668523550033569,1000,0.0,0.0
1993-01-27 00:00:00-05:00,0.6668523550033569,0.6668523550033569,0.6668523550033569,0.6668523550033569,0,0.0,0.0
1993-01-28 00:00:00-05:00,0.6668523550033569,0.6668523550033569,0.6668523550033569,0.6668523550033569,1000,0.0,0.0
1993-01-29 00:00:00-05:00,0.6497535109519958,0.6497535109519958,0.6497535109519958,0.6497535109519958,500,0.0,0.0
1993-02-01 00:00:00-05:00,0.6497532580349896,0.6668520279832788,0.6155557181384113,0.6326544880867004,44600,0.0,0.0
1993-02-02 00:00:00-05:00,0.6668523550033569,0.6668523550033569,0.6668523550033569,0.6668523550033569,1000,0.0,0.0
1993-02-03 00:00:00-05:00,0.6668523550033569,0.6668523550033569,0.6668523550033569,0.6668523550033569,3500,0.0,0.0
1993-02-04 00:00:00-05:00,0.6583026848733425,0.6839508414268494,0.6583026848733425,0.6839508414268494,5100,0.0,0.0
1993-02-05 00:00:00-05:00,0.6839508414268494,0.6839508414268494,0.6839508414268494,0.6839508414268494,0,0.0,0.0
1993-02-08 00:00:00-05:00,0.6943667531013489,0.6943667531013489,0.6943667531013489,0.6943667531013489,0,0.075,0.0
1993-02-09 00:00:00-05:00,0.659648060798645,0.659648060798645,0.659648060798645,0.659648060798645,1000,0.0,0.0
1993-02-10 00:00:00-05:00,0.659648060798645,0.659648060798645,0.659648060798645,0.659648060798645,0,0.0,0.0
1993-02-11 00:00:00-05:00,0.6943667531013489,0.6943667531013489,0.6943667531013489,0.6943667531013489,1600,0.0,0.0
1993-02-12 00:00:00-05:00,0.6943667531013489,0.6943667531013489,0.6943667531013489,0.6943667531013489,200,0.0,0.0
1993-02-16 00:00:00-05:00,0.6943667531013489,0.6943667531013489,0.6943667531013489,0.6943667531013489,0,0.0,0.0
1993-02-17 00:00:00-05:00,0.659648155554747,0.6943664795313126,0.659648155554747,0.6770073175430298,3600,0.0,0.0
1993-02-18 00:00:00-05:00,0.6770073175430298,0.6770073175430298,0.6770073175430298,0.6770073175430298,1100,0.0,0.0
1993-02-19 00:00:00-05:00,0.6596484154462815,0.6943667531013489,0.6596484154462815,0.6943667531013489,4000,0.0,0.0
1993-02-22 00:00:00-05:00,0.6943667531013489,0.6943667531013489,0.6943667531013489,0.6943667531013489,4300,0.0,0.0
1993-02-23 00:00:00-05:00,0.6770073175430298,0.6770073175430298,0.6770073175430298,0.6770073175430298,7000,0.0,0.0
1993-02-24 00:00:00-05:00,0.6943667531013489,0.6943667531013489,0.6943667531013489,0.6943667531013489,1000,0.0,0.0
1993-02-25 00:00:00-05:00,0.6943667225721406,0.7117258906364441,0.6596483864435336,0.7117258906364441,16500,0.0,0.0
1993-02-26 00:00:00-05:00,0.6943667531013489,0.6943667531013489,0.6943667531013489,0.6943667531013489,5300,0.0,0.0
1993-03-01 00:00:00-05:00,0.7290850587007476,0.7290850587007476,0.6943667225721406,0.7117258906364441,31700,0.0,0.0
1993-03-02 00:00:00-05:00,0.7117258906364441,0.7117258906364441,0.7117258906364441,0.7117258906364441,0,0.0,0.0
1993-03-03 00:00:00-05:00,0.7117258906364441,0.7117258906364441,0.7117258906364441,0.7117258906364441,600,0.0,0.0
1993-03-04 00:00:00-05:00,0.7117258906364441,0.7117258906364441,0.7117258906364441,0.7117258906364441,0,0.0,0.0
1993-03-05 00:00:00-05:00,0.7117258906364441,0.7117258906364441,0.7117258906364441,0.7117258906364441,0,0.0,0.0
1993-03-08 00:00:00-05:00,0.6770075545078371,0.7117258906364441,0.6770075545078371,0.7117258906364441,5400,0.0,0.0
1993-03-09 00:00:00-05:00,0.7117258906364441,0.7117258906364441,0.6943667225721406,0.7117258906364441,7400,0.0,0.0
1993-03-10 00:00:00-05:00,0.7117258906364441,0.7117258906364441,0.7117258906364441,0.7117258906364441,400,0.0,0.0
1993-03-11 00:00:00-05:00,0.7117258906364441,0.7117258906364441,0.7117258906364441,0.7117258906364441,1000,0.0,0.0
1993-03-12 00:00:00-05:00,0.7117258906364441,0.7117258906364441,0.6943667225721406,0.7117258906364441,7400,0.0,0.0
1993-03-15 00:00:00-05:00,0.7117259219288826,0.7117259219288826,0.6943667531013489,0.6943667531013489,7400,0.0,0.0
1993-03-16 00:00:00-05:00,0.7117258906364441,0.7290850587007476,0.6943667225721406,0.7117258906364441,15100,0.0,0.0
1993-03-17 00:00:00-05:00,0.7290847897529601,0.7290847897529601,0.6943664664313907,0.7290847897529602,27400,0.0,0.0
1993-03-18 00:00:00-05:00,0.7464442253112793,0.7464442253112793,0.7377646412960319,0.7464442253112793,4700,0.0,0.0
1993-03-19 00:00:00-05:00,0.7464442267650512,0.7464442267650512,0.7117258906364441,0.7117258906364441,5700,0.0,0.0
1993-03-22 00:00:00-05:00,0.7464442253112793,0.7464442253112793,0.7464442253112793,0.7464442253112793,1500,0.0,0.0
1993-03-23 00:00:00-05:00,0.7464442253112793,0.7464442253112793,0.7464442253112793,0.7464442253112793,6500,0.0,0.0
1993-03-24 00:00:00-05:00,0.7464442253112793,0.7464442253112793,0.7464442253112793,0.7464442253112793,1100,0.0,0.0
1993-03-25 00:00:00-05:00,0.7377643815495751,0.7638031244277955,0.7290848005901684,0.7638031244277954,24900,0.0,0.0
1993-03-26 00:00:00-05:00,0.7464442253112793,0.7464442253112793,0.7464442253112793,0.7464442253112793,700,0.0,0.0
1993-03-29 00:00:00-05:00,0.7377646565437317,0.7377646565437317,0.7377646565437317,0.7377646565437317,3800,0.0,0.0
1993-03-30 00:00:00-05:00,0.7464439625089819,0.7638031244277955,0.7290848005901684,0.7638031244277954,23200,0.0,0.0
1993-03-31 00:00:00-05:00,0.7638031244277955,0.7638031244277955,0.7464439625089819,0.7638031244277954,19600,0.0,0.0
1993-04-01 00:00:00-05:00,0.781162440776825,0.781162440776825,0.772482858101527,0.781162440776825,31700,0.0,0.0
1993-04-02 00:00:00-05:00,0.7985213994979858,0.7985213994979858,0.772482658210008,0.7985213994979858,38000,0.0,0.0
1993-04-05 00:00:00-04:00,0.7985213994979858,0.7985213994979858,0.781162238639334,0.7985213994979858,41000,0.0,0.0
1993-04-06 00:00:00-04:00,0.7638030777806821,0.7985213994979858,0.7638030777806821,0.7985213994979858,22100,0.0,0.0
1993-04-07 00:00:00-04:00,0.7898419695965787,0.8158807158470154,0.7811623875130999,0.8158807158470154,39600,0.0,0.0
1993-04-08 00:00:00-04:00,0.8158807714780172,0.8158807714780172,0.781162440776825,0.781162440776825,6500,0.0,0.0
1993-04-12 00:00:00-04:00,0.8158807158470154,0.8158807158470154,0.7985215516800576,0.8158807158470154,6600,0.0,0.0
1993-04-13 00:00:00-04:00,0.8158806897699833,0.8332398533821106,0.798521526157856,0.8332398533821106,20300,0.0,0.0
1993-04-14 00:00:00-04:00,0.8505995500087737,0.8679587244987488,0.8332403755187988,0.8679587244987488,6200,0.0,0.0
1993-04-15 00:00:00-04:00,0.8853177428245544,0.8853177428245544,0.8853177428245544,0.8853177428245544,2000,0.0,0.0
1993-04-16 00:00:00-04:00,0.9026762044654703,0.9373945200218344,0.8853170466872881,0.9200353622436523,22000,0.0,0.0
1993-04-19 00:00:00-04:00,0.937394380569458,0.937394380569458,0.8853169149822658,0.937394380569458,11300,0.0,0.0
1993-04-20 00:00:00-04:00,0.9373952571083517,0.9373952571083517,0.8853177428245544,0.8853177428245544,1900,0.0,0.0
1993-04-21 00:00:00-04:00,0.9373952571083517,0.9373952571083517,0.8853177428245544,0.8853177428245544,3700,0.0,0.0
1993-04-22 00:00:00-04:00,0.8853177428245544,0.9373952571083517,0.8853177428245544,0.8853177428245544,2000,0.0,0.0
1993-04-23 00:00:00-04:00,0.9373952571083517,0.9373952571083517,0.8853177428245544,0.8853177428245544,2800,0.0,0.0
1993-04-26 00:00:00-04:00,0.9026765823364259,0.9026765823364259,0.9026765823364259,0.9026765823364258,100,0.0,0.0
1993-04-27 00:00:00-04:00,0.8853178989887237,0.9026770734786987,0.8679587244987488,0.8679587244987488,5300,0.0,0.0
1993-04-28 00:00:00-04:00,0.8853177428245544,0.8853177428245544,0.8853177428245544,0.8853177428245544,1000,0.0,0.0
1993-04-29 00:00:00-04:00,0.8853177428245544,0.8853177428245544,0.8853177428245544,0.8853177428245544,0,0.0,0.0
1993-04-30 00:00:00-04:00,0.8505995500087737,0.8853178989887237,0.8505995500087737,0.8679587244987488,2400,0.0,0.0
1993-05-03 00:00:00-04:00,0.8505990169942379,0.8505990169942379,0.8332398533821106,0.8332398533821106,5400,0.0,0.0
1993-05-04 00:00:00-04:00,0.8679581806063652,0.8853173442184925,0.8332398533821106,0.8332398533821106,11400,0.0,0.0
1993-05-05 00:00:00-04:00,0.8332403755187988,0.8679587244987488,0.8332403755187988,0.8679587244987488,6300,0.0,0.0
1993-05-06 00:00:00-04:00,0.8853177428245544,0.8853177428245544,0.8853177428245544,0.8853177428245544,200,0.0,0.0
1993-05-07 00:00:00-04:00,0.8679582148182149,0.8679582148182149,0.8505990505218506,0.8505990505218506,4000,0.0,0.0
1993-05-10 00:00:00-04:00,0.8611441254615784,0.8962928652763367,0.8611441254615784,0.8787184953689575,18200,0.075,0.0
1993-05-11 00:00:00-04:00,0.8962927460670471,0.8962927460670471,0.8962927460670471,0.8962927460670471,1300,0.0,0.0
1993-05-12 00:00:00-04:00,0.8611439189525566,0.8699311017990112,0.8611439189525566,0.8699311017990112,1200,0.0,0.0
1993-05-13 00:00:00-04:00,0.8787180368716899,0.9138667583465575,0.8611436761342561,0.9138667583465576,4800,0.0,0.0
1993-05-14 00:00:00-04:00,0.9138667583465575,0.9138667583465575,0.9138667583465575,0.9138667583465576,0,0.0,0.0
1993-05-17 00:00:00-04:00,0.8611436486244203,0.8611436486244203,0.8611436486244203,0.8611436486244202,800,0.0,0.0
1993-05-18 00:00:00-04:00,0.8611436761342561,0.9138667583465575,0.8611436761342561,0.9138667583465576,800,0.0,0.0
1993-05-19 00:00:00-04:00,0.8611436486244203,0.9138667291524459,0.8611436486244203,0.8611436486244202,2500,0.0,0.0
1993-05-20 00:00:00-04:00,0.8611436486244203,0.8611436486244203,0.8611436486244203,0.8611436486244202,1600,0.0,0.0
1993-05-21 00:00:00-04:00,0.8962928652763367,0.8962928652763367,0.8787184953689575,0.8787184953689575,2200,0.0,0.0
1993-05-24 00:00:00-04:00,0.8962923689764374,0.8962923689764374,0.8611436486244203,0.8611436486244202,2000,0.0,0.0
1993-05-25 00:00:00-04:00,0.8611436486244203,0.8611436486244203,0.8611436486244203,0.8611436486244202,200,0.0,0.0
1993-05-26 00:00:00-04:00,0.8611436486244203,0.8611436486244203,0.8611436486244203,0.8611436486244202,200,0.0,0.0
1993-05-27 00:00:00-04:00,0.861144010927163,0.8962927460670471,0.861144010927163,0.8962927460670471,1300,0.0,0.0
1993-05-28 00:00:00-04:00,0.8962927460670471,0.8962927460670471,0.8962927460670471,0.8962927460670471,2100,0.0,0.0
1993-06-01 00:00:00-04:00,0.9138667583465575,0.9138667583465575,0.9138667583465575,0.9138667583465576,2600,0.0,0.0
1993-06-02 00:00:00-04:00,0.9138672351837158,0.9138672351837158,0.8787184953689575,0.8787184953689575,2500,0.0,0.0
1993-06-03 00:00:00-04:00,0.8787184953689575,0.8787184953689575,0.8787184953689575,0.8787184953689575,1000,0.0,0.0
1993-06-04 00:00:00-04:00,0.931441605091095,0.931441605091095,0.8787184953689575,0.8787184953689575,5600,0.0,0.0
1993-06-07 00:00:00-04:00,0.878717651907003,0.9314407110214232,0.878717651907003,0.9314407110214233,1300,0.0,0.0
1993-06-08 00:00:00-04:00,0.878717651907003,0.9314407110214232,0.878717651907003,0.9314407110214233,5500,0.0,0.0
1993-06-09 00:00:00-04:00,0.9314407110214232,0.9314407110214232,0.9314407110214232,0.9314407110214233,0,0.0,0.0
1993-06-10 00:00:00-04:00,0.8787180368716899,0.9138667583465575,0.8787180368716899,0.9138667583465576,1300,0.0,0.0
1993-06-11 00:00:00-04:00,0.8787184953689575,0.8787184953689575,0.8787184953689575,0.8787184953689575,500,0.0,0.0
1993-06-14 00:00:00-04:00,0.8787184953689575,0.8787184953689575,0.8787184953689575,0.8787184953689575,400,0.0,0.0
1993-06-15 00:00:00-04:00,0.8787184953689575,0.8787184953689575,0.8787184953689575,0.8787184953689575,1000,0.0,0.0
1993-06-16 00:00:00-04:00,0.8787184953689575,0.8787184953689575,0.8787184953689575,0.8787184953689575,0,0.0,0.0
1993-06-17 00:00:00-04:00,0.8787184953689575,0.8787184953689575,0.8787184953689575,0.8787184953689575,500,0.0,0.0
1993-06-18 00:00:00-04:00,0.8787184953689575,0.8787184953689575,0.8787184953689575,0.8787184953689575,0,0.0,0.0
1993-06-21 00:00:00-04:00,0.8787184953689575,0.8787184953689575,0.8787184953689575,0.8787184953689575,2500,0.0,0.0
1993-06-22 00:00:00-04:00,0.9138672351837158,0.9138672351837158,0.8787184953689575,0.8787184953689575,25000,0.0,0.0
1993-06-23 00:00:00-04:00,0.8787184953689575,0.8787184953689575,0.8787184953689575,0.8787184953689575,0,0.0,0.0
1993-06-24 00:00:00-04:00,0.8787184953689575,0.8787184953689575,0.8787184953689575,0.8787184953689575,0,0.0,0.0
1993-06-25 00:00:00-04:00,0.8787184953689575,0.8787184953689575,0.8787184953689575,0.8787184953689575,0,0.0,0.0
1993-06-28 00:00:00-04:00,0.8787180088004288,0.8787180088004288,0.8611436486244203,0.8611436486244202,4800,0.0,0.0
1993-06-29 00:00:00-04:00,0.8611436486244203,0.8611436486244203,0.8611436486244203,0.8611436486244202,0,0.0,0.0
1993-06-30 00:00:00-04:00,0.8611436486244203,0.8611436486244203,0.8611436486244203,0.8611436486244202,0,0.0,0.0
1993-07-01 00:00:00-04:00,0.8611436486244203,0.8611436486244203,0.8611436486244203,0.8611436486244202,10000,0.0,0.0
1993-07-02 00:00:00-04:00,0.8611436486244203,0.8611436486244203,0.8611436486244203,0.8611436486244202,0,0.0,0.0
1993-07-06 00:00:00-04:00,0.8611436486244203,0.8611436486244203,0.8611436486244203,0.8611436486244202,1000,0.0,0.0
1993-07-07 00:00:00-04:00,0.8611436486244203,0.8611436486244203,0.8435692884484116,0.8611436486244202,4800,0.0,0.0
1993-07-08 00:00:00-04:00,0.8259949187437693,0.843569278717041,0.790846198797226,0.843569278717041,11600,0.0,0.0
1993-07-09 00:00:00-04:00,0.790846288204193,0.8435693740844725,0.790846288204193,0.7908462882041931,12500,0.0,0.0
1993-07-12 00:00:00-04:00,0.8084205587704976,0.843569278717041,0.790846198797226,0.843569278717041,15300,0.0,0.0
1993-07-13 00:00:00-04:00,0.843569278717041,0.843569278717041,0.843569278717041,0.843569278717041,500,0.0,0.0
1993-07-14 00:00:00-04:00,0.843569278717041,0.843569278717041,0.843569278717041,0.843569278717041,2000,0.0,0.0
1993-07-15 00:00:00-04:00,0.843569278717041,0.843569278717041,0.843569278717041,0.843569278717041,200,0.0,0.0
1993-07-16 00:00:00-04:00,0.843569278717041,0.843569278717041,0.843569278717041,0.843569278717041,0,0.0,0.0
1993-07-19 00:00:00-04:00,0.808420479297638,0.808420479297638,0.808420479297638,0.8084204792976379,1500,0.0,0.0
1993-07-20 00:00:00-04:00,0.8172082304954529,0.8172082304954529,0.8172082304954529,0.8172082304954529,1000,0.0,0.0
1993-07-21 00:00:00-04:00,0.8128142406543095,0.8128142406543095,0.790846288204193,0.7908462882041931,1900,0.0,0.0
1993-07-22 00:00:00-04:00,0.790846288204193,0.790846288204193,0.790846288204193,0.7908462882041931,0,0.0,0.0
1993-07-23 00:00:00-04:00,0.8259949088096618,0.8259949088096618,0.8259949088096618,0.8259949088096619,1300,0.0,0.0
1993-07-26 00:00:00-04:00,0.8259950121243794,0.8259950121243794,0.790846288204193,0.7908462882041931,10000,0.0,0.0
1993-07-27 00:00:00-04:00,0.843569278717041,0.843569278717041,0.8172077387571335,0.843569278717041,10600,0.0,0.0
1993-07-28 00:00:00-04:00,0.843569278717041,0.843569278717041,0.843569278717041,0.843569278717041,0,0.0,0.0
1993-07-29 00:00:00-04:00,0.843569278717041,0.843569278717041,0.843569278717041,0.843569278717041,0,0.0,0.0
1993-07-30 00:00:00-04:00,0.843569278717041,0.843569278717041,0.843569278717041,0.843569278717041,0,0.0,0.0
1993-08-02 00:00:00-04:00,0.8259949088096618,0.8435692685715694,0.8259949088096618,0.8259949088096619,2600,0.0,0.0
1993-08-03 00:00:00-04:00,0.8259949088096618,0.8259949088096618,0.8259949088096618,0.8259949088096619,0,0.0,0.0
1993-08-04 00:00:00-04:00,0.8611436386903126,0.8611436386903126,0.843569278717041,0.843569278717041,4900,0.0,0.0
1993-08-05 00:00:00-04:00,0.8787183784971051,0.8962927460670471,0.8435696433572208,0.8962927460670471,5700,0.0,0.0
1993-08-06 00:00:00-04:00,0.8962927460670471,0.8962927460670471,0.8962927460670471,0.8962927460670471,0,0.0,0.0
1993-08-09 00:00:00-04:00,0.843569278717041,0.843569278717041,0.843569278717041,0.843569278717041,1300,0.0,0.0
1993-08-10 00:00:00-04:00,0.8898414373397827,0.8898414373397827,0.872044608592987,0.8898414373397827,6300,0.075,0.0
1993-08-11 00:00:00-04:00,0.8898410726996029,0.9076378941535949,0.8720442512456108,0.907637894153595,2900,0.0,0.0
1993-08-12 00:00:00-04:00,0.9076378941535949,0.9076378941535949,0.9076378941535949,0.907637894153595,4600,0.0,0.0
1993-08-13 00:00:00-04:00,0.9076378941535949,0.9076378941535949,0.9076378941535949,0.907637894153595,1000,0.0,0.0
1993-08-16 00:00:00-04:00,0.8720442512456108,0.9076378941535949,0.8720442512456108,0.907637894153595,3600,0.0,0.0
1993-08-17 00:00:00-04:00,0.9076382660865784,0.9076382660865784,0.8898414373397827,0.8898414373397827,4100,0.0,0.0
1993-08-18 00:00:00-04:00,0.8898410726996029,0.9076378941535949,0.8898410726996029,0.907637894153595,6100,0.0,0.0
1993-08-19 00:00:00-04:00,0.9254347156075869,0.943231537061579,0.9076378941535949,0.907637894153595,7800,0.0,0.0
1993-08-20 00:00:00-04:00,0.9254347156075869,0.943231537061579,0.9076378941535949,0.907637894153595,3000,0.0,0.0
1993-08-23 00:00:00-04:00,0.9076378941535949,0.9076378941535949,0.9076378941535949,0.907637894153595,300,0.0,0.0
1993-08-24 00:00:00-04:00,0.9254351854324341,0.9432320159215194,0.9254351854324341,0.9254351854324341,4200,0.0,0.0
1993-08-25 00:00:00-04:00,0.961027979850769,0.961027979850769,0.9254343509674072,0.961027979850769,5500,0.0,0.0
1993-08-26 00:00:00-04:00,0.961027979850769,0.961027979850769,0.961027979850769,0.961027979850769,0,0.0,0.0
1993-08-27 00:00:00-04:00,0.97882479429245,0.97882479429245,0.961027979850769,0.961027979850769,1400,0.0,0.0
1993-08-30 00:00:00-04:00,0.961028155413541,0.9788249731063844,0.961028155413541,0.9788249731063843,5400,0.0,0.0
1993-08-31 00:00:00-04:00,0.961028155413541,0.9788249731063844,0.961028155413541,0.9788249731063843,1700,0.0,0.0
1993-09-01 00:00:00-04:00,0.961027979850769,0.961027979850769,0.961027979850769,0.961027979850769,300,0.0,0.0
1993-09-02 00:00:00-04:00,0.961028155413541,0.9788249731063844,0.9432313377206977,0.9788249731063843,4300,0.0,0.0
1993-09-03 00:00:00-04:00,0.9610283442263333,0.9788251654157099,0.9432315230369568,0.9432315230369568,5700,0.0,0.0
1993-09-07 00:00:00-04:00,0.9432313377206977,0.9788249731063844,0.9432313377206977,0.9788249731063843,20200,0.0,0.0
1993-09-08 00:00:00-04:00,0.9788251654157099,0.9788251654157099,0.9432315230369568,0.9432315230369568,13700,0.0,0.0
1993-09-09 00:00:00-04:00,0.9788249731063844,0.9788249731063844,0.9788249731063844,0.9788249731063843,6000,0.0,0.0
1993-09-10 00:00:00-04:00,0.9432315230369568,0.9432315230369568,0.9432315230369568,0.9432315230369568,5600,0.0,0.0
1993-09-13 00:00:00-04:00,0.9788249731063844,0.9788249731063844,0.9788249731063844,0.9788249731063843,3000,0.0,0.0
1993-09-14 00:00:00-04:00,0.9788256768996899,0.9788256768996899,0.9254351854324341,0.9254351854324341,1300,0.0,0.0
1993-09-15 00:00:00-04:00,0.9254351854324341,0.9254351854324341,0.9254351854324341,0.9254351854324341,0,0.0,0.0
1993-09-16 00:00:00-04:00,0.961027979850769,0.961027979850769,0.961027979850769,0.961027979850769,600,0.0,0.0
1993-09-17 00:00:00-04:00,0.961027979850769,0.961027979850769,0.961027979850769,0.961027979850769,1000,0.0,0.0
1993-09-20 00:00:00-04:00,0.961027979850769,0.961027979850769,0.961027979850769,0.961027979850769,400,0.0,0.0
1993-09-21 00:00:00-04:00,0.9254351854324341,0.9254351854324341,0.9254351854324341,0.9254351854324341,1500,0.0,0.0
1993-09-22 00:00:00-04:00,0.9254351854324341,0.9254351854324341,0.9254351854324341,0.9254351854324341,0,0.0,0.0
1993-09-23 00:00:00-04:00,0.9254343509674072,0.961027979850769,0.9254343509674072,0.961027979850769,6000,0.0,0.0
1993-09-24 00:00:00-04:00,0.961027979850769,0.961027979850769,0.961027979850769,0.961027979850769,0,0.0,0.0
1993-09-27 00:00:00-04:00,0.9610288464106047,0.9610288464106047,0.9254351854324341,0.9254351854324341,3000,0.0,0.0
1993-09-28 00:00:00-04:00,0.9432311654090881,0.97882479429245,0.9432311654090881,0.961027979850769,12900,0.0,0.0
1993-09-29 00:00:00-04:00,0.9966220855712891,0.9966220855712891,0.9966220855712891,0.9966220855712891,9000,0.0,0.0
1993-09-30 00:00:00-04:00,1.0144190089455967,1.0322158336639404,0.9966221842272528,1.0322158336639404,6000,0.0,0.0
1993-10-01 00:00:00-04:00,1.0144184827804565,1.0144184827804565,1.0144184827804565,1.0144184827804565,200,0.0,0.0
1993-10-04 00:00:00-04:00,0.9966221842272528,1.0322158336639404,0.9966221842272528,1.0322158336639404,10700,0.0,0.0
1993-10-05 00:00:00-04:00,1.0322158336639404,1.0322158336639404,1.0322158336639404,1.0322158336639404,0,0.0,0.0
1993-10-06 00:00:00-04:00,1.0144184827804565,1.0144184827804565,1.0144184827804565,1.0144184827804565,500,0.0,0.0
1993-10-07 00:00:00-04:00,1.0144184827804565,1.0144184827804565,1.0144184827804565,1.0144184827804565,0,0.0,0.0
1993-10-08 00:00:00-04:00,0.9966220855712891,0.9966220855712891,0.9966220855712891,0.9966220855712891,2600,0.0,0.0
1993-10-11 00:00:00-04:00,0.9966216672930801,1.0144184827804565,0.9966216672930801,1.0144184827804565,2800,0.0,0.0
1993-10-12 00:00:00-04:00,1.014418608492071,1.014418608492071,0.9788249731063844,0.9788249731063843,10400,0.0,0.0
1993-10-13 00:00:00-04:00,0.9788249731063844,0.9788249731063844,0.9788249731063844,0.9788249731063843,400,0.0,0.0
1993-10-14 00:00:00-04:00,1.0322158336639404,1.0322158336639404,1.0322158336639404,1.0322158336639404,100,0.0,0.0
1993-10-15 00:00:00-04:00,1.0322158336639404,1.0322158336639404,1.0322158336639404,1.0322158336639404,1000,0.0,0.0
1993-10-18 00:00:00-04:00,0.978825359508909,1.0322158336639404,0.978825359508909,1.0322158336639404,500,0.0,0.0
1993-10-19 00:00:00-04:00,0.9788252626146589,0.9966220855712891,0.9788252626146589,0.9966220855712891,1200,0.0,0.0
1993-10-20 00:00:00-04:00,1.0322158336639404,1.0322158336639404,1.0322158336639404,1.0322158336639404,800,0.0,0.0
1993-10-21 00:00:00-04:00,0.9966220855712891,0.9966220855712891,0.9966220855712891,0.9966220855712891,1100,0.0,0.0
1993-10-22 00:00:00-04:00,1.0144184827804565,1.0144184827804565,1.0144184827804565,1.0144184827804565,1000,0.0,0.0
1993-10-25 00:00:00-04:00,1.0322154261849144,1.0322154261849144,0.9788249731063844,0.9788249731063843,400,0.0,0.0
1993-10-26 00:00:00-04:00,0.9788249731063844,0.9788249731063844,0.9788249731063844,0.9788249731063843,0,0.0,0.0
1993-10-27 00:00:00-04:00,0.9788249731063844,0.9966217907992276,0.9788249731063844,0.9788249731063843,9700,0.0,0.0
1993-10-28 00:00:00-04:00,1.0322158336639404,1.0322158336639404,1.0322158336639404,1.0322158336639404,2600,0.0,0.0
1993-10-29 00:00:00-04:00,1.0144190089455967,1.0322158336639404,1.0144190089455967,1.0322158336639404,4400,0.0,0.0
1993-11-01 00:00:00-05:00,1.0500121137552094,1.0500121137552094,1.0144184827804565,1.0144184827804565,5900,0.0,0.0
1993-11-02 00:00:00-05:00,1.0500118732452393,1.0500118732452393,1.0500118732452393,1.0500118732452393,900,0.0,0.0
1993-11-03 00:00:00-05:00,1.0500118732452393,1.0500118732452393,1.0500118732452393,1.0500118732452393,0,0.0,0.0
1993-11-04 00:00:00-05:00,1.032215298267833,1.032215298267833,1.0144184827804565,1.0144184827804565,5000,0.0,0.0
1993-11-05 00:00:00-05:00,1.0500124037265777,1.0856060445308684,1.0322155833244322,1.0678092241287231,15300,0.0,0.0
1993-11-08 00:00:00-05:00,1.1002766974270344,1.172425989061594,1.1002766974270344,1.154388666152954,54400,0.1,0.0
1993-11-09 00:00:00-05:00,1.1543885488358756,1.1904631909869967,1.136351227760315,1.136351227760315,14900,0.0,0.0
1993-11-10 00:00:00-05:00,1.1904631909869967,1.1904631909869967,1.136351227760315,1.136351227760315,15500,0.0,0.0
1993-11-11 00:00:00-05:00,1.136351227760315,1.136351227760315,1.136351227760315,1.136351227760315,100,0.0,0.0
1993-11-12 00:00:00-05:00,1.1363511085510254,1.1724257469177246,1.1363511085510254,1.1724257469177246,3500,0.0,0.0
1993-11-15 00:00:00-05:00,1.1724257469177246,1.1724257469177246,1.1724257469177246,1.1724257469177246,2800,0.0,0.0
1993-11-16 00:00:00-05:00,1.136351227760315,1.136351227760315,1.136351227760315,1.136351227760315,1600,0.0,0.0
1993-11-17 00:00:00-05:00,1.136351227760315,1.136351227760315,1.136351227760315,1.136351227760315,700,0.0,0.0
1993-11-18 00:00:00-05:00,1.1453698882980954,1.1904631909869967,1.136351227760315,1.136351227760315,9800,0.0,0.0
1993-11-19 00:00:00-05:00,1.136351227760315,1.136351227760315,1.136351227760315,1.136351227760315,0,0.0,0.0
1993-11-22 00:00:00-05:00,1.136351227760315,1.136351227760315,1.136351227760315,1.136351227760315,0,0.0,0.0
1993-11-23 00:00:00-05:00,1.136351227760315,1.1543885488358756,1.136351227760315,1.136351227760315,5800,0.0,0.0
1993-11-24 00:00:00-05:00,1.136351227760315,1.136351227760315,1.136351227760315,1.136351227760315,8000,0.0,0.0
1993-11-26 00:00:00-05:00,1.136351227760315,1.136351227760315,1.136351227760315,1.136351227760315,0,0.0,0.0
1993-11-29 00:00:00-05:00,1.136351227760315,1.136351227760315,1.136351227760315,1.136351227760315,600,0.0,0.0
1993-11-30 00:00:00-05:00,1.154388666152954,1.154388666152954,1.1363513432443142,1.154388666152954,1900,0.0,0.0
1993-12-01 00:00:00-05:00,1.1363513432443142,1.154388666152954,1.1363513432443142,1.154388666152954,2100,0.0,0.0
1993-12-02 00:00:00-05:00,1.136351227760315,1.136351227760315,1.136351227760315,1.136351227760315,1000,0.0,0.0
1993-12-03 00:00:00-05:00,1.136351227760315,1.136351227760315,1.136351227760315,1.136351227760315,0,0.0,0.0
1993-12-06 00:00:00-05:00,1.154388666152954,1.154388666152954,1.154388666152954,1.154388666152954,1000,0.0,0.0
1993-12-07 00:00:00-05:00,1.1724257469177246,1.1724257469177246,1.1724257469177246,1.1724257469177246,200,0.0,0.0
1993-12-08 00:00:00-05:00,1.1724257469177246,1.1724257469177246,1.1724257469177246,1.1724257469177246,0,0.0,0.0
1993-12-09 00:00:00-05:00,1.154388666152954,1.154388666152954,1.1183140203356743,1.154388666152954,15600,0.0,0.0
1993-12-10 00:00:00-05:00,1.1183140203356743,1.154388666152954,1.1183140203356743,1.154388666152954,1800,0.0,0.0
1993-12-13 00:00:00-05:00,1.118313193321228,1.136350502890925,1.118313193321228,1.118313193321228,5300,0.0,0.0
1993-12-14 00:00:00-05:00,1.1002764701843262,1.1183137893676758,1.1002764701843262,1.1002764701843262,2300,0.0,0.0
1993-12-15 00:00:00-05:00,1.1002765856091938,1.136351227760315,1.1002765856091938,1.136351227760315,4400,0.0,0.0
1993-12-16 00:00:00-05:00,1.136350502890925,1.136350502890925,1.118313193321228,1.118313193321228,4200,0.0,0.0
1993-12-17 00:00:00-05:00,1.1002758837515307,1.136350502890925,1.1002758837515307,1.118313193321228,3800,0.0,0.0
1993-12-20 00:00:00-05:00,1.118313193321228,1.118313193321228,1.118313193321228,1.118313193321228,0,0.0,0.0
1993-12-21 00:00:00-05:00,1.1363512337207793,1.1363512337207793,1.0822392702102661,1.0822392702102661,1000,0.0,0.0
1993-12-22 00:00:00-05:00,1.0822385741818334,1.118313193321228,1.0822385741818334,1.118313193321228,5100,0.0,0.0
1993-12-23 00:00:00-05:00,1.118313193321228,1.118313193321228,1.118313193321228,1.118313193321228,0,0.0,0.0
1993-12-27 00:00:00-05:00,1.0822391510009766,1.1002764701843262,1.064201831817627,1.1002764701843262,7200,0.0,0.0
1993-12-28 00:00:00-05:00,1.0642015892883827,1.0822389043610672,1.0461642742156982,1.0461642742156982,8600,0.0,0.0
1993-12-29 00:00:00-05:00,1.0100897611197779,1.0642017126083374,1.0100897611197779,1.0642017126083374,1500,0.0,0.0
1993-12-30 00:00:00-05:00,1.0642017126083374,1.0642017126083374,1.0461643954454842,1.0642017126083374,9900,0.0,0.0
1993-12-31 00:00:00-05:00,1.0642015892883827,1.0642015892883827,1.0461642742156982,1.0461642742156982,2200,0.0,0.0
1994-01-03 00:00:00-05:00,1.0642017126083374,1.0642017126083374,1.0642017126083374,1.0642017126083374,500,0.0,0.0
1994-01-04 00:00:00-05:00,1.0642017126083374,1.0642017126083374,1.0642017126083374,1.0642017126083374,3300,0.0,0.0
1994-01-05 00:00:00-05:00,1.1183137893676758,1.1363511085510254,1.1002764701843262,1.1002764701843262,5400,0.0,0.0
1994-01-06 00:00:00-05:00,1.0642017126083374,1.0642017126083374,1.0642017126083374,1.0642017126083374,1500,0.0,0.0
1994-01-07 00:00:00-05:00,1.046164027431555,1.046164027431555,1.0281267166137695,1.0281267166137695,2500,0.0,0.0
1994-01-10 00:00:00-05:00,1.0461643954454842,1.0822390297711906,1.0461643954454842,1.0642017126083374,3900,0.0,0.0
1994-01-11 00:00:00-05:00,1.0822392702102661,1.0822392702102661,1.0822392702102661,1.0822392702102661,400,0.0,0.0
1994-01-12 00:00:00-05:00,1.0642015892883827,1.0642015892883827,1.0281269591430138,1.0461642742156982,4000,0.0,0.0
1994-01-13 00:00:00-05:00,1.0281280428171158,1.0461653769016266,1.010090708732605,1.010090708732605,6300,0.0,0.0
1994-01-14 00:00:00-05:00,1.0281269591430138,1.0461642742156982,1.0100896440703293,1.0461642742156982,7500,0.0,0.0
1994-01-17 00:00:00-05:00,1.0461642742156982,1.0461642742156982,1.0461642742156982,1.0461642742156982,0,0.0,0.0
1994-01-18 00:00:00-05:00,1.0281267166137695,1.0281267166137695,1.0281267166137695,1.0281267166137695,500,0.0,0.0
1994-01-19 00:00:00-05:00,1.010090708732605,1.010090708732605,1.010090708732605,1.010090708732605,100,0.0,0.0
1994-01-20 00:00:00-05:00,1.0281269591430138,1.0461642742156982,1.0281269591430138,1.0461642742156982,500,0.0,0.0
1994-01-21 00:00:00-05:00,1.0100894057959842,1.0281267166137695,1.0100894057959842,1.0281267166137695,1900,0.0,0.0
1994-01-24 00:00:00-05:00,1.010090177709406,1.0281275023113596,0.9920528531074523,0.9920528531074524,4200,0.0,0.0
1994-01-25 00:00:00-05:00,1.0100894057959842,1.0281267166137695,0.9740147841604132,1.0281267166137695,2300,0.0,0.0
1994-01-26 00:00:00-05:00,1.0281267166137695,1.0281267166137695,1.0281267166137695,1.0281267166137695,500,0.0,0.0
1994-01-27 00:00:00-05:00,1.010090708732605,1.010090708732605,1.010090708732605,1.010090708732605,300,0.0,0.0
1994-01-28 00:00:00-05:00,1.0281267166137695,1.0281267166137695,1.0281267166137695,1.0281267166137695,2100,0.0,0.0
1994-01-31 00:00:00-05:00,1.028127078282631,1.0642017126083374,1.028127078282631,1.0642017126083374,3700,0.0,0.0
1994-02-01 00:00:00-05:00,1.0642017126083374,1.0642017126083374,1.0642017126083374,1.0642017126083374,1400,0.0,0.0
1994-02-02 00:00:00-05:00,1.0822392702102661,1.0822392702102661,1.0822392702102661,1.0822392702102661,500,0.0,0.0
1994-02-03 00:00:00-05:00,1.0822392702102661,1.0822392702102661,1.0822392702102661,1.0822392702102661,100,0.0,0.0
1994-02-04 00:00:00-05:00,1.0822390297711906,1.0822390297711906,1.0461643954454842,1.0642017126083374,1300,0.0,0.0
1994-02-07 00:00:00-05:00,1.010090708732605,1.010090708732605,1.010090708732605,1.010090708732605,4000,0.0,0.0
1994-02-08 00:00:00-05:00,1.010090708732605,1.010090708732605,1.010090708732605,1.010090708732605,3100,0.0,0.0
1994-02-09 00:00:00-05:00,1.0247290134429932,1.0247290134429932,1.0247290134429932,1.0247290134429932,11400,0.1,0.0
1994-02-10 00:00:00-05:00,1.0613261461257935,1.0613261461257935,1.0613261461257935,1.0613261461257935,1500,0.0,0.0
1994-02-11 00:00:00-05:00,1.0613261461257935,1.0613261461257935,1.0613261461257935,1.0613261461257935,0,0.0,0.0
1994-02-14 00:00:00-05:00,1.0613261461257935,1.0613261461257935,1.0613261461257935,1.0613261461257935,0,0.0,0.0
1994-02-15 00:00:00-05:00,1.079624891281128,1.079624891281128,1.079624891281128,1.079624891281128,300,0.0,0.0
1994-02-16 00:00:00-05:00,1.0613262153440906,1.1345211267471313,1.0430274874933303,1.1345211267471313,11300,0.0,0.0
1994-02-17 00:00:00-05:00,1.116222398896371,1.1345211267471313,1.116222398896371,1.1345211267471313,3700,0.0,0.0
1994-02-18 00:00:00-05:00,1.1345211267471313,1.1345211267471313,1.1345211267471313,1.1345211267471313,1500,0.0,0.0
1994-02-22 00:00:00-05:00,1.116222620010376,1.116222620010376,1.116222620010376,1.116222620010376,200,0.0,0.0
1994-02-23 00:00:00-05:00,1.116222620010376,1.116222620010376,1.116222620010376,1.116222620010376,0,0.0,0.0
1994-02-24 00:00:00-05:00,1.0796249770281607,1.0796249770281607,1.0430275201797485,1.0430275201797485,3000,0.0,0.0
1994-02-25 00:00:00-05:00,1.0430275201797485,1.0430275201797485,1.0430275201797485,1.0430275201797485,100,0.0,0.0
1994-02-28 00:00:00-05:00,1.0613261461257935,1.0796248727831348,1.0613261461257935,1.0613261461257935,1500,0.0,0.0
1994-03-01 00:00:00-05:00,1.0613261461257935,1.0613261461257935,1.0613261461257935,1.0613261461257935,100,0.0,0.0
1994-03-02 00:00:00-05:00,1.0613261461257935,1.0613261461257935,1.0613261461257935,1.0613261461257935,1500,0.0,0.0
1994-03-03 00:00:00-05:00,1.0613261461257935,1.0613261461257935,1.0613261461257935,1.0613261461257935,0,0.0,0.0
1994-03-04 00:00:00-05:00,1.0613261461257935,1.0613261461257935,1.0613261461257935,1.0613261461257935,0,0.0,0.0
1994-03-07 00:00:00-05:00,1.0247286928111108,1.0613261461257935,1.0247286928111108,1.0613261461257935,900,0.0,0.0
1994-03-08 00:00:00-05:00,1.0430275201797485,1.0430275201797485,1.0430275201797485,1.0430275201797485,1400,0.0,0.0
1994-03-09 00:00:00-05:00,1.0430275201797485,1.0430275201797485,1.0430275201797485,1.0430275201797485,0,0.0,0.0
1994-03-10 00:00:00-05:00,1.0430275201797485,1.0430275201797485,1.0430275201797485,1.0430275201797485,0,0.0,0.0
1994-03-11 00:00:00-05:00,1.0613262153440906,1.1345211267471313,1.0613262153440906,1.1345211267471313,7100,0.0,0.0
1994-03-14 00:00:00-05:00,1.1528198886662722,1.1711186170578003,1.1528198886662722,1.1711186170578003,1200,0.0,0.0
1994-03-15 00:00:00-05:00,1.1528193985714632,1.2443130016326904,1.1528193985714632,1.2443130016326904,5800,0.0,0.0
1994-03-16 00:00:00-05:00,1.2260148022323847,1.2260148022323847,1.1711186170578003,1.1711186170578003,8000,0.0,0.0
1994-03-17 00:00:00-05:00,1.1711184789264013,1.1711184789264013,1.1345210264599512,1.1528197526931763,13300,0.0,0.0
1994-03-18 00:00:00-05:00,1.1528197526931763,1.1528197526931763,1.1528197526931763,1.1528197526931763,0,0.0,0.0
1994-03-21 00:00:00-05:00,1.1711184789264013,1.1711184789264013,1.1528197526931763,1.1528197526931763,600,0.0,0.0
1994-03-22 00:00:00-05:00,1.1528198545978914,1.1528198545978914,1.0979236710456108,1.1345211267471313,7200,0.0,0.0
1994-03-23 00:00:00-05:00,1.1345211267471313,1.1345211267471313,1.1345211267471313,1.1345211267471313,500,0.0,0.0
1994-03-24 00:00:00-05:00,1.134521351485956,1.134521351485956,1.116222620010376,1.116222620010376,1700,0.0,0.0
1994-03-25 00:00:00-05:00,1.1345211267471313,1.1345211267471313,1.1345211267471313,1.1345211267471313,700,0.0,0.0
1994-03-28 00:00:00-05:00,1.1345211267471313,1.1345211267471313,1.1345211267471313,1.1345211267471313,0,0.0,0.0
1994-03-29 00:00:00-05:00,1.1345211267471313,1.1345211267471313,1.1345211267471313,1.1345211267471313,5000,0.0,0.0
1994-03-30 00:00:00-05:00,1.1162227272987366,1.1162227272987366,1.097923994064331,1.097923994064331,1700,0.0,0.0
1994-03-31 00:00:00-05:00,1.1162223260978172,1.1162223260978172,1.0613261461257935,1.0613261461257935,1400,0.0,0.0
1994-04-04 00:00:00-04:00,1.024729061126709,1.097923994064331,1.024729061126709,1.097923994064331,6500,0.0,0.0
1994-04-05 00:00:00-04:00,1.1162223452228612,1.1345210721937278,1.079624891281128,1.079624891281128,3300,0.0,0.0
1994-04-06 00:00:00-04:00,1.097923994064331,1.097923994064331,1.097923994064331,1.097923994064331,300,0.0,0.0
1994-04-07 00:00:00-04:00,1.0979236182519945,1.0979236182519945,1.079624891281128,1.079624891281128,200,0.0,0.0
1994-04-08 00:00:00-04:00,1.079624891281128,1.079624891281128,1.079624891281128,1.079624891281128,0,0.0,0.0
1994-04-11 00:00:00-04:00,1.1345210264599512,1.1528197526931763,1.1345210264599512,1.1528197526931763,3100,0.0,0.0
1994-04-12 00:00:00-04:00,1.1528197526931763,1.1528197526931763,1.1528197526931763,1.1528197526931763,0,0.0,0.0
1994-04-13 00:00:00-04:00,1.1528197526931763,1.1528197526931763,1.1528197526931763,1.1528197526931763,0,0.0,0.0
1994-04-14 00:00:00-04:00,1.1345211267471313,1.1345211267471313,1.1345211267471313,1.1345211267471313,500,0.0,0.0
1994-04-15 00:00:00-04:00,1.1345211267471313,1.1345211267471313,1.1345211267471313,1.1345211267471313,0,0.0,0.0
1994-04-18 00:00:00-04:00,1.1345210721937278,1.1345210721937278,1.079624891281128,1.079624891281128,2200,0.0,0.0
1994-04-19 00:00:00-04:00,1.079624891281128,1.079624891281128,1.079624891281128,1.079624891281128,2000,0.0,0.0
1994-04-20 00:00:00-04:00,1.0613261461257935,1.0613261461257935,1.0613261461257935,1.0613261461257935,2200,0.0,0.0
1994-04-21 00:00:00-04:00,1.0613261461257935,1.0613261461257935,1.0613261461257935,1.0613261461257935,0,0.0,0.0
1994-04-22 00:00:00-04:00,1.079624891281128,1.079624891281128,1.079624891281128,1.079624891281128,100,0.0,0.0
1994-04-25 00:00:00-04:00,1.097923599440476,1.097923599440476,1.0613261461257935,1.0613261461257935,3700,0.0,0.0
1994-04-26 00:00:00-04:00,1.079624891281128,1.079624891281128,1.079624891281128,1.079624891281128,1600,0.0,0.0
1994-04-28 00:00:00-04:00,1.079624891281128,1.079624891281128,1.079624891281128,1.079624891281128,0,0.0,0.0
1994-04-29 00:00:00-04:00,1.0613262486039547,1.0613262486039547,1.0430275201797485,1.0430275201797485,1100,0.0,0.0
1994-05-02 00:00:00-04:00,1.0613261461257935,1.0613261461257935,1.0613261461257935,1.0613261461257935,300,0.0,0.0
1994-05-03 00:00:00-04:00,1.0430275201797485,1.0430275201797485,1.0247287917555425,1.0430275201797485,7600,0.0,0.0
1994-05-04 00:00:00-04:00,1.0430275201797485,1.0430275201797485,1.0430275201797485,1.0430275201797485,0,0.0,0.0
1994-05-05 00:00:00-04:00,1.0613262486039547,1.0613262486039547,1.0430275201797485,1.0430275201797485,500,0.0,0.0
1994-05-06 00:00:00-04:00,1.0430275201797485,1.0430275201797485,1.0430275201797485,1.0430275201797485,0,0.0,0.0
1994-05-09 00:00:00-04:00,1.0430275201797485,1.0430275201797485,1.0430275201797485,1.0430275201797485,0,0.0,0.0
1994-05-10 00:00:00-04:00,1.057874809051382,1.0764340162277222,1.039315601875042,1.0764340162277222,3400,0.1,0.0
1994-05-11 00:00:00-04:00,1.094993233680725,1.094993233680725,1.094993233680725,1.094993233680725,300,0.0,0.0
1994-05-12 00:00:00-04:00,1.1135528087615967,1.1135528087615967,1.1135528087615967,1.1135528087615967,300,0.0,0.0
1994-05-13 00:00:00-04:00,1.1135524410312458,1.1135524410312458,1.094993233680725,1.094993233680725,2800,0.0,0.0
1994-05-16 00:00:00-04:00,1.094993233680725,1.094993233680725,1.094993233680725,1.094993233680725,0,0.0,0.0
1994-05-17 00:00:00-04:00,1.094993233680725,1.094993233680725,1.094993233680725,1.094993233680725,0,0.0,0.0
1994-05-18 00:00:00-04:00,1.0764340263302044,1.094993233680725,1.0578748189796834,1.094993233680725,7700,0.0,0.0
1994-05-19 00:00:00-04:00,1.1135528087615967,1.1135528087615967,1.1135528087615967,1.1135528087615967,2000,0.0,0.0
1994-05-20 00:00:00-04:00,1.1135524703610327,1.1692300938790843,1.1135524703610327,1.1506708860397339,2600,0.0,0.0
1994-05-23 00:00:00-04:00,1.1692300938790843,1.1692300938790843,1.1506708860397339,1.1506708860397339,1600,0.0,0.0
1994-05-24 00:00:00-04:00,1.1692301128059626,1.1877893209457397,1.1692301128059626,1.1877893209457397,1300,0.0,0.0
1994-05-25 00:00:00-04:00,1.1877893209457397,1.1877893209457397,1.1877893209457397,1.1877893209457397,3000,0.0,0.0
1994-05-26 00:00:00-04:00,1.1877893209457397,1.1877893209457397,1.1877893209457397,1.1877893209457397,3500,0.0,0.0
1994-05-27 00:00:00-04:00,1.2063487768173218,1.2063487768173218,1.2063487768173218,1.2063487768173218,4800,0.0,0.0
1994-05-31 00:00:00-04:00,1.2249079942703247,1.2249079942703247,1.2249079942703247,1.2249079942703247,600,0.0,0.0
1994-06-01 00:00:00-04:00,1.2249079942703247,1.2249079942703247,1.2249079942703247,1.2249079942703247,0,0.0,0.0
1994-06-02 00:00:00-04:00,1.206348529085517,1.206348529085517,1.1877893209457397,1.1877893209457397,6100,0.0,0.0
1994-06-03 00:00:00-04:00,1.1692301128059626,1.1877893209457397,1.1692301128059626,1.1877893209457397,6000,0.0,0.0
1994-06-06 00:00:00-04:00,1.1877893209457397,1.1877893209457397,1.1877893209457397,1.1877893209457397,300,0.0,0.0
1994-06-07 00:00:00-04:00,1.2249077372252941,1.2249077372252941,1.1877893209457397,1.1877893209457397,10700,0.0,0.0
1994-06-08 00:00:00-04:00,1.1877893209457397,1.1877893209457397,1.1877893209457397,1.1877893209457397,0,0.0,0.0
1994-06-09 00:00:00-04:00,1.1877893209457397,1.1877893209457397,1.1877893209457397,1.1877893209457397,0,0.0,0.0
1994-06-10 00:00:00-04:00,1.2063487768173218,1.2063487768173218,1.2063487768173218,1.2063487768173218,200,0.0,0.0
1994-06-13 00:00:00-04:00,1.2063487768173218,1.2063487768173218,1.2063487768173218,1.2063487768173218,200,0.0,0.0
1994-06-14 00:00:00-04:00,1.1877893017184349,1.1877893017184349,1.1506708860397339,1.1506708860397339,7700,0.0,0.0
1994-06-15 00:00:00-04:00,1.1692301034927368,1.1692301034927368,1.1692301034927368,1.1692301034927368,600,0.0,0.0
1994-06-16 00:00:00-04:00,1.1692301034927368,1.1692301034927368,1.1692301034927368,1.1692301034927368,3300,0.0,0.0
1994-06-17 00:00:00-04:00,1.1692301034927368,1.1692301034927368,1.1692301034927368,1.1692301034927368,0,0.0,0.0
1994-06-20 00:00:00-04:00,1.1877893209457397,1.1877893209457397,1.1877893209457397,1.1877893209457397,100,0.0,0.0
1994-06-21 00:00:00-04:00,1.1877893209457397,1.1877893209457397,1.1877893209457397,1.1877893209457397,200,0.0,0.0
1994-06-22 00:00:00-04:00,1.187789311484685,1.187789311484685,1.1692301034927368,1.1692301034927368,1200,0.0,0.0
1994-06-23 00:00:00-04:00,1.1692304533036029,1.1692304533036029,1.1321120262145996,1.1321120262145996,4200,0.0,0.0
1994-06-24 00:00:00-04:00,1.1321120222409566,1.1321120222409566,1.1135528087615967,1.1135528087615967,2000,0.0,0.0
1994-06-27 00:00:00-04:00,1.1321116782003833,1.1506708860397339,1.1321116782003833,1.1506708860397339,4000,0.0,0.0
1994-06-28 00:00:00-04:00,1.1506708860397339,1.1506708860397339,1.1506708860397339,1.1506708860397339,0,0.0,0.0
1994-06-29 00:00:00-04:00,1.1506708860397339,1.1506708860397339,1.1506708860397339,1.1506708860397339,0,0.0,0.0
1994-06-30 00:00:00-04:00,1.1692301034927368,1.1692301034927368,1.1692301034927368,1.1692301034927368,100,0.0,0.0
1994-07-01 00:00:00-04:00,1.187789311484685,1.187789311484685,1.1692301034927368,1.1692301034927368,600,0.0,0.0
1994-07-05 00:00:00-04:00,1.187789311484685,1.187789311484685,1.1692301034927368,1.1692301034927368,3900,0.0,0.0
1994-07-06 00:00:00-04:00,1.1692301128059626,1.1877893209457397,1.1692301128059626,1.1877893209457397,300,0.0,0.0
1994-07-07 00:00:00-04:00,1.1692301034927368,1.1692301034927368,1.1692301034927368,1.1692301034927368,400,0.0,0.0
1994-07-08 00:00:00-04:00,1.1692301034927368,1.1692301034927368,1.1692301034927368,1.1692301034927368,0,0.0,0.0
1994-07-11 00:00:00-04:00,1.1692300938790843,1.1692300938790843,1.1506708860397339,1.1506708860397339,8700,0.0,0.0
1994-07-12 00:00:00-04:00,1.1321120262145996,1.1321120262145996,1.1321120262145996,1.1321120262145996,1000,0.0,0.0
1994-07-13 00:00:00-04:00,1.113552812670098,1.1321120262145996,1.113552812670098,1.1321120262145996,2600,0.0,0.0
1994-07-14 00:00:00-04:00,1.1135524410312458,1.1135524410312458,1.094993233680725,1.094993233680725,8100,0.0,0.0
1994-07-15 00:00:00-04:00,1.113552812670098,1.1321120262145996,1.113552812670098,1.1321120262145996,1400,0.0,0.0
1994-07-18 00:00:00-04:00,1.1321120262145996,1.1321120262145996,1.1321120262145996,1.1321120262145996,0,0.0,0.0
1994-07-19 00:00:00-04:00,1.1321120262145996,1.1321120262145996,1.1321120262145996,1.1321120262145996,0,0.0,0.0
1994-07-20 00:00:00-04:00,1.1135528087615967,1.1135528087615967,1.1135528087615967,1.1135528087615967,800,0.0,0.0
1994-07-21 00:00:00-04:00,1.1135528087615967,1.1135528087615967,1.1135528087615967,1.1135528087615967,0,0.0,0.0
1994-07-22 00:00:00-04:00,1.1321120262145996,1.1321120262145996,1.1321120262145996,1.1321120262145996,400,0.0,0.0
1994-07-25 00:00:00-04:00,1.1135524410312458,1.1135524410312458,1.094993233680725,1.094993233680725,2000,0.0,0.0
1994-07-26 00:00:00-04:00,1.0949933361588864,1.0949933361588864,1.0578749179840088,1.0578749179840088,4300,0.0,0.0
1994-07-27 00:00:00-04:00,1.0578749179840088,1.0578749179840088,1.0578749179840088,1.0578749179840088,500,0.0,0.0
1994-07-28 00:00:00-04:00,1.0764341270714475,1.0764341270714475,1.0578749179840088,1.0578749179840088,1200,0.0,0.0
1994-07-29 00:00:00-04:00,1.0764340162277222,1.0764340162277222,1.0764340162277222,1.0764340162277222,100,0.0,0.0
1994-08-01 00:00:00-04:00,1.0764340162277222,1.0764340162277222,1.0764340162277222,1.0764340162277222,100,0.0,0.0
1994-08-02 00:00:00-04:00,1.057874809051382,1.0764340162277222,1.057874809051382,1.0764340162277222,1400,0.0,0.0
1994-08-03 00:00:00-04:00,1.0949933361588864,1.0949933361588864,1.0578749179840088,1.0578749179840088,4900,0.0,0.0
1994-08-04 00:00:00-04:00,1.0578749179840088,1.0578749179840088,1.0578749179840088,1.0578749179840088,100,0.0,0.0
1994-08-05 00:00:00-04:00,1.0764340162277222,1.0764340162277222,1.0764340162277222,1.0764340162277222,400,0.0,0.0
1994-08-08 00:00:00-04:00,1.057874809051382,1.0764340162277222,1.057874809051382,1.0764340162277222,1200,0.0,0.0
1994-08-09 00:00:00-04:00,1.053851796869646,1.072670578956604,1.053851796869646,1.072670578956604,400,0.1,0.0
1994-08-10 00:00:00-04:00,1.0914887189865112,1.0914887189865112,1.0914887189865112,1.0914887189865112,100,0.0,0.0
1994-08-11 00:00:00-04:00,1.0914887189865112,1.0914887189865112,1.0914887189865112,1.0914887189865112,0,0.0,0.0
1994-08-12 00:00:00-04:00,1.072670578956604,1.072670578956604,1.072670578956604,1.072670578956604,1000,0.0,0.0
1994-08-15 00:00:00-04:00,1.0914887189865112,1.0914887189865112,1.0914887189865112,1.0914887189865112,300,0.0,0.0
1994-08-16 00:00:00-04:00,1.0914887189865112,1.0914887189865112,1.0914887189865112,1.0914887189865112,5000,0.0,0.0
1994-08-17 00:00:00-04:00,1.0914887189865112,1.0914887189865112,1.0914887189865112,1.0914887189865112,0,0.0,0.0
1994-08-18 00:00:00-04:00,1.072670578956604,1.072670578956604,1.072670578956604,1.072670578956604,500,0.0,0.0
1994-08-19 00:00:00-04:00,1.053851842880249,1.053851842880249,1.053851842880249,1.053851842880249,4700,0.0,0.0
1994-08-22 00:00:00-04:00,1.072670578956604,1.072670578956604,1.072670578956604,1.072670578956604,500,0.0,0.0
1994-08-23 00:00:00-04:00,1.072670578956604,1.072670578956604,1.072670578956604,1.072670578956604,0,0.0,0.0
1994-08-24 00:00:00-04:00,1.0914893610435619,1.0914893610435619,1.072670578956604,1.072670578956604,300,0.0,0.0
1994-08-25 00:00:00-04:00,1.072670578956604,1.072670578956604,1.072670578956604,1.072670578956604,0,0.0,0.0
1994-08-26 00:00:00-04:00,1.0914887189865112,1.0914887189865112,1.0914887189865112,1.0914887189865112,1000,0.0,0.0
1994-08-29 00:00:00-04:00,1.072670578956604,1.072670578956604,1.072670578956604,1.072670578956604,100,0.0,0.0
1994-08-30 00:00:00-04:00,1.053851842880249,1.053851842880249,1.0350330599716733,1.053851842880249,2200,0.0,0.0
1994-08-31 00:00:00-04:00,1.072670578956604,1.072670578956604,1.072670578956604,1.072670578956604,100,0.0,0.0
1994-09-01 00:00:00-04:00,1.072670578956604,1.072670578956604,1.072670578956604,1.072670578956604,0,0.0,0.0
1994-09-02 00:00:00-04:00,1.072670578956604,1.072670578956604,1.072670578956604,1.072670578956604,1200,0.0,0.0
1994-09-06 00:00:00-04:00,1.072670578956604,1.072670578956604,1.072670578956604,1.072670578956604,0,0.0,0.0
1994-09-07 00:00:00-04:00,1.072670578956604,1.072670578956604,1.072670578956604,1.072670578956604,0,0.0,0.0
1994-09-08 00:00:00-04:00,1.072670578956604,1.072670578956604,1.072670578956604,1.072670578956604,100,0.0,0.0
1994-09-09 00:00:00-04:00,1.072670578956604,1.072670578956604,1.072670578956604,1.072670578956604,900,0.0,0.0
1994-09-12 00:00:00-04:00,1.072670578956604,1.072670578956604,1.072670578956604,1.072670578956604,0,0.0,0.0
1994-09-13 00:00:00-04:00,1.0914887189865112,1.0914887189865112,1.0914887189865112,1.0914887189865112,200,0.0,0.0
1994-09-14 00:00:00-04:00,1.1103078126907349,1.1103078126907349,1.0914890362044511,1.1103078126907349,2400,0.0,0.0
1994-09-15 00:00:00-04:00,1.1103078126907349,1.1103078126907349,1.1103078126907349,1.1103078126907349,0,0.0,0.0
1994-09-16 00:00:00-04:00,1.1103078126907349,1.1103078126907349,1.1103078126907349,1.1103078126907349,100,0.0,0.0
1994-09-19 00:00:00-04:00,1.1291272640228271,1.1291272640228271,1.1291272640228271,1.1291272640228271,700,0.0,0.0
1994-09-20 00:00:00-04:00,1.1291272640228271,1.1291272640228271,1.1291272640228271,1.1291272640228271,0,0.0,0.0
1994-09-21 00:00:00-04:00,1.1291272640228271,1.1291272640228271,1.1291272640228271,1.1291272640228271,0,0.0,0.0
1994-09-22 00:00:00-04:00,1.1103084762891133,1.1291272640228271,1.1103084762891133,1.1291272640228271,9800,0.0,0.0
1994-09-23 00:00:00-04:00,1.1291272640228271,1.1291272640228271,1.1291272640228271,1.1291272640228271,1000,0.0,0.0
1994-09-26 00:00:00-04:00,1.1291272640228271,1.1291272640228271,1.1291272640228271,1.1291272640228271,0,0.0,0.0
1994-09-27 00:00:00-04:00,1.1291272640228271,1.1291272640228271,1.1291272640228271,1.1291272640228271,0,0.0,0.0
1994-09-28 00:00:00-04:00,1.1291272640228271,1.1291272640228271,1.1291272640228271,1.1291272640228271,3700,0.0,0.0
1994-09-29 00:00:00-04:00,1.1291272640228271,1.1291272640228271,1.1291272640228271,1.1291272640228271,0,0.0,0.0
1994-09-30 00:00:00-04:00,1.1291272640228271,1.1291272640228271,1.1291272640228271,1.1291272640228271,0,0.0,0.0
1994-10-03 00:00:00-04:00,1.1291272640228271,1.1291272640228271,1.1291272640228271,1.1291272640228271,0,0.0,0.0
1994-10-04 00:00:00-04:00,1.1291272640228271,1.1291272640228271,1.1291272640228271,1.1291272640228271,1000,0.0,0.0
1994-10-05 00:00:00-04:00,1.1291265891770184,1.1291265891770184,1.1103078126907349,1.1103078126907349,1000,0.0,0.0
1994-10-06 00:00:00-04:00,1.1291272640228271,1.1291272640228271,1.1291272640228271,1.1291272640228271,900,0.0,0.0
1994-10-07 00:00:00-04:00,1.1291272640228271,1.1291272640228271,1.1291272640228271,1.1291272640228271,2600,0.0,0.0
1994-10-10 00:00:00-04:00,1.1291272640228271,1.1291272640228271,1.1291272640228271,1.1291272640228271,0,0.0,0.0
1994-10-11 00:00:00-04:00,1.1291272640228271,1.1291272640228271,1.1291272640228271,1.1291272640228271,100,0.0,0.0
1994-10-12 00:00:00-04:00,1.0914890362044511,1.1103078126907349,1.0726702597181674,1.1103078126907349,3300,0.0,0.0
1994-10-13 00:00:00-04:00,1.1103078126907349,1.1103078126907349,1.1103078126907349,1.1103078126907349,600,0.0,0.0
1994-10-14 00:00:00-04:00,1.0914887189865112,1.0914887189865112,1.0914887189865112,1.0914887189865112,600,0.0,0.0
1994-10-17 00:00:00-04:00,1.072670578956604,1.072670578956604,1.072670578956604,1.072670578956604,600,0.0,0.0
1994-10-18 00:00:00-04:00,1.072670578956604,1.072670578956604,1.072670578956604,1.072670578956604,0,0.0,0.0
1994-10-19 00:00:00-04:00,1.0914893610435619,1.0914893610435619,1.053851796869646,1.072670578956604,13100,0.0,0.0
1994-10-20 00:00:00-04:00,1.0726699479695025,1.0914887189865112,1.0726699479695025,1.0914887189865112,600,0.0,0.0
1994-10-21 00:00:00-04:00,1.0914887189865112,1.0914887189865112,1.0914887189865112,1.0914887189865112,1100,0.0,0.0
1994-10-24 00:00:00-04:00,1.0914887189865112,1.0914887189865112,1.0914887189865112,1.0914887189865112,100,0.0,0.0
1994-10-25 00:00:00-04:00,1.0914887189865112,1.0914887189865112,1.0914887189865112,1.0914887189865112,0,0.0,0.0
1994-10-26 00:00:00-04:00,1.1103084762891133,1.1291272640228271,1.1103084762891133,1.1291272640228271,1800,0.0,0.0
1994-10-27 00:00:00-04:00,1.1291272640228271,1.1291272640228271,1.1291272640228271,1.1291272640228271,1600,0.0,0.0
1994-10-28 00:00:00-04:00,1.1291265891770184,1.1291265891770184,1.1103078126907349,1.1103078126907349,6900,0.0,0.0
1994-10-31 00:00:00-05:00,1.1291272640228271,1.1291272640228271,1.1291272640228271,1.1291272640228271,700,0.0,0.0
1994-11-01 00:00:00-05:00,1.1103078126907349,1.1103078126907349,1.1103078126907349,1.1103078126907349,500,0.0,0.0
1994-11-02 00:00:00-05:00,1.1291265891770184,1.1291265891770184,1.1103078126907349,1.1103078126907349,1000,0.0,0.0
1994-11-03 00:00:00-05:00,1.0914890362044511,1.1103078126907349,1.0914890362044511,1.1103078126907349,2900,0.0,0.0
1994-11-04 00:00:00-05:00,1.1291272640228271,1.1291272640228271,1.1291272640228271,1.1291272640228271,600,0.0,0.0
1994-11-07 00:00:00-05:00,1.1291272640228271,1.1291272640228271,1.1291272640228271,1.1291272640228271,100,0.0,0.0
1994-11-08 00:00:00-05:00,1.1482646465301514,1.1482646465301514,1.1482646465301514,1.1482646465301514,800,0.125,0.0
1994-11-09 00:00:00-05:00,1.1482646465301514,1.1482646465301514,1.1482646465301514,1.1482646465301514,600,0.0,0.0
1994-11-10 00:00:00-05:00,1.129126787185669,1.129126787185669,1.129126787185669,1.129126787185669,100,0.0,0.0
1994-11-11 00:00:00-05:00,1.129126787185669,1.129126787185669,1.129126787185669,1.129126787185669,600,0.0,0.0
1994-11-14 00:00:00-05:00,1.129126787185669,1.129126787185669,1.129126787185669,1.129126787185669,700,0.0,0.0
1994-11-15 00:00:00-05:00,1.1482646465301514,1.1482646465301514,1.1482646465301514,1.1482646465301514,1600,0.0,0.0
1994-11-16 00:00:00-05:00,1.129126787185669,1.129126787185669,1.129126787185669,1.129126787185669,1100,0.0,0.0
1994-11-17 00:00:00-05:00,1.1099885702133179,1.1099885702133179,1.1099885702133179,1.1099885702133179,1500,0.0,0.0
1994-11-18 00:00:00-05:00,1.1099885702133179,1.1099885702133179,1.1099885702133179,1.1099885702133179,0,0.0,0.0
1994-11-21 00:00:00-05:00,1.0908508362441227,1.1099885702133179,1.0908508362441227,1.1099885702133179,1100,0.0,0.0
1994-11-22 00:00:00-05:00,1.1099885702133179,1.1099885702133179,1.1099885702133179,1.1099885702133179,100,0.0,0.0
1994-11-23 00:00:00-05:00,1.1099885702133179,1.1099885702133179,1.1099885702133179,1.1099885702133179,1100,0.0,0.0
1994-11-25 00:00:00-05:00,1.1099885702133179,1.1099885702133179,1.1099885702133179,1.1099885702133179,0,0.0,0.0
1994-11-28 00:00:00-05:00,1.1099891747747148,1.1099891747747148,1.0717136859893799,1.0717136859893799,1800,0.0,0.0
1994-11-29 00:00:00-05:00,1.090851068496704,1.090851068496704,1.090851068496704,1.090851068496704,100,0.0,0.0
1994-11-30 00:00:00-05:00,1.0908513028742903,1.129126787185669,1.0908513028742903,1.129126787185669,2000,0.0,0.0
1994-12-01 00:00:00-05:00,1.129126787185669,1.129126787185669,1.129126787185669,1.129126787185669,0,0.0,0.0
1994-12-02 00:00:00-05:00,1.129126787185669,1.129126787185669,1.129126787185669,1.129126787185669,1200,0.0,0.0
1994-12-05 00:00:00-05:00,1.129126787185669,1.129126787185669,1.129126787185669,1.129126787185669,300,0.0,0.0
1994-12-06 00:00:00-05:00,1.129126787185669,1.129126787185669,1.129126787185669,1.129126787185669,0,0.0,0.0
1994-12-07 00:00:00-05:00,1.1099885702133179,1.1099885702133179,1.1099885702133179,1.1099885702133179,700,0.0,0.0
1994-12-08 00:00:00-05:00,1.109988806540506,1.109988806540506,1.090851068496704,1.090851068496704,400,0.0,0.0
1994-12-09 00:00:00-05:00,1.090851068496704,1.090851068496704,1.090851068496704,1.090851068496704,1700,0.0,0.0
1994-12-12 00:00:00-05:00,1.1099890450299796,1.129126787185669,1.1099890450299796,1.129126787185669,3000,0.0,0.0
1994-12-13 00:00:00-05:00,1.1099885702133179,1.1099885702133179,1.1099885702133179,1.1099885702133179,400,0.0,0.0
1994-12-14 00:00:00-05:00,1.129126787185669,1.129126787185669,1.129126787185669,1.129126787185669,3100,0.0,0.0
1994-12-15 00:00:00-05:00,1.129126787185669,1.129126787185669,1.129126787185669,1.129126787185669,0,0.0,0.0
1994-12-16 00:00:00-05:00,1.1482646465301514,1.1482646465301514,1.1291269024213155,1.1482646465301514,4000,0.0,0.0
1994-12-19 00:00:00-05:00,1.148264038151708,1.148264038151708,1.1099885702133179,1.1099885702133179,1400,0.0,0.0
1994-12-20 00:00:00-05:00,1.129126787185669,1.129126787185669,1.129126787185669,1.129126787185669,800,0.0,0.0
1994-12-21 00:00:00-05:00,1.129126787185669,1.129126787185669,1.129126787185669,1.129126787185669,0,0.0,0.0
1994-12-22 00:00:00-05:00,1.1291269024213155,1.1482646465301514,1.1291269024213155,1.1482646465301514,1200,0.0,0.0
1994-12-23 00:00:00-05:00,1.1482646465301514,1.1482646465301514,1.1482646465301514,1.1482646465301514,100,0.0,0.0
1994-12-27 00:00:00-05:00,1.1482646465301514,1.1482646465301514,1.1482646465301514,1.1482646465301514,500,0.0,0.0
1994-12-28 00:00:00-05:00,1.1482646465301514,1.1482646465301514,1.1482646465301514,1.1482646465301514,10600,0.0,0.0
1994-12-29 00:00:00-05:00,1.129126787185669,1.129126787185669,1.129126787185669,1.129126787185669,2700,0.0,0.0
1994-12-30 00:00:00-05:00,1.1099890450299796,1.129126787185669,1.1099890450299796,1.129126787185669,900,0.0,0.0
1995-01-03 00:00:00-05:00,1.129126787185669,1.129126787185669,1.129126787185669,1.129126787185669,1000,0.0,0.0
1995-01-04 00:00:00-05:00,1.129126787185669,1.129126787185669,1.129126787185669,1.129126787185669,2000,0.0,0.0
1995-01-05 00:00:00-05:00,1.1291269024213155,1.1482646465301514,1.1291269024213155,1.1482646465301514,1300,0.0,0.0
1995-01-06 00:00:00-05:00,1.1482646465301514,1.1482646465301514,1.1482646465301514,1.1482646465301514,500,0.0,0.0
1995-01-09 00:00:00-05:00,1.1482646465301514,1.1482646465301514,1.1482646465301514,1.1482646465301514,0,0.0,0.0
1995-01-10 00:00:00-05:00,1.1482645293413583,1.1482645293413583,1.129126787185669,1.129126787185669,4200,0.0,0.0
1995-01-11 00:00:00-05:00,1.129126787185669,1.129126787185669,1.129126787185669,1.129126787185669,0,0.0,0.0
1995-01-12 00:00:00-05:00,1.1291269024213155,1.1482646465301514,1.1291269024213155,1.1482646465301514,2900,0.0,0.0
1995-01-13 00:00:00-05:00,1.1482646465301514,1.1482646465301514,1.1482646465301514,1.1482646465301514,800,0.0,0.0
1995-01-16 00:00:00-05:00,1.148264525366611,1.1674022674560547,1.148264525366611,1.1674022674560547,2100,0.0,0.0
1995-01-17 00:00:00-05:00,1.148264038151708,1.148264038151708,1.1099885702133179,1.1099885702133179,2500,0.0,0.0
1995-01-18 00:00:00-05:00,1.090851068496704,1.090851068496704,1.090851068496704,1.090851068496704,200,0.0,0.0
1995-01-19 00:00:00-05:00,1.1099885702133179,1.129126304182513,1.1099885702133179,1.1099885702133179,1600,0.0,0.0
1995-01-20 00:00:00-05:00,1.129126787185669,1.1482645293413583,1.129126787185669,1.129126787185669,2700,0.0,0.0
1995-01-23 00:00:00-05:00,1.148264525366611,1.1674022674560547,1.148264525366611,1.1674022674560547,800,0.0,0.0
1995-01-24 00:00:00-05:00,1.148264525366611,1.1674022674560547,1.148264525366611,1.1674022674560547,1000,0.0,0.0
1995-01-25 00:00:00-05:00,1.1674022674560547,1.1674022674560547,1.1674022674560547,1.1674022674560547,0,0.0,0.0
1995-01-26 00:00:00-05:00,1.1674022674560547,1.1674022674560547,1.1674022674560547,1.1674022674560547,0,0.0,0.0
1995-01-27 00:00:00-05:00,1.1674022674560547,1.1674022674560547,1.1674022674560547,1.1674022674560547,100,0.0,0.0
1995-01-30 00:00:00-05:00,1.1482646465301514,1.1482646465301514,1.1482646465301514,1.1482646465301514,600,0.0,0.0
1995-01-31 00:00:00-05:00,1.1674022674560547,1.1674022674560547,1.148264525366611,1.1674022674560547,4700,0.0,0.0
1995-02-01 00:00:00-05:00,1.1674022674560547,1.1674022674560547,1.1674022674560547,1.1674022674560547,600,0.0,0.0
1995-02-02 00:00:00-05:00,1.1674022674560547,1.1674022674560547,1.1674022674560547,1.1674022674560547,100,0.0,0.0
1995-02-03 00:00:00-05:00,1.1674022674560547,1.1674022674560547,1.1674022674560547,1.1674022674560547,600,0.0,0.0
1995-02-06 00:00:00-05:00,1.1674022674560547,1.1674022674560547,1.1674022674560547,1.1674022674560547,300,0.0,0.0
1995-02-07 00:00:00-05:00,1.1674022674560547,1.1674022674560547,1.1674022674560547,1.1674022674560547,1000,0.0,0.0
1995-02-08 00:00:00-05:00,1.1674022674560547,1.1674022674560547,1.1674022674560547,1.1674022674560547,8200,0.0,0.0
1995-02-09 00:00:00-05:00,1.1868586540222168,1.1868586540222168,1.1868586540222168,1.1868586540222168,100,0.125,0.0
1995-02-10 00:00:00-05:00,1.1868586540222168,1.1868586540222168,1.1868586540222168,1.1868586540222168,1000,0.0,0.0
1995-02-13 00:00:00-05:00,1.2063156366348267,1.2063156366348267,1.2063156366348267,1.2063156366348267,100,0.0,0.0
1995-02-14 00:00:00-05:00,1.1868593355019887,1.1868593355019887,1.1674026250839233,1.1674026250839233,5900,0.0,0.0
1995-02-15 00:00:00-05:00,1.1674026250839233,1.1674026250839233,1.147945914665858,1.1674026250839233,9300,0.0,0.0
1995-02-16 00:00:00-05:00,1.1674026250839233,1.1674026250839233,1.1674026250839233,1.1674026250839233,0,0.0,0.0
1995-02-17 00:00:00-05:00,1.1674026250839233,1.1674026250839233,1.1674026250839233,1.1674026250839233,0,0.0,0.0
1995-02-21 00:00:00-05:00,1.1479454040527344,1.1479454040527344,1.1479454040527344,1.1479454040527344,500,0.0,0.0
1995-02-22 00:00:00-05:00,1.1674026250839233,1.1674026250839233,1.1674026250839233,1.1674026250839233,200,0.0,0.0
1995-02-23 00:00:00-05:00,1.1674026250839233,1.1674026250839233,1.1674026250839233,1.1674026250839233,1400,0.0,0.0
1995-02-24 00:00:00-05:00,1.147945914665858,1.1674026250839233,1.147945914665858,1.1674026250839233,2800,0.0,0.0
1995-02-27 00:00:00-05:00,1.147945914665858,1.1674026250839233,1.147945914665858,1.1674026250839233,2400,0.0,0.0
1995-02-28 00:00:00-05:00,1.1674026250839233,1.1674026250839233,1.1674026250839233,1.1674026250839233,3300,0.0,0.0
1995-03-01 00:00:00-05:00,1.1674019547759509,1.1868586540222168,1.1674019547759509,1.1868586540222168,18400,0.0,0.0
1995-03-02 00:00:00-05:00,1.1674019547759509,1.1868586540222168,1.1674019547759509,1.1868586540222168,600,0.0,0.0
1995-03-03 00:00:00-05:00,1.1868586540222168,1.1868586540222168,1.1868586540222168,1.1868586540222168,100,0.0,0.0
1995-03-06 00:00:00-05:00,1.1868586540222168,1.1868586540222168,1.1868586540222168,1.1868586540222168,500,0.0,0.0
1995-03-07 00:00:00-05:00,1.1674026250839233,1.1674026250839233,1.1674026250839233,1.1674026250839233,1000,0.0,0.0
1995-03-08 00:00:00-05:00,1.1868593355019887,1.1868593355019887,1.1674026250839233,1.1674026250839233,1400,0.0,0.0
1995-03-09 00:00:00-05:00,1.1868583868289815,1.1868583868289815,1.128488302230835,1.128488302230835,6300,0.0,0.0
1995-03-10 00:00:00-05:00,1.1479452555296852,1.1868586540222168,1.1479452555296852,1.1868586540222168,4700,0.0,0.0
1995-03-13 00:00:00-05:00,1.1868586540222168,1.1868586540222168,1.1868586540222168,1.1868586540222168,200,0.0,0.0
1995-03-14 00:00:00-05:00,1.1674026250839233,1.1674026250839233,1.1674026250839233,1.1674026250839233,900,0.0,0.0
1995-03-15 00:00:00-05:00,1.1674026250839233,1.1868593355019887,1.1674026250839233,1.1674026250839233,4500,0.0,0.0
1995-03-16 00:00:00-05:00,1.1868586540222168,1.1868586540222168,1.1868586540222168,1.1868586540222168,1200,0.0,0.0
1995-03-17 00:00:00-05:00,1.1674026250839233,1.1674026250839233,1.1674026250839233,1.1674026250839233,100,0.0,0.0
1995-03-20 00:00:00-05:00,1.1868586540222168,1.1868586540222168,1.1868586540222168,1.1868586540222168,100,0.0,0.0
1995-03-21 00:00:00-05:00,1.1868586540222168,1.1868586540222168,1.1868586540222168,1.1868586540222168,1100,0.0,0.0
1995-03-22 00:00:00-05:00,1.1674019547759509,1.1868586540222168,1.1674019547759509,1.1868586540222168,2600,0.0,0.0
1995-03-23 00:00:00-05:00,1.1674019547759509,1.1868586540222168,1.1674019547759509,1.1868586540222168,1400,0.0,0.0
1995-03-24 00:00:00-05:00,1.1868586540222168,1.2063153532684827,1.1868586540222168,1.1868586540222168,5300,0.0,0.0
1995-03-27 00:00:00-05:00,1.1868586540222168,1.1868586540222168,1.1868586540222168,1.1868586540222168,0,0.0,0.0
1995-03-28 00:00:00-05:00,1.2063156366348267,1.2063156366348267,1.2063156366348267,1.2063156366348267,100,0.0,0.0
1995-03-29 00:00:00-05:00,1.2063153532684827,1.2063153532684827,1.1868586540222168,1.1868586540222168,2800,0.0,0.0
1995-03-30 00:00:00-05:00,1.2063153532684827,1.2063153532684827,1.1868586540222168,1.1868586540222168,1100,0.0,0.0
1995-03-31 00:00:00-05:00,1.1868586540222168,1.1868586540222168,1.1868586540222168,1.1868586540222168,0,0.0,0.0
1995-04-03 00:00:00-04:00,1.2063156366348267,1.2063156366348267,1.2063156366348267,1.2063156366348267,1200,0.0,0.0
1995-04-04 00:00:00-04:00,1.1868589328181358,1.2063156366348267,1.1868589328181358,1.2063156366348267,1600,0.0,0.0
1995-04-05 00:00:00-04:00,1.1868589328181358,1.2063156366348267,1.1868589328181358,1.2063156366348267,300,0.0,0.0
1995-04-06 00:00:00-04:00,1.2257722616195679,1.2257722616195679,1.2257722616195679,1.2257722616195679,1300,0.0,0.0
1995-04-07 00:00:00-04:00,1.2257722616195679,1.2257722616195679,1.2257722616195679,1.2257722616195679,800,0.0,0.0
1995-04-10 00:00:00-04:00,1.2063155590541779,1.2257722616195679,1.2063155590541779,1.2257722616195679,1100,0.0,0.0
1995-04-11 00:00:00-04:00,1.1674022290014452,1.2063156366348267,1.1674022290014452,1.2063156366348267,5000,0.0,0.0
1995-04-12 00:00:00-04:00,1.186858856488788,1.2257722616195679,1.186858856488788,1.2257722616195679,2000,0.0,0.0
1995-04-13 00:00:00-04:00,1.2257722616195679,1.2257722616195679,1.2257722616195679,1.2257722616195679,100,0.0,0.0
1995-04-17 00:00:00-04:00,1.2257722616195679,1.2257722616195679,1.2257722616195679,1.2257722616195679,9000,0.0,0.0
1995-04-18 00:00:00-04:00,1.2257724199444056,1.2452291250228882,1.2257724199444056,1.2452291250228882,1400,0.0,0.0
1995-04-19 00:00:00-04:00,1.2452291250228882,1.2452291250228882,1.2452291250228882,1.2452291250228882,300,0.0,0.0
1995-04-20 00:00:00-04:00,1.2646859071471475,1.2841426134109497,1.2646859071471475,1.2841426134109497,600,0.0,0.0
1995-04-21 00:00:00-04:00,1.2841426134109497,1.2841426134109497,1.2841426134109497,1.2841426134109497,1800,0.0,0.0
1995-04-24 00:00:00-04:00,1.2646859071471475,1.2841426134109497,1.225772494619543,1.2841426134109497,7200,0.0,0.0
1995-04-25 00:00:00-04:00,1.2841426134109497,1.2841426134109497,1.2841426134109497,1.2841426134109497,1900,0.0,0.0
1995-04-26 00:00:00-04:00,1.2841426134109497,1.2841426134109497,1.2841426134109497,1.2841426134109497,0,0.0,0.0
1995-04-27 00:00:00-04:00,1.2841426134109497,1.2841426134109497,1.2841426134109497,1.2841426134109497,1000,0.0,0.0
1995-04-28 00:00:00-04:00,1.2841426134109497,1.303599319674752,1.2841426134109497,1.2841426134109497,3600,0.0,0.0
1995-05-01 00:00:00-04:00,1.3035991191864014,1.3035991191864014,1.2841424159149624,1.3035991191864014,2200,0.0,0.0
1995-05-02 00:00:00-04:00,1.3133276728066532,1.3133276728066532,1.2646859071471475,1.2841426134109497,3100,0.0,0.0
1995-05-03 00:00:00-04:00,1.2841426134109497,1.2841426134109497,1.2841426134109497,1.2841426134109497,1200,0.0,0.0
1995-05-04 00:00:00-04:00,1.2841426134109497,1.2841426134109497,1.2841426134109497,1.2841426134109497,0,0.0,0.0
1995-05-05 00:00:00-04:00,1.264685869216919,1.264685869216919,1.264685869216919,1.264685869216919,300,0.0,0.0
1995-05-08 00:00:00-04:00,1.2841426134109497,1.2841426134109497,1.2841426134109497,1.2841426134109497,1200,0.0,0.0
1995-05-09 00:00:00-04:00,1.3038986921310425,1.3038986921310425,1.3038986921310425,1.3038986921310425,1300,0.125,0.0
1995-05-10 00:00:00-04:00,1.2643864154815674,1.2643864154815674,1.2643864154815674,1.2643864154815674,1200,0.0,0.0
1995-05-11 00:00:00-04:00,1.2643864154815674,1.2643864154815674,1.2643864154815674,1.2643864154815674,400,0.0,0.0
1995-05-12 00:00:00-04:00,1.2841424942016602,1.2841424942016602,1.2841424942016602,1.2841424942016602,200,0.0,0.0
1995-05-15 00:00:00-04:00,1.3038986921310425,1.3038986921310425,1.3038986921310425,1.3038986921310425,100,0.0,0.0
1995-05-16 00:00:00-04:00,1.2841426513411782,1.3038986921310425,1.2841426513411782,1.3038986921310425,400,0.0,0.0
1995-05-17 00:00:00-04:00,1.3038986921310425,1.3038986921310425,1.3038986921310425,1.3038986921310425,1000,0.0,0.0
1995-05-18 00:00:00-04:00,1.3038986921310425,1.3038986921310425,1.3038986921310425,1.3038986921310425,0,0.0,0.0
1995-05-19 00:00:00-04:00,1.3038986921310425,1.3038986921310425,1.3038986921310425,1.3038986921310425,0,0.0,0.0
1995-05-22 00:00:00-04:00,1.3038986921310425,1.3038986921310425,1.3038986921310425,1.3038986921310425,0,0.0,0.0
1995-05-23 00:00:00-04:00,1.2841424942016602,1.2841424942016602,1.2841424942016602,1.2841424942016602,200,0.0,0.0
1995-05-24 00:00:00-04:00,1.3038986921310425,1.3038986921310425,1.3038986921310425,1.3038986921310425,300,0.0,0.0
1995-05-25 00:00:00-04:00,1.3236547329209067,1.3236547329209067,1.3038986921310425,1.3038986921310425,1000,0.0,0.0
1995-05-26 00:00:00-04:00,1.3236545324325562,1.3236545324325562,1.3038984946350551,1.3236545324325562,600,0.0,0.0
1995-05-30 00:00:00-04:00,1.3236545324325562,1.3236545324325562,1.3236545324325562,1.3236545324325562,0,0.0,0.0
1995-05-31 00:00:00-04:00,1.3236545324325562,1.3236545324325562,1.3236545324325562,1.3236545324325562,400,0.0,0.0
1995-06-01 00:00:00-04:00,1.3236545324325562,1.3236545324325562,1.3236545324325562,1.3236545324325562,2600,0.0,0.0
1995-06-02 00:00:00-04:00,1.3038986921310425,1.3236547329209067,1.3038986921310425,1.3038986921310425,2400,0.0,0.0
1995-06-05 00:00:00-04:00,1.2841426513411782,1.3137767125259747,1.2841426513411782,1.3038986921310425,2400,0.0,0.0
1995-06-06 00:00:00-04:00,1.3038986921310425,1.3038986921310425,1.3038986921310425,1.3038986921310425,500,0.0,0.0
1995-06-07 00:00:00-04:00,1.3236545324325562,1.3236545324325562,1.3236545324325562,1.3236545324325562,100,0.0,0.0
1995-06-08 00:00:00-04:00,1.3236545324325562,1.3236545324325562,1.3236545324325562,1.3236545324325562,400,0.0,0.0
1995-06-09 00:00:00-04:00,1.3335326515642325,1.3335326515642325,1.3137766122817993,1.3137766122817993,1500,0.0,0.0
1995-06-12 00:00:00-04:00,1.3236547329209067,1.3236547329209067,1.3038986921310425,1.3038986921310425,3600,0.0,0.0
1995-06-13 00:00:00-04:00,1.3038986921310425,1.3038986921310425,1.3038986921310425,1.3038986921310425,0,0.0,0.0
1995-06-14 00:00:00-04:00,1.3038986921310425,1.3038986921310425,1.3038986921310425,1.3038986921310425,0,0.0,0.0
1995-06-15 00:00:00-04:00,1.3038985325739934,1.3038985325739934,1.2841424942016602,1.2841424942016602,4100,0.0,0.0
1995-06-16 00:00:00-04:00,1.3038986921310425,1.3038986921310425,1.3038986921310425,1.3038986921310425,500,0.0,0.0
1995-06-19 00:00:00-04:00,1.2841424532234669,1.2841424532234669,1.2643864154815674,1.2643864154815674,1100,0.0,0.0
1995-06-20 00:00:00-04:00,1.2742640972137451,1.2742640972137451,1.2742640972137451,1.2742640972137451,200,0.0,0.0
1995-06-21 00:00:00-04:00,1.2643864154815674,1.2742644343525171,1.2643864154815674,1.2643864154815674,1800,0.0,0.0
1995-06-22 00:00:00-04:00,1.2841424942016602,1.2940205133878269,1.2841424942016602,1.2841424942016602,2900,0.0,0.0
1995-06-23 00:00:00-04:00,1.3038985325739934,1.3038985325739934,1.2841424942016602,1.2841424942016602,5000,0.0,0.0
1995-06-26 00:00:00-04:00,1.2841424942016602,1.2841424942016602,1.2841424942016602,1.2841424942016602,1000,0.0,0.0
1995-06-27 00:00:00-04:00,1.264386252751426,1.264386252751426,1.244630217552185,1.244630217552185,1300,0.0,0.0
1995-06-28 00:00:00-04:00,1.264386455829327,1.2841424942016602,1.264386455829327,1.2841424942016602,4400,0.0,0.0
1995-06-29 00:00:00-04:00,1.264386455829327,1.2841424942016602,1.264386455829327,1.2841424942016602,1700,0.0,0.0
1995-06-30 00:00:00-04:00,1.2940206717361105,1.3038986921310425,1.2940206717361105,1.3038986921310425,8700,0.0,0.0
1995-07-03 00:00:00-04:00,1.3038984946350551,1.3236545324325562,1.3038984946350551,1.3236545324325562,1600,0.0,0.0
1995-07-05 00:00:00-04:00,1.3038986921310425,1.333532753315839,1.3038986921310425,1.3038986921310425,4600,0.0,0.0
1995-07-06 00:00:00-04:00,1.3236543160897714,1.3335323333740234,1.3038982815212674,1.3335323333740234,1800,0.0,0.0
1995-07-07 00:00:00-04:00,1.3236545324325562,1.343410570230057,1.3236545324325562,1.3236545324325562,5600,0.0,0.0
1995-07-10 00:00:00-04:00,1.3335323333740234,1.3335323333740234,1.3335323333740234,1.3335323333740234,1600,0.0,0.0
1995-07-11 00:00:00-04:00,1.3335325513313065,1.3335325513313065,1.3236545324325562,1.3236545324325562,1100,0.0,0.0
1995-07-12 00:00:00-04:00,1.3335323333740234,1.3335323333740234,1.3335323333740234,1.3335323333740234,200,0.0,0.0
1995-07-13 00:00:00-04:00,1.3335323333740234,1.3335323333740234,1.3335323333740234,1.3335323333740234,0,0.0,0.0
1995-07-14 00:00:00-04:00,1.3335323333740234,1.3335323333740234,1.3335323333740234,1.3335323333740234,200,0.0,0.0
1995-07-17 00:00:00-04:00,1.3335325513313065,1.3335325513313065,1.3236545324325562,1.3236545324325562,800,0.0,0.0
1995-07-18 00:00:00-04:00,1.3236545324325562,1.3236545324325562,1.3236545324325562,1.3236545324325562,0,0.0,0.0
1995-07-19 00:00:00-04:00,1.3335316452909918,1.3434096574783325,1.3335316452909918,1.3434096574783325,2200,0.0,0.0
1995-07-20 00:00:00-04:00,1.3434096574783325,1.3434096574783325,1.3434096574783325,1.3434096574783325,1000,0.0,0.0
1995-07-21 00:00:00-04:00,1.323653633103651,1.3434096574783325,1.323653633103651,1.3434096574783325,1700,0.0,0.0
1995-07-24 00:00:00-04:00,1.3236547329209067,1.3236547329209067,1.3038986921310425,1.3038986921310425,600,0.0,0.0
1995-07-25 00:00:00-04:00,1.3236545324325562,1.3236545324325562,1.3236545324325562,1.3236545324325562,1000,0.0,0.0
1995-07-26 00:00:00-04:00,1.3236545324325562,1.3236545324325562,1.3236545324325562,1.3236545324325562,300,0.0,0.0
1995-07-27 00:00:00-04:00,1.3434096574783325,1.3434096574783325,1.3434096574783325,1.3434096574783325,2200,0.0,0.0
1995-07-28 00:00:00-04:00,1.3434096574783325,1.3434096574783325,1.3434096574783325,1.3434096574783325,0,0.0,0.0
1995-07-31 00:00:00-04:00,1.3434096574783325,1.3434096574783325,1.3434096574783325,1.3434096574783325,200,0.0,0.0
1995-08-01 00:00:00-04:00,1.3434096574783325,1.3434096574783325,1.3434096574783325,1.3434096574783325,0,0.0,0.0
1995-08-02 00:00:00-04:00,1.3631668090820312,1.382922849793365,1.3631668090820312,1.3631668090820312,800,0.0,0.0
1995-08-03 00:00:00-04:00,1.3631668090820312,1.3631668090820312,1.3631668090820312,1.3631668090820312,0,0.0,0.0
1995-08-04 00:00:00-04:00,1.343410570230057,1.343410570230057,1.3236545324325562,1.3236545324325562,1500,0.0,0.0
1995-08-07 00:00:00-04:00,1.3434096574783325,1.3631656818530138,1.3335316452909918,1.3434096574783325,9200,0.0,0.0
1995-08-08 00:00:00-04:00,1.3434096574783325,1.3434096574783325,1.3434096574783325,1.3434096574783325,1800,0.0,0.0
1995-08-09 00:00:00-04:00,1.3532887887263643,1.3631668090820312,1.3532887887263643,1.3631668090820312,1500,0.0,0.0
1995-08-10 00:00:00-04:00,1.3631668090820312,1.3631668090820312,1.3434107683706975,1.3631668090820312,2100,0.0,0.0
1995-08-11 00:00:00-04:00,1.3832130687577384,1.4032596349716187,1.3832130687577384,1.4032596349716187,300,0.125,0.0
1995-08-14 00:00:00-04:00,1.3832137584686277,1.3832137584686277,1.3832137584686277,1.383213758468628,100,0.0,0.0
1995-08-15 00:00:00-04:00,1.4032596349716187,1.4032596349716187,1.4032596349716187,1.4032596349716187,300,0.0,0.0
1995-08-16 00:00:00-04:00,1.4032596349716187,1.4032596349716187,1.4032596349716187,1.4032596349716187,0,0.0,0.0
1995-08-17 00:00:00-04:00,1.4032596349716187,1.4032596349716187,1.4032596349716187,1.4032596349716187,400,0.0,0.0
1995-08-18 00:00:00-04:00,1.3832137584686277,1.3832137584686277,1.3832137584686277,1.383213758468628,100,0.0,0.0
1995-08-21 00:00:00-04:00,1.3832130687577384,1.4032596349716187,1.3832130687577384,1.4032596349716187,400,0.0,0.0
1995-08-22 00:00:00-04:00,1.3731897856507982,1.4032596349716187,1.3731897856507982,1.4032596349716187,3200,0.0,0.0
1995-08-23 00:00:00-04:00,1.4032596349716187,1.4032596349716187,1.4032596349716187,1.4032596349716187,500,0.0,0.0
1995-08-24 00:00:00-04:00,1.383212049217785,1.383212049217785,1.3631654977798462,1.3631654977798462,2500,0.0,0.0
1995-08-25 00:00:00-04:00,1.3631654977798462,1.3631654977798462,1.3631654977798462,1.3631654977798462,1200,0.0,0.0
1995-08-28 00:00:00-04:00,1.3631654977798462,1.3631654977798462,1.3631654977798462,1.3631654977798462,0,0.0,0.0
1995-08-29 00:00:00-04:00,1.3631654977798462,1.3631654977798462,1.3631654977798462,1.3631654977798462,0,0.0,0.0
1995-08-30 00:00:00-04:00,1.3832137584686277,1.3832137584686277,1.3832137584686277,1.383213758468628,200,0.0,0.0
1995-08-31 00:00:00-04:00,1.3832137584686277,1.3832137584686277,1.3832137584686277,1.383213758468628,300,0.0,0.0
1995-09-01 00:00:00-04:00,1.3832137584686277,1.3832137584686277,1.3832137584686277,1.383213758468628,400,0.0,0.0
1995-09-05 00:00:00-04:00,1.4032596349716187,1.4032596349716187,1.4032596349716187,1.4032596349716187,300,0.0,0.0
1995-09-06 00:00:00-04:00,1.4032596349716187,1.4032596349716187,1.4032596349716187,1.4032596349716187,0,0.0,0.0
1995-09-07 00:00:00-04:00,1.4233064651489258,1.4233064651489258,1.4233064651489258,1.4233064651489258,100,0.0,0.0
1995-09-08 00:00:00-04:00,1.4032598952172508,1.4233064651489258,1.4032598952172508,1.4233064651489258,900,0.0,0.0
1995-09-11 00:00:00-04:00,1.4032600323359172,1.4433531761169434,1.4032600323359172,1.4433531761169434,3700,0.0,0.0
1995-09-12 00:00:00-04:00,1.4633994579315184,1.5034925937652588,1.4633994579315184,1.5034925937652588,7700,0.0,0.0
1995-09-13 00:00:00-04:00,1.5235385954380034,1.6037248373031616,1.5235385954380034,1.6037248373031616,5800,0.0,0.0
1995-09-14 00:00:00-04:00,1.5937022897932263,1.6237721443176267,1.5836790049517595,1.623772144317627,2600,0.0,0.0
1995-09-15 00:00:00-04:00,1.5836783647537231,1.5836783647537231,1.5636318031745622,1.5836783647537231,6400,0.0,0.0
1995-09-18 00:00:00-04:00,1.5836783647537231,1.5836783647537231,1.5836783647537231,1.5836783647537231,1100,0.0,0.0
1995-09-19 00:00:00-04:00,1.5636327266693115,1.5636327266693115,1.5435861532504742,1.5636327266693115,1900,0.0,0.0
1995-09-20 00:00:00-04:00,1.5636327266693115,1.5636327266693115,1.5636327266693115,1.5636327266693115,100,0.0,0.0
1995-09-21 00:00:00-04:00,1.5435850620269775,1.5435850620269775,1.5435850620269775,1.5435850620269775,400,0.0,0.0
1995-09-22 00:00:00-04:00,1.5435850620269775,1.5435850620269775,1.5435850620269775,1.5435850620269775,0,0.0,0.0
1995-09-25 00:00:00-04:00,1.563631621274081,1.563631621274081,1.5435850620269775,1.5435850620269775,900,0.0,0.0
1995-09-26 00:00:00-04:00,1.5435850620269775,1.5435850620269775,1.5435850620269775,1.5435850620269775,0,0.0,0.0
1995-09-27 00:00:00-04:00,1.563631621274081,1.563631621274081,1.5435850620269775,1.5435850620269775,1200,0.0,0.0
1995-09-28 00:00:00-04:00,1.5235385027798738,1.5435850620269775,1.5235385027798738,1.5435850620269775,2000,0.0,0.0
1995-09-29 00:00:00-04:00,1.5636327266693115,1.5636327266693115,1.5636327266693115,1.5636327266693115,2200,0.0,0.0
1995-10-02 00:00:00-04:00,1.5736558437347412,1.5736558437347412,1.5736558437347412,1.5736558437347412,100,0.0,0.0
1995-10-03 00:00:00-04:00,1.553609439959893,1.5636327266693115,1.553609439959893,1.5636327266693115,1100,0.0,0.0
1995-10-04 00:00:00-04:00,1.5636327266693115,1.5636327266693115,1.5435861532504742,1.5636327266693115,5300,0.0,0.0
1995-10-05 00:00:00-04:00,1.5636327266693115,1.5636327266693115,1.5636327266693115,1.5636327266693115,300,0.0,0.0
1995-10-06 00:00:00-04:00,1.5435861532504742,1.5636327266693115,1.5435861532504742,1.5636327266693115,400,0.0,0.0
1995-10-09 00:00:00-04:00,1.5636327266693115,1.5636327266693115,1.5636327266693115,1.5636327266693115,1400,0.0,0.0
1995-10-10 00:00:00-04:00,1.5636327266693115,1.5636327266693115,1.5636327266693115,1.5636327266693115,0,0.0,0.0
1995-10-11 00:00:00-04:00,1.5435861532504742,1.5636327266693115,1.5435861532504742,1.5636327266693115,1700,0.0,0.0
1995-10-12 00:00:00-04:00,1.5636327266693115,1.5636327266693115,1.5636327266693115,1.5636327266693115,0,0.0,0.0
1995-10-13 00:00:00-04:00,1.5636327266693115,1.5636327266693115,1.5636327266693115,1.5636327266693115,0,0.0,0.0
1995-10-16 00:00:00-04:00,1.5636327266693115,1.5636327266693115,1.5636327266693115,1.5636327266693115,100,0.0,0.0
1995-10-17 00:00:00-04:00,1.5636327266693115,1.5636327266693115,1.5636327266693115,1.5636327266693115,0,0.0,0.0
1995-10-18 00:00:00-04:00,1.5736558437347412,1.5736558437347412,1.5736558437347412,1.5736558437347412,500,0.0,0.0
1995-10-19 00:00:00-04:00,1.5636327266693115,1.5636327266693115,1.5636327266693115,1.5636327266693115,100,0.0,0.0
1995-10-20 00:00:00-04:00,1.5636327266693115,1.5636327266693115,1.5636327266693115,1.5636327266693115,600,0.0,0.0
1995-10-23 00:00:00-04:00,1.5636327266693115,1.5636327266693115,1.5636327266693115,1.5636327266693115,600,0.0,0.0
1995-10-24 00:00:00-04:00,1.5636327266693115,1.5636327266693115,1.5636327266693115,1.5636327266693115,500,0.0,0.0
1995-10-25 00:00:00-04:00,1.5836783647537231,1.6037249263328843,1.5836783647537231,1.5836783647537231,8700,0.0,0.0
1995-10-26 00:00:00-04:00,1.5937015570700168,1.6037248373031616,1.5937015570700168,1.6037248373031616,2800,0.0,0.0
1995-10-27 00:00:00-04:00,1.6037248373031616,1.623771397769451,1.6037248373031616,1.6037248373031616,2000,0.0,0.0
1995-10-30 00:00:00-05:00,1.583678276836872,1.6037248373031616,1.583678276836872,1.6037248373031616,2600,0.0,0.0
1995-10-31 00:00:00-05:00,1.623771397769451,1.623771397769451,1.6037248373031616,1.6037248373031616,1300,0.0,0.0
1995-11-01 00:00:00-05:00,1.6037248373031616,1.6037248373031616,1.6037248373031616,1.6037248373031616,1000,0.0,0.0
1995-11-02 00:00:00-05:00,1.6037248373031616,1.6037248373031616,1.6037248373031616,1.6037248373031616,0,0.0,0.0
1995-11-03 00:00:00-05:00,1.623771397769451,1.623771397769451,1.6037248373031616,1.6037248373031616,5300,0.0,0.0
1995-11-06 00:00:00-05:00,1.623771397769451,1.623771397769451,1.6037248373031616,1.6037248373031616,500,0.0,0.0
1995-11-07 00:00:00-05:00,1.6037248373031616,1.6037248373031616,1.6037248373031616,1.6037248373031616,2000,0.0,0.0
1995-11-08 00:00:00-05:00,1.6037248373031616,1.6037248373031616,1.6037248373031616,1.6037248373031616,0,0.0,0.0
1995-11-09 00:00:00-05:00,1.6037248373031616,1.6037248373031616,1.6037248373031616,1.6037248373031616,500,0.0,0.0
1995-11-10 00:00:00-05:00,1.6237721443176267,1.6237721443176267,1.6237721443176267,1.623772144317627,300,0.0,0.0
1995-11-13 00:00:00-05:00,1.62784144563495,1.62784144563495,1.6176674365997314,1.6176674365997314,600,0.15,0.0
1995-11-14 00:00:00-05:00,1.6176674365997314,1.6176674365997314,1.6176674365997314,1.6176674365997314,0,0.0,0.0
1995-11-15 00:00:00-05:00,1.607492923736572,1.607492923736572,1.607492923736572,1.6074929237365723,500,0.0,0.0
1995-11-16 00:00:00-05:00,1.607492923736572,1.607492923736572,1.607492923736572,1.6074929237365723,0,0.0,0.0
1995-11-17 00:00:00-05:00,1.607492923736572,1.607492923736572,1.607492923736572,1.6074929237365723,6500,0.0,0.0
1995-11-20 00:00:00-05:00,1.607492923736572,1.607492923736572,1.607492923736572,1.6074929237365723,400,0.0,0.0
1995-11-21 00:00:00-05:00,1.6278419965579185,1.6481900215148926,1.6176679840794315,1.6481900215148926,1400,0.0,0.0
1995-11-22 00:00:00-05:00,1.6278419965579185,1.6481900215148926,1.6278419965579185,1.6481900215148926,3100,0.0,0.0
1995-11-24 00:00:00-05:00,1.6481900215148926,1.6481900215148926,1.6481900215148926,1.6481900215148926,0,0.0,0.0
1995-11-27 00:00:00-05:00,1.6481900215148926,1.6481900215148926,1.6481900215148926,1.6481900215148926,0,0.0,0.0
1995-11-28 00:00:00-05:00,1.6481900215148926,1.6481900215148926,1.6481900215148926,1.6481900215148926,0,0.0,0.0
1995-11-29 00:00:00-05:00,1.6278409957885742,1.6278409957885742,1.6278409957885742,1.6278409957885742,1000,0.0,0.0
1995-11-30 00:00:00-05:00,1.6278409957885742,1.6278409957885742,1.6278409957885742,1.6278409957885742,8000,0.0,0.0
1995-12-01 00:00:00-05:00,1.6278409957885742,1.6278409957885742,1.6278409957885742,1.6278409957885742,100,0.0,0.0
1995-12-04 00:00:00-05:00,1.6481900680355908,1.6685380935668943,1.6278420425042872,1.6685380935668945,1500,0.0,0.0
1995-12-05 00:00:00-05:00,1.688886119098198,1.688886119098198,1.6685380935668943,1.6685380935668945,700,0.0,0.0
1995-12-06 00:00:00-05:00,1.6685373151158713,1.6888853311538699,1.6685373151158713,1.6888853311538696,1000,0.0,0.0
1995-12-07 00:00:00-05:00,1.6888856220813024,1.7092336416244507,1.6888856220813024,1.7092336416244507,2100,0.0,0.0
1995-12-08 00:00:00-05:00,1.7092336416244507,1.7092336416244507,1.7092336416244507,1.7092336416244507,0,0.0,0.0
1995-12-11 00:00:00-05:00,1.6685380935668943,1.688886119098198,1.6685380935668943,1.6685380935668945,2400,0.0,0.0
1995-12-12 00:00:00-05:00,1.6685380935668943,1.6685380935668943,1.6685380935668943,1.6685380935668945,0,0.0,0.0
1995-12-13 00:00:00-05:00,1.6481900215148926,1.6481900215148926,1.6481900215148926,1.6481900215148926,200,0.0,0.0
1995-12-14 00:00:00-05:00,1.607493427564513,1.62784144563495,1.607493427564513,1.6176674365997314,4300,0.0,0.0
1995-12-15 00:00:00-05:00,1.6074938285045135,1.6074938285045135,1.5871458053588867,1.5871458053588867,2200,0.0,0.0
1995-12-18 00:00:00-05:00,1.6074938285045135,1.6074938285045135,1.5871458053588867,1.5871458053588867,2900,0.0,0.0
1995-12-19 00:00:00-05:00,1.5973194185292947,1.6176674365997314,1.5973194185292947,1.6176674365997314,2200,0.0,0.0
1995-12-20 00:00:00-05:00,1.6278409957885742,1.6278409957885742,1.6278409957885742,1.6278409957885742,500,0.0,0.0
1995-12-21 00:00:00-05:00,1.607492983341217,1.6278409957885742,1.607492983341217,1.6278409957885742,7900,0.0,0.0
1995-12-22 00:00:00-05:00,1.607492923736572,1.607492923736572,1.607492923736572,1.6074929237365723,1000,0.0,0.0
1995-12-26 00:00:00-05:00,1.607492923736572,1.607492923736572,1.607492923736572,1.6074929237365723,0,0.0,0.0
1995-12-27 00:00:00-05:00,1.5871458053588867,1.5871458053588867,1.5871458053588867,1.5871458053588867,1000,0.0,0.0
1995-12-28 00:00:00-05:00,1.5871458053588867,1.5871458053588867,1.5871458053588867,1.5871458053588867,0,0.0,0.0
1995-12-29 00:00:00-05:00,1.5871458053588867,1.5871458053588867,1.56679778221326,1.5871458053588867,1900,0.0,0.0
1996-01-02 00:00:00-05:00,1.5871449120437042,1.607492923736572,1.5871449120437042,1.6074929237365723,1200,0.0,0.0
1996-01-03 00:00:00-05:00,1.6074938285045135,1.6074938285045135,1.5871458053588867,1.5871458053588867,800,0.0,0.0
1996-01-04 00:00:00-05:00,1.607492923736572,1.607492923736572,1.607492923736572,1.6074929237365723,300,0.0,0.0
1996-01-05 00:00:00-05:00,1.607492923736572,1.607492923736572,1.607492923736572,1.6074929237365723,0,0.0,0.0
1996-01-08 00:00:00-05:00,1.607492923736572,1.607492923736572,1.607492923736572,1.6074929237365723,0,0.0,0.0
1996-01-09 00:00:00-05:00,1.607492923736572,1.607492923736572,1.607492923736572,1.6074929237365723,0,0.0,0.0
1996-01-10 00:00:00-05:00,1.5667970180511475,1.5667970180511475,1.5667970180511475,1.5667970180511475,2400,0.0,0.0
1996-01-11 00:00:00-05:00,1.56679778221326,1.5871458053588867,1.56679778221326,1.5871458053588867,2400,0.0,0.0
1996-01-12 00:00:00-05:00,1.5667970180511475,1.5871450312725908,1.5667970180511475,1.5667970180511475,1600,0.0,0.0
1996-01-15 00:00:00-05:00,1.5871458053588867,1.5871458053588867,1.5871458053588867,1.5871458053588867,1000,0.0,0.0
1996-01-16 00:00:00-05:00,1.5871458053588867,1.5871458053588867,1.5871458053588867,1.5871458053588867,0,0.0,0.0
1996-01-17 00:00:00-05:00,1.6074938285045135,1.6074938285045135,1.5871458053588867,1.5871458053588867,1200,0.0,0.0
1996-01-18 00:00:00-05:00,1.6074938285045135,1.6278418516501403,1.5871458053588867,1.5871458053588867,5600,0.0,0.0
1996-01-19 00:00:00-05:00,1.607492923736572,1.607492923736572,1.607492923736572,1.6074929237365723,400,0.0,0.0
1996-01-22 00:00:00-05:00,1.6278409957885742,1.6278409957885742,1.6278409957885742,1.6278409957885742,200,0.0,0.0
1996-01-23 00:00:00-05:00,1.62784093542944,1.62784093542944,1.5871449120437042,1.6074929237365723,2000,0.0,0.0
1996-01-24 00:00:00-05:00,1.607492983341217,1.6278409957885742,1.607492983341217,1.6278409957885742,1500,0.0,0.0
1996-01-25 00:00:00-05:00,1.6278420425042872,1.6685380935668943,1.6278420425042872,1.6685380935668945,12500,0.0,0.0
1996-01-26 00:00:00-05:00,1.6685380935668943,1.6685380935668943,1.6685380935668943,1.6685380935668945,0,0.0,0.0
1996-01-29 00:00:00-05:00,1.6481900215148926,1.6481900215148926,1.6481900215148926,1.6481900215148926,300,0.0,0.0
1996-01-30 00:00:00-05:00,1.6481900215148926,1.6481900215148926,1.6481900215148926,1.6481900215148926,1300,0.0,0.0
1996-01-31 00:00:00-05:00,1.6685373151158713,1.6888853311538699,1.6685373151158713,1.6888853311538696,4000,0.0,0.0
1996-02-01 00:00:00-05:00,1.6685373151158713,1.6888853311538699,1.6685373151158713,1.6888853311538696,3100,0.0,0.0
1996-02-02 00:00:00-05:00,1.6685380935668943,1.6685380935668943,1.6685380935668943,1.6685380935668945,2000,0.0,0.0
1996-02-05 00:00:00-05:00,1.6888853311538699,1.6888853311538699,1.6888853311538699,1.6888853311538696,400,0.0,0.0
1996-02-06 00:00:00-05:00,1.688886119098198,1.688886119098198,1.6685380935668943,1.6685380935668945,500,0.0,0.0
1996-02-07 00:00:00-05:00,1.6685380935668943,1.6685380935668943,1.6685380935668943,1.6685380935668945,0,0.0,0.0
1996-02-08 00:00:00-05:00,1.6888853311538699,1.6888853311538699,1.6888853311538699,1.6888853311538696,400,0.0,0.0
1996-02-09 00:00:00-05:00,1.668537998199463,1.7295820713043213,1.668537998199463,1.7295820713043213,4300,0.0,0.0
1996-02-12 00:00:00-05:00,1.74992981921421,1.810973882675171,1.74992981921421,1.810973882675171,2300,0.0,0.0
1996-02-13 00:00:00-05:00,1.8150988358717697,1.918229451546302,1.7944727127368634,1.8769772052764893,7600,0.15,0.0
1996-02-14 00:00:00-05:00,1.8769781046443514,1.918230370680491,1.8563519716262817,1.8563519716262817,4100,0.0,0.0
1996-02-15 00:00:00-05:00,1.835725838608212,1.8563519716262817,1.835725838608212,1.8563519716262817,2000,0.0,0.0
1996-02-16 00:00:00-05:00,1.835725838608212,1.8563519716262817,1.835725838608212,1.8563519716262817,1300,0.0,0.0
1996-02-20 00:00:00-05:00,1.815099769763732,1.8357259035110474,1.815099769763732,1.8357259035110474,1300,0.0,0.0
1996-02-21 00:00:00-05:00,1.8150988358717697,1.8769772052764893,1.8150988358717697,1.8769772052764893,2400,0.0,0.0
1996-02-22 00:00:00-05:00,1.8976047039031982,1.8976047039031982,1.8976047039031982,1.8976047039031982,1500,0.0,0.0
1996-02-23 00:00:00-05:00,1.9182300567626955,1.9182300567626955,1.8976039271200857,1.9182300567626953,300,0.0,0.0
1996-02-26 00:00:00-05:00,1.9388558864593504,1.9388558864593504,1.9182297600076552,1.9388558864593506,2600,0.0,0.0
1996-02-27 00:00:00-05:00,1.9594815969467163,1.9594815969467163,1.9594815969467163,1.9594815969467163,400,0.0,0.0
1996-02-28 00:00:00-05:00,1.9388561789522465,2.000734567642212,1.9388561789522465,2.000734567642212,11300,0.0,0.0
1996-02-29 00:00:00-05:00,1.9801078033447266,2.062612295150757,1.959481680393219,2.062612295150757,3600,0.0,0.0
1996-03-01 00:00:00-05:00,2.021359631509492,2.0419857501983643,2.021359631509492,2.0419857501983643,500,0.0,0.0
1996-03-04 00:00:00-05:00,2.083238436625554,2.1451168060302734,2.083238436625554,2.1451168060302734,3500,0.0,0.0
1996-03-05 00:00:00-05:00,2.14511608858721,2.3101250184785336,2.14511608858721,2.248246669769287,11100,0.0,0.0
1996-03-06 00:00:00-05:00,2.268873858220369,2.268873858220369,2.0832387243659753,2.124490976333618,13600,0.0,0.0
1996-03-07 00:00:00-05:00,2.145116413865134,2.2069947719573975,2.1038641751369584,2.2069947719573975,2600,0.0,0.0
1996-03-08 00:00:00-05:00,2.1657423571784897,2.1657423571784897,2.083237886428833,2.083237886428833,10400,0.0,0.0
1996-03-11 00:00:00-05:00,2.0213600492477415,2.0832384181022645,2.0213600492477415,2.062612295150757,10600,0.0,0.0
1996-03-12 00:00:00-05:00,2.062613380198576,2.062613380198576,2.0213611125946045,2.0213611125946045,1000,0.0,0.0
1996-03-13 00:00:00-05:00,2.000734629730384,2.000734629730384,1.9594823693235717,1.9801084995269775,2800,0.0,0.0
1996-03-14 00:00:00-05:00,1.9801084995269775,2.000734629730384,1.9801084995269775,1.9801084995269775,12800,0.0,0.0
1996-03-15 00:00:00-05:00,1.9594831181609111,1.9594831181609111,1.8976047039031982,1.8976047039031982,3900,0.0,0.0
1996-03-18 00:00:00-05:00,1.938855474873593,1.9594815969467163,1.938855474873593,1.9594815969467163,1600,0.0,0.0
1996-03-19 00:00:00-05:00,1.9801081393627409,1.9801081393627409,1.9388558864593504,1.9388558864593506,1400,0.0,0.0
1996-03-20 00:00:00-05:00,1.938855474873593,1.9594815969467163,1.938855474873593,1.9594815969467163,3100,0.0,0.0
1996-03-21 00:00:00-05:00,1.9594823693235717,2.000734629730384,1.9594823693235717,1.9801084995269775,4800,0.0,0.0
1996-03-22 00:00:00-05:00,2.0213607599337897,2.0213607599337897,1.9801084995269775,1.9801084995269775,1000,0.0,0.0
1996-03-25 00:00:00-05:00,1.9801084995269775,1.9801084995269775,1.9801084995269775,1.9801084995269775,0,0.0,0.0
1996-03-26 00:00:00-05:00,2.000734567642212,2.000734567642212,2.000734567642212,2.000734567642212,500,0.0,0.0
1996-03-27 00:00:00-05:00,2.021359631509492,2.062611868887237,2.021359631509492,2.0419857501983643,2800,0.0,0.0
1996-03-28 00:00:00-05:00,2.0419857501983643,2.0419857501983643,2.0419857501983643,2.0419857501983643,0,0.0,0.0
1996-03-29 00:00:00-05:00,2.0213600672208347,2.1451168060302734,2.0213600672208347,2.1451168060302734,10700,0.0,0.0
1996-04-01 00:00:00-05:00,2.145116987682524,2.2069953623272123,2.145116987682524,2.165743112564087,5800,0.0,0.0
1996-04-02 00:00:00-05:00,2.2069953623272123,2.2069953623272123,2.165743112564087,2.165743112564087,1000,0.0,0.0
1996-04-03 00:00:00-05:00,2.165744237180026,2.186370372772217,2.165744237180026,2.186370372772217,2200,0.0,0.0
1996-04-04 00:00:00-05:00,2.165743112564087,2.165743112564087,2.165743112564087,2.165743112564087,600,0.0,0.0
1996-04-08 00:00:00-04:00,2.1451168060302734,2.1451168060302734,2.1451168060302734,2.1451168060302734,2200,0.0,0.0
1996-04-09 00:00:00-04:00,2.124490224953854,2.124490224953854,2.0419857501983643,2.0419857501983643,3700,0.0,0.0
1996-04-10 00:00:00-04:00,2.062611868887237,2.062611868887237,2.0419857501983643,2.0419857501983643,600,0.0,0.0
1996-04-11 00:00:00-04:00,2.062611868887237,2.062611868887237,2.0419857501983643,2.0419857501983643,2200,0.0,0.0
1996-04-12 00:00:00-04:00,2.0213607599337897,2.0213607599337897,1.9182301089167595,1.9801084995269775,7700,0.0,0.0
1996-04-15 00:00:00-04:00,1.9801084995269775,1.9801084995269775,1.9801084995269775,1.9801084995269775,100,0.0,0.0
1996-04-16 00:00:00-04:00,1.938856186405305,1.938856186405305,1.8976039271200857,1.9182300567626953,5700,0.0,0.0
1996-04-17 00:00:00-04:00,1.8976039271200857,1.9182300567626955,1.8563516678348666,1.9182300567626953,3300,0.0,0.0
1996-04-18 00:00:00-04:00,1.9388558864593504,1.9388558864593504,1.9388558864593504,1.9388558864593506,200,0.0,0.0
1996-04-19 00:00:00-04:00,1.9594823160479147,1.9594823160479147,1.8976039271200857,1.9182300567626953,4400,0.0,0.0
1996-04-22 00:00:00-04:00,1.9182300567626955,1.9182300567626955,1.9182300567626955,1.9182300567626953,100,0.0,0.0
1996-04-23 00:00:00-04:00,1.9182301089167595,1.9801084995269775,1.9182301089167595,1.9801084995269775,4500,0.0,0.0
1996-04-24 00:00:00-04:00,1.9801084995269775,1.9801084995269775,1.9801084995269775,1.9801084995269775,0,0.0,0.0
1996-04-25 00:00:00-04:00,1.9594820129110457,1.9594820129110457,1.9388558864593504,1.9388558864593506,1800,0.0,0.0
1996-04-26 00:00:00-04:00,1.9388558864593504,1.9388558864593504,1.9388558864593504,1.9388558864593506,100,0.0,0.0
1996-04-29 00:00:00-04:00,1.9801077190198397,1.9801077190198397,1.9594815969467163,1.9594815969467163,1100,0.0,0.0
1996-04-30 00:00:00-04:00,1.9594815969467163,1.9594815969467163,1.9594815969467163,1.9594815969467163,0,0.0,0.0
1996-05-01 00:00:00-04:00,1.8976039787133536,1.9801084995269775,1.8976039787133536,1.9801084995269775,3600,0.0,0.0
1996-05-02 00:00:00-04:00,1.9594820129110457,1.9594820129110457,1.9388558864593504,1.9388558864593506,1500,0.0,0.0
1996-05-03 00:00:00-04:00,1.9388558864593504,1.9388558864593504,1.9388558864593504,1.9388558864593506,0,0.0,0.0
1996-05-06 00:00:00-04:00,1.9182300567626955,1.9182300567626955,1.9182300567626955,1.9182300567626953,2100,0.0,0.0
1996-05-07 00:00:00-04:00,1.9388558864593504,1.9388558864593504,1.9388558864593504,1.9388558864593506,700,0.0,0.0
1996-05-08 00:00:00-04:00,1.9182308419891025,1.9182308419891025,1.8976047039031982,1.8976047039031982,1300,0.0,0.0
1996-05-09 00:00:00-04:00,1.9182297600076552,1.9388558864593504,1.9182297600076552,1.9388558864593506,2700,0.0,0.0
1996-05-10 00:00:00-04:00,1.9594815969467163,1.9801077190198397,1.9594815969467163,1.9594815969467163,700,0.0,0.0
1996-05-13 00:00:00-04:00,1.942770004272461,1.942770004272461,1.942770004272461,1.942770004272461,0,0.15,0.0
1996-05-14 00:00:00-04:00,1.9845494031906126,1.9845494031906126,1.9845494031906126,1.9845494031906128,1500,0.0,0.0
1996-05-15 00:00:00-04:00,1.9636600017547607,1.9636600017547607,1.9636600017547607,1.9636600017547607,100,0.0,0.0
1996-05-16 00:00:00-04:00,1.9636600017547607,1.9636600017547607,1.9636600017547607,1.9636600017547607,0,0.0,0.0
1996-05-17 00:00:00-04:00,1.9845500017734283,2.005440001792096,1.9636600017547607,1.9636600017547607,2000,0.0,0.0
1996-05-20 00:00:00-04:00,1.9636600017547607,1.9636600017547607,1.9636600017547607,1.9636600017547607,2000,0.0,0.0
1996-05-21 00:00:00-04:00,1.9845500017734283,1.9845500017734283,1.942770001736093,1.9636600017547607,3200,0.0,0.0
1996-05-22 00:00:00-04:00,1.9427709206938744,2.0054409503936768,1.9427709206938744,2.0054409503936768,4800,0.0,0.0
1996-05-23 00:00:00-04:00,2.0263300018107637,2.0263300018107637,1.9636600017547607,1.9636600017547607,4800,0.0,0.0
1996-05-24 00:00:00-04:00,1.9636600017547607,1.9636600017547607,1.9636600017547607,1.9636600017547607,0,0.0,0.0
1996-05-28 00:00:00-04:00,1.9845500017734283,1.9845500017734283,1.9636600017547607,1.9636600017547607,1500,0.0,0.0
1996-05-29 00:00:00-04:00,1.9845500017734283,1.9845500017734283,1.9636600017547607,1.9636600017547607,600,0.0,0.0
1996-05-30 00:00:00-04:00,1.942770004272461,1.942770004272461,1.942770004272461,1.942770004272461,2000,0.0,0.0
1996-05-31 00:00:00-04:00,1.921879768371582,1.921879768371582,1.921879768371582,1.921879768371582,1000,0.0,0.0
1996-06-03 00:00:00-04:00,1.942770004272461,1.942770004272461,1.942770004272461,1.942770004272461,500,0.0,0.0
1996-06-04 00:00:00-04:00,1.921879768371582,1.921879768371582,1.921879768371582,1.921879768371582,3800,0.0,0.0
1996-06-05 00:00:00-04:00,1.942770001736093,1.9636600017547607,1.942770001736093,1.9636600017547607,1100,0.0,0.0
1996-06-06 00:00:00-04:00,1.9845494031906126,1.9845494031906126,1.9845494031906126,1.9845494031906128,800,0.0,0.0
1996-06-07 00:00:00-04:00,2.0054409503936768,2.0054409503936768,2.0054409503936768,2.0054409503936768,500,0.0,0.0
1996-06-10 00:00:00-04:00,2.0054397583007812,2.0054397583007812,1.8800997734069824,1.8800997734069824,6200,0.0,0.0
1996-06-11 00:00:00-04:00,1.9009891748428343,1.9009891748428343,1.9009891748428343,1.9009891748428345,1100,0.0,0.0
1996-06-12 00:00:00-04:00,1.8801001391627572,1.90099014070901,1.8383201360702515,1.8383201360702515,7800,0.0,0.0
1996-06-13 00:00:00-04:00,1.7547586241433786,1.7965385913848877,1.7547586241433786,1.7965385913848877,5100,0.0,0.0
1996-06-14 00:00:00-04:00,1.7965397834777832,1.7965397834777832,1.7338697910308838,1.7547597885131836,6600,0.0,0.0
1996-06-17 00:00:00-04:00,1.7547603917409138,1.7547603917409138,1.7129803824137493,1.7338703870773315,6200,0.0,0.0
1996-06-18 00:00:00-04:00,1.7129803824137493,1.7338703870773315,1.7129803824137493,1.7338703870773315,1000,0.0,0.0
1996-06-19 00:00:00-04:00,1.733870256648344,1.7756502628326416,1.7129802535561953,1.7756502628326416,5900,0.0,0.0
1996-06-20 00:00:00-04:00,1.7965389586043086,1.8174289464950562,1.7965389586043086,1.8174289464950562,3100,0.0,0.0
1996-06-21 00:00:00-04:00,1.8174301345239985,1.8383201360702515,1.8174301345239985,1.8383201360702515,4400,0.0,0.0
1996-06-24 00:00:00-04:00,1.7965401329777457,1.8383201360702515,1.7965401329777457,1.8383201360702515,1100,0.0,0.0
1996-06-25 00:00:00-04:00,1.8174285750056423,1.8174285750056423,1.7756486077641331,1.7965385913848877,2400,0.0,0.0
1996-06-26 00:00:00-04:00,1.7756502628326416,1.7756502628326416,1.7756502628326416,1.7756502628326416,300,0.0,0.0
1996-06-27 00:00:00-04:00,1.7965385913848877,1.7965385913848877,1.7965385913848877,1.7965385913848877,200,0.0,0.0
1996-06-28 00:00:00-04:00,1.8174301345239985,1.8383201360702515,1.8174301345239985,1.8383201360702515,2000,0.0,0.0
1996-07-01 00:00:00-04:00,1.8383201360702515,1.8383201360702515,1.8383201360702515,1.8383201360702515,100,0.0,0.0
1996-07-02 00:00:00-04:00,1.8174289464950562,1.8174289464950562,1.8174289464950562,1.8174289464950562,4600,0.0,0.0
1996-07-03 00:00:00-04:00,1.8174289464950562,1.8174289464950562,1.7965389586043086,1.8174289464950562,1000,0.0,0.0
1996-07-05 00:00:00-04:00,1.8174289464950562,1.8174289464950562,1.8174289464950562,1.8174289464950562,1500,0.0,0.0
1996-07-08 00:00:00-04:00,1.8174289464950562,1.8174289464950562,1.8174289464950562,1.8174289464950562,100,0.0,0.0
1996-07-09 00:00:00-04:00,1.8174289464950562,1.8174289464950562,1.8174289464950562,1.8174289464950562,300,0.0,0.0
1996-07-10 00:00:00-04:00,1.7965385913848877,1.7965385913848877,1.7965385913848877,1.7965385913848877,1200,0.0,0.0
1996-07-11 00:00:00-04:00,1.8174289464950562,1.838318934385804,1.7756489707135608,1.8174289464950562,6800,0.0,0.0
1996-07-12 00:00:00-04:00,1.7965385913848877,1.7965385913848877,1.7965385913848877,1.7965385913848877,500,0.0,0.0
1996-07-15 00:00:00-04:00,1.7965385913848877,1.7965385913848877,1.7965385913848877,1.7965385913848877,1100,0.0,0.0
1996-07-16 00:00:00-04:00,1.817429780960083,1.817429780960083,1.7547597885131836,1.7547597885131836,2800,0.0,0.0
1996-07-17 00:00:00-04:00,1.7547586241433786,1.7965385913848877,1.7547586241433786,1.7965385913848877,2900,0.0,0.0
1996-07-18 00:00:00-04:00,1.7965401329777457,1.8383201360702515,1.7965401329777457,1.8383201360702515,10600,0.0,0.0
1996-07-19 00:00:00-04:00,1.8174285750056423,1.8383185586263966,1.7965385913848877,1.7965385913848877,2100,0.0,0.0
1996-07-22 00:00:00-04:00,1.7965389586043086,1.8174289464950562,1.7965389586043086,1.8174289464950562,3300,0.0,0.0
1996-07-23 00:00:00-04:00,1.8174289464950562,1.8174289464950562,1.8174289464950562,1.8174289464950562,1000,0.0,0.0
1996-07-24 00:00:00-04:00,1.7756497859954834,1.7756497859954834,1.7547597885131836,1.7547597885131836,4700,0.0,0.0
1996-07-25 00:00:00-04:00,1.7756502628326416,1.7756502628326416,1.7756502628326416,1.7756502628326416,100,0.0,0.0
1996-07-26 00:00:00-04:00,1.7965385913848877,1.7965385913848877,1.7965385913848877,1.7965385913848877,200,0.0,0.0
1996-07-29 00:00:00-04:00,1.7965401329777457,1.8383201360702515,1.7965401329777457,1.8383201360702515,3200,0.0,0.0
1996-07-30 00:00:00-04:00,1.8383201360702515,1.8383201360702515,1.8383201360702515,1.8383201360702515,0,0.0,0.0
1996-07-31 00:00:00-04:00,1.8383201360702515,1.8383201360702515,1.8383201360702515,1.8383201360702515,0,0.0,0.0
1996-08-01 00:00:00-04:00,1.8383201360702515,1.8383201360702515,1.8383201360702515,1.8383201360702515,100,0.0,0.0
1996-08-02 00:00:00-04:00,1.8383201360702515,1.8383201360702515,1.8383201360702515,1.8383201360702515,100,0.0,0.0
1996-08-05 00:00:00-04:00,1.838318934385804,1.838318934385804,1.7965389586043086,1.8174289464950562,4100,0.0,0.0
1996-08-06 00:00:00-04:00,1.838318934385804,1.838318934385804,1.8174289464950562,1.8174289464950562,200,0.0,0.0
1996-08-07 00:00:00-04:00,1.8174289464950562,1.8174289464950562,1.8174289464950562,1.8174289464950562,0,0.0,0.0
1996-08-08 00:00:00-04:00,1.8383201360702515,1.8383201360702515,1.8383201360702515,1.8383201360702515,500,0.0,0.0
1996-08-09 00:00:00-04:00,1.8174289464950562,1.8174289464950562,1.8174289464950562,1.8174289464950562,100,0.0,0.0
1996-08-12 00:00:00-04:00,1.7965385913848877,1.7965385913848877,1.7965385913848877,1.7965385913848877,200,0.0,0.0
1996-08-13 00:00:00-04:00,1.7795917987823486,1.7795917987823486,1.7795917987823486,1.7795917987823486,0,0.15,0.0
1996-08-14 00:00:00-04:00,1.779590705345417,1.8431475162506104,1.779590705345417,1.8431475162506104,1700,0.0,0.0
1996-08-15 00:00:00-04:00,1.8431475162506104,1.8431475162506104,1.8431475162506104,1.8431475162506104,1800,0.0,0.0
1996-08-16 00:00:00-04:00,1.821961912615546,1.8431475162506104,1.821961912615546,1.8431475162506104,1200,0.0,0.0
1996-08-19 00:00:00-04:00,1.8431478699485024,1.9278903007507324,1.8431478699485024,1.9278903007507324,8700,0.0,0.0
1996-08-20 00:00:00-04:00,1.9702612847992869,2.118560521289556,1.9702612847992869,2.09737491607666,6900,0.0,0.0
1996-08-21 00:00:00-04:00,2.0761894276267605,2.0761894276267605,2.0126326084136963,2.0126326084136963,3100,0.0,0.0
1996-08-22 00:00:00-04:00,2.033818214818051,2.033818214818051,2.0126326084136963,2.0126326084136963,2900,0.0,0.0
1996-08-23 00:00:00-04:00,2.0338196754455566,2.0338196754455566,2.0338196754455566,2.0338196754455566,400,0.0,0.0
1996-08-26 00:00:00-04:00,2.0338196754455566,2.0338196754455566,2.0338196754455566,2.0338196754455566,4000,0.0,0.0
1996-08-27 00:00:00-04:00,1.9914470020093415,2.0126326084136963,1.9914470020093415,2.0126326084136963,6400,0.0,0.0
1996-08-28 00:00:00-04:00,2.0126331582361336,2.0761899948120117,2.0126331582361336,2.0761899948120117,12500,0.0,0.0
1996-08-29 00:00:00-04:00,2.076189310863765,2.09737491607666,2.076189310863765,2.09737491607666,9900,0.0,0.0
1996-08-30 00:00:00-04:00,2.0550043826200524,2.097375607003971,2.033818770428093,2.0761899948120117,8900,0.0,0.0
1996-09-03 00:00:00-04:00,2.0550043826200524,2.0761899948120117,2.033818770428093,2.0761899948120117,2200,0.0,0.0
1996-09-04 00:00:00-04:00,2.0761909186840057,2.0761909186840057,2.0338196754455566,2.0338196754455566,1600,0.0,0.0
1996-09-05 00:00:00-04:00,2.0338196754455566,2.0338196754455566,2.0338196754455566,2.0338196754455566,300,0.0,0.0
1996-09-06 00:00:00-04:00,2.012633180364649,2.012633180364649,1.9914475679397583,1.9914475679397583,700,0.0,0.0
1996-09-09 00:00:00-04:00,1.8855190853496175,1.9702615161518475,1.8855190853496175,1.9278903007507324,17500,0.0,0.0
1996-09-10 00:00:00-04:00,1.9278903007507324,1.9278903007507324,1.8855190853496175,1.9278903007507324,2400,0.0,0.0
1996-09-11 00:00:00-04:00,1.9067052602767944,1.9067052602767944,1.885519646273719,1.9067052602767944,5900,0.0,0.0
1996-09-12 00:00:00-04:00,1.906706201896239,1.906706201896239,1.8643349529652116,1.885520577430725,7000,0.0,0.0
1996-09-13 00:00:00-04:00,1.8855198418552226,1.8855198418552226,1.8431486094539817,1.864334225654602,3800,0.0,0.0
1996-09-16 00:00:00-04:00,1.8855198820432029,1.8855198820432029,1.7795917987823486,1.7795917987823486,14300,0.0,0.0
1996-09-17 00:00:00-04:00,1.821961912615546,1.864333119885675,1.8007763089804816,1.8431475162506104,25100,0.0,0.0
1996-09-18 00:00:00-04:00,1.8643342256546023,1.8643342256546023,1.8643342256546023,1.864334225654602,3100,0.0,0.0
1996-09-19 00:00:00-04:00,1.8855190853496175,1.9278903007507324,1.8855190853496175,1.9278903007507324,1700,0.0,0.0
1996-09-20 00:00:00-04:00,1.9278901827962776,2.0126326084136963,1.9278901827962776,2.0126326084136963,4400,0.0,0.0
1996-09-23 00:00:00-04:00,2.012632900906592,2.055004119873047,1.991447291423365,2.055004119873047,14700,0.0,0.0
1996-09-24 00:00:00-04:00,2.055004119873047,2.055004119873047,2.055004119873047,2.055004119873047,600,0.0,0.0
1996-09-25 00:00:00-04:00,2.055004119873047,2.055004119873047,2.0338185103898194,2.055004119873047,5200,0.0,0.0
1996-09-26 00:00:00-04:00,2.012632900906592,2.055004119873047,2.012632900906592,2.055004119873047,1500,0.0,0.0
1996-09-27 00:00:00-04:00,2.055004119873047,2.055004119873047,2.055004119873047,2.055004119873047,0,0.0,0.0
1996-09-30 00:00:00-04:00,2.055005297064781,2.055005297064781,1.9914484322071075,2.0338196754455566,4700,0.0,0.0
1996-10-01 00:00:00-04:00,1.9914475679397583,2.012633180364649,1.9914475679397583,1.9914475679397583,2900,0.0,0.0
1996-10-02 00:00:00-04:00,1.991447784567392,1.991447784567392,1.9702621698379517,1.9702621698379517,1200,0.0,0.0
1996-10-03 00:00:00-04:00,1.9490765551085112,1.9702621698379517,1.9490765551085112,1.9702621698379517,2100,0.0,0.0
1996-10-04 00:00:00-04:00,1.9702621698379517,1.991447784567392,1.9702621698379517,1.9702621698379517,5300,0.0,0.0
1996-10-07 00:00:00-04:00,1.9914470020093415,2.0126326084136963,1.9914470020093415,2.0126326084136963,500,0.0,0.0
1996-10-08 00:00:00-04:00,2.0338196754455566,2.0338196754455566,2.0338196754455566,2.0338196754455566,3000,0.0,0.0
1996-10-09 00:00:00-04:00,2.0126326084136963,2.0126326084136963,2.0126326084136963,2.0126326084136963,400,0.0,0.0
1996-10-10 00:00:00-04:00,1.9914470020093415,2.0126326084136963,1.9914470020093415,2.0126326084136963,4400,0.0,0.0
1996-10-11 00:00:00-04:00,1.9914475679397583,1.9914475679397583,1.9914475679397583,1.9914475679397583,600,0.0,0.0
1996-10-14 00:00:00-04:00,1.9914470020093415,2.0126326084136963,1.9914470020093415,2.0126326084136963,1200,0.0,0.0
1996-10-15 00:00:00-04:00,2.012633399296832,2.012633399296832,1.9702621698379517,1.9702621698379517,6000,0.0,0.0
1996-10-16 00:00:00-04:00,1.9702616819401375,2.055004119873047,1.9702616819401375,2.055004119873047,13700,0.0,0.0
1996-10-17 00:00:00-04:00,2.055004119873047,2.055004119873047,2.0338185103898194,2.055004119873047,6300,0.0,0.0
1996-10-18 00:00:00-04:00,2.055005297064781,2.0761909186840057,2.0338196754455566,2.0338196754455566,600,0.0,0.0
1996-10-21 00:00:00-04:00,2.0338196754455566,2.0338196754455566,2.0338196754455566,2.0338196754455566,400,0.0,0.0
1996-10-22 00:00:00-04:00,2.055004119873047,2.055004119873047,2.055004119873047,2.055004119873047,2000,0.0,0.0
1996-10-23 00:00:00-04:00,2.055005297064781,2.055005297064781,2.0338196754455566,2.0338196754455566,300,0.0,0.0
1996-10-24 00:00:00-04:00,2.0550043826200524,2.0761899948120117,2.0550043826200524,2.0761899948120117,1800,0.0,0.0
1996-10-25 00:00:00-04:00,2.0761899948120117,2.0761899948120117,2.033818770428093,2.0761899948120117,3700,0.0,0.0
1996-10-28 00:00:00-05:00,2.076189310863765,2.09737491607666,2.076189310863765,2.09737491607666,1100,0.0,0.0
1996-10-29 00:00:00-05:00,2.09737491607666,2.09737491607666,2.09737491607666,2.09737491607666,0,0.0,0.0
1996-10-30 00:00:00-05:00,2.09737491607666,2.118560521289556,2.09737491607666,2.09737491607666,5600,0.0,0.0
1996-10-31 00:00:00-05:00,2.118561267852783,2.118561267852783,2.118561267852783,2.118561267852783,200,0.0,0.0
1996-11-01 00:00:00-05:00,2.118561267852783,2.118561267852783,2.118561267852783,2.118561267852783,800,0.0,0.0
1996-11-04 00:00:00-05:00,2.097375607003971,2.1185612191959304,2.0761899948120117,2.0761899948120117,4200,0.0,0.0
1996-11-05 00:00:00-05:00,2.0761899948120117,2.0761899948120117,2.0761899948120117,2.0761899948120117,0,0.0,0.0
1996-11-06 00:00:00-05:00,2.0550043826200524,2.0761899948120117,2.0550043826200524,2.0761899948120117,1100,0.0,0.0
1996-11-07 00:00:00-05:00,2.055004119873047,2.055004119873047,2.055004119873047,2.055004119873047,1100,0.0,0.0
1996-11-08 00:00:00-05:00,2.0550043826200524,2.0761899948120117,2.0550043826200524,2.0761899948120117,6600,0.0,0.0
1996-11-11 00:00:00-05:00,2.055004119873047,2.055004119873047,2.055004119873047,2.055004119873047,800,0.0,0.0
1996-11-12 00:00:00-05:00,2.055005297064781,2.0761909186840057,2.0338196754455566,2.0338196754455566,2700,0.0,0.0
1996-11-13 00:00:00-05:00,2.0381092264297163,2.0381092264297163,1.995201663768038,2.016655445098877,3200,0.15,0.0
1996-11-14 00:00:00-05:00,2.0381100848317146,2.0595638751983643,2.0381100848317146,2.0595638751983643,5100,0.0,0.0
1996-11-15 00:00:00-05:00,1.9737487137317657,2.0595638751983643,1.9737487137317657,2.0595638751983643,10700,0.0,0.0
1996-11-18 00:00:00-05:00,2.0595638751983643,2.0595638751983643,2.0595638751983643,2.0595638751983643,2000,0.0,0.0
1996-11-19 00:00:00-05:00,2.0595638751983643,2.0595638751983643,2.0595638751983643,2.0595638751983643,200,0.0,0.0
1996-11-20 00:00:00-05:00,2.0595638751983643,2.0595638751983643,2.0595638751983643,2.0595638751983643,2600,0.0,0.0
1996-11-21 00:00:00-05:00,2.0595638751983643,2.0595638751983643,2.0595638751983643,2.0595638751983643,500,0.0,0.0
1996-11-22 00:00:00-05:00,2.0595630077605556,2.0595630077605556,2.016655445098877,2.016655445098877,1300,0.0,0.0
1996-11-25 00:00:00-05:00,2.0381092264297163,2.0381092264297163,1.995201663768038,2.016655445098877,1000,0.0,0.0
1996-11-26 00:00:00-05:00,2.016655445098877,2.016655445098877,2.016655445098877,2.016655445098877,100,0.0,0.0
1996-11-27 00:00:00-05:00,2.016655445098877,2.016655445098877,2.016655445098877,2.016655445098877,1000,0.0,0.0
1996-11-29 00:00:00-05:00,2.016655445098877,2.016655445098877,2.016655445098877,2.016655445098877,0,0.0,0.0
1996-12-02 00:00:00-05:00,2.0166557562978644,2.038109540939331,2.0166557562978644,2.038109540939331,2000,0.0,0.0
1996-12-03 00:00:00-05:00,2.0166559706452074,2.0166559706452074,1.9737483968016922,1.9952021837234497,1800,0.0,0.0
1996-12-04 00:00:00-05:00,1.9737483968016922,1.9952021837234497,1.9737483968016922,1.9952021837234497,1000,0.0,0.0
1996-12-05 00:00:00-05:00,1.995201663768038,2.016655445098877,1.995201663768038,2.016655445098877,1800,0.0,0.0
1996-12-06 00:00:00-05:00,2.0166557562978644,2.038109540939331,2.0166557562978644,2.038109540939331,3000,0.0,0.0
1996-12-09 00:00:00-05:00,2.016655874252319,2.016655874252319,1.9308407306671143,1.9308407306671143,13900,0.0,0.0
1996-12-10 00:00:00-05:00,1.930841502178921,1.930841502178921,1.9093877077102661,1.9093877077102661,4500,0.0,0.0
1996-12-11 00:00:00-05:00,1.8879339132416115,1.9093877077102661,1.8879339132416115,1.9093877077102661,5300,0.0,0.0
1996-12-12 00:00:00-05:00,1.8879333734512327,1.8879333734512327,1.8879333734512327,1.887933373451233,7800,0.0,0.0
1996-12-13 00:00:00-05:00,1.8879331588745116,1.9308407306671143,1.8879331588745116,1.9308407306671143,13500,0.0,0.0
1996-12-16 00:00:00-05:00,1.9093863151885653,1.952293872833252,1.9093863151885653,1.952293872833252,9100,0.0,0.0
1996-12-17 00:00:00-05:00,1.952293872833252,1.952293872833252,1.9308400940109087,1.952293872833252,3200,0.0,0.0
1996-12-18 00:00:00-05:00,1.952293872833252,1.952293872833252,1.952293872833252,1.952293872833252,500,0.0,0.0
1996-12-19 00:00:00-05:00,1.952293872833252,1.952293872833252,1.952293872833252,1.952293872833252,3000,0.0,0.0
1996-12-20 00:00:00-05:00,1.9308400940109087,1.952293872833252,1.9308400940109087,1.952293872833252,1600,0.0,0.0
1996-12-23 00:00:00-05:00,1.909386944770813,1.9308407306671143,1.909386944770813,1.9308407306671143,2000,0.0,0.0
1996-12-24 00:00:00-05:00,1.9308407306671143,1.9308407306671143,1.9308407306671143,1.9308407306671143,100,0.0,0.0
1996-12-26 00:00:00-05:00,1.909386944770813,1.9308407306671143,1.8879331588745116,1.9308407306671143,2800,0.0,0.0
1996-12-27 00:00:00-05:00,1.930841502178921,1.9522952966475755,1.9093877077102661,1.9093877077102661,4900,0.0,0.0
1996-12-30 00:00:00-05:00,1.952293872833252,1.952293872833252,1.9093863151885653,1.952293872833252,6800,0.0,0.0
1996-12-31 00:00:00-05:00,1.9737476516555954,1.9952014304779389,1.952293872833252,1.952293872833252,9900,0.0,0.0
1997-01-02 00:00:00-05:00,1.9308406177319979,2.038109540939331,1.9308406177319979,2.038109540939331,6100,0.0,0.0
1997-01-03 00:00:00-05:00,2.0381094499961616,2.081017017364502,2.0381094499961616,2.081017017364502,3300,0.0,0.0
1997-01-06 00:00:00-05:00,2.102470624564898,2.1668319702148438,2.0810168426815827,2.1668319702148438,12900,0.0,0.0
1997-01-07 00:00:00-05:00,2.188286865983054,2.295555830001831,2.188286865983054,2.295555830001831,13200,0.0,0.0
1997-01-08 00:00:00-05:00,2.2741012573242188,2.2741012573242188,2.2526474718777636,2.2741012573242188,2000,0.0,0.0
1997-01-09 00:00:00-05:00,2.274100930602462,2.3170084953308105,2.274100930602462,2.3170084953308105,2800,0.0,0.0
1997-01-10 00:00:00-05:00,2.2955550427706735,2.3170088282171286,2.2741012573242188,2.2741012573242188,4400,0.0,0.0
1997-01-13 00:00:00-05:00,2.2741012573242188,2.2741012573242188,2.2741012573242188,2.2741012573242188,0,0.0,0.0
1997-01-14 00:00:00-05:00,2.2955547129666365,2.3384622776949846,2.2955547129666365,2.3170084953308105,1000,0.0,0.0
1997-01-15 00:00:00-05:00,2.2741012573242188,2.2741012573242188,2.2741012573242188,2.2741012573242188,1300,0.0,0.0
1997-01-16 00:00:00-05:00,2.252647876739502,2.274101666041783,2.252647876739502,2.252647876739502,300,0.0,0.0
1997-01-17 00:00:00-05:00,2.2741012573242188,2.2741012573242188,2.2526474718777636,2.2741012573242188,800,0.0,0.0
1997-01-20 00:00:00-05:00,2.2955547129666365,2.3170084953308105,2.2955547129666365,2.3170084953308105,4500,0.0,0.0
1997-01-21 00:00:00-05:00,2.2955550427706735,2.2955550427706735,2.2526474718777636,2.2741012573242188,6200,0.0,0.0
1997-01-22 00:00:00-05:00,2.2955548946674056,2.2955548946674056,2.2311935424804688,2.2311935424804688,1500,0.0,0.0
1997-01-23 00:00:00-05:00,2.2311934684086774,2.2311934684086774,2.2097396850585938,2.2097396850585938,1100,0.0,0.0
1997-01-24 00:00:00-05:00,2.1668319702148438,2.1668319702148438,2.1668319702148438,2.1668319702148438,1000,0.0,0.0
1997-01-27 00:00:00-05:00,2.145378276555225,2.145378276555225,2.123924493789673,2.123924493789673,9400,0.0,0.0
1997-01-28 00:00:00-05:00,2.1239250397682192,2.145378828048706,2.1239250397682192,2.145378828048706,3800,0.0,0.0
1997-01-29 00:00:00-05:00,2.1453790366649628,2.1453790366649628,2.0595638751983643,2.0595638751983643,11800,0.0,0.0
1997-01-30 00:00:00-05:00,2.081017017364502,2.1239245847328423,2.081017017364502,2.081017017364502,6100,0.0,0.0
1997-01-31 00:00:00-05:00,2.081017562321254,2.102471351623535,2.081017562321254,2.102471351623535,400,0.0,0.0
1997-02-03 00:00:00-05:00,2.1024707110241208,2.123924493789673,2.1024707110241208,2.123924493789673,700,0.0,0.0
1997-02-04 00:00:00-05:00,2.145378828048706,2.145378828048706,2.145378828048706,2.145378828048706,200,0.0,0.0
1997-02-05 00:00:00-05:00,2.145378828048706,2.145378828048706,2.145378828048706,2.145378828048706,400,0.0,0.0
1997-02-06 00:00:00-05:00,2.123925140925816,2.123925140925816,2.102471351623535,2.102471351623535,900,0.0,0.0
1997-02-07 00:00:00-05:00,2.1024714559316635,2.1024714559316635,2.0595638751983643,2.0595638751983643,5900,0.0,0.0
1997-02-10 00:00:00-05:00,2.0381100848317146,2.0595638751983643,2.0381100848317146,2.0595638751983643,1500,0.0,0.0
1997-02-11 00:00:00-05:00,2.081017017364502,2.081017017364502,2.081017017364502,2.081017017364502,100,0.0,0.0
1997-02-12 00:00:00-05:00,2.0679565767447152,2.089724540710449,2.0679565767447152,2.089724540710449,500,0.175,0.0
1997-02-13 00:00:00-05:00,2.1332603801380503,2.1550283432006836,2.1332603801380503,2.1550283432006836,3500,0.0,0.0
1997-02-14 00:00:00-05:00,2.1767961978912354,2.1767961978912354,2.1767961978912354,2.1767961978912354,400,0.0,0.0
1997-02-18 00:00:00-05:00,2.1550283432006836,2.1550283432006836,2.1550283432006836,2.1550283432006836,1000,0.0,0.0
1997-02-19 00:00:00-05:00,2.1767961978912354,2.1767961978912354,2.1550282359123227,2.1767961978912354,2900,0.0,0.0
1997-02-20 00:00:00-05:00,2.1332614421844482,2.1332614421844482,2.1332614421844482,2.1332614421844482,800,0.0,0.0
1997-02-21 00:00:00-05:00,2.1114923119544984,2.1767961978912354,2.1114923119544984,2.1767961978912354,6600,0.0,0.0
1997-02-24 00:00:00-05:00,2.1767961978912354,2.1767961978912354,2.1767961978912354,2.1767961978912354,200,0.0,0.0
1997-02-25 00:00:00-05:00,2.1767961978912354,2.1985641598701475,2.1767961978912354,2.1767961978912354,2700,0.0,0.0
1997-02-26 00:00:00-05:00,2.1550294160842896,2.1550294160842896,2.1332614421844482,2.1332614421844482,4800,0.0,0.0
1997-02-27 00:00:00-05:00,2.089724540710449,2.089724540710449,2.0679565767447152,2.089724540710449,3300,0.0,0.0
1997-02-28 00:00:00-05:00,2.11149263381958,2.11149263381958,2.11149263381958,2.11149263381958,600,0.0,0.0
1997-03-03 00:00:00-05:00,2.1332614421844482,2.1332614421844482,2.111493468284607,2.1332614421844482,2300,0.0,0.0
1997-03-04 00:00:00-05:00,2.111493468284607,2.1332614421844482,2.111493468284607,2.1332614421844482,500,0.0,0.0
1997-03-05 00:00:00-05:00,2.1332614421844482,2.1332614421844482,2.1332614421844482,2.1332614421844482,3100,0.0,0.0
1997-03-06 00:00:00-05:00,2.1332604686419168,2.1332604686419168,2.089724540710449,2.089724540710449,1800,0.0,0.0
1997-03-07 00:00:00-05:00,2.1114925046761828,2.1114925046761828,2.089724540710449,2.089724540710449,1100,0.0,0.0
1997-03-10 00:00:00-05:00,2.089724668522471,2.11149263381958,2.089724668522471,2.11149263381958,6000,0.0,0.0
1997-03-11 00:00:00-05:00,2.11149263381958,2.11149263381958,2.11149263381958,2.11149263381958,0,0.0,0.0
1997-03-12 00:00:00-05:00,2.11149263381958,2.11149263381958,2.11149263381958,2.11149263381958,2400,0.0,0.0
1997-03-13 00:00:00-05:00,2.11149263381958,2.11149263381958,2.089724668522471,2.11149263381958,7800,0.0,0.0
1997-03-14 00:00:00-05:00,2.11149263381958,2.11149263381958,2.11149263381958,2.11149263381958,0,0.0,0.0
1997-03-17 00:00:00-05:00,2.11149263381958,2.11149263381958,2.089724668522471,2.11149263381958,800,0.0,0.0
1997-03-18 00:00:00-05:00,2.11149263381958,2.11149263381958,2.089724668522471,2.11149263381958,3000,0.0,0.0
1997-03-19 00:00:00-05:00,2.0897244102076478,2.1114923728139776,2.0679564476013184,2.0679564476013184,2800,0.0,0.0
1997-03-20 00:00:00-05:00,2.089724540710449,2.089724540710449,2.089724540710449,2.089724540710449,1500,0.0,0.0
1997-03-21 00:00:00-05:00,2.089724668522471,2.11149263381958,2.089724668522471,2.11149263381958,5600,0.0,0.0
1997-03-24 00:00:00-05:00,2.11149263381958,2.11149263381958,2.11149263381958,2.11149263381958,4900,0.0,0.0
1997-03-25 00:00:00-05:00,2.0679565767447152,2.089724540710449,2.0679565767447152,2.089724540710449,800,0.0,0.0
1997-03-26 00:00:00-05:00,2.0679575204849243,2.1332614421844482,2.0679575204849243,2.1332614421844482,6800,0.0,0.0
1997-03-27 00:00:00-05:00,2.1332614421844482,2.1550294160842896,2.1332614421844482,2.1332614421844482,5000,0.0,0.0
1997-03-31 00:00:00-05:00,2.089724540710449,2.089724540710449,2.0461886127789812,2.089724540710449,3300,0.0,0.0
1997-04-01 00:00:00-05:00,2.0679564476013184,2.0679564476013184,2.0679564476013184,2.0679564476013184,400,0.0,0.0
1997-04-02 00:00:00-05:00,2.089724540710449,2.089724540710449,2.089724540710449,2.089724540710449,900,0.0,0.0
1997-04-03 00:00:00-05:00,2.046189308166504,2.046189308166504,2.046189308166504,2.046189308166504,1000,0.0,0.0
1997-04-04 00:00:00-05:00,2.0897244102076478,2.1114923728139776,2.0679564476013184,2.0679564476013184,5700,0.0,0.0
1997-04-07 00:00:00-04:00,2.133260599116689,2.133260599116689,2.11149263381958,2.11149263381958,8500,0.0,0.0
1997-04-08 00:00:00-04:00,2.0897244102076478,2.0897244102076478,2.0679564476013184,2.0679564476013184,1600,0.0,0.0
1997-04-09 00:00:00-04:00,2.089724540710449,2.089724540710449,2.0679565767447152,2.089724540710449,3900,0.0,0.0
1997-04-10 00:00:00-04:00,2.089724540710449,2.089724540710449,2.089724540710449,2.089724540710449,0,0.0,0.0
1997-04-11 00:00:00-04:00,2.067957279529977,2.067957279529977,2.046189308166504,2.046189308166504,1200,0.0,0.0
1997-04-14 00:00:00-04:00,2.024421090665071,2.024421090665071,2.002653121948242,2.002653121948242,7100,0.0,0.0
1997-04-15 00:00:00-04:00,1.9591161012649536,1.9808840579456752,1.9591161012649536,1.9591161012649536,7200,0.0,0.0
1997-04-16 00:00:00-04:00,1.9591161012649536,1.9591161012649536,1.9591161012649536,1.9591161012649536,2200,0.0,0.0
1997-04-17 00:00:00-04:00,1.9808840579456752,1.9808840579456752,1.9591161012649536,1.9591161012649536,22200,0.0,0.0
1997-04-18 00:00:00-04:00,1.9155812317065979,1.9373492002487183,1.8938132631644775,1.9373492002487183,8900,0.0,0.0
1997-04-21 00:00:00-04:00,1.9155812317065979,1.9591171687908386,1.9155812317065979,1.9373492002487183,8600,0.0,0.0
1997-04-22 00:00:00-04:00,1.9591163540934466,1.9808843135833738,1.9373483946035195,1.980884313583374,4200,0.0,0.0
1997-04-23 00:00:00-04:00,2.002653365439557,2.067957279529977,2.002653365439557,2.046189308166504,9400,0.0,0.0
1997-04-24 00:00:00-04:00,2.0679570280987285,2.0679570280987285,2.002653121948242,2.002653121948242,4400,0.0,0.0
1997-04-25 00:00:00-04:00,2.0244204998016357,2.0244204998016357,1.9808845750747188,2.0244204998016357,4100,0.0,0.0
1997-04-28 00:00:00-04:00,2.0679564476013184,2.0897244102076478,2.0679564476013184,2.0679564476013184,7300,0.0,0.0
1997-04-29 00:00:00-04:00,2.067957279529977,2.067957279529977,2.046189308166504,2.046189308166504,3100,0.0,0.0
1997-04-30 00:00:00-04:00,2.0244204998016357,2.0244204998016357,2.0244204998016357,2.0244204998016357,900,0.0,0.0
1997-05-01 00:00:00-04:00,2.0244202325632283,2.0244202325632283,1.9808843135833738,1.980884313583374,2900,0.0,0.0
1997-05-02 00:00:00-04:00,2.0026526848475137,2.089724540710449,2.0026526848475137,2.089724540710449,8400,0.0,0.0
1997-05-05 00:00:00-04:00,2.0679565767447152,2.089724540710449,2.0679565767447152,2.089724540710449,4200,0.0,0.0
1997-05-06 00:00:00-04:00,2.1114923728139776,2.1114923728139776,2.0679564476013184,2.0679564476013184,2200,0.0,0.0
1997-05-07 00:00:00-04:00,2.0244205223886587,2.0897244102076478,2.0244205223886587,2.0679564476013184,1500,0.0,0.0
1997-05-08 00:00:00-04:00,2.046188462165094,2.067956424528553,2.0244204998016357,2.0244204998016357,6700,0.0,0.0
1997-05-09 00:00:00-04:00,2.0461884849949885,2.0679564476013184,2.0461884849949885,2.0679564476013184,800,0.0,0.0
1997-05-12 00:00:00-04:00,2.0679564476013184,2.0679564476013184,2.0679564476013184,2.0679564476013184,1500,0.0,0.0
1997-05-13 00:00:00-04:00,2.087840924871729,2.0988877022520023,2.076794147491455,2.076794147491455,2700,0.175,0.0
1997-05-14 00:00:00-04:00,2.0547005927309074,2.076794147491455,2.0547005927309074,2.076794147491455,800,0.0,0.0
1997-05-15 00:00:00-04:00,2.07679416800058,2.07679416800058,2.0547006130218506,2.0547006130218506,3000,0.0,0.0
1997-05-16 00:00:00-04:00,2.07679416800058,2.07679416800058,2.0547006130218506,2.0547006130218506,1500,0.0,0.0
1997-05-19 00:00:00-04:00,2.0326070379703602,2.076794147491455,2.0326070379703602,2.076794147491455,1800,0.0,0.0
1997-05-20 00:00:00-04:00,2.098886251449585,2.120979790938528,2.098886251449585,2.098886251449585,5000,0.0,0.0
1997-05-21 00:00:00-04:00,2.098886251449585,2.098886251449585,2.098886251449585,2.098886251449585,400,0.0,0.0
1997-05-22 00:00:00-04:00,2.098886251449585,2.098886251449585,2.0767927119606417,2.098886251449585,1900,0.0,0.0
1997-05-23 00:00:00-04:00,2.076794147491455,2.1651683665336448,2.076794147491455,2.076794147491455,13900,0.0,0.0
1997-05-27 00:00:00-04:00,2.0547005927309074,2.076794147491455,2.043653815350634,2.076794147491455,7500,0.0,0.0
1997-05-28 00:00:00-04:00,2.0657473905112154,2.1099345004686745,2.0547006130218506,2.0547006130218506,8800,0.0,0.0
1997-05-29 00:00:00-04:00,2.043653815350634,2.0988877022520023,2.043653815350634,2.076794147491455,1800,0.0,0.0
1997-05-30 00:00:00-04:00,2.032607078552246,2.032607078552246,2.032607078552246,2.032607078552246,200,0.0,0.0
1997-06-02 00:00:00-04:00,2.0547006130218506,2.0547006130218506,2.032607058043121,2.0547006130218506,7600,0.0,0.0
1997-06-03 00:00:00-04:00,2.032607078552246,2.032607078552246,2.032607078552246,2.032607078552246,1000,0.0,0.0
1997-06-04 00:00:00-04:00,2.0215598423402388,2.0215598423402388,1.9884195170559726,2.0105130672454834,11900,0.0,0.0
1997-06-05 00:00:00-04:00,2.0105129267718342,2.0436532497406006,1.9884193781259898,2.0436532497406006,4300,0.0,0.0
1997-06-06 00:00:00-04:00,2.032607078552246,2.032607078552246,2.032607078552246,2.032607078552246,2000,0.0,0.0
1997-06-09 00:00:00-04:00,2.0105135233505913,2.032607078552246,2.0105135233505913,2.032607078552246,7500,0.0,0.0
1997-06-10 00:00:00-04:00,2.0547006130218506,2.0547006130218506,2.032607058043121,2.0547006130218506,3700,0.0,0.0
1997-06-11 00:00:00-04:00,2.0547006130218506,2.0547006130218506,2.032607058043121,2.0547006130218506,3300,0.0,0.0
1997-06-12 00:00:00-04:00,2.0547005927309074,2.076794147491455,2.0326070379703602,2.076794147491455,9300,0.0,0.0
1997-06-13 00:00:00-04:00,2.076794107755025,2.120981216430664,2.076794107755025,2.120981216430664,5400,0.0,0.0
1997-06-16 00:00:00-04:00,2.0988875722128246,2.0988875722128246,2.0878407955169678,2.0878407955169678,800,0.0,0.0
1997-06-17 00:00:00-04:00,2.08783912786188,2.08783912786188,2.0436520563727396,2.0657455921173096,4800,0.0,0.0
1997-06-18 00:00:00-04:00,2.032607078552246,2.032607078552246,2.032607078552246,2.032607078552246,3100,0.0,0.0
1997-06-19 00:00:00-04:00,2.0547005927309074,2.076794147491455,2.0547005927309074,2.076794147491455,7100,0.0,0.0
1997-06-20 00:00:00-04:00,2.076794147491455,2.076794147491455,2.0547005927309074,2.076794147491455,3100,0.0,0.0
1997-06-23 00:00:00-04:00,2.032607078552246,2.032607078552246,1.9884199681489365,2.032607078552246,26800,0.0,0.0
1997-06-24 00:00:00-04:00,2.054700633753901,2.054700633753901,2.0105135233505913,2.032607078552246,7000,0.0,0.0
1997-06-25 00:00:00-04:00,2.0105135233505913,2.0657474113547285,2.0105135233505913,2.032607078552246,5200,0.0,0.0
1997-06-26 00:00:00-04:00,2.032607078552246,2.032607078552246,2.032607078552246,2.032607078552246,4000,0.0,0.0
1997-06-27 00:00:00-04:00,2.032607078552246,2.032607078552246,2.032607078552246,2.032607078552246,3500,0.0,0.0
1997-06-30 00:00:00-04:00,1.9884197619738502,2.0105133148846708,1.944232656152209,1.9994665384292603,11900,0.0,0.0
1997-07-01 00:00:00-04:00,2.0105130672454834,2.032606617434994,2.0105130672454834,2.0105130672454834,10600,0.0,0.0
1997-07-02 00:00:00-04:00,2.0105130672454834,2.0105130672454834,2.0105130672454834,2.0105130672454834,300,0.0,0.0
1997-07-03 00:00:00-04:00,2.0105135233505913,2.054700633753901,2.0105135233505913,2.032607078552246,8400,0.0,0.0
1997-07-07 00:00:00-04:00,2.010512940870608,2.032606489671384,2.010512940870608,2.021559715270996,2400,0.0,0.0
1997-07-08 00:00:00-04:00,2.0436532497406006,2.0436532497406006,2.0436532497406006,2.0436532497406006,1900,0.0,0.0
1997-07-09 00:00:00-04:00,2.032607078552246,2.032607078552246,2.032607078552246,2.032607078552246,5700,0.0,0.0
1997-07-10 00:00:00-04:00,2.0326064754176785,2.0436532497406006,2.0326064754176785,2.0436532497406006,6000,0.0,0.0
1997-07-11 00:00:00-04:00,2.0547000240635227,2.065746798386445,2.0326064754176785,2.0436532497406006,3800,0.0,0.0
1997-07-14 00:00:00-04:00,2.032607078552246,2.054700633753901,2.0105135233505913,2.032607078552246,6400,0.0,0.0
1997-07-15 00:00:00-04:00,2.032607078552246,2.054700633753901,2.0105135233505913,2.032607078552246,11000,0.0,0.0
1997-07-16 00:00:00-04:00,2.032606617434994,2.032606617434994,2.0105130672454834,2.0105130672454834,12400,0.0,0.0
1997-07-17 00:00:00-04:00,2.0105135233505913,2.054700633753901,2.0105135233505913,2.032607078552246,2400,0.0,0.0
1997-07-18 00:00:00-04:00,2.032607078552246,2.032607078552246,2.032607078552246,2.032607078552246,400,0.0,0.0
1997-07-21 00:00:00-04:00,2.0547005927309074,2.076794147491455,2.0547005927309074,2.076794147491455,6500,0.0,0.0
1997-07-22 00:00:00-04:00,2.0547005927309074,2.076794147491455,2.0326070379703602,2.076794147491455,5400,0.0,0.0
1997-07-23 00:00:00-04:00,2.0878407955169678,2.0878407955169678,2.0878407955169678,2.0878407955169678,700,0.0,0.0
1997-07-24 00:00:00-04:00,2.0657473701111813,2.076794147491455,2.0657473701111813,2.076794147491455,800,0.0,0.0
1997-07-25 00:00:00-04:00,2.0878394817051134,2.098886251449585,2.0767927119606417,2.098886251449585,5200,0.0,0.0
1997-07-28 00:00:00-04:00,2.0767927119606417,2.098886251449585,2.0767927119606417,2.098886251449585,3000,0.0,0.0
1997-07-29 00:00:00-04:00,2.076794147491455,2.076794147491455,2.076794147491455,2.076794147491455,600,0.0,0.0
1997-07-30 00:00:00-04:00,2.098886251449585,2.098886251449585,2.0767927119606417,2.098886251449585,1800,0.0,0.0
1997-07-31 00:00:00-04:00,2.098886251449585,2.098886251449585,2.054699172471699,2.098886251449585,2000,0.0,0.0
1997-08-01 00:00:00-04:00,2.07679416800058,2.07679416800058,2.0547006130218506,2.0547006130218506,1800,0.0,0.0
1997-08-04 00:00:00-04:00,2.0546988242450244,2.0767923599895948,2.0546988242450244,2.0657455921173096,3600,0.0,0.0
1997-08-05 00:00:00-04:00,2.0657473701111813,2.076794147491455,2.0657473701111813,2.076794147491455,8500,0.0,0.0
1997-08-06 00:00:00-04:00,2.0988876426342835,2.1430747509002686,2.0988876426342835,2.1430747509002686,10500,0.0,0.0
1997-08-07 00:00:00-04:00,2.1430747509002686,2.1430747509002686,2.120981196767276,2.1430747509002686,500,0.0,0.0
1997-08-08 00:00:00-04:00,2.1430754393947367,2.1651690006256104,2.1430754393947367,2.1651690006256104,8800,0.0,0.0
1997-08-11 00:00:00-04:00,2.1430739109332744,2.1651674564068135,2.1430739109332744,2.154120683670044,10600,0.0,0.0
1997-08-12 00:00:00-04:00,2.1872618198394775,2.1872618198394775,2.154121489235849,2.1872618198394775,27400,0.0,0.0
1997-08-13 00:00:00-04:00,2.196226081267226,2.2074313163757324,2.196226081267226,2.2074313163757324,400,0.175,0.0
1997-08-14 00:00:00-04:00,2.2074299494425453,2.2074299494425453,2.1850194931030273,2.1850194931030273,1100,0.0,0.0
1997-08-15 00:00:00-04:00,2.1850203903097856,2.1850203903097856,2.1289942264556885,2.1289942264556885,2600,0.0,0.0
1997-08-18 00:00:00-04:00,2.084174156188965,2.084174156188965,2.084174156188965,2.084174156188965,1000,0.0,0.0
1997-08-19 00:00:00-04:00,2.1065837609140496,2.1289942264556885,2.0953785281432302,2.1289942264556885,1800,0.0,0.0
1997-08-20 00:00:00-04:00,2.1289951057844263,2.1289951057844263,2.084174156188965,2.084174156188965,3100,0.0,0.0
1997-08-21 00:00:00-04:00,2.061762809753418,2.061762809753418,2.061762809753418,2.061762809753418,200,0.0,0.0
1997-08-22 00:00:00-04:00,2.0841736032607705,2.106584072113037,2.0841736032607705,2.106584072113037,8200,0.0,0.0
1997-08-25 00:00:00-04:00,2.0841732750768247,2.0841732750768247,2.061762809753418,2.061762809753418,2100,0.0,0.0
1997-08-26 00:00:00-04:00,2.0393513705279376,2.106582734391496,2.0393513705279376,2.072967052459717,11100,0.0,0.0
1997-08-27 00:00:00-04:00,2.061762809753418,2.072968042415121,2.061762809753418,2.061762809753418,1900,0.0,0.0
1997-08-28 00:00:00-04:00,2.084174156188965,2.084174156188965,2.084174156188965,2.084174156188965,1800,0.0,0.0
1997-08-29 00:00:00-04:00,2.061762809753418,2.0841732750768247,2.061762809753418,2.061762809753418,1200,0.0,0.0
1997-09-02 00:00:00-04:00,2.0841742697216215,2.1289952217586454,2.0841742697216215,2.1177899837493896,2800,0.0,0.0
1997-09-03 00:00:00-04:00,2.1514041423797607,2.1514041423797607,2.1514041423797607,2.1514041423797607,1000,0.0,0.0
1997-09-04 00:00:00-04:00,2.1738146021962166,2.1738146021962166,2.1514041423797607,2.1514041423797607,15000,0.0,0.0
1997-09-05 00:00:00-04:00,2.1514041423797607,2.1514041423797607,2.1514041423797607,2.1514041423797607,100,0.0,0.0
1997-09-08 00:00:00-04:00,2.1514041423797607,2.1514041423797607,2.1514041423797607,2.1514041423797607,5200,0.0,0.0
1997-09-09 00:00:00-04:00,2.1514038400551705,2.173814296722412,2.1514038400551705,2.173814296722412,1100,0.0,0.0
1997-09-10 00:00:00-04:00,2.1289941189820283,2.1738150478027025,2.1289941189820283,2.162609815597534,2600,0.0,0.0
1997-09-11 00:00:00-04:00,2.140198912471533,2.1514041423797607,2.140198912471533,2.1514041423797607,800,0.0,0.0
1997-09-12 00:00:00-04:00,2.128994190256009,2.1401994228363037,2.128994190256009,2.1401994228363037,3200,0.0,0.0
1997-09-15 00:00:00-04:00,2.106584072113037,2.106584072113037,2.106584072113037,2.106584072113037,500,0.0,0.0
1997-09-16 00:00:00-04:00,2.1289942264556885,2.1289942264556885,2.084173295372411,2.1289942264556885,1500,0.0,0.0
1997-09-17 00:00:00-04:00,2.1289952217586454,2.1402004597679016,2.1177899837493896,2.1177899837493896,1600,0.0,0.0
1997-09-18 00:00:00-04:00,2.106584072113037,2.106584072113037,2.106584072113037,2.106584072113037,200,0.0,0.0
1997-09-19 00:00:00-04:00,2.084174156188965,2.1065846309866956,2.084174156188965,2.084174156188965,1500,0.0,0.0
1997-09-22 00:00:00-04:00,2.061762642074417,2.0729678738248216,2.0393521785736084,2.0393521785736084,1100,0.0,0.0
1997-09-23 00:00:00-04:00,2.0505578999823713,2.106584072113037,2.0393526655562377,2.106584072113037,7500,0.0,0.0
1997-09-24 00:00:00-04:00,2.061763681391234,2.084174156188965,2.016942731795772,2.084174156188965,12400,0.0,0.0
1997-09-25 00:00:00-04:00,2.1065836309749177,2.1065836309749177,2.0953783988952637,2.0953783988952637,600,0.0,0.0
1997-09-26 00:00:00-04:00,2.072967934735956,2.0953783988952637,2.072967934735956,2.0953783988952637,1000,0.0,0.0
1997-09-29 00:00:00-04:00,2.1065837609140496,2.1289942264556885,2.0953785281432302,2.1289942264556885,5200,0.0,0.0
1997-09-30 00:00:00-04:00,2.1289945409653033,2.1289945409653033,2.106584072113037,2.106584072113037,6000,0.0,0.0
1997-10-01 00:00:00-04:00,2.128994190256009,2.1514046554165986,2.128994190256009,2.1401994228363037,8500,0.0,0.0
1997-10-02 00:00:00-04:00,2.1514041423797607,2.1514041423797607,2.1514041423797607,2.1514041423797607,2500,0.0,0.0
1997-10-03 00:00:00-04:00,2.128993682563305,2.1514041423797607,2.128993682563305,2.1514041423797607,500,0.0,0.0
1997-10-06 00:00:00-04:00,2.1514046919973273,2.1514046919973273,2.1065837609140496,2.1289942264556885,7700,0.0,0.0
1997-10-07 00:00:00-04:00,2.1514046554165986,2.1514046554165986,2.1401994228363037,2.1401994228363037,7900,0.0,0.0
1997-10-08 00:00:00-04:00,2.1514046919973273,2.1514046919973273,2.1289942264556885,2.1289942264556885,4000,0.0,0.0
1997-10-09 00:00:00-04:00,2.106584072113037,2.106584072113037,2.106584072113037,2.106584072113037,2000,0.0,0.0
1997-10-10 00:00:00-04:00,2.1065837609140496,2.1514046919973273,2.1065837609140496,2.1289942264556885,3800,0.0,0.0
1997-10-13 00:00:00-04:00,2.1289942264556885,2.1289942264556885,2.1289942264556885,2.1289942264556885,0,0.0,0.0
1997-10-14 00:00:00-04:00,2.1401994228363037,2.1401994228363037,2.128994190256009,2.1401994228363037,300,0.0,0.0
1997-10-15 00:00:00-04:00,2.1177889576757143,2.1401994228363037,2.1065837250954194,2.1401994228363037,5200,0.0,0.0
1997-10-16 00:00:00-04:00,2.1177899837493896,2.1177899837493896,2.1177899837493896,2.1177899837493896,1600,0.0,0.0
1997-10-17 00:00:00-04:00,2.1065847457401334,2.1289952217586454,2.0953795077308777,2.1177899837493896,3900,0.0,0.0
1997-10-20 00:00:00-04:00,2.1289951057844263,2.1289951057844263,2.084174156188965,2.084174156188965,1200,0.0,0.0
1997-10-21 00:00:00-04:00,2.084173295372411,2.1289942264556885,2.084173295372411,2.1289942264556885,4000,0.0,0.0
1997-10-22 00:00:00-04:00,2.1065837609140496,2.1289942264556885,2.1065837609140496,2.1289942264556885,1600,0.0,0.0
1997-10-23 00:00:00-04:00,2.1065837404002314,2.1065837404002314,2.0393523444300112,2.061762809753418,14800,0.0,0.0
1997-10-24 00:00:00-04:00,2.0393523444300112,2.061762809753418,2.0393523444300112,2.061762809753418,3800,0.0,0.0
1997-10-27 00:00:00-05:00,2.0841732750768247,2.0841732750768247,2.061762809753418,2.061762809753418,2600,0.0,0.0
1997-10-28 00:00:00-05:00,2.061762809753418,2.0841732750768247,2.0169418791066045,2.061762809753418,10500,0.0,0.0
1997-10-29 00:00:00-05:00,2.0841736032607705,2.11778930653917,2.0617631344085043,2.106584072113037,3100,0.0,0.0
1997-10-30 00:00:00-05:00,2.06176279477424,2.1401994228363037,2.0393523296136506,2.1401994228363037,10100,0.0,0.0
1997-10-31 00:00:00-05:00,2.1401994228363037,2.1401994228363037,2.1401994228363037,2.1401994228363037,0,0.0,0.0
1997-11-03 00:00:00-05:00,2.140198912471533,2.1626093722879887,2.106583222746849,2.1514041423797607,2600,0.0,0.0
1997-11-04 00:00:00-05:00,2.14019861172155,2.173814296722412,2.106582926720688,2.173814296722412,5300,0.0,0.0
1997-11-05 00:00:00-05:00,2.173815157538966,2.1850203903097856,2.1065837609140496,2.1289942264556885,10800,0.0,0.0
1997-11-06 00:00:00-05:00,2.1289942264556885,2.1289942264556885,2.1289942264556885,2.1289942264556885,400,0.0,0.0
1997-11-07 00:00:00-05:00,2.106584072113037,2.106584072113037,2.106584072113037,2.106584072113037,1600,0.0,0.0
1997-11-10 00:00:00-05:00,2.140199459226508,2.140199459226508,2.0953785281432302,2.1289942264556885,3000,0.0,0.0
1997-11-11 00:00:00-05:00,2.1514041423797607,2.1514041423797607,2.1514041423797607,2.1514041423797607,2500,0.0,0.0
1997-11-12 00:00:00-05:00,2.162610244243703,2.162610244243703,2.106584072113037,2.106584072113037,9100,0.0,0.0
1997-11-13 00:00:00-05:00,2.1270580015684426,2.161181926727295,2.1270580015684426,2.161181926727295,3300,0.175,0.0
1997-11-14 00:00:00-05:00,2.1384333231115855,2.1384333231115855,2.1156840324401855,2.1156840324401855,6400,0.0,0.0
1997-11-17 00:00:00-05:00,2.115683174651602,2.115683174651602,2.0929338932037354,2.0929338932037354,5800,0.0,0.0
1997-11-18 00:00:00-05:00,2.1156829849202583,2.138432264328003,2.1156829849202583,2.138432264328003,4100,0.0,0.0
1997-11-19 00:00:00-05:00,2.1384308350647934,2.1725547313690186,2.1384308350647934,2.1725547313690186,3500,0.0,0.0
1997-11-20 00:00:00-05:00,2.161181926727295,2.161181926727295,2.161181926727295,2.161181926727295,500,0.0,0.0
1997-11-21 00:00:00-05:00,2.138432264328003,2.138432264328003,2.138432264328003,2.138432264328003,300,0.0,0.0
1997-11-24 00:00:00-05:00,2.161181926727295,2.161181926727295,2.161181926727295,2.161181926727295,200,0.0,0.0
1997-11-25 00:00:00-05:00,2.1725547313690186,2.1725547313690186,2.1725547313690186,2.1725547313690186,700,0.0,0.0
1997-11-26 00:00:00-05:00,2.161181543735748,2.161181543735748,2.138432264328003,2.138432264328003,1400,0.0,0.0
1997-11-28 00:00:00-05:00,2.138432264328003,2.138432264328003,2.138432264328003,2.138432264328003,0,0.0,0.0
1997-12-01 00:00:00-05:00,2.0929337055125137,2.138432264328003,2.0929337055125137,2.138432264328003,2600,0.0,0.0
1997-12-02 00:00:00-05:00,2.1384335220175443,2.149808168411255,2.1384335220175443,2.149808168411255,4000,0.0,0.0
1997-12-03 00:00:00-05:00,2.1725574611986755,2.1725574611986755,2.149808168411255,2.149808168411255,2400,0.0,0.0
1997-12-04 00:00:00-05:00,2.1839306354522705,2.1839306354522705,2.161181357999643,2.1839306354522705,5800,0.0,0.0
1997-12-05 00:00:00-05:00,2.1839306354522705,2.1953052741785846,2.1839306354522705,2.1839306354522705,3400,0.0,0.0
1997-12-08 00:00:00-05:00,2.1725547313690186,2.1725547313690186,2.1725547313690186,2.1725547313690186,300,0.0,0.0
1997-12-09 00:00:00-05:00,2.1839306354522705,2.1839306354522705,2.161181357999643,2.1839306354522705,3700,0.0,0.0
1997-12-10 00:00:00-05:00,2.1839306354522705,2.1839306354522705,2.1839306354522705,2.1839306354522705,1600,0.0,0.0
1997-12-11 00:00:00-05:00,2.161181926727295,2.161181926727295,2.161181926727295,2.161181926727295,2300,0.0,0.0
1997-12-12 00:00:00-05:00,2.161181926727295,2.161181926727295,2.13843264328806,2.161181926727295,7700,0.0,0.0
1997-12-15 00:00:00-05:00,2.161182814804965,2.161182814804965,2.149808168411255,2.149808168411255,200,0.0,0.0
1997-12-16 00:00:00-05:00,2.138432431348505,2.138432431348505,2.1156831501639464,2.1270577907562256,8300,0.0,0.0
1997-12-17 00:00:00-05:00,2.1156831501639464,2.1270577907562256,2.1156831501639464,2.1270577907562256,1300,0.0,0.0
1997-12-18 00:00:00-05:00,2.1270578153755353,2.1270578153755353,2.0929338932037354,2.0929338932037354,2800,0.0,0.0
1997-12-19 00:00:00-05:00,2.1270586777758855,2.1270586777758855,2.1156840324401855,2.1156840324401855,2400,0.0,0.0
1997-12-22 00:00:00-05:00,2.1384333231115855,2.1384333231115855,2.1156840324401855,2.1156840324401855,300,0.0,0.0
1997-12-23 00:00:00-05:00,2.138432264328003,2.138432264328003,2.138432264328003,2.138432264328003,1300,0.0,0.0
1997-12-24 00:00:00-05:00,2.1156840324401855,2.1156840324401855,2.1156840324401855,2.1156840324401855,500,0.0,0.0
1997-12-26 00:00:00-05:00,2.1384333231115855,2.149807968447285,2.1156840324401855,2.1156840324401855,3700,0.0,0.0
1997-12-29 00:00:00-05:00,2.115683006595921,2.115683006595921,2.0929337269551045,2.1043083667755127,3800,0.0,0.0
1997-12-30 00:00:00-05:00,2.115683006595921,2.115683006595921,2.1043083667755127,2.1043083667755127,1500,0.0,0.0
1997-12-31 00:00:00-05:00,2.1156829849202583,2.138432264328003,2.1156829849202583,2.138432264328003,6600,0.0,0.0
1998-01-02 00:00:00-05:00,2.1156829849202583,2.138432264328003,2.0929337055125137,2.138432264328003,3700,0.0,0.0
1998-01-05 00:00:00-05:00,2.115683006595921,2.115683006595921,2.0929337269551045,2.1043083667755127,11700,0.0,0.0
1998-01-06 00:00:00-05:00,2.0929337269551045,2.115683006595921,2.0929337269551045,2.1043083667755127,4100,0.0,0.0
1998-01-07 00:00:00-05:00,2.115683006595921,2.115683006595921,2.0929337269551045,2.1043083667755127,20400,0.0,0.0
1998-01-08 00:00:00-05:00,2.104308345216386,2.138432264328003,2.104308345216386,2.138432264328003,11300,0.0,0.0
1998-01-09 00:00:00-05:00,2.138432264328003,2.1498069040318755,2.1156829849202583,2.138432264328003,10200,0.0,0.0
1998-01-12 00:00:00-05:00,2.1156840324401855,2.1156840324401855,2.1156840324401855,2.1156840324401855,2000,0.0,0.0
1998-01-13 00:00:00-05:00,2.0929347417687856,2.1156840324401855,2.0929347417687856,2.1156840324401855,5200,0.0,0.0
1998-01-14 00:00:00-05:00,2.115683006595921,2.115683006595921,2.1043083667755127,2.1043083667755127,1300,0.0,0.0
1998-01-15 00:00:00-05:00,2.1156833598488256,2.161181926727295,2.1156833598488256,2.161181926727295,6400,0.0,0.0
1998-01-16 00:00:00-05:00,2.149808168411255,2.161182814804965,2.1384335220175443,2.149808168411255,3100,0.0,0.0
1998-01-20 00:00:00-05:00,2.138432264328003,2.138432264328003,2.138432264328003,2.138432264328003,3100,0.0,0.0
1998-01-21 00:00:00-05:00,2.1270586777758855,2.1384333231115855,2.1156840324401855,2.1156840324401855,17700,0.0,0.0
1998-01-22 00:00:00-05:00,2.138432264328003,2.138432264328003,2.138432264328003,2.138432264328003,1900,0.0,0.0
1998-01-23 00:00:00-05:00,2.161182814804965,2.1725574611986755,2.1384335220175443,2.149808168411255,3600,0.0,0.0
1998-01-26 00:00:00-05:00,2.1270586777758855,2.161182613782985,2.1156840324401855,2.1156840324401855,3200,0.0,0.0
1998-01-27 00:00:00-05:00,2.1156840324401855,2.1156840324401855,2.1156840324401855,2.1156840324401855,0,0.0,0.0
1998-01-28 00:00:00-05:00,2.1156829849202583,2.138432264328003,2.1156829849202583,2.138432264328003,5700,0.0,0.0
1998-01-29 00:00:00-05:00,2.138432264328003,2.138432264328003,2.138432264328003,2.138432264328003,1000,0.0,0.0
1998-01-30 00:00:00-05:00,2.138432080547015,2.1839306354522705,2.138432080547015,2.1839306354522705,6600,0.0,0.0
1998-02-02 00:00:00-05:00,2.1953065018264617,2.2294304370880127,2.183931856739278,2.2294304370880127,10600,0.0,0.0
1998-02-03 00:00:00-05:00,2.183930544509101,2.2066798210144043,2.1611812680037983,2.2066798210144043,2800,0.0,0.0
1998-02-04 00:00:00-05:00,2.2294304370880127,2.2294304370880127,2.2294304370880127,2.2294304370880127,800,0.0,0.0
1998-02-05 00:00:00-05:00,2.2066798210144043,2.2066798210144043,2.183930544509101,2.2066798210144043,2100,0.0,0.0
1998-02-06 00:00:00-05:00,2.1839306354522705,2.1839306354522705,2.161181357999643,2.1839306354522705,2100,0.0,0.0
1998-02-09 00:00:00-05:00,2.2066799129048986,2.2066799129048986,2.1839306354522705,2.1839306354522705,1700,0.0,0.0
1998-02-10 00:00:00-05:00,2.1611812680037983,2.2066798210144043,2.1611812680037983,2.2066798210144043,2200,0.0,0.0
1998-02-11 00:00:00-05:00,2.2521781039237974,2.2749273777008057,2.2408034670352937,2.2749273777008057,8000,0.0,0.0
1998-02-12 00:00:00-05:00,2.272620993791167,2.272620993791167,2.2149402579081428,2.2380125522613525,3900,0.175,0.0
1998-02-13 00:00:00-05:00,2.223966433739787,2.2356715202331543,2.177146087766318,2.2356715202331543,8000,0.175,0.0
1998-02-17 00:00:00-05:00,2.235671593497197,2.2473766803741455,2.235671593497197,2.2473766803741455,1600,0.0,0.0
1998-02-18 00:00:00-05:00,2.1888500849405923,2.1888500849405923,2.177145004272461,2.177145004272461,7500,0.0,0.0
1998-02-19 00:00:00-05:00,2.1654405492417355,2.2005558013916016,2.1654405492417355,2.2005558013916016,5600,0.0,0.0
1998-02-20 00:00:00-05:00,2.2005564237895765,2.223966598510742,2.2005564237895765,2.223966598510742,3600,0.0,0.0
1998-02-23 00:00:00-05:00,2.2473763534703206,2.2707865238189697,2.212261097947347,2.2707865238189697,4300,0.0,0.0
1998-02-24 00:00:00-05:00,2.2473766803741455,2.2473766803741455,2.2473766803741455,2.2473766803741455,100,0.0,0.0
1998-02-25 00:00:00-05:00,2.2473766803741455,2.2473766803741455,2.2473766803741455,2.2473766803741455,0,0.0,0.0
1998-02-26 00:00:00-05:00,2.223965326944987,2.223965326944987,2.177145004272461,2.177145004272461,4100,0.0,0.0
1998-02-27 00:00:00-05:00,2.2005564237895765,2.223966598510742,2.177146249068411,2.223966598510742,5000,0.0,0.0
1998-03-02 00:00:00-05:00,2.2005564237895765,2.223966598510742,2.165441161707828,2.223966598510742,5700,0.0,0.0
1998-03-03 00:00:00-05:00,2.2005564237895765,2.223966598510742,2.177146249068411,2.223966598510742,5200,0.0,0.0
1998-03-04 00:00:00-05:00,2.223965969491512,2.223965969491512,2.2005558013916016,2.2005558013916016,2700,0.0,0.0
1998-03-05 00:00:00-05:00,2.20055682570846,2.212261915206909,2.177146646711561,2.212261915206909,7900,0.0,0.0
1998-03-06 00:00:00-05:00,2.1771467433256264,2.2005569233613858,2.1771467433256264,2.188851833343506,5500,0.0,0.0
1998-03-09 00:00:00-05:00,2.1654409623664357,2.1654409623664357,2.153735876083374,2.153735876083374,6200,0.0,0.0
1998-03-10 00:00:00-05:00,2.153735876083374,2.153735876083374,2.153735876083374,2.153735876083374,1900,0.0,0.0
1998-03-11 00:00:00-05:00,2.153736520986088,2.1654416107740557,2.1303263414101523,2.14203143119812,12400,0.0,0.0
1998-03-12 00:00:00-05:00,2.153734526763091,2.1654396057128906,2.153734526763091,2.1654396057128906,3500,0.0,0.0
1998-03-13 00:00:00-05:00,2.177146048649498,2.177146048649498,2.153735876083374,2.153735876083374,3000,0.0,0.0
1998-03-16 00:00:00-05:00,2.153736520986088,2.153736520986088,2.1303263414101523,2.14203143119812,14200,0.0,0.0
1998-03-17 00:00:00-05:00,2.153736520986088,2.1654416107740557,2.14203143119812,2.14203143119812,8800,0.0,0.0
1998-03-18 00:00:00-05:00,2.153735876083374,2.153735876083374,2.153735876083374,2.153735876083374,900,0.0,0.0
1998-03-19 00:00:00-05:00,2.1537361355776286,2.1537361355776286,2.106915784804202,2.1186208724975586,3800,0.0,0.0
1998-03-20 00:00:00-05:00,2.1303257035172503,2.153735876083374,2.1303257035172503,2.153735876083374,8300,0.0,0.0
1998-03-23 00:00:00-05:00,2.153737172975645,2.153737172975645,2.130326986312866,2.130326986312866,1100,0.0,0.0
1998-03-24 00:00:00-05:00,2.153735876083374,2.153735876083374,2.153735876083374,2.153735876083374,15000,0.0,0.0
1998-03-25 00:00:00-05:00,2.1654409623664357,2.1654409623664357,2.1420307898003124,2.153735876083374,13600,0.0,0.0
1998-03-26 00:00:00-05:00,2.153735876083374,2.153735876083374,2.153735876083374,2.153735876083374,1500,0.0,0.0
1998-03-27 00:00:00-05:00,2.153734526763091,2.1654396057128906,2.153734526763091,2.1654396057128906,6000,0.0,0.0
1998-03-30 00:00:00-05:00,2.1654416533077465,2.188851833343506,2.1654416533077465,2.188851833343506,7000,0.0,0.0
1998-03-31 00:00:00-05:00,2.177146048649498,2.177146048649498,2.153735876083374,2.153735876083374,3400,0.0,0.0
1998-04-01 00:00:00-05:00,2.1420307898003124,2.153735876083374,2.1303257035172503,2.153735876083374,3200,0.0,0.0
1998-04-02 00:00:00-05:00,2.142031473271987,2.188851833343506,2.142031473271987,2.188851833343506,10100,0.0,0.0
1998-04-03 00:00:00-05:00,2.2005558013916016,2.2005558013916016,2.2005558013916016,2.2005558013916016,2100,0.0,0.0
1998-04-06 00:00:00-04:00,2.2005558013916016,2.223965969491512,2.2005558013916016,2.2005558013916016,3600,0.0,0.0
1998-04-07 00:00:00-04:00,2.1888500849405923,2.1888500849405923,2.177145004272461,2.177145004272461,3900,0.0,0.0
1998-04-08 00:00:00-04:00,2.177145004272461,2.177145004272461,2.177145004272461,2.177145004272461,200,0.0,0.0
1998-04-09 00:00:00-04:00,2.2005569233613858,2.2005569233613858,2.188851833343506,2.188851833343506,1000,0.0,0.0
1998-04-13 00:00:00-04:00,2.1888497636124895,2.1888497636124895,2.153734526763091,2.1654396057128906,4700,0.0,0.0
1998-04-14 00:00:00-04:00,2.153737172975645,2.153737172975645,2.1069167996500875,2.130326986312866,11200,0.0,0.0
1998-04-15 00:00:00-04:00,2.130326986312866,2.130326986312866,2.130326986312866,2.130326986312866,2900,0.0,0.0
1998-04-16 00:00:00-04:00,2.130326986312866,2.130326986312866,2.1069167996500875,2.130326986312866,7400,0.0,0.0
1998-04-17 00:00:00-04:00,2.130326986312866,2.153737172975645,2.130326986312866,2.130326986312866,2000,0.0,0.0
1998-04-20 00:00:00-04:00,2.153737172975645,2.153737172975645,2.130326986312866,2.130326986312866,8200,0.0,0.0
1998-04-21 00:00:00-04:00,2.1303259601909152,2.1303259601909152,2.106915784804202,2.1186208724975586,2900,0.0,0.0
1998-04-22 00:00:00-04:00,2.13032661014133,2.142031701405843,2.1069164276123047,2.1069164276123047,7600,0.0,0.0
1998-04-23 00:00:00-04:00,2.1303265401104974,2.1303265401104974,2.0952112674713135,2.0952112674713135,4300,0.0,0.0
1998-04-24 00:00:00-04:00,2.1069164276123047,2.13032661014133,2.083506245083279,2.1069164276123047,10600,0.0,0.0
1998-04-27 00:00:00-04:00,2.1303259601909152,2.1303259601909152,2.1186208724975586,2.1186208724975586,3100,0.0,0.0
1998-04-28 00:00:00-04:00,2.130326986312866,2.130326986312866,2.130326986312866,2.130326986312866,2200,0.0,0.0
1998-04-29 00:00:00-04:00,2.1069164276123047,2.1069164276123047,2.083506245083279,2.1069164276123047,1500,0.0,0.0
1998-04-30 00:00:00-04:00,2.095211706318698,2.130326986312866,2.0835066129873088,2.130326986312866,2800,0.0,0.0
1998-05-01 00:00:00-04:00,2.1303263414101523,2.14203143119812,2.1303263414101523,2.14203143119812,2500,0.0,0.0
1998-05-04 00:00:00-04:00,2.153735876083374,2.153735876083374,2.153735876083374,2.153735876083374,2400,0.0,0.0
1998-05-05 00:00:00-04:00,2.130326986312866,2.153737172975645,2.130326986312866,2.130326986312866,1600,0.0,0.0
1998-05-06 00:00:00-04:00,2.153736792670356,2.153736792670356,2.1069164276123047,2.1069164276123047,5300,0.0,0.0
1998-05-07 00:00:00-04:00,2.1303257379639016,2.1303257379639016,2.083505392074585,2.083505392074585,3000,0.0,0.0
1998-05-08 00:00:00-04:00,2.083505243062973,2.083505243062973,2.0600950717926025,2.0600950717926025,8800,0.0,0.0
1998-05-11 00:00:00-04:00,2.071800708770752,2.071800708770752,2.071800708770752,2.071800708770752,1000,0.0,0.0
1998-05-12 00:00:00-04:00,2.0835061765915857,2.1303265401104974,2.0835061765915857,2.0952112674713135,4400,0.0,0.0
1998-05-13 00:00:00-04:00,2.131022102230198,2.1667375564575195,2.131022102230198,2.1667375564575195,400,0.188,0.0
1998-05-14 00:00:00-04:00,2.142926356831535,2.1905469425389024,2.142926356831535,2.1786417961120605,11300,0.0,0.0
1998-05-15 00:00:00-04:00,2.1786425541276517,2.1905477046966553,2.142927102420641,2.1905477046966553,7900,0.0,0.0
1998-05-18 00:00:00-04:00,2.2143568992614746,2.2143568992614746,2.190546610022104,2.2143568992614746,3200,0.0,0.0
1998-05-19 00:00:00-04:00,2.2143568992614746,2.2143568992614746,2.2024517546417894,2.2143568992614746,4100,0.0,0.0
1998-05-20 00:00:00-04:00,2.2143568992614746,2.2143568992614746,2.2143568992614746,2.2143568992614746,0,0.0,0.0
1998-05-21 00:00:00-04:00,2.2143568992614746,2.2143568992614746,2.2143568992614746,2.2143568992614746,1200,0.0,0.0
1998-05-22 00:00:00-04:00,2.202451467514038,2.202451467514038,2.202451467514038,2.202451467514038,2200,0.0,0.0
1998-05-26 00:00:00-04:00,2.226263156403666,2.226263156403666,2.166737403558648,2.1905477046966553,3700,0.0,0.0
1998-05-27 00:00:00-04:00,2.190547641387767,2.190547641387767,2.1072115898132324,2.1072115898132324,4600,0.0,0.0
1998-05-28 00:00:00-04:00,2.1310218902630993,2.1310218902630993,2.1072115898132324,2.1072115898132324,2400,0.0,0.0
1998-05-29 00:00:00-04:00,2.119117339452108,2.142927646636963,2.10721218585968,2.142927646636963,2300,0.0,0.0
1998-06-01 00:00:00-04:00,2.131021210404693,2.1786417961120605,2.131021210404693,2.1786417961120605,4600,0.0,0.0
1998-06-02 00:00:00-04:00,2.1786431074142456,2.1786431074142456,2.142927646636963,2.142927646636963,1400,0.0,0.0
1998-06-03 00:00:00-04:00,2.166737403558648,2.1905477046966553,2.166737403558648,2.1905477046966553,3600,0.0,0.0
1998-06-04 00:00:00-04:00,2.1905477046966553,2.1905477046966553,2.1905477046966553,2.1905477046966553,900,0.0,0.0
1998-06-05 00:00:00-04:00,2.1786417961120605,2.1786417961120605,2.1786417961120605,2.1786417961120605,1000,0.0,0.0
1998-06-08 00:00:00-04:00,2.178642707866627,2.190547859275734,2.1667375564575195,2.1667375564575195,6600,0.0,0.0
1998-06-09 00:00:00-04:00,2.1786428230434822,2.1786428230434822,2.1310222148895264,2.1310222148895264,1100,0.0,0.0
1998-06-10 00:00:00-04:00,2.1191155910491943,2.131020734819134,2.1191155910491943,2.1191155910491943,2900,0.0,0.0
1998-06-11 00:00:00-04:00,2.1310222148895264,2.1310222148895264,2.1310222148895264,2.1310222148895264,600,0.0,0.0
1998-06-12 00:00:00-04:00,2.1191157319329004,2.131020876494321,2.0953054428100586,2.0953054428100586,19400,0.0,0.0
1998-06-15 00:00:00-04:00,2.1072105380467008,2.1072105380467008,2.083400249481201,2.083400249481201,10100,0.0,0.0
1998-06-16 00:00:00-04:00,2.0714961623036583,2.0714961623036583,2.0476858615875244,2.0476858615875244,7300,0.0,0.0
1998-06-17 00:00:00-04:00,2.0476858615875244,2.0476858615875244,2.0357807112294575,2.0476858615875244,15400,0.0,0.0
1998-06-18 00:00:00-04:00,2.0476850038287284,2.071495294570923,2.035779858457631,2.071495294570923,28900,0.0,0.0
1998-06-19 00:00:00-04:00,2.0714961623036583,2.0714961623036583,2.0476858615875244,2.0476858615875244,4000,0.0,0.0
1998-06-22 00:00:00-04:00,2.0476858615875244,2.0476858615875244,2.0476858615875244,2.0476858615875244,2500,0.0,0.0
1998-06-23 00:00:00-04:00,2.0476859297071184,2.0476859297071184,2.000065326690674,2.000065326690674,5100,0.0,0.0
1998-06-24 00:00:00-04:00,2.0238750441032543,2.035780191421509,2.0000647494667456,2.035780191421509,2700,0.0,0.0
1998-06-25 00:00:00-04:00,2.0357807112294575,2.0476858615875244,2.0357807112294575,2.0476858615875244,3800,0.0,0.0
1998-06-26 00:00:00-04:00,2.0476858615875244,2.0476858615875244,2.0000652601552567,2.0476858615875244,8700,0.0,0.0
1998-06-29 00:00:00-04:00,2.0476858615875244,2.0476858615875244,2.0476858615875244,2.0476858615875244,6600,0.0,0.0
1998-06-30 00:00:00-04:00,2.0238755608713905,2.0476858615875244,2.0238755608713905,2.0476858615875244,5700,0.0,0.0
1998-07-01 00:00:00-04:00,2.047684809740852,2.047684809740852,2.023874521255493,2.023874521255493,2800,0.0,0.0
1998-07-02 00:00:00-04:00,2.0357796654981724,2.0357796654981724,2.023874521255493,2.023874521255493,2100,0.0,0.0
1998-07-06 00:00:00-04:00,2.047684809740852,2.047684809740852,2.023874521255493,2.023874521255493,8700,0.0,0.0
1998-07-07 00:00:00-04:00,2.0000642327701343,2.047684809740852,2.0000642327701343,2.023874521255493,22500,0.0,0.0
1998-07-08 00:00:00-04:00,2.023875431196224,2.023875431196224,2.011970281600952,2.011970281600952,7400,0.0,0.0
1998-07-09 00:00:00-04:00,2.0119693770128135,2.023874521255493,2.0119693770128135,2.023874521255493,1600,0.0,0.0
1998-07-10 00:00:00-04:00,2.011970281600952,2.035780580791496,2.011970281600952,2.011970281600952,4300,0.0,0.0
1998-07-13 00:00:00-04:00,2.0119693770128135,2.047684809740852,2.0000642327701343,2.023874521255493,12500,0.0,0.0
1998-07-14 00:00:00-04:00,2.035780191421509,2.095305928012781,2.0000647494667456,2.035780191421509,59700,0.0,0.0
1998-07-15 00:00:00-04:00,2.0238750441032543,2.059590486058018,2.0238750441032543,2.035780191421509,12600,0.0,0.0
1998-07-16 00:00:00-04:00,2.0834013126617257,2.0834013126617257,2.0357807112294575,2.0476858615875244,7900,0.0,0.0
1998-07-17 00:00:00-04:00,2.059591293334961,2.059591293334961,2.059591293334961,2.059591293334961,1400,0.0,0.0
1998-07-20 00:00:00-04:00,2.0357796654981724,2.059589953983531,2.023874521255493,2.023874521255493,7000,0.0,0.0
1998-07-21 00:00:00-04:00,2.023874521255493,2.023874521255493,2.023874521255493,2.023874521255493,1600,0.0,0.0
1998-07-22 00:00:00-04:00,2.0476858615875244,2.0476858615875244,2.0238755608713905,2.0476858615875244,3800,0.0,0.0
1998-07-23 00:00:00-04:00,2.0000642327701343,2.023874521255493,2.0000642327701343,2.023874521255493,6000,0.0,0.0
1998-07-24 00:00:00-04:00,2.023875628198896,2.023875628198896,1.9881601759365626,2.000065326690674,700,0.0,0.0
1998-07-27 00:00:00-04:00,2.000065326690674,2.000065326690674,2.000065326690674,2.000065326690674,900,0.0,0.0
1998-07-28 00:00:00-04:00,2.0119699917733667,2.0119699917733667,1.904823660850525,1.904823660850525,10000,0.0,0.0
1998-07-29 00:00:00-04:00,1.9524443597504586,1.976254656820586,1.9524443597504586,1.9643495082855225,5200,0.0,0.0
1998-07-30 00:00:00-04:00,1.964349223346245,1.964349223346245,1.952444076538086,1.952444076538086,600,0.0,0.0
1998-07-31 00:00:00-04:00,1.9762547016143799,1.9762547016143799,1.952444404004568,1.9762547016143799,2700,0.0,0.0
1998-08-03 00:00:00-04:00,1.9762547016143799,2.000064999224192,1.952444404004568,1.9762547016143799,3800,0.0,0.0
1998-08-04 00:00:00-04:00,2.000064663770722,2.000064663770722,1.952444076538086,1.952444076538086,13600,0.0,0.0
1998-08-05 00:00:00-04:00,1.952444252371788,1.952444252371788,1.904823660850525,1.904823660850525,24300,0.0,0.0
1998-08-06 00:00:00-04:00,1.928633367314058,2.023874521255493,1.928633367314058,2.023874521255493,15000,0.0,0.0
1998-08-07 00:00:00-04:00,2.0238750441032543,2.035780191421509,2.0000647494667456,2.035780191421509,2900,0.0,0.0
1998-08-10 00:00:00-04:00,2.011970281600952,2.011970281600952,1.9762548328151366,2.011970281600952,3500,0.0,0.0
1998-08-11 00:00:00-04:00,2.023874521255493,2.023874521255493,2.023874521255493,2.023874521255493,7400,0.0,0.0
1998-08-12 00:00:00-04:00,2.035780191421509,2.0476853387397633,2.035780191421509,2.035780191421509,14300,0.0,0.0
1998-08-13 00:00:00-04:00,2.0601143439610796,2.072232663631439,2.0358777046203613,2.0358777046203613,12100,0.188,0.0
1998-08-14 00:00:00-04:00,2.011640525586677,2.060113791263465,1.9874038927482836,1.9995222091674805,7500,0.0,0.0
1998-08-17 00:00:00-04:00,2.011639416217804,2.0358760356903076,1.9874027967453003,1.9874027967453003,6700,0.0,0.0
1998-08-18 00:00:00-04:00,1.9874037985475905,1.9874037985475905,1.9389305351683812,1.9510488510131836,5600,0.0,0.0
1998-08-19 00:00:00-04:00,1.9389299698817877,1.96316659450531,1.9389299698817877,1.96316659450531,4400,0.0,0.0
1998-08-20 00:00:00-04:00,1.987405108834455,2.0237600803375244,1.9510501373313858,2.0237600803375244,5600,0.0,0.0
1998-08-21 00:00:00-04:00,1.9995215314405936,1.9995215314405936,1.96316659450531,1.96316659450531,10800,0.0,0.0
1998-08-24 00:00:00-04:00,1.9510482821935489,1.96316659450531,1.9389299698817877,1.96316659450531,5700,0.0,0.0
1998-08-25 00:00:00-04:00,1.9510488271713258,2.072231984138489,1.9510488271713258,2.0601136684417725,20100,0.0,0.0
1998-08-26 00:00:00-04:00,2.0601143439610796,2.0601143439610796,2.0116410652796426,2.0358777046203613,2000,0.0,0.0
1998-08-27 00:00:00-04:00,2.011640776693821,2.011640776693821,1.938930869102478,1.938930869102478,12700,0.0,0.0
1998-08-28 00:00:00-04:00,1.9389311472574868,2.0358777046203613,1.9389311472574868,2.0358777046203613,7500,0.0,0.0
1998-08-31 00:00:00-04:00,2.0116403102874756,2.035876940531903,1.999521995165262,2.0116403102874756,4900,0.0,0.0
1998-09-01 00:00:00-04:00,1.9874027967453003,1.9874027967453003,1.938929557800293,1.9874027967453003,3600,0.0,0.0
1998-09-02 00:00:00-04:00,1.9631675049662591,1.9631675049662591,1.938930869102478,1.938930869102478,1500,0.0,0.0
1998-09-03 00:00:00-04:00,1.9389305351683812,1.9631671668579858,1.9389305351683812,1.9510488510131836,3700,0.0,0.0
1998-09-04 00:00:00-04:00,1.9510491870343687,1.98740414083004,1.938930869102478,1.938930869102478,15100,0.0,0.0
1998-09-08 00:00:00-04:00,1.938929557800293,1.9874027967453003,1.938929557800293,1.9874027967453003,3000,0.0,0.0
1998-09-09 00:00:00-04:00,1.9631661772727966,1.9874027967453003,1.9631661772727966,1.9874027967453003,700,0.0,0.0
1998-09-10 00:00:00-04:00,1.9874027967453003,1.9874027967453003,1.9874027967453003,1.9874027967453003,0,0.0,0.0
1998-09-11 00:00:00-04:00,2.0116404302371955,2.0116404302371955,1.9389305351683812,1.9510488510131836,9100,0.0,0.0
1998-09-14 00:00:00-04:00,1.9389299698817877,1.96316659450531,1.9146933452582653,1.96316659450531,900,0.0,0.0
1998-09-15 00:00:00-04:00,1.938930869102478,1.938930869102478,1.938930869102478,1.938930869102478,3600,0.0,0.0
1998-09-16 00:00:00-04:00,1.96316659450531,1.96316659450531,1.96316659450531,1.96316659450531,1900,0.0,0.0
1998-09-17 00:00:00-04:00,1.938930869102478,1.938930869102478,1.938930869102478,1.938930869102478,300,0.0,0.0
1998-09-18 00:00:00-04:00,1.9146940649652775,1.9752856492996216,1.9146940649652775,1.9752856492996216,7900,0.0,0.0
1998-09-21 00:00:00-04:00,1.9752855763290869,1.9995222091674805,1.9752855763290869,1.9995222091674805,3600,0.0,0.0
1998-09-22 00:00:00-04:00,1.9995234326688114,2.0237600803375244,1.9995234326688114,2.0237600803375244,8400,0.0,0.0
1998-09-23 00:00:00-04:00,2.0237593849500017,2.0479960242907205,2.0237593849500017,2.0358777046203613,2400,0.0,0.0
1998-09-24 00:00:00-04:00,2.035876940531903,2.035876940531903,2.0116403102874756,2.0116403102874756,2600,0.0,0.0
1998-09-25 00:00:00-04:00,2.0116410652796426,2.0358777046203613,2.0116410652796426,2.0358777046203613,10700,0.0,0.0
1998-09-28 00:00:00-04:00,2.0237600803375244,2.0358784041718807,2.0237600803375244,2.0237600803375244,5000,0.0,0.0
1998-09-29 00:00:00-04:00,2.0358777046203613,2.0358777046203613,2.0116410652796426,2.0358777046203613,3900,0.0,0.0
1998-09-30 00:00:00-04:00,2.0601136684417725,2.0601136684417725,2.0601136684417725,2.0601136684417725,3100,0.0,0.0
1998-10-01 00:00:00-04:00,2.0601136684417725,2.0601136684417725,2.0237587213516237,2.0601136684417725,1900,0.0,0.0
1998-10-02 00:00:00-04:00,2.0601141868635664,2.084350824356079,2.0601141868635664,2.084350824356079,14300,0.0,0.0
1998-10-05 00:00:00-04:00,2.0358777046203613,2.0479960242907205,2.0237593849500017,2.0358777046203613,2700,0.0,0.0
1998-10-06 00:00:00-04:00,2.0358784041718807,2.0358784041718807,2.0237600803375244,2.0237600803375244,9100,0.0,0.0
1998-10-07 00:00:00-04:00,2.035876940531903,2.035876940531903,2.0116403102874756,2.0116403102874756,20900,0.0,0.0
1998-10-08 00:00:00-04:00,2.0116403102874756,2.0116403102874756,1.9874036800430483,2.0116403102874756,1600,0.0,0.0
1998-10-09 00:00:00-04:00,2.0116403102874756,2.035876940531903,2.0116403102874756,2.0116403102874756,3400,0.0,0.0
1998-10-12 00:00:00-04:00,2.0116403102874756,2.0116403102874756,2.0116403102874756,2.0116403102874756,0,0.0,0.0
1998-10-13 00:00:00-04:00,2.011639416217804,2.011639416217804,1.9874027967453003,1.9874027967453003,6600,0.0,0.0
1998-10-14 00:00:00-04:00,2.023757725954056,2.023757725954056,1.9631661772727966,1.9874027967453003,4200,0.0,0.0
1998-10-15 00:00:00-04:00,1.96316659450531,1.96316659450531,1.96316659450531,1.96316659450531,6900,0.0,0.0
1998-10-16 00:00:00-04:00,1.9874036800430483,2.035876940531903,1.9874036800430483,2.0116403102874756,4700,0.0,0.0
1998-10-19 00:00:00-04:00,1.9874027967453003,1.9874027967453003,1.9874027967453003,1.9874027967453003,1300,0.0,0.0
1998-10-20 00:00:00-04:00,1.9874037742614747,2.1085869312286376,1.9874037742614747,2.0601136684417725,10000,0.0,0.0
1998-10-21 00:00:00-04:00,2.0358777046203613,2.0358777046203613,2.0358777046203613,2.0358777046203613,1600,0.0,0.0
1998-10-22 00:00:00-04:00,2.0237600803375244,2.0237600803375244,2.0237600803375244,2.0237600803375244,4200,0.0,0.0
1998-10-23 00:00:00-04:00,2.0237600803375244,2.0237600803375244,2.0237600803375244,2.0237600803375244,3700,0.0,0.0
1998-10-26 00:00:00-05:00,2.0237600803375244,2.0237600803375244,2.0237600803375244,2.0237600803375244,0,0.0,0.0
1998-10-27 00:00:00-05:00,2.0358777046203613,2.0358777046203613,2.0358777046203613,2.0358777046203613,4500,0.0,0.0
1998-10-28 00:00:00-05:00,2.0358777046203613,2.0358777046203613,2.0358777046203613,2.0358777046203613,1000,0.0,0.0
1998-10-29 00:00:00-05:00,2.0358777046203613,2.0358777046203613,2.0358777046203613,2.0358777046203613,1000,0.0,0.0
1998-10-30 00:00:00-05:00,2.0601136684417725,2.0601136684417725,2.0601136684417725,2.0601136684417725,12200,0.0,0.0
1998-11-02 00:00:00-05:00,2.047995352745056,2.0601136684417725,2.047995352745056,2.0601136684417725,4000,0.0,0.0
1998-11-03 00:00:00-05:00,2.0601141661928413,2.0843508034421685,2.0601141661928413,2.072232484817505,7800,0.0,0.0
1998-11-04 00:00:00-05:00,2.0601136684417725,2.0601136684417725,2.0601136684417725,2.0601136684417725,2900,0.0,0.0
1998-11-05 00:00:00-05:00,2.0601136684417725,2.0843502998352053,2.0601136684417725,2.0601136684417725,11800,0.0,0.0
1998-11-06 00:00:00-05:00,2.108587440691496,2.108587440691496,2.072232484817505,2.072232484817505,1500,0.0,0.0
1998-11-09 00:00:00-05:00,2.0843502998352053,2.0964686155319217,2.0601136684417725,2.0601136684417725,5800,0.0,0.0
1998-11-10 00:00:00-05:00,2.0843502998352053,2.0843502998352053,2.0601136684417725,2.0601136684417725,5000,0.0,0.0
1998-11-11 00:00:00-05:00,2.0843502998352053,2.0843502998352053,2.0601136684417725,2.0601136684417725,8300,0.0,0.0
1998-11-12 00:00:00-05:00,2.035538911819458,2.035538911819458,2.035538911819458,2.035538911819458,100,0.188,0.0
1998-11-13 00:00:00-05:00,2.02320361999144,2.0478768348693848,2.02320361999144,2.0478768348693848,400,0.0,0.0
1998-11-16 00:00:00-05:00,2.0478755112850306,2.0478755112850306,2.035538911819458,2.035538911819458,1300,0.0,0.0
1998-11-17 00:00:00-05:00,2.0355402274304124,2.0478768348693848,1.9738571902355515,2.0478768348693848,19700,0.0,0.0
1998-11-18 00:00:00-05:00,2.0232014656066895,2.0232014656066895,2.0232014656066895,2.0232014656066895,9400,0.0,0.0
1998-11-19 00:00:00-05:00,1.9985289305448533,2.0232021272182465,1.97385573387146,1.97385573387146,6300,0.0,0.0
1998-11-20 00:00:00-05:00,1.9985295629208804,2.023202767401385,1.9985295629208804,2.010866165161133,4500,0.0,0.0
1998-11-23 00:00:00-05:00,2.023202767401385,2.023202767401385,2.010866165161133,2.010866165161133,5600,0.0,0.0
1998-11-24 00:00:00-05:00,1.9861925478223004,2.023202346850045,1.9245095494427258,1.9491827487945557,11100,0.0,0.0
1998-11-25 00:00:00-05:00,1.97385573387146,1.97385573387146,1.97385573387146,1.97385573387146,10400,0.0,0.0
1998-11-27 00:00:00-05:00,1.9985302529245053,1.9985302529245053,1.9615204334259033,1.9615204334259033,2200,0.0,0.0
1998-11-30 00:00:00-05:00,1.9615193484704705,1.9615193484704705,1.9491827487945557,1.9491827487945557,6200,0.0,0.0
1998-12-01 00:00:00-05:00,1.9615204334259033,1.9615204334259033,1.9615204334259033,1.9615204334259033,3600,0.0,0.0
1998-12-02 00:00:00-05:00,1.9491827487945557,1.9738559481463855,1.9491827487945557,1.9491827487945557,10600,0.0,0.0
1998-12-03 00:00:00-05:00,1.9738569077412793,1.9985301190880453,1.9368470907211304,1.9368470907211304,8100,0.0,0.0
1998-12-04 00:00:00-05:00,1.9738559481463855,1.9738559481463855,1.9245095494427258,1.9491827487945557,4100,0.0,0.0
1998-12-07 00:00:00-05:00,1.9245093405246734,1.97385573387146,1.9245093405246734,1.97385573387146,6500,0.0,0.0
1998-12-08 00:00:00-05:00,1.9491827487945557,1.9491827487945557,1.9491827487945557,1.9491827487945557,100,0.0,0.0
1998-12-09 00:00:00-05:00,1.9738569077412793,1.9738569077412793,1.9245104850477472,1.9368470907211304,3200,0.0,0.0
1998-12-10 00:00:00-05:00,1.89983614385128,1.97385573387146,1.8504897505044937,1.97385573387146,10300,0.0,0.0
1998-12-11 00:00:00-05:00,1.9491827487945557,1.9491827487945557,1.9491827487945557,1.9491827487945557,700,0.0,0.0
1998-12-14 00:00:00-05:00,1.9491821042953,1.9738552954889113,1.899835721908077,1.9121723175048828,5200,0.0,0.0
1998-12-15 00:00:00-05:00,1.9368455086984941,1.9368455086984941,1.899835721908077,1.9121723175048828,7100,0.0,0.0
1998-12-16 00:00:00-05:00,1.9245089131016886,1.9615186998921057,1.9121723175048828,1.9121723175048828,3800,0.0,0.0
1998-12-17 00:00:00-05:00,1.9491823621285267,1.9491823621285267,1.912172570442542,1.9245091676712036,3700,0.0,0.0
1998-12-18 00:00:00-05:00,1.9245091676712036,1.9245091676712036,1.9245091676712036,1.9245091676712036,1000,0.0,0.0
1998-12-21 00:00:00-05:00,1.9491838269263695,1.9738570399254374,1.9245106139273014,1.9615204334259033,7100,0.0,0.0
1998-12-22 00:00:00-05:00,1.9491818997918104,2.0232014656066895,1.9491818997918104,2.0232014656066895,18000,0.0,0.0
1998-12-23 00:00:00-05:00,2.0232014656066895,2.0725478428166086,2.0232014656066895,2.0232014656066895,3600,0.0,0.0
1998-12-24 00:00:00-05:00,2.047876009684123,2.0602126121520996,2.047876009684123,2.0602126121520996,3200,0.0,0.0
1998-12-28 00:00:00-05:00,2.084885466666449,2.084885466666449,2.0232024646940685,2.0725488662719727,7400,0.0,0.0
1998-12-29 00:00:00-05:00,2.0725491763623944,2.0725491763623944,2.010866165161133,2.010866165161133,5900,0.0,0.0
1998-12-30 00:00:00-05:00,2.0355390650885448,2.0725488662719727,2.0355390650885448,2.0725488662719727,3700,0.0,0.0
1998-12-31 00:00:00-05:00,2.0725488887113683,2.097222089767456,2.0478756876552806,2.097222089767456,10400,0.0,0.0
1999-01-04 00:00:00-05:00,2.0972220670609247,2.0972220670609247,2.060212265877497,2.0725488662719727,11200,0.0,0.0
1999-01-05 00:00:00-05:00,2.097222089767456,2.097222089767456,2.097222089767456,2.097222089767456,3700,0.0,0.0
1999-01-06 00:00:00-05:00,2.0972220670609247,2.0972220670609247,2.0478756654830206,2.0725488662719727,11700,0.0,0.0
1999-01-07 00:00:00-05:00,2.0478756654830206,2.084885466666449,2.0355390650885448,2.0725488662719727,4500,0.0,0.0
1999-01-08 00:00:00-05:00,2.0972220670609247,2.0972220670609247,2.0725488662719727,2.0725488662719727,600,0.0,0.0
1999-01-11 00:00:00-05:00,2.0848856181429145,2.1095588207244873,2.072549016852128,2.1095588207244873,5300,0.0,0.0
1999-01-12 00:00:00-05:00,2.084885489239412,2.121895290823544,2.0725488887113683,2.097222089767456,9300,0.0,0.0
1999-01-13 00:00:00-05:00,2.0725488662719727,2.0725488662719727,2.0478756654830206,2.0725488662719727,6000,0.0,0.0
1999-01-14 00:00:00-05:00,2.0725492146200764,2.0725492146200764,2.047876009684123,2.0602126121520996,4100,0.0,0.0
1999-01-15 00:00:00-05:00,2.047876027914194,2.084885835647583,2.047876027914194,2.084885835647583,5400,0.0,0.0
1999-01-19 00:00:00-05:00,2.1095588207244873,2.1218954220152737,2.072549016852128,2.1095588207244873,5300,0.0,0.0
1999-01-20 00:00:00-05:00,2.0725496092508005,2.146569238152615,2.0725496092508005,2.1218960285186768,7600,0.0,0.0
1999-01-21 00:00:00-05:00,2.1465684058349255,2.1465684058349255,2.1218952057678577,2.1342318058013916,5000,0.0,0.0
1999-01-22 00:00:00-05:00,2.1095594237017075,2.1589058429695838,2.1095594237017075,2.1218960285186768,5400,0.0,0.0
1999-01-25 00:00:00-05:00,2.121895643380972,2.121895643380972,2.084885835647583,2.084885835647583,10200,0.0,0.0
1999-01-26 00:00:00-05:00,2.0725487102161755,2.0725487102161755,2.035538911819458,2.035538911819458,4500,0.0,0.0
1999-01-27 00:00:00-05:00,2.0232014656066895,2.047874654211649,2.0108648713042094,2.0232014656066895,113000,0.0,0.0
1999-01-28 00:00:00-05:00,2.04787597188189,2.0725491763623944,2.010866165161133,2.010866165161133,6000,0.0,0.0
1999-01-29 00:00:00-05:00,1.986192960680628,2.010866165161133,1.9738563584403757,2.010866165161133,6600,0.0,0.0
1999-02-01 00:00:00-05:00,1.97385573387146,1.97385573387146,1.9491825371980667,1.97385573387146,7900,0.0,0.0
1999-02-02 00:00:00-05:00,1.9985291839386365,1.9985291839386365,1.9861925840377808,1.9861925840377808,7600,0.0,0.0
1999-02-03 00:00:00-05:00,1.9738559481463855,1.9738559481463855,1.9491827487945557,1.9491827487945557,5000,0.0,0.0
1999-02-04 00:00:00-05:00,1.9245095494427258,1.9738559481463855,1.8998363500908961,1.9491827487945557,14700,0.0,0.0
1999-02-05 00:00:00-05:00,1.949183153959871,2.010866165161133,1.949183153959871,2.010866165161133,8700,0.0,0.0
1999-02-08 00:00:00-05:00,2.0108648713042094,2.0232014656066895,1.9985282770017296,2.0232014656066895,13300,0.0,0.0
1999-02-09 00:00:00-05:00,2.0232014656066895,2.0232014656066895,1.9985282770017296,2.0232014656066895,4300,0.0,0.0
1999-02-10 00:00:00-05:00,1.9856012132432725,1.9856012132432725,1.9227657318115232,1.9227657318115234,11100,0.188,0.0
1999-02-11 00:00:00-05:00,1.9227657318115232,1.9227657318115232,1.9227657318115232,1.9227657318115234,1400,0.0,0.0
1999-02-12 00:00:00-05:00,1.9479005955732784,1.9856018974230838,1.910199293723473,1.9604676961898804,14500,0.0,0.0
1999-02-16 00:00:00-05:00,1.9353337287902832,1.9353337287902832,1.9353337287902832,1.9353337287902832,100,0.0,0.0
1999-02-17 00:00:00-05:00,1.9353337287902832,1.9353337287902832,1.9353337287902832,1.9353337287902832,3900,0.0,0.0
1999-02-18 00:00:00-05:00,1.9227662155705112,1.9604675139150312,1.9227662155705112,1.947900414466858,3000,0.0,0.0
1999-02-19 00:00:00-05:00,1.9604675139150312,1.9856017128113777,1.947900414466858,1.947900414466858,2800,0.0,0.0
1999-02-22 00:00:00-05:00,1.93533332180825,1.9981688192695568,1.93533332180825,1.9730346202850342,3700,0.0,0.0
1999-02-23 00:00:00-05:00,1.9730346133632044,1.9856017128113777,1.9353333150186844,1.947900414466858,6400,0.0,0.0
1999-02-24 00:00:00-05:00,1.9478993341326714,2.010734796524048,1.9478993341326714,2.010734796524048,2600,0.0,0.0
1999-02-25 00:00:00-05:00,1.9856018974230838,1.9856018974230838,1.9479005955732784,1.9604676961898804,10200,0.0,0.0
1999-02-26 00:00:00-05:00,1.9479004831253728,1.985601782798767,1.9479004831253728,1.985601782798767,2100,0.0,0.0
1999-03-01 00:00:00-05:00,1.960467933060287,1.9730350351952888,1.9353337287902832,1.9353337287902832,11700,0.0,0.0
1999-03-02 00:00:00-05:00,1.9227662155705112,1.947900414466858,1.9227662155705112,1.947900414466858,300,0.0,0.0
1999-03-03 00:00:00-05:00,1.9604676961898804,1.973034796806482,1.9479005955732784,1.9604676961898804,4500,0.0,0.0
1999-03-04 00:00:00-05:00,1.9479004213005113,1.9730346202850342,1.9479004213005113,1.9730346202850342,1700,0.0,0.0
1999-03-05 00:00:00-05:00,1.973034796806482,1.9856018974230838,1.9604676961898804,1.9604676961898804,2200,0.0,0.0
1999-03-08 00:00:00-05:00,1.9981688826898987,2.0107359825810303,1.9730346829076357,1.985601782798767,4000,0.0,0.0
1999-03-09 00:00:00-05:00,2.0107354058159723,2.035869598388672,1.9227657318115232,1.9227657318115234,20300,0.0,0.0
1999-03-10 00:00:00-05:00,1.9227666266552814,1.9730350351952888,1.9101995245202796,1.9353337287902832,3400,0.0,0.0
1999-03-11 00:00:00-05:00,1.9604675139150312,1.9604675139150312,1.910199116122338,1.947900414466858,9100,0.0,0.0
1999-03-12 00:00:00-05:00,1.9101986355251734,1.9227657318115232,1.9101986355251734,1.9227657318115234,3600,0.0,0.0
1999-03-15 00:00:00-05:00,1.9353333150186844,1.947900414466858,1.910199116122338,1.947900414466858,7000,0.0,0.0
1999-03-16 00:00:00-05:00,1.922766394340075,1.9604676961898804,1.922766394340075,1.9604676961898804,9300,0.0,0.0
1999-03-17 00:00:00-05:00,1.93533372722174,1.93533372722174,1.910199522972107,1.910199522972107,3800,0.0,0.0
1999-03-18 00:00:00-05:00,1.922765959967051,1.9353330577446135,1.8850646666343638,1.8976317644119263,10200,0.0,0.0
1999-03-19 00:00:00-05:00,1.9353337287902832,1.9353337287902832,1.9353337287902832,1.9353337287902832,2900,0.0,0.0
1999-03-22 00:00:00-05:00,1.9604672532997383,1.9856014488548632,1.8850646666343638,1.8976317644119263,5100,0.0,0.0
1999-03-23 00:00:00-05:00,1.8976317644119263,1.8976317644119263,1.8976317644119263,1.8976317644119263,2000,0.0,0.0
1999-03-24 00:00:00-05:00,1.8850654363632202,1.8850654363632202,1.8850654363632202,1.8850654363632202,1200,0.0,0.0
1999-03-25 00:00:00-05:00,1.8976317644119263,1.9101988621894885,1.8850646666343638,1.8976317644119263,4700,0.0,0.0
1999-03-26 00:00:00-05:00,1.8850654363632202,1.8850654363632202,1.872498333454132,1.8850654363632202,3000,0.0,0.0
1999-03-29 00:00:00-05:00,1.8724976778030396,1.885064776311785,1.8724976778030396,1.8724976778030396,1300,0.0,0.0
1999-03-30 00:00:00-05:00,1.859931230545044,1.859931230545044,1.8473641276359558,1.859931230545044,2700,0.0,0.0
1999-03-31 00:00:00-05:00,1.8473637104034422,1.8473637104034422,1.8473637104034422,1.8473637104034424,1500,0.0,0.0
1999-04-01 00:00:00-05:00,1.8347966103326705,1.8473637104034422,1.8347966103326705,1.8473637104034424,4100,0.0,0.0
1999-04-05 00:00:00-04:00,1.8347966046168886,1.8347966046168886,1.8222295045852661,1.8222295045852661,22700,0.0,0.0
1999-04-06 00:00:00-04:00,1.8222296817435157,1.8599309855037265,1.8096625804901123,1.8096625804901123,16400,0.0,0.0
1999-04-07 00:00:00-04:00,1.797095164120626,1.8096622631704207,1.709125470772064,1.7468267679214478,10300,0.0,0.0
1999-04-08 00:00:00-04:00,1.7342596688716532,1.7468267679214478,1.709125470772064,1.7468267679214478,6500,0.0,0.0
1999-04-09 00:00:00-04:00,1.7719609580770896,1.7719609580770896,1.709125463109817,1.7216925621032715,5200,0.0,0.0
1999-04-12 00:00:00-04:00,1.709126855387832,1.709126855387832,1.6588584184646606,1.6588584184646606,22300,0.0,0.0
1999-04-13 00:00:00-04:00,1.709125470772064,1.7593938669712423,1.709125470772064,1.7468267679214478,7600,0.0,0.0
1999-04-14 00:00:00-04:00,1.6965586692094803,1.8096625804901123,1.6965586692094803,1.8096625804901123,15100,0.0,0.0
1999-04-15 00:00:00-04:00,1.7970951322006852,1.8347964286804197,1.7719609345475287,1.83479642868042,15700,0.0,0.0
1999-04-16 00:00:00-04:00,1.8096625804901123,1.8599309855037265,1.8096625804901123,1.8096625804901123,33700,0.0,0.0
1999-04-19 00:00:00-04:00,1.7216928717162874,1.8096625804901123,1.7216928717162874,1.8096625804901123,30200,0.0,0.0
1999-04-20 00:00:00-04:00,1.8096627059735748,1.910199522972107,1.8096627059735748,1.910199522972107,12500,0.0,0.0
1999-04-21 00:00:00-04:00,1.9101986355251734,1.9353328280978732,1.9101986355251734,1.9227657318115234,1500,0.0,0.0
1999-04-22 00:00:00-04:00,1.910199210757301,1.910199210757301,1.8473637104034422,1.8473637104034424,4300,0.0,0.0
1999-04-23 00:00:00-04:00,1.8473641276359558,1.8850654363632202,1.8096628189086914,1.8850654363632202,8000,0.0,0.0
1999-04-26 00:00:00-04:00,1.9227666266552814,1.9353337287902832,1.885065320250276,1.9353337287902832,16400,0.0,0.0
1999-04-27 00:00:00-04:00,1.8976325392723083,1.9101996421813965,1.859931230545044,1.8850654363632202,6500,0.0,0.0
1999-04-28 00:00:00-04:00,1.9101996421813965,1.9227667450904846,1.8850654363632202,1.8850654363632202,6600,0.0,0.0
1999-04-29 00:00:00-04:00,1.9101988621894885,1.9101988621894885,1.8976317644119263,1.8976317644119263,12800,0.0,0.0
1999-04-30 00:00:00-04:00,1.910199522972107,1.93533372722174,1.910199522972107,1.910199522972107,1100,0.0,0.0
1999-05-03 00:00:00-04:00,1.8976325392723083,1.8976325392723083,1.859931230545044,1.859931230545044,4800,0.0,0.0
1999-05-04 00:00:00-04:00,1.859931230545044,1.859931230545044,1.859931230545044,1.859931230545044,1200,0.0,0.0
1999-05-05 00:00:00-04:00,1.8724979105449857,1.8724979105449857,1.8347966103326705,1.8473637104034424,5400,0.0,0.0
1999-05-06 00:00:00-04:00,1.8347970247268677,1.859931230545044,1.8347970247268677,1.859931230545044,2000,0.0,0.0
1999-05-07 00:00:00-04:00,1.8347969117102685,1.9353337287902832,1.8347969117102685,1.9353337287902832,8900,0.0,0.0
1999-05-10 00:00:00-04:00,1.9604675830165044,2.0107359825810303,1.9479004831253728,1.985601782798767,16200,0.0,0.0
1999-05-11 00:00:00-04:00,1.9353334949566767,1.9604676961898804,1.8850650924902694,1.9604676961898804,6400,0.0,0.0
1999-05-12 00:00:00-04:00,1.9353333150186844,1.947900414466858,1.9353333150186844,1.947900414466858,2600,0.0,0.0
1999-05-13 00:00:00-04:00,1.9992662429809571,2.024897861480713,1.9608188152313233,1.986450433731079,5500,0.188,0.0
1999-05-14 00:00:00-04:00,1.9864491777482374,1.9864491777482374,1.9351859731611862,1.960817575454712,12100,0.0,0.0
1999-05-17 00:00:00-04:00,1.986450433731079,1.986450433731079,1.986450433731079,1.986450433731079,100,0.0,0.0
1999-05-18 00:00:00-04:00,1.9736348692576091,1.9736348692576091,1.9223716259002686,1.9223716259002686,5100,0.0,0.0
1999-05-19 00:00:00-04:00,1.9480031499799515,1.9480031499799515,1.9223715295854784,1.9351873397827148,4200,0.0,0.0
1999-05-20 00:00:00-04:00,1.935186651976485,1.9480024576187134,1.935186651976485,1.9480024576187134,13000,0.0,0.0
1999-05-21 00:00:00-04:00,1.9223716259002686,1.9223716259002686,1.9223716259002686,1.9223716259002686,500,0.0,0.0
1999-05-24 00:00:00-04:00,1.8967394828796387,1.9223710975131474,1.8967394828796387,1.8967394828796387,1800,0.0,0.0
1999-05-25 00:00:00-04:00,1.9223710975131474,1.9223710975131474,1.8967394828796387,1.8967394828796387,2000,0.0,0.0
1999-05-26 00:00:00-04:00,1.9223708463342566,1.9480024576187134,1.9223708463342566,1.9480024576187134,700,0.0,0.0
1999-05-27 00:00:00-04:00,1.9223710975131474,1.9223710975131474,1.8967394828796387,1.8967394828796387,1800,0.0,0.0
1999-05-28 00:00:00-04:00,1.9223716259002686,1.9223716259002686,1.9223716259002686,1.9223716259002686,400,0.0,0.0
1999-06-01 00:00:00-04:00,1.9223708463342566,1.9480024576187134,1.8967392350497998,1.9480024576187134,3900,0.0,0.0
1999-06-02 00:00:00-04:00,1.9480032475789388,1.9480032475789388,1.9223716259002686,1.9223716259002686,600,0.0,0.0
1999-06-03 00:00:00-04:00,1.9223716034985228,1.9223716034985228,1.9095557928085327,1.9095557928085327,2200,0.0,0.0
1999-06-04 00:00:00-04:00,1.9223708463342566,1.9480024576187134,1.9223708463342566,1.9480024576187134,4400,0.0,0.0
1999-06-07 00:00:00-04:00,1.9480031499799515,1.9480031499799515,1.9223715295854784,1.9351873397827148,4700,0.0,0.0
1999-06-08 00:00:00-04:00,1.9608182632609419,1.9608182632609419,1.9480024576187134,1.9480024576187134,1500,0.0,0.0
1999-06-09 00:00:00-04:00,1.9480024576187134,1.9480024576187134,1.9480024576187134,1.9480024576187134,0,0.0,0.0
1999-06-10 00:00:00-04:00,1.9223716259002686,1.9480032475789388,1.8967400042215985,1.9223716259002686,5500,0.0,0.0
1999-06-11 00:00:00-04:00,1.9480033354325728,1.973634958267212,1.9480033354325728,1.973634958267212,1100,0.0,0.0
1999-06-14 00:00:00-04:00,1.9992665811018508,2.0248982039364902,1.973634958267212,1.973634958267212,900,0.0,0.0
1999-06-15 00:00:00-04:00,1.9480033354325728,1.973634958267212,1.9480033354325728,1.973634958267212,1400,0.0,0.0
1999-06-16 00:00:00-04:00,1.9736344126554637,2.0505292599017806,1.9736344126554637,1.9992660284042358,5000,0.0,0.0
1999-06-17 00:00:00-04:00,1.9608184481566808,2.0377132892608643,1.9608184481566808,2.0377132892608643,5000,0.0,0.0
1999-06-18 00:00:00-04:00,2.012081767939314,2.024897575378418,2.012081767939314,2.024897575378418,300,0.0,0.0
1999-06-21 00:00:00-04:00,2.0248976441530084,2.0248976441530084,1.999266028404236,1.9992660284042358,10500,0.0,0.0
1999-06-22 00:00:00-04:00,2.024897575378418,2.024897575378418,2.024897575378418,2.024897575378418,400,0.0,0.0
1999-06-23 00:00:00-04:00,1.9992663907688975,1.9992663907688975,1.9351873397827148,1.9351873397827148,8400,0.0,0.0
1999-06-24 00:00:00-04:00,1.9480024576187134,1.999265680187627,1.9480024576187134,1.9480024576187134,13600,0.0,0.0
1999-06-25 00:00:00-04:00,1.9480024576187134,1.9480024576187134,1.9480024576187134,1.9480024576187134,9600,0.0,0.0
1999-06-28 00:00:00-04:00,1.9351874367396038,1.9480032475789388,1.8711083825429282,1.9223716259002686,17800,0.0,0.0
1999-06-29 00:00:00-04:00,1.948003224878503,1.948003224878503,1.9095557928085327,1.9095557928085327,2200,0.0,0.0
1999-06-30 00:00:00-04:00,1.9351873397827148,1.9351873397827148,1.9351873397827148,1.9351873397827148,100,0.0,0.0
1999-07-01 00:00:00-04:00,1.9223716259002686,1.9223716259002686,1.9223716259002686,1.9223716259002686,300,0.0,0.0
1999-07-02 00:00:00-04:00,1.9223716259002686,1.9223716259002686,1.9223716259002686,1.9223716259002686,0,0.0,0.0
1999-07-06 00:00:00-04:00,1.9223716259002686,1.9223716259002686,1.9223716259002686,1.9223716259002686,1100,0.0,0.0
1999-07-07 00:00:00-04:00,1.9223708463342566,1.9480024576187134,1.9223708463342566,1.9480024576187134,10300,0.0,0.0
1999-07-08 00:00:00-04:00,1.9223716034985228,1.9223716034985228,1.8967399821185424,1.9095557928085327,1800,0.0,0.0
1999-07-09 00:00:00-04:00,1.8967394828796387,1.9351869048299017,1.8711078682461302,1.8967394828796387,8000,0.0,0.0
1999-07-12 00:00:00-04:00,1.8711078682461302,1.909555290196393,1.8582920609293758,1.8967394828796387,5500,0.0,0.0
1999-07-13 00:00:00-04:00,1.8967394828796387,1.9223710975131474,1.8967394828796387,1.8967394828796387,10700,0.0,0.0
1999-07-14 00:00:00-04:00,1.8967400042215985,1.9223716259002686,1.8967400042215985,1.9223716259002686,1000,0.0,0.0
1999-07-15 00:00:00-04:00,1.9223716259002686,1.9223716259002686,1.9223716259002686,1.9223716259002686,0,0.0,0.0
1999-07-16 00:00:00-04:00,1.9223716259002686,1.9223716259002686,1.8967400042215985,1.9223716259002686,4100,0.0,0.0
1999-07-19 00:00:00-04:00,1.8967394828796387,1.9223710975131474,1.8967394828796387,1.8967394828796387,1800,0.0,0.0
1999-07-20 00:00:00-04:00,1.9223716259002686,1.9223716259002686,1.9223716259002686,1.9223716259002686,1000,0.0,0.0
1999-07-21 00:00:00-04:00,1.9223710975131474,1.9351869048299017,1.8967394828796387,1.8967394828796387,4100,0.0,0.0
1999-07-22 00:00:00-04:00,1.8967394828796387,1.8967394828796387,1.8967394828796387,1.8967394828796387,4200,0.0,0.0
1999-07-23 00:00:00-04:00,1.8967394828796387,1.8967394828796387,1.8967394828796387,1.8967394828796387,0,0.0,0.0
1999-07-26 00:00:00-04:00,1.8454772233963013,1.8711088514990277,1.832661409344938,1.8454772233963013,5900,0.0,0.0
1999-07-27 00:00:00-04:00,1.8326607707520606,1.8326607707520606,1.8198449611663818,1.8198449611663818,11100,0.0,0.0
1999-07-28 00:00:00-04:00,1.8454772233963013,1.8454772233963013,1.8454772233963013,1.8454772233963013,1300,0.0,0.0
1999-07-29 00:00:00-04:00,1.871108199509097,1.871108199509097,1.8198449611663818,1.8198449611663818,3900,0.0,0.0
1999-07-30 00:00:00-04:00,1.8326606531532443,1.883923888206482,1.8326606531532443,1.883923888206482,1600,0.0,0.0
1999-08-02 00:00:00-04:00,1.8326607707520606,1.8326607707520606,1.807029151580703,1.8198449611663818,7500,0.0,0.0
1999-08-03 00:00:00-04:00,1.8454772233963013,1.8454772233963013,1.8454772233963013,1.8454772233963013,200,0.0,0.0
1999-08-04 00:00:00-04:00,1.8454760851925367,1.8711076974868774,1.8454760851925367,1.8711076974868774,8400,0.0,0.0
1999-08-05 00:00:00-04:00,1.896739647306245,1.896739647306245,1.8582922220230103,1.8582922220230103,400,0.0,0.0
1999-08-06 00:00:00-04:00,1.8711076974868774,1.8711076974868774,1.8711076974868774,1.8711076974868774,700,0.0,0.0
1999-08-09 00:00:00-04:00,1.8198449611663818,1.8198449611663818,1.807029151580703,1.8198449611663818,5000,0.0,0.0
1999-08-10 00:00:00-04:00,1.8070297863172449,1.845477228579314,1.7685823440551758,1.7685823440551758,11800,0.0,0.0
1999-08-11 00:00:00-04:00,1.7942139671908486,1.8454772233963013,1.7685823390881221,1.8454772233963013,12300,0.0,0.0
1999-08-12 00:00:00-04:00,1.8586713075637817,1.8586713075637817,1.8586713075637817,1.8586713075637817,200,0.188,0.0
1999-08-13 00:00:00-04:00,1.8586707798751085,1.8717600107192993,1.8586707798751085,1.8717600107192993,2000,0.0,0.0
1999-08-16 00:00:00-04:00,1.8586701227694142,1.9241162538528442,1.8586701227694142,1.9241162538528442,9300,0.0,0.0
1999-08-17 00:00:00-04:00,1.8979384212030304,1.8979384212030304,1.8586707297298644,1.884849190711975,3800,0.0,0.0
1999-08-18 00:00:00-04:00,1.8586713075637817,1.8848497766843983,1.8586713075637817,1.8586713075637817,2300,0.0,0.0
1999-08-19 00:00:00-04:00,1.845581401700843,1.93720601029592,1.845581401700843,1.9110275506973267,17200,0.0,0.0
1999-08-20 00:00:00-04:00,1.884849190711975,1.884849190711975,1.884849190711975,1.884849190711975,20000,0.0,0.0
1999-08-23 00:00:00-04:00,1.8848484142406565,1.9372053146362305,1.8848484142406565,1.9372053146362305,6300,0.0,0.0
1999-08-24 00:00:00-04:00,1.8979376673698427,1.9633837938308716,1.8979376673698427,1.9633837938308716,7500,0.0,0.0
1999-08-25 00:00:00-04:00,1.9110276379041224,1.950295329093933,1.9110276379041224,1.950295329093933,1400,0.0,0.0
1999-08-26 00:00:00-04:00,1.9241167804966235,1.950295240095217,1.9110275506973267,1.9110275506973267,2700,0.0,0.0
1999-08-27 00:00:00-04:00,1.9372054800695302,1.9372054800695302,1.9241162538528442,1.9241162538528442,800,0.0,0.0
1999-08-30 00:00:00-04:00,1.9110275506973267,1.9110275506973267,1.9110275506973267,1.9110275506973267,100,0.0,0.0
1999-08-31 00:00:00-04:00,1.9110275506973267,1.9110275506973267,1.9110275506973267,1.9110275506973267,1600,0.0,0.0
1999-09-01 00:00:00-04:00,1.911027480816019,1.911027480816019,1.8979382514953613,1.8979382514953613,2000,0.0,0.0
1999-09-02 00:00:00-04:00,1.8979382514953613,1.8979382514953613,1.8979382514953613,1.8979382514953613,8400,0.0,0.0
1999-09-03 00:00:00-04:00,1.8979382514953613,1.8979382514953613,1.8979382514953613,1.8979382514953613,0,0.0,0.0
1999-09-07 00:00:00-04:00,1.8979384212030304,1.8979384212030304,1.884849190711975,1.884849190711975,11000,0.0,0.0
1999-09-08 00:00:00-04:00,1.8979384724076813,1.8979384724076813,1.8455815490309175,1.8717600107192993,15100,0.0,0.0
1999-09-09 00:00:00-04:00,1.8717600107192993,1.8717600107192993,1.8717600107192993,1.8717600107192993,0,0.0,0.0
1999-09-10 00:00:00-04:00,1.8848484420776368,1.9633837938308716,1.8848484420776368,1.9633837938308716,3400,0.0,0.0
1999-09-13 00:00:00-04:00,1.9110275506973267,1.950295240095217,1.9110275506973267,1.9110275506973267,5900,0.0,0.0
1999-09-14 00:00:00-04:00,1.9110275506973267,1.9241167804966235,1.9110275506973267,1.9110275506973267,3800,0.0,0.0
1999-09-15 00:00:00-04:00,1.9241160895373368,1.9372053146362305,1.9110268644384434,1.9372053146362305,1700,0.0,0.0
1999-09-16 00:00:00-04:00,1.9372061126761966,1.9372061126761966,1.884849190711975,1.884849190711975,7400,0.0,0.0
1999-09-17 00:00:00-04:00,1.8848490910987332,1.9110275506973267,1.8848490910987332,1.9110275506973267,7900,0.0,0.0
1999-09-20 00:00:00-04:00,1.8979383208980298,1.9110275506973267,1.8979383208980298,1.9110275506973267,5400,0.0,0.0
1999-09-21 00:00:00-04:00,1.9044830878297767,1.9044830878297767,1.8586707798751085,1.8717600107192993,4400,0.0,0.0
1999-09-22 00:00:00-04:00,1.8979390112447068,1.8979390112447068,1.8586713075637817,1.8586713075637817,1400,0.0,0.0
1999-09-23 00:00:00-04:00,1.8979384212030304,1.8979384212030304,1.8717599602209196,1.884849190711975,2500,0.0,0.0
1999-09-24 00:00:00-04:00,1.884849190711975,1.884849190711975,1.884849190711975,1.884849190711975,1600,0.0,0.0
1999-09-27 00:00:00-04:00,1.858670642189946,1.858670642189946,1.8455814123153689,1.8455814123153687,3400,0.0,0.0
1999-09-28 00:00:00-04:00,1.8455814123153689,1.8455814123153689,1.8324921824407916,1.8455814123153687,4700,0.0,0.0
1999-09-29 00:00:00-04:00,1.8324923181867268,1.8717600107192993,1.8324923181867268,1.8717600107192993,6400,0.0,0.0
1999-09-30 00:00:00-04:00,1.8455815490309175,1.8717600107192993,1.8455815490309175,1.8717600107192993,5600,0.0,0.0
1999-10-01 00:00:00-04:00,1.8848492415634903,1.8848492415634903,1.8717600107192993,1.8717600107192993,11800,0.0,0.0
1999-10-04 00:00:00-04:00,1.8717599602209196,1.884849190711975,1.8717599602209196,1.884849190711975,500,0.0,0.0
1999-10-05 00:00:00-04:00,1.884849190711975,1.884849190711975,1.884849190711975,1.884849190711975,5800,0.0,0.0
1999-10-06 00:00:00-04:00,1.8848497766843983,1.8848497766843983,1.8586713075637817,1.8586713075637817,1000,0.0,0.0
1999-10-07 00:00:00-04:00,1.8586713075637817,1.8586713075637817,1.8586713075637817,1.8586713075637817,200,0.0,0.0
1999-10-08 00:00:00-04:00,1.8586707798751085,1.8848492415634903,1.8586707798751085,1.8717600107192993,7800,0.0,0.0
1999-10-11 00:00:00-04:00,1.8717600107192993,1.8717600107192993,1.8717600107192993,1.8717600107192993,0,0.0,0.0
1999-10-12 00:00:00-04:00,1.8586713075637817,1.8586713075637817,1.8586713075637817,1.8586713075637817,3700,0.0,0.0
1999-10-13 00:00:00-04:00,1.8586713075637817,1.8717605421240902,1.8586713075637817,1.8586713075637817,2400,0.0,0.0
1999-10-14 00:00:00-04:00,1.8848492758614674,1.8848492758614674,1.8324923515319824,1.8324923515319824,8100,0.0,0.0
1999-10-15 00:00:00-04:00,1.8455815826143536,1.8455815826143536,1.8324923515319824,1.8324923515319824,3500,0.0,0.0
1999-10-18 00:00:00-04:00,1.8586707961732063,1.8717600271321726,1.8063138723373413,1.8063138723373413,9000,0.0,0.0
1999-10-19 00:00:00-04:00,1.8063143693225485,1.8586713075637817,1.7670466656416235,1.8586713075637817,15300,0.0,0.0
1999-10-20 00:00:00-04:00,1.8324928384431651,1.8586713075637817,1.8324928384431651,1.8586713075637817,2500,0.0,0.0
1999-10-21 00:00:00-04:00,1.8063143693225485,1.8586713075637817,1.8063143693225485,1.8586713075637817,3500,0.0,0.0
1999-10-22 00:00:00-04:00,1.8455815826143536,1.8455815826143536,1.8324923515319824,1.8324923515319824,400,0.0,0.0
1999-10-25 00:00:00-04:00,1.84558156521424,1.84558156521424,1.8063138723373413,1.8063138723373413,1300,0.0,0.0
1999-10-26 00:00:00-04:00,1.8063131116277023,1.8194023370742798,1.8063131116277023,1.8194023370742798,600,0.0,0.0
1999-10-27 00:00:00-04:00,1.8586707798751085,1.8848492415634903,1.8586707798751085,1.8717600107192993,18600,0.0,0.0
1999-10-28 00:00:00-04:00,1.8717600107192993,1.8717600107192993,1.8717600107192993,1.8717600107192993,0,0.0,0.0
1999-10-29 00:00:00-04:00,1.8717605421240902,1.8717605421240902,1.8586713075637817,1.8586713075637817,2700,0.0,0.0
1999-11-01 00:00:00-05:00,1.8324928384431651,1.8586713075637817,1.8063143693225485,1.8586713075637817,11200,0.0,0.0
1999-11-02 00:00:00-05:00,1.8324923515319824,1.8324923515319824,1.8324923515319824,1.8324923515319824,1000,0.0,0.0
1999-11-03 00:00:00-05:00,1.8455820730034735,1.8586713075637817,1.8455820730034735,1.8586713075637817,4500,0.0,0.0
1999-11-04 00:00:00-05:00,1.8717599602209196,1.884849190711975,1.8717599602209196,1.884849190711975,300,0.0,0.0
1999-11-05 00:00:00-05:00,1.8586713075637817,1.8586713075637817,1.8586713075637817,1.8586713075637817,400,0.0,0.0
1999-11-08 00:00:00-05:00,1.8586707798751085,1.8717600107192993,1.8586707798751085,1.8717600107192993,2200,0.0,0.0
1999-11-09 00:00:00-05:00,1.884849190711975,1.884849190711975,1.8586707297298644,1.884849190711975,1900,0.0,0.0
1999-11-10 00:00:00-05:00,1.8715875045112942,1.8715875045112942,1.7913766114608103,1.8448505401611328,16500,0.188,0.0
1999-11-11 00:00:00-05:00,1.8181135758109717,1.8448505401611328,1.7913766114608103,1.8448505401611328,3900,0.0,0.0
1999-11-12 00:00:00-05:00,1.8181135758109717,1.8448505401611328,1.8047450936358909,1.8448505401611328,1300,0.0,0.0
1999-11-15 00:00:00-05:00,1.8715871256940506,1.8715871256940506,1.8181132078170776,1.8181132078170776,2100,0.0,0.0
1999-11-16 00:00:00-05:00,1.8181127078497588,1.8181127078497588,1.764638804677707,1.791375756263733,13500,0.0,0.0
1999-11-17 00:00:00-05:00,1.804744232056746,1.8181127078497588,1.791375756263733,1.791375756263733,2700,0.0,0.0
1999-11-18 00:00:00-05:00,1.7646390860029262,1.8582184314727783,1.7646390860029262,1.8582184314727783,3200,0.0,0.0
1999-11-19 00:00:00-05:00,1.844851615655161,1.844851615655161,1.8314831256866455,1.8314831256866455,1100,0.0,0.0
1999-11-22 00:00:00-05:00,1.77800728047072,1.8181127078497588,1.7512703288846942,1.791375756263733,4800,0.0,0.0
1999-11-23 00:00:00-05:00,1.7913769510057238,1.8181139204237196,1.737903012169732,1.8047454357147217,12500,0.0,0.0
1999-11-24 00:00:00-05:00,1.778008222579956,1.791376705456497,1.778008222579956,1.778008222579956,2700,0.0,0.0
1999-11-26 00:00:00-05:00,1.77800728047072,1.804744232056746,1.77800728047072,1.791375756263733,2500,0.0,0.0
1999-11-29 00:00:00-05:00,1.778008222579956,1.791376705456497,1.711165808197251,1.778008222579956,24300,0.0,0.0
1999-11-30 00:00:00-05:00,1.77800728047072,1.791375756263733,1.7379018530916812,1.791375756263733,12200,0.0,0.0
1999-12-01 00:00:00-05:00,1.7913760772118201,1.818113033588116,1.7379021644592285,1.7379021644592285,2600,0.0,0.0
1999-12-02 00:00:00-05:00,1.7111656721248183,1.7379026357517686,1.7111656721248183,1.7245341539382935,20600,0.0,0.0
1999-12-03 00:00:00-05:00,1.7245336862710807,1.7379021644592285,1.7245336862710807,1.7379021644592285,4000,0.0,0.0
1999-12-06 00:00:00-05:00,1.7646394968032837,1.7646394968032837,1.7379025347305068,1.7646394968032837,1800,0.0,0.0
1999-12-07 00:00:00-05:00,1.8181136712095791,1.8181136712095791,1.764639739703415,1.778008222579956,12200,0.0,0.0
1999-12-08 00:00:00-05:00,1.791376705456497,1.804745188333038,1.778008222579956,1.778008222579956,2100,0.0,0.0
1999-12-09 00:00:00-05:00,1.7913762488785911,1.8181132078170776,1.7913762488785911,1.8181132078170776,1000,0.0,0.0
1999-12-10 00:00:00-05:00,1.764639970910458,1.7913769401666773,1.7512714862823486,1.7512714862823486,11100,0.0,0.0
1999-12-13 00:00:00-05:00,1.7512706426473765,1.7646391208355243,1.7379021644592285,1.7379021644592285,7900,0.0,0.0
1999-12-14 00:00:00-05:00,1.7379025347305068,1.7646394968032837,1.7379025347305068,1.7646394968032837,15400,0.0,0.0
1999-12-15 00:00:00-05:00,1.7646391208355243,1.7646391208355243,1.7245336862710807,1.7379021644592285,11100,0.0,0.0
1999-12-16 00:00:00-05:00,1.7379026301205158,1.7646395936608315,1.7111656665802002,1.7111656665802002,12700,0.0,0.0
1999-12-17 00:00:00-05:00,1.7111652080829327,1.7379021644592285,1.7111652080829327,1.7379021644592285,10900,0.0,0.0
1999-12-20 00:00:00-05:00,1.7111652080829327,1.7379021644592285,1.7111652080829327,1.7379021644592285,2400,0.0,0.0
1999-12-21 00:00:00-05:00,1.724534148350358,1.7512711118906736,1.7111656665802002,1.7111656665802002,8700,0.0,0.0
1999-12-22 00:00:00-05:00,1.7379030016542392,1.7512714862823486,1.7245345170261295,1.7512714862823486,5000,0.0,0.0
1999-12-23 00:00:00-05:00,1.7245341539382935,1.7245341539382935,1.7245341539382935,1.7245341539382935,1000,0.0,0.0
1999-12-27 00:00:00-05:00,1.724534148350358,1.7379026301205158,1.7111656665802002,1.7111656665802002,44500,0.0,0.0
1999-12-28 00:00:00-05:00,1.7111656665802002,1.7111656665802002,1.7111656665802002,1.7111656665802002,200,0.0,0.0
1999-12-29 00:00:00-05:00,1.7111652080829327,1.7379021644592285,1.7111652080829327,1.7379021644592285,8900,0.0,0.0
1999-12-30 00:00:00-05:00,1.764639599378719,1.764639599378719,1.7245341539382935,1.7245341539382935,5000,0.0,0.0
1999-12-31 00:00:00-05:00,1.7111655726577297,1.7913764588760608,1.6844286105849526,1.7646394968032837,6700,0.0,0.0
2000-01-03 00:00:00-05:00,1.791376705456497,1.791376705456497,1.764639739703415,1.778008222579956,3200,0.0,0.0
2000-01-04 00:00:00-05:00,1.7512714862823486,1.7512714862823486,1.7512714862823486,1.7512714862823486,1100,0.0,0.0
2000-01-05 00:00:00-05:00,1.7512714862823486,1.7512714862823486,1.7512714862823486,1.7512714862823486,1200,0.0,0.0
2000-01-06 00:00:00-05:00,1.764638804677707,1.791375756263733,1.764638804677707,1.791375756263733,5200,0.0,0.0
2000-01-07 00:00:00-05:00,1.778008222579956,1.8181136712095791,1.764639739703415,1.778008222579956,5200,0.0,0.0
2000-01-10 00:00:00-05:00,1.7780084662967257,1.8314824051327177,1.7780084662967257,1.8047454357147217,4700,0.0,0.0
2000-01-11 00:00:00-05:00,1.8047456800098152,1.8983250856399536,1.8047456800098152,1.8983250856399536,12100,0.0,0.0
2000-01-12 00:00:00-05:00,1.8849565991213624,1.8983250856399536,1.8849565991213624,1.8983250856399536,700,0.0,0.0
2000-01-13 00:00:00-05:00,1.8983250856399536,1.8983250856399536,1.8983250856399536,1.8983250856399536,200,0.0,0.0
2000-01-14 00:00:00-05:00,1.871586909397043,1.871586909397043,1.8448499535485137,1.8582184314727783,1600,0.0,0.0
2000-01-18 00:00:00-05:00,1.858220105623677,1.8715885955921925,1.81811463571813,1.8314831256866455,4400,0.0,0.0
2000-01-19 00:00:00-05:00,1.8582191509859902,1.8715876340866089,1.8582191509859902,1.8715876340866089,4000,0.0,0.0
2000-01-20 00:00:00-05:00,1.8849565991213624,1.8983250856399536,1.85821962608418,1.8983250856399536,2600,0.0,0.0
2000-01-21 00:00:00-05:00,1.8448506678853718,1.8715876340866089,1.8448506678853718,1.8715876340866089,5600,0.0,0.0
2000-01-24 00:00:00-05:00,1.8582191509859902,1.8715876340866089,1.8582191509859902,1.8715876340866089,4000,0.0,0.0
2000-01-25 00:00:00-05:00,1.8314820579860522,1.8582190223362136,1.8314820579860522,1.8448505401611328,2500,0.0,0.0
2000-01-26 00:00:00-05:00,1.8715874015862215,1.884955883026123,1.8715874015862215,1.884955883026123,2400,0.0,0.0
2000-01-27 00:00:00-05:00,1.884957085560708,1.8983255755292239,1.8314831256866455,1.8314831256866455,4200,0.0,0.0
2000-01-28 00:00:00-05:00,1.8181132078170776,1.8181132078170776,1.8181132078170776,1.8181132078170776,1200,0.0,0.0
2000-01-31 00:00:00-05:00,1.791375756263733,1.791375756263733,1.791375756263733,1.791375756263733,1000,0.0,0.0
2000-02-01 00:00:00-05:00,1.791375756263733,1.791375756263733,1.791375756263733,1.791375756263733,1200,0.0,0.0
2000-02-02 00:00:00-05:00,1.7646394968032837,1.7646394968032837,1.7646394968032837,1.7646394968032837,500,0.0,0.0
2000-02-03 00:00:00-05:00,1.7913762488785911,1.8181132078170776,1.7913762488785911,1.8181132078170776,600,0.0,0.0
2000-02-04 00:00:00-05:00,1.81811463571813,1.844851615655161,1.81811463571813,1.8314831256866455,2500,0.0,0.0
2000-02-07 00:00:00-05:00,1.8448501667555641,1.8448501667555641,1.8181132078170776,1.8181132078170776,2000,0.0,0.0
2000-02-08 00:00:00-05:00,1.778009165812583,1.8314831256866455,1.778009165812583,1.8314831256866455,2700,0.0,0.0
2000-02-09 00:00:00-05:00,1.8448505401611328,1.8448505401611328,1.8448505401611328,1.8448505401611328,1700,0.0,0.0
2000-02-10 00:00:00-05:00,1.8181129976999846,1.8582184314727783,1.8181129976999846,1.8582184314727783,3700,0.0,0.0
2000-02-11 00:00:00-05:00,1.830999493598938,1.830999493598938,1.830999493598938,1.830999493598938,1700,0.188,0.0
2000-02-14 00:00:00-05:00,1.858327865600586,1.858327865600586,1.858327865600586,1.858327865600586,300,0.0,0.0
2000-02-15 00:00:00-05:00,1.8583278442496685,1.8583278442496685,1.830999493598938,1.830999493598938,1000,0.0,0.0
2000-02-16 00:00:00-05:00,1.830999493598938,1.830999493598938,1.830999493598938,1.830999493598938,700,0.0,0.0
2000-02-17 00:00:00-05:00,1.830999493598938,1.830999493598938,1.830999493598938,1.830999493598938,1200,0.0,0.0
2000-02-18 00:00:00-05:00,1.8309999183372214,1.8583282753273291,1.8309999183372214,1.8446640968322754,1200,0.0,0.0
2000-02-22 00:00:00-05:00,1.830999493598938,1.830999493598938,1.830999493598938,1.830999493598938,200,0.0,0.0
2000-02-23 00:00:00-05:00,1.8173357248306274,1.8173357248306274,1.8173357248306274,1.8173357248306274,700,0.0,0.0
2000-02-24 00:00:00-05:00,1.8173357248306274,1.8173357248306274,1.8173357248306274,1.8173357248306274,1000,0.0,0.0
2000-02-25 00:00:00-05:00,1.8310000505298376,1.8310000505298376,1.735350794158876,1.749014973640442,11200,0.0,0.0
2000-02-28 00:00:00-05:00,1.749014973640442,1.749014973640442,1.749014973640442,1.749014973640442,1100,0.0,0.0
2000-02-29 00:00:00-05:00,1.749014973640442,1.749014973640442,1.749014973640442,1.749014973640442,800,0.0,0.0
2000-03-01 00:00:00-05:00,1.7490148026813832,1.8036715152651763,1.7490148026813832,1.7626789808273315,5100,0.0,0.0
2000-03-02 00:00:00-05:00,1.7626789808273315,1.7626789808273315,1.7626789808273315,1.7626789808273315,300,0.0,0.0
2000-03-03 00:00:00-05:00,1.803671163671157,1.858327865600586,1.803671163671157,1.858327865600586,4000,0.0,0.0
2000-03-06 00:00:00-05:00,1.8310000505298376,1.8583284094929695,1.749014973640442,1.749014973640442,7100,0.0,0.0
2000-03-07 00:00:00-05:00,1.7763431589732799,1.7763431589732799,1.7626789808273315,1.7626789808273315,800,0.0,0.0
2000-03-08 00:00:00-05:00,1.7763431589732799,1.7900073371192282,1.7626789808273315,1.7626789808273315,1700,0.0,0.0
2000-03-09 00:00:00-05:00,1.735350794158876,1.749014973640442,1.735350794158876,1.749014973640442,4000,0.0,0.0
2000-03-10 00:00:00-05:00,1.7490149603949652,1.7490149603949652,1.721686601638794,1.721686601638794,6900,0.0,0.0
2000-03-13 00:00:00-05:00,1.749014973640442,1.749014973640442,1.694358255714178,1.749014973640442,3700,0.0,0.0
2000-03-14 00:00:00-05:00,1.749014973640442,1.749014973640442,1.749014973640442,1.749014973640442,0,0.0,0.0
2000-03-15 00:00:00-05:00,1.74901416015625,1.74901416015625,1.6943574676513673,1.708021640777588,3900,0.0,0.0
2000-03-16 00:00:00-05:00,1.721686601638794,1.7490149603949652,1.6943582428826225,1.721686601638794,6400,0.0,0.0
2000-03-17 00:00:00-05:00,1.735350794158876,1.749014973640442,1.735350794158876,1.749014973640442,3500,0.0,0.0
2000-03-20 00:00:00-05:00,1.7626789808273315,1.7626789808273315,1.7626789808273315,1.7626789808273315,2000,0.0,0.0
2000-03-21 00:00:00-05:00,1.7763429880142212,1.7900071648451,1.7763429880142212,1.7763429880142212,2100,0.0,0.0
2000-03-22 00:00:00-05:00,1.749014973640442,1.7626791531220078,1.749014973640442,1.749014973640442,9200,0.0,0.0
2000-03-23 00:00:00-05:00,1.7626791531220078,1.7626791531220078,1.749014973640442,1.749014973640442,3400,0.0,0.0
2000-03-24 00:00:00-05:00,1.749014973640442,1.749014973640442,1.749014973640442,1.749014973640442,8100,0.0,0.0
2000-03-27 00:00:00-05:00,1.721686601638794,1.721686601638794,1.721686601638794,1.721686601638794,4100,0.0,0.0
2000-03-28 00:00:00-05:00,1.7490159352620442,1.7490159352620442,1.5850456913312276,1.6397024393081665,19500,0.0,0.0
2000-03-29 00:00:00-05:00,1.6260370016098022,1.6397011780939181,1.5850444721574544,1.6260370016098022,36300,0.0,0.0
2000-03-30 00:00:00-05:00,1.612374065319697,1.6397024393081665,1.557717317342758,1.6397024393081665,21300,0.0,0.0
2000-03-31 00:00:00-05:00,1.6397014260292053,1.6397014260292053,1.229776069521904,1.5303879976272583,101200,0.0,0.0
2000-04-03 00:00:00-04:00,1.544051990670673,1.612372875213623,1.544051990670673,1.612372875213623,10600,0.0,0.0
2000-04-04 00:00:00-04:00,1.6123730992448742,1.639701456859194,1.5850447416305542,1.5850447416305542,4200,0.0,0.0
2000-04-05 00:00:00-04:00,1.612374065319697,1.6397024393081665,1.557717317342758,1.6397024393081665,9500,0.0,0.0
2000-04-06 00:00:00-04:00,1.612372875213623,1.612372875213623,1.612372875213623,1.612372875213623,400,0.0,0.0
2000-04-07 00:00:00-04:00,1.6397016165686435,1.6670299768447876,1.6397016165686435,1.6670299768447876,5000,0.0,0.0
2000-04-10 00:00:00-04:00,1.6943578720092773,1.6943578720092773,1.6943578720092773,1.6943578720092773,1600,0.0,0.0
2000-04-11 00:00:00-04:00,1.6943574676513673,1.708021640777588,1.6943574676513673,1.708021640777588,4400,0.0,0.0
2000-04-12 00:00:00-04:00,1.6943583371209316,1.6943583371209316,1.6670299768447876,1.6670299768447876,2100,0.0,0.0
2000-04-13 00:00:00-04:00,1.6670299235398207,1.6943582829421129,1.6670299235398207,1.6806941032409668,600,0.0,0.0
2000-04-14 00:00:00-04:00,1.639701166460591,1.7216862247836207,1.639701166460591,1.6943578720092773,4600,0.0,0.0
2000-04-17 00:00:00-04:00,1.6943582829421129,1.721686642344405,1.6397015641375285,1.6806941032409668,11500,0.0,0.0
2000-04-18 00:00:00-04:00,1.6533653428477626,1.6943578720092773,1.639701166460591,1.6943578720092773,11100,0.0,0.0
2000-04-19 00:00:00-04:00,1.6670299768447876,1.6943583371209316,1.6670299768447876,1.6670299768447876,4700,0.0,0.0
2000-04-20 00:00:00-04:00,1.6806941032409668,1.6806941032409668,1.6806941032409668,1.6806941032409668,600,0.0,0.0
2000-04-24 00:00:00-04:00,1.6670295192349343,1.6943578720092773,1.6670295192349343,1.6943578720092773,200,0.0,0.0
2000-04-25 00:00:00-04:00,1.6943578720092773,1.6943578720092773,1.6943578720092773,1.6943578720092773,7000,0.0,0.0
2000-04-26 00:00:00-04:00,1.6806936956221057,1.7490145775579637,1.6806936956221057,1.6943578720092773,17900,0.0,0.0
2000-04-27 00:00:00-04:00,1.708022435195744,1.749014973640442,1.694358255714178,1.749014973640442,13800,0.0,0.0
2000-04-28 00:00:00-04:00,1.749014973640442,1.749014973640442,1.749014973640442,1.749014973640442,0,0.0,0.0
2000-05-01 00:00:00-04:00,1.749014973640442,1.749014973640442,1.749014973640442,1.749014973640442,0,0.0,0.0
2000-05-02 00:00:00-04:00,1.749014634352464,1.7763429880142212,1.749014634352464,1.7763429880142212,9800,0.0,0.0
2000-05-03 00:00:00-04:00,1.8036713416759784,1.8036713416759784,1.7626788111833427,1.7763429880142212,12600,0.0,0.0
2000-05-04 00:00:00-04:00,1.749014847366898,1.8583282753273291,1.7216864903767903,1.8446640968322754,8800,0.0,0.0
2000-05-05 00:00:00-04:00,1.8309995146358715,1.858327865600586,1.8309995146358715,1.858327865600586,11500,0.0,0.0
2000-05-08 00:00:00-04:00,1.8446640815949977,1.871992438359368,1.8173357248306274,1.8173357248306274,8000,0.0,0.0
2000-05-09 00:00:00-04:00,1.8173353182735728,1.8583278442496685,1.8173353182735728,1.830999493598938,11400,0.0,0.0
2000-05-10 00:00:00-04:00,1.858327865600586,1.858327865600586,1.858327865600586,1.858327865600586,200,0.0,0.0
2000-05-11 00:00:00-04:00,1.865427017211914,1.865427017211914,1.865427017211914,1.865427017211914,7000,0.188,0.0
2000-05-12 00:00:00-04:00,1.844466209411621,1.844466209411621,1.844466209411621,1.844466209411621,10200,0.0,0.0
2000-05-15 00:00:00-04:00,1.8165205707845762,1.8165205707845762,1.7885741004648135,1.8025473356246948,6300,0.0,0.0
2000-05-16 00:00:00-04:00,1.8304939270019531,1.8304939270019531,1.8304939270019531,1.8304939270019531,1900,0.0,0.0
2000-05-17 00:00:00-04:00,1.8025468810280756,1.8724130392074585,1.8025468810280756,1.8724130392074585,8500,0.0,0.0
2000-05-18 00:00:00-04:00,1.8444664368262658,1.8444664368262658,1.7606270533341628,1.8165199756622314,14700,0.0,0.0
2000-05-19 00:00:00-04:00,1.7885738554454984,1.8165203219368342,1.7326809224628266,1.7606273889541626,7300,0.0,0.0
2000-05-22 00:00:00-04:00,1.7885738495857484,1.7885738495857484,1.7047344503864164,1.7326809167861938,6100,0.0,0.0
2000-05-23 00:00:00-04:00,1.6208953857421875,1.7047348022460938,1.6208953857421875,1.7047348022460938,11400,0.0,0.0
2000-05-24 00:00:00-04:00,1.7047348022460938,1.7047348022460938,1.676788330078125,1.7047348022460938,1900,0.0,0.0
2000-05-25 00:00:00-04:00,1.7326809224628266,1.7606273889541626,1.7326809224628266,1.7606273889541626,600,0.0,0.0
2000-05-26 00:00:00-04:00,1.7606273889541626,1.7606273889541626,1.7606273889541626,1.7606273889541626,0,0.0,0.0
2000-05-30 00:00:00-04:00,1.78857421875,1.8165206909179688,1.7606277465820312,1.7746009826660156,3500,0.0,0.0
2000-05-31 00:00:00-04:00,1.7885740995407104,1.7885740995407104,1.7885740995407104,1.7885740995407104,1000,0.0,0.0
2000-06-01 00:00:00-04:00,1.7885740995407104,1.7885740995407104,1.7606276292353868,1.7885740995407104,4500,0.0,0.0
2000-06-02 00:00:00-04:00,1.7885732939749053,1.872412667129979,1.7466536073973684,1.844466209411621,12000,0.0,0.0
2000-06-05 00:00:00-04:00,1.844466209411621,1.844466209411621,1.844466209411621,1.844466209411621,200,0.0,0.0
2000-06-06 00:00:00-04:00,1.816520235117744,1.9003596305847168,1.816520235117744,1.9003596305847168,13700,0.0,0.0
2000-06-07 00:00:00-04:00,1.9003595024792115,1.9003595024792115,1.8724130392074585,1.8724130392074585,11200,0.0,0.0
2000-06-08 00:00:00-04:00,1.8724128979903,1.8724128979903,1.8165199756622314,1.8165199756622314,23900,0.0,0.0
2000-06-09 00:00:00-04:00,1.7885740995407104,1.7885740995407104,1.7885740995407104,1.7885740995407104,1900,0.0,0.0
2000-06-12 00:00:00-04:00,1.8444670401513577,1.8444670401513577,1.7885740995407104,1.7885740995407104,9800,0.0,0.0
2000-06-13 00:00:00-04:00,1.8165201126639523,1.8724130392074585,1.8165201126639523,1.8724130392074585,2800,0.0,0.0
2000-06-14 00:00:00-04:00,1.8724130392074585,1.886386270843335,1.8444665759357053,1.8724130392074585,2300,0.0,0.0
2000-06-15 00:00:00-04:00,1.8724129252963595,1.9003593868679471,1.844466463724772,1.8863861560821533,15900,0.0,0.0
2000-06-16 00:00:00-04:00,1.900359124848337,1.900359124848337,1.844466209411621,1.844466209411621,10200,0.0,0.0
2000-06-19 00:00:00-04:00,1.8165199756622314,1.8165199756622314,1.8165199756622314,1.8165199756622314,1300,0.0,0.0
2000-06-20 00:00:00-04:00,1.8165205707845762,1.8165205707845762,1.8025473356246948,1.8025473356246948,5400,0.0,0.0
2000-06-21 00:00:00-04:00,1.8025473356246948,1.8025473356246948,1.8025473356246948,1.8025473356246948,0,0.0,0.0
2000-06-22 00:00:00-04:00,1.8165205707845762,1.8165205707845762,1.8025473356246948,1.8025473356246948,1900,0.0,0.0
2000-06-23 00:00:00-04:00,1.8025467450802144,1.8304932062442487,1.8025467450802144,1.8165199756622314,1100,0.0,0.0
2000-06-26 00:00:00-04:00,1.8444669264599793,1.8584401607513428,1.8444669264599793,1.8584401607513428,10800,0.0,0.0
2000-06-27 00:00:00-04:00,1.8724133950427062,1.8863866293340696,1.8444669264599793,1.8584401607513428,9000,0.0,0.0
2000-06-28 00:00:00-04:00,1.8584401607513428,1.8724133950427062,1.8444669264599793,1.8584401607513428,4300,0.0,0.0
2000-06-29 00:00:00-04:00,1.8724133950427062,1.8863866293340696,1.8444669264599793,1.8584401607513428,6200,0.0,0.0
2000-06-30 00:00:00-04:00,1.8584394382708,1.8584394382708,1.844466209411621,1.844466209411621,3400,0.0,0.0
2000-07-03 00:00:00-04:00,1.8444669264599793,1.8584401607513428,1.8444669264599793,1.8584401607513428,1100,0.0,0.0
2000-07-05 00:00:00-04:00,1.844466209411621,1.844466209411621,1.8304929805524421,1.844466209411621,12700,0.0,0.0
2000-07-06 00:00:00-04:00,1.844466209411621,1.844466209411621,1.844466209411621,1.844466209411621,0,0.0,0.0
2000-07-07 00:00:00-04:00,1.844466209411621,1.844466209411621,1.844466209411621,1.844466209411621,500,0.0,0.0
2000-07-10 00:00:00-04:00,1.844466209411621,1.844466209411621,1.844466209411621,1.844466209411621,0,0.0,0.0
2000-07-11 00:00:00-04:00,1.8724133950427062,1.8724133950427062,1.8584401607513428,1.8584401607513428,4100,0.0,0.0
2000-07-12 00:00:00-04:00,1.8724131654290592,1.9003596305847168,1.8724131654290592,1.9003596305847168,6500,0.0,0.0
2000-07-13 00:00:00-04:00,1.9143328631625458,1.9143328631625458,1.886386398006888,1.9003596305847168,1400,0.0,0.0
2000-07-14 00:00:00-04:00,1.886386398006888,1.9143328631625458,1.886386398006888,1.9003596305847168,7500,0.0,0.0
2000-07-17 00:00:00-04:00,1.9003596305847168,1.9003596305847168,1.9003596305847168,1.9003596305847168,1400,0.0,0.0
2000-07-18 00:00:00-04:00,1.8724131654290592,1.9003596305847168,1.8724131654290592,1.9003596305847168,1400,0.0,0.0
2000-07-19 00:00:00-04:00,1.8444667002734016,1.9003596305847168,1.8444667002734016,1.9003596305847168,6100,0.0,0.0
2000-07-20 00:00:00-04:00,1.9003596305847168,1.9003596305847168,1.9003596305847168,1.9003596305847168,0,0.0,0.0
2000-07-21 00:00:00-04:00,1.9283061027526855,1.9283061027526855,1.914332870124043,1.9283061027526855,5400,0.0,0.0
2000-07-24 00:00:00-04:00,1.9283061027526855,1.9422793353813281,1.9003596374954002,1.9283061027526855,2900,0.0,0.0
2000-07-25 00:00:00-04:00,1.9283061027526855,1.9283061027526855,1.9283061027526855,1.9283061027526855,0,0.0,0.0
2000-07-26 00:00:00-04:00,1.9283061027526855,1.9283061027526855,1.9283061027526855,1.9283061027526855,0,0.0,0.0
2000-07-27 00:00:00-04:00,1.9283061027526855,1.9562525680099707,1.9283061027526855,1.9283061027526855,1800,0.0,0.0
2000-07-28 00:00:00-04:00,1.942279577255249,1.942279577255249,1.942279577255249,1.942279577255249,3500,0.0,0.0
2000-07-31 00:00:00-04:00,1.9422789930451847,1.97022545337677,1.9422789930451847,1.97022545337677,2500,0.0,0.0
2000-08-01 00:00:00-04:00,1.9562522232109774,1.97022545337677,1.9562522232109774,1.97022545337677,3100,0.0,0.0
2000-08-02 00:00:00-04:00,1.9562528133392332,1.9841992821012224,1.9562528133392332,1.9562528133392334,3200,0.0,0.0
2000-08-03 00:00:00-04:00,1.9562528133392332,1.9562528133392332,1.9562528133392332,1.9562528133392334,0,0.0,0.0
2000-08-04 00:00:00-04:00,1.9562536394092398,1.984200119972229,1.9562536394092398,1.984200119972229,19700,0.0,0.0
2000-08-07 00:00:00-04:00,1.9841992821012224,1.9841992821012224,1.9562528133392332,1.9562528133392334,13100,0.0,0.0
2000-08-08 00:00:00-04:00,1.97022545337677,1.97022545337677,1.97022545337677,1.97022545337677,1000,0.0,0.0
2000-08-09 00:00:00-04:00,1.984200119972229,1.984200119972229,1.984200119972229,1.984200119972229,3600,0.0,0.0
2000-08-10 00:00:00-04:00,1.9841992821012224,1.9841992821012224,1.9562528133392332,1.9562528133392334,7500,0.0,0.0
2000-08-11 00:00:00-04:00,1.985390558109417,2.0425240993499756,1.985390558109417,2.0425240993499756,2700,0.19,0.0
2000-08-14 00:00:00-04:00,2.028241275108024,2.0853748321533203,2.028241275108024,2.0853748321533203,3000,0.0,0.0
2000-08-15 00:00:00-04:00,2.05680775642395,2.085374530818727,2.05680775642395,2.05680775642395,1100,0.0,0.0
2000-08-16 00:00:00-04:00,2.0853748321533203,2.0996582214146446,2.0853748321533203,2.0853748321533203,1100,0.0,0.0
2000-08-17 00:00:00-04:00,2.08537415095738,2.0996575355529785,2.08537415095738,2.0996575355529785,2800,0.0,0.0
2000-08-18 00:00:00-04:00,2.0996578061902844,2.1425079655002905,2.0996578061902844,2.113941192626953,10700,0.0,0.0
2000-08-21 00:00:00-04:00,2.085374530818727,2.085374530818727,2.05680775642395,2.05680775642395,5300,0.0,0.0
2000-08-22 00:00:00-04:00,2.05680775642395,2.05680775642395,2.05680775642395,2.05680775642395,200,0.0,0.0
2000-08-23 00:00:00-04:00,2.05680775642395,2.05680775642395,2.05680775642395,2.05680775642395,3700,0.0,0.0
2000-08-24 00:00:00-04:00,2.056807692621795,2.056807692621795,2.028240919113159,2.028240919113159,5700,0.0,0.0
2000-08-25 00:00:00-04:00,2.0282408740069418,2.113941192626953,2.0282408740069418,2.113941192626953,6700,0.0,0.0
2000-08-28 00:00:00-04:00,2.0853748025565313,2.0853748025565313,2.071091413497925,2.071091413497925,1100,0.0,0.0
2000-08-29 00:00:00-04:00,2.0853748321533203,2.0853748321533203,2.0853748321533203,2.0853748321533203,400,0.0,0.0
2000-08-30 00:00:00-04:00,2.128224579063622,2.128224579063622,2.113941192626953,2.113941192626953,2500,0.0,0.0
2000-08-31 00:00:00-04:00,2.113941580673744,2.113941580673744,2.071091413497925,2.071091413497925,2800,0.0,0.0
2000-09-01 00:00:00-04:00,2.05680775642395,2.05680775642395,2.05680775642395,2.05680775642395,900,0.0,0.0
2000-09-05 00:00:00-04:00,2.0853739393518325,2.0853739393518325,2.0139570236206055,2.0139570236206055,3700,0.0,0.0
2000-09-06 00:00:00-04:00,2.056808053630672,2.0853748321533203,2.056808053630672,2.0853748321533203,2500,0.0,0.0
2000-09-07 00:00:00-04:00,2.0853748321533203,2.0853748321533203,2.0853748321533203,2.0853748321533203,8100,0.0,0.0
2000-09-08 00:00:00-04:00,2.056807484660115,2.056807484660115,2.0425240993499756,2.0425240993499756,1300,0.0,0.0
2000-09-11 00:00:00-04:00,2.0282412463221053,2.071091413497925,2.0282412463221053,2.071091413497925,5300,0.0,0.0
2000-09-12 00:00:00-04:00,2.0996579180161157,2.0996579180161157,2.05680775642395,2.05680775642395,4100,0.0,0.0
2000-09-13 00:00:00-04:00,2.056807692621795,2.056807692621795,2.028240919113159,2.028240919113159,30500,0.0,0.0
2000-09-14 00:00:00-04:00,2.028240919113159,2.028240919113159,2.028240919113159,2.028240919113159,0,0.0,0.0
2000-09-15 00:00:00-04:00,2.0425243692265616,2.05680775642395,2.0425243692265616,2.05680775642395,2400,0.0,0.0
2000-09-18 00:00:00-04:00,2.056808166503906,2.1710752868652343,2.056808166503906,2.1425085067749023,13300,0.0,0.0
2000-09-19 00:00:00-04:00,2.1425085067749023,2.1425085067749023,2.1425085067749023,2.1425085067749023,0,0.0,0.0
2000-09-20 00:00:00-04:00,2.1425079655002905,2.1425079655002905,2.113941192626953,2.113941192626953,24800,0.0,0.0
2000-09-21 00:00:00-04:00,2.128224579063622,2.128224579063622,2.113941192626953,2.113941192626953,1400,0.0,0.0
2000-09-22 00:00:00-04:00,2.113941192626953,2.113941192626953,2.113941192626953,2.113941192626953,0,0.0,0.0
2000-09-25 00:00:00-04:00,2.1425085067749023,2.1425085067749023,2.1425085067749023,2.1425085067749023,1000,0.0,0.0
2000-09-26 00:00:00-04:00,2.1139417266845704,2.1425085067749023,2.1139417266845704,2.1425085067749023,3900,0.0,0.0
2000-09-27 00:00:00-04:00,2.128225326538086,2.128225326538086,2.128225326538086,2.128225326538086,3000,0.0,0.0
2000-09-28 00:00:00-04:00,2.128225326538086,2.128225326538086,2.128225326538086,2.128225326538086,400,0.0,0.0
2000-09-29 00:00:00-04:00,2.128225326538086,2.128225326538086,2.128225326538086,2.128225326538086,1400,0.0,0.0
2000-10-02 00:00:00-04:00,2.128225326538086,2.128225326538086,2.128225326538086,2.128225326538086,200,0.0,0.0
2000-10-03 00:00:00-04:00,2.171074628829956,2.171074628829956,2.171074628829956,2.171074628829956,200,0.0,0.0
2000-10-04 00:00:00-04:00,2.128225326538086,2.128225326538086,2.128225326538086,2.128225326538086,3300,0.0,0.0
2000-10-05 00:00:00-04:00,2.1710747383736275,2.1710747383736275,2.113941192626953,2.113941192626953,5100,0.0,0.0
2000-10-06 00:00:00-04:00,2.1139409201485773,2.1139409201485773,2.0996575355529785,2.0996575355529785,5800,0.0,0.0
2000-10-09 00:00:00-04:00,2.0996578061902844,2.113941192626953,2.0996578061902844,2.113941192626953,1600,0.0,0.0
2000-10-10 00:00:00-04:00,2.113941192626953,2.113941192626953,2.113941192626953,2.113941192626953,0,0.0,0.0
2000-10-11 00:00:00-04:00,2.0853748025565313,2.0853748025565313,2.071091413497925,2.071091413497925,1500,0.0,0.0
2000-10-12 00:00:00-04:00,2.0710910793761133,2.0710910793761133,2.013957532358841,2.028240919113159,5000,0.0,0.0
2000-10-13 00:00:00-04:00,2.028240919113159,2.028240919113159,2.028240919113159,2.028240919113159,0,0.0,0.0
2000-10-16 00:00:00-04:00,2.05680775642395,2.05680775642395,2.0425243692265616,2.05680775642395,2200,0.0,0.0
2000-10-17 00:00:00-04:00,2.05680775642395,2.128224692410893,2.05680775642395,2.05680775642395,4300,0.0,0.0
2000-10-18 00:00:00-04:00,2.028240919113159,2.028240919113159,2.028240919113159,2.028240919113159,1100,0.0,0.0
2000-10-19 00:00:00-04:00,2.0139573480401722,2.0139573480401722,1.9568238062517984,1.9996739625930786,14700,0.0,0.0
2000-10-20 00:00:00-04:00,2.042524635380712,2.071091413497925,2.042524635380712,2.071091413497925,2400,0.0,0.0
2000-10-23 00:00:00-04:00,2.0853749465942384,2.1425085067749023,2.0853749465942384,2.1425085067749023,1300,0.0,0.0
2000-10-24 00:00:00-04:00,2.1425083891986167,2.1425083891986167,2.0853748321533203,2.0853748321533203,500,0.0,0.0
2000-10-25 00:00:00-04:00,2.0853748321533203,2.0853748321533203,2.0853748321533203,2.0853748321533203,0,0.0,0.0
2000-10-26 00:00:00-04:00,2.0853748321533203,2.0853748321533203,2.0853748321533203,2.0853748321533203,0,0.0,0.0
2000-10-27 00:00:00-04:00,2.0568080244393183,2.071091413497925,2.0568080244393183,2.071091413497925,3100,0.0,0.0
2000-10-30 00:00:00-05:00,2.05680775642395,2.05680775642395,2.028240982029173,2.05680775642395,2500,0.0,0.0
2000-10-31 00:00:00-05:00,2.05680775642395,2.05680775642395,2.05680775642395,2.05680775642395,0,0.0,0.0
2000-11-01 00:00:00-05:00,2.05680775642395,2.05680775642395,2.05680775642395,2.05680775642395,1100,0.0,0.0
2000-11-02 00:00:00-05:00,2.056807173059342,2.056807173059342,2.0139570236206055,2.0139570236206055,3200,0.0,0.0
2000-11-03 00:00:00-05:00,2.0139570236206055,2.0139570236206055,2.0139570236206055,2.0139570236206055,600,0.0,0.0
2000-11-06 00:00:00-05:00,2.0139570236206055,2.0139570236206055,2.0139570236206055,2.0139570236206055,2600,0.0,0.0
2000-11-07 00:00:00-05:00,2.0425240993499756,2.0425240993499756,2.0425240993499756,2.0425240993499756,1300,0.0,0.0
2000-11-08 00:00:00-05:00,2.0282407334872654,2.0282407334872654,1.9996739625930786,1.9996739625930786,4000,0.0,0.0
2000-11-09 00:00:00-05:00,2.0425240993499756,2.0425240993499756,2.0425240993499756,2.0425240993499756,500,0.0,0.0
2000-11-10 00:00:00-05:00,2.028240919113159,2.028240919113159,2.028240919113159,2.028240919113159,9600,0.0,0.0
2000-11-13 00:00:00-05:00,2.0440080165863037,2.0440080165863037,2.0002078448023117,2.0440080165863037,1000,0.1925,0.0
2000-11-14 00:00:00-05:00,2.0586094570831515,2.073209524154663,2.0586094570831515,2.073209524154663,4600,0.0,0.0
2000-11-15 00:00:00-05:00,2.073209524154663,2.073209524154663,2.073209524154663,2.073209524154663,0,0.0,0.0
2000-11-16 00:00:00-05:00,2.073209524154663,2.073209524154663,2.073209524154663,2.073209524154663,0,0.0,0.0
2000-11-17 00:00:00-05:00,2.0440091816246087,2.0586092472076416,2.0440091816246087,2.0586092472076416,700,0.0,0.0
2000-11-20 00:00:00-05:00,2.0440091816246087,2.0586092472076416,2.0148090504585427,2.0586092472076416,4300,0.0,0.0
2000-11-21 00:00:00-05:00,2.0148090504585427,2.0586092472076416,2.0148090504585427,2.0586092472076416,1800,0.0,0.0
2000-11-22 00:00:00-05:00,2.073208131108965,2.073208131108965,2.0440080165863037,2.0440080165863037,2900,0.0,0.0
2000-11-24 00:00:00-05:00,2.0440093900116394,2.073209524154663,2.0440093900116394,2.073209524154663,1400,0.0,0.0
2000-11-27 00:00:00-05:00,2.0440091816246087,2.0878093783737075,2.0440091816246087,2.0586092472076416,3000,0.0,0.0
2000-11-28 00:00:00-05:00,2.087809956592062,2.087809956592062,2.0148096084594727,2.0148096084594727,3200,0.0,0.0
2000-11-29 00:00:00-05:00,2.0148096084594727,2.0148096084594727,2.0148096084594727,2.0148096084594727,0,0.0,0.0
2000-11-30 00:00:00-05:00,2.0002095388329546,2.0148096084594727,2.0002095388329546,2.0148096084594727,2400,0.0,0.0
2000-12-01 00:00:00-05:00,2.0148096084594727,2.0148096084594727,2.0148096084594727,2.0148096084594727,6100,0.0,0.0
2000-12-04 00:00:00-05:00,2.0440097477125083,2.0440097477125083,2.0002095388329546,2.0148096084594727,3300,0.0,0.0
2000-12-05 00:00:00-05:00,1.985607901615883,2.0440081340163503,1.9564077854156494,1.9564077854156494,16500,0.0,0.0
2000-12-06 00:00:00-05:00,1.9564091563224792,1.9856092929840088,1.9564091563224792,1.9856092929840088,10800,0.0,0.0
2000-12-07 00:00:00-05:00,1.9856092929840088,2.0148094296455383,1.9856092929840088,1.9856092929840088,6500,0.0,0.0
2000-12-08 00:00:00-05:00,1.9564077854156494,2.0002079597159996,1.9564077854156494,1.9564077854156494,9400,0.0,0.0
2000-12-11 00:00:00-05:00,2.0148093408817864,2.0732096116319836,2.0148093408817864,2.029409408569336,9000,0.0,0.0
2000-12-12 00:00:00-05:00,2.058609428939286,2.0878095626831055,2.044009362067376,2.0878095626831055,5500,0.0,0.0
2000-12-13 00:00:00-05:00,2.1024086475372314,2.1024086475372314,2.1024086475372314,2.1024086475372314,200,0.0,0.0
2000-12-14 00:00:00-05:00,2.073209495811196,2.1024096295550154,2.073209495811196,2.0878095626831055,3500,0.0,0.0
2000-12-15 00:00:00-05:00,2.1024086475372314,2.1024086475372314,2.0878085874848895,2.1024086475372314,1000,0.0,0.0
2000-12-18 00:00:00-05:00,2.1024092656032294,2.3652104238036333,2.1024092656032294,2.292210102081299,22600,0.0,0.0
2000-12-19 00:00:00-05:00,2.292210667164295,2.292210667164295,2.24841046333313,2.24841046333313,3100,0.0,0.0
2000-12-20 00:00:00-05:00,2.2192102342643993,2.2192102342643993,2.175410032272339,2.175410032272339,5900,0.0,0.0
2000-12-21 00:00:00-05:00,2.160809595831509,2.160809595831509,2.117009401321411,2.117009401321411,5200,0.0,0.0
2000-12-22 00:00:00-05:00,2.1608095428570597,2.1608095428570597,2.146209478378296,2.146209478378296,1700,0.0,0.0
2000-12-26 00:00:00-05:00,2.131609763298835,2.131609763298835,2.0878095626831055,2.0878095626831055,3500,0.0,0.0
2000-12-27 00:00:00-05:00,2.1024092849420044,2.146209478378296,2.1024092849420044,2.146209478378296,3500,0.0,0.0
2000-12-28 00:00:00-05:00,2.1316096782684326,2.1316096782684326,2.1316096782684326,2.1316096782684326,2600,0.0,0.0
2000-12-29 00:00:00-05:00,2.190010955459193,2.2484112476047717,2.190010955459193,2.2192111015319824,6200,0.0,0.0
2001-01-02 00:00:00-05:00,2.24841046333313,2.24841046333313,2.24841046333313,2.24841046333313,200,0.0,0.0
2001-01-03 00:00:00-05:00,2.2484100612662954,2.598811629255848,2.2484100612662954,2.4674110412597656,19200,0.0,0.0
2001-01-04 00:00:00-05:00,2.4528109232584634,2.4528109232584634,2.36521053314209,2.36521053314209,5300,0.0,0.0
2001-01-05 00:00:00-05:00,2.4236110090478067,2.4236110090478067,2.3798108100891113,2.3798108100891113,3400,0.0,0.0
2001-01-08 00:00:00-05:00,2.423610793219672,2.438210858239068,2.36521053314209,2.36521053314209,5500,0.0,0.0
2001-01-09 00:00:00-05:00,2.306809902191162,2.306809902191162,2.306809902191162,2.306809902191162,1500,0.0,0.0
2001-01-10 00:00:00-05:00,2.3360104031032987,2.36521053314209,2.3068102730645075,2.36521053314209,2300,0.0,0.0
2001-01-11 00:00:00-05:00,2.306809383630753,2.3360095024108887,2.306809383630753,2.3360095024108887,2600,0.0,0.0
2001-01-12 00:00:00-05:00,2.379810025893062,2.423610210418701,2.379810025893062,2.423610210418701,2000,0.0,0.0
2001-01-16 00:00:00-05:00,2.4528114795684814,2.4528114795684814,2.4528114795684814,2.4528114795684814,300,0.0,0.0
2001-01-17 00:00:00-05:00,2.423610210418701,2.423610210418701,2.3944100874016083,2.423610210418701,600,0.0,0.0
2001-01-18 00:00:00-05:00,2.4090101489101547,2.423610210418701,2.4090101489101547,2.423610210418701,200,0.0,0.0
2001-01-19 00:00:00-05:00,2.4090109427282416,2.4090109427282416,2.3798108100891113,2.3798108100891113,2100,0.0,0.0
2001-01-22 00:00:00-05:00,2.3652104238036333,2.394410552492567,2.292210102081299,2.292210102081299,3900,0.0,0.0
2001-01-23 00:00:00-05:00,2.3214101287889184,2.3798103836012183,2.2922100013827684,2.3506102561950684,5100,0.0,0.0
2001-01-24 00:00:00-05:00,2.3214101791381836,2.3214101791381836,2.3214101791381836,2.3214101791381836,1400,0.0,0.0
2001-01-25 00:00:00-05:00,2.306809902191162,2.306809902191162,2.306809902191162,2.306809902191162,500,0.0,0.0
2001-01-26 00:00:00-05:00,2.365209621191025,2.365209621191025,2.3360095024108887,2.3360095024108887,1500,0.0,0.0
2001-01-29 00:00:00-05:00,2.371049709295509,2.3944098949432373,2.371049709295509,2.3944098949432373,2100,0.0,0.0
2001-01-30 00:00:00-05:00,2.417771100997925,2.417771100997925,2.417771100997925,2.417771100997925,200,0.0,0.0
2001-01-31 00:00:00-05:00,2.499531653671056,2.499531653671056,2.4387953159480276,2.4528114795684814,10500,0.0,0.0
2001-02-01 00:00:00-05:00,2.4528101335556007,2.4878501892089844,2.4528101335556007,2.4878501892089844,1000,0.0,0.0
2001-02-02 00:00:00-05:00,2.4761704414482804,2.4761704414482804,2.4411301612854004,2.4411301612854004,1400,0.0,0.0
2001-02-05 00:00:00-05:00,2.4411301612854004,2.4761704414482804,2.4411301612854004,2.4411301612854004,2800,0.0,0.0
2001-02-06 00:00:00-05:00,2.4294500678977737,2.4411301612854004,2.4294500678977737,2.4411301612854004,600,0.0,0.0
2001-02-07 00:00:00-05:00,2.4528108994417117,2.4528108994417117,2.40609073638916,2.40609073638916,3300,0.0,0.0
2001-02-08 00:00:00-05:00,2.3944110593498653,2.3944110593498653,2.359370986617461,2.3827309608459473,4000,0.0,0.0
2001-02-09 00:00:00-05:00,2.3827309608459473,2.3827309608459473,2.3827309608459473,2.3827309608459473,1000,0.0,0.0
2001-02-12 00:00:00-05:00,2.3827309608459473,2.3827309608459473,2.3827309608459473,2.3827309608459473,1500,0.0,0.0
2001-02-13 00:00:00-05:00,2.35772447253388,2.405355453491211,2.35772447253388,2.405355453491211,1100,0.195,0.0
2001-02-14 00:00:00-05:00,2.3934481143951416,2.3934481143951416,2.3934481143951416,2.3934481143951416,400,0.0,0.0
2001-02-15 00:00:00-05:00,2.40535482908399,2.40535482908399,2.3815393447875977,2.3815393447875977,1200,0.0,0.0
2001-02-16 00:00:00-05:00,2.3934488733777783,2.3934488733777783,2.3577256202697754,2.3577256202697754,1100,0.0,0.0
2001-02-20 00:00:00-05:00,2.3696316026394015,2.3815393447875977,2.3696316026394015,2.3815393447875977,1400,0.0,0.0
2001-02-21 00:00:00-05:00,2.3577236493671325,2.3577236493671325,2.345816135406494,2.345816135406494,3300,0.0,0.0
2001-02-22 00:00:00-05:00,2.333910345319234,2.3577256202697754,2.310094843247232,2.3577256202697754,2100,0.0,0.0
2001-02-23 00:00:00-05:00,2.345818096355235,2.3696333713057762,2.345818096355235,2.3577256202697754,5100,0.0,0.0
2001-02-26 00:00:00-05:00,2.3577256202697754,2.3577256202697754,2.3577256202697754,2.3577256202697754,500,0.0,0.0
2001-02-27 00:00:00-05:00,2.3577256202697754,2.3577256202697754,2.333910345319234,2.3577256202697754,1600,0.0,0.0
2001-02-28 00:00:00-05:00,2.3100939492054144,2.357724707794123,2.3100939492054144,2.3220016956329346,13700,0.0,0.0
2001-03-01 00:00:00-05:00,2.3339094420604547,2.3339094420604547,2.3220016956329346,2.3220016956329346,1900,0.0,0.0
2001-03-02 00:00:00-05:00,2.3339099395894363,2.3815407083317877,2.3339099395894363,2.3696329593658447,2600,0.0,0.0
2001-03-05 00:00:00-05:00,2.3696316026394015,2.4291700862590915,2.3696316026394015,2.3815393447875977,6600,0.0,0.0
2001-03-06 00:00:00-05:00,2.3815393447875977,2.3815393447875977,2.3815393447875977,2.3815393447875977,1200,0.0,0.0
2001-03-07 00:00:00-05:00,2.393447708251878,2.405355453491211,2.393447708251878,2.405355453491211,3000,0.0,0.0
2001-03-08 00:00:00-05:00,2.405355453491211,2.405355453491211,2.405355453491211,2.405355453491211,100,0.0,0.0
2001-03-09 00:00:00-05:00,2.40535482908399,2.40535482908399,2.3815393447875977,2.3815393447875977,700,0.0,0.0
2001-03-12 00:00:00-05:00,2.40535482908399,2.4291700862590915,2.3815393447875977,2.3815393447875977,3400,0.0,0.0
2001-03-13 00:00:00-05:00,2.3815402006491637,2.3815402006491637,2.3100939492054144,2.3220016956329346,6500,0.0,0.0
2001-03-14 00:00:00-05:00,2.3220013861214035,2.333909130961679,2.310093641281128,2.310093641281128,4500,0.0,0.0
2001-03-15 00:00:00-05:00,2.322001758808795,2.322001758808795,2.2981862653057945,2.3172385692596436,18500,0.0,0.0
2001-03-16 00:00:00-05:00,2.333909511566162,2.4053557651376383,2.324383359564724,2.333909511566162,9400,0.0,0.0
2001-03-19 00:00:00-05:00,2.3815393447875977,2.3815393447875977,2.3815393447875977,2.3815393447875977,1100,0.0,0.0
2001-03-20 00:00:00-05:00,2.3815393447875977,2.3815393447875977,2.3815393447875977,2.3815393447875977,0,0.0,0.0
2001-03-21 00:00:00-05:00,2.4172635078430176,2.4410790036047953,2.4172635078430176,2.4172635078430176,3400,0.0,0.0
2001-03-22 00:00:00-05:00,2.417262971609194,2.4815646596287806,2.405355453491211,2.405355453491211,8400,0.0,0.0
2001-03-23 00:00:00-05:00,2.417262971609194,2.417262971609194,2.393447708251878,2.405355453491211,900,0.0,0.0
2001-03-26 00:00:00-05:00,2.405355987083529,2.4172635078430176,2.405355987083529,2.4172635078430176,2100,0.0,0.0
2001-03-27 00:00:00-05:00,2.441077161918987,2.61969256401062,2.441077161918987,2.61969256401062,8900,0.0,0.0
2001-03-28 00:00:00-05:00,2.6077868938446045,2.6077868938446045,2.6077868938446045,2.6077868938446045,100,0.0,0.0
2001-03-29 00:00:00-05:00,2.607784825113599,2.61969256401062,2.5363386188527,2.61969256401062,9100,0.0,0.0
2001-03-30 00:00:00-05:00,2.6196935713581446,3.036463003165122,2.6196935713581446,2.9531090259552,47800,0.0,0.0
2001-04-02 00:00:00-04:00,2.941202309330386,2.941202309330386,2.798309803009033,2.798309803009033,17300,0.0,0.0
2001-04-03 00:00:00-04:00,2.7673494173615754,2.7673494173615754,2.7149554744375153,2.722100257873535,5100,0.0,0.0
2001-04-04 00:00:00-04:00,2.762586832046509,2.762586832046509,2.762586832046509,2.762586832046509,900,0.0,0.0
2001-04-05 00:00:00-04:00,2.738771677017212,2.738771677017212,2.738771677017212,2.738771677017212,2700,0.0,0.0
2001-04-06 00:00:00-04:00,2.714954475854639,2.7387699576391378,2.6911392211914062,2.6911392211914062,4900,0.0,0.0
2001-04-09 00:00:00-04:00,2.679231882095337,2.679231882095337,2.662561178618893,2.679231882095337,600,0.0,0.0
2001-04-10 00:00:00-04:00,2.679231882095337,2.679231882095337,2.679231882095337,2.679231882095337,500,0.0,0.0
2001-04-11 00:00:00-04:00,2.6554165936186216,2.6554165936186216,2.631601333618164,2.631601333618164,2600,0.0,0.0
2001-04-12 00:00:00-04:00,2.61969256401062,2.6435080418046626,2.61969256401062,2.61969256401062,2400,0.0,0.0
2001-04-16 00:00:00-04:00,2.5839707133532492,2.5839707133532492,2.5720629692077637,2.5720629692077637,2000,0.0,0.0
2001-04-17 00:00:00-04:00,2.5958776473999023,2.5958776473999023,2.5958776473999023,2.5958776473999023,100,0.0,0.0
2001-04-18 00:00:00-04:00,2.607785388871169,2.607785388871169,2.5839701330499136,2.5958776473999023,1200,0.0,0.0
2001-04-19 00:00:00-04:00,2.583971120641906,2.610167980194092,2.583971120641906,2.610167980194092,500,0.0,0.0
2001-04-20 00:00:00-04:00,2.6077868938446045,2.6077868938446045,2.6077868938446045,2.6077868938446045,1000,0.0,0.0
2001-04-23 00:00:00-04:00,2.617313047094977,2.617313047094977,2.6077868938446045,2.6077868938446045,800,0.0,0.0
2001-04-24 00:00:00-04:00,2.5958780940629382,2.5958780940629382,2.57206283414388,2.5815889835357666,2800,0.0,0.0
2001-04-25 00:00:00-04:00,2.5934972763061523,2.5934972763061523,2.5934972763061523,2.5934972763061523,100,0.0,0.0
2001-04-26 00:00:00-04:00,2.6173115366239266,2.6173115366239266,2.5958776473999023,2.5958776473999023,2200,0.0,0.0
2001-04-27 00:00:00-04:00,2.614931344985962,2.614931344985962,2.614931344985962,2.614931344985962,1000,0.0,0.0
2001-04-30 00:00:00-04:00,2.6077863898594686,2.6077863898594686,2.58397112489682,2.5934972763061523,1600,0.0,0.0
2001-05-01 00:00:00-04:00,2.5839712619781494,2.5839712619781494,2.5839712619781494,2.5839712619781494,600,0.0,0.0
2001-05-02 00:00:00-04:00,2.572064323780148,2.5958795974920554,2.572064323780148,2.57682728767395,900,0.0,0.0
2001-05-03 00:00:00-04:00,2.5720629692077637,2.5720629692077637,2.5720629692077637,2.5720629692077637,300,0.0,0.0
2001-05-04 00:00:00-04:00,2.572063376141138,2.5958786410786603,2.5601556301116943,2.5601556301116943,1400,0.0,0.0
2001-05-07 00:00:00-04:00,2.5506300926208496,2.5506300926208496,2.5506300926208496,2.5506300926208496,200,0.0,0.0
2001-05-08 00:00:00-04:00,2.5744445634611264,2.5744445634611264,2.5720629692077637,2.5720629692077637,700,0.0,0.0
2001-05-09 00:00:00-04:00,2.5601562463129715,2.5601562463129715,2.5506300926208496,2.5506300926208496,900,0.0,0.0
2001-05-10 00:00:00-04:00,2.5720618355437637,2.61969256401062,2.5720618355437637,2.61969256401062,4300,0.0,0.0
2001-05-11 00:00:00-04:00,2.5949568308083673,2.6070828437805176,2.5949568308083673,2.6070828437805176,1500,0.198,0.0
2001-05-14 00:00:00-04:00,2.594956636428833,2.6046573998230094,2.594956636428833,2.594956636428833,2600,0.0,0.0
2001-05-15 00:00:00-04:00,2.582830624365002,2.594956636428833,2.582830624365002,2.594956636428833,1900,0.0,0.0
2001-05-16 00:00:00-04:00,2.5925315819570454,2.6070828437805176,2.5925315819570454,2.6070828437805176,6200,0.0,0.0
2001-05-17 00:00:00-04:00,2.59495622602432,2.6434600353240967,2.59495622602432,2.6434600353240967,1200,0.0,0.0
2001-05-18 00:00:00-04:00,2.6434600353240967,2.6434600353240967,2.6434600353240967,2.6434600353240967,0,0.0,0.0
2001-05-21 00:00:00-04:00,2.6434600353240967,2.667712055616188,2.6434600353240967,2.6434600353240967,1200,0.0,0.0
2001-05-22 00:00:00-04:00,2.6192093903563127,2.667713220841993,2.607083374913766,2.665287971496582,6300,0.0,0.0
2001-05-23 00:00:00-04:00,2.6677127423918714,2.716216564178467,2.6677127423918714,2.716216564178467,6900,0.0,0.0
2001-05-24 00:00:00-04:00,2.7065162658691406,2.7065162658691406,2.7065162658691406,2.7065162658691406,200,0.0,0.0
2001-05-25 00:00:00-04:00,2.7040903962580836,2.7040903962580836,2.6798386023940304,2.6822638511657715,10900,0.0,0.0
2001-05-29 00:00:00-04:00,2.7040889263153076,2.7040889263153076,2.7040889263153076,2.7040889263153076,5000,0.0,0.0
2001-05-30 00:00:00-04:00,2.679839180473209,2.679839180473209,2.667713165283203,2.667713165283203,4300,0.0,0.0
2001-05-31 00:00:00-04:00,2.6434600353240967,2.6434600353240967,2.6434600353240967,2.6434600353240967,600,0.0,0.0
2001-06-01 00:00:00-04:00,2.667713165283203,2.667713165283203,2.667713165283203,2.667713165283203,200,0.0,0.0
2001-06-04 00:00:00-04:00,2.691965195663215,2.691965195663215,2.667713165283203,2.667713165283203,800,0.0,0.0
2001-06-05 00:00:00-04:00,2.6434610419630657,2.6434610419630657,2.594957214192866,2.6313352584838867,1400,0.0,0.0
2001-06-06 00:00:00-04:00,2.6434601485457527,2.7040899705884023,2.6434601485457527,2.679838180541992,5300,0.0,0.0
2001-06-07 00:00:00-04:00,2.7040905509107014,2.716216564178467,2.679838755659637,2.716216564178467,2200,0.0,0.0
2001-06-08 00:00:00-04:00,2.6919652857424485,2.764720916748047,2.667713254550909,2.764720916748047,3900,0.0,0.0
2001-06-11 00:00:00-04:00,2.7404685907139976,2.7404685907139976,2.7040905509107014,2.716216564178467,2300,0.0,0.0
2001-06-12 00:00:00-04:00,2.7283434867858887,2.7283434867858887,2.7283434867858887,2.7283434867858887,500,0.0,0.0
2001-06-13 00:00:00-04:00,2.740468202814806,2.740468202814806,2.6919643878936768,2.6919643878936768,1400,0.0,0.0
2001-06-14 00:00:00-04:00,2.667713165283203,2.667713165283203,2.643461134903191,2.667713165283203,1600,0.0,0.0
2001-06-15 00:00:00-04:00,2.691964768927402,2.716216564178467,2.691964768927402,2.716216564178467,700,0.0,0.0
2001-06-18 00:00:00-04:00,2.7162170966148507,2.73076836164542,2.6798392809651945,2.713791847229004,6900,0.0,0.0
2001-06-19 00:00:00-04:00,2.70651622886362,2.70651622886362,2.667713165283203,2.667713165283203,4000,0.0,0.0
2001-06-20 00:00:00-04:00,2.6798384309252445,2.6895391941070557,2.6798384309252445,2.6895391941070557,5400,0.0,0.0
2001-06-21 00:00:00-04:00,2.6555866206488434,2.6919646589661714,2.643460607876401,2.670137882232666,2300,0.0,0.0
2001-06-22 00:00:00-04:00,2.679839180473209,2.679839180473209,2.667713165283203,2.667713165283203,11000,0.0,0.0
2001-06-25 00:00:00-04:00,2.6555860454701423,2.667712055616188,2.6434600353240967,2.6434600353240967,1100,0.0,0.0
2001-06-26 00:00:00-04:00,2.6555860454701423,2.6555860454701423,2.6434600353240967,2.6434600353240967,2100,0.0,0.0
2001-06-27 00:00:00-04:00,2.655587911605835,2.655587911605835,2.655587911605835,2.655587911605835,200,0.0,0.0
2001-06-28 00:00:00-04:00,2.667713165283203,2.667713165283203,2.667713165283203,2.667713165283203,2100,0.0,0.0
2001-06-29 00:00:00-04:00,2.655587911605835,2.655587911605835,2.655587911605835,2.655587911605835,500,0.0,0.0
2001-07-02 00:00:00-04:00,2.6434608233311288,2.6555868370918994,2.6434608233311288,2.6507365703582764,2400,0.0,0.0
2001-07-03 00:00:00-04:00,2.643460453399715,2.643460453399715,2.594956636428833,2.594956636428833,2100,0.0,0.0
2001-07-05 00:00:00-04:00,2.6070828437805176,2.6070828437805176,2.6070828437805176,2.6070828437805176,3000,0.0,0.0
2001-07-06 00:00:00-04:00,2.6070828437805176,2.6070828437805176,2.6070828437805176,2.6070828437805176,700,0.0,0.0
2001-07-09 00:00:00-04:00,2.5804056069797903,2.607082648492664,2.546452819457951,2.594956636428833,9300,0.0,0.0
2001-07-10 00:00:00-04:00,2.6192092437202135,2.6313352584838867,2.6192092437202135,2.6313352584838867,1000,0.0,0.0
2001-07-11 00:00:00-04:00,2.6313348697248182,2.6313348697248182,2.6070828437805176,2.6070828437805176,1100,0.0,0.0
2001-07-12 00:00:00-04:00,2.6070828437805176,2.6070828437805176,2.6070828437805176,2.6070828437805176,0,0.0,0.0
2001-07-13 00:00:00-04:00,2.6070828437805176,2.6070828437805176,2.6070828437805176,2.6070828437805176,2400,0.0,0.0
2001-07-16 00:00:00-04:00,2.6070822361703656,2.667712055616188,2.604656987884275,2.6434600353240967,2500,0.0,0.0
2001-07-17 00:00:00-04:00,2.6434600353240967,2.6434600353240967,2.6434600353240967,2.6434600353240967,0,0.0,0.0
2001-07-18 00:00:00-04:00,2.667712055616188,2.7404678852080564,2.6192082463164112,2.6434600353240967,14300,0.0,0.0
2001-07-19 00:00:00-04:00,2.667712364790895,2.6919643878936768,2.667712364790895,2.6919643878936768,1300,0.0,0.0
2001-07-20 00:00:00-04:00,2.6798371456345222,2.7040889263153076,2.6798371456345222,2.7040889263153076,1000,0.0,0.0
2001-07-23 00:00:00-04:00,2.667713165283203,2.667713165283203,2.643461134903191,2.667713165283203,2100,0.0,0.0
2001-07-24 00:00:00-04:00,2.679838180541992,2.679838180541992,2.679838180541992,2.679838180541992,300,0.0,0.0
2001-07-25 00:00:00-04:00,2.6895399463683134,2.6895399463683134,2.667713165283203,2.667713165283203,1300,0.0,0.0
2001-07-26 00:00:00-04:00,2.667713165283203,2.667713165283203,2.667713165283203,2.667713165283203,0,0.0,0.0
2001-07-27 00:00:00-04:00,2.6434611899568994,2.665287971496582,2.6192093903563127,2.665287971496582,2000,0.0,0.0
2001-07-30 00:00:00-04:00,2.6677127423918714,2.7550196216077434,2.6677127423918714,2.716216564178467,1600,0.0,0.0
2001-07-31 00:00:00-04:00,2.691965195663215,2.691965195663215,2.667713165283203,2.667713165283203,1500,0.0,0.0
2001-08-01 00:00:00-04:00,2.6919642134298787,2.7404680252075195,2.6919642134298787,2.7404680252075195,3400,0.0,0.0
2001-08-02 00:00:00-04:00,2.7283434867858887,2.7283434867858887,2.7283434867858887,2.7283434867858887,500,0.0,0.0
2001-08-03 00:00:00-04:00,2.7283434867858887,2.7283434867858887,2.7283434867858887,2.7283434867858887,200,0.0,0.0
2001-08-06 00:00:00-04:00,2.7283434867858887,2.7283434867858887,2.7283434867858887,2.7283434867858887,0,0.0,0.0
2001-08-07 00:00:00-04:00,2.7283434867858887,2.7283434867858887,2.7283434867858887,2.7283434867858887,0,0.0,0.0
2001-08-08 00:00:00-04:00,2.7283434867858887,2.7283434867858887,2.7283434867858887,2.7283434867858887,1000,0.0,0.0
2001-08-09 00:00:00-04:00,2.750168535220077,2.8132236003875732,2.750168535220077,2.8132236003875732,2600,0.0,0.0
2001-08-10 00:00:00-04:00,2.825350371397798,2.8374763853109664,2.7913978099823,2.7913978099823,5900,0.0,0.0
2001-08-13 00:00:00-04:00,2.7667164354407023,2.7765887415512442,2.727227210998535,2.727227210998535,3400,0.2,0.0
2001-08-14 00:00:00-04:00,2.714885795999905,2.7519068717956543,2.714885795999905,2.7519068717956543,7700,0.0,0.0
2001-08-15 00:00:00-04:00,2.8012696615324373,2.8136098678029273,2.8012696615324373,2.8111419677734375,8500,0.0,0.0
2001-08-16 00:00:00-04:00,2.8234829902648926,2.8234829902648926,2.8234829902648926,2.8234829902648926,100,0.0,0.0
2001-08-17 00:00:00-04:00,2.8382899526632257,2.8629708290100098,2.8382899526632257,2.8629708290100098,1100,0.0,0.0
2001-08-20 00:00:00-04:00,2.8876523971557617,2.937013930324149,2.8876523971557617,2.8876523971557617,1300,0.0,0.0
2001-08-21 00:00:00-04:00,2.8876523971557617,2.8876523971557617,2.8876523971557617,2.8876523971557617,0,0.0,0.0
2001-08-22 00:00:00-04:00,2.8876523971557617,2.8876523971557617,2.8876523971557617,2.8876523971557617,0,0.0,0.0
2001-08-23 00:00:00-04:00,2.8999937159672493,2.9370148181915283,2.8999937159672493,2.9370148181915283,1300,0.0,0.0
2001-08-24 00:00:00-04:00,2.946886989295125,2.949355125427246,2.937014680141057,2.949355125427246,2600,0.0,0.0
2001-08-27 00:00:00-04:00,2.9246749877929688,2.9246749877929688,2.9246749877929688,2.9246749877929688,600,0.0,0.0
2001-08-28 00:00:00-04:00,2.8999931812286377,2.8999931812286377,2.8753122940471507,2.8999931812286377,700,0.0,0.0
2001-08-29 00:00:00-04:00,2.902459907618394,2.902459907618394,2.8753108978271484,2.8753108978271484,1800,0.0,0.0
2001-08-30 00:00:00-04:00,2.8753108978271484,2.8753108978271484,2.8753108978271484,2.8753108978271484,0,0.0,0.0
2001-08-31 00:00:00-04:00,2.850631086801878,2.850631086801878,2.7765886750587763,2.7988014221191406,5100,0.0,0.0
2001-09-04 00:00:00-04:00,2.7765882021570523,2.7765882021570523,2.66552472114563,2.66552472114563,4900,0.0,0.0
2001-09-05 00:00:00-04:00,2.6655246930823147,2.6902053356170654,2.6655246930823147,2.6902053356170654,4200,0.0,0.0
2001-09-06 00:00:00-04:00,2.714886769516772,2.727227210998535,2.714886769516772,2.727227210998535,300,0.0,0.0
2001-09-07 00:00:00-04:00,2.7025466792546577,2.7025466792546577,2.690206236169146,2.6951425075531006,1600,0.0,0.0
2001-09-10 00:00:00-04:00,2.7272278248594004,2.7272278248594004,2.7148873805999756,2.7148873805999756,1900,0.0,0.0
2001-09-17 00:00:00-04:00,2.714887073463833,2.7642486095428467,2.690206187737141,2.7642486095428467,5000,0.0,0.0
2001-09-18 00:00:00-04:00,2.7889294417084476,2.887652511970509,2.7889294417084476,2.855567455291748,9000,0.0,0.0
2001-09-19 00:00:00-04:00,2.8382916835581353,2.8382916835581353,2.813610792160034,2.813610792160034,2000,0.0,0.0
2001-09-20 00:00:00-04:00,2.8259512378590848,2.8382916835581353,2.7765896904373064,2.813610792160034,7400,0.0,0.0
2001-09-21 00:00:00-04:00,2.7889294952695387,2.8136101456218605,2.739567959190525,2.7642486095428467,11900,0.0,0.0
2001-09-24 00:00:00-04:00,2.7642484051805,2.81360993761019,2.6778657822721317,2.739567756652832,14900,0.0,0.0
2001-09-25 00:00:00-04:00,2.7148868727508106,2.739567756652832,2.7148868727508106,2.739567756652832,1700,0.0,0.0
2001-09-26 00:00:00-04:00,2.7642489222632776,2.7642489222632776,2.7148873805999756,2.7148873805999756,2100,0.0,0.0
2001-09-27 00:00:00-04:00,2.7148862135261123,2.7148862135261123,2.6531842541277912,2.6902053356170654,1900,0.0,0.0
2001-09-28 00:00:00-04:00,2.7148868727508106,2.739567756652832,2.665525340321121,2.739567756652832,4800,0.0,0.0
2001-10-01 00:00:00-04:00,2.7148868774243553,2.7173550128936768,2.7148868774243553,2.7173550128936768,800,0.0,0.0
2001-10-02 00:00:00-04:00,2.7790579369845165,2.7790579369845165,2.5297818183898926,2.5297818183898926,37000,0.0,0.0
2001-10-03 00:00:00-04:00,2.5421220478145705,2.5914835929870605,2.529781602677845,2.5914835929870605,13200,0.0,0.0
2001-10-04 00:00:00-04:00,2.6161632537841797,2.6161632537841797,2.6161632537841797,2.6161632537841797,600,0.0,0.0
2001-10-05 00:00:00-04:00,2.628503376218745,2.7148862135261123,2.628503376218745,2.6902053356170654,1200,0.0,0.0
2001-10-08 00:00:00-04:00,2.690206209680933,2.702546652644939,2.690206209680933,2.69761061668396,8400,0.0,0.0
2001-10-09 00:00:00-04:00,2.7025460184364722,2.7025460184364722,2.6679930686950684,2.6679930686950684,1500,0.0,0.0
2001-10-10 00:00:00-04:00,2.7025469630389276,2.7272278518015987,2.7025469630389276,2.712419271469116,14400,0.0,0.0
2001-10-11 00:00:00-04:00,2.739568269118825,2.739568269118825,2.7148873805999756,2.7148873805999756,2700,0.0,0.0
2001-10-12 00:00:00-04:00,2.7074833858339913,2.7074833858339913,2.6778664588928223,2.6778664588928223,2200,0.0,0.0
2001-10-15 00:00:00-04:00,2.702547890954075,2.776590347290039,2.702547890954075,2.776590347290039,2900,0.0,0.0
2001-10-16 00:00:00-04:00,2.7716525762013653,2.7889292890825215,2.739567756652832,2.739567756652832,2700,0.0,0.0
2001-10-17 00:00:00-04:00,2.749440266406328,2.7642486095428467,2.749440266406328,2.7642486095428467,3200,0.0,0.0
2001-10-18 00:00:00-04:00,2.739567756652832,2.7642484051805,2.7000782953347273,2.739567756652832,1100,0.0,0.0
2001-10-19 00:00:00-04:00,2.714887407420263,2.714887407420263,2.712419271469116,2.712419271469116,1100,0.0,0.0
2001-10-22 00:00:00-04:00,2.7124183234160615,2.7124183234160615,2.6679930686950684,2.6679930686950684,3300,0.0,0.0
2001-10-23 00:00:00-04:00,2.670461654663086,2.7148871561748384,2.670461654663086,2.670461654663086,4500,0.0,0.0
2001-10-24 00:00:00-04:00,2.6778662831960984,2.7148873805999756,2.6778662831960984,2.7148873805999756,700,0.0,0.0
2001-10-25 00:00:00-04:00,2.6902059888487893,2.7519079632294896,2.6902059888487893,2.739567756652832,1500,0.0,0.0
2001-10-26 00:00:00-04:00,2.7889294952695387,2.7889294952695387,2.739567959190525,2.7642486095428467,4000,0.0,0.0
2001-10-29 00:00:00-05:00,2.751907858587718,2.751907858587718,2.702546328035009,2.727227210998535,4000,0.0,0.0
2001-10-30 00:00:00-05:00,2.739567458537456,2.788928985595703,2.739567458537456,2.788928985595703,1500,0.0,0.0
2001-10-31 00:00:00-05:00,2.8012699381328847,2.8012699381328847,2.7642486095428467,2.7642486095428467,400,0.0,0.0
2001-11-01 00:00:00-05:00,2.7395681047067377,2.7395681047067377,2.7296957969665527,2.7296957969665527,1600,0.0,0.0
2001-11-02 00:00:00-05:00,2.7543761031574068,2.8358226906419484,2.7543761031574068,2.8259503841400146,3600,0.0,0.0
2001-11-05 00:00:00-05:00,2.8234822486709428,2.8259503841400146,2.8234822486709428,2.8259503841400146,2300,0.0,0.0
2001-11-06 00:00:00-05:00,2.8382899526632257,2.8629708290100098,2.8382899526632257,2.8629708290100098,4500,0.0,0.0
2001-11-07 00:00:00-05:00,2.862973594472195,2.862973594472195,2.850633144378662,2.850633144378662,400,0.0,0.0
2001-11-08 00:00:00-05:00,2.8506320168067263,2.8506320168067263,2.7864618900025566,2.8234829902648926,3700,0.0,0.0
2001-11-09 00:00:00-05:00,2.825949258761413,2.8382896958180823,2.7321622666546865,2.7519068717956543,4400,0.0,0.0
2001-11-12 00:00:00-05:00,2.7765886975982275,2.8185460567474365,2.7765886975982275,2.8185460567474365,2400,0.0,0.0
2001-11-13 00:00:00-05:00,2.7934034914824224,2.828603982925415,2.778317737852376,2.828603982925415,4600,0.21,0.0
2001-11-14 00:00:00-05:00,2.8537468910217285,2.8537468910217285,2.8537468910217285,2.8537468910217285,500,0.0,0.0
2001-11-15 00:00:00-05:00,2.878888916312004,2.9291751384735107,2.878888916312004,2.9291751384735107,4200,0.0,0.0
2001-11-16 00:00:00-05:00,2.9040317899147587,2.99203260792212,2.8663169480970967,2.9668896198272705,2900,0.0,0.0
2001-11-19 00:00:00-05:00,2.966892315266863,2.966892315266863,2.8788911775263446,2.891462802886963,3500,0.0,0.0
2001-11-20 00:00:00-05:00,2.8914605317982858,2.9291751384735107,2.8914605317982858,2.9291751384735107,1300,0.0,0.0
2001-11-21 00:00:00-05:00,2.9291751384735107,2.9291751384735107,2.9291751384735107,2.9291751384735107,0,0.0,0.0
2001-11-23 00:00:00-05:00,2.929176279282819,2.929176279282819,2.866318417154143,2.878890037536621,3900,0.0,0.0
2001-11-26 00:00:00-05:00,2.9040337752647827,2.997063398361206,2.9040337752647827,2.997063398361206,5800,0.0,0.0
2001-11-27 00:00:00-05:00,3.014663018488163,3.014663018488163,2.9719196529396474,3.004605770111084,4600,0.0,0.0
2001-11-28 00:00:00-05:00,3.0046045916075816,3.0046045916075816,2.9291751384735107,2.9291751384735107,5500,0.0,0.0
2001-11-29 00:00:00-05:00,2.954318805911705,2.9668904232552946,2.9417471885681152,2.9417471885681152,2400,0.0,0.0
2001-11-30 00:00:00-05:00,2.966891676950343,3.014663555302166,2.966891676950343,2.98952054977417,5000,0.0,0.0
2001-12-03 00:00:00-05:00,3.014663018488163,3.014663018488163,3.004605770111084,3.004605770111084,6700,0.0,0.0
2001-12-04 00:00:00-05:00,3.017177104949951,3.017177104949951,3.017177104949951,3.017177104949951,400,0.0,0.0
2001-12-05 00:00:00-05:00,3.017175835800561,3.017175835800561,2.9668896198272705,2.9668896198272705,4700,0.0,0.0
2001-12-06 00:00:00-05:00,2.992034435272217,3.042320921740984,2.992034435272217,2.992034435272217,1700,0.0,0.0
2001-12-07 00:00:00-05:00,2.97946235387838,3.0724919483488122,2.97946235387838,3.054891586303711,4400,0.0,0.0
2001-12-10 00:00:00-05:00,3.042319063679003,3.1428914956255847,2.9668896198272705,2.9668896198272705,11500,0.0,0.0
2001-12-11 00:00:00-05:00,2.9417467539597926,2.9668899849323567,2.9291751384735107,2.9291751384735107,2600,0.0,0.0
2001-12-12 00:00:00-05:00,2.9417471885681152,2.954318805911705,2.9417471885681152,2.9417471885681152,1500,0.0,0.0
2001-12-13 00:00:00-05:00,2.9417471885681152,2.9794620405988845,2.9417471885681152,2.9417471885681152,2400,0.0,0.0
2001-12-14 00:00:00-05:00,2.966890996617659,2.9920339963801563,2.91660475730896,2.91660475730896,2300,0.0,0.0
2001-12-17 00:00:00-05:00,2.941747895321092,2.941747895321092,2.7657459295774514,2.8160321712493896,13500,0.0,0.0
2001-12-18 00:00:00-05:00,2.87888977301634,3.080034961303075,2.87888977301634,3.017177104949951,9800,0.0,0.0
2001-12-19 00:00:00-05:00,3.0423204828300037,3.0649491107358653,2.9794626235961914,2.9794626235961914,4300,0.0,0.0
2001-12-20 00:00:00-05:00,3.0046054857225877,3.0423203434046777,3.0046054857225877,3.017177104949951,1600,0.0,0.0
2001-12-21 00:00:00-05:00,3.0423203434046777,3.0423203434046777,3.017177104949951,3.017177104949951,3100,0.0,0.0
2001-12-24 00:00:00-05:00,3.0423203434046777,3.0423203434046777,3.017177104949951,3.017177104949951,600,0.0,0.0
2001-12-26 00:00:00-05:00,3.042320921740984,3.042320921740984,2.992034435272217,2.992034435272217,300,0.0,0.0
2001-12-27 00:00:00-05:00,3.042320966720581,3.042320966720581,3.042320966720581,3.042320966720581,2900,0.0,0.0
2001-12-28 00:00:00-05:00,3.0171776785066005,3.0171776785066005,2.9668914318215713,2.992034435272217,3400,0.0,0.0
2001-12-31 00:00:00-05:00,3.017177647127358,3.062435388565064,3.017177647127358,3.0624353885650635,1100,0.0,0.0
2002-01-02 00:00:00-05:00,3.0624359666060568,3.0624359666060568,3.0372927188873287,3.037292718887329,700,0.0,0.0
2002-01-03 00:00:00-05:00,3.017177561672827,3.0347776873851253,2.959348440170288,2.959348440170288,3600,0.0,0.0
2002-01-04 00:00:00-05:00,2.9668911486429654,3.017177390528362,2.9668911486429654,3.004605770111084,3100,0.0,0.0
2002-01-07 00:00:00-05:00,2.992034435272217,3.0171776785066005,2.9668914318215713,2.992034435272217,4400,0.0,0.0
2002-01-08 00:00:00-05:00,2.9920346953376518,3.047349691390991,2.9920346953376518,3.047349691390991,2700,0.0,0.0
2002-01-09 00:00:00-05:00,3.042320966720581,3.042320966720581,3.042320966720581,3.042320966720581,400,0.0,0.0
2002-01-10 00:00:00-05:00,3.017177333710886,3.0423205740719608,3.017177333710886,3.0196917057037354,3600,0.0,0.0
2002-01-11 00:00:00-05:00,3.0247202099057238,3.0272345818985738,3.017177333710886,3.0196917057037354,2600,0.0,0.0
2002-01-14 00:00:00-05:00,3.0297492686138026,3.062435388565064,2.9794630224517604,3.0624353885650635,4000,0.0,0.0
2002-01-15 00:00:00-05:00,3.0624359666060568,3.0624359666060568,3.017178216625859,3.037292718887329,1700,0.0,0.0
2002-01-16 00:00:00-05:00,3.039806594403221,3.042320966720581,3.039806594403221,3.042320966720581,3000,0.0,0.0
2002-01-17 00:00:00-05:00,3.042320966720581,3.042320966720581,3.0171777231144636,3.042320966720581,2200,0.0,0.0
2002-01-18 00:00:00-05:00,2.992033866495224,3.017177104949951,2.992033866495224,3.017177104949951,2700,0.0,0.0
2002-01-22 00:00:00-05:00,3.032262960446321,3.0649488332793338,3.017176970091046,3.054891586303711,6500,0.0,0.0
2002-01-23 00:00:00-05:00,3.05237759082983,3.05237759082983,2.992033866495224,3.017177104949951,4500,0.0,0.0
2002-01-24 00:00:00-05:00,3.042321186177283,3.047349691390991,3.042321186177283,3.047349691390991,3200,0.0,0.0
2002-01-25 00:00:00-05:00,3.019691341780872,3.054891586303711,3.017176970091046,3.054891586303711,2700,0.0,0.0
2002-01-28 00:00:00-05:00,3.054892925434298,3.077521800994873,3.054892925434298,3.077521800994873,1400,0.0,0.0
2002-01-29 00:00:00-05:00,3.067463351969272,3.080034971237183,3.067463351969272,3.0800349712371826,1900,0.0,0.0
2002-01-30 00:00:00-05:00,3.080034971237183,3.080034971237183,3.080034971237183,3.0800349712371826,300,0.0,0.0
2002-01-31 00:00:00-05:00,3.117749589257222,3.117749589257222,3.0423203532171437,3.0800349712371826,4400,0.0,0.0
2002-02-01 00:00:00-05:00,3.080034860104794,3.080034860104794,3.0448343753814697,3.0448343753814697,8300,0.0,0.0
2002-02-04 00:00:00-05:00,3.1177502179714494,3.1177502179714494,3.042320966720581,3.042320966720581,6900,0.0,0.0
2002-02-05 00:00:00-05:00,3.0297485887564948,3.054891586303711,3.0297485887564948,3.054891586303711,1700,0.0,0.0
2002-02-06 00:00:00-05:00,3.080034961303075,3.080034961303075,3.017177104949951,3.017177104949951,1100,0.0,0.0
2002-02-07 00:00:00-05:00,3.0423210154676283,3.0548923976883757,3.0297493934631348,3.0297493934631348,2000,0.0,0.0
2002-02-08 00:00:00-05:00,3.0398059716024664,3.0398059716024664,3.017177104949951,3.017177104949951,3000,0.0,0.0
2002-02-11 00:00:00-05:00,3.042321345172637,3.042321345172637,3.0071208477020264,3.0071208477020264,8100,0.0,0.0
2002-02-12 00:00:00-05:00,3.0297485887564948,3.054891586303711,3.0297485887564948,3.054891586303711,2200,0.0,0.0
2002-02-13 00:00:00-05:00,3.053101127157567,3.0838112509201174,3.053101127157567,3.0735745429992676,1000,0.213,0.0
2002-02-14 00:00:00-05:00,3.083810567855835,3.0914880360803205,3.065896149915616,3.083810567855835,2900,0.0,0.0
2002-02-15 00:00:00-05:00,3.0889285151045742,3.1221978664398193,3.0889285151045742,3.1221978664398193,1700,0.0,0.0
2002-02-19 00:00:00-05:00,3.1221978664398193,3.1221978664398193,3.1221978664398193,3.1221978664398193,1100,0.0,0.0
2002-02-20 00:00:00-05:00,3.1221978664398193,3.1221978664398193,3.1221978664398193,3.1221978664398193,2600,0.0,0.0
2002-02-21 00:00:00-05:00,3.1221978664398193,3.1221978664398193,3.0966062266866023,3.1221978664398193,1600,0.0,0.0
2002-02-22 00:00:00-05:00,3.1094019245320648,3.1221978664398193,3.1094019245320648,3.1221978664398193,2500,0.0,0.0
2002-02-25 00:00:00-05:00,3.096605191436815,3.134992760264145,3.096605191436815,3.1145193576812744,800,0.0,0.0
2002-02-26 00:00:00-05:00,3.1196386292458103,3.1221978664398193,3.1196386292458103,3.1221978664398193,1200,0.0,0.0
2002-02-27 00:00:00-05:00,3.109402894973755,3.109402894973755,3.109402894973755,3.109402894973755,2100,0.0,0.0
2002-02-28 00:00:00-05:00,3.1221978664398193,3.1221978664398193,3.1094019245320648,3.1221978664398193,1900,0.0,0.0
2002-03-01 00:00:00-05:00,3.1221974441049274,3.1221974441049274,3.071013927459717,3.071013927459717,10300,0.0,0.0
2002-03-04 00:00:00-05:00,3.083810567855835,3.083810567855835,3.083810567855835,3.083810567855835,600,0.0,0.0
2002-03-05 00:00:00-05:00,3.0838112472334087,3.109402894973755,3.0838112472334087,3.109402894973755,7600,0.0,0.0
2002-03-06 00:00:00-05:00,3.1221974441049274,3.1221974441049274,3.0454220471059825,3.071013927459717,5000,0.0,0.0
2002-03-07 00:00:00-05:00,3.0838110248547532,3.096606969833374,3.058219134897512,3.096606969833374,2300,0.0,0.0
2002-03-08 00:00:00-05:00,3.0966062266866023,3.1221978664398193,3.0966062266866023,3.1221978664398193,1000,0.0,0.0
2002-03-11 00:00:00-05:00,3.12219750297273,3.12219750297273,3.1042833328247066,3.104283332824707,2100,0.0,0.0
2002-03-12 00:00:00-05:00,3.134993808347574,3.134993808347574,3.1221978664398193,3.1221978664398193,1900,0.0,0.0
2002-03-13 00:00:00-05:00,3.1094028986910587,3.1094028986910587,3.0735745429992676,3.0735745429992676,1600,0.0,0.0
2002-03-14 00:00:00-05:00,3.0966062266866023,3.1221978664398193,3.0966062266866023,3.1221978664398193,1200,0.0,0.0
2002-03-15 00:00:00-05:00,3.101724863052368,3.1221982751599886,3.101724863052368,3.101724863052368,5000,0.0,0.0
2002-03-18 00:00:00-05:00,3.117079636114093,3.134993808347574,3.117079636114093,3.1221978664398193,5700,0.0,0.0
2002-03-19 00:00:00-05:00,3.1221978664398193,3.1221978664398193,3.1221978664398193,3.1221978664398193,1300,0.0,0.0
2002-03-20 00:00:00-05:00,3.1221983770015656,3.1324350833892822,3.1221983770015656,3.1324350833892822,800,0.0,0.0
2002-03-21 00:00:00-05:00,3.1324350833892822,3.1324350833892822,3.1324350833892822,3.1324350833892822,5000,0.0,0.0
2002-03-22 00:00:00-05:00,3.1324338397280367,3.1349930763244624,3.1324338397280367,3.134993076324463,6100,0.0,0.0
2002-03-25 00:00:00-05:00,3.1605858338996407,3.198973417282105,3.1221980064548736,3.1989734172821045,7100,0.0,0.0
2002-03-26 00:00:00-05:00,3.1733828680696066,3.1938562870329665,3.14779121639661,3.1912972927093506,5300,0.0,0.0
2002-03-27 00:00:00-05:00,3.19897442404255,3.19897442404255,3.1938559478141397,3.1964151859283447,1200,0.0,0.0
2002-03-28 00:00:00-05:00,3.1989736740690438,3.1989736740690438,3.186177730560303,3.1861777305603027,4300,0.0,0.0
2002-04-01 00:00:00-05:00,3.160586678579184,3.160586678579184,3.109402894973755,3.109402894973755,8800,0.0,0.0
2002-04-02 00:00:00-05:00,3.1273168968975655,3.237361431121826,3.124757659248497,3.237361431121826,15700,0.0,0.0
2002-04-03 00:00:00-05:00,3.224565731001154,3.237361431121826,3.1887371361012,3.237361431121826,1300,0.0,0.0
2002-04-04 00:00:00-05:00,3.2245659740475583,3.2962229251861577,3.2245659740475583,3.2962229251861572,2900,0.0,0.0
2002-04-05 00:00:00-05:00,3.2706305980682377,3.2706305980682377,3.2706305980682377,3.2706305980682373,300,0.0,0.0
2002-04-08 00:00:00-04:00,3.2783084480754514,3.280867441620623,3.2399206161499023,3.2399206161499023,1400,0.0,0.0
2002-04-09 00:00:00-04:00,3.260394327585681,3.2962229251861577,3.260394327585681,3.2962229251861572,3500,0.0,0.0
2002-04-10 00:00:00-04:00,3.270629830940689,3.273189067840576,3.24503819412861,3.273189067840576,2100,0.0,0.0
2002-04-11 00:00:00-04:00,3.273188702400089,3.273188702400089,3.255274534225464,3.255274534225464,1200,0.0,0.0
2002-04-12 00:00:00-04:00,3.270630579841464,3.283426523208618,3.270630579841464,3.283426523208618,1000,0.0,0.0
2002-04-15 00:00:00-04:00,3.283426523208618,3.283426523208618,3.257834636474309,3.283426523208618,1500,0.0,0.0
2002-04-16 00:00:00-04:00,3.2962227672652102,3.365320477251394,3.2962227672652102,3.339728832244873,3900,0.0,0.0
2002-04-17 00:00:00-04:00,3.3192538489853303,3.378114824321893,3.3192538489853303,3.347404718399048,3200,0.0,0.0
2002-04-18 00:00:00-04:00,3.390912590192844,3.4932796651020244,3.390912590192844,3.4472146034240723,3700,0.0,0.0
2002-04-19 00:00:00-04:00,3.454892478241706,3.454892478241706,3.4037089347839355,3.4037089347839355,5200,0.0,0.0
2002-04-22 00:00:00-04:00,3.42929859633398,3.467686414718628,3.303898926547736,3.467686414718628,13300,0.0,0.0
2002-04-23 00:00:00-04:00,3.467686907696067,3.467686907696067,3.4548909664154053,3.4548909664154053,2500,0.0,0.0
2002-04-24 00:00:00-04:00,3.4804828166961665,3.506074454957853,3.4676868755341843,3.480482816696167,3100,0.0,0.0
2002-04-25 00:00:00-04:00,3.503515217913001,3.5444622784438,3.4804828166961665,3.480482816696167,4500,0.0,0.0
2002-04-26 00:00:00-04:00,3.4856015466088737,3.5035157203674316,3.4856015466088737,3.5035157203674316,3300,0.0,0.0
2002-04-29 00:00:00-04:00,3.531667969705367,3.531667969705367,3.4932801284756185,3.518872022628784,2900,0.0,0.0
2002-04-30 00:00:00-04:00,3.493278980255127,3.5188708659963885,3.4676873385761757,3.493278980255127,4200,0.0,0.0
2002-05-01 00:00:00-04:00,3.5188708659963885,3.5188708659963885,3.4676873385761757,3.493278980255127,3900,0.0,0.0
2002-05-02 00:00:00-04:00,3.506074923125758,3.5137523912232123,3.493278980255127,3.493278980255127,1800,0.0,0.0
2002-05-03 00:00:00-04:00,3.506074923125758,3.506074923125758,3.493278980255127,3.493278980255127,2100,0.0,0.0
2002-05-06 00:00:00-04:00,3.5035168373244066,3.5188720226287837,3.4600110077638497,3.518872022628784,2400,0.0,0.0
2002-05-07 00:00:00-04:00,3.5009565455474965,3.5060747760436493,3.403707725497588,3.416503667831421,16200,0.0,0.0
2002-05-08 00:00:00-04:00,3.4062681729724207,3.4062681729724207,3.3525253913261652,3.4037089347839355,6400,0.0,0.0
2002-05-09 00:00:00-04:00,3.3653211443817237,3.3781170914527823,3.301341653088821,3.3422887325286865,16000,0.0,0.0
2002-05-10 00:00:00-04:00,3.337170092283591,3.337170092283591,3.3013414910556094,3.3269333839416504,2600,0.0,0.0
2002-05-13 00:00:00-04:00,3.343847586234656,3.382880726115482,3.343847586234656,3.346449613571167,1500,0.215,0.0
2002-05-14 00:00:00-04:00,3.356858205021805,3.411504745483399,3.356858205021805,3.4115047454833984,3400,0.0,0.0
2002-05-15 00:00:00-04:00,3.385482018136256,3.385482018136256,3.317824363708496,3.317824363708496,1300,0.0,0.0
2002-05-16 00:00:00-04:00,3.315221970524437,3.3412442207336426,3.3048131200740687,3.3412442207336426,1200,0.0,0.0
2002-05-17 00:00:00-04:00,3.304813861846924,3.304813861846924,3.304813861846924,3.304813861846924,500,0.0,0.0
2002-05-20 00:00:00-04:00,3.304814748307291,3.3308370113372803,3.304814748307291,3.3308370113372803,800,0.0,0.0
2002-05-21 00:00:00-04:00,3.343848142852275,3.343848142852275,3.3178258798222857,3.3308370113372803,2200,0.0,0.0
2002-05-22 00:00:00-04:00,3.304813861846924,3.304813861846924,3.304813861846924,3.304813861846924,100,0.0,0.0
2002-05-23 00:00:00-04:00,3.291802251433827,3.291802251433827,3.2579736709594727,3.2579736709594727,9700,0.0,0.0
2002-05-24 00:00:00-04:00,3.2605761754619684,3.304813861846924,3.2605761754619684,3.304813861846924,4100,0.0,0.0
2002-05-28 00:00:00-04:00,3.3308357865024307,3.35685779179676,3.291802406311035,3.291802406311035,1900,0.0,0.0
2002-05-29 00:00:00-04:00,3.2918036614753925,3.356859071766738,3.2918036614753925,3.3516547679901123,2700,0.0,0.0
2002-05-30 00:00:00-04:00,3.3802774045123454,3.434923932333942,3.3802774045123454,3.4089019298553467,3400,0.0,0.0
2002-05-31 00:00:00-04:00,3.408903068177674,3.4349250793457027,3.408903068177674,3.434925079345703,1000,0.0,0.0
2002-06-03 00:00:00-04:00,3.3958913382439277,3.3958913382439277,3.382880210876465,3.382880210876465,7900,0.0,0.0
2002-06-04 00:00:00-04:00,3.3828797433890547,3.395890868958482,3.317824363708496,3.317824363708496,6000,0.0,0.0
2002-06-05 00:00:00-04:00,3.330835153892008,3.382879402762739,3.330835153892008,3.369868278503418,3300,0.0,0.0
2002-06-06 00:00:00-04:00,3.3828797433890547,3.3828797433890547,3.3048132381390682,3.317824363708496,2500,0.0,0.0
2002-06-07 00:00:00-04:00,3.265780109597365,3.317824363708496,3.265780109597365,3.317824363708496,2100,0.0,0.0
2002-06-10 00:00:00-04:00,3.3178245453793846,3.3438467979431152,3.252769162136652,3.3438467979431152,5200,0.0,0.0
2002-06-11 00:00:00-04:00,3.367267881779234,3.382881289230566,3.2918036167922966,3.3308370113372803,7100,0.0,0.0
2002-06-12 00:00:00-04:00,3.3568571542440964,3.369868278503418,3.343846278151329,3.369868278503418,1300,0.0,0.0
2002-06-13 00:00:00-04:00,3.406299376796207,3.406299376796207,3.343846278151329,3.369868278503418,700,0.0,0.0
2002-06-14 00:00:00-04:00,3.3802779357696497,3.382880210876465,3.3802779357696497,3.382880210876465,600,0.0,0.0
2002-06-17 00:00:00-04:00,3.382880381830176,3.382880381830176,3.304813861846924,3.304813861846924,3500,0.0,0.0
2002-06-18 00:00:00-04:00,3.3308359495732267,3.382880210876465,3.3308359495732267,3.382880210876465,15800,0.0,0.0
2002-06-19 00:00:00-04:00,3.3568570613861084,3.3568570613861084,3.3568570613861084,3.3568570613861084,500,0.0,0.0
2002-06-20 00:00:00-04:00,3.3828803002824412,3.3958914279937744,3.3828803002824412,3.3958914279937744,1800,0.0,0.0
2002-06-21 00:00:00-04:00,3.4089015569837295,3.4089015569837295,3.2970062388820103,3.3568570613861084,11100,0.0,0.0
2002-06-24 00:00:00-04:00,3.3178245453793846,3.3438467979431152,3.3178245453793846,3.3438467979431152,800,0.0,0.0
2002-06-25 00:00:00-04:00,3.317824363708496,3.328233214530722,3.3048132381390682,3.317824363708496,800,0.0,0.0
2002-06-26 00:00:00-04:00,3.3308354892779235,3.343846614847351,3.265780109597365,3.317824363708496,4000,0.0,0.0
2002-06-27 00:00:00-04:00,3.343846278151329,3.372470552988593,3.343846278151329,3.369868278503418,800,0.0,0.0
2002-06-28 00:00:00-04:00,3.395890076666558,3.408901199200373,3.3802766799926762,3.380276679992676,3800,0.0,0.0
2002-07-01 00:00:00-04:00,3.406299933648308,3.406299933648308,3.3542556762695312,3.3542556762695312,3500,0.0,0.0
2002-07-02 00:00:00-04:00,3.3308357429926945,3.336040044716938,3.2527692317962646,3.2527692317962646,7000,0.0,0.0
2002-07-03 00:00:00-04:00,3.27879185396359,3.304813861846924,3.2657807259386105,3.304813861846924,2700,0.0,0.0
2002-07-05 00:00:00-04:00,3.2918025451434842,3.2918025451434842,3.278791666030884,3.278791666030884,900,0.0,0.0
2002-07-08 00:00:00-04:00,3.3048133322423467,3.3048133322423467,3.237155675888061,3.2371556758880615,11900,0.0,0.0
2002-07-09 00:00:00-04:00,3.2527694114724595,3.3048136724226964,3.2527694114724595,3.278791666030884,7000,0.0,0.0
2002-07-10 00:00:00-04:00,3.3048124612864163,3.390685522425497,3.2787904644310553,3.3152213096618652,9100,0.0,0.0
2002-07-11 00:00:00-04:00,3.289199396916412,3.317823668639232,3.255370576789519,3.2813925743103027,10500,0.0,0.0
2002-07-12 00:00:00-04:00,3.2787913285291044,3.310017881884947,3.234553649233347,3.2371556758880615,3100,0.0,0.0
2002-07-15 00:00:00-04:00,3.2267473418636716,3.304813861846924,3.1851119307170372,3.304813861846924,8300,0.0,0.0
2002-07-16 00:00:00-04:00,3.3100177132201996,3.3100177132201996,3.2683823108673096,3.2683823108673096,1800,0.0,0.0
2002-07-17 00:00:00-04:00,3.2918016900556295,3.3568570613861084,3.2918016900556295,3.3568570613861084,3300,0.0,0.0
2002-07-18 00:00:00-04:00,3.369869046121656,3.390686750411987,3.369869046121656,3.3906867504119873,4600,0.0,0.0
2002-07-19 00:00:00-04:00,3.4063001053247053,3.434924386284038,3.3568578721980495,3.398493528366089,10400,0.0,0.0
2002-07-22 00:00:00-04:00,3.4245156199190556,3.4245156199190556,3.382880210876465,3.382880210876465,12200,0.0,0.0
2002-07-23 00:00:00-04:00,3.382879402762739,3.382879402762739,3.3178240296326864,3.369868278503418,7300,0.0,0.0
2002-07-24 00:00:00-04:00,3.3308360735053633,3.3308360735053633,3.1903164386749268,3.1903164386749268,21800,0.0,0.0
2002-07-25 00:00:00-04:00,3.2137362778014347,3.278791666030884,3.2033274256113873,3.278791666030884,3600,0.0,0.0
2002-07-26 00:00:00-04:00,3.304813076256933,3.427117253552108,3.304813076256933,3.3672661781311035,13700,0.0,0.0
2002-07-29 00:00:00-04:00,3.3672673418095043,3.4739584045902934,3.3672673418095043,3.460947275161743,8000,0.0,0.0
2002-07-30 00:00:00-04:00,3.421914145968034,3.4739586676228114,3.421914145968034,3.4713563919067383,5800,0.0,0.0
2002-07-31 00:00:00-04:00,3.471356693174295,3.473958969116211,3.4635501135152396,3.473958969116211,1400,0.0,0.0
2002-08-01 00:00:00-04:00,3.473958969116211,3.473958969116211,3.473958969116211,3.473958969116211,600,0.0,0.0
2002-08-02 00:00:00-04:00,3.481764982980762,3.481764982980762,3.4349250163046428,3.460947275161743,3800,0.0,0.0
2002-08-05 00:00:00-04:00,3.512991544709291,3.512991544709291,3.460947275161743,3.460947275161743,6300,0.0,0.0
2002-08-06 00:00:00-04:00,3.4349244721797034,3.4349244721797034,3.382880210876465,3.382880210876465,7600,0.0,0.0
2002-08-07 00:00:00-04:00,3.382880210876465,3.382880210876465,3.382880210876465,3.382880210876465,200,0.0,0.0
2002-08-08 00:00:00-04:00,3.382880210876465,3.382880210876465,3.3724713586158175,3.382880210876465,1900,0.0,0.0
2002-08-09 00:00:00-04:00,3.356856709065114,3.3802766799926762,3.3308347121640054,3.380276679992676,2100,0.0,0.0
2002-08-12 00:00:00-04:00,3.4062994582230526,3.4973768338823787,3.382879483629736,3.4661502838134766,8900,0.0,0.0
2002-08-13 00:00:00-04:00,3.4656219271435256,3.4656219271435256,3.4259390830993652,3.4259390830993652,9600,0.218,0.0
2002-08-14 00:00:00-04:00,3.4259387569156377,3.439166370337623,3.386256168945423,3.4127111434936523,5900,0.0,0.0
2002-08-15 00:00:00-04:00,3.37302892779847,3.439166749912166,3.37302892779847,3.399484157562256,5600,0.0,0.0
2002-08-16 00:00:00-04:00,3.425939406773978,3.492077234133691,3.425939406773978,3.439167022705078,6200,0.0,0.0
2002-08-19 00:00:00-04:00,3.41271191373131,3.41271191373131,3.359801700397452,3.3862569332122803,5000,0.0,0.0
2002-08-20 00:00:00-04:00,3.4127111434936523,3.4127111434936523,3.3889017420889687,3.4127111434936523,4700,0.0,0.0
2002-08-21 00:00:00-04:00,3.439166042512474,3.492076238861215,3.439166042512474,3.4894306659698486,7600,0.0,0.0
2002-08-22 00:00:00-04:00,3.4391676651126875,3.4656229019165044,3.4391676651126875,3.465622901916504,3700,0.0,0.0
2002-08-23 00:00:00-04:00,3.4523952252138463,3.4920778274536133,3.4391676070353134,3.4920778274536133,4200,0.0,0.0
2002-08-26 00:00:00-04:00,3.5053040981292725,3.5053040981292725,3.4788488719420783,3.5053040981292725,2200,0.0,0.0
2002-08-27 00:00:00-04:00,3.51853171122287,3.51853171122287,3.4920764850356756,3.5053040981292725,1800,0.0,0.0
2002-08-28 00:00:00-04:00,3.52911455700396,3.52911455700396,3.5185325145721436,3.5185325145721436,200,0.0,0.0
2002-08-29 00:00:00-04:00,3.529114723205566,3.529114723205566,3.529114723205566,3.5291147232055664,1400,0.0,0.0
2002-08-30 00:00:00-04:00,3.52911408872698,3.52911408872698,3.518532047699291,3.526468515396118,600,0.0,0.0
2002-09-03 00:00:00-04:00,3.5000137471523765,3.5264689793500157,3.5000137471523765,3.502659320831299,3400,0.0,0.0
2002-09-04 00:00:00-04:00,3.518532047699291,3.5264685153961177,3.518532047699291,3.526468515396118,1200,0.0,0.0
2002-09-05 00:00:00-04:00,3.5158871064689006,3.529114723205566,3.5158871064689006,3.5291147232055664,3000,0.0,0.0
2002-09-06 00:00:00-04:00,3.529114723205566,3.529114723205566,3.529114723205566,3.5291147232055664,0,0.0,0.0
2002-09-09 00:00:00-04:00,3.529113927293695,3.5317595005035396,3.5185318867500635,3.53175950050354,1600,0.0,0.0
2002-09-10 00:00:00-04:00,3.531760789081202,3.5449881553649907,3.531760789081202,3.5449881553649902,1400,0.0,0.0
2002-09-11 00:00:00-04:00,3.5449881553649907,3.5449881553649907,3.5449881553649907,3.5449881553649902,700,0.0,0.0
2002-09-12 00:00:00-04:00,3.51853153302605,3.5582141180013727,3.4656213356270453,3.478848695755005,7600,0.0,0.0
2002-09-13 00:00:00-04:00,3.481495783369953,3.4920778274536133,3.4788502092750804,3.4920778274536133,1400,0.0,0.0
2002-09-16 00:00:00-04:00,3.4920778274536133,3.505305445632146,3.4920778274536133,3.4920778274536133,1800,0.0,0.0
2002-09-17 00:00:00-04:00,3.507949846206432,3.5449868619612683,3.5053042729965873,3.53175950050354,7400,0.0,0.0
2002-09-18 00:00:00-04:00,3.505305445632146,3.5317606819892124,3.4391676070353134,3.4920778274536133,4100,0.0,0.0
2002-09-19 00:00:00-04:00,3.5185326252145632,3.55821522250777,3.5185326252145632,3.555569648742676,3700,0.0,0.0
2002-09-20 00:00:00-04:00,3.5555695369356046,3.558215110617507,3.5185325145721436,3.5185325145721436,13500,0.0,0.0
2002-09-23 00:00:00-04:00,3.505304439328901,3.542341709136963,3.505304439328901,3.542341709136963,1900,0.0,0.0
2002-09-24 00:00:00-04:00,3.542341709136963,3.542341709136963,3.542341709136963,3.542341709136963,0,0.0,0.0
2002-09-25 00:00:00-04:00,3.5582146644592285,3.57144227891436,3.5582146644592285,3.5582146644592285,5500,0.0,0.0
2002-09-26 00:00:00-04:00,3.5687963962554927,3.5687963962554927,3.5687963962554927,3.568796396255493,100,0.0,0.0
2002-09-27 00:00:00-04:00,3.5687953627801243,3.571440935134888,3.5582133256567365,3.5714409351348877,2100,0.0,0.0
2002-09-30 00:00:00-04:00,3.544986685114329,3.544986685114329,3.5053040981292725,3.5053040981292725,1000,0.0,0.0
2002-10-01 00:00:00-04:00,3.515887281536174,3.563506603240967,3.5132417075979485,3.563506603240967,3000,0.0,0.0
2002-10-02 00:00:00-04:00,3.537051577883126,3.537051577883126,3.4920778274536133,3.4920778274536133,6200,0.0,0.0
2002-10-03 00:00:00-04:00,3.465622302413062,3.5238234096401557,3.465622302413062,3.5185325145721436,7400,0.0,0.0
2002-10-04 00:00:00-04:00,3.518532465995892,3.518532465995892,3.4365214490597005,3.439167022705078,4100,0.0,0.0
2002-10-07 00:00:00-04:00,3.436521542687827,3.4920773292754363,3.436521542687827,3.4603312015533447,8200,0.0,0.0
2002-10-08 00:00:00-04:00,3.4418132392522365,3.4656229019165044,3.4418132392522365,3.465622901916504,1600,0.0,0.0
2002-10-09 00:00:00-04:00,3.4656219271435256,3.4656219271435256,3.4259390830993652,3.4259390830993652,1900,0.0,0.0
2002-10-10 00:00:00-04:00,3.428584330059183,3.428584330059183,3.4127111434936523,3.4127111434936523,12000,0.0,0.0
2002-10-11 00:00:00-04:00,3.415356864425186,3.415356864425186,3.306890883803744,3.3095364570617676,6900,0.0,0.0
2002-10-14 00:00:00-04:00,3.3042444957374317,3.3042444957374317,3.253979877708721,3.2804348468780518,5900,0.0,0.0
2002-10-15 00:00:00-04:00,3.291018404749333,3.3333468290991544,3.291018404749333,3.29366397857666,7700,0.0,0.0
2002-10-16 00:00:00-04:00,3.2830802229553475,3.2830802229553475,3.24075207298167,3.2539796829223633,3100,0.0,0.0
2002-10-17 00:00:00-04:00,3.280435901640946,3.3333463615833576,3.280435901640946,3.3174731731414795,4300,0.0,0.0
2002-10-18 00:00:00-04:00,3.31747317314148,3.31747317314148,3.31747317314148,3.3174731731414795,2400,0.0,0.0
2002-10-21 00:00:00-04:00,3.291016688001493,3.293662260448767,3.2539796829223633,3.2539796829223633,11200,0.0,0.0
2002-10-22 00:00:00-04:00,3.253979536346066,3.280434502740106,3.2328154623125682,3.267207145690918,5500,0.0,0.0
2002-10-23 00:00:00-04:00,3.240752831973889,3.391546964645386,3.240752831973889,3.3915469646453857,14600,0.0,0.0
2002-10-24 00:00:00-04:00,3.4127114684179785,3.4259390830993652,3.333346284921189,3.4259390830993652,5800,0.0,0.0
2002-10-25 00:00:00-04:00,3.4127111434936523,3.4127111434936523,3.4127111434936523,3.4127111434936523,600,0.0,0.0
2002-10-28 00:00:00-05:00,3.4365215728054954,3.4365215728054954,3.3862569332122803,3.3862569332122803,5500,0.0,0.0
2002-10-29 00:00:00-05:00,3.4259383448821334,3.4259383448821334,3.399483373515612,3.4100654125213623,2800,0.0,0.0
2002-10-30 00:00:00-05:00,3.4127122258480433,3.4127122258480433,3.359802007675171,3.359802007675171,2600,0.0,0.0
2002-10-31 00:00:00-05:00,3.338636250084592,3.3518638610839844,3.335990677425574,3.3518638610839844,1100,0.0,0.0
2002-11-01 00:00:00-05:00,3.3730296252923444,3.3862572429095175,3.359802007675171,3.359802007675171,3100,0.0,0.0
2002-11-04 00:00:00-05:00,3.373029316804866,3.3994845496196944,3.373029316804866,3.3862569332122803,2900,0.0,0.0
2002-11-05 00:00:00-05:00,3.3941923879092206,3.40477442741394,3.3941923879092206,3.4047744274139404,300,0.0,0.0
2002-11-06 00:00:00-05:00,3.3862564913509705,3.4259390830993652,3.3862564913509705,3.4259390830993652,1200,0.0,0.0
2002-11-07 00:00:00-05:00,3.439166370337623,3.439166370337623,3.3889017420889687,3.4127111434936523,2400,0.0,0.0
2002-11-08 00:00:00-05:00,3.425938141377232,3.436520179754397,3.4127105303318523,3.4338746070861816,2500,0.0,0.0
2002-11-11 00:00:00-05:00,3.4365217685699463,3.4365217685699463,3.4365217685699463,3.4365217685699463,1500,0.0,0.0
2002-11-12 00:00:00-05:00,3.410066786543885,3.4365217685699463,3.3994847432742983,3.4365217685699463,3000,0.0,0.0
2002-11-13 00:00:00-05:00,3.444594214489511,3.4984159469604497,3.444594214489511,3.498415946960449,3700,0.22,0.0
2002-11-14 00:00:00-05:00,3.498416641839098,3.498416641839098,3.4445948986777286,3.471505641937256,4300,0.0,0.0
2002-11-15 00:00:00-05:00,3.4445949891214407,3.4930344309173758,3.4203751399023123,3.458050489425659,2300,0.0,0.0
2002-11-18 00:00:00-05:00,3.444595319827217,3.444595319827217,3.417684316635132,3.417684316635132,2200,0.0,0.0
2002-11-19 00:00:00-05:00,3.417683860476632,3.4445948600769043,3.417683860476632,3.4445948600769043,3100,0.0,0.0
2002-11-20 00:00:00-05:00,3.4580504696008862,3.4580504696008862,3.4311394691467285,3.4311394691467285,800,0.0,0.0
2002-11-21 00:00:00-05:00,3.4580503986286497,3.498416641839098,3.4580503986286497,3.471505641937256,3000,0.0,0.0
2002-11-22 00:00:00-05:00,3.4715056419372554,3.4715056419372554,3.4715056419372554,3.471505641937256,2000,0.0,0.0
2002-11-25 00:00:00-05:00,3.4849607944488525,3.4849607944488525,3.471505295839401,3.4849607944488525,1500,0.0,0.0
2002-11-26 00:00:00-05:00,3.4957247961763365,3.4984159469604497,3.4957247961763365,3.498415946960449,400,0.0,0.0
2002-11-27 00:00:00-05:00,3.4984159469604497,3.5091802934546372,3.4984159469604497,3.498415946960449,5900,0.0,0.0
2002-11-29 00:00:00-05:00,3.4741954088576064,3.5091795921325684,3.471504258611329,3.5091795921325684,3800,0.0,0.0
2002-12-02 00:00:00-05:00,3.4849607944488525,3.4849607944488525,3.4849607944488525,3.4849607944488525,600,0.0,0.0
2002-12-03 00:00:00-05:00,3.4580503986286497,3.4822699905695296,3.4580503986286497,3.471505641937256,1100,0.0,0.0
2002-12-04 00:00:00-05:00,3.474196103187961,3.4984159469604497,3.471504952403848,3.498415946960449,1100,0.0,0.0
2002-12-05 00:00:00-05:00,3.4984167944758613,3.5091811435777864,3.4984167944758613,3.5064899921417236,2100,0.0,0.0
2002-12-06 00:00:00-05:00,3.5091795921325684,3.5091795921325684,3.5091795921325684,3.5091795921325684,100,0.0,0.0
2002-12-09 00:00:00-05:00,3.4795790958931976,3.4795790958931976,3.4445948986777286,3.471505641937256,2400,0.0,0.0
2002-12-10 00:00:00-05:00,3.471505603034864,3.471505603034864,3.4445948600769043,3.4445948600769043,6100,0.0,0.0
2002-12-11 00:00:00-05:00,3.4445949891214407,3.458050489425659,3.404228488208786,3.458050489425659,8600,0.0,0.0
2002-12-12 00:00:00-05:00,3.4715056419372554,3.4715056419372554,3.4580503986286497,3.471505641937256,1800,0.0,0.0
2002-12-13 00:00:00-05:00,3.495725695177,3.579149594442894,3.495725695177,3.5656940937042236,11500,0.0,0.0
2002-12-16 00:00:00-05:00,3.552237974478724,3.573766669255263,3.4984162375373753,3.541473627090454,8800,0.0,0.0
2002-12-17 00:00:00-05:00,3.5441646818109986,3.571075677871704,3.4984161424931672,3.571075677871704,9300,0.0,0.0
2002-12-18 00:00:00-05:00,3.568384623882271,3.568384623882271,3.5387824760828153,3.541473627090454,2900,0.0,0.0
2002-12-19 00:00:00-05:00,3.5118716321727454,3.5656933675238958,3.5118716321727454,3.549546718597412,5600,0.0,0.0
2002-12-20 00:00:00-05:00,3.530708986443013,3.530708986443013,3.4984159469604497,3.498415946960449,3100,0.0,0.0
2002-12-23 00:00:00-05:00,3.5253269694269997,3.5522377075543887,3.519944667816162,3.519944667816162,1900,0.0,0.0
2002-12-24 00:00:00-05:00,3.5387837886810303,3.5387837886810303,3.5387837886810303,3.5387837886810303,3500,0.0,0.0
2002-12-26 00:00:00-05:00,3.5656941378328932,3.608751535415649,3.5656941378328932,3.6087515354156494,2800,0.0,0.0
2002-12-27 00:00:00-05:00,3.5791492462158203,3.5791492462158203,3.5522382473567373,3.5791492462158203,1600,0.0,0.0
2002-12-30 00:00:00-05:00,3.552237893643316,3.5764577388763428,3.552237893643316,3.5764577388763428,900,0.0,0.0
2002-12-31 00:00:00-05:00,3.603367515883653,3.6437337398529053,3.5899120223465046,3.6437337398529053,6500,0.0,0.0
2003-01-02 00:00:00-05:00,3.6329712674289323,3.6760286636097623,3.6060602664947505,3.606060266494751,4200,0.0,0.0
2003-01-03 00:00:00-05:00,3.606059737814402,3.606059737814402,3.5522380004791088,3.563002347946167,1900,0.0,0.0
2003-01-06 00:00:00-05:00,3.581840051551699,3.5926043987274174,3.581840051551699,3.592604398727417,4600,0.0,0.0
2003-01-07 00:00:00-05:00,3.552237510681153,3.552237510681153,3.519944472732681,3.5522375106811523,7400,0.0,0.0
2003-01-08 00:00:00-05:00,3.565693498973504,3.5683846500008403,3.5387825019847132,3.563002347946167,2600,0.0,0.0
2003-01-09 00:00:00-05:00,3.563003277278873,3.563003277278873,3.538783425000192,3.5468568801879883,3600,0.0,0.0
2003-01-10 00:00:00-05:00,3.5468554057931523,3.5495462997614835,3.5145623683929443,3.5145623683929443,6400,0.0,0.0
2003-01-13 00:00:00-05:00,3.5495477752748994,3.5656944290081385,3.5441657284587227,3.5468568801879883,4400,0.0,0.0
2003-01-14 00:00:00-05:00,3.5522384024007545,3.5522384024007545,3.503798961639404,3.5037989616394043,2300,0.0,0.0
2003-01-15 00:00:00-05:00,3.544164708115544,3.5926043987274174,3.5387824062065443,3.592604398727417,3600,0.0,0.0
2003-01-16 00:00:00-05:00,3.5952956402174254,3.6302798360773108,3.5791492462158203,3.5791492462158203,3100,0.0,0.0
2003-01-17 00:00:00-05:00,3.606059240595272,3.622205887890634,3.552237510681153,3.5522375106811523,1200,0.0,0.0
2003-01-21 00:00:00-05:00,3.552238592965553,3.5656940937042236,3.552238592965553,3.5656940937042236,6300,0.0,0.0
2003-01-22 00:00:00-05:00,3.565694021735804,3.6060602664947505,3.565694021735804,3.606060266494751,3800,0.0,0.0
2003-01-23 00:00:00-05:00,3.616823586578096,3.616823586578096,3.552237510681153,3.5522375106811523,4600,0.0,0.0
2003-01-24 00:00:00-05:00,3.5683845534214806,3.5926043987274174,3.557620206245762,3.592604398727417,2100,0.0,0.0
2003-01-27 00:00:00-05:00,3.57645776528645,3.5979864597320557,3.57645776528645,3.5979864597320557,4300,0.0,0.0
2003-01-28 00:00:00-05:00,3.595295917449543,3.6329712674289323,3.595295917449543,3.606060266494751,9100,0.0,0.0
2003-01-29 00:00:00-05:00,3.6302798360773108,3.6302798360773108,3.5791492462158203,3.5791492462158203,4500,0.0,0.0
2003-01-30 00:00:00-05:00,3.579148900597199,3.630279485521292,3.579148900597199,3.592604398727417,7900,0.0,0.0
2003-01-31 00:00:00-05:00,3.5899136066436768,3.5899136066436768,3.5899136066436768,3.5899136066436768,200,0.0,0.0
2003-02-03 00:00:00-05:00,3.5683845025534517,3.5710756534695887,3.544164657592774,3.5441646575927734,4500,0.0,0.0
2003-02-04 00:00:00-05:00,3.552238592965553,3.5656940937042236,3.525327848130542,3.5656940937042236,3900,0.0,0.0
2003-02-05 00:00:00-05:00,3.563003643448786,3.563003643448786,3.4984175351630244,3.5387837886810303,3700,0.0,0.0
2003-02-06 00:00:00-05:00,3.5253272875728916,3.5253272875728916,3.4903430938720708,3.4903430938720703,9600,0.0,0.0
2003-02-07 00:00:00-05:00,3.4715052674023736,3.4715052674023736,3.4688143730163574,3.4688143730163574,5900,0.0,0.0
2003-02-10 00:00:00-05:00,3.449977794457584,3.5253285100859064,3.449977794457584,3.5118730068206787,2100,0.0,0.0
2003-02-11 00:00:00-05:00,3.5387831167830144,3.5387831167830144,3.4338307749062302,3.4607415199279785,4900,0.0,0.0
2003-02-12 00:00:00-05:00,3.4607415199279785,3.4634326714228534,3.4607415199279785,3.4607415199279785,800,0.0,0.0
2003-02-13 00:00:00-05:00,3.4615630899322696,3.5628904564150616,3.4615630899322696,3.5601518154144287,2800,0.223,0.0
2003-02-14 00:00:00-05:00,3.573843871398359,3.5875368118286133,3.5327650501075962,3.5875368118286133,5300,0.0,0.0
2003-02-18 00:00:00-05:00,3.5847981715083392,3.5875368118286133,3.5601509309681045,3.5875368118286133,3000,0.0,0.0
2003-02-19 00:00:00-05:00,3.5847982504984834,3.5875368908791025,3.562889649795772,3.5656282901763916,4100,0.0,0.0
2003-02-20 00:00:00-05:00,3.582060655421689,3.64230945552129,3.582060655421689,3.6012306213378906,4000,0.0,0.0
2003-02-21 00:00:00-05:00,3.603968676981568,3.6560018062591557,3.603968676981568,3.6560018062591553,4800,0.0,0.0
2003-02-24 00:00:00-05:00,3.658739964710982,3.688864488631513,3.647785663604736,3.6477856636047363,4200,0.0,0.0
2003-02-25 00:00:00-05:00,3.634093211129983,3.636831590700016,3.6258772889064166,3.631354570388794,4100,0.0,0.0
2003-02-26 00:00:00-05:00,3.634093202722642,3.6560018062591557,3.634093202722642,3.6560018062591553,1700,0.0,0.0
2003-02-27 00:00:00-05:00,3.680648322155684,3.7381584644317627,3.680648322155684,3.7381584644317627,4700,0.0,0.0
2003-02-28 00:00:00-05:00,3.762806337740597,3.779237921653385,3.716250488020726,3.751852035522461,6000,0.0,0.0
2003-03-03 00:00:00-05:00,3.787453009957674,3.790191650390625,3.787453009957674,3.790191650390625,1000,0.0,0.0
2003-03-04 00:00:00-05:00,3.7901931431253746,3.834010362625122,3.779238838250438,3.834010362625122,3100,0.0,0.0
2003-03-05 00:00:00-05:00,3.8203168492412765,3.8613956823039426,3.8203168492412765,3.839487075805664,4000,0.0,0.0
2003-03-06 00:00:00-05:00,3.839487645648205,3.839487645648205,3.8312717211135805,3.834010362625122,2000,0.0,0.0
2003-03-07 00:00:00-05:00,3.834008291044243,3.839485571107857,3.806622413068349,3.83674693107605,8900,0.0,0.0
2003-03-10 00:00:00-05:00,3.858657230186926,3.861395871426141,3.76006823494482,3.77923846244812,4800,0.0,0.0
2003-03-11 00:00:00-05:00,3.779236948233043,3.7929298877716064,3.7655440086944796,3.7929298877716064,9100,0.0,0.0
2003-03-12 00:00:00-05:00,3.792931087791033,3.8394869402489755,3.7518522561786933,3.8093624114990234,15600,0.0,0.0
2003-03-13 00:00:00-05:00,3.8203153520562956,3.83674693107605,3.806622413068349,3.83674693107605,5400,0.0,0.0
2003-03-14 00:00:00-05:00,3.83674693107605,3.839485571107857,3.809361053100156,3.83674693107605,4900,0.0,0.0
2003-03-17 00:00:00-05:00,3.8367485147032148,3.8586571216583248,3.8121012665859166,3.858657121658325,11700,0.0,0.0
2003-03-18 00:00:00-05:00,3.858658039118183,3.92986115923761,3.8531807554914925,3.9079525470733643,8700,0.0,0.0
2003-03-19 00:00:00-05:00,3.92985941020546,3.9462907314300537,3.9079508077919067,3.9462907314300537,9300,0.0,0.0
2003-03-20 00:00:00-05:00,3.9161683587333407,3.946292636300139,3.9161683587333407,3.929861307144165,4700,0.0,0.0
2003-03-21 00:00:00-05:00,3.943551540374756,3.9681987799424028,3.943551540374756,3.943551540374756,16800,0.0,0.0
2003-03-24 00:00:00-05:00,3.946290007990789,3.946290007990789,3.880564212799072,3.8805642127990723,8700,0.0,0.0
2003-03-25 00:00:00-05:00,3.8367483580219,3.877826929092407,3.8367483580219,3.8778269290924072,5000,0.0,0.0
2003-03-26 00:00:00-05:00,3.8778261408350683,3.8805647813287267,3.834008937621066,3.842224597930908,4100,0.0,0.0
2003-03-27 00:00:00-05:00,3.8504398009916248,3.880564057287844,3.8367468622493126,3.8668711185455322,7300,0.0,0.0
2003-03-28 00:00:00-05:00,3.880565570142757,3.880565570142757,3.877826929092407,3.8778269290924072,2800,0.0,0.0
2003-03-31 00:00:00-05:00,3.8531803308634545,3.880566223636411,3.834010362625122,3.834010362625122,4300,0.0,0.0
2003-04-01 00:00:00-05:00,3.853179681981629,3.880565570142757,3.8504413021024644,3.8778269290924072,10400,0.0,0.0
2003-04-02 00:00:00-05:00,3.880565570142757,3.880565570142757,3.795669525780208,3.8778269290924072,8500,0.0,0.0
2003-04-03 00:00:00-05:00,3.8778255727066435,3.880564212799072,3.866871273508024,3.8805642127990723,11300,0.0,0.0
2003-04-04 00:00:00-05:00,3.8805668342423094,3.8805668342423094,3.8477039144465293,3.8723511695861816,2700,0.0,0.0
2003-04-07 00:00:00-04:00,3.877827333047061,3.880565974382696,3.8340101163617493,3.875088691711426,6400,0.0,0.0
2003-04-08 00:00:00-04:00,3.847703061868712,3.877827333047061,3.847703061868712,3.875088691711426,3600,0.0,0.0
2003-04-09 00:00:00-04:00,3.875088691711426,3.875088691711426,3.875088691711426,3.875088691711426,1000,0.0,0.0
2003-04-10 00:00:00-04:00,3.8477039144465293,3.8750895503573775,3.8477039144465293,3.8723511695861816,6700,0.0,0.0
2003-04-11 00:00:00-04:00,3.875088691711426,3.875088691711426,3.875088691711426,3.875088691711426,1600,0.0,0.0
2003-04-14 00:00:00-04:00,3.8750895503573775,3.8750895503573775,3.83401096590547,3.8723511695861816,5100,0.0,0.0
2003-04-15 00:00:00-04:00,3.8723508586720405,3.8750892392233696,3.847703605511336,3.869612216949463,9800,0.0,0.0
2003-04-16 00:00:00-04:00,3.875088691711426,3.875088691711426,3.8723503115470033,3.875088691711426,2400,0.0,0.0
2003-04-17 00:00:00-04:00,3.8750895503573775,3.8750895503573775,3.872351169586182,3.8723511695861816,2300,0.0,0.0
2003-04-21 00:00:00-04:00,3.864135243758784,3.872351169586182,3.83401096590547,3.8723511695861816,15300,0.0,0.0
2003-04-22 00:00:00-04:00,3.8559176869918645,3.866871988215148,3.790191879652162,3.8477020263671875,10500,0.0,0.0
2003-04-23 00:00:00-04:00,3.869612527643716,3.8750895503573775,3.8477039144465293,3.8723511695861816,9600,0.0,0.0
2003-04-24 00:00:00-04:00,3.8723508586720405,3.8750892392233696,3.855919269507821,3.869612216949463,5500,0.0,0.0
2003-04-25 00:00:00-04:00,3.8723488019686,3.8723488019686,3.8613945020676455,3.864132881164551,5200,0.0,0.0
2003-04-28 00:00:00-04:00,3.872351169586182,3.8750895503573775,3.869612527643716,3.8723511695861816,7200,0.0,0.0
2003-04-29 00:00:00-04:00,3.8641346930945812,3.872350617751157,3.8613963127136226,3.861396312713623,2900,0.0,0.0
2003-04-30 00:00:00-04:00,3.8668735752268844,3.8750892392233696,3.8641349335043063,3.869612216949463,11400,0.0,0.0
2003-05-01 00:00:00-04:00,3.869609758528211,3.9024726548071094,3.866871118545532,3.8668711185455322,7700,0.0,0.0
2003-05-02 00:00:00-04:00,3.8887801863270703,3.9572446271468116,3.8887801863270703,3.916166067123413,7500,0.0,0.0
2003-05-05 00:00:00-04:00,3.9161659217660083,3.943551540374756,3.9161659217660083,3.943551540374756,4200,0.0,0.0
2003-05-06 00:00:00-04:00,3.9435516936813233,4.080480575561523,3.9435516936813233,4.080480575561523,17500,0.0,0.0
2003-05-07 00:00:00-04:00,4.080482662429296,4.083221304148582,4.014756828193921,4.036665439605713,7800,0.0,0.0
2003-05-08 00:00:00-04:00,4.0366648106962,4.0366648106962,3.9709389867008618,4.014756202697754,8600,0.0,0.0
2003-05-09 00:00:00-04:00,3.9983258079762707,4.039404392242432,3.9983258079762707,4.039404392242432,7100,0.0,0.0
2003-05-12 00:00:00-04:00,4.039402015465909,4.080480575561523,4.009277755473867,4.080480575561523,5400,0.0,0.0
2003-05-13 00:00:00-04:00,4.090215055407815,4.237585067749023,4.090215055407815,4.237585067749023,4700,0.225,0.0
2003-05-14 00:00:00-04:00,4.254267661630262,4.265389919281006,4.234803511859806,4.265389919281006,13200,0.0,0.0
2003-05-15 00:00:00-04:00,4.293193824482411,4.293193824482411,4.226460303546906,4.257046699523926,34700,0.0,0.0
2003-05-16 00:00:00-04:00,4.2431454039795184,4.265389919281006,4.2431454039795184,4.265389919281006,1400,0.0,0.0
2003-05-19 00:00:00-04:00,4.254267469022613,4.268170356750488,4.240364581294738,4.268170356750488,4200,0.0,0.0
2003-05-20 00:00:00-04:00,4.268169366876911,4.321000009779724,4.195874579598985,4.240363597869873,26100,0.0,0.0
2003-05-21 00:00:00-04:00,4.2792947413034135,4.309880897369898,4.226463794708252,4.226463794708252,15900,0.0,0.0
2003-05-22 00:00:00-04:00,4.268170870728424,4.268170870728424,4.212559313120117,4.218120574951172,19100,0.0,0.0
2003-05-23 00:00:00-04:00,4.226460677047623,4.232021936871428,4.212557792663574,4.212557792663574,9700,0.0,0.0
2003-05-27 00:00:00-04:00,4.143043749944804,4.282072067260742,4.143043749944804,4.282072067260742,8700,0.0,0.0
2003-05-28 00:00:00-04:00,4.309877177175575,4.33490231289047,4.1986546464154095,4.323780059814453,14300,0.0,0.0
2003-05-29 00:00:00-04:00,4.309877672009053,4.309877672009053,4.104115833890732,4.198655128479004,8800,0.0,0.0
2003-05-30 00:00:00-04:00,4.170849696719541,4.407197952270508,4.170849696719541,4.407197952270508,17400,0.0,0.0
2003-06-02 00:00:00-04:00,4.448904561348583,4.515638066126722,4.404415558163158,4.512857437133789,10400,0.0,0.0
2003-06-03 00:00:00-04:00,4.498957452894584,4.515640706255514,4.487834930419922,4.487834930419922,5600,0.0,0.0
2003-06-04 00:00:00-04:00,4.487833739201977,4.487833739201977,4.462808600627541,4.476711750030518,6700,0.0,0.0
2003-06-05 00:00:00-04:00,4.44890804587418,4.44890804587418,4.409980005009571,4.446127414703369,4200,0.0,0.0
2003-06-06 00:00:00-04:00,4.448906679289647,4.501737594604492,4.393295398833627,4.501737594604492,10700,0.0,0.0
2003-06-09 00:00:00-04:00,4.490613604980625,4.493394234388082,4.4600277422002685,4.473930358886719,5300,0.0,0.0
2003-06-10 00:00:00-04:00,4.473932430855947,4.473932430855947,4.407198885223826,4.44334602355957,12000,0.0,0.0
2003-06-11 00:00:00-04:00,4.4628106713770705,4.4628106713770705,4.396077379506681,4.446127414703369,6800,0.0,0.0
2003-06-12 00:00:00-04:00,4.421099460846713,4.473930358886719,4.421099460846713,4.473930358886719,4700,0.0,0.0
2003-06-13 00:00:00-04:00,4.4739318482821515,4.51842087291042,4.435003819144665,4.451687335968018,26200,0.0,0.0
2003-06-16 00:00:00-04:00,4.382173900895912,4.554568767547607,4.382173900895912,4.554568767547607,18600,0.0,0.0
2003-06-17 00:00:00-04:00,4.58793497748749,4.668571664993629,4.4906150385614945,4.665791034698486,15700,0.0,0.0
2003-06-18 00:00:00-04:00,4.643546320935509,4.643546320935509,4.5323232353662215,4.590715408325195,26600,0.0,0.0
2003-06-19 00:00:00-04:00,4.574031590743984,4.671350983029289,4.565689701254853,4.585153579711914,8500,0.0,0.0
2003-06-20 00:00:00-04:00,4.5823729498822035,4.6073980879986856,4.510078165362469,4.585153579711914,9800,0.0,0.0
2003-06-23 00:00:00-04:00,4.532323807166395,4.585154726441884,4.504518562617128,4.582374095916748,18200,0.0,0.0
2003-06-24 00:00:00-04:00,4.574033260345459,4.5879358842177975,4.540666220560298,4.574033260345459,8900,0.0,0.0
2003-06-25 00:00:00-04:00,4.560128880657612,4.68525458328748,4.546226260521388,4.671351432800293,12500,0.0,0.0
2003-06-26 00:00:00-04:00,4.660228759400569,4.663009389090264,4.560128211975098,4.560128211975098,9000,0.0,0.0
2003-06-27 00:00:00-04:00,4.532323263762858,4.546226414721615,4.379392315673385,4.426661968231201,19400,0.0,0.0
2003-06-30 00:00:00-04:00,4.448905325302339,4.476711089655647,4.215337753295898,4.215337753295898,115800,0.0,0.0
2003-07-01 00:00:00-04:00,4.232023530280289,4.323782230517641,4.215340009702786,4.259829044342041,22200,0.0,0.0
2003-07-02 00:00:00-04:00,4.259827869182971,4.429442598422953,4.251486243783207,4.426661968231201,16000,0.0,0.0
2003-07-03 00:00:00-04:00,4.421100450126735,4.421100450126735,4.290414020838451,4.298755645751953,9200,0.0,0.0
2003-07-07 00:00:00-04:00,4.2987553612909695,4.309877615498141,4.22924120620229,4.2959747314453125,8000,0.0,0.0
2003-07-08 00:00:00-04:00,4.2959747314453125,4.309877615498141,4.265388598669459,4.2959747314453125,15600,0.0,0.0
2003-07-09 00:00:00-04:00,4.2959767137022205,4.587936352826281,4.2765128261524765,4.53232479095459,21500,0.0,0.0
2003-07-10 00:00:00-04:00,4.532324147737156,4.532324147737156,4.4211015701293945,4.4211015701293945,13600,0.0,0.0
2003-07-11 00:00:00-04:00,4.40997876263686,4.462809414120986,4.346025854778418,4.379392623901367,6400,0.0,0.0
2003-07-14 00:00:00-04:00,4.4071977762109205,4.448906165441748,4.4071977762109205,4.435003280639648,4800,0.0,0.0
2003-07-15 00:00:00-04:00,4.4044171462154065,4.4433449054507195,4.368269751800136,4.435003280639648,6500,0.0,0.0
2003-07-16 00:00:00-04:00,4.415538025827501,4.415538025827501,4.387732264883249,4.412757396697998,1900,0.0,0.0
2003-07-17 00:00:00-04:00,4.407197801463905,4.407197801463905,4.304316612444146,4.309877872467041,6100,0.0,0.0
2003-07-18 00:00:00-04:00,4.351586850377822,4.382173254288824,4.346025854778418,4.379392623901367,3500,0.0,0.0
2003-07-21 00:00:00-04:00,4.393293928092693,4.393293928092693,4.173629244946829,4.270948886871338,12600,0.0,0.0
2003-07-22 00:00:00-04:00,4.298756850180801,4.298756850180801,4.209778785705566,4.209778785705566,5100,0.0,0.0
2003-07-23 00:00:00-04:00,4.204216123067776,4.209777382832009,4.1319213371855135,4.198655128479004,10400,0.0,0.0
2003-07-24 00:00:00-04:00,4.209779786496966,4.209779786496966,4.15694884927363,4.159729480743408,9400,0.0,0.0
2003-07-25 00:00:00-04:00,4.1986564964670325,4.240364897586186,4.159728460960421,4.220901012420654,2800,0.0,0.0
2003-07-28 00:00:00-04:00,4.237584142566377,4.265389919281006,4.18475348501923,4.265389919281006,7600,0.0,0.0
2003-07-29 00:00:00-04:00,4.293194101599656,4.304316355806827,4.254266344462288,4.2959747314453125,6400,0.0,0.0
2003-07-30 00:00:00-04:00,4.323780648148922,4.337683532679558,4.273730369908819,4.27929162979126,3900,0.0,0.0
2003-07-31 00:00:00-04:00,4.301537449046418,4.304317814658961,4.212559120056386,4.220901012420654,5100,0.0,0.0
2003-08-01 00:00:00-04:00,4.198657756687472,4.2264632773875075,4.031823571784749,4.145826816558838,10600,0.0,0.0
2003-08-04 00:00:00-04:00,4.137481917541831,4.137481917541831,4.0485038973287,4.07352876663208,4700,0.0,0.0
2003-08-05 00:00:00-04:00,4.045724250292717,4.045724250292717,3.9762100888278096,3.987332344055176,11800,0.0,0.0
2003-08-06 00:00:00-04:00,3.959526085959409,4.118018534907427,3.9317205839017464,4.112457275390625,6400,0.0,0.0
2003-08-07 00:00:00-04:00,4.095773988118304,4.212557792663574,4.0902129934699625,4.212557792663574,8600,0.0,0.0
2003-08-08 00:00:00-04:00,4.254265770355445,4.254265770355445,4.2125571238254835,4.215337753295898,4700,0.0,0.0
2003-08-11 00:00:00-04:00,4.229243438983641,4.237585067749023,4.229243438983641,4.237585067749023,1200,0.0,0.0
2003-08-12 00:00:00-04:00,4.234802418159285,4.282072067260742,4.234802418159285,4.282072067260742,5100,0.0,0.0
2003-08-13 00:00:00-04:00,4.309731977981535,4.343600172391782,4.304087144332919,4.306909561157227,4400,0.228,0.0
2003-08-14 00:00:00-04:00,4.346421943714631,4.357711340873872,4.267396163599945,4.343599796295166,6500,0.0,0.0
2003-08-15 00:00:00-04:00,4.3407769203186035,4.3407769203186035,4.3407769203186035,4.3407769203186035,2900,0.0,0.0
2003-08-18 00:00:00-04:00,4.343601048918401,4.343601048918401,4.233529193002542,4.329489231109619,5600,0.0,0.0
2003-08-19 00:00:00-04:00,4.32666540145874,4.32666540145874,4.287152378323613,4.32666540145874,3500,0.0,0.0
2003-08-20 00:00:00-04:00,4.30973373031213,4.30973373031213,4.275865252970534,4.289977073669434,4600,0.0,0.0
2003-08-21 00:00:00-04:00,4.304087574569614,4.32666637310009,4.295620592410813,4.323843955993652,5900,0.0,0.0
2003-08-22 00:00:00-04:00,4.323844292022113,4.326666709347895,4.177082090168369,4.233529090881348,6700,0.0,0.0
2003-08-25 00:00:00-04:00,4.233528789721752,4.323843984437786,4.233528789721752,4.309732437133789,2600,0.0,0.0
2003-08-26 00:00:00-04:00,4.315376542469668,4.315376542469668,4.275863514410805,4.306909561157227,2100,0.0,0.0
2003-08-27 00:00:00-04:00,4.2899741221144065,4.315375328063965,4.275862311124606,4.315375328063965,5600,0.0,0.0
2003-08-28 00:00:00-04:00,4.315376521393728,4.315376521393728,4.233528318011917,4.247640132904053,27400,0.0,0.0
2003-08-29 00:00:00-04:00,4.247641880733327,4.289977073669434,4.247641880733327,4.289977073669434,2300,0.0,0.0
2003-09-02 00:00:00-04:00,4.261752065839825,4.287153010356657,4.233528435273804,4.281508445739746,14600,0.0,0.0
2003-09-03 00:00:00-04:00,4.281508804204773,4.315377002223285,4.281508804204773,4.309732437133789,7500,0.0,0.0
2003-09-04 00:00:00-04:00,4.312554028410486,4.337955240935573,4.309731880810292,4.332310676574707,8500,0.0,0.0
2003-09-05 00:00:00-04:00,4.335131498901438,4.335131498901438,4.287151505279684,4.304085731506348,7400,0.0,0.0
2003-09-08 00:00:00-04:00,4.30408648503048,4.306908901422449,4.250461919385285,4.292797088623047,5300,0.0,0.0
2003-09-09 00:00:00-04:00,4.275863611962347,4.292797844134057,4.258929648951125,4.281508445739746,1900,0.0,0.0
2003-09-10 00:00:00-04:00,4.253284160096014,4.340777186046881,4.2391726161469085,4.267395973205566,19700,0.0,0.0
2003-09-11 00:00:00-04:00,4.289975561938504,4.312554359436035,4.281508580167054,4.312554359436035,3100,0.0,0.0
2003-09-12 00:00:00-04:00,4.2927963370753695,4.30690814740419,4.275862110848705,4.304085731506348,7800,0.0,0.0
2003-09-15 00:00:00-04:00,4.304085861191254,4.304085861191254,4.23917190854733,4.2617506980896,3800,0.0,0.0
2003-09-16 00:00:00-04:00,4.298440899710661,4.30690814740419,4.289973921177526,4.304085731506348,11200,0.0,0.0
2003-09-17 00:00:00-04:00,4.306908732425247,4.346421483720614,4.27304054453189,4.3407769203186035,16100,0.0,0.0
2003-09-18 00:00:00-04:00,4.32102054467092,4.3407769203186035,4.318198128389699,4.3407769203186035,4700,0.0,0.0
2003-09-19 00:00:00-04:00,4.289974010755577,4.32948702666926,4.250461264002293,4.278684616088867,15500,0.0,0.0
2003-09-22 00:00:00-04:00,4.261751947796189,4.261751947796189,4.233528318011917,4.247640132904053,5500,0.0,0.0
2003-09-23 00:00:00-04:00,4.275864350211318,4.275864350211318,4.247640983932884,4.27304220199585,39900,0.0,0.0
2003-09-24 00:00:00-04:00,4.25892999106637,4.281508789668721,4.247640591765194,4.250463008880615,6500,0.0,0.0
2003-09-25 00:00:00-04:00,4.247640330853945,4.25892972946167,4.233528515304165,4.25892972946167,13900,0.0,0.0
2003-09-26 00:00:00-04:00,4.233529090881348,4.275864274125949,4.233529090881348,4.233529090881348,3000,0.0,0.0
2003-09-29 00:00:00-04:00,4.177082061767578,4.219417244724334,4.171437227154395,4.177082061767578,8700,0.0,0.0
2003-09-30 00:00:00-04:00,4.179903974198608,4.256107348148544,4.171436723301563,4.253284931182861,15000,0.0,0.0
2003-10-01 00:00:00-04:00,4.2589287344117075,4.275862693786621,4.239172358754164,4.275862693786621,9700,0.0,0.0
2003-10-02 00:00:00-04:00,4.247639768875478,4.267396146535031,4.162969155939532,4.21941614151001,8900,0.0,0.0
2003-10-03 00:00:00-04:00,4.205305427351906,4.233529062096762,4.16297024439515,4.177082061767578,15900,0.0,0.0
2003-10-06 00:00:00-04:00,4.162970272699992,4.233529090881348,4.162970272699992,4.233529090881348,2200,0.0,0.0
2003-10-07 00:00:00-04:00,4.219415319821563,4.318197727203369,4.219415319821563,4.318197727203369,17300,0.0,0.0
2003-10-08 00:00:00-04:00,4.304085861191254,4.304085861191254,4.227882244615793,4.2617506980896,15200,0.0,0.0
2003-10-09 00:00:00-04:00,4.275862953407119,4.318198392735776,4.241994763440461,4.267395973205566,9600,0.0,0.0
2003-10-10 00:00:00-04:00,4.239174617057064,4.306911028962282,4.233529781484676,4.301266193389893,13200,0.0,0.0
2003-10-13 00:00:00-04:00,4.304086242530595,4.306908658763543,4.295619262992176,4.298441410064697,4000,0.0,0.0
2003-10-14 00:00:00-04:00,4.298442543409399,4.374646186828613,4.298442543409399,4.374646186828613,11100,0.0,0.0
2003-10-15 00:00:00-04:00,4.346422555378424,4.4169813648434015,4.346422555378424,4.374646186828613,14600,0.0,0.0
2003-10-16 00:00:00-04:00,4.3774707661792664,4.428272951060065,4.357714106740583,4.425450801849365,6400,0.0,0.0
2003-10-17 00:00:00-04:00,4.4226260180621315,4.685104864676719,4.416981184338577,4.682282447814941,36600,0.0,0.0
2003-10-20 00:00:00-04:00,4.682281864173804,4.710505490952562,4.572210311889648,4.572210311889648,16400,0.0,0.0
2003-10-21 00:00:00-04:00,4.575032874125943,4.654058933258057,4.572210995514963,4.654058933258057,6600,0.0,0.0
2003-10-22 00:00:00-04:00,4.642768737134374,4.642768737134374,4.521407528548532,4.5439863204956055,10200,0.0,0.0
2003-10-23 00:00:00-04:00,4.518585664426302,4.555276003953452,4.515763247797917,4.5214080810546875,6600,0.0,0.0
2003-10-24 00:00:00-04:00,4.518585484087123,4.583499448986444,4.515763067571382,4.580677032470703,6000,0.0,0.0
2003-10-27 00:00:00-05:00,4.600433530602659,4.66817045211792,4.5778547362045465,4.66817045211792,8800,0.0,0.0
2003-10-28 00:00:00-05:00,4.656879794870404,4.685103416442871,4.600432551725471,4.685103416442871,5900,0.0,0.0
2003-10-29 00:00:00-05:00,4.68510541405817,4.724618178114423,4.651236946066355,4.670993328094482,10700,0.0,0.0
2003-10-30 00:00:00-05:00,4.682281182651874,4.682281182651874,4.614544811234659,4.63430118560791,3300,0.0,0.0
2003-10-31 00:00:00-05:00,4.6173672611705845,4.662524842446316,4.597610886652556,4.628656387329102,8600,0.0,0.0
2003-11-03 00:00:00-05:00,4.628656173297937,4.685103416442871,4.614544631672107,4.685103416442871,4600,0.0,0.0
2003-11-04 00:00:00-05:00,4.685103416442871,4.685103416442871,4.656879794870404,4.685103416442871,9800,0.0,0.0
2003-11-05 00:00:00-05:00,4.679458584464216,4.685103416442871,4.659702210859732,4.685103416442871,3000,0.0,0.0
2003-11-06 00:00:00-05:00,4.693570126090046,4.693570126090046,4.656879794870404,4.685103416442871,7600,0.0,0.0
2003-11-07 00:00:00-05:00,4.685105406698826,4.707684205884223,4.659704190325124,4.662526607513428,15100,0.0,0.0
2003-11-10 00:00:00-05:00,4.656879794870404,4.690748248421526,4.656879794870404,4.685103416442871,5000,0.0,0.0
2003-11-11 00:00:00-05:00,4.6597036512416965,4.707683661249964,4.6597036512416965,4.682282447814941,2900,0.0,0.0
2003-11-12 00:00:00-05:00,4.707685068006984,4.7246190359169065,4.6597050436612575,4.696395397186279,9000,0.0,0.0
2003-11-13 00:00:00-05:00,4.722153325111964,4.787977149545025,4.664914884642905,4.776529788970947,9700,0.23,0.0
2003-11-14 00:00:00-05:00,4.782250802041916,4.782250802041916,4.710703060209816,4.7622175216674805,10600,0.0,0.0
2003-11-17 00:00:00-05:00,4.7822531963248744,4.7822531963248744,4.699258058097585,4.776529788970947,13300,0.0,0.0
2003-11-18 00:00:00-05:00,4.776527957316817,4.808008596223324,4.773665981804222,4.793699264526367,14700,0.0,0.0
2003-11-19 00:00:00-05:00,4.836628116797405,4.893866539001465,4.816594832785799,4.893866539001465,41600,0.0,0.0
2003-11-20 00:00:00-05:00,4.8795565025352285,4.8795565025352285,4.810870725633781,4.836627960205078,7500,0.0,0.0
2003-11-21 00:00:00-05:00,4.862386704146111,4.876696586608887,4.808010242519966,4.876696586608887,6700,0.0,0.0
2003-11-24 00:00:00-05:00,4.8938680387901865,4.919625282089047,4.8938680387901865,4.908177375793457,16100,0.0,0.0
2003-11-25 00:00:00-05:00,4.908175152547639,4.959689615810961,4.822318077686083,4.956827640533447,10300,0.0,0.0
2003-11-26 00:00:00-05:00,4.979724884033203,4.979724884033203,4.945382258730637,4.979724884033203,6600,0.0,0.0
2003-11-28 00:00:00-05:00,4.965412448820048,4.965412448820048,4.893864720583061,4.922483921051025,8600,0.0,0.0
2003-12-01 00:00:00-05:00,4.951104793184849,5.008343219757081,4.951104793184849,5.00834321975708,7800,0.0,0.0
2003-12-02 00:00:00-05:00,5.005478688348473,5.005478688348473,4.945378862410433,4.962550163269043,17900,0.0,0.0
2003-12-03 00:00:00-05:00,4.933934478861385,4.97686303451731,4.876696586608887,4.876696586608887,3400,0.0,0.0
2003-12-04 00:00:00-05:00,4.876696586608887,4.87955801723524,4.836629461579316,4.876696586608887,7400,0.0,0.0
2003-12-05 00:00:00-05:00,4.865248680638666,4.87955801723524,4.7536343267600225,4.876696586608887,6700,0.0,0.0
2003-12-08 00:00:00-05:00,4.879556565455335,5.06558116106143,4.870971184398218,4.999756813049316,20900,0.0,0.0
2003-12-09 00:00:00-05:00,4.99975617932112,5.002618154599411,4.936794360796622,4.959689617156982,5700,0.0,0.0
2003-12-10 00:00:00-05:00,4.9797236217127505,4.9797236217127505,4.856661396197116,4.879556655883789,3900,0.0,0.0
2003-12-11 00:00:00-05:00,4.879554454171317,4.936792850494385,4.808006731700384,4.936792850494385,18700,0.0,0.0
2003-12-12 00:00:00-05:00,4.9367944359850195,4.9739990234375,4.9367944359850195,4.9739990234375,4500,0.0,0.0
2003-12-15 00:00:00-05:00,5.002619934254973,5.002619934254973,4.868110323520022,4.916762828826904,7600,0.0,0.0
2003-12-16 00:00:00-05:00,4.933931827545166,4.933931827545166,4.84521278741516,4.933931827545166,16100,0.0,0.0
2003-12-17 00:00:00-05:00,4.905315259802036,4.905315259802036,4.836629461579316,4.876696586608887,9100,0.0,0.0
2003-12-18 00:00:00-05:00,4.893866539001465,4.893866539001465,4.813732857088991,4.893866539001465,9600,0.0,0.0
2003-12-19 00:00:00-05:00,4.8938661416252005,4.919623374938965,4.822318392612744,4.919623374938965,8900,0.0,0.0
2003-12-22 00:00:00-05:00,4.8938680387901865,4.933934619092318,4.865248818917429,4.908177375793457,4200,0.0,0.0
2003-12-23 00:00:00-05:00,4.893864326184985,4.936792850494385,4.870969076828919,4.936792850494385,3800,0.0,0.0
2003-12-24 00:00:00-05:00,4.92248644850148,4.951105117797852,4.92248644850148,4.951105117797852,800,0.0,0.0
2003-12-26 00:00:00-05:00,4.951105117797852,4.951105117797852,4.908176567987167,4.951105117797852,1600,0.0,0.0
2003-12-29 00:00:00-05:00,4.928208593313684,4.951103850409709,4.842351515670089,4.865246772766113,6400,0.0,0.0
2003-12-30 00:00:00-05:00,4.836627093943299,4.908174833634372,4.8223177643514585,4.870970249176025,11400,0.0,0.0
2003-12-31 00:00:00-05:00,4.8366266186676885,4.928207629134419,4.8051459874859255,4.868107795715332,10500,0.0,0.0
2004-01-02 00:00:00-05:00,4.893865980602641,4.899589931343144,4.765079818271261,4.865246772766113,8700,0.0,0.0
2004-01-05 00:00:00-05:00,4.8366263196471335,4.976859801487726,4.8366263196471335,4.922483921051025,19800,0.0,0.0
2004-01-06 00:00:00-05:00,4.893865899168729,4.976861000061035,4.893865899168729,4.976861000061035,4700,0.0,0.0
2004-01-07 00:00:00-05:00,4.979724478845999,4.996895790100097,4.916762640336878,4.996895790100098,13300,0.0,0.0
2004-01-08 00:00:00-05:00,4.994034766131095,4.994034766131095,4.908177111142305,4.979724884033203,5100,0.0,0.0
2004-01-09 00:00:00-05:00,4.951102357547016,4.9940314292907715,4.931069081861701,4.9940314292907715,6100,0.0,0.0
2004-01-12 00:00:00-05:00,4.9940314292907715,5.008340755961475,4.956826306561626,4.9940314292907715,4500,0.0,0.0
2004-01-13 00:00:00-05:00,5.005481572019987,5.005481572019987,4.905314591884304,4.951105117797852,26600,0.0,0.0
2004-01-14 00:00:00-05:00,4.936794681859473,4.959689939708818,4.836627724068833,4.919623374938965,23000,0.0,0.0
2004-01-15 00:00:00-05:00,4.8938659020195905,4.8938659020195905,4.8366274872656385,4.845213413238525,23200,0.0,0.0
2004-01-16 00:00:00-05:00,4.845214039286804,4.908175866958642,4.845214039286804,4.879556655883789,13000,0.0,0.0
2004-01-20 00:00:00-05:00,4.916759575541051,4.936792850494385,4.870969076828919,4.936792850494385,11900,0.0,0.0
2004-01-21 00:00:00-05:00,4.905313019298696,4.948242101212949,4.905313019298696,4.913898944854736,7200,0.0,0.0
2004-01-22 00:00:00-05:00,4.945379725689954,4.948241700643619,4.885279343394808,4.931069850921631,4200,0.0,0.0
2004-01-23 00:00:00-05:00,4.902451600923574,4.945380687713623,4.888142269237567,4.945380687713623,6900,0.0,0.0
2004-01-26 00:00:00-05:00,4.916760058171218,4.948241233825684,4.916760058171218,4.948241233825684,4700,0.0,0.0
2004-01-27 00:00:00-05:00,4.9654149983121645,4.979724332960351,4.92248644850148,4.951105117797852,16600,0.0,0.0
2004-01-28 00:00:00-05:00,4.945380685484781,4.9511040906369965,4.916761476259651,4.939656734466553,12000,0.0,0.0
2004-01-29 00:00:00-05:00,4.962551031225592,4.962551031225592,4.933931827545166,4.933931827545166,3400,0.0,0.0
2004-01-30 00:00:00-05:00,4.948242261909787,4.959689617156982,4.893865823354194,4.959689617156982,5700,0.0,0.0
2004-02-02 00:00:00-05:00,4.9596880998504504,4.9596880998504504,4.876693025634386,4.936792850494385,16900,0.0,0.0
2004-02-03 00:00:00-05:00,4.922483913071852,4.9339312657209735,4.905312065299401,4.911036014556885,7500,0.0,0.0
2004-02-04 00:00:00-05:00,4.882418631577879,4.922485745429094,4.876695226055747,4.879556655883789,8400,0.0,0.0
2004-02-05 00:00:00-05:00,4.876695480049432,4.879556910026506,4.790837842353136,4.822319030761719,6000,0.0,0.0
2004-02-06 00:00:00-05:00,4.8108702526298455,4.862384716707546,4.793698946559272,4.839489459991455,7500,0.0,0.0
2004-02-09 00:00:00-05:00,4.842352068191021,4.893866539001465,4.839490092494213,4.893866539001465,6800,0.0,0.0
2004-02-10 00:00:00-05:00,4.922483524346519,4.936792850494385,4.842349878667385,4.936792850494385,7900,0.0,0.0
2004-02-11 00:00:00-05:00,4.922484471926544,4.93679380082896,4.893865268255802,4.931069850921631,9000,0.0,0.0
2004-02-12 00:00:00-05:00,4.929039231513601,4.929039231513601,4.839104001968997,4.911632537841797,6500,0.233,0.0
2004-02-13 00:00:00-05:00,4.882622504879533,4.897127995147229,4.839105480727463,4.876820087432861,10000,0.0,0.0
2004-02-17 00:00:00-05:00,4.8623154970330935,4.902931319978592,4.8623154970330935,4.888425827026367,8900,0.0,0.0
2004-02-18 00:00:00-05:00,4.888425010331559,4.920337200164795,4.873918966453731,4.920337200164795,7500,0.0,0.0
2004-02-19 00:00:00-05:00,4.920334913413801,4.920334913413801,4.90292822219925,4.905829429626465,8100,0.0,0.0
2004-02-20 00:00:00-05:00,4.905831709635961,4.923238408940361,4.905831709635961,4.920337200164795,6100,0.0,0.0
2004-02-23 00:00:00-05:00,4.920335346716733,4.931940177447556,4.8884231689045405,4.9174346923828125,13300,0.0,0.0
2004-02-24 00:00:00-05:00,4.934841212712775,4.934841212712775,4.859411475644207,4.900027275085449,6300,0.0,0.0
2004-02-25 00:00:00-05:00,4.931942007809082,4.931942007809082,4.8739189393187905,4.908732891082764,2500,0.0,0.0
2004-02-26 00:00:00-05:00,4.908730897829472,4.908730897829472,4.900027275085449,4.900027275085449,1100,0.0,0.0
2004-02-27 00:00:00-05:00,4.882620334625243,4.882620334625243,4.879719127191453,4.882620334625244,12600,0.0,0.0
2004-03-01 00:00:00-05:00,4.902930412593901,4.911634038763908,4.859413388441831,4.876820087432861,9300,0.0,0.0
2004-03-02 00:00:00-05:00,4.897126323810455,4.897126323810455,4.836202621459961,4.836202621459961,9800,0.0,0.0
2004-03-03 00:00:00-05:00,4.83620364100258,4.83620364100258,4.798489039217977,4.801389694213867,12300,0.0,0.0
2004-03-04 00:00:00-05:00,4.795587857464546,4.80138972083741,4.717256891767285,4.720158100128174,17500,0.0,0.0
2004-03-05 00:00:00-05:00,4.7172571972971475,4.749169937984954,4.537386417388916,4.537386417388916,17800,0.0,0.0
2004-03-08 00:00:00-05:00,4.543186735330551,4.638924365640247,4.540285527945563,4.627319812774658,14500,0.0,0.0
2004-03-09 00:00:00-05:00,4.598309386831558,4.638925190748114,4.598309386831558,4.630221843719482,5800,0.0,0.0
2004-03-10 00:00:00-05:00,4.636022492310486,4.636022492310486,4.5257793942605264,4.528680324554443,10700,0.0,0.0
2004-03-11 00:00:00-05:00,4.528681985530283,4.589605970836718,4.528681985530283,4.540286540985107,12200,0.0,0.0
2004-03-12 00:00:00-05:00,4.5402862356158264,4.6099138403362065,4.5402862356158264,4.586704730987549,17100,0.0,0.0
2004-03-15 00:00:00-05:00,4.60991426799787,4.60991426799787,4.461955974668284,4.531583309173584,20900,0.0,0.0
2004-03-16 00:00:00-05:00,4.566398620605469,4.566398620605469,4.482265491949951,4.566398620605469,10400,0.0,0.0
2004-03-17 00:00:00-05:00,4.566397255969526,4.601210925353381,4.560595116076109,4.5983099937438965,13100,0.0,0.0
2004-03-18 00:00:00-05:00,4.598311781343263,4.607015132904053,4.569300240574553,4.607015132904053,5300,0.0,0.0
2004-03-19 00:00:00-05:00,4.607012428963748,4.624419121869019,4.537385103993873,4.557693004608154,8600,0.0,0.0
2004-03-22 00:00:00-05:00,4.569297211267959,4.627319977663471,4.551890243012119,4.554791450500488,14200,0.0,0.0
2004-03-23 00:00:00-05:00,4.575100191795371,4.598309301222567,4.517077141552969,4.5925068855285645,6300,0.0,0.0
2004-03-24 00:00:00-05:00,4.609913855936166,4.64182631222996,4.563495360407363,4.5925068855285645,5200,0.0,0.0
2004-03-25 00:00:00-05:00,4.6128151661777155,4.6128151661777155,4.496769609505413,4.578001499176025,43300,0.0,0.0
2004-03-26 00:00:00-05:00,4.595408386901344,4.5983095949336565,4.511275290685259,4.540286540985107,15600,0.0,0.0
2004-03-29 00:00:00-05:00,4.583802857548998,4.59830861795417,4.543186783749392,4.563494682312012,10300,0.0,0.0
2004-03-30 00:00:00-05:00,4.578001484112318,4.589606039741364,4.557693580930095,4.57219934463501,13700,0.0,0.0
2004-03-31 00:00:00-05:00,4.586704191457359,4.708551862867767,4.580901776465525,4.673738479614258,14500,0.0,0.0
2004-04-01 00:00:00-05:00,4.673738871019377,4.676640078758258,4.641826139240484,4.665035247802734,9400,0.0,0.0
2004-04-02 00:00:00-05:00,4.665034987190141,4.6940465096094215,4.641825879924469,4.67083740234375,11200,0.0,0.0
2004-04-05 00:00:00-04:00,4.641827527486083,4.653432361912301,4.560595623223931,4.58090353012085,9800,0.0,0.0
2004-04-06 00:00:00-04:00,4.569298067959382,4.61571628977868,4.540286540985107,4.540286540985107,10900,0.0,0.0
2004-04-07 00:00:00-04:00,4.511276183610433,4.58090353012085,4.496770417252144,4.58090353012085,16700,0.0,0.0
2004-04-08 00:00:00-04:00,4.5838060109589085,4.618619693876624,4.569300240574553,4.607015132904053,15000,0.0,0.0
2004-04-12 00:00:00-04:00,4.54318609534103,4.607011265448025,4.4271405830322434,4.430041790008545,26900,0.0,0.0
2004-04-13 00:00:00-04:00,4.482263313746499,4.482263313746499,4.293689237367527,4.316898345947266,16100,0.0,0.0
2004-04-14 00:00:00-04:00,4.316898361659428,4.34881081690412,4.284985906414736,4.322700500488281,9500,0.0,0.0
2004-04-15 00:00:00-04:00,4.293690073584778,4.325602534928427,4.267579752178859,4.296591281890869,5600,0.0,0.0
2004-04-16 00:00:00-04:00,4.238567425881299,4.337206276354856,4.238567425881299,4.2994914054870605,16200,0.0,0.0
2004-04-19 00:00:00-04:00,4.313997383909736,4.351712256668458,4.2820849269636225,4.305294036865234,3400,0.0,0.0
2004-04-20 00:00:00-04:00,4.293692020211769,4.322703286402137,4.279186248779297,4.279186248779297,7700,0.0,0.0
2004-04-21 00:00:00-04:00,4.267578934542668,4.322700498425264,4.267578934542668,4.293689250946045,8300,0.0,0.0
2004-04-22 00:00:00-04:00,4.264678347339083,4.296591083886516,4.264678347339083,4.267579555511475,6800,0.0,0.0
2004-04-23 00:00:00-04:00,4.2240612457267845,4.293688560489612,4.221160038443078,4.235665798187256,10600,0.0,0.0
2004-04-26 00:00:00-04:00,4.23566546017515,4.293688217847207,4.23566546017515,4.261775493621826,5900,0.0,0.0
2004-04-27 00:00:00-04:00,4.264677047729492,4.279182807496555,4.20955549262388,4.264677047729492,9400,0.0,0.0
2004-04-28 00:00:00-04:00,4.2356660585703505,4.2443694042821445,4.206654537298543,4.22986364364624,10400,0.0,0.0
2004-04-29 00:00:00-04:00,4.229865728184703,4.247272704861069,4.180546283721924,4.180546283721924,14900,0.0,0.0
2004-04-30 00:00:00-04:00,4.1979516928489415,4.20665503959997,4.061597969268937,4.183445930480957,15400,0.0,0.0
2004-05-03 00:00:00-04:00,4.1863489052927125,4.221162583665632,4.105116712414714,4.108017921447754,5200,0.0,0.0
2004-05-04 00:00:00-04:00,4.079006779166385,4.154436279486323,4.079006779166385,4.0993146896362305,10100,0.0,0.0
2004-05-05 00:00:00-04:00,4.12832449363748,4.16313843740423,4.119621146033009,4.122522354125977,7100,0.0,0.0
2004-05-06 00:00:00-04:00,4.122521603761441,4.122521603761441,3.919441777682797,3.980365753173828,22600,0.0,0.0
2004-05-07 00:00:00-04:00,4.012278253869399,4.076103437681013,3.9252439626125404,3.928145170211792,26100,0.0,0.0
2004-05-10 00:00:00-04:00,3.916541755542918,3.928146312640511,3.8440132045143454,3.8556177616119385,20200,0.0,0.0
2004-05-11 00:00:00-04:00,3.88462902766049,4.047092815942539,3.88462902766049,4.032587051391602,18000,0.0,0.0
2004-05-12 00:00:00-04:00,4.006477642754551,4.006477642754551,3.7714849944410633,3.8759260177612305,31300,0.0,0.0
2004-05-13 00:00:00-04:00,3.874448532649639,3.874448532649639,3.7681375453223636,3.8124337196350098,27400,0.235,0.0
2004-05-14 00:00:00-04:00,3.815387344526907,3.815387344526907,3.7651848572335336,3.7740440368652344,11200,0.0,0.0
2004-05-17 00:00:00-04:00,3.7740461046585043,3.77995241540119,3.6795473858027035,3.685453414916992,20200,0.0,0.0
2004-05-18 00:00:00-04:00,3.720888376235962,3.771090859465378,3.6972637113783806,3.720888376235962,25800,0.0,0.0
2004-05-19 00:00:00-04:00,3.750419066493829,3.909885695096615,3.7149820692074567,3.720888376235962,31300,0.0,0.0
2004-05-20 00:00:00-04:00,3.7504199797976465,3.77995095887513,3.7090769470431164,3.7769978046417236,17400,0.0,0.0
2004-05-21 00:00:00-04:00,3.8390132267121526,3.8862625752111537,3.714983546088109,3.8272008895874023,19200,0.0,0.0
2004-05-24 00:00:00-04:00,3.8921673208196665,3.8921673208196665,3.765184536525616,3.8537771701812744,19100,0.0,0.0
2004-05-25 00:00:00-04:00,3.883307136017109,3.9128381022704164,3.8419641212162783,3.9010257720947266,22900,0.0,0.0
2004-05-26 00:00:00-04:00,3.912838431103521,3.968946933746338,3.9098852779043756,3.968946933746338,18200,0.0,0.0
2004-05-27 00:00:00-04:00,3.971897380053184,3.986662854357887,3.9305543899536133,3.9305543899536133,18400,0.0,0.0
2004-05-28 00:00:00-04:00,3.960089231811064,3.9866670572532796,3.7947165338146247,3.912839889526367,18600,0.0,0.0
2004-06-01 00:00:00-04:00,3.8833075024808394,3.97190012797299,3.865589146359325,3.951228618621826,15100,0.0,0.0
2004-06-02 00:00:00-04:00,3.95122932254406,3.95122932254406,3.8537775016298457,3.8744490146636963,27700,0.0,0.0
2004-06-03 00:00:00-04:00,3.8567307474987067,3.9719009304417026,3.830152926318554,3.895120620727539,14200,0.0,0.0
2004-06-04 00:00:00-04:00,3.877403860918332,3.9866680629215177,3.8419668452655444,3.9187471866607666,22600,0.0,0.0
2004-06-07 00:00:00-04:00,3.948275588714996,4.025055885314941,3.948275588714996,4.025055885314941,11900,0.0,0.0
2004-06-08 00:00:00-04:00,4.025056940564625,4.0309629671285885,3.9423705972712106,4.022103786468506,11800,0.0,0.0
2004-06-09 00:00:00-04:00,3.9925721755815418,4.022102864891598,3.9571348978043375,3.965994358062744,6100,0.0,0.0
2004-06-10 00:00:00-04:00,3.995524756927921,4.00438421654231,3.918744745000542,3.9216976165771484,13700,0.0,0.0
2004-06-14 00:00:00-04:00,3.9187450364744274,3.9216979082706667,3.8390115837835355,3.8567302227020264,13500,0.0,0.0
2004-06-15 00:00:00-04:00,3.841964103524571,3.886260271072388,3.841964103524571,3.8862602710723877,14800,0.0,0.0
2004-06-16 00:00:00-04:00,3.9039809185359475,3.9719017813215602,3.889215427869589,3.9600894451141357,18900,0.0,0.0
2004-06-17 00:00:00-04:00,3.9305554430849696,3.9305554430849696,3.8951181826076193,3.9276022911071777,10100,0.0,0.0
2004-06-18 00:00:00-04:00,3.9276040816223183,3.9866657399627936,3.912838596630149,3.9157917499542236,19500,0.0,0.0
2004-06-21 00:00:00-04:00,3.9276033823769,3.9718995478389996,3.9276033823769,3.95418119430542,19700,0.0,0.0
2004-06-22 00:00:00-04:00,3.939415711942003,3.9630403710722097,3.8980724176500656,3.95418119430542,13900,0.0,0.0
2004-06-23 00:00:00-04:00,3.94236999553012,3.98666617369769,3.9364636882393866,3.9571352005004883,20300,0.0,0.0
2004-06-24 00:00:00-04:00,3.9600880579038873,4.030962050321428,3.853777069277576,3.8567302227020264,20200,0.0,0.0
2004-06-25 00:00:00-04:00,3.856729728444305,3.9866653645579446,3.8390110917965394,3.8419642448425293,176200,0.0,0.0
2004-06-28 00:00:00-04:00,3.853777069277576,3.9098855762010762,3.779949923435585,3.8567302227020264,39200,0.0,0.0
2004-06-29 00:00:00-04:00,3.8655904122149627,3.9128397528492203,3.86263725801825,3.8714964389801025,8500,0.0,0.0
2004-06-30 00:00:00-04:00,3.868541779227275,3.912837945200929,3.8567294495257567,3.8833069801330566,11100,0.0,0.0
2004-07-01 00:00:00-04:00,3.8803549884407937,3.91283883207564,3.839011684300628,3.8537771701812744,21400,0.0,0.0
2004-07-02 00:00:00-04:00,3.8833069801330566,3.9246502749024472,3.8833069801330566,3.8833069801330566,11100,0.0,0.0
2004-07-06 00:00:00-04:00,3.8980753646661626,3.954184183740808,3.8980753646661626,3.9423718452453613,20700,0.0,0.0
2004-07-07 00:00:00-04:00,3.9866664766842157,4.045728145939072,3.9276048074293595,3.992572784423828,28300,0.0,0.0
2004-07-08 00:00:00-04:00,4.004384850488334,4.016197183549375,3.957135236615933,3.9630415439605713,9400,0.0,0.0
2004-07-09 00:00:00-04:00,4.004385651230187,4.010291678127596,3.9719015175954175,4.007338523864746,15300,0.0,0.0
2004-07-12 00:00:00-04:00,4.001432846914824,4.019151210784912,4.001432846914824,4.019151210784912,10600,0.0,0.0
2004-07-13 00:00:00-04:00,4.0073358403853225,4.016195297241211,3.9866643376444553,4.016195297241211,13200,0.0,0.0
2004-07-14 00:00:00-04:00,4.016196938787,4.048680782318115,4.001431452953504,4.048680782318115,10300,0.0,0.0
2004-07-15 00:00:00-04:00,4.022102955025556,4.036868440825579,4.0014314438824545,4.010290622711182,12500,0.0,0.0
2004-07-16 00:00:00-04:00,4.013245430561388,4.03391695022583,4.004386248080675,4.03391695022583,7700,0.0,0.0
2004-07-19 00:00:00-04:00,4.0280101198550975,4.090024948120117,4.022103811625916,4.090024948120117,17600,0.0,0.0
2004-07-20 00:00:00-04:00,4.087068831042607,4.178614289201872,4.075256504775989,4.149083614349365,11300,0.0,0.0
2004-07-21 00:00:00-04:00,4.1284138303871485,4.193381797113227,4.08707080925727,4.146132469177246,15200,0.0,0.0
2004-07-22 00:00:00-04:00,4.157944545472996,4.193381539245823,4.128413576514878,4.131366729736328,5200,0.0,0.0
2004-07-23 00:00:00-04:00,4.134320518497515,4.237678644111247,4.134320518497515,4.18747615814209,10900,0.0,0.0
2004-07-26 00:00:00-04:00,4.222914072817399,4.231773254135934,4.119555924797401,4.166805267333984,17000,0.0,0.0
2004-07-27 00:00:00-04:00,4.166804793253572,4.222913592353179,4.104789967823002,4.20519495010376,15200,0.0,0.0
2004-07-28 00:00:00-04:00,4.219959178559495,4.219959178559495,4.166803549308427,4.214053153991699,5300,0.0,0.0
2004-07-29 00:00:00-04:00,4.20224224757641,4.252444744110107,4.20224224757641,4.252444744110107,9200,0.0,0.0
2004-07-30 00:00:00-04:00,4.252444287264525,4.252444287264525,4.193382615813569,4.20519495010376,6700,0.0,0.0
2004-08-02 00:00:00-04:00,4.234725209648534,4.293786871099572,4.160898062427683,4.267209053039551,18000,0.0,0.0
2004-08-03 00:00:00-04:00,4.287881784198907,4.429629802703857,4.287881784198907,4.429629802703857,13200,0.0,0.0
2004-08-04 00:00:00-04:00,4.444393761587234,4.444393761587234,4.311504969582789,4.385332107543945,10700,0.0,0.0
2004-08-05 00:00:00-04:00,4.370565990649084,4.370565990649084,4.320363521575928,4.320363521575928,3600,0.0,0.0
2004-08-06 00:00:00-04:00,4.323318605737478,4.326271478110072,4.281975294610238,4.311506271362305,8100,0.0,0.0
2004-08-09 00:00:00-04:00,4.311505510348992,4.311505510348992,4.222912877358326,4.267209053039551,7800,0.0,0.0
2004-08-10 00:00:00-04:00,4.249490695418348,4.267209053039551,4.249490695418348,4.267209053039551,3300,0.0,0.0
2004-08-11 00:00:00-04:00,4.24949067430207,4.28197451753167,4.2081473706776755,4.276068210601807,13000,0.0,0.0
2004-08-12 00:00:00-04:00,4.299486214264818,4.299486214264818,4.203408399614937,4.239437580108643,6300,0.238,0.0
2004-08-13 00:00:00-04:00,4.20340920665447,4.293482318349686,4.20340920665447,4.236435890197754,11300,0.0,0.0
2004-08-16 00:00:00-04:00,4.233433122505238,4.266459801756513,4.209413667352585,4.263457298278809,3600,0.0,0.0
2004-08-17 00:00:00-04:00,4.263458807762552,4.2664613123032975,4.1853954077107245,4.2034101486206055,15400,0.0,0.0
2004-08-18 00:00:00-04:00,4.20040764407986,4.206412653161351,4.197405139539114,4.2034101486206055,5900,0.0,0.0
2004-08-19 00:00:00-04:00,4.191398672783702,4.239437580108643,4.1613742125383775,4.239437580108643,17100,0.0,0.0
2004-08-20 00:00:00-04:00,4.242441434227868,4.26646089553833,4.230431703572637,4.26646089553833,12900,0.0,0.0
2004-08-23 00:00:00-04:00,4.266462350280089,4.293484325051721,4.236437870237239,4.281474590301514,9100,0.0,0.0
2004-08-24 00:00:00-04:00,4.281471007580929,4.293480732281438,4.245441833479398,4.290478229522705,2600,0.0,0.0
2004-08-25 00:00:00-04:00,4.239436827961932,4.290478229522705,4.239436827961932,4.290478229522705,11300,0.0,0.0
2004-08-26 00:00:00-04:00,4.266460356207669,4.293482318349686,4.236435890197754,4.236435890197754,9000,0.0,0.0
2004-08-27 00:00:00-04:00,4.239438394065651,4.257453130938506,4.218421439659428,4.236435890197754,6900,0.0,0.0
2004-08-30 00:00:00-04:00,4.257454029462208,4.257454029462208,4.203410093772352,4.245444297790527,7000,0.0,0.0
2004-08-31 00:00:00-04:00,4.227430416727773,4.3054938316345215,4.227430416727773,4.3054938316345215,10100,0.0,0.0
2004-09-01 00:00:00-04:00,4.2664595174261875,4.314498424530029,4.263457014148579,4.314498424530029,5800,0.0,0.0
2004-09-02 00:00:00-04:00,4.311498578349686,4.353532791137695,4.293484120251002,4.353532791137695,13500,0.0,0.0
2004-09-03 00:00:00-04:00,4.353529221022092,4.353529221022092,4.323504767033001,4.344521999359131,3700,0.0,0.0
2004-09-07 00:00:00-04:00,4.299487764853965,4.350529193878174,4.299487764853965,4.350529193878174,3200,0.0,0.0
2004-09-08 00:00:00-04:00,4.323507730137408,4.398568630218506,4.323507730137408,4.398568630218506,6700,0.0,0.0
2004-09-09 00:00:00-04:00,4.353532367117572,4.383556842803955,4.350529862282009,4.383556842803955,22500,0.0,0.0
2004-09-10 00:00:00-04:00,4.353532791137695,4.353532791137695,4.254452412590989,4.353532791137695,2600,0.0,0.0
2004-09-13 00:00:00-04:00,4.35353169825244,4.383556169325942,4.347526689503908,4.350529193878174,5600,0.0,0.0
2004-09-14 00:00:00-04:00,4.3475272512255225,4.365541993464132,4.281473864464721,4.323507785797119,12400,0.0,0.0
2004-09-15 00:00:00-04:00,4.200406204849706,4.3445232237446145,4.200406204849706,4.311496257781982,7300,0.0,0.0
2004-09-16 00:00:00-04:00,4.338518530327586,4.350528258909068,4.3205040806226185,4.332513809204102,4500,0.0,0.0
2004-09-17 00:00:00-04:00,4.3325122750303775,4.353529221022092,4.323504767033001,4.344521999359131,3200,0.0,0.0
2004-09-20 00:00:00-04:00,4.31449907316462,4.347525755180069,4.302489344583137,4.332513809204102,6800,0.0,0.0
2004-09-21 00:00:00-04:00,4.341523033975794,4.3475277578653495,4.3054938316345215,4.3054938316345215,8800,0.0,0.0
2004-09-22 00:00:00-04:00,4.341523033975794,4.353532768089552,4.3054938316345215,4.3054938316345215,4700,0.0,0.0
2004-09-23 00:00:00-04:00,4.341522212525673,4.344524717069676,4.30849552154541,4.30849552154541,2300,0.0,0.0
2004-09-24 00:00:00-04:00,4.341521739959717,4.353531470493904,4.311497270456968,4.341521739959717,11500,0.0,0.0
2004-09-27 00:00:00-04:00,4.341519496693339,4.347524215690508,4.3325122750303775,4.344521999359131,4100,0.0,0.0
2004-09-28 00:00:00-04:00,4.344525347383465,4.350530071008059,4.272466659545898,4.272466659545898,17600,0.0,0.0
2004-09-29 00:00:00-04:00,4.275468991317623,4.317503200325426,4.236437287167796,4.293483734130859,59100,0.0,0.0
2004-09-30 00:00:00-04:00,4.260457113956945,4.3054938316345215,4.260457113956945,4.3054938316345215,10200,0.0,0.0
2004-10-01 00:00:00-04:00,4.314500668949558,4.314500668949558,4.257454508671736,4.27847146987915,8300,0.0,0.0
2004-10-04 00:00:00-04:00,4.302490269228231,4.350529193878174,4.275468302528994,4.350529193878174,11900,0.0,0.0
2004-10-05 00:00:00-04:00,4.33852039016057,4.33852039016057,4.2664619877817405,4.269464492797852,30100,0.0,0.0
2004-10-06 00:00:00-04:00,4.314500335452103,4.347527027130127,4.2784711391666415,4.347527027130127,10400,0.0,0.0
2004-10-07 00:00:00-04:00,4.350526226278334,4.350526226278334,4.266458165485805,4.287475109100342,11000,0.0,0.0
2004-10-08 00:00:00-04:00,4.317502498626709,4.3505291876929455,4.305492767481297,4.317502498626709,12300,0.0,0.0
2004-10-11 00:00:00-04:00,4.338519096374512,4.353531330643642,4.2934826799016745,4.338519096374512,8700,0.0,0.0
2004-10-12 00:00:00-04:00,4.338518002478688,4.341520505842386,4.233432961759587,4.33551549911499,18000,0.0,0.0
2004-10-13 00:00:00-04:00,4.305492820859841,4.329512283448451,4.251448886868177,4.275468349456787,17800,0.0,0.0
2004-10-14 00:00:00-04:00,4.278471359702517,4.329512795321527,4.245444666322117,4.323507785797119,20700,0.0,0.0
2004-10-15 00:00:00-04:00,4.305491848312136,4.335516026598586,4.2664601588386875,4.332513809204102,17600,0.0,0.0
2004-10-18 00:00:00-04:00,4.302490962370166,4.33551765680404,4.233435068644442,4.293483734130859,19300,0.0,0.0
2004-10-19 00:00:00-04:00,4.248446884749707,4.338520023273524,4.248446884749707,4.323507785797119,18100,0.0,0.0
2004-10-20 00:00:00-04:00,4.344524354425544,4.344524354425544,4.218422037449271,4.329512119293213,9400,0.0,0.0
2004-10-21 00:00:00-04:00,4.329512457072796,4.338519684321092,4.278471025441464,4.326509952545166,7500,0.0,0.0
2004-10-22 00:00:00-04:00,4.350529531737565,4.353532036345004,4.30249060335695,4.347527027130127,19100,0.0,0.0
2004-10-25 00:00:00-04:00,4.35353169825244,4.35353169825244,4.284475815651791,4.350529193878174,17700,0.0,0.0
2004-10-26 00:00:00-04:00,4.323507891431189,4.383556842803955,4.278471464236234,4.383556842803955,20600,0.0,0.0
2004-10-27 00:00:00-04:00,4.377551042649018,4.383556051235779,4.30549265761531,4.329512119293213,53300,0.0,0.0
2004-10-28 00:00:00-04:00,4.359537270274338,4.359537270274338,4.308495834655328,4.323507785797119,14700,0.0,0.0
2004-10-29 00:00:00-04:00,4.323504278011426,4.3385165033079724,4.287475109100342,4.287475109100342,10500,0.0,0.0
2004-11-01 00:00:00-05:00,4.323507110706452,4.329512119293213,4.30249015332193,4.329512119293213,14600,0.0,0.0
2004-11-02 00:00:00-05:00,4.323507000991155,4.341521739959717,4.293482817822969,4.341521739959717,9500,0.0,0.0
2004-11-03 00:00:00-05:00,4.338519047332924,4.380553245544434,4.3325143254938805,4.380553245544434,10800,0.0,0.0
2004-11-04 00:00:00-05:00,4.374548596794937,4.374548596794937,4.329512177130873,4.359536647796631,13200,0.0,0.0
2004-11-05 00:00:00-05:00,4.377549665701364,4.491642215951152,4.3535302115787236,4.410576343536377,23900,0.0,0.0
2004-11-08 00:00:00-05:00,4.440599026425467,4.467620973077985,4.36854069290833,4.413577079772949,11900,0.0,0.0
2004-11-09 00:00:00-05:00,4.383555593066523,4.434597015380859,4.353531125940018,4.434597015380859,20900,0.0,0.0
2004-11-10 00:00:00-05:00,4.431544991993637,4.434596798920114,4.327775988827228,4.391868591308594,26700,0.24,0.0
2004-11-11 00:00:00-05:00,4.394921103403604,4.449857711791992,4.379661193130502,4.449857711791992,14100,0.0,0.0
2004-11-12 00:00:00-05:00,4.446804711604726,4.562781810760498,4.413232508321767,4.562781810760498,16900,0.0,0.0
2004-11-15 00:00:00-05:00,4.53531388844035,4.544470182784205,4.434596979170718,4.507845878601074,22200,0.0,0.0
2004-11-16 00:00:00-05:00,4.5169996664278065,4.532259858452135,4.41933461211048,4.48647928237915,24700,0.0,0.0
2004-11-17 00:00:00-05:00,4.4925858736202215,4.4925858736202215,4.446805273110945,4.452909469604492,11900,0.0,0.0
2004-11-18 00:00:00-05:00,4.47122217625138,4.474274274975499,4.364401340484619,4.364401340484619,23800,0.0,0.0
2004-11-19 00:00:00-05:00,4.34914065074871,4.39797306060791,4.343036453984249,4.39797306060791,10700,0.0,0.0
2004-11-22 00:00:00-05:00,4.394921779632568,4.425442187003088,4.373557669111711,4.394921779632568,19000,0.0,0.0
2004-11-23 00:00:00-05:00,4.422388141087818,4.5017409324646,4.394919844760159,4.5017409324646,18300,0.0,0.0
2004-11-24 00:00:00-05:00,4.501740479769056,4.520052772500692,4.440699989103635,4.517000675201416,21300,0.0,0.0
2004-11-26 00:00:00-05:00,4.517003025577597,4.547523141259127,4.517003025577597,4.535315036773682,4500,0.0,0.0
2004-11-29 00:00:00-05:00,4.535312701026903,4.544468992973502,4.5017405037481,4.532260894775391,19600,0.0,0.0
2004-11-30 00:00:00-05:00,4.504795324823015,4.544471740722656,4.483430921760627,4.544471740722656,7300,0.0,0.0
2004-12-01 00:00:00-05:00,4.544468992973502,4.56278099473866,4.428491914559428,4.532260894775391,6300,0.0,0.0
2004-12-02 00:00:00-05:00,4.5322615746971975,4.5322615746971975,4.483428883514936,4.526157379150391,7400,0.0,0.0
2004-12-03 00:00:00-05:00,4.529208356365293,4.529208356365293,4.462063677282813,4.474271774291992,7500,0.0,0.0
2004-12-06 00:00:00-05:00,4.425439817243895,4.532260894775391,4.407127524414717,4.532260894775391,19400,0.0,0.0
2004-12-07 00:00:00-05:00,4.532261234507205,4.553625335189318,4.513948940305363,4.529209136962891,9600,0.0,0.0
2004-12-08 00:00:00-05:00,4.529210789676247,4.553626996812172,4.526158691018219,4.538366794586182,2400,0.0,0.0
2004-12-09 00:00:00-05:00,4.541418552398682,4.541418552398682,4.517002347095258,4.541418552398682,5300,0.0,0.0
2004-12-10 00:00:00-05:00,4.5017420296285895,4.553626537322998,4.486481828942448,4.553626537322998,13700,0.0,0.0
2004-12-13 00:00:00-05:00,4.5322615746971975,4.5322615746971975,4.449856681199691,4.526157379150391,26000,0.0,0.0
2004-12-14 00:00:00-05:00,4.5292094769237945,4.5292094769237945,4.489533079061743,4.526157379150391,5100,0.0,0.0
2004-12-15 00:00:00-05:00,4.5322633957669405,4.571939518506849,4.5017429878978925,4.568887710571289,31800,0.0,0.0
2004-12-16 00:00:00-05:00,4.562783105349659,4.562783105349659,4.501742586123528,4.5597310066223145,14800,0.0,0.0
2004-12-17 00:00:00-05:00,4.565834165602519,4.636030673980713,4.565834165602519,4.636030673980713,14600,0.0,0.0
2004-12-20 00:00:00-05:00,4.63603095613044,4.709279858063827,4.63603095613044,4.690967559814453,20900,0.0,0.0
2004-12-21 00:00:00-05:00,4.70012229018933,4.770319074888172,4.697070483861228,4.7428507804870605,14600,0.0,0.0
2004-12-22 00:00:00-05:00,4.7184352963807425,4.803891998823727,4.7184352963807425,4.800839900970459,7000,0.0,0.0
2004-12-23 00:00:00-05:00,4.803892272242795,4.831360572357448,4.7367478620337415,4.806944370269775,17700,0.0,0.0
2004-12-27 00:00:00-05:00,4.791684990176848,4.855777604377492,4.752008582237008,4.852725505828857,17600,0.0,0.0
2004-12-28 00:00:00-05:00,4.880194444996294,4.88324654394166,4.739801095215405,4.822206020355225,31600,0.0,0.0
2004-12-29 00:00:00-05:00,4.8069449271703775,4.852725238622542,4.761164615718213,4.764216423034668,8900,0.0,0.0
2004-12-30 00:00:00-05:00,4.80084148361321,4.822205884564987,4.7611653626974135,4.819153785705566,4600,0.0,0.0
2004-12-31 00:00:00-05:00,4.816101192414638,4.840517398655046,4.764216681387737,4.803893089294434,4000,0.0,0.0
2005-01-03 00:00:00-05:00,4.785582074229945,4.849674701690674,4.770321869393733,4.849674701690674,6800,0.0,0.0
2005-01-04 00:00:00-05:00,4.84967369834436,4.867985707507894,4.84967369834436,4.852725505828857,11600,0.0,0.0
2005-01-05 00:00:00-05:00,4.8527256418443345,4.867985843951094,4.849673834274299,4.855777740478516,27600,0.0,0.0
2005-01-06 00:00:00-05:00,4.858830197685531,4.858830197685531,4.819153785705566,4.819153785705566,15700,0.0,0.0
2005-01-07 00:00:00-05:00,4.819152588024446,4.819152588024446,4.791684287244562,4.794736385345459,7100,0.0,0.0
2005-01-10 00:00:00-05:00,4.816099669679221,4.819151767260306,4.7855795670605055,4.797787666320801,17900,0.0,0.0
2005-01-11 00:00:00-05:00,4.782528741001183,4.791684745114683,4.727592134191941,4.779476642608643,7300,0.0,0.0
2005-01-12 00:00:00-05:00,4.806944043717028,4.81304823935631,4.654342645503789,4.687914848327637,6500,0.0,0.0
2005-01-13 00:00:00-05:00,4.669604050026375,4.727592468261719,4.669604050026375,4.727592468261719,6500,0.0,0.0
2005-01-14 00:00:00-05:00,4.748956784577616,4.776424798379745,4.736748681421957,4.770320892333984,2500,0.0,0.0
2005-01-18 00:00:00-05:00,4.758112517337636,4.764216423034668,4.71233191482135,4.764216423034668,6500,0.0,0.0
2005-01-19 00:00:00-05:00,4.7642160064066355,4.8191526081963545,4.761164199357059,4.809996604919434,5200,0.0,0.0
2005-01-20 00:00:00-05:00,4.791684063085796,4.806944261812302,4.767267861549019,4.785580158233643,5800,0.0,0.0
2005-01-21 00:00:00-05:00,4.806945816692572,4.822206020355225,4.806945816692572,4.822206020355225,3500,0.0,0.0
2005-01-24 00:00:00-05:00,4.822203773295948,4.825255870819092,4.79168338019259,4.825255870819092,4600,0.0,0.0
2005-01-25 00:00:00-05:00,4.809997437494824,4.813049536136792,4.767268929699705,4.773373126983643,3000,0.0,0.0
2005-01-26 00:00:00-05:00,4.7764240878041715,4.794736385345459,4.770320182666473,4.794736385345459,5100,0.0,0.0
2005-01-27 00:00:00-05:00,4.794737084720316,4.825257488052894,4.794737084720316,4.803893089294434,4300,0.0,0.0
2005-01-28 00:00:00-05:00,4.797788259002031,4.797788259002031,4.779475962317408,4.785580158233643,2700,0.0,0.0
2005-01-31 00:00:00-05:00,4.79778858034435,4.79778858034435,4.761164275586192,4.767268180847168,6900,0.0,0.0
2005-02-01 00:00:00-05:00,4.773372990888934,4.773372990888934,4.730644484312058,4.770320892333984,36200,0.0,0.0
2005-02-02 00:00:00-05:00,4.816102192838169,4.849674701690674,4.788633882345828,4.849674701690674,9400,0.0,0.0
2005-02-03 00:00:00-05:00,4.84967353086928,4.907661945970125,4.828309132830756,4.889349937438965,11100,0.0,0.0
2005-02-04 00:00:00-05:00,4.8832449106069715,4.959545612335205,4.849672706629617,4.959545612335205,19100,0.0,0.0
2005-02-07 00:00:00-05:00,4.974807057147474,4.9809112548828125,4.956495046069793,4.9809112548828125,2800,0.0,0.0
2005-02-08 00:00:00-05:00,4.965651748025639,5.035848281327267,4.956495450675189,4.990067958831787,24000,0.0,0.0
2005-02-09 00:00:00-05:00,5.051105752339968,5.09688663482666,5.023637455699193,5.09688663482666,23800,0.0,0.0
2005-02-10 00:00:00-05:00,5.081626494077373,5.081626494077373,4.959545490731157,5.005325794219971,17200,0.0,0.0
2005-02-11 00:00:00-05:00,5.018648100931842,5.018648100931842,4.888534689069436,5.003158092498779,7400,0.243,0.0
2005-02-14 00:00:00-05:00,5.018647632267695,5.018647632267695,4.894730235350484,5.006255626678467,14400,0.0,0.0
2005-02-15 00:00:00-05:00,5.003158587383529,5.012452593362679,4.944298026724241,5.009354591369629,8900,0.0,0.0
2005-02-16 00:00:00-05:00,5.009354776689444,5.04962762232205,5.0031587724741255,5.034138202667236,8000,0.0,0.0
2005-02-17 00:00:00-05:00,5.003158596390594,5.031040023494773,4.993865181278176,5.012452602386475,6700,0.0,0.0
2005-02-18 00:00:00-05:00,5.006255751372341,5.006255751372341,4.959786911022006,4.965982913970947,7400,0.0,0.0
2005-02-22 00:00:00-05:00,4.956688476944445,4.975275893285659,4.746029122132976,4.780106544494629,27100,0.0,0.0
2005-02-23 00:00:00-05:00,4.798694773414829,4.798694773414829,4.746029925794048,4.79249906539917,17400,0.0,0.0
2005-02-24 00:00:00-05:00,4.801792730603725,4.801792730603725,4.727442462455224,4.755323886871338,4800,0.0,0.0
2005-02-25 00:00:00-05:00,4.777009335846559,4.7986947569897005,4.6468962181043025,4.659287929534912,14300,0.0,0.0
2005-02-28 00:00:00-05:00,4.693363752669762,4.724343170323945,4.578740380055881,4.643796920776367,33000,0.0,0.0
2005-03-01 00:00:00-05:00,4.677875957662701,4.798695078341557,4.677875957662701,4.795597076416016,13100,0.0,0.0
2005-03-02 00:00:00-05:00,4.798694399633377,4.873044662680211,4.792498692100316,4.8699469566345215,9700,0.0,0.0
2005-03-03 00:00:00-05:00,4.863751616556643,4.925710177540209,4.863751616556643,4.894731044769287,7300,0.0,0.0
2005-03-04 00:00:00-05:00,4.894731044769287,4.894731044769287,4.894731044769287,4.894731044769287,0,0.0,0.0
2005-03-07 00:00:00-05:00,4.8792409803554,4.89473069334963,4.8606532656739825,4.876142978668213,5600,0.0,0.0
2005-03-08 00:00:00-05:00,4.879239614189159,4.944296154196013,4.879239614189159,4.916414737701416,11400,0.0,0.0
2005-03-09 00:00:00-05:00,4.894729646828706,4.928806771776769,4.894729646828706,4.925708770751953,13800,0.0,0.0
2005-03-10 00:00:00-05:00,4.928806510384675,4.956687927246094,4.9164148023842245,4.956687927246094,21100,0.0,0.0
2005-03-11 00:00:00-05:00,4.953590189092022,4.953590189092022,4.882337938171079,4.925708770751953,7900,0.0,0.0
2005-03-14 00:00:00-05:00,4.9319057103752275,4.9319057103752275,4.860653150467269,4.897828578948975,3800,0.0,0.0
2005-03-15 00:00:00-05:00,4.941199312143909,4.9442973136901855,4.8916324691702435,4.9442973136901855,13100,0.0,0.0
2005-03-16 00:00:00-05:00,4.941198218385125,4.959785928106612,4.941198218385125,4.956687927246094,17600,0.0,0.0
2005-03-17 00:00:00-05:00,4.9257099402934985,4.962885370534808,4.9257099402934985,4.959787368774414,14700,0.0,0.0
2005-03-18 00:00:00-05:00,4.962885370534808,4.962885370534808,4.953591365253626,4.959787368774414,4100,0.0,0.0
2005-03-21 00:00:00-05:00,4.94119796980724,4.99076509475708,4.928806262430181,4.99076509475708,6000,0.0,0.0
2005-03-22 00:00:00-05:00,5.018646510215863,5.018646510215863,4.975275091233747,4.99076509475708,3600,0.0,0.0
2005-03-23 00:00:00-05:00,4.978373801482149,4.978373801482149,4.925708963763182,4.9504923820495605,18900,0.0,0.0
2005-03-24 00:00:00-05:00,4.950494609806377,4.95359261234671,4.925711180367284,4.935005187988281,7300,0.0,0.0
2005-03-28 00:00:00-05:00,4.935002026939578,4.95358943939209,4.935002026939578,4.95358943939209,500,0.0,0.0
2005-03-29 00:00:00-05:00,4.956689024433602,4.956689024433602,4.9442973136901855,4.9442973136901855,4600,0.0,0.0
2005-03-30 00:00:00-05:00,4.944296219245643,4.956687927246094,4.941198218385125,4.956687927246094,8400,0.0,0.0
2005-03-31 00:00:00-05:00,4.9411996812673,4.987668821607771,4.9411996812673,4.969081401824951,4300,0.0,0.0
2005-04-01 00:00:00-05:00,4.925709949480614,4.987668803037217,4.925709949480614,4.96288537979126,6100,0.0,0.0
2005-04-04 00:00:00-04:00,4.941198878890725,4.956688589822251,4.83277149325336,4.857554912567139,13700,0.0,0.0
2005-04-05 00:00:00-04:00,4.817282854113634,4.863751701805354,4.817282854113634,4.838968276977539,2600,0.0,0.0
2005-04-06 00:00:00-04:00,4.863752072854247,4.888535499572754,4.863752072854247,4.888535499572754,1700,0.0,0.0
2005-04-07 00:00:00-04:00,4.888534844065275,4.888534844065275,4.863751420669996,4.866849422454834,3400,0.0,0.0
2005-04-08 00:00:00-04:00,4.882339082661913,4.894730794224336,4.826576232910156,4.826576232910156,4700,0.0,0.0
2005-04-11 00:00:00-04:00,4.863749354338302,4.873043060302734,4.826574235038987,4.873043060302734,4700,0.0,0.0
2005-04-12 00:00:00-04:00,4.8637511769966295,4.876142888073446,4.801792621612549,4.801792621612549,2100,0.0,0.0
2005-04-13 00:00:00-04:00,4.817282113115928,4.8699469566345215,4.817282113115928,4.8699469566345215,7200,0.0,0.0
2005-04-14 00:00:00-04:00,4.851359465919813,4.851359465919813,4.801792621612549,4.801792621612549,8500,0.0,0.0
2005-04-15 00:00:00-04:00,4.804890531163223,4.804890531163223,4.724344262986626,4.727442264556885,7400,0.0,0.0
2005-04-18 00:00:00-04:00,4.727440694551632,4.755322108541036,4.727440694551632,4.739832401275635,4200,0.0,0.0
2005-04-19 00:00:00-04:00,4.7460311538561255,4.770814583215025,4.7460311538561255,4.764618873596191,5600,0.0,0.0
2005-04-20 00:00:00-04:00,4.767715912713618,4.77081361917619,4.724344772378663,4.761519908905029,5700,0.0,0.0
2005-04-21 00:00:00-04:00,4.752224445343018,4.755322446104332,4.752224445343018,4.752224445343018,1400,0.0,0.0
2005-04-22 00:00:00-04:00,4.739832411744239,4.755322119043852,4.739832411744239,4.7429304122924805,1700,0.0,0.0
2005-04-25 00:00:00-04:00,4.758421593129581,4.761519594829528,4.724344460755278,4.755323886871338,10400,0.0,0.0
2005-04-26 00:00:00-04:00,4.770812470349297,4.770812470349297,4.727441635899899,4.7367353439331055,3900,0.0,0.0
2005-04-27 00:00:00-04:00,4.752225885171391,4.755323886871338,4.730540464155171,4.755323886871338,4000,0.0,0.0
2005-04-28 00:00:00-04:00,4.7491264445817025,4.752224445343018,4.7491264445817025,4.752224445343018,2300,0.0,0.0
2005-04-29 00:00:00-04:00,4.7522271589167415,4.767716876126499,4.7429334467676,4.764618873596191,6600,0.0,0.0
2005-05-02 00:00:00-04:00,4.792498511215274,4.795596217144046,4.739833669684428,4.746029376983643,26600,0.0,0.0
2005-05-03 00:00:00-04:00,4.733638515113817,4.801793080267098,4.733638515113817,4.795597076416016,13400,0.0,0.0
2005-05-04 00:00:00-04:00,4.795593408732419,4.798691408288601,4.773908002722141,4.786299705505371,5100,0.0,0.0
2005-05-05 00:00:00-04:00,4.764617382307834,4.8637510687153584,4.764617382307834,4.84826135635376,16600,0.0,0.0
2005-05-06 00:00:00-04:00,4.86684862094939,4.885436333155554,4.8482609087432245,4.857554912567139,3800,0.0,0.0
2005-05-09 00:00:00-04:00,4.879240781076956,4.907122204239495,4.801792514710655,4.84826135635376,13200,0.0,0.0
2005-05-10 00:00:00-04:00,4.879239211468049,4.900924624533264,4.848259796710662,4.8637495040893555,14300,0.0,0.0
2005-05-11 00:00:00-04:00,4.848260207108989,4.851358207935288,4.804889377307282,4.823476791381836,4900,0.0,0.0
2005-05-12 00:00:00-04:00,4.8470848867764404,4.8785595848089365,4.812462959072668,4.8344950675964355,14400,0.245,0.0
2005-05-13 00:00:00-04:00,4.834492563064222,4.872262001037598,4.834492563064222,4.872262001037598,19800,0.0,0.0
2005-05-16 00:00:00-04:00,4.875411220875842,4.891148567199707,4.875411220875842,4.891148567199707,10600,0.0,0.0
2005-05-17 00:00:00-04:00,4.891146852613254,4.9100317216148035,4.8754095118060965,4.90688419342041,9000,0.0,0.0
2005-05-18 00:00:00-04:00,4.906885913523573,4.910033442821329,4.888001037901951,4.891148567199707,7800,0.0,0.0
2005-05-19 00:00:00-04:00,4.891148567199707,4.910033442821329,4.872263691578086,4.891148567199707,14700,0.0,0.0
2005-05-20 00:00:00-04:00,4.897442734011255,4.897442734011255,4.799871444702148,4.799871444702148,24900,0.0,0.0
2005-05-23 00:00:00-04:00,4.799871749767301,4.859673298511527,4.746364958707525,4.8281989097595215,17600,0.0,0.0
2005-05-24 00:00:00-04:00,4.847084959162507,4.865969838297024,4.837642669677734,4.837642669677734,8800,0.0,0.0
2005-05-25 00:00:00-04:00,4.869116450274462,4.910033430548271,4.843936816285182,4.847084045410156,27100,0.0,0.0
2005-05-26 00:00:00-04:00,4.862819716585456,4.910031739175784,4.850229903927665,4.872262001037598,3100,0.0,0.0
2005-05-27 00:00:00-04:00,4.9131815125127085,4.925771331692713,4.831347837925159,4.8344950675964355,24000,0.0,0.0
2005-05-31 00:00:00-04:00,4.812461735562251,4.83134660961349,4.611024379730225,4.611024379730225,146000,0.0,0.0
2005-06-01 00:00:00-04:00,4.642499633008488,4.831347195773109,4.642499633008488,4.768397808074951,50700,0.0,0.0
2005-06-02 00:00:00-04:00,4.765249814820186,4.784134387969971,4.702300437214561,4.784134387969971,9500,0.0,0.0
2005-06-03 00:00:00-04:00,4.784134387969971,4.8313464211741906,4.768397043568565,4.784134387969971,8600,0.0,0.0
2005-06-06 00:00:00-04:00,4.7841341849708785,4.7841341849708785,4.721185110201169,4.752659797668457,11600,0.0,0.0
2005-06-07 00:00:00-04:00,4.746365702479552,4.774692866910738,4.72118606746626,4.768397808074951,23400,0.0,0.0
2005-06-08 00:00:00-04:00,4.774692668725665,4.780987427135246,4.689711178959468,4.7369232177734375,14800,0.0,0.0
2005-06-09 00:00:00-04:00,4.721185070178385,4.862820562250764,4.721185070178385,4.809313774108887,14000,0.0,0.0
2005-06-10 00:00:00-04:00,4.8156089481034785,4.831346292084396,4.7337749995346075,4.821903705596924,15000,0.0,0.0
2005-06-13 00:00:00-04:00,4.8344950675964355,4.8344950675964355,4.774693501532653,4.8344950675964355,12100,0.0,0.0
2005-06-14 00:00:00-04:00,4.818755552822712,4.828197837334534,4.768396001708435,4.815608024597168,11800,0.0,0.0
2005-06-15 00:00:00-04:00,4.828197837334534,4.828197837334534,4.774691058159524,4.815608024597168,17900,0.0,0.0
2005-06-16 00:00:00-04:00,4.847082923235064,4.875410079956055,4.799871195476641,4.875410079956055,19500,0.0,0.0
2005-06-17 00:00:00-04:00,4.859672737314966,4.894294951158331,4.85023045179625,4.875410079956055,7600,0.0,0.0
2005-06-20 00:00:00-04:00,4.891148670208791,4.894296199572835,4.815609766461262,4.859673976898193,11200,0.0,0.0
2005-06-21 00:00:00-04:00,4.859672744571281,4.859672744571281,4.81560854530825,4.8250508308410645,7300,0.0,0.0
2005-06-22 00:00:00-04:00,4.8156087881603735,4.837640888902972,4.780986572519306,4.799871444702148,14800,0.0,0.0
2005-06-23 00:00:00-04:00,4.8156098488485695,4.8470842425327225,4.768397808074951,4.768397808074951,16700,0.0,0.0
2005-06-24 00:00:00-04:00,4.768396524584703,4.815608552650448,4.755806710466807,4.774691581726074,15200,0.0,0.0
2005-06-27 00:00:00-04:00,4.749511405683683,4.799870656346854,4.746363877476032,4.771543502807617,11600,0.0,0.0
2005-06-28 00:00:00-04:00,4.771544009237924,4.796723637241962,4.736922095773582,4.765249252319336,16700,0.0,0.0
2005-06-29 00:00:00-04:00,4.762101936753416,4.780986508518599,4.746364593505859,4.746364593505859,17600,0.0,0.0
2005-06-30 00:00:00-04:00,4.736922117048227,4.74951193110679,4.730627059936523,4.730627059936523,7300,0.0,0.0
2005-07-01 00:00:00-04:00,4.7369232177734375,4.777840198012912,4.730628159198942,4.7369232177734375,18200,0.0,0.0
2005-07-05 00:00:00-04:00,4.736923807547054,4.7621034446502115,4.7306287481887885,4.749513626098633,6200,0.0,0.0
2005-07-06 00:00:00-04:00,4.749512366637524,4.758954653006095,4.658236131301692,4.721185207366943,26100,0.0,0.0
2005-07-07 00:00:00-04:00,4.721184847763713,4.777839161989629,4.714889790554234,4.733774662017822,17900,0.0,0.0
2005-07-08 00:00:00-04:00,4.7369212053100735,4.740068733260106,4.677119374918614,4.689709186553955,14500,0.0,0.0
2005-07-11 00:00:00-04:00,4.702300334464932,4.784134283432195,4.696005576940843,4.721185207366943,30300,0.0,0.0
2005-07-12 00:00:00-04:00,4.705447621128154,4.752659650870824,4.705447621128154,4.746364593505859,12700,0.0,0.0
2005-07-13 00:00:00-04:00,4.740070943808692,4.768397808074951,4.740070943808692,4.768397808074951,15100,0.0,0.0
2005-07-14 00:00:00-04:00,4.765250578821984,4.768397808074951,4.714891008630473,4.768397808074951,12600,0.0,0.0
2005-07-15 00:00:00-04:00,4.752660564044761,4.752660564044761,4.711743583805286,4.7369232177734375,2100,0.0,0.0
2005-07-18 00:00:00-04:00,4.736922453934813,4.758954555062995,4.7117428240269295,4.752659797668457,10200,0.0,0.0
2005-07-19 00:00:00-04:00,4.752659797668457,4.752659797668457,4.718037581421468,4.752659797668457,5800,0.0,0.0
2005-07-20 00:00:00-04:00,4.740071192517934,4.752661010685163,4.714891256018537,4.743218421936035,11700,0.0,0.0
2005-07-21 00:00:00-04:00,4.7369220226228395,4.762101650238037,4.730626965636621,4.762101650238037,4900,0.0,0.0
2005-07-22 00:00:00-04:00,4.758954408070934,4.768396693953525,4.746364593505859,4.746364593505859,5700,0.0,0.0
2005-07-25 00:00:00-04:00,4.721186499528934,4.765251014917254,4.721186499528934,4.758955955505371,6800,0.0,0.0
2005-07-26 00:00:00-04:00,4.762103018783034,4.8124622884858015,4.762103018783034,4.803020000457764,5500,0.0,0.0
2005-07-27 00:00:00-04:00,4.784134960436956,4.847084045410156,4.768397614152427,4.847084045410156,14300,0.0,0.0
2005-07-28 00:00:00-04:00,4.837642813886182,4.843937873840332,4.784136004935832,4.843937873840332,3700,0.0,0.0
2005-07-29 00:00:00-04:00,4.8439368283930255,4.894296096497463,4.8439368283930255,4.891148567199707,13800,0.0,0.0
2005-08-01 00:00:00-04:00,4.894297005648719,5.067407247037896,4.894297005648719,5.051669597625732,17500,0.0,0.0
2005-08-02 00:00:00-04:00,5.067407536012852,5.076849525868649,5.039080365785509,5.064260005950928,10100,0.0,0.0
2005-08-03 00:00:00-04:00,5.064258013937689,5.13664937589706,5.057962956289986,5.111469745635986,11500,0.0,0.0
2005-08-04 00:00:00-04:00,5.127207608511619,5.190156386685194,5.095732919259949,5.187008857727051,7900,0.0,0.0
2005-08-05 00:00:00-04:00,5.177565534487373,5.177565534487373,5.067404450711759,5.105173587799072,16300,0.0,0.0
2005-08-08 00:00:00-04:00,5.102028433362502,5.130355599521952,5.035932112543713,5.0894389152526855,24300,0.0,0.0
2005-08-09 00:00:00-04:00,5.079996559550836,5.1303558349609375,5.067407040863269,5.1303558349609375,12400,0.0,0.0
2005-08-10 00:00:00-04:00,5.098880916858744,5.102027845776358,4.963540160868162,4.982424736022949,11000,0.0,0.0
2005-08-11 00:00:00-04:00,4.939265251159668,4.939265251159668,4.891311340956414,4.939265251159668,16700,0.245,0.0
2005-08-12 00:00:00-04:00,4.942462229324259,5.003203868865967,4.923280482431153,5.003203868865967,5200,0.0,0.0
2005-08-15 00:00:00-04:00,4.95524941664455,4.9808248731139715,4.939264680130289,4.948855400085449,7100,0.0,0.0
2005-08-16 00:00:00-04:00,4.948855277185071,4.974431037902832,4.926476829550948,4.974431037902832,4900,0.0,0.0
2005-08-17 00:00:00-04:00,4.9712347278841875,4.980825448948133,4.926477521446565,4.939265251159668,4700,0.0,0.0
2005-08-18 00:00:00-04:00,4.926478150676644,4.987220103234738,4.923281141619151,4.984023094177246,24500,0.0,0.0
2005-08-19 00:00:00-04:00,4.968040678976583,4.968040678976583,4.923283445874557,4.952055931091309,2300,0.0,0.0
2005-08-22 00:00:00-04:00,4.93926497657887,4.942461985050301,4.907295806515088,4.923280239105225,5900,0.0,0.0
2005-08-23 00:00:00-04:00,4.923280423659703,4.939265161732553,4.923280423659703,4.926477432250977,12800,0.0,0.0
2005-08-24 00:00:00-04:00,4.923280423659703,4.939265161732553,4.923280423659703,4.926477432250977,5800,0.0,0.0
2005-08-25 00:00:00-04:00,4.939265161732553,4.939265161732553,4.923280423659703,4.926477432250977,5300,0.0,0.0
2005-08-26 00:00:00-04:00,4.923280804380613,4.939265543689575,4.923280804380613,4.936068534851074,6300,0.0,0.0
2005-08-29 00:00:00-04:00,4.926478536446782,4.987220493761303,4.910493794791193,4.971235752105713,18100,0.0,0.0
2005-08-30 00:00:00-04:00,4.955251010450124,4.984023484453467,4.923281527138946,4.971235752105713,6000,0.0,0.0
2005-08-31 00:00:00-04:00,4.955248924646289,4.968036651611328,4.923279454791961,4.968036651611328,3200,0.0,0.0
2005-09-01 00:00:00-04:00,4.936068893941638,4.964841365814209,4.926478171611969,4.964841365814209,1500,0.0,0.0
2005-09-02 00:00:00-04:00,4.964840103885619,4.993612568445005,4.955249383993653,4.987218856811523,7800,0.0,0.0
2005-09-06 00:00:00-04:00,4.984021848553039,5.00320328833697,4.971234120402588,4.987218856811523,4600,0.0,0.0
2005-09-07 00:00:00-04:00,5.022385060679311,5.211003975716934,5.003203315906194,5.14706563949585,13700,0.0,0.0
2005-09-08 00:00:00-04:00,5.137476506748044,5.169445991516113,5.115098050340556,5.169445991516113,4900,0.0,0.0
2005-09-09 00:00:00-04:00,5.1950185587911895,5.274941921234131,5.16304909186064,5.274941921234131,22300,0.0,0.0
2005-09-12 00:00:00-04:00,5.258958774167068,5.258958774167068,5.153459934424868,5.211004257202148,11200,0.0,0.0
2005-09-13 00:00:00-04:00,5.179036651354807,5.220596551758999,5.163051605224609,5.163051605224609,4600,0.0,0.0
2005-09-14 00:00:00-04:00,5.179037326841828,5.191824755646653,5.067144428405218,5.143870830535889,7600,0.0,0.0
2005-09-15 00:00:00-04:00,5.153462036611356,5.153462036611356,5.019190370941763,5.051159858703613,6400,0.0,0.0
2005-09-16 00:00:00-04:00,5.083123963235013,5.137471855203165,4.9552467497119075,5.015988349914551,22600,0.0,0.0
2005-09-19 00:00:00-04:00,4.990417833764086,5.019190311431885,4.923282154167097,5.019190311431885,37100,0.0,0.0
2005-09-20 00:00:00-04:00,5.019187911374979,5.083126550683017,5.019187911374979,5.038369655609131,5500,0.0,0.0
2005-09-21 00:00:00-04:00,5.051158129670923,5.083127301605961,5.051158129670923,5.076733589172363,3600,0.0,0.0
2005-09-22 00:00:00-04:00,5.060750093646791,5.073537826538086,5.060750093646791,5.073537826538086,2400,0.0,0.0
2005-09-23 00:00:00-04:00,5.051159144660541,5.051159144660541,4.955250999816409,4.993614196777344,7200,0.0,0.0
2005-09-26 00:00:00-04:00,5.0127955184827835,5.07353716558241,4.9360688262469905,5.070340156555176,10900,0.0,0.0
2005-09-27 00:00:00-04:00,5.099113785462758,5.105507804968581,5.031978105069777,5.051159858703613,9700,0.0,0.0
2005-09-28 00:00:00-04:00,5.0191890571761055,5.099112450777265,5.0191890571761055,5.044764518737793,8900,0.0,0.0
2005-09-29 00:00:00-04:00,5.092717575241834,5.095914278544625,5.038369655609131,5.038369655609131,9100,0.0,0.0
2005-09-30 00:00:00-04:00,5.07353716558241,5.07353716558241,5.04156798996076,5.070340156555176,5600,0.0,0.0
2005-10-03 00:00:00-04:00,5.060748103146074,5.060748103146074,4.936067527832789,5.038369655609131,9800,0.0,0.0
2005-10-04 00:00:00-04:00,5.05435593592411,5.111900576441329,5.003204703965864,5.03197717666626,12800,0.0,0.0
2005-10-05 00:00:00-04:00,5.083128201754833,5.083128201754833,5.019189541678614,5.02238655090332,7100,0.0,0.0
2005-10-06 00:00:00-04:00,4.987220406698075,5.015992575315546,4.923281441191919,4.9584479331970215,7700,0.0,0.0
2005-10-07 00:00:00-04:00,4.984023484453467,4.987220493761303,4.9424632781023705,4.971235752105713,2100,0.0,0.0
2005-10-10 00:00:00-04:00,4.939264098954304,4.939264098954304,4.894507207840857,4.932870388031006,6600,0.0,0.0
2005-10-11 00:00:00-04:00,4.894506838964007,4.948854444808194,4.894506838964007,4.904097557067871,2700,0.0,0.0
2005-10-12 00:00:00-04:00,4.891309831301575,4.926476000938033,4.891309831301575,4.904097557067871,8000,0.0,0.0
2005-10-13 00:00:00-04:00,4.894510885746898,4.894510885746898,4.856147371845615,4.8689351081848145,8400,0.0,0.0
2005-10-14 00:00:00-04:00,4.868934312420444,4.920085554300919,4.8529498732716565,4.891313076019287,6000,0.0,0.0
2005-10-17 00:00:00-04:00,4.897706790702076,4.907297820051709,4.872131322203655,4.891313076019287,3500,0.0,0.0
2005-10-18 00:00:00-04:00,4.875326810752569,4.900902271270752,4.859342071707821,4.900902271270752,13300,0.0,0.0
2005-10-19 00:00:00-04:00,4.881722351553288,4.904100810268498,4.865737607520867,4.891313076019287,2900,0.0,0.0
2005-10-20 00:00:00-04:00,4.859341888791798,4.900902086790315,4.859341888791798,4.897705078125,1500,0.0,0.0
2005-10-21 00:00:00-04:00,4.8977040193374,4.900901027311585,4.881719589233398,4.881719589233398,3600,0.0,0.0
2005-10-24 00:00:00-04:00,4.897706336948042,4.897706336948042,4.868933861332072,4.872130870819092,3800,0.0,0.0
2005-10-25 00:00:00-04:00,4.865734484631339,4.881719218404557,4.859340469168676,4.8753252029418945,3800,0.0,0.0
2005-10-26 00:00:00-04:00,4.875326837368098,4.875326837368098,4.859342098236084,4.859342098236084,5000,0.0,0.0
2005-10-27 00:00:00-04:00,4.891309936715113,4.897703647294338,4.859340469168676,4.8753252029418945,3800,0.0,0.0
2005-10-28 00:00:00-04:00,4.875328331986866,4.891313076019287,4.872131322203655,4.891313076019287,1700,0.0,0.0
2005-10-31 00:00:00-05:00,4.904100810268498,4.904100810268498,4.859343587954445,4.891313076019287,17200,0.0,0.0
2005-11-01 00:00:00-05:00,4.900902669375787,4.900902669375787,4.843357726093676,4.865736484527588,3800,0.0,0.0
2005-11-02 00:00:00-05:00,4.888112835628526,4.888112835628526,4.862537384033203,4.862537384033203,3600,0.0,0.0
2005-11-03 00:00:00-05:00,4.862537384033203,4.878522117501138,4.862537384033203,4.862537384033203,7600,0.0,0.0
2005-11-04 00:00:00-05:00,4.859342098236084,4.868932819761876,4.859342098236084,4.859342098236084,7100,0.0,0.0
2005-11-07 00:00:00-05:00,4.8593410355192415,4.888113498687744,4.8593410355192415,4.888113498687744,4600,0.0,0.0
2005-11-08 00:00:00-05:00,4.862537384033203,4.891309843298799,4.862537384033203,4.862537384033203,4100,0.0,0.0
2005-11-09 00:00:00-05:00,4.875327206780085,4.920084418764346,4.862539475482234,4.865736484527588,11500,0.0,0.0
2005-11-10 00:00:00-05:00,4.909598408121437,4.9615864753723145,4.873856902390968,4.9615864753723145,24900,0.245,0.0
2005-11-11 00:00:00-05:00,4.94209357641274,4.987583043585368,4.94209357641274,4.955090522766113,3200,0.0,0.0
2005-11-14 00:00:00-05:00,4.94209357641274,4.97133678317574,4.938844262356485,4.955090522766113,6100,0.0,0.0
2005-11-15 00:00:00-05:00,4.942093391139712,4.955090337005846,4.93884407720527,4.948591709136963,13900,0.0,0.0
2005-11-16 00:00:00-05:00,4.938843727111816,4.948591358352541,4.938843727111816,4.938843727111816,6000,0.0,0.0
2005-11-17 00:00:00-05:00,4.909599905463145,4.997329505200478,4.909599905463145,4.942092418670654,7400,0.0,0.0
2005-11-18 00:00:00-05:00,4.9583396235784125,4.984333515167236,4.94209336386749,4.984333515167236,3800,0.0,0.0
2005-11-21 00:00:00-05:00,4.98433309879345,5.000579357147217,4.938843637377224,5.000579357147217,8700,0.0,0.0
2005-11-22 00:00:00-05:00,4.971339225769043,4.971339225769043,4.8966065151146125,4.971339225769043,8500,0.0,0.0
2005-11-23 00:00:00-05:00,4.971335078780869,4.971335078780869,4.942091882043736,4.968085765838623,1500,0.0,0.0
2005-11-25 00:00:00-05:00,4.964840594463529,4.971339225769043,4.955092957377054,4.971339225769043,1700,0.0,0.0
2005-11-28 00:00:00-05:00,4.987583637237549,4.987583637237549,4.9388448502074835,4.987583637237549,17500,0.0,0.0
2005-11-29 00:00:00-05:00,4.981084748168914,4.987583376715477,4.955090853725986,4.958340167999268,3300,0.0,0.0
2005-11-30 00:00:00-05:00,4.958338136883425,4.971335078780869,4.95508882394118,4.968085765838623,6700,0.0,0.0
2005-12-01 00:00:00-05:00,4.981085647762081,5.00383023203944,4.958341063484721,4.990833282470703,14800,0.0,0.0
2005-12-02 00:00:00-05:00,4.9810840632172395,4.994081008651486,4.945342540740967,4.945342540740967,1800,0.0,0.0
2005-12-05 00:00:00-05:00,4.964838746008179,4.987583637237549,4.9388448502074835,4.987583637237549,10500,0.0,0.0
2005-12-06 00:00:00-05:00,4.955090522766113,4.97133678317574,4.938844262356485,4.955090522766113,4300,0.0,0.0
2005-12-07 00:00:00-05:00,4.971337374894194,4.987583637237549,4.9388448502074835,4.987583637237549,5100,0.0,0.0
2005-12-08 00:00:00-05:00,4.97133643160946,4.984333377043707,4.945342540740967,4.945342540740967,1000,0.0,0.0
2005-12-09 00:00:00-05:00,4.942093040815927,4.971336244409711,4.938843727111816,4.938843727111816,5500,0.0,0.0
2005-12-12 00:00:00-05:00,4.96158948227255,4.971337115220732,4.93884459223124,4.958340167999268,7200,0.0,0.0
2005-12-13 00:00:00-05:00,4.971335618583098,4.971335618583098,4.942092418670654,4.942092418670654,9700,0.0,0.0
2005-12-14 00:00:00-05:00,4.9420909114193,4.964835477804919,4.938841599115219,4.9615864753723145,6100,0.0,0.0
2005-12-15 00:00:00-05:00,4.955089361979344,4.955089361979344,4.9388431053755895,4.942092418670654,6200,0.0,0.0
2005-12-16 00:00:00-05:00,4.9583392093760645,5.000579357147217,4.942092951022298,5.000579357147217,18800,0.0,0.0
2005-12-19 00:00:00-05:00,4.9940813618262325,5.000579989938741,4.938844262356485,4.955090522766113,9200,0.0,0.0
2005-12-20 00:00:00-05:00,4.93884459223124,4.987583376715477,4.93884459223124,4.958340167999268,4800,0.0,0.0
2005-12-21 00:00:00-05:00,4.919349084727794,4.955090610363508,4.919349084727794,4.9355950355529785,5100,0.0,0.0
2005-12-22 00:00:00-05:00,4.938844610253478,4.984334080630429,4.890106135463054,4.96483850479126,6100,0.0,0.0
2005-12-23 00:00:00-05:00,4.987582642923779,5.003828592156696,4.977834701538086,4.977834701538086,6100,0.0,0.0
2005-12-27 00:00:00-05:00,4.981082478885317,5.1143012046813965,4.938842342191422,5.1143012046813965,6400,0.0,0.0
2005-12-28 00:00:00-05:00,5.114302688261095,5.114302688261095,4.9745856062208675,5.039570331573486,5800,0.0,0.0
2005-12-29 00:00:00-05:00,5.052566175505792,5.085058376165061,5.039569233267775,5.042818546295166,14900,0.0,0.0
2005-12-30 00:00:00-05:00,5.065564039988011,5.166290283203125,5.062314726369046,5.166290283203125,9700,0.0,0.0
2006-01-03 00:00:00-05:00,5.16629012174231,5.195533323655864,5.068813195192585,5.120800971984863,11700,0.0,0.0
2006-01-04 00:00:00-05:00,5.146795545170498,5.15004485912024,5.068813869606493,5.133798599243164,3200,0.0,0.0
2006-01-05 00:00:00-05:00,5.133797395566324,5.146794338446378,5.068812681166054,5.111052513122559,5200,0.0,0.0
2006-01-06 00:00:00-05:00,5.133799864950708,5.133799864950708,5.023325642395794,5.085061073303223,22500,0.0,0.0
2006-01-09 00:00:00-05:00,5.052567336616522,5.127299694191182,5.052567336616522,5.055816650390625,4500,0.0,0.0
2006-01-10 00:00:00-05:00,5.05256867262114,5.085060889338936,5.0298237800598145,5.0298237800598145,14200,0.0,0.0
2006-01-11 00:00:00-05:00,5.023323226150084,5.130548082378421,5.016824599774277,5.111052513122559,11900,0.0,0.0
2006-01-12 00:00:00-05:00,5.111052350279401,5.150043487548828,5.036320008568026,5.150043487548828,9600,0.0,0.0
2006-01-13 00:00:00-05:00,5.133799018466922,5.133799018466922,5.036321761116149,5.117552757263184,4400,0.0,0.0
2006-01-17 00:00:00-05:00,5.085060228962177,5.08830954317349,5.03957106949042,5.068814277648926,5500,0.0,0.0
2006-01-18 00:00:00-05:00,5.068815119292438,5.114304286317372,5.052568855409943,5.085061073303223,8600,0.0,0.0
2006-01-19 00:00:00-05:00,5.085061349556971,5.085061349556971,5.059067449881505,5.072064399719238,1600,0.0,0.0
2006-01-20 00:00:00-05:00,5.03957106949042,5.0980571759357725,5.036321755279107,5.068814277648926,8100,0.0,0.0
2006-01-23 00:00:00-05:00,5.098056151666622,5.098056151666622,5.003828227571815,5.094807147979736,6400,0.0,0.0
2006-01-24 00:00:00-05:00,5.098057689874953,5.101307004413832,4.994082103604326,5.0330729484558105,28200,0.0,0.0
2006-01-25 00:00:00-05:00,5.088309491604171,5.101306438446045,5.085060177425789,5.101306438446045,2900,0.0,0.0
2006-01-26 00:00:00-05:00,5.101307999415741,5.101307999415741,5.03957256049408,5.091560363769531,9300,0.0,0.0
2006-01-27 00:00:00-05:00,5.091558573497028,5.150044986553038,5.091558573497028,5.124051094055176,13100,0.0,0.0
2006-01-30 00:00:00-05:00,5.12080358057991,5.133800531398773,5.091560363769531,5.091560363769531,5700,0.0,0.0
2006-01-31 00:00:00-05:00,5.068813869606493,5.140296917271014,5.068813869606493,5.133798599243164,11300,0.0,0.0
2006-02-01 00:00:00-05:00,5.137048465637723,5.198783887963759,5.117552889714325,5.156543731689453,14200,0.0,0.0
2006-02-02 00:00:00-05:00,5.117550172058739,5.176036558898291,5.117550172058739,5.146793365478516,2300,0.0,0.0
2006-02-03 00:00:00-05:00,5.150044173898418,5.156542491061656,5.120800971984863,5.120800971984863,4900,0.0,0.0
2006-02-06 00:00:00-05:00,5.1500447913988765,5.195533946610563,5.120801585979004,5.159792423248291,11800,0.0,0.0
2006-02-07 00:00:00-05:00,5.127299903921404,5.1630417371553055,5.104555326315561,5.159792423248291,17200,0.0,0.0
2006-02-08 00:00:00-05:00,5.179286375693572,5.182535688777949,5.1240496026169104,5.150043487548828,2400,0.0,0.0
2006-02-09 00:00:00-05:00,5.179287686947119,5.179287686947119,5.153293795434261,5.159792423248291,1500,0.0,0.0
2006-02-10 00:00:00-05:00,5.146795545170498,5.146795545170498,5.085059819611935,5.133798599243164,20000,0.0,0.0
2006-02-13 00:00:00-05:00,5.115645944665656,5.128847599029541,5.059538834931077,5.128847599029541,9000,0.245,0.0
2006-02-14 00:00:00-05:00,5.1156455833934995,5.118946075439453,5.0595384776212615,5.118946075439453,5100,0.0,0.0
2006-02-15 00:00:00-05:00,5.095843250221226,5.151950359344482,5.0826415960011815,5.151950359344482,18300,0.0,0.0
2006-02-16 00:00:00-05:00,5.148650413042739,5.165152245494575,5.105744956212949,5.132148265838623,17400,0.0,0.0
2006-02-17 00:00:00-05:00,5.161850452776232,5.165150629382647,5.082640233930834,5.095841884613037,17900,0.0,0.0
2006-02-21 00:00:00-05:00,5.016633685766565,5.069440306445325,4.9110204444090435,5.056238651275635,28300,0.0,0.0
2006-02-22 00:00:00-05:00,5.165152245494575,5.165152245494575,5.046337352179045,5.132148265838623,16300,0.0,0.0
2006-02-23 00:00:00-05:00,5.112345031139368,5.112345031139368,5.085941724587179,5.105744361877441,800,0.0,0.0
2006-02-24 00:00:00-05:00,5.066138204109509,5.0793398542639405,5.023232762419567,5.052936553955078,3400,0.0,0.0
2006-02-27 00:00:00-05:00,5.05293870535987,5.0727410316467285,5.03313606432071,5.0727410316467285,5800,0.0,0.0
2006-02-28 00:00:00-05:00,5.072739957755461,5.161851351438482,5.072739957755461,5.115645408630371,6600,0.0,0.0
2006-03-01 00:00:00-05:00,5.099142375971632,5.1321466600532295,5.082640233930834,5.095841884613037,7500,0.0,0.0
2006-03-02 00:00:00-05:00,5.099144704814352,5.109045868659943,5.010033600699378,5.082642555236816,10600,0.0,0.0
2006-03-03 00:00:00-05:00,5.099144704814352,5.099144704814352,5.046338077968097,5.082642555236816,3000,0.0,0.0
2006-03-06 00:00:00-05:00,5.066141376721464,5.099145365399821,5.033137073290743,5.0496392250061035,2100,0.0,0.0
2006-03-07 00:00:00-05:00,5.036436266305083,5.049637921318569,5.00673246383667,5.00673246383667,2900,0.0,0.0
2006-03-08 00:00:00-05:00,5.019936744782061,5.0628422247078415,5.0100355770307115,5.0265374183654785,5400,0.0,0.0
2006-03-09 00:00:00-05:00,5.01663177882415,5.023232761275947,4.9935289697471985,5.019932270050049,5300,0.0,0.0
2006-03-10 00:00:00-05:00,5.026534255223483,5.029834747314453,4.953925317735648,5.029834747314453,11100,0.0,0.0
2006-03-13 00:00:00-05:00,5.0166331408030915,5.039736270904541,5.003431487067514,5.039736270904541,10400,0.0,0.0
2006-03-14 00:00:00-05:00,5.033137073290743,5.066141376721464,5.000132769860022,5.0496392250061035,8300,0.0,0.0
2006-03-15 00:00:00-05:00,5.06614036113521,5.0727410316467285,5.000131767506211,5.0727410316467285,26300,0.0,0.0
2006-03-16 00:00:00-05:00,5.079340941621863,5.1651515286194485,5.066139288641294,5.115645408630371,11600,0.0,0.0
2006-03-17 00:00:00-05:00,5.099144704814352,5.145350660680986,5.056239241813689,5.082642555236816,13100,0.0,0.0
2006-03-20 00:00:00-05:00,5.099143671148975,5.145349617649039,5.082641524916648,5.135448455810547,6600,0.0,0.0
2006-03-21 00:00:00-05:00,5.099144802443728,5.142050266265869,5.099144802443728,5.142050266265869,9500,0.0,0.0
2006-03-22 00:00:00-05:00,5.142050266265869,5.142050266265869,5.135449595159871,5.142050266265869,1600,0.0,0.0
2006-03-23 00:00:00-05:00,5.142048890256641,5.16185152778012,5.102443929961928,5.118946075439453,6800,0.0,0.0
2006-03-24 00:00:00-05:00,5.115645645587771,5.115645645587771,5.0166330862711055,5.062839031219482,11600,0.0,0.0
2006-03-27 00:00:00-05:00,5.062839031219482,5.076040684811555,5.04303639345525,5.062839031219482,14600,0.0,0.0
2006-03-28 00:00:00-05:00,5.0430370656367876,5.062839706040495,4.9539259707008325,5.000131607055664,16800,0.0,0.0
2006-03-29 00:00:00-05:00,5.000130948000225,5.036435731496392,5.000130948000225,5.029834747314453,8200,0.0,0.0
2006-03-30 00:00:00-05:00,5.0496372640999905,5.0496372640999905,5.00343132019043,5.00343132019043,4800,0.0,0.0
2006-03-31 00:00:00-05:00,4.9869279884307565,5.056236730429561,4.9869279884307565,5.052936553955078,8200,0.0,0.0
2006-04-03 00:00:00-04:00,5.052937877198992,5.052937877198992,4.986929294388596,5.029834747314453,8200,0.0,0.0
2006-04-04 00:00:00-04:00,5.039734903800648,5.052936553955078,5.019932271192918,5.052936553955078,7000,0.0,0.0
2006-04-05 00:00:00-04:00,5.029837912533411,5.029837912533411,5.0265374183654785,5.0265374183654785,500,0.0,0.0
2006-04-06 00:00:00-04:00,5.043037053763089,5.049638038799547,5.000131595282985,5.033135890960693,5500,0.0,0.0
2006-04-07 00:00:00-04:00,5.016633093702824,5.029834747314453,5.016633093702824,5.029834747314453,1700,0.0,0.0
2006-04-10 00:00:00-04:00,5.0166337549333715,5.046337558162787,4.9836297739302475,5.000131607055664,7600,0.0,0.0
2006-04-11 00:00:00-04:00,4.986931800842285,5.013335121335968,4.986931800842285,4.986931800842285,2600,0.0,0.0
2006-04-12 00:00:00-04:00,4.986928813055522,4.996830288372752,4.9836286360353315,4.993529796600342,3900,0.0,0.0
2006-04-13 00:00:00-04:00,4.9836297035217285,4.996831358686924,4.9836297035217285,4.9836297035217285,6500,0.0,0.0
2006-04-17 00:00:00-04:00,4.950623384682176,4.973726193090002,4.917619102883431,4.924220085144043,22100,0.0,0.0
2006-04-18 00:00:00-04:00,4.927521718456248,4.930821895599365,4.917620242770203,4.930821895599365,14400,0.0,0.0
2006-04-19 00:00:00-04:00,4.934123089972165,5.0166335105896,4.917620942898223,5.0166335105896,12700,0.0,0.0
2006-04-20 00:00:00-04:00,5.000130828894238,5.000130828894238,4.934122562408447,4.934122562408447,5100,0.0,0.0
2006-04-21 00:00:00-04:00,4.940723365767222,4.9671266713960565,4.940723365767222,4.9638261795043945,4700,0.0,0.0
2006-04-24 00:00:00-04:00,4.947324458941569,4.947324458941569,4.917620658874512,4.917620658874512,9700,0.0,0.0
2006-04-25 00:00:00-04:00,4.911019568246725,4.9638261795043945,4.911019568246725,4.9638261795043945,3200,0.0,0.0
2006-04-26 00:00:00-04:00,4.963826354305588,4.983628991600678,4.917620410451868,4.967126846313477,7900,0.0,0.0
2006-04-27 00:00:00-04:00,4.950625408232597,4.9836297035217285,4.950625408232597,4.9836297035217285,1100,0.0,0.0
2006-04-28 00:00:00-04:00,4.9836286360353315,4.993529796600342,4.9836286360353315,4.993529796600342,1700,0.0,0.0
2006-05-01 00:00:00-04:00,4.950624404869935,4.967126549169946,4.917620116269913,4.937422752380371,17400,0.0,0.0
2006-05-02 00:00:00-04:00,4.950626010037865,4.977029323577881,4.917621710736682,4.977029323577881,7700,0.0,0.0
2006-05-03 00:00:00-04:00,4.950626565951153,4.950626565951153,4.920922756195068,4.920922756195068,5000,0.0,0.0
2006-05-04 00:00:00-04:00,4.934123863935016,4.950626013597472,4.920922207155515,4.940724849700928,6500,0.0,0.0
2006-05-05 00:00:00-04:00,4.920920909111289,4.944023723693255,4.920920909111289,4.934122562408447,4200,0.0,0.0
2006-05-08 00:00:00-04:00,4.924221099890806,4.950624404869935,4.917620116269913,4.937422752380371,8500,0.0,0.0
2006-05-09 00:00:00-04:00,4.930821895599365,4.950624532219224,4.920920734665551,4.930821895599365,12700,0.0,0.0
2006-05-10 00:00:00-04:00,4.917621714272559,4.940724849700928,4.917621714272559,4.940724849700928,10400,0.0,0.0
2006-05-11 00:00:00-04:00,4.935692657562605,5.009510040283203,4.9155605277335885,5.009510040283203,33600,0.245,0.0
2006-05-12 00:00:00-04:00,4.999442220108676,4.999442220108676,4.932335675407138,4.975955009460449,10500,0.0,0.0
2006-05-15 00:00:00-04:00,4.959178162762632,4.969244384194855,4.928980138444437,4.965888977050781,12800,0.0,0.0
2006-05-16 00:00:00-04:00,4.965889179288509,5.009508513970178,4.932335746459764,5.006153106689453,8400,0.0,0.0
2006-05-17 00:00:00-04:00,4.996087156824692,4.996087156824692,4.949112415313721,4.949112415313721,2800,0.0,0.0
2006-05-18 00:00:00-04:00,4.9491107389982965,4.962532043457031,4.882004216704622,4.962532043457031,4100,0.0,0.0
2006-05-19 00:00:00-04:00,4.962532043457031,4.962532043457031,4.898780927275325,4.962532043457031,2600,0.0,0.0
2006-05-22 00:00:00-04:00,4.932335545588512,4.965888977050781,4.932335545588512,4.965888977050781,1200,0.0,0.0
2006-05-23 00:00:00-04:00,4.935690232329738,4.982664965522734,4.935690232329738,4.979309558868408,9600,0.0,0.0
2006-05-24 00:00:00-04:00,5.009510040283203,5.019575945203037,4.9826674138374125,5.009510040283203,18100,0.0,0.0
2006-05-25 00:00:00-04:00,4.999442042653742,5.022929572457526,4.98266564706577,5.019574165344238,7300,0.0,0.0
2006-05-26 00:00:00-04:00,5.016220758872065,5.0229315757751465,4.999444036603725,5.0229315757751465,6600,0.0,0.0
2006-05-30 00:00:00-04:00,5.0229321784489604,5.07326203130342,5.016221360740686,5.032998085021973,19300,0.0,0.0
2006-05-31 00:00:00-04:00,5.032995086342464,5.083324909210205,5.019573778911786,5.083324909210205,16300,0.0,0.0
2006-06-01 00:00:00-04:00,5.083324909210205,5.083324909210205,5.046416393773143,5.083324909210205,6100,0.0,0.0
2006-06-02 00:00:00-04:00,5.066550477683657,5.079971790313721,5.066550477683657,5.079971790313721,2300,0.0,0.0
2006-06-05 00:00:00-04:00,5.0665487948617836,5.0665487948617836,4.9491121083625735,4.982665538787842,11000,0.0,0.0
2006-06-06 00:00:00-04:00,5.01286332306006,5.016218730154567,4.935690879821777,4.935690879821777,10500,0.0,0.0
2006-06-07 00:00:00-04:00,4.969244939198451,5.0397068971475605,4.969244939198451,5.0296406745910645,9600,0.0,0.0
2006-06-08 00:00:00-04:00,5.012863756667098,5.032995880986318,4.965889333237686,4.989376544952393,6400,0.0,0.0
2006-06-09 00:00:00-04:00,4.9658915078862265,5.032998085021973,4.93569346817779,5.032998085021973,17700,0.0,0.0
2006-06-12 00:00:00-04:00,5.049772239525607,5.076614856719971,5.036350930928425,5.076614856719971,11500,0.0,0.0
2006-06-13 00:00:00-04:00,5.066551533584546,5.066551533584546,5.019576769594823,5.032998085021973,2200,0.0,0.0
2006-06-14 00:00:00-04:00,5.032995519986081,5.032995519986081,4.965888977050781,4.965888977050781,2900,0.0,0.0
2006-06-15 00:00:00-04:00,4.965888823575208,4.999441934011248,4.955822922443319,4.982665538787842,2900,0.0,0.0
2006-06-16 00:00:00-04:00,5.016221360740686,5.032998085021973,4.98602332103225,5.032998085021973,7200,0.0,0.0
2006-06-19 00:00:00-04:00,5.0329960821098965,5.0329960821098965,4.999442646900121,5.0296406745910645,2500,0.0,0.0
2006-06-20 00:00:00-04:00,5.019573140607459,5.066547870635986,5.019573140607459,5.066547870635986,14300,0.0,0.0
2006-06-21 00:00:00-04:00,5.032994120993958,5.066547543129578,5.032994120993958,5.049770832061768,4300,0.0,0.0
2006-06-22 00:00:00-04:00,5.079968847985995,5.079968847985995,5.049770832061768,5.049770832061768,3700,0.0,0.0
2006-06-23 00:00:00-04:00,5.049773980363994,5.053129388667328,4.96924610102005,5.043063163757324,8300,0.0,0.0
2006-06-26 00:00:00-04:00,5.043061958720815,5.076615393757894,5.043061958720815,5.056483268737793,6300,0.0,0.0
2006-06-27 00:00:00-04:00,5.056481915998555,5.09674583527785,5.056481915998555,5.086679935455322,5100,0.0,0.0
2006-06-28 00:00:00-04:00,5.093390748663131,5.100101241881754,5.066548135810268,5.086679935455322,10000,0.0,0.0
2006-06-29 00:00:00-04:00,5.083324324362961,5.123588562011719,5.083324324362961,5.123588562011719,8200,0.0,0.0
2006-06-30 00:00:00-04:00,5.123591138256117,5.123591138256117,5.100103601152808,5.113524913787842,5000,0.0,0.0
2006-07-03 00:00:00-04:00,5.100100959668501,5.16720748808733,5.100100959668501,5.1537861824035645,2100,0.0,0.0
2006-07-05 00:00:00-04:00,5.1537861824035645,5.163852401658265,5.1537861824035645,5.1537861824035645,9700,0.0,0.0
2006-07-06 00:00:00-04:00,5.137010305269562,5.147076205544187,5.100101470947266,5.100101470947266,5800,0.0,0.0
2006-07-07 00:00:00-04:00,5.130299416376003,5.14707612991333,5.086680089174629,5.14707612991333,5400,0.0,0.0
2006-07-10 00:00:00-04:00,5.133656024932861,5.133656024932861,5.1202347149587455,5.133656024932861,2500,0.0,0.0
2006-07-11 00:00:00-04:00,5.1001023998210355,5.1269450187683105,5.1001023998210355,5.1269450187683105,800,0.0,0.0
2006-07-12 00:00:00-04:00,5.076613831414282,5.126943648491471,5.063192525527755,5.123588562011719,5300,0.0,0.0
2006-07-13 00:00:00-04:00,5.123588562011719,5.126943648491471,5.123588562011719,5.123588562011719,1100,0.0,0.0
2006-07-14 00:00:00-04:00,5.116879152754516,5.167208983638364,5.073259816660192,5.150432586669922,8200,0.0,0.0
2006-07-17 00:00:00-04:00,5.120233744636478,5.197406182365574,5.079969822344443,5.083324909210205,4800,0.0,0.0
2006-07-18 00:00:00-04:00,5.086682950838413,5.167210837133893,5.069906227862845,5.120236396789551,2600,0.0,0.0
2006-07-19 00:00:00-04:00,5.120235055338812,5.120235055338812,5.066549811873493,5.073260307312012,8600,0.0,0.0
2006-07-20 00:00:00-04:00,5.066548514913765,5.103457030350827,5.066548514913765,5.083324909210205,4500,0.0,0.0
2006-07-21 00:00:00-04:00,5.106812284456483,5.1302994917603435,5.100101470947266,5.100101470947266,5500,0.0,0.0
2006-07-24 00:00:00-04:00,5.093391549461581,5.103457450866699,5.083325328067226,5.103457450866699,3900,0.0,0.0
2006-07-25 00:00:00-04:00,5.086680163918031,5.123588998240327,5.069903450134187,5.100101470947266,9900,0.0,0.0
2006-07-26 00:00:00-04:00,5.126946893986153,5.2007642830850305,5.113525579603573,5.120236396789551,12500,0.0,0.0
2006-07-27 00:00:00-04:00,5.086681280028822,5.133656024932861,5.0833258725379755,5.133656024932861,6000,0.0,0.0
2006-07-28 00:00:00-04:00,5.157141518494926,5.23095885874359,5.157141518494926,5.200760841369629,13900,0.0,0.0
2006-07-31 00:00:00-04:00,5.16720851786145,5.183985233306885,5.150432122405247,5.183985233306885,4600,0.0,0.0
2006-08-01 00:00:00-04:00,5.150432122405247,5.183985233306885,5.133655406959813,5.183985233306885,6200,0.0,0.0
2006-08-02 00:00:00-04:00,5.217537976381525,5.281289102682931,5.200761263147727,5.220893383026123,16000,0.0,0.0
2006-08-03 00:00:00-04:00,5.220894717957864,5.241026522994576,5.197407185429339,5.217539310455322,2300,0.0,0.0
2006-08-04 00:00:00-04:00,5.200762021988392,5.214183330535889,5.200762021988392,5.214183330535889,800,0.0,0.0
2006-08-07 00:00:00-04:00,5.1873403491291254,5.251091480255127,5.1873403491291254,5.251091480255127,3500,0.0,0.0
2006-08-08 00:00:00-04:00,5.230959645440805,5.244380952960012,5.167208194732666,5.167208194732666,4300,0.0,0.0
2006-08-09 00:00:00-04:00,5.167208648321835,5.194051265716553,5.133655536573057,5.194051265716553,3500,0.0,0.0
2006-08-10 00:00:00-04:00,5.150431628786162,5.234314877984704,5.1302995081832625,5.210827350616455,5100,0.0,0.0
2006-08-11 00:00:00-04:00,5.181850561751264,5.198896188047207,5.14775963427766,5.164804935455322,3900,0.245,0.0
2006-08-14 00:00:00-04:00,5.147758404052761,5.202304135069668,5.144349214584653,5.168212890625,5500,0.0,0.0
2006-08-15 00:00:00-04:00,5.151168890166953,5.246624274617365,5.151168890166953,5.243215084075928,4400,0.0,0.0
2006-08-16 00:00:00-04:00,5.209122532324018,5.226168155670166,5.202304478056492,5.226168155670166,2300,0.0,0.0
2006-08-17 00:00:00-04:00,5.198898032781147,5.212534473632887,5.147761460866724,5.202307224273682,8100,0.0,0.0
2006-08-18 00:00:00-04:00,5.212532478219224,5.22275972366333,5.202305232775118,5.22275972366333,3400,0.0,0.0
2006-08-21 00:00:00-04:00,5.181851296771314,5.260261058807373,5.181851296771314,5.260261058807373,9000,0.0,0.0
2006-08-22 00:00:00-04:00,5.267078618074172,5.318215499388817,5.263669427629536,5.3011698722839355,4300,0.0,0.0
2006-08-23 00:00:00-04:00,5.318215370178223,5.318215370178223,5.287533307158541,5.318215370178223,4000,0.0,0.0
2006-08-24 00:00:00-04:00,5.31821504689136,5.35230597308222,5.284123795582232,5.331851482391357,14400,0.0,0.0
2006-08-25 00:00:00-04:00,5.318214149182794,5.352305069619146,5.267077280850948,5.2943501472473145,23600,0.0,0.0
2006-08-28 00:00:00-04:00,5.267079770934408,5.267079770934408,5.215943203545268,5.2329888343811035,8900,0.0,0.0
2006-08-29 00:00:00-04:00,5.232986535055915,5.267077456629988,5.226168155670166,5.226168155670166,32700,0.0,0.0
2006-08-30 00:00:00-04:00,5.243215084075928,5.246624274617365,5.2329878375699215,5.243215084075928,1400,0.0,0.0
2006-08-31 00:00:00-04:00,5.2329888343811035,5.243216082835258,5.185261133064438,5.2329888343811035,9900,0.0,0.0
2006-09-01 00:00:00-04:00,5.212532666897699,5.2295782933337245,5.11366842371069,5.154577732086182,36700,0.0,0.0
2006-09-05 00:00:00-04:00,5.175029954167665,5.219348430633545,5.175029954167665,5.219348430633545,15000,0.0,0.0
2006-09-06 00:00:00-04:00,5.215939643095599,5.226166884568541,5.198894023895264,5.198894023895264,2400,0.0,0.0
2006-09-07 00:00:00-04:00,5.181852488664618,5.215943753933612,5.181852488664618,5.195488929748535,2800,0.0,0.0
2006-09-08 00:00:00-04:00,5.195486390932817,5.195486390932817,5.151167897787069,5.181849956512451,4300,0.0,0.0
2006-09-11 00:00:00-04:00,5.181849842524152,5.181849842524152,5.127304106042567,5.157986164093018,3500,0.0,0.0
2006-09-12 00:00:00-04:00,5.198896067816952,5.25344181060791,5.130713889328252,5.25344181060791,9300,0.0,0.0
2006-09-13 00:00:00-04:00,5.284125133400507,5.284125133400507,5.253443064477955,5.2807159423828125,9000,0.0,0.0
2006-09-14 00:00:00-04:00,5.280716627482588,5.314807891845703,5.253443746039452,5.314807891845703,17300,0.0,0.0
2006-09-15 00:00:00-04:00,5.318215565872837,5.352306495390483,5.301169938554865,5.33526086807251,12500,0.0,0.0
2006-09-18 00:00:00-04:00,5.301170935378684,5.352307501829941,5.123896898126719,5.151169776916504,15500,0.0,0.0
2006-09-19 00:00:00-04:00,5.181850998387527,5.352306625473422,5.181850998387527,5.304579257965088,9100,0.0,0.0
2006-09-20 00:00:00-04:00,5.32503514110728,5.369353654731974,5.307989508925723,5.314807891845703,5400,0.0,0.0
2006-09-21 00:00:00-04:00,5.33526086807251,5.33526086807251,5.314806375385583,5.33526086807251,3500,0.0,0.0
2006-09-22 00:00:00-04:00,5.352308750152588,5.352308750152588,5.345490691424142,5.352308750152588,1500,0.0,0.0
2006-09-25 00:00:00-04:00,5.348896246649157,5.352305436461919,5.256850397532225,5.270486831665039,4300,0.0,0.0
2006-09-26 00:00:00-04:00,5.284122106298889,5.352304262001693,5.284122106298889,5.348895072937012,4300,0.0,0.0
2006-09-27 00:00:00-04:00,5.352306298441422,5.352306298441422,5.284124116796735,5.318215370178223,2900,0.0,0.0
2006-09-28 00:00:00-04:00,5.314807202323059,5.314807202323059,5.25685225549565,5.2807159423828125,2000,0.0,0.0
2006-09-29 00:00:00-04:00,5.284124504436561,5.335261063141848,5.267078876495361,5.267078876495361,6200,0.0,0.0
2006-10-02 00:00:00-04:00,5.263668860116765,5.318214925995055,5.215941499510869,5.250032424926758,6000,0.0,0.0
2006-10-03 00:00:00-04:00,5.215941693718694,5.301169498109136,5.215941693718694,5.25344181060791,10200,0.0,0.0
2006-10-04 00:00:00-04:00,5.250032741816752,5.250032741816752,5.134123198264563,5.164804935455322,16400,0.0,0.0
2006-10-05 00:00:00-04:00,5.164804332207434,5.181849956512451,5.164804332207434,5.181849956512451,4000,0.0,0.0
2006-10-06 00:00:00-04:00,5.147760260420073,5.232988077148098,5.147760260420073,5.178442001342773,17100,0.0,0.0
2006-10-09 00:00:00-04:00,5.215941205122486,5.215941205122486,5.137531463366703,5.181849956512451,18600,0.0,0.0
2006-10-10 00:00:00-04:00,5.215939643095599,5.250030556378123,5.164802785494595,5.198894023895264,4500,0.0,0.0
2006-10-11 00:00:00-04:00,5.1988981212991145,5.226171003466949,5.192079738197956,5.195488929748535,4600,0.0,0.0
2006-10-12 00:00:00-04:00,5.215940756211112,5.2534408663600995,5.18525870012639,5.212531566619873,3800,0.0,0.0
2006-10-13 00:00:00-04:00,5.23298917397215,5.267080112737761,5.202307101500229,5.263670921325684,4500,0.0,0.0
2006-10-16 00:00:00-04:00,5.284125133400507,5.287534324418202,5.2670795034303834,5.2807159423828125,6300,0.0,0.0
2006-10-17 00:00:00-04:00,5.277306058522503,5.335260997741171,5.229578691014169,5.304579257965088,9000,0.0,0.0
2006-10-18 00:00:00-04:00,5.301168566785295,5.301168566785295,5.27048651057612,5.284122943878174,1700,0.0,0.0
2006-10-19 00:00:00-04:00,5.267079390690058,5.32844352722168,5.232988456597868,5.32844352722168,6000,0.0,0.0
2006-10-20 00:00:00-04:00,5.328442616145354,5.335260671750679,5.314806179816417,5.318215370178223,5200,0.0,0.0
2006-10-23 00:00:00-04:00,5.33526008278194,5.34548765273832,5.304578348267557,5.307987213134766,5600,0.0,0.0
2006-10-24 00:00:00-04:00,5.307987014292742,5.307987014292742,5.2909417152404785,5.2909417152404785,500,0.0,0.0
2006-10-25 00:00:00-04:00,5.345487875888277,5.345487875888277,5.321623870112095,5.342078685760498,3400,0.0,0.0
2006-10-26 00:00:00-04:00,5.345487775128428,5.389806270599365,5.342078585064912,5.389806270599365,10500,0.0,0.0
2006-10-27 00:00:00-04:00,5.403444588487265,5.485263227810627,5.3898081486000375,5.430717468261719,7600,0.0,0.0
2006-10-30 00:00:00-05:00,5.451170639747431,5.4886710841555555,5.386397647316215,5.454579830169678,13100,0.0,0.0
2006-10-31 00:00:00-05:00,5.454578151949813,5.488669395446777,5.4238960978261845,5.488669395446777,10600,0.0,0.0
2006-11-01 00:00:00-05:00,5.454579157653281,5.485261217434002,5.38980617320818,5.451169967651367,6800,0.0,0.0
2006-11-02 00:00:00-05:00,5.468216591858663,5.471625132044323,5.454579830169678,5.454579830169678,8600,0.0,0.0
2006-11-03 00:00:00-05:00,5.454580916336932,5.471626221605798,5.420489655562482,5.437535285949707,3000,0.0,0.0
2006-11-06 00:00:00-05:00,5.4341250127544924,5.468216591858663,5.389806837738462,5.454579830169678,7000,0.0,0.0
2006-11-07 00:00:00-05:00,5.420489655562482,5.451171725235815,5.420489655562482,5.437535285949707,6300,0.0,0.0
2006-11-08 00:00:00-05:00,5.437534203176739,5.457989020591924,5.4341250127544924,5.454579830169678,2500,0.0,0.0
2006-11-09 00:00:00-05:00,5.454578151949813,5.5227606389437405,5.410259665451038,5.488669395446777,13500,0.0,0.0
2006-11-10 00:00:00-05:00,5.454579733467598,5.454579733467598,5.287533307158541,5.318215370178223,16900,0.0,0.0
2006-11-13 00:00:00-05:00,5.287034073345556,5.318215847015381,5.207347281698957,5.318215847015381,18600,0.25,0.0
2006-11-14 00:00:00-05:00,5.304356680320415,5.321679592132568,5.30089196579264,5.321679592132568,12100,0.0,0.0
2006-11-15 00:00:00-05:00,5.349396257940378,5.38750745414361,5.339002445527378,5.384042739868164,10900,0.0,0.0
2006-11-16 00:00:00-05:00,5.401364963652406,5.453334346343922,5.387506439573783,5.449869632720947,11000,0.0,0.0
2006-11-17 00:00:00-05:00,5.442941621361768,5.45333543389023,5.40483075514851,5.411759853363037,3600,0.0,0.0
2006-11-20 00:00:00-05:00,5.390973580671922,5.394437965441581,5.280105007707194,5.349397659301758,9100,0.0,0.0
2006-11-21 00:00:00-05:00,5.30782325728169,5.366722106933594,5.293964723858506,5.366722106933594,2500,0.0,0.0
2006-11-22 00:00:00-05:00,5.370184646781559,5.370184646781559,5.339002876611528,5.352861404418945,6500,0.0,0.0
2006-11-24 00:00:00-05:00,5.335538923213811,5.449871876538863,5.335538923213811,5.4013671875,4200,0.0,0.0
2006-11-27 00:00:00-05:00,5.390974210453437,5.477590117668596,5.390974210453437,5.47066068649292,21400,0.0,0.0
2006-11-28 00:00:00-05:00,5.439478099519939,5.439478099519939,5.384043979997779,5.432548999786377,6400,0.0,0.0
2006-11-29 00:00:00-05:00,5.404832024125603,5.404832024125603,5.318216128421112,5.328609943389893,9400,0.0,0.0
2006-11-30 00:00:00-05:00,5.283568469982561,5.411759927637454,5.283568469982561,5.3459320068359375,8700,0.0,0.0
2006-12-01 00:00:00-05:00,5.373651242008215,5.408297408445549,5.345934176692956,5.359792709350586,15000,0.0,0.0
2006-12-04 00:00:00-05:00,5.3771148591759195,5.404831918828298,5.349397469110128,5.397902488708496,13000,0.0,0.0
2006-12-05 00:00:00-05:00,5.339003475852996,5.3875084938297695,5.297427887764363,5.318215847015381,4100,0.0,0.0
2006-12-06 00:00:00-05:00,5.318215250107084,5.380578460033781,5.318215250107084,5.352861404418945,12700,0.0,0.0
2006-12-07 00:00:00-05:00,5.387508004459305,5.408295631408691,5.387508004459305,5.408295631408691,6500,0.0,0.0
2006-12-08 00:00:00-05:00,5.422152430617888,5.422152430617888,5.304355144500732,5.304355144500732,9100,0.0,0.0
2006-12-11 00:00:00-05:00,5.287032888502524,5.318214655184404,5.266244933910161,5.297426700592041,7400,0.0,0.0
2006-12-12 00:00:00-05:00,5.318214493597502,5.342466831207275,5.283568013800695,5.342466831207275,4900,0.0,0.0
2006-12-13 00:00:00-05:00,5.335538162056332,5.429083472566426,5.335538162056332,5.352861404418945,5400,0.0,0.0
2006-12-14 00:00:00-05:00,5.404831247192709,5.411760346038046,5.373649476355258,5.408295631408691,2200,0.0,0.0
2006-12-15 00:00:00-05:00,5.37711461026486,5.380578994750977,5.3251448780123125,5.380578994750977,4500,0.0,0.0
2006-12-18 00:00:00-05:00,5.404829523821398,5.404829523821398,5.304355144500732,5.304355144500732,9200,0.0,0.0
2006-12-19 00:00:00-05:00,5.2697088746306076,5.297425923076777,5.2697088746306076,5.290496826171875,1500,0.0,0.0
2006-12-20 00:00:00-05:00,5.262783293950658,5.280106544494629,5.255854191981184,5.280106544494629,5500,0.0,0.0
2006-12-21 00:00:00-05:00,5.3182177617740685,5.3182177617740685,5.259318908172682,5.280106544494629,7300,0.0,0.0
2006-12-22 00:00:00-05:00,5.300890188167972,5.300890188167972,5.248920478919184,5.283566951751709,3200,0.0,0.0
2006-12-26 00:00:00-05:00,5.266244888305664,5.300891368855129,5.235063121893812,5.266244888305664,4700,0.0,0.0
2006-12-27 00:00:00-05:00,5.300890716443773,5.314749240875244,5.259315143149358,5.314749240875244,3200,0.0,0.0
2006-12-28 00:00:00-05:00,5.283569617383735,5.297428147425911,5.283569617383735,5.293963432312012,3100,0.0,0.0
2006-12-29 00:00:00-05:00,5.3182162138942735,5.352862374484842,5.300892968392276,5.349397659301758,9200,0.0,0.0
2007-01-03 00:00:00-05:00,5.370184405931005,5.380578218717069,5.370184405931005,5.3736491203308105,34000,0.0,0.0
2007-01-04 00:00:00-05:00,5.380578218717069,5.387507647516679,5.356325878745137,5.3736491203308105,10700,0.0,0.0
2007-01-05 00:00:00-05:00,5.370184421539307,5.401366190401477,5.359790608723033,5.370184421539307,29300,0.0,0.0
2007-01-08 00:00:00-05:00,5.335538162056332,5.363255217671167,5.318215250107084,5.352861404418945,3400,0.0,0.0
2007-01-09 00:00:00-05:00,5.387508517793624,5.439477920532227,5.387508517793624,5.439477920532227,10800,0.0,0.0
2007-01-10 00:00:00-05:00,5.439478593583144,5.439478593583144,5.411761531304546,5.429084777832031,4800,0.0,0.0
2007-01-11 00:00:00-05:00,5.425617298186676,5.453334346343922,5.404829677275381,5.449869632720947,10300,0.0,0.0
2007-01-12 00:00:00-05:00,5.404829881844948,5.44986983899525,5.380577215979451,5.43601131439209,10300,0.0,0.0
2007-01-16 00:00:00-05:00,5.43601131439209,5.4602639802575865,5.4325469310512675,5.43601131439209,8200,0.0,0.0
2007-01-17 00:00:00-05:00,5.439476727983833,5.474123209155959,5.436012013783954,5.460264682769775,17400,0.0,0.0
2007-01-18 00:00:00-05:00,5.474122886621904,5.5087690353393555,5.470658172626166,5.5087690353393555,12000,0.0,0.0
2007-01-19 00:00:00-05:00,5.508770873219427,5.508770873219427,5.484518527984619,5.484518527984619,3800,0.0,0.0
2007-01-22 00:00:00-05:00,5.50184177332952,5.50184177332952,5.439478222253246,5.484518527984619,5500,0.0,0.0
2007-01-23 00:00:00-05:00,5.512236656565106,5.578064935549641,5.481054874984378,5.5746002197265625,16900,0.0,0.0
2007-01-24 00:00:00-05:00,5.526092927660499,5.7097184957519,5.491446774850559,5.6334967613220215,14900,0.0,0.0
2007-01-25 00:00:00-05:00,5.647355500066337,5.7166484731626515,5.619638442993164,5.619638442993164,13100,0.0,0.0
2007-01-26 00:00:00-05:00,5.508770567654832,5.508770567654832,5.4186902916021475,5.439477920532227,11600,0.0,0.0
2007-01-29 00:00:00-05:00,5.474123569104412,5.508769722141348,5.4048309326171875,5.4048309326171875,6300,0.0,0.0
2007-01-30 00:00:00-05:00,5.404829881844948,5.491445743218018,5.394435740582611,5.43601131439209,9900,0.0,0.0
2007-01-31 00:00:00-05:00,5.436012546253071,5.508769899510609,5.436012546253071,5.487982273101807,12200,0.0,0.0
2007-02-01 00:00:00-05:00,5.501842465956532,5.501842465956532,5.404832742391323,5.47066068649292,4600,0.0,0.0
2007-02-02 00:00:00-05:00,5.456800905645873,5.50877030591524,5.453336190851012,5.463730335235596,4300,0.0,0.0
2007-02-05 00:00:00-05:00,5.425619445337979,5.4671950340271,5.404831816200123,5.4671950340271,3500,0.0,0.0
2007-02-06 00:00:00-05:00,5.46372972812582,5.467194112122343,5.356325894313159,5.370184421539307,26100,0.0,0.0
2007-02-07 00:00:00-05:00,5.401366532563354,5.453335930350191,5.373649476355258,5.408295631408691,3400,0.0,0.0
2007-02-08 00:00:00-05:00,5.456800327379267,5.456800327379267,5.3875076908920425,5.4048309326171875,4500,0.0,0.0
2007-02-09 00:00:00-05:00,5.394437523935643,5.418690197818858,5.370185180465827,5.380578994750977,6400,0.0,0.0
2007-02-12 00:00:00-05:00,5.377113775262626,5.377113775262626,5.3390025781129635,5.3459320068359375,15400,0.0,0.0
2007-02-13 00:00:00-05:00,5.335366249084473,5.342409798259749,5.2825409736895415,5.335366249084473,10900,0.25,0.0
2007-02-14 00:00:00-05:00,5.3529755126846235,5.423409334722259,5.300150230120136,5.356497287750244,6100,0.0,0.0
2007-02-15 00:00:00-05:00,5.342411185008456,5.352976175658853,5.317759428205865,5.345932960510254,10200,0.0,0.0
2007-02-16 00:00:00-05:00,5.3705846927073155,5.4234099815722745,5.3705846927073155,5.409323215484619,9600,0.0,0.0
2007-02-20 00:00:00-05:00,5.409323215484619,5.4234099815722745,5.321280843473024,5.409323215484619,5900,0.0,0.0
2007-02-21 00:00:00-05:00,5.41284545656361,5.419889008140796,5.3494548357890315,5.363541603088379,11000,0.0,0.0
2007-02-22 00:00:00-05:00,5.328323444756372,5.367061960629158,5.300149917602539,5.300149917602539,11100,0.0,0.0
2007-02-23 00:00:00-05:00,5.324802440970792,5.41636658540741,5.300150685105159,5.310715675354004,11100,0.0,0.0
2007-02-26 00:00:00-05:00,5.335367096941161,5.335367096941161,5.307193567472749,5.314237117767334,14300,0.0,0.0
2007-02-27 00:00:00-05:00,5.2860636711120605,5.296628660864489,5.247324815594877,5.2860636711120605,28500,0.0,0.0
2007-02-28 00:00:00-05:00,5.25084557700947,5.282540876002269,5.25084557700947,5.254367351531982,10500,0.0,0.0
2007-03-01 00:00:00-05:00,5.279019369718038,5.279019369718038,5.21210732966489,5.219150543212891,11500,0.0,0.0
2007-03-02 00:00:00-05:00,5.254368327225505,5.271976867252922,5.194499492645264,5.194499492645264,21700,0.0,0.0
2007-03-05 00:00:00-05:00,5.159283437502819,5.173370205152153,5.113501694533758,5.120544910430908,14200,0.0,0.0
2007-03-06 00:00:00-05:00,5.102936366905483,5.141675229832426,5.078284607482907,5.120544910430908,18500,0.0,0.0
2007-03-07 00:00:00-05:00,5.102935252100966,5.176890850067139,5.078283498063896,5.176890850067139,21800,0.0,0.0
2007-03-08 00:00:00-05:00,5.180410309307412,5.190975294049587,5.10997651793489,5.148715019226074,6100,0.0,0.0
2007-03-09 00:00:00-05:00,5.127587488063864,5.127587488063864,5.036023347810677,5.074761867523193,21500,0.0,0.0
2007-03-12 00:00:00-04:00,5.09237090451746,5.279020642585537,5.09237090451746,5.275498867034912,26200,0.0,0.0
2007-03-13 00:00:00-04:00,5.367062401556865,5.367062401556865,5.3001503530331275,5.314237117767334,14900,0.0,0.0
2007-03-14 00:00:00-04:00,5.328324550618991,5.3705848501206175,5.264933933439047,5.307194232940674,10100,0.0,0.0
2007-03-15 00:00:00-04:00,5.321280665602849,5.3353674312196375,5.257890388254793,5.310715675354004,10000,0.0,0.0
2007-03-16 00:00:00-04:00,5.338889844278277,5.370585154665566,5.338889844278277,5.363541603088379,5400,0.0,0.0
2007-03-19 00:00:00-04:00,5.328325513979157,5.352977275848389,5.328325513979157,5.352977275848389,7300,0.0,0.0
2007-03-20 00:00:00-04:00,5.352974637137983,5.367061399241441,5.328322887420654,5.328322887420654,3600,0.0,0.0
2007-03-21 00:00:00-04:00,5.289584928883587,5.321279895040446,5.279019604309697,5.300149917602539,9200,0.0,0.0
2007-03-22 00:00:00-04:00,5.349455112440948,5.370585432410256,5.324803352355957,5.324803352355957,7900,0.0,0.0
2007-03-23 00:00:00-04:00,5.324803925876089,5.367064234511406,5.324803925876089,5.34241247177124,5500,0.0,0.0
2007-03-26 00:00:00-04:00,5.342411317119533,5.342411317119533,5.307194232940674,5.307194232940674,2700,0.0,0.0
2007-03-27 00:00:00-04:00,5.3318453240334565,5.370583840664899,5.2825414826212125,5.317758560180664,5000,0.0,0.0
2007-03-28 00:00:00-04:00,5.3212804155718105,5.3459325061341,5.27902012070713,5.2860636711120605,24200,0.0,0.0
2007-03-29 00:00:00-04:00,5.289585363446214,5.335367096941161,5.247324733388633,5.314237117767334,11300,0.0,0.0
2007-03-30 00:00:00-04:00,5.282543430611252,5.352977275848389,5.282543430611252,5.352977275848389,3600,0.0,0.0
2007-04-02 00:00:00-04:00,5.3177572420465,5.352973975021694,5.293105159523519,5.3388872146606445,37000,0.0,0.0
2007-04-03 00:00:00-04:00,5.338887864786769,5.4128434496516995,5.317757889599588,5.3881916999816895,38900,0.0,0.0
2007-04-04 00:00:00-04:00,5.388191043851747,5.388191043851747,5.300148707631473,5.3388872146606445,8600,0.0,0.0
2007-04-05 00:00:00-04:00,5.335366763105448,5.345932087886249,5.28958503247508,5.317758560180664,5300,0.0,0.0
2007-04-09 00:00:00-04:00,5.303671137703326,5.349452862648393,5.300149363213736,5.328322887420654,5500,0.0,0.0
2007-04-10 00:00:00-04:00,5.314238932681029,5.345934248121286,5.282543617240772,5.34241247177124,12900,0.0,0.0
2007-04-11 00:00:00-04:00,5.303670260557204,5.3600172996521,5.303670260557204,5.3600172996521,7300,0.0,0.0
2007-04-12 00:00:00-04:00,5.352976175658853,5.35649795116065,5.28254234489788,5.345932960510254,9700,0.0,0.0
2007-04-13 00:00:00-04:00,5.34593380803514,5.352977024300344,5.282543182373047,5.282543182373047,6700,0.0,0.0
2007-04-16 00:00:00-04:00,5.279019915581368,5.3705840521577715,5.279019915581368,5.356497287750244,11700,0.0,0.0
2007-04-17 00:00:00-04:00,5.360018031723957,5.398756542428897,5.321279185164126,5.384669780731201,5700,0.0,0.0
2007-04-18 00:00:00-04:00,5.402279957774867,5.423409938812256,5.384671416340381,5.423409938812256,1300,0.0,0.0
2007-04-19 00:00:00-04:00,5.402280465052855,5.402280465052855,5.335368068489683,5.363541603088379,5500,0.0,0.0
2007-04-20 00:00:00-04:00,5.3529755126846235,5.3881925916309195,5.3529755126846235,5.356497287750244,11400,0.0,0.0
2007-04-23 00:00:00-04:00,5.3529759470131735,5.381149478114166,5.3529759470131735,5.370584487915039,2100,0.0,0.0
2007-04-24 00:00:00-04:00,5.36001833534303,5.3635397740757575,5.293105961597545,5.335366249084473,8500,0.0,0.0
2007-04-25 00:00:00-04:00,5.300152163135923,5.3529774649663,5.300152163135923,5.34241247177124,3000,0.0,0.0
2007-04-26 00:00:00-04:00,5.300151017617906,5.3564980836200755,5.2825424755284764,5.307194232940674,9400,0.0,0.0
2007-04-27 00:00:00-04:00,5.2825414826212125,5.317758560180664,5.229716202136977,5.317758560180664,23600,0.0,0.0
2007-04-30 00:00:00-04:00,5.352975197052242,5.352975197052242,5.300149917602539,5.300149917602539,5100,0.0,0.0
2007-05-01 00:00:00-04:00,5.300151834177634,5.3529771327293645,5.300151834177634,5.3494553565979,3600,0.0,0.0
2007-05-02 00:00:00-04:00,5.338888023672111,5.352974786167754,5.317758047856103,5.335366249084473,5700,0.0,0.0
2007-05-03 00:00:00-04:00,5.3424110998644805,5.374106407165527,5.3353675489731405,5.374106407165527,5300,0.0,0.0
2007-05-04 00:00:00-04:00,5.3529759470131735,5.370584487915039,5.335367406111308,5.370584487915039,3900,0.0,0.0
2007-05-07 00:00:00-04:00,5.370582285518681,5.370582285518681,5.335365218156949,5.3600172996521,3000,0.0,0.0
2007-05-08 00:00:00-04:00,5.352974786167754,5.370583323251034,5.317758047856103,5.335366249084473,2500,0.0,0.0
2007-05-09 00:00:00-04:00,5.3494553565979,5.3529771327293645,5.3353685879271024,5.3494553565979,7400,0.0,0.0
2007-05-10 00:00:00-04:00,5.349452862648393,5.349452862648393,5.264932290027637,5.328322887420654,22500,0.0,0.0
2007-05-11 00:00:00-04:00,5.407102888047915,5.407102888047915,5.360551631327243,5.374875068664551,18500,0.25,0.0
2007-05-14 00:00:00-04:00,5.371292990608865,5.374873934562031,5.328322687663707,5.34264612197876,5700,0.0,0.0
2007-05-15 00:00:00-04:00,5.310419730579107,5.349809100112549,5.206574718629394,5.321162223815918,12600,0.0,0.0
2007-05-16 00:00:00-04:00,5.317582738351536,5.442912763123804,5.317582738351536,5.353391170501709,14500,0.0,0.0
2007-05-17 00:00:00-04:00,5.3677146116613335,5.389199944149657,5.353391170501709,5.353391170501709,6200,0.0,0.0
2007-05-18 00:00:00-04:00,5.353389113874125,5.353389113874125,5.245963175698202,5.296095371246338,10900,0.0,0.0
2007-05-21 00:00:00-04:00,5.306838090478469,5.328323415635244,5.235220909118652,5.235220909118652,9900,0.0,0.0
2007-05-22 00:00:00-04:00,5.217317512635863,5.271030664911797,5.192251579805728,5.210155963897705,11300,0.0,0.0
2007-05-23 00:00:00-04:00,5.278191872128297,5.2996771999480226,5.24596405114756,5.267449378967285,12600,0.0,0.0
2007-05-24 00:00:00-04:00,5.231640951609901,5.238802841845781,5.174347195713749,5.210155963897705,6900,0.0,0.0
2007-05-25 00:00:00-04:00,5.210154729856349,5.210154729856349,5.1564415903025385,5.174345970153809,12400,0.0,0.0
2007-05-29 00:00:00-04:00,5.1958321826098235,5.1958321826098235,5.149280923636678,5.167185306549072,27600,0.0,0.0
2007-05-30 00:00:00-04:00,5.174349397212971,5.174349397212971,5.1027321718722325,5.124217510223389,17200,0.0,0.0
2007-05-31 00:00:00-04:00,5.120632171630859,5.163602469979805,5.102727795277739,5.120632171630859,8800,0.0,0.0
2007-06-01 00:00:00-04:00,5.109890531414492,5.17434581889822,5.102728643084283,5.11705207824707,21100,0.0,0.0
2007-06-04 00:00:00-04:00,5.106311422864269,5.145700798347204,5.102730477411887,5.10989236831665,13200,0.0,0.0
2007-06-05 00:00:00-04:00,5.120632171630859,5.142117150056545,5.120632171630859,5.120632171630859,6100,0.0,0.0
2007-06-06 00:00:00-04:00,5.131377155386375,5.131377155386375,5.031113077163612,5.081244945526123,34200,0.0,0.0
2007-06-07 00:00:00-04:00,5.07408302210436,5.102729899483397,5.063340528461651,5.08482551574707,6900,0.0,0.0
2007-06-08 00:00:00-04:00,5.113472393126107,5.138538666956051,5.049017089772132,5.08482551574707,10800,0.0,0.0
2007-06-11 00:00:00-04:00,5.106308738847877,5.149279037196823,5.084823418924617,5.120632171630859,2400,0.0,0.0
2007-06-12 00:00:00-04:00,5.102729000699249,5.124214325698003,5.034692764282227,5.034692764282227,7100,0.0,0.0
2007-06-13 00:00:00-04:00,5.066920239533876,5.08840556453263,5.013207439283472,5.034692764282227,8200,0.0,0.0
2007-06-14 00:00:00-04:00,5.045435771597174,5.066920757293701,5.0132079515546915,5.066920757293701,10000,0.0,0.0
2007-06-15 00:00:00-04:00,5.081244570700261,5.091987405840687,5.056178638368033,5.08482551574707,13600,0.0,0.0
2007-06-18 00:00:00-04:00,5.099149125250994,5.106311015584525,5.074083192079092,5.0955681800842285,8300,0.0,0.0
2007-06-19 00:00:00-04:00,5.066920083625423,5.106309787994848,5.045435100785413,5.102728843688965,13000,0.0,0.0
2007-06-20 00:00:00-04:00,5.102728843688965,5.1528610394783945,5.066920083625423,5.102728843688965,13200,0.0,0.0
2007-06-21 00:00:00-04:00,5.099146851707599,5.120632171630859,5.081242475354478,5.120632171630859,3000,0.0,0.0
2007-06-22 00:00:00-04:00,5.102730939248773,5.188671588897705,5.099149993472288,5.188671588897705,15800,0.0,0.0
2007-06-25 00:00:00-04:00,5.145700891884754,5.199414050153604,5.120634956257947,5.192252159118652,10000,0.0,0.0
2007-06-26 00:00:00-04:00,5.192250402350175,5.192250402350175,5.052596647899535,5.102728843688965,14500,0.0,0.0
2007-06-27 00:00:00-04:00,5.059758536511302,5.120633223720736,5.059758536511302,5.102728843688965,6800,0.0,0.0
2007-06-28 00:00:00-04:00,5.066920757293701,5.084825139705935,5.049016716379159,5.066920757293701,16100,0.0,0.0
2007-06-29 00:00:00-04:00,5.070502451090976,5.081244945526123,5.049017462220683,5.081244945526123,3400,0.0,0.0
2007-07-02 00:00:00-04:00,5.045436007565188,5.081244432566674,5.013208186015455,5.049016952514648,21900,0.0,0.0
2007-07-03 00:00:00-04:00,5.059759445865324,5.059759445865324,5.023950679366131,5.049016952514648,2600,0.0,0.0
2007-07-05 00:00:00-04:00,5.023951858255265,5.088407516479492,5.023951858255265,5.088407516479492,6100,0.0,0.0
2007-07-06 00:00:00-04:00,5.0597585646623155,5.102728872079053,5.038273240205123,5.077662944793701,3200,0.0,0.0
2007-07-09 00:00:00-04:00,5.0669211320107435,5.091987405840687,5.0669211320107435,5.08482551574707,21400,0.0,0.0
2007-07-10 00:00:00-04:00,5.124216291381349,5.124216291381349,5.04901813728568,5.088407516479492,7400,0.0,0.0
2007-07-11 00:00:00-04:00,5.084824967245433,5.099148404389878,5.04901654513316,5.056178092956543,8400,0.0,0.0
2007-07-12 00:00:00-04:00,5.066920757293701,5.084825139705935,5.059759209227423,5.066920757293701,5400,0.0,0.0
2007-07-13 00:00:00-04:00,5.077663967151168,5.091987405840687,5.077663967151168,5.08482551574707,13000,0.0,0.0
2007-07-16 00:00:00-04:00,5.084826570689749,5.091988462269235,5.034694695624495,5.088407516479492,7400,0.0,0.0
2007-07-17 00:00:00-04:00,5.052598947803773,5.088407724167195,5.049018343365671,5.074084281921387,4000,0.0,0.0
2007-07-18 00:00:00-04:00,5.08840608448792,5.08840608448792,5.031112333966925,5.066920757293701,14300,0.0,0.0
2007-07-19 00:00:00-04:00,5.081244878688155,5.088406769215873,5.052597999572754,5.052597999572754,1400,0.0,0.0
2007-07-20 00:00:00-04:00,5.0740829866668875,5.0740829866668875,5.0311126708984375,5.0311126708984375,4300,0.0,0.0
2007-07-23 00:00:00-04:00,5.041854826815189,5.074082646857671,5.016788896336676,5.066920757293701,3700,0.0,0.0
2007-07-24 00:00:00-04:00,5.023950780854839,5.0740829866668875,5.0203701773307525,5.0311126708984375,5900,0.0,0.0
2007-07-25 00:00:00-04:00,5.031112294717624,5.049016676990179,5.013207912445068,5.013207912445068,4100,0.0,0.0
2007-07-26 00:00:00-04:00,5.013208186015455,5.049016952514648,5.013208186015455,5.049016952514648,14500,0.0,0.0
2007-07-27 00:00:00-04:00,5.020370037850462,5.041855024388916,4.952333450317383,4.952333450317383,7200,0.0,0.0
2007-07-30 00:00:00-04:00,4.930847593896776,4.938009140980279,4.855649471282959,4.855649471282959,11200,0.0,0.0
2007-07-31 00:00:00-04:00,4.852069683206552,4.963076250685256,4.837746244128728,4.941591262817383,11800,0.0,0.0
2007-08-01 00:00:00-04:00,4.941591610289802,4.941591610289802,4.8341656389035075,4.862812519073486,9300,0.0,0.0
2007-08-02 00:00:00-04:00,4.8699721666639215,4.8699721666639215,4.784031224242254,4.794774055480957,8700,0.0,0.0
2007-08-03 00:00:00-04:00,4.7446434804816375,4.7589669188382775,4.52621096016845,4.658702850341797,19000,0.0,0.0
2007-08-06 00:00:00-04:00,4.673026737354374,4.673026737354374,4.583505153656006,4.583505153656006,13100,0.0,0.0
2007-08-07 00:00:00-04:00,4.565598786825105,4.7267374992370605,4.565598786825105,4.7267374992370605,18100,0.0,0.0
2007-08-08 00:00:00-04:00,4.726738300968417,4.844906732880304,4.726738300968417,4.816259860992432,7300,0.0,0.0
2007-08-09 00:00:00-04:00,4.780451846239547,4.862811524509224,4.780451846239547,4.809098720550537,5700,0.0,0.0
2007-08-10 00:00:00-04:00,4.809098914102472,4.844907337683552,4.615732333972019,4.673026084899902,18300,0.0,0.0
2007-08-13 00:00:00-04:00,4.746043966170637,4.8957268355507235,4.746043966170637,4.873822212219238,16000,0.25,0.0
2007-08-14 00:00:00-04:00,4.819058144214148,4.910328186143081,4.819058144214148,4.892074108123779,6700,0.0,0.0
2007-08-15 00:00:00-04:00,4.881123441044166,4.910329836423805,4.855567932128906,4.855567932128906,17200,0.0,0.0
2007-08-16 00:00:00-04:00,4.848266082064792,4.848266082064792,4.808107376098633,4.808107376098633,11000,0.0,0.0
2007-08-17 00:00:00-04:00,4.559852793632971,4.899377578848853,4.110804198627954,4.694932460784912,17900,0.0,0.0
2007-08-20 00:00:00-04:00,4.669374465942383,4.702231730655301,4.585406210047161,4.669374465942383,11900,0.0,0.0
2007-08-21 00:00:00-04:00,4.636518399724333,4.760645721539944,4.636518399724333,4.72778844833374,6600,0.0,0.0
2007-08-22 00:00:00-04:00,4.731438159942627,4.7825494998232285,4.709533200517363,4.731438159942627,6100,0.0,0.0
2007-08-23 00:00:00-04:00,4.71318525448294,4.756994836035342,4.709534368978338,4.72778844833374,9700,0.0,0.0
2007-08-24 00:00:00-04:00,4.727789742988733,4.727789742988733,4.673027838094165,4.694932460784912,9800,0.0,0.0
2007-08-27 00:00:00-04:00,4.497788526187763,4.764297287222689,4.497788526187763,4.7460432052612305,14200,0.0,0.0
2007-08-28 00:00:00-04:00,4.782550135101926,4.819057941436768,4.764296057850722,4.819057941436768,6000,0.0,0.0
2007-08-29 00:00:00-04:00,4.819057941436768,4.822708826520521,4.7022324040971695,4.819057941436768,13200,0.0,0.0
2007-08-30 00:00:00-04:00,4.782550353402713,4.819058161403964,4.782550353402713,4.8154072761535645,6600,0.0,0.0
2007-08-31 00:00:00-04:00,4.8190581982787934,4.855566354726981,4.8190581982787934,4.822709083557129,4800,0.0,0.0
2007-09-04 00:00:00-04:00,4.822710844166256,4.873822212219238,4.786202674390167,4.873822212219238,13400,0.0,0.0
2007-09-05 00:00:00-04:00,4.840962688247302,4.844613573168514,4.691279888153076,4.691279888153076,10000,0.0,0.0
2007-09-06 00:00:00-04:00,4.691279307834133,4.746041182207993,4.673025233653679,4.720485687255859,3200,0.0,0.0
2007-09-07 00:00:00-04:00,4.691280508948792,4.778899669647217,4.691280508948792,4.778899669647217,4500,0.0,0.0
2007-09-10 00:00:00-04:00,4.764297911696912,4.767948798201269,4.691281922448255,4.694932460784912,6700,0.0,0.0
2007-09-11 00:00:00-04:00,4.683979014247723,4.705883979797363,4.618264465766416,4.705883979797363,10400,0.0,0.0
2007-09-12 00:00:00-04:00,4.724138237273949,4.7460432052612305,4.67302722558305,4.7460432052612305,7400,0.0,0.0
2007-09-13 00:00:00-04:00,4.746041027580041,4.797152363986586,4.683977386289057,4.7642951011657715,11600,0.0,0.0
2007-09-14 00:00:00-04:00,4.746040383930808,4.760643571185436,4.727786312820661,4.753342151641846,2600,0.0,0.0
2007-09-17 00:00:00-04:00,4.7862016485820105,4.7862016485820105,4.713185672846775,4.742392063140869,4500,0.0,0.0
2007-09-18 00:00:00-04:00,4.782551369184148,4.782551369184148,4.713185927364136,4.7460432052612305,8400,0.0,0.0
2007-09-19 00:00:00-04:00,4.746041780074139,4.8008036613464355,4.738740010215139,4.8008036613464355,10700,0.0,0.0
2007-09-20 00:00:00-04:00,4.79350266098633,4.8154072761535645,4.7679471605686965,4.8154072761535645,10200,0.0,0.0
2007-09-21 00:00:00-04:00,4.78255018664287,4.797153378967696,4.749692916870117,4.749692916870117,600,0.0,0.0
2007-09-24 00:00:00-04:00,4.731439333838342,4.760645721539944,4.709534368978338,4.72778844833374,7900,0.0,0.0
2007-09-25 00:00:00-04:00,4.709535841579303,4.800805918727488,4.709535841579303,4.797155380249023,19700,0.0,0.0
2007-09-26 00:00:00-04:00,4.800805958447319,4.837314128875732,4.800805958447319,4.837314128875732,4700,0.0,0.0
2007-09-27 00:00:00-04:00,4.8227094842562925,4.866519066733526,4.764296707619981,4.859217643737793,25000,0.0,0.0
2007-09-28 00:00:00-04:00,4.840962551269222,5.125724951882841,4.81905759052931,5.081915378570557,30100,0.0,0.0
2007-10-01 00:00:00-04:00,5.100169712533856,5.111122019374171,5.030804290154232,5.085566520690918,8100,0.0,0.0
2007-10-02 00:00:00-04:00,5.067313996095013,5.107472698922856,5.067313996095013,5.089218616485596,3300,0.0,0.0
2007-10-03 00:00:00-04:00,5.085566867880542,5.085566867880542,4.946836361817774,4.976042747497559,14300,0.0,0.0
2007-10-04 00:00:00-04:00,5.034454913431991,5.0709630652251745,4.98334357055504,5.027153491973877,5600,0.0,0.0
2007-10-05 00:00:00-04:00,4.983344390286888,5.019852548085457,4.895725229371437,4.9723920822143555,8900,0.0,0.0
2007-10-08 00:00:00-04:00,4.939534535914194,4.965090384223067,4.928582228449007,4.93588399887085,3300,0.0,0.0
2007-10-09 00:00:00-04:00,4.932231594833236,4.943183898925781,4.921278942573221,4.943183898925781,1500,0.0,0.0
2007-10-10 00:00:00-04:00,4.94318740531687,4.94318740531687,4.837314128875732,4.837314128875732,16600,0.0,0.0
2007-10-11 00:00:00-04:00,4.859219013942345,4.873822212219238,4.8373140424431496,4.873822212219238,3300,0.0,0.0
2007-10-12 00:00:00-04:00,4.840964223897151,4.892075236337358,4.837313337817805,4.848265647888184,5900,0.0,0.0
2007-10-15 00:00:00-04:00,4.840964734439086,4.866520243354347,4.840964734439086,4.855567932128906,5700,0.0,0.0
2007-10-16 00:00:00-04:00,4.855565890786282,4.855565890786282,4.8008036613464355,4.8008036613464355,29200,0.0,0.0
2007-10-17 00:00:00-04:00,4.833661299332464,4.851915377209531,4.830010414123535,4.830010414123535,31600,0.0,0.0
2007-10-18 00:00:00-04:00,4.7935028613139545,4.8336615562438965,4.7935028613139545,4.8336615562438965,7400,0.0,0.0
2007-10-19 00:00:00-04:00,4.815407644707544,4.822709415767194,4.789852142333984,4.789852142333984,8000,0.0,0.0
2007-10-22 00:00:00-04:00,4.778899577713013,4.789851885547722,4.775248692378914,4.786201000213623,4400,0.0,0.0
2007-10-23 00:00:00-04:00,4.811757163755045,4.811757163755045,4.775249004364014,4.775249004364014,6500,0.0,0.0
2007-10-24 00:00:00-04:00,4.778900646684833,4.778900646684833,4.756995677947998,4.756995677947998,2900,0.0,0.0
2007-10-25 00:00:00-04:00,4.749694091287053,4.778900483158325,4.742392319235408,4.7460432052612305,20200,0.0,0.0
2007-10-26 00:00:00-04:00,4.742391218619655,4.742391218619655,4.709533948348087,4.713184833526611,2300,0.0,0.0
2007-10-29 00:00:00-04:00,4.716837312068933,4.76064690450753,4.709535539245321,4.7241387367248535,9700,0.0,0.0
2007-10-30 00:00:00-04:00,4.71318457638559,4.742390959885198,4.70953369140625,4.70953369140625,6900,0.0,0.0
2007-10-31 00:00:00-04:00,4.709533200517363,4.746041350170296,4.691279473858415,4.731438159942627,10300,0.0,0.0
2007-11-01 00:00:00-04:00,4.738739490509033,4.742390375038133,4.727787185089243,4.738739490509033,11000,0.0,0.0
2007-11-02 00:00:00-04:00,4.709533047154542,4.709533047154542,4.691279321090015,4.698580741882324,2000,0.0,0.0
2007-11-05 00:00:00-05:00,4.698582429304479,4.7241379335066815,4.563502788543701,4.563502788543701,25200,0.0,0.0
2007-11-06 00:00:00-05:00,4.563502536588171,4.563502536588171,4.4722324858564075,4.50508975982666,12500,0.0,0.0
2007-11-07 00:00:00-05:00,4.490485693607249,4.490485693607249,4.380961584364624,4.391913890838623,16000,0.0,0.0
2007-11-08 00:00:00-05:00,4.329850412699099,4.384612643581583,4.238580376062518,4.271437644958496,22700,0.0,0.0
2007-11-09 00:00:00-05:00,4.256835385882534,4.256835385882534,3.804135988519027,4.01588249206543,103000,0.0,0.0
2007-11-12 00:00:00-05:00,4.034136216683009,4.143660344607466,4.034136216683009,4.125406265258789,20100,0.0,0.0
2007-11-13 00:00:00-05:00,4.106739216870356,4.2187412667212145,4.106739216870356,4.215007781982422,13800,0.25,0.0
2007-11-14 00:00:00-05:00,4.218740463256836,4.244874139361788,4.1814063350686475,4.218740463256836,20800,0.0,0.0
2007-11-15 00:00:00-05:00,4.181408485454184,4.573415608850317,4.181408485454184,4.55474853515625,34100,0.0,0.0
2007-11-16 00:00:00-05:00,4.554745788486771,4.573412850923952,4.480077894782647,4.483811378479004,13700,0.0,0.0
2007-11-19 00:00:00-05:00,4.42034610632948,4.517414601647987,4.42034610632948,4.476346969604492,11100,0.0,0.0
2007-11-20 00:00:00-05:00,4.4763442184120485,4.4763442184120485,4.3494086265563965,4.3494086265563965,8300,0.0,0.0
2007-11-21 00:00:00-05:00,4.368077104883613,4.397944270766482,4.338209939000745,4.390477657318115,15600,0.0,0.0
2007-11-23 00:00:00-05:00,4.401678711491467,4.420345783233643,4.386745125306682,4.420345783233643,7100,0.0,0.0
2007-11-26 00:00:00-05:00,4.416612297676251,4.424079268791034,4.386745125306682,4.420345783233643,19100,0.0,0.0
2007-11-27 00:00:00-05:00,4.502480044768364,4.502480044768364,4.390477986293034,4.401678085327148,10100,0.0,0.0
2007-11-28 00:00:00-05:00,4.401676619651619,4.401676619651619,4.3270087242126465,4.3270087242126465,4400,0.0,0.0
2007-11-29 00:00:00-05:00,4.297141016561019,4.431543211165142,4.136604794861559,4.151538372039795,17500,0.0,0.0
2007-11-30 00:00:00-05:00,4.050737906988312,4.200073719024658,4.050737906988312,4.200073719024658,21700,0.0,0.0
2007-12-03 00:00:00-05:00,4.203807086527774,4.401677120988987,4.203807086527774,4.371809959411621,16600,0.0,0.0
2007-12-04 00:00:00-05:00,4.356877034238906,4.536080030669287,4.356877034238906,4.5248799324035645,14000,0.0,0.0
2007-12-05 00:00:00-05:00,4.51367968062055,4.536079876390129,4.4800790309214875,4.5062127113342285,7300,0.0,0.0
2007-12-06 00:00:00-05:00,4.461411318249571,4.517412511660353,4.461411318249571,4.513679027557373,10700,0.0,0.0
2007-12-07 00:00:00-05:00,4.49874752854138,4.517414601647987,4.446479795051845,4.476346969604492,7600,0.0,0.0
2007-12-10 00:00:00-05:00,4.431545581899638,4.4800798227043055,4.3531441707605225,4.383011341094971,23800,0.0,0.0
2007-12-11 00:00:00-05:00,4.435277704948991,4.435277704948991,4.207540512084961,4.207540512084961,26100,0.0,0.0
2007-12-12 00:00:00-05:00,4.2187406493723225,4.285941584613236,4.2187406493723225,4.241140842437744,17200,0.0,0.0
2007-12-13 00:00:00-05:00,4.2262072207771215,4.256074381938154,4.200073543772381,4.207540512084961,12700,0.0,0.0
2007-12-14 00:00:00-05:00,4.144073494420682,4.211274441802214,4.144073494420682,4.188874244689941,9300,0.0,0.0
2007-12-17 00:00:00-05:00,4.1627403825508775,4.248608757895286,4.1627403825508775,4.181407451629639,15000,0.0,0.0
2007-12-18 00:00:00-05:00,4.215006669963214,4.2560739231213045,4.181406028268135,4.1963396072387695,19100,0.0,0.0
2007-12-19 00:00:00-05:00,4.11047223180285,4.215007300228293,4.11047223180285,4.200073719024658,28900,0.0,0.0
2007-12-20 00:00:00-05:00,4.211273815916218,4.211273815916218,4.177673169196876,4.200073719024658,19400,0.0,0.0
2007-12-21 00:00:00-05:00,4.285941395533089,4.285941395533089,4.196339915134996,4.218740463256836,21000,0.0,0.0
2007-12-24 00:00:00-05:00,4.140339867430083,4.237408334370475,4.140339867430083,4.215007781982422,3400,0.0,0.0
2007-12-26 00:00:00-05:00,4.237407521248282,4.2523411012931245,4.16647274900181,4.2038068771362305,39400,0.0,0.0
2007-12-27 00:00:00-05:00,4.1739387980397,4.2486066818237305,4.1739387980397,4.2486066818237305,16300,0.0,0.0
2007-12-28 00:00:00-05:00,4.114206513352759,4.2710089683532715,4.114206513352759,4.2710089683532715,24500,0.0,0.0
2007-12-31 00:00:00-05:00,4.229940141216977,4.4203435352773255,4.211273078967896,4.394209861755371,31800,0.0,0.0
2008-01-02 00:00:00-05:00,4.368076475203288,4.424077670194337,4.312075636256888,4.371809959411621,10700,0.0,0.0
2008-01-03 00:00:00-05:00,4.371810749861376,4.371810749861376,4.29340934753418,4.29340934753418,20100,0.0,0.0
2008-01-04 00:00:00-05:00,4.203806321330919,4.368075680105342,4.203806321330919,4.334475040435791,7200,0.0,0.0
2008-01-07 00:00:00-05:00,4.356877982236394,4.368078082939107,4.319543838500977,4.319543838500977,5500,0.0,0.0
2008-01-08 00:00:00-05:00,4.323276679998889,4.401678085327148,4.323276679998889,4.401678085327148,3300,0.0,0.0
2008-01-09 00:00:00-05:00,4.472611031307491,4.472611031307491,4.323275240429545,4.3270087242126465,4800,0.0,0.0
2008-01-10 00:00:00-05:00,4.218741256758523,4.3382099197601365,4.218741256758523,4.300876140594482,9200,0.0,0.0
2008-01-11 00:00:00-05:00,4.338208826544103,4.341942310333252,4.3008750567864515,4.341942310333252,5300,0.0,0.0
2008-01-14 00:00:00-05:00,4.364344597356609,4.364344597356609,4.282210050810341,4.319543838500977,11500,0.0,0.0
2008-01-15 00:00:00-05:00,4.3046087874501,4.3046087874501,4.196340234712584,4.200073719024658,18200,0.0,0.0
2008-01-16 00:00:00-05:00,4.177673024639849,4.229940735066318,4.177673024639849,4.211273670196533,5700,0.0,0.0
2008-01-17 00:00:00-05:00,4.207539434753652,4.289673928893809,4.207539434753652,4.2486066818237305,5300,0.0,0.0
2008-01-18 00:00:00-05:00,4.364344260796686,4.364344260796686,4.196341339032551,4.233675479888916,6500,0.0,0.0
2008-01-22 00:00:00-05:00,4.237408160141014,4.237408160141014,4.106739048013615,4.121672630310059,18400,0.0,0.0
2008-01-23 00:00:00-05:00,4.054471196675165,4.200073886240934,4.054471196675165,4.1627397537231445,15400,0.0,0.0
2008-01-24 00:00:00-05:00,4.181407125008146,4.211274290783264,4.140339861078535,4.185140609741211,6700,0.0,0.0
2008-01-25 00:00:00-05:00,4.215007300228293,4.252341431259709,4.200073719024658,4.200073719024658,6000,0.0,0.0
2008-01-28 00:00:00-05:00,4.241140801357638,4.241140801357638,4.159006286187123,4.207540512084961,6100,0.0,0.0
2008-01-29 00:00:00-05:00,4.237408157329259,4.237408157329259,4.215007605877114,4.222474575042725,4100,0.0,0.0
2008-01-30 00:00:00-05:00,4.218742044658928,4.267276287078857,4.218742044658928,4.267276287078857,9000,0.0,0.0
2008-01-31 00:00:00-05:00,4.25607442855835,4.25607442855835,4.2523413004058135,4.25607442855835,800,0.0,0.0
2008-02-01 00:00:00-05:00,4.278474503166161,4.3270087242126465,4.256073956512164,4.3270087242126465,10700,0.0,0.0
2008-02-04 00:00:00-05:00,4.196338853028986,4.327007912570281,4.196338853028986,4.315807819366455,14700,0.0,0.0
2008-02-05 00:00:00-05:00,4.338208826544103,4.349408921866938,4.278474510096172,4.341942310333252,11700,0.0,0.0
2008-02-06 00:00:00-05:00,4.349410830673262,4.364344416339081,4.282209873199463,4.282209873199463,6000,0.0,0.0
2008-02-07 00:00:00-05:00,4.256072650289091,4.289673281935476,4.229938983917236,4.229938983917236,8500,0.0,0.0
2008-02-08 00:00:00-05:00,4.252341601116869,4.271008311333547,4.218740953055368,4.2635416984558105,9000,0.0,0.0
2008-02-11 00:00:00-05:00,4.237408819771546,4.308343257710731,4.237408819771546,4.274742603302002,7700,0.0,0.0
2008-02-12 00:00:00-05:00,4.341942310333252,4.345675794122401,4.289674605419006,4.341942310333252,5400,0.0,0.0
2008-02-13 00:00:00-05:00,4.345757335402063,4.345757335402063,4.235110327192978,4.341941833496094,8300,0.25,0.0
2008-02-14 00:00:00-05:00,4.330496636826884,4.330496636826884,4.24274189316752,4.311419486999512,14600,0.0,0.0
2008-02-15 00:00:00-05:00,4.292342959673946,4.3304972648620605,4.292342959673946,4.3304972648620605,11200,0.0,0.0
2008-02-19 00:00:00-05:00,4.284710377572417,4.322864668730938,4.284710377572417,4.296156883239746,3300,0.0,0.0
2008-02-20 00:00:00-05:00,4.307603192918736,4.307603192918736,4.258002758026123,4.258002758026123,17100,0.0,0.0
2008-02-21 00:00:00-05:00,4.254187267496452,4.2885260581970215,4.235110484988404,4.2885260581970215,18100,0.0,0.0
2008-02-22 00:00:00-05:00,4.273264736344849,4.292341884158821,4.258003090866938,4.269449234008789,15500,0.0,0.0
2008-02-25 00:00:00-05:00,4.307603529636733,4.307603529636733,4.231295302247176,4.269449234008789,9200,0.0,0.0
2008-02-26 00:00:00-05:00,4.280895256549723,4.299972402204742,4.254187107086182,4.254187107086182,9000,0.0,0.0
2008-02-27 00:00:00-05:00,4.254187255988314,4.277079904348867,4.254187255988314,4.258002758026123,7200,0.0,0.0
2008-02-28 00:00:00-05:00,4.269450152871139,4.284711801633631,4.2541885041086465,4.265635013580322,11100,0.0,0.0
2008-02-29 00:00:00-05:00,4.254189593896263,4.315236568450928,4.246558949493494,4.315236568450928,6700,0.0,0.0
2008-03-03 00:00:00-05:00,4.29997255270942,4.29997255270942,4.258002758026123,4.258002758026123,3300,0.0,0.0
2008-03-04 00:00:00-05:00,4.273265029730923,4.273265029730923,4.258003383205205,4.261818885803223,4400,0.0,0.0
2008-03-05 00:00:00-05:00,4.261818885803223,4.261818885803223,4.246557239277505,4.261818885803223,5300,0.0,0.0
2008-03-06 00:00:00-05:00,4.223665384368314,4.235111894321801,4.196957588876356,4.21221923828125,9500,0.0,0.0
2008-03-07 00:00:00-05:00,4.216033931935413,4.227480075824315,4.200772285461426,4.200772285461426,6500,0.0,0.0
2008-03-10 00:00:00-04:00,4.200773421844593,4.227481219432411,4.177880764007568,4.177880764007568,9200,0.0,0.0
2008-03-11 00:00:00-04:00,4.151172637939453,4.177880433413897,4.1397264918598955,4.151172637939453,4600,0.0,0.0
2008-03-12 00:00:00-04:00,4.101572516263762,4.151172971752322,4.025264263153076,4.025264263153076,16400,0.0,0.0
2008-03-13 00:00:00-04:00,3.98710794200129,3.98710794200129,3.872645438181877,3.8802764415740967,14600,0.0,0.0
2008-03-14 00:00:00-04:00,3.8879100116256096,3.906987170619364,3.7391089719807185,3.7772629261016846,40100,0.0,0.0
2008-03-17 00:00:00-04:00,3.7772602926559116,3.834491729736328,3.7772602926559116,3.834491729736328,10500,0.0,0.0
2008-03-18 00:00:00-04:00,3.853569269180298,3.89172320059945,3.8344921215375583,3.853569269180298,13900,0.0,0.0
2008-03-19 00:00:00-04:00,3.9680324102976936,3.9680324102976936,3.8497547205713754,3.8688318729400635,6300,0.0,0.0
2008-03-20 00:00:00-04:00,3.8535701669637152,3.8612008094787598,3.8535701669637152,3.8612008094787598,1800,0.0,0.0
2008-03-24 00:00:00-04:00,3.887907638797665,3.887907638797665,3.834492062855051,3.845938205718994,27200,0.0,0.0
2008-03-25 00:00:00-04:00,3.8535709802109994,3.857386120340453,3.7772623557581175,3.796339511871338,22900,0.0,0.0
2008-03-26 00:00:00-04:00,3.7772615502414126,3.7925231991040813,3.739107610017946,3.7543692588806152,11100,0.0,0.0
2008-03-27 00:00:00-04:00,3.7467382525160753,3.761999901378744,3.739107610017946,3.7543692588806152,7900,0.0,0.0
2008-03-28 00:00:00-04:00,3.796340085095439,3.796340085095439,3.727662822131083,3.7772629261016846,7100,0.0,0.0
2008-03-31 00:00:00-04:00,3.704768341679613,3.8077843675384897,3.704768341679613,3.7696304321289062,2800,0.0,0.0
2008-04-01 00:00:00-04:00,3.7581854746997814,3.8154165778204967,3.7543699707940057,3.784893274307251,8800,0.0,0.0
2008-04-02 00:00:00-04:00,3.7581868877597664,3.8077870017183324,3.7543713824193796,3.800156354904175,12800,0.0,0.0
2008-04-03 00:00:00-04:00,3.765814601494475,3.784891749471178,3.765814601494475,3.7734456062316895,400,0.0,0.0
2008-04-04 00:00:00-04:00,3.7810767197544393,3.796338367270311,3.7391072800523864,3.742922782897949,9000,0.0,0.0
2008-04-07 00:00:00-04:00,3.7009523556860193,3.7543682949236974,3.689506212944487,3.7238450050354004,15200,0.0,0.0
2008-04-08 00:00:00-04:00,3.7200304579730075,3.7581847620628848,3.716214954790738,3.7543692588806152,6900,0.0,0.0
2008-04-09 00:00:00-04:00,3.777260500605076,3.777260500605076,3.720029424240212,3.758183717727661,4900,0.0,0.0
2008-04-10 00:00:00-04:00,3.4567661869639443,3.781076247102571,3.4567661869639443,3.7734456062316895,12200,0.0,0.0
2008-04-11 00:00:00-04:00,3.761999901378744,3.7963387022863513,3.716214954790738,3.7543692588806152,8800,0.0,0.0
2008-04-14 00:00:00-04:00,3.72384551406241,3.7505533053988827,3.7123990058898926,3.7123990058898926,10600,0.0,0.0
2008-04-15 00:00:00-04:00,3.7543682156056546,3.758183717727661,3.7391065709839366,3.758183717727661,13700,0.0,0.0
2008-04-16 00:00:00-04:00,3.7543682156056546,3.792522145226794,3.73529106886193,3.758183717727661,11700,0.0,0.0
2008-04-17 00:00:00-04:00,3.811601126065514,3.834493785946908,3.807785622107534,3.823047637939453,25400,0.0,0.0
2008-04-18 00:00:00-04:00,3.803969773206373,3.868831872940064,3.7391076734726822,3.8688318729400635,10100,0.0,0.0
2008-04-21 00:00:00-04:00,3.7200299978256224,3.84975417904534,3.7200299978256224,3.815415382385254,6700,0.0,0.0
2008-04-22 00:00:00-04:00,3.7620012716799893,3.815417244089194,3.758186130974473,3.7772629261016846,8700,0.0,0.0
2008-04-23 00:00:00-04:00,4.040524964312083,4.040524964312083,3.83449254739455,3.8917236328125,27700,0.0,0.0
2008-04-24 00:00:00-04:00,3.8726460529567106,3.8726460529567106,3.8459382645766715,3.853569269180298,2100,0.0,0.0
2008-04-25 00:00:00-04:00,3.891722996043257,3.8955384981445205,3.849753564528283,3.857384204864502,3200,0.0,0.0
2008-04-28 00:00:00-04:00,3.8993538131595096,3.90698445312962,3.849753379821778,3.8497533798217773,10400,0.0,0.0
2008-04-29 00:00:00-04:00,3.914617496171785,3.914617496171785,3.7848932743072514,3.784893274307251,7100,0.0,0.0
2008-04-30 00:00:00-04:00,3.8077835802189512,3.834491729736328,3.7848912964798163,3.834491729736328,9600,0.0,0.0
2008-05-01 00:00:00-04:00,3.849753707962415,3.849753707962415,3.8154149155042654,3.845938205718994,3000,0.0,0.0
2008-05-02 00:00:00-04:00,3.7963386488041766,3.8268619460995073,3.792523145675659,3.792523145675659,1800,0.0,0.0
2008-05-05 00:00:00-04:00,3.8154161886362115,3.8154161886362115,3.7887083917530195,3.811600685119629,10200,0.0,0.0
2008-05-06 00:00:00-04:00,3.784892888236437,3.8154161886362115,3.784892888236437,3.811600685119629,3700,0.0,0.0
2008-05-07 00:00:00-04:00,3.7772595699027387,3.8115983528072364,3.765813430223313,3.8039677143096924,15600,0.0,0.0
2008-05-08 00:00:00-04:00,3.7810778597540593,3.8154166679845587,3.7810778597540593,3.796339511871338,6300,0.0,0.0
2008-05-09 00:00:00-04:00,3.811599708673804,3.811599708673804,3.720029830932617,3.720029830932617,19200,0.0,0.0
2008-05-12 00:00:00-04:00,3.6284588565297318,3.723844207980884,3.25454808963077,3.28507137298584,99100,0.0,0.0
2008-05-13 00:00:00-04:00,3.2850733416159232,3.2965198526332493,3.037071424770508,3.185872793197632,86400,0.0,0.0
2008-05-14 00:00:00-04:00,3.1858723239115396,3.3194116579782533,3.1858723239115396,3.2621805667877197,32400,0.0,0.0
2008-05-15 00:00:00-04:00,3.2850732456342513,3.4529517636521345,3.2850732456342513,3.2965197563171387,40000,0.0,0.0
2008-05-16 00:00:00-04:00,3.3194116726585388,3.414797067642212,3.3194116726585388,3.414797067642212,26300,0.0,0.0
2008-05-19 00:00:00-04:00,3.414796125276702,3.4987353515806072,3.3957189787713182,3.445319414138794,25400,0.0,0.0
2008-05-20 00:00:00-04:00,3.4338739522609183,3.4834743974575413,3.4262429466000333,3.4567666053771973,24800,0.0,0.0
2008-05-21 00:00:00-04:00,3.433873513971382,3.5864899690458,3.433873513971382,3.4605813026428223,50900,0.0,0.0
2008-05-22 00:00:00-04:00,3.4949200960011493,3.5101817415085907,3.433873513971382,3.4605813026428223,41800,0.0,0.0
2008-05-23 00:00:00-04:00,3.4605813026428223,3.4796584504937074,3.433873513971382,3.4605813026428223,22500,0.0,0.0
2008-05-27 00:00:00-04:00,3.4720283413874338,3.483474486304321,3.4338740398426277,3.4376895427703857,15000,0.0,0.0
2008-05-28 00:00:00-04:00,3.4338734199889926,3.4758428530192047,3.414796272660234,3.4491350650787354,34700,0.0,0.0
2008-05-29 00:00:00-04:00,3.460582013570406,3.4872901715949904,3.395719915872196,3.414797067642212,60000,0.0,0.0
2008-05-30 00:00:00-04:00,3.525442810371618,3.525442810371618,3.4338729523047307,3.4643962383270264,33900,0.0,0.0
2008-06-02 00:00:00-04:00,3.4911043474319317,3.4911043474319317,3.4071654849943314,3.445319414138794,10000,0.0,0.0
2008-06-03 00:00:00-04:00,3.4376894550913613,3.4834743974575413,3.4262429466000333,3.4567666053771973,20600,0.0,0.0
2008-06-04 00:00:00-04:00,3.433874367884762,3.437689871177019,3.4147972152898958,3.4186127185821533,18900,0.0,0.0
2008-06-05 00:00:00-04:00,3.414797158349485,3.4453204564457387,3.3804583570245965,3.4109816551208496,11600,0.0,0.0
2008-06-06 00:00:00-04:00,3.3919039669534508,3.4300578975196165,3.3880884647369385,3.3880884647369385,9900,0.0,0.0
2008-06-09 00:00:00-04:00,3.3651971828178113,3.3804588340194113,3.349935531616211,3.349935531616211,11100,0.0,0.0
2008-06-10 00:00:00-04:00,3.3384889110599634,3.3842738581762446,3.3384889110599634,3.380458354949951,14500,0.0,0.0
2008-06-11 00:00:00-04:00,3.43387354580837,3.468212339485067,3.3766424655914307,3.3766424655914307,15100,0.0,0.0
2008-06-12 00:00:00-04:00,3.403906263261162,3.46232593152102,3.349381685256958,3.349381685256958,15800,0.18,0.0
2008-06-13 00:00:00-04:00,3.3727485507132693,3.4817980553574173,3.32601304872292,3.380537986755371,28500,0.0,0.0
2008-06-16 00:00:00-04:00,3.3649602703422645,3.4078010642962004,3.302645881744486,3.4039063453674316,19600,0.0,0.0
2008-06-17 00:00:00-04:00,3.4000101868975148,3.454535114552274,3.368853191500705,3.388326406478882,46800,0.0,0.0
2008-06-18 00:00:00-04:00,3.411693960775301,3.5012702197623313,3.353274322312739,3.407799243927002,36800,0.0,0.0
2008-06-19 00:00:00-04:00,3.3766421170509253,3.4467455318364038,3.357168905008223,3.427272319793701,29300,0.0,0.0
2008-06-20 00:00:00-04:00,3.3338014809125265,3.411693960775301,3.3338014809125265,3.407799243927002,16100,0.0,0.0
2008-06-23 00:00:00-04:00,3.3883277593426993,3.4078009820959854,3.349381685256958,3.349381685256958,10000,0.0,0.0
2008-06-24 00:00:00-04:00,3.3688524523240315,3.45842907300092,3.329906402333707,3.357168674468994,8500,0.0,0.0
2008-06-25 00:00:00-04:00,3.400010971325215,3.400010971325215,3.3299079012190242,3.3454864025115967,11900,0.0,0.0
2008-06-26 00:00:00-04:00,3.329908609390259,3.4078011324185122,3.2948568811723327,3.329908609390259,12800,0.0,0.0
2008-06-27 00:00:00-04:00,3.3299071996125233,3.3610641956329346,3.3065392668868694,3.3610641956329346,13800,0.0,0.0
2008-06-30 00:00:00-04:00,3.4506400149963676,3.4506400149963676,3.3649584728576363,3.407799243927002,13700,0.0,0.0
2008-07-01 00:00:00-04:00,3.4078009541327363,3.4078009541327363,3.3182246501918162,3.3221189975738525,17900,0.0,0.0
2008-07-02 00:00:00-04:00,3.3221177849351484,3.3221177849351484,3.2792770080038514,3.2909607887268066,7700,0.0,0.0
2008-07-03 00:00:00-04:00,3.3026439279089437,3.3026439279089437,3.2792763710021973,3.2792763710021973,13100,0.0,0.0
2008-07-07 00:00:00-04:00,3.279277625927483,3.3065399098917188,3.2714881896972656,3.2714881896972656,3100,0.0,0.0
2008-07-08 00:00:00-04:00,3.2714873912310525,3.2714873912310525,3.2325413338477493,3.248119831085205,11900,0.0,0.0
2008-07-09 00:00:00-04:00,3.236437701199075,3.236437701199075,3.185807466506958,3.185807466506958,7100,0.0,0.0
2008-07-10 00:00:00-04:00,3.1858058585482714,3.2286466333168167,3.1741217069944803,3.178016424179077,8600,0.0,0.0
2008-07-11 00:00:00-04:00,3.146860367515185,3.174122653091972,3.1351765838995314,3.1624388694763184,3400,0.0,0.0
2008-07-14 00:00:00-04:00,3.1546493910937383,3.16633317317936,3.1157029555806854,3.1195976734161377,6700,0.0,0.0
2008-07-15 00:00:00-04:00,3.119598646860291,3.119598646860291,2.998864956232497,3.0611791610717773,12300,0.0,0.0
2008-07-16 00:00:00-04:00,3.0417038336758324,3.0962285627057007,3.0378093030288476,3.092334032058716,5400,0.0,0.0
2008-07-17 00:00:00-04:00,3.096230361087237,3.154650026116542,3.057284103444772,3.115703582763672,8100,0.0,0.0
2008-07-18 00:00:00-04:00,3.0962288628483376,3.1040181106076794,3.0183363852549174,3.022231101989746,8200,0.0,0.0
2008-07-21 00:00:00-04:00,3.022231012701307,3.0378095077597416,3.018336296081543,3.018336296081543,2400,0.0,0.0
2008-07-22 00:00:00-04:00,2.975496495462638,3.002758965240144,2.920971741618009,2.971601963043213,17900,0.0,0.0
2008-07-23 00:00:00-04:00,3.0027578897362335,3.07675583630514,2.998863173001405,3.022231101989746,14300,0.0,0.0
2008-07-24 00:00:00-04:00,3.061178346671508,3.061178346671508,2.959917906816166,2.9677071571350098,14100,0.0,0.0
2008-07-25 00:00:00-04:00,2.9599182664210733,2.99886452274693,2.9599182664210733,2.975496768951416,12300,0.0,0.0
2008-07-28 00:00:00-04:00,2.9716021203435306,3.0144429077768757,2.9716021203435306,2.983285903930664,9500,0.0,0.0
2008-07-29 00:00:00-04:00,2.971602685283539,3.1157039483229743,2.971602685283539,3.0027596950531006,25000,0.0,0.0
2008-07-30 00:00:00-04:00,3.0027585153693677,3.084545726738211,3.0027585153693677,3.076756477355957,15000,0.0,0.0
2008-07-31 00:00:00-04:00,3.0767560354073873,3.1741215458446965,3.0767560354073873,3.166332483291626,18700,0.0,0.0
2008-08-01 00:00:00-04:00,3.1312819461993064,3.166333669369799,3.1157034438369533,3.1507551670074463,9800,0.0,0.0
2008-08-04 00:00:00-04:00,3.142965237587381,3.1546493910937383,3.1195976734161377,3.1195976734161377,4200,0.0,0.0
2008-08-05 00:00:00-04:00,3.1390713022450107,3.1780173714374516,3.1390713022450107,3.1624388694763184,8800,0.0,0.0
2008-08-06 00:00:00-04:00,3.162437536244428,3.162437536244428,3.096228837966919,3.096228837966919,16400,0.0,0.0
2008-08-07 00:00:00-04:00,3.0923343805088526,3.0962289115946806,2.9988632202148438,2.9988632202148438,31800,0.0,0.0
2008-08-08 00:00:00-04:00,2.9793901933650675,3.049493424302835,2.9793901933650675,2.9988632202148438,10700,0.0,0.0
2008-08-11 00:00:00-04:00,2.979391102114056,3.053389072418213,2.979391102114056,3.053389072418213,7500,0.0,0.0
2008-08-12 00:00:00-04:00,3.096230133101134,3.1157033533436884,3.0222323418843655,3.057283878326416,5700,0.0,0.0
2008-08-13 00:00:00-04:00,3.057283219015517,3.1170736714087277,3.057283219015517,3.0891714096069336,7900,0.18,0.0
2008-08-14 00:00:00-04:00,3.101130913315855,3.121060945994985,3.0931588622304647,3.109102964401245,2600,0.0,0.0
2008-08-15 00:00:00-04:00,3.1091017251941073,3.133017868917925,3.1091017251941073,3.1130876541137695,5000,0.0,0.0
2008-08-18 00:00:00-04:00,3.1370030328150356,3.1409891508312158,3.121058940887451,3.121058940887451,1900,0.0,0.0
2008-08-19 00:00:00-04:00,3.152947688982292,3.2884726846883714,3.152947688982292,3.236654281616211,14400,0.0,0.0
2008-08-20 00:00:00-04:00,3.23266877477064,3.23266877477064,3.1688923835754395,3.1688923835754395,7500,0.0,0.0
2008-08-21 00:00:00-04:00,3.1688911065144225,3.188821315765381,3.1449749694544096,3.188821315765381,3400,0.0,0.0
2008-08-22 00:00:00-04:00,3.184835900849739,3.3163747787475586,3.184835900849739,3.3163747787475586,20100,0.0,0.0
2008-08-25 00:00:00-04:00,3.2884730379041867,3.308403253555298,3.2884730379041867,3.308403253555298,3100,0.0,0.0
2008-08-26 00:00:00-04:00,3.316375545023034,3.368193960431181,3.3084036858034014,3.360222101211548,7000,0.0,0.0
2008-08-27 00:00:00-04:00,3.364207120446604,3.364207120446604,3.344277286596026,3.3482630252838135,1800,0.0,0.0
2008-08-28 00:00:00-04:00,3.3084026551465717,3.3801508863209357,3.3084026551465717,3.3681929111480713,5000,0.0,0.0
2008-08-29 00:00:00-04:00,3.3402911677710247,3.360221381758817,3.3402911677710247,3.3482630252838135,3000,0.0,0.0
2008-09-02 00:00:00-04:00,3.3482635973850323,3.3482635973850323,3.340291738510132,3.340291738510132,1900,0.0,0.0
2008-09-03 00:00:00-04:00,3.360221054411887,3.3721790295847516,3.360221054411887,3.3681929111480713,7200,0.0,0.0
2008-09-04 00:00:00-04:00,3.3681928550069116,3.3681928550069116,3.324346693345787,3.3442769050598145,2300,0.0,0.0
2008-09-05 00:00:00-04:00,3.360221567569894,3.3801514025225377,3.3203611373901367,3.3203611373901367,1500,0.0,0.0
2008-09-08 00:00:00-04:00,3.3084027750753164,3.3881232460128876,3.3044166564941406,3.3044166564941406,7200,0.0,0.0
2008-09-09 00:00:00-04:00,3.3482635973850323,3.356235836397212,3.304417423229882,3.340291738510132,5600,0.0,0.0
2008-09-10 00:00:00-04:00,3.4239986414573824,3.4519007201212983,3.324347926072184,3.376166343688965,5800,0.0,0.0
2008-09-11 00:00:00-04:00,3.336305157922424,3.336305157922424,3.089171484758232,3.204766273498535,27200,0.0,0.0
2008-09-12 00:00:00-04:00,3.1888228412186184,3.1888228412186184,3.148962593717116,3.1728787422180176,8600,0.0,0.0
2008-09-15 00:00:00-04:00,3.204766195535124,3.204766195535124,3.0891714096069336,3.0891714096069336,13300,0.0,0.0
2008-09-16 00:00:00-04:00,3.0891705401945866,3.1130866764072214,3.0493103131735286,3.0692403316497803,21200,0.0,0.0
2008-09-17 00:00:00-04:00,3.129031483746211,3.129031483746211,3.0293807983398438,3.0293807983398438,6300,0.0,0.0
2008-09-18 00:00:00-04:00,3.033367349065107,3.04133939743042,2.961618723708669,3.04133939743042,12100,0.0,0.0
2008-09-19 00:00:00-04:00,3.053296240841357,3.109100748739393,3.0493103131735286,3.0692403316497803,17400,0.0,0.0
2008-09-22 00:00:00-04:00,3.081198494790375,3.0851844224582035,3.009450086152471,3.0692403316497803,10400,0.0,0.0
2008-09-23 00:00:00-04:00,3.0493106842041016,3.0692407051053756,3.0293804732342497,3.0493106842041016,4700,0.0,0.0
2008-09-24 00:00:00-04:00,3.1290307672156445,3.1290307672156445,3.0293801046287223,3.0692403316497803,13100,0.0,0.0
2008-09-25 00:00:00-04:00,3.033367776194904,3.097144172097785,2.96161914073551,3.0094516277313232,27000,0.0,0.0
2008-09-26 00:00:00-04:00,2.989521551286418,2.989521551286418,2.9496613019496647,2.9815495014190674,7800,0.0,0.0
2008-09-29 00:00:00-04:00,2.969589754267551,2.973575872118306,2.861967043188462,2.869939088821411,16700,0.0,0.0
2008-09-30 00:00:00-04:00,2.8460237319677697,2.9297303290905226,2.770289182662964,2.770289182662964,30300,0.0,0.0
2008-10-01 00:00:00-04:00,2.8061641219519493,2.8739266386295204,2.7902200227417744,2.830080270767212,15700,0.0,0.0
2008-10-02 00:00:00-04:00,2.830078992909142,2.9018275970271272,2.8101489729297002,2.8500092029571533,11600,0.0,0.0
2008-10-03 00:00:00-04:00,2.8898694329846064,2.8898694329846064,2.8141349008981607,2.8500092029571533,6200,0.0,0.0
2008-10-06 00:00:00-04:00,2.8659545878985484,2.869940517665199,2.7503597736358643,2.7503597736358643,9000,0.0,0.0
2008-10-07 00:00:00-04:00,2.730428429945392,2.7782607078552246,2.6905681983538647,2.7782607078552246,9800,0.0,0.0
2008-10-08 00:00:00-04:00,2.698541928460445,2.790220613359284,2.690569877167881,2.6945559978485107,12200,0.0,0.0
2008-10-09 00:00:00-04:00,2.5909182492800573,2.7144850968221017,2.555043935775757,2.555043935775757,11100,0.0,0.0
2008-10-10 00:00:00-04:00,2.375671995535226,2.5151828959636946,2.2919654172644304,2.3517558574676514,31600,0.0,0.0
2008-10-13 00:00:00-04:00,2.35175595424167,2.47133664950025,2.299937557928663,2.467350721359253,24200,0.0,0.0
2008-10-14 00:00:00-04:00,2.4832953129249256,2.578959888349666,2.467351217020802,2.551057815551758,12300,0.0,0.0
2008-10-15 00:00:00-04:00,2.543085120994874,2.582945350620321,2.4912667274475098,2.4912667274475098,2200,0.0,0.0
2008-10-16 00:00:00-04:00,2.491268015575759,2.491268015575759,2.4354636652460884,2.4753239154815674,8400,0.0,0.0
2008-10-17 00:00:00-04:00,2.491267140095051,2.5909178256988525,2.4753230456039303,2.5909178256988525,11600,0.0,0.0
2008-10-20 00:00:00-04:00,2.574974112885947,2.61882047427,2.559030016031496,2.6068623065948486,5100,0.0,0.0
2008-10-21 00:00:00-04:00,2.6427368640310647,2.6467227935791016,2.5949045690427504,2.6467227935791016,4900,0.0,0.0
2008-10-22 00:00:00-04:00,2.6427362278292934,2.650708275074854,2.567001683962172,2.5909178256988525,7800,0.0,0.0
2008-10-23 00:00:00-04:00,2.563015917210129,2.606862278115165,2.4434351921081543,2.4434351921081543,15300,0.0,0.0
2008-10-24 00:00:00-04:00,2.431476799786507,2.431476799786507,2.3118960857391357,2.3118960857391357,17100,0.0,0.0
2008-10-27 00:00:00-04:00,2.2999376635664808,2.33979789715015,2.2640633583068848,2.2640633583068848,11100,0.0,0.0
2008-10-28 00:00:00-04:00,2.276022057043577,2.303924322128296,2.2281897655286,2.303924322128296,8400,0.0,0.0
2008-10-29 00:00:00-04:00,2.319868951711783,2.319868951711783,2.232176207073471,2.2521064281463623,4800,0.0,0.0
2008-10-30 00:00:00-04:00,2.291965905807254,2.291965905807254,2.2321754528594298,2.260077714920044,10800,0.0,0.0
2008-10-31 00:00:00-04:00,2.2242032524086053,2.3876303145178417,2.1923150637110562,2.3716862201690674,19700,0.0,0.0
2008-11-03 00:00:00-05:00,2.411546308726269,2.5271410716170917,2.3637138423032695,2.479308605194092,11700,0.0,0.0
2008-11-04 00:00:00-05:00,2.491267457230663,2.5709879398345947,2.491267457230663,2.5709879398345947,4700,0.0,0.0
2008-11-05 00:00:00-05:00,2.503225624655564,2.5709879398345947,2.451407215928697,2.5709879398345947,19600,0.0,0.0
2008-11-06 00:00:00-05:00,2.5311269570729564,2.5311269570729564,2.4912667274475098,2.4912667274475098,2500,0.0,0.0
2008-11-07 00:00:00-05:00,2.491267724590695,2.5311279701704175,2.4314772611867896,2.4394493103027344,8700,0.0,0.0
2008-11-10 00:00:00-05:00,2.43147754685528,2.491268017283825,2.43147754685528,2.4354636669158936,10800,0.0,0.0
2008-11-11 00:00:00-05:00,2.4314779325043263,2.451408155831133,2.411547899246216,2.411547899246216,1300,0.0,0.0
2008-11-12 00:00:00-05:00,2.4115467171872025,2.447420835494995,2.4115467171872025,2.447420835494995,1400,0.0,0.0
2008-11-13 00:00:00-05:00,2.4843788341102853,2.492591648611107,2.451527380298056,2.4679532051086426,6100,0.18,0.0
2008-11-14 00:00:00-05:00,2.463846445083618,2.463846445083618,2.406356749524832,2.463846445083618,7000,0.0,0.0
2008-11-17 00:00:00-05:00,2.398143935873577,2.5008042044187277,2.398143935873577,2.463846445083618,28700,0.0,0.0
2008-11-18 00:00:00-05:00,2.4227826140729083,2.443314552307129,2.3406542737092,2.443314552307129,10500,0.0,0.0
2008-11-19 00:00:00-05:00,2.4638467325784923,2.4638467325784923,2.402250525102241,2.4227826595306396,7600,0.0,0.0
2008-11-20 00:00:00-05:00,2.4022504376316407,2.4022504376316407,2.217462017740337,2.2379939556121826,14800,0.0,0.0
2008-11-21 00:00:00-05:00,2.2051424631598904,2.299589915561228,2.1558655825528232,2.258525848388672,20900,0.0,0.0
2008-11-24 00:00:00-05:00,2.2831644532539017,2.3529734703832705,2.2667388252009832,2.3447606563568115,4300,0.0,0.0
2008-11-25 00:00:00-05:00,2.3529744376496797,2.4063578486711115,2.31191035063666,2.3242294788360596,4800,0.0,0.0
2008-11-26 00:00:00-05:00,2.283164271210464,2.2995898979537186,2.2585258310955822,2.2954835891723633,9800,0.0,0.0
2008-11-28 00:00:00-05:00,2.324228033323626,2.340653657913208,2.311908912785885,2.340653657913208,1500,0.0,0.0
2008-12-01 00:00:00-05:00,2.3242283558647614,2.3283348604864758,2.2462065303324463,2.258525848388672,10500,0.0,0.0
2008-12-02 00:00:00-05:00,2.258525378482967,2.299589437111791,2.176397261225319,2.250312566757202,10200,0.0,0.0
2008-12-03 00:00:00-05:00,2.23388764148849,2.328335103757985,2.23388764148849,2.2790582180023193,3300,0.0,0.0
2008-12-04 00:00:00-05:00,2.258526742603553,2.299590826034546,2.242101109231156,2.299590826034546,900,0.0,0.0
2008-12-05 00:00:00-05:00,2.2585261854666157,2.2585261854666157,2.1148018310078025,2.1763980388641357,8700,0.0,0.0
2008-12-08 00:00:00-05:00,2.118907824193064,2.258525848388672,2.118907824193064,2.258525848388672,12500,0.0,0.0
2008-12-09 00:00:00-05:00,2.2585261291544336,2.4925916348489308,2.2585261291544336,2.443314552307129,17800,0.0,0.0
2008-12-10 00:00:00-05:00,2.521336140642404,2.5952516593126234,2.274951535295827,2.463846445083618,18500,0.0,0.0
2008-12-11 00:00:00-05:00,2.2585258310955822,2.4227822943370443,2.2585258310955822,2.2954835891723633,15500,0.0,0.0
2008-12-12 00:00:00-05:00,2.2995904911779466,2.4063572883605957,2.279058550356722,2.4063572883605957,10300,0.0,0.0
2008-12-15 00:00:00-05:00,2.5747195756418195,2.5747195756418195,2.3611862208893966,2.402250289916992,7400,0.0,0.0
2008-12-16 00:00:00-05:00,2.3940367698669434,2.455632953141831,2.381717650697287,2.3940367698669434,17700,0.0,0.0
2008-12-17 00:00:00-05:00,2.369399312791375,2.3735058180805786,2.348867177963257,2.348867177963257,2900,0.0,0.0
2008-12-18 00:00:00-05:00,2.3817191202308647,2.402251063451568,2.3283357154008546,2.361186981201172,8000,0.0,0.0
2008-12-19 00:00:00-05:00,2.3201221415735724,2.340654078091861,2.13533353805542,2.13533353805542,48200,0.0,0.0
2008-12-22 00:00:00-05:00,2.1558656339071485,2.1887168884277344,2.1353335019273207,2.1887168884277344,8100,0.0,0.0
2008-12-23 00:00:00-05:00,2.196929784668646,2.196929784668646,2.1024823264660086,2.1148016452789307,18200,0.0,0.0
2008-12-24 00:00:00-05:00,2.123014396657363,2.1763977835920523,2.123014396657363,2.1722912788391113,8600,0.0,0.0
2008-12-26 00:00:00-05:00,2.1763979369672426,2.279058213318359,2.1763979369672426,2.246206760406494,136800,0.0,0.0
2008-12-29 00:00:00-05:00,2.2585263617085065,2.2585263617085065,2.180504518443319,2.213355779647827,108000,0.0,0.0
2008-12-30 00:00:00-05:00,2.2174620436116257,2.258526115643353,2.2010364147989345,2.2338876724243164,40600,0.0,0.0
2008-12-31 00:00:00-05:00,2.225674871332527,2.443314552307129,2.217462056877051,2.443314552307129,31200,0.0,0.0
2009-01-02 00:00:00-05:00,2.4186762897585408,2.504910945892334,2.402250659619624,2.504910945892334,51600,0.0,0.0
2009-01-05 00:00:00-05:00,2.5418692110688146,2.5665076611184725,2.463847354673734,2.5090179443359375,94500,0.0,0.0
2009-01-06 00:00:00-05:00,2.5418684202561055,2.566506862640381,2.476165907231371,2.566506862640381,18100,0.0,0.0
2009-01-07 00:00:00-05:00,2.669167273522426,2.669167273522426,2.5541876740455245,2.6568479537963867,41200,0.0,0.0
2009-01-08 00:00:00-05:00,2.710231579582741,2.730763715624087,2.6773803185637566,2.6979124546051025,38900,0.0,0.0
2009-01-09 00:00:00-05:00,2.702018812030967,2.702018812030967,2.6404225986284358,2.644529104232788,11700,0.0,0.0
2009-01-12 00:00:00-05:00,2.656848546488774,2.665061362868608,2.5665075663105954,2.5747203826904297,23800,0.0,0.0
2009-01-13 00:00:00-05:00,2.5870387383702065,2.6034643649915035,2.5788259250595575,2.582932233810425,3100,0.0,0.0
2009-01-14 00:00:00-05:00,2.5993581191527486,2.632209375665116,2.5459747294156845,2.566506862640381,3600,0.0,0.0
2009-01-15 00:00:00-05:00,2.5049106388615265,2.6034646034240723,2.5049106388615265,2.6034646034240723,4100,0.0,0.0
2009-01-16 00:00:00-05:00,2.6198904815882007,2.6198904815882007,2.59525203704834,2.59525203704834,6100,0.0,0.0
2009-01-20 00:00:00-05:00,2.5747197147087006,2.5747197147087006,2.5213363241849964,2.5336556434631348,3400,0.0,0.0
2009-01-21 00:00:00-05:00,2.496698231228505,2.644529104232788,2.4802726004290254,2.644529104232788,9600,0.0,0.0
2009-01-22 00:00:00-05:00,2.644529845302294,2.6814876228621847,2.5952529390951193,2.6281042098999023,8100,0.0,0.0
2009-01-23 00:00:00-05:00,2.693805969569934,2.697912475133033,2.6075713108344742,2.6486353874206543,10000,0.0,0.0
2009-01-26 00:00:00-05:00,2.6404218765425136,2.6732733249664307,2.6404218765425136,2.6732733249664307,2400,0.0,0.0
2009-01-27 00:00:00-05:00,2.6486351427898103,2.6979122259509034,2.628103204297554,2.689699411392212,8100,0.0,0.0
2009-01-28 00:00:00-05:00,2.689698892797998,2.7636142095747918,2.669166762455547,2.710230827331543,4500,0.0,0.0
2009-01-29 00:00:00-05:00,2.6896989512739338,2.6896989512739338,2.6691668204850996,2.6732733249664307,2900,0.0,0.0
2009-01-30 00:00:00-05:00,2.7020177966500603,2.7020177966500603,2.6281024858287525,2.665060043334961,11000,0.0,0.0
2009-02-02 00:00:00-05:00,2.6198901237084002,2.7020182609558105,2.5829323640426036,2.7020182609558105,3100,0.0,0.0
2009-02-03 00:00:00-05:00,2.738977039308539,2.738977039308539,2.6814873218536377,2.6814873218536377,1700,0.0,0.0
2009-02-04 00:00:00-05:00,2.718444363503517,2.7636149447884457,2.7143380538279556,2.722550868988037,900,0.0,0.0
2009-02-05 00:00:00-05:00,2.7677209261631575,2.849849263831054,2.763614616974677,2.7964658737182617,9600,0.0,0.0
2009-02-06 00:00:00-05:00,2.8334235959478358,2.870381161364536,2.7677208875679398,2.849849224090576,6100,0.0,0.0
2009-02-09 00:00:00-05:00,2.8128914519548944,2.940190167471862,2.8128914519548944,2.878594160079956,4000,0.0,0.0
2009-02-10 00:00:00-05:00,2.903232826152232,2.956616023622571,2.87448787689209,2.87448787689209,7900,0.0,0.0
2009-02-11 00:00:00-05:00,2.8498501262395926,3.0798091888427734,2.771828269958496,3.0798091888427734,19400,0.0,0.0
2009-02-12 00:00:00-05:00,3.1134666282122327,3.1134666282122327,2.8862677310773805,3.008281946182251,6200,0.18,0.0
2009-02-13 00:00:00-05:00,2.9662084365811774,3.016697041305176,2.9535861850882372,3.0124895572662354,5100,0.0,0.0
2009-02-17 00:00:00-05:00,2.835780001447343,2.9746240026504474,2.835780001447343,2.9325499534606934,2900,0.0,0.0
2009-02-18 00:00:00-05:00,2.9030985832214355,2.9241354088115337,2.9030985832214355,2.9030985832214355,1200,0.0,0.0
2009-02-19 00:00:00-05:00,2.8988905807217686,2.8988905807217686,2.7894985855406773,2.8189501762390137,4100,0.0,0.0
2009-02-20 00:00:00-05:00,2.776876760945936,2.776876760945936,2.553885251391182,2.7053511142730713,6800,0.0,0.0
2009-02-23 00:00:00-05:00,2.675898674872807,2.701142977389433,2.52443265914917,2.52443265914917,10000,0.0,0.0
2009-02-24 00:00:00-05:00,2.5118108116597053,2.5118108116597053,2.23833072342228,2.280404567718506,13600,0.0,0.0
2009-02-25 00:00:00-05:00,2.2804041347428274,2.3729665746198827,2.238330298435075,2.2635746002197266,22000,0.0,0.0
2009-02-26 00:00:00-05:00,2.3098563458553074,2.3098563458553074,2.2257086504343953,2.250952959060669,7200,0.0,0.0
2009-02-27 00:00:00-05:00,2.217292805775677,2.545469060039631,2.2088780403137207,2.2088780403137207,27900,0.0,0.0
2009-03-02 00:00:00-05:00,2.23412322091215,2.2719897807895486,2.1878418922424316,2.1878418922424316,12500,0.0,0.0
2009-03-03 00:00:00-05:00,2.183634625525229,2.280404567718506,2.048998123153391,2.280404567718506,18700,0.0,0.0
2009-03-04 00:00:00-05:00,2.309856616869146,2.3140641024458186,2.1962571144104004,2.1962571144104004,10800,0.0,0.0
2009-03-05 00:00:00-05:00,2.20887851270771,2.2635746002197266,2.20887851270771,2.2635746002197266,12300,0.0,0.0
2009-03-06 00:00:00-05:00,2.267781398547413,2.267781398547413,2.2088780403137207,2.2088780403137207,7700,0.0,0.0
2009-03-09 00:00:00-04:00,2.2088780403137207,2.267781398547413,2.2088780403137207,2.2088780403137207,3800,0.0,0.0
2009-03-10 00:00:00-04:00,2.1962571144104004,2.2257089115752438,2.18784234388101,2.1962571144104004,10800,0.0,0.0
2009-03-11 00:00:00-04:00,2.225707838674515,2.2930259704589844,2.196256055706881,2.2930259704589844,9900,0.0,0.0
2009-03-12 00:00:00-04:00,2.2719905057963588,2.3351013921898085,2.2088796194029086,2.3266866207122803,8400,0.0,0.0
2009-03-13 00:00:00-04:00,2.3266868862378858,2.339308944582641,2.3140646272691305,2.318272113800049,6700,0.0,0.0
2009-03-16 00:00:00-04:00,2.347722909106683,2.351930394189694,2.250952959060669,2.250952959060669,12100,0.0,0.0
2009-03-17 00:00:00-04:00,2.250952959060669,2.335100855105512,2.2299161355174064,2.250952959060669,24300,0.0,0.0
2009-03-18 00:00:00-04:00,2.2299161198859365,2.2719899673014594,2.217293865349315,2.221501350402832,11400,0.0,0.0
2009-03-19 00:00:00-04:00,2.208877930146079,2.229914943063666,2.208877930146079,2.213085412979126,7900,0.0,0.0
2009-03-20 00:00:00-04:00,2.2088789468190453,2.2467455072498823,2.2088789468190453,2.225708484649658,9800,0.0,0.0
2009-03-23 00:00:00-04:00,2.2088784952865055,2.2509523312624258,2.1878414769866077,2.2172932624816895,16800,0.0,0.0
2009-03-24 00:00:00-04:00,2.200463274851765,2.2930256949332812,2.200463274851765,2.2088780403137207,39000,0.0,0.0
2009-03-25 00:00:00-04:00,2.234123643455031,2.2804049808780027,2.120524142961519,2.128938913345337,46800,0.0,0.0
2009-03-26 00:00:00-04:00,2.1036950897717692,2.21308733073942,2.0910728309585793,2.1668059825897217,41800,0.0,0.0
2009-03-27 00:00:00-04:00,2.1457671990371336,2.2299150542805277,2.12473038569416,2.2088780403137207,17400,0.0,0.0
2009-03-30 00:00:00-04:00,2.21308733073942,2.250953705930993,2.1668059825897217,2.1668059825897217,27400,0.0,0.0
2009-03-31 00:00:00-04:00,2.187841473123406,2.3140631814521653,2.175219422664855,2.271989345550537,34200,0.0,0.0
2009-04-01 00:00:00-04:00,2.28882030995562,2.351931203551396,2.28882030995562,2.318272113800049,6500,0.0,0.0
2009-04-02 00:00:00-04:00,2.314063763494297,2.3393080713848184,2.3056489941974565,2.3224785327911377,11200,0.0,0.0
2009-04-03 00:00:00-04:00,2.3266857897493938,2.4024187059995574,2.3140635367290803,2.3687596321105957,41500,0.0,0.0
2009-04-06 00:00:00-04:00,2.364551989783695,2.4276628494262695,2.364551989783695,2.4276628494262695,7000,0.0,0.0
2009-04-07 00:00:00-04:00,2.4024175120489426,2.423454523086548,2.394002747758662,2.423454523086548,2400,0.0,0.0
2009-04-08 00:00:00-04:00,2.4150407231872273,2.448699997209378,2.3855891342757114,2.431870460510254,9300,0.0,0.0
2009-04-09 00:00:00-04:00,2.4487001007644853,2.566506862640381,2.4487001007644853,2.566506862640381,6700,0.0,0.0
2009-04-13 00:00:00-04:00,2.5454699075816167,2.616995337511499,2.5244328866103043,2.5791289806365967,2600,0.0,0.0
2009-04-14 00:00:00-04:00,2.566506862640381,2.570714347305047,2.566506862640381,2.566506862640381,6000,0.0,0.0
2009-04-15 00:00:00-04:00,2.570714520607856,2.772669183776498,2.570714520607856,2.6380326747894287,6800,0.0,0.0
2009-04-16 00:00:00-04:00,2.675899544752225,2.7852915578853437,2.675899544752225,2.743217706680298,13800,0.0,0.0
2009-04-17 00:00:00-04:00,2.734802052053197,2.747424303644874,2.7137650329416965,2.71797251701355,10200,0.0,0.0
2009-04-20 00:00:00-04:00,2.709557491401193,2.7137647744484084,2.638031873983754,2.6716909408569336,16200,0.0,0.0
2009-04-21 00:00:00-04:00,2.671691806275891,2.671691806275891,2.6422402135337806,2.6674845218658447,17000,0.0,0.0
2009-04-22 00:00:00-04:00,2.6464463970531504,2.650653880336862,2.5875430354481086,2.633824348449707,18400,0.0,0.0
2009-04-23 00:00:00-04:00,2.629617319210956,2.6716911561935555,2.629617319210956,2.642239570617676,32300,0.0,0.0
2009-04-24 00:00:00-04:00,2.654861838096794,2.835779452200847,2.6506545543670654,2.6506545543670654,7700,0.0,0.0
2009-04-27 00:00:00-04:00,2.654862431131306,3.033527480714979,2.654862431131306,2.6927289962768555,5700,0.0,0.0
2009-04-28 00:00:00-04:00,2.671691830503562,2.69272885461635,2.654862291462904,2.659069776535034,2900,0.0,0.0
2009-04-29 00:00:00-04:00,2.6590695562054547,2.696935915597376,2.629617765012703,2.688521146774292,11000,0.0,0.0
2009-04-30 00:00:00-04:00,2.684314226313838,2.713765820872429,2.684314226313838,2.6927289962768555,6100,0.0,0.0
2009-05-01 00:00:00-04:00,2.675899780219147,2.7179736351264987,2.6716922944164287,2.69693660736084,2700,0.0,0.0
2009-05-04 00:00:00-04:00,2.7179729468113973,2.734802484512329,2.629617773569547,2.734802484512329,12700,0.0,0.0
2009-05-05 00:00:00-04:00,2.8273651650830884,2.8736464977264404,2.713765676321356,2.8736464977264404,9800,0.0,0.0
2009-05-06 00:00:00-04:00,2.882061854716027,2.9283431967932927,2.882061854716027,2.9157209396362305,12700,0.0,0.0
2009-05-07 00:00:00-04:00,2.915720278517727,2.957794325751966,2.882061201229476,2.945172071456909,16100,0.0,0.0
2009-05-08 00:00:00-04:00,2.987246227928048,3.1513343470407524,2.987246227928048,3.0966384410858154,19000,0.0,0.0
2009-05-11 00:00:00-04:00,3.147126524831907,3.151333808898926,3.1176747338671267,3.151333808898926,8000,0.0,0.0
2009-05-12 00:00:00-04:00,3.113467969976857,3.151334335402126,3.113467969976857,3.134504795074463,6700,0.0,0.0
2009-05-13 00:00:00-04:00,3.0840156177084044,3.1345042295828116,3.0713935650517574,3.1302969455718994,3600,0.0,0.0
2009-05-14 00:00:00-04:00,3.1260895077559634,3.1429190452994855,3.10084520144068,3.1134674549102783,8600,0.0,0.0
2009-05-15 00:00:00-04:00,3.1260895463924814,3.1260895463924814,3.05035662651062,3.05035662651062,9200,0.0,0.0
2009-05-18 00:00:00-04:00,3.050356257744734,3.256518170589393,3.050356257744734,3.2396886348724365,67900,0.0,0.0
2009-05-19 00:00:00-04:00,3.1892008147376782,3.218652609822274,3.155541734997535,3.1765787601470947,7900,0.0,0.0
2009-05-20 00:00:00-04:00,3.197615584672714,3.231274664412857,3.1765787601470947,3.1765787601470947,7900,0.0,0.0
2009-05-21 00:00:00-04:00,3.1934075771311634,3.243896185312362,3.0503563199938735,3.0756006240844727,28800,0.0,0.0
2009-05-22 00:00:00-04:00,3.054563498475363,3.155540704727173,2.9493788083177908,3.155540704727173,16400,0.0,0.0
2009-05-26 00:00:00-04:00,3.159748778280788,3.1681635470387377,3.1218822185580577,3.151333808898926,6400,0.0,0.0
2009-05-27 00:00:00-04:00,3.1555422935430233,3.344874750906014,3.1471275221185344,3.3028008937835693,31600,0.0,0.0
2009-05-28 00:00:00-04:00,3.354473382143547,3.9142700519710414,3.3415551143366065,3.509493827819824,53000,0.18,0.0
2009-05-29 00:00:00-04:00,3.5181061423530764,3.543942676955112,3.444901943206787,3.444901943206787,23100,0.0,0.0
2009-06-01 00:00:00-04:00,3.444902156588433,3.444902156588433,3.2339019980568326,3.276963233947754,21600,0.0,0.0
2009-06-02 00:00:00-04:00,3.2726561451886464,3.3243296146392822,3.2726561451886464,3.3243296146392822,3500,0.0,0.0
2009-06-03 00:00:00-04:00,3.3157173697308426,3.3329418595477214,3.2468194104633286,3.3243296146392822,9900,0.0,0.0
2009-06-04 00:00:00-04:00,3.3071056567326824,3.376003832413798,3.302799636251946,3.354473114013672,4800,0.0,0.0
2009-06-05 00:00:00-04:00,3.354473554736938,3.388922544437459,3.2252896380278098,3.380310297012329,12000,0.0,0.0
2009-06-08 00:00:00-04:00,3.3200242641921136,3.444901943206787,3.3200242641921136,3.444901943206787,10000,0.0,0.0
2009-06-09 00:00:00-04:00,3.4233713694435215,3.466432809829712,3.401840854582592,3.466432809829712,15100,0.0,0.0
2009-06-10 00:00:00-04:00,3.4233713015796856,3.5525552095130237,3.4233713015796856,3.51810622215271,10200,0.0,0.0
2009-06-11 00:00:00-04:00,3.5094939368156886,3.569779872894287,3.4750449478177297,3.569779872894287,16200,0.0,0.0
2009-06-12 00:00:00-04:00,3.595617089753671,3.681739568710327,3.595617089753671,3.681739568710327,10300,0.0,0.0
2009-06-15 00:00:00-04:00,3.660208745668577,3.660208745668577,3.3157184286492503,3.3716981410980225,16300,0.0,0.0
2009-06-16 00:00:00-04:00,3.3803097620523306,3.4362894641225465,3.315717813919939,3.3630852699279785,10700,0.0,0.0
2009-06-17 00:00:00-04:00,3.384615893237572,3.4405953884124756,3.3372484385522196,3.4405953884124756,10600,0.0,0.0
2009-06-18 00:00:00-04:00,3.444902346966973,3.444902346966973,3.358779870425671,3.3846166133880615,7300,0.0,0.0
2009-06-19 00:00:00-04:00,3.384616216693672,3.444901943206787,3.302799770902652,3.444901943206787,7000,0.0,0.0
2009-06-22 00:00:00-04:00,3.4578198595898284,3.4578198595898284,3.225289018448411,3.2597382068634033,15800,0.0,0.0
2009-06-23 00:00:00-04:00,3.2812694759631835,3.2812694759631835,3.2252897628669794,3.2339022159576416,5500,0.0,0.0
2009-06-24 00:00:00-04:00,3.255432035664637,3.363085212262008,3.2468197897501327,3.358779191970825,11500,0.0,0.0
2009-06-25 00:00:00-04:00,3.3630856209961526,3.3975346088409424,3.3329426539658793,3.3975346088409424,30600,0.0,0.0
2009-06-26 00:00:00-04:00,3.388922064135429,3.724799871444702,3.3673915512901478,3.724799871444702,705500,0.0,0.0
2009-06-29 00:00:00-04:00,3.6171469458949903,3.6429838916598682,3.4233712899835305,3.5870041847229004,47000,0.0,0.0
2009-06-30 00:00:00-04:00,3.65590310493077,3.65590310493077,3.4319844245910645,3.4319844245910645,45200,0.0,0.0
2009-07-01 00:00:00-04:00,3.707576726893948,3.707576726893948,3.444903019496536,3.565474510192871,27300,0.0,0.0
2009-07-02 00:00:00-04:00,3.5611677322807314,3.5611677322807314,3.397534628411107,3.466432809829712,16400,0.0,0.0
2009-07-06 00:00:00-04:00,3.487962640339197,3.7635544743890357,3.487962640339197,3.5783913135528564,32700,0.0,0.0
2009-07-07 00:00:00-04:00,3.591310082461592,3.655901824972053,3.4965751708705364,3.608534574508667,19600,0.0,0.0
2009-07-08 00:00:00-04:00,3.5740857124328613,3.6386774571484675,3.5181060087026634,3.5740857124328613,18200,0.0,0.0
2009-07-09 00:00:00-04:00,3.6085353694811175,3.6171474120697753,3.526718706234812,3.531024932861328,9500,0.0,0.0
2009-07-10 00:00:00-04:00,3.487963460878516,3.5310244897467467,3.466432741112239,3.51810622215271,10100,0.0,0.0
2009-07-13 00:00:00-04:00,3.5137986930606004,3.55255389213562,3.470737680160489,3.55255389213562,13200,0.0,0.0
2009-07-14 00:00:00-04:00,3.53963738611436,3.561168108582565,3.5008821678044653,3.531024932861328,7500,0.0,0.0
2009-07-15 00:00:00-04:00,3.444902474345983,3.531024954071757,3.380310511885558,3.4621269702911377,48400,0.0,0.0
2009-07-16 00:00:00-04:00,3.4621264025912724,3.483657121658325,3.401840676668542,3.483657121658325,13200,0.0,0.0
2009-07-17 00:00:00-04:00,3.4233713694435215,3.4836573038513214,3.4233713694435215,3.466432809829712,26200,0.0,0.0
2009-07-20 00:00:00-04:00,3.4707393882184805,3.4750452041625977,3.449208665840407,3.4750452041625977,7100,0.0,0.0
2009-07-21 00:00:00-04:00,3.4664322445150884,3.4965750014710655,3.4535139787717077,3.4879629611968994,15500,0.0,0.0
2009-07-22 00:00:00-04:00,3.487964503540354,3.4965765476226807,3.4104540534771854,3.4965765476226807,7200,0.0,0.0
2009-07-23 00:00:00-04:00,3.4750434939855808,3.55255389213562,3.4535131928676104,3.55255389213562,20300,0.0,0.0
2009-07-24 00:00:00-04:00,3.509493264964619,3.561167149233544,3.509493264964619,3.55686092376709,19100,0.0,0.0
2009-07-27 00:00:00-04:00,3.531023180353479,3.5611663411141445,3.4922679812784594,3.55255389213562,17800,0.0,0.0
2009-07-28 00:00:00-04:00,3.617146437640396,3.617146437640396,3.509493264964619,3.55686092376709,16200,0.0,0.0
2009-07-29 00:00:00-04:00,3.539637038687229,3.6472902297973633,3.5138000921284895,3.6472902297973633,18400,0.0,0.0
2009-07-30 00:00:00-04:00,3.6602099314308196,3.7032713890075684,3.6171484738540713,3.7032713890075684,29200,0.0,0.0
2009-07-31 00:00:00-04:00,3.68604633294059,3.690352149518154,3.655903152911045,3.6731276512145996,10000,0.0,0.0
2009-08-03 00:00:00-04:00,3.673126718304226,3.7291064262390137,3.6171470103694388,3.7291064262390137,15500,0.0,0.0
2009-08-04 00:00:00-04:00,3.7161896620147954,3.7248017071314483,3.647291658423593,3.7032713890075684,11600,0.0,0.0
2009-08-05 00:00:00-04:00,3.6860449884213793,3.690350803428357,3.6171466096740525,3.6774325370788574,11000,0.0,0.0
2009-08-06 00:00:00-04:00,3.6903511787922256,3.7420246601104736,3.612841162147016,3.7420246601104736,21400,0.0,0.0
2009-08-07 00:00:00-04:00,3.7420242398791386,3.8798205852508545,3.7204939330793105,3.8798205852508545,16700,0.0,0.0
2009-08-10 00:00:00-04:00,3.8582902532439713,3.8582902532439713,3.802310546510429,3.849677801132202,9300,0.0,0.0
2009-08-11 00:00:00-04:00,3.8195346618074177,3.8410653792902574,3.76786118624717,3.785085678100586,34500,0.0,0.0
2009-08-12 00:00:00-04:00,3.7506365749567467,3.823840765668686,3.7032693265343073,3.8195345401763916,18200,0.0,0.0
2009-08-13 00:00:00-04:00,3.8898603973892247,3.8898603973892247,3.7008614046354213,3.806349039077759,14900,0.18,0.0
2009-08-14 00:00:00-04:00,3.7931641193665806,3.8151408200551016,3.744815713188396,3.7580015659332275,21500,0.0,0.0
2009-08-17 00:00:00-04:00,3.7184422555880756,3.722837677984305,3.6173496363275586,3.6349313259124756,28400,0.0,0.0
2009-08-18 00:00:00-04:00,3.6217452502660663,3.7096516069869763,3.5294434709164677,3.5690014362335205,12200,0.0,0.0
2009-08-19 00:00:00-04:00,3.5470247112882864,3.6393264898319124,3.4810950491159405,3.6085593700408936,12800,0.0,0.0
2009-08-20 00:00:00-04:00,3.621745202903583,3.621745202903583,3.5470246958753058,3.586582660675049,11900,0.0,0.0
2009-08-21 00:00:00-04:00,3.6525115151425154,3.687674045562744,3.5953722984170366,3.687674045562744,28700,0.0,0.0
2009-08-24 00:00:00-04:00,3.692070484161377,3.7052567525778786,3.560211153361077,3.692070484161377,32900,0.0,0.0
2009-08-25 00:00:00-04:00,3.661302542293095,3.7272321929170946,3.661302542293095,3.7008605003356934,14100,0.0,0.0
2009-08-26 00:00:00-04:00,3.6964659069668775,3.700861329772378,3.6261408187612267,3.692070484161377,17000,0.0,0.0
2009-08-27 00:00:00-04:00,3.6700942084750534,3.692070484161377,3.6305362415667277,3.692070484161377,12500,0.0,0.0
2009-08-28 00:00:00-04:00,3.692071174993589,3.692071174993589,3.612955645544032,3.6437227725982666,12500,0.0,0.0
2009-08-31 00:00:00-04:00,3.6437227262059038,3.6437227262059038,3.520653800385226,3.5514209270477295,19400,0.0,0.0
2009-09-01 00:00:00-04:00,3.533838555735315,3.604163634389465,3.5074666512400086,3.5162572860717773,14700,0.0,0.0
2009-09-02 00:00:00-04:00,3.428350773757497,3.538233808690939,3.428350773757497,3.459117889404297,14000,0.0,0.0
2009-09-03 00:00:00-04:00,3.4635143158311785,3.4635143158311785,3.2525388191920883,3.441537618637085,13500,0.0,0.0
2009-09-04 00:00:00-04:00,3.3975834169118015,3.5602104663848877,3.375606726295498,3.5602104663848877,11900,0.0,0.0
2009-09-08 00:00:00-04:00,3.5602120950406295,3.6041650772094727,3.5602120950406295,3.6041650772094727,15000,0.0,0.0
2009-09-09 00:00:00-04:00,3.5909783840179443,3.595373806957303,3.5602112617836386,3.5909783840179443,18600,0.0,0.0
2009-09-10 00:00:00-04:00,3.586582405009517,3.6261403669894148,3.547024443029619,3.564605712890625,26200,0.0,0.0
2009-09-11 00:00:00-04:00,3.5514201965952186,3.5733968907642897,3.520653076260865,3.5294435024261475,4300,0.0,0.0
2009-09-14 00:00:00-04:00,3.5338393985190746,3.5558160956323426,3.4898862138778557,3.5250489711761475,25900,0.0,0.0
2009-09-15 00:00:00-04:00,3.5338390198933287,3.5338390198933287,3.428351388056653,3.4503278732299805,30600,0.0,0.0
2009-09-16 00:00:00-04:00,3.481094684578351,3.511861801147461,3.4415367237491954,3.511861801147461,33800,0.0,0.0
2009-09-17 00:00:00-04:00,3.5162584249542608,3.5162584249542608,3.43714268584351,3.467909812927246,21300,0.0,0.0
2009-09-18 00:00:00-04:00,3.3975836110502655,3.5162572860717773,3.3975836110502655,3.5162572860717773,81900,0.0,0.0
2009-09-21 00:00:00-04:00,3.5162572860717773,3.5382339779438325,3.494280594199722,3.5162572860717773,13600,0.0,0.0
2009-09-22 00:00:00-04:00,3.5382343477620064,3.542629770429936,3.5162576535929353,3.5294435024261475,31800,0.0,0.0
2009-09-23 00:00:00-04:00,3.533839261396468,3.551420534570754,3.49428129196167,3.49428129196167,15900,0.0,0.0
2009-09-24 00:00:00-04:00,3.5074665471834923,3.5250480259107038,3.4547227397576377,3.4635133743286133,15800,0.0,0.0
2009-09-25 00:00:00-04:00,3.4723056082701005,3.503072738647461,3.428352415170045,3.503072738647461,20100,0.0,0.0
2009-09-28 00:00:00-04:00,3.4986765650847436,3.6481175902460206,3.4986765650847436,3.6305363178253174,25600,0.0,0.0
2009-09-29 00:00:00-04:00,3.6261403669894148,3.6437216368504206,3.538234017684385,3.564605712890625,16100,0.0,0.0
2009-09-30 00:00:00-04:00,3.5777921724265926,3.6129547140430724,3.5338387858207128,3.5821871757507324,20800,0.0,0.0
2009-10-01 00:00:00-04:00,3.5602115319828083,3.5733973826310104,3.428351767988883,3.441537618637085,33200,0.0,0.0
2009-10-02 00:00:00-04:00,3.4195602014737347,3.4854898559634226,3.4195602014737347,3.4635133743286133,8200,0.0,0.0
2009-10-05 00:00:00-04:00,3.4810962468901114,3.5470259317475166,3.4635149696500895,3.503072738647461,50400,0.0,0.0
2009-10-06 00:00:00-04:00,3.68767474941339,3.68767474941339,3.4854897417364628,3.538233757019043,13300,0.0,0.0
2009-10-07 00:00:00-04:00,3.520652937507173,3.6041638690536724,3.520652937507173,3.5821871757507324,9400,0.0,0.0
2009-10-08 00:00:00-04:00,3.604164295801924,3.6261409917069978,3.5602113231623873,3.5953738689422607,14500,0.0,0.0
2009-10-09 00:00:00-04:00,3.5690014050692582,3.626140641231557,3.555815556468903,3.6085593700408936,11700,0.0,0.0
2009-10-12 00:00:00-04:00,3.6261409291916085,3.6261409291916085,3.5821875381392267,3.5909783840179443,10000,0.0,0.0
2009-10-13 00:00:00-04:00,3.6481173191602676,3.6481173191602676,3.586582660675049,3.586582660675049,13500,0.0,0.0
2009-10-14 00:00:00-04:00,3.59976817946719,3.630535715476673,3.5909777543005728,3.6217448711395264,16900,0.0,0.0
2009-10-15 00:00:00-04:00,3.5865819428495063,3.6041632104450243,3.4898849710741584,3.5206522941589355,32600,0.0,0.0
2009-10-16 00:00:00-04:00,3.49867647594777,3.49867647594777,3.4503278732299805,3.4503278732299805,25000,0.0,0.0
2009-10-19 00:00:00-04:00,3.4723041119129334,3.520652708280295,3.459118054872647,3.5162572860717773,14200,0.0,0.0
2009-10-20 00:00:00-04:00,3.5118616958718873,3.5118616958718873,3.4547226769912927,3.459117889404297,10900,0.0,0.0
2009-10-21 00:00:00-04:00,3.4679094469069676,3.485490720409298,3.432746899902307,3.454723596572876,38800,0.0,0.0
2009-10-22 00:00:00-04:00,3.4063750707947897,3.6129553537462513,3.4063750707947897,3.441537618637085,17900,0.0,0.0
2009-10-23 00:00:00-04:00,3.441538441256853,3.463515143703966,3.4063758850097656,3.4063758850097656,29300,0.0,0.0
2009-10-26 00:00:00-04:00,3.410769238340335,3.4195598720645015,3.3931877613067627,3.3931877613067627,12700,0.0,0.0
2009-10-27 00:00:00-04:00,3.4063740406417637,3.4679084807565825,3.4063740406417637,3.410769462585449,15500,0.0,0.0
2009-10-28 00:00:00-04:00,3.419561218717489,3.4415377068898168,3.3843984603881836,3.3843984603881836,17100,0.0,0.0
2009-10-29 00:00:00-04:00,3.406375125185255,3.441537673589,3.362421939680574,3.3800032138824463,17000,0.0,0.0
2009-10-30 00:00:00-04:00,3.3668169044905674,3.388793600410576,3.2877011764320843,3.314073085784912,27700,0.0,0.0
2009-11-02 00:00:00-05:00,3.230561900978722,3.3580262329792143,3.230561900978722,3.353631019592285,28300,0.0,0.0
2009-11-03 00:00:00-05:00,3.327259852032541,3.3580269813537598,3.27451581253766,3.3580269813537598,19900,0.0,0.0
2009-11-04 00:00:00-05:00,3.3756074789592683,3.4019793878278604,3.248143147968424,3.2657244205474854,18400,0.0,0.0
2009-11-05 00:00:00-05:00,3.287700413591999,3.459117889404297,3.287700413591999,3.459117889404297,33200,0.0,0.0
2009-11-06 00:00:00-05:00,3.4371419424078695,3.4591184270592352,3.397583976616006,3.419560670852661,11200,0.0,0.0
2009-11-09 00:00:00-05:00,3.4283509377540895,3.5162572860717773,3.4283509377540895,3.5162572860717773,50000,0.0,0.0
2009-11-10 00:00:00-05:00,3.5162572586520304,3.582186914583544,3.4986759891255916,3.5558152198791504,26800,0.0,0.0
2009-11-11 00:00:00-05:00,3.5777926445007324,3.6085597676821,3.5602113713727204,3.5777926445007324,22600,0.0,0.0
2009-11-12 00:00:00-05:00,3.600264947955666,3.636222614987873,3.523854798349925,3.5283493995666504,27000,0.18,0.0
2009-11-13 00:00:00-05:00,3.460928666718961,3.532844215107977,3.460928666718961,3.5283493995666504,22600,0.0,0.0
2009-11-16 00:00:00-05:00,3.5373392998263546,3.546328717813126,3.4968870260481983,3.5418341159820557,26200,0.0,0.0
2009-11-17 00:00:00-05:00,3.460928666718961,3.541833631866029,3.460928666718961,3.5283493995666504,23300,0.0,0.0
2009-11-18 00:00:00-05:00,3.546329298375369,3.546329298375369,3.4923927816249045,3.5058770179748535,15100,0.0,0.0
2009-11-19 00:00:00-05:00,3.4968882469968614,3.541835352624131,3.474414587020874,3.474414587020874,24300,0.0,0.0
2009-11-20 00:00:00-05:00,3.474413942708083,3.5193610400001365,3.465424523249672,3.5058770179748535,31400,0.0,0.0
2009-11-23 00:00:00-05:00,3.5058773425777123,3.5148667628684374,3.415982925345777,3.4968879222869873,47200,0.0,0.0
2009-11-24 00:00:00-05:00,3.4878968204386576,3.4968862363954756,3.4294655095570503,3.4699177742004395,12200,0.0,0.0
2009-11-25 00:00:00-05:00,3.4654250144958496,3.474414435228568,3.4429513555017044,3.4654250144958496,10500,0.0,0.0
2009-11-27 00:00:00-05:00,3.4429511360807457,3.4789088167200197,3.4249722957611084,3.4249722957611084,11400,0.0,0.0
2009-11-30 00:00:00-05:00,3.4159830065025716,3.4789089500326384,3.3530570629725043,3.460930109024048,31800,0.0,0.0
2009-12-01 00:00:00-05:00,3.4789085452749555,3.5283504594585473,3.460929706358134,3.5058770179748535,33000,0.0,0.0
2009-12-02 00:00:00-05:00,3.49688758105864,3.5328452587127686,3.469919108493379,3.5328452587127686,15000,0.0,0.0
2009-12-03 00:00:00-05:00,3.541835609819996,3.5688038751547,3.5328461880417614,3.546330213546753,32000,0.0,0.0
2009-12-04 00:00:00-05:00,3.5508239787312874,3.595771074295044,3.541834559618536,3.595771074295044,41300,0.0,0.0
2009-12-07 00:00:00-05:00,3.595770590052081,3.663191117155854,3.591275773938694,3.636223077774048,9400,0.0,0.0
2009-12-08 00:00:00-05:00,3.6182442034813787,3.6407178551599966,3.523855209350586,3.523855209350586,25700,0.0,0.0
2009-12-09 00:00:00-05:00,3.5283493995666504,3.5912753168730127,3.492391732534443,3.5283493995666504,26500,0.0,0.0
2009-12-10 00:00:00-05:00,3.5238558392992365,3.5867817751939617,3.4609296890798467,3.5328452587127686,35800,0.0,0.0
2009-12-11 00:00:00-05:00,3.550825031598231,3.5553196353249876,3.5148673444852925,3.546330213546753,26400,0.0,0.0
2009-12-14 00:00:00-05:00,3.5508246194013635,3.5643086433410645,3.5238563571972654,3.5643086433410645,42400,0.0,0.0
2009-12-15 00:00:00-05:00,3.595770688195369,3.595770688195369,3.3800244383306617,3.3935086727142334,77300,0.0,0.0
2009-12-16 00:00:00-05:00,3.4519399103139072,3.4789081657470655,3.4294664712819296,3.456434726715088,25300,0.0,0.0
2009-12-17 00:00:00-05:00,3.451939881412635,3.541834279761834,3.451939881412635,3.510371208190918,21800,0.0,0.0
2009-12-18 00:00:00-05:00,3.4968865480757696,3.546328233082754,3.4968865480757696,3.5283493995666504,74500,0.0,0.0
2009-12-21 00:00:00-05:00,3.5418346958084967,3.546329298375369,3.4968875985164427,3.5058770179748535,26500,0.0,0.0
2009-12-22 00:00:00-05:00,3.49688800536592,3.5148668463745105,3.460930109024048,3.460930109024048,27200,0.0,0.0
2009-12-23 00:00:00-05:00,3.474414587020874,3.4968882469968614,3.469919769295794,3.474414587020874,20600,0.0,0.0
2009-12-24 00:00:00-05:00,3.460928464076807,3.465423279354956,3.415981382918262,3.420476198196411,11800,0.0,0.0
2009-12-28 00:00:00-05:00,3.4384568166228746,3.4834039211273193,3.4384568166228746,3.4834039211273193,10700,0.0,0.0
2009-12-29 00:00:00-05:00,3.4744140573846565,3.568803071975708,3.4744140573846565,3.568803071975708,45200,0.0,0.0
2009-12-30 00:00:00-05:00,3.5688024828230867,3.631728410720825,3.54183422800977,3.631728410720825,57200,0.0,0.0
2009-12-31 00:00:00-05:00,3.6227387399023168,3.887926437562162,3.6227387399023168,3.811516284942627,106100,0.0,0.0
2010-01-04 00:00:00-05:00,3.7980338669831326,3.8429811858122775,3.7396025239650044,3.820507526397705,43100,0.0,0.0
2010-01-05 00:00:00-05:00,3.833990514158026,3.833990514158026,3.730612308906006,3.775559186935425,19500,0.0,0.0
2010-01-06 00:00:00-05:00,3.766570192286418,3.802527868169638,3.7261176997554686,3.7306125164031982,12800,0.0,0.0
2010-01-07 00:00:00-05:00,3.730612666178161,3.748591504841577,3.7081390106865593,3.7261178493499756,16500,0.0,0.0
2010-01-08 00:00:00-05:00,3.712633678461588,3.874443219936078,3.6856652072245186,3.7306125164031982,16800,0.0,0.0
2010-01-11 00:00:00-05:00,3.7620751064789992,3.856464106081667,3.7620751064789992,3.784548759460449,18000,0.0,0.0
2010-01-12 00:00:00-05:00,3.784550150731586,3.811518201303862,3.735108438916124,3.753087282180786,19600,0.0,0.0
2010-01-13 00:00:00-05:00,3.757580489469508,3.7665701225986443,3.667686301424649,3.7126336097717285,17000,0.0,0.0
2010-01-14 00:00:00-05:00,3.70364442572164,3.7261180826201845,3.6856655859326746,3.6991496086120605,12100,0.0,0.0
2010-01-15 00:00:00-05:00,3.703643578846006,3.7396012502018503,3.6856647431680836,3.690159559249878,25300,0.0,0.0
2010-01-19 00:00:00-05:00,3.703643839168927,3.7890436361286066,3.6856650022273025,3.775559186935425,39600,0.0,0.0
2010-01-20 00:00:00-05:00,3.7755605147745372,3.7755605147745372,3.7306136209375995,3.753087282180786,25800,0.0,0.0
2010-01-21 00:00:00-05:00,3.7485926162869223,3.7845503042750908,3.7171297464596376,3.7216241359710693,26700,0.0,0.0
2010-01-22 00:00:00-05:00,3.7306136209375995,3.7890449687101104,3.7306136209375995,3.753087282180786,28500,0.0,0.0
2010-01-25 00:00:00-05:00,3.748591504841577,3.748591504841577,3.7036441938583735,3.7261178493499756,13300,0.0,0.0
2010-01-26 00:00:00-05:00,3.780054143643048,3.780054143643048,3.7081387932071608,3.7126336097717285,20200,0.0,0.0
2010-01-27 00:00:00-05:00,3.7081377506256104,3.7620742482877176,3.7081377506256104,3.7081377506256104,17000,0.0,0.0
2010-01-28 00:00:00-05:00,3.708138723932758,3.7126335404133552,3.6676862329059685,3.694654703140259,15200,0.0,0.0
2010-01-29 00:00:00-05:00,3.6991486373119624,3.7171279010293934,3.636222928897913,3.6407177448272705,19700,0.0,0.0
2010-02-01 00:00:00-05:00,3.6497082085880432,3.6811710736618424,3.6317293673102453,3.6586978435516357,11600,0.0,0.0
2010-02-02 00:00:00-05:00,3.6497069480367466,3.667685783104938,3.6407177448272705,3.6407177448272705,19600,0.0,0.0
2010-02-03 00:00:00-05:00,3.6407177448272705,3.676675414963653,3.6407177448272705,3.6407177448272705,12500,0.0,0.0
2010-02-04 00:00:00-05:00,3.640718604155921,3.6542026264774248,3.595771291551787,3.609255313873291,23300,0.0,0.0
2010-02-05 00:00:00-05:00,3.6182460893077537,3.672182624258555,3.6137512708994843,3.6631929874420166,16900,0.0,0.0
2010-02-08 00:00:00-05:00,3.649707898849076,3.6631919215007316,3.6137502193450928,3.6137502193450928,9700,0.0,0.0
2010-02-09 00:00:00-05:00,3.640716595507711,3.6631898107615637,3.6137481370943414,3.6452109813690186,19500,0.0,0.0
2010-02-10 00:00:00-05:00,3.7261171586100184,3.7261171586100184,3.64521218529798,3.672180652618408,27800,0.0,0.0
2010-02-11 00:00:00-05:00,3.695161771489937,3.759505542521806,3.6400101555937985,3.708949565887451,24600,0.18,0.0
2010-02-12 00:00:00-05:00,3.699757151356381,3.699757151356381,3.6124336664117993,3.6721811294555664,17400,0.0,0.0
2010-02-16 00:00:00-05:00,3.653798127430008,3.6813741558702873,3.6308183959338436,3.6767780780792236,20900,0.0,0.0
2010-02-17 00:00:00-05:00,3.681373242423609,3.681373242423609,3.607837550084112,3.6262214183807373,18000,0.0,0.0
2010-02-18 00:00:00-05:00,3.621625490342237,3.6675851601886116,3.621625490342237,3.653797149658203,17800,0.0,0.0
2010-02-19 00:00:00-05:00,3.6629886490117354,3.6629886490117354,3.6124331277556614,3.6400089263916016,17400,0.0,0.0
2010-02-22 00:00:00-05:00,3.644605286677362,3.644605286677362,3.612433626734767,3.6262214183807373,10800,0.0,0.0
2010-02-23 00:00:00-05:00,3.6354129999351925,3.644604933191992,3.5894533336511967,3.607837200164795,58500,0.0,0.0
2010-02-24 00:00:00-05:00,3.6216253789076633,3.6492011799670023,3.612433445221217,3.63541316986084,28500,0.0,0.0
2010-02-25 00:00:00-05:00,3.621625490342237,3.658393226219337,3.6170294137811028,3.653797149658203,14200,0.0,0.0
2010-02-26 00:00:00-05:00,3.6537972208256746,3.662989154973987,3.6216255608830794,3.6262214183807373,14600,0.0,0.0
2010-03-01 00:00:00-05:00,3.626221739500135,3.662989479349345,3.5940500767085837,3.658393621444702,29000,0.0,0.0
2010-03-02 00:00:00-05:00,3.6767780780792236,3.6767780780792236,3.6400103323629196,3.6767780780792236,11300,0.0,0.0
2010-03-03 00:00:00-05:00,3.676777206156702,3.7043532280575167,3.6675852719074302,3.6721811294555664,17700,0.0,0.0
2010-03-04 00:00:00-05:00,3.676776328494478,3.6813724040985107,3.626220592614854,3.6813724040985107,6600,0.0,0.0
2010-03-05 00:00:00-05:00,3.6629895423106147,3.704353579081486,3.6583936843269758,3.690565347671509,26900,0.0,0.0
2010-03-08 00:00:00-05:00,3.690564708052823,3.7043529370731365,3.6583930502840203,3.6997568607330322,27900,0.0,0.0
2010-03-09 00:00:00-05:00,3.5848585179202384,3.7457172870635986,3.571070504453443,3.7457172870635986,29700,0.0,0.0
2010-03-10 00:00:00-05:00,3.759504329124966,3.759504329124966,3.718140520976696,3.7227365970611572,46400,0.0,0.0
2010-03-11 00:00:00-05:00,3.6951605788603303,3.7227365970611572,3.681372788912887,3.7227365970611572,23000,0.0,0.0
2010-03-12 00:00:00-05:00,3.718140132318984,3.722736207923017,3.6813724040985107,3.6813724040985107,10500,0.0,0.0
2010-03-15 00:00:00-04:00,3.6537972609570226,3.699757151356381,3.6537972609570226,3.6721811294555664,48000,0.0,0.0
2010-03-16 00:00:00-04:00,3.6767780780792236,3.708949746004464,3.653798127430008,3.6767780780792236,49000,0.0,0.0
2010-03-17 00:00:00-04:00,3.681373384254979,3.7089489686093176,3.662989296097078,3.6675853729248047,34600,0.0,0.0
2010-03-18 00:00:00-04:00,3.658393621444702,3.718141308276177,3.6354136744624377,3.658393621444702,36200,0.0,0.0
2010-03-19 00:00:00-04:00,3.713545083999634,3.713545083999634,3.6537973995367814,3.713545083999634,45300,0.0,0.0
2010-03-22 00:00:00-04:00,3.6997566549447916,3.7227365970611572,3.6905645027758696,3.7227365970611572,19200,0.0,0.0
2010-03-23 00:00:00-04:00,3.7273335220991672,3.7824851392418597,3.7273335220991672,3.764101266860962,110500,0.0,0.0
2010-03-24 00:00:00-04:00,3.750312296440422,3.7824839534447543,3.727332353591919,3.727332353591919,18100,0.0,0.0
2010-03-25 00:00:00-04:00,3.754908253040505,3.7778881951568706,3.708948368807774,3.7227365970611572,31400,0.0,0.0
2010-03-26 00:00:00-04:00,3.7043539041223315,3.7503133646035436,3.7043539041223315,3.7457172870635986,12800,0.0,0.0
2010-03-29 00:00:00-04:00,3.7457164901950324,3.750312566757202,3.7319286988145093,3.750312566757202,17300,0.0,0.0
2010-03-30 00:00:00-04:00,3.745716220209531,3.759504448902205,3.7227367156669815,3.727332353591919,14600,0.0,0.0
2010-03-31 00:00:00-04:00,3.7135445143658528,3.7641000373229065,3.7089484381954074,3.754908323287964,53300,0.0,0.0
2010-04-01 00:00:00-04:00,3.754909442143488,3.754909442143488,3.7319294927498428,3.7457172870635986,25800,0.0,0.0
2010-04-05 00:00:00-04:00,3.7457164901950324,3.7595047198815412,3.7411208519388484,3.750312566757202,26600,0.0,0.0
2010-04-06 00:00:00-04:00,3.7549100070411385,3.9433448314666752,3.745717850578359,3.943344831466675,69100,0.0,0.0
2010-04-07 00:00:00-04:00,3.9387475292958825,4.044455104239204,3.9387475292958825,4.016879081726074,47000,0.0,0.0
2010-04-08 00:00:00-04:00,3.9893035141947304,4.016879098517122,3.9801113605499268,3.9801113605499268,23500,0.0,0.0
2010-04-09 00:00:00-04:00,3.9709192507036084,4.016878699443564,3.9709192507036084,3.9755148887634277,19900,0.0,0.0
2010-04-12 00:00:00-04:00,3.989304232497242,4.0766275163160035,3.984708154847284,4.039859771728516,56600,0.0,0.0
2010-04-13 00:00:00-04:00,4.035263354462342,4.242082009937192,4.021475560978966,4.223698139190674,28700,0.0,0.0
2010-04-14 00:00:00-04:00,4.228293686917823,4.297233522313036,4.159354289828607,4.2512736320495605,24900,0.0,0.0
2010-04-15 00:00:00-04:00,4.214506038564351,4.246677699859861,4.18233437726884,4.196122169494629,12500,0.0,0.0
2010-04-16 00:00:00-04:00,4.182333652775996,4.182333652775996,4.099606037139893,4.099606037139893,35600,0.0,0.0
2010-04-19 00:00:00-04:00,4.122587891584154,4.209911185472273,4.122587891584154,4.159355640411377,13400,0.0,0.0
2010-04-20 00:00:00-04:00,4.186930397697636,4.223698139190674,4.17314260421426,4.223698139190674,17700,0.0,0.0
2010-04-21 00:00:00-04:00,4.219102660145578,4.288042068481445,4.219102660145578,4.288042068481445,20200,0.0,0.0
2010-04-22 00:00:00-04:00,4.265061126907659,4.301828861236572,4.228293392578745,4.301828861236572,34300,0.0,0.0
2010-04-23 00:00:00-04:00,4.366173631691998,4.370769709129341,4.159354968378327,4.288042068481445,38400,0.0,0.0
2010-04-26 00:00:00-04:00,4.26046532791908,4.329404717605312,4.26046532791908,4.311020851135254,18900,0.0,0.0
2010-04-27 00:00:00-04:00,4.324808387974174,4.356980042835005,4.205313043768339,4.214505195617676,24800,0.0,0.0
2010-04-28 00:00:00-04:00,4.223696823456845,4.251272840139379,4.205312958437128,4.2420806884765625,10100,0.0,0.0
2010-04-29 00:00:00-04:00,4.384557831293319,4.384557831293319,4.237486848739512,4.343194007873535,26900,0.0,0.0
2010-04-30 00:00:00-04:00,4.306424774941251,4.356980298157425,4.2926369846651955,4.311020851135254,22700,0.0,0.0
2010-05-03 00:00:00-04:00,4.334001293620427,4.444304505161558,4.2512736658115795,4.356980800628662,33900,0.0,0.0
2010-05-04 00:00:00-04:00,4.329404673712102,4.361576330132049,4.278849151008481,4.324808597564697,23600,0.0,0.0
2010-05-05 00:00:00-04:00,4.352385275740271,4.352385275740271,4.145566639129397,4.196122169494629,27300,0.0,0.0
2010-05-06 00:00:00-04:00,4.191526014215586,4.324809172053473,4.104202747344971,4.104202747344971,58100,0.0,0.0
2010-05-07 00:00:00-04:00,4.104202113187662,4.163949786890854,4.021474497551559,4.099606037139893,56600,0.0,0.0
2010-05-10 00:00:00-04:00,4.31561626237723,4.31561626237723,4.021474005871909,4.246676445007324,51500,0.0,0.0
2010-05-11 00:00:00-04:00,4.2099101819734415,4.265061792068015,4.191526311941916,4.2328901290893555,25500,0.0,0.0
2010-05-12 00:00:00-04:00,4.24208220519446,4.7384476148095995,4.24208220519446,4.692487716674805,113100,0.0,0.0
2010-05-13 00:00:00-04:00,4.6690951968142596,4.687809434401794,4.528741984283604,4.631667613983154,37600,0.18,0.0
2010-05-14 00:00:00-04:00,4.580204141596407,4.580204141596407,4.491313756676686,4.514705657958984,23100,0.0,0.0
2010-05-17 00:00:00-04:00,4.514705184739904,4.542776087977032,4.453885712374557,4.500669956207275,24900,0.0,0.0
2010-05-18 00:00:00-04:00,4.528740866771389,4.538097537084322,4.467920948135771,4.472599506378174,54000,0.0,0.0
2010-05-19 00:00:00-04:00,4.44452889345855,4.491313586595295,4.388387529397597,4.425815105438232,24800,0.0,0.0
2010-05-20 00:00:00-04:00,4.379032007496086,4.40242436258583,4.046861814503498,4.051540374755859,173400,0.0,0.0
2010-05-21 00:00:00-04:00,4.023468171059584,4.177857023453622,4.023468171059584,4.084287643432617,57000,0.0,0.0
2010-05-24 00:00:00-04:00,4.088967984086416,4.10300366491097,4.023469924926758,4.023469924926758,19300,0.0,0.0
2010-05-25 00:00:00-04:00,4.023469038638856,4.023469038638856,3.9205429661249593,3.96264910697937,31400,0.0,0.0
2010-05-26 00:00:00-04:00,3.9766845948134066,4.243356242514091,3.9766845948134066,4.159144401550293,51900,0.0,0.0
2010-05-27 00:00:00-04:00,4.524062759401802,4.556811778018678,4.238677370751518,4.388387680053711,49100,0.0,0.0
2010-05-28 00:00:00-04:00,4.355639449423137,4.486635993761367,4.22464245891291,4.257391929626465,105900,0.0,0.0
2010-06-01 00:00:00-04:00,4.210608148543315,4.463244619609029,4.191894352396672,4.285463333129883,54400,0.0,0.0
2010-06-02 00:00:00-04:00,4.3088544455592235,4.43049430847168,4.248034514102995,4.43049430847168,27400,0.0,0.0
2010-06-03 00:00:00-04:00,4.43049388505796,4.8188053404843485,4.43049388505796,4.697165489196777,97600,0.0,0.0
2010-06-04 00:00:00-04:00,4.655059451629141,4.678451799862841,4.374352611340529,4.407101631164551,41200,0.0,0.0
2010-06-07 00:00:00-04:00,4.397744101826254,4.425815006313981,4.084287824877433,4.145107746124268,89900,0.0,0.0
2010-06-08 00:00:00-04:00,4.145107585589657,4.257390753020096,4.079609554608097,4.112358570098877,32500,0.0,0.0
2010-06-09 00:00:00-04:00,4.098323811403288,4.233998893357026,4.0562176745604175,4.126394271850586,49900,0.0,0.0
2010-06-10 00:00:00-04:00,4.163822232675608,4.43049430847168,4.163822232675608,4.43049430847168,54600,0.0,0.0
2010-06-11 00:00:00-04:00,4.397744841911842,4.589561754819278,4.313533006620639,4.556812286376953,34900,0.0,0.0
2010-06-14 00:00:00-04:00,4.584883045855159,4.6597382064124755,4.584883045855159,4.650381088256836,39500,0.0,0.0
2010-06-15 00:00:00-04:00,4.67845124422488,4.748627834419502,4.566168521444735,4.73927116394043,45900,0.0,0.0
2010-06-16 00:00:00-04:00,4.781378108392297,4.8936608502377785,4.748628640725065,4.762664318084717,63800,0.0,0.0
2010-06-17 00:00:00-04:00,4.748628640725065,4.7907347804601095,4.655059689187164,4.762664318084717,26600,0.0,0.0
2010-06-18 00:00:00-04:00,4.767344468641668,4.842200108037967,4.74863067033563,4.809450626373291,77100,0.0,0.0
2010-06-21 00:00:00-04:00,4.790734791412822,4.912374651776168,4.743950538622889,4.8749470710754395,56100,0.0,0.0
2010-06-22 00:00:00-04:00,4.828163009225459,4.982551911531713,4.818806335901572,4.879626274108887,34900,0.0,0.0
2010-06-23 00:00:00-04:00,4.888981113947978,4.912373457743029,4.673772354142839,4.729913711547852,32000,0.0,0.0
2010-06-24 00:00:00-04:00,4.711201017752644,4.711201017752644,4.56616925571583,4.650381088256836,17000,0.0,0.0
2010-06-25 00:00:00-04:00,4.612952717016107,5.099511623382568,4.612952717016107,5.099511623382568,405400,0.0,0.0
2010-06-28 00:00:00-04:00,5.043371213333985,5.052728331649145,4.917053239283034,5.015300750732422,67700,0.0,0.0
2010-06-29 00:00:00-04:00,4.987230293165218,4.991908852746078,4.888982772827148,4.888982772827148,36700,0.0,0.0
2010-06-30 00:00:00-04:00,4.888981932062764,4.888981932062764,4.711200714111328,4.711200714111328,31200,0.0,0.0
2010-07-01 00:00:00-04:00,4.70184358968038,4.76266350939593,4.70184358968038,4.73927116394043,23700,0.0,0.0
2010-07-02 00:00:00-04:00,4.7720211609595085,4.907696257088731,4.753307369982098,4.823484420776367,26000,0.0,0.0
2010-07-06 00:00:00-04:00,4.888980360903618,4.907694143822825,4.804768560853074,4.832839012145996,17900,0.0,0.0
2010-07-07 00:00:00-04:00,4.800091275049231,4.870267868041992,4.767341811636965,4.870267868041992,21600,0.0,0.0
2010-07-08 00:00:00-04:00,4.903016761602203,4.921730995178223,4.842197287167678,4.921730995178223,23500,0.0,0.0
2010-07-09 00:00:00-04:00,4.963836567606628,5.057405948638916,4.949801338920534,5.057405948638916,51900,0.0,0.0
2010-07-12 00:00:00-04:00,4.99658644876932,5.0948339501610285,4.842197581749765,4.945123195648193,40500,0.0,0.0
2010-07-13 00:00:00-04:00,5.005943466592224,5.080798625946045,4.982551117751169,5.080798625946045,45000,0.0,0.0
2010-07-14 00:00:00-04:00,5.080799583217947,5.080799583217947,5.005944409760684,5.024658203125,21100,0.0,0.0
2010-07-15 00:00:00-04:00,4.991907910935211,5.034014046874894,4.931087986374769,4.973194122314453,22800,0.0,0.0
2010-07-16 00:00:00-04:00,4.945122822370697,4.945122822370697,4.725235935135881,4.73927116394043,42800,0.0,0.0
2010-07-19 00:00:00-04:00,4.762666206606808,4.7954152410879365,4.683132454719384,4.748630523681641,18900,0.0,0.0
2010-07-20 00:00:00-04:00,4.687810553221806,4.860913276672363,4.687810553221806,4.860913276672363,21000,0.0,0.0
2010-07-21 00:00:00-04:00,4.888981322124496,5.001264041715605,4.8421970787141335,4.846875190734863,16400,0.0,0.0
2010-07-22 00:00:00-04:00,4.926409407105578,5.001264561276039,4.884303271341715,4.945123195648193,25900,0.0,0.0
2010-07-23 00:00:00-04:00,4.907697052208317,5.141619700410873,4.907697052208317,5.11354923248291,18000,0.0,0.0
2010-07-26 00:00:00-04:00,5.141618311368832,5.314720970733254,5.090155503289222,5.310042858123779,33700,0.0,0.0
2010-07-27 00:00:00-04:00,5.333435535430908,5.34747121381658,5.23986657705303,5.333435535430908,20000,0.0,0.0
2010-07-28 00:00:00-04:00,5.324079506192885,5.361507094067855,5.127584446763275,5.239867210388184,26200,0.0,0.0
2010-07-29 00:00:00-04:00,5.286650972214791,5.39425515655539,5.244544831847787,5.338113784790039,17400,0.0,0.0
2010-07-30 00:00:00-04:00,5.296007326123401,5.375541042887185,5.296007326123401,5.3708624839782715,36700,0.0,0.0
2010-08-02 00:00:00-04:00,4.32756872710581,5.427005284893389,4.299497814722409,5.384899139404297,41700,0.0,0.0
2010-08-03 00:00:00-04:00,5.3848984778236755,5.39893370920502,5.305364756376121,5.35214900970459,19600,0.0,0.0
2010-08-04 00:00:00-04:00,5.394254832350902,5.394254832350902,5.319399674496031,5.3708624839782715,6800,0.0,0.0
2010-08-05 00:00:00-04:00,5.33811395858465,5.38489865966494,5.328757286071777,5.328757286071777,15100,0.0,0.0
2010-08-06 00:00:00-04:00,5.27729115623139,5.543963093516545,5.263255932007454,5.534605979919434,50600,0.0,0.0
2010-08-09 00:00:00-04:00,5.534607690818553,5.534607690818553,5.380218838114242,5.403611183166504,22300,0.0,0.0
2010-08-10 00:00:00-04:00,5.3942551788668975,5.483146019158675,5.3942551788668975,5.42232608795166,42400,0.0,0.0
2010-08-11 00:00:00-04:00,5.398932712698593,5.58139247166646,5.253900527954102,5.253900527954102,55800,0.0,0.0
2010-08-12 00:00:00-04:00,5.220617320070977,5.225372089677693,5.030431070200185,5.063713550567627,26300,0.18,0.0
2010-08-13 00:00:00-04:00,5.0446968048642455,5.092243611764286,4.768926413099901,4.783190727233887,39400,0.0,0.0
2010-08-16 00:00:00-04:00,4.773679455412076,5.07797791178504,4.754660830228752,4.925828456878662,45700,0.0,0.0
2010-08-17 00:00:00-04:00,4.940096378326416,4.968624110242611,4.911568192970098,4.940096378326416,31500,0.0,0.0
2010-08-18 00:00:00-04:00,4.940093312562271,4.982884883880615,4.849754492863915,4.982884883880615,19900,0.0,0.0
2010-08-19 00:00:00-04:00,4.9543583944089695,4.9543583944089695,4.759417303155634,4.773681163787842,20800,0.0,0.0
2010-08-20 00:00:00-04:00,4.754662759169085,4.7831909352376885,4.754662759169085,4.768926620483398,25200,0.0,0.0
2010-08-23 00:00:00-04:00,4.783191151633882,4.80220978539338,4.730889568715263,4.735644340515137,25700,0.0,0.0
2010-08-24 00:00:00-04:00,4.7308895192824725,4.764172468093821,4.678588390350342,4.678588390350342,30900,0.0,0.0
2010-08-25 00:00:00-04:00,4.669076895111459,4.669076895111459,4.5549651414471,4.650058269500732,51300,0.0,0.0
2010-08-26 00:00:00-04:00,4.650060213289184,4.754662924593438,4.645305894978985,4.678588390350342,23700,0.0,0.0
2010-08-27 00:00:00-04:00,4.711869923742279,4.730888553420193,4.640550175810076,4.688096523284912,26900,0.0,0.0
2010-08-30 00:00:00-04:00,4.7023612577314475,4.749907609474289,4.631041049957275,4.631041049957275,25400,0.0,0.0
2010-08-31 00:00:00-04:00,4.631039700696839,4.659567866182772,4.512173175811768,4.512173175811768,67300,0.0,0.0
2010-09-01 00:00:00-04:00,4.607266958965887,4.612021729461714,4.3837981869404965,4.440854072570801,83800,0.0,0.0
2010-09-02 00:00:00-04:00,4.474136217778401,4.55496549628057,4.374288312183949,4.545456409454346,32100,0.0,0.0
2010-09-03 00:00:00-04:00,4.597757721436965,4.7308881168983445,4.54545660800853,4.726133346557617,40300,0.0,0.0
2010-09-07 00:00:00-04:00,4.7118706703186035,4.787945201083954,4.683342948001583,4.7118706703186035,26100,0.0,0.0
2010-09-08 00:00:00-04:00,4.7071174826635,4.992397522466189,4.7071174826635,4.940096378326416,42100,0.0,0.0
2010-09-09 00:00:00-04:00,4.9876400890985355,4.992394859695246,4.897301714960456,4.94484806060791,28500,0.0,0.0
2010-09-10 00:00:00-04:00,4.9828856099845265,4.9923951517342235,4.897302001436792,4.987640380859375,33000,0.0,0.0
2010-09-13 00:00:00-04:00,5.011412870703497,5.035186267315756,4.987639474091238,5.025676727294922,27700,0.0,0.0
2010-09-14 00:00:00-04:00,5.025678247187253,5.025678247187253,4.845001013108473,4.859265327453613,24200,0.0,0.0
2010-09-15 00:00:00-04:00,4.864018646702957,4.902056357039516,4.7831898158773924,4.83073616027832,27100,0.0,0.0
2010-09-16 00:00:00-04:00,4.854510465820094,4.864019555100235,4.702361409818195,4.764172077178955,35100,0.0,0.0
2010-09-17 00:00:00-04:00,4.816472415480065,5.1207709312438965,4.773680387105789,5.1207709312438965,140700,0.0,0.0
2010-09-20 00:00:00-04:00,5.077979024715851,5.253901459578119,4.992394965913708,5.244391918182373,55700,0.0,0.0
2010-09-21 00:00:00-04:00,5.234882515528656,5.25390114373694,5.163562319667693,5.182580947875977,10800,0.0,0.0
2010-09-22 00:00:00-04:00,5.173072172508006,5.173072172508006,4.99714973761057,5.020923137664795,14600,0.0,0.0
2010-09-23 00:00:00-04:00,5.006658465812659,5.05896003286178,4.802208328292922,4.930583953857422,20300,0.0,0.0
2010-09-24 00:00:00-04:00,4.973376457843614,5.135035037994385,4.96862168702979,5.135035037994385,19500,0.0,0.0
2010-09-27 00:00:00-04:00,5.120771095604096,5.13028018363699,5.0209231773392835,5.068469524383545,13400,0.0,0.0
2010-09-28 00:00:00-04:00,5.063714591118275,5.13028001897158,4.959112358914357,5.1207709312438965,14400,0.0,0.0
2010-09-29 00:00:00-04:00,5.116016408178994,5.135035037994385,5.09224300754978,5.135035037994385,13900,0.0,0.0
2010-09-30 00:00:00-04:00,5.135035954703626,5.139790726366273,5.087489144957118,5.106507778167725,16800,0.0,0.0
2010-10-01 00:00:00-04:00,5.144545158947463,5.144545158947463,4.95911359438207,4.96862268447876,24000,0.0,0.0
2010-10-04 00:00:00-04:00,4.968621750799889,4.9923951517342235,4.940094032430613,4.987640380859375,17600,0.0,0.0
2010-10-05 00:00:00-04:00,5.006658985837476,5.173072338104248,4.959112637646903,5.173072338104248,44500,0.0,0.0
2010-10-06 00:00:00-04:00,5.220618498758893,5.234882810799575,5.135034893714246,5.215864181518555,28800,0.0,0.0
2010-10-07 00:00:00-04:00,5.230129407353489,5.230129407353489,5.101753286067245,5.1493000984191895,19500,0.0,0.0
2010-10-08 00:00:00-04:00,5.1255254963667385,5.158808438623598,5.030432347289786,5.135035037994385,22100,0.0,0.0
2010-10-11 00:00:00-04:00,5.130281819347415,5.130281819347415,4.973377962539202,5.006660461425781,18500,0.0,0.0
2010-10-12 00:00:00-04:00,5.00665995526675,5.0494519943319345,4.868774747967818,4.959113597869873,45000,0.0,0.0
2010-10-13 00:00:00-04:00,4.954357989067332,5.0922431730707824,4.878283467333002,5.082733631134033,26300,0.0,0.0
2010-10-14 00:00:00-04:00,5.049450874328613,5.058960415762702,5.001904527477847,5.049450874328613,23200,0.0,0.0
2010-10-15 00:00:00-04:00,5.068469375483078,5.068469375483078,4.906810802713994,4.94484806060791,32100,0.0,0.0
2010-10-18 00:00:00-04:00,4.944848205876655,5.068469524383545,4.916320488338077,5.068469524383545,10700,0.0,0.0
2010-10-19 00:00:00-04:00,5.044696271037834,5.044696271037834,4.973376521674737,4.987640380859375,27900,0.0,0.0
2010-10-20 00:00:00-04:00,5.025676750659593,5.096996940827941,4.987639497279072,5.0446953773498535,21500,0.0,0.0
2010-10-21 00:00:00-04:00,5.049450854977952,5.077979025731,4.968621566857522,5.020923137664795,12300,0.0,0.0
2010-10-22 00:00:00-04:00,5.011413843189695,5.039942015348384,5.001904754763408,5.035187244415283,13500,0.0,0.0
2010-10-25 00:00:00-04:00,5.016169106985056,5.063715460667973,4.992395703423619,5.054206371307373,22200,0.0,0.0
2010-10-26 00:00:00-04:00,5.049450834081659,5.058960375439952,4.968621546295728,5.001904487609863,26100,0.0,0.0
2010-10-27 00:00:00-04:00,5.001905948567873,5.063716171690765,4.949604362700781,5.039943218231201,13700,0.0,0.0
2010-10-28 00:00:00-04:00,5.058960874560438,5.058960874560438,4.992395438804666,5.03043270111084,6500,0.0,0.0
2010-10-29 00:00:00-04:00,5.016168614122795,5.035187244415283,4.973376582604718,5.035187244415283,15100,0.0,0.0
2010-11-01 00:00:00-04:00,5.020921933407279,5.073223038230351,4.997148539055052,5.016167163848877,33600,0.0,0.0
2010-11-02 00:00:00-04:00,5.049452504817119,5.049452504817119,4.963868418034443,5.006660461425781,32400,0.0,0.0
2010-11-03 00:00:00-04:00,5.006659279925587,5.035187453267583,4.944848615551205,5.011414051055908,20800,0.0,0.0
2010-11-04 00:00:00-04:00,4.9543565702518695,5.068468320174343,4.9543565702518695,5.063713550567627,41000,0.0,0.0
2010-11-05 00:00:00-04:00,5.054205665614256,5.07322429511994,5.035187036108573,5.068469524383545,19800,0.0,0.0
2010-11-08 00:00:00-05:00,5.073224542637201,5.1065070325359905,5.073224542637201,5.082733631134033,34500,0.0,0.0
2010-11-09 00:00:00-05:00,5.073224542637201,5.096997944039158,5.073224542637201,5.082733631134033,50600,0.0,0.0
2010-11-10 00:00:00-05:00,5.087570077342125,5.111750173472392,5.029536555253329,5.073061466217041,21700,0.18,0.0
2010-11-11 00:00:00-05:00,4.9860124588012695,4.9860124588012695,4.9521594916497085,4.9860124588012695,32500,0.0,0.0
2010-11-12 00:00:00-05:00,4.971503038157874,4.981175444687004,4.961831092834473,4.961831092834473,21600,0.0,0.0
2010-11-15 00:00:00-05:00,4.971504415707887,4.986013029521762,4.898963191461939,4.908635139465332,15300,0.0,0.0
2010-11-16 00:00:00-05:00,4.894126596091609,4.894126596091609,4.758716106414795,4.758716106414795,27500,0.0,0.0
2010-11-17 00:00:00-05:00,4.758716106414795,4.7780604620829115,4.749043697977828,4.758716106414795,27100,0.0,0.0
2010-11-18 00:00:00-05:00,4.778059935708557,4.802240492931309,4.753879378485805,4.7974042892456055,10100,0.0,0.0
2010-11-19 00:00:00-05:00,4.807075262630393,4.807075262630393,4.6619928710649265,4.686172962188721,34200,0.0,0.0
2010-11-22 00:00:00-05:00,4.6813385032123875,4.715191009024657,4.628141181272192,4.710354804992676,21400,0.0,0.0
2010-11-23 00:00:00-05:00,4.666828592940525,4.758714599164958,4.666828592940525,4.705517292022705,15000,0.0,0.0
2010-11-24 00:00:00-05:00,4.705519291996154,4.81191349029541,4.705519291996154,4.81191349029541,34300,0.0,0.0
2010-11-26 00:00:00-05:00,4.797405597211329,4.811913751018179,4.797405597211329,4.802241802215576,5500,0.0,0.0
2010-11-29 00:00:00-05:00,4.749043270195212,4.773223827903685,4.700682615984046,4.720026969909668,17800,0.0,0.0
2010-11-30 00:00:00-05:00,4.6910095643558005,4.710353915625497,4.647484658697554,4.652320861816406,24400,0.0,0.0
2010-12-01 00:00:00-05:00,4.652322074964956,4.652322074964956,4.618469566716969,4.642650127410889,27000,0.0,0.0
2010-12-02 00:00:00-05:00,4.632976411425534,4.642648817456301,4.618468263585087,4.637812614440918,23100,0.0,0.0
2010-12-03 00:00:00-05:00,4.623304707462317,4.642649059325937,4.603960355598698,4.628140449523926,11900,0.0,0.0
2010-12-06 00:00:00-05:00,4.603960355598698,4.637812856058599,4.603960355598698,4.628140449523926,14600,0.0,0.0
2010-12-07 00:00:00-05:00,4.637812713665562,4.681337619323808,4.603960214245021,4.652320861816406,33500,0.0,0.0
2010-12-08 00:00:00-05:00,4.652320762281365,4.652320762281365,4.599123912729257,4.637812614440918,23500,0.0,0.0
2010-12-09 00:00:00-05:00,4.652322074964956,4.686174583212943,4.62330577109692,4.642650127410889,44400,0.0,0.0
2010-12-10 00:00:00-05:00,4.628140307427857,4.652320861816406,4.613632159277012,4.652320861816406,20900,0.0,0.0
2010-12-13 00:00:00-05:00,4.6474860199188015,4.657158428989498,4.608797306047711,4.618469715118408,36900,0.0,0.0
2010-12-14 00:00:00-05:00,4.618469284018948,4.671666145324707,4.618469284018948,4.671666145324707,33200,0.0,0.0
2010-12-15 00:00:00-05:00,4.642650276589301,4.671666581389695,4.594289153647515,4.618469715118408,33500,0.0,0.0
2010-12-16 00:00:00-05:00,4.647485640639847,4.840929655414278,4.623305542348128,4.816749095916748,73900,0.0,0.0
2010-12-17 00:00:00-05:00,4.807077854455745,4.826422214508057,4.7442090301901745,4.826422214508057,92200,0.0,0.0
2010-12-20 00:00:00-05:00,4.826421560278061,4.874782684456366,4.807077202847911,4.869946479797363,53500,0.0,0.0
2010-12-21 00:00:00-05:00,4.840930490744402,4.840930490744402,4.724864338575355,4.8215861320495605,33300,0.0,0.0
2010-12-22 00:00:00-05:00,4.816749693338414,4.952160197631419,4.763552824810487,4.903799533843994,39800,0.0,0.0
2010-12-23 00:00:00-05:00,4.894126986857314,4.932815701282601,4.8457663244286335,4.908635139465332,15800,0.0,0.0
2010-12-27 00:00:00-05:00,4.8747811103944905,4.913469812762248,4.860272962308009,4.894125461578369,8900,0.0,0.0
2010-12-28 00:00:00-05:00,4.903799721453583,4.971504745587411,4.879619158031837,4.932816028594971,48400,0.0,0.0
2010-12-29 00:00:00-05:00,4.9231430069704505,4.95215930778785,4.9231430069704505,4.93765115737915,25100,0.0,0.0
2010-12-30 00:00:00-05:00,4.932815334124314,4.952159689897122,4.92314338684082,4.92314338684082,32700,0.0,0.0
2010-12-31 00:00:00-05:00,4.908635465173224,4.96666900186777,4.908635465173224,4.932816028594971,37500,0.0,0.0
2011-01-03 00:00:00-05:00,4.956996144800418,5.174620273550487,4.937651788049431,5.169784069061279,65500,0.0,0.0
2011-01-04 00:00:00-05:00,5.169784357288746,5.174620562047584,5.116587488559143,5.140768051147461,25600,0.0,0.0
2011-01-05 00:00:00-05:00,5.126257464344066,5.203634858926434,5.07789636212726,5.198798656463623,20300,0.0,0.0
2011-01-06 00:00:00-05:00,5.184292157556037,5.184292157556037,5.097242330388529,5.116586685180664,17100,0.0,0.0
2011-01-07 00:00:00-05:00,5.126258850097656,5.131094592662036,5.082733938577809,5.126258850097656,14700,0.0,0.0
2011-01-10 00:00:00-05:00,5.1020781797640975,5.121422533211688,5.0778976226531665,5.11175012588501,12300,0.0,0.0
2011-01-11 00:00:00-05:00,5.11175012588501,5.121422533211688,5.087570029979846,5.11175012588501,20100,0.0,0.0
2011-01-12 00:00:00-05:00,5.111750456340536,5.155275369712779,5.077897950920255,5.135931015014648,26300,0.0,0.0
2011-01-13 00:00:00-05:00,5.126259275641444,5.164947986602783,5.116586867298202,5.164947986602783,17100,0.0,0.0
2011-01-14 00:00:00-05:00,5.145604321843823,5.174620628356934,5.077898837970107,5.174620628356934,14600,0.0,0.0
2011-01-18 00:00:00-05:00,5.131094857438922,5.1891279220581055,5.0924061476928,5.1891279220581055,20700,0.0,0.0
2011-01-19 00:00:00-05:00,5.126258850097656,5.193963858056728,5.116586442557345,5.126258850097656,33600,0.0,0.0
2011-01-20 00:00:00-05:00,5.111750506210369,5.145603473166712,5.092406151323517,5.09724235534668,25600,0.0,0.0
2011-01-21 00:00:00-05:00,5.106916319891119,5.126260680673792,5.073063342616985,5.092407703399658,27800,0.0,0.0
2011-01-24 00:00:00-05:00,5.106912255267375,5.121420399005771,5.077895506585008,5.102076053619385,12900,0.0,0.0
2011-01-25 00:00:00-05:00,5.102078534388013,5.121422889180148,5.082734179595877,5.116586685180664,20100,0.0,0.0
2011-01-26 00:00:00-05:00,5.12142214780324,5.160110851786936,5.102077795811392,5.145602703094482,16200,0.0,0.0
2011-01-27 00:00:00-05:00,5.135931846388623,5.164948613735779,5.135931846388623,5.140768051147461,20700,0.0,0.0
2011-01-28 00:00:00-05:00,5.160113494989598,5.160113494989598,5.06339168548584,5.06339168548584,38400,0.0,0.0
2011-01-31 00:00:00-05:00,5.073063668084465,5.082736079699316,5.005358631604395,5.0440473556518555,29400,0.0,0.0
2011-02-01 00:00:00-05:00,5.048881885413614,5.063390499344891,5.010193170675262,5.053718090057373,22300,0.0,0.0
2011-02-02 00:00:00-05:00,5.03437123829793,5.068223731619559,5.03437123829793,5.058551788330078,4300,0.0,0.0
2011-02-03 00:00:00-05:00,5.034371973369953,5.048880121025334,5.005355678059191,5.02953577041626,19800,0.0,0.0
2011-02-04 00:00:00-05:00,5.015027622760878,5.039208176323646,4.995683272151805,5.02953577041626,20100,0.0,0.0
2011-02-07 00:00:00-05:00,5.029537393600308,5.155275943741778,5.029537393600308,5.150439739227295,24900,0.0,0.0
2011-02-08 00:00:00-05:00,5.135930990243801,5.160111548801289,5.097242281034136,5.155275344848633,19700,0.0,0.0
2011-02-09 00:00:00-05:00,5.135930990243801,5.174619699453465,5.131094786291144,5.155275344848633,44300,0.0,0.0
2011-02-10 00:00:00-05:00,5.116587230037609,5.16011214825626,5.053717954966875,5.150439739227295,35500,0.0,0.0
2011-02-11 00:00:00-05:00,5.140599565134783,5.1799534005912715,5.071730587653289,5.175034523010254,27300,0.18,0.0
2011-02-14 00:00:00-05:00,5.165198867564203,5.170118217173331,5.116006309742925,5.1406025886535645,36700,0.0,0.0
2011-02-15 00:00:00-05:00,5.120924118847299,5.130762815105823,5.071732044959252,5.111085891723633,24800,0.0,0.0
2011-02-16 00:00:00-05:00,5.1061647496907865,5.116002973358077,5.06681091675224,5.101245403289795,25600,0.0,0.0
2011-02-17 00:00:00-05:00,5.06681091675224,5.1061647496907865,5.056972223950256,5.101245403289795,30800,0.0,0.0
2011-02-18 00:00:00-05:00,5.1110844843632375,5.189792156219482,5.091407566399177,5.189792156219482,48000,0.0,0.0
2011-02-22 00:00:00-05:00,5.214388358466743,5.224226582763503,5.160276482863027,5.175034523010254,18200,0.0,0.0
2011-02-23 00:00:00-05:00,5.16519582957877,5.263580418219992,5.150438258566267,5.175034523010254,10100,0.0,0.0
2011-02-24 00:00:00-05:00,5.189792977474295,5.189792977474295,5.101246598056701,5.1209235191345215,28500,0.0,0.0
2011-02-25 00:00:00-05:00,5.130762214240834,5.130762214240834,5.08156967697888,5.1209235191345215,22000,0.0,0.0
2011-02-28 00:00:00-05:00,5.116004226127702,5.145519842626527,5.091408426369291,5.096327304840088,13500,0.0,0.0
2011-03-01 00:00:00-05:00,5.096327904663533,5.125843524636264,5.071732102010266,5.086489677429199,21900,0.0,0.0
2011-03-02 00:00:00-05:00,5.091408184786238,5.096327063023638,5.056973222315717,5.076650142669678,9900,0.0,0.0
2011-03-03 00:00:00-05:00,5.086488663021457,5.091408010224982,5.05697304893508,5.071731090545654,24200,0.0,0.0
2011-03-04 00:00:00-05:00,5.086487386070578,5.086487386070578,5.0126986039465224,5.037294864654541,26200,0.0,0.0
2011-03-07 00:00:00-05:00,5.012700136514755,5.012700136514755,4.938911800965522,4.9487504959106445,13700,0.0,0.0
2011-03-08 00:00:00-05:00,4.933994175918348,4.993024958791957,4.884802091424487,4.943832874298096,23500,0.0,0.0
2011-03-09 00:00:00-05:00,4.95366937424841,4.973346295003858,4.929073575155196,4.9487504959106445,23300,0.0,0.0
2011-03-10 00:00:00-05:00,4.933994613180794,4.953671542549147,4.850367546081543,4.850367546081543,37600,0.0,0.0
2011-03-11 00:00:00-05:00,4.865124283062597,4.924155055249818,4.820851086638463,4.879881858825684,44400,0.0,0.0
2011-03-14 00:00:00-04:00,4.8552854629849,4.8552854629849,4.747062148826546,4.771658420562744,24100,0.0,0.0
2011-03-15 00:00:00-04:00,4.7470634135183944,4.7470634135183944,4.683113746755898,4.688032627105713,26100,0.0,0.0
2011-03-16 00:00:00-04:00,4.717546091607059,4.737223011388261,4.643757290576475,4.66835355758667,42300,0.0,0.0
2011-03-17 00:00:00-04:00,4.678192027894943,4.7667379281003965,4.678192027894943,4.727384090423584,27800,0.0,0.0
2011-03-18 00:00:00-04:00,4.781497116911169,4.781497116911169,4.702789422663225,4.771658420562744,35000,0.0,0.0
2011-03-21 00:00:00-04:00,4.786415588367978,4.825769901275635,4.771658014236872,4.825769901275635,21400,0.0,0.0
2011-03-22 00:00:00-04:00,4.830689257062685,4.884801149446522,4.796254757643786,4.865124225616455,34500,0.0,0.0
2011-03-23 00:00:00-04:00,4.840526642428214,4.870041785611336,4.815930377019119,4.855284214019775,7900,0.0,0.0
2011-03-24 00:00:00-04:00,4.855284750842935,4.87988101897151,4.845446525072381,4.870042324066162,14400,0.0,0.0
2011-03-25 00:00:00-04:00,4.874962452964054,4.909396952382953,4.820851029715087,4.865124225616455,19400,0.0,0.0
2011-03-28 00:00:00-04:00,4.850364610070336,4.870041527527904,4.796253204345703,4.796253204345703,14300,0.0,0.0
2011-03-29 00:00:00-04:00,4.801175811542527,4.860206604003906,4.796256461553653,4.860206604003906,15300,0.0,0.0
2011-03-30 00:00:00-04:00,4.865124698472226,4.914316778261081,4.8602053497528654,4.904478549957275,23800,0.0,0.0
2011-03-31 00:00:00-04:00,4.90447705104713,4.909395929128264,4.815930677699922,4.889719009399414,41800,0.0,0.0
2011-04-01 00:00:00-04:00,4.879880784102375,4.924153970775979,4.845446291860582,4.889719009399414,27800,0.0,0.0
2011-04-04 00:00:00-04:00,4.87496292677603,4.919236126980441,4.850366652314145,4.904478549957275,21200,0.0,0.0
2011-04-05 00:00:00-04:00,4.894639073731897,4.909396648406982,4.8700428031835274,4.909396648406982,8200,0.0,0.0
2011-04-06 00:00:00-04:00,4.874960629325801,5.1061647496907865,4.874960629325801,5.101245403289795,27000,0.0,0.0
2011-04-07 00:00:00-04:00,5.106166601032731,5.116004828267066,5.042216482037535,5.086489677429199,20600,0.0,0.0
2011-04-08 00:00:00-04:00,5.091410499967286,5.1406025886535645,5.017621663235369,5.1406025886535645,28100,0.0,0.0
2011-04-11 00:00:00-04:00,5.120925814052556,5.120925814052556,4.943833444989086,5.012702465057373,22400,0.0,0.0
2011-04-12 00:00:00-04:00,4.997944480347021,5.066813963975495,4.9881062507629395,4.9881062507629395,14800,0.0,0.0
2011-04-13 00:00:00-04:00,4.973345683963362,4.983184377699672,4.889718663743679,4.919234275817871,23400,0.0,0.0
2011-04-14 00:00:00-04:00,4.874961771094363,5.1209235191345215,4.874961771094363,5.1209235191345215,23000,0.0,0.0
2011-04-15 00:00:00-04:00,5.0815681300932845,5.101245045181234,5.017618038773782,5.09140682220459,23700,0.0,0.0
2011-04-18 00:00:00-04:00,5.0176215171813965,5.061894724104833,5.0176215171813965,5.0176215171813965,7300,0.0,0.0
2011-04-19 00:00:00-04:00,5.017621814815112,5.056975674606994,4.993025535161432,5.012702465057373,12300,0.0,0.0
2011-04-20 00:00:00-04:00,5.047134936654264,5.07173120408776,5.037296242026954,5.061892509460449,23000,0.0,0.0
2011-04-21 00:00:00-04:00,5.061891787767308,5.061891787767308,4.99794168921174,5.042214870452881,8900,0.0,0.0
2011-04-25 00:00:00-04:00,5.017617949915056,5.042214210623075,5.0126986039465224,5.037294864654541,6000,0.0,0.0
2011-04-26 00:00:00-04:00,5.066811622669368,5.091407888966429,4.983184598740218,5.081569194793701,30500,0.0,0.0
2011-04-27 00:00:00-04:00,5.07173120408776,5.07173120408776,4.9782654816674325,5.061892509460449,15700,0.0,0.0
2011-04-28 00:00:00-04:00,5.012700862064804,5.091409025613798,4.993023938461272,5.086489677429199,23300,0.0,0.0
2011-04-29 00:00:00-04:00,5.086489677429199,5.091409025613798,5.052055178406733,5.086489677429199,24000,0.0,0.0
2011-05-02 00:00:00-04:00,5.091409142449411,5.091409142449411,4.99794340133667,4.99794340133667,17000,0.0,0.0
2011-05-03 00:00:00-04:00,5.037296173961109,5.066811788309434,4.997942334253192,5.007781028747559,16100,0.0,0.0
2011-05-04 00:00:00-04:00,5.012700977094254,5.042216597744297,4.99794340133667,4.99794340133667,28000,0.0,0.0
2011-05-05 00:00:00-04:00,4.993022987006009,5.056973093815068,4.988104108893601,5.007781028747559,32400,0.0,0.0
2011-05-06 00:00:00-04:00,5.017619727792511,5.027458423215694,4.948750736369508,4.968427658081055,38600,0.0,0.0
2011-05-09 00:00:00-04:00,4.968429429927012,5.027460216113265,4.9487525011982605,5.0176215171813965,16100,0.0,0.0
2011-05-10 00:00:00-04:00,5.0274567308850875,5.09140682220459,5.017618038773782,5.09140682220459,30600,0.0,0.0
2011-05-11 00:00:00-04:00,5.052054942661467,5.1406008601780915,5.017619976110985,5.106166362762451,39300,0.0,0.0
2011-05-12 00:00:00-04:00,5.116178174256246,5.1412084949864365,5.011051209120376,5.136202335357666,20800,0.18,0.0
2011-05-13 00:00:00-04:00,5.116178252122557,5.121183934413853,5.0561057679040164,5.0611114501953125,21900,0.0,0.0
2011-05-16 00:00:00-04:00,5.0360824938504205,5.051100498197796,4.981015682220459,4.981015682220459,14000,0.0,0.0
2011-05-17 00:00:00-04:00,4.971003784333813,5.031076278482972,4.950979619617427,5.0260701179504395,29300,0.0,0.0
2011-05-18 00:00:00-04:00,5.011051857622258,5.116178836363065,4.991027693929424,5.111172676086426,30600,0.0,0.0
2011-05-19 00:00:00-04:00,5.116179160787783,5.131197165156292,5.066118509674417,5.106166839599609,24400,0.0,0.0
2011-05-20 00:00:00-04:00,5.0711241102446145,5.091148272995865,5.04108762741089,5.041087627410889,13700,0.0,0.0
2011-05-23 00:00:00-04:00,5.011051331551409,5.076129976074453,5.011051331551409,5.01605749130249,18800,0.0,0.0
2011-05-24 00:00:00-04:00,5.016058869104871,5.051101042160422,4.930956039615273,4.935961723327637,36000,0.0,0.0
2011-05-25 00:00:00-04:00,4.930956039615273,4.965998212670824,4.930956039615273,4.935961723327637,22300,0.0,0.0
2011-05-26 00:00:00-04:00,4.930955678002067,4.976009692592096,4.930955678002067,4.971004009246826,29300,0.0,0.0
2011-05-27 00:00:00-04:00,4.976009061921075,4.981015222045619,4.955984898836605,4.965997219085693,10500,0.0,0.0
2011-05-31 00:00:00-04:00,4.991028573666835,5.05110107533394,4.991028573666835,5.031076908111572,45100,0.0,0.0
2011-06-01 00:00:00-04:00,5.0110511767611055,5.026069178136775,4.855863571166992,4.855863571166992,30400,0.0,0.0
2011-06-02 00:00:00-04:00,4.875889222055062,4.950980206706132,4.875889222055062,4.935961723327637,23900,0.0,0.0
2011-06-03 00:00:00-04:00,4.905925351620651,5.051100671736344,4.905925351620651,4.971004009246826,42900,0.0,0.0
2011-06-06 00:00:00-04:00,4.955985526969716,5.0110523404915845,4.94597368286541,4.971004009246826,33900,0.0,0.0
2011-06-07 00:00:00-04:00,4.981013595942613,5.0260680675276035,4.981013595942613,5.006043910980225,23900,0.0,0.0
2011-06-08 00:00:00-04:00,4.996033632168987,5.0260701179504395,4.996033632168987,5.0260701179504395,37400,0.0,0.0
2011-06-09 00:00:00-04:00,5.021063617182041,5.051100100928171,5.0110517742091405,5.046093940734863,18000,0.0,0.0
2011-06-10 00:00:00-04:00,5.016058274299119,5.036082439015505,5.016058274299119,5.0260701179504395,32000,0.0,0.0
2011-06-13 00:00:00-04:00,5.0360824938504205,5.041088177023712,4.945973512938666,4.981015682220459,28000,0.0,0.0
2011-06-14 00:00:00-04:00,4.981014030806065,5.056104982474655,4.976007871878775,5.051098823547363,36300,0.0,0.0
2011-06-15 00:00:00-04:00,5.0410887530158535,5.056107236492983,4.976010090189705,5.031076908111572,31800,0.0,0.0
2011-06-16 00:00:00-04:00,5.00604459877251,5.136201872919863,5.00604459877251,5.121183395385742,46600,0.0,0.0
2011-06-17 00:00:00-04:00,5.146214331046395,5.156226650603251,5.036081680403025,5.141208648681641,69900,0.0,0.0
2011-06-20 00:00:00-04:00,5.14621462195805,5.191269107683449,5.111172456355495,5.166238784790039,15600,0.0,0.0
2011-06-21 00:00:00-04:00,5.191267954088437,5.2062859535217285,5.156225796272893,5.2062859535217285,24600,0.0,0.0
2011-06-22 00:00:00-04:00,5.181256631851203,5.191268473336951,5.156226312016369,5.1612324714660645,14100,0.0,0.0
2011-06-23 00:00:00-04:00,5.156226312016369,5.186262313887256,5.126189832731841,5.1612324714660645,20100,0.0,0.0
2011-06-24 00:00:00-04:00,5.166238262512218,5.256347224853504,5.156226420815215,5.211292743682861,124400,0.0,0.0
2011-06-27 00:00:00-04:00,5.186261908005776,5.256346702575683,5.166237749187746,5.256346702575684,20400,0.0,0.0
2011-06-28 00:00:00-04:00,5.256345437960389,5.256345437960389,5.181254979812065,5.246333122253418,26500,0.0,0.0
2011-06-29 00:00:00-04:00,5.231316384699745,5.2663590206915005,5.2062860668238065,5.256346702575684,25100,0.0,0.0
2011-06-30 00:00:00-04:00,5.266361588128524,5.381500438110859,5.231318935052904,5.356470108032227,34300,0.0,0.0
2011-07-01 00:00:00-04:00,5.356467042410207,5.411533832550049,5.341449043923689,5.411533832550049,28700,0.0,0.0
2011-07-05 00:00:00-04:00,5.411533539356132,5.586744785308838,5.39150938332115,5.586744785308838,61100,0.0,0.0
2011-07-06 00:00:00-04:00,5.606771396731157,5.6668438911438,5.57172922767722,5.666843891143799,53400,0.0,0.0
2011-07-07 00:00:00-04:00,5.6668438911438,5.706892220752227,5.6368078826443515,5.666843891143799,38900,0.0,0.0
2011-07-08 00:00:00-04:00,5.701885936520759,5.701885936520759,5.6267949683607075,5.631801128387451,20400,0.0,0.0
2011-07-11 00:00:00-04:00,5.631801211922406,5.631801211922406,5.521668076768975,5.556710720062256,20800,0.0,0.0
2011-07-12 00:00:00-04:00,5.561715768266878,5.561715768266878,5.391510640973356,5.3965163230896,27100,0.0,0.0
2011-07-13 00:00:00-04:00,5.4115364627857625,5.466602802276611,5.381499973800157,5.466602802276611,23300,0.0,0.0
2011-07-14 00:00:00-04:00,5.4565881132747025,5.481618430336503,5.43155827362649,5.451582431793213,15300,0.0,0.0
2011-07-15 00:00:00-04:00,5.446577565518931,5.471607888521108,5.421547242516755,5.4315595626831055,22800,0.0,0.0
2011-07-18 00:00:00-04:00,5.421548775271135,5.421548775271135,5.276373433711674,5.356470108032227,23900,0.0,0.0
2011-07-19 00:00:00-04:00,5.381498935836966,5.556710720062255,5.346456769957389,5.556710720062256,26900,0.0,0.0
2011-07-20 00:00:00-04:00,5.521667618760997,5.556710259147581,5.521667618760997,5.541691780090332,6000,0.0,0.0
2011-07-21 00:00:00-04:00,5.551703992715803,5.656830957026886,5.551703992715803,5.6468186378479,33300,0.0,0.0
2011-07-22 00:00:00-04:00,5.646818838755405,5.671849160179768,5.6017643556742875,5.6067705154418945,13900,0.0,0.0
2011-07-25 00:00:00-04:00,5.576735822730201,5.666844332662887,5.446578502655029,5.446578502655029,24300,0.0,0.0
2011-07-26 00:00:00-04:00,5.451584587304751,5.521668929892257,5.436566104681333,5.506650924682617,8700,0.0,0.0
2011-07-27 00:00:00-04:00,5.751944737036347,5.751944737036347,5.34144926071167,5.34144926071167,37900,0.0,0.0
2011-07-28 00:00:00-04:00,5.371485004900299,5.481618107028374,5.371485004900299,5.456587791442871,12600,0.0,0.0
2011-07-29 00:00:00-04:00,5.4265531760419385,5.446577338124932,5.336444207961623,5.346456527709961,20700,0.0,0.0
2011-08-01 00:00:00-04:00,5.341450000501724,5.421546643325416,5.341450000501724,5.3965163230896,26300,0.0,0.0
2011-08-02 00:00:00-04:00,5.386502677670075,5.4365628239644606,5.246333122253418,5.246333122253418,24300,0.0,0.0
2011-08-03 00:00:00-04:00,5.256346702575683,5.296395020211743,5.126189431551687,5.256346702575684,20800,0.0,0.0
2011-08-04 00:00:00-04:00,5.2213054846608316,5.266359969471755,5.106166192653618,5.116178512573242,30900,0.0,0.0
2011-08-05 00:00:00-04:00,5.136202779248906,5.256347756240837,5.061111810568674,5.166238784790039,39600,0.0,0.0
2011-08-08 00:00:00-04:00,5.091147721990155,5.241329165077517,4.79078483581543,4.79078483581543,72200,0.0,0.0
2011-08-09 00:00:00-04:00,4.870883398622009,5.261355400085449,4.79078672470556,5.261355400085449,85300,0.0,0.0
2011-08-10 00:00:00-04:00,5.161233728801292,5.18626357732004,4.655622959136964,4.655622959136963,90100,0.0,0.0
2011-08-11 00:00:00-04:00,4.931284334063263,4.961913643997705,4.696461247353756,4.834292411804199,88800,0.18,0.0
2011-08-12 00:00:00-04:00,4.931284831597397,4.931284831597397,4.798558619884223,4.880236625671387,27300,0.0,0.0
2011-08-15 00:00:00-04:00,4.89044494648105,4.956808037062746,4.864920605974813,4.951703071594238,21900,0.0,0.0
2011-08-16 00:00:00-04:00,4.9108649563857565,4.93638930019173,4.8087680679982245,4.834292411804199,40400,0.0,0.0
2011-08-17 00:00:00-04:00,4.875131980621939,4.967018952084761,4.829188251472305,4.864922046661377,33100,0.0,0.0
2011-08-18 00:00:00-04:00,4.7321955447418125,4.910864978516057,4.727090578590339,4.747509956359863,81100,0.0,0.0
2011-08-19 00:00:00-04:00,4.696460961175511,4.808767774976577,4.6300978660583505,4.63009786605835,40700,0.0,0.0
2011-08-22 00:00:00-04:00,4.670937737104327,4.6964620854652726,4.55352641621501,4.645413875579834,31500,0.0,0.0
2011-08-23 00:00:00-04:00,4.655620258465133,4.839394569396973,4.635200890583818,4.839394569396973,22000,0.0,0.0
2011-08-24 00:00:00-04:00,4.829187932908961,4.885341105478497,4.81897799962191,4.880236625671387,21800,0.0,0.0
2011-08-25 00:00:00-04:00,4.880235749453657,4.880235749453657,4.798557758331299,4.798557758331299,13900,0.0,0.0
2011-08-26 00:00:00-04:00,4.808767466810763,4.8240818764452085,4.72708996631198,4.778138160705566,30300,0.0,0.0
2011-08-29 00:00:00-04:00,4.803663101869756,4.849606823353237,4.747509934965705,4.834292411804199,22000,0.0,0.0
2011-08-30 00:00:00-04:00,4.80876750885593,4.885340044533971,4.803662543321045,4.870025634765625,14200,0.0,0.0
2011-08-31 00:00:00-04:00,4.849605530774472,4.849605530774472,4.716879367828369,4.716879367828369,40300,0.0,0.0
2011-09-01 00:00:00-04:00,4.742403471164754,4.767927806910027,4.5994678725619185,4.609677314758301,26400,0.0,0.0
2011-09-02 00:00:00-04:00,4.594364735453103,4.635203494154663,4.522896664307171,4.55863094329834,45200,0.0,0.0
2011-09-06 00:00:00-04:00,4.446324113450848,4.660727840052239,4.446324113450848,4.55863094329834,64800,0.0,0.0
2011-09-07 00:00:00-04:00,4.5943642618887335,4.7117755593444395,4.573944884642683,4.691356182098389,47700,0.0,0.0
2011-09-08 00:00:00-04:00,4.701566809845706,4.752615503932853,4.701566809845706,4.711776256561279,40900,0.0,0.0
2011-09-09 00:00:00-04:00,4.711775016974929,4.757718732199081,4.681146198049694,4.686251163482666,34600,0.0,0.0
2011-09-12 00:00:00-04:00,4.701565657291984,4.818976943338924,4.681146282030068,4.73729944229126,31900,0.0,0.0
2011-09-13 00:00:00-04:00,4.747509056117821,4.818976621341,4.706670308322782,4.7526140213012695,30100,0.0,0.0
2011-09-14 00:00:00-04:00,4.767928937642201,4.808767689785216,4.711775288318308,4.798557758331299,32400,0.0,0.0
2011-09-15 00:00:00-04:00,4.83939721182498,4.83939721182498,4.691356592142648,4.8189778327941895,23300,0.0,0.0
2011-09-16 00:00:00-04:00,4.885340560622482,5.094639301300049,4.81897746216729,5.094639301300049,86600,0.0,0.0
2011-09-19 00:00:00-04:00,5.02827609311295,5.0486954681506795,4.875130536911829,4.951703071594238,19400,0.0,0.0
2011-09-20 00:00:00-04:00,4.977226422733771,5.053798942195192,4.895548938818599,4.905758380889893,31200,0.0,0.0
2011-09-21 00:00:00-04:00,4.921073840487568,4.921073840487568,4.696460247039795,4.696460247039795,24700,0.0,0.0
2011-09-22 00:00:00-04:00,4.594363752522814,4.72198496787067,4.512686252593994,4.512686252593994,49600,0.0,0.0
2011-09-23 00:00:00-04:00,4.573944284141183,4.665831713102925,4.573944284141183,4.635202407836914,17000,0.0,0.0
2011-09-26 00:00:00-04:00,4.721984840430294,4.757718623975668,4.6198879682747345,4.676041126251221,18100,0.0,0.0
2011-09-27 00:00:00-04:00,4.773033006602001,4.773033006602001,4.604573063953576,4.716879367828369,37900,0.0,0.0
2011-09-28 00:00:00-04:00,4.686250890601116,4.686250890601116,4.573944091796875,4.573944091796875,25900,0.0,0.0
2011-09-29 00:00:00-04:00,4.624994494258368,4.645413875579834,4.589260211818463,4.645413875579834,11800,0.0,0.0
2011-09-30 00:00:00-04:00,4.5994691494939435,4.660727280187721,4.573944806662451,4.640307903289795,38200,0.0,0.0
2011-10-03 00:00:00-04:00,4.5943631290482,4.701564954866107,4.456532001495361,4.456532001495361,51300,0.0,0.0
2011-10-04 00:00:00-04:00,4.466742038004024,4.7730331153445125,4.3901695120870246,4.7270894050598145,65500,0.0,0.0
2011-10-05 00:00:00-04:00,4.742405815147684,4.742405815147684,4.487163305211132,4.645413875579834,41700,0.0,0.0
2011-10-06 00:00:00-04:00,4.6096787912882995,4.747509956359863,4.6096787912882995,4.747509956359863,18900,0.0,0.0
2011-10-07 00:00:00-04:00,4.757718663771209,4.757718663771209,4.52800057779067,4.548419952392578,31600,0.0,0.0
2011-10-10 00:00:00-04:00,4.604573755823616,4.870025634765625,4.56883948391573,4.870025634765625,30200,0.0,0.0
2011-10-11 00:00:00-04:00,4.859816158674644,4.9312837283493085,4.8445012621703825,4.910864353179932,25500,0.0,0.0
2011-10-12 00:00:00-04:00,4.95170270181396,4.967017110239541,4.900654511449934,4.961912631988525,18200,0.0,0.0
2011-10-13 00:00:00-04:00,4.951701912655701,4.951701912655701,4.864919467347579,4.890443801879883,27000,0.0,0.0
2011-10-14 00:00:00-04:00,4.926180941252247,4.951705293210157,4.900657076130859,4.9363908767700195,23000,0.0,0.0
2011-10-17 00:00:00-04:00,4.8853417318613035,4.8853417318613035,4.757720470428467,4.757720470428467,17600,0.0,0.0
2011-10-18 00:00:00-04:00,4.818977087156474,4.931283897866851,4.696460831928604,4.926178932189941,25400,0.0,0.0
2011-10-19 00:00:00-04:00,4.880233791995736,5.002749999283629,4.829185128874381,4.839394569396973,29800,0.0,0.0
2011-10-20 00:00:00-04:00,4.87002532813437,4.900654632578861,4.834291545312698,4.885339736938477,7000,0.0,0.0
2011-10-21 00:00:00-04:00,4.951703040192073,5.002751720880813,4.8598160965231605,4.992541790008545,27300,0.0,0.0
2011-10-24 00:00:00-04:00,5.053800957766951,5.089535236358643,5.002752753378877,5.089535236358643,24400,0.0,0.0
2011-10-25 00:00:00-04:00,5.028276298382823,5.028276298382823,4.875130735929823,4.926178932189941,26400,0.0,0.0
2011-10-26 00:00:00-04:00,4.961911936643981,5.028275012969971,4.900653824689882,5.028275012969971,21400,0.0,0.0
2011-10-27 00:00:00-04:00,5.104847862606957,5.360090255737305,5.0589041539496975,5.360090255737305,67300,0.0,0.0
2011-10-28 00:00:00-04:00,5.309044294912163,5.33456864463353,5.15589917025692,5.257996082305908,27900,0.0,0.0
2011-10-31 00:00:00-04:00,5.247785208694118,5.247785208694118,5.079325212246794,5.125268936157227,43100,0.0,0.0
2011-11-01 00:00:00-04:00,4.67093590867033,5.053799523703513,4.67093590867033,4.696460247039795,40500,0.0,0.0
2011-11-02 00:00:00-04:00,4.76282360355202,5.171211580233226,4.76282360355202,5.115058422088623,37800,0.0,0.0
2011-11-03 00:00:00-04:00,5.104848491424355,5.135477796580869,5.058904777107729,5.115058422088623,24500,0.0,0.0
2011-11-04 00:00:00-04:00,5.053799653364928,5.130372670437897,5.053799653364928,5.099743366241455,15600,0.0,0.0
2011-11-07 00:00:00-05:00,5.120162900584467,5.150792205740981,5.069114707771997,5.115058422088623,11900,0.0,0.0
2011-11-08 00:00:00-05:00,5.120164169593531,5.2988341058104185,5.104849756637813,5.278414726257324,23300,0.0,0.0
2011-11-09 00:00:00-05:00,5.232471113958266,5.232471113958266,5.02827731400178,5.109954833984375,53900,0.0,0.0
2011-11-10 00:00:00-05:00,5.151542248236866,5.182732430005444,4.9955923308962165,5.026782512664795,28900,0.18,0.0
2011-11-11 00:00:00-05:00,5.016383647918701,5.057970210092567,4.886425517187637,5.016383647918701,43900,0.0,0.0
2011-11-14 00:00:00-05:00,4.933211017017171,4.933211017017171,4.8604347738088975,4.891624450683594,24600,0.0,0.0
2011-11-15 00:00:00-05:00,4.813649514273186,4.938409206834028,4.813649514273186,4.92281436920166,32400,0.0,0.0
2011-11-16 00:00:00-05:00,4.9228152228674915,4.96440179426597,4.881228651469013,4.907219886779785,39200,0.0,0.0
2011-11-17 00:00:00-05:00,4.922814015112875,4.9955902493299,4.8708305657427875,4.938408851623535,17800,0.0,0.0
2011-11-18 00:00:00-05:00,4.928011963449152,4.954003688134196,4.886425402253448,4.938408851623535,20400,0.0,0.0
2011-11-21 00:00:00-05:00,4.979995771020976,5.037177172840291,4.92281436920166,4.92281436920166,34900,0.0,0.0
2011-11-22 00:00:00-05:00,4.912416972538764,4.964400420274985,4.855235576629639,4.855235576629639,15700,0.0,0.0
2011-11-23 00:00:00-05:00,4.85003742455634,4.896822431184042,4.76686429977417,4.76686429977417,49300,0.0,0.0
2011-11-25 00:00:00-05:00,4.766864146894979,4.777260539283861,4.683691024780274,4.683691024780273,9100,0.0,0.0
2011-11-28 00:00:00-05:00,4.813648949552609,4.818847393403851,4.683690827776895,4.782458782196045,35200,0.0,0.0
2011-11-29 00:00:00-05:00,4.782458057583753,4.787656500647355,4.616111845555008,4.6265082359313965,31300,0.0,0.0
2011-11-30 00:00:00-05:00,4.725276480229897,4.787656307220459,4.657698210385757,4.787656307220459,59300,0.0,0.0
2011-12-01 00:00:00-05:00,4.7564675756916115,4.8292443102667475,4.709683063197895,4.725277900695801,27200,0.0,0.0
2011-12-02 00:00:00-05:00,4.761664588703359,4.808449582883979,4.740871313039838,4.787656307220459,15400,0.0,0.0
2011-12-05 00:00:00-05:00,4.82924429292853,4.850037574768066,4.8032525666913735,4.850037574768066,29400,0.0,0.0
2011-12-06 00:00:00-05:00,4.850037289876999,4.886425407021015,4.740872442694038,4.876029014587402,20600,0.0,0.0
2011-12-07 00:00:00-05:00,4.8344419792932944,4.8500368142899655,4.761665256390721,4.813648700714111,16300,0.0,0.0
2011-12-08 00:00:00-05:00,4.798054262749724,4.803252707299521,4.735674415405037,4.740872859954834,26900,0.0,0.0
2011-12-09 00:00:00-05:00,4.766864259247702,4.844838939130336,4.740872534036516,4.824045658111572,23800,0.0,0.0
2011-12-12 00:00:00-05:00,4.74087146512175,4.782458017782842,4.74087146512175,4.74606990814209,19900,0.0,0.0
2011-12-13 00:00:00-05:00,4.725277229689988,4.756466900256758,4.626508782809842,4.636905670166016,56600,0.0,0.0
2011-12-14 00:00:00-05:00,4.605714878055045,4.709681754486963,4.605714878055045,4.678491592407227,34200,0.0,0.0
2011-12-15 00:00:00-05:00,4.740872810874865,4.740872810874865,4.553733270778169,4.605716228485107,100200,0.0,0.0
2011-12-16 00:00:00-05:00,4.6732943533674325,4.709682967793346,4.5953196717065,4.647302627563477,125600,0.0,0.0
2011-12-19 00:00:00-05:00,4.6421023848715866,4.7460687409561935,4.600515842437744,4.600515842437744,52300,0.0,0.0
2011-12-20 00:00:00-05:00,4.636906049007959,4.751269340515137,4.636906049007959,4.751269340515137,52200,0.0,0.0
2011-12-21 00:00:00-05:00,4.725278142621202,4.777261102192633,4.688890021346103,4.756467819213867,25000,0.0,0.0
2011-12-22 00:00:00-05:00,4.730476422774869,4.808451107295495,4.72007953377161,4.798054218292236,36600,0.0,0.0
2011-12-23 00:00:00-05:00,4.808451175689697,4.8292444582410194,4.792856337713945,4.808451175689697,13500,0.0,0.0
2011-12-27 00:00:00-05:00,4.8292436599731445,4.83444210368942,4.7772602143121565,4.8292436599731445,18500,0.0,0.0
2011-12-28 00:00:00-05:00,4.829243787326092,4.844838623135292,4.714880501306548,4.720078945159912,30500,0.0,0.0
2011-12-29 00:00:00-05:00,4.720079379933086,4.787657668998872,4.694087654023025,4.777260780334473,29000,0.0,0.0
2011-12-30 00:00:00-05:00,4.808449976608859,4.876028251986435,4.782458255963508,4.839640140533447,38600,0.0,0.0
2012-01-03 00:00:00-05:00,4.876029124519633,5.042375373215099,4.8344425623457665,5.016383647918701,45500,0.0,0.0
2012-01-04 00:00:00-05:00,4.990392459343226,4.995590407844438,4.954003845329156,4.959202289581299,9700,0.0,0.0
2012-01-05 00:00:00-05:00,4.9384094617466125,4.948806351205494,4.8604347738088975,4.891624450683594,14900,0.0,0.0
2012-01-06 00:00:00-05:00,4.902021937168253,4.954004903540833,4.886426601080546,4.907219886779785,25700,0.0,0.0
2012-01-09 00:00:00-05:00,4.938409396536559,4.954004234767982,4.928012507214965,4.948806285858154,12600,0.0,0.0
2012-01-10 00:00:00-05:00,4.9280104637146,4.985192339769798,4.865630640905008,4.9280104637146,20600,0.0,0.0
2012-01-11 00:00:00-05:00,4.886423915174872,4.9280104637146,4.870829083410165,4.9280104637146,9200,0.0,0.0
2012-01-12 00:00:00-05:00,4.9124163683876905,4.922813254956639,4.860433422795464,4.90201997756958,11600,0.0,0.0
2012-01-13 00:00:00-05:00,4.870831023343665,4.870831023343665,4.798054286538555,4.808451175689697,27600,0.0,0.0
2012-01-17 00:00:00-05:00,4.839640583194411,4.839640583194411,4.756466970371592,4.772062301635742,26900,0.0,0.0
2012-01-18 00:00:00-05:00,4.77206379737048,4.844840049743652,4.761666906602291,4.844840049743652,25800,0.0,0.0
2012-01-19 00:00:00-05:00,4.839641577746737,4.974797672887938,4.824046243277727,4.969599723815918,35800,0.0,0.0
2012-01-20 00:00:00-05:00,4.974797274540308,5.042375564575195,4.948806044008459,5.042375564575195,14900,0.0,0.0
2012-01-23 00:00:00-05:00,5.057972198682252,5.08916238045083,4.979997487887488,5.026782512664795,14500,0.0,0.0
2012-01-24 00:00:00-05:00,4.99558964921054,5.109952926635742,4.99558964921054,5.109952926635742,21200,0.0,0.0
2012-01-25 00:00:00-05:00,5.094359372013422,5.219119071960449,5.073566088688917,5.219119071960449,17500,0.0,0.0
2012-01-26 00:00:00-05:00,5.177531471093854,5.224316473166378,5.172333027363377,5.20872163772583,33500,0.0,0.0
2012-01-27 00:00:00-05:00,5.2139189540132485,5.25550550731688,5.167133957608959,5.250307559967041,19400,0.0,0.0
2012-01-30 00:00:00-05:00,5.2243161554321205,5.255505824416312,5.213919268603489,5.2295145988464355,27200,0.0,0.0
2012-01-31 00:00:00-05:00,5.224316196293227,5.369869142776526,5.203522918224184,5.359472751617432,38100,0.0,0.0
2012-02-01 00:00:00-05:00,5.369871418080503,5.4738378524780265,5.343879685543357,5.473837852478027,38400,0.0,0.0
2012-02-02 00:00:00-05:00,5.421853972129665,5.536216782875216,5.307490665633134,5.479035377502441,30800,0.0,0.0
2012-02-03 00:00:00-05:00,5.572602401085364,5.5881972312927255,5.479032428339769,5.588197231292725,33200,0.0,0.0
2012-02-06 00:00:00-05:00,5.562205517113314,5.608990503486111,5.510222584505205,5.588197231292725,17700,0.0,0.0
2012-02-07 00:00:00-05:00,5.588200381327129,5.593398826243485,5.536216923665548,5.562208652496338,11500,0.0,0.0
2012-02-08 00:00:00-05:00,5.583000417720749,5.749347139537507,5.531017469950585,5.738950252532959,44100,0.0,0.0
2012-02-09 00:00:00-05:00,5.723354744821383,5.744148020634734,5.676569750303643,5.712957859039307,18800,0.0,0.0
2012-02-10 00:00:00-05:00,5.629785732388019,5.6817691788143945,5.588199173547273,5.593397617340088,70100,0.0,0.0
2012-02-13 00:00:00-05:00,5.5563909105382345,5.662126124440167,5.5563909105382345,5.6198320388793945,21000,0.18,0.0
2012-02-14 00:00:00-05:00,5.566962358560464,5.582823013595769,5.434793258376886,5.508808135986328,19300,0.0,0.0
2012-02-15 00:00:00-05:00,5.477088405398722,5.477088405398722,5.329059125302865,5.450654983520508,34200,0.0,0.0
2012-02-16 00:00:00-05:00,5.471801395023432,5.577536582946777,5.450654357438763,5.577536582946777,34800,0.0,0.0
2012-02-17 00:00:00-05:00,5.572249342124907,5.614543414596871,5.545815420783652,5.588109493255615,17500,0.0,0.0
2012-02-21 00:00:00-05:00,5.582826682014764,5.6039737317722444,5.487664706013382,5.514098644256592,18100,0.0,0.0
2012-02-22 00:00:00-05:00,5.50880968285568,5.50880968285568,5.408360856166552,5.424221515655518,15500,0.0,0.0
2012-02-23 00:00:00-05:00,5.418932141335454,5.482373237609863,5.418932141335454,5.482373237609863,13500,0.0,0.0
2012-02-24 00:00:00-05:00,5.461226558479397,5.498233740985001,5.461226558479397,5.471800327301025,14400,0.0,0.0
2012-02-27 00:00:00-05:00,6.000478870880689,6.000478870880689,5.424221367353325,5.455941677093506,10400,0.0,0.0
2012-02-28 00:00:00-05:00,5.434795053541446,5.461228983146562,5.403074741363525,5.403074741363525,12100,0.0,0.0
2012-02-29 00:00:00-05:00,5.424220665074673,5.434793932224059,5.249757471535882,5.339632511138916,36900,0.0,0.0
2012-03-01 00:00:00-05:00,5.339632630898385,5.39249997620138,5.318485591940151,5.350205898284912,27200,0.0,0.0
2012-03-02 00:00:00-05:00,5.366068081892892,5.376641857465549,5.207465481786004,5.212751865386963,25400,0.0,0.0
2012-03-05 00:00:00-05:00,5.228611221019217,5.471802452326744,5.207464179348356,5.371353626251221,22900,0.0,0.0
2012-03-06 00:00:00-05:00,5.360781453317279,5.381928499310854,5.297340315336556,5.3132004737854,22100,0.0,0.0
2012-03-07 00:00:00-05:00,5.339634931243118,5.3713552512531715,5.297340835106117,5.366068363189697,20600,0.0,0.0
2012-03-08 00:00:00-05:00,5.371352957181583,5.381926728792538,5.286764801034657,5.3766398429870605,13700,0.0,0.0
2012-03-09 00:00:00-05:00,5.34491775779685,5.4347927783177665,5.334344492892362,5.4136457443237305,31400,0.0,0.0
2012-03-12 00:00:00-04:00,5.3766405874972145,5.403074515999763,5.313199461602249,5.355493545532227,15200,0.0,0.0
2012-03-13 00:00:00-04:00,5.360781268429797,5.466516494750977,5.329060448440778,5.466516494750977,30600,0.0,0.0
2012-03-14 00:00:00-04:00,5.455941809680418,5.455941809680418,5.366066756257095,5.397787570953369,27100,0.0,0.0
2012-03-15 00:00:00-04:00,5.4030737678292695,5.471801770744942,5.3026249542659105,5.3766398429870605,31000,0.0,0.0
2012-03-16 00:00:00-04:00,5.413648460339939,5.424222234734327,5.228611946105957,5.228611946105957,73700,0.0,0.0
2012-03-19 00:00:00-04:00,5.2656187107651435,5.413648010694408,5.233897894401951,5.403074741363525,34800,0.0,0.0
2012-03-20 00:00:00-04:00,5.339633390104797,5.397787629462203,5.318486348139809,5.355493545532227,24600,0.0,0.0
2012-03-21 00:00:00-04:00,5.339634622769873,5.381928716463524,5.297340529076221,5.360781669616699,26400,0.0,0.0
2012-03-22 00:00:00-04:00,5.376639702439517,5.381926588106794,5.318485472654976,5.339632511138916,51400,0.0,0.0
2012-03-23 00:00:00-04:00,5.3396313774371365,5.4136457443237305,5.3396313774371365,5.4136457443237305,22900,0.0,0.0
2012-03-26 00:00:00-04:00,5.424220454443831,5.677984906397037,5.4136466835198735,5.672698020935059,121800,0.0,0.0
2012-03-27 00:00:00-04:00,5.672700005313559,5.672700005313559,5.561678396886203,5.656839847564697,36400,0.0,0.0
2012-03-28 00:00:00-04:00,5.656839422456611,5.98990573526492,5.656839422456611,5.857736587524414,70800,0.0,0.0
2012-03-29 00:00:00-04:00,5.794294495263063,5.868309387218038,5.778434341338855,5.831301689147949,15800,0.0,0.0
2012-03-30 00:00:00-04:00,5.884170369505763,5.884170369505763,5.794295310974122,5.794295310974121,23800,0.0,0.0
2012-04-02 00:00:00-04:00,5.80486841796422,5.947611331939696,5.80486841796422,5.947611331939697,39500,0.0,0.0
2012-04-03 00:00:00-04:00,5.894743904745752,6.24367088523334,5.86302359100116,6.137935161590576,82700,0.0,0.0
2012-04-04 00:00:00-04:00,6.095641484415073,6.1749432824889805,6.05334739378312,6.058634281158447,38200,0.0,0.0
2012-04-05 00:00:00-04:00,6.0427743277782024,6.13264939945989,6.0427743277782024,6.079781532287598,20600,0.0,0.0
2012-04-09 00:00:00-04:00,6.079778840083566,6.153793720512968,6.048058032989502,6.048058032989502,27900,0.0,0.0
2012-04-10 00:00:00-04:00,6.032197662126376,6.085065503965152,5.95289640355332,5.958183288574219,60900,0.0,0.0
2012-04-11 00:00:00-04:00,5.937036286111349,6.106213092803955,5.878882058170699,6.106213092803955,59600,0.0,0.0
2012-04-12 00:00:00-04:00,6.085067929331759,6.122075130858048,5.984619090638535,6.053347110748291,24800,0.0,0.0
2012-04-13 00:00:00-04:00,6.011051207214361,6.011051207214361,5.852448170553674,5.942323207855225,23500,0.0,0.0
2012-04-16 00:00:00-04:00,5.942323669294765,6.053345753159935,5.852448625014143,6.037485599517822,75500,0.0,0.0
2012-04-17 00:00:00-04:00,6.05334657442509,6.116787701785867,6.016339376177618,6.095640659332275,45700,0.0,0.0
2012-04-18 00:00:00-04:00,6.095641018781089,6.116788062481684,6.037486774650776,6.0850677490234375,37600,0.0,0.0
2012-04-19 00:00:00-04:00,6.100927815320529,6.111501589106741,6.005765867985759,6.074493885040283,25100,0.0,0.0
2012-04-20 00:00:00-04:00,6.1379347598686875,6.248956859079064,6.085067405692719,6.122074604034424,41300,0.0,0.0
2012-04-23 00:00:00-04:00,6.079780862051966,6.153795767096695,6.079780862051966,6.0850677490234375,44500,0.0,0.0
2012-04-24 00:00:00-04:00,6.095638472172657,6.190800381161666,6.095638472172657,6.185513496398926,26400,0.0,0.0
2012-04-25 00:00:00-04:00,6.233096658871504,6.2489568145928605,6.148508489443926,6.190802574157715,30700,0.0,0.0
2012-04-26 00:00:00-04:00,6.159081802376128,6.1643686890493035,6.063920363185279,6.122074604034424,13100,0.0,0.0
2012-04-27 00:00:00-04:00,6.122074942943244,6.185516073977569,6.0797808555870265,6.180229187011719,20200,0.0,0.0
2012-04-30 00:00:00-04:00,6.164368586526414,6.233096599578857,6.106214346644463,6.233096599578857,68000,0.0,0.0
2012-05-01 00:00:00-04:00,6.2119506960329804,6.2383846296191265,6.026913665115306,6.079781532287598,49900,0.0,0.0
2012-05-02 00:00:00-04:00,6.063919981313035,6.143221259675661,6.0533462086325605,6.13264799118042,29000,0.0,0.0
2012-05-03 00:00:00-04:00,6.116787205499378,6.116787205499378,5.995191847303195,6.069206237792969,18000,0.0,0.0
2012-05-04 00:00:00-04:00,6.026913006656258,6.069207094099191,5.915890901072234,5.937037944793701,32900,0.0,0.0
2012-05-07 00:00:00-04:00,5.905315822084072,6.048058197425464,5.7890068651571,6.042771816253662,30000,0.0,0.0
2012-05-08 00:00:00-04:00,5.947611377301727,6.143221646541863,5.947611377301727,6.122074604034424,31100,0.0,0.0
2012-05-09 00:00:00-04:00,6.069207684222894,6.201376846379511,5.915891476288632,5.974046230316162,41000,0.0,0.0
2012-05-10 00:00:00-04:00,5.974045959788129,6.011053162176843,5.90531793807672,5.995193004608154,47400,0.0,0.0
2012-05-11 00:00:00-04:00,5.9790767985498166,6.005937084018996,5.893124294902307,5.9575886726379395,26200,0.18,0.0
2012-05-14 00:00:00-04:00,5.844776578858517,5.909240964263303,5.807172482118408,5.871636867523193,46900,0.0,0.0
2012-05-15 00:00:00-04:00,5.8394031983958925,5.893123764499201,5.791054791366372,5.812542915344238,32000,0.0,0.0
2012-05-16 00:00:00-04:00,5.823286712167351,5.855518639089973,5.80179859011319,5.839402675628662,14300,0.0,0.0
2012-05-17 00:00:00-04:00,5.828657222124558,5.839401023954133,5.769564518952055,5.774936676025391,26000,0.0,0.0
2012-05-18 00:00:00-04:00,5.774938995119343,5.796427119724769,5.7480787112832346,5.753450870513916,32100,0.0,0.0
2012-05-21 00:00:00-04:00,5.753450214942235,5.774938337099217,5.7373342514038095,5.737334251403809,33300,0.0,0.0
2012-05-22 00:00:00-04:00,5.737336994018249,5.737336994018249,5.398898524024393,5.452618598937988,43000,0.0,0.0
2012-05-23 00:00:00-04:00,5.47947889255353,5.53857164097122,5.377410391595457,5.452618598937988,38000,0.0,0.0
2012-05-24 00:00:00-04:00,5.463359567306738,5.533196082906901,5.4257554867209485,5.5278239250183105,17400,0.0,0.0
2012-05-25 00:00:00-04:00,5.506338293151144,5.533198582410484,5.479478003891803,5.522454261779785,15300,0.0,0.0
2012-05-29 00:00:00-04:00,5.543939186731656,5.651380281675908,5.543939186731656,5.640635967254639,20300,0.0,0.0
2012-05-30 00:00:00-04:00,5.597661181182066,5.597661181182066,5.517080851461218,5.53856897354126,20700,0.0,0.0
2012-05-31 00:00:00-04:00,5.533196766015531,5.560057046457387,5.436499961351745,5.4418721199035645,58700,0.0,0.0
2012-06-01 00:00:00-04:00,5.377407644530664,5.522452336250094,5.377407644530664,5.447244167327881,38600,0.0,0.0
2012-06-04 00:00:00-04:00,5.4579888394208345,5.586917588623537,5.4579888394208345,5.576173782348633,45200,0.0,0.0
2012-06-05 00:00:00-04:00,5.533196940393528,5.64063755322969,5.533196940393528,5.608405113220215,22700,0.0,0.0
2012-06-06 00:00:00-04:00,5.635264622798149,5.635264622798149,5.490219943411506,5.597660541534424,31100,0.0,0.0
2012-06-07 00:00:00-04:00,5.613776401967073,5.613776401967073,5.4579874094181475,5.5278239250183105,31400,0.0,0.0
2012-06-08 00:00:00-04:00,5.533196476298254,5.592288680322488,5.506336197262798,5.581544876098633,20700,0.0,0.0
2012-06-11 00:00:00-04:00,5.603034023170304,5.603034023170304,5.398896582353116,5.404268741607666,25700,0.0,0.0
2012-06-12 00:00:00-04:00,5.409640395266913,5.49022124723339,5.3881522705393134,5.4794769287109375,27300,0.0,0.0
2012-06-13 00:00:00-04:00,5.457988797201261,5.463360956455811,5.361291979888565,5.404268741607666,35000,0.0,0.0
2012-06-14 00:00:00-04:00,5.388153137683343,5.42575774624653,5.35592120156334,5.409641265869141,30900,0.0,0.0
2012-06-15 00:00:00-04:00,5.393523991806564,5.409639955964202,5.3344317816837155,5.377408027648926,68000,0.0,0.0
2012-06-18 00:00:00-04:00,5.388152076597129,5.474104572413737,5.27533929775851,5.415012359619141,37700,0.0,0.0
2012-06-19 00:00:00-04:00,5.4365010110014556,5.538569993923977,5.200131624574147,5.388152599334717,92600,0.0,0.0
2012-06-20 00:00:00-04:00,5.393526362837787,5.47947889255353,5.393526362837787,5.452618598937988,29000,0.0,0.0
2012-06-21 00:00:00-04:00,5.447243701356182,5.447243701356182,5.361290710584944,5.372035026550293,23900,0.0,0.0
2012-06-22 00:00:00-04:00,5.382779450141037,5.817914009094238,5.32905889387455,5.817914009094238,306700,0.0,0.0
2012-06-25 00:00:00-04:00,5.640636224030054,5.7158448914512885,5.570799714064006,5.65138053894043,37200,0.0,0.0
2012-06-26 00:00:00-04:00,5.705102777012654,5.705102777012654,5.603034307581693,5.613778114318848,26800,0.0,0.0
2012-06-27 00:00:00-04:00,5.640635967254639,5.683612200305496,5.576171617678353,5.640635967254639,21200,0.0,0.0
2012-06-28 00:00:00-04:00,5.656754205296866,5.7749391499540765,5.6352660801153105,5.646010398864746,82900,0.0,0.0
2012-06-29 00:00:00-04:00,5.748077572668679,5.812541933715461,5.688985369788429,5.764193534851074,45200,0.0,0.0
2012-07-02 00:00:00-04:00,5.699730423931371,6.005936846460621,5.699730423931371,5.995192527770996,52700,0.0,0.0
2012-07-03 00:00:00-04:00,5.946843770710745,6.177841485862798,5.887751558323671,6.1617255210876465,37800,0.0,0.0
2012-07-05 00:00:00-04:00,6.1187479320391125,6.16172417022919,5.957586782667734,6.108003616333008,34100,0.0,0.0
2012-07-06 00:00:00-04:00,6.043540720293718,6.118749411469377,6.038168561141751,6.0811448097229,10200,0.0,0.0
2012-07-09 00:00:00-04:00,6.065027356481491,6.301396665682719,6.065027356481491,6.285280704498291,38000,0.0,0.0
2012-07-10 00:00:00-04:00,6.301397192337739,6.301397192337739,6.091888142478427,6.231561183929443,44400,0.0,0.0
2012-07-11 00:00:00-04:00,6.231561772132225,6.253049894974725,6.124120645602463,6.226189613342285,25600,0.0,0.0
2012-07-12 00:00:00-04:00,6.215445407031855,6.27453813014456,6.134865073009238,6.220817565917969,43300,0.0,0.0
2012-07-13 00:00:00-04:00,6.226188950397947,6.247677070952461,6.15098027229854,6.236932754516602,19000,0.0,0.0
2012-07-16 00:00:00-04:00,6.172470820634526,6.220819238978084,6.038169886265711,6.183215141296387,26500,0.0,0.0
2012-07-17 00:00:00-04:00,6.204702473452882,6.285282818798536,6.059657237049897,6.0757737159729,43000,0.0,0.0
2012-07-18 00:00:00-04:00,6.059654930627744,6.134863600023859,5.989818418827882,6.097259521484375,18700,0.0,0.0
2012-07-19 00:00:00-04:00,6.118748284141829,6.118748284141829,5.941471163327072,5.989819049835205,45000,0.0,0.0
2012-07-20 00:00:00-04:00,5.968332463843043,5.995192749242051,5.887752119963352,5.909240245819092,33600,0.0,0.0
2012-07-23 00:00:00-04:00,5.8877515991257265,6.059656590764721,5.8877515991257265,5.936100006103516,30600,0.0,0.0
2012-07-24 00:00:00-04:00,5.989821684656157,6.0918906853674395,5.989821684656157,6.000566005706787,19200,0.0,0.0
2012-07-25 00:00:00-04:00,6.097260261773652,6.156352465555592,6.05428402042002,6.059655666351318,12800,0.0,0.0
2012-07-26 00:00:00-04:00,6.1563534924471615,6.1563534924471615,6.000564463475037,6.005936622619629,11200,0.0,0.0
2012-07-27 00:00:00-04:00,5.560057780259992,6.065028967479323,5.560057780259992,6.04891300201416,36700,0.0,0.0
2012-07-30 00:00:00-04:00,6.032796618550058,6.086517187363558,5.968332243364245,5.995192527770996,9100,0.0,0.0
2012-07-31 00:00:00-04:00,5.968332020924776,6.0489128711417814,5.957588214952884,6.005936622619629,23500,0.0,0.0
2012-08-01 00:00:00-04:00,6.016679601211003,6.0704001606349856,5.925354957580566,5.925354957580566,37700,0.0,0.0
2012-08-02 00:00:00-04:00,5.973702743909721,6.150979854523086,5.973702743909721,6.108003616333008,35200,0.0,0.0
2012-08-03 00:00:00-04:00,6.177841243559067,6.392722473190738,6.167096925918852,6.349746227264404,44900,0.0,0.0
2012-08-06 00:00:00-04:00,6.312141499398122,6.473302661420665,6.2691652578344055,6.457186698913574,63500,0.0,0.0
2012-08-07 00:00:00-04:00,6.500164924542596,6.500164924542596,6.129494087518027,6.2584228515625,38400,0.0,0.0
2012-08-08 00:00:00-04:00,6.339000634882312,6.339000634882312,5.9951902520796665,6.065026760101318,25700,0.0,0.0
2012-08-09 00:00:00-04:00,6.09188878382422,6.210073716903368,6.000564132669959,6.124120712280273,38500,0.0,0.0
2012-08-10 00:00:00-04:00,6.059656487810683,6.086516770377239,5.941472064225479,6.0166802406311035,30700,0.0,0.0
2012-08-13 00:00:00-04:00,6.005760416231211,6.0876569409056565,5.962082200313453,6.065817832946777,24400,0.18,0.0
2012-08-14 00:00:00-04:00,6.065817965921054,6.065817965921054,5.99484073332739,6.011220455169678,15100,0.0,0.0
2012-08-15 00:00:00-04:00,5.940244043862936,6.033060397726849,5.940244043862936,6.01668119430542,43200,0.0,0.0
2012-08-16 00:00:00-04:00,6.022140411515373,6.049439430236816,6.005761208556697,6.049439430236816,31000,0.0,0.0
2012-08-17 00:00:00-04:00,6.033060407729238,6.273290634155273,6.005761388191271,6.273290634155273,39300,0.0,0.0
2012-08-20 00:00:00-04:00,6.262370675735875,6.273289969983711,6.185933533259289,6.235071659088135,17900,0.0,0.0
2012-08-21 00:00:00-04:00,6.256910534217089,6.273289735318863,6.191393209124578,6.224151611328125,15600,0.0,0.0
2012-08-22 00:00:00-04:00,6.235070107929764,6.245989399461103,6.16955279668582,6.240530014038086,10900,0.0,0.0
2012-08-23 00:00:00-04:00,6.224150783180012,6.224150783180012,6.142254267882385,6.169553279876709,7800,0.0,0.0
2012-08-24 00:00:00-04:00,6.169553486736793,6.169553486736793,6.08765644800788,6.136794567108154,20000,0.0,0.0
2012-08-27 00:00:00-04:00,6.191393587519239,6.191393587519239,6.104037148723661,6.158634662628174,14700,0.0,0.0
2012-08-28 00:00:00-04:00,6.142255096065187,6.240531344221563,6.104036786531226,6.175014019012451,35300,0.0,0.0
2012-08-29 00:00:00-04:00,6.153173725821814,6.245989528149068,6.142253913380186,6.164093017578125,55900,0.0,0.0
2012-08-30 00:00:00-04:00,6.196853093735431,6.207772387534895,6.153174877166749,6.153174877166748,10700,0.0,0.0
2012-08-31 00:00:00-04:00,6.207771669848079,6.213231576459293,6.109495433587654,6.14225435256958,27300,0.0,0.0
2012-09-04 00:00:00-04:00,6.1204160092024855,6.158634318870954,6.065817977660031,6.104036808013916,22300,0.0,0.0
2012-09-05 00:00:00-04:00,6.087657086139929,6.142255117682384,6.087657086139929,6.104036808013916,17800,0.0,0.0
2012-09-06 00:00:00-04:00,6.0931153634597255,6.267828184561422,6.0931153634597255,6.256908893585205,30900,0.0,0.0
2012-09-07 00:00:00-04:00,6.278747407886193,6.382483005523682,6.213230106112217,6.382483005523682,24200,0.0,0.0
2012-09-10 00:00:00-04:00,6.311509590254412,6.387946221597127,6.175015010644706,6.360647201538086,45100,0.0,0.0
2012-09-11 00:00:00-04:00,6.3606463588086495,6.387945375250812,6.311508754035274,6.377026081085205,19600,0.0,0.0
2012-09-12 00:00:00-04:00,6.360645456794784,6.360645456794784,6.2132316220087995,6.327887058258057,16600,0.0,0.0
2012-09-13 00:00:00-04:00,6.306047671220614,6.382484278189073,6.22961054356682,6.366105079650879,36300,0.0,0.0
2012-09-14 00:00:00-04:00,6.3715673358348965,6.464383696256714,6.327889109834691,6.437084674835205,50000,0.0,0.0
2012-09-17 00:00:00-04:00,6.442543539007739,6.464382648468018,6.322428176633481,6.464382648468018,18000,0.0,0.0
2012-09-18 00:00:00-04:00,6.431622521098834,6.4753007318507345,6.284208689982505,6.311507701873779,37600,0.0,0.0
2012-09-19 00:00:00-04:00,6.306048393249512,6.377025622622202,6.1750137485701115,6.306048393249512,50400,0.0,0.0
2012-09-20 00:00:00-04:00,6.26237136735665,6.404325332368616,6.26237136735665,6.387946128845215,14300,0.0,0.0
2012-09-21 00:00:00-04:00,6.448003104747537,6.56811794006929,6.366106058098618,6.551738739013672,70300,0.0,0.0
2012-09-24 00:00:00-04:00,6.557199187032129,6.6336358120523435,6.502601151430156,6.595417499542236,33100,0.0,0.0
2012-09-25 00:00:00-04:00,6.595417978385934,6.606337794573317,6.502601623535157,6.502601623535156,53700,0.0,0.0
2012-09-26 00:00:00-04:00,6.524440192625721,6.568118412371808,6.415244643260505,6.458922863006592,25800,0.0,0.0
2012-09-27 00:00:00-04:00,6.442544454572969,6.551740017392406,6.387946412820493,6.535360813140869,16800,0.0,0.0
2012-09-28 00:00:00-04:00,6.529900904828519,6.606338059144883,6.420705342009081,6.535360813140869,25700,0.0,0.0
2012-10-01 00:00:00-04:00,6.551738860900832,6.568118062261165,6.480761627425489,6.546278953552246,20000,0.0,0.0
2012-10-02 00:00:00-04:00,6.589956283569335,6.606336003409406,6.529898872878469,6.589956283569336,16200,0.0,0.0
2012-10-03 00:00:00-04:00,6.595415789986711,6.606335602550834,6.546277674818803,6.58449649810791,19800,0.0,0.0
2012-10-04 00:00:00-04:00,6.595414720408142,6.639092922210693,6.595414720408142,6.639092922210693,11100,0.0,0.0
2012-10-05 00:00:00-04:00,6.6445550582450705,6.660934259248365,6.617256042782638,6.622715950012207,15600,0.0,0.0
2012-10-08 00:00:00-04:00,6.622718184342928,6.6336374818005375,6.568120134998119,6.606338977813721,7000,0.0,0.0
2012-10-09 00:00:00-04:00,6.589957463279179,6.589957463279179,6.480761914891024,6.508060932159424,12400,0.0,0.0
2012-10-10 00:00:00-04:00,6.475301675982712,6.475301675982712,6.31696800874988,6.431623458862305,20400,0.0,0.0
2012-10-11 00:00:00-04:00,6.4534614520070654,6.4589213583747815,6.306047624876032,6.415243148803711,44500,0.0,0.0
2012-10-12 00:00:00-04:00,6.371567972817444,6.404326385249781,6.284211512083776,6.289671421051025,29100,0.0,0.0
2012-10-15 00:00:00-04:00,6.229612412351609,6.3169688583413,6.142255966361918,6.180474281311035,40300,0.0,0.0
2012-10-16 00:00:00-04:00,6.191394269589203,6.196854177786776,6.1258769332748555,6.147716045379639,34300,0.0,0.0
2012-10-17 00:00:00-04:00,6.136795936705639,6.196853882647523,6.060359308322119,6.185934066772461,95500,0.0,0.0
2012-10-18 00:00:00-04:00,6.202311629548959,6.3333467819669105,6.065817091322821,6.218691349029541,36000,0.0,0.0
2012-10-19 00:00:00-04:00,6.158632880769025,6.218690805578688,6.033058166503906,6.033058166503906,24700,0.0,0.0
2012-10-22 00:00:00-04:00,6.169553091656204,6.169553091656204,6.06581695337962,6.109495162963867,23000,0.0,0.0
2012-10-23 00:00:00-04:00,6.087658159718403,6.109497272049701,6.071278955641308,6.098577976226807,41100,0.0,0.0
2012-10-24 00:00:00-04:00,6.098577976226807,6.142256200889402,6.087658159718403,6.098577976226807,15100,0.0,0.0
2012-10-25 00:00:00-04:00,6.114957180303903,6.120417088558105,6.087658159718403,6.098577976226807,10000,0.0,0.0
2012-10-26 00:00:00-04:00,6.1094967313517845,6.1094967313517845,6.043979400156256,6.054899215698242,13900,0.0,0.0
2012-10-31 00:00:00-04:00,6.0385198071910064,6.0385198071910064,5.672714329973793,5.738231658935547,94300,0.0,0.0
2012-11-01 00:00:00-04:00,5.765529753818312,5.874725284619056,5.754609940395556,5.760069847106934,33100,0.0,0.0
2012-11-02 00:00:00-04:00,5.781909936925242,5.8474272665519464,5.689093589782715,5.689093589782715,55400,0.0,0.0
2012-11-05 00:00:00-05:00,5.678172038142476,5.754609159675558,5.508919118534975,5.514379024505615,72400,0.0,0.0
2012-11-06 00:00:00-05:00,5.574438749259208,5.73823235178314,5.541679820480218,5.70547342300415,36000,0.0,0.0
2012-11-07 00:00:00-05:00,5.634495843687074,5.661794862602787,5.54167949178494,5.558059215545654,44500,0.0,0.0
2012-11-08 00:00:00-05:00,5.568977175526015,5.574437082137228,5.459781646728516,5.459781646728516,47600,0.0,0.0
2012-11-09 00:00:00-05:00,5.514380869168553,5.514380869168553,5.3014491512516075,5.470702648162842,67500,0.0,0.0
2012-11-12 00:00:00-05:00,5.49254140239345,5.525299805680136,5.421564167691721,5.465242385864258,35200,0.0,0.0
2012-11-13 00:00:00-05:00,5.426323377265269,5.537518419787141,5.404084368760894,5.4207634925842285,66700,0.18,0.0
2012-11-14 00:00:00-05:00,5.404084643200511,5.437442892541236,5.292889595031737,5.292889595031738,55800,0.0,0.0
2012-11-15 00:00:00-05:00,5.331808021032127,5.331808021032127,5.137216278426053,5.215053081512451,88300,0.0,0.0
2012-11-16 00:00:00-05:00,5.192814023368,5.404084889632761,5.170575012720122,5.370726108551025,131400,0.0,0.0
2012-11-19 00:00:00-05:00,5.365167085089772,5.581997871398926,5.342928070869854,5.581997871398926,53800,0.0,0.0
2012-11-20 00:00:00-05:00,5.587557047275293,5.670953207444534,5.526399368279318,5.554198265075684,34500,0.0,0.0
2012-11-21 00:00:00-05:00,5.6042343627238145,5.6042343627238145,5.426322329056291,5.570876121520996,68000,0.0,0.0
2012-11-23 00:00:00-05:00,5.565317953197251,5.6320349863853885,5.548638297235331,5.5986762046813965,12300,0.0,0.0
2012-11-26 00:00:00-05:00,5.598676752318885,5.682073449626434,5.570878383436268,5.609796524047852,34500,0.0,0.0
2012-11-27 00:00:00-05:00,5.593117483978574,5.654274638782807,5.55975869849087,5.565318584442139,37600,0.0,0.0
2012-11-28 00:00:00-05:00,5.56531720416446,5.6264743438008535,5.531958426950205,5.620914459228516,24700,0.0,0.0
2012-11-29 00:00:00-05:00,5.654273950826554,5.693192087310445,5.620915169397617,5.648714065551758,42400,0.0,0.0
2012-11-30 00:00:00-05:00,5.676513760285201,5.704312660350127,5.626475846212318,5.632035732269287,53400,0.0,0.0
2012-12-03 00:00:00-05:00,5.643153190612793,5.654272959212265,5.637593836532807,5.643153190612793,22400,0.0,0.0
2012-12-04 00:00:00-05:00,5.6487155650910195,5.693193598657092,5.643155678340264,5.659835338592529,18400,0.0,0.0
2012-12-05 00:00:00-05:00,5.68763255662999,5.709872099115697,5.626475405453924,5.637595176696777,38100,0.0,0.0
2012-12-06 00:00:00-05:00,5.6431541802769605,5.676512961705898,5.626475054672413,5.648714065551758,15700,0.0,0.0
2012-12-07 00:00:00-05:00,5.659835338592529,5.676514468624811,5.637596321809493,5.659835338592529,31200,0.0,0.0
2012-12-10 00:00:00-05:00,5.670953677897468,5.670953677897468,5.565318497571785,5.609796524047852,18900,0.0,0.0
2012-12-11 00:00:00-05:00,5.648713074912529,5.654272959212265,5.6209141836336,5.643153190612793,18700,0.0,0.0
2012-12-12 00:00:00-05:00,5.648714878448351,5.648714878448351,5.565318708204377,5.576437950134277,23200,0.0,0.0
2012-12-13 00:00:00-05:00,5.565317638253212,5.604235772855601,5.50415996362681,5.5097198486328125,31500,0.0,0.0
2012-12-14 00:00:00-05:00,5.465242758198932,5.565318584442139,5.448563630565034,5.565318584442139,29700,0.0,0.0
2012-12-17 00:00:00-05:00,5.593117483978574,5.593117483978574,5.2984498912002245,5.565318584442139,42900,0.0,0.0
2012-12-18 00:00:00-05:00,5.565317117151427,5.570877001636837,5.515279217222269,5.559757232666016,32200,0.0,0.0
2012-12-19 00:00:00-05:00,5.543077924316299,5.648713074912529,5.531958155716828,5.643153190612793,22200,0.0,0.0
2012-12-20 00:00:00-05:00,5.632036650899062,5.748791626039477,5.615357520227575,5.737671852111816,27700,0.0,0.0
2012-12-21 00:00:00-05:00,5.737669818838347,5.748789588825464,5.62647477006625,5.726550579071045,119900,0.0,0.0
2012-12-24 00:00:00-05:00,5.732110227952411,5.74878935202624,5.620914653540772,5.698751449584961,12900,0.0,0.0
2012-12-26 00:00:00-05:00,5.837744333608156,5.837744333608156,5.6097944016071795,5.687630653381348,13700,0.0,0.0
2012-12-27 00:00:00-05:00,5.698751252581924,5.698751252581924,5.56531720416446,5.620914459228516,22600,0.0,0.0
2012-12-28 00:00:00-05:00,5.609797418275702,5.737671632223164,5.587558401492666,5.659835338592529,25500,0.0,0.0
2012-12-31 00:00:00-05:00,5.6487153463169975,5.754351069610149,5.6431554597815765,5.743231296539307,27700,0.0,0.0
2013-01-02 00:00:00-05:00,5.882222943178649,6.037895992823635,5.8155059219022265,5.965619087219238,96000,0.0,0.0
2013-01-03 00:00:00-05:00,5.993418567378789,6.060135595208892,5.976739442976215,5.982299327850342,17600,0.0,0.0
2013-01-04 00:00:00-05:00,5.982299327850342,6.0656954800830185,5.960060318573641,5.982299327850342,16800,0.0,0.0
2013-01-07 00:00:00-05:00,5.92670204753446,6.049016874149987,5.92670204753446,5.987859725952148,24700,0.0,0.0
2013-01-08 00:00:00-05:00,5.976740156024623,6.0656962037442295,5.976740156024623,6.060136318206787,11400,0.0,0.0
2013-01-09 00:00:00-05:00,6.065696078562891,6.1046142160820756,6.004538929572765,6.049016952514648,24400,0.0,0.0
2013-01-10 00:00:00-05:00,5.998978422344963,6.049016325523026,5.732110312355028,5.759908676147461,26300,0.0,0.0
2013-01-11 00:00:00-05:00,5.759910425925607,5.765470312461028,5.693193378160442,5.743231296539307,23500,0.0,0.0
2013-01-14 00:00:00-05:00,5.715429541966278,5.715429541966278,5.6431526437333375,5.687630653381348,21300,0.0,0.0
2013-01-15 00:00:00-05:00,5.654273468088153,5.704311370849609,5.609795450126814,5.704311370849609,62300,0.0,0.0
2013-01-16 00:00:00-05:00,5.7154305736587885,5.7154305736587885,5.6820723255111325,5.698751449584961,12300,0.0,0.0
2013-01-17 00:00:00-05:00,5.704312120389977,5.787708282470702,5.687632463797938,5.787708282470703,38500,0.0,0.0
2013-01-18 00:00:00-05:00,5.771027088165282,5.821064979571577,5.693190309286638,5.771027088165283,42500,0.0,0.0
2013-01-22 00:00:00-05:00,5.771027929266226,5.871103726664407,5.748788922091048,5.865543842315674,42900,0.0,0.0
2013-01-23 00:00:00-05:00,5.8711042404174805,5.887783364703439,5.8266256919552575,5.8711042404174805,41100,0.0,0.0
2013-01-24 00:00:00-05:00,5.859984957053175,5.871104727646485,5.782148153559546,5.815506935119629,57200,0.0,0.0
2013-01-25 00:00:00-05:00,5.8210672229076845,5.82662657836889,5.732111172889821,5.754350185394287,29600,0.0,0.0
2013-01-28 00:00:00-05:00,5.771028644513094,5.793267654444519,5.715430854574619,5.7821478843688965,28400,0.0,0.0
2013-01-29 00:00:00-05:00,5.782148396940023,5.793268168001382,5.759909385037171,5.787708282470703,59100,0.0,0.0
2013-01-30 00:00:00-05:00,5.787708439041045,5.793268324722132,5.743230414032113,5.754350185394287,14500,0.0,0.0
2013-01-31 00:00:00-05:00,5.771029312217666,5.832186464049977,5.743230414032113,5.754350185394287,25600,0.0,0.0
2013-02-01 00:00:00-05:00,5.7376705283510265,5.782148553359958,5.726551287208735,5.754350185394287,53400,0.0,0.0
2013-02-04 00:00:00-05:00,5.726552167153006,5.7988291014535935,5.726552167153006,5.743231296539307,31400,0.0,0.0
2013-02-05 00:00:00-05:00,5.7154309616921255,5.804387003085026,5.698751836485915,5.798827648162842,35600,0.0,0.0
2013-02-06 00:00:00-05:00,5.759907651658307,5.804385662078857,5.75434829802052,5.804385662078857,18900,0.0,0.0
2013-02-07 00:00:00-05:00,5.793268324722132,5.793268324722132,5.7098721603853555,5.754350185394287,21100,0.0,0.0
2013-02-08 00:00:00-05:00,5.715430854574619,5.804386894300322,5.715430854574619,5.7821478843688965,35000,0.0,0.0
2013-02-11 00:00:00-05:00,5.782148153559546,5.821066820416283,5.7265508912525345,5.815506935119629,38800,0.0,0.0
2013-02-12 00:00:00-05:00,5.754349751892159,5.8099470138549805,5.754349751892159,5.8099470138549805,38100,0.0,0.0
2013-02-13 00:00:00-05:00,5.776002064500528,5.804288176530984,5.747715952470071,5.7703447341918945,39800,0.18,0.0
2013-02-14 00:00:00-05:00,5.747718055707658,5.792975635712213,5.7364039304629735,5.781661510467529,29600,0.0,0.0
2013-02-15 00:00:00-05:00,5.75337665320326,5.832577705383301,5.742061985957671,5.832577705383301,80300,0.0,0.0
2013-02-19 00:00:00-05:00,5.843891143798828,5.843891143798828,5.770347433916442,5.843891143798828,41500,0.0,0.0
2013-02-20 00:00:00-05:00,5.83257635986039,5.83257635986039,5.742060661315918,5.742060661315918,53200,0.0,0.0
2013-02-21 00:00:00-05:00,5.7420603938214985,5.7929753032831055,5.7024601484681945,5.730746269226074,34000,0.0,0.0
2013-02-22 00:00:00-05:00,5.764689513331138,5.7986329680910105,5.719431933326582,5.781661510467529,27100,0.0,0.0
2013-02-25 00:00:00-05:00,5.80429081054021,5.809948143416163,5.691146850585938,5.6911468505859375,32600,0.0,0.0
2013-02-26 00:00:00-05:00,5.708117349167344,5.747717593609368,5.668517104725319,5.713774681091309,47300,0.0,0.0
2013-02-27 00:00:00-05:00,5.742060048809451,5.781660831296219,5.713774469263992,5.747717380523682,49100,0.0,0.0
2013-02-28 00:00:00-05:00,5.725088331916909,5.7477171182283255,5.668516635894775,5.668516635894775,45400,0.0,0.0
2013-03-01 00:00:00-05:00,5.679831499740066,5.781661321172808,5.628916589023695,5.702460289001465,36500,0.0,0.0
2013-03-04 00:00:00-05:00,5.708118227896586,5.742061145639945,5.668517977358349,5.719432353973389,37000,0.0,0.0
2013-03-05 00:00:00-05:00,5.742059913406952,5.776003363379075,5.719431126596482,5.7533745765686035,38300,0.0,0.0
2013-03-06 00:00:00-05:00,5.787318240831701,5.787318240831701,5.713775078753231,5.742060661315918,22300,0.0,0.0
2013-03-07 00:00:00-05:00,5.747718649634051,5.843891151959709,5.742061316670668,5.821262359619141,45000,0.0,0.0
2013-03-08 00:00:00-05:00,5.821262359619141,5.849548484923092,5.792976234315188,5.821262359619141,26400,0.0,0.0
2013-03-11 00:00:00-04:00,5.821261274022267,5.826918605930624,5.770346365872778,5.804289817810059,14300,0.0,0.0
2013-03-12 00:00:00-04:00,5.776003229556465,5.798632015842655,5.713774202147648,5.736402988433838,26900,0.0,0.0
2013-03-13 00:00:00-04:00,5.719431746069291,5.725089078262864,5.645888046091521,5.702460289001465,49300,0.0,0.0
2013-03-14 00:00:00-04:00,5.662860644563473,5.725089686768265,5.623259854512287,5.719432353973389,64400,0.0,0.0
2013-03-15 00:00:00-04:00,5.713774202147648,5.764688566656959,5.685488084411705,5.736402988433838,94800,0.0,0.0
2013-03-18 00:00:00-04:00,5.7081172687543456,5.832575871763943,5.6798311490458655,5.764688968658447,44500,0.0,0.0
2013-03-19 00:00:00-04:00,5.759033356729189,5.764690150220043,5.674174980210723,5.708118438720703,36300,0.0,0.0
2013-03-20 00:00:00-04:00,5.719431740992601,5.742060530233914,5.668517369834316,5.725089073181152,19800,0.0,0.0
2013-03-21 00:00:00-04:00,5.747717512638502,5.798632420211195,5.6798311490458655,5.764688968658447,29700,0.0,0.0
2013-03-22 00:00:00-04:00,5.764691648638319,5.849550047214057,5.725091386344174,5.838235378265381,37400,0.0,0.0
2013-03-25 00:00:00-04:00,5.838231079357362,5.843888409665996,5.742058622161437,5.7703447341918945,31500,0.0,0.0
2013-03-26 00:00:00-04:00,5.798633098602295,5.804290431108423,5.742060852566859,5.798633098602295,28500,0.0,0.0
2013-03-27 00:00:00-04:00,5.7533756531074856,5.821262026241407,5.7420609878286974,5.792975902557373,23800,0.0,0.0
2013-03-28 00:00:00-04:00,5.792975018526792,5.832575801446381,5.753374775120056,5.8099470138549805,166800,0.0,0.0
2013-04-01 00:00:00-04:00,5.81560519392098,5.962692618121606,5.7873190678034785,5.923092365264893,109100,0.0,0.0
2013-04-02 00:00:00-04:00,5.9174338616634925,6.007949015725111,5.911776529656422,5.979662895202637,66900,0.0,0.0
2013-04-03 00:00:00-04:00,6.0079496788482825,6.2116087979656545,5.974006762085187,6.058864593505859,47400,0.0,0.0
2013-04-04 00:00:00-04:00,5.9909785890950005,6.058864966311211,5.945721004284193,5.9740071296691895,42500,0.0,0.0
2013-04-05 00:00:00-04:00,5.934404914518191,6.024920062423039,5.889147340565767,5.996634483337402,20400,0.0,0.0
2013-04-08 00:00:00-04:00,6.0305783031735425,6.194637168361668,6.024920970698419,6.177665710449219,27900,0.0,0.0
2013-04-09 00:00:00-04:00,6.172008416023543,6.172008416023543,6.036235672861094,6.041893005371094,34100,0.0,0.0
2013-04-10 00:00:00-04:00,6.030579710841556,6.166352484859295,6.019265582763267,6.155038356781006,71200,0.0,0.0
2013-04-11 00:00:00-04:00,6.126749833010322,6.358695032859114,6.075834927772717,6.336066246032715,182700,0.0,0.0
2013-04-12 00:00:00-04:00,6.256865761896739,6.37000969602873,6.23423697507034,6.336066246032715,95500,0.0,0.0
2013-04-15 00:00:00-04:00,6.26818066465432,6.3021241188693224,6.166350841522217,6.166350841522217,91400,0.0,0.0
2013-04-16 00:00:00-04:00,6.234235691849957,6.239892482757568,6.194634918420337,6.239892482757568,45400,0.0,0.0
2013-04-17 00:00:00-04:00,6.239894736687182,6.239894736687182,6.109779327096476,6.222923278808594,65100,0.0,0.0
2013-04-18 00:00:00-04:00,6.222922678032993,6.222922678032993,6.05886382901082,6.160693645477295,85300,0.0,0.0
2013-04-19 00:00:00-04:00,6.166351786270225,6.194637912530966,6.138066199522468,6.188980579376221,52700,0.0,0.0
2013-04-22 00:00:00-04:00,6.166351813247145,6.188980606452139,6.053207847222176,6.121094226837158,18400,0.0,0.0
2013-04-23 00:00:00-04:00,6.177666981637877,6.22858190536499,6.0928091351013745,6.22858190536499,58100,0.0,0.0
2013-04-24 00:00:00-04:00,6.211608342033455,6.251209128034279,6.183322759978016,6.2342376708984375,36400,0.0,0.0
2013-04-25 00:00:00-04:00,6.251207143598238,6.398294497450602,6.217263700588953,6.239892482757568,52400,0.0,0.0
2013-04-26 00:00:00-04:00,6.251210635946364,6.262524763595145,6.183324251514601,6.211609840393066,55900,0.0,0.0
2013-04-29 00:00:00-04:00,6.2059518209300055,6.2908096498358645,6.2059518209300055,6.222923278808594,64800,0.0,0.0
2013-04-30 00:00:00-04:00,6.222922662192597,6.273837570296231,6.183322417895488,6.251208782196045,58100,0.0,0.0
2013-05-01 00:00:00-04:00,6.222923291224363,6.222923291224363,6.155036920061647,6.177665710449219,89900,0.0,0.0
2013-05-02 00:00:00-04:00,6.222922662192597,6.285151694589891,6.2116079983860715,6.251208782196045,26100,0.0,0.0
2013-05-03 00:00:00-04:00,6.31343781459334,6.31343781459334,6.234237325999122,6.251208782196045,57200,0.0,0.0
2013-05-06 00:00:00-04:00,6.251210700408927,6.26252482817438,6.205953110321055,6.22858190536499,53900,0.0,0.0
2013-05-07 00:00:00-04:00,6.22292323674027,6.386982100491997,6.2172659043146785,6.381324768066406,38100,0.0,0.0
2013-05-08 00:00:00-04:00,6.353037688238093,6.534068521990645,6.256865749057868,6.449210166931152,74000,0.0,0.0
2013-05-09 00:00:00-04:00,6.471839026883524,6.528411264229474,6.381323878740275,6.443553447723389,41300,0.0,0.0
2013-05-10 00:00:00-04:00,6.415267269681527,6.449210180164707,6.313437459206317,6.336066246032715,74800,0.0,0.0
2013-05-13 00:00:00-04:00,6.341815435460608,6.364813838147698,6.28431970290547,6.336066246032715,74800,0.18,0.0
2013-05-14 00:00:00-04:00,6.30731945532079,6.37631467814662,6.301569716337315,6.359066009521484,59100,0.0,0.0
2013-05-15 00:00:00-04:00,6.307320512800895,6.359067075677375,6.28432210133639,6.341817855834961,63800,0.0,0.0
2013-05-16 00:00:00-04:00,6.341817586059065,6.416562557220459,6.341817586059065,6.416562557220459,25600,0.0,0.0
2013-05-17 00:00:00-04:00,6.42806009028737,6.42806009028737,6.3878124728790455,6.4223103523254395,54900,0.0,0.0
2013-05-20 00:00:00-04:00,6.387813384134523,6.468308082108976,6.3763144548954696,6.4395599365234375,35200,0.0,0.0
2013-05-21 00:00:00-04:00,6.416562403306036,6.462559223175049,6.416562403306036,6.462559223175049,29600,0.0,0.0
2013-05-22 00:00:00-04:00,6.474056210591714,6.474056210591714,6.32456632938992,6.330316066741943,35800,0.0,0.0
2013-05-23 00:00:00-04:00,6.382063122647609,6.382063122647609,6.2958187003644275,6.324566841125488,39700,0.0,0.0
2013-05-24 00:00:00-04:00,6.313068613430806,6.3303178302923,6.221074983470657,6.244073390960693,37400,0.0,0.0
2013-05-28 00:00:00-04:00,6.31881868169454,6.34756682963664,6.261322934135657,6.290070533752441,32200,0.0,0.0
2013-05-29 00:00:00-04:00,6.2555742265679175,6.267073158646003,6.111834011476722,6.117583751678467,84900,0.0,0.0
2013-05-30 00:00:00-04:00,6.146330097297429,6.278571353228165,6.146330097297429,6.20957612991333,22600,0.0,0.0
2013-05-31 00:00:00-04:00,6.16357887522927,6.2555724997613815,6.060085773468018,6.060085773468018,103000,0.0,0.0
2013-06-03 00:00:00-04:00,6.088833808898926,6.146329549036611,6.031337520435997,6.088833808898926,106000,0.0,0.0
2013-06-04 00:00:00-04:00,6.123331063756215,6.123331063756215,5.968091964243714,5.979590892791748,94500,0.0,0.0
2013-06-05 00:00:00-04:00,5.991091037949342,6.031338114844732,5.89334766692457,5.904847145080566,55600,0.0,0.0
2013-06-06 00:00:00-04:00,5.893347156047469,6.088833881150839,5.893347156047469,6.077334403991699,75000,0.0,0.0
2013-06-07 00:00:00-04:00,6.134831733477181,6.169329074154134,6.0255888752410325,6.054337024688721,63500,0.0,0.0
2013-06-10 00:00:00-04:00,6.02558843905111,6.077334994645969,5.956593214366399,6.037087917327881,40700,0.0,0.0
2013-06-11 00:00:00-04:00,5.996840108581923,6.037087180991121,5.9623422262845835,5.96809196472168,16900,0.0,0.0
2013-06-12 00:00:00-04:00,5.9450933338198295,5.979590666483556,5.887597048279996,5.893346786499023,43900,0.0,0.0
2013-06-13 00:00:00-04:00,5.847349941945563,5.916345155179925,5.847349941945563,5.899096488952637,50200,0.0,0.0
2013-06-14 00:00:00-04:00,5.899096488952638,5.927844631548258,5.876098084541184,5.899096488952637,40800,0.0,0.0
2013-06-17 00:00:00-04:00,5.881847274400137,5.922094893364091,5.841600203761396,5.899096488952637,75100,0.0,0.0
2013-06-18 00:00:00-04:00,5.899098122414232,6.002590696760285,5.881848903085419,5.985342025756836,53400,0.0,0.0
2013-06-19 00:00:00-04:00,5.979591188157842,5.979591188157842,5.864599155371204,5.8760986328125,41800,0.0,0.0
2013-06-20 00:00:00-04:00,5.7841051887427835,5.916345893530775,5.772605710939333,5.824352264404297,111700,0.0,0.0
2013-06-21 00:00:00-04:00,5.841601332727999,5.893347889735779,5.789854775720219,5.858850002288818,107100,0.0,0.0
2013-06-24 00:00:00-04:00,5.853102041149869,5.956594628585571,5.795605732765808,5.910597801208496,71200,0.0,0.0
2013-06-25 00:00:00-04:00,5.9393435956008025,5.956592261932666,5.87609812016716,5.893346786499023,27700,0.0,0.0
2013-06-26 00:00:00-04:00,5.899098308585287,5.950844871554078,5.78410625105763,5.795605182647705,42200,0.0,0.0
2013-06-27 00:00:00-04:00,5.818602415402904,5.8588494903028625,5.818602415402904,5.853100299835205,71600,0.0,0.0
2013-06-28 00:00:00-04:00,5.853100590029181,5.939344482897957,5.853100590029181,5.904847145080566,196000,0.0,0.0
2013-07-01 00:00:00-04:00,5.904846486416433,6.01983851352296,5.893347009543162,5.979590892791748,53800,0.0,0.0
2013-07-02 00:00:00-04:00,5.973842864225604,6.117583063138706,5.956593645561785,6.054337024688721,69000,0.0,0.0
2013-07-03 00:00:00-04:00,6.014088452580141,6.065834999084472,6.014088452580141,6.065834999084473,17400,0.0,0.0
2013-07-05 00:00:00-04:00,6.111832069678793,6.140580213228504,6.037087115779636,6.134830474853516,19300,0.0,0.0
2013-07-08 00:00:00-04:00,6.175078316963097,6.2325746112332645,6.152079908920089,6.1980767250061035,29800,0.0,0.0
2013-07-09 00:00:00-04:00,6.2095764160240705,6.29007057277089,6.140581189530231,6.27282190322876,25900,0.0,0.0
2013-07-10 00:00:00-04:00,6.20957653047262,6.232574939727783,6.1520802331720486,6.232574939727783,33800,0.0,0.0
2013-07-11 00:00:00-04:00,6.2383242003321495,6.244073390960694,6.163579238908206,6.244073390960693,76300,0.0,0.0
2013-07-12 00:00:00-04:00,6.221072636640881,6.232572110210495,6.180825575797388,6.215323448181152,57100,0.0,0.0
2013-07-15 00:00:00-04:00,6.192325526372307,6.238322327543818,6.037085911174615,6.226822853088379,99200,0.0,0.0
2013-07-16 00:00:00-04:00,6.215325792842112,6.249823129914525,6.198076575980619,6.244073390960693,45000,0.0,0.0
2013-07-17 00:00:00-04:00,6.2268250855662,6.307319790638339,6.18657800719279,6.27282190322876,42900,0.0,0.0
2013-07-18 00:00:00-04:00,6.25557163229405,6.387812312139679,6.25557163229405,6.324566841125488,52300,0.0,0.0
2013-07-19 00:00:00-04:00,6.2958204860749865,6.468308831239781,6.2958204860749865,6.353316783905029,91800,0.0,0.0
2013-07-22 00:00:00-04:00,6.370565928688825,6.405063819622865,6.324569106327022,6.364816188812256,32100,0.0,0.0
2013-07-23 00:00:00-04:00,6.353315756817215,6.439559641294613,6.347566018298656,6.387813091278076,38300,0.0,0.0
2013-07-24 00:00:00-04:00,6.370563200344416,6.399311339089817,6.261320931102064,6.307317733764648,50300,0.0,0.0
2013-07-25 00:00:00-04:00,6.318819175572895,6.433811228003747,6.278572094303437,6.416562557220459,35700,0.0,0.0
2013-07-26 00:00:00-04:00,6.370565340644276,6.416562158760274,6.330318261874109,6.3820648193359375,17900,0.0,0.0
2013-07-29 00:00:00-04:00,6.399311339089817,6.399311339089817,6.278569595019249,6.307317733764648,25500,0.0,0.0
2013-07-30 00:00:00-04:00,6.341817053314431,6.382064679528243,6.267072088431992,6.295820236206055,24500,0.0,0.0
2013-07-31 00:00:00-04:00,6.29582071596383,6.318819126270557,6.203827074736926,6.2843217849731445,80400,0.0,0.0
2013-08-01 00:00:00-04:00,6.341817169278985,6.387813987228445,6.203826715430606,6.255573272705078,33600,0.0,0.0
2013-08-02 00:00:00-04:00,6.255570509024645,6.272819171053988,6.180825575797388,6.215323448181152,39400,0.0,0.0
2013-08-05 00:00:00-04:00,6.198076212006374,6.278570907657198,6.1865772830992585,6.203825950622559,21600,0.0,0.0
2013-08-06 00:00:00-04:00,6.198075959634793,6.2900695804469615,6.180827292813819,6.278570652008057,18400,0.0,0.0
2013-08-07 00:00:00-04:00,6.284321168228402,6.284321168228402,6.180828057842295,6.186577796936035,16100,0.0,0.0
2013-08-08 00:00:00-04:00,6.249822282481757,6.347565638142414,6.180827069366919,6.192326545715332,42300,0.0,0.0
2013-08-09 00:00:00-04:00,6.198076467586038,6.353316126672859,6.198076467586038,6.261322498321533,24700,0.0,0.0
2013-08-12 00:00:00-04:00,6.192327534239327,6.255573019276272,6.18657779514725,6.1980767250061035,27900,0.0,0.0
2013-08-13 00:00:00-04:00,6.180533810343663,6.180533810343663,6.010963836741046,6.034352779388428,47000,0.18,0.0
2013-08-14 00:00:00-04:00,5.993423727246873,6.0051184802338575,5.882326362053095,5.8940205574035645,61600,0.0,0.0
2013-08-15 00:00:00-04:00,5.870630107089621,5.870630107089621,5.747838020324707,5.747838020324707,58300,0.0,0.0
2013-08-16 00:00:00-04:00,5.724449483313943,5.730296858725456,5.566574250657989,5.630893707275391,84400,0.0,0.0
2013-08-19 00:00:00-04:00,5.642587996405976,5.706908011753458,5.379462232414375,5.4671711921691895,119900,0.0,0.0
2013-08-20 00:00:00-04:00,5.525642635019364,5.712754726264459,5.473017376782817,5.683518409729004,79900,0.0,0.0
2013-08-21 00:00:00-04:00,5.701060771942139,5.747838661870237,5.595810240785702,5.701060771942139,35300,0.0,0.0
2013-08-22 00:00:00-04:00,5.730296839377578,5.911561015431147,5.665976825340936,5.858936309814453,37400,0.0,0.0
2013-08-23 00:00:00-04:00,5.853090461097677,5.853090461097677,5.7186035801905115,5.806312561035156,61200,0.0,0.0
2013-08-26 00:00:00-04:00,5.829700401104841,5.829700401104841,5.741991436959783,5.765380382537842,33900,0.0,0.0
2013-08-27 00:00:00-04:00,5.701063095941904,5.7127578520094335,5.584118323449915,5.665979385375977,65400,0.0,0.0
2013-08-28 00:00:00-04:00,5.671824938543078,5.695213885516259,5.636741796901547,5.6425886154174805,36400,0.0,0.0
2013-08-29 00:00:00-04:00,5.630893151492457,5.695212601761372,5.589962642924635,5.683518409729004,51200,0.0,0.0
2013-08-30 00:00:00-04:00,5.660130188089674,5.671824381609736,5.58996335406002,5.613352298736572,79400,0.0,0.0
2013-09-03 00:00:00-04:00,5.689366275567703,5.689366275567703,5.5782689214195935,5.601657867431641,39000,0.0,0.0
2013-09-04 00:00:00-04:00,5.5782695591493585,5.671825353893214,5.5782695591493585,5.5841169357299805,47800,0.0,0.0
2013-09-05 00:00:00-04:00,5.5724206761475905,5.625045935873683,5.55487910878435,5.578268051147461,36000,0.0,0.0
2013-09-06 00:00:00-04:00,5.636741082686903,5.671824219883154,5.57242106843309,5.630893707275391,25200,0.0,0.0
2013-09-09 00:00:00-04:00,5.619198322852479,5.701059896474011,5.613351505736643,5.648434638977051,48600,0.0,0.0
2013-09-10 00:00:00-04:00,5.6367411613464355,5.665976923539153,5.6367411613464355,5.6367411613464355,33200,0.0,0.0
2013-09-11 00:00:00-04:00,5.642587979203128,5.671824299032265,5.6133522170104095,5.6367411613464355,72800,0.0,0.0
2013-09-12 00:00:00-04:00,5.60750650965331,5.642589657775767,5.566575984298247,5.619200706481934,76500,0.0,0.0
2013-09-13 00:00:00-04:00,5.58411629733172,5.619199437531561,5.58411629733172,5.601657867431641,61900,0.0,0.0
2013-09-16 00:00:00-04:00,5.607505884415945,5.613353260996566,5.560727987044016,5.5841169357299805,61100,0.0,0.0
2013-09-17 00:00:00-04:00,5.619200079940665,5.64843640520725,5.572422182568737,5.5841169357299805,68900,0.0,0.0
2013-09-18 00:00:00-04:00,5.589964433717784,5.730298128881444,5.589964433717784,5.7069091796875,131400,0.0,0.0
2013-09-19 00:00:00-04:00,5.701060854635579,5.718602424203946,5.654282964028972,5.677671909332275,17800,0.0,0.0
2013-09-20 00:00:00-04:00,5.712755523242381,5.724449716906188,5.67182445132797,5.701060771942139,61700,0.0,0.0
2013-09-23 00:00:00-04:00,5.689367253242297,5.8121593803155545,5.683520433961898,5.806312561035156,169400,0.0,0.0
2013-09-24 00:00:00-04:00,5.8296999166514185,5.929103066506789,5.788768847063888,5.794616222381592,233100,0.0,0.0
2013-09-25 00:00:00-04:00,5.835546492470798,5.934949638206274,5.835546492470798,5.864782810211182,312200,0.0,0.0
2013-09-26 00:00:00-04:00,5.8706317034136,5.899868028714406,5.835548001525328,5.841395378112793,87800,0.0,0.0
2013-09-27 00:00:00-04:00,5.835546493530273,5.858935993835931,5.835546493530273,5.835546493530273,21400,0.0,0.0
2013-09-30 00:00:00-04:00,5.823854134149463,5.86478465729503,5.759534660972634,5.806312561035156,64000,0.0,0.0
2013-10-01 00:00:00-04:00,5.8647828876839485,5.934949716605933,5.847241319862549,5.899866580963135,31300,0.0,0.0
2013-10-02 00:00:00-04:00,5.905714599413518,5.923256169145685,5.847241956791028,5.853089332580566,32400,0.0,0.0
2013-10-03 00:00:00-04:00,5.8472430841807235,5.876479411128938,5.759534660972634,5.806312561035156,41400,0.0,0.0
2013-10-04 00:00:00-04:00,5.818004926264357,5.847241244011691,5.771227040923174,5.78292179107666,53700,0.0,0.0
2013-10-07 00:00:00-04:00,5.759533083502039,5.847241482687795,5.759533083502039,5.8238525390625,24200,0.0,0.0
2013-10-08 00:00:00-04:00,5.841394107372371,5.853088858003219,5.765379901181061,5.8238525390625,55100,0.0,0.0
2013-10-09 00:00:00-04:00,5.853088934422684,5.981727847223149,5.841394183639145,5.858936309814453,71600,0.0,0.0
2013-10-10 00:00:00-04:00,5.853088934422684,5.882325253745121,5.829699990492016,5.858936309814453,54500,0.0,0.0
2013-10-11 00:00:00-04:00,5.823853011269322,5.853089332580566,5.806311441537154,5.853089332580566,75500,0.0,0.0
2013-10-14 00:00:00-04:00,5.835544747669701,5.8472394943237305,5.835544747669701,5.8472394943237305,41300,0.0,0.0
2013-10-15 00:00:00-04:00,5.8355467320569465,5.847241482687795,5.8238525390625,5.8238525390625,64100,0.0,0.0
2013-10-16 00:00:00-04:00,5.8355473582820165,5.917408948573493,5.82970053997556,5.888172626495361,64700,0.0,0.0
2013-10-17 00:00:00-04:00,5.847242395211333,6.040201349642388,5.847242395211333,6.022659778594971,87300,0.0,0.0
2013-10-18 00:00:00-04:00,6.063589252149221,6.162992400351372,6.028506116099281,6.127908706665039,86500,0.0,0.0
2013-10-21 00:00:00-04:00,6.110367447689287,6.244854296379825,6.034353238887925,6.203923225402832,69400,0.0,0.0
2013-10-22 00:00:00-04:00,6.139604568481444,6.256549305877602,6.133757192202514,6.139604568481445,80900,0.0,0.0
2013-10-23 00:00:00-04:00,6.13375696761844,6.13375696761844,6.057742751685032,6.069437503814697,45000,0.0,0.0
2013-10-24 00:00:00-04:00,6.086979389190674,6.116215713390465,6.063590441358142,6.086979389190674,51900,0.0,0.0
2013-10-25 00:00:00-04:00,6.063590441358142,6.1396046612229975,6.028507298427595,6.086979389190674,47800,0.0,0.0
2013-10-28 00:00:00-04:00,6.081130344500983,6.086977719264049,6.05774140308507,6.075283527374268,28700,0.0,0.0
2013-10-29 00:00:00-04:00,6.075283527374268,6.133755602095876,6.0460472111952885,6.075283527374268,47300,0.0,0.0
2013-10-30 00:00:00-04:00,6.1162158944707965,6.127910089915036,5.999271151845799,6.010965347290039,32100,0.0,0.0
2013-10-31 00:00:00-04:00,6.022659322281246,6.022659322281246,5.858936703758179,5.882325649261475,74400,0.0,0.0
2013-11-01 00:00:00-04:00,5.864782810211182,5.90571387810227,5.847241242621504,5.864782810211182,75300,0.0,0.0
2013-11-04 00:00:00-05:00,5.894020643472699,5.89986802005158,5.847242746114704,5.870631694793701,45600,0.0,0.0
2013-11-05 00:00:00-05:00,5.853088300120119,5.917407749550016,5.8472409253620325,5.876477241516113,25500,0.0,0.0
2013-11-06 00:00:00-05:00,5.934950363088315,5.964186684399559,5.847241956791028,5.853089332580566,37900,0.0,0.0
2013-11-07 00:00:00-05:00,5.888173284272106,5.970034883708466,5.812159061431885,5.812159061431885,52900,0.0,0.0
2013-11-08 00:00:00-05:00,5.8647828112759655,5.8647828112759655,5.747838097929579,5.835546493530273,75900,0.0,0.0
2013-11-11 00:00:00-05:00,5.858935992772209,5.894019127951565,5.858935992772209,5.864782810211182,28700,0.0,0.0
2013-11-12 00:00:00-05:00,5.853088860285834,5.853088860285834,5.759533085748169,5.794616222381592,71000,0.0,0.0
2013-11-13 00:00:00-05:00,5.776750895025937,5.794616976232076,5.758884813819797,5.7707953453063965,87000,0.18,0.0
2013-11-14 00:00:00-05:00,5.746971635950936,5.746971635950936,5.705283938895744,5.7171950340271,81500,0.0,0.0
2013-11-15 00:00:00-05:00,5.693374591229814,5.699329572076927,5.6159541606934145,5.621909141540527,137100,0.0,0.0
2013-11-18 00:00:00-05:00,5.604043428702285,5.651686686301795,5.58022179990253,5.586177349090576,82000,0.0,0.0
2013-11-19 00:00:00-05:00,5.604043375336889,5.675508261055617,5.574266197632645,5.669553279876709,94000,0.0,0.0
2013-11-20 00:00:00-05:00,5.663598603488314,5.663598603488314,5.568312074513318,5.5802226066589355,105300,0.0,0.0
2013-11-21 00:00:00-05:00,5.59808874130249,5.604044291407354,5.56831212668321,5.59808874130249,94900,0.0,0.0
2013-11-22 00:00:00-05:00,5.598088503933535,5.621910135390391,5.586177972181354,5.592133522033691,66600,0.0,0.0
2013-11-25 00:00:00-05:00,5.598088410818013,5.621910041878633,5.592133429017221,5.604043960571289,104200,0.0,0.0
2013-11-26 00:00:00-05:00,5.609998924468222,5.675508261055617,5.604043375336889,5.669553279876709,83200,0.0,0.0
2013-11-27 00:00:00-05:00,5.67551013149534,5.752930591860343,5.67551013149534,5.735064506530762,92700,0.0,0.0
2013-11-29 00:00:00-05:00,5.746971547033028,5.746971547033028,5.723149925091164,5.729105472564697,43500,0.0,0.0
2013-12-02 00:00:00-05:00,5.746974470839134,5.746974470839134,5.538535314791283,5.562356948852539,80200,0.0,0.0
2013-12-03 00:00:00-05:00,5.598087129385734,5.6278643033834745,5.538533349342607,5.6099982261657715,71600,0.0,0.0
2013-12-04 00:00:00-05:00,5.598087333226403,5.6635972319972865,5.586176803965028,5.633820056915283,58100,0.0,0.0
2013-12-05 00:00:00-05:00,5.651687437485833,5.681464619431416,5.6278658055198685,5.663598537445068,41300,0.0,0.0
2013-12-06 00:00:00-05:00,5.717198226672676,5.717198226672676,5.651688302772175,5.71124267578125,49300,0.0,0.0
2013-12-09 00:00:00-05:00,5.69932977751281,5.705285326526988,5.62786489319992,5.645730972290039,83200,0.0,0.0
2013-12-10 00:00:00-05:00,5.627864508308408,5.6993293877337905,5.627864508308408,5.633820056915283,75200,0.0,0.0
2013-12-11 00:00:00-05:00,5.639777081833525,5.639777081833525,5.42538181948325,5.46707010269165,137600,0.0,0.0
2013-12-12 00:00:00-05:00,5.478979511382052,5.478979511382052,5.38964854902542,5.425380706787109,104400,0.0,0.0
2013-12-13 00:00:00-05:00,5.4194260191510795,5.467069277380555,5.3896488407695475,5.437292098999023,84700,0.0,0.0
2013-12-16 00:00:00-05:00,5.461113020360468,5.461113020360468,5.371782064745488,5.377737045288086,118200,0.0,0.0
2013-12-17 00:00:00-05:00,5.395604097969837,5.467068981445625,5.365826921200157,5.425380706787109,85300,0.0,0.0
2013-12-18 00:00:00-05:00,5.425380253346578,5.473023505015193,5.377737001677964,5.461112976074219,111000,0.0,0.0
2013-12-19 00:00:00-05:00,5.46707017141791,5.46707017141791,5.3717836393766225,5.383694171905518,79000,0.0,0.0
2013-12-20 00:00:00-05:00,5.371782277112627,5.508756490197694,5.371782277112627,5.502800941467285,321500,0.0,0.0
2013-12-23 00:00:00-05:00,5.473024729599472,5.598088435200563,5.473024729599472,5.538534641265869,73100,0.0,0.0
2013-12-24 00:00:00-05:00,5.532577843815798,5.538533392251957,5.496845121151202,5.526622295379639,18100,0.0,0.0
2013-12-26 00:00:00-05:00,5.526622499457229,5.580221301457147,5.520667518753534,5.55044412612915,46700,0.0,0.0
2013-12-27 00:00:00-05:00,5.568312499355993,5.568312499355993,5.467070412607516,5.562356948852539,76100,0.0,0.0
2013-12-30 00:00:00-05:00,5.526623792122372,5.604044238902684,5.508757709927689,5.5802226066589355,43000,0.0,0.0
2013-12-31 00:00:00-05:00,5.5623549749503285,5.633819851773493,5.496845078564829,5.6099982261657715,102100,0.0,0.0
2014-01-02 00:00:00-05:00,5.6099996141106265,5.6099996141106265,5.42538154401099,5.490891456604004,67200,0.0,0.0
2014-01-03 00:00:00-05:00,5.484935159719527,5.687419283879697,5.484935159719527,5.615954399108887,64500,0.0,0.0
2014-01-06 00:00:00-05:00,5.645730380601177,5.6576414773812145,5.58617660055805,5.6099982261657715,45300,0.0,0.0
2014-01-07 00:00:00-05:00,5.604043265095624,5.711240875541165,5.5683111069153854,5.645730972290039,58400,0.0,0.0
2014-01-08 00:00:00-05:00,5.687420289017887,5.687420289017887,5.538534944111412,5.59808874130249,57400,0.0,0.0
2014-01-09 00:00:00-05:00,5.604042413523199,5.604042413523199,5.514711463694637,5.568310260772705,65400,0.0,0.0
2014-01-10 00:00:00-05:00,5.586177349090576,5.586177349090576,5.5206680118793585,5.586177349090576,84000,0.0,0.0
2014-01-13 00:00:00-05:00,5.568310566480394,5.580221095400353,5.50875621802352,5.526622295379639,63000,0.0,0.0
2014-01-14 00:00:00-05:00,5.5147117328135895,5.544488906860352,5.508756184413766,5.544488906860352,58400,0.0,0.0
2014-01-15 00:00:00-05:00,5.550443887307819,5.556399435707642,5.526622261660881,5.544488906860352,116400,0.0,0.0
2014-01-16 00:00:00-05:00,5.544487865114194,5.556398391723633,5.53853231783335,5.556398391723633,86500,0.0,0.0
2014-01-17 00:00:00-05:00,5.556400096803972,5.556400096803972,5.5266229192143435,5.532578468322754,110700,0.0,0.0
2014-01-21 00:00:00-05:00,5.538533088179076,5.568310260772705,5.538533088179076,5.568310260772705,64400,0.0,0.0
2014-01-22 00:00:00-05:00,5.5802210521680315,5.6278643033834745,5.568310523340348,5.6099982261657715,46800,0.0,0.0
2014-01-23 00:00:00-05:00,5.609998611893908,5.6219091415405265,5.574265887049264,5.621909141540527,45700,0.0,0.0
2014-01-24 00:00:00-05:00,5.598087879514239,5.604043428702285,5.544489640679113,5.586177349090576,79800,0.0,0.0
2014-01-27 00:00:00-05:00,5.592132192272672,5.598087172756472,5.51471176645968,5.526622295379639,73500,0.0,0.0
2014-01-28 00:00:00-05:00,5.526621430223169,5.532576977727025,5.478978186096852,5.514710903167725,135600,0.0,0.0
2014-01-29 00:00:00-05:00,5.502800793932063,5.5385335174040975,5.478979167601497,5.496845245361328,82400,0.0,0.0
2014-01-30 00:00:00-05:00,5.538532757225459,5.711239666405663,5.484933963350173,5.705284118652344,90200,0.0,0.0
2014-01-31 00:00:00-05:00,5.604043684596136,5.73506293295365,5.550444875361132,5.627865314483643,72100,0.0,0.0
2014-02-03 00:00:00-05:00,5.604042721192631,5.645730424341027,5.50875621802352,5.526622295379639,57900,0.0,0.0
2014-02-04 00:00:00-05:00,5.550442844442789,5.639774349798701,5.532576770552506,5.556398391723633,38100,0.0,0.0
2014-02-05 00:00:00-05:00,5.538532525230883,5.5683096947978985,5.484933733600709,5.514710903167725,66100,0.0,0.0
2014-02-06 00:00:00-05:00,5.526623792122372,5.598088688853619,5.520668810025819,5.5802226066589355,61900,0.0,0.0
2014-02-07 00:00:00-05:00,5.5802218731015865,5.639776229858398,5.568311342521687,5.639776229858398,75500,0.0,0.0
2014-02-10 00:00:00-05:00,5.651685919901782,5.675507545471191,5.609998217143403,5.675507545471191,39200,0.0,0.0
2014-02-11 00:00:00-05:00,5.663599404555027,5.717198226672676,5.663599404555027,5.71124267578125,67900,0.0,0.0
2014-02-12 00:00:00-05:00,5.6993283913300665,5.729105561206178,5.657640694274875,5.7171950340271,64100,0.0,0.0
2014-02-13 00:00:00-05:00,5.674711863230666,5.759680437013564,5.468358620377915,5.753611087799072,71200,0.18,0.0
2014-02-14 00:00:00-05:00,5.852599143981934,5.87115901827357,5.821665626824029,5.852599143981934,67200,0.18,0.0
2014-02-18 00:00:00-05:00,5.858786583197348,5.864972815275025,5.790732720272436,5.821666240692139,78800,0.0,0.0
2014-02-19 00:00:00-05:00,5.790730953216553,5.8525979751770825,5.772171082631453,5.790730953216553,43800,0.0,0.0
2014-02-20 00:00:00-05:00,5.790731712291923,5.821665227327094,5.7536119662558995,5.803105354309082,68400,0.0,0.0
2014-02-21 00:00:00-05:00,5.8340398848631505,5.846412939026335,5.784546488194758,5.821666240692139,43800,0.0,0.0
2014-02-24 00:00:00-05:00,5.759798706615727,5.846411839492176,5.759798706615727,5.815478324890137,43800,0.0,0.0
2014-02-25 00:00:00-05:00,5.796918452132,5.834038787655991,5.790731631210049,5.815478324890137,44300,0.0,0.0
2014-02-26 00:00:00-05:00,5.803105018948565,5.8464115834904895,5.772171505701038,5.809291839599609,41900,0.0,0.0
2014-02-27 00:00:00-05:00,5.784545693688415,5.846412136022646,5.7226786613464355,5.7226786613464355,65700,0.0,0.0
2014-02-28 00:00:00-05:00,5.72267846671399,5.759798802858238,5.72267846671399,5.735052108764648,52000,0.0,0.0
2014-03-03 00:00:00-05:00,5.722676896797406,5.809290597367873,5.697930209492639,5.728863716125488,39100,0.0,0.0
2014-03-04 00:00:00-05:00,5.7969179071679955,5.877344801569337,5.772171215814326,5.864971160888672,129300,0.0,0.0
2014-03-05 00:00:00-05:00,5.846410751342773,5.871157440416942,5.809291012735324,5.846410751342773,28900,0.0,0.0
2014-03-06 00:00:00-05:00,5.877344415856478,5.902091105586095,5.803104346667626,5.889718055725098,175700,0.0,0.0
2014-03-07 00:00:00-05:00,5.920650545205239,5.9268373646900345,5.772170417615643,5.871157169342041,38000,0.0,0.0
2014-03-10 00:00:00-04:00,5.8525984608871235,5.933025360107422,5.815478126628641,5.933025360107422,55900,0.0,0.0
2014-03-11 00:00:00-04:00,5.908279418945312,5.908279418945312,5.821665687994647,5.9082794189453125,43900,0.0,0.0
2014-03-12 00:00:00-04:00,5.8587866386294465,5.914466857910156,5.77217289863636,5.914466857910156,73300,0.0,0.0
2014-03-13 00:00:00-04:00,5.914464523284193,6.007264458782421,5.858784325982215,5.895904064178467,127100,0.0,0.0
2014-03-14 00:00:00-04:00,5.895905775949029,5.908279418945312,5.864972258466094,5.9082794189453125,137800,0.0,0.0
2014-03-17 00:00:00-04:00,5.933024952708891,5.939211772995096,5.85878487929741,5.88353157043457,136100,0.0,0.0
2014-03-18 00:00:00-04:00,5.908279418945312,5.908279418945312,5.858786026975724,5.9082794189453125,95900,0.0,0.0
2014-03-19 00:00:00-04:00,5.889718185946007,5.908278056151671,5.827851165250282,5.8587846755981445,650400,0.0,0.0
2014-03-20 00:00:00-04:00,5.821663934770378,5.883530951104675,5.796917246238177,5.877344131469727,67200,0.0,0.0
2014-03-21 00:00:00-04:00,5.883532173917448,5.957772254943848,5.871158532075856,5.957772254943848,274200,0.0,0.0
2014-03-24 00:00:00-04:00,5.939212382189177,5.98870576954011,5.834038786566515,5.957772254943848,89700,0.0,0.0
2014-03-25 00:00:00-04:00,5.970144143409116,6.05675784939918,5.93302440513309,6.001077651977539,88500,0.0,0.0
2014-03-26 00:00:00-04:00,6.044385772875173,6.044385772875173,5.920651718685361,5.933025360107422,95600,0.0,0.0
2014-03-27 00:00:00-04:00,5.9330252878728515,6.025825237377674,5.895904954066309,5.982518672943115,76200,0.0,0.0
2014-03-28 00:00:00-04:00,5.994892597198486,6.032012936410588,5.976332722596323,5.994892597198486,69200,0.0,0.0
2014-03-31 00:00:00-04:00,6.001078533510743,6.155745509065183,5.99489171288672,6.050571918487549,128800,0.0,0.0
2014-04-01 00:00:00-04:00,6.05057253619675,6.093879694978495,5.988706093663579,6.056759357452393,59000,0.0,0.0
2014-04-02 00:00:00-04:00,6.075318610975952,6.124811995952758,6.001078533510743,6.050571918487549,57700,0.0,0.0
2014-04-03 00:00:00-04:00,6.032012744192348,6.087692956232288,6.001079227502631,6.044386386871338,36800,0.0,0.0
2014-04-04 00:00:00-04:00,6.100066008903521,6.100066008903521,5.945399015462691,6.044386386871338,94600,0.0,0.0
2014-04-07 00:00:00-04:00,6.044386723264625,6.106253170079408,5.994892739801894,6.0381999015808105,57000,0.0,0.0
2014-04-08 00:00:00-04:00,6.038197521268066,6.124810630666639,6.032010702023152,6.106250762939453,61700,0.0,0.0
2014-04-09 00:00:00-04:00,6.106250762939453,6.112437582184367,6.013450834295966,6.106250762939453,48300,0.0,0.0
2014-04-10 00:00:00-04:00,6.032013751399493,6.075320327991642,5.976333530062241,6.0629472732543945,113700,0.0,0.0
2014-04-11 00:00:00-04:00,5.988705482270386,6.112438944712401,5.988705482270386,6.050571918487549,140400,0.0,0.0
2014-04-14 00:00:00-04:00,6.0629450140979335,6.106251574553321,6.032011503769383,6.100064754486084,99300,0.0,0.0
2014-04-15 00:00:00-04:00,6.081504884292008,6.118625214687795,6.050571373963459,6.100064754486084,100100,0.0,0.0
2014-04-16 00:00:00-04:00,6.106252060786137,6.155745445249854,6.06913231744219,6.137185573577881,79600,0.0,0.0
2014-04-17 00:00:00-04:00,6.137185370153053,6.149558420855021,6.075318346620225,6.112438678741455,95200,0.0,0.0
2014-04-21 00:00:00-04:00,6.106252060786137,6.137185573577881,6.075318547994392,6.137185573577881,84900,0.0,0.0
2014-04-22 00:00:00-04:00,6.137185909185561,6.143372730083769,6.112439215600447,6.1309990882873535,72200,0.0,0.0
2014-04-23 00:00:00-04:00,6.130999163226849,6.149559036140614,6.07531895447783,6.08150577545166,44400,0.0,0.0
2014-04-24 00:00:00-04:00,6.118624210357666,6.1309972584535535,6.087690705106638,6.118624210357666,63400,0.0,0.0
2014-04-25 00:00:00-04:00,6.112439573480609,6.1309994472541876,6.093879699707031,6.093879699707031,57000,0.0,0.0
2014-04-28 00:00:00-04:00,6.093878807684671,6.143372190507868,6.093878807684671,6.112438678741455,88800,0.0,0.0
2014-04-29 00:00:00-04:00,6.106251574553321,6.130998264814634,6.087691704359246,6.100064754486084,64300,0.0,0.0
2014-04-30 00:00:00-04:00,6.087692878446588,6.1309994472541876,6.062946183412568,6.093879699707031,115300,0.0,0.0
2014-05-01 00:00:00-04:00,6.093879699707031,6.093879699707031,6.044386309638989,6.093879699707031,98800,0.0,0.0
2014-05-02 00:00:00-04:00,6.118627462349571,6.180493915725514,6.118627462349571,6.168120861053467,91900,0.0,0.0
2014-05-05 00:00:00-04:00,6.137185493208878,6.1743052360667265,6.137185493208878,6.1495585441589355,33300,0.0,0.0
2014-05-06 00:00:00-04:00,6.149559297937929,6.174305992879034,6.106252729292935,6.124812602996826,81700,0.0,0.0
2014-05-07 00:00:00-04:00,6.137185563102777,6.217612460220966,6.124811922004127,6.2052388191223145,96900,0.0,0.0
2014-05-08 00:00:00-04:00,6.18667887702446,6.199052517982192,6.1433723136877445,6.1495585441589355,52300,0.0,0.0
2014-05-09 00:00:00-04:00,6.124811930801652,6.254732212485695,6.124811930801652,6.242359161376953,60500,0.0,0.0
2014-05-12 00:00:00-04:00,6.248545705537812,6.248545705537812,6.155745171292603,6.161931991577148,100600,0.0,0.0
2014-05-13 00:00:00-04:00,6.149330502155379,6.218636263238286,6.149330502155379,6.168231964111328,116700,0.18,0.0
2014-05-14 00:00:00-04:00,6.143032441856128,6.143032441856128,6.080026740567254,6.105228900909424,102500,0.0,0.0
2014-05-15 00:00:00-04:00,6.080025554013906,6.080025554013906,6.029621243166269,6.054823398590088,116400,0.0,0.0
2014-05-16 00:00:00-04:00,6.0485218927359,6.1178276536908704,6.035920517544102,6.111526966094971,60700,0.0,0.0
2014-05-19 00:00:00-04:00,6.086325413279107,6.136729717254639,6.073724637718574,6.136729717254639,58200,0.0,0.0
2014-05-20 00:00:00-04:00,6.136729600737109,6.19973527994359,6.136729600737109,6.18083381652832,96800,0.0,0.0
2014-05-21 00:00:00-04:00,6.180834413743607,6.212336655524024,6.180834413743607,6.206036567687988,55800,0.0,0.0
2014-05-22 00:00:00-04:00,6.206035262853457,6.250138872766542,6.193433888097364,6.231237411499023,54800,0.0,0.0
2014-05-23 00:00:00-04:00,6.237538458387696,6.294243451787591,6.218636994209968,6.275341987609863,65000,0.0,0.0
2014-05-27 00:00:00-04:00,6.275341988728569,6.300544141258937,6.250139836198202,6.262740612030029,127000,0.0,0.0
2014-05-28 00:00:00-04:00,6.22493732398989,6.287942401242007,6.187133796945276,6.243838787078857,86800,0.0,0.0
2014-05-29 00:00:00-04:00,6.224937917393849,6.237538693698793,6.187134386745543,6.212336540222168,39600,0.0,0.0
2014-05-30 00:00:00-04:00,6.206037044387989,6.25014066696167,6.199736355201237,6.25014066696167,56300,0.0,0.0
2014-06-02 00:00:00-04:00,6.269041535761259,6.269041535761259,6.180834299026437,6.212336540222168,55800,0.0,0.0
2014-06-03 00:00:00-04:00,6.199736121427815,6.218637587408561,6.124129656638057,6.130429744720459,110300,0.0,0.0
2014-06-04 00:00:00-04:00,6.143031593852285,6.174534440147968,6.130430214987286,6.155632972717285,40700,0.0,0.0
2014-06-05 00:00:00-04:00,6.155631558752557,6.256440163049287,6.155631558752557,6.243838787078857,60100,0.0,0.0
2014-06-06 00:00:00-04:00,6.218636995318565,6.262740612030029,6.206036219486738,6.262740612030029,65900,0.0,0.0
2014-06-09 00:00:00-04:00,6.2375396415564435,6.287943956169143,6.231239552879976,6.281643867492676,59200,0.0,0.0
2014-06-10 00:00:00-04:00,6.275341021412109,6.275341021412109,6.180833114207891,6.231237411499023,80600,0.0,0.0
2014-06-11 00:00:00-04:00,6.1934351902824245,6.206036567687988,6.117828728449282,6.206036567687988,94900,0.0,0.0
2014-06-12 00:00:00-04:00,6.193435309599879,6.193435309599879,6.117828846310166,6.174533843994141,62300,0.0,0.0
2014-06-13 00:00:00-04:00,6.1682331551699745,6.187134620775713,6.111528157486,6.174533843994141,43800,0.0,0.0
2014-06-16 00:00:00-04:00,6.174533128434335,6.19973527994359,6.155631665019066,6.18083381652832,62400,0.0,0.0
2014-06-17 00:00:00-04:00,6.193436863653422,6.199737554058553,6.143032542146191,6.187136173248291,71100,0.0,0.0
2014-06-18 00:00:00-04:00,6.193434953018083,6.2060363299409005,6.161932111577762,6.199735641479492,44700,0.0,0.0
2014-06-19 00:00:00-04:00,6.206036452503063,6.237538693698793,6.193435075331383,6.212336540222168,69300,0.0,0.0
2014-06-20 00:00:00-04:00,6.231238372017105,6.287942764560397,6.199735531137468,6.262740612030029,146600,0.0,0.0
2014-06-23 00:00:00-04:00,6.237539291381836,6.2501406697609845,6.20603704716755,6.237539291381836,57600,0.0,0.0
2014-06-24 00:00:00-04:00,6.21863603674293,6.243838185388496,6.206035262853457,6.231237411499023,62500,0.0,0.0
2014-06-25 00:00:00-04:00,6.206037044387989,6.2564413561484225,6.1934356660144845,6.25014066696167,75700,0.0,0.0
2014-06-26 00:00:00-04:00,6.2501406697609845,6.294244292354419,6.212337135490332,6.237539291381836,28300,0.0,0.0
2014-06-27 00:00:00-04:00,6.237538814092384,6.30684518814087,6.237538814092384,6.306845188140869,137400,0.0,0.0
2014-06-30 00:00:00-04:00,6.294244407368682,6.325747253025409,6.2627415617119535,6.319446563720703,85200,0.0,0.0
2014-07-01 00:00:00-04:00,6.3194469131268525,6.363551139831543,6.269042597635924,6.363551139831543,82000,0.0,0.0
2014-07-02 00:00:00-04:00,6.3446487151758735,6.439157252073114,6.3446487151758735,6.420255184173584,50200,0.0,0.0
2014-07-03 00:00:00-04:00,6.426555752011184,6.458058597048192,6.363550662803959,6.451757907867432,34800,0.0,0.0
2014-07-07 00:00:00-04:00,6.420254346953174,6.445456499999307,6.3887521062955495,6.401352882385254,60700,0.0,0.0
2014-07-08 00:00:00-04:00,6.3887521062955495,6.439156412387818,6.3887521062955495,6.401352882385254,44800,0.0,0.0
2014-07-09 00:00:00-04:00,6.401351676664329,6.407652363955783,6.344646692774464,6.350947380065918,45300,0.0,0.0
2014-07-10 00:00:00-04:00,6.281643629626073,6.325747253025409,6.256441473274052,6.319446563720703,34900,0.0,0.0
2014-07-11 00:00:00-04:00,6.300543777212438,6.300543777212438,6.2438387870788565,6.243838787078857,50600,0.0,0.0
2014-07-14 00:00:00-04:00,6.26274073197942,6.313145638872265,6.26274073197942,6.300544261932373,62700,0.0,0.0
2014-07-15 00:00:00-04:00,6.281643514842063,6.287943603164845,6.231239203059054,6.237539291381836,65500,0.0,0.0
2014-07-16 00:00:00-04:00,6.2375395248938155,6.281643750005152,6.2249387469097295,6.256441593170166,56700,0.0,0.0
2014-07-17 00:00:00-04:00,6.22493732398989,6.275341626138255,6.206035860900922,6.243838787078857,54900,0.0,0.0
2014-07-18 00:00:00-04:00,6.218637587349767,6.29424405213881,6.206036810318311,6.287943363189697,48800,0.0,0.0
2014-07-21 00:00:00-04:00,6.262740250167824,6.269040938153039,6.199735172915707,6.243838787078857,33900,0.0,0.0
2014-07-22 00:00:00-04:00,6.2690413003793,6.28164267707784,6.262740612030029,6.262740612030029,39000,0.0,0.0
2014-07-23 00:00:00-04:00,6.256441120177673,6.29424405213881,6.256441120177673,6.287943363189697,58300,0.0,0.0
2014-07-24 00:00:00-04:00,6.27534234081835,6.294243806059949,6.187134501579643,6.206036567687988,64900,0.0,0.0
2014-07-25 00:00:00-04:00,6.20603728644365,6.231239443306833,6.143031593852285,6.155632972717285,69300,0.0,0.0
2014-07-28 00:00:00-04:00,6.14303100074007,6.187134620775713,6.130429623091739,6.174533843994141,43500,0.0,0.0
2014-07-29 00:00:00-04:00,6.174533488500581,6.2186371059969945,6.161932111577762,6.199735641479492,55400,0.0,0.0
2014-07-30 00:00:00-04:00,6.231240504289152,6.275344136092466,6.180836181980531,6.269043445587158,56000,0.0,0.0
2014-07-31 00:00:00-04:00,6.212335948019459,6.294243089227222,6.206035860900922,6.243838787078857,90700,0.0,0.0
2014-08-01 00:00:00-04:00,6.269041046377369,6.275341734471355,6.168232440340349,6.18083381652832,57800,0.0,0.0
2014-08-04 00:00:00-04:00,6.180834888507772,6.262741444468382,6.149332043440803,6.25014066696167,47500,0.0,0.0
2014-08-05 00:00:00-04:00,6.206036218380387,6.287942763439444,6.206036218380387,6.275341987609863,43600,0.0,0.0
2014-08-06 00:00:00-04:00,6.275342347299913,6.350948809211147,6.193435196679389,6.294243812561035,42700,0.0,0.0
2014-08-07 00:00:00-04:00,6.294244522925379,6.313146591186523,6.262741676690288,6.313146591186523,48600,0.0,0.0
2014-08-08 00:00:00-04:00,6.2879446497789315,6.413956051077557,6.2879446497789315,6.388753890991211,103300,0.0,0.0
2014-08-11 00:00:00-04:00,6.388751166264649,6.458056926727295,6.382450478713508,6.458056926727295,90600,0.0,0.0
2014-08-12 00:00:00-04:00,6.445457098051056,6.489561320624113,6.445457098051056,6.483260631561279,99700,0.0,0.0
2014-08-13 00:00:00-04:00,6.464023342344334,6.489674204355034,6.367832762695406,6.47684907913208,59700,0.18,0.0
2014-08-14 00:00:00-04:00,6.4511960770208825,6.46402119798927,6.4319574782214195,6.4447832107543945,44000,0.0,0.0
2014-08-15 00:00:00-04:00,6.457608443937499,6.464021310315424,6.355005028149095,6.387068748474121,78500,0.0,0.0
2014-08-18 00:00:00-04:00,6.425546646118165,6.444784637612279,6.380657183878934,6.425546646118164,50200,0.0,0.0
2014-08-19 00:00:00-04:00,6.431959611939762,6.47684907913208,6.412721618322934,6.47684907913208,87900,0.0,0.0
2014-08-20 00:00:00-04:00,6.464021337433587,6.5153230455430124,6.4255453621338185,6.508910179138184,44500,0.0,0.0
2014-08-21 00:00:00-04:00,6.502499222458864,6.5345623377548945,6.489673487088673,6.5281500816345215,23800,0.0,0.0
2014-08-22 00:00:00-04:00,6.515324111402548,6.528149846310401,6.476848129808389,6.496086120605469,47500,0.0,0.0
2014-08-25 00:00:00-04:00,6.489673976567219,6.515324837677572,6.464023115456865,6.4832611083984375,32900,0.0,0.0
2014-08-26 00:00:00-04:00,6.508911248294965,6.540974974021308,6.483260390026831,6.515324115753174,93100,0.0,0.0
2014-08-27 00:00:00-04:00,6.5153243462643315,6.540975205439989,6.502499222458864,6.5281500816345215,32300,0.0,0.0
2014-08-28 00:00:00-04:00,6.5409747377511875,6.585864196772472,6.515323880409602,6.566625595092773,50500,0.0,0.0
2014-08-29 00:00:00-04:00,6.5602142710746945,6.59227800318544,6.547389145169291,6.573040008544922,41400,0.0,0.0
2014-09-02 00:00:00-04:00,6.592275738940293,6.669228302636333,6.553799762874579,6.662816047668457,79000,0.0,0.0
2014-09-03 00:00:00-04:00,6.669228181808713,6.67564104822502,6.573037631822517,6.592275619506836,74100,0.0,0.0
2014-09-04 00:00:00-04:00,6.59227800318544,6.59227800318544,6.573040008544922,6.573040008544922,29500,0.0,0.0
2014-09-05 00:00:00-04:00,6.553802013904404,6.579452877280035,6.553802013904404,6.573040008544922,26300,0.0,0.0
2014-09-08 00:00:00-04:00,6.5794508461166075,6.611514568328857,6.573037979361231,6.611514568328857,30200,0.0,0.0
2014-09-09 00:00:00-04:00,6.61151433550661,6.61151433550661,6.585863480953023,6.59868860244751,55900,0.0,0.0
2014-09-10 00:00:00-04:00,6.611516378003731,6.611516378003731,6.5025000595814,6.540976047515869,82300,0.0,0.0
2014-09-11 00:00:00-04:00,6.502498271659032,6.528149127084004,6.425545705384116,6.464021682739258,73900,0.0,0.0
2014-09-12 00:00:00-04:00,6.419133909813748,6.431959033884078,6.271641007834173,6.284466743469238,101700,0.0,0.0
2014-09-15 00:00:00-04:00,6.29087767366582,6.297289927943612,6.17544853476191,6.181861400604248,114800,0.0,0.0
2014-09-16 00:00:00-04:00,6.188274263404419,6.2588145714776156,6.18186200849608,6.22675085067749,72400,0.0,0.0
2014-09-17 00:00:00-04:00,6.220336566831374,6.27805112880777,6.220336566831374,6.245987415313721,67900,0.0,0.0
2014-09-18 00:00:00-04:00,6.245989918356856,6.252402785938479,6.169037342071533,6.169037342071533,60700,0.0,0.0
2014-09-19 00:00:00-04:00,6.1754499731880514,6.220338821411133,6.104910267185397,6.220338821411133,148000,0.0,0.0
2014-09-22 00:00:00-04:00,6.194687358650151,6.194687358650151,6.0984968042620205,6.111321926116943,68200,0.0,0.0
2014-09-23 00:00:00-04:00,6.098497042806903,6.124147899084723,6.072846186529084,6.079258441925049,48600,0.0,0.0
2014-09-24 00:00:00-04:00,6.079258441925049,6.104909909767522,6.066433319568466,6.079258441925049,42300,0.0,0.0
2014-09-25 00:00:00-04:00,6.092085006542023,6.092085006542023,5.995894435275149,6.015132427215576,61900,0.0,0.0
2014-09-26 00:00:00-04:00,6.015131127920466,6.07284570283988,5.970242285900746,6.0600199699401855,58900,0.0,0.0
2014-09-29 00:00:00-04:00,6.053608647221947,6.066434383392334,5.983068932979101,6.066434383392334,95000,0.0,0.0
2014-09-30 00:00:00-04:00,6.066432600893054,6.124147173572007,6.0151308944150035,6.09208345413208,93100,0.0,0.0
2014-10-01 00:00:00-04:00,6.1177341900162645,6.136972176685351,6.0471944978532335,6.085670471191406,55800,0.0,0.0
2014-10-02 00:00:00-04:00,6.072845948987544,6.149798514810974,6.072845948987544,6.111321926116943,36200,0.0,0.0
2014-10-03 00:00:00-04:00,6.162622919798521,6.16903578576232,6.1049089608179985,6.14338493347168,36400,0.0,0.0
2014-10-06 00:00:00-04:00,6.143386243655909,6.143386243655909,6.111322518563321,6.117735385894775,36700,0.0,0.0
2014-10-07 00:00:00-04:00,6.111321926116943,6.143385648101197,6.1049096709717965,6.111321926116943,47800,0.0,0.0
2014-10-08 00:00:00-04:00,6.111321099467615,6.18827365488204,6.072845127542677,6.181861400604248,79400,0.0,0.0
2014-10-09 00:00:00-04:00,6.18186391816711,6.2011019119642485,6.149800187462015,6.162625312805176,51600,0.0,0.0
2014-10-10 00:00:00-04:00,6.117734197548021,6.201099621969457,6.104909076941031,6.1497979164123535,78700,0.0,0.0
2014-10-13 00:00:00-04:00,6.117733965309954,6.201099386566717,6.104908845189824,6.181861400604248,89800,0.0,0.0
2014-10-14 00:00:00-04:00,6.169034729314112,6.252400137873494,6.098495050485923,6.201098442077637,113900,0.0,0.0
2014-10-15 00:00:00-04:00,6.130561351776123,6.188275325241879,6.085671890327586,6.130561351776123,116100,0.0,0.0
2014-10-16 00:00:00-04:00,6.085671541981627,6.2011007054353575,6.066433551927565,6.175449848175049,80100,0.0,0.0
2014-10-17 00:00:00-04:00,6.21392619201346,6.21392619201346,6.111322756966362,6.169037342071533,70500,0.0,0.0
2014-10-20 00:00:00-04:00,6.156209611147375,6.201098442077637,6.156209611147375,6.201098442077637,95000,0.0,0.0
2014-10-21 00:00:00-04:00,6.18827520508598,6.297291505456858,6.18827520508598,6.290879249572754,74500,0.0,0.0
2014-10-22 00:00:00-04:00,6.303704735357101,6.310117603174634,6.245990148128778,6.284466743469238,41600,0.0,0.0
2014-10-23 00:00:00-04:00,6.335768102968726,6.335768102968726,6.278053519018951,6.310117244720459,47000,0.0,0.0
2014-10-24 00:00:00-04:00,6.310116049646042,6.310116049646042,6.233163489475308,6.27805233001709,34600,0.0,0.0
2014-10-27 00:00:00-04:00,6.252400280325424,6.290876858831177,6.220336566831374,6.245987415313721,78200,0.0,0.0
2014-10-28 00:00:00-04:00,6.245989206415977,6.303703784942627,6.220338350577982,6.303703784942627,59900,0.0,0.0
2014-10-29 00:00:00-04:00,6.3037043729056625,6.329355231136181,6.207513807432394,6.290879249572754,69900,0.0,0.0
2014-10-30 00:00:00-04:00,6.26522770522912,6.4704345486008,6.26522770522912,6.3998942375183105,59100,0.0,0.0
2014-10-31 00:00:00-04:00,6.483261335961162,6.483261335961162,6.380657887918361,6.47684907913208,68100,0.0,0.0
2014-11-03 00:00:00-05:00,6.425544609671207,6.4640205804652515,6.316528339813865,6.35500431060791,110700,0.0,0.0
2014-11-04 00:00:00-05:00,6.335767861703313,6.355005851765756,6.310117004431829,6.3421807289123535,55400,0.0,0.0
2014-11-05 00:00:00-05:00,6.3357695187539615,6.40630924180826,6.329356649867706,6.393484115600586,43800,0.0,0.0
2014-11-06 00:00:00-05:00,6.393481975850642,6.412719964506063,6.361418253715185,6.3806562423706055,56900,0.0,0.0
2014-11-07 00:00:00-05:00,6.361418253715185,6.380656242370606,6.316529409664325,6.3806562423706055,46700,0.0,0.0
2014-11-10 00:00:00-05:00,6.380656005616766,6.4127197265625,6.348592284671031,6.4127197265625,73500,0.0,0.0
2014-11-11 00:00:00-05:00,6.393481614852046,6.4191324687991465,6.367830760904945,6.387068748474121,85200,0.0,0.0
2014-11-12 00:00:00-05:00,6.3614203827341465,6.399896372922004,6.3485946449616355,6.393484115600586,69200,0.0,0.0
2014-11-13 00:00:00-05:00,6.360828756354342,6.413073707809532,6.334706280626747,6.3477678298950195,44900,0.18,0.0
2014-11-14 00:00:00-05:00,6.334704975637686,6.360827445983887,6.3216440518689945,6.360827445983887,96100,0.0,0.0
2014-11-17 00:00:00-05:00,6.367359556952399,6.41307373395986,6.321645379944939,6.3347063064575195,94700,0.0,0.0
2014-11-18 00:00:00-05:00,6.328174958982464,6.347767281191302,6.302052485512907,6.3085832595825195,71100,0.0,0.0
2014-11-19 00:00:00-05:00,6.315114307265461,6.315114307265461,6.243277657813955,6.262869358062744,60300,0.0,0.0
2014-11-20 00:00:00-05:00,6.230215171997504,6.269399189410179,6.230215171997504,6.256337642669678,45500,0.0,0.0
2014-11-21 00:00:00-05:00,6.315113357384278,6.315113357384278,6.236745945367754,6.256337642669678,54300,0.0,0.0
2014-11-24 00:00:00-05:00,6.249807321416257,6.302052266540054,6.243277170382437,6.269399642944336,46000,0.0,0.0
2014-11-25 00:00:00-05:00,6.262868966072005,6.302052364117107,6.256338192128193,6.295522212982178,60600,0.0,0.0
2014-11-26 00:00:00-05:00,6.2889921423119395,6.341237094087014,6.282461367637817,6.3281755447387695,52200,0.0,0.0
2014-11-28 00:00:00-05:00,6.334705054686202,6.380419845469128,6.243276718738005,6.256337642669678,72300,0.0,0.0
2014-12-01 00:00:00-05:00,6.2563378356804815,6.288991080730273,6.17143964767456,6.1714396476745605,50500,0.0,0.0
2014-12-02 00:00:00-05:00,6.177970982417432,6.243277478449081,6.158379282731499,6.2040934562683105,82800,0.0,0.0
2014-12-03 00:00:00-05:00,6.197564499008625,6.204095275088163,6.164911241420029,6.177972793579102,79200,0.0,0.0
2014-12-04 00:00:00-05:00,6.164911241420029,6.2236869805176855,6.158381088149579,6.177972793579102,79100,0.0,0.0
2014-12-05 00:00:00-05:00,6.17143964767456,6.191031345580897,6.158378723339951,6.1714396476745605,61900,0.0,0.0
2014-12-08 00:00:00-05:00,6.171441379571615,6.184502930380545,5.995114803314209,5.995114803314209,98000,0.0,0.0
2014-12-09 00:00:00-05:00,5.9559313313218265,6.151850252135581,5.884094663574052,6.13878870010376,102000,0.0,0.0
2014-12-10 00:00:00-05:00,6.066950308755721,6.125726030582769,6.060419534595181,6.07348108291626,65200,0.0,0.0
2014-12-11 00:00:00-05:00,6.040827834922466,6.106134330910054,6.040827834922466,6.07348108291626,95900,0.0,0.0
2014-12-12 00:00:00-05:00,6.008176511005283,6.1061362863576,5.9363398406608665,5.942870616912842,99800,0.0,0.0
2014-12-15 00:00:00-05:00,5.975522041320801,6.086542723864158,5.9102161604658106,5.975522041320801,187700,0.0,0.0
2014-12-16 00:00:00-05:00,5.975521900319424,6.138787532817867,5.95593019880612,6.09960412979126,116800,0.0,0.0
2014-12-17 00:00:00-05:00,6.138787537720492,6.230216516203865,6.119195836191542,6.2236857414245605,117200,0.0,0.0
2014-12-18 00:00:00-05:00,6.249807418184382,6.295522212982178,6.217154794083091,6.295522212982178,55500,0.0,0.0
2014-12-19 00:00:00-05:00,6.269399642944336,6.367358759349236,6.25633809525895,6.269399642944336,239000,0.0,0.0
2014-12-22 00:00:00-05:00,6.262870206320303,6.341237640738645,6.236747728180855,6.243278503417969,62500,0.0,0.0
2014-12-23 00:00:00-05:00,6.262868416039929,6.295521660082354,6.230215171997504,6.256337642669678,92200,0.0,0.0
2014-12-24 00:00:00-05:00,6.256339444644018,6.256339444644018,6.2171560387544185,6.236747741699219,23800,0.0,0.0
2014-12-26 00:00:00-05:00,6.256338992512119,6.256338992512119,6.20409403989561,6.2236857414245605,66600,0.0,0.0
2014-12-29 00:00:00-05:00,6.204092701325329,6.256337642669678,6.197561927955078,6.256337642669678,74500,0.0,0.0
2014-12-30 00:00:00-05:00,6.23021696644795,6.262870219895287,6.2236861911966805,6.236747741699219,44000,0.0,0.0
2014-12-31 00:00:00-05:00,6.236747741699219,6.295523473342625,6.2171560387544185,6.236747741699219,130900,0.0,0.0
2015-01-02 00:00:00-05:00,6.243277170382437,6.269399642944336,6.217154697820539,6.269399642944336,52100,0.0,0.0
2015-01-05 00:00:00-05:00,6.269401178257885,6.334707064250951,6.269401178257885,6.288992881774902,47000,0.0,0.0
2015-01-06 00:00:00-05:00,6.30205230321593,6.354297248643776,6.249807357788086,6.249807357788086,58200,0.0,0.0
2015-01-07 00:00:00-05:00,6.282461329171558,6.360828756354342,6.24327792698464,6.3477678298950195,45600,0.0,0.0
2015-01-08 00:00:00-05:00,6.367359256812025,6.400012505767718,6.360828482459103,6.393481731414795,49100,0.0,0.0
2015-01-09 00:00:00-05:00,6.360828482459103,6.419604206017564,6.35429770810618,6.393481731414795,24300,0.0,0.0
2015-01-12 00:00:00-05:00,6.400013275642176,6.400013275642176,6.295523364661732,6.341237545013428,41800,0.0,0.0
2015-01-13 00:00:00-05:00,6.354296672695131,6.386949916330089,6.334704975637686,6.360827445983887,59900,0.0,0.0
2015-01-14 00:00:00-05:00,6.302053581640505,6.3804216384887695,6.302053581640505,6.3804216384887695,61900,0.0,0.0
2015-01-15 00:00:00-05:00,6.34776837719322,6.360829304778644,6.191032886505127,6.191032886505127,85000,0.0,0.0
2015-01-16 00:00:00-05:00,6.197562472251657,6.302052364117107,6.197562472251657,6.295522212982178,40500,0.0,0.0
2015-01-20 00:00:00-05:00,6.295523863600833,6.302054016447896,6.204094872842425,6.210625648498535,56100,0.0,0.0
2015-01-21 00:00:00-05:00,6.210625212096765,6.223686139682188,6.184502734116917,6.191032886505127,47200,0.0,0.0
2015-01-22 00:00:00-05:00,6.2367473617584475,6.393482221386619,6.19756333544692,6.386951446533203,84200,0.0,0.0
2015-01-23 00:00:00-05:00,6.380420405825077,6.380420405825077,6.275929891150744,6.295522212982178,33700,0.0,0.0
2015-01-26 00:00:00-05:00,6.269400428276712,6.3542980076308675,6.249808104294414,6.3347063064575195,57300,0.0,0.0
2015-01-27 00:00:00-05:00,6.302052364117107,6.354297310049832,6.256338192128193,6.295522212982178,58700,0.0,0.0
2015-01-28 00:00:00-05:00,6.315114307265461,6.315114307265461,6.249807809357604,6.262869358062744,72200,0.0,0.0
2015-01-29 00:00:00-05:00,6.249807321416257,6.315113814225439,6.2302156226970515,6.269399642944336,88000,0.0,0.0
2015-01-30 00:00:00-05:00,6.249808851931841,6.334707064250951,6.249808851931841,6.288992881774902,115800,0.0,0.0
2015-02-02 00:00:00-05:00,6.288992243599678,6.288992243599678,6.184502338366659,6.2236857414245605,88900,0.0,0.0
2015-02-03 00:00:00-05:00,6.256338798282928,6.328175450198206,6.236747097362206,6.302052974700928,39800,0.0,0.0
2015-02-04 00:00:00-05:00,6.269400347436038,6.328175450198206,6.269400347436038,6.302052974700928,52700,0.0,0.0
2015-02-05 00:00:00-05:00,6.302053635144043,6.373890917396673,6.302053635144043,6.3542985916137695,53100,0.0,0.0
2015-02-06 00:00:00-05:00,6.341236999351316,6.341236999351316,6.249808023706373,6.302052974700928,82000,0.0,0.0
2015-02-09 00:00:00-05:00,6.275929339971602,6.354296751988126,6.243276718738005,6.256337642669678,52600,0.0,0.0
2015-02-10 00:00:00-05:00,6.288993907479177,6.334708097410988,6.2171572343278845,6.3216471672058105,63600,0.0,0.0
2015-02-11 00:00:00-05:00,6.282460773825961,6.334705720662896,6.269399848521174,6.3151140213012695,90700,0.0,0.0
2015-02-12 00:00:00-05:00,6.3151147769605425,6.3816599721082925,6.3151147769605425,6.335078716278076,67000,0.18,0.0
2015-02-13 00:00:00-05:00,6.436820289073663,6.484299910292937,6.389341314706901,6.470734119415283,59300,0.18,0.0
2015-02-17 00:00:00-05:00,6.457167837426422,6.50464680342584,6.423254013061523,6.423254013061523,61500,0.0,0.0
2015-02-18 00:00:00-05:00,6.443601722951501,6.4775155456006654,6.40290500640203,6.450384616851807,95800,0.0,0.0
2015-02-19 00:00:00-05:00,6.450384502055959,6.470732536542384,6.4300358207171815,6.443601608276367,66100,0.0,0.0
2015-02-20 00:00:00-05:00,6.450384255070213,6.477515182297384,6.430035574510588,6.457167148590088,41900,0.0,0.0
2015-02-23 00:00:00-05:00,6.443602822716143,6.497864689475028,6.4300370326001834,6.4775166511535645,44700,0.0,0.0
2015-02-24 00:00:00-05:00,6.450384616851807,6.457167510752113,6.4300359351508884,6.450384616851807,42600,0.0,0.0
2015-02-25 00:00:00-05:00,6.443602121059801,6.49108108759063,6.430036332421047,6.463950157165527,60200,0.0,0.0
2015-02-26 00:00:00-05:00,6.450385078016655,6.484298903090461,6.375774533483801,6.402905464172363,112500,0.0,0.0
2015-02-27 00:00:00-05:00,6.436818083302866,6.470731902022888,6.402904264582842,6.416470050811768,120800,0.0,0.0
2015-03-02 00:00:00-05:00,6.396122945475552,6.511429557726614,6.396122945475552,6.49786376953125,70000,0.0,0.0
2015-03-03 00:00:00-05:00,6.504646109524556,6.504646109524556,6.38255661357612,6.457167148590088,119100,0.0,0.0
2015-03-04 00:00:00-05:00,6.423254147328093,6.4775160087052175,6.396123216639531,6.402905464172363,62700,0.0,0.0
2015-03-05 00:00:00-05:00,6.396123216639531,6.443602183631412,6.389340322254288,6.402905464172363,47400,0.0,0.0
2015-03-06 00:00:00-05:00,6.402905124588924,6.402905124588924,6.307947195641335,6.3282952308654785,110500,0.0,0.0
2015-03-09 00:00:00-04:00,6.294382468952268,6.348644336601232,6.287600220635512,6.335079193115234,84300,0.0,0.0
2015-03-10 00:00:00-04:00,6.321512749715474,6.402905542780414,6.28759957107773,6.389340400695801,84200,0.0,0.0
2015-03-11 00:00:00-04:00,6.402905792461698,6.402905792461698,6.3486439283024625,6.37577486038208,105400,0.0,0.0
2015-03-12 00:00:00-04:00,6.402906458732042,6.511430845195731,6.375775523829248,6.470734119415283,121300,0.0,0.0
2015-03-13 00:00:00-04:00,6.443601361550337,6.457167148590088,6.3961224006158695,6.457167148590088,97600,0.0,0.0
2015-03-16 00:00:00-04:00,6.470732593660533,6.511429309844971,6.375774020465083,6.511429309844971,127900,0.0,0.0
2015-03-17 00:00:00-04:00,6.504646603945604,6.572473603742928,6.491080815874712,6.558908462524414,69700,0.0,0.0
2015-03-18 00:00:00-04:00,6.558908994502163,6.769173551836026,6.524995168426641,6.728477478027344,115200,0.0,0.0
2015-03-19 00:00:00-04:00,6.687780939253295,6.782739525476852,6.687780939253295,6.775956630706787,213800,0.0,0.0
2015-03-20 00:00:00-04:00,6.7895224696408425,6.972656101797746,6.769173785182613,6.945525169372559,171100,0.0,0.0
2015-03-23 00:00:00-04:00,6.965874047042998,7.054049094731227,6.931960218857734,7.0404839515686035,151600,0.0,0.0
2015-03-24 00:00:00-04:00,7.033701419830322,7.054049459051407,7.013353380609238,7.033701419830322,73200,0.0,0.0
2015-03-25 00:00:00-04:00,7.03370058861041,7.0404834831666925,6.803087348516228,6.80987024307251,111300,0.0,0.0
2015-03-26 00:00:00-04:00,6.769172726148049,6.877697085722657,6.762390479242172,6.837000370025635,104900,0.0,0.0
2015-03-27 00:00:00-04:00,6.8370000626927325,6.8370000626927325,6.782738208770752,6.782738208770752,80700,0.0,0.0
2015-03-30 00:00:00-04:00,6.782738402307409,6.972654896453361,6.76917261501367,6.959089756011963,68200,0.0,0.0
2015-03-31 00:00:00-04:00,6.931958825556281,6.959089753280769,6.782738399645426,6.830217361450195,132900,0.0,0.0
2015-04-01 00:00:00-04:00,6.830219165273906,7.033701500372315,6.782740190930198,7.02013635635376,88200,0.0,0.0
2015-04-02 00:00:00-04:00,7.006569929042343,7.020135718681164,6.92517713176678,6.945525169372559,73900,0.0,0.0
2015-04-06 00:00:00-04:00,6.938741639843605,7.05404825381629,6.925176498298085,7.047266006469727,45100,0.0,0.0
2015-04-07 00:00:00-04:00,7.054049162235259,7.121876819254868,7.020135980577932,7.081180095672607,93300,0.0,0.0
2015-04-08 00:00:00-04:00,7.108310422468826,7.210051899315364,7.087962385840487,7.203269004821777,111100,0.0,0.0
2015-04-09 00:00:00-04:00,7.2168343020110655,7.2168343020110655,6.993003973795196,7.101527690887451,81700,0.0,0.0
2015-04-10 00:00:00-04:00,7.115093924182411,7.149007752692216,7.0269182287979115,7.081180095672607,78200,0.0,0.0
2015-04-13 00:00:00-04:00,7.040482673432229,7.087961636160737,7.020134638956062,7.06761360168457,38400,0.0,0.0
2015-04-14 00:00:00-04:00,7.04048273099721,7.060830765639749,6.9930037678804995,7.006568908691406,53500,0.0,0.0
2015-04-15 00:00:00-04:00,6.9930046716103496,7.006569814174326,6.884480296836331,6.938742160797119,94700,0.0,0.0
2015-04-16 00:00:00-04:00,6.952306977069845,6.965872764587402,6.904828014463096,6.965872764587402,41500,0.0,0.0
2015-04-17 00:00:00-04:00,6.918392619028877,6.952306438342472,6.877696553334405,6.898044586181641,55200,0.0,0.0
2015-04-20 00:00:00-04:00,6.918393040983089,6.986220683747099,6.898045006894822,6.959089756011963,42500,0.0,0.0
2015-04-21 00:00:00-04:00,6.959090559928146,6.986221490797456,6.898045803759097,6.931959629058838,40200,0.0,0.0
2015-04-22 00:00:00-04:00,6.91839423694737,6.972656101797746,6.898046199341593,6.945525169372559,56800,0.0,0.0
2015-04-23 00:00:00-04:00,6.91839423694737,6.979438996617156,6.91839423694737,6.945525169372559,50800,0.0,0.0
2015-04-24 00:00:00-04:00,6.945524157911431,7.006568908691406,6.9319590171005245,7.006568908691406,44500,0.0,0.0
2015-04-27 00:00:00-04:00,7.006569288128381,7.101527866356591,6.945524534042561,7.047266006469727,99900,0.0,0.0
2015-04-28 00:00:00-04:00,7.054047814132223,7.06761360168457,6.9726550293752,7.06761360168457,115600,0.0,0.0
2015-04-29 00:00:00-04:00,7.040482615586283,7.040482615586283,6.959089831497998,6.999785900115967,47500,0.0,0.0
2015-04-30 00:00:00-04:00,6.965872646924976,6.993003574649464,6.803086433725707,6.830217361450195,91500,0.0,0.0
2015-05-01 00:00:00-04:00,6.830218802801744,6.952308326752134,6.830218802801744,6.8776984214782715,57100,0.0,0.0
2015-05-04 00:00:00-04:00,6.904829240867997,6.904829240867997,6.864132517939305,6.870915412902832,47100,0.0,0.0
2015-05-05 00:00:00-04:00,6.850568708880658,6.857350958312431,6.74882720517297,6.762392997741699,80800,0.0,0.0
2015-05-06 00:00:00-04:00,6.803086242278414,6.823434922638398,6.728476354848772,6.782738208770752,61800,0.0,0.0
2015-05-07 00:00:00-04:00,6.850566042382817,6.86413118281889,6.789521293289633,6.830217361450195,46100,0.0,0.0
2015-05-08 00:00:00-04:00,6.92517713176678,6.9658738538307885,6.843784334491218,6.945525169372559,46700,0.0,0.0
2015-05-11 00:00:00-04:00,6.959090559928146,6.979438596367024,6.918393840197975,6.931959629058838,71800,0.0,0.0
2015-05-12 00:00:00-04:00,6.864131126939737,6.904827841621338,6.769172557250893,6.891262054443359,60300,0.0,0.0
2015-05-13 00:00:00-04:00,6.891262654144805,6.946503844914101,6.842927353055645,6.877452850341797,93200,0.18,0.0
2015-05-14 00:00:00-04:00,6.891263179356065,6.911978874418036,6.870548142813231,6.905073642730713,46200,0.0,0.0
2015-05-15 00:00:00-04:00,6.870547619180749,6.905073116466901,6.8360221218945965,6.877452850341797,91300,0.0,0.0
2015-05-18 00:00:00-04:00,6.905074028006877,6.905074028006877,6.842928256391747,6.8498334884643555,51200,0.0,0.0
2015-05-19 00:00:00-04:00,6.849833596412624,6.849833596412624,6.780782591636692,6.815308094024658,35600,0.0,0.0
2015-05-20 00:00:00-04:00,6.815308094024657,6.829118558387519,6.766972785793017,6.815308094024658,42500,0.0,0.0
2015-05-21 00:00:00-04:00,6.822212494912579,6.822212494912579,6.766971961230623,6.801497459411621,38300,0.0,0.0
2015-05-22 00:00:00-04:00,6.801496558108196,6.856737084469929,6.753160603652417,6.8291168212890625,68800,0.0,0.0
2015-05-26 00:00:00-04:00,6.8153069381985105,6.829117400219218,6.760066407153829,6.794591903686523,54800,0.0,0.0
2015-05-27 00:00:00-04:00,6.773877192570644,6.836022299073515,6.773877192570644,6.801497459411621,59600,0.0,0.0
2015-05-28 00:00:00-04:00,6.80149801138756,6.842928085751733,6.80149801138756,6.836022853851318,46600,0.0,0.0
2015-05-29 00:00:00-04:00,6.822213326206088,6.842928364231193,6.801498288180983,6.815308094024658,62300,0.0,0.0
2015-06-01 00:00:00-04:00,6.829118265204588,6.83602283857041,6.718636530602386,6.739352226257324,97400,0.0,0.0
2015-06-02 00:00:00-04:00,6.704826202521886,6.73244646938887,6.684111167001424,6.711731433868408,45100,0.0,0.0
2015-06-03 00:00:00-04:00,6.704825143845995,6.704825143845995,6.635774158321966,6.656489849090576,81900,0.0,0.0
2015-06-04 00:00:00-04:00,6.642680066307025,6.6910153659939215,6.642680066307025,6.677205562591553,39500,0.0,0.0
2015-06-05 00:00:00-04:00,6.6426800161312345,6.663395050337851,6.6081545201074965,6.649585247039795,49500,0.0,0.0
2015-06-08 00:00:00-04:00,6.628869586584765,6.677204881340184,6.608153895816154,6.656489849090576,48000,0.0,0.0
2015-06-09 00:00:00-04:00,6.670301671394801,6.6841121360901425,6.601251323475703,6.621966361999512,56000,0.0,0.0
2015-06-10 00:00:00-04:00,6.615062041501333,6.663397357559377,6.5598214921437705,6.59434700012207,109100,0.0,0.0
2015-06-11 00:00:00-04:00,6.594345043706056,6.621965310190433,6.539104510737304,6.56672477722168,122800,0.0,0.0
2015-06-12 00:00:00-04:00,6.532197325136377,6.580532612392961,6.50457706691563,6.539102554321289,115500,0.0,0.0
2015-06-15 00:00:00-04:00,6.580534945122605,6.587440176755348,6.483864336340736,6.490768909454346,171100,0.0,0.0
2015-06-16 00:00:00-04:00,6.490768429134863,6.5805344581604,6.490768429134863,6.5805344581604,164900,0.0,0.0
2015-06-17 00:00:00-04:00,6.587439263368165,6.608154296875,6.573629460536623,6.608154296875,61600,0.0,0.0
2015-06-18 00:00:00-04:00,6.608154967970702,6.7186360359191895,6.608154967970702,6.7186360359191895,83000,0.0,0.0
2015-06-19 00:00:00-04:00,6.725541840307658,6.932694189619877,6.711732034897064,6.884358882904053,201000,0.0,0.0
2015-06-22 00:00:00-04:00,6.905073813627301,6.981029388510306,6.905073813627301,6.91888427734375,54500,0.0,0.0
2015-06-23 00:00:00-04:00,6.905073855817153,6.905073855817153,6.766972510404642,6.836022853851318,77200,0.0,0.0
2015-06-24 00:00:00-04:00,6.836022760155672,6.842927991961442,6.780782222747803,6.780782222747803,36100,0.0,0.0
2015-06-25 00:00:00-04:00,6.829118139494305,6.829118139494305,6.753161907196045,6.753161907196045,61800,0.0,0.0
2015-06-26 00:00:00-04:00,6.739352182631257,6.898168563842773,6.725541718950697,6.898168563842773,236500,0.0,0.0
2015-06-29 00:00:00-04:00,6.863643402256298,6.974125141601625,6.815308094024657,6.815308094024658,80700,0.0,0.0
2015-06-30 00:00:00-04:00,6.842929564076856,6.842929564076856,6.760068738928356,6.766973972320557,52500,0.0,0.0
2015-07-01 00:00:00-04:00,6.78768699673158,6.849832761753556,6.780781765391559,6.801497459411621,64000,0.0,0.0
2015-07-02 00:00:00-04:00,6.822212169208864,6.870547469243191,6.78768667267617,6.794591903686523,30400,0.0,0.0
2015-07-06 00:00:00-04:00,6.7669725735777675,6.911979152244404,6.7669725735777675,6.884358882904053,65400,0.0,0.0
2015-07-07 00:00:00-04:00,6.884358606187879,6.946504374335517,6.884358606187879,6.905073642730713,99700,0.0,0.0
2015-07-08 00:00:00-04:00,6.863642911125908,6.946504374335517,6.849833106270398,6.905073642730713,56100,0.0,0.0
2015-07-09 00:00:00-04:00,6.953408243011816,6.960313473999529,6.849832412272405,6.86364221572876,44700,0.0,0.0
2015-07-10 00:00:00-04:00,6.870548142813231,6.925788679273546,6.849833106270398,6.905073642730713,62800,0.0,0.0
2015-07-13 00:00:00-04:00,6.884358882904053,6.967219690925107,6.863643187009416,6.884358882904053,100600,0.0,0.0
2015-07-14 00:00:00-04:00,6.856737643260118,6.877452677704186,6.794591881408843,6.86364221572876,89100,0.0,0.0
2015-07-15 00:00:00-04:00,6.801498288180983,6.849833596412624,6.780782591636692,6.815308094024658,34900,0.0,0.0
2015-07-16 00:00:00-04:00,6.815307801434629,6.829118265204588,6.7255417624873655,6.739352226257324,137900,0.0,0.0
2015-07-17 00:00:00-04:00,6.732446141631488,6.836021972710498,6.732446141631488,6.794591903686523,83800,0.0,0.0
2015-07-20 00:00:00-04:00,6.8222117910196545,6.8222117910196545,6.718635307163332,6.760066032409668,83500,0.0,0.0
2015-07-21 00:00:00-04:00,6.801497918165116,6.842927991961442,6.7324469171457055,6.780782222747803,47000,0.0,0.0
2015-07-22 00:00:00-04:00,6.780782934884953,6.822213671551603,6.725542391675565,6.732447624206543,19400,0.0,0.0
2015-07-23 00:00:00-04:00,6.753162484009241,6.753162484009241,6.621966361999512,6.621966361999512,66000,0.0,0.0
2015-07-24 00:00:00-04:00,6.60125047680953,6.628870744138477,6.559819746556551,6.587440013885498,77700,0.0,0.0
2015-07-27 00:00:00-04:00,6.594344412523213,6.635774479024718,6.559818918092604,6.573629379272461,61400,0.0,0.0
2015-07-28 00:00:00-04:00,6.587438528924969,6.594343758830387,6.518387546908726,6.559818267822266,71200,0.0,0.0
2015-07-29 00:00:00-04:00,6.559820587908882,6.656491865218662,6.5460101232135415,6.621966361999512,79300,0.0,0.0
2015-07-30 00:00:00-04:00,6.628870744138477,6.635775317081376,6.580534782423482,6.587440013885498,23700,0.0,0.0
2015-07-31 00:00:00-04:00,6.58743881085214,6.656489795823605,6.573629008969244,6.628869533538818,107600,0.0,0.0
2015-08-03 00:00:00-04:00,6.573629430767173,6.621964728237243,6.539103936066107,6.601249694824219,50000,0.0,0.0
2015-08-04 00:00:00-04:00,6.594345043706056,6.656490807925677,6.559819545970812,6.56672477722168,34400,0.0,0.0
2015-08-05 00:00:00-04:00,6.428623275952978,6.601250101576087,6.428623275952978,6.552914142608643,120100,0.0,0.0
2015-08-06 00:00:00-04:00,6.559819746556551,6.621965512676461,6.559819746556551,6.587440013885498,33300,0.0,0.0
2015-08-07 00:00:00-04:00,6.53910323662498,6.608153560122254,6.518387546908726,6.559818267822266,50300,0.0,0.0
2015-08-10 00:00:00-04:00,6.566724978018567,6.608155049752429,6.518389016303572,6.587440013885498,85800,0.0,0.0
2015-08-11 00:00:00-04:00,6.546009083469075,6.5805345812043194,6.532199279486435,6.56672477722168,58100,0.0,0.0
2015-08-12 00:00:00-04:00,6.525293876849708,6.601250101576087,6.504578842160277,6.552914142608643,83900,0.0,0.0
2015-08-13 00:00:00-04:00,6.552914903510857,6.700725034304363,6.552914903510857,6.6796088218688965,85800,0.18,0.0
2015-08-14 00:00:00-04:00,6.6373773110304315,6.700724601745605,6.566991283291149,6.7007246017456055,73500,0.0,0.0
2015-08-17 00:00:00-04:00,6.665533717291178,6.721842288970947,6.651456238745674,6.721842288970947,90700,0.0,0.0
2015-08-18 00:00:00-04:00,6.68664746206995,6.820380115960934,6.68664746206995,6.7922258377075195,63200,0.0,0.0
2015-08-19 00:00:00-04:00,6.806304272918282,6.820381078405939,6.700725882382219,6.749995708465576,28000,0.0,0.0
2015-08-20 00:00:00-04:00,6.7359173791949045,6.764071657857907,6.665532018162871,6.6796088218688965,41100,0.0,0.0
2015-08-21 00:00:00-04:00,6.658494376228846,6.7148029428194915,6.559954049069687,6.672571182250977,74400,0.0,0.0
2015-08-24 00:00:00-04:00,6.630337267186758,6.721838816712782,6.524758917637917,6.552913188934326,147200,0.0,0.0
2015-08-25 00:00:00-04:00,6.70072592298439,6.70072592298439,6.503645274954702,6.510684013366699,166000,0.0,0.0
2015-08-26 00:00:00-04:00,6.616259968942503,6.686645984649658,6.510681616632563,6.686645984649658,166800,0.0,0.0
2015-08-27 00:00:00-04:00,6.679608392449556,6.707762669302576,6.552914482236427,6.644415378570557,83100,0.0,0.0
2015-08-28 00:00:00-04:00,6.595147077368821,6.679609927336332,6.595147077368821,6.630340099334717,58800,0.0,0.0
2015-08-31 00:00:00-04:00,6.602185489925262,6.651455315493403,6.524761382425178,6.5810699462890625,80900,0.0,0.0
2015-09-01 00:00:00-04:00,6.531798695378202,6.566991711542878,6.503644416696653,6.538837432861328,106200,0.0,0.0
2015-09-02 00:00:00-04:00,6.581067990839478,6.6021835282015635,6.5106819712980855,6.5599517822265625,48000,0.0,0.0
2015-09-03 00:00:00-04:00,6.609223465190679,6.609223465190679,6.538837432861328,6.538837432861328,92000,0.0,0.0
2015-09-04 00:00:00-04:00,6.496606112675641,6.531799131188442,6.447336289508319,6.475490570068359,70500,0.0,0.0
2015-09-08 00:00:00-04:00,6.51772232653392,6.531799131188442,6.447336289508319,6.475490570068359,107000,0.0,0.0
2015-09-09 00:00:00-04:00,6.545876271073312,6.545876271073312,6.426220417022705,6.426220417022705,60800,0.0,0.0
2015-09-10 00:00:00-04:00,6.433260645155471,6.46845299876456,6.35583585621279,6.391028881072998,73700,0.0,0.0
2015-09-11 00:00:00-04:00,6.362872791580723,6.4332588213469215,6.362872791580723,6.4191813468933105,59800,0.0,0.0
2015-09-14 00:00:00-04:00,6.369911389091585,6.4684510231018075,6.369911389091585,6.468451023101807,74600,0.0,0.0
2015-09-15 00:00:00-04:00,6.475489375228433,6.496604913939532,6.447335099863343,6.454373836517334,76100,0.0,0.0
2015-09-16 00:00:00-04:00,6.475489902205898,6.4825286394327035,6.398065806463823,6.4191813468933105,101000,0.0,0.0
2015-09-17 00:00:00-04:00,6.433258965755489,6.482528784947241,6.348796130890656,6.412142753601074,192400,0.0,0.0
2015-09-18 00:00:00-04:00,6.341756321928821,6.524759435505762,6.341756321928821,6.517720699310303,101400,0.0,0.0
2015-09-21 00:00:00-04:00,6.489568430059059,6.792226796179587,6.4614141478327065,6.749995708465576,86300,0.0,0.0
2015-09-22 00:00:00-04:00,6.714802687869877,6.778149990691929,6.714802687869877,6.749995708465576,51800,0.0,0.0
2015-09-23 00:00:00-04:00,6.778149034206283,6.834457590713113,6.644415709064357,6.7922258377075195,48800,0.0,0.0
2015-09-24 00:00:00-04:00,6.735919096265329,6.757035314083584,6.6303406921785415,6.721842288970947,66100,0.0,0.0
2015-09-25 00:00:00-04:00,6.749995294895581,6.749995294895581,6.616261959075927,6.616261959075928,50600,0.0,0.0
2015-09-28 00:00:00-04:00,6.609223079546546,6.609223079546546,6.440296746063042,6.468451023101807,86100,0.0,0.0
2015-09-29 00:00:00-04:00,6.4614129572803005,6.552914525469016,6.4051044032027695,6.468451023101807,67500,0.0,0.0
2015-09-30 00:00:00-04:00,6.5106820622170964,6.574029346438802,6.412141767733238,6.545875072479248,71700,0.0,0.0
2015-10-01 00:00:00-04:00,6.57402872459394,6.644414067209574,6.510681446364324,6.552913188934326,59000,0.0,0.0
2015-10-02 00:00:00-04:00,6.5247617046880935,6.630340099334717,6.5247617046880935,6.630340099334717,80900,0.0,0.0
2015-10-05 00:00:00-04:00,6.616261430810942,6.799264575083609,6.616261430810942,6.7922258377075195,62900,0.0,0.0
2015-10-06 00:00:00-04:00,6.792224733064288,6.820379006738875,6.75703239440918,6.75703239440918,39300,0.0,0.0
2015-10-07 00:00:00-04:00,6.820379594604899,6.940035435848045,6.792225318503622,6.925958633422852,65100,0.0,0.0
2015-10-08 00:00:00-04:00,6.918920890735188,6.996344993325716,6.918920890735188,6.989306926727295,91200,0.0,0.0
2015-10-09 00:00:00-04:00,6.968190711515976,7.038576747491283,6.968190711515976,7.031538009643555,32500,0.0,0.0
2015-10-12 00:00:00-04:00,7.03153810453067,7.03153810453067,6.940036525028396,7.01746129989624,40500,0.0,0.0
2015-10-13 00:00:00-04:00,7.017459678596128,7.03153647997828,6.961151130565837,7.003382205963135,62800,0.0,0.0
2015-10-14 00:00:00-04:00,6.975229314149924,7.003383593744084,6.918920754961606,6.940036296844482,40100,0.0,0.0
2015-10-15 00:00:00-04:00,6.932998458336679,7.01746129989624,6.8766898972969726,7.01746129989624,73400,0.0,0.0
2015-10-16 00:00:00-04:00,7.01746129989624,7.03153810453067,6.968190805548249,7.01746129989624,70100,0.0,0.0
2015-10-19 00:00:00-04:00,7.017461930723584,7.214541912078857,7.0033844535726795,7.214541912078857,67800,0.0,0.0
2015-10-20 00:00:00-04:00,7.200464469509277,7.299004796285696,7.186387663541822,7.277889251708984,89500,0.0,0.0
2015-10-21 00:00:00-04:00,7.270849706293443,7.299003986355286,7.228618621826172,7.228618621826172,52900,0.0,0.0
2015-10-22 00:00:00-04:00,7.214541690992469,7.425699143027821,7.1511943882567595,7.397544860839844,106800,0.0,0.0
2015-10-23 00:00:00-04:00,7.390507501530218,7.390507501530218,7.186388749766572,7.2708516120910645,77800,0.0,0.0
2015-10-26 00:00:00-04:00,7.2778881096224355,7.2778881096224355,7.151193519541665,7.263810634613037,38000,0.0,0.0
2015-10-27 00:00:00-04:00,7.2708488870436705,7.2708488870436705,7.052653408962518,7.080807685852051,53600,0.0,0.0
2015-10-28 00:00:00-04:00,7.066731252504075,7.179348376647406,6.982268409396577,7.151194095611572,65900,0.0,0.0
2015-10-29 00:00:00-04:00,7.172310213378333,7.179348952014141,7.130079124065608,7.137117862701416,28500,0.0,0.0
2015-10-30 00:00:00-04:00,7.165269777248915,7.165269777248915,6.869649564783776,6.961151123046875,111400,0.0,0.0
2015-11-02 00:00:00-05:00,6.97522977865483,7.073770099422018,6.954114235365797,7.038577079772949,43500,0.0,0.0
2015-11-03 00:00:00-05:00,7.066729490309922,7.066729490309922,6.890765109902553,7.003382205963135,35700,0.0,0.0
2015-11-04 00:00:00-05:00,7.03153796776371,7.03153796776371,6.932998323486366,6.968190670013428,33500,0.0,0.0
2015-11-05 00:00:00-05:00,6.982267807612542,7.0737693809054605,6.932997987859029,7.059691905975342,53700,0.0,0.0
2015-11-06 00:00:00-05:00,7.010422469024531,7.01746120687394,6.9329983664340045,6.989306926727295,66600,0.0,0.0
2015-11-09 00:00:00-05:00,6.954113441102861,6.96115217847895,6.771110296830194,6.7922258377075195,55900,0.0,0.0
2015-11-10 00:00:00-05:00,6.785187771582373,6.806303312459698,6.778149034206283,6.7922258377075195,71300,0.0,0.0
2015-11-11 00:00:00-05:00,6.813340715618066,6.841494988358191,6.799263243622599,6.82037878036499,23700,0.0,0.0
2015-11-12 00:00:00-05:00,6.841897049518636,6.841897049518636,6.741491605101265,6.75583553314209,40100,0.18,0.0
2015-11-13 00:00:00-05:00,6.727147893223968,6.770178306441924,6.70563268661499,6.70563268661499,50700,0.0,0.0
2015-11-16 00:00:00-05:00,6.719972610473633,6.741487806455505,6.705629374470967,6.719972610473633,87900,0.0,0.0
2015-11-17 00:00:00-05:00,6.698460723093302,6.763007026876322,6.698460723093302,6.70563268661499,30200,0.0,0.0
2015-11-18 00:00:00-05:00,6.770177030627838,6.770177030627838,6.69845946079412,6.727146625518799,31300,0.0,0.0
2015-11-19 00:00:00-05:00,6.7343165304320465,6.763003686393127,6.705629374470967,6.719972610473633,34000,0.0,0.0
2015-11-20 00:00:00-05:00,6.741490840911865,6.77734997299294,6.719975635245643,6.741490840911865,67500,0.0,0.0
2015-11-23 00:00:00-05:00,6.705632536354672,6.7773501180962405,6.705632536354672,6.748662948608398,39100,0.0,0.0
2015-11-24 00:00:00-05:00,6.705632530511154,6.806037281653068,6.691288603801697,6.79886531829834,48900,0.0,0.0
2015-11-25 00:00:00-05:00,6.791692233758585,6.956643243339137,6.791692233758585,6.9136128425598145,56900,0.0,0.0
2015-11-27 00:00:00-05:00,6.899271146543913,6.992504623599979,6.899271146543913,6.956645488739014,19200,0.0,0.0
2015-11-30 00:00:00-05:00,6.956646851422602,7.085739488626588,6.956646851422602,7.028365135192871,94200,0.0,0.0
2015-12-01 00:00:00-05:00,7.057050867227235,7.092910001771475,7.0355356600831325,7.078566074371338,44700,0.0,0.0
2015-12-02 00:00:00-05:00,7.057048362304466,7.064220323458824,6.935127758503835,6.9494709968566895,30900,0.0,0.0
2015-12-03 00:00:00-05:00,6.949470184830098,6.970986065779098,6.813206358598668,6.870580673217773,37100,0.0,0.0
2015-12-04 00:00:00-05:00,6.863410435559804,6.978159093598965,6.863410435559804,6.935128688812256,25500,0.0,0.0
2015-12-07 00:00:00-05:00,6.899269081562883,6.927956244074242,6.87775388066834,6.884925842285156,41100,0.0,0.0
2015-12-08 00:00:00-05:00,6.8849264856326124,6.913613650824583,6.8562393204406415,6.906441688537598,21600,0.0,0.0
2015-12-09 00:00:00-05:00,6.87058239767624,6.963815853322045,6.827551992889531,6.935128688812256,27700,0.0,0.0
2015-12-10 00:00:00-05:00,6.9279574143320914,6.942301339988672,6.820380707731812,6.834723949432373,25400,0.0,0.0
2015-12-11 00:00:00-05:00,6.741490198210614,6.863410825289307,6.712803032071862,6.770177364349365,42600,0.0,0.0
2015-12-14 00:00:00-05:00,6.798864963204055,6.935129524002722,6.784521721199795,6.841896057128906,66000,0.0,0.0
2015-12-15 00:00:00-05:00,6.98533086387988,7.150282568248129,6.877754170911493,7.13593864440918,82500,0.0,0.0
2015-12-16 00:00:00-05:00,7.171798333674333,7.308062201073511,7.150283130180987,7.300890922546387,93400,0.0,0.0
2015-12-17 00:00:00-05:00,7.3367509841918945,7.343922948255826,7.272205359484926,7.3367509841918945,38700,0.0,0.0
2015-12-18 00:00:00-05:00,7.293720184143188,7.42281279468041,7.243517806248091,7.415640830993652,263000,0.0,0.0
2015-12-21 00:00:00-05:00,7.501700467106,7.501700467106,7.250687272499563,7.308061599731445,59400,0.0,0.0
2015-12-22 00:00:00-05:00,7.272205829620362,7.365439316610439,7.2435186554661986,7.272205829620361,40900,0.0,0.0
2015-12-23 00:00:00-05:00,7.265030224559456,7.322404544117301,7.257858263625765,7.293717384338379,51500,0.0,0.0
2015-12-24 00:00:00-05:00,7.315232583183611,7.351091703896223,7.279373462470998,7.293717384338379,17700,0.0,0.0
2015-12-28 00:00:00-05:00,7.265032930805086,7.300892064875329,7.178971419410159,7.286548137664795,30000,0.0,0.0
2015-12-29 00:00:00-05:00,7.308062035858127,7.372608328834938,7.308062035858127,7.329577922821045,27400,0.0,0.0
2015-12-30 00:00:00-05:00,7.3152339981790995,7.379780291155911,7.28654683285118,7.329577922821045,41200,0.0,0.0
2015-12-31 00:00:00-05:00,7.336749722989376,7.379780816019692,7.236344979178672,7.25786018371582,45800,0.0,0.0
2016-01-04 00:00:00-05:00,7.143111609304074,7.243517038407002,6.956644676951222,7.014019012451172,92800,0.0,0.0
2016-01-05 00:00:00-05:00,7.035535157594533,7.222001412785893,7.028363194406697,7.1646270751953125,38200,0.0,0.0
2016-01-06 00:00:00-05:00,7.064222911836513,7.243517902655144,7.01401984931714,7.207658767700195,51100,0.0,0.0
2016-01-07 00:00:00-05:00,7.078565930228829,7.14311223430287,7.06422268707687,7.071393966674805,40000,0.0,0.0
2016-01-08 00:00:00-05:00,7.078565626965988,7.114424759243728,6.992504119873047,6.992504119873047,47000,0.0,0.0
2016-01-11 00:00:00-05:00,7.014018494675257,7.071392825939825,6.992503291440039,7.035534381866455,27500,0.0,0.0
2016-01-12 00:00:00-05:00,7.085736473477641,7.085736473477641,6.877754359792676,6.935128688812256,71000,0.0,0.0
2016-01-13 00:00:00-05:00,6.9351297437760335,6.94230170698346,6.734319561660495,6.741490840911865,81800,0.0,0.0
2016-01-14 00:00:00-05:00,6.777346922395792,6.813206038336079,6.66977025853068,6.719972610473633,67900,0.0,0.0
2016-01-15 00:00:00-05:00,6.6339138265427575,6.727147292125649,6.562195565646372,6.662600994110107,76400,0.0,0.0
2016-01-19 00:00:00-05:00,6.7271483610165745,6.777350741247193,6.648258808660442,6.75583553314209,45600,0.0,0.0
2016-01-20 00:00:00-05:00,6.684116130200126,6.899270226725215,6.526337052176943,6.820380687713623,109300,0.0,0.0
2016-01-21 00:00:00-05:00,6.884929053162148,6.956646650909035,6.784523595569038,6.8921003341674805,54100,0.0,0.0
2016-01-22 00:00:00-05:00,6.741490557757749,7.085737253738636,6.741490557757749,6.999675750732422,95500,0.0,0.0
2016-01-25 00:00:00-05:00,6.999675356135438,6.999675356135438,6.798864509818675,6.806036472320557,55600,0.0,0.0
2016-01-26 00:00:00-05:00,6.884925874939271,6.935128238583275,6.777348502044525,6.813207626342773,55500,0.0,0.0
2016-01-27 00:00:00-05:00,6.770178845490886,6.770178845490886,6.612399739187723,6.633914947509766,67800,0.0,0.0
2016-01-28 00:00:00-05:00,6.676944922460736,6.7701777041237525,6.612398624420166,6.612398624420166,43600,0.0,0.0
2016-01-29 00:00:00-05:00,6.669771336879521,6.777348018137312,6.669771336879521,6.763004779815674,171800,0.0,0.0
2016-02-01 00:00:00-05:00,6.727147247219522,6.763006377428343,6.676944875300786,6.73431921005249,57600,0.0,0.0
2016-02-02 00:00:00-05:00,6.7630054722284765,6.7630054722284765,6.598053768928404,6.6267409324646,67900,0.0,0.0
2016-02-03 00:00:00-05:00,6.68411639104156,6.69128835412868,6.519165343774076,6.598054885864258,110500,0.0,0.0
2016-02-04 00:00:00-05:00,6.605226661536542,6.734319257617681,6.547852326379597,6.612398624420166,67600,0.0,0.0
2016-02-05 00:00:00-05:00,6.61239835524158,6.641085521652251,6.540680097236905,6.562195301055908,81200,0.0,0.0
2016-02-08 00:00:00-05:00,6.569366605392208,6.655428096000795,6.4976490385296835,6.6267409324646,76800,0.0,0.0
2016-02-09 00:00:00-05:00,6.598052952513661,6.7128015924599405,6.526335394525159,6.669771194458008,60800,0.0,0.0
2016-02-10 00:00:00-05:00,6.691288520016662,6.734319615650146,6.598055049440829,6.619570255279541,40800,0.0,0.0
2016-02-11 00:00:00-05:00,6.582998107856424,6.802431517630221,6.582998107856424,6.743916034698486,67500,0.18,0.0
2016-02-12 00:00:00-05:00,6.795117315974865,6.795117315974865,6.619570856636694,6.736601829528809,32000,0.0,0.0
2016-02-16 00:00:00-05:00,6.765857701145474,6.875574033491628,6.751228484800958,6.817058563232422,58600,0.0,0.0
2016-02-17 00:00:00-05:00,6.824374090782589,6.875574959767305,6.743915482726675,6.787801742553711,60600,0.0,0.0
2016-02-18 00:00:00-05:00,6.787802941017105,6.875576173728057,6.751230586330964,6.8390045166015625,66200,0.0,0.0
2016-02-19 00:00:00-05:00,6.839004978653929,7.036494591206323,6.839004978653929,6.8902058601379395,58800,0.0,0.0
2016-02-22 00:00:00-05:00,6.890202965409646,6.999919293226728,6.860945231487797,6.912146091461182,71400,0.0,0.0
2016-02-23 00:00:00-05:00,6.941406684439418,6.985293652178243,6.817061089665714,6.831690311431885,46100,0.0,0.0
2016-02-24 00:00:00-05:00,6.780488946477439,6.999921676832602,6.758545115394212,6.882890701293945,49100,0.0,0.0
2016-02-25 00:00:00-05:00,6.941405330413222,6.999920810944201,6.941405330413222,6.970663070678711,23900,0.0,0.0
2016-02-26 00:00:00-05:00,6.992606971750169,7.007235493255231,6.8975191405088045,6.977977752685547,44200,0.0,0.0
2016-02-29 00:00:00-05:00,7.007235429328531,7.043807779096878,6.8390035969775065,6.868261337280273,49800,0.0,0.0
2016-03-01 00:00:00-05:00,6.875575240425983,7.007235420400461,6.853632109616753,6.970663070678711,35300,0.0,0.0
2016-03-02 00:00:00-05:00,6.926774557663876,7.01454774993159,6.919459950585068,7.007233142852783,28000,0.0,0.0
2016-03-03 00:00:00-05:00,7.014552477113946,7.0291810035705575,6.970665502624522,7.029181003570557,31900,0.0,0.0
2016-03-04 00:00:00-05:00,7.029177849281655,7.095007932695155,6.919461508632143,7.073064804077148,42600,0.0,0.0
2016-03-07 00:00:00-05:00,7.0730657843471185,7.175468228022437,7.0730657843471185,7.153524398803711,29300,0.0,0.0
2016-03-08 00:00:00-05:00,7.109636705925329,7.160837568688058,7.029177410087396,7.051121234893799,53300,0.0,0.0
2016-03-09 00:00:00-05:00,7.051121234893799,7.212038431450788,6.941404203540101,7.051121234893799,34000,0.0,0.0
2016-03-10 00:00:00-05:00,7.043807675282521,7.358328902071399,7.043807675282521,7.241297245025635,96600,0.0,0.0
2016-03-11 00:00:00-05:00,7.387586654935629,7.636277095501456,7.17546786610391,7.548503875732422,159400,0.0,0.0
2016-03-14 00:00:00-04:00,7.592391937594662,7.592391937594662,7.533876449246158,7.56313419342041,52900,0.0,0.0
2016-03-15 00:00:00-04:00,7.607020013382991,7.643592365839175,7.563133748483252,7.592391490936279,81700,0.0,0.0
2016-03-16 00:00:00-04:00,7.592389988899665,7.665533981782025,7.53387451556999,7.6362762451171875,69000,0.0,0.0
2016-03-17 00:00:00-04:00,7.59239163839693,7.826453582567133,7.59239163839693,7.789881229400635,131000,0.0,0.0
2016-03-18 00:00:00-04:00,7.8264529331529955,7.892283023878398,7.277869773854054,7.285184383392334,535400,0.0,0.0
2016-03-21 00:00:00-04:00,7.351014469158243,7.511932391094043,7.321756728584421,7.336385250091553,91700,0.0,0.0
2016-03-22 00:00:00-04:00,7.336385490594654,7.343700100367788,7.160839041396917,7.182782173156738,88100,0.0,0.0
2016-03-23 00:00:00-04:00,7.168154515200828,7.285185495439263,7.087695193117154,7.095009803771973,56500,0.0,0.0
2016-03-24 00:00:00-04:00,7.080380997260591,7.277870594136109,7.058437166172482,7.21935510635376,72100,0.0,0.0
2016-03-28 00:00:00-04:00,7.204726082030294,7.26324156574233,7.124266768756551,7.1388959884643555,33100,0.0,0.0
2016-03-29 00:00:00-04:00,7.1096366202803765,7.380270844930918,7.1096366202803765,7.343698501586914,83700,0.0,0.0
2016-03-30 00:00:00-04:00,7.365643509805523,7.416845082588134,7.3144426345825195,7.3144426345825195,45200,0.0,0.0
2016-03-31 00:00:00-04:00,7.38758776085646,7.38758776085646,7.241298341782354,7.255927562713623,42700,0.0,0.0
2016-04-01 00:00:00-04:00,7.204725809547165,7.307127553390595,7.116951889739136,7.263241291046143,74800,0.0,0.0
2016-04-04 00:00:00-04:00,7.255926096238814,7.285183834628507,7.175467490057036,7.226668357849121,36100,0.0,0.0
2016-04-05 00:00:00-04:00,7.190095975387513,7.226668322586049,7.138895107845267,7.146209716796875,51200,0.0,0.0
2016-04-06 00:00:00-04:00,7.153524398803711,7.168153618282862,7.102323525745841,7.153524398803711,53500,0.0,0.0
2016-04-07 00:00:00-04:00,7.11695425498961,7.197413591960254,6.985294726640928,7.029181003570557,81600,0.0,0.0
2016-04-08 00:00:00-04:00,7.058435145603161,7.0950074893877275,6.985291155593467,7.051121234893799,72400,0.0,0.0
2016-04-11 00:00:00-04:00,7.1096386500473905,7.160839526810938,7.080380906531131,7.131581783294678,66000,0.0,0.0
2016-04-12 00:00:00-04:00,7.168154515200828,7.190097649605618,7.043808924307574,7.095009803771973,94700,0.0,0.0
2016-04-13 00:00:00-04:00,7.168153618282862,7.168153618282862,7.058436564867968,7.153524398803711,83900,0.0,0.0
2016-04-14 00:00:00-04:00,7.16083990454601,7.16083990454601,6.999921957938328,7.095009803771973,65500,0.0,0.0
2016-04-15 00:00:00-04:00,7.073064949704368,7.241296768505273,7.0584357319515085,7.190095901489258,63600,0.0,0.0
2016-04-18 00:00:00-04:00,7.22666944655229,7.31444267494447,7.1462108282493615,7.292499542236328,59100,0.0,0.0
2016-04-19 00:00:00-04:00,7.285184238163592,7.314441978173906,7.241297279368348,7.270555019378662,32000,0.0,0.0
2016-04-20 00:00:00-04:00,7.270554616653906,7.277869225641206,7.197410619459429,7.226668357849121,40200,0.0,0.0
2016-04-21 00:00:00-04:00,7.226669101080307,7.25592684247903,7.131581267144564,7.153524398803711,55900,0.0,0.0
2016-04-22 00:00:00-04:00,7.1754678534842915,7.255926463741184,7.153524025410968,7.241297245025635,65700,0.0,0.0
2016-04-25 00:00:00-04:00,7.248612265995785,7.2851846173018755,7.153524431623783,7.182782173156738,43700,0.0,0.0
2016-04-26 00:00:00-04:00,7.212040597479462,7.27787069655088,7.160839719339314,7.255927562713623,69200,0.0,0.0
2016-04-27 00:00:00-04:00,7.263240228256729,7.285183356218139,7.21203866626749,7.277868747711182,41600,0.0,0.0
2016-04-28 00:00:00-04:00,7.197411392703008,7.299813139288563,7.168153651170051,7.182782173156738,66700,0.0,0.0
2016-04-29 00:00:00-04:00,7.182784196273,7.197413419939763,7.109640170618519,7.168155670166016,67900,0.0,0.0
2016-05-02 00:00:00-04:00,7.241296474038312,7.299811947551229,7.168152480926901,7.233982563018799,74000,0.0,0.0
2016-05-03 00:00:00-04:00,7.175467344871719,7.190095864990824,7.05843569612141,7.109637260437012,83300,0.0,0.0
2016-05-04 00:00:00-04:00,7.116951207843953,7.22666824831191,7.10232268765059,7.190095901489258,75900,0.0,0.0
2016-05-05 00:00:00-04:00,7.197413419939763,7.226671169713511,7.095010946951756,7.168155670166016,61000,0.0,0.0
2016-05-06 00:00:00-04:00,7.175466978819945,7.255925579269215,7.138894634048656,7.1974101066589355,70600,0.0,0.0
2016-05-09 00:00:00-04:00,7.160837872347919,7.30712655613021,7.138894744170443,7.233982563018799,90700,0.0,0.0
2016-05-10 00:00:00-04:00,7.219354836463038,7.358329637920367,7.219354836463038,7.292499542236328,208400,0.0,0.0
2016-05-11 00:00:00-04:00,7.314443182829366,7.380273283084375,7.197412203513641,7.321757793426514,152700,0.0,0.0
2016-05-12 00:00:00-04:00,7.306859147330836,7.388791049799275,7.2323750830266675,7.329204082489014,128800,0.18,0.0
2016-05-13 00:00:00-04:00,7.3589974698195375,7.440929371215541,7.269617020024079,7.366446018218994,124800,0.0,0.0
2016-05-16 00:00:00-04:00,7.358998303313851,7.41113672735,7.358998303313851,7.373894691467285,64300,0.0,0.0
2016-05-17 00:00:00-04:00,7.37389534528008,7.37389534528008,7.195134409592363,7.210031509399414,121700,0.0,0.0
2016-05-18 00:00:00-04:00,7.210031509399414,7.262169938058461,7.150444530836841,7.210031509399414,110500,0.0,0.0
2016-05-19 00:00:00-04:00,7.217477400284439,7.2398230439617945,7.0983034753357055,7.150442600250244,57200,0.0,0.0
2016-05-20 00:00:00-04:00,7.187683840712277,7.22492586943603,7.120649041408662,7.217477321624756,52000,0.0,0.0
2016-05-23 00:00:00-04:00,7.239823823971854,7.336652826008098,7.157891208992809,7.254720211029053,85600,0.0,0.0
2016-05-24 00:00:00-04:00,7.269617367737244,7.396239855253795,7.269617367737244,7.358997821807861,83300,0.0,0.0
2016-05-25 00:00:00-04:00,7.321756464067964,7.321756464067964,7.254720939745289,7.284514427185059,38400,0.0,0.0
2016-05-26 00:00:00-04:00,7.291962395556443,7.329204429471657,7.25472036164123,7.306859493255615,35800,0.0,0.0
2016-05-27 00:00:00-04:00,7.336652923441209,7.45582686281227,7.3292043746473405,7.433481216430664,72400,0.0,0.0
2016-05-31 00:00:00-04:00,7.4558270867392835,7.4558270867392835,7.314307496736241,7.403687953948975,87900,0.0,0.0
2016-06-01 00:00:00-04:00,7.418584221706896,7.44837770411003,7.3887907393037615,7.411135673522949,30800,0.0,0.0
2016-06-02 00:00:00-04:00,7.396240761451059,7.522863264481567,7.388792211782724,7.515414714813232,39600,0.0,0.0
2016-06-03 00:00:00-04:00,7.500514556713136,7.582447148986529,7.493066720414876,7.560101509094238,48500,0.0,0.0
2016-06-06 00:00:00-04:00,7.560102932517176,7.58989641431727,7.507964516950169,7.545206546783447,29400,0.0,0.0
2016-06-07 00:00:00-04:00,7.575000768572786,7.656932673943679,7.560103671051148,7.589897155761719,84200,0.0,0.0
2016-06-08 00:00:00-04:00,7.627138751366912,7.865487325700835,7.575000333699803,7.850590229034424,151500,0.0,0.0
2016-06-09 00:00:00-04:00,7.791005382795057,7.872937305754195,7.7835568324352655,7.820798873901367,44500,0.0,0.0
2016-06-10 00:00:00-04:00,7.746315020265508,7.813350554822218,7.738867180018112,7.805902004241943,65900,0.0,0.0
2016-06-13 00:00:00-04:00,7.783555316036385,7.880384320850799,7.768658928551787,7.872935771942139,102200,0.0,0.0
2016-06-14 00:00:00-04:00,7.8580404561180055,7.895282495407561,7.7910049274633675,7.8654890060424805,62600,0.0,0.0
2016-06-15 00:00:00-04:00,7.86548900604248,7.895282495407561,7.768659988022761,7.8654890060424805,136800,0.0,0.0
2016-06-16 00:00:00-04:00,7.872934284290895,7.992108202979741,7.813347324946472,7.954866886138916,157300,0.0,0.0
2016-06-17 00:00:00-04:00,7.969764267638685,8.05914471783471,7.835693947510984,8.029351234436035,327600,0.0,0.0
2016-06-20 00:00:00-04:00,8.051698481003188,8.260252906269839,8.051698481003188,8.14107894897461,189800,0.0,0.0
2016-06-21 00:00:00-04:00,8.148526086801091,8.21556160958973,8.1038362118305,8.17087173461914,90000,0.0,0.0
2016-06-22 00:00:00-04:00,8.148526439018717,8.193217026253802,8.096388012521777,8.163423538208008,53300,0.0,0.0
2016-06-23 00:00:00-04:00,8.223008926896284,8.342182856073634,8.170870510464356,8.312389373779297,104900,0.0,0.0
2016-06-24 00:00:00-04:00,8.111284761103184,8.29749423092374,8.051697787587226,8.17087173461914,367200,0.0,0.0
2016-06-27 00:00:00-04:00,8.096388114058595,8.223010617424386,8.044249686907785,8.126181602478027,162000,0.0,0.0
2016-06-28 00:00:00-04:00,8.155975731008867,8.334736675555295,8.059146708463008,8.237908363342285,151400,0.0,0.0
2016-06-29 00:00:00-04:00,8.267702812110345,8.312392698258915,8.237909317900321,8.252805709838867,75500,0.0,0.0
2016-06-30 00:00:00-04:00,8.260250177231502,8.386872642607099,8.16342119133648,8.379424095153809,186400,0.0,0.0
2016-07-01 00:00:00-04:00,8.379424582136439,8.960397820938097,8.379424582136439,8.751843452453613,219600,0.0,0.0
2016-07-05 00:00:00-04:00,8.714601153768912,9.064675079930645,8.640117808209196,9.04977798461914,185200,0.0,0.0
2016-07-06 00:00:00-04:00,8.982747003222872,9.16150796091564,8.982747003222872,9.154059410095215,143000,0.0,0.0
2016-07-07 00:00:00-04:00,9.131712812226581,9.235989663473683,9.094470775209999,9.168954849243164,184000,0.0,0.0
2016-07-08 00:00:00-04:00,9.146609888128832,9.422199846227505,9.116816398343378,9.414752006530762,184500,0.0,0.0
2016-07-11 00:00:00-04:00,9.414750904400425,9.414750904400425,9.258334923754289,9.362611770629883,116100,0.0,0.0
2016-07-12 00:00:00-04:00,9.399854258376335,9.399854258376335,9.235989720687945,9.303025245666504,149700,0.0,0.0
2016-07-13 00:00:00-04:00,9.3104750676087,9.3104750676087,9.087023523919516,9.176403999328613,170000,0.0,0.0
2016-07-14 00:00:00-04:00,9.221094410348236,9.221094410348236,8.975297930237407,8.990194320678711,117000,0.0,0.0
2016-07-15 00:00:00-04:00,9.034883650739367,9.109367013208296,8.90826115317615,9.101919174194336,81800,0.0,0.0
2016-07-18 00:00:00-04:00,9.101919328857562,9.18385124206543,9.079573680437692,9.18385124206543,63300,0.0,0.0
2016-07-19 00:00:00-04:00,9.094470683776782,9.265783057864851,9.094470683776782,9.235989570617676,73400,0.0,0.0
2016-07-20 00:00:00-04:00,9.250888331022368,9.250888331022368,9.11681725916228,9.191301345825195,55700,0.0,0.0
2016-07-21 00:00:00-04:00,9.198748336789874,9.250886762413424,9.116815713286838,9.168954849243164,50400,0.0,0.0
2016-07-22 00:00:00-04:00,9.139161361696452,9.250886762413424,9.116815713286838,9.168954849243164,59300,0.0,0.0
2016-07-25 00:00:00-04:00,9.213642998282037,9.25088502831753,9.019985010363584,9.09446907043457,64800,0.0,0.0
2016-07-26 00:00:00-04:00,9.034881599640237,9.09446856022105,8.96039754374792,9.04977798461914,75200,0.0,0.0
2016-07-27 00:00:00-04:00,9.034882456155604,9.109365808776413,8.997640424678865,9.087020874023438,58500,0.0,0.0
2016-07-28 00:00:00-04:00,9.094470880110507,9.198748442893175,8.997641866883624,9.14660930633545,33100,0.0,0.0
2016-07-29 00:00:00-04:00,9.101918983955265,9.235989317730239,9.094470434764226,9.206195831298828,81000,0.0,0.0
2016-08-01 00:00:00-04:00,9.235991229556628,9.2434397802895,9.131714360628022,9.191301345825195,57300,0.0,0.0
2016-08-02 00:00:00-04:00,9.206195250661569,9.213643799382826,8.997640858795277,9.012537956237793,60600,0.0,0.0
2016-08-03 00:00:00-04:00,9.034882481048017,9.034882481048017,8.82632809866942,8.930604934692383,50300,0.0,0.0
2016-08-04 00:00:00-04:00,8.90826035126153,8.975295868682014,8.848673382517255,8.92315673828125,56700,0.0,0.0
2016-08-05 00:00:00-04:00,9.12426471710205,9.21364518419291,9.01253931082168,9.12426471710205,116100,0.0,0.0
2016-08-08 00:00:00-04:00,9.12426387552415,9.362611765782384,9.057228353805836,9.347715377807617,95000,0.0,0.0
2016-08-09 00:00:00-04:00,9.347715190183512,9.45944058391636,9.213644149437911,9.45199203491211,106600,0.0,0.0
2016-08-10 00:00:00-04:00,9.451994372002181,9.459442922848153,9.243439920645306,9.273233413696289,103300,0.0,0.0
2016-08-11 00:00:00-04:00,9.243000308211707,9.258115945512884,9.09184753896623,9.14475154876709,92900,0.18,0.0
2016-08-12 00:00:00-04:00,9.084292152985507,9.174983831623457,9.084292152985507,9.152310371398926,82800,0.0,0.0
2016-08-15 00:00:00-04:00,9.122079886882032,9.152310446676662,9.076734407566786,9.091849327087402,100400,0.0,0.0
2016-08-16 00:00:00-04:00,9.046501062891979,9.046501062891979,8.918021043127816,8.963366508483887,78200,0.0,0.0
2016-08-17 00:00:00-04:00,8.933137971712469,9.01627254486084,8.918023053437617,9.01627254486084,47800,0.0,0.0
2016-08-18 00:00:00-04:00,9.016273287977526,9.09940714722441,8.978484908045889,9.091849327087402,59700,0.0,0.0
2016-08-19 00:00:00-04:00,9.054057431953124,9.054057431953124,8.880231960809416,8.895347595214844,57400,0.0,0.0
2016-08-22 00:00:00-04:00,8.97092737422666,8.986043014983107,8.857562951566987,8.955812454223633,53700,0.0,0.0
2016-08-23 00:00:00-04:00,8.948251560188824,9.069173761690863,8.933135924624484,9.061615943908691,76300,0.0,0.0
2016-08-24 00:00:00-04:00,9.023826676256173,9.17498013381992,8.895347390531951,9.001153945922852,149700,0.0,0.0
2016-08-25 00:00:00-04:00,8.955809377970995,9.084289397255203,8.910463192031145,9.061615943908691,170200,0.0,0.0
2016-08-26 00:00:00-04:00,9.054060193025238,9.084291471055243,8.850004111596068,8.872676849365234,58200,0.0,0.0
2016-08-29 00:00:00-04:00,8.880233682595646,9.00871371694027,8.880233682595646,8.90290641784668,63400,0.0,0.0
2016-08-30 00:00:00-04:00,8.887791482690309,8.993598060809529,8.842445291529746,8.865118026733398,80800,0.0,0.0
2016-08-31 00:00:00-04:00,8.857562903480048,8.986042966198662,8.842447262805662,8.948254585266113,92500,0.0,0.0
2016-09-01 00:00:00-04:00,8.902905374248974,9.076731579473032,8.850002091280126,9.061615943908691,78800,0.0,0.0
2016-09-02 00:00:00-04:00,9.076732572444262,9.258115894540188,9.054059116617331,9.13719367980957,119000,0.0,0.0
2016-09-06 00:00:00-04:00,9.114519896113622,9.16742317878345,9.04650097796489,9.054058074951172,72700,0.0,0.0
2016-09-07 00:00:00-04:00,9.069174691662285,9.212769640482176,9.054059054547956,9.197654724121094,163500,0.0,0.0
2016-09-08 00:00:00-04:00,9.19009690556393,9.288346384547328,9.129635798613107,9.197654724121094,81000,0.0,0.0
2016-09-09 00:00:00-04:00,9.091846644775268,9.190096115310222,8.84244441986084,8.84244441986084,142700,0.0,0.0
2016-09-12 00:00:00-04:00,8.850002124340532,8.993597058972327,8.842444306530128,8.963366508483887,121600,0.0,0.0
2016-09-13 00:00:00-04:00,8.850001412901806,8.918020326221148,8.683733038204872,8.691290855407715,104800,0.0,0.0
2016-09-14 00:00:00-04:00,8.676177957015703,8.789543088548426,8.623274661419108,8.744196891784668,93300,0.0,0.0
2016-09-15 00:00:00-04:00,8.77442759761774,8.834888713821995,8.6988515627391,8.766870498657227,83200,0.0,0.0
2016-09-16 00:00:00-04:00,8.78198524034146,8.918023109436035,8.638390272438674,8.918023109436035,226000,0.0,0.0
2016-09-19 00:00:00-04:00,8.970925367968873,9.054059211277018,8.880233705972733,9.046502113342285,83600,0.0,0.0
2016-09-20 00:00:00-04:00,9.06161504064711,9.069172857675918,8.986039032618338,9.001153945922852,62300,0.0,0.0
2016-09-21 00:00:00-04:00,9.0389423383412,9.13719179776104,8.850001236553762,9.106961250305176,102700,0.0,0.0
2016-09-22 00:00:00-04:00,9.09940627711876,9.144752472851298,9.031387343896615,9.069175720214844,145700,0.0,0.0
2016-09-23 00:00:00-04:00,9.00115848686849,9.258118629455566,8.978485745097121,9.258118629455566,171800,0.0,0.0
2016-09-26 00:00:00-04:00,9.144750623728129,9.174981174519248,9.09940443716486,9.114520072937012,95400,0.0,0.0
2016-09-27 00:00:00-04:00,9.144752353515903,9.220328384412792,9.106963977690798,9.122078895568848,80500,0.0,0.0
2016-09-28 00:00:00-04:00,9.10696215830444,9.137192708774407,8.955809405954597,9.03138542175293,76500,0.0,0.0
2016-09-29 00:00:00-04:00,8.963369428694874,9.016273449850333,8.865119927410063,9.008715629577637,65900,0.0,0.0
2016-09-30 00:00:00-04:00,9.00115780930494,9.08429239079777,8.925581768838219,9.008715629577637,127400,0.0,0.0
2016-10-03 00:00:00-04:00,8.99360011460791,8.99360011460791,8.88779351232646,8.955812454223633,61900,0.0,0.0
2016-10-04 00:00:00-04:00,8.94069580453911,9.001156919235221,8.766870279976128,8.804657936096191,65400,0.0,0.0
2016-10-05 00:00:00-04:00,8.819773867976442,8.819773867976442,8.676178175240585,8.706409454345703,99500,0.0,0.0
2016-10-06 00:00:00-04:00,8.691290907117427,8.766867638089263,8.525022531431262,8.698848724365234,61000,0.0,0.0
2016-10-07 00:00:00-04:00,8.698848595088092,8.766867507801264,8.698848595088092,8.713963508605957,40200,0.0,0.0
2016-10-10 00:00:00-04:00,8.698851513835356,8.789543187631882,8.630832578299623,8.759312629699707,59700,0.0,0.0
2016-10-11 00:00:00-04:00,8.729081035507207,8.744195952302272,8.653504289272076,8.676177024841309,50900,0.0,0.0
2016-10-12 00:00:00-04:00,8.676177866690228,8.880234668872735,8.676177866690228,8.872676849365234,71600,0.0,0.0
2016-10-13 00:00:00-04:00,8.827331458181165,8.895350392891991,8.759312523470339,8.850004196166992,58600,0.0,0.0
2016-10-14 00:00:00-04:00,8.8197735543194,8.94069578342607,8.7290818824894,8.872676849365234,65700,0.0,0.0
2016-10-17 00:00:00-04:00,8.781984183817832,8.895349301342613,8.781984183817832,8.865118026733398,71800,0.0,0.0
2016-10-18 00:00:00-04:00,8.89534830501466,9.122077073162835,8.850002118933118,9.03138542175293,91800,0.0,0.0
2016-10-19 00:00:00-04:00,9.046501876564653,9.288346302224468,9.008713504866998,9.220327377319336,164000,0.0,0.0
2016-10-20 00:00:00-04:00,9.235441921464158,9.394152487211402,9.22032628627244,9.371479034423828,121700,0.0,0.0
2016-10-21 00:00:00-04:00,9.28078924122869,9.47728821349208,9.28078924122869,9.401711463928223,113500,0.0,0.0
2016-10-24 00:00:00-04:00,9.47728821349208,9.598210436191613,9.265674323767898,9.401711463928223,83600,0.0,0.0
2016-10-25 00:00:00-04:00,9.379038727360385,9.42438492124936,9.28078924122869,9.401711463928223,86600,0.0,0.0
2016-10-26 00:00:00-04:00,9.318576052421726,9.326133870260625,9.174981117248535,9.174981117248535,108900,0.0,0.0
2016-10-27 00:00:00-04:00,9.19009901285296,9.205214653433305,9.046504031106751,9.0842924118042,82000,0.0,0.0
2016-10-28 00:00:00-04:00,9.07673165920005,9.144750578330694,9.001154922220849,9.03894329071045,46600,0.0,0.0
2016-10-31 00:00:00-04:00,9.114521812218976,9.190097843242004,9.046502879770925,9.159867286682129,58100,0.0,0.0
2016-11-01 00:00:00-04:00,9.167424441710065,9.167424441710065,8.88023381482532,8.887791633605957,84200,0.0,0.0
2016-11-02 00:00:00-04:00,8.918022184204483,8.918022184204483,8.766869412422022,8.781984329223633,77000,0.0,0.0
2016-11-03 00:00:00-04:00,8.819772720336914,8.887791647965997,8.759311611500678,8.819772720336914,115300,0.0,0.0
2016-11-04 00:00:00-04:00,8.872675945910506,8.933137054307426,8.789542102053058,8.880233764648438,71500,0.0,0.0
2016-11-07 00:00:00-05:00,8.933136901886716,9.182539149956925,8.895349250348337,9.13719367980957,111100,0.0,0.0
2016-11-08 00:00:00-05:00,9.106961963022062,9.258114712130705,9.06917359555661,9.242999076843262,93300,0.0,0.0
2016-11-09 00:00:00-05:00,9.174983914100299,9.273233413696289,8.880235415312326,9.273233413696289,147300,0.0,0.0
2016-11-10 00:00:00-05:00,9.181189711370262,9.411294857831361,8.797681377763132,9.372943878173828,159500,0.18,0.0
2016-11-11 00:00:00-05:00,9.481932698703883,10.509531052976033,9.481932698703883,10.307125091552734,342700,0.18,0.0
2016-11-14 00:00:00-05:00,10.27598652487976,10.493961791891683,10.128074922155253,10.41611385345459,206800,0.0,0.0
2016-11-15 00:00:00-05:00,10.34604978277038,10.408328428041743,10.135859540584534,10.166998863220215,106800,0.0,0.0
2016-11-16 00:00:00-05:00,10.151430082701784,10.21370873565418,10.08915142974939,10.120290756225586,130400,0.0,0.0
2016-11-17 00:00:00-05:00,10.159213023620259,10.190352343732307,10.011300696273063,10.026870727539062,66400,0.0,0.0
2016-11-18 00:00:00-05:00,10.011302648181994,10.073581300548593,9.956809012966245,10.058012008666992,160300,0.0,0.0
2016-11-21 00:00:00-05:00,10.01908337622424,10.159210655271501,10.01908337622424,10.104716300964355,96700,0.0,0.0
2016-11-22 00:00:00-05:00,10.096933868195975,10.338263401145426,10.096933868195975,10.275984764099121,79900,0.0,0.0
2016-11-23 00:00:00-05:00,10.229276949044506,10.291555590909802,10.058010312704955,10.182567596435547,120100,0.0,0.0
2016-11-25 00:00:00-05:00,10.174781793293898,10.299339067386507,10.174781793293898,10.275984764099121,47400,0.0,0.0
2016-11-28 00:00:00-05:00,10.26820075398364,10.353834445119645,10.237061432412363,10.307125091552734,86600,0.0,0.0
2016-11-29 00:00:00-05:00,10.346049916611552,10.431682869362458,10.314910593573037,10.36161994934082,132900,0.0,0.0
2016-11-30 00:00:00-05:00,10.346047338405576,10.346047338405576,10.182565747587526,10.213705062866211,92500,0.0,0.0
2016-12-01 00:00:00-05:00,10.174782433204301,10.182567448929683,9.8633892283887,9.987946510314941,89200,0.0,0.0
2016-12-02 00:00:00-05:00,10.042439173963556,10.174781458943068,10.019084871443612,10.08914852142334,69200,0.0,0.0
2016-12-05 00:00:00-05:00,10.143641417884213,10.213705062866211,10.089147801751475,10.213705062866211,52600,0.0,0.0
2016-12-06 00:00:00-05:00,10.213705786069896,10.361618100931778,10.14364213612689,10.29155445098877,73900,0.0,0.0
2016-12-07 00:00:00-05:00,10.3071251436035,10.447252462591884,10.26820080583784,10.338264465332031,90100,0.0,0.0
2016-12-08 00:00:00-05:00,10.27598295293906,10.641870437912722,10.27598295293906,10.61073112487793,137900,0.0,0.0
2016-12-09 00:00:00-05:00,10.579594358421812,10.673012320012518,10.307124746967284,10.322694778442383,117400,0.0,0.0
2016-12-12 00:00:00-05:00,10.229276383026914,10.369402948260205,10.112503379175916,10.299339294433594,245100,0.0,0.0
2016-12-13 00:00:00-05:00,10.291552969096704,10.53288245924011,10.205919301532452,10.509528160095215,124300,0.0,0.0
2016-12-14 00:00:00-05:00,10.509531211241365,10.52510124347147,10.330480295115148,10.400543212890625,96500,0.0,0.0
2016-12-15 00:00:00-05:00,10.36161932596055,10.602948879385053,10.244846314776455,10.44725227355957,149700,0.0,0.0
2016-12-16 00:00:00-05:00,10.455038125523155,10.78200139511322,10.455038125523155,10.719722747802734,350100,0.0,0.0
2016-12-19 00:00:00-05:00,10.743077005947407,11.358079202148872,10.719722698917488,11.280230522155762,206900,0.0,0.0
2016-12-20 00:00:00-05:00,11.326940460394136,11.482637085956997,11.163458817948115,11.397004127502441,169200,0.0,0.0
2016-12-21 00:00:00-05:00,11.397002241536168,11.576053145699246,11.147886939438909,11.194596290588379,222700,0.0,0.0
2016-12-22 00:00:00-05:00,11.194594783455637,11.233519113769805,11.108961850700345,11.210164070129395,40100,0.0,0.0
2016-12-23 00:00:00-05:00,11.26465909948246,11.311367704701492,11.14788610159509,11.256874084472656,98500,0.0,0.0
2016-12-27 00:00:00-05:00,11.20238017984313,11.474849016489898,11.124531516561268,11.303583145141602,100200,0.0,0.0
2016-12-28 00:00:00-05:00,11.29579813032944,11.365861778799141,11.256873798688508,11.303583145141602,71400,0.0,0.0
2016-12-29 00:00:00-05:00,11.373646668861975,11.591622640920898,11.358077380812004,11.544913291931152,100800,0.0,0.0
2016-12-30 00:00:00-05:00,11.537129149541274,12.066498346848366,11.521559860313403,11.716180801391602,120800,0.0,0.0
2017-01-03 00:00:00-05:00,11.770674320451748,11.809598656797984,11.537129044794302,11.653902053833008,152500,0.0,0.0
2017-01-04 00:00:00-05:00,11.700611114501953,11.801814095934956,11.630547454862182,11.700611114501953,117300,0.0,0.0
2017-01-05 00:00:00-05:00,11.638332276896163,11.638332276896163,11.412572012053815,11.47485065460205,107400,0.0,0.0
2017-01-06 00:00:00-05:00,11.365863310871616,11.45149625808874,11.288014637096067,11.311368942260742,69000,0.0,0.0
2017-01-09 00:00:00-05:00,11.350293629754836,11.41257227373105,11.13231837583809,11.171242713928223,81400,0.0,0.0
2017-01-10 00:00:00-05:00,11.17902547483215,11.303583488349025,11.077822506460883,11.288013458251953,55400,0.0,0.0
2017-01-11 00:00:00-05:00,11.210164736833729,11.280228387082174,11.10896251138586,11.256874084472656,48800,0.0,0.0
2017-01-12 00:00:00-05:00,11.210164395608569,11.210164395608569,10.953264847463947,11.070037841796875,65100,0.0,0.0
2017-01-13 00:00:00-05:00,11.077822680067143,11.241304286548903,11.054468376975437,11.179025650024414,87100,0.0,0.0
2017-01-17 00:00:00-05:00,11.070037111426698,11.140100754919878,10.875416209465568,10.992188453674316,71000,0.0,0.0
2017-01-18 00:00:00-05:00,11.06225339731326,11.132317049041013,10.992189745585504,11.0778226852417,62100,0.0,0.0
2017-01-19 00:00:00-05:00,11.070040924751593,11.108965267036151,10.898774264151589,11.093395233154297,86200,0.0,0.0
2017-01-20 00:00:00-05:00,11.054470890869739,11.124534558497926,10.953267897897922,11.093395233154297,54100,0.0,0.0
2017-01-23 00:00:00-05:00,10.937695725198909,11.4514948292325,10.937695725198909,11.365861892700195,108600,0.0,0.0
2017-01-24 00:00:00-05:00,11.373647321703777,11.692826282877933,11.288014376463856,11.591623306274414,85200,0.0,0.0
2017-01-25 00:00:00-05:00,11.583836671131841,11.677254618993405,11.537127325991131,11.64611530303955,78100,0.0,0.0
2017-01-26 00:00:00-05:00,11.646117940377186,11.67725726338274,11.599408584658846,11.622763633728027,100700,0.0,0.0
2017-01-27 00:00:00-05:00,11.599405957898842,11.677254618993405,11.42035507676914,11.64611530303955,156100,0.0,0.0
2017-01-30 00:00:00-05:00,11.646117858100085,11.65390287440148,11.428142598601157,11.459281921386719,154800,0.0,0.0
2017-01-31 00:00:00-05:00,11.505989081806243,11.568267719515132,11.373646791069872,11.404786109924316,137600,0.0,0.0
2017-02-01 00:00:00-05:00,11.412570610324101,11.537127880122036,11.326937672942995,11.428140640258789,94600,0.0,0.0
2017-02-02 00:00:00-05:00,11.443712061522989,11.490421417616401,11.342509075337285,11.451497077941895,54700,0.0,0.0
2017-02-03 00:00:00-05:00,11.521558094460598,11.591621741297633,11.443709432992813,11.576051712036133,73000,0.0,0.0
2017-02-06 00:00:00-05:00,11.614976156185627,11.614976156185627,11.420355243035626,11.435924530029297,73300,0.0,0.0
2017-02-07 00:00:00-05:00,11.498202955658181,11.614975196936332,11.420354299859543,11.537126541137695,91100,0.0,0.0
2017-02-08 00:00:00-05:00,11.5838391413249,11.630547754006122,11.389218189506444,11.529345512390137,78800,0.0,0.0
2017-02-09 00:00:00-05:00,11.576051826771172,11.677254790714414,11.537127495651484,11.638330459594727,72700,0.0,0.0
2017-02-10 00:00:00-05:00,11.568268418042088,11.755105084870442,11.52934482393865,11.685041427612305,176800,0.0,0.0
2017-02-13 00:00:00-05:00,11.708678265878785,11.74019554009178,11.495936852798835,11.535333633422852,66700,0.18,0.0
2017-02-14 00:00:00-05:00,11.456541354707038,11.49593813974143,11.306834473293755,11.346230506896973,70200,0.0,0.0
2017-02-15 00:00:00-05:00,11.22016048122866,11.330471320045834,11.054694598718456,11.19652271270752,97400,0.0,0.0
2017-02-16 00:00:00-05:00,11.228040693590819,11.330472032195315,11.172885646431151,11.204402923583984,83000,0.0,0.0
2017-02-17 00:00:00-05:00,11.24379921223633,11.322592025929508,11.109850602383691,11.267436981201172,86400,0.0,0.0
2017-02-21 00:00:00-05:00,11.314710121432567,11.480175971984863,11.267434593521036,11.480175971984863,141200,0.0,0.0
2017-02-22 00:00:00-05:00,11.48017762176686,11.48805712802811,11.39350530718632,11.440781593322754,43100,0.0,0.0
2017-02-23 00:00:00-05:00,11.448660565763795,11.558971401224825,11.354108743124808,11.535333633422852,96000,0.0,0.0
2017-02-24 00:00:00-05:00,11.52745412701183,11.574729662615779,11.472299084996859,11.535333633422852,100800,0.0,0.0
2017-02-27 00:00:00-05:00,11.535332908442177,11.669281503286689,11.503815636210001,11.653522491455078,154000,0.0,0.0
2017-02-28 00:00:00-05:00,11.606246418494917,11.755954027894036,11.590488157807727,11.700798988342285,205300,0.0,0.0
2017-03-01 00:00:00-05:00,11.70080279736994,11.826871929631679,11.653526497056138,11.748078346252441,125100,0.0,0.0
2017-03-02 00:00:00-05:00,11.70867798779094,11.740195261255383,11.614126167397613,11.669281959533691,62300,0.0,0.0
2017-03-03 00:00:00-05:00,11.60624456514723,11.614124069948113,11.314709650393036,11.54321002960205,75900,0.0,0.0
2017-03-06 00:00:00-05:00,11.543211960217555,11.543211960217555,11.33047055502906,11.417142868041992,49300,0.0,0.0
2017-03-07 00:00:00-05:00,11.417142891568647,11.456539670812457,11.275315538294414,11.2910737991333,40500,0.0,0.0
2017-03-08 00:00:00-05:00,11.212281045705826,11.243799072508773,10.983780611402292,10.991660118103027,79900,0.0,0.0
2017-03-09 00:00:00-05:00,11.038934734151377,11.306831909933136,10.889227135246982,10.9601411819458,150900,0.0,0.0
2017-03-10 00:00:00-05:00,11.007417463555347,11.02317572313786,10.755278547356102,10.9601411819458,153900,0.0,0.0
2017-03-13 00:00:00-04:00,10.94438528281755,11.1177299327667,10.94438528281755,11.023178100585938,86700,0.0,0.0
2017-03-14 00:00:00-04:00,10.968022842456524,11.031057396033653,10.841953735302265,10.904988288879395,80200,0.0,0.0
2017-03-15 00:00:00-04:00,10.912868166716777,11.29107550102976,10.889229644748832,11.220161437988281,249800,0.0,0.0
2017-03-16 00:00:00-04:00,11.149246633514716,11.401385591053812,11.09409158878638,11.267436981201172,127500,0.0,0.0
2017-03-17 00:00:00-04:00,11.267435789049241,11.377745866834546,11.21227999872554,11.322590827941895,179100,0.0,0.0
2017-03-20 00:00:00-04:00,11.338351332625487,11.346230088196684,11.15712642872734,11.180764198303223,60600,0.0,0.0
2017-03-21 00:00:00-04:00,11.243799284484895,11.267437053601624,11.023177601291662,11.038936614990234,99400,0.0,0.0
2017-03-22 00:00:00-04:00,11.078331207357534,11.401383409991908,10.88134808366038,11.275314331054688,192200,0.0,0.0
2017-03-23 00:00:00-04:00,11.267435694494829,11.795350566820485,11.188642138368506,11.755953788757324,197600,0.0,0.0
2017-03-24 00:00:00-04:00,11.74019501577579,12.094765274125782,11.6535227034186,11.700798988342285,124500,0.0,0.0
2017-03-27 00:00:00-04:00,11.661402671103529,11.811109534997856,11.551091836202227,11.763833999633789,98500,0.0,0.0
2017-03-28 00:00:00-04:00,11.740195484429341,11.811109538930138,11.622005894548737,11.787471771240234,85200,0.0,0.0
2017-03-29 00:00:00-04:00,11.692919244428682,11.882022877414608,11.692919244428682,11.755953788757324,72700,0.0,0.0
2017-03-30 00:00:00-04:00,11.771713010905163,11.818989298729768,11.661402925032924,11.803230285644531,71200,0.0,0.0
2017-03-31 00:00:00-04:00,11.803230216381337,12.023851889693377,11.763834186761635,11.984455108642578,179700,0.0,0.0
2017-04-03 00:00:00-04:00,11.98445585383791,11.98445585383791,11.89778353128173,11.913541793823242,71900,0.0,0.0
2017-04-04 00:00:00-04:00,11.921419880422981,11.937178141086962,11.76383351662788,11.850505828857422,117100,0.0,0.0
2017-04-05 00:00:00-04:00,11.889903099804597,11.937178635184404,11.77959226486657,11.787471771240234,112700,0.0,0.0
2017-04-06 00:00:00-04:00,11.803230666600268,12.031731855124569,11.69292057716771,12.023852348327637,102100,0.0,0.0
2017-04-07 00:00:00-04:00,12.023853505730775,12.1814398996829,12.023853505730775,12.11840534210205,152900,0.0,0.0
2017-04-10 00:00:00-04:00,12.126283651045645,12.244473246969592,11.86626593886806,12.173559188842773,109100,0.0,0.0
2017-04-11 00:00:00-04:00,12.149920224828632,12.268109809126972,12.149920224828632,12.20507526397705,134300,0.0,0.0
2017-04-12 00:00:00-04:00,12.173558722876093,12.173558722876093,12.047489625001122,12.086886405944824,91100,0.0,0.0
2017-04-13 00:00:00-04:00,12.071128593897088,12.118404886019055,11.90566269861696,12.055370330810547,100600,0.0,0.0
2017-04-17 00:00:00-04:00,12.063247908121097,12.181437492370605,12.063247908121097,12.181437492370605,109500,0.0,0.0
2017-04-18 00:00:00-04:00,12.165678485400587,12.22871378198156,12.165678485400587,12.20507526397705,136700,0.0,0.0
2017-04-19 00:00:00-04:00,12.212955683626031,12.354783796538998,12.181438408693273,12.260231971740723,318400,0.0,0.0
2017-04-20 00:00:00-04:00,12.275989035231305,12.323265318731355,12.157799453627733,12.291748046875,155900,0.0,0.0
2017-04-21 00:00:00-04:00,12.29175020564768,12.402060300802923,12.275991191236265,12.30750846862793,210700,0.0,0.0
2017-04-24 00:00:00-04:00,12.409940311893234,12.409940311893234,12.13416355994535,12.244474411010742,126800,0.0,0.0
2017-04-25 00:00:00-04:00,12.275988344424304,12.370540154672653,12.24447107434152,12.331143379211426,290200,0.0,0.0
2017-04-26 00:00:00-04:00,12.339024939553815,12.725111750225262,12.291749402271781,12.654197692871094,340700,0.0,0.0
2017-04-27 00:00:00-04:00,12.685714276498693,12.811783363483903,12.685714276498693,12.717230796813965,149600,0.0,0.0
2017-04-28 00:00:00-04:00,12.6857161706413,12.709353188691551,12.528129036948947,12.622681617736816,127200,0.0,0.0
2017-05-01 00:00:00-04:00,12.622683417819939,12.843303633016479,12.6069244016309,12.827546119689941,91900,0.0,0.0
2017-05-02 00:00:00-04:00,12.835423081146505,12.843301084815472,12.591162887266842,12.614801406860352,102000,0.0,0.0
2017-05-03 00:00:00-04:00,12.61480122892708,12.61480122892708,12.386300802763884,12.465093612670898,119700,0.0,0.0
2017-05-04 00:00:00-04:00,12.472972653651253,12.622680264320966,12.165678677616889,12.402058601379395,99600,0.0,0.0
2017-05-05 00:00:00-04:00,12.433575351097245,12.772385834512235,12.331144030064003,12.717230796813965,120800,0.0,0.0
2017-05-08 00:00:00-04:00,12.71723336237393,12.843302474792177,12.630561786875365,12.803906440734863,127400,0.0,0.0
2017-05-09 00:00:00-04:00,12.756627775607365,12.906333870656866,12.725109753789367,12.890576362609863,196200,0.0,0.0
2017-05-10 00:00:00-04:00,12.496610662928676,13.505164172251062,12.346903800786956,13.379095077514648,374500,0.0,0.0
2017-05-11 00:00:00-04:00,13.355207335422886,13.66579305797914,13.347243404208037,13.546337127685547,332800,0.18,0.0
2017-05-12 00:00:00-04:00,13.546331596679558,13.57022338056902,12.98090486300721,13.028688430786133,395100,0.0,0.0
2017-05-15 00:00:00-04:00,13.060544616514496,13.084436404049478,12.797741029486392,12.853487014770508,291400,0.0,0.0
2017-05-16 00:00:00-04:00,12.94905225208024,13.18796404430648,12.933124394208054,13.06850814819336,351000,0.0,0.0
2017-05-17 00:00:00-04:00,13.076472734222465,13.124254791275936,13.004798889160156,13.004798889160156,185100,0.0,0.0
2017-05-18 00:00:00-04:00,12.988871934900429,13.156111424678743,12.781814314632392,13.092401504516602,207500,0.0,0.0
2017-05-19 00:00:00-04:00,13.124255589150629,13.211857298211148,13.020727539413533,13.140183448791504,160200,0.0,0.0
2017-05-22 00:00:00-04:00,13.172037388206475,13.18796372673101,13.052579976005841,13.108325958251953,224200,0.0,0.0
2017-05-23 00:00:00-04:00,13.108327345120198,13.203892981198782,12.964981169448706,13.020727157592773,201700,0.0,0.0
2017-05-24 00:00:00-04:00,13.060542859900236,13.67375165347864,13.060542859900236,13.57818603515625,378100,0.0,0.0
2017-05-25 00:00:00-04:00,13.578189711989447,13.737465279335613,13.458733795962013,13.610045433044434,417200,0.0,0.0
2017-05-26 00:00:00-04:00,13.641898112733829,13.785245803555263,13.530406139412364,13.729499816894531,314100,0.0,0.0
2017-05-30 00:00:00-04:00,13.729500430350956,13.872848127577399,13.68968230066107,13.753392219543457,341700,0.0,0.0
2017-05-31 00:00:00-04:00,13.825064708892517,14.01619444674803,13.28352969215317,13.299457550048828,1826100,0.0,0.0
2017-06-01 00:00:00-04:00,13.28353033548695,13.594115984673591,13.187964702448795,13.570225715637207,369900,0.0,0.0
2017-06-02 00:00:00-04:00,13.594115785603467,14.255106720964953,13.594115785603467,14.247142791748047,409000,0.0,0.0
2017-06-05 00:00:00-04:00,14.21529066910936,14.21529066910936,13.960450972821464,14.111761093139648,196800,0.0,0.0
2017-06-06 00:00:00-04:00,14.095832493475086,14.103794903614808,13.856919177251005,13.904701232910156,229800,0.0,0.0
2017-06-07 00:00:00-04:00,13.928594452732517,13.968414102347266,13.777282822125105,13.960450172424316,137500,0.0,0.0
2017-06-08 00:00:00-04:00,14.00027089094604,14.15158254952256,13.761359024953302,13.896742820739746,248600,0.0,0.0
2017-06-09 00:00:00-04:00,13.833027116035492,14.000265048649263,13.76931721042587,13.856917381286621,166800,0.0,0.0
2017-06-12 00:00:00-04:00,13.825066498955035,13.840992839948695,13.721536928192426,13.785246849060059,168900,0.0,0.0
2017-06-13 00:00:00-04:00,13.777282079615322,13.777282079615322,13.625971976126902,13.73746395111084,138700,0.0,0.0
2017-06-14 00:00:00-04:00,13.657828153871236,13.864885793814182,13.641900292576134,13.793211936950684,175300,0.0,0.0
2017-06-15 00:00:00-04:00,13.705609019704129,13.920630571482638,13.673754818865271,13.872848510742188,228000,0.0,0.0
2017-06-16 00:00:00-04:00,13.817099259892094,13.872845237430019,13.68171552060115,13.856917381286621,331700,0.0,0.0
2017-06-19 00:00:00-04:00,13.856920650840596,13.93655843138423,13.809138590100147,13.872848510742188,209800,0.0,0.0
2017-06-20 00:00:00-04:00,13.888776399558049,13.920630600463223,13.697646637234024,13.769320487976074,133000,0.0,0.0
2017-06-21 00:00:00-04:00,13.729502252587753,13.817103972289509,13.586154536335604,13.697648048400879,163700,0.0,0.0
2017-06-22 00:00:00-04:00,13.753389908961337,13.801171960354628,13.554296256031256,13.633934020996094,119300,0.0,0.0
2017-06-23 00:00:00-04:00,13.633935091012704,13.793209114478474,13.625971161994794,13.705607414245605,614100,0.0,0.0
2017-06-26 00:00:00-04:00,13.793210349233345,13.793210349233345,13.673754441199403,13.753392219543457,115600,0.0,0.0
2017-06-27 00:00:00-04:00,13.705608141977725,13.705608141977725,13.474660264052176,13.681717872619629,181200,0.0,0.0
2017-06-28 00:00:00-04:00,13.729499406736066,13.777281462594352,13.562261451749977,13.713571548461914,111600,0.0,0.0
2017-06-29 00:00:00-04:00,13.657823797264246,13.657823797264246,13.323346411581841,13.57818603515625,182600,0.0,0.0
2017-06-30 00:00:00-04:00,13.570223626013027,13.610041747585038,13.450766223369046,13.57818603515625,156800,0.0,0.0
2017-07-03 00:00:00-04:00,13.570226795684675,13.769320487976074,13.458733295105748,13.769320487976074,110200,0.0,0.0
2017-07-05 00:00:00-04:00,13.76932015230632,13.76932015230632,13.450769037234286,13.562262535095215,86800,0.0,0.0
2017-07-06 00:00:00-04:00,13.546335234542438,13.546335234542438,13.275567686936478,13.315385818481445,86000,0.0,0.0
2017-07-07 00:00:00-04:00,13.339277608787036,13.498553172895607,13.23574955539151,13.315385818481445,106800,0.0,0.0
2017-07-10 00:00:00-04:00,13.307418564721663,13.371129989624023,13.187962680957687,13.371129989624023,190400,0.0,0.0
2017-07-11 00:00:00-04:00,13.379093676195316,13.46669537483621,13.195927869004466,13.450767517089844,119300,0.0,0.0
2017-07-12 00:00:00-04:00,13.482624687987956,13.63393631498379,13.410950839356468,13.522442817687988,116800,0.0,0.0
2017-07-13 00:00:00-04:00,13.482622929749905,13.514477125563042,13.2516735545073,13.387057304382324,97900,0.0,0.0
2017-07-14 00:00:00-04:00,13.363166645039234,13.466694677098369,12.76588568117397,13.16407299041748,274300,0.0,0.0
2017-07-17 00:00:00-04:00,13.156109809875488,13.219819722217768,13.08443596861991,13.156109809875488,138700,0.0,0.0
2017-07-18 00:00:00-04:00,13.140184689558302,13.259640610215943,13.140184689558302,13.20389461517334,116200,0.0,0.0
2017-07-19 00:00:00-04:00,13.22778245547355,13.339274412253761,13.19592674269978,13.235746383666992,142400,0.0,0.0
2017-07-20 00:00:00-04:00,13.315384246323603,13.355203892131385,13.124254503338767,13.172038078308105,92000,0.0,0.0
2017-07-21 00:00:00-04:00,13.275568471360813,13.283532401933249,13.10036655566057,13.20389461517334,181700,0.0,0.0
2017-07-24 00:00:00-04:00,13.124256169033572,13.29945959489581,13.116292238861256,13.267603874206543,146600,0.0,0.0
2017-07-25 00:00:00-04:00,13.267602574962163,13.267602574962163,13.052581038258927,13.060544967651367,96400,0.0,0.0
2017-07-26 00:00:00-04:00,13.060544589010489,13.211856205151715,13.020726462166879,13.172038078308105,179900,0.0,0.0
2017-07-27 00:00:00-04:00,13.164075191102619,13.371132808799485,13.14018340172688,13.227785110473633,246300,0.0,0.0
2017-07-28 00:00:00-04:00,13.227786406890646,13.283532401933249,13.148148620130737,13.20389461517334,134400,0.0,0.0
2017-07-31 00:00:00-04:00,13.235747992636384,13.243710402833768,13.044616730687375,13.172038078308105,62600,0.0,0.0
2017-08-01 00:00:00-04:00,13.211858052033445,13.23574984285794,12.949054428821533,13.132220268249512,86200,0.0,0.0
2017-08-02 00:00:00-04:00,13.036656984551776,13.084439050321283,12.80570754856427,12.933127403259277,112500,0.0,0.0
2017-08-03 00:00:00-04:00,12.941088676452637,12.972944393066708,12.893306620495704,12.941088676452637,205200,0.0,0.0
2017-08-04 00:00:00-04:00,12.957018843285622,13.379096530873586,12.949054912713187,13.20389461517334,235700,0.0,0.0
2017-08-07 00:00:00-04:00,13.203892934506559,13.203892934506559,12.781813781678794,12.877379417419434,118500,0.0,0.0
2017-08-08 00:00:00-04:00,12.805706358051326,12.845524489330048,12.471228890831298,12.53493881225586,176300,0.0,0.0
2017-08-09 00:00:00-04:00,12.558830642697703,12.558830642697703,12.29602626662545,12.439373970031738,193000,0.0,0.0
2017-08-10 00:00:00-04:00,12.375663757324219,12.407518717389472,12.30398990730686,12.375663757324219,179100,0.0,0.0
2017-08-11 00:00:00-04:00,12.053380341497503,12.399834700590251,12.053380341497503,12.351491928100586,178400,0.18,0.0
2017-08-14 00:00:00-04:00,12.367605635518222,12.4562331495259,11.481327421912432,12.432062149047852,184200,0.0,0.0
2017-08-15 00:00:00-04:00,12.432064258192844,12.4642925204253,12.278979436301885,12.359550476074219,111400,0.0,0.0
2017-08-16 00:00:00-04:00,12.35954786407338,12.45623263033791,12.198406586965831,12.238691329956055,142600,0.0,0.0
2017-08-17 00:00:00-04:00,12.254806000761674,12.335377024551294,12.125892977404064,12.133950233459473,126300,0.0,0.0
2017-08-18 00:00:00-04:00,12.053380574935607,12.222579129352857,11.972809542019846,12.198408126831055,157600,0.0,0.0
2017-08-21 00:00:00-04:00,12.190350338588063,12.577089435611457,12.190350338588063,12.552918434143066,198200,0.0,0.0
2017-08-22 00:00:00-04:00,12.641546503336976,12.673774762828389,12.55291898183117,12.593204498291016,177500,0.0,0.0
2017-08-23 00:00:00-04:00,12.544861130877432,12.746287935257005,12.504576384707342,12.706003189086914,148900,0.0,0.0
2017-08-24 00:00:00-04:00,12.730175707359306,12.786574973423644,12.657661926200946,12.673775672912598,105300,0.0,0.0
2017-08-25 00:00:00-04:00,12.689888125268638,12.74628738216529,12.569032355238026,12.665717124938965,101900,0.0,0.0
2017-08-28 00:00:00-04:00,12.689887446991348,12.73823021344901,12.585145426651588,12.649601936340332,86400,0.0,0.0
2017-08-29 00:00:00-04:00,12.536805840610578,12.738232664237222,12.448177546450149,12.480405807495117,130700,0.0,0.0
2017-08-30 00:00:00-04:00,12.472349175721224,12.714061529873376,12.39983616101973,12.681833267211914,122100,0.0,0.0
2017-08-31 00:00:00-04:00,12.649604469341247,12.786574771952793,12.64154721192119,12.746289253234863,321200,0.0,0.0
2017-09-01 00:00:00-04:00,12.802688112648976,13.100799694409849,12.802688112648976,13.004114151000977,227800,0.0,0.0
2017-09-05 00:00:00-04:00,13.020228020099328,13.052457045229062,12.842972223797043,12.97994327545166,132800,0.0,0.0
2017-09-06 00:00:00-04:00,13.01217098229866,13.084684753293608,12.891315209561922,12.939657211303711,143300,0.0,0.0
2017-09-07 00:00:00-04:00,12.955772035721616,13.020228551849005,12.867144518142027,12.915487289428711,167700,0.0,0.0
2017-09-08 00:00:00-04:00,12.963831004073494,13.028287528711703,12.91548899478603,12.98800277709961,168100,0.0,0.0
2017-09-11 00:00:00-04:00,12.996058498010214,13.044402044062446,12.971888261748866,12.98800277709961,210200,0.0,0.0
2017-09-12 00:00:00-04:00,12.97994470598951,12.97994470598951,12.657661334613124,12.891316413879395,210500,0.0,0.0
2017-09-13 00:00:00-04:00,12.899373869737838,12.915488384326919,12.802689087350394,12.818802833557129,121000,0.0,0.0
2017-09-14 00:00:00-04:00,12.810744132963018,12.83491590212337,12.722116617855177,12.802687644958496,101800,0.0,0.0
2017-09-15 00:00:00-04:00,12.810745775830606,12.826860290670721,12.673775473219061,12.746289253234863,499100,0.0,0.0
2017-09-18 00:00:00-04:00,12.746288129168574,12.786573644333815,12.633489608764648,12.633489608764648,135200,0.0,0.0
2017-09-19 00:00:00-04:00,12.649605180487885,12.649605180487885,12.311208033644743,12.367608070373535,299900,0.0,0.0
2017-09-20 00:00:00-04:00,12.40789020581487,12.432061974335474,12.238691668081836,12.246748924255371,166100,0.0,0.0
2017-09-21 00:00:00-04:00,12.278978589459644,12.351492366577222,12.07755177230296,12.125894546508789,157500,0.0,0.0
2017-09-22 00:00:00-04:00,12.166177933734419,12.278976439830306,12.045321403568861,12.093664169311523,129800,0.0,0.0
2017-09-25 00:00:00-04:00,12.16618096940564,12.327322281451716,12.16618096940564,12.206465721130371,159600,0.0,0.0
2017-09-26 00:00:00-04:00,12.230634903596888,12.367605181919343,12.198406648014089,12.262863159179688,108500,0.0,0.0
2017-09-27 00:00:00-04:00,12.24674916021475,12.432062213865297,12.18229264634906,12.383719444274902,159400,0.0,0.0
2017-09-28 00:00:00-04:00,12.375661601017688,12.4965181350708,12.335376858048868,12.4965181350708,97500,0.0,0.0
2017-09-29 00:00:00-04:00,12.504577508716878,12.625433294855174,12.472348479472158,12.528748512268066,141800,0.0,0.0
2017-10-02 00:00:00-04:00,12.544861514775386,12.60126154422757,12.488462253705505,12.560976028442383,150300,0.0,0.0
2017-10-03 00:00:00-04:00,12.54486132172466,12.649603353801371,12.536804833397445,12.633489608764648,132200,0.0,0.0
2017-10-04 00:00:00-04:00,12.64960450020483,12.64960450020483,12.359550147816286,12.4562349319458,113700,0.0,0.0
2017-10-05 00:00:00-04:00,12.472347404738716,12.617374950313632,12.464290916504108,12.552918434143066,102900,0.0,0.0
2017-10-06 00:00:00-04:00,12.536806800263626,12.585148811340332,12.359550966756744,12.585148811340332,74400,0.0,0.0
2017-10-09 00:00:00-04:00,12.609317187376675,12.826858497003798,12.609317187376675,12.722116470336914,75100,0.0,0.0
2017-10-10 00:00:00-04:00,12.794629649906932,12.859086160515453,12.65765937276827,12.834915161132812,104400,0.0,0.0
2017-10-11 00:00:00-04:00,12.802689087350394,12.939658619445845,12.794631830055854,12.818802833557129,140800,0.0,0.0
2017-10-12 00:00:00-04:00,12.794631088702273,12.915487635970601,12.714060057190055,12.851030349731445,77600,0.0,0.0
2017-10-13 00:00:00-04:00,12.84297417448654,12.859088689499004,12.754346647065095,12.826860427856445,91900,0.0,0.0
2017-10-16 00:00:00-04:00,12.802690037110636,12.875203052993795,12.68989073176616,12.714061737060547,138200,0.0,0.0
2017-10-17 00:00:00-04:00,12.714057733005674,12.746285986042638,12.577087465503038,12.601259231567383,85900,0.0,0.0
2017-10-18 00:00:00-04:00,12.585148145042586,12.746289454070958,12.560977140783923,12.673775672912598,79600,0.0,0.0
2017-10-19 00:00:00-04:00,12.714059443048763,12.714059443048763,12.528747155257228,12.569032669067383,61300,0.0,0.0
2017-10-20 00:00:00-04:00,12.641548080390624,12.641548080390624,12.504578536751685,12.585148811340332,70500,0.0,0.0
2017-10-23 00:00:00-04:00,12.593205153558,12.593205153558,12.375663814384815,12.399835586547852,70500,0.0,0.0
2017-10-24 00:00:00-04:00,12.415947118965468,12.480403629808487,12.174234819113035,12.238691329956055,110000,0.0,0.0
2017-10-25 00:00:00-04:00,12.222578024504665,12.246749024841554,12.109778742295443,12.117835998535156,71200,0.0,0.0
2017-10-26 00:00:00-04:00,12.166179793703158,12.166179793703158,12.005037728846974,12.069494247436523,83100,0.0,0.0
2017-10-27 00:00:00-04:00,12.101722717285156,12.166179232903584,12.021151688570983,12.101722717285156,114900,0.0,0.0
2017-10-30 00:00:00-04:00,12.085609344719431,12.085609344719431,11.876125264999198,11.924468040466309,130200,0.0,0.0
2017-10-31 00:00:00-04:00,11.964750875871085,12.109777632989607,11.900294368622369,12.037263870239258,191200,0.0,0.0
2017-11-01 00:00:00-04:00,12.117835694555412,12.198406718166884,11.980865415445244,12.029208183288574,99100,0.0,0.0
2017-11-02 00:00:00-04:00,12.045325276934662,12.190352852416375,11.988926005750637,12.150067329406738,79600,0.0,0.0
2017-11-03 00:00:00-04:00,12.045322362288907,12.415947701207747,11.956694847819149,12.383719444274902,104100,0.0,0.0
2017-11-06 00:00:00-05:00,12.383719695364581,12.383719695364581,12.262863921511531,12.33537769317627,93500,0.0,0.0
2017-11-07 00:00:00-05:00,12.319264748707575,12.504577829709955,12.287036487017906,12.327322006225586,91700,0.0,0.0
2017-11-08 00:00:00-05:00,12.254807403518141,12.375663184654197,12.198408141438957,12.303150177001953,66500,0.0,0.0
2017-11-09 00:00:00-05:00,12.230637760061674,12.424007338719925,12.230637760061674,12.367608070373535,89800,0.0,0.0
2017-11-10 00:00:00-05:00,12.28703622184156,12.399835519512179,12.254807960847433,12.27092170715332,103200,0.0,0.0
2017-11-13 00:00:00-05:00,12.295092846402115,12.319263848808127,12.150065295201408,12.174236297607422,105700,0.0,0.0
2017-11-14 00:00:00-05:00,12.125310874127177,12.321011738748783,12.109002857565097,12.288394927978516,81400,0.18,0.0
2017-11-15 00:00:00-05:00,12.263932051388778,12.280240844981364,12.043768781411446,12.133464813232422,592900,0.0,0.0
2017-11-16 00:00:00-05:00,12.133464225594663,12.459632305188858,12.133464225594663,12.39439868927002,195000,0.0,0.0
2017-11-17 00:00:00-05:00,12.337319469752545,12.451478686433536,12.296548265391761,12.39439868927002,68200,0.0,0.0
2017-11-20 00:00:00-05:00,12.369938016946783,12.427017244489695,12.255778784214808,12.263933181762695,93700,0.0,0.0
2017-11-21 00:00:00-05:00,12.378091295074563,12.728721803816596,12.353628104643244,12.712413787841797,135100,0.0,0.0
2017-11-22 00:00:00-05:00,12.679797098867065,12.834726751508843,12.549329859243231,12.590100288391113,120100,0.0,0.0
2017-11-24 00:00:00-05:00,12.606409082167136,12.712413908773023,12.565637875373167,12.590100288391113,30200,0.0,0.0
2017-11-27 00:00:00-05:00,12.590100533024636,12.908115019021512,12.573792516577825,12.810264587402344,323400,0.0,0.0
2017-11-28 00:00:00-05:00,12.859191963250398,12.883654380113098,12.59825666534548,12.663490295410156,163700,0.0,0.0
2017-11-29 00:00:00-05:00,12.663488654775211,12.802110295114893,12.622717446855402,12.720568656921387,138600,0.0,0.0
2017-11-30 00:00:00-05:00,12.720571102784776,12.769495939578741,12.35363093859874,12.549332618713379,204900,0.0,0.0
2017-12-01 00:00:00-05:00,12.549330908702931,12.565638926196652,12.353629255255202,12.516714096069336,109700,0.0,0.0
2017-12-04 00:00:00-05:00,12.57379277937079,12.704260024256454,12.410708723263708,12.418862342834473,152900,0.0,0.0
2017-12-05 00:00:00-05:00,12.500405056101394,12.630872304080498,12.312858581542969,12.312858581542969,126600,0.0,0.0
2017-12-06 00:00:00-05:00,12.353628934301168,12.45963376701783,12.223161687156395,12.239470481872559,143500,0.0,0.0
2017-12-07 00:00:00-05:00,12.215006828308105,12.378091658723763,12.109002777242473,12.215006828308105,211700,0.0,0.0
2017-12-08 00:00:00-05:00,12.206855384304962,12.402556282504557,12.157929770931942,12.255780220031738,149700,0.0,0.0
2017-12-11 00:00:00-05:00,12.27208671671778,12.402553957728967,12.27208671671778,12.321011543273926,103500,0.0,0.0
2017-12-12 00:00:00-05:00,12.329166349112583,12.337320746357726,12.051923063946727,12.109003067016602,159700,0.0,0.0
2017-12-13 00:00:00-05:00,12.092692832819871,12.378090481252595,12.092692832819871,12.280240058898926,155400,0.0,0.0
2017-12-14 00:00:00-05:00,12.247626651518539,12.280243468024537,12.092696189880371,12.092696189880371,82300,0.0,0.0
2017-12-15 00:00:00-05:00,12.068230340088746,12.198697569011973,12.002996725627133,12.043767929077148,265800,0.0,0.0
2017-12-18 00:00:00-05:00,12.043767737660147,12.255776592467823,12.043767737660147,12.076384544372559,351400,0.0,0.0
2017-12-19 00:00:00-05:00,12.076389277299869,12.09269729822444,11.497440148020742,11.513748168945312,163100,0.0,0.0
2017-12-20 00:00:00-05:00,11.53005453106044,11.782834634322825,11.43220409325118,11.701292991638184,220200,0.0,0.0
2017-12-21 00:00:00-05:00,11.782836979384133,11.782836979384133,11.521902426627333,11.619752883911133,158700,0.0,0.0
2017-12-22 00:00:00-05:00,11.660523360496047,11.660523360496047,11.538209713436613,11.570826530456543,100500,0.0,0.0
2017-12-26 00:00:00-05:00,11.668674647599659,12.00299712731525,11.668674647599659,11.945917129516602,348900,0.0,0.0
2017-12-27 00:00:00-05:00,12.019306351308174,12.223161618233942,11.954072728103618,12.149773597717285,651900,0.0,0.0
2017-12-28 00:00:00-05:00,12.17423705426593,12.263933093710245,12.11715704948669,12.206853866577148,161100,0.0,0.0
2017-12-29 00:00:00-05:00,12.231316015546042,12.312858433374801,12.109003166449034,12.149773597717285,257100,0.0,0.0
2018-01-02 00:00:00-05:00,12.198699059295974,12.198699059295974,11.856222152709961,11.856222152709961,195400,0.0,0.0
2018-01-03 00:00:00-05:00,11.839913881883332,11.962226726905605,11.587133017152235,11.652366638183594,175800,0.0,0.0
2018-01-04 00:00:00-05:00,11.660523360496047,11.709448197202814,11.54636411210316,11.570826530456543,134700,0.0,0.0
2018-01-05 00:00:00-05:00,11.660521221238518,11.693138032274517,11.570824407654932,11.636058807373047,101000,0.0,0.0
2018-01-08 00:00:00-05:00,11.59528751851176,11.636058726434692,11.497437086084393,11.562670707702637,113100,0.0,0.0
2018-01-09 00:00:00-05:00,11.562670823338122,11.595287634473438,11.456665992736816,11.456665992736816,129400,0.0,0.0
2018-01-10 00:00:00-05:00,11.415896345541919,11.415896345541919,11.236503470942461,11.342508316040039,189800,0.0,0.0
2018-01-11 00:00:00-05:00,11.252810456628724,11.51374493940167,11.252810456628724,11.415894508361816,116500,0.0,0.0
2018-01-12 00:00:00-05:00,11.40774107523844,11.513745912233146,11.334353051346245,11.39958667755127,114900,0.0,0.0
2018-01-16 00:00:00-05:00,11.415894508361816,11.627904164437885,11.399585714365458,11.415894508361816,178100,0.0,0.0
2018-01-17 00:00:00-05:00,11.415895298126559,11.758372219282048,11.399586503001938,11.701292991638184,224900,0.0,0.0
2018-01-18 00:00:00-05:00,11.668677609457106,11.742064863575722,11.440359115600586,11.440359115600586,200300,0.0,0.0
2018-01-19 00:00:00-05:00,11.42404926106854,11.58713331787955,11.415894863816458,11.530054092407227,116600,0.0,0.0
2018-01-22 00:00:00-05:00,11.530055006492837,11.750218306230389,11.530055006492837,11.69313907623291,133300,0.0,0.0
2018-01-23 00:00:00-05:00,11.684982579655825,11.91330023628499,11.587132155386184,11.725753784179688,201300,0.0,0.0
2018-01-24 00:00:00-05:00,11.676827910044185,11.709444717371,11.497435858569716,11.52189826965332,194000,0.0,0.0
2018-01-25 00:00:00-05:00,11.538208479097886,11.570825292628523,11.440358038505973,11.54636287689209,116500,0.0,0.0
2018-01-26 00:00:00-05:00,11.554517225293637,11.554517225293637,11.293582718163968,11.326199531555176,175700,0.0,0.0
2018-01-29 00:00:00-05:00,11.260964738938926,11.277272755123095,10.820637414921068,10.926641464233398,272600,0.0,0.0
2018-01-30 00:00:00-05:00,10.894024654218967,11.016338275007652,10.820637414921068,10.926641464233398,146300,0.0,0.0
2018-01-31 00:00:00-05:00,10.926641649884106,11.008184065128685,10.804328804663339,10.910333633422852,249800,0.0,0.0
2018-02-01 00:00:00-05:00,10.902180982031146,10.902180982031146,10.494470395817656,10.527087211608887,361400,0.0,0.0
2018-02-02 00:00:00-05:00,10.412926582829149,10.616781833603602,10.282458569110801,10.486313819885254,205200,0.0,0.0
2018-02-05 00:00:00-05:00,10.429236026364297,10.592320093782211,10.037834264561305,10.078604698181152,285300,0.0,0.0
2018-02-06 00:00:00-05:00,10.029678606190704,10.28245868450606,9.988907400049044,10.23353385925293,324800,0.0,0.0
2018-02-07 00:00:00-05:00,10.209071650233186,10.3558469065659,10.135683633243783,10.184608459472656,222400,0.0,0.0
2018-02-08 00:00:00-05:00,10.209072043163877,10.502623344773713,10.070450400769925,10.119375228881836,263000,0.0,0.0
2018-02-09 00:00:00-05:00,10.200918087593354,10.347693355930058,10.00521721138031,10.290614128112793,217300,0.0,0.0
2018-02-12 00:00:00-05:00,10.298767987848885,10.298767987848885,9.727973406547392,10.062295913696289,270700,0.0,0.0
2018-02-13 00:00:00-05:00,10.013369921380367,10.184608366917438,9.866594666381511,10.12752914428711,147600,0.0,0.0
2018-02-14 00:00:00-05:00,10.044788841409268,10.160626095707057,9.887580011887819,10.144078254699707,281500,0.18,0.0
2018-02-15 00:00:00-05:00,10.135802729992946,10.168899197139847,9.995142547348115,10.036513328552246,306800,0.0,0.0
2018-02-16 00:00:00-05:00,10.003417891135397,10.177174558813261,10.003417891135397,10.061336517333984,241600,0.0,0.0
2018-02-20 00:00:00-05:00,10.069611312443026,10.268190145235536,10.069611312443026,10.077885627746582,180900,0.0,0.0
2018-02-21 00:00:00-05:00,10.1109813679191,10.226818617454578,9.912401760420135,9.95377254486084,265200,0.0,0.0
2018-02-22 00:00:00-05:00,9.96204695065546,10.144077930409749,9.862757540539143,10.094432830810547,166900,0.0,0.0
2018-02-23 00:00:00-05:00,10.110981783602893,10.218545511938066,10.053062367371885,10.144078254699707,172500,0.0,0.0
2018-02-26 00:00:00-05:00,10.16889914697846,10.235092080945742,10.102706213011178,10.210269927978516,115200,0.0,0.0
2018-02-27 00:00:00-05:00,10.210270676190714,10.268189300385878,9.70554853135145,9.730371475219727,232000,0.0,0.0
2018-02-28 00:00:00-05:00,9.788289688298677,9.895853406630557,9.655903816223145,9.655903816223145,191500,0.0,0.0
2018-03-01 00:00:00-05:00,9.680726622199797,9.986869169271143,9.639355837118352,9.837935447692871,183200,0.0,0.0
2018-03-02 00:00:00-05:00,9.788289633586544,9.912401190693117,9.689000230084877,9.829660415649414,116200,0.0,0.0
2018-03-05 00:00:00-05:00,9.83793407999954,9.895852697612321,9.746918207657188,9.763466835021973,121100,0.0,0.0
2018-03-06 00:00:00-05:00,9.813114166259766,9.871033590822446,9.680728262828882,9.813114166259766,187900,0.0,0.0
2018-03-07 00:00:00-05:00,9.780015970901168,10.094432830810547,9.780015970901168,10.094432830810547,180200,0.0,0.0
2018-03-08 00:00:00-05:00,10.094434028559762,10.094434028559762,9.871033026561056,10.003418922424316,98700,0.0,0.0
2018-03-09 00:00:00-05:00,10.003417267682325,10.119254512860058,9.415954360154219,10.110980987548828,302600,0.0,0.0
2018-03-12 00:00:00-04:00,10.16062634382946,10.739814996708532,10.135804187171221,10.648799896240234,423400,0.0,0.0
2018-03-13 00:00:00-04:00,10.690170683392054,10.847378727670408,10.599155582923759,10.648799896240234,343300,0.0,0.0
2018-03-14 00:00:00-04:00,10.681895644470412,10.706717799447004,10.508138981470108,10.557784080505371,214100,0.0,0.0
2018-03-15 00:00:00-04:00,10.557785354539863,10.607429670483752,10.408850828543848,10.491592407226562,152600,0.0,0.0
2018-03-16 00:00:00-04:00,10.508138831717565,10.764637059760567,10.466768047958103,10.67362117767334,299900,0.0,0.0
2018-03-19 00:00:00-04:00,10.673622052898473,10.673622052898473,10.384028121000004,10.648799896240234,159500,0.0,0.0
2018-03-20 00:00:00-04:00,10.690169232234636,10.706717071399765,10.400574550565615,10.549509048461914,225100,0.0,0.0
2018-03-21 00:00:00-04:00,10.55778566554396,10.698445879998742,10.508140559055484,10.623978614807129,216800,0.0,0.0
2018-03-22 00:00:00-04:00,10.566058319491844,10.839104389524378,10.566058319491844,10.615702629089355,215700,0.0,0.0
2018-03-23 00:00:00-04:00,10.590881903540598,10.690171325216902,10.516414640012826,10.63225269317627,299300,0.0,0.0
2018-03-26 00:00:00-04:00,10.690171159203059,10.797734894952512,10.599156054683753,10.748089790344238,209700,0.0,0.0
2018-03-27 00:00:00-04:00,10.764638029033925,11.095602750746318,10.599155668177728,10.905298233032227,257000,0.0,0.0
2018-03-28 00:00:00-04:00,10.963218114476543,11.252812870869192,10.954943798217958,11.120426177978516,179500,0.0,0.0
2018-03-29 00:00:00-04:00,11.170069290378116,11.219714389975914,11.021134780666806,11.095602035522461,175700,0.0,0.0
2018-04-02 00:00:00-04:00,11.079054500708809,11.12042449758591,10.7315411611828,10.830830574035645,163700,0.0,0.0
2018-04-03 00:00:00-04:00,10.83083041907369,11.004587086350673,10.665348066686587,10.946667671203613,177700,0.0,0.0
2018-04-04 00:00:00-04:00,10.872200175943089,11.070778980022281,10.830829394489419,10.921844482421875,180900,0.0,0.0
2018-04-05 00:00:00-04:00,10.95494190366309,10.95494190366309,10.764637397120392,10.839104652404785,131500,0.0,0.0
2018-04-06 00:00:00-04:00,10.839104968087973,10.979765167925791,10.814282022882157,10.855652809143066,369400,0.0,0.0
2018-04-09 00:00:00-04:00,10.9052960779364,10.979763322876066,10.797732367365992,10.880473136901855,120800,0.0,0.0
2018-04-10 00:00:00-04:00,10.897023278033938,10.905297592861558,10.772911711948012,10.839104652404785,208900,0.0,0.0
2018-04-11 00:00:00-04:00,10.78946018589182,10.9963133342326,10.681896454064757,10.905298233032227,143400,0.0,0.0
2018-04-12 00:00:00-04:00,10.979763322876066,10.979763322876066,10.756361588057068,10.880473136901855,209900,0.0,0.0
2018-04-13 00:00:00-04:00,10.897023516791336,10.946667828680592,10.7894597889218,10.91357135772705,142400,0.0,0.0
2018-04-16 00:00:00-04:00,10.921845044359664,11.037683080573498,10.880474260777431,10.963215827941895,178700,0.0,0.0
2018-04-17 00:00:00-04:00,10.963215921955046,11.1866176817656,10.921845138018046,11.103876113891602,233300,0.0,0.0
2018-04-18 00:00:00-04:00,11.120424030004571,11.145246973985632,11.029408935986911,11.045957565307617,95400,0.0,0.0
2018-04-19 00:00:00-04:00,11.037683080573498,11.037683080573498,10.872200735326636,10.963215827941895,96300,0.0,0.0
2018-04-20 00:00:00-04:00,10.954943188226238,10.954943188226238,10.70671923786586,10.739815711975098,100100,0.0,0.0
2018-04-23 00:00:00-04:00,10.764636192782909,10.847376964555869,10.690168945829843,10.731539726257324,87900,0.0,0.0
2018-04-24 00:00:00-04:00,10.756364513333466,10.756364513333466,10.599156456103989,10.623978614807129,170200,0.0,0.0
2018-04-25 00:00:00-04:00,10.632252374330225,10.748089634937694,10.566059428531055,10.698445320129395,109400,0.0,0.0
2018-04-26 00:00:00-04:00,10.698446500217884,10.855654566561155,10.67362355099349,10.806010246276855,153300,0.0,0.0
2018-04-27 00:00:00-04:00,10.797735043300118,11.170070571190015,10.797735043300118,11.145248413085938,155600,0.0,0.0
2018-04-30 00:00:00-04:00,11.128697090618164,11.252809429291533,11.087326311060373,11.194890022277832,149500,0.0,0.0
2018-05-01 00:00:00-04:00,11.211441276097144,11.385197959678065,11.112151855348356,11.319005012512207,157800,0.0,0.0
2018-05-02 00:00:00-04:00,11.335553245585448,11.476213460433069,11.252812453316507,11.36037540435791,97700,0.0,0.0
2018-05-03 00:00:00-04:00,11.368648772050292,11.459664661761352,11.335552300086853,11.393471717834473,86000,0.0,0.0
2018-05-04 00:00:00-04:00,11.393471248200916,11.625146542395445,11.393471248200916,11.575501441955566,81100,0.0,0.0
2018-05-07 00:00:00-04:00,11.658244687055454,11.74098548089358,11.600326052460545,11.699615478515625,149000,0.0,0.0
2018-05-08 00:00:00-04:00,11.691338620384768,11.790628024851566,11.674789991765946,11.716160774230957,299900,0.0,0.0
2018-05-09 00:00:00-04:00,11.724435106135608,11.848546664634855,11.558952765109265,11.831998825073242,128300,0.0,0.0
2018-05-10 00:00:00-04:00,11.62514625274283,11.906466640367848,11.583775468254078,11.873370170593262,175500,0.0,0.0
2018-05-11 00:00:00-04:00,11.823724493007166,11.865095275472177,11.666516466538578,11.716160774230957,129700,0.0,0.0
2018-05-14 00:00:00-04:00,11.707780834209318,11.774826042197933,11.4312191514458,11.640735626220703,142800,0.18,0.0
2018-05-15 00:00:00-04:00,11.707782711093698,11.707782711093698,11.531788812099373,11.665879249572754,242700,0.0,0.0
2018-05-16 00:00:00-04:00,11.665877381306277,11.774826044116004,11.640735628116932,11.6742582321167,147800,0.0,0.0
2018-05-17 00:00:00-04:00,11.674259148839244,11.758065265798589,11.531787870842175,11.598833084106445,132100,0.0,0.0
2018-05-18 00:00:00-04:00,11.665877381306277,11.774826044116004,11.556928718496549,11.6742582321167,166300,0.0,0.0
2018-05-21 00:00:00-04:00,11.66587743426473,12.009484326632673,11.582070524263896,11.950819969177246,150700,0.0,0.0
2018-05-22 00:00:00-04:00,11.94243817410608,12.034625128424741,11.808347768100079,12.017864227294922,178800,0.0,0.0
2018-05-23 00:00:00-04:00,12.017866233929222,12.49556358489764,12.009485382344023,12.478802680969238,269100,0.0,0.0
2018-05-24 00:00:00-04:00,12.478803514516834,12.58775219467589,12.336332225019763,12.520706176757812,216000,0.0,0.0
2018-05-25 00:00:00-04:00,12.529085159301758,12.5626077636375,12.436898197188953,12.529085159301758,182800,0.0,0.0
2018-05-29 00:00:00-04:00,12.487181708699561,12.63803382788727,12.470420806146443,12.629652976989746,284900,0.0,0.0
2018-05-30 00:00:00-04:00,12.570989566487972,12.847551273011348,12.537466959613683,12.696699142456055,462900,0.0,0.0
2018-05-31 00:00:00-04:00,12.688322045900662,12.76374732950656,12.327953338623047,12.327953338623047,877500,0.0,0.0
2018-06-01 00:00:00-04:00,12.41175634461863,12.462039851099675,11.90053563352913,12.110052108764648,302300,0.0,0.0
2018-06-04 00:00:00-04:00,12.143575703094037,12.453660015819745,12.05976958571092,12.286046981811523,255300,0.0,0.0
2018-06-05 00:00:00-04:00,12.311187829961241,12.512324255192507,12.29442692741643,12.495562553405762,430300,0.0,0.0
2018-06-06 00:00:00-04:00,12.445280075073242,12.520705341621337,12.353092306111131,12.445280075073242,193800,0.0,0.0
2018-06-07 00:00:00-04:00,12.453659098180836,12.520704306843946,12.369852986972912,12.495562553405762,180000,0.0,0.0
2018-06-08 00:00:00-04:00,12.487183630231051,12.529087091924858,12.286047973191245,12.294428825378418,142000,0.0,0.0
2018-06-11 00:00:00-04:00,12.286047973191245,12.336332287072224,12.210621901990805,12.294428825378418,180000,0.0,0.0
2018-06-12 00:00:00-04:00,12.294427832418632,12.411757355836757,12.227382618820272,12.31956958770752,212900,0.0,0.0
2018-06-13 00:00:00-04:00,12.311189651489258,12.361473965047479,12.24414443290633,12.311189651489258,208300,0.0,0.0
2018-06-14 00:00:00-04:00,12.311188811698834,12.478802645964661,12.311188811698834,12.369853973388672,154400,0.0,0.0
2018-06-15 00:00:00-04:00,12.353095099825012,12.570992494887857,12.327953338623047,12.327953338623047,428700,0.0,0.0
2018-06-18 00:00:00-04:00,12.327951355756014,12.378235669314234,12.185480066456782,12.311189651489258,169000,0.0,0.0
2018-06-19 00:00:00-04:00,12.277666129398048,12.403376504326465,12.260905225619453,12.31956958770752,332000,0.0,0.0
2018-06-20 00:00:00-04:00,12.33633235503092,12.428519331871493,12.302809745339616,12.378235816955566,138600,0.0,0.0
2018-06-21 00:00:00-04:00,12.378235669314234,12.394996574338942,12.260906137173087,12.311189651489258,129200,0.0,0.0
2018-06-22 00:00:00-04:00,12.27766436637641,12.554226032567037,12.269284315311449,12.512323379516602,454900,0.0,0.0
2018-06-25 00:00:00-04:00,12.45366012621364,12.51232528806804,12.369854008087636,12.478802680969238,296300,0.0,0.0
2018-06-26 00:00:00-04:00,12.495562554966018,12.5626077636375,12.478801652419113,12.529085159301758,337100,0.0,0.0
2018-06-27 00:00:00-04:00,12.529085157737319,12.554226911175501,12.47042079996758,12.495562553405762,132600,0.0,0.0
2018-06-28 00:00:00-04:00,12.487181745798205,12.621272962831174,12.487181745798205,12.604511260986328,424400,0.0,0.0
2018-06-29 00:00:00-04:00,12.587751415872091,12.906215785258814,12.554228009366119,12.864313125610352,436100,0.0,0.0
2018-07-02 00:00:00-04:00,12.89783572879162,12.9984035505517,12.805647959413381,12.96488094329834,165900,0.0,0.0
2018-07-03 00:00:00-04:00,12.948120166239176,13.258204505323812,12.948120166239176,13.199540138244629,94700,0.0,0.0
2018-07-05 00:00:00-04:00,13.182777512487792,13.383913955580484,13.157635756816957,13.375533103942871,153300,0.0,0.0
2018-07-06 00:00:00-04:00,13.409054872502137,13.459338380698528,13.308487056867406,13.434197425842285,146500,0.0,0.0
2018-07-09 00:00:00-04:00,13.43419920504548,13.43419920504548,13.140875771165444,13.199540138244629,227200,0.0,0.0
2018-07-10 00:00:00-04:00,13.199538271720595,13.291725235415035,13.115731359822416,13.274964332580566,286100,0.0,0.0
2018-07-11 00:00:00-04:00,13.25820350402267,13.409055635681527,13.140874778725337,13.325248718261719,149400,0.0,0.0
2018-07-12 00:00:00-04:00,13.308486859487981,13.308486859487981,13.149253887663123,13.25820255279541,152200,0.0,0.0
2018-07-13 00:00:00-04:00,13.241442568826125,13.291726079765711,13.115732192993164,13.115732192993164,95600,0.0,0.0
2018-07-16 00:00:00-04:00,13.09897227552808,13.166017494657781,13.02354620419665,13.157636642456055,116200,0.0,0.0
2018-07-17 00:00:00-04:00,13.224679987938773,13.442578118102007,13.157634778307905,13.300106048583984,365200,0.0,0.0
2018-07-18 00:00:00-04:00,13.283346070025232,13.383913891468834,12.906215740559215,13.023545265197754,176400,0.0,0.0
2018-07-19 00:00:00-04:00,13.048686073519923,13.350390315191467,12.990021715080207,13.25820255279541,142200,0.0,0.0
2018-07-20 00:00:00-04:00,13.258202624510115,13.258202624510115,13.040306092308864,13.07382869720459,85200,0.0,0.0
2018-07-23 00:00:00-04:00,13.073829613958804,13.09059051796099,12.914596630107015,13.031926155090332,73900,0.0,0.0
2018-07-24 00:00:00-04:00,13.048686027526855,13.082208632123098,12.881073004545645,13.048686027526855,204400,0.0,0.0
2018-07-25 00:00:00-04:00,13.040305975809249,13.191157296871369,12.96487991565722,13.048686027526855,83600,0.0,0.0
2018-07-26 00:00:00-04:00,13.040306051318446,13.18277652224599,12.98164089350387,12.99840259552002,56500,0.0,0.0
2018-07-27 00:00:00-04:00,12.990021650503337,12.990021650503337,12.562607843088067,12.57936954498291,121100,0.0,0.0
2018-07-30 00:00:00-04:00,12.570989610958407,12.68831913505447,12.478802641538497,12.503944396972656,94800,0.0,0.0
2018-07-31 00:00:00-04:00,12.537466066122954,12.998402477226977,12.537466066122954,12.939737319946289,160900,0.0,0.0
2018-08-01 00:00:00-04:00,12.805646897784072,12.973259920155213,12.612892121867747,12.8391695022583,140700,0.0,0.0
2018-08-02 00:00:00-04:00,12.805647926617025,12.939738355287046,12.721841808319262,12.822409629821777,83100,0.0,0.0
2018-08-03 00:00:00-04:00,12.855932122569701,12.914596484780215,12.705079992037533,12.763744354248047,67800,0.0,0.0
2018-08-06 00:00:00-04:00,12.797268833615314,12.822410591065218,12.646416690431774,12.755365371704102,53300,0.0,0.0
2018-08-07 00:00:00-04:00,12.755365419592103,13.023546298043406,12.71346195752357,13.00678539276123,130300,0.0,0.0
2018-08-08 00:00:00-04:00,13.031926152403395,13.618572178715027,12.99840354516393,13.098971366882324,204300,0.0,0.0
2018-08-09 00:00:00-04:00,13.182777408227137,13.199539111369797,12.99002261753853,13.082209587097168,170000,0.0,0.0
2018-08-10 00:00:00-04:00,13.023545231541952,13.090590445664429,12.86431304781157,12.881073951721191,83600,0.0,0.0
2018-08-13 00:00:00-04:00,12.88945385550519,13.0570668784864,12.83078949727225,13.048686027526855,134900,0.0,0.0
2018-08-14 00:00:00-04:00,13.057165200125239,13.659152243768302,12.989335833521197,13.438706398010254,200700,0.18,0.0
2018-08-15 00:00:00-04:00,13.336962931637435,13.693067547774053,13.320005992511362,13.616759300231934,217600,0.0,0.0
2018-08-16 00:00:00-04:00,13.616757419730197,13.77785276642484,13.59132241884867,13.769373893737793,120500,0.0,0.0
2018-08-17 00:00:00-04:00,13.777852092720128,13.989819047992746,13.777852092720128,13.930468559265137,151900,0.0,0.0
2018-08-20 00:00:00-04:00,13.989820706919172,14.117000571727948,13.90503359132008,14.040692329406738,128100,0.0,0.0
2018-08-21 00:00:00-04:00,14.049171932871104,14.150916800314008,13.964384812865319,13.989821434020996,114100,0.0,0.0
2018-08-22 00:00:00-04:00,13.998299344088425,14.015257090358162,13.84568286202018,13.913512229919434,111000,0.0,0.0
2018-08-23 00:00:00-04:00,13.879597621489774,13.972861986688054,13.693065656733996,13.769373893737793,139800,0.0,0.0
2018-08-24 00:00:00-04:00,13.7778523024785,13.8032889196831,13.642193578413076,13.667630195617676,106400,0.0,0.0
2018-08-27 00:00:00-04:00,13.735460707702634,13.735460707702634,13.515014049753944,13.60827922821045,131000,0.0,0.0
2018-08-28 00:00:00-04:00,13.582843289004307,13.693065397489898,13.489577308392178,13.684586524963379,99900,0.0,0.0
2018-08-29 00:00:00-04:00,13.71002315735635,13.837203011032393,13.574364431144627,13.642193794250488,137600,0.0,0.0
2018-08-30 00:00:00-04:00,13.701543670461765,13.73545915908376,13.515012525989558,13.540449142456055,103700,0.0,0.0
2018-08-31 00:00:00-04:00,13.515012280106406,13.60827744635083,13.430225985863224,13.531970024108887,134900,0.0,0.0
2018-09-04 00:00:00-04:00,13.54044980696774,13.54044980696774,13.252174608251401,13.303046226501465,118300,0.0,0.0
2018-09-05 00:00:00-04:00,13.260655152646056,13.540451514065815,13.184346907060686,13.523493766784668,117200,0.0,0.0
2018-09-06 00:00:00-04:00,13.540449719908766,13.659151509378704,13.472620356951598,13.489577293395996,130400,0.0,0.0
2018-09-07 00:00:00-04:00,13.455663782794307,13.455663782794307,13.218260991786044,13.269132614135742,78900,0.0,0.0
2018-09-10 00:00:00-04:00,13.303047537169808,13.353919969021815,13.141952985386549,13.201303482055664,83900,0.0,0.0
2018-09-11 00:00:00-04:00,13.226738173144218,13.226738173144218,13.082600580607652,13.124993324279785,89300,0.0,0.0
2018-09-12 00:00:00-04:00,13.124994895328808,13.192825072220886,12.88759210627101,13.184346199035645,252900,0.0,0.0
2018-09-13 00:00:00-04:00,13.226739520603248,13.311525825174776,13.167388217954356,13.252175331115723,93800,0.0,0.0
2018-09-14 00:00:00-04:00,13.209780231986223,13.277609591158726,13.023249089966964,13.226737976074219,206500,0.0,0.0
2018-09-17 00:00:00-04:00,13.362400176640898,13.565888307187116,13.201304800182678,13.404793739318848,280500,0.0,0.0
2018-09-18 00:00:00-04:00,13.40478999627057,13.464140482293164,13.21825885772705,13.21825885772705,115000,0.0,0.0
2018-09-19 00:00:00-04:00,13.184346903136252,13.269133213747063,13.091080910297496,13.099559783935547,169400,0.0,0.0
2018-09-20 00:00:00-04:00,13.141950872813718,13.252173783616472,13.074121513641213,13.226737976074219,139000,0.0,0.0
2018-09-21 00:00:00-04:00,13.226739765288913,13.303047198237973,13.158910396940957,13.26065444946289,312000,0.0,0.0
2018-09-24 00:00:00-04:00,13.235216966058713,13.277610520656722,13.023250001658473,13.074122428894043,144800,0.0,0.0
2018-09-25 00:00:00-04:00,13.11651814213177,13.17586864318266,13.057166832490948,13.082603454589844,164600,0.0,0.0
2018-09-26 00:00:00-04:00,13.074124580556878,13.184347517215624,13.057166832490948,13.082603454589844,135000,0.0,0.0
2018-09-27 00:00:00-04:00,13.124994523356326,13.269132129061052,13.065644029921378,13.13347339630127,112300,0.0,0.0
2018-09-28 00:00:00-04:00,13.133473777368085,13.294569133636868,13.124994904177129,13.26065444946289,136700,0.0,0.0
2018-10-01 00:00:00-04:00,13.303047189269616,13.311526062454858,13.15043151488453,13.184346199035645,106100,0.0,0.0
2018-10-02 00:00:00-04:00,13.184346903136252,13.184346903136252,13.074123971611293,13.099559783935547,81200,0.0,0.0
2018-10-03 00:00:00-04:00,13.0995589382027,13.108037811293336,12.938464392429808,12.989336013793945,123300,0.0,0.0
2018-10-04 00:00:00-04:00,12.9469419337529,12.989334677665735,12.76041078789534,12.819761276245117,187700,0.0,0.0
2018-10-05 00:00:00-04:00,12.862156142041135,12.963900193282106,12.853677268956927,12.9130277633667,119100,0.0,0.0
2018-10-08 00:00:00-04:00,12.92150642990535,13.133473402083284,12.92150642990535,13.014772415161133,102800,0.0,0.0
2018-10-09 00:00:00-04:00,12.98933377081631,13.14195022573484,12.98933377081631,13.09107780456543,96200,0.0,0.0
2018-10-10 00:00:00-04:00,13.04868696937804,13.167387955126816,12.92998517503944,12.972378730773926,184700,0.0,0.0
2018-10-11 00:00:00-04:00,12.963898729987745,13.08260051399872,12.650187738590615,12.658666610717773,197800,0.0,0.0
2018-10-12 00:00:00-04:00,12.743455548701226,12.802806857308667,12.217777496659098,12.226256370544434,258900,0.0,0.0
2018-10-15 00:00:00-04:00,12.200818442033654,12.650188168373402,12.200818442033654,12.489092826843262,280800,0.0,0.0
2018-10-16 00:00:00-04:00,12.48909426551991,12.777369492127056,12.370393272392171,12.701061248779297,170700,0.0,0.0
2018-10-17 00:00:00-04:00,12.692582599941407,12.726497283358766,12.480615626435457,12.556923866271973,117000,0.0,0.0
2018-10-18 00:00:00-04:00,12.556925158329918,12.57388209748848,12.370393976046207,12.421265602111816,142300,0.0,0.0
2018-10-19 00:00:00-04:00,12.41278587622032,12.590838160809602,12.39582813074048,12.429742813110352,134200,0.0,0.0
2018-10-22 00:00:00-04:00,12.412785484014268,12.497571782965055,12.132989161156079,12.183860778808594,137300,0.0,0.0
2018-10-23 00:00:00-04:00,12.132989749993659,12.302563164714746,11.954937462389061,12.209297180175781,118900,0.0,0.0
2018-10-24 00:00:00-04:00,12.175381921589054,12.42974243593963,12.132989176355444,12.26016902923584,139100,0.0,0.0
2018-10-25 00:00:00-04:00,12.2940843376312,12.565401802195694,12.226254971490075,12.514530181884766,229500,0.0,0.0
2018-10-26 00:00:00-04:00,12.548446552743885,12.582361240376033,12.20082080236688,12.311043739318848,147900,0.0,0.0
2018-10-29 00:00:00-04:00,12.361913448370608,12.548444605699808,12.327998766000736,12.429742813110352,95300,0.0,0.0
2018-10-30 00:00:00-04:00,12.446701049804688,12.616274468346337,12.395828619947272,12.446701049804688,167400,0.0,0.0
2018-10-31 00:00:00-04:00,12.446702237320183,12.446702237320183,12.12451230705662,12.149948120117188,138400,0.0,0.0
2018-11-01 00:00:00-04:00,12.192339752162312,12.344956223562205,12.065159089799138,12.073637962341309,100500,0.0,0.0
2018-11-02 00:00:00-04:00,11.87015089079568,11.93798025977018,10.895103105344836,11.26816463470459,455700,0.0,0.0
2018-11-05 00:00:00-05:00,11.26816641438104,11.403825173755774,11.098592965162625,11.378389358520508,262500,0.0,0.0
2018-11-06 00:00:00-05:00,11.285121801021115,11.412301659161914,11.225770499777564,11.319036483764648,218600,0.0,0.0
2018-11-07 00:00:00-05:00,11.386864650359662,11.463172880645784,11.310556420073542,11.4292573928833,175000,0.0,0.0
2018-11-08 00:00:00-05:00,11.42925690937014,11.437735780952064,11.132503681310116,11.369906425476074,148000,0.0,0.0
2018-11-09 00:00:00-05:00,11.327514288248768,11.429258334146205,11.157940878419705,11.234249114990234,173800,0.0,0.0
2018-11-12 00:00:00-05:00,11.217290059356309,11.327512965016878,11.090110218988569,11.259683609008789,184600,0.0,0.0
2018-11-13 00:00:00-05:00,11.276643726225458,11.293600664502344,10.95445381306589,10.971410751342773,293700,0.0,0.0
2018-11-14 00:00:00-05:00,10.945613827616846,11.126177802793373,10.945613827616846,11.04019546508789,158900,0.18,0.0
2018-11-15 00:00:00-05:00,10.94561527365478,10.962812235465487,10.644675821933884,10.704863548278809,153500,0.0,0.0
2018-11-16 00:00:00-05:00,10.661871593243047,11.005803437538908,10.627478490813086,10.902624130249023,204100,0.0,0.0
2018-11-19 00:00:00-05:00,10.90262522326391,11.280949387921412,10.782248942692904,11.246556282043457,253700,0.0,0.0
2018-11-20 00:00:00-05:00,11.263752859337396,11.599085425167411,11.255154378163217,11.444316864013672,301500,0.0,0.0
2018-11-21 00:00:00-05:00,11.452913822060156,11.62488015500098,11.375529136236032,11.384127616882324,88500,0.0,0.0
2018-11-23 00:00:00-05:00,11.34973314054029,11.375527759360777,11.280946943688226,11.315340042114258,57800,0.0,0.0
2018-11-26 00:00:00-05:00,11.27234899003659,11.375528290128903,10.97140956976639,11.022998809814453,199900,0.0,0.0
2018-11-27 00:00:00-05:00,11.03159788245704,11.126178707623653,10.971410159168851,10.997204780578613,111200,0.0,0.0
2018-11-28 00:00:00-05:00,10.962812731020682,10.988607354906469,10.730658656059662,10.945615768432617,166000,0.0,0.0
2018-11-29 00:00:00-05:00,10.962810787155641,11.151973242101565,10.894024588992789,11.04019546508789,209700,0.0,0.0
2018-11-30 00:00:00-05:00,11.040195717143709,11.212161216476938,10.945614077513296,11.20356273651123,153400,0.0,0.0
2018-12-03 00:00:00-05:00,11.246555535321612,11.289547119813685,11.117581601841666,11.280948638916016,169100,0.0,0.0
2018-12-04 00:00:00-05:00,11.272348678888475,11.401323415440945,10.980007746694435,11.04019546508789,153900,0.0,0.0
2018-12-06 00:00:00-05:00,10.98000888957328,11.315341435521985,10.919820344918802,11.298145294189453,343300,0.0,0.0
2018-12-07 00:00:00-05:00,11.349735237055862,11.358333718249712,11.177769713160348,11.2207612991333,266800,0.0,0.0
2018-12-10 00:00:00-05:00,11.246555972386014,11.306743701016174,11.005804237869077,11.126179695129395,166800,0.0,0.0
2018-12-11 00:00:00-05:00,11.169171724549026,11.289548006582868,11.065992405661305,11.108983993530273,167900,0.0,0.0
2018-12-12 00:00:00-05:00,11.143376479413872,11.298145859126768,10.9284193720332,11.005804061889648,196500,0.0,0.0
2018-12-13 00:00:00-05:00,11.005804237869077,11.186368243755856,10.971411132938087,11.126179695129395,202500,0.0,0.0
2018-12-14 00:00:00-05:00,11.040195567151052,11.246554163547328,11.040195567151052,11.21216106414795,194600,0.0,0.0
2018-12-17 00:00:00-05:00,11.186366842168317,11.22075994279005,10.524298630204706,10.618880271911621,399700,0.0,0.0
2018-12-18 00:00:00-05:00,10.61888199255362,10.93701842985328,10.61888199255362,10.713462829589844,383900,0.0,0.0
2018-12-19 00:00:00-05:00,10.739256086730485,10.756453047636167,10.39532506857911,10.421119689941406,180200,0.0,0.0
2018-12-20 00:00:00-05:00,10.42971920567711,10.550095483977088,10.102984296002576,10.240556716918945,407800,0.0,0.0
2018-12-21 00:00:00-05:00,10.292145672771875,10.507102762228286,10.171769407477646,10.249154090881348,316100,0.0,0.0
2018-12-24 00:00:00-05:00,10.249153438668895,10.249153438668895,9.69886302947998,9.69886302947998,134500,0.0,0.0
2018-12-26 00:00:00-05:00,9.733256604832587,10.059991474393609,9.57848806030089,10.034196853637695,251400,0.0,0.0
2018-12-27 00:00:00-05:00,9.948214224794317,9.974009666930236,9.673069401981207,9.965411186218262,205300,0.0,0.0
2018-12-28 00:00:00-05:00,9.9052250124034,10.188968360363212,9.879429566227868,10.068592071533203,196100,0.0,0.0
2018-12-31 00:00:00-05:00,10.111582216816599,10.214761526784573,9.905223596880651,10.180368423461914,178200,0.0,0.0
2019-01-02 00:00:00-05:00,10.085785940098646,10.120179860572733,9.77624803579763,9.819239616394043,182000,0.0,0.0
2019-01-03 00:00:00-05:00,9.784848177020338,10.12018157860409,9.784848177020338,10.008403778076172,131800,0.0,0.0
2019-01-04 00:00:00-05:00,10.077188991627963,10.421120020695298,10.025598927269735,10.317940711975098,177400,0.0,0.0
2019-01-07 00:00:00-05:00,10.309341078044936,10.644674408872342,10.300742598281017,10.507102012634277,265700,0.0,0.0
2019-01-08 00:00:00-05:00,10.558691189166327,10.79084522145069,10.524298090308958,10.773648262023926,135900,0.0,0.0
2019-01-09 00:00:00-05:00,10.773648910509799,10.833837452130174,10.636076506799583,10.79084587097168,88400,0.0,0.0
2019-01-10 00:00:00-05:00,10.756453033946157,10.945614683690549,10.687666830403428,10.868230819702148,76400,0.0,0.0
2019-01-11 00:00:00-05:00,10.842436790466309,10.962813072341682,10.713462847025529,10.842436790466309,147400,0.0,0.0
2019-01-14 00:00:00-05:00,10.808044121200977,10.833839566929148,10.524300778162027,10.558693885803223,116600,0.0,0.0
2019-01-15 00:00:00-05:00,10.575890202433413,10.730658767349588,10.550095578280104,10.679069519042969,405000,0.0,0.0
2019-01-16 00:00:00-05:00,10.653272315126507,10.799443183259509,10.627476877223422,10.756451606750488,109600,0.0,0.0
2019-01-17 00:00:00-05:00,10.739256309630955,11.040196571756796,10.696264726470657,11.031598091125488,163800,0.0,0.0
2019-01-18 00:00:00-05:00,11.057392447504364,11.09178554920748,10.876828458563953,10.95421314239502,97200,0.0,0.0
2019-01-22 00:00:00-05:00,10.92841852111674,10.980008583669525,10.747854532176328,10.95421314239502,94200,0.0,0.0
2019-01-23 00:00:00-05:00,10.954213164132446,10.954213164132446,10.756453033946157,10.868230819702148,96200,0.0,0.0
2019-01-24 00:00:00-05:00,10.851034371578992,10.928419059220396,10.825239749030612,10.885427474975586,69800,0.0,0.0
2019-01-25 00:00:00-05:00,10.902621977584552,11.126176689241497,10.859630403036496,11.048792839050293,168200,0.0,0.0
2019-01-28 00:00:00-05:00,11.117582108627657,11.444317017666577,11.065992040886224,11.435718536376953,265800,0.0,0.0
2019-01-29 00:00:00-05:00,11.48730690145218,11.88282799042414,11.40992303578057,11.831238746643066,358800,0.0,0.0
2019-01-30 00:00:00-05:00,11.822642534464142,12.037599671454398,11.771052460788063,11.98600959777832,161400,0.0,0.0
2019-01-31 00:00:00-05:00,11.951613900061274,12.114981747988034,11.762452250877754,12.06339168548584,209300,0.0,0.0
2019-02-01 00:00:00-05:00,12.06339306061297,12.140777753189363,11.693667380520434,11.77964973449707,236200,0.0,0.0
2019-02-04 00:00:00-05:00,11.69366783396297,11.908624957234375,11.633479281849459,11.891427993774414,84800,0.0,0.0
2019-02-05 00:00:00-05:00,11.968812040690578,12.01180362701416,11.788248034128578,12.01180362701416,107700,0.0,0.0
2019-02-06 00:00:00-05:00,11.98600777076832,11.98600777076832,11.86563231720013,11.94301700592041,68800,0.0,0.0
2019-02-07 00:00:00-05:00,11.90862298725955,12.106383114356676,11.848434445102681,12.071990013122559,104100,0.0,0.0
2019-02-08 00:00:00-05:00,12.063390475528402,12.218159827515402,12.028997377308642,12.209561347961426,86400,0.0,0.0
2019-02-11 00:00:00-05:00,12.20956336194672,12.304145012649554,12.20956336194672,12.295546531677246,145400,0.0,0.0
2019-02-12 00:00:00-05:00,12.286948387006227,12.295546868213881,12.028999690750716,12.192367553710938,142600,0.0,0.0
2019-02-13 00:00:00-05:00,12.123581785136594,12.175171034266896,11.986008540797684,12.037598609924316,119800,0.0,0.0
2019-02-14 00:00:00-05:00,12.037597476331625,12.06372889440882,11.845972061157227,11.845972061157227,109600,0.18,0.0
2019-02-15 00:00:00-05:00,11.872102913995759,12.046308218356653,11.82855138023643,11.92436408996582,130000,0.0,0.0
2019-02-19 00:00:00-05:00,11.924363353027779,12.028887359861038,11.845971593917378,12.020176887512207,128300,0.0,0.0
2019-02-20 00:00:00-05:00,12.046309773413538,12.150832969522964,11.985338116685503,12.028889656066895,111500,0.0,0.0
2019-02-21 00:00:00-05:00,11.811131091144766,12.089859574016156,11.811131091144766,12.081149101257324,94400,0.0,0.0
2019-02-22 00:00:00-05:00,12.142121611627251,12.272776220260441,12.089860432715145,12.19438362121582,107100,0.0,0.0
2019-02-25 00:00:00-05:00,12.168252256608815,12.23793437783699,12.046308129121305,12.107279777526855,133000,0.0,0.0
2019-02-26 00:00:00-05:00,12.168250536005996,12.168250536005996,11.93307278710797,11.99404525756836,77000,0.0,0.0
2019-02-27 00:00:00-05:00,11.976626097084608,11.994047042859592,11.819840907815411,11.854681968688965,68900,0.0,0.0
2019-02-28 00:00:00-05:00,11.863392176951303,12.06372889551283,11.819840644161719,11.915654182434082,269700,0.0,0.0
2019-03-01 00:00:00-05:00,11.915654448224993,11.915654448224993,11.636925130560153,11.854681968688965,159900,0.0,0.0
2019-03-04 00:00:00-05:00,11.872102248555793,11.906943307475105,11.54111177348414,11.628214836120605,183700,0.0,0.0
2019-03-05 00:00:00-05:00,11.619503932394597,12.21180274271258,11.619503932394597,12.150830268859863,191300,0.0,0.0
2019-03-06 00:00:00-05:00,12.150830733944913,12.20309273772243,11.863391789859492,11.906943321228027,150600,0.0,0.0
2019-03-07 00:00:00-05:00,11.95049475842161,12.028887348131937,11.793709579000963,11.81113052368164,91000,0.0,0.0
2019-03-08 00:00:00-05:00,11.602083201432272,11.828550495500654,11.445298854572615,11.532401084899902,287000,0.0,0.0
2019-03-11 00:00:00-04:00,11.593374515574272,11.784999936496781,11.541112508528593,11.741448402404785,411900,0.0,0.0
2019-03-12 00:00:00-04:00,11.732738760127523,11.819840997635094,11.575953569666906,11.741448402404785,244300,0.0,0.0
2019-03-13 00:00:00-04:00,11.680476753081843,11.811131355357832,11.680476753081843,11.741448402404785,98000,0.0,0.0
2019-03-14 00:00:00-04:00,11.715317725662223,11.828551381174892,11.654346076800175,11.78499984741211,131900,0.0,0.0
2019-03-15 00:00:00-04:00,11.828550637685955,12.028887348131937,11.767578992656308,11.81113052368164,379700,0.0,0.0
2019-03-18 00:00:00-04:00,11.811130225181058,11.96791456996296,11.793709280940655,11.828550338745117,133600,0.0,0.0
2019-03-19 00:00:00-04:00,11.959203545394914,12.09856860085122,11.84597073576839,11.976624488830566,127800,0.0,0.0
2019-03-20 00:00:00-04:00,12.046307387946145,12.290194797239055,11.845971509410344,12.063728332519531,149400,0.0,0.0
2019-03-21 00:00:00-04:00,12.037596629841063,12.351166979305809,12.037596629841063,12.220512390136719,124900,0.0,0.0
2019-03-22 00:00:00-04:00,12.22922469748817,12.316327770006016,11.915655131641563,11.985337257385254,132100,0.0,0.0
2019-03-25 00:00:00-04:00,11.898231904722739,12.107278241892741,11.706605680312085,11.976624488830566,182400,0.0,0.0
2019-03-26 00:00:00-04:00,12.037596074139135,12.237932769346221,11.933072906034859,12.229222297668457,136000,0.0,0.0
2019-03-27 00:00:00-04:00,12.246644495884066,12.298905669953028,12.176961545998143,12.211803436279297,293000,0.0,0.0
2019-03-28 00:00:00-04:00,12.21180266437848,12.333745949949018,12.150830190916878,12.264063835144043,89200,0.0,0.0
2019-03-29 00:00:00-04:00,12.307615364566235,12.438269122156479,12.133410077553801,12.264063835144043,167300,0.0,0.0
2019-04-01 00:00:00-04:00,12.211804386598287,12.281486511230469,11.933075057393113,12.281486511230469,406700,0.0,0.0
2019-04-02 00:00:00-04:00,12.307616499065164,12.307616499065164,12.037597656298681,12.107279777526855,96300,0.0,0.0
2019-04-03 00:00:00-04:00,12.107279212642371,12.194382275451861,11.95920450427206,12.115989685058594,107000,0.0,0.0
2019-04-04 00:00:00-04:00,12.124701199349458,12.159542261331868,11.994047424584524,12.142121315002441,110800,0.0,0.0
2019-04-05 00:00:00-04:00,12.12469997717367,12.168251507930778,12.002755857189035,12.063728332519531,317800,0.0,0.0
2019-04-08 00:00:00-04:00,12.046306583132973,12.1072782237136,11.828549774572108,11.837260246276855,149200,0.0,0.0
2019-04-09 00:00:00-04:00,11.819839553791534,11.872101554453188,11.706605911254883,11.706605911254883,89200,0.0,0.0
2019-04-10 00:00:00-04:00,11.689187901880018,11.880814164558378,11.671766954965408,11.872103691101074,174800,0.0,0.0
2019-04-11 00:00:00-04:00,11.863392559998,12.159541995717602,11.863392559998,12.133411407470703,148400,0.0,0.0
2019-04-12 00:00:00-04:00,12.08114768384745,12.194381324398016,11.976624515033766,12.185670852661133,114500,0.0,0.0
2019-04-15 00:00:00-04:00,12.142118507196857,12.194380503423364,11.92436171249287,11.959202766418457,157900,0.0,0.0
2019-04-16 00:00:00-04:00,11.959203444051402,12.00275497159517,11.863390747996155,11.88081169128418,189500,0.0,0.0
2019-04-17 00:00:00-04:00,11.898233237047691,11.976625829933662,11.750158523968945,11.915654182434082,187500,0.0,0.0
2019-04-18 00:00:00-04:00,11.889524824857927,12.046310037801389,11.889524824857927,12.037599563598633,109300,0.0,0.0
2019-04-22 00:00:00-04:00,11.959204494329175,12.072438143616822,11.7849991995314,11.906943321228027,151500,0.0,0.0
2019-04-23 00:00:00-04:00,11.967916953172482,12.124702159851866,11.941786362284754,12.072440147399902,129700,0.0,0.0
2019-04-24 00:00:00-04:00,12.107280548793693,12.316327756471503,12.107280548793693,12.19438362121582,165400,0.0,0.0
2019-04-25 00:00:00-04:00,12.072437974129867,12.150830563357392,11.976625271005313,12.063728332519531,155600,0.0,0.0
2019-04-26 00:00:00-04:00,12.133410848561207,12.351167678833008,12.098569788944774,12.351167678833008,134800,0.0,0.0
2019-04-29 00:00:00-04:00,12.264064403279367,12.525372761241348,12.264064403279367,12.32503604888916,149800,0.0,0.0
2019-04-30 00:00:00-04:00,12.264062788352618,12.377296422914796,12.14211868251421,12.237932205200195,147200,0.0,0.0
2019-05-01 00:00:00-04:00,12.237933151845102,12.298904794142533,12.072437507500176,12.168251037597656,132500,0.0,0.0
2019-05-02 00:00:00-04:00,12.13340997342428,12.229222672789767,12.055017387272372,12.0985689163208,110200,0.0,0.0
2019-05-03 00:00:00-04:00,12.264063913813379,12.359876614615738,11.87210180785203,12.150830268859863,149000,0.0,0.0
2019-05-06 00:00:00-04:00,12.089859267481879,12.142120441356997,11.863391965552674,11.889522552490234,126000,0.0,0.0
2019-05-07 00:00:00-04:00,11.837260560847636,11.976624789121933,11.358195403147494,11.454008102416992,200700,0.0,0.0
2019-05-08 00:00:00-04:00,11.454008793281536,11.58466338817655,11.454008793281536,11.514981269836426,231500,0.0,0.0
2019-05-09 00:00:00-04:00,11.575953871606716,11.671766584567088,11.436589623418378,11.584664344787598,126100,0.0,0.0
2019-05-10 00:00:00-04:00,11.506271186113224,11.63692495474599,11.506271186113224,11.593374252319336,162000,0.0,0.0
2019-05-13 00:00:00-04:00,11.584663565696717,11.619504625400673,11.42787838169072,11.497560501098633,136500,0.0,0.0
2019-05-14 00:00:00-04:00,11.630020141601562,11.68300381611583,11.550543787669838,11.630020141601562,175500,0.18,0.0
2019-05-15 00:00:00-04:00,11.656511978858697,11.691834709254984,11.612358355323257,11.630020141601562,287300,0.0,0.0
2019-05-16 00:00:00-04:00,11.594698639907355,11.691835948250802,11.559375905767881,11.656513214111328,181900,0.0,0.0
2019-05-17 00:00:00-04:00,11.585866256602438,11.691834445399863,11.524051690344017,11.612358093261719,132200,0.0,0.0
2019-05-20 00:00:00-04:00,11.568207332702272,11.75365190601663,11.488730966687484,11.700667381286621,158100,0.0,0.0
2019-05-21 00:00:00-04:00,11.700667916195117,11.78897518072871,11.691837021309661,11.744821548461914,134000,0.0,0.0
2019-05-22 00:00:00-04:00,11.744821709506414,11.744821709506414,11.497562544446632,11.683006286621094,164300,0.0,0.0
2019-05-23 00:00:00-04:00,11.656510910632555,11.78014087677002,11.603527240973817,11.78014087677002,110000,0.0,0.0
2019-05-24 00:00:00-04:00,11.815466057130548,11.930265154773451,11.771312428473983,11.824296951293945,84500,0.0,0.0
2019-05-28 00:00:00-04:00,11.877279951091364,12.018570880964571,11.80663448615476,12.009740829467773,171200,0.0,0.0
2019-05-29 00:00:00-04:00,12.000911037138847,12.000911037138847,11.797804675186685,11.859620094299316,212300,0.0,0.0
2019-05-30 00:00:00-04:00,11.859619685787115,12.02740246408956,11.727158799817417,11.824296951293945,122100,0.0,0.0
2019-05-31 00:00:00-04:00,11.75365161895752,11.797804405966993,11.612359837181744,11.75365161895752,93800,0.0,0.0
2019-06-03 00:00:00-04:00,11.81546661392976,11.850789350087497,11.630022038561515,11.709498405456543,210500,0.0,0.0
2019-06-04 00:00:00-04:00,11.762482248226277,11.824297668961481,11.54171493370455,11.647683143615723,102900,0.0,0.0
2019-06-05 00:00:00-04:00,11.709497040818041,11.73598887930884,11.58586705759371,11.674174308776855,69400,0.0,0.0
2019-06-06 00:00:00-04:00,11.806635174710989,11.930265166640261,11.70949786529826,11.912603378295898,119500,0.0,0.0
2019-06-07 00:00:00-04:00,11.965587090902668,12.212846215857304,11.947925303754296,12.089216232299805,92100,0.0,0.0
2019-06-10 00:00:00-04:00,12.045065621816692,12.080388360325694,11.947927459296553,12.027403831481934,79700,0.0,0.0
2019-06-11 00:00:00-04:00,12.027401230776835,12.062723961647944,11.833125789905575,11.96558666229248,117400,0.0,0.0
2019-06-12 00:00:00-04:00,11.939097025139525,12.018572552627171,11.709498811080575,11.744821548461914,181500,0.0,0.0
2019-06-13 00:00:00-04:00,11.735988617589317,11.841956811349721,11.683004099628944,11.815464973449707,184000,0.0,0.0
2019-06-14 00:00:00-04:00,11.771309984440148,11.98324634739559,11.71832631478141,11.78014087677002,235400,0.0,0.0
2019-06-17 00:00:00-04:00,11.788972854614258,11.859618315437688,11.68300382121879,11.788972854614258,163600,0.0,0.0
2019-06-18 00:00:00-04:00,11.788974641783152,11.939096479330987,11.621191015271831,11.700667381286621,184700,0.0,0.0
2019-06-19 00:00:00-04:00,11.727157873010482,11.859618748511688,11.612358784440246,11.833126068115234,96500,0.0,0.0
2019-06-20 00:00:00-04:00,11.83312563600866,11.903771096832088,11.718327393790828,11.788972854614258,160900,0.0,0.0
2019-06-21 00:00:00-04:00,11.735990399699904,11.74482129439433,11.550545821919346,11.55937671661377,198400,0.0,0.0
2019-06-24 00:00:00-04:00,11.559373800904307,11.603527421078752,11.232638359069824,11.232638359069824,137500,0.0,0.0
2019-06-25 00:00:00-04:00,11.223810057832543,11.365101001282259,11.126672744750977,11.126672744750977,160000,0.0,0.0
2019-06-26 00:00:00-04:00,11.15316265812192,11.15316265812192,10.808765411376953,10.808765411376953,193500,0.0,0.0
2019-06-27 00:00:00-04:00,10.826428823832318,11.135502545093955,10.826428823832318,11.029534339904785,257100,0.0,0.0
2019-06-28 00:00:00-04:00,10.976550796402172,11.179656315028353,10.95888900756836,10.95888900756836,519900,0.0,0.0
2019-07-01 00:00:00-04:00,11.029532952310191,11.170823874787004,10.879411136638495,10.905903816223145,132400,0.0,0.0
2019-07-02 00:00:00-04:00,10.923565599935479,11.073687427144131,10.861751027141468,10.985380172729492,96600,0.0,0.0
2019-07-03 00:00:00-04:00,11.020702619181291,11.285623533368613,11.020702619181291,11.197317123413086,97300,0.0,0.0
2019-07-05 00:00:00-04:00,11.14433423127597,11.285625181567822,10.994212386050755,11.259133338928223,109800,0.0,0.0
2019-07-08 00:00:00-04:00,11.214978483383545,11.267963005045061,11.126672070161552,11.15316390991211,135700,0.0,0.0
2019-07-09 00:00:00-04:00,11.126671249292768,11.197316711522662,11.09134851817782,11.161993980407715,80200,0.0,0.0
2019-07-10 00:00:00-04:00,11.197317686841691,11.241470472960957,11.100179536194316,11.170825004577637,316900,0.0,0.0
2019-07-11 00:00:00-04:00,11.153163914853044,11.232640276300327,11.047195713643468,11.073687553405762,126300,0.0,0.0
2019-07-12 00:00:00-04:00,11.038364819669235,11.144333020878813,11.00304208593271,11.073687553405762,131900,0.0,0.0
2019-07-15 00:00:00-04:00,11.056026466594613,11.091349199880586,10.817597385294002,10.897073745727539,166700,0.0,0.0
2019-07-16 00:00:00-04:00,10.861752098052309,11.109011255767184,10.861752098052309,10.99421215057373,109100,0.0,0.0
2019-07-17 00:00:00-04:00,10.994210374077735,11.056025785138386,10.85291944964254,11.00304126739502,120200,0.0,0.0
2019-07-18 00:00:00-04:00,11.003041960476576,11.082518321017673,10.87058192101501,10.985380172729492,190400,0.0,0.0
2019-07-19 00:00:00-04:00,10.95888666911609,11.038363017588368,10.76461124420166,10.76461124420166,153200,0.0,0.0
2019-07-22 00:00:00-04:00,11.029535308484107,11.029535308484107,10.791107036410557,10.950058937072754,237800,0.0,0.0
2019-07-23 00:00:00-04:00,10.967720393080665,11.426915975235158,10.967720393080665,11.409255027770996,364600,0.0,0.0
2019-07-24 00:00:00-04:00,11.409254352224238,11.488730716508345,11.32977798794013,11.435746192932129,139600,0.0,0.0
2019-07-25 00:00:00-04:00,11.409254210879723,11.43574605125942,11.267963272640786,11.338608741760254,132600,0.0,0.0
2019-07-26 00:00:00-04:00,11.34743908902582,11.49756091420935,11.312116356168541,11.453407287597656,139900,0.0,0.0
2019-07-29 00:00:00-04:00,11.471067304399991,11.709496363506839,11.471067304399991,11.62118911743164,153500,0.0,0.0
2019-07-30 00:00:00-04:00,11.585867745832383,11.744820470540215,11.585867745832383,11.656513214111328,156000,0.0,0.0
2019-07-31 00:00:00-04:00,11.656511715800722,11.877278986335433,11.515220797404154,11.612358093261719,191800,0.0,0.0
2019-08-01 00:00:00-04:00,11.5946971495423,11.718327124219448,11.577035363662578,11.612358093261719,98300,0.0,0.0
2019-08-02 00:00:00-04:00,11.568206376952208,11.647681894240383,11.497560911255798,11.532883644104004,76400,0.0,0.0
2019-08-05 00:00:00-04:00,11.497560770014692,11.506390821497984,11.029533512824955,11.197317123413086,127600,0.0,0.0
2019-08-06 00:00:00-04:00,11.206147991573593,11.391592560803437,11.170825256585072,11.267963409423828,98400,0.0,0.0
2019-08-07 00:00:00-04:00,11.206146783701627,11.426914064124245,11.091348538982963,11.329776763916016,120500,0.0,0.0
2019-08-08 00:00:00-04:00,11.391591892262209,11.559375505231248,11.303285481053582,11.462237358093262,130900,0.0,0.0
2019-08-09 00:00:00-04:00,11.38276110066255,11.38276110066255,10.570337454260551,10.905903816223145,397800,0.0,0.0
2019-08-12 00:00:00-04:00,10.826428813517168,11.126672482347303,10.782275184190306,10.941227912902832,317000,0.0,0.0
2019-08-13 00:00:00-04:00,10.835258354984738,10.950056597876902,10.808765675400089,10.905903816223145,291900,0.0,0.0
2019-08-14 00:00:00-04:00,10.798369144828087,10.8879816525886,10.502646245447306,10.547452926635742,204100,0.18,0.0
2019-08-15 00:00:00-04:00,10.628103415408193,10.825252290373227,10.448877553901946,10.807330131530762,269800,0.0,0.0
2019-08-16 00:00:00-04:00,10.852137040725722,11.398777041232364,10.834214880091755,11.345008850097656,301600,0.0,0.0
2019-08-19 00:00:00-04:00,11.291240001772987,11.47942736362308,11.076168120646958,11.4256591796875,166800,0.0,0.0
2019-08-20 00:00:00-04:00,11.470466618550502,11.479428125570633,11.165782216796787,11.183704376220703,149500,0.0,0.0
2019-08-21 00:00:00-04:00,11.255394545219096,11.255394545219096,11.013439005570106,11.174742698669434,221000,0.0,0.0
2019-08-22 00:00:00-04:00,11.129937001371111,11.165782174700151,10.950711134725912,11.120975494384766,155000,0.0,0.0
2019-08-23 00:00:00-04:00,11.147858108343353,11.20162629056924,10.923825582531968,10.995516777038574,201600,0.0,0.0
2019-08-26 00:00:00-04:00,11.0313620867076,11.380852284445615,11.0313620867076,11.353968620300293,233400,0.0,0.0
2019-08-27 00:00:00-04:00,11.443583858759625,11.497351195907607,11.264357122622583,11.291241645812988,383900,0.0,0.0
2019-08-28 00:00:00-04:00,11.345006576903414,11.551116937902407,11.327084419860503,11.380851745605469,148300,0.0,0.0
2019-08-29 00:00:00-04:00,11.371890097372209,11.685535960549759,11.371890097372209,11.488387107849121,126500,0.0,0.0
2019-08-30 00:00:00-04:00,11.479427992704828,11.569040498019909,11.362930966640517,11.5242338180542,184400,0.0,0.0
2019-09-03 00:00:00-04:00,11.515273916365679,11.578002759636787,11.43462205809346,11.56904125213623,169700,0.0,0.0
2019-09-04 00:00:00-04:00,11.586963510418547,11.900608560907017,11.586963510418547,11.810996055603027,174400,0.0,0.0
2019-09-05 00:00:00-04:00,11.802034036001233,12.035028077979632,11.757227357987496,11.784111022949219,163000,0.0,0.0
2019-09-06 00:00:00-04:00,11.810995345220615,11.864762674245858,11.739305003442764,11.828917503356934,90600,0.0,0.0
2019-09-09 00:00:00-04:00,11.757227713959965,11.945415083622358,11.71242103458962,11.91853141784668,101600,0.0,0.0
2019-09-10 00:00:00-04:00,11.85580160407255,12.259060859680176,11.79307276636306,12.259060859680176,178200,0.0,0.0
2019-09-11 00:00:00-04:00,12.187369113928058,12.501014121028074,11.999181767821563,12.465168952941895,286400,0.0,0.0
2019-09-12 00:00:00-04:00,12.51893699663354,12.51893699663354,12.187368981777595,12.223214149475098,295700,0.0,0.0
2019-09-13 00:00:00-04:00,12.232176581309105,12.384518779856906,12.115680410293805,12.276983261108398,245800,0.0,0.0
2019-09-16 00:00:00-04:00,12.366594731628302,12.492052390362243,12.232174712763959,12.393478393554688,165100,0.0,0.0
2019-09-17 00:00:00-04:00,12.366596436546294,12.447248288060708,12.21425424026714,12.438286781311035,106100,0.0,0.0
2019-09-18 00:00:00-04:00,12.501015249003792,12.527898913840104,12.393479735042247,12.47413158416748,103900,0.0,0.0
2019-09-19 00:00:00-04:00,12.536860807583915,12.644396324867198,12.411403131394913,12.554783821105957,201500,0.0,0.0
2019-09-20 00:00:00-04:00,12.572704230757608,12.689201238593556,12.375556237142499,12.393478393554688,175500,0.0,0.0
2019-09-23 00:00:00-04:00,12.312827136728103,12.48309233110278,12.312827136728103,12.42932415008545,191000,0.0,0.0
2019-09-24 00:00:00-04:00,12.501015249003792,12.599590111097433,12.420363399878559,12.47413158416748,136200,0.0,0.0
2019-09-25 00:00:00-04:00,12.465171644023856,12.572707171498033,12.330752448335238,12.456210136413574,76000,0.0,0.0
2019-09-26 00:00:00-04:00,12.474133696124618,12.59959224429557,12.402443341345913,12.54582405090332,168900,0.0,0.0
2019-09-27 00:00:00-04:00,12.554783459907608,12.617512296197415,12.321789418522185,12.420363426208496,187000,0.0,0.0
2019-09-30 00:00:00-04:00,12.402441667629736,12.68024154125386,12.393480160837647,12.617512702941895,175700,0.0,0.0
2019-10-01 00:00:00-04:00,12.644395631921524,12.823622338854564,12.626473473997986,12.689202308654785,184000,0.0,0.0
2019-10-02 00:00:00-04:00,12.671282264296341,12.88635332295023,12.653359248766975,12.877391815185547,187300,0.0,0.0
2019-10-03 00:00:00-04:00,12.877389297240297,12.993886311552998,12.778815294952436,12.895312309265137,141900,0.0,0.0
2019-10-04 00:00:00-04:00,12.868430307420864,13.029734028719488,12.832585130978549,12.877391815185547,114100,0.0,0.0
2019-10-07 00:00:00-04:00,12.841545857581131,12.949081380366598,12.769855509057486,12.8863525390625,90700,0.0,0.0
2019-10-08 00:00:00-04:00,12.886352872486562,12.91323654022443,12.716087649375153,12.787778854370117,84400,0.0,0.0
2019-10-09 00:00:00-04:00,12.91323654022443,12.931159555127268,12.716087649375153,12.787778854370117,72100,0.0,0.0
2019-10-10 00:00:00-04:00,12.787778715723283,12.877391225416718,12.716087511505606,12.725049018859863,210200,0.0,0.0
2019-10-11 00:00:00-04:00,12.796736837196766,12.913233845909229,12.725046501776207,12.742969512939453,74000,0.0,0.0
2019-10-14 00:00:00-04:00,12.742971632331303,12.82362348674738,12.635436111315318,12.814661979675293,90200,0.0,0.0
2019-10-15 00:00:00-04:00,12.805701462300917,12.88635332295023,12.707127440738656,12.877391815185547,67000,0.0,0.0
2019-10-16 00:00:00-04:00,12.823622335953448,12.91323483478342,12.760892646694565,12.859467506408691,70500,0.0,0.0
2019-10-17 00:00:00-04:00,12.877388450951813,13.047653635533132,12.85946629472105,13.020769119262695,184500,0.0,0.0
2019-10-18 00:00:00-04:00,13.01180999944969,13.289609863334436,13.01180999944969,13.22688102722168,116900,0.0,0.0
2019-10-21 00:00:00-04:00,13.173112969324992,13.683907733453296,13.173112969324992,13.585332870483398,173700,0.0,0.0
2019-10-22 00:00:00-04:00,13.621177996672138,13.665984674725646,13.477797310593951,13.522603988647461,94100,0.0,0.0
2019-10-23 00:00:00-04:00,13.4867601644003,13.504682324642273,13.226882431268786,13.316494941711426,103400,0.0,0.0
2019-10-24 00:00:00-04:00,13.40610747526063,13.40610747526063,13.173113424251657,13.262726783752441,99300,0.0,0.0
2019-10-25 00:00:00-04:00,13.262726052651669,13.289609717173423,13.155190539948366,13.164151191711426,87500,0.0,0.0
2019-10-28 00:00:00-04:00,13.128306900569154,13.182075087832082,13.065578060942691,13.155191421508789,66200,0.0,0.0
2019-10-29 00:00:00-04:00,13.173113057721825,13.406107102247951,13.119345727210447,13.298571586608887,104400,0.0,0.0
2019-10-30 00:00:00-04:00,13.352338423196281,13.406106606335,13.217919247273906,13.38818359375,74500,0.0,0.0
2019-10-31 00:00:00-04:00,13.388183521500912,13.424028691861192,13.235842188431922,13.379222869873047,92400,0.0,0.0
2019-11-01 00:00:00-04:00,13.3971450749467,13.495719934746981,13.31649322769784,13.441951751708984,72100,0.0,0.0
2019-11-04 00:00:00-05:00,13.468833677533604,13.54052400925387,13.379221190191354,13.450911521911621,78600,0.0,0.0
2019-11-05 00:00:00-05:00,13.424029677663931,13.495720878265459,13.325455665588379,13.325455665588379,189700,0.0,0.0
2019-11-06 00:00:00-05:00,13.343377900833218,13.379223071734318,13.06557718538747,13.164151191711426,144100,0.0,0.0
2019-11-07 00:00:00-05:00,13.199996534133776,13.280648383363319,13.029732183795197,13.173112869262695,89900,0.0,0.0
2019-11-08 00:00:00-05:00,13.621177651686988,14.006513876724883,13.316493274179471,13.504680633544922,280600,0.0,0.0
2019-11-11 00:00:00-05:00,13.630139304646493,13.657022969240444,13.280648246459966,13.567410469055176,304500,0.0,0.0
2019-11-12 00:00:00-05:00,13.522603857212316,13.800403720134604,13.504680844318598,13.746636390686035,262300,0.0,0.0
2019-11-13 00:00:00-05:00,13.701829473683476,13.719752486264062,13.522603620959012,13.558448791503906,131000,0.0,0.0
2019-11-14 00:00:00-05:00,13.531242332661423,13.694488159526827,13.458688824033697,13.522172927856445,95200,0.18,0.0
2019-11-15 00:00:00-05:00,13.603795790655072,13.603795790655072,13.440549964397277,13.467758178710938,94800,0.0,0.0
2019-11-18 00:00:00-05:00,13.404273963179595,13.46775893523825,13.322651045465676,13.377066612243652,222800,0.0,0.0
2019-11-19 00:00:00-05:00,13.4224129793043,13.57658941181266,13.349859465759906,13.513104438781738,107600,0.0,0.0
2019-11-20 00:00:00-05:00,13.476826705772064,13.60379577773039,13.37706584810155,13.485896110534668,131000,0.0,0.0
2019-11-21 00:00:00-05:00,13.4586883502522,13.494965103289024,13.22288902305983,13.24102783203125,59300,0.0,0.0
2019-11-22 00:00:00-05:00,13.322650006342075,13.349858220061956,13.195681801940058,13.313581466674805,141300,0.0,0.0
2019-11-25 00:00:00-05:00,13.413341795359736,13.59472555517037,13.413341795359736,13.540310859680176,113400,0.0,0.0
2019-11-26 00:00:00-05:00,13.576588287076705,13.921217880315204,13.54938007307201,13.912148475646973,277000,0.0,0.0
2019-11-27 00:00:00-05:00,13.930288257686122,14.46537109501257,13.912150310863032,14.45630168914795,256900,0.0,0.0
2019-11-29 00:00:00-05:00,14.401885497792774,14.401885497792774,14.138878809198765,14.15701675415039,118000,0.0,0.0
2019-12-02 00:00:00-05:00,14.138879184475075,14.138879184475075,13.767042221583784,13.803318977355957,97800,0.0,0.0
2019-12-03 00:00:00-05:00,13.776109987874428,14.093532231727004,13.776109987874428,13.930286407470703,117000,0.0,0.0
2019-12-04 00:00:00-05:00,13.930286521514953,14.048186188342385,13.930286521514953,13.957494735717773,89000,0.0,0.0
2019-12-05 00:00:00-05:00,14.002840143052259,14.057255706992828,13.875871935367678,14.048186302185059,79000,0.0,0.0
2019-12-06 00:00:00-05:00,14.057255125877708,14.265846238397137,14.057255125877708,14.220500946044922,124200,0.0,0.0
2019-12-09 00:00:00-05:00,14.193291797895117,14.293053510273545,14.166084451294617,14.26584529876709,148100,0.0,0.0
2019-12-10 00:00:00-05:00,14.265846431029093,14.37467755588079,14.202362328953955,14.329331398010254,107700,0.0,0.0
2019-12-11 00:00:00-05:00,14.265845286705844,14.710235695397438,14.11166974616272,14.692098617553711,497200,0.0,0.0
2019-12-12 00:00:00-05:00,14.646753859411513,14.800930288660568,14.410955377830096,14.420023918151855,214300,0.0,0.0
2019-12-13 00:00:00-05:00,14.429091557938133,14.565129160086894,14.329330707356107,14.474437713623047,341800,0.0,0.0
2019-12-16 00:00:00-05:00,14.365608969772804,14.528854801444883,14.211432543172748,14.274916648864746,212000,0.0,0.0
2019-12-17 00:00:00-05:00,14.274916548930522,14.474439134587813,14.111671583307343,14.229570388793945,393400,0.0,0.0
2019-12-18 00:00:00-05:00,14.293053196766222,14.592336597525033,14.138876794568537,14.537921905517578,194800,0.0,0.0
2019-12-19 00:00:00-05:00,14.565130754959645,14.565130754959645,14.229570549997215,14.311193466186523,101000,0.0,0.0
2019-12-20 00:00:00-05:00,14.311191806883476,14.456298812215197,14.202361552884687,14.410953521728516,297100,0.0,0.0
2019-12-23 00:00:00-05:00,14.510716105980366,14.510716105980366,14.29305557196812,14.302124977111816,140100,0.0,0.0
2019-12-24 00:00:00-05:00,14.293054335939203,14.293054335939203,14.147947325812877,14.193292617797852,66300,0.0,0.0
2019-12-26 00:00:00-05:00,14.229570339699736,14.283985904657097,14.020979214659654,14.175155639648438,90800,0.0,0.0
2019-12-27 00:00:00-05:00,14.256778478555535,14.256778478555535,14.084463244531772,14.15701675415039,57300,0.0,0.0
2019-12-30 00:00:00-05:00,14.102600986070014,14.157015681708852,14.048185425525181,14.066324234008789,61900,0.0,0.0
2019-12-31 00:00:00-05:00,14.039115392315692,14.30212291410903,14.020977449550676,14.26584529876709,133400,0.0,0.0
2020-01-02 00:00:00-05:00,14.383746405353344,14.383746405353344,13.875871848000669,13.984702110290527,116300,0.0,0.0
2020-01-03 00:00:00-05:00,13.90307844367209,14.120738956452609,13.875871095801024,14.093531608581543,125900,0.0,0.0
2020-01-06 00:00:00-05:00,14.057254894817698,14.229569251679404,14.048185490533925,14.102601051330566,100000,0.0,0.0
2020-01-07 00:00:00-05:00,14.04818615005575,14.084462903987935,13.90307913432701,13.94842529296875,73400,0.0,0.0
2020-01-08 00:00:00-05:00,13.948424573583315,14.111670390311817,13.848663721641449,14.066324234008789,105200,0.0,0.0
2020-01-09 00:00:00-05:00,14.10260141040992,14.32933133384125,14.10260141040992,14.293054580688477,174500,0.0,0.0
2020-01-10 00:00:00-05:00,14.374679252281203,14.374679252281203,14.084464326604218,14.211433410644531,149600,0.0,0.0
2020-01-13 00:00:00-05:00,14.157017089530907,14.32026292249313,14.157017089530907,14.302124977111816,84600,0.0,0.0
2020-01-14 00:00:00-05:00,14.265845883862614,14.583268111875622,14.202361784222408,14.528853416442871,124100,0.0,0.0
2020-01-15 00:00:00-05:00,14.546993241710622,14.71023733941984,14.546993241710622,14.62861442565918,185700,0.0,0.0
2020-01-16 00:00:00-05:00,14.646751764027591,14.864412268920601,14.637682360097227,14.855342864990234,214900,0.0,0.0
2020-01-17 00:00:00-05:00,14.946036274214698,14.955105678812393,14.800929260275685,14.84627628326416,201600,0.0,0.0
2020-01-21 00:00:00-05:00,14.828136460411683,14.936965848520297,14.819067056433974,14.873481750488281,127200,0.0,0.0
2020-01-22 00:00:00-05:00,14.946037329991142,15.027660247324123,14.828138521516934,14.955106735229492,138300,0.0,0.0
2020-01-23 00:00:00-05:00,14.955105995867882,15.091143608093262,14.873483082570235,15.091143608093262,117200,0.0,0.0
2020-01-24 00:00:00-05:00,15.082073935552739,15.082073935552739,14.864413413893818,14.900691032409668,67300,0.0,0.0
2020-01-27 00:00:00-05:00,14.791859982265441,15.00952050503668,14.78279057759013,14.918829917907715,99500,0.0,0.0
2020-01-28 00:00:00-05:00,15.000453475003027,15.018590555321245,14.719307107418883,14.80093002319336,132900,0.0,0.0
2020-01-29 00:00:00-05:00,14.79185948290471,14.800928887273844,14.637683068253441,14.67396068572998,108100,0.0,0.0
2020-01-30 00:00:00-05:00,14.628613663884305,14.746514190871046,14.583268371850643,14.67396068572998,63000,0.0,0.0
2020-01-31 00:00:00-05:00,14.574199266661518,14.683030391513215,14.302124049250342,14.329331398010254,138900,0.0,0.0
2020-02-03 00:00:00-05:00,14.356539225152542,14.655822666202246,14.356539225152542,14.592338562011719,96500,0.0,0.0
2020-02-04 00:00:00-05:00,14.664892083002917,14.737445592110053,14.546993279383363,14.637683868408203,95000,0.0,0.0
2020-02-05 00:00:00-05:00,14.809998715932101,14.918829841667593,14.655822296863859,14.900691032409668,157000,0.0,0.0
2020-02-06 00:00:00-05:00,15.000453836578913,15.027660322618104,14.891622702985599,14.973245620727539,128400,0.0,0.0
2020-02-07 00:00:00-05:00,14.973244256292837,14.973244256292837,14.782790222312675,14.79185962677002,68200,0.0,0.0
2020-02-10 00:00:00-05:00,14.819067078857959,14.864412369003174,14.746513576738451,14.83720588684082,75200,0.0,0.0
2020-02-11 00:00:00-05:00,14.909759405241306,14.991382311441376,14.755582996842504,14.882551193237305,69900,0.0,0.0
2020-02-12 00:00:00-05:00,14.946037158562357,14.96417596883101,14.791860730903126,14.82813835144043,97000,0.0,0.0
2020-02-13 00:00:00-05:00,14.773722827228312,14.918829841667593,14.773722827228312,14.900691032409668,53100,0.0,0.0
2020-02-14 00:00:00-05:00,14.900691547460282,15.093253491028042,14.900691547460282,15.056575775146484,77400,0.18,0.0
2020-02-18 00:00:00-05:00,15.084083017729967,15.084083017729967,14.864009760922361,14.92819881439209,60300,0.0,0.0
2020-02-19 00:00:00-05:00,14.974048965340032,14.974048965340032,14.744807553287078,14.790655136108398,93800,0.0,0.0
2020-02-20 00:00:00-05:00,14.717298329930447,14.8456747132592,14.634772154053294,14.808995246887207,97500,0.0,0.0
2020-02-21 00:00:00-05:00,14.836504423166344,14.89152187218067,14.634771736311786,14.680620193481445,148000,0.0,0.0
2020-02-24 00:00:00-05:00,14.44220818583241,14.543074086918308,14.31383268714319,14.387189865112305,80600,0.0,0.0
2020-02-25 00:00:00-05:00,14.414698893667238,14.44220761569806,14.066251874826301,14.148778915405273,123400,0.0,0.0
2020-02-26 00:00:00-05:00,14.286324452973048,14.579753174892046,14.185458548435035,14.488057136535645,128100,0.0,0.0
2020-02-27 00:00:00-05:00,14.286323754082487,14.286323754082487,13.708635330200195,13.708635330200195,145200,0.0,0.0
2020-02-28 00:00:00-05:00,13.47939312524826,13.47939312524826,12.90170473601793,13.305170059204102,243800,0.0,0.0
2020-03-02 00:00:00-05:00,13.360188951842579,13.726975728605304,13.167626134525955,13.717805862426758,93100,0.0,0.0
2020-03-03 00:00:00-05:00,13.726974215329541,14.18545697987441,13.6077685916095,13.763652801513672,144600,0.0,0.0
2020-03-04 00:00:00-05:00,14.0112343659265,14.323002815246582,13.910368462993878,14.323002815246582,116200,0.0,0.0
2020-03-05 00:00:00-05:00,13.910366887379485,14.139608265385757,13.406035680868396,13.827839851379395,139500,0.0,0.0
2020-03-06 00:00:00-05:00,13.561921344183414,14.038743881392314,13.250152896698603,14.011234283447266,193100,0.0,0.0
2020-03-09 00:00:00-04:00,13.552750323925359,13.552750323925359,10.8201934571451,10.985246658325195,441200,0.0,0.0
2020-03-10 00:00:00-04:00,11.278677069960509,11.920552815920455,11.186980160043426,11.874704360961914,256200,0.0,0.0
2020-03-11 00:00:00-04:00,11.874704421606145,11.874704421606145,11.131962770533454,11.416221618652344,233300,0.0,0.0
2020-03-12 00:00:00-04:00,10.719327651235618,11.14113186898364,10.040773306223839,10.756006240844727,358200,0.0,0.0
2020-03-13 00:00:00-04:00,11.297015969051978,12.388205528259277,10.700988675845219,12.388205528259277,327300,0.0,0.0
2020-03-16 00:00:00-04:00,11.003587495729917,11.269507491897262,9.61896919264046,9.78402328491211,557800,0.0,0.0
2020-03-17 00:00:00-04:00,9.866549383865546,10.077451037533729,9.279691125616136,9.811531066894531,350500,0.0,0.0
2020-03-18 00:00:00-04:00,9.362217650516127,9.453914548944754,8.28019809679866,8.509439468383789,435600,0.0,0.0
2020-03-19 00:00:00-04:00,8.463591274467566,9.527272005276325,7.913412490759372,8.931243896484375,435600,0.0,0.0
2020-03-20 00:00:00-04:00,8.98626274155346,9.59145987653287,8.344387018832466,9.087128639221191,517500,0.0,0.0
2020-03-23 00:00:00-04:00,9.022942002317194,9.087129317031078,7.950092137743712,8.353556632995605,319700,0.0,0.0
2020-03-24 00:00:00-04:00,8.73868288974713,8.967924315103987,8.170164259800522,8.536951065063477,396400,0.0,0.0
2020-03-25 00:00:00-04:00,8.766191905980028,9.398897813008453,8.381066267097829,8.894566535949707,240500,0.0,0.0
2020-03-26 00:00:00-04:00,8.986262743189775,10.361711095479437,8.903735702134552,10.28835391998291,225600,0.0,0.0
2020-03-27 00:00:00-04:00,9.811531749692383,10.104961336480494,9.444745859315423,9.56395149230957,199400,0.0,0.0
2020-03-30 00:00:00-04:00,9.490593131303978,9.820700391497885,9.270520750021607,9.655646324157715,248000,0.0,0.0
2020-03-31 00:00:00-04:00,9.563950696673029,9.985754872759408,9.417236352727587,9.958245277404785,263400,0.0,0.0
2020-04-01 00:00:00-04:00,9.261351890867553,9.36221778095521,8.867056446411953,9.05044937133789,235600,0.0,0.0
2020-04-02 00:00:00-04:00,8.995431927590102,9.417236091998245,8.95875334261924,9.279690742492676,442500,0.0,0.0
2020-04-03 00:00:00-04:00,8.986263411441808,9.206334954296732,8.894566498008968,9.123807907104492,313700,0.0,0.0
2020-04-06 00:00:00-04:00,9.536441644459645,9.765683038552295,8.784530151671438,9.37138843536377,379000,0.0,0.0
2020-04-07 00:00:00-04:00,9.80236125886364,9.857379576155772,9.059619659582008,9.151315689086914,261700,0.0,0.0
2020-04-08 00:00:00-04:00,9.353048681736485,9.628138528887723,9.151316010560707,9.600629806518555,269700,0.0,0.0
2020-04-09 00:00:00-04:00,9.930736228268161,11.06777323074613,9.930736228268161,11.05860424041748,264900,0.0,0.0
2020-04-13 00:00:00-04:00,11.021925949590294,11.021925949590294,10.535933595266737,10.82019329071045,158400,0.0,0.0
2020-04-14 00:00:00-04:00,11.141132755717434,11.306186859338519,10.086622564661146,10.334203720092773,292400,0.0,0.0
2020-04-15 00:00:00-04:00,9.875719801352307,10.049942878277749,9.527272773014897,9.738174438476562,296200,0.0,0.0
2020-04-16 00:00:00-04:00,9.692327541300767,10.059114360075512,9.307201862554951,10.004096031188965,334000,0.0,0.0
2020-04-17 00:00:00-04:00,10.242505610622228,10.655139947210913,10.08662139187971,10.425898551940918,243300,0.0,0.0
2020-04-20 00:00:00-04:00,10.306693364616997,10.444238732384918,10.004094779808755,10.297523498535156,259100,0.0,0.0
2020-04-21 00:00:00-04:00,9.875719500016,10.370880867389532,9.875719500016,10.260844230651855,228700,0.0,0.0
2020-04-22 00:00:00-04:00,10.609292980421477,10.609292980421477,10.004095751992775,10.04077434539795,171300,0.0,0.0
2020-04-23 00:00:00-04:00,10.040774625617773,10.297524786619425,9.848211786244866,10.004096031188965,184200,0.0,0.0
2020-04-24 00:00:00-04:00,10.077451397721436,10.517595325761715,9.820701283148406,10.315862655639648,165700,0.0,0.0
2020-04-27 00:00:00-04:00,10.425898582749415,11.425391208997928,10.425898582749415,11.168641090393066,279600,0.0,0.0
2020-04-28 00:00:00-04:00,11.306184247411284,11.727988401286952,11.241996943936647,11.63629150390625,165400,0.0,0.0
2020-04-29 00:00:00-04:00,11.737158256693384,12.470730811702925,11.737158256693384,12.296506881713867,220200,0.0,0.0
2020-04-30 00:00:00-04:00,11.957231129071465,12.223151112310928,11.792177044824031,11.911382675170898,202700,0.0,0.0
2020-05-01 00:00:00-04:00,11.507918910375675,11.709651595216396,11.269507635062691,11.434561729431152,194600,0.0,0.0
2020-05-04 00:00:00-04:00,11.2328275822767,11.443729231414924,11.040264788743928,11.27867603302002,177000,0.0,0.0
2020-05-05 00:00:00-04:00,11.544595756092713,11.636291781171895,11.086113007237476,11.141130447387695,166000,0.0,0.0
2020-05-06 00:00:00-04:00,11.150302760061953,11.269508405871845,10.939401069042894,11.012758255004883,147300,0.0,0.0
2020-05-07 00:00:00-04:00,11.241998267137314,11.443730065940727,10.994417139760587,11.168641090393066,153400,0.0,0.0
2020-05-08 00:00:00-04:00,11.471241052933769,11.993911219184575,11.471241052933769,11.78300952911377,181500,0.0,0.0
2020-05-11 00:00:00-04:00,11.48957985639026,11.709652286706335,11.186981248503113,11.471240997314453,206800,0.0,0.0
2020-05-12 00:00:00-04:00,11.471239592235584,11.57210549101432,10.884381307419666,10.911890029907227,191100,0.0,0.0
2020-05-13 00:00:00-04:00,10.719325867892392,10.902719659913794,10.095789948273419,10.380048751831055,205700,0.0,0.0
2020-05-14 00:00:00-04:00,10.053926983891435,10.156422676235833,9.615989228208106,10.128469467163086,290000,0.18,0.0
2020-05-15 00:00:00-04:00,10.109835054787556,10.34278055477237,9.970067221626731,10.240283966064453,149800,0.0,0.0
2020-05-18 00:00:00-04:00,10.212329489055675,11.18138261333323,10.212329489055675,11.106840133666992,215600,0.0,0.0
2020-05-19 00:00:00-04:00,11.032298839905426,11.153430604538102,10.724810856075,10.76208209991455,121400,0.0,0.0
2020-05-20 00:00:00-04:00,10.995026588439941,11.069569069287686,10.622313295584751,10.995026588439941,135000,0.0,0.0
2020-05-21 00:00:00-04:00,10.995027420002856,11.209336846494404,10.98570938703804,11.078887939453125,107100,0.0,0.0
2020-05-22 00:00:00-04:00,11.181381953404493,11.330466903937928,10.762080307875104,11.321148872375488,159300,0.0,0.0
2020-05-26 00:00:00-04:00,11.554095683210987,12.04794075047362,11.488871231866169,11.91749095916748,194300,0.0,0.0
2020-05-27 00:00:00-04:00,12.224978885105548,12.411335094451449,11.591366884712988,12.150436401367188,214200,0.0,0.0
2020-05-28 00:00:00-04:00,12.392699897363872,12.392699897363872,11.908172865248021,11.945444107055664,128500,0.0,0.0
2020-05-29 00:00:00-04:00,11.740451920251957,11.861582781398436,11.507506452696294,11.628637313842773,119500,0.0,0.0
2020-06-01 00:00:00-04:00,11.74977011822539,12.159754675547392,11.53546069537438,11.982715606689453,136100,0.0,0.0
2020-06-02 00:00:00-04:00,12.159753859477348,12.271567579802031,11.992032834682094,12.131800651550293,78800,0.0,0.0
2020-06-03 00:00:00-04:00,12.43928822247324,12.644279592463107,12.280885234725158,12.560419082641602,144300,0.0,0.0
2020-06-04 00:00:00-04:00,12.523148516364293,12.523148516364293,12.187707347676344,12.346110343933105,84100,0.0,0.0
2020-06-05 00:00:00-04:00,13.091536642683526,13.147443062346362,12.60700959965085,13.007676124572754,244100,0.0,0.0
2020-06-08 00:00:00-04:00,12.905180231431782,13.203350168035891,12.774730439859232,12.914497375488281,257700,0.0,0.0
2020-06-09 00:00:00-04:00,12.588374333384017,12.849273030066026,12.513831848617729,12.65359878540039,121100,0.0,0.0
2020-06-10 00:00:00-04:00,12.812001151823425,12.812001151823425,12.13180078993525,12.22497844696045,196700,0.0,0.0
2020-06-11 00:00:00-04:00,11.619320465893692,11.889537179583476,11.349103752203906,11.460917472839355,236400,0.0,0.0
2020-06-12 00:00:00-04:00,12.01066976731346,12.01066976731346,11.516824689408084,11.95476245880127,125400,0.0,0.0
2020-06-15 00:00:00-04:00,11.656591409753288,11.684544617047365,11.442281117521532,11.628637313842773,265500,0.0,0.0
2020-06-16 00:00:00-04:00,11.954762777443726,12.169073095733419,11.647274793972183,11.964080810546875,207700,0.0,0.0
2020-06-17 00:00:00-04:00,12.038623415925862,12.038623415925862,11.647274907930088,11.675228118896484,115400,0.0,0.0
2020-06-18 00:00:00-04:00,11.35842142565532,11.889537734220411,11.35842142565532,11.740452766418457,138500,0.0,0.0
2020-06-19 00:00:00-04:00,11.889538252838532,11.926809496414782,11.721817212437141,11.814995765686035,234300,0.0,0.0
2020-06-22 00:00:00-04:00,11.796359454736,12.01066976731346,11.582050030775061,11.95476245880127,98400,0.0,0.0
2020-06-23 00:00:00-04:00,12.075894541935023,12.15975506263027,11.80567780225953,11.964080810546875,109900,0.0,0.0
2020-06-24 00:00:00-04:00,11.749769870465887,11.908172870370633,10.929801661728522,11.33046817779541,239100,0.0,0.0
2020-06-25 00:00:00-04:00,11.227971249199054,11.796357846608373,11.227971249199054,11.759086608886719,157500,0.0,0.0
2020-06-26 00:00:00-04:00,11.749769362326818,11.842947907164591,11.311832511992089,11.460917472839355,338900,0.0,0.0
2020-06-29 00:00:00-04:00,11.64727442320315,12.019986849299043,11.507507485571319,11.982715606689453,168600,0.0,0.0
2020-06-30 00:00:00-04:00,11.908173378619201,12.085212451300178,11.824312858782585,12.047941207885742,171900,0.0,0.0
2020-07-01 00:00:00-04:00,11.936126190118895,12.346109823453668,11.936126190118895,12.271567344665527,126300,0.0,0.0
2020-07-02 00:00:00-04:00,12.625644768653906,12.644279944345941,12.04794010433755,12.3367919921875,162400,0.0,0.0
2020-07-06 00:00:00-04:00,12.746776824846897,12.886543756028482,12.12248287348506,12.141118049621582,136800,0.0,0.0
2020-07-07 00:00:00-04:00,11.926808892938777,11.973398167205886,11.516824345728008,11.563413619995117,125100,0.0,0.0
2020-07-08 00:00:00-04:00,11.479553284320732,11.703181626591578,11.302515105665176,11.451600074768066,136200,0.0,0.0
2020-07-09 00:00:00-04:00,11.34910467511703,11.34910467511703,10.9391201108305,11.078887939453125,121600,0.0,0.0
2020-07-10 00:00:00-04:00,11.004344446280026,11.265243125111862,11.004344446280026,11.106840133666992,115300,0.0,0.0
2020-07-13 00:00:00-04:00,11.144112010203028,11.33046822001582,11.004345074997559,11.097522735595703,138400,0.0,0.0
2020-07-14 00:00:00-04:00,11.032297002871056,11.330466903937928,11.022978971308616,11.321148872375488,132000,0.0,0.0
2020-07-15 00:00:00-04:00,11.693863452038624,11.777723968296018,11.321150145185367,11.33046817779541,166300,0.0,0.0
2020-07-16 00:00:00-04:00,11.330468482215164,11.330468482215164,10.976391231068876,11.134794235229492,105900,0.0,0.0
2020-07-17 00:00:00-04:00,11.153430180483127,11.39569281192107,11.013662354936395,11.21865463256836,117700,0.0,0.0
2020-07-20 00:00:00-04:00,11.144111990550156,11.162747167190322,10.873895264644014,10.89253044128418,124700,0.0,0.0
2020-07-21 00:00:00-04:00,11.116158165779385,11.367738812498827,11.078886925946266,11.106840133666992,151600,0.0,0.0
2020-07-22 00:00:00-04:00,10.99502700138233,11.40501066144276,10.99502700138233,11.33046817779541,165100,0.0,0.0
2020-07-23 00:00:00-04:00,11.283879605856738,11.535461170291514,11.19070193980488,11.498189926147461,306700,0.0,0.0
2020-07-24 00:00:00-04:00,11.51682412399853,11.554095364971348,11.274561501983452,11.293196678161621,87700,0.0,0.0
2020-07-27 00:00:00-04:00,11.358421586082901,11.432964959653239,11.125476098448074,11.423646926879883,195500,0.0,0.0
2020-07-28 00:00:00-04:00,11.349104064239297,11.516824205495585,11.274561581766173,11.442281723022461,158400,0.0,0.0
2020-07-29 00:00:00-04:00,11.554095668049511,11.880219701578664,11.554095668049511,11.740452766418457,198600,0.0,0.0
2020-07-30 00:00:00-04:00,11.516823454720967,11.600683964190537,11.34910332439825,11.535459518432617,150700,0.0,0.0
2020-07-31 00:00:00-04:00,11.460917472839355,11.488870680844103,11.1813827269425,11.460917472839355,162900,0.0,0.0
2020-08-03 00:00:00-04:00,11.526142943109106,11.526142943109106,11.33978672552533,11.432965278625488,199100,0.0,0.0
2020-08-04 00:00:00-04:00,11.293196915455699,11.833630365225456,11.293196915455699,11.76840591430664,154700,0.0,0.0
2020-08-05 00:00:00-04:00,11.982715844998994,11.982715844998994,11.54477895778086,11.665910720825195,132700,0.0,0.0
2020-08-06 00:00:00-04:00,11.7590864740711,12.718821500862807,11.7590864740711,12.308837890625,367500,0.0,0.0
2020-08-07 00:00:00-04:00,12.27156626553552,12.886542105766507,12.178387730936004,12.793363571166992,233200,0.0,0.0
2020-08-10 00:00:00-04:00,12.886545308191952,13.054266356704764,12.625646590540478,12.802684783935547,274400,0.0,0.0
2020-08-11 00:00:00-04:00,13.044947274731662,13.128807792247866,12.569738267884189,12.65359878540039,258000,0.0,0.0
2020-08-12 00:00:00-04:00,12.858590270574062,13.054264503183841,12.746776550313681,12.979722023010254,214200,0.0,0.0
2020-08-13 00:00:00-04:00,12.989039723349855,12.989039723349855,12.6535985481899,12.821319580078125,187700,0.0,0.0
2020-08-14 00:00:00-04:00,12.849642414739627,12.915732298993575,12.67969918475989,12.717464447021484,88100,0.18,0.0
2020-08-17 00:00:00-04:00,12.717464077810469,12.896848843246458,12.641933555480067,12.887407302856445,149700,0.0,0.0
2020-08-18 00:00:00-04:00,12.887407677001223,12.887407677001223,12.585285578908467,12.717464447021484,102100,0.0,0.0
2020-08-19 00:00:00-04:00,12.802435874938965,12.877966395702455,12.679698553599588,12.802435874938965,162900,0.0,0.0
2020-08-20 00:00:00-04:00,12.670258267777902,13.085676173104016,12.670258267777902,13.038470268249512,192800,0.0,0.0
2020-08-21 00:00:00-04:00,13.000704627634025,13.321708913165141,12.87796729769791,13.208413124084473,394600,0.0,0.0
2020-08-24 00:00:00-04:00,13.378358132580782,13.435005580627283,12.830761332691521,13.114001274108887,235800,0.0,0.0
2020-08-25 00:00:00-04:00,13.255620479759417,13.265062021007886,12.840202569171,13.180089950561523,152000,0.0,0.0
2020-08-26 00:00:00-04:00,13.180088920382747,13.180088920382747,12.981821071636505,13.132882118225098,114900,0.0,0.0
2020-08-27 00:00:00-04:00,13.18953172659616,13.425564859639923,13.18953172659616,13.368916511535645,88500,0.0,0.0
2020-08-28 00:00:00-04:00,13.350033146433823,13.482211112976074,13.198971198336459,13.482211112976074,89500,0.0,0.0
2020-08-31 00:00:00-04:00,13.548302098383559,13.765452147015722,13.472771568390204,13.727686882019043,301100,0.0,0.0
2020-09-01 00:00:00-04:00,13.65215579365091,14.029808428171652,13.633272711727422,14.010926246643066,210300,0.0,0.0
2020-09-02 00:00:00-04:00,14.048690631259744,14.067572811607128,13.90707022687755,14.05813217163086,245800,0.0,0.0
2020-09-03 00:00:00-04:00,14.058133363061124,14.209194420222047,13.840982418096102,13.94483757019043,229200,0.0,0.0
2020-09-04 00:00:00-04:00,14.039250299335968,14.13366391038421,13.57662558606842,13.689921379089355,166800,0.0,0.0
2020-09-08 00:00:00-04:00,13.68991975636195,13.708802836491273,13.416121397250505,13.472769737243652,139000,0.0,0.0
2020-09-09 00:00:00-04:00,13.576626065884826,13.822100742969722,13.406681920149904,13.463330268859863,105900,0.0,0.0
2020-09-10 00:00:00-04:00,13.444446313729706,13.491653117860036,13.104558944702148,13.104558944702148,97200,0.0,0.0
2020-09-11 00:00:00-04:00,13.104558141216188,13.104558141216188,12.792994513611918,12.944055557250977,232700,0.0,0.0
2020-09-14 00:00:00-04:00,13.057351594625214,13.4633288326187,13.057351594625214,13.387798309326172,193500,0.0,0.0
2020-09-15 00:00:00-04:00,13.519977474339845,14.095898891032858,13.387799497048944,13.727686882019043,143800,0.0,0.0
2020-09-16 00:00:00-04:00,13.822100092495127,14.095898480852442,13.737128023626491,14.001484870910645,160700,0.0,0.0
2020-09-17 00:00:00-04:00,14.00148455032973,14.143104061604962,13.699362446065292,13.765451431274414,299100,0.0,0.0
2020-09-18 00:00:00-04:00,13.83154009456378,13.935395240783691,13.501094275814177,13.935395240783691,418700,0.0,0.0
2020-09-21 00:00:00-04:00,14.16198629492195,14.16198629492195,13.076234372469203,13.198970794677734,248900,0.0,0.0
2020-09-22 00:00:00-04:00,13.265061393452394,13.453887707513962,12.981821472162595,13.161206245422363,129800,0.0,0.0
2020-09-23 00:00:00-04:00,13.10455901849115,13.198971726888528,12.424783376213465,12.443666458129883,286400,0.0,0.0
2020-09-24 00:00:00-04:00,12.509755776759043,12.75523044583174,12.320929454547327,12.424783706665039,153200,0.0,0.0
2020-09-25 00:00:00-04:00,12.42478384870293,12.868526386269446,12.42478384870293,12.821319580078125,158700,0.0,0.0
2020-09-28 00:00:00-04:00,12.944056047120803,13.208412883493782,12.698581391719884,13.170647621154785,371200,0.0,0.0
2020-09-29 00:00:00-04:00,13.095117900619272,13.161206888672178,12.802437324617891,12.92517375946045,276200,0.0,0.0
2020-09-30 00:00:00-04:00,13.00070502142675,13.21785506531014,12.670258284636027,12.783554077148438,117200,0.0,0.0
2020-10-01 00:00:00-04:00,13.27450174161501,13.425562779292283,13.019585565238508,13.378355979919434,143100,0.0,0.0
2020-10-02 00:00:00-04:00,13.142324294830035,13.642714260972562,13.142324294830035,13.604948997497559,116700,0.0,0.0
2020-10-05 00:00:00-04:00,13.642712895996194,13.689919695715556,13.368914538097675,13.576623916625977,102300,0.0,0.0
2020-10-06 00:00:00-04:00,13.652154922485352,13.89762956945716,13.453887076915022,13.652154922485352,160100,0.0,0.0
2020-10-07 00:00:00-04:00,13.652156352025688,13.82210049470821,13.472771568390204,13.727686882019043,101400,0.0,0.0
2020-10-08 00:00:00-04:00,14.152544310732397,14.161985850727637,13.774891714870918,13.831539154052734,140400,0.0,0.0
2020-10-09 00:00:00-04:00,13.954277010823057,13.954277010823057,13.595506580724608,13.652154922485352,59200,0.0,0.0
2020-10-12 00:00:00-04:00,13.63327215850211,13.803216287337724,13.491652651402344,13.737127304077148,77700,0.0,0.0
2020-10-13 00:00:00-04:00,13.567183089064834,13.642713612424267,13.274502536145748,13.283943176269531,107300,0.0,0.0
2020-10-14 00:00:00-04:00,13.255618786979223,13.359473026265114,13.057350948055385,13.066792488098145,66000,0.0,0.0
2020-10-15 00:00:00-04:00,12.981820388584106,13.416121324872531,12.934613588910292,13.321707725524902,125100,0.0,0.0
2020-10-16 00:00:00-04:00,13.312267126840956,13.312267126840956,13.057350948055385,13.066792488098145,63200,0.0,0.0
2020-10-19 00:00:00-04:00,13.095117974048282,13.180090045104162,12.934615373252717,12.972380638122559,71600,0.0,0.0
2020-10-20 00:00:00-04:00,13.132882598030692,13.31226827270459,13.047910531121467,13.208413124084473,89800,0.0,0.0
2020-10-21 00:00:00-04:00,13.170647845659676,13.331150438435035,13.0007046124348,13.312268257141113,87800,0.0,0.0
2020-10-22 00:00:00-04:00,13.283942465864815,13.463328124546345,13.274501826245903,13.321707725524902,79600,0.0,0.0
2020-10-23 00:00:00-04:00,13.378356768815891,13.444445751598138,13.27450252438738,13.387798309326172,61800,0.0,0.0
2020-10-26 00:00:00-04:00,13.189530603672779,13.227295865728744,12.915732228668313,13.076234817504883,82100,0.0,0.0
2020-10-27 00:00:00-04:00,13.010144769541144,13.189530437340917,12.821318461642587,12.83076000213623,52900,0.0,0.0
2020-10-28 00:00:00-04:00,12.745788004625284,12.792994806943609,12.453106550567556,12.471989631652832,105700,0.0,0.0
2020-10-29 00:00:00-04:00,12.500314058399576,13.038470194570065,12.37757672560262,12.991263389587402,104800,0.0,0.0
2020-10-30 00:00:00-04:00,12.96293724991733,13.047909308866851,12.660815174003304,12.868524551391602,129100,0.0,0.0
2020-11-02 00:00:00-05:00,13.010145262179167,13.076235147742345,12.849642669289139,13.057352066040039,74800,0.0,0.0
2020-11-03 00:00:00-05:00,13.2839431645028,13.519976274890666,13.132882117917742,13.387798309326172,85700,0.0,0.0
2020-11-04 00:00:00-05:00,13.22729707059684,13.331151325612062,13.010146118698712,13.114001274108887,59200,0.0,0.0
2020-11-05 00:00:00-05:00,13.047909903929297,13.482210858059823,13.047909903929297,13.293384552001953,105700,0.0,0.0
2020-11-06 00:00:00-05:00,13.425562906169603,13.425562906169603,12.925172088641222,13.066792488098145,143300,0.0,0.0
2020-11-09 00:00:00-05:00,13.604947536435342,14.53963838235957,13.340590720500115,13.378355979919434,250100,0.0,0.0
2020-11-10 00:00:00-05:00,13.56718358101596,14.199752412384536,13.548301399688858,13.916512489318848,420100,0.0,0.0
2020-11-11 00:00:00-05:00,13.878746502690138,13.878746502690138,13.529417612599795,13.803215980529785,88800,0.0,0.0
2020-11-12 00:00:00-05:00,13.661598065974971,13.671038707047208,13.12344190747954,13.416123390197754,184600,0.0,0.0
2020-11-13 00:00:00-05:00,13.502184666680122,13.664746454362437,13.377872657749725,13.60737133026123,104200,0.18,0.0
2020-11-16 00:00:00-05:00,13.712558582303673,13.970744354801736,13.62649635415544,13.961182594299316,181500,0.0,0.0
2020-11-17 00:00:00-05:00,13.827307708469062,14.17155570395229,13.769932586581879,14.018556594848633,100600,0.0,0.0
2020-11-18 00:00:00-05:00,14.13330513987287,14.2480544653125,13.70299494148762,13.72212028503418,119400,0.0,0.0
2020-11-19 00:00:00-05:00,13.626496130372113,13.789057911549826,13.540433903637249,13.779495239257812,79300,0.0,0.0
2020-11-20 00:00:00-05:00,13.626496326653323,13.722121227057615,13.463934543134009,13.674308776855469,162500,0.0,0.0
2020-11-23 00:00:00-05:00,13.789058110172638,13.942057221262194,13.626496326653323,13.674308776855469,111400,0.0,0.0
2020-11-24 00:00:00-05:00,13.932494576952147,14.123744378146727,13.827307915852439,13.961182594299316,137000,0.0,0.0
2020-11-25 00:00:00-05:00,13.96118237747861,14.037681931989729,13.769932579254188,13.82730770111084,85100,0.0,0.0
2020-11-27 00:00:00-05:00,13.789057916311583,13.875120143076165,13.588246357843097,13.636058807373047,191000,0.0,0.0
2020-11-30 00:00:00-05:00,13.636059369036232,13.903807820707108,13.578684244847713,13.702996253967285,167500,0.0,0.0
2020-12-01 00:00:00-05:00,13.88468378382554,14.209806457023863,13.808183312073757,14.066370010375977,186700,0.0,0.0
2020-12-02 00:00:00-05:00,14.075932683338285,14.22893180294848,13.942057997706021,14.066370010375977,105700,0.0,0.0
2020-12-03 00:00:00-05:00,14.114181518554688,14.314993077589081,14.056806396567735,14.114181518554688,94600,0.0,0.0
2020-12-04 00:00:00-05:00,14.257618332696138,14.343680561979479,14.152431670209083,14.334117889404297,108400,0.0,0.0
2020-12-07 00:00:00-05:00,14.343679252903108,14.630553020350483,14.257617031474238,14.496678352355957,124800,0.0,0.0
2020-12-08 00:00:00-05:00,14.391492097644909,14.620990753173828,14.381929425677889,14.620990753173828,154300,0.0,0.0
2020-12-09 00:00:00-05:00,14.64011707360868,14.936552628785906,14.544492171453454,14.7166166305542,150700,0.0,0.0
2020-12-10 00:00:00-05:00,14.630553814130812,14.69749069578645,14.42974225721728,14.554054260253906,180400,0.0,0.0
2020-12-11 00:00:00-05:00,14.467992380705665,14.563616369368956,14.334117702241087,14.487116813659668,122500,0.0,0.0
2020-12-14 00:00:00-05:00,14.534928732641857,15.041738498676185,14.506241628286187,14.850489616394043,178500,0.0,0.0
2020-12-15 00:00:00-05:00,14.965239185988036,15.2329885374276,14.783552972890194,15.22342586517334,222000,0.0,0.0
2020-12-16 00:00:00-05:00,15.261676977395837,15.558113459585002,15.118240528820024,15.2999267578125,206100,0.0,0.0
2020-12-17 00:00:00-05:00,15.433799827898602,15.86411097785215,15.357300270561673,15.816299438476562,234000,0.0,0.0
2020-12-18 00:00:00-05:00,15.8736727487938,15.940609629674563,14.754865646362305,14.754865646362305,929800,0.0,0.0
2020-12-21 00:00:00-05:00,14.573179810422147,14.793116728646009,14.372368238107615,14.448867797851562,178200,0.0,0.0
2020-12-22 00:00:00-05:00,14.467990679117788,14.563614656534694,14.37236578975435,14.429740905761719,138500,0.0,0.0
2020-12-23 00:00:00-05:00,14.391493012908741,14.716616584891739,14.295868111050217,14.334117889404297,136800,0.0,0.0
2020-12-24 00:00:00-05:00,14.439303961591039,14.487115495599399,14.248054177771378,14.362804412841797,89500,0.0,0.0
2020-12-28 00:00:00-05:00,14.401055335998535,14.506241995932916,14.343680213886472,14.401055335998535,168300,0.0,0.0
2020-12-29 00:00:00-05:00,14.477554433943292,14.477554433943292,14.028118879413832,14.085493087768555,442500,0.0,0.0
2020-12-30 00:00:00-05:00,14.181118204145344,14.276743102147869,14.037681769088174,14.219367980957031,140900,0.0,0.0
2020-12-31 00:00:00-05:00,14.238493535158405,14.314993089909096,14.085493513710396,14.161993980407715,225000,0.0,0.0
2021-01-04 00:00:00-05:00,14.20024293033925,14.219367361939236,13.7125576132609,13.72212028503418,167700,0.0,0.0
2021-01-05 00:00:00-05:00,13.731683569861017,13.999432937568843,13.693433790466568,13.836871147155762,233600,0.0,0.0
2021-01-06 00:00:00-05:00,13.989870080940657,14.381930542569716,13.961182974758367,14.228931427001953,194400,0.0,0.0
2021-01-07 00:00:00-05:00,14.228929842042493,14.228929842042493,13.808181409151619,13.970743179321289,116300,0.0,0.0
2021-01-08 00:00:00-05:00,13.989869715506389,14.29586793864883,13.989869715506389,14.200243949890137,98700,0.0,0.0
2021-01-11 00:00:00-05:00,14.16199433879014,14.276743673820015,13.884683217814613,13.951620101928711,110900,0.0,0.0
2021-01-12 00:00:00-05:00,13.922931868086472,14.18111762299816,13.798619870556188,14.104618072509766,121500,0.0,0.0
2021-01-13 00:00:00-05:00,14.075931341211678,14.238493118284072,14.037681564956209,14.133305549621582,129200,0.0,0.0
2021-01-14 00:00:00-05:00,14.257617602767944,14.496678933228699,14.114181169270132,14.467991828918457,144900,0.0,0.0
2021-01-15 00:00:00-05:00,14.295867765216883,14.764427766706016,14.238493555047038,14.735740661621094,186600,0.0,0.0
2021-01-19 00:00:00-05:00,14.831365554442359,14.86961533185379,14.39149265823757,14.5444917678833,116500,0.0,0.0
2021-01-20 00:00:00-05:00,14.534928732641857,14.869614960595559,14.48711628408467,14.850489616394043,130200,0.0,0.0
2021-01-21 00:00:00-05:00,14.869614766792479,14.869614766792479,14.410616543351086,14.668803215026855,110400,0.0,0.0
2021-01-22 00:00:00-05:00,14.582741752747566,14.869615543387665,14.477555091356408,14.821803092956543,210800,0.0,0.0
2021-01-25 00:00:00-05:00,14.697490111998444,14.898301660935692,14.420179012222873,14.726177215576172,116200,0.0,0.0
2021-01-26 00:00:00-05:00,14.821802888822491,14.840928233510192,14.59230422424985,14.735740661621094,109300,0.0,0.0
2021-01-27 00:00:00-05:00,14.48711679737837,14.57317902544126,14.19068124732468,14.248055458068848,170700,0.0,0.0
2021-01-28 00:00:00-05:00,14.410616874694824,14.563615982044338,14.190680885866552,14.410616874694824,129300,0.0,0.0
2021-01-29 00:00:00-05:00,14.334117681359917,14.477555032065863,13.999432353605986,14.056806564331055,157200,0.0,0.0
2021-02-01 00:00:00-05:00,14.114181725836081,14.448867054510856,13.951619941756725,14.39149284362793,119900,0.0,0.0
2021-02-02 00:00:00-05:00,14.467992791812495,14.821803475008123,14.31499367604646,14.707054138183594,119700,0.0,0.0
2021-02-03 00:00:00-05:00,14.726177989277243,14.81224021647864,14.525366429789525,14.735740661621094,93100,0.0,0.0
2021-02-04 00:00:00-05:00,14.726177651937828,15.347736748903712,14.726177651937828,15.13736343383789,299000,0.0,0.0
2021-02-05 00:00:00-05:00,15.290361969378424,15.34773617609264,15.09911309375341,15.213862419128418,175200,0.0,0.0
2021-02-08 00:00:00-05:00,15.299925612208417,15.299925612208417,15.175613607175627,15.261675834655762,153400,0.0,0.0
2021-02-09 00:00:00-05:00,15.366862138106903,15.758922576904297,15.280799912625211,15.758922576904297,272700,0.0,0.0
2021-02-10 00:00:00-05:00,15.778050560889255,16.237047957653406,15.768487887136645,16.150985717773438,367800,0.0,0.0
2021-02-11 00:00:00-05:00,16.150983437626024,16.48566967614329,16.04579768898417,16.456981658935547,302200,0.0,0.0
2021-02-12 00:00:00-05:00,16.22492250706478,16.360290752305083,15.89616947354917,15.983192443847656,176500,0.19,0.0
2021-02-16 00:00:00-05:00,15.944514703111114,15.944514703111114,15.702784640581982,15.838152885437012,172300,0.0,0.0
2021-02-17 00:00:00-05:00,15.828484121290856,15.857490546300967,15.625429924950677,15.71245288848877,151500,0.0,0.0
2021-02-18 00:00:00-05:00,15.712454132943845,15.770468831812819,15.5384081920829,15.760799407958984,254100,0.0,0.0
2021-02-19 00:00:00-05:00,15.847822662472884,15.973523330571963,15.760799690482465,15.886500358581543,273400,0.0,0.0
2021-02-22 00:00:00-05:00,15.8091452900883,16.785734891854414,15.770467597699678,16.727718353271484,269500,0.0,0.0
2021-02-23 00:00:00-05:00,16.689044945489428,16.78573734634593,16.379630738151942,16.398967742919922,162600,0.0,0.0
2021-02-24 00:00:00-05:00,16.485987307421357,16.602018533286845,16.369957925809643,16.514995574951172,105200,0.0,0.0
2021-02-25 00:00:00-05:00,16.437644718112484,16.776067184100906,16.273268197161194,16.45698356628418,187000,0.0,0.0
2021-02-26 00:00:00-05:00,16.534337404846635,16.65036680740466,16.17657608440884,16.505329132080078,442100,0.0,0.0
2021-03-01 00:00:00-05:00,16.756728629961266,16.90176630528585,16.495659707824558,16.505329132080078,121400,0.0,0.0
2021-03-02 00:00:00-05:00,16.418307501392984,17.085483075579795,16.19591625808213,16.834083557128906,265900,0.0,0.0
2021-03-03 00:00:00-05:00,16.756727002184817,17.42390245697228,16.69871230654145,17.356218338012695,348100,0.0,0.0
2021-03-04 00:00:00-05:00,17.307872127245023,17.50125691518234,16.93077381944668,17.211179733276367,271200,0.0,0.0
2021-03-05 00:00:00-05:00,17.375554441175918,17.568939208984375,16.979117326997027,17.568939208984375,252300,0.0,0.0
2021-03-08 00:00:00-05:00,17.675301585728683,18.22644579422708,17.568939775578507,18.178098678588867,214500,0.0,0.0
2021-03-09 00:00:00-05:00,18.323139383248023,18.535861173249046,17.655963897705078,17.655963897705078,174200,0.0,0.0
2021-03-10 00:00:00-05:00,17.73331824971336,18.35214664457881,17.472249329034213,18.245786666870117,212200,0.0,0.0
2021-03-11 00:00:00-05:00,18.516520626258767,18.79692835685736,18.00405412368785,18.21677589416504,249100,0.0,0.0
2021-03-12 00:00:00-05:00,18.497183843117586,18.864614576304657,18.274792624967226,18.642223358154297,365900,0.0,0.0
2021-03-15 00:00:00-04:00,18.68089782205205,18.961305563089397,18.497182469105304,18.89362144470215,222200,0.0,0.0
2021-03-16 00:00:00-04:00,18.8549471250441,18.8549471250441,18.381156367315036,18.709909439086914,141600,0.0,0.0
2021-03-17 00:00:00-04:00,18.43916938140391,18.642223598520996,18.303801132828564,18.62288475036621,106800,0.0,0.0
2021-03-18 00:00:00-04:00,18.74858039767196,18.874281045122366,18.53585863678004,18.719573974609375,142400,0.0,0.0
2021-03-19 00:00:00-04:00,18.75825229599198,18.980643508675858,18.429499266696684,18.458507537841797,613700,0.0,0.0
2021-03-22 00:00:00-04:00,18.60354443983868,18.60354443983868,18.17809903514687,18.2264461517334,276400,0.0,0.0
2021-03-23 00:00:00-04:00,18.10074632092061,18.516522321315694,18.03306219885704,18.236116409301758,238200,0.0,0.0
2021-03-24 00:00:00-04:00,18.30379978346727,18.42949859869867,17.733316714735825,17.781661987304688,196100,0.0,0.0
2021-03-25 00:00:00-04:00,17.733317173624492,18.081409046740525,17.41423357135279,17.965377807617188,199800,0.0,0.0
2021-03-26 00:00:00-04:00,18.10074620620674,18.777591111060943,18.023392660873746,18.74858283996582,495200,0.0,0.0
2021-03-29 00:00:00-04:00,18.59387492188393,18.990312054606072,18.555199073065484,18.73891258239746,272500,0.0,0.0
2021-03-30 00:00:00-04:00,18.60354604835335,19.10634503880308,18.60354604835335,18.825937271118164,274300,0.0,0.0
2021-03-31 00:00:00-04:00,18.787261464835577,18.922629714806316,18.506853696462944,18.53586196899414,496200,0.0,0.0
2021-04-01 00:00:00-04:00,18.68089782205205,18.89362144470215,18.526190738808655,18.89362144470215,281200,0.0,0.0
2021-04-05 00:00:00-04:00,18.951636807169535,19.20303628735567,18.497183120417922,18.767921447753906,271400,0.0,0.0
2021-04-06 00:00:00-04:00,18.73891336415675,18.767921635171202,18.55519984716052,18.680898666381836,217400,0.0,0.0
2021-04-07 00:00:00-04:00,18.70024014193141,19.03866264098065,18.68090129187048,18.912961959838867,391000,0.0,0.0
2021-04-08 00:00:00-04:00,18.854944687375493,19.154689445501624,18.59387577985241,19.038660049438477,301200,0.0,0.0
2021-04-09 00:00:00-04:00,19.106344448587656,19.106344448587656,18.661560172543805,18.729246139526367,194800,0.0,0.0
2021-04-12 00:00:00-04:00,18.63255382058421,18.796930338269977,18.53586142590069,18.57453727722168,161800,0.0,0.0
2021-04-13 00:00:00-04:00,18.526191524252244,18.671229190410262,18.439168555706637,18.61321449279785,223700,0.0,0.0
2021-04-14 00:00:00-04:00,18.6615596326837,19.028990351514963,18.6615596326837,18.767921447753906,263100,0.0,0.0
2021-04-15 00:00:00-04:00,18.85494473853156,19.203036616173424,18.323139342582273,19.10634422302246,919400,0.0,0.0
2021-04-16 00:00:00-04:00,19.203035466030997,19.367411971266304,19.019320114472976,19.338403701782227,454900,0.0,0.0
2021-04-19 00:00:00-04:00,19.33840411236482,19.512450044456735,19.04832878838092,19.454435348510742,476100,0.0,0.0
2021-04-20 00:00:00-04:00,19.34807533550057,20.034587860107422,19.038661136001476,20.034587860107422,490800,0.0,0.0
2021-04-21 00:00:00-04:00,20.034587497227974,20.537386484434034,19.831535124079796,20.49871063232422,407900,0.0,0.0
2021-04-22 00:00:00-04:00,20.556724651229366,20.846799987327184,20.36333986432815,20.692092895507812,211200,0.0,0.0
2021-04-23 00:00:00-04:00,20.70175963584319,20.89514439767719,20.66308379002865,20.750104904174805,242700,0.0,0.0
2021-04-26 00:00:00-04:00,20.79845623849608,21.07886217139391,20.74044153587138,20.866140365600586,206400,0.0,0.0
2021-04-27 00:00:00-04:00,20.7887851849074,20.80812403235153,20.479371002817327,20.556724548339844,188300,0.0,0.0
2021-04-28 00:00:00-04:00,20.672754975863334,20.76944737365398,20.450363751922712,20.479372024536133,113800,0.0,0.0
2021-04-29 00:00:00-04:00,20.508377532377057,20.875808258638568,20.498709952860604,20.692092895507812,114600,0.0,0.0
2021-04-30 00:00:00-04:00,20.58573226217127,20.972499979312577,20.56639341525072,20.817792892456055,212900,0.0,0.0
2021-05-03 00:00:00-04:00,21.030515620199736,21.059523891883188,20.750107860021803,20.962831497192383,258900,0.0,0.0
2021-05-04 00:00:00-04:00,20.98217087531539,21.26257679832668,20.875809054041756,20.991838455200195,221500,0.0,0.0
2021-05-05 00:00:00-04:00,21.02084506581386,21.02084506581386,20.595399658606993,20.904815673828125,161900,0.0,0.0
2021-05-06 00:00:00-04:00,20.87580833853802,21.11753840096273,20.817793639947215,21.049854278564453,195000,0.0,0.0
2021-05-07 00:00:00-04:00,21.088529323704467,21.62033654726979,21.001506357016577,21.3979434967041,197400,0.0,0.0
2021-05-10 00:00:00-04:00,21.571990818550063,21.823390311356953,21.243237777514445,21.368938446044922,343300,0.0,0.0
2021-05-11 00:00:00-04:00,21.204561904980945,21.204561904980945,20.508378127342876,21.078861236572266,204800,0.0,0.0
2021-05-12 00:00:00-04:00,21.078858946888353,21.24323544939155,19.91855585061921,20.092601776123047,314900,0.0,0.0
2021-05-13 00:00:00-04:00,20.053925714083555,20.576063533033906,20.053925714083555,20.40201759338379,273900,0.0,0.0
2021-05-14 00:00:00-04:00,20.480072080319836,20.889868742065183,20.44104480163599,20.665456771850586,389000,0.19,0.0
2021-05-17 00:00:00-04:00,20.636186335089604,20.763029186804655,20.470316202008952,20.684972763061523,287000,0.0,0.0
2021-05-18 00:00:00-04:00,20.58740181066948,20.792299225539107,20.41177439163155,20.421531677246094,213400,0.0,0.0
2021-05-19 00:00:00-04:00,20.15808882741559,20.304444377112773,19.797078595563327,20.265417098999023,150300,0.0,0.0
2021-05-20 00:00:00-04:00,20.236146627264507,20.753271589939043,20.14833291924408,20.73375701904297,278200,0.0,0.0
2021-05-21 00:00:00-04:00,20.811813317813446,21.143553577025685,20.4898303439912,21.075254440307617,689400,0.0,0.0
2021-05-24 00:00:00-04:00,21.153311216120546,21.211853068427494,20.86059823256193,20.94841194152832,258300,0.0,0.0
2021-05-25 00:00:00-04:00,20.95816684473598,20.977681413624026,20.665455755462194,20.704483032226562,340900,0.0,0.0
2021-05-26 00:00:00-04:00,20.802055667988686,20.831327523645854,20.51910184068354,20.753271102905273,220200,0.0,0.0
2021-05-27 00:00:00-04:00,20.958168683042395,20.99719782424185,20.49958744002008,20.597158432006836,966800,0.0,0.0
2021-05-28 00:00:00-04:00,20.714243423132952,20.73375799494755,20.450802286671916,20.69472885131836,210500,0.0,0.0
2021-06-01 00:00:00-04:00,20.74351356478604,21.1240383786306,20.69472713928555,20.98744010925293,240100,0.0,0.0
2021-06-02 00:00:00-04:00,21.163065770335965,21.33869316560201,20.870352824555333,21.280149459838867,423700,0.0,0.0
2021-06-03 00:00:00-04:00,21.397237067336345,21.455778917715605,21.026467672573332,21.387479782104492,263500,0.0,0.0
2021-06-04 00:00:00-04:00,21.41675212551245,21.4655366917708,20.977683585139644,21.367965698242188,246400,0.0,0.0
2021-06-07 00:00:00-04:00,21.49480816895696,22.07047497350771,21.397237177149535,21.943632125854492,318400,0.0,0.0
2021-06-08 00:00:00-04:00,22.08998844373654,22.343672286766793,21.85581917194214,22.138774871826172,547300,0.0,0.0
2021-06-09 00:00:00-04:00,22.314400302232805,22.60711140063598,22.314400302232805,22.402212142944336,382300,0.0,0.0
2021-06-10 00:00:00-04:00,22.48027024118703,22.529054803526904,22.23634370746414,22.372941970825195,230000,0.0,0.0
2021-06-11 00:00:00-04:00,22.372945092160602,22.372945092160602,21.836305526494545,21.91436195373535,158200,0.0,0.0
2021-06-14 00:00:00-04:00,21.92411493878293,22.021685918945867,21.74848940770364,21.93387222290039,156600,0.0,0.0
2021-06-15 00:00:00-04:00,21.96314629408125,22.09974456350221,21.76800431404115,21.885089874267578,191200,0.0,0.0
2021-06-16 00:00:00-04:00,21.85581881524665,22.041203516937813,21.76800510713041,21.816791534423828,212500,0.0,0.0
2021-06-17 00:00:00-04:00,21.816790854293473,21.90460455967215,21.475293317933257,21.54359245300293,272000,0.0,0.0
2021-06-18 00:00:00-04:00,21.367965824508833,21.42650767656717,20.84108543395996,20.84108543395996,476000,0.0,0.0
2021-06-21 00:00:00-04:00,20.919140873402192,21.60213407799953,20.899626303296365,21.514320373535156,189000,0.0,0.0
2021-06-22 00:00:00-04:00,21.45577844079844,21.738734123197112,21.280151032552617,21.592376708984375,165400,0.0,0.0
2021-06-23 00:00:00-04:00,21.524078021107545,21.74849185908055,21.485050741250415,21.650920867919922,141400,0.0,0.0
2021-06-24 00:00:00-04:00,21.650920614826568,22.743710492217954,21.406994070282366,21.885089874267578,221300,0.0,0.0
2021-06-25 00:00:00-04:00,21.85581753369713,22.07047407917763,21.758246545843434,21.904603958129883,403600,0.0,0.0
2021-06-28 00:00:00-04:00,21.885090572279534,21.953389709168377,21.114281773649687,21.446022033691406,126100,0.0,0.0
2021-06-29 00:00:00-04:00,21.55335205373564,21.660680340954112,21.338697340310752,21.4167537689209,124200,0.0,0.0
2021-06-30 00:00:00-04:00,21.28990936279297,21.602135054553404,21.260639367322877,21.28990936279297,128000,0.0,0.0
2021-07-01 00:00:00-04:00,21.4265077733654,21.56310791013453,21.12403936518363,21.39723777770996,154000,0.0,0.0
2021-07-02 00:00:00-04:00,21.4265077733654,21.60213519134576,21.32893863983136,21.39723777770996,568500,0.0,0.0
2021-07-06 00:00:00-04:00,21.367963002188336,21.455776699183204,20.97768093832874,21.436262130737305,98800,0.0,0.0
2021-07-07 00:00:00-04:00,21.465536604520192,21.5728648830666,21.32893833074251,21.446022033691406,111300,0.0,0.0
2021-07-08 00:00:00-04:00,21.34845089972161,21.4265073215099,20.99719793218026,21.153310775756836,108000,0.0,0.0
2021-07-09 00:00:00-04:00,21.367965349202656,21.52407819189361,21.172825226344898,21.494808197021484,116800,0.0,0.0
2021-07-12 00:00:00-04:00,21.533835117028744,22.265614752782845,21.33869499743476,22.255857467651367,248800,0.0,0.0
2021-07-13 00:00:00-04:00,22.285129719074913,22.55832812457572,21.99241860397624,22.129016876220703,275300,0.0,0.0
2021-07-14 00:00:00-04:00,22.138774023218843,22.324156859817656,21.972903896095996,22.02168846130371,124700,0.0,0.0
2021-07-15 00:00:00-04:00,22.02168716674047,22.402211963824413,21.924116181048962,22.372941970825195,155900,0.0,0.0
2021-07-16 00:00:00-04:00,22.53881297319534,22.76322494638923,22.19731544037187,22.226587295532227,157300,0.0,0.0
2021-07-19 00:00:00-04:00,21.972903031083067,22.22658685440246,21.49480723902368,21.719219207763672,169500,0.0,0.0
2021-07-20 00:00:00-04:00,21.963147666798218,23.124238612481182,21.95339038108519,22.987638473510742,322000,0.0,0.0
2021-07-21 00:00:00-04:00,23.163264774313674,23.46573317274454,22.89006637059465,22.91933822631836,135200,0.0,0.0
2021-07-22 00:00:00-04:00,22.743712139349782,22.831525850626235,22.275373586550018,22.568084716796875,145600,0.0,0.0
2021-07-23 00:00:00-04:00,22.7144406739813,22.7144406739813,22.324156710875986,22.62662696838379,104400,0.0,0.0
2021-07-26 00:00:00-04:00,22.743711157940766,22.91933857291521,22.392458189003772,22.607112884521484,174600,0.0,0.0
2021-07-27 00:00:00-04:00,22.607112313421826,22.948609849355034,22.52905589329525,22.704683303833008,123900,0.0,0.0
2021-07-28 00:00:00-04:00,22.733953555258346,22.733953555258346,22.255857743951662,22.47051429748535,81200,0.0,0.0
2021-07-29 00:00:00-04:00,22.480272031734398,22.93885328169506,22.480272031734398,22.714441299438477,89500,0.0,0.0
2021-07-30 00:00:00-04:00,22.694926728543493,23.094966126831114,22.54857116885493,22.714441299438477,145000,0.0,0.0
2021-08-02 00:00:00-04:00,22.7339538218527,22.9778803729928,22.40221356342121,22.421728134155273,109100,0.0,0.0
2021-08-03 00:00:00-04:00,22.441241567099997,22.685168105872823,22.21682959807183,22.61686897277832,107600,0.0,0.0
2021-08-04 00:00:00-04:00,22.411971776777026,22.685170195330258,22.265616212235354,22.646141052246094,154600,0.0,0.0
2021-08-05 00:00:00-04:00,22.52905605895887,23.787716075381702,22.52905605895887,23.44622039794922,194100,0.0,0.0
2021-08-06 00:00:00-04:00,23.7194179718683,24.26581480155638,23.543790552397983,23.59257698059082,206100,0.0,0.0
2021-08-09 00:00:00-04:00,23.748688172003735,23.816987305697005,23.299862369000824,23.54378890991211,177100,0.0,0.0
2021-08-10 00:00:00-04:00,23.504760855450012,23.592574556161225,22.88030952684741,22.899822235107422,120900,0.0,0.0
2021-08-11 00:00:00-04:00,23.016909217718858,23.094965638636886,22.81200994967662,22.91933822631836,140100,0.0,0.0
2021-08-12 00:00:00-04:00,22.87055216196201,23.124235978569615,22.675410191952544,22.97787857055664,176600,0.0,0.0
2021-08-13 00:00:00-04:00,22.977882566248315,23.05657386779785,22.741808661599702,23.05657386779785,98300,0.19,0.0
2021-08-16 00:00:00-04:00,23.027062439374664,23.0959170892662,22.6237693104541,22.63360595703125,99700,0.0,0.0
2021-08-17 00:00:00-04:00,22.47622409979142,22.761479355271756,22.200803615061645,22.74180793762207,137500,0.0,0.0
2021-08-18 00:00:00-04:00,22.771316085894867,22.87951732603449,22.486060829365723,22.574588775634766,117900,0.0,0.0
2021-08-19 00:00:00-04:00,22.338512636350835,22.653279704689393,22.131948682531835,22.417205810546875,214200,0.0,0.0
2021-08-20 00:00:00-04:00,22.3286771609421,22.977880818379674,22.210639279522326,22.92869758605957,297000,0.0,0.0
2021-08-23 00:00:00-04:00,22.9286993075826,23.04673719786485,22.3385136084686,22.436878204345703,216100,0.0,0.0
2021-08-24 00:00:00-04:00,22.545079825431333,22.554916472798833,21.83685810030918,22.387697219848633,231500,0.0,0.0
2021-08-25 00:00:00-04:00,22.34834946641169,22.741807836024638,22.013910977929818,22.49589729309082,245500,0.0,0.0
2021-08-26 00:00:00-04:00,22.505732492793726,22.6926250343075,22.112275991829403,22.279495239257812,178000,0.0,0.0
2021-08-27 00:00:00-04:00,22.653280608418285,23.11559176837223,22.387696763357066,23.017227172851562,229800,0.0,0.0
2021-08-30 00:00:00-04:00,23.027062682100016,23.538557052612305,22.66311613565173,23.538557052612305,286700,0.0,0.0
2021-08-31 00:00:00-04:00,23.420520074606316,23.656593975633236,23.036900219956145,23.312320709228516,468200,0.0,0.0
2021-09-01 00:00:00-04:00,23.302485214841326,23.46970447085892,22.938536760162318,23.41068458557129,223000,0.0,0.0
2021-09-02 00:00:00-04:00,23.656592460828033,24.109068815934272,23.528719809515593,24.08939552307129,513800,0.0,0.0
2021-09-03 00:00:00-04:00,24.010706750127504,24.591055817512697,23.853324142987315,24.571382522583008,347100,0.0,0.0
2021-09-07 00:00:00-04:00,24.571381071753105,24.571381071753105,24.14841463648237,24.35498046875,372400,0.0,0.0
2021-09-08 00:00:00-04:00,24.19759877126733,25.2796055788402,24.030379520313808,25.16156768798828,516100,0.0,0.0
2021-09-09 00:00:00-04:00,25.200914827292426,25.25993283593283,24.50252786647776,24.571382522583008,335400,0.0,0.0
2021-09-10 00:00:00-04:00,24.650072915960486,24.650072915960486,23.558231353759766,23.558231353759766,262000,0.0,0.0
2021-09-13 00:00:00-04:00,23.715614589538717,23.961525145212413,23.528722041905088,23.627086639404297,228800,0.0,0.0
2021-09-14 00:00:00-04:00,23.75495783359505,23.941850369669297,23.509047293131026,23.82381248474121,232000,0.0,0.0
2021-09-15 00:00:00-04:00,23.843485174093104,23.991031119403203,23.509046697444358,23.961523056030273,389300,0.0,0.0
2021-09-16 00:00:00-04:00,23.941851286419293,23.951687933552332,23.400848827142497,23.597576141357422,268400,0.0,0.0
2021-09-17 00:00:00-04:00,23.676266408116604,23.676266408116604,22.879516786627917,22.958208084106445,422500,0.0,0.0
2021-09-20 00:00:00-04:00,22.623770858500308,22.987719302164187,22.299169003837335,22.889354705810547,242800,0.0,0.0
2021-09-21 00:00:00-04:00,23.066409691038448,23.28281029353232,22.8696805061178,23.115591049194336,173500,0.0,0.0
2021-09-22 00:00:00-04:00,23.322154841024084,23.577902029165266,23.312320070380824,23.450029373168945,198300,0.0,0.0
2021-09-23 00:00:00-04:00,23.509047752810698,23.745121651134365,23.371338447825703,23.400848388671875,158000,0.0,0.0
2021-09-24 00:00:00-04:00,23.37133823913176,23.47953947845297,23.05657304417756,23.115591049194336,111400,0.0,0.0
2021-09-27 00:00:00-04:00,23.12542796334824,23.55823104948705,22.889354064403953,23.027063369750977,135600,0.0,0.0
2021-09-28 00:00:00-04:00,23.086082826028367,23.44019463476915,22.702462950658308,22.83033561706543,151900,0.0,0.0
2021-09-29 00:00:00-04:00,23.036899643136337,23.223792180325447,22.86968039957736,23.076244354248047,104700,0.0,0.0
2021-09-30 00:00:00-04:00,23.272974176911795,23.3123207652518,22.50573258961906,22.525405883789062,161300,0.0,0.0
2021-10-01 00:00:00-04:00,22.574589307231474,23.11559176837223,22.476224711710806,23.017227172851562,273800,0.0,0.0
2021-10-04 00:00:00-04:00,22.99755223515924,23.164771472750644,22.692623699368497,22.92869758605957,155600,0.0,0.0
2021-10-05 00:00:00-04:00,23.06641104491273,23.06641104491273,22.505733397824685,22.67295265197754,170100,0.0,0.0
2021-10-06 00:00:00-04:00,22.41720669865889,22.653280602154044,22.141786206506904,22.604097366333008,203300,0.0,0.0
2021-10-07 00:00:00-04:00,22.850007753551644,23.05657359022527,22.672951858159564,22.731971740722656,157600,0.0,0.0
2021-10-08 00:00:00-04:00,22.731970975137887,22.731970975137887,22.171295242711565,22.21063995361328,103400,0.0,0.0
2021-10-11 00:00:00-04:00,22.23031441887601,22.23031441887601,21.895875915915106,22.102439880371094,360600,0.0,0.0
2021-10-12 00:00:00-04:00,22.171295811342812,22.72213491113404,22.0630945703281,22.65328025817871,173100,0.0,0.0
2021-10-13 00:00:00-04:00,22.54507937806014,22.88935452449645,22.456551429657985,22.8106632232666,162300,0.0,0.0
2021-10-14 00:00:00-04:00,23.046735870624367,23.34182776511299,22.918861340503728,23.292646408081055,186000,0.0,0.0
2021-10-15 00:00:00-04:00,23.518884298940424,23.58773895113776,23.14510109723407,23.154937744140625,225500,0.0,0.0
2021-10-18 00:00:00-04:00,23.076244273263217,23.459865993110192,22.928698323852167,23.24346351623535,153900,0.0,0.0
2021-10-19 00:00:00-04:00,23.381175071279092,23.410683135947043,22.731971382504245,23.19428253173828,261700,0.0,0.0
2021-10-20 00:00:00-04:00,23.223791861202436,23.823812299487912,23.204118567842645,23.745121002197266,119300,0.0,0.0
2021-10-21 00:00:00-04:00,23.735284355517372,23.912340243458452,23.63692164101545,23.745121002197266,138300,0.0,0.0
2021-10-22 00:00:00-04:00,23.754956671074996,24.050050430879647,23.70577531584844,23.725448608398438,100700,0.0,0.0
2021-10-25 00:00:00-04:00,23.725451040743575,23.94185165253373,23.548395141938613,23.754959106445312,90000,0.0,0.0
2021-10-26 00:00:00-04:00,23.76479567896158,23.86316027533805,23.607413075218677,23.715614318847656,112500,0.0,0.0
2021-10-27 00:00:00-04:00,23.725450418405917,23.754958483333635,23.43035663608865,23.47953987121582,118800,0.0,0.0
2021-10-28 00:00:00-04:00,23.43035698540415,23.872996727404928,23.302484324464263,23.843486785888672,73800,0.0,0.0
2021-10-29 00:00:00-04:00,23.764795768787632,23.82381377637714,23.391012552522575,23.54839515686035,154400,0.0,0.0
2021-11-01 00:00:00-04:00,23.577902050907863,23.941850477945927,23.371338096535197,23.8631591796875,165200,0.0,0.0
2021-11-02 00:00:00-04:00,23.971360762768487,24.09923342072,23.794304870105957,23.813976287841797,85900,0.0,0.0
2021-11-03 00:00:00-04:00,23.67626789398775,24.22710701090693,23.67626789398775,24.000869750976562,110800,0.0,0.0
2021-11-04 00:00:00-04:00,24.059888049022696,24.364818491197564,23.55823216265483,23.705778121948242,103200,0.0,0.0
2021-11-05 00:00:00-04:00,23.971359518190337,24.404160704285122,23.872994930023896,24.08939552307129,160500,0.0,0.0
2021-11-08 00:00:00-05:00,24.207434668888407,24.207434668888407,23.57790239742053,23.607412338256836,168400,0.0,0.0
2021-11-09 00:00:00-05:00,23.558230879500595,23.57790229715925,23.253300453934475,23.361501693725586,147000,0.0,0.0
2021-11-10 00:00:00-05:00,23.21395726305856,23.499212537354055,23.154939253919608,23.41068458557129,168000,0.0,0.0
2021-11-11 00:00:00-05:00,23.420519168590808,23.54839369929314,23.184445276696334,23.538557052612305,157000,0.0,0.0
2021-11-12 00:00:00-05:00,23.44932012059164,23.49889698573155,22.874241723116928,22.923818588256836,211700,0.19,0.0
2021-11-15 00:00:00-05:00,23.003139071144354,23.191525480186847,22.596618243600478,23.181610107421875,282600,0.0,0.0
2021-11-16 00:00:00-05:00,23.141950607299805,23.290677417087615,22.86432584217563,23.141950607299805,270600,0.0,0.0
2021-11-17 00:00:00-05:00,23.24110305012493,23.330339516556872,22.76517459876656,23.290678024291992,203900,0.0,0.0
2021-11-18 00:00:00-05:00,23.211357816842145,23.379915383073204,23.16178284078294,23.320425033569336,217900,0.0,0.0
2021-11-19 00:00:00-05:00,23.211358092068092,23.379915660297804,23.062631270962854,23.20144271850586,160300,0.0,0.0
2021-11-22 00:00:00-05:00,23.181610291414454,23.330338992905492,22.99322388087674,23.1022891998291,308800,0.0,0.0
2021-11-23 00:00:00-05:00,23.201442341601055,23.439405629736584,22.913904077623833,23.360084533691406,199800,0.0,0.0
2021-11-24 00:00:00-05:00,23.191527112904797,23.459236522914193,23.022969546361562,23.300594329833984,182400,0.0,0.0
2021-11-26 00:00:00-05:00,22.804836973279624,22.96347916614844,22.328910394673176,22.913904190063477,189700,0.0,0.0
2021-11-29 00:00:00-05:00,23.05271544670244,23.270847987314525,22.794921412616826,22.99322509765625,273000,0.0,0.0
2021-11-30 00:00:00-05:00,22.87424180772148,23.14195120697506,22.725514994079724,22.884157180786133,516500,0.0,0.0
2021-12-01 00:00:00-05:00,23.270847226834675,23.449320159304932,22.487551667971275,22.497467041015625,312400,0.0,0.0
2021-12-02 00:00:00-05:00,22.556957618403494,23.251018609281534,22.556957618403494,23.21135711669922,202000,0.0,0.0
2021-12-03 00:00:00-05:00,23.290677374974464,23.290677374974464,22.884156546412974,23.161781311035156,230000,0.0,0.0
2021-12-06 00:00:00-05:00,23.59804757705859,24.34168355395536,23.55838797502942,24.27227783203125,486500,0.0,0.0
2021-12-07 00:00:00-05:00,24.58956281690683,24.728376155328768,24.21278807813673,24.421005249023438,343900,0.0,0.0
2021-12-08 00:00:00-05:00,24.52015690693333,24.95642388363913,24.351599340330917,24.906848907470703,283000,0.0,0.0
2021-12-09 00:00:00-05:00,24.8374396011084,24.8374396011084,23.865755761557715,24.401174545288086,613800,0.0,0.0
2021-12-10 00:00:00-05:00,24.758119353287366,24.758119353287366,24.09380448297315,24.45075035095215,377000,0.0,0.0
2021-12-13 00:00:00-05:00,24.54990160428937,25.253876059128316,24.302022955487374,25.11506462097168,568300,0.0,0.0
2021-12-14 00:00:00-05:00,25.085318679125056,25.174555144615933,24.44083456592964,24.629222869873047,738500,0.0,0.0
2021-12-15 00:00:00-05:00,24.728375854864282,25.422434973884215,24.58956251812901,25.353029251098633,511000,0.0,0.0
2021-12-16 00:00:00-05:00,25.313369328328772,25.34311355705251,24.480496883110533,24.67879867553711,431900,0.0,0.0
2021-12-17 00:00:00-05:00,24.61930795466294,24.807696262109086,24.37142929950477,24.430919647216797,547900,0.0,0.0
2021-12-20 00:00:00-05:00,24.30202270854202,24.490411009243147,23.548471396901494,24.401174545288086,445200,0.0,0.0
2021-12-21 00:00:00-05:00,24.549901677268313,24.70854386168006,24.341682628250382,24.668882369995117,316500,0.0,0.0
2021-12-22 00:00:00-05:00,24.758118860536403,25.105149348479834,24.68871314118052,25.07540512084961,279300,0.0,0.0
2021-12-23 00:00:00-05:00,25.174555858813807,25.263792326836306,24.97625406744698,25.144811630249023,468600,0.0,0.0
2021-12-27 00:00:00-05:00,25.17455648600736,25.70005993399168,24.926677822250177,25.68022918701172,382100,0.0,0.0
2021-12-28 00:00:00-05:00,25.64056968688965,25.749635013387945,25.362944901550808,25.64056968688965,265300,0.0,0.0
2021-12-29 00:00:00-05:00,25.700060006999173,26.483355603291688,25.412519848465227,26.453611373901367,435600,0.0,0.0
2021-12-30 00:00:00-05:00,26.47344091698192,26.78080991740955,26.374289077473772,26.56267738342285,550900,0.0,0.0
2021-12-31 00:00:00-05:00,26.5626780198752,27.266652504038895,26.37428970941226,27.098094940185547,513500,0.0,0.0
2022-01-03 00:00:00-05:00,27.197246689507487,27.207162062778536,25.997513000007572,26.3247127532959,406000,0.0,0.0
2022-01-04 00:00:00-05:00,26.57259030062037,26.83038432139745,26.364373144125803,26.394119262695312,326400,0.0,0.0
2022-01-05 00:00:00-05:00,26.37428863266305,26.37428863266305,25.799210242611505,25.9281063079834,310600,0.0,0.0
2022-01-06 00:00:00-05:00,25.89836354705594,25.997513499342656,25.23404865444872,25.313369750976562,345700,0.0,0.0
2022-01-07 00:00:00-05:00,25.174555672621885,25.333197861007655,24.738290600143053,24.817611694335938,251300,0.0,0.0
2022-01-10 00:00:00-05:00,24.80769598773323,24.956422800950385,24.430919377008127,24.549901962280273,280000,0.0,0.0
2022-01-11 00:00:00-05:00,24.559816854281184,24.71845903742748,24.153296023573308,24.34168243408203,220700,0.0,0.0
2022-01-12 00:00:00-05:00,24.411091123972348,24.480496845774,24.24253356052659,24.2921085357666,213200,0.0,0.0
2022-01-13 00:00:00-05:00,24.48049598311287,25.105149348479834,24.48049598311287,25.07540512084961,301100,0.0,0.0
2022-01-14 00:00:00-05:00,24.94650705327239,25.03574351809536,24.411090155498606,24.70854377746582,198100,0.0,0.0
2022-01-18 00:00:00-05:00,24.56973241343448,24.629222759774454,24.01448287704802,24.262361526489258,509300,0.0,0.0
2022-01-19 00:00:00-05:00,24.30202338678117,24.5102405477114,23.68728349473012,23.69719886779785,272500,0.0,0.0
2022-01-20 00:00:00-05:00,23.945077709357893,24.282192831656435,23.598047213913624,23.617877960205078,316000,0.0,0.0
2022-01-21 00:00:00-05:00,23.61787769004489,24.024398528549362,23.548471969982764,23.736860275268555,405800,0.0,0.0
2022-01-24 00:00:00-05:00,23.36008476818862,23.79635174639855,23.00314077798425,23.667455673217773,352800,0.0,0.0
2022-01-25 00:00:00-05:00,23.49889825188048,23.657540446547955,22.69577001381673,23.20144271850586,335900,0.0,0.0
2022-01-26 00:00:00-05:00,23.201442586910773,23.647624938859952,22.705685258595736,22.854412078857422,255500,0.0,0.0
2022-01-27 00:00:00-05:00,22.844498523236624,23.399746199642426,22.338825823037656,22.487552642822266,246800,0.0,0.0
2022-01-28 00:00:00-05:00,22.497466724356336,23.05271436887647,22.031453653651283,23.04279899597168,335100,0.0,0.0
2022-01-31 00:00:00-05:00,22.874242499819623,23.469151663550644,22.67594070601868,23.39974594116211,282400,0.0,0.0
2022-02-01 00:00:00-05:00,23.439405543456658,23.54847275930384,23.20144225619707,23.39974594116211,254600,0.0,0.0
2022-02-02 00:00:00-05:00,23.488982359391564,23.845926343925587,23.409661263810214,23.82609748840332,168100,0.0,0.0
2022-02-03 00:00:00-05:00,23.64762343059761,23.945077052149177,23.429489009706725,23.488981246948242,311200,0.0,0.0
2022-02-04 00:00:00-05:00,23.300592747764256,23.379913838918593,22.834581573628007,23.161781311035156,247100,0.0,0.0
2022-02-07 00:00:00-05:00,23.211356510679522,23.260931483949015,23.01305283527353,23.06262969970703,313400,0.0,0.0
2022-02-08 00:00:00-05:00,23.08246175638211,23.1518674793667,22.854411949364586,22.913904190063477,159500,0.0,0.0
2022-02-09 00:00:00-05:00,23.151866316105426,23.469150685901166,23.042799104801635,23.40966033935547,239200,0.0,0.0
2022-02-10 00:00:00-05:00,23.072545114686047,23.369998737173688,22.91390293053744,23.04279899597168,317800,0.0,0.0
2022-02-11 00:00:00-05:00,23.09237605289364,23.439404651632547,23.062629933931436,23.369998931884766,320300,0.0,0.0
2022-02-14 00:00:00-05:00,23.1299991607666,23.520000457763672,22.780000686645508,22.809999465942383,331000,0.2,0.0
2022-02-15 00:00:00-05:00,23.010000228881836,23.18000030517578,22.829999923706055,22.860000610351562,233400,0.0,0.0
2022-02-16 00:00:00-05:00,22.920000076293945,23.40999984741211,22.81999969482422,23.309999465942383,270800,0.0,0.0
2022-02-17 00:00:00-05:00,23.200000762939453,23.43000030517578,22.90999984741211,23.219999313354492,204500,0.0,0.0
2022-02-18 00:00:00-05:00,23.219999313354492,23.43000030517578,23.020000457763672,23.030000686645508,202900,0.0,0.0
2022-02-22 00:00:00-05:00,23.0,23.389999389648438,22.799999237060547,23.170000076293945,264100,0.0,0.0
2022-02-23 00:00:00-05:00,23.399999618530273,23.520000457763672,23.06999969482422,23.1299991607666,497200,0.0,0.0
2022-02-24 00:00:00-05:00,22.790000915527344,23.010000228881836,22.299999237060547,22.739999771118164,305800,0.0,0.0
2022-02-25 00:00:00-05:00,22.790000915527344,23.5,22.790000915527344,23.43000030517578,336600,0.0,0.0
2022-02-28 00:00:00-05:00,23.170000076293945,23.59000015258789,22.899999618530273,23.059999465942383,416600,0.0,0.0
2022-03-01 00:00:00-05:00,22.989999771118164,23.25,22.549999237060547,22.8799991607666,291500,0.0,0.0
2022-03-02 00:00:00-05:00,23.030000686645508,24.0,22.899999618530273,23.799999237060547,480000,0.0,0.0
2022-03-03 00:00:00-05:00,24.0,24.15999984741211,23.81999969482422,23.920000076293945,172900,0.0,0.0
2022-03-04 00:00:00-05:00,23.729999542236328,24.5,23.639999389648438,24.489999771118164,246300,0.0,0.0
2022-03-07 00:00:00-05:00,24.489999771118164,24.940000534057617,24.3700008392334,24.440000534057617,328600,0.0,0.0
2022-03-08 00:00:00-05:00,24.3700008392334,24.440000534057617,23.75,23.829999923706055,220000,0.0,0.0
2022-03-09 00:00:00-05:00,24.209999084472656,24.59000015258789,24.110000610351562,24.479999542236328,258600,0.0,0.0
2022-03-10 00:00:00-05:00,24.260000228881836,24.65999984741211,24.25,24.6200008392334,189900,0.0,0.0
2022-03-11 00:00:00-05:00,24.700000762939453,25.110000610351562,24.6299991607666,24.850000381469727,328400,0.0,0.0
2022-03-14 00:00:00-04:00,25.06999969482422,25.06999969482422,24.1200008392334,24.18000030517578,313300,0.0,0.0
2022-03-15 00:00:00-04:00,24.3700008392334,24.510000228881836,24.06999969482422,24.389999389648438,297500,0.0,0.0
2022-03-16 00:00:00-04:00,24.479999542236328,24.770000457763672,24.209999084472656,24.59000015258789,311700,0.0,0.0
2022-03-17 00:00:00-04:00,24.559999465942383,24.8799991607666,24.25,24.81999969482422,293600,0.0,0.0
2022-03-18 00:00:00-04:00,24.8799991607666,24.90999984741211,24.399999618530273,24.540000915527344,1448300,0.0,0.0
2022-03-21 00:00:00-04:00,24.489999771118164,24.610000610351562,23.959999084472656,24.139999389648438,272500,0.0,0.0
2022-03-22 00:00:00-04:00,24.229999542236328,24.34000015258789,23.549999237060547,24.110000610351562,819800,0.0,0.0
2022-03-23 00:00:00-04:00,24.040000915527344,24.059999465942383,23.329999923706055,23.420000076293945,293100,0.0,0.0
2022-03-24 00:00:00-04:00,23.389999389648438,23.610000610351562,23.15999984741211,23.59000015258789,151300,0.0,0.0
2022-03-25 00:00:00-04:00,23.670000076293945,23.829999923706055,23.559999465942383,23.809999465942383,285000,0.0,0.0
2022-03-28 00:00:00-04:00,23.809999465942383,24.229999542236328,23.670000076293945,24.190000534057617,307200,0.0,0.0
2022-03-29 00:00:00-04:00,24.440000534057617,24.989999771118164,24.299999237060547,24.93000030517578,432900,0.0,0.0
2022-03-30 00:00:00-04:00,24.889999389648438,24.899999618530273,24.31999969482422,24.3799991607666,292600,0.0,0.0
2022-03-31 00:00:00-04:00,24.34000015258789,24.899999618530273,24.25,24.59000015258789,541900,0.0,0.0
2022-04-01 00:00:00-04:00,24.639999389648438,24.8799991607666,24.3799991607666,24.75,260300,0.0,0.0
2022-04-04 00:00:00-04:00,24.690000534057617,24.709999084472656,24.309999465942383,24.440000534057617,337000,0.0,0.0
2022-04-05 00:00:00-04:00,24.350000381469727,24.760000228881836,23.940000534057617,23.979999542236328,189300,0.0,0.0
2022-04-06 00:00:00-04:00,23.899999618530273,24.549999237060547,23.739999771118164,24.479999542236328,274300,0.0,0.0
2022-04-07 00:00:00-04:00,24.229999542236328,24.329999923706055,23.8700008392334,24.030000686645508,213400,0.0,0.0
2022-04-08 00:00:00-04:00,24.059999465942383,24.170000076293945,23.899999618530273,24.079999923706055,236900,0.0,0.0
2022-04-11 00:00:00-04:00,24.079999923706055,24.31999969482422,23.760000228881836,23.950000762939453,186800,0.0,0.0
2022-04-12 00:00:00-04:00,23.920000076293945,24.200000762939453,23.81999969482422,23.889999389648438,192200,0.0,0.0
2022-04-13 00:00:00-04:00,23.8799991607666,24.1200008392334,23.780000686645508,24.049999237060547,206400,0.0,0.0
2022-04-14 00:00:00-04:00,24.030000686645508,24.25,23.940000534057617,24.09000015258789,217400,0.0,0.0
2022-04-18 00:00:00-04:00,24.059999465942383,24.190000534057617,23.639999389648438,23.799999237060547,169100,0.0,0.0
2022-04-19 00:00:00-04:00,23.850000381469727,24.81999969482422,23.850000381469727,24.790000915527344,301400,0.0,0.0
2022-04-20 00:00:00-04:00,24.799999237060547,25.459999084472656,24.75,25.139999389648438,282800,0.0,0.0
2022-04-21 00:00:00-04:00,25.239999771118164,25.299999237060547,24.719999313354492,24.799999237060547,231900,0.0,0.0
2022-04-22 00:00:00-04:00,24.719999313354492,24.760000228881836,24.290000915527344,24.31999969482422,165800,0.0,0.0
2022-04-25 00:00:00-04:00,24.299999237060547,24.34000015258789,23.549999237060547,24.200000762939453,188600,0.0,0.0
2022-04-26 00:00:00-04:00,24.110000610351562,24.25,23.700000762939453,23.940000534057617,228200,0.0,0.0
2022-04-27 00:00:00-04:00,23.90999984741211,24.170000076293945,23.75,23.90999984741211,269100,0.0,0.0
2022-04-28 00:00:00-04:00,24.09000015258789,24.389999389648438,23.670000076293945,24.3700008392334,173200,0.0,0.0
2022-04-29 00:00:00-04:00,24.3799991607666,24.579999923706055,23.239999771118164,23.520000457763672,389100,0.0,0.0
2022-05-02 00:00:00-04:00,23.600000381469727,23.8700008392334,22.3799991607666,22.959999084472656,402700,0.0,0.0
2022-05-03 00:00:00-04:00,22.950000762939453,23.290000915527344,22.780000686645508,23.260000228881836,217400,0.0,0.0
2022-05-04 00:00:00-04:00,23.239999771118164,23.239999771118164,22.549999237060547,23.049999237060547,180800,0.0,0.0
2022-05-05 00:00:00-04:00,22.59000015258789,22.850000381469727,20.690000534057617,21.420000076293945,899200,0.0,0.0
2022-05-06 00:00:00-04:00,21.34000015258789,21.780000686645508,21.25,21.5,362000,0.0,0.0
2022-05-09 00:00:00-04:00,21.260000228881836,21.260000228881836,20.459999084472656,20.549999237060547,321100,0.0,0.0
2022-05-10 00:00:00-04:00,20.559999465942383,20.75,19.440000534057617,19.559999465942383,433900,0.0,0.0
2022-05-11 00:00:00-04:00,19.540000915527344,19.899999618530273,19.219999313354492,19.309999465942383,294000,0.0,0.0
2022-05-12 00:00:00-04:00,19.190000534057617,19.479999542236328,18.979999542236328,19.3799991607666,333000,0.0,0.0
2022-05-13 00:00:00-04:00,19.3700008392334,19.450000762939453,18.760000228881836,19.309999465942383,423000,0.0,0.0
2022-05-16 00:00:00-04:00,19.350000381469727,19.709999084472656,19.18000030517578,19.350000381469727,408700,0.0,0.0
2022-05-17 00:00:00-04:00,19.760000228881836,19.860000610351562,19.489999771118164,19.75,399100,0.0,0.0
2022-05-18 00:00:00-04:00,19.729999542236328,19.81999969482422,19.15999984741211,19.200000762939453,357400,0.0,0.0
2022-05-19 00:00:00-04:00,19.049999237060547,19.260000228881836,18.81999969482422,18.989999771118164,229800,0.0,0.0
2022-05-20 00:00:00-04:00,19.260000228881836,19.350000381469727,18.81999969482422,19.329999923706055,540400,0.0,0.0
2022-05-23 00:00:00-04:00,19.450000762939453,19.84000015258789,19.420000076293945,19.65999984741211,331900,0.0,0.0
2022-05-24 00:00:00-04:00,19.600000381469727,19.75,19.329999923706055,19.719999313354492,266900,0.0,0.0
2022-05-25 00:00:00-04:00,19.6299991607666,19.860000610351562,19.530000686645508,19.729999542236328,293000,0.0,0.0
2022-05-26 00:00:00-04:00,19.75,19.770000457763672,19.540000915527344,19.6299991607666,242300,0.0,0.0
2022-05-27 00:00:00-04:00,19.729999542236328,20.420000076293945,19.68000030517578,20.110000610351562,320700,0.0,0.0
2022-05-31 00:00:00-04:00,19.850000381469727,19.940000534057617,19.6299991607666,19.690000534057617,254500,0.0,0.0
2022-06-01 00:00:00-04:00,19.75,19.809999465942383,19.43000030517578,19.739999771118164,249000,0.0,0.0
2022-06-02 00:00:00-04:00,19.760000228881836,20.030000686645508,19.520000457763672,20.020000457763672,209700,0.0,0.0
2022-06-03 00:00:00-04:00,19.950000762939453,20.059999465942383,19.729999542236328,19.81999969482422,264700,0.0,0.0
2022-06-06 00:00:00-04:00,19.959999084472656,20.0,19.479999542236328,19.520000457763672,247800,0.0,0.0
2022-06-07 00:00:00-04:00,19.399999618530273,19.75,19.25,19.739999771118164,268100,0.0,0.0
2022-06-08 00:00:00-04:00,19.690000534057617,19.760000228881836,19.270000457763672,19.40999984741211,258400,0.0,0.0
2022-06-09 00:00:00-04:00,19.309999465942383,19.399999618530273,18.770000457763672,18.790000915527344,200000,0.0,0.0
2022-06-10 00:00:00-04:00,18.520000457763672,18.540000915527344,18.229999542236328,18.399999618530273,214900,0.0,0.0
2022-06-13 00:00:00-04:00,17.940000534057617,18.049999237060547,17.270000457763672,17.360000610351562,326400,0.0,0.0
2022-06-14 00:00:00-04:00,17.389999389648438,17.389999389648438,16.829999923706055,16.989999771118164,285100,0.0,0.0
2022-06-15 00:00:00-04:00,17.15999984741211,17.459999084472656,17.0,17.170000076293945,295000,0.0,0.0
2022-06-16 00:00:00-04:00,16.719999313354492,16.889999389648438,16.5,16.56999969482422,410800,0.0,0.0
2022-06-17 00:00:00-04:00,16.790000915527344,17.059999465942383,16.559999465942383,16.969999313354492,995700,0.0,0.0
2022-06-21 00:00:00-04:00,17.209999084472656,17.40999984741211,16.770000457763672,16.770000457763672,216000,0.0,0.0
2022-06-22 00:00:00-04:00,16.75,17.219999313354492,16.719999313354492,16.950000762939453,407600,0.0,0.0
2022-06-23 00:00:00-04:00,17.010000228881836,17.440000534057617,16.969999313354492,17.299999237060547,651400,0.0,0.0
2022-06-24 00:00:00-04:00,17.299999237060547,17.520000457763672,17.020000457763672,17.09000015258789,1337300,0.0,0.0
2022-06-27 00:00:00-04:00,17.149999618530273,17.709999084472656,17.010000228881836,17.40999984741211,355600,0.0,0.0
2022-06-28 00:00:00-04:00,17.600000381469727,17.81999969482422,17.399999618530273,17.459999084472656,318500,0.0,0.0
2022-06-29 00:00:00-04:00,17.350000381469727,17.540000915527344,17.270000457763672,17.469999313354492,392100,0.0,0.0
2022-06-30 00:00:00-04:00,17.360000610351562,17.809999465942383,17.270000457763672,17.65999984741211,299100,0.0,0.0
2022-07-01 00:00:00-04:00,17.6299991607666,18.309999465942383,17.6299991607666,18.25,263600,0.0,0.0
2022-07-05 00:00:00-04:00,18.170000076293945,18.329999923706055,17.719999313354492,18.260000228881836,244400,0.0,0.0
2022-07-06 00:00:00-04:00,18.329999923706055,18.510000228881836,18.229999542236328,18.31999969482422,266300,0.0,0.0
2022-07-07 00:00:00-04:00,18.479999542236328,18.600000381469727,18.350000381469727,18.5,252800,0.0,0.0
2022-07-08 00:00:00-04:00,18.350000381469727,18.510000228881836,18.18000030517578,18.40999984741211,265400,0.0,0.0
2022-07-11 00:00:00-04:00,18.299999237060547,18.59000015258789,18.280000686645508,18.510000228881836,218700,0.0,0.0
2022-07-12 00:00:00-04:00,18.559999465942383,18.850000381469727,18.399999618530273,18.729999542236328,225800,0.0,0.0
2022-07-13 00:00:00-04:00,18.59000015258789,19.309999465942383,18.520000457763672,19.270000457763672,335800,0.0,0.0
2022-07-14 00:00:00-04:00,18.850000381469727,19.059999465942383,18.690000534057617,18.690000534057617,192100,0.0,0.0
2022-07-15 00:00:00-04:00,19.020000457763672,19.450000762939453,18.75,19.219999313354492,287600,0.0,0.0
2022-07-18 00:00:00-04:00,19.25,19.510000228881836,19.15999984741211,19.299999237060547,270000,0.0,0.0
2022-07-19 00:00:00-04:00,19.5,19.6299991607666,19.360000610351562,19.610000610351562,209400,0.0,0.0
2022-07-20 00:00:00-04:00,19.6299991607666,19.790000915527344,19.440000534057617,19.739999771118164,269900,0.0,0.0
2022-07-21 00:00:00-04:00,19.649999618530273,19.799999237060547,19.420000076293945,19.799999237060547,164500,0.0,0.0
2022-07-22 00:00:00-04:00,19.8799991607666,20.020000457763672,19.56999969482422,19.739999771118164,265900,0.0,0.0
2022-07-25 00:00:00-04:00,19.760000228881836,20.110000610351562,19.56999969482422,19.850000381469727,184300,0.0,0.0
2022-07-26 00:00:00-04:00,19.93000030517578,20.329999923706055,19.84000015258789,20.239999771118164,191100,0.0,0.0
2022-07-27 00:00:00-04:00,20.389999389648438,20.450000762939453,20.1200008392334,20.3700008392334,186000,0.0,0.0
2022-07-28 00:00:00-04:00,20.520000457763672,21.290000915527344,20.5,21.229999542236328,173000,0.0,0.0
2022-07-29 00:00:00-04:00,21.170000076293945,21.459999084472656,21.1200008392334,21.309999465942383,138800,0.0,0.0
2022-08-01 00:00:00-04:00,21.200000762939453,21.31999969482422,20.889999389648438,20.979999542236328,169200,0.0,0.0
2022-08-02 00:00:00-04:00,21.100000381469727,21.110000610351562,20.75,20.760000228881836,116700,0.0,0.0
2022-08-03 00:00:00-04:00,20.940000534057617,21.229999542236328,20.799999237060547,20.81999969482422,163100,0.0,0.0
2022-08-04 00:00:00-04:00,20.6299991607666,20.6299991607666,18.950000762939453,20.350000381469727,569400,0.0,0.0
2022-08-05 00:00:00-04:00,20.25,20.440000534057617,20.0,20.309999465942383,233000,0.0,0.0
2022-08-08 00:00:00-04:00,20.469999313354492,20.709999084472656,20.049999237060547,20.1299991607666,306300,0.0,0.0
2022-08-09 00:00:00-04:00,20.030000686645508,20.200000762939453,19.350000381469727,19.520000457763672,360100,0.0,0.0
2022-08-10 00:00:00-04:00,19.639999389648438,19.770000457763672,19.260000228881836,19.489999771118164,474800,0.0,0.0
2022-08-11 00:00:00-04:00,19.6299991607666,19.739999771118164,19.469999313354492,19.530000686645508,268800,0.0,0.0
2022-08-12 00:00:00-04:00,19.229999542236328,19.670000076293945,19.229999542236328,19.639999389648438,304200,0.0,0.0
2022-08-15 00:00:00-04:00,19.6299991607666,19.850000381469727,19.5,19.65999984741211,269800,0.0,0.0
2022-08-16 00:00:00-04:00,19.719999313354492,19.860000610351562,19.469999313354492,19.649999618530273,311500,0.0,0.0
2022-08-17 00:00:00-04:00,19.559999465942383,19.559999465942383,19.200000762939453,19.489999771118164,290300,0.0,0.0
2022-08-18 00:00:00-04:00,19.59000015258789,19.6200008392334,19.219999313354492,19.360000610351562,237500,0.0,0.0
2022-08-19 00:00:00-04:00,19.299999237060547,19.299999237060547,18.8799991607666,18.950000762939453,156400,0.0,0.0
2022-08-22 00:00:00-04:00,18.850000381469727,18.8799991607666,18.360000610351562,18.459999084472656,182300,0.0,0.0
2022-08-23 00:00:00-04:00,18.3700008392334,18.459999084472656,18.059999465942383,18.3700008392334,223100,0.0,0.0
2022-08-24 00:00:00-04:00,18.329999923706055,18.479999542236328,18.270000457763672,18.3700008392334,174500,0.0,0.0
2022-08-25 00:00:00-04:00,18.3700008392334,18.829999923706055,18.31999969482422,18.81999969482422,136800,0.0,0.0
2022-08-26 00:00:00-04:00,18.8700008392334,18.899999618530273,18.43000030517578,18.56999969482422,264900,0.0,0.0
2022-08-29 00:00:00-04:00,18.360000610351562,18.56999969482422,18.239999771118164,18.43000030517578,180000,0.0,0.0
2022-08-30 00:00:00-04:00,18.510000228881836,18.600000381469727,18.290000915527344,18.309999465942383,347600,0.0,0.0
2022-08-31 00:00:00-04:00,18.3799991607666,18.440000534057617,18.040000915527344,18.040000915527344,393500,0.0,0.0
2022-09-01 00:00:00-04:00,18.020000457763672,18.1299991607666,17.780000686645508,17.860000610351562,321300,0.0,0.0
2022-09-02 00:00:00-04:00,17.979999542236328,18.079999923706055,17.690000534057617,17.709999084472656,197000,0.0,0.0
2022-09-06 00:00:00-04:00,17.790000915527344,17.829999923706055,17.540000915527344,17.760000228881836,163700,0.0,0.0
2022-09-07 00:00:00-04:00,17.700000762939453,18.15999984741211,17.700000762939453,18.15999984741211,168800,0.0,0.0
2022-09-08 00:00:00-04:00,17.93000030517578,18.190000534057617,17.81999969482422,18.110000610351562,97200,0.0,0.0
2022-09-09 00:00:00-04:00,18.149999618530273,18.520000457763672,18.030000686645508,18.520000457763672,118400,0.0,0.0
2022-09-12 00:00:00-04:00,18.649999618530273,18.8799991607666,18.59000015258789,18.829999923706055,145700,0.0,0.0
2022-09-13 00:00:00-04:00,18.440000534057617,18.600000381469727,18.139999389648438,18.260000228881836,232600,0.0,0.0
2022-09-14 00:00:00-04:00,18.239999771118164,18.239999771118164,17.940000534057617,18.139999389648438,131000,0.0,0.0
2022-09-15 00:00:00-04:00,18.15999984741211,18.299999237060547,18.0,18.1299991607666,191500,0.0,0.0
2022-09-16 00:00:00-04:00,17.950000762939453,18.219999313354492,17.700000762939453,18.15999984741211,401500,0.0,0.0
2022-09-19 00:00:00-04:00,18.030000686645508,18.389999389648438,18.0,18.389999389648438,213500,0.0,0.0
2022-09-20 00:00:00-04:00,18.030000686645508,18.040000915527344,17.489999771118164,17.489999771118164,294800,0.0,0.0
2022-09-21 00:00:00-04:00,17.59000015258789,18.06999969482422,17.420000076293945,17.440000534057617,244700,0.0,0.0
2022-09-22 00:00:00-04:00,17.25,17.469999313354492,17.040000915527344,17.350000381469727,253600,0.0,0.0
2022-09-23 00:00:00-04:00,17.100000381469727,17.280000686645508,16.969999313354492,17.260000228881836,179600,0.0,0.0
2022-09-26 00:00:00-04:00,17.260000228881836,17.260000228881836,15.949999809265137,16.06999969482422,365300,0.0,0.0
2022-09-27 00:00:00-04:00,16.18000030517578,16.280000686645508,15.739999771118164,15.899999618530273,358300,0.0,0.0
2022-09-28 00:00:00-04:00,16.0,16.860000610351562,15.829999923706055,16.760000228881836,251400,0.0,0.0
2022-09-29 00:00:00-04:00,16.600000381469727,16.600000381469727,15.930000305175781,16.100000381469727,192900,0.0,0.0
2022-09-30 00:00:00-04:00,16.149999618530273,16.3700008392334,16.1200008392334,16.149999618530273,226800,0.0,0.0
2022-10-03 00:00:00-04:00,16.350000381469727,16.399999618530273,15.819999694824219,16.18000030517578,345400,0.0,0.0
2022-10-04 00:00:00-04:00,16.43000030517578,16.790000915527344,16.43000030517578,16.6200008392334,284100,0.0,0.0
2022-10-05 00:00:00-04:00,16.3799991607666,16.399999618530273,15.970000267028809,16.309999465942383,169400,0.0,0.0
2022-10-06 00:00:00-04:00,16.31999969482422,16.440000534057617,15.779999732971191,15.800000190734863,160600,0.0,0.0
2022-10-07 00:00:00-04:00,15.75,15.75,15.140000343322754,15.199999809265137,268700,0.0,0.0
2022-10-10 00:00:00-04:00,15.399999618530273,15.75,15.289999961853027,15.59000015258789,238200,0.0,0.0
2022-10-11 00:00:00-04:00,15.569999694824219,16.040000915527344,15.449999809265137,16.010000228881836,213400,0.0,0.0
2022-10-12 00:00:00-04:00,15.949999809265137,16.049999237060547,15.800000190734863,15.850000381469727,261200,0.0,0.0
2022-10-13 00:00:00-04:00,15.720000267028809,16.25,15.579999923706055,16.110000610351562,495300,0.0,0.0
2022-10-14 00:00:00-04:00,16.280000686645508,16.389999389648438,15.899999618530273,15.960000038146973,362400,0.0,0.0
2022-10-17 00:00:00-04:00,16.079999923706055,16.760000228881836,16.079999923706055,16.6200008392334,253000,0.0,0.0
2022-10-18 00:00:00-04:00,16.920000076293945,17.049999237060547,16.420000076293945,16.579999923706055,216500,0.0,0.0
2022-10-19 00:00:00-04:00,16.489999771118164,16.559999465942383,16.06999969482422,16.260000228881836,259100,0.0,0.0
2022-10-20 00:00:00-04:00,16.239999771118164,16.579999923706055,16.0,16.100000381469727,224700,0.0,0.0
2022-10-21 00:00:00-04:00,16.190000534057617,16.399999618530273,15.9399995803833,16.34000015258789,239400,0.0,0.0
2022-10-24 00:00:00-04:00,16.520000457763672,16.709999084472656,16.31999969482422,16.6299991607666,309500,0.0,0.0
2022-10-25 00:00:00-04:00,16.540000915527344,17.329999923706055,16.540000915527344,16.969999313354492,322400,0.0,0.0
2022-10-26 00:00:00-04:00,16.989999771118164,17.139999389648438,16.690000534057617,17.0,282800,0.0,0.0
2022-10-27 00:00:00-04:00,17.239999771118164,17.299999237060547,16.979999542236328,17.010000228881836,194300,0.0,0.0
2022-10-28 00:00:00-04:00,17.1200008392334,17.6299991607666,17.010000228881836,17.56999969482422,185000,0.0,0.0
2022-10-31 00:00:00-04:00,17.420000076293945,17.610000610351562,17.280000686645508,17.540000915527344,179600,0.0,0.0
2022-11-01 00:00:00-04:00,17.68000030517578,17.790000915527344,17.450000762939453,17.510000228881836,138200,0.0,0.0
2022-11-02 00:00:00-04:00,17.5,17.719999313354492,17.09000015258789,17.1200008392334,200800,0.0,0.0
2022-11-03 00:00:00-04:00,17.0,17.219999313354492,16.780000686645508,17.09000015258789,126600,0.0,0.0
2022-11-04 00:00:00-04:00,17.149999618530273,17.469999313354492,16.940000534057617,17.18000030517578,271500,0.0,0.0
2022-11-07 00:00:00-05:00,17.260000228881836,17.40999984741211,16.889999389648438,17.34000015258789,304200,0.0,0.0
2022-11-08 00:00:00-05:00,17.479999542236328,17.479999542236328,17.1200008392334,17.229999542236328,204200,0.0,0.0
2022-11-09 00:00:00-05:00,16.770000457763672,17.15999984741211,16.329999923706055,16.799999237060547,462300,0.0,0.0
2022-11-10 00:00:00-05:00,17.0,18.3700008392334,17.0,18.290000915527344,306700,0.0,0.0
2022-11-11 00:00:00-05:00,17.989999771118164,18.280000686645508,17.829999923706055,18.049999237060547,200500,0.0,0.0
2022-11-14 00:00:00-05:00,17.770000457763672,17.770000457763672,17.239999771118164,17.389999389648438,334100,0.0,0.0
2022-11-15 00:00:00-05:00,17.489999771118164,17.700000762939453,17.270000457763672,17.280000686645508,242700,0.0,0.0
2022-11-16 00:00:00-05:00,17.209999084472656,17.25,16.760000228881836,17.06999969482422,447300,0.0,0.0
2022-11-17 00:00:00-05:00,16.809999465942383,17.09000015258789,16.790000915527344,17.0,267300,0.0,0.0
2022-11-18 00:00:00-05:00,17.31999969482422,17.579999923706055,17.239999771118164,17.420000076293945,227900,0.0,0.0
2022-11-21 00:00:00-05:00,17.299999237060547,17.690000534057617,17.299999237060547,17.600000381469727,293900,0.0,0.0
2022-11-22 00:00:00-05:00,17.649999618530273,17.75,17.31999969482422,17.68000030517578,292400,0.0,0.0
2022-11-23 00:00:00-05:00,17.59000015258789,17.780000686645508,17.489999771118164,17.6200008392334,229700,0.0,0.0
2022-11-25 00:00:00-05:00,17.559999465942383,17.760000228881836,17.469999313354492,17.700000762939453,133200,0.0,0.0
2022-11-28 00:00:00-05:00,17.649999618530273,17.729999542236328,17.389999389648438,17.420000076293945,280600,0.0,0.0
2022-11-29 00:00:00-05:00,17.25,17.6200008392334,17.170000076293945,17.540000915527344,295300,0.0,0.0
2022-11-30 00:00:00-05:00,17.450000762939453,17.610000610351562,16.950000762939453,17.610000610351562,593700,0.0,0.0
2022-12-01 00:00:00-05:00,17.829999923706055,18.079999923706055,17.170000076293945,17.40999984741211,384700,0.0,0.0
2022-12-02 00:00:00-05:00,17.229999542236328,17.600000381469727,17.079999923706055,17.549999237060547,217300,0.0,0.0
2022-12-05 00:00:00-05:00,17.360000610351562,17.420000076293945,17.049999237060547,17.190000534057617,220000,0.0,0.0
2022-12-06 00:00:00-05:00,17.18000030517578,17.270000457763672,16.739999771118164,17.0,287300,0.0,0.0
2022-12-07 00:00:00-05:00,16.940000534057617,17.25,16.81999969482422,16.989999771118164,356700,0.0,0.0
2022-12-08 00:00:00-05:00,16.940000534057617,17.209999084472656,16.889999389648438,17.0,189000,0.0,0.0
2022-12-09 00:00:00-05:00,16.90999984741211,17.1299991607666,16.809999465942383,16.979999542236328,167700,0.0,0.0
2022-12-12 00:00:00-05:00,16.889999389648438,17.170000076293945,16.809999465942383,17.010000228881836,285200,0.0,0.0
2022-12-13 00:00:00-05:00,17.639999389648438,17.860000610351562,17.149999618530273,17.270000457763672,269800,0.0,0.0
2022-12-14 00:00:00-05:00,17.219999313354492,17.420000076293945,16.959999084472656,17.1299991607666,218700,0.0,0.0
2022-12-15 00:00:00-05:00,16.979999542236328,17.059999465942383,16.639999389648438,16.75,250800,0.0,0.0
2022-12-16 00:00:00-05:00,16.549999237060547,16.59000015258789,16.190000534057617,16.5,685500,0.0,0.0
2022-12-19 00:00:00-05:00,16.530000686645508,16.559999465942383,16.010000228881836,16.100000381469727,248800,0.0,0.0
2022-12-20 00:00:00-05:00,16.0,16.299999237060547,15.9399995803833,16.139999389648438,724900,0.0,0.0
2022-12-21 00:00:00-05:00,16.270000457763672,16.450000762939453,16.020000457763672,16.079999923706055,230400,0.0,0.0
2022-12-22 00:00:00-05:00,16.0,16.139999389648438,15.930000305175781,16.1299991607666,321500,0.0,0.0
2022-12-23 00:00:00-05:00,16.09000015258789,16.260000228881836,15.989999771118164,16.219999313354492,198500,0.0,0.0
2022-12-27 00:00:00-05:00,16.18000030517578,16.360000610351562,16.030000686645508,16.200000762939453,225400,0.0,0.0
2022-12-28 00:00:00-05:00,16.1299991607666,16.420000076293945,15.859999656677246,15.859999656677246,285800,0.0,0.0
2022-12-29 00:00:00-05:00,15.970000267028809,16.309999465942383,15.9399995803833,16.280000686645508,280500,0.0,0.0
2022-12-30 00:00:00-05:00,16.190000534057617,16.239999771118164,15.960000038146973,16.100000381469727,263500,0.0,0.0
2023-01-03 00:00:00-05:00,16.15999984741211,16.3799991607666,15.9399995803833,16.06999969482422,295200,0.0,0.0
2023-01-04 00:00:00-05:00,16.239999771118164,16.600000381469727,16.239999771118164,16.40999984741211,407100,0.0,0.0
2023-01-05 00:00:00-05:00,16.350000381469727,16.40999984741211,15.800000190734863,15.800000190734863,278700,0.0,0.0
2023-01-06 00:00:00-05:00,16.010000228881836,16.530000686645508,15.989999771118164,16.469999313354492,220400,0.0,0.0
2023-01-09 00:00:00-05:00,16.450000762939453,16.549999237060547,16.309999465942383,16.389999389648438,207600,0.0,0.0
2023-01-10 00:00:00-05:00,16.350000381469727,16.489999771118164,16.149999618530273,16.3700008392334,469900,0.0,0.0
2023-01-11 00:00:00-05:00,16.3799991607666,16.600000381469727,16.309999465942383,16.520000457763672,762400,0.0,0.0
2023-01-12 00:00:00-05:00,16.719999313354492,17.270000457763672,16.549999237060547,17.270000457763672,810000,0.0,0.0
2023-01-13 00:00:00-05:00,17.049999237060547,17.329999923706055,17.010000228881836,17.200000762939453,415100,0.0,0.0
2023-01-17 00:00:00-05:00,17.0,17.270000457763672,16.940000534057617,17.020000457763672,259200,0.0,0.0
2023-01-18 00:00:00-05:00,17.020000457763672,17.09000015258789,16.739999771118164,16.809999465942383,362400,0.0,0.0
2023-01-19 00:00:00-05:00,16.709999084472656,16.860000610351562,16.610000610351562,16.670000076293945,216000,0.0,0.0
2023-01-20 00:00:00-05:00,16.75,16.75,16.510000228881836,16.729999542236328,343700,0.0,0.0
2023-01-23 00:00:00-05:00,16.700000762939453,17.030000686645508,16.65999984741211,16.790000915527344,191300,0.0,0.0
2023-01-24 00:00:00-05:00,16.8700008392334,17.020000457763672,16.56999969482422,17.0,208700,0.0,0.0
2023-01-25 00:00:00-05:00,16.899999618530273,17.020000457763672,16.729999542236328,16.899999618530273,451700,0.0,0.0
2023-01-26 00:00:00-05:00,16.940000534057617,17.100000381469727,16.860000610351562,17.06999969482422,205800,0.0,0.0
2023-01-27 00:00:00-05:00,17.010000228881836,17.350000381469727,16.979999542236328,17.209999084472656,194500,0.0,0.0
2023-01-30 00:00:00-05:00,17.1200008392334,17.280000686645508,17.0,17.079999923706055,190400,0.0,0.0
2023-01-31 00:00:00-05:00,17.139999389648438,17.959999084472656,17.049999237060547,17.920000076293945,486300,0.0,0.0
2023-02-01 00:00:00-05:00,17.850000381469727,18.329999923706055,17.5,18.31999969482422,651900,0.0,0.0
2023-02-02 00:00:00-05:00,18.459999084472656,18.8700008392334,18.459999084472656,18.8700008392334,330100,0.0,0.0
2023-02-03 00:00:00-05:00,18.6299991607666,18.709999084472656,18.200000762939453,18.479999542236328,221900,0.0,0.0
2023-02-06 00:00:00-05:00,18.290000915527344,18.299999237060547,17.969999313354492,18.229999542236328,267800,0.0,0.0
2023-02-07 00:00:00-05:00,18.09000015258789,18.520000457763672,17.860000610351562,18.450000762939453,346200,0.0,0.0
2023-02-08 00:00:00-05:00,18.350000381469727,18.56999969482422,18.229999542236328,18.420000076293945,252100,0.0,0.0
2023-02-09 00:00:00-05:00,18.520000457763672,18.549999237060547,18.06999969482422,18.149999618530273,183900,0.0,0.0
2023-02-10 00:00:00-05:00,18.049999237060547,18.219999313354492,17.93000030517578,18.170000076293945,209600,0.0,0.0
2023-02-13 00:00:00-05:00,18.290000915527344,18.5,18.25,18.290000915527344,164800,0.0,0.0
2023-02-14 00:00:00-05:00,18.030000686645508,18.149999618530273,17.81999969482422,18.020000457763672,195100,0.0,0.0
2023-02-15 00:00:00-05:00,17.889999389648438,18.1299991607666,17.860000610351562,18.06999969482422,137800,0.0,0.0
2023-02-16 00:00:00-05:00,17.790000915527344,18.079999923706055,17.639999389648438,17.799999237060547,168800,0.0,0.0
2023-02-17 00:00:00-05:00,17.889999389648438,17.920000076293945,17.600000381469727,17.65999984741211,291100,0.0,0.0
2023-02-21 00:00:00-05:00,17.6200008392334,17.6200008392334,17.31999969482422,17.399999618530273,161100,0.0,0.0
2023-02-22 00:00:00-05:00,17.459999084472656,17.600000381469727,17.18000030517578,17.280000686645508,240700,0.0,0.0
2023-02-23 00:00:00-05:00,17.350000381469727,17.399999618530273,16.950000762939453,17.299999237060547,211200,0.0,0.0
2023-02-24 00:00:00-05:00,17.079999923706055,17.139999389648438,16.920000076293945,17.09000015258789,215900,0.0,0.0
2023-02-27 00:00:00-05:00,17.280000686645508,17.399999618530273,16.90999984741211,17.059999465942383,190300,0.0,0.0
2023-02-28 00:00:00-05:00,17.079999923706055,17.270000457763672,16.889999389648438,17.010000228881836,366400,0.0,0.0
2023-03-01 00:00:00-05:00,16.799999237060547,16.8799991607666,15.449999809265137,15.789999961853027,1214300,0.0,0.0
2023-03-02 00:00:00-05:00,15.760000228881836,16.3799991607666,15.710000038146973,16.299999237060547,387100,0.0,0.0
2023-03-03 00:00:00-05:00,16.3799991607666,16.670000076293945,16.239999771118164,16.549999237060547,231900,0.0,0.0
2023-03-06 00:00:00-05:00,16.520000457763672,16.6200008392334,16.34000015258789,16.389999389648438,337400,0.0,0.0
2023-03-07 00:00:00-05:00,16.360000610351562,16.389999389648438,15.720000267028809,15.779999732971191,423800,0.0,0.0
2023-03-08 00:00:00-05:00,15.789999961853027,15.989999771118164,15.710000038146973,15.789999961853027,257100,0.0,0.0
2023-03-09 00:00:00-05:00,15.770000457763672,15.819999694824219,15.380000114440918,15.420000076293945,352000,0.0,0.0
2023-03-10 00:00:00-05:00,15.380000114440918,15.489999771118164,14.65999984741211,14.800000190734863,439200,0.0,0.0
2023-03-13 00:00:00-04:00,14.699999809265137,14.920000076293945,14.640000343322754,14.699999809265137,533500,0.0,0.0
2023-03-14 00:00:00-04:00,15.050000190734863,15.25,14.760000228881836,14.930000305175781,537100,0.0,0.0
2023-03-15 00:00:00-04:00,14.720000267028809,14.880000114440918,14.609999656677246,14.6899995803833,532000,0.0,0.0
2023-03-16 00:00:00-04:00,14.520000457763672,14.539999961853027,14.270000457763672,14.300000190734863,628500,0.0,0.0
2023-03-17 00:00:00-04:00,14.220000267028809,14.220000267028809,13.729999542236328,13.899999618530273,1109900,0.0,0.0
2023-03-20 00:00:00-04:00,14.050000190734863,14.170000076293945,13.9399995803833,14.109999656677246,504900,0.0,0.0
2023-03-21 00:00:00-04:00,14.34000015258789,14.520000457763672,14.0600004196167,14.359999656677246,797200,0.0,0.0
2023-03-22 00:00:00-04:00,14.319999694824219,14.40999984741211,14.0,14.020000457763672,621000,0.0,0.0
2023-03-23 00:00:00-04:00,14.100000381469727,14.319999694824219,13.960000038146973,14.0600004196167,580900,0.0,0.0
2023-03-24 00:00:00-04:00,13.960000038146973,14.369999885559082,13.930000305175781,14.34000015258789,456000,0.0,0.0
2023-03-27 00:00:00-04:00,14.4399995803833,14.520000457763672,14.25,14.34000015258789,558400,0.0,0.0
2023-03-28 00:00:00-04:00,14.210000038146973,14.390000343322754,14.050000190734863,14.279999732971191,347000,0.0,0.0
2023-03-29 00:00:00-04:00,14.390000343322754,14.5600004196167,14.369999885559082,14.449999809265137,504100,0.0,0.0
2023-03-30 00:00:00-04:00,14.579999923706055,14.649999618530273,14.430000305175781,14.529999732971191,480000,0.0,0.0
2023-03-31 00:00:00-04:00,14.619999885559082,14.800000190734863,14.5,14.789999961853027,575600,0.0,0.0
2023-04-03 00:00:00-04:00,14.850000381469727,15.020000457763672,14.699999809265137,14.84000015258789,345500,0.0,0.0
2023-04-04 00:00:00-04:00,14.84000015258789,15.020000457763672,14.770000457763672,15.010000228881836,327600,0.0,0.0
2023-04-05 00:00:00-04:00,14.979999542236328,15.0600004196167,14.800000190734863,14.949999809265137,729900,0.0,0.0
2023-04-06 00:00:00-04:00,15.0,15.239999771118164,14.930000305175781,15.229999542236328,466600,0.0,0.0
2023-04-10 00:00:00-04:00,15.170000076293945,15.289999961853027,14.949999809265137,15.149999618530273,323400,0.0,0.0
2023-04-11 00:00:00-04:00,15.1899995803833,15.3100004196167,15.020000457763672,15.180000305175781,492000,0.0,0.0
2023-04-12 00:00:00-04:00,15.380000114440918,15.380000114440918,14.920000076293945,14.920000076293945,426200,0.0,0.0
2023-04-13 00:00:00-04:00,14.949999809265137,14.970000267028809,14.710000038146973,14.800000190734863,239200,0.0,0.0
2023-04-14 00:00:00-04:00,14.8100004196167,14.920000076293945,14.470000267028809,14.579999923706055,304000,0.0,0.0
2023-04-17 00:00:00-04:00,14.600000381469727,14.960000038146973,14.539999961853027,14.890000343322754,395000,0.0,0.0
2023-04-18 00:00:00-04:00,14.920000076293945,14.930000305175781,14.720000267028809,14.829999923706055,260900,0.0,0.0
2023-04-19 00:00:00-04:00,14.829999923706055,15.109999656677246,14.75,15.069999694824219,345300,0.0,0.0
2023-04-20 00:00:00-04:00,15.010000228881836,15.069999694824219,14.739999771118164,14.819999694824219,374500,0.0,0.0
2023-04-21 00:00:00-04:00,14.890000343322754,15.0,14.600000381469727,14.890000343322754,404100,0.0,0.0
2023-04-24 00:00:00-04:00,14.930000305175781,15.0600004196167,14.789999961853027,14.979999542236328,506500,0.0,0.0
2023-04-25 00:00:00-04:00,14.930000305175781,15.039999961853027,14.75,14.760000228881836,189200,0.0,0.0
2023-04-26 00:00:00-04:00,14.65999984741211,14.850000381469727,14.489999771118164,14.529999732971191,174700,0.0,0.0
2023-04-27 00:00:00-04:00,14.529999732971191,14.920000076293945,14.479999542236328,14.850000381469727,174600,0.0,0.0
2023-04-28 00:00:00-04:00,14.890000343322754,15.25,14.890000343322754,15.199999809265137,306100,0.0,0.0
2023-05-01 00:00:00-04:00,15.180000305175781,15.319999694824219,15.109999656677246,15.239999771118164,282200,0.0,0.0
2023-05-02 00:00:00-04:00,15.170000076293945,15.180000305175781,14.8100004196167,15.069999694824219,389400,0.0,0.0
2023-05-03 00:00:00-04:00,15.130000114440918,15.460000038146973,14.960000038146973,15.100000381469727,332200,0.0,0.0
2023-05-04 00:00:00-04:00,14.899999618530273,15.329999923706055,14.890000343322754,15.3100004196167,283200,0.0,0.0
2023-05-05 00:00:00-04:00,15.40999984741211,15.609999656677246,15.380000114440918,15.569999694824219,271700,0.0,0.0
2023-05-08 00:00:00-04:00,15.520000457763672,15.640000343322754,15.380000114440918,15.510000228881836,252600,0.0,0.0
2023-05-09 00:00:00-04:00,15.369999885559082,15.619999885559082,15.260000228881836,15.520000457763672,240500,0.0,0.0
2023-05-10 00:00:00-04:00,15.789999961853027,16.010000228881836,15.680000305175781,15.970000267028809,291800,0.0,0.0
2023-05-11 00:00:00-04:00,15.949999809265137,16.030000686645508,15.710000038146973,16.010000228881836,296600,0.0,0.0
2023-05-12 00:00:00-04:00,15.859999656677246,15.989999771118164,15.75,15.859999656677246,318300,0.0,0.0
2023-05-15 00:00:00-04:00,15.880000114440918,15.920000076293945,15.65999984741211,15.760000228881836,264900,0.0,0.0
2023-05-16 00:00:00-04:00,15.8100004196167,15.8100004196167,15.40999984741211,15.40999984741211,162300,0.0,0.0
2023-05-17 00:00:00-04:00,15.550000190734863,15.680000305175781,15.34000015258789,15.649999618530273,266000,0.0,0.0
2023-05-18 00:00:00-04:00,15.510000228881836,15.729999542236328,15.449999809265137,15.649999618530273,264500,0.0,0.0
2023-05-19 00:00:00-04:00,15.760000228881836,15.779999732971191,15.390000343322754,15.4399995803833,314100,0.0,0.0
2023-05-22 00:00:00-04:00,15.5,15.510000228881836,15.34000015258789,15.449999809265137,277300,0.0,0.0
2023-05-23 00:00:00-04:00,15.449999809265137,15.670000076293945,15.359999656677246,15.619999885559082,584000,0.0,0.0
2023-05-24 00:00:00-04:00,15.630000114440918,15.630000114440918,15.199999809265137,15.239999771118164,257600,0.0,0.0
2023-05-25 00:00:00-04:00,15.289999961853027,15.289999961853027,14.949999809265137,15.050000190734863,333800,0.0,0.0
2023-05-26 00:00:00-04:00,15.0,15.229999542236328,14.9399995803833,15.170000076293945,274800,0.0,0.0
2023-05-30 00:00:00-04:00,15.170000076293945,15.289999961853027,14.989999771118164,15.109999656677246,328200,0.0,0.0
2023-05-31 00:00:00-04:00,15.109999656677246,15.270000457763672,14.9399995803833,15.210000038146973,730700,0.0,0.0
2023-06-01 00:00:00-04:00,15.180000305175781,15.359999656677246,14.930000305175781,15.34000015258789,432200,0.0,0.0
2023-06-02 00:00:00-04:00,15.569999694824219,15.869999885559082,15.34000015258789,15.850000381469727,423900,0.0,0.0
2023-06-05 00:00:00-04:00,15.760000228881836,15.899999618530273,15.640000343322754,15.760000228881836,287600,0.0,0.0
2023-06-06 00:00:00-04:00,15.789999961853027,16.100000381469727,15.739999771118164,16.049999237060547,375000,0.0,0.0
2023-06-07 00:00:00-04:00,16.170000076293945,16.43000030517578,16.139999389648438,16.389999389648438,392600,0.0,0.0
2023-06-08 00:00:00-04:00,16.389999389648438,16.610000610351562,16.110000610351562,16.530000686645508,483800,0.0,0.0
2023-06-09 00:00:00-04:00,16.479999542236328,16.479999542236328,16.0,16.299999237060547,543000,0.0,0.0
2023-06-12 00:00:00-04:00,16.299999237060547,16.299999237060547,16.010000228881836,16.020000457763672,273400,0.0,0.0
2023-06-13 00:00:00-04:00,15.979999542236328,16.260000228881836,15.9399995803833,16.260000228881836,343600,0.0,0.0
2023-06-14 00:00:00-04:00,16.260000228881836,16.389999389648438,16.020000457763672,16.200000762939453,572700,0.0,0.0
2023-06-15 00:00:00-04:00,16.18000030517578,16.280000686645508,15.979999542236328,16.280000686645508,496700,0.0,0.0
2023-06-16 00:00:00-04:00,16.40999984741211,16.40999984741211,15.920000076293945,16.290000915527344,945400,0.0,0.0
2023-06-20 00:00:00-04:00,16.280000686645508,16.31999969482422,16.06999969482422,16.239999771118164,763000,0.0,0.0
2023-06-21 00:00:00-04:00,16.149999618530273,16.149999618530273,15.760000228881836,16.059999465942383,588200,0.0,0.0
2023-06-22 00:00:00-04:00,16.09000015258789,16.09000015258789,15.539999961853027,15.670000076293945,465500,0.0,0.0
2023-06-23 00:00:00-04:00,15.449999809265137,15.569999694824219,15.09000015258789,15.260000228881836,2109500,0.0,0.0
2023-06-26 00:00:00-04:00,15.270000457763672,15.699999809265137,15.180000305175781,15.649999618530273,456800,0.0,0.0
2023-06-27 00:00:00-04:00,15.649999618530273,15.960000038146973,15.5,15.9399995803833,446900,0.0,0.0
2023-06-28 00:00:00-04:00,15.920000076293945,16.059999465942383,15.779999732971191,15.989999771118164,482600,0.0,0.0
2023-06-29 00:00:00-04:00,15.989999771118164,16.049999237060547,15.869999885559082,16.049999237060547,357900,0.0,0.0
2023-06-30 00:00:00-04:00,16.170000076293945,16.170000076293945,15.770000457763672,15.979999542236328,502800,0.0,0.0
2023-07-03 00:00:00-04:00,15.920000076293945,16.270000457763672,15.899999618530273,16.170000076293945,370300,0.0,0.0
2023-07-05 00:00:00-04:00,16.06999969482422,16.280000686645508,15.890000343322754,16.100000381469727,360800,0.0,0.0
2023-07-06 00:00:00-04:00,15.90999984741211,16.239999771118164,15.720000267028809,16.15999984741211,503600,0.0,0.0
2023-07-07 00:00:00-04:00,16.049999237060547,16.329999923706055,16.049999237060547,16.190000534057617,413400,0.0,0.0
2023-07-10 00:00:00-04:00,16.200000762939453,16.299999237060547,16.06999969482422,16.239999771118164,267200,0.0,0.0
2023-07-11 00:00:00-04:00,16.25,16.719999313354492,16.209999084472656,16.709999084472656,487100,0.0,0.0
2023-07-12 00:00:00-04:00,16.649999618530273,16.850000381469727,16.450000762939453,16.450000762939453,753200,0.0,0.0
2023-07-13 00:00:00-04:00,16.450000762939453,16.56999969482422,16.270000457763672,16.420000076293945,237000,0.0,0.0
2023-07-14 00:00:00-04:00,16.309999465942383,16.459999084472656,16.200000762939453,16.440000534057617,238700,0.0,0.0
2023-07-17 00:00:00-04:00,16.43000030517578,16.43000030517578,16.239999771118164,16.280000686645508,289900,0.0,0.0
2023-07-18 00:00:00-04:00,16.360000610351562,16.389999389648438,15.920000076293945,16.030000686645508,263700,0.0,0.0
2023-07-19 00:00:00-04:00,16.170000076293945,16.239999771118164,15.979999542236328,16.18000030517578,657400,0.0,0.0
2023-07-20 00:00:00-04:00,16.139999389648438,16.309999465942383,15.960000038146973,16.270000457763672,602000,0.0,0.0
2023-07-21 00:00:00-04:00,16.34000015258789,16.40999984741211,16.209999084472656,16.209999084472656,546100,0.0,0.0
2023-07-24 00:00:00-04:00,16.209999084472656,16.399999618530273,16.1299991607666,16.389999389648438,672100,0.0,0.0
2023-07-25 00:00:00-04:00,16.31999969482422,16.510000228881836,16.139999389648438,16.149999618530273,992500,0.0,0.0
2023-07-26 00:00:00-04:00,16.239999771118164,16.530000686645508,16.18000030517578,16.190000534057617,414400,0.0,0.0
2023-07-27 00:00:00-04:00,16.280000686645508,16.350000381469727,15.489999771118164,15.699999809265137,717300,0.0,0.0
2023-07-28 00:00:00-04:00,15.859999656677246,16.209999084472656,15.800000190734863,16.18000030517578,550000,0.0,0.0
2023-07-31 00:00:00-04:00,16.25,16.68000030517578,16.239999771118164,16.649999618530273,543400,0.0,0.0
2023-08-01 00:00:00-04:00,16.649999618530273,16.700000762939453,16.440000534057617,16.540000915527344,305300,0.0,0.0
2023-08-02 00:00:00-04:00,16.40999984741211,16.610000610351562,16.389999389648438,16.520000457763672,212800,0.0,0.0
2023-08-03 00:00:00-04:00,16.459999084472656,16.459999084472656,16.110000610351562,16.209999084472656,234200,0.0,0.0
2023-08-04 00:00:00-04:00,16.149999618530273,16.43000030517578,16.149999618530273,16.229999542236328,139400,0.0,0.0
2023-08-07 00:00:00-04:00,16.290000915527344,16.440000534057617,16.1299991607666,16.389999389648438,173700,0.0,0.0
2023-08-08 00:00:00-04:00,16.149999618530273,16.31999969482422,16.100000381469727,16.25,220300,0.0,0.0
2023-08-09 00:00:00-04:00,16.25,16.25,15.619999885559082,15.84000015258789,368800,0.0,0.0
2023-08-10 00:00:00-04:00,15.920000076293945,16.059999465942383,15.680000305175781,15.829999923706055,832000,0.0,0.0
2023-08-11 00:00:00-04:00,15.869999885559082,16.110000610351562,15.779999732971191,15.9399995803833,561700,0.0,0.0
2023-08-14 00:00:00-04:00,15.779999732971191,15.819999694824219,15.5,15.569999694824219,549300,0.0,0.0
2023-08-15 00:00:00-04:00,15.529999732971191,15.550000190734863,15.25,15.34000015258789,645800,0.0,0.0
2023-08-16 00:00:00-04:00,15.329999923706055,15.470000267028809,15.0,15.069999694824219,614000,0.0,0.0
2023-08-17 00:00:00-04:00,15.15999984741211,15.359999656677246,15.109999656677246,15.1899995803833,714200,0.0,0.0
2023-08-18 00:00:00-04:00,15.069999694824219,15.279999732971191,15.050000190734863,15.050000190734863,546900,0.0,0.0
2023-08-21 00:00:00-04:00,15.0,15.0,14.5600004196167,14.569999694824219,436500,0.0,0.0
2023-08-22 00:00:00-04:00,14.649999618530273,14.720000267028809,14.449999809265137,14.520000457763672,390900,0.0,0.0
2023-08-23 00:00:00-04:00,14.630000114440918,14.760000228881836,14.520000457763672,14.6899995803833,289600,0.0,0.0
2023-08-24 00:00:00-04:00,14.680000305175781,14.869999885559082,14.609999656677246,14.619999885559082,270700,0.0,0.0
2023-08-25 00:00:00-04:00,14.710000038146973,14.829999923706055,14.640000343322754,14.720000267028809,264000,0.0,0.0
2023-08-28 00:00:00-04:00,14.739999771118164,14.970000267028809,14.739999771118164,14.90999984741211,246100,0.0,0.0
2023-08-29 00:00:00-04:00,14.899999618530273,14.970000267028809,14.800000190734863,14.970000267028809,268100,0.0,0.0
2023-08-30 00:00:00-04:00,14.930000305175781,15.0600004196167,14.899999618530273,15.050000190734863,321700,0.0,0.0
2023-08-31 00:00:00-04:00,15.09000015258789,15.119999885559082,14.920000076293945,14.949999809265137,457100,0.0,0.0
2023-09-01 00:00:00-04:00,15.020000457763672,15.130000114440918,14.90999984741211,14.949999809265137,284000,0.0,0.0
2023-09-05 00:00:00-04:00,14.84000015258789,15.010000228881836,14.630000114440918,14.829999923706055,407100,0.0,0.0
2023-09-06 00:00:00-04:00,14.800000190734863,14.930000305175781,14.75,14.90999984741211,215300,0.0,0.0
2023-09-07 00:00:00-04:00,14.899999618530273,14.970000267028809,14.779999732971191,14.829999923706055,227900,0.0,0.0
2023-09-08 00:00:00-04:00,14.829999923706055,14.869999885559082,14.670000076293945,14.720000267028809,347800,0.0,0.0
2023-09-11 00:00:00-04:00,14.760000228881836,14.800000190734863,14.619999885559082,14.699999809265137,202700,0.0,0.0
2023-09-12 00:00:00-04:00,14.649999618530273,14.789999961853027,14.630000114440918,14.789999961853027,239300,0.0,0.0
2023-09-13 00:00:00-04:00,14.800000190734863,14.829999923706055,14.449999809265137,14.460000038146973,285100,0.0,0.0
2023-09-14 00:00:00-04:00,14.600000381469727,14.819999694824219,14.59000015258789,14.770000457763672,364100,0.0,0.0
2023-09-15 00:00:00-04:00,14.699999809265137,14.779999732971191,14.430000305175781,14.5,734700,0.0,0.0
2023-09-18 00:00:00-04:00,14.539999961853027,14.539999961853027,14.239999771118164,14.289999961853027,518600,0.0,0.0
2023-09-19 00:00:00-04:00,14.3100004196167,14.449999809265137,14.270000457763672,14.350000381469727,347700,0.0,0.0
2023-09-20 00:00:00-04:00,14.489999771118164,14.630000114440918,14.399999618530273,14.399999618530273,278700,0.0,0.0
2023-09-21 00:00:00-04:00,14.329999923706055,14.350000381469727,14.100000381469727,14.15999984741211,516000,0.0,0.0
2023-09-22 00:00:00-04:00,14.170000076293945,14.25,14.050000190734863,14.050000190734863,590100,0.0,0.0
2023-09-25 00:00:00-04:00,14.0,14.119999885559082,13.84000015258789,14.0,465400,0.0,0.0
2023-09-26 00:00:00-04:00,13.899999618530273,14.029999732971191,13.800000190734863,13.90999984741211,417200,0.0,0.0
2023-09-27 00:00:00-04:00,13.949999809265137,14.010000228881836,13.770000457763672,13.930000305175781,447900,0.0,0.0
2023-09-28 00:00:00-04:00,14.0,14.109999656677246,13.850000381469727,13.970000267028809,602800,0.0,0.0
2023-09-29 00:00:00-04:00,14.039999961853027,14.1899995803833,13.880000114440918,14.020000457763672,579700,0.0,0.0
2023-10-02 00:00:00-04:00,13.979999542236328,14.020000457763672,13.65999984741211,13.75,457000,0.0,0.0
2023-10-03 00:00:00-04:00,13.680000305175781,13.720000267028809,13.260000228881836,13.40999984741211,631900,0.0,0.0
2023-10-04 00:00:00-04:00,13.5,13.5600004196167,13.3100004196167,13.510000228881836,937100,0.0,0.0
2023-10-05 00:00:00-04:00,13.520000457763672,13.84000015258789,13.430000305175781,13.829999923706055,431200,0.0,0.0
2023-10-06 00:00:00-04:00,13.75,14.069999694824219,13.579999923706055,14.0,457300,0.0,0.0
2023-10-09 00:00:00-04:00,13.9399995803833,14.300000190734863,13.9399995803833,14.229999542236328,389300,0.0,0.0
2023-10-10 00:00:00-04:00,14.1899995803833,14.359999656677246,14.130000114440918,14.130000114440918,272000,0.0,0.0
2023-10-11 00:00:00-04:00,14.25,14.329999923706055,14.100000381469727,14.210000038146973,302600,0.0,0.0
2023-10-12 00:00:00-04:00,14.210000038146973,14.210000038146973,13.970000267028809,14.15999984741211,331400,0.0,0.0
2023-10-13 00:00:00-04:00,14.25,14.25,14.079999923706055,14.119999885559082,260200,0.0,0.0
2023-10-16 00:00:00-04:00,14.220000267028809,14.449999809265137,14.109999656677246,14.350000381469727,365400,0.0,0.0
2023-10-17 00:00:00-04:00,14.260000228881836,14.609999656677246,14.260000228881836,14.489999771118164,329900,0.0,0.0
2023-10-18 00:00:00-04:00,14.399999618530273,14.399999618530273,14.210000038146973,14.239999771118164,209600,0.0,0.0
2023-10-19 00:00:00-04:00,14.199999809265137,14.359999656677246,14.050000190734863,14.050000190734863,241000,0.0,0.0
2023-10-20 00:00:00-04:00,14.149999618530273,14.170000076293945,13.899999618530273,13.899999618530273,291600,0.0,0.0
2023-10-23 00:00:00-04:00,13.789999961853027,13.819999694824219,13.619999885559082,13.640000343322754,296900,0.0,0.0
2023-10-24 00:00:00-04:00,13.760000228881836,13.829999923706055,13.649999618530273,13.8100004196167,294800,0.0,0.0
2023-10-25 00:00:00-04:00,13.720000267028809,13.770000457763672,13.619999885559082,13.729999542236328,366900,0.0,0.0
2023-10-26 00:00:00-04:00,13.789999961853027,13.890000343322754,13.65999984741211,13.800000190734863,355000,0.0,0.0
2023-10-27 00:00:00-04:00,13.819999694824219,13.819999694824219,13.489999771118164,13.529999732971191,329500,0.0,0.0
2023-10-30 00:00:00-04:00,13.65999984741211,13.770000457763672,13.489999771118164,13.670000076293945,218700,0.0,0.0
2023-10-31 00:00:00-04:00,13.670000076293945,13.819999694824219,13.630000114440918,13.8100004196167,209700,0.0,0.0
2023-11-01 00:00:00-04:00,13.770000457763672,13.90999984741211,13.680000305175781,13.880000114440918,270500,0.0,0.0
2023-11-02 00:00:00-04:00,14.119999885559082,14.520000457763672,14.119999885559082,14.520000457763672,454500,0.0,0.0
2023-11-03 00:00:00-04:00,14.779999732971191,15.0,14.649999618530273,14.920000076293945,336300,0.0,0.0
2023-11-06 00:00:00-05:00,14.859999656677246,14.899999618530273,14.649999618530273,14.819999694824219,354600,0.0,0.0
2023-11-07 00:00:00-05:00,14.8100004196167,14.84000015258789,14.65999984741211,14.739999771118164,423600,0.0,0.0
2023-11-08 00:00:00-05:00,14.84000015258789,14.859999656677246,14.550000190734863,14.720000267028809,209500,0.0,0.0
2023-11-09 00:00:00-05:00,14.449999809265137,14.770000457763672,14.359999656677246,14.489999771118164,337900,0.0,0.0
2023-11-10 00:00:00-05:00,14.550000190734863,14.569999694824219,14.420000076293945,14.5,427600,0.0,0.0
2023-11-13 00:00:00-05:00,14.420000076293945,14.4399995803833,14.069999694824219,14.100000381469727,286800,0.0,0.0
2023-11-14 00:00:00-05:00,14.4399995803833,14.960000038146973,14.4399995803833,14.529999732971191,822800,0.0,0.0
2023-11-15 00:00:00-05:00,14.470000267028809,14.729999542236328,14.300000190734863,14.34000015258789,1304900,0.0,0.0
2023-11-16 00:00:00-05:00,14.369999885559082,14.4399995803833,14.220000267028809,14.229999542236328,453100,0.0,0.0
2023-11-17 00:00:00-05:00,14.390000343322754,14.40999984741211,14.020000457763672,14.0600004196167,566200,0.0,0.0
2023-11-20 00:00:00-05:00,14.010000228881836,14.300000190734863,13.979999542236328,14.220000267028809,332400,0.0,0.0
2023-11-21 00:00:00-05:00,14.140000343322754,14.149999618530273,13.979999542236328,14.020000457763672,335900,0.0,0.0
2023-11-22 00:00:00-05:00,14.170000076293945,14.25,14.0,14.069999694824219,278800,0.0,0.0
2023-11-24 00:00:00-05:00,14.100000381469727,14.220000267028809,14.010000228881836,14.1899995803833,223400,0.0,0.0
2023-11-27 00:00:00-05:00,14.149999618530273,14.199999809265137,14.0600004196167,14.079999923706055,467400,0.0,0.0
2023-11-28 00:00:00-05:00,14.029999732971191,14.279999732971191,13.90999984741211,14.1899995803833,300000,0.0,0.0
2023-11-29 00:00:00-05:00,14.350000381469727,14.420000076293945,14.130000114440918,14.180000305175781,246300,0.0,0.0
2023-11-30 00:00:00-05:00,14.199999809265137,14.300000190734863,14.069999694824219,14.119999885559082,668300,0.0,0.0
2023-12-01 00:00:00-05:00,14.130000114440918,14.609999656677246,14.119999885559082,14.550000190734863,460100,0.0,0.0
2023-12-04 00:00:00-05:00,14.460000038146973,14.84000015258789,14.390000343322754,14.800000190734863,451900,0.0,0.0
2023-12-05 00:00:00-05:00,14.770000457763672,14.819999694824219,14.670000076293945,14.75,320200,0.0,0.0
2023-12-06 00:00:00-05:00,14.789999961853027,14.949999809265137,14.640000343322754,14.640000343322754,343500,0.0,0.0
2023-12-07 00:00:00-05:00,14.619999885559082,14.869999885559082,14.510000228881836,14.779999732971191,308900,0.0,0.0
2023-12-08 00:00:00-05:00,14.729999542236328,14.819999694824219,14.609999656677246,14.760000228881836,270900,0.0,0.0
2023-12-11 00:00:00-05:00,14.710000038146973,14.829999923706055,14.630000114440918,14.6899995803833,284200,0.0,0.0
2023-12-12 00:00:00-05:00,14.720000267028809,14.829999923706055,14.600000381469727,14.720000267028809,294200,0.0,0.0
2023-12-13 00:00:00-05:00,14.760000228881836,15.1899995803833,14.600000381469727,15.069999694824219,1165200,0.0,0.0
2023-12-14 00:00:00-05:00,15.399999618530273,15.470000267028809,15.239999771118164,15.369999885559082,778400,0.0,0.0
2023-12-15 00:00:00-05:00,15.369999885559082,15.4399995803833,14.920000076293945,15.100000381469727,1817500,0.0,0.0
2023-12-18 00:00:00-05:00,15.0600004196167,15.229999542236328,14.9399995803833,15.140000343322754,664200,0.0,0.0
2023-12-19 00:00:00-05:00,15.220000267028809,15.329999923706055,15.149999618530273,15.220000267028809,595000,0.0,0.0
2023-12-20 00:00:00-05:00,15.170000076293945,15.350000381469727,15.039999961853027,15.039999961853027,368400,0.0,0.0
2023-12-21 00:00:00-05:00,15.15999984741211,15.210000038146973,14.920000076293945,15.0,350500,0.0,0.0
2023-12-22 00:00:00-05:00,15.109999656677246,15.260000228881836,15.069999694824219,15.199999809265137,371800,0.0,0.0
2023-12-26 00:00:00-05:00,15.199999809265137,15.420000076293945,15.130000114440918,15.380000114440918,303600,0.0,0.0
2023-12-27 00:00:00-05:00,15.369999885559082,15.5,15.350000381469727,15.420000076293945,361200,0.0,0.0
2023-12-28 00:00:00-05:00,15.369999885559082,15.5600004196167,15.350000381469727,15.5600004196167,323700,0.0,0.0
2023-12-29 00:00:00-05:00,15.5,15.569999694824219,15.3100004196167,15.319999694824219,242700,0.0,0.0
2024-01-02 00:00:00-05:00,15.25,15.399999618530273,15.130000114440918,15.170000076293945,330800,0.0,0.0
2024-01-03 00:00:00-05:00,15.039999961853027,15.109999656677246,14.819999694824219,14.819999694824219,321700,0.0,0.0
2024-01-04 00:00:00-05:00,14.739999771118164,14.850000381469727,14.680000305175781,14.720000267028809,262700,0.0,0.0
2024-01-05 00:00:00-05:00,14.569999694824219,14.859999656677246,14.520000457763672,14.699999809265137,342800,0.0,0.0
2024-01-08 00:00:00-05:00,14.6899995803833,15.220000267028809,14.6899995803833,15.210000038146973,389700,0.0,0.0
2024-01-09 00:00:00-05:00,15.029999732971191,15.420000076293945,14.960000038146973,15.40999984741211,505700,0.0,0.0
2024-01-10 00:00:00-05:00,15.4399995803833,15.859999656677246,15.399999618530273,15.800000190734863,660900,0.0,0.0
2024-01-11 00:00:00-05:00,15.770000457763672,15.770000457763672,15.539999961853027,15.720000267028809,345300,0.0,0.0
2024-01-12 00:00:00-05:00,15.9399995803833,16.0,15.699999809265137,15.800000190734863,297800,0.0,0.0
2024-01-16 00:00:00-05:00,15.670000076293945,15.850000381469727,15.579999923706055,15.59000015258789,365400,0.0,0.0
2024-01-17 00:00:00-05:00,15.34000015258789,15.470000267028809,14.960000038146973,15.149999618530273,379700,0.0,0.0
2024-01-18 00:00:00-05:00,15.210000038146973,15.210000038146973,14.930000305175781,14.979999542236328,366300,0.0,0.0
2024-01-19 00:00:00-05:00,15.069999694824219,15.640000343322754,14.930000305175781,15.640000343322754,613200,0.0,0.0
2024-01-22 00:00:00-05:00,15.739999771118164,15.890000343322754,15.600000381469727,15.670000076293945,376300,0.0,0.0
2024-01-23 00:00:00-05:00,15.789999961853027,15.789999961853027,15.449999809265137,15.539999961853027,341500,0.0,0.0
2024-01-24 00:00:00-05:00,15.729999542236328,15.729999542236328,15.300000190734863,15.329999923706055,319200,0.0,0.0
2024-01-25 00:00:00-05:00,15.520000457763672,15.539999961853027,15.34000015258789,15.5,409400,0.0,0.0
2024-01-26 00:00:00-05:00,15.579999923706055,15.640000343322754,15.399999618530273,15.40999984741211,254500,0.0,0.0
2024-01-29 00:00:00-05:00,15.390000343322754,15.609999656677246,15.34000015258789,15.59000015258789,355600,0.0,0.0
2024-01-30 00:00:00-05:00,15.520000457763672,15.630000114440918,15.369999885559082,15.380000114440918,318600,0.0,0.0
2024-01-31 00:00:00-05:00,15.40999984741211,15.5,14.949999809265137,15.109999656677246,448600,0.0,0.0
2024-02-01 00:00:00-05:00,15.109999656677246,15.109999656677246,14.770000457763672,15.100000381469727,351400,0.0,0.0
2024-02-02 00:00:00-05:00,14.960000038146973,14.970000267028809,14.670000076293945,14.899999618530273,318700,0.0,0.0
2024-02-05 00:00:00-05:00,14.710000038146973,14.760000228881836,14.510000228881836,14.529999732971191,254200,0.0,0.0
2024-02-06 00:00:00-05:00,14.489999771118164,14.8100004196167,14.40999984741211,14.789999961853027,314100,0.0,0.0
2024-02-07 00:00:00-05:00,14.84000015258789,14.84000015258789,14.579999923706055,14.59000015258789,264200,0.0,0.0
2024-02-08 00:00:00-05:00,14.529999732971191,14.739999771118164,14.489999771118164,14.710000038146973,252200,0.0,0.0
2024-02-09 00:00:00-05:00,14.720000267028809,14.8100004196167,14.630000114440918,14.800000190734863,300500,0.0,0.0
2024-02-12 00:00:00-05:00,14.84000015258789,14.890000343322754,14.720000267028809,14.729999542236328,362200,0.0,0.0
2024-02-13 00:00:00-05:00,14.34000015258789,14.449999809265137,14.109999656677246,14.359999656677246,543800,0.0,0.0
2024-02-14 00:00:00-05:00,14.260000228881836,14.359999656677246,14.140000343322754,14.270000457763672,419300,0.0,0.0
2024-02-15 00:00:00-05:00,14.40999984741211,14.579999923706055,14.329999923706055,14.539999961853027,433400,0.0,0.0
2024-02-16 00:00:00-05:00,14.5,14.6899995803833,14.25,14.649999618530273,413900,0.0,0.0
2024-02-20 00:00:00-05:00,14.579999923706055,14.710000038146973,14.479999542236328,14.529999732971191,260900,0.0,0.0
2024-02-21 00:00:00-05:00,14.529999732971191,14.609999656677246,14.449999809265137,14.510000228881836,220000,0.0,0.0
2024-02-22 00:00:00-05:00,14.520000457763672,14.520000457763672,14.319999694824219,14.359999656677246,285100,0.0,0.0
2024-02-23 00:00:00-05:00,14.350000381469727,14.420000076293945,14.239999771118164,14.34000015258789,187500,0.0,0.0
2024-02-26 00:00:00-05:00,14.289999961853027,14.390000343322754,14.149999618530273,14.170000076293945,286100,0.0,0.0
2024-02-27 00:00:00-05:00,14.270000457763672,14.359999656677246,14.220000267028809,14.260000228881836,239800,0.0,0.0
2024-02-28 00:00:00-05:00,14.170000076293945,14.460000038146973,14.09000015258789,14.279999732971191,281600,0.0,0.0
2024-02-29 00:00:00-05:00,14.59000015258789,15.460000038146973,14.5600004196167,15.399999618530273,874100,0.0,0.0
2024-03-01 00:00:00-05:00,15.329999923706055,16.0,15.279999732971191,15.859999656677246,677000,0.0,0.0
2024-03-04 00:00:00-05:00,15.819999694824219,16.209999084472656,15.6899995803833,16.139999389648438,447200,0.0,0.0
2024-03-05 00:00:00-05:00,16.149999618530273,16.350000381469727,16.049999237060547,16.190000534057617,523300,0.0,0.0
2024-03-06 00:00:00-05:00,16.3799991607666,16.459999084472656,16.110000610351562,16.239999771118164,314600,0.0,0.0
2024-03-07 00:00:00-05:00,16.389999389648438,16.389999389648438,16.030000686645508,16.139999389648438,321300,0.0,0.0
2024-03-08 00:00:00-05:00,16.350000381469727,16.399999618530273,16.239999771118164,16.290000915527344,307300,0.0,0.0
2024-03-11 00:00:00-04:00,16.239999771118164,16.31999969482422,16.190000534057617,16.229999542236328,270600,0.0,0.0
2024-03-12 00:00:00-04:00,16.190000534057617,16.260000228881836,16.030000686645508,16.229999542236328,411900,0.0,0.0
2024-03-13 00:00:00-04:00,16.110000610351562,16.209999084472656,15.84000015258789,15.9399995803833,516100,0.0,0.0
2024-03-14 00:00:00-04:00,15.899999618530273,15.899999618530273,15.569999694824219,15.720000267028809,344900,0.0,0.0
2024-03-15 00:00:00-04:00,15.569999694824219,15.779999732971191,15.529999732971191,15.619999885559082,617400,0.0,0.0
2024-03-18 00:00:00-04:00,15.550000190734863,15.75,15.550000190734863,15.569999694824219,340600,0.0,0.0
2024-03-19 00:00:00-04:00,15.600000381469727,15.75,15.600000381469727,15.680000305175781,378100,0.0,0.0
2024-03-20 00:00:00-04:00,15.579999923706055,15.970000267028809,15.569999694824219,15.949999809265137,334900,0.0,0.0
2024-03-21 00:00:00-04:00,16.059999465942383,16.260000228881836,15.920000076293945,16.260000228881836,396500,0.0,0.0
2024-03-22 00:00:00-04:00,16.309999465942383,16.350000381469727,16.0,16.020000457763672,234200,0.0,0.0
2024-03-25 00:00:00-04:00,15.9399995803833,16.030000686645508,15.770000457763672,15.880000114440918,335900,0.0,0.0
2024-03-26 00:00:00-04:00,15.979999542236328,15.979999542236328,15.619999885559082,15.65999984741211,375800,0.0,0.0
2024-03-27 00:00:00-04:00,15.84000015258789,15.949999809265137,15.75,15.84000015258789,391600,0.0,0.0
2024-03-28 00:00:00-04:00,15.869999885559082,16.239999771118164,15.869999885559082,16.239999771118164,428900,0.0,0.0
2024-04-01 00:00:00-04:00,16.229999542236328,16.229999542236328,15.920000076293945,15.9399995803833,265100,0.0,0.0
2024-04-02 00:00:00-04:00,15.9399995803833,16.15999984741211,15.819999694824219,16.020000457763672,367200,0.0,0.0
2024-04-03 00:00:00-04:00,15.899999618530273,16.049999237060547,15.84000015258789,16.040000915527344,308800,0.0,0.0
2024-04-04 00:00:00-04:00,16.200000762939453,16.200000762939453,15.8100004196167,15.829999923706055,328100,0.0,0.0
2024-04-05 00:00:00-04:00,15.770000457763672,15.829999923706055,15.600000381469727,15.600000381469727,310900,0.0,0.0
2024-04-08 00:00:00-04:00,15.720000267028809,16.170000076293945,15.640000343322754,16.149999618530273,544100,0.0,0.0
2024-04-09 00:00:00-04:00,16.219999313354492,16.610000610351562,16.18000030517578,16.489999771118164,525800,0.0,0.0
2024-04-10 00:00:00-04:00,16.059999465942383,16.079999923706055,15.390000343322754,15.520000457763672,434300,0.0,0.0
2024-04-11 00:00:00-04:00,15.5600004196167,15.779999732971191,15.5,15.670000076293945,305700,0.0,0.0
2024-04-12 00:00:00-04:00,15.65999984741211,15.65999984741211,15.399999618530273,15.449999809265137,350600,0.0,0.0
2024-04-15 00:00:00-04:00,15.510000228881836,15.510000228881836,15.260000228881836,15.319999694824219,310600,0.0,0.0
2024-04-16 00:00:00-04:00,15.289999961853027,15.399999618530273,15.15999984741211,15.199999809265137,291900,0.0,0.0
2024-04-17 00:00:00-04:00,15.270000457763672,15.369999885559082,15.0600004196167,15.170000076293945,263600,0.0,0.0
2024-04-18 00:00:00-04:00,15.199999809265137,15.319999694824219,15.09000015258789,15.239999771118164,257200,0.0,0.0
2024-04-19 00:00:00-04:00,15.210000038146973,15.430000305175781,15.210000038146973,15.369999885559082,196100,0.0,0.0
2024-04-22 00:00:00-04:00,15.390000343322754,15.550000190734863,15.350000381469727,15.539999961853027,276800,0.0,0.0
2024-04-23 00:00:00-04:00,15.569999694824219,15.729999542236328,15.539999961853027,15.59000015258789,176100,0.0,0.0
2024-04-24 00:00:00-04:00,15.479999542236328,15.800000190734863,15.390000343322754,15.6899995803833,195700,0.0,0.0
2024-04-25 00:00:00-04:00,15.539999961853027,15.649999618530273,15.40999984741211,15.630000114440918,239200,0.0,0.0
2024-04-26 00:00:00-04:00,15.680000305175781,15.800000190734863,15.619999885559082,15.65999984741211,176200,0.0,0.0
2024-04-29 00:00:00-04:00,15.75,15.979999542236328,15.75,15.930000305175781,241500,0.0,0.0
2024-04-30 00:00:00-04:00,15.829999923706055,16.18000030517578,15.789999961853027,15.920000076293945,380800,0.0,0.0
2024-05-01 00:00:00-04:00,15.989999771118164,16.030000686645508,15.75,15.800000190734863,287800,0.0,0.0
2024-05-02 00:00:00-04:00,15.890000343322754,16.1200008392334,15.829999923706055,16.049999237060547,318900,0.0,0.0
2024-05-03 00:00:00-04:00,15.979999542236328,16.09000015258789,15.170000076293945,15.359999656677246,399200,0.0,0.0
2024-05-06 00:00:00-04:00,15.430000305175781,15.819999694824219,15.380000114440918,15.779999732971191,312700,0.0,0.0
2024-05-07 00:00:00-04:00,15.84000015258789,15.989999771118164,15.65999984741211,15.720000267028809,382600,0.0,0.0
2024-05-08 00:00:00-04:00,15.609999656677246,15.90999984741211,15.5600004196167,15.899999618530273,321300,0.0,0.0
2024-05-09 00:00:00-04:00,15.949999809265137,16.229999542236328,15.880000114440918,16.209999084472656,665200,0.0,0.0
2024-05-10 00:00:00-04:00,16.229999542236328,16.290000915527344,15.9399995803833,16.1200008392334,360700,0.0,0.0
2024-05-13 00:00:00-04:00,16.219999313354492,16.219999313354492,15.640000343322754,15.699999809265137,409800,0.0,0.0
2024-05-14 00:00:00-04:00,15.649999618530273,15.930000305175781,15.569999694824219,15.930000305175781,420200,0.0,0.0
2024-05-15 00:00:00-04:00,16.139999389648438,16.190000534057617,15.880000114440918,16.049999237060547,416300,0.0,0.0
2024-05-16 00:00:00-04:00,16.0,16.049999237060547,15.899999618530273,15.960000038146973,203600,0.0,0.0
2024-05-17 00:00:00-04:00,16.020000457763672,16.170000076293945,15.930000305175781,15.989999771118164,392900,0.0,0.0
2024-05-20 00:00:00-04:00,15.960000038146973,15.989999771118164,15.770000457763672,15.8100004196167,266600,0.0,0.0
2024-05-21 00:00:00-04:00,15.829999923706055,15.829999923706055,15.539999961853027,15.600000381469727,255500,0.0,0.0
2024-05-22 00:00:00-04:00,15.550000190734863,15.670000076293945,15.510000228881836,15.539999961853027,228900,0.0,0.0
2024-05-23 00:00:00-04:00,15.520000457763672,15.520000457763672,14.960000038146973,15.029999732971191,594400,0.0,0.0
2024-05-24 00:00:00-04:00,15.119999885559082,15.1899995803833,15.010000228881836,15.020000457763672,269600,0.0,0.0
2024-05-28 00:00:00-04:00,15.079999923706055,15.170000076293945,14.930000305175781,15.079999923706055,385200,0.0,0.0
2024-05-29 00:00:00-04:00,14.899999618530273,14.920000076293945,14.729999542236328,14.75,225800,0.0,0.0
2024-05-30 00:00:00-04:00,14.880000114440918,15.09000015258789,14.869999885559082,15.069999694824219,294900,0.0,0.0
2024-05-31 00:00:00-04:00,15.109999656677246,15.1899995803833,14.9399995803833,15.119999885559082,505600,0.0,0.0
2024-06-03 00:00:00-04:00,15.109999656677246,15.229999542236328,14.989999771118164,15.210000038146973,639800,0.0,0.0
2024-06-04 00:00:00-04:00,15.229999542236328,15.3100004196167,15.109999656677246,15.1899995803833,410300,0.0,0.0
2024-06-05 00:00:00-04:00,15.25,15.25,15.020000457763672,15.180000305175781,258000,0.0,0.0
2024-06-06 00:00:00-04:00,15.09000015258789,15.3100004196167,15.0600004196167,15.270000457763672,295700,0.0,0.0
2024-06-07 00:00:00-04:00,15.100000381469727,15.369999885559082,15.010000228881836,15.220000267028809,504300,0.0,0.0
2024-06-10 00:00:00-04:00,15.149999618530273,15.199999809265137,15.050000190734863,15.100000381469727,384500,0.0,0.0
2024-06-11 00:00:00-04:00,15.020000457763672,15.15999984741211,15.0,15.010000228881836,502000,0.0,0.0
2024-06-12 00:00:00-04:00,15.40999984741211,15.569999694824219,15.229999542236328,15.239999771118164,378500,0.0,0.0
2024-06-13 00:00:00-04:00,15.34000015258789,15.479999542236328,15.289999961853027,15.4399995803833,374600,0.0,0.0
2024-06-14 00:00:00-04:00,15.350000381469727,15.479999542236328,15.300000190734863,15.420000076293945,647800,0.0,0.0
2024-06-17 00:00:00-04:00,15.3100004196167,15.520000457763672,15.279999732971191,15.449999809265137,373700,0.0,0.0
2024-06-18 00:00:00-04:00,15.510000228881836,15.600000381469727,15.380000114440918,15.510000228881836,317800,0.0,0.0
2024-06-20 00:00:00-04:00,15.510000228881836,15.550000190734863,15.350000381469727,15.380000114440918,242800,0.0,0.0
2024-06-21 00:00:00-04:00,15.4399995803833,15.59000015258789,15.350000381469727,15.510000228881836,615800,0.0,0.0
2024-06-24 00:00:00-04:00,15.5,15.710000038146973,15.4399995803833,15.619999885559082,258600,0.0,0.0
2024-06-25 00:00:00-04:00,15.579999923706055,15.630000114440918,15.40999984741211,15.5,226700,0.0,0.0
2024-06-26 00:00:00-04:00,15.350000381469727,15.5,15.34000015258789,15.359999656677246,278500,0.0,0.0
2024-06-27 00:00:00-04:00,15.420000076293945,15.600000381469727,15.390000343322754,15.479999542236328,439500,0.0,0.0
2024-06-28 00:00:00-04:00,15.59000015258789,16.100000381469727,15.489999771118164,15.989999771118164,2074200,0.0,0.0
2024-07-01 00:00:00-04:00,15.949999809265137,16.049999237060547,15.829999923706055,16.040000915527344,503300,0.0,0.0
2024-07-02 00:00:00-04:00,16.09000015258789,16.1299991607666,16.010000228881836,16.1200008392334,345200,0.0,0.0
2024-07-03 00:00:00-04:00,16.1200008392334,16.229999542236328,16.09000015258789,16.139999389648438,196400,0.0,0.0
2024-07-05 00:00:00-04:00,16.18000030517578,16.290000915527344,16.09000015258789,16.229999542236328,278000,0.0,0.0
2024-07-08 00:00:00-04:00,16.299999237060547,16.43000030517578,16.280000686645508,16.3700008392334,263300,0.0,0.0
2024-07-09 00:00:00-04:00,16.329999923706055,16.360000610351562,16.18000030517578,16.309999465942383,260800,0.0,0.0
2024-07-10 00:00:00-04:00,16.40999984741211,16.440000534057617,16.18000030517578,16.329999923706055,489700,0.0,0.0
2024-07-11 00:00:00-04:00,16.6200008392334,16.989999771118164,16.549999237060547,16.81999969482422,676800,0.0,0.0
2024-07-12 00:00:00-04:00,16.969999313354492,17.06999969482422,16.799999237060547,16.93000030517578,670000,0.0,0.0
2024-07-15 00:00:00-04:00,17.040000915527344,17.299999237060547,16.899999618530273,17.18000030517578,332900,0.0,0.0
2024-07-16 00:00:00-04:00,17.309999465942383,17.670000076293945,17.260000228881836,17.649999618530273,319000,0.0,0.0
2024-07-17 00:00:00-04:00,17.6299991607666,17.700000762939453,17.440000534057617,17.479999542236328,1428100,0.0,0.0
2024-07-18 00:00:00-04:00,17.639999389648438,17.90999984741211,17.489999771118164,17.510000228881836,390200,0.0,0.0
2024-07-19 00:00:00-04:00,17.549999237060547,17.639999389648438,17.40999984741211,17.43000030517578,252800,0.0,0.0
2024-07-22 00:00:00-04:00,17.43000030517578,17.520000457763672,17.290000915527344,17.459999084472656,306900,0.0,0.0
2024-07-23 00:00:00-04:00,17.459999084472656,17.729999542236328,17.3799991607666,17.700000762939453,356000,0.0,0.0
2024-07-24 00:00:00-04:00,17.690000534057617,17.969999313354492,17.40999984741211,17.40999984741211,238900,0.0,0.0
2024-07-25 00:00:00-04:00,17.420000076293945,17.690000534057617,17.360000610351562,17.399999618530273,260200,0.0,0.0
2024-07-26 00:00:00-04:00,17.610000610351562,17.709999084472656,17.420000076293945,17.68000030517578,244000,0.0,0.0
2024-07-29 00:00:00-04:00,17.690000534057617,17.75,17.489999771118164,17.600000381469727,210400,0.0,0.0
2024-07-30 00:00:00-04:00,17.65999984741211,17.790000915527344,17.489999771118164,17.729999542236328,218900,0.0,0.0
2024-07-31 00:00:00-04:00,17.829999923706055,18.040000915527344,17.690000534057617,17.760000228881836,329300,0.0,0.0
2024-08-01 00:00:00-04:00,17.8799991607666,18.149999618530273,17.68000030517578,18.110000610351562,487200,0.0,0.0
2024-08-02 00:00:00-04:00,17.850000381469727,18.469999313354492,17.850000381469727,18.3700008392334,501000,0.0,0.0
2024-08-05 00:00:00-04:00,17.860000610351562,18.31999969482422,17.729999542236328,18.1200008392334,916100,0.0,0.0
2024-08-06 00:00:00-04:00,18.040000915527344,19.059999465942383,18.040000915527344,18.969999313354492,652100,0.0,0.0
2024-08-07 00:00:00-04:00,19.610000610351562,19.610000610351562,18.5,19.0,582900,0.0,0.0
2024-08-08 00:00:00-04:00,19.059999465942383,19.350000381469727,18.90999984741211,19.049999237060547,393000,0.0,0.0
2024-08-09 00:00:00-04:00,19.229999542236328,19.489999771118164,19.15999984741211,19.18000030517578,414800,0.0,0.0
2024-08-12 00:00:00-04:00,19.25,19.3799991607666,19.059999465942383,19.149999618530273,913100,0.0,0.0
2024-08-13 00:00:00-04:00,19.270000457763672,19.469999313354492,19.0,19.350000381469727,1229200,0.0,0.0
2024-08-14 00:00:00-04:00,19.510000228881836,19.700000762939453,19.149999618530273,19.56999969482422,921700,0.0,0.0
2024-08-15 00:00:00-04:00,19.520000457763672,19.649999618530273,19.280000686645508,19.34000015258789,395000,0.0,0.0
2024-08-16 00:00:00-04:00,19.350000381469727,19.399999618530273,19.15999984741211,19.399999618530273,601100,0.0,0.0
2024-08-19 00:00:00-04:00,19.510000228881836,19.549999237060547,19.18000030517578,19.260000228881836,300600,0.0,0.0
2024-08-20 00:00:00-04:00,19.239999771118164,19.299999237060547,19.110000610351562,19.139999389648438,232400,0.0,0.0
2024-08-21 00:00:00-04:00,19.190000534057617,19.239999771118164,19.09000015258789,19.219999313354492,337700,0.0,0.0
2024-08-22 00:00:00-04:00,19.290000915527344,19.549999237060547,19.260000228881836,19.420000076293945,485000,0.0,0.0
2024-08-23 00:00:00-04:00,19.520000457763672,19.790000915527344,19.450000762939453,19.579999923706055,338300,0.0,0.0
2024-08-26 00:00:00-04:00,19.719999313354492,19.760000228881836,19.530000686645508,19.56999969482422,464200,0.0,0.0
2024-08-27 00:00:00-04:00,19.440000534057617,19.520000457763672,19.350000381469727,19.360000610351562,321400,0.0,0.0
2024-08-28 00:00:00-04:00,19.399999618530273,19.540000915527344,19.280000686645508,19.299999237060547,524000,0.0,0.0
2024-08-29 00:00:00-04:00,19.280000686645508,19.299999237060547,19.1299991607666,19.200000762939453,352300,0.0,0.0
2024-08-30 00:00:00-04:00,19.25,19.5,19.25,19.459999084472656,302800,0.0,0.0
2024-09-03 00:00:00-04:00,19.399999618530273,19.520000457763672,19.299999237060547,19.299999237060547,361800,0.0,0.0
2024-09-04 00:00:00-04:00,19.280000686645508,19.5,19.18000030517578,19.229999542236328,359500,0.0,0.0
2024-09-05 00:00:00-04:00,19.6299991607666,19.950000762939453,19.479999542236328,19.65999984741211,947200,0.0,0.0
2024-09-06 00:00:00-04:00,19.600000381469727,19.739999771118164,19.31999969482422,19.59000015258789,556500,0.0,0.0
2024-09-09 00:00:00-04:00,19.639999389648438,19.700000762939453,19.469999313354492,19.579999923706055,645300,0.0,0.0
2024-09-10 00:00:00-04:00,19.610000610351562,19.799999237060547,19.59000015258789,19.799999237060547,862800,0.0,0.0
2024-09-11 00:00:00-04:00,19.690000534057617,19.8799991607666,19.559999465942383,19.780000686645508,369700,0.0,0.0
2024-09-12 00:00:00-04:00,19.81999969482422,20.110000610351562,19.81999969482422,20.0,378500,0.0,0.0
2024-09-13 00:00:00-04:00,20.149999618530273,20.489999771118164,20.149999618530273,20.420000076293945,464800,0.0,0.0
2024-09-16 00:00:00-04:00,20.489999771118164,20.639999389648438,20.190000534057617,20.190000534057617,486500,0.0,0.0
2024-09-17 00:00:00-04:00,20.09000015258789,20.139999389648438,19.649999618530273,19.790000915527344,649200,0.0,0.0
2024-09-18 00:00:00-04:00,19.809999465942383,20.149999618530273,19.690000534057617,19.81999969482422,418600,0.0,0.0
2024-09-19 00:00:00-04:00,19.950000762939453,20.09000015258789,19.649999618530273,19.8799991607666,478600,0.0,0.0
2024-09-20 00:00:00-04:00,19.780000686645508,19.8799991607666,19.649999618530273,19.739999771118164,3986000,0.0,0.0
2024-09-23 00:00:00-04:00,19.829999923706055,19.979999542236328,19.729999542236328,19.940000534057617,480600,0.0,0.0
2024-09-24 00:00:00-04:00,19.860000610351562,19.969999313354492,19.729999542236328,19.729999542236328,452800,0.0,0.0
2024-09-25 00:00:00-04:00,19.719999313354492,19.75,19.540000915527344,19.649999618530273,423500,0.0,0.0
2024-09-26 00:00:00-04:00,19.56999969482422,19.600000381469727,19.350000381469727,19.360000610351562,425000,0.0,0.0
2024-09-27 00:00:00-04:00,19.469999313354492,19.549999237060547,19.25,19.309999465942383,355000,0.0,0.0
2024-09-30 00:00:00-04:00,19.239999771118164,19.670000076293945,19.219999313354492,19.670000076293945,446400,0.0,0.0
2024-10-01 00:00:00-04:00,19.75,19.799999237060547,19.290000915527344,19.440000534057617,394100,0.0,0.0
2024-10-02 00:00:00-04:00,19.209999084472656,19.270000457763672,19.110000610351562,19.260000228881836,222400,0.0,0.0
2024-10-03 00:00:00-04:00,19.31999969482422,19.350000381469727,19.059999465942383,19.190000534057617,277700,0.0,0.0
2024-10-04 00:00:00-04:00,19.09000015258789,19.15999984741211,18.899999618530273,19.010000228881836,240600,0.0,0.0
2024-10-07 00:00:00-04:00,18.81999969482422,18.889999389648438,18.510000228881836,18.6200008392334,314300,0.0,0.0
2024-10-08 00:00:00-04:00,18.65999984741211,18.709999084472656,18.540000915527344,18.639999389648438,217300,0.0,0.0
2024-10-09 00:00:00-04:00,18.68000030517578,18.81999969482422,18.520000457763672,18.790000915527344,290500,0.0,0.0
2024-10-10 00:00:00-04:00,18.670000076293945,18.829999923706055,18.559999465942383,18.639999389648438,214000,0.0,0.0
2024-10-11 00:00:00-04:00,18.65999984741211,18.829999923706055,18.649999618530273,18.790000915527344,226400,0.0,0.0
2024-10-14 00:00:00-04:00,18.65999984741211,18.889999389648438,18.56999969482422,18.729999542236328,246000,0.0,0.0
2024-10-15 00:00:00-04:00,18.799999237060547,19.0,18.729999542236328,18.829999923706055,285200,0.0,0.0
2024-10-16 00:00:00-04:00,18.850000381469727,19.1299991607666,18.850000381469727,19.06999969482422,274700,0.0,0.0
2024-10-17 00:00:00-04:00,18.969999313354492,19.020000457763672,18.8700008392334,18.90999984741211,182300,0.0,0.0
2024-10-18 00:00:00-04:00,18.969999313354492,19.030000686645508,18.899999618530273,18.959999084472656,233200,0.0,0.0
2024-10-21 00:00:00-04:00,18.860000610351562,18.979999542236328,18.549999237060547,18.59000015258789,234700,0.0,0.0
2024-10-22 00:00:00-04:00,18.510000228881836,18.90999984741211,18.40999984741211,18.81999969482422,213900,0.0,0.0
2024-10-23 00:00:00-04:00,18.760000228881836,19.299999237060547,18.719999313354492,19.25,292400,0.0,0.0
2024-10-24 00:00:00-04:00,19.31999969482422,19.440000534057617,19.040000915527344,19.079999923706055,237900,0.0,0.0
2024-10-25 00:00:00-04:00,19.200000762939453,19.229999542236328,18.950000762939453,18.950000762939453,182500,0.0,0.0
