Date,Open,High,Low,Close,Volume,Dividends,Stock Splits
1988-11-02 00:00:00-05:00,0.0,0.6510365732333065,0.6483684182167053,0.6483684182167053,6065707,0.0,0.0
1988-11-03 00:00:00-05:00,0.0,0.6537049492185365,0.6483687023726995,0.6510368585586548,2756671,0.0,0.0
1988-11-04 00:00:00-05:00,0.0,0.6483686045739908,0.6430321619548723,0.6457005143165588,2985857,0.0,0.0
1988-11-07 00:00:00-05:00,0.0,0.6483684182167053,0.6430319771314134,0.6483684182167053,2384566,0.0,0.0
1988-11-08 00:00:00-05:00,0.0,0.6563729643821716,0.6537046129904426,0.6563729643821716,2506884,0.0,0.0
1988-11-09 00:00:00-05:00,0.0,0.6563730546126995,0.6537047028541565,0.6537047028541565,5705189,0.0,0.0
1988-11-10 00:00:00-05:00,0.0,0.6670457720756531,0.6563730208509416,0.6670457720756531,1569539,0.0,0.0
1988-11-11 00:00:00-05:00,0.0,0.6670458226992296,0.6590412259101868,0.6590412259101868,2096152,0.0,0.0
1988-11-14 00:00:00-05:00,0.0,0.6617093086242676,0.6563730637155182,0.6617093086242676,2381991,0.0,0.0
1988-11-15 00:00:00-05:00,0.0,0.6590412259101868,0.6563730706645394,0.6590412259101868,2275123,0.0,0.0
1988-11-16 00:00:00-05:00,0.0,0.6697138615927629,0.6643773549283163,0.6670457720756531,2594438,0.0,0.0
1988-11-17 00:00:00-05:00,0.0,0.6750503182411194,0.6697140720043064,0.6750503182411194,934770,0.0,0.0
1988-11-18 00:00:00-05:00,0.0,0.6723818778991699,0.6723818778991699,0.6723818778991699,887131,0.0,0.0
1988-11-21 00:00:00-05:00,0.0,0.6750501593753641,0.6697139143943787,0.6697139143943787,2416755,0.0,0.0
1988-11-22 00:00:00-05:00,0.0,0.6723818778991699,0.6670456994459676,0.6723818778991699,428758,0.0,0.0
1988-11-23 00:00:00-05:00,0.0,0.6750503182411194,0.67238216235968,0.6750503182411194,915457,0.0,0.0
1988-11-25 00:00:00-05:00,0.0,0.6457004992814502,0.6403639912605286,0.6403639912605286,2832638,0.0,0.0
1988-11-28 00:00:00-05:00,0.0,0.6376960056771491,0.6323594967807907,0.6350275874137878,2546799,0.0,0.0
1988-11-29 00:00:00-05:00,0.0,0.6350275874137878,0.6323594967807907,0.6350275874137878,2665254,0.0,0.0
1988-11-30 00:00:00-05:00,0.0,0.640363819210971,0.6376957297325134,0.6376957297325134,3000021,0.0,0.0
1988-12-01 00:00:00-05:00,0.0,0.6376957297325134,0.6350273126238336,0.6376957297325134,3329637,0.0,0.0
1988-12-02 00:00:00-05:00,0.0,0.6376957297325134,0.6350273126238336,0.6376957297325134,1315889,0.0,0.0
1988-12-05 00:00:00-05:00,0.0,0.6430322527885437,0.6350275877291403,0.6430322527885437,1590140,0.0,0.0
1988-12-06 00:00:00-05:00,0.0,0.6430322527885437,0.6403640966281487,0.6430322527885437,1279837,0.0,0.0
1988-12-07 00:00:00-05:00,0.0,0.6376960056771491,0.6323594967807907,0.6350275874137878,3431354,0.0,0.0
1988-12-08 00:00:00-05:00,0.0,0.6350275874137878,0.6323594967807907,0.6350275874137878,974685,0.0,0.0
1988-12-09 00:00:00-05:00,0.0,0.6350275874137878,0.6296914061477935,0.6350275874137878,2236496,0.0,0.0
1988-12-12 00:00:00-05:00,0.0,0.6376960056771491,0.6323594967807907,0.6350275874137878,1462671,0.0,0.0
1988-12-13 00:00:00-05:00,0.0,0.6376957297325134,0.6323592231453761,0.6376957297325134,3038648,0.0,0.0
1988-12-14 00:00:00-05:00,0.0,0.653704662723863,0.6376957326242557,0.6483684182167053,3753245,0.0,0.0
1988-12-15 00:00:00-05:00,0.0,0.6590412259101868,0.6483684738754967,0.6590412259101868,1718896,0.0,0.0
1988-12-16 00:00:00-05:00,0.6643775780319452,0.6803868412971498,0.6643775780319452,0.6803868412971497,2029199,0.0,0.0
1988-12-19 00:00:00-05:00,0.6750504430441822,0.68305504322052,0.6750504430441822,0.68305504322052,2581563,0.0,0.0
1988-12-20 00:00:00-05:00,0.68305504322052,0.6883915525482087,0.68305504322052,0.68305504322052,4165265,0.0,0.0
1988-12-21 00:00:00-05:00,0.6857231129805058,0.6910593580000959,0.683054761129532,0.6883912682533264,2494009,0.0,0.0
1988-12-22 00:00:00-05:00,0.6883915581203852,0.6910596489906311,0.6883915581203852,0.6910596489906311,1387992,0.0,0.0
1988-12-23 00:00:00-05:00,0.6910596489906311,0.693727739860877,0.6910596489906311,0.6910596489906311,794426,0.0,0.0
1988-12-27 00:00:00-05:00,0.693727739860877,0.693727739860877,0.6910596489906311,0.6910596489906311,601292,0.0,0.0
1988-12-28 00:00:00-05:00,0.6937277961883999,0.7017323970794678,0.6910597051015172,0.7017323970794678,2991008,0.0,0.0
1988-12-29 00:00:00-05:00,0.7070689106632496,0.7204097593254796,0.7070689106632496,0.7177416682243347,1225760,0.0,0.0
1988-12-30 00:00:00-05:00,0.7230775428815233,0.7284140504444686,0.7204094529151918,0.7204094529151917,742924,0.0,0.0
1989-01-03 00:00:00-05:00,0.7177413557501297,0.7284140431386942,0.7177413557501297,0.7230775356292725,1613316,0.0,0.0
1989-01-04 00:00:00-05:00,0.7310820408518977,0.7577639852985636,0.7310820408518977,0.7470912337303162,5188877,0.0,0.0
1989-01-05 00:00:00-05:00,0.7444229794403644,0.749759486974933,0.7417548894882202,0.7417548894882202,2197869,0.0,0.0
1989-01-06 00:00:00-05:00,0.7390866372911069,0.7470912337303163,0.7364185476881164,0.7470912337303162,2181131,0.0,0.0
1989-01-09 00:00:00-05:00,0.7470914508985069,0.7550957875602659,0.7470914508985069,0.7524276971817017,1248936,0.0,0.0
1989-01-10 00:00:00-05:00,0.7550955680653354,0.7550955680653354,0.7470912337303163,0.7470912337303162,1488422,0.0,0.0
1989-01-11 00:00:00-05:00,0.7497593854166981,0.7631001610006318,0.7497593854166981,0.7577639818191528,1466534,0.0,0.0
1989-01-12 00:00:00-05:00,0.7630999788293854,0.7844454112461271,0.7630999788293854,0.7817773222923279,4624925,0.0,0.0
1989-01-13 00:00:00-05:00,0.7871142029762268,0.7951185391785993,0.7844457851204762,0.7871142029762268,1237348,0.0,0.0
1989-01-16 00:00:00-05:00,0.7844457851204762,0.7924503834271,0.7844457851204762,0.7871142029762268,1026187,0.0,0.0
1989-01-17 00:00:00-05:00,0.7897822105523638,0.7897822105523638,0.7817776130834069,0.7844457030296326,1542500,0.0,0.0
1989-01-18 00:00:00-05:00,0.7844458437772787,0.8191323953489538,0.7844458437772787,0.8164643049240112,5527506,0.0,0.0
1989-01-19 00:00:00-05:00,0.9125180890605853,0.9125180890605853,0.8724953836746537,0.8858364820480347,6919361,0.0,0.0
1989-01-20 00:00:00-05:00,0.8804999771726588,0.8911727248193166,0.8804999771726588,0.8858364820480347,3696592,0.0,0.0
1989-01-23 00:00:00-05:00,0.8804999771726588,0.8885045706706639,0.8618227015540194,0.8858364820480347,4219342,0.0,0.0
1989-01-24 00:00:00-05:00,0.8805003900580811,0.9178550243377686,0.8805003900580811,0.9178550243377686,3522771,0.0,0.0
1989-01-25 00:00:00-05:00,0.9392000967785631,0.963213617036878,0.9338635914879757,0.952540934085846,6643823,0.0,0.0
1989-01-26 00:00:00-05:00,0.9445366441144883,0.9472049959080585,0.9125184538991845,0.9285277128219604,11575187,0.0,0.0
1989-01-27 00:00:00-05:00,0.9392010927494258,0.9552100358635306,0.9338645817997633,0.944537341594696,5088447,0.0,0.0
1989-01-30 00:00:00-05:00,0.9552090937741486,0.9605455994606017,0.947204761163686,0.9605455994606018,2486283,0.0,0.0
1989-01-31 00:00:00-05:00,0.9632143406902642,0.9898962974548339,0.9632143406902642,0.989896297454834,2654954,0.0,0.0
1989-02-01 00:00:00-05:00,0.9898957477350728,1.0112411833460073,0.9898957477350728,0.9952319264411926,2922767,0.0,0.0
1989-02-02 00:00:00-05:00,1.0005684327775193,1.0032365221305792,0.9925638370881327,0.9952319264411926,1839927,0.0,0.0
1989-02-03 00:00:00-05:00,1.0005684428314343,1.0192457892769826,1.0005684428314343,1.0032365322113037,861379,0.0,0.0
1989-02-06 00:00:00-05:00,0.9925636762906637,1.0032363596041123,0.9925636762906637,1.0005682706832886,1143356,0.0,0.0
1989-02-07 00:00:00-05:00,1.0139095303498464,1.0512641668319702,1.0139095303498464,1.0512641668319702,1385417,0.0,0.0
1989-02-08 00:00:00-05:00,1.0672734825419368,1.0779461714991103,1.0299188418506002,1.032586932182312,3149378,0.0,0.0
1989-02-09 00:00:00-05:00,1.0192461675317226,1.0325869470122064,0.9952323057843869,1.0085734128952026,1376404,0.0,0.0
1989-02-10 00:00:00-05:00,0.9898960115072495,0.9898960115072495,0.9605459723861841,0.9658824801445007,2076838,0.0,0.0
1989-02-13 00:00:00-05:00,0.9311959300614042,0.939200527856193,0.9258596844256818,0.9365324378013611,3191867,0.0,0.0
1989-02-14 00:00:00-05:00,0.9605461214327498,0.9605461214327498,0.9445369233039693,0.9552096128463745,1546363,0.0,0.0
1989-02-15 00:00:00-05:00,0.9445366960841592,0.9632139801979065,0.9418685407219325,0.9632139801979065,1941644,0.0,0.0
1989-02-16 00:00:00-05:00,0.9738863778557828,0.9738863778557828,0.9498727917671204,0.9498727917671204,1454946,0.0,0.0
1989-02-17 00:00:00-05:00,0.9738867564344549,1.0672733103313112,0.9738867564344549,1.0592687129974365,4725354,0.0,0.0
1989-02-21 00:00:00-05:00,1.0752773946604146,1.0779457460432127,1.0539319596448613,1.072609305381775,2739933,0.0,0.0
1989-02-22 00:00:00-05:00,1.0646048299198987,1.0646048299198987,1.0192458654972054,1.0299185514450073,1171682,0.0,0.0
1989-02-23 00:00:00-05:00,1.0245823478674432,1.109964384925907,1.0245823478674432,1.0966235399246216,2128341,0.0,0.0
1989-02-24 00:00:00-05:00,1.1019592703374057,1.1072958420509225,1.0672730612984558,1.072609305381775,1551513,0.0,0.0
1989-02-27 00:00:00-05:00,1.0512643527249164,1.0512643527249164,1.0379235070542103,1.0405915975570679,1736922,0.0,0.0
1989-02-28 00:00:00-05:00,1.0405912848043972,1.0646048784255981,1.0352548432982862,1.0646048784255981,2590576,0.0,0.0
1989-03-01 00:00:00-05:00,1.072609743225876,1.0939551869547353,1.0699415873320437,1.0779461860656738,3515046,0.0,0.0
1989-03-02 00:00:00-05:00,1.1046273950545291,1.147318528559404,1.1046273950545291,1.1286412477493286,4422777,0.0,0.0
1989-03-03 00:00:00-05:00,1.1313095666931656,1.163327693978198,1.1313095666931656,1.149986982345581,3050236,0.0,0.0
1989-03-06 00:00:00-05:00,1.1633279846059075,1.179337183300022,1.1633279846059075,1.1740007400512695,1595290,0.0,0.0
1989-03-07 00:00:00-05:00,1.1686645589068023,1.2006826941907462,1.1446506953395592,1.1740007400512695,2015035,0.0,0.0
1989-03-08 00:00:00-05:00,1.1473191698773544,1.163328108167556,1.1419827260617974,1.1446508169174194,1200008,0.0,0.0
1989-03-09 00:00:00-05:00,1.144650368902022,1.152655031492338,1.1259733470663726,1.147318720817566,1731772,0.0,0.0
1989-03-10 00:00:00-05:00,1.141982319472213,1.1606596040725186,1.1313095666931656,1.149986982345581,1444645,0.0,0.0
1989-03-13 00:00:00-05:00,1.1606596444182595,1.1793369296678071,1.1606596444182595,1.1659959554672241,1317176,0.0,0.0
1989-03-14 00:00:00-05:00,1.1793368935425348,1.195345826199045,1.1659959197506105,1.1926777362823486,2115465,0.0,0.0
1989-03-15 00:00:00-05:00,1.195346313580661,1.2273648472092327,1.195346313580661,1.2166920900344849,2860964,0.0,0.0
1989-03-16 00:00:00-05:00,1.238037473331817,1.248710230506565,1.195346313580661,1.2166920900344849,2868689,0.0,0.0
1989-03-17 00:00:00-05:00,1.1900097260025948,1.22202785556253,1.174000530170508,1.1766688823699951,3530496,0.0,0.0
1989-03-20 00:00:00-05:00,1.1820052459542427,1.2060187131354405,1.1686644017308827,1.1793370246887207,1514174,0.0,0.0
1989-03-21 00:00:00-05:00,1.2113556459210288,1.2220282720436129,1.2086874238643008,1.2166920900344849,1439495,0.0,0.0
1989-03-22 00:00:00-05:00,1.2273643638113965,1.2273643638113965,1.1953458427933292,1.2086869478225708,730048,0.0,0.0
1989-03-23 00:00:00-05:00,1.2433733555946824,1.259382551336092,1.2380370443822915,1.248709797859192,2939505,0.0,0.0
1989-03-27 00:00:00-05:00,1.2487095303159716,1.2487095303159716,1.2380367791257698,1.246041178703308,570390,0.0,0.0
1989-03-28 00:00:00-05:00,1.254046082496643,1.2647188368627127,1.238037147525733,1.254046082496643,2182418,0.0,0.0
1989-03-29 00:00:00-05:00,1.2673870836807375,1.2700553048129921,1.2433733555946824,1.248709797859192,1986709,0.0,0.0
1989-03-30 00:00:00-05:00,1.2433733396590834,1.2460414297050242,1.2166916528869745,1.2327005863189697,2105165,0.0,0.0
1989-03-31 00:00:00-05:00,1.2487097978591917,1.251377887939328,1.2407052655145463,1.248709797859192,560090,0.0,0.0
1989-04-03 00:00:00-04:00,1.2487094240140646,1.2513775132954144,1.23270023306557,1.240704894065857,847216,0.0,0.0
1989-04-04 00:00:00-04:00,1.2433734208675291,1.2487098634121834,1.2273644863899422,1.238037109375,1672544,0.0,0.0
1989-04-05 00:00:00-04:00,1.2327004144649298,1.2380368559170776,1.2220276626127329,1.2300323247909546,771250,0.0,0.0
1989-04-06 00:00:00-04:00,1.2086869285931037,1.2086869285931037,1.1686642694026765,1.1713323593139648,3681141,0.0,0.0
1989-04-07 00:00:00-04:00,1.168664506234805,1.2086871735359033,1.1659961536785495,1.2006826400756836,4317197,0.0,0.0
1989-04-10 00:00:00-04:00,1.198014309272073,1.2166915939495007,1.1926777362823486,1.1926777362823486,2011173,0.0,0.0
1989-04-11 00:00:00-04:00,1.1980146526687159,1.2220281240627124,1.1980146526687159,1.2060189247131348,2663967,0.0,0.0
1989-04-12 00:00:00-04:00,1.206018283219927,1.2353683135217384,1.206018283219927,1.2246955633163452,1599153,0.0,0.0
1989-04-13 00:00:00-04:00,1.2246962147441853,1.2327008799450483,1.1980146526687159,1.2060189247131348,1151081,0.0,0.0
1989-04-14 00:00:00-04:00,1.2273641589876587,1.2593822815061733,1.2113549666763108,1.246041178703308,1545075,0.0,0.0
1989-04-17 00:00:00-04:00,1.2407054221442502,1.2967372866824878,1.2380372006751528,1.2727235555648804,1672544,0.0,0.0
1989-04-18 00:00:00-04:00,1.3127457665330178,1.3180823386703993,1.2967368364334106,1.2967368364334106,2616327,0.0,0.0
1989-04-19 00:00:00-04:00,1.2967367334307052,1.3074094837014392,1.2753911018371582,1.2753911018371582,3442942,0.0,0.0
1989-04-20 00:00:00-04:00,1.278059354232958,1.278059354232958,1.23803657658053,1.2567139863967896,1915893,0.0,0.0
1989-04-21 00:00:00-04:00,1.2647189675522144,1.3020736772195645,1.2647189675522144,1.2994054555892944,1855378,0.0,0.0
1989-04-24 00:00:00-04:00,1.307409511674345,1.3260865301805587,1.3020730708987616,1.3127456903457642,2197869,0.0,0.0
1989-04-25 00:00:00-04:00,1.3634414186266306,1.3634414186266306,1.3154139689444744,1.3180824518203735,3869125,0.0,0.0
1989-04-26 00:00:00-04:00,1.3180823957072239,1.3207504853132355,1.3020732028106785,1.307409644126892,2463107,0.0,0.0
1989-04-27 00:00:00-04:00,1.3180823288043497,1.3340912587841278,1.310077667236328,1.3100776672363281,2381991,0.0,0.0
1989-04-28 00:00:00-04:00,1.3047412971886772,1.3287550210952759,1.2914004559535406,1.3287550210952759,2703881,0.0,0.0
1989-05-01 00:00:00-04:00,1.3234186870228186,1.3554368134238965,1.3180825073587807,1.342095971107483,4514194,0.0,0.0
1989-05-02 00:00:00-04:00,1.3367603007929627,1.3847873776423647,1.3340919478400013,1.36611008644104,3571698,0.0,0.0
1989-05-03 00:00:00-04:00,1.3714454933955593,1.414136356272303,1.3661090536284306,1.411468267440796,2773410,0.0,0.0
1989-05-04 00:00:00-04:00,1.4248100125974323,1.4541600568613693,1.419473700482235,1.4301464557647705,2916329,0.0,0.0
1989-05-05 00:00:00-04:00,1.4621638766131975,1.4835093767556629,1.4408185075228086,1.4675004482269287,3978568,0.0,0.0
1989-05-08 00:00:00-04:00,1.4675008391920088,1.4675008391920088,1.4301461384647818,1.446155071258545,2571262,0.0,0.0
1989-05-09 00:00:00-04:00,1.443487645478859,1.4541604033040982,1.4248103520477335,1.4354829788208008,1067389,0.0,0.0
1989-05-10 00:00:00-04:00,1.4354821960340223,1.438150678902561,1.4141368230756204,1.4248095750808716,1436920,0.0,0.0
1989-05-11 00:00:00-04:00,1.4248091640768712,1.4461545308779353,1.4194728551396207,1.4221410751342773,3007746,0.0,0.0
1989-05-12 00:00:00-04:00,1.4568283259757853,1.5048553943634033,1.454159973492955,1.5048553943634033,3000021,0.0,0.0
1989-05-15 00:00:00-04:00,1.5048551229480853,1.5475462649830773,1.4888461904076689,1.5395416021347046,3095300,0.0,0.0
1989-05-16 00:00:00-04:00,1.5315373474047986,1.5528827257056659,1.5262007734883485,1.5422101020812988,2745083,0.0,0.0
1989-05-17 00:00:00-04:00,1.5448779801172694,1.5582190854443214,1.526200563711512,1.5368735790252686,1488422,0.0,0.0
1989-05-18 00:00:00-04:00,1.5368740841668214,1.6169196940216954,1.5368740841668214,1.5902377367019653,2231346,0.0,0.0
1989-05-19 00:00:00-04:00,1.6329279549543676,1.6382643966248798,1.5955732564170932,1.6009098291397095,1439495,0.0,0.0
1989-05-22 00:00:00-04:00,1.5582191403040286,1.566223410625718,1.5475463867187502,1.54754638671875,2891865,0.0,0.0
1989-05-23 00:00:00-04:00,1.4941824108549442,1.510191605935146,1.4514916608147834,1.462164282798767,5170851,0.0,0.0
1989-05-24 00:00:00-04:00,1.4514918841531372,1.5155281501186326,1.443487219855317,1.5128600597381592,5531369,0.0,0.0
1989-05-25 00:00:00-04:00,1.5155279415541008,1.5368735790252688,1.5155279415541008,1.5368735790252686,2138641,0.0,0.0
1989-05-26 00:00:00-04:00,1.5608870866514963,1.5822324608039964,1.5582189967900013,1.5742279291152954,1837352,0.0,0.0
1989-05-30 00:00:00-04:00,1.5849008586830338,1.5902374325994837,1.5368737902691152,1.5422101020812988,1032625,0.0,0.0
1989-05-31 00:00:00-04:00,1.5795645578510193,1.5795645578510193,1.558219181172739,1.571560025215149,1762673,0.0,0.0
1989-06-01 00:00:00-04:00,1.6009095519993435,1.646268380981708,1.5955729802005645,1.6409322023391724,3566548,0.0,0.0
1989-06-02 00:00:00-04:00,1.6622783454212973,1.6916283877108975,1.6622783454212973,1.6862918138504028,1766536,0.0,0.0
1989-06-05 00:00:00-04:00,1.686290658465622,1.686290658465622,1.6169182600096577,1.6195863485336304,1077690,0.0,0.0
1989-06-06 00:00:00-04:00,1.6382647612586123,1.6382647612586123,1.5795646761305382,1.622255563735962,1810313,0.0,0.0
1989-06-07 00:00:00-04:00,1.8250379504030667,1.830374525986778,1.7236470769299497,1.7289835214614868,5483729,0.0,0.0
1989-06-08 00:00:00-04:00,1.728982222781028,1.7690050024967805,1.728982222781028,1.7583322525024414,3030922,0.0,0.0
1989-06-09 00:00:00-04:00,1.7236462256552625,1.7396554202910761,1.6756187727999308,1.691628098487854,2192719,0.0,0.0
1989-06-12 00:00:00-04:00,1.6489374651268598,1.7129737290362674,1.579564627471453,1.7076375484466553,3500882,0.0,0.0
1989-06-13 00:00:00-04:00,1.7156413850545478,1.7343186676510953,1.680955171585083,1.680955171585083,2580275,0.0,0.0
1989-06-14 00:00:00-04:00,1.683623131414411,1.6889595723460944,1.648936920618898,1.6516050100326538,2205595,0.0,0.0
1989-06-15 00:00:00-04:00,1.6489373234377236,1.6542735035688108,1.5955734252929685,1.5955734252929688,2629203,0.0,0.0
1989-06-16 00:00:00-04:00,1.6115821359190048,1.6115821359190048,1.5528820753097534,1.5528820753097534,3079850,0.0,0.0
1989-06-19 00:00:00-04:00,1.5582189967900013,1.576896281081006,1.526200476878874,1.5742279291152954,2675555,0.0,0.0
1989-06-20 00:00:00-04:00,1.6169190230991424,1.6169190230991424,1.5822324143450204,1.6009098291397095,3704317,0.0,0.0
1989-06-21 00:00:00-04:00,1.5955733706525261,1.6009099437572154,1.5822325276253126,1.5849006175994873,1882416,0.0,0.0
1989-06-22 00:00:00-04:00,1.590237690204127,1.600910446609521,1.507523991877518,1.5582195520401,8627956,0.0,0.0
1989-06-23 00:00:00-04:00,1.499518809193758,1.536873374940652,1.499518809193758,1.5235322713851929,11451581,0.0,0.0
1989-06-26 00:00:00-04:00,1.4995185673885503,1.4995185673885503,1.430145757451576,1.4675004482269287,11861026,0.0,0.0
1989-06-27 00:00:00-04:00,1.496850848197937,1.5128597806842567,1.480841653607399,1.496850848197937,6575582,0.0,0.0
1989-06-28 00:00:00-04:00,1.496850950688004,1.4995190407590213,1.4888462873185975,1.4941824674606323,3664403,0.0,0.0
1989-06-29 00:00:00-04:00,1.4728370992472148,1.4755051893320277,1.4088008403778076,1.4088008403778076,4491018,0.0,0.0
1989-06-30 00:00:00-04:00,1.4060424423567355,1.408715565037657,1.296445987953305,1.3311961889266968,10248998,0.0094,0.0
1989-07-03 00:00:00-04:00,1.3579268364297612,1.3579268364297612,1.3258498907089233,1.3258498907089233,2871264,0.0,0.0
1989-07-05 00:00:00-04:00,1.3258494167067734,1.3365417718887327,1.2937724824537051,1.336541771888733,2800448,0.0,0.0
1989-07-06 00:00:00-04:00,1.3793120477292122,1.4006966380222852,1.3525810801003324,1.390004277229309,3603887,0.0,0.0
1989-07-07 00:00:00-04:00,1.4060423467538232,1.459504271565695,1.4033693555475126,1.448811650276184,4172990,0.0,0.0
1989-07-10 00:00:00-04:00,1.4461383669281072,1.4461383669281072,1.4087151846712687,1.4247537851333618,1771686,0.0,0.0
1989-07-11 00:00:00-04:00,1.4301001875019117,1.4381191603893655,1.414061585262796,1.4167345762252808,1790999,0.0,0.0
1989-07-12 00:00:00-04:00,1.4167350236936542,1.470196960514486,1.4167350236936542,1.4675235748291016,1063527,0.0,0.0
1989-07-13 00:00:00-04:00,1.4728698445358366,1.5129660316314344,1.4701968529247122,1.480889081954956,3025772,0.0,0.0
1989-07-14 00:00:00-04:00,1.4648508618033464,1.475543224943838,1.438119888305664,1.438119888305664,1702158,0.0,0.0
1989-07-17 00:00:00-04:00,1.4327732485044509,1.4327732485044509,1.3525807585600889,1.3712923526763916,3242082,0.0,0.0
1989-07-18 00:00:00-04:00,1.341888739134377,1.357927083621496,1.3124847793424554,1.3151577711105347,3554960,0.0,0.0
1989-07-19 00:00:00-04:00,1.3418887320943353,1.347234715602447,1.2403115005324425,1.2510038614273071,8598342,0.0,0.0
1989-07-20 00:00:00-04:00,1.2723885832170363,1.2991194198077576,1.2456576153334347,1.2510038614273071,6333520,0.0,0.0
1989-07-21 00:00:00-04:00,1.2510039810200242,1.2991195440001968,1.2510039810200242,1.2830809354782104,2656241,0.0,0.0
1989-07-24 00:00:00-04:00,1.2830805245251997,1.3044652415100224,1.2777342796325684,1.2777342796325684,1922331,0.0,0.0
1989-07-25 00:00:00-04:00,1.2830806585927965,1.2991192636536943,1.2723884302760178,1.2804076671600342,1595290,0.0,0.0
1989-07-26 00:00:00-04:00,1.2991191901367964,1.3418884948621996,1.288426699839374,1.3258498907089233,2192719,0.0,0.0
1989-07-27 00:00:00-04:00,1.3686195334002123,1.3793121576309204,1.3445618181687895,1.3793121576309204,2009885,0.0,0.0
1989-07-28 00:00:00-04:00,1.406042445984764,1.416734805443177,1.3846578583608007,1.3953502178192139,3157103,0.0,0.0
1989-07-31 00:00:00-04:00,1.3900040889185135,1.3900040889185135,1.3205039501190186,1.3205039501190186,1346790,0.0,0.0
1989-08-01 00:00:00-04:00,1.3098114864026535,1.3098114864026535,1.2616959388332278,1.2777342796325684,3271696,0.0,0.0
1989-08-02 00:00:00-04:00,1.2643686771694,1.2777340241428032,1.234964730017958,1.2456570863723755,3596162,0.0,0.0
1989-08-03 00:00:00-04:00,1.224272922480165,1.224272922480165,1.19754195396476,1.2002153396606445,3253670,0.0,0.0
1989-08-04 00:00:00-04:00,1.200215083366564,1.2403112649917603,1.1895227245022262,1.2403112649917603,1986709,0.0,0.0
1989-08-07 00:00:00-04:00,1.272388767757601,1.2964463534976909,1.2563500271498087,1.2884271144866943,3242082,0.0,0.0
1989-08-08 00:00:00-04:00,1.2830813398802157,1.2991199534572575,1.2376387545870207,1.2536773681640625,1078977,0.0,0.0
1989-08-09 00:00:00-04:00,1.2590229476797632,1.2991191279102423,1.2510035803408164,1.2777342796325684,1485847,0.0,0.0
1989-08-10 00:00:00-04:00,1.2830810498344707,1.304465775574465,1.2830810498344707,1.2937734127044678,2020186,0.0,0.0
1989-08-11 00:00:00-04:00,1.2964459175256189,1.2964459175256189,1.2456573771043051,1.2616959810256958,890993,0.0,0.0
1989-08-14 00:00:00-04:00,1.2403114535568893,1.2403114535568893,1.2215998555227794,1.2242728471755981,753224,0.0,0.0
1989-08-15 00:00:00-04:00,1.221599817276001,1.2296191858620078,1.2082342029659898,1.221599817276001,1430482,0.0,0.0
1989-08-16 00:00:00-04:00,1.2216000599568755,1.224273052057018,1.1975420807124117,1.2109076976776123,1404731,0.0,0.0
1989-08-17 00:00:00-04:00,1.2109073664966843,1.2162534805277148,1.2028881298037077,1.2135804891586304,872967,0.0,0.0
1989-08-18 00:00:00-04:00,1.2296192674502955,1.2349652509432765,1.2028882996423498,1.2189269065856934,1942932,0.0,0.0
1989-08-21 00:00:00-04:00,1.213580520375799,1.2162535118136413,1.1815034414859065,1.1841765642166138,2326625,0.0,0.0
1989-08-22 00:00:00-04:00,1.1815034124080317,1.2082341138857777,1.1815034124080317,1.2028881311416626,1312026,0.0,0.0
1989-08-23 00:00:00-04:00,1.1975417839915552,1.2082341436215196,1.1841765642166138,1.1841765642166138,619318,0.0,0.0
1989-08-24 00:00:00-04:00,1.2055616118148778,1.2055616118148778,1.162792288281697,1.1815038919448853,4053247,0.0,0.0
1989-08-25 00:00:00-04:00,1.1708115742129128,1.1708115742129128,1.1414076089859009,1.1414076089859009,2854526,0.0,0.0
1989-08-28 00:00:00-04:00,1.141407208145582,1.1574455499649048,1.1387342168221244,1.1574455499649048,1439495,0.0,0.0
1989-08-29 00:00:00-04:00,1.1574461394106748,1.1681385040283203,1.1440807821083128,1.1681385040283203,2092289,0.0,0.0
1989-08-30 00:00:00-04:00,1.1841768576259035,1.2135808210706525,1.1815037342328634,1.2109076976776123,6311631,0.0,0.0
1989-08-31 00:00:00-04:00,1.261696136412683,1.2777344797236008,1.2510037762458663,1.2750614881515503,3794447,0.0,0.0
1989-09-01 00:00:00-04:00,1.2884269343795738,1.3205041485253368,1.283080819550534,1.3151577711105347,2709032,0.0,0.0
1989-09-05 00:00:00-04:00,1.3231777056995249,1.3231777056995249,1.2911007404327393,1.2911007404327393,1078977,0.0,0.0
1989-09-06 00:00:00-04:00,1.2911001378545148,1.2911001378545148,1.2376382039136264,1.256349802017212,1245073,0.0,0.0
1989-09-07 00:00:00-04:00,1.2777349634585053,1.299119823181058,1.2777349634585053,1.2857542037963867,2118040,0.0,0.0
1989-09-08 00:00:00-04:00,1.2857535578338861,1.2857535578338861,1.2670419626818932,1.2723883390426636,652794,0.0,0.0
1989-09-11 00:00:00-04:00,1.267042119556784,1.2804077338813944,1.267042119556784,1.2750614881515503,408157,0.0,0.0
1989-09-12 00:00:00-04:00,1.2777342796325684,1.2910998918641465,1.2723882973256393,1.2777342796325684,621893,0.0,0.0
1989-09-13 00:00:00-04:00,1.283080768987656,1.2911001378545148,1.2510038186917245,1.256349802017212,934770,0.0,0.0
1989-09-14 00:00:00-04:00,1.2670419635114005,1.2670419635114005,1.256349604661425,1.2616959810256958,1389280,0.0,0.0
1989-09-15 00:00:00-04:00,1.2616963429370507,1.293773297395237,1.2616963429370507,1.2830809354782104,1637780,0.0,0.0
1989-09-18 00:00:00-04:00,1.2723889097130867,1.2777348945929825,1.2670425309544484,1.2697157859802246,1107304,0.0,0.0
1989-09-19 00:00:00-04:00,1.2750614389314465,1.2777344304003138,1.2483304738998415,1.2483304738998413,844641,0.0,0.0
1989-09-20 00:00:00-04:00,1.245657482430974,1.2510037279544417,1.240311368200373,1.2483304738998413,484124,0.0,0.0
1989-09-21 00:00:00-04:00,1.2670423269562243,1.293773297395237,1.2670423269562243,1.2830809354782104,2097439,0.0,0.0
1989-09-22 00:00:00-04:00,1.28308100787977,1.28308100787977,1.2616964141319225,1.2670423984527588,596141,0.0,0.0
1989-09-25 00:00:00-04:00,1.2670427263031738,1.2723891058861003,1.2536773681640625,1.2536773681640625,1201296,0.0,0.0
1989-09-26 00:00:00-04:00,1.259023230568116,1.2777345667251478,1.2510038614273071,1.2510038614273071,1237348,0.0,0.0
1989-09-27 00:00:00-04:00,1.2349652122508827,1.2563498020172117,1.2242728517212802,1.256349802017212,629618,0.0,0.0
1989-09-28 00:00:00-04:00,1.2510038115417406,1.2510038115417406,1.2162536071959247,1.234965205192566,757087,0.0,0.0
1989-09-29 00:00:00-04:00,1.2563492092182746,1.2777339201872644,1.2563492092182746,1.25902259349823,1058376,0.0,0.0
1989-10-02 00:00:00-04:00,1.2643691708840707,1.26971541679531,1.2536768103544682,1.256349802017212,173821,0.0,0.0
1989-10-03 00:00:00-04:00,1.2723887048540772,1.2911003053856502,1.2670423269562243,1.2830809354782104,2989720,0.0,0.0
1989-10-04 00:00:00-04:00,1.28308100787977,1.28308100787977,1.2616964141319225,1.2670423984527588,513737,0.0,0.0
1989-10-05 00:00:00-04:00,1.2670422058302833,1.2670422058302833,1.2456576153334347,1.2510038614273071,1122755,0.0,0.0
1989-10-06 00:00:00-04:00,1.2403109738415792,1.2510033301959966,1.2403109738415792,1.2456570863723755,2352377,0.0,0.0
1989-10-09 00:00:00-04:00,1.2403109738415792,1.2456570863723755,1.2296187487799866,1.2456570863723755,463523,0.0,0.0
1989-10-10 00:00:00-04:00,1.2510038186917245,1.283080768987656,1.248330564443229,1.256349802017212,3057961,0.0,0.0
1989-10-11 00:00:00-04:00,1.2616962223221717,1.2616962223221717,1.2456576153334347,1.2510038614273071,955371,0.0,0.0
1989-10-12 00:00:00-04:00,1.2483306070874904,1.2723885832170363,1.2483306070874904,1.2510038614273071,1460096,0.0,0.0
1989-10-13 00:00:00-04:00,1.245657810947156,1.2563500422282108,1.1387345790863035,1.1387345790863037,4348099,0.0,0.0
1989-10-16 00:00:00-04:00,1.0692339599516103,1.1708111763000488,1.053195355365012,1.1708111763000488,1530912,0.0,0.0
1989-10-17 00:00:00-04:00,1.1520999732260098,1.1520999732260098,1.1039842743516148,1.1066572666168213,1552800,0.0,0.0
1989-10-18 00:00:00-04:00,1.1013103762248146,1.117348710502748,1.1013103762248146,1.1120027303695679,1407306,0.0,0.0
1989-10-19 00:00:00-04:00,1.112003790067958,1.1708117282594868,1.112003790067958,1.1547731161117554,3005171,0.0,0.0
1989-10-20 00:00:00-04:00,1.1494262227567023,1.1761569185869505,1.1494262227567023,1.160118579864502,2173406,0.0,0.0
1989-10-23 00:00:00-04:00,1.1547732428114041,1.1654654770257942,1.144080877304077,1.1440808773040771,1415031,0.0,0.0
1989-10-24 00:00:00-04:00,1.138734180385796,1.1440801628616544,1.1013108588333809,1.133387804031372,3530496,0.0,0.0
1989-10-25 00:00:00-04:00,1.128042525982492,1.1654654770257942,1.128042525982492,1.1440808773040771,1305588,0.0,0.0
1989-10-26 00:00:00-04:00,1.144080154759107,1.1494263997828127,1.0745799541473389,1.0745799541473389,1200008,0.0,0.0
1989-10-27 00:00:00-04:00,1.0719068980250623,1.0959646067698547,1.0612146049095192,1.063887596130371,1793575,0.0,0.0
1989-10-30 00:00:00-05:00,1.0692343711853027,1.0852727193546203,1.066561116217716,1.0692343711853027,1702158,0.0,0.0
1989-10-31 00:00:00-05:00,1.074580123288595,1.0959647785172737,1.074580123288595,1.0906187295913696,1391855,0.0,0.0
1989-11-01 00:00:00-05:00,1.0852726697921753,1.1013112798148612,1.0799266196263362,1.0852726697921753,1035200,0.0,0.0
1989-11-02 00:00:00-05:00,1.0825997269728562,1.0825997269728562,1.0612150658077326,1.0692343711853027,1243785,0.0,0.0
1989-11-03 00:00:00-05:00,1.0612150658077326,1.0799266689446367,1.0558687528119264,1.0692343711853027,3239507,0.0,0.0
1989-11-06 00:00:00-05:00,1.0692343711853027,1.0799266689446367,1.0638880581894965,1.0692343711853027,1067389,0.0,0.0
1989-11-07 00:00:00-05:00,1.0906185656495262,1.1440801628616544,1.08527225494153,1.133387804031372,4830935,0.0,0.0
1989-11-08 00:00:00-05:00,1.144080648279611,1.1815038544173317,1.1414076559075674,1.178830862045288,2393579,0.0,0.0
1989-11-09 00:00:00-05:00,1.1895232631944646,1.1975422405652987,1.1654652807386416,1.1815038919448853,2311175,0.0,0.0
1989-11-10 00:00:00-05:00,1.1868496778528426,1.1895229321516538,1.165464956391137,1.1734843254089355,1348078,0.0,0.0
1989-11-13 00:00:00-05:00,1.1761577129364011,1.181503960747449,1.170811727711199,1.1761577129364014,606442,0.0,0.0
1989-11-14 00:00:00-05:00,1.1708115032464976,1.2135808210706525,1.1708115032464976,1.2109076976776123,3825348,0.0,0.0
1989-11-15 00:00:00-05:00,1.2082337734855022,1.2510033301959966,1.2082337734855022,1.2456570863723755,2396154,0.0,0.0
1989-11-16 00:00:00-05:00,1.2403116483629744,1.2456577638011606,1.2322924095592473,1.2429847717285156,1223184,0.0,0.0
1989-11-17 00:00:00-05:00,1.240311458162122,1.261696179221327,1.2349652122508827,1.256349802017212,731336,0.0,0.0
1989-11-20 00:00:00-05:00,1.261696136412683,1.2884268398904175,1.261696136412683,1.2750614881515503,3257533,0.0,0.0
1989-11-21 00:00:00-05:00,1.2723887048540772,1.2884270507902773,1.2723887048540772,1.2830809354782104,1308164,0.0,0.0
1989-11-22 00:00:00-05:00,1.2830810498344707,1.2964464049522886,1.2830810498344707,1.2937734127044678,1497435,0.0,0.0
1989-11-24 00:00:00-05:00,1.2991196082252223,1.2991196082252223,1.2884271144866943,1.2884271144866943,78541,0.0,0.0
1989-11-27 00:00:00-05:00,1.2937733613559583,1.2937733613559583,1.2777347520410658,1.2884271144866943,502149,0.0,0.0
1989-11-28 00:00:00-05:00,1.2911001887334155,1.323177140293416,1.2884269343795738,1.3151577711105347,1452371,0.0,0.0
1989-11-29 00:00:00-05:00,1.3258500883265216,1.341888694870348,1.3258500883265216,1.333869457244873,742924,0.0,0.0
1989-11-30 00:00:00-05:00,1.3632730756186837,1.384657660181983,1.3579266997153818,1.3766382932662964,2196582,0.0,0.0
1989-12-01 00:00:00-05:00,1.2884269343795738,1.3338695012443766,1.283080819550534,1.3151577711105347,5241667,0.0,0.0
1989-12-04 00:00:00-05:00,1.3205039501190186,1.3258499328519409,1.315157573507512,1.3205039501190186,558802,0.0,0.0
1989-12-05 00:00:00-05:00,1.3205040716397445,1.3365424151930403,1.3098117113113403,1.3098117113113403,700434,0.0,0.0
1989-12-06 00:00:00-05:00,1.3098117875743762,1.323177140293416,1.3098117875743762,1.3151577711105347,309015,0.0,0.0
1989-12-07 00:00:00-05:00,1.304465939642005,1.304465939642005,1.2750619708744924,1.2857542037963867,2109027,0.0,0.0
1989-12-08 00:00:00-05:00,1.3044655414524553,1.3151577711105347,1.2884269343795738,1.3151577711105347,634768,0.0,0.0
1989-12-11 00:00:00-05:00,1.3151575317043582,1.3258498907089233,1.2964459362695837,1.3258498907089233,324466,0.0,0.0
1989-12-12 00:00:00-05:00,1.3953509400507484,1.3953509400507484,1.3632739763653843,1.3846585750579834,3428779,0.0,0.0
1989-12-13 00:00:00-05:00,1.3873315678364766,1.3900048232008313,1.3739662100652184,1.3846585750579834,526613,0.0,0.0
1989-12-14 00:00:00-05:00,1.379312203466682,1.379312203466682,1.3579272168804029,1.360600471496582,281976,0.0,0.0
1989-12-15 00:00:00-05:00,1.3686193310199306,1.3686193310199306,1.325850022057482,1.339215636253357,740348,0.0,0.0
1989-12-18 00:00:00-05:00,1.3499081083172584,1.3686194445724567,1.3044655414524553,1.3151577711105347,892281,0.0,0.0
1989-12-19 00:00:00-05:00,1.3151576416995352,1.3258500015983719,1.2964460446997883,1.304465413093567,677258,0.0,0.0
1989-12-20 00:00:00-05:00,1.304465413093567,1.304465413093567,1.2884268075988778,1.304465413093567,253650,0.0,0.0
1989-12-21 00:00:00-05:00,1.304465775574465,1.320504385525913,1.2937734127044678,1.2937734127044678,260088,0.0,0.0
1989-12-22 00:00:00-05:00,1.299119659785919,1.3151580071515574,1.2937734127044678,1.2937734127044678,243349,0.0,0.0
1989-12-26 00:00:00-05:00,1.2991193509829362,1.3098117113113403,1.2991193509829362,1.3098117113113403,190559,0.0,0.0
1989-12-27 00:00:00-05:00,1.3071383368224057,1.3311961781705859,1.3071383368224057,1.3205039501190186,399144,0.0,0.0
1989-12-28 00:00:00-05:00,1.3205039593974117,1.3472345297141497,1.3178305741335818,1.3418885469436646,664382,0.0,0.0
1989-12-29 00:00:00-05:00,1.3472346047447865,1.3739655704288216,1.3472346047447865,1.3579269647598267,430046,0.0,0.0
1990-01-02 00:00:00-05:00,1.3686197996139526,1.3766390395842698,1.3632738146909615,1.3686197996139526,431333,0.0,0.0
1990-01-03 00:00:00-05:00,1.3900043879829596,1.3953505031589792,1.3793121576309204,1.3793121576309204,1306876,0.0,0.0
1990-01-04 00:00:00-05:00,1.3739662100652184,1.3900048232008313,1.3739662100652184,1.3846585750579834,594854,0.0,0.0
1990-01-05 00:00:00-05:00,1.3846581415140504,1.3846581415140504,1.3712927879275565,1.3793121576309204,379831,0.0,0.0
1990-01-08 00:00:00-05:00,1.379311343303416,1.4113882780075073,1.379311343303416,1.4113882780075073,1427907,0.0,0.0
1990-01-09 00:00:00-05:00,1.4305281316930807,1.4305281316930807,1.409096956253052,1.4090969562530518,1171682,0.01111,0.0
1990-01-10 00:00:00-05:00,1.4090971381267896,1.4090971381267896,1.3769505023956299,1.3769505023956299,1140780,0.0,0.0
1990-01-11 00:00:00-05:00,1.3930231742603048,1.403738757382004,1.3823077227166347,1.3849865198135376,809877,0.0,0.0
1990-01-12 00:00:00-05:00,1.3608766124705796,1.3608766124705796,1.318014401509747,1.3287299871444702,861379,0.0,0.0
1990-01-15 00:00:00-05:00,1.3126565974492168,1.320692989347463,1.2751521194770095,1.2858675718307495,1048076,0.0,0.0
1990-01-16 00:00:00-05:00,1.2590784737446037,1.2831887006759644,1.2483630220076036,1.2831887006759644,1584989,0.0,0.0
1990-01-17 00:00:00-05:00,1.291225488210238,1.2965833467543808,1.2644367218017578,1.2644367218017578,1125330,0.0,0.0
1990-01-18 00:00:00-05:00,1.243005296238857,1.2590784738456469,1.2322898445009969,1.2537208795547485,1382842,0.0,0.0
1990-01-19 00:00:00-05:00,1.253720802684559,1.2751519680023193,1.2510417425473095,1.2751519680023193,1613316,0.0,0.0
1990-01-22 00:00:00-05:00,1.296583861948344,1.307299451716381,1.2697948217391968,1.2697948217391968,1596578,0.0,0.0
1990-01-23 00:00:00-05:00,1.2858672004310578,1.2858672004310578,1.2617573738098147,1.2617573738098145,1090565,0.0,0.0
1990-01-24 00:00:00-05:00,1.253720802684559,1.280509561964724,1.248362945566107,1.2751519680023193,1512886,0.0,0.0
1990-01-25 00:00:00-05:00,1.2805099027000109,1.2805099027000109,1.2537211362915306,1.2644367218017578,811164,0.0,0.0
1990-01-26 00:00:00-05:00,1.2644365632690626,1.2724732184995975,1.2430053949356081,1.243005394935608,363093,0.0,0.0
1990-01-29 00:00:00-05:00,1.2671162964646514,1.275153089208857,1.2510428425543798,1.25640070438385,1541212,0.0,0.0
1990-01-30 00:00:00-05:00,1.272473117463051,1.2751520461865318,1.2376474387918954,1.2537208795547485,2255810,0.0,0.0
1990-01-31 00:00:00-05:00,1.2590789252648873,1.280510099580418,1.2590789252648873,1.2724735736846924,1946795,0.0,0.0
1990-02-01 00:00:00-05:00,1.2912257926887805,1.296583652496338,1.2858680644593128,1.296583652496338,1093141,0.0,0.0
1990-02-02 00:00:00-05:00,1.2965836851164778,1.3340881784005787,1.2965836851164778,1.323372721672058,1175545,0.0,0.0
1990-02-05 00:00:00-05:00,1.3287299871444702,1.331408784869606,1.3260511894193343,1.3287299871444702,668245,0.0,0.0
1990-02-06 00:00:00-05:00,1.3233723454762474,1.3233723454762474,1.3072989017964876,1.3126567602157593,549789,0.0,0.0
1990-02-07 00:00:00-05:00,1.3019411749552714,1.31801435547892,1.3019411749552714,1.3126567602157593,81116,0.0,0.0
1990-02-08 00:00:00-05:00,1.3180145654760513,1.3501611948013306,1.3180145654760513,1.3501611948013306,1846365,0.0,0.0
1990-02-09 00:00:00-05:00,1.360876798629761,1.3769502450696196,1.3501612115292143,1.3608767986297607,1317176,0.0,0.0
1990-02-12 00:00:00-05:00,1.3715921578105885,1.3903443992259348,1.3662345625177128,1.382308006286621,627043,0.0,0.0
1990-02-13 00:00:00-05:00,1.379628700263756,1.379628700263756,1.3662344499787604,1.3715920448303223,611592,0.0,0.0
1990-02-14 00:00:00-05:00,1.3715925387813341,1.3957026453424424,1.3715925387813341,1.3876659870147705,1032625,0.0,0.0
1990-02-15 00:00:00-05:00,1.3876659123911088,1.4144549474801875,1.3849871141446695,1.4090969562530518,1511598,0.0,0.0
1990-02-16 00:00:00-05:00,1.4144549071703927,1.427849292755127,1.4144549071703927,1.427849292755127,1346790,0.0,0.0
1990-02-20 00:00:00-05:00,1.4144546343742264,1.425170088144165,1.4064178466796875,1.4064178466796875,1243785,0.0,0.0
1990-02-21 00:00:00-05:00,1.395702823839492,1.395702823839492,1.3769505748173267,1.379629373550415,1981559,0.0,0.0
1990-02-22 00:00:00-05:00,1.3849871423582478,1.4064181866567629,1.3823083440572386,1.3903447389602661,2318900,0.0,0.0
1990-02-23 00:00:00-05:00,1.376949902837975,1.379628700263756,1.3608764603930623,1.3715920448303223,746786,0.0,0.0
1990-02-26 00:00:00-05:00,1.3608768448668578,1.3715924323314765,1.3555192485016723,1.3581980466842651,812452,0.0,0.0
1990-02-27 00:00:00-05:00,1.3635553531365332,1.3715918760027155,1.3555186986923218,1.3555186986923218,417170,0.0,0.0
1990-02-28 00:00:00-05:00,1.3555191022682989,1.3608766980555072,1.3528403043746948,1.3528403043746948,428758,0.0,0.0
1990-03-01 00:00:00-05:00,1.3501611948013306,1.3608767817691156,1.3448035986845526,1.3501611948013306,610305,0.0,0.0
1990-03-02 00:00:00-05:00,1.3662349727323966,1.3796292281423492,1.3662349727323966,1.3742716312408447,912882,0.0,0.0
1990-03-05 00:00:00-05:00,1.366234540939331,1.3715921361475887,1.3581977533927823,1.366234540939331,561377,0.0,0.0
1990-03-06 00:00:00-05:00,1.3635559225053815,1.3689136505126953,1.3581980629199837,1.3689136505126953,1055801,0.0,0.0
1990-03-07 00:00:00-05:00,1.3662349433204195,1.3662349433204195,1.323372721672058,1.323372721672058,3139077,0.0,0.0
1990-03-08 00:00:00-05:00,1.3233723454762474,1.3394455259998963,1.29926211416758,1.3126567602157593,3337362,0.0,0.0
1990-03-09 00:00:00-05:00,1.3019409385827618,1.3019409385827618,1.2751520460841985,1.2831887006759644,2989720,0.0,0.0
1990-03-12 00:00:00-05:00,1.2671156830070782,1.2805100679397583,1.2537212980743981,1.2805100679397583,1109879,0.0,0.0
1990-03-13 00:00:00-05:00,1.2751528139903814,1.2858682721803074,1.2697948217391968,1.2697948217391968,303865,0.0,0.0
1990-03-14 00:00:00-05:00,1.2697941301440612,1.2858675718307495,1.2697941301440612,1.2858675718307495,641206,0.0,0.0
1990-03-15 00:00:00-05:00,1.2831891291356001,1.2912256548327476,1.2805100679397583,1.2805100679397583,623180,0.0,0.0
1990-03-16 00:00:00-05:00,1.2805101141305835,1.2831891754230649,1.2751525178579417,1.2778313159942627,231761,0.0,0.0
1990-03-19 00:00:00-05:00,1.2778307649835217,1.2778307649835217,1.2671151823246414,1.2751519680023193,230474,0.0,0.0
1990-03-20 00:00:00-05:00,1.2751520753636987,1.2751520753636987,1.2590785026550293,1.2590785026550293,808589,0.0,0.0
1990-03-21 00:00:00-05:00,1.237647434769226,1.237647434769226,1.184069649941941,1.189427375793457,2048512,0.0,0.0
1990-03-22 00:00:00-05:00,1.1894278990002145,1.1894278990002145,1.1546024682792677,1.1867491006851196,3548522,0.0,0.0
1990-03-23 00:00:00-05:00,1.1974644010083695,1.2376478178557366,1.1974644010083695,1.2349690198898315,5138662,0.0,0.0
1990-03-26 00:00:00-05:00,1.2376476711270128,1.2537211149072234,1.2376476711270128,1.2483632564544678,512450,0.0,0.0
1990-03-27 00:00:00-05:00,1.243005391273347,1.243005391273347,1.2322899387162325,1.237647533416748,1031338,0.0,0.0
1990-03-28 00:00:00-05:00,1.2349690198898315,1.2376478178557366,1.2322902219239265,1.2349690198898315,968247,0.0,0.0
1990-03-29 00:00:00-05:00,1.237647800436625,1.237647800436625,1.2242534160614014,1.2242534160614014,966959,0.0,0.0
1990-03-30 00:00:00-05:00,1.2242532512300734,1.2269320487976074,1.2242532512300734,1.2269320487976074,441634,0.0,0.0
1990-04-02 00:00:00-04:00,1.2215749012700161,1.2296112969173012,1.216217041015625,1.216217041015625,809877,0.0,0.0
1990-04-03 00:00:00-04:00,1.2215742891363417,1.2590785026550293,1.2215742891363417,1.2590785026550293,2326625,0.0,0.0
1990-04-04 00:00:00-04:00,1.2537214115000628,1.2590790080641523,1.2296111743369604,1.2403267621994019,1039063,0.0,0.0
1990-04-05 00:00:00-04:00,1.2510419149021619,1.2537209754085028,1.237647533416748,1.237647533416748,666957,0.0,0.0
1990-04-06 00:00:00-04:00,1.243005482872511,1.243005482872511,1.22961083724394,1.2322900295257568,354080,0.0,0.0
1990-04-09 00:00:00-04:00,1.2376478178557366,1.2430056769436908,1.2296110292238058,1.2349690198898315,231761,0.0,0.0
1990-04-10 00:00:00-04:00,1.2322902045802195,1.2322902045802195,1.2188955570488558,1.2242534160614014,780263,0.0,0.0
1990-04-11 00:00:00-04:00,1.2322902045802195,1.2403265983648277,1.2188955570488558,1.2242534160614014,357942,0.0,0.0
1990-04-12 00:00:00-04:00,1.2215744536625395,1.2269320487976074,1.2188953929389006,1.2269320487976074,316740,0.0,0.0
1990-04-16 00:00:00-04:00,1.2188951969146729,1.2269318514809149,1.2188951969146729,1.2188951969146729,287126,0.0,0.0
1990-04-17 00:00:00-04:00,1.218895462899952,1.218895462899952,1.2055010795593262,1.2055010795593262,495712,0.0,0.0
1990-04-18 00:00:00-04:00,1.21889583956472,1.2215749012700161,1.216217041015625,1.216217041015625,1367391,0.0,0.0
1990-04-19 00:00:00-04:00,1.2081800087628447,1.2108588067756587,1.1787121779972973,1.1813912391662598,2899591,0.0,0.0
1990-04-20 00:00:00-04:00,1.1840700470925487,1.1894277747411077,1.1492443568536514,1.151923418045044,2542936,0.0,0.0
1990-04-23 00:00:00-04:00,1.1465654373168945,1.1492442350682643,1.1358498515772315,1.1465654373168945,1127905,0.0,0.0
1990-04-24 00:00:00-04:00,1.1412077685826387,1.1465653637415802,1.1385285762690092,1.1438865661621094,200860,0.0,0.0
1990-04-25 00:00:00-04:00,1.1492440502409986,1.1492440502409986,1.1385284662246704,1.1385284662246704,1122755,0.0,0.0
1990-04-26 00:00:00-04:00,1.1358497930710636,1.141207783032004,1.1063819666993557,1.1090607643127441,2707744,0.0,0.0
1990-04-27 00:00:00-04:00,1.109060882100315,1.109060882100315,1.0849510431289673,1.0849510431289673,2137354,0.0,0.0
1990-04-30 00:00:00-04:00,1.082271929752555,1.084950792821442,1.0715564116879885,1.0769140720367432,1480697,0.0,0.0
1990-05-01 00:00:00-04:00,1.0956669321104047,1.1197768449783325,1.0849514079703195,1.1197768449783325,3659253,0.0,0.0
1990-05-02 00:00:00-04:00,1.1358498515772315,1.1465654373168945,1.133171053825862,1.1465654373168945,1487135,0.0,0.0
1990-05-03 00:00:00-04:00,1.1465654579760434,1.1787120841961982,1.1412078623767692,1.1626389026641846,2141216,0.0,0.0
1990-05-04 00:00:00-04:00,1.1840698407127723,1.1840698407127723,1.167996397412497,1.1733543872833252,551077,0.0,0.0
1990-05-07 00:00:00-04:00,1.1760332612594597,1.2001430988311768,1.1760332612594597,1.2001430988311768,1013312,0.0,0.0
1990-05-08 00:00:00-04:00,1.2188954839828683,1.2215745449066162,1.2108586959458105,1.2215745449066162,1515461,0.0,0.0
1990-05-09 00:00:00-04:00,1.2215745333946975,1.2215745333946975,1.1894276447055383,1.2001430988311768,1076402,0.0,0.0
1990-05-10 00:00:00-04:00,1.2001428274964892,1.2001428274964892,1.184069649941941,1.189427375793457,342492,0.0,0.0
1990-05-11 00:00:00-04:00,1.194785920222429,1.20818030834198,1.194785920222429,1.20818030834198,571678,0.0,0.0
1990-05-14 00:00:00-04:00,1.2081799532971658,1.2296109943061826,1.200143164893458,1.2135378122329712,978548,0.0,0.0
1990-05-15 00:00:00-04:00,1.2269321067269332,1.2697943171897836,1.2215745113389074,1.2644367218017578,1121467,0.0,0.0
1990-05-16 00:00:00-04:00,1.2751525178579417,1.2858679735593856,1.2724735881435405,1.2778313159942627,773825,0.0,0.0
1990-05-17 00:00:00-04:00,1.3153355045873056,1.3448033299659345,1.3153355045873056,1.3394454717636108,1337777,0.0,0.0
1990-05-18 00:00:00-04:00,1.3340881784005787,1.3340881784005787,1.318014730151612,1.323372721672058,387556,0.0,0.0
1990-05-21 00:00:00-04:00,1.3287295845486184,1.3501606177465502,1.3287295845486184,1.3314083814620972,1116317,0.0,0.0
1990-05-22 00:00:00-04:00,1.3608766338290172,1.3608766338290172,1.3448034524917603,1.3448034524917603,1538637,0.0,0.0
1990-05-23 00:00:00-04:00,1.33408786668886,1.350161048026117,1.33408786668886,1.3448034524917603,701722,0.0,0.0
1990-05-24 00:00:00-04:00,1.3501611948013306,1.3528403875939488,1.3448035986845526,1.3501611948013306,768675,0.0,0.0
1990-05-25 00:00:00-04:00,1.3340880117167675,1.3608767817691156,1.3340880117167675,1.3501611948013306,660520,0.0,0.0
1990-05-29 00:00:00-04:00,1.3608770816127649,1.3983817100524902,1.3608770816127649,1.3983817100524902,748074,0.0,0.0
1990-05-30 00:00:00-04:00,1.4251703630069472,1.4385647485916817,1.4144549071703927,1.427849292755127,2224908,0.0,0.0
1990-05-31 00:00:00-04:00,1.3715918760027155,1.3769497333508758,1.3501607097661321,1.3555186986923218,1874691,0.0,0.0
1990-06-01 00:00:00-04:00,1.3769500162595767,1.3876656015794968,1.3608765724906686,1.382308006286621,775113,0.0,0.0
1990-06-04 00:00:00-04:00,1.3823083918032966,1.3930238485336306,1.3769504002819437,1.3930238485336304,950221,0.0,0.0
1990-06-05 00:00:00-04:00,1.387665579662632,1.393023438026998,1.3581977533927823,1.366234540939331,684983,0.0,0.0
1990-06-06 00:00:00-04:00,1.3501612140452643,1.3501612140452643,1.3340880307316092,1.3421248197555542,1694432,0.0,0.0
1990-06-07 00:00:00-04:00,1.3608767817691156,1.366234772620123,1.3421248006261637,1.3501611948013306,645069,0.0,0.0
1990-06-08 00:00:00-04:00,1.3448032360224587,1.3448032360224587,1.3233721994444159,1.3260509967803955,281976,0.0,0.0
1990-06-11 00:00:00-04:00,1.3206927990741213,1.3314083814620972,1.3206927990741213,1.3314083814620972,350217,0.0,0.0
1990-06-12 00:00:00-04:00,1.3314090257160223,1.3367670168697126,1.3126570435137355,1.3340880870819092,910307,0.0,0.0
1990-06-13 00:00:00-04:00,1.3501612115292143,1.3930236915094782,1.3501612115292143,1.3608767986297607,2300874,0.0,0.0
1990-06-14 00:00:00-04:00,1.33408779915868,1.33408779915868,1.2912254581167277,1.3126567602157593,730048,0.0,0.0
1990-06-15 00:00:00-04:00,1.2912254820855513,1.2992621382855867,1.2858677551448803,1.2939045429229736,415883,0.0,0.0
1990-06-18 00:00:00-04:00,1.2858679271752909,1.2885467252149816,1.2778312699000676,1.2805100679397583,728760,0.0,0.0
1990-06-19 00:00:00-04:00,1.2858677312755116,1.3126567602157593,1.2805098728562399,1.3126567602157593,2012460,0.0,0.0
1990-06-20 00:00:00-04:00,1.309977699428068,1.3206931531105006,1.3072989017964876,1.3126567602157593,350217,0.0,0.0
1990-06-21 00:00:00-04:00,1.309977699428068,1.3126567602157593,1.3046199725868517,1.3126567602157593,319316,0.0,0.0
1990-06-22 00:00:00-04:00,1.309977680745511,1.3126567414949943,1.301941156387329,1.301941156387329,1306876,0.0,0.0
1990-06-25 00:00:00-04:00,1.2965833406042802,1.301941199123009,1.2939045429229736,1.2939045429229736,267813,0.0,0.0
1990-06-26 00:00:00-04:00,1.293904911445512,1.293904911445512,1.2885469198226929,1.2885469198226929,487986,0.0,0.0
1990-06-27 00:00:00-04:00,1.2858679735593856,1.2858679735593856,1.2644369305784176,1.2778313159942627,428758,0.0,0.0
1990-06-28 00:00:00-04:00,1.2805095921126206,1.3126564724241403,1.2805095921126206,1.309977412223816,621893,0.0,0.0
1990-06-29 00:00:00-04:00,1.3287300079983788,1.350161048026117,1.3287300079983788,1.3448034524917603,558802,0.0,0.0
1990-07-02 00:00:00-04:00,1.3823076790952606,1.417133092880249,1.3769496903364489,1.417133092880249,1496148,0.0,0.0
1990-07-03 00:00:00-04:00,1.4251696504328704,1.4305273756723256,1.4037386178970337,1.4037386178970337,1236060,0.0,0.0
1990-07-05 00:00:00-04:00,1.3930239518393124,1.3930239518393124,1.3715926420550348,1.3769505023956299,196997,0.0,0.0
1990-07-06 00:00:00-04:00,1.3769496861053871,1.4117752313613894,1.3769496861053871,1.4117752313613892,1385417,0.0,0.0
1990-07-09 00:00:00-04:00,1.4037395705059248,1.4117760980298657,1.3983817100524902,1.3983817100524902,853654,0.0,0.0
1990-07-10 00:00:00-04:00,1.3983817541506898,1.3983817541506898,1.3796293735504148,1.379629373550415,221461,0.0,0.0
1990-07-11 00:00:00-04:00,1.3715926709415285,1.3983817100524902,1.3715926709415285,1.3983817100524902,800864,0.0,0.0
1990-07-12 00:00:00-04:00,1.3983817646648518,1.4358862629911713,1.3983817646648518,1.4305284023284912,1409881,0.0,0.0
1990-07-13 00:00:00-04:00,1.4303132288252116,1.441087736606244,1.4222323810648305,1.4357004165649414,1248936,0.02835,0.0
1990-07-16 00:00:00-04:00,1.435700070906573,1.4410873896508278,1.4249255657196047,1.4249255657196045,739061,0.0,0.0
1990-07-17 00:00:00-04:00,1.4249255777803012,1.4330064236635394,1.4114575454087517,1.4141510725021362,970822,0.0,0.0
1990-07-18 00:00:00-04:00,1.4060706283793007,1.411457948708488,1.3764407634735107,1.3764407634735107,1313314,0.0,0.0
1990-07-19 00:00:00-04:00,1.3818283136917437,1.389909295529924,1.3764409924662901,1.3845218420028687,234336,0.0,0.0
1990-07-20 00:00:00-04:00,1.3845211365385492,1.3926021142591747,1.3629722595214844,1.3629722595214844,1225760,0.0,0.0
1990-07-23 00:00:00-04:00,1.3575853449357747,1.3575853449357747,1.3144875738796116,1.3252619504928589,947646,0.0,0.0
1990-07-24 00:00:00-04:00,1.3144873112035471,1.333342664961215,1.3091001239734534,1.3306491374969482,619318,0.0,0.0
1990-07-25 00:00:00-04:00,1.341423183878941,1.341423183878941,1.3144869897132645,1.327954888343811,130044,0.0,0.0
1990-07-26 00:00:00-04:00,1.3198743167432538,1.3198743167432538,1.306406021118164,1.306406021118164,77254,0.0,0.0
1990-07-27 00:00:00-04:00,1.3198748065399024,1.330649314736793,1.2929384698968873,1.2983256578445435,508587,0.0,0.0
1990-07-30 00:00:00-04:00,1.3090995537706696,1.3252611084214831,1.2983249194004551,1.3225675821304321,630906,0.0,0.0
1990-07-31 00:00:00-04:00,1.3252618166741625,1.3468108323279127,1.3252618166741625,1.3360363245010376,705584,0.0,0.0
1990-08-01 00:00:00-04:00,1.3387300600986554,1.362972871850317,1.3387300600986554,1.3521983623504639,482836,0.0,0.0
1990-08-02 00:00:00-04:00,1.2929380030897661,1.3037125073965896,1.271389126777649,1.271389126777649,1357091,0.0,0.0
1990-08-03 00:00:00-04:00,1.2606148853146477,1.2606148853146477,1.217516726799665,1.2498403787612915,2067825,0.0,0.0
1990-08-06 00:00:00-04:00,1.1959679139577932,1.1959679139577932,1.1582573373304035,1.1798063516616821,1626191,0.0,0.0
1990-08-07 00:00:00-04:00,1.1959677936922275,1.2067421674728394,1.1905806068019218,1.2067421674728394,749361,0.0,0.0
1990-08-08 00:00:00-04:00,1.2067421348718537,1.2175166406629363,1.190580574637552,1.209436058998108,1060952,0.0,0.0
1990-08-09 00:00:00-04:00,1.2121295862197174,1.2175166406629363,1.2040486076502441,1.209436058998108,517600,0.0,0.0
1990-08-10 00:00:00-04:00,1.2067421674728394,1.212129618966249,1.1959677936922275,1.2067421674728394,609017,0.0,0.0
1990-08-13 00:00:00-04:00,1.195967743144476,1.228291392326355,1.195967743144476,1.228291392326355,154508,0.0,0.0
1990-08-14 00:00:00-04:00,1.2229040611147453,1.2390658855438232,1.2175166099029926,1.2390658855438232,248500,0.0,0.0
1990-08-15 00:00:00-04:00,1.2471465999886844,1.2471465999886844,1.2363720933209204,1.2444530725479126,296139,0.0,0.0
1990-08-16 00:00:00-04:00,1.2229041250484125,1.2282914442402704,1.2067421674728394,1.2067421674728394,292277,0.0,0.0
1990-08-17 00:00:00-04:00,1.1798062586466,1.1798062586466,1.1420954203891753,1.1636444330215454,525326,0.0,0.0
1990-08-20 00:00:00-04:00,1.1609509388728643,1.1663379937326992,1.1447889804840088,1.1447889804840088,202147,0.0,0.0
1990-08-21 00:00:00-04:00,1.1313206136972171,1.1313206136972171,1.104384292057863,1.1097716093063354,357942,0.0,0.0
1990-08-22 00:00:00-04:00,1.1259331641472405,1.1259331641472405,1.1070780829836036,1.1097716093063354,800864,0.0,0.0
1990-08-23 00:00:00-04:00,1.0774486324658554,1.0801421597821637,1.0612868070602417,1.0612868070602417,1516749,0.0,0.0
1990-08-24 00:00:00-04:00,1.088223247491739,1.0936103691414825,1.0720614194869995,1.0720614194869995,654082,0.0,0.0
1990-08-27 00:00:00-04:00,1.1151592043085883,1.1528700464840211,1.1151592043085883,1.147482991218567,675970,0.0,0.0
1990-08-28 00:00:00-04:00,1.1474828167235818,1.1474828167235818,1.115159034729004,1.115159034729004,401720,0.0,0.0
1990-08-29 00:00:00-04:00,1.1205465721069596,1.1528699596784366,1.1205465721069596,1.1447889804840088,688846,0.0,0.0
1990-08-30 00:00:00-04:00,1.1474828983206111,1.163644459713271,1.1420954465866089,1.1420954465866089,321891,0.0,0.0
1990-08-31 00:00:00-04:00,1.174418562623986,1.1851930666978527,1.174418562623986,1.1771122217178345,252362,0.0,0.0
1990-09-04 00:00:00-04:00,1.1636444199864033,1.1690317392349243,1.1582572330394354,1.1690317392349243,605154,0.0,0.0
1990-09-05 00:00:00-04:00,1.1744188004157348,1.1744188004157348,1.1582572394848953,1.1609508991241455,494424,0.0,0.0
1990-09-06 00:00:00-04:00,1.1501765835467874,1.1501765835467874,1.1043848912943308,1.112465739250183,303865,0.0,0.0
1990-09-07 00:00:00-04:00,1.0936101135193017,1.0989974985129376,1.0774485538953393,1.0828356742858887,540776,0.0,0.0
1990-09-10 00:00:00-04:00,1.098997819341103,1.098997819341103,1.055899917524425,1.058593511581421,1171682,0.0,0.0
1990-09-11 00:00:00-04:00,1.0585932797439335,1.0693677197630485,1.0558996862768488,1.0612868070602417,566528,0.0,0.0
1990-09-12 00:00:00-04:00,1.0612870003331896,1.0666743867007953,1.0397380502198637,1.0532060861587524,466098,0.0,0.0
1990-09-13 00:00:00-04:00,1.0478186853500613,1.0505122124395805,1.0316568613052368,1.0316568613052368,664382,0.0,0.0
1990-09-14 00:00:00-04:00,1.023576293527344,1.023576293527344,0.9912528991699219,0.9912528991699219,1506448,0.0,0.0
1990-09-17 00:00:00-04:00,0.9750912689439796,0.9804783245737377,0.9481549323825698,0.9508484601974487,4892738,0.0,0.0
1990-09-18 00:00:00-04:00,0.9535412099843721,0.9750904056875354,0.9508476184033656,0.9589285254478455,1376404,0.0,0.0
1990-09-19 00:00:00-04:00,0.9616232684430049,0.9643167970984186,0.9508487569164943,0.9535423517227173,283264,0.0,0.0
1990-09-20 00:00:00-04:00,0.9427673220634459,0.9481547071674826,0.9373802677132743,0.942767322063446,866530,0.0,0.0
1990-09-21 00:00:00-04:00,0.942767128699988,0.942767128699988,0.9319926914556388,0.9373800754547119,625755,0.0,0.0
1990-09-24 00:00:00-04:00,0.9319929547631471,0.9319929547631471,0.9185249209403992,0.9185249209403992,1080265,0.0,0.0
1990-09-25 00:00:00-04:00,0.92121818806053,0.942767128699988,0.92121818806053,0.9373800754547119,1828339,0.0,0.0
1990-09-26 00:00:00-04:00,0.9481552282610807,0.9589296736367819,0.9481552282610807,0.9535423517227173,1427907,0.0,0.0
1990-09-27 00:00:00-04:00,0.9535416883862377,0.967009983802106,0.9373801307917755,0.9481545686721802,834341,0.0,0.0
1990-09-28 00:00:00-04:00,0.9427673220634459,0.9535418276684272,0.9373802677132743,0.942767322063446,1761386,0.0,0.0
1990-10-01 00:00:00-04:00,0.9804784880251924,1.0128018856048584,0.9697040442155704,1.0128018856048584,861379,0.0,0.0
1990-10-02 00:00:00-04:00,1.0343503098797262,1.045124814324562,1.0343503098797262,1.0370441675186157,1488422,0.0,0.0
1990-10-03 00:00:00-04:00,1.0397379000011762,1.055899726015031,1.0343505144119263,1.0343505144119263,1013312,0.0,0.0
1990-10-04 00:00:00-04:00,1.0505125666465678,1.0505125666465678,1.0397381239017593,1.0451252460479736,1729196,0.0,0.0
1990-10-05 00:00:00-04:00,1.0235761809277564,1.1313211917877197,1.0181890593787906,1.1313211917877197,1443358,0.0,0.0
1990-10-08 00:00:00-04:00,1.1582573663526121,1.1582573663526121,1.147482991218567,1.147482991218567,898719,0.0,0.0
1990-10-09 00:00:00-04:00,1.1259334479158416,1.1259334479158416,1.0747547149658203,1.0747547149658203,1282412,0.0,0.0
1990-10-10 00:00:00-04:00,1.0855293077217536,1.1043847270661495,1.0801421868035936,1.0882230997085571,666957,0.0,0.0
1990-10-11 00:00:00-04:00,1.088223247491739,1.0909168413920043,1.0639805054846296,1.0720614194869995,372106,0.0,0.0
1990-10-12 00:00:00-04:00,1.074754853797766,1.074754853797766,1.0451249945406276,1.0505123138427734,433909,0.0,0.0
1990-10-15 00:00:00-04:00,1.0747548944812495,1.0747548944812495,1.042431440500252,1.055899739265442,347642,0.0,0.0
1990-10-16 00:00:00-04:00,1.045125349335324,1.045125349335324,1.0128018856048584,1.0128018856048584,1337777,0.0,0.0
1990-10-17 00:00:00-04:00,1.0128014809741817,1.0128014809741817,1.0047205686569214,1.0047205686569214,610305,0.0,0.0
1990-10-18 00:00:00-04:00,1.007414729516541,1.0451252460479736,1.007414729516541,1.0451252460479736,1436920,0.0,0.0
1990-10-19 00:00:00-04:00,1.0558998560854083,1.0936103691414825,1.0558998560854083,1.0720614194869995,1059664,0.0,0.0
1990-10-22 00:00:00-04:00,1.0720608728784402,1.0882226926428,1.0720608728784402,1.0801417827606201,660520,0.0,0.0
1990-10-23 00:00:00-04:00,1.1097720726668665,1.131321086055057,1.0963041046761968,1.120546579360962,1111166,0.0,0.0
1990-10-24 00:00:00-04:00,1.134014690444787,1.1690318726518862,1.134014690444787,1.1582573652267456,648932,0.0,0.0
1990-10-25 00:00:00-04:00,1.1851934364892942,1.1851934364892942,1.147482991218567,1.147482991218567,338629,0.0,0.0
1990-10-26 00:00:00-04:00,1.1313206136972171,1.1313206136972171,1.1097716093063354,1.1097716093063354,900006,0.0,0.0
1990-10-29 00:00:00-05:00,1.1151592438749072,1.1205466962362158,1.0774487972661972,1.0855294466018677,378543,0.0,0.0
1990-10-30 00:00:00-05:00,1.0963045838308205,1.107079029083252,1.0936107244521804,1.107079029083252,104293,0.0,0.0
1990-10-31 00:00:00-05:00,1.1124655075058751,1.1259335405261643,1.1124655075058751,1.115159034729004,318028,0.0,0.0
1990-11-01 00:00:00-05:00,1.090916586399413,1.090916586399413,1.0774485538953393,1.0828356742858887,248500,0.0,0.0
1990-11-02 00:00:00-05:00,1.0801417613442494,1.1151586619517997,1.0801417613442494,1.1097716093063354,324466,0.0,0.0
1990-11-05 00:00:00-05:00,1.1259335405261643,1.131320991877067,1.115159034729004,1.115159034729004,112018,0.0,0.0
1990-11-06 00:00:00-05:00,1.1259331641472405,1.1259331641472405,1.1097716093063354,1.1097716093063354,245924,0.0,0.0
1990-11-07 00:00:00-05:00,1.0774486391302533,1.088223079216012,1.055899692807959,1.0639803409576416,1058376,0.0,0.0
1990-11-08 00:00:00-05:00,1.055899917524425,1.0747550759233955,1.0451252105424873,1.058593511581421,597429,0.0,0.0
1990-11-09 00:00:00-05:00,1.063980256788179,1.0882229931287526,1.0558996092777413,1.0828356742858887,370818,0.0,0.0
1990-11-12 00:00:00-05:00,1.0828359071328826,1.1367085117890432,1.0828359071328826,1.1313211917877197,2927917,0.0,0.0
1990-11-13 00:00:00-05:00,1.1690317523304152,1.1905806326612303,1.1582572460142302,1.1636444330215454,2732208,0.0,0.0
1990-11-14 00:00:00-05:00,1.1582577162831138,1.1771129446149813,1.1582577162831138,1.1744192838668823,2367827,0.0,0.0
1990-11-15 00:00:00-05:00,1.1824998511775136,1.217516767107486,1.1824998511775136,1.2121297121047974,916745,0.0,0.0
1990-11-16 00:00:00-05:00,1.209436226215172,1.2148232814032072,1.185193419456482,1.185193419456482,1487135,0.0,0.0
1990-11-19 00:00:00-05:00,1.1959680409290963,1.1959680409290963,1.1744190243100416,1.1825000047683716,1514174,0.0,0.0
1990-11-20 00:00:00-05:00,1.1582572725823843,1.1663379871279353,1.1420954465866089,1.1420954465866089,293564,0.0,0.0
1990-11-21 00:00:00-05:00,1.1582572725823843,1.1582572725823843,1.1420954465866089,1.1420954465866089,203435,0.0,0.0
1990-11-23 00:00:00-05:00,1.1905806326612303,1.1905806326612303,1.1636444330215454,1.1636444330215454,3239507,0.0,0.0
1990-11-26 00:00:00-05:00,1.1609508991241455,1.1636444264618417,1.1582572394848953,1.1609508991241455,159658,0.0,0.0
1990-11-27 00:00:00-05:00,1.1744192838668823,1.1744192838668823,1.1609513770312128,1.1744192838668823,842066,0.0,0.0
1990-11-28 00:00:00-05:00,1.1582572460142302,1.1744188070361756,1.1582572460142302,1.1636444330215454,1628767,0.0,0.0
1990-11-29 00:00:00-05:00,1.1609509463884293,1.1636444738357836,1.120546579360962,1.120546579360962,1292713,0.0,0.0
1990-11-30 00:00:00-05:00,1.104384740889837,1.104384740889837,1.055899725908612,1.0666742324829102,2053662,0.0,0.0
1990-12-03 00:00:00-05:00,1.0720614194869995,1.0828359273896344,1.0720614194869995,1.0720614194869995,194422,0.0,0.0
1990-12-04 00:00:00-05:00,1.0666742847489221,1.0774487257003784,1.0666742847489221,1.0774487257003784,150645,0.0,0.0
1990-12-05 00:00:00-05:00,1.0693677599003162,1.077448672906429,1.0612868468942032,1.0666742324829102,1713746,0.0,0.0
1990-12-06 00:00:00-05:00,1.0828358469499333,1.0936102879013894,1.0720613398476948,1.0774487257003784,1337777,0.0,0.0
1990-12-07 00:00:00-05:00,1.0774487257003784,1.0909167603520031,1.0720613398476948,1.0774487257003784,3552385,0.0,0.0
1990-12-10 00:00:00-05:00,1.0666743639880432,1.0801423334893692,1.0666743639880432,1.0720614194869995,1718896,0.0,0.0
1990-12-11 00:00:00-05:00,1.0720612537104317,1.0747548471941772,1.061286813624673,1.0639803409576416,2093577,0.0,0.0
1990-12-12 00:00:00-05:00,1.0612867177022827,1.063980244791802,1.0181888289530152,1.0316568613052368,4120200,0.0,0.0
1990-12-13 00:00:00-05:00,1.0343504882378904,1.0558996992956966,1.0343504882378904,1.0505123138427734,1385417,0.0,0.0
1990-12-14 00:00:00-05:00,1.0666740678103095,1.0882229453306427,1.0666740678103095,1.0747547149658203,5512055,0.0,0.0
1990-12-17 00:00:00-05:00,1.0693677599003162,1.0747548808859073,1.0666742324829102,1.0666742324829102,234336,0.0,0.0
1990-12-18 00:00:00-05:00,1.0882231517989083,1.107078572045863,1.0882231517989083,1.1043847799301147,1739497,0.0,0.0
1990-12-19 00:00:00-05:00,1.1016913592802287,1.1070787459054354,1.0989978313446045,1.0989978313446045,337341,0.0,0.0
1990-12-20 00:00:00-05:00,1.093610444719398,1.1043849533666446,1.093610444719398,1.0989978313446045,347642,0.0,0.0
1990-12-21 00:00:00-05:00,1.098997673754073,1.1043847950036279,1.0774487257003784,1.0774487257003784,279401,0.0,0.0
1990-12-24 00:00:00-05:00,1.0828357277380833,1.093610167503357,1.0828357277380833,1.093610167503357,52790,0.0,0.0
1990-12-26 00:00:00-05:00,1.0882230468468825,1.1016910800157809,1.0882230468468825,1.093610167503357,1551513,0.0,0.0
1990-12-27 00:00:00-05:00,1.0855293744993195,1.0855293744993195,1.0558997776466836,1.0774487257003784,835628,0.0,0.0
1990-12-28 00:00:00-05:00,1.0720613398476948,1.0774487257003784,1.0666742847489221,1.0774487257003784,217598,0.0,0.0
1990-12-31 00:00:00-05:00,1.0774488057398912,1.0774488057398912,1.0585934499856735,1.0720614194869995,221461,0.0,0.0
1991-01-02 00:00:00-05:00,1.0693677599003162,1.0720612873177222,1.0639803743116092,1.0666742324829102,45065,0.0,0.0
1991-01-03 00:00:00-05:00,1.0639806179764038,1.0720615328331466,1.0585935619078888,1.0693680047988892,185409,0.0,0.0
1991-01-04 00:00:00-05:00,1.0693675948118901,1.085529153725987,1.063980210054885,1.0747547149658203,731336,0.0,0.0
1991-01-07 00:00:00-05:00,1.055899739265442,1.0585933328677002,1.050512353608586,1.055899739265442,482836,0.0,0.0
1991-01-08 00:00:00-05:00,1.0631619160436248,1.0795184190368958,1.0577097260634267,1.074066162109375,319316,0.04528,0.0
1991-01-09 00:00:00-05:00,1.12586119675314,1.134039481964601,1.0904226303100586,1.0904226303100586,1891429,0.0,0.0
1991-01-10 00:00:00-05:00,1.0958748449947202,1.0958748449947202,1.082244634628296,1.082244634628296,397857,0.0,0.0
1991-01-11 00:00:00-05:00,1.0795186434739257,1.1122312545776367,1.0795186434739257,1.1122312545776367,100430,0.0,0.0
1991-01-14 00:00:00-05:00,1.0740660067200174,1.1013266179404926,1.0740660067200174,1.0958744287490845,458372,0.0,0.0
1991-01-15 00:00:00-05:00,1.106778621673584,1.106778621673584,1.098600404720112,1.106778621673584,696571,0.0,0.0
1991-01-16 00:00:00-05:00,1.1122312545776367,1.1176832448493603,1.1013270062448417,1.1122312545776367,464810,0.0,0.0
1991-01-17 00:00:00-05:00,1.1585737619761425,1.1776562929153442,1.1585737619761425,1.1776562929153442,2317613,0.0,0.0
1991-01-18 00:00:00-05:00,1.166752046904934,1.183108482867872,1.1613001247416967,1.1776562929153442,469960,0.0,0.0
1991-01-21 00:00:00-05:00,1.1667521948942594,1.1940128803253176,1.1667521948942594,1.1940128803253174,839491,0.0,0.0
1991-01-22 00:00:00-05:00,1.1940128803253176,1.1967388417526936,1.1858345943592028,1.1940128803253174,611592,0.0,0.0
1991-01-23 00:00:00-05:00,1.1994645077715995,1.2130949810248284,1.1994645077715995,1.2103687524795532,693996,0.0,0.0
1991-01-24 00:00:00-05:00,1.2212732505868025,1.2539862628739735,1.2212732505868025,1.2294515371322632,1662243,0.0,0.0
1991-01-25 00:00:00-05:00,1.2321774069699287,1.248533844947815,1.2321774069699287,1.248533844947815,800864,0.0,0.0
1991-01-28 00:00:00-05:00,1.2321774638665195,1.2430819795130694,1.2321774638665195,1.2349036931991577,579403,0.0,0.0
1991-01-29 00:00:00-05:00,1.2294514447019058,1.2294514447019058,1.1994647979736328,1.1994647979736328,925757,0.0,0.0
1991-01-30 00:00:00-05:00,1.1994645282060705,1.2103687730997927,1.1940126066011567,1.2021907567977905,703009,0.0,0.0
1991-01-31 00:00:00-05:00,1.2049170558209594,1.2158213037755086,1.2049170558209594,1.2076431512832642,755799,0.0,0.0
1991-02-01 00:00:00-05:00,1.202190821327928,1.2212729496532946,1.202190821327928,1.2158210277557373,600004,0.0,0.0
1991-02-04 00:00:00-05:00,1.221272893352211,1.2321771383285522,1.210368782270502,1.2321771383285522,280689,0.0,0.0
1991-02-05 00:00:00-05:00,1.232177498752745,1.232177498752745,1.2103691363155316,1.2294515371322632,478973,0.0,0.0
1991-02-06 00:00:00-05:00,1.2294512431898055,1.2648900747299194,1.2294512431898055,1.2648900747299194,1174257,0.0,0.0
1991-02-07 00:00:00-05:00,1.2485337934492147,1.259438040353148,1.2321773561459868,1.2567120790481567,1675119,0.0,0.0
1991-02-08 00:00:00-05:00,1.2539859965798212,1.2621638797046268,1.2512596338542898,1.259437918663025,1595290,0.0,0.0
1991-02-11 00:00:00-05:00,1.2594379796842416,1.2976029089568772,1.2594379796842416,1.2948768138885498,3121052,0.0,0.0
1991-02-12 00:00:00-05:00,1.2921504472035534,1.3030546924200004,1.2921504472035534,1.3003287315368652,915457,0.0,0.0
1991-02-13 00:00:00-05:00,1.3003285777471802,1.308506727218628,1.3003285777471802,1.308506727218628,2308600,0.0,0.0
1991-02-14 00:00:00-05:00,1.3248638270544641,1.3303158848153764,1.3112333479154656,1.3194116353988647,1188420,0.0,0.0
1991-02-15 00:00:00-05:00,1.3357671487096012,1.3412190687891778,1.3303149608408364,1.3384931087493896,451934,0.0,0.0
1991-02-19 00:00:00-05:00,1.3384933645436823,1.3384933645436823,1.308506727218628,1.308506727218628,247212,0.0,0.0
1991-02-20 00:00:00-05:00,1.2921503820703746,1.2948766106053602,1.2757942159121198,1.2866984605789185,549789,0.0,0.0
1991-02-21 00:00:00-05:00,1.3112330187264964,1.352123910298963,1.3112330187264964,1.3412196636199951,1108591,0.0,0.0
1991-02-22 00:00:00-05:00,1.3684802076824403,1.384836375190615,1.3630280179517422,1.365754246711731,853654,0.0,0.0
1991-02-25 00:00:00-05:00,1.393014907836914,1.417549498204581,1.3902889463808004,1.393014907836914,589704,0.0,0.0
1991-02-26 00:00:00-05:00,1.3739322590703213,1.3902888298034668,1.3684803366152443,1.3902888298034668,309015,0.0,0.0
1991-02-27 00:00:00-05:00,1.379384923791931,1.4230017870431206,1.379384923791931,1.417549729347229,941208,0.0,0.0
1991-02-28 00:00:00-05:00,1.4393578719729956,1.4448097944259644,1.4284536253831013,1.4448097944259644,436484,0.0,0.0
1991-03-01 00:00:00-05:00,1.4448099805280523,1.4557142285224933,1.4393580573728362,1.4529882669448853,213735,0.0,0.0
1991-03-04 00:00:00-05:00,1.4666184274267646,1.4720707525812602,1.4448100640715236,1.4584405422210693,542064,0.0,0.0
1991-03-05 00:00:00-05:00,1.4666184274267646,1.4666184274267646,1.4448100640715236,1.4584405422210693,1725334,0.0,0.0
1991-03-06 00:00:00-05:00,1.4448099805280523,1.4557142285224933,1.4448099805280523,1.4529882669448853,1702158,0.0,0.0
1991-03-07 00:00:00-05:00,1.4120975377566518,1.4175497293472288,1.4093715758560488,1.417549729347229,1134343,0.0,0.0
1991-03-08 00:00:00-05:00,1.4230017870431206,1.4230017870431206,1.4148234996572548,1.417549729347229,614167,0.0,0.0
1991-03-11 00:00:00-05:00,1.3902891429734585,1.4066455834963265,1.3902891429734585,1.4039192199707031,693996,0.0,0.0
1991-03-12 00:00:00-05:00,1.4120967403524165,1.417548928864169,1.4093707799911501,1.40937077999115,681121,0.0,0.0
1991-03-13 00:00:00-05:00,1.433905758489905,1.433905758489905,1.4230016441927493,1.4257276058197021,433909,0.0,0.0
1991-03-14 00:00:00-05:00,1.4393577553868322,1.4502618671988547,1.4339054316915378,1.442083716392517,665670,0.0,0.0
1991-03-15 00:00:00-05:00,1.4393578084706136,1.4420837695768325,1.4311795234680178,1.4311795234680176,305152,0.0,0.0
1991-03-18 00:00:00-05:00,1.4175495870441714,1.4284538352359992,1.4120973960009215,1.4257276058197021,459660,0.0,0.0
1991-03-19 00:00:00-05:00,1.379384536747311,1.379384536747311,1.335767685734672,1.3548498153686523,2227483,0.0,0.0
1991-03-20 00:00:00-05:00,1.3412195205318997,1.373932123184204,1.3412195205318997,1.373932123184204,639919,0.0,0.0
1991-03-21 00:00:00-05:00,1.3902889437591255,1.3957408666610718,1.3793846962712426,1.3957408666610718,173821,0.0,0.0
1991-03-22 00:00:00-05:00,1.39574078337761,1.4175494109467244,1.3848365365403807,1.4066452980041504,972110,0.0,0.0
1991-03-25 00:00:00-05:00,1.3739323716853062,1.3957408666610718,1.3739323716853062,1.3957408666610718,502149,0.0,0.0
1991-03-26 00:00:00-05:00,1.3957408963348577,1.4120973348617554,1.3957408963348577,1.4120973348617554,1026187,0.0,0.0
1991-03-27 00:00:00-05:00,1.4066458258718,1.4093717881830794,1.3957413071531548,1.4011934995651245,527901,0.0,0.0
1991-03-28 00:00:00-05:00,1.3848366217845824,1.3957408692930275,1.3739323742761376,1.393014907836914,1355803,0.0,0.0
1991-04-01 00:00:00-05:00,1.3902889463808004,1.3957408692930275,1.3902889463808004,1.393014907836914,339917,0.0,0.0
1991-04-02 00:00:00-05:00,1.3984671256331178,1.4175495256689432,1.3984671256331178,1.4120973348617554,804727,0.0,0.0
1991-04-03 00:00:00-05:00,1.4175489636197451,1.4584398428820151,1.4175489636197451,1.4284532070159912,2221045,0.0,0.0
1991-04-04 00:00:00-05:00,1.4720701143082617,1.548399553798037,1.4666177915178318,1.521139144897461,1264386,0.0,0.0
1991-04-05 00:00:00-05:00,1.5483995199261253,1.60292073821846,1.5374952762676586,1.5811123847961426,1175545,0.0,0.0
1991-04-08 00:00:00-04:00,1.5593038503979852,1.5593038503979852,1.537495493888855,1.537495493888855,1147218,0.0,0.0
1991-04-09 00:00:00-04:00,1.5320433870560546,1.5320433870560546,1.5102348992867969,1.5238651037216187,1124042,0.0,0.0
1991-04-10 00:00:00-04:00,1.4993314683828114,1.5047833919525146,1.4666184541231158,1.5047833919525146,1426619,0.0,0.0
1991-04-11 00:00:00-04:00,1.510234577369836,1.5211388189301502,1.502056429673248,1.5156866312026978,436484,0.0,0.0
1991-04-12 00:00:00-04:00,1.5156872828904076,1.5156872828904076,1.496604751534154,1.5020570755004883,603867,0.0,0.0
1991-04-15 00:00:00-04:00,1.5047828610644591,1.5184130668640137,1.5020569002413278,1.5184130668640137,221461,0.0,0.0
1991-04-16 00:00:00-04:00,1.5129609954483643,1.5265910660040332,1.5020567515513623,1.521139144897461,948934,0.0,0.0
1991-04-17 00:00:00-04:00,1.5320436704137315,1.5865646321315106,1.5320436704137315,1.5647562742233276,1964820,0.0,0.0
1991-04-18 00:00:00-04:00,1.5483997390907378,1.5593038503979852,1.537495493888855,1.537495493888855,1573401,0.0,0.0
1991-04-19 00:00:00-04:00,1.5374960045281711,1.5374960045281711,1.4938791431290692,1.5047833919525146,1646792,0.0,0.0
1991-04-22 00:00:00-04:00,1.4502623220744626,1.4502623220744626,1.4120975170780459,1.423001766204834,650219,0.0,0.0
1991-04-23 00:00:00-04:00,1.4339049894289535,1.455713474115841,1.4339049894289535,1.4366310834884644,865242,0.0,0.0
1991-04-24 00:00:00-04:00,1.4366318161605547,1.4366318161605547,1.4175495496959571,1.4339057207107544,1556663,0.0,0.0
1991-04-25 00:00:00-04:00,1.4120973348617554,1.420275487177871,1.4066454118438998,1.4120973348617554,506012,0.0,0.0
1991-04-26 00:00:00-04:00,1.4011930573523448,1.4066453819382814,1.384836619173189,1.3957408666610718,1575977,0.0,0.0
1991-04-29 00:00:00-04:00,1.3793842756599048,1.3902885198227906,1.3739319527365284,1.384836196899414,768675,0.0,0.0
1991-04-30 00:00:00-04:00,1.373932123184204,1.384836368699852,1.3630280115631954,1.373932123184204,870392,0.0,0.0
1991-05-01 00:00:00-04:00,1.3739322590703213,1.3902888298034668,1.3739322590703213,1.3902888298034668,735198,0.0,0.0
1991-05-02 00:00:00-04:00,1.39574078337761,1.412097220580782,1.39574078337761,1.4066452980041504,597429,0.0,0.0
1991-05-03 00:00:00-04:00,1.390289382530596,1.4011934995651245,1.3848370562239205,1.4011934995651245,845929,0.0,0.0
1991-05-06 00:00:00-04:00,1.4066453819382814,1.4120973048402277,1.3957408666610718,1.3957408666610718,309015,0.0,0.0
1991-05-07 00:00:00-04:00,1.3957407522585439,1.3957407522585439,1.3902888298034668,1.3902888298034668,231761,0.0,0.0
1991-05-08 00:00:00-04:00,1.39574078337761,1.4066452980041504,1.3821105752520648,1.4066452980041504,697859,0.0,0.0
1991-05-09 00:00:00-04:00,1.4066454727470157,1.4257276058197021,1.4039191094360466,1.4257276058197021,1648080,0.0,0.0
1991-05-10 00:00:00-04:00,1.4393580455050237,1.4502621595148886,1.4339057207107544,1.4339057207107544,748074,0.0,0.0
1991-05-13 00:00:00-04:00,1.4393571281766417,1.4502612352371214,1.4366309005696472,1.4502612352371216,226611,0.0,0.0
1991-05-14 00:00:00-04:00,1.4339057207107544,1.4339057207107544,1.4284537976004903,1.4339057207107544,924470,0.0,0.0
1991-05-15 00:00:00-04:00,1.4339058814369388,1.4393582068423578,1.406645593356677,1.423001766204834,679833,0.0,0.0
1991-05-16 00:00:00-04:00,1.4175491313742437,1.4284533760609115,1.4175491313742437,1.420275092124939,969535,0.0,0.0
1991-05-17 00:00:00-04:00,1.3957404410622998,1.3957404410622998,1.3739319527365284,1.384836196899414,1022325,0.0,0.0
1991-05-20 00:00:00-04:00,1.3930149348259298,1.4120973348617554,1.3930149348259298,1.4120973348617554,896144,0.0,0.0
1991-05-21 00:00:00-04:00,1.4230012041816218,1.4557138047472566,1.4230012041816218,1.4393576383590698,212448,0.0,0.0
1991-05-22 00:00:00-04:00,1.4339057207107544,1.4448099686152875,1.420275511251089,1.4339057207107544,1990572,0.0,0.0
1991-05-23 00:00:00-04:00,1.4420830879944702,1.4502612352371214,1.4420830879944702,1.4502612352371216,614167,0.0,0.0
1991-05-24 00:00:00-04:00,1.4502622553313418,1.4666184274267646,1.4502622553313418,1.4584405422210693,296139,0.0,0.0
1991-05-28 00:00:00-04:00,1.4584401779028129,1.4693444238038922,1.4557139490592383,1.4666180610656738,628331,0.0,0.0
1991-05-29 00:00:00-04:00,1.4666183316018124,1.4884270952161587,1.4666183316018124,1.4802488088607788,390131,0.0,0.0
1991-05-30 00:00:00-04:00,1.477522497572328,1.477522497572328,1.4611663274526718,1.472070574760437,400432,0.0,0.0
1991-05-31 00:00:00-04:00,1.4666187001548912,1.4666187001548912,1.450262525017922,1.4557145833969116,1524474,0.0,0.0
1991-06-03 00:00:00-04:00,1.4502619846682376,1.4502619846682376,1.4393578719729956,1.4448097944259644,404295,0.0,0.0
1991-06-04 00:00:00-04:00,1.4666181100903075,1.4993311166763306,1.4638921489449,1.4993311166763306,632193,0.0,0.0
1991-06-05 00:00:00-04:00,1.5102350352569702,1.5102350352569702,1.4938786010101073,1.496604561805725,253650,0.0,0.0
1991-06-06 00:00:00-04:00,1.4829749043125722,1.4884270952161587,1.477522579514317,1.4802488088607788,342492,0.0,0.0
1991-06-07 00:00:00-04:00,1.4611659032084645,1.472070147350222,1.4611659032084645,1.463891863822937,279401,0.0,0.0
1991-06-10 00:00:00-04:00,1.452987328949533,1.4611654761921844,1.4502612352371214,1.4502612352371216,919320,0.0,0.0
1991-06-11 00:00:00-04:00,1.4393576383590698,1.4393576383590698,1.4366314097857593,1.4393576383590698,1031338,0.0,0.0
1991-06-12 00:00:00-04:00,1.4393579932214713,1.4420839546775848,1.3793846988723555,1.393014907836914,1749797,0.0,0.0
1991-06-13 00:00:00-04:00,1.3630279186418444,1.3630279186418444,1.3357675075531006,1.3357675075531006,1807738,0.0,0.0
1991-06-14 00:00:00-04:00,1.3357679000495766,1.3412198231957397,1.3303157091140747,1.3303157091140747,656657,0.0,0.0
1991-06-17 00:00:00-04:00,1.3248631971360776,1.33031525230476,1.2866984092714293,1.297602653503418,1565676,0.0,0.0
1991-06-18 00:00:00-04:00,1.2866984605789185,1.2948766106053602,1.2866984605789185,1.2866984605789185,507300,0.0,0.0
1991-06-19 00:00:00-04:00,1.2757942159121198,1.2866984605789185,1.2648899712453212,1.2866984605789185,657944,0.0,0.0
1991-06-20 00:00:00-04:00,1.2866993505211666,1.2866993505211666,1.2730688678918947,1.2785210609436035,612880,0.0,0.0
1991-06-21 00:00:00-04:00,1.2839726718806381,1.2839726718806381,1.2730681579634187,1.2757943868637085,593566,0.0,0.0
1991-06-24 00:00:00-04:00,1.2648905213199482,1.2648905213199482,1.2458081183281668,1.2512600421905518,490561,0.0,0.0
1991-06-25 00:00:00-04:00,1.2485335223574736,1.2539858454675719,1.2376294117157858,1.240355372428894,218886,0.0,0.0
1991-06-26 00:00:00-04:00,1.2403561473400386,1.2403561473400386,1.2021914684615351,1.2049174308776855,1884992,0.0,0.0
1991-06-27 00:00:00-04:00,1.2101986780715135,1.2156996597531449,1.2019473406419365,1.2046979665756226,384981,0.03806,0.0
1991-06-28 00:00:00-04:00,1.2239512902376526,1.2267016463405565,1.2156998166502777,1.2184503078460693,269101,0.0,0.0
1991-07-01 00:00:00-04:00,1.2267014596709445,1.232202171039698,1.2101986501003479,1.212949275970459,576828,0.0,0.0
1991-07-02 00:00:00-04:00,1.2322020386882606,1.2322020386882606,1.2212003469467163,1.2212003469467163,934770,0.0,0.0
1991-07-03 00:00:00-04:00,1.2267013279103411,1.2322020386882606,1.2184499915577567,1.2212003469467163,432621,0.0,0.0
1991-07-05 00:00:00-04:00,1.2432043552398682,1.2542064565938666,1.2322025240716816,1.2432043552398682,428758,0.0,0.0
1991-07-08 00:00:00-04:00,1.2432039611488392,1.2652078866958618,1.2404536055483246,1.2652078866958618,723610,0.0,0.0
1991-07-09 00:00:00-04:00,1.2652082877620534,1.2707090007067876,1.237703642295134,1.2432043552398682,3041223,0.0,0.0
1991-07-10 00:00:00-04:00,1.2459541808249044,1.2514550253258345,1.2322017318405312,1.2377028465270996,520175,0.0,0.0
1991-07-11 00:00:00-04:00,1.2432043536702952,1.2432043536702952,1.2349532842636108,1.2349532842636108,821465,0.0,0.0
1991-07-12 00:00:00-04:00,1.2487052679061892,1.2542062501311846,1.240453794568696,1.248705267906189,166096,0.0,0.0
1991-07-15 00:00:00-04:00,1.2542062979408393,1.278960313618277,1.2542062979408393,1.2734591960906982,318028,0.0,0.0
1991-07-16 00:00:00-04:00,1.2927125631020455,1.3257180575040997,1.2927125631020455,1.303714394569397,781550,0.0,0.0
1991-07-17 00:00:00-04:00,1.2982132845068621,1.3009636402130127,1.2954629288007113,1.3009636402130127,542064,0.0,0.0
1991-07-18 00:00:00-04:00,1.3147155145489835,1.3257173400624505,1.3092148044315048,1.317466139793396,651507,0.0,0.0
1991-07-19 00:00:00-04:00,1.3422204787231589,1.347721460390445,1.3367196321487427,1.3367196321487427,583266,0.0,0.0
1991-07-22 00:00:00-04:00,1.355972603309492,1.369725058245434,1.3532222474151814,1.3642240762710571,168671,0.0,0.0
1991-07-23 00:00:00-04:00,1.3532223586920318,1.3532223586920318,1.3312188342637854,1.342220664024353,393994,0.0,0.0
1991-07-24 00:00:00-04:00,1.3257179311111944,1.3257179311111944,1.3037142702743034,1.314716100692749,422321,0.0,0.0
1991-07-25 00:00:00-04:00,1.2872111793308585,1.298213005065918,1.276209353595799,1.298213005065918,1077690,0.0,0.0
1991-07-26 00:00:00-04:00,1.2982136814750858,1.309215512942437,1.2927125631020455,1.303714394569397,369530,0.0,0.0
1991-07-29 00:00:00-04:00,1.3037136794132844,1.3037136794132844,1.292711853981018,1.292711853981018,73391,0.0,0.0
1991-07-30 00:00:00-04:00,1.287211256431526,1.295462727546692,1.287211256431526,1.295462727546692,858804,0.0,0.0
1991-07-31 00:00:00-04:00,1.2707088399662423,1.2734591960906982,1.2652081277173302,1.2734591960906982,1059664,0.0,0.0
1991-08-01 00:00:00-04:00,1.2762102207335184,1.2927127679097203,1.2762102207335184,1.2899624109268188,596141,0.0,0.0
1991-08-02 00:00:00-04:00,1.3037140460908816,1.306464672088623,1.2872115059402942,1.306464672088623,297427,0.0,0.0
1991-08-05 00:00:00-04:00,1.2817105839065732,1.2872115659728622,1.276209736933164,1.2789602279663086,121031,0.0,0.0
1991-08-06 00:00:00-04:00,1.2734591960906982,1.2762098224009322,1.267958483841786,1.2734591960906982,740348,0.0,0.0
1991-08-07 00:00:00-04:00,1.2624572930359101,1.2624572930359101,1.2212006026348916,1.2459547519683838,2096152,0.0,0.0
1991-08-08 00:00:00-04:00,1.2624571258167576,1.2872114069642948,1.2514554332289727,1.2652078866958618,1514174,0.0,0.0
1991-08-09 00:00:00-04:00,1.2597069370710963,1.2597069370710963,1.23770341388818,1.2459547519683838,2630490,0.0,0.0
1991-08-12 00:00:00-04:00,1.2432036259555297,1.276209235191345,1.2432036259555297,1.2762092351913452,68241,0.0,0.0
1991-08-13 00:00:00-04:00,1.2652080148637155,1.287211537361145,1.2542061860685623,1.287211537361145,522750,0.0,0.0
1991-08-14 00:00:00-04:00,1.2927122175642831,1.31471587461748,1.2927122175642831,1.306464672088623,709447,0.0,0.0
1991-08-15 00:00:00-04:00,1.3009636402130127,1.3092151126100695,1.2927121678159559,1.3009636402130127,3970843,0.0,0.0
1991-08-16 00:00:00-04:00,1.3116354915895343,1.3312122821807861,1.3060420836026991,1.3312122821807861,785413,0.07588,0.0
1991-08-19 00:00:00-04:00,1.2417187375186487,1.3004488290912428,1.236125467415985,1.2976521253585815,1425332,0.0,0.0
1991-08-20 00:00:00-04:00,1.3088394403457642,1.3172295556298266,1.29765275732974,1.3088394403457642,803439,0.0,0.0
1991-08-21 00:00:00-04:00,1.3088386485727515,1.3228218908616705,1.2864654334379526,1.3200253248214722,2634353,0.0,0.0
1991-08-22 00:00:00-04:00,1.3200255991378362,1.3200255991378362,1.3088389205643962,1.3172290325164795,431333,0.0,0.0
1991-08-23 00:00:00-04:00,1.3144320497204929,1.317229028421167,1.3060420751571655,1.3060420751571655,1406018,0.0,0.0
1991-08-26 00:00:00-04:00,1.308839191980141,1.308839191980141,1.3004492156508882,1.3032457828521729,36052,0.0,0.0
1991-08-27 00:00:00-04:00,1.306042597888351,1.3088394403457642,1.3032460301563893,1.3088394403457642,844641,0.0,0.0
1991-08-28 00:00:00-04:00,1.3032456411152413,1.3368055427823826,1.3032456411152413,1.325618863105774,972110,0.0,0.0
1991-08-29 00:00:00-04:00,1.328415297667352,1.328415297667352,1.3088386485727515,1.3200253248214722,1277262,0.0,0.0
1991-08-30 00:00:00-04:00,1.3088394403457642,1.3144325758096878,1.3004494624244276,1.3088394403457642,495712,0.0,0.0
1991-09-03 00:00:00-04:00,1.2976521253585815,1.2976521253585815,1.2948552842632615,1.2976521253585815,337341,0.0,0.0
1991-09-04 00:00:00-04:00,1.29765275732974,1.3144325758096878,1.2920593471403652,1.3088394403457642,645069,0.0,0.0
1991-09-05 00:00:00-04:00,1.3088386485727515,1.3256184569018685,1.3088386485727515,1.3200253248214722,1067389,0.0,0.0
1991-09-06 00:00:00-04:00,1.3228218351666041,1.3507885932922363,1.3116351593888786,1.3507885932922363,1594002,0.0,0.0
1991-09-09 00:00:00-04:00,1.3479925486078541,1.353585958480835,1.339602708523819,1.353585958480835,800864,0.0,0.0
1991-09-10 00:00:00-04:00,1.3396019739160727,1.3396019739160727,1.30324524176707,1.3200253248214722,1785849,0.0,0.0
1991-09-11 00:00:00-04:00,1.2976520780003895,1.2976520780003895,1.2780754273115333,1.2948552370071411,1596578,0.0,0.0
1991-09-12 00:00:00-04:00,1.2864658832550049,1.2864658832550049,1.2752792030948246,1.2864658832550049,1138205,0.0,0.0
1991-09-13 00:00:00-04:00,1.3144322193732985,1.3256188993558151,1.2976524054435559,1.3228223323822021,1515461,0.0,0.0
1991-09-16 00:00:00-04:00,1.3368054457040413,1.37595875304753,1.3368054457040413,1.3703656196594238,1406018,0.0,0.0
1991-09-17 00:00:00-04:00,1.375959031684253,1.3955358266830444,1.375959031684253,1.3955358266830444,1819326,0.0,0.0
1991-09-18 00:00:00-04:00,1.3955357177392804,1.40672226063287,1.3955357177392804,1.401129126548767,941208,0.0,0.0
1991-09-19 00:00:00-04:00,1.4235020972840289,1.4598586986481918,1.4207052560125282,1.451468586921692,1805163,0.0,0.0
1991-09-20 00:00:00-04:00,1.459858927961016,1.459858927961016,1.440282134886752,1.4430791139602661,543351,0.0,0.0
1991-09-23 00:00:00-04:00,1.4486720203755261,1.451468586921692,1.4458754538293601,1.451468586921692,982410,0.0,0.0
1991-09-24 00:00:00-04:00,1.457062636471142,1.4990126641289556,1.457062636471142,1.4822325706481934,1471684,0.0,0.0
1991-09-25 00:00:00-04:00,1.5269793272081673,1.5269793272081673,1.5018091201782227,1.5018091201782227,816315,0.0,0.0
1991-09-26 00:00:00-04:00,1.4766395563036308,1.479436124311043,1.465452872185764,1.4682494401931763,1066102,0.0,0.0
1991-09-27 00:00:00-04:00,1.479434860942942,1.4934181011271888,1.479434860942942,1.4850282669067383,1021037,0.0,0.0
1991-09-30 00:00:00-04:00,1.5101995808254907,1.5213862657546997,1.5101995808254907,1.5213862657546997,2025336,0.0,0.0
1991-10-01 00:00:00-04:00,1.5101995808254907,1.5437594982503686,1.5074030126152502,1.5213862657546997,1340353,0.0,0.0
1991-10-02 00:00:00-04:00,1.5046052932739256,1.515791972708381,1.5046052932739256,1.5046052932739258,1109879,0.0,0.0
1991-10-03 00:00:00-04:00,1.490622716266716,1.4934192841012222,1.4598593711853027,1.4598593711853027,1767823,0.0,0.0
1991-10-04 00:00:00-04:00,1.451469458889346,1.4598595756561934,1.4458763224369477,1.448672890663147,1654518,0.0,0.0
1991-10-07 00:00:00-04:00,1.43189258842917,1.4346894309783766,1.420705905045994,1.4262994527816772,1238635,0.0,0.0
1991-10-08 00:00:00-04:00,1.437485998802123,1.437485998802123,1.423502747595201,1.4262994527816772,1273399,0.0,0.0
1991-10-09 00:00:00-04:00,1.4095187579572517,1.4235022792893148,1.4039256241497966,1.4207054376602173,936058,0.0,0.0
1991-10-10 00:00:00-04:00,1.4486721500909154,1.4654522376837518,1.4486721500909154,1.4570621252059937,1923618,0.0,0.0
1991-10-11 00:00:00-04:00,1.4598589076482815,1.485028971705908,1.4598589076482815,1.4794355630874634,1151081,0.0,0.0
1991-10-14 00:00:00-04:00,1.4738420790363846,1.4766389205651491,1.4654522412634918,1.4710453748703003,1010737,0.0,0.0
1991-10-15 00:00:00-04:00,1.4430791139602663,1.4430791139602663,1.4207054791751772,1.4430791139602661,3211181,0.0,0.0
1991-10-16 00:00:00-04:00,1.4402825429903798,1.4822325706481934,1.4402825429903798,1.4822325706481934,1304301,0.0,0.0
1991-10-17 00:00:00-04:00,1.468248283180364,1.4738415521503057,1.4654517173767088,1.465451717376709,594854,0.0,0.0
1991-10-18 00:00:00-04:00,1.4710460082005885,1.4766395563036308,1.465452872185764,1.4682494401931763,856229,0.0,0.0
1991-10-21 00:00:00-04:00,1.4682489036427353,1.4682489036427353,1.440282134886752,1.4430791139602661,932195,0.0,0.0
1991-10-22 00:00:00-04:00,1.4486727773275943,1.4766395563036308,1.4486727773275943,1.4682494401931763,679833,0.0,0.0
1991-10-23 00:00:00-04:00,1.4626552651943576,1.4626552651943576,1.4430788872831943,1.451468586921692,427471,0.0,0.0
1991-10-24 00:00:00-04:00,1.457062147267845,1.4654522598726405,1.4318920841788227,1.434688925743103,428758,0.0,0.0
1991-10-25 00:00:00-04:00,1.437486095642304,1.4598594639158986,1.437486095642304,1.4542661905288696,307727,0.0,0.0
1991-10-28 00:00:00-05:00,1.482232132856268,1.499012221380865,1.4766389989525477,1.49341881275177,583266,0.0,0.0
1991-10-29 00:00:00-05:00,1.4906218769416213,1.5381652890734356,1.482231766074134,1.526978611946106,1087990,0.0,0.0
1991-10-30 00:00:00-05:00,1.5213855581216962,1.524182125031186,1.5018087655791554,1.5157920122146606,764812,0.0,0.0
1991-10-31 00:00:00-05:00,1.5157916600934696,1.532571744465791,1.5101985275737848,1.526978611946106,726185,0.0,0.0
1991-11-01 00:00:00-05:00,1.5213855581216962,1.5213855581216962,1.5046053324886453,1.5157920122146606,320603,0.0,0.0
1991-11-04 00:00:00-05:00,1.5101985515035006,1.5101985515035006,1.4934184668652921,1.4990118741989136,169958,0.0,0.0
1991-11-05 00:00:00-05:00,1.4990126564623074,1.4990126564623074,1.4626559019088745,1.4626559019088745,493136,0.0,0.0
1991-11-06 00:00:00-05:00,1.4710458874485945,1.4822325706481934,1.4710458874485945,1.4822325706481934,506012,0.0,0.0
1991-11-07 00:00:00-05:00,1.4794355630874634,1.4878255386524433,1.4794355630874634,1.4794355630874634,257513,0.0,0.0
1991-11-08 00:00:00-05:00,1.4766390323638916,1.4794355993790285,1.4738421906233738,1.4766390323638916,469960,0.0,0.0
1991-11-11 00:00:00-05:00,1.4766389961409283,1.4794355630874634,1.4710454501597965,1.4794355630874634,594854,0.0,0.0
1991-11-12 00:00:00-05:00,1.4794355049310937,1.5074022721985734,1.4794355049310937,1.5046052932739258,1055801,0.0,0.0
1991-11-13 00:00:00-05:00,1.5018091201782227,1.5074026674059764,1.496215985038622,1.5018091201782227,401720,0.0,0.0
1991-11-14 00:00:00-05:00,1.5157922609798673,1.5381658988291322,1.5157922609798673,1.5353689193725586,1113742,0.0,0.0
1991-11-15 00:00:00-05:00,1.5325725378308743,1.5409626530416631,1.4934192162980917,1.496216058731079,921895,0.0,0.0
1991-11-18 00:00:00-05:00,1.5018092407833066,1.5046058085776897,1.4878259897232056,1.4878259897232056,763525,0.0,0.0
1991-11-19 00:00:00-05:00,1.4710460106899566,1.4710460106899566,1.437486095642304,1.4542661905288696,1005586,0.0,0.0
1991-11-20 00:00:00-05:00,1.4598590569213727,1.4598590569213727,1.4318922856948737,1.437485694885254,2675555,0.0,0.0
1991-11-21 00:00:00-05:00,1.4346890692521932,1.4346890692521932,1.412315845489502,1.412315845489502,1403443,0.0,0.0
1991-11-22 00:00:00-05:00,1.392738966936866,1.3983322381973267,1.3815524244159445,1.3983322381973267,2294436,0.0,0.0
1991-11-25 00:00:00-05:00,1.4290955922195856,1.4542656566274328,1.4262990252341385,1.4430791139602661,1203871,0.0,0.0
1991-11-26 00:00:00-05:00,1.4654523366572882,1.4710454706281824,1.4318921592050327,1.4430791139602661,821465,0.0,0.0
1991-11-27 00:00:00-05:00,1.4318920335152256,1.437485441720515,1.417908787727356,1.417908787727356,390131,0.0,0.0
1991-11-29 00:00:00-05:00,1.412315845489502,1.4179089797268054,1.412315845489502,1.412315845489502,140344,0.0,0.0
1991-12-02 00:00:00-05:00,1.3983322564781553,1.4430791139602663,1.392738985144572,1.4430791139602661,1798725,0.0,0.0
1991-12-03 00:00:00-05:00,1.4207052709456158,1.4235021122465144,1.412315571218934,1.4151121377944946,418458,0.0,0.0
1991-12-04 00:00:00-05:00,1.4262991778020804,1.4318923123712592,1.4262991778020804,1.42909574508667,1671256,0.0,0.0
1991-12-05 00:00:00-05:00,1.4262991413838741,1.4374856849620095,1.4262991413838741,1.4318922758102417,319316,0.0,0.0
1991-12-06 00:00:00-05:00,1.4374854925820195,1.4486721720257316,1.434688925743103,1.434688925743103,190559,0.0,0.0
1991-12-09 00:00:00-05:00,1.4542661880678973,1.4766395563036308,1.4430796413127696,1.4682494401931763,383694,0.0,0.0
1991-12-10 00:00:00-05:00,1.4878259809293568,1.4934192538477922,1.4766394350924859,1.4822325706481934,391419,0.0,0.0
1991-12-11 00:00:00-05:00,1.4850290081346833,1.4850290081346833,1.4654523522152727,1.4766390323638916,1042926,0.0,0.0
1991-12-12 00:00:00-05:00,1.4934188465427845,1.499012255298439,1.4766390323638916,1.4766390323638916,853654,0.0,0.0
1991-12-13 00:00:00-05:00,1.4822321663941653,1.4878255751498202,1.4766390323638916,1.4766390323638916,243349,0.0,0.0
1991-12-16 00:00:00-05:00,1.4822325706481934,1.4934192538477922,1.4794360028703397,1.4822325706481934,657944,0.0,0.0
1991-12-17 00:00:00-05:00,1.4822321663941653,1.4850290081346833,1.4682489192304096,1.4766390323638916,730048,0.0,0.0
1991-12-18 00:00:00-05:00,1.4766383926792228,1.4766383926792228,1.4486716357416225,1.465451717376709,341204,0.0,0.0
1991-12-19 00:00:00-05:00,1.4542660981535596,1.4626559390198088,1.4542660981535596,1.4598593711853027,417170,0.0,0.0
1991-12-20 00:00:00-05:00,1.4654521064658583,1.4654521064658583,1.4486720203755261,1.451468586921692,1636492,0.0,0.0
1991-12-23 00:00:00-05:00,1.4542660981535596,1.4598593711853027,1.451469255593592,1.4598593711853027,1400868,0.0,0.0
1991-12-24 00:00:00-05:00,1.4822315242865334,1.4822315242865334,1.4654517173767088,1.465451717376709,1028762,0.0,0.0
1991-12-26 00:00:00-05:00,1.4654523190570456,1.4962156544290048,1.4654523190570456,1.49341881275177,124894,0.0,0.0
1991-12-27 00:00:00-05:00,1.4962160963511018,1.4990126641289556,1.4822325706481934,1.4822325706481934,332191,0.0,0.0
1991-12-30 00:00:00-05:00,1.4934185995398388,1.5381654500961304,1.4934185995398388,1.5381654500961304,383694,0.0,0.0
1991-12-31 00:00:00-05:00,1.5801155722727298,1.6220655881951873,1.577318730551826,1.6136754751205444,1163957,0.0,0.0
1992-01-02 00:00:00-05:00,1.6164721663397057,1.6164721663397057,1.5940988063812256,1.5940988063812256,602579,0.0,0.0
1992-01-03 00:00:00-05:00,1.5885051439414937,1.5885051439414937,1.5605386545051618,1.5745218992233276,712022,0.0,0.0
1992-01-06 00:00:00-05:00,1.5829125190747402,1.5885057917705379,1.5633358585953643,1.5661324262619019,820177,0.0,0.0
1992-01-07 00:00:00-05:00,1.5213858078048914,1.5353689193725586,1.5213858078048914,1.5353689193725586,1863103,0.0,0.0
1992-01-08 00:00:00-05:00,1.5018087655791554,1.518588853849521,1.5018087655791554,1.5157920122146606,1312026,0.0,0.0
1992-01-09 00:00:00-05:00,1.5101981816559553,1.5157913128945077,1.482231426562218,1.4850282669067383,871680,0.0,0.0
1992-01-10 00:00:00-05:00,1.4710459172487886,1.4710459172487886,1.451469255593592,1.4598593711853027,1850227,0.0,0.0
1992-01-13 00:00:00-05:00,1.469445421323293,1.4977038323064977,1.469445421323293,1.4920523166656494,337341,0.05235,0.0
1992-01-14 00:00:00-05:00,1.4920522958840947,1.5033556046013445,1.4779228129963022,1.4948780536651611,1189708,0.0,0.0
1992-01-15 00:00:00-05:00,1.475096662873633,1.4920518990327911,1.4666189753958263,1.4892258644104004,2460532,0.0,0.0
1992-01-16 00:00:00-05:00,1.5033555585690743,1.5203105211257935,1.5005298008745316,1.5203105211257935,1059664,0.0,0.0
1992-01-17 00:00:00-05:00,1.5203105835590147,1.5203105835590147,1.4977038270918634,1.5118333101272583,1403443,0.0,0.0
1992-01-20 00:00:00-05:00,1.494877854471463,1.5005296468734741,1.4835744084639144,1.5005296468734741,1212884,0.0,0.0
1992-01-21 00:00:00-05:00,1.480748514573111,1.480748514573111,1.452489832760714,1.4553155899047852,2969119,0.0,0.0
1992-01-22 00:00:00-05:00,1.4496642378580649,1.452489995318385,1.4242313103433735,1.4298832416534424,1082840,0.0,0.0
1992-01-23 00:00:00-05:00,1.424230951902612,1.4440120819253301,1.4072759950183706,1.4101018905639648,1461383,0.0,0.0
1992-01-24 00:00:00-05:00,1.415754018552523,1.4524899754048475,1.415754018552523,1.4242312908172607,588416,0.0,0.0
1992-01-27 00:00:00-05:00,1.4355349749617354,1.4411869071316317,1.4242315270114347,1.4327092170715332,459660,0.0,0.0
1992-01-28 00:00:00-05:00,1.4440127822360924,1.4524903341878384,1.4383611272004313,1.4411870241165161,457085,0.0,0.0
1992-01-29 00:00:00-05:00,1.4327090448867494,1.4355348024373484,1.3959730863571167,1.3959730863571167,365668,0.0,0.0
1992-01-30 00:00:00-05:00,1.4129276473131178,1.4185794384043062,1.4044499606763352,1.4101018905639648,399144,0.0,0.0
1992-01-31 00:00:00-05:00,1.4101022917247419,1.4101022917247419,1.384669640968369,1.3874953985214233,157083,0.0,0.0
1992-02-03 00:00:00-05:00,1.367714285850525,1.367714285850525,1.3564108402060338,1.367714285850525,893568,0.0,0.0
1992-02-04 00:00:00-05:00,1.4016243025911517,1.4129277467727661,1.3987985456430865,1.4129277467727661,2276411,0.0,0.0
1992-02-05 00:00:00-05:00,1.4242316426200068,1.4411870241165161,1.4185801263808544,1.4411870241165161,2434781,0.0,0.0
1992-02-06 00:00:00-05:00,1.4807485546388834,1.4807485546388834,1.463793317333382,1.4694451093673706,2644653,0.0,0.0
1992-02-07 00:00:00-05:00,1.4694453296851255,1.47792274141422,1.449664332193278,1.460967779159546,1461383,0.0,0.0
1992-02-10 00:00:00-05:00,1.4750967626048948,1.4750967626048948,1.4666190745539118,1.4694451093673706,442922,0.0,0.0
1992-02-11 00:00:00-05:00,1.4694453271461407,1.4722710847854614,1.4609677766352092,1.4722710847854614,776400,0.0,0.0
1992-02-12 00:00:00-05:00,1.4666197774244092,1.4694458135922324,1.4496648095862497,1.4524905681610107,784126,0.0,0.0
1992-02-13 00:00:00-05:00,1.429883222049842,1.4355347368930005,1.412927983537995,1.4242312908172607,525326,0.0,0.0
1992-02-14 00:00:00-05:00,1.4072759950183706,1.4129276473131178,1.3959726904288765,1.4101018905639648,289702,0.0,0.0
1992-02-18 00:00:00-05:00,1.4129280066165086,1.4129280066165086,1.4016245603561404,1.4016245603561401,529188,0.0,0.0
1992-02-19 00:00:00-05:00,1.398798803849228,1.398798803849228,1.390321115050771,1.3931468725204468,298715,0.0,0.0
1992-02-20 00:00:00-05:00,1.393147143707423,1.4185800762570362,1.3846698696482287,1.4157543182373047,979835,0.0,0.0
1992-02-21 00:00:00-05:00,1.4242313112799274,1.429883242593713,1.410102246376083,1.421405553817749,437771,0.0,0.0
1992-02-24 00:00:00-05:00,1.4214058845004307,1.4468385403556685,1.4214058845004307,1.4411870241165161,1967396,0.0,0.0
1992-02-25 00:00:00-05:00,1.4327090000558913,1.4355347575180697,1.421405553817749,1.421405553817749,1503873,0.0,0.0
1992-02-26 00:00:00-05:00,1.4440125597565445,1.460967799844245,1.4440125597565445,1.4581420421600342,539489,0.0,0.0
1992-02-27 00:00:00-05:00,1.4722708665879005,1.4750967626048948,1.463793317333382,1.4694451093673706,1210309,0.0,0.0
1992-02-28 00:00:00-05:00,1.4637929201126099,1.472270467066627,1.4637929201126099,1.4637929201126099,721035,0.0,0.0
1992-03-02 00:00:00-05:00,1.4637937830556693,1.4637937830556693,1.4411870241165161,1.4411870241165161,2911179,0.0,0.0
1992-03-03 00:00:00-05:00,1.4411865265915083,1.4553155899047852,1.4355345959139838,1.4553155899047852,1242498,0.0,0.0
1992-03-04 00:00:00-05:00,1.45248963424505,1.45248963424505,1.4355343997156371,1.4496638774871826,275538,0.0,0.0
1992-03-05 00:00:00-05:00,1.4440123443925623,1.4440123443925623,1.4383606910705566,1.4383606910705566,135194,0.0,0.0
1992-03-06 00:00:00-05:00,1.4242313558455102,1.4242313558455102,1.3903211548664764,1.3959730863571167,1077690,0.0,0.0
1992-03-09 00:00:00-05:00,1.3959726904288765,1.4101018905639648,1.3959726904288765,1.4101018905639648,879405,0.0,0.0
1992-03-10 00:00:00-05:00,1.4157543208660581,1.4298835273804618,1.4072766304016113,1.4072766304016113,719747,0.0,0.0
1992-03-11 00:00:00-05:00,1.3818438263175477,1.3846698619145026,1.3733664135091979,1.3790180683135986,601292,0.0,0.0
1992-03-12 00:00:00-05:00,1.3253265809726273,1.3338042704649196,1.319674787977766,1.330978512763977,2179843,0.0,0.0
1992-03-13 00:00:00-05:00,1.3338040307988077,1.34510747596097,1.3338040307988077,1.3422815799713135,2545511,0.0,0.0
1992-03-16 00:00:00-05:00,1.342281680360742,1.3451075765617477,1.3338041305541992,1.3338041305541992,1308164,0.0,0.0
1992-03-17 00:00:00-05:00,1.3338037533205063,1.345107196131153,1.3338037533205063,1.3366295099258423,1312026,0.0,0.0
1992-03-18 00:00:00-05:00,1.3309791897108671,1.3366307079871609,1.3281530141830444,1.3281530141830444,733911,0.0,0.0
1992-03-19 00:00:00-05:00,1.3394555451851942,1.3422815799713137,1.3366297879920008,1.3422815799713135,475111,0.0,0.0
1992-03-20 00:00:00-05:00,1.333804948849014,1.333804948849014,1.3196754591754865,1.3281530141830444,652794,0.0,0.0
1992-03-23 00:00:00-05:00,1.3253260671151954,1.3422813007293828,1.3225003105098594,1.3366295099258423,603867,0.0,0.0
1992-03-24 00:00:00-05:00,1.342281680360742,1.342281680360742,1.3338041305541992,1.3338041305541992,395282,0.0,0.0
1992-03-25 00:00:00-05:00,1.3338037533205063,1.3422813007293828,1.3338037533205063,1.3366295099258423,118456,0.0,0.0
1992-03-26 00:00:00-05:00,1.3422815799713137,1.3507589903473562,1.3422815799713137,1.3422815799713135,782838,0.0,0.0
1992-03-27 00:00:00-05:00,1.3338041736289683,1.3338041736289683,1.3027197308034664,1.311197280883789,303865,0.0,0.0
1992-03-30 00:00:00-05:00,1.3055453300611801,1.3111971219606908,1.29424188505862,1.297067642211914,472535,0.0,0.0
1992-03-31 00:00:00-05:00,1.28859051322194,1.28859051322194,1.2603318281929552,1.2659833431243896,574253,0.0,0.0
1992-04-01 00:00:00-05:00,1.2320729494094849,1.2348988452272813,1.2207696437312088,1.2320729494094849,2336926,0.0,0.0
1992-04-02 00:00:00-05:00,1.2320731661996336,1.2490284052933263,1.2320731661996336,1.243376612663269,2697443,0.0,0.0
1992-04-03 00:00:00-05:00,1.2348988653411648,1.2348988653411648,1.2264214553426058,1.2292472124099731,1120179,0.0,0.0
1992-04-06 00:00:00-04:00,1.223595641061131,1.2264216762304025,1.2038149216375325,1.212292194366455,1078977,0.0,0.0
1992-04-07 00:00:00-04:00,1.2433766380776938,1.2462026732469653,1.2094664367901475,1.212292194366455,1548938,0.0,0.0
1992-04-08 00:00:00-04:00,1.2433763942673908,1.2490281859047252,1.229247192766964,1.2405506372451782,911594,0.0,0.0
1992-04-09 00:00:00-04:00,1.2546799577427115,1.2659832644965061,1.2462025470755995,1.2603317499160767,1775549,0.0,0.0
1992-04-10 00:00:00-04:00,1.4242313349207698,1.4242313349207698,1.384669619421777,1.3987988233566284,4292733,0.0,0.0
1992-04-13 00:00:00-04:00,1.4185797759741023,1.4355347368930005,1.4185797759741023,1.4242312908172607,2239071,0.0,0.0
1992-04-14 00:00:00-04:00,1.4468382028047921,1.455315752778705,1.4298832416534426,1.4298832416534424,2123191,0.0,0.0
1992-04-15 00:00:00-04:00,1.4298832416534426,1.4355347565740828,1.4242313103433735,1.4298832416534424,248500,0.0,0.0
1992-04-16 00:00:00-04:00,1.4242313318241158,1.4355347782253074,1.410102266716463,1.4185798168182373,1915893,0.0,0.0
1992-04-20 00:00:00-04:00,1.4101018905639648,1.4129276473131178,1.4044499606763352,1.4101018905639648,827903,0.0,0.0
1992-04-21 00:00:00-04:00,1.3987991386913192,1.4185801396965736,1.3987991386913192,1.4044506549835205,1776836,0.0,0.0
1992-04-22 00:00:00-04:00,1.4242312908172607,1.429883222049842,1.4185797759741023,1.4242312908172607,900006,0.0,0.0
1992-04-23 00:00:00-04:00,1.4242316426200068,1.4411870241165161,1.4242316426200068,1.4411870241165161,574253,0.0,0.0
1992-04-24 00:00:00-04:00,1.4779229164123535,1.4920524002888411,1.4637937101288692,1.4779229164123535,1344215,0.0,0.0
1992-04-27 00:00:00-04:00,1.477922975355226,1.4835747691312273,1.4750972172637327,1.4807490110397339,948934,0.0,0.0
1992-04-28 00:00:00-04:00,1.4468387734184267,1.4524905681610107,1.4298838055802672,1.4524905681610107,1348078,0.0,0.0
1992-04-29 00:00:00-04:00,1.4270571250410888,1.4298828817902418,1.4044499606763352,1.4101018905639648,1698295,0.0,0.0
1992-04-30 00:00:00-04:00,1.3959726904288765,1.4214051951534592,1.3959726904288765,1.4101018905639648,2200444,0.0,0.0
1992-05-01 00:00:00-04:00,1.4185798168182373,1.4214055743211764,1.4072763704170457,1.4185798168182373,301290,0.0,0.0
1992-05-04 00:00:00-04:00,1.4185796962488375,1.4383606910705566,1.4129279041303655,1.4383606910705566,1185845,0.0,0.0
1992-05-05 00:00:00-04:00,1.412927983537995,1.429883222049842,1.412927983537995,1.4242312908172607,548502,0.0,0.0
1992-05-06 00:00:00-04:00,1.4666192531585691,1.4722710458808324,1.460967738029269,1.4666192531585693,1241210,0.0,0.0
1992-05-07 00:00:00-04:00,1.492052275180958,1.4977037906646729,1.492052275180958,1.4977037906646729,682408,0.0,0.0
1992-05-08 00:00:00-04:00,1.5146586495249026,1.520310163584886,1.503355205015571,1.5090068578720093,1890142,0.0,0.0
1992-05-11 00:00:00-04:00,1.5090072127546474,1.5203105211257935,1.5005298008745316,1.5203105211257935,2581563,0.0,0.0
1992-05-12 00:00:00-04:00,1.5259621143341064,1.5485688648570526,1.5203101838095703,1.5259621143341064,639919,0.0,0.0
1992-05-13 00:00:00-04:00,1.5429171922533769,1.5542206357521349,1.5429171922533769,1.5513944625854492,643781,0.0,0.0
1992-05-14 00:00:00-04:00,1.551394621924635,1.551394621924635,1.5231363572665237,1.5259621143341064,1475547,0.0,0.0
1992-05-15 00:00:00-04:00,1.5259621931154814,1.5429174303786162,1.5231364359020125,1.5316137075424194,1586277,0.0,0.0
1992-05-18 00:00:00-04:00,1.5485695814265985,1.5485695814265985,1.542918064676307,1.5457438230514526,782838,0.0,0.0
1992-05-19 00:00:00-04:00,1.5429171922533769,1.5513944625854492,1.540091157883134,1.5513944625854492,1090565,0.0,0.0
1992-05-20 00:00:00-04:00,1.5598729848861692,1.565524779061274,1.5542214683040987,1.5598729848861694,1310739,0.0,0.0
1992-05-21 00:00:00-04:00,1.5485695814265985,1.5542215145664535,1.5457438230514529,1.5457438230514526,306440,0.0,0.0
1992-05-22 00:00:00-04:00,1.5824793577194216,1.5881312893071409,1.57400180732905,1.5824793577194214,1143356,0.0,0.0
1992-05-26 00:00:00-04:00,1.593782901763916,1.593782901763916,1.5853056284491964,1.593782901763916,1509023,0.0,0.0
1992-05-27 00:00:00-04:00,1.593783296482815,1.6107385412938748,1.593783296482815,1.5994350910186768,1460096,0.0,0.0
1992-05-28 00:00:00-04:00,1.565524779061274,1.5683506761488264,1.5400919828663369,1.5598729848861694,4358399,0.0,0.0
1992-05-29 00:00:00-04:00,1.571175479089952,1.5909564690819953,1.571175479089952,1.5881307125091553,816315,0.0,0.0
1992-06-01 00:00:00-04:00,1.5485690417076472,1.5655242800317601,1.5429175269270643,1.562698245048523,1684132,0.0,0.0
1992-06-02 00:00:00-04:00,1.565524779061274,1.5768282286149664,1.5598729848861692,1.5598729848861694,869105,0.0,0.0
1992-06-03 00:00:00-04:00,1.5542212538240494,1.5598727696262198,1.5429178058302149,1.5485693216323853,1143356,0.0,0.0
1992-06-04 00:00:00-04:00,1.5485691242967752,1.5513948818377716,1.5372658165398296,1.5429176092147827,1106016,0.0,0.0
1992-06-05 00:00:00-04:00,1.5259624529043423,1.5372659000719762,1.5203105211257935,1.5203105211257935,836916,0.0,0.0
1992-06-08 00:00:00-04:00,1.5316139682934276,1.5316139682934276,1.5203105211257935,1.5203105211257935,330904,0.0,0.0
1992-06-09 00:00:00-04:00,1.5457432289705713,1.5457432289705713,1.51465878841859,1.5174845457077026,901294,0.0,0.0
1992-06-10 00:00:00-04:00,1.5259624996288286,1.5259624996288286,1.4920522958840947,1.4948780536651611,1931344,0.0,0.0
1992-06-11 00:00:00-04:00,1.469445167032951,1.4892260235387798,1.469445167032951,1.4864001274108887,364380,0.0,0.0
1992-06-12 00:00:00-04:00,1.4779231904363015,1.4779231904363015,1.4355352861336406,1.4468387365341187,1753660,0.0,0.0
1992-06-15 00:00:00-04:00,1.4016248367586468,1.412928285248072,1.3959733207086902,1.4072766304016113,2662679,0.0,0.0
1992-06-16 00:00:00-04:00,1.4411872562689045,1.458142501700126,1.4411872562689045,1.4524905681610107,857517,0.0,0.0
1992-06-17 00:00:00-04:00,1.452490282865844,1.452490282865844,1.415754318237305,1.4157543182373047,1170394,0.0,0.0
1992-06-18 00:00:00-04:00,1.4242315687100708,1.4327092590183792,1.4242315687100708,1.4270577430725098,289702,0.0,0.0
1992-06-19 00:00:00-04:00,1.4468385403556685,1.449664576068262,1.4383611272004313,1.4411870241165161,1914605,0.0,0.0
1992-06-22 00:00:00-04:00,1.4411870241165161,1.4440127822360924,1.4355350914878378,1.4411870241165161,485411,0.0,0.0
1992-06-23 00:00:00-04:00,1.4496647726298977,1.4553162896353453,1.4468387365341187,1.4468387365341187,1044213,0.0,0.0
1992-06-24 00:00:00-04:00,1.4440127822360924,1.4440127822360924,1.4355350914878378,1.4411870241165161,506012,0.0,0.0
1992-06-25 00:00:00-04:00,1.4524905311326215,1.4637939815330996,1.4468387365341187,1.4468387365341187,261375,0.0,0.0
1992-06-26 00:00:00-04:00,1.4518443901655078,1.4518443901655078,1.4289807929324956,1.4404125213623047,464810,0.05584,0.0
1992-06-29 00:00:00-04:00,1.4689927707138084,1.4747089176489496,1.4689927707138084,1.4718506336212158,82404,0.0,0.0
1992-06-30 00:00:00-04:00,1.468991756439209,1.4747078994276033,1.4661338955050296,1.468991756439209,169958,0.0,0.0
1992-07-01 00:00:00-04:00,1.4604185819625854,1.4632764442451967,1.4547027170239522,1.4604185819625854,856229,0.0,0.0
1992-07-02 00:00:00-04:00,1.4547033584159073,1.4547033584159073,1.4118340015411377,1.4118340015411377,831765,0.0,0.0
1992-07-06 00:00:00-04:00,1.440412521362305,1.440412521362305,1.4318389356000383,1.4404125213623047,221461,0.0,0.0
1992-07-07 00:00:00-04:00,1.423265218734741,1.428981084114361,1.4204070754847977,1.4232652187347412,153220,0.0,0.0
1992-07-08 00:00:00-04:00,1.4061174999532722,1.4118336467224617,1.391827764710769,1.40897536277771,418458,0.0,0.0
1992-07-09 00:00:00-04:00,1.3603907860508158,1.3603907860508158,1.3403848967593222,1.3461010456085205,1097003,0.0,0.0
1992-07-10 00:00:00-04:00,1.346100610171779,1.346100610171779,1.3232365836649989,1.3318105936050415,493136,0.0,0.0
1992-07-13 00:00:00-04:00,1.343242346320302,1.343242346320302,1.328952750658912,1.3403844833374023,361805,0.0,0.0
1992-07-14 00:00:00-04:00,1.3346682427986565,1.3718218588017146,1.3346682427986565,1.3632479906082153,1057089,0.0,0.0
1992-07-15 00:00:00-04:00,1.357532501220703,1.3661062314151602,1.3546743572001172,1.3575325012207031,830478,0.0,0.0
1992-07-16 00:00:00-04:00,1.3889698188439257,1.3946856845245046,1.3775378067359085,1.383253812789917,2676842,0.0,0.0
1992-07-17 00:00:00-04:00,1.3746797800789168,1.3803959264080974,1.3546740399806336,1.3603901863098145,305152,0.0,0.0
1992-07-20 00:00:00-04:00,1.3432423455981775,1.3432423455981775,1.3260947465896606,1.3260947465896606,820177,0.0,0.0
1992-07-21 00:00:00-04:00,1.331810379948032,1.3575321248948355,1.331810379948032,1.354673981666565,538201,0.0,0.0
1992-07-22 00:00:00-04:00,1.3318104134413615,1.3346682759946615,1.3260945479613369,1.3289525508880615,60515,0.0,0.0
1992-07-23 00:00:00-04:00,1.3346683979034424,1.34324226709333,1.3346683979034424,1.3346683979034424,339917,0.0,0.0
1992-07-24 00:00:00-04:00,1.3260951601171616,1.3518167772110956,1.3260951601171616,1.3432427644729614,270388,0.0,0.0
1992-07-27 00:00:00-04:00,1.366105852712542,1.371821858422241,1.354673981666565,1.354673981666565,745499,0.0,0.0
1992-07-28 00:00:00-04:00,1.3689643746963227,1.3718222379684448,1.3632483674051585,1.3718222379684448,1245073,0.0,0.0
1992-07-29 00:00:00-04:00,1.371821800374446,1.3775376654688607,1.3603900701856169,1.3661057949066162,1707308,0.0,0.0
1992-07-30 00:00:00-04:00,1.371821819232672,1.377537684405662,1.3603900888866927,1.3689639568328857,920607,0.0,0.0
1992-07-31 00:00:00-04:00,1.3632479902311136,1.366105852712542,1.354673981666565,1.354673981666565,1776836,0.0,0.0
1992-08-03 00:00:00-04:00,1.3661060130745961,1.388969898223877,1.3632481502576939,1.388969898223877,2429630,0.0,0.0
1992-08-04 00:00:00-04:00,1.4118336467224617,1.4204072351957753,1.4032596371288342,1.40897536277771,1073827,0.0,0.0
1992-08-05 00:00:00-04:00,1.3946858250465306,1.3946858250465306,1.388969958790048,1.3918278217315674,137769,0.0,0.0
1992-08-06 00:00:00-04:00,1.3889696119886934,1.4289809465408325,1.3889696119886934,1.4289809465408325,1360954,0.0,0.0
1992-08-07 00:00:00-04:00,1.4346972505252904,1.4346972505252904,1.4175493717193604,1.4175493717193604,390131,0.0,0.0
1992-08-10 00:00:00-04:00,1.4261234422378244,1.4261234422378244,1.4175494322818298,1.4204072952270508,406870,0.0,0.0
1992-08-11 00:00:00-04:00,1.3918282214060893,1.3946862255417511,1.3861122131347654,1.3861122131347656,478973,0.0,0.0
1992-08-12 00:00:00-04:00,1.3832536899520689,1.3832536899520689,1.3661058136862654,1.3689639568328857,798289,0.0,0.0
1992-08-13 00:00:00-04:00,1.388969958790048,1.3946858250465306,1.388969958790048,1.3918278217315674,79829,0.0,0.0
1992-08-14 00:00:00-04:00,1.4118330790768336,1.4346966743469238,1.4118330790768336,1.4346966743469238,176396,0.0,0.0
1992-08-17 00:00:00-04:00,1.4232650817115007,1.4289809465408325,1.4232650817115007,1.4289809465408325,149357,0.0,0.0
1992-08-18 00:00:00-04:00,1.4204074147373453,1.4204074147373453,1.4061176776885986,1.4061176776885986,294852,0.0,0.0
1992-08-19 00:00:00-04:00,1.417549430445906,1.417549430445906,1.3918278217315674,1.3918278217315674,688846,0.0,0.0
1992-08-20 00:00:00-04:00,1.3889698188439257,1.3889698188439257,1.3746798037089043,1.383253812789917,996573,0.0,0.0
1992-08-21 00:00:00-04:00,1.3889703576439114,1.3946862255417511,1.3861122131347654,1.3861122131347656,1037775,0.0,0.0
1992-08-24 00:00:00-04:00,1.380395867368635,1.380395867368635,1.354673982041295,1.3632479906082153,884555,0.0,0.0
1992-08-25 00:00:00-04:00,1.320378662711442,1.3375265414646549,1.314662937082767,1.3346683979034424,593566,0.0,0.0
1992-08-26 00:00:00-04:00,1.3203787985220043,1.3432424052555805,1.3146630723054253,1.3375266790390015,302577,0.0,0.0
1992-08-27 00:00:00-04:00,1.3489582567037082,1.3603901277496853,1.3432421106205878,1.354673981666565,348929,0.0,0.0
1992-08-28 00:00:00-04:00,1.3603907860508158,1.3632486499151812,1.3461010456085205,1.3461010456085205,175109,0.0,0.0
1992-08-31 00:00:00-04:00,1.34610076737912,1.3603905048678289,1.34610076737912,1.3575325012207031,79829,0.0,0.0
1992-09-01 00:00:00-04:00,1.3489584934064387,1.3489584934064387,1.3403844833374023,1.3403844833374023,329616,0.0,0.0
1992-09-02 00:00:00-04:00,1.3289531605548817,1.3461010456085205,1.3232370117056833,1.3461010456085205,464810,0.0,0.0
1992-09-03 00:00:00-04:00,1.3546740399806336,1.371821917474467,1.351816177376184,1.3603901863098145,708159,0.0,0.0
1992-09-04 00:00:00-04:00,1.3546739243443717,1.3775376654688607,1.3546739243443717,1.3661057949066162,529188,0.0,0.0
1992-09-08 00:00:00-04:00,1.3489583503310831,1.3489583503310831,1.3032310033467909,1.3089467287063599,1530912,0.0,0.0
1992-09-09 00:00:00-04:00,1.3146628540098955,1.3146628540098955,1.2975149763402483,1.300372838973999,1722759,0.0,0.0
1992-09-10 00:00:00-04:00,1.2975150941286204,1.3003729570218077,1.280367074528848,1.2860832214355469,1614603,0.0,0.0
1992-09-11 00:00:00-04:00,1.286083161143348,1.286083161143348,1.2632194168290642,1.274651288986206,400432,0.0,0.0
1992-09-14 00:00:00-04:00,1.2860831046849597,1.300372838973999,1.2860831046849597,1.300372838973999,1687994,0.0,0.0
1992-09-15 00:00:00-04:00,1.2803668092537757,1.2832250926750886,1.2432134763524885,1.2460713386535645,1932631,0.0,0.0
1992-09-16 00:00:00-04:00,1.2174919490547065,1.2403555481149633,1.2174919490547065,1.2289236783981323,2756671,0.0,0.0
1992-09-17 00:00:00-04:00,1.2374973259394675,1.2860828042167498,1.2374973259394675,1.2803666591644287,1498723,0.0,0.0
1992-09-18 00:00:00-04:00,1.3003728974378364,1.3146629131162018,1.291798888030817,1.2975150346755981,660520,0.0,0.0
1992-09-21 00:00:00-04:00,1.3118046278434061,1.3118046278434061,1.274651288986206,1.274651288986206,1363529,0.0,0.0
1992-09-22 00:00:00-04:00,1.2775088548660278,1.2803667169611006,1.268934987834005,1.2775088548660278,843353,0.0,0.0
1992-09-23 00:00:00-04:00,1.2746512094609137,1.2746512094609137,1.2546454695274292,1.268935203552246,888418,0.0,0.0
1992-09-24 00:00:00-04:00,1.2689349305533695,1.2860828042167498,1.2660770685873026,1.2803666591644287,1685419,0.0,0.0
1992-09-25 00:00:00-04:00,1.303231120109558,1.3089468459812268,1.2917989664990037,1.303231120109558,2013748,0.0,0.0
1992-09-28 00:00:00-04:00,1.3032310033467909,1.3118045913861445,1.3032310033467909,1.3089467287063599,498287,0.0,0.0
1992-09-29 00:00:00-04:00,1.3318108479165731,1.3489587306976316,1.3289529844309556,1.3489587306976318,824040,0.0,0.0
1992-09-30 00:00:00-04:00,1.3318108479165731,1.3489587306976316,1.3318108479165731,1.3489587306976318,403007,0.0,0.0
1992-10-01 00:00:00-04:00,1.3346684759071963,1.3346684759071963,1.3146630139173159,1.3260947465896606,651507,0.0,0.0
1992-10-02 00:00:00-04:00,1.3260945479613369,1.3432421444014109,1.3260945479613369,1.3289525508880615,302577,0.0,0.0
1992-10-05 00:00:00-04:00,1.3203784195069086,1.3203784195069086,1.2917986736402238,1.3146626949310303,334766,0.0,0.0
1992-10-06 00:00:00-04:00,1.3146628540098955,1.3146628540098955,1.2975149763402483,1.300372838973999,157083,0.0,0.0
1992-10-07 00:00:00-04:00,1.3118048906326294,1.314663175084733,1.3060891639691994,1.3118048906326294,297427,0.0,0.0
1992-10-08 00:00:00-04:00,1.2803669582971726,1.3032309823546069,1.2803669582971726,1.300372838973999,598717,0.0,0.0
1992-10-09 00:00:00-04:00,1.3146630542270101,1.3260947872498703,1.3146630542270101,1.3203787803649902,449359,0.0,0.0
1992-10-12 00:00:00-04:00,1.3146630542270101,1.3232366434339802,1.3146630542270101,1.3203787803649902,25751,0.0,0.0
1992-10-13 00:00:00-04:00,1.3260951601171616,1.3489589133385405,1.3203791516250722,1.3432427644729614,740348,0.0,0.0
1992-10-14 00:00:00-04:00,1.3232366028614058,1.331810612925833,1.3232366028614058,1.3260947465896606,229186,0.0,0.0
1992-10-15 00:00:00-04:00,1.3203787398800426,1.331810612925833,1.3146630139173159,1.3260947465896606,148070,0.0,0.0
1992-10-16 00:00:00-04:00,1.317520614283589,1.317520614283589,1.2889408671790545,1.2946568727493286,1590140,0.0,0.0
1992-10-19 00:00:00-04:00,1.274650992770955,1.2803667169611006,1.2660771257389323,1.2775088548660278,1009449,0.0,0.0
1992-10-20 00:00:00-04:00,1.303231120109558,1.3089468459812268,1.294657110181725,1.303231120109558,415883,0.0,0.0
1992-10-21 00:00:00-04:00,1.3432427644729616,1.3518167772110956,1.3375270367278511,1.3432427644729614,811164,0.0,0.0
1992-10-22 00:00:00-04:00,1.371822060155864,1.3746799230575562,1.368964197254172,1.3746799230575562,1378979,0.0,0.0
1992-10-23 00:00:00-04:00,1.3803959501363425,1.3946856845245046,1.3803959501363425,1.383253812789917,735198,0.0,0.0
1992-10-26 00:00:00-05:00,1.3546744576688672,1.360390605760514,1.3489587306976316,1.3489587306976318,312878,0.0,0.0
1992-10-27 00:00:00-05:00,1.3318104134413615,1.3346682759946615,1.3289525508880615,1.3289525508880615,167383,0.0,0.0
1992-10-28 00:00:00-05:00,1.3289527499444695,1.331810612925833,1.3260947465896606,1.3260947465896606,343779,0.0,0.0
1992-10-29 00:00:00-05:00,1.3146626949310303,1.3203784195069086,1.3118044115228562,1.3146626949310303,347642,0.0,0.0
1992-10-30 00:00:00-05:00,1.3346683350650062,1.3346683350650062,1.3032310033467909,1.3089467287063599,216311,0.0,0.0
1992-11-02 00:00:00-05:00,1.3146627560179884,1.3318103516626363,1.3118044724770017,1.3175206184387207,650219,0.0,0.0
1992-11-03 00:00:00-05:00,1.3289520133223276,1.3289520133223276,1.3175201466130837,1.3232358694076538,417170,0.0,0.0
1992-11-04 00:00:00-05:00,1.3318107081388217,1.4061176776885986,1.3260948413940143,1.4061176776885986,1658381,0.0,0.0
1992-11-05 00:00:00-05:00,1.394685600514195,1.394685600514195,1.354673981666565,1.354673981666565,2528773,0.0,0.0
1992-11-06 00:00:00-05:00,1.3603898264055896,1.366105550102339,1.3489579578919206,1.3518158197402954,713310,0.0,0.0
1992-11-09 00:00:00-05:00,1.3489584926812412,1.3489584926812412,1.3260947465896606,1.3260947465896606,603867,0.0,0.0
1992-11-10 00:00:00-05:00,1.3375264192948109,1.3375264192948109,1.3289525508880615,1.3289525508880615,493136,0.0,0.0
1992-11-11 00:00:00-05:00,1.3260940115516746,1.3432416010554888,1.3175201466130837,1.3232358694076538,1664818,0.0,0.0
1992-11-12 00:00:00-05:00,1.323236343280185,1.328952489241904,1.3175206184387207,1.3175206184387207,1117604,0.0,0.0
1992-11-13 00:00:00-05:00,1.3203787803649902,1.3260947872498703,1.3146630542270101,1.3203787803649902,485411,0.0,0.0
1992-11-16 00:00:00-05:00,1.2917990684509277,1.3032312229637357,1.280367194685029,1.2917990684509277,502149,0.0,0.0
1992-11-17 00:00:00-05:00,1.2917991454433098,1.317521038416448,1.2917991454433098,1.3118048906326294,684983,0.0,0.0
1992-11-18 00:00:00-05:00,1.3203791478413176,1.366106513779547,1.3146634201125866,1.3461010456085205,966959,0.0,0.0
1992-11-19 00:00:00-05:00,1.3603901863098145,1.3689640548700175,1.3546740399806336,1.3603901863098145,584553,0.0,0.0
1992-11-20 00:00:00-05:00,1.3546742788090944,1.3603904261460293,1.3375266790390015,1.3375266790390015,669533,0.0,0.0
1992-11-23 00:00:00-05:00,1.343242326111544,1.346100610171779,1.3318105936050415,1.3318105936050415,281976,0.0,0.0
1992-11-24 00:00:00-05:00,1.3489584738743363,1.4004018316764573,1.3489584738743363,1.3918278217315674,1332627,0.0,0.0
1992-11-25 00:00:00-05:00,1.3803962489051909,1.383254112177313,1.3718222379684448,1.3718222379684448,656657,0.0,0.0
1992-11-27 00:00:00-05:00,1.3775382041931152,1.3775382041931152,1.3718223368633533,1.3775382041931152,149357,0.0,0.0
1992-11-30 00:00:00-05:00,1.383253480170865,1.4032592158024286,1.3803956182044959,1.4004013538360596,1094428,0.0,0.0
1992-12-01 00:00:00-05:00,1.4118336460731136,1.4204072345424839,1.406117499306553,1.4175493717193604,1366104,0.0,0.0
1992-12-02 00:00:00-05:00,1.4118338251803177,1.4118338251803177,1.400401951317247,1.4061176776885986,422321,0.0,0.0
1992-12-03 00:00:00-05:00,1.4404128179917683,1.4404128179917683,1.4346970929731973,1.437554955482483,383694,0.0,0.0
1992-12-04 00:00:00-05:00,1.4461292632499931,1.451844989450813,1.4461292632499931,1.4489871263504028,292277,0.0,0.0
1992-12-07 00:00:00-05:00,1.4747088002221171,1.4947142601013184,1.4718505164219804,1.4947142601013184,835628,0.0,0.0
1992-12-08 00:00:00-05:00,1.5175782846202392,1.5232941508824156,1.509004415040253,1.5118622779846191,822752,0.0,0.0
1992-12-09 00:00:00-05:00,1.4804245023567668,1.4804245023567668,1.4604187620445557,1.4632766246795654,684983,0.0,0.0
1992-12-10 00:00:00-05:00,1.4518446891491783,1.4604186977973026,1.4346970929731973,1.437554955482483,588416,0.0,0.0
1992-12-11 00:00:00-05:00,1.4461291421962037,1.454703011526628,1.4404129953535212,1.443271279335022,840778,0.0,0.0
1992-12-14 00:00:00-05:00,1.448986711711907,1.4632764442451967,1.448986711711907,1.4604185819625854,1590140,0.0,0.0
1992-12-15 00:00:00-05:00,1.4718501586500212,1.4861401704428323,1.4718501586500212,1.480424165725708,713310,0.0,0.0
1992-12-16 00:00:00-05:00,1.468991756439209,1.480423621295962,1.4632757538241599,1.468991756439209,307727,0.0,0.0
1992-12-17 00:00:00-05:00,1.4861401148359021,1.4918559789657593,1.4804241103326536,1.4918559789657593,491849,0.0,0.0
1992-12-18 00:00:00-05:00,1.4832824446320836,1.4889984509558636,1.4747088562667219,1.4775667190551758,624468,0.0,0.0
1992-12-21 00:00:00-05:00,1.4832825063711719,1.4861406500254637,1.4718506336212158,1.4718506336212158,731336,0.0,0.0
1992-12-22 00:00:00-05:00,1.4775660610167343,1.4832817840481278,1.4661341938338264,1.4747081995010376,590991,0.0,0.0
1992-12-23 00:00:00-05:00,1.4632769238557366,1.468992931041287,1.4518450498580935,1.4518450498580933,176396,0.0,0.0
1992-12-24 00:00:00-05:00,1.4632769238557366,1.4632769238557366,1.4518450498580935,1.4518450498580933,106868,0.0,0.0
1992-12-28 00:00:00-05:00,1.4575611974171012,1.4632769238557366,1.4461293234194579,1.4518450498580933,324466,0.0,0.0
1992-12-29 00:00:00-05:00,1.4575610383372941,1.4747089176489496,1.4575610383372941,1.4718506336212158,656657,0.0,0.0
1992-12-30 00:00:00-05:00,1.4718496173733884,1.4718496173733884,1.468991756439209,1.468991756439209,63091,0.0,0.0
1992-12-31 00:00:00-05:00,1.480424165725708,1.480424165725708,1.4689922966648559,1.480424165725708,365668,0.0,0.0
1993-01-04 00:00:00-05:00,1.4861408292788778,1.4918566961565638,1.4804248220277327,1.4832826852798462,984985,0.0,0.0
1993-01-05 00:00:00-05:00,1.4918561268331276,1.5290097386666,1.4889981242982284,1.5232937335968018,1188420,0.0,0.0
1993-01-06 00:00:00-05:00,1.5232939694074188,1.5232939694074188,1.5090042352676392,1.5090042352676392,766100,0.0,0.0
1993-01-07 00:00:00-05:00,1.51186251878057,1.51186251878057,1.5032885074615479,1.5032885074615479,202147,0.0,0.0
1993-01-08 00:00:00-05:00,1.5020181260258891,1.5077950587950408,1.4731331784338315,1.478909969329834,245924,0.05398,0.0
1993-01-11 00:00:00-05:00,1.4846872032402783,1.5020182871532048,1.4846872032402783,1.4962412118911743,417170,0.0,0.0
1993-01-12 00:00:00-05:00,1.4702440271871804,1.4760209575440761,1.4558013466122155,1.4586901664733887,817602,0.0,0.0
1993-01-13 00:00:00-05:00,1.435582280863767,1.4384709596633913,1.4153630898708276,1.4384709596633911,731336,0.0,0.0
1993-01-14 00:00:00-05:00,1.4558022244375854,1.47024491372126,1.4558022244375854,1.461579442024231,65055383,0.0,0.0
1993-01-15 00:00:00-05:00,1.4789096145831164,1.4817982930845077,1.4644672151879672,1.470244288444519,397857,0.0,0.0
1993-01-18 00:00:00-05:00,1.4904644531630424,1.5366802050369621,1.4875756317221491,1.525126338005066,557515,0.0,0.0
1993-01-19 00:00:00-05:00,1.4789101288883697,1.4789101288883697,1.4500253200531006,1.4500253200531006,827903,0.0,0.0
1993-01-20 00:00:00-05:00,1.3864786101584503,1.40380969741691,1.3835902138430336,1.3922555446624756,1124042,0.0,0.0
1993-01-21 00:00:00-05:00,1.3864783048629759,1.3893667005423826,1.3720359008464609,1.386478304862976,2273835,0.0,0.0
1993-01-22 00:00:00-05:00,1.3893660564113197,1.4009200593918183,1.383589267730713,1.383589267730713,1757523,0.0,0.0
1993-01-25 00:00:00-05:00,1.3864778264374376,1.406697298582047,1.3864778264374376,1.3980318307876587,1187133,0.0,0.0
1993-01-26 00:00:00-05:00,1.4153631960075674,1.4211399865474919,1.398032115022091,1.4009205102920532,2421905,0.0,0.0
1993-01-27 00:00:00-05:00,1.3720356029999825,1.3749241399254957,1.3604817390441895,1.3604817390441895,669533,0.0,0.0
1993-01-28 00:00:00-05:00,1.3489278620929799,1.3575933336470734,1.322931447430699,1.3373738527297974,2276411,0.0,0.0
1993-01-29 00:00:00-05:00,1.3200427606108935,1.3258195512097544,1.288269277332022,1.29982328414917,1887567,0.0,0.0
1993-02-01 00:00:00-05:00,1.282491732325154,1.2969344128876965,1.27093772974821,1.288268804550171,1345503,0.0,0.0
1993-02-02 00:00:00-05:00,1.3171542124893907,1.334485007894604,1.29693473837362,1.3315966129302979,2633065,0.0,0.0
1993-02-03 00:00:00-05:00,1.3287082179659917,1.3315966129302979,1.325819397382309,1.3315966129302979,874255,0.0,0.0
1993-02-04 00:00:00-05:00,1.3402622893099825,1.3575930874014677,1.3315968193276662,1.3518162965774536,1498723,0.0,0.0
1993-02-05 00:00:00-05:00,1.351816535159764,1.363370544466404,1.3489278554916382,1.3489278554916382,284551,0.0,0.0
1993-02-08 00:00:00-05:00,1.351816258760761,1.351816258760761,1.3113773053924547,1.322931170463562,686271,0.0,0.0
1993-02-09 00:00:00-05:00,1.3055999984041269,1.3171542882919312,1.3055999984041269,1.3171542882919312,542064,0.0,0.0
1993-02-10 00:00:00-05:00,1.3084888504891157,1.3113773878751467,1.29404616355896,1.29404616355896,835628,0.0,0.0
1993-02-11 00:00:00-05:00,1.2882689950260042,1.3027113939777342,1.2824919219468234,1.2969346046447754,2209457,0.0,0.0
1993-02-12 00:00:00-05:00,1.2969352904750788,1.3056004790567417,1.2969352904750788,1.302712082862854,2586713,0.0,0.0
1993-02-16 00:00:00-05:00,1.3027117757170534,1.3027117757170534,1.279603902248262,1.29404616355896,1560526,0.0,0.0
1993-02-17 00:00:00-05:00,1.2911576726314522,1.3056000747480307,1.2911576726314522,1.29982328414917,490561,0.0,0.0
1993-02-18 00:00:00-05:00,1.328708294433468,1.328708294433468,1.3113772142845959,1.3171542882919312,401720,0.0,0.0
1993-02-19 00:00:00-05:00,1.3402620350469057,1.3431505717840717,1.3287081718444824,1.3287081718444824,524038,0.0,0.0
1993-02-22 00:00:00-05:00,1.3171542882919312,1.3200426834224652,1.3142656094151297,1.3171542882919312,894856,0.0,0.0
1993-02-23 00:00:00-05:00,1.2969346046447754,1.2969346046447754,1.2767149907407536,1.2969346046447754,588416,0.0,0.0
1993-02-24 00:00:00-05:00,1.2940463862107492,1.2940463862107492,1.2796041224151358,1.2824925184249878,561377,0.0,0.0
1993-02-25 00:00:00-05:00,1.2651612954776004,1.2767151594161987,1.2593840797620417,1.2767151594161987,475111,0.0,0.0
1993-02-26 00:00:00-05:00,1.3055998333423526,1.3113770484924316,1.2998230438116214,1.3113770484924316,467385,0.0,0.0
1993-03-01 00:00:00-05:00,1.334485084694536,1.334485084694536,1.3142656094151297,1.3171542882919312,390131,0.0,0.0
1993-03-02 00:00:00-05:00,1.3344847435948695,1.3633698225021362,1.3344847435948695,1.3633698225021362,675970,0.0,0.0
1993-03-03 00:00:00-05:00,1.3922547576759923,1.40958583513788,1.389366221120159,1.3980318307876587,607730,0.0,0.0
1993-03-04 00:00:00-05:00,1.3980323132000845,1.4038093883052192,1.3864783048629759,1.386478304862976,168671,0.0,0.0
1993-03-05 00:00:00-05:00,1.3980321839087848,1.4182516611605187,1.3951437884964997,1.4095861911773682,1378979,0.0,0.0
1993-03-08 00:00:00-05:00,1.4095860420835622,1.4298055171966553,1.4038091099968784,1.4298055171966553,1431770,0.0,0.0
1993-03-09 00:00:00-05:00,1.3922551093379192,1.4153632657482336,1.3922551093379192,1.4095861911773682,1642930,0.0,0.0
1993-03-10 00:00:00-05:00,1.4038089513778687,1.4066973461582792,1.3980318780708143,1.4038089513778687,1855378,0.0,0.0
1993-03-11 00:00:00-05:00,1.3980323132000845,1.3980323132000845,1.3864783048629759,1.386478304862976,3005171,0.0,0.0
1993-03-12 00:00:00-05:00,1.3691472945280068,1.3864783788956643,1.351816493906686,1.3807013034820557,1697007,0.0,0.0
1993-03-15 00:00:00-05:00,1.3864778264374376,1.4038089038993253,1.3864778264374376,1.3980318307876587,1118892,0.0,0.0
1993-03-16 00:00:00-05:00,1.3749240636825562,1.3893663218898737,1.3691468482787608,1.3749240636825562,1259236,0.0,0.0
1993-03-17 00:00:00-05:00,1.3633699167149385,1.3633699167149385,1.3575927019119263,1.3575927019119263,571678,0.0,0.0
1993-03-18 00:00:00-05:00,1.3604823339537406,1.3980326210396927,1.3604823339537406,1.3922555446624756,1632629,0.0,0.0
1993-03-19 00:00:00-05:00,1.398031665051515,1.398031665051515,1.383589267730713,1.383589267730713,612880,0.0,0.0
1993-03-22 00:00:00-05:00,1.3633698225021362,1.3691466112866335,1.3604814281098876,1.3633698225021362,887131,0.0,0.0
1993-03-23 00:00:00-05:00,1.3662582168943849,1.3691466112866335,1.3604814281098876,1.3633698225021362,1139493,0.0,0.0
1993-03-24 00:00:00-05:00,1.3691467775402235,1.3720354560294354,1.3633699880542587,1.3662583827972412,862667,0.0,0.0
1993-03-25 00:00:00-05:00,1.3373736828698861,1.3460392951965332,1.334485287300826,1.3460392951965332,3605175,0.0,0.0
1993-03-26 00:00:00-05:00,1.3315967359215186,1.3344851311526076,1.3200427293777466,1.3200427293777466,3287147,0.0,0.0
1993-03-29 00:00:00-05:00,1.3171541667689388,1.3315965667085279,1.3171541667689388,1.3287081718444824,3408178,0.0,0.0
1993-03-30 00:00:00-05:00,1.3229310481401908,1.3373734490802458,1.3229310481401908,1.3344850540161133,2768259,0.0,0.0
1993-03-31 00:00:00-05:00,1.3344850485877002,1.366258529148956,1.3344850485877002,1.3604817390441895,1380267,0.0,0.0
1993-04-01 00:00:00-05:00,1.3864781083228201,1.4038091893082967,1.3864781083228201,1.4009205102920532,665670,0.0,0.0
1993-04-02 00:00:00-05:00,1.4009209119950106,1.4009209119950106,1.3633706277331306,1.3691474199295044,231761,0.0,0.0
1993-04-05 00:00:00-04:00,1.3633704580828943,1.3864783333588804,1.3633704580828943,1.3778128623962402,348929,0.0,0.0
1993-04-06 00:00:00-04:00,1.3749239926455326,1.377812387388515,1.3633699880542587,1.3662583827972412,593566,0.0,0.0
1993-04-07 00:00:00-04:00,1.366258898694371,1.3807013034820557,1.366258898694371,1.3807013034820557,924470,0.0,0.0
1993-04-08 00:00:00-04:00,1.395143992016077,1.395143992016077,1.3778129076484198,1.3807013034820557,587129,0.0,0.0
1993-04-12 00:00:00-04:00,1.3980321610408557,1.4066976308822632,1.3951437656758165,1.4066976308822632,442922,0.0,0.0
1993-04-13 00:00:00-04:00,1.4124745634854865,1.418251637961855,1.4066976308822632,1.4066976308822632,226611,0.0,0.0
1993-04-14 00:00:00-04:00,1.4009210173551094,1.4095866319209354,1.3922555446624756,1.3922555446624756,1962245,0.0,0.0
1993-04-15 00:00:00-04:00,1.3864783048629759,1.3864783048629759,1.374924438399028,1.386478304862976,900006,0.0,0.0
1993-04-16 00:00:00-04:00,1.3460388397983314,1.3633699167149385,1.3460388397983314,1.3575927019119263,1588852,0.0,0.0
1993-04-19 00:00:00-04:00,1.3922552835957602,1.3922552835957602,1.3778128791072475,1.3893667459487915,378543,0.0,0.0
1993-04-20 00:00:00-04:00,1.3691472945280068,1.3835899830620282,1.3691472945280068,1.3807013034820557,686271,0.0,0.0
1993-04-21 00:00:00-04:00,1.3749245118147837,1.3835899830620282,1.3691472945280068,1.3807013034820557,1223184,0.0,0.0
1993-04-22 00:00:00-04:00,1.3835899091835693,1.3980323132000845,1.3835899091835693,1.386478304862976,1921043,0.0,0.0
1993-04-23 00:00:00-04:00,1.3980323878497132,1.3980323878497132,1.3749245118147837,1.3807013034820557,897431,0.0,0.0
1993-04-26 00:00:00-04:00,1.3922553124361046,1.3922553124361046,1.3807013034820557,1.3807013034820557,768675,0.0,0.0
1993-04-27 00:00:00-04:00,1.374924438399028,1.3864783048629759,1.374924438399028,1.386478304862976,817602,0.0,0.0
1993-04-28 00:00:00-04:00,1.3691474199295044,1.374924637745422,1.3691474199295044,1.3691474199295044,1004299,0.0,0.0
1993-04-29 00:00:00-04:00,1.3662584299558518,1.3749240401032508,1.3662584299558518,1.3720355033874512,157083,0.0,0.0
1993-04-30 00:00:00-04:00,1.3835902138430336,1.3951442247242762,1.3835902138430336,1.3922555446624756,359230,0.0,0.0
1993-05-03 00:00:00-04:00,1.3864783048629759,1.3922552380949498,1.3807012297578414,1.386478304862976,1095716,0.0,0.0
1993-05-04 00:00:00-04:00,1.3922553124361046,1.3922553124361046,1.3778129076484198,1.3807013034820557,1775549,0.0,0.0
1993-05-05 00:00:00-04:00,1.3980321839087848,1.4095861911773682,1.3864781766402015,1.4095861911773682,1570826,0.0,0.0
1993-05-06 00:00:00-04:00,1.438470555541528,1.4644669549571945,1.438470555541528,1.4586901664733887,4261832,0.0,0.0
1993-05-07 00:00:00-04:00,1.4644678770709112,1.530903256435678,1.4644678770709112,1.5135724544525146,7847693,0.0,0.0
1993-05-10 00:00:00-04:00,1.5020185708999636,1.5020185708999636,1.4933530982430856,1.5020185708999634,3272984,0.0,0.0
1993-05-11 00:00:00-04:00,1.4991293341685863,1.5337914956711536,1.4962409389376545,1.5280144214630127,2563537,0.0,0.0
1993-05-12 00:00:00-04:00,1.5135717114454226,1.5309025049209597,1.5106830330565018,1.5309025049209595,6883309,0.0,0.0
1993-05-13 00:00:00-04:00,1.5106833796988774,1.5135720587506365,1.4846869707107546,1.4846869707107544,2661392,0.0,0.0
1993-05-14 00:00:00-04:00,1.4846874837130164,1.5020185708999636,1.4846874837130164,1.5020185708999634,1635204,0.0,0.0
1993-05-17 00:00:00-04:00,1.5020174022550425,1.5020174022550425,1.4904635422841492,1.493351936340332,1709883,0.0,0.0
1993-05-18 00:00:00-04:00,1.5020185708999636,1.5049069672034618,1.496241494546584,1.5020185708999634,1672544,0.0,0.0
1993-05-19 00:00:00-04:00,1.5077948995387833,1.5222373008728025,1.4991292884906104,1.5222373008728027,2121903,0.0,0.0
1993-05-20 00:00:00-04:00,1.5077952920247089,1.5395687818527224,1.5077952920247089,1.5395687818527222,2687143,0.0,0.0
1993-05-21 00:00:00-04:00,1.530903256435678,1.530903256435678,1.5135724544525146,1.5135724544525146,3092725,0.0,0.0
1993-05-24 00:00:00-04:00,1.5077949029614819,1.513571977006711,1.5077949029614819,1.510683298110962,2200444,0.0,0.0
1993-05-25 00:00:00-04:00,1.4904644910364804,1.5453458573886363,1.4904644910364804,1.5395687818527222,2667830,0.0,0.0
1993-05-26 00:00:00-04:00,1.5424562466074296,1.5742297172546387,1.5424562466074296,1.5742297172546387,2403879,0.0,0.0
1993-05-27 00:00:00-04:00,1.5713413231035,1.5828951834542255,1.565564109181966,1.5742297172546387,2166968,0.0,0.0
1993-05-28 00:00:00-04:00,1.5771182036850704,1.5800065974855493,1.5684525966644285,1.5684525966644287,302577,0.0,0.0
1993-06-01 00:00:00-04:00,1.554010575489801,1.594449666402002,1.5482337854458312,1.5886728763580322,3497020,0.0,0.0
1993-06-02 00:00:00-04:00,1.6175579453988957,1.6406659626629196,1.6002271452606243,1.63777756690979,5700039,0.0,0.0
1993-06-03 00:00:00-04:00,1.6522199878215535,1.660885601531216,1.6493315917915108,1.6551088094711304,3660540,0.0,0.0
1993-06-04 00:00:00-04:00,1.6262235187450478,1.6406659227791014,1.6233351230621336,1.6233351230621338,4015907,0.0,0.0
1993-06-07 00:00:00-04:00,1.6406656236194734,1.6811045745382265,1.6406656236194734,1.6493310928344727,5000893,0.0,0.0
1993-06-08 00:00:00-04:00,1.6088934053594104,1.6117820865303685,1.5713431038553924,1.6002280712127686,4483293,0.0,0.0
1993-06-09 00:00:00-04:00,1.5886727766746533,1.5973379611968994,1.585783956214546,1.5973379611968994,2907316,0.0,0.0
1993-06-10 00:00:00-04:00,1.5828960968609989,1.5886733141162637,1.568453692152091,1.5713422298431396,2250659,0.0,0.0
1993-06-11 00:00:00-04:00,1.5655647794381808,1.568453458572204,1.5540107722678194,1.5597879886627197,2759246,0.0,0.0
1993-06-14 00:00:00-04:00,1.5713421954236098,1.5915616750717165,1.5626765825402802,1.5915616750717163,2658817,0.0,0.0
1993-06-15 00:00:00-04:00,1.582896062188387,1.5915616750717165,1.5800076664337748,1.5915616750717163,4270845,0.0,0.0
1993-06-16 00:00:00-04:00,1.6117811547198233,1.6175579462290475,1.5886732793171043,1.5915616750717163,3508608,0.0,0.0
1993-06-17 00:00:00-04:00,1.585785374724211,1.6002280712127688,1.585785374724211,1.6002280712127686,1650655,0.0,0.0
1993-06-18 00:00:00-04:00,1.5800073880511847,1.5828957832968884,1.5655647024569688,1.577118992805481,2076838,0.0,0.0
1993-06-21 00:00:00-04:00,1.5828958705001976,1.6002269522949037,1.577119079690541,1.5944498777389526,1283700,0.0,0.0
1993-06-22 00:00:00-04:00,1.5944502424868414,1.5944502424868414,1.5800078365394001,1.5828962326049805,1606878,0.0,0.0
1993-06-23 00:00:00-04:00,1.5655647794381808,1.568453458572204,1.5597879886627197,1.5597879886627197,580691,0.0,0.0
1993-06-24 00:00:00-04:00,1.548233343319738,1.5568989515304565,1.542456271179259,1.5568989515304565,1475547,0.0,0.0
1993-06-25 00:00:00-04:00,1.5638306496092,1.5696656348756632,1.5609131569759682,1.5667481422424316,1174257,0.05219,0.0
1993-06-28 00:00:00-04:00,1.5842547815466554,1.6105130910873413,1.5842547815466554,1.6105130910873413,1219322,0.0,0.0
1993-06-29 00:00:00-04:00,1.6046781022593337,1.6134305855013453,1.6046781022593337,1.6105130910873413,1748510,0.0,0.0
1993-06-30 00:00:00-04:00,1.6075953450292235,1.6105128389865389,1.5871721708159183,1.5930074453353882,1252798,0.0,0.0
1993-07-01 00:00:00-04:00,1.6046773567119743,1.6046773567119743,1.5959244476293166,1.601759433746338,1273399,0.0,0.0
1993-07-02 00:00:00-04:00,1.5959249228272425,1.5959249228272425,1.575501748824647,1.5813367366790771,178971,0.0,0.0
1993-07-06 00:00:00-04:00,1.5696661417418853,1.5696661417418853,1.5521607503827068,1.555078387260437,1151081,0.0,0.0
1993-07-07 00:00:00-04:00,1.5579957506548876,1.5579957506548876,1.5463253474215075,1.552160620689392,1153656,0.0,0.0
1993-07-08 00:00:00-04:00,1.5463253474215075,1.5550782573233342,1.543407854089954,1.552160620689392,1368679,0.0,0.0
1993-07-09 00:00:00-04:00,1.5404903607584006,1.552160620689392,1.5346549441881274,1.552160620689392,2038211,0.0,0.0
1993-07-12 00:00:00-04:00,1.552160772358558,1.552160772358558,1.5346550941467285,1.5346550941467285,262663,0.0,0.0
1993-07-13 00:00:00-04:00,1.5404899219225818,1.57258348584636,1.5404899219225818,1.5609130859375,1734347,0.0,0.0
1993-07-14 00:00:00-04:00,1.5638306496092,1.5667481422424316,1.5579953777380278,1.5667481422424316,1775549,0.0,0.0
1993-07-15 00:00:00-04:00,1.5521605688740443,1.5638309717178345,1.5521605688740443,1.5638309717178345,1621041,0.0,0.0
1993-07-16 00:00:00-04:00,1.5609136610158971,1.566748648166556,1.555078387260437,1.555078387260437,1376404,0.0,0.0
1993-07-19 00:00:00-04:00,1.563831156938817,1.5842543285087851,1.563831156938817,1.575501561164856,2327913,0.0,0.0
1993-07-20 00:00:00-04:00,1.575501748824647,1.5813367366790771,1.569666331062963,1.5813367366790771,862667,0.0,0.0
1993-07-21 00:00:00-04:00,1.5755020429201827,1.5784195373920002,1.5579963595770545,1.5696666240692139,1284987,0.0,0.0
1993-07-22 00:00:00-04:00,1.5609135305912185,1.5638310239227722,1.552160620689392,1.552160620689392,2666542,0.0,0.0
1993-07-23 00:00:00-04:00,1.5579963595770545,1.5696666240692136,1.552161227330975,1.5696666240692139,1180695,0.0,0.0
1993-07-26 00:00:00-04:00,1.593007445335388,1.593007445335388,1.5900896647732337,1.5930074453353882,632193,0.0,0.0
1993-07-27 00:00:00-04:00,1.6075952939320246,1.610512787796608,1.595924888566447,1.5988423824310303,1278550,0.0,0.0
1993-07-28 00:00:00-04:00,1.5988426835240004,1.6221834986506825,1.5988426835240004,1.6105130910873413,2446369,0.0,0.0
1993-07-29 00:00:00-04:00,1.616347643638641,1.6659466028213499,1.616347643638641,1.66594660282135,3558823,0.0,0.0
1993-07-30 00:00:00-04:00,1.65135897254068,1.6601118831809687,1.65135897254068,1.6542766094207764,1687994,0.0,0.0
1993-08-02 00:00:00-04:00,1.6834527357173859,1.7330517083859993,1.6834527357173859,1.7272167205810547,4550246,0.0,0.0
1993-08-03 00:00:00-04:00,1.7067929925342207,1.730133652687073,1.7067929925342207,1.7301336526870728,6355409,0.0,0.0
1993-08-04 00:00:00-04:00,1.721381531927633,1.721381531927633,1.7038761377334597,1.7038761377334595,3961830,0.0,0.0
1993-08-05 00:00:00-04:00,1.7038757685887336,1.73888683599678,1.698040351850071,1.7330514192581177,8660145,0.0,0.0
1993-08-06 00:00:00-04:00,1.756391806082283,1.7855678796768186,1.7534743133647162,1.7855678796768188,8291903,0.0,0.0
1993-08-09 00:00:00-04:00,1.800155772455583,1.8089086812086568,1.7884855140562246,1.7914032936096191,6033518,0.0,0.0
1993-08-10 00:00:00-04:00,1.762227376181748,1.7680627925109478,1.7359692207706026,1.7388867139816284,5190164,0.0,0.0
1993-08-11 00:00:00-04:00,1.7651452678411543,1.785568584742811,1.7534750057579434,1.7826509475708008,6445538,0.0,0.0
1993-08-12 00:00:00-04:00,1.8205796367158253,1.8234974171567848,1.7709806651750253,1.77681565284729,3741657,0.0,0.0
1993-08-13 00:00:00-04:00,1.776815973538709,1.8089095579479348,1.770980984813307,1.7943216562271118,5947251,0.0,0.0
1993-08-16 00:00:00-04:00,1.7826505136398068,1.8847663567790793,1.7738977475567805,1.870178461074829,10612090,0.0,0.0
1993-08-17 00:00:00-04:00,1.8730963817969104,1.8964370489120481,1.8585084827627512,1.8964370489120483,6495753,0.0,0.0
1993-08-18 00:00:00-04:00,1.9314475805782956,1.9722940590263243,1.9256125945608773,1.9635411500930786,4885012,0.0,0.0
1993-08-19 00:00:00-04:00,1.9547887256683638,1.983964516384634,1.9431183234004297,1.9781293869018555,6453263,0.0,0.0
1993-08-20 00:00:00-04:00,2.007305383682251,2.0248110605324228,2.0014703969028464,2.007305383682251,4718917,0.0,0.0
1993-08-23 00:00:00-04:00,2.0014705671182993,2.007305554393941,1.9606240798623626,1.9752119779586792,15359333,0.0,0.0
1993-08-24 00:00:00-04:00,1.9839646189641411,2.0014702949223495,1.9839646189641411,1.9927173852920532,1866966,0.0,0.0
1993-08-25 00:00:00-04:00,1.9927170008353148,2.018975294753014,1.9927170008353148,2.0102226734161377,5136087,0.0,0.0
1993-08-26 00:00:00-04:00,2.0364811555596103,2.0948328774469847,2.033563662611782,2.0773274898529053,4291446,0.0,0.0
1993-08-27 00:00:00-04:00,2.0889978260857514,2.0948328117985495,2.039398584596216,2.0481514930725098,3158391,0.0,0.0
1993-08-30 00:00:00-04:00,2.0481516012328855,2.053986873858568,2.030646213262956,2.045233964920044,1427907,0.0,0.0
1993-08-31 00:00:00-04:00,2.013141632080078,2.0160592701852553,2.0043888610670075,2.013141632080078,2107740,0.0,0.0
1993-09-01 00:00:00-04:00,1.969376889941409,1.969376889941409,1.9372833151478637,1.9606239795684814,10483334,0.0,0.0
1993-09-02 00:00:00-04:00,1.9372835588165727,1.9372835588165727,1.849755733799742,1.8614259958267212,16041741,0.0,0.0
1993-09-03 00:00:00-04:00,1.867261089608047,1.8701785829576072,1.8526729063482992,1.8643431663513184,2326625,0.0,0.0
1993-09-07 00:00:00-04:00,1.7972387551956124,1.8030741725445354,1.7505574226379397,1.7505574226379395,12341287,0.0,0.0
1993-09-08 00:00:00-04:00,1.7622280145681553,1.7738984215471394,1.738887343912622,1.741804838180542,5495317,0.0,0.0
1993-09-09 00:00:00-04:00,1.7388873461674252,1.820579908521374,1.7388873461674252,1.8059920072555542,5921500,0.0,0.0
1993-09-10 00:00:00-04:00,1.8205796033714687,1.8234973837589883,1.7972387932954208,1.814744472503662,1584989,0.0,0.0
1993-09-13 00:00:00-04:00,1.7826508580394453,1.7826508580394453,1.7563924114149798,1.7709805965423584,2009885,0.0,0.0
1993-09-14 00:00:00-04:00,1.7593100388647742,1.7738979361196978,1.7563922587904357,1.768062949180603,2107740,0.0,0.0
1993-09-15 00:00:00-04:00,1.7622275323343215,1.7680629491806028,1.7534747653208882,1.768062949180603,1855378,0.0,0.0
1993-09-16 00:00:00-04:00,1.7709799861819093,1.7943206444342361,1.7709799861819093,1.7855678796768188,2679418,0.0,0.0
1993-09-17 00:00:00-04:00,1.78556888653413,1.8030745692225327,1.78556888653413,1.7943216562271118,2580275,0.0,0.0
1993-09-20 00:00:00-04:00,1.7943218424104779,1.8264154301498154,1.7943218424104779,1.800156831741333,3009034,0.0,0.0
1993-09-21 00:00:00-04:00,1.79140298689086,1.79140298689086,1.7447212447742872,1.7563916444778442,3685004,0.0,0.0
1993-09-22 00:00:00-04:00,1.7593098712022606,1.7797330400547389,1.7593098712022606,1.7738977670669556,2512034,0.0,0.0
1993-09-23 00:00:00-04:00,1.756392652054918,1.7680633450582077,1.7505576638093423,1.7651454210281372,3670841,0.0,0.0
1993-09-24 00:00:00-04:00,1.7651447106527678,1.7943207865582738,1.7651447106527678,1.7914032936096191,2127053,0.0,0.0
1993-09-27 00:00:00-04:00,1.7709802738754454,1.7768152602584653,1.7651448575852804,1.7738977670669556,3674703,0.0,0.0
1993-09-28 00:00:00-04:00,1.7709805951959263,1.7709805951959263,1.7388870178473175,1.7505574226379395,2757959,0.0,0.0
1993-09-29 00:00:00-04:00,1.7593100388647742,1.7768154295892453,1.7593100388647742,1.768062949180603,2477270,0.0,0.0
1993-09-30 00:00:00-04:00,1.785568584742811,1.7914038590868315,1.7797334537012057,1.7826509475708008,1197433,0.0,0.0
1993-10-01 00:00:00-04:00,1.7855686587594732,1.8264150076511485,1.7855686587594732,1.817662239074707,2969119,0.0,0.0
1993-10-04 00:00:00-04:00,1.8526730537414553,1.87309622532513,1.8497555601597881,1.852673053741455,2672980,0.0,0.0
1993-10-05 00:00:00-04:00,1.8730962621593008,1.87601375579834,1.8614258576959326,1.8760137557983398,2994870,0.0,0.0
1993-10-06 00:00:00-04:00,1.8876839609471046,1.9314477939358452,1.8818489742851239,1.9256128072738647,2732208,0.0,0.0
1993-10-07 00:00:00-04:00,1.925613133585193,1.925613133585193,1.89060206126128,1.8964370489120483,1774261,0.0,0.0
1993-10-08 00:00:00-04:00,1.8964369950630942,1.9081073999404907,1.8964369950630942,1.9081073999404907,883268,0.0,0.0
1993-10-11 00:00:00-04:00,1.9081074511331244,1.9226956367492676,1.8906020583009906,1.9226956367492676,3167404,0.0,0.0
1993-10-12 00:00:00-04:00,1.9372825855948983,1.9547882564459715,1.9372825855948983,1.9431178569793701,1536062,0.0,0.0
1993-10-13 00:00:00-04:00,1.9372829965028322,1.9722940590263243,1.9372829965028322,1.9635411500930786,5058833,0.0,0.0
1993-10-14 00:00:00-04:00,1.983965127720066,2.0043883021565168,1.9722947218560343,1.9956353902816772,3701742,0.0,0.0
1993-10-15 00:00:00-04:00,2.007305383682251,2.007305383682251,1.9956349802162674,2.007305383682251,2235209,0.0,0.0
1993-10-18 00:00:00-04:00,2.0073060283915525,2.03064712942503,2.001471039738058,2.0218942165374756,2217183,0.0,0.0
1993-10-19 00:00:00-04:00,2.0189761675824944,2.0189761675824944,1.9606242825597624,1.9722946882247925,1372542,0.0,0.0
1993-10-20 00:00:00-04:00,1.9343648318415865,1.9372823238372805,1.9139415280577903,1.9372823238372803,2420618,0.0,0.0
1993-10-21 00:00:00-04:00,1.9402011084715642,1.975212182164236,1.9402011084715642,1.9722946882247925,2278986,0.0,0.0
1993-10-22 00:00:00-04:00,1.9781296570119402,1.9781296570119402,1.9547889925913224,1.9606239795684814,686271,0.0,0.0
1993-10-25 00:00:00-04:00,1.9547878408061303,1.969375729560852,1.9460349355905227,1.969375729560852,773825,0.0,0.0
1993-10-26 00:00:00-04:00,1.9693771257577857,1.9722946195957105,1.9577067204988456,1.9664596319198608,1245073,0.0,0.0
1993-10-27 00:00:00-04:00,1.9489543437957764,1.9489543437957764,1.937283936193026,1.9489543437957764,1716321,0.0,0.0
1993-10-28 00:00:00-04:00,1.9372832105049917,1.9372832105049917,1.9081071307759798,1.9256128072738647,4684152,0.0,0.0
1993-10-29 00:00:00-04:00,1.9372841877651588,2.0189767649879715,1.9372841877651588,2.013141632080078,6476439,0.0,0.0
1993-11-01 00:00:00-05:00,1.9985528426494854,2.0423166751861572,1.992717426140617,2.0423166751861572,6912923,0.0,0.0
1993-11-02 00:00:00-05:00,2.018975802221709,2.021893582237978,1.992717501703997,1.998552918434143,1386705,0.0,0.0
1993-11-03 00:00:00-05:00,1.983964906346526,1.995635167605953,1.9664595144573853,1.9868826866149902,3458393,0.0,0.0
1993-11-04 00:00:00-05:00,1.9868826866149902,2.0014705848404764,1.975211995448348,1.9868826866149902,7210350,0.0,0.0
1993-11-05 00:00:00-05:00,1.963540564461526,1.966458486507075,1.9139416217803955,1.9139416217803955,7295329,0.0,0.0
1993-11-08 00:00:00-05:00,1.9168603625028104,1.9256131305700837,1.8906020583009906,1.9226956367492676,2509459,0.0,0.0
1993-11-09 00:00:00-05:00,1.9110251802878508,1.9168603110753448,1.9051899061979483,1.9081073999404907,2325338,0.0,0.0
1993-11-10 00:00:00-05:00,1.8964370489120481,1.8993549726446712,1.8789316560525047,1.8964370489120483,2747658,0.0,0.0
1993-11-11 00:00:00-05:00,1.902272398742188,1.9197777909784755,1.902272398742188,1.9110251665115356,2468257,0.0,0.0
1993-11-12 00:00:00-05:00,1.9110253299904503,1.9197779552061345,1.8964371436229095,1.9168604612350464,522750,0.0,0.0
1993-11-15 00:00:00-05:00,1.9110244780382857,1.9139419707087288,1.8906013128334023,1.8935188055038452,968247,0.0,0.0
1993-11-16 00:00:00-05:00,1.8964362981742886,1.9022717134222435,1.8876835335582465,1.8935188055038452,1474259,0.0,0.0
1993-11-17 00:00:00-05:00,1.8876836449286636,1.8876836449286636,1.870178257966145,1.8730957508087158,639919,0.0,0.0
1993-11-18 00:00:00-05:00,1.8847659655869224,1.8847659655869224,1.8147437081537858,1.8264141082763672,2154092,0.0,0.0
1993-11-19 00:00:00-05:00,1.8380846055221818,1.8380846055221818,1.8059910393148675,1.820578932762146,1489710,0.0,0.0
1993-11-22 00:00:00-05:00,1.8380847072033626,1.8380847072033626,1.7914032449663932,1.7972382307052612,1420181,0.0,0.0
1993-11-23 00:00:00-05:00,1.8380855365344804,1.8555912181613532,1.8147447232336038,1.8322501182556152,3069549,0.0,0.0
1993-11-24 00:00:00-05:00,1.8380850700290154,1.8380850700290154,1.7855683250819934,1.8030740022659302,1493573,0.0,0.0
1993-11-26 00:00:00-05:00,1.797238230705261,1.805991139220661,1.7855679726227933,1.7972382307052612,616742,0.0,0.0
1993-11-29 00:00:00-05:00,1.8497549085215295,1.8497549085215295,1.826414108276367,1.8264141082763672,1538637,0.0,0.0
1993-11-30 00:00:00-05:00,1.8497547144406399,1.893518531180572,1.8410018077903179,1.8906010389328003,1653230,0.0,0.0
1993-12-01 00:00:00-05:00,1.948953165730775,1.948953165730775,1.9256123646338645,1.9343652725219727,1194858,0.0,0.0
1993-12-02 00:00:00-05:00,1.9226954177977773,1.9606239795684814,1.9226954177977773,1.9606239795684814,1445933,0.0,0.0
1993-12-03 00:00:00-05:00,1.964770710260469,1.9794112468483251,1.9589143805697333,1.9764832258224487,1340353,0.02346,0.0
1993-12-06 00:00:00-05:00,1.9911249548521883,1.9911249548521883,1.9794124322758306,1.9823404550552368,1090565,0.0,0.0
1993-12-07 00:00:00-05:00,1.9677000411459176,1.9764845415296917,1.9647720181709132,1.9735565185546875,566528,0.0,0.0
1993-12-08 00:00:00-05:00,1.9940531465491302,2.0204060690926777,1.9940531465491302,2.0116217136383057,172299039,0.0,0.0
1993-12-09 00:00:00-05:00,2.0174782662906474,2.0174782662906474,1.9852688635690416,1.9940533638000488,37599400,0.0,0.0
1993-12-10 00:00:00-05:00,2.01454974434899,2.01454974434899,2.0028372224228455,2.005765676498413,529188,0.0,0.0
1993-12-13 00:00:00-05:00,2.005765523380815,2.005765523380815,1.9881966699229967,1.9969810247421265,486699,0.0,0.0
1993-12-14 00:00:00-05:00,2.0057659453959,2.014550014424089,1.9823406107640178,1.9881970882415771,2313750,0.0,0.0
1993-12-15 00:00:00-05:00,1.9823406136565143,1.9823406136565143,1.953059520602292,1.9589157104492188,1680269,0.0,0.0
1993-12-16 00:00:00-05:00,1.9735565185546875,1.9735565185546875,1.9472031612229521,1.9735565185546875,1471684,0.0,0.0
1993-12-17 00:00:00-05:00,1.9852689214125918,1.9881970882415771,1.976484564745225,1.9881970882415771,1117604,0.0,0.0
1993-12-20 00:00:00-05:00,1.9881968148542586,2.049687446890137,1.9881968148542586,2.040903091430664,3652815,0.0,0.0
1993-12-21 00:00:00-05:00,2.037975337233824,2.043831383218646,2.008693956753008,2.023334503173828,1496148,0.0,0.0
1993-12-22 00:00:00-05:00,2.017478749707505,2.0438318252563477,2.0145504384425856,2.0438318252563477,1367391,0.0,0.0
1993-12-23 00:00:00-05:00,2.0731124286297944,2.0731124286297944,2.0438310528816217,2.049687385559082,2321475,0.0,0.0
1993-12-27 00:00:00-05:00,2.1082506230045666,2.1082506230045666,2.084825571338413,2.1053225994110107,3128777,0.0,0.0
1993-12-28 00:00:00-05:00,2.1023929472205283,2.111177444458008,2.0906805718762933,2.111177444458008,1503873,0.0,0.0
1993-12-29 00:00:00-05:00,2.128746511869333,2.1346025563181965,2.0848245964878047,2.093609094619751,2226196,0.0,0.0
1993-12-30 00:00:00-05:00,2.081896835163365,2.081896835163365,2.070184025700056,2.0789685249328613,721035,0.0,0.0
1993-12-31 00:00:00-05:00,2.0848246492147045,2.0906808376312256,2.078968316978629,2.0906808376312256,666957,0.0,0.0
1994-01-03 00:00:00-05:00,2.076040744781494,2.0848251012205683,2.073112721848193,2.076040744781494,735198,0.0,0.0
1994-01-04 00:00:00-05:00,2.0848246497278864,2.1375310645873227,2.0848246497278864,2.1228902339935303,5145100,0.0,0.0
1994-01-05 00:00:00-05:00,2.1082499027252197,2.1199624245567374,2.0965373808937025,2.1082499027252197,3206031,0.0,0.0
1994-01-06 00:00:00-05:00,2.1316745885302515,2.1316745885302515,2.108249691038846,2.1228902339935303,1734347,0.0,0.0
1994-01-07 00:00:00-05:00,2.1433878210660287,2.1609566797941446,2.1433878210660287,2.1551003456115723,2962681,0.0,0.0
1994-01-10 00:00:00-05:00,2.1550998076413834,2.163884162902832,2.146315308560369,2.163884162902832,1245073,0.0,0.0
1994-01-11 00:00:00-05:00,2.1785251645268615,2.1843814984772907,2.1375316897914347,2.1492440700531006,3753245,0.0,0.0
1994-01-12 00:00:00-05:00,2.119963148837644,2.119963148837644,2.0936100735779335,2.1053225994110107,4373850,0.0,0.0
1994-01-13 00:00:00-05:00,2.0848246492147045,2.0965371698673008,2.0731122723816613,2.0906808376312256,1745935,0.0,0.0
1994-01-14 00:00:00-05:00,2.099466120765046,2.1053225994110107,2.0936100735779335,2.1053225994110107,2833925,0.0,0.0
1994-01-17 00:00:00-05:00,2.102393870227152,2.11117837132126,2.099465847015381,2.099465847015381,3574274,0.0,0.0
1994-01-18 00:00:00-05:00,2.102394144358602,2.1053225994110107,2.099466120765046,2.1053225994110107,1478122,0.0,0.0
1994-01-19 00:00:00-05:00,2.10824963720056,2.10824963720056,2.087752762531787,2.093609094619751,3163541,0.0,0.0
1994-01-20 00:00:00-05:00,2.084824652938012,2.0877528190612793,2.0701838223216766,2.0877528190612793,1666106,0.0,0.0
1994-01-21 00:00:00-05:00,2.0936093290559734,2.1082498732761876,2.0936093290559734,2.0965373516082764,2118040,0.0,0.0
1994-01-24 00:00:00-05:00,2.0965371168441824,2.0965371168441824,2.0906807847562185,2.093609094619751,812452,0.0,0.0
1994-01-25 00:00:00-05:00,2.084824652938012,2.090680841364992,2.081896630634299,2.0877528190612793,1263099,0.0,0.0
1994-01-26 00:00:00-05:00,2.073112685144653,2.073112685144653,2.0614001621600577,2.0701842308044434,503437,0.0,0.0
1994-01-27 00:00:00-05:00,2.043830664968044,2.06139951584634,2.0379746210411747,2.0555431842803955,1263099,0.0,0.0
1994-01-28 00:00:00-05:00,2.052615018497423,2.0672555597732094,2.052615018497423,2.0555431842803955,2939505,0.0,0.0
1994-01-31 00:00:00-05:00,2.076040271640378,2.078968293906367,2.061399728851778,2.0731122493743896,4254107,0.0,0.0
1994-02-01 00:00:00-05:00,2.073112008859941,2.119961941695488,2.073112008859941,2.111177444458008,3346375,0.0,0.0
1994-02-02 00:00:00-05:00,2.1346026076497164,2.1580276489257812,2.1316745853548733,2.1580276489257812,1193570,0.0,0.0
1994-02-03 00:00:00-05:00,2.143387286019596,2.163884162902832,2.137531240938052,2.163884162902832,2938218,0.0,0.0
1994-02-04 00:00:00-05:00,2.1609566308050225,2.1609566308050225,2.102393865585327,2.102393865585327,1148506,0.0,0.0
1994-02-07 00:00:00-05:00,2.108250111422995,2.125818967819214,2.099465611315094,2.125818967819214,1640355,0.0,0.0
1994-02-08 00:00:00-05:00,2.1316752747405774,2.143387799166451,2.1316752747405774,2.1404597759246826,1998297,0.0,0.0
1994-02-09 00:00:00-05:00,2.125818540765188,2.1638839811545747,2.125818540765188,2.1580276489257812,2003447,0.0,0.0
1994-02-10 00:00:00-05:00,2.178524736600244,2.193165568600424,2.1755967140197754,2.1755967140197754,1192283,0.0,0.0
1994-02-11 00:00:00-05:00,2.158027351323389,2.16681170463562,2.152171163721746,2.16681170463562,856229,0.0,0.0
1994-02-14 00:00:00-05:00,2.160956402176419,2.178524971008301,2.1551000687462087,2.178524971008301,824040,0.0,0.0
1994-02-15 00:00:00-05:00,2.1668122148196667,2.178524736600244,2.1609561696587303,2.1755967140197754,816315,0.0,0.0
1994-02-16 00:00:00-05:00,2.178524199953582,2.193165028347215,2.172668156235194,2.184380531311035,1542500,0.0,0.0
1994-02-17 00:00:00-05:00,2.1960940269193223,2.2195190751283613,2.1960940269193223,2.2019500732421875,1143356,0.0,0.0
1994-02-18 00:00:00-05:00,2.199021556058759,2.199021556058759,2.178524679435482,2.181452989578247,1687994,0.0,0.0
1994-02-22 00:00:00-05:00,2.1287469907022647,2.131675013585316,2.119962634413947,2.125818967819214,1312026,0.0,0.0
1994-02-23 00:00:00-05:00,2.114106670191679,2.11703498142447,2.0965380971714898,2.1053225994110107,763525,0.0,0.0
1994-02-24 00:00:00-05:00,2.0731122186062265,2.0789682630512916,2.0438308458245014,2.0613996982574463,2139929,0.0,0.0
1994-02-25 00:00:00-05:00,2.037975296091897,2.076040744781494,2.037975296091897,2.076040744781494,4024920,0.0,0.0
1994-02-28 00:00:00-05:00,2.0965375563070188,2.1258189352455137,2.0906812229914875,2.117034435272217,1982846,0.0,0.0
1994-03-01 00:00:00-05:00,2.1580278986361905,2.172668730902298,2.1170342873889414,2.119962453842163,2118040,0.0,0.0
1994-03-02 00:00:00-05:00,2.1053223202494284,2.1053223202494284,2.0731129144342746,2.102393865585327,2772122,0.0,0.0
1994-03-03 00:00:00-05:00,2.0789684971966262,2.0965373516082764,2.0789684971966262,2.0965373516082764,1976408,0.0,0.0
1994-03-04 00:00:00-05:00,2.0994651926825707,2.128746566231047,2.096537170383366,2.1228902339935303,1856665,0.0,0.0
1994-03-07 00:00:00-05:00,2.1492436187402726,2.166812185443604,2.1492436187402726,2.163884162902832,585841,0.0,0.0
1994-03-08 00:00:00-05:00,2.1638836844093814,2.1638836844093814,2.1228899397077403,2.128746271133423,1160094,0.0,0.0
1994-03-09 00:00:00-05:00,2.119962867734754,2.1258192017845627,2.0965378191747153,2.102393865585327,739061,0.0,0.0
1994-03-10 00:00:00-05:00,2.0965375916668467,2.105322091788301,2.0614001664593595,2.067256212234497,1997009,0.0,0.0
1994-03-11 00:00:00-05:00,2.037975513671436,2.049687894294255,2.026262701589815,2.032119035720825,1976408,0.0,0.0
1994-03-14 00:00:00-05:00,2.0438305976761475,2.0438305976761475,2.0204055598227,2.035046100616455,2026623,0.0,0.0
1994-03-15 00:00:00-05:00,2.026261781185125,2.0291900907400815,2.008693218231201,2.008693218231201,1563101,0.0,0.0
1994-03-16 00:00:00-05:00,1.9735565185546875,1.9823405874797002,1.944275138247948,1.9735565185546875,2472120,0.0,0.0
1994-03-17 00:00:00-05:00,2.002836742940823,2.014549262062974,2.002836742940823,2.008693218231201,1415031,0.0,0.0
1994-03-18 00:00:00-05:00,1.9559875067563937,1.9764843850566756,1.9442749843248646,1.9676998853683472,1937782,0.0,0.0
1994-03-21 00:00:00-05:00,1.9442745062439,1.9472025282671241,1.9325619866923822,1.9384180307388306,605154,0.0,0.0
1994-03-22 00:00:00-05:00,1.891568596973715,1.9384183963778663,1.8857124080030878,1.9325623512268066,2743796,0.0,0.0
1994-03-23 00:00:00-05:00,1.9384178282565616,1.9618431525517273,1.9208492664937635,1.9472023248672485,1697007,0.0,0.0
1994-03-24 00:00:00-05:00,1.955987820626594,1.955987820626594,1.9149939136283118,1.9237784147262573,2503022,0.0,0.0
1994-03-25 00:00:00-05:00,1.888641387298064,1.903281794116301,1.874000836660198,1.8857132196426392,1906880,0.0,0.0
1994-03-28 00:00:00-05:00,1.8915688434953246,1.8915688434953246,1.8622877510065188,1.8681437969207764,1384130,0.0,0.0
1994-03-29 00:00:00-05:00,1.8739996115749469,1.885711986900685,1.8271493911743164,1.8271493911743164,2909891,0.0,0.0
1994-03-30 00:00:00-05:00,1.8330061800711783,1.8388622253758489,1.803724802991254,1.8095812797546387,3460968,0.0,0.0
1994-03-31 00:00:00-05:00,1.812509775161743,1.8212941330491055,1.7803003670283417,1.8125097751617432,1662243,0.0,0.0
1994-04-04 00:00:00-04:00,1.8037243831765475,1.8037243831765475,1.7627306373893847,1.7861558198928833,1516749,0.0,0.0
1994-04-05 00:00:00-04:00,1.8330054738692427,1.879855400272024,1.8330054738692427,1.8739993572235107,3057961,0.0,0.0
1994-04-06 00:00:00-04:00,1.9091380784907925,1.9179224367413237,1.9032815999577473,1.912066102027893,4248956,0.0,0.0
1994-04-07 00:00:00-04:00,1.9267064379393068,1.9296347487915542,1.906209843989163,1.9237784147262573,1516749,0.0,0.0
1994-04-08 00:00:00-04:00,1.9237783031875308,1.9237783031875308,1.891568899154663,1.891568899154663,1045501,0.0,0.0
1994-04-11 00:00:00-04:00,1.89156839540686,1.89156839540686,1.8681433543814057,1.8769278526306152,1541212,0.0,0.0
1994-04-12 00:00:00-04:00,1.8827847136000857,1.891569215658568,1.8564317827030976,1.8622881174087524,1851515,0.0,0.0
1994-04-13 00:00:00-04:00,1.8535029276905601,1.8535029276905601,1.8095811527914405,1.8154371976852417,1725334,0.0,0.0
1994-04-14 00:00:00-04:00,1.7978686315451549,1.8183655077712646,1.794940321459132,1.8154371976852417,1366104,0.0,0.0
1994-04-15 00:00:00-04:00,1.809581845415776,1.821294227325459,1.7949410084796313,1.8007973432540894,1278550,0.0,0.0
1994-04-18 00:00:00-04:00,1.815437485223984,1.821293818684465,1.7217375880521284,1.7568751573562622,3207318,0.0,0.0
1994-04-19 00:00:00-04:00,1.748090630530083,1.7510186533961254,1.712953205580918,1.7158812284469604,2078126,0.0,0.0
1994-04-20 00:00:00-04:00,1.7568749475389873,1.7627309926609338,1.7451624258363938,1.7539467811584473,3099163,0.0,0.0
1994-04-21 00:00:00-04:00,1.7949404473951052,1.812509302406974,1.7861562356185279,1.8095812797546387,1709883,0.0,0.0
1994-04-22 00:00:00-04:00,1.8330057226567211,1.8388617665000548,1.8212932035114473,1.8271493911743164,2427055,0.0,0.0
1994-04-25 00:00:00-04:00,1.8271493354290569,1.8388617103974574,1.8242213135967222,1.833005666732788,2541648,0.0,0.0
1994-04-26 00:00:00-04:00,1.8622868396679364,1.8739993572235107,1.8476460129490737,1.8739993572235107,3168691,0.0,0.0
1994-04-28 00:00:00-04:00,1.9003535813649455,1.9091380834579466,1.894497246636278,1.9091380834579468,3233069,0.0,0.0
1994-04-29 00:00:00-04:00,1.9208489656448364,1.9325614821384456,1.9149926354882805,1.9208489656448364,3090150,0.0,0.0
1994-05-02 00:00:00-04:00,1.9237779958610823,1.9354903738023366,1.9179218068904553,1.9325623512268066,719747,0.0,0.0
1994-05-03 00:00:00-04:00,1.9325626199640675,1.9325626199640675,1.8974251936150488,1.9149937629699707,4608186,0.0,0.0
1994-05-04 00:00:00-04:00,1.9325629909137712,1.9354910144584896,1.9091380834579466,1.9091380834579468,2123191,0.0,0.0
1994-05-05 00:00:00-04:00,1.9179222244805592,1.9267064379393068,1.9149939136283118,1.9237784147262573,1650655,0.0,0.0
1994-05-06 00:00:00-04:00,1.9179216025153842,1.9179216025153842,1.8769278526306152,1.8769278526306152,1102154,0.0,0.0
1994-05-09 00:00:00-04:00,1.874000178973787,1.8944967700898996,1.8710717247068536,1.8827842473983765,1445933,0.0,0.0
1994-05-10 00:00:00-04:00,1.8710718198779053,1.8769282972509218,1.8564314174530885,1.8681437969207764,2701306,0.0,0.0
1994-05-11 00:00:00-04:00,1.8505743460569015,1.8535026557132332,1.835933804512024,1.835933804512024,857517,0.0,0.0
1994-05-12 00:00:00-04:00,1.8593590296956106,1.86814338426579,1.856431007385254,1.856431007385254,1332627,0.0,0.0
1994-05-13 00:00:00-04:00,1.8622877274529286,1.8652157503730247,1.8505749166746215,1.8535032272338867,585841,0.0,0.0
1994-05-16 00:00:00-04:00,1.8535032506763733,1.8681437969207764,1.8535032506763733,1.8681437969207764,377256,0.0,0.0
1994-05-17 00:00:00-04:00,1.8622879013265312,1.8622879013265312,1.8505750894546507,1.8505750894546509,1659668,0.0,0.0
1994-05-18 00:00:00-04:00,1.8564314720785096,1.8974252328804155,1.8476469714898807,1.891568899154663,1716321,0.0,0.0
1994-05-19 00:00:00-04:00,1.8681433543814057,1.8827838971576505,1.8681433543814057,1.8769278526306152,1471684,0.0,0.0
1994-05-20 00:00:00-04:00,1.8769282398868206,1.8769282398868206,1.8564313607154284,1.8593593835830688,449359,0.0,0.0
1994-05-23 00:00:00-04:00,1.85643156730039,1.8593595904938627,1.8417910198742324,1.8505750894546509,945071,0.0,0.0
1994-05-24 00:00:00-04:00,1.8652152101722095,1.8915682717382478,1.8652152101722095,1.879855751991272,1192283,0.0,0.0
1994-05-25 00:00:00-04:00,1.8740000311080107,1.8974249308231637,1.859359199124351,1.8710715770721436,2129628,0.0,0.0
1994-05-26 00:00:00-04:00,1.868143204332722,1.868143204332722,1.8622871602760425,1.8652151823043823,146782,0.0,0.0
1994-05-27 00:00:00-04:00,1.8154377869935385,1.8447191715240479,1.8154377869935385,1.8447191715240479,919320,0.0,0.0
1994-05-31 00:00:00-04:00,1.862287656282264,1.8827842473983765,1.862287656282264,1.8827842473983765,1269537,0.0,0.0
1994-06-01 00:00:00-04:00,1.8740000311080107,1.8769280536851751,1.859359199124351,1.8710715770721436,684983,0.0,0.0
1994-06-02 00:00:00-04:00,1.850574883521402,1.8593593835830688,1.841790814918481,1.8593593835830688,1337777,0.0,0.0
1994-06-03 00:00:00-04:00,1.8154374973719136,1.8388623999118325,1.7978689283316633,1.821293830871582,1394430,0.0,0.0
1994-06-06 00:00:00-04:00,1.8242219586147292,1.8681437398251537,1.8242219586147292,1.8593593835830688,1729196,0.0,0.0
1994-06-07 00:00:00-04:00,1.8476463240396501,1.8505743460569015,1.8242214288039378,1.835933804512024,2250659,0.0,0.0
1994-06-08 00:00:00-04:00,1.841790219880328,1.841790219880328,1.8212932035114473,1.8271493911743164,2040787,0.0,0.0
1994-06-09 00:00:00-04:00,1.8154371976852415,1.821293530218165,1.8037246764389558,1.8154371976852417,2746371,0.0,0.0
1994-06-10 00:00:00-04:00,1.812509302406974,1.8154373250593094,1.8066528256435894,1.8095812797546387,3082425,0.0,0.0
1994-06-13 00:00:00-04:00,1.803724974192162,1.821293830871582,1.7978689283316633,1.821293830871582,2199157,0.0,0.0
1994-06-14 00:00:00-04:00,1.803724802991254,1.812509302406974,1.803724802991254,1.8095812797546387,2289286,0.0,0.0
1994-06-15 00:00:00-04:00,1.8095811527914405,1.8330060514644506,1.8066526988858564,1.8154371976852417,2475983,0.0,0.0
1994-06-16 00:00:00-04:00,1.812509775161743,1.8212941330491055,1.8095817517456947,1.8125097751617432,1418894,0.0,0.0
1994-06-17 00:00:00-04:00,1.8095808836311011,1.8095808836311011,1.7978683641269568,1.8037244081497192,1700870,0.0,0.0
1994-06-20 00:00:00-04:00,1.797868339234864,1.8037243831765475,1.7773714663412825,1.7861558198928833,2371690,0.0,0.0
1994-06-21 00:00:00-04:00,1.7656592130661013,1.7744437117609742,1.7568748581907878,1.765659213066101,2700019,0.0,0.0
1994-06-22 00:00:00-04:00,1.7773721128789242,1.7890844926618672,1.7744440898429836,1.7832281589508057,2465682,0.0,0.0
1994-06-23 00:00:00-04:00,1.7773723244803241,1.783228371249385,1.7715158462524414,1.7715158462524414,892281,0.0,0.0
1994-06-24 00:00:00-04:00,1.7763386461049984,1.7792795015306602,1.7351652256467758,1.738106369972229,2191431,0.02563,0.0
1994-06-27 00:00:00-04:00,1.7322242692531167,1.7410471239156264,1.7175195596322295,1.7204604148864746,41268953,0.0,0.0
1994-06-28 00:00:00-04:00,1.7292833703455563,1.7439880808235526,1.7234013705944413,1.738106369972229,221207100,0.0,0.0
1994-06-29 00:00:00-04:00,1.7498699388763652,1.7763383556285417,1.7498699388763652,1.764574646949768,4903038,0.0,0.0
1994-06-30 00:00:00-04:00,1.7763383396400463,1.7851613377445201,1.7704563409037302,1.782220482826233,13197516,0.0,0.0
1994-07-01 00:00:00-04:00,1.81364920556124,1.828418254852295,1.8106951925883412,1.828418254852295,2214608,0.02563,0.0
1994-07-05 00:00:00-04:00,1.849095424917786,1.884541266661885,1.8402339644817614,1.8727260828018188,1886279,0.0,0.0
1994-07-06 00:00:00-04:00,1.9081717094587156,1.9140794458047847,1.8934026587574104,1.90226411819458,4066122,0.0,0.0
1994-07-07 00:00:00-04:00,1.902264854334695,1.925895518699719,1.902264854334695,1.9170339107513428,4099599,0.0,0.0
1994-07-08 00:00:00-04:00,1.9170335127140015,1.9465719095781628,1.9170335127140015,1.9406641721725464,3133927,0.0,0.0
1994-07-11 00:00:00-04:00,1.967247412993729,1.9761087231395116,1.967247412993729,1.9702011346817017,3291010,0.0,0.0
1994-07-12 00:00:00-04:00,1.9672487003338996,1.9672487003338996,1.9258951188224258,1.9406641721725464,3793159,0.0,0.0
1994-07-13 00:00:00-04:00,1.9554329030748434,1.96724852189631,1.95247917972191,1.9613407850265503,699146,0.0,0.0
1994-07-14 00:00:00-04:00,1.9849720117117562,2.0086026775323007,1.9849720117117562,2.002695083618164,1147218,0.0,0.0
1994-07-15 00:00:00-04:00,1.9938326777091273,2.011555741237735,1.990878954689301,1.9997401237487793,746786,0.0,0.0
1994-07-18 00:00:00-04:00,2.0263251816419947,2.0381403661595345,2.0204172992193086,2.023371458053589,739061,0.0,0.0
1994-07-19 00:00:00-04:00,2.0086021073874067,2.011556121128972,1.9849714482744623,1.9879251718521118,1225760,0.0,0.0
1994-07-20 00:00:00-04:00,2.005648735951644,2.0263255300353102,2.005648735951644,2.0174639225006104,3236932,0.0,0.0
1994-07-21 00:00:00-04:00,2.0588169544763746,2.085401187697428,2.0588169544763746,2.0617706775665283,1717608,0.0,0.0
1994-07-22 00:00:00-04:00,2.103124475123416,2.103124475123416,2.0676786336196686,2.0735862255096436,1133055,0.0,0.0
1994-07-25 00:00:00-04:00,2.0735866888880383,2.0824481512442206,2.0292792320251465,2.0292792320251465,726185,0.0,3.0
1994-07-26 00:00:00-04:00,1.9938336202059597,2.0115566921123675,1.9938336202059597,2.002695083618164,765241,0.0,0.0
1994-07-27 00:00:00-04:00,2.0026940470213033,2.0026940470213033,1.9849709842883743,1.9938325881958008,1246361,0.0,0.0
1994-07-28 00:00:00-04:00,2.0026948449566,2.0381406943813283,2.0026948449566,2.0292792320251465,1927481,0.0,0.0
1994-07-29 00:00:00-04:00,2.011556452394764,2.0381406943813283,2.0026948449566,2.0292792320251465,1506448,0.0,0.0
1994-08-01 00:00:00-04:00,2.0381399958644124,2.055863204666593,2.0292785365452537,2.047001600265503,1394001,0.0,0.0
1994-08-02 00:00:00-04:00,2.0824480072712337,2.109032392501831,2.0647249387021973,2.109032392501831,1751943,0.0,0.0
1994-08-03 00:00:00-04:00,2.10903217087275,2.1356166983916656,2.10903217087275,2.1267552375793457,1581127,0.0,0.0
1994-08-04 00:00:00-04:00,2.1090316039472317,2.1090316039472317,2.091308832168579,2.091308832168579,839920,0.0,0.0
1994-08-05 00:00:00-04:00,2.0647240714525883,2.073585674555938,2.047001300491621,2.0558629035949707,1140780,0.0,0.0
1994-08-08 00:00:00-04:00,2.091309152547386,2.100170612335205,2.073586087889808,2.100170612335205,867388,0.0,0.0
1994-08-09 00:00:00-04:00,2.091309291343466,2.091309291343466,2.0647246200517575,2.0735862255096436,939921,0.0,0.0
1994-08-10 00:00:00-04:00,2.073586087889808,2.100170612335205,2.073586087889808,2.100170612335205,1139064,0.0,0.0
1994-08-11 00:00:00-04:00,2.0824472359972774,2.0824472359972774,2.0115555683050963,2.020416736602783,1839927,0.0,0.0
1994-08-12 00:00:00-04:00,2.0381405353546143,2.055863748848081,2.029279073689851,2.0381405353546143,1244644,0.0,0.0
1994-08-15 00:00:00-04:00,2.029279473854777,2.029279473854777,2.002695083618164,2.002695083618164,2271689,0.0,0.0
1994-08-16 00:00:00-04:00,2.002694688695562,2.0470021421013476,2.002694688695562,2.0381405353546143,1039492,0.0,0.0
1994-08-17 00:00:00-04:00,2.100170474861459,2.162200689315796,2.100170474861459,2.162200689315796,1512457,0.0,0.0
1994-08-18 00:00:00-04:00,2.206508025027784,2.277399985467111,2.206508025027784,2.2330925464630127,3260967,0.0,0.0
1994-08-19 00:00:00-04:00,2.241953952506438,2.2774000792679683,2.2242311792895304,2.268538475036621,1956666,0.0,0.0
1994-08-22 00:00:00-04:00,2.2330925464630127,2.2419538601655242,2.2242310876785774,2.2330925464630127,708589,0.0,0.0
1994-08-23 00:00:00-04:00,2.241954644910079,2.2508161067962646,2.241954644910079,2.2508161067962646,1400010,0.0,0.0
1994-08-24 00:00:00-04:00,2.2065078243734986,2.277399778366089,2.2065078243734986,2.277399778366089,1275545,0.0,0.0
1994-08-25 00:00:00-04:00,2.2685381753055824,2.295122549241371,2.259676717326986,2.277399778366089,1415031,0.0,0.0
1994-08-26 00:00:00-04:00,2.268538475036621,2.2774000792679683,2.259677015887203,2.268538475036621,1194000,0.0,0.0
1994-08-29 00:00:00-04:00,2.259677015887203,2.2774000792679683,2.259677015887203,2.268538475036621,918032,0.0,0.0
1994-08-30 00:00:00-04:00,2.241954644910079,2.259677713764424,2.206508797365337,2.2508161067962646,909448,0.0,0.0
1994-08-31 00:00:00-04:00,2.259677015887203,2.286261248253528,2.259677015887203,2.268538475036621,1415460,0.0,0.0
1994-09-01 00:00:00-04:00,2.268538612350394,2.268538612350394,2.2330927736071984,2.2419540882110596,800864,0.0,0.0
1994-09-02 00:00:00-04:00,2.233092702537321,2.241954016859164,2.1887854055184404,2.224231243133545,572965,0.0,0.0
1994-09-06 00:00:00-04:00,2.2153702592515225,2.2508161067962646,2.1976471903971775,2.2508161067962646,945500,0.0,0.0
1994-09-07 00:00:00-04:00,2.224231866219682,2.259677713764424,2.224231866219682,2.2508161067962646,978118,0.0,0.0
1994-09-08 00:00:00-04:00,2.206508004265865,2.224231066749895,2.206508004265865,2.215369462966919,1082411,0.0,0.0
1994-09-09 00:00:00-04:00,2.215368900834242,2.215368900834242,2.197645842847301,2.206507444381714,803439,0.0,0.0
1994-09-12 00:00:00-04:00,2.153339811313885,2.179924488067627,2.153339811313885,2.179924488067627,1239064,0.0,0.0
1994-09-13 00:00:00-04:00,2.144477915982201,2.162200689315796,2.126754852484746,2.162200689315796,615455,0.0,0.0
1994-09-14 00:00:00-04:00,2.1001709187518327,2.126755301993973,2.091309457671119,2.117893695831299,1686278,0.0,0.0
1994-09-15 00:00:00-04:00,2.10903217087275,2.1267552375793457,2.1001708551423866,2.1267552375793457,2313750,0.0,0.0
1994-09-16 00:00:00-04:00,2.0913086314084914,2.1001700889881,2.055862801090058,2.0647239685058594,1839927,0.0,0.0
1994-09-19 00:00:00-04:00,2.047001300491621,2.0647240714525883,2.0292782393668327,2.0558629035949707,3695734,0.0,0.0
1994-09-20 00:00:00-04:00,2.0381405353546143,2.055863748848081,2.029279073689851,2.0381405353546143,1609882,0.0,0.0
1994-09-21 00:00:00-04:00,2.08244768588558,2.100170751719403,2.0735862255096436,2.0735862255096436,2125766,0.0,0.0
1994-09-22 00:00:00-04:00,2.1178932481950534,2.179923752813251,2.1178932481950534,2.162200689315796,1878983,0.0,0.0
1994-09-23 00:00:00-04:00,2.197645842847301,2.224230502368655,2.197645842847301,2.206507444381714,977260,0.0,0.0
1994-09-26 00:00:00-04:00,2.179923752813251,2.179923752813251,2.144477915982201,2.162200689315796,500003,0.0,0.0
1994-09-27 00:00:00-04:00,2.179924488067627,2.1976472673788376,2.1622014185924585,2.179924488067627,868246,0.0,0.0
1994-09-28 00:00:00-04:00,2.1799239478957935,2.1976467228154086,2.1799239478957935,2.1887855529785156,616742,0.0,0.0
1994-09-29 00:00:00-04:00,2.1976472673788376,2.2065088746574117,2.179924488067627,2.179924488067627,715026,0.0,0.0
1994-09-30 00:00:00-04:00,2.1799236281627032,2.224231066749895,2.162200565678673,2.215369462966919,1024900,0.0,0.0
1994-10-03 00:00:00-04:00,2.2153695896443004,2.2153695896443004,2.1533390850261034,2.162200689315796,775542,0.0,0.0
1994-10-04 00:00:00-04:00,2.162200273315339,2.162200273315339,2.1356159008068003,2.153338670730591,1011166,0.0,0.0
1994-10-05 00:00:00-04:00,2.1444778442382812,2.1444778442382812,2.117893177340529,2.1444778442382812,1024041,0.0,0.0
1994-10-06 00:00:00-04:00,2.144477503391549,2.162200273315339,2.1356159008068003,2.153338670730591,653653,0.0,0.0
1994-10-07 00:00:00-04:00,2.2065081792440595,2.233092702537321,2.1887854055184404,2.224231243133545,776829,0.0,0.0
1994-10-10 00:00:00-04:00,2.2153696386478354,2.233092702537321,2.2153696386478354,2.224231243133545,1074256,0.0,0.0
1994-10-11 00:00:00-04:00,2.2419541945618753,2.3128461655750203,2.2419541945618753,2.2951231002807617,1256232,0.0,0.0
1994-10-12 00:00:00-04:00,2.4014610604313478,2.4369070481329476,2.3748765333846595,2.410322666168213,3153670,0.0,0.0
1994-10-13 00:00:00-04:00,2.4280451470056765,2.445768356323242,2.4280451470056765,2.445768356323242,1123613,0.0,0.0
1994-10-14 00:00:00-04:00,2.3571541964821505,2.392600045708178,2.3394311267871557,2.3748769760131836,1790999,0.0,0.0
1994-10-17 00:00:00-04:00,2.3925989289205134,2.4191831583493966,2.383737325668335,2.383737325668335,1167390,0.0,0.0
1994-10-18 00:00:00-04:00,2.3748767349905546,2.3748767349905546,2.3394308893618723,2.348292350769043,1018462,0.0,0.0
1994-10-19 00:00:00-04:00,2.312845739805143,2.3571531772613525,2.2951226777735085,2.3571531772613525,1006016,0.0,0.0
1994-10-20 00:00:00-04:00,2.3571530962394522,2.3925989289205134,2.3571530962394522,2.383737325668335,1089278,0.0,0.0
1994-10-21 00:00:00-04:00,2.3660151607835647,2.3660151607835647,2.33056902885437,2.33056902885437,698717,0.0,0.0
1994-10-24 00:00:00-04:00,2.3305683811557563,2.3482914421948586,2.277399778366089,2.277399778366089,788417,0.0,0.0
1994-10-25 00:00:00-04:00,2.2685390194809596,2.3039848645855563,2.2685390194809596,2.286261796951294,1070394,0.0,0.0
1994-10-26 00:00:00-04:00,2.3482915403354463,2.3482915403354463,2.286261041729053,2.3128457069396973,618030,0.0,0.0
1994-10-27 00:00:00-04:00,2.3217083472561226,2.3748769760131836,2.3217083472561226,2.3748769760131836,1288850,0.0,0.0
1994-10-28 00:00:00-04:00,2.3748771563484583,2.463491931224433,2.3748771563484583,2.4546306133270264,1564818,0.0,0.0
1994-10-31 00:00:00-05:00,2.472353219985962,2.481214826902892,2.428045765729205,2.472353219985962,1346361,0.0,0.0
1994-11-01 00:00:00-05:00,2.44576929542962,2.472353539285823,2.42804607930684,2.4546306133270264,725756,0.0,0.0
1994-11-02 00:00:00-05:00,2.445768356323242,2.472352589971846,2.445768356323242,2.445768356323242,717602,0.0,0.0
1994-11-03 00:00:00-05:00,2.4280450971373013,2.4280450971373013,2.4014607189527646,2.4191834926605225,1097003,0.0,0.0
1994-11-04 00:00:00-05:00,2.4014603870907787,2.4014603870907787,2.3748758674980697,2.383737325668335,593996,0.0,0.0
1994-11-07 00:00:00-05:00,2.3748765113372503,2.401461038137138,2.3660151958465576,2.3660151958465576,844212,0.0,0.0
1994-11-08 00:00:00-05:00,2.3837379719098957,2.3925995775644933,2.3482921296193147,2.3660151958465576,1033484,0.0,0.0
1994-11-09 00:00:00-05:00,2.3660145761575575,2.4103220124980607,2.3660145761575575,2.4014604091644287,567386,0.0,0.0
1994-11-10 00:00:00-05:00,2.436906387253214,2.436906387253214,2.4014604091644287,2.4014604091644287,421462,0.0,0.0
1994-11-11 00:00:00-05:00,2.4014610604313478,2.410322666168213,2.366015217811702,2.410322666168213,1030479,0.0,0.0
1994-11-14 00:00:00-05:00,2.410323298430035,2.4546306133270264,2.4014616903686448,2.4546306133270264,711164,0.0,0.0
1994-11-15 00:00:00-05:00,2.4546298861285667,2.49893733298121,2.445768570856377,2.463491201400757,1358808,0.0,0.0
1994-11-16 00:00:00-05:00,2.4014604091644287,2.428044783919582,2.383737347579079,2.4014604091644287,1106445,0.0,0.0
1994-11-17 00:00:00-05:00,2.3925990111607858,2.4103220731924204,2.348291573704576,2.3571531772613525,2059242,0.0,0.0
1994-11-18 00:00:00-05:00,2.3128459158656405,2.3305686890825474,2.259677015887203,2.268538475036621,1815892,0.0,0.0
1994-11-21 00:00:00-05:00,2.268538631467629,2.2862614059066404,2.250815566864739,2.2596771717071533,1025758,0.0,0.0
1994-11-22 00:00:00-05:00,2.2862612633064,2.2951228675960924,2.126754852484746,2.162200689315796,3968697,0.0,0.0
1994-11-23 00:00:00-05:00,2.1622007715191818,2.1976466096978253,2.1267549333405387,2.1710622310638428,1992718,0.0,0.0
1994-11-25 00:00:00-05:00,2.144477915982201,2.162200689315796,2.126754852484746,2.162200689315796,374252,0.0,0.0
1994-11-28 00:00:00-05:00,2.144478639281248,2.188786095346201,2.144478639281248,2.179924488067627,1263957,0.0,0.0
1994-11-29 00:00:00-05:00,2.2242313139213996,2.2508155478968583,2.215369709153663,2.2419540882110596,616313,0.0,0.0
1994-11-30 00:00:00-05:00,2.2419549700045622,2.303985357284546,2.2419549700045622,2.303985357284546,1842073,0.0,0.0
1994-12-01 00:00:00-05:00,2.2508161067962646,2.259677713764424,2.241954644910079,2.2508161067962646,7188032,0.0,0.0
1994-12-02 00:00:00-05:00,2.224231866219682,2.2508161067962646,2.224231866219682,2.2508161067962646,508587,0.0,0.0
1994-12-05 00:00:00-05:00,2.233092702537321,2.241954016859164,2.224231243133545,2.224231243133545,1219751,0.0,0.0
1994-12-06 00:00:00-05:00,2.1799243168076945,2.2065087013089477,2.153339642142506,2.1976470947265625,722752,0.0,0.0
1994-12-07 00:00:00-05:00,2.1710622310638428,2.179923835690439,2.1533391668925854,2.1710622310638428,35159040,0.0,0.0
1994-12-08 00:00:00-05:00,2.162200616978957,2.162200616978957,2.135616240245055,2.1444778442382812,42427760,0.0,0.0
1994-12-09 00:00:00-05:00,2.1763625047568844,2.2121877670288086,2.16740659243004,2.2121877670288086,36323855,0.07456,0.0
1994-12-12 00:00:00-05:00,2.1942741870880127,2.2032305357408064,2.176361636415507,2.1942741870880127,101383530,0.0,0.0
1994-12-13 00:00:00-05:00,2.185318946838379,2.194275152799763,2.1763625942438485,2.185318946838379,36406688,0.0,0.0
1994-12-14 00:00:00-05:00,2.212186943318928,2.248011752352029,2.212186943318928,2.2300992012023926,19446056,0.0,0.0
1994-12-15 00:00:00-05:00,2.2300994303663115,2.239055633544922,2.2032308208304805,2.239055633544922,17223294,0.0,0.0
1994-12-16 00:00:00-05:00,2.2390557062395193,2.274880520117072,2.2300995027701314,2.2569682598114014,806443,0.0,0.0
1994-12-19 00:00:00-05:00,2.230100106988657,2.2659249305725098,2.230100106988657,2.2659249305725098,522750,0.0,0.0
1994-12-20 00:00:00-05:00,2.283837108898694,2.3375744819641113,2.283837108898694,2.3375744819641113,567815,0.0,0.0
1994-12-21 00:00:00-05:00,2.3465317482461154,2.3823565798407977,2.3465317482461154,2.3644440174102783,551077,0.0,0.0
1994-12-22 00:00:00-05:00,2.3375748790185473,2.364443496798529,2.310705967972273,2.3286185264587402,1326619,0.0,0.0
1994-12-23 00:00:00-05:00,2.3196622425818516,2.3465311527252197,2.3017499779636026,2.3465311527252197,802581,0.0,0.0
1994-12-27 00:00:00-05:00,2.3375753937142663,2.3644440174102783,2.319662831283747,2.3644440174102783,796143,0.0,0.0
1994-12-28 00:00:00-05:00,2.364442661010581,2.382355213165283,2.3554863116166826,2.382355213165283,673824,0.0,0.0
1994-12-29 00:00:00-05:00,2.3554863116166826,2.382355213165283,2.3554863116166826,2.382355213165283,1366962,0.0,0.0
1994-12-30 00:00:00-05:00,2.382355096188513,2.4092235565185547,2.3733987472343836,2.4092235565185547,419316,0.0,0.0
1995-01-03 00:00:00-05:00,2.3823550543132956,2.391311256476913,2.3375738968621236,2.3554861545562744,1380267,0.0,0.0
1995-01-04 00:00:00-05:00,2.283837237621186,2.2927934425313614,2.2480124179804832,2.274880886077881,3513329,0.0,0.0
1995-01-05 00:00:00-05:00,2.256968702739306,2.2927935236474446,2.2480124975122715,2.28383731842041,1469109,0.0,0.0
1995-01-06 00:00:00-05:00,2.292793035507202,2.3017493854605466,2.283836832186961,2.292793035507202,1887137,0.0,0.0
1995-01-09 00:00:00-05:00,2.274880482233617,2.3017493854605466,2.274880482233617,2.292793035507202,536484,0.0,0.0
1995-01-10 00:00:00-05:00,2.29279292578633,2.3196615344612646,2.2748803733699443,2.3107051849365234,1031767,0.0,0.0
1995-01-11 00:00:00-05:00,2.328618448207547,2.3644434173434687,2.3196622425818516,2.3465311527252197,1259236,0.0,0.0
1995-01-12 00:00:00-05:00,2.3286181309256073,2.3554867441417553,2.319661926520225,2.3375744819641113,1053655,0.0,0.0
1995-01-13 00:00:00-05:00,2.3196623205320797,2.3375748790185473,2.310705967972273,2.3286185264587402,1024041,0.0,0.0
1995-01-16 00:00:00-05:00,2.29279292578633,2.3107051849365234,2.2838367228946854,2.3107051849365234,917603,0.0,0.0
1995-01-17 00:00:00-05:00,2.2838374889975817,2.2838374889975817,2.2659249305725098,2.2659249305725098,1866966,0.0,0.0
1995-01-18 00:00:00-05:00,2.221142877517281,2.2300992265102817,2.1942742704375413,2.203230619430542,1554088,0.0,0.0
1995-01-19 00:00:00-05:00,2.1942742704375413,2.221142877517281,2.167405809990889,2.203230619430542,2001731,0.0,0.0
1995-01-20 00:00:00-05:00,2.1942749471357117,2.1942749471357117,2.158450126647949,2.158450126647949,1656664,0.0,0.0
1995-01-23 00:00:00-05:00,2.104712760247871,2.1584501378925975,2.08680020327754,2.149493932723999,3659682,0.0,0.0
1995-01-24 00:00:00-05:00,2.149493176989454,2.2032305357408064,2.149493176989454,2.1942741870880127,3149378,0.0,0.0
1995-01-25 00:00:00-05:00,2.1674064784030227,2.185318742013771,2.158450126647949,2.158450126647949,2337355,0.0,0.0
1995-01-26 00:00:00-05:00,2.1584490675810515,2.1853176697634966,2.131580318765545,2.176361322402954,2160959,0.0,0.0
1995-01-27 00:00:00-05:00,2.1853186648921246,2.230099835554597,2.1853186648921246,2.2211434841156006,1669110,0.0,0.0
1995-01-30 00:00:00-05:00,2.1942738704909783,2.2032302178515213,2.176361322402954,2.176361322402954,1743789,0.0,0.0
1995-01-31 00:00:00-05:00,2.176361636415507,2.1942741870880127,2.1584493790091654,2.1942741870880127,2864397,0.0,0.0
1995-02-01 00:00:00-05:00,2.1853183465074375,2.1853183465074375,1.9524564689485824,2.0778439044952393,20178680,0.0,0.0
1995-02-02 00:00:00-05:00,2.1047126918252017,2.1315813064575195,2.0868001354371946,2.1315813064575195,6586311,0.0,0.0
1995-02-03 00:00:00-05:00,2.131580707285061,2.221142877517281,2.1047121002053215,2.203230619430542,5611197,0.0,0.0
1995-02-06 00:00:00-05:00,2.1763625047568844,2.230100031581919,2.1763625047568844,2.2121877670288086,4126209,0.0,0.0
1995-02-07 00:00:00-05:00,2.2211430805546,2.2569681865352433,2.2211430805546,2.239055633544922,4538658,0.0,0.0
1995-02-08 00:00:00-05:00,2.2121872462091705,2.221143156427507,2.158449732035665,2.1674060821533203,2358385,0.0,0.0
1995-02-09 00:00:00-05:00,2.1763625942438485,2.194275152799763,2.1674066815487576,2.185318946838379,2100014,0.0,0.0
1995-02-10 00:00:00-05:00,2.167405414941594,2.1942738704909783,2.167405414941594,2.176361322402954,2725770,0.0,0.0
1995-02-13 00:00:00-05:00,2.1584498162640897,2.176362077299065,2.1405372619628906,2.1405372619628906,2857960,0.0,0.0
1995-02-14 00:00:00-05:00,2.149493932723999,2.149493932723999,2.122625317218202,2.149493932723999,2027482,0.0,0.0
1995-02-15 00:00:00-05:00,2.131581058128847,2.149493612430046,2.122625000927915,2.1405372619628906,2501734,0.0,0.0
1995-02-16 00:00:00-05:00,2.122625248213209,2.1405375113349585,2.0957564869477627,2.1315813064575195,3042510,0.0,0.0
1995-02-17 00:00:00-05:00,2.1226246441009087,2.1226246441009087,2.0957558904824785,2.113668441772461,856229,0.0,0.0
1995-02-21 00:00:00-05:00,2.113669101038246,2.1674064784030227,2.1047127492831725,2.158450126647949,1944219,0.0,0.0
1995-02-22 00:00:00-05:00,2.1763622287483413,2.2480123043060303,2.1763622287483413,2.2480123043060303,2719761,0.0,0.0
1995-02-23 00:00:00-05:00,2.265924681167705,2.3017497940746665,2.265924681167705,2.274880886077881,3688008,0.0,0.0
1995-02-24 00:00:00-05:00,2.2748802124937693,2.2748802124937693,2.2300992012023926,2.2300992012023926,1290138,0.0,0.0
1995-02-27 00:00:00-05:00,2.212186565212064,2.221142472673424,2.167405414941594,2.176361322402954,1669539,0.0,0.0
1995-02-28 00:00:00-05:00,2.1674057276619596,2.1942741870880127,2.1674057276619596,2.1942741870880127,2537357,0.0,0.0
1995-03-01 00:00:00-05:00,2.1763625942438485,2.194275152799763,2.1674066815487576,2.185318946838379,2611606,0.0,0.0
1995-03-02 00:00:00-05:00,2.2032305944275667,2.2300992012023926,2.2032305944275667,2.2300992012023926,1576406,0.0,0.0
1995-03-03 00:00:00-05:00,2.239056066437178,2.274880886077881,2.239056066437178,2.274880886077881,975543,0.0,0.0
1995-03-06 00:00:00-05:00,2.248011983356633,2.248011983356633,2.2300994303663115,2.239055633544922,1508594,0.0,0.0
1995-03-07 00:00:00-05:00,2.2121875725759867,2.2390560403604662,2.20323122113699,2.2211434841156006,1219751,0.0,0.0
1995-03-08 00:00:00-05:00,2.2121868843936006,2.2390553438196537,2.176361636415507,2.1942741870880127,1018462,0.0,0.0
1995-03-09 00:00:00-05:00,2.1942748696979932,2.230099835554597,2.1853186648921246,2.2211434841156006,1372971,0.0,0.0
1995-03-10 00:00:00-05:00,2.1853180432779302,2.2300992012023926,2.1853180432779302,2.2300992012023926,1995722,0.0,0.0
1995-03-13 00:00:00-05:00,2.2211428523110315,2.239055403460668,2.212186943318928,2.2300992012023926,2505167,0.0,0.0
1995-03-14 00:00:00-05:00,2.2300998615270027,2.283837237621186,2.2300998615270027,2.274880886077881,2578129,0.0,0.0
1995-03-15 00:00:00-05:00,2.3017495940668744,2.3286180598295685,2.283837039169884,2.319661855697632,2961394,0.0,0.0
1995-03-16 00:00:00-05:00,2.2838362042454694,2.3107046601855985,2.2838362042454694,2.301748752593994,2549374,0.0,0.0
1995-03-17 00:00:00-05:00,2.292793243301821,2.319661855697632,2.292793243301821,2.319661855697632,1912889,0.0,0.0
1995-03-20 00:00:00-05:00,2.328618448207547,2.3465311527252197,2.328618448207547,2.3465311527252197,1699153,0.0,0.0
1995-03-21 00:00:00-05:00,2.355487662878429,2.4002688490049606,2.355487662878429,2.3644440174102783,2269544,0.0,0.0
1995-03-22 00:00:00-05:00,2.409223877133639,2.418180227279663,2.3913116167409094,2.418180227279663,1111596,0.0,0.0
1995-03-23 00:00:00-05:00,2.3823549668358988,2.3913111686706543,2.364442416533308,2.3913111686706543,1048076,0.0,0.0
1995-03-24 00:00:00-05:00,2.3733990630819672,2.418180227279663,2.3733990630819672,2.418180227279663,1372971,0.0,0.0
1995-03-27 00:00:00-05:00,2.4271362655911473,2.4450485247646903,2.4181800626878274,2.4360926151275635,1828339,0.0,0.0
1995-03-28 00:00:00-05:00,2.418179774174922,2.418179774174922,2.3913111686706543,2.3913111686706543,1390138,0.0,0.0
1995-03-29 00:00:00-05:00,2.3913111686706543,2.418179774174922,2.3823549668358988,2.3913111686706543,1812459,0.0,0.0
1995-03-30 00:00:00-05:00,2.3913120530053518,2.3913120530053518,2.3644432909316278,2.373399496078491,795284,0.0,0.0
1995-03-31 00:00:00-05:00,2.355486939151631,2.373399496078491,2.3286183237110407,2.373399496078491,1583273,0.0,0.0
1995-04-03 00:00:00-04:00,2.373400225308949,2.4002688490049606,2.355487662878429,2.3644440174102783,1329623,0.0,0.0
1995-04-04 00:00:00-04:00,2.346530833002615,2.346530833002615,2.3017496643425805,2.3375744819641113,1238206,0.0,0.0
1995-04-05 00:00:00-04:00,2.3375744819641113,2.346530833002615,2.319661926520225,2.3375744819641113,933912,0.0,0.0
1995-04-06 00:00:00-04:00,2.292793694893545,2.292793694893545,2.2480126654137287,2.2659249305725098,1546792,0.0,0.0
1995-04-07 00:00:00-04:00,2.2480126654137287,2.274881136468473,2.2390563128846197,2.2659249305725098,1209021,0.0,0.0
1995-04-10 00:00:00-04:00,2.2480126654137287,2.2659249305725098,2.2480126654137287,2.2659249305725098,1367391,0.0,0.0
1995-04-11 00:00:00-04:00,2.265924566587489,2.274880771044779,2.2390559532156176,2.2480123043060303,1464817,0.0,0.0
1995-04-12 00:00:00-04:00,2.256968596605332,2.256968596605332,2.2121875725759867,2.2211434841156006,1907738,0.0,0.0
1995-04-13 00:00:00-04:00,2.1853188569831503,2.230100031581919,2.1763625047568844,2.2121877670288086,2627486,0.0,0.0
1995-04-17 00:00:00-04:00,2.221142877517281,2.2480117778631956,2.1942742704375413,2.203230619430542,818890,0.0,0.0
1995-04-18 00:00:00-04:00,2.2121876506458586,2.221143562501534,2.158450126647949,2.158450126647949,1199579,0.0,0.0
1995-04-19 00:00:00-04:00,2.1405371784334615,2.1674060821533203,2.1226249180974697,2.1674060821533203,6687170,0.0,0.0
1995-04-20 00:00:00-04:00,2.212186968423543,2.221142877517281,2.1942742704375413,2.203230619430542,1976408,0.0,0.0
1995-04-21 00:00:00-04:00,2.2121877670288086,2.221143679355653,2.2032314148025423,2.2121877670288086,2307741,0.0,0.0
1995-04-24 00:00:00-04:00,2.194274245536205,2.2300992012023926,2.1853180432779302,2.2300992012023926,1874691,0.0,0.0
1995-04-25 00:00:00-04:00,2.2480120563420134,2.2569682598114014,2.2390557062395193,2.2569682598114014,1160952,0.0,0.0
1995-04-26 00:00:00-04:00,2.248011983356633,2.2569681865352433,2.239055633544922,2.239055633544922,1019320,0.0,0.0
1995-04-27 00:00:00-04:00,2.2480120563420134,2.292793073688954,2.2390557062395193,2.2569682598114014,2573408,0.0,0.0
1995-04-28 00:00:00-04:00,2.2659247613332063,2.28383731842041,2.256968702739306,2.28383731842041,1778553,0.0,0.0
1995-05-01 00:00:00-04:00,2.310705504932578,2.3286180598295685,2.292793243301821,2.319661855697632,1688424,0.0,0.0
1995-05-02 00:00:00-04:00,2.3286181309256073,2.3375744819641113,2.319661926520225,2.3375744819641113,2620190,0.0,0.0
1995-05-03 00:00:00-04:00,2.3196623205320797,2.3375748790185473,2.310705967972273,2.3286185264587402,1578981,0.0,0.0
1995-05-04 00:00:00-04:00,2.319661855697632,2.3375744105946223,2.310705504932578,2.319661855697632,2044220,0.0,0.0
1995-05-05 00:00:00-04:00,2.310705967972273,2.3286185264587402,2.3017500553119046,2.3286185264587402,1020608,0.0,0.0
1995-05-08 00:00:00-04:00,2.3196623205320797,2.3375748790185473,2.310705967972273,2.3286185264587402,1697866,0.0,0.0
1995-05-09 00:00:00-04:00,2.3286181309256073,2.346530833002615,2.319661926520225,2.3375744819641113,2760105,0.0,0.0
1995-05-10 00:00:00-04:00,2.346530833002615,2.3644430951802593,2.3375744819641113,2.3375744819641113,2327484,0.0,0.0
1995-05-11 00:00:00-04:00,2.310705705718583,2.310705705718583,2.274880886077881,2.274880886077881,2397012,0.0,0.0
1995-05-12 00:00:00-04:00,2.256968871309692,2.274881136468473,2.256968871309692,2.2659249305725098,1264386,0.0,0.0
1995-05-15 00:00:00-04:00,2.2569682598114014,2.2659243166476837,2.185318338790085,2.2569682598114014,1111596,0.0,0.0
1995-05-16 00:00:00-04:00,2.2480120189059973,2.3017493854605466,2.2480120189059973,2.292793035507202,2534781,0.0,0.0
1995-05-17 00:00:00-04:00,2.319661645467925,2.319661645467925,2.283836832186961,2.292793035507202,2002160,0.0,0.0
1995-05-18 00:00:00-04:00,2.3017497940746665,2.3196620572618882,2.274880886077881,2.274880886077881,2168684,0.0,0.0
1995-05-19 00:00:00-04:00,2.274880520117072,2.274880520117072,2.2390557062395193,2.2569682598114014,2169114,0.0,0.0
1995-05-22 00:00:00-04:00,2.2480120563420134,2.3196616840971185,2.2480120563420134,2.2569682598114014,1806021,0.0,0.0
1995-05-23 00:00:00-04:00,2.310705967972273,2.3286185264587402,2.292793702752098,2.3286185264587402,2369544,0.0,0.0
1995-05-24 00:00:00-04:00,2.3465304394612687,2.4540048743011065,2.3465304394612687,2.4360926151275635,4386296,0.0,0.0
1995-05-25 00:00:00-04:00,2.4360924567478572,2.4360924567478572,2.3286175889960825,2.4092235565185547,2493150,0.0,0.0
1995-05-26 00:00:00-04:00,2.391311298509556,2.4181799054726847,2.391311298509556,2.4092235565185547,1196146,0.0,0.0
1995-05-30 00:00:00-04:00,2.409223425707087,2.409223425707087,2.3733986183680638,2.3913111686706543,1483701,0.0,0.0
1995-05-31 00:00:00-04:00,2.3913116167409094,2.418180227279663,2.3733990630819672,2.418180227279663,1866107,0.0,0.0
1995-06-01 00:00:00-04:00,2.4092235565185547,2.4181799054726847,2.3733987472343836,2.4092235565185547,1356233,0.0,0.0
1995-06-02 00:00:00-04:00,2.3286177373529093,2.4002675071191635,2.3017492753110713,2.3107051849365234,3217619,0.0,0.0
1995-06-05 00:00:00-04:00,2.3286174625612053,2.409223425707087,2.3196612607264497,2.3913111686706543,4582864,0.0,0.0
1995-06-06 00:00:00-04:00,2.3913112148196345,2.579391750245358,2.3913112148196345,2.543566942214966,7379021,0.0,0.0
1995-06-07 00:00:00-04:00,2.543566942214966,2.5614793462301617,2.534610593574286,2.543566942214966,4635225,0.0,0.0
1995-06-08 00:00:00-04:00,2.5525236913674747,2.6868671978953644,2.5435676335586948,2.6420860290527344,4633937,0.0,0.0
1995-06-09 00:00:00-04:00,2.6152168027055263,2.6152168027055263,2.5883477572852374,2.597304105758667,2380703,0.0,0.0
1995-06-12 00:00:00-04:00,2.60626020252646,2.6599977016448975,2.60626020252646,2.6599977016448975,2551091,0.0,0.0
1995-06-13 00:00:00-04:00,2.7137357041756016,2.7226920553812795,2.677910885885387,2.6868672370910645,3100880,0.0,0.0
1995-06-14 00:00:00-04:00,2.6689536708387545,2.7137348258406537,2.6689536708387545,2.6958227157592773,2128341,0.0,0.0
1995-06-15 00:00:00-04:00,2.6958235461226643,2.758516830516628,2.6958235461226643,2.7226920127868652,45822633,0.0,0.0
1995-06-16 00:00:00-04:00,2.7226919312416533,2.731648282038971,2.7047795229132525,2.713735580444336,1239494,0.0,0.0
1995-06-19 00:00:00-04:00,2.7226916271220722,2.8212100085570757,2.7047792207944537,2.812253952026367,11489349,0.0,0.0
1995-06-20 00:00:00-04:00,2.785385131835937,2.785385131835937,2.7406039704137894,2.7853851318359375,8167438,0.0,0.0
1995-06-21 00:00:00-04:00,2.7853852587551313,2.8480788289496024,2.7853852587551313,2.839122772216797,33747442,0.0,0.0
1995-06-22 00:00:00-04:00,2.7495606559596597,2.803297880272401,2.7226918971701735,2.7764294147491455,38384384,0.0,0.0
1995-06-23 00:00:00-04:00,2.7316481052646804,2.776429269820858,2.7316481052646804,2.7406041622161865,2595726,0.0,0.0
1995-06-26 00:00:00-04:00,2.7047796039219834,2.7316483638524276,2.6779108439915396,2.7226920127868652,47864707,0.0,0.0
1995-06-27 00:00:00-04:00,2.710979169301134,2.7200158947546123,2.692905718394178,2.7019424438476562,33608386,0.07875,0.0
1995-06-28 00:00:00-04:00,2.6838696002960205,2.692905734005849,2.6657961492842865,2.6838696002960205,58208555,0.0,0.0
1995-06-29 00:00:00-04:00,2.701943024699877,2.7290529109902617,2.701943024699877,2.7200164794921875,5721928,0.0,0.0
1995-06-30 00:00:00-04:00,2.7200155127964663,2.738088369369507,2.7109787886119703,2.738088369369507,1300009,0.0,0.0
1995-07-03 00:00:00-04:00,2.738088369369507,2.747125093554003,2.7290519410829863,2.738088369369507,1548509,0.0,0.0
1995-07-05 00:00:00-04:00,2.7380888794109826,2.783271916954047,2.7380888794109826,2.774235486984253,4537799,0.0,0.0
1995-07-06 00:00:00-04:00,2.8013454381457192,2.837491750717163,2.792308712053839,2.837491750717163,3236932,0.0,0.0
1995-07-07 00:00:00-04:00,2.8555654947754383,2.909785270690918,2.846528766823492,2.909785270690918,2350231,0.0,0.0
1995-07-10 00:00:00-04:00,2.891709994997411,2.918819569996654,2.855563697733146,2.864600419998169,5657979,0.0,0.0
1995-07-11 00:00:00-04:00,2.855564907002885,2.873638063288607,2.837491750717163,2.837491750717163,1610741,0.0,0.0
1995-07-12 00:00:00-04:00,2.8826744556427,2.900747907589217,2.830714464888601,2.8826744556427,3375989,0.0,0.0
1995-07-13 00:00:00-04:00,2.864601797717158,2.8736382284303037,2.8374919137816104,2.855565071105957,472106,0.0,0.0
1995-07-14 00:00:00-04:00,2.7651993962776684,2.792309284210205,2.7561629642322223,2.792309284210205,1121896,0.0,0.0
1995-07-17 00:00:00-04:00,2.7923077853810923,2.819417658761842,2.7832710622881955,2.8103809356689453,1254515,0.0,0.0
1995-07-18 00:00:00-04:00,2.7923082758122773,2.7923082758122773,2.7742351223501194,2.783271551132202,2130916,0.0,0.0
1995-07-19 00:00:00-04:00,2.7832717893368883,2.7832717893368883,2.6386865492653797,2.7019424438476562,2784139,0.0,0.0
1995-07-20 00:00:00-04:00,2.729052631907144,2.7832721030451464,2.729052631907144,2.7651989459991455,4759689,0.0,0.0
1995-07-21 00:00:00-04:00,2.7561614848053857,2.828454085956799,2.7561614848053857,2.8103809356689453,1758381,0.0,0.0
1995-07-24 00:00:00-04:00,2.828455506165233,2.891711711883545,2.828455506165233,2.891711711883545,1158806,0.0,0.0
1995-07-25 00:00:00-04:00,2.9097837970047724,2.9097837970047724,2.864600771924588,2.8736371994018555,942067,0.0,0.0
1995-07-26 00:00:00-04:00,2.882674883143386,2.96400424537172,2.882674883143386,2.936894655227661,3612042,0.0,0.0
1995-07-27 00:00:00-04:00,2.936894862750558,2.954968318654451,2.909785270690918,2.909785270690918,1863532,0.0,0.0
1995-07-28 00:00:00-04:00,2.909784838977053,2.909784838977053,2.855565071105957,2.855565071105957,1369967,0.0,0.0
1995-07-31 00:00:00-04:00,2.8374923364801345,2.8465287685394287,2.8103824485060525,2.8465287685394287,670820,0.0,0.0
1995-08-01 00:00:00-04:00,2.801344440811147,2.855563890365106,2.774234568085201,2.82845401763916,2312891,0.0,0.0
1995-08-02 00:00:00-04:00,2.891709994997411,2.909783439527457,2.846526975468123,2.864600419998169,2998304,0.0,0.0
1995-08-03 00:00:00-04:00,2.8465287685394287,2.864602224454216,2.8374923364801345,2.8465287685394287,1268678,0.0,0.0
1995-08-04 00:00:00-04:00,2.8646021207886174,2.9007484395139134,2.8646021207886174,2.891711711883545,1714604,0.0,0.0
1995-08-07 00:00:00-04:00,2.8826736268791224,2.8826736268791224,2.864600771924588,2.8736371994018555,1068248,0.0,0.0
1995-08-08 00:00:00-04:00,2.900747907589217,2.900747907589217,2.873638025567476,2.8826744556427,1369108,0.0,0.0
1995-08-09 00:00:00-04:00,2.9007480499512126,2.9368943638221556,2.8917113235344525,2.9278576374053955,357942,0.0,0.0
1995-08-10 00:00:00-04:00,2.982077121734619,3.018223432182839,2.964003670612488,2.982077121734619,1179836,0.0,0.0
1995-08-11 00:00:00-04:00,3.099552949277349,3.1176261054964245,2.991114011962894,3.000150442123413,3137790,0.0,0.0
1995-08-14 00:00:00-04:00,3.000149894337303,3.0272597716650447,3.000149894337303,3.0182230472564697,810306,0.0,0.0
1995-08-15 00:00:00-04:00,3.0182235983424888,3.0182235983424888,3.000150442123413,3.000150442123413,714168,0.0,0.0
1995-08-16 00:00:00-04:00,3.0182237403331067,3.0543700544717414,3.0001505832637894,3.0453336238861084,1936923,0.0,0.0
1995-08-17 00:00:00-04:00,3.0724431737054627,3.108589483917828,3.0724431737054627,3.0905163288116455,2424051,0.0,0.0
1995-08-18 00:00:00-04:00,3.1447358327078176,3.1447358327078176,3.1085895220520325,3.1176259517669678,1453658,0.0,0.0
1995-08-21 00:00:00-04:00,3.0724435074391097,3.0724435074391097,3.036296897402424,3.0453336238861084,625326,0.0,0.0
1995-08-22 00:00:00-04:00,3.0272601763452727,3.0453333316804354,2.991113865674947,3.0362966060638428,661378,0.0,0.0
1995-08-23 00:00:00-04:00,3.0543699264526367,3.0634066525575605,3.045333496245751,3.0543699264526367,799576,0.0,0.0
1995-08-24 00:00:00-04:00,3.0634066525575605,3.0724433786624847,3.036296770140827,3.0543699264526367,627472,0.0,0.0
1995-08-25 00:00:00-04:00,3.045333496245751,3.0634066525575605,3.036296770140827,3.0543699264526367,422750,0.0,0.0
1995-08-28 00:00:00-04:00,3.0634067058563232,3.081479862482579,3.0543699795941737,3.0634067058563232,282835,0.0,0.0
1995-08-29 00:00:00-04:00,3.027260915592342,3.027260915592342,2.9911145960952052,3.0091874599456787,380689,0.0,0.0
1995-08-30 00:00:00-04:00,3.045333496245751,3.0724433786624847,3.036296770140827,3.0543699264526367,802581,0.0,0.0
1995-08-31 00:00:00-04:00,3.0182231020874144,3.0362962553349093,3.0091863775146726,3.0272598266601562,751937,0.0,0.0
1995-09-01 00:00:00-04:00,3.045333922150557,3.1266632848770266,3.045333922150557,3.1085901260375977,1037775,0.0,0.0
1995-09-05 00:00:00-04:00,3.1628087285675104,3.1899183113863416,3.12666242087707,3.14473557472229,841637,0.0,0.0
1995-09-06 00:00:00-04:00,3.153773120713123,3.180883304929955,3.153773120713123,3.1628098487854004,1579410,0.0,0.0
1995-09-07 00:00:00-04:00,3.135700012245781,3.135700012245781,3.0995533986688435,3.1085901260375977,1175545,0.0,0.0
1995-09-08 00:00:00-04:00,3.108590312964645,3.108590312964645,3.0814804251262786,3.0995535850524902,821036,0.0,0.0
1995-09-11 00:00:00-04:00,3.1176256960054607,3.14473557472229,3.1176256960054607,3.14473557472229,612880,0.0,0.0
1995-09-12 00:00:00-04:00,3.153772934691992,3.171846389770508,3.1357000714096475,3.171846389770508,1479409,0.0,0.0
1995-09-13 00:00:00-04:00,3.1447364188106057,3.153772850209713,3.117626532817129,3.135699987411499,517600,0.0,0.0
1995-09-14 00:00:00-04:00,3.1357000520143026,3.2079926882888694,2.9188212554963506,3.1899192333221436,1373829,0.0,0.0
1995-09-15 00:00:00-04:00,3.2531756926511086,3.2531756926511086,3.0995533986688435,3.1085901260375977,1993147,0.0,0.0
1995-09-18 00:00:00-04:00,3.0995530191088347,3.0995530191088347,3.036296822967918,3.0634067058563232,863954,0.0,0.0
1995-09-19 00:00:00-04:00,3.0724434852600098,3.0814799157804114,3.0543700324231082,3.0724434852600098,1442928,0.0,0.0
1995-09-20 00:00:00-04:00,3.1266635282924975,3.171846576857678,3.1085903680460456,3.1628098487854004,719318,0.0,0.0
1995-09-21 00:00:00-04:00,3.162809642668223,3.1899192333221436,3.1357000520143026,3.1899192333221436,632622,0.0,0.0
1995-09-22 00:00:00-04:00,3.0814788341522217,3.090515557398697,3.0543689603107405,3.0814788341522217,580262,0.0,0.0
1995-09-25 00:00:00-04:00,3.063406133155146,3.063406133155146,3.0272598266601562,3.0272598266601562,439059,0.0,0.0
1995-09-26 00:00:00-04:00,3.045333549230068,3.1085897453709848,3.045333549230068,3.0634067058563232,1771257,0.0,0.0
1995-09-27 00:00:00-04:00,2.9640044548101985,2.982077910714091,2.8736386547812316,2.909785270690918,3676420,0.0,0.0
1995-09-28 00:00:00-04:00,2.964003833787224,3.0091868722839323,2.964003833787224,3.000150442123413,2736500,0.0,0.0
1995-09-29 00:00:00-04:00,3.0543688946003864,3.0905154909107004,2.9640028476715083,2.964002847671509,4104749,0.0,0.0
1995-10-02 00:00:00-04:00,3.000150276958729,3.045333312968015,2.982077121734619,2.982077121734619,930908,0.0,0.0
1995-10-03 00:00:00-04:00,3.0362966060638428,3.0453333316804354,3.01822345072868,3.0362966060638428,1432628,0.0,0.0
1995-10-04 00:00:00-04:00,3.09955309509406,3.09955309509406,3.036296897402424,3.0453336238861084,1657951,0.0,0.0
1995-10-05 00:00:00-04:00,3.054370507266147,3.054370507266147,3.0001510280204418,3.0091874599456787,897860,0.0,0.0
1995-10-06 00:00:00-04:00,2.9911145960952052,3.027260915592342,2.9911145960952052,3.0091874599456787,667816,0.0,0.0
1995-10-09 00:00:00-04:00,2.9911144273119357,2.9911144273119357,2.9278579279142556,2.936894655227661,502149,0.0,0.0
1995-10-10 00:00:00-04:00,2.7651989885861674,2.900748112365852,2.7651989885861674,2.855565071105957,5701756,0.0,0.0
1995-10-11 00:00:00-04:00,2.9007480499512126,2.9459310902389158,2.9007480499512126,2.9278576374053955,933054,0.0,0.0
1995-10-12 00:00:00-04:00,2.964003670612488,3.000150276958729,2.964003670612488,2.982077121734619,1505161,0.0,0.0
1995-10-13 00:00:00-04:00,2.982076842711316,2.9911135674268445,2.9459305356451893,2.9549672603607178,1206017,0.0,0.0
1995-10-16 00:00:00-04:00,2.954967816655676,2.954967816655676,2.9188209109886354,2.9278576374053955,1076831,0.0,0.0
1995-10-17 00:00:00-04:00,2.927857268817357,2.954967444654737,2.909784410055128,2.9459307193756104,1300867,0.0,0.0
1995-10-18 00:00:00-04:00,3.0001510280204418,3.01822418776901,2.9911145960952052,3.0091874599456787,1211596,0.0,0.0
1995-10-19 00:00:00-04:00,3.045333549230068,3.081479862482579,3.045333549230068,3.0634067058563232,1581556,0.0,0.0
1995-10-20 00:00:00-04:00,3.01822418776901,3.0362973475175785,3.0091874599456787,3.0091874599456787,702580,0.0,0.0
1995-10-23 00:00:00-04:00,3.000149894337303,3.054369353094803,2.9911134658267113,3.0182230472564697,677687,0.0,0.0
1995-10-24 00:00:00-04:00,3.0182235983424888,3.027260324401045,2.982077285904337,3.000150442123413,1338207,0.0,0.0
1995-10-25 00:00:00-04:00,3.0182235983424888,3.027260324401045,2.991114011962894,3.000150442123413,864813,0.0,0.0
1995-10-26 00:00:00-04:00,2.97304105758667,2.9820777851581384,2.9459314666684384,2.97304105758667,1754948,0.0,0.0
1995-10-27 00:00:00-04:00,2.9368943638221556,2.9459310902389158,2.9007480499512126,2.9278576374053955,1378979,0.0,0.0
1995-10-30 00:00:00-05:00,2.9278575842544208,2.9368943105071326,2.900747997292373,2.918820858001709,1726621,0.0,0.0
1995-10-31 00:00:00-05:00,2.9459305356451893,2.9911135674268445,2.9459305356451893,2.9549672603607178,1699583,0.0,0.0
1995-11-01 00:00:00-05:00,2.982077121734619,3.0091867066217737,2.9549675368474646,2.982077121734619,1261811,0.0,0.0
1995-11-02 00:00:00-05:00,2.9730400710196827,3.063406133155146,2.9730400710196827,3.0272598266601562,1403014,0.0,0.0
1995-11-03 00:00:00-05:00,3.0543700544717414,3.090516664508427,3.036296897402424,3.0453336238861084,1239064,0.0,0.0
1995-11-06 00:00:00-05:00,3.1176259517669673,3.1537722624227524,3.1085895220520325,3.1176259517669678,1366104,0.0,0.0
1995-11-07 00:00:00-05:00,3.063406133155146,3.063406133155146,3.0182231020874144,3.0272598266601562,2117182,0.0,0.0
1995-11-08 00:00:00-05:00,3.0272601763452727,3.0453333316804354,3.0091867251120874,3.0362966060638428,1174257,0.0,0.0
1995-11-09 00:00:00-05:00,3.0543697613990055,3.0724432126321912,3.0362966060638428,3.0362966060638428,1794433,0.0,0.0
1995-11-10 00:00:00-05:00,3.018224103647838,3.0272608312193063,2.97304105758667,2.97304105758667,1838639,0.0,0.0
1995-11-13 00:00:00-05:00,2.909785167144282,2.927858030608841,2.8646021207886174,2.891711711883545,1945936,0.0,0.0
1995-11-14 00:00:00-05:00,2.8465280896752616,2.8555648154775004,2.8013453483581543,2.8013453483581543,1801300,0.0,0.0
1995-11-15 00:00:00-05:00,2.873638656513511,2.891711816530199,2.8465287685394287,2.8465287685394287,2793152,0.0,0.0
1995-11-16 00:00:00-05:00,2.8374907405137866,2.8646006132397326,2.801344440811147,2.82845401763916,1730484,0.0,0.0
1995-11-17 00:00:00-05:00,2.828454085956799,2.837490809049695,2.8103809356689453,2.8103809356689453,421033,0.0,0.0
1995-11-20 00:00:00-05:00,2.828454582736594,2.855564460878827,2.7742351223501194,2.783271551132202,2566541,0.0,0.0
1995-11-21 00:00:00-05:00,2.855563913080752,2.855563913080752,2.412770850507258,2.4489171504974365,22828054,0.0,0.0
1995-11-22 00:00:00-05:00,2.5302476298351664,2.5302476298351664,2.4037352335485056,2.4218082427978516,74201369,0.0,0.0
1995-11-24 00:00:00-05:00,2.4669901525435582,2.4669901525435582,2.4308438525533798,2.4489171504974365,34967622,0.0,0.0
1995-11-27 00:00:00-05:00,2.49410044574608,2.530246747538617,2.4669902755547524,2.5031368732452393,31302361,0.0,0.0
1995-11-28 00:00:00-05:00,2.494101104444747,2.494101104444747,2.4308446157546775,2.4579546451568604,39285678,0.0,0.0
1995-11-29 00:00:00-05:00,2.4941013730615955,2.548320845909388,2.4941013730615955,2.530247688293457,29327240,0.0,0.0
1995-11-30 00:00:00-05:00,2.6059295952812263,2.647724023141173,2.593504536729005,2.602540969848633,69728806,0.0,0.0
1995-12-01 00:00:00-05:00,2.6395099708300203,2.648643353711554,2.5938439536112385,2.6029770374298096,78806121,0.08877,0.0
1995-12-04 00:00:00-05:00,2.5390450021578186,2.557311773300171,2.5025120579992155,2.557311773300171,57478078,0.0,0.0
1995-12-05 00:00:00-05:00,2.539045288433671,2.557312061635591,2.484246015548706,2.484246015548706,39798557,0.0,0.0
1995-12-06 00:00:00-05:00,2.502511739730835,2.529911593896611,2.4568454158088797,2.502511739730835,8532677,0.0,0.0
1995-12-07 00:00:00-05:00,2.4659781455993652,2.4842447600379916,2.4294452157850457,2.4659781455993652,4677715,0.0,0.0
1995-12-08 00:00:00-05:00,2.4659788002184757,2.529911593896611,2.4659788002184757,2.502511739730835,4546383,0.0,0.0
1995-12-11 00:00:00-05:00,2.557310599401212,2.5755770630955395,2.539043836643971,2.566443681716919,2988003,0.0,0.0
1995-12-12 00:00:00-05:00,2.5299121238682076,2.548178597450889,2.475112553588627,2.4933788776397705,3562256,0.0,0.0
1995-12-13 00:00:00-05:00,2.475112519362486,2.4933788431610404,2.411179713175635,2.4477126598358154,9469593,0.0,0.0
1995-12-14 00:00:00-05:00,2.456845717285503,2.4842457243450076,2.319846878240178,2.3472468852996826,5348535,0.0,0.0
1995-12-15 00:00:00-05:00,2.3563791714441766,2.4294454878496414,2.3563791714441766,2.402045488357544,5412913,0.0,0.0
1995-12-18 00:00:00-05:00,2.3563795862052372,2.3655129708207214,2.2833137055334416,2.292447090148926,2391862,0.0,0.0
1995-12-19 00:00:00-05:00,2.33811408948198,2.4020467575986286,2.33811408948198,2.392913818359375,1868682,0.0,0.0
1995-12-20 00:00:00-05:00,2.4659793167972865,2.520779036608405,2.4659793167972865,2.4933788776397705,2287140,0.0,0.0
1995-12-21 00:00:00-05:00,2.484245939911505,2.511645650285527,2.4728293565394455,2.4933788776397705,1877266,0.0,0.0
1995-12-22 00:00:00-05:00,2.5025116799666756,2.5390446186065674,2.5025116799666756,2.5390446186065674,591420,0.0,0.0
1995-12-26 00:00:00-05:00,2.5390446186065674,2.5481780027980427,2.520778448349627,2.5390446186065674,801293,0.0,0.0
1995-12-27 00:00:00-05:00,2.5573113557813416,2.566444440798356,2.5207784175872803,2.5207784175872803,854942,0.0,0.0
1995-12-28 00:00:00-05:00,2.5116455222823313,2.5390450817284274,2.4933787505675205,2.529911994934082,658374,0.0,0.0
1995-12-29 00:00:00-05:00,2.6121109146332464,2.6121109146332464,2.566444589709501,2.575577974319458,1245502,0.0,0.0
1996-01-02 00:00:00-05:00,2.548178119552607,2.60297753002329,2.520778563848775,2.575577974319458,1917181,0.0,0.0
1996-01-03 00:00:00-05:00,2.548178985055783,2.5755788491291507,2.4933792569090487,2.511646032333374,3665261,0.0,0.0
1996-01-04 00:00:00-05:00,2.5025114241249042,2.5025114241249042,2.4203121710572044,2.475111722946167,2042503,0.0,0.0
1996-01-05 00:00:00-05:00,2.456845402615597,2.456845402615597,2.4111792284703752,2.4385790824890137,2744225,0.0,0.0
1996-01-08 00:00:00-05:00,2.438579572702306,2.4477126598358154,2.429446336037261,2.4477126598358154,430046,0.0,0.0
1996-01-09 00:00:00-05:00,2.438578977998486,2.4477120629046816,2.420312359591597,2.429445743560791,738632,0.0,0.0
1996-01-10 00:00:00-05:00,2.356380416555174,2.4111801454325694,2.347247477315921,2.392913818359375,6975155,0.0,0.0
1996-01-11 00:00:00-05:00,2.411179170024908,2.438579023379391,2.392912850341089,2.4203124046325684,3606892,0.0,0.0
1996-01-12 00:00:00-05:00,2.4111799537414043,2.420313191317681,2.3746468539047454,2.3837802410125732,1431770,0.0,0.0
1996-01-15 00:00:00-05:00,2.4020467575986286,2.4020467575986286,2.3746470426914934,2.392913818359375,682408,0.0,0.0
1996-01-16 00:00:00-05:00,2.4111799537414043,2.420313191317681,2.347247290707465,2.3837802410125732,2303879,0.0,0.0
1996-01-17 00:00:00-05:00,2.3563795943662664,2.4477122445853503,2.3472466583136806,2.411179304122925,2534781,0.0,0.0
1996-01-18 00:00:00-05:00,2.484246015548706,2.5025123401559997,2.438579680670075,2.484246015548706,2529631,0.0,0.0
1996-01-19 00:00:00-05:00,2.465979691898802,2.5207794200455367,2.4568463041866395,2.511646032333374,1031767,0.0,0.0
1996-01-22 00:00:00-05:00,2.539044238109517,2.593843936920166,2.529911154349716,2.593843936920166,1176832,0.0,0.0
1996-01-23 00:00:00-05:00,2.5755778563094642,2.5755778563094642,2.529911533478097,2.5390446186065674,853225,0.0,0.0
1996-01-24 00:00:00-05:00,2.5207791111379465,2.548178672790528,2.51164572454503,2.5481786727905273,1039492,0.0,0.0
1996-01-25 00:00:00-05:00,2.5664449402375835,2.5664449402375835,2.5207789081397367,2.529911994934082,769104,0.0,0.0
1996-01-26 00:00:00-05:00,2.520778448349627,2.5481780027980427,2.520778448349627,2.5390446186065674,782409,0.0,0.0
1996-01-29 00:00:00-05:00,2.5664451469132765,2.5664451469132765,2.539045286197611,2.5481786727905273,1293571,0.0,0.0
1996-01-30 00:00:00-05:00,2.520778829141568,2.557311773300171,2.520778829141568,2.557311773300171,861379,0.0,0.0
1996-01-31 00:00:00-05:00,2.593844383467932,2.6303773229224485,2.5847109990727963,2.6121108531951904,1869112,0.0,0.0
1996-02-01 00:00:00-05:00,2.6303777363100815,2.648644208908081,2.612111263712082,2.648644208908081,1534345,0.0,0.0
1996-02-02 00:00:00-05:00,2.7125761940335833,2.7217089779753523,2.694309429898301,2.7034428119659424,1645934,0.0,0.0
1996-02-05 00:00:00-05:00,2.6395097778803307,2.6943094730377197,2.630376694729393,2.6943094730377197,929620,0.0,0.0
1996-02-06 00:00:00-05:00,2.694309857705283,2.7034432412231375,2.639510154724121,2.639510154724121,1396576,0.0,0.0
1996-02-07 00:00:00-05:00,2.621243953704834,2.648643505796794,2.6029771868928875,2.621243953704834,1223614,0.0,0.0
1996-02-08 00:00:00-05:00,2.621243732224599,2.6395098993671984,2.6029769669560903,2.6303768157958984,1546363,0.0,0.0
1996-02-09 00:00:00-05:00,2.584711331887598,2.584711331887598,2.557311773300171,2.557311773300171,870821,0.0,0.0
1996-02-12 00:00:00-05:00,2.6029769669560903,2.6395098993671984,2.5938438833847908,2.6303768157958984,2357527,0.0,0.0
1996-02-13 00:00:00-05:00,2.602977468800055,2.639510408254572,2.593844383467932,2.6121108531951904,1179836,0.0,0.0
1996-02-14 00:00:00-05:00,2.639510349397772,2.639510349397772,2.529911533478097,2.5390446186065674,3242512,0.0,0.0
1996-02-15 00:00:00-05:00,2.5390446186065674,2.5573113869895185,2.5025116799666756,2.5390446186065674,3035643,0.0,0.0
1996-02-16 00:00:00-05:00,2.5207789081397367,2.5390450817284274,2.502512136424926,2.529911994934082,3782429,0.0,0.0
1996-02-20 00:00:00-05:00,2.484246015548706,2.5025123401559997,2.4568460052773684,2.484246015548706,2719332,0.0,0.0
1996-02-21 00:00:00-05:00,2.4933781944590083,2.5847108364105225,2.4933781944590083,2.5847108364105225,2274265,0.0,0.0
1996-02-22 00:00:00-05:00,2.6121105702988605,2.621243953704834,2.6029771868928875,2.621243953704834,1677265,0.0,0.0
1996-02-23 00:00:00-05:00,2.621243953704834,2.621243953704834,2.6029771868928875,2.621243953704834,1361383,0.0,0.0
1996-02-26 00:00:00-05:00,2.6121104035027285,2.6121104035027285,2.5847105540974042,2.593843936920166,1639067,0.0,0.0
1996-02-27 00:00:00-05:00,2.5938443256294104,2.5938443256294104,2.529911533478097,2.5390446186065674,1561384,0.0,0.0
1996-02-28 00:00:00-05:00,2.5116454435703917,2.557311773300171,2.5116454435703917,2.557311773300171,948075,0.0,0.0
1996-02-29 00:00:00-05:00,2.557311283075463,2.5847108364105225,2.557311283075463,2.5847108364105225,1402156,0.0,0.0
1996-03-01 00:00:00-05:00,2.6212442375903255,2.6303773229224485,2.602977468800055,2.6121108531951904,2511176,0.0,0.0
1996-03-04 00:00:00-05:00,2.676043569172357,2.7491097450256348,2.666910484105075,2.7491097450256348,2946372,0.0,0.0
1996-03-05 00:00:00-05:00,2.74911074723165,2.7582438356284587,2.7125777955181904,2.7399773597717285,1169965,0.0,0.0
1996-03-06 00:00:00-05:00,2.7308439723118076,2.7765103114851883,2.7308439723118076,2.7399773597717285,1181124,0.0,0.0
1996-03-07 00:00:00-05:00,2.7399764516018346,2.7399764516018346,2.7125768964299257,2.7308430671691895,833053,0.0,0.0
1996-03-08 00:00:00-05:00,2.666910047269961,2.712576362315323,2.6029769669560903,2.6303768157958984,1357520,0.0,0.0
1996-03-11 00:00:00-05:00,2.666909924521966,2.7034428552515983,2.657776542308088,2.6943094730377197,1180266,0.0,0.0
1996-03-12 00:00:00-05:00,2.6851768345361156,2.6943102192796635,2.6577772784315186,2.676043748855591,953655,0.0,0.0
1996-03-13 00:00:00-05:00,2.7582433223724365,2.7765097948301274,2.7582433223724365,2.7582433223724365,1161381,0.0,0.0
1996-03-14 00:00:00-05:00,2.776508974795068,2.8039088249206547,2.776508974795068,2.8039088249206543,1713317,0.0,0.0
1996-03-15 00:00:00-05:00,2.7947765220160674,2.8039099086088988,2.7582435737709123,2.767376661300659,701722,0.0,0.0
1996-03-18 00:00:00-05:00,2.7765094617348973,2.813042402267456,2.7765094617348973,2.813042402267456,580691,0.0,0.0
1996-03-19 00:00:00-05:00,2.840442257198386,2.8587087274646654,2.803909316665827,2.813042402267456,1797866,0.0,0.0
1996-03-20 00:00:00-05:00,2.7673759151601995,2.7673759151601995,2.7308429767650626,2.7491097450256348,1885850,0.0,0.0
1996-03-21 00:00:00-05:00,2.794775469573243,2.794775469573243,2.776509002329362,2.785642385482788,787130,0.0,0.0
1996-03-22 00:00:00-05:00,2.7947759320011767,2.813042402267456,2.7856428463995475,2.813042402267456,1052797,0.0,0.0
1996-03-25 00:00:00-05:00,2.794776267287818,2.803909653048192,2.7582433223724365,2.7582433223724365,1369967,0.0,0.0
1996-03-26 00:00:00-05:00,2.7673760067737434,2.7673760067737434,2.7308430671691895,2.7308430671691895,1011595,0.0,0.0
1996-03-27 00:00:00-05:00,2.7765105143682542,2.7765105143682542,2.6395114868374225,2.657778263092041,1922760,0.0,0.0
1996-03-28 00:00:00-05:00,2.648644589317078,2.6669113636016846,2.621245026016372,2.6669113636016846,2266539,0.0,0.0
1996-03-29 00:00:00-05:00,2.703444408058269,2.74911074723165,2.694311020598348,2.7399773597717285,1130909,0.0,0.0
1996-04-01 00:00:00-05:00,2.776510120420549,2.8404429310511445,2.758243645820821,2.822176456451416,1702158,0.0,0.0
1996-04-02 00:00:00-05:00,2.822175901932901,2.8495757579803467,2.822175901932901,2.8495757579803467,1224043,0.0,0.0
1996-04-03 00:00:00-05:00,2.867840808491394,2.8769738899413873,2.8587074279785156,2.8587074279785156,1569110,0.0,0.0
1996-04-04 00:00:00-05:00,2.85870884395414,2.85870884395414,2.831309286969727,2.8495757579803467,467385,0.0,0.0
1996-04-08 00:00:00-04:00,2.758243021894046,2.82217581806276,2.758243021894046,2.79477596282959,912882,0.0,0.0
1996-04-09 00:00:00-04:00,2.813041936817124,2.8313087031239768,2.776509002329362,2.785642385482788,779834,0.0,0.0
1996-04-10 00:00:00-04:00,2.785643180590501,2.794776267287818,2.7582433223724365,2.7582433223724365,1157090,0.0,0.0
1996-04-11 00:00:00-04:00,2.79477596282959,2.79477596282959,2.76737610759642,2.79477596282959,1284558,0.0,0.0
1996-04-12 00:00:00-04:00,2.8130430347973268,2.84957628260763,2.8130430347973268,2.8404428958892822,364809,0.0,0.0
1996-04-15 00:00:00-04:00,2.8404422502044406,2.9226415157318115,2.8404422502044406,2.9226415157318115,946358,0.0,0.0
1996-04-16 00:00:00-04:00,2.904374361038208,2.9135074444649605,2.8952412776114556,2.904374361038208,811594,0.0,0.0
1996-04-17 00:00:00-04:00,2.8769738899413873,2.8769738899413873,2.8495743465285224,2.8587074279785156,430475,0.0,0.0
1996-04-18 00:00:00-04:00,2.904375587322153,2.9135086746050725,2.867842640064322,2.8861091136932373,591420,0.0,0.0
1996-04-19 00:00:00-04:00,2.9226423726226067,2.95004193645634,2.9226423726226067,2.9409091472625732,292277,0.0,0.0
1996-04-22 00:00:00-04:00,2.922641642022825,2.922641642022825,2.831309286969727,2.8495757579803467,1155802,0.0,0.0
1996-04-23 00:00:00-04:00,2.8313098432828263,2.8404429310511445,2.8130430696200057,2.822176456451416,998290,0.0,0.0
1996-04-24 00:00:00-04:00,2.8313098432828263,2.8313098432828263,2.803909981851688,2.822176456451416,376827,0.0,0.0
1996-04-25 00:00:00-04:00,2.858708500668514,2.904374822242777,2.858708500668514,2.8952417373657227,871680,0.0,0.0
1996-04-26 00:00:00-04:00,2.9135079071198313,2.9135079071198313,2.886108353425671,2.8952417373657227,317599,0.0,0.0
1996-04-29 00:00:00-04:00,2.8952425000392332,2.8952425000392332,2.876975727347242,2.8861091136932373,437342,0.0,0.0
1996-04-30 00:00:00-04:00,2.9043747640334443,2.9317746162414555,2.9043747640334443,2.931774616241455,546356,0.0,0.0
1996-05-01 00:00:00-04:00,2.886108908164898,2.886108908164898,2.8404425778131057,2.867842435836792,1470396,0.0,0.0
1996-05-02 00:00:00-04:00,2.886108700001586,2.8952420850384124,2.831309286969727,2.8495757579803467,2168684,0.0,0.0
1996-05-03 00:00:00-04:00,2.8587094056508726,2.876975880250601,2.803909981851688,2.822176456451416,2705169,0.0,0.0
1996-05-06 00:00:00-04:00,2.8313098432828263,2.8313098432828263,2.7856435072519594,2.822176456451416,1289279,0.0,0.0
1996-05-07 00:00:00-04:00,2.7856423578579195,2.8221752919833896,2.776508974795068,2.8039088249206543,1399151,0.0,0.0
1996-05-08 00:00:00-04:00,2.767376661300659,2.767376661300659,2.7217103264626727,2.767376661300659,1229193,0.0,0.0
1996-05-09 00:00:00-04:00,2.74911074723165,2.7582438356284587,2.7217105848518863,2.7399773597717285,1059664,0.0,0.0
1996-05-10 00:00:00-04:00,2.7582435737709123,2.785643434486321,2.7491104862411655,2.767376661300659,1327906,0.0,0.0
1996-05-13 00:00:00-04:00,2.74911074723165,2.74911074723165,2.7125777955181904,2.7399773597717285,658803,0.0,0.0
1996-05-14 00:00:00-04:00,2.7491097450256348,2.7673759151601995,2.7308429767650626,2.7491097450256348,431333,0.0,0.0
1996-05-15 00:00:00-04:00,2.7399763608953487,2.758242830092917,2.7399763608953487,2.7491097450256348,894427,0.0,0.0
1996-05-16 00:00:00-04:00,2.7308439723118076,2.7399773597717285,2.7125777955181904,2.7399773597717285,1155373,0.0,0.0
1996-05-17 00:00:00-04:00,2.7399773597717285,2.74911074723165,2.7217105848518863,2.7399773597717285,1420181,0.0,0.0
1996-05-20 00:00:00-04:00,2.739976111484894,2.7856424298534717,2.739976111484894,2.7765090465545654,1660526,0.0,0.0
1996-05-21 00:00:00-04:00,2.767376661300659,2.77651004789349,2.7491104862411655,2.767376661300659,557944,0.0,0.0
1996-05-22 00:00:00-04:00,2.7491097450256348,2.758242830092917,2.712576806630498,2.7491097450256348,456226,0.0,0.0
1996-05-23 00:00:00-04:00,2.721709728240967,2.7399764974116607,2.70344355719631,2.721709728240967,721035,0.0,0.0
1996-05-24 00:00:00-04:00,2.730842728185988,2.7947755140894013,2.730842728185988,2.7765090465545654,723181,0.0,0.0
1996-05-28 00:00:00-04:00,2.7856424298534717,2.8039088973883075,2.7765090465545654,2.7765090465545654,824898,0.0,0.0
1996-05-29 00:00:00-04:00,2.8404425778131057,2.8769755224693174,2.8404425778131057,2.867842435836792,1289279,0.0,0.0
1996-05-30 00:00:00-04:00,2.858709300835035,2.8769757747650146,2.849576213401585,2.8769757747650146,457943,0.0,0.0
1996-05-31 00:00:00-04:00,2.886108353425671,2.904374822242777,2.8769749694856195,2.8952417373657227,366955,0.0,0.0
1996-06-03 00:00:00-04:00,2.822174504052773,2.867840808491394,2.822174504052773,2.8587074279785156,482407,0.0,0.0
1996-06-04 00:00:00-04:00,2.886107675867577,2.9317739867209727,2.867841211338804,2.9135072231292725,2604310,0.0,0.0
1996-06-05 00:00:00-04:00,2.84957628260763,2.85870937026289,2.794776560423719,2.8404428958892822,1892288,0.0,0.0
1996-06-06 00:00:00-04:00,2.803909653048192,2.803909653048192,2.74911023567512,2.7582433223724365,131253692,0.0,0.0
1996-06-07 00:00:00-04:00,2.657777057123566,2.6851766109466553,2.648643673140537,2.6851766109466553,13238288,0.0,0.0
1996-06-10 00:00:00-04:00,2.6760430076729036,2.7217090215534734,2.666909924521966,2.6943094730377197,1572972,0.0,0.0
1996-06-11 00:00:00-04:00,2.712576941781657,2.7399764974116607,2.70344355719631,2.721709728240967,27228084,0.0,0.0
1996-06-12 00:00:00-04:00,2.730842360042993,2.7399757421106345,2.68517604783066,2.7034428119659424,18243473,0.0,0.0
1996-06-13 00:00:00-04:00,2.68517604783066,2.7034428119659424,2.676042964825955,2.7034428119659424,856658,0.0,0.0
1996-06-14 00:00:00-04:00,2.706377847759537,2.752248709654191,2.706377847759537,2.743074417114258,120107264,0.03844,0.0
1996-06-17 00:00:00-04:00,2.779770973142029,2.7981195581339273,2.770596981048584,2.770596981048584,1566534,0.0,0.0
1996-06-18 00:00:00-04:00,2.7981195773848557,2.7981195773848557,2.724726438522339,2.724726438522339,1463100,0.0,0.0
1996-06-19 00:00:00-04:00,2.743074417114258,2.752248709654191,2.7247264328394034,2.743074417114258,867817,0.0,0.0
1996-06-20 00:00:00-04:00,2.697202807657957,2.697202807657957,2.642157968882203,2.660506248474121,873826,0.0,0.0
1996-06-21 00:00:00-04:00,2.715552415617568,2.715552415617568,2.6605072556021905,2.6696815490722656,3322770,0.0,0.0
1996-06-24 00:00:00-04:00,2.678855888140624,2.6972038745880127,2.6696815945143886,2.6972038745880127,350646,0.0,0.0
1996-06-25 00:00:00-04:00,2.69720340239418,2.69720340239418,2.669681127138824,2.6788554191589355,862667,0.0,0.0
1996-06-26 00:00:00-04:00,2.6696805384712916,2.6788548284684617,2.660506248474121,2.660506248474121,670391,0.0,0.0
1996-06-27 00:00:00-04:00,2.6421589690645764,2.6788558425423408,2.632984975997038,2.6696815490722656,829190,0.0,0.0
1996-06-28 00:00:00-04:00,2.7063775062561035,2.7247260890206597,2.6972032148738254,2.7063775062561035,561806,0.0,0.0
1996-07-01 00:00:00-04:00,2.7063781880252247,2.770597342671342,2.7063781880252247,2.761423349380493,1890571,0.0,0.0
1996-07-02 00:00:00-04:00,2.7981197295355913,2.8164680152489283,2.7797711434197314,2.788945436477661,1857524,0.0,0.0
1996-07-03 00:00:00-04:00,2.761423002194124,2.761423002194124,2.7247264328394034,2.743074417114258,349788,0.0,0.0
1996-07-05 00:00:00-04:00,2.69720340239418,2.715551986434403,2.6788554191589355,2.6788554191589355,284551,0.0,0.0
1996-07-08 00:00:00-04:00,2.688028335571289,2.688028335571289,2.6605057709224074,2.688028335571289,587558,0.0,0.0
1996-07-09 00:00:00-04:00,2.6880298813643186,2.6972038745880127,2.678855888140624,2.6972038745880127,432192,0.0,0.0
1996-07-10 00:00:00-04:00,2.6972038745880127,2.6972038745880127,2.6696815945143886,2.6972038745880127,1210738,0.0,0.0
1996-07-11 00:00:00-04:00,2.6788549562571036,2.6788549562571036,2.623809814453125,2.623809814453125,1016316,0.0,0.0
1996-07-12 00:00:00-04:00,2.605461597442627,2.6146355876984333,2.596287306784376,2.605461597442627,828332,0.0,0.0
1996-07-15 00:00:00-04:00,2.6054614077962484,2.6054614077962484,2.4861972901334286,2.4953715801239014,3049377,0.0,0.0
1996-07-16 00:00:00-04:00,2.5045454195107397,2.5137197095012125,2.421978161407388,2.4953715801239014,3279422,0.0,0.0
1996-07-17 00:00:00-04:00,2.5504162686582577,2.5504162686582577,2.4861972901334286,2.4953715801239014,3109034,0.0,0.0
1996-07-18 00:00:00-04:00,2.4953723491257884,2.568765640258789,2.4953723491257884,2.568765640258789,3544230,0.0,0.0
1996-07-19 00:00:00-04:00,2.55959153175354,2.577939818307709,2.5504172382751866,2.55959153175354,1364387,0.0,0.0
1996-07-22 00:00:00-04:00,2.550417083268163,2.550417083268163,2.4953723771523832,2.5137205123901367,365668,0.0,0.0
1996-07-23 00:00:00-04:00,2.550417378879834,2.5595916728639665,2.5137208037484116,2.522895097732544,721893,0.0,0.0
1996-07-24 00:00:00-04:00,2.504546509764279,2.5320693917166763,2.477024228616989,2.522895097732544,1048076,0.0,0.0
1996-07-25 00:00:00-04:00,2.5687658092478682,2.605462382127864,2.5687658092478682,2.587114095687866,22622473,0.0,0.0
1996-07-26 00:00:00-04:00,2.5779398022665996,2.587114095687866,2.5687658092478682,2.587114095687866,301290,0.0,0.0
1996-07-29 00:00:00-04:00,2.5962880887065976,2.605462382127864,2.587114095687866,2.587114095687866,554510,0.0,0.0
1996-07-30 00:00:00-04:00,2.596287897694939,2.614636182785034,2.587113905351148,2.614636182785034,498716,0.0,0.0
1996-07-31 00:00:00-04:00,2.623809814453125,2.632984104887934,2.6054615339859444,2.623809814453125,561377,0.0,0.0
1996-08-01 00:00:00-04:00,2.6421589690645764,2.6788558425423408,2.6421589690645764,2.6696815490722656,652365,0.0,0.0
1996-08-02 00:00:00-04:00,2.6972035608451344,2.733900130276393,2.6972035608451344,2.724726438522339,773396,0.0,0.0
1996-08-05 00:00:00-04:00,2.743074417114258,2.761423002194124,2.743074417114258,2.743074417114258,638631,0.0,0.0
1996-08-06 00:00:00-04:00,2.7063778534042027,2.733900130276393,2.678855576532012,2.724726438522339,1476405,0.0,0.0
1996-08-07 00:00:00-04:00,2.7614229889551396,2.779770973142029,2.75224869645919,2.770596981048584,709018,0.0,0.0
1996-08-08 00:00:00-04:00,2.7889448509229506,2.7981191420546865,2.743073996069192,2.7522482872009277,997432,0.0,0.0
1996-08-09 00:00:00-04:00,2.743074417114258,2.761423002194124,2.743074417114258,2.743074417114258,410303,0.0,0.0
1996-08-12 00:00:00-04:00,2.743074362547864,2.7522486549052987,2.7155520862805616,2.7339000701904297,263092,0.0,0.0
1996-08-13 00:00:00-04:00,2.7430741270847463,2.7430741270847463,2.7155518531799316,2.7155518531799316,419316,0.0,0.0
1996-08-14 00:00:00-04:00,2.7063775616100108,2.7338998355148254,2.7063775616100108,2.7155518531799316,448072,0.0,0.0
1996-08-15 00:00:00-04:00,2.7339000701904297,2.7522486549052987,2.7339000701904297,2.7339000701904297,437342,0.0,0.0
1996-08-16 00:00:00-04:00,2.75224869645919,2.770596981048584,2.7430744039632406,2.770596981048584,462664,0.0,0.0
1996-08-19 00:00:00-04:00,2.7614229889551396,2.779770973142029,2.75224869645919,2.770596981048584,436913,0.0,0.0
1996-08-20 00:00:00-04:00,2.770597342671342,2.770597342671342,2.7522490556871007,2.761423349380493,363093,0.0,0.0
1996-08-21 00:00:00-04:00,2.761422947262733,2.761422947262733,2.724726378637996,2.7339000701904297,242920,0.0,0.0
1996-08-22 00:00:00-04:00,2.724726586682244,2.788945436477661,2.724726586682244,2.788945436477661,811164,0.0,0.0
1996-08-23 00:00:00-04:00,2.816467878289364,2.8439904557222597,2.816467878289364,2.8256418704986572,1030908,0.0,0.0
1996-08-26 00:00:00-04:00,2.8164684772491455,2.8256424714094113,2.798120188526042,2.8164684772491455,795284,0.0,0.0
1996-08-27 00:00:00-04:00,2.843990271019885,2.8531642626333746,2.8348159790039062,2.8348159790039062,492707,0.0,0.0
1996-08-28 00:00:00-04:00,2.8256417415415274,2.8439903259277344,2.8256417415415274,2.8439903259277344,253650,0.0,0.0
1996-08-29 00:00:00-04:00,2.788945223530036,2.788945223530036,2.7339000701904297,2.7339000701904297,304723,0.0,0.0
1996-08-30 00:00:00-04:00,2.7614219203741226,2.7797698974609375,2.752247631428326,2.7797698974609375,308586,0.0,0.0
1996-09-03 00:00:00-04:00,2.733900468300315,2.761423349380493,2.72472677541201,2.761423349380493,575540,0.0,0.0
1996-09-04 00:00:00-04:00,2.651332948026591,2.6605072414478577,2.5137206495253395,2.587114095687866,5406904,0.0,0.0
1996-09-05 00:00:00-04:00,2.605461597442627,2.6146355876984333,2.577939025870318,2.605461597442627,2512893,0.0,0.0
1996-09-06 00:00:00-04:00,2.605462759518869,2.6513333320617676,2.596288464768742,2.6513333320617676,2269973,0.0,0.0
1996-09-09 00:00:00-04:00,2.660506835118712,2.6788554191589355,2.632984559863356,2.6788554191589355,488845,0.0,0.0
1996-09-10 00:00:00-04:00,2.6696805384712916,2.6788548284684617,2.6513319584769506,2.660506248474121,590562,0.0,0.0
1996-09-11 00:00:00-04:00,2.642159337714219,2.6605076268118943,2.642159337714219,2.6513333320617676,333479,0.0,0.0
1996-09-12 00:00:00-04:00,2.6696805384712916,2.6788548284684617,2.642157968882203,2.660506248474121,1397005,0.0,0.0
1996-09-13 00:00:00-04:00,2.660506248474121,2.6696805384712916,2.6513319584769506,2.660506248474121,1122755,0.0,0.0
1996-09-16 00:00:00-04:00,2.614634989352555,2.642157554626465,2.614634989352555,2.642157554626465,650648,0.0,0.0
1996-09-17 00:00:00-04:00,2.623809814453125,2.632984104887934,2.6054615339859444,2.623809814453125,701292,0.0,0.0
1996-09-18 00:00:00-04:00,2.6146363914160475,2.6146363914160475,2.5504172382751866,2.55959153175354,2244221,0.0,0.0
1996-09-19 00:00:00-04:00,2.550417378879834,2.5595916728639665,2.5137208037484116,2.522895097732544,2190573,0.0,0.0
1996-09-20 00:00:00-04:00,2.5320687294006348,2.5412427205825625,2.522894437816232,2.5320687294006348,925757,0.0,0.0
1996-09-23 00:00:00-04:00,2.5504168295113536,2.559591121519312,2.5137202622844965,2.541242837905884,1162240,0.0,0.0
1996-09-24 00:00:00-04:00,2.5320687294006348,2.5504167117644907,2.522894437816232,2.5320687294006348,514167,0.0,0.0
1996-09-25 00:00:00-04:00,2.541242279070208,2.541242279070208,2.4861972901334286,2.4953715801239014,2464395,0.0,0.0
1996-09-26 00:00:00-04:00,2.550417378879834,2.550417378879834,2.5137208037484116,2.522895097732544,1501727,0.0,0.0
1996-09-27 00:00:00-04:00,2.522894805310903,2.532069098231669,2.504546219469371,2.5137205123901367,805585,0.0,0.0
1996-09-30 00:00:00-04:00,2.5595913209989822,2.5595913209989822,2.5045461654663086,2.5045461654663086,2967832,0.0,0.0
1996-10-01 00:00:00-04:00,2.5137202622844965,2.541242837905884,2.5137202622844965,2.541242837905884,2100014,0.0,0.0
1996-10-02 00:00:00-04:00,2.577939025870318,2.605461597442627,2.5687650356145117,2.605461597442627,2184135,0.0,0.0
1996-10-03 00:00:00-04:00,2.605461597442627,2.6238098783566848,2.605461597442627,2.605461597442627,800006,0.0,0.0
1996-10-04 00:00:00-04:00,2.6054615339859444,2.642158094920305,2.6054615339859444,2.623809814453125,1341211,0.0,0.0
1996-10-07 00:00:00-04:00,2.623810495957596,2.623810495957596,2.5595913474410636,2.568765640258789,1005157,0.0,0.0
1996-10-08 00:00:00-04:00,2.587113802727845,2.623810371452389,2.5687655183655735,2.577939510345459,1457521,0.0,0.0
1996-10-09 00:00:00-04:00,2.596287250518799,2.596287250518799,2.577938970002377,2.596287250518799,1242069,0.0,0.0
1996-10-10 00:00:00-04:00,2.587113260461807,2.605461540978229,2.587113260461807,2.596287250518799,1148935,0.0,0.0
1996-10-11 00:00:00-04:00,2.642157968882203,2.6696805384712916,2.642157968882203,2.660506248474121,1852802,0.0,0.0
1996-10-14 00:00:00-04:00,2.651332621995344,2.651332621995344,2.6329846382141113,2.6329846382141113,650648,0.0,0.0
1996-10-15 00:00:00-04:00,2.6605076268118943,2.6605076268118943,2.642159337714219,2.6513333320617676,733911,0.0,0.0
1996-10-16 00:00:00-04:00,2.660506248474121,2.660506248474121,2.6513319584769506,2.660506248474121,478544,0.0,0.0
1996-10-17 00:00:00-04:00,2.6696815490722656,2.6880298356098793,2.6421589690645764,2.6696815490722656,1010737,0.0,0.0
1996-10-18 00:00:00-04:00,2.651332752965224,2.651332752965224,2.605462190441243,2.614636182785034,1266532,0.0,0.0
1996-10-21 00:00:00-04:00,2.6329846382141113,2.651332621995344,2.6329846382141113,2.6329846382141113,997861,0.0,0.0
1996-10-22 00:00:00-04:00,2.632984975997038,2.6788558425423408,2.632984975997038,2.6696815490722656,655799,0.0,0.0
1996-10-23 00:00:00-04:00,2.660506248474121,2.6696805384712916,2.642157968882203,2.660506248474121,579403,0.0,0.0
1996-10-24 00:00:00-04:00,2.660506914288459,2.660506914288459,2.6329846382141113,2.6329846382141113,625755,0.0,0.0
1996-10-25 00:00:00-04:00,2.660506835118712,2.688029410776558,2.660506835118712,2.6788554191589355,718460,0.0,0.0
1996-10-28 00:00:00-05:00,2.7155518531799316,2.724726144749853,2.7063775616100108,2.7155518531799316,586270,0.0,0.0
1996-10-29 00:00:00-05:00,2.7614219203741226,2.7797698974609375,2.74307334248253,2.7797698974609375,1318464,0.0,0.0
1996-10-30 00:00:00-05:00,2.843990271019885,2.843990271019885,2.807293403358459,2.8348159790039062,2364394,0.0,0.0
1996-10-31 00:00:00-05:00,2.8256416869879275,2.843990271019885,2.816467695374438,2.8348159790039062,1113742,0.0,0.0
1996-11-01 00:00:00-05:00,2.8439903259277344,2.862338609911446,2.8256417415415274,2.8439903259277344,889277,0.0,0.0
1996-11-04 00:00:00-05:00,2.9357321960227725,2.954080783222622,2.8898613288282298,2.917383909225464,4481147,0.0,0.0
1996-11-05 00:00:00-05:00,2.9724298024858458,2.9816040992736816,2.96325550569801,2.9816040992736816,1756235,0.0,0.0
1996-11-06 00:00:00-05:00,2.9540818097154644,2.9816040992736816,2.9449075129276285,2.9816040992736816,806443,0.0,0.0
1996-11-07 00:00:00-05:00,2.944905941290504,2.9632539242689355,2.9357316493988037,2.9357316493988037,1380267,0.0,0.0
1996-11-08 00:00:00-05:00,2.9357317587794203,2.963254034674988,2.9357317587794203,2.95408034324646,854942,0.0,0.0
1996-11-11 00:00:00-05:00,2.9357311158621924,2.9449054060865674,2.917382835815873,2.9265568256378174,322320,0.0,0.0
1996-11-12 00:00:00-05:00,2.9082095755422697,2.9082095755422697,2.8623387137181715,2.8806869983673096,1647222,0.0,0.0
1996-11-13 00:00:00-05:00,2.899035692214966,2.899035692214966,2.880687404975969,2.899035692214966,1560526,0.0,0.0
1996-11-14 00:00:00-05:00,2.8898613288282298,2.917383909225464,2.8898613288282298,2.917383909225464,344208,0.0,0.0
1996-11-15 00:00:00-05:00,2.917382835815873,2.9265568256378174,2.889860265545178,2.9265568256378174,262234,0.0,0.0
1996-11-18 00:00:00-05:00,2.990776666383802,2.990776666383802,2.9632537919377993,2.9724280834198,1267391,0.0,0.0
1996-11-19 00:00:00-05:00,3.1008666474579445,3.183434377196092,3.0916926555331496,3.165085792541504,2296582,0.0,0.0
1996-11-20 00:00:00-05:00,3.1559120053167757,3.1650859978366177,3.091692856067807,3.1100411415100098,2889719,0.0,0.0
1996-11-21 00:00:00-05:00,3.1008668631037803,3.1008668631037803,3.0641702920475873,3.0825185775756836,1658810,0.0,0.0
1996-11-22 00:00:00-05:00,3.1008660717948406,3.1375629338888946,3.1008660717948406,3.1283886432647705,39968944,0.0,0.0
1996-11-25 00:00:00-05:00,3.165086012653379,3.165086012653379,3.0458220065194905,3.0825185775756836,3219765,0.0,0.0
1996-11-26 00:00:00-05:00,3.0916926860809326,3.1008666780963714,3.0733444016475517,3.0916926860809326,1397005,0.0,0.0
1996-11-27 00:00:00-05:00,3.0825182724556925,3.1008665561676025,3.0733442808009825,3.1008665561676025,19202278,0.0,0.0
1996-11-29 00:00:00-05:00,3.2304545808760983,3.2304545808760983,3.193322999385132,3.2118887901306152,1376404,0.11533,0.0
1996-12-02 00:00:00-05:00,3.2304550432579466,3.2304550432579466,3.1933234564522586,3.202606201171875,31761592,0.0,0.0
1996-12-03 00:00:00-05:00,3.1561920556546954,3.1561920556546954,3.0912113189697266,3.0912113189697266,28428951,0.0,0.0
1996-12-04 00:00:00-05:00,3.0169472203064354,3.0447957515716553,3.007664173909004,3.0447957515716553,1354516,0.0,0.0
1996-12-05 00:00:00-05:00,3.016948909970899,3.016948909970899,2.9891003631088946,2.998382806777954,469531,0.0,0.0
1996-12-06 00:00:00-05:00,2.951966866512933,2.9890987488824945,2.924118030726647,2.9705326557159424,509446,0.0,0.0
1996-12-09 00:00:00-05:00,2.989099246477623,2.998381686679062,2.96125010209175,2.979816198348999,646356,0.0,0.0
1996-12-10 00:00:00-05:00,2.9890996987048832,3.035514338442989,2.9890996987048832,3.026231288909912,430475,0.0,0.0
1996-12-11 00:00:00-05:00,3.0262313317122658,3.03551438137664,2.9890997409820557,2.9890997409820557,593996,0.0,0.0
1996-12-12 00:00:00-05:00,3.0447967800487876,3.0540798295818643,3.026231288909912,3.026231288909912,197426,0.0,0.0
1996-12-13 00:00:00-05:00,3.187043939350898,3.206536199778031,3.157804591298672,3.167551040649414,232190,0.45143,0.0
1996-12-16 00:00:00-05:00,3.1967888173768295,3.1967888173768295,3.079833374126899,3.0895798206329346,1694861,0.0,0.0
1996-12-17 00:00:00-05:00,3.0895798206329346,3.0993259480018875,3.0700869276208635,3.0895798206329346,745928,0.0,0.0
1996-12-18 00:00:00-05:00,3.1188194659461264,3.157804625496943,3.1090730164898326,3.1480581760406494,1064814,0.0,0.0
1996-12-19 00:00:00-05:00,3.216281992085044,3.265013590609184,3.196789097365699,3.2552671432495117,1380696,0.0,0.0
1996-12-20 00:00:00-05:00,3.2650143174820783,3.2747604478743697,3.2162827081090772,3.22602915763855,871251,0.0,0.0
1996-12-23 00:00:00-05:00,3.2552683870102777,3.2650148380938377,3.1967903187833837,3.2065367698669434,912023,0.0,0.0
1996-12-24 00:00:00-05:00,3.2065356815122756,3.226028577063164,3.2065356815122756,3.2162821292877197,233907,0.0,0.0
1996-12-26 00:00:00-05:00,3.2162832209505035,3.226029672034063,3.1967903187833837,3.2065367698669434,556227,0.0,0.0
1996-12-27 00:00:00-05:00,3.2162832209505035,3.226029672034063,3.1967903187833837,3.2065367698669434,399144,0.0,0.0
1996-12-30 00:00:00-05:00,3.2260288643901234,3.2552675720463586,3.221155320931214,3.2357749938964844,1145072,0.0,0.0
1996-12-31 00:00:00-05:00,3.2552678679526053,3.2552678679526053,3.2260291576385502,3.22602915763855,583266,0.0,0.0
1997-01-02 00:00:00-05:00,3.2162829026033526,3.2260293527222106,3.128566128082436,3.138312578201294,928762,0.0,0.0
1997-01-03 00:00:00-05:00,3.2065356815122756,3.235774705701483,3.1870434242356365,3.2162821292877197,1372542,0.0,0.0
1997-01-06 00:00:00-05:00,3.2845064560781587,3.3039990333807854,3.25526743055565,3.2747600078582764,1663102,0.0,0.0
1997-01-07 00:00:00-05:00,3.2747600078582764,3.2747600078582764,3.2357748532530235,3.2747600078582764,1877266,0.0,0.0
1997-01-08 00:00:00-05:00,3.3137451047319764,3.3234912327063033,3.28450608253479,3.28450608253479,1473401,0.0,0.0
1997-01-09 00:00:00-05:00,3.304000001256529,3.313746452331543,3.2650148352309385,3.313746452331543,1851086,0.0,0.0
1997-01-10 00:00:00-05:00,3.2357744852518473,3.28450608253479,3.2357744852518473,3.28450608253479,292706,0.0,0.0
1997-01-13 00:00:00-05:00,3.303998708724975,3.303998708724975,3.2845061333377186,3.3039987087249756,300431,0.0,0.0
1997-01-14 00:00:00-05:00,3.3624769760626365,3.40146213311164,3.352730846368965,3.3917160034179688,800435,0.0,0.0
1997-01-15 00:00:00-05:00,3.391715102171068,3.391715102171068,3.372222528826135,3.3819689750671387,1108591,0.0,0.0
1997-01-16 00:00:00-05:00,3.4014619810199473,3.4112084294149785,3.3527306964562245,3.3624768257141113,1818897,0.0,0.0
1997-01-17 00:00:00-05:00,3.323491284112232,3.3917154575361854,3.274759686075536,3.3039987087249756,742065,0.0,0.0
1997-01-20 00:00:00-05:00,3.265014171600342,3.2942528806080036,3.265014171600342,3.265014171600342,542064,0.0,0.0
1997-01-21 00:00:00-05:00,3.303998824805894,3.4112081527709956,3.303998824805894,3.411208152770996,2002160,0.0,0.0
1997-01-22 00:00:00-05:00,3.508671760559082,3.567149495580204,3.469686603878334,3.508671760559082,3387577,0.0,0.0
1997-01-23 00:00:00-05:00,3.4696865019622636,3.5379103645810366,3.4696865019622636,3.49892520904541,1670398,0.0,0.0
1997-01-24 00:00:00-05:00,3.5184182022615444,3.5671494884464465,3.508671753542271,3.5379104614257812,701292,0.0,0.0
1997-01-27 00:00:00-05:00,3.5086714588420054,3.5184179067426555,3.411208256384018,3.420954704284668,577686,0.0,0.0
1997-01-28 00:00:00-05:00,3.4501936112388267,3.479432956648653,3.430701352573237,3.469686508178711,1340782,0.0,0.0
1997-01-29 00:00:00-05:00,3.4209550453445745,3.430701494216919,3.41120859647223,3.430701494216919,550218,0.0,0.0
1997-01-30 00:00:00-05:00,3.352729955481202,3.3819689750671387,3.333237382136269,3.3819689750671387,735627,0.0,0.0
1997-01-31 00:00:00-05:00,3.3722233290078485,3.3819697775615487,3.3527307510375977,3.3527307510375977,693138,0.0,0.0
1997-02-03 00:00:00-05:00,3.3429839769500913,3.4112081527709956,3.3429839769500913,3.411208152770996,773825,0.0,0.0
1997-02-04 00:00:00-05:00,3.5184182092978467,3.528164338899456,3.489178863081552,3.508671760559082,1311597,0.0,0.0
1997-02-05 00:00:00-05:00,3.5768967112511345,3.5866428429424384,3.489179611206055,3.4891796112060547,1541212,0.0,0.0
1997-02-06 00:00:00-05:00,3.6548667060663966,3.6548667060663966,3.6061354138055925,3.6256279945373535,1938211,0.0,0.0
1997-02-07 00:00:00-05:00,3.68410486561732,3.6938509941101074,3.6743587371245323,3.6938509941101074,1236918,0.0,0.0
1997-02-10 00:00:00-05:00,3.7425837703951985,3.7425837703951985,3.6256282768963017,3.645120859146118,1170394,0.0,0.0
1997-02-11 00:00:00-05:00,3.62562793856704,3.654866649644713,3.606135358136194,3.635374069213867,1816751,0.0,0.0
1997-02-12 00:00:00-05:00,3.596386444431454,3.6061328875380854,3.53790842406561,3.547654867172241,1100437,0.0,0.0
1997-02-13 00:00:00-05:00,3.5574038480798706,3.5768964290618896,3.5379109479606523,3.5768964290618896,286697,0.0,0.0
1997-02-14 00:00:00-05:00,3.6256262192557758,3.6548649164681417,3.6061336480685187,3.615879774093628,1367821,0.0,0.0
1997-02-18 00:00:00-05:00,3.5963889083521763,3.6451205189978855,3.5963889083521763,3.635374069213867,466098,0.0,0.0
1997-02-19 00:00:00-05:00,3.7230897224100636,3.752328422198962,3.703596830368042,3.703596830368042,1434774,0.0,0.0
1997-02-20 00:00:00-05:00,3.6646119275729303,3.6646119275729303,3.57689518411526,3.586641311645508,1115888,0.0,0.0
1997-02-21 00:00:00-05:00,3.606135357540661,3.606135357540661,3.5574037469029998,3.5671498775482178,752795,0.0,0.0
1997-02-24 00:00:00-05:00,3.625628693494042,3.6646138624732103,3.625628693494042,3.65486741065979,1285846,0.0,0.0
1997-02-25 00:00:00-05:00,3.7328353965332615,3.752328287877499,3.6938502521188967,3.7133431434631348,1721042,0.0,0.0
1997-02-26 00:00:00-05:00,3.664613441395934,3.68410602364575,3.6256282768963017,3.645120859146118,942925,0.0,0.0
1997-02-27 00:00:00-05:00,3.67435799904877,3.7230895891352533,3.6646115533766515,3.7133431434631348,1929627,0.0,0.0
1997-02-28 00:00:00-05:00,3.6938503843470314,3.713343276389053,3.6743581305791437,3.703596830368042,1738209,0.0,0.0
1997-03-03 00:00:00-05:00,3.6743583388028753,3.732835741694552,3.664611892229539,3.7230899333953857,979406,0.0,0.0
1997-03-04 00:00:00-05:00,3.7230897224100636,3.752328422198962,3.703596830368042,3.703596830368042,880264,0.0,0.0
1997-03-05 00:00:00-05:00,3.684105435057226,3.7328367233276363,3.684105435057226,3.7328367233276367,321461,0.0,0.0
1997-03-06 00:00:00-05:00,3.7913140231708926,3.8010604703620023,3.7425824254895548,3.752328872680664,1504302,0.0,0.0
1997-03-07 00:00:00-05:00,3.7230899333953857,3.7230899333953857,3.6938505936753776,3.7230899333953857,1050651,0.0,0.0
1997-03-10 00:00:00-05:00,3.6743581305791437,3.703596830368042,3.6743581305791437,3.703596830368042,281547,0.0,0.0
1997-03-11 00:00:00-05:00,3.68410602364575,3.68410602364575,3.6256282768963017,3.645120859146118,453222,0.0,0.0
1997-03-12 00:00:00-05:00,3.547656006410781,3.547656006410781,3.5184173059755737,3.528163433074951,748503,0.0,0.0
1997-03-13 00:00:00-05:00,3.5574013102788724,3.5768938773551633,3.5281623000959503,3.547654867172241,484982,0.0,0.0
1997-03-14 00:00:00-05:00,3.5963892439529674,3.6548669907024163,3.5963892439529674,3.645120859146118,628760,0.0,0.0
1997-03-17 00:00:00-05:00,3.5866424579758442,3.5866424579758442,3.5574037469029998,3.5671498775482178,947646,0.0,0.0
1997-03-18 00:00:00-05:00,3.57689593716572,3.57689593716572,3.5379104614257812,3.5379104614257812,863954,0.0,0.0
1997-03-19 00:00:00-05:00,3.537910233269678,3.557403129451149,3.4696863731830687,3.4794328212738037,590562,0.0,0.0
1997-03-20 00:00:00-05:00,3.450194892357714,3.450194892357714,3.39171713723567,3.401463270187378,644640,0.0,0.0
1997-03-21 00:00:00-05:00,3.3819693294111106,3.3819693294111106,3.274759686075536,3.3039987087249756,1232627,0.0,0.0
1997-03-24 00:00:00-05:00,3.333237543208564,3.352730117495438,3.3039985222097075,3.323491096496582,1336490,0.0,0.0
1997-03-25 00:00:00-05:00,3.391715576698897,3.450193304915193,3.3819694482314073,3.411208152770996,1217605,0.0,0.0
1997-03-26 00:00:00-05:00,3.430702095936517,3.4501943588256836,3.4112091947729186,3.4501943588256836,557944,0.0,0.0
1997-03-27 00:00:00-05:00,3.5281641365113434,3.5281641365113434,3.459939956665039,3.459939956665039,1139064,0.0,0.0
1997-03-31 00:00:00-05:00,3.459939748826103,3.4696861964203065,3.430701044317728,3.4404468536376953,595283,0.0,0.0
1997-04-01 00:00:00-05:00,3.4989232899130287,3.547654867172241,3.4891768468063975,3.547654867172241,654511,0.0,0.0
1997-04-02 00:00:00-05:00,3.5671493971923955,3.5671493971923955,3.469686508178711,3.469686508178711,869963,0.0,0.0
1997-04-03 00:00:00-05:00,3.4696872599892825,3.4696872599892825,3.4404479082438844,3.4501943588256836,478115,0.0,0.0
1997-04-04 00:00:00-05:00,3.450194446166391,3.489179611206055,3.450194446166391,3.4891796112060547,548931,0.0,0.0
1997-04-07 00:00:00-04:00,3.5184161761262907,3.547654867172241,3.50866973301966,3.547654867172241,526184,0.0,0.0
1997-04-08 00:00:00-04:00,3.567148186556966,3.615879774093628,3.567148186556966,3.615879774093628,417599,0.0,0.0
1997-04-09 00:00:00-04:00,3.5963889077582527,3.606135357540661,3.5476572971205913,3.5671498775482178,433479,0.0,0.0
1997-04-10 00:00:00-04:00,3.537909560174329,3.547656006410781,3.5184173059755737,3.528163433074951,612021,0.0,0.0
1997-04-11 00:00:00-04:00,3.4599401878223044,3.479433085483965,3.3917160034179688,3.3917160034179688,984985,0.0,0.0
1997-04-14 00:00:00-04:00,3.4014627441911194,3.4501943588256836,3.4014627441911194,3.4501943588256836,1000007,0.0,0.0
1997-04-15 00:00:00-04:00,3.4404468573105844,3.450193304915193,3.4014617051663874,3.411208152770996,663524,0.0,0.0
1997-04-16 00:00:00-04:00,3.3624760825851316,3.3819689750671387,3.352729955481202,3.3819689750671387,573824,0.0,0.0
1997-04-17 00:00:00-04:00,3.4014618084833677,3.4404469618117113,3.3819695509563243,3.420954704284668,724469,0.0,0.0
1997-04-18 00:00:00-04:00,3.391715576698897,3.4112081527709956,3.3819694482314073,3.411208152770996,327899,0.0,0.0
1997-04-21 00:00:00-04:00,3.4112085819424705,3.4112085819424705,3.381969873724297,3.3917160034179688,1438207,0.0,0.0
1997-04-22 00:00:00-04:00,3.469686603878334,3.5184182092978467,3.469686603878334,3.508671760559082,546785,0.0,0.0
1997-04-23 00:00:00-04:00,3.5086716637841846,3.5086716637841846,3.459940059708769,3.469686508178711,378114,0.0,0.0
1997-04-24 00:00:00-04:00,3.4696861964203065,3.4696861964203065,3.4404468536376953,3.4404468536376953,418887,0.0,0.0
1997-04-25 00:00:00-04:00,3.4209546003756044,3.4404468573105844,3.4112081527709956,3.411208152770996,349788,0.0,0.0
1997-04-28 00:00:00-04:00,3.411208256384018,3.430701152185318,3.411208256384018,3.420954704284668,151503,0.0,0.0
1997-04-29 00:00:00-04:00,3.4891787605929303,3.50867165749789,3.450193605057304,3.49892520904541,363522,0.0,0.0
1997-04-30 00:00:00-04:00,3.4696872599892825,3.4794337105710818,3.4404479082438844,3.4501943588256836,1010737,0.0,0.0
1997-05-01 00:00:00-04:00,3.4404473048149433,3.4696866514319766,3.430701494216919,3.430701494216919,233049,0.0,0.0
1997-05-02 00:00:00-04:00,3.469686508178711,3.469686508178711,3.4501936112388267,3.469686508178711,634339,0.0,0.0
1997-05-05 00:00:00-04:00,3.459940490662231,3.518418550491333,3.459940490662231,3.518418550491333,272105,0.0,0.0
1997-05-06 00:00:00-04:00,3.5086712508570765,3.57689542470609,3.5086712508570765,3.5574028491973877,648073,0.0,0.0
1997-05-07 00:00:00-04:00,3.537910468501065,3.5476569172398302,3.498925311820317,3.508671760559082,100859,0.0,0.0
1997-05-08 00:00:00-04:00,3.498925651123508,3.537910811584785,3.498925651123508,3.518418550491333,701722,0.0,0.0
1997-05-09 00:00:00-04:00,3.5476561632503403,3.6061342049801794,3.5476561632503403,3.586641311645508,1178120,0.0,0.0
1997-05-12 00:00:00-04:00,3.5768953921077156,3.6158805427698257,3.567148944873635,3.6061344146728516,2135208,0.0,0.0
1997-05-13 00:00:00-04:00,3.615880860584157,3.615880860584157,3.450193477001598,3.4794328212738037,2226625,0.0,0.0
1997-05-14 00:00:00-04:00,3.4794330526170985,3.5184182092978467,3.4794330526170985,3.508671760559082,520604,0.0,0.0
1997-05-15 00:00:00-04:00,3.5379099545515755,3.5574028491973877,3.5379099545515755,3.5574028491973877,1016745,0.0,0.0
1997-05-16 00:00:00-04:00,3.557404128731303,3.557404128731303,3.4794337986519754,3.4891796112060547,473823,0.0,0.0
1997-05-19 00:00:00-04:00,3.5086724240420475,3.5086724240420475,3.4404479082438844,3.4501943588256836,614167,0.0,0.0
1997-05-20 00:00:00-04:00,3.430702182783784,3.489179611206055,3.430702182783784,3.4891796112060547,254508,0.0,0.0
1997-05-21 00:00:00-04:00,3.528163433074951,3.547656006410781,3.5184173059755737,3.528163433074951,296569,0.0,0.0
1997-05-22 00:00:00-04:00,3.5184188746238467,3.52816500606843,3.4501943588256836,3.4501943588256836,249787,0.0,0.0
1997-05-23 00:00:00-04:00,3.4404484402687405,3.4404484402687405,3.381971004283962,3.401463270187378,449789,0.0,0.0
1997-05-27 00:00:00-04:00,3.4014618084833677,3.430701152185318,3.4014618084833677,3.420954704284668,618030,0.0,0.0
1997-05-28 00:00:00-04:00,3.4209548022206184,3.459939956665039,3.411208354040945,3.459939956665039,475540,0.0,0.0
1997-05-29 00:00:00-04:00,3.4599399250923333,3.479432821273804,3.450193477001598,3.4794328212738037,103863,0.0,0.0
1997-05-30 00:00:00-04:00,3.6219944786030855,3.67344331741333,3.6117045760682465,3.67344331741333,356655,0.54914,0.0
1997-06-02 00:00:00-04:00,3.663153405009558,3.663153405009558,3.642573599995324,3.6528635025024414,233478,0.0,0.0
1997-06-03 00:00:00-04:00,3.6528637451857233,3.663153648376465,3.642573841994982,3.663153648376465,1022754,0.0,0.0
1997-06-04 00:00:00-04:00,3.766050690968407,3.79692006111145,3.7454712231837015,3.79692006111145,1432199,0.0,0.0
1997-06-05 00:00:00-04:00,3.8792378902435303,3.9101069204392,3.8689479888903495,3.8792378902435303,2156238,0.0,0.0
1997-06-06 00:00:00-04:00,3.8586596437970235,3.88952902337475,3.8072111270769105,3.84837007522583,1711171,0.0,0.0
1997-06-09 00:00:00-04:00,3.87924013467308,3.899819275422135,3.87924013467308,3.8895297050476074,1253228,0.0,0.0
1997-06-10 00:00:00-04:00,3.8895274438981606,3.94097593972584,3.8895274438981606,3.9306867122650146,1265674,0.0,0.0
1997-06-11 00:00:00-04:00,3.9305217266082764,3.9409197394739603,3.9097253603938253,3.9305217266082764,4546812,0.11603,0.0
1997-06-12 00:00:00-04:00,3.972111752747491,3.992907762527466,3.9617134073746816,3.992907762527466,9555860,0.0,0.0
1997-06-13 00:00:00-04:00,4.024103924890471,4.055298288773765,4.024103924890471,4.044899940490723,27729804,0.0,0.0
1997-06-16 00:00:00-04:00,4.055298628699829,4.138484060005331,4.055298628699829,4.117687702178955,768246,0.0,0.0
1997-06-17 00:00:00-04:00,4.138482664742511,4.138482664742511,4.1072883087613965,4.128084659576416,383264,0.0,0.0
1997-06-18 00:00:00-04:00,4.044900279545168,4.117687702178955,4.034501930390507,4.117687702178955,723610,0.0,0.0
1997-06-19 00:00:00-04:00,4.086494515571949,4.107291221618652,4.086494515571949,4.107291221618652,509875,0.0,0.0
1997-06-20 00:00:00-04:00,4.0241033887204525,4.0241033887204525,3.8889265814663863,3.9513156414031982,1222755,0.0,0.0
1997-06-23 00:00:00-04:00,3.9409197394739603,3.9721147995202606,3.9305217266082764,3.9305217266082764,1079407,0.0,0.0
1997-06-24 00:00:00-04:00,3.982509696649837,4.0033063888549805,3.9409169932052404,4.0033063888549805,687988,0.0,0.0
1997-06-25 00:00:00-04:00,4.003306796718398,4.0552978515625,4.003306796718398,4.0552978515625,880264,0.0,0.0
1997-06-26 00:00:00-04:00,4.050099948570284,4.065697474206466,4.03970193862915,4.03970193862915,258371,0.0,0.0
1997-06-27 00:00:00-04:00,4.044899504400528,4.0552978515625,4.024103491042343,4.0552978515625,448072,0.0,0.0
1997-06-30 00:00:00-04:00,4.055298126228632,4.055298126228632,4.018904249179644,4.029302597045898,275968,0.0,0.0
1997-07-01 00:00:00-04:00,4.065697095245587,4.096891462644369,4.065697095245587,4.076095104217529,689704,0.0,0.0
1997-07-02 00:00:00-04:00,4.128085026024248,4.138483032113368,4.076093974130067,4.091691493988037,404295,0.0,0.0
1997-07-03 00:00:00-04:00,4.252864078586699,4.284059125172635,4.200873355725613,4.232068061828613,1769111,0.0,0.0
1997-07-07 00:00:00-04:00,4.1904751436156005,4.1904751436156005,4.159280776977539,4.159280776977539,1197862,0.0,0.0
1997-07-08 00:00:00-04:00,4.138482093811035,4.148880438025438,4.117685745865011,4.138482093811035,475540,0.0,0.0
1997-07-09 00:00:00-04:00,4.10728923443703,4.117687241946564,4.076094530942615,4.086492538452148,858804,0.0,0.0
1997-07-10 00:00:00-04:00,4.096891266793483,4.169678688049316,4.086492917835676,4.169678688049316,678116,0.0,0.0
1997-07-11 00:00:00-04:00,4.190473659667528,4.20087200518654,4.133283780761436,4.148880958557129,574682,0.0,0.0
1997-07-14 00:00:00-04:00,4.138482093811035,4.148880438025438,4.117685745865011,4.138482093811035,534338,0.0,0.0
1997-07-15 00:00:00-04:00,4.128085705306315,4.128085705306315,4.024103924890471,4.044899940490723,1095716,0.0,0.0
1997-07-16 00:00:00-04:00,4.107290493202519,4.190475940704346,4.102091317612902,4.190475940704346,609017,0.0,0.0
1997-07-17 00:00:00-04:00,4.185274591022095,4.242464811833692,4.185274591022095,4.2164692878723145,196997,0.0,0.0
1997-07-18 00:00:00-04:00,4.289257582833596,4.304854764275321,4.247664872000389,4.268461227416992,276826,0.0,0.0
1997-07-21 00:00:00-04:00,4.206072348339744,4.21647035626931,4.164479295172718,4.174877643585205,514167,0.0,0.0
1997-07-22 00:00:00-04:00,4.1592800007494795,4.1592800007494795,4.107288945411643,4.143682479858398,403007,0.0,0.0
1997-07-23 00:00:00-04:00,4.154081583737322,4.159280758314652,4.112488527601625,4.117687702178955,456656,0.0,0.0
1997-07-24 00:00:00-04:00,4.128087587182284,4.128087587182284,4.0968928685953,4.107291221618652,797001,0.0,0.0
1997-07-25 00:00:00-04:00,4.091692052931276,4.091692052931276,4.076094530942615,4.086492538452148,103005,0.0,0.0
1997-07-28 00:00:00-04:00,4.0968897556614605,4.107288100783853,4.086491410539068,4.102088928222656,270817,0.0,0.0
1997-07-29 00:00:00-04:00,4.1228852779846275,4.1228852779846275,4.091690923583077,4.102088928222656,1196146,0.0,0.0
1997-07-30 00:00:00-04:00,4.11768740828237,4.1800768177914485,4.11768740828237,4.174877643585205,968247,0.0,0.0
1997-07-31 00:00:00-04:00,4.216470079212754,4.221669253077369,4.180076543126245,4.200872898101807,1239923,0.0,0.0
1997-08-01 00:00:00-04:00,4.180077134897229,4.1904751436156005,4.143683253175562,4.159280776977539,66953,0.0,0.0
1997-08-04 00:00:00-04:00,4.138482664742511,4.138482664742511,4.117686313927491,4.128084659576416,311161,0.0,0.0
1997-08-05 00:00:00-04:00,4.1228868952558715,4.159280776977539,4.117687720655213,4.159280776977539,1049363,0.0,0.0
1997-08-06 00:00:00-04:00,4.159279945760367,4.169677952400734,4.148881598637121,4.164478778839111,1159235,0.0,0.0
1997-08-07 00:00:00-04:00,4.1592793560403605,4.2008720576704,4.117686313927491,4.128084659576416,550648,0.0,0.0
1997-08-08 00:00:00-04:00,4.086494515571949,4.128087587182284,4.081295679543345,4.107291221618652,734769,0.0,0.0
1997-08-11 00:00:00-04:00,4.143682666556837,4.200872898101807,4.1332846593105055,4.200872898101807,619318,0.0,0.0
1997-08-12 00:00:00-04:00,4.200873473967404,4.200873473967404,4.117687702178955,4.117687702178955,608159,0.0,0.0
1997-08-13 00:00:00-04:00,4.180077037007124,4.190475045481992,4.159280679574448,4.169678688049316,1309022,0.0,0.0
1997-08-14 00:00:00-04:00,4.21127221417487,4.242466926574707,4.200874203696927,4.242466926574707,381119,0.0,0.0
1997-08-15 00:00:00-04:00,4.284059264978626,4.299656448297656,4.159280776977539,4.159280776977539,545497,0.0,0.0
1997-08-18 00:00:00-04:00,4.200873492816919,4.211271501535291,4.117687720655213,4.159280776977539,993569,0.0,0.0
1997-08-19 00:00:00-04:00,4.169678140091758,4.2216691970825195,4.169678140091758,4.2216691970825195,312878,0.0,0.0
1997-08-20 00:00:00-04:00,4.232067985295168,4.284059047698975,4.232067985295168,4.284059047698975,212019,0.0,0.0
1997-08-21 00:00:00-04:00,4.367244203740581,4.403638081354589,4.346447507685201,4.356845855712891,533909,0.0,0.0
1997-08-22 00:00:00-04:00,4.242465346661507,4.242465346661507,4.133284404646057,4.19567346572876,492278,0.0,0.0
1997-08-25 00:00:00-04:00,4.190474292184482,4.211270645878716,4.174877112034525,4.19567346572876,123177,0.0,0.0
1997-08-26 00:00:00-04:00,4.174878973925527,4.216471699863305,4.164480622199568,4.185276985168457,400861,0.0,0.0
1997-08-27 00:00:00-04:00,4.20087327782452,4.221669634679894,4.180076920969147,4.211271286010742,1701299,0.0,0.0
1997-08-28 00:00:00-04:00,4.221668355741739,4.221668355741739,4.1436817857976225,4.148880958557129,301719,0.0,0.0
1997-08-29 00:00:00-04:00,4.164479594690833,4.24766536652486,4.164479594690833,4.237267017364502,324895,0.0,0.0
1997-09-02 00:00:00-04:00,4.180075758616087,4.221668460761157,4.138482715988182,4.2164692878723145,1311168,0.0,0.0
1997-09-03 00:00:00-04:00,4.216471389655343,4.2528649370526495,4.216471389655343,4.242466926574707,348500,0.0,0.0
1997-09-04 00:00:00-04:00,4.273660424676057,4.32565148374228,4.273660424676057,4.310054302215576,473823,0.0,0.0
1997-09-05 00:00:00-04:00,4.367244194802096,4.367244194802096,4.310054302215576,4.310054302215576,125752,0.0,0.0
1997-09-08 00:00:00-04:00,4.2944574730085,4.310055339254008,4.2944574730085,4.304855823516846,217598,0.0,0.0
1997-09-09 00:00:00-04:00,4.211271286010742,4.221669634679894,4.195674103489945,4.211271286010742,200860,0.0,0.0
1997-09-10 00:00:00-04:00,4.143683354225499,4.148882528952948,4.065697095245587,4.076095104217529,223607,0.0,0.0
1997-09-11 00:00:00-04:00,4.0552978515625,4.086492212082657,4.024103491042343,4.0552978515625,269530,0.0,0.0
1997-09-12 00:00:00-04:00,4.117686313927491,4.138482664742511,4.076093612297451,4.128084659576416,195280,0.0,0.0
1997-09-15 00:00:00-04:00,4.206072530156603,4.252864078586699,4.206072530156603,4.232068061828613,522321,0.0,0.0
1997-09-16 00:00:00-04:00,4.242465993486172,4.2944567154070485,4.242465993486172,4.284059047698975,390561,0.0,0.0
1997-09-17 00:00:00-04:00,4.434832830843251,4.4504300137607355,4.4140364734589586,4.440032005310059,295281,0.0,0.0
1997-09-18 00:00:00-04:00,4.408837377192859,4.414036551751886,4.377643010804588,4.388041019439697,156224,0.0,0.0
1997-09-19 00:00:00-04:00,4.388039537180682,4.419234233514477,4.388039537180682,4.4088358879089355,191847,0.0,0.0
1997-09-22 00:00:00-04:00,4.450428745258517,4.4608270912283,4.419234388314852,4.455627918243408,217598,0.0,0.0
1997-09-23 00:00:00-04:00,4.476424694061279,4.502420220967248,4.466026347105743,4.476424694061279,612880,0.0,0.0
1997-09-24 00:00:00-04:00,4.471226190972148,4.481624198212019,4.419235133324093,4.429633140563965,858375,0.0,0.0
1997-09-25 00:00:00-04:00,4.440030739771576,4.455627918243408,4.434831566786684,4.455627918243408,260088,0.0,0.0
1997-09-26 00:00:00-04:00,4.46082690958746,4.47642408742419,4.46082690958746,4.473824501037598,337771,0.0,0.0
1997-09-29 00:00:00-04:00,4.455630430835943,4.455630430835943,4.4088385285509935,4.414037704467773,171246,0.0,0.0
1997-09-30 00:00:00-04:00,4.419236100015953,4.476426003552578,4.419236100015953,4.471227169036865,550648,0.0,0.0
1997-10-01 00:00:00-04:00,4.621999088193465,4.647994612735268,4.611601082666448,4.637596607208252,271676,0.0,0.0
1997-10-02 00:00:00-04:00,4.637596624930916,4.689587674213208,4.637596624930916,4.684388160705566,479832,0.0,0.0
1997-10-03 00:00:00-04:00,4.694787740114998,4.710384922804058,4.647995851564885,4.658393859863281,1015028,0.0,0.0
1997-10-06 00:00:00-04:00,4.637597959987935,4.637597959987935,4.6168012619018555,4.6168012619018555,186267,0.0,0.0
1997-10-07 00:00:00-04:00,4.647994612735268,4.658392618262284,4.63239709372048,4.637596607208252,184980,0.0,0.0
1997-10-08 00:00:00-04:00,4.668793456068343,4.679191807627938,4.585608005523682,4.585608005523682,286268,0.0,0.0
1997-10-09 00:00:00-04:00,4.5024194634947285,4.533614158630371,4.492021118288576,4.533614158630371,393565,0.0,0.0
1997-10-10 00:00:00-04:00,4.52841793513286,4.570010662078857,4.52841793513286,4.570010662078857,116310,0.0,0.0
1997-10-13 00:00:00-04:00,4.616802727977207,4.627201080322266,4.611603892287729,4.627201080322266,40344,0.0,0.0
1997-10-14 00:00:00-04:00,4.647995344722056,4.72078275680542,4.647995344722056,4.72078275680542,182834,0.0,0.0
1997-10-15 00:00:00-04:00,4.663593375904751,4.731181621551514,4.663593375904751,4.731181621551514,278543,0.0,0.0
1997-10-16 00:00:00-04:00,4.824764482634455,4.824764482634455,4.783171435878608,4.788370609283447,361805,0.0,0.0
1997-10-17 00:00:00-04:00,4.876753899560325,4.897550587654342,4.824763200773615,4.866355895996094,532622,0.0,0.0
1997-10-20 00:00:00-04:00,4.855957551949086,4.876753899560325,4.8351612043378465,4.866355895996094,657515,0.0,0.0
1997-10-21 00:00:00-04:00,4.850760095029912,4.855959268891711,4.7727738490345235,4.809167385101318,463952,0.0,0.0
1997-10-22 00:00:00-04:00,4.803968007831302,4.814366355114616,4.777972480105902,4.783171653747559,134336,0.0,0.0
1997-10-23 00:00:00-04:00,4.6583926998321985,4.684388224829192,4.627198342222085,4.632397174835205,279830,0.0,0.0
1997-10-24 00:00:00-04:00,4.720784591714469,4.720784591714469,4.699987888336182,4.699987888336182,166525,0.0,0.0
1997-10-27 00:00:00-05:00,4.689587842285358,4.705185021435902,4.512818336486816,4.512818336486816,518029,0.0,0.0
1997-10-28 00:00:00-05:00,4.346446644643275,4.5648088455200195,4.346446644643275,4.5648088455200195,436484,0.0,0.0
1997-10-29 00:00:00-05:00,4.601204276264537,4.679190875985026,4.601204276264537,4.642796993255615,134765,0.0,0.0
1997-10-30 00:00:00-05:00,4.5648088873706545,4.616799936696468,4.5544108817951985,4.575207233428955,380260,0.0,0.0
1997-10-31 00:00:00-05:00,4.575207191482987,4.590804369944597,4.5440124940769255,4.5648088455200195,144207,0.0,0.0
1997-11-03 00:00:00-05:00,4.596005101519912,4.647996168000239,4.596005101519912,4.642796993255615,222319,0.0,0.0
1997-11-04 00:00:00-05:00,4.590803617793944,4.6271974822187705,4.590803617793944,4.621998310089111,393565,0.0,0.0
1997-11-05 00:00:00-05:00,4.6895902176130955,4.705187404663782,4.684390701285495,4.699987888336182,179830,0.0,0.0
1997-11-06 00:00:00-05:00,4.720782918727007,4.741579274252293,4.720782918727007,4.736380100250244,721035,0.0,0.0
1997-11-07 00:00:00-05:00,4.658395104508749,4.658395104508749,4.564811302404492,4.585608005523682,533051,0.0,0.0
1997-11-10 00:00:00-05:00,4.647997151339551,4.699987888336182,4.637599140133435,4.699987888336182,98713,0.0,0.0
1997-11-11 00:00:00-05:00,4.798769474029541,4.835163010825674,4.798769474029541,4.798769474029541,529617,0.0,0.0
1997-11-12 00:00:00-05:00,4.757176876068115,4.783172065548654,4.757176876068115,4.757176876068115,513737,0.0,0.0
1997-11-13 00:00:00-05:00,4.777972015216829,4.777972015216829,4.741578484232032,4.751976490020752,87554,0.0,0.0
1997-11-14 00:00:00-05:00,4.819565201151238,4.84036155382137,4.819565201151238,4.829963207244873,181546,0.0,0.0
1997-11-17 00:00:00-05:00,4.980738559486797,5.037928459937051,4.980738559486797,5.032729625701904,149357,0.0,0.0
1997-11-18 00:00:00-05:00,4.907950326543902,4.907950326543902,4.783171856275223,4.809167385101318,1555805,0.0,0.0
1997-11-19 00:00:00-05:00,4.918348872374253,5.022330999065322,4.918348872374253,4.985937118530273,1975550,0.0,0.0
1997-11-20 00:00:00-05:00,5.063924011504196,5.24069356918335,5.058725177250097,5.24069356918335,1993576,0.0,0.0
1997-11-21 00:00:00-05:00,5.329077243804932,5.329077243804932,5.287484536821388,5.329077243804932,1290567,0.0,0.0
1997-11-24 00:00:00-05:00,5.32907747694433,5.32907747694433,5.2770864206989305,5.2926836013793945,2319758,0.0,0.0
1997-11-25 00:00:00-05:00,5.282990693948758,5.288236691581139,5.2462666490913605,5.26200532913208,1371254,0.13328,0.0
1997-11-26 00:00:00-05:00,5.309219101043904,5.37217378616333,5.298726424476268,5.37217378616333,2375982,0.0,0.0
1997-11-28 00:00:00-05:00,5.519072637807743,5.571535362947204,5.519072637807743,5.54005765914917,390561,0.0,0.0
1997-12-01 00:00:00-05:00,5.540057867875781,5.623998299975806,5.540057867875781,5.582027912139893,2408171,0.0,0.0
1997-12-02 00:00:00-05:00,5.450872221214552,5.450872221214552,5.408902168273926,5.408902168273926,460947,0.0,0.0
1997-12-03 00:00:00-05:00,5.377425077320206,5.377425077320206,5.27774559520142,5.309223651885986,663095,0.0,0.0
1997-12-04 00:00:00-05:00,5.466609940724418,5.503333642367442,5.4561172582139585,5.477102279663086,1133484,0.0,0.0
1997-12-05 00:00:00-05:00,5.603012514883056,5.665967920138775,5.561042473760428,5.566288471221924,1739068,0.0,0.0
1997-12-08 00:00:00-05:00,5.561042740490929,5.561042740490929,5.524318695068359,5.524318695068359,111160,0.0,0.0
1997-12-09 00:00:00-05:00,5.634490608192087,5.676461341927643,5.613505928467953,5.644983291625977,480690,0.0,0.0
1997-12-10 00:00:00-05:00,5.6921991102783265,5.718430471082797,5.665967749473856,5.681706428527832,366526,0.0,0.0
1997-12-11 00:00:00-05:00,5.7499086310233105,5.7918786767345365,5.629244491924674,5.634490489959717,1157948,0.0,0.0
1997-12-12 00:00:00-05:00,5.697446305986313,5.702692647965079,5.634490889384794,5.660722255706787,1883704,0.0,0.0
1997-12-15 00:00:00-05:00,5.749908153764506,5.854833602905273,5.739415471421714,5.854833602905273,2393579,0.0,0.0
1997-12-16 00:00:00-05:00,6.006973519287621,6.022711850637884,5.959757150950126,5.965003490447998,892710,0.0,0.0
1997-12-17 00:00:00-05:00,6.006975077679369,6.006975077679369,5.912542316505654,5.933526992797852,801293,0.0,0.0
1997-12-18 00:00:00-05:00,6.0069751126505,6.012221453539975,5.944019709120336,5.980743408203125,1019320,0.0,0.0
1997-12-19 00:00:00-05:00,6.075177999382928,6.075177999382928,6.02796160430262,6.059439659118652,1361812,0.0,0.0
1997-12-22 00:00:00-05:00,6.096161933412324,6.1381319761379585,6.096161933412324,6.127639293670654,970822,0.0,0.0
1997-12-23 00:00:00-05:00,6.2902720239795045,6.316503035554299,6.169607584162646,6.185346603393555,2109027,0.0,0.0
1997-12-24 00:00:00-05:00,6.169609069824219,6.17485541083119,6.159116387810275,6.169609069824219,287126,0.0,0.0
1997-12-26 00:00:00-05:00,6.148622845416781,6.169607517019566,6.127637486670618,6.159114837646484,256225,0.0,0.0
1997-12-29 00:00:00-05:00,6.159117668045826,6.19059572063069,6.138132986799609,6.153872013092041,907302,0.0,0.0
1997-12-30 00:00:00-05:00,6.117146850052292,6.117146850052292,6.085669488564902,6.106654167175293,270817,0.0,0.0
1997-12-31 00:00:00-05:00,6.106652882197514,6.106652882197514,6.033205491800726,6.096160888671875,253221,0.0,0.0
1998-01-02 00:00:00-05:00,6.085667456321669,6.211577547368514,6.081732873342608,6.159114837646484,281547,0.0,0.0
1998-01-05 00:00:00-05:00,6.306013374935682,6.342737079576787,6.306013374935682,6.332244396209717,619747,0.0,0.0
1998-01-06 00:00:00-05:00,6.326997058648893,6.34798242207991,6.211578934065365,6.21682596206665,514167,0.0,0.0
1998-01-07 00:00:00-05:00,6.117145277169127,6.127637957348174,6.012220536808941,6.027958869934082,992711,0.0,0.0
1998-01-08 00:00:00-05:00,6.0436991452180315,6.0436991452180315,5.9807437382140565,6.033206462860107,177684,0.0,0.0
1998-01-09 00:00:00-05:00,5.82335635912453,5.865326402188907,5.734169588147988,5.755154609680176,771679,0.0,0.0
1998-01-12 00:00:00-05:00,5.781389166932137,5.870574951171875,5.781389166932137,5.870574951171875,941637,0.0,0.0
1998-01-13 00:00:00-05:00,5.8968043631722145,5.917789730413133,5.833849635736769,5.875819683074951,446355,0.0,0.0
1998-01-14 00:00:00-05:00,6.017468512920481,6.043699533356328,5.991236805341018,6.001729488372803,521463,0.0,0.0
1998-01-15 00:00:00-05:00,6.159117252002792,6.159117252002792,6.1171472052017055,6.138132572174072,786701,0.0,0.0
1998-01-16 00:00:00-05:00,6.505372289855124,6.578819706809294,6.452909554683413,6.484386920928955,1648509,0.0,0.0
1998-01-20 00:00:00-05:00,6.552586734342578,6.599803118194054,6.552586734342578,6.589311122894287,1117175,0.0,0.0
1998-01-21 00:00:00-05:00,6.547340783896759,6.5945571656109685,6.547340783896759,6.584064483642578,771250,0.0,0.0
1998-01-22 00:00:00-05:00,6.683743569517818,6.741452633040361,6.647019869873851,6.715220928192139,524467,0.0,0.0
1998-01-23 00:00:00-05:00,6.7047276432756,6.7047276432756,6.473892097088736,6.505370140075684,729190,0.0,0.0
1998-01-26 00:00:00-05:00,6.636527598100423,6.683743982601853,6.610295891630968,6.62078857421875,277684,0.0,0.0
1998-01-27 00:00:00-05:00,6.610295165461942,6.631280528332174,6.526355088268038,6.531601428985596,546785,0.0,0.0
1998-01-28 00:00:00-05:00,6.531601155421323,6.58931021375391,6.494877459080034,6.505370140075684,1003440,0.0,0.0
1998-01-29 00:00:00-05:00,6.458153094986846,6.515862153492713,6.4424147605896,6.4424147605896,1438637,0.0,0.0
1998-01-30 00:00:00-05:00,6.479137518884658,6.479137518884658,6.311256708189189,6.316503047943115,2755813,0.0,0.0
1998-02-02 00:00:00-05:00,6.547342003124484,6.547342003124484,6.468647560850844,6.54209566116333,2006452,0.0,0.0
1998-02-03 00:00:00-05:00,6.620789752705098,6.715222538516791,6.599804383794184,6.7099761962890625,1040351,0.0,0.0
1998-02-04 00:00:00-05:00,6.8726111058754835,7.029999319565332,6.862118420867411,7.014260292053223,1492714,0.0,0.0
1998-02-05 00:00:00-05:00,7.134922046754023,7.161153062025416,7.024749583755033,7.071966648101807,894427,0.0,0.0
1998-02-06 00:00:00-05:00,7.045736043314118,7.061475067214962,7.019505023956299,7.019505023956299,786272,0.0,0.0
1998-02-09 00:00:00-05:00,7.0404912644803765,7.0719686290519626,6.925073115811772,6.9460577964782715,1559667,0.0,0.0
1998-02-10 00:00:00-05:00,6.940809409617461,7.009011147763185,6.935563756354071,6.998518466949463,533909,0.0,0.0
1998-02-11 00:00:00-05:00,7.071967159725065,7.1349225629318065,7.071967159725065,7.119183540344238,594425,0.0,0.0
1998-02-12 00:00:00-05:00,7.224110146994228,7.4601920881190535,7.224110146994228,7.381498336791992,1294859,0.0,0.0
1998-02-13 00:00:00-05:00,7.402482778628268,7.428713799179907,7.350020050381369,7.360512733459473,937775,0.0,0.0
1998-02-17 00:00:00-05:00,7.36051118214839,7.36051118214839,7.329033826691909,7.350018501281738,405582,0.0,0.0
1998-02-18 00:00:00-05:00,7.308051567547746,7.334282593707126,7.250342485424591,7.26083517074585,901294,0.0,0.0
1998-02-19 00:00:00-05:00,7.155908478148832,7.155908478148832,6.956550239431977,6.967042922973633,848504,0.0,0.0
1998-02-20 00:00:00-05:00,7.140169289731103,7.229355723510559,7.134923635223754,7.197878360748291,1484130,0.0,0.0
1998-02-23 00:00:00-05:00,7.271325106978332,7.292309782543351,7.197877024641997,7.229354381561279,876401,0.0,0.0
1998-02-24 00:00:00-05:00,7.297558065848184,7.365759138519172,7.292311723774463,7.318543434143066,1234772,0.0,0.0
1998-02-25 00:00:00-05:00,7.407729891329466,7.470684622064584,7.376251838818216,7.433960914611816,515883,0.0,0.0
1998-02-26 00:00:00-05:00,7.444452495439729,7.533638923382567,7.444452495439729,7.486422538757324,493995,0.0,0.0
1998-02-27 00:00:00-05:00,7.507409198235002,7.507409198235002,7.4182220677730735,7.428714752197266,205581,0.0,0.0
1998-03-02 00:00:00-05:00,7.523143760008005,7.586099147796631,7.523143760008005,7.586099147796631,375110,0.0,0.0
1998-03-03 00:00:00-05:00,7.612331809153077,7.680533551307817,7.612331809153077,7.628070831298828,381119,0.0,0.0
1998-03-04 00:00:00-05:00,7.428715387310918,7.465439785935323,7.197879745962066,7.26083517074585,950221,0.0,0.0
1998-03-05 00:00:00-05:00,7.056227392435337,7.150660143707413,7.056227392435337,7.092951774597168,1039492,0.0,0.0
1998-03-06 00:00:00-05:00,7.339527603131008,7.402483016478842,7.339527603131008,7.381498336791992,962238,0.0,0.0
1998-03-09 00:00:00-05:00,7.4444529992853825,7.533639433264419,7.439206657622659,7.465438365936279,532622,0.0,0.0
1998-03-10 00:00:00-05:00,7.617580573427609,7.638565253928523,7.449699693701952,7.523147106170654,678975,0.0,0.0
1998-03-11 00:00:00-05:00,7.6385661972953995,7.659551567531687,7.591349801407508,7.633319854736328,1463100,0.0,0.0
1998-03-12 00:00:00-05:00,7.643809853444578,7.680533551307817,7.591347133435589,7.628070831298828,1766107,0.0,0.0
1998-03-13 00:00:00-05:00,7.759227123273361,7.806444188709729,7.691026069707824,7.743488788604736,917174,0.0,0.0
1998-03-16 00:00:00-05:00,7.801197859588186,7.837921556727027,7.759227134694082,7.811689853668213,442922,0.0,0.0
1998-03-17 00:00:00-05:00,7.9638310295557355,8.068756459066265,7.921860995180213,8.058263778686523,464381,0.0,0.0
1998-03-18 00:00:00-05:00,8.063511732408072,8.199914543208974,8.063511732408072,8.163190841674805,286697,0.0,0.0
1998-03-19 00:00:00-05:00,8.551417118585075,8.66683528561454,8.483216036639849,8.530431747436523,1541212,0.0,0.0
1998-03-20 00:00:00-05:00,8.766511034619407,8.766511034619407,8.56190649360865,8.61961555480957,1306018,0.0,0.0
1998-03-23 00:00:00-05:00,8.540923450406423,8.556662476957113,8.278610464090452,8.299595832824707,540776,0.0,0.0
1998-03-24 00:00:00-05:00,8.28910093266889,8.28910093266889,8.15269744664613,8.184175491333008,603008,0.0,0.0
1998-03-25 00:00:00-05:00,8.058264782423166,8.089742827483294,7.942847345299954,7.974324703216553,1487135,0.0,0.0
1998-03-26 00:00:00-05:00,8.24712987841009,8.37303998022855,8.22614451786863,8.331069946289062,660520,0.0,0.0
1998-03-27 00:00:00-05:00,8.6406031428605,8.708804215997334,8.47796859889536,8.514692306518555,1295288,0.0,0.0
1998-03-30 00:00:00-05:00,8.58289235955822,8.603877725502283,8.456982225324687,8.488459587097168,633481,0.0,0.0
1998-03-31 00:00:00-05:00,8.729785587457807,8.771756308421361,8.698308233878574,8.719293594360352,564811,0.0,0.0
1998-04-01 00:00:00-05:00,8.960624792161724,8.960624792161724,8.771759233421026,8.881930351257324,1241210,0.0,0.0
1998-04-02 00:00:00-05:00,8.84520724645927,8.866192615364982,8.77700548465941,8.824222564697266,1067389,0.0,0.0
1998-04-03 00:00:00-05:00,9.02882581185428,9.212445027701577,9.023580157157312,9.123258590698242,2186710,0.0,0.0
1998-04-06 00:00:00-04:00,9.275403191758196,9.317373251778948,9.170477698134384,9.222940444946289,535197,0.0,0.0
1998-04-07 00:00:00-04:00,9.191458272317425,9.201950953629735,9.065548158000222,9.107518196105957,720177,0.0,0.0
1998-04-08 00:00:00-04:00,8.986857897150077,8.986857897150077,8.735036864752873,8.78225326538086,859233,0.0,0.0
1998-04-09 00:00:00-04:00,8.719295680670196,8.740280359029649,8.677324949664094,8.714049339294434,377256,0.0,0.0
1998-04-13 00:00:00-04:00,8.630109935999103,8.687818321421988,8.619617252415432,8.645848274230957,234336,0.0,0.0
1998-04-14 00:00:00-04:00,8.79274149688326,8.897666931152344,8.777002475599854,8.897666931152344,198285,0.0,0.0
1998-04-15 00:00:00-04:00,8.808483695977282,8.808483695977282,8.714050908495564,8.771759986877441,383264,0.0,0.0
1998-04-16 00:00:00-04:00,8.855700616509857,8.855700616509857,8.645849659781152,8.708805084228516,1137776,0.0,0.0
1998-04-17 00:00:00-04:00,8.645849048058427,8.66158807484262,8.582893628065369,8.651095390319824,1578552,0.0,0.0
1998-04-20 00:00:00-04:00,8.477967500642396,8.624862312106126,8.472721159212462,8.567153930664062,423608,0.0,0.0
1998-04-21 00:00:00-04:00,8.582892057702713,8.603877422908731,8.519937336371834,8.52518367767334,629189,0.0,0.0
1998-04-22 00:00:00-04:00,8.603876037009881,8.624860711692131,8.488457921255327,8.509443283081055,1137347,0.0,0.0
1998-04-23 00:00:00-04:00,8.645847558459153,8.740280328606993,8.63535487574415,8.66683292388916,1257949,0.0,0.0
1998-04-24 00:00:00-04:00,8.7612625655937,8.8976653307517,8.7612625655937,8.839956283569336,1421040,0.0,0.0
1998-04-27 00:00:00-04:00,8.58289202648577,8.60387739161546,8.456981897138375,8.477967262268066,501291,0.0,0.0
1998-04-28 00:00:00-04:00,8.666831864123198,8.792741979876368,8.64060084768677,8.766510963439941,671678,0.0,0.0
1998-04-29 00:00:00-04:00,8.923899114473409,8.981608179591081,8.923899114473409,8.939638137817383,440776,0.0,0.0
1998-04-30 00:00:00-04:00,9.15473728338294,9.264908408326841,9.149490941174605,9.228184700012207,1630054,0.0,0.0
1998-05-01 00:00:00-04:00,9.285890087530772,9.380322835471736,9.285890087530772,9.348845481872559,399144,0.0,0.0
1998-05-04 00:00:00-04:00,9.3488470715689,9.485249876550776,9.317369025473699,9.474757194519043,933054,0.0,0.0
1998-05-05 00:00:00-04:00,9.296383400027205,9.30687539384487,9.170472602780412,9.233428001403809,747215,0.0,0.0
1998-05-06 00:00:00-04:00,9.338352694338722,9.369830047576261,9.275397300720215,9.275397300720215,479402,0.0,0.0
1998-05-07 00:00:00-04:00,9.29638385772705,9.390816616739725,9.275398494771562,9.29638385772705,646786,0.0,0.0
1998-05-08 00:00:00-04:00,9.170473054281143,9.29638385772705,9.128503015513678,9.29638385772705,191418,0.0,0.0
1998-05-11 00:00:00-04:00,9.317370141550212,9.438034625081777,9.296385462116659,9.401310920715332,189272,0.0,0.0
1998-05-12 00:00:00-04:00,9.275400468926025,9.275400468926025,9.097027594413957,9.170475006103516,160945,0.0,0.0
1998-05-13 00:00:00-04:00,9.296386857440432,9.369834277197274,9.170476013366217,9.196707725524902,194851,0.0,0.0
1998-05-14 00:00:00-04:00,9.107521013050073,9.165230090973612,8.992102857202994,9.01308822631836,310303,0.0,0.0
1998-05-15 00:00:00-04:00,8.981607400521295,8.99210008184047,8.918652686893259,8.934391021728516,317170,0.0,0.0
1998-05-18 00:00:00-04:00,8.803237734905895,8.845207788143878,8.771760366763347,8.808484077453613,223178,0.0,0.0
1998-05-19 00:00:00-04:00,8.729790536277577,8.855701396258818,8.729790536277577,8.829469680786133,526184,0.0,0.0
1998-05-20 00:00:00-04:00,8.92389965057373,8.94488501629305,8.845205903413492,8.92389965057373,358372,0.0,0.0
1998-05-21 00:00:00-04:00,8.965867517289498,8.981606537756383,8.834711074829102,8.834711074829102,149786,0.0,0.0
1998-05-22 00:00:00-04:00,8.929144973719154,8.944883307859085,8.855696894873406,8.897666931152344,165666,0.0,0.0
1998-05-26 00:00:00-04:00,9.170473516662662,9.285891644450286,9.149488839792626,9.186212539672852,467385,0.0,0.0
1998-05-27 00:00:00-04:00,9.280644378585485,9.296383400027205,9.170472602780412,9.233428001403809,860950,0.0,0.0
1998-05-28 00:00:00-04:00,9.233431042220541,9.254415723910173,9.170475622864236,9.228184700012207,356655,0.0,0.0
1998-05-29 00:00:00-04:00,9.222940444946289,9.275403191758196,9.17572404152996,9.222940444946289,175967,0.0,0.0
1998-06-01 00:00:00-04:00,9.27015183565321,9.459016646049088,9.27015183565321,9.443278312683105,460518,0.0,0.0
1998-06-02 00:00:00-04:00,9.67936209026095,9.74756315160886,9.67936209026095,9.70559310913086,755370,0.0,0.0
1998-06-03 00:00:00-04:00,10.156771984088115,10.2354657256396,10.06233921936891,10.0990629196167,1436491,0.0,0.0
1998-06-04 00:00:00-04:00,10.156773567199707,10.177758934694271,10.114803519354242,10.156773567199707,412020,0.0,0.0
1998-06-05 00:00:00-04:00,10.440071105738928,10.450563788682405,10.366623699421817,10.371870040893555,480261,0.0,0.0
1998-06-08 00:00:00-04:00,10.34039055232268,10.34039055232268,10.18824941940003,10.261696815490723,306011,0.0,0.0
1998-06-09 00:00:00-04:00,10.177757263183594,10.198741940088144,10.030861776277536,10.177757263183594,562236,0.0,0.0
1998-06-10 00:00:00-04:00,10.163166466714639,10.163166466714639,10.110452889683168,10.126266479492188,200860,0.13444,0.0
1998-06-11 00:00:00-04:00,9.994481945012188,10.036652664597462,9.899597653338047,9.904869079589844,247212,0.0,0.0
1998-06-12 00:00:00-04:00,9.820525450916234,9.867967586175999,9.583314774617406,9.85742473602295,617172,0.0,0.0
1998-06-15 00:00:00-04:00,9.699286657778883,9.74145806970761,9.651844509788207,9.657115936279297,393565,0.0,0.0
1998-06-16 00:00:00-04:00,9.74145793914795,9.76254295440058,9.64657364443828,9.74145793914795,576828,0.0,0.0
1998-06-17 00:00:00-04:00,9.741458762042628,9.915413086895166,9.741458762042628,9.862699508666992,1290996,0.0,0.0
1998-06-18 00:00:00-04:00,10.047195936343996,10.099909510632463,10.036653083400475,10.063010215759277,1042496,0.0,0.0
1998-06-19 00:00:00-04:00,10.26332320633163,10.26332320633163,10.099911032373361,10.157896041870117,726185,0.0,0.0
1998-06-22 00:00:00-04:00,10.363477690598694,10.374020543856078,10.31603554136962,10.352934837341309,447213,0.0,0.0
1998-06-23 00:00:00-04:00,10.579603805245025,10.706116676330566,10.54270450552392,10.706116676330566,765671,0.0,0.0
1998-06-24 00:00:00-04:00,10.880069052563066,10.964410491152009,10.832626907053148,10.91696834564209,534768,0.0,0.0
1998-06-25 00:00:00-04:00,10.932782366861073,10.96441023297993,10.858983782440715,10.89061164855957,1501298,0.0,0.0
1998-06-26 00:00:00-04:00,10.7535600521818,10.790459356095342,10.669217898398884,10.743017196655273,344208,0.0,0.0
1998-06-29 00:00:00-04:00,10.743017196655273,10.77464507280555,10.659993072420498,10.743017196655273,846787,0.0,0.0
1998-06-30 00:00:00-04:00,10.743014207045434,10.764099912230673,10.632315635681152,10.632315635681152,854512,0.0,0.0
1998-07-01 00:00:00-04:00,10.774643358746234,11.196351298857158,10.774643358746234,11.185809135437012,715456,0.0,0.0
1998-07-02 00:00:00-04:00,11.839455031592705,11.881626442087086,11.40720428788736,11.523174285888672,1597436,0.0,0.0
1998-07-06 00:00:00-04:00,11.23852401196861,11.375579056548236,11.222709729368518,11.312322616577148,492278,0.0,0.0
1998-07-07 00:00:00-04:00,11.470463946127621,11.512634678078623,11.401936075188924,11.417750358581543,409445,0.0,0.0
1998-07-08 00:00:00-04:00,11.41775169865628,11.41775169865628,11.217440180556947,11.30178165435791,187984,0.0,0.0
1998-07-09 00:00:00-04:00,10.880072232977772,10.901157944003241,10.6692178844403,10.732474327087402,909878,0.0,0.0
1998-07-10 00:00:00-04:00,10.922240528279083,10.990768383396697,10.795728361634051,10.959139823913574,312019,0.0,0.0
1998-07-13 00:00:00-04:00,11.069839853794901,11.09092556288378,10.932784816004906,10.964412689208984,369101,0.0,0.0
1998-07-14 00:00:00-04:00,11.681316924603085,11.765658378601074,11.47046259917888,11.765658378601074,999149,0.0,0.0
1998-07-15 00:00:00-04:00,11.950154526465834,11.976510968109052,11.881626673506858,11.955425262451172,494424,0.0,0.0
1998-07-16 00:00:00-04:00,11.976515844896136,12.145198797129636,11.96597298777419,12.124113082885742,449359,0.0,0.0
1998-07-17 00:00:00-04:00,12.071394937372196,12.187364934506734,12.02922352719301,12.081937789916992,243779,0.0,0.0
1998-07-20 00:00:00-04:00,12.092484139249613,12.250625610351564,12.092484139249613,12.250625610351562,328758,0.0,0.0
1998-07-21 00:00:00-04:00,12.218993778183327,12.218993778183327,11.839456558227539,11.839456558227539,474681,0.0,0.0
1998-07-22 00:00:00-04:00,11.533717410787,11.64441598508976,11.3861195418597,11.560073852539062,493995,0.0,0.0
1998-07-23 00:00:00-04:00,11.586433054144727,11.6602316565748,11.44937801361084,11.44937801361084,207727,0.0,0.0
1998-07-24 00:00:00-04:00,11.681316779488318,11.681316779488318,11.407206021756231,11.596975326538086,212877,0.0,0.0
1998-07-27 00:00:00-04:00,11.618059669487529,11.691859649167663,11.423020318193291,11.607518196105957,433479,0.0,0.0
1998-07-28 00:00:00-04:00,11.586435146215491,11.639148048652489,11.333410038542745,11.36503791809082,228328,0.0,0.0
1998-07-29 00:00:00-04:00,11.301774395398786,11.386116505457478,11.196347275647131,11.217432975769043,345925,0.0,0.0
1998-07-30 00:00:00-04:00,11.343950415710207,11.512633323669434,11.32286470700069,11.512633323669434,401290,0.0,0.0
1998-07-31 00:00:00-04:00,11.892171247436151,11.892171247436151,11.512633323669434,11.512633323669434,250646,0.0,0.0
1998-08-03 00:00:00-04:00,11.470461510218103,11.470461510218103,11.359762930836762,11.391390800476074,198285,0.0,0.0
1998-08-04 00:00:00-04:00,11.169994873192538,11.201623434793033,10.711387634277344,10.711387634277344,654082,0.0,0.0
1998-08-05 00:00:00-04:00,10.795729084353601,10.837899809391729,10.542704043695633,10.711387634277344,581549,0.0,0.0
1998-08-06 00:00:00-04:00,10.55324511831699,10.558516544361659,10.268592254479344,10.39510440826416,344208,0.0,0.0
1998-08-07 00:00:00-04:00,10.880068468031132,11.006580619117678,10.822083473205566,10.822083473205566,674683,0.0,0.0
1998-08-10 00:00:00-04:00,11.038208304808508,11.085650444030762,10.985494740069448,11.085650444030762,304723,0.0,0.0
1998-08-11 00:00:00-04:00,11.238524645542734,11.238524645542734,10.89588666956274,10.922243118286133,842066,0.0,0.0
1998-08-12 00:00:00-04:00,11.075109371472854,11.143636533337629,10.959139372338294,10.974953651428223,654082,0.0,0.0
1998-08-13 00:00:00-04:00,10.753559553059272,10.816815992853108,10.627046673471597,10.727202415466309,269959,0.0,0.0
1998-08-14 00:00:00-04:00,10.748287260062098,10.769372278009376,10.574332237243652,10.574332237243652,359659,0.0,0.0
1998-08-17 00:00:00-04:00,10.627045869328708,10.858985900878906,10.59541799703969,10.858985900878906,287556,0.0,0.0
1998-08-18 00:00:00-04:00,10.922240837367115,11.259607315063477,10.922240837367115,11.259607315063477,254937,0.0,0.0
1998-08-19 00:00:00-04:00,11.61806069752824,11.744573578744697,11.602247105198147,11.734030723571777,843783,0.0,0.0
1998-08-20 00:00:00-04:00,12.313876458995306,12.461475014431484,12.292792134668622,12.371861457824707,784555,0.0,0.0
1998-08-21 00:00:00-04:00,12.313876186456085,12.366590448251666,12.14519331042663,12.334961891174316,740348,0.0,0.0
1998-08-24 00:00:00-04:00,12.145195845973666,12.86210029005397,12.145195845973666,12.793572425842285,530047,0.0,0.0
1998-08-25 00:00:00-04:00,12.94643903070799,12.988609059246693,12.493103283982306,12.51945972442627,1209021,0.0,0.0
1998-08-26 00:00:00-04:00,12.566907833830431,12.651249311794547,12.356053448490714,12.524736404418945,1203013,0.0,0.0
1998-08-27 00:00:00-04:00,12.166279143332,12.35604772607914,11.807827682778116,12.029223442077637,474252,0.0,0.0
1998-08-28 00:00:00-04:00,11.639146203240328,11.74457337225738,11.491548995131584,11.739302635192871,436484,0.0,0.0
1998-08-31 00:00:00-04:00,11.691855416245337,11.807825390041302,10.584871311259047,10.595414161682129,1540783,0.0,0.0
1998-09-01 00:00:00-04:00,10.837903657045004,10.880074397054514,10.226426891262953,10.700848579406738,2919763,0.0,0.0
1998-09-02 00:00:00-04:00,10.627046036598752,10.732473199793866,10.442548846221921,10.542704582214355,1189708,0.0,0.0
1998-09-03 00:00:00-04:00,10.331851671830874,10.374023095232008,10.10518372319642,10.236968040466309,606013,0.0,0.0
1998-09-04 00:00:00-04:00,10.300221427035234,10.416191433872097,10.215879980478883,10.289678573608398,1703445,0.0,0.0
1998-09-08 00:00:00-04:00,11.38612414850927,11.38612414850927,10.864259624474604,11.048757553100586,2351089,0.0,0.0
1998-09-09 00:00:00-04:00,11.027670757642618,11.03294218569477,10.864258559313912,10.86953067779541,1660097,0.0,0.0
1998-09-10 00:00:00-04:00,10.795726776123047,10.932781775800581,10.764098911714093,10.795726776123047,2445510,0.0,0.0
1998-09-11 00:00:00-04:00,10.848443926377994,11.069840431213379,10.769373203599494,11.069840431213379,1323185,0.0,0.0
1998-09-14 00:00:00-04:00,11.259605868523373,11.554801584887056,11.217435150532715,11.43883228302002,497858,0.0,0.0
1998-09-15 00:00:00-04:00,11.533721987472022,11.976515769958496,11.512636273360064,11.976515769958496,600004,0.0,0.0
1998-09-16 00:00:00-04:00,11.807829765443817,11.807829765443817,11.639145477026315,11.744572639465332,432192,0.0,0.0
1998-09-17 00:00:00-04:00,11.180540826382206,11.322867321750723,11.180540826382206,11.222711563110352,362663,0.0,0.0
1998-09-18 00:00:00-04:00,10.837899807979474,10.964411983077373,10.774643375215925,10.953869819641113,572107,0.0,0.0
1998-09-21 00:00:00-04:00,10.247506758745262,10.605958904070473,10.18425102578071,10.58487319946289,1046788,0.0,0.0
1998-09-22 00:00:00-04:00,10.648128260983832,10.648128260983832,10.205334734718829,10.2738618850708,645498,0.0,0.0
1998-09-23 00:00:00-04:00,10.468902003681137,10.943324089050293,10.36347556402812,10.943324089050293,1682415,0.0,0.0
1998-09-24 00:00:00-04:00,10.869524820537418,10.880066980531527,10.595414161682129,10.595414161682129,374681,0.0,0.0
1998-09-25 00:00:00-04:00,10.331851324685019,10.410922050476074,10.263324144819318,10.410922050476074,932195,0.0,0.0
1998-09-28 00:00:00-04:00,9.8995979087746,10.247507217366499,9.846884335325578,9.931225776672363,1523616,0.0,0.0
1998-09-29 00:00:00-04:00,10.131536831125565,10.189521134369464,9.973396127589073,10.02610969543457,950650,0.0,0.0
1998-09-30 00:00:00-04:00,9.857429736318874,9.910143323394745,9.509520337789851,9.562233924865723,961380,0.0,0.0
1998-10-01 00:00:00-04:00,9.509519404504738,9.593861549806192,9.319750785827637,9.319750785827637,760091,0.0,0.0
1998-10-02 00:00:00-04:00,9.140522898182153,9.193236467838709,8.834784332259948,8.887497901916504,1284129,0.0,0.0
1998-10-05 00:00:00-04:00,8.560677633739672,8.560677633739672,7.928115243609009,8.075713157653809,750649,0.0,0.0
1998-10-06 00:00:00-04:00,8.539588942970445,8.813699653690124,8.518503928563764,8.771528244018555,1175115,0.0,0.0
1998-10-07 00:00:00-04:00,8.650285418574295,8.813697520208068,8.3919890490058,8.602843284606934,622751,0.0,0.0
1998-10-08 00:00:00-04:00,8.455245457771927,8.7082704024075,8.37090403970305,8.602843284606934,1113312,0.0,0.0
1998-10-09 00:00:00-04:00,8.708273324204526,8.876956216938712,8.687187617398168,8.855871200561523,505583,0.0,0.0
1998-10-12 00:00:00-04:00,9.393550478170756,9.488434791564941,9.267037600025661,9.488434791564941,950650,0.0,0.0
1998-10-13 00:00:00-04:00,9.720372028123366,9.809984894519523,9.530603442712891,9.551689147949219,667387,0.0,0.0
1998-10-14 00:00:00-04:00,9.541147823071261,10.268594413767424,9.535876395918113,10.189523696899414,1377692,0.0,0.0
1998-10-15 00:00:00-04:00,10.189525232953244,10.669218271910456,10.126268788008879,10.627047538757324,1188420,0.0,0.0
1998-10-16 00:00:00-04:00,10.300220555419266,10.384561994838553,10.047195546732294,10.147351264953613,618030,0.0,0.0
1998-10-19 00:00:00-04:00,10.0682832696989,10.0788261243466,9.952313249432699,10.015569686889648,472535,0.0,0.0
1998-10-20 00:00:00-04:00,10.331849313077171,10.521617913340927,10.289678589732912,10.30022144317627,674254,0.0,0.0
1998-10-21 00:00:00-04:00,10.46363178332735,10.795726776123047,10.41091821569306,10.795726776123047,460089,0.0,0.0
1998-10-22 00:00:00-04:00,10.827355631081181,10.922239923417658,10.795727763778725,10.816813468933105,672966,0.0,0.0
1998-10-23 00:00:00-04:00,10.764098721593108,10.858983003573126,10.69029945203696,10.837897300720215,1160094,0.0,0.0
1998-10-26 00:00:00-05:00,10.943326763223496,10.996040341145902,10.669216019941151,10.753558158874512,441634,0.0,0.0
1998-10-27 00:00:00-05:00,10.700849677394787,10.764106139114364,10.500538123974055,10.537437438964844,374681,0.0,0.0
1998-10-28 00:00:00-05:00,10.458361896676028,10.500532618903907,10.41091974786602,10.495261192321777,302148,0.0,0.0
1998-10-29 00:00:00-05:00,10.880069164303503,11.069837748292134,10.880069164303503,11.01712417602539,550218,0.0,0.0
1998-10-30 00:00:00-05:00,11.322864315957245,11.365035041490655,11.259607882442529,11.3544921875,831765,0.0,0.0
1998-11-02 00:00:00-05:00,11.855266571044922,11.871081537675986,11.723483007314691,11.855266571044922,505583,0.0,0.0
1998-11-03 00:00:00-05:00,11.97651471396763,12.008141901488127,11.744574640904284,11.818374633789062,827474,0.0,0.0
1998-11-04 00:00:00-05:00,11.813099145735762,11.892169853700315,11.665500582925816,11.828912734985352,498716,0.0,0.0
1998-11-05 00:00:00-05:00,11.554799538504215,11.913250923156738,11.554799538504215,11.913250923156738,433479,0.0,0.0
1998-11-06 00:00:00-05:00,11.807827200677467,11.844726492387498,11.723484384359505,11.802555084228516,254079,0.0,0.0
1998-11-09 00:00:00-05:00,11.723485510316223,11.734028363368534,11.32286330819073,11.517903327941895,469960,0.0,0.0
1998-11-10 00:00:00-05:00,11.217439620483647,11.48100757598877,11.1752688856887,11.48100757598877,523180,0.0,0.0
1998-11-11 00:00:00-05:00,11.723482843670007,11.755111395632648,11.596971397535402,11.707669258117676,329616,0.0,0.0
1998-11-12 00:00:00-05:00,11.681314192924956,11.718213484116514,11.58115848081282,11.644414901733398,140344,0.0,0.0
1998-11-13 00:00:00-05:00,11.628601305642485,11.649687011913814,11.30177769144092,11.375576972961426,330045,0.0,0.0
1998-11-16 00:00:00-05:00,11.8078333349983,12.097757083706844,11.8078333349983,12.060857772827148,439488,0.0,0.0
1998-11-17 00:00:00-05:00,12.145192547695787,12.203177541600308,11.84472610733429,12.071393966674805,999578,0.0,0.0
1998-11-18 00:00:00-05:00,12.356043434438634,12.46674127563957,12.345500585630298,12.429841995239258,499574,0.0,0.0
1998-11-19 00:00:00-05:00,12.493102625274918,12.58798552969878,12.477287657155836,12.566901206970215,555369,0.0,0.0
1998-11-20 00:00:00-05:00,12.403489130581676,12.440388421593305,12.250619850185997,12.414031982421875,701722,0.0,0.0
1998-11-23 00:00:00-05:00,12.3455069804019,12.3455069804019,12.103024093923432,12.197908401489258,978977,0.0,0.0
1998-11-24 00:00:00-05:00,12.210362489250501,12.506884784626582,12.210362489250501,12.3956880569458,420175,0.15075,0.0
1998-11-25 00:00:00-05:00,12.369211879950386,12.490997438418221,12.363917458740243,12.453933715820312,395711,0.0,0.0
1998-11-27 00:00:00-05:00,12.591605646614877,12.702800990802558,12.549246109951609,12.655145645141602,174250,0.0,0.0
1998-11-30 00:00:00-05:00,12.538657556446607,12.565132443785927,12.496296627052631,12.512181282043457,469531,0.0,0.0
1998-12-01 00:00:00-05:00,12.077987588418075,12.30037967330557,11.882070388452885,12.242134094238281,1218893,0.0,0.0
1998-12-02 00:00:00-05:00,12.07269274927643,12.11505367820692,11.966791814014021,12.051513671875,632193,0.0,0.0
1998-12-03 00:00:00-05:00,11.987969727501415,11.987969727501415,11.839709281921387,11.839709281921387,396569,0.0,0.0
1998-12-04 00:00:00-05:00,11.744401402487252,12.05151398399573,11.744401402487252,12.030333518981934,434767,0.0,0.0
1998-12-07 00:00:00-05:00,12.077984994507975,12.194476127624512,12.05680453629344,12.194476127624512,303865,0.0,0.0
1998-12-08 00:00:00-05:00,12.363921556696656,12.559837399422491,12.273905269781165,12.432757377624512,768675,0.0,0.0
1998-12-09 00:00:00-05:00,12.708096169228307,12.919898003226042,12.623375713041929,12.856356620788574,464810,0.0,0.0
1998-12-10 00:00:00-05:00,12.644554698507747,12.76104584509953,12.602195164242097,12.607489585876465,575111,0.0,0.0
1998-12-11 00:00:00-05:00,12.411573807294142,12.639260292053223,12.390393346604096,12.639260292053223,241633,0.0,0.0
1998-12-14 00:00:00-05:00,12.962256757639489,13.036388366021505,12.808700506586264,12.813996315002441,460089,0.0,0.0
1998-12-15 00:00:00-05:00,13.11581120089098,13.640019873346654,13.11581120089098,13.544709205627441,1139064,0.0,0.0
1998-12-16 00:00:00-05:00,13.3752761960417,13.385866430581546,13.03639423902309,13.089344024658203,464810,0.0,0.0
1998-12-17 00:00:00-05:00,12.983439909729444,13.089340842316663,12.941078981869046,13.078750610351562,396140,0.0,0.0
1998-12-18 00:00:00-05:00,13.258778769223548,13.45999035674777,13.216419238044667,13.4070405960083,213306,0.0,0.0
1998-12-21 00:00:00-05:00,13.640028107955237,13.978911457245669,13.640028107955237,13.973615646362305,384123,0.0,0.0
1998-12-22 00:00:00-05:00,14.063630019782638,14.14835049872466,13.724746716950598,13.788288116455078,262663,0.0,0.0
1998-12-23 00:00:00-05:00,13.894185072606328,14.10598551561736,13.894185072606328,14.084806442260742,435196,0.0,0.0
1998-12-24 00:00:00-05:00,13.978909422472091,13.978909422472091,13.809468466022812,13.920663833618164,178542,0.0,0.0
1998-12-28 00:00:00-05:00,13.941842291853082,14.14834834109043,13.80946647700209,14.053037643432617,218027,0.0,0.0
1998-12-29 00:00:00-05:00,14.010670307788565,14.084801895327589,14.000080080997275,14.03714656829834,168671,0.0,0.0
1998-12-30 00:00:00-05:00,14.021269086779652,14.021269086779652,13.724746716950598,13.788288116455078,107726,0.0,0.0
1998-12-31 00:00:00-05:00,13.767099169682094,13.767099169682094,13.597658316170394,13.65060806274414,151932,0.0,0.0
1999-01-04 00:00:00-05:00,14.41310298534336,14.953197976409548,14.41310298534336,14.79434585571289,690992,0.0,0.0
1999-01-05 00:00:00-05:00,15.281482399686382,15.673316704358717,15.080272213541718,15.175582885742188,4530932,0.0,0.0
1999-01-06 00:00:00-05:00,15.67861535509859,15.72627070405556,15.043209777629809,15.313257217407227,9475172,0.0,0.0
1999-01-07 00:00:00-05:00,14.831411239348975,15.101457327272943,14.831411239348975,14.932016372680664,3366118,0.0,0.0
1999-01-08 00:00:00-05:00,14.921425404038937,14.995555644635594,14.556067236721335,14.667263984680176,3069120,0.0,0.0
1999-01-11 00:00:00-05:00,14.677851341373406,14.847292254414041,14.677851341373406,14.826111793518066,1527049,0.0,0.0
1999-01-12 00:00:00-05:00,14.889648468117313,14.889648468117313,14.59312624290148,14.598422050476074,1519324,0.0,0.0
1999-01-13 00:00:00-05:00,14.529593335009352,14.534889145162149,14.349562144029274,14.444872856140137,2291003,0.0,0.0
1999-01-14 00:00:00-05:00,15.016737610243364,15.037918077405703,14.635494749577235,14.789051055908203,2827487,0.0,0.0
1999-01-15 00:00:00-05:00,14.9426002296457,14.9690751074293,14.831404910716584,14.910829544067383,3977281,0.0,0.0
1999-01-19 00:00:00-05:00,16.32990805799901,16.393448070536923,15.52506142622035,15.630962371826172,19782110,0.0,0.0
1999-01-20 00:00:00-05:00,15.964545497991939,16.689965875365193,15.86923481172485,16.488754272460938,12295364,0.0,0.0
1999-01-21 00:00:00-05:00,16.488754006961912,16.520524697560564,16.054560117034494,16.123395919799805,8690189,0.0,0.0
1999-01-22 00:00:00-05:00,15.763331655049985,15.906297664134533,15.694495860958158,15.874526977539062,3830498,0.0,0.0
1999-01-25 00:00:00-05:00,16.012200223732783,16.149871826171875,15.948658843962345,16.149871826171875,5409050,0.0,0.0
1999-01-26 00:00:00-05:00,16.202822683220866,16.39873848308598,16.160461760512945,16.393444061279297,3092296,0.0,0.0
1999-01-27 00:00:00-05:00,16.520519044110127,16.637008762314405,16.404027938842773,16.404027938842773,4456683,0.0,0.0
1999-01-28 00:00:00-05:00,16.711144898515435,16.753504429288142,16.57347330261136,16.7429141998291,6200472,0.0,0.0
1999-01-29 00:00:00-05:00,16.72173478050708,16.732325009746063,16.414622293766875,16.541702270507812,2553236,0.0,0.0
1999-02-01 00:00:00-05:00,16.562883721154865,16.562883721154865,16.414623277054694,16.446393966674805,1234772,0.0,0.0
1999-02-02 00:00:00-05:00,16.451691507619508,16.451691507619508,16.139284521839315,16.176349639892578,2184564,0.0,0.0
1999-02-03 00:00:00-05:00,15.969839736449439,16.001610427195207,15.673318837743162,15.800398826599121,3339508,0.0,0.0
1999-02-04 00:00:00-05:00,15.779218193200915,15.779218193200915,15.33443546295166,15.33443546295166,2317183,0.0,0.0
1999-02-05 00:00:00-05:00,15.286783039760552,15.292077462305977,14.921424885148236,14.984966278076172,2867402,0.0,0.0
1999-02-08 00:00:00-05:00,15.011440442017106,15.03791532759688,14.852588354410994,14.905539512634277,2066967,0.0,0.0
1999-02-09 00:00:00-05:00,14.794342542539422,14.794342542539422,14.508410453796387,14.508410453796387,2718474,0.0,0.0
1999-02-10 00:00:00-05:00,14.677850542954248,14.826110987034106,14.58253986117048,14.720210075378418,2113748,0.0,0.0
1999-02-11 00:00:00-05:00,14.995546127958647,15.207347869873047,14.916121515037977,15.207347869873047,3178133,0.0,0.0
1999-02-12 00:00:00-05:00,15.37679804612055,15.403274320234765,15.143817098187704,15.260308265686035,4459687,0.0,0.0
1999-02-16 00:00:00-05:00,15.615068032899133,15.641544295533054,15.546233633827937,15.5780029296875,2374694,0.0,0.0
1999-02-17 00:00:00-05:00,15.450927383388978,15.546238072305458,15.36620553807334,15.376795768737793,1706879,0.0,0.0
1999-02-18 00:00:00-05:00,15.50388051536612,15.567421913146973,15.440340504649178,15.567421913146973,2416326,0.0,0.0
1999-02-19 00:00:00-05:00,15.578008938272815,15.578008938272815,15.334437769773462,15.403273582458496,2512034,0.0,0.0
1999-02-22 00:00:00-05:00,15.63095977532159,16.01749837063337,15.599189080798181,15.959251403808594,2460103,0.0,0.0
1999-02-23 00:00:00-05:00,16.01749640096659,16.028085244108567,15.895709447134823,15.964545249938965,2058383,0.0,0.0
1999-02-24 00:00:00-05:00,16.05455809411997,16.075738551850282,15.832167449141814,15.874526977539062,1478551,0.0,0.0
1999-02-25 00:00:00-05:00,15.652139101948997,15.779219096688832,15.588597717515459,15.689204216003418,2365682,0.0,0.0
1999-02-26 00:00:00-05:00,15.67861105391789,15.683905474765671,15.355613931492465,15.435038566589355,1572114,0.0,0.0
1999-03-01 00:00:00-05:00,15.313257717398361,15.334438181418298,15.127930737819613,15.249717712402344,1251082,0.0,0.0
1999-03-02 00:00:00-05:00,15.281485040264274,15.376795728934038,15.207354812868592,15.223240852355957,1143785,0.0,0.0
1999-03-03 00:00:00-05:00,15.35561719050812,15.371501843486122,14.783751651472528,14.900242805480957,3081137,0.0,0.0
1999-03-04 00:00:00-05:00,14.762567432743332,15.101449158620511,14.757271625553468,15.027318954467773,2144221,0.0,0.0
1999-03-05 00:00:00-05:00,15.33443546295166,15.376794996418306,15.186173628159548,15.33443546295166,2427055,0.0,0.0
1999-03-08 00:00:00-05:00,15.334435123082518,15.334435123082518,15.196763521474276,15.292074203491211,1464817,0.0,0.0
1999-03-09 00:00:00-05:00,15.313254663286864,15.376794655610317,15.18617329157645,15.292074203491211,1801729,0.0,0.0
1999-03-10 00:00:00-05:00,15.313250124997273,15.461511912563948,15.21264505137886,15.44033145904541,799147,0.0,0.0
1999-03-11 00:00:00-05:00,15.578005983887854,15.906298943931532,15.551531103126521,15.88511848449707,3231782,0.0,0.0
1999-03-12 00:00:00-05:00,15.885123359930203,15.943368947719856,15.546241453223763,15.720976829528809,1864820,0.0,0.0
1999-03-15 00:00:00-05:00,15.37679450836371,15.440335887142208,15.239124295137294,15.397974967956543,1491427,0.0,0.0
1999-03-16 00:00:00-05:00,15.588596002447716,15.63095692074283,15.24971420434066,15.387384414672852,1515461,0.0,0.0
1999-03-17 00:00:00-05:00,15.207354714286033,15.207354714286033,14.826111962078404,14.94260311126709,1347220,0.0,0.0
1999-03-18 00:00:00-05:00,14.847293543917312,14.889653082324651,14.7043275010481,14.868474006652832,910307,0.0,0.0
1999-03-19 00:00:00-05:00,14.95319325507637,14.995552790040557,14.444869126060983,14.503114700317383,2452377,0.0,0.0
1999-03-22 00:00:00-05:00,14.487231254577637,14.529590793069504,14.40780521269279,14.487231254577637,1794433,0.0,0.0
1999-03-23 00:00:00-05:00,14.40251184196505,14.487232312197387,14.042448109647854,14.068922996520996,1657093,0.0,0.0
1999-03-24 00:00:00-05:00,14.296603229356315,14.296603229356315,14.1218665731218,14.259536743164062,2452377,0.0,0.0
1999-03-25 00:00:00-05:00,14.21188642151177,14.254247342324854,14.105985506542606,14.243657112121582,1354087,0.0,0.0
1999-03-26 00:00:00-05:00,14.158937213599724,14.635490656144086,14.074216755710015,14.587835311889648,2540790,0.0,0.0
1999-03-29 00:00:00-05:00,14.84729079826223,15.14381306053364,14.826110339443535,15.117338180541992,2345510,0.0,0.0
1999-03-30 00:00:00-05:00,15.355615147710473,15.493285358353724,15.29207377012423,15.450925827026367,3398736,0.0,0.0
1999-03-31 00:00:00-05:00,15.879828517573994,15.906303405761719,15.673322447820313,15.906303405761719,3308177,0.0,0.0
1999-04-01 00:00:00-05:00,16.1498722636119,16.20282202779129,15.51446677107788,15.800398826599121,3000879,0.0,0.0
1999-04-05 00:00:00-04:00,15.800402742942579,16.149876266577095,15.726272499891827,16.107515335083008,2851522,0.0,0.0
1999-04-06 00:00:00-04:00,16.229298029026666,16.351084991751893,16.1551677992382,16.2663631439209,2979420,0.0,0.0
1999-04-07 00:00:00-04:00,16.41462581139716,16.568182087674145,16.404035579888703,16.435806274414062,3388435,0.0,0.0
1999-04-08 00:00:00-04:00,16.292832876758826,16.711142013450615,16.1922277948619,16.584060668945312,1967825,0.0,0.0
1999-04-09 00:00:00-04:00,16.47816547742864,16.61583709716797,16.37226455156693,16.61583709716797,1328335,0.0,0.0
1999-04-12 00:00:00-04:00,16.451690090721513,16.668786357934874,16.372264051982917,16.647605895996094,2445940,0.0,0.0
1999-04-13 00:00:00-04:00,16.647603627671767,16.721735234356668,16.52581806871319,16.67407989501953,2781993,0.0,0.0
1999-04-14 00:00:00-04:00,16.78527226839404,16.838223406700877,16.435800303821782,16.451684951782227,2297870,0.0,0.0
1999-04-15 00:00:00-04:00,16.32990710714131,16.32990710714131,15.609780996366016,15.911599159240723,3803030,0.0,0.0
1999-04-16 00:00:00-04:00,15.927480946495502,15.927480946495502,15.180880082072703,15.307961463928223,3605604,0.0,0.0
1999-04-19 00:00:00-04:00,15.323845365035679,15.323845365035679,14.508408734302197,14.656670570373535,2603022,0.0,0.0
1999-04-20 00:00:00-04:00,14.487231298427044,14.699031765654865,14.333675023418872,14.450164794921875,2395295,0.0,0.0
1999-04-21 00:00:00-04:00,14.497821836101815,14.910833934924737,14.492526026747617,14.905539512634277,3097446,0.0,0.0
1999-04-22 00:00:00-04:00,15.292074100042887,15.810988426208496,15.2073536484969,15.810988426208496,3842087,0.0,0.0
1999-04-23 00:00:00-04:00,15.980432560884902,16.006908834336183,15.551534407977766,15.599189758300781,3098305,0.0,0.0
1999-04-26 00:00:00-04:00,15.758039302481752,15.779218375928565,15.551531893100991,15.641548156738281,3546806,0.0,0.0
1999-04-27 00:00:00-04:00,15.91160150850395,15.94866524765656,15.630963769495233,15.726274490356445,4454537,0.0,0.0
1999-04-28 00:00:00-04:00,15.715681462403541,15.795107511356532,15.65743587811319,15.75274658203125,4417627,0.0,0.0
1999-04-29 00:00:00-04:00,15.715682400507806,15.715682400507806,15.498586092416339,15.567421913146973,1849369,0.0,0.0
1999-04-30 00:00:00-04:00,15.652136656950805,15.668021307046061,15.196762354564974,15.212648391723633,3645948,0.0,0.0
1999-05-03 00:00:00-04:00,15.22853432504917,15.593892404534124,15.175584562227577,15.572711944580078,2317613,0.0,0.0
1999-05-04 00:00:00-04:00,15.419154137396506,15.461515053037743,15.164992804739219,15.228532791137695,1653230,0.0,0.0
1999-05-05 00:00:00-04:00,15.228534359028489,15.281484121968226,14.974373000203402,15.186173439025879,2757101,0.0,0.0
1999-05-06 00:00:00-04:00,14.974372037737453,15.090861786130295,14.932011120457558,14.995551109313965,1767823,0.0,0.0
1999-05-07 00:00:00-04:00,15.085562325548592,15.122627422254888,15.032611196637474,15.080267906188965,1706020,0.0,0.0
1999-05-10 00:00:00-04:00,14.953186583865252,15.122627422254888,14.953186583865252,15.080267906188965,2820191,0.0,0.0
1999-05-11 00:00:00-04:00,15.323851138483752,15.789814508575896,15.186179480766855,15.726274490356445,6781592,0.0,0.0
1999-05-12 00:00:00-04:00,15.736862456883628,15.916893638449585,15.493289879190481,15.906303405761719,3831786,0.0,0.0
1999-05-13 00:00:00-04:00,16.017492402198823,16.234588599555142,16.017492402198823,16.202817916870117,3693588,0.0,0.0
1999-05-14 00:00:00-04:00,16.208116952752714,16.39344390726332,16.17634764808386,16.30872344970703,4784582,0.0,0.0
1999-05-17 00:00:00-04:00,16.1816408599128,16.186936668337363,15.991019497898327,16.13398551940918,2658387,0.0,0.0
1999-05-18 00:00:00-04:00,16.133985478977706,16.366967759550878,16.128691057629904,16.32990264892578,4405610,0.0,0.0
1999-05-19 00:00:00-04:00,16.499345685717792,16.84881776473062,16.48346103255565,16.823667526245117,5870856,0.0,0.0
1999-05-20 00:00:00-04:00,17.203588381117072,17.669551689384768,17.203588381117072,17.367734909057617,7934389,0.0,0.0
1999-05-21 00:00:00-04:00,17.293595683592386,17.314776138208153,17.124154820792594,17.171810150146484,3839511,0.0,0.0
1999-05-24 00:00:00-04:00,17.17710553338867,17.198285989192023,16.509930885025746,16.652896881103516,4509473,0.0,0.0
1999-05-25 00:00:00-04:00,16.721735773987294,17.028848278973825,16.721735773987294,16.764095306396484,5869568,0.0,0.0
1999-05-26 00:00:00-04:00,16.790572189416846,16.80116242054766,16.435805688321214,16.63172149658203,4239514,0.0,0.0
1999-05-27 00:00:00-04:00,16.266361311134396,16.43580360064109,16.107510638476835,16.13398551940918,1211596,0.0,0.0
1999-05-28 00:00:00-04:00,16.26636300590685,16.292837889597582,16.11810254758785,16.21341323852539,2042074,0.0,0.0
1999-06-01 00:00:00-04:00,16.37226265446755,16.414623574729234,16.102216642521675,16.23459243774414,4025350,0.0,0.0
1999-06-02 00:00:00-04:00,16.36167641577543,16.393447113722043,16.11280941618664,16.35108757019043,3702601,0.0,0.0
1999-06-03 00:00:00-04:00,16.414628856134378,16.515233993530273,16.351088842361392,16.515233993530273,2509889,0.0,0.0
1999-06-04 00:00:00-04:00,16.478163285245518,17.15592828835534,16.467573055361854,17.14533805847168,2240788,0.0,0.0
1999-06-07 00:00:00-04:00,17.38891194779098,17.505403098666623,17.325370563460474,17.404796600341797,3888439,0.0,0.0
1999-06-08 00:00:00-04:00,17.515990578702453,17.939592805732516,17.515990578702453,17.812511444091797,6800905,0.0,0.0
1999-06-09 00:00:00-04:00,17.748970849975258,17.92370754287417,17.65895598664917,17.85487174987793,3537363,0.0,0.0
1999-06-10 00:00:00-04:00,18.03490806185922,18.151399224035156,17.95548340433688,18.114334106445312,4223205,0.0,0.0
1999-06-11 00:00:00-04:00,17.833692931278264,17.876053849957348,17.48951532173287,17.521286010742188,3855821,0.0,0.0
1999-06-14 00:00:00-04:00,17.579534208581087,17.62189513359324,17.304192357193134,17.3465518951416,4297884,0.0,0.0
1999-06-15 00:00:00-04:00,17.325368555867716,17.431269463750244,17.092387668176922,17.155927658081055,3942087,0.0,0.0
1999-06-16 00:00:00-04:00,17.449133480809127,17.842084155346082,17.449133480809127,17.826152801513672,4343807,0.13421,0.0
1999-06-17 00:00:00-04:00,17.810224786120685,17.810224786120685,17.581888802750726,17.693401336669922,2903453,0.0,0.0
1999-06-18 00:00:00-04:00,17.842084928421265,18.08104133605957,17.714641047340763,18.08104133605957,3760970,0.0,0.0
1999-06-21 00:00:00-04:00,18.012010432590067,18.13945432256264,17.980149112341845,18.102283477783203,2986716,0.0,0.0
1999-06-22 00:00:00-04:00,18.102285651053,18.38903339465155,18.05449436045324,18.22441864013672,3574274,0.0,0.0
1999-06-23 00:00:00-04:00,17.948287047932624,18.001387851008985,17.6668488967715,17.783672332763672,6006050,0.0,0.0
1999-06-24 00:00:00-04:00,17.37478895834845,17.411961186841175,16.880946242188454,17.088041305541992,6634810,0.0,0.0
1999-06-25 00:00:00-04:00,17.0880437603332,17.757123104018557,17.0880437603332,17.396032333374023,6997902,0.0,0.0
1999-06-28 00:00:00-04:00,17.438515679373616,17.475686525570797,17.151767959263598,17.406654357910156,7283312,0.0,0.0
1999-06-29 00:00:00-04:00,17.311068970656606,17.311068970656606,16.711023222263584,16.737573623657227,12346437,0.0,0.0
1999-06-30 00:00:00-04:00,16.758814501180197,16.801294865206,16.541098984120094,16.737573623657227,16394104,0.0,0.0
1999-07-01 00:00:00-04:00,16.987153632784015,17.151768377831885,16.907501022691733,17.13052749633789,21637917,0.0,0.0
1999-07-02 00:00:00-04:00,17.279214526166797,17.470381108878698,17.22611370226177,17.459760665893555,11614672,0.0,0.0
1999-07-06 00:00:00-04:00,17.735880005075586,17.911115148704273,17.719948652278394,17.77836036682129,12171328,0.0,0.0
1999-07-07 00:00:00-04:00,17.847400381149022,18.139459082512307,17.847400381149022,17.964223861694336,11427976,0.0,0.0
1999-07-08 00:00:00-04:00,17.86332099180386,17.90049321788434,17.6774668165012,17.741188049316406,7302625,0.0,0.0
1999-07-09 00:00:00-04:00,17.804916794112227,17.84739716691958,17.565960350132013,17.597820281982422,6841678,0.0,0.0
1999-07-12 00:00:00-04:00,17.71464524171673,17.778366501834444,17.565961837768555,17.565961837768555,5775147,0.0,0.0
1999-07-13 00:00:00-04:00,17.37479130259011,17.40665262087408,17.16769621129489,17.183626174926758,5914633,0.0,0.0
1999-07-14 00:00:00-04:00,17.353555179911265,17.523479461669922,17.215490831594547,17.523479461669922,5141237,0.0,0.0
1999-07-15 00:00:00-04:00,17.842085529667788,17.88456589744599,17.67216127651445,17.820844650268555,7884174,0.0,0.0
1999-07-16 00:00:00-04:00,18.054491219959303,18.23503590959566,17.98014814338649,18.203174591064453,7329235,0.0,0.0
1999-07-19 00:00:00-04:00,18.107585805806416,18.17661794339859,17.927041178194408,18.134136199951172,4415910,0.0,0.0
1999-07-20 00:00:00-04:00,17.889875220881553,17.921736537145236,17.78367222435609,17.810222625732422,5370423,0.0,0.0
1999-07-21 00:00:00-04:00,17.714642065303025,18.171314028138593,17.714642065303025,18.155384063720703,5730512,0.0,0.0
1999-07-22 00:00:00-04:00,17.953600139706218,18.09166448077417,17.84739712142789,17.96953010559082,4998318,0.0,0.0
1999-07-23 00:00:00-04:00,17.932355937375185,17.990767656163396,17.42258321325654,17.66684913635254,4969562,0.0,0.0
1999-07-26 00:00:00-04:00,17.5606442558645,17.656226805271224,17.480991667685558,17.534093856811523,2564395,0.0,0.0
1999-07-27 00:00:00-04:00,17.852700764688095,17.92704242989198,17.67746564726191,17.88987159729004,5809482,0.0,0.0
1999-07-28 00:00:00-04:00,17.75712311716087,17.767742165669233,17.66154055242368,17.698711395263672,4649388,0.0,0.0
1999-07-29 00:00:00-04:00,17.459759546533657,17.634993367002416,17.37479600809959,17.587202072143555,5869139,0.0,0.0
1999-07-30 00:00:00-04:00,17.757122862915512,18.09166183470576,17.757122862915512,17.884565353393555,5156259,0.0,0.0
1999-08-02 00:00:00-04:00,17.82085004658637,17.9589130224476,17.788988717839615,17.831470489501953,2622765,0.0,0.0
1999-08-03 00:00:00-04:00,17.788979000894134,17.804910352075606,17.465060537476486,17.751808166503906,2796586,0.0,0.0
1999-08-04 00:00:00-04:00,17.502237563377843,17.56064929266022,16.854400407366647,16.907501220703125,7363999,0.0,0.0
1999-08-05 00:00:00-04:00,16.376489493013608,16.44021075488583,15.802993963101857,16.057880401611328,8996628,0.0,0.0
1999-08-06 00:00:00-04:00,15.994154564205354,16.31276359217104,15.675546927259973,15.797679901123047,5100464,0.0,0.0
1999-08-09 00:00:00-04:00,15.972916927166507,16.1428412053756,15.808302174079992,15.962296485900879,4741664,0.0,0.0
1999-08-10 00:00:00-04:00,15.88795783717261,15.946369579833314,15.542798298370665,15.802995681762695,4450674,0.0,0.0
1999-08-11 00:00:00-04:00,15.903886007367465,15.983538627624512,15.595897359462167,15.983538627624512,2954956,0.0,0.0
1999-08-12 00:00:00-04:00,15.972917266348695,16.24373504682178,15.866714242457691,16.158771514892578,3861400,0.0,0.0
1999-08-13 00:00:00-04:00,16.397728189011335,16.822538863168877,16.397728189011335,16.65261459350586,2697443,0.0,0.0
1999-08-16 00:00:00-04:00,16.780057402803727,16.780057402803727,16.652613513313074,16.71102523803711,2458386,0.0,0.0
1999-08-17 00:00:00-04:00,16.567654319814782,16.610134696492405,16.243735709688135,16.307456970214844,4403035,0.0,0.0
1999-08-18 00:00:00-04:00,16.010087833834444,16.057879124191913,15.802992705958895,15.829543113708496,3333499,0.0,0.0
1999-08-19 00:00:00-04:00,15.680856823853397,15.946365048968454,15.680856823853397,15.925124168395996,2993583,0.0,0.0
1999-08-20 00:00:00-04:00,15.935744230547602,16.015395444273793,15.755198140986165,15.797679901123047,1785849,0.0,0.0
1999-08-23 00:00:00-04:00,16.03664340772789,16.22780863074092,15.999472546699902,16.100364685058594,4286725,0.0,0.0
1999-08-24 00:00:00-04:00,16.18532380772037,16.2968363602474,16.105671189617897,16.22780418395996,3740369,0.0,0.0
1999-08-25 00:00:00-04:00,16.76944326873977,16.85440543000926,16.578278058128213,16.82254409790039,5091451,0.0,0.0
1999-08-26 00:00:00-04:00,17.396031876715497,17.512855317356728,17.33762015639488,17.496925354003906,5604760,0.0,0.0
1999-08-27 00:00:00-04:00,17.677467912983342,17.68277743645563,17.41727066040039,17.41727066040039,4146380,0.0,0.0
1999-08-30 00:00:00-04:00,17.332308579707362,17.374788940624224,17.151763916015625,17.151763916015625,3523629,0.0,0.0
1999-08-31 00:00:00-04:00,17.311076232059087,17.332317118491883,16.86502457207403,17.040258407592773,4085865,0.0,0.0
1999-09-01 00:00:00-04:00,17.061495429400892,17.141148039971277,16.843779870331634,16.865020751953125,4381146,0.0,0.0
1999-09-02 00:00:00-04:00,16.599518724422833,16.631380058775964,16.37649355701371,16.525177001953125,3489724,0.0,0.0
1999-09-03 00:00:00-04:00,16.86501792441747,17.22610728736207,16.806606205261698,17.204866409301758,3519338,0.0,0.0
1999-09-07 00:00:00-04:00,17.173010461137093,17.353555184430242,17.103978286960757,17.284523010253906,3191438,0.0,0.0
1999-09-08 00:00:00-04:00,16.76412980227594,17.01370672162926,16.76412980227594,16.843782424926758,2321904,0.0,0.0
1999-09-09 00:00:00-04:00,16.92874417786315,16.99246683090364,16.854402473669825,16.98715591430664,2763109,0.0,0.0
1999-09-10 00:00:00-04:00,16.780060902228612,16.80130039572289,16.408349596280104,16.55172348022461,4579860,0.0,0.0
1999-09-13 00:00:00-04:00,16.981850059117022,17.49162304749768,16.96060917017927,17.465072631835938,6191030,0.0,0.0
1999-09-14 00:00:00-04:00,17.3323138616309,17.44913732403861,17.247351722885416,17.321693420410156,4191016,0.0,0.0
1999-09-15 00:00:00-04:00,17.24203804685361,17.49692581331096,17.167696361228654,17.396032333374023,4283291,0.0,0.0
1999-09-16 00:00:00-04:00,17.502235636024512,17.534096955130067,16.923430713905304,17.077425003051758,2903883,0.0,0.0
1999-09-17 00:00:00-04:00,17.21549023444308,17.751814860344567,17.08273680698515,17.719953536987305,4224493,0.0,0.0
1999-09-20 00:00:00-04:00,17.757124183410088,18.03325145467346,17.66685113750652,18.01201057434082,5204328,0.0,0.0
1999-09-21 00:00:00-04:00,18.245656817618062,18.527093603299612,18.096972051674747,18.40496063232422,13054596,0.0,0.0
1999-09-22 00:00:00-04:00,18.596124195769658,18.75011847308819,18.55364244022517,18.697017669677734,10310371,0.0,0.0
1999-09-23 00:00:00-04:00,19.38733433337815,19.881178463251057,19.03155590378532,19.116518020629883,12270041,0.0,0.0
1999-09-24 00:00:00-04:00,19.116522181115833,19.62629638414967,18.967837401013277,19.58381462097168,5951114,0.0,0.0
1999-09-27 00:00:00-04:00,19.530709100332892,19.674082929969135,19.137757058714968,19.286441802978516,6614209,0.0,0.0
1999-09-28 00:00:00-04:00,19.35286979634832,19.496579173761468,19.118676117182197,19.331579208374023,5973861,0.12349,0.0
1999-09-29 00:00:00-04:00,19.58706724691627,20.098034521678418,19.54448745401372,19.943679809570312,6282447,0.0,0.0
1999-09-30 00:00:00-04:00,20.215132512996778,20.3748091852177,19.93835896381837,20.247068405151367,5596176,0.0,0.0
1999-10-01 00:00:00-04:00,19.597708888484483,19.92238689447395,19.182547968030875,19.672225952148438,7662714,0.0,0.0
1999-10-04 00:00:00-04:00,19.587065420026402,19.8531950265181,19.4007762291856,19.720130920410156,2678903,0.0,5.0
1999-10-05 00:00:00-04:00,19.72013146205297,19.77335654824773,19.400776762056864,19.560453414916992,2441047,0.0,0.0
1999-10-06 00:00:00-04:00,19.587064037671613,20.199160834555634,19.587064037671613,20.172548294067383,2760191,0.0,0.0
1999-10-07 00:00:00-04:00,20.49190087710467,21.18383527210837,20.225772692649606,20.651578903198242,4033161,0.0,0.0
1999-10-08 00:00:00-04:00,21.503190125027352,21.556415204690786,20.86448080341209,21.290287017822266,4289557,0.0,0.0
1999-10-11 00:00:00-04:00,21.583032018019928,22.24835257394639,21.55641808036218,22.195127487182617,4373163,0.0,0.0
1999-10-12 00:00:00-04:00,22.38141457420352,22.541091203763383,21.71609272819876,21.902381896972656,2630748,0.0,0.0
1999-10-13 00:00:00-04:00,21.370127084124658,21.94230299292819,20.758031666469574,21.07738494873047,3227919,0.0,0.0
1999-10-14 00:00:00-04:00,20.94432280509787,20.97093534872613,20.199163217851346,20.57174301147461,2378815,0.0,0.0
1999-10-15 00:00:00-04:00,19.933027859931407,20.598349624743975,19.746738713891208,20.385446548461914,3614445,0.0,0.0
1999-10-18 00:00:00-04:00,20.279003812900786,20.41206933904391,19.93303651233604,20.358842849731445,1840442,0.0,0.0
1999-10-19 00:00:00-04:00,19.85319745878754,19.85319745878754,18.841908176485212,18.9217472076416,5870770,0.0,0.0
1999-10-20 00:00:00-04:00,19.02820002196358,19.1080376640364,17.883846542825836,18.203201293945312,6530860,0.0,0.0
1999-10-21 00:00:00-04:00,18.41610279580395,19.95965003967285,18.41610279580395,19.95965003967285,4278313,0.0,0.0
1999-10-22 00:00:00-04:00,19.16125340268482,19.42738151550293,18.54915818549306,19.42738151550293,3804919,0.0,0.0
1999-10-25 00:00:00-04:00,18.841905263868885,18.921744282683612,18.30964885650608,18.522550582885742,2287140,0.0,0.0
1999-10-26 00:00:00-04:00,18.60238786610806,19.187870696147385,18.60238786610806,18.708839416503906,2030400,0.0,0.0
1999-10-27 00:00:00-04:00,19.24109427336487,19.294319343416444,18.203192858880332,18.495933532714844,5645532,0.0,0.0
1999-10-28 00:00:00-04:00,18.522553604238627,19.05481149269778,18.442715966676747,19.001585006713867,5433256,0.0,0.0
1999-10-29 00:00:00-04:00,19.001581993177965,20.41206482533168,19.001581993177965,20.27899932861328,5604159,0.0,0.0
1999-11-01 00:00:00-05:00,20.704803622834188,21.050770814328217,20.278997419679797,20.332223892211914,3406375,0.0,0.0
1999-11-02 00:00:00-05:00,20.438681462157664,20.438681462157664,19.853198457534443,19.95965003967285,3144828,0.0,0.0
1999-11-03 00:00:00-05:00,20.465290390616882,20.784645080566406,20.332226285040196,20.784645080566406,8215593,0.0,0.0
1999-11-04 00:00:00-05:00,20.970936347726596,21.44996912723451,20.75803459428256,20.91771125793457,2968347,0.0,0.0
1999-11-05 00:00:00-05:00,21.503189268797776,22.381414202480048,21.423350258206035,21.636253356933594,4464580,0.0,0.0
1999-11-08 00:00:00-05:00,21.71609703135811,22.06206429252275,21.60964545913238,21.84916114807129,2113834,0.0,0.0
1999-11-09 00:00:00-05:00,22.461259589508135,22.461259589508135,22.035454639016884,22.141904830932617,2108512,0.0,0.0
1999-11-10 00:00:00-05:00,22.062061300625437,22.833833351754926,21.928997201957447,22.567705154418945,2625683,0.0,0.0
1999-11-11 00:00:00-05:00,22.408036937758876,22.461262039522396,20.837876915867486,22.055416107177734,5469995,0.0,0.0
1999-11-12 00:00:00-05:00,20.811256237163942,20.837868777652194,20.03948280307471,20.172548294067383,5773430,0.0,0.0
1999-11-15 00:00:00-05:00,20.01287541246845,20.65158491419884,19.933036376183132,20.225778579711914,4832222,0.0,0.0
1999-11-16 00:00:00-05:00,18.8419022881446,19.16125691869168,18.5491615891831,18.735450744628906,11795789,0.0,0.0
1999-11-17 00:00:00-05:00,18.868516070423915,19.374161284055475,18.44271126254153,19.2144832611084,7851814,0.0,0.0
1999-11-18 00:00:00-05:00,20.066098695403447,20.225775348186044,19.21448616249399,19.613679885864258,7457820,0.0,0.0
1999-11-19 00:00:00-05:00,19.161257884452883,20.012868881225586,18.788678160507054,20.012868881225586,4618487,0.0,0.0
1999-11-22 00:00:00-05:00,19.161263459042498,19.214488551829998,18.708844593244688,18.815296173095703,3526805,0.0,0.0
1999-11-23 00:00:00-05:00,18.838993072509766,18.99909730277118,18.678887444238953,18.838993072509766,3758652,0.13747,0.0
1999-11-24 00:00:00-05:00,18.945729345537565,19.34599061287575,18.83899272797884,19.212570190429688,1634432,0.0,0.0
1999-11-26 00:00:00-05:00,20.25324154304298,20.92034333840693,20.066452201535846,20.813608169555664,3757365,0.0,0.0
1999-11-29 00:00:00-05:00,20.546770035493832,20.573455230887117,19.532774550818477,19.719562530517578,2692207,0.0,0.0
1999-11-30 00:00:00-05:00,20.146507263183594,20.22656004691822,19.87966651474666,20.146507263183594,3085772,0.0,0.0
1999-12-01 00:00:00-05:00,20.386671585566276,20.68019623534574,20.386671585566276,20.493408203125,3248520,0.0,0.0
1999-12-02 00:00:00-05:00,20.466724398237663,20.546775812899675,20.279934968007552,20.493408203125,2611863,0.0,0.0
1999-12-03 00:00:00-05:00,20.78693541806451,21.160514324625304,20.33330508696315,21.080461502075195,4268184,0.0,0.0
1999-12-06 00:00:00-05:00,21.560767366793463,22.681500860343114,21.4540307770264,22.628131866455078,4627671,0.0,0.0
1999-12-07 00:00:00-05:00,22.628129400400343,22.73486597853506,22.334604859036517,22.521392822265625,3698738,0.0,0.0
1999-12-08 00:00:00-05:00,21.934346130274562,21.987715127564837,21.21387515192407,21.59412384033203,2571863,0.0,0.0
1999-12-09 00:00:00-05:00,21.82760945959125,21.9343460558003,21.400664472764152,21.667505264282227,3030922,0.0,0.0
1999-12-10 00:00:00-05:00,21.24055863240099,21.58745221654347,21.02708544246576,21.267242431640625,2223020,0.0,0.0
1999-12-13 00:00:00-05:00,21.00040107027533,21.2138742543864,20.81361308268492,21.053770065307617,1445160,0.0,0.0
1999-12-14 00:00:00-05:00,21.240563128026693,21.400668753369466,20.493408203125,20.493408203125,3360281,0.0,0.0
1999-12-15 00:00:00-05:00,20.46673011779785,20.786938661949,20.279940635368213,20.46673011779785,2990836,0.0,0.0
1999-12-16 00:00:00-05:00,20.893663416589327,21.187189379329926,20.840295822277746,20.920347213745117,2501906,0.0,0.0
1999-12-17 00:00:00-05:00,21.34729799165032,21.400666995049466,20.920351556494165,21.027088165283203,3055557,0.0,0.0
1999-12-20 00:00:00-05:00,20.973711969650825,21.1338161182556,20.279924995682336,20.44002914428711,1559925,0.0,0.0
1999-12-21 00:00:00-05:00,20.546775812899675,20.62682862557106,20.279934968007552,20.493408203125,2626542,0.0,0.0
1999-12-22 00:00:00-05:00,20.440040220521535,20.70688247680664,20.06646273933372,20.70688247680664,2425081,0.0,0.0
1999-12-23 00:00:00-05:00,20.920347213745117,21.10713658985359,20.600138851857693,20.920347213745117,1198377,0.0,0.0
1999-12-27 00:00:00-05:00,20.920348827916378,21.000401623569427,20.386667251586914,20.386667251586914,1048333,0.0,0.0
1999-12-28 00:00:00-05:00,20.493403584749714,20.786928168380737,20.493403584749714,20.760244369506836,1207304,0.0,0.0
1999-12-29 00:00:00-05:00,21.027081619492506,21.29392375740101,21.000397825104304,21.160503387451172,1386791,0.0,0.0
1999-12-30 00:00:00-05:00,21.320610601565814,21.667504172259832,21.240557808941343,21.454030990600586,1356833,0.0,0.0
1999-12-31 00:00:00-05:00,21.45403707273982,21.61414130536869,21.133827209472656,21.133827209472656,455969,0.0,0.0
2000-01-03 00:00:00-05:00,21.667510314917926,21.667510314917926,20.760249734665674,21.133827209472656,1702930,0.0,0.0
2000-01-04 00:00:00-05:00,20.440033732242465,20.866980088365516,20.11982536315918,20.11982536315918,2601477,0.0,0.0
2000-01-05 00:00:00-05:00,19.933040965809585,20.039777581522877,19.265937467103864,19.639514923095703,3226031,0.0,0.0
2000-01-06 00:00:00-05:00,19.372670579114597,19.426039576323706,18.97240939108721,19.23925018310547,2604481,0.0,0.0
2000-01-07 00:00:00-05:00,19.74625153880899,20.33330222622741,19.639514923095703,19.639514923095703,3792129,0.0,0.0
2000-01-10 00:00:00-05:00,20.973720242355906,22.014401113786413,20.733563225718804,21.34729766845703,4676942,0.0,0.0
2000-01-11 00:00:00-05:00,21.02708989290925,21.13382651046797,20.493408203125,20.493408203125,2673323,0.0,0.0
2000-01-12 00:00:00-05:00,20.89366846037391,21.560771938362954,20.89366846037391,21.534088134765625,2526884,0.0,0.0
2000-01-13 00:00:00-05:00,21.53408432856051,21.827608912268506,21.29392734261431,21.560768127441406,2788088,0.0,0.0
2000-01-14 00:00:00-05:00,22.201183613047135,23.001707268990064,22.041079441062106,22.57476234436035,4195222,0.0,0.0
2000-01-18 00:00:00-05:00,23.428652346791942,24.76285743713379,23.37528336029333,24.76285743713379,5789911,0.0,0.0
2000-01-19 00:00:00-05:00,24.202490767946863,24.76285743713379,23.908964837226545,24.76285743713379,4773252,0.0,0.0
2000-01-20 00:00:00-05:00,23.855609387608634,24.602764394706764,23.668821334838867,23.668821334838867,4027152,0.0,0.0
2000-01-21 00:00:00-05:00,23.295233658633045,24.015704543290145,22.841603531698816,23.88228416442871,4197883,0.0,0.0
2000-01-24 00:00:00-05:00,23.535396051454192,23.748869266099316,23.028396817169707,23.45534324645996,2003104,0.0,0.0
2000-01-25 00:00:00-05:00,23.05507454522583,23.642123598220113,22.894968987128493,23.508703231811523,1556406,0.0,0.0
2000-01-26 00:00:00-05:00,24.229181606817665,24.522707605944294,23.96234080616374,23.989023208618164,3287662,0.0,0.0
2000-01-27 00:00:00-05:00,23.962336950949137,24.335912893354024,23.588758212526418,23.88228416442871,2692207,0.0,0.0
2000-01-28 00:00:00-05:00,23.615444452449086,23.90896762133139,22.868288340526867,23.321918487548828,3357705,0.0,0.0
2000-01-31 00:00:00-05:00,23.16181581105664,24.309234619140625,22.574766603679734,24.309234619140625,5636348,0.0,0.0
2000-02-01 00:00:00-05:00,24.656120726071787,25.37659011590112,24.4960151745464,25.189802169799805,4900463,0.0,0.0
2000-02-02 00:00:00-05:00,25.85691173916419,27.164433346550663,25.67012373697135,26.897592544555664,5840813,0.0,0.0
2000-02-03 00:00:00-05:00,24.122439996865264,26.657432815525787,24.06907240392937,26.363906860351562,9232166,0.0,0.0
2000-02-04 00:00:00-05:00,23.722185517718472,25.243180517648533,23.615450301872237,24.68281364440918,14779243,0.0,0.0
2000-02-07 00:00:00-05:00,22.894976709069766,23.188502732575174,22.52139927752501,23.055082321166992,12895539,0.0,0.0
2000-02-08 00:00:00-05:00,24.309233806152672,24.709494997253255,24.069075413881396,24.576074600219727,5700983,0.0,0.0
2000-02-09 00:00:00-05:00,22.788234966606844,23.90896554199922,22.521392822265625,22.521392822265625,9844188,0.0,0.0
2000-02-10 00:00:00-05:00,23.668807366977592,24.33590915891544,23.028387969106817,23.482019424438477,6967087,0.0,0.0
2000-02-11 00:00:00-05:00,24.496014707387484,24.60274987569058,22.654810686019882,23.482019424438477,11878279,0.0,0.0
2000-02-14 00:00:00-05:00,22.97503420972023,23.188507470797067,22.52140387943434,22.788246154785156,4361489,0.0,0.0
2000-02-15 00:00:00-05:00,22.014400195769802,22.414661407470703,21.3206129770809,22.414661407470703,8424178,0.0,0.0
2000-02-16 00:00:00-05:00,21.454032079600584,22.06776645951711,21.400664480481364,21.694189071655273,8524265,0.0,0.0
2000-02-17 00:00:00-05:00,22.30791756287398,22.86828419574937,21.880972688595026,22.814916610717773,4987931,0.0,0.0
2000-02-18 00:00:00-05:00,21.987716394591576,22.414661407470703,21.614137586059723,22.414661407470703,7765032,0.0,0.0
2000-02-22 00:00:00-05:00,23.58875846862793,24.01570480402698,23.215181124158224,23.58875846862793,7305715,0.0,0.0
2000-02-23 00:00:00-05:00,24.70949884638006,24.78955165627406,24.149131973140708,24.68281364440918,5052138,0.0,0.0
2000-02-24 00:00:00-05:00,24.736170705817027,25.34990772132519,24.335909623021013,25.189802169799805,4306296,0.0,0.0
2000-02-25 00:00:00-05:00,24.9496597649587,25.003030180205553,24.496030807495117,24.496030807495117,3284658,0.0,0.0
2000-02-28 00:00:00-05:00,24.09575900993055,24.14912660599271,23.535392261232815,23.562074661254883,4449644,0.0,0.0
2000-02-29 00:00:00-05:00,23.935654512862865,24.709494476974406,23.748866520152543,24.549388885498047,3656506,0.0,0.0
2000-03-01 00:00:00-05:00,24.22918128967285,24.52270728495741,23.728853396986583,24.22918128967285,3928439,0.0,0.0
2000-03-02 00:00:00-05:00,23.935656863762283,24.5493912966769,23.90897166388922,24.522708892822266,2917617,0.0,0.0
2000-03-03 00:00:00-05:00,24.922963636105774,25.83022384770891,24.762858070523542,25.563383102416992,4309386,0.0,0.0
2000-03-06 00:00:00-05:00,26.710800408461687,27.48464029209471,26.257171674479768,26.363906860351562,6561762,0.0,0.0
2000-03-07 00:00:00-05:00,26.870906480639007,26.870906480639007,25.643435044287017,25.670120239257812,4046122,0.0,0.0
2000-03-08 00:00:00-05:00,26.01702322975726,26.7641782037239,25.72349716269285,26.497337341308594,3202855,0.0,0.0
2000-03-09 00:00:00-05:00,26.390596645057137,27.29785427082415,26.31054384372044,26.924278259277344,5359007,0.0,0.0
2000-03-10 00:00:00-05:00,26.2571698003687,26.897586461925314,26.2571698003687,26.417272567749023,6243391,0.0,0.0
2000-03-13 00:00:00-05:00,25.403277882160804,26.41727328725764,25.269857507701165,26.043697357177734,3499767,0.0,0.0
2000-03-14 00:00:00-05:00,25.67012076106609,25.883593937118068,25.029701232910156,25.029701232910156,3887151,0.0,0.0
2000-03-15 00:00:00-05:00,24.442658164491682,24.60276098926809,23.908973693847656,23.908973693847656,3254014,0.0,0.0
2000-03-16 00:00:00-05:00,24.122439049401866,25.18980484628591,23.908965890025055,24.922964096069336,3989641,0.0,0.0
2000-03-17 00:00:00-05:00,24.415969278970557,25.376597266783758,24.38928408085754,25.109756469726562,2668087,0.0,0.0
2000-03-20 00:00:00-05:00,25.616753501836982,26.57738140865362,25.536700710265926,26.283855438232422,3971272,0.0,0.0
2000-03-21 00:00:00-05:00,25.029699945309634,26.33722133385406,25.00301754718699,25.88359260559082,7509322,0.0,0.0
2000-03-22 00:00:00-05:00,24.442658184160955,25.34991870936535,24.38928777984054,25.056392669677734,10256809,0.0,0.0
2000-03-23 00:00:00-05:00,24.76285993835536,25.803540601101705,24.76285993835536,25.61675262451172,5028275,0.0,0.0
2000-03-24 00:00:00-05:00,25.536703415455833,25.643438618178724,25.24317741394043,25.24317741394043,4125608,0.0,0.0
2000-03-27 00:00:00-05:00,24.86960464261228,25.16312788628123,24.84291944045207,25.056392669677734,3487921,0.0,0.0
2000-03-28 00:00:00-05:00,25.16312163824098,25.536700395630398,25.003018853089493,25.08306884765625,3511355,0.0,0.0
2000-03-29 00:00:00-05:00,24.709489503362718,24.762857091106774,24.042387666518035,24.33591079711914,3871786,0.0,0.0
2000-03-30 00:00:00-05:00,23.428650472734024,24.095753663547764,23.321913906283477,23.53538703918457,3013669,0.0,0.0
2000-03-31 00:00:00-05:00,23.8822888318702,24.25586484728501,23.455342417666085,23.722183227539062,4389043,0.0,0.0
2000-04-03 00:00:00-04:00,23.482030006043182,23.69550323486328,22.788242711382516,23.69550323486328,3042682,0.0,0.0
2000-04-04 00:00:00-04:00,22.41465892674625,22.681501103023482,20.81361285912796,22.22787094116211,6263305,0.0,0.0
2000-04-05 00:00:00-04:00,21.560768939008543,22.628133516502572,21.160507746701697,22.174503326416016,7065113,0.0,0.0
2000-04-06 00:00:00-04:00,22.894968987128493,23.908964331037293,22.65481204799127,23.508703231811523,4287669,0.0,0.0
2000-04-07 00:00:00-04:00,24.335918395496286,24.415971200115965,23.855604363796672,24.17581558227539,2567829,0.0,0.0
2000-04-10 00:00:00-04:00,24.175809084349293,24.229176674412223,22.521392822265625,22.521392822265625,3028089,0.0,0.0
2000-04-11 00:00:00-04:00,21.747561039615984,22.254558892543574,21.29393079309792,21.934349060058594,3543715,0.0,0.0
2000-04-12 00:00:00-04:00,22.281236181344298,22.36128896556269,20.653505089626517,20.97371482849121,4671706,0.0,0.0
2000-04-13 00:00:00-04:00,21.88098061887812,22.54808266359326,21.187193373966988,22.201189041137695,3775391,0.0,0.0
2000-04-14 00:00:00-04:00,21.000403086900135,21.82761070625878,19.212567444803604,19.426040649414062,5309908,0.0,0.0
2000-04-17 00:00:00-04:00,19.21256610605121,20.493403846454623,18.919040120662746,20.386667251586914,5340809,0.0,0.0
2000-04-18 00:00:00-04:00,20.11981851223304,21.53407608781569,19.906345406860463,21.40065574645996,4348099,0.0,0.0
2000-04-19 00:00:00-04:00,21.40066393928488,21.774241317699403,20.600140186677148,20.786928176879883,5586991,0.0,0.0
2000-04-20 00:00:00-04:00,21.000405904649682,21.000405904649682,19.372674248603957,20.013093948364258,4775913,0.0,0.0
2000-04-24 00:00:00-04:00,19.21256221400124,19.26592980161944,18.57214277453014,18.785615921020508,6796098,0.0,0.0
2000-04-25 00:00:00-04:00,19.426041197575987,19.639513010200996,18.97241097448057,19.612829208374023,6913009,0.0,0.0
2000-04-26 00:00:00-04:00,19.426037901236644,19.426037901236644,18.785618378004624,18.89235496520996,3783975,0.0,0.0
2000-04-27 00:00:00-04:00,18.572150163972154,20.27993461737544,18.572150163972154,19.639514923095703,8817657,0.0,0.0
2000-04-28 00:00:00-04:00,20.06645393371582,20.119822920757088,19.50608725883106,20.06645393371582,4931794,0.0,0.0
2000-05-01 00:00:00-04:00,20.039770152022278,20.173190522697578,19.719560423596267,20.093137741088867,4019083,0.0,0.0
2000-05-02 00:00:00-04:00,19.47940997856727,19.612830393775294,19.05246353149414,19.05246353149414,5014198,0.0,0.0
2000-05-03 00:00:00-04:00,18.518781464193726,18.62551807361925,17.878361807640594,18.118518829345703,5051365,0.0,0.0
2000-05-04 00:00:00-04:00,17.718250259095058,18.251933085336525,17.611513693846764,17.691566467285156,4988704,0.0,0.0
2000-05-05 00:00:00-04:00,17.93173235009789,18.465414045011993,17.93173235009789,18.438730239868164,4332734,0.0,0.0
2000-05-08 00:00:00-04:00,17.771617827057682,17.851670600425543,17.504777113176385,17.66488265991211,3633244,0.0,0.0
2000-05-09 00:00:00-04:00,17.051154893751058,17.157891507938096,16.38405280259373,16.517473220825195,6023647,0.0,0.0
2000-05-10 00:00:00-04:00,16.65088708647267,16.944411611470024,16.464097735649794,16.730939865112305,4663809,0.0,0.0
2000-05-11 00:00:00-04:00,17.21125952577865,17.664889760524122,16.971102507149784,17.55815315246582,5311539,0.0,0.0
2000-05-12 00:00:00-04:00,18.145202785108935,18.225254188178106,17.931729580906143,17.971755981445312,4226982,0.0,0.0
2000-05-15 00:00:00-04:00,18.251939785096155,18.54546439876685,17.824993367383293,18.305307388305664,3736850,0.0,0.0
2000-05-16 00:00:00-04:00,17.878365969460948,17.9050511765362,17.611525082785146,17.744945526123047,4855055,0.0,0.0
2000-05-17 00:00:00-04:00,16.75762775598879,17.34467834752939,16.75762775598879,17.264625549316406,4223377,0.0,0.0
2000-05-18 00:00:00-04:00,16.944415482671186,17.024468279600057,16.544154294045025,16.757627487182617,3807666,0.0,0.0
2000-05-19 00:00:00-04:00,15.850367840756835,15.983788243071645,15.343370032358731,15.503474235534668,7036186,0.0,0.0
2000-05-22 00:00:00-04:00,15.877051472824057,16.170577473203398,15.316684670651966,16.090524673461914,5455488,0.0,0.0
2000-05-23 00:00:00-04:00,16.090523586040135,16.810994540995534,15.796999003506773,16.650890350341797,5639867,0.0,0.0
2000-05-24 00:00:00-04:00,16.67757576393154,17.344679185931373,16.464102557050857,17.02446937561035,6440044,0.0,0.0
2000-05-25 00:00:00-04:00,17.82499122619629,18.518778372635474,17.4780976529767,17.82499122619629,7120907,0.0,0.0
2000-05-26 00:00:00-04:00,18.03846495788928,18.17188535195222,17.691571374122002,17.93172836303711,2362677,0.0,0.0
2000-05-30 00:00:00-04:00,19.239252820339658,19.826303482055664,19.239252820339658,19.826303482055664,7041336,0.0,0.0
2000-05-31 00:00:00-04:00,19.612829202820397,20.013091822148525,19.45272499389467,19.586145401000977,5524244,0.0,0.0
2000-06-01 00:00:00-04:00,20.253242297507597,20.600135803222656,20.066452949042272,20.600135803222656,4649302,0.0,0.0
2000-06-02 00:00:00-04:00,21.29393027053596,22.14782173819843,21.133824659217886,21.77424430847168,6824596,0.0,0.0
2000-06-05 00:00:00-04:00,20.973720242355906,21.58745468509413,20.920351239764752,21.34729766845703,2523794,0.0,0.0
2000-06-06 00:00:00-04:00,20.920349097650718,21.187191287265026,20.813613899415905,20.84029769897461,2906458,0.0,0.0
2000-06-07 00:00:00-04:00,20.94214495328725,21.717780470539704,20.75492355343521,21.396827697753906,2455210,0.13164,0.0
2000-06-08 00:00:00-04:00,21.396827402517662,21.450320231203644,20.460716212415345,20.594446182250977,2773066,0.0,0.0
2000-06-09 00:00:00-04:00,20.40722169270925,20.540951642281,20.16650750322956,20.514205932617188,2569889,0.0,0.0
2000-06-12 00:00:00-04:00,21.02238473326273,21.102623281491766,20.540956246394483,20.754924774169922,3378392,0.0,0.0
2000-06-13 00:00:00-04:00,20.96888608819726,21.396823025125652,20.78166472923053,21.289838790893555,2191346,0.0,0.0
2000-06-14 00:00:00-04:00,21.075874162441913,21.370081210497695,20.861907056245624,21.022382736206055,2296067,0.0,0.0
2000-06-15 00:00:00-04:00,21.102625262733394,21.15611669907286,20.6746881670052,21.075878143310547,2324136,0.0,0.0
2000-06-16 00:00:00-04:00,20.96888882289194,21.42357152736346,20.86190597596008,21.26309585571289,2683624,0.0,0.0
2000-06-19 00:00:00-04:00,20.83516084345619,20.861907958984375,20.32698666721435,20.861907958984375,2086023,0.0,0.0
2000-06-20 00:00:00-04:00,20.701433398833345,21.075877648172085,20.166513442993164,20.166513442993164,1970829,0.0,0.0
2000-06-21 00:00:00-04:00,20.300240952939077,20.888653673259647,20.24674812313562,20.861907958984375,2922080,0.0,0.0
2000-06-22 00:00:00-04:00,20.888653236891678,20.888653236891678,19.845557790670277,20.594446182250977,2800963,0.0,0.0
2000-06-23 00:00:00-04:00,19.55134602040317,19.631584543452817,18.561743641551832,18.802457809448242,5538665,0.0,0.0
2000-06-26 00:00:00-04:00,18.882698000281422,19.417617797851562,18.695475230380275,19.417617797851562,3131695,0.0,0.0
2000-06-27 00:00:00-04:00,19.096661303834523,19.337376846663478,19.043169895151905,19.15015411376953,2521047,0.0,0.0
2000-06-28 00:00:00-04:00,18.77571560956562,18.855952746351363,18.214048645801387,18.39458465576172,3658823,0.0,0.0
2000-06-29 00:00:00-04:00,17.652385711669922,17.75936998639243,17.063972901322693,17.652385711669922,4900291,0.0,0.0
2000-06-30 00:00:00-04:00,17.09071835905125,17.86635398864746,17.03722692313232,17.86635398864746,3819683,0.0,0.0
2000-07-03 00:00:00-04:00,18.294295919870674,19.40425682067871,18.053581592060105,19.40425682067871,2074435,0.0,0.0
2000-07-05 00:00:00-04:00,19.257149177030627,19.310640615836892,18.936196340433487,19.09667205810547,3012124,0.0,0.0
2000-07-06 00:00:00-04:00,20.0595278948787,21.824766159057617,19.845559365659497,21.824766159057617,4136166,0.0,0.0
2000-07-07 00:00:00-04:00,20.273495474046836,20.75492394160297,20.1665112144507,20.647939682006836,2195208,0.0,0.0
2000-07-10 00:00:00-04:00,20.487460074566687,20.56769860971762,20.273492982918793,20.326984405517578,1766965,0.0,0.0
2000-07-11 00:00:00-04:00,19.685083072194306,20.113020148112636,19.36413166650861,19.578100204467773,2860106,0.0,0.0
2000-07-12 00:00:00-04:00,20.433968698943378,20.460714410304256,19.792063218765758,20.059524536132812,3926293,0.0,0.0
2000-07-13 00:00:00-04:00,20.0327787535935,20.0327787535935,19.551350312122274,19.604843139648438,2401733,0.0,0.0
2000-07-14 00:00:00-04:00,19.79207111997159,19.845563965301018,19.57810394241383,19.711833953857422,1987997,0.0,0.0
2000-07-17 00:00:00-04:00,20.059522791389085,20.35372839327475,19.925792844963546,20.24674415588379,2632464,0.0,0.0
2000-07-18 00:00:00-04:00,19.685089953198453,19.765328533294127,19.390884161603545,19.47112274169922,1585676,0.0,0.0
2000-07-19 00:00:00-04:00,19.73857196257044,20.273493200564705,19.68507913814463,20.11301612854004,2541305,0.0,0.0
2000-07-20 00:00:00-04:00,20.08627676909789,20.139768209187228,19.337388200327922,19.551355361938477,2463450,0.0,0.0
2000-07-21 00:00:00-04:00,19.471113641031405,19.49785935481135,18.962938072948035,19.17690658569336,1697093,0.0,0.0
2000-07-24 00:00:00-04:00,19.55134283304899,19.65832704592326,19.257137298583984,19.257137298583984,1919670,0.0,0.0
2000-07-25 00:00:00-04:00,19.444365196018254,19.79206365513387,19.150159562056544,19.631587982177734,1610827,0.0,0.0
2000-07-26 00:00:00-04:00,19.89905287669532,19.979291433850317,19.497862893426593,19.524608612060547,2124564,0.0,0.0
2000-07-27 00:00:00-04:00,19.604840628802066,19.631586338513326,18.641983869175352,18.88269805908203,3146717,0.0,0.0
2000-07-28 00:00:00-04:00,18.50825490349616,18.722223411268285,17.893096494590935,18.18730354309082,2942338,0.0,0.0
2000-07-31 00:00:00-04:00,18.18730159961865,18.588491457881105,18.00007882501122,18.454761505126953,2235809,0.0,0.0
2000-08-01 00:00:00-04:00,18.802465992389802,18.855957430200988,18.32103744707651,18.374528884887695,1761128,0.0,0.0
2000-08-02 00:00:00-04:00,18.02682521333299,18.02682521333299,17.331428311854108,17.54539680480957,4479687,0.0,0.0
2000-08-03 00:00:00-04:00,17.251190125804655,17.786109924316406,17.144205885851772,17.786109924316406,3944491,0.0,0.0
2000-08-04 00:00:00-04:00,18.481512507980675,18.588496781071637,17.705878279637567,17.86635398864746,4029641,0.0,0.0
2000-08-07 00:00:00-04:00,17.705874783486372,17.786111921521375,17.27793777562173,17.38492202758789,2685255,0.0,0.0
2000-08-08 00:00:00-04:00,17.86635398864746,17.973338261738423,17.7593697155565,17.86635398864746,2550575,0.0,0.0
2000-08-09 00:00:00-04:00,18.40127249229075,18.428018206090655,17.75936695357571,17.893096923828125,2180873,0.0,0.0
2000-08-10 00:00:00-04:00,17.893091179669717,17.893091179669717,17.384917175597355,17.491901397705078,3099764,0.0,0.0
2000-08-11 00:00:00-04:00,17.304685546791312,17.43841552734375,17.17095556623887,17.43841552734375,2047568,0.0,0.0
2000-08-14 00:00:00-04:00,17.759365274568637,17.83960380963532,17.598889605688022,17.679126739501953,4348871,0.0,0.0
2000-08-15 00:00:00-04:00,17.759363830659883,18.214046490315617,17.652379593020143,18.0803165435791,4048011,0.0,0.0
2000-08-16 00:00:00-04:00,17.97333076652469,18.32102915876034,17.81285372318361,17.919837951660156,2326711,0.0,0.0
2000-08-17 00:00:00-04:00,17.5453997920363,17.81285975314118,17.117464134519093,17.43841552734375,3594188,0.0,0.0
2000-08-18 00:00:00-04:00,17.09071813614132,17.22444812544754,16.93024242922447,17.197702407836914,3063626,0.0,0.0
2000-08-21 00:00:00-04:00,17.224450249406754,17.251197371568672,16.341831650648125,16.7965145111084,5071280,0.0,0.0
2000-08-22 00:00:00-04:00,16.502301323276104,16.769762638000934,16.31507994434674,16.39531707763672,4728960,0.0,0.0
2000-08-23 00:00:00-04:00,16.261591895368937,16.288337614318248,15.887147626319134,16.101116180419922,5753258,0.0,0.0
2000-08-24 00:00:00-04:00,16.8500110506529,16.876756779653096,16.475566640889127,16.743026733398438,5420209,0.0,0.0
2000-08-25 00:00:00-04:00,16.82325464277224,17.010477429437746,16.60928614408389,16.98373031616211,2693237,0.0,0.0
2000-08-28 00:00:00-04:00,16.90349487630283,17.144209111168898,16.850002045636522,17.0639705657959,4302433,0.0,0.0
2000-08-29 00:00:00-04:00,16.95698747968629,17.063971747172737,16.68952751159668,16.68952751159668,3216589,0.0,0.0
2000-08-30 00:00:00-04:00,17.01048031405603,17.170956014659186,16.609288960668586,16.68952751159668,3377534,0.0,0.0
2000-08-31 00:00:00-04:00,16.983728672701602,17.6523798160863,16.90349154439735,17.598888397216797,4357112,0.0,0.0
2000-09-01 00:00:00-04:00,18.77571124312354,18.962932586669922,18.2675358220634,18.962932586669922,4480718,0.0,0.0
2000-09-05 00:00:00-04:00,18.32103394963815,18.615239603942882,17.78611266737562,17.893096923828125,4066723,0.0,0.0
2000-09-06 00:00:00-04:00,17.732625437497553,17.812862597891257,17.358181151900617,17.411672592163086,3058304,0.0,0.0
2000-09-07 00:00:00-04:00,17.598891106939767,17.973335300437874,17.545398278581253,17.8396053314209,2714439,0.0,0.0
2000-09-08 00:00:00-04:00,17.25119337124859,17.304684800661967,17.0639705657959,17.0639705657959,2720620,0.0,0.0
2000-09-11 00:00:00-04:00,16.448814053401193,16.582544043895872,15.967385527119113,16.047622680664062,6629488,0.0,0.0
2000-09-12 00:00:00-04:00,16.208095698707353,16.529047034372763,16.181349987610695,16.39531707763672,4625697,0.0,0.0
2000-09-13 00:00:00-04:00,15.994131903369528,16.154607618318543,15.860401907369823,16.101116180419922,3612385,0.0,0.0
2000-09-14 00:00:00-04:00,16.689519858257512,16.689519858257512,16.28832868884493,16.422060012817383,2840191,0.0,0.0
2000-09-15 00:00:00-04:00,16.26158844418804,16.36857269853327,15.619684319369506,15.940635681152344,3621055,0.0,0.0
2000-09-18 00:00:00-04:00,16.020874556270478,16.261588783253085,15.031271934509277,15.031271934509277,4941064,0.0,0.0
2000-09-19 00:00:00-04:00,15.860400153371982,16.074368683810043,15.5661930737064,15.99413013458252,4150071,0.0,0.0
2000-09-20 00:00:00-04:00,15.619685934550825,15.69992308266717,14.442860416314407,14.97778034210205,11807377,0.0,0.0
2000-09-21 00:00:00-04:00,14.603333281682547,14.790556060150715,14.362619081510747,14.683571815490723,10017322,0.0,0.0
2000-09-22 00:00:00-04:00,14.656826809945912,14.924288160663274,14.362621145785624,14.6033353805542,8701605,0.0,0.0
2000-09-25 00:00:00-04:00,15.111504641440533,15.298727385819994,14.897537592331474,15.004520416259766,11107287,0.0,0.0
2000-09-26 00:00:00-04:00,15.29872789987392,15.592933478067303,15.191743671098367,15.271982192993164,7191809,0.0,0.0
2000-09-27 00:00:00-04:00,15.940630905643772,15.9673780121568,15.512695417717003,15.806900978088379,3628780,0.0,0.0
2000-09-28 00:00:00-04:00,15.19174889062331,15.913891632030042,15.138257458483407,15.860400199890137,3535818,0.0,0.0
2000-09-29 00:00:00-04:00,15.699920184648878,16.127857167289324,15.592935938988767,15.833651542663574,3839340,0.0,0.0
2000-10-02 00:00:00-04:00,15.967384465422949,16.047621613632806,15.80690736649723,15.860400199890137,2722079,0.0,0.0
2000-10-03 00:00:00-04:00,15.913888027459862,15.913888027459862,15.459205352246416,15.51269817352295,2413064,0.0,0.0
2000-10-04 00:00:00-04:00,15.405717421688935,16.101114447025715,15.245240322763216,15.860400199890137,3154700,0.0,0.0
2000-10-05 00:00:00-04:00,16.127859943686314,16.636034147114028,16.127859943686314,16.234844207763672,5988882,0.0,0.0
2000-10-06 00:00:00-04:00,16.18135156621132,16.18135156621132,14.977779035664772,15.298731803894043,6043132,0.0,0.0
2000-10-09 00:00:00-04:00,15.432464521874499,15.432464521874499,14.924290265955971,15.405718803405762,4205265,0.0,0.0
2000-10-10 00:00:00-04:00,15.37897034626458,15.566191743458663,15.19174754781762,15.298731803894043,5367934,0.0,0.0
2000-10-11 00:00:00-04:00,15.031273484268839,15.21849490164001,14.603336413843822,14.630082130432129,7261337,0.0,0.0
2000-10-12 00:00:00-04:00,15.298732370164062,15.325478084859919,14.49635112051784,14.6033353805542,3396504,0.0,0.0
2000-10-13 00:00:00-04:00,15.40571063839155,16.475551421404454,15.352217828552092,16.422060012817383,4559688,0.0,0.0
2000-10-16 00:00:00-04:00,16.261591225956785,16.47555977124951,15.967385527119113,16.047622680664062,5641927,0.0,0.0
2000-10-17 00:00:00-04:00,15.887148410911076,15.91389413118123,15.24524271690799,15.592941284179688,5067159,0.0,0.0
2000-10-18 00:00:00-04:00,15.298731556333813,16.234842730914945,15.058017334370255,15.940635681152344,4060114,0.0,0.0
2000-10-19 00:00:00-04:00,16.796509342400423,17.411667740266225,16.422065161145277,17.38492202758789,5551283,0.0,0.0
2000-10-20 00:00:00-04:00,16.689523066414036,17.679125525521048,16.662777356979287,17.598888397216797,7325630,0.0,0.0
2000-10-23 00:00:00-04:00,17.304681574661036,17.67912571450826,17.170951624805074,17.51865005493164,2581134,0.0,0.0
2000-10-24 00:00:00-04:00,17.705874070697355,17.893095453161507,17.331428503263517,17.465158462524414,13938637,0.0,0.0
2000-10-25 00:00:00-04:00,16.983725258200863,17.224439397224447,16.529042684211348,16.769758224487305,5726134,0.0,0.0
2000-10-26 00:00:00-04:00,16.796509825492848,17.01047833557922,16.31508137842495,16.82325553894043,3617192,0.0,0.0
2000-10-27 00:00:00-04:00,17.411663917335947,18.08031499500124,17.27793398205339,17.919837951660156,4954970,0.0,0.0
2000-10-30 00:00:00-05:00,17.839605496228312,18.080319722933233,17.5453984406707,17.893096923828125,2142676,0.0,0.0
2000-10-31 00:00:00-05:00,17.89310126052021,18.240799827948194,17.73262553757392,18.214054107666016,4936600,0.0,0.0
2000-11-01 00:00:00-05:00,17.117465045172395,17.27794075012207,16.903496504404117,17.27794075012207,2847316,0.0,0.0
2000-11-02 00:00:00-05:00,16.983727787248586,16.983727787248586,15.3522199792509,15.726665496826172,12916913,0.0,0.0
2000-11-03 00:00:00-05:00,15.994128695655158,16.101112951249245,15.432461704099419,15.566191673278809,6920734,0.0,0.0
2000-11-06 00:00:00-05:00,14.8707914352417,15.084759899274395,14.710315787843458,14.8707914352417,5430424,0.0,0.0
2000-11-07 00:00:00-05:00,15.298731458379642,15.833652726680825,15.218492917821253,15.619684219360352,8085377,0.0,0.0
2000-11-08 00:00:00-05:00,15.619685583597345,15.806906992915204,15.378971342150832,15.459208488464355,4100629,0.0,0.0
2000-11-09 00:00:00-05:00,15.11150825715579,15.459206721873624,14.977778293995517,15.21849250793457,4286124,0.0,0.0
2000-11-10 00:00:00-05:00,14.844050665644636,14.977780649839197,14.630082130432129,14.630082130432129,3459165,0.0,0.0
2000-11-13 00:00:00-05:00,14.603335340877706,14.870795289615462,14.38936682138633,14.737065315246582,5272568,0.0,0.0
2000-11-14 00:00:00-05:00,15.940634383982523,16.47555561217944,15.646428759413775,16.39531707763672,8057909,0.0,0.0
2000-11-15 00:00:00-05:00,16.154606953310424,16.23484550810847,15.726671263978071,16.047622680664062,4364665,0.0,0.0
2000-11-16 00:00:00-05:00,15.94063738115688,16.181353030044644,15.913891665031462,16.020875930786133,3049978,0.0,0.0
2000-11-17 00:00:00-05:00,16.288333096465614,16.42206445662575,15.887143219743493,15.913888931274414,3698910,0.0,0.0
2000-11-20 00:00:00-05:00,15.405712595323442,15.432458303014387,14.817300019859806,14.8707914352417,4496340,0.0,0.0
2000-11-21 00:00:00-05:00,14.890756207747096,15.212718861244936,14.810265192957148,15.051736831665039,3628866,0.12698,0.0
2000-11-22 00:00:00-05:00,14.917585715180135,14.971246858957581,14.461472318550483,14.676114082336426,3082510,0.0,0.0
2000-11-24 00:00:00-05:00,15.454191104709222,15.561511993408203,15.266379198070501,15.561511993408203,1999842,0.0,0.0
2000-11-27 00:00:00-05:00,15.856639426624193,15.93713042448027,15.346866386746246,15.481017112731934,2439073,0.0,0.0
2000-11-28 00:00:00-05:00,15.05173791216727,15.159058804370675,14.488304985176967,14.595625877380371,2798989,0.0,0.0
2000-11-29 00:00:00-05:00,15.051735515596283,15.185887663737073,14.783434030638361,14.944416046142578,2440703,0.0,0.0
2000-11-30 00:00:00-05:00,14.568795135984084,14.91758769705968,14.46147423983297,14.756607055664062,2998905,0.0,0.0
2000-12-01 00:00:00-05:00,15.373697052964436,15.963961121496668,15.34686718749973,15.507847785949707,4612736,0.0,0.0
2000-12-04 00:00:00-05:00,15.588338788005563,15.695659655526125,15.427358189555584,15.507847785949707,3590926,0.0,0.0
2000-12-05 00:00:00-05:00,15.937132799128538,16.12494468688965,15.615170165393145,16.12494468688965,7375587,0.0,0.0
2000-12-06 00:00:00-05:00,16.500566571778997,16.607887446536505,16.312754689537893,16.393245697021484,4963983,0.0,0.0
2000-12-07 00:00:00-05:00,15.963964256137588,16.339586663384896,15.91030451467169,16.178606033325195,3251009,0.0,0.0
2000-12-08 00:00:00-05:00,16.715211981018637,16.76887172731505,16.39324928625374,16.607891082763672,3449208,0.0,0.0
2000-12-11 00:00:00-05:00,16.95668080422311,17.27864203927946,16.903019661272452,17.03717041015625,4085264,0.0,0.0
2000-12-12 00:00:00-05:00,16.929843311354876,17.305466957052104,16.82252387619725,16.956674575805664,3249121,0.0,0.0
2000-12-13 00:00:00-05:00,17.06400041629808,17.14449001624938,16.50056618832999,16.55422592163086,2611863,0.0,0.0
2000-12-14 00:00:00-05:00,16.285922121507785,16.420072841292495,15.77614910519357,15.990789413452148,2780706,0.0,0.0
2000-12-15 00:00:00-05:00,16.28592397883782,16.393244848037327,15.93713150535486,16.098112106323242,2034692,0.0,0.0
2000-12-18 00:00:00-05:00,16.312754408847795,16.393245414946392,15.641999304570348,15.722490310668945,3134528,0.0,0.0
2000-12-19 00:00:00-05:00,16.017625418963373,16.124946307662352,15.561511993408203,15.561511993408203,2037181,0.0,0.0
2000-12-20 00:00:00-05:00,15.266376789326415,15.588339404623778,15.132226051034626,15.212717056274414,2920621,0.0,0.0
2000-12-21 00:00:00-05:00,14.783432296180278,14.998074021228625,14.461469708607758,14.729772567749023,5788023,0.0,0.0
2000-12-22 00:00:00-05:00,14.72977703051865,14.971248692942753,14.541965112783418,14.78343677520752,2856758,0.0,0.0
2000-12-26 00:00:00-05:00,14.783430019420628,14.783430019420628,14.461467481432766,14.7029390335083,1926966,0.0,0.0
2000-12-27 00:00:00-05:00,15.024904251098633,15.23954598137062,14.91758338596264,15.024904251098633,2504223,0.0,0.0
2000-12-28 00:00:00-05:00,14.7029390335083,14.890750865416582,14.622449453257422,14.7029390335083,2414008,0.0,0.0
2000-12-29 00:00:00-05:00,15.561510118569394,15.588339986096194,15.346868367031304,15.373698234558105,3849812,0.0,0.0
2001-01-02 00:00:00-05:00,15.58833459413221,15.641994310625057,14.702938026709397,14.810258865356445,6852665,0.0,0.0
2001-01-03 00:00:00-05:00,14.595622233302683,15.883471212545222,14.166338771667935,15.749319076538086,10047709,0.0,0.0
2001-01-04 00:00:00-05:00,15.534679057076147,15.722489520990834,15.266376185443873,15.507847785949707,4736513,0.0,0.0
2001-01-05 00:00:00-05:00,15.856640338402723,15.883471609672021,15.373697134819688,15.400527000427246,8280229,0.0,0.0
2001-01-08 00:00:00-05:00,14.756600159337003,15.454184955479978,14.327316775353186,14.7029390335083,7125972,0.0,0.0
2001-01-09 00:00:00-05:00,14.354153248057242,14.48830542159902,13.898041199531168,14.166342735290527,5496604,0.0,0.0
2001-01-10 00:00:00-05:00,13.522414716568585,14.059019088745117,13.495584849375213,14.059019088745117,20927869,0.0,0.0
2001-01-11 00:00:00-05:00,14.407814387354556,14.890757713609087,14.27366361957964,14.863927841186523,8075249,0.0,0.0
2001-01-12 00:00:00-05:00,14.863927951815176,14.971248847966292,14.541965263361833,14.756607055664062,6507513,0.0,0.0
2001-01-16 00:00:00-05:00,14.220002218843058,14.354152984257322,14.005361837577478,14.300493240356445,3980371,0.0,0.0
2001-01-17 00:00:00-05:00,14.515134109593985,14.649284866526838,14.354152076744976,14.380983352661133,4973253,0.0,0.0
2001-01-18 00:00:00-05:00,14.515127613323077,14.944410967911272,14.434636632922453,14.810258865356445,6931378,0.0,0.0
2001-01-19 00:00:00-05:00,14.998078608961439,15.051738353806567,14.783436818256737,14.863927841186523,9124355,0.0,0.0
2001-01-22 00:00:00-05:00,14.461471705995042,14.649283592767933,14.38098210223111,14.43464183807373,3709811,0.0,0.0
2001-01-23 00:00:00-05:00,14.354150884573942,14.515132904052734,14.246831412470566,14.515132904052734,3576162,0.0,0.0
2001-01-24 00:00:00-05:00,14.783436230723508,14.863927250454367,14.541964577192969,14.622455596923828,5366475,0.0,0.0
2001-01-25 00:00:00-05:00,14.890750865416582,15.024901571496162,14.7029390335083,14.7029390335083,6408370,0.0,0.0
2001-01-26 00:00:00-05:00,14.810262366084858,15.266375686731802,14.729772772320116,15.239545822143555,6942880,0.0,0.0
2001-01-29 00:00:00-05:00,15.037789268783442,15.299651503037378,14.99056744970723,15.291067123413086,3707922,0.0,0.0
2001-01-30 00:00:00-05:00,15.398383511641507,15.668832882107184,15.282478245055655,15.561511993408203,5176516,0.0,0.0
2001-01-31 00:00:00-05:00,15.282478061367843,15.325405572934264,14.981978452092944,15.012028694152832,4158913,0.0,0.0
2001-02-01 00:00:00-05:00,15.037784614922813,15.106469470296755,14.917585063772023,15.067834854125977,4141059,0.0,0.0
2001-02-02 00:00:00-05:00,14.981977441731985,14.994856116031992,14.647137532579418,14.668601989746094,2656842,0.0,0.0
2001-02-05 00:00:00-05:00,14.608498691491906,14.78450580064248,14.544106738075898,14.75445556640625,2007997,0.0,0.0
2001-02-06 00:00:00-05:00,14.574161076689403,14.638553048239487,14.299418811908462,14.376690864562988,3923890,0.0,0.0
2001-02-07 00:00:00-05:00,13.900185855051966,13.973163604736326,13.784279190458031,13.973163604736328,5712228,0.0,0.0
2001-02-08 00:00:00-05:00,14.071898281036574,14.123411571720116,13.84437785016807,13.891599655151367,2120615,0.0,0.0
2001-02-09 00:00:00-05:00,13.522411573957532,13.565340476019697,13.29059971980632,13.312064170837402,2985772,0.0,0.0
2001-02-12 00:00:00-05:00,13.651199655730204,14.119117755232338,13.586807695179457,14.063311576843262,4439430,0.0,0.0
2001-02-13 00:00:00-05:00,13.732761705119774,13.840082564948036,13.153229905444148,13.191865921020508,5444844,0.0,0.0
2001-02-14 00:00:00-05:00,13.217621625990335,13.363578498821079,12.839852880774203,13.346406936645508,7595932,0.0,0.0
2001-02-15 00:00:00-05:00,13.449441544212979,13.58251981111463,13.389342452588332,13.397928237915039,4163977,0.0,0.0
2001-02-16 00:00:00-05:00,12.925709572604367,13.088838011227882,12.157293393501611,12.273200035095215,14644993,0.0,0.0
2001-02-20 00:00:00-05:00,12.234563986366474,12.316127502627568,11.680789529387235,11.753767967224121,5259521,0.0,0.0
2001-02-21 00:00:00-05:00,11.375999210072756,11.736597125101387,11.144186616112636,11.165650367736816,7759796,0.0,0.0
2001-02-22 00:00:00-05:00,11.869673696636344,11.908309711603529,11.594932918298971,11.783817291259766,6419701,0.0,0.0
2001-02-23 00:00:00-05:00,11.461859947036352,11.59064531669834,11.075505243712632,11.547717094421387,6406825,0.0,0.0
2001-02-26 00:00:00-05:00,11.7323040718611,11.99845978926627,11.594933673742334,11.912603378295898,3682343,0.0,0.0
2001-02-27 00:00:00-05:00,12.007046713220365,12.037095546238588,11.697962760925293,11.697962760925293,3113326,0.0,0.0
2001-02-28 00:00:00-05:00,11.719426705552726,11.891140249462618,11.547713864473762,11.723719596862793,3248005,0.0,0.0
2001-03-01 00:00:00-05:00,11.35453595351673,11.655034833435487,11.079795124492346,11.616398811340332,7092409,0.0,0.0
2001-03-02 00:00:00-05:00,11.384584278253124,11.693668186046711,11.290142090232441,11.375998497009277,4388099,0.0,0.0
2001-03-05 00:00:00-05:00,11.843917124990242,12.015631352592685,11.80528251316751,11.912603378295898,3673931,0.0,0.0
2001-03-06 00:00:00-05:00,12.771171359038599,13.144647310837994,12.69819360647524,12.899956703186035,8544694,0.0,0.0
2001-03-07 00:00:00-05:00,13.140353049053234,13.157524613904036,12.483550533142845,12.59516429901123,2966887,0.0,0.0
2001-03-08 00:00:00-05:00,13.200455817289338,13.269140682952639,12.844150001775189,13.01156997680664,4766471,0.0,0.0
2001-03-09 00:00:00-05:00,13.028740320462168,13.093133693779324,12.462087069242818,12.711071968078613,4390502,0.0,0.0
2001-03-12 00:00:00-05:00,12.17875821854381,12.535062529819976,12.045680010330678,12.183051109313965,2702422,0.0,0.0
2001-03-13 00:00:00-05:00,12.711071807871132,12.749706425712546,12.346180247325405,12.616629600524902,3606806,0.0,0.0
2001-03-14 00:00:00-05:00,11.83962436566422,12.57799175726936,11.83962436566422,11.976995468139648,7594988,0.0,0.0
2001-03-15 00:00:00-05:00,12.796927555800178,12.852733736693287,12.5178924343491,12.522185325622559,5575403,0.0,0.0
2001-03-16 00:00:00-05:00,12.462088091513614,12.462088091513614,12.019927253441507,12.062854766845703,3695562,0.0,0.0
2001-03-19 00:00:00-05:00,12.225979153640296,12.552234649658203,12.07143789038335,12.552234649658203,4336854,0.0,0.0
2001-03-20 00:00:00-05:00,12.659555426524014,12.826975361452773,12.341885714722943,12.350471496582031,4367498,0.0,0.0
2001-03-21 00:00:00-05:00,12.110076333266825,12.5264798114903,12.04997584778775,12.247446060180664,5848796,0.0,0.0
2001-03-22 00:00:00-05:00,12.041389896239757,12.062854355040121,11.406051052552007,11.981290817260742,7935162,0.0,0.0
2001-03-23 00:00:00-05:00,12.105784120438544,12.144418743322872,11.69796499731907,11.916899681091309,3061480,0.0,0.0
2001-03-26 00:00:00-05:00,12.620923228674584,12.681022307525673,12.449208964299189,12.547944068908691,3951014,0.0,0.0
2001-03-27 00:00:00-05:00,12.835561128552536,13.251965925592577,12.72824026109907,13.247673034667969,4697715,0.0,0.0
2001-03-28 00:00:00-05:00,12.535058709951969,12.577987604571597,12.195926065101927,12.217389106750488,4227411,0.0,0.0
2001-03-29 00:00:00-05:00,12.011341059581252,12.25603167291939,11.899727279481363,11.981290817260742,2869376,0.0,0.0
2001-03-30 00:00:00-05:00,12.075733039938408,12.105783282282852,11.577764623683361,11.655035972595215,4883038,0.0,0.0
2001-04-02 00:00:00-04:00,11.753768726238858,11.848210217650353,11.534834101421032,11.560590744018555,3192812,0.0,0.0
2001-04-03 00:00:00-04:00,11.788113670603643,11.796699454248497,11.204288113894705,11.238631248474121,5228963,0.0,0.0
2001-04-04 00:00:00-04:00,11.71942590124865,12.067145153683605,11.64644815964783,11.886846542358398,4398142,0.0,0.0
2001-04-05 00:00:00-04:00,12.419158153205458,12.48355152652006,11.912605383768879,12.37193775177002,4527413,0.0,0.0
2001-04-06 00:00:00-04:00,12.27749026341534,12.612331443670085,12.170169426371947,12.367639541625977,4107239,0.0,0.0
2001-04-09 00:00:00-04:00,12.857026928936634,12.96864069899746,12.65526384568473,12.792634963989258,2944913,0.0,0.0
2001-04-10 00:00:00-04:00,13.393627679094022,13.539583134782397,13.243377927537937,13.312064170837402,7771126,0.0,0.0
2001-04-11 00:00:00-04:00,13.578225657348753,13.591102928480513,13.282020308074891,13.380755424499512,4573336,0.0,0.0
2001-04-12 00:00:00-04:00,13.320655438723525,13.60827501439212,13.234798995831937,13.526711463928223,3703287,0.0,0.0
2001-04-16 00:00:00-04:00,13.427976181258018,13.427976181258018,13.071671736720333,13.23050594329834,1687823,0.0,0.0
2001-04-17 00:00:00-04:00,12.702482184921587,13.007271766662598,12.620918676733044,13.007271766662598,2419072,0.0,0.0
2001-04-18 00:00:00-04:00,13.30348156693773,14.05901917834191,13.217623742312863,13.951698303222656,6134806,0.0,0.0
2001-04-19 00:00:00-04:00,13.95169857853541,14.299417152480423,13.784278628536837,14.2779541015625,5141580,0.0,0.0
2001-04-20 00:00:00-04:00,13.818621220310227,13.88301459408927,13.565344833765161,13.73705768585205,2584653,0.0,0.0
2001-04-23 00:00:00-04:00,13.4236809810284,13.573930782685576,13.204747724492123,13.264846801757812,4208269,0.0,0.0
2001-04-24 00:00:00-04:00,13.307776219905055,13.539588160094883,13.054498415055441,13.067377090454102,2896586,0.0,0.0
2001-04-25 00:00:00-04:00,12.792636131474675,13.174697875976562,12.67243656769626,13.174697875976562,7176702,0.0,0.0
2001-04-26 00:00:00-04:00,12.942881033000218,13.037323220652956,12.84414595474228,12.93858814239502,5069992,0.0,0.0
2001-04-27 00:00:00-04:00,13.084543623909417,13.136056900024414,12.94287965468559,13.136056900024414,1672544,0.0,0.0
2001-04-30 00:00:00-04:00,13.200455110720107,13.26484708097892,12.839856422549573,12.998690605163574,3146974,0.0,0.0
2001-05-01 00:00:00-04:00,12.728242476858394,12.81409890463489,12.324716282345486,12.505016326904297,8773708,0.0,0.0
2001-05-02 00:00:00-04:00,12.320422639649674,12.42774351924376,12.015632972170266,12.03709602355957,8808902,0.0,0.0
2001-05-03 00:00:00-04:00,11.762357194367562,11.800993223642543,11.62498675432749,11.702258110046387,9924446,0.0,0.0
2001-05-04 00:00:00-04:00,11.79669595863204,12.341884624556913,11.783817286980987,12.286078453063965,4681577,0.0,0.0
2001-05-07 00:00:00-04:00,12.29896038314826,12.363352352801641,12.127246121302614,12.195932388305664,3301139,0.0,0.0
2001-05-08 00:00:00-04:00,12.298958202247414,12.311835469365057,11.981288490674718,12.041387557983398,3116330,0.0,0.0
2001-05-09 00:00:00-04:00,11.878263226184936,12.14871119931615,11.848212982838561,12.062854766845703,2885170,0.0,0.0
2001-05-10 00:00:00-04:00,12.492136067797714,12.492136067797714,12.28178721387113,12.298958778381348,4039169,0.0,0.0
2001-05-11 00:00:00-04:00,12.449205739974342,12.483548865087005,12.195929409253358,12.273200035095215,3052124,0.0,0.0
2001-05-14 00:00:00-04:00,12.084316334460077,12.148708291987647,11.745182874812507,11.976995468139648,3601656,0.0,0.0
2001-05-15 00:00:00-04:00,11.946947758860492,12.062854431454689,11.82674819447903,11.929776191711426,3591012,0.0,0.0
2001-05-16 00:00:00-04:00,11.719423827874797,12.230270037195424,11.689374298913851,12.208806991577148,3733845,0.0,0.0
2001-05-17 00:00:00-04:00,12.268911329982812,12.423452634388134,12.165883325158559,12.32471752166748,4468614,0.0,0.0
2001-05-18 00:00:00-04:00,12.213103404003185,12.251738021787233,12.028511881085185,12.191638946533203,2192461,0.0,0.0
2001-05-21 00:00:00-04:00,12.08431521507221,12.52647590637207,12.075729434108952,12.52647590637207,3790927,0.0,0.0
2001-05-22 00:00:00-04:00,12.513599785911538,12.517891271124366,12.200222969055176,12.200222969055176,4527156,0.0,0.0
2001-05-23 00:00:00-04:00,11.989876297109436,12.032803807960923,11.848212278277009,11.878262519836426,3484745,0.0,0.0
2001-05-24 00:00:00-04:00,11.97699828351694,11.97699828351694,11.69367163586895,11.775235176086426,3470668,0.0,0.0
2001-05-25 00:00:00-04:00,11.697963748489466,11.955533027648926,11.616399510874425,11.955533027648926,2195637,0.0,0.0
2001-05-29 00:00:00-04:00,11.521958900709372,11.590644473051768,11.401759324817947,11.526251792907715,8128210,0.0,0.0
2001-05-30 00:00:00-04:00,11.178528748180787,11.221456953137775,10.92954459716558,10.938130378723145,8767528,0.0,0.0
2001-05-31 00:00:00-04:00,10.933838084636857,11.513369937429266,10.908080738558503,11.114136695861816,5552742,0.0,0.0
2001-06-01 00:00:00-04:00,10.852276396262477,10.852276396262477,10.543192408038784,10.757833480834961,10696898,0.0,0.0
2001-06-04 00:00:00-04:00,10.59470533490649,10.624754871210518,10.32425669684651,10.453042030334473,6350516,0.0,0.0
2001-06-05 00:00:00-04:00,10.551780291650251,10.959599465378222,10.52173004349615,10.929549217224121,5536261,0.0,0.0
2001-06-06 00:00:00-04:00,10.947648711822126,10.99074959654437,10.5554298846259,10.598530769348145,3068261,0.11883,0.0
2001-06-07 00:00:00-04:00,10.615770416728935,11.038160345926562,10.594220327771533,10.999369621276855,4267583,0.0,0.0
2001-06-08 00:00:00-04:00,10.94764905104665,10.94764905104665,10.719213437585037,10.796794891357422,1645419,0.0,0.0
2001-06-11 00:00:00-04:00,10.559737726594777,10.671800433166695,10.374403738873607,10.516636848449707,3217447,0.0,0.0
2001-06-12 00:00:00-04:00,9.95632532437829,10.232171243323226,9.913223737988833,10.167519569396973,8838344,0.0,0.0
2001-06-13 00:00:00-04:00,10.236483376117906,10.292514743572193,10.064079114284871,10.089940071105957,4235136,0.0,0.0
2001-06-14 00:00:00-04:00,9.926153649567016,9.99511547821148,9.83133157621706,9.89167308807373,6381675,0.0,0.0
2001-06-15 00:00:00-04:00,9.719272555053955,10.01666936306494,9.67186150039966,9.969258308410645,5367591,0.0,0.0
2001-06-18 00:00:00-04:00,9.727891238714557,9.865814925106093,9.546867370605469,9.546867370605469,6215665,0.0,0.0
2001-06-19 00:00:00-04:00,9.921845506949122,9.95201662183613,9.654619866183829,9.663239479064941,2763109,0.0,0.0
2001-06-20 00:00:00-04:00,9.473596358243931,9.762373533460742,9.439115785871312,9.749443054199219,5704846,0.0,0.0
2001-06-21 00:00:00-04:00,9.676168780247334,9.78392133756782,9.572726381672302,9.69771957397461,6303219,0.0,0.0
2001-06-22 00:00:00-04:00,9.27964090128674,9.417563880224785,9.22791969597772,9.352912902832031,4985700,0.0,0.0
2001-06-25 00:00:00-04:00,9.370152224984945,9.396013178787182,9.115857079877518,9.193438529968262,4420460,0.0,0.0
2001-06-26 00:00:00-04:00,8.943451754396893,9.051204304199391,8.91328064528377,8.999483108520508,5854633,0.0,0.0
2001-06-27 00:00:00-04:00,9.02534572211662,9.046896519996007,8.84863200213797,8.86156177520752,5172911,0.0,0.0
2001-06-28 00:00:00-04:00,9.275332540441743,9.745133638560327,9.271022380358788,9.641691207885742,6453006,0.0,0.0
2001-06-29 00:00:00-04:00,9.533935842970388,9.654618878860783,9.417562965908793,9.633068084716797,5256173,0.0,0.0
2001-07-02 00:00:00-04:00,10.042528996065988,10.236483349079556,9.710651657345137,10.128730773925781,3772558,0.0,0.0
2001-07-03 00:00:00-04:00,9.99942534029475,9.99942534029475,9.75374984741211,9.75374984741211,2313321,0.0,0.0
2001-07-05 00:00:00-04:00,9.348602831291752,9.503765743016494,9.288261306922108,9.374463081359863,3285602,0.0,0.0
2001-07-06 00:00:00-04:00,9.331364217487419,9.352915018598798,9.111549574442304,9.288263320922852,1985936,0.0,0.0
2001-07-09 00:00:00-04:00,9.12447934945094,9.305503961811954,9.055518197210906,9.288263320922852,5807336,0.0,0.0
2001-07-10 00:00:00-04:00,9.525318699504673,9.564109436232407,9.206371779494402,9.240852355957031,4538829,0.0,0.0
2001-07-11 00:00:00-04:00,9.042584027719583,9.06844427284564,8.671915339421481,8.702086448669434,4764840,0.0,0.0
2001-07-12 00:00:00-04:00,9.102927194781437,9.352912902832031,9.051205989472416,9.352912902832031,4824239,0.0,0.0
2001-07-13 00:00:00-04:00,9.301193379264967,9.525318172355878,9.245162004577702,9.314123153686523,4571619,0.0,0.0
2001-07-16 00:00:00-04:00,9.314119015910846,9.322739332134434,9.08999432238681,9.107234954833984,2219844,0.0,0.0
2001-07-17 00:00:00-04:00,8.83139211076674,8.956385337722574,8.758120803095924,8.926214218139648,5594202,0.0,0.0
2001-07-18 00:00:00-04:00,8.775357658547087,8.900350841651651,8.706396535010269,8.749497413635254,3713845,0.0,0.0
2001-07-19 00:00:00-04:00,8.96931562027758,9.107239334872352,8.9046646288231,8.921904563903809,4966129,0.0,0.0
2001-07-20 00:00:00-04:00,8.749502103679966,8.762431880237754,8.516756952082195,8.52537727355957,6204163,0.0,0.0
2001-07-23 00:00:00-04:00,9.038278346470989,9.107240210398032,8.965006321944864,8.969316482543945,5314629,0.0,0.0
2001-07-24 00:00:00-04:00,8.900354203543381,8.995176313466668,8.529685378304764,8.581406593322754,5142696,0.0,0.0
2001-07-25 00:00:00-04:00,8.58571387387374,8.641745230156094,8.383139241798284,8.512442588806152,7637220,0.0,0.0
2001-07-26 00:00:00-04:00,8.555544961358509,8.56847543944598,8.266767812361914,8.469343185424805,3773932,0.0,0.0
2001-07-27 00:00:00-04:00,8.79690784529061,8.896040071003226,8.676224828919667,8.878799438476562,5706477,0.0,0.0
2001-07-30 00:00:00-04:00,9.357221804619291,9.43480324932811,9.193437892207642,9.361531257629395,7352840,0.0,0.0
2001-07-31 00:00:00-04:00,9.275332840256024,9.434806651505658,9.206371688015992,9.288263320922852,5583644,0.0,0.0
2001-08-01 00:00:00-04:00,9.482214981315549,9.482214981315549,9.180508086472845,9.22360897064209,4221317,0.0,0.0
2001-08-02 00:00:00-04:00,9.697719143126358,9.801161537105672,9.568415797823256,9.654618263244629,5719953,0.0,0.0
2001-08-03 00:00:00-04:00,9.572728016450386,9.611518746126004,9.417564392089844,9.417564392089844,3233756,0.0,0.0
2001-08-06 00:00:00-04:00,9.374462327118696,9.408942892987987,9.189128315291532,9.202058792114258,3676334,0.0,0.0
2001-08-07 00:00:00-04:00,9.184818208863993,9.214989321622856,8.943452835083008,8.943452835083008,5403728,0.0,0.0
2001-08-08 00:00:00-04:00,8.766739095561938,8.766739095561938,8.370210086093111,8.383140563964844,5761327,0.0,0.0
2001-08-09 00:00:00-04:00,8.404691272232517,8.486582886578176,8.284008224678676,8.361590385437012,5117288,0.0,0.0
2001-08-10 00:00:00-04:00,8.44779126584821,8.508132783245259,8.331418389843755,8.421930313110352,4827243,0.0,0.0
2001-08-13 00:00:00-04:00,8.439170208808024,8.44348036722,8.223665110840773,8.279696464538574,3813417,0.0,0.0
2001-08-14 00:00:00-04:00,8.702088320902083,8.702088320902083,8.456412763887496,8.460722923278809,4814540,0.0,0.0
2001-08-15 00:00:00-04:00,8.512442886063146,8.594334491211995,8.344348811346196,8.430550575256348,3118820,0.0,0.0
2001-08-16 00:00:00-04:00,8.17194694721777,8.18918758726168,8.016784009455199,8.146086692810059,6762364,0.0,0.0
2001-08-17 00:00:00-04:00,7.9262711309956995,7.930580584843136,7.745246548738581,7.86592960357666,3639853,0.0,0.0
2001-08-20 00:00:00-04:00,7.917651007261451,8.08143424987793,7.848689159130557,8.08143424987793,2890921,0.0,0.0
2001-08-21 00:00:00-04:00,8.193497414896102,8.327110252841816,8.025403298261333,8.055574417114258,4179085,0.0,0.0
2001-08-22 00:00:00-04:00,8.456412274830823,8.460722433972869,8.128844413983453,8.284008026123047,6072917,0.0,0.0
2001-08-23 00:00:00-04:00,8.15470435211475,8.219355319868784,7.995230600716151,8.042641639709473,2752723,0.0,0.0
2001-08-24 00:00:00-04:00,8.365902329126397,8.404693064950601,8.171947238689022,8.275389671325684,3407663,0.0,0.0
2001-08-27 00:00:00-04:00,8.23228804394983,8.404692318246626,8.210737245040937,8.314180374145508,2375724,0.0,0.0
2001-08-28 00:00:00-04:00,8.404691667877247,8.439172237805193,8.189186518096937,8.232287406921387,3352641,0.0,0.0
2001-08-29 00:00:00-04:00,8.404692949047657,8.469344644968553,8.27969971731114,8.465034484863281,3932473,0.0,0.0
2001-08-30 00:00:00-04:00,8.495204682631234,8.654678485472346,8.340041039785138,8.42624282836914,4711535,0.0,0.0
2001-08-31 00:00:00-04:00,8.49951566401115,8.684849739074707,8.452104605142376,8.684849739074707,4619173,0.0,0.0
2001-09-04 00:00:00-04:00,8.663296472538848,8.965002651336944,8.620195589853406,8.624505043029785,4843209,0.0,0.0
2001-09-05 00:00:00-04:00,8.943454124443571,9.055516862387822,8.771049857940257,9.033966064453125,6840133,0.0,0.0
2001-09-06 00:00:00-04:00,8.546925514994967,8.641747619331886,8.469344049867713,8.585716247558594,3948783,0.0,0.0
2001-09-07 00:00:00-04:00,8.404692115775614,8.5253751754419,8.284009056109328,8.447793006896973,3444916,0.0,0.0
2001-09-10 00:00:00-04:00,8.31848970158955,8.715018750209637,8.279698969802391,8.611577033996582,3366461,0.0,0.0
2001-09-17 00:00:00-04:00,8.124534270848372,8.508133495640088,8.04695281745473,8.495203018188477,2717529,0.0,0.0
2001-09-18 00:00:00-04:00,8.533992314852432,8.878800049510211,8.460721032887324,8.749497413635254,2944570,0.0,0.0
2001-09-19 00:00:00-04:00,9.021035585692307,9.111548231359947,8.771049857940257,9.033966064453125,3936422,0.0,0.0
2001-09-20 00:00:00-04:00,8.965007705568311,9.158962845486462,8.736572686852531,8.809844017028809,5025528,0.0,0.0
2001-09-21 00:00:00-04:00,8.516754594751744,9.064137094815493,8.465033385861544,9.012415885925293,3852559,0.0,0.0
2001-09-24 00:00:00-04:00,8.969314878281166,9.146029314261366,8.84863252006705,9.029656410217285,3144399,0.0,0.0
2001-09-25 00:00:00-04:00,9.025345184239919,9.133097755899046,8.900352680962802,9.046895980834961,2475038,0.0,0.0
2001-09-26 00:00:00-04:00,9.158956904621203,9.348601054605927,9.098615391719362,9.210678100585938,4368442,0.0,0.0
2001-09-27 00:00:00-04:00,9.210681616194725,9.258092671787148,8.999486593256579,9.15034008026123,4730419,0.0,0.0
2001-09-28 00:00:00-04:00,9.309811501684498,9.594277762339377,9.25378014022375,9.464974403381348,5632056,0.0,0.0
2001-10-01 00:00:00-04:00,9.348602216499023,9.421873508255159,9.271020060080655,9.396013259887695,2131088,0.0,0.0
2001-10-02 00:00:00-04:00,9.262400976693394,9.464974933171549,9.223609543439888,9.421874046325684,2024048,0.0,0.0
2001-10-03 00:00:00-04:00,9.158956358156301,9.887362511013215,9.098614848854709,9.809781074523926,4110586,0.0,0.0
2001-10-04 00:00:00-04:00,9.895987270197688,10.098561268788433,9.792544838000019,9.827025413513184,4655740,0.0,0.0
2001-10-05 00:00:00-04:00,9.964945063657456,10.124418818367644,9.835642419806405,10.111488342285156,4231789,0.0,0.0
2001-10-08 00:00:00-04:00,9.921845181711879,10.301134245394959,9.883054455215317,10.245102882385254,3510325,0.0,0.0
2001-10-09 00:00:00-04:00,10.223551576940542,10.245102371507329,9.99942684173584,9.99942684173584,2810062,0.0,0.0
2001-10-10 00:00:00-04:00,10.064077699035899,10.559738911824267,10.003736886254854,10.555429458618164,4531018,0.0,0.0
2001-10-11 00:00:00-04:00,10.38733800076212,10.451989694377717,9.956328356527152,10.064080238342285,6738673,0.0,0.0
2001-10-12 00:00:00-04:00,9.719271793158525,9.83995485317718,9.559798001583198,9.805474281311035,5601240,0.0,0.0
2001-10-15 00:00:00-04:00,9.740824076192515,9.81409609644069,9.67617237663921,9.762374877929688,2635211,0.0,0.0
2001-10-16 00:00:00-04:00,9.89167663247512,10.120111580915392,9.844265578811736,10.10287094116211,3416676,0.0,0.0
2001-10-17 00:00:00-04:00,10.400264835618685,10.4692259593588,10.197689505865645,10.20199966430664,3139764,0.0,0.0
2001-10-18 00:00:00-04:00,10.197690104852525,10.270962096995344,10.0468373731886,10.111488342285156,1874262,0.0,0.0
2001-10-19 00:00:00-04:00,10.064079227776393,10.120110595862538,9.947707037743392,10.072699546813965,1428851,0.0,0.0
2001-10-22 00:00:00-04:00,10.107179841860415,10.279584100939191,10.085629750511853,10.25372314453125,1329022,0.0,0.0
2001-10-23 00:00:00-04:00,10.387336016644655,10.46491817529579,10.223552086743824,10.245102882385254,2703452,0.0,0.0
2001-10-24 00:00:00-04:00,10.249410861809018,10.28389142184444,10.025285457434123,10.176138877868652,3012210,0.0,0.0
2001-10-25 00:00:00-04:00,9.913228021144901,10.107182421066584,9.827026222437093,10.08563232421875,3199078,0.0,0.0
2001-10-26 00:00:00-04:00,10.102869847127195,10.29682490637389,10.06838927701266,10.15890121459961,2276754,0.0,0.0
2001-10-29 00:00:00-05:00,10.262342393280367,10.262342393280367,10.003737090114038,10.020977020263672,3106802,0.0,0.0
2001-10-30 00:00:00-05:00,9.900296296800903,9.952017506977871,9.745132666269996,9.852885246276855,2751006,0.0,0.0
2001-10-31 00:00:00-05:00,10.04252794966832,10.077008516087867,9.857193934883526,9.964945793151855,2661993,0.0,0.0
2001-11-01 00:00:00-05:00,10.042529468954902,10.171832141833278,9.831334468161266,10.163211822509766,3029291,0.0,0.0
2001-11-02 00:00:00-05:00,10.176138916603875,10.262340669849486,10.128727881753004,10.20630931854248,2107311,0.0,0.0
2001-11-05 00:00:00-05:00,10.301134897593265,10.45198835966026,10.270963781785033,10.395956993103027,2219929,0.0,0.0
2001-11-06 00:00:00-05:00,10.65025174406815,10.99075008939274,10.620081335107072,10.951958656311035,5146216,0.0,0.0
2001-11-07 00:00:00-05:00,11.01229886730958,11.102811494720456,10.92609710427421,11.04246997833252,3678309,0.0,0.0
2001-11-08 00:00:00-05:00,11.141602606020841,11.378657815463036,11.038160204508252,11.163152694702148,3785262,0.0,0.0
2001-11-09 00:00:00-05:00,11.163153952954085,11.201945387137147,10.973509764024634,11.154534339904785,2790749,0.0,0.0
2001-11-12 00:00:00-05:00,10.839898881602137,11.046783744982974,10.645944498597146,10.934720993041992,1483873,0.0,0.0
2001-11-13 00:00:00-05:00,11.16314816874151,11.266590528314671,11.055396357705677,11.201939582824707,3424315,0.0,0.0
2001-11-14 00:00:00-05:00,11.314011046120857,11.35280178710101,11.068335412368869,11.288150787353516,3960199,0.0,0.0
2001-11-15 00:00:00-05:00,11.404515236402537,11.568299115813288,11.314003333926893,11.335554122924805,3150580,0.0,0.0
2001-11-16 00:00:00-05:00,11.456238877265049,11.611402474299119,11.322626073843187,11.40020751953125,3004656,0.0,0.0
2001-11-19 00:00:00-05:00,11.563989761801807,11.607090637135688,11.322624436537374,11.50795841217041,3089120,0.0,0.0
2001-11-20 00:00:00-05:00,11.255152294278544,11.320086080554123,10.848235128762596,10.882866859436035,6095664,0.13514,0.0
2001-11-21 00:00:00-05:00,11.012735298489961,11.307100798896933,10.960788403786541,11.237838745117188,2183191,0.0,0.0
2001-11-23 00:00:00-05:00,11.133943539982566,11.250824215387695,11.07766768548147,11.21186351776123,845242,0.0,0.0
2001-11-26 00:00:00-05:00,11.471600190821027,11.774623645577604,11.471600190821027,11.748650550842285,4115479,0.0,0.0
2001-11-27 00:00:00-05:00,11.549517878392667,11.662069586833166,11.320086203867461,11.514886856079102,3392899,0.0,0.0
2001-11-28 00:00:00-05:00,11.289784230825402,11.363375242374179,11.103641510009766,11.103641510009766,2755727,0.0,0.0
2001-11-29 00:00:00-05:00,11.24216389519415,11.263808013875371,11.038705352410961,11.190217018127441,3693330,0.0,0.0
2001-11-30 00:00:00-05:00,10.995416159873411,11.112296099101158,10.908837560878046,10.969442367553711,6313863,0.0,0.0
2001-12-03 00:00:00-05:00,11.086325644357284,11.120956666925114,10.891524281978274,11.103641510009766,2043362,0.0,0.0
2001-12-04 00:00:00-05:00,11.224851801660607,11.385021452116437,11.146931814269783,11.36337661743164,2569374,0.0,0.0
2001-12-05 00:00:00-05:00,11.51921857167771,11.817913070854656,11.51921857167771,11.78761100769043,3493500,0.0,0.0
2001-12-06 00:00:00-05:00,11.839557128570167,12.012713687540113,11.830899194311083,11.93912124633789,2958990,0.0,0.0
2001-12-07 00:00:00-05:00,11.752978341478242,11.843885227056928,11.540861093899313,11.688044548034668,2671091,0.0,0.0
2001-12-10 00:00:00-05:00,11.380692528367286,11.484586317774125,11.237838745117188,11.237838745117188,2115208,0.0,0.0
2001-12-11 00:00:00-05:00,11.276796107065495,11.367702974395392,11.21186232665683,11.23350715637207,2272290,0.0,0.0
2001-12-12 00:00:00-05:00,11.207537844228098,11.298444747924805,11.060355069495968,11.298444747924805,2360016,0.0,0.0
2001-12-13 00:00:00-05:00,10.900182506772484,11.012734219054108,10.77464460364079,10.80927562713623,2643623,0.0,0.0
2001-12-14 00:00:00-05:00,11.064681278693739,11.146930935272904,10.960787497873755,11.125286102294922,2462592,0.0,0.0
2001-12-17 00:00:00-05:00,11.320089978650437,11.471601726308755,11.28545894478885,11.467272758483887,3237876,0.0,0.0
2001-12-18 00:00:00-05:00,11.558177306978102,11.571164207802836,11.237838714461873,11.333074569702148,4521147,0.0,0.0
2001-12-19 00:00:00-05:00,11.081998886629293,11.125287850651018,10.921829223632812,10.921829223632812,4642264,0.0,0.0
2001-12-20 00:00:00-05:00,11.030049821889932,11.116627732930551,10.895853280166126,10.90884017944336,2671091,0.0,0.0
2001-12-21 00:00:00-05:00,10.97377371694865,11.038707503117534,10.869879942573279,10.995418548583984,1983018,0.0,0.0
2001-12-24 00:00:00-05:00,11.107970966903487,11.159918569469198,11.056024073074985,11.064682006835938,684554,0.0,0.0
2001-12-26 00:00:00-05:00,11.038707918720302,11.311428555170627,11.03437895223025,11.28978443145752,1128420,0.0,0.0
2001-12-27 00:00:00-05:00,11.33307532083751,11.380693251613677,11.172905659595036,11.242168426513672,1314344,0.0,0.0
2001-12-28 00:00:00-05:00,11.36337661743164,11.380692485179477,11.190220774902155,11.36337661743164,1389709,0.0,0.0
2001-12-31 00:00:00-05:00,11.255156354325687,11.268143258012962,10.999750792162802,11.116631507873535,1440611,0.0,0.0
2002-01-02 00:00:00-05:00,11.233512405230833,11.250828277093866,11.047369617652773,11.224854469299316,1660355,0.0,0.0
2002-01-03 00:00:00-05:00,11.27679863652479,11.566835167343754,11.268140702696662,11.553848266601562,2037696,0.0,0.0
2002-01-04 00:00:00-05:00,11.631768011730587,11.666399035475717,11.432638384906065,11.523545265197754,1994864,0.0,0.0
2002-01-07 00:00:00-05:00,11.441300820324818,11.497576702502695,11.146935921314544,11.168580055236816,2884998,0.0,0.0
2002-01-08 00:00:00-05:00,11.073338996781551,11.159917618274495,10.973774184491244,11.01706314086914,2520618,0.0,0.0
2002-01-09 00:00:00-05:00,10.930485652553807,10.947800810535039,10.216216072739922,10.281149864196777,8485981,0.0,0.0
2002-01-10 00:00:00-05:00,10.233529801081243,10.376383545446163,10.151280160092691,10.250844955444336,4601920,0.0,0.0
2002-01-11 00:00:00-05:00,10.51058418610816,10.553873152086432,10.315782776099974,10.346085548400879,3523372,0.0,0.0
2002-01-14 00:00:00-05:00,10.281151399607047,10.281151399607047,9.904536912134617,10.017087936401367,6050771,0.0,0.0
2002-01-15 00:00:00-05:00,10.185917381411292,10.389376047651885,10.133970472823535,10.17725944519043,5202268,0.0,0.0
2002-01-16 00:00:00-05:00,10.073363338865738,10.21188816070783,9.978127479553223,9.978127479553223,2297355,0.0,0.0
2002-01-17 00:00:00-05:00,10.367726802564722,10.398029566464173,10.216215109278798,10.376384735107422,2705684,0.0,0.0
2002-01-18 00:00:00-05:00,10.172925693104512,10.376384263665567,10.129636741094915,10.3027925491333,2520962,0.0,0.0
2002-01-22 00:00:00-05:00,10.164269270339235,10.211887195494713,9.90453551971145,9.947824478149414,2179843,0.0,0.0
2002-01-23 00:00:00-05:00,9.869902360437846,9.99544095963957,9.740035503880934,9.969467163085938,3023712,0.0,0.0
2002-01-24 00:00:00-05:00,10.159942644490702,10.19457367747269,10.060377804522313,10.129640579223633,2139414,0.0,0.0
2002-01-25 00:00:00-05:00,9.934837845045429,9.956481970477615,9.804970966240713,9.848259925842285,2608344,0.0,0.0
2002-01-28 00:00:00-05:00,9.895878587739512,9.921851681935895,9.696748933530642,9.804971694946289,1873060,0.0,0.0
2002-01-29 00:00:00-05:00,9.640470788030928,9.644799754162177,9.263855695771984,9.285500526428223,4324322,0.0,0.0
2002-01-30 00:00:00-05:00,9.229227735465633,9.36775257138305,9.099360834681303,9.328792572021484,3651871,0.0,0.0
2002-01-31 00:00:00-05:00,9.385066508178904,9.437013399538229,9.24221273412505,9.39372444152832,2464309,0.0,0.0
2002-02-01 00:00:00-05:00,9.437013399538229,9.497617515509795,9.354763741455944,9.39372444152832,1662329,0.0,0.0
2002-02-04 00:00:00-05:00,9.250870038275991,9.255199004656266,8.882912857112633,8.956503868103027,3481569,0.0,0.0
2002-02-05 00:00:00-05:00,8.83096530268145,8.887241152639898,8.60586261158473,8.636164665222168,6689231,0.0,0.0
2002-02-06 00:00:00-05:00,8.506299010769514,8.545259002014426,8.224919721251418,8.519285202026367,4302176,0.0,0.0
2002-02-07 00:00:00-05:00,8.640497640697903,8.83096940048768,8.610195572999494,8.709759712219238,3690412,0.0,0.0
2002-02-08 00:00:00-05:00,8.761703468699109,8.917544136673305,8.709756579374377,8.874255180358887,2970235,0.0,0.0
2002-02-11 00:00:00-05:00,8.796333782127814,8.895897869477958,8.74871586698773,8.865595817565918,3152382,0.0,0.0
2002-02-12 00:00:00-05:00,8.562576329500738,8.610194262198913,8.367774922567516,8.463010787963867,3949641,0.0,0.0
2002-02-13 00:00:00-05:00,8.328815466381212,8.402407208285135,8.26821062753163,8.31149959564209,6599616,0.0,0.0
2002-02-14 00:00:00-05:00,8.224918365478516,8.294181111959084,8.146998395832803,8.224918365478516,4508357,0.0,0.0
2002-02-15 00:00:00-05:00,8.41106131640927,8.467337166709084,8.082064855506989,8.190287590026855,1893575,0.0,0.0
2002-02-19 00:00:00-05:00,7.86994961784474,7.956528244622633,7.679477914660325,7.740082740783691,4214793,0.0,0.0
2002-02-20 00:00:00-05:00,7.8136722923963475,8.0084736345426,7.640516488804648,8.004144668579102,4108183,0.0,0.0
2002-02-21 00:00:00-05:00,7.9262251718520655,8.11669686769898,7.887265181108318,7.991158962249756,2667658,0.0,0.0
2002-02-22 00:00:00-05:00,7.86561917522127,8.030117755623031,7.848304020104336,8.004144668579102,2605855,0.0,0.0
2002-02-25 00:00:00-05:00,7.792026537121856,7.965182304398211,7.696790723372478,7.913236141204834,2295638,0.0,0.0
2002-02-26 00:00:00-05:00,8.095050570152702,8.12968158499024,7.904578925440775,8.034445762634277,2562507,0.0,0.0
2002-02-27 00:00:00-05:00,8.363443605883061,8.527942194786254,8.320154652747926,8.42404842376709,3891615,0.0,0.0
2002-02-28 00:00:00-05:00,8.359114183751492,8.419718998329857,8.125353566077294,8.224918365478516,1817437,0.0,0.0
2002-03-01 00:00:00-05:00,8.138341163761837,8.259550094604492,8.095052209265381,8.259550094604492,3973590,0.0,0.0
2002-03-04 00:00:00-05:00,8.29851190904981,8.514957437902867,8.285525715958954,8.501971244812012,2729117,0.0,0.0
2002-03-05 00:00:00-05:00,8.454351674847821,8.506298563354457,8.31149719990172,8.385088920593262,2074177,0.0,0.0
2002-03-06 00:00:00-05:00,8.506296866879776,8.93052911446186,8.488981004585284,8.856937408447266,4796514,0.0,0.0
2002-03-07 00:00:00-05:00,9.077716183190436,9.077716183190436,8.744390634885555,8.930533409118652,2356154,0.0,0.0
2002-03-08 00:00:00-05:00,8.995465041612823,9.064727089888656,8.891570551724742,8.982478141784668,2103534,0.0,0.0
2002-03-11 00:00:00-05:00,8.77468968804948,8.77468968804948,8.59287594387468,8.67945384979248,2289458,0.0,0.0
2002-03-12 00:00:00-05:00,8.354785673508616,8.493311174025566,8.31149672037348,8.42404842376709,4480202,0.0,0.0
2002-03-13 00:00:00-05:00,8.562574636411906,8.653481516429897,8.471667047656759,8.510627746582031,2035980,0.0,0.0
2002-03-14 00:00:00-05:00,8.562576501782527,8.657812369095053,8.54958959931155,8.618851661682129,2134006,0.0,0.0
2002-03-15 00:00:00-05:00,8.471665377576612,8.627506016344253,8.450021257844366,8.614519119262695,1551084,0.0,0.0
2002-03-18 00:00:00-05:00,8.735732355547038,8.761705451719271,8.592878554756481,8.653483390808105,1943447,0.0,0.0
2002-03-19 00:00:00-05:00,8.523615400890641,8.527944368181126,8.359116770064041,8.419721603393555,2052546,0.0,0.0
2002-03-20 00:00:00-05:00,8.354790163862617,8.527946778204774,8.285528085115738,8.42838191986084,1910571,0.0,0.0
2002-03-21 00:00:00-05:00,8.623178957871703,8.631836891174316,8.450023126768134,8.631836891174316,2058040,0.0,0.0
2002-03-22 00:00:00-05:00,8.385090150870646,8.428379112854763,8.129684637300837,8.268209457397461,2108255,0.0,0.0
2002-03-25 00:00:00-05:00,8.220590414539561,8.28119523660092,7.887264956307805,7.939211845397949,2807916,0.0,0.0
2002-03-26 00:00:00-05:00,7.826658490644965,8.073405984821788,7.77904057804021,7.952197074890137,2860449,0.0,0.0
2002-03-27 00:00:00-05:00,7.982502473255459,8.030120405832399,7.878608673317173,7.960858345031738,2544824,0.0,0.0
2002-03-28 00:00:00-05:00,8.056092513318745,8.112367660089479,7.9305539028618295,7.9781718254089355,1705419,0.0,0.0
2002-04-01 00:00:00-05:00,7.934882146255508,8.108037954743113,7.792028391632111,8.077735900878906,1563530,0.0,0.0
2002-04-02 00:00:00-05:00,7.991158965068378,8.047434822267936,7.9002520837218455,7.965185165405273,1945078,0.0,0.0
2002-04-03 00:00:00-05:00,8.116698062913745,8.138342899145982,7.965186335499898,8.02579116821289,2984827,0.0,0.0
2002-04-04 00:00:00-05:00,8.017132255361854,8.15998603084987,7.986830197071857,8.121026039123535,1083441,0.0,0.0
2002-04-05 00:00:00-05:00,8.216262849922282,8.250893878978783,8.077738024959013,8.13834285736084,1781557,0.0,0.0
2002-04-08 00:00:00-04:00,7.852632284104103,7.965183262882708,7.753067493318069,7.952197074890137,1877609,0.0,0.0
2002-04-09 00:00:00-04:00,7.536623263329825,7.575583251056644,7.367795704864127,7.398098468780518,5599523,0.0,0.0
2002-04-10 00:00:00-04:00,7.333165146780667,7.489005816272347,7.320178247138738,7.428400993347168,6818931,0.0,0.0
2002-04-11 00:00:00-04:00,7.082090541527833,7.142695380804689,6.753093956326448,6.757422924041748,6994125,0.0,0.0
2002-04-12 00:00:00-04:00,6.991181149065553,7.02148320355187,6.7357756884394036,6.88295841217041,6456697,0.0,0.0
2002-04-15 00:00:00-04:00,7.164338793229187,7.328837423726171,7.142694665557409,7.268233299255371,4087238,0.0,0.0
2002-04-16 00:00:00-04:00,7.527968040942579,7.770386695861816,7.519310105278076,7.770386695861816,4596856,0.0,0.0
2002-04-17 00:00:00-04:00,7.861292651275871,7.8656209094566165,7.666491266179234,7.688136100769043,2650147,0.0,0.0
2002-04-18 00:00:00-04:00,7.402428154607564,7.476019170940849,7.229271613036409,7.367796421051025,2550833,0.0,0.0
2002-04-19 00:00:00-04:00,7.24225780913613,7.437058456507336,7.172995057492921,7.398098468780518,1847481,0.0,0.0
2002-04-22 00:00:00-04:00,6.952222587040631,7.030143293362322,6.895947426972643,6.9478936195373535,2194951,0.0,0.0
2002-04-23 00:00:00-04:00,6.649199005620078,6.805039690369442,6.640541071677799,6.666514873504639,5093941,0.0,0.0
2002-04-24 00:00:00-04:00,6.744436044857359,6.822356046534901,6.653529139987777,6.709805011749268,2839762,0.0,0.0
2002-04-25 00:00:00-04:00,6.675171968979927,7.12537814659385,6.61023888314923,7.077760219573975,5944676,0.0,0.0
2002-04-26 00:00:00-04:00,7.0820880284033585,7.138363879995066,6.796380513002776,6.83534049987793,2243277,0.0,0.0
2002-04-29 00:00:00-04:00,6.930576085925037,6.986851935467112,6.843998182969724,6.9262471199035645,1854948,0.0,0.0
2002-04-30 00:00:00-04:00,6.831013596903268,7.030143266339374,6.826684629416629,7.012827396392822,1673230,0.0,0.0
2002-05-01 00:00:00-04:00,7.017155154921074,7.082088947296143,6.861314478463221,7.082088947296143,2607400,0.0,0.0
2002-05-02 00:00:00-04:00,6.865643738915055,6.965208560738839,6.796381685573338,6.8699727058410645,1897438,0.0,0.0
2002-05-03 00:00:00-04:00,6.307215328587215,6.3634911945904165,6.008521546894841,6.021507740020752,7250694,0.0,0.0
2002-05-06 00:00:00-04:00,6.021507740020752,6.077783606023954,5.969561550042555,6.021507740020752,5256603,0.0,0.0
2002-05-07 00:00:00-04:00,6.112414406183666,6.1427171760604775,5.965232358873867,5.995534420013428,5095228,0.0,0.0
2002-05-08 00:00:00-04:00,6.363490279051599,6.636211635254724,6.363490279051599,6.62322473526001,4820720,0.0,0.0
2002-05-09 00:00:00-04:00,6.926245918201528,7.047455528298784,6.731445315981396,6.748761177062988,5148877,0.0,0.0
2002-05-10 00:00:00-04:00,6.5496332943108175,6.592922249412914,6.341845742831055,6.367818832397461,4064921,0.0,0.0
2002-05-13 00:00:00-04:00,6.441411241792113,6.536647094959917,6.376477447818718,6.493358135223389,4454537,0.0,0.0
2002-05-14 00:00:00-04:00,6.835340266224642,6.882958183830343,6.731446498950918,6.766077518463135,3514445,0.0,0.0
2002-05-15 00:00:00-04:00,6.913261370615839,7.13403583944876,6.839670353496323,7.082088947296143,7173097,0.0,0.0
2002-05-16 00:00:00-04:00,6.99550914424296,7.043127056818864,6.856983663352152,6.9695353507995605,2152118,0.0,0.0
2002-05-17 00:00:00-04:00,6.934907480129966,6.969538511690361,6.7704088399277795,6.839671611785889,1547221,0.0,0.0
2002-05-20 00:00:00-04:00,6.926248567141971,6.95655062688682,6.822354778392177,6.8699727058410645,1209965,0.0,0.0
2002-05-21 00:00:00-04:00,7.051788194831696,7.09940612906229,6.774737815795887,6.813697814941406,2547399,0.0,0.0
2002-05-22 00:00:00-04:00,6.688160111880404,6.856987016882288,6.683831144189346,6.826684951782227,1290309,0.0,0.0
2002-05-23 00:00:00-04:00,6.865643704519591,7.034471287576517,6.796381651524862,6.991182327270508,2209200,0.0,0.0
2002-05-24 00:00:00-04:00,7.134037068544066,7.185983969646412,7.012827396392823,7.012827396392822,1858210,0.0,0.0
2002-05-28 00:00:00-04:00,6.7704069973401255,6.783393896417342,6.471712570986885,6.575606346130371,2987231,0.0,0.0
2002-05-29 00:00:00-04:00,6.584264269558859,6.71413184267355,6.579935303205894,6.631882190704346,1594260,0.0,0.0
2002-05-30 00:00:00-04:00,6.523657313273266,6.536644208079781,6.294225715375958,6.445737361907959,3421483,0.0,0.0
2002-05-31 00:00:00-04:00,6.484700924142727,6.527989888703105,6.450069894241882,6.4630560874938965,2618988,0.0,0.0
2002-06-03 00:00:00-04:00,6.450067520141602,6.50201440024123,6.406777862777726,6.450067520141602,3066545,0.0,0.0
2002-06-04 00:00:00-04:00,6.298557728407101,6.372149467468262,6.2639266970039555,6.372149467468262,2608430,0.0,0.0
2002-06-05 00:00:00-04:00,6.386114897512555,6.460320916045299,6.2682574390662955,6.390480041503906,2218470,0.14213,0.0
2002-06-06 00:00:00-04:00,6.390482198909769,6.394847344374779,6.023814982471401,6.063101291656494,3704918,0.0,0.0
2002-06-07 00:00:00-04:00,5.788099990954444,6.237703486779138,5.788099990954444,6.180957317352295,2822165,0.0,0.0
2002-06-10 00:00:00-04:00,6.207149863092153,6.2464354634084565,6.093657493591309,6.093657493591309,1728853,0.0,0.0
2002-06-11 00:00:00-04:00,6.4035764493477645,6.416671168657266,6.263893249657796,6.272623538970947,2665598,0.0,0.0
2002-06-12 00:00:00-04:00,6.224607662408841,6.351194713468857,6.154766777224083,6.272623538970947,2972467,0.0,0.0
2002-06-13 00:00:00-04:00,6.132942189775945,6.194053511625732,6.028180127936412,6.063101291656494,2203191,0.0,0.0
2002-06-14 00:00:00-04:00,5.740084384125671,5.919052476109104,5.705163580358331,5.892862319946289,3561055,0.0,0.0
2002-06-17 00:00:00-04:00,6.093656087304456,6.202783285512523,6.067465931357876,6.198418140411377,2745255,0.0,0.0
2002-06-18 00:00:00-04:00,6.06746571649308,6.141671751264146,6.001989256954873,6.045639991760254,3016501,0.0,0.0
2002-06-19 00:00:00-04:00,5.8273855064379,5.98452857792754,5.823020361563722,5.901592254638672,1941387,0.0,0.0
2002-06-20 00:00:00-04:00,5.831751147938063,5.910322690373955,5.718259158195215,5.731354236602783,2605855,0.0,0.0
2002-06-21 00:00:00-04:00,5.9146872367543235,5.967068620236005,5.7051634894783305,5.748814582824707,3305345,0.0,0.0
2002-06-24 00:00:00-04:00,5.73135466844799,5.888497765160167,5.635322895122832,5.849212169647217,2967746,0.0,0.0
2002-06-25 00:00:00-04:00,5.940877815809798,5.980163404831746,5.792465034768905,5.805560111999512,2429287,0.0,0.0
2002-06-26 00:00:00-04:00,5.630958380439373,5.914688586629102,5.596037569258529,5.862307548522949,5961157,0.0,0.0
2002-06-27 00:00:00-04:00,5.958338164819357,6.080560436672504,5.809925380616954,6.045639991760254,2154006,0.0,0.0
2002-06-28 00:00:00-04:00,5.90595948302063,6.098023066599737,5.888498897364161,5.958340167999268,2054950,0.0,0.0
2002-07-01 00:00:00-04:00,6.0325454334789015,6.098021902531159,5.9146879321169115,5.919053077697754,3294615,0.0,0.0
2002-07-02 00:00:00-04:00,5.7924668846495635,5.836117632465381,5.513101455433896,5.609133243560791,2992467,0.0,0.0
2002-07-03 00:00:00-04:00,5.434527046644638,5.57857501066738,5.281749152032375,5.569844722747803,2765513,0.0,0.0
2002-07-05 00:00:00-04:00,5.975798587117284,6.220243138998258,5.975798587117284,6.1460371017456055,1386705,0.0,0.0
2002-07-08 00:00:00-04:00,6.159132739432755,6.373021282695008,6.159132739432755,6.263894081115723,3417878,0.0,0.0
2002-07-09 00:00:00-04:00,6.036911249538671,6.2071498021176374,5.945244611480942,6.0543718338012695,1714432,0.0,0.0
2002-07-10 00:00:00-04:00,6.124211171577716,6.154767186204173,5.792465158255253,5.8230204582214355,2241990,0.0,0.0
2002-07-11 00:00:00-04:00,5.905958100484433,6.20714884458917,5.748815010343655,6.176592826843262,3476762,0.0,0.0
2002-07-12 00:00:00-04:00,6.207149440678759,6.233339600887161,6.001990446181346,6.1329426765441895,2719933,0.0,0.0
2002-07-15 00:00:00-04:00,6.089291563949102,6.089291563949102,5.792465954725613,6.019450664520264,3384830,0.0,0.0
2002-07-16 00:00:00-04:00,5.984528681132949,6.394846589099715,5.984528681132949,6.285719394683838,2774096,0.0,0.0
2002-07-17 00:00:00-04:00,6.630562908347972,6.752785575681975,6.482150077819824,6.482150077819824,5176087,0.0,0.0
2002-07-18 00:00:00-04:00,6.67857761325948,6.888101740126665,6.674213182388419,6.761514663696289,2529288,0.0,0.0
2002-07-19 00:00:00-04:00,6.525798793602604,6.63492598801848,6.281354249734381,6.285719394683838,2494094,0.0,0.0
2002-07-22 00:00:00-04:00,6.272625318350068,6.469054024976734,5.984529977252347,6.089292049407959,3730154,0.0,0.0
2002-07-23 00:00:00-04:00,6.054371829679898,6.111118013834258,5.67460912485009,5.696434497833252,3627922,0.0,0.0
2002-07-24 00:00:00-04:00,5.652780723730621,6.80952773082264,5.587304282525959,6.5476226806640625,12477768,0.0,0.0
2002-07-25 00:00:00-04:00,6.307544242001304,6.49960847084027,6.163496606367271,6.342465400695801,3265001,0.0,0.0
2002-07-26 00:00:00-04:00,6.3511952917792955,6.438497478199914,6.272624110127057,6.4166717529296875,2061903,0.0,0.0
2002-07-29 00:00:00-04:00,6.447226974334688,6.709132072022461,6.394845954797133,6.700401782989502,4012646,0.0,0.0
2002-07-30 00:00:00-04:00,6.6480223042290225,6.83572070329871,6.6218314310600235,6.726593494415283,2947145,0.0,0.0
2002-07-31 00:00:00-04:00,6.460321781242652,6.656751143179887,6.394846041923786,6.621829986572266,1963704,0.0,0.0
2002-08-01 00:00:00-04:00,6.438497977077892,6.499609297909363,6.137307232973154,6.176592826843262,2096238,0.0,0.0
2002-08-02 00:00:00-04:00,6.3511962788741725,6.416672750200835,6.167863016752,6.228974342346191,2137268,0.0,0.0
2002-08-05 00:00:00-04:00,6.111116114504453,6.159131991610162,5.8666708696096785,5.936512470245361,2372892,0.0,0.0
2002-08-06 00:00:00-04:00,6.132940760880527,6.377385276666928,6.132940760880527,6.268258094787598,2354437,0.0,0.0
2002-08-07 00:00:00-04:00,6.351195556515023,6.407941729922665,6.0456403926174715,6.263894081115723,2218728,0.0,0.0
2002-08-08 00:00:00-04:00,6.268258526263249,6.525798493121383,6.207147929105244,6.503973484039307,2323364,0.0,0.0
2002-08-09 00:00:00-04:00,6.263894871875176,6.547625774731815,6.1329426422447035,6.477784156799316,1478894,0.0,0.0
2002-08-12 00:00:00-04:00,6.220243752639667,6.303180088259269,6.154767999112767,6.224608898162842,1098462,0.0,0.0
2002-08-13 00:00:00-04:00,6.119846603675044,6.377386606508833,6.119846603675044,6.242069244384766,1471598,0.0,0.0
2002-08-14 00:00:00-04:00,6.233338213700278,6.390481283960821,6.080560288279771,6.359925270080566,1827137,0.0,0.0
2002-08-15 00:00:00-04:00,6.438498324519836,6.547625535894814,6.364291563507114,6.49524450302124,2017696,0.0,0.0
2002-08-16 00:00:00-04:00,6.626195353486416,6.8531800204114495,6.626195353486416,6.757148265838623,1986108,0.0,0.0
2002-08-19 00:00:00-04:00,6.96230734694902,7.3333396911621085,6.923021754297364,7.333339691162109,3506548,0.0,0.0
2002-08-20 00:00:00-04:00,7.171832561154591,7.1980234367148945,7.0190545977007845,7.154372692108154,1794090,0.0,0.0
2002-08-21 00:00:00-04:00,7.2678628889494625,7.324609054409528,7.058338090947531,7.189291000366211,2717186,0.0,0.0
2002-08-22 00:00:00-04:00,7.224212670685409,7.394451196003001,7.193657367779333,7.363895893096924,2586627,0.0,0.0
2002-08-23 00:00:00-04:00,7.180562554545405,7.254769317554737,7.093261068960643,7.16746711730957,1595462,0.0,0.0
2002-08-26 00:00:00-04:00,7.1456411715003245,7.307149399034838,7.119450300443766,7.254768371582031,1252026,0.0,0.0
2002-08-27 00:00:00-04:00,7.315877561251223,7.376988861279381,7.158734524604573,7.206750392913818,1202154,0.0,0.0
2002-08-28 00:00:00-04:00,7.049609700232144,7.088895293791071,6.822625000273289,6.9317522048950195,1946880,0.0,0.0
2002-08-29 00:00:00-04:00,6.944847341229267,7.224212344102437,6.9273867605520785,7.20238733291626,2049284,0.0,0.0
2002-08-30 00:00:00-04:00,6.896830999174117,7.06270364590645,6.857545409930157,6.979767322540283,1333829,0.0,0.0
2002-09-03 00:00:00-04:00,6.560721446579543,6.560721446579543,6.263895095752872,6.303180694580078,2122246,0.0,0.0
2002-09-04 00:00:00-04:00,6.455958744079917,6.621831415109215,6.425402725456355,6.604371547698975,2067911,0.0,0.0
2002-09-05 00:00:00-04:00,6.342466425758324,6.48214893913088,6.281355102826464,6.434133052825928,2237097,0.0,0.0
2002-09-06 00:00:00-04:00,6.617467998702862,6.661118745910626,6.5519915205609776,6.64365816116333,1232541,0.0,0.0
2002-09-09 00:00:00-04:00,6.48214906613775,6.5214346621278345,6.333736258772689,6.49524450302124,2682851,0.0,0.0
2002-09-10 00:00:00-04:00,6.5083384568977785,6.547624043936147,6.442862002060351,6.525798320770264,1614003,0.0,0.0
2002-09-11 00:00:00-04:00,6.6785778313091875,6.6785778313091875,6.547625605071906,6.586911201477051,1021810,0.0,0.0
2002-09-12 00:00:00-04:00,6.329370724869996,6.346831306310197,6.176592781249258,6.259529113769531,2194693,0.0,0.0
2002-09-13 00:00:00-04:00,6.045639573172795,6.263893232088271,5.905957088534847,6.220242500305176,4764325,0.0,0.0
2002-09-16 00:00:00-04:00,6.198418328819148,6.294450094642767,6.163497166948509,6.246434211730957,1030136,0.0,0.0
2002-09-17 00:00:00-04:00,6.18095676512058,6.224607495858156,5.875400935297343,5.971432685852051,2319844,0.0,0.0
2002-09-18 00:00:00-04:00,5.9015931592378665,5.997624931869068,5.779370513347044,5.984529495239258,1831343,0.0,0.0
2002-09-19 00:00:00-04:00,5.849209470544188,5.910320408401532,5.705161519696829,5.718256950378418,1803703,0.0,0.0
2002-09-20 00:00:00-04:00,6.050006806317592,6.080562114715576,5.945244728009545,6.080562114715576,1491341,0.0,0.0
2002-09-23 00:00:00-04:00,5.83175169705795,5.849212279685683,5.674608597389513,5.761910438537598,1599324,0.0,0.0
2002-09-24 00:00:00-04:00,5.473814284500349,5.709528540989697,5.460718849511974,5.613496780395508,3611527,0.0,0.0
2002-09-25 00:00:00-04:00,5.823022068342473,5.8579432375716,5.347227926870077,5.7575459480285645,3111609,0.0,0.0
2002-09-26 00:00:00-04:00,5.849211005445933,5.958337836445219,5.779369404810249,5.936512470245361,2205165,0.0,0.0
2002-09-27 00:00:00-04:00,5.945243754907841,6.019450512671938,5.783735517729802,5.8099260330200195,2039757,0.0,0.0
2002-09-30 00:00:00-04:00,5.639688309912576,5.674608761517668,5.49127513993522,5.600402355194092,2681564,0.0,0.0
2002-10-01 00:00:00-04:00,5.652781958832296,6.001988887786865,5.569845639269316,6.001988887786865,2570919,0.0,0.0
2002-10-02 00:00:00-04:00,5.892863573353603,6.285721001978418,5.888498427287953,6.0543718338012695,3681313,0.0,0.0
2002-10-03 00:00:00-04:00,6.329370389168473,6.477783179557541,6.263893926900845,6.373021125793457,3405946,0.0,0.0
2002-10-04 00:00:00-04:00,6.228973403993205,6.250799129367661,6.006354578475227,6.0412750244140625,1615290,0.0,0.0
2002-10-07 00:00:00-04:00,5.953974300097674,6.045641291695395,5.7619107397923415,5.827386856079102,1710570,0.0,0.0
2002-10-08 00:00:00-04:00,6.041275259170199,6.058735840148259,5.875401883859593,6.023814678192139,2040787,0.0,0.0
2002-10-09 00:00:00-04:00,5.87540245585393,6.102387172025311,5.827386568150044,5.927783489227295,2100358,0.0,0.0
2002-10-10 00:00:00-04:00,6.02381451813328,6.373021125793457,5.988894071765354,6.373021125793457,2135980,0.0,0.0
2002-10-11 00:00:00-04:00,6.508337101805294,6.643654413278862,6.486511383183716,6.5476226806640625,2302677,0.0,0.0
2002-10-14 00:00:00-04:00,6.451593761403326,6.538895244639154,6.329371113144859,6.49524450302124,1210652,0.0,0.0
2002-10-15 00:00:00-04:00,6.70040323892507,6.875006198883057,6.661117644400559,6.875006198883057,2853410,0.0,0.0
2002-10-16 00:00:00-04:00,6.525798949960243,6.591275411110635,6.29008469034324,6.4166717529296875,2038812,0.0,0.0
2002-10-17 00:00:00-04:00,6.752783751800089,6.787704198180669,6.473418036774543,6.648021697998047,2696242,0.0,0.0
2002-10-18 00:00:00-04:00,6.5738172400744945,6.757151255551992,6.503976322934968,6.678579330444336,1306876,0.0,0.0
2002-10-21 00:00:00-04:00,6.5258004097602145,6.7440548526441235,6.442864064501345,6.661118507385254,1632200,0.0,0.0
2002-10-22 00:00:00-04:00,6.547625966692254,6.770245549717172,6.547625966692254,6.717864513397217,2714697,0.0,0.0
2002-10-23 00:00:00-04:00,6.722228966249997,6.875006198883057,6.617466904411062,6.875006198883057,2895986,0.0,0.0
2002-10-24 00:00:00-04:00,7.106356858413174,7.246039385204045,7.049610675572412,7.08889627456665,2907144,0.0,0.0
2002-10-25 00:00:00-04:00,7.080164674963099,7.136910847323052,6.89683143707733,7.097625255584717,1589539,0.0,0.0
2002-10-28 00:00:00-05:00,7.320244834563117,7.398816018412172,7.2023873441292245,7.254768371582031,3412298,0.0,0.0
2002-10-29 00:00:00-05:00,7.145641478023444,7.158736914113472,6.8095302876684505,6.984133243560791,3831099,0.0,0.0
2002-10-30 00:00:00-05:00,6.984132061649137,7.202386434240123,6.901195743101468,7.189291000366211,1930915,0.0,0.0
2002-10-31 00:00:00-05:00,6.984132998136228,7.097625344274299,6.813895193589438,6.949212551116943,2603280,0.0,0.0
2002-11-01 00:00:00-05:00,6.700403882941714,6.997229515128298,6.6611182846412245,6.975403785705566,2468515,0.0,0.0
2002-11-04 00:00:00-05:00,7.254769623510327,7.433737747972758,7.241674185722218,7.259134769439697,2192290,0.0,0.0
2002-11-05 00:00:00-05:00,7.1369115381493256,7.429372003908673,7.071435069140685,7.355165958404541,1705849,0.0,0.0
2002-11-06 00:00:00-05:00,7.232943278959196,7.232943278959196,6.896832073595039,7.093260765075684,3669811,0.0,0.0
2002-11-07 00:00:00-05:00,7.049609952613197,7.136911433571901,6.918657016514775,7.001594066619873,2116839,0.0,0.0
2002-11-08 00:00:00-05:00,6.896832589104588,6.98413407747466,6.835721261381368,6.975403785705566,964384,0.0,0.0
2002-11-11 00:00:00-05:00,6.940481542441398,7.010322429252282,6.704767298799237,6.744052886962891,1465589,0.0,0.0
2002-11-12 00:00:00-05:00,7.538496862452828,7.8920685413485705,7.5297665740203135,7.700005054473877,8754137,0.0,0.0
2002-11-13 00:00:00-05:00,7.473023134537541,7.839690379572875,7.438102682754313,7.730563163757324,5616433,0.0,0.0
2002-11-14 00:00:00-05:00,7.96627555107805,8.263101079983974,7.922624822081318,8.21072006225586,6616784,0.0,0.0
2002-11-15 00:00:00-05:00,8.00992853741,8.153976198092371,7.948817213728284,8.11905574798584,2381561,0.0,0.0
2002-11-18 00:00:00-05:00,8.206356270397917,8.250007006588826,8.119054798016103,8.136514663696289,3848095,0.0,0.0
2002-11-19 00:00:00-05:00,8.075406723528008,8.219453700174547,8.036120404812918,8.14088249206543,5547678,0.0,0.0
2002-11-20 00:00:00-05:00,8.017734382291795,8.422359466552734,8.01333622093542,8.422359466552734,5240465,0.1631,0.0
2002-11-21 00:00:00-05:00,8.497129439123015,8.906152813248024,8.497129439123015,8.879764556884766,13165327,0.0,0.0
2002-11-22 00:00:00-05:00,8.708232851941684,8.875360769887548,8.69064093220271,8.831379890441895,4559087,0.0,0.0
2002-11-25 00:00:00-05:00,8.541106750870306,8.76101191494254,8.426756728013126,8.576292037963867,6134034,0.0,0.0
2002-11-26 00:00:00-05:00,8.088103908307435,8.167269369305771,8.004539566069548,8.057316780090332,7215243,0.0,0.0
2002-11-27 00:00:00-05:00,8.180463577593535,8.422358833689463,8.158472772464062,8.3563871383667,6664681,0.0,0.0
2002-11-29 00:00:00-05:00,8.391570388925839,8.395968549261166,8.24643325805664,8.24643325805664,853568,0.0,0.0
2002-12-02 00:00:00-05:00,8.664254435994494,8.664254435994494,8.479534545788443,8.54550552368164,3801485,0.0,0.0
2002-12-03 00:00:00-05:00,8.312406583090917,8.466340065002441,8.206852154347834,8.466340065002441,5397462,0.0,0.0
2002-12-04 00:00:00-05:00,8.246436468829671,8.46194352890685,8.202455568417848,8.33439826965332,3782601,0.0,0.0
2002-12-05 00:00:00-05:00,8.312404730557896,8.325599211226633,8.083703999294087,8.264025688171387,2227826,0.0,0.0
2002-12-06 00:00:00-05:00,7.960558685956075,8.400368323390802,7.938567880054782,8.312406539916992,3621570,0.0,0.0
2002-12-09 00:00:00-05:00,8.15847292114064,8.224444617665645,7.876994930747778,7.890188694000244,2222247,0.0,0.0
2002-12-10 00:00:00-05:00,7.8989863671323315,8.044124268322609,7.8901900434158545,8.013337135314941,1800012,0.0,0.0
2002-12-11 00:00:00-05:00,8.004539198542139,8.193657240072582,7.9605583088884755,8.0485200881958,1967996,0.0,0.0
2002-12-12 00:00:00-05:00,8.07051097067455,8.074909131688779,7.855003961239855,7.98254919052124,1154514,0.0,0.0
2002-12-13 00:00:00-05:00,7.8945856242308565,7.942964668788718,7.793429374694824,7.793429374694824,1466276,0.0,0.0
2002-12-16 00:00:00-05:00,7.8857906234536514,8.198055745174843,7.8857906234536514,8.158473014831543,1723789,0.0,0.0
2002-12-17 00:00:00-05:00,8.149676946663027,8.202454162121821,7.938568084827848,7.960558891296387,1684303,0.0,0.0
2002-12-18 00:00:00-05:00,7.9605616775975,7.9605616775975,7.7406564162051765,7.833016395568848,1619067,0.0,0.0
2002-12-19 00:00:00-05:00,7.846210884068215,8.008940748695897,7.762647230370789,7.833016395568848,2206796,0.0,0.0
2002-12-20 00:00:00-05:00,7.9693556551540405,8.154075559455077,7.960559332079565,8.022132873535156,1941043,0.0,0.0
2002-12-23 00:00:00-05:00,8.013337686674173,8.114493976242148,7.903385072784491,8.026532173156738,1410568,0.0,0.0
2002-12-24 00:00:00-05:00,7.982549404152089,8.05291854213171,7.938567792832735,8.004539489746094,460261,0.0,0.0
2002-12-26 00:00:00-05:00,7.951762063421625,8.066112809660318,7.938567580378932,7.98254919052124,1118291,0.0,0.0
2002-12-27 00:00:00-05:00,7.872596425303867,7.925373636202326,7.731856716197552,7.740653038024902,932710,0.0,0.0
2002-12-30 00:00:00-05:00,7.885791120713615,7.9385683378545835,7.802227493601134,7.84181022644043,2082761,0.0,0.0
2002-12-31 00:00:00-05:00,7.872596057233641,7.969354152679443,7.859401575109502,7.969354152679443,1490740,0.0,0.0
2003-01-02 00:00:00-05:00,8.06171477434093,8.303610033566883,8.01333572249574,8.228842735290527,2019241,0.0,0.0
2003-01-03 00:00:00-05:00,8.215650535785711,8.347593244749612,8.215650535785711,8.294816017150879,1331340,0.0,0.0
2003-01-06 00:00:00-05:00,8.435552990662902,8.80939165486356,8.422359227034693,8.796197891235352,3047660,0.0,0.0
2003-01-07 00:00:00-05:00,8.673051539204902,8.747819566298187,8.466340824381156,8.541108131408691,2624052,0.0,0.0
2003-01-08 00:00:00-05:00,8.325600808574162,8.466339802512922,8.290415520040225,8.409164428710938,2092804,0.0,0.0
2003-01-09 00:00:00-05:00,8.334396381592633,8.510320663452148,8.29481365219558,8.510320663452148,3997367,0.0,0.0
2003-01-10 00:00:00-05:00,8.400365825089537,8.747816134602813,8.378375025728394,8.602678298950195,2930492,0.0,0.0
2003-01-13 00:00:00-05:00,8.774205504607181,8.84897279194029,8.686243735956857,8.8093900680542,5351625,0.0,0.0
2003-01-14 00:00:00-05:00,8.809391726183692,8.980917855395978,8.804993564916785,8.928140640258789,4678659,0.0,0.0
2003-01-15 00:00:00-05:00,8.778606312806287,8.778606312806287,8.62027464944115,8.747819900512695,3262769,0.0,0.0
2003-01-16 00:00:00-05:00,8.743419968823984,8.791799018386742,8.690642758385918,8.756613731384277,2990149,0.0,0.0
2003-01-17 00:00:00-05:00,8.532313011834193,8.602682161252195,8.4179622439477,8.50152587890625,3976336,0.0,0.0
2003-01-21 00:00:00-05:00,8.497126769479712,8.567496631116022,8.373980411698305,8.422359466552734,2881136,0.0,0.0
2003-01-22 00:00:00-05:00,8.435551616858492,8.527912267608347,8.431153456343472,8.457542419433594,3100966,0.0,0.0
2003-01-23 00:00:00-05:00,8.655459447877808,8.717032994126953,8.290417052328369,8.32120418548584,6876099,0.0,0.0
2003-01-24 00:00:00-05:00,8.290414066000114,8.299210386590829,8.061713330969228,8.092499732971191,3574102,0.0,0.0
2003-01-27 00:00:00-05:00,8.092502927729042,8.224446348547296,7.93856941681829,8.123290061950684,2550404,0.0,0.0
2003-01-28 00:00:00-05:00,8.092500714830486,8.268424987792969,8.039724225013927,8.268424987792969,3361568,0.0,0.0
2003-01-29 00:00:00-05:00,7.991344236154069,8.026529521818437,7.753847158247607,7.969354152679443,8560059,0.0,0.0
2003-01-30 00:00:00-05:00,7.9913459639689055,8.048521345469831,7.898986009261934,7.9649577140808105,6556011,0.0,0.0
2003-01-31 00:00:00-05:00,7.828617119960551,8.334398573217355,7.806627028986606,8.290417671203613,6298155,0.0,0.0
2003-02-03 00:00:00-05:00,8.189258548067805,8.312405607165102,8.184861107446674,8.211249351501465,2411862,0.0,0.0
2003-02-04 00:00:00-05:00,8.092502090119385,8.13208554430729,7.942966756717863,8.074910163879395,2685770,0.0,0.0
2003-02-05 00:00:00-05:00,8.180466015465747,8.338796979319767,8.140882554436372,8.193659782409668,1664303,0.0,0.0
2003-02-06 00:00:00-05:00,8.114491782709118,8.167268994306644,7.9913447156263455,8.0485200881958,1258893,0.0,0.0
2003-02-07 00:00:00-05:00,8.24643318311208,8.286015905704758,8.017732448081194,8.092499732971191,1833231,0.0,0.0
2003-02-10 00:00:00-05:00,8.167271650023007,8.180466137229194,8.035328938158779,8.145280838012695,1868339,0.0,0.0
2003-02-11 00:00:00-05:00,8.220047108611816,8.286018090304276,8.11009451237008,8.17166805267334,1634174,0.0,0.0
2003-02-12 00:00:00-05:00,8.18046111611537,8.347588304548635,8.162868477305368,8.184859275817871,1697265,0.0,0.0
2003-02-13 00:00:00-05:00,8.202452633299185,8.290414402647096,8.123287184899176,8.224443435668945,1877094,0.0,0.0
2003-02-14 00:00:00-05:00,8.158473925486568,8.325601907893498,8.004540428022077,8.25963020324707,2067310,0.0,0.0
2003-02-18 00:00:00-05:00,8.18046088717512,8.312403514361241,8.162868248857468,8.286014556884766,2337870,0.0,0.0
2003-02-19 00:00:00-05:00,8.18046315461919,8.220045881739944,8.035326008466011,8.11449146270752,2474266,0.0,0.0
2003-02-20 00:00:00-05:00,8.202454351489324,8.246435245376077,8.096899918134833,8.220046997070312,2873754,0.0,0.0
2003-02-21 00:00:00-05:00,8.18046386470628,8.356387431653896,8.14967673644447,8.312406539916992,2699246,0.0,0.0
2003-02-24 00:00:00-05:00,8.29041732094106,8.29041732094106,8.202455520629883,8.202455520629883,2272376,0.0,0.0
2003-02-25 00:00:00-05:00,7.916578115257982,8.211250605890992,7.890189147106286,8.088104248046875,5525102,0.0,0.0
2003-02-26 00:00:00-05:00,7.907781675837592,8.070511483507683,7.890189030662761,7.960558891296387,3595733,0.0,0.0
2003-02-27 00:00:00-05:00,7.9605576124070225,7.9605576124070225,7.762643266248547,7.828614234924316,3870585,0.0,0.0
2003-02-28 00:00:00-05:00,7.872597105553629,8.048520677039145,7.859402621672506,7.960558891296387,2204307,0.0,0.0
2003-03-03 00:00:00-05:00,8.026531585621157,8.048521674749933,7.934171627135568,7.938569068908691,1787652,0.0,0.0
2003-03-04 00:00:00-05:00,7.872598136546815,7.91218087330823,7.797830104827881,7.797830104827881,1628681,0.0,0.0
2003-03-05 00:00:00-05:00,7.872597363867276,7.98254995968631,7.872597363867276,7.978151798248291,1758896,0.0,0.0
2003-03-06 00:00:00-05:00,7.850605037859962,7.938566809471377,7.762643266248547,7.828614234924316,2122504,0.0,0.0
2003-03-07 00:00:00-05:00,7.639500722361673,7.793434273638324,7.635102559176682,7.745055198669434,1885249,0.0,0.0
2003-03-10 00:00:00-05:00,7.661487221109891,7.665885381816559,7.371212934863411,7.432786464691162,2657872,0.0,0.0
2003-03-11 00:00:00-05:00,7.4020000268109385,7.621904482228244,7.4020000268109385,7.494359970092773,7914647,0.0,0.0
2003-03-12 00:00:00-05:00,7.3580199320082045,7.402000827851253,7.146911055908973,7.388806343078613,3513586,0.0,0.0
2003-03-13 00:00:00-05:00,7.674681934855847,7.916577923456264,7.63070104240096,7.907781600952148,4385352,0.0,0.0
2003-03-14 00:00:00-05:00,8.070512333901924,8.110095069650448,8.004540627610531,8.008938789367676,5031365,0.0,0.0
2003-03-17 00:00:00-05:00,7.960560782239146,8.347593307495117,7.916579878920593,8.347593307495117,3776764,0.0,0.0
2003-03-18 00:00:00-05:00,8.246434980712099,8.35198941067889,8.162871357015762,8.242036819458008,2499760,0.0,0.0
2003-03-19 00:00:00-05:00,8.268425174908929,8.356386953347949,8.228842446617934,8.351988792419434,2432549,0.0,0.0
2003-03-20 00:00:00-05:00,8.202455568417848,8.422360790542792,8.167270992101553,8.33439826965332,1122239,0.0,0.0
2003-03-21 00:00:00-05:00,8.444354327998735,8.664259639896773,8.378382590416098,8.554306983947754,2227569,0.0,0.0
2003-03-24 00:00:00-05:00,8.255231120144352,8.325600978583521,8.140880370205332,8.158473014831543,1727995,0.0,0.0
2003-03-25 00:00:00-05:00,8.066113508433821,8.312406946239063,8.039725260128057,8.220046997070312,2926286,0.0,0.0
2003-03-26 00:00:00-05:00,8.189259978427323,8.25523168018551,8.07051177934146,8.17166805267334,2036409,0.0,0.0
2003-03-27 00:00:00-05:00,8.030928030810363,8.158472536678211,7.907780965775664,8.118889808654785,3054012,0.0,0.0
2003-03-28 00:00:00-05:00,8.008937650878028,8.092501272253456,7.969354920756283,8.004539489746094,1541813,0.0,0.0
2003-03-31 00:00:00-05:00,7.916579014565285,8.044124268322609,7.846209144899264,8.013337135314941,1623960,0.0,0.0
2003-04-01 00:00:00-05:00,8.09250189754402,8.198056332735092,8.039725400014213,8.149677276611328,1882674,0.0,0.0
2003-04-02 00:00:00-05:00,8.312408062408778,8.422360671922684,8.312408062408778,8.382777214050293,3485518,0.0,0.0
2003-04-03 00:00:00-05:00,8.338793754577637,8.466338972883484,8.334395593941878,8.338793754577637,2489116,0.0,0.0
2003-04-04 00:00:00-05:00,8.303610610953456,8.38277607581734,8.255231555744256,8.378377914428711,2574696,0.0,0.0
2003-04-07 00:00:00-04:00,8.554301072417486,8.593883799586605,8.46194113566767,8.47073745727539,5457892,0.0,0.0
2003-04-08 00:00:00-04:00,8.444348918753281,8.46194156285686,8.334396333237226,8.3563871383667,1604303,0.0,0.0
2003-04-09 00:00:00-04:00,8.448748719797974,8.527914913565674,8.28601889044873,8.32120418548584,2126195,0.0,0.0
2003-04-10 00:00:00-04:00,8.453145611377836,8.510320987155291,8.382775751944271,8.44434928894043,1305846,0.0,0.0
2003-04-11 00:00:00-04:00,8.532313415286941,8.55870166755002,8.369583579456178,8.48833179473877,1112368,0.0,0.0
2003-04-14 00:00:00-04:00,8.492730233818072,8.620275497436523,8.483934629487358,8.620275497436523,1365932,0.0,0.0
2003-04-15 00:00:00-04:00,8.52791553140432,8.659858237155206,8.505924720412915,8.620275497436523,2294780,0.0,0.0
2003-04-16 00:00:00-04:00,8.602682105938058,8.602682105938058,8.369583129882812,8.369583129882812,2400360,0.0,0.0
2003-04-17 00:00:00-04:00,8.549904059747432,8.774207410602637,8.54550589835296,8.730226516723633,2486026,0.0,0.0
2003-04-21 00:00:00-04:00,8.734623859220912,8.791799231922969,8.659855842590332,8.659855842590332,2594267,0.0,0.0
2003-04-22 00:00:00-04:00,8.659859036371778,8.906152541876647,8.629072618208387,8.901754379272461,3096931,0.0,0.0
2003-04-23 00:00:00-04:00,8.928143194545406,8.985317867241127,8.875365964308978,8.972124099731445,2757186,0.0,0.0
2003-04-24 00:00:00-04:00,8.95892678659707,8.980917592287353,8.870965003967285,8.870965003967285,1524560,0.0,0.0
2003-04-25 00:00:00-04:00,8.892958054064088,8.963327935665157,8.853375310692325,8.901754379272461,1245760,0.0,0.0
2003-04-28 00:00:00-04:00,8.950130326049388,9.055684751600678,8.88415935012908,9.020500183105469,3591183,0.0,0.0
2003-04-29 00:00:00-04:00,8.972121532862165,8.972121532862165,8.809391726183692,8.928140640258789,1691943,0.0,0.0
2003-04-30 00:00:00-04:00,8.88415952109298,8.88415952109298,8.642264257910348,8.690643310546875,3824747,0.0,0.0
2003-05-01 00:00:00-04:00,8.598287902314139,8.633473213060139,8.510326065581369,8.554306983947754,2856844,0.0,0.0
2003-05-02 00:00:00-04:00,8.62027460075938,8.778606263230362,8.580691865158078,8.752217292785645,2777787,0.0,0.0
2003-05-05 00:00:00-04:00,8.818187263572959,8.818187263572959,8.70823468182152,8.756613731384277,2016838,0.0,0.0
2003-05-06 00:00:00-04:00,8.765413498740424,8.941337122644224,8.752219010927865,8.901754379272461,1614003,0.0,0.0
2003-05-07 00:00:00-04:00,8.549904123173174,8.558700446027371,8.356387900643712,8.43115520477295,3748094,0.0,0.0
2003-05-08 00:00:00-04:00,8.4003675238845,8.536709067364827,8.33439583252517,8.417960166931152,1867223,0.0,0.0
2003-05-09 00:00:00-04:00,8.545510656261254,8.629075049216889,8.53671504864087,8.554306983947754,1750312,0.0,0.0
2003-05-12 00:00:00-04:00,8.554305818733102,8.668656622949213,8.549907655488942,8.646666526794434,1468680,0.0,0.0
2003-05-13 00:00:00-04:00,8.686246355859735,8.831383533928,8.68184819409411,8.747819900512695,3359766,0.0,0.0
2003-05-14 00:00:00-04:00,8.826981567782825,8.85336980693761,8.730223490772838,8.804990768432617,1455289,0.0,0.0
2003-05-15 00:00:00-04:00,8.89735179550776,9.016100686681755,8.888556194735902,8.932537078857422,2028598,0.0,0.0
2003-05-16 00:00:00-04:00,8.93253843161858,8.985314924504536,8.862168574327864,8.919343948364258,1136746,0.0,0.0
2003-05-19 00:00:00-04:00,8.774208672355371,8.77860683438231,8.6334696476908,8.686246871948242,1519324,0.0,0.0
2003-05-20 00:00:00-04:00,8.708236844539583,8.8181894535981,8.708236844539583,8.734625816345215,1717437,0.0,0.0
2003-05-21 00:00:00-04:00,8.747820434449801,8.862170487138235,8.703838814109073,8.840180397033691,1659153,0.0,0.0
2003-05-22 00:00:00-04:00,8.822586495588354,9.016102717333968,8.822586495588354,8.963325500488281,3178648,0.0,0.0
2003-05-23 00:00:00-04:00,9.095268758345807,9.218415845470146,9.060084184909895,9.209619522094727,4002946,0.0,0.0
2003-05-27 00:00:00-04:00,8.862168859705998,9.060083234631366,8.80499348382845,9.03369426727295,5187332,0.0,0.0
2003-05-28 00:00:00-04:00,9.14364662788339,9.257997376763118,9.117258381254198,9.249201774597168,5563043,0.0,0.0
2003-05-29 00:00:00-04:00,9.345959063810435,9.649427113871592,9.328366420881714,9.535077095031738,5544072,0.0,0.0
2003-05-30 00:00:00-04:00,9.601049944379954,9.746187836807678,9.601049944379954,9.636235237121582,3189464,0.0,0.0
2003-06-02 00:00:00-04:00,9.715400852883295,9.719799014542648,9.543875428431596,9.565865516662598,2383278,0.0,0.0
2003-06-03 00:00:00-04:00,9.49989109524895,9.565862056142239,9.429521254221877,9.495492935180664,2179500,0.0,0.0
2003-06-04 00:00:00-04:00,9.538448034527477,9.746575788960218,9.538448034527477,9.702293395996094,3747923,0.17125,0.0
2003-06-05 00:00:00-04:00,9.565015467438378,9.675721059131808,9.525160671426859,9.587156295776367,3127060,0.0,0.0
2003-06-06 00:00:00-04:00,9.604873731633138,9.609302044234346,9.387889314182178,9.454313278198242,3796850,0.0,0.0
2003-06-09 00:00:00-04:00,9.334749953085373,9.37903235250676,9.23732852935791,9.23732852935791,1611342,0.0,0.0
2003-06-10 00:00:00-04:00,9.299323886874962,9.339177972603984,9.21075836580801,9.290467262268066,4114706,0.0,0.0
2003-06-11 00:00:00-04:00,9.153190238609005,9.339177164249659,9.104479532489252,9.299323081970215,3954877,0.0,0.0
2003-06-12 00:00:00-04:00,9.299321999916014,9.365745945987403,9.188615664797656,9.36131763458252,2936930,0.0,0.0
2003-06-13 00:00:00-04:00,9.215184797412121,9.246182977209934,9.042483552831769,9.069052696228027,2260101,0.0,0.0
2003-06-16 00:00:00-04:00,9.277178764343262,9.321461145378086,9.179757381066302,9.277178764343262,2235724,0.0,0.0
2003-06-17 00:00:00-04:00,9.272752013752553,9.272752013752553,9.201900482177734,9.201900482177734,4662178,0.0,0.0
2003-06-18 00:00:00-04:00,9.201902458408206,9.321464715493988,9.139906811214459,9.21961498260498,3370667,0.0,0.0
2003-06-19 00:00:00-04:00,9.210759540440886,9.255042669122725,9.091197268006246,9.148764610290527,2192891,0.0,0.0
2003-06-20 00:00:00-04:00,9.219611687523605,9.272750691126122,9.126618612469638,9.15318775177002,1299666,0.0,0.0
2003-06-23 00:00:00-04:00,9.095621998081347,9.113335243988685,8.922920750492326,8.967203140258789,2106538,0.0,0.0
2003-06-24 00:00:00-04:00,8.95834783747241,9.029200106541184,8.940635313956705,9.002630233764648,1508937,0.0,0.0
2003-06-25 00:00:00-04:00,9.095623533811855,9.179760741075789,9.01148705154992,9.042485237121582,2046366,0.0,0.0
2003-06-26 00:00:00-04:00,8.953918906221292,9.024771170390965,8.821071726530334,8.980488777160645,2320016,0.0,0.0
2003-06-27 00:00:00-04:00,8.900779119250323,9.029197965547077,8.86092431953585,8.865352630615234,1901472,0.0,0.0
2003-06-30 00:00:00-04:00,8.869784369088814,8.883069307460437,8.643944041781705,8.70151138305664,2932467,0.0,0.0
2003-07-01 00:00:00-04:00,8.621798950332721,8.812213422412007,8.6040857064177,8.798929214477539,2691950,0.0,0.0
2003-07-02 00:00:00-04:00,8.931776451774143,9.073480229404762,8.914063207694639,9.038054466247559,3547063,0.0,0.0
2003-07-03 00:00:00-04:00,8.927350422112658,9.10448000816543,8.878639713447946,9.033628463745117,1610998,0.0,0.0
2003-07-07 00:00:00-04:00,8.763501056696935,8.878635670201218,8.745788541158964,8.825496673583984,3399852,0.0,0.0
2003-07-08 00:00:00-04:00,8.723649948593652,8.803358833048879,8.692652492140006,8.763504028320312,3568265,0.0,0.0
2003-07-09 00:00:00-04:00,8.812214449735462,8.88306670865367,8.70150883736597,8.816642761230469,4509216,0.0,0.0
2003-07-10 00:00:00-04:00,8.519950334683923,8.595230905924232,8.511093711596605,8.586374282836914,4211188,0.0,0.0
2003-07-11 00:00:00-04:00,8.60851428552159,8.661653293919949,8.568660210473274,8.63508415222168,2000443,0.0,0.0
2003-07-14 00:00:00-04:00,8.612940822582507,8.697077991467433,8.524376068494693,8.533232688903809,2784311,0.0,0.0
2003-07-15 00:00:00-04:00,8.67936829285815,8.701509852917313,8.515522923426232,8.555377006530762,2879591,0.0,0.0
2003-07-16 00:00:00-04:00,8.555374623287582,8.555374623287582,8.457953236169555,8.54209041595459,2311604,0.0,0.0
2003-07-17 00:00:00-04:00,8.294108792205032,8.3693893584192,8.263111338470868,8.289680480957031,2952810,0.0,0.0
2003-07-18 00:00:00-04:00,8.413671995350958,8.413671995350958,8.254254960701967,8.387102127075195,1643616,0.0,0.0
2003-07-21 00:00:00-04:00,8.249827193881213,8.249827193881213,8.103695083724146,8.183403968811035,3381311,0.0,0.0
2003-07-22 00:00:00-04:00,8.201115759038519,8.276396325739539,8.183403238933808,8.209972381591797,2118470,0.0,0.0
2003-07-23 00:00:00-04:00,8.218830140960419,8.227686764738731,8.04170056540196,8.178976058959961,3257705,0.0,0.0
2003-07-24 00:00:00-04:00,8.382674540697764,8.50223677293311,8.373817917939176,8.387102127075195,4148784,0.0,0.0
2003-07-25 00:00:00-04:00,8.568660309101016,8.754647203136948,8.568660309101016,8.723649024963379,2838818,0.0,0.0
2003-07-28 00:00:00-04:00,8.745789789001131,8.750218099767867,8.546517979503323,8.581944465637207,2430575,0.0,0.0
2003-07-29 00:00:00-04:00,8.754647102368445,8.76793131071667,8.612942596638272,8.63508415222168,1742673,0.0,0.0
2003-07-30 00:00:00-04:00,8.54652214050293,8.564235392193828,8.426959866595714,8.54652214050293,1664389,0.0,0.0
2003-07-31 00:00:00-04:00,8.599661408840927,8.617374661022598,8.387105282669403,8.404818534851074,2251689,0.0,0.0
2003-08-01 00:00:00-04:00,8.333965002748135,8.369390773720957,8.192261193854886,8.316251754760742,1589024,0.0,0.0
2003-08-04 00:00:00-04:00,8.347246570787604,8.38267305554547,8.24096929151921,8.342818260192871,1518551,0.0,0.0
2003-08-05 00:00:00-04:00,8.38710162535434,8.44909725595398,8.27639602250005,8.30296516418457,3399165,0.0,0.0
2003-08-06 00:00:00-04:00,8.329536508469083,8.387103113164404,8.258684243071997,8.347249031066895,2788088,0.0,0.0
2003-08-07 00:00:00-04:00,8.356106068333164,8.480097357662762,8.342821131975995,8.413673400878906,2189543,0.0,0.0
2003-08-08 00:00:00-04:00,8.54651948826323,8.58194598065113,8.457954707297262,8.475667953491211,1545848,0.0,0.0
2003-08-11 00:00:00-04:00,8.493381027524855,8.537664145892156,8.44909863415949,8.480096817016602,2685855,0.0,0.0
2003-08-12 00:00:00-04:00,8.502237651198314,8.502237651198314,8.413672864467587,8.480096817016602,2564395,0.0,0.0
2003-08-13 00:00:00-04:00,8.54652040370591,8.555377027751543,8.418101530050125,8.444670677185059,3098476,0.0,0.0
2003-08-14 00:00:00-04:00,8.524378736505367,8.710364923301173,8.506665490143138,8.674939155578613,2614439,0.0,0.0
2003-08-15 00:00:00-04:00,8.741363777958362,8.803359420001037,8.639514053531812,8.728078842163086,796314,0.0,0.0
2003-08-18 00:00:00-04:00,8.75464650519154,8.821069717407227,8.750218194376924,8.821069717407227,2137525,0.0,0.0
2003-08-19 00:00:00-04:00,8.710367943732667,8.741366135615584,8.608518191835946,8.683798789978027,2232891,0.0,0.0
2003-08-20 00:00:00-04:00,8.55537730461919,8.666083658768336,8.542093093122807,8.573090553283691,1502843,0.0,0.0
2003-08-21 00:00:00-04:00,8.480094855374015,8.50223568443404,8.39595767494096,8.4490966796875,1771343,0.0,0.0
2003-08-22 00:00:00-04:00,8.387102342957583,8.387102342957583,8.161262081809827,8.205544471740723,3483801,0.0,0.0
2003-08-25 00:00:00-04:00,8.170117955774206,8.183402889036099,8.09926642838107,8.134692192077637,2430317,0.0,0.0
2003-08-26 00:00:00-04:00,8.046126545614811,8.161261181738555,8.015129093582328,8.125835418701172,4372047,0.0,0.0
2003-08-27 00:00:00-04:00,8.178975626943052,8.271968721699503,8.161262380322048,8.223258018493652,1727566,0.0,0.0
2003-08-28 00:00:00-04:00,8.280825867505653,8.30296670217702,8.20111697768365,8.26754093170166,1358550,0.0,0.0
2003-08-29 00:00:00-04:00,8.12583551739057,8.201115355384514,8.103693962097168,8.103693962097168,959749,0.0,0.0
2003-09-02 00:00:00-04:00,8.147978208794028,8.267541184684626,8.090411601885787,8.254256248474121,3217876,0.0,0.0
2003-09-03 00:00:00-04:00,8.174546114753248,8.205543566785732,8.121407107696275,8.125835418701172,2870492,0.0,0.0
2003-09-04 00:00:00-04:00,8.205546052413363,8.302967474028453,8.205546052413363,8.298539161682129,2383364,0.0,0.0
2003-09-05 00:00:00-04:00,8.3472481274292,8.475667708621398,8.338391504588103,8.378246307373047,2652121,0.0,0.0
2003-09-08 00:00:00-04:00,8.559804916381836,8.617372244829042,8.542092394168648,8.559804916381836,2774955,0.0,0.0
2003-09-09 00:00:00-04:00,8.661655903369734,8.705939027877486,8.577519416809082,8.577519416809082,2467914,0.0,0.0
2003-09-10 00:00:00-04:00,8.697081843931212,8.723650991925972,8.56423392895144,8.573090553283691,2980278,0.0,0.0
2003-09-11 00:00:00-04:00,8.626233359992192,8.64837493053989,8.57752262978957,8.612948417663574,1607479,0.0,0.0
2003-09-12 00:00:00-04:00,8.754648876038445,8.83435704228375,8.714794067913825,8.807787895202637,2140186,0.0,0.0
2003-09-15 00:00:00-04:00,8.90963448369599,8.984915042542678,8.812213095777997,8.821069717407227,3564660,0.0,0.0
2003-09-16 00:00:00-04:00,8.723650691941518,8.812215482214517,8.710365755899979,8.807787895202637,2518987,0.0,0.0
2003-09-17 00:00:00-04:00,8.80778744580064,8.856498150465608,8.759076741135672,8.781217575073242,2164908,0.0,0.0
2003-09-18 00:00:00-04:00,8.91849363912573,9.002630118503584,8.891924491691345,8.953919410705566,4040886,0.0,0.0
2003-09-19 00:00:00-04:00,8.914065485658103,9.033628463745117,8.905208861355067,9.033628463745117,2732723,0.0,0.0
2003-09-22 00:00:00-04:00,8.900780435121124,9.029199300403027,8.896352123387068,9.011486053466797,2004220,0.0,0.0
2003-09-23 00:00:00-04:00,9.166473664628837,9.246182541061428,9.09562141057785,9.224040985107422,3114013,0.0,0.0
2003-09-24 00:00:00-04:00,9.339178303398764,9.361319865700263,9.175332917373796,9.197474479675293,3926121,0.0,0.0
2003-09-25 00:00:00-04:00,9.232898065507404,9.246182999738837,9.126620041659681,9.139904975891113,2136925,0.0,0.0
2003-09-26 00:00:00-04:00,9.077911376953125,9.117765463583208,9.020344040708771,9.077911376953125,2084135,0.0,0.0
2003-09-29 00:00:00-04:00,9.033627730774526,9.077910123694734,8.949491256726326,9.060196876525879,1659496,0.0,0.0
2003-09-30 00:00:00-04:00,9.024770464455756,9.060196231268552,8.883066672202695,8.967203140258789,2611692,0.0,0.0
2003-10-01 00:00:00-04:00,8.989347337188816,9.184190199373802,8.971634086080329,9.17976188659668,1933661,0.0,0.0
2003-10-02 00:00:00-04:00,9.100050674472802,9.162046312632647,9.082338152857067,9.113335609436035,1221897,0.0,0.0
2003-10-03 00:00:00-04:00,9.166474775083183,9.232898725990166,9.104479135903459,9.1221923828125,2188942,0.0,0.0
2003-10-06 00:00:00-04:00,9.162044556918257,9.281607498671796,9.139903727890939,9.23289680480957,1962331,0.0,0.0
2003-10-07 00:00:00-04:00,9.206331253051758,9.228472817453955,9.100053193925431,9.206331253051758,1541384,0.0,0.0
2003-10-08 00:00:00-04:00,9.330320271380199,9.330320271380199,9.162046598272145,9.241755485534668,2102160,0.0,0.0
2003-10-09 00:00:00-04:00,9.356888164403056,9.39674223710954,9.286035915701259,9.32146167755127,1573058,0.0,0.0
2003-10-10 00:00:00-04:00,9.330318224396526,9.370173021784986,9.259466701265028,9.303749084472656,1121724,0.0,0.0
2003-10-13 00:00:00-04:00,9.34360408782959,9.374601541662896,9.299321700209788,9.34360408782959,1103441,0.0,0.0
2003-10-14 00:00:00-04:00,9.224043702483868,9.2993242899031,9.197474552513698,9.286039352416992,1314430,0.0,0.0
2003-10-15 00:00:00-04:00,9.281606444554924,9.303747996069385,9.228467445921906,9.255037307739258,1872202,0.0,0.0
2003-10-16 00:00:00-04:00,9.228471904473224,9.36574814018177,9.210758654703854,9.23732852935791,1585590,0.0,0.0
2003-10-17 00:00:00-04:00,9.286038651999203,9.343605985094827,9.255041191871708,9.272753715515137,1504388,0.0,0.0
2003-10-20 00:00:00-04:00,9.21961498260498,9.232899919504073,9.170904272310326,9.21961498260498,2229629,0.0,0.0
2003-10-21 00:00:00-04:00,9.228468494003753,9.27275087706016,9.197471043364798,9.23289680480957,1579152,0.0,0.0
2003-10-22 00:00:00-04:00,9.122190301752616,9.201899169657269,9.104477058884525,9.15318775177002,2045422,0.0,0.0
2003-10-23 00:00:00-04:00,9.082336778565194,9.197471414154487,9.082336778565194,9.15761661529541,1425675,0.0,0.0
2003-10-24 00:00:00-04:00,9.077909291209684,9.148761548385705,9.051339422892978,9.108906745910645,3790842,0.0,0.0
2003-10-27 00:00:00-05:00,9.108907177333602,9.117763800525312,9.033627330207867,9.064624786376953,1700183,0.0,0.0
2003-10-28 00:00:00-05:00,9.210754823948774,9.427739143371582,9.197470617148687,9.427739143371582,4208956,0.0,0.0
2003-10-29 00:00:00-05:00,9.418887169351823,9.503023655795706,9.418887169351823,9.47645378112793,3600711,0.0,0.0
2003-10-30 00:00:00-05:00,9.565019454753484,9.587160292321196,9.45874140442273,9.485310554504395,2375124,0.0,0.0
2003-10-31 00:00:00-05:00,9.299320654299466,9.401170351870354,9.290464032771256,9.365744590759277,1839068,0.0,0.0
2003-11-03 00:00:00-05:00,9.423312813263328,9.458738577786308,9.317034069690719,9.334747314453125,2227655,0.0,0.0
2003-11-04 00:00:00-05:00,9.188615548131759,9.228469625267827,9.139904848298375,9.201900482177734,3538393,0.0,0.0
2003-11-05 00:00:00-05:00,9.108906344150254,9.259467474633832,9.10004972176865,9.224040985107422,2970235,0.0,0.0
2003-11-06 00:00:00-05:00,9.299321549930143,9.343603936834329,9.25946747421656,9.334747314453125,2716499,0.0,0.0
2003-11-07 00:00:00-05:00,9.392316014257592,9.467596590551477,9.370175180054876,9.401172637939453,1897009,0.0,0.0
2003-11-10 00:00:00-05:00,9.294895610790471,9.299323923111174,9.219615026340522,9.25061321258545,1973318,0.0,0.0
2003-11-11 00:00:00-05:00,9.210755703679796,9.303749510172768,9.197471495610918,9.259467124938965,1045157,0.0,0.0
2003-11-12 00:00:00-05:00,9.396745539698106,9.653584034633363,9.392317227285254,9.62701416015625,2336840,0.0,0.0
2003-11-13 00:00:00-05:00,9.551730535434539,9.627010366786141,9.525160671426859,9.587156295776367,1648595,0.0,0.0
2003-11-14 00:00:00-05:00,9.565016218467688,9.658009299792742,9.520733833312988,9.520733833312988,1781901,0.0,0.0
2003-11-17 00:00:00-05:00,9.511877711852687,9.578300930579417,9.44988207937281,9.49416446685791,2250573,0.0,0.0
2003-11-18 00:00:00-05:00,10.016697981051497,10.207112465438795,10.016697981051497,10.105262756347656,8618428,0.0,0.0
2003-11-19 00:00:00-05:00,9.994556700406562,10.0521240234375,9.914848545441794,10.0521240234375,3171266,0.0,0.0
2003-11-20 00:00:00-05:00,10.007842063903809,10.065409389404381,9.967987984711687,10.007842063903809,1857953,0.0,0.0
2003-11-21 00:00:00-05:00,10.13626207338525,10.153974595432283,10.043268251380143,10.07426643371582,2615297,0.0,0.0
2003-11-24 00:00:00-05:00,10.229254813188604,10.388671131054801,10.224826501581,10.317819595336914,3753416,0.0,0.0
2003-11-25 00:00:00-05:00,10.52383725361521,10.608562806795009,10.483704135270989,10.550592422485352,6518671,0.18873,0.0
2003-11-26 00:00:00-05:00,10.483703483502469,10.519377283137501,10.412355154154438,10.474784851074219,2777101,0.0,0.0
2003-11-28 00:00:00-05:00,10.41235637664795,10.443571593811738,10.372223256086844,10.41235637664795,1486534,0.0,0.0
2003-12-01 00:00:00-05:00,10.621943727275378,10.697751398754223,10.590729233183037,10.63978099822998,3501397,0.0,0.0
2003-12-02 00:00:00-05:00,10.702208098019101,10.72896326782669,10.617481811792652,10.657615661621094,3045686,0.0,0.0
2003-12-03 00:00:00-05:00,10.604106169786668,10.64423929550876,10.532757822886616,10.537217140197754,2767573,0.0,0.0
2003-12-04 00:00:00-05:00,10.568429928527456,10.604104461268726,10.452489157274385,10.47032642364502,1375546,0.0,0.0
2003-12-05 00:00:00-05:00,10.479245860619217,10.590727323830585,10.470327226749815,10.541675567626953,1684132,0.0,0.0
2003-12-08 00:00:00-05:00,10.528297680883131,10.568430803461554,10.439112801802619,10.546134948730469,1590569,0.0,0.0
2003-12-09 00:00:00-05:00,10.791392970815117,10.80477092075793,10.613022495145048,10.657615661621094,2985600,0.0,0.0
2003-12-10 00:00:00-05:00,10.590726270907584,10.639778022234523,10.497081354667054,10.550592422485352,1478637,0.0,0.0
2003-12-11 00:00:00-05:00,10.568430220115934,10.737882065078146,10.546134366615513,10.684370994567871,2125680,0.0,0.0
2003-12-12 00:00:00-05:00,10.724502860886135,10.760177390440164,10.648695945739746,10.648695945739746,2870664,0.0,0.0
2003-12-15 00:00:00-05:00,10.746799990318282,10.769096572427452,10.492622604663735,10.523837089538574,2203191,0.0,0.0
2003-12-16 00:00:00-05:00,10.537211854846543,10.617478066030063,10.488160119105995,10.581804275512695,1767909,0.0,0.0
2003-12-17 00:00:00-05:00,10.63085733794248,10.724501506035605,10.613020075418888,10.702205657958984,2349201,0.0,0.0
2003-12-18 00:00:00-05:00,10.818147101899651,10.983138870572196,10.818147101899651,10.95638370513916,2539245,0.0,0.0
2003-12-19 00:00:00-05:00,10.880575835091749,10.885035150916178,10.773553715461254,10.844902038574219,2137697,0.0,0.0
2003-12-22 00:00:00-05:00,10.773553261335568,10.947464380923913,10.773553261335568,10.893953323364258,1554088,0.0,0.0
2003-12-23 00:00:00-05:00,10.898417405821592,10.992061614990234,10.898417405821592,10.992061614990234,1015200,0.0,0.0
2003-12-24 00:00:00-05:00,11.005439217239989,11.1481351852417,10.992061264905345,11.1481351852417,752022,0.0,0.0
2003-12-26 00:00:00-05:00,11.148133554812228,11.148133554812228,11.036652095150835,11.08570384979248,394080,0.0,0.0
2003-12-29 00:00:00-05:00,10.969760566642414,10.992056413949168,10.902871564566457,10.947463989257812,1749197,0.0,0.0
2003-12-30 00:00:00-05:00,10.911791051069603,11.045568335632606,10.90287241941649,11.036649703979492,1747566,0.0,0.0
2003-12-31 00:00:00-05:00,11.103540875051262,11.215022332283816,11.103540875051262,11.165969848632812,1532543,0.0,0.0
2004-01-02 00:00:00-05:00,11.255156740715558,11.304208499902915,11.165971126674624,11.286371231079102,1327219,0.0,0.0
2004-01-05 00:00:00-05:00,11.625271957480155,11.781345099089497,11.6074346932606,11.732294082641602,2319072,0.0,0.0
2004-01-06 00:00:00-05:00,11.817022267839308,11.941881685118002,11.781347731429337,11.910666465759277,1338636,0.0,0.0
2004-01-07 00:00:00-05:00,11.861615244819797,11.973096715987483,11.81702280236835,11.866074562072754,1817008,0.0,0.0
2004-01-08 00:00:00-05:00,12.17821996607435,12.218353083287104,12.062279200723736,12.093494415283203,2040357,0.0,0.0
2004-01-09 00:00:00-05:00,12.262950070237618,12.37443155397985,12.191601716220688,12.271868705749512,1683874,0.0,0.0
2004-01-12 00:00:00-05:00,12.187138427833208,12.271864707513727,12.084575613018353,12.17821979522705,1139493,0.0,0.0
2004-01-13 00:00:00-05:00,12.316452633218562,12.352127152702646,12.196053320193046,12.26294231414795,1731257,0.0,0.0
2004-01-14 00:00:00-05:00,12.383350115245163,12.432401150110048,12.307541713848591,12.396726608276367,3020879,0.0,0.0
2004-01-15 00:00:00-05:00,12.147007292730901,12.151466609761432,11.950799533621902,12.004310607910156,2471176,0.0,0.0
2004-01-16 00:00:00-05:00,11.852695287803554,11.852695287803554,11.643110320612308,11.727836608886719,2425939,0.0,0.0
2004-01-20 00:00:00-05:00,12.075656594923174,12.133626974934641,11.990931048025315,12.039982795715332,3123112,0.0,0.0
2004-01-21 00:00:00-05:00,11.96863583349242,12.120250410030646,11.883910276922778,12.084576606750488,1590054,0.0,0.0
2004-01-22 00:00:00-05:00,12.173760945097412,12.240649962127016,12.084576075776614,12.129168510437012,1812030,0.0,0.0
2004-01-23 00:00:00-05:00,11.950799589142392,11.96417754029613,11.812562950788061,11.910666465759277,1722329,0.0,0.0
2004-01-26 00:00:00-05:00,11.709997900114574,11.745671699687456,11.536087488378554,11.678783416748047,3415560,0.0,0.0
2004-01-27 00:00:00-05:00,11.883910084553746,11.90620593746367,11.790265166082378,11.892827987670898,3068176,0.0,0.0
2004-01-28 00:00:00-05:00,11.562842938791684,11.701079554341181,11.424606323242188,11.424606323242188,2684568,0.0,0.0
2004-01-29 00:00:00-05:00,11.264075087201192,11.375556554344135,11.219481916281529,11.250697135925293,2621821,0.0,0.0
2004-01-30 00:00:00-05:00,11.326505534562788,11.429068374205851,11.281912360736971,11.415690422058105,2608172,0.0,0.0
2004-02-02 00:00:00-05:00,11.050029625678174,11.17042898427228,11.032192359185107,11.04111099243164,4432820,0.0,0.0
2004-02-03 00:00:00-05:00,11.215021992586953,11.295288230519468,11.206103359466002,11.223939895629883,2868518,0.0,0.0
2004-02-04 00:00:00-05:00,11.210561227852782,11.215020543837207,11.023272146740773,11.063405990600586,2767229,0.0,0.0
2004-02-05 00:00:00-05:00,11.179345143630501,11.232856201190156,10.813687102063712,10.893953323364258,4801664,0.0,0.0
2004-02-06 00:00:00-05:00,11.099078526719293,11.313122749328613,11.058945417499507,11.313122749328613,4974798,0.0,0.0
2004-02-09 00:00:00-05:00,11.384473641680325,11.433525392949015,11.299747358523126,11.388932228088379,3553072,0.0,0.0
2004-02-10 00:00:00-05:00,11.388933135408758,11.424607670139345,11.215022698909419,11.272993087768555,3483629,0.0,0.0
2004-02-11 00:00:00-05:00,11.08124282133882,11.134753884507596,11.00989522383242,11.099080085754395,6876356,0.0,0.0
2004-02-12 00:00:00-05:00,11.313124470829367,11.344338953843984,11.103539531805344,11.107998847961426,7947522,0.0,0.0
2004-02-13 00:00:00-05:00,11.495958201423177,11.634194859627176,11.46028365989063,11.487039566040039,5447076,0.0,0.0
2004-02-17 00:00:00-05:00,12.044443291832915,12.048902608430504,11.776887946367635,11.892827987670898,5245444,0.0,0.0
2004-02-18 00:00:00-05:00,11.674326426636476,11.683245060826215,11.326504803783452,11.348800659179688,3298907,0.0,0.0
2004-02-19 00:00:00-05:00,11.817020732286728,11.817020732286728,11.589599242615765,11.6609468460083,5171624,0.0,0.0
2004-02-20 00:00:00-05:00,11.75013106404737,11.763509012721263,11.433524722644362,11.50487232208252,4509301,0.0,0.0
2004-02-23 00:00:00-05:00,11.705539280648136,11.741213082344403,11.616354411368464,11.6609468460083,3781829,0.0,0.0
2004-02-24 00:00:00-05:00,11.594056552029238,11.741211789156283,11.558382754262118,11.718915939331055,3600797,0.0,0.0
2004-02-25 00:00:00-05:00,11.683242246230598,11.759049158424602,11.504871795641169,11.549464225769043,3763717,0.0,0.0
2004-02-26 00:00:00-05:00,11.415690422058105,11.44690491365802,11.35326070878012,11.415690422058105,1931086,0.0,0.0
2004-02-27 00:00:00-05:00,11.304206007133024,11.326502588246013,11.125835548463007,11.134754180908203,3802601,0.0,0.0
2004-03-01 00:00:00-05:00,11.39339462459531,11.531632012877516,11.335424224683127,11.487039566040039,1792115,0.0,0.0
2004-03-02 00:00:00-05:00,11.335421544805257,11.388932614374985,11.179347652733389,11.23731803894043,2003190,0.0,0.0
2004-03-03 00:00:00-05:00,11.139214757780442,11.139214757780442,10.943007742092817,11.058948516845703,2280960,0.0,0.0
2004-03-04 00:00:00-05:00,11.014354704670335,11.130294734871761,10.969762273042411,11.125835418701172,1181811,0.0,0.0
2004-03-05 00:00:00-05:00,11.246238708125942,11.371098136418,11.20610558120284,11.344342231750488,2007567,0.0,0.0
2004-03-08 00:00:00-05:00,11.313125691696724,11.393391931012298,11.215022185831897,11.23731803894043,1063355,0.0,0.0
2004-03-09 00:00:00-05:00,11.259616371751497,11.304208814975787,11.11246109008789,11.11246109008789,1692029,0.0,0.0
2004-03-10 00:00:00-05:00,11.045567798364937,11.058945745193892,10.822605668271706,10.889493942260742,2020357,0.0,0.0
2004-03-11 00:00:00-05:00,10.63977579545333,10.742338593133367,10.51491641998291,10.51491641998291,2648173,0.0,0.0
2004-03-12 00:00:00-05:00,10.737886404849196,10.862745863195101,10.684375312712142,10.835989952087402,2597014,0.0,0.0
2004-03-15 00:00:00-05:00,10.711129517609448,10.724506740954054,10.479247911926604,10.568432807922363,2850063,0.0,0.0
2004-03-16 00:00:00-05:00,10.604107350383247,10.679914292956173,10.501543770886432,10.568432807922363,1530654,0.0,0.0
2004-03-17 00:00:00-05:00,10.760180472365612,10.86274331405352,10.751261837422632,10.858283996582031,1613831,0.0,0.0
2004-03-18 00:00:00-05:00,10.733420137297403,10.827065035468397,10.697746342328086,10.702205657958984,1366962,0.0,0.0
2004-03-19 00:00:00-05:00,10.751259120744722,10.804770186802998,10.630859039594107,10.68882942199707,1362584,0.0,0.0
2004-03-22 00:00:00-05:00,10.57734974444108,10.599646329897512,10.31871300353701,10.403438568115234,3988697,0.0,0.0
2004-03-23 00:00:00-05:00,10.572887450901785,10.617479879183012,10.43465085022219,10.479243278503418,3497621,0.0,0.0
2004-03-24 00:00:00-05:00,10.323170964627483,10.407896518076576,10.171556393673411,10.247364044189453,3394701,0.0,0.0
2004-03-25 00:00:00-05:00,10.376680021720743,10.590724252194661,10.37222070607938,10.528294563293457,2257183,0.0,0.0
2004-03-26 00:00:00-05:00,10.532755830623737,10.577348265222339,10.434652328491211,10.434652328491211,1199751,0.0,0.0
2004-03-29 00:00:00-05:00,10.635321680491328,10.746803163801166,10.621943727275378,10.63978099822998,1366705,0.0,0.0
2004-03-30 00:00:00-05:00,10.662071559110245,10.76909440158249,10.644235027096414,10.76463508605957,1169107,0.0,0.0
2004-03-31 00:00:00-05:00,10.613022495145048,10.67099288148587,10.497081722463406,10.657615661621094,1875549,0.0,0.0
2004-04-01 00:00:00-05:00,10.809229905717272,10.925169944763184,10.760178154176845,10.925169944763184,1731171,0.0,0.0
2004-04-02 00:00:00-05:00,10.844902954334747,11.005436147336162,10.818147787206827,10.938547134399414,3346976,0.0,0.0
2004-04-05 00:00:00-04:00,10.720048034307755,10.831529525697245,10.715589446324183,10.809233665466309,1499152,0.0,0.0
2004-04-06 00:00:00-04:00,10.760181896864324,10.831529525697245,10.728966670431438,10.809233665466309,1688767,0.0,0.0
2004-04-07 00:00:00-04:00,10.82706739141266,10.867200510745747,10.742341106067222,10.746800422668457,1196231,0.0,0.0
2004-04-08 00:00:00-04:00,10.86720029997148,10.889496152467187,10.791392649298835,10.813689231872559,956401,0.0,0.0
2004-04-12 00:00:00-04:00,10.880577894765205,10.951926231384277,10.809230288224171,10.951926231384277,1084728,0.0,0.0
2004-04-13 00:00:00-04:00,10.858280614327457,10.858280614327457,10.675450845180706,10.711125373840332,859319,0.0,0.0
2004-04-14 00:00:00-04:00,10.470326824304228,10.61748208725895,10.45694887401433,10.595186233520508,2081302,0.0,0.0
2004-04-15 00:00:00-04:00,10.572892325660737,10.577351643552673,10.425737025461599,10.483707427978516,1518294,0.0,0.0
2004-04-16 00:00:00-04:00,10.760182997438944,10.898419681260355,10.755723678920994,10.835989952087402,1749883,0.0,0.0
2004-04-19 00:00:00-04:00,11.081244321751589,11.201644412703127,11.054489151583496,11.152592658996582,1730055,0.0,0.0
2004-04-20 00:00:00-04:00,11.085702483853938,11.10799906507014,10.83598442462233,10.84936237335205,1505332,0.0,0.0
2004-04-21 00:00:00-04:00,10.746800204644542,11.03665139737634,10.724503622090705,10.925169944763184,1967138,0.0,0.0
2004-04-22 00:00:00-04:00,11.000978227042308,11.081244468688965,10.889496768027906,11.081244468688965,1597007,0.0,0.0
2004-04-23 00:00:00-04:00,10.911792725308894,10.983140329325146,10.81368922222804,10.925169944763184,1396748,0.0,0.0
2004-04-26 00:00:00-04:00,11.148133391234978,11.161511341416784,11.00543744619653,11.058948516845703,1305588,0.0,0.0
2004-04-27 00:00:00-04:00,11.232857759015646,11.397850270213006,11.197183959054422,11.317584037780762,2756156,0.0,0.0
2004-04-28 00:00:00-04:00,11.148132000708173,11.161509949221324,10.983139492613196,11.014354705810547,1796321,0.0,0.0
2004-04-29 00:00:00-04:00,11.027731924245739,11.139213368366073,10.983139492613196,11.014354705810547,2562936,0.0,0.0
2004-04-30 00:00:00-04:00,10.978683185594171,10.99206113777409,10.822609997141084,10.943009376525879,1809970,0.0,0.0
2004-05-03 00:00:00-04:00,11.036651838633073,11.18826641582683,11.036651838633073,11.067866325378418,2775470,0.0,0.0
2004-05-04 00:00:00-04:00,11.210565372091532,11.29529094696045,11.157054290574797,11.29529094696045,2177097,0.0,0.0
2004-05-05 00:00:00-04:00,11.518252082919519,11.549466571324933,11.451363059104395,11.48257827758789,2343535,0.0,0.0
2004-05-06 00:00:00-04:00,11.362177784483098,11.393392271799915,11.264074275683898,11.357718467712402,1559839,0.0,0.0
2004-05-07 00:00:00-04:00,11.058947394055226,11.206102640880596,11.04111012895713,11.143672943115234,2865513,0.0,0.0
2004-05-10 00:00:00-04:00,10.702207970691743,10.920711563512613,10.693289337502641,10.827067375183105,2641735,0.0,0.0
2004-05-11 00:00:00-04:00,10.858281551008847,10.885036719733638,10.724503517150879,10.724503517150879,2065594,0.0,0.0
2004-05-12 00:00:00-04:00,10.728964268731515,10.835986418102042,10.662075242855408,10.77355670928955,1611427,0.0,0.0
2004-05-13 00:00:00-04:00,10.590724227342266,10.760176031082793,10.590724227342266,10.702205657958984,1399666,0.0,0.0
2004-05-14 00:00:00-04:00,10.639777387631433,10.666532554905782,10.546133207054265,10.572888374328613,1001380,0.0,0.0
2004-05-17 00:00:00-04:00,10.52383833285542,10.679912235824638,10.519379015906749,10.5595121383667,1297090,0.0,0.0
2004-05-18 00:00:00-04:00,10.778013654921242,10.804769551415962,10.693288109510519,10.711125373840332,2011087,0.0,0.0
2004-05-19 00:00:00-04:00,10.978679554653704,11.058946511108648,10.947465073302176,10.95638370513916,1611685,0.0,0.0
2004-05-20 00:00:00-04:00,10.804768861167993,10.844901973268279,10.764635749067708,10.840442657470703,933826,0.0,0.0
2004-05-21 00:00:00-04:00,10.90733127027364,10.947464380923913,10.844901581441064,10.893953323364258,1046273,0.0,0.0
2004-05-24 00:00:00-04:00,10.951924389220668,10.969761652894636,10.844902267332687,10.95638370513916,2481476,0.0,0.0
2004-05-25 00:00:00-04:00,10.327629181556633,10.63531760721091,10.2874960673578,10.621939659118652,8295508,0.0,0.0
2004-05-26 00:00:00-04:00,10.479244798126379,10.501540650461221,10.278578476722751,10.452488899230957,5316431,0.0,0.0
2004-05-27 00:00:00-04:00,10.635318420346552,10.72004397125276,10.586266670335908,10.693288803100586,3892216,0.0,0.0
2004-05-28 00:00:00-04:00,10.63086003754885,10.644237987838748,10.537215845675668,10.595186233520508,2539760,0.0,0.0
2004-06-01 00:00:00-04:00,10.488161452599064,10.541672510217545,10.412353816773772,10.528294563293457,1481555,0.0,0.0
2004-06-02 00:00:00-04:00,10.606949780683994,10.624927917342758,10.494587898254395,10.494587898254395,1594775,0.21552,0.0
2004-06-03 00:00:00-04:00,10.382226519606624,10.449643058882428,10.314809244486998,10.328292846679688,1637350,0.0,0.0
2004-06-04 00:00:00-04:00,10.494584559555065,10.503573625024707,10.337278121367147,10.400200843811035,2742937,0.0,0.0
2004-06-07 00:00:00-04:00,10.47661036665436,10.562005043029785,10.422676693195188,10.562005043029785,3308091,0.0,0.0
2004-06-08 00:00:00-04:00,10.562003464994389,10.65189266204834,10.55301439812025,10.65189266204834,2524223,0.0,0.0
2004-06-09 00:00:00-04:00,10.62942123413086,10.696837767192402,10.588970431281428,10.62942123413086,2265080,0.0,0.0
2004-06-10 00:00:00-04:00,10.575487727197832,10.674365997314453,10.539531457450867,10.674365997314453,2129028,0.0,0.0
2004-06-14 00:00:00-04:00,10.481101906035407,10.490090972315253,10.431663513183594,10.431663513183594,2024563,0.0,0.0
2004-06-15 00:00:00-04:00,10.49458665800424,10.562003926663396,10.481103057103658,10.517059326171875,2212633,0.0,0.0
2004-06-16 00:00:00-04:00,10.557509393029868,10.593464926254333,10.44964205751272,10.517059326171875,2668259,0.0,0.0
2004-06-17 00:00:00-04:00,10.60694911331978,10.624927248847403,10.535037307053084,10.544026374816895,1716664,0.0,0.0
2004-06-18 00:00:00-04:00,10.454135308779916,10.512563503004866,10.41817977996597,10.427168846130371,1921387,0.0,0.0
2004-06-21 00:00:00-04:00,10.386720317827033,10.386720317827033,10.305820176358537,10.328292846679688,1740012,0.0,0.0
2004-06-22 00:00:00-04:00,10.063116546530237,10.157500267028809,10.009182886839104,10.157500267028809,4278570,0.0,0.0
2004-06-23 00:00:00-04:00,10.009183914835488,10.112556711873458,9.977722180875581,10.049633979797363,4061487,0.0,0.0
2004-06-24 00:00:00-04:00,10.040643769285166,10.090082895461432,9.93277645111084,9.93277645111084,3474273,0.0,0.0
2004-06-25 00:00:00-04:00,10.009184180782633,10.175479714315221,10.004689647240367,10.058623313903809,3001137,0.0,0.0
2004-06-28 00:00:00-04:00,10.229410922497685,10.238399987421833,10.112554550170898,10.112554550170898,1900271,0.0,0.0
2004-06-29 00:00:00-04:00,10.0181719642804,10.040644630763031,9.964238300565778,9.968732833862305,1577693,0.0,0.0
2004-06-30 00:00:00-04:00,9.94626004984354,9.973226511465304,9.829403665847412,9.93277645111084,4037023,0.0,0.0
2004-07-01 00:00:00-04:00,9.833900291305651,9.842889359040226,9.757494687249338,9.788955688476562,5609481,0.0,0.0
2004-07-02 00:00:00-04:00,9.820415212461995,9.90580987140734,9.7979432823497,9.842887878417969,3560282,0.0,0.0
2004-07-06 00:00:00-04:00,9.824910984258299,9.842889119289543,9.73052724703181,9.820416450500488,1707995,0.0,0.0
2004-07-07 00:00:00-04:00,9.959745273695537,10.036150873960574,9.941767139118468,9.95525074005127,1611427,0.0,0.0
2004-07-08 00:00:00-04:00,10.004689100234517,10.036150097466505,9.950755436519895,9.968732833862305,3025085,0.0,0.0
2004-07-09 00:00:00-04:00,10.022665637641568,10.027160170552468,9.865359193290978,9.93277645111084,2607915,0.0,0.0
2004-07-12 00:00:00-04:00,9.93277822511988,9.94176729254714,9.838394488821177,9.92828369140625,2582679,0.0,0.0
2004-07-13 00:00:00-04:00,9.833900051773922,9.838394585531733,9.779966382523961,9.820416450500488,2287140,0.0,0.0
2004-07-14 00:00:00-04:00,9.977721214294434,10.085588534305716,9.959743818188317,9.977721214294434,2890406,0.0,0.0
2004-07-15 00:00:00-04:00,10.1125596105064,10.144020617640475,9.991208644993387,10.090086936950684,4578572,0.0,0.0
2004-07-16 00:00:00-04:00,10.15750049768956,10.170984096879444,9.968732316562146,10.022665977478027,2161474,0.0,0.0
2004-07-19 00:00:00-04:00,9.955248441911904,9.99569849952878,9.901314786474874,9.910303115844727,961552,0.0,0.0
2004-07-20 00:00:00-04:00,9.811424017908617,9.887830329742155,9.779963028238054,9.874346733093262,1596148,0.0,0.0
2004-07-21 00:00:00-04:00,9.9372702915071,9.955248421897826,9.708052808243227,9.752997398376465,1886880,0.0,0.0
2004-07-22 00:00:00-04:00,9.730525187745618,9.833897970610785,9.708053259556104,9.775469779968262,2668430,0.0,0.0
2004-07-23 00:00:00-04:00,9.699065584326972,9.717042982286964,9.55074818797751,9.5687255859375,2430403,0.0,0.0
2004-07-26 00:00:00-04:00,9.559735788345327,9.591196781831753,9.361978554373072,9.433890342712402,2354179,0.0,0.0
2004-07-27 00:00:00-04:00,9.613669261068699,9.654119319301405,9.550746539460274,9.609174728393555,3034785,0.0,0.0
2004-07-28 00:00:00-04:00,9.712550006882529,9.75300081442983,9.636144397647527,9.739517211914062,3305688,0.0,0.0
2004-07-29 00:00:00-04:00,9.75300015338205,9.883339428002026,9.735022017912899,9.788955688476562,3599338,0.0,0.0
2004-07-30 00:00:00-04:00,9.7530013930872,9.856373477643087,9.708056784545196,9.766484260559082,1503272,0.0,0.0
2004-08-02 00:00:00-04:00,9.703561412213094,9.860867160604958,9.699066878162606,9.80243968963623,1715720,0.0,0.0
2004-08-03 00:00:00-04:00,9.802437309320734,9.847381903067964,9.676591858153579,9.708053588867188,2913239,0.0,0.0
2004-08-04 00:00:00-04:00,9.72603203341635,9.842888431263535,9.712548433085432,9.829404830932617,2977703,0.0,0.0
2004-08-05 00:00:00-04:00,9.887834364907896,9.896823433008876,9.775472485333292,9.80243968963623,1792888,0.0,0.0
2004-08-06 00:00:00-04:00,9.730528698857121,9.766484238440515,9.658617619690329,9.726034164428711,6351117,0.0,0.0
2004-08-09 00:00:00-04:00,9.640637797995803,9.748505133748116,9.613671331979601,9.654121398925781,1883275,0.0,0.0
2004-08-10 00:00:00-04:00,9.721535670192692,9.81591938305685,9.708052808243227,9.752997398376465,1495289,0.0,0.0
2004-08-11 00:00:00-04:00,9.685580558995072,9.748503282206917,9.649625032521282,9.73501968383789,1480869,0.0,0.0
2004-08-12 00:00:00-04:00,9.7080556510537,9.770977654159537,9.663111047759331,9.6810884475708,1072196,0.0,0.0
2004-08-13 00:00:00-04:00,9.847383404276364,9.959745273695537,9.847383404276364,9.95525074005127,1905593,0.0,0.0
2004-08-16 00:00:00-04:00,9.95524922714797,10.193455794875018,9.95075469418674,10.157500267028809,1904391,0.0,0.0
2004-08-17 00:00:00-04:00,10.27885381336506,10.341775819222747,10.188963867001252,10.220425605773926,1631943,0.0,0.0
2004-08-18 00:00:00-04:00,10.179975977547846,10.337281734880154,10.179975977547846,10.314809799194336,926444,0.0,0.0
2004-08-19 00:00:00-04:00,10.296830842831321,10.382226252006816,10.278853442881587,10.319303512573242,816057,0.0,0.0
2004-08-20 00:00:00-04:00,10.224918815273412,10.274357948239075,10.153007014667113,10.247390747070312,1045930,0.0,0.0
2004-08-23 00:00:00-04:00,10.323798202040857,10.382226408406218,10.292336463928223,10.292336463928223,767044,0.0,0.0
2004-08-24 00:00:00-04:00,10.301323438764653,10.3148070380731,10.188961582881586,10.278851509094238,1637007,0.0,0.0
2004-08-25 00:00:00-04:00,10.206940209284161,10.445146796043703,10.206940209284161,10.41368579864502,4158999,0.0,0.0
2004-08-26 00:00:00-04:00,10.350762519576616,10.436157176451111,10.332785123091472,10.427168846130371,1551427,0.0,0.0
2004-08-27 00:00:00-04:00,10.418180465698242,10.458630530256842,10.3462686674934,10.418180465698242,2342849,0.0,0.0
2004-08-30 00:00:00-04:00,10.373238722582435,10.413688798273308,10.319305043046635,10.346271514892578,1447993,0.0,0.0
2004-08-31 00:00:00-04:00,10.251886393627222,10.341775602261404,10.247391859611133,10.292336463928223,3160451,0.0,0.0
2004-09-01 00:00:00-04:00,10.247391859611133,10.314809134008675,10.202447255294041,10.292336463928223,1545247,0.0,0.0
2004-09-02 00:00:00-04:00,10.314807669690868,10.418180465698242,10.314807669690868,10.418180465698242,1065501,0.0,0.0
2004-09-03 00:00:00-04:00,10.22941334880154,10.274357948239075,10.188962547048396,10.247390747070312,1985507,0.0,0.0
2004-09-07 00:00:00-04:00,10.38222599029541,10.400203389791976,10.337280651944535,10.38222599029541,1750999,0.0,0.0
2004-09-08 00:00:00-04:00,10.413686524288254,10.566498460296922,10.413686524288254,10.517059326171875,1701986,0.0,0.0
2004-09-09 00:00:00-04:00,10.615937786630552,10.642904253076209,10.49009231430078,10.60245418548584,1237519,0.0,0.0
2004-09-10 00:00:00-04:00,10.750774647665404,10.759763717651367,10.696840963593598,10.759763717651367,1266103,0.0,0.0
2004-09-13 00:00:00-04:00,10.80021110551455,10.849650238905575,10.741782904989932,10.77324390411377,1530740,0.0,0.0
2004-09-14 00:00:00-04:00,10.530542986624104,10.55301565648915,10.427170912776312,10.472115516662598,3068090,0.0,0.0
2004-09-15 00:00:00-04:00,10.476610072824583,10.494587472910888,10.413687332912993,10.440653800964355,1636664,0.0,0.0
2004-09-16 00:00:00-04:00,10.499081904388795,10.597960179351437,10.485598302572853,10.548521041870117,1292713,0.0,0.0
2004-09-17 00:00:00-04:00,10.530539472920294,10.575484797653571,10.463122957507501,10.490089416503906,1890313,0.0,0.0
2004-09-20 00:00:00-04:00,10.386719788286713,10.445147992299068,10.341775185779623,10.38222599029541,1134858,0.0,0.0
2004-09-21 00:00:00-04:00,10.47660892108197,10.61144271820349,10.463125320616701,10.58447551727295,1846021,0.0,0.0
2004-09-22 00:00:00-04:00,10.683355588341938,10.69683845431408,10.539531973992823,10.548521041870117,1473229,0.0,0.0
2004-09-23 00:00:00-04:00,10.741781752295719,10.755264615705531,10.65638635953405,10.687848091125488,1531856,0.0,0.0
2004-09-24 00:00:00-04:00,10.678860100162003,10.74178283383662,10.544025565738723,10.620431900024414,1048591,0.0,0.0
2004-09-27 00:00:00-04:00,10.481105222008084,10.584478045243678,10.46312781960444,10.526050567626953,1328936,0.0,0.0
2004-09-28 00:00:00-04:00,10.701332885888633,10.728300089262563,10.606949145767471,10.656388282775879,1282155,0.0,0.0
2004-09-29 00:00:00-04:00,10.746274224289834,10.764252354410708,10.55301226886472,10.714813232421875,1602243,0.0,0.0
2004-09-30 00:00:00-04:00,10.750773820407277,10.8811138534863,10.746279285760144,10.836169242858887,1639067,0.0,0.0
2004-10-01 00:00:00-04:00,11.011450049644724,11.078867314521554,10.962010918293371,10.979989051818848,2464395,0.0,0.0
2004-10-04 00:00:00-04:00,11.03841724993294,11.056395383458417,10.953022587374342,10.979989051818848,2252462,0.0,0.0
2004-10-05 00:00:00-04:00,11.047407121674226,11.065384520665932,10.988978919302715,11.006957054138184,1008591,0.0,0.0
2004-10-06 00:00:00-04:00,11.006956398690932,11.056395530700684,10.935044599475054,11.056395530700684,1526792,0.0,0.0
2004-10-07 00:00:00-04:00,11.051900211714234,11.164261332227309,11.038416612348945,11.101339340209961,1145845,0.0,0.0
2004-10-08 00:00:00-04:00,11.114824535629234,11.168758208562044,11.060890862696423,11.08336353302002,2026452,0.0,0.0
2004-10-11 00:00:00-04:00,11.078866117762756,11.078866117762756,10.993471464428639,11.011448860168457,940264,0.0,0.0
2004-10-12 00:00:00-04:00,10.845158305510097,10.953025665287381,10.813696562999437,10.9080810546875,1164214,0.0,0.0
2004-10-13 00:00:00-04:00,10.993473712536913,11.029429247212898,10.926056441156131,10.944034576416016,1756064,0.0,0.0
2004-10-14 00:00:00-04:00,10.94403606374021,10.94403606374021,10.858640645494079,10.89010238647461,1543530,0.0,0.0
2004-10-15 00:00:00-04:00,11.074373304499545,11.186735172656423,11.056395905968191,11.1552734375,2064564,0.0,0.0
2004-10-18 00:00:00-04:00,11.20920275915747,11.254147341827194,11.168752708339063,11.2406644821167,1327048,0.0,0.0
2004-10-19 00:00:00-04:00,11.39797644770618,11.433931984207302,11.25864736405717,11.272130966186523,1549710,0.0,0.0
2004-10-20 00:00:00-04:00,11.308087878790614,11.362022293871407,11.249660400807569,11.326066017150879,1112626,0.0,0.0
2004-10-21 00:00:00-04:00,11.37550039707045,11.415951191437879,11.2901057473153,11.39797306060791,1357263,0.0,0.0
2004-10-22 00:00:00-04:00,11.460899188466007,11.483371122837777,11.204713691383578,11.272130966186523,1767137,0.0,0.0
2004-10-25 00:00:00-04:00,11.290103912353516,11.326059432326062,11.222686668541947,11.290103912353516,1105930,0.0,0.0
2004-10-26 00:00:00-04:00,11.290107073865533,11.344040736848866,11.25864534121644,11.339546203613281,1408250,0.0,0.0
2004-10-27 00:00:00-04:00,11.38000038689909,11.532812364701883,11.335055774115204,11.501351356506348,2234779,0.0,0.0
2004-10-28 00:00:00-04:00,11.46539674927993,11.541802376495752,11.424945932213188,11.460902214050293,1654089,0.0,0.0
2004-10-29 00:00:00-04:00,11.64067524309346,11.69910343794591,11.550786052171386,11.591236114501953,1743274,0.0,0.0
2004-11-01 00:00:00-05:00,11.582248137208982,11.582248137208982,11.460897210673815,11.492358207702637,1612972,0.0,0.0
2004-11-02 00:00:00-05:00,11.61820262639306,11.676630817791118,11.577752566453984,11.600224494934082,2318213,0.0,0.0
2004-11-03 00:00:00-05:00,11.833939125403294,11.869895396223288,11.735060852335884,11.78000545501709,1254343,0.0,0.0
2004-11-04 00:00:00-05:00,11.730564865778126,11.910343990083009,11.694609335254627,11.90584945678711,1266361,0.0,0.0
2004-11-05 00:00:00-05:00,11.9013554763111,11.977761810046777,11.833938209584764,11.892366409301758,1157004,0.0,0.0
2004-11-08 00:00:00-05:00,11.69460842013644,11.735058480790567,11.61820283177238,11.685619354248047,1815120,0.0,0.0
2004-11-09 00:00:00-05:00,11.676632806346625,11.797983006830055,11.67213827271645,11.75303840637207,1160781,0.0,0.0
2004-11-10 00:00:00-05:00,11.618204207663197,11.618204207663197,11.43842507613584,11.510336875915527,2254951,0.0,0.0
2004-11-11 00:00:00-05:00,11.595731259729646,11.79798231790226,11.573259328734748,11.7620267868042,1272455,0.0,0.0
2004-11-12 00:00:00-05:00,11.81146883065511,11.93731358845287,11.793490692750908,11.914841651916504,1416662,0.0,0.0
2004-11-15 00:00:00-05:00,11.905851124525102,11.964279329712554,11.85641198718861,11.937312126159668,1432971,0.0,0.0
2004-11-16 00:00:00-05:00,11.910345872223067,11.959785010446915,11.735061253514619,11.865401268005371,1578637,0.0,0.0
2004-11-17 00:00:00-05:00,12.031694513240517,12.153044700622559,11.964277251910268,12.153044700622559,3542428,0.0,0.0
2004-11-18 00:00:00-05:00,12.269904004095157,12.37777061765449,12.238443000454165,12.337321281433105,2646113,0.0,0.0
2004-11-19 00:00:00-05:00,12.328329098989984,12.359790830527887,12.126078053906678,12.139561653137207,1795120,0.0,0.0
2004-11-22 00:00:00-05:00,12.117088922870948,12.233945310555836,12.094616257607063,12.215967178344727,1439752,0.0,0.0
2004-11-23 00:00:00-05:00,12.263329818917867,12.267883663804088,12.126716708993742,12.18591594696045,2053920,0.41241,0.0
2004-11-24 00:00:00-05:00,12.322525929218841,12.372617464699024,12.245112076910369,12.327079772949219,1712544,0.0,0.0
2004-11-26 00:00:00-05:00,12.422710116656418,12.463694713913272,12.33163472497151,12.381726264953613,633996,0.0,0.0
2004-11-29 00:00:00-05:00,12.5137867610884,12.545662180249787,12.409049832739477,12.47280216217041,1756064,0.0,0.0
2004-11-30 00:00:00-05:00,12.459142387885537,12.518341623360206,12.358959295714298,12.418158531188965,2131688,0.0,0.0
2004-12-01 00:00:00-05:00,12.686832557464294,12.864429541608436,12.64129559565967,12.809784889221191,2673581,0.0,0.0
2004-12-02 00:00:00-05:00,12.864427417492639,12.960056661711809,12.832551996825071,12.87808895111084,1412456,0.0,0.0
2004-12-03 00:00:00-05:00,12.93273589278033,12.960057470613776,12.855322021886975,12.891751289367676,1354001,0.0,0.0
2004-12-06 00:00:00-05:00,12.914520513485817,12.941843582427587,12.855322021886975,12.891751289367676,2061044,0.0,0.0
2004-12-07 00:00:00-05:00,12.978272361646445,12.996487740255668,12.750584602355957,12.750584602355957,957088,0.0,0.0
2004-12-08 00:00:00-05:00,12.768798628760981,12.823444765183114,12.727815517552667,12.78701400756836,806873,0.0,0.0
2004-12-09 00:00:00-05:00,12.46369477084512,12.613969391477859,12.390834009831948,12.56387710571289,1762072,0.0,0.0
2004-12-10 00:00:00-05:00,12.24966707033706,12.427264010274314,12.24511322617928,12.377172470092773,1875206,0.0,0.0
2004-12-13 00:00:00-05:00,12.568434361520861,12.677725159930109,12.522897398663641,12.600311279296875,2501391,0.0,0.0
2004-12-14 00:00:00-05:00,12.181360063059563,12.45458698272705,12.149483154191827,12.45458698272705,4579602,0.0,0.0
2004-12-15 00:00:00-05:00,12.536558638251284,12.586649445319981,12.463697859184178,12.54111099243164,1929284,0.0,0.0
2004-12-16 00:00:00-05:00,12.4728020654562,12.495571286900752,12.272435898960435,12.36351203918457,2166624,0.0,0.0
2004-12-17 00:00:00-05:00,12.31341884194452,12.349849593563274,12.258773460070406,12.290650367736816,2051087,0.0,0.0
2004-12-20 00:00:00-05:00,12.304315921075627,12.331638248165568,12.23600898501938,12.272439002990723,2119242,0.0,0.0
2004-12-21 00:00:00-05:00,12.231454798790182,12.254223279805053,12.122164002366913,12.236008644104004,2067482,0.0,0.0
2004-12-22 00:00:00-05:00,12.172254197184309,12.336190373528554,12.172254197184309,12.322528839111328,1695291,0.0,0.0
2004-12-23 00:00:00-05:00,12.286096523784472,12.34529574961093,12.240558829815049,12.290650367736816,1365846,0.0,0.0
2004-12-27 00:00:00-05:00,12.185916476037788,12.39994421276597,12.185916476037788,12.340744972229004,947818,0.0,0.0
2004-12-28 00:00:00-05:00,12.322524897181374,12.436369489798151,12.304310269339355,12.40449333190918,808074,0.0,0.0
2004-12-29 00:00:00-05:00,12.272437536004585,12.477357574123939,12.249669057076975,12.368066787719727,1421383,0.0,0.0
2004-12-30 00:00:00-05:00,12.399944698164651,12.477358576513542,12.399944698164651,12.4318208694458,723610,0.0,0.0
2004-12-31 00:00:00-05:00,12.454586835099619,12.522893750595342,12.386279919603894,12.46824836730957,635798,0.0,0.0
2005-01-03 00:00:00-05:00,12.500123697226053,12.53655444735815,12.308865241248505,12.317972183227539,1025243,0.0,0.0
2005-01-04 00:00:00-05:00,12.399943006730165,12.431819173663193,12.067516821260288,12.226899147033691,2158212,0.0,0.0
2005-01-05 00:00:00-05:00,12.254224184034406,12.354408042776756,12.217794164389922,12.24056339263916,1592457,0.0,0.0
2005-01-06 00:00:00-05:00,12.199576278159743,12.263329358619728,12.158592421276232,12.208683967590332,1491427,0.0,0.0
2005-01-07 00:00:00-05:00,12.454586877091485,12.459140721176823,12.340742266066119,12.395387649536133,1269966,0.0,0.0
2005-01-10 00:00:00-05:00,12.331639137131539,12.43182225294045,12.313423754055622,12.345300674438477,1178206,0.0,0.0
2005-01-11 00:00:00-05:00,12.272439002990723,12.286100539312825,12.181363585285235,12.272439002990723,1404902,0.0,0.0
2005-01-12 00:00:00-05:00,12.249669080119274,12.258776024374944,12.12671675879471,12.18136215209961,2244822,0.0,0.0
2005-01-13 00:00:00-05:00,12.090284750043509,12.099392438912089,11.91724164375688,11.935456275939941,2074263,0.0,0.0
2005-01-14 00:00:00-05:00,11.899026523024883,11.949118067329895,11.812504968012803,11.930903434753418,1254086,0.0,0.0
2005-01-18 00:00:00-05:00,11.73964689435442,11.817060773145146,11.694108441472537,11.789737701416016,2453407,0.0,0.0
2005-01-19 00:00:00-05:00,11.926347561661508,11.94911603489793,11.789733740027023,11.80339527130127,2043190,0.0,0.0
2005-01-20 00:00:00-05:00,11.82616865435472,11.871706362416415,11.762415564846647,11.839829444885254,2201818,0.0,0.0
2005-01-21 00:00:00-05:00,11.794286938330908,11.889916160909248,11.785179996867118,11.844378471374512,959577,0.0,0.0
2005-01-24 00:00:00-05:00,11.91724180095197,11.930903334435044,11.85348872358507,11.8717041015625,1778725,0.0,0.0
2005-01-25 00:00:00-05:00,11.90358291332553,11.958228313849968,11.867152894827331,11.94001293182373,1522586,0.0,0.0
2005-01-26 00:00:00-05:00,12.149484186746156,12.167699564790084,12.035639565079828,12.122161865234375,4628358,0.0,0.0
2005-01-27 00:00:00-05:00,11.985547771632223,12.03108547024044,11.930903129745642,12.008316993713379,3836164,0.0,0.0
2005-01-28 00:00:00-05:00,11.903581123513568,11.940011136534183,11.771521860342489,11.880812644958496,2467399,0.0,0.0
2005-01-31 00:00:00-05:00,11.930904956552052,11.958227281678813,11.794291094255613,11.830721855163574,3378221,0.0,0.0
2005-02-01 00:00:00-05:00,11.694103663605462,11.826163631898625,11.657673661738421,11.794286727905273,1794948,0.0,0.0
2005-02-02 00:00:00-05:00,11.703213941515637,11.776074706934796,11.680445464890592,11.748751640319824,1674604,0.0,0.0
2005-02-03 00:00:00-05:00,11.839827239621236,11.899026472741376,11.817058762608328,11.86715030670166,1362413,0.0,0.0
2005-02-04 00:00:00-05:00,11.95822529974205,12.008316842134198,11.921795290426147,11.9536714553833,1062668,0.0,0.0
2005-02-07 00:00:00-05:00,11.88080881208566,11.917238813353574,11.776071906080718,11.812501907348633,2078040,0.0,0.0
2005-02-08 00:00:00-05:00,11.776077897864583,11.858045628811862,11.766970206525041,11.85349178314209,2471862,0.0,0.0
2005-02-09 00:00:00-05:00,11.944564172321305,11.94911801683471,11.839827239621236,11.86715030670166,2026623,0.0,0.0
2005-02-10 00:00:00-05:00,11.894472421585428,11.976440875848551,11.862596256099495,11.935456275939941,2099328,0.0,0.0
2005-02-11 00:00:00-05:00,11.894471381073886,12.021977522971754,11.876256750484215,12.012869834899902,1113055,0.0,0.0
2005-02-14 00:00:00-05:00,12.062960831574259,12.176805436247632,12.053853143911748,12.113052368164062,1073312,0.0,0.0
2005-02-15 00:00:00-05:00,12.113055224079943,12.226899855594661,12.113055224079943,12.18136215209961,1491427,0.0,0.0
2005-02-16 00:00:00-05:00,12.20412957532383,12.222344953367758,12.035639565079828,12.122161865234375,1494431,0.0,0.0
2005-02-17 00:00:00-05:00,12.21323595342524,12.245112861580573,12.158590570712988,12.20412826538086,1299322,0.0,0.0
2005-02-18 00:00:00-05:00,12.204130631070047,12.222346010689739,12.131270603699635,12.18136215209961,766958,0.0,0.0
2005-02-22 00:00:00-05:00,12.053854941510657,12.067516475041776,11.935456475349193,11.98554801940918,2061817,0.0,0.0
2005-02-23 00:00:00-05:00,12.026528911032827,12.067512753432691,11.921792010703236,12.044743537902832,1463529,0.0,0.0
2005-02-24 00:00:00-05:00,12.085731764364846,12.113054832912036,11.971887882080674,12.081178665161133,2257955,0.0,0.0
2005-02-25 00:00:00-05:00,12.067513562982601,12.10849740813187,12.021975874421864,12.058405876159668,2585855,0.0,0.0
2005-02-28 00:00:00-05:00,12.053856261228018,12.076625486272773,11.903581612595227,11.971888542175293,1942331,0.0,0.0
2005-03-01 00:00:00-05:00,12.090283655934163,12.222343641469621,12.090283655934163,12.20412826538086,1579668,0.0,0.0
2005-03-02 00:00:00-05:00,12.190469334283296,12.263329358619728,12.176807800137412,12.208683967590332,1771772,0.0,0.0
2005-03-03 00:00:00-05:00,12.240562691605858,12.276992709163947,12.195024983269684,12.217793464660645,1792115,0.0,0.0
2005-03-04 00:00:00-05:00,12.29520561515391,12.431818712656199,12.286097926209601,12.38628101348877,1278979,0.0,0.0
2005-03-07 00:00:00-05:00,12.358954247456163,12.48645961015833,12.354400404621746,12.427260398864746,952625,0.0,0.0
2005-03-08 00:00:00-05:00,12.504678067105576,12.522893442938006,12.477355003356934,12.477355003356934,1365074,0.0,0.0
2005-03-09 00:00:00-05:00,12.418160157752931,12.436374793362686,12.272438599549451,12.308869361877441,2397527,0.0,0.0
2005-03-10 00:00:00-05:00,12.231453700499584,12.272437559089713,12.144931392860228,12.18136215209961,5901671,0.0,0.0
2005-03-11 00:00:00-05:00,12.23600784089185,12.272437855456804,12.204130925787595,12.222346305847168,1434774,0.0,0.0
2005-03-14 00:00:00-05:00,12.035641860077966,12.117610331351566,12.01742722411492,12.085733413696289,3490239,0.0,0.0
2005-03-15 00:00:00-05:00,12.204128913624698,12.231451979209153,12.09483814239502,12.09483814239502,1983018,0.0,0.0
2005-03-16 00:00:00-05:00,12.213238572224894,12.245115487215372,12.126717008359124,12.15859317779541,1659153,0.0,0.0
2005-03-17 00:00:00-05:00,12.158599056860492,12.20413678331162,12.1221690248105,12.144937515258789,1192540,0.0,0.0
2005-03-18 00:00:00-05:00,12.144929935361839,12.163145312795525,12.07662376109369,12.140376091003418,1441898,0.0,0.0
2005-03-21 00:00:00-05:00,12.135822296142578,12.154036926977469,12.04930000384919,12.135822296142578,1122669,0.0,0.0
2005-03-22 00:00:00-05:00,12.126716521399413,12.172254224003007,11.976441879141298,11.999210357666016,1049449,0.0,0.0
2005-03-23 00:00:00-05:00,11.976440528570308,12.040192857693558,11.944563618454604,11.96733283996582,2829462,0.0,0.0
2005-03-24 00:00:00-05:00,12.208684727226254,12.286099346648937,12.15859317779541,12.15859317779541,2405424,0.0,0.0
2005-03-28 00:00:00-05:00,12.176808307194687,12.28609909380448,12.176808307194687,12.18136215209961,1127476,0.0,0.0
2005-03-29 00:00:00-05:00,12.076626346462312,12.135825590241101,11.971889394904668,11.980997085571289,1086359,0.0,0.0
2005-03-30 00:00:00-05:00,12.085731356521451,12.181361347655349,12.081178257471386,12.167699813842773,1248163,0.0,0.0
2005-03-31 00:00:00-05:00,12.199575069360622,12.199575069360622,12.053854289572408,12.09483814239502,1222498,0.0,0.0
2005-04-01 00:00:00-05:00,12.249668891334036,12.254221990614614,11.994656562805176,11.994656562805176,1480869,0.0,0.0
2005-04-04 00:00:00-04:00,11.976437382421016,12.044743537902832,11.949114323785187,12.044743537902832,1602586,0.0,0.0
2005-04-05 00:00:00-04:00,12.122164126079209,12.149486452686741,12.058411036589298,12.090287208557129,1505590,0.0,0.0
2005-04-06 00:00:00-04:00,12.072069767809262,12.072069767809262,11.949117462756847,11.96733283996582,1650913,0.0,0.0
2005-04-07 00:00:00-04:00,12.122162963709291,12.240561440615524,12.103947584014739,12.17680835723877,2241560,0.0,0.0
2005-04-08 00:00:00-04:00,12.099394899277723,12.149486452686741,12.044749500508408,12.090287208557129,865757,0.0,0.0
2005-04-11 00:00:00-04:00,12.18591428663643,12.208682762411172,12.135822745267111,12.163145065307617,927217,0.0,0.0
2005-04-12 00:00:00-04:00,12.085729657110736,12.154036571014643,11.980993482603974,12.149482727050781,2000700,0.0,0.0
2005-04-13 00:00:00-04:00,12.158593839385803,12.190470756110813,12.094840751490018,12.117609977722168,862839,0.0,0.0
2005-04-14 00:00:00-04:00,12.09939239092981,12.113053924178502,11.990101616048456,12.008316993713379,808074,0.0,0.0
2005-04-15 00:00:00-04:00,11.953672523403295,11.98099559199701,11.766967870229523,11.826167106628418,1551341,0.0,0.0
2005-04-18 00:00:00-04:00,11.921797150164046,11.95822716516284,11.876259445027005,11.889920234680176,876916,0.0,0.0
2005-04-19 00:00:00-04:00,12.012871892113342,12.017425736929118,11.944564965430867,11.999210357666016,1560612,0.0,0.0
2005-04-20 00:00:00-04:00,11.940010989106437,11.949118678637674,11.803397882800322,11.826167106628418,1010565,0.0,0.0
2005-04-21 00:00:00-04:00,11.935457275799317,12.031086525822284,11.917242642090375,11.999210357666016,2314265,0.0,0.0
2005-04-22 00:00:00-04:00,12.035638959424746,12.035638959424746,11.867149703213542,11.903579711914062,2105851,0.0,0.0
2005-04-25 00:00:00-04:00,11.9764404296875,12.008316593985942,11.921795044065833,11.9764404296875,1466791,0.0,0.0
2005-04-26 00:00:00-04:00,11.858043126658565,11.867150816076302,11.744198500045126,11.77152156829834,1796751,0.0,0.0
2005-04-27 00:00:00-04:00,11.771518062727987,11.830717280759552,11.73053421810734,11.812501907348633,1137519,0.0,0.0
2005-04-28 00:00:00-04:00,11.757859886278434,11.830720655149735,11.703214496013493,11.716876029968262,1012968,0.0,0.0
2005-04-29 00:00:00-04:00,11.899025867632238,11.903579711914062,11.771520464403379,11.903579711914062,1752029,0.0,0.0
2005-05-02 00:00:00-04:00,11.817059563006797,11.903581123513568,11.817059563006797,11.880812644958496,1215974,0.0,0.0
2005-05-03 00:00:00-04:00,11.83071969451302,11.926348933323183,11.817058161667548,11.903579711914062,1258549,0.0,0.0
2005-05-04 00:00:00-04:00,11.967334472968131,12.17680835723877,11.967334472968131,12.17680835723877,1369366,0.0,0.0
2005-05-05 00:00:00-04:00,12.081179526161632,12.09939416093706,11.990103370067674,12.021980285644531,984127,0.0,0.0
2005-05-06 00:00:00-04:00,11.958225151361333,12.01742438173642,11.949117462756847,11.96733283996582,2462678,0.0,0.0
2005-05-09 00:00:00-04:00,11.812504170425807,11.92634878494692,11.785181850628852,11.917241096496582,1578552,0.0,0.0
2005-05-10 00:00:00-04:00,11.748752195672182,11.867150665492114,11.744198351021097,11.78518295288086,1096746,0.0,0.0
2005-05-11 00:00:00-04:00,11.908136367797852,11.92635174922594,11.817060951765912,11.908136367797852,1406018,0.0,0.0
2005-05-12 00:00:00-04:00,11.821612964535403,11.889919143193403,11.771521418927605,11.78518295288086,1502929,0.0,0.0
2005-05-13 00:00:00-04:00,11.753306040323267,11.830720653837572,11.72142987331981,11.78518295288086,1720699,0.0,0.0
2005-05-16 00:00:00-04:00,11.671336125080392,11.703212286068135,11.603029213759239,11.67588996887207,2626713,0.0,0.0
2005-05-17 00:00:00-04:00,11.680443263312583,11.716873266378636,11.634904827537568,11.707765579223633,1987138,0.0,0.0
2005-05-18 00:00:00-04:00,11.634904827537568,11.744195582289686,11.580259450161508,11.707765579223633,1968941,0.0,0.0
2005-05-19 00:00:00-04:00,11.753308669515729,11.876261011490945,11.753308669515729,11.85349178314209,3275044,0.0,0.0
2005-05-20 00:00:00-04:00,12.008315752318824,12.154036521911621,12.00376190837336,12.154036521911621,2576756,0.0,0.0
2005-05-23 00:00:00-04:00,12.103948621111622,12.258777125118877,12.08573323985633,12.236008644104004,2684568,0.0,0.0
2005-05-24 00:00:00-04:00,11.68954976511441,11.721426668957607,11.539275169372559,11.539275169372559,8319199,0.0,0.0
2005-05-25 00:00:00-04:00,11.566600544872037,11.603030553858964,11.38900285314687,11.45275592803955,7312411,0.0,0.0
2005-05-26 00:00:00-04:00,11.530173352560466,11.557496426907644,11.480081795144953,11.525619506835938,4220973,0.0,0.0
2005-05-27 00:00:00-04:00,11.498296176282198,11.562049265316968,11.470973104315476,11.530172348022461,2939076,0.0,0.0
2005-05-31 00:00:00-04:00,11.552938652738588,11.589368660592907,11.45275557197367,11.466416358947754,3714789,0.0,0.0
2005-06-01 00:00:00-04:00,11.496487706247905,11.797201156616211,11.422466516492623,11.797201156616211,8512162,0.46017,0.0
2005-06-02 00:00:00-04:00,11.450223200245706,11.510365884683157,11.422465446047763,11.473355293273926,3035472,0.0,0.0
2005-06-03 00:00:00-04:00,11.473354916979703,11.491859833359449,11.394706560699126,11.454849243164062,1755720,0.0,0.0
2005-06-06 00:00:00-04:00,11.450222266782164,11.450222266782164,11.399332423704726,11.417838096618652,2342162,0.0,0.0
2005-06-07 00:00:00-04:00,11.649157897053469,11.7093005904046,11.644531477762149,11.66766357421875,2771006,0.0,0.0
2005-06-08 00:00:00-04:00,11.593643090322656,11.593643090322656,11.464105606079102,11.464105606079102,2793324,0.0,0.0
2005-06-09 00:00:00-04:00,11.496488167674976,11.533498764038086,11.45022473286208,11.533498764038086,1021295,0.0,0.0
2005-06-10 00:00:00-04:00,11.505739366076167,11.524245040337902,11.334564151462862,11.366949081420898,1433315,0.0,0.0
2005-06-13 00:00:00-04:00,11.269796806060706,11.28367530555213,11.209654116811265,11.2559175491333,1829025,0.0,0.0
2005-06-14 00:00:00-04:00,11.334565971133728,11.357698067674564,11.269797615691461,11.339192390441895,1680612,0.0,0.0
2005-06-15 00:00:00-04:00,11.473356569350313,11.4918614883951,11.403961039983347,11.487235069274902,1587908,0.0,0.0
2005-06-16 00:00:00-04:00,11.561257017762069,11.561257017762069,11.440971635508927,11.487235069274902,1291425,0.0,0.0
2005-06-17 00:00:00-04:00,11.584386645438427,11.621397992935114,11.510365465316838,11.565881729125977,2432377,0.0,0.0
2005-06-20 00:00:00-04:00,11.50573782684893,11.552001248878273,11.450221568926555,11.519617080688477,1420954,0.0,0.0
2005-06-21 00:00:00-04:00,11.510368747451759,11.556632187578556,11.482610228914014,11.552005767822266,1275459,0.0,0.0
2005-06-22 00:00:00-04:00,11.552005767822266,11.561258607334848,11.491863068426595,11.552005767822266,2068855,0.0,0.0
2005-06-23 00:00:00-04:00,11.440975480815874,11.48261250945584,11.297558712195434,11.329943656921387,1603101,0.0,0.0
2005-06-24 00:00:00-04:00,11.371574708629563,11.380827545116519,11.279047858631733,11.306805610656738,1528079,0.0,0.0
2005-06-27 00:00:00-04:00,11.31605888043319,11.334563796679788,11.246663361559747,11.292926788330078,1949970,0.0,0.0
2005-06-28 00:00:00-04:00,11.251289349170866,11.325311283630649,11.232784433632819,11.306805610656738,1482328,0.0,0.0
2005-06-29 00:00:00-04:00,11.431718681329555,11.487234952772889,11.376203167322219,11.436345100402832,2383192,0.0,0.0
2005-06-30 00:00:00-04:00,11.431718587659859,11.477982778013553,11.228159937283557,11.251291275024414,1869112,0.0,0.0
2005-07-01 00:00:00-04:00,11.214278274995678,11.232783947168153,11.144882761784727,11.181893348693848,2379587,0.0,0.0
2005-07-05 00:00:00-04:00,11.070861491601839,11.103246419837463,11.024598065843968,11.05698299407959,5289393,0.0,0.0
2005-07-06 00:00:00-04:00,11.28829997499852,11.334563400150367,11.186520288177281,11.195773124694824,3014270,0.0,0.0
2005-07-07 00:00:00-04:00,10.978338705351895,11.126381874084473,10.964459445254297,11.126381874084473,2532378,0.0,0.0
2005-07-08 00:00:00-04:00,11.172643749616995,11.29292837312567,11.158764492407379,11.27904987335205,1601299,0.0,0.0
2005-07-11 00:00:00-04:00,11.366951532076918,11.501115427091795,11.366951532076918,11.482609748840332,2367141,0.0,0.0
2005-07-12 00:00:00-04:00,11.68616994539314,11.750939061882049,11.63528008760244,11.700048446655273,2297355,0.0,0.0
2005-07-13 00:00:00-04:00,11.626029921123529,11.695425473131525,11.561260789745148,11.681546211242676,2435982,0.0,0.0
2005-07-14 00:00:00-04:00,11.737057565066591,11.76944173841773,11.663035623560644,11.68616771697998,886015,0.0,0.0
2005-07-15 00:00:00-04:00,11.547380115132,11.639907001531945,11.510369512059254,11.612149238586426,1519925,0.0,0.0
2005-07-18 00:00:00-04:00,11.496487790919444,11.510367048139276,11.403960924325887,11.436345100402832,1383958,0.0,0.0
2005-07-19 00:00:00-04:00,11.403964290474235,11.496491184379282,11.334568741327338,11.450227737426758,2576842,0.0,0.0
2005-07-20 00:00:00-04:00,11.376202017427245,11.496486628866224,11.339190668582095,11.473355293273926,2409888,0.0,0.0
2005-07-21 00:00:00-04:00,11.501115944612351,11.55200580465771,11.440973245024905,11.496489524841309,1431770,0.0,0.0
2005-07-22 00:00:00-04:00,11.510364802961115,11.58901239699407,11.510364802961115,11.556628227233887,1484560,0.0,0.0
2005-07-25 00:00:00-04:00,11.672288581047303,11.778694696999409,11.612145894974033,11.73705768585205,2601563,0.0,0.0
2005-07-26 00:00:00-04:00,11.889729031085901,12.005388002004901,11.889729031085901,11.959124565124512,2520962,0.0,0.0
2005-07-27 00:00:00-04:00,11.90823536850947,11.982256568644324,11.824960571562636,11.968378067016602,1242326,0.0,0.0
2005-07-28 00:00:00-04:00,12.010010326771612,12.060900165733383,11.959120487809841,12.04702091217041,3432212,0.0,0.0
2005-07-29 00:00:00-04:00,11.982257152538619,12.019268511845706,11.931367290927511,11.949872970581055,1386876,0.0,0.0
2005-08-01 00:00:00-04:00,11.963750725571728,11.991508484124655,11.898981612366846,11.912860870361328,1515890,0.0,0.0
2005-08-02 00:00:00-04:00,12.03314410787913,12.116418888771234,11.982254258559045,12.005386352539062,2559846,0.0,0.0
2005-08-03 00:00:00-04:00,11.996134757995605,12.023893273647984,11.95449774195307,11.996134757995605,997003,0.0,0.0
2005-08-04 00:00:00-04:00,11.90823621178773,11.968378914553849,11.866599189083848,11.917489051818848,1084213,0.0,0.0
2005-08-05 00:00:00-04:00,12.037773434063112,12.037773434063112,11.903609528883333,11.949872970581055,1026702,0.0,0.0
2005-08-08 00:00:00-04:00,12.125672632964868,12.144178310688462,12.037772178649902,12.037772178649902,1432800,0.0,0.0
2005-08-09 00:00:00-04:00,12.097915132001985,12.12567289174371,12.065530952730626,12.084035873413086,870306,0.0,0.0
2005-08-10 00:00:00-04:00,12.2089468385116,12.241331015535422,12.09791429237847,12.13492488861084,1104214,0.0,0.0
2005-08-11 00:00:00-04:00,12.315351895038344,12.389373838505433,12.296846219812583,12.356988906860352,1681557,0.0,0.0
2005-08-12 00:00:00-04:00,12.384748429077263,12.50965947472375,12.38012200989376,12.440264701843262,1749969,0.0,0.0
2005-08-15 00:00:00-04:00,12.680838190883202,12.690091031788494,12.53279500870718,12.639201164245605,1966022,0.0,0.0
2005-08-16 00:00:00-04:00,12.58367869550519,12.61143720458688,12.500404683131823,12.514283180236816,1253571,0.0,0.0
2005-08-17 00:00:00-04:00,12.588309513257654,12.69008923392382,12.569803834068853,12.611441612243652,1752458,0.0,0.0
2005-08-18 00:00:00-04:00,12.5420432860659,12.592933135092014,12.537416867296622,12.57905387878418,821722,0.0,0.0
2005-08-19 00:00:00-04:00,12.731725116307404,12.852010498251524,12.731725116307404,12.828878402709961,1405675,0.0,0.0
2005-08-22 00:00:00-04:00,12.912154409683398,12.976922772249043,12.842759627300758,12.875143051147461,1201467,0.0,0.0
2005-08-23 00:00:00-04:00,12.81499700781581,12.82887626282566,12.768732824449652,12.805744171142578,952195,0.0,0.0
2005-08-24 00:00:00-04:00,12.727101141297924,12.754858146406217,12.597562896260794,12.648452758789062,1958297,0.0,0.0
2005-08-25 00:00:00-04:00,12.611441786670577,12.66233164770751,12.57443042778108,12.6299467086792,940006,0.0,0.0
2005-08-26 00:00:00-04:00,12.560550932643629,12.579055853189322,12.435639121138886,12.468023300170898,1130137,0.0,0.0
2005-08-29 00:00:00-04:00,12.338482380751222,12.477273420501245,12.333855962263828,12.463394165039062,692194,0.0,0.0
2005-08-30 00:00:00-04:00,12.505032308283017,12.514284388100728,12.417131111809397,12.481900215148926,1476834,0.0,0.0
2005-08-31 00:00:00-04:00,12.569802077580453,12.657703284007932,12.560549996715045,12.606813430786133,3684231,0.0,0.0
2005-09-01 00:00:00-04:00,12.750227726344294,12.861260256560684,12.713217892853379,12.787239074707031,3223284,0.0,0.0
2005-09-02 00:00:00-04:00,12.759481285355497,12.814998311040707,12.750228447741295,12.764107704162598,1614088,0.0,0.0
2005-09-06 00:00:00-04:00,12.856636730794575,12.879768828726073,12.805747630217445,12.84738540649414,1548594,0.0,0.0
2005-09-07 00:00:00-04:00,12.754856917851198,12.791868274260365,12.699341398109597,12.759483337402344,1040608,0.0,0.0
2005-09-08 00:00:00-04:00,12.717845771780343,12.787240543057209,12.703966514550572,12.722472190856934,1067218,0.0,0.0
2005-09-09 00:00:00-04:00,12.690085067222746,12.764106244801374,12.685458648944598,12.731722831726074,1013998,0.0,0.0
2005-09-12 00:00:00-04:00,12.662327314989726,12.750226989966931,12.65770089671158,12.731722831726074,697516,0.0,0.0
2005-09-13 00:00:00-04:00,12.70859339906563,12.717846237557687,12.611440109771088,12.653077125549316,497600,0.0,0.0
2005-09-14 00:00:00-04:00,12.814999725592191,12.884394500486765,12.796494048321085,12.810373306274414,1863618,0.0,0.0
2005-09-15 00:00:00-04:00,12.865889194846972,12.944538325520956,12.838132193010626,12.907526969909668,1281983,0.0,0.0
2005-09-16 00:00:00-04:00,13.000054278745017,13.018559957169428,12.833506202669644,12.972295761108398,1287477,0.0,0.0
2005-09-19 00:00:00-04:00,12.676211770430555,12.690091031788494,12.606816978513303,12.639201164245605,1444388,0.0,0.0
2005-09-20 00:00:00-04:00,12.565176334488104,12.602187689685147,12.407880347208824,12.421759605407715,1822588,0.0,0.0
2005-09-21 00:00:00-04:00,12.380119359530466,12.398624274866883,12.259834001382421,12.269086837768555,1481984,0.0,0.0
2005-09-22 00:00:00-04:00,12.213572102276277,12.278340450196621,12.171935090774355,12.250582695007324,1446705,0.0,0.0
2005-09-23 00:00:00-04:00,12.306099057425463,12.375494582086112,12.292219801006143,12.356988906860352,909277,0.0,0.0
2005-09-26 00:00:00-04:00,12.2181978225708,12.245955576173275,12.185812893026025,12.2181978225708,2062246,0.0,0.0
2005-09-27 00:00:00-04:00,12.111794323177248,12.222826118962226,12.0979150646656,12.195068359375,2850148,0.0,0.0
2005-09-28 00:00:00-04:00,12.139552517458524,12.208948055065616,12.111794756877343,12.18118953704834,2118899,0.0,0.0
2005-09-29 00:00:00-04:00,12.037770476731183,12.134923756172261,12.01001272150628,12.116418838500977,1583874,0.0,0.0
2005-09-30 00:00:00-04:00,12.028520263702438,12.116421482205178,11.996136082634763,12.014641761779785,2045164,0.0,0.0
2005-10-03 00:00:00-04:00,12.00539033065194,12.010016750980956,11.908237018615,11.92211627960205,2309973,0.0,0.0
2005-10-04 00:00:00-04:00,12.195067986715166,12.282968439730716,12.148804550526139,12.176562309265137,3264915,0.0,0.0
2005-10-05 00:00:00-04:00,12.366246064789214,12.370872485211956,12.204323622301866,12.20895004272461,2727658,0.0,0.0
2005-10-06 00:00:00-04:00,12.431012950298431,12.435639369886413,12.264464117439353,12.29684829711914,3402083,0.0,0.0
2005-10-07 00:00:00-04:00,12.25058199467967,12.255208413186068,12.176560056013233,12.2181978225708,2192461,0.0,0.0
2005-10-10 00:00:00-04:00,12.241331422904196,12.241331422904196,12.134925292438616,12.176562309265137,790735,0.0,0.0
2005-10-11 00:00:00-04:00,12.158058121298449,12.158058121298449,12.05627840406713,12.074783325195312,1197862,0.0,0.0
2005-10-12 00:00:00-04:00,12.116417817044313,12.148801988315924,11.9868796170861,12.033143043518066,1258464,0.0,0.0
2005-10-13 00:00:00-04:00,11.861969633353722,11.931364400370285,11.797200527693773,11.926738739013672,2119328,0.0,0.0
2005-10-14 00:00:00-04:00,11.931366818451322,12.05627863629402,11.889729798315791,12.019268035888672,837431,0.0,0.0
2005-10-17 00:00:00-04:00,11.903608904390696,11.922114583073386,11.829586947096034,11.885103225708008,970565,0.0,0.0
2005-10-18 00:00:00-04:00,11.852716091679973,11.852716091679973,11.76018847876107,11.778694152832031,1376061,0.0,0.0
2005-10-19 00:00:00-04:00,11.723176867877564,11.894352065830189,11.635276438561602,11.866594314575195,1513744,0.0,0.0
2005-10-20 00:00:00-04:00,11.667661587350736,11.71392501494978,11.468728621444079,11.505739212036133,4209729,0.0,0.0
2005-10-21 00:00:00-04:00,11.64452932768465,11.67691425674425,11.556628892251805,11.565881729125977,4800376,0.0,0.0
2005-10-24 00:00:00-04:00,11.700046624560796,11.746310813016597,11.644530355849795,11.727805137634277,1970400,0.0,0.0
2005-10-25 00:00:00-04:00,11.741683562126013,11.871221008315029,11.737057143608274,11.778694152832031,1698896,0.0,0.0
2005-10-26 00:00:00-04:00,11.700049117620472,11.750939735765684,11.602895816033675,11.630654335021973,1015973,0.0,0.0
2005-10-27 00:00:00-04:00,11.704673972467077,11.713926810892682,11.55200441075264,11.589015007019043,1654861,0.0,0.0
2005-10-28 00:00:00-04:00,11.73705930181548,11.843465432417629,11.704674366236363,11.824959754943848,1161467,0.0,0.0
2005-10-31 00:00:00-05:00,12.028523051857077,12.213577613893724,12.000765284141538,12.148808479309082,3032296,0.0,0.0
2005-11-01 00:00:00-05:00,12.245957550325672,12.250583969577887,12.153430680153436,12.18581485748291,1172454,0.0,0.0
2005-11-02 00:00:00-05:00,12.162682455986994,12.34773618016306,12.162682455986994,12.329231262207031,1121467,0.0,0.0
2005-11-03 00:00:00-05:00,12.389375116859728,12.426385713694104,12.282968230768336,12.292221069335938,2027825,0.0,0.0
2005-11-04 00:00:00-05:00,12.176563042426631,12.176563042426631,11.991509286528267,12.074783325195312,1127819,0.0,0.0
2005-11-07 00:00:00-05:00,12.093292186441717,12.171940583602272,12.060907997867542,12.148808479309082,1862159,0.0,0.0
2005-11-08 00:00:00-05:00,12.259836403149263,12.282967741210298,12.171935955132525,12.222825050354004,2022074,0.0,0.0
2005-11-09 00:00:00-05:00,11.945247691067136,12.162686418010356,11.917489926372953,12.130301475524902,1873318,0.0,0.0
2005-11-10 00:00:00-05:00,11.9868844093815,12.037774274545761,11.871225418343766,11.977631568908691,3172640,0.0,0.0
2005-11-11 00:00:00-05:00,11.7833251953125,11.811083717311826,11.741688169749716,11.7833251953125,3485088,0.0,0.0
2005-11-14 00:00:00-05:00,11.649157201391361,11.704673472135863,11.621399444737104,11.635278701782227,3268177,0.0,0.0
2005-11-15 00:00:00-05:00,10.423175277825202,10.557339169013629,10.252000031189437,10.27050495147705,15377187,0.0,0.0
2005-11-16 00:00:00-05:00,10.150217144625175,10.238118335449405,10.131712228743135,10.17797565460205,10222903,0.0,0.0
2005-11-17 00:00:00-05:00,10.265876087990405,10.270502506319884,10.113206555425217,10.17797565460205,7264771,0.0,0.0
2005-11-18 00:00:00-05:00,10.214989858241047,10.224242698174,10.053067431722791,10.076199531555176,9483327,0.0,0.0
2005-11-21 00:00:00-05:00,10.020681091502945,10.053065266858411,9.955911983356035,10.02993392944336,6197210,0.0,0.0
2005-11-22 00:00:00-05:00,10.096807037978277,10.162737846374512,9.983783015305125,10.162737846374512,4421232,0.44503,0.0
2005-11-23 00:00:00-05:00,10.266346778684385,10.332276839863502,10.228671576843004,10.322858810424805,4191359,0.0,0.0
2005-11-25 00:00:00-05:00,10.445297690631834,10.450007089413512,10.341692459477716,10.355820655822754,1775720,0.0,0.0
2005-11-28 00:00:00-05:00,10.205120731085179,10.285178956745634,10.14860872490432,10.238085746765137,3809297,0.0,0.0
2005-11-29 00:00:00-05:00,10.214541275472543,10.285180717022362,10.176866084223114,10.242796897888184,14037865,0.0,0.0
2005-11-30 00:00:00-05:00,10.233377750423294,10.25221534540437,10.139191317560732,10.14861011505127,10341187,0.0,0.0
2005-12-01 00:00:00-05:00,10.252215695700542,10.28989011592854,10.223960073284902,10.242796897888184,4698831,0.0,0.0
2005-12-02 00:00:00-05:00,10.096810004597904,10.101519404511436,9.960239720170234,10.026169776916504,4154878,0.0,0.0
2005-12-05 00:00:00-05:00,10.01203819140407,10.271051224003491,10.01203819140407,10.223958015441895,3254786,0.0,0.0
2005-12-06 00:00:00-05:00,10.313439509116748,10.35111393810691,10.280473709106445,10.280473709106445,5043897,0.0,0.0
2005-12-07 00:00:00-05:00,10.50181278941559,10.525359790239834,10.435882729150979,10.482975959777832,2798131,0.0,0.0
2005-12-08 00:00:00-05:00,10.699605450305038,10.727861851735241,10.544197555503873,10.58187198638916,3218048,0.0,0.0
2005-12-09 00:00:00-05:00,10.62425105695413,10.657216843851252,10.58186724482199,10.63366985321045,2251003,0.0,0.0
2005-12-12 00:00:00-05:00,10.586578256225378,10.718439881865486,10.577159458533739,10.671346664428711,1833747,0.0,0.0
2005-12-13 00:00:00-05:00,10.341692633073134,10.445297865966365,10.332273835351671,10.402914047241211,4227840,0.0,0.0
2005-12-14 00:00:00-05:00,10.46884664280812,10.572451893342294,10.46884664280812,10.51123046875,2555211,0.0,0.0
2005-12-15 00:00:00-05:00,10.464135622281356,10.487682616947014,10.341692792062805,10.374658584594727,2617700,0.0,0.0
2005-12-16 00:00:00-05:00,10.327564871444237,10.369949462975875,10.242797230423873,10.261634826660156,3076158,0.0,0.0
2005-12-19 00:00:00-05:00,10.134482054336766,10.181575271397792,10.082679438467496,10.092098236083984,2904140,0.0,0.0
2005-12-20 00:00:00-05:00,10.12506278553098,10.289888639511922,10.110934590839591,10.176864624023438,3518222,0.0,0.0
2005-12-21 00:00:00-05:00,10.167446887141407,10.176864912848302,10.002620257461277,10.068551063537598,2421133,0.0,0.0
2005-12-22 00:00:00-05:00,10.162738315134206,10.167447713881257,10.082679307455736,10.1250638961792,2233835,0.0,0.0
2005-12-23 00:00:00-05:00,10.082679748535156,10.129772967044417,10.049714726885107,10.082679748535156,1846708,0.0,0.0
2005-12-27 00:00:00-05:00,10.040293233249916,10.106224029869626,10.040293233249916,10.077967643737793,1808596,0.0,0.0
2005-12-28 00:00:00-05:00,10.205121662121602,10.219249857711088,10.139190853725367,10.162737846374512,2585082,0.0,0.0
2005-12-29 00:00:00-05:00,10.2239610117388,10.266344834763373,10.190995216369629,10.190995216369629,1433143,0.0,0.0
2005-12-30 00:00:00-05:00,10.096807015623433,10.158028425354292,10.06384199700899,10.11093521118164,1425503,0.0,0.0
2006-01-03 00:00:00-05:00,10.379366586022485,10.482972585276434,10.35582036379948,10.440587997436523,3474874,0.0,0.0
2006-01-04 00:00:00-05:00,10.581870557113492,10.619544982910156,10.55832355910211,10.619544982910156,1852030,0.0,0.0
2006-01-05 00:00:00-05:00,10.563033751953313,10.63367398027076,10.539487523195234,10.624255180358887,1913661,0.0,0.0
2006-01-06 00:00:00-05:00,10.83617421855704,11.114024938394598,10.831464818981697,11.015129089355469,5503557,0.0,0.0
2006-01-09 00:00:00-05:00,10.920938771208178,10.939775591815168,10.85500797153054,10.88326358795166,2434781,0.0,0.0
2006-01-10 00:00:00-05:00,10.784369493063076,10.930359309411525,10.774951466768904,10.812625885009766,2381647,0.0,0.0
2006-01-11 00:00:00-05:00,10.88797420709698,10.906811800838137,10.68547315846495,10.723148345947266,2557185,0.0,0.0
2006-01-12 00:00:00-05:00,10.643090730606739,10.75140536669156,10.600706910186908,10.680765151977539,2384995,0.0,0.0
2006-01-13 00:00:00-05:00,10.567742358306663,10.643091980921538,10.511230334100892,10.619544982910156,2527485,0.0,0.0
2006-01-17 00:00:00-05:00,10.341693390793614,10.351112189205177,10.233378751103597,10.32756519317627,2565511,0.0,0.0
2006-01-18 00:00:00-05:00,10.285181863284537,10.369950282021588,10.247507438857802,10.318147659301758,3224657,0.0,0.0
2006-01-19 00:00:00-05:00,10.059131957008107,10.158027777566122,10.01203874583864,10.101515769958496,3680111,0.0,0.0
2006-01-20 00:00:00-05:00,10.002620447061062,10.002620447061062,9.720060394964719,9.823665618896484,6619960,0.0,0.0
2006-01-23 00:00:00-05:00,10.054422584342012,10.23808603126758,10.021457567746001,10.153318405151367,3430839,0.0,0.0
2006-01-24 00:00:00-05:00,9.950816616787138,9.969653437273074,9.899014011163601,9.936688423156738,3460453,0.0,0.0
2006-01-25 00:00:00-05:00,10.016749267039827,10.162738315134206,10.016749267039827,10.1250638961792,3725004,0.0,0.0
2006-01-26 00:00:00-05:00,10.125061713315286,10.25692253674061,10.115642917851783,10.209829330444336,15458304,0.0,0.0
2006-01-27 00:00:00-05:00,10.14861011505127,10.205122128973088,10.09209810112945,10.14861011505127,2255466,0.0,0.0
2006-01-30 00:00:00-05:00,10.030875850513077,10.077969063010334,9.983782638015821,10.040294647216797,1454602,0.0,0.0
2006-01-31 00:00:00-05:00,9.866047126645556,9.969652326347829,9.85191893458947,9.941396713256836,3364143,0.0,0.0
2006-02-01 00:00:00-05:00,9.81424795214732,9.856631772087132,9.776573531203203,9.847213745117188,2829805,0.0,0.0
2006-02-02 00:00:00-05:00,9.847214196541822,9.851922824731927,9.753026983331548,9.781283378601074,5471368,0.0,0.0
2006-02-03 00:00:00-05:00,9.720061612723017,9.734189038831742,9.668258994267147,9.71064281463623,1970400,0.0,0.0
2006-02-06 00:00:00-05:00,9.522271322655186,9.625876583032383,9.503434493236732,9.621167182922363,2928518,0.0,0.0
2006-02-07 00:00:00-05:00,9.607036050519016,9.611745448813767,9.456337618150936,9.489302635192871,2063791,0.0,0.0
2006-02-08 00:00:00-05:00,9.663546749677979,9.734186172485352,9.611744146476,9.734186172485352,1855807,0.0,0.0
2006-02-09 00:00:00-05:00,9.847213585269612,9.889597404521417,9.800119596077126,9.875469207763672,3123455,0.0,0.0
2006-02-10 00:00:00-05:00,9.922559123848721,9.969652326347829,9.88488471605367,9.941396713256836,3955392,0.0,0.0
2006-02-13 00:00:00-05:00,9.8001205092824,9.866051329274086,9.738899088648802,9.795411109924316,2589031,0.0,0.0
2006-02-14 00:00:00-05:00,9.86134168194462,9.988493919372559,9.847214255247117,9.988493919372559,2407914,0.0,0.0
2006-02-15 00:00:00-05:00,9.851921570704109,9.894306158213364,9.795409558379818,9.866049766540527,2259157,0.0,0.0
2006-02-16 00:00:00-05:00,10.01203767907878,10.214538696837865,10.007328281361477,10.158026695251465,7105027,0.0,0.0
2006-02-17 00:00:00-05:00,10.233379073051763,10.299309892985448,10.195704649241732,10.2710542678833,5209135,0.0,0.0
2006-02-21 00:00:00-05:00,9.974365513794028,9.983784312077074,9.84250465089581,9.86134147644043,3369122,0.0,0.0
2006-02-22 00:00:00-05:00,9.748314365455316,9.753023763111972,9.635290363738047,9.734186172485352,6000985,0.0,0.0
2006-02-23 00:00:00-05:00,9.654128074645996,9.715349473924046,9.611744266229264,9.654128074645996,2950321,0.0,0.0
2006-02-24 00:00:00-05:00,9.64000258330243,9.687095802633301,9.574071767830626,9.65884017944336,2333407,0.0,0.0
2006-02-27 00:00:00-05:00,9.300931248438934,9.343315068727843,9.187907213654206,9.211453437805176,5056601,0.0,0.0
2006-02-28 00:00:00-05:00,9.084299396778183,9.12668320502907,8.98069341846757,9.098426818847656,10112602,0.0,0.0
2006-03-01 00:00:00-05:00,9.239710944917137,9.272675971107649,9.187908320319734,9.206745147705078,4812651,0.0,0.0
2006-03-02 00:00:00-05:00,9.192615529468096,9.267964363098145,9.15494034163171,9.267964363098145,4099170,0.0,0.0
2006-03-03 00:00:00-05:00,9.338607703303573,10.219253178181633,9.315061474025086,9.889599800109863,18793863,0.0,0.0
2006-03-06 00:00:00-05:00,10.600707930048323,10.638382355043664,10.247507593519352,10.313438415527344,16555994,0.0,0.0
2006-03-07 00:00:00-05:00,10.261632682361322,10.275760105564972,10.068550445372235,10.134480476379395,4576941,0.0,0.0
2006-03-08 00:00:00-05:00,10.05913257598877,10.077969399002875,9.983782970868251,10.05913257598877,4779346,0.0,0.0
2006-03-09 00:00:00-05:00,10.06384276892788,10.158029204497492,10.054423971166635,10.08738899230957,2345166,0.0,0.0
2006-03-10 00:00:00-05:00,10.077968470500902,10.167446262904269,10.077968470500902,10.134480476379395,1433143,0.0,0.0
2006-03-13 00:00:00-05:00,10.525359323327423,10.657220980050443,10.525359323327423,10.624255180358887,6143047,0.0,0.0
2006-03-14 00:00:00-05:00,10.624251880540905,10.66663646697998,10.48297223880808,10.66663646697998,4049556,0.0,0.0
2006-03-15 00:00:00-05:00,10.454714734160635,10.6525071367424,10.360528316371955,10.643088340759277,3306804,0.0,0.0
2006-03-16 00:00:00-05:00,10.694893371122184,10.817336204605946,10.694893371122184,10.70902156829834,3790842,0.0,0.0
2006-03-17 00:00:00-05:00,10.789079934571628,10.803208131910576,10.581869457686253,10.600707054138184,4945013,0.0,0.0
2006-03-20 00:00:00-05:00,10.530067599526596,10.572451423585271,10.48297437601457,10.525358200073242,2304394,0.0,0.0
2006-03-21 00:00:00-05:00,10.614835894841613,10.704313718889393,10.534777641296387,10.534777641296387,2878990,0.0,0.0
2006-03-22 00:00:00-05:00,10.525357563135124,10.53477636147186,10.454717346631087,10.492392539978027,2721135,0.0,0.0
2006-03-23 00:00:00-05:00,10.501811955659578,10.515940155032464,10.32756647645871,10.346404075622559,2248342,0.0,0.0
2006-03-24 00:00:00-05:00,10.195701934884818,10.285178956745634,10.181573740584279,10.238085746765137,3299422,0.0,0.0
2006-03-27 00:00:00-05:00,10.2427961913826,10.271052582870665,9.969654928771543,10.054423332214355,5104241,0.0,0.0
2006-03-28 00:00:00-05:00,9.96023626620658,9.96023626620658,9.74360625837078,9.75302505493164,5965105,0.0,0.0
2006-03-29 00:00:00-05:00,10.0026216506958,10.012040448735954,9.875469419196634,10.0026216506958,3722086,0.0,0.0
2006-03-30 00:00:00-05:00,10.007330757866125,10.08738899682974,9.960237540060216,10.0638427734375,3050150,0.0,0.0
2006-03-31 00:00:00-05:00,9.814247155986527,9.908433586216859,9.804828358759217,9.842503547668457,2466798,0.0,0.0
2006-04-03 00:00:00-04:00,9.880176879988833,9.993200892255466,9.842502466240388,9.922560691833496,1724819,0.0,0.0
2006-04-04 00:00:00-04:00,10.077967643737793,10.15802663342342,10.030874437872638,10.077967643737793,1716149,0.0,0.0
2006-04-05 00:00:00-04:00,10.285178956745634,10.336981564826312,10.139189928703962,10.238085746765137,2339501,0.0,0.0
2006-04-06 00:00:00-04:00,10.271053291325257,10.28989011592854,10.16273865852601,10.242796897888184,1551770,0.0,0.0
2006-04-07 00:00:00-04:00,10.346404231710153,10.398206859170664,10.167450121040169,10.341694831848145,3640798,0.0,0.0
2006-04-10 00:00:00-04:00,10.426463258342716,10.426463258342716,10.190996349328625,10.341694831848145,2050830,0.0,0.0
2006-04-11 00:00:00-04:00,10.360531583906313,10.407624807653049,10.125065465172629,10.12977409362793,2004563,0.0,0.0
2006-04-12 00:00:00-04:00,10.45471792973712,10.473555527461246,10.195704816137972,10.318147659301758,3651098,0.0,0.0
2006-04-13 00:00:00-04:00,10.459428498125721,10.591290154888576,10.459428498125721,10.548906326293945,2413493,0.0,0.0
2006-04-17 00:00:00-04:00,10.71373124787139,10.71373124787139,10.506519996926809,10.59599781036377,1650483,0.0,0.0
2006-04-18 00:00:00-04:00,10.638383416333975,10.822047702174062,10.610127787524057,10.8079195022583,1841901,0.0,0.0
2006-04-19 00:00:00-04:00,10.737277849284183,10.774953044061524,10.704312824875515,10.770243644714355,2052632,0.0,0.0
2006-04-20 00:00:00-04:00,10.69018348445687,10.713730478676425,10.628962070507455,10.694892883300781,2093319,0.0,0.0
2006-04-21 00:00:00-04:00,10.751402826002865,10.789077238470737,10.666635205194833,10.699600219726562,1201467,0.0,0.0
2006-04-24 00:00:00-04:00,10.690182998819559,10.70431119470947,10.581868372373014,10.657217979431152,2339415,0.0,0.0
2006-04-25 00:00:00-04:00,10.690188259136887,10.713735263873506,10.572454777497327,10.591292381286621,1405589,0.0,0.0
2006-04-26 00:00:00-04:00,10.774950957714095,10.803206577304477,10.694891955335528,10.723148345947266,2208170,0.0,0.0
2006-04-27 00:00:00-04:00,10.850302417283071,11.066931713662706,10.850302417283071,11.015129089355469,3020192,0.0,0.0
2006-04-28 00:00:00-04:00,11.118733730868616,11.189373949620153,11.076349908026293,11.161117553710938,3152211,0.0,0.0
2006-05-01 00:00:00-04:00,11.165826039644287,11.335362088166722,11.165826039644287,11.241175651550293,3062596,0.0,0.0
2006-05-02 00:00:00-04:00,11.203501822124313,11.208211221629812,10.9868725289575,11.043384552001953,3062253,0.0,0.0
2006-05-03 00:00:00-04:00,10.92565170595014,10.944488532654958,10.859720884929478,10.920942306518555,1941043,0.0,0.0
2006-05-04 00:00:00-04:00,10.944487242940433,10.96332483844692,10.850300807450855,10.902103424072266,1694432,0.0,0.0
2006-05-05 00:00:00-04:00,11.123438565856242,11.222334368915135,11.099891578927371,11.208206176757812,2279243,0.0,0.0
2006-05-08 00:00:00-04:00,11.156409719328668,11.175247319243873,11.005711233071855,11.038676261901855,1236661,0.0,0.0
2006-05-09 00:00:00-04:00,11.415421641283144,11.49077048574708,11.382455847186383,11.410712242126465,2449888,0.0,0.0
2006-05-10 00:00:00-04:00,11.349493655529365,11.420133889481086,11.32123725354001,11.382458686828613,1955035,0.0,0.0
2006-05-11 00:00:00-04:00,11.321235479549797,11.321235479549797,11.208211431346106,11.222339630126953,1210824,0.0,0.0
2006-05-12 00:00:00-04:00,11.203500024086242,11.208209422835935,10.963324542958981,10.986870765686035,1761901,0.0,0.0
2006-05-15 00:00:00-04:00,11.137570027703196,11.245884657331885,11.0104178030012,11.066929817199707,1786965,0.0,0.0
2006-05-16 00:00:00-04:00,11.292977576093582,11.316524569314064,11.08576634881752,11.151697158813477,4620718,0.0,0.0
2006-05-17 00:00:00-04:00,11.132862004022575,11.161117629101149,10.81262747435071,10.845592498779297,2799333,0.0,0.0
2006-05-18 00:00:00-04:00,11.085764928459657,11.123440112785314,10.840880085449347,10.850298881530762,1260953,0.0,0.0
2006-05-19 00:00:00-04:00,10.784370760452937,10.82675535335405,10.704312515904908,10.779662132263184,1544732,0.0,0.0
2006-05-22 00:00:00-04:00,10.605412345975813,10.680761160559435,10.327560990002265,10.445294380187988,4232647,0.0,0.0
2006-05-23 00:00:00-04:00,10.506518405812166,10.581868010292059,10.205121529935312,10.219249725341797,3418221,0.0,0.0
2006-05-24 00:00:00-04:00,10.077969265047956,10.153318869166938,9.983782838165247,10.139190673828125,3558308,0.0,0.0
2006-05-25 00:00:00-04:00,10.327562723286501,10.46413372554955,10.261632692216027,10.450005531311035,2287484,0.0,0.0
2006-05-26 00:00:00-04:00,10.506517719051487,10.572448522284144,10.369947485446488,10.497098922729492,3168090,0.0,0.0
2006-05-30 00:00:00-04:00,10.78437084533584,10.812627240825654,10.572450963248194,10.614834785461426,3502428,0.0,0.0
2006-05-31 00:00:00-04:00,10.859721164773699,10.953907613789438,10.779662914416784,10.831464767456055,3273070,0.0,0.0
2006-06-01 00:00:00-04:00,10.869140494796525,11.043385202680383,10.831465296532706,11.029257774353027,3357963,0.0,0.0
2006-06-02 00:00:00-04:00,11.264721250832256,11.292977642863901,11.198791211467874,11.28355884552002,5478493,0.0,0.0
2006-06-05 00:00:00-04:00,11.137571914049024,11.137571914049024,10.90681441940378,10.911523818969727,2759933,0.0,0.0
2006-06-06 00:00:00-04:00,10.869138851051561,10.906813272596283,10.756114815395934,10.836173057556152,2661478,0.0,0.0
2006-06-07 00:00:00-04:00,10.931198274176905,11.066629388437667,10.848972070827243,10.93603515625,1635119,0.70652,0.0
2006-06-08 00:00:00-04:00,10.636150152109174,10.713539456832162,10.466861691440513,10.694191932678223,2115637,0.0,0.0
2006-06-09 00:00:00-04:00,10.713540282621546,10.776418949075707,10.64098785334477,10.660334587097168,1612286,0.0,0.0
2006-06-12 00:00:00-04:00,10.51039530953247,10.539416602612915,10.399149395069632,10.418496131896973,1590226,0.0,0.0
2006-06-13 00:00:00-04:00,10.268552236825595,10.341104656980118,10.084753141984075,10.15246868133545,2193148,0.0,0.0
2006-06-14 00:00:00-04:00,10.19116293586792,10.268552236825595,10.060568737968325,10.15246868133545,2177783,0.0,0.0
2006-06-15 00:00:00-04:00,10.33143304377086,10.442679741591341,10.287901899383039,10.423332214355469,2601735,0.0,0.0
2006-06-16 00:00:00-04:00,10.316921420894062,10.374963205209768,10.23953211117551,10.287900924682617,1264558,0.0,0.0
2006-06-19 00:00:00-04:00,10.23469610397312,10.283064125976136,10.157306793632598,10.196001052856445,1601642,0.0,0.0
2006-06-20 00:00:00-04:00,10.205673756656017,10.229858161094473,10.108937722687683,10.128284454345703,1404731,0.0,0.0
2006-06-21 00:00:00-04:00,10.157304254188668,10.273387794730805,10.142793613647743,10.205672264099121,1436491,0.0,0.0
2006-06-22 00:00:00-04:00,10.18632605506477,10.220184220686823,10.089590022787226,10.15246868133545,1205845,0.0,0.0
2006-06-23 00:00:00-04:00,9.988016851269679,10.152468418643464,9.973506209235687,10.079916000366211,1087990,0.0,0.0
2006-06-26 00:00:00-04:00,10.118610620150081,10.220184326171875,10.09926388863053,10.220184326171875,1402413,0.0,0.0
2006-06-27 00:00:00-04:00,10.041223456176981,10.075080834793877,9.905792357923703,9.944486618041992,1719239,0.0,0.0
2006-06-28 00:00:00-04:00,9.968670201420013,10.017038220542407,9.905791538993064,9.978343963623047,2072804,0.0,0.0
2006-06-29 00:00:00-04:00,10.055731607549253,10.297572474132568,10.055731607549253,10.273388862609863,1734433,0.0,0.0
2006-06-30 00:00:00-04:00,10.302412986755371,10.355617901133058,10.196003157999995,10.302412986755371,2093405,0.0,0.0
2006-07-03 00:00:00-04:00,10.447514505670703,10.520066134313096,10.413656339871034,10.481371879577637,748846,0.0,0.0
2006-07-05 00:00:00-04:00,10.457188094076843,10.52006675667479,10.379799580027662,10.500720024108887,1783961,0.0,0.0
2006-07-06 00:00:00-04:00,10.578110781647409,10.703868133514918,10.568437017366378,10.64582633972168,1411598,0.0,0.0
2006-07-07 00:00:00-04:00,10.56359688094624,10.63614929881013,10.495882135625497,10.56843376159668,1900185,0.0,0.0
2006-07-10 00:00:00-04:00,10.578106855245627,10.699027280089147,10.56843309455532,10.611964225769043,1176918,0.0,0.0
2006-07-11 00:00:00-04:00,10.486209350575258,10.549088012992181,10.423330688158337,10.534577369689941,2549889,0.0,0.0
2006-07-12 00:00:00-04:00,10.45718825803493,10.486209545177985,10.292737465128805,10.312084197998047,1907309,0.0,0.0
2006-07-13 00:00:00-04:00,10.10409962872787,10.152467639905097,10.026710335708714,10.050894737243652,1757780,0.0,0.0
2006-07-14 00:00:00-04:00,10.075081120779526,10.094428647334281,9.905792639104025,9.983181953430176,1018548,0.0,0.0
2006-07-17 00:00:00-04:00,9.84774891185542,9.852585792541504,9.760686643291347,9.852585792541504,1264644,0.0,0.0
2006-07-18 00:00:00-04:00,9.88160776469271,9.939649549725674,9.707483201486648,9.804219245910645,1580183,0.0,0.0
2006-07-19 00:00:00-04:00,9.857422911806935,10.171816204548051,9.852586031003785,10.15246868133545,4353936,0.0,0.0
2006-07-20 00:00:00-04:00,10.075082747535216,10.210513871499916,10.0025303031332,10.104104042053223,2760448,0.0,0.0
2006-07-21 00:00:00-04:00,9.983182598741555,10.050898154167452,9.915467043315658,9.973508834838867,1100008,0.0,0.0
2006-07-24 00:00:00-04:00,10.239533178575114,10.331433141925723,10.229860206758174,10.3265962600708,2170315,0.0,0.0
2006-07-25 00:00:00-04:00,10.350776697472066,10.39914550116135,10.225020183557906,10.316919326782227,1914520,0.0,0.0
2006-07-26 00:00:00-04:00,10.312083168243772,10.42816672143841,10.186325853634127,10.408819198608398,1399409,0.0,0.0
2006-07-27 00:00:00-04:00,10.399148046958736,10.437842307490179,10.31692185244996,10.33626937866211,1352198,0.0,0.0
2006-07-28 00:00:00-04:00,10.534580466774381,10.771584542817177,10.495886198485378,10.742563247680664,2991609,0.0,0.0
2006-07-31 00:00:00-04:00,9.420903675522423,9.420903675522423,9.124648593935877,9.175435066223145,2377061,0.0,0.875
2006-08-01 00:00:00-04:00,9.078091482367796,9.128878732475956,8.980751232725716,9.103485107421875,2198225,0.0,0.0
2006-08-02 00:00:00-04:00,9.069633029054783,9.23892158593141,9.048472058431857,9.221992492675781,2284847,0.0,0.0
2006-08-03 00:00:00-04:00,9.2262194794275,9.255844980974416,9.107717473239843,9.200826644897461,1554002,0.0,0.0
2006-08-04 00:00:00-04:00,9.374346079140745,9.454758033851649,9.298166791036726,9.348953247070312,2284847,0.0,0.0
2006-08-07 00:00:00-04:00,9.323559761047363,9.365882468278777,9.255844221369836,9.323559761047363,1997610,0.0,0.0
2006-08-08 00:00:00-04:00,9.31086534721839,9.344722728392155,9.205059744224414,9.2092924118042,1701250,0.0,0.0
2006-08-09 00:00:00-04:00,9.268541988105966,9.429365909600083,9.26430932118135,9.29393482208252,1278243,0.0,0.0
2006-08-10 00:00:00-04:00,9.090788218001778,9.103484633922061,8.908803352871105,8.972286224365234,3651086,0.0,0.0
2006-08-11 00:00:00-04:00,8.74374825230383,8.883411226648608,8.633710781362273,8.760677337646484,3514138,0.0,0.0
2006-08-14 00:00:00-04:00,8.663336844826247,8.824160790299743,8.65910496916343,8.73105239868164,2812037,0.0,0.0
2006-08-15 00:00:00-04:00,8.913034711564928,8.934195667504612,8.84108730299146,8.921499252319336,3589087,0.0,0.0
2006-08-16 00:00:00-04:00,8.811463712684507,8.874946594238281,8.764909124409368,8.874946594238281,4603637,0.0,0.0
2006-08-17 00:00:00-04:00,8.794535080606181,8.858018757323466,8.773374118998046,8.836857795715332,4879985,0.0,0.0
2006-08-18 00:00:00-04:00,8.709888926233349,8.845319203017766,8.67603076311774,8.828390121459961,3573587,0.0,0.0
2006-08-21 00:00:00-04:00,8.87918083685174,8.904574471379119,8.79453697221325,8.824162483215332,3474212,0.0,0.0
2006-08-22 00:00:00-04:00,8.807231773919952,8.83262460960148,8.735283558405674,8.7733736038208,2980572,0.0,0.0
2006-08-23 00:00:00-04:00,8.786070231325516,8.86648140025028,8.773373022433324,8.849553108215332,1759031,0.0,0.0
2006-08-24 00:00:00-04:00,8.91303675904274,8.917269426338596,8.841089333941712,8.89610767364502,1156010,0.0,0.0
2006-08-25 00:00:00-04:00,8.917267757635916,9.027304416451194,8.913035091132125,8.997679710388184,1141884,0.0,0.0
2006-08-28 00:00:00-04:00,8.929967089880208,9.056932872392139,8.929967089880208,9.052700996398926,1338575,0.0,0.0
2006-08-29 00:00:00-04:00,9.099254725822911,9.128880230634861,9.040003716199013,9.120415687561035,1642783,0.0,0.0
2006-08-30 00:00:00-04:00,9.183899663341592,9.293937152582252,9.158506031104679,9.289705276489258,2170757,0.0,0.0
2006-08-31 00:00:00-04:00,9.192362937583116,9.217756566312142,9.137344596509537,9.179666519165039,1338378,0.0,0.0
2006-09-01 00:00:00-04:00,9.158506328294933,9.302401998520839,9.150042575834298,9.251615524291992,1399397,0.0,0.0
2006-09-05 00:00:00-04:00,9.192363594492903,9.230453644362017,9.141577125298394,9.217757225036621,1188187,0.0,0.0
2006-09-06 00:00:00-04:00,9.107717817178415,9.133111444560207,9.069628563944972,9.082324981689453,1075863,0.0,0.0
2006-09-07 00:00:00-04:00,8.9003438482948,8.968059424677467,8.853789241051748,8.93420124053955,3767334,0.0,0.0
2006-09-08 00:00:00-04:00,8.917270584959152,8.989218019408307,8.904573373314689,8.9849853515625,1129818,0.0,0.0
2006-09-11 00:00:00-04:00,9.01460781103508,9.09501976209528,9.010375936513045,9.090787887573242,1812496,0.0,0.0
2006-09-12 00:00:00-04:00,9.183896779129189,9.365882439941823,9.175432237708515,9.357417106628418,2445535,0.0,0.0
2006-09-13 00:00:00-04:00,9.378579399995418,9.395507691925713,9.340489357339894,9.374346733093262,6774197,0.0,0.0
2006-09-14 00:00:00-04:00,9.323562545072791,9.332027089046596,9.247383233094494,9.26854419708252,3446351,0.0,0.0
2006-09-15 00:00:00-04:00,9.23891762100625,9.2770068766454,9.171202068937404,9.247382164001465,2798499,0.0,0.0
2006-09-18 00:00:00-04:00,9.192363030479003,9.272775001094232,9.17966661193262,9.247382164001465,2113466,0.0,0.0
2006-09-19 00:00:00-04:00,9.137344773708687,9.141576649299157,9.05693201045378,9.120415687561035,1553021,0.0,0.0
2006-09-20 00:00:00-04:00,9.158502442471528,9.192360605520557,9.137342278404892,9.1838960647583,1175729,0.0,0.0
2006-09-21 00:00:00-04:00,9.353186630761362,9.387044801508006,9.268542787680454,9.306632041931152,1834470,0.0,0.0
2006-09-22 00:00:00-04:00,9.277004675970135,9.332023796441055,9.226218221939197,9.285470008850098,1803078,0.0,0.0
2006-09-25 00:00:00-04:00,9.332026606738467,9.39974216313618,9.260079174519054,9.365884780883789,1626204,0.0,0.0
2006-09-26 00:00:00-04:00,9.480152221097967,9.556331513728336,9.429365762046796,9.535170555114746,3974423,0.0,0.0
2006-09-27 00:00:00-04:00,9.602887398923423,9.679067493768319,9.590190980413565,9.657906532287598,2522249,0.0,0.0
2006-09-28 00:00:00-04:00,9.628283457717306,9.679069936466547,9.598657945789157,9.662140846252441,1563616,0.0,0.0
2006-09-29 00:00:00-04:00,9.69176524702564,9.704461667284043,9.624049685825836,9.674836158752441,1160131,0.0,0.0
2006-10-02 00:00:00-04:00,9.573261767772069,9.64944186160874,9.569029892289084,9.624048233032227,1107059,0.0,0.0
2006-10-03 00:00:00-04:00,9.738316119727253,9.822960743713729,9.734084244879666,9.814496994018555,1737057,0.0,0.0
2006-10-04 00:00:00-04:00,10.03880422595713,10.20809268951416,10.026107808960866,10.20809268951416,3684244,0.0,0.0
2006-10-05 00:00:00-04:00,10.051499788493109,10.051499788493109,9.966855959856407,10.04726791381836,1494946,0.0,0.0
2006-10-06 00:00:00-04:00,9.894907888514648,10.013409082339845,9.87374614087132,10.009177207946777,3269869,0.0,0.0
2006-10-09 00:00:00-04:00,9.996482598864741,10.026108100646423,9.916070635727717,9.941463470458984,1871356,0.0,0.0
2006-10-10 00:00:00-04:00,10.18693366213338,10.18693366213338,10.072663511821544,10.161540031433105,3800296,0.0,0.0
2006-10-11 00:00:00-04:00,10.136146669500718,10.318132381279185,10.131914793551594,10.170004844665527,2339587,0.0,0.0
2006-10-12 00:00:00-04:00,10.208093879153743,10.263112220477842,10.123449241564446,10.250415802001953,2027923,0.0,0.0
2006-10-13 00:00:00-04:00,10.326594904583905,10.351987739096232,10.2461829421402,10.284272193908691,2914551,0.0,0.0
2006-10-16 00:00:00-04:00,10.237721019914074,10.275811073322894,10.1784700016988,10.241952896118164,1452469,0.0,0.0
2006-10-17 00:00:00-04:00,10.148845059189778,10.22079250192707,10.123451424868533,10.21232795715332,1200450,0.0,0.0
2006-10-18 00:00:00-04:00,10.229254213231078,10.241950630928311,10.106520327741226,10.178467750549316,1424118,0.0,0.0
2006-10-19 00:00:00-04:00,10.144610877875063,10.241951140924664,10.127681792173886,10.229254722595215,1092147,0.0,0.0
2006-10-20 00:00:00-04:00,10.263112077832615,10.280041163493754,10.195397318973784,10.275809288024902,1116084,0.0,0.0
2006-10-23 00:00:00-04:00,10.110751346766824,10.263110721909348,10.093823055235049,10.233485221862793,3553673,0.0,0.0
2006-10-24 00:00:00-04:00,10.208093854529068,10.33929229017776,10.199629311601269,10.29697036743164,2841270,0.0,0.0
2006-10-25 00:00:00-04:00,10.335063955006682,10.508585178030776,10.335063955006682,10.449334144592285,2309765,0.0,0.0
2006-10-26 00:00:00-04:00,10.732889524836004,10.74558673745466,10.580530100449291,10.673639297485352,2795948,0.0,0.0
2006-10-27 00:00:00-04:00,10.82599728942406,10.838693708469766,10.690566179960172,10.711727142333984,1960823,0.0,0.0
2006-10-30 00:00:00-05:00,10.81329810450695,10.83869172985564,10.770976187485235,10.792137145996094,2473886,0.0,0.0
2006-10-31 00:00:00-05:00,10.978355701103903,10.982587576438899,10.897943734596257,10.940265655517578,2613776,0.0,0.0
2006-11-01 00:00:00-05:00,10.98258718425401,10.995283601698453,10.893710678357285,10.910639762878418,2183608,0.0,0.0
2006-11-02 00:00:00-05:00,10.8302269557493,10.982586328894813,10.80483412283809,10.978354454040527,4847023,0.0,0.0
2006-11-03 00:00:00-05:00,10.842925593195835,10.859854679866112,10.720191694568591,10.724424362182617,3037863,0.0,0.0
2006-11-06 00:00:00-05:00,10.724422257391916,10.83022704858348,10.711725048934724,10.817530632019043,1689871,0.0,0.0
2006-11-07 00:00:00-05:00,10.749816658366992,10.77944216260002,10.690565649900936,10.707494735717773,1715180,0.0,0.0
2006-11-08 00:00:00-05:00,10.618614978275534,10.686330508958093,10.597454023417104,10.665168762207031,2054705,0.0,0.0
2006-11-09 00:00:00-05:00,10.792137417232881,10.834460127211052,10.762511916194555,10.800601959228516,5194493,0.0,0.0
2006-11-10 00:00:00-05:00,10.965661504288475,10.969893380480633,10.902177818155103,10.914875030517578,2272094,0.0,0.0
2006-11-13 00:00:00-05:00,10.965657616322858,11.003747656119138,10.952961200355004,10.982585906982422,2859909,0.0,0.0
2006-11-14 00:00:00-05:00,10.952961063238282,11.012211267644105,10.821762654832309,11.007979393005371,4082432,0.0,0.0
2006-11-15 00:00:00-05:00,11.10955575379288,11.20266494369102,11.096859334040573,11.173039436340332,4464335,0.0,0.0
2006-11-16 00:00:00-05:00,11.122248896789497,11.185731764221218,11.113783564194069,11.164570808410645,3372286,0.0,0.0
2006-11-17 00:00:00-05:00,11.037604700350576,11.109552111214283,11.007979202713438,11.10108757019043,2071578,0.0,0.0
2006-11-20 00:00:00-05:00,11.088394165039062,11.151877844007082,11.029143153678463,11.088394165039062,2512930,0.0,0.0
2006-11-21 00:00:00-05:00,11.116810525428942,11.116810525428942,11.047922293549409,11.103894233703613,2411985,0.45464,0.0
2006-11-22 00:00:00-05:00,11.108199378702755,11.164171318771098,11.00917340148492,11.082365989685059,1664659,0.0,0.0
2006-11-24 00:00:00-05:00,11.168476420967265,11.383751439201365,11.168476420967265,11.29764175415039,941956,0.0,0.0
2006-11-27 00:00:00-05:00,11.220142059894394,11.23305835114711,11.103893827406678,11.12972640991211,1818676,0.0,0.0
2006-11-28 00:00:00-05:00,11.086672256439371,11.185698236328895,11.07806112653448,11.172781944274902,1886365,0.0,0.0
2006-11-29 00:00:00-05:00,11.306254800185261,11.327783032237656,11.254588815594602,11.28042221069336,2144368,0.0,0.0
2006-11-30 00:00:00-05:00,11.375141553688302,11.409586075961261,11.280420728651162,11.349308967590332,3713968,0.0,0.0
2006-12-01 00:00:00-05:00,11.418196783539013,11.448335336607986,11.280420310764644,11.33639144897461,2168697,0.0,0.0
2006-12-04 00:00:00-05:00,11.452640424626253,11.551667213439941,11.439724132139554,11.551667213439941,2185079,0.0,0.0
2006-12-05 00:00:00-05:00,11.75402463553748,11.766940926576044,11.710968989397886,11.732497215270996,3961965,0.0,0.0
2006-12-06 00:00:00-05:00,11.663610294740327,11.663610294740327,11.517222692666458,11.551667213439941,2007126,0.0,0.0
2006-12-07 00:00:00-05:00,11.59041461391765,11.64638655023862,11.551665741395379,11.637775421142578,3528657,0.0,0.0
2006-12-08 00:00:00-05:00,11.728189573599296,11.779855535984623,11.642079099219412,11.667912483215332,4628652,0.0,0.0
2006-12-11 00:00:00-05:00,11.66791466670142,11.69805321753341,11.637776115869432,11.663609504699707,2954183,0.0,0.0
2006-12-12 00:00:00-05:00,11.891802116161317,11.969301485530822,11.805692421845643,11.94346809387207,4209667,0.0,0.0
2006-12-13 00:00:00-05:00,12.14152036927199,12.188881179397764,12.081243267514338,12.163047790527344,6039428,0.0,0.0
2006-12-14 00:00:00-05:00,12.210407823619763,12.253463471837884,12.18026927267041,12.240547180175781,3082989,0.0,0.0
2006-12-15 00:00:00-05:00,12.240544169724442,12.300821256798542,12.175961116084212,12.223321914672852,2575616,0.0,0.0
2006-12-18 00:00:00-05:00,12.20179788025085,12.240547562052729,12.124298516647094,12.137215614318848,2059610,0.0,0.0
2006-12-19 00:00:00-05:00,12.145828263882036,12.30082702076328,12.145828263882036,12.262077331542969,2135931,0.0,0.0
2006-12-20 00:00:00-05:00,12.438599265455428,12.48596007312536,12.274990227913182,12.29221248626709,1840454,0.0,0.0
2006-12-21 00:00:00-05:00,12.05540619500736,12.163044074001075,12.020962492644708,12.102766990661621,3728094,0.0,0.0
2006-12-22 00:00:00-05:00,12.132908203113871,12.132908203113871,11.900410945569362,11.934855461120605,2235895,0.0,0.0
2006-12-26 00:00:00-05:00,11.977912089353108,12.051105487424088,11.926245308307658,12.01235580444336,1114907,0.0,0.0
2006-12-27 00:00:00-05:00,12.012355672392001,12.051105354946758,11.964994859757667,12.033883094787598,1346324,0.0,0.0
2006-12-28 00:00:00-05:00,12.008049950830394,12.046798825973552,11.95638397836618,11.969300270080566,3534347,0.0,0.0
2006-12-29 00:00:00-05:00,12.05541036312928,12.119993435097479,11.814302752015648,11.960689544677734,1992705,0.0,0.0
2007-01-03 00:00:00-05:00,12.150127814885408,12.214710059069644,12.076933638082238,12.158738136291504,3563777,0.0,0.0
2007-01-04 00:00:00-05:00,12.253463662055823,12.485960943616218,12.236241402501223,12.464432716369629,5313881,0.0,0.0
2007-01-05 00:00:00-05:00,12.292214632020071,12.322353186597141,12.107077336414203,12.13291072845459,2853239,0.0,0.0
2007-01-08 00:00:00-05:00,12.154436840820395,12.382628153990275,12.068327154524344,12.330962181091309,3427614,0.0,0.0
2007-01-09 00:00:00-05:00,12.503182555901128,12.645264185009172,12.408461738364663,12.520404815673828,3478037,0.0,0.0
2007-01-10 00:00:00-05:00,12.313740544921474,12.313740544921474,12.124298110025043,12.163047790527344,2590625,0.0,0.0
2007-01-11 00:00:00-05:00,12.386935122336906,12.533321923108597,12.378323991890323,12.4859619140625,6833646,0.0,0.0
2007-01-12 00:00:00-05:00,12.559153297799437,12.649568944560222,12.546237007006928,12.602208137512207,3266240,0.0,0.0
2007-01-16 00:00:00-05:00,12.610821168540413,12.640959722006173,12.53762776886835,12.546238899230957,1476209,0.0,0.0
2007-01-17 00:00:00-05:00,12.606514396853804,12.684012949010578,12.597903267590466,12.636652946472168,1888425,0.0,0.0
2007-01-18 00:00:00-05:00,12.653877379096947,12.65818334754589,12.485963138545035,12.498879432678223,2509594,0.0,0.0
2007-01-19 00:00:00-05:00,12.460126395662087,12.619430267712353,12.455821233977098,12.606513977050781,1426668,0.0,0.0
2007-01-22 00:00:00-05:00,12.701233715854611,12.765815969334902,12.649567751949071,12.684011459350586,3466952,0.0,0.0
2007-01-23 00:00:00-05:00,12.675402784702303,12.787345049713077,12.675402784702303,12.709846496582031,2737775,0.0,0.0
2007-01-24 00:00:00-05:00,12.675403613896702,12.80026298393618,12.640959094157058,12.787345886230469,3274970,0.0,0.0
2007-01-25 00:00:00-05:00,12.826094140723919,12.851927527653666,12.589291719097616,12.606513977050781,2509104,0.0,0.0
2007-01-26 00:00:00-05:00,12.628041396688936,12.636652525665518,12.550542041506297,12.606513977050781,1115005,0.0,0.0
2007-01-29 00:00:00-05:00,12.490267076482422,12.606516129101182,12.468739653169335,12.4859619140625,2289262,0.0,0.0
2007-01-30 00:00:00-05:00,12.455821441009359,12.485959990125037,12.40415547189771,12.447210311889648,1664855,0.0,0.0
2007-01-31 00:00:00-05:00,12.55915169353907,12.679705873820966,12.47734718629157,12.6538724899292,2708149,0.0,0.0
2007-02-01 00:00:00-05:00,12.666791809023252,12.795957148165977,12.653875516790988,12.76581859588623,3212481,0.0,0.0
2007-02-02 00:00:00-05:00,12.645261190262064,12.645261190262064,12.494569272562366,12.580678939819336,2855299,0.0,0.0
2007-02-05 00:00:00-05:00,12.481653815300241,12.615124300420762,12.464431557347076,12.606513977050781,3894080,0.0,0.0
2007-02-06 00:00:00-05:00,12.653874285710748,12.714151384405953,12.640957994735096,12.696929931640625,1458845,0.0,0.0
2007-02-07 00:00:00-05:00,12.83040017404257,12.851927593791508,12.75720678577486,12.795955657958984,1322486,0.0,0.0
2007-02-08 00:00:00-05:00,12.778734854635765,12.778734854635765,12.696930333191794,12.705540657043457,1424903,0.0,0.0
2007-02-09 00:00:00-05:00,12.533320948981354,12.550543208535954,12.447211262421707,12.464432716369629,1830742,0.0,0.0
2007-02-12 00:00:00-05:00,12.735677847315534,12.847620907105991,12.658179301680025,12.714150428771973,2660570,0.0,0.0
2007-02-13 00:00:00-05:00,12.70984522929436,12.70984522929436,12.477347981870041,12.619429588317871,2074717,0.0,0.0
2007-02-14 00:00:00-05:00,12.589292423372896,12.739985174876695,12.580681293914587,12.705540657043457,1537423,0.0,0.0
2007-02-15 00:00:00-05:00,12.567761596999036,12.640954969151226,12.537623054865024,12.623733520507812,1178573,0.0,0.0
2007-02-16 00:00:00-05:00,12.503179594802866,12.589290067666333,12.48595814471537,12.580678939819336,2524309,0.0,0.0
2007-02-20 00:00:00-05:00,12.70553794525967,12.744287616748272,12.63665053550935,12.722760200500488,1185342,0.0,0.0
2007-02-21 00:00:00-05:00,12.48165223705739,12.485958203804513,12.37401515247679,12.425681114196777,3197177,0.0,0.0
2007-02-22 00:00:00-05:00,12.292213335963845,12.391240119934082,12.292213335963845,12.391240119934082,2387950,0.0,0.0
2007-02-23 00:00:00-05:00,12.352489761009469,12.421377989800618,12.313740081964033,12.404155731201172,1501224,0.0,0.0
2007-02-26 00:00:00-05:00,12.361098057841916,12.48165223705739,12.35248773556067,12.425681114196777,1482095,0.0,0.0
2007-02-27 00:00:00-05:00,12.24915879766351,12.270687026849178,11.797081291292725,11.94346809387207,2755335,0.0,0.0
2007-02-28 00:00:00-05:00,12.033883227075606,12.081244040230576,11.934857244088615,12.01235580444336,3437522,0.0,0.0
2007-03-01 00:00:00-05:00,11.732496554511181,11.861661068835698,11.594720105837135,11.784162521362305,2955851,0.0,0.0
2007-03-02 00:00:00-05:00,11.616245797343204,11.672216917438583,11.577496126566,11.58610725402832,2908469,0.0,0.0
2007-03-05 00:00:00-05:00,11.34930826532966,11.465556506790936,11.24167034829709,11.26750373840332,1853894,0.0,0.0
2007-03-06 00:00:00-05:00,11.405279031403389,11.465556134085153,11.314864182987417,11.409584999084473,2887181,0.0,0.0
2007-03-07 00:00:00-05:00,11.37944740932459,11.517223080234684,11.370836278841443,11.448335647583008,1434516,0.0,0.0
2007-03-08 00:00:00-05:00,11.568883772647888,11.663605359085182,11.512912658486194,11.590411186218262,1322486,0.0,0.0
2007-03-09 00:00:00-05:00,11.73249867973116,11.754026102684715,11.607638498751127,11.642082214355469,1421371,0.0,0.0
2007-03-12 00:00:00-04:00,11.551668447609572,11.676527834736516,11.53444618538282,11.659305572509766,3307932,0.0,0.0
2007-03-13 00:00:00-04:00,11.60333120021611,11.685135714621998,11.353611689836425,11.37944507598877,2788100,0.0,0.0
2007-03-14 00:00:00-04:00,11.224445963732562,11.38805416926922,11.168474035917017,11.383749008178711,1781987,0.0,0.0
2007-03-15 00:00:00-04:00,11.388055434606484,11.7626351041472,11.177086405600827,11.474165916442871,2192437,0.0,0.0
2007-03-16 00:00:00-04:00,11.654997404523382,11.775551597812225,11.620552888951373,11.624858856201172,2518718,0.0,0.0
2007-03-19 00:00:00-04:00,11.853052139282227,11.964994409282077,11.827218750016101,11.853052139282227,3407994,0.0,0.0
2007-03-20 00:00:00-04:00,11.874578119469993,12.089853935008014,11.83152327860504,11.999438285827637,2944570,0.0,0.0
2007-03-21 00:00:00-04:00,12.102771797706296,12.326657966003902,12.055410983241009,12.274991989135742,2870798,0.0,0.0
2007-03-22 00:00:00-04:00,12.197491895945875,12.223325285647649,12.107076240399703,12.115687370300293,2264050,0.0,0.0
2007-03-23 00:00:00-04:00,12.025270300426131,12.03388142931394,11.913327236097782,11.934855461120605,1710570,0.0,0.0
2007-03-26 00:00:00-04:00,12.038189066384241,12.051105358704286,11.861662913714582,12.016661643981934,1201136,0.0,0.0
2007-03-27 00:00:00-04:00,11.977911672887897,12.046799100673223,11.943467153388548,11.982216835021973,1919523,0.0,0.0
2007-03-28 00:00:00-04:00,11.977907377086614,12.025267366002828,11.870269500664827,11.874574661254883,1588337,0.0,0.0
2007-03-29 00:00:00-04:00,12.003742090592487,12.046796926589888,11.909021290276895,12.008048057556152,1559692,0.0,0.0
2007-03-30 00:00:00-04:00,11.521528932006863,11.599028299966323,11.332086480109707,11.564583778381348,4893326,0.0,0.0
2007-04-02 00:00:00-04:00,11.72388608868022,11.749719478144929,11.624860109748877,11.715275764465332,1667700,0.0,0.0
2007-04-03 00:00:00-04:00,11.698051050407225,11.809994103387043,11.672217666362723,11.723883628845215,2383732,0.0,0.0
2007-04-04 00:00:00-04:00,11.732497747560815,11.75833033080994,11.689442099467836,11.71958065032959,2384713,0.0,0.0
2007-04-05 00:00:00-04:00,11.659302566166586,11.667913695059589,11.573192888449753,11.624858856201172,5099042,0.0,0.0
2007-04-09 00:00:00-04:00,11.59472030787896,11.67652482395259,11.573192888449753,11.624858856201172,1045452,0.0,0.0
2007-04-10 00:00:00-04:00,11.79707881167344,11.900410745375684,11.736801716079366,11.784162521362305,1531733,0.0,0.0
2007-04-11 00:00:00-04:00,11.913330063721292,11.952079750110363,11.745415830177699,11.762638092041016,1490531,0.0,0.0
2007-04-12 00:00:00-04:00,11.792772587828665,11.853050487717368,11.72819033207204,11.827217102050781,2406589,0.0,0.0
2007-04-13 00:00:00-04:00,11.77985646284739,11.917632910453127,11.741106786607864,11.88318920135498,1638172,0.0,0.0
2007-04-16 00:00:00-04:00,11.956387517006776,12.051108360290527,11.956387517006776,12.051108360290527,2196459,0.0,0.0
2007-04-17 00:00:00-04:00,12.175962172651131,12.188879267863935,12.128601369952765,12.180267333984375,1856248,0.0,0.0
2007-04-18 00:00:00-04:00,11.973606673508776,12.107077183346425,11.964995542937515,12.07693862915039,2204013,0.0,0.0
2007-04-19 00:00:00-04:00,11.977907663289788,12.193182615670802,11.96929653629752,12.102766990661621,1865764,0.0,0.0
2007-04-20 00:00:00-04:00,12.313737665467245,12.455819257013431,12.309431698859088,12.451513290405273,4167386,0.0,0.0
2007-04-23 00:00:00-04:00,12.356795296366629,12.36971158790332,12.292213033076521,12.318045616149902,2143289,0.0,0.0
2007-04-24 00:00:00-04:00,12.214715275676895,12.283603515591086,12.16304929714294,12.227631568908691,1830546,0.0,0.0
2007-04-25 00:00:00-04:00,12.23624339876558,12.356797624102073,12.163049992127512,12.348186492919922,1478563,0.0,0.0
2007-04-26 00:00:00-04:00,12.356797487462128,12.378324912376051,12.266381819459562,12.313742637634277,1080964,0.0,0.0
2007-04-27 00:00:00-04:00,12.369711892700254,12.473044644359925,12.335268179218147,12.391240119934082,1014845,0.0,0.0
2007-04-30 00:00:00-04:00,12.408461557034489,12.464432692067797,12.356795584078098,12.369711875915527,3872007,0.0,0.0
2007-05-01 00:00:00-04:00,12.434293746948242,12.455821166469724,12.318044714804325,12.434293746948242,3601251,0.0,0.0
2007-05-02 00:00:00-04:00,12.313739153804457,12.460125924045803,12.313739153804457,12.442904472351074,2404529,0.0,0.0
2007-05-03 00:00:00-04:00,12.412768495701826,12.412768495701826,12.257770554648413,12.335269927978516,1411953,0.0,0.0
2007-05-04 00:00:00-04:00,12.473044119409465,12.516098960851727,12.442905569278555,12.477349281311035,2928874,0.0,0.0
2007-05-07 00:00:00-04:00,12.485960957227153,12.52901580055391,12.47304466535046,12.503182411193848,699257,0.0,0.0
2007-05-08 00:00:00-04:00,12.391239440054905,12.404155731201172,12.326656373110302,12.404155731201172,1585198,0.0,0.0
2007-05-09 00:00:00-04:00,12.309435982590816,12.339575342517112,12.163049179099769,12.270687103271484,3160782,0.0,0.0
2007-05-10 00:00:00-04:00,12.115687919086806,12.244853262232906,12.098466464112256,12.124299049377441,3883975,0.0,0.0
2007-05-11 00:00:00-04:00,12.193185822246212,12.231935501098633,12.1242975937982,12.231935501098633,1926095,0.0,0.0
2007-05-14 00:00:00-04:00,12.145825559702578,12.270685731125134,12.111381846734744,12.240547180175781,2728652,0.0,0.0
2007-05-15 00:00:00-04:00,12.158743889283137,12.404158305636843,12.141522432716078,12.313742637634277,2415418,0.0,0.0
2007-05-16 00:00:00-04:00,12.253465391955315,12.335269927978516,12.210409736990373,12.335269927978516,2733753,0.0,0.0
2007-05-17 00:00:00-04:00,12.210406999775014,12.2749900649414,12.167352160068498,12.23624038696289,4779138,0.0,0.0
2007-05-18 00:00:00-04:00,12.335266955306057,12.4385988911064,12.330960988043861,12.395544052124023,2015465,0.0,0.0
2007-05-21 00:00:00-04:00,12.356795067978066,12.46443217147214,12.356795067978066,12.421378135681152,2169285,0.0,0.0
2007-05-22 00:00:00-04:00,12.451514074854868,12.468736331159558,12.356793276392128,12.378320693969727,4028575,0.0,0.0
2007-05-23 00:00:00-04:00,12.933734184190213,12.998316453788728,12.80887480739039,12.813179969787598,5787311,0.0,0.0
2007-05-24 00:00:00-04:00,13.16192678453993,13.204980826851118,13.011234011220333,13.071510314941406,5812425,0.0,0.0
2007-05-25 00:00:00-04:00,13.088730294620401,13.192062233852552,12.985398355388249,13.157618522644043,4162089,0.0,0.0
2007-05-29 00:00:00-04:00,13.592475755430732,13.790527705560413,13.575253496460043,13.648446083068848,5555501,0.0,0.0
2007-05-30 00:00:00-04:00,13.50636649849524,13.730252676468833,13.50636649849524,13.70442008972168,3379153,0.0,0.0
2007-05-31 00:00:00-04:00,13.549420212397873,13.725946364686592,13.446088262847098,13.532197952270508,2608970,0.0,0.0
2007-06-01 00:00:00-04:00,13.756084221569358,14.01872006538298,13.717334538776084,13.880945205688477,2738756,0.0,0.0
2007-06-04 00:00:00-04:00,13.949830200763563,14.001495361328125,13.893858267474336,14.001495361328125,2668909,0.0,0.0
2007-06-05 00:00:00-04:00,14.01871908736243,14.035941346426082,13.829277460088875,13.842194557189941,3658149,0.0,0.0
2007-06-06 00:00:00-04:00,13.944867922419789,13.953719950895008,13.732442424870213,13.85635757446289,4125890,0.88889,0.0
2007-06-07 00:00:00-04:00,13.781119565240912,14.024524621386513,13.763417996625039,13.8253755569458,5127687,0.0,0.0
2007-06-08 00:00:00-04:00,13.869633187130475,14.055505073081738,13.803250429866896,14.04665470123291,4204664,0.0,0.0
2007-06-11 00:00:00-04:00,13.776698695962468,13.891762654309373,13.750145920687364,13.84750747680664,3281739,0.0,0.0
2007-06-12 00:00:00-04:00,13.900612827156902,13.922740414271429,13.741293703092536,13.79882526397705,3052970,0.0,0.0
2007-06-13 00:00:00-04:00,13.86963075945342,13.940439518313598,13.816524397324809,13.922737121582031,3226117,0.0,0.0
2007-06-14 00:00:00-04:00,14.073204823221115,14.250227132060173,14.055502426723994,14.236949920654297,2988126,0.0,0.0
2007-06-15 00:00:00-04:00,14.236950852439513,14.329888026098946,14.188270500985492,14.245802879333496,2310647,0.0,0.0
2007-06-18 00:00:00-04:00,14.276782555285466,14.325462912611613,14.232527383873977,14.298910140991211,2130536,0.0,0.0
2007-06-19 00:00:00-04:00,14.08648749412419,14.121892300840265,14.046657500601803,14.095337867736816,2488405,0.0,0.0
2007-06-20 00:00:00-04:00,14.104186178083838,14.139589319331005,13.958143459058768,13.997973442077637,2680779,0.0,0.0
2007-06-21 00:00:00-04:00,13.905036197588391,13.984696163251455,13.843079458597993,13.944866180419922,2745230,0.0,0.0
2007-06-22 00:00:00-04:00,13.887337768598336,13.962571737595885,13.785550195684168,13.829805374145508,2572476,0.0,0.0
2007-06-25 00:00:00-04:00,13.882904155148786,14.02452164239082,13.84750019737123,13.927159309387207,3257214,0.0,0.0
2007-06-26 00:00:00-04:00,14.298907523448808,14.316609919999312,14.161716848413658,14.18826961517334,2771521,0.0,0.0
2007-06-27 00:00:00-04:00,14.453805170237155,14.639676231225344,14.418400369985841,14.63525104522705,2778094,0.0,0.0
2007-06-28 00:00:00-04:00,14.905211899552237,14.976021514205692,14.710488771520861,14.781296730041504,2995876,0.0,0.0
2007-06-29 00:00:00-04:00,14.905207112247584,14.9892922605422,14.798994380513978,14.883079528808594,2346258,0.0,0.0
2007-07-02 00:00:00-04:00,14.723760188845791,14.90078251953185,14.714909817571046,14.847675323486328,2460839,0.0,0.0
2007-07-03 00:00:00-04:00,14.869804492909944,14.909632819588403,14.829972853966803,14.905207633972168,1424608,0.0,0.0
2007-07-05 00:00:00-04:00,14.61312121449311,14.688355989437794,14.493631274098227,14.560015678405762,2486246,0.0,0.0
2007-07-06 00:00:00-04:00,14.564442964391656,14.688358107977717,14.529038164472075,14.639676094055176,1362315,0.0,0.0
2007-07-09 00:00:00-04:00,14.869803203562924,14.989291485502264,14.869803203562924,14.971589088439941,2424247,0.0,0.0
2007-07-10 00:00:00-04:00,14.723757654278657,14.816694817326907,14.511332218928462,14.529034614562988,2847156,0.0,0.0
2007-07-11 00:00:00-04:00,14.599846244975737,14.63525104522705,14.529038300605594,14.63525104522705,3031192,0.0,0.0
2007-07-12 00:00:00-04:00,14.630823501521972,14.807844161987305,14.604270733678616,14.807844161987305,1708804,0.0,0.0
2007-07-13 00:00:00-04:00,14.84767573428137,14.940612915899267,14.750315023036062,14.834400177001953,1844476,0.0,0.0
2007-07-16 00:00:00-04:00,14.714907551349121,14.807843059950482,14.630822412659471,14.670652389526367,2294069,0.0,0.0
2007-07-17 00:00:00-04:00,14.77244249412628,14.869804860753677,14.745888067507291,14.829973220825195,1634542,0.0,0.0
2007-07-18 00:00:00-04:00,14.59099587297915,14.666230659480071,14.506910714481643,14.63525104522705,5386769,0.0,0.0
2007-07-19 00:00:00-04:00,14.75916381158578,14.812271003404712,14.714908646469448,14.807844161987305,2576498,0.0,0.0
2007-07-20 00:00:00-04:00,14.763593595955719,14.843253580433306,14.66623286482332,14.719338417053223,2480360,0.0,0.0
2007-07-23 00:00:00-04:00,14.701632933019198,14.737037731173963,14.66622979099682,14.679505348205566,1567246,0.0,0.0
2007-07-24 00:00:00-04:00,14.52461171384491,14.555589668977914,14.166143528301818,14.201546669006348,2385400,0.0,0.0
2007-07-25 00:00:00-04:00,14.493633087517859,14.506910301267034,14.201547634095485,14.303335189819336,3120855,0.0,0.0
2007-07-26 00:00:00-04:00,13.92716677089407,13.958146389137442,13.422655754925131,13.542145729064941,3665703,0.0,0.0
2007-07-27 00:00:00-04:00,13.728016245930949,13.829803807313208,13.546569537956445,13.559845924377441,2737284,0.0,0.0
2007-07-30 00:00:00-04:00,13.400527598134142,13.56869792966462,13.329718819577543,13.466910362243652,2094239,0.0,0.0
2007-07-31 00:00:00-04:00,13.54656914773581,13.62180310604263,13.404951603103711,13.43150520324707,1927959,0.0,0.0
2007-08-01 00:00:00-04:00,13.683761677926935,13.79882563082124,13.49788977561021,13.72801685333252,3920665,0.0,0.0
2007-08-02 00:00:00-04:00,14.04222902284774,14.236952101885125,14.006824224429161,14.22810173034668,2668811,0.0,0.0
2007-08-03 00:00:00-04:00,14.197124986021594,14.343167738838563,13.997976680979946,14.024529457092285,3411428,0.0,0.0
2007-08-06 00:00:00-04:00,14.06435645780867,14.161718824355043,13.944866506519807,14.130739212036133,2797714,0.0,0.0
2007-08-07 00:00:00-04:00,14.188271305201711,14.471504715350534,14.117461710565246,14.391844749450684,2249924,0.0,0.0
2007-08-08 00:00:00-04:00,14.595420922221937,14.798996037560817,14.551165750388696,14.639676094055176,3477743,0.0,0.0
2007-08-09 00:00:00-04:00,14.422824459476997,14.60427197680468,14.290058952826904,14.29448413848877,1779926,0.0,0.0
2007-08-10 00:00:00-04:00,13.834228492581342,13.93601687834475,13.60852661933058,13.843080520629883,2749547,0.0,0.0
2007-08-13 00:00:00-04:00,14.011249482289893,14.329889357431785,13.927164327712427,14.17056941986084,2800853,0.0,0.0
2007-08-14 00:00:00-04:00,14.334314301378974,14.418399454537777,14.011249245895758,14.028951644897461,4001695,0.0,0.0
2007-08-15 00:00:00-04:00,13.975847230718012,14.073207948877752,13.754569709556533,13.772272109985352,1530458,0.0,0.0
2007-08-16 00:00:00-04:00,13.497887307099623,13.608525225379987,12.891588037045391,13.40937614440918,3641080,0.0,0.0
2007-08-17 00:00:00-04:00,13.82095194860392,13.865207119943179,13.533292506832518,13.643930435180664,1845359,0.0,0.0
2007-08-20 00:00:00-04:00,13.772272856804408,13.820953218524034,13.612952900438215,13.72801685333252,1576663,0.0,0.0
2007-08-21 00:00:00-04:00,13.639507148864196,13.900613855423186,13.626229933160305,13.84750747680664,1789050,0.0,0.0
2007-08-22 00:00:00-04:00,13.75899659176755,13.909464529762648,13.68818863745595,13.829805374145508,1662599,0.0,0.0
2007-08-23 00:00:00-04:00,13.989121348869993,14.024526146082987,13.882908613363355,13.944866180419922,1706155,0.0,0.0
2007-08-24 00:00:00-04:00,14.002397091285069,14.179417746494124,13.993545064845316,14.174992561340332,1146004,0.0,0.0
2007-08-27 00:00:00-04:00,14.095334150672784,14.117461735001894,13.980271043387878,13.997973442077637,1228408,0.0,0.0
2007-08-28 00:00:00-04:00,14.02452586911362,14.0687810366897,13.688185270629573,13.705886840820312,1492199,0.0,0.0
2007-08-29 00:00:00-04:00,14.020099714069254,14.223673139615313,14.006822502261647,14.214822769165039,1577154,0.0,0.0
2007-08-30 00:00:00-04:00,14.037806451613308,14.219252351004839,14.020104049106955,14.08648681640625,1256857,0.0,0.0
2007-08-31 00:00:00-04:00,14.347590720782463,14.436102721110307,14.219250390472686,14.338740348815918,3673060,0.0,0.0
2007-09-04 00:00:00-04:00,14.303335431250082,14.604272917629007,14.267932287542093,14.546740531921387,960988,0.0,0.0
2007-09-05 00:00:00-04:00,14.365296125505505,14.378573342364875,14.236955768351951,14.334318161010742,921944,0.0,0.0
2007-09-06 00:00:00-04:00,14.290058044049445,14.427248727636751,14.17056810198392,14.387418746948242,1591476,0.0,0.0
2007-09-07 00:00:00-04:00,14.352017299237541,14.506910398733893,14.303335285918443,14.44937801361084,3876912,0.0,0.0
2007-09-10 00:00:00-04:00,14.431677278385742,14.431677278385742,14.205976210028581,14.316614151000977,2076679,0.0,0.0
2007-09-11 00:00:00-04:00,14.595420159906682,14.834400062683281,14.590994974180978,14.829973220825195,3362083,0.0,0.0
2007-09-12 00:00:00-04:00,14.91405659853333,15.051248932623238,14.878653460810277,14.936185836791992,3216699,0.0,0.0
2007-09-13 00:00:00-04:00,15.276953610643112,15.369889136608473,15.179591242762692,15.232698440551758,1614628,0.0,0.0
2007-09-14 00:00:00-04:00,15.037973037580937,15.232697764702161,14.98486749828048,15.113207817077637,1645726,0.0,0.0
2007-09-17 00:00:00-04:00,14.878651971187518,14.967162290831942,14.723757255677759,14.803417205810547,3698664,0.0,0.0
2007-09-18 00:00:00-04:00,14.82111963551161,15.13090741112118,14.719332105230466,15.055672645568848,1490335,0.0,0.0
2007-09-19 00:00:00-04:00,14.922911157358332,15.08223110061,14.89635838552721,14.993719100952148,4037796,0.0,0.0
2007-09-20 00:00:00-04:00,15.037974968548893,15.392018015165112,15.015847381643663,15.30793285369873,1759424,0.0,0.0
2007-09-21 00:00:00-04:00,15.45840252411881,15.591168046341243,15.396444949188497,15.555763244628906,3049831,0.0,0.0
2007-09-24 00:00:00-04:00,15.577888081381255,15.630995274573655,15.48495256345988,15.560187339782715,1974164,0.0,0.0
2007-09-25 00:00:00-04:00,15.400867191223742,15.661972999572754,15.392015164421602,15.661972999572754,2897089,0.0,0.0
2007-09-26 00:00:00-04:00,15.825720021777434,15.869975192748656,15.74606005157626,15.772614479064941,2971547,0.0,0.0
2007-09-27 00:00:00-04:00,15.962913409034526,16.16206169128418,15.909806206755091,16.16206169128418,3258882,0.0,0.0
2007-09-28 00:00:00-04:00,16.07354572749767,16.104525332036157,15.90537546323721,16.064695358276367,3766353,0.0,0.0
2007-10-01 00:00:00-04:00,16.148783950179872,16.361209418321565,16.148783950179872,16.28154945373535,2799284,0.0,0.0
2007-10-02 00:00:00-04:00,16.016019303401144,16.108956495377655,15.896530993906458,15.993891716003418,2592587,0.0,0.0
2007-10-03 00:00:00-04:00,15.462827384672872,15.648700105549574,15.40529499713502,15.48052978515625,2687842,0.0,0.0
2007-10-04 00:00:00-04:00,15.484949167427143,15.502651561275599,15.334481303913117,15.427416801452637,2470060,0.0,0.0
2007-10-05 00:00:00-04:00,15.414145506020516,15.507082695349398,15.347762745718477,15.476104736328125,1611881,0.0,0.0
2007-10-08 00:00:00-04:00,15.356614050615423,15.365464422452385,15.188443736653511,15.303506851196289,1715082,0.0,0.0
2007-10-09 00:00:00-04:00,15.431848153187353,15.608870506286621,15.383167792748019,15.608870506286621,2345571,0.0,0.0
2007-10-10 00:00:00-04:00,15.484951815104928,15.600014910595982,15.462824233043872,15.498229026794434,1545369,0.0,0.0
2007-10-11 00:00:00-04:00,16.02929744663224,16.294830166915894,16.02929744663224,16.10453224182129,2964582,0.0,0.0
2007-10-12 00:00:00-04:00,16.197466906031806,16.228444866052374,16.108956556107227,16.148786544799805,1424118,0.0,0.0
2007-10-15 00:00:00-04:00,16.042571274942333,16.10452884138857,15.918656142049853,15.980613708496094,1456000,0.0,0.0
2007-10-16 00:00:00-04:00,15.86112333838812,15.86554852384511,15.582315124878056,15.639845848083496,1442561,0.0,0.0
2007-10-17 00:00:00-04:00,15.95406128779879,15.993891275243577,15.808018552545416,15.914231300354004,2224712,0.0,0.0
2007-10-18 00:00:00-04:00,16.00716517880127,16.038143131443793,15.896527267746265,15.936355590820312,1474149,0.0,0.0
2007-10-19 00:00:00-04:00,16.029293539031904,16.162059038741994,15.843420845758416,15.847846031188965,2123080,0.0,0.0
2007-10-22 00:00:00-04:00,16.09567730365815,16.277124822940667,16.064699347558996,16.153209686279297,5276210,0.0,0.0
2007-10-23 00:00:00-04:00,16.321379992300816,16.330230363719895,16.108954516919148,16.153209686279297,3763312,0.0,0.0
2007-10-24 00:00:00-04:00,16.321380490269764,16.427593231201172,16.13550777960669,16.427593231201172,2078052,0.0,0.0
2007-10-25 00:00:00-04:00,17.10470482045925,17.286150726301518,17.01176761802998,17.144533157348633,5297792,0.0,0.0
2007-10-26 00:00:00-04:00,17.728697683697717,17.87474038588577,17.54282500308273,17.6844425201416,2779271,0.0,0.0
2007-10-29 00:00:00-04:00,17.5029968157243,17.77737982556683,17.40120927630765,17.680017471313477,2045679,0.0,0.0
2007-10-30 00:00:00-04:00,17.432186850428568,17.511846806168514,17.325974128152684,17.392356872558594,1271474,0.0,0.0
2007-10-31 00:00:00-04:00,17.339251747267532,17.502996847665646,17.237464207665134,17.37908172607422,5316431,0.0,0.0
2007-11-01 00:00:00-04:00,17.020614403511473,17.038316802915435,16.737380981445312,16.737380981445312,5745128,0.0,0.0
2007-11-02 00:00:00-04:00,16.887847489614604,17.095847767104647,16.794911970627776,17.011762619018555,6351485,0.0,0.0
2007-11-05 00:00:00-05:00,17.14895692186062,17.46759515270699,17.135679707859012,17.418914794921875,2854710,0.0,0.0
2007-11-06 00:00:00-05:00,17.37908496897378,17.418914955212653,17.16665782365562,17.405637741088867,2416497,0.0,0.0
2007-11-07 00:00:00-05:00,17.10027812921606,17.22861848292206,16.741809844970703,16.741809844970703,2611618,0.0,0.0
2007-11-08 00:00:00-05:00,16.839165675009514,17.082569071096565,16.706398530102625,16.989633560180664,2277588,0.0,0.0
2007-11-09 00:00:00-05:00,16.706401342860456,16.786061311990043,16.53380584716797,16.53380584716797,2480655,0.0,0.0
2007-11-12 00:00:00-05:00,16.489547666688058,16.675420342015933,16.20631264062688,16.285972595214844,5688721,0.0,0.0
2007-11-13 00:00:00-05:00,17.591509208873603,18.08716975252847,17.55610441114615,17.879169464111328,7182784,0.0,0.0
2007-11-14 00:00:00-05:00,17.60921181349948,17.622487370703126,17.250741958618164,17.250741958618164,2477123,0.0,0.0
2007-11-15 00:00:00-05:00,17.396790601387924,17.542831703221335,17.17551304296258,17.237470626831055,2921320,0.0,0.0
2007-11-16 00:00:00-05:00,17.27730235223341,17.52955789981103,17.215344762154714,17.445472717285156,2103951,0.0,0.0
2007-11-19 00:00:00-05:00,17.67116952245934,17.680019893998693,17.13125379911646,17.24631690979004,3104080,0.0,0.0
2007-11-20 00:00:00-05:00,17.32928398405431,17.683583955905718,17.266496668514968,17.535585403442383,3111340,0.52497,0.0
2007-11-21 00:00:00-05:00,17.270980067834607,17.288919539514737,16.907711220824304,16.94359016418457,3595071,0.0,0.0
2007-11-23 00:00:00-05:00,17.208194460952686,17.275466221123278,17.11849710241373,17.212678909301758,1500047,0.0,0.0
2007-11-26 00:00:00-05:00,17.060197629400637,17.127471081252327,16.75523158469526,16.759716033935547,2423855,0.0,0.0
2007-11-27 00:00:00-05:00,16.625167434371882,16.86734608117822,16.58031959897483,16.86286163330078,1944342,0.0,0.0
2007-11-28 00:00:00-05:00,17.087105533603534,17.185770117735025,17.042257690214377,17.14540672302246,6842279,0.0,0.0
2007-11-29 00:00:00-05:00,16.921166758810504,16.943590679514806,16.732804817907436,16.818016052246094,4661123,0.0,0.0
2007-11-30 00:00:00-05:00,16.87183824964368,16.916686101102,16.611718361548725,16.705900192260742,2798989,0.0,0.0
2007-12-03 00:00:00-05:00,16.8628613621312,16.898740301196405,16.777650140584807,16.867345809936523,4927857,0.0,0.0
2007-12-04 00:00:00-05:00,16.76419951531653,16.831471278237764,16.661048807512678,16.701412200927734,2428956,0.0,0.0
2007-12-05 00:00:00-05:00,16.930134555694565,17.064679749489557,16.880802269012886,16.95704460144043,3571429,0.0,0.0
2007-12-06 00:00:00-05:00,16.862860778280904,16.934618653926815,16.77316511203476,16.880800247192383,4278141,0.0,0.0
2007-12-07 00:00:00-05:00,16.7507484516509,17.12298797745682,16.69244557201046,16.88977813720703,2444456,0.0,0.0
2007-12-10 00:00:00-05:00,16.786624009272774,16.907712515339508,16.741774487482846,16.84044075012207,3363260,0.0,0.0
2007-12-11 00:00:00-05:00,16.813534480010638,16.84941175228801,16.338144258795005,16.34263038635254,4351422,0.0,0.0
2007-12-12 00:00:00-05:00,17.064683053542648,17.203711044131865,16.91668448653078,17.082622528076172,4556843,0.0,0.0
2007-12-13 00:00:00-05:00,16.719353122848766,16.795593789444528,16.522020587198238,16.670019149780273,2509398,0.0,0.0
2007-12-14 00:00:00-05:00,16.562386195386182,16.72832425411947,16.47269049173963,16.51305389404297,2037145,0.0,0.0
2007-12-17 00:00:00-05:00,16.400927283923217,16.423351202585433,16.145293604187092,16.158748626708984,1885678,0.0,0.0
2007-12-18 00:00:00-05:00,16.63862291768591,16.678987988707693,16.293293533733404,16.43680763244629,1837609,0.0,0.0
2007-12-19 00:00:00-05:00,16.320203823975994,16.495110742782465,16.230506462000754,16.315717697143555,1671918,0.0,0.0
2007-12-20 00:00:00-05:00,16.5668643600783,16.59377440361319,16.351594081667017,16.522016525268555,1994471,0.0,0.0
2007-12-21 00:00:00-05:00,16.75523032451984,16.840441566923868,16.69692745384558,16.826988220214844,2489876,0.0,0.0
2007-12-24 00:00:00-05:00,17.060191686722476,17.060191686722476,16.65655950777115,16.8045597076416,647754,0.0,0.0
2007-12-26 00:00:00-05:00,16.687955587543627,16.88528640897975,16.486138639690783,16.84492301940918,859748,0.0,0.0
2007-12-27 00:00:00-05:00,16.804562545390166,16.943590516759055,16.804562545390166,16.89874267578125,1363296,0.0,0.0
2007-12-28 00:00:00-05:00,16.84043744479327,16.898740301196405,16.705893940765694,16.867345809936523,2098457,0.0,0.0
2007-12-31 00:00:00-05:00,16.678986340596516,16.930133890637826,16.48165384499861,16.737287521362305,1278930,0.0,0.0
2008-01-02 00:00:00-05:00,16.723838192803097,16.7597154638168,16.391962107321802,16.50408172607422,2406884,0.0,0.0
2008-01-03 00:00:00-05:00,16.553411952611977,16.562380848756536,16.414382314191496,16.463714599609375,1179260,0.0,0.0
2008-01-04 00:00:00-05:00,16.65656620883169,16.687960711831803,16.288812819978503,16.324691772460938,1375068,0.0,0.0
2008-01-07 00:00:00-05:00,16.67450185272397,16.70141190005695,16.302264099940942,16.589290618896484,2534708,0.0,0.0
2008-01-08 00:00:00-05:00,16.974985302750333,17.163347263688852,16.562384110917204,16.593778610229492,4915104,0.0,0.0
2008-01-09 00:00:00-05:00,16.43232578754859,16.61620330810547,16.39196238844313,16.61620330810547,2276509,0.0,0.0
2008-01-10 00:00:00-05:00,16.57583892472673,16.831472651673888,16.535475528018054,16.71038246154785,3059347,0.0,0.0
2008-01-11 00:00:00-05:00,16.369533450469802,16.472684141221656,16.190142112335305,16.257413864135742,2141131,0.0,0.0
2008-01-14 00:00:00-05:00,16.234990301527727,16.261900348266657,15.99281162905792,16.060083389282227,2229224,0.0,0.0
2008-01-15 00:00:00-05:00,16.288813139394907,16.36056936745495,15.925544192900498,15.934513092041016,2345669,0.0,0.0
2008-01-16 00:00:00-05:00,16.14081178393529,16.1766907309607,15.750634528702726,15.858269691467285,4101757,0.0,0.0
2008-01-17 00:00:00-05:00,16.07354351799888,16.09596744519603,15.755122409149683,15.786515235900879,4765894,0.0,0.0
2008-01-18 00:00:00-05:00,15.894147667130493,16.019720617421758,15.391849152719137,15.589179992675781,6272612,0.0,0.0
2008-01-22 00:00:00-05:00,14.544218752986344,15.302149164755496,14.441068063026924,15.257301330566406,6241220,0.0,0.0
2008-01-23 00:00:00-05:00,14.311011718683663,15.024094431319686,14.023983511537573,14.952338218688965,6381699,0.0,0.0
2008-01-24 00:00:00-05:00,15.113789507469793,15.311122021295377,14.737067308454161,15.270758628845215,12036085,0.0,0.0
2008-01-25 00:00:00-05:00,15.768573191235705,15.835844954714798,15.396333750348491,15.450150489807129,4398412,0.0,0.0
2008-01-28 00:00:00-05:00,15.414277671200082,15.418762121063828,15.086885978153374,15.342519760131836,3429282,0.0,0.0
2008-01-29 00:00:00-05:00,15.486029885706618,15.55330165114365,15.351486354832554,15.423242568969727,4155026,0.0,0.0
2008-01-30 00:00:00-05:00,15.638513642270832,16.064569855520265,15.535362925645433,15.867238998413086,4781885,0.0,0.0
2008-01-31 00:00:00-05:00,15.212459740352209,15.782030153632656,15.212459740352209,15.629547119140625,4498474,0.0,0.0
2008-02-01 00:00:00-05:00,15.849299147306231,16.122872342721777,15.777542931423335,16.0645694732666,2459759,0.0,0.0
2008-02-04 00:00:00-05:00,15.674393793684978,15.813423468935946,15.638514842979209,15.746150016784668,2295344,0.0,0.0
2008-02-05 00:00:00-05:00,15.396338715093535,15.409792065140602,15.131734346110148,15.163128852844238,2405412,0.0,0.0
2008-02-06 00:00:00-05:00,15.20796940552959,15.3425129112544,15.059970877907771,15.118273735046387,2361365,0.0,0.0
2008-02-07 00:00:00-05:00,14.84918688930845,15.077912220093582,14.781915128092008,15.001669883728027,4043093,0.0,0.0
2008-02-08 00:00:00-05:00,15.118279366445217,15.248338472753769,15.046521460680532,15.158642768859863,2519404,0.0,0.0
2008-02-11 00:00:00-05:00,14.997183787169714,15.091363906860353,14.840216361581536,15.091363906860352,2955949,0.0,0.0
2008-02-12 00:00:00-05:00,15.378393709292496,15.651966879977387,15.320090845107824,15.521907806396484,2583464,0.0,0.0
2008-02-13 00:00:00-05:00,15.3873629736452,15.52190648416892,15.266272807187022,15.508451461791992,2075796,0.0,0.0
2008-02-14 00:00:00-05:00,15.508448116825734,15.530872030409814,15.252814494980614,15.28869342803955,3288901,0.0,0.0
2008-02-15 00:00:00-05:00,15.059973633737599,15.131729847592593,14.956822922481798,15.100337028503418,1954348,0.0,0.0
2008-02-19 00:00:00-05:00,15.006156813150298,15.024096288102966,14.750523071276364,14.781917572021484,5762885,0.0,0.0
2008-02-20 00:00:00-05:00,14.145072867557648,14.4724627713465,14.082285555806312,14.396222114562988,6884854,0.0,0.0
2008-02-21 00:00:00-05:00,14.598039147910566,14.620463070635225,14.373799920663961,14.418647766113281,4468455,0.0,0.0
2008-02-22 00:00:00-05:00,14.512831007458159,14.548709962810056,14.293076182129939,14.508346557617188,2701674,0.0,0.0
2008-02-25 00:00:00-05:00,14.548704905439473,14.701187895211325,14.41415970879603,14.665308952331543,3223860,0.0,0.0
2008-02-26 00:00:00-05:00,14.82676296890297,15.068943323256004,14.687733319739761,15.001669883728027,2917396,0.0,0.0
2008-02-27 00:00:00-05:00,14.602524621395451,14.696706446096764,14.530768399304025,14.589071273803711,3610374,0.0,0.0
2008-02-28 00:00:00-05:00,14.234765956197762,14.535247436907092,14.234765956197762,14.4276123046875,2603966,0.0,0.0
2008-02-29 00:00:00-05:00,14.51731231300722,14.589070208169035,14.364829303255918,14.454524993896484,2034104,0.0,0.0
2008-03-03 00:00:00-05:00,14.32446679250099,14.396224692099667,14.163014875027585,14.284103393554688,2258753,0.0,0.0
2008-03-04 00:00:00-05:00,14.09573971888705,14.176466507011117,13.871500505555312,14.050891876220703,3377779,0.0,0.0
2008-03-05 00:00:00-05:00,14.064345051844539,14.36034211718832,14.059860603829623,14.225798606872559,2123865,0.0,0.0
2008-03-06 00:00:00-05:00,14.127134044168235,14.154042413778924,13.97465104529222,13.997074127197266,1185244,0.0,0.0
2008-03-07 00:00:00-05:00,13.929802717164614,14.122649953657332,13.822167557681496,13.952226638793945,2032534,0.0,0.0
2008-03-10 00:00:00-04:00,13.813200381426515,13.84010959586273,13.584474995764587,13.633808135986328,1678099,0.0,0.0
2008-03-11 00:00:00-04:00,14.055375877616054,14.171980761370222,13.817681661913827,14.154041290283203,4150219,0.0,0.0
2008-03-12 00:00:00-04:00,13.898409497726147,14.050892505280732,13.835622179519945,13.867015838623047,3101530,0.0,0.0
2008-03-13 00:00:00-04:00,13.741439926901673,13.925317415649983,13.6965920863897,13.89392375946045,2866678,0.0,0.0
2008-03-14 00:00:00-04:00,14.010528365499034,14.059861492559932,13.472351772750525,13.535139083862305,3826587,0.0,0.0
2008-03-17 00:00:00-04:00,13.239145910006933,13.557567007910288,13.234660621228073,13.454416275024414,4158361,0.0,0.0
2008-03-18 00:00:00-04:00,13.745926407046381,13.988105941640663,13.732472221556652,13.907379150390625,3365713,0.0,0.0
2008-03-19 00:00:00-04:00,13.369199300725935,13.548591474563656,13.12701982408723,13.149444580078125,5162513,0.0,0.0
2008-03-20 00:00:00-04:00,13.27502402445785,13.49029438947533,13.21672198358061,13.454416275024414,3163038,0.0,0.0
2008-03-24 00:00:00-04:00,13.43647129995113,13.853558510443362,13.378169282931363,13.719014167785645,1945421,0.0,0.0
2008-03-25 00:00:00-04:00,13.705563630908905,13.741441740221807,13.454414348250985,13.665200233459473,3446645,0.0,0.0
2008-03-26 00:00:00-04:00,13.884955134077138,13.956712188129044,13.763865787178656,13.889439582824707,3041591,0.0,0.0
2008-03-27 00:00:00-04:00,14.100224907332638,14.21234450653615,13.82665090347113,14.032952308654785,2846764,0.0,0.0
2008-03-28 00:00:00-04:00,14.050891355948695,14.1361025895219,13.916347832931487,13.965680122375488,1718712,0.0,0.0
2008-03-31 00:00:00-04:00,13.454414825059855,13.508232410514376,13.221205008371635,13.234659194946289,7184746,0.0,0.0
2008-04-01 00:00:00-04:00,13.54410841571338,13.858044981360965,13.535139518828396,13.736955642700195,5407370,0.0,0.0
2008-04-02 00:00:00-04:00,13.911861458192753,14.131617036766103,13.813196047859206,14.028467178344727,4431177,0.0,0.0
2008-04-03 00:00:00-04:00,14.140587045449891,14.454521895396164,14.118161449285243,14.423129081726074,2961345,0.0,0.0
2008-04-04 00:00:00-04:00,14.257194828442858,14.28410320127424,13.997075802522774,14.158530235290527,3363064,0.0,0.0
2008-04-07 00:00:00-04:00,14.25270844922643,14.400706997224454,14.189921135581464,14.31101131439209,2154963,0.0,0.0
2008-04-08 00:00:00-04:00,14.122648650693645,14.163012041564818,13.947740903303808,14.055376052856445,1882147,0.0,0.0
2008-04-09 00:00:00-04:00,14.29755891102519,14.311013937240636,14.050894059717177,14.10471248626709,2364406,0.0,0.0
2008-04-10 00:00:00-04:00,14.050895100961297,14.145076934825044,13.902897354027393,14.064350128173828,1728228,0.0,0.0
2008-04-11 00:00:00-04:00,13.575503690687654,13.597927612498824,13.310900238497714,13.337808609008789,5371269,0.0,0.0
2008-04-14 00:00:00-04:00,13.364716605649313,13.59344109085693,13.279505374838601,13.476836204528809,6823542,0.0,0.0
2008-04-15 00:00:00-04:00,13.35126409824703,13.485808481410459,13.261568402242014,13.427506446838379,2709620,0.0,0.0
2008-04-16 00:00:00-04:00,13.611383154721668,13.799745123700948,13.544110543425695,13.750411987304688,2722962,0.0,0.0
2008-04-17 00:00:00-04:00,13.55308167062621,13.629323183313451,13.485809056597283,13.548596382141113,2809780,0.0,0.0
2008-04-18 00:00:00-04:00,14.0643471813343,14.073316917877934,13.893924704472697,13.970166206359863,2346846,0.0,0.0
2008-04-21 00:00:00-04:00,13.571019755775266,13.786290937104114,13.535141645131743,13.750411987304688,1827407,0.0,0.0
2008-04-22 00:00:00-04:00,13.902894192134413,13.911863089361672,13.683138587794673,13.745925903320312,1993784,0.0,0.0
2008-04-23 00:00:00-04:00,13.485804340885249,13.723499372800037,13.472350158446492,13.683135986328125,2122295,0.0,0.0
2008-04-24 00:00:00-04:00,13.777319022320244,14.050891355948695,13.71901615768817,13.965680122375488,1704586,0.0,0.0
2008-04-25 00:00:00-04:00,14.095739297819526,14.230284500111042,13.98361969450289,14.194405555725098,1702427,0.0,0.0
2008-04-28 00:00:00-04:00,14.14955668446148,14.17646505163652,14.0105278829752,14.082284927368164,1512212,0.0,0.0
2008-04-29 00:00:00-04:00,13.79077354994408,14.082286202046559,13.759379892627747,13.997074127197266,2427779,0.0,0.0
2008-04-30 00:00:00-04:00,14.104709603040234,14.346888277230022,14.104709603040234,14.19888973236084,2100027,0.0,0.0
2008-05-01 00:00:00-04:00,14.010531510843554,14.400709649159557,13.988107586006029,14.369315147399902,2918671,0.0,0.0
2008-05-02 00:00:00-04:00,14.315494809031076,14.494886162742972,14.315494809031076,14.463493347167969,3418196,0.0,0.0
2008-05-05 00:00:00-04:00,14.503857583305406,14.65185613007383,14.302040620297765,14.387251853942871,1658675,0.0,0.0
2008-05-06 00:00:00-04:00,14.167496139751139,14.373797537259323,14.167496139751139,14.328948020935059,1329844,0.0,0.0
2008-05-07 00:00:00-04:00,14.378285855774983,14.423133705860055,14.234771728515625,14.234771728515625,1688399,0.0,0.0
2008-05-08 00:00:00-04:00,14.30652535080957,14.30652535080957,14.109194510664915,14.230284690856934,993753,0.0,0.0
2008-05-09 00:00:00-04:00,14.064347871978619,14.207861985412546,14.028469763198068,14.167498588562012,1758933,0.0,0.0
2008-05-12 00:00:00-04:00,14.346890399372244,14.364829873875314,14.207862409019048,14.293073654174805,1137666,0.0,0.0
2008-05-13 00:00:00-04:00,14.293071459373431,14.319979827840184,14.127133443590694,14.239253044128418,1490630,0.0,0.0
2008-05-14 00:00:00-04:00,14.203376950424596,14.302043225681292,14.149560202693197,14.180953025817871,1952288,0.0,0.0
2008-05-15 00:00:00-04:00,14.167499689976085,14.396225063806835,14.100227916099241,14.35586166381836,1423823,0.0,0.0
2008-05-16 00:00:00-04:00,14.55767408721855,14.741551575190622,14.494886775104538,14.719127655029297,1525063,0.0,0.0
2008-05-19 00:00:00-04:00,14.566644916847174,14.737067384376271,14.503857603635847,14.656340599060059,1710962,0.0,0.0
2008-05-20 00:00:00-04:00,14.391735329815313,14.414159248821731,14.243736793048386,14.328948020935059,1920013,0.0,0.0
2008-05-21 00:00:00-04:00,14.154045537325864,14.198893389344667,13.82217025756836,13.82217025756836,3051989,0.0,0.0
2008-05-22 00:00:00-04:00,14.517311651998043,14.678765230449041,14.472463808719795,14.566645622253418,1740392,0.0,0.0
2008-05-23 00:00:00-04:00,14.633918575937024,14.674281973828638,14.485920009771691,14.598039627075195,3271046,0.0,0.0
2008-05-27 00:00:00-04:00,14.328950219765993,14.53076720010475,14.203375582735587,14.441071510314941,3500895,0.0,0.0
2008-05-28 00:00:00-04:00,14.53076812791519,14.647373874736735,14.36483008422165,14.593555450439453,2810369,0.0,0.0
2008-05-29 00:00:00-04:00,14.44555749883461,14.481436449899398,14.24374049698501,14.369315147399902,2009579,0.0,0.0
2008-05-30 00:00:00-04:00,14.463493917542332,14.512826206096255,14.364827662122973,14.391736030578613,2467706,0.0,0.0
2008-06-02 00:00:00-04:00,14.207863354126959,14.25271120421203,14.118165975644933,14.234771728515625,1837707,0.0,0.0
2008-06-03 00:00:00-04:00,14.266161278235819,14.38276531231694,14.17646393089115,14.257190704345703,2525486,0.0,0.0
2008-06-04 00:00:00-04:00,14.022025595605967,14.109981470238585,13.892406229582141,13.934070587158203,7038773,1.01121,0.0
2008-06-05 00:00:00-04:00,13.70723524627473,14.674749764862273,13.693346839823935,14.586793899536133,11045177,0.0,0.0
2008-06-06 00:00:00-04:00,14.67012241927412,14.78585337732675,14.605312736290706,14.64234733581543,3988550,0.0,0.0
2008-06-09 00:00:00-04:00,14.33681233924133,14.33681233924133,14.114608253565061,14.137754440307617,4481208,0.0,0.0
2008-06-10 00:00:00-04:00,14.072950224364526,14.221086916342944,14.049804028652586,14.086837768554688,2133577,0.0,0.0
2008-06-11 00:00:00-04:00,13.897036395595677,13.92944123805295,13.660943848237707,13.67483139038086,3589675,0.0,0.0
2008-06-12 00:00:00-04:00,13.44336848279543,13.582246501558457,13.383188556581871,13.46651554107666,2710111,0.0,0.0
2008-06-13 00:00:00-04:00,13.762786473483835,13.86000098912802,13.693347038775263,13.85074234008789,2645168,0.0,0.0
2008-06-16 00:00:00-04:00,13.633165291679664,13.735008685098775,13.563725866279885,13.679457664489746,1315717,0.0,0.0
2008-06-17 00:00:00-04:00,13.790560928716088,13.873887900111766,13.707234823505143,13.73038101196289,2521170,0.0,0.0
2008-06-18 00:00:00-04:00,13.582247079431665,13.670202959613968,13.559100886350523,13.619280815124512,1805138,0.0,0.0
2008-06-19 00:00:00-04:00,13.670203702719403,13.70723830661034,13.443369785534763,13.535955429077148,4046625,0.0,0.0
2008-06-20 00:00:00-04:00,13.369299323066326,13.387815754689777,13.10543172713073,13.156352996826172,3146067,0.0,0.0
2008-06-23 00:00:00-04:00,13.133206807658286,13.26745591749068,13.11931926739451,13.156352996826172,1875083,0.0,0.0
2008-06-24 00:00:00-04:00,13.19338745733729,13.290601104372996,13.049880566255116,13.17024040222168,4015920,0.0,0.0
2008-06-25 00:00:00-04:00,13.239681681072085,13.346153991761428,13.170242238413527,13.26282787322998,7782469,0.0,0.0
2008-06-26 00:00:00-04:00,13.059137945518879,13.086913891088837,12.832304954528809,12.832304954528809,5521657,0.0,0.0
2008-06-27 00:00:00-04:00,13.063772571580616,13.160987118029054,12.878602130657647,12.89711856842041,5884823,0.0,0.0
2008-06-30 00:00:00-04:00,13.605391562499808,13.767415759888468,13.57761648076735,13.637796401977539,6289976,0.0,0.0
2008-07-01 00:00:00-04:00,13.596134820343105,13.697979110807417,13.438740358621775,13.684091567993164,5395206,0.0,0.0
2008-07-02 00:00:00-04:00,14.072948497899596,14.128499534030269,13.855373245477423,13.869260787963867,2845783,0.0,0.0
2008-07-03 00:00:00-04:00,14.01739953002183,14.049804378061433,13.785936700961111,13.901668548583984,2682741,0.0,0.0
2008-07-07 00:00:00-04:00,13.975733447809247,14.114611466057958,13.809080345621714,13.892406463623047,3692386,0.0,0.0
2008-07-08 00:00:00-04:00,14.216452110358174,14.281261781816847,14.059057688921225,14.207194328308105,5614852,0.0,0.0
2008-07-09 00:00:00-04:00,14.350705852819129,14.447919525270255,14.221086467970991,14.253490447998047,5560210,0.0,0.0
2008-07-10 00:00:00-04:00,13.994252175384151,14.10535425484221,13.920183833683792,14.072949409484863,5664490,0.0,0.0
2008-07-11 00:00:00-04:00,13.79519411071434,13.92944238356971,13.48966296132974,13.628540992736816,3773024,0.0,0.0
2008-07-14 00:00:00-04:00,13.753529398605787,13.767416940663093,13.531324394764532,13.577617645263672,1877928,0.0,0.0
2008-07-15 00:00:00-04:00,13.438740868231019,13.572990007809388,13.23968290433355,13.424853324890137,3503740,0.0,0.0
2008-07-16 00:00:00-04:00,13.443368142269238,13.591504807355417,13.336895834559947,13.586875915527344,3699547,0.0,0.0
2008-07-17 00:00:00-04:00,13.873893597647632,13.943332191536943,13.818342549299166,13.887781143188477,3055619,0.0,0.0
2008-07-18 00:00:00-04:00,14.05442467783584,14.07757172615611,13.864625464611803,14.012762069702148,3163431,0.0,0.0
2008-07-21 00:00:00-04:00,13.767415756793811,13.79982059626426,13.684089645430372,13.762786865234375,2847843,0.0,0.0
2008-07-22 00:00:00-04:00,11.855533356826337,12.049962416550104,11.73517263407137,11.85090446472168,21893075,0.0,0.0
2008-07-23 00:00:00-04:00,11.869421726140816,12.596215871588136,11.841646639208285,12.591586112976074,10680638,0.0,0.0
2008-07-24 00:00:00-04:00,12.313832656755448,12.332349961456414,12.17495460386837,12.193471908569336,3372972,0.0,0.0
2008-07-25 00:00:00-04:00,12.276795709016742,12.304570792633182,12.15643412606265,12.235132217407227,2637026,0.0,0.0
2008-07-28 00:00:00-04:00,12.040702368628253,12.0869947490414,11.948117607801956,11.97126293182373,4484053,0.0,0.0
2008-07-29 00:00:00-04:00,12.244392497211864,12.369382997520097,12.184212559651815,12.35549545288086,12385714,0.0,0.0
2008-07-30 00:00:00-04:00,12.341605293455473,12.397156326427991,12.318458235714145,12.360121726989746,3006961,0.0,0.0
2008-07-31 00:00:00-04:00,12.346234059117565,12.489740965012036,12.336975409352624,12.420302391052246,3316957,0.0,0.0
2008-08-01 00:00:00-04:00,12.56381114091618,12.586957335633238,12.369382065870928,12.466596603393555,5570707,0.0,0.0
2008-08-04 00:00:00-04:00,12.568440033385604,12.591586228102663,12.44807930114592,12.466596603393555,2374216,0.0,0.0
2008-08-05 00:00:00-04:00,12.707319234603013,12.906377220394317,12.633250884996816,12.89711856842041,1868118,0.0,0.0
2008-08-06 00:00:00-04:00,12.799903869628906,12.804532762155,12.707318223442226,12.799903869628906,1682415,0.0,0.0
2008-08-07 00:00:00-04:00,12.503626136805844,12.568435806692474,12.406411631975901,12.475851058959961,1965335,0.0,0.0
2008-08-08 00:00:00-04:00,12.225870655731354,12.610098906272347,12.207353360273947,12.563806533813477,2578559,0.0,0.0
2008-08-11 00:00:00-04:00,12.512889428249547,12.55455292666404,12.406416235898066,12.48974323272705,2010560,0.0,0.0
2008-08-12 00:00:00-04:00,12.48974323272705,12.55918268547954,12.443450841682058,12.48974323272705,1389096,0.0,0.0
2008-08-13 00:00:00-04:00,12.124031609743065,12.230503931333558,12.02681620683073,12.211987495422363,2133675,0.0,0.0
2008-08-14 00:00:00-04:00,12.068476232059577,12.170319624614564,12.068476232059577,12.124027252197266,1606682,0.0,0.0
2008-08-15 00:00:00-04:00,11.938858895787302,12.086994685568424,11.869419459347432,12.063848495483398,1557730,0.0,0.0
2008-08-18 00:00:00-04:00,12.110141039710495,12.17032095720546,11.957374634873863,11.989779472351074,1319249,0.0,0.0
2008-08-19 00:00:00-04:00,11.860161557912571,11.878678857622107,11.69350845908129,11.776835441589355,2233737,0.0,0.0
2008-08-20 00:00:00-04:00,11.665734899192664,11.702769506198118,11.536116373228658,11.642589569091797,2327128,0.0,0.0
2008-08-21 00:00:00-04:00,11.707396489899349,11.809239902652061,11.661103242116459,11.786093711853027,2636143,0.0,0.0
2008-08-22 00:00:00-04:00,11.850903234906047,12.017556326152919,11.84627347709694,12.003668785095215,2526860,0.0,0.0
2008-08-25 00:00:00-04:00,11.989783499945485,11.989783499945485,11.790725516940178,11.818501472473145,1624634,0.0,0.0
2008-08-26 00:00:00-04:00,11.767575900452206,11.837015336011165,11.647215193826101,11.684248924255371,1859584,0.0,0.0
2008-08-27 00:00:00-04:00,12.082367348619838,12.128659734746163,11.957376866656874,11.99441146850586,2865599,0.0,0.0
2008-08-28 00:00:00-04:00,12.09162350337355,12.161062068230931,12.036072478250697,12.110140800476074,2688921,0.0,0.0
2008-08-29 00:00:00-04:00,11.892566472702462,11.980522341182086,11.818498144986783,11.82775592803955,2038812,0.0,0.0
2008-09-02 00:00:00-04:00,11.901824665848197,11.96663434655942,11.744430221940839,11.786093711853027,1822698,0.0,0.0
2008-09-03 00:00:00-04:00,11.68424913517419,11.702766433815482,11.573147075696033,11.624069213867188,2335467,0.0,0.0
2008-09-04 00:00:00-04:00,11.466673246382847,11.494449192742657,11.17040081613529,11.188918113708496,3861412,0.0,0.0
2008-09-05 00:00:00-04:00,10.934311398860562,10.980603786045503,10.749140983935877,10.94356918334961,3020009,0.0,0.0
2008-09-08 00:00:00-04:00,11.175030965560842,11.411122620068253,10.92042114664599,11.10096263885498,3533464,0.0,0.0
2008-09-09 00:00:00-04:00,11.239842653165278,11.300022583873673,11.008378982543945,11.008378982543945,2590331,0.0,0.0
2008-09-10 00:00:00-04:00,11.054671910744398,11.137998032823422,11.013008416612433,11.050042152404785,2512341,0.0,0.0
2008-09-11 00:00:00-04:00,10.878758139524113,11.06392765045166,10.823207113008898,11.06392765045166,2210193,0.0,0.0
2008-09-12 00:00:00-04:00,11.096333397510001,11.383347179987425,11.050040153413036,11.378717422485352,2833815,0.0,0.0
2008-09-15 00:00:00-04:00,10.96671430961333,10.994489390553369,10.614889976956237,10.675070762634277,5032138,0.0,0.0
2008-09-16 00:00:00-04:00,10.531563988612213,10.684329534086995,10.401944632914244,10.614890098571777,7548501,0.0,0.0
2008-09-17 00:00:00-04:00,10.610261216221549,10.638036297503712,10.114930848964981,10.18899917602539,5278565,0.0,0.0
2008-09-18 00:00:00-04:00,10.147335500272415,10.415832879001195,10.02234589377521,10.216774940490723,7815137,0.0,0.0
2008-09-19 00:00:00-04:00,10.813947837429218,11.267615574561852,10.693587999135806,11.193547248840332,5256787,0.0,0.0
2008-09-22 00:00:00-04:00,11.04078139255765,11.063926713278313,10.70747439551449,10.749137878417969,2480655,0.0,0.0
2008-09-23 00:00:00-04:00,10.790804278245533,10.878760158735547,10.513048227930291,10.545453071594238,2065594,0.0,0.0
2008-09-24 00:00:00-04:00,10.67507139692277,10.688958938217954,10.290842202882423,10.323247909545898,4314634,0.0,0.0
2008-09-25 00:00:00-04:00,10.73062125708888,10.962084006879756,10.43897772461262,10.855610847473145,3871124,0.0,0.0
2008-09-26 00:00:00-04:00,10.81858024644767,10.860243744013518,10.675073317420292,10.827838897705078,2013110,0.0,0.0
2008-09-29 00:00:00-04:00,10.448237791233826,10.452866683060293,9.726073498105125,9.855692863464355,7922752,0.0,0.0
2008-09-30 00:00:00-04:00,10.110303517695277,10.2676988587455,10.059381368210646,10.230664253234863,2668320,0.0,0.0
2008-10-01 00:00:00-04:00,10.360284093708445,10.42509379000433,10.114933719291898,10.411206245422363,3973639,0.0,0.0
2008-10-02 00:00:00-04:00,10.443609915827354,10.471385001859046,10.249180848865779,10.281585693359375,4590688,0.0,0.0
2008-10-03 00:00:00-04:00,10.434349230326651,10.675070637855521,10.411203041085578,10.485270500183105,7178075,0.0,0.0
2008-10-06 00:00:00-04:00,10.383428920173456,10.4065751134847,9.582567340101662,10.07326889038086,6725932,0.0,0.0
2008-10-07 00:00:00-04:00,10.58711582782167,10.610262019370461,9.74459081746923,9.776995658874512,4977104,0.0,0.0
2008-10-08 00:00:00-04:00,9.81865915763168,10.03160552472465,9.443689435280058,9.633489608764648,6690420,0.0,0.0
2008-10-09 00:00:00-04:00,9.7168145550995,9.841805024861154,8.878918463556138,8.906694412231445,5248644,0.0,0.0
2008-10-10 00:00:00-04:00,8.47154572520034,9.360364142863755,8.332667685030742,8.684492111206055,8560304,0.0,0.0
2008-10-13 00:00:00-04:00,9.3233297317687,9.721446557595325,9.226115188236095,9.652007102966309,6357174,0.0,0.0
2008-10-14 00:00:00-04:00,10.008457790535374,10.04086262983608,9.489980361724061,9.735331535339355,5303580,0.0,0.0
2008-10-15 00:00:00-04:00,9.712184468283631,9.749219065263041,8.744669914245605,8.744669914245605,3979328,0.0,0.0
2008-10-16 00:00:00-04:00,8.920581486525787,9.165932655334473,8.508578099128007,9.165932655334473,4098422,0.0,0.0
2008-10-17 00:00:00-04:00,8.892809520805194,9.679783707366795,8.865033563853395,9.346476554870605,4486800,0.0,0.0
2008-10-20 00:00:00-04:00,9.189078806593546,9.52701473236084,9.03168437155005,9.52701473236084,2412377,0.0,0.0
2008-10-21 00:00:00-04:00,9.045572198448388,9.06408863092029,8.564129362852544,8.573387145996094,3402304,0.0,0.0
2008-10-22 00:00:00-04:00,8.091945960688117,8.096575719388895,7.522547139625789,7.70308780670166,6943812,0.0,0.0
2008-10-23 00:00:00-04:00,7.953066699386688,8.184530345581901,7.66142399501865,8.0132474899292,6515115,0.0,0.0
2008-10-24 00:00:00-04:00,7.240162135596593,7.684571328257284,7.23553324310621,7.527176856994629,4540362,0.0,0.0
2008-10-27 00:00:00-04:00,7.161465815266439,7.772528208454916,7.082768136484339,7.638279914855957,13781971,0.0,0.0
2008-10-28 00:00:00-04:00,7.911404566492501,8.642827551159046,7.703087098727915,8.619681358337402,5227553,0.0,0.0
2008-10-29 00:00:00-04:00,8.591904651980652,9.253888999991421,8.522466079619626,9.031684875488281,5025859,0.0,0.0
2008-10-30 00:00:00-04:00,9.045573074661188,9.161304037014023,8.78633433309502,9.138157844543457,3903988,0.0,0.0
2008-10-31 00:00:00-04:00,8.638197831712077,9.101124288780472,8.610422746675216,8.92058277130127,3901045,0.0,0.0
2008-11-03 00:00:00-05:00,8.388216341253,8.6011626666714,8.332665314227498,8.59653377532959,4807292,0.0,0.0
2008-11-04 00:00:00-05:00,8.61967980923185,8.874288750697195,8.554869268319967,8.767815589904785,7622959,0.0,0.0
2008-11-05 00:00:00-05:00,8.684488318974076,8.92520968818756,8.378957283727374,8.388215065002441,6151851,0.0,0.0
2008-11-06 00:00:00-05:00,8.166013283122613,8.263227809463109,7.647535809306641,7.69382905960083,4386443,0.0,0.0
2008-11-07 00:00:00-05:00,7.883625839515791,8.01324516662504,7.693826605497014,7.888255596160889,4971708,0.0,0.0
2008-11-10 00:00:00-05:00,7.7632677508007415,7.874370686968248,7.656795439008573,7.758638858795166,7262441,0.0,0.0
2008-11-11 00:00:00-05:00,8.508578257151907,8.522465797928126,8.087315346671739,8.272485733032227,7951005,0.0,0.0
2008-11-12 00:00:00-05:00,8.619679510290814,8.642825698149949,8.221562827033443,8.244709014892578,6582902,0.0,0.0
2008-11-13 00:00:00-05:00,8.536352338956501,8.790961265563965,8.101201938663413,8.790961265563965,8719619,0.0,0.0
2008-11-14 00:00:00-05:00,8.54561339440423,8.758558897364152,8.328038132967066,8.374330520629883,5316137,0.0,0.0
2008-11-17 00:00:00-05:00,8.508581021606222,8.786336258297768,8.466917519556223,8.522468566894531,5578555,0.0,0.0
2008-11-18 00:00:00-05:00,8.689118868467666,9.064088531971283,8.67060157001311,8.948357582092285,8799472,0.0,0.0
2008-11-19 00:00:00-05:00,8.869956032358782,8.950248317463195,8.241785886626596,8.246508598327637,5779071,0.39144,0.0
2008-11-20 00:00:00-05:00,8.49683277108617,8.681033553766774,8.01507816954294,8.08592414855957,9929780,0.0,0.0
2008-11-21 00:00:00-05:00,8.16621723227247,8.175663540478626,7.656123659068526,8.09537124633789,5924357,0.0,0.0
2008-11-24 00:00:00-05:00,8.482662132245144,8.950246741705799,8.407092572146354,8.799108505249023,6248381,0.0,0.0
2008-11-25 00:00:00-05:00,9.19584892574913,9.32337185275711,8.874678926953802,9.115555763244629,4998980,0.0,0.0
2008-11-26 00:00:00-05:00,8.926632344174351,9.44144941808171,8.912463326357715,9.375326156616211,5814093,0.0,0.0
2008-11-28 00:00:00-05:00,9.025817616358266,9.28086436649964,9.002202291089372,9.247802734375,1802784,0.0,0.0
2008-12-01 00:00:00-05:00,8.643247346341141,8.681032571199383,8.284293012633096,8.293739318847656,3937244,0.0,0.0
2008-12-02 00:00:00-05:00,8.567677600236683,8.751878358195743,8.407093049187948,8.666862487792969,3696016,0.0,0.0
2008-12-03 00:00:00-05:00,8.723539468600098,9.030540438286213,8.605462852367639,8.978586196899414,5027723,0.0,0.0
2008-12-04 00:00:00-05:00,8.64324722475399,8.846339712417015,8.430708431009291,8.558231353759766,3932535,0.0,0.0
2008-12-05 00:00:00-05:00,8.78966163523323,9.115554292785868,8.577122868677966,9.091938972473145,5043517,0.0,0.0
2008-12-08 00:00:00-05:00,9.29975734621123,9.620927373241813,9.280864731756205,9.488680839538574,4265780,0.0,0.0
2008-12-09 00:00:00-05:00,9.361158167477242,9.52174274368781,9.20057270752568,9.266695976257324,4789046,0.0,0.0
2008-12-10 00:00:00-05:00,9.247802475556462,9.299756719938546,9.016371940901973,9.158063888549805,2948592,0.0,0.0
2008-12-11 00:00:00-05:00,9.318650571128146,9.47451333976253,9.139174239991078,9.200573921203613,3068960,0.0,0.0
2008-12-12 00:00:00-05:00,9.049433963131808,9.219464837900869,8.931356451248849,9.139172554016113,3180304,0.0,0.0
2008-12-15 00:00:00-05:00,9.20529535272531,9.342265484815007,9.11083404593061,9.219465255737305,3134687,0.0,0.0
2008-12-16 00:00:00-05:00,9.346987880549053,9.67760421063124,9.238356674416197,9.64926528930664,6035799,0.0,0.0
2008-12-17 00:00:00-05:00,9.276139650033851,9.53590905558709,9.129724134767816,9.465063095092773,5015363,0.0,0.0
2008-12-18 00:00:00-05:00,9.43200288295865,9.512295160294219,9.044709630013065,9.125001907348633,3879561,0.0,0.0
2008-12-19 00:00:00-05:00,9.224187810331273,9.247803136627365,9.03054160445873,9.073049545288086,2706187,0.0,0.0
2008-12-22 00:00:00-05:00,9.332817795269133,9.346986812441818,9.181678666290965,9.29503345489502,3843754,0.0,0.0
2008-12-23 00:00:00-05:00,9.271418868751434,9.271418868751434,8.83217134781124,8.888848304748535,4156889,0.0,0.0
2008-12-24 00:00:00-05:00,8.747156587357663,9.006926963873331,8.747156587357663,8.931357383728027,1114514,0.0,0.0
2008-12-26 00:00:00-05:00,8.907742514983864,8.9785885029191,8.860511856360374,8.959696769714355,1392137,0.0,0.0
2008-12-29 00:00:00-05:00,8.945526403836196,8.96914173193016,8.832172475488761,8.931357383728027,1855758,0.0,0.0
2008-12-30 00:00:00-05:00,9.176954311751793,9.332816123962402,9.115553775430909,9.332816123962402,2216177,0.0,0.0
2008-12-31 00:00:00-05:00,9.408392107180518,9.682330701537659,9.375330461267625,9.653992652893066,3456848,0.0,0.0
2009-01-02 00:00:00-05:00,9.394217920074668,9.668157273394437,9.36587988433798,9.630372047424316,2307508,0.0,0.0
2009-01-05 00:00:00-05:00,9.899591467505678,10.10740673369725,9.86180711467298,10.102684020996094,6588690,0.0,0.0
2009-01-06 00:00:00-05:00,10.07434184282857,10.40023542628517,10.060172825555938,10.334112167358398,5206854,0.0,0.0
2009-01-07 00:00:00-05:00,10.178249883793915,10.315219106872084,10.017664454633227,10.097957611083984,3307343,0.0,0.0
2009-01-08 00:00:00-05:00,10.017664821542716,10.088511674903485,9.890141899478706,10.074341773986816,5873934,0.0,0.0
2009-01-09 00:00:00-05:00,10.003498098743929,10.031837023336152,9.772067524742216,9.847636222839355,5868048,0.0,0.0
2009-01-12 00:00:00-05:00,9.729557730409642,9.757895765874542,9.568972289058602,9.639819145202637,2841761,0.0,0.0
2009-01-13 00:00:00-05:00,9.422556464774665,9.57841830634983,9.40366385254105,9.498126029968262,3961769,0.0,0.0
2009-01-14 00:00:00-05:00,9.35171271964903,9.384774357054084,9.210019861664357,9.323373794555664,3136748,0.0,0.0
2009-01-15 00:00:00-05:00,9.158065607530393,9.384774357054084,8.940804050112233,9.323373794555664,3662564,0.0,0.0
2009-01-16 00:00:00-05:00,9.625646818486182,9.639816716389328,9.247799960055225,9.455615997314453,4476107,0.0,0.0
2009-01-20 00:00:00-05:00,9.153342630976045,9.186404267426662,8.836895286736985,8.874680519104004,4048489,0.0,0.0
2009-01-21 00:00:00-05:00,8.780218870609488,8.912465424676133,8.558233709674917,8.893572807312012,3920567,0.0,0.0
2009-01-22 00:00:00-05:00,8.449599954411632,8.633800709182738,8.317354323699544,8.57240104675293,4678781,0.0,0.0
2009-01-23 00:00:00-05:00,8.279568988467398,8.610185270134481,8.21816932686684,8.577123641967773,4598045,0.0,0.0
2009-01-26 00:00:00-05:00,8.751879065795151,9.035263850481623,8.695202108857856,8.888848304748535,3549454,0.0,0.0
2009-01-27 00:00:00-05:00,8.945526304757312,9.082495559681666,8.846341397616598,8.98803424835205,4808764,0.0,0.0
2009-01-28 00:00:00-05:00,9.176956501732546,9.243079764131233,9.030540958918573,9.158063888549805,3112909,0.0,0.0
2009-01-29 00:00:00-05:00,8.865232115084346,9.016371241337845,8.784939840898792,8.832170486450195,3428987,0.0,0.0
2009-01-30 00:00:00-05:00,8.983307723499122,8.988031317770075,8.737708217372576,8.7802152633667,3395339,0.0,0.0
2009-02-02 00:00:00-05:00,8.515724974517518,8.78494074227224,8.482663342491099,8.728262901306152,4086944,0.0,0.0
2009-02-03 00:00:00-05:00,9.285588904273435,9.427280870268358,9.167511382203308,9.403665542602539,3885839,0.0,0.0
2009-02-04 00:00:00-05:00,9.276140903106636,9.469787084861021,9.158063402591464,9.186402320861816,3161567,0.0,0.0
2009-02-05 00:00:00-05:00,9.299757324995358,9.488680817891705,9.172233503326318,9.436726570129395,4602362,0.0,0.0
2009-02-06 00:00:00-05:00,9.517016287345783,9.781509282768312,9.488678257116643,9.682324409484863,3503347,0.0,0.0
2009-02-09 00:00:00-05:00,9.663436035204752,9.739004731183602,9.535912203726001,9.606759071350098,3701411,0.0,0.0
2009-02-10 00:00:00-05:00,9.550079968038244,9.564248984892433,9.039985640138186,9.096663475036621,4617567,0.0,0.0
2009-02-11 00:00:00-05:00,9.096663961689902,9.158063627170042,8.959694729376531,9.06832504272461,3792154,0.0,0.0
2009-02-12 00:00:00-05:00,8.827449091319556,9.082494968813744,8.756602228690305,9.073049545288086,3623422,0.0,0.0
2009-02-13 00:00:00-05:00,9.15806402627304,9.233633596399548,9.01637207649438,9.049433708190918,2883748,0.0,0.0
2009-02-17 00:00:00-05:00,8.75187967168313,8.827449247411472,8.605464115813769,8.699925422668457,2758278,0.0,0.0
2009-02-18 00:00:00-05:00,8.685754949500915,8.685754949500915,8.444877243355815,8.57240104675293,2802030,0.0,0.0
2009-02-19 00:00:00-05:00,8.652693592579684,8.714093256937424,8.43543120237337,8.449600219726562,3329906,0.0,0.0
2009-02-20 00:00:00-05:00,8.293738658491645,8.652692963619378,8.289015063890025,8.539339065551758,4341710,0.0,0.0
2009-02-23 00:00:00-05:00,8.808555725020021,8.808555725020021,8.3929235432062,8.435431480407715,3589479,0.0,0.0
2009-02-24 00:00:00-05:00,8.407092715594707,8.562954549321297,8.255953592818273,8.529892921447754,4564887,0.0,0.0
2009-02-25 00:00:00-05:00,8.293738829266434,8.340969473810327,7.982015161291433,8.109538078308105,4708408,0.0,0.0
2009-02-26 00:00:00-05:00,8.544064114725236,8.567679442973892,8.185109711359988,8.255955696105957,4462961,0.0,0.0
2009-02-27 00:00:00-05:00,8.222891786074147,8.562954363053416,8.218169075226724,8.383477210998535,4069090,0.0,0.0
2009-03-02 00:00:00-05:00,8.152048047954294,8.161494355970554,7.86866322617176,7.897001266479492,4347694,0.0,0.0
2009-03-03 00:00:00-05:00,7.920616298313606,7.925339894015532,7.7080774689932126,7.811985969543457,5396775,0.0,0.0
2009-03-04 00:00:00-05:00,8.029247873283513,8.237064000024288,7.901724923431002,8.152048110961914,4038385,0.0,0.0
2009-03-05 00:00:00-05:00,7.887554124086101,8.033970557238023,7.660846290642138,7.736415863037109,5884823,0.0,0.0
2009-03-06 00:00:00-05:00,8.057584961830871,8.109539208313091,7.679738869088826,7.868662357330322,3946563,0.0,0.0
2009-03-09 00:00:00-04:00,7.415244067185937,7.528597956759245,7.301889735742261,7.311336040496826,5123076,0.0,0.0
2009-03-10 00:00:00-04:00,7.561661909571699,7.845046720751886,7.528600274622259,7.811985969543457,4344162,0.0,0.0
2009-03-11 00:00:00-04:00,7.561660375880938,7.660845260612121,7.415244846156096,7.504983425140381,7701242,0.0,0.0
2009-03-12 00:00:00-04:00,7.6136150915001775,7.783645954349466,7.514430200569538,7.764753341674805,9700815,0.0,0.0
2009-03-13 00:00:00-04:00,7.769476611985149,7.79781553303612,7.571107699592157,7.736415863037109,4158655,0.0,0.0
2009-03-16 00:00:00-04:00,7.99146194430516,8.067031518690813,7.863939005568913,7.878108024597168,2350280,0.0,0.0
2009-03-17 00:00:00-04:00,8.024521918083028,8.307907542478857,7.896999005723459,8.284292221069336,3190310,0.0,0.0
2009-03-18 00:00:00-04:00,8.090647687091824,8.482663692290076,8.010354517615955,8.402371406555176,3140573,0.0,0.0
2009-03-19 00:00:00-04:00,8.29846156087248,8.37403112257523,8.180384949218956,8.265399932861328,2721785,0.0,0.0
2009-03-20 00:00:00-04:00,8.128432138752984,8.189831810858168,8.005631910801636,8.033970832824707,2691766,0.0,0.0
2009-03-23 00:00:00-04:00,8.189832342341882,8.369310425986702,8.15204799426673,8.36458683013916,3085637,0.0,0.0
2009-03-24 00:00:00-04:00,8.312630653381348,8.440153558321711,8.213444895246665,8.312630653381348,2524800,0.0,0.0
2009-03-25 00:00:00-04:00,8.279568548441006,8.41653864856128,8.05758346879657,8.237061500549316,5849409,0.0,0.0
2009-03-26 00:00:00-04:00,8.298460800010076,8.326799714453102,8.133152675110951,8.203999519348145,5921512,0.0,0.0
2009-03-27 00:00:00-04:00,7.840323905197788,7.934785213096075,7.769477040533074,7.788369655609131,7479340,0.0,0.0
2009-03-30 00:00:00-04:00,7.89227913473219,7.934786198319715,7.75058627155045,7.840324878692627,2779565,0.0,0.0
2009-03-31 00:00:00-04:00,8.1662166368679,8.364586443510714,8.114262387392591,8.227616310119629,4313457,0.0,0.0
2009-04-01 00:00:00-04:00,8.56768039277214,8.91246581415872,8.50628070926718,8.82272720336914,4503967,0.0,0.0
2009-04-02 00:00:00-04:00,8.78493955682856,9.054155288255194,8.761323351075673,8.950246810913086,8040570,0.0,0.0
2009-04-03 00:00:00-04:00,8.822726266469877,8.903019443379268,8.685757008492057,8.874680519104004,2722667,0.0,0.0
2009-04-06 00:00:00-04:00,8.671587264889597,8.874680683266492,8.64324922383119,8.865234375,4190047,0.0,0.0
2009-04-07 00:00:00-04:00,8.619631692274451,8.6810322384451,8.539339418139697,8.57240104675293,1774040,0.0,0.0
2009-04-08 00:00:00-04:00,8.747153557269716,8.780215181896645,8.544061099021752,8.629076957702637,3819622,0.0,0.0
2009-04-09 00:00:00-04:00,8.459046794732261,8.548785371014194,8.411815267420081,8.539339065551758,2624960,0.0,0.0
2009-04-13 00:00:00-04:00,8.468493257412506,8.709370983220818,8.421262608035475,8.638525009155273,1643273,0.0,0.0
2009-04-14 00:00:00-04:00,8.430707878344952,8.586569709123133,8.39764625109683,8.539339065551758,4864583,0.0,0.0
2009-04-15 00:00:00-04:00,8.477940158873887,8.624356596201158,8.45432483252845,8.605463981628418,2713544,0.0,0.0
2009-04-16 00:00:00-04:00,8.690480493141196,8.954973608256223,8.62908081069871,8.884127616882324,6846105,0.0,0.0
2009-04-17 00:00:00-04:00,9.016371755427807,9.20057163707721,9.006925449030755,9.115555763244629,3842479,0.0,0.0
2009-04-20 00:00:00-04:00,8.732986073171162,8.775494009964262,8.586570533793397,8.647970199584961,5004670,0.0,0.0
2009-04-21 00:00:00-04:00,8.463770550413917,8.818002188409407,8.435431630528276,8.794386863708496,3220917,0.0,0.0
2009-04-22 00:00:00-04:00,8.567679223160638,8.690479457147703,8.506279548037618,8.525171279907227,2909744,0.0,0.0
2009-04-23 00:00:00-04:00,8.619632697917709,8.643248023433644,8.402371172926543,8.567678451538086,4728812,0.0,0.0
2009-04-24 00:00:00-04:00,8.397647145450405,8.633801272198614,8.350416496848943,8.591293334960938,9745254,0.0,0.0
2009-04-27 00:00:00-04:00,8.610186135450977,8.72826275952666,8.553509179146467,8.633801460266113,3110359,0.0,0.0
2009-04-28 00:00:00-04:00,8.468495100668918,8.600741654702176,8.463772388199633,8.534618377685547,4176117,0.0,0.0
2009-04-29 00:00:00-04:00,8.605462765915085,8.884124814661387,8.586570154011348,8.775493621826172,4707623,0.0,0.0
2009-04-30 00:00:00-04:00,8.761323780470846,8.83217063372011,8.614908246575622,8.666862487792969,5614361,0.0,0.0
2009-05-01 00:00:00-04:00,8.8132785273121,8.917187015708096,8.723539940623409,8.9030179977417,2361463,0.0,0.0
2009-05-04 00:00:00-04:00,8.959695144226595,9.186402971482382,8.959695144226595,9.1486177444458,2728750,0.0,0.0
2009-05-05 00:00:00-04:00,9.021094306310891,9.153340826035768,8.969140063921582,9.125001907348633,3086030,0.0,0.0
2009-05-06 00:00:00-04:00,9.176954671340159,9.224185311135702,9.030539157729539,9.205292701721191,2913080,0.0,0.0
2009-05-07 00:00:00-04:00,9.0210944406123,9.0210944406123,8.54878619205558,8.647970199584961,6201392,0.0,0.0
2009-05-08 00:00:00-04:00,8.619634372177355,8.742434618957244,8.515726742976256,8.737711906433105,4271765,0.0,0.0
2009-05-11 00:00:00-04:00,8.581849098205566,8.737711866913951,8.539342034457219,8.581849098205566,3946661,0.0,0.0
2009-05-12 00:00:00-04:00,8.860508672443588,9.110831780190372,8.803830841972589,9.030539512634277,7565864,0.0,0.0
2009-05-13 00:00:00-04:00,8.959696754950054,8.997481105038366,8.855788245660298,8.907742500305176,4185240,0.0,0.0
2009-05-14 00:00:00-04:00,8.973863907684128,9.110833142450215,8.969140312568218,9.058878898620605,4689082,0.0,0.0
2009-05-15 00:00:00-04:00,8.921909125534599,8.983308788409564,8.690477723564058,8.723539352416992,4974945,0.0,0.0
2009-05-18 00:00:00-04:00,9.091940254456606,9.446171876576397,9.08721754322445,9.441449165344238,7753235,0.0,0.0
2009-05-19 00:00:00-04:00,8.808557003872133,9.054157472536886,8.808557003872133,8.992757797241211,9750061,0.0,0.0
2009-05-20 00:00:00-04:00,8.780216730060816,8.860509892412935,8.766047712362575,8.803832054138184,9009406,0.0,0.0
2009-05-21 00:00:00-04:00,8.548786581154125,8.55823200421282,8.407093746641594,8.473217010498047,6895351,0.0,0.0
2009-05-22 00:00:00-04:00,8.699926671275529,8.780218970373703,8.6149107759121,8.737711906433105,5891297,0.0,0.0
2009-05-26 00:00:00-04:00,8.728264230747477,8.926634053120592,8.728264230747477,8.865234375,4743920,0.0,0.0
2009-05-27 00:00:00-04:00,8.964416719683117,9.039985396697677,8.803831292610344,8.846339225769043,5982236,0.0,0.0
2009-05-28 00:00:00-04:00,8.879402720912246,8.921910663011362,8.761325202163704,8.851064682006836,4256363,0.0,0.0
2009-05-29 00:00:00-04:00,8.954971568465533,9.011648525402828,8.827448636291853,8.888848304748535,7712426,0.0,0.0
2009-06-01 00:00:00-04:00,9.06360184654962,9.205293782573195,9.06360184654962,9.096663475036621,3469797,0.0,0.0
2009-06-02 00:00:00-04:00,9.172231858558835,9.34226359029408,9.13444752025145,9.318647384643555,4274708,0.0,0.0
2009-06-03 00:00:00-04:00,9.155802181865772,9.175481778728132,8.963929334395681,9.062325477600098,5164867,0.80428,0.0
2009-06-04 00:00:00-04:00,9.013127500769745,9.155802278137834,8.963929428650225,8.998368263244629,4994663,0.0,0.0
2009-06-05 00:00:00-04:00,8.929491892282142,8.949170571658739,8.836015173443332,8.880292892456055,3454199,0.0,0.0
2009-06-08 00:00:00-04:00,8.885213533996353,9.008208736070657,8.826175652889914,8.9393310546875,2836365,0.0,0.0
2009-06-09 00:00:00-04:00,9.136121194392103,9.229597875010978,9.111521244260356,9.155799865722656,3200807,0.0,0.0
2009-06-10 00:00:00-04:00,9.14104286434165,9.150882662686548,8.885211789589015,9.013127326965332,3270164,0.0,0.0
2009-06-11 00:00:00-04:00,9.259119321947448,9.416553346022793,9.259119321947448,9.318157196044922,3372384,0.0,0.0
2009-06-12 00:00:00-04:00,9.288638405060283,9.372275313822986,9.20992093540856,9.347676277160645,1776787,0.0,0.0
2009-06-15 00:00:00-04:00,9.209922012402423,9.214841452088672,9.027888015149864,9.082006454467773,3463421,0.0,0.0
2009-06-16 00:00:00-04:00,9.298476759269477,9.327996153932965,9.165641784667969,9.165641784667969,4327485,0.0,0.0
2009-06-17 00:00:00-04:00,9.45099128689658,9.573986450731818,9.33291556139332,9.480509757995605,7160319,0.0,0.0
2009-06-18 00:00:00-04:00,9.642868059622575,9.879019607337248,9.564150570199699,9.780623435974121,6734369,0.0,0.0
2009-06-19 00:00:00-04:00,9.775701372474467,9.800300408714492,9.613346996847339,9.701903343200684,4914516,0.0,0.0
2009-06-22 00:00:00-04:00,9.593668867053584,9.618267907056206,9.505111586601064,9.54447078704834,5410902,0.0,0.0
2009-06-23 00:00:00-04:00,9.470672362027178,9.573988878176394,9.421474284019116,9.549389839172363,5828219,0.0,0.0
2009-06-24 00:00:00-04:00,9.56906826943176,9.706822686912496,9.485431362926196,9.539548873901367,3534739,0.0,0.0
2009-06-25 00:00:00-04:00,9.372276206011055,9.56414907846402,9.3181577678699,9.549389839172363,4527413,0.0,0.0
2009-06-26 00:00:00-04:00,9.387033838192695,9.519869730736826,9.342755207344652,9.495269775390625,2446908,0.0,0.0
2009-06-29 00:00:00-04:00,9.529709960204345,9.618267234464179,9.485432243628216,9.603507995605469,2959677,0.0,0.0
2009-06-30 00:00:00-04:00,9.559226647840402,9.623183945128131,9.421471336077873,9.5887451171875,6094953,0.0,0.0
2009-07-01 00:00:00-04:00,9.662542389040517,9.765858864921949,9.65270259316322,9.687141418457031,5044596,0.0,0.0
2009-07-02 00:00:00-04:00,9.3919536073187,9.42147207899343,9.303396351187306,9.377193450927734,3741632,0.0,0.0
2009-07-06 00:00:00-04:00,9.190242103028819,9.3870353332661,9.17056250383895,9.362436294555664,3597719,0.0,0.0
2009-07-07 00:00:00-04:00,9.131203297652442,9.190241168665922,9.101684822422555,9.136123657226562,6323722,0.0,0.0
2009-07-08 00:00:00-04:00,9.175481970221897,9.214840244214338,9.08200526400535,9.160722732543945,6323232,0.0,0.0
2009-07-09 00:00:00-04:00,9.160722558866516,9.229600227462727,9.086924530768464,9.175481796264648,5047441,0.0,0.0
2009-07-10 00:00:00-04:00,9.032807874973104,9.106605917576196,8.978690353691896,9.101686477661133,6743983,0.0,0.0
2009-07-13 00:00:00-04:00,9.141041745314029,9.254198031597479,9.096763118459323,9.229598999023438,3645298,0.0,0.0
2009-07-14 00:00:00-04:00,9.018046573239612,9.116443634033203,9.008206775104886,9.116443634033203,5211464,0.0,0.0
2009-07-15 00:00:00-04:00,9.318158252905503,9.387035933923585,9.273880532725759,9.36735725402832,2223535,0.0,0.0
2009-07-16 00:00:00-04:00,9.352596778091241,9.460832735804535,9.288639459618695,9.42147445678711,2668320,0.0,0.0
2009-07-17 00:00:00-04:00,9.165639661664663,9.185319253548677,9.096762010624076,9.155799865722656,4853301,0.0,0.0
2009-07-20 00:00:00-04:00,9.209918634871558,9.2591166959071,9.150880777518207,9.239437103271484,5048128,0.0,0.0
2009-07-21 00:00:00-04:00,9.25911911058239,9.308317184448242,9.175482200899692,9.308317184448242,6430357,0.0,0.0
2009-07-22 00:00:00-04:00,9.298477321632909,9.411633627189357,9.298477321632909,9.372275352478027,4358779,0.0,0.0
2009-07-23 00:00:00-04:00,9.33291575949398,9.623184720527831,9.33291575949398,9.578907012939453,5751407,0.0,0.0
2009-07-24 00:00:00-04:00,9.696982765734443,9.834738088948875,9.677303170831353,9.805218696594238,3074945,0.0,0.0
2009-07-27 00:00:00-04:00,9.775703995627547,9.82490208130911,9.701905946551243,9.780623435974121,4160912,0.0,0.0
2009-07-28 00:00:00-04:00,9.588748191942422,9.726503547877968,9.564149152747333,9.71174430847168,3974816,0.0,0.0
2009-07-29 00:00:00-04:00,9.706822917680284,9.736342313912466,9.608426771347126,9.662545204162598,2859909,0.0,0.0
2009-07-30 00:00:00-04:00,9.888858656427137,9.992174250660895,9.879017936290644,9.928216934204102,5676753,0.0,0.0
2009-07-31 00:00:00-04:00,9.962653278310139,10.174205694437422,9.952813481190846,10.125007629394531,4617273,0.0,0.0
2009-08-03 00:00:00-04:00,10.282442792695964,10.493995232916667,10.282442792695964,10.44971752166748,5826944,0.0,0.0
2009-08-04 00:00:00-04:00,10.41035836845792,10.518595228956796,10.39067969245659,10.474316596984863,7027688,0.0,0.0
2009-08-05 00:00:00-04:00,10.44480037689209,10.4841595819655,10.33164496369093,10.44480037689209,4938060,0.0,0.0
2009-08-06 00:00:00-04:00,10.33164441307813,10.351323094012125,10.277525969263348,10.3267240524292,5037239,0.0,0.0
2009-08-07 00:00:00-04:00,10.577635095436854,10.616993375425196,10.503837975251017,10.523516654968262,6962844,0.0,0.0
2009-08-10 00:00:00-04:00,10.489078377850923,10.5530357013346,10.405441453039698,10.503838539123535,7293048,0.0,0.0
2009-08-11 00:00:00-04:00,10.474316950768307,10.518595584235808,10.39068004341509,10.469396591186523,5947116,0.0,0.0
2009-08-12 00:00:00-04:00,10.503835031968906,10.66126902836151,10.493994314036975,10.587471008300781,8192920,0.0,0.0
2009-08-13 00:00:00-04:00,10.631751797916248,10.636672157882641,10.553034323438002,10.59731388092041,5550989,0.0,0.0
2009-08-14 00:00:00-04:00,10.395601131491993,10.444799211791832,10.302124410700756,10.434959411621094,5679500,0.0,0.0
2009-08-17 00:00:00-04:00,10.174206681815832,10.297202776913055,10.139767848832902,10.262763023376465,3101530,0.0,0.0
2009-08-18 00:00:00-04:00,10.302123538641002,10.503837123681752,10.277524500573355,10.459558486938477,2187336,0.0,0.0
2009-08-19 00:00:00-04:00,10.371001532168213,10.582554002494321,10.371001532168213,10.543195724487305,1956016,0.0,0.0
2009-08-20 00:00:00-04:00,10.60223211863708,10.789185523986816,10.572712723845905,10.789185523986816,3751540,0.0,0.0
2009-08-21 00:00:00-04:00,10.730150399952084,10.887585371339439,10.690791196828288,10.715391159057617,4005914,0.0,0.0
2009-08-24 00:00:00-04:00,10.6563538851468,10.680952928230845,10.602235438029522,10.631753921508789,3877599,0.0,0.0
2009-08-25 00:00:00-04:00,10.872823038311974,10.926941471521411,10.808865726840578,10.818704605102539,4663085,0.0,0.0
2009-08-26 00:00:00-04:00,10.641589888321981,10.735067507133698,10.602231617680442,10.720307350158691,3365321,0.0,0.0
2009-08-27 00:00:00-04:00,10.661271698718128,10.828546454940408,10.636672659387697,10.803946495056152,3545530,0.0,0.0
2009-08-28 00:00:00-04:00,10.897420948876066,10.902341308052279,10.690787956762312,10.720307350158691,2556682,0.0,0.0
2009-08-31 00:00:00-04:00,10.676031324069001,10.794108005898062,10.602234203410465,10.685871124267578,3605469,0.0,0.0
2009-09-01 00:00:00-04:00,10.621914305981019,10.77442891488476,10.46447933646844,10.503838539123535,4846631,0.0,0.0
2009-09-02 00:00:00-04:00,10.45463748871426,10.518595720228374,10.410358854674291,10.430038452148438,2950554,0.0,0.0
2009-09-03 00:00:00-04:00,10.6317496362265,10.671108825739847,10.498914673002941,10.587471008300781,2797223,0.0,0.0
2009-09-04 00:00:00-04:00,10.789187149441645,10.892503665945481,10.621913315418565,10.843305587768555,3025600,0.0,0.0
2009-09-08 00:00:00-04:00,11.281170246179071,11.291010046338537,11.11881676548639,11.138495445251465,3727506,0.0,0.0
2009-09-09 00:00:00-04:00,11.31068636806573,11.369724231355551,11.251648504775906,11.345125198364258,7278039,0.0,0.0
2009-09-10 00:00:00-04:00,11.286088343945098,11.482881546020508,11.231969914194417,11.482881546020508,7919809,0.0,0.0
2009-09-11 00:00:00-04:00,11.394322824662991,11.443520888747125,11.33528496365132,11.414002418518066,4566947,0.0,0.0
2009-09-14 00:00:00-04:00,11.305766787122211,11.423843442380688,11.281167752438177,11.359885215759277,2207642,0.0,0.0
2009-09-15 00:00:00-04:00,11.364805262866637,11.423843128597433,11.300847038001994,11.389404296875,3494224,0.0,0.0
2009-09-16 00:00:00-04:00,11.404165517144664,11.473043192572135,11.35496744056898,11.438604354858398,4395861,0.0,0.0
2009-09-17 00:00:00-04:00,11.42876204967964,11.522238742900216,11.345125153727588,11.43368148803711,4682019,0.0,0.0
2009-09-18 00:00:00-04:00,11.315606636386152,11.36480562653083,11.251649330028554,11.271328926086426,9021276,0.0,0.0
2009-09-21 00:00:00-04:00,11.143412399297892,11.28116772969367,11.094214330029015,11.246728897094727,5188607,0.0,0.0
2009-09-22 00:00:00-04:00,11.468119634888316,11.620634169836626,11.423841013649318,11.58127498626709,8196844,0.0,0.0
2009-09-23 00:00:00-04:00,11.635395807480279,11.733792866181261,11.428762812706498,11.536998748779297,5896889,0.0,0.0
2009-09-24 00:00:00-04:00,11.43860085209742,11.536996975117644,11.207368858335684,11.320524215698242,7436863,0.0,0.0
2009-09-25 00:00:00-04:00,11.227048796975955,11.335284719742779,11.158171140518832,11.202448844909668,4906766,0.0,0.0
2009-09-28 00:00:00-04:00,11.07945559137444,11.389405098696999,11.069615792967642,11.315607070922852,3747714,0.0,0.0
2009-09-29 00:00:00-04:00,11.227048229835622,11.281165728208492,11.08437256549404,11.10897159576416,5380687,0.0,0.0
2009-09-30 00:00:00-04:00,11.15816974183983,11.168008616768798,10.985975622281588,11.069612503051758,4808862,0.0,0.0
2009-10-01 00:00:00-04:00,11.212292264070799,11.212292264070799,10.966300048558008,10.990899085998535,5325555,0.0,0.0
2009-10-02 00:00:00-04:00,10.823626024357571,10.951541580376286,10.81378622457862,10.867904663085938,5291318,0.0,0.0
2009-10-05 00:00:00-04:00,10.926941224861512,11.158173269872467,10.91710142626794,11.099135398864746,3701607,0.0,0.0
2009-10-06 00:00:00-04:00,10.92201861375447,11.059773924559314,10.912179737742855,11.015495300292969,5440332,0.0,0.0
2009-10-07 00:00:00-04:00,10.882663938591717,10.902343538214925,10.769507621589005,10.89250373840332,6474110,0.0,0.0
2009-10-08 00:00:00-04:00,10.671109430709208,10.759665771027509,10.577632731145995,10.592391967773438,10934324,0.0,0.0
2009-10-09 00:00:00-04:00,10.459559896413504,10.503838539123535,10.380842411657213,10.503838539123535,8430812,0.0,0.0
2009-10-12 00:00:00-04:00,10.626832677295994,10.656352076318552,10.474318083730635,10.567794799804688,5043027,0.0,0.0
2009-10-13 00:00:00-04:00,10.562873239985722,10.612071307927438,10.469395622121386,10.557952880859375,4316596,0.0,0.0
2009-10-14 00:00:00-04:00,10.705549316778082,10.779346427731562,10.612072608015513,10.75474739074707,3781853,0.0,0.0
2009-10-15 00:00:00-04:00,10.946618949084373,11.035175280167131,10.838382103628094,11.010576248168945,9410537,0.0,0.0
2009-10-16 00:00:00-04:00,10.784267562056245,11.010580210773025,10.725229679902712,10.858065605163574,5353611,0.0,0.0
2009-10-19 00:00:00-04:00,10.789187221212213,10.926942577467022,10.7842668610295,10.89250373840332,5623484,0.0,0.0
2009-10-20 00:00:00-04:00,10.961377799316134,10.961377799316134,10.749825395116549,10.813782691955566,5165456,0.0,0.0
2009-10-21 00:00:00-04:00,10.985976825231027,11.084372949722312,10.897419576746058,10.902339935302734,10527503,0.0,0.0
2009-10-22 00:00:00-04:00,11.286087335074434,11.414002858961316,11.236889269091847,11.345125198364258,9290561,0.0,0.0
2009-10-23 00:00:00-04:00,11.286086392957484,11.295926189443334,10.91709908778247,10.966297149658203,10086642,0.0,0.0
2009-10-26 00:00:00-04:00,11.059775055118877,11.133573076624455,10.936778966311989,11.000737190246582,8782010,0.0,0.0
2009-10-27 00:00:00-04:00,11.15817057685789,11.217208433616877,11.015494912516306,11.10897159576416,6169509,0.0,0.0
2009-10-28 00:00:00-04:00,11.148331478507908,11.22704893263198,11.054854789408555,11.074533462524414,7630414,0.0,0.0
2009-10-29 00:00:00-04:00,11.187690028730659,11.404162802917758,11.168010434562676,11.310686111450195,4586371,0.0,0.0
2009-10-30 00:00:00-04:00,11.217209626801749,11.261487333665734,10.813783462241284,10.917099952697754,7933641,0.0,0.0
2009-11-02 00:00:00-05:00,10.946620869036789,11.04501701428745,10.803945169648129,10.92202091217041,3899083,0.0,0.0
2009-11-03 00:00:00-05:00,10.78426553377681,10.946620829855975,10.75474705852875,10.897421836853027,5124744,0.0,0.0
2009-11-04 00:00:00-05:00,11.020419120788574,11.177854074180043,11.005659881581188,11.020419120788574,3027072,0.0,0.0
2009-11-05 00:00:00-05:00,11.350049381312177,11.374647502037392,11.197533852495434,11.231972694396973,3675709,0.0,0.0
2009-11-06 00:00:00-05:00,11.035177769082852,11.16801275594387,11.010578731536507,11.128654479980469,3839144,0.0,0.0
2009-11-09 00:00:00-05:00,11.409084673740876,11.438603148351257,11.359885681800758,11.40416431427002,4260287,0.0,0.0
2009-11-10 00:00:00-05:00,10.981058954821327,11.246728897094727,10.97121915685682,11.246728897094727,6504521,0.0,0.0
2009-11-11 00:00:00-05:00,11.074536638066922,11.094216237379309,10.887584126814492,11.020419120788574,7519659,0.0,0.0
2009-11-12 00:00:00-05:00,11.113894035515097,11.18769114014588,11.074534843269085,11.09421443939209,5464170,0.0,0.0
2009-11-13 00:00:00-05:00,11.222132398475575,11.340208159625499,11.182774118276885,11.276250839233398,4950813,0.0,0.0
2009-11-16 00:00:00-05:00,11.414005600718312,11.586199793573705,11.389406561818086,11.497642517089844,5403152,0.0,0.0
2009-11-17 00:00:00-05:00,11.556681101968316,11.615718983053446,11.487803420610021,11.576360702514648,4919715,0.0,0.0
2009-11-18 00:00:00-05:00,11.515172105190233,11.520187025958233,11.369727203447793,11.485079765319824,5184977,0.45668,0.0
2009-11-19 00:00:00-05:00,11.299512829531523,11.30954360961914,11.144038084225487,11.30954360961914,6210122,0.0,0.0
2009-11-20 00:00:00-05:00,11.0487459126567,11.274435156289368,11.03871607205052,11.244343757629395,5322906,0.0,0.0
2009-11-23 00:00:00-05:00,11.414870167510086,11.434931736076656,11.274441064386503,11.319579124450684,5492521,0.0,0.0
2009-11-24 00:00:00-05:00,11.389788355926795,11.414864835711366,11.314558916573077,11.334620475769043,5994008,0.0,0.0
2009-11-25 00:00:00-05:00,11.535236478638279,11.690712210907614,11.48508350096229,11.630528450012207,5461423,0.0,0.0
2009-11-27 00:00:00-05:00,11.284467179339359,11.625509011747424,11.279452258483413,11.560309410095215,2694709,0.0,0.0
2009-11-30 00:00:00-05:00,11.354682352281037,11.45498922093323,11.284467825750763,11.379758834838867,5646636,0.0,0.0
2009-12-01 00:00:00-05:00,11.575359146941155,11.765941205197823,11.555297581307483,11.750895500183105,6012843,0.0,0.0
2009-12-02 00:00:00-05:00,11.891321173527368,12.056827647983928,11.876275471638909,12.026735305786133,8683616,0.0,0.0
2009-12-03 00:00:00-05:00,11.806061305629813,11.86624505344326,11.655601466885747,11.665632247924805,3804416,0.0,0.0
2009-12-04 00:00:00-05:00,11.841170668692486,11.921415992806102,11.705757446717879,11.750895500183105,4727635,0.0,0.0
2009-12-07 00:00:00-05:00,11.615479850832147,11.730832430807434,11.600434147746094,11.640556335449219,2782508,0.0,0.0
2009-12-08 00:00:00-05:00,11.485080232831143,11.500125934168395,11.39982000735892,11.490096092224121,3415253,0.0,0.0
2009-12-09 00:00:00-05:00,11.50514189567747,11.50514189567747,11.33462144321954,11.460003852844238,3630877,0.0,0.0
2009-12-10 00:00:00-05:00,11.570339688303239,11.605446006766252,11.49009439565179,11.565323829650879,3459791,0.0,0.0
2009-12-11 00:00:00-05:00,11.550279400892302,11.655600244706454,11.52018706093054,11.61046314239502,3722601,0.0,0.0
2009-12-14 00:00:00-05:00,11.59541484337135,11.725814026118778,11.585385003240628,11.675660133361816,4339846,0.0,0.0
2009-12-15 00:00:00-05:00,11.515173306682389,11.600433537580056,11.490096823384304,11.550280570983887,4245474,0.0,0.0
2009-12-16 00:00:00-05:00,11.620492653987444,11.720799512590878,11.59541617394178,11.700737953186035,3573489,0.0,0.0
2009-12-17 00:00:00-05:00,11.460003284638217,11.50514132523343,11.384772904172596,11.485079765319824,7540358,0.0,0.0
2009-12-18 00:00:00-05:00,11.490097092248272,11.50012693506548,11.139024441018321,11.219269752502441,25792844,0.0,0.0
2009-12-21 00:00:00-05:00,11.389789328086067,11.50514189567747,11.389789328086067,11.460003852844238,8929945,0.0,0.0
2009-12-22 00:00:00-05:00,11.505141475259101,11.530217956267702,11.43994187390009,11.444957733154297,5435329,0.0,0.0
2009-12-23 00:00:00-05:00,11.414867745401388,11.54526603657261,11.339638286871416,11.44997501373291,4537714,0.0,0.0
2009-12-24 00:00:00-05:00,11.454988397308501,11.520187059586839,11.439941758118971,11.475049018859863,2372156,0.0,0.0
2009-12-28 00:00:00-05:00,11.48507908463937,11.545262822392507,11.449971826081645,11.540246963500977,2513126,0.0,0.0
2009-12-29 00:00:00-05:00,11.565326795663404,11.57535757711989,11.465019919519486,11.535234451293945,2316141,0.0,0.0
2009-12-30 00:00:00-05:00,11.480063559092955,11.615477676785073,11.47003371786015,11.585386276245117,2029493,0.0,0.0
2009-12-31 00:00:00-05:00,11.545263641965226,11.66563112601612,11.535232861890849,11.580370903015137,1677118,0.0,0.0
2010-01-04 00:00:00-05:00,11.635543372411362,11.690712210907614,11.58037453391511,11.630528450012207,4506322,0.0,0.0
2010-01-05 00:00:00-05:00,11.470032902309315,11.555293115671317,11.42991072496858,11.545262336730957,3682085,0.0,0.0
2010-01-06 00:00:00-05:00,11.520184265053947,11.56532229483147,11.434924063485616,11.454985618591309,4649548,0.0,0.0
2010-01-07 00:00:00-05:00,11.169111023449348,11.239325523376465,11.103912381185895,11.239325523376465,7192398,0.0,0.0
2010-01-08 00:00:00-05:00,11.108931694353604,11.113947554001193,10.973518498602946,11.068809509277344,10832398,0.0,0.0
2010-01-11 00:00:00-05:00,11.159084058353324,11.254375055873993,11.12397679934988,11.229297637939453,6816871,0.0,0.0
2010-01-12 00:00:00-05:00,11.144036055167044,11.234312121097709,11.123975437065175,11.214250564575195,5690683,0.0,0.0
2010-01-13 00:00:00-05:00,11.274436214903853,11.379757996944393,11.259390514161147,11.349666595458984,8411683,0.0,0.0
2010-01-14 00:00:00-05:00,11.239326804106728,11.314557170270065,11.22428110624231,11.284464836120605,10039456,0.0,0.0
2010-01-15 00:00:00-05:00,11.088871052697241,11.103917694467603,10.98856511247332,11.078841209411621,19103798,0.0,0.0
2010-01-19 00:00:00-05:00,11.289479940069203,11.37975600556938,11.274434241959387,11.369725227355957,7034359,0.0,0.0
2010-01-20 00:00:00-05:00,11.224284673911045,11.244346236387306,11.103917175895326,11.219269752502441,6938711,0.0,0.0
2010-01-21 00:00:00-05:00,11.088871158821094,11.128994286031427,10.933396386933497,11.048748970031738,11393923,0.0,0.0
2010-01-22 00:00:00-05:00,11.033701273995144,11.08385423553011,10.78293552789951,10.808012008666992,9173331,0.0,0.0
2010-01-25 00:00:00-05:00,10.883242037473417,10.958472422250878,10.868196335886267,10.908318519592285,6898196,0.0,0.0
2010-01-26 00:00:00-05:00,10.888259765063754,11.013642197170137,10.853151557968747,10.918351173400879,6977657,0.0,0.0
2010-01-27 00:00:00-05:00,11.063794706816237,11.09388611134123,10.933395492471604,11.038718223571777,5772989,0.0,0.0
2010-01-28 00:00:00-05:00,11.038717441449501,11.038717441449501,10.77290504873411,10.8531494140625,6077982,0.0,0.0
2010-01-29 00:00:00-05:00,10.858165611181462,10.923365215762427,10.7428130421049,10.762874603271484,5749837,0.0,0.0
2010-02-01 00:00:00-05:00,10.828074872363322,10.903304323723493,10.808013309965576,10.843120574951172,4823577,0.0,0.0
2010-02-02 00:00:00-05:00,10.833090704921695,11.003612122803228,10.813029140836575,10.978534698486328,5659389,0.0,0.0
2010-02-03 00:00:00-05:00,10.858166208093278,10.8732119105849,10.727767930183754,10.863182067871094,5675085,0.0,0.0
2010-02-04 00:00:00-05:00,11.209240039152824,11.289484419860791,10.988565646153386,11.063796043395996,15296929,0.0,0.0
2010-02-05 00:00:00-05:00,11.053763807176356,11.103916773126905,10.853150066532384,11.068809509277344,11662520,0.0,0.0
2010-02-08 00:00:00-05:00,10.953458442074869,11.033703761675564,10.898289608895452,10.918351173400879,6270160,0.0,0.0
2010-02-09 00:00:00-05:00,10.823058292703962,11.08385483284522,10.808012591116812,10.908318519592285,8717460,0.0,0.0
2010-02-10 00:00:00-05:00,10.818044745305514,10.968503657123742,10.782937478197066,10.92336654663086,5039397,0.0,0.0
2010-02-11 00:00:00-05:00,10.797984002264348,10.988566055787093,10.727769462711649,10.953458786010742,4888617,0.0,0.0
2010-02-12 00:00:00-05:00,10.893273478077818,11.043733318328925,10.828074808302249,10.988564491271973,4097735,0.0,0.0
2010-02-16 00:00:00-05:00,10.953457776141281,11.128994108839212,10.923366369633612,11.098902702331543,6258780,0.0,0.0
2010-02-17 00:00:00-05:00,11.09890265194081,11.144039761497382,11.03370304076861,11.108932495117188,8169474,0.0,0.0
2010-02-18 00:00:00-05:00,11.068807215726958,11.21425116221469,11.063792295539393,11.179143905639648,4630320,0.0,0.0
2010-02-19 00:00:00-05:00,11.013637214919687,11.14403544837455,10.953453487049796,11.113944053649902,4206332,0.0,0.0
2010-02-22 00:00:00-05:00,11.048748066132843,11.063794706816237,11.008625880625885,11.038718223571777,4454427,0.0,0.0
2010-02-23 00:00:00-05:00,10.953457031921069,10.99859507703668,10.873211722651197,10.913334846496582,8674394,0.0,0.0
2010-02-24 00:00:00-05:00,10.908319028285431,11.053763945146674,10.893273325996647,11.0286865234375,6988448,0.0,0.0
2010-02-25 00:00:00-05:00,10.913336293363683,11.053765368598524,10.868198242263766,11.033703804016113,3768217,0.0,0.0
2010-02-26 00:00:00-05:00,10.792967802873479,10.933396877569441,10.747830690367792,10.918351173400879,5643497,0.0,0.0
2010-03-01 00:00:00-05:00,10.712722296207659,10.863182137348918,10.692660733809912,10.843120574951172,9031478,0.0,0.0
2010-03-02 00:00:00-05:00,10.908319299322795,10.99357953230555,10.853150471665282,10.958473205566406,5509100,0.0,0.0
2010-03-03 00:00:00-05:00,11.204219754569483,11.279450122105438,11.184159136524451,11.224281311035156,5015068,0.0,0.0
2010-03-04 00:00:00-05:00,11.204219786313939,11.244342899358966,11.1540668334283,11.214250564575195,6003622,0.0,0.0
2010-03-05 00:00:00-05:00,11.12899347299289,11.309544716986125,11.09388620845913,11.26942253112793,4999961,0.0,0.0
2010-03-08 00:00:00-05:00,11.25939076353178,11.304528805180405,11.199207020807219,11.279452323913574,5109833,0.0,0.0
2010-03-09 00:00:00-05:00,11.204222923384844,11.30452979566169,11.189177220990635,11.26942253112793,6455176,0.0,0.0
2010-03-10 00:00:00-05:00,11.169115658851084,11.289483154846573,11.1440391753871,11.26942253112793,6425256,0.0,0.0
2010-03-11 00:00:00-05:00,11.324587486585944,11.444955889829835,11.249358055676593,11.424894332885742,5174775,0.0,0.0
2010-03-12 00:00:00-05:00,11.570342655602118,11.625510545981378,11.515173826801917,11.535234451293945,6034720,0.0,0.0
2010-03-15 00:00:00-04:00,11.475045658078695,11.485076435126992,11.389785460798972,11.480060577392578,4050451,0.0,0.0
2010-03-16 00:00:00-04:00,11.364713124715692,11.540248502492728,11.34966742287612,11.515172958374023,5484379,0.0,0.0
2010-03-17 00:00:00-04:00,11.485077594164844,11.505139150285984,11.394802468460956,11.419878005981445,11311519,0.0,0.0
2010-03-18 00:00:00-04:00,11.329604986888388,11.379757948095989,11.249359685903748,11.359696388244629,4618058,0.0,0.0
2010-03-19 00:00:00-04:00,11.324594047381723,11.359701323162618,11.144042745546205,11.319579124450684,8225587,0.0,0.0
2010-03-22 00:00:00-04:00,11.098901095739894,11.324589427141376,11.083854456243136,11.279452323913574,5906993,0.0,0.0
2010-03-23 00:00:00-04:00,11.209242374176958,11.32960990873397,11.1791500213271,11.319579124450684,4432747,0.0,0.0
2010-03-24 00:00:00-04:00,11.199206145378394,11.209236924785197,11.108930069137916,11.123976707458496,5203224,0.0,0.0
2010-03-25 00:00:00-04:00,11.078840967882785,11.103917452392075,11.003611514354915,11.013641357421875,8478391,0.0,0.0
2010-03-26 00:00:00-04:00,10.948442236154818,11.018656765268226,10.948442236154818,11.008625984191895,5057251,0.0,0.0
2010-03-29 00:00:00-04:00,11.329606715909282,11.56031093572469,11.324590855970568,11.535234451293945,10070946,0.0,0.0
2010-03-30 00:00:00-04:00,11.590405317134529,11.675665566867933,11.449976228904875,11.630528450012207,9465080,0.0,0.0
2010-03-31 00:00:00-04:00,11.560309905185713,11.695724035145425,11.535233422990403,11.690709114074707,9331174,0.0,0.0
2010-04-01 00:00:00-04:00,11.560311210012532,11.725817700340057,11.550281366739014,11.71578598022461,6866313,0.0,0.0
2010-04-05 00:00:00-04:00,11.760920944900882,11.811074840222838,11.710767987999642,11.77596664428711,2954380,0.0,0.0
2010-04-06 00:00:00-04:00,11.389789457221791,11.55529499053955,11.379758676653918,11.55529499053955,8171534,0.0,0.0
2010-04-07 00:00:00-04:00,11.33461891123993,11.409848340209653,11.30954149649605,11.369725227355957,10334148,0.0,0.0
2010-04-08 00:00:00-04:00,11.284469757158929,11.530220642076701,11.259393270309099,11.495113372802734,4987993,0.0,0.0
2010-04-09 00:00:00-04:00,11.485080397301488,11.580371404503426,11.475049616792727,11.575356483459473,3685617,0.0,0.0
2010-04-12 00:00:00-04:00,11.580370080950232,11.595415780783329,11.52520126366788,11.540246963500977,3472348,0.0,0.0
2010-04-13 00:00:00-04:00,11.565324716937965,11.61046275616867,11.485079418130129,11.585386276245117,4413029,0.0,0.0
2010-04-14 00:00:00-04:00,11.695724300402095,11.775968669878672,11.665631958032717,11.745877265930176,5216664,0.0,0.0
2010-04-15 00:00:00-04:00,11.841169216791988,11.93144531265327,11.811077810452197,11.881292343139648,5805852,0.0,0.0
2010-04-16 00:00:00-04:00,11.816089955563974,11.866242913292966,11.66061522355166,11.725814819335938,7396544,0.0,0.0
2010-04-19 00:00:00-04:00,11.525200331932274,11.6957216904646,11.510154633315521,11.675660133361816,6393177,0.0,0.0
2010-04-20 00:00:00-04:00,11.665631328038614,11.675662108286701,11.580371103561118,11.655600547790527,7457464,0.0,0.0
2010-04-21 00:00:00-04:00,11.63554127415206,11.695725024194417,11.615479711330961,11.680679321289062,4185338,0.0,0.0
2010-04-22 00:00:00-04:00,11.465018686797084,11.620493436603565,11.414865723328058,11.615478515625,7859282,0.0,0.0
2010-04-23 00:00:00-04:00,11.429911537666621,11.630524315475823,11.404834119322294,11.585386276245117,6554453,0.0,0.0
2010-04-26 00:00:00-04:00,11.580371472748803,11.605447954958057,11.535233429403805,11.55529499053955,5024192,0.0,0.0
2010-04-27 00:00:00-04:00,11.18917927635924,11.244348113166653,11.023673704358078,11.10391902923584,20508099,0.0,0.0
2010-04-28 00:00:00-04:00,10.968503379832866,11.013641427605604,10.823059393383772,10.993579864501953,12952045,0.0,0.0
2010-04-29 00:00:00-04:00,11.093885518853815,11.229298708826116,11.033701774597143,11.199207305908203,8085304,0.0,0.0
2010-04-30 00:00:00-04:00,11.149055064967966,11.26942350983794,11.13400936126709,11.13400936126709,7130595,0.0,0.0
2010-05-03 00:00:00-04:00,11.179145029841866,11.33963562987301,11.154068549540897,11.264405250549316,5393832,0.0,0.0
2010-05-04 00:00:00-04:00,10.953457555520789,11.17413193195644,10.787952007799285,10.89828872680664,10525247,0.0,0.0
2010-05-05 00:00:00-04:00,10.677615011575227,10.757859384176726,10.657553449214394,10.717737197875977,8880895,0.0,0.0
2010-05-06 00:00:00-04:00,10.63247743578608,10.68263040548569,9.895224839833796,10.336573600769043,11996551,0.0,0.0
2010-05-07 00:00:00-04:00,10.050700257432673,10.130944631268768,9.734734868282404,10.030638694763184,19643446,0.0,0.0
2010-05-10 00:00:00-04:00,10.502079927778501,10.537187196847382,10.381712416234059,10.512110710144043,11035563,0.0,0.0
2010-05-11 00:00:00-04:00,10.201157714818052,10.461953276423243,10.145988899590018,10.296448707580566,10220058,0.0,0.0
2010-05-12 00:00:00-04:00,10.22121900240352,10.381709599872057,10.201158381535533,10.376694679260254,7987008,0.0,0.0
2010-05-13 00:00:00-04:00,10.206174970188641,10.30648090618435,10.171067704905958,10.1760835647583,10085171,0.0,0.0
2010-05-14 00:00:00-04:00,10.12091528301948,10.130945126423507,9.82501144207626,9.900240898132324,13092230,0.0,0.0
2010-05-17 00:00:00-04:00,9.98550099234851,10.09583865241511,9.804949737359024,10.065746307373047,7491701,0.0,0.0
2010-05-18 00:00:00-04:00,10.010578013779707,10.01559387409932,9.774857916125315,9.799935340881348,14595220,0.0,0.0
2010-05-19 00:00:00-04:00,9.61436836688914,9.729720956578632,9.433817099388868,9.634429931640625,18269948,0.0,0.0
2010-05-20 00:00:00-04:00,9.3335093054333,9.634428993726852,9.132896492711245,9.373632431030273,15619874,0.0,0.0
2010-05-21 00:00:00-04:00,9.27332490062431,9.569228708112568,9.223171935590575,9.554183006286621,14576090,0.0,0.0
2010-05-24 00:00:00-04:00,9.539138506215176,9.57424671572062,9.36861801147461,9.36861801147461,8294649,0.0,0.0
2010-05-25 00:00:00-04:00,9.263294390756158,9.654489218613879,9.243232828787793,9.609352111816406,17447576,0.0,0.0
2010-05-26 00:00:00-04:00,9.589289516196725,9.769840739187286,9.589289516196725,9.629411697387695,16854953,0.0,0.0
2010-05-27 00:00:00-04:00,9.855102672892157,10.100853538736587,9.835041109600908,10.075777053833008,11646726,0.0,0.0
2010-05-28 00:00:00-04:00,10.186113283203678,10.191129142994754,10.010576958934337,10.080792427062988,9752219,0.0,0.0
2010-06-01 00:00:00-04:00,10.08580802432252,10.276390063894903,10.055715678822207,10.151006698608398,19891737,0.0,0.0
2010-06-02 00:00:00-04:00,10.329698584520093,10.475996922685807,10.240874872817344,10.460322380065918,11947991,0.82773,0.0
2010-06-03 00:00:00-04:00,10.590946675345975,10.69022139950028,10.491672928834337,10.66409683227539,13338461,0.0,0.0
2010-06-04 00:00:00-04:00,10.617073298318235,10.658872414593992,10.397625738174302,10.449874877929688,13644533,0.0,0.0
2010-06-07 00:00:00-04:00,10.481224979082608,10.517799572547109,10.319252058780613,10.33492660522461,9624199,0.0,0.0
2010-06-08 00:00:00-04:00,10.225201089061583,10.287900241836896,10.11025280524728,10.267000198364258,8108357,0.0,0.0
2010-06-09 00:00:00-04:00,10.439423350441382,10.549147114705438,10.340149608151423,10.36104965209961,9398471,0.0,0.0
2010-06-10 00:00:00-04:00,10.627523479122948,10.789496401348075,10.606623431854294,10.773820877075195,8720501,0.0,0.0
2010-06-11 00:00:00-04:00,10.648421291438924,10.78426962735936,10.63274674665959,10.779045104980469,5678126,0.0,0.0
2010-06-14 00:00:00-04:00,10.925343304895181,11.024617049796031,10.8417441045464,10.846969604492188,6887797,0.0,0.0
2010-06-15 00:00:00-04:00,11.061192896963393,11.123892059945819,11.014168280315886,11.08731746673584,7374569,0.0,0.0
2010-06-16 00:00:00-04:00,10.914895924067908,11.045518789683832,10.87309680259939,11.014169692993164,8127781,0.0,0.0
2010-06-17 00:00:00-04:00,11.014167265004078,11.066416399732525,10.941018085327185,11.0559663772583,7602652,0.0,0.0
2010-06-18 00:00:00-04:00,11.155241513126118,11.186590604061653,11.08731685336129,11.097766876220703,5617206,0.0,0.0
2010-06-21 00:00:00-04:00,11.254515608608093,11.264964654144908,11.076867169841236,11.108217239379883,7137854,0.0,0.0
2010-06-22 00:00:00-04:00,11.087319466542139,11.285867014738724,10.96714564179907,10.988045692443848,7361032,0.0,0.0
2010-06-23 00:00:00-04:00,11.076868227413746,11.202266562255362,10.982818987461119,11.155242919921875,11385780,0.0,0.0
2010-06-24 00:00:00-04:00,11.306765150462178,11.3746898206056,11.123893144229886,11.280641555786133,16294901,0.0,0.0
2010-06-25 00:00:00-04:00,11.406038697918945,11.432163267498382,11.254515803301116,11.317214965820312,17668104,0.0,0.0
2010-06-28 00:00:00-04:00,11.421712760244311,11.5836856713603,11.374688145936478,11.505311965942383,7204856,0.0,0.0
2010-06-29 00:00:00-04:00,11.327662410530042,11.338112432413402,11.12911492767406,11.181364059448242,11389802,0.0,0.0
2010-06-30 00:00:00-04:00,10.988042367550245,11.014166934129664,10.784269379531072,10.799943923950195,12954203,0.0,0.0
2010-07-01 00:00:00-04:00,10.873096886703927,11.071644426090222,10.826072263661299,11.04551887512207,11156128,0.0,0.0
2010-07-02 00:00:00-04:00,10.893994486257714,11.003718265978389,10.820845299777265,10.956693649291992,7007381,0.0,0.0
2010-07-06 00:00:00-04:00,11.092543795266756,11.207492116505252,11.019394596939646,11.040294647216797,9491764,0.0,0.0
2010-07-07 00:00:00-04:00,11.123891841422545,11.39036303445247,11.108217295395546,11.385138511657715,7108130,0.0,0.0
2010-07-08 00:00:00-04:00,11.406038419983625,11.453062057495117,11.31198918967519,11.453062057495117,4577738,0.0,0.0
2010-07-09 00:00:00-04:00,11.390363100407678,11.421713170285944,11.322439415468885,11.416488647460938,3980898,0.0,0.0
2010-07-12 00:00:00-04:00,11.259741697235395,11.400815563313923,11.249291672602594,11.359015464782715,4337295,0.0,0.0
2010-07-13 00:00:00-04:00,11.59935964949713,11.709083418300365,11.573235082302455,11.662059783935547,8115224,0.0,0.0
2010-07-14 00:00:00-04:00,11.625485579287277,11.729983851526216,11.568010942970245,11.68818473815918,7167775,0.0,0.0
2010-07-15 00:00:00-04:00,11.761332874248188,11.813582987708735,11.63593455722825,11.787458419799805,7598630,0.0,0.0
2010-07-16 00:00:00-04:00,11.761331624558707,11.766557124170875,11.489634974003492,11.547109603881836,7913237,0.0,0.0
2010-07-19 00:00:00-04:00,11.583685307835497,11.641159943257232,11.458286992045057,11.609809875488281,3887213,0.0,0.0
2010-07-20 00:00:00-04:00,11.31199011618308,11.609811399695861,11.291090068259894,11.583686828613281,6109962,0.0,0.0
2010-07-21 00:00:00-04:00,11.735208191278723,11.745658213868372,11.594135330425146,11.609809875488281,8228138,0.0,0.0
2010-07-22 00:00:00-04:00,11.85015565780618,11.954653912506318,11.829255615809142,11.90240478515625,6900060,0.0,0.0
2010-07-23 00:00:00-04:00,12.127078103058379,12.189777258067101,12.027804359491014,12.142752647399902,10136771,0.0,0.0
2010-07-26 00:00:00-04:00,12.30995360264057,12.34652819879579,12.22112986273299,12.278604507446289,6029520,0.0,0.0
2010-07-27 00:00:00-04:00,12.320401486216479,12.336076031090125,12.153203082088698,12.315176963806152,5594251,0.0,0.0
2010-07-28 00:00:00-04:00,12.174106775937853,12.23158142789155,12.085283024840658,12.106182098388672,5076675,0.0,0.0
2010-07-29 00:00:00-04:00,12.325622112302918,12.409221287939788,12.127074681191827,12.283823013305664,6005093,0.0,0.0
2010-07-30 00:00:00-04:00,12.168876622788167,12.372648605887367,12.147976581265297,12.268149375915527,4317479,0.0,0.0
2010-08-02 00:00:00-04:00,12.513723373413084,12.592098052398843,12.440575172078454,12.513723373413086,5696078,0.0,0.0
2010-08-03 00:00:00-04:00,12.4040003289325,12.41967487335205,12.299501084969348,12.41967487335205,4445303,0.0,0.0
2010-08-04 00:00:00-04:00,12.440573955496737,12.53984769188027,12.403999369584774,12.534622192382812,4108232,0.0,0.0
2010-08-05 00:00:00-04:00,12.503275686148438,12.555524826049805,12.445801045671278,12.555524826049805,3895649,0.0,0.0
2010-08-06 00:00:00-04:00,12.649575876311138,12.963071738376271,12.639125851301817,12.931722640991211,10787174,0.0,0.0
2010-08-09 00:00:00-04:00,12.926494917236786,12.983969556085095,12.895145825241515,12.921269416809082,4889206,0.0,0.0
2010-08-10 00:00:00-04:00,12.74884689395164,12.90036977975378,12.680922234882804,12.832446098327637,6986976,0.0,0.0
2010-08-11 00:00:00-04:00,12.435352856383616,12.435352856383616,12.330854561167332,12.393553733825684,7638360,0.0,0.0
2010-08-12 00:00:00-04:00,12.398776592007314,12.529400421123938,12.393552069005471,12.487600326538086,8495951,0.0,0.0
2010-08-13 00:00:00-04:00,12.46669973919282,12.602548074773122,12.445799694444263,12.513723373413086,3889861,0.0,0.0
2010-08-16 00:00:00-04:00,12.47714998919359,12.691372030025143,12.440575399037698,12.607772827148438,4238312,0.0,0.0
2010-08-17 00:00:00-04:00,12.482374736502113,12.639123122514142,12.451024668242628,12.571198463439941,6807159,0.0,0.0
2010-08-18 00:00:00-04:00,12.628673121621016,12.633897644185293,12.51372384877996,12.586874008178711,5548242,0.0,0.0
2010-08-19 00:00:00-04:00,12.57119855535084,12.586874078416535,12.299501872352987,12.356976509094238,5931715,0.0,0.0
2010-08-20 00:00:00-04:00,12.231579319081593,12.330853078658782,12.174104677036928,12.304728507995605,6993157,0.0,0.0
2010-08-23 00:00:00-04:00,12.341303102452612,12.419676814442143,12.294278484201776,12.304728507995605,4765894,0.0,0.0
2010-08-24 00:00:00-04:00,12.121854214837327,12.20022791828677,12.043479533745202,12.147978782653809,6906829,0.0,0.0
2010-08-25 00:00:00-04:00,12.027808372886962,12.142756699151395,11.99123377212424,12.106182098388672,5898066,0.0,0.0
2010-08-26 00:00:00-04:00,12.189776033855663,12.273375224685692,12.04870319366455,12.04870319366455,7877332,0.0,0.0
2010-08-27 00:00:00-04:00,12.41445113865562,12.550299490774087,12.231579146592235,12.487600326538086,6168822,0.0,0.0
2010-08-30 00:00:00-04:00,12.471925379132168,12.545074564664148,12.330852508544922,12.330852508544922,3882111,0.0,0.0
2010-08-31 00:00:00-04:00,12.482376171023763,12.71749828824158,12.419677004941866,12.644349098205566,11512329,0.0,0.0
2010-09-01 00:00:00-04:00,12.795869522297998,12.874244197947776,12.660021192500015,12.68614673614502,11467988,0.0,0.0
2010-09-02 00:00:00-04:00,12.686149365364471,12.727948484102685,12.660023816304918,12.722723960876465,3737610,0.0,0.0
2010-09-03 00:00:00-04:00,12.837670689359328,12.978743553161621,12.795870598127019,12.978743553161621,6550333,0.0,0.0
2010-09-07 00:00:00-04:00,12.780197143554688,12.874246379211995,12.727948002697419,12.780197143554688,5141421,0.0,0.0
2010-09-08 00:00:00-04:00,12.92649493831814,13.020544169742804,12.910820392294942,12.936944961547852,4073995,0.0,0.0
2010-09-09 00:00:00-04:00,12.921270772210423,13.010095490014178,12.816772484407663,12.9630708694458,6115652,0.0,0.0
2010-09-10 00:00:00-04:00,12.926496229833754,12.978745373559903,12.895147134655199,12.947396278381348,4678291,0.0,0.0
2010-09-13 00:00:00-04:00,12.879469802948938,12.994419076195086,12.879469802948938,12.978743553161621,4668285,0.0,0.0
2010-09-14 00:00:00-04:00,12.879471947280157,13.130269603501755,12.848122851279244,13.088469505310059,4361722,0.0,0.0
2010-09-15 00:00:00-04:00,13.088466312054315,13.234764664746423,13.020542635528763,13.208640098571777,4782964,0.0,0.0
2010-09-16 00:00:00-04:00,13.041439405644585,13.177288690061616,13.030990363128614,13.166837692260742,5692645,0.0,0.0
2010-09-17 00:00:00-04:00,13.2034155763939,13.229540142568544,13.130266400047844,13.208640098571777,7352595,0.0,0.0
2010-09-20 00:00:00-04:00,13.292242453095078,13.480339960800938,13.255667856237588,13.464665412902832,4828580,0.0,0.0
2010-09-21 00:00:00-04:00,13.407189095492118,13.480338280086933,13.302690819009657,13.428089141845703,6103880,0.0,0.0
2010-09-22 00:00:00-04:00,13.344490479783845,13.480338831352068,13.302691363010075,13.386289596557617,6996296,0.0,0.0
2010-09-23 00:00:00-04:00,13.255669315195375,13.370617641837809,13.224319238305823,13.276569366455078,5378038,0.0,0.0
2010-09-24 00:00:00-04:00,13.339266652067105,13.428090390867737,13.32359112702248,13.422865867614746,5987141,0.0,0.0
2010-09-27 00:00:00-04:00,13.29224068990825,13.323589781546076,13.203416960077439,13.25044059753418,5820764,0.0,0.0
2010-09-28 00:00:00-04:00,13.109369531655412,13.245217895256948,12.994421217113453,13.219093322753906,6442031,0.0,0.0
2010-09-29 00:00:00-04:00,13.156393709459808,13.208642852703555,13.093694542038744,13.16161823272705,4774527,0.0,0.0
2010-09-30 00:00:00-04:00,13.161618398385318,13.245217615213232,12.926496273186265,12.9630708694458,8022422,0.0,0.0
2010-10-01 00:00:00-04:00,13.145944128688242,13.292242516819568,13.098919507125622,13.219093322753906,8106788,0.0,0.0
2010-10-04 00:00:00-04:00,13.30269105413936,13.370614739524989,13.177292729086856,13.26089096069336,5561093,0.0,0.0
2010-10-05 00:00:00-04:00,13.313140201353619,13.506463190908342,13.271341085231704,13.438539505004883,6795583,0.0,0.0
2010-10-06 00:00:00-04:00,13.516914749151512,13.590063943902788,13.469890127148139,13.543039321899414,6111041,0.0,0.0
2010-10-07 00:00:00-04:00,13.616189050411014,13.621414551751158,13.412416006289364,13.501240730285645,7138148,0.0,0.0
2010-10-08 00:00:00-04:00,13.485566855965526,13.558715079599525,13.396742127527114,13.522141456604004,4492391,0.0,0.0
2010-10-11 00:00:00-04:00,13.527361351133575,13.631859615685402,13.516911329149869,13.569160461425781,3678161,0.0,0.0
2010-10-12 00:00:00-04:00,13.522137619881711,13.52736214235784,13.386288303790225,13.506462097167969,5819390,0.0,0.0
2010-10-13 00:00:00-04:00,13.642309986220596,13.741583731138254,13.569160808108357,13.710234642028809,7815627,0.0,0.0
2010-10-14 00:00:00-04:00,13.825181417740412,14.023728885836169,13.799056853795449,13.981929779052734,7864677,0.0,0.0
2010-10-15 00:00:00-04:00,14.107331826186554,14.123006373190666,13.950583423217036,14.065531730651855,5920335,0.0,0.0
2010-10-18 00:00:00-04:00,14.002827285771776,14.143901088550797,13.976702724733238,14.10732650756836,4825245,0.0,0.0
2010-10-19 00:00:00-04:00,13.725907057129733,13.793831702400034,13.621408806120034,13.746807098388672,9059829,0.0,0.0
2010-10-20 00:00:00-04:00,13.814730937162716,14.102102108642034,13.799056394845573,14.039402961730957,5896006,0.0,0.0
2010-10-21 00:00:00-04:00,13.81995955229414,13.908784266234331,13.673662151262269,13.788610458374023,8717264,0.0,0.0
2010-10-22 00:00:00-04:00,13.757260430765262,13.819959596448614,13.689336741959464,13.804285049438477,3988550,0.0,0.0
2010-10-25 00:00:00-04:00,13.793835850365907,13.80951039720238,13.668437520388542,13.741585731506348,8150737,0.0,0.0
2010-10-26 00:00:00-04:00,13.772932289850484,13.997604321891206,13.741582226531005,13.981929779052734,10128825,0.0,0.0
2010-10-27 00:00:00-04:00,13.799058394348373,13.851307528071493,13.715459193805792,13.84085750579834,8898455,0.0,0.0
2010-10-28 00:00:00-04:00,14.326775550842283,14.36335013580053,14.196151753807822,14.326775550842285,12250924,0.0,0.0
2010-10-29 00:00:00-04:00,14.185703758019724,14.462625934423327,14.170029212983346,14.373801231384277,9252007,0.0,0.0
2010-11-01 00:00:00-04:00,14.290204247520242,14.410377073429077,14.284978746959046,14.36857795715332,14048509,0.0,0.0
2010-11-02 00:00:00-04:00,14.541000689768175,14.650724468250298,14.363353226116786,14.420827865600586,8500463,0.0,0.0
2010-11-03 00:00:00-04:00,14.68207205136029,14.765670268540495,14.540998226788854,14.692521095275879,11282579,0.0,0.0
2010-11-04 00:00:00-04:00,14.833595439906388,14.901519115951999,14.713421654238056,14.896294593811035,6547194,0.0,0.0
2010-11-05 00:00:00-04:00,14.729097736022597,14.870170593261719,14.687297646734965,14.870170593261719,8849699,0.0,0.0
2010-11-08 00:00:00-05:00,14.666396626510267,14.854494070326435,14.655945627937536,14.838818550109863,5736888,0.0,0.0
2010-11-09 00:00:00-05:00,14.713422751187784,14.73432279659506,14.561899866091744,14.582799911499023,9528747,0.0,0.0
2010-11-10 00:00:00-05:00,14.635050773620605,14.692524438805767,14.49920241773498,14.635050773620605,7392816,0.0,0.0
2010-11-11 00:00:00-05:00,14.540999957340725,14.671623775899777,14.462626252790912,14.629823684692383,6091618,0.0,0.0
2010-11-12 00:00:00-05:00,14.645499207716506,14.781346571212433,14.556674502722148,14.629823684692383,9314595,0.0,0.0
2010-11-15 00:00:00-05:00,14.692522980990475,14.755222140744054,14.556674638583935,14.56190013885498,5680284,0.0,0.0
2010-11-16 00:00:00-05:00,14.431272866242326,14.457397428418847,14.159576246435531,14.211825370788574,7019938,0.0,0.0
2010-11-17 00:00:00-05:00,14.097015789721581,14.235221797622483,14.065121636539915,14.091699600219727,8142889,0.47299,0.0
2010-11-18 00:00:00-05:00,14.31495399316866,14.405319257898924,14.283059843764605,14.299007415771484,4691338,0.0,0.0
2010-11-19 00:00:00-05:00,14.224588135044755,14.33621616138771,14.166116027548066,14.320269584655762,4553410,0.0,0.0
2010-11-22 00:00:00-05:00,14.134222192505291,14.256481595643852,14.027909365329704,14.198009490966797,4369766,0.0,0.0
2010-11-23 00:00:00-05:00,14.006650934662229,14.017281324765339,13.751500685380693,13.809971809387207,7410572,0.0,0.0
2010-11-24 00:00:00-05:00,13.772764315377708,13.932232112206698,13.772764315377708,13.889707565307617,6101330,0.0,0.0
2010-11-26 00:00:00-05:00,13.76744342890968,13.836546912983637,13.708972321195874,13.783390998840332,1925409,0.0,0.0
2010-11-29 00:00:00-05:00,13.485717007690338,13.52824154235164,13.203988857404124,13.469770431518555,11530674,0.0,0.0
2010-11-30 00:00:00-05:00,13.235880433544121,13.469767815277264,13.219933860469649,13.320930480957031,9978438,0.0,0.0
2010-12-01 00:00:00-05:00,13.703657497016419,13.794022758976507,13.62923881196466,13.751498222351074,8136905,0.0,0.0
2010-12-02 00:00:00-05:00,13.634556298137564,13.778077493189329,13.618608725101993,13.772762298583984,6976970,0.0,0.0
2010-12-03 00:00:00-05:00,13.719604870750361,13.825916708086167,13.708973488094848,13.794022560119629,6128601,0.0,0.0
2010-12-06 00:00:00-05:00,13.852493637128552,13.910965740080124,13.756813189564577,13.900334358215332,7059570,0.0,0.0
2010-12-07 00:00:00-05:00,14.00664856500273,14.017278953307379,13.868441581726074,13.868441581726074,5209699,0.0,0.0
2010-12-08 00:00:00-05:00,13.831234578813131,13.884391502377943,13.762132070093655,13.809971809387207,3255252,0.0,0.0
2010-12-09 00:00:00-05:00,13.910965590628095,13.92691216594917,13.71960370294645,13.783390998840332,4090770,0.0,0.0
2010-12-10 00:00:00-05:00,13.847179708165072,14.081066152113065,13.820601748380513,14.027910232543945,6114083,0.0,0.0
2010-12-13 00:00:00-05:00,14.123591334083434,14.373424348800155,14.097013374956328,14.256482124328613,8925825,0.0,0.0
2010-12-14 00:00:00-05:00,14.203328962258864,14.405322300654689,14.182066191498278,14.336219787597656,5401484,0.0,0.0
2010-12-15 00:00:00-05:00,14.033226411021552,14.150169632910172,13.985385685600402,14.054488182067871,4876257,0.0,0.0
2010-12-16 00:00:00-05:00,13.953489405641191,14.17674542709648,13.89501730632399,14.123589515686035,6910753,0.0,0.0
2010-12-17 00:00:00-05:00,14.04917195233067,14.240533845299447,14.02790918824205,14.1873779296875,9331763,0.0,0.0
2010-12-20 00:00:00-05:00,14.144851283484499,14.192692001597706,14.054486035164842,14.123589515686035,5642516,0.0,0.0
2010-12-21 00:00:00-05:00,14.086383642118655,14.10233022054058,13.996017376971617,14.075752258300781,5338700,0.0,0.0
2010-12-22 00:00:00-05:00,13.932230093942001,14.038542937703777,13.895020747816845,14.02259635925293,4111175,0.0,0.0
2010-12-23 00:00:00-05:00,14.075750866315481,14.21927204713919,14.059803294860881,14.16080093383789,3643925,0.0,0.0
2010-12-27 00:00:00-05:00,14.160801163632335,14.18206293490071,13.985385831662544,14.144853591918945,2462016,0.0,0.0
2010-12-28 00:00:00-05:00,14.144854160418907,14.182063504896163,14.033227121596864,14.097014427185059,2606125,0.0,0.0
2010-12-29 00:00:00-05:00,13.926916268081426,14.027912932545805,13.91096968806333,13.990703582763672,6323624,0.0,0.0
2010-12-30 00:00:00-05:00,13.783391527635503,13.879071977842287,13.693025276593524,13.841863632202148,6567697,0.0,0.0
2010-12-31 00:00:00-05:00,13.87375765782094,14.139538250082175,13.868441469102104,14.054488182067871,5044302,0.0,0.0
2011-01-03 00:00:00-05:00,14.049175085587203,14.155486940520841,14.001334353023136,14.038543701171875,6623025,0.0,0.0
2011-01-04 00:00:00-05:00,14.277744712594309,14.299007478957638,14.128907337270428,14.245850563049316,6582902,0.0,0.0
2011-01-05 00:00:00-05:00,14.261798833729358,14.671101635919396,14.261798833729358,14.617944717407227,9111920,0.0,0.0
2011-01-06 00:00:00-05:00,14.740203714530328,14.76678167571785,14.479738302438978,14.6498384475708,8433951,0.0,0.0
2011-01-07 00:00:00-05:00,14.52226307772723,14.681730836525544,14.479737546359937,14.633891105651855,9958425,0.0,0.0
2011-01-10 00:00:00-05:00,14.591369541397095,14.819940853506562,14.570107764542458,14.724259376525879,8951331,0.0,0.0
2011-01-11 00:00:00-05:00,14.692363859404516,14.702995243433069,14.479739162662824,14.5328950881958,6334219,0.0,0.0
2011-01-12 00:00:00-05:00,14.362793123912597,14.479736336179474,14.293689638521084,14.453158378601074,8554124,0.0,0.0
2011-01-13 00:00:00-05:00,14.57541697888652,14.665782228613496,14.485051729159546,14.543522834777832,4976123,0.0,0.0
2011-01-14 00:00:00-05:00,14.559470339342424,14.687045929315032,14.532892381525933,14.623257637023926,5695980,0.0,0.0
2011-01-18 00:00:00-05:00,15.409969004848506,15.420600386922507,15.245185069225482,15.282394409179688,13636391,0.0,0.0
2011-01-19 00:00:00-05:00,15.223920669298595,15.282392767118099,15.043190177288489,15.080399513244629,8025561,0.0,0.0
2011-01-20 00:00:00-05:00,14.814620944542234,14.95282692587068,14.676414963213789,14.894354820251465,12790572,0.0,0.0
2011-01-21 00:00:00-05:00,15.016615092256162,15.09634897256836,14.979405749188532,15.027246475219727,6152734,0.0,0.0
2011-01-24 00:00:00-05:00,15.186713190647696,15.351497117925737,15.170765621039507,15.293025016784668,6141354,0.0,0.0
2011-01-25 00:00:00-05:00,15.037878755145963,15.33555453174049,15.032563560300442,15.330238342285156,10644733,0.0,0.0
2011-01-26 00:00:00-05:00,15.468442381878866,15.484388958997343,15.319605009813927,15.436548233032227,9952637,0.0,0.0
2011-01-27 00:00:00-05:00,15.367448044357806,15.388709818839933,15.245188613993767,15.35150146484375,6367573,0.0,0.0
2011-01-28 00:00:00-05:00,15.128242391976945,15.213292456974667,14.931564303159025,15.011298179626465,9410439,0.0,0.0
2011-01-31 00:00:00-05:00,15.117612126573842,15.170768048146519,14.995352711268913,15.07508659362793,6493828,0.0,0.0
2011-02-01 00:00:00-05:00,15.250502169551794,15.415286115028946,15.218608021422508,15.388707160949707,6948031,0.0,0.0
2011-02-02 00:00:00-05:00,15.3355513195497,15.436546962728709,15.160135007243067,15.282394409179688,5877367,0.0,0.0
2011-02-03 00:00:00-05:00,15.234559345077798,15.372764370515736,15.133561681764073,15.362133979797363,7384968,0.0,0.0
2011-02-04 00:00:00-05:00,15.425919668790417,15.521600137425065,15.351500973958021,15.516284942626953,6257701,0.0,0.0
2011-02-07 00:00:00-05:00,15.287712451616464,15.388709108224745,15.250504099338478,15.308975219726562,5623779,0.0,0.0
2011-02-08 00:00:00-05:00,15.282396721735818,15.521599373463772,15.255818759833797,15.500337600708008,4136387,0.0,0.0
2011-02-09 00:00:00-05:00,15.473758277381132,15.55880835021729,15.457811699539892,15.50565242767334,4510049,0.0,0.0
2011-02-10 00:00:00-05:00,15.420603034766462,15.622596345027599,15.383393688423105,15.601334571838379,5124646,0.0,0.0
2011-02-11 00:00:00-05:00,15.346184959562262,15.526916503906252,15.31960699604899,15.52691650390625,4436573,0.0,0.0
2011-02-14 00:00:00-05:00,15.42060392889959,15.489707430948268,15.362132805976682,15.431235313415527,4237822,0.0,0.0
2011-02-15 00:00:00-05:00,15.510968753219036,15.585388442661236,15.43655005838664,15.516284942626953,3984332,0.0,0.0
2011-02-16 00:00:00-05:00,15.61196277727745,15.782062906655725,15.585385813161038,15.75016975402832,6189129,0.0,0.0
2011-02-17 00:00:00-05:00,15.67043610604604,15.734223410887974,15.606648801204104,15.627911567687988,4649842,0.0,0.0
2011-02-18 00:00:00-05:00,15.787376590352233,15.813955541145402,15.659802002827005,15.771430015563965,4129716,0.0,0.0
2011-02-22 00:00:00-05:00,15.441863743896041,15.564123150526298,15.239870460564127,15.287710189819336,10802870,0.0,0.0
2011-02-23 00:00:00-05:00,15.261129578949456,15.37807377132174,15.117608426904617,15.165449142456055,11146613,0.0,0.0
2011-02-24 00:00:00-05:00,15.085719196149938,15.096349584935023,14.830568978503578,14.979406356811523,6547783,0.0,0.0
2011-02-25 00:00:00-05:00,14.974092205050066,15.106983023650587,14.931567660295029,15.06977367401123,3739670,0.0,0.0
2011-02-28 00:00:00-05:00,15.245187185275046,15.2983441030233,15.149506722547677,15.21329402923584,3402893,0.0,0.0
2011-03-01 00:00:00-05:00,15.452497326600035,15.46844390528901,15.069772475796139,15.112298011779785,6251815,0.0,0.0
2011-03-02 00:00:00-05:00,15.26113522250933,15.452498155480988,15.239873447986797,15.298345565795898,5086289,0.0,0.0
2011-03-03 00:00:00-05:00,15.64385887207421,15.734224141914597,15.638542682901386,15.723592758178711,5513612,0.0,0.0
2011-03-04 00:00:00-05:00,15.739542638167656,15.771435799440408,15.362133930577357,15.44186782836914,7739403,0.0,0.0
2011-03-07 00:00:00-05:00,15.606650244090034,15.654490975796946,15.431234890904557,15.463129043579102,12907508,0.0,0.0
2011-03-08 00:00:00-05:00,15.686380401170274,15.74485250318816,15.558805810049037,15.633224487304688,9242590,0.0,0.0
2011-03-09 00:00:00-05:00,15.64385908700428,15.712962584932066,15.569440394440408,15.65449047088623,7180037,0.0,0.0
2011-03-10 00:00:00-05:00,15.510971272295595,15.526918848499525,15.133562542042023,15.271768569946289,8527441,0.0,0.0
2011-03-11 00:00:00-05:00,15.28771315756786,15.362132849389733,15.229242034479713,15.35150146484375,6942243,0.0,0.0
2011-03-14 00:00:00-04:00,15.122924750262992,15.1920282322489,14.963457012651599,15.176081657409668,7155708,0.0,0.0
2011-03-15 00:00:00-04:00,14.474424857687843,14.86246594950287,14.463794466885167,14.782731056213379,9642445,0.0,0.0
2011-03-16 00:00:00-04:00,14.570105996989389,14.633893309034923,14.198012514548923,14.235221862792969,14308572,0.0,0.0
2011-03-17 00:00:00-04:00,14.814625634325138,14.867781568291901,14.687050994960929,14.69768238067627,8430910,0.0,0.0
2011-03-18 00:00:00-04:00,14.660467842515628,14.793358634054222,14.586050153001223,14.756149291992188,9121240,0.0,0.0
2011-03-21 00:00:00-04:00,15.378078718779486,15.383393913502116,15.22924133122838,15.308975219726562,8516355,0.0,0.0
2011-03-22 00:00:00-04:00,15.319606603781612,15.362132140001808,15.197347179063232,15.308975219726562,6558377,0.0,0.0
2011-03-23 00:00:00-04:00,15.059139161998429,15.287710407485287,14.995351860806974,15.19202995300293,5712755,0.0,0.0
2011-03-24 00:00:00-04:00,15.101665993879122,15.23455679633514,15.064456648760215,15.21329402923584,5776717,0.0,0.0
2011-03-25 00:00:00-04:00,15.218609862519333,15.319606518565816,15.106981822476937,15.112298011779785,4713999,0.0,0.0
2011-03-28 00:00:00-04:00,15.144191103788877,15.31429125776967,15.10166656259857,15.245187759399414,6558966,0.0,0.0
2011-03-29 00:00:00-04:00,15.234557549807693,15.548177909679874,15.186716818773025,15.532231330871582,5634472,0.0,0.0
2011-03-30 00:00:00-04:00,15.378075738168226,15.553491054552692,15.378075738168226,15.521596908569336,6467733,0.0,0.0
2011-03-31 00:00:00-04:00,15.266447833373487,15.324918942866091,15.15481981351087,15.282394409179688,7983672,0.0,0.0
2011-04-01 00:00:00-04:00,15.176086049274911,15.516285380417495,15.160138475211006,15.457813262939453,7009147,0.0,0.0
2011-04-04 00:00:00-04:00,15.558806453404012,15.574753029301164,15.335551407015062,15.452494621276855,7750391,0.0,0.0
2011-04-05 00:00:00-04:00,15.37807846069336,15.415287806956663,15.271765616536879,15.37807846069336,9382676,0.0,0.0
2011-04-06 00:00:00-04:00,15.41528883733535,15.580072811912993,15.404657452748108,15.574756622314453,7654449,0.0,0.0
2011-04-07 00:00:00-04:00,15.601332853032636,15.659803966123421,15.473757254903493,15.585386276245117,5733455,0.0,0.0
2011-04-08 00:00:00-04:00,15.516285380417495,15.55349472888355,15.394025950513335,15.457813262939453,4711547,0.0,0.0
2011-04-11 00:00:00-04:00,15.537542723317982,15.627908968540414,15.441862279272978,15.479071617126465,5036160,0.0,0.0
2011-04-12 00:00:00-04:00,15.37276025506689,15.37276025506689,15.218607695599827,15.287710189819336,6176376,0.0,0.0
2011-04-13 00:00:00-04:00,15.362132495187723,15.484390928123032,15.255819646788977,15.330238342285156,4069973,0.0,0.0
2011-04-14 00:00:00-04:00,15.399341050675751,15.447180785653641,15.314290975254345,15.367446899414062,3848071,0.0,0.0
2011-04-15 00:00:00-04:00,15.548171402230814,15.633221444628301,15.409965456313415,15.622590065002441,9456644,0.0,0.0
2011-04-18 00:00:00-04:00,15.3780773838804,15.388707772402883,15.075086445746996,15.234556198120117,6121538,0.0,0.0
2011-04-19 00:00:00-04:00,15.186715272363534,15.282395730080276,15.14950592919322,15.277080535888672,3960984,0.0,0.0
2011-04-20 00:00:00-04:00,15.532230365489355,15.596017671367713,15.441865098379159,15.558808326721191,4226148,0.0,0.0
2011-04-21 00:00:00-04:00,15.027245512667688,15.106979387872629,14.915617490614995,15.053823471069336,11431691,0.0,0.0
2011-04-25 00:00:00-04:00,15.080404882165263,15.11761423136866,14.952830254784994,15.059142112731934,4404298,0.0,0.0
2011-04-26 00:00:00-04:00,15.207977242984795,15.25581796977479,15.154821321933557,15.234556198120117,4610700,0.0,0.0
2011-04-27 00:00:00-04:00,15.362128822110856,15.452494075147127,15.28770914979857,15.44717788696289,5147405,0.0,0.0
2011-04-28 00:00:00-04:00,15.2079783078869,15.388708849960212,15.197346924010274,15.37807846069336,6186578,0.0,0.0
2011-04-29 00:00:00-04:00,15.394021559945703,15.564121674307229,15.335550453754188,15.479071617126465,8286899,0.0,0.0
2011-05-02 00:00:00-04:00,15.54286345910243,15.558810038674206,15.287713212904803,15.324922561645508,5330950,0.0,0.0
2011-05-03 00:00:00-04:00,15.00598274810252,15.23987017449049,14.995351365819937,15.053823471069336,6773413,0.0,0.0
2011-05-04 00:00:00-04:00,15.11229925957248,15.154823804457507,14.952830475686351,14.990039825439453,7527311,0.0,0.0
2011-05-05 00:00:00-04:00,14.878407894469074,14.968773150405031,14.756148492232988,14.846513748168945,7269014,0.0,0.0
2011-05-06 00:00:00-04:00,14.708310932310114,14.788045817898288,14.596682888174529,14.644523620605469,10985532,0.0,0.0
2011-05-09 00:00:00-04:00,14.788044036531286,15.048509441472003,14.740203309863238,14.984722137451172,5879035,0.0,0.0
2011-05-10 00:00:00-04:00,14.825254427495945,14.883725546790355,14.750835735112359,14.851832389831543,5219999,0.0,0.0
2011-05-11 00:00:00-04:00,14.936882932046986,14.942198126836011,14.671102305789844,14.740204811096191,5792609,0.0,0.0
2011-05-12 00:00:00-04:00,14.511633370868342,14.73488945250197,14.469107834589673,14.702995300292969,5689800,0.0,0.0
2011-05-13 00:00:00-04:00,14.708310438142451,14.761467358285216,14.437214621158402,14.5328950881958,4276179,0.0,0.0
2011-05-16 00:00:00-04:00,14.479740526813565,14.61263134777557,14.41595321124257,14.447847366333008,6061403,0.0,0.0
2011-05-17 00:00:00-04:00,14.729572614970278,14.867778612574448,14.671101497074888,14.83056926727295,11744140,0.0,0.0
2011-05-18 00:00:00-04:00,14.835886615820838,14.85183319516494,14.761467919401934,14.788045883178711,4530062,0.0,0.0
2011-05-19 00:00:00-04:00,14.96346047494832,15.075087519261126,14.904988360862271,15.048510551452637,4742743,0.0,0.0
2011-05-20 00:00:00-04:00,15.128243089673957,15.197345586877404,15.011298871930144,15.106980323791504,5185272,0.0,0.0
2011-05-23 00:00:00-04:00,14.814625212451158,14.867781144904207,14.713628542946399,14.782731056213379,5101200,0.0,0.0
2011-05-24 00:00:00-04:00,14.740205085467348,14.77209824401476,14.62326085183398,14.644523620605469,7661610,0.0,0.0
2011-05-25 00:00:00-04:00,14.617947718058744,14.729575777933748,14.60200113653659,14.681735038757324,4180924,0.0,0.0
2011-05-26 00:00:00-04:00,14.570107169130514,14.756152930707994,14.543528208580966,14.745521545410156,5588561,0.0,0.0
2011-05-27 00:00:00-04:00,14.894355533931696,14.968774219336687,14.883724151072458,14.936881065368652,4955227,0.0,0.0
2011-05-31 00:00:00-04:00,14.920935275079286,14.958143625133884,14.803991052071547,14.899672508239746,9409065,0.0,0.0
2011-06-01 00:00:00-04:00,14.800525554157272,14.811542105196203,14.569181074270965,14.574689865112305,8800551,0.99898,0.0
2011-06-02 00:00:00-04:00,14.569176546289341,14.67934099179669,14.514095869500812,14.618751525878906,8703432,0.0,0.0
2011-06-03 00:00:00-04:00,14.728919921896368,14.91619820275779,14.701379058866381,14.811542510986328,6495005,0.0,0.0
2011-06-06 00:00:00-04:00,14.778492394125077,14.844590664846052,14.668327922494337,14.690361022949219,4707721,0.0,0.0
2011-06-07 00:00:00-04:00,14.85560417175293,14.949243283537752,14.795013673236413,14.85560417175293,3994926,0.0,0.0
2011-06-08 00:00:00-04:00,14.717902900870184,14.745443763021273,14.607739452265829,14.624263763427734,4748727,0.0,0.0
2011-06-09 00:00:00-04:00,14.585705104251979,14.690360783743031,14.54163993470341,14.613245964050293,4179158,0.0,0.0
2011-06-10 00:00:00-04:00,14.425968122225868,14.4535089828204,14.17259055572627,14.2001314163208,10452849,0.0,0.0
2011-06-13 00:00:00-04:00,14.530625116468082,14.536132876826716,14.359871146981266,14.4700345993042,6078570,0.0,0.0
2011-06-14 00:00:00-04:00,14.580199312808844,14.684855006427927,14.525116555132644,14.547149658203125,4565182,0.0,0.0
2011-06-15 00:00:00-04:00,14.326820194871233,14.387410706545543,14.139540899988681,14.18360710144043,8538526,0.0,0.0
2011-06-16 00:00:00-04:00,14.233179685220035,14.293769160386619,14.172589179409865,14.255212783813477,6490492,0.0,0.0
2011-06-17 00:00:00-04:00,14.337835732823276,14.348852282408322,14.200130408975625,14.266228675842285,7524564,0.0,0.0
2011-06-20 00:00:00-04:00,14.481048826377089,14.613245360203848,14.459015727191424,14.5581636428833,5144364,0.0,0.0
2011-06-21 00:00:00-04:00,14.558166303717902,14.778494243913627,14.519608888417554,14.739936828613281,5715306,0.0,0.0
2011-06-22 00:00:00-04:00,14.662819923944719,14.723409403243545,14.602229414002236,14.613245964050293,5871089,0.0,0.0
2011-06-23 00:00:00-04:00,14.4259677051643,14.618754754396148,14.35436064517376,14.613245964050293,10533095,0.0,0.0
2011-06-24 00:00:00-04:00,14.492066150018285,14.596721830774626,14.370885128668238,14.431475639343262,8163097,0.0,0.0
2011-06-27 00:00:00-04:00,14.370886247501453,14.629771589663212,14.359870727106271,14.574689865112305,6561419,0.0,0.0
2011-06-28 00:00:00-04:00,14.43698251017229,14.497573017116528,14.326819076430342,14.398425102233887,8373031,0.0,0.0
2011-06-29 00:00:00-04:00,14.662821998012587,14.750953380219638,14.569181824680456,14.739936828613281,5185664,0.0,0.0
2011-06-30 00:00:00-04:00,14.525113244862991,14.767474231472873,14.514097726481982,14.717900276184082,10119015,0.0,0.0
2011-07-01 00:00:00-04:00,14.552653990189174,14.850096688990943,14.541638471892876,14.817048072814941,8866082,0.0,0.0
2011-07-05 00:00:00-04:00,14.778490730208121,14.877637609804754,14.739933324075109,14.783998489379883,7853788,0.0,0.0
2011-07-06 00:00:00-04:00,14.563670406054385,14.70137572057892,14.525113000438997,14.640785217285156,9783121,0.0,0.0
2011-07-07 00:00:00-04:00,14.651801962822,14.83357244449998,14.651801962822,14.783998489379883,9391309,0.0,0.0
2011-07-08 00:00:00-04:00,14.717904093261074,14.789511165170245,14.62977270885126,14.734428405761719,4809156,0.0,0.0
2011-07-11 00:00:00-04:00,14.436981781120421,14.492064525853383,14.34334369168327,14.425966262817383,7538298,0.0,0.0
2011-07-12 00:00:00-04:00,14.337835732823276,14.392917450104889,14.260720916371568,14.266228675842285,7443926,0.0,0.0
2011-07-13 00:00:00-04:00,14.194623757052991,14.442492534804051,14.189114966508832,14.343345642089844,7965524,0.0,0.0
2011-07-14 00:00:00-04:00,14.365377610531684,14.43698364194873,14.167082795864838,14.2001314163208,7379474,0.0,0.0
2011-07-15 00:00:00-04:00,14.200131707117778,14.266229980026985,14.13403343420857,14.194623947143555,5163690,0.0,0.0
2011-07-18 00:00:00-04:00,14.089964320409505,14.10098086791946,13.90819386310379,14.018357276916504,5280821,0.0,0.0
2011-07-19 00:00:00-04:00,14.07894889685079,14.255211609794648,14.07894889685079,14.244194030761719,6769979,0.0,0.0
2011-07-20 00:00:00-04:00,14.3213125412006,14.398426333025563,14.194623757052991,14.343345642089844,5049894,0.0,0.0
2011-07-21 00:00:00-04:00,14.46452509270859,14.591213881127402,14.348853885749541,14.56367301940918,5976252,0.0,0.0
2011-07-22 00:00:00-04:00,14.811543029806758,14.905183204161286,14.717903886096044,14.883150100708008,7031514,0.0,0.0
2011-07-25 00:00:00-04:00,14.591212261018184,14.640786218864122,14.525113994104803,14.5581636428833,5211464,0.0,0.0
2011-07-26 00:00:00-04:00,14.888655590699589,14.943738340932557,14.85009818085834,14.905180931091309,7178566,0.0,0.0
2011-07-27 00:00:00-04:00,14.88314777574228,14.8886555354233,14.66281986755938,14.679344177246094,5815466,0.0,0.0
2011-07-28 00:00:00-04:00,14.844589582382753,14.949245255946474,14.75645821763341,14.789507865905762,7230166,0.0,0.0
2011-07-29 00:00:00-04:00,15.478031158447267,15.731407652077383,15.334818088836284,15.478031158447266,17620526,0.0,0.0
2011-08-01 00:00:00-04:00,15.489049136130804,15.511082236691085,15.136524680384689,15.307278633117676,11218422,0.0,0.0
2011-08-02 00:00:00-04:00,15.186098747751034,15.279737879822957,15.131017026607983,15.142033576965332,9447030,0.0,0.0
2011-08-03 00:00:00-04:00,15.571671550765398,15.582687069554991,15.312786246337973,15.53862190246582,16239278,0.0,0.0
2011-08-04 00:00:00-04:00,15.489051711449845,15.836068465075183,14.98229752881259,14.98780632019043,19673465,0.0,0.0
2011-08-05 00:00:00-04:00,14.949243440033309,15.213636471521413,14.75094866641723,15.048391342163086,28052186,0.0,0.0
2011-08-08 00:00:00-04:00,14.79501812139857,14.993312952556684,14.260723114013672,14.260723114013672,25055034,0.0,0.0
2011-08-09 00:00:00-04:00,14.370883662660459,14.651802056372263,14.045900103362527,14.63527774810791,22322459,0.0,0.0
2011-08-10 00:00:00-04:00,14.106491974600257,14.205639895079697,13.787017174199681,13.831082344055176,21001935,0.0,0.0
2011-08-11 00:00:00-04:00,14.095475104795254,14.695868312508438,14.045901145679853,14.56917953491211,17515461,0.0,0.0
2011-08-12 00:00:00-04:00,14.850099501281283,14.976788292116382,14.690362088011485,14.916197776794434,12952339,0.0,0.0
2011-08-15 00:00:00-04:00,15.092462035354268,15.257707225276095,15.05390461824374,15.246691703796387,7166892,0.0,0.0
2011-08-16 00:00:00-04:00,15.180587427821788,15.384389954385103,15.103472624048605,15.235669136047363,9038444,0.0,0.0
2011-08-17 00:00:00-04:00,15.31278706630432,15.472524465030201,15.208131387050308,15.34583568572998,6635092,0.0,0.0
2011-08-18 00:00:00-04:00,14.894161854106795,14.94924459880605,14.602227945096727,14.817048072814941,16645118,0.0,0.0
2011-08-19 00:00:00-04:00,14.48655736454932,14.839082847894842,14.398425993712939,14.447999954223633,12973725,0.0,0.0
2011-08-22 00:00:00-04:00,15.241180299235884,15.25770460926612,14.695868792445008,14.723409652709961,10889591,0.0,0.0
2011-08-23 00:00:00-04:00,14.855607972861472,15.213640204976421,14.756460046400615,15.180591583251953,11569522,0.0,0.0
2011-08-24 00:00:00-04:00,15.16957461492084,15.36236167181954,15.031869279809284,15.285246849060059,10654052,0.0,0.0
2011-08-25 00:00:00-04:00,14.850098182830711,14.932720762225651,14.574688554203922,14.613245964050293,12381790,0.0,0.0
2011-08-26 00:00:00-04:00,14.359871374035434,14.723411390835574,14.266231201307793,14.547149658203125,10989162,0.0,0.0
2011-08-29 00:00:00-04:00,14.756459526846688,14.789509178051253,14.673836944800815,14.750951766967773,9644211,0.0,0.0
2011-08-30 00:00:00-04:00,14.492064384564976,14.712392269418109,14.442490430110402,14.640785217285156,9043152,0.0,0.0
2011-08-31 00:00:00-04:00,14.59672207049587,14.784000334721721,14.39291846540492,14.508590698242188,13042395,0.0,0.0
2011-09-01 00:00:00-04:00,14.717902669546215,14.806034045430769,14.552656468593144,14.56367301940918,9276827,0.0,0.0
2011-09-02 00:00:00-04:00,14.558164362974827,14.618754873410591,14.45901644237879,14.497573852539062,6269865,0.0,0.0
2011-09-06 00:00:00-04:00,14.073443803494532,14.277247425615906,14.034886389326806,14.260723114013672,10088996,0.0,0.0
2011-09-07 00:00:00-04:00,14.39291823394227,14.447999954223633,14.310294622876558,14.447999954223633,5753173,0.0,0.0
2011-09-08 00:00:00-04:00,14.337834358215334,14.552653447275775,14.321310050743802,14.337834358215332,6046001,0.0,0.0
2011-09-09 00:00:00-04:00,14.238689118868457,14.354361354120496,14.13403343420857,14.194623947143555,11345167,0.0,0.0
2011-09-12 00:00:00-04:00,13.864128600755397,14.023867004373207,13.72091553482999,13.985309600830078,9709153,0.0,0.0
2011-09-13 00:00:00-04:00,14.051409077001576,14.128523890768612,13.924720307149506,14.095474243164062,5831260,0.0,0.0
2011-09-14 00:00:00-04:00,14.26622765220901,14.365375560716727,14.034883219453365,14.282752990722656,6509131,0.0,0.0
2011-09-15 00:00:00-04:00,14.337836570756004,14.398426051049308,14.255213990004947,14.381901741027832,6469695,0.0,0.0
2011-09-16 00:00:00-04:00,14.326821263939085,14.442493505415857,14.260722987472896,14.392919540405273,8087462,0.0,0.0
2011-09-19 00:00:00-04:00,14.001835421219045,14.189113669730713,13.963278013508573,14.123015403747559,8339873,0.0,0.0
2011-09-20 00:00:00-04:00,14.222165699845947,14.376395356516849,14.089969145740538,14.260723114013672,5861769,0.0,0.0
2011-09-21 00:00:00-04:00,14.089965729106618,14.255211896990215,13.836588202975538,13.847604751586914,10335718,0.0,0.0
2011-09-22 00:00:00-04:00,13.544657121462366,13.649312809085158,13.390427470093258,13.539148330688477,16043470,0.0,0.0
2011-09-23 00:00:00-04:00,13.825572747456519,13.886162219127481,13.676850886496464,13.814555168151855,11135920,0.0,0.0
2011-09-26 00:00:00-04:00,14.029376017259564,14.062425664955187,13.809048124552811,13.99632740020752,12579657,0.0,0.0
2011-09-27 00:00:00-04:00,14.304784531581825,14.425965533222042,14.178095771068646,14.244194030761719,10913331,0.0,0.0
2011-09-28 00:00:00-04:00,14.41494641682633,14.49756896906268,14.128520332301667,14.172585487365723,10033276,0.0,0.0
2011-09-29 00:00:00-04:00,14.514100572796426,14.591214369803845,14.20013247127732,14.392919540405273,8912777,0.0,0.0
2011-09-30 00:00:00-04:00,14.260723911342835,14.31580564019246,14.123018558574943,14.134035110473633,11354388,0.0,0.0
2011-10-03 00:00:00-04:00,14.266228419768451,14.4424911486781,14.156064987182615,14.156064987182617,13110182,0.0,0.0
2011-10-04 00:00:00-04:00,14.244196100750992,14.326819710356952,14.001836123537425,14.321311950683594,17761397,0.0,0.0
2011-10-05 00:00:00-04:00,14.3763938623112,14.503081612286103,14.255213872083338,14.497573852539062,12239741,0.0,0.0
2011-10-06 00:00:00-04:00,14.337835046131755,14.646294297165333,14.222162826994163,14.63527774810791,10918628,0.0,0.0
2011-10-07 00:00:00-04:00,14.706882666833536,14.728915763294154,14.44248963188009,14.459013938903809,9572500,0.0,0.0
2011-10-10 00:00:00-04:00,14.795017065019378,14.993311882019041,14.750951893678463,14.993311882019043,7493761,0.0,0.0
2011-10-11 00:00:00-04:00,14.712392403851686,14.861113237930793,14.662818448944133,14.817048072814941,6378364,0.0,0.0
2011-10-12 00:00:00-04:00,14.855606971203466,15.026360920316522,14.844590421156871,14.905180931091309,6459983,0.0,0.0
2011-10-13 00:00:00-04:00,14.932722484995606,15.136526107788088,14.872132998706645,15.136526107788086,6076510,0.0,0.0
2011-10-14 00:00:00-04:00,15.23016327117242,15.23016327117242,15.070424854555853,15.202622413635254,4993682,0.0,0.0
2011-10-17 00:00:00-04:00,15.059409426767052,15.14203303617445,15.004327707591221,15.03737735748291,6154892,0.0,0.0
2011-10-18 00:00:00-04:00,14.910689465134965,15.16957479742155,14.822558090829034,15.103476524353027,8339089,0.0,0.0
2011-10-19 00:00:00-04:00,15.086950650278087,15.180590811908141,14.949246349016844,15.015344619750977,6547881,0.0,0.0
2011-10-20 00:00:00-04:00,15.25219792091548,15.274231022932705,15.04288654368308,15.22465705871582,9753985,0.0,0.0
2011-10-21 00:00:00-04:00,15.395410469316992,15.483541843574065,15.356853057494755,15.428460121154785,7668771,0.0,0.0
2011-10-24 00:00:00-04:00,15.36236020346554,15.549638451899012,15.340327104599154,15.53862190246582,6125855,0.0,0.0
2011-10-25 00:00:00-04:00,15.400917110422974,15.467015374229446,15.285244891100755,15.351343154907227,7172091,0.0,0.0
2011-10-26 00:00:00-04:00,15.62124758010635,15.643280683349182,15.378887567010413,15.599215507507324,9152240,0.0,0.0
2011-10-27 00:00:00-04:00,15.709376498462772,15.85809837605958,15.560655651509608,15.786492347717285,7480714,0.0,0.0
2011-10-28 00:00:00-04:00,15.505573864421327,15.582687652049055,15.428459046149962,15.527606964111328,7522308,0.0,0.0
2011-10-31 00:00:00-04:00,15.62124590561037,15.648787797033503,15.334820747375488,15.334820747375488,7081937,0.0,0.0
2011-11-01 00:00:00-04:00,14.954752454628272,15.2191465389632,14.921703838238631,15.09245777130127,10296282,0.0,0.0
2011-11-02 00:00:00-04:00,15.131015614966108,15.362360058956158,15.114491306293559,15.312786102294922,7853592,0.0,0.0
2011-11-03 00:00:00-04:00,15.356853354948171,15.494558694307353,15.241181117240956,15.456001281738281,10373683,0.0,0.0
2011-11-04 00:00:00-04:00,15.334821050848952,15.422951394829758,15.224656574907375,15.378886222839355,5504783,0.0,0.0
2011-11-07 00:00:00-05:00,15.296261937509984,15.560655001332204,15.241179190344022,15.53862190246582,8062545,0.0,0.0
2011-11-08 00:00:00-05:00,15.775476746827323,15.814034160971284,15.588198467067379,15.76996898651123,9341278,0.0,0.0
2011-11-09 00:00:00-05:00,15.522097693959363,15.588195960342121,15.329310654241485,15.389901161193848,8829981,0.0,0.0
2011-11-10 00:00:00-05:00,15.72590202230475,15.753442882038362,15.527607213836548,15.637770652770996,9266722,0.0,0.0
2011-11-11 00:00:00-05:00,15.803018805979251,16.00131363909359,15.76996915180497,15.913182258605957,6969907,0.0,0.0
2011-11-14 00:00:00-05:00,15.979279449635769,16.12800133734049,15.924197727068265,16.0123291015625,10203970,0.0,0.0
2011-11-15 00:00:00-05:00,15.863609015430562,15.951740399933561,15.775477630927561,15.819543838500977,12607518,0.0,0.0
2011-11-16 00:00:00-05:00,15.752471000617058,15.826991948028809,15.632091751201951,15.643556594848633,9959504,1.14475,0.0
2011-11-17 00:00:00-05:00,15.76393607484198,15.815527335714988,15.580501791562092,15.655021667480469,10768731,0.0,0.0
2011-11-18 00:00:00-05:00,15.586233667048138,15.609162282078607,15.414263155111003,15.454389572143555,8210185,0.0,0.0
2011-11-21 00:00:00-05:00,15.190703048667443,15.293884501796006,15.127646941556403,15.242294311523438,8080105,0.0,0.0
2011-11-22 00:00:00-05:00,15.167773092700367,15.26522265827477,15.08178837117885,15.139111518859863,9055905,0.0,0.0
2011-11-23 00:00:00-05:00,15.058861617225032,15.06459457666022,14.823834949805535,14.829567909240723,8929553,0.0,0.0
2011-11-25 00:00:00-05:00,14.714915650061934,14.944210354760463,14.691987037658691,14.691987037658691,4569204,0.0,0.0
2011-11-28 00:00:00-05:00,15.15057643741079,15.162040208936634,14.9098179288666,14.98433780670166,7353380,0.0,0.0
2011-11-29 00:00:00-05:00,15.190702706122858,15.28815227121816,15.127646600433708,15.1563081741333,6719360,0.0,0.0
2011-11-30 00:00:00-05:00,15.454390487382197,15.609163206483185,15.39706733753616,15.563304901123047,7414006,0.0,0.0
2011-12-01 00:00:00-05:00,15.723811694773056,15.78113592127119,15.563306005745332,15.591967582702637,7814744,0.0,0.0
2011-12-02 00:00:00-05:00,15.517448524052307,15.546110102536982,15.351210939807762,15.362674713134766,6730052,0.0,0.0
2011-12-05 00:00:00-05:00,15.666486007504412,15.683682736381288,15.488783615554432,15.540373802185059,7134028,0.0,0.0
2011-12-06 00:00:00-05:00,15.5690418347934,15.769672910480269,15.5690418347934,15.683688163757324,7021311,0.0,0.0
2011-12-07 00:00:00-05:00,15.55184223302923,15.637826963901144,15.374139812343829,15.591967582702637,8736884,0.0,0.0
2011-12-08 00:00:00-05:00,15.649288880081333,15.67221749380545,15.414262276888358,15.4371919631958,7114212,0.0,0.0
2011-12-09 00:00:00-05:00,15.551841240497057,15.70088100212978,15.54037532334567,15.637825965881348,6621063,0.0,0.0
2011-12-12 00:00:00-05:00,15.718079885502084,15.723811771888245,15.494518082521749,15.5747709274292,5724331,0.0,0.0
2011-12-13 00:00:00-05:00,15.781134567320498,15.947372128443835,15.626360777929724,15.689416885375977,8577864,0.0,0.0
2011-12-14 00:00:00-05:00,15.660753733320085,15.71807687654228,15.45438870158686,15.50024700164795,7456189,0.0,0.0
2011-12-15 00:00:00-05:00,15.643558350333352,15.689417730066316,15.54037581851767,15.614896774291992,6800783,0.0,0.0
2011-12-16 00:00:00-05:00,15.804064616795696,15.826994307507405,15.483053237165894,15.5747709274292,8563738,0.0,0.0
2011-12-19 00:00:00-05:00,15.546109397273804,15.609164438046106,15.437194974939608,15.465856552124023,5993714,0.0,0.0
2011-12-20 00:00:00-05:00,15.597696706153387,15.729540785803202,15.597696706153387,15.700878143310547,5318001,0.0,0.0
2011-12-21 00:00:00-05:00,15.632089917085693,15.683681171150868,15.534640366397726,15.626358032226562,7288830,0.0,0.0
2011-12-22 00:00:00-05:00,15.5690418347934,15.71235081858203,15.540379179968694,15.683688163757324,8420315,0.0,0.0
2011-12-23 00:00:00-05:00,15.815530876550069,15.958839847439217,15.735278024465527,15.89005184173584,3672472,0.0,0.0
2011-12-27 00:00:00-05:00,15.924443623673831,16.033358043897593,15.918711737381429,15.964570045471191,2956244,0.0,0.0
2011-12-28 00:00:00-05:00,15.890048476783244,15.890048476783244,15.689416389058698,15.712346076965332,8353607,0.0,0.0
2011-12-29 00:00:00-05:00,15.815525528738744,15.918708038695817,15.76393427376021,15.901510238647461,4247043,0.0,0.0
2011-12-30 00:00:00-05:00,15.953103563449742,16.11360923417065,15.912977145769515,16.067750930786133,5508904,0.0,0.0
2012-01-03 00:00:00-05:00,16.13653976466963,16.26265090999907,16.113610075488477,16.193862915039062,9461058,0.0,0.0
2012-01-04 00:00:00-05:00,16.216788772815963,16.23398657306785,16.11360733422104,16.13080406188965,6672566,0.0,0.0
2012-01-05 00:00:00-05:00,15.649291971681482,15.91297912597656,15.643559012680383,15.912979125976562,12700026,0.0,0.0
2012-01-06 00:00:00-05:00,16.062019620526634,16.073484465694953,15.82699404861839,15.964570045471191,8134648,0.0,0.0
2012-01-09 00:00:00-05:00,15.792597658090054,15.878582377877276,15.689416208862065,15.855653762817383,10998383,0.0,0.0
2012-01-10 00:00:00-05:00,15.9244441218831,15.99323212246159,15.907247389884365,15.941640853881836,9142920,0.0,0.0
2012-01-11 00:00:00-05:00,15.832727609830007,15.901515615533382,15.769671491025402,15.89005184173584,7241055,0.0,0.0
2012-01-12 00:00:00-05:00,15.85565612130461,15.958838658464119,15.798332966253126,15.941640853881836,5934167,0.0,0.0
2012-01-13 00:00:00-05:00,15.397069204112022,15.425730782509662,15.242296466248044,15.408534049987793,20998796,0.0,0.0
2012-01-17 00:00:00-05:00,15.47158542007364,15.546106364281165,15.40853039160316,15.4371919631958,7908626,0.0,0.0
2012-01-18 00:00:00-05:00,15.494518877377647,15.626362996858171,15.465857298809462,15.60916519165039,6933218,0.0,0.0
2012-01-19 00:00:00-05:00,15.40853357591289,15.597700845584068,15.37987199839708,15.586236000061035,8445821,0.0,0.0
2012-01-20 00:00:00-05:00,15.890050507722774,15.924443971395224,15.792599857955915,15.912979125976562,9228561,0.0,0.0
2012-01-23 00:00:00-05:00,15.976034586879706,16.09641384998296,15.95310489697904,15.970301628112793,7156493,0.0,0.0
2012-01-24 00:00:00-05:00,15.70661293830283,15.855653762817383,15.689416208862065,15.855653762817383,7569200,0.0,0.0
2012-01-25 00:00:00-05:00,15.643556980244078,15.855653911474505,15.580501947508953,15.821260452270508,12775269,0.0,0.0
2012-01-26 00:00:00-05:00,15.66075984595358,15.792602912308325,15.626365303045551,15.677956581115723,9710134,0.0,0.0
2012-01-27 00:00:00-05:00,15.569037208813752,15.614895512256844,15.50024814477401,15.557572364807129,7283238,0.0,0.0
2012-01-30 00:00:00-05:00,15.591967582702637,15.591967582702637,15.48305316123147,15.591967582702637,5709812,0.0,0.0
2012-01-31 00:00:00-05:00,15.620626820709218,15.649288391406854,15.477317894637743,15.523176193237305,7644246,0.0,0.0
2012-02-01 00:00:00-05:00,15.523176193237303,15.59196417742829,15.505979465335379,15.523176193237305,8981644,0.0,0.0
2012-02-02 00:00:00-05:00,15.643559729482366,15.649292688746154,15.546110147833817,15.60916519165039,7172778,0.0,0.0
2012-02-03 00:00:00-05:00,15.855651118555064,16.004691918213936,15.83272143473579,15.976030349731445,8561874,0.0,0.0
2012-02-06 00:00:00-05:00,16.07348312807343,16.211059113477276,16.05055343964498,16.188129425048828,9142037,0.0,0.0
2012-02-07 00:00:00-05:00,15.97603644660902,16.056289298019884,15.912980328333736,16.016162872314453,10472273,0.0,0.0
2012-02-08 00:00:00-05:00,15.821264836927895,15.884319887137904,15.769672488656962,15.844193458557129,7211135,0.0,0.0
2012-02-09 00:00:00-05:00,15.90151481097338,15.953106080786483,15.786868498129659,15.918712615966797,6482252,0.0,0.0
2012-02-10 00:00:00-05:00,15.712347453094196,15.723811225468141,15.655023228307005,15.70661449432373,7979062,0.0,0.0
2012-02-13 00:00:00-05:00,15.792597422800856,15.844188682937903,15.729542391596352,15.781133651733398,5620443,0.0,0.0
2012-02-14 00:00:00-05:00,15.666489476639109,15.72954559326172,15.597701473316071,15.729545593261719,10138341,0.0,0.0
2012-02-15 00:00:00-05:00,15.775402185431377,15.78686703016639,15.603431659573134,15.649291038513184,6366788,0.0,0.0
2012-02-16 00:00:00-05:00,15.712346235935074,15.821260645718427,15.637825285776248,15.804062843322754,9047763,0.0,0.0
2012-02-17 00:00:00-05:00,15.81552947278146,15.970302203730693,15.798332741027885,15.93017578125,6362570,0.0,0.0
2012-02-21 00:00:00-05:00,15.998965841462647,16.021894461022214,15.912980032217577,15.958839416503906,4632380,0.0,0.0
2012-02-22 00:00:00-05:00,15.63782577486946,15.735275343631363,15.63782577486946,15.71807861328125,7688293,0.0,0.0
2012-02-23 00:00:00-05:00,15.632093311632426,15.718079111274154,15.591966891155215,15.695149421691895,6858367,0.0,0.0
2012-02-24 00:00:00-05:00,15.64355682366609,15.718077772167854,15.626360094236217,15.655021667480469,8667331,0.0,0.0
2012-02-27 00:00:00-05:00,15.660757064819336,15.706615374635826,15.620630641511074,15.660757064819336,4790125,0.0,0.0
2012-02-28 00:00:00-05:00,15.786865537267127,15.809794151985415,15.712345662411794,15.781133651733398,5905914,0.0,0.0
2012-02-29 00:00:00-05:00,15.61489535722272,15.660754732793896,15.500247990878176,15.528910636901855,9778706,0.0,0.0
2012-03-01 00:00:00-05:00,15.683684005167056,15.769668729090814,15.672219160793867,15.735275268554688,9034421,0.0,0.0
2012-03-02 00:00:00-05:00,15.586233441925465,15.603430171095779,15.534642181831154,15.580501556396484,5890218,0.0,0.0
2012-03-05 00:00:00-05:00,15.563304901123045,15.620629123552531,15.534643326200028,15.563304901123047,5471920,0.0,0.0
2012-03-06 00:00:00-05:00,15.41999778980339,15.442927479910212,15.339744947013015,15.379871368408203,6901924,0.0,0.0
2012-03-07 00:00:00-05:00,15.345476109315523,15.419997062355371,15.316814534325875,15.391335487365723,4321011,0.0,0.0
2012-03-08 00:00:00-05:00,15.460122034865343,15.523177064907545,15.414262661107358,15.47731876373291,5640848,0.0,0.0
2012-03-09 00:00:00-05:00,15.276688194920103,15.293884925487365,15.196435355494936,15.23656177520752,13279012,0.0,0.0
2012-03-12 00:00:00-04:00,15.311085769353033,15.37414189073361,15.21936806714047,15.35694408416748,4581074,0.0,0.0
2012-03-13 00:00:00-04:00,15.339745353782684,15.51171588897705,15.322547549454777,15.51171588897705,6168724,0.0,0.0
2012-03-14 00:00:00-04:00,15.299617810817507,15.316814541302438,14.978606454653704,15.053126335144043,12388362,0.0,0.0
2012-03-15 00:00:00-04:00,14.967139523054875,15.08178687966223,14.904084495874967,15.070322036743164,8505270,0.0,0.0
2012-03-16 00:00:00-04:00,15.12191478907224,15.179237936753252,15.053125724754937,15.139111518859863,8110614,0.0,0.0
2012-03-19 00:00:00-04:00,15.24802890366035,15.35694333453886,15.144846359634974,15.276690483093262,6725246,0.0,0.0
2012-03-20 00:00:00-04:00,15.460127393244179,15.70088489858517,15.420000963590061,15.683688163757324,14209000,0.0,0.0
2012-03-21 00:00:00-04:00,15.72954785918589,15.758209441984041,15.603435607773534,15.677956581115723,9119376,0.0,0.0
2012-03-22 00:00:00-04:00,15.677949563851492,15.912975081151943,15.666484721347011,15.901510238647461,11663894,0.0,0.0
2012-03-23 00:00:00-04:00,15.884318506945974,15.895783353056254,15.769671118426768,15.84992504119873,5537353,0.0,0.0
2012-03-26 00:00:00-04:00,15.976030968600119,16.02762222290039,15.918707829414593,16.02762222290039,4888127,0.0,0.0
2012-03-27 00:00:00-04:00,15.987499735807829,16.033358043897593,15.924443623673831,15.964570045471191,6004505,0.0,0.0
2012-03-28 00:00:00-04:00,15.998962284189654,16.01042605512874,15.798330204005287,15.92444133758545,9602813,0.0,0.0
2012-03-29 00:00:00-04:00,15.826994079440553,16.067752610693574,15.826994079440553,16.05628776550293,9501476,0.0,0.0
2012-03-30 00:00:00-04:00,15.930172376681249,15.953102062507876,15.809793134966405,15.861384391784668,7155708,0.0,0.0
2012-04-02 00:00:00-04:00,15.895776311310115,16.27411070243121,15.895776311310115,16.228252410888672,7720666,0.0,0.0
2012-04-03 00:00:00-04:00,16.170930547491295,16.170930547491295,16.05055130810365,16.11360740661621,6697581,0.0,0.0
2012-04-04 00:00:00-04:00,15.79832977491379,15.890047448018878,15.660753801547827,15.792596817016602,7805719,0.0,0.0
2012-04-05 00:00:00-04:00,15.59770341703438,15.706617858583598,15.59197045703595,15.683688163757324,5771517,0.0,0.0
2012-04-09 00:00:00-04:00,15.586233449198591,15.700879740498674,15.534642189080207,15.643556594848633,3723876,0.0,0.0
2012-04-10 00:00:00-04:00,15.626360390535854,15.689416496418879,15.402798613374877,15.448657989501953,8481726,0.0,0.0
2012-04-11 00:00:00-04:00,15.55757171396303,15.626359702541654,15.5117134124384,15.551839828491211,8390101,0.0,0.0
2012-04-12 00:00:00-04:00,15.47732127487342,15.683685272516126,15.460124543215743,15.591967582702637,6110551,0.0,0.0
2012-04-13 00:00:00-04:00,15.46012283353372,15.500248178769802,15.379869997894746,15.448657989501953,6300571,0.0,0.0
2012-04-16 00:00:00-04:00,15.672219926374709,15.68368477130795,15.511715315059805,15.614896774291992,5472116,0.0,0.0
2012-04-17 00:00:00-04:00,15.769668311114817,15.855654105342953,15.74100673723324,15.804062843322754,5618874,0.0,0.0
2012-04-18 00:00:00-04:00,15.67795658111572,15.72954785918589,15.62063341551942,15.677956581115723,4359956,0.0,0.0
2012-04-19 00:00:00-04:00,15.930174217185632,15.976033594137284,15.798331189908197,15.878582954406738,8057345,0.0,0.0
2012-04-20 00:00:00-04:00,15.981765785230534,16.010427360081067,15.86711948582841,15.872851371765137,6654810,0.0,0.0
2012-04-23 00:00:00-04:00,15.970300635726616,15.976033594137284,15.809794961562684,15.878582954406738,7204955,0.0,0.0
2012-04-24 00:00:00-04:00,15.878584589720576,15.964570394068772,15.832726280629464,15.912979125976562,5283764,0.0,0.0
2012-04-25 00:00:00-04:00,15.86711819255659,15.930173223054993,15.83272366198926,15.92444133758545,6052672,0.0,0.0
2012-04-26 00:00:00-04:00,15.901510115015451,16.102142175825836,15.867116660352673,16.0734806060791,5538530,0.0,0.0
2012-04-27 00:00:00-04:00,15.993232649758506,16.050555806699933,15.907247914346362,16.01042938232422,6175199,0.0,0.0
2012-04-30 00:00:00-04:00,15.867117699594365,15.958835372341055,15.84992097113665,15.947370529174805,7635025,0.0,0.0
2012-05-01 00:00:00-04:00,16.021894829611302,16.165203799927557,16.016162942735445,16.062021255493164,5899734,0.0,0.0
2012-05-02 00:00:00-04:00,15.895778457608433,16.084945678710938,15.86711688745148,16.084945678710938,6493926,0.0,0.0
2012-05-03 00:00:00-04:00,16.1651982728186,16.199591727481376,16.033354193917024,16.0734806060791,5690487,0.0,0.0
2012-05-04 00:00:00-04:00,16.01042862621139,16.02189347157495,15.884317472379289,15.93017578125,5595428,0.0,0.0
2012-05-07 00:00:00-04:00,15.867122162617896,16.09641587268753,15.861389203130571,16.044824600219727,5826650,0.0,0.0
2012-05-08 00:00:00-04:00,16.062015677378405,16.067748634846907,15.912974871946092,16.02762222290039,8966536,0.0,0.0
2012-05-09 00:00:00-04:00,15.792597999253442,15.924442097175419,15.695148433539401,15.804062843322754,9613015,0.0,0.0
2012-05-10 00:00:00-04:00,15.930172728133762,15.981763986090234,15.878581470177291,15.947370529174805,6033542,0.0,0.0
2012-05-11 00:00:00-04:00,15.712346043818862,15.935906746395023,15.706613085562598,15.821260452270508,6679825,0.0,0.0
2012-05-14 00:00:00-04:00,15.672219732109639,15.752472573064061,15.591966891155215,15.695149421691895,6624104,0.0,0.0
2012-05-15 00:00:00-04:00,15.672220837835793,15.758206643544098,15.59196799121927,15.660757064819336,6507464,0.0,0.0
2012-05-16 00:00:00-04:00,15.448656334434803,15.505979475869017,15.345473821786584,15.35120677947998,10351218,0.0,0.0
2012-05-17 00:00:00-04:00,15.024463727594112,15.144842977882547,14.961408695954963,15.007266998291016,13064566,0.0,0.0
2012-05-18 00:00:00-04:00,15.013000832289068,15.05885913730044,14.904086419376547,14.961409568786621,10167967,0.0,0.0
2012-05-21 00:00:00-04:00,14.990069208893006,15.076053921911047,14.967139523054875,15.070322036743164,6722204,0.0,0.0
2012-05-22 00:00:00-04:00,15.442925314354982,15.620627706304962,15.402797826003352,15.540373802185059,10093019,0.0,0.0
2012-05-23 00:00:00-04:00,15.465857206783076,15.477322052658849,15.242296466248044,15.408534049987793,9991289,0.0,0.0
2012-05-24 00:00:00-04:00,15.465855179563253,15.563304747858538,15.39706718590873,15.534643173217773,8388825,0.0,0.0
2012-05-25 00:00:00-04:00,15.379869474131594,15.632091743907425,15.362671672377909,15.580501556396484,8294944,0.0,0.0
2012-05-29 00:00:00-04:00,15.454389194803415,15.586233286488843,15.431459507749421,15.551839828491211,8591009,0.0,0.0
2012-05-30 00:00:00-04:00,15.328280145304014,15.442927523578815,15.305350455132354,15.334012031555176,13123524,0.0,0.0
2012-05-31 00:00:00-04:00,15.37414189073361,15.414267245831455,15.173509752326023,15.35694408416748,8567465,0.0,0.0
2012-06-01 00:00:00-04:00,15.368403507393586,15.419994763717696,15.253756151941865,15.35120677947998,11805158,0.0,0.0
2012-06-04 00:00:00-04:00,15.43146229134829,15.471588714639289,15.316815980564602,15.368407249450684,9510893,0.0,0.0
2012-06-05 00:00:00-04:00,15.3340135865721,15.414266437727822,15.328281699739668,15.385604858398438,9859933,0.0,0.0
2012-06-06 00:00:00-04:00,15.579225890869797,15.68646268586514,15.52560693600253,15.644759178161621,12768500,1.03466,0.0
2012-06-07 00:00:00-04:00,15.817531489927163,15.817531489927163,15.632844845737061,15.644759178161621,10061430,0.0,0.0
2012-06-08 00:00:00-04:00,15.674549587207641,15.86519341261588,15.638803242902755,15.835405349731445,9125753,0.0,0.0
2012-06-11 00:00:00-04:00,15.924772764409127,15.936688214924576,15.75200151878387,15.763916969299316,8021048,0.0,0.0
2012-06-12 00:00:00-04:00,16.002217041301286,16.228607177734375,15.97838726334035,16.228607177734375,12647935,0.0,0.0
2012-06-13 00:00:00-04:00,16.246484094518465,16.32393395894498,16.163078177447503,16.20478057861328,7518580,0.0,0.0
2012-06-14 00:00:00-04:00,16.294144102003266,16.35967739498189,16.234567975753865,16.347763061523438,8368224,0.0,0.0
2012-06-15 00:00:00-04:00,16.3120166257595,16.413296262765268,16.20477870731853,16.407339096069336,10177679,0.0,0.0
2012-06-18 00:00:00-04:00,16.246481165970508,16.40138086690173,16.23456683335045,16.32988929748535,5510571,0.0,0.0
2012-06-19 00:00:00-04:00,16.603939641321237,16.788626283130768,16.568193300290762,16.705219268798828,8446410,0.0,0.0
2012-06-20 00:00:00-04:00,16.627771529050438,16.699263100644696,16.55627884271694,16.675432205200195,9278200,0.0,0.0
2012-06-21 00:00:00-04:00,16.59202618418727,16.66351776008301,16.46095848083496,16.46095848083496,7622468,0.0,0.0
2012-06-22 00:00:00-04:00,16.60989779212039,16.615856073348272,16.454999201284014,16.490745544433594,7380848,0.0,0.0
2012-06-25 00:00:00-04:00,16.502656422033464,16.63968236997375,16.4073350897384,16.60393714904785,6901041,0.0,0.0
2012-06-26 00:00:00-04:00,16.6337284202354,16.69330454312136,16.568194016217312,16.66947364807129,6463809,0.0,0.0
2012-06-27 00:00:00-04:00,16.687352917909596,16.84225155769207,16.6516065634646,16.80650520324707,6110355,0.0,0.0
2012-06-28 00:00:00-04:00,16.62777677524086,16.824377823099773,16.57415780094316,16.80650520324707,7515932,0.0,0.0
2012-06-29 00:00:00-04:00,16.77075691525621,16.854162830988667,16.723096232732036,16.78862953186035,7794928,0.0,0.0
2012-07-02 00:00:00-04:00,16.603938490574272,16.854158401489258,16.592023044389922,16.854158401489258,8221172,0.0,0.0
2012-07-03 00:00:00-04:00,16.72905378534399,16.83033343475277,16.723096617918525,16.82437515258789,5204696,0.0,0.0
2012-07-05 00:00:00-04:00,16.87203268166514,16.90777902139094,16.80054111695267,16.86607551574707,4629928,0.0,0.0
2012-07-06 00:00:00-04:00,16.740966280281203,16.77075434162998,16.687347323957713,16.746923446655273,5602001,0.0,0.0
2012-07-09 00:00:00-04:00,16.90182261722971,16.913738065127866,16.746924024032143,16.848203659057617,5846368,0.0,0.0
2012-07-10 00:00:00-04:00,16.818414534316442,16.848202594810598,16.740965799979477,16.770753860473633,6697778,0.0,0.0
2012-07-11 00:00:00-04:00,17.03289031982422,17.14608651752162,16.979272476375037,17.03289031982422,9995213,0.0,0.0
2012-07-12 00:00:00-04:00,16.746922487073544,16.836286665999406,16.651600027375796,16.794584274291992,7968957,0.0,0.0
2012-07-13 00:00:00-04:00,16.913738070284804,17.06267838220907,16.88990717448122,17.03289031982422,9401904,0.0,0.0
2012-07-16 00:00:00-04:00,17.122255236434153,17.199703973944175,17.068636279452246,17.18183135986328,7605889,0.0,0.0
2012-07-17 00:00:00-04:00,16.97331617620699,17.16991830268614,16.96735900893039,17.158002853393555,7734400,0.0,0.0
2012-07-18 00:00:00-04:00,17.163960461666164,17.318859066910672,17.134171282234337,17.30098533630371,6632443,0.0,0.0
2012-07-19 00:00:00-04:00,17.01501759563901,17.241407760095676,16.97927236690335,17.187789916992188,8033507,0.0,0.0
2012-07-20 00:00:00-04:00,16.64564612937669,16.86607915169167,16.627773513030423,16.80054473876953,12324303,0.0,0.0
2012-07-23 00:00:00-04:00,16.538406467508217,16.70522050855195,16.484787509352838,16.663516998291016,6852481,0.0,0.0
2012-07-24 00:00:00-04:00,16.472874171154054,16.496703953643,16.365636248366158,16.44904327392578,11658695,0.0,0.0
2012-07-25 00:00:00-04:00,16.580111989572,16.61585833759274,16.4073407609869,16.41925621032715,9601930,0.0,0.0
2012-07-26 00:00:00-04:00,16.889905413385584,16.91373630670434,16.78862578888957,16.895862579345703,6006761,0.0,0.0
2012-07-27 00:00:00-04:00,16.937570526849147,17.140129815627255,16.919696795979803,17.10438346862793,6413091,0.0,0.0
2012-07-30 00:00:00-04:00,17.009059882760628,17.181831083825102,16.997144435318386,17.175872802734375,8993121,0.0,0.0
2012-07-31 00:00:00-04:00,17.205661825412566,17.205661825412566,17.062677572118822,17.128211975097656,11679099,0.0,0.0
2012-08-01 00:00:00-04:00,17.491627686277187,17.616738208219985,17.46183962601545,17.539289474487305,14524686,0.0,0.0
2012-08-02 00:00:00-04:00,17.37843579778339,17.491630893428372,17.33673228282264,17.42013931274414,10011399,0.0,0.0
2012-08-03 00:00:00-04:00,17.545249025524676,17.76568203911143,17.527375295146765,17.70014762878418,11073332,0.0,0.0
2012-08-06 00:00:00-04:00,17.598866632222535,17.777596130386776,17.557164234548164,17.71206283569336,3920370,0.0,0.0
2012-08-07 00:00:00-04:00,17.72397894852914,17.78355507857047,17.634613638727792,17.753767013549805,5981353,0.0,0.0
2012-08-08 00:00:00-04:00,17.735891862597303,17.914621353149414,17.735891862597303,17.914621353149414,6307241,0.0,0.0
2012-08-09 00:00:00-04:00,17.706104554068943,17.729935451087993,17.640571259375527,17.71206283569336,6638427,0.0,0.0
2012-08-10 00:00:00-04:00,17.700148101213152,17.87291932472262,17.676317203232756,17.861003875732422,5094137,0.0,0.0
2012-08-13 00:00:00-04:00,17.801427599203446,17.84313111295668,17.753766918373756,17.813343048095703,3592128,0.0,0.0
2012-08-14 00:00:00-04:00,17.855045318603516,17.872917933327763,17.79546919302985,17.855045318603516,3717892,0.0,0.0
2012-08-15 00:00:00-04:00,17.580992210088745,17.69418728718758,17.55716243025791,17.652484893798828,7534472,0.0,0.0
2012-08-16 00:00:00-04:00,17.485669139182335,17.503541750980045,17.40226213114091,17.438007354736328,8371069,0.0,0.0
2012-08-17 00:00:00-04:00,17.44992304037727,17.461838486652333,17.33672797287284,17.42609214782715,6358057,0.0,0.0
2012-08-20 00:00:00-04:00,17.497584852433864,17.575034700905718,17.44992417896292,17.539289474487305,4556353,0.0,0.0
2012-08-21 00:00:00-04:00,17.479712958673847,17.59886520462499,17.443967730784195,17.503543853759766,6514527,0.0,0.0
2012-08-22 00:00:00-04:00,17.384390634720337,17.443967872920577,17.295026449528827,17.366518020629883,6967062,0.0,0.0
2012-08-23 00:00:00-04:00,17.354603720967035,17.449926193653603,17.3248156572661,17.38439178466797,4774233,0.0,0.0
2012-08-24 00:00:00-04:00,17.390346685029407,17.515457197091546,17.3546003466949,17.438007354736328,7035830,0.0,0.0
2012-08-27 00:00:00-04:00,17.479714440355565,17.515460786014508,17.42609547923681,17.449926376342773,3972854,0.0,0.0
2012-08-28 00:00:00-04:00,17.420135019264215,17.50354202862868,17.408219572963706,17.443965911865234,4119023,0.0,0.0
2012-08-29 00:00:00-04:00,17.426096479993085,17.509503509914584,17.40226669625793,17.42013931274414,3965300,0.0,0.0
2012-08-30 00:00:00-04:00,17.426098074578274,17.44397180743941,17.265242282004397,17.30694580078125,4822204,0.0,0.0
2012-08-31 00:00:00-04:00,17.28907134013739,17.372478368802287,17.193748862414743,17.229494094848633,5909152,0.0,0.0
2012-09-04 00:00:00-04:00,16.9613979279509,16.99118598889705,16.836287403133554,16.943525314331055,9600262,0.0,0.0
2012-09-05 00:00:00-04:00,16.806502293320296,16.84820580891566,16.746926160966744,16.83629035949707,7687018,0.0,0.0
2012-09-06 00:00:00-04:00,16.681393221434323,17.009064207828974,16.681393221434323,16.985233306884766,8904243,0.0,0.0
2012-09-07 00:00:00-04:00,17.03288786477633,17.03288786477633,16.84820123576663,16.854158401489258,5574336,0.0,0.0
2012-09-10 00:00:00-04:00,16.866076322898437,16.91373699674125,16.76479557953129,16.770753860473633,4715569,0.0,0.0
2012-09-11 00:00:00-04:00,16.889905689620353,16.955440089949185,16.854159349057582,16.90182113647461,6631952,0.0,0.0
2012-09-12 00:00:00-04:00,16.78862953186035,16.80054498117624,16.58607023770838,16.78862953186035,11291212,0.0,0.0
2012-09-13 00:00:00-04:00,17.003104723127336,17.20566513735339,16.967359488977657,17.134172439575195,12943608,0.0,0.0
2012-09-14 00:00:00-04:00,17.02097823308974,17.06863891624791,16.9196974699271,16.961400985717773,6741138,0.0,0.0
2012-09-17 00:00:00-04:00,16.836287061192092,16.90777974369789,16.78862638759407,16.83032989501953,4105289,0.0,0.0
2012-09-18 00:00:00-04:00,17.09842524488535,17.110340693148803,16.997145606754962,17.026933670043945,5980078,0.0,0.0
2012-09-19 00:00:00-04:00,16.889906838720012,16.967356691172377,16.830330715134643,16.919694900512695,6967553,0.0,0.0
2012-09-20 00:00:00-04:00,16.913739578434853,17.003103773557765,16.830332550424394,16.997146606445312,5968012,0.0,0.0
2012-09-21 00:00:00-04:00,17.18183250862553,17.29502759660469,17.15800161176487,17.199705123901367,10567626,0.0,0.0
2012-09-24 00:00:00-04:00,17.140129899024544,17.253324992964135,17.1222572828076,17.229494094848633,4449326,0.0,0.0
2012-09-25 00:00:00-04:00,17.33077306141332,17.396306352341778,17.18183163571008,17.187789916992188,6054830,0.0,0.0
2012-09-26 00:00:00-04:00,17.158002189076797,17.19970570261648,16.997146416703345,17.11629867553711,5851763,0.0,0.0
2012-09-27 00:00:00-04:00,17.104382171497463,17.24736531917276,17.03289059765981,17.223535537719727,5917490,0.0,0.0
2012-09-28 00:00:00-04:00,17.015019983507965,17.056723499378357,16.889909435896787,16.97927474975586,7026413,0.0,0.0
2012-10-01 00:00:00-04:00,16.98522930530014,17.06863632421535,16.895864005182855,16.919694900512695,4864975,0.0,0.0
2012-10-02 00:00:00-04:00,16.955441243507458,17.026932814757746,16.913737734049853,16.919694900512695,5844504,0.0,0.0
2012-10-03 00:00:00-04:00,16.99118561171447,17.181830535224794,16.94352493820648,17.092466354370117,5834792,0.0,0.0
2012-10-04 00:00:00-04:00,17.19970464152742,17.229492704398165,17.12225590101133,17.223535537719727,5675281,0.0,0.0
2012-10-05 00:00:00-04:00,17.485671902684697,17.55120519454646,17.33673047486028,17.36056137084961,4882829,0.0,0.0
2012-10-08 00:00:00-04:00,17.259281550312583,17.342687455904183,17.22353520671111,17.295026779174805,4338767,0.0,0.0
2012-10-09 00:00:00-04:00,17.11629494271813,17.15799844716288,17.015015321849198,17.056718826293945,5078931,0.0,0.0
2012-10-10 00:00:00-04:00,17.080551234626494,17.14012735633795,16.97927160476918,17.02097511291504,4922952,0.0,0.0
2012-10-11 00:00:00-04:00,17.146089448095044,17.1520466156945,16.997147995974764,17.00310516357422,5302305,0.0,0.0
2012-10-12 00:00:00-04:00,16.79458475476463,16.83032998146194,16.72905035283398,16.770753860473633,7518482,0.0,0.0
2012-10-15 00:00:00-04:00,16.627772674360873,16.71117858468309,16.568195431645982,16.69330596923828,6907908,0.0,0.0
2012-10-16 00:00:00-04:00,16.63373050256186,16.74692559611142,16.592026988373107,16.735010147094727,8544510,0.0,0.0
2012-10-17 00:00:00-04:00,16.78862638759407,16.90777974369789,16.776710940509773,16.83032989501953,7580187,0.0,0.0
2012-10-18 00:00:00-04:00,16.925656125537067,17.09842735987985,16.895866943824018,16.90778350830078,13125093,0.0,0.0
2012-10-19 00:00:00-04:00,16.997147709221647,17.038851225932603,16.889909776325066,16.90778350830078,6790874,0.0,0.0
2012-10-22 00:00:00-04:00,16.90182422480501,16.985231253285924,16.87203615959602,16.937570571899414,5694116,0.0,0.0
2012-10-23 00:00:00-04:00,16.621810197207278,16.711174366614223,16.592022140738294,16.657556533813477,8310836,0.0,0.0
2012-10-24 00:00:00-04:00,16.586068924058104,16.603941539246698,16.47883100344794,16.52053451538086,10225061,0.0,0.0
2012-10-25 00:00:00-04:00,16.603941111254098,16.62777200738414,16.401381838366515,16.466915130615234,7349848,0.0,0.0
2012-10-26 00:00:00-04:00,16.3775499721832,16.395422585852494,16.252439447019743,16.32988929748535,6869256,0.0,0.0
2012-10-31 00:00:00-04:00,16.502663524280738,16.502663524280738,16.1809519385367,16.222654342651367,6914971,0.0,0.0
2012-11-01 00:00:00-04:00,16.4549998658245,16.466915314022234,16.329890446596476,16.347763061523438,7013365,0.0,0.0
2012-11-02 00:00:00-04:00,16.079671720401276,16.133290691447357,16.032011032104492,16.032011032104492,12015680,0.0,0.0
2012-11-05 00:00:00-05:00,15.92477309001233,16.04988476561287,15.918815922002555,16.032011032104492,5896104,0.0,0.0
2012-11-06 00:00:00-05:00,16.145200969402392,16.180947310226756,16.09754029637574,16.133285522460938,6058264,0.0,0.0
2012-11-07 00:00:00-05:00,16.15711558497838,16.15711558497838,15.96647067320309,16.043920516967773,8519200,0.0,0.0
2012-11-08 00:00:00-05:00,16.02605143699394,16.103500183089253,15.88902544612605,15.900940895080566,7504454,0.0,0.0
2012-11-09 00:00:00-05:00,15.823485374450684,15.954554151329887,15.811571044497079,15.823485374450684,9243473,0.0,0.0
2012-11-12 00:00:00-05:00,15.811576191006472,15.84732142197991,15.722210884094238,15.722210884094238,4967980,0.0,0.0
2012-11-13 00:00:00-05:00,15.20389219089806,15.460070367431207,15.150273243544836,15.30517292022705,20766299,0.0,0.0
2012-11-14 00:00:00-05:00,15.156235360019707,15.275387615640978,15.138362744624377,15.227726936340332,12964700,0.0,0.0
2012-11-15 00:00:00-05:00,15.197934781842896,15.203891947124836,14.995374441171716,15.00728988647461,12459289,0.0,0.0
2012-11-16 00:00:00-05:00,15.066870930805075,15.066870930805075,14.864310538806828,15.05495548248291,8942011,0.0,0.0
2012-11-19 00:00:00-05:00,15.168151517262752,15.245600264087514,15.102617104765363,15.239643096923828,10192001,0.0,0.0
2012-11-20 00:00:00-05:00,15.384976298277872,15.445786206937813,15.312004180320981,15.330246925354004,8590323,0.52905,0.0
2012-11-21 00:00:00-05:00,15.45186432949085,15.45794486382955,15.35456781529987,15.42145824432373,8839693,0.0,0.0
2012-11-23 00:00:00-05:00,15.324165516985277,15.506596383946954,15.312004445302675,15.470110893249512,4562925,0.0,0.0
2012-11-26 00:00:00-05:00,15.409296980604394,15.427539721214128,15.318081001906673,15.360648155212402,4872038,0.0,0.0
2012-11-27 00:00:00-05:00,15.275515368188122,15.330244733286252,15.214705468223373,15.22686767578125,8895610,0.0,0.0
2012-11-28 00:00:00-05:00,15.318087649944989,15.409303668230391,15.202548346231827,15.397141456604004,11917973,0.0,0.0
2012-11-29 00:00:00-05:00,15.530920208955955,15.682946115247008,15.5005152552627,15.628216743469238,8023893,0.0,0.0
2012-11-30 00:00:00-05:00,15.701189041763698,15.749836740671434,15.63429746016887,15.689026832580566,7929227,0.0,0.0
2012-12-03 00:00:00-05:00,15.737675395347615,15.755918139892344,15.585649489942165,15.597811698913574,12292126,0.0,0.0
2012-12-04 00:00:00-05:00,15.6099739947563,15.652541160583494,15.561326292878734,15.652541160583496,7347886,0.0,0.0
2012-12-05 00:00:00-05:00,15.561327156567394,15.628218745958435,15.543084409578901,15.60997486114502,12993247,0.0,0.0
2012-12-06 00:00:00-05:00,15.847133364759129,15.86537610972325,15.670784175181446,15.768080711364746,12657745,0.0,0.0
2012-12-07 00:00:00-05:00,15.804567068296233,15.810648742167764,15.701189990728789,15.737676620483398,9289089,0.0,0.0
2012-12-10 00:00:00-05:00,15.786324415409856,15.841053791452037,15.701190083305324,15.731595039367676,7329051,0.0,0.0
2012-12-11 00:00:00-05:00,15.78632259374762,15.834971428093446,15.743755432607392,15.761998176574707,4972395,0.0,0.0
2012-12-12 00:00:00-05:00,15.792400271289686,15.871454043883483,15.743752583572023,15.810644149780273,7825829,0.0,0.0
2012-12-13 00:00:00-05:00,15.901865962327824,16.017405266906277,15.798487731641819,15.889703750610352,7805032,0.0,0.0
2012-12-14 00:00:00-05:00,15.804569083529056,15.841055717936062,15.68902978131105,15.70727252960205,8188309,0.0,0.0
2012-12-17 00:00:00-05:00,15.512675475932411,15.591728117837167,15.512675475932411,15.585647583007812,10685346,0.0,0.0
2012-12-18 00:00:00-05:00,15.433621406555174,15.482270235575522,15.3788931806442,15.433621406555176,11900805,0.0,0.0
2012-12-19 00:00:00-05:00,15.40321550348309,15.53091696501665,15.378892228303748,15.42145824432373,8502131,0.0,0.0
2012-12-20 00:00:00-05:00,15.4032156043288,15.494430446953729,15.366730122408647,15.476187705993652,8058817,0.0,0.0
2012-12-21 00:00:00-05:00,15.281596183776854,15.37281102860799,15.263353442375543,15.281596183776855,10289120,0.0,0.0
2012-12-24 00:00:00-05:00,15.318082714399997,15.391054822821415,15.263354486452423,15.27551555633545,2233148,0.0,0.0
2012-12-26 00:00:00-05:00,15.263357162475586,15.312004864010726,15.178221693595601,15.263357162475586,6242888,0.0,0.0
2012-12-27 00:00:00-05:00,15.330246925354004,15.366733553244849,15.269437016694063,15.330246925354004,11182223,0.0,0.0
2012-12-28 00:00:00-05:00,15.24511433284834,15.348491416898522,15.202547164377684,15.208627700805664,8195078,0.0,0.0
2012-12-31 00:00:00-05:00,15.22078647521551,15.336325735225142,15.202542595764292,15.318081855773926,7913727,0.0,0.0
2013-01-02 00:00:00-05:00,15.664702141519165,15.676864350490574,15.488352955995667,15.597811698913574,9986874,0.0,0.0
2013-01-03 00:00:00-05:00,15.476194125437999,15.518761297217848,15.372817033351225,15.397141456604004,8368421,0.0,0.0
2013-01-04 00:00:00-05:00,15.506595879204607,15.701188949339668,15.494433670093066,15.695108413696289,8456122,0.0,0.0
2013-01-07 00:00:00-05:00,15.682949949299054,16.22415985030469,15.609976677205543,16.139026641845703,19294406,0.0,0.0
2013-01-08 00:00:00-05:00,15.98091611666069,16.011319932267128,15.834971885061007,15.938347816467285,11650258,0.0,0.0
2013-01-09 00:00:00-05:00,16.035644438503784,16.139022646129245,16.01740169390949,16.05388832092285,8666546,0.0,0.0
2013-01-10 00:00:00-05:00,16.114698680345185,16.23023796239269,16.029564352749674,16.205913543701172,7940901,0.0,0.0
2013-01-11 00:00:00-05:00,16.242399989133464,16.260642734034604,16.120779034867997,16.1694278717041,4812099,0.0,0.0
2013-01-14 00:00:00-05:00,16.059967808113157,16.07821055151656,15.914023585236555,15.974833488464355,10781779,0.0,0.0
2013-01-15 00:00:00-05:00,15.86537741935613,15.96267396357093,15.859296883141097,15.914026260375977,7564982,0.0,0.0
2013-01-16 00:00:00-05:00,15.59781074358613,15.616053487013534,15.530919167252712,15.536999702453613,9934685,0.0,0.0
2013-01-17 00:00:00-05:00,15.524839764536951,15.707269487768036,15.49443367284032,15.634297370910645,9838743,0.0,0.0
2013-01-18 00:00:00-05:00,15.676862903657883,15.743754477914758,15.640377417935708,15.725510597229004,9536399,0.0,0.0
2013-01-22 00:00:00-05:00,15.719431015434479,15.810647010920533,15.664701645707792,15.761998176574707,11792111,0.0,0.0
2013-01-23 00:00:00-05:00,15.774159620092338,15.895779424408701,15.743754669013246,15.871456146240234,11456510,0.0,0.0
2013-01-24 00:00:00-05:00,16.114696878979018,16.315370466189925,16.09037246300658,16.28496551513672,17989774,0.0,0.0
2013-01-25 00:00:00-05:00,16.345773988646567,16.461313247680664,16.32753124717397,16.461313247680664,12995405,0.0,0.0
2013-01-28 00:00:00-05:00,16.479558853827697,16.485639389434027,16.370100110315512,16.449153900146484,13774810,0.0,0.0
2013-01-29 00:00:00-05:00,16.558614719472118,16.625506313247737,16.528210897715013,16.607263565063477,9086022,0.0,0.0
2013-01-30 00:00:00-05:00,16.692395121028714,16.722800075536167,16.625503538417433,16.64982795715332,8124642,0.0,0.0
2013-01-31 00:00:00-05:00,16.558609873621634,16.692393022021452,16.546448803607706,16.613340377807617,8412958,0.0,0.0
2013-02-01 00:00:00-05:00,16.655903527330043,16.692390144556178,16.570770362784657,16.60117530822754,12196184,0.0,0.0
2013-02-04 00:00:00-05:00,16.260641378411567,16.467395504253876,16.248479170216484,16.40050506591797,10867224,0.0,0.0
2013-02-05 00:00:00-05:00,16.28496579335947,16.45523443242615,16.278884120350117,16.351856231689453,7385360,0.0,0.0
2013-02-06 00:00:00-05:00,16.297126863728778,16.400505064465474,16.218074217204787,16.351856231689453,8678220,0.0,0.0
2013-02-07 00:00:00-05:00,16.534290230443066,16.55861351364248,16.400508190459085,16.47956085205078,9695615,0.0,0.0
2013-02-08 00:00:00-05:00,16.78968905866481,16.81401347363464,16.692392536610118,16.728878021240234,10889296,0.0,0.0
2013-02-11 00:00:00-05:00,16.674148352053987,16.69847162709533,16.54036521911621,16.54036521911621,7678287,0.0,0.0
2013-02-12 00:00:00-05:00,16.449157103829286,16.589020828262925,16.4369948924231,16.55861473083496,7878509,0.0,0.0
2013-02-13 00:00:00-05:00,16.272805126190445,16.406587153344187,16.19375133435541,16.205913543701172,14930035,0.0,0.0
2013-02-14 00:00:00-05:00,15.834971519942757,15.938347448965423,15.810647102628753,15.841052055358887,14382147,0.0,0.0
2013-02-15 00:00:00-05:00,15.962671866784563,15.97483407544195,15.74375552442582,15.780241012573242,19908610,0.0,0.0
2013-02-19 00:00:00-05:00,15.34848794888845,15.433622266593554,15.299840254981822,15.403217315673828,21120930,0.0,0.0
2013-02-20 00:00:00-05:00,15.18429907046944,15.23902843034931,14.953220562376238,15.014030456542969,34565829,0.0,0.0
2013-02-21 00:00:00-05:00,14.916737646381545,14.98362922926604,14.849846063497049,14.947142601013184,19653943,0.0,0.0
2013-02-22 00:00:00-05:00,15.062683448284826,15.257276543529231,15.062683448284826,15.208627700805664,21951641,0.0,0.0
2013-02-25 00:00:00-05:00,15.080927688770297,15.1356559313872,14.95322618034761,14.959306716918945,20449239,0.0,0.0
2013-02-26 00:00:00-05:00,15.026195342049387,15.074843038491547,14.886331650269167,14.928898811340332,13091837,0.0,0.0
2013-02-27 00:00:00-05:00,15.068763318993433,15.336328508474017,15.056601109768208,15.29984188079834,20310820,0.0,0.0
2013-02-28 00:00:00-05:00,15.275519368846684,15.354573169764759,15.22687166369898,15.287681579589844,9339218,0.0,0.0
2013-03-01 00:00:00-05:00,15.275515841584884,15.561323745666115,15.214705939735602,15.451866149902344,14693614,0.0,0.0
2013-03-04 00:00:00-05:00,15.366734680689522,15.439706804000314,15.299843093560925,15.427544593811035,13220741,0.0,0.0
2013-03-05 00:00:00-05:00,15.439708542354243,16.418752350010564,15.415384119237,16.224159240722656,47455777,0.0,0.0
2013-03-06 00:00:00-05:00,16.509963808474513,16.631584761031252,16.303209668300266,16.424829483032227,27040676,0.0,0.0
2013-03-07 00:00:00-05:00,16.388342857722886,16.424828344483437,16.23023642683621,16.40050506591797,16485803,0.0,0.0
2013-03-08 00:00:00-05:00,16.55252998550738,16.953877170742636,16.50996282532107,16.850500106811523,23089110,0.0,0.0
2013-03-11 00:00:00-04:00,16.935635293707776,16.94171582926349,16.79577159767873,16.832258224487305,9538459,0.0,0.0
2013-03-12 00:00:00-04:00,16.75320520871297,16.8383395373717,16.70455750854719,16.734962463378906,10788449,0.0,0.0
2013-03-13 00:00:00-04:00,16.607259658239947,16.661989027742756,16.50996312777103,16.576854705810547,9251713,0.0,0.0
2013-03-14 00:00:00-04:00,16.728879253694995,16.95387726418046,16.722798718416886,16.905229568481445,12025098,0.0,0.0
2013-03-15 00:00:00-04:00,16.850503744505225,16.935638083256674,16.789693827632746,16.81401824951172,6824915,0.0,0.0
2013-03-18 00:00:00-04:00,16.911309430361815,17.11198301609472,16.86266173659992,16.984281539916992,12817354,0.0,0.0
2013-03-19 00:00:00-04:00,17.270087142068014,17.330898173448873,17.111980736126817,17.227519989013672,14788379,0.0,0.0
2013-03-20 00:00:00-04:00,17.17887459194811,17.23360395857491,16.996443749133665,17.00860595703125,8047437,0.0,0.0
2013-03-21 00:00:00-04:00,16.838341785792945,16.99036771807634,16.832261249144597,16.92955780029297,7850453,0.0,0.0
2013-03-22 00:00:00-04:00,17.002530180431883,17.10590726975613,16.990367969130503,17.04509735107422,7940803,0.0,0.0
2013-03-25 00:00:00-04:00,17.4525198965967,17.4707626391224,17.233603572814438,17.27617073059082,13638745,0.0,0.0
2013-03-26 00:00:00-04:00,17.3065827826366,17.422122095752886,17.22144843214827,17.416040420532227,10445688,0.0,0.0
2013-03-27 00:00:00-04:00,17.01468601213283,17.19103631493649,16.990362734848418,17.172792434692383,12105246,0.0,0.0
2013-03-28 00:00:00-04:00,17.221442407528247,17.336981680225144,17.203198526073685,17.270090103149414,6177063,0.0,0.0
2013-04-01 00:00:00-04:00,17.27617350310863,17.355226158622944,17.203200245645657,17.233606338500977,4401845,0.0,0.0
2013-04-02 00:00:00-04:00,18.097109336021273,18.212648611543518,17.470764123774536,17.884273529052734,44482464,0.0,0.0
2013-04-03 00:00:00-04:00,17.355222889874714,17.53765372352278,17.032929516993587,17.075496673583984,19904588,0.0,0.0
2013-04-04 00:00:00-04:00,17.045094851626562,17.178876880674324,16.941716639636432,17.13022804260254,9528747,0.0,0.0
2013-04-05 00:00:00-04:00,16.978202232046364,17.142390343781344,16.911310652692322,17.111984252929688,6152047,0.0,0.0
2013-04-08 00:00:00-04:00,17.11198376217067,17.379548934088504,17.032931114132843,17.349143981933594,12261323,0.0,0.0
2013-04-09 00:00:00-04:00,17.58630247539711,17.622789099456913,17.39171056055218,17.458600997924805,12433881,0.0,0.0
2013-04-10 00:00:00-04:00,17.555898937525946,17.738329796861475,17.54981840193883,17.695762634277344,12974019,0.0,0.0
2013-04-11 00:00:00-04:00,17.835625648427754,17.859948927670096,17.707924165562726,17.79913902282715,9955188,0.0,0.0
2013-04-12 00:00:00-04:00,17.93900854827653,17.94508908560842,17.786982598903172,17.878198623657227,6817754,0.0,0.0
2013-04-15 00:00:00-04:00,17.67751502409588,17.811297010612957,17.64711007887947,17.65319061279297,7990049,0.0,0.0
2013-04-16 00:00:00-04:00,17.841710966802044,17.859953715580513,17.65319952855777,17.7869815826416,6123598,0.0,0.0
2013-04-17 00:00:00-04:00,17.683602857024745,17.695765067696225,17.409957099303664,17.507253646850586,7701831,0.0,0.0
2013-04-18 00:00:00-04:00,18.230893387110935,18.236975061030435,17.841708355783116,17.93900489807129,12828733,0.0,0.0
2013-04-19 00:00:00-04:00,18.005894661175308,18.048461823002487,17.878193175693767,17.993732452392578,16074077,0.0,0.0
2013-04-22 00:00:00-04:00,18.04238042358621,18.139676957500285,17.9815705165742,18.08494758605957,8507134,0.0,0.0
2013-04-23 00:00:00-04:00,18.084948536585507,18.157920656400208,17.98765199755763,18.121435165405273,8650262,0.0,0.0
2013-04-24 00:00:00-04:00,18.00589284517572,18.03629779515365,17.926839064973386,17.99981117248535,8970460,0.0,0.0
2013-04-25 00:00:00-04:00,18.468050189643535,18.559265040981426,18.36467199273767,18.504535675048828,13583711,0.0,0.0
2013-04-26 00:00:00-04:00,18.626157760620117,18.638319969111706,18.51669902202054,18.626157760620117,6490100,0.0,0.0
2013-04-29 00:00:00-04:00,18.54102343887307,18.72953482592956,18.522780695048176,18.60183334350586,8763175,0.0,0.0
2013-04-30 00:00:00-04:00,18.461969652590657,18.626157760488866,18.41940249178276,18.60183334350586,10061332,0.0,0.0
2013-05-01 00:00:00-04:00,18.66872674591557,18.699131701203644,18.51062029572268,18.571430206298828,8090405,0.0,0.0
2013-05-02 00:00:00-04:00,18.297781851272514,18.370753961081782,18.23697194940224,18.279539108276367,8900907,0.0,0.0
2013-05-03 00:00:00-04:00,18.328189071452844,18.480214982775802,18.2917024431184,18.449810028076172,7424502,0.0,0.0
2013-05-06 00:00:00-04:00,18.37683964386346,18.42548734840987,18.334272475701006,18.34035301208496,5260514,0.0,0.0
2013-05-07 00:00:00-04:00,18.328187175942038,18.46805086335541,18.261296737650625,18.42548370361328,7341314,0.0,0.0
2013-05-08 00:00:00-04:00,18.243057416437974,18.34643450513019,18.236976879736954,18.32819175720215,8667233,0.0,0.0
2013-05-09 00:00:00-04:00,18.151842208160772,18.27346204256455,18.10927503855446,18.157922744750977,11071664,0.0,0.0
2013-05-10 00:00:00-04:00,18.145759922283037,18.322110269180936,18.121436638916887,18.316028594970703,12067183,0.0,0.0
2013-05-13 00:00:00-04:00,18.15183994257244,18.15183994257244,18.024138449692323,18.036300659179688,9346870,0.0,0.0
2013-05-14 00:00:00-04:00,17.835625343860542,18.115351584056246,17.799138718882993,18.072784423828125,12315965,0.0,0.0
2013-05-15 00:00:00-04:00,18.0727846089389,18.19440555561839,18.06670407362605,18.18224334716797,8401873,0.0,0.0
2013-05-16 00:00:00-04:00,18.358593758004467,18.425485340061513,18.255216685970705,18.334270477294922,8236672,0.0,0.0
2013-05-17 00:00:00-04:00,18.309943389685223,18.388996031660987,18.236971282544275,18.382915496826172,7330621,0.0,0.0
2013-05-20 00:00:00-04:00,18.224807843583328,18.340347100234794,18.212645636910878,18.303861618041992,7515833,0.0,0.0
2013-05-21 00:00:00-04:00,18.309943479896443,18.51061705997891,18.297781272342256,18.36467170715332,12280747,0.0,0.0
2013-05-22 00:00:00-04:00,18.23089214261324,18.273459305844494,17.762654484894245,17.83562660217285,15364226,0.0,0.0
2013-05-23 00:00:00-04:00,17.68968529262516,17.890357794954163,17.56198378181581,17.853872299194336,7531922,0.0,0.0
2013-05-24 00:00:00-04:00,17.84170938405653,18.005897521972656,17.79914221546623,18.005897521972656,5260907,0.0,0.0
2013-05-28 00:00:00-04:00,18.236971375267718,18.24305191013345,17.98156843006352,17.99981117248535,7705265,0.0,0.0
2013-05-29 00:00:00-04:00,17.85994988271586,17.89643651026756,17.70184343897475,17.83562660217285,12233364,0.0,0.0
2013-05-30 00:00:00-04:00,17.88427067355019,17.975486655015366,17.823460777789784,17.920757293701172,8810165,0.0,0.0
2013-05-31 00:00:00-04:00,17.750493745862002,17.847790289566813,17.604548361392343,17.61063003540039,7692315,0.0,0.0
2013-06-03 00:00:00-04:00,17.659276602497393,17.659276602497393,17.50117129365561,17.537656784057617,10204656,0.0,0.0
2013-06-04 00:00:00-04:00,17.726167857342546,17.902518183771903,17.70184343897475,17.83562660217285,8684008,0.0,0.0
2013-06-05 00:00:00-04:00,17.604543403418642,17.647111696011805,17.519410231706015,17.56197738647461,6651474,0.0,0.0
2013-06-06 00:00:00-04:00,17.835629631192813,17.908601760864258,17.74441361573477,17.908601760864258,6884364,0.0,0.0
2013-06-07 00:00:00-04:00,18.060623940329602,18.188326571034537,18.011976240204955,18.036300659179688,9467827,0.0,0.0
2013-06-10 00:00:00-04:00,18.12143724955983,18.22481433636803,18.036302910347203,18.157922744750977,6711119,0.0,0.0
2013-06-11 00:00:00-04:00,18.091032290958886,18.255219294968974,18.04846512135257,18.157922744750977,6968141,0.0,0.0
2013-06-12 00:00:00-04:00,18.17620078898456,18.201410857008643,17.665704576640557,17.72242546081543,13776674,1.06932,0.0
2013-06-13 00:00:00-04:00,17.65309565187256,17.88628578156786,17.64679254662931,17.84847068786621,10233105,0.0,0.0
2013-06-14 00:00:00-04:00,17.791748091337436,17.974518090492367,17.747631072998047,17.747631072998047,6437616,0.0,0.0
2013-06-17 00:00:00-04:00,18.365272300535562,18.365272300535562,17.91780011896072,17.999731063842773,10159334,0.0,0.0
2013-06-18 00:00:00-04:00,18.258131138389537,18.26443306515403,18.031242906823486,18.094266891479492,9161265,0.0,0.0
2013-06-19 00:00:00-04:00,18.012335970829326,18.0375460364258,17.57116571915489,17.583770751953125,6299492,0.0,0.0
2013-06-20 00:00:00-04:00,17.495533939221946,17.558557914009413,17.224529904233783,17.27495002746582,11309360,0.0,0.0
2013-06-21 00:00:00-04:00,17.344281057225714,17.375793053938438,17.02915991084557,17.18671989440918,11378815,0.0,0.0
2013-06-24 00:00:00-04:00,17.060669380423498,17.293859536659543,17.041761241794315,17.21192741394043,9070424,0.0,0.0
2013-06-25 00:00:00-04:00,17.50183844769418,17.653096471014244,17.41990633049842,17.646793365478516,10790019,0.0,0.0
2013-06-26 00:00:00-04:00,17.62788815613255,17.854775213620734,17.621586229224317,17.779146194458008,9197954,0.0,0.0
2013-06-27 00:00:00-04:00,17.77284411204581,18.0186381273609,17.76654218519272,17.911497116088867,13569388,0.0,0.0
2013-06-28 00:00:00-04:00,17.911498118378905,18.19510724844106,17.905196191173168,18.119478225708008,8889528,0.0,0.0
2013-07-01 00:00:00-04:00,18.163593388703504,18.182501526884742,18.05014927662698,18.113174438476562,5492325,0.0,0.0
2013-07-02 00:00:00-04:00,18.03124050997636,18.24552250102393,17.98082156480417,18.062753677368164,5175756,0.0,0.0
2013-07-03 00:00:00-04:00,18.018638552172405,18.150989632482705,17.95561456514449,18.100570678710938,3271929,0.0,0.0
2013-07-05 00:00:00-04:00,18.20770785743534,18.245521769986254,17.94300575256871,18.138381958007812,5576495,0.0,0.0
2013-07-08 00:00:00-04:00,18.201410354899643,18.22661924297543,18.012337208440588,18.119478225708008,5396775,0.0,0.0
2013-07-09 00:00:00-04:00,18.13207939706568,18.195103372709706,18.056450390442333,18.163591384887695,5122390,0.0,0.0
2013-07-10 00:00:00-04:00,18.006036538453692,18.1951085188613,17.98712839701059,18.144689559936523,4835643,0.0,0.0
2013-07-11 00:00:00-04:00,18.35897111497818,18.47241524356974,18.25813319984445,18.46611213684082,8517925,0.0,0.0
2013-07-12 00:00:00-04:00,18.497623293896368,18.59846119802872,18.447203162577427,18.592159271240234,8547257,0.0,0.0
2013-07-15 00:00:00-04:00,18.46611270202213,18.62367386552691,18.44720573976249,18.560649871826172,5568843,0.0,0.0
2013-07-16 00:00:00-04:00,18.522830420266242,18.55434358897259,18.453504515169186,18.497621536254883,7533295,0.0,0.0
2013-07-17 00:00:00-04:00,18.52913416404681,18.566948080992887,18.403085022636937,18.472412109375,4170525,0.0,0.0
2013-07-18 00:00:00-04:00,18.327456789652746,18.440900903825437,18.29594479777205,18.3526668548584,6003818,0.0,0.0
2013-07-19 00:00:00-04:00,18.53543779812475,18.68039391136248,18.459808778012196,18.611066818237305,8262865,0.0,0.0
2013-07-22 00:00:00-04:00,18.66149139404297,18.86316843594043,18.611071249128788,18.66149139404297,12604771,0.0,0.0
2013-07-23 00:00:00-04:00,18.812743459120362,18.850558555723094,18.667787357688955,18.806440353393555,6043058,0.0,0.0
2013-07-24 00:00:00-04:00,18.76863243310597,18.80014443405079,18.611071249128788,18.66149139404297,5478198,0.0,0.0
2013-07-25 00:00:00-04:00,18.705604452046753,18.7938385076238,18.65518431785825,18.756023406982422,6127326,0.0,0.0
2013-07-26 00:00:00-04:00,18.636273522274156,18.812741597115426,18.636273522274156,18.80013656616211,4303941,0.0,0.0
2013-07-29 00:00:00-04:00,18.837953614521112,18.863163680622858,18.76862770162049,18.83165168762207,4048979,0.0,0.0
2013-07-30 00:00:00-04:00,18.8190461182619,18.850559289617408,18.705603182542536,18.768627166748047,4243119,0.0,0.0
2013-07-31 00:00:00-04:00,18.749720689844274,19.027026699185832,18.749720689844274,18.875768661499023,7459034,0.0,0.0
2013-08-01 00:00:00-04:00,19.077449691971932,19.159380649982758,19.045937694332924,19.12786865234375,6314403,0.0,0.0
2013-08-02 00:00:00-04:00,19.090048916523223,19.2539119720459,19.090048916523223,19.2539119720459,4116472,0.0,0.0
2013-08-05 00:00:00-04:00,19.108956468929854,19.235004425048828,19.058536343080153,19.235004425048828,4180237,0.0,0.0
2013-08-06 00:00:00-04:00,19.083748395677446,19.260216496044695,19.083748395677446,19.184587478637695,5455047,0.0,0.0
2013-08-07 00:00:00-04:00,19.34214655608552,19.442984449035826,19.22870245245063,19.27912139892578,9333430,0.0,0.0
2013-08-08 00:00:00-04:00,19.31063338787933,19.38626239721838,19.197190463497076,19.27912139892578,5818998,0.0,0.0
2013-08-09 00:00:00-04:00,19.55012802442147,19.55012802442147,19.127865901678238,19.291728973388672,9909473,0.0,0.0
2013-08-12 00:00:00-04:00,19.090051745698897,19.22240401009462,19.07114478475073,19.07744789123535,4933253,0.0,0.0
2013-08-13 00:00:00-04:00,19.260215709863292,19.329541618425786,19.096352648961386,19.304332733154297,4839665,0.0,0.0
2013-08-14 00:00:00-04:00,19.21610090361,19.24131097104279,19.03332968360154,19.07744789123535,3555046,0.0,0.0
2013-08-15 00:00:00-04:00,18.86946287817174,18.97030194243823,18.812740830818555,18.91988182067871,5221765,0.0,0.0
2013-08-16 00:00:00-04:00,18.932489493529147,18.95139645220154,18.806440350790197,18.844255447387695,6628225,0.0,0.0
2013-08-19 00:00:00-04:00,18.737117350061734,18.812746375739575,18.579556192002048,18.585859298706055,5639573,0.0,0.0
2013-08-20 00:00:00-04:00,18.774926550176776,18.819043568995,18.64887859884048,18.793834686279297,4991132,0.0,0.0
2013-08-21 00:00:00-04:00,18.894672528290922,18.951394577951127,18.667785508902682,18.76232147216797,6106431,0.0,0.0
2013-08-22 00:00:00-04:00,18.66778696315824,18.711903985302687,18.560645960593913,18.648880004882812,4660731,0.0,0.0
2013-08-23 00:00:00-04:00,18.78123268275796,18.894675621396676,18.73711565682824,18.875768661499023,5492423,0.0,0.0
2013-08-26 00:00:00-04:00,18.825348491321275,18.88837247307312,18.77492836251763,18.806440353393555,3700921,0.0,0.0
2013-08-27 00:00:00-04:00,18.61106569593363,18.699299743952963,18.485017729764717,18.49131965637207,5494777,0.0,0.0
2013-08-28 00:00:00-04:00,18.308549584207,18.566948621706022,18.289642625183347,18.535436630249023,7239780,0.0,0.0
2013-08-29 00:00:00-04:00,20.098435763917823,20.167764023365176,19.027023469694107,20.04171371459961,64448365,0.0,0.0
2013-08-30 00:00:00-04:00,20.186669493284974,20.40095147716439,19.984991360837526,20.388347625732422,35945312,0.0,0.0
2013-09-03 00:00:00-04:00,19.93457825703788,20.192976139844237,19.60054899319015,20.174070358276367,42832520,0.0,0.0
2013-09-04 00:00:00-04:00,20.1614624804333,20.44507276558729,20.14255670042669,20.426164627075195,31472246,0.0,0.0
2013-09-05 00:00:00-04:00,20.75389173598777,20.7664979484254,20.48918957686485,20.64044761657715,23010336,0.0,0.0
2013-09-06 00:00:00-04:00,20.671961407043206,20.798011749849724,20.571123491303798,20.728683471679688,17786021,0.0,0.0
2013-09-09 00:00:00-04:00,20.798010826440002,21.018594789172553,20.72868255134807,21.012292861938477,17013679,0.0,0.0
2013-09-10 00:00:00-04:00,20.722377680592608,20.810611724853516,20.520699528209768,20.810611724853516,19805605,0.0,0.0
2013-09-11 00:00:00-04:00,20.867335043014588,20.942962880673676,20.829521124185042,20.911453247070312,14255696,0.0,0.0
2013-09-12 00:00:00-04:00,20.823217808036695,21.207666016460923,20.81691588102274,21.050106048583984,13158447,0.0,0.0
2013-09-13 00:00:00-04:00,21.169849395751953,21.2328733748643,21.106825416639605,21.169849395751953,10352199,0.0,0.0
2013-09-16 00:00:00-04:00,21.40304262141245,21.478672822361716,21.28959849924138,21.35892677307129,9159989,0.0,0.0
2013-09-17 00:00:00-04:00,21.176156159101673,21.346319979220283,21.15724801975267,21.302204132080078,7722138,0.0,0.0
2013-09-18 00:00:00-04:00,21.25808485559701,21.585810983935616,21.169850807255635,21.535390853881836,8575412,0.0,0.0
2013-09-19 00:00:00-04:00,21.21397019564309,21.239177903572546,21.10682800292046,21.13833999633789,12517364,0.0,0.0
2013-09-20 00:00:00-04:00,21.043799587035874,21.270687778693123,21.031195735723855,21.163545608520508,14178785,0.0,0.0
2013-09-23 00:00:00-04:00,21.226567590162375,21.264381499055037,21.0942177297856,21.25177764892578,10150113,0.0,0.0
2013-09-24 00:00:00-04:00,21.295900540100263,21.71186075127869,21.283296685794234,21.699256896972656,17183588,0.0,0.0
2013-09-25 00:00:00-04:00,21.97656005209933,22.014376327096812,21.7937900374645,21.913536071777344,19060928,0.0,0.0
2013-09-26 00:00:00-04:00,22.026981889420092,22.115215940420377,21.970259831026656,22.09000587463379,12336075,0.0,0.0
2013-09-27 00:00:00-04:00,21.90092891876366,22.102604682000422,21.90092891876366,22.058488845825195,8805064,0.0,0.0
2013-09-30 00:00:00-04:00,22.026978043721833,22.178236053527623,21.945045933846366,22.171934127807617,12532962,0.0,0.0
2013-10-01 00:00:00-04:00,22.171937204416384,22.285381317138672,22.127819001244177,22.285381317138672,9485191,0.0,0.0
2013-10-02 00:00:00-04:00,22.228660168739715,22.66352614059728,22.197148175974757,22.58159637451172,13482962,0.0,0.0
2013-10-03 00:00:00-04:00,22.7328551275099,22.739157054560277,22.342104989813457,22.39882469177246,19694164,0.0,0.0
2013-10-04 00:00:00-04:00,22.487063857320123,22.575295563837777,22.291687585301528,22.34840965270996,8405993,0.0,0.0
2013-10-07 00:00:00-04:00,22.10260650261344,22.29168078916652,22.09000265081233,22.146724700927734,9596436,0.0,0.0
2013-10-08 00:00:00-04:00,22.134122361409656,22.24756411088601,21.88202408161635,21.913536071777344,12701399,0.0,0.0
2013-10-09 00:00:00-04:00,21.592110859565814,21.84420912738282,21.491272967542162,21.705554962158203,17505356,0.0,0.0
2013-10-10 00:00:00-04:00,21.705556619308958,21.995468823955555,21.68665083977033,21.963956832885742,11736292,0.0,0.0
2013-10-11 00:00:00-04:00,22.102608166129016,22.33580066854723,22.008072194989985,22.329496383666992,18896316,0.0,0.0
2013-10-14 00:00:00-04:00,22.379920864037416,22.430341001852565,22.24756859189911,22.39252471923828,11988997,0.0,0.0
2013-10-15 00:00:00-04:00,22.190844569398564,22.386218438051486,22.15302829413865,22.329496383666992,15561701,0.0,0.0
2013-10-16 00:00:00-04:00,22.436640059941404,22.77066812360844,22.40512806746359,22.75806427001953,16090656,0.0,0.0
2013-10-17 00:00:00-04:00,23.192926186108483,23.457628291781962,23.1109940765775,23.375696182250977,23866847,0.0,0.0
2013-10-18 00:00:00-04:00,23.363100383611407,23.363100383611407,23.079490044598025,23.174028396606445,10595781,0.0,0.0
2013-10-21 00:00:00-04:00,23.047974057489114,23.350492486243752,23.02276635038963,23.27486228942871,7234286,0.0,0.0
2013-10-22 00:00:00-04:00,23.21183708459385,23.42611909321495,23.21183708459385,23.243349075317383,7863009,0.0,0.0
2013-10-23 00:00:00-04:00,23.249649049351234,23.36939507574596,23.19292699911108,23.325279235839844,7856240,0.0,0.0
2013-10-24 00:00:00-04:00,23.300071622920505,23.344187467463964,23.24334956671787,23.31267547607422,6175886,0.0,0.0
2013-10-25 00:00:00-04:00,23.23074502964407,23.237049315180826,23.01646300104622,23.06058120727539,6437420,0.0,0.0
2013-10-28 00:00:00-04:00,22.959737096088137,23.016459146881317,22.909319329776043,22.991249084472656,12335683,0.0,0.0
2013-10-29 00:00:00-04:00,22.852604532640704,22.9597443837533,22.79588246384334,22.903024673461914,14095499,0.0,0.0
2013-10-30 00:00:00-04:00,22.909321422461755,23.03536938751387,22.78327345740964,22.890413284301758,15256904,0.0,0.0
2013-10-31 00:00:00-04:00,22.682433387282327,23.886198067360656,22.644619469153167,23.224441528320312,27197244,0.0,0.0
2013-11-01 00:00:00-04:00,23.312680125535948,23.375704120884894,23.16772399283101,23.26226234436035,14444833,0.0,0.0
2013-11-04 00:00:00-05:00,23.29376615388423,23.32527814048171,23.09838995017579,23.199230194091797,5294457,0.0,0.0
2013-11-05 00:00:00-05:00,23.085786098938836,23.249647957544706,23.01645784162031,23.199230194091797,5540590,0.0,0.0
2013-11-06 00:00:00-05:00,23.350498670325,23.476546673226743,23.331590526487275,23.419824600219727,6937338,0.0,0.0
2013-11-07 00:00:00-05:00,23.30637335487558,23.35049155755608,22.921925176326695,22.978647232055664,9266722,0.0,0.0
2013-11-08 00:00:00-05:00,22.953432094027693,23.205530325824352,22.940828243765072,23.029062271118164,10606964,0.0,0.0
2013-11-11 00:00:00-05:00,22.909318193597546,23.041668066547643,22.776965962142334,22.871501922607422,9606541,0.0,0.0
2013-11-12 00:00:00-05:00,22.97864965757063,23.26856189334144,22.8904156014015,23.1173038482666,10118721,0.0,0.0
2013-11-13 00:00:00-05:00,23.01016200918536,23.350494384765625,22.991253868817886,23.350494384765625,6018926,0.0,0.0
2013-11-14 00:00:00-05:00,23.400916456382006,23.4828486016706,23.337892454931133,23.419824600219727,6259467,0.0,0.0
2013-11-15 00:00:00-05:00,23.69712740108583,23.69712740108583,23.407215147700615,23.476543426513672,10155116,0.0,0.0
2013-11-18 00:00:00-05:00,23.57107153359149,23.867285615496822,23.52065141286142,23.583675384521484,10183467,0.0,0.0
2013-11-19 00:00:00-05:00,23.558472475884237,23.58998446812572,23.33788617168833,23.363096237182617,9345791,0.0,0.0
2013-11-20 00:00:00-05:00,23.473163477357208,23.52435736685562,23.191586308463332,23.242782592773438,9398176,0.57288,0.0
2013-11-21 00:00:00-05:00,23.626753334325716,23.7995390226198,23.562759167137987,23.754741668701172,10086152,0.0,0.0
2013-11-22 00:00:00-05:00,23.722738702977924,23.793131790467825,23.639545348337126,23.735536575317383,5303188,0.0,0.0
2013-11-25 00:00:00-05:00,23.754736090898152,23.786733166978845,23.581950443175526,23.645944595336914,5773283,0.0,0.0
2013-11-26 00:00:00-05:00,23.716341721291247,23.79313375127937,23.601151281497422,23.652347564697266,5498799,0.0,0.0
2013-11-27 00:00:00-05:00,23.869926984663753,23.876325921041435,23.735537346674842,23.786733627319336,6052770,0.0,0.0
2013-11-29 00:00:00-05:00,23.889123017448085,23.89552434842925,23.690741627317838,23.735536575317383,2382359,0.0,0.0
2013-12-02 00:00:00-05:00,23.7803322626693,23.837927473810275,23.633144766954732,23.658742904663086,6208945,0.0,0.0
2013-12-03 00:00:00-05:00,23.639543702679003,23.761133060685218,23.575549555813758,23.658742904663086,6877987,0.0,0.0
2013-12-04 00:00:00-05:00,23.415564105406165,23.58194840770203,23.409165169704643,23.54355239868164,6599776,0.0,0.0
2013-12-05 00:00:00-05:00,23.492363573272595,23.60755403167387,23.466765427537645,23.52436065673828,6017650,0.0,0.0
2013-12-06 00:00:00-05:00,24.023511965564172,24.1515002645524,23.965916752057197,24.138702392578125,7581168,0.0,0.0
2013-12-09 00:00:00-05:00,24.465073279758542,24.529069827212766,24.394680190813833,24.41387939453125,8871379,0.0,0.0
2013-12-10 00:00:00-05:00,24.337089156991876,24.36908623881219,24.221898704513983,24.311491012573242,10758627,0.0,0.0
2013-12-11 00:00:00-05:00,24.253892650087757,24.273089457915002,24.05550887219336,24.119503021240234,6225622,0.0,0.0
2013-12-12 00:00:00-05:00,23.991517636318182,24.055511793135555,23.86992825940285,23.965919494628906,9554155,0.0,0.0
2013-12-13 00:00:00-05:00,23.71633825199888,23.741933995042945,23.45396033249562,23.549951553344727,11717947,0.0,0.0
2013-12-16 00:00:00-05:00,23.799537054925,23.85073094755536,23.543558012525853,23.639549255371094,8780048,0.0,0.0
2013-12-17 00:00:00-05:00,23.709951241169538,23.818740388256234,23.658754939709624,23.690752029418945,8243343,0.0,0.0
2013-12-18 00:00:00-05:00,23.96592395000423,24.125909371789678,23.677950190790423,24.11311149597168,7436274,0.0,0.0
2013-12-19 00:00:00-05:00,24.14510468056768,24.541869899399895,24.093908395940396,24.535470962524414,9146452,0.0,0.0
2013-12-20 00:00:00-05:00,24.535474831127818,24.701859190183413,24.46507932996284,24.522674560546875,10599018,0.0,0.0
2013-12-23 00:00:00-05:00,24.644258666141916,24.714654152186313,24.55466876537917,24.6634578704834,5377548,0.0,0.0
2013-12-24 00:00:00-05:00,24.753048101442314,25.02182496574697,24.70185182400961,24.983428955078125,2785844,0.0,0.0
2013-12-26 00:00:00-05:00,24.938635638742635,25.092222101018397,24.810647319314796,24.989831924438477,5030078,0.0,0.0
2013-12-27 00:00:00-05:00,25.079420913256094,25.143415064514468,24.964230483066448,25.117816925048828,5792903,0.0,0.0
2013-12-30 00:00:00-05:00,24.964229583740234,25.07942000978019,24.874637296243748,24.964229583740234,7304526,0.0,0.0
2013-12-31 00:00:00-05:00,25.02822307104219,25.239404714928824,24.989827061647702,25.156213760375977,5292495,0.0,0.0
2014-01-02 00:00:00-05:00,24.95783095635171,24.989828031223784,24.74025036825934,24.874637603759766,6891427,0.0,0.0
2014-01-03 00:00:00-05:00,24.810651206664172,24.887445647240135,24.567472403725155,24.580272674560547,7060944,0.0,0.0
2014-01-06 00:00:00-05:00,24.772249875869395,24.829845095257493,24.65066050045266,24.791446685791016,8212736,0.0,0.0
2014-01-07 00:00:00-05:00,24.93223390458286,24.98343018453498,24.823442408387475,24.83624267578125,7778938,0.0,0.0
2014-01-08 00:00:00-05:00,24.823442240691275,24.900236660100667,24.75304915234127,24.81704330444336,5627114,0.0,0.0
2014-01-09 00:00:00-05:00,25.034626159635852,25.053825364923572,24.746652449190172,24.855443954467773,7908135,0.0,0.0
2014-01-10 00:00:00-05:00,24.765849849453318,24.89384056306668,24.67625994214158,24.759450912475586,6555336,0.0,0.0
2014-01-13 00:00:00-05:00,24.439481899722086,24.561071290422834,24.279496489540026,24.330690383911133,8640648,0.0,0.0
2014-01-14 00:00:00-05:00,24.70825545137378,24.842642698611414,24.58666607727817,24.797847747802734,6851500,0.0,0.0
2014-01-15 00:00:00-05:00,24.82344784898624,24.951438576918495,24.740256869345288,24.913040161132812,8592285,0.0,0.0
2014-01-16 00:00:00-05:00,24.727451614192706,24.881038061937,24.721052677789096,24.849040985107422,4946791,0.0,0.0
2014-01-17 00:00:00-05:00,25.047431013521777,25.2330145843016,25.03463074271606,25.105026245117188,10396148,0.0,0.0
2014-01-21 00:00:00-05:00,25.130618496826745,25.156216637621295,24.919436828786186,25.0858211517334,6725147,0.0,0.0
2014-01-22 00:00:00-05:00,25.143414238878673,25.233006526660738,25.047423015143185,25.07942008972168,21351759,0.0,0.0
2014-01-23 00:00:00-05:00,24.932240885623205,25.01543426513672,24.765854126596178,25.01543426513672,8603272,0.0,0.0
2014-01-24 00:00:00-05:00,24.631460971692196,24.701854063435352,24.330687005427315,24.34348487854004,11090303,0.0,0.0
2014-01-27 00:00:00-05:00,23.79313027075365,23.857126812797677,23.29397496441377,23.549951553344727,32803463,0.0,0.0
2014-01-28 00:00:00-05:00,23.58195089955289,23.876325921041435,23.58195089955289,23.786733627319336,11704213,0.0,0.0
2014-01-29 00:00:00-05:00,23.3579710557231,24.25389398117141,23.3579710557231,23.876325607299805,20543513,0.0,0.0
2014-01-30 00:00:00-05:00,23.933921964067746,23.946719837264787,23.73553816583239,23.825130462646484,9602126,0.0,0.0
2014-01-31 00:00:00-05:00,23.428366811912326,23.92752461143772,23.428366811912326,23.71634292602539,8483099,0.0,0.0
2014-02-03 00:00:00-05:00,23.31957666932703,23.460362856849773,22.961207474157042,23.00600242614746,11590417,0.0,0.0
2014-02-04 00:00:00-05:00,22.89081240657944,22.95480895958963,22.77562435870917,22.820419311523438,10611379,0.0,0.0
2014-02-05 00:00:00-05:00,22.551642996607868,22.72442866512372,22.481249899721448,22.654035568237305,18731803,0.0,0.0
2014-02-06 00:00:00-05:00,23.19158104587472,23.549950165101635,23.082791959916573,23.46675682067871,16775885,0.0,0.0
2014-02-07 00:00:00-05:00,23.492361122200684,23.492361122200684,23.249182355308687,23.409170150756836,8446018,0.0,0.0
2014-02-10 00:00:00-05:00,23.357973911086415,23.421968071468243,23.178789304092575,23.197988510131836,9735150,0.0,0.0
2014-02-11 00:00:00-05:00,23.31957599844145,23.44116537224669,23.255581843260963,23.3963680267334,14644172,0.0,0.0
2014-02-12 00:00:00-05:00,23.287579685530797,23.485961094142112,23.274779417187435,23.44756507873535,8684303,0.0,0.0
2014-02-13 00:00:00-05:00,23.217184045925915,23.58195217695092,23.217184045925915,23.55635643005371,9702286,0.0,0.0
2014-02-14 00:00:00-05:00,23.281178202792233,23.62674952364433,23.22998431418617,23.55635643005371,30098453,0.0,0.0
2014-02-18 00:00:00-05:00,23.677943754978383,23.940319296428797,23.658744551657755,23.735536575317383,21003112,0.0,0.0
2014-02-19 00:00:00-05:00,23.767540238500967,23.985123287069623,23.72914421602913,23.889129638671875,11807610,0.0,0.0
2014-02-20 00:00:00-05:00,24.330687325497852,24.881038983193434,24.247493964735977,24.791446685791016,19675623,0.0,0.0
2014-02-21 00:00:00-05:00,25.0666195234193,25.322598511799292,24.682654633066306,24.95783042907715,36754637,0.0,0.0
2014-02-24 00:00:00-05:00,26.378219773408837,26.785016027746043,26.149396274169924,26.18753433227539,36159800,0.49,0.981
2014-02-25 00:00:00-05:00,26.16211324524238,26.4989909939112,25.812522808456222,26.14304542541504,16019800,0.0,0.0
2014-02-26 00:00:00-05:00,25.984140963491495,26.009563915520484,25.679043716867202,25.787097930908203,12471800,0.0,0.0
2014-02-27 00:00:00-05:00,26.02863307586142,26.263811739037543,26.015920388027943,26.22567367553711,9651800,0.0,0.0
2014-02-28 00:00:00-05:00,26.530774687845067,26.632473771004666,26.301951144561613,26.422718048095703,13822300,0.0,0.0
2014-03-03 00:00:00-05:00,25.91421992177973,25.99049361999717,25.621835391365238,25.98413848876953,11917300,0.0,0.0
2014-03-04 00:00:00-05:00,26.232027353069476,26.3845747351206,26.16846392330074,26.378219604492188,6925600,0.0,0.0
2014-03-05 00:00:00-05:00,26.20660728289717,26.251100480388033,26.022276936322214,26.092195510864258,9928300,0.0,0.0
2014-03-06 00:00:00-05:00,26.193892260451033,26.3337293970754,26.0604126798717,26.117618560791016,6486000,0.0,0.0
2014-03-07 00:00:00-05:00,25.96506766218965,25.97142521797157,25.17054291824631,25.380298614501953,13279100,0.0,0.0
2014-03-10 00:00:00-04:00,24.420511217808773,24.503142469592675,24.14719693827201,24.242538452148438,15901200,0.0,0.0
2014-03-11 00:00:00-04:00,24.077276968757776,24.089989654805805,23.79124759441952,23.867521286010742,11617000,0.0,0.0
2014-03-12 00:00:00-04:00,24.032784632711312,24.34423696550018,23.975578755813782,24.12812614440918,15109600,0.0,0.0
2014-03-13 00:00:00-04:00,24.223471614726375,24.229826746029854,23.537001048486086,23.645057678222656,10347300,0.0,0.0
2014-03-14 00:00:00-04:00,23.44801263029621,23.600562440030306,23.29546524525908,23.505218505859375,7720200,0.0,0.0
2014-03-17 00:00:00-04:00,23.740397522918588,23.943795656056487,23.66412382916613,23.81031608581543,8516000,0.0,0.0
2014-03-18 00:00:00-04:00,23.68954995742099,23.931086157485993,23.67683727060735,23.912015914916992,7271500,0.0,0.0
2014-03-19 00:00:00-04:00,24.153548572760624,24.172616387836165,23.78488798332195,23.861164093017578,9917800,0.0,0.0
2014-03-20 00:00:00-04:00,23.63869687083517,23.88659060212349,23.632341740405806,23.75946617126465,5597600,0.0,0.0
2014-03-21 00:00:00-04:00,23.867522749592474,23.918373496902802,23.62598654926259,23.714975357055664,7274100,0.0,0.0
2014-03-24 00:00:00-04:00,23.47343988564014,23.549713584277054,23.181055353617673,23.327247619628906,8235200,0.0,0.0
2014-03-25 00:00:00-04:00,23.339954072812077,23.44800824829529,23.295460891766457,23.39080238342285,7383100,0.0,0.0
2014-03-26 00:00:00-04:00,23.435305067962343,23.543361711961246,23.041221408307962,23.05393409729004,12848100,0.0,0.0
2014-03-27 00:00:00-04:00,23.136561399605284,23.181054591071298,22.875957381862733,22.914093017578125,11540100,0.0,0.0
2014-03-28 00:00:00-04:00,23.130204528790202,23.231903601537923,23.0539308304037,23.16834259033203,5620300,0.0,0.0
2014-03-31 00:00:00-04:00,23.397165298461914,23.454371176441413,23.155629099804354,23.397165298461914,6890600,0.0,0.0
2014-04-01 00:00:00-04:00,23.30182028737118,23.352671031988095,23.206476353562937,23.3463134765625,4865000,0.0,0.0
2014-04-02 00:00:00-04:00,23.441655339120317,23.498861209411288,23.289105543445473,23.339956283569336,6153600,0.0,0.0
2014-04-03 00:00:00-04:00,23.161986765427248,23.22555020608077,23.003081800839443,23.047574996948242,6843200,0.0,0.0
2014-04-04 00:00:00-04:00,22.86960225897304,23.301823957505718,22.736122670375476,22.850534439086914,16284200,0.0,0.0
2014-04-07 00:00:00-04:00,23.123848556751724,23.16198419220976,22.856886985060118,22.907737731933594,8771600,0.0,0.0
2014-04-08 00:00:00-04:00,22.850530364933245,22.93951674146572,22.71705080013453,22.88231086730957,6624600,0.0,0.0
2014-04-09 00:00:00-04:00,23.390811556009933,23.58149703879557,23.276399781399057,23.57514190673828,6959600,0.0,0.0
2014-04-10 00:00:00-04:00,23.25733173264531,23.352675685452642,22.920453968868294,22.93952178955078,8327300,0.0,0.0
2014-04-11 00:00:00-04:00,22.723404341297716,22.818748266454584,22.494580860678624,22.500938415527344,6867900,0.0,0.0
2014-04-14 00:00:00-04:00,22.583570325725002,22.634421072696124,22.44373562094856,22.57721519470215,4592700,0.0,0.0
2014-04-15 00:00:00-04:00,22.500944711127513,22.589931106333406,22.253050921300133,22.481874465942383,6931900,0.0,0.0
2014-04-16 00:00:00-04:00,22.583571136326988,22.68527020922249,22.50094230657869,22.659847259521484,7428200,0.0,0.0
2014-04-17 00:00:00-04:00,22.825104838450045,23.02214783136281,22.755186278877876,22.87595558166504,11851700,0.0,0.0
2014-04-21 00:00:00-04:00,22.93951750666073,23.009436069039072,22.888666761404853,22.984010696411133,3936100,0.0,0.0
2014-04-22 00:00:00-04:00,23.155631127035676,23.263685336736298,23.072999868342844,23.225549697875977,5174000,0.0,0.0
2014-04-23 00:00:00-04:00,23.015791267810172,23.022148823334426,22.806038004752768,22.83146095275879,6743400,0.0,0.0
2014-04-24 00:00:00-04:00,22.920449929397467,23.14927101135254,22.90773724295046,23.14927101135254,8551600,0.0,0.0
2014-04-25 00:00:00-04:00,23.34631410013075,23.365381917522907,23.130203279130562,23.308176040649414,5707700,0.0,0.0
2014-04-28 00:00:00-04:00,23.314535684734608,23.53064652509376,23.200123920738747,23.42894744873047,6228000,0.0,0.0
2014-04-29 00:00:00-04:00,23.63870197997583,23.88659576484257,23.632346848172908,23.842100143432617,4199200,0.0,0.0
2014-04-30 00:00:00-04:00,24.001001704114998,24.12812614440918,23.90566019241713,24.12812614440918,5194600,0.0,0.0
2014-05-01 00:00:00-04:00,23.505223650890045,23.734047203229622,23.42894994167602,23.702266693115234,8346500,0.0,0.0
2014-05-02 00:00:00-04:00,23.8548144331079,24.020076967446453,23.765828033709077,23.829391479492188,4505400,0.0,0.0
2014-05-05 00:00:00-04:00,23.85480787555133,24.007357678798154,23.69590294182195,23.94379425048828,2365600,0.0,0.0
2014-05-06 00:00:00-04:00,24.19804470780583,24.248895453802312,24.032784632711312,24.12812614440918,3674200,0.0,0.0
2014-05-07 00:00:00-04:00,24.33152638484032,24.496788898934962,24.204404358241035,24.248897552490234,8166600,0.0,0.0
2014-05-08 00:00:00-04:00,24.363307031399614,24.471361228815145,24.255250409287076,24.318811416625977,8035500,0.0,0.0
2014-05-09 00:00:00-04:00,24.280677457178076,24.280677457178076,24.013715873604124,24.153553009033203,6488400,0.0,0.0
2014-05-12 00:00:00-04:00,24.12812501553795,24.178975759155303,23.95015226227104,24.03278350830078,4218300,0.0,0.0
2014-05-13 00:00:00-04:00,23.448013702444438,23.67683721515993,23.359027319654427,23.55607032775879,9867600,0.0,0.0
2014-05-14 00:00:00-04:00,23.47343923002944,23.708617875331417,23.46072654316216,23.56242561340332,4336300,0.0,0.0
2014-05-15 00:00:00-04:00,23.053932343926988,23.161986555010348,22.920452756813198,23.060287475585938,12033300,0.0,0.0
2014-05-16 00:00:00-04:00,23.181055640757187,23.206478590819625,23.060286322997534,23.161985397338867,5278600,0.0,0.0
2014-05-19 00:00:00-04:00,22.958582134314277,23.231898790352265,22.920446505367263,23.0793514251709,6641100,0.0,0.0
2014-05-20 00:00:00-04:00,22.113211317696624,22.221265509550108,21.674632145664095,21.744550704956055,15250500,0.0,0.0
2014-05-21 00:00:00-04:00,21.82082696547829,21.941593843892637,21.789044038535184,21.884387969970703,9564400,0.0,0.0
2014-05-22 00:00:00-04:00,21.839894781886635,21.92252602748429,21.782688907964705,21.884387969970703,4495500,0.0,0.0
2014-05-23 00:00:00-04:00,21.96702204181572,22.087788935767772,21.9415966668688,21.99244499206543,4459000,0.0,0.0
2014-05-27 00:00:00-04:00,22.22762402415888,22.233979154961137,22.075074213237833,22.164060592651367,5733000,0.0,0.0
2014-05-28 00:00:00-04:00,22.16406182101661,22.316611640392193,22.132281315850022,22.221267700195312,6187200,0.0,0.0
2014-05-29 00:00:00-04:00,22.30389811872338,22.32296593617035,22.22126686862481,22.272117614746094,4799700,0.0,0.0
2014-05-30 00:00:00-04:00,22.30390060224735,22.316613290193217,22.208556655001974,22.253049850463867,4320500,0.0,0.0
2014-06-02 00:00:00-04:00,22.310252639159458,22.354745828449587,22.144992568181394,22.176773071289062,4777100,0.0,0.0
2014-06-03 00:00:00-04:00,22.049648129864977,22.087786187540107,21.98608712510334,22.043292999267578,5690900,0.0,0.0
2014-06-04 00:00:00-04:00,21.73820093110968,21.846255149589656,21.706420421244836,21.750913619995117,5541400,0.0,0.0
2014-06-05 00:00:00-04:00,21.820825269282413,21.93523458353601,21.706413530332103,21.871673583984375,5695500,0.0,0.0
2014-06-06 00:00:00-04:00,22.05600557142058,22.23397832359293,22.036935330332906,22.21491050720215,5662200,0.0,0.0
2014-06-09 00:00:00-04:00,22.240336710460383,22.278472344667904,22.08143176873708,22.164060592651367,5306600,0.0,0.0
2014-06-10 00:00:00-04:00,22.17041371681409,22.22761958138827,22.125920536000447,22.202194213867188,6857800,0.0,0.0
2014-06-11 00:00:00-04:00,22.081542987099034,22.15406907996111,21.85076991457647,21.97604751586914,5259800,1.257,0.0
2014-06-12 00:00:00-04:00,22.009016894706498,22.009016894706498,21.606814578666643,21.70571517944336,4893100,0.0,0.0
2014-06-13 00:00:00-04:00,21.639778618280587,21.817802694672082,21.60681175566225,21.679340362548828,4559600,0.0,0.0
2014-06-16 00:00:00-04:00,21.765051949482814,21.890329538637914,21.639776875537905,21.69252586364746,4317500,0.0,0.0
2014-06-17 00:00:00-04:00,21.67933622908738,21.91010673862659,21.65296173793721,21.86395263671875,3897300,0.0,0.0
2014-06-18 00:00:00-04:00,22.06175803170425,22.29253107467294,22.022198807065703,22.272748947143555,8075400,0.0,0.0
2014-06-19 00:00:00-04:00,22.088130858595324,22.107910469422414,21.587028101032992,21.712303161621094,11465100,0.0,0.0
2014-06-20 00:00:00-04:00,21.461751775808732,21.626588582865956,21.362851200700437,21.448564529418945,11180100,0.0,0.0
2014-06-23 00:00:00-04:00,21.468341496938816,21.55405480505711,21.41559252405728,21.441967010498047,5745700,0.0,0.0
2014-06-24 00:00:00-04:00,21.3430693301259,21.428785175085068,21.013396969652717,21.099111557006836,11731100,0.0,0.0
2014-06-25 00:00:00-04:00,21.230979923009965,21.356254983055948,21.191418186317065,21.336475372314453,8234100,0.0,0.0
2014-06-26 00:00:00-04:00,21.705705911058086,21.896917178873775,21.652959449542173,21.883729934692383,7594400,0.0,0.0
2014-06-27 00:00:00-04:00,21.982637482769867,22.05516608292508,21.896921635749145,22.04197883605957,5142500,0.0,0.0
2014-06-30 00:00:00-04:00,22.094724983986524,22.10791223065846,21.896921314327752,22.01560401916504,5428400,0.0,0.0
2014-07-01 00:00:00-04:00,22.114506944489825,22.147473803315485,22.015603852802748,22.107912063598633,4186800,0.0,0.0
2014-07-02 00:00:00-04:00,22.226593502420087,22.246375628757583,21.92329439415139,22.055164337158203,6633500,0.0,0.0
2014-07-03 00:00:00-04:00,22.206815390529066,22.28593635559082,22.12769442546731,22.28593635559082,3004800,0.0,0.0
2014-07-07 00:00:00-04:00,22.2068159742543,22.22659558723713,22.022199545854033,22.0683536529541,4290800,0.0,0.0
2014-07-08 00:00:00-04:00,21.751864562313845,21.79142378335664,21.356254745416685,21.474937438964844,7069300,0.0,0.0
2014-07-09 00:00:00-04:00,21.362847579678593,21.61339767298586,21.316693482742537,21.567243576049805,4413200,0.0,0.0
2014-07-10 00:00:00-04:00,21.25735756135695,21.42219438250044,21.23757543247674,21.389225006103516,4045400,0.0,0.0
2014-07-11 00:00:00-04:00,21.29032143562481,21.455158233642578,21.263946944291586,21.455158233642578,4271400,0.0,0.0
2014-07-14 00:00:00-04:00,21.685928507651415,21.758457100419733,21.560653448003354,21.699115753173828,5938100,0.0,0.0
2014-07-15 00:00:00-04:00,21.92329580767162,22.01560401916504,21.870546820983883,22.01560401916504,13330400,0.0,0.0
2014-07-16 00:00:00-04:00,22.200222351019164,22.200222351019164,22.08154215118738,22.12110137939453,5145900,0.0,0.0
2014-07-17 00:00:00-04:00,22.00241359451479,22.088129427896703,21.798017588647603,21.857358932495117,9555200,0.0,0.0
2014-07-18 00:00:00-04:00,21.870546820983883,22.068353005852778,21.857362089522073,22.01560401916504,5696400,0.0,0.0
2014-07-21 00:00:00-04:00,21.91010665504301,21.923293900567785,21.791423960529908,21.804611206054688,3742900,0.0,0.0
2014-07-22 00:00:00-04:00,21.9430716933864,22.094721231543158,21.916699719731522,21.969446182250977,6057900,0.0,0.0
2014-07-23 00:00:00-04:00,22.19363030667383,22.239784417058598,22.08154247151379,22.147476196289062,4163200,0.0,0.0
2014-07-24 00:00:00-04:00,22.127694028945584,22.154066006686836,22.0353833036159,22.094724655151367,3107400,0.0,0.0
2014-07-25 00:00:00-04:00,22.668359278879787,22.721105751248853,22.47055560587801,22.52330207824707,7232600,0.0,0.0
2014-07-28 00:00:00-04:00,22.65517202490931,22.734292991043276,22.496927577431208,22.62879753112793,3780600,0.0,0.0
2014-07-29 00:00:00-04:00,22.859567894071112,22.87275514086395,22.60901775063761,22.721105575561523,6310500,0.0,0.0
2014-07-30 00:00:00-04:00,22.61560797284924,22.65516970947797,22.43758393083482,22.648574829101562,4895800,0.0,0.0
2014-07-31 00:00:00-04:00,22.061756782071754,22.134285376747712,21.83098626738459,21.903514862060547,6510700,0.0,0.0
2014-08-01 00:00:00-04:00,21.75845925935901,21.903516459288653,21.60021481259848,21.66615104675293,3622300,0.0,0.0
2014-08-04 00:00:00-04:00,21.896921565144055,21.936483305613013,21.73208475267195,21.87714195251465,3106700,0.0,0.0
2014-08-05 00:00:00-04:00,21.771648583964332,21.824395061111595,21.593624507572834,21.679340362548828,4490900,0.0,0.0
2014-08-06 00:00:00-04:00,21.949667989787784,22.00241445571137,21.857359788014115,21.929885864257812,3398800,0.0,0.0
2014-08-07 00:00:00-04:00,21.85735849243876,21.877138101586453,21.48153082737432,21.560651779174805,5289800,0.0,0.0
2014-08-08 00:00:00-04:00,21.34966436958779,21.356256735305877,21.11889132609281,21.21779441833496,6352900,0.0,0.0
2014-08-11 00:00:00-04:00,21.36285193495339,21.44197290080147,21.30351058176479,21.34966468811035,4198500,0.0,0.0
2014-08-12 00:00:00-04:00,21.310101369482954,21.527687153464772,21.303509004154705,21.48153305053711,3200100,0.0,0.0
2014-08-13 00:00:00-04:00,21.74527001806955,21.751864898485195,21.593620466238715,21.712303161621094,3453100,0.0,0.0
2014-08-14 00:00:00-04:00,21.745270423404175,21.745270423404175,21.53427951994925,21.58702850341797,2463200,0.0,0.0
2014-08-15 00:00:00-04:00,21.811209814842044,21.877143538526777,21.62659086114619,21.85076904296875,6391400,0.0,0.0
2014-08-18 00:00:00-04:00,22.028791589194064,22.08813294248377,21.98922984859754,22.04197883605957,2953900,0.0,0.0
2014-08-19 00:00:00-04:00,22.1145076751709,22.16725414799272,21.995824967309073,22.1145076751709,3719500,0.0,0.0
2014-08-20 00:00:00-04:00,22.015606335675486,22.06176044627859,21.890331251925687,21.995826721191406,2532600,0.0,0.0
2014-08-21 00:00:00-04:00,21.969448255049237,22.14747229886698,21.956261009372746,22.088130950927734,2581200,0.0,0.0
2014-08-22 00:00:00-04:00,22.398027089574818,22.53648940967441,22.371652595686275,22.477148056030273,5327400,0.0,0.0
2014-08-25 00:00:00-04:00,22.53648907949507,22.582643185518737,22.437585986467138,22.5562686920166,2727600,0.0,0.0
2014-08-26 00:00:00-04:00,22.529896850910646,22.562866229274793,22.417809013145924,22.45737075805664,2673200,0.0,0.0
2014-08-27 00:00:00-04:00,22.622203745094644,22.780445667428356,22.589234372332616,22.773853302001953,2728300,0.0,0.0
2014-08-28 00:00:00-04:00,22.602421214173038,22.694729419751862,22.595828848864535,22.68813705444336,2265200,0.0,0.0
2014-08-29 00:00:00-04:00,22.543079945777322,22.66176264343242,22.47714623161781,22.641983032226562,2466200,0.0,0.0
2014-09-02 00:00:00-04:00,22.45077347091888,22.80682159133698,22.391432117515862,22.62879753112793,7234200,0.0,0.0
2014-09-03 00:00:00-04:00,22.945282470398475,22.95187735103488,22.66176296807307,22.773853302001953,4867200,0.0,0.0
2014-09-04 00:00:00-04:00,22.714510888798657,22.73429049936176,22.5035199920926,22.529891967773438,3178000,0.0,0.0
2014-09-05 00:00:00-04:00,22.140878677368164,22.27274609623111,22.140878677368164,22.140878677368164,6623200,0.0,0.0
2014-09-08 00:00:00-04:00,21.817802020603658,21.95626434844907,21.79142752523968,21.837581634521484,5315000,0.0,0.0
2014-09-09 00:00:00-04:00,21.962855235071146,21.969447600107895,21.81779805216403,21.929885864257812,4096800,0.0,0.0
2014-09-10 00:00:00-04:00,21.857364389382095,22.002419087615973,21.758461286540935,21.995826721191406,2685200,0.0,0.0
2014-09-11 00:00:00-04:00,21.652965356704218,21.877143538526777,21.633185742640865,21.85076904296875,5108900,0.0,0.0
2014-09-12 00:00:00-04:00,21.798020423837457,21.850766894557037,21.699117332824375,21.77823829650879,2968200,0.0,0.0
2014-09-15 00:00:00-04:00,21.67933437574041,21.71889359387387,21.494715468682035,21.501310348510742,3313500,0.0,0.0
2014-09-16 00:00:00-04:00,21.428786798475976,21.692526719002874,21.3628530759494,21.659557342529297,3994000,0.0,0.0
2014-09-17 00:00:00-04:00,21.712300746540066,21.7254879906946,21.468343017705244,21.567243576049805,3192000,0.0,0.0
2014-09-18 00:00:00-04:00,21.98263525172976,22.009009742784002,21.850765311668454,21.910106658935547,3574700,0.0,0.0
2014-09-19 00:00:00-04:00,22.13428915916335,22.147476407286117,21.83758236442717,21.84417724609375,7152000,0.0,0.0
2014-09-22 00:00:00-04:00,21.83757989894686,21.850767145580775,21.5145011596514,21.6397762298584,4563400,0.0,0.0
2014-09-23 00:00:00-04:00,21.435374126272144,21.844171158522357,21.362848054624234,21.501310348510742,7895100,0.0,0.0
2014-09-24 00:00:00-04:00,21.97604645093566,22.074947035615207,21.830989241819942,22.048572540283203,4863800,0.0,0.0
2014-09-25 00:00:00-04:00,22.29912580773733,22.305720689350633,21.85076943602704,21.936485290527344,5172900,0.0,0.0
2014-09-26 00:00:00-04:00,22.041980013225974,22.094726488294807,21.89692280516867,22.035385131835938,3765200,0.0,0.0
2014-09-29 00:00:00-04:00,22.04856970046449,22.220001382832095,22.00241559718321,22.12769317626953,4200000,0.0,0.0
2014-09-30 00:00:00-04:00,21.943075272422316,21.969449765588713,21.619996534369303,21.685930252075195,4634500,0.0,0.0
2014-10-01 00:00:00-04:00,21.91010722392896,21.91010722392896,21.56065401168361,21.58702850341797,4743500,0.0,0.0
2014-10-02 00:00:00-04:00,21.613402328493983,21.6397768224841,21.178233238497803,21.31669807434082,6422100,0.0,0.0
2014-10-03 00:00:00-04:00,21.409007048603574,21.488128018174336,21.349665692622935,21.435379028320312,5187400,0.0,0.0
2014-10-06 00:00:00-04:00,21.6529653707851,21.771648085663067,21.58043676555853,21.74527359008789,4864800,0.0,0.0
2014-10-07 00:00:00-04:00,21.811207837010535,21.943075272422316,21.666150639805448,21.685930252075195,4786800,0.0,0.0
2014-10-08 00:00:00-04:00,21.751864340957084,21.949667989787784,21.50131171099294,21.929885864257812,5370100,0.0,0.0
2014-10-09 00:00:00-04:00,21.27053870338441,21.369441785460655,20.644159643329488,20.670534133911133,9103900,0.0,0.0
2014-10-10 00:00:00-04:00,20.716689993630908,20.782624968077844,20.32767502775953,20.340862274169922,8417700,0.0,0.0
2014-10-13 00:00:00-04:00,20.41339553239199,20.58482601261249,20.27493317775547,20.301307678222656,7172700,0.0,0.0
2014-10-14 00:00:00-04:00,20.47273105062947,20.49910554355998,20.215586032582184,20.241960525512695,13211400,0.0,0.0
2014-10-15 00:00:00-04:00,19.9452531292159,19.958440375258764,19.23975181478771,19.661733627319336,16584300,0.0,0.0
2014-10-16 00:00:00-04:00,18.95623239181968,19.714481435971464,18.877110172838055,19.56283187866211,17837600,0.0,0.0
2014-10-17 00:00:00-04:00,19.97822014716114,20.13646458573635,19.91887879709669,20.09690284729004,7226700,0.0,0.0
2014-10-20 00:00:00-04:00,19.98481424986037,20.274927384070796,19.978220626627742,20.241960525512695,4992400,0.0,0.0
2014-10-21 00:00:00-04:00,20.380422908078785,20.6243819380738,20.34086242615704,20.617788314819336,4715700,0.0,0.0
2014-10-22 00:00:00-04:00,20.459544811211032,20.558446643279165,20.419983072299758,20.433170318603516,3946000,0.0,0.0
2014-10-23 00:00:00-04:00,20.723285675048828,20.861748003294778,20.591415713057785,20.723285675048828,5576800,0.0,0.0
2014-10-24 00:00:00-04:00,21.257355506394905,21.31669685687841,21.132077924701935,21.270540237426758,5544100,0.0,0.0
2014-10-27 00:00:00-04:00,20.947461754721292,21.09911131547607,20.894714026736803,21.026582717895508,3531600,0.0,0.0
2014-10-28 00:00:00-04:00,21.580433220617348,21.718895526826817,21.42219130358079,21.712303161621094,5364800,0.0,0.0
2014-10-29 00:00:00-04:00,21.765056545993676,21.87714691179349,21.593627328854268,21.70571517944336,3623400,0.0,0.0
2014-10-30 00:00:00-04:00,21.560652041046374,21.830984268590335,21.55405716111057,21.738676071166992,3108000,0.0,0.0
2014-10-31 00:00:00-04:00,21.791424529776805,21.903514862060547,21.7123035697712,21.903514862060547,3963600,0.0,0.0
2014-11-03 00:00:00-05:00,21.69252537275183,21.758459091186523,21.61340189237804,21.758459091186523,3312600,0.0,0.0
2014-11-04 00:00:00-05:00,21.659555763500197,21.69911750325818,21.39581837741062,21.580434799194336,5183800,0.0,0.0
2014-11-05 00:00:00-05:00,21.890327616191286,21.976043456736505,21.76505003803828,21.903514862060547,7228600,0.0,0.0
2014-11-06 00:00:00-05:00,21.87054741049174,21.923296398601295,21.619997262601917,21.69252586364746,2948200,0.0,0.0
2014-11-07 00:00:00-05:00,21.699115757066366,21.81120608642203,21.540871325978934,21.804611206054688,3327000,0.0,0.0
2014-11-10 00:00:00-05:00,21.633184180766364,21.804613359096013,21.554060699804847,21.77164649963379,4113600,0.0,0.0
2014-11-11 00:00:00-05:00,23.017810576619866,23.11671366238257,22.721103834541704,22.945281982421875,31136800,0.0,0.0
2014-11-12 00:00:00-05:00,22.978249325920952,23.340892304591186,22.899128364761086,23.30133056640625,9333100,0.0,0.0
2014-11-13 00:00:00-05:00,23.241990551744454,23.420014610987288,23.195836445482623,23.307924270629883,4665600,0.0,0.0
2014-11-14 00:00:00-05:00,23.162868174823632,23.38045144605723,23.123306436776616,23.347484588623047,10403700,0.0,0.0
2014-11-17 00:00:00-05:00,23.47275957243459,23.723312215452854,23.37385900047132,23.710124969482422,5524100,0.0,0.0
2014-11-18 00:00:00-05:00,23.505732688106008,23.565074046817706,23.35408059290137,23.439796447753906,3919600,0.0,0.0
2014-11-19 00:00:00-05:00,23.584849660824563,23.63759612894893,23.35407663155182,23.532100677490234,4817700,0.0,0.0
2014-11-20 00:00:00-05:00,23.63526999229814,23.903244606487387,23.61517279069231,23.71566390991211,4393600,0.564,0.0
2014-11-21 00:00:00-05:00,23.990338320219454,24.017133738927736,23.682166726917053,23.89654541015625,4135300,0.0,0.0
2014-11-24 00:00:00-05:00,23.6955637387303,23.72905992601992,23.548180003536917,23.675466537475586,4311900,0.0,0.0
2014-11-25 00:00:00-05:00,23.662071091921586,23.66877186373929,23.534784538937433,23.648672103881836,3625600,0.0,0.0
2014-11-26 00:00:00-05:00,23.943444267926566,23.95014248401947,23.769259982363792,23.883150100708008,4362400,0.0,0.0
2014-11-28 00:00:00-05:00,24.452593514096062,24.787560548535733,24.31860618920106,24.4860897064209,10193600,0.0,0.0
2014-12-01 00:00:00-05:00,23.88984857288598,23.9635417286759,23.74916303306648,23.876449584960938,6041300,0.0,0.0
2014-12-02 00:00:00-05:00,24.117627731826342,24.17122368680527,23.94344598933641,23.95684242248535,5370900,0.0,0.0
2014-12-03 00:00:00-05:00,24.00373860494531,24.010436821085595,23.702267766719938,23.77596092224121,8165600,0.0,0.0
2014-12-04 00:00:00-05:00,23.62187033218441,23.70226424750504,23.467785827879418,23.528079986572266,3965700,0.0,0.0
2014-12-05 00:00:00-05:00,24.12432774570739,24.13772673545037,23.93674700049762,23.976943969726562,6656400,0.0,0.0
2014-12-08 00:00:00-05:00,24.04393101872325,24.144422141661966,23.8831482887358,23.9836368560791,4986000,0.0,0.0
2014-12-09 00:00:00-05:00,23.548178816590653,23.61517118779314,23.400792533231,23.501283645629883,4915300,0.0,0.0
2014-12-10 00:00:00-05:00,23.554880360314836,23.554880360314836,23.179716384014288,23.206514358520508,5849700,0.0,0.0
2014-12-11 00:00:00-05:00,23.307005731340286,23.581678583941958,23.25340978176165,23.353900909423828,4871300,0.0,0.0
2014-12-12 00:00:00-05:00,22.884947778169735,23.059129512282063,22.469589369443664,22.482988357543945,8656600,0.0,0.0
2014-12-15 00:00:00-05:00,22.677264839256253,22.771057745797126,22.168116124582752,22.308801651000977,6124800,0.0,0.0
2014-12-16 00:00:00-05:00,22.543282980945403,23.179718317175265,22.462889050721984,22.7442626953125,7239500,0.0,0.0
2014-12-17 00:00:00-05:00,22.898344819741567,23.179715879141867,22.851449643174853,23.065828323364258,7062300,0.0,0.0
2014-12-18 00:00:00-05:00,23.394092941933167,23.675466537475586,23.327100567353927,23.675466537475586,6712500,0.0,0.0
2014-12-19 00:00:00-05:00,23.48789267632227,23.695570631284326,23.420897726660304,23.50798988342285,7506800,0.0,0.0
2014-12-22 00:00:00-05:00,23.64197119565943,23.64197119565943,23.414193536110947,23.481185913085938,4857200,0.0,0.0
2014-12-23 00:00:00-05:00,23.39409164327153,23.447687584435904,23.21990994567758,23.246707916259766,5253900,0.0,0.0
2014-12-24 00:00:00-05:00,23.27350903844472,23.340501418376885,23.206514102917073,23.213214874267578,1434000,0.0,0.0
2014-12-26 00:00:00-05:00,23.266809024023722,23.427594318925358,23.240011048940858,23.347200393676758,2521500,0.0,0.0
2014-12-29 00:00:00-05:00,23.13281793445689,23.360595574351247,23.11941894909897,23.226608276367188,3788900,0.0,0.0
2014-12-30 00:00:00-05:00,23.012232101469838,23.17971560309799,22.958638709858448,23.039030075073242,3887100,0.0,0.0
2014-12-31 00:00:00-05:00,23.10602475504475,23.132820172758134,22.82465114649337,22.891643524169922,4162100,0.0,0.0
2015-01-02 00:00:00-05:00,22.831352214718216,22.97203774302692,22.69066413081408,22.797853469848633,2555900,0.0,0.0
2015-01-05 00:00:00-05:00,22.221705885685182,22.295399022417605,21.906838695457985,21.99393081665039,5437600,0.0,0.0
2015-01-06 00:00:00-05:00,22.060927151940113,22.181515478177868,21.77955353885354,21.853246688842773,4899800,0.0,0.0
2015-01-07 00:00:00-05:00,22.007331455459948,22.087725377598996,21.73935938178285,22.000633239746094,4918800,0.0,0.0
2015-01-08 00:00:00-05:00,22.59017464744223,22.925141637798866,22.523179716013704,22.77105712890625,4965300,0.0,0.0
2015-01-09 00:00:00-05:00,22.871548396406737,22.93854333575504,22.710765653162067,22.784456253051758,5909500,0.0,0.0
2015-01-12 00:00:00-05:00,23.005533080570963,23.085924442971702,22.905041960873536,22.99213409423828,3992600,0.0,0.0
2015-01-13 00:00:00-05:00,23.260110215206673,23.37399777301279,22.86484903739312,23.10602569580078,3879200,0.0,0.0
2015-01-14 00:00:00-05:00,22.992135036049575,23.119421578030977,22.864848494068173,23.05242919921875,3726600,0.0,0.0
2015-01-15 00:00:00-05:00,23.005533080570963,23.173016576336448,22.878246543803513,22.99213409423828,4056900,0.0,0.0
2015-01-16 00:00:00-05:00,23.193112795332244,23.24670873839207,23.00553210581331,23.173015594482422,3619700,0.0,0.0
2015-01-20 00:00:00-05:00,23.34719997363523,23.51468348149659,23.226611643527413,23.461090087890625,4179900,0.0,0.0
2015-01-21 00:00:00-05:00,23.7022683070073,24.151122910911116,23.621874377917557,24.137723922729492,5049200,0.0,0.0
2015-01-22 00:00:00-05:00,23.88984889571628,24.164521762902307,23.85635270324885,24.124324798583984,4374900,0.0,0.0
2015-01-23 00:00:00-05:00,24.110925261143837,24.198014839224907,23.9769379529329,24.070728302001953,3023300,0.0,0.0
2015-01-26 00:00:00-05:00,24.00373901682036,24.224815931581958,23.916646871928496,24.124324798583984,2831500,0.0,0.0
2015-01-27 00:00:00-05:00,23.943443525985533,24.231512809774834,23.869750373269106,24.057331085205078,2544300,0.0,0.0
2015-01-28 00:00:00-05:00,24.164520087186713,24.17791907436365,23.789356113018876,23.80945587158203,3307800,0.0,0.0
2015-01-29 00:00:00-05:00,24.050631492797105,24.124322085700367,23.796055858600525,24.07742691040039,3744300,0.0,0.0
2015-01-30 00:00:00-05:00,23.729061329678164,23.77595906137213,23.507984436012965,23.53478240966797,4441400,0.0,0.0
2015-02-02 00:00:00-05:00,23.360596907501762,23.608474317376526,23.293604532484164,23.56827735900879,3619400,0.0,0.0
2015-02-03 00:00:00-05:00,23.715665851950913,24.104226263189073,23.69556609310382,24.057331085205078,3197200,0.0,0.0
2015-02-04 00:00:00-05:00,23.842954461478467,24.11762733726235,23.83625624501358,23.950143814086914,4392000,0.0,0.0
2015-02-05 00:00:00-05:00,23.668768477130484,23.682164907657768,23.474487011746035,23.56827735900879,4666800,0.0,0.0
2015-02-06 00:00:00-05:00,23.588381267421195,23.742465818249695,23.44769570652509,23.50798988342285,3409100,0.0,0.0
2015-02-09 00:00:00-05:00,23.26680511639884,23.373994443132457,23.179712989804298,23.246707916259766,3420000,0.0,0.0
2015-02-10 00:00:00-05:00,23.48118753591078,23.668770804476615,23.360599204545437,23.608476638793945,4818500,0.0,0.0
2015-02-11 00:00:00-05:00,23.44768768136964,23.507981837631252,23.34719656906857,23.467784881591797,2161200,0.0,0.0
2015-02-12 00:00:00-05:00,23.722365851383213,23.923345565795902,23.648672693126226,23.9233455657959,3253100,0.0,0.0
2015-02-13 00:00:00-05:00,23.869749965449316,24.050632458409527,23.849650206945636,24.017133712768555,2189400,0.0,0.0
2015-02-17 00:00:00-05:00,23.735765727694627,23.84295508309765,23.688870544430543,23.762563705444336,2263200,0.0,0.0
2015-02-18 00:00:00-05:00,23.44099330646679,23.51468390455133,23.17971688280219,23.347200393676758,3887000,0.0,0.0
2015-02-19 00:00:00-05:00,23.44768931382242,23.66206798310117,23.35389896546238,23.595075607299805,2558800,0.0,0.0
2015-02-20 00:00:00-05:00,23.75586025845403,24.084129059937514,23.668770673966918,24.057331085205078,5535100,0.0,0.0
2015-02-23 00:00:00-05:00,23.99703771913563,24.137723257773487,23.93004533566873,24.10422706604004,3230300,0.0,0.0
2015-02-24 00:00:00-05:00,23.36059654753883,23.45438689335637,23.186414841819857,23.320402145385742,6081000,0.0,0.0
2015-02-25 00:00:00-05:00,23.186416881574655,23.260110032798586,23.052429566221644,23.179716110229492,3518200,0.0,0.0
2015-02-26 00:00:00-05:00,23.112722946870026,23.206513297759166,23.052428784784812,23.166318893432617,2585900,0.0,0.0
2015-02-27 00:00:00-05:00,23.146220905005507,23.26680923839389,23.0993257259762,23.152921676635742,2266600,0.0,0.0
2015-03-02 00:00:00-05:00,23.18641609559589,23.193114311118517,23.059127000307438,23.166318893432617,2197100,0.0,0.0
2015-03-03 00:00:00-05:00,23.193115234375,23.253409398860367,23.11942208271561,23.193115234375,2567000,0.0,0.0
2015-03-04 00:00:00-05:00,23.20651408441919,23.246711045703737,23.025631592031946,23.179716110229492,2383100,0.0,0.0
2015-03-05 00:00:00-05:00,23.13282028910657,23.18641623599369,22.97203755963602,23.025630950927734,3033700,0.0,0.0
2015-03-06 00:00:00-05:00,22.496388717765367,22.52988491226127,22.007334566861054,22.08772850036621,5290400,0.0,0.0
2015-03-09 00:00:00-04:00,22.22171202753846,22.24851000386511,22.081026485217052,22.12122344970703,2553600,0.0,0.0
2015-03-10 00:00:00-04:00,22.08102411894353,22.08102411894353,21.72595991525009,21.73935890197754,3248800,0.0,0.0
2015-03-11 00:00:00-04:00,21.779553862746944,21.806351836886176,21.591973154963256,21.63886833190918,4611300,0.0,0.0
2015-03-12 00:00:00-04:00,21.85324770386531,21.87334746290214,21.55847764581257,21.70586395263672,3519200,0.0,0.0
2015-03-13 00:00:00-04:00,21.57187864915558,21.7192624141569,21.484786500112214,21.685766220092773,2838700,0.0,0.0
2015-03-16 00:00:00-04:00,21.906843295045615,22.11452120879223,21.85324734595261,22.040830612182617,3253200,0.0,0.0
2015-03-17 00:00:00-04:00,21.725962583134162,21.92024408114624,21.725962583134162,21.906845092773438,2543900,0.0,0.0
2015-03-18 00:00:00-04:00,22.127917922328624,22.529879832436347,22.03412757664873,22.4628849029541,5579700,0.0,0.0
2015-03-19 00:00:00-04:00,22.369095716178013,22.422691662540522,22.161417813011745,22.20831298828125,3743600,0.0,0.0
2015-03-20 00:00:00-04:00,22.657169039610988,22.938542665460492,22.549979695381545,22.750959396362305,5297400,0.0,0.0
2015-03-23 00:00:00-04:00,22.717462009490287,22.77775617216985,22.610272670903893,22.697364807128906,2523400,0.0,0.0
2015-03-24 00:00:00-04:00,22.71076823007661,22.784458838327726,22.44279355346847,22.476289749145508,3167600,0.0,0.0
2015-03-25 00:00:00-04:00,22.523183111632473,22.536582099938226,22.255211012304603,22.26861000061035,4283800,0.0,0.0
2015-03-26 00:00:00-04:00,22.395896282559782,22.436093246986033,22.188215799751,22.241811752319336,3658800,0.0,0.0
2015-03-27 00:00:00-04:00,22.536582988073295,22.57677995457465,22.342301483377124,22.41599464416504,3314100,0.0,0.0
2015-03-30 00:00:00-04:00,22.161420514492775,22.328904033898812,22.161420514492775,22.255210876464844,2715300,0.0,0.0
2015-03-31 00:00:00-04:00,21.853249003758798,22.054228716913038,21.826453582775084,21.89344596862793,3545100,0.0,0.0
2015-04-01 00:00:00-04:00,21.806348653810954,21.94703416411284,21.759453483710324,21.913537979125977,3681400,0.0,0.0
2015-04-02 00:00:00-04:00,21.92024063919447,22.121220322036933,21.886741895724626,22.034128189086914,2497200,0.0,0.0
2015-04-06 00:00:00-04:00,21.960438536489544,22.208315988510037,21.94703954808878,22.12792205810547,2192600,0.0,0.0
2015-04-07 00:00:00-04:00,22.415989760094977,22.476283918912017,22.221708297729492,22.221708297729492,2795200,0.0,0.0
2015-04-08 00:00:00-04:00,22.409295270701865,22.462888667674523,22.141320619051545,22.241811752319336,2737800,0.0,0.0
2015-04-09 00:00:00-04:00,22.29540528554105,22.375799214884847,22.20831569547881,22.255210876464844,1983000,0.0,0.0
2015-04-10 00:00:00-04:00,22.22170826800852,22.50978007579405,22.22170826800852,22.4628849029541,3094200,0.0,0.0
2015-04-13 00:00:00-04:00,22.33560029196355,22.523180999461758,22.33560029196355,22.34229850769043,2531500,0.0,0.0
2015-04-14 00:00:00-04:00,22.710761042815378,22.771055198191156,22.60357171721345,22.73755645751953,3649000,0.0,0.0
2015-04-15 00:00:00-04:00,22.610272259638542,22.69066362321722,22.49638470753503,22.657167434692383,3375000,0.0,0.0
2015-04-16 00:00:00-04:00,22.817954333752926,22.82465254969421,22.663869811147826,22.750959396362305,2498900,0.0,0.0
2015-04-17 00:00:00-04:00,22.757657451694346,22.771056437573254,22.536578018085216,22.70406150817871,3338600,0.0,0.0
2015-04-20 00:00:00-04:00,22.74425915633484,22.851448491025153,22.63706982164453,22.77105712890625,2207100,0.0,0.0
2015-04-21 00:00:00-04:00,22.67056953707223,22.791157876811635,22.596876378831958,22.7442626953125,2441100,0.0,0.0
2015-04-22 00:00:00-04:00,22.7643606573761,22.958642161818968,22.710767257706642,22.911746978759766,2663600,0.0,0.0
2015-04-23 00:00:00-04:00,23.10602795669927,23.27351147969316,23.039033014144263,23.233314514160156,3492200,0.0,0.0
2015-04-24 00:00:00-04:00,23.708964936314764,23.715665707754894,23.528082441363935,23.58167839050293,3392000,0.0,0.0
2015-04-27 00:00:00-04:00,23.655369747135307,23.70896313661061,23.541479641657897,23.56157684326172,2913800,0.0,0.0
2015-04-28 00:00:00-04:00,23.427596423302692,23.63527435986061,23.34050427425813,23.615177154541016,2727400,0.0,0.0
2015-04-29 00:00:00-04:00,23.896546652639007,24.003738555427457,23.72236492179902,23.86305046081543,3731800,0.0,0.0
2015-04-30 00:00:00-04:00,23.662069758615903,23.742461126728877,23.52138422551932,23.58167839050293,2695200,0.0,0.0
2015-05-01 00:00:00-04:00,23.43428735186023,23.447686336438167,23.226606924294725,23.40079116821289,1896500,0.0,0.0
2015-05-04 00:00:00-04:00,23.48118386693828,23.51468005250692,23.42088971067667,23.467784881591797,1402000,0.0,0.0
2015-05-05 00:00:00-04:00,23.43429119481974,23.494585357510516,23.226610733196978,23.28020668029785,6245500,0.0,0.0
2015-05-06 00:00:00-04:00,23.69556675444319,23.749162705403908,23.501287821199583,23.62857437133789,4995900,0.0,0.0
2015-05-07 00:00:00-04:00,23.608474593579142,23.70226494193918,23.414193125921738,23.595075607299805,2747600,0.0,0.0
2015-05-08 00:00:00-04:00,23.909944371265706,24.1109266227296,23.849650206945636,24.017133712768555,3442200,0.0,0.0
2015-05-11 00:00:00-04:00,24.479391267376872,24.559782639343865,24.298508763754405,24.372201919555664,5269300,0.0,0.0
2015-05-12 00:00:00-04:00,24.432491302490234,24.573176814779067,24.35879816112128,24.432491302490234,4268800,0.0,0.0
2015-05-13 00:00:00-04:00,24.780859958545815,24.841154121193195,24.653570862070566,24.720565795898438,6594300,0.0,0.0
2015-05-14 00:00:00-04:00,24.84785095365638,24.888047911715596,24.71386364905427,24.74066162109375,4833100,0.0,0.0
2015-05-15 00:00:00-04:00,24.740660800005884,24.821052157861025,24.64016968599056,24.814353942871094,2905800,0.0,0.0
2015-05-18 00:00:00-04:00,24.532984613781828,24.606677769433773,24.425795266177804,24.459291458129883,3898100,0.0,0.0
2015-05-19 00:00:00-04:00,23.46778758780619,24.325304859700832,23.333802830081016,24.251611709594727,11173200,0.0,0.0
2015-05-20 00:00:00-04:00,24.626775803459623,24.941645640731295,24.573182405649217,24.881351470947266,5932900,0.0,0.0
2015-05-21 00:00:00-04:00,25.26991361231274,25.913049697875977,25.249813852666893,25.913049697875977,10045200,0.0,0.0
2015-05-22 00:00:00-04:00,26.18772271768774,26.435597606309287,26.174323729708785,26.26811408996582,9605400,0.0,0.0
2015-05-26 00:00:00-04:00,26.23461720519023,26.26811339645545,25.725468453410336,25.89295196533203,4789400,0.0,0.0
2015-05-27 00:00:00-04:00,25.8460567864416,26.020238514378107,25.745565657050353,25.89295196533203,2889300,0.0,0.0
2015-05-28 00:00:00-04:00,25.779058263438287,26.28820950001037,25.705365119545338,26.24801254272461,4136900,0.0,0.0
2015-05-29 00:00:00-04:00,26.315007384346384,26.36860333242149,26.01353912100805,26.147523880004883,3681700,0.0,0.0
2015-06-01 00:00:00-04:00,26.12742577534137,26.234615112195875,25.785760562741178,26.000139236450195,4016300,0.0,0.0
2015-06-02 00:00:00-04:00,26.093931668518945,26.26141518044064,25.86615399008162,25.89295196533203,4528600,0.0,0.0
2015-06-03 00:00:00-04:00,25.63167532777575,25.77236341887756,25.504388779783742,25.624977111816406,6825900,0.0,0.0
2015-06-04 00:00:00-04:00,25.584780238658187,25.6986703551294,25.176122618225964,25.263212203979492,6013200,0.0,0.0
2015-06-05 00:00:00-04:00,24.713863220565347,24.921543666877618,24.680367033894395,24.82105255126953,4786400,0.0,0.0
2015-06-08 00:00:00-04:00,25.022033732297054,25.08902866526482,24.84785201777163,24.93494415283203,7198700,0.0,0.0
2015-06-09 00:00:00-04:00,24.82105567112205,24.99523995265725,24.640173173648826,24.90814781188965,4280500,0.0,0.0
2015-06-10 00:00:00-04:00,25.181480815471925,25.458277488157346,25.105361598496998,25.285280227661133,4662900,1.185,0.0
2015-06-11 00:00:00-04:00,25.28528516756223,25.499800123060226,25.236846136338215,25.34064292907715,4938300,0.0,0.0
2015-06-12 00:00:00-04:00,25.160723863928983,25.27836074276305,25.07076454264305,25.16764259338379,2691200,0.0,0.0
2015-06-15 00:00:00-04:00,24.93236541748047,25.008484637751078,24.807807173351986,24.93236541748047,2304500,0.0,0.0
2015-06-16 00:00:00-04:00,25.11920206976696,25.31296079942051,25.050004220430598,25.271440505981445,2842900,0.0,0.0
2015-06-17 00:00:00-04:00,25.202242677295438,25.236844245344948,24.97388763859702,25.098445892333984,3629700,0.0,0.0
2015-06-18 00:00:00-04:00,25.38907817230284,25.74199407825686,25.35447924655195,25.652034759521484,4333200,0.0,0.0
2015-06-19 00:00:00-04:00,25.582838435864666,25.818114840642128,25.54131813864665,25.568998336791992,3676200,0.0,0.0
2015-06-22 00:00:00-04:00,26.164109790241753,26.24714774619281,25.99803123861061,26.011871337890625,3203000,0.0,0.0
2015-06-23 00:00:00-04:00,26.28174475286237,26.392462899277977,26.15718650817871,26.15718650817871,2583100,0.0,0.0
2015-06-24 00:00:00-04:00,26.03262787633736,26.06722680162853,25.887310806277192,25.928831100463867,2414000,0.0,0.0
2015-06-25 00:00:00-04:00,26.081071873775482,26.115673445394524,25.908074574597464,25.935754776000977,2240500,0.0,0.0
2015-06-26 00:00:00-04:00,25.866551189468527,25.984188059813366,25.631274809050137,25.741992950439453,2589400,0.0,0.0
2015-06-29 00:00:00-04:00,25.409842279307032,25.53440053673337,25.209164793483588,25.264522552490234,3835700,0.0,0.0
2015-06-30 00:00:00-04:00,25.382158645337725,25.382158645337725,24.98080372800041,25.22300148010254,5945500,0.0,0.0
2015-07-01 00:00:00-04:00,25.423681998813652,25.458280927641567,25.23684461546805,25.278362274169922,2441600,0.0,0.0
2015-07-02 00:00:00-04:00,25.430597301195306,25.4928764205833,25.375236910748775,25.382158279418945,2083000,0.0,0.0
2015-07-06 00:00:00-04:00,24.932365038406715,25.063844649503764,24.828568263030327,24.89776611328125,2722700,0.0,0.0
2015-07-07 00:00:00-04:00,24.558694064645206,24.683249672797057,24.07430117174549,24.662490844726562,7086700,0.0,0.0
2015-07-08 00:00:00-04:00,24.323417641483232,24.44105452006203,24.19885939373575,24.302656173706055,3281000,0.0,0.0
2015-07-09 00:00:00-04:00,24.59328991586299,24.66248776059713,24.47565041214066,24.489490509033203,3116900,0.0,0.0
2015-07-10 00:00:00-04:00,25.188407493795108,25.312965758787254,25.11228826077443,25.22992515563965,4828600,0.0,0.0
2015-07-13 00:00:00-04:00,25.409835797015827,25.499792462418963,25.292196299577864,25.312957763671875,2438700,0.0,0.0
2015-07-14 00:00:00-04:00,25.43751986086214,25.658958816266825,25.402920931487035,25.5966796875,2244600,0.0,0.0
2015-07-15 00:00:00-04:00,25.54132003329569,25.54823876348076,25.312964980979736,25.45136070251465,3986700,0.0,0.0
2015-07-16 00:00:00-04:00,25.589754883486645,25.70739439524898,25.54131586091649,25.631275177001953,2981500,0.0,0.0
2015-07-17 00:00:00-04:00,25.562075063155625,25.679714576645345,25.45135691855113,25.617435455322266,2294300,0.0,0.0
2015-07-20 00:00:00-04:00,25.631275935763313,25.84579085928748,25.555156715262935,25.748912811279297,3802200,0.0,0.0
2015-07-21 00:00:00-04:00,25.47903440055619,25.485955768704137,25.278356959921865,25.333717346191406,2451000,0.0,0.0
2015-07-22 00:00:00-04:00,25.1607238644364,25.28528211245669,25.119203568520003,25.216081619262695,1809500,0.0,0.0
2015-07-23 00:00:00-04:00,25.070761477462163,25.084601574408577,24.87700539966953,25.043081283569336,4155600,0.0,0.0
2015-07-24 00:00:00-04:00,25.71431233682479,25.84578930267044,25.437515667990223,25.54131507873535,4397000,0.0,0.0
2015-07-27 00:00:00-04:00,25.402915189299826,25.499793225543016,25.26451686335448,25.333717346191406,3432000,0.0,0.0
2015-07-28 00:00:00-04:00,25.382158665657848,25.568996026664923,25.31296081627541,25.513635635375977,2508500,0.0,0.0
2015-07-29 00:00:00-04:00,26.025711059570316,26.226388536625397,25.935751735419935,26.025711059570312,3972700,0.0,0.0
2015-07-30 00:00:00-04:00,25.99803048395405,26.23330688542676,25.82503320756909,26.136428833007812,3200900,0.0,0.0
2015-07-31 00:00:00-04:00,26.184865171523434,26.281743213998524,26.10182722650602,26.14334487915039,2633300,0.0,0.0
2015-08-03 00:00:00-04:00,26.129505547196434,26.136426915992388,25.804272486463095,25.99110984802246,2577000,0.0,0.0
2015-08-04 00:00:00-04:00,26.14334564829469,26.171025844024413,25.991109851238733,26.039548873901367,2023900,0.0,0.0
2015-08-05 00:00:00-04:00,26.350947176358126,26.59314231448571,26.323266977792397,26.468584060668945,3092300,0.0,0.0
2015-08-06 00:00:00-04:00,26.489340951068144,26.523942516607455,26.191785437586127,26.254064559936523,3046600,0.0,0.0
2015-08-07 00:00:00-04:00,26.053393913576482,26.108751675807436,25.873475246935058,26.094911575317383,4455300,0.0,0.0
2015-08-10 00:00:00-04:00,26.032628289465357,26.364782729043537,26.011869461906983,26.274826049804688,3720900,0.0,0.0
2015-08-11 00:00:00-04:00,26.087987893335747,26.18486593864903,25.88731043391323,25.99110984802246,2281100,0.0,0.0
2015-08-12 00:00:00-04:00,25.73507082299579,25.894227981567386,25.444436700316,25.894227981567383,4229000,0.0,0.0
2015-08-13 00:00:00-04:00,25.825035473627846,25.9495937347329,25.755837612893565,25.811195373535156,1774300,0.0,0.0
2015-08-14 00:00:00-04:00,25.797349199969542,25.984186547639982,25.76967164602947,25.970346450805664,2064500,0.0,0.0
2015-08-17 00:00:00-04:00,25.707397076362835,25.98419114281313,25.652036679235362,25.914993286132812,1675200,0.0,0.0
2015-08-18 00:00:00-04:00,25.991109448523552,26.067226026007777,25.894228764970627,25.984188079833984,1302600,0.0,0.0
2015-08-19 00:00:00-04:00,25.85271338708518,25.85271338708518,25.34756165716497,25.58283805847168,2682000,0.0,0.0
2015-08-20 00:00:00-04:00,25.41675870518128,25.465197729819373,25.036165237426758,25.036165237426758,3324700,0.0,0.0
2015-08-21 00:00:00-04:00,24.717853553575676,24.863170643133095,24.095062255859375,24.095062255859375,4844100,0.0,0.0
2015-08-24 00:00:00-04:00,23.174713504766785,23.797502040635717,22.877158014173357,23.11243438720703,12124900,0.0,0.0
2015-08-25 00:00:00-04:00,24.21269621819815,24.22653367520658,23.05015448957815,23.070913314819336,8105600,0.0,0.0
2015-08-26 00:00:00-04:00,23.79750328733604,23.804424656165622,23.029395010435707,23.693706512451172,7261000,0.0,0.0
2015-08-27 00:00:00-04:00,23.928986336287796,24.136582555616844,23.75598904689206,24.095062255859375,5392200,0.0,0.0
2015-08-28 00:00:00-04:00,23.852862191243332,24.191935330337923,23.81134190004194,24.115816116333008,3536800,0.0,0.0
2015-08-31 00:00:00-04:00,24.005102164904606,24.01202353450924,23.714467995007507,23.859785079956055,2596600,0.0,0.0
2015-09-01 00:00:00-04:00,23.36155244255248,23.49995079990608,23.209316625219714,23.292354583740234,4845000,0.0,0.0
2015-09-02 00:00:00-04:00,23.76982307434082,23.776744443165416,23.403069718500223,23.76982307434082,4066900,0.0,0.0
2015-09-03 00:00:00-04:00,23.880537396333366,24.032775809366314,23.76981927041713,23.81825828552246,3307000,0.0,0.0
2015-09-04 00:00:00-04:00,23.582989090204766,23.61758801622486,23.31311113189877,23.451509475708008,3032300,0.0,0.0
2015-09-08 00:00:00-04:00,24.420295692013745,24.454894618670515,24.07430114598826,24.302656173706055,2959900,0.0,0.0
2015-09-09 00:00:00-04:00,24.66249548589627,24.68325431787331,24.088145803453145,24.129663467407227,3090000,0.0,0.0
2015-09-10 00:00:00-04:00,24.337254724475194,24.482574437755407,24.23345794610802,24.36493492126465,3697200,0.0,0.0
2015-09-11 00:00:00-04:00,23.797504054057192,24.02586171767303,23.762905127980844,24.00510025024414,4013500,0.0,0.0
2015-09-14 00:00:00-04:00,23.66602669483259,23.818262495042585,23.54838718040838,23.72830581665039,2895300,0.0,0.0
2015-09-15 00:00:00-04:00,23.160877988176804,23.444593437676374,23.15395661834095,23.347715377807617,7054600,0.0,0.0
2015-09-16 00:00:00-04:00,23.576067749548155,23.686785896783075,23.53454745443674,23.666027069091797,2901600,0.0,0.0
2015-09-17 00:00:00-04:00,23.32695387994514,23.645268259053303,23.23699719002054,23.423831939697266,4205200,0.0,0.0
2015-09-18 00:00:00-04:00,23.27850989692692,23.534545091754605,23.23007087735759,23.29926872253418,4252700,0.0,0.0
2015-09-21 00:00:00-04:00,23.430750267345704,23.472267922003716,23.18163378048242,23.368471145629883,2474400,0.0,0.0
2015-09-22 00:00:00-04:00,22.80103987384089,22.884077821257275,22.59344368543555,22.807958602905273,4032100,0.0,0.0
2015-09-23 00:00:00-04:00,22.960195503811573,23.036314717071992,22.780276883427202,22.84255599975586,4266600,0.0,0.0
2015-09-24 00:00:00-04:00,22.468890363296744,22.752605832164583,22.337410724731356,22.641887664794922,4144200,0.0,0.0
2015-09-25 00:00:00-04:00,23.0224800205322,23.029398750756723,22.572686003791496,22.711084365844727,6489100,0.0,0.0
2015-09-28 00:00:00-04:00,22.02601394966916,22.08829307694295,21.50010205261522,21.53470230102539,8289600,0.0,0.0
2015-09-29 00:00:00-04:00,21.73538000214702,21.74230005231929,21.264827149349433,21.382465362548828,13415000,0.0,0.0
2015-09-30 00:00:00-04:00,21.742299262434734,21.977575680286076,21.638501153350802,21.963735580444336,15795800,0.0,0.0
2015-10-01 00:00:00-04:00,21.527781286826094,21.680018413416555,21.25098459140422,21.451662063598633,5867500,0.0,0.0
2015-10-02 00:00:00-04:00,21.23714547232322,22.08137168421564,21.161026250315125,22.06753158569336,5632700,0.0,0.0
2015-10-05 00:00:00-04:00,22.309732425610004,22.47580835131296,22.27513085467008,22.4066104888916,3400500,0.0,0.0
2015-10-06 00:00:00-04:00,22.42044790428497,22.48272702889744,22.351247410421706,22.41352653503418,3254900,0.0,0.0
2015-10-07 00:00:00-04:00,22.28896483519326,22.434281890215782,22.08136866519986,22.2059268951416,5906000,0.0,0.0
2015-10-08 00:00:00-04:00,22.039854611038802,22.448126993773425,22.012174411604832,22.4273681640625,4539000,0.0,0.0
2015-10-09 00:00:00-04:00,22.48964384040874,22.593443252486722,22.323565309029707,22.36508560180664,2647400,0.0,0.0
2015-10-12 00:00:00-04:00,22.365088285426054,22.41352731294706,22.282050329637045,22.358169555664062,1656700,0.0,0.0
2015-10-13 00:00:00-04:00,21.998336791992188,22.26129078129634,21.977576641321775,21.998336791992188,2905700,0.0,0.0
2015-10-14 00:00:00-04:00,22.02601050776714,22.039850604968482,21.763055260263222,21.977571487426758,5892600,0.0,0.0
2015-10-15 00:00:00-04:00,22.053692808857114,22.288967884433088,22.02601261181027,22.164409637451172,4407100,0.0,0.0
2015-10-16 00:00:00-04:00,22.34432754774907,22.38584520223261,22.240528132082634,22.309728622436523,4031400,0.0,0.0
2015-10-19 00:00:00-04:00,22.392766545565394,22.40660664362037,22.18517035419834,22.240528106689453,2278400,0.0,0.0
2015-10-20 00:00:00-04:00,22.295887369082156,22.344326389955565,22.233608250855106,22.282047271728516,2774200,0.0,0.0
2015-10-21 00:00:00-04:00,22.26820829508683,22.3720077105988,22.074450881977462,22.095211029052734,2292500,0.0,0.0
2015-10-22 00:00:00-04:00,22.884077081758072,23.1124347294347,22.780277671045305,22.980955123901367,4679600,0.0,0.0
2015-10-23 00:00:00-04:00,23.202393352581563,23.202393352581563,23.022477350587877,23.098596572875977,2945600,0.0,0.0
2015-10-26 00:00:00-04:00,23.084755316881427,23.11935424171524,22.967115804771957,23.022476196289062,1734400,0.0,0.0
2015-10-27 00:00:00-04:00,22.835638798620323,22.85639762554223,22.676481632851935,22.807958602905273,2602700,0.0,0.0
2015-10-28 00:00:00-04:00,22.904835568855425,23.181632233505148,22.849477819762658,23.11243438720703,2618500,0.0,0.0
2015-10-29 00:00:00-04:00,22.88407897870021,22.967116930316532,22.75260200199696,22.83563995361328,2259400,0.0,0.0
2015-10-30 00:00:00-04:00,22.59344408095444,22.95327607263422,22.59344408095444,22.81488037109375,2358800,0.0,0.0
2015-11-02 00:00:00-05:00,22.856396886937514,23.001716589881124,22.82871933184562,22.980955123901367,2738800,0.0,0.0
2015-11-03 00:00:00-05:00,22.683398141142415,23.140110766812114,22.6764794127554,22.98787498474121,4168800,0.0,0.0
2015-11-04 00:00:00-05:00,23.25083467839867,23.264674778341345,22.925601568797934,23.084758758544922,2821400,0.0,0.0
2015-11-05 00:00:00-05:00,22.939438239218852,23.02247618673128,22.780278433537628,22.877159118652344,2562500,0.0,0.0
2015-11-06 00:00:00-05:00,22.579603950454437,22.704162193445168,22.40660668404829,22.60036277770996,2918300,0.0,0.0
2015-11-09 00:00:00-05:00,22.58652459401609,22.628044891775108,22.26821023038404,22.358169555664062,2383100,0.0,0.0
2015-11-10 00:00:00-05:00,23.382310841015265,23.486107615601274,23.167793283304835,23.3131103515625,6696800,0.0,0.0
2015-11-11 00:00:00-05:00,23.513784099184907,23.97741806627237,23.499944003479335,23.81825828552246,4307200,0.0,0.0
2015-11-12 00:00:00-05:00,23.458430076625373,23.486107632697866,23.209313593871595,23.23699378967285,3183100,0.0,0.0
2015-11-13 00:00:00-05:00,23.153952410761757,23.23699299532682,22.994795249938395,23.050155639648438,2030900,0.0,0.0
2015-11-16 00:00:00-05:00,23.07783399283253,23.403069694304364,23.057075165837738,23.38231086730957,2787400,0.0,0.0
2015-11-17 00:00:00-05:00,23.61758917527289,23.707545859394052,23.472269455290668,23.576068878173828,3433600,0.0,0.0
2015-11-18 00:00:00-05:00,23.516974203968793,23.643598867291633,23.446628361465827,23.622495651245117,3692500,0.556,0.0
2015-11-19 00:00:00-05:00,23.896850800233562,23.93905723692981,23.63656525083656,23.713947296142578,5273500,0.0,0.0
2015-11-20 00:00:00-05:00,24.06568678031199,24.06568678031199,23.742091510437405,23.79133415222168,3064600,0.0,0.0
2015-11-23 00:00:00-05:00,23.692845228614864,23.854642838694463,23.39035322782883,23.4606990814209,2969500,0.0,0.0
2015-11-24 00:00:00-05:00,23.165242223335355,23.291866900864306,23.151172516551895,23.23558807373047,2650900,0.0,0.0
2015-11-25 00:00:00-05:00,23.678773567646218,23.735052392694598,23.54511538343943,23.69987678527832,3424200,0.0,0.0
2015-11-27 00:00:00-05:00,23.917954225665568,23.917954225665568,23.74912042685228,23.7842960357666,1686500,0.0,0.0
2015-11-30 00:00:00-05:00,23.770224639854113,23.861673702671073,23.573251441314657,23.608427047729492,3359600,0.0,0.0
2015-12-01 00:00:00-05:00,23.678776532853497,23.69987975312828,23.432563351239647,23.54511833190918,2591100,0.0,0.0
2015-12-02 00:00:00-05:00,23.397384369648872,23.425523781644127,23.144137712257663,23.186344146728516,3009300,0.0,0.0
2015-12-03 00:00:00-05:00,23.27779673395167,23.298899951948627,22.841646566374475,22.96123504638672,4312500,0.0,0.0
2015-12-04 00:00:00-05:00,22.91902760404796,23.1582045535705,22.82053966283502,23.130067825317383,4728300,0.0,0.0
2015-12-07 00:00:00-05:00,23.151171020753022,23.39738416475026,23.03861605727971,23.369247436523438,6156700,0.0,0.0
2015-12-08 00:00:00-05:00,22.820536670697308,23.03861305807821,22.757224344265538,22.897918701171875,6327400,0.0,0.0
2015-12-09 00:00:00-05:00,23.03158350492724,23.144138473086308,22.630603579618317,22.813507080078125,3680600,0.0,0.0
2015-12-10 00:00:00-05:00,22.771294144563278,22.813503256870096,22.560253950072532,22.574323654174805,3223700,0.0,0.0
2015-12-11 00:00:00-05:00,22.391425012377027,22.43363278949458,22.124107301617798,22.16631507873535,3507100,0.0,0.0
2015-12-14 00:00:00-05:00,22.19445343463375,22.229627700817705,21.68092122419755,21.948240280151367,3897700,0.0,0.0
2015-12-15 00:00:00-05:00,22.257767703585717,22.34921946183934,22.11003979807611,22.1381778717041,3748200,0.0,0.0
2015-12-16 00:00:00-05:00,22.686884428491428,22.750196771446717,22.278872297091333,22.729093551635742,3551600,0.0,0.0
2015-12-17 00:00:00-05:00,22.73612116392662,22.743157357719358,22.335143990433636,22.377351760864258,3854900,0.0,0.0
2015-12-18 00:00:00-05:00,22.29293640846033,22.335144179247763,21.955270216878347,21.962305068969727,3919600,0.0,0.0
2015-12-21 00:00:00-05:00,22.243696173882924,22.271834243508778,21.9200996517392,22.046724319458008,2795900,0.0,0.0
2015-12-22 00:00:00-05:00,22.088935299941106,22.145212789119814,21.92713768627247,22.095970153808594,2397300,0.0,0.0
2015-12-23 00:00:00-05:00,22.447700588556366,22.62356787699179,22.440665736007638,22.595428466796875,3833200,0.0,0.0
2015-12-24 00:00:00-05:00,22.62357232674879,22.67281496251433,22.51101734735292,22.553226470947266,1031800,0.0,0.0
2015-12-28 00:00:00-05:00,22.42659729781019,22.511014191402793,22.363286304816995,22.454736709594727,2242400,0.0,0.0
2015-12-29 00:00:00-05:00,22.60246905172443,22.827579009968513,22.546190220402224,22.79240608215332,2558000,0.0,0.0
2015-12-30 00:00:00-05:00,22.63060138777959,22.736122834249585,22.553222035026362,22.595428466796875,2224400,0.0,0.0
2015-12-31 00:00:00-05:00,23.0878600581294,23.13006917826102,22.61653695917606,22.69391632080078,3019400,0.0,0.0
2016-01-04 00:00:00-05:00,22.5954297648897,22.658742099704583,22.22259195071431,22.644672393798828,4594900,0.0,0.0
2016-01-05 00:00:00-05:00,22.743160051309914,22.743160051309914,22.525083637775314,22.679847717285156,2858000,0.0,0.0
2016-01-06 00:00:00-05:00,22.53211876888773,22.567294377503178,22.335148241547632,22.461772918701172,2633100,0.0,0.0
2016-01-07 00:00:00-05:00,22.166316860853087,22.468808861664098,22.131142592293,22.250732421875,4857000,0.0,0.0
2016-01-08 00:00:00-05:00,23.03861610078866,23.298898951151866,22.79240295632644,22.890888214111328,8733800,0.0,0.0
2016-01-11 00:00:00-05:00,22.897921248360266,22.911990953968196,22.43363169738647,22.616535186767578,6157400,0.0,0.0
2016-01-12 00:00:00-05:00,22.560256364335867,22.665777814634346,22.321076736045004,22.616535186767578,3970300,0.0,0.0
2016-01-13 00:00:00-05:00,22.658742723136257,22.715021548307718,22.145210519296054,22.16631507873535,4178500,0.0,0.0
2016-01-14 00:00:00-05:00,22.250728402120906,22.567291394927725,22.04672304837203,22.42659568786621,3403500,0.0,0.0
2016-01-15 00:00:00-05:00,21.645747036291038,21.89899502922788,21.462844888093834,21.65981674194336,4025200,0.0,0.0
2016-01-19 00:00:00-05:00,21.596506670579686,21.702026790503727,21.45581228284022,21.5894718170166,5185300,0.0,0.0
2016-01-20 00:00:00-05:00,21.2306977216215,21.29401004816795,20.63274871632769,21.139245986938477,5153000,0.0,0.0
2016-01-21 00:00:00-05:00,21.019660193753573,21.589471241319014,20.85082773802492,21.399534225463867,3533100,0.0,0.0
2016-01-22 00:00:00-05:00,21.94824127937455,22.30700941845687,21.891963792679174,22.215559005737305,3898200,0.0,0.0
2016-01-25 00:00:00-05:00,21.948239636613103,22.053759748548924,21.76533748310254,21.80051040649414,3366800,0.0,0.0
2016-01-26 00:00:00-05:00,21.91306828501269,23.460699929952856,21.88493021091039,22.264802932739258,4462200,0.0,0.0
2016-01-27 00:00:00-05:00,22.23666627836522,22.560261530888635,22.081902164757253,22.229631423950195,3427500,0.0,0.0
2016-01-28 00:00:00-05:00,22.018586621498688,22.117073227255602,21.687956562540492,21.983413696289062,4621300,0.0,0.0
2016-01-29 00:00:00-05:00,22.13114021814973,22.686881525930996,22.117071853996045,22.651708602905273,3936100,0.0,0.0
2016-02-01 00:00:00-05:00,22.46177568104951,23.172278515991163,22.44770597257747,23.01751708984375,3341300,0.0,0.0
2016-02-02 00:00:00-05:00,22.700952310828253,22.700952310828253,22.349217696808953,22.4406681060791,3795800,0.0,0.0
2016-02-03 00:00:00-05:00,22.152246665484867,22.335148832685118,21.793477184641425,22.215559005737305,5189300,0.0,0.0
2016-02-04 00:00:00-05:00,21.652786123772643,21.8356883077402,21.505056869053707,21.737201690673828,7062800,0.0,0.0
2016-02-05 00:00:00-05:00,21.561329303592597,21.603537077143148,21.090004916701833,21.2095947265625,5523000,0.0,0.0
2016-02-08 00:00:00-05:00,20.724201174999433,20.73827088047016,20.28101618675925,20.534265518188477,5067300,0.0,0.0
2016-02-09 00:00:00-05:00,20.337296041347763,20.69606552217339,20.337296041347763,20.569440841674805,4243400,0.0,0.0
2016-02-10 00:00:00-05:00,20.618682012177423,20.843791942979063,20.513161899834284,20.65385627746582,4350800,0.0,0.0
2016-02-11 00:00:00-05:00,20.63275152313406,20.75937619345254,20.421711300443945,20.590543746948242,4805000,0.0,0.0
2016-02-12 00:00:00-05:00,20.766411838172825,21.068903819519385,20.689029794081083,21.033729553222656,3116500,0.0,0.0
2016-02-16 00:00:00-05:00,21.068904583390992,21.399534648001154,21.03373031581899,21.28697967529297,4037900,0.0,0.0
2016-02-17 00:00:00-05:00,21.807546806114363,22.032656752011828,21.737199612581126,21.870859146118164,4313800,0.0,0.0
2016-02-18 00:00:00-05:00,21.87086117115847,21.913068954482018,21.75127133360738,21.779409408569336,3522800,0.0,0.0
2016-02-19 00:00:00-05:00,21.434707281453555,21.624644298468397,21.32215231028056,21.505054473876953,2690900,0.0,0.0
2016-02-22 00:00:00-05:00,21.42063965470163,21.58947211728042,21.413604801040705,21.56133270263672,3173800,0.0,0.0
2016-02-23 00:00:00-05:00,21.322151721351887,21.392498911832256,21.090006931999405,21.125181198120117,2931200,0.0,0.0
2016-02-24 00:00:00-05:00,20.88600220787093,21.097042444142353,20.717169750501572,21.026695251464844,5248900,0.0,0.0
2016-02-25 00:00:00-05:00,21.35029270878613,21.659819564670062,21.160355683010007,21.58243751525879,3390400,0.0,0.0
2016-02-26 00:00:00-05:00,21.413606946760243,21.4839541486574,21.31512032739972,21.385467529296875,2360600,0.0,0.0
2016-02-29 00:00:00-05:00,21.294017106063468,21.62464721069043,21.27994739733178,21.385467529296875,2404600,0.0,0.0
2016-03-01 00:00:00-05:00,21.730162107158264,22.05375862121582,21.666849774880937,22.05375862121582,2368700,0.0,0.0
2016-03-02 00:00:00-05:00,21.85678677171292,22.06782832655766,21.765336370512863,22.05375862121582,2163200,0.0,0.0
2016-03-03 00:00:00-05:00,22.04672525876808,22.208522855852905,21.94823999824011,22.16631507873535,2100100,0.0,0.0
2016-03-04 00:00:00-05:00,22.278869986146553,22.328112616279228,22.11003753636551,22.20852279663086,2131000,0.0,0.0
2016-03-07 00:00:00-05:00,21.66684967576618,22.018584257137455,21.58946898026194,21.89899444580078,2477100,0.0,0.0
2016-03-08 00:00:00-05:00,21.863821934346092,21.934169120291646,21.709059198674648,21.786439895629883,1929600,0.0,0.0
2016-03-09 00:00:00-05:00,21.737199654535065,21.81458170174709,21.582436901872136,21.63167953491211,2410500,0.0,0.0
2016-03-10 00:00:00-05:00,21.673886930636446,21.835685875738584,21.31511745686211,21.505054473876953,2494100,0.0,0.0
2016-03-11 00:00:00-05:00,21.856789881719305,22.152247027133825,21.835686662464717,22.145212173461914,2462700,0.0,0.0
2016-03-14 00:00:00-04:00,22.215560110035188,22.29294216124828,22.166317474449105,22.20149040222168,3591600,0.0,0.0
2016-03-15 00:00:00-04:00,22.060795994948815,22.074864360137408,21.941206169398605,22.004518508911133,3420900,0.0,0.0
2016-03-16 00:00:00-04:00,21.89195954384594,22.208519841908384,21.856785282887316,22.180381774902344,2334200,0.0,0.0
2016-03-17 00:00:00-04:00,22.321081227606392,22.532121487147993,22.17335331427952,22.475845336914062,2474300,0.0,0.0
2016-03-18 00:00:00-04:00,22.52508697312637,22.532120485271935,22.18038718226261,22.20149040222168,2490500,0.0,0.0
2016-03-21 00:00:00-04:00,21.976378675791157,22.222593175669648,21.962308969109852,22.11707305908203,2877300,0.0,0.0
2016-03-22 00:00:00-04:00,21.730163000620816,22.025620116142775,21.72312814766065,21.976377487182617,2934100,0.0,0.0
2016-03-23 00:00:00-04:00,22.01858606915651,22.05376033524487,21.955273731958517,21.990447998046875,1953100,0.0,0.0
2016-03-24 00:00:00-04:00,21.80754687294145,22.032656819528743,21.765339093396612,22.018587112426758,1832000,0.0,0.0
2016-03-28 00:00:00-04:00,22.201488615647694,22.208523468988346,21.98341352913181,22.11707305908203,1380400,0.0,0.0
2016-03-29 00:00:00-04:00,21.997483201048322,22.42659852006127,21.898996596195925,22.356252670288086,3174300,0.0,0.0
2016-03-30 00:00:00-04:00,22.651710305490994,22.79943820341601,22.574328258904877,22.581361770629883,3218200,0.0,0.0
2016-03-31 00:00:00-04:00,22.53915484292019,22.65874332429924,22.454737944684364,22.546188354492188,2795200,0.0,0.0
2016-04-01 00:00:00-04:00,22.032655082752218,22.39142453500528,21.96934274754515,22.321077346801758,3741100,0.0,0.0
2016-04-04 00:00:00-04:00,22.257768264771425,22.40549751576691,22.173352699997896,22.328115463256836,4168600,0.0,0.0
2016-04-05 00:00:00-04:00,21.941208128636127,21.9974856196991,21.462848783720244,21.568368911743164,5177300,0.0,0.0
2016-04-06 00:00:00-04:00,21.73016265016099,22.067828877998135,21.68092002199501,22.046724319458008,3117000,0.0,0.0
2016-04-07 00:00:00-04:00,22.081901003339397,22.29997745345137,22.032658366785473,22.285907745361328,7020300,0.0,0.0
2016-04-08 00:00:00-04:00,22.567295751452104,22.87682126804862,22.560259555891765,22.665781021118164,5304500,0.0,0.0
2016-04-11 00:00:00-04:00,22.862748824581626,22.89792174760735,22.644672408186924,22.651708602905273,3698000,0.0,0.0
2016-04-12 00:00:00-04:00,22.778334228861485,23.010477677394366,22.623570140824814,22.96123504638672,2476300,0.0,0.0
2016-04-13 00:00:00-04:00,22.86274939788657,22.92606173432929,22.743160919895914,22.834609985351562,2195500,0.0,0.0
2016-04-14 00:00:00-04:00,22.64467388020619,22.82054119028909,22.595431248064752,22.75722885131836,1977700,0.0,0.0
2016-04-15 00:00:00-04:00,22.947163842275998,23.172273764625874,22.919027114623727,23.094894409179688,2671600,0.0,0.0
2016-04-18 00:00:00-04:00,22.869786856591908,23.144142150878906,22.869786856591908,23.144142150878906,2997600,0.0,0.0
2016-04-19 00:00:00-04:00,23.58732738853099,23.819473571390613,23.49587830151603,23.79133415222168,3416900,0.0,0.0
2016-04-20 00:00:00-04:00,23.664707985987796,23.812435902204683,23.643604764677537,23.67877769470215,3477200,0.0,0.0
2016-04-21 00:00:00-04:00,23.72801753514465,23.72801753514465,23.411455835210873,23.50994110107422,3059800,0.0,0.0
2016-04-22 00:00:00-04:00,23.18634413746396,23.432559967041016,23.158204725479948,23.432559967041016,3521200,0.0,0.0
2016-04-25 00:00:00-04:00,23.25669395277357,23.502907112436294,23.172275712155912,23.48180389404297,2111600,0.0,0.0
2016-04-26 00:00:00-04:00,23.46773118027634,23.587319647211494,23.383315633997295,23.49587059020996,2736200,0.0,0.0
2016-04-27 00:00:00-04:00,23.24965676830316,23.47476669999363,23.144137997304412,23.404420852661133,3661700,0.0,0.0
2016-04-28 00:00:00-04:00,23.13006690712086,23.390349746903276,23.108961007366357,23.20041275024414,5205300,0.0,0.0
2016-04-29 00:00:00-04:00,22.940130134889635,23.09489421150122,22.8838513130229,23.03158187866211,4655100,0.0,0.0
2016-05-02 00:00:00-04:00,23.052684560873764,23.228551849848827,23.052684560873764,23.221515655517578,2527700,0.0,0.0
2016-05-03 00:00:00-04:00,23.179309561284583,23.200412777542017,22.883851116070986,22.96826934814453,2459100,0.0,0.0
2016-05-04 00:00:00-04:00,22.539156148696065,22.658744637003316,22.461774099310286,22.602468490600586,4494100,0.0,0.0
2016-05-05 00:00:00-04:00,22.581362462627375,22.827578316903143,22.525086316536136,22.6868839263916,3299900,0.0,0.0
2016-05-06 00:00:00-04:00,22.48287452058482,22.68688122838925,22.363286047161377,22.679847717285156,1895900,0.0,0.0
2016-05-09 00:00:00-04:00,22.65874031566976,22.672810020467733,22.468804667940702,22.567291259765625,1916600,0.0,0.0
2016-05-10 00:00:00-04:00,22.64467365369679,22.961235345383955,22.61653692384183,22.933095932006836,1762000,0.0,0.0
2016-05-11 00:00:00-04:00,22.954201655018995,23.066756624128654,22.85571639248831,22.876819610595703,2433500,0.0,0.0
2016-05-12 00:00:00-04:00,23.2355888116907,23.28483144523566,22.982339448589617,23.101930618286133,2639800,0.0,0.0
2016-05-13 00:00:00-04:00,22.82757586495835,23.04564959748142,22.82757586495835,22.883852005004883,2977300,0.0,0.0
2016-05-16 00:00:00-04:00,22.848678391117158,23.05971860607355,22.848678391117158,23.03158187866211,3091000,0.0,0.0
2016-05-17 00:00:00-04:00,23.538077420015306,23.756153825409505,23.376279835440982,23.622495651245117,7990500,0.0,0.0
2016-05-18 00:00:00-04:00,23.854641049586455,24.24154858236921,23.798364907637996,24.0094051361084,7438800,0.0,0.0
2016-05-19 00:00:00-04:00,23.77725753884386,23.798363438853755,23.43959265742675,23.657669067382812,3641500,0.0,0.0
2016-05-20 00:00:00-04:00,23.706910265803053,23.861671649922247,23.671737345936045,23.68580436706543,3848200,0.0,0.0
2016-05-23 00:00:00-04:00,23.38331885958543,23.439595003693803,23.277797399539203,23.305936813354492,3379100,0.0,0.0
2016-05-24 00:00:00-04:00,23.52400431460356,23.756150391647868,23.509934611432254,23.742080688476562,2371100,0.0,0.0
2016-05-25 00:00:00-04:00,23.960161882925266,24.13602918266732,23.93202247092125,24.051610946655273,3021900,0.0,0.0
2016-05-26 00:00:00-04:00,24.164167310461362,24.39631344765469,24.114924678363778,24.26265525817871,3395900,0.0,0.0
2016-05-27 00:00:00-04:00,24.15009845510865,24.41038130266793,24.136028749359234,24.403345108032227,3643300,0.0,0.0
2016-05-31 00:00:00-04:00,24.262653787992452,24.311896417106198,23.819467442446737,23.910919189453125,3302300,0.0,0.0
2016-06-01 00:00:00-04:00,23.439593942288834,23.728016212029523,23.425524236018305,23.706912994384766,2847700,0.0,0.0
2016-06-02 00:00:00-04:00,23.60139362560091,23.784297139765343,23.573254210572177,23.770227432250977,3152200,0.0,0.0
2016-06-03 00:00:00-04:00,23.713952091268474,23.798370348775272,23.53105123371584,23.79133415222168,2065900,0.0,0.0
2016-06-06 00:00:00-04:00,23.763186414985633,24.002366027153688,23.756152904416766,23.93202018737793,3257100,0.0,0.0
2016-06-07 00:00:00-04:00,23.939057094090753,24.10085469534603,23.932023582524067,24.044578552246094,3062200,0.0,0.0
2016-06-08 00:00:00-04:00,23.974729537963867,24.05476701356708,23.901966934865715,23.974729537963867,3084500,1.134,0.0
2016-06-09 00:00:00-04:00,23.661854434695883,23.720061734556538,23.378087255803408,23.436294555664062,4424800,0.0,0.0
2016-06-10 00:00:00-04:00,22.70141328425386,22.825106934764527,22.55589085266316,22.679584503173828,6302800,0.0,0.0
2016-06-13 00:00:00-04:00,22.199362425459903,22.381264771075465,22.192086165098708,22.2939510345459,8068600,0.0,0.0
2016-06-14 00:00:00-04:00,22.090218395167177,22.170254473021913,21.81372608896478,22.061113357543945,8483800,0.0,0.0
2016-06-15 00:00:00-04:00,22.221187479255665,22.359432239515474,22.03200890501092,22.09021759033203,4878600,0.0,0.0
2016-06-16 00:00:00-04:00,21.770073229366645,22.199362884928934,21.544514704720207,22.177534103393555,6833200,0.0,0.0
2016-06-17 00:00:00-04:00,22.34488549889318,22.51223672679191,22.16298313675512,22.490407943725586,5941500,0.0,0.0
2016-06-20 00:00:00-04:00,23.465402390403913,23.53088734530849,23.159806396784138,23.18891143798828,6782900,0.0,0.0
2016-06-21 00:00:00-04:00,23.10887314035305,23.334431650441637,23.00700827537202,23.167081832885742,4487700,0.0,0.0
2016-06-22 00:00:00-04:00,23.327154964663773,23.618197016895824,23.283497407804834,23.298049926757812,5006700,0.0,0.0
2016-06-23 00:00:00-04:00,23.763723535022475,23.778276056488803,23.38536630372689,23.625478744506836,6181400,0.0,0.0
2016-06-24 00:00:00-04:00,21.660935160860856,22.395820922831298,21.64638263777907,21.95197868347168,16825900,0.0,0.0
2016-06-27 00:00:00-04:00,20.81690501730788,20.95514980169243,20.31485415142387,20.598621368408203,18409100,0.0,0.0
2016-06-28 00:00:00-04:00,21.646377513427,21.646377513427,21.31895276062305,21.58089256286621,10138100,0.0,0.0
2016-06-29 00:00:00-04:00,22.075665736100554,22.192083110244685,21.86465837808646,21.915592193603516,8958300,0.0,0.0
2016-06-30 00:00:00-04:00,21.9155929470565,22.47585105895996,21.85738425798323,22.47585105895996,6282600,0.0,0.0
2016-07-01 00:00:00-04:00,22.381265682755686,22.50495933832501,22.330333245957405,22.44675064086914,3343500,0.0,0.0
2016-07-05 00:00:00-04:00,21.93014531191607,22.13387642903352,21.915594179682802,21.995630264282227,4424300,0.0,0.0
2016-07-06 00:00:00-04:00,21.4062670840604,21.675483153585112,21.23164100699222,21.660930633544922,5892100,0.0,0.0
2016-07-07 00:00:00-04:00,21.835555237185105,21.850107756243315,21.449921808970192,21.544511795043945,3904100,0.0,0.0
2016-07-08 00:00:00-04:00,21.901041790492567,21.90831805055502,21.770071884977778,21.80645179748535,3638900,0.0,0.0
2016-07-11 00:00:00-04:00,21.922869993603452,22.257571029830437,21.886490079750516,22.162981033325195,5453000,0.0,0.0
2016-07-12 00:00:00-04:00,22.104774166982274,22.555892630220836,22.01018555045743,22.483131408691406,10454800,0.0,0.0
2016-07-13 00:00:00-04:00,22.29395045464079,22.555890269611208,22.264846801757812,22.264846801757812,5856300,0.0,0.0
2016-07-14 00:00:00-04:00,22.461301740435403,22.483129133221716,22.235741837742125,22.34488296508789,4644300,0.0,0.0
2016-07-15 00:00:00-04:00,22.250295134229173,22.34488374448017,22.155706523978175,22.301227569580078,4187400,0.0,0.0
2016-07-18 00:00:00-04:00,22.13387629905002,22.25756994303694,22.010182655063097,22.1848087310791,5260400,0.0,0.0
2016-07-19 00:00:00-04:00,21.90831777420659,21.981077598303955,21.733691698324485,21.799175262451172,5673600,0.0,0.0
2016-07-20 00:00:00-04:00,21.88649371740862,22.00291112645295,21.806456228263773,21.95197868347168,2939200,0.0,0.0
2016-07-21 00:00:00-04:00,21.799173157353568,22.05383668051611,21.762793248818014,21.908315658569336,3594400,0.0,0.0
2016-07-22 00:00:00-04:00,22.752343631968277,22.890588402713444,22.723238593197944,22.80327606201172,7019200,0.0,0.0
2016-07-25 00:00:00-04:00,22.701412827160095,22.86876264865647,22.657755265879075,22.796001434326172,3759500,0.0,0.0
2016-07-26 00:00:00-04:00,22.68685989069714,22.774172236048564,22.475852511789235,22.592269897460938,2788600,0.0,0.0
2016-07-27 00:00:00-04:00,22.701412428231965,22.759621121112367,22.432196356282166,22.643203735351562,3041000,0.0,0.0
2016-07-28 00:00:00-04:00,22.454023860564533,22.46857499210422,22.286672663714175,22.403091430664062,3947900,0.0,0.0
2016-07-29 00:00:00-04:00,22.31578157063713,22.584997673954554,22.213916693178852,22.483131408691406,2658300,0.0,0.0
2016-08-01 00:00:00-04:00,22.352160323561005,22.577720237337196,22.32305666914766,22.37398910522461,2569400,0.0,0.0
2016-08-02 00:00:00-04:00,22.344881078551023,22.41764228657335,22.235739960419842,22.395814895629883,3728000,0.0,0.0
2016-08-03 00:00:00-04:00,22.31578035219143,22.708688706509683,22.308504091655287,22.694137573242188,6297000,0.0,0.0
2016-08-04 00:00:00-04:00,22.519510072269654,22.64320371802143,22.410367558873315,22.592269897460938,4533000,0.0,0.0
2016-08-05 00:00:00-04:00,22.519510089505122,22.68685990806069,22.47585252899129,22.643203735351562,3295000,0.0,0.0
2016-08-08 00:00:00-04:00,22.337607110183143,22.57044187502754,22.330330850306172,22.4976806640625,4888100,0.0,0.0
2016-08-09 00:00:00-04:00,22.279399461566236,22.51951049752392,22.257570680913815,22.461301803588867,3542600,0.0,0.0
2016-08-10 00:00:00-04:00,22.381261825561523,22.44674677238928,22.29394810052299,22.381261825561523,3340000,0.0,0.0
2016-08-11 00:00:00-04:00,22.483130753444353,22.796003025439155,22.439474576920958,22.723241806030273,3392800,0.0,0.0
2016-08-12 00:00:00-04:00,22.83238238962721,22.89786734673265,22.694137602675546,22.708688735961914,2034000,0.0,0.0
2016-08-15 00:00:00-04:00,22.715962333505363,22.86876101144033,22.694134942232246,22.80327606201172,4249400,0.0,0.0
2016-08-16 00:00:00-04:00,22.701413863221127,22.825107516886423,22.657756299947636,22.708688735961914,3663000,0.0,0.0
2016-08-17 00:00:00-04:00,22.861483116096693,22.868759375268684,22.621372114639016,22.810550689697266,2259000,0.0,0.0
2016-08-18 00:00:00-04:00,22.825108275887708,23.05794306986957,22.796003232737554,23.05066680908203,2824100,0.0,0.0
2016-08-19 00:00:00-04:00,22.745066547569987,22.82510401348171,22.61409665346156,22.78144645690918,3386300,0.0,0.0
2016-08-22 00:00:00-04:00,22.69413411937328,22.803275235195443,22.635925431747825,22.78144645690918,3052000,0.0,0.0
2016-08-23 00:00:00-04:00,22.999733694185643,23.043389869820647,22.817831343267514,22.839658737182617,2461800,0.0,0.0
2016-08-24 00:00:00-04:00,22.854210983605945,22.90514341920201,22.78872602703821,22.832382202148438,3086300,0.0,0.0
2016-08-25 00:00:00-04:00,22.795998558317617,22.803274817613126,22.60681998004804,22.62864875793457,2203500,0.0,0.0
2016-08-26 00:00:00-04:00,22.69413693296073,22.912419191667386,22.446749632930654,22.548614501953125,3465200,0.0,0.0
2016-08-29 00:00:00-04:00,22.519506512513694,22.64320013871268,22.497677735724054,22.584991455078125,1351800,0.0,0.0
2016-08-30 00:00:00-04:00,22.439473189604094,22.497681883971488,22.22119093267755,22.28667449951172,3981300,0.0,0.0
2016-08-31 00:00:00-04:00,22.43947374253595,22.468577396534418,22.23574261332755,22.301227569580078,3260600,0.0,0.0
2016-09-01 00:00:00-04:00,22.126601505515154,22.148430286890616,21.886490461604193,21.966527938842773,3630400,0.0,0.0
2016-09-02 00:00:00-04:00,22.32305783157056,22.526787586487117,22.235744088174272,22.483131408691406,3845900,0.0,0.0
2016-09-06 00:00:00-04:00,22.228467173136345,22.344884569035735,22.184810996625284,22.323057174682617,3043700,0.0,0.0
2016-09-07 00:00:00-04:00,22.213913901437643,22.257570073746844,21.937421571935054,21.995630264282227,4263700,0.0,0.0
2016-09-08 00:00:00-04:00,21.864661680228732,22.017460374247406,21.835558026199564,21.966527938842773,4732900,0.0,0.0
2016-09-09 00:00:00-04:00,21.864660035500492,21.864660035500492,21.551789186149346,21.58816909790039,5900800,0.0,0.0
2016-09-12 00:00:00-04:00,21.711863995207864,22.199362334982887,21.66093156069185,22.162981033325195,10641500,0.0,0.0
2016-09-13 00:00:00-04:00,21.828279845472604,21.828279845472604,21.435370142107864,21.58089256286621,7463200,0.0,0.0
2016-09-14 00:00:00-04:00,21.326230514451286,21.544514160880674,21.27529807995919,21.428096771240234,6996300,0.0,0.0
2016-09-15 00:00:00-04:00,21.39171581762355,21.602723207157716,21.340783382302824,21.515409469604492,6103200,0.0,0.0
2016-09-16 00:00:00-04:00,21.217088880178988,21.238917660643835,20.984254106439504,21.093395233154297,9224300,0.0,0.0
2016-09-19 00:00:00-04:00,21.43537206046729,21.449924581406435,21.22436605806882,21.24619483947754,3744200,0.0,0.0
2016-09-20 00:00:00-04:00,21.464477496074725,21.47175375667777,21.29712766561916,21.39899253845215,5723200,0.0,0.0
2016-09-21 00:00:00-04:00,21.515406640562077,21.755517652505475,21.435369173979414,21.73369026184082,5301100,0.0,0.0
2016-09-22 00:00:00-04:00,21.740969129726338,21.777350433862328,21.5154105953026,21.559066772460938,4759000,0.0,0.0
2016-09-23 00:00:00-04:00,21.180708512116894,21.23891720430108,21.137050952125232,21.20981216430664,6594100,0.0,0.0
2016-09-26 00:00:00-04:00,21.06429135342111,21.19525987138515,20.976977620307043,21.15160369873047,5427500,0.0,0.0
2016-09-27 00:00:00-04:00,21.042463210841525,21.340782943997127,20.991530776566876,21.29712677001953,4164900,0.0,0.0
2016-09-28 00:00:00-04:00,21.428095444973295,21.51540778789715,21.31895293461147,21.457199096679688,4487600,0.0,0.0
2016-09-29 00:00:00-04:00,21.500853379639395,21.50812963887806,21.115221354622005,21.1879825592041,4986200,0.0,0.0
2016-09-30 00:00:00-04:00,21.33350580867363,21.35533458866946,21.166155992119673,21.20981216430664,4732100,0.0,0.0
2016-10-03 00:00:00-04:00,21.195260742190307,21.34078317409096,21.137052046991,21.23891830444336,4643000,0.0,0.0
2016-10-04 00:00:00-04:00,21.4935819417889,21.595446811793945,21.260745772369873,21.318954467773438,5303800,0.0,0.0
2016-10-05 00:00:00-04:00,21.21708565562589,21.253465563066932,21.093392027400043,21.173429489135742,3865500,0.0,0.0
2016-10-06 00:00:00-04:00,20.780523025305598,20.889664152229376,20.71503807159039,20.77324676513672,5822400,0.0,0.0
2016-10-07 00:00:00-04:00,20.576789830681264,20.627722255491634,20.460372463170565,20.525856018066406,6465400,0.0,0.0
2016-10-10 00:00:00-04:00,20.562240600585938,20.693210506928,20.52585930004386,20.562240600585938,5626400,0.0,0.0
2016-10-11 00:00:00-04:00,20.62044823042316,20.63500074988964,20.22753853165607,20.263919830322266,6404300,0.0,0.0
2016-10-12 00:00:00-04:00,20.322129072170778,20.343956464158513,20.12567421745308,20.278472900390625,5755000,0.0,0.0
2016-10-13 00:00:00-04:00,20.103845437660667,20.30757655230917,20.045636746018904,20.278472900390625,8620100,0.0,0.0
2016-10-14 00:00:00-04:00,20.365787145834858,20.423995842912507,20.227540969848633,20.227540969848633,4220100,0.0,0.0
2016-10-17 00:00:00-04:00,20.162054385107655,20.27119689764979,20.12567447279674,20.23481559753418,4623600,0.0,0.0
2016-10-18 00:00:00-04:00,20.57679252075354,20.635001212118706,20.467650010114767,20.482202529907227,4879800,0.0,0.0
2016-10-19 00:00:00-04:00,20.271196039056612,20.343955860596676,20.198434829711914,20.198434829711914,4196600,0.0,0.0
2016-10-20 00:00:00-04:00,20.16932901866072,20.300298912906015,20.147501628156228,20.242090225219727,3737700,0.0,0.0
2016-10-21 00:00:00-04:00,20.096568346098135,20.234813106101836,20.067463309589233,20.20570945739746,3569900,0.0,0.0
2016-10-24 00:00:00-04:00,20.162053480082964,20.198434778565506,20.103844790315527,20.132949829101562,4054600,0.0,0.0
2016-10-25 00:00:00-04:00,20.36578582648545,20.409441999514325,20.220264787120964,20.30757713317871,4641300,0.0,0.0
2016-10-26 00:00:00-04:00,20.2202637411034,20.45309850228554,20.212987481340875,20.343955993652344,5038700,0.0,0.0
2016-10-27 00:00:00-04:00,20.416717121306377,20.431269640772854,20.263919830322266,20.263919830322266,3910400,0.0,0.0
2016-10-28 00:00:00-04:00,20.380339752992302,20.467652105074542,20.322131055669207,20.358510971069336,4901400,0.0,0.0
2016-10-31 00:00:00-04:00,20.183882086749204,20.329404503826968,20.147502176382073,20.256643295288086,2600000,0.0,0.0
2016-11-01 00:00:00-04:00,20.16205145435859,20.183880231254932,19.936492977647692,20.001977920532227,5093700,0.0,0.0
2016-11-02 00:00:00-04:00,20.118400658158514,20.118400658158514,19.841909682695967,19.849185943603516,4291600,0.0,0.0
2016-11-03 00:00:00-04:00,20.052911341901552,20.12567254736699,19.878285281467242,19.900114059448242,4794200,0.0,0.0
2016-11-04 00:00:00-04:00,19.849182576919034,19.914667526175,19.72548893808051,19.732765197753906,6969500,0.0,0.0
2016-11-07 00:00:00-05:00,19.73276823101253,19.834633106489203,19.645454489314776,19.776424407958984,6533300,0.0,0.0
2016-11-08 00:00:00-05:00,19.718216022877357,19.900118382151494,19.66728358432938,19.849185943603516,3660600,0.0,0.0
2016-11-09 00:00:00-05:00,19.60179842209353,20.009259314085924,19.543589723237474,19.921945571899414,8459000,0.0,0.0
2016-11-10 00:00:00-05:00,19.49993033950387,19.53631164027369,19.14340191878795,19.2670955657959,12993300,0.0,0.0
2016-11-11 00:00:00-05:00,19.22343921986774,19.259819132505804,18.954223147810065,19.056089401245117,5846200,0.0,0.0
2016-11-14 00:00:00-05:00,18.968774416227518,18.976050675835907,18.743215919585897,18.830528259277344,6364800,0.0,0.0
2016-11-15 00:00:00-05:00,18.66318075587673,18.69956205841036,18.459451012907564,18.64862823486328,8690200,0.0,0.0
2016-11-16 00:00:00-05:00,18.583141195415042,18.837803326567037,18.583141195415042,18.721385955810547,9871100,0.0,0.0
2016-11-17 00:00:00-05:00,18.896014938419324,18.990604934186198,18.85963502485037,18.9542236328125,7239600,0.0,0.0
2016-11-18 00:00:00-05:00,18.714112931131293,18.77959788697553,18.619524321470042,18.692285537719727,4902700,0.0,0.0
2016-11-21 00:00:00-05:00,18.677734846126665,18.765048591738374,18.53221239937545,18.561317443847656,6265900,0.0,0.0
2016-11-22 00:00:00-05:00,18.623666832649757,18.720161892192095,18.564284930829192,18.690471649169922,5852700,0.504,0.0
2016-11-23 00:00:00-05:00,18.750894254958848,18.971404252304414,18.690064160915906,18.918176651000977,8517400,0.599467,0.0
2016-11-25 00:00:00-05:00,19.093066232036023,19.161500275543993,19.055046513251607,19.15389633178711,2991700,0.0,0.0
2016-11-28 00:00:00-05:00,18.811726582922756,18.842142358708067,18.63684022306926,18.652048110961914,8432400,0.0,0.0
2016-11-29 00:00:00-05:00,18.697669608562876,18.76610365115606,18.60642373500398,18.621631622314453,6721700,0.0,0.0
2016-11-30 00:00:00-05:00,18.902972748464858,18.93338707441033,18.583614349365234,18.583614349365234,8209000,0.0,0.0
2016-12-01 00:00:00-05:00,18.690063641154847,18.705271526818617,18.37830923656652,18.477157592773438,8672700,0.0,0.0
2016-12-02 00:00:00-05:00,18.530388191232635,18.728084935638275,18.49997241498313,18.583614349365234,7637600,0.0,0.0
2016-12-05 00:00:00-05:00,18.819333651721273,18.826937596930197,18.477163368841,18.499975204467773,9630500,0.0,0.0
2016-12-06 00:00:00-05:00,18.629234313964844,18.712876238247226,18.5075741242653,18.629234313964844,5550600,0.0,0.0
2016-12-07 00:00:00-05:00,18.796519966688148,18.994218171755687,18.728085916845384,18.986614227294922,6306900,0.0,0.0
2016-12-08 00:00:00-05:00,18.94859416836664,19.08546225514496,18.910575899952203,19.032236099243164,5143800,0.0,0.0
2016-12-09 00:00:00-05:00,19.070253154621334,19.184309402913627,18.96380084958904,19.1614990234375,5329500,0.0,0.0
2016-12-12 00:00:00-05:00,19.115876579815712,19.245140722850355,19.001820324268436,19.032236099243164,6527600,0.0,0.0
2016-12-13 00:00:00-05:00,19.29836541540846,19.48085715081101,19.245139263542658,19.351593017578125,6850900,0.0,0.0
2016-12-14 00:00:00-05:00,19.382008523685602,19.382008523685602,19.03983976209179,19.100669860839844,6126600,0.0,0.0
2016-12-15 00:00:00-05:00,18.97140394509253,18.994214323549354,18.750893951317774,18.766101837158203,5820500,0.0,0.0
2016-12-16 00:00:00-05:00,19.032237036515944,19.20712340032126,18.93338721328404,19.19191551208496,9570300,0.0,0.0
2016-12-19 00:00:00-05:00,19.176706595580058,19.222330257842586,19.08546217166294,19.108272552490234,5107100,0.0,0.0
2016-12-20 00:00:00-05:00,19.039838949299547,19.039838949299547,18.887762983769413,18.92578125,4835900,0.0,0.0
2016-12-21 00:00:00-05:00,18.9409930493741,18.986615268336053,18.81172888706174,18.849748611450195,5472200,0.0,0.0
2016-12-22 00:00:00-05:00,18.849745932384398,18.864952369674334,18.75089611332788,18.796518325805664,5072700,0.0,0.0
2016-12-23 00:00:00-05:00,18.804123867447665,18.834539645220033,18.690067601409492,18.74329376220703,3642900,0.0,0.0
2016-12-27 00:00:00-05:00,18.766105028338536,18.78131291676507,18.62923693310787,18.659652709960938,4805500,0.0,0.0
2016-12-28 00:00:00-05:00,18.614025388543745,18.652045102142306,18.499969148355625,18.545591354370117,8334500,0.0,0.0
2016-12-29 00:00:00-05:00,18.73568859376349,18.75089648165615,18.58361406574898,18.652048110961914,8653100,0.0,0.0
2016-12-30 00:00:00-05:00,18.705275814882278,18.72048370403236,18.522785495993688,18.576011657714844,6356100,0.0,0.0
2017-01-03 00:00:00-05:00,18.88776330034297,19.03223532498767,18.811725316303452,18.979007720947266,7692800,0.0,0.0
2017-01-04 00:00:00-05:00,19.191912189833356,19.43523255827755,19.176704304229645,19.41242218017578,6592100,0.0,0.0
2017-01-05 00:00:00-05:00,19.678554981096806,20.02832913497843,19.67095248780507,19.997913360595703,8265100,0.0,0.0
2017-01-06 00:00:00-05:00,19.914270661611607,20.020722959475975,19.861044512679424,19.944684982299805,6614900,0.0,0.0
2017-01-09 00:00:00-05:00,19.526479341771644,19.53408328493183,19.397215208656185,19.450441360473633,6261200,0.0,0.0
2017-01-10 00:00:00-05:00,19.876254467585845,19.899066299869382,19.70136810432419,19.792613983154297,7575200,0.0,0.0
2017-01-11 00:00:00-05:00,19.891461202126177,20.188007753093082,19.8382350468556,20.165197372436523,9948900,0.0,0.0
2017-01-12 00:00:00-05:00,20.073949585675294,20.317269958181058,20.028327378406416,20.2640438079834,7883400,0.0,0.0
2017-01-13 00:00:00-05:00,20.127176404997467,20.241234102417216,20.089158139393465,20.172800064086914,5874000,0.0,0.0
2017-01-17 00:00:00-05:00,19.731782921838363,19.97510331982246,19.731782921838363,19.95229148864746,10131600,0.0,0.0
2017-01-18 00:00:00-05:00,19.78500992410909,19.845840026207725,19.724179822010456,19.746990203857422,6165800,0.0,0.0
2017-01-19 00:00:00-05:00,19.62533002877707,19.7089719631508,19.5721038706498,19.648141860961914,5800200,0.0,0.0
2017-01-20 00:00:00-05:00,19.617725174068738,19.655744892611953,19.55689507470356,19.610122680664062,4225600,0.0,0.0
2017-01-23 00:00:00-05:00,19.640539533337105,19.762199747727635,19.518879318946578,19.716577529907227,4155900,0.0,0.0
2017-01-24 00:00:00-05:00,19.222328884345238,19.38200733994264,19.11587513030977,19.351593017578125,7940400,0.0,0.0
2017-01-25 00:00:00-05:00,18.857349395751953,18.87255728412805,18.667255141962904,18.857349395751953,12631900,0.0,0.0
2017-01-26 00:00:00-05:00,18.743293107385448,18.78891532214602,18.652048677864297,18.735689163208008,9071500,0.0,0.0
2017-01-27 00:00:00-05:00,18.682465253515495,18.773711144326104,18.64444697835521,18.6900691986084,4627200,0.0,0.0
2017-01-30 00:00:00-05:00,18.971407478028922,19.024633638078605,18.849747269257048,18.933387756347656,6400600,0.0,0.0
2017-01-31 00:00:00-05:00,18.826935436248288,18.971407478028922,18.81933149191204,18.933387756347656,5196800,0.0,0.0
2017-02-01 00:00:00-05:00,19.001821434716767,19.009425378904815,18.758501021915436,18.857349395751953,4834100,0.0,0.0
2017-02-02 00:00:00-05:00,18.705272397787578,18.826932588154985,18.682460568229736,18.773706436157227,6006500,0.0,0.0
2017-02-03 00:00:00-05:00,18.720482070601424,18.81933044084381,18.690066294955145,18.728084564208984,4171200,0.0,0.0
2017-02-06 00:00:00-05:00,18.53038688404127,18.598819475167137,18.492367166411416,18.568405151367188,5074000,0.0,0.0
2017-02-07 00:00:00-05:00,18.55319732326497,18.62923530846234,18.484763281617735,18.591217041015625,4981400,0.0,0.0
2017-02-08 00:00:00-05:00,18.90297192296891,18.986612403394382,18.834537879700083,18.91057586669922,6124900,0.0,0.0
2017-02-09 00:00:00-05:00,19.267954872720868,19.283162762038298,19.161502548107165,19.229936599731445,6739800,0.0,0.0
2017-02-10 00:00:00-05:00,19.032234131118166,19.123478545998804,18.98661047337402,19.009422302246094,4150700,0.0,0.0
2017-02-13 00:00:00-05:00,19.062649707956517,19.077857594872704,18.880159415874072,19.001819610595703,3041100,0.0,0.0
2017-02-14 00:00:00-05:00,18.925780594044326,18.971404252304414,18.84214012117518,18.918176651000977,3087500,0.0,0.0
2017-02-15 00:00:00-05:00,18.804122137844633,19.04744253642655,18.7661038694302,19.032236099243164,4351600,0.0,0.0
2017-02-16 00:00:00-05:00,19.13868804639684,19.222329975679735,19.108272272001628,19.176706314086914,4094900,0.0,0.0
2017-02-17 00:00:00-05:00,18.925785189572515,19.108275516013343,18.85735113586918,19.093069076538086,4415000,0.0,0.0
2017-02-21 00:00:00-05:00,19.336386043499065,19.404820084927646,19.25274411501881,19.389612197875977,4930400,0.0,0.0
2017-02-22 00:00:00-05:00,19.435234408727055,19.458046239304558,19.321178156447395,19.389612197875977,3922700,0.0,0.0
2017-02-23 00:00:00-05:00,19.503669513035984,19.617725771531305,19.442839411818213,19.59491539001465,4358600,0.0,0.0
2017-02-24 00:00:00-05:00,19.54928910817487,19.663346801698676,19.50366690094764,19.564496994018555,4244700,0.0,0.0
2017-02-27 00:00:00-05:00,19.2679522811315,19.382008535063058,19.252744393859572,19.321178436279297,3539200,0.0,0.0
2017-02-28 00:00:00-05:00,19.43523469021085,19.496064788994612,19.290764112039394,19.321178436279297,3395500,0.0,0.0
2017-03-01 00:00:00-05:00,19.184309324386295,19.328781345127236,19.153895001774657,19.23753547668457,3436200,0.0,0.0
2017-03-02 00:00:00-05:00,19.161501185916407,19.275557447080566,19.138689353561954,19.19191551208496,3302400,0.0,0.0
2017-03-03 00:00:00-05:00,19.16149934098654,19.23753587423891,19.07025347065823,19.214725494384766,4190400,0.0,0.0
2017-03-06 00:00:00-05:00,19.153896214752763,19.153896214752763,19.077858227952518,19.108272552490234,2859000,0.0,0.0
2017-03-07 00:00:00-05:00,19.024630904406287,19.108271379478495,18.98661118818812,19.039838790893555,2693200,0.0,0.0
2017-03-08 00:00:00-05:00,19.161499841423552,19.176706278288826,19.024631757508477,19.05504608154297,4647300,0.0,0.0
2017-03-09 00:00:00-05:00,19.15389633178711,19.17670671275378,19.055046513251607,19.15389633178711,5033400,0.0,0.0
2017-03-10 00:00:00-05:00,19.1006692442023,19.24513981762493,19.093065300816285,19.214725494384766,3908300,0.0,0.0
2017-03-13 00:00:00-04:00,19.22993173317001,19.267949996538064,19.153893756130113,19.24513816833496,4284900,0.0,0.0
2017-03-14 00:00:00-04:00,19.199517289433636,19.237535555429773,19.138687193657486,19.1614990234375,3310700,0.0,0.0
2017-03-15 00:00:00-04:00,19.222331395075983,19.81542453653779,19.191915618434837,19.678556442260742,12233400,0.0,0.0
2017-03-16 00:00:00-04:00,19.83823397042246,20.066346466434272,19.83063002718155,20.05874252319336,7451200,0.0,0.0
2017-03-17 00:00:00-04:00,20.096764832030576,20.226028983194343,20.013122895894,20.18800926208496,5186100,0.0,0.0
2017-03-20 00:00:00-04:00,20.20321683777112,20.279254828508705,20.051142306599992,20.134782791137695,4399800,0.0,0.0
2017-03-21 00:00:00-04:00,20.332479781901757,20.355291612862274,20.14238554147601,20.165197372436523,5146000,0.0,0.0
2017-03-22 00:00:00-04:00,20.013120157881588,20.19561044332777,19.891459967584133,20.172800064086914,7324500,0.0,0.0
2017-03-23 00:00:00-04:00,20.165197777525453,20.48455616586831,20.14998988991294,20.362895965576172,6730200,0.0,0.0
2017-03-24 00:00:00-04:00,20.39331020647765,20.51497040626855,20.324876162807268,20.438932418823242,5617400,0.0,0.0
2017-03-27 00:00:00-04:00,20.416120192900102,20.51496855243379,20.37049798467716,20.461742401123047,3907400,0.0,0.0
2017-03-28 00:00:00-04:00,20.309669182178958,20.37810322890524,20.241236585756724,20.25644302368164,3731300,0.0,0.0
2017-03-29 00:00:00-04:00,20.157594650801485,20.294462744254044,20.142386762572524,20.25644302368164,3251200,0.0,0.0
2017-03-30 00:00:00-04:00,20.073953087561467,20.165198968320816,20.01312298382326,20.11197280883789,3638100,0.0,0.0
2017-03-31 00:00:00-04:00,20.089159667080025,20.218423810388988,20.05874389204075,20.096763610839844,3859000,0.0,0.0
2017-04-03 00:00:00-04:00,20.073950488588153,20.104366261671366,19.87625231445893,19.98270606994629,3103900,0.0,0.0
2017-04-04 00:00:00-04:00,19.87625568983731,19.9522936851542,19.807821639082526,19.883859634399414,3077700,0.0,0.0
2017-04-05 00:00:00-04:00,19.95229337393987,19.97510520727036,19.815425274565158,19.83063316345215,3148200,0.0,0.0
2017-04-06 00:00:00-04:00,19.678554216763313,19.72417787656534,19.602517684367722,19.625328063964844,3399800,0.0,0.0
2017-04-07 00:00:00-04:00,19.458045959472656,19.518876056500588,19.420027692694166,19.458045959472656,4153000,0.0,0.0
2017-04-10 00:00:00-04:00,19.579704879862238,19.63293103001131,19.526478729713165,19.564496994018555,3296900,0.0,0.0
2017-04-11 00:00:00-04:00,19.678556186904338,19.701368019089184,19.488461936276074,19.648141860961914,3213200,0.0,0.0
2017-04-12 00:00:00-04:00,19.701368699566448,19.792614581153387,19.640538595276517,19.777406692504883,4351500,0.0,0.0
2017-04-13 00:00:00-04:00,19.693761445123826,19.762195482235647,19.61772346496582,19.61772346496582,2975100,0.0,0.0
2017-04-17 00:00:00-04:00,19.731781265115828,19.78500741641787,19.67095117072723,19.762195587158203,2820300,0.0,0.0
2017-04-18 00:00:00-04:00,19.80021687306937,19.81542331014475,19.640536956194182,19.807819366455078,2548600,0.0,0.0
2017-04-19 00:00:00-04:00,19.83823576696302,19.88385798023613,19.663349407496085,19.693763732910156,3111800,0.0,0.0
2017-04-20 00:00:00-04:00,19.70136964053237,19.792615526477345,19.67855780647009,19.716577529907227,2141300,0.0,0.0
2017-04-21 00:00:00-04:00,19.724181109018815,19.739387547807674,19.61012484142968,19.640539169311523,2656000,0.0,0.0
2017-04-24 00:00:00-04:00,19.937083973144855,20.035933793110026,19.921877535715137,20.028329849243164,3810200,0.0,0.0
2017-04-25 00:00:00-04:00,20.119573616670724,20.12717756028876,20.005517363008064,20.02072525024414,5025800,0.0,0.0
2017-04-26 00:00:00-04:00,20.073952688608436,20.20321683777112,20.05874480040011,20.134782791137695,3957600,0.0,0.0
2017-04-27 00:00:00-04:00,20.165201733325535,20.210823954808784,20.104371621246447,20.127182006835938,3275600,0.0,0.0
2017-04-28 00:00:00-04:00,19.769802178310073,19.937084597709394,19.693764187563456,19.914274215698242,3915500,0.0,0.0
2017-05-01 00:00:00-04:00,19.952291430107092,19.959895373809783,19.868649499681478,19.929479598999023,2580000,0.0,0.0
2017-05-02 00:00:00-04:00,20.081552235441468,20.18800452898173,20.051137915988704,20.149986267089844,3610400,0.0,0.0
2017-05-03 00:00:00-04:00,20.294460913908388,20.324875237319215,20.14238494594251,20.180404663085938,3483800,0.0,0.0
2017-05-04 00:00:00-04:00,20.2108199321994,20.35529196349671,20.111971563609018,20.340084075927734,3008400,0.0,0.0
2017-05-05 00:00:00-04:00,20.51497464772353,20.545390429111688,20.43133414951467,20.53778648376465,4542500,0.0,0.0
2017-05-08 00:00:00-04:00,20.705061776594686,20.705061776594686,20.438929582617895,20.499759674072266,2520900,0.0,0.0
2017-05-09 00:00:00-04:00,20.431330694932424,20.49976329087645,20.317272984316297,20.49216079711914,4631400,0.0,0.0
2017-05-10 00:00:00-04:00,20.591006241019205,20.73547825703101,20.545384033443202,20.629024505615234,4290100,0.0,0.0
2017-05-11 00:00:00-04:00,20.48455810546875,20.560596100427066,20.43133194408917,20.48455810546875,3743000,0.0,0.0
2017-05-12 00:00:00-04:00,20.91036512586599,21.024421372855397,20.82672320126529,20.971195220947266,5331600,0.0,0.0
2017-05-15 00:00:00-04:00,20.887553296346564,21.039629259201682,20.84953503078472,20.971195220947266,2741300,0.0,0.0
2017-05-16 00:00:00-04:00,21.883648195665984,21.982496556752654,21.716364345713952,21.815214157104492,6734300,0.0,0.0
2017-05-17 00:00:00-04:00,22.03572592517812,22.195405855229367,21.921669661029565,21.92927360534668,7213200,0.0,0.0
2017-05-18 00:00:00-04:00,22.035720887107917,22.126966747747495,21.936872534193483,22.05853271484375,5801800,0.0,0.0
2017-05-19 00:00:00-04:00,22.149779736360248,22.210609833856488,22.081347145692916,22.18779945373535,4601800,0.0,0.0
2017-05-22 00:00:00-04:00,22.484345852938112,22.659232200825503,22.469137966086013,22.52236557006836,5995100,0.0,0.0
2017-05-23 00:00:00-04:00,22.522365790525065,22.552780114223054,22.415912031822284,22.431119918823242,3406000,0.0,0.0
2017-05-24 00:00:00-04:00,22.50715978696106,22.56038594561454,22.44632968417079,22.529970169067383,3391500,0.0,0.0
2017-05-25 00:00:00-04:00,22.75047999692599,22.796102211039216,22.68204595060413,22.742876052856445,5698500,0.0,0.0
2017-05-26 00:00:00-04:00,22.590800382021374,22.80370646797758,22.58319788815156,22.79610252380371,7251400,0.0,0.0
2017-05-30 00:00:00-04:00,22.659231306454455,22.780891495861425,22.62881698425464,22.70485496520996,8576700,0.0,0.0
2017-05-31 00:00:00-04:00,22.993798613290693,23.107854864833712,22.826516207714523,23.00900650024414,8448300,0.0,0.0
2017-06-01 00:00:00-04:00,23.077439180557082,23.092647066613853,22.765684767912408,22.87213706970215,4280600,0.0,0.0
2017-06-02 00:00:00-04:00,22.796102013179112,22.955781936645508,22.727667967451232,22.955781936645508,3667100,0.0,0.0
2017-06-05 00:00:00-04:00,22.872139350085362,23.001403493848073,22.856931462512343,22.948177337646484,2577300,0.0,0.0
2017-06-06 00:00:00-04:00,22.75808173426708,22.978590289686178,22.742873847602617,22.91015625,3896500,0.0,0.0
2017-06-07 00:00:00-04:00,23.03100091938973,23.078389388611708,22.817750548212427,22.920427322387695,3850100,1.123,0.0
2017-06-08 00:00:00-04:00,22.762459562992266,22.77825621864486,22.604497525822353,22.651885986328125,3714700,0.0,0.0
2017-06-09 00:00:00-04:00,22.54131506327637,22.64399032420137,22.399148158570853,22.47812843322754,4271700,0.0,0.0
2017-06-12 00:00:00-04:00,22.77825698208583,22.88093223436496,22.73876684808279,22.817747116088867,4762300,0.0,0.0
2017-06-13 00:00:00-04:00,22.95201530490478,22.95201530490478,22.80984841449847,22.896728515625,2391200,0.0,0.0
2017-06-14 00:00:00-04:00,22.983611312679546,23.030999779556204,22.730870814067757,22.794055938720703,3139800,0.0,0.0
2017-06-15 00:00:00-04:00,22.54131619810385,22.675583274360676,22.51762121064263,22.612398147583008,4272000,0.0,0.0
2017-06-16 00:00:00-04:00,22.722970191900757,22.84934042845294,22.63609008935161,22.817747116088867,4921000,0.0,0.0
2017-06-19 00:00:00-04:00,22.817749418932934,22.85724106337365,22.74666596539184,22.794055938720703,2755200,0.0,0.0
2017-06-20 00:00:00-04:00,22.809848789039133,22.82564544522189,22.470229719822168,22.525516510009766,3447800,0.0,0.0
2017-06-21 00:00:00-04:00,22.588705055873138,22.659788513029614,22.533418257296383,22.549213409423828,2950400,0.0,0.0
2017-06-22 00:00:00-04:00,22.722972866537496,22.754564676168073,22.643991082782716,22.707176208496094,2591500,0.0,0.0
2017-06-23 00:00:00-04:00,22.77036095025719,22.88093454177806,22.73876914115931,22.786157608032227,1923800,0.0,0.0
2017-06-26 00:00:00-04:00,22.952016463826432,22.999406433989424,22.72297096718037,22.738767623901367,3535400,0.0,0.0
2017-06-27 00:00:00-04:00,22.61239815065034,22.730871581520258,22.580806340483345,22.62819480895996,3569300,0.0,0.0
2017-06-28 00:00:00-04:00,22.730868519991773,22.865137084634974,22.699275207627704,22.817747116088867,4014600,0.0,0.0
2017-06-29 00:00:00-04:00,22.849343112924338,22.865139770962255,22.612397761712263,22.683481216430664,3659800,0.0,0.0
2017-06-30 00:00:00-04:00,22.762461088519142,22.77035941687478,22.55710907062888,22.691377639770508,2861400,0.0,0.0
2017-07-03 00:00:00-04:00,22.58870087016976,22.715071102486494,22.58870087016976,22.651885986328125,1886100,0.0,0.0
2017-07-05 00:00:00-04:00,22.565010074989292,22.667686849337002,22.525519934980036,22.58870506286621,3047300,0.0,0.0
2017-07-06 00:00:00-04:00,22.63609352796607,22.64399185725691,22.525519930798854,22.56501007080078,2077300,0.0,0.0
2017-07-07 00:00:00-04:00,22.549209231038283,22.675579463355014,22.493922442706214,22.651885986328125,2128300,0.0,0.0
2017-07-10 00:00:00-04:00,22.588704281107614,22.746666342130105,22.56500929405074,22.683481216430664,1675500,0.0,0.0
2017-07-11 00:00:00-04:00,22.486023721006763,22.517617031758544,22.359653490903575,22.40704345703125,3186200,0.0,0.0
2017-07-12 00:00:00-04:00,22.6755840155529,22.888834390317598,22.65978886318138,22.82564926147461,3601200,0.0,0.0
2017-07-13 00:00:00-04:00,22.999404890077486,23.023098367116376,22.80984803505435,22.952014923095703,2342200,0.0,0.0
2017-07-14 00:00:00-04:00,22.912530506142396,23.007307450844962,22.880937186939956,22.983613967895508,2255900,0.0,0.0
2017-07-17 00:00:00-04:00,23.03099974549274,23.173166652364653,23.03099974549274,23.07048988342285,1846900,0.0,0.0
2017-07-18 00:00:00-04:00,22.944120021317183,23.031000133971524,22.86513974412475,23.01520347595215,1933800,0.0,0.0
2017-07-19 00:00:00-04:00,23.212654499116454,23.220552827213318,23.117877574858156,23.165266036987305,2332800,0.0,0.0
2017-07-20 00:00:00-04:00,23.33902740647295,23.410110861026855,23.236352142368546,23.346925735473633,3034600,0.0,0.0
2017-07-21 00:00:00-04:00,23.647053522724857,23.66284867247789,23.410108199004743,23.512784957885742,3616500,0.0,0.0
2017-07-24 00:00:00-04:00,23.149471281015707,23.18896292474171,23.02310103399686,23.141572952270508,2872200,0.0,0.0
2017-07-25 00:00:00-04:00,23.165271033952408,23.196864353154844,22.967817308294286,22.983613967895508,1802100,0.0,0.0
2017-07-26 00:00:00-04:00,22.991511903826744,23.078390517240376,22.95202025550023,23.03890037536621,2584500,0.0,0.0
2017-07-27 00:00:00-04:00,23.481192791612745,23.496989448588877,23.165267184350714,23.315332412719727,3447400,0.0,0.0
2017-07-28 00:00:00-04:00,23.038897321223867,23.283739482581456,23.030998992605603,23.252147674560547,2316100,0.0,0.0
2017-07-31 00:00:00-04:00,23.362722014114627,23.46539727655181,23.31533354733225,23.44170379638672,1966500,0.0,0.0
2017-08-01 00:00:00-04:00,23.591770946887255,23.599667769948432,23.402214051467947,23.410112380981445,1855400,0.0,0.0
2017-08-02 00:00:00-04:00,23.386415095427996,23.43380355834961,23.28373833490375,23.43380355834961,1655500,0.0,0.0
2017-08-03 00:00:00-04:00,23.378516393046628,23.599663554109604,23.339024752533916,23.512784957885742,1691800,0.0,0.0
2017-08-04 00:00:00-04:00,23.544376373291016,23.575969685177117,23.49698791191389,23.544376373291016,3099700,0.0,0.0
2017-08-07 00:00:00-04:00,23.678648383355444,23.69444504159838,23.591769775923776,23.615463256835938,2001200,0.0,0.0
2017-08-08 00:00:00-04:00,23.402210634163904,23.512785724753844,23.354822170455133,23.39431381225586,2002300,0.0,0.0
2017-08-09 00:00:00-04:00,23.544378282716053,23.67864685621697,23.48119316027163,23.552276611328125,3626200,0.0,0.0
2017-08-10 00:00:00-04:00,23.29163858538226,23.29163858538226,23.117879869361396,23.125778198242188,2675400,0.0,0.0
2017-08-11 00:00:00-04:00,22.98361053341344,23.015202341442684,22.809850316670076,22.90462875366211,5557400,0.0,0.0
2017-08-14 00:00:00-04:00,22.975712964206842,23.18896332464834,22.95201797756261,23.133676528930664,2863400,0.0,0.0
2017-08-15 00:00:00-04:00,22.912528994517118,22.967815793021533,22.801955397508284,22.928325653076172,2680900,0.0,0.0
2017-08-16 00:00:00-04:00,22.880931865147687,22.95201531036776,22.85723838770901,22.912525177001953,2477700,0.0,0.0
2017-08-17 00:00:00-04:00,22.896732367336025,22.92832568449743,22.557111740112305,22.557111740112305,3513000,0.0,0.0
2017-08-18 00:00:00-04:00,22.612398537290446,22.651890183739752,22.509723269426797,22.549213409423828,3242500,0.0,0.0
2017-08-21 00:00:00-04:00,22.69137994342254,22.762463399387638,22.63609314577241,22.667686462402344,2312700,0.0,0.0
2017-08-22 00:00:00-04:00,22.69927748953539,22.809851081021254,22.659787351562496,22.75456428527832,2341300,0.0,0.0
2017-08-23 00:00:00-04:00,22.651889793351707,22.675583274360676,22.58870466657404,22.612398147583008,2354800,0.0,0.0
2017-08-24 00:00:00-04:00,22.612398540093547,22.64399185725691,22.533418260089697,22.56501007080078,2092900,0.0,0.0
2017-08-25 00:00:00-04:00,22.620296089065775,22.746666340455356,22.59660260846287,22.675582885742188,1998200,0.0,0.0
2017-08-28 00:00:00-04:00,22.699277872797317,22.762462998492108,22.620296089065775,22.675582885742188,1432900,0.0,0.0
2017-08-29 00:00:00-04:00,22.422841638386988,22.565008543092507,22.422841638386988,22.47812843322754,2335100,0.0,0.0
2017-08-30 00:00:00-04:00,22.62819441975018,22.722972861525456,22.580805952088657,22.683481216430664,3269800,0.0,0.0
2017-08-31 00:00:00-04:00,22.715075281885756,22.94412080518295,22.715075281885756,22.928325653076172,1978800,0.0,0.0
2017-09-01 00:00:00-04:00,22.991509639751133,22.99940796863865,22.762462621369668,22.786157608032227,2957300,0.0,0.0
2017-09-05 00:00:00-04:00,22.63609238649916,22.66768570206937,22.36755522996117,22.422842025756836,2710600,0.0,0.0
2017-09-06 00:00:00-04:00,22.588701628288742,22.63609009038496,22.50182152573563,22.525516510009766,2807100,0.0,0.0
2017-09-07 00:00:00-04:00,22.65978698560682,22.65978698560682,22.470231614784286,22.493925094604492,2913100,0.0,0.0
2017-09-08 00:00:00-04:00,22.541313160991034,22.58870162307632,22.47812653627459,22.509719848632812,1520900,0.0,0.0
2017-09-11 00:00:00-04:00,22.64399031602813,22.888832481570272,22.64399031602813,22.84144401550293,1905600,0.0,0.0
2017-09-12 00:00:00-04:00,22.715073760646504,22.87303581630143,22.70717543189593,22.809850692749023,1810100,0.0,0.0
2017-09-13 00:00:00-04:00,22.79405441363831,22.86513786242342,22.707174308133823,22.73086929321289,1821700,0.0,0.0
2017-09-14 00:00:00-04:00,22.62029687218455,22.659788518643644,22.501824945711828,22.580806732177734,1683400,0.0,0.0
2017-09-15 00:00:00-04:00,22.47812653627459,22.525516504811925,22.391247940193576,22.509719848632812,3880000,0.0,0.0
2017-09-18 00:00:00-04:00,22.636091624949692,22.786156855955127,22.5255180370784,22.60449981689453,2700800,0.0,0.0
2017-09-19 00:00:00-04:00,22.636092373862233,22.873036214697738,22.62029571608595,22.794055938720703,2411800,0.0,0.0
2017-09-20 00:00:00-04:00,22.89673120136217,22.936222845802885,22.659787360526664,22.794055938720703,2424000,0.0,0.0
2017-09-21 00:00:00-04:00,22.517619708451573,22.68348009025851,22.509721379824743,22.60449981689453,1617100,0.0,0.0
2017-09-22 00:00:00-04:00,22.620298385620117,22.70717850719065,22.557113253510376,22.620298385620117,2090400,0.0,0.0
2017-09-25 00:00:00-04:00,22.557111745696982,22.683482001469336,22.54131659356465,22.58870506286621,2749600,0.0,0.0
2017-09-26 00:00:00-04:00,22.53341483029891,22.57290496429008,22.391247937607424,22.501821517944336,2011600,0.0,0.0
2017-09-27 00:00:00-04:00,22.430740750715877,22.49392587651978,22.328065486204125,22.39914894104004,2438000,0.0,0.0
2017-09-28 00:00:00-04:00,22.099019613340516,22.249084859851553,22.067427802021104,22.16220474243164,4080600,0.0,0.0
2017-09-29 00:00:00-04:00,22.35175818603423,22.501823419495853,22.28067473368147,22.47812843322754,2253800,0.0,0.0
2017-10-02 00:00:00-04:00,22.43863526133106,22.478125393318816,22.328061686603764,22.40704345703125,2622600,0.0,0.0
2017-10-03 00:00:00-04:00,22.343857951602473,22.44653319684795,22.335959624052524,22.430736541748047,3410500,0.0,0.0
2017-10-04 00:00:00-04:00,22.430739606479992,22.4386379351091,22.2016941020445,22.256980895996094,2414200,0.0,0.0
2017-10-05 00:00:00-04:00,22.067423629002153,22.359654230867275,22.05162697310349,22.23328399658203,4539900,0.0,0.0
2017-10-06 00:00:00-04:00,22.23328437664558,22.24118270472993,22.083219155947077,22.17009925842285,2472500,0.0,0.0
2017-10-09 00:00:00-04:00,22.280676671170966,22.288575000613893,22.130612931112232,22.16220474243164,2129600,0.0,0.0
2017-10-10 00:00:00-04:00,22.40704800711456,22.636093530768186,22.399149677822745,22.580806732177734,3436700,0.0,0.0
2017-10-11 00:00:00-04:00,22.722970964853204,22.770359428559242,22.651887516068093,22.73086929321289,3044900,0.0,0.0
2017-10-12 00:00:00-04:00,22.746662918863976,22.975709906586594,22.667682653465,22.952014923095703,4929500,0.0,0.0
2017-10-13 00:00:00-04:00,23.078389000481412,23.109982317066248,22.93622359520641,22.999408721923828,2571000,0.0,0.0
2017-10-16 00:00:00-04:00,22.95201721893205,23.015202341442684,22.857240288392166,22.90462875366211,2081100,0.0,0.0
2017-10-17 00:00:00-04:00,22.967811960828154,22.97571028878984,22.80984841449847,22.896728515625,1639000,0.0,0.0
2017-10-18 00:00:00-04:00,22.88883399963379,22.92832564601927,22.801955390490278,22.88883399963379,2201100,0.0,0.0
2017-10-19 00:00:00-04:00,22.92832412727845,23.01520273066724,22.809850702421794,22.849342346191406,1743800,0.0,0.0
2017-10-20 00:00:00-04:00,22.99151077378377,22.99151077378377,22.77826040265899,22.88883399963379,1901200,0.0,0.0
2017-10-23 00:00:00-04:00,22.936222845802885,22.944119668238827,22.74666596539184,22.794055938720703,1681000,0.0,0.0
2017-10-24 00:00:00-04:00,22.75456277183986,22.82564622062497,22.699275979774132,22.73086929321289,1391900,0.0,0.0
2017-10-25 00:00:00-04:00,22.91252824367763,22.93622323073973,22.628194424741316,22.707176208496094,3316000,0.0,0.0
2017-10-26 00:00:00-04:00,22.66768264198072,22.746662907339676,22.565005886690873,22.651885986328125,2479500,0.0,0.0
2017-10-27 00:00:00-04:00,22.54131581344609,22.722972861525456,22.517620826389212,22.683481216430664,1919000,0.0,0.0
2017-10-30 00:00:00-04:00,22.762461100199552,22.87303468433101,22.699275979774132,22.73086929321289,2620300,0.0,0.0
2017-10-31 00:00:00-04:00,22.79405706121318,22.920427316742174,22.67558362850901,22.88883399963379,1770500,0.0,0.0
2017-11-01 00:00:00-04:00,23.212652584616343,23.31532933495513,23.141569144059314,23.157365798950195,3114700,0.0,0.0
2017-11-02 00:00:00-04:00,23.196861261267962,23.26004638479858,23.078387836502397,23.173166275024414,2021600,0.0,0.0
2017-11-03 00:00:00-04:00,23.04679909984801,23.05469742964862,22.84144704438928,22.983613967895508,1918400,0.0,0.0
2017-11-06 00:00:00-05:00,23.046796403245665,23.078388212299313,22.959916292056782,23.07048988342285,1998200,0.0,0.0
2017-11-07 00:00:00-05:00,22.991509252803567,23.023101061369754,22.801953882049926,22.857240676879883,2034800,0.0,0.0
2017-11-08 00:00:00-05:00,22.69927748953539,22.801954258588434,22.620295707137398,22.75456428527832,2468800,0.0,0.0
2017-11-09 00:00:00-05:00,23.038896185614664,23.496988677729117,23.015201200927823,23.43380355834961,11021800,0.0,0.0
2017-11-10 00:00:00-05:00,23.094184495931447,23.22845307175178,23.030999372395538,23.18106460571289,8388800,0.0,0.0
2017-11-13 00:00:00-05:00,22.683480838946675,22.801954265807264,22.675582510059154,22.786157608032227,9212600,0.0,0.0
2017-11-14 00:00:00-05:00,23.694446123595444,24.17623367683996,23.670751135149015,24.073556900024414,9634400,0.0,0.0
2017-11-15 00:00:00-05:00,24.231517795908378,24.310499575539342,24.152536016277413,24.247314453125,10866000,0.0,0.0
2017-11-16 00:00:00-05:00,24.120944195856058,24.271007919980136,24.105147538647582,24.19992446899414,5246300,0.0,0.0
2017-11-17 00:00:00-05:00,24.20782316434735,24.507953630046774,24.16833302718003,24.452665328979492,6858600,0.0,0.0
2017-11-20 00:00:00-05:00,24.3499904621988,24.484259039771764,24.34209213334719,24.428972244262695,3292700,0.0,0.0
2017-11-21 00:00:00-05:00,24.42897072150618,24.468460856850452,24.34998894436554,24.37368392944336,3875100,0.0,0.0
2017-11-22 00:00:00-05:00,24.32058543307858,24.497580423634776,24.264269403173145,24.457353591918945,3097000,0.564,0.0
2017-11-24 00:00:00-05:00,24.650437623011644,24.698709820761913,24.58607622717467,24.610212326049805,1603000,0.0,0.0
2017-11-27 00:00:00-05:00,24.65848421225775,24.674574945639204,24.449309281789233,24.497581481933594,2408100,0.0,0.0
2017-11-28 00:00:00-05:00,24.39299254493973,24.602167469366922,24.368857980061392,24.586076736450195,2703900,0.0,0.0
2017-11-29 00:00:00-05:00,24.602168356004807,24.755027255229088,24.602168356004807,24.634349822998047,3000900,0.0,0.0
2017-11-30 00:00:00-05:00,24.78720562440663,24.875703118559738,24.698709664750236,24.763071060180664,3589100,0.0,0.0
2017-12-01 00:00:00-05:00,24.75502654358275,24.819387941222196,24.658483679875207,24.72284507751465,3071400,0.0,0.0
2017-12-04 00:00:00-05:00,24.835478674256247,24.907883903915955,24.69066514594331,24.72284507751465,3156100,0.0,0.0
2017-12-05 00:00:00-05:00,24.76307087519628,24.851566834191598,24.610211986754628,24.62630271911621,2477800,0.0,0.0
2017-12-06 00:00:00-05:00,24.650439874966697,24.6987120771269,24.513671704506503,24.521717071533203,2363700,0.0,0.0
2017-12-07 00:00:00-05:00,24.96420080374149,25.125103526300453,24.843521843701367,24.972246170043945,4454900,0.0,0.0
2017-12-08 00:00:00-05:00,25.100970508542037,25.18946647432849,25.02051837505696,25.1170597076416,2398000,0.0,0.0
2017-12-11 00:00:00-05:00,25.076837703591792,25.173380583360323,25.020521663100574,25.141199111938477,2152100,0.0,0.0
2017-12-12 00:00:00-05:00,25.310147233412135,25.374510176255832,25.109017640516626,25.141199111938477,2956900,0.0,0.0
2017-12-13 00:00:00-05:00,25.149240667449828,25.286008831266127,25.109013834270453,25.21360206604004,2027300,0.0,0.0
2017-12-14 00:00:00-05:00,25.28601040283703,25.28601040283703,25.11706076197671,25.15728759765625,1864700,0.0,0.0
2017-12-15 00:00:00-05:00,24.94811109434579,25.052697791573745,24.899840429048023,24.996381759643555,2670200,0.0,0.0
2017-12-18 00:00:00-05:00,25.33427967064693,25.366461137411534,25.253827538232212,25.277963638305664,1919300,0.0,0.0
2017-12-19 00:00:00-05:00,25.310143059937346,25.430822023373103,25.24578166220343,25.302099227905273,2685700,0.0,0.0
2017-12-20 00:00:00-05:00,25.334278099122688,25.382548761778498,25.23773677381107,25.261871337890625,2436600,0.0,0.0
2017-12-21 00:00:00-05:00,25.35841389117666,25.688266228581515,25.342323158986986,25.567588806152344,3743200,0.0,0.0
2017-12-22 00:00:00-05:00,25.559545519518924,25.704359052014276,25.559545519518924,25.6319522857666,1969000,0.0,0.0
2017-12-26 00:00:00-05:00,25.511273319022603,25.72849361776563,25.511273319022603,25.6319522857666,1835100,0.0,0.0
2017-12-27 00:00:00-05:00,25.59977184104899,25.680223977258763,25.495185138124096,25.511274337768555,1529200,0.0,0.0
2017-12-28 00:00:00-05:00,25.639996091090463,25.69631212040983,25.599769259793266,25.68826675415039,1646300,0.0,0.0
2017-12-29 00:00:00-05:00,25.656083891381016,25.736536015095705,25.623903962593115,25.66412925720215,1327400,0.0,0.0
2018-01-02 00:00:00-05:00,25.873305595483174,25.937668525610576,25.736537437955878,25.905487060546875,2413800,0.0,0.0
2018-01-03 00:00:00-05:00,25.73653793334961,25.857215360667936,25.639996605293646,25.73653793334961,2175600,0.0,0.0
2018-01-04 00:00:00-05:00,25.84917259719433,26.01812069552394,25.83308186368766,25.993986129760742,1779800,0.0,0.0
2018-01-05 00:00:00-05:00,26.098571301578108,26.24338483418622,26.034211436526512,26.211206436157227,1978600,0.0,0.0
2018-01-08 00:00:00-05:00,26.28360939025879,26.34797232248404,26.170977327858125,26.28360939025879,2622500,0.0,0.0
2018-01-09 00:00:00-05:00,26.170976984065824,26.251430648290516,26.09052638883462,26.227293014526367,1969300,0.0,0.0
2018-01-10 00:00:00-05:00,25.865261894060552,25.873305725870303,25.454955884914234,25.463001251220703,3677200,0.0,0.0
2018-01-11 00:00:00-05:00,24.915929474459368,25.31014323004111,24.867658809458707,25.29405403137207,3305300,0.0,0.0
2018-01-12 00:00:00-05:00,25.527362497955018,25.69631212040983,25.495182567413973,25.68826675415039,2897400,0.0,0.0
2018-01-16 00:00:00-05:00,25.873306824307413,26.050301821570518,25.86526299215617,26.01007652282715,3375000,0.0,0.0
2018-01-17 00:00:00-05:00,25.720446288458866,25.74458238686536,25.165329835579698,25.197509765625,11250100,0.0,0.0
2018-01-18 00:00:00-05:00,25.390596049235185,25.599770982567215,25.326234649325084,25.406686782836914,6603600,0.0,0.0
2018-01-19 00:00:00-05:00,25.479093549547876,25.575636416661435,25.33428001612595,25.406686782836914,2934400,0.0,0.0
2018-01-22 00:00:00-05:00,25.728492746820848,25.88135010639435,25.720447380343806,25.873306274414062,2695000,0.0,0.0
2018-01-23 00:00:00-05:00,25.97789294810791,26.074434271056305,25.865260893169236,26.00202751159668,2320400,0.0,0.0
2018-01-24 00:00:00-05:00,26.179025102658173,26.22729423444466,25.969848634937968,26.042255401611328,2318100,0.0,0.0
2018-01-25 00:00:00-05:00,26.331880731163903,26.347971463695753,25.849171031182113,25.905487060546875,2229100,0.0,0.0
2018-01-26 00:00:00-05:00,26.042251452635597,26.07443291494243,25.929619403554838,26.066389083862305,1821400,0.0,0.0
2018-01-29 00:00:00-05:00,25.849171364159886,25.913531226122917,25.76871770046427,25.81698989868164,1765200,0.0,0.0
2018-01-30 00:00:00-05:00,25.857217992703376,25.92158093062125,25.728495185861423,25.792858123779297,2195300,0.0,0.0
2018-01-31 00:00:00-05:00,25.85721452432877,25.985937313904408,25.76067319939539,25.92157745361328,2314800,0.0,0.0
2018-02-01 00:00:00-05:00,24.835478849222504,24.859613414446848,24.513670324261383,24.787206649780273,6271000,0.0,0.0
2018-02-02 00:00:00-05:00,24.706755035336638,25.615861528723276,24.392993404882972,24.98029136657715,7957400,0.0,0.0
2018-02-05 00:00:00-05:00,24.103364384607698,24.159681947232492,23.36320911835626,23.419525146484375,9407900,0.0,0.0
2018-02-06 00:00:00-05:00,23.17816931161443,23.88614619912838,23.065537252713142,23.829830169677734,10301800,0.0,0.0
2018-02-07 00:00:00-05:00,23.636745282851702,23.89419240935689,23.524113219972214,23.644790649414062,6541800,0.0,0.0
2018-02-08 00:00:00-05:00,23.73328650478963,23.757422602806518,22.84027082662132,22.848316192626953,7896900,0.0,0.0
2018-02-09 00:00:00-05:00,22.904635189448836,23.0816301955244,22.42192544250749,22.960952758789062,8580700,0.0,0.0
2018-02-12 00:00:00-05:00,23.001176142943173,23.065537539472178,22.74373055682716,22.8885440826416,4570400,0.0,0.0
2018-02-13 00:00:00-05:00,22.767867700479492,22.808094536927246,22.6552356274196,22.783958435058594,3934700,0.0,0.0
2018-02-14 00:00:00-05:00,22.623054310265616,22.9609520432933,22.558692910379236,22.904634475708008,3748800,0.0,0.0
2018-02-15 00:00:00-05:00,23.04140437903571,23.17012718851101,22.864410899631405,23.129901885986328,2871800,0.0,0.0
2018-02-16 00:00:00-05:00,23.258621561806915,23.532157878712372,23.250576195486552,23.314937591552734,3070700,0.0,0.0
2018-02-20 00:00:00-05:00,23.2827590469971,23.314938979697786,22.99313198020685,23.049448013305664,3431700,0.0,0.0
2018-02-21 00:00:00-05:00,23.154033426061968,23.18621335484178,22.719592878809795,22.727638244628906,3938100,0.0,0.0
2018-02-22 00:00:00-05:00,22.72763981820197,22.928769374115262,22.71154908544969,22.816137313842773,2286700,0.0,0.0
2018-02-23 00:00:00-05:00,23.186213239225044,23.339072120032654,23.073581187312392,23.298845291137695,2769300,0.0,0.0
2018-02-26 00:00:00-05:00,23.387346778469812,23.475844282671485,23.25862397299295,23.435617446899414,1928300,0.0,0.0
2018-02-27 00:00:00-05:00,23.15403590216939,23.250577233329647,22.985086270893756,22.993131637573242,2299900,0.0,0.0
2018-02-28 00:00:00-05:00,22.977038970397246,23.049445729921864,22.775909423828125,22.775909423828125,2196100,0.0,0.0
2018-03-01 00:00:00-05:00,22.74372858907075,22.791999248667004,22.333424146261056,22.4541015625,4278300,0.0,0.0
2018-03-02 00:00:00-05:00,22.42192422578738,22.582826954537524,22.269065329152475,22.566736221313477,2914200,0.0,0.0
2018-03-05 00:00:00-05:00,22.53455562866482,22.888544076731296,22.526510262288678,22.816137313842773,2496800,0.0,0.0
2018-03-06 00:00:00-05:00,23.04944992455697,23.073586026956452,22.928772481553448,22.97704315185547,1846200,0.0,0.0
2018-03-07 00:00:00-05:00,23.1459893059233,23.194259968939182,22.896587555598366,23.033355712890625,2890200,0.0,0.0
2018-03-08 00:00:00-05:00,23.28275609407633,23.387342780209988,23.218394702341012,23.298845291137695,2732900,0.0,0.0
2018-03-09 00:00:00-05:00,23.202306414566735,23.379299876856546,23.097718182920698,23.363210678100586,1577900,0.0,0.0
2018-03-12 00:00:00-04:00,23.339074578221474,23.41148134336203,23.266667813080918,23.363210678100586,1744000,0.0,0.0
2018-03-13 00:00:00-04:00,23.339077184551474,23.411483957777865,22.993134053469152,23.041404724121094,3969000,0.0,0.0
2018-03-14 00:00:00-04:00,23.210350367759954,23.226441100032822,22.952904789380796,23.12185287475586,2403100,0.0,0.0
2018-03-15 00:00:00-04:00,22.920724183801347,23.0735830771287,22.80809212266369,22.8804988861084,2897300,0.0,0.0
2018-03-16 00:00:00-04:00,22.920724698688947,23.057492862212758,22.872454033473716,22.928770065307617,3102200,0.0,0.0
2018-03-19 00:00:00-04:00,22.977039860382003,22.993130593009983,22.65523288030598,22.75177574157715,2488300,0.0,0.0
2018-03-20 00:00:00-04:00,22.615007386312463,22.66327804927937,22.4138778337042,22.47019386291504,2543200,0.0,0.0
2018-03-21 00:00:00-04:00,22.623053282047476,22.81613747293093,22.502374320060664,22.663278579711914,3730200,0.0,0.0
2018-03-22 00:00:00-04:00,22.164476928844756,22.252974426406073,21.995528834769626,22.011619567871094,4927300,0.0,0.0
2018-03-23 00:00:00-04:00,22.486284205854584,22.534554867985257,22.051843643188477,22.051843643188477,3845900,0.0,0.0
2018-03-26 00:00:00-04:00,22.454102953235402,22.486284417957194,22.1001145137792,22.405832290649414,2961000,0.0,0.0
2018-03-27 00:00:00-04:00,22.462148124449712,22.510418786616725,22.092068955844816,22.196657180786133,3592500,0.0,0.0
2018-03-28 00:00:00-04:00,22.132295963246712,22.462148303934228,22.084025300693995,22.261018753051758,3483600,0.0,0.0
2018-03-29 00:00:00-04:00,22.486284929277176,22.51041949387062,22.212748610908754,22.381696701049805,2770600,0.0,0.0
2018-04-02 00:00:00-04:00,22.357561245315477,22.373650442904236,21.93116605203157,22.05988883972168,2672600,0.0,0.0
2018-04-03 00:00:00-04:00,22.1886137234034,22.33342725685839,22.043800189948414,22.269065856933594,2301900,0.0,0.0
2018-04-04 00:00:00-04:00,22.446057090214502,22.80004552183522,22.421922526704073,22.775909423828125,3145600,0.0,0.0
2018-04-05 00:00:00-04:00,23.041400072775435,23.242529616803147,22.977038680066435,23.154033660888672,3313300,0.0,0.0
2018-04-06 00:00:00-04:00,23.3632132782032,23.435618516904984,23.121856856041756,23.18621826171875,3569100,0.0,0.0
2018-04-09 00:00:00-04:00,23.49193347143909,23.53215877006784,23.27471317605154,23.290803909301758,2303400,0.0,0.0
2018-04-10 00:00:00-04:00,23.620657648849562,23.789605754359876,23.56434161367946,23.6608829498291,2863500,0.0,0.0
2018-04-11 00:00:00-04:00,23.81374185564572,23.89419399210167,23.64479221563854,23.6608829498291,2852100,0.0,0.0
2018-04-12 00:00:00-04:00,23.85396386136935,23.998777380085727,23.837873129401608,23.92637062072754,2063600,0.0,0.0
2018-04-13 00:00:00-04:00,23.990731504896065,24.01486760233539,23.870054086692697,23.95050621032715,2216500,0.0,0.0
2018-04-16 00:00:00-04:00,23.998777576737606,24.16772719479001,23.934416182835896,24.13554573059082,2638100,0.0,0.0
2018-04-17 00:00:00-04:00,24.087278709651393,24.119458644218003,23.982690469691878,23.998781204223633,2756700,0.0,0.0
2018-04-18 00:00:00-04:00,23.990732014101855,24.063138773460043,23.886145325304838,23.92637062072754,4698200,0.0,0.0
2018-04-19 00:00:00-04:00,23.910283879498085,23.958556083458173,23.644792895705265,23.701108932495117,2811000,0.0,0.0
2018-04-20 00:00:00-04:00,23.966597450646898,24.079229505427787,23.837873129401608,23.92637062072754,5931900,0.0,0.0
2018-04-23 00:00:00-04:00,24.022914020338025,24.296450331977923,23.998777921841555,24.191862106323242,2881500,0.0,0.0
2018-04-24 00:00:00-04:00,24.05509324714441,24.151636103810734,23.8941905320294,24.00682258605957,3123300,0.0,0.0
2018-04-25 00:00:00-04:00,23.72524261947202,23.82178548306814,23.5965198243417,23.797649383544922,2407900,0.0,0.0
2018-04-26 00:00:00-04:00,24.01486986413702,24.135547293706196,23.918326999783613,24.07923126220703,2363000,0.0,0.0
2018-04-27 00:00:00-04:00,23.53215808513833,23.781558305270455,23.475842054898504,23.7413330078125,3732700,0.0,0.0
2018-04-30 00:00:00-04:00,23.73328971918977,23.81374185564572,23.65283758273382,23.6608829498291,2676600,0.0,0.0
2018-05-01 00:00:00-04:00,23.54825105256433,23.55629641971874,23.31494000857697,23.435617446899414,1943600,0.0,0.0
2018-05-02 00:00:00-04:00,23.596520347282663,23.685017846332304,23.379300050249974,23.42757225036621,2638800,0.0,0.0
2018-05-03 00:00:00-04:00,23.234485293702914,23.37125345115999,23.041401106909984,23.322982788085938,3243200,0.0,0.0
2018-05-04 00:00:00-04:00,23.081629146038612,23.2586226095697,23.05749304599023,23.210351943969727,3179500,0.0,0.0
2018-05-07 00:00:00-04:00,23.274713513615854,23.379300212265555,23.121854614515396,23.202306747436523,2245700,0.0,0.0
2018-05-08 00:00:00-04:00,22.985088519321963,22.985088519321963,22.82418577348291,22.97704315185547,3777300,0.0,0.0
2018-05-09 00:00:00-04:00,23.234487362632454,23.25862346356705,23.041403158646222,23.17012596130371,3179300,0.0,0.0
2018-05-10 00:00:00-04:00,23.057490804576847,23.178168224094144,22.95290411686096,23.154033660888672,2769900,0.0,0.0
2018-05-11 00:00:00-04:00,23.347119933777655,23.3792998657711,23.137945005081544,23.1459903717041,2623500,0.0,0.0
2018-05-14 00:00:00-04:00,23.00922133216005,23.04140126292841,22.75982111434253,22.824182510375977,3889400,0.0,0.0
2018-05-15 00:00:00-04:00,21.858758055103106,21.890937982956157,21.66567388449505,21.75417137145996,7718000,0.0,0.0
2018-05-16 00:00:00-04:00,21.649584846071246,21.705900875089796,21.35191396854557,21.400184631347656,7045000,0.0,0.0
2018-05-17 00:00:00-04:00,21.440409757994956,21.54499798348332,21.351913799308676,21.40822982788086,4696300,0.0,0.0
2018-05-18 00:00:00-04:00,21.150784570908407,21.303641926646144,21.094467006982345,21.247325897216797,5969200,0.0,0.0
2018-05-21 00:00:00-04:00,21.424316763535558,21.464543590051566,21.279504791567526,21.351911544799805,2928700,0.0,0.0
2018-05-22 00:00:00-04:00,21.705903154573782,21.802446024813275,21.625451018457014,21.673723220825195,5456200,0.0,0.0
2018-05-23 00:00:00-04:00,21.593268988331328,21.641539651516297,21.31168730650836,21.392139434814453,5612300,0.0,0.0
2018-05-24 00:00:00-04:00,21.271462330477824,21.287551528784373,21.110558071438444,21.158828735351562,5631700,0.0,0.0
2018-05-25 00:00:00-04:00,21.054243258102034,21.11055929167198,20.933565824095464,21.04619789123535,2916500,0.0,0.0
2018-05-29 00:00:00-04:00,20.75657047833395,20.9094293772762,20.716345179163422,20.845067977905273,3776200,0.0,0.0
2018-05-30 00:00:00-04:00,21.08642302047811,21.118604487684483,20.933565654738292,21.054243087768555,3434500,0.0,0.0
2018-05-31 00:00:00-04:00,20.89333830288365,20.91747440269021,20.651983442805165,20.86115837097168,4255600,0.0,0.0
2018-06-01 00:00:00-04:00,21.022059893494728,21.17491878117324,20.989879963428912,21.118602752685547,3237400,0.0,0.0
2018-06-04 00:00:00-04:00,21.376048688625794,21.472591549430895,21.231235164666494,21.247325897216797,4038200,0.0,0.0
2018-06-05 00:00:00-04:00,21.271463733150632,21.287552932518125,21.070334163336984,21.110559463500977,2966000,0.0,0.0
2018-06-06 00:00:00-04:00,21.295596228333483,21.359957623034468,21.247325565931916,21.33582305908203,6358200,0.0,0.0
2018-06-07 00:00:00-04:00,21.566925395848532,21.566925395848532,21.20424316618095,21.23798179626465,7730300,1.224,0.0
2018-06-08 00:00:00-04:00,21.322329199971488,21.364500883650106,21.21268024841251,21.263286590576172,3457400,0.0,0.0
2018-06-11 00:00:00-04:00,21.440411546031683,21.48258323038842,21.347631909950895,21.381370544433594,3022600,0.0,0.0
2018-06-12 00:00:00-04:00,21.389804952669074,21.389804952669074,21.263286683586585,21.30545997619629,4215100,0.0,0.0
2018-06-13 00:00:00-04:00,21.07772890643853,21.094598223389646,20.816260928682645,20.824695587158203,7663000,0.0,0.0
2018-06-14 00:00:00-04:00,21.14520620660363,21.23798584828892,21.018689537144343,21.06929588317871,4100700,0.0,0.0
2018-06-15 00:00:00-04:00,20.75722162114598,20.90060760943242,20.698180615748047,20.86686897277832,4800600,0.0,0.0
2018-06-18 00:00:00-04:00,20.68130983507637,20.774087861821464,20.622268833853138,20.656005859375,4339900,0.0,0.0
2018-06-19 00:00:00-04:00,20.470447478419754,20.740350108104874,20.46201282014877,20.672874450683594,4042400,0.0,0.0
2018-06-20 00:00:00-04:00,20.925908384492146,20.942777701534457,20.68130972236514,20.7403507232666,3551100,0.0,0.0
2018-06-21 00:00:00-04:00,20.67287399305484,20.7234803328139,20.588529020958713,20.639135360717773,2490400,0.0,0.0
2018-06-22 00:00:00-04:00,20.9259068688228,21.043990470819516,20.90060450383861,20.97651481628418,3069500,0.0,0.0
2018-06-25 00:00:00-04:00,20.72347970238302,20.790955356257932,20.63913473285276,20.698177337646484,3486700,0.0,0.0
2018-06-26 00:00:00-04:00,20.512621289395177,20.56322763552535,20.34393293271234,20.504186630249023,3623100,0.0,0.0
2018-06-27 00:00:00-04:00,20.35236746056677,20.529492098000638,20.276458740234375,20.276458740234375,4280000,0.0,0.0
2018-06-28 00:00:00-04:00,20.343931965870077,20.49575099704543,20.293324013398298,20.445144653320312,2503800,0.0,0.0
2018-06-29 00:00:00-04:00,20.411408597134823,20.622270249548418,20.386104619696365,20.504186630249023,3101100,0.0,0.0
2018-07-02 00:00:00-04:00,20.36079967461401,20.487317947046797,20.318627989634187,20.445144653320312,2829000,0.0,0.0
2018-07-03 00:00:00-04:00,20.689743563138293,20.82469487664967,20.65600493038717,20.715045928955078,2453300,0.0,0.0
2018-07-05 00:00:00-04:00,21.09459986056926,21.136771547473447,20.99338555975379,21.06929588317871,3496800,0.0,0.0
2018-07-06 00:00:00-04:00,21.372936975572184,21.48258432573836,21.339198339369222,21.356067657470703,3839000,0.0,0.0
2018-07-09 00:00:00-04:00,21.29702588726147,21.35606688974748,21.162074564794395,21.254854202270508,3230300,0.0,0.0
2018-07-10 00:00:00-04:00,21.19581056990647,21.288590202912822,21.170508203629527,21.27172088623047,2394400,0.0,0.0
2018-07-11 00:00:00-04:00,20.78252305261661,20.866868031701234,20.453579403807915,20.48731803894043,5211100,0.0,0.0
2018-07-12 00:00:00-04:00,20.537923450120456,20.56322581657402,20.470447791666636,20.546358108520508,3112400,0.0,0.0
2018-07-13 00:00:00-04:00,20.39453960664939,20.436711294311248,20.30175996329718,20.377670288085938,4639000,0.0,0.0
2018-07-16 00:00:00-04:00,20.310192156549782,20.470447445951102,20.28488818177697,20.428274154663086,3123400,0.0,0.0
2018-07-17 00:00:00-04:00,20.149937038700507,20.242716671577476,20.090896039141192,20.141502380371094,3738800,0.0,0.0
2018-07-18 00:00:00-04:00,20.04872487813069,20.082461903579976,19.89690424174235,19.972814559936523,5658100,0.0,0.0
2018-07-19 00:00:00-04:00,19.67760869732783,19.812560021772907,19.627002352847597,19.63543701171875,6667100,0.0,0.0
2018-07-20 00:00:00-04:00,19.59326267736778,19.86316531193171,19.59326267736778,19.77882194519043,7198400,0.0,0.0
2018-07-23 00:00:00-04:00,19.896903739740857,19.95594473934746,19.795689448453405,19.820993423461914,2822500,0.0,0.0
2018-07-24 00:00:00-04:00,19.90533890029133,19.989683877034476,19.761952922451968,19.972814559936523,4110600,0.0,0.0
2018-07-25 00:00:00-04:00,19.74508310718297,19.888469081404686,19.610131791297427,19.820993423461914,7910000,0.0,0.0
2018-07-26 00:00:00-04:00,19.863166198150513,19.905339492149363,19.719780216047766,19.795690536499023,5004900,0.0,0.0
2018-07-27 00:00:00-04:00,20.133068350955888,20.217411712652055,20.031854064675382,20.082460403442383,3902900,0.0,0.0
2018-07-30 00:00:00-04:00,20.225849039259316,21.06086097844928,20.124636348370863,20.993385314941406,12974000,0.0,0.0
2018-07-31 00:00:00-04:00,20.80782784125145,20.883738164516295,20.67287651294656,20.706613540649414,4194400,0.0,0.0
2018-08-01 00:00:00-04:00,20.706612773555012,20.706612773555012,20.52948976499654,20.60540008544922,2910300,0.0,0.0
2018-08-02 00:00:00-04:00,20.268021719247372,20.284889428052338,20.116201078776008,20.242717742919922,4496300,0.0,0.0
2018-08-03 00:00:00-04:00,20.37766662546216,20.62226687442814,20.34392960314582,20.537921905517578,4428700,0.0,0.0
2018-08-06 00:00:00-04:00,20.52105485851379,20.64757152149235,20.4704485150717,20.529489517211914,3017800,0.0,0.0
2018-08-07 00:00:00-04:00,20.681311500696715,20.715048528935675,20.546360170247368,20.580097198486328,2492500,0.0,0.0
2018-08-08 00:00:00-04:00,20.613833403186632,20.630701110942464,20.495749796416412,20.554792404174805,1819500,0.0,0.0
2018-08-09 00:00:00-04:00,20.4114041797529,20.462010514930988,20.352361578507676,20.43670654296875,3106300,0.0,0.0
2018-08-10 00:00:00-04:00,19.896903519321654,20.01498551722674,19.812558545640922,19.989683151245117,5330300,0.0,0.0
2018-08-13 00:00:00-04:00,19.804125195298795,19.905339492149363,19.719780216047766,19.795690536499023,4238700,0.0,0.0
2018-08-14 00:00:00-04:00,19.627000918625644,19.652303284643473,19.483614945787192,19.54265594482422,5253900,0.0,0.0
2018-08-15 00:00:00-04:00,19.120931062801994,19.196841371910207,18.952241129506753,19.171537399291992,7332500,0.0,0.0
2018-08-16 00:00:00-04:00,19.146236109147512,19.382400098509283,19.129366793122664,19.27275276184082,5969100,0.0,0.0
2018-08-17 00:00:00-04:00,19.104063741551208,19.264319034032358,19.053457399779592,19.213712692260742,3668900,0.0,0.0
2018-08-20 00:00:00-04:00,19.222146315776047,19.42457328071061,19.20527699984487,19.357097625732422,4401300,0.0,0.0
2018-08-21 00:00:00-04:00,19.433008605004964,19.610131602116045,19.36553133896657,19.54265594482422,3847500,0.0,0.0
2018-08-22 00:00:00-04:00,19.57639214707055,19.57639214707055,19.407703815297605,19.517351150512695,3851200,0.0,0.0
2018-08-23 00:00:00-04:00,19.433008412114976,19.44987611971058,19.230579833502212,19.264318466186523,3479600,0.0,0.0
2018-08-24 00:00:00-04:00,19.34022722938112,19.35709654436991,19.239012948194805,19.255882263183594,3678400,0.0,0.0
2018-08-27 00:00:00-04:00,19.357097317916583,19.500483283558427,19.340228002253664,19.483613967895508,3454200,0.0,0.0
2018-08-28 00:00:00-04:00,19.306490307044143,19.407704597182764,19.281187941069412,19.29805564880371,3859400,0.0,0.0
2018-08-29 00:00:00-04:00,19.06189342091537,19.424575715157385,19.02815478482462,19.382402420043945,6044600,0.0,0.0
2018-08-30 00:00:00-04:00,18.80042540921593,18.84259709554456,18.437743115301537,18.45461082458496,8710700,0.0,0.0
2018-08-31 00:00:00-04:00,18.42087335365636,18.42087335365636,18.142536047848917,18.22688102722168,19188600,0.0,0.0
2018-09-04 00:00:00-04:00,17.94854272930962,18.016018387328778,17.822024462870427,17.92323875427246,10116000,0.0,0.0
2018-09-05 00:00:00-04:00,18.007583523791986,18.13410018004297,17.881066867540998,17.965410232543945,14944500,0.0,0.0
2018-09-06 00:00:00-04:00,18.243747663605035,18.285920955185517,17.990714349108472,18.12566566467285,8063200,0.0,0.0
2018-09-07 00:00:00-04:00,18.210010479955972,18.25218216242135,18.058189849086112,18.091928482055664,5507300,0.0,0.0
2018-09-10 00:00:00-04:00,18.454610537932055,18.454610537932055,18.218446524165284,18.260618209838867,5253000,0.0,0.0
2018-09-11 00:00:00-04:00,18.20157499795832,18.404001960374636,18.13409934381955,18.38713264465332,5356600,0.0,0.0
2018-09-12 00:00:00-04:00,18.23531397681357,18.55582293789233,18.23531397681357,18.505216598510742,5850900,0.0,0.0
2018-09-13 00:00:00-04:00,18.79199064346423,18.842596988520494,18.71608032150649,18.78355598449707,6053000,0.0,0.0
2018-09-14 00:00:00-04:00,18.699210550700613,18.7751208708199,18.555824569224917,18.74981689453125,5723500,0.0,0.0
2018-09-17 00:00:00-04:00,18.76668501366535,18.960677326583838,18.741381038992543,18.859464645385742,4784800,0.0,0.0
2018-09-18 00:00:00-04:00,18.90163617348318,19.07032611909856,18.867899149608032,19.019718170166016,4854400,0.0,0.0
2018-09-19 00:00:00-04:00,18.859465147276374,19.061892123806146,18.842595830378908,19.01128578186035,4760800,0.0,0.0
2018-09-20 00:00:00-04:00,19.070327395723297,19.112499080576963,18.960678441109106,19.07876205444336,5967600,0.0,0.0
2018-09-21 00:00:00-04:00,18.985982254773944,19.272754213815134,18.969112937478194,19.239015579223633,6747600,0.0,0.0
2018-09-24 00:00:00-04:00,19.255881739990194,19.289620369051075,19.070324106394484,19.104061126708984,4870900,0.0,0.0
2018-09-25 00:00:00-04:00,18.977547148065423,19.07876144070361,18.952243172719225,19.01128578186035,11630700,0.0,0.0
2018-09-26 00:00:00-04:00,18.70764278488029,18.884765769705027,18.67390415420141,18.724512100219727,10799900,0.0,0.0
2018-09-27 00:00:00-04:00,18.893200224686808,18.99441450689115,18.741379605753515,18.76668357849121,6600100,0.0,0.0
2018-09-28 00:00:00-04:00,18.370265343740623,18.429306341323798,18.27748571396905,18.30278968811035,6906900,0.0,0.0
2018-10-01 00:00:00-04:00,18.28591959942736,18.319656621443826,18.016016988309772,18.075057983398438,12410200,0.0,0.0
2018-10-02 00:00:00-04:00,17.788287391116917,17.881067023927482,17.720811733276484,17.805156707763672,17379900,0.0,0.0
2018-10-03 00:00:00-04:00,18.11723070353966,18.193141018369158,17.881066709622612,17.931673049926758,13561700,0.0,0.0
2018-10-04 00:00:00-04:00,17.99071461825744,18.058190277049093,17.872632617558693,17.881067276000977,13923600,0.0,0.0
2018-10-05 00:00:00-04:00,17.872633459288835,17.881068118128358,17.72081281767081,17.77985382080078,11323000,0.0,0.0
2018-10-08 00:00:00-04:00,17.265351120564823,17.299089756367955,17.046054814084563,17.17257308959961,14052500,0.0,0.0
2018-10-09 00:00:00-04:00,16.852064105356813,16.927974434468528,16.717112766657515,16.73398208618164,8900100,0.0,0.0
2018-10-10 00:00:00-04:00,17.248481086003476,17.28221810851155,16.936405181884766,16.936405181884766,8821900,0.0,0.0
2018-10-11 00:00:00-04:00,17.16413763707831,17.181006954199933,16.742414361517397,16.826759338378906,8837800,0.0,0.0
2018-10-12 00:00:00-04:00,17.03762113493052,17.03762113493052,16.68337351580831,16.860496520996094,8675900,0.0,0.0
2018-10-15 00:00:00-04:00,17.046054814084563,17.31595907426952,17.020752445978914,17.17257308959961,8127000,0.0,0.0
2018-10-16 00:00:00-04:00,17.20630856881021,17.256914909215762,17.06292259703902,17.16413688659668,6357700,0.0,0.0
2018-10-17 00:00:00-04:00,16.919539191745905,17.147270171234602,16.90267148154981,17.02918815612793,7465400,0.0,0.0
2018-10-18 00:00:00-04:00,16.961710197558258,17.02075119713509,16.742413907168167,16.793020248413086,6307900,0.0,0.0
2018-10-19 00:00:00-04:00,16.835191961596777,17.096661544116586,16.818324253649195,17.037620544433594,6267000,0.0,0.0
2018-10-22 00:00:00-04:00,16.784585030008035,16.826758320260367,16.506247749328754,16.523117065429688,7389900,0.0,0.0
2018-10-23 00:00:00-04:00,16.388167361429574,16.41346972931604,16.10139539457388,16.329126358032227,10464000,0.0,0.0
2018-10-24 00:00:00-04:00,16.38816781884054,16.396602477953678,15.924271220098287,15.932705879211426,7839300,0.0,0.0
2018-10-25 00:00:00-04:00,15.958006266712788,16.059220544555036,15.907399932164848,15.94957160949707,7652400,0.0,0.0
2018-10-26 00:00:00-04:00,15.823057127813456,15.831491786180084,15.561589153434314,15.704975128173828,8748600,0.0,0.0
2018-10-29 00:00:00-04:00,16.11826267665816,16.177303672598864,15.721841803205157,15.848360061645508,7036900,0.0,0.0
2018-10-30 00:00:00-04:00,15.890532721909,16.00861472107237,15.77245072274563,15.907402038574219,7392200,0.0,0.0
2018-10-31 00:00:00-04:00,15.983310469155006,16.059220776446224,15.882096189851248,15.96644115447998,6976900,0.0,0.0
2018-11-01 00:00:00-04:00,16.615895822934814,16.71710849673388,16.52311619799697,16.700239181518555,6416800,0.0,0.0
2018-11-02 00:00:00-04:00,16.674937640705778,16.700240006031535,16.371296386824525,16.4050350189209,10616500,0.0,0.0
2018-11-05 00:00:00-05:00,16.573724178711114,16.725544813214025,16.489379203015428,16.624330520629883,5577700,0.0,0.0
2018-11-06 00:00:00-05:00,16.312256448449943,16.32069110702164,16.084525493253928,16.1351318359375,8453500,0.0,0.0
2018-11-07 00:00:00-05:00,16.43877147737818,16.506247130505706,16.31225482885738,16.45564079284668,12454500,0.0,0.0
2018-11-08 00:00:00-05:00,16.28695231384762,16.388166606973996,16.0339189941516,16.101394653320312,7163700,0.0,0.0
2018-11-09 00:00:00-05:00,15.831490746020597,15.949572737902011,15.688104780701817,15.848360061645508,6041700,0.0,0.0
2018-11-12 00:00:00-05:00,15.721844883463419,15.90740417419966,15.671238535420262,15.679673194885254,6524400,0.0,0.0
2018-11-13 00:00:00-05:00,16.953274497512044,17.273783450697913,16.85206021249486,16.936405181884766,11543700,0.0,0.0
2018-11-14 00:00:00-05:00,17.6027287172292,17.6027287172292,17.020750196513163,17.181005477905273,14130900,0.0,0.0
2018-11-15 00:00:00-05:00,16.70024045802924,16.76771611530171,16.5484214357261,16.7592830657959,10265900,0.0,0.0
2018-11-16 00:00:00-05:00,16.590594271557016,16.71711093664454,16.46407760646949,16.531553268432617,6532400,0.0,0.0
2018-11-19 00:00:00-05:00,16.868929944709976,16.94484025816089,16.632764346335286,16.725543975830078,8167600,0.0,0.0
2018-11-20 00:00:00-05:00,16.835190738409086,16.86892936934608,16.362861166516407,16.45564079284668,8520600,0.0,0.0
2018-11-21 00:00:00-05:00,16.928529222443235,17.05000455463105,16.859114510482012,16.937206268310547,7544700,0.545,0.0
2018-11-23 00:00:00-05:00,17.26692801256404,17.327665686664584,17.07603794325126,17.11074447631836,5448300,0.0,0.0
2018-11-26 00:00:00-05:00,17.752828866332706,18.299471175634885,17.718122337554874,18.143287658691406,16211300,0.0,0.0
2018-11-27 00:00:00-05:00,18.25608859420949,18.55977694370368,18.18667222292238,18.429624557495117,15333800,0.0,0.0
2018-11-28 00:00:00-05:00,18.854790149285854,18.854790149285854,18.499039516656115,18.820083618164062,12939500,0.0,0.0
2018-11-29 00:00:00-05:00,18.4903621673584,18.603162115356323,18.42094745127405,18.4903621673584,8642700,0.0,0.0
2018-11-30 00:00:00-05:00,18.776697793972925,18.854789555258403,18.559776602619348,18.64654541015625,8275200,0.0,0.0
2018-12-03 00:00:00-05:00,18.655221752602174,18.655221752602174,18.377562902941204,18.446977615356445,6918500,0.0,0.0
2018-12-04 00:00:00-05:00,18.351532603862772,18.394917835465876,17.848275502108304,17.97842788696289,7870100,0.0,0.0
2018-12-06 00:00:00-05:00,17.987103382609742,18.021811564900023,17.640029834593044,18.004457473754883,7955200,0.0,0.0
2018-12-07 00:00:00-05:00,18.030491920615063,18.221381993324652,17.700770748234156,17.770185470581055,7508700,0.0,0.0
2018-12-10 00:00:00-05:00,17.613997639010368,17.622674684061316,17.258247066807034,17.475168228149414,8529600,0.0,0.0
2018-12-11 00:00:00-05:00,17.865628824270054,17.92636649091764,17.388402882058468,17.449140548706055,8807700,0.0,0.0
2018-12-12 00:00:00-05:00,17.839596776251202,17.917688530807357,17.700767358146305,17.735475540161133,8724300,0.0,0.0
2018-12-13 00:00:00-05:00,17.67473789289204,17.726798510985027,17.310310256286726,17.431785583496094,7939600,0.0,0.0
2018-12-14 00:00:00-05:00,17.345019033675957,17.509879609832613,17.26692726891635,17.45781898498535,7582500,0.0,0.0
2018-12-17 00:00:00-05:00,17.648709274889146,17.65738632163909,17.249573399278955,17.36237335205078,9965100,0.0,0.0
2018-12-18 00:00:00-05:00,17.362375044706774,17.41443567530438,17.145453819742887,17.214868545532227,8344500,0.0,0.0
2018-12-19 00:00:00-05:00,17.41443197818214,17.57061549179445,17.076035468673634,17.180156707763672,10357500,0.0,0.0
2018-12-20 00:00:00-05:00,17.527234453342317,17.65738684852022,17.180159192897918,17.353696823120117,11927500,0.0,0.0
2018-12-21 00:00:00-05:00,17.318988072313577,17.39707983787827,16.7116096962273,16.789701461791992,20478200,0.0,0.0
2018-12-24 00:00:00-05:00,16.867793519749227,16.902500052281017,16.494688778912046,16.63351821899414,5304000,0.0,0.0
2018-12-26 00:00:00-05:00,16.64219105368686,16.9805875213657,16.43394694627088,16.97191047668457,9169400,0.0,0.0
2018-12-27 00:00:00-05:00,16.59013502728096,16.75499395687013,16.35585972105108,16.74631690979004,8466900,0.0,0.0
2018-12-28 00:00:00-05:00,17.032650983012566,17.05000507527712,16.885144508718493,16.928529739379883,8565000,0.0,0.0
2018-12-31 00:00:00-05:00,16.82440613809423,16.91985198658564,16.58145547644665,16.728961944580078,6924800,0.0,0.0
2019-01-02 00:00:00-05:00,16.7463167767376,17.1714838053964,16.65087256956996,17.11074447631836,5106800,0.0,0.0
2019-01-03 00:00:00-05:00,17.136772366868225,17.197510029448118,16.963234769516664,17.04132652282715,5659100,0.0,0.0
2019-01-04 00:00:00-05:00,17.240898872253304,17.414434851023838,17.206190683512677,17.379728317260742,5868300,0.0,0.0
2019-01-07 00:00:00-05:00,17.3536965323306,17.56194069212127,17.284281812400373,17.50988006591797,5996100,0.0,0.0
2019-01-08 00:00:00-05:00,17.223544432485795,17.27560505957519,17.015300269150718,17.11074447631836,5845000,0.0,0.0
2019-01-09 00:00:00-05:00,16.79837735735037,16.9892674073285,16.659547929188573,16.928529739379883,5354200,0.0,0.0
2019-01-10 00:00:00-05:00,16.937206727604817,17.119419730827698,16.90249854319437,16.989267349243164,4408000,0.0,0.0
2019-01-11 00:00:00-05:00,16.911174860758063,17.197510749899518,16.8504371956337,17.0933895111084,6235600,0.0,0.0
2019-01-14 00:00:00-05:00,16.728961944580078,16.789699609991974,16.590132522216532,16.728961944580078,6084800,0.0,0.0
2019-01-15 00:00:00-05:00,16.459978301159683,16.607484767595025,16.416594727786975,16.52071762084961,4845100,0.0,0.0
2019-01-16 00:00:00-05:00,16.503365373284357,16.65954890283869,16.477334233366157,16.581457138061523,4211700,0.0,0.0
2019-01-17 00:00:00-05:00,16.486010706397828,16.694254853565567,16.46865661372284,16.65087127685547,4374600,0.0,0.0
2019-01-18 00:00:00-05:00,16.659549748944166,16.833085725613422,16.659549748944166,16.74631690979004,5476900,0.0,0.0
2019-01-22 00:00:00-05:00,16.668222322437327,16.711607550501295,16.598807612512203,16.642192840576172,4847200,0.0,0.0
2019-01-23 00:00:00-05:00,16.911175647115325,17.076036213673955,16.89382155485077,16.928529739379883,4610000,0.0,0.0
2019-01-24 00:00:00-05:00,16.459977649539915,16.477331740192877,16.060843494384805,16.10422706604004,8141000,0.0,0.0
2019-01-25 00:00:00-05:00,15.696416633352651,15.739800207130004,15.496849546013223,15.592293739318848,10691300,0.0,0.0
2019-01-28 00:00:00-05:00,15.531555586996687,15.600970295850077,15.427434351205202,15.496849060058594,9254800,0.0,0.0
2019-01-29 00:00:00-05:00,15.574942434697501,15.600971918864692,15.35802124009156,15.41008186340332,5637500,0.0,0.0
2019-01-30 00:00:00-05:00,15.531556074039653,15.60097078506977,15.418757789232185,15.592293739318848,5634200,0.0,0.0
2019-01-31 00:00:00-05:00,15.748476848738601,15.869953831156867,15.635678566825797,15.826568603515625,6403500,0.0,0.0
2019-02-01 00:00:00-05:00,15.653031358892996,15.826567290125197,15.644354314084824,15.800536155700684,4915000,0.0,0.0
2019-02-04 00:00:00-05:00,15.600970215052786,15.713770150716108,15.531555506558895,15.661707878112793,4809200,0.0,0.0
2019-02-05 00:00:00-05:00,15.843925040282134,15.887308619369149,15.78318736756933,15.835247993469238,3373400,0.0,0.0
2019-02-06 00:00:00-05:00,16.060844199358137,16.1476130014544,15.930691823702363,15.956721305847168,5584800,0.0,0.0
2019-02-07 00:00:00-05:00,15.835245476836121,15.869953658571665,15.627001351354444,15.661707878112793,4331000,0.0,0.0
2019-02-08 00:00:00-05:00,15.540235208930492,15.679064649654158,15.479497535486072,15.653035163879395,3847700,0.0,0.0
2019-02-11 00:00:00-05:00,15.78318505915415,15.791862104697959,15.679062167605666,15.722447395324707,3322200,0.0,0.0
2019-02-12 00:00:00-05:00,15.670385496099888,15.713770724854495,15.540233119790575,15.592293739318848,4833200,0.0,0.0
2019-02-13 00:00:00-05:00,15.627001378536509,15.696416087151142,15.531555533574936,15.557586669921875,4095900,0.0,0.0
2019-02-14 00:00:00-05:00,15.444787167806842,15.627001817398241,15.436111777091424,15.566264152526855,4574700,0.0,0.0
2019-02-15 00:00:00-05:00,15.731124572496764,15.852601568929174,15.670386901769263,15.843924522399902,5955900,0.0,0.0
2019-02-19 00:00:00-05:00,15.8178921584674,16.06952152340734,15.791862675871734,16.000106811523438,4839200,0.0,0.0
2019-02-20 00:00:00-05:00,16.078198513041325,16.156290270509796,15.991429709745551,16.06084442138672,4700100,0.0,0.0
2019-02-21 00:00:00-05:00,15.869955580420221,16.00010796773555,15.800539208542824,15.861278533935547,3887000,0.0,0.0
2019-02-22 00:00:00-05:00,16.07819805009659,16.156289805316536,15.982752203721711,16.0087833404541,3426900,0.0,0.0
2019-02-25 00:00:00-05:00,16.03481508569681,16.052169179301455,15.757156207932312,15.791864395141602,4276100,0.0,0.0
2019-02-26 00:00:00-05:00,15.670387330592726,15.731125002982328,15.609649658203125,15.609649658203125,5360400,0.0,0.0
2019-02-27 00:00:00-05:00,15.609647942647083,15.644356125899415,15.375372670625636,15.470818519592285,4699500,0.0,0.0
2019-02-28 00:00:00-05:00,15.488173484802246,15.540234107639868,15.436112861964624,15.488173484802246,4310600,0.0,0.0
2019-03-01 00:00:00-05:00,15.57494166694038,15.64435637959343,15.236543494651626,15.271251678466797,5938800,0.0,0.0
2019-03-04 00:00:00-05:00,15.097715353600778,15.13242354036833,14.794025339294448,14.811379432678223,11262400,0.0,0.0
2019-03-05 00:00:00-05:00,15.236543632251335,15.323312437595574,15.132422389820098,15.193160057067871,9537400,0.0,0.0
2019-03-06 00:00:00-05:00,15.462142270593375,15.462142270593375,15.2018375026956,15.30595874786377,6604000,0.0,0.0
2019-03-07 00:00:00-05:00,15.358021299955384,15.436113062716105,15.20183777443394,15.349344253540039,4086300,0.0,0.0
2019-03-08 00:00:00-05:00,15.496849657031534,15.540233231119684,15.349343188163653,15.470818519592285,4983300,0.0,0.0
2019-03-11 00:00:00-04:00,15.540234573712317,15.826570490372879,15.496850995876061,15.783186912536621,4792100,0.0,0.0
2019-03-12 00:00:00-04:00,15.705095745691532,15.852602232912638,15.661710511227987,15.757156372070312,3867800,0.0,0.0
2019-03-13 00:00:00-04:00,15.939371127630519,16.017461240105654,15.791864639661966,15.982754707336426,6048900,0.0,0.0
2019-03-14 00:00:00-04:00,16.138937514074478,16.182321091822974,16.07819984323562,16.130260467529297,3807100,0.0,0.0
2019-03-15 00:00:00-04:00,16.399240636446994,16.538070057212348,16.355857063074286,16.52071762084961,6516900,0.0,0.0
2019-03-18 00:00:00-04:00,16.54674808048628,16.581456265216847,16.433949790066624,16.564102172851562,2958300,0.0,0.0
2019-03-19 00:00:00-04:00,16.737641582609232,16.7723481160867,16.6335186722218,16.685579299926758,3800300,0.0,0.0
2019-03-20 00:00:00-04:00,16.702931323573225,16.833083704190024,16.607485472131497,16.720285415649414,5852500,0.0,0.0
2019-03-21 00:00:00-04:00,16.72028657433706,16.72896362097646,16.48601128000556,16.581457138061523,6842300,0.0,0.0
2019-03-22 00:00:00-04:00,16.59880741661142,16.65086968967374,16.39056328929377,16.433948516845703,9118800,0.0,0.0
2019-03-25 00:00:00-04:00,16.390565243975093,16.45997996135913,16.06952279669044,16.130260467529297,6215900,0.0,0.0
2019-03-26 00:00:00-04:00,16.312474621022464,16.40792048471801,16.260413993087404,16.38188934326172,4653100,0.0,0.0
2019-03-27 00:00:00-04:00,16.277766948842554,16.29512104193292,16.0868768897808,16.130260467529297,3537000,0.0,0.0
2019-03-28 00:00:00-04:00,15.974077220534223,15.991431313929713,15.653034767604858,15.731124877929688,3990400,0.0,0.0
2019-03-29 00:00:00-04:00,15.679064523261296,15.783187430453424,15.5922957097641,15.774510383605957,4047400,0.0,0.0
2019-04-01 00:00:00-04:00,16.104226908145698,16.20834979606543,16.017458110708784,16.138935089111328,4132500,0.0,0.0
2019-04-02 00:00:00-04:00,16.02613531307888,16.130258202019483,15.991428786750125,16.10422706604004,3178200,0.0,0.0
2019-04-03 00:00:00-04:00,16.312474621022464,16.416597531870107,16.312474621022464,16.38188934326172,3666500,0.0,0.0
2019-04-04 00:00:00-04:00,16.30379619764874,16.433948570777243,16.295119152109876,16.373210906982422,2840900,0.0,0.0
2019-04-05 00:00:00-04:00,15.88730890958754,15.96540067735266,15.817894188793822,15.922017097473145,4058900,0.0,0.0
2019-04-08 00:00:00-04:00,15.956723630381259,15.96540067735266,15.80921714182242,15.922017097473145,2847100,0.0,0.0
2019-04-09 00:00:00-04:00,15.93069177397652,15.948044210359813,15.852600017831362,15.869954109191895,2397500,0.0,0.0
2019-04-10 00:00:00-04:00,15.878631572556253,15.922016806620727,15.81789389984345,15.835247993469238,3560700,0.0,0.0
2019-04-11 00:00:00-04:00,15.791864184866023,15.809216623262158,15.618326561085214,15.68774127960205,4566900,0.0,0.0
2019-04-12 00:00:00-04:00,15.9046625681343,15.991431380495492,15.887308474666574,15.913339614868164,3342700,0.0,0.0
2019-04-15 00:00:00-04:00,16.069523664592367,16.199676059844688,16.008785990473115,16.147615432739258,3599700,0.0,0.0
2019-04-16 00:00:00-04:00,16.28644399538774,16.29512104193292,16.095552281348574,16.130260467529297,2780500,0.0,0.0
2019-04-17 00:00:00-04:00,16.2170301903054,16.30379900566105,16.147615469016383,16.23438262939453,3501100,0.0,0.0
2019-04-18 00:00:00-04:00,16.10422747753295,16.12158156862934,16.00010624090903,16.069520950317383,2492400,0.0,0.0
2019-04-22 00:00:00-04:00,16.060846036754253,16.0782001301543,15.948046084631372,15.974077224731445,1968900,0.0,0.0
2019-04-23 00:00:00-04:00,16.034814601962168,16.043491648502723,15.80053931029939,15.887308120727539,3361800,0.0,0.0
2019-04-24 00:00:00-04:00,15.713770724854495,15.748477252880926,15.574941302794262,15.592293739318848,3905400,0.0,0.0
2019-04-25 00:00:00-04:00,15.531557539621705,15.618326350341306,15.462142822041507,15.5836181640625,2426000,0.0,0.0
2019-04-26 00:00:00-04:00,15.852602294720866,15.939371109008789,15.791864621212564,15.939371109008789,2936900,0.0,0.0
2019-04-29 00:00:00-04:00,16.043489813672792,16.10422747753295,15.991429195360833,16.069520950317383,2420800,0.0,0.0
2019-04-30 00:00:00-04:00,16.034812768124596,16.13025861417754,15.930691531500676,16.069520950317383,2475100,0.0,0.0
2019-05-01 00:00:00-04:00,16.10422805186065,16.10422805186065,15.913338007924242,16.000106811523438,2783700,0.0,0.0
2019-05-02 00:00:00-04:00,16.00010792797892,16.017460365927757,15.878630932472715,15.965399742126465,3310600,0.0,0.0
2019-05-03 00:00:00-04:00,15.878630440233449,16.017459869384766,15.878630440233449,16.017459869384766,2709800,0.0,0.0
2019-05-06 00:00:00-04:00,15.82656752180063,15.922013361110613,15.757152817296214,15.904659271240234,2226000,0.0,0.0
2019-05-07 00:00:00-04:00,15.930693332715222,15.956722817325634,15.79186389820167,15.843924522399902,3454800,0.0,0.0
2019-05-08 00:00:00-04:00,15.800539951556384,15.904662859291419,15.72244983947695,15.757156372070312,3681000,0.0,0.0
2019-05-09 00:00:00-04:00,15.635681006779405,15.713772773742676,15.618326913014796,15.713772773742676,3986200,0.0,0.0
2019-05-10 00:00:00-04:00,15.66170697798623,15.904659271240234,15.627000453222573,15.904659271240234,3894600,0.0,0.0
2019-05-13 00:00:00-04:00,15.036977037087755,15.045654083407651,14.533719935375345,14.551074028015137,11133100,0.0,0.0
2019-05-14 00:00:00-04:00,14.342829545141576,14.386213120746985,13.978401883133234,14.177968978881836,20011400,0.0,0.0
2019-05-15 00:00:00-04:00,14.099877198097639,14.14326077363932,13.926339585976278,13.935016632080078,10979100,0.0,0.0
2019-05-16 00:00:00-04:00,13.882956938449427,13.900311031817072,13.709420142216553,13.770157814025879,8469600,0.0,0.0
2019-05-17 00:00:00-04:00,13.666034261628859,13.735448972631692,13.62264986037993,13.657357215881348,5698000,0.0,0.0
2019-05-20 00:00:00-04:00,13.640003982101325,13.935016090772805,13.631326936334585,13.900309562683105,6720200,0.0,0.0
2019-05-21 00:00:00-04:00,13.952370990854813,13.961048037124394,13.813541560496247,13.856925964355469,5194000,0.0,0.0
2019-05-22 00:00:00-04:00,13.709419398912075,13.796187378579722,13.692065306485343,13.752803802490234,4160700,0.0,0.0
2019-05-23 00:00:00-04:00,13.509851145271748,13.544558501793443,13.475143788750051,13.501174926757812,3052500,0.0,0.0
2019-05-24 00:00:00-04:00,13.8829560683568,13.900310160636804,13.796187261934103,13.874279022216797,4183400,0.0,0.0
2019-05-28 00:00:00-04:00,13.926338973904015,13.99575368470627,13.83089395342307,13.839570999145508,5146100,0.0,0.0
2019-05-29 00:00:00-04:00,14.160615819315222,14.195324006067409,14.039140475637437,14.134586334228516,6556100,0.0,0.0
2019-05-30 00:00:00-04:00,14.160615424579184,14.27341537340199,14.082523661541055,14.212676048278809,5675800,0.0,0.0
2019-05-31 00:00:00-04:00,14.082522472163955,14.177968320033289,14.039138898574576,14.065168380737305,3579500,0.0,0.0
2019-06-03 00:00:00-04:00,14.073846945966935,14.212676382414696,14.065169899316771,14.195323944091797,2709000,0.0,0.0
2019-06-04 00:00:00-04:00,14.68122541973052,14.715931947684975,14.551073043691117,14.655194282531738,5599000,0.0,0.0
2019-06-05 00:00:00-04:00,14.672548845141366,14.689902937164469,14.525042372899593,14.5597505569458,5230900,0.0,0.0
2019-06-06 00:00:00-04:00,14.527625188061268,14.527625188061268,14.384847687120692,14.43838882446289,3736000,0.464,0.0
2019-06-07 00:00:00-04:00,14.61685968806299,14.81318002621798,14.607937583639625,14.670402526855469,4317000,0.0,0.0
2019-06-10 00:00:00-04:00,14.607939084503423,14.697173754241694,14.581167662356606,14.652556419372559,3685300,0.0,0.0
2019-06-11 00:00:00-04:00,14.822103752716709,14.857797276343742,14.65255483487269,14.697172164916992,3237200,0.0,0.0
2019-06-12 00:00:00-04:00,14.634708040169542,14.670403267834104,14.518701954343989,14.53654956817627,2170100,0.0,0.0
2019-06-13 00:00:00-04:00,14.572242691320655,14.625783829296582,14.48300632666605,14.518701553344727,2174500,0.0,0.0
2019-06-14 00:00:00-04:00,14.42054279062495,14.4294665981663,14.277765274047852,14.277765274047852,3423400,0.0,0.0
2019-06-17 00:00:00-04:00,14.206376075744629,14.27776483182205,14.179605504970871,14.206376075744629,2363900,0.0,0.0
2019-06-18 00:00:00-04:00,14.331305671078711,14.491930794375389,14.331305671078711,14.41161823272705,3290100,0.0,0.0
2019-06-19 00:00:00-04:00,14.215298323383719,14.393769342975295,14.197450710811957,14.366999626159668,2620500,0.0,0.0
2019-06-20 00:00:00-04:00,14.44731244865221,14.572242334887655,14.438388642200815,14.554394721984863,3429100,0.0,0.0
2019-06-21 00:00:00-04:00,14.375924030544759,14.438388975102718,14.304535279329652,14.402693748474121,3349200,0.0,0.0
2019-06-24 00:00:00-04:00,14.34023022479505,14.384849262501803,14.250994702444927,14.277765274047852,2445300,0.0,0.0
2019-06-25 00:00:00-04:00,14.036827343639874,14.126063715530393,13.929744207983921,14.00113296508789,6292300,0.0,0.0
2019-06-26 00:00:00-04:00,14.170681718576004,14.313460081962228,14.117139725928531,14.233146667480469,4853300,0.0,0.0
2019-06-27 00:00:00-04:00,14.47408279540823,14.572242968600289,14.447313076931938,14.509778022766113,2464400,0.0,0.0
2019-06-28 00:00:00-04:00,14.599014156908996,14.643631488354554,14.527625405370848,14.572242736816406,2657300,0.0,0.0
2019-07-01 00:00:00-04:00,14.45623686569369,14.474082777308194,14.24206975691951,14.393770217895508,2999400,0.0,0.0
2019-07-02 00:00:00-04:00,14.331305713733824,14.509778451715148,14.31345980156943,14.46515941619873,2776600,0.0,0.0
2019-07-03 00:00:00-04:00,14.768561997317937,14.866722173064773,14.70609704985801,14.723944664001465,1918400,0.0,0.0
2019-07-05 00:00:00-04:00,14.982730506578827,15.036271648909679,14.875646519874897,15.018424034118652,3234300,0.0,0.0
2019-07-08 00:00:00-04:00,14.893493805147275,14.947034946293527,14.822105049604874,14.85779857635498,3473700,0.0,0.0
2019-07-09 00:00:00-04:00,14.723943081026249,14.857796768627182,14.71501927491392,14.768560409545898,5744400,0.0,0.0
2019-07-10 00:00:00-04:00,14.795332183149979,14.831027408456404,14.688248209272732,14.732867240905762,3517500,0.0,0.0
2019-07-11 00:00:00-04:00,14.83102949229713,14.866723020576666,14.741793118534895,14.81318187713623,2157800,0.0,0.0
2019-07-12 00:00:00-04:00,14.697173518944043,14.75071636238047,14.652556184789217,14.715021133422852,2266500,0.0,0.0
2019-07-15 00:00:00-04:00,14.518701198221327,14.59901375424184,14.500853585318536,14.554394721984863,3586500,0.0,0.0
2019-07-16 00:00:00-04:00,14.224222224156417,14.233146031035478,14.045750341680508,14.05467414855957,4652300,0.0,0.0
2019-07-17 00:00:00-04:00,13.992209434509277,14.054674381656563,13.92082068033493,13.992209434509277,3174400,0.0,0.0
2019-07-18 00:00:00-04:00,14.152834083176012,14.224222839253434,14.05467475632483,14.206376075744629,3039200,0.0,0.0
2019-07-19 00:00:00-04:00,14.304536307739387,14.438390013135724,14.295612500440669,14.375925064086914,3025000,0.0,0.0
2019-07-22 00:00:00-04:00,14.304536552945926,14.331306273258752,14.161758186782277,14.224223136901855,3401000,0.0,0.0
2019-07-23 00:00:00-04:00,14.456235885620117,14.590089574885821,14.402693048280232,14.456235885620117,4483700,0.0,0.0
2019-07-24 00:00:00-04:00,14.51870231582717,14.679327440232631,14.500854701550523,14.634708404541016,3782400,0.0,0.0
2019-07-25 00:00:00-04:00,14.661479424178365,14.706096756605127,14.58116686417649,14.616860389709473,5383300,0.0,0.0
2019-07-26 00:00:00-04:00,15.946479693441875,16.321271096538013,15.901860656143382,16.28557586669922,10525700,0.0,0.0
2019-07-29 00:00:00-04:00,16.687138462920974,16.72283199022716,16.419429348934617,16.464048385620117,7287500,0.0,0.0
2019-07-30 00:00:00-04:00,16.446200523611385,16.47297024317788,16.321270626855235,16.410505294799805,3761000,0.0,0.0
2019-07-31 00:00:00-04:00,16.27665129591299,16.419428804487847,16.098180261215504,16.16956901550293,5455100,0.0,0.0
2019-08-01 00:00:00-04:00,16.38373732219312,16.45512608538611,16.223112179498308,16.3301944732666,4272900,0.0,0.0
2019-08-02 00:00:00-04:00,16.276650874635475,16.365887240695653,16.15172098337649,16.348039627075195,4736100,0.0,0.0
2019-08-05 00:00:00-04:00,16.02678894137824,16.053560361059414,15.884011440496094,15.964323997497559,2843900,0.0,0.0
2019-08-06 00:00:00-04:00,15.901859133016236,15.982171690418708,15.830470382218714,15.937554359436035,3238000,0.0,0.0
2019-08-07 00:00:00-04:00,15.794777887002965,16.062485294426533,15.785854079816554,16.04463768005371,3168700,0.0,0.0
2019-08-08 00:00:00-04:00,16.25880317161205,16.32126981894017,16.196338226326038,16.240957260131836,2942700,0.0,0.0
2019-08-09 00:00:00-04:00,16.05355970572302,16.142796065642084,16.03571209333081,16.071407318115234,2322600,0.0,0.0
2019-08-12 00:00:00-04:00,16.098179753205418,16.116025664682493,15.928630828857422,15.928630828857422,2574900,0.0,0.0
2019-08-13 00:00:00-04:00,16.160645208461734,16.258803681830596,16.04463741896831,16.16956901550293,3400000,0.0,0.0
2019-08-14 00:00:00-04:00,15.982172288689489,16.06248484909835,15.964324674811488,15.973248481750488,3322900,0.0,0.0
2019-08-15 00:00:00-04:00,16.0714079741802,16.13387291806088,15.90185905361688,15.964323997497559,2716500,0.0,0.0
2019-08-16 00:00:00-04:00,16.187415848685443,16.383736210679068,16.098181177279894,16.365888595581055,3419200,0.0,0.0
2019-08-19 00:00:00-04:00,16.223110916523567,16.303423481618616,16.20526330160417,16.28557586669922,3362500,0.0,0.0
2019-08-20 00:00:00-04:00,16.05356021030382,16.089255436210184,15.955400041103374,16.000019073486328,2679700,0.0,0.0
2019-08-21 00:00:00-04:00,16.285575065117996,16.312346486179393,16.187414889935027,16.249879837036133,2438100,0.0,0.0
2019-08-22 00:00:00-04:00,16.464047539226623,16.481893450941175,16.285574805744083,16.37481117248535,2803800,0.0,0.0
2019-08-23 00:00:00-04:00,16.52651244053273,16.615748807032098,16.285574761597076,16.321269989013672,2970200,0.0,0.0
2019-08-26 00:00:00-04:00,16.330192732015938,16.410505294799805,16.25880397643497,16.410505294799805,2138700,0.0,0.0
2019-08-27 00:00:00-04:00,16.472970962524414,16.544361423265073,16.43727743419635,16.472970962524414,2622100,0.0,0.0
2019-08-28 00:00:00-04:00,16.535436839084777,16.68713815694949,16.481893996043926,16.66929054260254,3223900,0.0,0.0
2019-08-29 00:00:00-04:00,16.95484594076997,16.963769748141758,16.84776195435074,16.88345718383789,3374000,0.0,0.0
2019-08-30 00:00:00-04:00,16.856683002690783,16.892378226335488,16.722829318107024,16.794218063354492,3523300,0.0,0.0
2019-09-03 00:00:00-04:00,16.820991726018914,17.008386569037516,16.812067918916767,16.954845428466797,3834300,0.0,0.0
2019-09-04 00:00:00-04:00,17.044083317956247,17.079776847506906,16.93699932521963,17.053007125854492,2991400,0.0,0.0
2019-09-05 00:00:00-04:00,17.026235216531372,17.03515902417509,16.767451603032676,16.812068939208984,3210600,0.0,0.0
2019-09-06 00:00:00-04:00,16.97269325115179,17.106546955243836,16.945921829516504,17.088699340820312,2657800,0.0,0.0
2019-09-09 00:00:00-04:00,17.035159585751952,17.177937108673646,16.981618440166898,17.16008949279785,3221800,0.0,0.0
2019-09-10 00:00:00-04:00,17.2582487697622,17.383178670232976,17.24932496229397,17.32963752746582,2646300,0.0,0.0
2019-09-11 00:00:00-04:00,17.356405590634086,17.606265343216666,17.32963417341085,17.597341537475586,3372700,0.0,0.0
2019-09-12 00:00:00-04:00,17.69550323486328,17.75796817843197,17.597343065231307,17.69550323486328,3406000,0.0,0.0
2019-09-13 00:00:00-04:00,17.847204760467363,17.927517318052832,17.766892202881895,17.829357147216797,3181600,0.0,0.0
2019-09-16 00:00:00-04:00,17.597344675252202,17.70442866119735,17.579498762629857,17.588420867919922,2535400,0.0,0.0
2019-09-17 00:00:00-04:00,17.401024211309416,17.624114265300562,17.30286404289986,17.561649322509766,3429700,0.0,0.0
2019-09-18 00:00:00-04:00,17.392101840967626,17.41887326239221,17.293941664453,17.37425422668457,2691000,0.0,0.0
2019-09-19 00:00:00-04:00,17.695505895345374,17.927519793513348,17.686582087487878,17.811511993408203,3180200,0.0,0.0
2019-09-20 00:00:00-04:00,17.909672784101815,17.918596592261412,17.64196534748336,17.713354110717773,4265800,0.0,0.0
2019-09-23 00:00:00-04:00,17.641964552067968,17.731200927598216,17.641964552067968,17.677658081054688,2062500,0.0,0.0
2019-09-24 00:00:00-04:00,17.820434360918,17.829358168054224,17.615191902911366,17.686580657958984,3894800,0.0,0.0
2019-09-25 00:00:00-04:00,17.650888481594247,17.75797077133544,17.579499721086012,17.704429626464844,2505400,0.0,0.0
2019-09-26 00:00:00-04:00,17.909670428913575,17.954289463843995,17.847205482053134,17.891822814941406,3748400,0.0,0.0
2019-09-27 00:00:00-04:00,17.856128348063944,17.90074567860099,17.641962097810413,17.69550323486328,2564100,0.0,0.0
2019-09-30 00:00:00-04:00,17.82935642128379,17.838280227545738,17.731197956486415,17.766891479492188,2584700,0.0,0.0
2019-10-01 00:00:00-04:00,17.445642256433256,17.463489869974257,17.231476000067566,17.31178855895996,4796900,0.0,0.0
2019-10-02 00:00:00-04:00,17.311788683639865,17.329636297309403,16.972692534129205,17.026233673095703,4127000,0.0,0.0
2019-10-03 00:00:00-04:00,17.00838706459157,17.222553335156537,16.945922115098735,17.195783615112305,2831700,0.0,0.0
2019-10-04 00:00:00-04:00,17.133317029477812,17.39210061009884,17.124393222967836,17.383176803588867,2568700,0.0,0.0
2019-10-07 00:00:00-04:00,17.650887088716537,17.71335203647668,17.597344246028836,17.633039474487305,2613500,0.0,0.0
2019-10-08 00:00:00-04:00,17.543803573755934,17.57949880316737,17.45456720226957,17.50811004638672,2721000,0.0,0.0
2019-10-09 00:00:00-04:00,17.588422145201072,17.61519356914207,17.472416045541426,17.499187469482422,3704400,0.0,0.0
2019-10-10 00:00:00-04:00,17.659811431218678,17.963212372102895,17.615192394292894,17.927518844604492,3619100,0.0,0.0
2019-10-11 00:00:00-04:00,18.20414698275223,18.248766012122395,18.043521881103516,18.043521881103516,3203200,0.0,0.0
2019-10-14 00:00:00-04:00,18.05244699670296,18.132759553354084,17.9453647225295,18.007829666137695,2096800,0.0,0.0
2019-10-15 00:00:00-04:00,18.204150882058954,18.391547441469882,18.150609737388248,18.329082489013672,4622400,0.0,0.0
2019-10-16 00:00:00-04:00,18.382624227475638,18.462936798097086,18.293387848780434,18.364776611328125,2361200,0.0,0.0
2019-10-17 00:00:00-04:00,18.489706000853104,18.516477424322296,18.329082566164885,18.43616485595703,2620300,0.0,0.0
2019-10-18 00:00:00-04:00,18.400468148322634,18.507550419618045,18.382620535759397,18.391544342041016,2566500,0.0,0.0
2019-10-21 00:00:00-04:00,18.543247317477046,18.58786465086793,18.29338582517845,18.338003158569336,2841400,0.0,0.0
2019-10-22 00:00:00-04:00,18.489704809085133,18.578941179521664,18.400470140690803,18.498628616333008,3348100,0.0,0.0
2019-10-23 00:00:00-04:00,18.57001707085438,18.712794580418457,18.552171158690502,18.70387077331543,2538900,0.0,0.0
2019-10-24 00:00:00-04:00,18.498627214887883,18.525398634603317,18.364773520394866,18.42723846435547,2594200,0.0,0.0
2019-10-25 00:00:00-04:00,18.257691229766706,18.37369902387209,18.257691229766706,18.293386459350586,1905000,0.0,0.0
2019-10-28 00:00:00-04:00,18.28446146722661,18.400469253815356,18.266613853591092,18.355850219726562,1845700,0.0,0.0
2019-10-29 00:00:00-04:00,18.186300909594134,18.23091994273914,18.070294827501282,18.14168357849121,2178400,0.0,0.0
2019-10-30 00:00:00-04:00,18.01675309487532,18.150606785806467,17.998905482206627,18.105989456176758,3067100,0.0,0.0
2019-10-31 00:00:00-04:00,18.141683748999284,18.248767727511666,18.070294997338397,18.221996307373047,1658600,0.0,0.0
2019-11-01 00:00:00-04:00,18.17737834663614,18.27553681299577,18.168454540232165,18.266613006591797,1939000,0.0,0.0
2019-11-04 00:00:00-05:00,18.400471249255382,18.48970592302579,18.329082489013672,18.329082489013672,2211600,0.0,0.0
2019-11-05 00:00:00-05:00,18.445087761749612,18.614636698011658,18.427240146976295,18.605712890625,2808400,0.0,0.0
2019-11-06 00:00:00-05:00,18.730642789953755,18.730642789953755,18.552171748347277,18.605712890625,3100500,0.0,0.0
2019-11-07 00:00:00-05:00,18.68602358623055,18.748488529647666,18.59678722333093,18.659252166748047,2432800,0.0,0.0
2019-11-08 00:00:00-05:00,18.614635125068133,18.632481036291235,18.43616239650044,18.454010009765625,3318800,0.0,0.0
2019-11-11 00:00:00-05:00,18.329082489013672,18.44508858614059,18.24876992098646,18.329082489013672,4366700,0.0,0.0
2019-11-12 00:00:00-05:00,19.05189238986127,19.38206474155595,18.84664993318164,18.962656021118164,5490400,0.0,0.0
2019-11-13 00:00:00-05:00,18.623560323951068,18.891267734773653,18.623560323951068,18.837726593017578,2567000,0.0,0.0
2019-11-14 00:00:00-05:00,18.427238927314786,18.489703872844736,18.230920283928924,18.302309036254883,3318300,0.0,0.0
2019-11-15 00:00:00-05:00,17.77581906579259,17.882903061665395,17.695506494398575,17.713354110717773,5142700,0.0,0.0
2019-11-18 00:00:00-05:00,17.668732832908145,17.713351868056986,17.53487913154593,17.55272674560547,2926400,0.0,0.0
2019-11-19 00:00:00-05:00,17.713350847894922,17.731198460926567,17.606266871747128,17.69550323486328,3109800,0.0,0.0
2019-11-20 00:00:00-05:00,17.45456640283535,17.579497998011174,17.40994907015679,17.472414016723633,2639300,0.0,0.0
2019-11-21 00:00:00-05:00,17.52595719138108,17.534880999361413,17.44564462160043,17.499187469482422,1863600,0.0,0.0
2019-11-22 00:00:00-05:00,17.80258632905712,17.873975075604978,17.74904349261475,17.86505126953125,3000600,0.0,0.0
2019-11-25 00:00:00-05:00,18.04352637195863,18.07029779624387,17.97213760924035,18.05245018005371,3650800,0.0,0.0
2019-11-26 00:00:00-05:00,18.079220371931548,18.114913899836385,17.981060191619317,18.061372756958008,3849400,0.0,0.0
2019-11-27 00:00:00-05:00,18.287333335347675,18.41540814948275,18.223295928280137,18.406261444091797,3110400,0.497,0.0
2019-11-29 00:00:00-05:00,18.049478742239714,18.140961499534757,18.02203513647313,18.131813049316406,2142100,0.0,0.0
2019-12-02 00:00:00-05:00,17.811625688835473,17.83907104167487,17.463993277312795,17.546327590942383,4539100,0.0,0.0
2019-12-03 00:00:00-05:00,17.1986930292367,17.399955455538908,17.16210097120175,17.38165855407715,3737100,0.0,0.0
2019-12-04 00:00:00-05:00,17.390806114170132,17.518880928066196,17.3267687072221,17.454843521118164,2854400,0.0,0.0
2019-12-05 00:00:00-05:00,17.33591651916504,17.418250823606186,17.29017426953751,17.33591651916504,3504700,0.0,0.0
2019-12-06 00:00:00-05:00,17.29932432952518,17.335918132633022,17.207841566644156,17.3176212310791,2239500,0.0,0.0
2019-12-09 00:00:00-05:00,17.207840849749065,17.33591741040214,17.18954569384591,17.262731552124023,3003600,0.0,0.0
2019-12-10 00:00:00-05:00,17.134655879862095,17.25358399628548,17.134655879862095,17.189546585083008,4240500,0.0,0.0
2019-12-11 00:00:00-05:00,17.2718775841747,17.32676828440939,17.22613707886756,17.29017448425293,2814900,0.0,0.0
2019-12-12 00:00:00-05:00,17.39995664844665,17.49143941713876,17.207842659704358,17.326770782470703,3600200,0.0,0.0
2019-12-13 00:00:00-05:00,17.79332835221449,17.939700059650743,17.729289203433787,17.866514205932617,4740200,0.0,0.0
2019-12-16 00:00:00-05:00,18.259889148447204,18.269037599309783,18.012887954711914,18.012887954711914,4175000,0.0,0.0
2019-12-17 00:00:00-05:00,17.756735354153268,17.921403968671537,17.69269794737138,17.85736656188965,3774100,0.0,0.0
2019-12-18 00:00:00-05:00,17.89395692610539,18.012885023074517,17.88480847673174,17.939699172973633,2688700,0.0,0.0
2019-12-19 00:00:00-05:00,17.829920539542886,17.96714379817626,17.829920539542886,17.884809494018555,2981500,0.0,0.0
2019-12-20 00:00:00-05:00,18.040330629671104,18.05862753045026,17.84821840615549,17.87566375732422,3687200,0.0,0.0
2019-12-23 00:00:00-05:00,17.73843832608899,17.76588367660745,17.65610401942206,17.710994720458984,2586300,0.0,0.0
2019-12-24 00:00:00-05:00,17.683550175237148,17.765884485653523,17.674401724647712,17.701847076416016,1059800,0.0,0.0
2019-12-26 00:00:00-05:00,17.65610364315443,17.784180197956037,17.65610364315443,17.75673484802246,1815800,0.0,0.0
2019-12-27 00:00:00-05:00,17.92140337455921,18.040329733941835,17.89395802475318,17.948848724365234,2387000,0.0,0.0
2019-12-30 00:00:00-05:00,17.866514585632075,17.92140354086507,17.683549075004176,17.692697525024414,2273800,0.0,0.0
2019-12-31 00:00:00-05:00,17.637809373683933,17.701846781855853,17.592067121497912,17.683549880981445,2213500,0.0,0.0
2020-01-02 00:00:00-05:00,17.729287890367086,17.802473738664922,17.6926958386623,17.7750301361084,1734600,0.0,0.0
2020-01-03 00:00:00-05:00,17.692697903652558,17.747586860060192,17.646957397460938,17.646957397460938,1453100,0.0,0.0
2020-01-06 00:00:00-05:00,17.601214769710463,17.738438030237173,17.56462271451794,17.692697525024414,1809400,0.0,0.0
2020-01-07 00:00:00-05:00,17.710993614860318,17.710993614860318,17.50058276379713,17.573768615722656,2543400,0.0,0.0
2020-01-08 00:00:00-05:00,17.573770730070784,17.710995745718357,17.56462402425693,17.656105041503906,1546900,0.0,0.0
2020-01-09 00:00:00-05:00,17.985442050137348,18.186702728271484,17.948849992698655,18.186702728271484,3800100,0.0,0.0
2020-01-10 00:00:00-05:00,18.195851737297737,18.25074244247321,18.012887954711914,18.012887954711914,2460800,0.0,0.0
2020-01-13 00:00:00-05:00,17.88481058684814,18.022035598754883,17.848218529924583,18.022035598754883,2324000,0.0,0.0
2020-01-14 00:00:00-05:00,18.48859434172134,18.717300368184326,18.415408483048726,18.634967803955078,4800900,0.0,0.0
2020-01-15 00:00:00-05:00,18.662410225967957,18.78133832931835,18.653261776103434,18.689855575561523,2214700,0.0,0.0
2020-01-16 00:00:00-05:00,18.63496772645806,18.644114431976657,18.49774271524014,18.5709285736084,3229500,0.0,0.0
2020-01-17 00:00:00-05:00,18.45200054905366,18.47029744822276,18.269035047139393,18.378814697265625,2420000,0.0,0.0
2020-01-21 00:00:00-05:00,18.470297368899445,18.497740972646884,18.397111517425714,18.442852020263672,2303500,0.0,0.0
2020-01-22 00:00:00-05:00,18.44285307405693,18.452001524124917,18.22329550709059,18.241592407226562,2750800,0.0,0.0
2020-01-23 00:00:00-05:00,18.461149725064022,18.580076084566077,18.342221620673556,18.56178092956543,2429400,0.0,0.0
2020-01-24 00:00:00-05:00,18.662410736083984,18.680707636313155,18.506890573912933,18.662410736083984,4358500,0.0,0.0
2020-01-27 00:00:00-05:00,18.45200216816417,18.479447519326065,18.269036650195204,18.360519409179688,2921700,0.0,0.0
2020-01-28 00:00:00-05:00,18.470296706473682,18.634965302605924,18.46114825725653,18.598371505737305,2004500,0.0,0.0
2020-01-29 00:00:00-05:00,18.488593331002413,18.534335580727518,18.397112321329033,18.433704376220703,2067500,0.0,0.0
2020-01-30 00:00:00-05:00,17.93970200521761,18.08607372852793,17.848219241926518,18.07692527770996,3235400,0.0,0.0
2020-01-31 00:00:00-05:00,18.012885023074517,18.03118017693351,17.875661772246396,17.939699172973633,1654600,0.0,0.0
2020-02-03 00:00:00-05:00,17.93055123276296,18.058626037854292,17.857365380583857,17.912254333496094,1772600,0.0,0.0
2020-02-04 00:00:00-05:00,18.06777713562842,18.095222488551297,17.92140540981695,17.967145919799805,2927600,0.0,0.0
2020-02-05 00:00:00-05:00,17.665254758276212,17.70184856370853,17.180399050518805,17.326770782470703,5586600,0.0,0.0
2020-02-06 00:00:00-05:00,17.683548034640193,17.903105587543536,17.683548034640193,17.893957138061523,3761600,0.0,0.0
2020-02-07 00:00:00-05:00,18.232445540748053,18.25074244247321,17.994591052986756,18.012887954711914,4180500,0.0,0.0
2020-02-10 00:00:00-05:00,17.857366949511302,17.87566385038571,17.628660923246727,17.683549880981445,2101600,0.0,0.0
2020-02-11 00:00:00-05:00,17.747586909027437,17.857366567034067,17.710994852950876,17.729290008544922,2110700,0.0,0.0
2020-02-12 00:00:00-05:00,18.02203492543856,18.086072331328687,17.957995774659995,18.04947853088379,2308700,0.0,0.0
2020-02-13 00:00:00-05:00,17.957996956424314,18.168407833052115,17.939701799886357,17.994590759277344,2062500,0.0,0.0
2020-02-14 00:00:00-05:00,17.912254628104343,17.912254628104343,17.775031371122623,17.802474975585938,1541900,0.0,0.0
2020-02-18 00:00:00-05:00,17.848219173567944,18.49774347515873,17.82077382121916,18.479448318481445,8361700,0.0,0.0
2020-02-19 00:00:00-05:00,18.46114937673217,18.52518678024718,18.33307456970215,18.33307456970215,3322200,0.0,0.0
2020-02-20 00:00:00-05:00,18.323927437470775,18.38796484559025,18.20499932677303,18.29648208618164,2714700,0.0,0.0
2020-02-21 00:00:00-05:00,18.314779706868197,18.369668666715267,18.241593845442583,18.35137176513672,1925400,0.0,0.0
2020-02-24 00:00:00-05:00,17.665253492206315,17.802476762965334,17.518881770744887,17.656105041503906,2947600,0.0,0.0
2020-02-25 00:00:00-05:00,17.656104672416838,17.683550023950342,17.14380365801109,17.216989517211914,2516800,0.0,0.0
2020-02-26 00:00:00-05:00,17.05231937865124,17.317619185174827,17.024875774451118,17.043170928955078,2705800,0.0,0.0
2020-02-27 00:00:00-05:00,16.50342772285037,16.814466313839155,16.44853702012719,16.457685470581055,4687700,0.0,0.0
2020-02-28 00:00:00-05:00,15.744122466548081,16.009422302246094,15.469675925036427,16.009422302246094,8288300,0.0,0.0
2020-03-02 00:00:00-05:00,15.561157923271146,15.881346702575684,15.43308310950472,15.881346702575684,7753100,0.0,0.0
2020-03-03 00:00:00-05:00,15.762418038961323,15.972827152705745,15.332451361541626,15.442229270935059,5366200,0.0,0.0
2020-03-04 00:00:00-05:00,16.155793622624927,16.686391535959924,16.018570355275767,16.668094635009766,4978800,0.0,0.0
2020-03-05 00:00:00-05:00,16.439387388702624,16.741279252438787,16.311312581326188,16.5125732421875,4682500,0.0,0.0
2020-03-06 00:00:00-05:00,16.15579354671988,16.347907516016903,16.009421829583342,16.247276306152344,2843100,0.0,0.0
2020-03-09 00:00:00-04:00,15.094596910454836,15.478823083425587,14.545702128369705,14.554850578308105,5375600,0.0,0.0
2020-03-10 00:00:00-04:00,14.93907680238421,15.003114207283666,14.289551686087322,14.765259742736816,8574700,0.0,0.0
2020-03-11 00:00:00-04:00,13.98765917758641,14.088289505322942,13.55769164554092,13.694915771484375,5542800,0.0,0.0
2020-03-12 00:00:00-04:00,12.313532982709438,12.61542487968788,11.64571090556868,12.25864315032959,7672300,0.0,0.0
2020-03-13 00:00:00-04:00,12.7526481764835,12.780093528948322,11.874416963827864,12.533090591430664,6007200,0.0,0.0
2020-03-16 00:00:00-04:00,10.593662409810316,11.078518911138298,10.483883628704596,10.602810859680176,6378000,0.0,0.0
2020-03-17 00:00:00-04:00,10.776627073352023,12.084825745082558,10.611959337482114,11.965898513793945,6074400,0.0,0.0
2020-03-18 00:00:00-04:00,11.66400624338767,12.029935502045692,11.051074080802351,11.526782989501953,8357300,0.0,0.0
2020-03-19 00:00:00-04:00,11.837823413715851,12.734351481114794,11.755489977961348,12.487348556518555,9365300,0.0,0.0
2020-03-20 00:00:00-04:00,12.569682921047745,12.679461708323293,11.590821413507577,11.599969863891602,8081400,0.0,0.0
2020-03-23 00:00:00-04:00,11.819526546920317,11.938453775609457,11.352966081857735,11.471893310546875,9663300,0.0,0.0
2020-03-24 00:00:00-04:00,12.075677527551669,12.158011833293019,11.609117043313491,11.911009788513184,4741900,0.0,0.0
2020-03-25 00:00:00-04:00,12.359273675979386,12.880723128548368,12.194605060454764,12.478200912475586,4920100,0.0,0.0
2020-03-26 00:00:00-04:00,12.542237782359004,13.704063874222358,12.533089332456377,13.530247688293457,7670300,0.0,0.0
2020-03-27 00:00:00-04:00,13.054540254922395,13.374728164718093,12.624572685971568,13.10028076171875,3712000,0.0,0.0
2020-03-30 00:00:00-04:00,12.87157534924636,13.027095522583684,12.560535002571715,12.935613632202148,3840000,0.0,0.0
2020-03-31 00:00:00-04:00,12.734351176514808,12.999650123007024,12.423310851845818,12.597127914428711,5619800,0.0,0.0
2020-04-01 00:00:00-04:00,12.350125401751377,12.514794019623556,12.176309205898496,12.222049713134766,3958900,0.0,0.0
2020-04-02 00:00:00-04:00,12.340976337021559,13.036242830712855,12.139715672356349,12.45075511932373,4748800,0.0,0.0
2020-04-03 00:00:00-04:00,12.276939013297659,12.4599036516777,12.231197635591595,12.386717796325684,3035000,0.0,0.0
2020-04-06 00:00:00-04:00,12.990501909366113,13.146022074531746,12.899020023791424,13.091133117675781,2924200,0.0,0.0
2020-04-07 00:00:00-04:00,13.603433520688158,13.630877997907577,12.880722555985969,12.917315483093262,3168500,0.0,0.0
2020-04-08 00:00:00-04:00,12.72520374908641,12.780093581798754,12.459904781272717,12.67031478881836,4027100,0.0,0.0
2020-04-09 00:00:00-04:00,12.89901981486509,13.054539977511752,12.780092580344451,13.008798599243164,4325500,0.0,0.0
2020-04-13 00:00:00-04:00,13.036243375934376,13.054540276638749,12.807537351795176,12.963057518005371,1992700,0.0,0.0
2020-04-14 00:00:00-04:00,12.899019963687879,13.045391677880746,12.816685656343331,12.953908920288086,3062300,0.0,0.0
2020-04-15 00:00:00-04:00,12.478200551737812,12.533089507029716,12.34097641861962,12.386717796325684,2720400,0.0,0.0
2020-04-16 00:00:00-04:00,12.249494552612305,12.331827985664162,12.139715769432282,12.249494552612305,3606600,0.0,0.0
2020-04-17 00:00:00-04:00,12.533089701981261,12.642868486716889,12.350125060755214,12.60627555847168,5142700,0.0,0.0
2020-04-20 00:00:00-04:00,12.523940973520963,12.743499410557753,12.505644946027019,12.514793395996094,2713600,0.0,0.0
2020-04-21 00:00:00-04:00,12.103121555218648,12.176308280612526,11.892712446099331,11.947602272033691,3475400,0.0,0.0
2020-04-22 00:00:00-04:00,12.103122200007766,12.176308929300637,12.048233243593401,12.13056755065918,3141400,0.0,0.0
2020-04-23 00:00:00-04:00,12.258642665603409,12.340976974695407,12.084826469421387,12.084826469421387,3823500,0.0,0.0
2020-04-24 00:00:00-04:00,12.405015055007807,12.49649694062041,12.304383846656432,12.478200912475586,4307900,0.0,0.0
2020-04-27 00:00:00-04:00,12.533089553860062,12.67946126511102,12.441607670550324,12.661165237426758,3192000,0.0,0.0
2020-04-28 00:00:00-04:00,12.889871469553894,12.89901991977086,12.725202855425444,12.743499755859375,2500100,0.0,0.0
2020-04-29 00:00:00-04:00,13.383876838370254,13.658324245948858,13.338135458366443,13.59428596496582,5461200,0.0,0.0
2020-04-30 00:00:00-04:00,13.146022765279536,13.200912597463885,12.79838948796342,12.935613632202148,7580300,0.0,0.0
2020-05-01 00:00:00-04:00,12.844129743573003,12.853278193542568,12.368421686930258,12.45075511932373,8824900,0.0,0.0
2020-05-04 00:00:00-04:00,12.523941755970998,12.652017446207143,12.41416296681613,12.642868995666504,3536400,0.0,0.0
2020-05-05 00:00:00-04:00,12.807537014141648,12.899019770363205,12.71605425792009,12.73435115814209,2422800,0.0,0.0
2020-05-06 00:00:00-04:00,12.963057263195642,12.963057263195642,12.60627555847168,12.60627555847168,2885600,0.0,0.0
2020-05-07 00:00:00-04:00,12.670313391706063,12.780092172581526,12.587979087938418,12.70690631866455,2883500,0.0,0.0
2020-05-08 00:00:00-04:00,12.899019455761715,12.926463932981136,12.798388251883509,12.917315483093262,2052500,0.0,0.0
2020-05-11 00:00:00-04:00,12.75264754379439,12.944760639295508,12.661165657449821,12.825834274291992,4622900,0.0,0.0
2020-05-12 00:00:00-04:00,13.649175791151457,13.914474748156717,13.49365562265414,13.658324241638184,5871700,0.0,0.0
2020-05-13 00:00:00-04:00,14.069995073371812,14.069995073371812,13.43876594186491,13.603434562683105,7657900,0.0,0.0
2020-05-14 00:00:00-04:00,13.237505438751993,13.438766119699428,12.972206475281029,13.411321640014648,4896800,0.0,0.0
2020-05-15 00:00:00-04:00,13.539396286915975,13.603433692049363,13.356431649074722,13.475358009338379,3281600,0.0,0.0
2020-05-18 00:00:00-04:00,13.923623589915941,14.426777039049828,13.804696347579258,14.37188720703125,6546000,0.0,0.0
2020-05-19 00:00:00-04:00,14.271255574986466,14.362737456814871,14.12488299366145,14.143179893493652,8311600,0.0,0.0
2020-05-20 00:00:00-04:00,14.179773752524016,14.316997020506221,14.152329273416425,14.280404090881348,5015100,0.0,0.0
2020-05-21 00:00:00-04:00,14.563999560522525,14.646333868088819,14.381034917288671,14.390182495117188,2699400,0.0,0.0
2020-05-22 00:00:00-04:00,14.46336869625672,14.5914435056175,14.408478869070525,14.554850578308105,2461900,0.0,0.0
2020-05-26 00:00:00-04:00,14.45422060524452,14.710371102770997,14.445072155078947,14.582295417785645,3346400,0.0,0.0
2020-05-27 00:00:00-04:00,14.600591939309936,14.820150375366211,14.573147461969478,14.820150375366211,4198500,0.0,0.0
2020-05-28 00:00:00-04:00,15.149485817361644,15.240968571568374,15.094596862792969,15.094596862792969,3640500,0.0,0.0
2020-05-29 00:00:00-04:00,15.250117170718077,15.259265620717118,14.88418789519852,15.103745460510254,3370900,0.0,0.0
2020-06-01 00:00:00-04:00,15.268413956914054,15.48797152058933,15.240968607121491,15.442229270935059,2392800,0.0,0.0
2020-06-02 00:00:00-04:00,15.552009287372746,15.652640494067109,15.460526530822275,15.533712387084961,2966400,0.0,0.0
2020-06-03 00:00:00-04:00,15.451379147467739,15.817310198934122,15.442230696692222,15.680085182189941,3504600,0.0,0.0
2020-06-04 00:00:00-04:00,15.670936427215544,15.899642457498185,15.652641270908221,15.789864540100098,2562900,0.0,0.0
2020-06-05 00:00:00-04:00,15.936235263268147,16.24727558459175,15.927086813242344,16.06431007385254,3892400,0.0,0.0
2020-06-08 00:00:00-04:00,16.475983586254994,16.631503765660067,16.39364927098827,16.61320686340332,3148500,0.0,0.0
2020-06-09 00:00:00-04:00,16.155792451342716,16.366201562349502,16.110051947171986,16.238126754760742,3781400,0.0,0.0
2020-06-10 00:00:00-04:00,15.981975422100618,16.100903524969876,15.835603714637214,15.963680267333984,5843900,0.0,0.0
2020-06-11 00:00:00-04:00,15.217397557459247,15.26445125345987,14.671566426928173,14.690387725830078,5448500,0.487,0.0
2020-06-12 00:00:00-04:00,15.085645503615835,15.207986188025556,14.756264252535706,15.019768714904785,3401100,0.0,0.0
2020-06-15 00:00:00-04:00,14.615100941985839,15.05741269108412,14.558636146989645,15.000946998596191,3157700,0.0,0.0
2020-06-16 00:00:00-04:00,15.480902922532328,15.584421412733816,15.189164263371781,15.330328941345215,2454800,0.0,0.0
2020-06-17 00:00:00-04:00,15.443258426353044,15.443258426353044,15.17975306354801,15.189164161682129,1930400,0.0,0.0
2020-06-18 00:00:00-04:00,14.91624927520752,14.982125166189023,14.831551188236041,14.91624927520752,3259000,0.0,0.0
2020-06-19 00:00:00-04:00,15.057412414000208,15.06682351215697,14.690387663311935,14.728031158447266,2592500,0.0,0.0
2020-06-22 00:00:00-04:00,14.97271424649988,15.057412334480004,14.878605957904409,14.94448184967041,2221000,0.0,0.0
2020-06-23 00:00:00-04:00,15.207986845924962,15.292684936866285,15.066823959350586,15.066823959350586,2851400,0.0,0.0
2020-06-24 00:00:00-04:00,14.869194516295956,14.869194516295956,14.596278959937946,14.709209442138672,2258600,0.0,0.0
2020-06-25 00:00:00-04:00,14.75626507927686,14.991537158232209,14.728031783608152,14.953893661499023,1953900,0.0,0.0
2020-06-26 00:00:00-04:00,14.944482315143784,14.944482315143784,14.445705767326501,14.50217056274414,2978000,0.0,0.0
2020-06-29 00:00:00-04:00,14.671566947516087,14.822140934040998,14.596279954253633,14.812729835510254,1415200,0.0,0.0
2020-06-30 00:00:00-04:00,14.935071105270055,15.066823789414064,14.888016511112069,15.000946998596191,3002300,0.0,0.0
2020-07-01 00:00:00-04:00,14.935070566124352,15.076234343502392,14.906838169645425,15.057412147521973,2612200,0.0,0.0
2020-07-02 00:00:00-04:00,15.349149366794006,15.424436357505467,15.076234698583747,15.113877296447754,2101700,0.0,0.0
2020-07-06 00:00:00-04:00,15.292684788157192,15.386793976619469,15.198575599694916,15.320918083190918,2309300,0.0,0.0
2020-07-07 00:00:00-04:00,15.113877614096241,15.132699810915554,14.906838834034247,14.925660133361816,1553800,0.0,0.0
2020-07-08 00:00:00-04:00,14.925659956301237,14.972714550299578,14.775085973499932,14.897427558898926,1558500,0.0,0.0
2020-07-09 00:00:00-04:00,14.803318402665095,14.803318402665095,14.473938038953435,14.577457427978516,2171600,0.0,0.0
2020-07-10 00:00:00-04:00,14.596279843052407,14.765675127856523,14.577457646134313,14.746853828430176,1678600,0.0,0.0
2020-07-13 00:00:00-04:00,14.812729320777612,14.840962615388758,14.530402657108194,14.549224853515625,2047900,0.0,0.0
2020-07-14 00:00:00-04:00,14.78449765141437,15.010358634471059,14.756265252905227,14.982126235961914,2789100,0.0,0.0
2020-07-15 00:00:00-04:00,15.123288627870984,15.198575619743423,15.000947041705336,15.142110824584961,2973700,0.0,0.0
2020-07-16 00:00:00-04:00,15.104465904690352,15.17975289393866,15.000946518846856,15.019768714904785,2722600,0.0,0.0
2020-07-17 00:00:00-04:00,15.04800161614866,15.433847673358873,14.991536821064683,15.320918083190918,4763800,0.0,0.0
2020-07-20 00:00:00-04:00,15.462081090019252,15.471492188437855,15.320918203707167,15.349149703979492,2537300,0.0,0.0
2020-07-21 00:00:00-04:00,15.706763637415078,15.744406234604456,15.490311972388344,15.584421157836914,4091800,0.0,0.0
2020-07-22 00:00:00-04:00,15.593833442130205,15.622066738407556,15.480903846987902,15.612655639648438,2256600,0.0,0.0
2020-07-23 00:00:00-04:00,15.433848028499963,15.54677941625,15.330329534294567,15.3773832321167,2036100,0.0,0.0
2020-07-24 00:00:00-04:00,14.746853417519237,14.840962604503927,14.577457239943483,14.690387725830078,4773300,0.0,0.0
2020-07-27 00:00:00-04:00,14.539814450512948,14.71862173496608,14.436295057797604,14.699799537658691,2773100,0.0,0.0
2020-07-28 00:00:00-04:00,14.408062114794683,14.991536746895607,14.398651016496668,14.897427558898926,7461400,0.0,0.0
2020-07-29 00:00:00-04:00,14.935070911418668,15.19857537879477,14.906838514287017,15.151521682739258,5717300,0.0,0.0
2020-07-30 00:00:00-04:00,14.624511533034664,14.78449660912736,14.445705158426668,14.737442016601562,7295300,0.0,0.0
2020-07-31 00:00:00-04:00,14.775085724912746,14.78449682305242,14.210433298907988,14.30454158782959,5668900,0.0,0.0
2020-08-03 00:00:00-04:00,14.389239249883493,14.48334843350923,14.313952261979582,14.42688274383545,2447200,0.0,0.0
2020-08-04 00:00:00-04:00,14.455115542502655,14.671566311873343,14.426883145625336,14.62451171875,3300600,0.0,0.0
2020-08-05 00:00:00-04:00,14.652744125303034,14.671566321561485,14.47393774830632,14.483348846435547,2251900,0.0,0.0
2020-08-06 00:00:00-04:00,14.370418537199612,14.530402719895475,14.351596340710847,14.511581420898438,2316600,0.0,0.0
2020-08-07 00:00:00-04:00,14.473938165035321,14.56804645656197,14.389240074417119,14.50217056274414,4556800,0.0,0.0
2020-08-10 00:00:00-04:00,14.379828613999699,14.633922879457392,14.379828613999699,14.586868286132812,5670200,0.0,0.0
2020-08-11 00:00:00-04:00,14.71862096794329,14.831551453427247,14.558635889134754,14.586868286132812,5922400,0.0,0.0
2020-08-12 00:00:00-04:00,14.812728642217634,14.916248922732876,14.746852752792792,14.822139739990234,3709700,0.0,0.0
2020-08-13 00:00:00-04:00,15.113876948152033,15.15152134013198,14.8597835847293,14.91624927520752,3538600,0.0,0.0
2020-08-14 00:00:00-04:00,14.793908551750977,14.869195545093893,14.6715669631958,14.6715669631958,2365500,0.0,0.0
2020-08-17 00:00:00-04:00,14.690387736604473,14.728031231927613,14.5209924563962,14.549224853515625,2922000,0.0,0.0
2020-08-18 00:00:00-04:00,14.756264337213466,14.793907832053634,14.62451165652702,14.662155151367188,2923600,0.0,0.0
2020-08-19 00:00:00-04:00,14.76567507832313,14.850373169186929,14.60569089251475,14.64333438873291,2038600,0.0,0.0
2020-08-20 00:00:00-04:00,14.332774155576635,14.436294441363394,14.266898262797225,14.370418548583984,2334900,0.0,0.0
2020-08-21 00:00:00-04:00,14.163379260146115,14.1727903586542,14.050448770524346,14.106913566589355,3062700,0.0,0.0
2020-08-24 00:00:00-04:00,14.33277396884308,14.492759047073056,14.276309175051155,14.483348846435547,2626200,0.0,0.0
2020-08-25 00:00:00-04:00,14.539813900464265,14.586868494460871,14.219843738277413,14.295130729675293,2614400,0.0,0.0
2020-08-26 00:00:00-04:00,14.27630936773845,14.342185260548728,14.163378881138666,14.33277416229248,2742600,0.0,0.0
2020-08-27 00:00:00-04:00,14.304542018850725,14.304542018850725,14.135146734690977,14.18220043182373,2340300,0.0,0.0
2020-08-28 00:00:00-04:00,14.153967507894187,14.163378605967592,13.984571332539732,14.059858322143555,2136100,0.0,0.0
2020-08-31 00:00:00-04:00,14.031626475420001,14.031626475420001,13.88105249031023,13.899874687194824,2267100,0.0,0.0
2020-09-01 00:00:00-04:00,13.645779849578771,13.68342334429863,13.504616968752226,13.636368751525879,4536800,0.0,0.0
2020-09-02 00:00:00-04:00,13.504617076645735,13.786942840554433,13.485794880389573,13.739889144897461,3733500,0.0,0.0
2020-09-03 00:00:00-04:00,13.749299905963738,13.87164149414036,13.495206528590565,13.542261123657227,5472400,0.0,0.0
2020-09-04 00:00:00-04:00,13.476383934052933,13.514027429497538,13.137592475051482,13.344632148742676,4336200,0.0,0.0
2020-09-08 00:00:00-04:00,13.25052261352539,13.41050768933788,13.099948635699917,13.25052261352539,5391500,0.0,0.0
2020-09-09 00:00:00-04:00,13.626957599509735,13.721066784682563,13.476383621226578,13.532849311828613,3806600,0.0,0.0
2020-09-10 00:00:00-04:00,13.514027999186442,13.570493693479545,13.147004127502441,13.147004127502441,3227300,0.0,0.0
2020-09-11 00:00:00-04:00,13.44815208636678,13.457563184985425,13.222291104469916,13.288166999816895,2985600,0.0,0.0
2020-09-14 00:00:00-04:00,13.354041874967088,13.43873996108075,13.325809478759766,13.325809478759766,2734100,0.0,0.0
2020-09-15 00:00:00-04:00,13.297577744484627,13.382275834814424,13.175236158174004,13.231701850891113,4765900,0.0,0.0
2020-09-16 00:00:00-04:00,13.344632565487052,13.55167134815221,13.297577970338878,13.36345386505127,3027600,0.0,0.0
2020-09-17 00:00:00-04:00,13.128181093612044,13.259933773571815,13.099948697010559,13.212879180908203,3197500,0.0,0.0
2020-09-18 00:00:00-04:00,13.41050799574021,13.457562589258695,13.090537836804574,13.203468322753906,6925000,0.0,0.0
2020-09-21 00:00:00-04:00,12.704692191151505,12.704692191151505,12.507063610056145,12.657637596130371,4336600,0.0,0.0
2020-09-22 00:00:00-04:00,12.70469201365275,12.80821140325956,12.52588563206067,12.62940502166748,3166800,0.0,0.0
2020-09-23 00:00:00-04:00,12.817622147336996,12.845854544178161,12.535295486450195,12.535295486450195,5367500,0.0,0.0
2020-09-24 00:00:00-04:00,12.554117966871775,12.779978941697562,12.431776381134872,12.667048454284668,5688600,0.0,0.0
2020-09-25 00:00:00-04:00,12.497651929536394,12.62940460996148,12.431776038069707,12.572938919067383,5706700,0.0,0.0
2020-09-28 00:00:00-04:00,12.6482257227067,12.770567303269424,12.638815522272411,12.685869216918945,4279000,0.0,0.0
2020-09-29 00:00:00-04:00,12.582350730895996,12.619994227796909,12.460009141595089,12.582350730895996,4628700,0.0,0.0
2020-09-30 00:00:00-04:00,12.601172624045939,12.732924411274292,12.582350427303751,12.62940502166748,3833200,0.0,0.0
2020-10-01 00:00:00-04:00,12.488242630531873,12.535296329266924,12.365901039338839,12.469420433044434,3591000,0.0,0.0
2020-10-02 00:00:00-04:00,12.384721787006567,12.723514146736983,12.375310688682559,12.667048454284668,2979000,0.0,0.0
2020-10-05 00:00:00-04:00,13.212879172810046,13.36345315124795,13.128181085565798,13.354042053222656,6282400,0.0,0.0
2020-10-06 00:00:00-04:00,13.636368648414615,13.655190844378074,13.363453089386356,13.391685485839844,4309500,0.0,0.0
2020-10-07 00:00:00-04:00,13.457562571895615,13.514027366051568,13.288166394444312,13.382275581359863,2174200,0.0,0.0
2020-10-08 00:00:00-04:00,13.655191773684871,13.768122264676032,13.589314980821204,13.71165657043457,3034800,0.0,0.0
2020-10-09 00:00:00-04:00,13.739889322103705,13.815176313115913,13.589314442587565,13.768121719360352,2258200,0.0,0.0
2020-10-12 00:00:00-04:00,13.862230293425636,13.956339482865115,13.796354399313048,13.899874687194824,2212900,0.0,0.0
2020-10-13 00:00:00-04:00,13.805765036810595,13.82458633557504,13.692834551748772,13.739889144897461,2635600,0.0,0.0
2020-10-14 00:00:00-04:00,13.579904145277869,13.645780037572246,13.485794958435855,13.523438453674316,1908300,0.0,0.0
2020-10-15 00:00:00-04:00,13.316399080173532,13.48579526129673,13.28816668248358,13.476384162902832,3918700,0.0,0.0
2020-10-16 00:00:00-04:00,13.278754704479743,13.495205465742579,13.269344504200935,13.438739776611328,4334700,0.0,0.0
2020-10-19 00:00:00-04:00,13.504617407753882,13.57049330128217,13.35404252648792,13.372864723205566,4436400,0.0,0.0
2020-10-20 00:00:00-04:00,13.561081584905025,13.730477757677015,13.542260286536857,13.608136177062988,3056400,0.0,0.0
2020-10-21 00:00:00-04:00,13.297577543990833,13.570493110109894,13.21287945493807,13.485795021057129,8730300,0.0,0.0
2020-10-22 00:00:00-04:00,13.41050725248006,13.721066296001318,13.41050725248006,13.69283390045166,6935700,0.0,0.0
2020-10-23 00:00:00-04:00,13.928107197692967,14.0504487859572,13.852820204529092,13.965750694274902,6918900,0.0,0.0
2020-10-26 00:00:00-04:00,13.758710569328294,13.758710569328294,13.561081994292117,13.664602279663086,4442400,0.0,0.0
2020-10-27 00:00:00-04:00,13.363452741050905,13.410507332241314,13.090537189136537,13.156413078308105,4558500,0.0,0.0
2020-10-28 00:00:00-04:00,12.657637178714504,12.76115746384552,12.49765209941359,12.638815879821777,6758900,0.0,0.0
2020-10-29 00:00:00-04:00,12.507063948607874,12.836445225180027,12.422365854775503,12.751747131347656,5912500,0.0,0.0
2020-10-30 00:00:00-04:00,12.695280548857232,12.73292404376336,12.544706569232714,12.714102745056152,3372600,0.0,0.0
2020-11-02 00:00:00-05:00,12.921141555836654,13.062305335263577,12.845854565805649,12.996429443359375,4291000,0.0,0.0
2020-11-03 00:00:00-05:00,13.118770181894362,13.23170156488757,13.052894289724758,13.09994888305664,3446500,0.0,0.0
2020-11-04 00:00:00-05:00,12.977607775612565,13.175236356865213,12.836444887928566,13.081127166748047,3659900,0.0,0.0
2020-11-05 00:00:00-05:00,13.17523580121858,13.372864374136528,13.17523580121858,13.278755187988281,3304900,0.0,0.0
2020-11-06 00:00:00-05:00,13.288167016997555,13.335221612659847,13.118770831610007,13.147004127502441,2573500,0.0,0.0
2020-11-09 00:00:00-05:00,14.201022463868382,14.248077057946814,13.975161489281989,14.012804985046387,5591100,0.0,0.0
2020-11-10 00:00:00-05:00,14.530403177559018,14.746853956538716,14.511581877969167,14.6715669631958,7813800,0.0,0.0
2020-11-11 00:00:00-05:00,14.680977400487356,14.775085689181369,14.568046018067795,14.765674591064453,4993600,0.0,0.0
2020-11-12 00:00:00-05:00,14.728031411102902,14.840962795937925,14.51158153473453,14.577457427978516,3666800,0.0,0.0
2020-11-13 00:00:00-05:00,14.784496462165087,15.170343399047852,14.765674266345183,15.170343399047852,4098300,0.0,0.0
2020-11-16 00:00:00-05:00,15.725584263754595,15.998500725966068,15.687941666026065,15.753817558288574,7999300,0.0,0.0
2020-11-17 00:00:00-05:00,15.659707793756029,15.687941087248392,15.330328344595328,15.38679313659668,4081400,0.0,0.0
2020-11-18 00:00:00-05:00,15.386793856947929,15.565601134137225,15.34914946386241,15.358560562133789,3092000,0.0,0.0
2020-11-19 00:00:00-05:00,15.264451844366661,15.38679433067783,15.217398146544529,15.3773832321167,2742300,0.0,0.0
2020-11-20 00:00:00-05:00,15.43384754158215,15.584421523842778,15.377382746980278,15.499723434448242,2923200,0.0,0.0
2020-11-23 00:00:00-05:00,15.509134659299718,15.52795685598179,15.320918077429415,15.424436569213867,2553000,0.0,0.0
2020-11-24 00:00:00-05:00,15.67853043778289,15.932624701530473,15.669119339682968,15.866748809814453,2364600,0.0,0.0
2020-11-25 00:00:00-05:00,15.819693925590954,15.838516122512141,15.71617543249142,15.772640228271484,2493400,0.0,0.0
2020-11-27 00:00:00-05:00,15.78205001155852,15.866748095662173,15.753816718529519,15.85733699798584,2006100,0.0,0.0
2020-11-30 00:00:00-05:00,15.791462204433467,15.819693704437086,15.584421631161765,15.603243827819824,2770800,0.0,0.0
2020-12-01 00:00:00-05:00,15.78205214950518,15.960857644627714,15.772641050553954,15.847928047180176,3521200,0.0,0.0
2020-12-02 00:00:00-05:00,15.791461338069862,16.05496489689226,15.772639142444442,16.0267333984375,5048600,0.0,0.0
2020-12-03 00:00:00-05:00,16.17730892519921,16.224362623792775,16.07378863431312,16.111433029174805,3966700,0.0,0.0
2020-12-04 00:00:00-05:00,16.450224032086933,16.62903132232237,16.450224032086933,16.51609992980957,4573300,0.0,0.0
2020-12-07 00:00:00-05:00,16.723137739875046,16.760780334472656,16.572563771518016,16.760780334472656,3441200,0.0,0.0
2020-12-08 00:00:00-05:00,16.46904515865504,16.553743248783945,16.393758166871955,16.48786735534668,3441400,0.0,0.0
2020-12-09 00:00:00-05:00,16.873712181719572,16.98664176366458,16.713727111478033,16.81724739074707,4958400,0.0,0.0
2020-12-10 00:00:00-05:00,16.713728784245703,16.89253606770151,16.65726398762201,16.751371383666992,2891100,0.0,0.0
2020-12-11 00:00:00-05:00,16.516097067043944,16.572563651004682,16.1867176355227,16.19612693786621,5172300,0.0,0.0
2020-12-14 00:00:00-05:00,16.760780821755787,16.77019191942462,16.309058903551872,16.318470001220703,5138800,0.0,0.0
2020-12-15 00:00:00-05:00,16.563155183247456,16.563155183247456,16.327883097675713,16.525510787963867,4915500,0.0,0.0
2020-12-16 00:00:00-05:00,16.666672470144068,16.69490576455674,16.53492068618512,16.57256507873535,4251000,0.0,0.0
2020-12-17 00:00:00-05:00,16.65213842302764,16.68125121972048,16.525986672490806,16.613323211669922,5309000,0.532,0.0
2020-12-18 00:00:00-05:00,16.564800897511613,16.6812502264497,16.525985688465116,16.642433166503906,6170300,0.0,0.0
2020-12-21 00:00:00-05:00,15.739957811625928,15.963152217688537,15.623510326714428,15.914630889892578,6533800,0.0,0.0
2020-12-22 00:00:00-05:00,15.79818279183973,15.836998001670645,15.720550521278575,15.77877426147461,3123600,0.0,0.0
2020-12-23 00:00:00-05:00,16.12812101450229,16.254272764848665,16.11841674895266,16.14752769470215,2639700,0.0,0.0
2020-12-24 00:00:00-05:00,16.215456008911133,16.27368160330861,16.099008521915046,16.215456008911133,1064000,0.0,0.0
2020-12-28 00:00:00-05:00,16.331904732983613,16.351313263719984,16.225159664832944,16.2542724609375,2217100,0.0,0.0
2020-12-29 00:00:00-05:00,16.35131356944555,16.38042451519504,16.11841674895266,16.14752769470215,2686300,0.0,0.0
2020-12-30 00:00:00-05:00,16.29309015406812,16.30279256891309,16.12812133821212,16.1572322845459,2376700,0.0,0.0
2020-12-31 00:00:00-05:00,16.09900790836544,16.13782311891837,15.972854309544848,15.992262840270996,4218300,0.0,0.0
2021-01-04 00:00:00-05:00,16.535690609568995,16.62302529611378,16.29308952797954,16.428945541381836,3698800,0.0,0.0
2021-01-05 00:00:00-05:00,16.35131359413257,16.65213842302764,16.35131359413257,16.613323211669922,3058100,0.0,0.0
2021-01-06 00:00:00-05:00,17.11793268190543,17.282901500647352,17.011189458648516,17.098526000976562,3868400,0.0,0.0
2021-01-07 00:00:00-05:00,17.38964620652883,17.399350472237483,17.156749382219445,17.20526885986328,4455300,0.0,0.0
2021-01-08 00:00:00-05:00,17.079116839362392,17.098525370475045,16.836515753152412,17.020893096923828,3651000,0.0,0.0
2021-01-11 00:00:00-05:00,16.817107524280566,16.962667808442713,16.787994727088364,16.914148330688477,2628200,0.0,0.0
2021-01-12 00:00:00-05:00,16.681250551874943,16.710361496502905,16.54539269031359,16.652137756347656,2882400,0.0,0.0
2021-01-13 00:00:00-05:00,17.01118787220131,17.088820141375276,16.875330012972398,16.933555603027344,3072800,0.0,0.0
2021-01-14 00:00:00-05:00,17.059707949245134,17.22467675843229,17.030595153188802,17.127635955810547,3250700,0.0,0.0
2021-01-15 00:00:00-05:00,16.875330962245222,16.885035227800262,16.690955469397604,16.846220016479492,2713300,0.0,0.0
2021-01-19 00:00:00-05:00,16.787993744715102,17.001483876499716,16.720065739474297,16.94325828552246,3897600,0.0,0.0
2021-01-20 00:00:00-05:00,17.00148359239329,17.00148359239329,16.807401994177663,16.991779327392578,2251300,0.0,0.0
2021-01-21 00:00:00-05:00,17.147043836059,17.176156631010972,17.00148356309775,17.108226776123047,2609900,0.0,0.0
2021-01-22 00:00:00-05:00,17.03059484607023,17.117931381764894,16.923851630920677,17.059707641601562,1817100,0.0,0.0
2021-01-25 00:00:00-05:00,16.91414801117144,17.263494167280815,16.875330948981777,17.2537899017334,3161100,0.0,0.0
2021-01-26 00:00:00-05:00,17.273195603849814,17.51579667609995,17.234380394757427,17.45757293701172,4041300,0.0,0.0
2021-01-27 00:00:00-05:00,17.263493524563785,17.27319593885058,16.933555911832762,17.001483917236328,4080900,0.0,0.0
2021-01-28 00:00:00-05:00,16.661841720965594,17.127635335603937,16.62302466096275,16.991779327392578,3596600,0.0,0.0
2021-01-29 00:00:00-05:00,16.846219029420727,16.923851298413016,16.516281423478667,16.642433166503906,5599300,0.0,0.0
2021-02-01 00:00:00-05:00,16.885034277981557,16.991779342182994,16.74917826965194,16.933555603027344,3786300,0.0,0.0
2021-02-02 00:00:00-05:00,16.92385229225996,17.05000404269341,16.894739495590976,17.020893096923828,2610600,0.0,0.0
2021-02-03 00:00:00-05:00,17.865143482683237,18.263009108028434,17.8069197414106,18.233898162841797,9626600,0.0,0.0
2021-02-04 00:00:00-05:00,18.146561892089956,18.272713641850636,18.039816822439033,18.243600845336914,4120700,0.0,0.0
2021-02-05 00:00:00-05:00,17.90395989437109,18.117448171889215,17.90395989437109,18.03981590270996,6253400,0.0,0.0
2021-02-08 00:00:00-05:00,18.001000136917185,18.03981719974735,17.76810331263447,17.903961181640625,5376200,0.0,0.0
2021-02-09 00:00:00-05:00,17.952479341616687,17.962183606611962,17.855438542563224,17.92336654663086,2155400,0.0,0.0
2021-02-10 00:00:00-05:00,18.010703122498835,18.10774392177757,17.894255644083795,17.981592178344727,2035200,0.0,0.0
2021-02-11 00:00:00-05:00,18.098040923661706,18.146562252147316,17.962184905700845,18.136857986450195,2504700,0.0,0.0
2021-02-12 00:00:00-05:00,17.952480960683527,18.204786320617284,17.942776694813062,18.146562576293945,1871500,0.0,0.0
2021-02-16 00:00:00-05:00,18.127153055322847,18.311530395001007,18.10774452464107,18.17567253112793,2786900,0.0,0.0
2021-02-17 00:00:00-05:00,18.010703431815852,18.117448497945635,17.923366896055,18.04952049255371,2359500,0.0,0.0
2021-02-18 00:00:00-05:00,17.884552326265116,17.942776068556274,17.748696310619284,17.894256591796875,2039500,0.0,0.0
2021-02-19 00:00:00-05:00,18.098040270066214,18.107744535412877,17.933071460971696,17.94277572631836,2280100,0.0,0.0
2021-02-22 00:00:00-05:00,17.855440139770508,18.078632701929017,17.845735873907167,17.855440139770508,3728600,0.0,0.0
2021-02-23 00:00:00-05:00,17.690471338250816,18.010704708439413,17.52550252022036,17.97188949584961,3505400,0.0,0.0
2021-02-24 00:00:00-05:00,17.51579701775083,17.535205548125244,17.312013001517514,17.409053802490234,4925000,0.0,0.0
2021-02-25 00:00:00-05:00,17.399349519203106,17.44786899418933,17.050003376424453,17.059707641601562,4048300,0.0,0.0
2021-02-26 00:00:00-05:00,16.904443756626524,16.914148022180257,16.574506131397236,16.671546936035156,3328100,0.0,0.0
2021-03-01 00:00:00-05:00,16.807403580432695,17.001485196965422,16.778292633582414,16.923852920532227,2978600,0.0,0.0
2021-03-02 00:00:00-05:00,17.059707657453764,17.1179313976712,16.96266685649182,17.001483917236328,1880600,0.0,0.0
2021-03-03 00:00:00-05:00,17.011187828081738,17.195563310079656,16.952962238177804,17.108226776123047,2705600,0.0,0.0
2021-03-04 00:00:00-05:00,17.13734117729859,17.37023800604507,16.885035816765043,17.040300369262695,3830500,0.0,0.0
2021-03-05 00:00:00-05:00,17.050003667178142,17.21497247620357,16.85592391302428,17.18585968017578,3654500,0.0,0.0
2021-03-08 00:00:00-05:00,16.943259257894304,17.15674940193109,16.914148311634328,16.97237205505371,4639100,0.0,0.0
2021-03-09 00:00:00-05:00,17.66136040203559,17.66136040203559,17.36053371251328,17.4478702545166,6409900,0.0,0.0
2021-03-10 00:00:00-05:00,17.583727478005645,17.836030977941473,17.447869611617822,17.777807235717773,6887900,0.0,0.0
2021-03-11 00:00:00-05:00,18.030112246696383,18.146561579848175,17.93307144421978,18.000999450683594,3502100,0.0,0.0
2021-03-12 00:00:00-05:00,17.99129770249253,18.321233481692065,17.913663576916846,18.31153106689453,4101800,0.0,0.0
2021-03-15 00:00:00-04:00,18.253305759175156,18.34064230091901,18.11744973908447,18.263010025024414,5003400,0.0,0.0
2021-03-16 00:00:00-04:00,18.156264309810958,18.41827392578125,18.10774483317915,18.41827392578125,3719300,0.0,0.0
2021-03-17 00:00:00-04:00,18.602650655723327,18.874364528248048,18.544426915503504,18.864660263061523,6466200,0.0,0.0
2021-03-18 00:00:00-04:00,18.641466518748338,18.757915854167578,18.447386760915457,18.476499557495117,3105000,0.0,0.0
2021-03-19 00:00:00-04:00,18.233898448541943,18.321233136369635,18.117449113272702,18.18537712097168,3188600,0.0,0.0
2021-03-22 00:00:00-04:00,18.078632086875007,18.15626436024116,17.981593133341864,18.06892967224121,2239600,0.0,0.0
2021-03-23 00:00:00-04:00,18.282416947858884,18.301825477849434,17.884551337549052,17.92336654663086,6375800,0.0,0.0
2021-03-24 00:00:00-04:00,17.845735873907167,18.059226021101793,17.82632919307994,17.855440139770508,3117800,0.0,0.0
2021-03-25 00:00:00-04:00,18.15626430669514,18.28241790735521,18.000999760420736,18.243600845336914,4551200,0.0,0.0
2021-03-26 00:00:00-04:00,18.243601207015804,18.360050544479908,18.11744945475417,18.31153106689453,3818200,0.0,0.0
2021-03-29 00:00:00-04:00,17.894256897024277,18.059225712079304,17.874848365629703,17.96218490600586,3049100,0.0,0.0
2021-03-30 00:00:00-04:00,17.98159374180646,18.1174497620695,17.962185210083323,18.030113220214844,2837200,0.0,0.0
2021-03-31 00:00:00-04:00,17.93307147783269,17.962184273900046,17.826328260717776,17.884552001953125,2410100,0.0,0.0
2021-04-01 00:00:00-04:00,18.156264000446154,18.24360053761479,18.020407987472435,18.17567253112793,2604400,0.0,0.0
2021-04-05 00:00:00-04:00,18.29212253550061,18.44738708485313,18.28241826980365,18.31153106689453,3450100,0.0,0.0
2021-04-06 00:00:00-04:00,18.18537714164913,18.369754484826995,18.14656193044818,18.30182647705078,3101200,0.0,0.0
2021-04-07 00:00:00-04:00,18.534722934396545,18.592946675508752,18.379458390831076,18.4085693359375,2989800,0.0,0.0
2021-04-08 00:00:00-04:00,18.389162347590624,18.418273292208557,18.272713016420898,18.340641021728516,1714300,0.0,0.0
2021-04-09 00:00:00-04:00,18.185377138848605,18.214489935419383,18.068929654364283,18.127153396606445,2006700,0.0,0.0
2021-04-12 00:00:00-04:00,18.16596860780142,18.243600881090767,18.098040600035667,18.127153396606445,2835700,0.0,0.0
2021-04-13 00:00:00-04:00,17.952480924466535,18.127154007983638,17.923368126913868,18.088336944580078,2204500,0.0,0.0
2021-04-14 00:00:00-04:00,18.088335686566996,18.19508075260339,18.078631421391023,18.107744216918945,1859900,0.0,0.0
2021-04-15 00:00:00-04:00,18.15626369189949,18.243600227583933,18.000999150882553,18.107744216918945,2182100,0.0,0.0
2021-04-16 00:00:00-04:00,18.36004926853097,18.408568742744443,18.272712734227287,18.389162063598633,2580200,0.0,0.0
2021-04-19 00:00:00-04:00,18.505610503175383,18.563834245435306,18.42797822986235,18.476499557495117,4484900,0.0,0.0
2021-04-20 00:00:00-04:00,18.253305454163193,18.253305454163193,17.942776355773727,18.020408630371094,2884300,0.0,0.0
2021-04-21 00:00:00-04:00,18.078632033557938,18.263009376346062,18.039816822439033,18.243600845336914,1750700,0.0,0.0
2021-04-22 00:00:00-04:00,18.12715368312121,18.233898754668527,18.039817142927845,18.078632354736328,2241600,0.0,0.0
2021-04-23 00:00:00-04:00,18.068929977469764,18.165968932642134,18.02040864898415,18.136857986450195,1662400,0.0,0.0
2021-04-26 00:00:00-04:00,18.330938035069757,18.35034656676827,18.233899078376098,18.263010025024414,1612200,0.0,0.0
2021-04-27 00:00:00-04:00,18.369753491886936,18.437681495991438,18.330936431884766,18.330936431884766,2967300,0.0,0.0
2021-04-28 00:00:00-04:00,18.379458714655684,18.486201933425534,18.369754449149443,18.41827392578125,1870000,0.0,0.0
2021-04-29 00:00:00-04:00,18.57353750169357,18.6123545616905,18.495905232599004,18.563833236694336,2171200,0.0,0.0
2021-04-30 00:00:00-04:00,18.689986875700605,18.728802084891523,18.37945779857608,18.389162063598633,3542300,0.0,0.0
2021-05-03 00:00:00-04:00,18.631763442425047,18.777323718355063,18.573537851333576,18.689987182617188,2043300,0.0,0.0
2021-05-04 00:00:00-04:00,18.84525235984635,18.884067570984865,18.68028354798402,18.767620086669922,3472700,0.0,0.0
2021-05-05 00:00:00-04:00,19.00051689465812,19.194598502930994,18.942293152536013,19.175189971923828,3463300,0.0,0.0
2021-05-06 00:00:00-04:00,19.039334278773644,19.378974322648006,19.010221481770376,19.359567642211914,3291200,0.0,0.0
2021-05-07 00:00:00-04:00,19.262527139274287,19.47601543462307,19.25282287345396,19.4274959564209,2515600,0.0,0.0
2021-05-10 00:00:00-04:00,19.718616198784236,19.757433261418573,19.553647384387148,19.592464447021484,2011600,0.0,0.0
2021-05-11 00:00:00-04:00,19.33045480744444,19.408087081735406,19.165485993213714,19.301342010498047,3227700,0.0,0.0
2021-05-12 00:00:00-04:00,19.34015907309324,19.446904144330595,19.252822533153477,19.301342010498047,5347700,0.0,0.0
2021-05-13 00:00:00-04:00,18.961700746326986,19.31104503269204,18.94229221627912,19.26252555847168,2996500,0.0,0.0
2021-05-14 00:00:00-04:00,19.485719680786133,19.58276048799203,19.45660688335453,19.485719680786133,2627100,0.0,0.0
2021-05-17 00:00:00-04:00,19.660392112521322,19.718615854556997,19.59246410499647,19.64098358154297,3507000,0.0,0.0
2021-05-18 00:00:00-04:00,18.52501872577138,18.57353820169686,17.81662401222292,17.82632827758789,11651100,0.0,0.0
2021-05-19 00:00:00-04:00,17.525502543366045,17.816624967221635,17.40905505454338,17.73899269104004,8536400,0.0,0.0
2021-05-20 00:00:00-04:00,17.60313478002197,17.89425720322388,17.525502504014685,17.855440139770508,5667600,0.0,0.0
2021-05-21 00:00:00-04:00,17.855439222783435,17.884552018878342,17.70017467874266,17.82632827758789,7598000,0.0,0.0
2021-05-24 00:00:00-04:00,17.90396085997571,18.127153414540977,17.90396085997571,18.06892967224121,5446700,0.0,0.0
2021-05-25 00:00:00-04:00,17.797216415405273,17.952480967593587,17.69047134168851,17.797216415405273,8913100,0.0,0.0
2021-05-26 00:00:00-04:00,17.661359121865644,17.748695657538445,17.64195059151628,17.70017433166504,3736500,0.0,0.0
2021-05-27 00:00:00-04:00,17.85543949412706,18.03981683706467,17.816624282976687,18.010704040527344,4212200,0.0,0.0
2021-05-28 00:00:00-04:00,17.874847072553777,17.981592136602515,17.816623333481417,17.92336654663086,2290800,0.0,0.0
2021-06-01 00:00:00-04:00,17.942776068556274,17.991297396215067,17.874848060733356,17.894256591796875,3504700,0.0,0.0
2021-06-02 00:00:00-04:00,17.787512129626567,17.89425720322388,17.777807863763226,17.855440139770508,3308700,0.0,0.0
2021-06-03 00:00:00-04:00,17.7098786215729,17.81662368774414,17.6419506161546,17.81662368774414,3293900,0.0,0.0
2021-06-04 00:00:00-04:00,17.913662606132483,17.952479666816735,17.86514313117649,17.93307113647461,3143400,0.0,0.0
2021-06-07 00:00:00-04:00,18.098039951742972,18.136857012446868,18.020407681234502,18.107744216918945,2388000,0.0,0.0
2021-06-08 00:00:00-04:00,17.92336786215628,17.952480659278905,17.83603132168783,17.903961181640625,2979500,0.0,0.0
2021-06-09 00:00:00-04:00,17.9039608186586,17.913663233270007,17.787511483428403,17.836030960083008,2602400,0.0,0.0
2021-06-10 00:00:00-04:00,18.020407681234502,18.146561277622844,18.01070341605853,18.107744216918945,2571600,0.0,0.0
2021-06-11 00:00:00-04:00,18.117448171889215,18.117448171889215,17.981592163550346,18.03981590270996,2987900,0.0,0.0
2021-06-14 00:00:00-04:00,18.107744216918945,18.146561277622844,18.0592247419384,18.107744216918945,2605600,0.0,0.0
2021-06-15 00:00:00-04:00,18.17567348328056,18.360050832617528,18.1659692174313,18.263010025024414,3256200,0.0,0.0
2021-06-16 00:00:00-04:00,18.24360120762948,18.25330547332677,17.903961162721565,17.96218490600586,2047300,0.0,0.0
2021-06-17 00:00:00-04:00,18.020408032189177,18.07863177347963,17.758398420033107,17.82632827758789,3310100,0.0,0.0
2021-06-18 00:00:00-04:00,17.350828495274122,17.45757356318069,17.273196223405535,17.360532760620117,5848200,0.0,0.0
2021-06-21 00:00:00-04:00,17.612838744806183,17.81662462265389,17.57402353291579,17.787511825561523,2766700,0.0,0.0
2021-06-22 00:00:00-04:00,17.81662464117218,17.93307212786382,17.787511844049554,17.903961181640625,2727200,0.0,0.0
2021-06-23 00:00:00-04:00,18.11744878383539,18.156263994286412,17.96218424023257,18.000999450683594,3958700,0.0,0.0
2021-06-24 00:00:00-04:00,17.84000015258789,17.850000381469727,17.670000076293945,17.760000228881836,3825700,0.549,0.0
2021-06-25 00:00:00-04:00,17.350000381469727,17.420000076293945,17.260000228881836,17.290000915527344,4912800,0.0,0.0
2021-06-28 00:00:00-04:00,17.1200008392334,17.149999618530273,16.979999542236328,17.079999923706055,5521800,0.0,0.0
2021-06-29 00:00:00-04:00,17.06999969482422,17.09000015258789,17.020000457763672,17.030000686645508,2913800,0.0,0.0
2021-06-30 00:00:00-04:00,17.079999923706055,17.190000534057617,17.010000228881836,17.1299991607666,2733200,0.0,0.0
2021-07-01 00:00:00-04:00,17.0,17.06999969482422,16.950000762939453,17.030000686645508,4057100,0.0,0.0
2021-07-02 00:00:00-04:00,17.059999465942383,17.15999984741211,17.030000686645508,17.149999618530273,2770900,0.0,0.0
2021-07-06 00:00:00-04:00,16.8799991607666,16.8799991607666,16.65999984741211,16.709999084472656,4239500,0.0,0.0
2021-07-07 00:00:00-04:00,16.649999618530273,16.770000457763672,16.600000381469727,16.68000030517578,4676700,0.0,0.0
2021-07-08 00:00:00-04:00,16.350000381469727,16.520000457763672,16.309999465942383,16.420000076293945,3947300,0.0,0.0
2021-07-09 00:00:00-04:00,16.59000015258789,16.719999313354492,16.540000915527344,16.670000076293945,2784400,0.0,0.0
2021-07-12 00:00:00-04:00,16.690000534057617,16.889999389648438,16.639999389648438,16.84000015258789,2631300,0.0,0.0
2021-07-13 00:00:00-04:00,16.739999771118164,16.799999237060547,16.65999984741211,16.670000076293945,2425200,0.0,0.0
2021-07-14 00:00:00-04:00,16.59000015258789,16.649999618530273,16.510000228881836,16.56999969482422,3357800,0.0,0.0
2021-07-15 00:00:00-04:00,16.1299991607666,16.299999237060547,16.110000610351562,16.290000915527344,7189400,0.0,0.0
2021-07-16 00:00:00-04:00,16.31999969482422,16.389999389648438,16.219999313354492,16.290000915527344,4872800,0.0,0.0
2021-07-19 00:00:00-04:00,15.770000457763672,15.800000190734863,15.550000190734863,15.6899995803833,7446900,0.0,0.0
2021-07-20 00:00:00-04:00,15.59000015258789,15.739999771118164,15.569999694824219,15.6899995803833,5985300,0.0,0.0
2021-07-21 00:00:00-04:00,15.869999885559082,16.049999237060547,15.869999885559082,16.010000228881836,2998100,0.0,0.0
2021-07-22 00:00:00-04:00,16.200000762939453,16.25,16.079999923706055,16.209999084472656,4981600,0.0,0.0
2021-07-23 00:00:00-04:00,16.56999969482422,16.65999984741211,16.5,16.5,3653800,0.0,0.0
2021-07-26 00:00:00-04:00,16.34000015258789,16.540000915527344,16.34000015258789,16.510000228881836,3459900,0.0,0.0
2021-07-27 00:00:00-04:00,16.34000015258789,16.510000228881836,16.299999237060547,16.489999771118164,3010200,0.0,0.0
2021-07-28 00:00:00-04:00,16.290000915527344,16.3799991607666,16.229999542236328,16.3799991607666,4172900,0.0,0.0
2021-07-29 00:00:00-04:00,16.420000076293945,16.610000610351562,16.40999984741211,16.440000534057617,4012600,0.0,0.0
2021-07-30 00:00:00-04:00,16.329999923706055,16.489999771118164,16.309999465942383,16.329999923706055,4605400,0.0,0.0
2021-08-02 00:00:00-04:00,16.530000686645508,16.579999923706055,16.420000076293945,16.450000762939453,4283700,0.0,0.0
2021-08-03 00:00:00-04:00,16.540000915527344,16.700000762939453,16.479999542236328,16.68000030517578,4082300,0.0,0.0
2021-08-04 00:00:00-04:00,16.540000915527344,16.6299991607666,16.440000534057617,16.440000534057617,2812100,0.0,0.0
2021-08-05 00:00:00-04:00,16.489999771118164,16.700000762939453,16.459999084472656,16.649999618530273,4109400,0.0,0.0
2021-08-06 00:00:00-04:00,16.739999771118164,16.84000015258789,16.719999313354492,16.739999771118164,3619300,0.0,0.0
2021-08-09 00:00:00-04:00,16.829999923706055,16.8700008392334,16.770000457763672,16.81999969482422,3214200,0.0,0.0
2021-08-10 00:00:00-04:00,16.700000762939453,16.850000381469727,16.68000030517578,16.81999969482422,2865300,0.0,0.0
2021-08-11 00:00:00-04:00,16.889999389648438,16.979999542236328,16.860000610351562,16.969999313354492,2676700,0.0,0.0
2021-08-12 00:00:00-04:00,17.059999465942383,17.079999923706055,16.93000030517578,16.969999313354492,1881000,0.0,0.0
2021-08-13 00:00:00-04:00,16.920000076293945,16.969999313354492,16.860000610351562,16.950000762939453,1915700,0.0,0.0
2021-08-16 00:00:00-04:00,16.81999969482422,16.920000076293945,16.719999313354492,16.920000076293945,3028700,0.0,0.0
2021-08-17 00:00:00-04:00,16.729999542236328,16.899999618530273,16.709999084472656,16.790000915527344,3132400,0.0,0.0
2021-08-18 00:00:00-04:00,16.989999771118164,17.079999923706055,16.93000030517578,16.93000030517578,3637600,0.0,0.0
2021-08-19 00:00:00-04:00,16.809999465942383,16.90999984741211,16.75,16.799999237060547,3140300,0.0,0.0
2021-08-20 00:00:00-04:00,16.799999237060547,17.030000686645508,16.770000457763672,16.989999771118164,2511500,0.0,0.0
2021-08-23 00:00:00-04:00,16.93000030517578,17.1200008392334,16.920000076293945,17.059999465942383,3126500,0.0,0.0
2021-08-24 00:00:00-04:00,16.90999984741211,17.100000381469727,16.8799991607666,17.100000381469727,2251900,0.0,0.0
2021-08-25 00:00:00-04:00,17.170000076293945,17.229999542236328,17.110000610351562,17.200000762939453,1971200,0.0,0.0
2021-08-26 00:00:00-04:00,17.06999969482422,17.200000762939453,17.020000457763672,17.059999465942383,2199800,0.0,0.0
2021-08-27 00:00:00-04:00,17.0,17.270000457763672,16.979999542236328,17.229999542236328,3905600,0.0,0.0
2021-08-30 00:00:00-04:00,17.15999984741211,17.270000457763672,17.100000381469727,17.190000534057617,1727700,0.0,0.0
2021-08-31 00:00:00-04:00,17.049999237060547,17.170000076293945,17.020000457763672,17.06999969482422,3110800,0.0,0.0
2021-09-01 00:00:00-04:00,17.139999389648438,17.200000762939453,17.06999969482422,17.110000610351562,2928700,0.0,0.0
2021-09-02 00:00:00-04:00,16.989999771118164,17.09000015258789,16.969999313354492,17.059999465942383,2715600,0.0,0.0
2021-09-03 00:00:00-04:00,17.0,17.059999465942383,16.950000762939453,16.969999313354492,2124800,0.0,0.0
2021-09-07 00:00:00-04:00,17.059999465942383,17.170000076293945,16.950000762939453,16.950000762939453,2804500,0.0,0.0
2021-09-08 00:00:00-04:00,17.110000610351562,17.170000076293945,16.950000762939453,17.040000915527344,2909400,0.0,0.0
2021-09-09 00:00:00-04:00,16.729999542236328,16.790000915527344,16.600000381469727,16.610000610351562,3609300,0.0,0.0
2021-09-10 00:00:00-04:00,16.520000457763672,16.559999465942383,16.309999465942383,16.31999969482422,3540800,0.0,0.0
2021-09-13 00:00:00-04:00,16.559999465942383,16.610000610351562,16.510000228881836,16.549999237060547,11052500,0.0,0.0
2021-09-14 00:00:00-04:00,16.420000076293945,16.469999313354492,16.170000076293945,16.18000030517578,6092400,0.0,0.0
2021-09-15 00:00:00-04:00,16.190000534057617,16.229999542236328,16.079999923706055,16.170000076293945,3158300,0.0,0.0
2021-09-16 00:00:00-04:00,16.170000076293945,16.299999237060547,16.049999237060547,16.229999542236328,3981600,0.0,0.0
2021-09-17 00:00:00-04:00,16.110000610351562,16.170000076293945,15.920000076293945,15.970000267028809,5018700,0.0,0.0
2021-09-20 00:00:00-04:00,15.800000190734863,15.899999618530273,15.699999809265137,15.850000381469727,7377000,0.0,0.0
2021-09-21 00:00:00-04:00,15.890000343322754,15.9399995803833,15.75,15.779999732971191,5386700,0.0,0.0
2021-09-22 00:00:00-04:00,15.880000114440918,16.110000610351562,15.880000114440918,15.949999809265137,5216800,0.0,0.0
2021-09-23 00:00:00-04:00,15.960000038146973,16.049999237060547,15.930000305175781,16.0,4276700,0.0,0.0
2021-09-24 00:00:00-04:00,15.829999923706055,15.890000343322754,15.789999961853027,15.850000381469727,3884600,0.0,0.0
2021-09-27 00:00:00-04:00,16.010000228881836,16.219999313354492,16.0,16.170000076293945,5871600,0.0,0.0
2021-09-28 00:00:00-04:00,15.949999809265137,15.989999771118164,15.710000038146973,15.729999542236328,4326600,0.0,0.0
2021-09-29 00:00:00-04:00,15.65999984741211,15.800000190734863,15.609999656677246,15.6899995803833,4059100,0.0,0.0
2021-09-30 00:00:00-04:00,15.649999618530273,15.670000076293945,15.399999618530273,15.449999809265137,4613200,0.0,0.0
2021-10-01 00:00:00-04:00,15.5,15.569999694824219,15.369999885559082,15.510000228881836,3794600,0.0,0.0
2021-10-04 00:00:00-04:00,15.699999809265137,15.90999984741211,15.65999984741211,15.739999771118164,3643300,0.0,0.0
2021-10-05 00:00:00-04:00,15.829999923706055,15.90999984741211,15.75,15.800000190734863,3097700,0.0,0.0
2021-10-06 00:00:00-04:00,15.430000305175781,15.510000228881836,15.319999694824219,15.460000038146973,3281000,0.0,0.0
2021-10-07 00:00:00-04:00,15.539999961853027,15.680000305175781,15.420000076293945,15.420000076293945,3178600,0.0,0.0
2021-10-08 00:00:00-04:00,15.520000457763672,15.579999923706055,15.399999618530273,15.430000305175781,3078400,0.0,0.0
2021-10-11 00:00:00-04:00,15.390000343322754,15.479999542236328,15.260000228881836,15.260000228881836,3439700,0.0,0.0
2021-10-12 00:00:00-04:00,15.279999732971191,15.319999694824219,15.210000038146973,15.239999771118164,5438600,0.0,0.0
2021-10-13 00:00:00-04:00,15.25,15.289999961853027,15.170000076293945,15.260000228881836,4787000,0.0,0.0
2021-10-14 00:00:00-04:00,15.460000038146973,15.479999542236328,15.359999656677246,15.369999885559082,2405100,0.0,0.0
2021-10-15 00:00:00-04:00,15.369999885559082,15.449999809265137,15.3100004196167,15.319999694824219,2701500,0.0,0.0
2021-10-18 00:00:00-04:00,15.210000038146973,15.270000457763672,15.130000114440918,15.260000228881836,4654800,0.0,0.0
2021-10-19 00:00:00-04:00,15.25,15.329999923706055,15.239999771118164,15.3100004196167,2676500,0.0,0.0
2021-10-20 00:00:00-04:00,15.479999542236328,15.739999771118164,15.470000267028809,15.649999618530273,3162300,0.0,0.0
2021-10-21 00:00:00-04:00,15.550000190734863,15.640000343322754,15.4399995803833,15.510000228881836,5269800,0.0,0.0
2021-10-22 00:00:00-04:00,15.40999984741211,15.579999923706055,15.40999984741211,15.479999542236328,3356700,0.0,0.0
2021-10-25 00:00:00-04:00,15.59000015258789,15.600000381469727,15.4399995803833,15.489999771118164,2509800,0.0,0.0
2021-10-26 00:00:00-04:00,15.729999542236328,15.819999694824219,15.640000343322754,15.65999984741211,4624200,0.0,0.0
2021-10-27 00:00:00-04:00,15.630000114440918,15.680000305175781,15.539999961853027,15.569999694824219,3604400,0.0,0.0
2021-10-28 00:00:00-04:00,15.359999656677246,15.420000076293945,15.140000343322754,15.229999542236328,4902000,0.0,0.0
2021-10-29 00:00:00-04:00,15.079999923706055,15.119999885559082,14.930000305175781,14.949999809265137,6932800,0.0,0.0
2021-11-01 00:00:00-04:00,15.0,15.210000038146973,15.0,15.199999809265137,5782600,0.0,0.0
2021-11-02 00:00:00-04:00,15.199999809265137,15.199999809265137,14.920000076293945,15.010000228881836,8369000,0.0,0.0
2021-11-03 00:00:00-04:00,14.760000228881836,14.9399995803833,14.720000267028809,14.850000381469727,7355600,0.0,0.0
2021-11-04 00:00:00-04:00,14.890000343322754,15.34000015258789,14.670000076293945,15.09000015258789,17414600,0.0,0.0
2021-11-05 00:00:00-04:00,15.09000015258789,15.350000381469727,15.079999923706055,15.149999618530273,5214800,0.0,0.0
2021-11-08 00:00:00-05:00,15.260000228881836,15.319999694824219,15.210000038146973,15.289999961853027,4009300,0.0,0.0
2021-11-09 00:00:00-05:00,15.5,15.510000228881836,15.3100004196167,15.369999885559082,4210800,0.0,0.0
2021-11-10 00:00:00-05:00,15.350000381469727,15.390000343322754,15.229999542236328,15.260000228881836,4505800,0.0,0.0
2021-11-11 00:00:00-05:00,15.4399995803833,15.539999961853027,15.40999984741211,15.460000038146973,3572300,0.0,0.0
2021-11-12 00:00:00-05:00,15.5,15.529999732971191,15.430000305175781,15.470000267028809,4541300,0.0,0.0
2021-11-15 00:00:00-05:00,15.359999656677246,15.40999984741211,15.270000457763672,15.380000114440918,3267500,0.0,0.0
2021-11-16 00:00:00-05:00,16.290000915527344,16.34000015258789,16.0,16.100000381469727,4974900,0.0,0.0
2021-11-17 00:00:00-05:00,15.619999885559082,15.729999542236328,15.489999771118164,15.699999809265137,7237300,0.0,0.0
2021-11-18 00:00:00-05:00,15.789999961853027,15.819999694824219,15.630000114440918,15.699999809265137,4643300,0.0,0.0
2021-11-19 00:00:00-05:00,15.569999694824219,15.579999923706055,15.460000038146973,15.479999542236328,4932300,0.0,0.0
2021-11-22 00:00:00-05:00,15.710000038146973,15.960000038146973,15.670000076293945,15.84000015258789,5288200,0.0,0.0
2021-11-23 00:00:00-05:00,15.6899995803833,15.819999694824219,15.6899995803833,15.789999961853027,5239800,0.0,0.0
2021-11-24 00:00:00-05:00,15.359999656677246,15.420000076293945,15.270000457763672,15.329999923706055,4809600,0.0,0.0
2021-11-26 00:00:00-05:00,14.9399995803833,14.970000267028809,14.779999732971191,14.9399995803833,5501500,0.0,0.0
2021-11-29 00:00:00-05:00,15.0600004196167,15.069999694824219,14.819999694824219,14.880000114440918,4831900,0.0,0.0
2021-11-30 00:00:00-05:00,14.800000190734863,14.829999923706055,14.529999732971191,14.680000305175781,6855000,0.0,0.0
2021-12-01 00:00:00-05:00,15.029999732971191,15.079999923706055,14.619999885559082,14.619999885559082,6411500,0.0,0.0
2021-12-02 00:00:00-05:00,14.729999542236328,14.890000343322754,14.720000267028809,14.8100004196167,5889200,0.0,0.0
2021-12-03 00:00:00-05:00,14.680000305175781,14.789999961853027,14.640000343322754,14.729999542236328,6288400,0.0,0.0
2021-12-06 00:00:00-05:00,15.0600004196167,15.199999809265137,14.989999771118164,15.029999732971191,6376300,0.0,0.0
2021-12-07 00:00:00-05:00,15.0,15.020000457763672,14.859999656677246,14.899999618530273,8221000,0.0,0.0
2021-12-08 00:00:00-05:00,14.979999542236328,15.399999618530273,14.90999984741211,15.140000343322754,10887300,0.0,0.0
2021-12-09 00:00:00-05:00,15.140000343322754,15.15999984741211,14.920000076293945,14.9399995803833,7849000,0.0,0.0
2021-12-10 00:00:00-05:00,15.100000381469727,15.119999885559082,14.979999542236328,15.100000381469727,6089500,0.0,0.0
2021-12-13 00:00:00-05:00,15.09000015258789,15.109999656677246,14.899999618530273,14.960000038146973,8430100,0.0,0.0
2021-12-14 00:00:00-05:00,15.109999656677246,15.229999542236328,15.100000381469727,15.140000343322754,5242200,0.0,0.0
2021-12-15 00:00:00-05:00,14.890000343322754,14.90999984741211,14.710000038146973,14.899999618530273,6811300,0.0,0.0
2021-12-16 00:00:00-05:00,14.739999771118164,15.069999694824219,14.739999771118164,15.0600004196167,8198500,0.0,0.0
2021-12-17 00:00:00-05:00,15.270000457763672,15.319999694824219,15.140000343322754,15.199999809265137,6719800,0.0,0.0
2021-12-20 00:00:00-05:00,14.829999923706055,14.920000076293945,14.640000343322754,14.869999885559082,6784300,0.0,0.0
2021-12-21 00:00:00-05:00,15.010000228881836,15.170000076293945,15.0,15.15999984741211,5820700,0.0,0.0
2021-12-22 00:00:00-05:00,15.079999923706055,15.199999809265137,14.979999542236328,15.170000076293945,3961400,0.0,0.0
2021-12-23 00:00:00-05:00,15.260000228881836,15.329999923706055,15.1899995803833,15.220000267028809,3510900,0.0,0.0
2021-12-27 00:00:00-05:00,15.199999809265137,15.210000038146973,15.020000457763672,15.15999984741211,3933300,0.0,0.0
2021-12-28 00:00:00-05:00,15.079999923706055,15.3100004196167,15.079999923706055,15.260000228881836,4267400,0.0,0.0
2021-12-29 00:00:00-05:00,15.329999923706055,15.350000381469727,15.270000457763672,15.289999961853027,3594000,0.0,0.0
2021-12-30 00:00:00-05:00,15.229999542236328,15.319999694824219,15.149999618530273,15.149999618530273,4344500,0.0,0.0
2021-12-31 00:00:00-05:00,15.109999656677246,15.170000076293945,14.899999618530273,14.930000305175781,4519600,0.0,0.0
2022-01-03 00:00:00-05:00,15.199999809265137,15.5,15.09000015258789,15.4399995803833,4839900,0.0,0.0
2022-01-04 00:00:00-05:00,15.619999885559082,15.949999809265137,15.579999923706055,15.729999542236328,8881800,0.0,0.0
2022-01-05 00:00:00-05:00,15.670000076293945,15.760000228881836,15.470000267028809,15.470000267028809,3968400,0.0,0.0
2022-01-06 00:00:00-05:00,15.670000076293945,15.729999542236328,15.529999732971191,15.550000190734863,11025700,0.0,0.0
2022-01-07 00:00:00-05:00,15.649999618530273,15.859999656677246,15.609999656677246,15.829999923706055,4347300,0.0,0.0
2022-01-10 00:00:00-05:00,16.280000686645508,16.309999465942383,16.049999237060547,16.15999984741211,8471000,0.0,0.0
2022-01-11 00:00:00-05:00,15.979999542236328,16.09000015258789,15.869999885559082,16.079999923706055,6358300,0.0,0.0
2022-01-12 00:00:00-05:00,16.110000610351562,16.209999084472656,16.09000015258789,16.1299991607666,6686700,0.0,0.0
2022-01-13 00:00:00-05:00,16.25,16.350000381469727,16.18000030517578,16.25,5909000,0.0,0.0
2022-01-14 00:00:00-05:00,16.360000610351562,16.450000762939453,16.290000915527344,16.450000762939453,4991400,0.0,0.0
2022-01-18 00:00:00-05:00,16.739999771118164,16.790000915527344,16.59000015258789,16.670000076293945,8143800,0.0,0.0
2022-01-19 00:00:00-05:00,16.719999313354492,16.739999771118164,16.520000457763672,16.549999237060547,4384300,0.0,0.0
2022-01-20 00:00:00-05:00,16.530000686645508,16.549999237060547,16.219999313354492,16.219999313354492,4204400,0.0,0.0
2022-01-21 00:00:00-05:00,16.040000915527344,16.100000381469727,15.800000190734863,15.829999923706055,6421500,0.0,0.0
2022-01-24 00:00:00-05:00,16.8799991607666,16.950000762939453,16.420000076293945,16.899999618530273,16812900,0.0,0.0
2022-01-25 00:00:00-05:00,17.020000457763672,17.190000534057617,16.84000015258789,17.06999969482422,7629700,0.0,0.0
2022-01-26 00:00:00-05:00,17.18000030517578,17.190000534057617,16.65999984741211,16.729999542236328,6710000,0.0,0.0
2022-01-27 00:00:00-05:00,16.90999984741211,17.079999923706055,16.670000076293945,16.799999237060547,6840300,0.0,0.0
2022-01-28 00:00:00-05:00,16.979999542236328,17.809999465942383,16.93000030517578,17.770000457763672,20104800,0.0,0.0
2022-01-31 00:00:00-05:00,17.59000015258789,17.649999618530273,17.469999313354492,17.510000228881836,9446100,0.0,0.0
2022-02-01 00:00:00-05:00,17.31999969482422,17.389999389648438,17.170000076293945,17.270000457763672,5477400,0.0,0.0
2022-02-02 00:00:00-05:00,17.8700008392334,18.010000228881836,17.81999969482422,17.8799991607666,9817700,0.0,0.0
2022-02-03 00:00:00-05:00,18.09000015258789,18.270000457763672,17.979999542236328,18.18000030517578,8272500,0.0,0.0
2022-02-04 00:00:00-05:00,18.260000228881836,18.299999237060547,18.15999984741211,18.200000762939453,7389900,0.0,0.0
2022-02-07 00:00:00-05:00,18.450000762939453,18.690000534057617,18.299999237060547,18.459999084472656,16408400,0.0,0.0
2022-02-08 00:00:00-05:00,18.510000228881836,18.770000457763672,18.479999542236328,18.739999771118164,8301900,0.0,0.0
2022-02-09 00:00:00-05:00,18.889999389648438,18.940000534057617,18.790000915527344,18.920000076293945,7900800,0.0,0.0
2022-02-10 00:00:00-05:00,18.989999771118164,19.049999237060547,18.59000015258789,18.639999389648438,9174100,0.0,0.0
2022-02-11 00:00:00-05:00,18.59000015258789,18.8799991607666,18.549999237060547,18.610000610351562,6172100,0.0,0.0
2022-02-14 00:00:00-05:00,18.399999618530273,18.459999084472656,18.260000228881836,18.389999389648438,5919000,0.0,0.0
2022-02-15 00:00:00-05:00,18.719999313354492,18.809999465942383,18.649999618530273,18.739999771118164,5385400,0.0,0.0
2022-02-16 00:00:00-05:00,18.84000015258789,18.969999313354492,18.770000457763672,18.8700008392334,3987800,0.0,0.0
2022-02-17 00:00:00-05:00,18.649999618530273,18.760000228881836,18.549999237060547,18.690000534057617,3000300,0.0,0.0
2022-02-18 00:00:00-05:00,18.729999542236328,18.780000686645508,18.600000381469727,18.6299991607666,3907300,0.0,0.0
2022-02-22 00:00:00-05:00,18.329999923706055,18.610000610351562,18.309999465942383,18.540000915527344,6584600,0.0,0.0
2022-02-23 00:00:00-05:00,18.540000915527344,18.59000015258789,18.299999237060547,18.31999969482422,3166200,0.0,0.0
2022-02-24 00:00:00-05:00,17.420000076293945,17.68000030517578,17.25,17.670000076293945,8891400,0.0,0.0
2022-02-25 00:00:00-05:00,17.8700008392334,18.040000915527344,17.81999969482422,18.010000228881836,5400700,0.0,0.0
2022-02-28 00:00:00-05:00,17.68000030517578,17.760000228881836,17.520000457763672,17.700000762939453,6968000,0.0,0.0
2022-03-01 00:00:00-05:00,17.479999542236328,17.790000915527344,17.18000030517578,17.329999923706055,8138300,0.0,0.0
2022-03-02 00:00:00-05:00,17.260000228881836,17.610000610351562,17.25,17.56999969482422,6344100,0.0,0.0
2022-03-03 00:00:00-05:00,17.25,17.40999984741211,17.09000015258789,17.139999389648438,4900200,0.0,0.0
2022-03-04 00:00:00-05:00,16.6200008392334,16.690000534057617,16.34000015258789,16.399999618530273,6124600,0.0,0.0
2022-03-07 00:00:00-05:00,16.280000686645508,16.299999237060547,15.760000228881836,15.789999961853027,7386900,0.0,0.0
2022-03-08 00:00:00-05:00,15.529999732971191,15.789999961853027,15.390000343322754,15.59000015258789,9998500,0.0,0.0
2022-03-09 00:00:00-05:00,15.430000305175781,16.1299991607666,15.430000305175781,16.040000915527344,12004000,0.0,0.0
2022-03-10 00:00:00-05:00,15.75,15.890000343322754,15.630000114440918,15.789999961853027,8811200,0.0,0.0
2022-03-11 00:00:00-05:00,15.720000267028809,15.920000076293945,15.640000343322754,15.6899995803833,8319200,0.0,0.0
2022-03-14 00:00:00-04:00,15.979999542236328,16.139999389648438,15.899999618530273,15.949999809265137,5362200,0.0,0.0
2022-03-15 00:00:00-04:00,16.139999389648438,16.239999771118164,16.040000915527344,16.219999313354492,6113900,0.0,0.0
2022-03-16 00:00:00-04:00,16.3700008392334,16.600000381469727,16.270000457763672,16.559999465942383,6074000,0.0,0.0
2022-03-17 00:00:00-04:00,16.510000228881836,16.829999923706055,16.469999313354492,16.809999465942383,5974900,0.0,0.0
2022-03-18 00:00:00-04:00,16.8799991607666,17.139999389648438,16.790000915527344,17.049999237060547,7441300,0.0,0.0
2022-03-21 00:00:00-04:00,17.18000030517578,17.18000030517578,16.950000762939453,17.049999237060547,3890300,0.0,0.0
2022-03-22 00:00:00-04:00,17.040000915527344,17.110000610351562,16.969999313354492,17.030000686645508,3629500,0.0,0.0
2022-03-23 00:00:00-04:00,16.649999618530273,16.790000915527344,16.559999465942383,16.56999969482422,5243700,0.0,0.0
2022-03-24 00:00:00-04:00,16.670000076293945,16.84000015258789,16.6299991607666,16.719999313354492,4849900,0.0,0.0
2022-03-25 00:00:00-04:00,16.670000076293945,16.790000915527344,16.649999618530273,16.780000686645508,3302000,0.0,0.0
2022-03-28 00:00:00-04:00,16.780000686645508,16.799999237060547,16.600000381469727,16.790000915527344,4772600,0.0,0.0
2022-03-29 00:00:00-04:00,16.940000534057617,16.989999771118164,16.829999923706055,16.969999313354492,3982100,0.0,0.0
2022-03-30 00:00:00-04:00,17.06999969482422,17.270000457763672,16.8799991607666,16.899999618530273,9151000,0.0,0.0
2022-03-31 00:00:00-04:00,16.770000457763672,16.799999237060547,16.59000015258789,16.6200008392334,4610500,0.0,0.0
2022-04-01 00:00:00-04:00,16.760000228881836,16.93000030517578,16.719999313354492,16.920000076293945,2641600,0.0,0.0
2022-04-04 00:00:00-04:00,16.709999084472656,16.84000015258789,16.600000381469727,16.809999465942383,4017400,0.0,0.0
2022-04-05 00:00:00-04:00,16.549999237060547,16.68000030517578,16.5,16.540000915527344,3686600,0.0,0.0
2022-04-06 00:00:00-04:00,16.739999771118164,16.989999771118164,16.65999984741211,16.90999984741211,5035100,0.0,0.0
2022-04-07 00:00:00-04:00,17.0,17.0,16.690000534057617,16.860000610351562,4662600,0.0,0.0
2022-04-08 00:00:00-04:00,16.8799991607666,17.09000015258789,16.809999465942383,16.979999542236328,3780400,0.0,0.0
2022-04-11 00:00:00-04:00,17.219999313354492,17.309999465942383,17.079999923706055,17.100000381469727,3546800,0.0,0.0
2022-04-12 00:00:00-04:00,17.18000030517578,17.270000457763672,17.030000686645508,17.1299991607666,4077100,0.0,0.0
2022-04-13 00:00:00-04:00,17.229999542236328,17.68000030517578,17.229999542236328,17.559999465942383,7940000,0.0,0.0
2022-04-14 00:00:00-04:00,17.389999389648438,17.520000457763672,17.3700008392334,17.5,2977700,0.0,0.0
2022-04-18 00:00:00-04:00,17.440000534057617,17.559999465942383,17.290000915527344,17.329999923706055,2718900,0.0,0.0
2022-04-19 00:00:00-04:00,17.170000076293945,17.290000915527344,17.1200008392334,17.200000762939453,3878800,0.0,0.0
2022-04-20 00:00:00-04:00,16.90999984741211,17.06999969482422,16.889999389648438,16.940000534057617,4680900,0.0,0.0
2022-04-21 00:00:00-04:00,17.09000015258789,17.1200008392334,16.790000915527344,16.81999969482422,4439800,0.0,0.0
2022-04-22 00:00:00-04:00,16.739999771118164,16.739999771118164,16.5,16.530000686645508,3760900,0.0,0.0
2022-04-25 00:00:00-04:00,16.549999237060547,16.610000610351562,16.270000457763672,16.579999923706055,5184500,0.0,0.0
2022-04-26 00:00:00-04:00,16.450000762939453,16.549999237060547,16.149999618530273,16.15999984741211,4802000,0.0,0.0
2022-04-27 00:00:00-04:00,16.049999237060547,16.209999084472656,16.0,16.030000686645508,6299200,0.0,0.0
2022-04-28 00:00:00-04:00,16.0,16.280000686645508,15.9399995803833,16.270000457763672,9004900,0.0,0.0
2022-04-29 00:00:00-04:00,15.640000343322754,15.680000305175781,15.180000305175781,15.1899995803833,10367100,0.0,0.0
2022-05-02 00:00:00-04:00,15.270000457763672,15.319999694824219,14.9399995803833,15.0600004196167,8475800,0.0,0.0
2022-05-03 00:00:00-04:00,15.59000015258789,15.75,15.489999771118164,15.670000076293945,9729600,0.0,0.0
2022-05-04 00:00:00-04:00,15.600000381469727,15.920000076293945,15.529999732971191,15.869999885559082,5333900,0.0,0.0
2022-05-05 00:00:00-04:00,15.600000381469727,15.65999984741211,15.350000381469727,15.470000267028809,5601600,0.0,0.0
2022-05-06 00:00:00-04:00,15.079999923706055,15.15999984741211,14.920000076293945,15.029999732971191,7616500,0.0,0.0
2022-05-09 00:00:00-04:00,14.960000038146973,15.0,14.770000457763672,14.800000190734863,7000400,0.0,0.0
2022-05-10 00:00:00-04:00,14.920000076293945,15.010000228881836,14.699999809265137,14.869999885559082,7702500,0.0,0.0
2022-05-11 00:00:00-04:00,14.729999542236328,14.9399995803833,14.550000190734863,14.569999694824219,8010500,0.0,0.0
2022-05-12 00:00:00-04:00,14.739999771118164,14.789999961853027,14.520000457763672,14.699999809265137,7192300,0.0,0.0
2022-05-13 00:00:00-04:00,14.420000076293945,14.699999809265137,14.420000076293945,14.630000114440918,5287100,0.0,0.0
2022-05-16 00:00:00-04:00,14.899999618530273,15.079999923706055,14.84000015258789,15.020000457763672,6689800,0.0,0.0
2022-05-17 00:00:00-04:00,15.100000381469727,15.300000190734863,15.050000190734863,15.1899995803833,5414100,0.0,0.0
2022-05-18 00:00:00-04:00,15.020000457763672,15.039999961853027,14.6899995803833,14.739999771118164,7513500,0.0,0.0
2022-05-19 00:00:00-04:00,14.789999961853027,15.0600004196167,14.770000457763672,14.920000076293945,6488600,0.0,0.0
2022-05-20 00:00:00-04:00,15.359999656677246,15.390000343322754,15.100000381469727,15.329999923706055,7464900,0.0,0.0
2022-05-23 00:00:00-04:00,16.100000381469727,16.1200008392334,15.920000076293945,16.010000228881836,7426300,0.0,0.0
2022-05-24 00:00:00-04:00,16.299999237060547,16.639999389648438,16.200000762939453,16.559999465942383,11349900,0.0,0.0
2022-05-25 00:00:00-04:00,16.600000381469727,16.809999465942383,16.530000686645508,16.719999313354492,10604200,0.0,0.0
2022-05-26 00:00:00-04:00,16.530000686645508,16.8799991607666,16.520000457763672,16.770000457763672,11174500,0.0,0.0
2022-05-27 00:00:00-04:00,16.700000762939453,16.799999237060547,16.579999923706055,16.6299991607666,5623600,0.0,0.0
2022-05-31 00:00:00-04:00,16.649999618530273,16.799999237060547,16.59000015258789,16.639999389648438,6937100,0.0,0.0
2022-06-01 00:00:00-04:00,16.68000030517578,16.719999313354492,16.3799991607666,16.510000228881836,6219600,0.0,0.0
2022-06-02 00:00:00-04:00,16.690000534057617,16.739999771118164,16.239999771118164,16.350000381469727,4862600,0.0,0.0
2022-06-03 00:00:00-04:00,15.84000015258789,15.859999656677246,15.649999618530273,15.680000305175781,5138300,0.0,0.0
2022-06-06 00:00:00-04:00,15.949999809265137,16.020000457763672,15.850000381469727,15.890000343322754,6366800,0.0,0.0
2022-06-07 00:00:00-04:00,15.890000343322754,16.040000915527344,15.869999885559082,16.030000686645508,5776000,0.0,0.0
2022-06-08 00:00:00-04:00,15.779999732971191,15.800000190734863,15.65999984741211,15.680000305175781,5444200,0.0,0.0
2022-06-09 00:00:00-04:00,15.9399995803833,15.970000267028809,15.760000228881836,15.770000457763672,4924600,0.0,0.0
2022-06-10 00:00:00-04:00,15.619999885559082,15.699999809265137,15.510000228881836,15.59000015258789,7133500,0.0,0.0
2022-06-13 00:00:00-04:00,15.579999923706055,15.600000381469727,15.319999694824219,15.359999656677246,7891900,0.0,0.0
2022-06-14 00:00:00-04:00,15.319999694824219,15.380000114440918,15.050000190734863,15.180000305175781,6480600,0.0,0.0
2022-06-15 00:00:00-04:00,15.34000015258789,15.539999961853027,15.220000267028809,15.460000038146973,6580400,0.0,0.0
2022-06-16 00:00:00-04:00,15.489999771118164,15.619999885559082,15.390000343322754,15.520000457763672,12295600,0.0,0.0
2022-06-17 00:00:00-04:00,15.609999656677246,15.649999618530273,15.390000343322754,15.489999771118164,10392600,0.0,0.0
2022-06-21 00:00:00-04:00,15.760000228881836,15.930000305175781,15.6899995803833,15.869999885559082,6089400,0.0,0.0
2022-06-22 00:00:00-04:00,15.520000457763672,15.819999694824219,15.510000228881836,15.670000076293945,7885600,0.0,0.0
2022-06-23 00:00:00-04:00,15.670000076293945,15.739999771118164,15.520000457763672,15.59000015258789,6918300,0.0,0.0
2022-06-24 00:00:00-04:00,15.6899995803833,15.720000267028809,15.569999694824219,15.65999984741211,7560200,0.0,0.0
2022-06-27 00:00:00-04:00,15.729999542236328,15.819999694824219,15.670000076293945,15.739999771118164,3800400,0.0,0.0
2022-06-28 00:00:00-04:00,15.800000190734863,15.899999618530273,15.680000305175781,15.6899995803833,3466000,0.0,0.0
2022-06-29 00:00:00-04:00,15.420000076293945,15.539999961853027,15.359999656677246,15.4399995803833,12346100,0.0,0.0
2022-06-30 00:00:00-04:00,15.449999809265137,15.600000381469727,15.369999885559082,15.579999923706055,5668100,0.0,0.0
2022-07-01 00:00:00-04:00,15.270000457763672,15.609999656677246,15.229999542236328,15.609999656677246,4652800,0.0,0.0
2022-07-05 00:00:00-04:00,15.229999542236328,15.399999618530273,15.130000114440918,15.380000114440918,4999500,0.0,0.0
2022-07-06 00:00:00-04:00,15.220000267028809,15.270000457763672,15.109999656677246,15.220000267028809,4244000,0.0,0.0
2022-07-07 00:00:00-04:00,15.319999694824219,15.369999885559082,15.25,15.329999923706055,3690200,0.0,0.0
2022-07-08 00:00:00-04:00,15.399999618530273,15.550000190734863,15.380000114440918,15.449999809265137,3820500,0.0,0.0
2022-07-11 00:00:00-04:00,15.350000381469727,15.399999618530273,15.289999961853027,15.350000381469727,2470800,0.0,0.0
2022-07-12 00:00:00-04:00,15.300000190734863,15.470000267028809,15.279999732971191,15.329999923706055,3743100,0.0,0.0
2022-07-13 00:00:00-04:00,15.300000190734863,15.510000228881836,15.260000228881836,15.430000305175781,4479500,0.0,0.0
2022-07-14 00:00:00-04:00,15.119999885559082,15.210000038146973,15.010000228881836,15.149999618530273,4017600,0.0,0.0
2022-07-15 00:00:00-04:00,15.289999961853027,15.350000381469727,15.220000267028809,15.350000381469727,3861900,0.0,0.0
2022-07-18 00:00:00-04:00,15.680000305175781,15.699999809265137,15.460000038146973,15.489999771118164,4392200,0.0,0.0
2022-07-19 00:00:00-04:00,15.729999542236328,15.800000190734863,15.710000038146973,15.770000457763672,3008000,0.0,0.0
2022-07-20 00:00:00-04:00,15.630000114440918,15.649999618530273,15.350000381469727,15.390000343322754,4200800,0.0,0.0
2022-07-21 00:00:00-04:00,15.350000381469727,15.479999542236328,15.25,15.430000305175781,7527800,0.0,0.0
2022-07-22 00:00:00-04:00,15.40999984741211,15.520000457763672,15.350000381469727,15.420000076293945,4684200,0.0,0.0
2022-07-25 00:00:00-04:00,15.550000190734863,15.569999694824219,15.430000305175781,15.5600004196167,4744800,0.0,0.0
2022-07-26 00:00:00-04:00,14.90999984741211,14.949999809265137,14.529999732971191,14.529999732971191,9226600,0.0,0.0
2022-07-27 00:00:00-04:00,14.6899995803833,14.729999542236328,14.520000457763672,14.6899995803833,5540100,0.0,0.0
2022-07-28 00:00:00-04:00,14.40999984741211,14.430000305175781,14.3100004196167,14.390000343322754,5043700,0.0,0.0
2022-07-29 00:00:00-04:00,14.489999771118164,14.789999961853027,14.479999542236328,14.760000228881836,7492000,0.0,0.0
2022-08-01 00:00:00-04:00,14.8100004196167,14.850000381469727,14.739999771118164,14.779999732971191,2913900,0.0,0.0
2022-08-02 00:00:00-04:00,14.869999885559082,14.899999618530273,14.630000114440918,14.640000343322754,3678000,0.0,0.0
2022-08-03 00:00:00-04:00,14.510000228881836,14.520000457763672,14.34000015258789,14.430000305175781,3075800,0.0,0.0
2022-08-04 00:00:00-04:00,14.359999656677246,14.40999984741211,14.3100004196167,14.380000114440918,3192300,0.0,0.0
2022-08-05 00:00:00-04:00,14.579999923706055,14.720000267028809,14.579999923706055,14.6899995803833,4630000,0.0,0.0
2022-08-08 00:00:00-04:00,14.699999809265137,14.729999542236328,14.579999923706055,14.619999885559082,4567600,0.0,0.0
2022-08-09 00:00:00-04:00,14.779999732971191,14.880000114440918,14.75,14.819999694824219,4594300,0.0,0.0
2022-08-10 00:00:00-04:00,14.9399995803833,14.949999809265137,14.8100004196167,14.84000015258789,3295900,0.0,0.0
2022-08-11 00:00:00-04:00,14.890000343322754,14.920000076293945,14.760000228881836,14.760000228881836,2497500,0.0,0.0
2022-08-12 00:00:00-04:00,14.710000038146973,14.84000015258789,14.6899995803833,14.84000015258789,2959400,0.0,0.0
2022-08-15 00:00:00-04:00,14.6899995803833,14.739999771118164,14.609999656677246,14.729999542236328,3581400,0.0,0.0
2022-08-16 00:00:00-04:00,14.850000381469727,15.039999961853027,14.819999694824219,15.039999961853027,5613900,0.0,0.0
2022-08-17 00:00:00-04:00,14.779999732971191,14.800000190734863,14.619999885559082,14.670000076293945,4280600,0.0,0.0
2022-08-18 00:00:00-04:00,14.65999984741211,14.680000305175781,14.539999961853027,14.579999923706055,3171400,0.0,0.0
2022-08-19 00:00:00-04:00,14.4399995803833,14.460000038146973,14.34000015258789,14.399999618530273,3344800,0.0,0.0
2022-08-22 00:00:00-04:00,14.220000267028809,14.229999542236328,14.039999961853027,14.050000190734863,5423100,0.0,0.0
2022-08-23 00:00:00-04:00,13.9399995803833,14.029999732971191,13.890000343322754,13.899999618530273,4928000,0.0,0.0
2022-08-24 00:00:00-04:00,13.789999961853027,13.819999694824219,13.729999542236328,13.760000228881836,3875500,0.0,0.0
2022-08-25 00:00:00-04:00,13.789999961853027,13.869999885559082,13.739999771118164,13.84000015258789,2860500,0.0,0.0
2022-08-26 00:00:00-04:00,13.760000228881836,13.800000190734863,13.529999732971191,13.539999961853027,4448900,0.0,0.0
2022-08-29 00:00:00-04:00,13.600000381469727,13.680000305175781,13.5,13.59000015258789,3886900,0.0,0.0
2022-08-30 00:00:00-04:00,13.619999885559082,13.630000114440918,13.479999542236328,13.609999656677246,5464700,0.0,0.0
2022-08-31 00:00:00-04:00,13.4399995803833,13.5600004196167,13.399999618530273,13.420000076293945,4958500,0.0,0.0
2022-09-01 00:00:00-04:00,13.069999694824219,13.100000381469727,12.970000267028809,13.079999923706055,5741500,0.0,0.0
2022-09-02 00:00:00-04:00,13.130000114440918,13.300000190734863,13.039999961853027,13.079999923706055,4347100,0.0,0.0
2022-09-06 00:00:00-04:00,13.199999809265137,13.210000038146973,13.010000228881836,13.039999961853027,4966800,0.0,0.0
2022-09-07 00:00:00-04:00,12.789999961853027,12.829999923706055,12.640000343322754,12.739999771118164,6682400,0.0,0.0
2022-09-08 00:00:00-04:00,12.479999542236328,12.550000190734863,12.34000015258789,12.479999542236328,7332800,0.0,0.0
2022-09-09 00:00:00-04:00,12.6899995803833,12.739999771118164,12.630000114440918,12.699999809265137,4627800,0.0,0.0
2022-09-12 00:00:00-04:00,12.880000114440918,13.020000457763672,12.880000114440918,12.949999809265137,4431600,0.0,0.0
2022-09-13 00:00:00-04:00,12.760000228881836,12.8100004196167,12.489999771118164,12.489999771118164,5382600,0.0,0.0
2022-09-14 00:00:00-04:00,12.479999542236328,12.539999961853027,12.399999618530273,12.460000038146973,4531900,0.0,0.0
2022-09-15 00:00:00-04:00,12.569999694824219,12.65999984741211,12.510000228881836,12.529999732971191,9361800,0.0,0.0
2022-09-16 00:00:00-04:00,12.359999656677246,12.489999771118164,12.350000381469727,12.479999542236328,4315000,0.0,0.0
2022-09-19 00:00:00-04:00,12.390000343322754,12.510000228881836,12.34000015258789,12.5,4723800,0.0,0.0
2022-09-20 00:00:00-04:00,12.25,12.260000228881836,12.130000114440918,12.15999984741211,5635400,0.0,0.0
2022-09-21 00:00:00-04:00,12.380000114440918,12.520000457763672,12.279999732971191,12.279999732971191,6943800,0.0,0.0
2022-09-22 00:00:00-04:00,12.399999618530273,12.40999984741211,12.239999771118164,12.369999885559082,7237900,0.0,0.0
2022-09-23 00:00:00-04:00,11.960000038146973,12.029999732971191,11.859999656677246,11.970000267028809,10950700,0.0,0.0
2022-09-26 00:00:00-04:00,11.5600004196167,11.699999809265137,11.430000305175781,11.510000228881836,11946600,0.0,0.0
2022-09-27 00:00:00-04:00,11.579999923706055,11.640000343322754,11.40999984741211,11.420000076293945,9020400,0.0,0.0
2022-09-28 00:00:00-04:00,11.229999542236328,11.680000305175781,11.180000305175781,11.65999984741211,10503100,0.0,0.0
2022-09-29 00:00:00-04:00,11.270000457763672,11.399999618530273,11.229999542236328,11.34000015258789,8008500,0.0,0.0
2022-09-30 00:00:00-04:00,11.34000015258789,11.479999542236328,11.319999694824219,11.329999923706055,6715200,0.0,0.0
2022-10-03 00:00:00-04:00,11.8100004196167,11.930000305175781,11.720000267028809,11.859999656677246,7949500,0.0,0.0
2022-10-04 00:00:00-04:00,12.09000015258789,12.149999618530273,12.020000457763672,12.079999923706055,8182800,0.0,0.0
2022-10-05 00:00:00-04:00,11.739999771118164,11.75,11.59000015258789,11.6899995803833,5613700,0.0,0.0
2022-10-06 00:00:00-04:00,11.569999694824219,11.609999656677246,11.390000343322754,11.399999618530273,5539600,0.0,0.0
2022-10-07 00:00:00-04:00,11.289999961853027,11.4399995803833,11.229999542236328,11.300000190734863,8802600,0.0,0.0
2022-10-10 00:00:00-04:00,11.3100004196167,11.579999923706055,11.289999961853027,11.329999923706055,9251000,0.0,0.0
2022-10-11 00:00:00-04:00,11.319999694824219,11.4399995803833,11.170000076293945,11.180000305175781,8621400,0.0,0.0
2022-10-12 00:00:00-04:00,10.869999885559082,11.170000076293945,10.850000381469727,11.069999694824219,11919400,0.0,0.0
2022-10-13 00:00:00-04:00,11.170000076293945,11.5,11.119999885559082,11.449999809265137,10972300,0.0,0.0
2022-10-14 00:00:00-04:00,11.4399995803833,11.479999542236328,11.199999809265137,11.220000267028809,7991700,0.0,0.0
2022-10-17 00:00:00-04:00,11.479999542236328,11.630000114440918,11.470000267028809,11.520000457763672,8614600,0.0,0.0
2022-10-18 00:00:00-04:00,11.479999542236328,11.520000457763672,11.359999656677246,11.460000038146973,5724100,0.0,0.0
2022-10-19 00:00:00-04:00,11.520000457763672,11.59000015258789,11.4399995803833,11.489999771118164,5403300,0.0,0.0
2022-10-20 00:00:00-04:00,11.229999542236328,11.399999618530273,11.1899995803833,11.220000267028809,6731000,0.0,0.0
2022-10-21 00:00:00-04:00,11.079999923706055,11.319999694824219,11.069999694824219,11.3100004196167,9206600,0.0,0.0
2022-10-24 00:00:00-04:00,11.399999618530273,11.569999694824219,11.369999885559082,11.430000305175781,8302300,0.0,0.0
2022-10-25 00:00:00-04:00,11.510000228881836,11.600000381469727,11.470000267028809,11.529999732971191,6848900,0.0,0.0
2022-10-26 00:00:00-04:00,11.539999961853027,11.649999618530273,11.529999732971191,11.600000381469727,7182500,0.0,0.0
2022-10-27 00:00:00-04:00,11.569999694824219,11.670000076293945,11.510000228881836,11.510000228881836,8531800,0.0,0.0
2022-10-28 00:00:00-04:00,11.600000381469727,11.779999732971191,11.579999923706055,11.770000457763672,6942300,0.0,0.0
2022-10-31 00:00:00-04:00,11.8100004196167,11.859999656677246,11.739999771118164,11.8100004196167,6150500,0.0,0.0
2022-11-01 00:00:00-04:00,11.960000038146973,12.029999732971191,11.829999923706055,11.880000114440918,6955100,0.0,0.0
2022-11-02 00:00:00-04:00,11.920000076293945,12.149999618530273,11.880000114440918,11.880000114440918,7086900,0.0,0.0
2022-11-03 00:00:00-04:00,11.600000381469727,11.670000076293945,11.529999732971191,11.539999961853027,7680500,0.0,0.0
2022-11-04 00:00:00-04:00,11.859999656677246,12.079999923706055,11.789999961853027,12.079999923706055,9630200,0.0,0.0
2022-11-07 00:00:00-05:00,12.210000038146973,12.239999771118164,12.09000015258789,12.210000038146973,7340600,0.0,0.0
2022-11-08 00:00:00-05:00,12.369999885559082,12.649999618530273,12.270000457763672,12.369999885559082,10447700,0.0,0.0
2022-11-09 00:00:00-05:00,12.010000228881836,12.0600004196167,11.90999984741211,11.930000305175781,6782000,0.0,0.0
2022-11-10 00:00:00-05:00,12.550000190734863,12.649999618530273,12.390000343322754,12.470000267028809,7630100,0.0,0.0
2022-11-11 00:00:00-05:00,12.329999923706055,12.5,12.220000267028809,12.470000267028809,6345400,0.0,0.0
2022-11-14 00:00:00-05:00,12.390000343322754,12.479999542236328,12.3100004196167,12.3100004196167,8887200,0.0,0.0
2022-11-15 00:00:00-05:00,11.819999694824219,11.850000381469727,11.390000343322754,11.470000267028809,13606300,0.0,0.0
2022-11-16 00:00:00-05:00,11.579999923706055,11.739999771118164,11.569999694824219,11.619999885559082,13545100,0.0,0.0
2022-11-17 00:00:00-05:00,11.489999771118164,11.59000015258789,11.489999771118164,11.550000190734863,8295500,0.0,0.0
2022-11-18 00:00:00-05:00,11.729999542236328,11.789999961853027,11.630000114440918,11.6899995803833,8439000,0.0,0.0
2022-11-21 00:00:00-05:00,11.779999732971191,11.8100004196167,11.600000381469727,11.600000381469727,8843500,0.0,0.0
2022-11-22 00:00:00-05:00,11.399999618530273,11.449999809265137,11.3100004196167,11.369999885559082,10935200,0.0,0.0
2022-11-23 00:00:00-05:00,11.0,11.119999885559082,10.960000038146973,11.039999961853027,9547600,0.0,0.0
2022-11-25 00:00:00-05:00,11.3100004196167,11.34000015258789,11.270000457763672,11.270000457763672,5536200,0.0,0.0
2022-11-28 00:00:00-05:00,11.319999694824219,11.34000015258789,11.09000015258789,11.100000381469727,8873000,0.0,0.0
2022-11-29 00:00:00-05:00,11.0600004196167,11.130000114440918,11.050000190734863,11.119999885559082,6033000,0.0,0.0
2022-11-30 00:00:00-05:00,11.100000381469727,11.25,10.960000038146973,11.229999542236328,10538300,0.0,0.0
2022-12-01 00:00:00-05:00,11.329999923706055,11.430000305175781,11.25,11.279999732971191,6951300,0.0,0.0
2022-12-02 00:00:00-05:00,11.300000190734863,11.319999694824219,11.1899995803833,11.25,6375300,0.0,0.0
2022-12-05 00:00:00-05:00,11.199999809265137,11.239999771118164,11.029999732971191,11.0600004196167,8475400,0.0,0.0
2022-12-06 00:00:00-05:00,10.890000343322754,11.039999961853027,10.800000190734863,10.859999656677246,12192000,0.0,0.0
2022-12-07 00:00:00-05:00,11.039999961853027,11.039999961853027,10.65999984741211,10.680000305175781,11280400,0.0,0.0
2022-12-08 00:00:00-05:00,10.520000457763672,10.579999923706055,10.470000267028809,10.479999542236328,9576800,0.0,0.0
2022-12-09 00:00:00-05:00,10.579999923706055,10.710000038146973,10.579999923706055,10.579999923706055,7913100,0.0,0.0
2022-12-12 00:00:00-05:00,10.6899995803833,10.710000038146973,10.630000114440918,10.699999809265137,7965100,0.0,0.0
2022-12-13 00:00:00-05:00,10.84000015258789,10.859999656677246,10.550000190734863,10.5600004196167,13550300,0.0,0.0
2022-12-14 00:00:00-05:00,10.710000038146973,10.779999732971191,10.59000015258789,10.65999984741211,13934000,0.0,0.0
2022-12-15 00:00:00-05:00,10.600000381469727,10.65999984741211,10.470000267028809,10.470000267028809,12774200,0.0,0.0
2022-12-16 00:00:00-05:00,10.260000228881836,10.289999961853027,10.130000114440918,10.180000305175781,10718100,0.0,0.0
2022-12-19 00:00:00-05:00,10.329999923706055,10.34000015258789,10.15999984741211,10.180000305175781,10660100,0.0,0.0
2022-12-20 00:00:00-05:00,10.210000038146973,10.229999542236328,10.079999923706055,10.100000381469727,9095900,0.0,0.0
2022-12-21 00:00:00-05:00,10.1899995803833,10.260000228881836,10.140000343322754,10.15999984741211,8301600,0.0,0.0
2022-12-22 00:00:00-05:00,10.09000015258789,10.109999656677246,9.9399995803833,10.079999923706055,7531500,0.0,0.0
2022-12-23 00:00:00-05:00,10.079999923706055,10.140000343322754,10.020000457763672,10.119999885559082,5914200,0.0,0.0
2022-12-27 00:00:00-05:00,10.149999618530273,10.149999618530273,9.989999771118164,10.119999885559082,9405500,0.0,0.0
2022-12-28 00:00:00-05:00,10.229999542236328,10.279999732971191,10.050000190734863,10.0600004196167,10243900,0.0,0.0
2022-12-29 00:00:00-05:00,10.170000076293945,10.270000457763672,10.15999984741211,10.210000038146973,7356700,0.0,0.0
2022-12-30 00:00:00-05:00,10.15999984741211,10.199999809265137,10.020000457763672,10.119999885559082,6577800,0.0,0.0
2023-01-03 00:00:00-05:00,10.289999961853027,10.380000114440918,10.25,10.359999656677246,9242100,0.0,0.0
2023-01-04 00:00:00-05:00,10.510000228881836,10.640000343322754,10.479999542236328,10.600000381469727,9673800,0.0,0.0
2023-01-05 00:00:00-05:00,10.539999961853027,10.630000114440918,10.5,10.579999923706055,5620400,0.0,0.0
2023-01-06 00:00:00-05:00,10.59000015258789,10.800000190734863,10.579999923706055,10.75,6186500,0.0,0.0
2023-01-09 00:00:00-05:00,10.829999923706055,10.890000343322754,10.720000267028809,10.739999771118164,10003000,0.0,0.0
2023-01-10 00:00:00-05:00,10.6899995803833,10.75,10.630000114440918,10.739999771118164,11980300,0.0,0.0
2023-01-11 00:00:00-05:00,10.75,10.770000457763672,10.600000381469727,10.670000076293945,9938700,0.0,0.0
2023-01-12 00:00:00-05:00,11.149999618530273,11.300000190734863,11.100000381469727,11.279999732971191,11132000,0.0,0.0
2023-01-13 00:00:00-05:00,11.149999618530273,11.260000228881836,11.130000114440918,11.229999542236328,6586000,0.0,0.0
2023-01-17 00:00:00-05:00,11.399999618530273,11.510000228881836,11.279999732971191,11.420000076293945,11497200,0.0,0.0
2023-01-18 00:00:00-05:00,11.380000114440918,11.390000343322754,11.15999984741211,11.170000076293945,7018800,0.0,0.0
2023-01-19 00:00:00-05:00,11.15999984741211,11.239999771118164,11.09000015258789,11.210000038146973,5469300,0.0,0.0
2023-01-20 00:00:00-05:00,11.300000190734863,11.460000038146973,11.260000228881836,11.449999809265137,5325500,0.0,0.0
2023-01-23 00:00:00-05:00,11.329999923706055,11.399999618530273,11.3100004196167,11.359999656677246,5028600,0.0,0.0
2023-01-24 00:00:00-05:00,11.279999732971191,11.380000114440918,11.270000457763672,11.319999694824219,4268800,0.0,0.0
2023-01-25 00:00:00-05:00,11.289999961853027,11.529999732971191,11.289999961853027,11.520000457763672,5560800,0.0,0.0
2023-01-26 00:00:00-05:00,11.5,11.510000228881836,11.390000343322754,11.460000038146973,4696900,0.0,0.0
2023-01-27 00:00:00-05:00,11.40999984741211,11.630000114440918,11.390000343322754,11.609999656677246,5144300,0.0,0.0
2023-01-30 00:00:00-05:00,11.5600004196167,11.649999618530273,11.550000190734863,11.619999885559082,7799000,0.0,0.0
2023-01-31 00:00:00-05:00,11.529999732971191,11.59000015258789,11.479999542236328,11.579999923706055,6981700,0.0,0.0
2023-02-01 00:00:00-05:00,11.25,11.470000267028809,11.199999809265137,11.420000076293945,7084200,0.0,0.0
2023-02-02 00:00:00-05:00,11.550000190734863,11.699999809265137,11.529999732971191,11.619999885559082,6755500,0.0,0.0
2023-02-03 00:00:00-05:00,11.319999694824219,11.319999694824219,10.9399995803833,10.970000267028809,12870800,0.0,0.0
2023-02-06 00:00:00-05:00,11.0,11.010000228881836,10.859999656677246,10.960000038146973,9324400,0.0,0.0
2023-02-07 00:00:00-05:00,10.9399995803833,11.109999656677246,10.899999618530273,11.069999694824219,7403800,0.0,0.0
2023-02-08 00:00:00-05:00,11.1899995803833,11.229999542236328,11.119999885559082,11.1899995803833,5334300,0.0,0.0
2023-02-09 00:00:00-05:00,11.260000228881836,11.270000457763672,11.010000228881836,11.050000190734863,4635100,0.0,0.0
2023-02-10 00:00:00-05:00,11.09000015258789,11.140000343322754,11.050000190734863,11.140000343322754,3816100,0.0,0.0
2023-02-13 00:00:00-05:00,11.079999923706055,11.739999771118164,11.0600004196167,11.680000305175781,22420900,0.0,0.0
2023-02-14 00:00:00-05:00,11.869999885559082,12.050000190734863,11.779999732971191,12.050000190734863,13295800,0.0,0.0
2023-02-15 00:00:00-05:00,11.84000015258789,12.529999732971191,11.829999923706055,12.40999984741211,17510100,0.0,0.0
2023-02-16 00:00:00-05:00,12.260000228881836,12.359999656677246,12.170000076293945,12.199999809265137,7804500,0.0,0.0
2023-02-17 00:00:00-05:00,12.300000190734863,12.420000076293945,12.270000457763672,12.380000114440918,5039600,0.0,0.0
2023-02-21 00:00:00-05:00,12.319999694824219,12.359999656677246,12.270000457763672,12.329999923706055,4116700,0.0,0.0
2023-02-22 00:00:00-05:00,12.180000305175781,12.239999771118164,11.930000305175781,12.0,12509300,0.0,0.0
2023-02-23 00:00:00-05:00,11.979999542236328,12.010000228881836,11.789999961853027,11.880000114440918,15264500,0.0,0.0
2023-02-24 00:00:00-05:00,11.859999656677246,11.869999885559082,11.609999656677246,11.680000305175781,17765800,0.0,0.0
2023-02-27 00:00:00-05:00,11.989999771118164,12.15999984741211,11.970000267028809,12.0600004196167,7636600,0.0,0.0
2023-02-28 00:00:00-05:00,12.180000305175781,12.180000305175781,11.970000267028809,11.970000267028809,7313900,0.0,0.0
2023-03-01 00:00:00-05:00,12.050000190734863,12.050000190734863,11.90999984741211,11.960000038146973,5025400,0.0,0.0
2023-03-02 00:00:00-05:00,11.850000381469727,11.930000305175781,11.800000190734863,11.90999984741211,3609200,0.0,0.0
2023-03-03 00:00:00-05:00,12.0,12.119999885559082,11.979999542236328,12.100000381469727,4687200,0.0,0.0
2023-03-06 00:00:00-05:00,12.09000015258789,12.140000343322754,11.84000015258789,11.880000114440918,18127300,0.0,0.0
2023-03-07 00:00:00-05:00,11.850000381469727,11.869999885559082,11.529999732971191,11.550000190734863,18191500,0.0,0.0
2023-03-08 00:00:00-05:00,11.670000076293945,11.710000038146973,11.4399995803833,11.59000015258789,22834200,0.0,0.0
2023-03-09 00:00:00-05:00,11.569999694824219,11.850000381469727,11.5600004196167,11.569999694824219,11200600,0.0,0.0
2023-03-10 00:00:00-05:00,11.8100004196167,11.880000114440918,11.6899995803833,11.779999732971191,8017200,0.0,0.0
2023-03-13 00:00:00-04:00,11.640000343322754,11.720000267028809,11.5,11.579999923706055,9053500,0.0,0.0
2023-03-14 00:00:00-04:00,11.729999542236328,11.739999771118164,11.600000381469727,11.699999809265137,6301400,0.0,0.0
2023-03-15 00:00:00-04:00,11.329999923706055,11.430000305175781,11.199999809265137,11.380000114440918,8861900,0.0,0.0
2023-03-16 00:00:00-04:00,11.079999923706055,11.25,11.069999694824219,11.239999771118164,6613400,0.0,0.0
2023-03-17 00:00:00-04:00,11.029999732971191,11.079999923706055,10.890000343322754,10.949999809265137,7163200,0.0,0.0
2023-03-20 00:00:00-04:00,11.15999984741211,11.34000015258789,11.140000343322754,11.279999732971191,4663700,0.0,0.0
2023-03-21 00:00:00-04:00,11.229999542236328,11.3100004196167,11.220000267028809,11.25,3753700,0.0,0.0
2023-03-22 00:00:00-04:00,11.119999885559082,11.270000457763672,11.050000190734863,11.0600004196167,4786100,0.0,0.0
2023-03-23 00:00:00-04:00,11.15999984741211,11.210000038146973,10.960000038146973,11.039999961853027,4087100,0.0,0.0
2023-03-24 00:00:00-04:00,10.84000015258789,10.869999885559082,10.729999542236328,10.850000381469727,3791700,0.0,0.0
2023-03-27 00:00:00-04:00,10.899999618530273,10.970000267028809,10.869999885559082,10.90999984741211,2968300,0.0,0.0
2023-03-28 00:00:00-04:00,10.829999923706055,10.960000038146973,10.819999694824219,10.859999656677246,5627800,0.0,0.0
2023-03-29 00:00:00-04:00,11.020000457763672,11.079999923706055,10.989999771118164,11.020000457763672,4065600,0.0,0.0
2023-03-30 00:00:00-04:00,11.050000190734863,11.109999656677246,11.020000457763672,11.039999961853027,2609100,0.0,0.0
2023-03-31 00:00:00-04:00,11.029999732971191,11.0600004196167,10.979999542236328,11.039999961853027,3146600,0.0,0.0
2023-04-03 00:00:00-04:00,11.100000381469727,11.140000343322754,11.020000457763672,11.119999885559082,4299300,0.0,0.0
2023-04-04 00:00:00-04:00,11.029999732971191,11.050000190734863,10.859999656677246,10.9399995803833,4171800,0.0,0.0
2023-04-05 00:00:00-04:00,11.079999923706055,11.180000305175781,11.069999694824219,11.170000076293945,5274600,0.0,0.0
2023-04-06 00:00:00-04:00,11.34000015258789,11.40999984741211,11.3100004196167,11.329999923706055,3848100,0.0,0.0
2023-04-10 00:00:00-04:00,11.279999732971191,11.399999618530273,11.260000228881836,11.369999885559082,2529800,0.0,0.0
2023-04-11 00:00:00-04:00,11.350000381469727,11.460000038146973,11.350000381469727,11.430000305175781,3051100,0.0,0.0
2023-04-12 00:00:00-04:00,11.489999771118164,11.510000228881836,11.390000343322754,11.420000076293945,3048200,0.0,0.0
2023-04-13 00:00:00-04:00,11.420000076293945,11.470000267028809,11.390000343322754,11.4399995803833,2827400,0.0,0.0
2023-04-14 00:00:00-04:00,11.460000038146973,11.479999542236328,11.329999923706055,11.359999656677246,3886200,0.0,0.0
2023-04-17 00:00:00-04:00,11.460000038146973,11.470000267028809,11.390000343322754,11.449999809265137,3667400,0.0,0.0
2023-04-18 00:00:00-04:00,11.4399995803833,11.4399995803833,11.319999694824219,11.319999694824219,3227900,0.0,0.0
2023-04-19 00:00:00-04:00,11.279999732971191,11.279999732971191,11.210000038146973,11.229999542236328,2328700,0.0,0.0
2023-04-20 00:00:00-04:00,11.199999809265137,11.220000267028809,11.069999694824219,11.109999656677246,3066800,0.0,0.0
2023-04-21 00:00:00-04:00,11.170000076293945,11.210000038146973,11.119999885559082,11.170000076293945,5677700,0.0,0.0
2023-04-24 00:00:00-04:00,11.180000305175781,11.199999809265137,11.109999656677246,11.15999984741211,4519000,0.0,0.0
2023-04-25 00:00:00-04:00,11.279999732971191,11.3100004196167,11.1899995803833,11.239999771118164,5150800,0.0,0.0
2023-04-26 00:00:00-04:00,11.390000343322754,11.84000015258789,11.390000343322754,11.670000076293945,12640700,0.0,0.0
2023-04-27 00:00:00-04:00,11.819999694824219,12.039999961853027,11.779999732971191,11.989999771118164,6459700,0.0,0.0
2023-04-28 00:00:00-04:00,11.979999542236328,12.039999961853027,11.9399995803833,11.949999809265137,3448900,0.0,0.0
2023-05-01 00:00:00-04:00,12.0,12.0,11.8100004196167,11.850000381469727,3362600,0.0,0.0
2023-05-02 00:00:00-04:00,11.75,11.760000228881836,11.609999656677246,11.680000305175781,3965000,0.0,0.0
2023-05-03 00:00:00-04:00,11.970000267028809,12.0600004196167,11.9399995803833,11.960000038146973,4718200,0.0,0.0
2023-05-04 00:00:00-04:00,11.920000076293945,11.979999542236328,11.819999694824219,11.850000381469727,3696200,0.0,0.0
2023-05-05 00:00:00-04:00,11.890000343322754,12.069999694824219,11.84000015258789,11.949999809265137,5500000,0.0,0.0
2023-05-08 00:00:00-04:00,12.010000228881836,12.010000228881836,11.890000343322754,11.9399995803833,2974600,0.0,0.0
2023-05-09 00:00:00-04:00,11.90999984741211,11.920000076293945,11.819999694824219,11.869999885559082,3874400,0.0,0.0
2023-05-10 00:00:00-04:00,11.770000457763672,11.789999961853027,11.59000015258789,11.670000076293945,3553900,0.0,0.0
2023-05-11 00:00:00-04:00,11.329999923706055,11.369999885559082,11.260000228881836,11.279999732971191,5699100,0.0,0.0
2023-05-12 00:00:00-04:00,11.220000267028809,11.239999771118164,11.109999656677246,11.15999984741211,5373600,0.0,0.0
2023-05-15 00:00:00-04:00,11.09000015258789,11.229999542236328,11.09000015258789,11.220000267028809,7778200,0.0,0.0
2023-05-16 00:00:00-04:00,10.600000381469727,10.600000381469727,10.079999923706055,10.239999771118164,16015600,0.0,0.0
2023-05-17 00:00:00-04:00,10.460000038146973,10.470000267028809,10.170000076293945,10.239999771118164,6585900,0.0,0.0
2023-05-18 00:00:00-04:00,10.1899995803833,10.3100004196167,10.180000305175781,10.25,6753800,0.0,0.0
2023-05-19 00:00:00-04:00,10.239999771118164,10.520000457763672,10.239999771118164,10.350000381469727,7743800,0.0,0.0
2023-05-22 00:00:00-04:00,10.220000267028809,10.229999542236328,10.079999923706055,10.130000114440918,5212600,0.0,0.0
2023-05-23 00:00:00-04:00,10.279999732971191,10.460000038146973,10.25,10.350000381469727,5979900,0.0,0.0
2023-05-24 00:00:00-04:00,10.260000228881836,10.289999961853027,10.1899995803833,10.199999809265137,5423400,0.0,0.0
2023-05-25 00:00:00-04:00,10.029999732971191,10.0600004196167,9.869999885559082,9.899999618530273,10828400,0.0,0.0
2023-05-26 00:00:00-04:00,9.739999771118164,9.84000015258789,9.6899995803833,9.819999694824219,4664300,0.0,0.0
2023-05-30 00:00:00-04:00,9.6899995803833,9.710000038146973,9.569999694824219,9.670000076293945,6442800,0.0,0.0
2023-05-31 00:00:00-04:00,9.529999732971191,9.609999656677246,9.390000343322754,9.479999542236328,8088600,0.0,0.0
2023-06-01 00:00:00-04:00,9.529999732971191,9.550000190734863,9.479999542236328,9.489999771118164,5425300,0.0,0.0
2023-06-02 00:00:00-04:00,9.430000305175781,9.579999923706055,9.350000381469727,9.569999694824219,11371600,0.0,0.0
2023-06-05 00:00:00-04:00,9.670000076293945,9.729999542236328,9.59000015258789,9.59000015258789,5917000,0.0,0.0
2023-06-06 00:00:00-04:00,9.479999542236328,9.59000015258789,9.449999809265137,9.579999923706055,5500000,0.0,0.0
2023-06-07 00:00:00-04:00,9.739999771118164,9.800000190734863,9.699999809265137,9.779999732971191,6650600,0.0,0.0
2023-06-08 00:00:00-04:00,9.289999961853027,9.350000381469727,9.220000267028809,9.289999961853027,6594200,0.0,0.0
2023-06-09 00:00:00-04:00,9.369999885559082,9.420000076293945,9.329999923706055,9.369999885559082,5439600,0.0,0.0
2023-06-12 00:00:00-04:00,9.170000076293945,9.180000305175781,9.0600004196167,9.15999984741211,9619000,0.0,0.0
2023-06-13 00:00:00-04:00,9.020000457763672,9.199999809265137,9.0,9.140000343322754,8760500,0.0,0.0
2023-06-14 00:00:00-04:00,9.210000038146973,9.329999923706055,9.180000305175781,9.239999771118164,7527100,0.0,0.0
2023-06-15 00:00:00-04:00,9.329999923706055,9.529999732971191,9.300000190734863,9.479999542236328,8528800,0.0,0.0
2023-06-16 00:00:00-04:00,9.470000267028809,9.489999771118164,9.420000076293945,9.470000267028809,4151900,0.0,0.0
2023-06-20 00:00:00-04:00,9.380000114440918,9.390000343322754,9.289999961853027,9.329999923706055,4379400,0.0,0.0
2023-06-21 00:00:00-04:00,9.25,9.319999694824219,9.199999809265137,9.279999732971191,4384100,0.0,0.0
2023-06-22 00:00:00-04:00,9.1899995803833,9.199999809265137,9.149999618530273,9.180000305175781,6232500,0.0,0.0
2023-06-23 00:00:00-04:00,9.210000038146973,9.289999961853027,9.1899995803833,9.229999542236328,4289300,0.0,0.0
2023-06-26 00:00:00-04:00,9.079999923706055,9.100000381469727,8.930000305175781,9.0,9824400,0.0,0.0
2023-06-27 00:00:00-04:00,9.149999618530273,9.369999885559082,9.119999885559082,9.329999923706055,6937500,0.0,0.0
2023-06-28 00:00:00-04:00,9.350000381469727,9.380000114440918,9.300000190734863,9.350000381469727,3600900,0.0,0.0
2023-06-29 00:00:00-04:00,9.319999694824219,9.430000305175781,9.319999694824219,9.40999984741211,4852700,0.0,0.0
2023-06-30 00:00:00-04:00,9.4399995803833,9.470000267028809,9.399999618530273,9.449999809265137,6325000,0.0,0.0
2023-07-03 00:00:00-04:00,9.430000305175781,9.520000457763672,9.420000076293945,9.510000228881836,2893500,0.0,0.0
2023-07-05 00:00:00-04:00,9.34000015258789,9.350000381469727,9.220000267028809,9.25,6919500,0.0,0.0
2023-07-06 00:00:00-04:00,9.09000015258789,9.130000114440918,9.0,9.119999885559082,7337100,0.0,0.0
2023-07-07 00:00:00-04:00,9.010000228881836,9.1899995803833,9.010000228881836,9.140000343322754,6397200,0.0,0.0
2023-07-10 00:00:00-04:00,9.140000343322754,9.180000305175781,9.0600004196167,9.119999885559082,6055600,0.0,0.0
2023-07-11 00:00:00-04:00,9.15999984741211,9.3100004196167,9.140000343322754,9.3100004196167,5007400,0.0,0.0
2023-07-12 00:00:00-04:00,9.460000038146973,9.529999732971191,9.449999809265137,9.489999771118164,4732500,0.0,0.0
2023-07-13 00:00:00-04:00,9.5,9.609999656677246,9.479999542236328,9.59000015258789,6011900,0.0,0.0
2023-07-14 00:00:00-04:00,9.619999885559082,9.619999885559082,9.520000457763672,9.569999694824219,5426300,0.0,0.0
2023-07-17 00:00:00-04:00,9.59000015258789,9.59000015258789,9.470000267028809,9.489999771118164,5211500,0.0,0.0
2023-07-18 00:00:00-04:00,9.3100004196167,9.4399995803833,9.3100004196167,9.380000114440918,5786000,0.0,0.0
2023-07-19 00:00:00-04:00,9.5,9.600000381469727,9.489999771118164,9.539999961853027,5880300,0.0,0.0
2023-07-20 00:00:00-04:00,9.579999923706055,9.640000343322754,9.520000457763672,9.529999732971191,4013200,0.0,0.0
2023-07-21 00:00:00-04:00,9.550000190734863,9.5600004196167,9.449999809265137,9.5,3779300,0.0,0.0
2023-07-24 00:00:00-04:00,9.800000190734863,9.920000076293945,9.75,9.829999923706055,8702200,0.0,0.0
2023-07-25 00:00:00-04:00,9.84000015258789,9.84000015258789,9.729999542236328,9.789999961853027,5484200,0.0,0.0
2023-07-26 00:00:00-04:00,9.880000114440918,10.119999885559082,9.850000381469727,10.029999732971191,9130000,0.0,0.0
2023-07-27 00:00:00-04:00,9.920000076293945,9.930000305175781,9.6899995803833,9.710000038146973,5030500,0.0,0.0
2023-07-28 00:00:00-04:00,9.770000457763672,9.84000015258789,9.75,9.75,5631600,0.0,0.0
2023-07-31 00:00:00-04:00,9.680000305175781,9.75,9.600000381469727,9.619999885559082,4428200,0.0,0.0
2023-08-01 00:00:00-04:00,9.539999961853027,9.579999923706055,9.460000038146973,9.470000267028809,3453700,0.0,0.0
2023-08-02 00:00:00-04:00,9.59000015258789,9.59000015258789,9.420000076293945,9.430000305175781,7030900,0.0,0.0
2023-08-03 00:00:00-04:00,9.239999771118164,9.300000190734863,9.210000038146973,9.260000228881836,4305100,0.0,0.0
2023-08-04 00:00:00-04:00,9.319999694824219,9.479999542236328,9.300000190734863,9.380000114440918,5853200,0.0,0.0
2023-08-07 00:00:00-04:00,9.380000114440918,9.380000114440918,9.300000190734863,9.369999885559082,4431200,0.0,0.0
2023-08-08 00:00:00-04:00,9.220000267028809,9.279999732971191,9.180000305175781,9.279999732971191,3525800,0.0,0.0
2023-08-09 00:00:00-04:00,9.229999542236328,9.329999923706055,9.220000267028809,9.300000190734863,4291700,0.0,0.0
2023-08-10 00:00:00-04:00,9.359999656677246,9.430000305175781,9.34000015258789,9.350000381469727,4280800,0.0,0.0
2023-08-11 00:00:00-04:00,9.34000015258789,9.380000114440918,9.3100004196167,9.329999923706055,3456800,0.0,0.0
2023-08-14 00:00:00-04:00,9.220000267028809,9.289999961853027,9.180000305175781,9.239999771118164,4626800,0.0,0.0
2023-08-15 00:00:00-04:00,9.140000343322754,9.180000305175781,9.09000015258789,9.109999656677246,4583400,0.0,0.0
2023-08-16 00:00:00-04:00,9.0600004196167,9.140000343322754,9.0600004196167,9.079999923706055,3338700,0.0,0.0
2023-08-17 00:00:00-04:00,9.109999656677246,9.15999984741211,9.069999694824219,9.140000343322754,4867300,0.0,0.0
2023-08-18 00:00:00-04:00,9.0600004196167,9.149999618530273,9.0600004196167,9.109999656677246,4923100,0.0,0.0
2023-08-21 00:00:00-04:00,9.140000343322754,9.140000343322754,9.050000190734863,9.100000381469727,3819300,0.0,0.0
2023-08-22 00:00:00-04:00,9.15999984741211,9.15999984741211,9.050000190734863,9.050000190734863,3716800,0.0,0.0
2023-08-23 00:00:00-04:00,9.039999961853027,9.220000267028809,9.029999732971191,9.1899995803833,4531500,0.0,0.0
2023-08-24 00:00:00-04:00,9.119999885559082,9.210000038146973,9.09000015258789,9.100000381469727,3973700,0.0,0.0
2023-08-25 00:00:00-04:00,9.109999656677246,9.130000114440918,9.0,9.050000190734863,4231600,0.0,0.0
2023-08-28 00:00:00-04:00,9.109999656677246,9.180000305175781,9.100000381469727,9.119999885559082,3109600,0.0,0.0
2023-08-29 00:00:00-04:00,9.220000267028809,9.300000190734863,9.199999809265137,9.279999732971191,3884700,0.0,0.0
2023-08-30 00:00:00-04:00,9.390000343322754,9.449999809265137,9.359999656677246,9.359999656677246,3229300,0.0,0.0
2023-08-31 00:00:00-04:00,9.449999809265137,9.460000038146973,9.3100004196167,9.319999694824219,4611500,0.0,0.0
2023-09-01 00:00:00-04:00,9.399999618530273,9.420000076293945,9.300000190734863,9.3100004196167,3481300,0.0,0.0
2023-09-05 00:00:00-04:00,9.329999923706055,9.380000114440918,9.260000228881836,9.359999656677246,4928000,0.0,0.0
2023-09-06 00:00:00-04:00,9.260000228881836,9.279999732971191,9.15999984741211,9.210000038146973,5247800,0.0,0.0
2023-09-07 00:00:00-04:00,9.210000038146973,9.279999732971191,9.210000038146973,9.220000267028809,3076800,0.0,0.0
2023-09-08 00:00:00-04:00,9.1899995803833,9.229999542236328,9.15999984741211,9.210000038146973,2763500,0.0,0.0
2023-09-11 00:00:00-04:00,9.3100004196167,9.579999923706055,9.3100004196167,9.510000228881836,5196600,0.0,0.0
2023-09-12 00:00:00-04:00,9.729999542236328,9.770000457763672,9.649999618530273,9.75,5388100,0.0,0.0
2023-09-13 00:00:00-04:00,9.869999885559082,9.90999984741211,9.819999694824219,9.859999656677246,7157400,0.0,0.0
2023-09-14 00:00:00-04:00,9.949999809265137,10.020000457763672,9.920000076293945,9.970000267028809,4159800,0.0,0.0
2023-09-15 00:00:00-04:00,9.960000038146973,10.039999961853027,9.930000305175781,9.949999809265137,8683400,0.0,0.0
2023-09-18 00:00:00-04:00,9.949999809265137,9.960000038146973,9.850000381469727,9.899999618530273,3124300,0.0,0.0
2023-09-19 00:00:00-04:00,9.970000267028809,10.029999732971191,9.9399995803833,10.029999732971191,3175700,0.0,0.0
2023-09-20 00:00:00-04:00,10.149999618530273,10.1899995803833,10.069999694824219,10.069999694824219,4035400,0.0,0.0
2023-09-21 00:00:00-04:00,9.989999771118164,10.0600004196167,9.960000038146973,9.979999542236328,4545300,0.0,0.0
2023-09-22 00:00:00-04:00,10.09000015258789,10.100000381469727,9.989999771118164,10.010000228881836,4256100,0.0,0.0
2023-09-25 00:00:00-04:00,9.84000015258789,9.890000343322754,9.720000267028809,9.869999885559082,6026100,0.0,0.0
2023-09-26 00:00:00-04:00,9.890000343322754,9.9399995803833,9.84000015258789,9.859999656677246,5077100,0.0,0.0
2023-09-27 00:00:00-04:00,9.760000228881836,9.770000457763672,9.670000076293945,9.739999771118164,4422300,0.0,0.0
2023-09-28 00:00:00-04:00,9.640000343322754,9.6899995803833,9.539999961853027,9.550000190734863,6468600,0.0,0.0
2023-09-29 00:00:00-04:00,9.489999771118164,9.569999694824219,9.430000305175781,9.479999542236328,5860500,0.0,0.0
2023-10-02 00:00:00-04:00,9.529999732971191,9.550000190734863,9.359999656677246,9.399999618530273,5438600,0.0,0.0
2023-10-03 00:00:00-04:00,9.329999923706055,9.34000015258789,9.229999542236328,9.25,5063900,0.0,0.0
2023-10-04 00:00:00-04:00,9.329999923706055,9.34000015258789,9.180000305175781,9.260000228881836,4733800,0.0,0.0
2023-10-05 00:00:00-04:00,9.239999771118164,9.4399995803833,9.239999771118164,9.430000305175781,4540700,0.0,0.0
2023-10-06 00:00:00-04:00,9.210000038146973,9.34000015258789,9.09000015258789,9.319999694824219,5005300,0.0,0.0
2023-10-09 00:00:00-04:00,9.319999694824219,9.479999542236328,9.3100004196167,9.479999542236328,4681700,0.0,0.0
2023-10-10 00:00:00-04:00,9.600000381469727,9.649999618530273,9.569999694824219,9.630000114440918,4714300,0.0,0.0
2023-10-11 00:00:00-04:00,9.65999984741211,9.720000267028809,9.609999656677246,9.680000305175781,3634300,0.0,0.0
2023-10-12 00:00:00-04:00,9.640000343322754,9.649999618530273,9.529999732971191,9.579999923706055,4882100,0.0,0.0
2023-10-13 00:00:00-04:00,9.529999732971191,9.59000015258789,9.430000305175781,9.4399995803833,3691200,0.0,0.0
2023-10-16 00:00:00-04:00,9.600000381469727,9.630000114440918,9.460000038146973,9.619999885559082,3691500,0.0,0.0
2023-10-17 00:00:00-04:00,9.550000190734863,9.600000381469727,9.510000228881836,9.529999732971191,3397200,0.0,0.0
2023-10-18 00:00:00-04:00,9.600000381469727,9.619999885559082,9.479999542236328,9.479999542236328,4563800,0.0,0.0
2023-10-19 00:00:00-04:00,9.4399995803833,9.449999809265137,9.3100004196167,9.34000015258789,6441800,0.0,0.0
2023-10-20 00:00:00-04:00,9.329999923706055,9.359999656677246,9.25,9.260000228881836,4084500,0.0,0.0
2023-10-23 00:00:00-04:00,9.210000038146973,9.260000228881836,9.130000114440918,9.149999618530273,4486200,0.0,0.0
2023-10-24 00:00:00-04:00,9.25,9.300000190734863,9.220000267028809,9.25,4877200,0.0,0.0
2023-10-25 00:00:00-04:00,9.119999885559082,9.140000343322754,9.020000457763672,9.039999961853027,5659300,0.0,0.0
2023-10-26 00:00:00-04:00,9.15999984741211,9.1899995803833,9.09000015258789,9.180000305175781,8246900,0.0,0.0
2023-10-27 00:00:00-04:00,9.350000381469727,9.350000381469727,9.1899995803833,9.210000038146973,4224300,0.0,0.0
2023-10-30 00:00:00-04:00,9.350000381469727,9.420000076293945,9.319999694824219,9.380000114440918,3939700,0.0,0.0
2023-10-31 00:00:00-04:00,9.25,9.3100004196167,9.210000038146973,9.239999771118164,3458600,0.0,0.0
2023-11-01 00:00:00-04:00,9.239999771118164,9.260000228881836,9.149999618530273,9.199999809265137,3796000,0.0,0.0
2023-11-02 00:00:00-04:00,9.430000305175781,9.539999961853027,9.40999984741211,9.539999961853027,4552200,0.0,0.0
2023-11-03 00:00:00-04:00,9.640000343322754,9.800000190734863,9.640000343322754,9.75,5202500,0.0,0.0
2023-11-06 00:00:00-05:00,9.8100004196167,9.829999923706055,9.760000228881836,9.760000228881836,3668200,0.0,0.0
2023-11-07 00:00:00-05:00,9.720000267028809,9.720000267028809,9.609999656677246,9.609999656677246,3673100,0.0,0.0
2023-11-08 00:00:00-05:00,9.489999771118164,9.550000190734863,9.460000038146973,9.5,4092700,0.0,0.0
2023-11-09 00:00:00-05:00,9.529999732971191,9.600000381469727,9.5,9.5,4196200,0.0,0.0
2023-11-10 00:00:00-05:00,9.470000267028809,9.489999771118164,9.350000381469727,9.479999542236328,5737600,0.0,0.0
2023-11-13 00:00:00-05:00,9.529999732971191,9.59000015258789,9.460000038146973,9.520000457763672,8558700,0.0,0.0
2023-11-14 00:00:00-05:00,9.390000343322754,9.399999618530273,9.109999656677246,9.119999885559082,10901800,0.0,0.0
2023-11-15 00:00:00-05:00,9.079999923706055,9.170000076293945,9.069999694824219,9.149999618530273,9433600,0.0,0.0
2023-11-16 00:00:00-05:00,9.25,9.319999694824219,9.15999984741211,9.170000076293945,6798700,0.0,0.0
2023-11-17 00:00:00-05:00,9.350000381469727,9.420000076293945,9.319999694824219,9.369999885559082,6237100,0.0,0.0
2023-11-20 00:00:00-05:00,9.329999923706055,9.430000305175781,9.319999694824219,9.40999984741211,4687100,0.0,0.0
2023-11-21 00:00:00-05:00,9.359999656677246,9.390000343322754,9.279999732971191,9.329999923706055,5851300,0.0,0.0
2023-11-22 00:00:00-05:00,8.930000305175781,8.970000267028809,8.850000381469727,8.90999984741211,10416500,0.0,0.0
2023-11-24 00:00:00-05:00,9.100000381469727,9.140000343322754,9.079999923706055,9.130000114440918,4371400,0.0,0.0
2023-11-27 00:00:00-05:00,9.039999961853027,9.069999694824219,8.979999542236328,9.050000190734863,9610300,0.0,0.0
2023-11-28 00:00:00-05:00,8.9399995803833,9.100000381469727,8.930000305175781,9.050000190734863,11899500,0.0,0.0
2023-11-29 00:00:00-05:00,8.979999542236328,9.119999885559082,8.979999542236328,9.020000457763672,8665200,0.0,0.0
2023-11-30 00:00:00-05:00,9.09000015258789,9.130000114440918,9.020000457763672,9.0600004196167,7073900,0.0,0.0
2023-12-01 00:00:00-05:00,9.029999732971191,9.25,9.029999732971191,9.220000267028809,8674700,0.0,0.0
2023-12-04 00:00:00-05:00,9.0600004196167,9.119999885559082,9.039999961853027,9.039999961853027,6124100,0.0,0.0
2023-12-05 00:00:00-05:00,9.09000015258789,9.109999656677246,9.029999732971191,9.029999732971191,5236900,0.0,0.0
2023-12-06 00:00:00-05:00,9.130000114440918,9.15999984741211,9.039999961853027,9.039999961853027,5782400,0.0,0.0
2023-12-07 00:00:00-05:00,8.899999618530273,8.90999984741211,8.800000190734863,8.84000015258789,9123100,0.0,0.0
2023-12-08 00:00:00-05:00,8.800000190734863,8.819999694824219,8.720000267028809,8.729999542236328,6034400,0.0,0.0
2023-12-11 00:00:00-05:00,8.699999809265137,8.710000038146973,8.579999923706055,8.59000015258789,8236000,0.0,0.0
2023-12-12 00:00:00-05:00,8.520000457763672,8.539999961853027,8.359999656677246,8.369999885559082,10758800,0.0,0.0
2023-12-13 00:00:00-05:00,8.229999542236328,8.359999656677246,8.109999656677246,8.350000381469727,10284100,0.0,0.0
2023-12-14 00:00:00-05:00,8.489999771118164,8.619999885559082,8.449999809265137,8.449999809265137,11879000,0.0,0.0
2023-12-15 00:00:00-05:00,8.350000381469727,8.399999618530273,8.149999618530273,8.170000076293945,11189200,0.0,0.0
2023-12-18 00:00:00-05:00,8.59000015258789,8.609999656677246,8.430000305175781,8.489999771118164,11129400,0.0,0.0
2023-12-19 00:00:00-05:00,8.569999694824219,8.600000381469727,8.470000267028809,8.569999694824219,11580200,0.0,0.0
2023-12-20 00:00:00-05:00,8.489999771118164,8.619999885559082,8.449999809265137,8.460000038146973,8359000,0.0,0.0
2023-12-21 00:00:00-05:00,8.6899995803833,8.800000190734863,8.6899995803833,8.770000457763672,9449500,0.0,0.0
2023-12-22 00:00:00-05:00,8.779999732971191,8.84000015258789,8.699999809265137,8.729999542236328,5697400,0.0,0.0
2023-12-26 00:00:00-05:00,8.729999542236328,8.779999732971191,8.649999618530273,8.779999732971191,4615700,0.0,0.0
2023-12-27 00:00:00-05:00,8.729999542236328,8.789999961853027,8.710000038146973,8.739999771118164,7098500,0.0,0.0
2023-12-28 00:00:00-05:00,8.729999542236328,8.770000457763672,8.699999809265137,8.720000267028809,4901000,0.0,0.0
2023-12-29 00:00:00-05:00,8.739999771118164,8.739999771118164,8.65999984741211,8.699999809265137,4442900,0.0,0.0
2024-01-02 00:00:00-05:00,8.779999732971191,8.90999984741211,8.760000228881836,8.850000381469727,7083300,0.0,0.0
2024-01-03 00:00:00-05:00,8.869999885559082,8.899999618530273,8.8100004196167,8.859999656677246,4617600,0.0,0.0
2024-01-04 00:00:00-05:00,8.949999809265137,9.020000457763672,8.930000305175781,8.960000038146973,3571600,0.0,0.0
2024-01-05 00:00:00-05:00,8.960000038146973,9.039999961853027,8.920000076293945,8.979999542236328,3777200,0.0,0.0
2024-01-08 00:00:00-05:00,8.890000343322754,9.010000228881836,8.880000114440918,9.010000228881836,6244100,0.0,0.0
2024-01-09 00:00:00-05:00,8.979999542236328,8.979999542236328,8.890000343322754,8.920000076293945,5268600,0.0,0.0
2024-01-10 00:00:00-05:00,8.899999618530273,8.899999618530273,8.760000228881836,8.779999732971191,3723800,0.0,0.0
2024-01-11 00:00:00-05:00,8.739999771118164,8.739999771118164,8.5600004196167,8.609999656677246,4835000,0.0,0.0
2024-01-12 00:00:00-05:00,8.649999618530273,8.710000038146973,8.640000343322754,8.65999984741211,6118300,0.0,0.0
2024-01-16 00:00:00-05:00,8.5600004196167,8.619999885559082,8.510000228881836,8.619999885559082,5620700,0.0,0.0
2024-01-17 00:00:00-05:00,8.510000228881836,8.579999923706055,8.460000038146973,8.569999694824219,8080300,0.0,0.0
2024-01-18 00:00:00-05:00,8.520000457763672,8.520000457763672,8.359999656677246,8.449999809265137,7960900,0.0,0.0
2024-01-19 00:00:00-05:00,8.5600004196167,8.6899995803833,8.539999961853027,8.670000076293945,9023200,0.0,0.0
2024-01-22 00:00:00-05:00,8.729999542236328,8.789999961853027,8.6899995803833,8.779999732971191,5746200,0.0,0.0
2024-01-23 00:00:00-05:00,8.789999961853027,8.899999618530273,8.779999732971191,8.880000114440918,6360400,0.0,0.0
2024-01-24 00:00:00-05:00,8.920000076293945,8.970000267028809,8.779999732971191,8.779999732971191,5052300,0.0,0.0
2024-01-25 00:00:00-05:00,8.789999961853027,8.8100004196167,8.710000038146973,8.789999961853027,4243900,0.0,0.0
2024-01-26 00:00:00-05:00,8.970000267028809,9.149999618530273,8.970000267028809,9.0600004196167,6895500,0.0,0.0
2024-01-29 00:00:00-05:00,8.960000038146973,8.989999771118164,8.850000381469727,8.989999771118164,6161100,0.0,0.0
2024-01-30 00:00:00-05:00,8.859999656677246,8.899999618530273,8.789999961853027,8.850000381469727,5985800,0.0,0.0
2024-01-31 00:00:00-05:00,8.670000076293945,8.720000267028809,8.579999923706055,8.600000381469727,7610600,0.0,0.0
2024-02-01 00:00:00-05:00,8.670000076293945,8.75,8.619999885559082,8.729999542236328,5190100,0.0,0.0
2024-02-02 00:00:00-05:00,8.8100004196167,8.819999694824219,8.710000038146973,8.739999771118164,5992000,0.0,0.0
2024-02-05 00:00:00-05:00,8.600000381469727,8.600000381469727,8.399999618530273,8.449999809265137,11996800,0.0,0.0
2024-02-06 00:00:00-05:00,8.399999618530273,8.460000038146973,8.369999885559082,8.399999618530273,6547500,0.0,0.0
2024-02-07 00:00:00-05:00,8.279999732971191,8.300000190734863,8.140000343322754,8.15999984741211,7352300,0.0,0.0
2024-02-08 00:00:00-05:00,8.180000305175781,8.210000038146973,8.109999656677246,8.15999984741211,5665700,0.0,0.0
2024-02-09 00:00:00-05:00,8.069999694824219,8.130000114440918,8.020000457763672,8.0600004196167,8509300,0.0,0.0
2024-02-12 00:00:00-05:00,8.079999923706055,8.270000457763672,8.069999694824219,8.199999809265137,6703500,0.0,0.0
2024-02-13 00:00:00-05:00,8.170000076293945,8.34000015258789,8.029999732971191,8.289999961853027,24157900,0.0,0.0
2024-02-14 00:00:00-05:00,8.510000228881836,8.579999923706055,8.220000267028809,8.300000190734863,15385500,0.0,0.0
2024-02-15 00:00:00-05:00,8.289999961853027,8.600000381469727,8.279999732971191,8.5,15305600,0.0,0.0
2024-02-16 00:00:00-05:00,8.479999542236328,8.5,8.34000015258789,8.470000267028809,7871400,0.0,0.0
2024-02-20 00:00:00-05:00,8.5,8.649999618530273,8.489999771118164,8.600000381469727,7143600,0.0,0.0
2024-02-21 00:00:00-05:00,8.539999961853027,8.550000190734863,8.399999618530273,8.470000267028809,9217900,0.0,0.0
2024-02-22 00:00:00-05:00,8.430000305175781,8.470000267028809,8.380000114440918,8.399999618530273,7255500,0.0,0.0
2024-02-23 00:00:00-05:00,8.270000457763672,8.5600004196167,8.199999809265137,8.470000267028809,13969100,0.0,0.0
2024-02-26 00:00:00-05:00,8.4399995803833,8.5,8.380000114440918,8.470000267028809,6058100,0.0,0.0
2024-02-27 00:00:00-05:00,8.579999923706055,8.800000190734863,8.569999694824219,8.779999732971191,8616400,0.0,0.0
2024-02-28 00:00:00-05:00,8.729999542236328,8.760000228881836,8.600000381469727,8.670000076293945,8476300,0.0,0.0
2024-02-29 00:00:00-05:00,8.9399995803833,8.989999771118164,8.770000457763672,8.9399995803833,11527900,0.0,0.0
2024-03-01 00:00:00-05:00,8.949999809265137,9.149999618530273,8.880000114440918,9.079999923706055,9214300,0.0,0.0
2024-03-04 00:00:00-05:00,8.920000076293945,8.989999771118164,8.880000114440918,8.9399995803833,8202700,0.0,0.0
2024-03-05 00:00:00-05:00,8.90999984741211,9.199999809265137,8.880000114440918,9.039999961853027,12910200,0.0,0.0
2024-03-06 00:00:00-05:00,9.119999885559082,9.130000114440918,8.890000343322754,8.9399995803833,11274600,0.0,0.0
2024-03-07 00:00:00-05:00,9.109999656677246,9.140000343322754,8.979999542236328,9.039999961853027,7137100,0.0,0.0
2024-03-08 00:00:00-05:00,9.149999618530273,9.289999961853027,9.119999885559082,9.260000228881836,15431000,0.0,0.0
2024-03-11 00:00:00-04:00,9.15999984741211,9.210000038146973,9.050000190734863,9.069999694824219,8405200,0.0,0.0
2024-03-12 00:00:00-04:00,9.210000038146973,9.239999771118164,8.930000305175781,8.979999542236328,11633700,0.0,0.0
2024-03-13 00:00:00-04:00,8.739999771118164,8.75,8.550000190734863,8.5600004196167,12764100,0.0,0.0
2024-03-14 00:00:00-04:00,8.630000114440918,8.630000114440918,8.430000305175781,8.489999771118164,11383100,0.0,0.0
2024-03-15 00:00:00-04:00,8.960000038146973,9.0600004196167,8.789999961853027,8.819999694824219,30081000,0.0,0.0
2024-03-18 00:00:00-04:00,8.75,8.760000228881836,8.569999694824219,8.609999656677246,12725100,0.0,0.0
2024-03-19 00:00:00-04:00,8.539999961853027,8.569999694824219,8.449999809265137,8.470000267028809,11452400,0.0,0.0
2024-03-20 00:00:00-04:00,8.420000076293945,8.670000076293945,8.40999984741211,8.65999984741211,9350900,0.0,0.0
2024-03-21 00:00:00-04:00,8.680000305175781,8.729999542236328,8.59000015258789,8.600000381469727,5534700,0.0,0.0
2024-03-22 00:00:00-04:00,8.720000267028809,8.760000228881836,8.59000015258789,8.600000381469727,10035800,0.0,0.0
2024-03-25 00:00:00-04:00,8.600000381469727,8.6899995803833,8.5600004196167,8.5600004196167,6059100,0.0,0.0
2024-03-26 00:00:00-04:00,8.649999618530273,8.699999809265137,8.59000015258789,8.680000305175781,6876100,0.0,0.0
2024-03-27 00:00:00-04:00,8.720000267028809,8.84000015258789,8.720000267028809,8.829999923706055,7272000,0.0,0.0
2024-03-28 00:00:00-04:00,8.84000015258789,8.970000267028809,8.84000015258789,8.899999618530273,6687600,0.0,0.0
2024-04-01 00:00:00-04:00,9.0,9.010000228881836,8.779999732971191,8.789999961853027,3376000,0.0,0.0
2024-04-02 00:00:00-04:00,8.859999656677246,8.90999984741211,8.819999694824219,8.880000114440918,5438600,0.0,0.0
2024-04-03 00:00:00-04:00,8.859999656677246,9.140000343322754,8.84000015258789,9.09000015258789,10225500,0.0,0.0
2024-04-04 00:00:00-04:00,9.069999694824219,9.109999656677246,8.710000038146973,8.710000038146973,9670300,0.0,0.0
2024-04-05 00:00:00-04:00,8.680000305175781,8.710000038146973,8.609999656677246,8.619999885559082,6400800,0.0,0.0
2024-04-08 00:00:00-04:00,8.600000381469727,8.680000305175781,8.539999961853027,8.5600004196167,7655700,0.0,0.0
2024-04-09 00:00:00-04:00,8.600000381469727,8.739999771118164,8.59000015258789,8.630000114440918,5690900,0.0,0.0
2024-04-10 00:00:00-04:00,8.479999542236328,8.520000457763672,8.369999885559082,8.40999984741211,8244500,0.0,0.0
2024-04-11 00:00:00-04:00,8.40999984741211,8.420000076293945,8.300000190734863,8.369999885559082,5496100,0.0,0.0
2024-04-12 00:00:00-04:00,8.380000114440918,8.460000038146973,8.300000190734863,8.300000190734863,8405500,0.0,0.0
2024-04-15 00:00:00-04:00,8.359999656677246,8.399999618530273,8.260000228881836,8.289999961853027,5391400,0.0,0.0
2024-04-16 00:00:00-04:00,8.270000457763672,8.270000457763672,8.15999984741211,8.1899995803833,5795100,0.0,0.0
2024-04-17 00:00:00-04:00,8.270000457763672,8.34000015258789,8.220000267028809,8.279999732971191,4174400,0.0,0.0
2024-04-18 00:00:00-04:00,8.229999542236328,8.329999923706055,8.220000267028809,8.279999732971191,5119800,0.0,0.0
2024-04-19 00:00:00-04:00,8.260000228881836,8.359999656677246,8.260000228881836,8.34000015258789,3799000,0.0,0.0
2024-04-22 00:00:00-04:00,8.550000190734863,8.670000076293945,8.5,8.619999885559082,12643400,0.0,0.0
2024-04-23 00:00:00-04:00,8.630000114440918,8.739999771118164,8.609999656677246,8.6899995803833,4101600,0.0,0.0
2024-04-24 00:00:00-04:00,8.609999656677246,8.65999984741211,8.520000457763672,8.65999984741211,3622100,0.0,0.0
2024-04-25 00:00:00-04:00,8.579999923706055,8.619999885559082,8.5,8.609999656677246,3039600,0.0,0.0
2024-04-26 00:00:00-04:00,8.670000076293945,8.6899995803833,8.59000015258789,8.619999885559082,3904600,0.0,0.0
2024-04-29 00:00:00-04:00,8.6899995803833,8.779999732971191,8.670000076293945,8.710000038146973,4822300,0.0,0.0
2024-04-30 00:00:00-04:00,8.5,8.520000457763672,8.399999618530273,8.40999984741211,5705900,0.0,0.0
2024-05-01 00:00:00-04:00,8.430000305175781,8.489999771118164,8.380000114440918,8.40999984741211,3943300,0.0,0.0
2024-05-02 00:00:00-04:00,8.479999542236328,8.539999961853027,8.449999809265137,8.529999732971191,3286500,0.0,0.0
2024-05-03 00:00:00-04:00,8.609999656677246,8.640000343322754,8.539999961853027,8.619999885559082,3055600,0.0,0.0
2024-05-06 00:00:00-04:00,8.630000114440918,8.65999984741211,8.609999656677246,8.640000343322754,3199000,0.0,0.0
2024-05-07 00:00:00-04:00,8.579999923706055,8.630000114440918,8.489999771118164,8.489999771118164,3943000,0.0,0.0
2024-05-08 00:00:00-04:00,8.399999618530273,8.479999542236328,8.380000114440918,8.460000038146973,5241300,0.0,0.0
2024-05-09 00:00:00-04:00,8.550000190734863,8.619999885559082,8.520000457763672,8.600000381469727,3695100,0.0,0.0
2024-05-10 00:00:00-04:00,8.680000305175781,8.720000267028809,8.649999618530273,8.699999809265137,6443100,0.0,0.0
2024-05-13 00:00:00-04:00,8.84000015258789,8.899999618530273,8.760000228881836,8.770000457763672,5737900,0.0,0.0
2024-05-14 00:00:00-04:00,9.029999732971191,9.260000228881836,9.0,9.1899995803833,14991600,0.0,0.0
2024-05-15 00:00:00-04:00,9.630000114440918,9.680000305175781,9.539999961853027,9.640000343322754,9365700,0.0,0.0
2024-05-16 00:00:00-04:00,9.720000267028809,9.84000015258789,9.699999809265137,9.800000190734863,6300800,0.0,0.0
2024-05-17 00:00:00-04:00,9.760000228881836,9.8100004196167,9.710000038146973,9.789999961853027,5166700,0.0,0.0
2024-05-20 00:00:00-04:00,9.8100004196167,9.829999923706055,9.739999771118164,9.75,7034400,0.0,0.0
2024-05-21 00:00:00-04:00,9.609999656677246,9.640000343322754,9.489999771118164,9.539999961853027,7068200,0.0,0.0
2024-05-22 00:00:00-04:00,9.539999961853027,9.59000015258789,9.460000038146973,9.520000457763672,7266800,0.0,0.0
2024-05-23 00:00:00-04:00,9.5,9.510000228881836,9.319999694824219,9.359999656677246,3978900,0.0,0.0
2024-05-24 00:00:00-04:00,9.369999885559082,9.399999618530273,9.319999694824219,9.329999923706055,3420400,0.0,0.0
2024-05-28 00:00:00-04:00,9.430000305175781,9.479999542236328,9.34000015258789,9.399999618530273,4741400,0.0,0.0
2024-05-29 00:00:00-04:00,9.369999885559082,9.390000343322754,9.279999732971191,9.329999923706055,4436500,0.0,0.0
2024-05-30 00:00:00-04:00,9.449999809265137,9.5,9.4399995803833,9.470000267028809,6984500,0.0,0.0
2024-05-31 00:00:00-04:00,9.5,9.649999618530273,9.489999771118164,9.619999885559082,11330700,0.0,0.0
2024-06-03 00:00:00-04:00,9.729999542236328,9.789999961853027,9.59000015258789,9.619999885559082,8725900,0.0,0.0
2024-06-04 00:00:00-04:00,9.720000267028809,9.84000015258789,9.680000305175781,9.829999923706055,7511600,0.0,0.0
2024-06-05 00:00:00-04:00,9.829999923706055,9.850000381469727,9.710000038146973,9.729999542236328,8246900,0.0,0.0
2024-06-06 00:00:00-04:00,9.630000114440918,9.680000305175781,9.5600004196167,9.609999656677246,6840700,0.0,0.0
2024-06-07 00:00:00-04:00,9.119999885559082,9.140000343322754,8.989999771118164,9.0,6489300,0.0,0.0
2024-06-10 00:00:00-04:00,9.010000228881836,9.029999732971191,8.930000305175781,9.020000457763672,4752900,0.0,0.0
2024-06-11 00:00:00-04:00,8.890000343322754,8.930000305175781,8.84000015258789,8.869999885559082,4918700,0.0,0.0
2024-06-12 00:00:00-04:00,8.960000038146973,8.970000267028809,8.800000190734863,8.829999923706055,6995000,0.0,0.0
2024-06-13 00:00:00-04:00,8.84000015258789,8.850000381469727,8.720000267028809,8.75,4139100,0.0,0.0
2024-06-14 00:00:00-04:00,8.739999771118164,8.739999771118164,8.649999618530273,8.739999771118164,5448600,0.0,0.0
2024-06-17 00:00:00-04:00,8.8100004196167,8.869999885559082,8.739999771118164,8.859999656677246,4389500,0.0,0.0
2024-06-18 00:00:00-04:00,8.899999618530273,8.979999542236328,8.880000114440918,8.90999984741211,4416400,0.0,0.0
2024-06-20 00:00:00-04:00,9.039999961853027,9.119999885559082,9.020000457763672,9.09000015258789,4497000,0.0,0.0
2024-06-21 00:00:00-04:00,9.010000228881836,9.0600004196167,8.970000267028809,9.050000190734863,6168300,0.0,0.0
2024-06-24 00:00:00-04:00,9.109999656677246,9.180000305175781,9.100000381469727,9.149999618530273,3604400,0.0,0.0
2024-06-25 00:00:00-04:00,9.010000228881836,9.010000228881836,8.899999618530273,8.920000076293945,3596000,0.0,0.0
2024-06-26 00:00:00-04:00,8.770000457763672,8.819999694824219,8.75,8.800000190734863,7855300,0.0,0.0
2024-06-27 00:00:00-04:00,8.800000190734863,8.850000381469727,8.75,8.770000457763672,4667300,0.0,0.0
2024-06-28 00:00:00-04:00,8.789999961853027,8.869999885559082,8.779999732971191,8.869999885559082,8090600,0.0,0.0
2024-07-01 00:00:00-04:00,8.899999618530273,8.989999771118164,8.84000015258789,8.869999885559082,3332300,0.0,0.0
2024-07-02 00:00:00-04:00,8.770000457763672,8.800000190734863,8.699999809265137,8.800000190734863,4636000,0.0,0.0
2024-07-03 00:00:00-04:00,8.770000457763672,8.90999984741211,8.770000457763672,8.84000015258789,2616100,0.0,0.0
2024-07-05 00:00:00-04:00,8.989999771118164,9.010000228881836,8.90999984741211,8.979999542236328,4139800,0.0,0.0
2024-07-08 00:00:00-04:00,9.050000190734863,9.069999694824219,8.989999771118164,9.0600004196167,4183700,0.0,0.0
2024-07-09 00:00:00-04:00,8.9399995803833,9.130000114440918,8.930000305175781,9.109999656677246,5369700,0.0,0.0
2024-07-10 00:00:00-04:00,9.300000190734863,9.319999694824219,9.25,9.289999961853027,4245200,0.0,0.0
2024-07-11 00:00:00-04:00,9.140000343322754,9.220000267028809,9.130000114440918,9.1899995803833,2327900,0.0,0.0
2024-07-12 00:00:00-04:00,9.1899995803833,9.210000038146973,9.140000343322754,9.140000343322754,3277700,0.0,0.0
2024-07-15 00:00:00-04:00,9.0600004196167,9.069999694824219,9.020000457763672,9.029999732971191,2745700,0.0,0.0
2024-07-16 00:00:00-04:00,8.979999542236328,9.039999961853027,8.960000038146973,9.029999732971191,2420000,0.0,0.0
2024-07-17 00:00:00-04:00,9.100000381469727,9.210000038146973,9.100000381469727,9.170000076293945,5417100,0.0,0.0
2024-07-18 00:00:00-04:00,9.220000267028809,9.239999771118164,9.079999923706055,9.09000015258789,2374800,0.0,0.0
2024-07-19 00:00:00-04:00,9.079999923706055,9.09000015258789,9.039999961853027,9.039999961853027,5689800,0.0,0.0
2024-07-22 00:00:00-04:00,9.109999656677246,9.119999885559082,9.020000457763672,9.069999694824219,3909800,0.0,0.0
2024-07-23 00:00:00-04:00,9.039999961853027,9.100000381469727,9.010000228881836,9.079999923706055,2962800,0.0,0.0
2024-07-24 00:00:00-04:00,9.0600004196167,9.109999656677246,9.029999732971191,9.0600004196167,3080100,0.0,0.0
2024-07-25 00:00:00-04:00,9.130000114440918,9.300000190734863,9.130000114440918,9.270000457763672,4439200,0.0,0.0
2024-07-26 00:00:00-04:00,9.369999885559082,9.470000267028809,9.300000190734863,9.470000267028809,4176100,0.0,0.0
2024-07-29 00:00:00-04:00,9.420000076293945,9.4399995803833,9.359999656677246,9.4399995803833,2819700,0.0,0.0
2024-07-30 00:00:00-04:00,9.359999656677246,9.449999809265137,9.34000015258789,9.430000305175781,4409600,0.0,0.0
2024-07-31 00:00:00-04:00,9.34000015258789,9.430000305175781,9.260000228881836,9.359999656677246,4037600,0.0,0.0
2024-08-01 00:00:00-04:00,9.289999961853027,9.3100004196167,9.180000305175781,9.229999542236328,4759600,0.0,0.0
2024-08-02 00:00:00-04:00,9.270000457763672,9.319999694824219,9.199999809265137,9.300000190734863,5896600,0.0,0.0
2024-08-05 00:00:00-04:00,8.789999961853027,8.899999618530273,8.729999542236328,8.8100004196167,10803500,0.0,0.0
2024-08-06 00:00:00-04:00,8.869999885559082,9.010000228881836,8.859999656677246,8.9399995803833,4974100,0.0,0.0
2024-08-07 00:00:00-04:00,9.25,9.34000015258789,9.170000076293945,9.1899995803833,4519200,0.0,0.0
2024-08-08 00:00:00-04:00,9.289999961853027,9.420000076293945,9.260000228881836,9.399999618530273,5479800,0.0,0.0
2024-08-09 00:00:00-04:00,9.420000076293945,9.460000038146973,9.399999618530273,9.4399995803833,2481400,0.0,0.0
2024-08-12 00:00:00-04:00,9.520000457763672,9.569999694824219,9.449999809265137,9.449999809265137,5169400,0.0,0.0
2024-08-13 00:00:00-04:00,9.449999809265137,9.479999542236328,9.420000076293945,9.470000267028809,5444900,0.0,0.0
2024-08-14 00:00:00-04:00,9.539999961853027,9.569999694824219,9.510000228881836,9.539999961853027,3950900,0.0,0.0
2024-08-15 00:00:00-04:00,9.65999984741211,9.65999984741211,9.520000457763672,9.5600004196167,4615300,0.0,0.0
2024-08-16 00:00:00-04:00,9.520000457763672,9.640000343322754,9.5,9.630000114440918,4326600,0.0,0.0
2024-08-19 00:00:00-04:00,9.710000038146973,9.770000457763672,9.670000076293945,9.720000267028809,6218100,0.0,0.0
2024-08-20 00:00:00-04:00,9.579999923706055,9.609999656677246,9.520000457763672,9.529999732971191,7330900,0.0,0.0
2024-08-21 00:00:00-04:00,9.600000381469727,9.600000381469727,9.550000190734863,9.569999694824219,3645200,0.0,0.0
2024-08-22 00:00:00-04:00,9.609999656677246,9.619999885559082,9.539999961853027,9.5600004196167,3640500,0.0,0.0
2024-08-23 00:00:00-04:00,9.630000114440918,9.75,9.609999656677246,9.720000267028809,9538500,0.0,0.0
2024-08-26 00:00:00-04:00,9.6899995803833,9.710000038146973,9.65999984741211,9.670000076293945,2548400,0.0,0.0
2024-08-27 00:00:00-04:00,9.84000015258789,9.859999656677246,9.8100004196167,9.850000381469727,5701000,0.0,0.0
2024-08-28 00:00:00-04:00,9.789999961853027,9.850000381469727,9.789999961853027,9.8100004196167,5115000,0.0,0.0
2024-08-29 00:00:00-04:00,9.800000190734863,9.8100004196167,9.65999984741211,9.670000076293945,5304400,0.0,0.0
2024-08-30 00:00:00-04:00,9.720000267028809,9.770000457763672,9.680000305175781,9.770000457763672,7554400,0.0,0.0
2024-09-03 00:00:00-04:00,9.920000076293945,9.960000038146973,9.829999923706055,9.850000381469727,7359600,0.0,0.0
2024-09-04 00:00:00-04:00,9.9399995803833,10.069999694824219,9.9399995803833,9.979999542236328,5595300,0.0,0.0
2024-09-05 00:00:00-04:00,10.279999732971191,10.289999961853027,10.180000305175781,10.1899995803833,6251800,0.0,0.0
2024-09-06 00:00:00-04:00,10.15999984741211,10.15999984741211,9.9399995803833,9.970000267028809,6219100,0.0,0.0
2024-09-09 00:00:00-04:00,9.979999542236328,10.020000457763672,9.949999809265137,10.0,4115400,0.0,0.0
2024-09-10 00:00:00-04:00,9.90999984741211,9.930000305175781,9.779999732971191,9.84000015258789,2950200,0.0,0.0
2024-09-11 00:00:00-04:00,9.90999984741211,10.050000190734863,9.899999618530273,10.039999961853027,4742900,0.0,0.0
2024-09-12 00:00:00-04:00,9.960000038146973,10.050000190734863,9.930000305175781,10.029999732971191,3923500,0.0,0.0
2024-09-13 00:00:00-04:00,10.130000114440918,10.199999809265137,10.130000114440918,10.170000076293945,4756700,0.0,0.0
2024-09-16 00:00:00-04:00,10.199999809265137,10.369999885559082,10.199999809265137,10.350000381469727,4498600,0.0,0.0
2024-09-17 00:00:00-04:00,10.279999732971191,10.279999732971191,10.100000381469727,10.180000305175781,5087000,0.0,0.0
2024-09-18 00:00:00-04:00,10.220000267028809,10.390000343322754,10.210000038146973,10.229999542236328,5187100,0.0,0.0
2024-09-19 00:00:00-04:00,10.050000190734863,10.09000015258789,9.960000038146973,10.0600004196167,5322000,0.0,0.0
2024-09-20 00:00:00-04:00,10.029999732971191,10.0600004196167,9.970000267028809,10.010000228881836,7638400,0.0,0.0
2024-09-23 00:00:00-04:00,10.079999923706055,10.119999885559082,10.0600004196167,10.109999656677246,3487400,0.0,0.0
2024-09-24 00:00:00-04:00,10.069999694824219,10.130000114440918,10.050000190734863,10.09000015258789,2865100,0.0,0.0
2024-09-25 00:00:00-04:00,10.100000381469727,10.119999885559082,10.039999961853027,10.0600004196167,4446200,0.0,0.0
2024-09-26 00:00:00-04:00,10.0600004196167,10.09000015258789,10.0,10.039999961853027,3695000,0.0,0.0
2024-09-27 00:00:00-04:00,10.0600004196167,10.109999656677246,10.0600004196167,10.09000015258789,3211600,0.0,0.0
2024-09-30 00:00:00-04:00,10.079999923706055,10.100000381469727,9.979999542236328,10.020000457763672,3236100,0.0,0.0
2024-10-01 00:00:00-04:00,10.0,10.010000228881836,9.880000114440918,9.949999809265137,3881100,0.0,0.0
2024-10-02 00:00:00-04:00,9.760000228881836,9.789999961853027,9.710000038146973,9.739999771118164,4144800,0.0,0.0
2024-10-03 00:00:00-04:00,9.649999618530273,9.720000267028809,9.5600004196167,9.6899995803833,5080200,0.0,0.0
2024-10-04 00:00:00-04:00,9.619999885559082,9.710000038146973,9.619999885559082,9.65999984741211,3593500,0.0,0.0
2024-10-07 00:00:00-04:00,9.720000267028809,9.739999771118164,9.640000343322754,9.6899995803833,3478100,0.0,0.0
2024-10-08 00:00:00-04:00,9.6899995803833,9.699999809265137,9.630000114440918,9.65999984741211,3298000,0.0,0.0
2024-10-09 00:00:00-04:00,9.640000343322754,9.75,9.630000114440918,9.729999542236328,3562400,0.0,0.0
2024-10-10 00:00:00-04:00,9.760000228881836,9.760000228881836,9.670000076293945,9.739999771118164,2301500,0.0,0.0
2024-10-11 00:00:00-04:00,9.65999984741211,9.680000305175781,9.630000114440918,9.649999618530273,2644100,0.0,0.0
2024-10-14 00:00:00-04:00,9.609999656677246,9.6899995803833,9.600000381469727,9.680000305175781,2536000,0.0,0.0
2024-10-15 00:00:00-04:00,9.649999618530273,9.729999542236328,9.640000343322754,9.640000343322754,3958300,0.0,0.0
2024-10-16 00:00:00-04:00,9.779999732971191,9.880000114440918,9.779999732971191,9.850000381469727,3376700,0.0,0.0
2024-10-17 00:00:00-04:00,9.699999809265137,9.75,9.680000305175781,9.729999542236328,3658500,0.0,0.0
2024-10-18 00:00:00-04:00,9.739999771118164,9.789999961853027,9.720000267028809,9.760000228881836,2949800,0.0,0.0
2024-10-21 00:00:00-04:00,9.760000228881836,9.789999961853027,9.630000114440918,9.630000114440918,3549800,0.0,0.0
2024-10-22 00:00:00-04:00,9.510000228881836,9.59000015258789,9.489999771118164,9.550000190734863,4619900,0.0,0.0
2024-10-23 00:00:00-04:00,9.430000305175781,9.479999542236328,9.420000076293945,9.460000038146973,4016500,0.0,0.0
2024-10-24 00:00:00-04:00,9.529999732971191,9.59000015258789,9.470000267028809,9.510000228881836,2874000,0.0,0.0
2024-10-25 00:00:00-04:00,9.5600004196167,9.579999923706055,9.470000267028809,9.479999542236328,3819800,0.0,0.0
