Date,Open,High,Low,Close,Volume,Dividends,Stock Splits
2005-01-21 00:00:00-05:00,12.04446792602539,12.195024349425694,11.668078303337097,12.04446792602539,22145000,0.0,0.0
2005-01-24 00:00:00-05:00,12.082106313969234,12.104690208223019,12.04446792602539,12.04446792602539,3509900,0.0,0.0
2005-01-25 00:00:00-05:00,12.044470352428068,12.051998318695865,11.668080653914691,11.780997276306152,2995500,0.0,0.0
2005-01-26 00:00:00-05:00,11.705719161400724,11.765941452612946,11.6680800499165,11.735830307006836,1467500,0.0,0.0
2005-01-27 00:00:00-05:00,11.735830798146088,11.931553611729894,11.366969069557937,11.87885856628418,858000,0.0,0.0
2005-01-28 00:00:00-05:00,11.89391222053132,12.059523855527914,11.878856291028796,12.04446792602539,697300,0.0,0.0
2005-01-31 00:00:00-05:00,12.082105032842827,12.240189404231911,12.059522576796038,12.142327308654785,1641900,0.0,0.0
2005-02-01 00:00:00-05:00,12.14232873648864,12.255246773250027,12.04446806521625,12.195024490356445,838100,0.0,0.0
2005-02-02 00:00:00-05:00,12.195024490356445,12.300413126467094,12.164912631003414,12.195024490356445,759200,0.0,0.0
2005-02-03 00:00:00-05:00,12.20255122291804,12.20255122291804,12.036940301151457,12.051996231079102,729500,0.0,0.0
2005-02-04 00:00:00-05:00,12.074577331542969,12.09715978539566,12.044465478656484,12.074577331542969,926600,0.0,0.0
2005-02-07 00:00:00-05:00,12.067050425000609,12.119744736354082,11.856271743774414,11.856271743774414,1128300,0.0,0.0
2005-02-08 00:00:00-05:00,11.856271307905761,12.044466090570932,11.826160171395578,11.89391040802002,274900,0.0,0.0
2005-02-09 00:00:00-05:00,11.916499931242974,11.999305421296588,11.80358328863291,11.886388778686523,410500,0.0,0.0
2005-02-10 00:00:00-05:00,11.818637358198437,11.826165325083101,11.668081610037307,11.728303909301758,551600,0.0,0.0
2005-02-11 00:00:00-05:00,11.683132453664413,11.848743345534587,11.47988174376994,11.720770835876465,842000,0.0,0.0
2005-02-14 00:00:00-05:00,11.517525589873342,11.780997963456434,11.366969845267802,11.743359565734863,652500,0.0,0.0
2005-02-15 00:00:00-05:00,11.720772719734057,12.044468027708726,11.705717508010666,11.999300956726074,438400,0.0,0.0
2005-02-16 00:00:00-05:00,12.006827945195061,12.149855675514932,11.901439317982371,12.119745254516602,514800,0.0,0.0
2005-02-17 00:00:00-05:00,12.157382542099102,12.571411920991633,12.127272123819267,12.420855522155762,928500,0.0,0.0
2005-02-18 00:00:00-05:00,12.473548048352395,12.646686877201018,12.345575558374712,12.601520538330078,2403100,0.0,0.0
2005-02-22 00:00:00-05:00,12.43591212328965,12.639162841991599,12.322995535948225,12.383217811584473,782700,0.0,0.0
2005-02-23 00:00:00-05:00,12.34558211540956,12.609055197748962,12.307943718995126,12.496138572692871,474500,0.0,0.0
2005-02-24 00:00:00-05:00,12.428386747227734,12.609053611755371,12.383220390048976,12.609053611755371,483000,0.0,0.0
2005-02-25 00:00:00-05:00,12.6090504187221,13.000495910644531,12.6090504187221,13.000495910644531,1240600,0.0,0.0
2005-02-28 00:00:00-05:00,12.985440035017549,12.985440035017549,12.4584940679673,12.571412086486816,993300,0.0,0.0
2005-03-01 00:00:00-05:00,12.55636268923728,12.55636268923728,12.134806557852206,12.1649169921875,916800,0.0,0.0
2005-03-02 00:00:00-05:00,12.458492915274276,12.57893745045981,12.082103383866446,12.315465927124023,1275400,0.0,0.0
2005-03-03 00:00:00-05:00,12.420858940711387,12.571415380984455,12.232664108276367,12.232664108276367,836400,0.0,0.0
2005-03-04 00:00:00-05:00,12.34557860931332,12.616579581134946,12.30794022358804,12.428384780883789,1138700,0.0,0.0
2005-03-07 00:00:00-05:00,12.556357546549185,12.917691225459794,12.54882958209533,12.864996910095215,1395900,0.0,0.0
2005-03-08 00:00:00-05:00,13.135999551765027,13.135999551765027,12.947804724008007,12.985443115234375,1201500,0.0,0.0
2005-03-09 00:00:00-05:00,13.173634200300288,13.730690559901237,13.068245586157785,13.512385368347168,1465300,0.0,0.0
2005-03-10 00:00:00-05:00,13.512388436341645,13.617777074412691,13.090831012432444,13.474748611450195,966700,0.0,0.0
2005-03-11 00:00:00-05:00,13.587668151854208,13.610252051671221,13.474751524394783,13.550029754638672,722300,0.0,0.0
2005-03-14 00:00:00-05:00,13.572611405705219,13.670472083739456,13.113415569529955,13.437110900878906,1093100,0.0,0.0
2005-03-15 00:00:00-05:00,13.534969504707197,13.738220230798916,13.188691766161925,13.286552429199219,687800,0.0,0.0
2005-03-16 00:00:00-05:00,13.135999550391555,13.324194378128897,12.932748791840202,13.038137435913086,726300,0.0,0.0
2005-03-17 00:00:00-05:00,12.96285260585105,13.17363122230012,12.96285260585105,13.090825080871582,301200,0.0,0.0
2005-03-18 00:00:00-05:00,13.060719757622394,13.098358144307397,12.925219268256512,12.992969512939453,383200,0.0,0.0
2005-03-21 00:00:00-05:00,12.992970394479414,13.060720643759037,12.616580758842627,12.75960922241211,394800,0.0,0.0
2005-03-22 00:00:00-05:00,12.849942823731988,12.90263714665237,12.78972053527832,12.78972053527832,282500,0.0,0.0
2005-03-23 00:00:00-05:00,12.797243982738156,13.023077125755751,12.57141083972056,12.721965789794922,767300,0.0,0.0
2005-03-24 00:00:00-05:00,13.662937483084884,14.039326953339629,13.361826194043463,13.61777114868164,2373600,0.0,0.0
2005-03-28 00:00:00-05:00,13.775859051019562,13.805970908789504,13.384414950697145,13.422053337097168,732200,0.0,0.0
2005-03-29 00:00:00-05:00,13.384411514263675,13.550022382040728,13.098354682143631,13.10588264465332,457300,0.0,0.0
2005-03-30 00:00:00-05:00,13.151056451082669,13.437113445626165,13.136001953327368,13.324196815490723,522800,0.0,0.0
2005-03-31 00:00:00-05:00,13.324190536921115,13.700580083887111,13.324190536921115,13.542495727539062,1568500,0.0,0.0
2005-04-01 00:00:00-05:00,13.54249615236825,13.670468659783683,13.173634557067817,13.6253023147583,472000,0.0,0.0
2005-04-04 00:00:00-04:00,13.565076608929026,13.587659057819096,12.917686272259054,13.090825080871582,317800,0.0,0.0
2005-04-05 00:00:00-04:00,13.090826356915537,13.120938206119959,12.910159569124989,13.045660018920898,294900,0.0,0.0
2005-04-06 00:00:00-04:00,13.09835972472607,13.158582012175811,12.947804724008007,12.985443115234375,339900,0.0,0.0
2005-04-07 00:00:00-04:00,12.985441276347322,13.09082990550699,12.89510714005876,13.008025169372559,148700,0.0,0.0
2005-04-08 00:00:00-04:00,12.9327461863639,12.9327461863639,12.812301635742188,12.812301635742188,256800,0.0,0.0
2005-04-11 00:00:00-04:00,12.834885664277401,12.902635911780184,12.782191346400232,12.85746955871582,198600,0.0,0.0
2005-04-12 00:00:00-04:00,12.849944154141788,13.030611038208008,12.586471076448765,13.030611038208008,353600,0.0,0.0
2005-04-13 00:00:00-04:00,13.030601420948752,13.030601420948752,12.639157512284218,12.65421199798584,307000,0.0,0.0
2005-04-14 00:00:00-04:00,12.646687216993792,12.699382955539752,12.14232520597896,12.179965019226074,393000,0.0,0.0
2005-04-15 00:00:00-04:00,12.172442907355126,12.172442907355126,11.690663834811708,11.780997276306152,367600,0.0,0.0
2005-04-18 00:00:00-04:00,11.291690760448049,11.56269108025251,11.254051647665282,11.517524719238281,887200,0.0,0.0
2005-04-19 00:00:00-04:00,11.668081334478885,11.743359565734863,11.555164705501333,11.743359565734863,583900,0.0,0.0
2005-04-20 00:00:00-04:00,11.765938036815102,11.81110438315875,11.329326193327152,11.366965293884277,186800,0.0,0.0
2005-04-21 00:00:00-04:00,11.442244700663833,11.577745198286209,11.344383309926144,11.472355842590332,989500,0.0,0.0
2005-04-22 00:00:00-04:00,11.404603594673487,11.449770658599057,11.06585312790315,11.29168701171875,858800,0.0,0.0
2005-04-25 00:00:00-04:00,11.329327223634172,11.494938850402832,11.291688119654085,11.494938850402832,438900,0.0,0.0
2005-04-26 00:00:00-04:00,11.494941033213724,11.532579426434888,11.103495426137892,11.126078605651855,408600,0.0,0.0
2005-04-27 00:00:00-04:00,11.12607751330504,11.12607751330504,10.689465590067385,10.76474380493164,496200,0.0,0.0
2005-04-28 00:00:00-04:00,10.779797182796122,10.847547421063851,10.58407514968574,10.61418628692627,445600,0.0,0.0
2005-04-29 00:00:00-04:00,10.915298974272488,11.065854678612244,10.75721530523919,10.952938079833984,874600,0.0,0.0
2005-05-02 00:00:00-04:00,10.990574313955744,11.38201904296875,10.990574313955744,11.38201904296875,862700,0.0,0.0
2005-05-03 00:00:00-04:00,11.306741569419268,11.555158596154032,11.306741569419268,11.38201904296875,353400,0.0,0.0
2005-05-04 00:00:00-04:00,11.40460671217993,11.449773788452148,11.291690098358872,11.449773788452148,573700,0.0,0.0
2005-05-05 00:00:00-04:00,11.457303242041235,11.720775614474759,11.412136159903435,11.668081283569336,517700,0.0,0.0
2005-05-06 00:00:00-04:00,11.705717698419527,11.871329337508158,11.600328343016532,11.645495414733887,335500,0.0,0.0
2005-05-09 00:00:00-04:00,11.668077637122304,12.044467238319797,11.668077637122304,11.976716995239258,839900,0.0,0.0
2005-05-10 00:00:00-04:00,11.856272731599027,12.195023955398252,11.065854405911184,11.4046049118042,1417000,0.0,0.0
2005-05-11 00:00:00-04:00,11.397078958759455,11.472356458665042,11.291689597404085,11.359439849853516,816500,0.0,0.0
2005-05-12 00:00:00-04:00,11.344382888141453,11.502466556854582,11.050799444750085,11.17877197265625,770900,0.0,0.0
2005-05-13 00:00:00-04:00,11.178770387052142,11.216408769292528,10.72710262110627,10.734630584716797,420000,0.0,0.0
2005-05-16 00:00:00-04:00,10.764744704365079,10.92282839446347,10.584077835083008,10.584077835083008,592700,0.0,0.0
2005-05-17 00:00:00-04:00,10.599131926514522,10.659354209899902,10.192631154710076,10.659354209899902,805600,0.0,0.0
2005-05-18 00:00:00-04:00,10.696990910769207,11.14865865248701,10.599129542800148,11.020686149597168,640000,0.0,0.0
2005-05-19 00:00:00-04:00,11.630437761453404,11.630437761453404,11.374492734762416,11.50246524810791,698600,0.0,0.0
2005-05-20 00:00:00-04:00,11.592798827876848,11.796049546566646,11.479882240542173,11.705716133117676,381100,0.0,0.0
2005-05-23 00:00:00-04:00,11.743357831107836,12.270302500438321,11.67560757656622,12.232664108276367,756600,0.0,0.0
2005-05-24 00:00:00-04:00,12.232661845931965,12.232661845931965,11.8939113537797,12.119745254516602,592200,0.0,0.0
2005-05-25 00:00:00-04:00,12.059523957338357,12.127274204859216,11.878856391313985,11.999300956726074,336200,0.0,0.0
2005-05-26 00:00:00-04:00,12.074576519333682,12.074576519333682,11.600324918957808,11.758408546447754,330900,0.0,0.0
2005-05-27 00:00:00-04:00,11.743359339408011,11.765942521186997,11.442247138093771,11.690664291381836,297500,0.0,0.0
2005-05-31 00:00:00-04:00,11.683134626131991,11.690661873230413,11.532578197663469,11.653022766113281,261900,0.0,0.0
2005-06-01 00:00:00-04:00,11.66807635179399,11.999298848482358,11.66807635179399,11.863799095153809,457000,0.0,0.0
2005-06-02 00:00:00-04:00,11.818636320966824,12.006831169128418,11.77346995943561,12.006831169128418,333500,0.0,0.0
2005-06-03 00:00:00-04:00,11.969190153249457,11.969190153249457,11.893912656695024,11.954134941101074,195900,0.0,0.0
2005-06-06 00:00:00-04:00,11.94660714565066,11.94660714565066,11.893912825523959,11.931551933288574,295100,0.0,0.0
2005-06-07 00:00:00-04:00,11.969188339734579,11.969188339734579,11.811104687644221,11.908966064453125,247100,0.0,0.0
2005-06-08 00:00:00-04:00,11.901444713918002,11.901444713918002,11.848749658514333,11.886388778686523,575200,0.0,0.0
2005-06-09 00:00:00-04:00,11.89391040802002,11.924021544530202,11.856271307905761,11.89391040802002,492300,0.0,0.0
2005-06-10 00:00:00-04:00,11.89391040802002,11.89391040802002,11.848743344301685,11.89391040802002,236700,0.0,0.0
2005-06-13 00:00:00-04:00,11.856274439047134,11.878857617917266,11.698190751143585,11.773468971252441,149600,0.0,0.0
2005-06-14 00:00:00-04:00,11.743353696453994,11.893909365812418,11.705714599637874,11.818631172180176,528500,0.0,0.0
2005-06-15 00:00:00-04:00,11.86380212388655,11.94660758972168,11.83369098013684,11.94660758972168,1340000,0.0,0.0
2005-06-16 00:00:00-04:00,11.946603499152003,12.33052027102944,11.946603499152003,12.27029800415039,633500,0.0,0.0
2005-06-17 00:00:00-04:00,12.307943428549983,12.307943428549983,11.592802427049465,11.780997276306152,354400,0.0,0.0
2005-06-20 00:00:00-04:00,11.77346531375465,11.856270755825335,11.44224210965974,11.577742576599121,248200,0.0,0.0
2005-06-21 00:00:00-04:00,11.555161989205429,11.743356805199612,11.479883775645254,11.645495414733887,191100,0.0,0.0
2005-06-22 00:00:00-04:00,11.683135862259512,11.939080238342285,11.683135862259512,11.939080238342285,277900,0.0,0.0
2005-06-23 00:00:00-04:00,11.931553611729894,11.96919200688293,11.720774865759777,11.87885856628418,235400,0.0,0.0
2005-06-24 00:00:00-04:00,11.85627243151547,11.931550638878043,11.780994224152893,11.924022674560547,482000,0.0,0.0
2005-06-27 00:00:00-04:00,11.924020664568443,11.924020664568443,11.668075664166908,11.796048164367676,145700,0.0,0.0
2005-06-28 00:00:00-04:00,11.713247015707676,11.86380274230416,11.713247015707676,11.833691596984863,468700,0.0,0.0
2005-06-29 00:00:00-04:00,11.841215380697609,11.939076753832232,11.780993107677244,11.89391040802002,713200,0.0,0.0
2005-06-30 00:00:00-04:00,11.89391014997726,12.014354693404902,11.89391014997726,11.961660385131836,788200,0.0,0.0
2005-07-01 00:00:00-04:00,11.999299119876948,12.04446618394544,11.961660737377022,12.021883010864258,237100,0.0,0.0
2005-07-05 00:00:00-04:00,11.984243208695688,12.089631822174038,11.954132073715291,12.074577331542969,244000,0.0,0.0
2005-07-06 00:00:00-04:00,12.059519491636049,12.217602386770825,12.021880399406161,12.210074424743652,333500,0.0,0.0
2005-07-07 00:00:00-04:00,12.067050940910258,12.127273218719274,11.954133631588716,12.119745254516602,311100,0.0,0.0
2005-07-08 00:00:00-04:00,12.119747768533857,12.23266438337168,11.984247256403407,12.217608451843262,1252400,0.0,0.0
2005-07-11 00:00:00-04:00,12.345578509246533,12.804774277597312,12.345578509246533,12.752079963684082,766000,0.0,0.0
2005-07-12 00:00:00-04:00,12.872522822508332,13.173634173599602,12.79724462578247,13.113411903381348,1072800,0.0,0.0
2005-07-13 00:00:00-04:00,13.105883869854354,13.437107072184835,13.098355906640913,13.38441276550293,676900,0.0,0.0
2005-07-14 00:00:00-04:00,13.459693979945119,13.46722194564963,13.21127685494687,13.3768892288208,353300,0.0,0.0
2005-07-15 00:00:00-04:00,13.376888951807667,13.534971920890804,13.369360986259048,13.444639205932617,281700,0.0,0.0
2005-07-18 00:00:00-04:00,12.910156759110544,13.391936190833604,12.910156759110544,13.316658020019531,480900,0.0,0.0
2005-07-19 00:00:00-04:00,13.429580703953551,13.617775499204232,13.294080221643087,13.534969329833984,499400,0.0,0.0
2005-07-20 00:00:00-04:00,13.512386183886917,13.903830246818465,13.376885708490036,13.866191864013672,1111800,0.0,0.0
2005-07-21 00:00:00-04:00,13.926421224291323,14.076977703743998,13.723170407774115,13.949005126953125,600400,0.0,0.0
2005-07-22 00:00:00-04:00,13.9264141379887,13.9264141379887,13.821025517485468,13.866191864013672,139000,0.0,0.0
2005-07-25 00:00:00-04:00,13.851137161254883,13.96405375546537,13.836081232476845,13.851137161254883,1887400,0.0,0.0
2005-07-26 00:00:00-04:00,13.851137161254883,13.903831476165617,13.625303972833905,13.851137161254883,408800,0.0,0.0
2005-07-27 00:00:00-04:00,13.851137117860903,14.189888335243497,13.851137117860903,14.144721984863281,331000,0.0,0.0
2005-07-28 00:00:00-04:00,14.076972961425781,14.13719524575628,13.971582886988024,14.076972961425781,219700,0.0,0.0
2005-07-29 00:00:00-04:00,14.076976078779328,14.167308807373045,13.926419616706022,14.167308807373047,197300,0.0,0.0
2005-08-01 00:00:00-04:00,14.20494160433481,14.20494160433481,14.024273365016295,14.159773826599121,199200,0.0,0.0
2005-08-02 00:00:00-04:00,14.182413830914365,14.318203135238452,14.182413830914365,14.242764472961426,251200,0.04,0.0
2005-08-03 00:00:00-04:00,14.242767897264722,14.333294601536508,14.00890928296624,14.02399730682373,530700,0.0,0.0
2005-08-04 00:00:00-04:00,14.031533652255648,14.031533652255648,13.827849758087039,13.910832405090332,1220900,0.0,0.0
2005-08-05 00:00:00-04:00,13.941006997445479,13.948551005252357,13.775043142311258,13.910832405090332,61700,0.0,0.0
2005-08-08 00:00:00-04:00,13.94854902465946,14.001355632937086,13.805215774425792,13.895742416381836,92700,0.0,0.0
2005-08-09 00:00:00-04:00,14.521883639694725,14.55960224243066,14.122059831880472,14.340831756591797,910100,0.0,0.0
2005-08-10 00:00:00-04:00,14.52188208615649,14.544514108700374,14.34837422993696,14.423812866210938,270500,0.0,0.0
2005-08-11 00:00:00-04:00,14.371004491004213,14.808546844924429,14.371004491004213,14.770828247070312,320700,0.0,0.0
2005-08-12 00:00:00-04:00,14.695382606690059,14.793453216552734,14.559593416955027,14.793453216552734,343100,0.0,0.0
2005-08-15 00:00:00-04:00,14.801002927429671,15.004685351698667,14.71047628640956,14.891528129577637,223800,0.0,0.0
2005-08-16 00:00:00-04:00,14.793461289970367,14.914162538079596,14.748197242775124,14.785917282104492,742100,0.0,0.0
2005-08-17 00:00:00-04:00,14.770830641809189,14.770830641809189,14.574690735649357,14.665217399597168,445000,0.0,0.0
2005-08-18 00:00:00-04:00,14.642586120259995,14.665218147118685,14.438902195149542,14.506796836853027,331800,0.0,0.0
2005-08-19 00:00:00-04:00,14.506795818665658,14.506795818665658,14.378550553212728,14.491707801818848,180500,0.0,0.0
2005-08-22 00:00:00-04:00,14.491708622632899,14.876444440783228,14.416271411871024,14.680304527282715,582200,0.0,0.0
2005-08-23 00:00:00-04:00,14.748200621592709,15.132936477661133,14.748200621592709,15.132936477661133,468100,0.0,0.0
2005-08-24 00:00:00-04:00,15.034871517505225,15.065046125612902,14.868906136857097,14.89908218383789,437900,0.0,0.0
2005-08-25 00:00:00-04:00,14.929250955720464,14.974513565261843,14.17486741529289,14.446444511413574,633400,0.0,0.0
2005-08-26 00:00:00-04:00,14.446445355878684,14.619953234990028,14.129604192823297,14.205042839050293,307300,0.0,0.0
2005-08-29 00:00:00-04:00,14.084341323825267,14.106973348942448,13.586448282227062,14.039078712463379,387600,0.0,0.0
2005-08-30 00:00:00-04:00,14.03153307086033,14.084339684448073,13.7750425715436,13.888199806213379,273300,0.0,0.0
2005-08-31 00:00:00-04:00,13.888206540988273,13.993819819378555,13.616627894986971,13.903294563293457,451000,0.0,0.0
2005-09-01 00:00:00-04:00,13.95609099270186,14.182405406223921,13.84293378594083,14.06924819946289,433600,0.0,0.0
2005-09-02 00:00:00-04:00,14.069259939523047,14.10697999916677,13.918384017567606,14.02399730682373,115900,0.0,0.0
2005-09-06 00:00:00-04:00,14.07679271697998,14.137143325371895,13.941003488380174,14.07679271697998,190400,0.0,0.0
2005-09-07 00:00:00-04:00,14.031534456881927,14.355919616817443,14.023990448642445,14.197498321533203,230200,0.0,0.0
2005-09-08 00:00:00-04:00,14.235219550590147,14.371007393614324,14.205043515114173,14.250306129455566,211300,0.0,0.0
2005-09-09 00:00:00-04:00,14.257847273881364,14.37100450643751,14.106971443430595,14.355917930603027,108100,0.0,0.0
2005-09-12 00:00:00-04:00,14.40872759821054,14.529428863711715,14.159781058255293,14.506796836853027,144600,0.0,0.0
2005-09-13 00:00:00-04:00,14.506793599225043,14.582232233045021,14.386092360661985,14.529425621032715,219300,0.0,0.0
2005-09-14 00:00:00-04:00,14.446443491452067,14.58977675689783,14.378548862497354,14.431355476379395,885000,0.0,0.0
2005-09-15 00:00:00-04:00,14.431356632294824,14.438900640435417,13.835394377912305,13.941007614135742,540500,0.0,0.0
2005-09-16 00:00:00-04:00,13.963637038130829,14.05416224121471,13.84293580810421,13.895742416381836,114400,0.0,0.0
2005-09-19 00:00:00-04:00,13.925907317127187,13.925907317127187,13.4808227403148,13.692049026489258,210300,0.0,0.0
2005-09-20 00:00:00-04:00,13.654341701231978,13.654341701231978,13.314868549105368,13.33750057220459,684900,0.0,0.0
2005-09-21 00:00:00-04:00,13.25452181175139,13.26206582166255,12.786804708241709,12.907505989074707,259500,0.0,0.0
2005-09-22 00:00:00-04:00,12.907501664243789,12.982938860333599,12.560484518967073,12.899957656860352,413400,0.0,0.0
2005-09-23 00:00:00-04:00,12.839608813385485,13.224344609946105,12.794344762821305,13.088555335998535,554600,0.0,0.0
2005-09-26 00:00:00-04:00,13.163996570563024,13.163996570563024,12.847155348658207,12.907505989074707,296100,0.0,0.0
2005-09-27 00:00:00-04:00,12.862235661777996,12.930130279020279,12.500131995733868,12.786798477172852,288900,0.0,0.0
2005-09-28 00:00:00-04:00,12.794335927628518,12.869774520935168,12.628372173451082,12.71889877319336,319100,0.0,0.0
2005-09-29 00:00:00-04:00,12.74907920094864,12.854693855619642,12.590659377250356,12.847149848937988,174800,0.0,0.0
2005-09-30 00:00:00-04:00,12.847151082878817,13.216798812550817,12.78680046250119,13.013114929199219,232700,0.0,0.0
2005-10-03 00:00:00-04:00,13.050832811808931,13.081008839779402,12.590659896236932,12.651010513305664,207900,0.0,0.0
2005-10-04 00:00:00-04:00,12.613288638199332,12.960305714872636,12.598202065287277,12.764165878295898,96600,0.0,0.0
2005-10-05 00:00:00-04:00,12.764161353628753,12.764161353628753,12.560477583362246,12.71889877319336,186000,0.0,0.0
2005-10-06 00:00:00-04:00,12.71890200242179,12.71890200242179,12.454867578248013,12.598200798034668,309100,0.0,0.0
2005-10-07 00:00:00-04:00,12.583115370568702,12.960307071418498,12.583115370568702,12.847149848937988,141300,0.0,0.0
2005-10-10 00:00:00-04:00,12.884872561747006,12.884872561747006,12.500136731245995,12.58311939239502,111800,0.0,0.0
2005-10-11 00:00:00-04:00,12.583113804168551,12.960305458063907,12.583113804168551,12.711359024047852,251400,0.0,0.0
2005-10-12 00:00:00-04:00,12.711362586550312,12.756734343589228,12.605498038052108,12.613059997558594,159400,0.04,0.0
2005-10-13 00:00:00-04:00,12.613061563158396,12.756735927022651,12.552567321893944,12.635746002197266,152300,0.0,0.0
2005-10-14 00:00:00-04:00,12.628180441355786,12.945775441746047,12.45425830516176,12.802101135253906,138400,0.0,0.0
2005-10-17 00:00:00-04:00,12.802104658331844,12.802104658331844,12.597936078545622,12.613059997558594,137100,0.0,0.0
2005-10-18 00:00:00-04:00,12.62818372627505,12.658430121548905,12.492071341802006,12.552565574645996,159800,0.0,0.0
2005-10-19 00:00:00-04:00,12.560122217392395,12.726480926720361,12.469380185388987,12.567684173583984,146500,0.0,0.0
2005-10-20 00:00:00-04:00,12.567687255254015,12.6357419930744,12.340832840767307,12.363518714904785,288400,0.0,0.0
2005-10-21 00:00:00-04:00,12.439140845633736,12.461825284756172,12.325712880835619,12.333274841308594,205200,0.0,0.0
2005-10-24 00:00:00-04:00,12.378642752921284,12.711360256438622,12.340832962319743,12.597933769226074,336100,0.0,0.0
2005-10-25 00:00:00-04:00,12.665990511576334,12.68111442848749,12.401327734815519,12.476945877075195,173200,0.0,0.0
2005-10-26 00:00:00-04:00,12.439137123756215,12.665990100883468,12.401327332704303,12.461821556091309,216300,0.0,0.0
2005-10-27 00:00:00-04:00,12.454263265325926,12.476949146637454,12.287904462597492,12.295466423034668,67200,0.0,0.0
2005-10-28 00:00:00-04:00,12.416451651726675,13.044079780578613,12.416451651726675,13.044079780578613,252600,0.0,0.0
2005-10-31 00:00:00-05:00,13.157506577563582,13.3389892578125,13.112136268075387,13.3389892578125,278600,0.0,0.0
2005-11-01 00:00:00-05:00,13.323867171205803,13.505349856744502,13.089450773709162,13.459978103637695,234500,0.0,0.0
2005-11-02 00:00:00-05:00,13.482669059076919,13.777578353881836,13.422174807775994,13.777578353881836,418900,0.0,0.0
2005-11-03 00:00:00-05:00,13.770011253107215,13.913685587187807,13.528034338211178,13.55072021484375,191100,0.0,0.0
2005-11-04 00:00:00-05:00,13.550716680750181,13.732199319590643,13.361672085004388,13.701952934265137,133700,0.0,0.0
2005-11-07 00:00:00-05:00,13.762449404211639,13.98930237939146,13.422168499145862,13.838066101074219,228400,0.0,0.0
2005-11-08 00:00:00-05:00,13.83807224017186,13.83807224017186,13.331432358029137,13.422174453735352,207100,0.0,0.0
2005-11-09 00:00:00-05:00,13.308742046111512,13.308742046111512,12.174474282675234,12.529877662658691,1064600,0.0,0.0
2005-11-10 00:00:00-05:00,12.552561822688356,12.658426337948388,12.250090748876943,12.32570743560791,1589500,0.0,0.0
2005-11-11 00:00:00-05:00,13.225564742315317,13.459979725766289,13.1045762707086,13.27093505859375,985700,0.0,0.0
2005-11-14 00:00:00-05:00,13.044077245263837,13.074325073207023,12.741606177311086,12.862594604492188,2238300,0.0,0.0
2005-11-15 00:00:00-05:00,12.892841001703529,13.11969538459343,12.794538445391646,12.968459129333496,687900,0.0,0.0
2005-11-16 00:00:00-05:00,12.960901876082602,13.006273634504293,12.665992657823336,12.930655479431152,815900,0.0,0.0
2005-11-17 00:00:00-05:00,12.945775854078075,13.119696553515691,12.832347931379156,12.923089981079102,544100,0.0,0.0
2005-11-18 00:00:00-05:00,12.923088818082737,13.044077245263837,12.839908733534799,12.862594604492188,244700,0.0,0.0
2005-11-21 00:00:00-05:00,12.85503449715106,12.870158413298753,12.74916996870925,12.771854400634766,176200,0.0,0.0
2005-11-22 00:00:00-05:00,12.839906587239243,13.1726254275185,12.839906587239243,12.976018905639648,827900,0.0,0.0
2005-11-23 00:00:00-05:00,12.991149451636945,13.157508235587878,12.968463572886051,13.1348237991333,670400,0.0,0.0
2005-11-25 00:00:00-05:00,13.134823501041748,13.248250007629395,13.089451744569663,13.248250007629395,302500,0.0,0.0
2005-11-28 00:00:00-05:00,13.2784938834728,13.293617799427162,13.119697092840015,13.172629356384277,232300,0.0,0.0
2005-11-29 00:00:00-05:00,13.233121936437634,13.323863978611943,13.066763208463202,13.16506576538086,525100,0.0,0.0
2005-11-30 00:00:00-05:00,13.195312286209225,13.255806494233344,12.976019880686986,13.081884384155273,552800,0.0,0.0
2005-12-01 00:00:00-05:00,13.157506862462428,13.233125008110866,13.104574593197372,13.225563049316406,404500,0.0,0.0
2005-12-02 00:00:00-05:00,13.15750789642334,13.233126048014103,13.104575622998688,13.15750789642334,291800,0.0,0.0
2005-12-05 00:00:00-05:00,13.1575037442208,13.301178042673355,12.983583060054764,13.233121871948242,279100,0.0,0.0
2005-12-06 00:00:00-05:00,13.316304549863693,13.422169083920425,13.23312444893563,13.346550941467285,295500,0.0,0.0
2005-12-07 00:00:00-05:00,13.384362351195634,13.422170705842877,13.127261501164801,13.15750789642334,381900,0.0,0.0
2005-12-08 00:00:00-05:00,13.240689216600154,13.255813136758745,12.930656064831092,13.006274223327637,674400,0.0,0.0
2005-12-09 00:00:00-05:00,13.006273634504293,13.112138186228881,12.907969600220307,12.930655479431152,533400,0.0,0.0
2005-12-12 00:00:00-05:00,13.021389445999722,13.308737999723933,12.96845719723358,13.195311546325684,769400,0.0,0.0
2005-12-13 00:00:00-05:00,14.178346490722307,14.291772974188888,13.898559818695151,14.20859432220459,3481500,0.0,0.0
2005-12-14 00:00:00-05:00,14.291772083056417,14.359828257352067,13.989300998573468,14.14053726196289,1961700,0.0,0.0
2005-12-15 00:00:00-05:00,14.178352587149824,14.329588924998065,14.0498021326678,14.276655197143555,1818800,0.0,0.0
2005-12-16 00:00:00-05:00,14.291781100920948,14.654746631325406,14.26153469453565,14.586691856384277,987800,0.0,0.0
2005-12-19 00:00:00-05:00,14.700115893612113,14.889160588696592,14.601811844482109,14.851350784301758,972000,0.0,0.0
2005-12-20 00:00:00-05:00,14.93452697704383,14.93452697704383,14.571561604259166,14.616931915283203,275700,0.0,0.0
2005-12-21 00:00:00-05:00,14.624493074876682,14.753043484332425,14.344706380544968,14.480818748474121,288500,0.0,0.0
2005-12-22 00:00:00-05:00,14.511061996715673,14.541308378755021,14.382511627883233,14.435443878173828,251400,0.0,0.0
2005-12-23 00:00:00-05:00,14.465695415849932,14.74548212148326,14.465695415849932,14.662302017211914,280600,0.0,0.0
2005-12-27 00:00:00-05:00,14.654741626408946,14.94209032156585,14.616933270765502,14.632057189941406,232400,0.0,0.0
2005-12-28 00:00:00-05:00,14.70766423979055,14.70766423979055,14.24639514924054,14.594236373901367,580100,0.0,0.0
2005-12-29 00:00:00-05:00,14.594248249932772,14.805978803953174,14.397643058273742,14.503507614135742,236800,0.0,0.0
2005-12-30 00:00:00-05:00,14.3976394746037,14.511065962265565,14.231279279889993,14.458133697509766,279400,0.0,0.0
2006-01-03 00:00:00-05:00,14.632057572302264,15.002584948016525,14.291776593433886,14.949652671813965,651700,0.0,0.0
2006-01-04 00:00:00-05:00,14.94964947587022,15.085761838319401,14.707672583647698,14.972333908081055,216800,0.0,0.0
2006-01-05 00:00:00-05:00,14.972337108874289,15.093325580850522,14.7076757278615,14.949652671813965,611800,0.0,0.0
2006-01-06 00:00:00-05:00,14.99501930581247,15.040389611087607,14.843783031834016,14.919401168823242,218700,0.0,0.0
2006-01-09 00:00:00-05:00,14.926957314404987,14.926957314404987,14.53374430900941,14.654732704162598,560500,0.0,0.0
2006-01-10 00:00:00-05:00,14.57912273195446,14.851346024874752,14.571560773498883,14.745481491088867,303800,0.0,0.0
2006-01-11 00:00:00-05:00,14.707588325173685,14.78336186739827,14.586351235718393,14.601506233215332,170200,0.04,0.0
2006-01-12 00:00:00-05:00,14.601511099815975,14.616666102363988,14.32114933372006,14.412077903747559,227800,0.0,0.0
2006-01-13 00:00:00-05:00,14.46511801548045,14.700014758474168,14.427231956864219,14.50300407409668,211300,0.0,0.0
2006-01-17 00:00:00-05:00,14.586369232363017,15.245597984234395,14.487864517618135,15.19255542755127,1104200,0.0,0.0
2006-01-18 00:00:00-05:00,15.15465747878544,15.32893569292889,14.836409613920516,15.010687828063965,1367000,0.0,0.0
2006-01-19 00:00:00-05:00,15.078884736925922,15.230431898205916,15.025843664056175,15.154658317565918,471000,0.0,0.0
2006-01-20 00:00:00-05:00,15.154660011232163,15.154660011232163,14.806103524699106,14.866722106933594,210000,0.0,0.0
2006-01-23 00:00:00-05:00,14.851572367787812,15.048583191243237,14.753066233429342,14.950077056884766,585000,0.0,0.0
2006-01-24 00:00:00-05:00,15.00310604991796,15.38954987891947,14.965219995123055,15.374396324157715,355600,0.0,0.0
2006-01-25 00:00:00-05:00,15.374400692862451,15.548678906857512,15.268317107823961,15.412286758422852,662900,0.0,0.0
2006-01-26 00:00:00-05:00,15.4198579788208,15.541095073537235,15.321351936076091,15.4198579788208,358400,0.0,0.0
2006-01-27 00:00:00-05:00,15.601720950798772,15.609298453436086,15.28347306633585,15.36682415008545,191900,0.0,0.0
2006-01-30 00:00:00-05:00,15.442595836095755,15.525946917417347,15.040998324842576,15.275895118713379,392500,0.0,0.0
2006-01-31 00:00:00-05:00,15.268314668074478,15.518366418494914,15.245583610474775,15.510788917541504,242900,0.0,0.0
2006-02-01 00:00:00-05:00,15.419865568143212,15.525947716916376,15.275895905336146,15.291050910949707,419100,0.0,0.0
2006-02-02 00:00:00-05:00,15.313777517075296,15.533520698733623,15.078880779474693,15.169809341430664,470800,0.0,0.0
2006-02-03 00:00:00-05:00,15.10161031181532,15.912383928351606,14.77578507632649,15.321352005004883,533000,0.0,0.0
2006-02-06 00:00:00-05:00,15.344090789976226,15.715379727018432,15.275894715288803,15.624452590942383,650400,0.0,0.0
2006-02-07 00:00:00-05:00,15.624448780436044,15.624448780436044,15.245582433575679,15.397128105163574,515900,0.0,0.0
2006-02-08 00:00:00-05:00,15.404709595004054,15.404709595004054,15.268317443570167,15.33651351928711,304800,0.0,0.0
2006-02-09 00:00:00-05:00,15.306200991262921,15.647179836281,15.306200991262921,15.397128105163574,331400,0.0,0.0
2006-02-10 00:00:00-05:00,15.419864299619402,15.647183584078741,15.192543569899298,15.632028579711914,206600,0.0,0.0
2006-02-13 00:00:00-05:00,15.594143225729356,15.594143225729356,15.253162838218177,15.298627853393555,224800,0.0,0.0
2006-02-14 00:00:00-05:00,15.291043453819505,15.321352005004883,14.813671126623257,15.321352005004883,686600,0.0,0.0
2006-02-15 00:00:00-05:00,15.351665094024678,16.38975811198449,15.351665094024678,16.026046752929688,1194000,0.0,0.0
2006-02-16 00:00:00-05:00,16.670121291876356,16.670121291876356,15.344088916386191,15.669914245605469,1232100,0.0,0.0
2006-02-17 00:00:00-05:00,15.624451577009712,16.147286188670112,15.381975857600327,16.079090118408203,721400,0.0,0.0
2006-02-21 00:00:00-05:00,16.253367516935302,16.33671713384449,15.988160774335848,16.20032501220703,299100,0.0,0.0
2006-02-22 00:00:00-05:00,16.200318309566786,16.344287872314453,16.07908123944029,16.344287872314453,400400,0.0,0.0
2006-02-23 00:00:00-05:00,16.442796613363228,16.45795016568928,16.170012437852648,16.359445571899414,414200,0.0,0.0
2006-02-24 00:00:00-05:00,16.344297413568473,16.45795705250527,16.20032776677614,16.2988338470459,505000,0.0,0.0
2006-02-27 00:00:00-05:00,16.367028531771563,16.63981135303968,16.344296027807303,16.56403923034668,488100,0.0,0.0
2006-02-28 00:00:00-05:00,16.548889463818345,16.556466967537308,16.1776004531555,16.215486526489258,330600,0.0,0.0
2006-03-01 00:00:00-05:00,16.25337365158415,16.268527213394144,15.98058930534991,16.207908630371094,307900,0.0,0.0
2006-03-02 00:00:00-05:00,16.177592704667354,16.647386148140356,15.91996348266202,16.594345092773438,271700,0.0,0.0
2006-03-03 00:00:00-05:00,16.48068730471181,16.601924429033676,16.359450180389945,16.465532302856445,366500,0.0,0.0
2006-03-06 00:00:00-05:00,16.442807441686814,16.442807441686814,15.81388908029111,15.897238731384277,288700,0.0,0.0
2006-03-07 00:00:00-05:00,16.17759338493401,16.185170885342256,15.435015688051111,15.5259428024292,586800,0.0,0.0
2006-03-08 00:00:00-05:00,15.442589030792526,15.594136121818154,15.215269839514253,15.4198579788208,676700,0.0,0.0
2006-03-09 00:00:00-05:00,15.495639131672569,15.571411269124345,15.328936960652548,15.381978034973145,256400,0.0,0.0
2006-03-10 00:00:00-05:00,15.381976855797785,15.662338656763941,15.306204724154666,15.624452590942383,98600,0.0,0.0
2006-03-13 00:00:00-05:00,15.64718070096142,15.912387447471374,15.389551455238662,15.813882827758789,315600,0.0,0.0
2006-03-14 00:00:00-05:00,15.745689328950816,15.791152895813875,15.594142179059642,15.707801818847656,111600,0.0,0.0
2006-03-15 00:00:00-05:00,15.760840543125807,16.336717603678935,15.760840543125807,16.2912540435791,391500,0.0,0.0
2006-03-16 00:00:00-05:00,16.29125868034869,16.48069192081786,16.018474351589585,16.43522834777832,406600,0.0,0.0
2006-03-17 00:00:00-05:00,16.442799216536724,16.442799216536724,15.806303669750763,15.92754077911377,248900,0.0,0.0
2006-03-20 00:00:00-05:00,16.02604810221179,16.42764699826777,15.85176990864924,15.94269847869873,436900,0.0,0.0
2006-03-21 00:00:00-05:00,16.003314333780736,16.260942107231866,15.912385779128307,15.92754077911377,269300,0.0,0.0
2006-03-22 00:00:00-05:00,15.980577692359892,16.207896852189602,15.904804157329998,16.1927433013916,289800,0.0,0.0
2006-03-23 00:00:00-05:00,16.101826057673247,16.14728963245713,15.806310653686522,15.806310653686523,453700,0.0,0.0
2006-03-24 00:00:00-05:00,15.83661180033302,15.96542640623891,15.563829034201962,15.601715087890625,128200,0.0,0.0
2006-03-27 00:00:00-05:00,15.594141620601413,15.829038393785938,15.54110055361723,15.760842323303223,383200,0.0,0.0
2006-03-28 00:00:00-05:00,15.700225137216306,15.882080859431845,15.078884391664676,15.275895118713379,635400,0.0,0.0
2006-03-29 00:00:00-05:00,15.381974128007265,15.556253757558242,15.298624508928638,15.480480194091797,176400,0.0,0.0
2006-03-30 00:00:00-05:00,15.480483531324598,15.798731410282109,15.351668879240348,15.791153907775879,245000,0.0,0.0
2006-03-31 00:00:00-05:00,15.791149544703254,16.00331522047412,15.586561369344961,15.889654159545898,363400,0.0,0.0
2006-04-03 00:00:00-04:00,15.897243560302929,16.06394580364858,15.533531939794884,15.59415054321289,351200,0.0,0.0
2006-04-04 00:00:00-04:00,15.594143222653061,15.957854672419348,15.503214637581074,15.919968605041504,338400,0.0,0.0
2006-04-05 00:00:00-04:00,15.91997495538633,15.988171060077967,15.488067255846891,15.563840866088867,736400,0.0,0.0
2006-04-06 00:00:00-04:00,15.563834660873267,15.609298230787815,15.275895345805866,15.298627853393555,484100,0.0,0.0
2006-04-07 00:00:00-04:00,15.291045898194227,15.374396956483544,15.154653782906404,15.177386283874512,354400,0.0,0.0
2006-04-10 00:00:00-04:00,15.23801193741219,15.344094100810795,15.147083336455474,15.18497085571289,190700,0.0,0.0
2006-04-11 00:00:00-04:00,15.465892832964851,15.541816525674676,15.071083259006665,15.139415740966797,324200,0.04,0.0
2006-04-12 00:00:00-04:00,15.18497088419086,15.450708164294536,15.177378224970564,15.36719036102295,239500,0.0,0.0
2006-04-13 00:00:00-04:00,15.298857876191958,15.389968338683838,15.20774886185175,15.36719036102295,163900,0.0,0.0
2006-04-17 00:00:00-04:00,15.367177548465147,15.64809991278722,15.298845120607087,15.519027709960938,601700,0.0,0.0
2006-04-18 00:00:00-04:00,15.60255176024248,15.92902875622824,15.60255176024248,15.853103637695312,479400,0.0,0.0
2006-04-19 00:00:00-04:00,15.906256416577365,16.323842506076844,15.906256416577365,16.31624984741211,602000,0.0,0.0
2006-04-20 00:00:00-04:00,16.31624843696231,16.39217356889479,16.027734673400627,16.323841094970703,212700,0.0,0.0
2006-04-21 00:00:00-04:00,16.323840780249988,16.642725169697204,16.20995380862271,16.544023513793945,263700,0.0,0.0
2006-04-24 00:00:00-04:00,16.544029619474152,16.68828582763672,16.407364623823764,16.68828582763672,202200,0.0,0.0
2006-04-25 00:00:00-04:00,16.688283330549947,16.688283330549947,16.384584190187457,16.47569465637207,363100,0.0,0.0
2006-04-26 00:00:00-04:00,16.468097018421147,16.597169295074703,16.41494986594344,16.559206008911133,179700,0.0,0.0
2006-04-27 00:00:00-04:00,16.536425925802675,16.954011846655117,16.376983054539263,16.786977767944336,547200,0.0,0.0
2006-04-28 00:00:00-04:00,16.703454829554293,16.870488856515642,16.5288281493469,16.66549301147461,374400,0.0,0.0
2006-05-01 00:00:00-04:00,16.74142493548315,16.81735005737981,16.506058360939623,16.711055755615234,392600,0.0,0.0
2006-05-02 00:00:00-04:00,16.71105306823583,16.900865118377332,16.71105306823583,16.76420021057129,450300,0.0,0.0
2006-05-03 00:00:00-04:00,16.809756664427955,17.257713271039915,16.809756664427955,17.090679168701172,747500,0.0,0.0
2006-05-04 00:00:00-04:00,17.09067613080769,17.227341030315717,16.95401123129966,17.03752899169922,651700,0.0,0.0
2006-05-05 00:00:00-04:00,17.083080291748047,17.242521679358713,17.05270967611707,17.083080291748047,501600,0.0,0.0
2006-05-08 00:00:00-04:00,17.105872090729342,17.272906267364803,16.97679976618999,17.257720947265625,441600,0.0,0.0
2006-05-09 00:00:00-04:00,17.19697518035209,17.242529676776957,16.817350997791774,17.022348403930664,426200,0.0,0.0
2006-05-10 00:00:00-04:00,16.096066634678944,16.490874701480937,16.05810334584608,16.149213790893555,6175500,0.0,0.0
2006-05-11 00:00:00-04:00,16.164397815352785,16.45291154668155,16.164397815352785,16.354209899902344,3782400,0.0,0.0
2006-05-12 00:00:00-04:00,16.354209182979027,16.361800391655105,15.587368221236854,15.807549476623535,2374500,0.0,0.0
2006-05-15 00:00:00-04:00,15.944215157763406,15.944215157763406,15.44311136865723,15.739217758178711,1587900,0.0,0.0
2006-05-16 00:00:00-04:00,15.830327532157417,16.11884125238864,15.792364247816977,15.989768981933594,1404400,0.0,0.0
2006-05-17 00:00:00-04:00,15.944217811738142,16.00495763119013,15.46589191457267,15.488668441772461,1446900,0.0,0.0
2006-05-18 00:00:00-04:00,15.488662870726909,15.784770651182301,15.29885082219312,15.389961242675781,1784400,0.0,0.0
2006-05-19 00:00:00-04:00,15.564593054677111,15.731627190514724,15.344410311473847,15.640518188476562,1897900,0.0,0.0
2006-05-22 00:00:00-04:00,15.640517382353327,15.640517382353327,14.706642194761637,15.04071044921875,1806500,0.0,0.0
2006-05-23 00:00:00-04:00,15.109042921301207,15.306447679744812,14.99515595054758,15.04071044921875,1221900,0.0,0.0
2006-05-24 00:00:00-04:00,15.048300118567061,15.116632577079313,14.364976981595664,14.547196388244629,2008800,0.0,0.0
2006-05-25 00:00:00-04:00,14.615531238971009,14.93441561483825,14.615531238971009,14.866083145141602,1493700,0.0,0.0
2006-05-26 00:00:00-04:00,14.911633405811198,15.086261583285774,14.752191987250733,14.888856887817383,1045500,0.0,0.0
2006-05-30 00:00:00-04:00,14.843306824789888,14.843306824789888,14.425720750739611,14.448498725891113,898800,0.0,0.0
2006-05-31 00:00:00-04:00,15.109046068910963,15.109046068910963,14.88127207995243,14.964788436889648,1789200,0.0,0.0
2006-06-01 00:00:00-04:00,15.162192379477618,15.450707627213115,14.99515822689239,15.344411849975586,1401100,0.0,0.0
2006-06-02 00:00:00-04:00,15.374780179458583,15.57218493825696,15.298855049435913,15.534221649169922,963200,0.0,0.0
2006-06-05 00:00:00-04:00,15.53421910244132,15.53421910244132,15.086263949864694,15.177372932434082,552200,0.0,0.0
2006-06-06 00:00:00-04:00,15.253297793213695,15.35959208713886,14.835711825806712,15.093854904174805,1017500,0.0,0.0
2006-06-07 00:00:00-04:00,15.109038364740773,15.15459284967369,14.509233060645954,14.52441692352295,768300,0.0,0.0
2006-06-08 00:00:00-04:00,14.957192076072799,14.957192076072799,14.046093537615628,14.532011985778809,1930200,0.0,0.0
2006-06-09 00:00:00-04:00,14.516829500102187,14.668678305509662,14.319424749736262,14.357386589050293,974200,0.0,0.0
2006-06-12 00:00:00-04:00,14.387762453834892,14.501649461364735,14.11443247724177,14.167579650878906,501200,0.0,0.0
2006-06-13 00:00:00-04:00,14.152390908329508,14.418128160411973,14.129614381222009,14.304241180419922,820300,0.0,0.0
2006-06-14 00:00:00-04:00,14.311828464245254,14.47886254229633,14.289050497540163,14.410530090332031,688800,0.0,0.0
2006-06-15 00:00:00-04:00,14.49405418085728,15.086268540363887,14.425721699062224,14.957196235656738,1118100,0.0,0.0
2006-06-16 00:00:00-04:00,14.949603576773777,15.03311992818315,14.661088331827631,14.957196235656738,904800,0.0,0.0
2006-06-19 00:00:00-04:00,14.987555645646637,15.033110121074555,14.539599200845212,14.615524291992188,383400,0.0,0.0
2006-06-20 00:00:00-04:00,14.645895726866732,14.896447527959827,14.577563285827638,14.577563285827637,931600,0.0,0.0
2006-06-21 00:00:00-04:00,14.554788137065124,15.01033734936009,14.539602825420053,14.858487129211426,597100,0.0,0.0
2006-06-22 00:00:00-04:00,14.866081904498513,15.124226446664418,14.77497146978945,15.086264610290527,960000,0.0,0.0
2006-06-23 00:00:00-04:00,15.093855158286171,15.27607601972728,14.881266566856825,15.177372932434082,859600,0.0,0.0
2006-06-26 00:00:00-04:00,15.253302343555191,15.336820141211945,15.10145206566138,15.169784545898438,441600,0.0,0.0
2006-06-27 00:00:00-04:00,15.260894082736376,15.405151693228254,14.995156836509704,15.184968948364258,536300,0.0,0.0
2006-06-28 00:00:00-04:00,15.260894082736376,15.28367060934197,14.995156836509704,15.184968948364258,328000,0.0,0.0
2006-06-29 00:00:00-04:00,15.34441317120924,15.50385612671859,15.177379004241502,15.481078147888184,820700,0.0,0.0
2006-06-30 00:00:00-04:00,15.503851890563965,15.617738857294894,15.314039796628633,15.503851890563965,1518500,0.0,0.0
2006-07-03 00:00:00-04:00,15.511443015832642,15.686069777446667,15.511443015832642,15.625329971313477,458700,0.0,0.0
2006-07-05 00:00:00-04:00,15.549399829015673,15.67087940204308,15.268478859446319,15.541807174682617,451800,0.0,0.0
2006-07-06 00:00:00-04:00,15.549410636227655,15.617743124567129,15.35959849042951,15.481078147888184,471200,0.0,0.0
2006-07-07 00:00:00-04:00,15.519043428096992,15.587375925164181,15.321638597475328,15.51145076751709,577900,0.0,0.0
2006-07-10 00:00:00-04:00,15.670885503695462,15.716441447431565,15.534220568789767,15.655701637268066,650100,0.0,0.0
2006-07-11 00:00:00-04:00,15.625333133550157,15.716443585264376,15.450706336595363,15.564593315124512,559800,0.0,0.0
2006-07-12 00:00:00-04:00,15.572188548084041,15.617833527535609,15.275503436556896,15.321146965026855,501600,0.04,0.0
2006-07-13 00:00:00-04:00,15.267905436395685,15.3287639958693,14.917969082168021,14.948397636413574,561700,0.0,0.0
2006-07-14 00:00:00-04:00,14.948395295762838,14.986432796341926,14.765819645930064,14.841893196105957,666000,0.0,0.0
2006-07-17 00:00:00-04:00,14.78863784000818,14.910354904454186,14.453915187290738,14.644098281860352,705200,0.0,0.0
2006-07-18 00:00:00-04:00,14.682140547946275,14.803857664019713,14.301774197471165,14.4539213180542,724000,0.0,0.0
2006-07-19 00:00:00-04:00,14.522385524695004,15.001646426725253,14.522385524695004,14.826678276062012,1005700,0.0,0.0
2006-07-20 00:00:00-04:00,14.864715720562847,14.948395320007997,14.73539112034876,14.742997169494629,497000,0.0,0.0
2006-07-21 00:00:00-04:00,14.720177665520902,14.720177665520902,14.301773820439013,14.339811325073242,509500,0.0,0.0
2006-07-24 00:00:00-04:00,14.355022772707102,14.88753464689753,14.240911738040078,14.78103256225586,1633100,0.0,0.0
2006-07-25 00:00:00-04:00,14.895142555236816,15.009252142057319,14.75060297140705,14.895142555236816,606400,0.0,0.0
2006-07-26 00:00:00-04:00,14.864715478687895,14.872321527710001,14.568028782446547,14.788641929626465,360700,0.0,0.0
2006-07-27 00:00:00-04:00,14.796243504012434,14.895138062499289,14.286552815699375,14.30937385559082,964500,0.0,0.0
2006-07-28 00:00:00-04:00,14.324591258259712,14.727779958926453,14.309376261785813,14.606062889099121,789100,0.0,0.0
2006-07-31 00:00:00-04:00,14.606070973376431,14.613677024841309,14.393065257791642,14.613677024841309,427600,0.0,0.0
2006-08-01 00:00:00-04:00,13.883371380792147,13.890978881694036,12.780308416719798,13.122638702392578,3967800,0.0,0.0
2006-08-02 00:00:00-04:00,13.122637840636015,13.70840231277263,13.122637840636015,13.487789154052734,1277400,0.0,0.0
2006-08-03 00:00:00-04:00,13.381285118261301,13.426928663102336,13.160671991395736,13.198709487915039,1126500,0.0,0.0
2006-08-04 00:00:00-04:00,13.312824397423334,13.480185096065739,13.274788336680922,13.464971542358398,701900,0.0,0.0
2006-08-07 00:00:00-04:00,13.464966561565449,13.617112199237983,13.396500516769049,13.609504699707031,629800,0.0,0.0
2006-08-08 00:00:00-04:00,13.617113703522469,14.027910017681599,13.617113703522469,13.974658966064453,1167400,0.0,0.0
2006-08-09 00:00:00-04:00,14.050733658024006,14.07355616334533,13.792084401646079,13.8453369140625,1300600,0.0,0.0
2006-08-10 00:00:00-04:00,13.830120385763717,13.98226605151756,13.685580769962494,13.959444999694824,695400,0.0,0.0
2006-08-11 00:00:00-04:00,13.913798940735836,13.974657486279991,13.579076214751897,13.693185806274414,639400,0.0,0.0
2006-08-14 00:00:00-04:00,13.845335830051575,13.982266498310821,13.632330150010825,13.68558120727539,577300,0.0,0.0
2006-08-15 00:00:00-04:00,13.822515015859032,14.050734275165798,13.73122644154673,14.005090713500977,662100,0.0,0.0
2006-08-16 00:00:00-04:00,14.005084375462635,14.2256974838051,14.005084375462635,14.134408950805664,644500,0.0,0.0
2006-08-17 00:00:00-04:00,14.164843530125406,14.545209880600517,14.142021026743208,14.4539213180542,931900,0.0,0.0
2006-08-18 00:00:00-04:00,14.453921567940691,14.50717262577064,14.157236273755256,14.499565124511719,397500,0.0,0.0
2006-08-21 00:00:00-04:00,14.415884405225754,14.415884405225754,14.11159018217424,14.149627685546875,693500,0.0,0.0
2006-08-22 00:00:00-04:00,14.07355142794483,14.225698510261402,14.07355142794483,14.218091011047363,361900,0.0,0.0
2006-08-23 00:00:00-04:00,14.17244817179033,14.22570067438981,13.913800414075952,13.974658966064453,447900,0.0,0.0
2006-08-24 00:00:00-04:00,13.951841071367205,14.035522152098375,13.875767493519124,13.91380500793457,1334600,0.0,0.0
2006-08-25 00:00:00-04:00,13.883367577247881,13.982262159913988,13.868152579612469,13.875760078430176,174000,0.0,0.0
2006-08-28 00:00:00-04:00,13.837723500212345,14.020299111830898,13.837723500212345,13.989869117736816,290800,0.0,0.0
2006-08-29 00:00:00-04:00,13.989872224759495,14.256128928287975,13.959443674889489,14.225700378417969,417800,0.0,0.0
2006-08-30 00:00:00-04:00,14.08876917163253,14.248522333309648,14.035518117740157,14.142020225524902,644300,0.0,0.0
2006-08-31 00:00:00-04:00,14.187667535080406,14.332207184615777,13.98226931484321,14.065950393676758,589500,0.0,0.0
2006-09-01 00:00:00-04:00,14.08876642637291,14.29416455220565,13.944226843270377,14.218091011047363,391700,0.0,0.0
2006-09-05 00:00:00-04:00,14.18765991754248,14.263733452820588,13.982261807586182,14.050727844238281,517800,0.0,0.0
2006-09-06 00:00:00-04:00,14.005087545063532,14.005087545063532,13.571470179890396,13.586685180664062,750800,0.0,0.0
2006-09-07 00:00:00-04:00,13.609506433573094,13.632328935073563,13.366072221497515,13.5486478805542,543200,0.0,0.0
2006-09-08 00:00:00-04:00,13.639931759507672,13.830114853865599,13.579073227352408,13.723612785339355,187200,0.0,0.0
2006-09-11 00:00:00-04:00,13.731223120738877,13.83772667350981,13.510611416893545,13.822511672973633,261900,0.0,0.0
2006-09-12 00:00:00-04:00,13.822514408741176,13.913802979043869,13.784478350854904,13.8453369140625,353900,0.0,0.0
2006-09-13 00:00:00-04:00,13.86054938142539,13.88337188495984,13.66275870374094,13.68558120727539,585400,0.0,0.0
2006-09-14 00:00:00-04:00,13.617114769112003,13.754046884547156,13.503005156576856,13.571471214294434,807300,0.0,0.0
2006-09-15 00:00:00-04:00,13.700798917632042,13.723621425677424,13.57147427400709,13.624725341796875,894900,0.0,0.0
2006-09-18 00:00:00-04:00,13.632327558161336,13.898584244844537,13.426929418350106,13.731222152709961,572100,0.0,0.0
2006-09-19 00:00:00-04:00,13.731222411524328,13.761652411024981,13.426929671428981,13.579076766967773,614600,0.0,0.0
2006-09-20 00:00:00-04:00,13.579074841504399,13.906190034841492,13.579074841504399,13.883367538452148,1547300,0.0,0.0
2006-09-21 00:00:00-04:00,13.852937232907996,14.316984492220666,13.784472647237896,14.050727844238281,971000,0.0,0.0
2006-09-22 00:00:00-04:00,14.020304387506656,14.035519390278923,13.769262645694338,13.799691200256348,402200,0.0,0.0
2006-09-25 00:00:00-04:00,13.624724198119184,14.073556661790017,13.624724198119184,13.936624526977539,828400,0.0,0.0
2006-09-26 00:00:00-04:00,13.95944703310717,14.065949159746808,13.87576596161451,13.936624526977539,956700,0.0,0.0
2006-09-27 00:00:00-04:00,13.84533157287328,13.982262199028941,13.830116575195303,13.868152618408203,793900,0.0,0.0
2006-09-28 00:00:00-04:00,13.944226477151298,13.989870020255012,13.662754817550582,13.70079231262207,688600,0.0,0.0
2006-09-29 00:00:00-04:00,13.693188580842016,13.761654639824824,13.609507519644701,13.617115020751953,604700,0.0,0.0
2006-10-02 00:00:00-04:00,13.624724706323263,13.624724706323263,13.312824365830982,13.381290435791016,937100,0.0,0.0
2006-10-03 00:00:00-04:00,13.373676483310621,13.693184172030616,13.274781902722482,13.533431053161621,1001100,0.0,0.0
2006-10-04 00:00:00-04:00,13.556256915974801,13.662759033071085,13.350858732161239,13.52582836151123,791400,0.0,0.0
2006-10-05 00:00:00-04:00,13.518220102338535,14.058339609885701,13.518220102338535,13.959444999694824,880700,0.0,0.0
2006-10-06 00:00:00-04:00,13.890981526140882,13.90619653084116,13.677975813285112,13.738834381103516,483600,0.0,0.0
2006-10-09 00:00:00-04:00,13.708401639985704,13.776867689263925,13.65515059076537,13.716009140014648,477100,0.0,0.0
2006-10-10 00:00:00-04:00,13.769261053791197,13.860548157905793,13.594292895086257,13.639936447143555,420500,0.0,0.0
2006-10-11 00:00:00-04:00,13.632309899160932,13.693304519018811,13.571315279303052,13.601813316345215,376500,0.04,0.0
2006-10-12 00:00:00-04:00,13.60944175720215,13.761927623784873,13.563696142650018,13.609441757202148,896000,0.0,0.0
2006-10-13 00:00:00-04:00,13.632316826409381,14.028782784062612,13.578946688692058,13.868672370910645,654700,0.0,0.0
2006-10-16 00:00:00-04:00,13.815297325491215,14.318503379821777,13.815297325491215,14.318503379821777,857500,0.0,0.0
2006-10-17 00:00:00-04:00,14.318502073922035,14.41761779197248,14.135518203056689,14.173639297485352,631400,0.0,0.0
2006-10-18 00:00:00-04:00,14.242259268333399,14.463364246629162,14.227010247974624,14.288004875183105,921500,0.0,0.0
2006-10-19 00:00:00-04:00,14.280381738886089,14.867455991140416,14.24226063854823,14.71496868133545,1546800,0.0,0.0
2006-10-20 00:00:00-04:00,14.684468034641405,14.79883275828316,14.623473418417378,14.669219017028809,981500,0.0,0.0
2006-10-23 00:00:00-04:00,14.722593511836266,14.92845094827355,14.69209692174933,14.82933521270752,578700,0.0,0.0
2006-10-24 00:00:00-04:00,14.867453102164237,15.058061475268907,14.791209462077074,14.928447723388672,872900,0.0,0.0
2006-10-25 00:00:00-04:00,15.058058265293917,15.263915613378039,14.981814641459852,15.027560234069824,1051600,0.0,0.0
2006-10-26 00:00:00-04:00,15.10381414007874,15.347792739059331,14.905581164850217,15.324920654296875,848700,0.0,0.0
2006-10-27 00:00:00-04:00,15.309661199042543,15.317285706845107,15.012312665873377,15.088556289672852,664200,0.0,0.0
2006-10-30 00:00:00-05:00,15.111431823139009,15.119056332689485,14.821707731353372,14.943696975708008,1039500,0.0,0.0
2006-10-31 00:00:00-05:00,15.439281880947393,16.27795921223928,15.42403285847029,15.71375846862793,2964800,0.0,0.0
2006-11-01 00:00:00-05:00,15.942483535743927,16.087346300358963,15.668007024731525,15.889113426208496,1140900,0.0,0.0
2006-11-02 00:00:00-05:00,15.86623744761339,16.163587440012947,15.86623744761339,16.064470291137695,1147500,0.0,0.0
2006-11-03 00:00:00-05:00,16.163595606888713,16.277960375183877,15.89674351138204,15.972987174987793,879000,0.0,0.0
2006-11-06 00:00:00-05:00,16.049230191851148,16.163596420127348,15.95773895430259,16.087352752685547,790000,0.0,0.0
2006-11-07 00:00:00-05:00,16.08735256231936,16.163596228858946,15.965363277546816,15.980610847473145,968900,0.0,0.0
2006-11-08 00:00:00-05:00,15.172433143158235,15.462158817069225,14.989449195848364,15.439285278320312,7795900,0.0,0.0
2006-11-09 00:00:00-05:00,15.507904440339907,15.607020199797576,15.302046954281122,15.439285278320312,4559400,0.0,0.0
2006-11-10 00:00:00-05:00,15.51551981266791,15.553640900564183,15.218169801017089,15.256292343139648,2031300,0.0,0.0
2006-11-13 00:00:00-05:00,15.2486747395571,15.363039509258389,15.187680098767949,15.302044868469238,2020000,0.0,0.0
2006-11-14 00:00:00-05:00,15.302043707209906,15.401160899862196,14.936075890247995,15.16480541229248,2713400,0.0,0.0
2006-11-15 00:00:00-05:00,15.210543891893872,15.629881596950929,15.172421356926675,15.584136009216309,1962500,0.0,0.0
2006-11-16 00:00:00-05:00,15.584138770562634,15.645133383091741,15.507895141344683,15.607010841369629,1292900,0.0,0.0
2006-11-17 00:00:00-05:00,15.55364510653862,15.919612884521486,15.439280357697308,15.919612884521484,2322400,0.0,0.0
2006-11-20 00:00:00-05:00,15.972982884887932,16.19408785030957,15.797622069425865,16.033977508544922,2010700,0.0,0.0
2006-11-21 00:00:00-05:00,16.133087324911244,16.293199062330995,16.041596150007962,16.2627010345459,2091500,0.0,0.0
2006-11-22 00:00:00-05:00,16.331326009678758,16.44569074650509,16.094972026340805,16.39232063293457,903600,0.0,0.0
2006-11-24 00:00:00-05:00,16.392320029525365,16.438065631726676,16.216960675898285,16.415193557739258,294800,0.0,0.0
2006-11-27 00:00:00-05:00,16.697293749213628,16.697293749213628,16.30082797093759,16.39232063293457,1895300,0.0,0.0
2006-11-28 00:00:00-05:00,16.46856156719439,16.689666494799553,16.407566953969553,16.6439208984375,2533200,0.0,0.0
2006-11-29 00:00:00-05:00,16.750667105155113,16.96414905498671,16.598181244612668,16.689672470092773,1640100,0.0,0.0
2006-11-30 00:00:00-05:00,16.811657774715886,17.02513967419178,16.70491755209117,16.773536682128906,1557400,0.0,0.0
2006-12-01 00:00:00-05:00,16.849781770871484,16.933648472621968,16.59055424714834,16.743040084838867,1563100,0.0,0.0
2006-12-04 00:00:00-05:00,16.62105022051673,16.857405659701318,16.62105022051673,16.735416412353516,1980000,0.0,0.0
2006-12-05 00:00:00-05:00,16.74304052900974,17.314865707528813,16.704919432132453,17.26149559020996,2312900,0.0,0.0
2006-12-06 00:00:00-05:00,17.33010794701792,17.627457912374375,17.299611372294166,17.43684959411621,3358700,0.0,0.0
2006-12-07 00:00:00-05:00,17.650333038870688,18.023925232897472,17.612211950302648,17.68845558166504,2489400,0.0,0.0
2006-12-08 00:00:00-05:00,17.757081815766746,17.764704873152162,17.429235087571882,17.528350830078125,1248000,0.0,0.0
2006-12-11 00:00:00-05:00,17.551228186164362,17.657968463522383,17.42161436898939,17.49785804748535,958000,0.0,0.0
2006-12-12 00:00:00-05:00,17.429234064721488,17.49785321097841,17.200503092456152,17.27674674987793,1041100,0.0,0.0
2006-12-13 00:00:00-05:00,17.871448439064185,18.18404617652598,17.589347296994568,18.145923614501953,3326300,0.0,0.0
2006-12-14 00:00:00-05:00,18.298403544649567,19.57929202545127,18.15354077607102,19.076086044311523,3511100,0.0,0.0
2006-12-15 00:00:00-05:00,19.06846743212658,19.442059778860195,19.06846743212658,19.365816116333008,1911900,0.0,0.0
2006-12-18 00:00:00-05:00,19.556420690689652,19.556420690689652,18.984595515790968,19.091337203979492,1361500,0.0,0.0
2006-12-19 00:00:00-05:00,19.14471520455944,19.640296936035156,19.060847012352376,19.640296936035156,2692500,0.0,0.0
2006-12-20 00:00:00-05:00,19.632670288850687,19.823278738257006,19.403940731253932,19.625045776367188,1429000,0.0,0.0
2006-12-21 00:00:00-05:00,19.46492451411785,19.564040212635796,19.007464199991837,19.11420440673828,1128900,0.0,0.0
2006-12-22 00:00:00-05:00,19.076087602593844,19.419181824546737,19.03796505289247,19.175203323364258,1141400,0.0,0.0
2006-12-26 00:00:00-05:00,19.17520606185653,19.350565452846933,19.07609032693098,19.1370849609375,844700,0.0,0.0
2006-12-27 00:00:00-05:00,19.022715603557202,19.39630782827707,19.022715603557202,19.388683319091797,605900,0.0,0.0
2006-12-28 00:00:00-05:00,19.79277262080513,20.07487365080224,19.403932822226842,19.66316032409668,1105800,0.0,0.0
2006-12-29 00:00:00-05:00,19.708907023336632,19.88426638606203,19.602165340360113,19.731779098510742,795100,0.0,0.0
2007-01-03 00:00:00-05:00,19.792771151343704,19.823269186582483,19.068460265139006,19.297189712524414,1518300,0.0,0.0
2007-01-04 00:00:00-05:00,19.297190284077573,19.419179520193108,19.106581920868752,19.21332359313965,1002900,0.0,0.0
2007-01-05 00:00:00-05:00,18.98459719122607,19.190454621371384,18.809237804462317,19.106586456298828,1562200,0.0,0.0
2007-01-08 00:00:00-05:00,19.060835469186337,19.060835469186337,18.801607990467293,19.007465362548828,1151700,0.0,0.0
2007-01-09 00:00:00-05:00,18.95409799286382,19.137081865283534,18.847356309949074,18.99984359741211,894300,0.0,0.0
2007-01-10 00:00:00-05:00,19.022750383346338,19.030387150064957,18.724923764141828,18.93874740600586,1311400,0.04,0.0
2007-01-11 00:00:00-05:00,18.786012076970874,19.053293023770674,18.709645884090364,18.9081974029541,1180600,0.0,0.0
2007-01-12 00:00:00-05:00,18.763110636847074,19.58022593618542,18.763110636847074,19.396947860717773,1041500,0.0,0.0
2007-01-16 00:00:00-05:00,19.49622636721385,19.664230922577392,19.366404201889583,19.610774993896484,586300,0.0,0.0
2007-01-17 00:00:00-05:00,19.542043879088357,19.74059549499634,19.091484723098066,19.702411651611328,682900,0.0,0.0
2007-01-18 00:00:00-05:00,19.694771593147134,19.740590737602247,19.198391944720107,19.29766845703125,678200,0.0,0.0
2007-01-19 00:00:00-05:00,19.320580095047674,19.33585363092963,19.10675641895853,19.26712417602539,487500,0.0,0.0
2007-01-22 00:00:00-05:00,19.35112321426277,19.511490938573843,18.984567167353816,19.473308563232422,1124700,0.0,0.0
2007-01-23 00:00:00-05:00,19.465678467494175,19.732959556170748,19.381675465079176,19.656593322753906,627600,0.0,0.0
2007-01-24 00:00:00-05:00,19.65657992054458,20.046046134517137,19.595487266778125,19.862768173217773,973700,0.0,0.0
2007-01-25 00:00:00-05:00,19.878055254006274,20.04605980227152,19.6107741653297,19.656593322753906,868500,0.0,0.0
2007-01-26 00:00:00-05:00,19.603132458305147,19.786410498399004,19.221302843968516,19.67949867248535,1017500,0.0,0.0
2007-01-29 00:00:00-05:00,19.702406869550906,19.88568636018498,19.60313181397476,19.870412826538086,658400,0.0,0.0
2007-01-30 00:00:00-05:00,19.183131045332015,20.06897612264256,19.183131045332015,19.94679069519043,847100,0.0,0.0
2007-01-31 00:00:00-05:00,19.94677788291301,20.046052932739258,19.77877193565655,20.046052932739258,527300,0.0,0.0
2007-02-01 00:00:00-05:00,20.236976114779747,20.4278909837871,20.160609875863834,20.221702575683594,627200,0.0,0.0
2007-02-02 00:00:00-05:00,20.22169537198712,20.427883706638916,20.046054104645666,20.374427795410156,751400,0.0,0.0
2007-02-05 00:00:00-05:00,20.4049786879053,20.695170076211106,20.229337375099774,20.290430068969727,2351100,0.0,0.0
2007-02-06 00:00:00-05:00,21.504649744608194,21.92466185458254,20.86317569756625,21.267915725708008,5729900,0.0,0.0
2007-02-07 00:00:00-05:00,21.57337856385754,21.76429341840495,20.977723693306302,21.107545852661133,3234800,0.0,0.0
2007-02-08 00:00:00-05:00,21.229731433200676,21.4817389851979,21.0159077263938,21.466466903686523,1718300,0.0,0.0
2007-02-09 00:00:00-05:00,21.687925022376,21.817747168783907,21.382461576876402,21.665016174316406,2861800,0.0,0.0
2007-02-12 00:00:00-05:00,21.718469571065565,21.89411084974405,21.55810037046367,21.787199020385742,1285000,0.0,0.0
2007-02-13 00:00:00-05:00,21.855935569705768,22.29122125242847,21.855935569705768,22.13848876953125,2018900,0.0,0.0
2007-02-14 00:00:00-05:00,22.207218714031573,22.306493810433174,21.802478645331334,21.939937591552734,1513900,0.0,0.0
2007-02-15 00:00:00-05:00,21.939930276925974,22.4974011893535,21.939930276925974,22.230121612548828,1347600,0.0,0.0
2007-02-16 00:00:00-05:00,22.230125111011613,22.527951804358363,22.19957803653262,22.375219345092773,1024800,0.0,0.0
2007-02-20 00:00:00-05:00,22.375215844889702,22.757045476758567,22.222484866080826,22.665407180786133,1219700,0.0,0.0
2007-02-21 00:00:00-05:00,22.657779846303054,22.98615369946999,22.604323908636818,22.818147659301758,1389800,0.0,0.0
2007-02-22 00:00:00-05:00,22.810502514030134,22.886867274031825,22.161391858064736,22.291213989257812,1321300,0.0,0.0
2007-02-23 00:00:00-05:00,22.237749642426795,22.810493864650493,22.184292291505592,22.627214431762695,1106200,0.0,0.0
2007-02-26 00:00:00-05:00,22.650131952313355,22.86395705453474,22.489764218070576,22.741771697998047,1526000,0.0,0.0
2007-02-27 00:00:00-05:00,22.146122994871096,22.36758492397088,21.596288741430705,22.260671615600586,1891900,0.0,0.0
2007-02-28 00:00:00-05:00,22.26067362674885,22.275947165976607,21.57338038371343,21.825387954711914,1333300,0.0,0.0
2007-03-01 00:00:00-05:00,21.57337081756513,21.764285603561284,21.000626459576676,21.611553192138672,1501700,0.0,0.0
2007-03-02 00:00:00-05:00,21.619198354923437,21.87884268124512,21.458830571553168,21.634471893310547,1570900,0.0,0.0
2007-03-05 00:00:00-05:00,21.947571248850622,22.909782279372017,21.878841785487328,22.398130416870117,4264700,0.0,0.0
2007-03-06 00:00:00-05:00,22.940320416637693,23.238147004126372,22.520307031227233,22.993776321411133,2489200,0.0,0.0
2007-03-07 00:00:00-05:00,23.169426790862904,23.169426790862904,22.74941469481755,22.841053009033203,1877600,0.0,0.0
2007-03-08 00:00:00-05:00,22.986152321027692,23.13124804068136,22.87923899554158,23.047245025634766,1857600,0.0,0.0
2007-03-09 00:00:00-05:00,23.184706148439158,23.28398125651968,22.932698536241563,23.05488395690918,692800,0.0,0.0
2007-03-12 00:00:00-04:00,23.0777806212781,23.520702901350138,22.947958498331246,23.38324546813965,2560600,0.0,0.0
2007-03-13 00:00:00-04:00,23.35269881131878,23.757438720929766,23.222876686089926,23.268695831298828,1789900,0.0,0.0
2007-03-14 00:00:00-04:00,23.36798442769347,23.406166825682426,22.902151598089628,23.215251922607422,1183300,0.0,0.0
2007-03-15 00:00:00-04:00,23.07777863581331,23.367969924052705,22.87922708506115,23.100688934326172,884800,0.0,0.0
2007-03-16 00:00:00-04:00,23.062507929115664,23.184693281975896,22.94032257625543,23.001415252685547,738900,0.0,0.0
2007-03-19 00:00:00-04:00,23.024325763568648,23.261059719810657,22.978506617068607,23.077781677246094,1032300,0.0,0.0
2007-03-20 00:00:00-04:00,23.253425916120833,23.299245065590153,23.10069347580377,23.276334762573242,1072500,0.0,0.0
2007-03-21 00:00:00-04:00,23.283977736299125,23.673444252007027,23.245795344325067,23.574169158935547,1267800,0.0,0.0
2007-03-22 00:00:00-04:00,24.43709818044921,24.43709818044921,23.329791586521782,23.879627227783203,1254500,0.0,0.0
2007-03-23 00:00:00-04:00,23.734534005171383,23.8261737737179,23.29161161308675,23.54361915588379,737700,0.0,0.0
2007-03-26 00:00:00-04:00,23.719255848792013,23.787985297677007,23.375610060931454,23.52070426940918,681600,0.0,0.0
2007-03-27 00:00:00-04:00,23.52070802402129,23.604711020860005,23.253428409652024,23.505435943603516,1110800,0.0,0.0
2007-03-28 00:00:00-04:00,23.115966052091107,23.635254579746988,23.115966052091107,23.52834129333496,967800,0.0,0.0
2007-03-29 00:00:00-04:00,23.574168155196144,23.688716782805955,23.100698649426807,23.261066436767578,1097100,0.0,0.0
2007-03-30 00:00:00-04:00,23.215236232904253,23.711614354115806,23.215236232904253,23.551246643066406,1060800,0.0,0.0
2007-04-02 00:00:00-04:00,23.513067222781775,23.719254097650005,23.360334801743377,23.66579818725586,777800,0.0,0.0
2007-04-03 00:00:00-04:00,23.826167900161828,24.24617988242855,23.665798708880335,24.185087203979492,1383800,0.0,0.0
2007-04-04 00:00:00-04:00,24.169813878613432,24.169813878613432,23.375609051928215,23.75743865966797,1554400,0.0,0.0
2007-04-05 00:00:00-04:00,23.826174978476548,24.16218408148626,23.77271759445862,24.101091384887695,644000,0.0,0.0
2007-04-09 00:00:00-04:00,24.200370247728053,24.49056022025565,24.078184842814863,24.4676513671875,1785000,0.0,0.0
2007-04-10 00:00:00-04:00,24.55929015119981,24.597472544736338,24.17746038957473,24.35310173034668,1154500,0.0,0.0
2007-04-11 00:00:00-04:00,24.467789143245756,24.467789143245756,23.970787467952352,24.09312629699707,1136900,0.04,0.0
2007-04-12 00:00:00-04:00,24.307218976284986,24.536603906701497,24.12370928187919,24.42955780029297,861100,0.0,0.0
2007-04-13 00:00:00-04:00,24.42955853320133,24.658943470499594,24.284280628435702,24.5977725982666,619500,0.0,0.0
2007-04-16 00:00:00-04:00,24.620715071229114,24.620715071229114,24.353098317725625,24.368391036987305,700000,0.0,0.0
2007-04-17 00:00:00-04:00,24.4601447634666,24.85010035949988,24.43720568426676,24.773639678955078,1303600,0.0,0.0
2007-04-18 00:00:00-04:00,24.96479312118829,25.744701359730826,24.85009918898552,25.530609130859375,1856500,0.0,0.0
2007-04-19 00:00:00-04:00,25.48472407492298,25.500013870991857,25.0641817633605,25.132997512817383,957400,0.0,0.0
2007-04-20 00:00:00-04:00,25.13300593066882,25.377683584735543,24.811867603501636,25.05654525756836,958800,0.0,0.0
2007-04-23 00:00:00-04:00,24.980083167994618,25.25534627454903,24.78892855697493,25.0412540435791,770900,0.0,0.0
2007-04-24 00:00:00-04:00,25.0794883698168,25.278290830286124,24.73540943191863,24.743057250976562,981700,0.0,0.0
2007-04-25 00:00:00-04:00,24.84245100689422,25.155944407817003,24.82715829016781,24.87303352355957,963000,0.0,0.0
2007-04-26 00:00:00-04:00,24.92655819165778,25.171235841587137,24.78892664897406,24.934206008911133,833500,0.0,0.0
2007-04-27 00:00:00-04:00,24.934204417437513,25.064188134571424,24.811865600281347,24.980079650878906,1364100,0.0,0.0
2007-04-30 00:00:00-04:00,24.987729141642607,25.53060749684284,24.97243642387515,25.362390518188477,1540400,0.0,0.0
2007-05-01 00:00:00-04:00,25.920567516167964,26.463445934372217,25.37004127979857,25.974090576171875,3229500,0.0,0.0
2007-05-02 00:00:00-04:00,26.27993287145427,26.60871900779136,26.256995253454637,26.52461051940918,1045500,0.0,0.0
2007-05-03 00:00:00-04:00,26.685177086075548,26.761637741479245,26.494022530779265,26.51696014404297,1402600,0.0,0.0
2007-05-04 00:00:00-04:00,26.616362873429264,26.815162339082836,26.547547112859334,26.608715057373047,813900,0.0,0.0
2007-05-07 00:00:00-04:00,26.983386885513532,27.19747912674991,26.738709205018235,26.799877166748047,903600,0.0,0.0
2007-05-08 00:00:00-04:00,26.838105054259433,27.082782712389683,26.708121324472383,26.868690490722656,1279500,0.0,0.0
2007-05-09 00:00:00-04:00,26.853400877977982,26.983387539585223,26.63930863155205,26.807525634765625,856600,0.0,0.0
2007-05-10 00:00:00-04:00,26.81515993657715,27.09042295419466,26.616360488735026,26.784574508666992,1138400,0.0,0.0
2007-05-11 00:00:00-04:00,26.746346003523673,27.556842397613657,26.692822959429606,27.541549682617188,1071800,0.0,0.0
2007-05-14 00:00:00-04:00,27.64095974682534,28.19148307952782,27.61801920857118,27.801528930664062,1709000,0.0,0.0
2007-05-15 00:00:00-04:00,27.136312691121887,27.40392800771761,26.79223377207868,26.891632080078125,2558200,0.0,0.0
2007-05-16 00:00:00-04:00,26.960446061778963,27.151600679938106,26.67753804360407,27.07513999938965,1719100,0.0,0.0
2007-05-17 00:00:00-04:00,26.799873042849903,27.633307175286486,26.799873042849903,27.480382919311523,1101400,0.0,0.0
2007-05-18 00:00:00-04:00,27.526256561279297,27.549194175041826,27.25099352898057,27.526256561279297,725600,0.0,0.0
2007-05-21 00:00:00-04:00,27.526256967620718,27.595072726711255,27.258641747150374,27.541549682617188,1413100,0.0,0.0
2007-05-22 00:00:00-04:00,27.449797401657424,27.618011439737558,27.38862653923755,27.51096534729004,807200,0.0,0.0
2007-05-23 00:00:00-04:00,27.510967905748902,27.908569798092394,27.426859420493304,27.51861572265625,1501700,0.0,0.0
2007-05-24 00:00:00-04:00,27.900921237271657,27.900921237271657,27.243349075317383,27.243349075317383,1995200,0.0,0.0
2007-05-25 00:00:00-04:00,27.526263240186626,27.977388226627863,27.526263240186626,27.954450607299805,1043000,0.0,0.0
2007-05-29 00:00:00-04:00,28.076785839142108,28.099723455529745,27.61036819401059,27.679183959960938,865200,0.0,0.0
2007-05-30 00:00:00-04:00,27.526258128327793,27.885629653930664,27.365688989274826,27.885629653930664,1335000,0.0,0.0
2007-05-31 00:00:00-04:00,28.00796682878498,28.22205900170259,27.709766183139138,27.8244571685791,3683200,0.0,0.0
2007-06-01 00:00:00-04:00,28.107375493946762,28.604378698346114,27.985036647496056,28.443809509277344,1663900,0.0,0.0
2007-06-04 00:00:00-04:00,28.589091666821602,28.673200187390815,28.137966533868436,28.260305404663086,1293600,0.0,0.0
2007-06-05 00:00:00-04:00,28.36734389557861,29.047856779789438,28.36734389557861,28.956100463867188,2357700,0.0,0.0
2007-06-06 00:00:00-04:00,29.047851796829722,29.116667563572552,28.627309379630496,28.7725887298584,2232900,0.0,0.0
2007-06-07 00:00:00-04:00,28.795532264023993,28.910226204427598,28.3596999573512,28.420867919921875,2204700,0.0,0.0
2007-06-08 00:00:00-04:00,28.290889490348793,28.374998006871145,28.07679720595635,28.298534393310547,2527200,0.0,0.0
2007-06-11 00:00:00-04:00,28.382628060720375,28.719061950795606,28.29087468923944,28.581430435180664,2321700,0.0,0.0
2007-06-12 00:00:00-04:00,28.596732993798792,28.650256055319268,28.344407489383887,28.5202693939209,1786400,0.0,0.0
2007-06-13 00:00:00-04:00,28.40558700782309,28.673202396811067,28.15326142667244,28.5432186126709,1965300,0.0,0.0
2007-06-14 00:00:00-04:00,28.673197501984532,28.86435215199776,28.56615136466328,28.6273193359375,1885000,0.0,0.0
2007-06-15 00:00:00-04:00,28.9866708443716,29.055486587170563,28.589069098953836,28.650239944458008,2736500,0.0,0.0
2007-06-18 00:00:00-04:00,28.29088442786341,28.596732993798792,28.29088442786341,28.5202693939209,2299800,0.0,0.0
2007-06-19 00:00:00-04:00,28.520268980678164,28.612022382414086,28.237360957199375,28.290884017944336,2113900,0.0,0.0
2007-06-20 00:00:00-04:00,28.413209196981974,28.527903081593514,27.992669814717416,28.000314712524414,2423600,0.0,0.0
2007-06-21 00:00:00-04:00,28.06150887626949,28.581449862723783,28.0309234260571,28.413232803344727,1525500,0.0,0.0
2007-06-22 00:00:00-04:00,28.26793854328735,29.040201717191053,28.16853735089612,28.971385955810547,3811000,0.0,0.0
2007-06-25 00:00:00-04:00,28.902580902090854,29.315475623340742,28.68848863927461,29.12432098388672,2160100,0.0,0.0
2007-06-26 00:00:00-04:00,29.43780342670873,29.758941700396772,29.353694950232175,29.621313095092773,2595000,0.0,0.0
2007-06-27 00:00:00-04:00,29.613670891886642,29.68248666597543,28.90257553189843,29.54485511779785,2197800,0.0,0.0
2007-06-28 00:00:00-04:00,29.812474531467277,29.835412151504805,29.43781020905625,29.590734481811523,1476100,0.0,0.0
2007-06-29 00:00:00-04:00,29.79718061093081,30.148904382333022,29.552502951104245,29.651901245117188,1357100,0.0,0.0
2007-07-02 00:00:00-04:00,30.003633247122142,30.538863899792798,29.827768413486588,30.118324279785156,3772400,0.0,0.0
2007-07-03 00:00:00-04:00,30.301833457203998,30.584741499372484,30.125971543597192,30.294185638427734,1243400,0.0,0.0
2007-07-05 00:00:00-04:00,30.584744117129226,30.92882307180463,30.294188231315722,30.913530349731445,1608100,0.0,0.0
2007-07-06 00:00:00-04:00,30.91352074730642,31.3875833171668,30.814119543101192,31.318767547607422,1388200,0.0,0.0
2007-07-09 00:00:00-04:00,31.83869773230261,31.83869773230261,30.554139070182046,30.989971160888672,2833400,0.0,0.0
2007-07-10 00:00:00-04:00,30.84470266985403,31.540505213653436,30.84470266985403,31.196426391601562,1806000,0.0,0.0
2007-07-11 00:00:00-04:00,31.104588208383856,31.25766255548089,30.51525386983299,31.119895935058594,1591900,0.04,0.0
2007-07-12 00:00:00-04:00,31.119896603917596,31.86995770919874,31.058668615553007,31.73219108581543,1178400,0.0,0.0
2007-07-13 00:00:00-04:00,31.67095274804491,32.15313285266972,31.609721860038906,32.13017272949219,1444800,0.0,0.0
2007-07-16 00:00:00-04:00,32.22202948330641,32.520525806453215,32.08426284790039,32.08426284790039,2022300,0.0,0.0
2007-07-17 00:00:00-04:00,32.22202432455368,32.33683080889503,31.53319417745608,31.60207748413086,1916800,0.0,0.0
2007-07-18 00:00:00-04:00,31.426029081472493,31.93117213322193,31.41072136237113,31.586755752563477,2231200,0.0,0.0
2007-07-19 00:00:00-04:00,31.57147011015312,31.655661164257676,28.793179922957385,29.313631057739258,6671800,0.0,0.0
2007-07-20 00:00:00-04:00,28.10433866104949,28.701325292852896,27.55327228113878,28.555906295776367,6387500,0.0,0.0
2007-07-23 00:00:00-04:00,28.39517498596817,29.275350077733737,28.1502572581055,29.099315643310547,3107600,0.0,0.0
2007-07-24 00:00:00-04:00,29.007470618598802,29.964181352462226,28.869704039350513,29.48965072631836,3512200,0.0,0.0
2007-07-25 00:00:00-04:00,31.18877659162966,31.46430980903102,29.95653243583476,30.607097625732422,3914700,0.0,0.0
2007-07-26 00:00:00-04:00,30.423403274338753,30.584129987147644,28.54059713090691,29.841724395751953,2354100,0.0,0.0
2007-07-27 00:00:00-04:00,28.31865045794737,29.084019389243245,27.316016106875498,27.813507080078125,5622000,0.0,0.0
2007-07-30 00:00:00-04:00,27.96658377923225,28.257421895196163,27.400209438261175,27.989543914794922,2762800,0.0,0.0
2007-07-31 00:00:00-04:00,28.70132827758789,29.298314971473687,28.36456707687156,28.70132827758789,2825700,0.0,0.0
2007-08-01 00:00:00-04:00,28.808486462747243,29.489664352872065,28.379881724502848,29.374860763549805,3014600,0.0,0.0
2007-08-02 00:00:00-04:00,29.191160710499975,29.267699329562117,28.318640890740056,28.410484313964844,2179500,0.0,0.0
2007-08-03 00:00:00-04:00,28.318649943413266,28.62479867822937,27.859429760839824,28.33395767211914,2821100,0.0,0.0
2007-08-06 00:00:00-04:00,28.341593154951497,28.433439472348788,26.971585829738398,27.606840133666992,2492600,0.0,0.0
2007-08-07 00:00:00-04:00,27.461437609559482,27.55328106226483,26.719028824426896,26.948638916015625,2238100,0.0,0.0
2007-08-08 00:00:00-04:00,28.509991253892036,28.869715567759545,26.458802387825205,27.935964584350586,4138100,0.0,0.0
2007-08-09 00:00:00-04:00,26.956290775648835,27.93596193099564,24.10146396747996,25.088788986206055,4875300,0.0,0.0
2007-08-10 00:00:00-04:00,24.6831422390429,26.022537554339802,23.74173902493509,25.655160903930664,3982000,0.0,0.0
2007-08-13 00:00:00-04:00,26.09906601310055,27.553267405119335,26.02253032705715,27.20119857788086,2940700,0.0,0.0
2007-08-14 00:00:00-04:00,27.392545286597066,27.553272005915634,25.762309208745126,26.106725692749023,2770800,0.0,0.0
2007-08-15 00:00:00-04:00,25.83119897785031,26.41287802574235,25.25717233389808,25.318403244018555,3127800,0.0,0.0
2007-08-16 00:00:00-04:00,25.257171354156295,25.570972457224947,23.496823631584565,24.774988174438477,3180900,0.0,0.0
2007-08-17 00:00:00-04:00,25.257168608104397,25.831195167379498,24.30045767597923,24.966327667236328,2909300,0.0,0.0
2007-08-20 00:00:00-04:00,25.280130612828962,25.984271429362206,24.68314388115425,25.815889358520508,2089300,0.0,0.0
2007-08-21 00:00:00-04:00,25.79292312568004,26.04549325252984,25.303087675117148,25.532697677612305,2384000,0.0,0.0
2007-08-22 00:00:00-04:00,26.037846865115974,26.382263408235946,25.693430321996,26.022539138793945,1431600,0.0,0.0
2007-08-23 00:00:00-04:00,26.405213980488817,26.887396966329955,25.823535189042538,26.014877319335938,1217600,0.0,0.0
2007-08-24 00:00:00-04:00,26.137341695025313,27.231819145401005,25.991919776664318,26.93332290649414,1970100,0.0,0.0
2007-08-27 00:00:00-04:00,27.048132263823774,27.23947445501674,26.474105690244873,26.780254364013672,1069900,0.0,0.0
2007-08-28 00:00:00-04:00,26.581258092340306,26.611873545077906,25.64750722139538,25.869464874267578,1228700,0.0,0.0
2007-08-29 00:00:00-04:00,26.03783836655654,26.581249335196997,25.63984637103627,26.474098205566406,1591700,0.0,0.0
2007-08-30 00:00:00-04:00,26.076117884187596,26.78791118642758,26.045502427829817,26.749643325805664,1898000,0.0,0.0
2007-08-31 00:00:00-04:00,26.826167000763434,27.867068692306262,26.818514599935604,27.492036819458008,1766900,0.0,0.0
2007-09-04 00:00:00-04:00,27.57622960960267,28.020144797197528,27.170585187569056,27.851762771606445,1451100,0.0,0.0
2007-09-05 00:00:00-04:00,27.821161334927176,27.828816659753667,26.963948892371068,27.323673248291016,1954000,0.0,0.0
2007-09-06 00:00:00-04:00,27.4690755215197,27.591534367068256,27.07873886372403,27.553266525268555,1357900,0.0,0.0
2007-09-07 00:00:00-04:00,27.094054646146066,27.323664684913396,26.719022677761057,26.971595764160156,1313600,0.0,0.0
2007-09-10 00:00:00-04:00,27.15527363427869,27.285387795601856,26.696053708824287,26.78789710998535,833400,0.0,0.0
2007-09-11 00:00:00-04:00,26.787897528097528,27.599189190022166,26.634823244007144,27.476730346679688,1527200,0.0,0.0
2007-09-12 00:00:00-04:00,27.377231224994215,27.514997786702416,26.627170455499055,26.88739585876465,1860200,0.0,0.0
2007-09-13 00:00:00-04:00,26.986897938083644,27.308354296731085,26.71136767022125,26.810863494873047,1025200,0.0,0.0
2007-09-14 00:00:00-04:00,26.71137236094045,27.622160184358204,26.634833728940887,27.262435913085938,1105600,0.0,0.0
2007-09-17 00:00:00-04:00,27.178251273097352,27.553283359019318,27.117023272740255,27.323673248291016,769300,0.0,0.0
2007-09-18 00:00:00-04:00,27.446111482395235,28.203824568671873,26.90270061532431,28.1732120513916,1985200,0.0,0.0
2007-09-19 00:00:00-04:00,28.173224691001497,28.716635801867888,27.89769147432274,28.11199378967285,1504600,0.0,0.0
2007-09-20 00:00:00-04:00,28.318645636496857,28.532947966484965,27.874730330492614,28.012496948242188,1128700,0.0,0.0
2007-09-21 00:00:00-04:00,28.134959037551095,29.084017743294336,27.851773366500137,28.88502311706543,1883600,0.0,0.0
2007-09-24 00:00:00-04:00,28.747245828839123,29.665685818287727,28.38752165052706,28.59417152404785,2120700,0.0,0.0
2007-09-25 00:00:00-04:00,28.318645758497656,28.578871268740134,27.94361375975251,28.004844665527344,1799300,0.0,0.0
2007-09-26 00:00:00-04:00,28.930929003472077,29.703952831154858,28.76254991716079,29.397804260253906,2286900,0.0,0.0
2007-09-27 00:00:00-04:00,29.596816410257713,29.918272893071723,29.359553900204233,29.627431869506836,1445700,0.0,0.0
2007-09-28 00:00:00-04:00,29.749888695241175,30.063689831355195,29.328936378939545,29.83407974243164,1450300,0.0,0.0
2007-10-01 00:00:00-04:00,29.84938000152128,30.706592148165544,29.665690224558244,30.47698211669922,2098800,0.0,0.0
2007-10-02 00:00:00-04:00,30.553520057906553,30.561175380650962,29.88765004200117,30.2091064453125,1312300,0.0,0.0
2007-10-03 00:00:00-04:00,30.300938418162584,30.392781818800913,29.93356189596021,30.056020736694336,842700,0.0,0.0
2007-10-04 00:00:00-04:00,29.98715228378524,30.522911071777344,29.93357669695108,30.522911071777344,1307800,0.0,0.0
2007-10-05 00:00:00-04:00,30.522904634205435,30.806090236266662,30.15552800783279,30.561172485351562,1268100,0.0,0.0
2007-10-08 00:00:00-04:00,30.553516448880238,31.227041707972237,30.49228847240814,30.59943962097168,1016600,0.0,0.0
2007-10-09 00:00:00-04:00,30.392786137904174,31.40307244744424,30.232059434034046,31.196422576904297,1394300,0.0,0.0
2007-10-10 00:00:00-04:00,31.196436625037798,31.502585368066754,30.882635477275976,31.257667541503906,1473400,0.0,0.0
2007-10-11 00:00:00-04:00,31.272991696328702,31.46452153421534,30.859286545090356,31.10444450378418,1647200,0.04,0.0
2007-10-12 00:00:00-04:00,31.280644295387003,31.70966912152191,31.11209715796975,31.349592208862305,1402600,0.0,0.0
2007-10-15 00:00:00-04:00,31.479831687994817,31.855231306093827,31.234673827301997,31.472171783447266,1881800,0.0,0.0
2007-10-16 00:00:00-04:00,31.4032300540284,31.4032300540284,30.22340568092707,30.96653938293457,1869400,0.0,0.0
2007-10-17 00:00:00-04:00,31.34959869577495,31.34959869577495,30.16977725726084,30.736703872680664,1237800,0.0,0.0
2007-10-18 00:00:00-04:00,30.943537207878496,31.295951146998725,30.322982863451838,31.165712356567383,954300,0.0,0.0
2007-10-19 00:00:00-04:00,30.966526817285963,31.035477640267793,29.66412692931438,29.840333938598633,1810500,0.0,0.0
2007-10-22 00:00:00-04:00,29.694770127228512,30.03186434597927,29.150826357441368,29.97057342529297,1753100,0.0,0.0
2007-10-23 00:00:00-04:00,31.372584260868706,31.763303797305987,30.261710750096725,30.736703872680664,3704100,0.0,0.0
2007-10-24 00:00:00-04:00,31.181045475708622,31.732649196549428,30.706052489772535,31.587087631225586,2706000,0.0,0.0
2007-10-25 00:00:00-04:00,31.27297106235392,31.80925483909797,31.00483063523763,31.717321395874023,1560600,0.0,0.0
2007-10-26 00:00:00-04:00,31.962487013153524,32.11570848184536,31.464508472368514,32.06208038330078,1419500,0.0,0.0
2007-10-29 00:00:00-04:00,31.947168792461444,32.253614695624954,31.6330600612741,32.13869857788086,1225900,0.0,0.0
2007-10-30 00:00:00-04:00,32.17700512062291,32.368534913007565,31.288307000858595,31.357257843017578,1793500,0.0,0.0
2007-10-31 00:00:00-04:00,31.579439456483552,32.21531697541473,31.34960132137482,32.146366119384766,1457100,0.0,0.0
2007-11-01 00:00:00-04:00,32.02376618547949,32.54472721840929,31.257647363231122,31.74030303955078,1585500,0.0,0.0
2007-11-02 00:00:00-04:00,32.22296484444486,32.560056138242366,31.54111650805164,32.000789642333984,1644600,0.0,0.0
2007-11-05 00:00:00-05:00,32.02377984506708,32.2995832063209,31.418545015928167,31.67136573791504,1473500,0.0,0.0
2007-11-06 00:00:00-05:00,31.648383329112555,32.46046776259283,31.648383329112555,32.30724334716797,1277000,0.0,0.0
2007-11-07 00:00:00-05:00,31.7173266205212,32.253607563092835,31.7173266205212,31.939498901367188,1504200,0.0,0.0
2007-11-08 00:00:00-05:00,31.64071845311842,32.4221602909476,30.88226217574853,31.633058547973633,1762500,0.0,0.0
2007-11-09 00:00:00-05:00,31.533456473542454,31.533456473542454,30.07016936770858,30.108474731445312,1654800,0.0,0.0
2007-11-12 00:00:00-05:00,29.878645604522298,30.391944010819625,28.898014068603516,28.898014068603516,1535600,0.0,0.0
2007-11-13 00:00:00-05:00,28.73712715358675,29.97057941504593,28.71414451499218,29.855663299560547,1345800,0.0,0.0
2007-11-14 00:00:00-05:00,30.476210988279917,30.476210988279917,29.76372012881683,29.91694450378418,1198700,0.0,0.0
2007-11-15 00:00:00-05:00,29.60284719638894,29.96292417719547,28.57624728989867,28.890356063842773,1454300,0.0,0.0
2007-11-16 00:00:00-05:00,28.645201315623225,29.150839957132128,28.55326781421615,29.097211837768555,1330700,0.0,0.0
2007-11-19 00:00:00-05:00,29.051237292108816,29.104868322293164,27.65690064762014,27.90972137451172,1587000,0.0,0.0
2007-11-20 00:00:00-05:00,28.423020352384487,28.744791927050237,27.802465688228608,28.070606231689453,1453400,0.0,0.0
2007-11-21 00:00:00-05:00,28.430682326325392,28.430682326325392,26.936749388696736,27.327468872070312,1479900,0.0,0.0
2007-11-23 00:00:00-05:00,27.465374536331502,28.400040976710326,27.35045839985886,28.28512191772461,638800,0.0,0.0
2007-11-26 00:00:00-05:00,27.98633442982906,28.55326394376991,27.687548398872057,27.779481887817383,1654600,0.0,0.0
2007-11-27 00:00:00-05:00,28.070605229532866,28.446004899488536,27.626257641588282,28.085927963256836,1378100,0.0,0.0
2007-11-28 00:00:00-05:00,27.940367303213026,29.533893670686517,27.940367303213026,29.48792839050293,1599700,0.0,0.0
2007-11-29 00:00:00-05:00,29.633487422325967,30.231059393198745,29.45728037764585,29.733083724975586,1186400,0.0,0.0
2007-11-30 00:00:00-05:00,30.22339397015578,30.660081549531565,29.832671658601484,30.399600982666016,3813400,0.0,0.0
2007-12-03 00:00:00-05:00,30.37662451902184,30.851617558902703,30.177431909627824,30.598796844482422,1233600,0.0,0.0
2007-12-04 00:00:00-05:00,30.598810177133895,30.64477839683412,29.556890166553135,29.664146423339844,1446300,0.0,0.0
2007-12-05 00:00:00-05:00,30.200411823412725,30.26170275077715,29.44961549827213,29.817352294921875,1202600,0.0,0.0
2007-12-06 00:00:00-05:00,29.970574455574233,30.30766868591309,29.694771148028646,30.307668685913086,1795400,0.0,0.0
2007-12-07 00:00:00-05:00,30.621793270002435,31.31896180520763,30.13913723101005,30.476228713989258,1852100,0.0,0.0
2007-12-10 00:00:00-05:00,30.261695938947827,30.88225328752157,29.916941856406858,30.223390579223633,1436500,0.0,0.0
2007-12-11 00:00:00-05:00,31.579442500883335,32.56007439450163,31.1044463702126,31.43387794494629,3709100,0.0,0.0
2007-12-12 00:00:00-05:00,31.84758918195387,33.494747369094554,31.84758918195387,32.83588409423828,5038800,0.0,0.0
2007-12-13 00:00:00-05:00,32.52176786890254,33.83949119912384,32.52176786890254,33.732234954833984,2269900,0.0,0.0
2007-12-14 00:00:00-05:00,33.203603602155106,34.29915420475893,33.203603602155106,33.96206283569336,2175400,0.0,0.0
2007-12-17 00:00:00-05:00,33.54069485493156,33.824161039596305,32.69030214596247,32.94312286376953,2015200,0.0,0.0
2007-12-18 00:00:00-05:00,33.57901345269724,33.57901345269724,31.83992212884363,32.10040283203125,1861300,0.0,0.0
2007-12-19 00:00:00-05:00,32.16167636452161,32.21530446254688,31.755634215898244,31.786279678344727,1195600,0.0,0.0
2007-12-20 00:00:00-05:00,32.33789004399631,32.33789004399631,31.127423253403705,31.84757423400879,1461100,0.0,0.0
2007-12-21 00:00:00-05:00,31.87055795803813,32.820547064076806,31.87055795803813,32.49111557006836,1015500,0.0,0.0
2007-12-24 00:00:00-05:00,32.76691960166505,33.20360732608355,32.57538979542842,32.93546676635742,349000,0.0,0.0
2007-12-26 00:00:00-05:00,32.797577328225586,32.797577328225586,31.962506944075052,32.3762092590332,532600,0.0,0.0
2007-12-27 00:00:00-05:00,32.65201275068131,32.83588271928471,32.177019472017356,32.3762092590332,769100,0.0,0.0
2007-12-28 00:00:00-05:00,32.16166579360709,32.72859497247982,31.73263822790581,32.20763397216797,1019700,0.0,0.0
2007-12-31 00:00:00-05:00,31.893528701198502,32.59069674123858,31.893528701198502,32.422149658203125,675500,0.0,0.0
2008-01-02 00:00:00-05:00,32.73627503461434,33.49473437414661,32.606036165585714,32.95845031738281,1554600,0.0,0.0
2008-01-03 00:00:00-05:00,32.96610255655108,33.47940385175076,31.495155348988185,31.862892150878906,1645800,0.0,0.0
2008-01-04 00:00:00-05:00,31.62539415805245,31.62539415805245,30.384282087521708,30.775001525878906,1508000,0.0,0.0
2008-01-07 00:00:00-05:00,30.706059338596244,30.85928084258092,29.457284208033716,30.077838897705078,2060400,0.0,0.0
2008-01-08 00:00:00-05:00,30.22339875898601,30.621781037462693,29.64880944007948,29.656469345092773,1396400,0.0,0.0
2008-01-09 00:00:00-05:00,29.510910508603097,29.510910508603097,28.28511809433115,29.342363357543945,2617200,0.0,0.0
2008-01-10 00:00:00-05:00,28.90567280173712,29.978240692539423,28.90567280173712,29.71776008605957,2611200,0.0,0.0
2008-01-11 00:00:00-05:00,29.786778343998456,29.786778343998456,28.87415668632111,29.127235412597656,1501300,0.04,0.0
2008-01-14 00:00:00-05:00,29.1272305246219,29.67940645369497,28.536709695036176,29.42632484436035,1221900,0.0,0.0
2008-01-15 00:00:00-05:00,29.12724478957021,29.51837057272534,28.498378751487273,28.766796112060547,1528700,0.0,0.0
2008-01-16 00:00:00-05:00,28.67476783061171,28.67476783061171,26.86485954800638,27.27899169921875,2256100,0.0,0.0
2008-01-17 00:00:00-05:00,27.70846224368931,27.90018976530944,26.220654803578036,26.3817081451416,2035600,0.0,0.0
2008-01-18 00:00:00-05:00,26.166968220851853,27.662443296813557,26.166968220851853,26.926210403442383,2526500,0.0,0.0
2008-01-22 00:00:00-05:00,25.223663209292493,26.926203925448842,25.223663209292493,25.913883209228516,2165200,0.0,0.0
2008-01-23 00:00:00-05:00,25.42307460972137,26.59644629383672,24.357068424063158,26.42005729675293,2302300,0.0,0.0
2008-01-24 00:00:00-05:00,26.37403087573879,27.12560222333616,26.251325409305117,26.941545486450195,1358000,0.0,0.0
2008-01-25 00:00:00-05:00,27.340352871376272,28.329664917103518,27.340352871376272,27.731475830078125,2001900,0.0,0.0
2008-01-28 00:00:00-05:00,27.861830272400933,28.613401412963867,27.340331452332244,28.613401412963867,2381200,0.0,0.0
2008-01-29 00:00:00-05:00,29.32663043631232,29.32663043631232,27.999873980364242,28.19927215576172,1209000,0.0,0.0
2008-01-30 00:00:00-05:00,28.168602625630744,28.87416131376031,27.555075239558953,28.05356788635254,1061700,0.0,0.0
2008-01-31 00:00:00-05:00,27.800491433017736,28.79747398895791,27.355682165835102,28.55206298828125,1950400,0.0,0.0
2008-02-01 00:00:00-05:00,28.375672666169514,29.33431025624281,28.183945148154855,29.07356071472168,1743900,0.0,0.0
2008-02-04 00:00:00-05:00,29.1272399475462,29.986178284123184,29.073556484355723,29.549039840698242,2199000,0.0,0.0
2008-02-05 00:00:00-05:00,30.308272938725775,31.750064053035818,29.564369563031555,30.638044357299805,3686600,0.0,0.0
2008-02-06 00:00:00-05:00,30.89880564146169,31.075194596331297,29.917158819082257,29.94783592224121,1912300,0.0,0.0
2008-02-07 00:00:00-05:00,30.423321643679223,30.9371529214991,29.779119981296375,30.108888626098633,1741800,0.0,0.0
2008-02-08 00:00:00-05:00,30.262265360979423,30.262265360979423,28.8741602496835,29.694753646850586,1789800,0.0,0.0
2008-02-11 00:00:00-05:00,30.22391240017961,31.082850480277134,29.871134625830614,30.638044357299805,2205700,0.0,0.0
2008-02-12 00:00:00-05:00,30.72242386042319,30.98317344710139,30.154909021583485,30.400320053100586,1636900,0.0,0.0
2008-02-13 00:00:00-05:00,30.46166157456721,31.01383470251981,30.46166157456721,30.92180633544922,1761100,0.0,0.0
2008-02-14 00:00:00-05:00,30.82211144448862,31.351281209920238,30.484672102083824,30.569032669067383,1170700,0.0,0.0
2008-02-15 00:00:00-05:00,30.27761486434416,31.059863632827142,30.10122586638186,31.02151870727539,1257300,0.0,0.0
2008-02-19 00:00:00-05:00,31.16723387265737,31.443322046516556,30.906484255738203,31.374300003051758,1040600,0.0,0.0
2008-02-20 00:00:00-05:00,31.205565616924726,31.427970210286315,30.569031863287346,31.274587631225586,1410100,0.0,0.0
2008-02-21 00:00:00-05:00,31.320602781066974,31.681051397258432,30.990831265302305,31.21323585510254,1223100,0.0,0.0
2008-02-22 00:00:00-05:00,31.412631659827305,31.427970210286315,30.599708964205366,31.274587631225586,1037400,0.0,0.0
2008-02-25 00:00:00-05:00,31.473991768799767,31.711732031710827,30.9294862901926,31.635042190551758,1076500,0.0,0.0
2008-02-26 00:00:00-05:00,31.658047324223045,31.658047324223045,30.676403353093583,31.08286476135254,1737100,0.0,0.0
2008-02-27 00:00:00-05:00,30.699402949240916,31.412629403953535,30.691735137326752,31.13654136657715,914400,0.0,0.0
2008-02-28 00:00:00-05:00,30.97549203853123,31.34360845902443,30.73008109153576,31.059852600097656,777100,0.0,0.0
2008-02-29 00:00:00-05:00,30.998492599415,31.08285314519389,29.48001155198106,29.832792282104492,1055900,0.0,0.0
2008-03-03 00:00:00-05:00,29.947827815138428,30.63804782171921,29.18091799695036,30.622709274291992,1058100,0.0,0.0
2008-03-04 00:00:00-05:00,30.162571310542354,30.91414274966856,30.00918872743856,30.569032669067383,1528100,0.0,0.0
2008-03-05 00:00:00-05:00,30.44631917895494,31.144206969248724,30.246920995711758,30.776090621948242,1080600,0.0,0.0
2008-03-06 00:00:00-05:00,30.523014322596755,30.523014322596755,29.34197234012146,29.464677810668945,1610000,0.0,0.0
2008-03-07 00:00:00-05:00,29.150241421379302,30.08587235240532,29.04287451300494,29.111896514892578,1502200,0.0,0.0
2008-03-10 00:00:00-04:00,28.85881195071656,29.06587791446992,27.9922031969773,28.030548095703125,1567100,0.0,0.0
2008-03-11 00:00:00-04:00,28.506051802245317,29.503037440179682,28.506051802245317,29.33431625366211,1653700,0.0,0.0
2008-03-12 00:00:00-04:00,29.526029157184077,30.18557209475385,29.395655887237396,29.48768424987793,1123700,0.0,0.0
2008-03-13 00:00:00-04:00,28.88182476764254,29.60271897179637,28.16859837473838,29.48768424987793,1292700,0.0,0.0
2008-03-14 00:00:00-04:00,29.687090956818277,29.963179076600845,28.268308361361232,29.004541397094727,1639100,0.0,0.0
2008-03-17 00:00:00-04:00,28.03823874996571,28.97386723079287,27.854179009580672,28.298988342285156,1217300,0.0,0.0
2008-03-18 00:00:00-04:00,28.966183597091437,29.52602740196128,28.720772694286264,29.41098976135254,1440600,0.0,0.0
2008-03-19 00:00:00-04:00,29.242267120894653,29.72541811627407,28.575053588274592,28.613401412963867,1826000,0.0,0.0
2008-03-20 00:00:00-04:00,28.107246920880513,29.380317143453095,28.06889908830097,29.027536392211914,1070000,0.0,0.0
2008-03-24 00:00:00-04:00,29.272951263057514,30.829780444312693,29.272951263057514,30.369632720947266,1450700,0.0,0.0
2008-03-25 00:00:00-04:00,30.668721222570166,30.668721222570166,30.216244367318243,30.423307418823242,1228300,0.0,0.0
2008-03-26 00:00:00-04:00,30.423315307396447,30.599707164536188,30.239258563772047,30.538352966308594,966600,0.0,0.0
2008-03-27 00:00:00-04:00,31.136556913948393,31.136556913948393,30.36964661630897,30.500022888183594,1473600,0.0,0.0
2008-03-28 00:00:00-04:00,30.829788257046726,30.829788257046726,29.82513491902402,29.978517532348633,995100,0.0,0.0
2008-03-31 00:00:00-04:00,29.8097918835555,30.29294601895548,29.7331020511877,29.94783592224121,1006900,0.0,0.0
2008-04-01 00:00:00-04:00,31.136543928433,31.63503658421419,30.292944123065713,31.41263198852539,1785100,0.0,0.0
2008-04-02 00:00:00-04:00,31.71171832064807,31.71171832064807,30.684059095579723,31.0291690826416,1053500,0.0,0.0
2008-04-03 00:00:00-04:00,31.036846238044724,31.18255807359539,30.67639762972608,31.059852600097656,1169200,0.0,0.0
2008-04-04 00:00:00-04:00,31.228565836221037,32.17186447403443,31.12886674995599,32.02614974975586,1235900,0.0,0.0
2008-04-07 00:00:00-04:00,32.38661833515033,33.06150014989125,31.8651191499683,32.271583557128906,2107100,0.0,0.0
2008-04-08 00:00:00-04:00,31.84976748635005,33.06915435491963,31.84976748635005,32.41728210449219,1334600,0.0,0.0
2008-04-09 00:00:00-04:00,32.43261444960433,32.4786271628619,31.642695407516083,32.01081466674805,1018800,0.0,0.0
2008-04-10 00:00:00-04:00,31.94948223498885,32.50932638985335,31.44332156582844,32.233238220214844,1188200,0.0,0.0
2008-04-11 00:00:00-04:00,31.78031699435159,31.8340515936035,30.958941916282647,31.089439392089844,988400,0.04,0.0
2008-04-14 00:00:00-04:00,31.0894326972936,32.248568282240086,31.0894326972936,31.918485641479492,1099100,0.0,0.0
2008-04-15 00:00:00-04:00,31.987587451255727,32.31767319568294,31.150861876215767,31.519329071044922,1124500,0.0,0.0
2008-04-16 00:00:00-04:00,31.89546132818131,32.96248112584193,31.64214149274515,32.86268997192383,1802600,0.0,0.0
2008-04-17 00:00:00-04:00,32.739867997439134,33.45377388582599,32.48654523070751,32.6784553527832,1105200,0.0,0.0
2008-04-18 00:00:00-04:00,32.862680574682074,33.63799594858483,32.655417353148025,33.43073272705078,1493400,0.0,0.0
2008-04-21 00:00:00-04:00,33.614980963373874,34.34424008403484,33.177426076640565,33.99112319946289,1895200,0.0,0.0
2008-04-22 00:00:00-04:00,34.54382213477261,35.14258078138086,33.622652958848796,34.789466857910156,3200100,0.0,0.0
2008-04-23 00:00:00-04:00,35.05046860072313,35.05046860072313,33.745479035201,34.190711975097656,1309900,0.0,0.0
2008-04-24 00:00:00-04:00,34.43635643437651,34.43635643437651,32.80128120055467,33.79153823852539,1948800,0.0,0.0
2008-04-25 00:00:00-04:00,33.99880176394012,34.88158666805472,33.975770555438764,34.781795501708984,1019000,0.0,0.0
2008-04-28 00:00:00-04:00,35.07350480895044,35.07350480895044,34.1907197035503,34.866241455078125,1484200,0.0,0.0
2008-04-29 00:00:00-04:00,34.751088645446,34.812498367773934,33.891332034640456,33.99112319946289,1209600,0.0,0.0
2008-04-30 00:00:00-04:00,34.19838476167112,34.78179319982167,34.13697504246992,34.35191345214844,1234900,0.0,0.0
2008-05-01 00:00:00-04:00,34.428672680665095,34.5591730786366,33.169742823281126,34.41332244873047,1104600,0.0,0.0
2008-05-02 00:00:00-04:00,34.543820423509345,34.751083697448315,33.914355485612894,34.559173583984375,847500,0.0,0.0
2008-05-05 00:00:00-04:00,34.620596599712805,34.735743883360165,34.04486603811015,34.528480529785156,984300,0.0,0.0
2008-05-06 00:00:00-04:00,34.198383271459456,35.21934652957582,34.175354993801996,35.05813980102539,1163500,0.0,0.0
2008-05-07 00:00:00-04:00,35.21166656954678,35.23469777426758,34.23676284808928,34.49008560180664,1347100,0.0,0.0
2008-05-08 00:00:00-04:00,34.804820677840425,35.31146329493952,34.34423754531985,34.99673080444336,1577900,0.0,0.0
2008-05-09 00:00:00-04:00,34.88159010011943,35.933259899559594,34.39797859875355,35.580142974853516,1330700,0.0,0.0
2008-05-12 00:00:00-04:00,35.802744024193665,37.23055548664495,35.65689341771789,36.946529388427734,1983900,0.0,0.0
2008-05-13 00:00:00-04:00,36.946530795393926,37.176822314294284,36.32474105887897,36.78532409667969,1440300,0.0,0.0
2008-05-14 00:00:00-04:00,37.13845637571083,38.335973944891535,36.0714363146314,36.186580657958984,3824800,0.0,0.0
2008-05-15 00:00:00-04:00,36.29404328269773,36.43989685736483,35.60316856342302,36.20960235595703,2178900,0.0,0.0
2008-05-16 00:00:00-04:00,37.41479500713449,37.61438022599716,36.10980571975306,37.1537971496582,1542400,0.0,0.0
2008-05-19 00:00:00-04:00,37.015622418369695,37.66044049577398,36.31706974520804,36.51665496826172,1370400,0.0,0.0
2008-05-20 00:00:00-04:00,36.80835361417499,37.55296272693838,36.26332969444215,37.40711212158203,1497200,0.0,0.0
2008-05-21 00:00:00-04:00,37.2766372658365,37.50692891377052,36.50131843953409,36.67020034790039,1272600,0.0,0.0
2008-05-22 00:00:00-04:00,36.77767258073936,37.7679299685753,36.693231619685804,37.39178466796875,1140400,0.0,0.0
2008-05-23 00:00:00-04:00,37.46852623420865,37.46852623420865,36.01000840969604,36.44756317138672,1168200,0.0,0.0
2008-05-27 00:00:00-04:00,36.39383078073863,36.908151364875444,36.22494895784062,36.81603240966797,872800,0.0,0.0
2008-05-28 00:00:00-04:00,36.74695033340187,37.18450518911774,36.30172036105772,37.10774230957031,940000,0.0,0.0
2008-05-29 00:00:00-04:00,37.14613681073967,37.14613681073967,36.462936986264616,36.67020034790039,1055000,0.0,0.0
2008-05-30 00:00:00-04:00,36.65483889249079,37.49924238675035,36.462928741221205,37.384098052978516,1751900,0.0,0.0
2008-06-02 00:00:00-04:00,37.330370220422246,37.330370220422246,36.59343288027094,37.10007858276367,882100,0.0,0.0
2008-06-03 00:00:00-04:00,37.3380307252335,37.3380307252335,36.17121689903046,36.45524597167969,1512100,0.0,0.0
2008-06-04 00:00:00-04:00,36.45525054356325,37.04633118261525,36.16354631835065,36.67786407470703,1023200,0.0,0.0
2008-06-05 00:00:00-04:00,36.961902095929354,37.89074667078165,36.43990616844012,37.75257110595703,1198900,0.0,0.0
2008-06-06 00:00:00-04:00,37.63740929165237,37.63740929165237,36.447567212528554,36.51665496826172,842500,0.0,0.0
2008-06-09 00:00:00-04:00,36.616448585280345,37.18450085569009,36.44756675597787,36.96188735961914,803200,0.0,0.0
2008-06-10 00:00:00-04:00,36.247976689626114,36.80835376938821,35.50336464540745,36.62411880493164,1594500,0.0,0.0
2008-06-11 00:00:00-04:00,36.739285540872885,36.84675477376565,36.0791140493122,36.102142333984375,720700,0.0,0.0
2008-06-12 00:00:00-04:00,36.25565634185848,36.96188704429465,36.24030318220598,36.57038879394531,847000,0.0,0.0
2008-06-13 00:00:00-04:00,36.68554034444999,37.345711645619666,36.21727916904749,37.03097915649414,1547400,0.0,0.0
2008-06-16 00:00:00-04:00,36.55505152841549,38.31294954069727,36.55505152841549,38.10568618774414,1797000,0.0,0.0
2008-06-17 00:00:00-04:00,38.27456288862912,39.141997634243936,37.69883240697902,38.2822380065918,1724700,0.0,0.0
2008-06-18 00:00:00-04:00,38.28223403544644,38.28223403544644,37.09239174912593,37.62206268310547,1114600,0.0,0.0
2008-06-19 00:00:00-04:00,37.52229045314167,38.32831286491823,37.50693728274467,37.95216751098633,1056400,0.0,0.0
2008-06-20 00:00:00-04:00,37.82932165840073,38.71978449197295,37.48388578741804,38.067291259765625,1843400,0.0,0.0
2008-06-23 00:00:00-04:00,37.99054261612677,38.535566854584324,37.376427663609796,38.38203811645508,1152400,0.0,0.0
2008-06-24 00:00:00-04:00,38.282227181483286,38.328286661185,36.69321173572204,37.03865051269531,1678800,0.0,0.0
2008-06-25 00:00:00-04:00,36.984916755924345,38.61231367418429,36.984916755924345,38.167083740234375,1088000,0.0,0.0
2008-06-26 00:00:00-04:00,37.92144899766454,37.97518360849726,36.386167709148836,36.43222427368164,1126500,0.0,0.0
2008-06-27 00:00:00-04:00,36.485953967985175,36.63948266181189,34.82785051695245,35.48802185058594,3550000,0.0,0.0
2008-06-30 00:00:00-04:00,35.38822539128127,35.94860552548149,35.004405146567514,35.05046463012695,1138900,0.0,0.0
2008-07-01 00:00:00-04:00,36.094453412955424,36.094453412955424,33.730119480149924,34.81249237060547,2065800,0.0,0.0
2008-07-02 00:00:00-04:00,35.05046040155063,35.11954815439683,32.59401054607175,32.939449310302734,2246100,0.0,0.0
2008-07-03 00:00:00-04:00,33.0699613956277,33.25419351616049,31.83405945114629,33.008548736572266,1887200,0.0,0.0
2008-07-07 00:00:00-04:00,33.08529075580862,33.929696715114225,32.394416347265754,33.04690933227539,1761100,0.0,0.0
2008-07-08 00:00:00-04:00,33.00854210199394,33.33862775727917,32.10272606120881,33.023895263671875,1659100,0.0,0.0
2008-07-09 00:00:00-04:00,33.20045949114753,33.929718724593315,32.86269864531603,32.88572692871094,971700,0.0,0.0
2008-07-10 00:00:00-04:00,33.668710749126745,34.275147410009005,32.9778331698538,33.96809005737305,1722800,0.0,0.0
2008-07-11 00:00:00-04:00,33.61465473900174,35.05912529474227,33.03072145487467,34.62885665893555,2174900,0.04,0.0
2008-07-14 00:00:00-04:00,35.48938352186613,36.111735767907135,34.851667159002595,34.89008331298828,1588000,0.0,0.0
2008-07-15 00:00:00-04:00,34.42141502446581,34.828634657559554,33.54551339975629,34.221649169921875,1729300,0.0,0.0
2008-07-16 00:00:00-04:00,34.13711526307708,34.35993305762482,33.13828061323175,34.08333206176758,1924300,0.0,0.0
2008-07-17 00:00:00-04:00,34.33689041767485,34.698008808978884,33.57624040186415,33.72990798950195,1573800,0.0,0.0
2008-07-18 00:00:00-04:00,34.15248542451135,34.65190132948486,33.36878350845169,34.10638427734375,1750800,0.0,0.0
2008-07-21 00:00:00-04:00,34.382996479802195,35.99649905283673,33.95272775920891,34.20627975463867,1981200,0.0,0.0
2008-07-22 00:00:00-04:00,32.18554951723689,32.24701771805803,29.012325458491453,30.47984504699707,10779600,0.0,0.0
2008-07-23 00:00:00-04:00,30.710359022963907,31.593942748442554,30.057272341384525,30.372289657592773,3765000,0.0,0.0
2008-07-24 00:00:00-04:00,30.656584834700826,32.65425578066028,29.911298529562178,30.064966201782227,2827800,0.0,0.0
2008-07-25 00:00:00-04:00,30.879390606972994,31.010009114965943,28.428402376174926,30.733407974243164,2140100,0.0,0.0
2008-07-28 00:00:00-04:00,30.564357782795955,30.848643772594325,29.565523116678285,29.65772247314453,2139000,0.0,0.0
2008-07-29 00:00:00-04:00,29.772987078838796,30.103371427997384,29.511753010456797,29.603952407836914,2513200,0.0,0.0
2008-07-30 00:00:00-04:00,29.91897093755842,30.141788843812186,29.588586574759002,30.04190444946289,1979200,0.0,0.0
2008-07-31 00:00:00-04:00,29.82677030489103,30.556689283984795,29.511753010456797,29.603952407836914,1733800,0.0,0.0
2008-08-01 00:00:00-04:00,29.819085773948927,30.06495276724844,29.434918230547726,29.65005111694336,1805400,0.0,0.0
2008-08-04 00:00:00-04:00,29.749938168701892,29.749938168701892,26.446094654187114,26.976247787475586,3357500,0.0,0.0
2008-08-05 00:00:00-04:00,27.375786938931828,27.644703115447598,26.25401519883312,27.283584594726562,3446000,0.0,0.0
2008-08-06 00:00:00-04:00,27.47565897258466,28.804881133870715,27.12991055902388,28.474496841430664,2005200,0.0,0.0
2008-08-07 00:00:00-04:00,28.37462135465009,28.566705169435984,27.70617049986576,27.783002853393555,1631900,0.0,0.0
2008-08-08 00:00:00-04:00,27.967392866919734,29.473328639347596,27.806040302686963,29.050745010375977,3007200,0.0,0.0
2008-08-11 00:00:00-04:00,29.76529570929735,30.041893814944974,28.91244349006321,29.204408645629883,2219300,0.0,0.0
2008-08-12 00:00:00-04:00,29.411860791123967,30.172513677189166,29.112210631177597,29.911279678344727,1582300,0.0,0.0
2008-08-13 00:00:00-04:00,29.81907615705699,30.572043947569284,29.66540860306238,30.4644775390625,1431300,0.0,0.0
2008-08-14 00:00:00-04:00,30.587417049343372,30.587417049343372,29.726879749058355,29.76529884338379,1397400,0.0,0.0
2008-08-15 00:00:00-04:00,29.857504126768102,30.210937589126136,29.258203653120482,29.611637115478516,1041900,0.0,0.0
2008-08-18 00:00:00-04:00,29.872869701315995,30.63351981388046,28.47450004477539,28.61280059814453,2106900,0.0,0.0
2008-08-19 00:00:00-04:00,28.551322195402275,28.612790388729614,27.621637753562148,28.54364013671875,2620200,0.0,0.0
2008-08-20 00:00:00-04:00,28.85097590703692,29.542478513348595,28.551325754623573,28.973909378051758,1397200,0.0,0.0
2008-08-21 00:00:00-04:00,28.850977376286654,29.219777808112504,28.320827305092987,28.566694259643555,1540000,0.0,0.0
2008-08-22 00:00:00-04:00,28.758772099257225,29.358072311616446,28.52827224303942,29.265872955322266,1049600,0.0,0.0
2008-08-25 00:00:00-04:00,28.92013977601034,29.304307420072046,28.528290068692677,28.728055953979492,566400,0.0,0.0
2008-08-26 00:00:00-04:00,28.60511293087443,28.643529096336692,27.79836173230472,28.428396224975586,1467000,0.0,0.0
2008-08-27 00:00:00-04:00,28.33619783575227,29.07379878997991,28.17484524560538,28.397663116455078,1088900,0.0,0.0
2008-08-28 00:00:00-04:00,28.789515994147028,28.943180663285542,28.28241496547914,28.77414894104004,1035900,0.0,0.0
2008-08-29 00:00:00-04:00,29.46564442553156,29.811395742339034,29.020011674619358,29.626996994018555,1195000,0.0,0.0
2008-09-02 00:00:00-04:00,29.696148902172265,30.02653318642461,29.365764617919922,29.365764617919922,1828000,0.0,0.0
2008-09-03 00:00:00-04:00,29.419553710422417,29.53480222478741,27.98276486408426,28.29010009765625,1790400,0.0,0.0
2008-09-04 00:00:00-04:00,28.2901047875543,28.2901047875543,25.985098946541402,26.48451805114746,3123500,0.0,0.0
2008-09-05 00:00:00-04:00,26.146450236571884,27.099187331555925,25.485681386481343,26.968568801879883,2077600,0.0,0.0
2008-09-08 00:00:00-04:00,28.167152301213193,28.167152301213193,26.891716711560612,27.867502212524414,2527500,0.0,0.0
2008-09-09 00:00:00-04:00,28.259363253460005,28.259363253460005,26.499878150971252,26.584392547607422,4037500,0.0,0.0
2008-09-10 00:00:00-04:00,26.64586783428924,28.03655575090372,26.45378401364469,27.283584594726562,2342700,0.0,0.0
2008-09-11 00:00:00-04:00,27.22210547614136,28.12874088378152,26.3154700685012,27.990440368652344,1516600,0.0,0.0
2008-09-12 00:00:00-04:00,27.590919916203003,28.681957542992503,27.590919916203003,28.466821670532227,2073300,0.0,0.0
2008-09-15 00:00:00-04:00,27.913614995957715,27.94434617176985,26.008141409249742,26.131074905395508,1923500,0.0,0.0
2008-09-16 00:00:00-04:00,25.439580097828905,25.577880674595473,24.217926957035132,25.524097442626953,5485100,0.0,0.0
2008-09-17 00:00:00-04:00,25.12455526093469,25.278222848196535,23.62630141432123,23.78765106201172,2080800,0.0,0.0
2008-09-18 00:00:00-04:00,23.910589456521215,24.87100688611013,22.42770244805301,24.694290161132812,3223600,0.0,0.0
2008-09-19 00:00:00-04:00,25.93130991485447,32.27007456070778,24.694289921072805,25.923627853393555,2830100,0.0,0.0
2008-09-22 00:00:00-04:00,26.154123039183098,26.538290523550774,24.801851852868303,24.932470321655273,1767300,0.0,0.0
2008-09-23 00:00:00-04:00,24.740391357773667,25.562509698625313,23.818388631024696,24.39463996887207,1839900,0.0,0.0
2008-09-24 00:00:00-04:00,24.586724165478625,25.016992893522232,24.0719395696446,24.709657669067383,1713400,0.0,0.0
2008-09-25 00:00:00-04:00,24.817221053764342,24.817221053764342,22.88870140480426,23.534101486206055,3169900,0.0,0.0
2008-09-26 00:00:00-04:00,22.6812498876469,23.39580168270733,21.513380318633782,23.24213409423828,1856100,0.0,0.0
2008-09-29 00:00:00-04:00,22.696617305447784,22.881017535293438,19.630959271000883,19.907560348510742,3434300,0.0,0.0
2008-09-30 00:00:00-04:00,19.853775955457177,21.620945819260346,18.96250749791508,21.444229125976562,3874600,0.0,0.0
2008-10-01 00:00:00-04:00,21.32897829187538,21.32897829187538,19.715474611039784,20.360876083374023,3935900,0.0,0.0
2008-10-02 00:00:00-04:00,20.138057517532005,20.506859392308385,17.47193587697357,17.617919921875,2924200,0.0,0.0
2008-10-03 00:00:00-04:00,17.67170150185787,18.186485908574767,16.542249803008453,16.765066146850586,5108900,0.0,0.0
2008-10-06 00:00:00-04:00,16.14271960042523,16.75738705514852,14.421649261717212,15.48963451385498,3765000,0.0,0.0
2008-10-07 00:00:00-04:00,15.551095309279406,15.889163012769593,13.699408661736324,13.906859397888184,4138000,0.0,0.0
2008-10-08 00:00:00-04:00,13.176946169116025,14.73666689017624,13.115479422080703,14.252614974975586,4679600,0.0,0.0
2008-10-09 00:00:00-04:00,14.636783916808426,16.111987452895626,14.045166969299315,14.045166969299316,4611300,0.0,0.0
2008-10-10 00:00:00-04:00,13.19044200402786,15.277196975700432,10.633976563627716,13.336746215820312,3314100,0.04,0.0
2008-10-13 00:00:00-04:00,14.152968361128007,16.016417005175008,13.860361378258014,15.754610061645508,3613200,0.0,0.0
2008-10-14 00:00:00-04:00,16.67864147112585,16.832646136062046,14.576486166321564,15.06929874420166,2145900,0.0,0.0
2008-10-15 00:00:00-04:00,15.069294541646064,15.069294541646064,13.013340622212326,13.082642555236816,2778000,0.0,0.0
2008-10-16 00:00:00-04:00,13.098037529278072,14.129864222497833,12.435820003233554,13.929658889770508,3296800,0.0,0.0
2008-10-17 00:00:00-04:00,13.814160799080913,15.469703695635234,13.25974539538873,14.484077453613281,3035000,0.0,0.0
2008-10-20 00:00:00-04:00,14.853683076801396,15.323394169680197,14.476372071430323,15.161690711975098,2982800,0.0,0.0
2008-10-21 00:00:00-04:00,12.689931024977923,13.475351887478169,10.633978012603212,11.011287689208984,8591900,0.0,0.0
2008-10-22 00:00:00-04:00,11.226892093261664,11.442497498245137,10.510773223059713,10.980485916137695,5339000,0.0,0.0
2008-10-23 00:00:00-04:00,11.211492538452148,11.519500272606727,10.141164377155349,11.211492538452148,4398800,0.0,0.0
2008-10-24 00:00:00-04:00,10.472269384901605,10.941981190066368,9.016931724779168,10.479969024658203,3082700,0.0,0.0
2008-10-27 00:00:00-04:00,10.36447219160359,10.372172570047995,8.75512981414795,8.75512981414795,4161600,0.0,0.0
2008-10-28 00:00:00-04:00,8.916830845122727,9.856255377400174,8.32391587327221,9.255640029907227,4407000,0.0,0.0
2008-10-29 00:00:00-04:00,9.12473521629503,10.2258630662425,8.947630274755705,10.010257720947266,4202600,0.0,0.0
2008-10-30 00:00:00-04:00,10.279765010436915,10.872679896879793,9.109334517921312,10.041058540344238,8614200,0.0,0.0
2008-10-31 00:00:00-04:00,10.010261632229458,11.119090289916956,9.817756600840431,10.672478675842285,3339100,0.0,0.0
2008-11-03 00:00:00-05:00,10.926582914813327,11.627301695620282,10.710977531521788,10.888082504272461,2931600,0.0,0.0
2008-11-04 00:00:00-05:00,11.203792726252349,12.081615180014818,11.018988076444291,11.819808959960938,2644800,0.0,0.0
2008-11-05 00:00:00-05:00,11.688903635173165,11.950710548193383,10.888082878236888,10.926583290100098,2107000,0.0,0.0
2008-11-06 00:00:00-05:00,10.649374551137676,10.841879515163082,9.964056614841889,10.002557754516602,1519200,0.0,0.0
2008-11-07 00:00:00-05:00,10.195063589336396,10.88038158416748,9.987158592292142,10.88038158416748,2039500,0.0,0.0
2008-11-10 00:00:00-05:00,11.611903307193362,11.719706387953469,10.93428551601928,11.103690147399902,3209900,0.0,0.0
2008-11-11 00:00:00-05:00,11.072888739849894,11.072888739849894,10.218166723031844,10.541574478149414,2864700,0.0,0.0
2008-11-12 00:00:00-05:00,10.680177699442867,10.680177699442867,9.394244194030762,9.394244194030762,3558500,0.0,0.0
2008-11-13 00:00:00-05:00,9.555946323310856,10.433769226074219,8.978431429627944,10.433769226074219,3414100,0.0,0.0
2008-11-14 00:00:00-05:00,10.141167289641084,10.503077031972412,9.740756385896026,9.940961837768555,2204100,0.0,0.0
2008-11-17 00:00:00-05:00,9.856252503941437,10.241262361639556,9.65604720169489,9.98715591430664,2256000,0.0,0.0
2008-11-18 00:00:00-05:00,9.794654749554862,9.948658604948367,9.348043201739547,9.733053207397461,2703100,0.0,0.0
2008-11-19 00:00:00-05:00,9.509748033109446,9.717653067412668,8.508721808411343,8.531822204589844,4088300,0.0,0.0
2008-11-20 00:00:00-05:00,8.578023404607489,8.662725343601753,6.4450675675179045,6.514369487762451,6653100,0.0,0.0
2008-11-21 00:00:00-05:00,5.405540333736695,6.006156089562615,4.396814187422237,5.852151870727539,7806100,0.0,0.0
2008-11-24 00:00:00-05:00,6.1293592972414315,6.799276616537314,5.852151991363285,6.699173927307129,3410600,0.0,0.0
2008-11-25 00:00:00-05:00,6.783879494997826,7.384495152498244,6.783879494997826,7.292092800140381,3109000,0.0,0.0
2008-11-26 00:00:00-05:00,7.14578831589263,8.562625812653366,7.076486370063241,8.50102424621582,4052300,0.0,0.0
2008-11-28 00:00:00-05:00,8.501020742312889,8.916831511554074,8.470219971789405,8.893731117248535,849100,0.0,0.0
2008-12-01 00:00:00-05:00,8.47792275230177,8.56262471167531,7.715602914894409,7.746403694152832,4516800,0.0,0.0
2008-12-02 00:00:00-05:00,7.985109766759042,8.154514424457032,7.5769992469102,7.954308986663818,3435900,0.0,0.0
2008-12-03 00:00:00-05:00,7.407593248250089,8.470221070695516,7.407593248250089,8.162213325500488,3529900,0.0,0.0
2008-12-04 00:00:00-05:00,7.861904523618053,8.947632646757405,7.723300683439131,8.855230331420898,4501000,0.0,0.0
2008-12-05 00:00:00-05:00,8.470217589701715,8.824426718281346,8.239211508567506,8.408616065979004,5560900,0.0,0.0
2008-12-08 00:00:00-05:00,8.893729765284187,10.056459960904892,8.531820215887056,9.455843925476074,5354500,0.0,0.0
2008-12-09 00:00:00-05:00,9.301841491155916,9.786954176665075,9.078535721732488,9.14783763885498,3951900,0.0,0.0
2008-12-10 00:00:00-05:00,9.409647240510852,9.694554632168941,8.616525889689907,9.040037155151367,3154100,0.0,0.0
2008-12-11 00:00:00-05:00,9.009232595548673,9.255639460510046,8.485619567995661,8.562621116638184,2519900,0.0,0.0
2008-12-12 00:00:00-05:00,8.154511827751136,8.816728756097712,8.085209911018111,8.655024528503418,1847500,0.0,0.0
2008-12-15 00:00:00-05:00,8.724326415641325,9.078535639915437,8.585722582645456,8.83212947845459,1505900,0.0,0.0
2008-12-16 00:00:00-05:00,8.924534442904696,9.632953102116444,8.816731348033864,9.625252723693848,2076100,0.0,0.0
2008-12-17 00:00:00-05:00,9.37114272751963,10.094961147926984,9.240239278986133,9.763853073120117,2401100,0.0,0.0
2008-12-18 00:00:00-05:00,9.964056730648494,9.964056730648494,9.009232274228646,9.286439895629883,2031200,0.0,0.0
2008-12-19 00:00:00-05:00,9.317242256366109,9.455845356453304,9.1478376514281,9.224839210510254,2132200,0.0,0.0
2008-12-22 00:00:00-05:00,9.271041691044726,9.340343615420672,8.601124312657873,8.939932823181152,1779700,0.0,0.0
2008-12-23 00:00:00-05:00,8.932234004873825,9.232541392420346,8.778229387892758,8.84753131866455,1004500,0.0,0.0
2008-12-24 00:00:00-05:00,8.963032382801398,9.009233168053166,8.508720499852306,8.82442855834961,552600,0.0,0.0
2008-12-26 00:00:00-05:00,8.855230696008913,9.040035334290712,8.601124134784353,9.024635314941406,463800,0.0,0.0
2008-12-29 00:00:00-05:00,9.01693413013794,9.01693413013794,8.554921841483305,8.655024528503418,881900,0.0,0.0
2008-12-30 00:00:00-05:00,8.701227623547659,9.078537311336977,8.585724163336687,9.009235382080078,1052700,0.0,0.0
2008-12-31 00:00:00-05:00,9.009233246308089,9.625249351685618,9.009233246308089,9.571348190307617,1119600,0.0,0.0
2009-01-02 00:00:00-05:00,9.625247525473814,10.148861225850984,9.432742574964337,10.079559326171875,1193600,0.0,0.0
2009-01-05 00:00:00-05:00,10.202763624956718,10.587773573068294,9.786952910370147,10.4876708984375,2113400,0.0,0.0
2009-01-06 00:00:00-05:00,10.741778316458289,11.288492518517726,10.51077218112997,10.965084075927734,2972500,0.0,0.0
2009-01-07 00:00:00-05:00,10.734079277253779,11.242293132000386,10.618576562380849,11.165290832519531,3248900,0.0,0.0
2009-01-08 00:00:00-05:00,11.203789932148021,11.303892609416625,10.95738305950676,11.149888038635254,3594200,0.0,0.0
2009-01-09 00:00:00-05:00,11.165286835080707,11.75820241949966,11.095984937229339,11.519495964050293,2757300,0.0,0.0
2009-01-12 00:00:00-05:00,11.334693078022243,11.550298443347229,10.341367441268309,10.4876708984375,2443300,0.0,0.0
2009-01-13 00:00:00-05:00,10.495394451153041,10.673020344622602,10.194201854147959,10.356382369995117,1860900,0.04,0.0
2009-01-14 00:00:00-05:00,10.024299601480495,10.039745717648481,9.499144172461989,9.88528823852539,2421400,0.0,0.0
2009-01-15 00:00:00-05:00,9.80806089482873,10.055193642387403,9.275182311880366,9.715386390686035,2219000,0.0,0.0
2009-01-16 00:00:00-05:00,9.99340492021055,10.101525489388445,9.275177687098687,9.31379222869873,3413300,0.0,0.0
2009-01-20 00:00:00-05:00,9.306069438454486,9.306069438454486,8.63417904689371,8.665070533752441,1800000,0.0,0.0
2009-01-21 00:00:00-05:00,8.881310610442355,9.167057037353516,8.456552129597238,9.167057037353516,1911700,0.0,0.0
2009-01-22 00:00:00-05:00,8.912202843009855,9.051214908593314,8.634179448354113,8.827251434326172,1514100,0.0,0.0
2009-01-23 00:00:00-05:00,8.526061441249341,9.32151805702172,8.178531909038993,9.20567512512207,1893700,0.0,0.0
2009-01-26 00:00:00-05:00,9.221119150836454,9.491420267569572,8.912204220151139,9.12844467163086,1587700,0.0,0.0
2009-01-27 00:00:00-05:00,9.174779757429794,9.306068751008782,8.889033340967023,9.151611328125,970500,0.0,0.0
2009-01-28 00:00:00-05:00,9.228840221817848,9.753996227459707,9.2211171660852,9.336960792541504,2802800,0.0,0.0
2009-01-29 00:00:00-05:00,9.406469182686,9.406469182686,8.88131304519929,8.919927597045898,1221600,0.0,0.0
2009-01-30 00:00:00-05:00,8.804084906035092,8.92765163278382,8.163085779295399,8.224868774414062,2189400,0.0,0.0
2009-02-02 00:00:00-05:00,8.109026992356474,8.510617254074887,7.807834296067664,8.07813549041748,3212400,0.0,0.0
2009-02-03 00:00:00-05:00,7.607036809890576,7.838722612010124,7.305844236019479,7.336735725402832,6207900,0.0,0.0
2009-02-04 00:00:00-05:00,7.329014645720326,7.815556287122171,7.1822802156998025,7.72288179397583,5463800,0.0,0.0
2009-02-05 00:00:00-05:00,7.761497491932557,8.116750136172113,7.437136349952461,8.04724407196045,2330900,0.0,0.0
2009-02-06 00:00:00-05:00,8.17080885050931,9.329241115551403,8.09357973823528,9.20567512512207,3678400,0.0,0.0
2009-02-09 00:00:00-05:00,9.128447616776445,9.630435461737429,8.927653215303579,9.244291305541992,2388000,0.0,0.0
2009-02-10 00:00:00-05:00,9.120723446330286,9.468252969224402,8.502892774234427,8.695964813232422,2894100,0.0,0.0
2009-02-11 00:00:00-05:00,8.695966840565882,8.896761984698886,8.533786260537155,8.719135284423828,2282200,0.0,0.0
2009-02-12 00:00:00-05:00,8.39477186295895,8.71140987759639,8.163085277257222,8.587843894958496,1795800,0.0,0.0
2009-02-13 00:00:00-05:00,8.510612688648385,8.858142083161532,8.441106662443532,8.502889633178711,1716200,0.0,0.0
2009-02-17 00:00:00-05:00,8.348435665892515,8.37160410539132,7.753773405502359,7.792387962341309,1436000,0.0,0.0
2009-02-18 00:00:00-05:00,7.915955541526916,7.915955541526916,7.390799230893139,7.429413795471191,2213800,0.0,0.0
2009-02-19 00:00:00-05:00,7.475752087685146,7.915956248245312,7.4062460125416205,7.568426609039307,1561300,0.0,0.0
2009-02-20 00:00:00-05:00,7.537532294361425,7.831001870927982,7.244062717794867,7.668821334838867,2278300,0.0,0.0
2009-02-23 00:00:00-05:00,7.722881897926074,8.054966055220547,7.205448751844114,7.228617191314697,3148200,0.0,0.0
2009-02-24 00:00:00-05:00,7.298123943320756,7.591593571854172,7.043268875267536,7.3676300048828125,2527800,0.0,0.0
2009-02-25 00:00:00-05:00,6.958315025132718,7.483470361917916,6.911977421278411,6.935145854949951,2610400,0.0,0.0
2009-02-26 00:00:00-05:00,6.996933235056974,7.313571361531525,6.69574049361182,6.703463554382324,1717300,0.0,0.0
2009-02-27 00:00:00-05:00,6.448609102646897,6.80386183290969,6.286428492385367,6.595343589782715,3025700,0.0,0.0
2009-03-02 00:00:00-05:00,6.518110521182675,6.518110521182675,5.877111896042192,5.962063312530518,3184800,0.0,0.0
2009-03-03 00:00:00-05:00,6.047015475634795,6.278702041885547,5.745823234113333,5.807606220245361,3196700,0.0,0.0
2009-03-04 00:00:00-05:00,6.37137535244316,7.4525781479502635,6.37137535244316,7.120494842529297,3783900,0.0,0.0
2009-03-05 00:00:00-05:00,7.058714493863948,7.058714493863948,6.564449775067679,6.610787391662598,3200600,0.0,0.0
2009-03-06 00:00:00-05:00,6.603063059009237,6.780688959249036,6.270978957590654,6.45632791519165,3018100,0.0,0.0
2009-03-09 00:00:00-04:00,6.386823030497313,6.904255387196019,6.340485419779566,6.402268409729004,2620700,0.0,0.0
2009-03-10 00:00:00-04:00,6.695736824313156,7.437133312225342,6.695736824313156,7.437133312225342,3898500,0.0,0.0
2009-03-11 00:00:00-04:00,7.591594790037604,8.224871032090006,7.591594790037604,8.10130500793457,3498300,0.0,0.0
2009-03-12 00:00:00-04:00,8.05496589154031,8.804084890128514,7.885062287015251,8.688241958618164,3416700,0.0,0.0
2009-03-13 00:00:00-04:00,8.827256210960934,9.10527975606172,8.286653768497601,8.340714454650879,3207000,0.0,0.0
2009-03-16 00:00:00-04:00,8.417940561378924,8.665073270822687,8.178531646728516,8.178531646728516,1790700,0.0,0.0
2009-03-17 00:00:00-04:00,8.163082750627918,8.56467280641267,7.954565403594394,8.495166778564453,1353700,0.0,0.0
2009-03-18 00:00:00-04:00,8.417942404246757,8.889038751421419,8.124473490398605,8.78091812133789,1828200,0.0,0.0
2009-03-19 00:00:00-04:00,8.927648608324466,9.174780505077148,8.71140746215472,8.981708526611328,1338900,0.0,0.0
2009-03-20 00:00:00-04:00,9.360133022417111,9.499145135983914,8.850422921354072,9.051218032836914,2491800,0.0,0.0
2009-03-23 00:00:00-04:00,9.41418774475461,10.402716636657715,9.205670426462142,10.402716636657715,3195300,0.0,0.0
2009-03-24 00:00:00-04:00,10.140146135954737,10.47995268629424,9.977965552801175,10.11697769165039,2401400,0.0,0.0
2009-03-25 00:00:00-04:00,10.116972364816016,10.549453201172692,9.607261702914595,10.186477661132812,2120100,0.0,0.0
2009-03-26 00:00:00-04:00,10.394997381027332,11.731055379523509,10.394997381027332,11.12094783782959,4172500,0.0,0.0
2009-03-27 00:00:00-04:00,10.95876731477114,11.368080519378028,10.95876731477114,11.12094783782959,3570200,0.0,0.0
2009-03-30 00:00:00-04:00,10.63440815238105,11.035997606388957,10.008854428383364,10.109251976013184,2337100,0.0,0.0
2009-03-31 00:00:00-04:00,10.101527450588915,10.68074347751035,9.869840892518088,10.325490951538086,2424800,0.0,0.0
2009-04-01 00:00:00-04:00,10.116973982071597,11.090056387682441,9.784889877257385,10.951045036315918,3074900,0.0,0.0
2009-04-02 00:00:00-04:00,11.252238160673299,12.271659024108528,11.252238160673299,12.063140869140625,3449800,0.0,0.0
2009-04-03 00:00:00-04:00,11.792839993963172,12.904933830716912,11.769670819980625,12.79681396484375,2516100,0.0,0.0
2009-04-06 00:00:00-04:00,11.344910821991643,12.372054578156218,10.997381356242467,12.325716972351074,3879500,0.0,0.0
2009-04-07 00:00:00-04:00,12.07858634859131,12.526512658555445,11.86234514673248,12.171260833740234,3470400,0.0,0.0
2009-04-08 00:00:00-04:00,12.209877974705686,12.966720868610563,11.947299842871574,12.642359733581543,2842900,0.0,0.0
2009-04-09 00:00:00-04:00,13.059396429152331,13.793070981675887,12.518793972237795,13.584552764892578,3285900,0.0,0.0
2009-04-13 00:00:00-04:00,13.445222271218615,14.025758610666426,13.00401341307886,13.917390823364258,2805700,0.04,0.0
2009-04-14 00:00:00-04:00,13.739359837808983,13.863207470349236,13.127860860308774,13.344594955444336,2474200,0.0,0.0
2009-04-15 00:00:00-04:00,13.352337055425105,13.545849186663151,12.949831468118676,13.274931907653809,3280000,0.0,0.0
2009-04-16 00:00:00-04:00,13.522625906943864,13.80128382173464,12.965311553742568,13.685176849365234,3660800,0.0,0.0
2009-04-17 00:00:00-04:00,13.630992078368195,13.7625803584914,13.158822106800208,13.57680892944336,2462400,0.0,0.0
2009-04-20 00:00:00-04:00,13.282668262751807,13.305890242466868,12.353810481658176,12.616986274719238,2989400,0.0,0.0
2009-04-21 00:00:00-04:00,12.315111305557636,13.592291013364683,12.315111305557636,13.56132984161377,1723100,0.0,0.0
2009-04-22 00:00:00-04:00,13.305892783934574,13.770322132283846,12.810500790051258,12.942089080810547,3109500,0.0,0.0
2009-04-23 00:00:00-04:00,12.84920152688482,13.259446163492807,12.307367149457786,12.833720207214355,3150900,0.0,0.0
2009-04-24 00:00:00-04:00,13.34459483538797,14.304414717129909,13.027235095311207,14.211529731750488,3745300,0.0,0.0
2009-04-27 00:00:00-04:00,13.979310302778734,14.335373248205862,13.460697941407341,14.319891929626465,2993900,0.0,0.0
2009-04-28 00:00:00-04:00,14.397299576993898,14.644994812286514,13.801281994333502,14.196046829223633,4841700,0.0,0.0
2009-04-29 00:00:00-04:00,14.335379665333194,16.301462237245204,14.265715176920912,15.651261329650879,5054200,0.0,0.0
2009-04-30 00:00:00-04:00,16.185351515885134,16.618818195518188,15.720922192373942,16.131168365478516,4271300,0.0,0.0
2009-05-01 00:00:00-04:00,16.27824020591894,16.96714288660304,16.05376543612551,16.533676147460938,2532800,0.0,0.0
2009-05-04 00:00:00-04:00,16.835552085529674,17.524454663944198,16.64978065347565,17.029064178466797,3252500,0.0,0.0
2009-05-05 00:00:00-04:00,16.665262292527128,17.369646206118418,16.665262292527128,17.17613410949707,3096600,0.0,0.0
2009-05-06 00:00:00-04:00,17.508977603788463,18.066291988605,16.262759054590273,17.083250045776367,3458800,0.0,0.0
2009-05-07 00:00:00-04:00,17.423830237657704,17.431570899079436,14.89269153158016,15.71318244934082,4754700,0.0,0.0
2009-05-08 00:00:00-04:00,15.937656662913998,16.804590043532077,15.264233905779816,16.765888214111328,3124700,0.0,0.0
2009-05-11 00:00:00-04:00,17.036804310938752,17.15291126782385,14.931393336580827,16.866514205932617,5567800,0.0,0.0
2009-05-12 00:00:00-04:00,17.385131599757802,17.76441672938796,15.2952011751349,15.945402145385742,4463600,0.0,0.0
2009-05-13 00:00:00-04:00,14.861729413704799,15.086202675086843,14.211528659581457,14.5443696975708,4552600,0.0,0.0
2009-05-14 00:00:00-04:00,14.451485317793413,15.349381445003624,14.451485317793413,15.093945503234863,4016900,0.0,0.0
2009-05-15 00:00:00-04:00,15.194568332343907,15.581592504069611,14.397299483472189,14.50566577911377,3221400,0.0,0.0
2009-05-18 00:00:00-04:00,14.70691505054522,15.558368322431672,14.637250597984893,15.388076782226562,2898200,0.0,0.0
2009-05-19 00:00:00-04:00,15.50418802005363,16.046020945608063,14.977834938489917,15.837027549743652,2789600,0.0,0.0
2009-05-20 00:00:00-04:00,16.022796386099092,16.642034280399322,15.767360570152798,16.107940673828125,2785500,0.0,0.0
2009-05-21 00:00:00-04:00,15.883475314658426,15.891215976697518,14.939135215213657,15.093945503234863,1928700,0.0,0.0
2009-05-22 00:00:00-04:00,14.977834662418731,15.4422639303193,14.799803910577161,14.861727714538574,2149100,0.0,0.0
2009-05-26 00:00:00-04:00,14.614032312967739,15.163607413494075,14.165084325503159,15.124905586242676,3261500,0.0,0.0
2009-05-27 00:00:00-04:00,14.931386750450352,15.604807689170666,14.82301902562846,14.846240997314453,2678900,0.0,0.0
2009-05-28 00:00:00-04:00,14.853989486314703,15.326158015179002,14.683697890256594,15.302937507629395,2785000,0.0,0.0
2009-05-29 00:00:00-04:00,15.318425482359277,15.976365739235517,15.318425482359277,15.875740051269531,2812100,0.0,0.0
2009-06-01 00:00:00-04:00,16.409823890072943,17.067763737487546,16.293715468642215,16.905214309692383,3689200,0.0,0.0
2009-06-02 00:00:00-04:00,16.874253267501786,17.284499420318262,16.541413720552626,17.060026168823242,3926500,0.0,0.0
2009-06-03 00:00:00-04:00,16.89747390118026,16.89747390118026,15.8602490873889,16.069242477416992,2487200,0.0,0.0
2009-06-04 00:00:00-04:00,16.224059661125263,16.502717659002375,15.96862365519814,16.40209197998047,2957600,0.0,0.0
2009-06-05 00:00:00-04:00,16.595598558303234,16.820071832657632,16.255016839703934,16.417566299438477,3316600,0.0,0.0
2009-06-08 00:00:00-04:00,16.11568928973642,16.943920935973505,16.06150613177778,16.74266815185547,2954700,0.0,0.0
2009-06-09 00:00:00-04:00,16.82007060679193,17.98114315357908,16.82007060679193,17.903738021850586,2844500,0.0,0.0
2009-06-10 00:00:00-04:00,18.174654707245278,18.28302247901253,16.959399047100025,17.741188049316406,2306600,0.0,0.0
2009-06-11 00:00:00-04:00,17.70248254000009,18.80937019810355,17.679260563085293,18.445568084716797,2511700,0.0,0.0
2009-06-12 00:00:00-04:00,18.275279998779297,18.515234547407523,17.79536942514294,18.275279998779297,1318800,0.0,0.0
2009-06-15 00:00:00-04:00,18.128203304617365,18.128203304617365,17.330933373337334,17.988874435424805,1621400,0.0,0.0
2009-06-16 00:00:00-04:00,18.058549512580413,18.61586384141692,17.276760434113804,17.40060806274414,3031500,0.0,0.0
2009-06-17 00:00:00-04:00,17.253533769894386,17.508969597344656,16.58011123768204,16.998096466064453,2308500,0.0,0.0
2009-06-18 00:00:00-04:00,17.067767474144084,17.717968280433407,16.897477349213162,17.330944061279297,713700,0.0,0.0
2009-06-19 00:00:00-04:00,17.578637681010683,17.710225962269515,16.990362222138348,17.222576141357422,1144300,0.0,0.0
2009-06-22 00:00:00-04:00,16.951652328142984,16.951652328142984,15.720915786688513,15.767359733581543,1940100,0.0,0.0
2009-06-23 00:00:00-04:00,15.837024789346291,16.363377779166548,15.674475382926353,16.11568260192871,2164100,0.0,0.0
2009-06-24 00:00:00-04:00,16.347900705936443,17.02906255867631,16.224051619967412,16.89747428894043,2293700,0.0,0.0
2009-06-25 00:00:00-04:00,16.72718569973077,17.547676556169726,16.72718569973077,17.478012084960938,1950100,0.0,0.0
2009-06-26 00:00:00-04:00,17.052281224089132,17.77214476123892,17.052281224089132,17.7257022857666,1771300,0.0,0.0
2009-06-29 00:00:00-04:00,17.80311366262729,18.60812472820858,17.717967863973062,18.468795776367188,1693500,0.0,0.0
2009-06-30 00:00:00-04:00,18.39912923970076,18.55393802055654,17.91921862337377,18.383647918701172,1762600,0.0,0.0
2009-07-01 00:00:00-04:00,18.530718147780465,18.85581851796539,18.283022908854825,18.39912986755371,1129400,0.0,0.0
2009-07-02 00:00:00-04:00,17.65604175055582,17.973401443371163,17.31546155304374,17.532194137573242,873000,0.0,0.0
2009-07-06 00:00:00-04:00,17.361904749815338,17.361904749815338,16.47174944140728,17.07550621032715,1526100,0.0,0.0
2009-07-07 00:00:00-04:00,17.08325133247329,17.222580308266654,16.494974254890437,16.603342056274414,1514300,0.0,0.0
2009-07-08 00:00:00-04:00,16.595593115111804,16.851028951185786,15.906689242491895,16.11568260192871,3078500,0.0,0.0
2009-07-09 00:00:00-04:00,16.440789389402457,16.750408483327305,16.115688971686296,16.363384246826172,1507800,0.0,0.0
2009-07-10 00:00:00-04:00,16.185345779710552,16.572369832743096,15.68995546427037,16.107940673828125,1527200,0.0,0.0
2009-07-13 00:00:00-04:00,16.076924035624778,16.076924035624778,15.293629423262946,15.914061546325684,5477000,0.04,0.0
2009-07-14 00:00:00-04:00,15.813242267753274,16.52673832112606,15.813242267753274,16.24754524230957,2164800,0.0,0.0
2009-07-15 00:00:00-04:00,16.61979862801754,17.038588858883372,16.503468090511646,17.015323638916016,1654200,0.0,0.0
2009-07-16 00:00:00-04:00,17.007566783144284,17.666775084665947,17.007566783144284,17.565954208374023,1462000,0.0,0.0
2009-07-17 00:00:00-04:00,17.565958311150528,17.767598631607378,17.255743002456637,17.558202743530273,1117600,0.0,0.0
2009-07-20 00:00:00-04:00,17.612493319115377,18.194147679390895,17.527185018813636,17.969242095947266,1124000,0.0,0.0
2009-07-21 00:00:00-04:00,18.341498584432205,19.054994583129883,18.132102681948204,19.054994583129883,2924700,0.0,0.0
2009-07-22 00:00:00-04:00,18.82233292172942,19.031728818276324,18.504362032553754,18.76804542541504,2216100,0.0,0.0
2009-07-23 00:00:00-04:00,18.698249924567264,19.760737762654383,18.690494355334508,19.737472534179688,2296100,0.0,0.0
2009-07-24 00:00:00-04:00,19.675428371736984,19.8770672437463,19.241125394055466,19.846046447753906,1173700,0.0,0.0
2009-07-27 00:00:00-04:00,19.729715159688446,20.49749869279684,19.729715159688446,20.257081985473633,2456600,0.0,0.0
2009-07-28 00:00:00-04:00,19.326437938126226,19.799517348322272,18.58191949783042,19.171329498291016,2947000,0.0,0.0
2009-07-29 00:00:00-04:00,18.92315563913725,19.086019635642785,18.752537552571837,18.822336196899414,2184300,0.0,0.0
2009-07-30 00:00:00-04:00,19.225602878402015,19.64439295918302,19.18682506031511,19.27213478088379,1724900,0.0,0.0
2009-07-31 00:00:00-04:00,19.24112375035054,20.008907245672745,19.179080684442383,19.931354522705078,1759900,0.0,0.0
2009-08-03 00:00:00-04:00,20.070950037532043,21.040373853625084,20.070950037532043,21.024864196777344,1903100,0.0,0.0
2009-08-04 00:00:00-04:00,20.668112021718038,21.28078848149652,20.668112021718038,21.18772315979004,1310800,0.0,0.0
2009-08-05 00:00:00-04:00,21.187722858505037,21.35834236600356,20.60606867397409,20.89301872253418,811400,0.0,0.0
2009-08-06 00:00:00-04:00,20.92404969323568,21.05589143173015,20.14851040308559,20.396682739257812,925300,0.0,0.0
2009-08-07 00:00:00-04:00,20.792195744268323,21.35834021781267,20.32687214760052,21.242008209228516,2043100,0.0,0.0
2009-08-10 00:00:00-04:00,21.009353554277244,21.513453654643733,20.916288214887658,21.27303695678711,1516300,0.0,0.0
2009-08-11 00:00:00-04:00,21.05588229928386,21.273033738862612,20.854241993794265,21.125680923461914,1299600,0.0,0.0
2009-08-12 00:00:00-04:00,21.0481326913005,21.25752862311799,20.854247897963614,21.07915496826172,1789500,0.0,0.0
2009-08-13 00:00:00-04:00,21.20323944091797,21.583253428300118,21.017110231540396,21.20323944091797,1364800,0.0,0.0
2009-08-14 00:00:00-04:00,21.086902104176925,21.327318737581773,20.59831179200563,20.877506256103516,1562700,0.0,0.0
2009-08-17 00:00:00-04:00,20.38116182685977,20.38116182685977,19.163564570913945,19.481536865234375,1957300,0.0,0.0
2009-08-18 00:00:00-04:00,19.458278184867066,20.11748678507806,19.458278184867066,20.070953369140625,1588800,0.0,0.0
2009-08-19 00:00:00-04:00,19.543591115893015,20.202798343052557,19.543591115893015,20.086467742919922,1455700,0.0,0.0
2009-08-20 00:00:00-04:00,20.218307233335295,20.62934355254956,20.140753015472875,20.26483917236328,1133200,0.0,0.0
2009-08-21 00:00:00-04:00,20.590569462652,20.83874330095865,20.47423885423497,20.70690155029297,818500,0.0,0.0
2009-08-24 00:00:00-04:00,20.79219594573332,21.38936120925616,20.4897362706189,20.49749183654785,1317200,0.0,0.0
2009-08-25 00:00:00-04:00,20.683624291479095,21.024861850851558,20.45096319326612,20.551782608032227,2035300,0.0,0.0
2009-08-26 00:00:00-04:00,20.342393069963045,20.489745933659414,20.117487468848886,20.23381805419922,1921200,0.0,0.0
2009-08-27 00:00:00-04:00,20.24156860522007,20.24932417288371,19.3807198244584,19.690935134887695,1667100,0.0,0.0
2009-08-28 00:00:00-04:00,19.99340385450335,20.559547193246313,19.690942519089894,20.086467742919922,1327900,0.0,0.0
2009-08-31 00:00:00-04:00,19.714201013741903,19.970128819050124,19.458273208433685,19.75297737121582,1279100,0.0,0.0
2009-09-01 00:00:00-04:00,19.67542056778938,20.086455196805026,18.915391397912142,18.96967887878418,1221600,0.0,0.0
2009-09-02 00:00:00-04:00,18.91540160801952,19.24888371820862,18.729272367751495,19.171329498291016,940200,0.0,0.0
2009-09-03 00:00:00-04:00,19.31091932085459,19.49704848905094,18.721509548621253,19.388473510742188,1578900,0.0,0.0
2009-09-04 00:00:00-04:00,19.396235840160077,19.396235840160077,18.698250846265186,18.930912017822266,1485800,0.0,0.0
2009-09-08 00:00:00-04:00,19.26438731869407,19.667667921058072,19.078258151269868,19.613380432128906,1959500,0.0,0.0
2009-09-09 00:00:00-04:00,19.5901191656289,20.179529098914532,19.28765936956762,19.830535888671875,1442100,0.0,0.0
2009-09-10 00:00:00-04:00,19.830531132659537,20.64484793485133,19.450517216659307,20.551782608032227,1657200,0.0,0.0
2009-09-11 00:00:00-04:00,20.606075029180207,21.05588767811049,20.528520818145978,20.652606964111328,1067200,0.0,0.0
2009-09-14 00:00:00-04:00,20.70689173669057,21.055883396544285,20.48198471834692,20.885265350341797,1167500,0.0,0.0
2009-09-15 00:00:00-04:00,20.924049564995933,21.288553975835725,20.51301469043878,21.00935935974121,1232900,0.0,0.0
2009-09-16 00:00:00-04:00,21.094660903301502,21.38160949829299,20.807710829086798,21.327322006225586,1214300,0.0,0.0
2009-09-17 00:00:00-04:00,21.273035914328517,21.66080543087341,21.156705355209713,21.24976921081543,1010500,0.0,0.0
2009-09-18 00:00:00-04:00,21.342827044191807,21.466913127535253,20.82321601548258,20.90077018737793,2034300,0.0,0.0
2009-09-21 00:00:00-04:00,20.60606660144579,21.296295690982223,20.26482909999301,21.242008209228516,1402500,0.0,0.0
2009-09-22 00:00:00-04:00,21.443649565693654,21.46691626442899,20.75342044133185,20.8697509765625,2094800,0.0,0.0
2009-09-23 00:00:00-04:00,20.76117432884729,20.93179233477469,19.892570209528483,19.900325775146484,1959700,0.0,0.0
2009-09-24 00:00:00-04:00,19.908088288850944,20.024418855275538,18.954175573256503,19.225614547729492,1728700,0.0,0.0
2009-09-25 00:00:00-04:00,19.179085554260478,19.597877464894754,18.69049647107757,18.729272842407227,2745100,0.0,0.0
2009-09-28 00:00:00-04:00,18.806825917506448,19.946868028232714,18.79907034786868,19.489299774169922,2006500,0.0,0.0
2009-09-29 00:00:00-04:00,19.5823700748102,19.915852257314494,19.365218507796605,19.72972297668457,1226200,0.0,0.0
2009-09-30 00:00:00-04:00,19.81501933628926,19.884817959265785,19.217855476367987,19.388473510742188,1889500,0.0,0.0
2009-10-01 00:00:00-04:00,19.27989612519069,19.396226655885755,18.876615571506363,18.91539192199707,1829200,0.0,0.0
2009-10-02 00:00:00-04:00,18.550893028232743,18.806820840292534,18.34149714221384,18.51987075805664,1782700,0.0,0.0
2009-10-05 00:00:00-04:00,18.705995854363415,18.95416802503112,18.51986524713982,18.830081939697266,1490600,0.0,0.0
2009-10-06 00:00:00-04:00,19.1248005782139,19.466038312205313,19.047246346048947,19.41175079345703,1426400,0.0,0.0
2009-10-07 00:00:00-04:00,19.45051189286763,19.869303530091525,19.264382769397937,19.543577194213867,1626100,0.0,0.0
2009-10-08 00:00:00-04:00,19.877063940314727,20.13299175141841,19.574604203343988,20.094215393066406,1768300,0.0,0.0
2009-10-09 00:00:00-04:00,20.07094658974916,20.14850077755903,19.590113287929526,19.745220184326172,1274800,0.0,0.0
2009-10-12 00:00:00-04:00,19.884827887435463,20.164022518738875,19.466037419704225,19.68318748474121,1102800,0.0,0.0
2009-10-13 00:00:00-04:00,19.714252612839278,19.939514689108318,19.224892368082898,19.6754150390625,970700,0.04,0.0
2009-10-14 00:00:00-04:00,19.98611508828871,20.755110413394238,19.98611508828871,20.568687438964844,2290700,0.0,0.0
2009-10-15 00:00:00-04:00,20.312357483015486,20.902697695689227,20.219146728232293,20.894929885864258,1188900,0.0,0.0
2009-10-16 00:00:00-04:00,20.700739554188612,20.848324981092283,20.343429183489295,20.51431655883789,1229800,0.0,0.0
2009-10-19 00:00:00-04:00,20.68520018981619,21.19786518617749,20.459939666794373,21.12795639038086,1168800,0.0,0.0
2009-10-20 00:00:00-04:00,21.10465699826198,21.174565807420063,20.607529005634103,20.94153594970703,1670000,0.0,0.0
2009-10-21 00:00:00-04:00,20.801720010315883,21.16679819817106,20.374499341234333,20.459943771362305,1740200,0.0,0.0
2009-10-22 00:00:00-04:00,20.42110417687015,21.20563366428876,20.133701155934837,20.995908737182617,1405500,0.0,0.0
2009-10-23 00:00:00-04:00,21.15126297952721,21.15126297952721,20.087098154808075,20.2890567779541,2067300,0.0,0.0
2009-10-26 00:00:00-04:00,20.37450423558176,20.832794773808395,20.001658148008495,20.164777755737305,1586200,0.0,0.0
2009-10-27 00:00:00-04:00,21.609556212721976,22.425158621148817,21.415365374747754,21.89695930480957,5628600,0.0,0.0
2009-10-28 00:00:00-04:00,21.865885027700703,21.92802602797375,20.832789972187317,20.887163162231445,3347500,0.0,0.0
2009-10-29 00:00:00-04:00,21.244480473254278,22.013476104431515,21.174571644823736,21.943567276000977,1862500,0.0,0.0
2009-10-30 00:00:00-04:00,21.904729482999635,22.052313469084886,21.19010706277466,21.32215690612793,3120000,0.0,0.0
2009-11-02 00:00:00-05:00,21.578489193855514,21.76491224423689,20.770654493977524,21.213409423828125,1841500,0.0,0.0
2009-11-03 00:00:00-05:00,20.933767957283568,21.508572523461286,20.731809355941422,21.30661392211914,1643700,0.0,0.0
2009-11-04 00:00:00-05:00,21.6328581369674,22.060077358073322,21.493040506333923,21.671695709228516,1614200,0.0,0.0
2009-11-05 00:00:00-05:00,21.834811367068465,22.7824618223032,21.79597232286332,22.712553024291992,1719300,0.0,0.0
2009-11-06 00:00:00-05:00,22.324175505101095,23.03102994020998,22.254266694458828,22.75139617919922,1913300,0.0,0.0
2009-11-09 00:00:00-05:00,23.02326154794291,23.458250021289132,22.89897955028921,23.40387535095215,1728800,0.0,0.0
2009-11-10 00:00:00-05:00,23.37280619889803,23.37280619889803,22.31640770986724,22.867910385131836,1713000,0.0,0.0
2009-11-11 00:00:00-05:00,22.968895262025164,23.170853939296805,22.52614032712757,22.7203311920166,1463200,0.0,0.0
2009-11-12 00:00:00-05:00,22.782467941983267,22.93005338649016,22.26980427323136,22.37078285217285,2383300,0.0,0.0
2009-11-13 00:00:00-05:00,22.37077615973863,22.720320139117486,22.19988881513008,22.66594696044922,2423500,0.0,0.0
2009-11-16 00:00:00-05:00,23.023263131622443,23.201919811902215,22.86014355406596,23.069869995117188,2347800,0.0,0.0
2009-11-17 00:00:00-05:00,23.007727755843813,23.16307951447101,22.6581837062056,22.99995994567871,1570700,0.0,0.0
2009-11-18 00:00:00-05:00,23.14754081873821,23.209681810244643,22.518363094540828,22.836835861206055,1498500,0.0,0.0
2009-11-19 00:00:00-05:00,22.634886483730668,22.72033093742318,21.9668709234578,22.619352340698242,1424700,0.0,0.0
2009-11-20 00:00:00-05:00,22.28534354469387,22.61935206148668,22.26204010809483,22.58051300048828,1017100,0.0,0.0
2009-11-23 00:00:00-05:00,22.93781799256799,23.349501543299933,22.852373565861402,23.031028747558594,1766100,0.0,0.0
2009-11-24 00:00:00-05:00,23.0232684671447,23.09317729702945,22.440695872477605,22.7203311920166,1237000,0.0,0.0
2009-11-25 00:00:00-05:00,22.79800098277993,23.55146077875027,22.79800098277993,23.40387535095215,1060900,0.0,0.0
2009-11-27 00:00:00-05:00,22.432917263950767,23.271821337275124,22.40961531957604,23.01548957824707,677800,0.0,0.0
2009-11-30 00:00:00-05:00,22.922289015997027,23.264065340315405,22.80577479771264,23.116479873657227,1463200,0.0,0.0
2009-12-01 00:00:00-05:00,23.302897811937534,24.06412545155349,23.302897811937534,23.893238067626953,1796500,0.0,0.0
2009-12-02 00:00:00-05:00,23.877701866525214,24.54571872833072,23.768955486811127,24.483577728271484,1682300,0.0,0.0
2009-12-03 00:00:00-05:00,24.413667544426794,24.996239942789284,24.289385551300786,24.452505111694336,1629700,0.0,0.0
2009-12-04 00:00:00-05:00,24.607862989732258,25.151597923481862,23.8932406535612,24.056360244750977,2356400,0.0,0.0
2009-12-07 00:00:00-05:00,23.92430775302233,24.561254869071252,23.91654142421391,24.33599281311035,997500,0.0,0.0
2009-12-08 00:00:00-05:00,24.12626581148079,24.312688811231336,23.675743191694057,24.19617462158203,1181100,0.0,0.0
2009-12-09 00:00:00-05:00,24.196175216310152,24.67776908867176,23.947611210533193,24.569021224975586,1355100,0.0,0.0
2009-12-10 00:00:00-05:00,24.68553937195061,25.15936399984451,24.39036847435262,24.70884132385254,1425100,0.0,0.0
2009-12-11 00:00:00-05:00,24.934099772964963,25.151595503407673,24.607860621975977,25.011777877807617,961900,0.0,0.0
2009-12-14 00:00:00-05:00,25.314712837741776,25.850678379680783,24.809817053430802,25.47006607055664,1344000,0.0,0.0
2009-12-15 00:00:00-05:00,25.46230081020778,25.63318968966966,24.778749737035646,24.879728317260742,1262200,0.0,0.0
2009-12-16 00:00:00-05:00,25.15936056761744,25.90505255792199,24.9884717086706,25.555511474609375,1128200,0.0,0.0
2009-12-17 00:00:00-05:00,25.37685225534366,25.52443915935225,25.019541895425974,25.12828826904297,805800,0.0,0.0
2009-12-18 00:00:00-05:00,25.205975838150266,25.485611168593902,24.93410683883337,25.042856216430664,866000,0.0,0.0
2009-12-21 00:00:00-05:00,25.050611701218024,25.66425530365158,24.809815538461198,24.864187240600586,1093100,0.0,0.0
2009-12-22 00:00:00-05:00,24.840886804727234,25.11275570286307,24.809817047107117,24.856422424316406,662600,0.0,0.0
2009-12-23 00:00:00-05:00,25.143827463067073,25.431232020617294,24.87196149037564,25.314716339111328,531500,0.0,0.0
2009-12-24 00:00:00-05:00,25.470067613069688,25.695329666137695,25.283643129778355,25.695329666137695,352200,0.0,0.0
2009-12-28 00:00:00-05:00,25.695337623256645,25.951668033654283,24.934106796942306,25.2758846282959,616500,0.0,0.0
2009-12-29 00:00:00-05:00,25.33025483545466,25.384628036163484,24.817591112259173,24.996246337890625,723900,0.0,0.0
2009-12-30 00:00:00-05:00,24.85642155222418,25.260338758021785,24.778744938561843,25.112754821777344,294900,0.0,0.0
2009-12-31 00:00:00-05:00,25.159361251556376,25.159361251556376,24.864190386201436,24.934099197387695,420700,0.0,0.0
2010-01-04 00:00:00-05:00,25.345789077950165,26.029338696221618,24.96517373060968,25.835147857666016,1081100,0.0,0.0
2010-01-05 00:00:00-05:00,25.88952778499601,26.48763304721797,25.858456535158705,26.409957885742188,752100,0.0,0.0
2010-01-06 00:00:00-05:00,26.45655486000392,26.813865210068844,26.316737251175667,26.697349548339844,1429300,0.0,0.0
2010-01-07 00:00:00-05:00,26.71289144299371,26.883780330178094,26.355581008987325,26.837173461914062,1191400,0.0,0.0
2010-01-08 00:00:00-05:00,26.77502844511057,27.008056812425604,26.53423078645238,26.588603973388672,1187300,0.0,0.0
2010-01-11 00:00:00-05:00,26.66628646850586,26.782799189818085,26.25459988980856,26.66628646850586,791800,0.0,0.0
2010-01-12 00:00:00-05:00,26.402184103293077,26.409950432001757,25.547742752623037,25.695329666137695,827000,0.0,0.0
2010-01-13 00:00:00-05:00,25.726435769721324,25.959746249648752,25.088716106754248,25.8042049407959,1492800,0.04,0.0
2010-01-14 00:00:00-05:00,25.79642953561315,25.88975611285673,25.236484905672132,25.718660354614258,929300,0.0,0.0
2010-01-15 00:00:00-05:00,25.67199334174981,25.67199334174981,25.158709108188766,25.275365829467773,885500,0.0,0.0
2010-01-19 00:00:00-05:00,25.259812361996715,25.835314326561917,25.166488761449628,25.82753562927246,1673400,0.0,0.0
2010-01-20 00:00:00-05:00,25.477567676800312,25.66421783916202,25.13537917362481,25.570894241333008,1011400,0.0,0.0
2010-01-21 00:00:00-05:00,25.570893241980844,25.726434543419515,24.88651329567284,25.003170013427734,1454400,0.0,0.0
2010-01-22 00:00:00-05:00,25.003176531774614,25.003176531774614,24.44322888729806,24.699871063232422,1620900,0.0,0.0
2010-01-25 00:00:00-05:00,24.92540445705552,25.290926166890344,24.7620873824629,24.84763526916504,1278500,0.0,0.0
2010-01-26 00:00:00-05:00,24.544335958467286,24.956519581134444,24.497674137353897,24.886526107788086,1113800,0.0,0.0
2010-01-27 00:00:00-05:00,24.90207643986119,25.1898260198968,24.279912499659762,24.37323760986328,1879200,0.0,0.0
2010-01-28 00:00:00-05:00,24.419898295426737,24.49766896977902,23.12113292880595,23.24556541442871,2380800,0.0,0.0
2010-01-29 00:00:00-05:00,23.43221373645469,23.81328988583628,22.467861247927885,22.631179809570312,1931400,0.0,0.0
2010-02-01 00:00:00-05:00,22.841152265377726,23.3699893951416,22.841152265377726,23.3699893951416,915600,0.0,0.0
2010-02-02 00:00:00-05:00,23.19890154298463,24.68431550612768,23.19890154298463,24.412118911743164,1905800,0.0,0.0
2010-02-03 00:00:00-05:00,24.19436325007011,24.972066971555083,24.19436325007011,24.36545753479004,1001500,0.0,0.0
2010-02-04 00:00:00-05:00,23.98438253065969,24.077706145165358,23.136685368247335,23.160017013549805,1253300,0.0,0.0
2010-02-05 00:00:00-05:00,23.191126387387783,23.300004441469643,21.931247099619256,23.24556541442871,2759300,0.0,0.0
2010-02-08 00:00:00-05:00,23.323328192483466,23.673295366908473,22.833375631640187,22.996692657470703,1669800,0.0,0.0
2010-02-09 00:00:00-05:00,23.743291969418497,23.7743993427665,22.460079814232873,23.268892288208008,3318900,0.0,0.0
2010-02-10 00:00:00-05:00,23.323325435171625,23.45553507617423,22.9344737243818,23.152231216430664,1364800,0.0,0.0
2010-02-11 00:00:00-05:00,23.043357107403093,23.564418580819257,22.957810719740554,23.315553665161133,1558800,0.0,0.0
2010-02-12 00:00:00-05:00,22.84893204183952,23.354440589019195,22.530073671578105,23.19112205505371,1701100,0.0,0.0
2010-02-16 00:00:00-05:00,23.152236620517453,23.57219579485256,23.152236620517453,23.315553665161133,1616600,0.0,0.0
2010-02-17 00:00:00-05:00,23.447762815480047,24.13214280166928,23.268891346748358,23.821060180664062,4133100,0.0,0.0
2010-02-18 00:00:00-05:00,23.82883982450329,23.976603936214033,23.618860962269316,23.922164916992188,1700000,0.0,0.0
2010-02-19 00:00:00-05:00,23.898833885326717,24.14769882720373,23.758846984682883,24.139923095703125,1833600,0.0,0.0
2010-02-22 00:00:00-05:00,24.2643466565259,24.381001869774753,24.0854737473027,24.27989959716797,1881400,0.0,0.0
2010-02-23 00:00:00-05:00,24.155486463279477,24.2099255073823,23.463330359653238,23.68886375427246,2535900,0.0,0.0
2010-02-24 00:00:00-05:00,23.673294032051544,24.147692139870284,23.564414537618813,24.08547592163086,1383200,0.0,0.0
2010-02-25 00:00:00-05:00,24.046589170670252,24.28767680916476,23.45553440907766,24.27989959716797,1385600,0.0,0.0
2010-02-26 00:00:00-05:00,24.27991051591371,24.42767464359969,23.99216095938816,24.256580352783203,1103600,0.0,0.0
2010-03-01 00:00:00-05:00,24.318793463061372,25.10427284329293,24.17880656888878,25.08871841430664,1638000,0.0,0.0
2010-03-02 00:00:00-05:00,25.182047062615194,26.301939341543942,25.182047062615194,25.462020874023438,4143000,0.0,0.0
2010-03-03 00:00:00-05:00,25.462018772089035,25.586451237253446,24.995394802694516,25.16649055480957,2325600,0.0,0.0
2010-03-04 00:00:00-05:00,24.96428916253183,25.096500342581535,24.01549112251866,24.256580352783203,3630300,0.0,0.0
2010-03-05 00:00:00-05:00,24.48211218944961,24.987620782565376,24.43545038265582,24.9487361907959,1755700,0.0,0.0
2010-03-08 00:00:00-05:00,24.94095749241949,25.26759459003231,24.83985666380759,24.9487361907959,847800,0.0,0.0
2010-03-09 00:00:00-05:00,24.84763060727373,25.11982568052575,24.692089293970948,24.972063064575195,981400,0.0,0.0
2010-03-10 00:00:00-05:00,24.94095904451891,25.353141082993382,24.80874934758222,25.143163681030273,779400,0.0,0.0
2010-03-11 00:00:00-05:00,24.94873123095643,25.236480712890625,24.863181882696292,25.236480712890625,964600,0.0,0.0
2010-03-12 00:00:00-05:00,25.329802644788888,25.710878663440237,25.329802644788888,25.51645278930664,1844300,0.0,0.0
2010-03-15 00:00:00-04:00,26.76855637110578,26.76855637110578,25.104271149044962,25.35313606262207,1951300,0.0,0.0
2010-03-16 00:00:00-04:00,25.50090133075394,25.64088821375581,25.32980559226193,25.625333786010742,567600,0.0,0.0
2010-03-17 00:00:00-04:00,25.679780595918366,26.076408240367112,25.586456967819483,25.843097686767578,1034300,0.0,0.0
2010-03-18 00:00:00-04:00,25.9519765224901,25.9519765224901,25.244266140967028,25.407583236694336,1153600,0.0,0.0
2010-03-19 00:00:00-04:00,25.454242532439665,25.454242532439665,24.45878271498978,24.528776168823242,1296600,0.0,0.0
2010-03-22 00:00:00-04:00,24.365462472098702,24.847639529800528,23.86773246416321,24.785423278808594,1009600,0.0,0.0
2010-03-23 00:00:00-04:00,24.800965422575615,25.02650016124493,24.606539537523496,24.894289016723633,893100,0.0,0.0
2010-03-24 00:00:00-04:00,24.668760742132687,25.462020352663995,24.668760742132687,25.392026901245117,1224700,0.0,0.0
2010-03-25 00:00:00-04:00,25.586453257129083,25.72644016232805,24.559883113454024,24.590991973876953,1384800,0.0,0.0
2010-03-26 00:00:00-04:00,24.637650066863646,25.07316514701511,24.50544039670193,24.707643508911133,673100,0.0,0.0
2010-03-29 00:00:00-04:00,24.77763821351339,25.25981363513012,24.71542198222891,25.034278869628906,892600,0.0,0.0
2010-03-30 00:00:00-04:00,25.135389825159706,25.54757194305184,25.112059657491834,25.220937728881836,890400,0.0,0.0
2010-03-31 00:00:00-04:00,25.049833522928374,25.539787646620397,24.70764498947106,24.769861221313477,1890100,0.0,0.0
2010-04-01 00:00:00-04:00,25.09649246794827,25.337581622565242,24.956505599680792,25.24425506591797,1173500,0.0,0.0
2010-04-05 00:00:00-04:00,25.2209352216006,25.944200014452413,25.2209352216006,25.843097686767578,949100,0.0,0.0
2010-04-06 00:00:00-04:00,25.679773858508586,25.788651890509215,25.23648303296097,25.78087615966797,1229500,0.0,0.0
2010-04-07 00:00:00-04:00,25.788652747590852,25.998633087729523,25.446464211830033,25.60978126525879,970600,0.0,0.0
2010-04-08 00:00:00-04:00,25.41535535561861,25.640890124674744,25.158711728753914,25.578672409057617,1017900,0.0,0.0
2010-04-09 00:00:00-04:00,25.710879673991055,26.130837323931228,25.45423608602985,26.02195930480957,882000,0.0,0.0
2010-04-12 00:00:00-04:00,26.06862068981652,26.193053126441047,25.881970551528077,26.115283966064453,1161900,0.0,0.0
2010-04-13 00:00:00-04:00,25.920634652345022,26.107504486320053,25.873915708730035,26.08414649963379,733700,0.04,0.0
2010-04-14 00:00:00-04:00,26.247654080821345,26.862773372350635,26.115288217456342,26.847200393676758,1528500,0.0,0.0
2010-04-15 00:00:00-04:00,26.629186487586797,27.034075050584278,26.41116774120835,26.707048416137695,1351400,0.0,0.0
2010-04-16 00:00:00-04:00,26.504605344823116,26.73040909361748,26.068570826831465,26.395597457885742,923300,0.0,0.0
2010-04-19 00:00:00-04:00,26.348881721120605,26.348881721120605,25.305515723259585,25.819412231445312,1617200,0.0,0.0
2010-04-20 00:00:00-04:00,26.076361074506362,26.286588891784472,25.943992221515337,26.169795989990234,704600,0.0,0.0
2010-04-21 00:00:00-04:00,26.232084711724035,26.28658865946145,25.733761206557734,25.82719612121582,838300,0.0,0.0
2010-04-22 00:00:00-04:00,25.56245660244877,25.81940328236188,25.196499089892164,25.796045303344727,954400,0.0,0.0
2010-04-23 00:00:00-04:00,25.96733703375045,27.002917465015,25.936194057883945,26.745967864990234,1349800,0.0,0.0
2010-04-26 00:00:00-04:00,26.668112452589856,27.431170496264162,26.668112452589856,27.143077850341797,1298300,0.0,0.0
2010-04-27 00:00:00-04:00,27.04965503445765,27.898363344488736,25.889492989092187,25.959569931030273,3294200,0.0,0.0
2010-04-28 00:00:00-04:00,26.091933528754765,26.325525294704164,24.713757257891004,25.585824966430664,3649300,0.0,0.0
2010-04-29 00:00:00-04:00,25.687044101048045,26.356664425170397,25.38337544388283,26.185367584228516,1314400,0.0,0.0
2010-04-30 00:00:00-04:00,26.23986708441296,26.286583046645834,24.877262741441506,24.90840721130371,1496500,0.0,0.0
2010-05-03 00:00:00-04:00,25.01741697249226,25.344440594368674,24.674818887752004,24.822757720947266,1393400,0.0,0.0
2010-05-04 00:00:00-04:00,24.417874435709617,24.425660925773794,22.96961995643783,23.086414337158203,2588200,0.0,0.0
2010-05-05 00:00:00-04:00,22.891755180492634,22.954045612183076,22.214346921499203,22.603662490844727,3934100,0.0,0.0
2010-05-06 00:00:00-04:00,22.5413665513728,22.790528217254142,19.457987223289493,21.396778106689453,3201100,0.0,0.0
2010-05-07 00:00:00-04:00,21.170979194888503,21.87953334930206,20.64150983002542,20.84395408630371,4042000,0.0,0.0
2010-05-10 00:00:00-04:00,22.307783690516032,22.65038183600154,21.560298447770748,22.144271850585938,2071300,0.0,0.0
2010-05-11 00:00:00-04:00,21.87953277856611,22.80610414290653,21.716019485978567,22.611446380615234,2951800,0.0,0.0
2010-05-12 00:00:00-04:00,22.852827960260615,23.724894146746863,22.774964536615453,23.561382293701172,3127000,0.0,0.0
2010-05-13 00:00:00-04:00,23.584741200132168,23.740466558562716,23.2032105819424,23.265501022338867,2116100,0.0,0.0
2010-05-14 00:00:00-04:00,23.024126614397794,23.3200073312117,22.447939647854394,22.720460891723633,3505200,0.0,0.0
2010-05-17 00:00:00-04:00,22.946257371372777,23.12534364829623,21.73159330354917,22.401216506958008,3339200,0.0,0.0
2010-05-18 00:00:00-04:00,22.65038823574282,23.01634447026229,21.84061084218283,21.87954330444336,2012900,0.0,0.0
2010-05-19 00:00:00-04:00,21.58365369168916,21.832816892741516,20.91403195140381,21.770524978637695,2313700,0.0,0.0
2010-05-20 00:00:00-04:00,21.170979014026265,21.26441390989748,20.182117207810407,20.602577209472656,3687700,0.0,0.0
2010-05-21 00:00:00-04:00,20.158767190355665,21.68488556109573,20.003041795869756,21.420150756835938,3000000,0.0,0.0
2010-05-24 00:00:00-04:00,21.186563274639106,21.801682897829174,20.906256932978405,20.914043426513672,2245900,0.0,0.0
2010-05-25 00:00:00-04:00,20.150972218341014,21.50579163950256,19.94074294999336,21.435714721679688,2841200,0.0,0.0
2010-05-26 00:00:00-04:00,21.76273760801515,22.05083025381325,21.27998572205182,21.35784912109375,1589400,0.0,0.0
2010-05-27 00:00:00-04:00,21.972970105267024,22.829464651189234,21.85617573198696,22.821678161621094,1204400,0.0,0.0
2010-05-28 00:00:00-04:00,22.81389168313225,22.837251151848022,22.128696937134347,22.323354721069336,1206700,0.0,0.0
2010-06-01 00:00:00-04:00,22.089764126912524,22.525797110625277,21.34227752685547,21.34227752685547,1620400,0.0,0.0
2010-06-02 00:00:00-04:00,21.661517958666167,22.323354721069336,21.264415901224268,22.323354721069336,1256600,0.0,0.0
2010-06-03 00:00:00-04:00,22.440148879322372,22.59587569902617,21.73159467140003,22.206560134887695,1264400,0.0,0.0
2010-06-04 00:00:00-04:00,21.46685698867997,21.85617249876882,21.27998572205182,21.35784912109375,2121600,0.0,0.0
2010-06-07 00:00:00-04:00,21.56029682365086,21.62258725585401,20.353417657673344,20.361204147338867,1955400,0.0,0.0
2010-06-08 00:00:00-04:00,20.361203763847694,20.781665287140616,19.785016905540413,20.26776885986328,2797000,0.0,0.0
2010-06-09 00:00:00-04:00,20.524717986120365,21.116477849777613,20.252196781326475,20.37677764892578,2015000,0.0,0.0
2010-06-10 00:00:00-04:00,20.929607351500284,21.71602509240096,20.719378042642674,21.70823860168457,1968800,0.0,0.0
2010-06-11 00:00:00-04:00,21.326707865655568,21.793886877704864,21.311136370513463,21.786100387573242,1086600,0.0,0.0
2010-06-14 00:00:00-04:00,22.159843315159755,22.49465496992769,21.918468058165658,22.004117965698242,1940300,0.0,0.0
2010-06-15 00:00:00-04:00,22.245480701923217,22.627009598275663,22.11311341256663,22.455711364746094,1294900,0.0,0.0
2010-06-16 00:00:00-04:00,22.292210150717718,22.385646546277215,21.94182700889214,21.988544464111328,1624100,0.0,0.0
2010-06-17 00:00:00-04:00,21.97297169536873,22.136485017890497,21.295563390250223,21.786100387573242,1101400,0.0,0.0
2010-06-18 00:00:00-04:00,22.120910657379298,22.502439739296157,22.081979694271453,22.440149307250977,1744900,0.0,0.0
2010-06-21 00:00:00-04:00,23.125343875581013,23.732675172901438,22.292207365074713,22.51801109313965,2138800,0.0,0.0
2010-06-22 00:00:00-04:00,22.440146187760387,22.85282117089283,22.128694070830637,22.25327491760254,1185800,0.0,0.0
2010-06-23 00:00:00-04:00,22.206555879817753,22.253273322728806,21.583650205480552,21.848384857177734,888700,0.0,0.0
2010-06-24 00:00:00-04:00,21.591439200142712,21.63037164468906,20.773877171241192,20.84395408630371,1620200,0.0,0.0
2010-06-25 00:00:00-04:00,21.069758747169015,21.295562496142093,20.649298693562734,21.03861427307129,1476800,0.0,0.0
2010-06-28 00:00:00-04:00,21.139833058655267,21.170979014026265,20.58700571690805,20.602577209472656,1871100,0.0,0.0
2010-06-29 00:00:00-04:00,20.189910764873726,20.189910764873726,19.465783385320382,19.613723754882812,1257000,0.0,0.0
2010-06-30 00:00:00-04:00,19.6760139288495,20.073116082605594,19.34120222165585,19.395706176757812,1251700,0.0,0.0
2010-07-01 00:00:00-04:00,19.395705791456997,19.61372309265527,18.375699192339177,19.021963119506836,2119600,0.0,0.0
2010-07-02 00:00:00-04:00,19.107606536702495,19.23218738495946,18.733862506810752,18.889589309692383,1226700,0.0,0.0
2010-07-06 00:00:00-04:00,19.247759538821395,19.504707732824464,18.27447070015509,18.562564849853516,1936800,0.0,0.0
2010-07-07 00:00:00-04:00,18.718291991623413,19.64486191325692,18.578138158738764,19.637075424194336,1650300,0.0,0.0
2010-07-08 00:00:00-04:00,19.870670205827853,20.24441285597051,19.652652917350665,20.228839874267578,1313400,0.0,0.0
2010-07-09 00:00:00-04:00,20.11982946069335,20.610366442123453,20.065325516659012,20.516931533813477,1152400,0.0,0.0
2010-07-12 00:00:00-04:00,20.50136021284012,20.82838538862715,20.189908018071808,20.5792236328125,1351700,0.0,0.0
2010-07-13 00:00:00-04:00,20.930270033559346,21.28912001499441,20.74304453852469,21.15650177001953,1610500,0.05,0.0
2010-07-14 00:00:00-04:00,21.23450891154885,21.242310158964926,20.509010757083505,20.672832489013672,1847100,0.0,0.0
2010-07-15 00:00:00-04:00,20.641624364306352,20.680630595462475,19.931727324556277,20.462200164794922,1704000,0.0,0.0
2010-07-16 00:00:00-04:00,20.189170924305415,20.329590439199762,19.393462819797772,19.526081085205078,2669900,0.0,0.0
2010-07-19 00:00:00-04:00,19.619687460052617,19.799111682838973,19.362252252770006,19.643091201782227,1313600,0.0,0.0
2010-07-20 00:00:00-04:00,19.229630402230274,20.680629381479584,19.198426907072644,20.63382339477539,1947700,0.0,0.0
2010-07-21 00:00:00-04:00,20.945879089689726,21.328131447753005,20.774254549542157,21.17991065979004,2322000,0.0,0.0
2010-07-22 00:00:00-04:00,21.499748333057873,21.92880807242049,21.39833507855311,21.87420082092285,1897200,0.0,0.0
2010-07-23 00:00:00-04:00,21.811796074708372,22.38907669824828,21.718184046197724,22.131641387939453,1911100,0.0,0.0
2010-07-26 00:00:00-04:00,22.116035272587073,22.724517822265625,22.045825518710917,22.724517822265625,1352100,0.0,0.0
2010-07-27 00:00:00-04:00,22.841535070683303,23.106771588007433,21.98341701392501,22.724517822265625,2493200,0.0,0.0
2010-07-28 00:00:00-04:00,22.576298490407932,22.88053976439887,22.02242171003333,22.18624496459961,2172200,0.0,0.0
2010-07-29 00:00:00-04:00,22.3110566684385,22.880534323596905,21.008278142511216,21.803987503051758,4256800,0.0,0.0
2010-07-30 00:00:00-04:00,21.4763465900799,21.975614601947292,21.35932934785444,21.913206100463867,2180900,0.0,0.0
2010-08-02 00:00:00-04:00,22.428078474981284,23.137975796371883,22.295460212307425,22.8337345123291,1693700,0.0,0.0
2010-08-03 00:00:00-04:00,22.59190073918232,22.747922753233816,22.240853439470758,22.513891220092773,816500,0.0,0.0
2010-08-04 00:00:00-04:00,22.646504032365183,22.950745249774325,22.412471067643207,22.864933013916016,1055100,0.0,0.0
2010-08-05 00:00:00-04:00,22.669911193529074,22.919545219576577,22.669911193529074,22.896142959594727,624600,0.0,0.0
2010-08-06 00:00:00-04:00,22.685510443095477,22.935144433390104,22.15503746975142,22.69331169128418,1154900,0.0,0.0
2010-08-09 00:00:00-04:00,22.92734278733984,23.270590262006504,22.90394053111579,23.19257926940918,877900,0.0,0.0
2010-08-10 00:00:00-04:00,22.97414942531205,22.989750432905332,22.404670241985016,22.786922454833984,1083100,0.0,0.0
2010-08-11 00:00:00-04:00,22.022417038329046,22.13163301418351,21.289117636681166,21.53875160217285,1473500,0.0,0.0
2010-08-12 00:00:00-04:00,21.055085611539393,21.608962298973534,21.039483116020488,21.25791358947754,1383800,0.0,0.0
2010-08-13 00:00:00-04:00,21.140891911423143,21.546547753368788,21.055079698105867,21.390525817871094,917800,0.0,0.0
2010-08-16 00:00:00-04:00,21.179900168268727,21.46073910362392,21.11749168129376,21.21890640258789,933800,0.0,0.0
2010-08-17 00:00:00-04:00,21.374929517786608,22.443676663247086,21.36712826995862,22.05362319946289,1295300,0.0,0.0
2010-08-18 00:00:00-04:00,22.053623439978058,22.100429439520575,21.608962724484382,21.741580963134766,1307600,0.0,0.0
2010-08-19 00:00:00-04:00,21.585553650269766,21.73377434814372,20.95366760471212,20.977069854736328,1212200,0.0,0.0
2010-08-20 00:00:00-04:00,20.86786497699928,20.89126872571463,20.337391909607632,20.4934139251709,1491600,0.0,0.0
2010-08-23 00:00:00-04:00,21.10969602903566,21.10969602903566,20.13456223165679,20.243778228759766,1183500,0.0,0.0
2010-08-24 00:00:00-04:00,19.900524940515172,19.98633716592216,19.44026180268149,19.502670288085938,1902300,0.0,0.0
2010-08-25 00:00:00-04:00,19.26864319968343,20.462205939100702,19.260841951250743,20.399797439575195,3243700,0.0,0.0
2010-08-26 00:00:00-04:00,20.548017602820956,20.750845592526815,20.313986108202783,20.423200607299805,2256100,0.0,0.0
2010-08-27 00:00:00-04:00,20.704044341347913,21.172107437972617,20.329591780937335,21.06289291381836,1524500,0.0,0.0
2010-08-30 00:00:00-04:00,20.899067806255125,21.242313824172225,20.719642060598392,20.743045806884766,857100,0.0,0.0
2010-08-31 00:00:00-04:00,20.6728392133723,21.07849528334318,20.52461844012596,20.828861236572266,1776400,0.0,0.0
2010-09-01 00:00:00-04:00,21.343721648824957,21.99121020675377,21.320317910127923,21.881994247436523,1104900,0.0,0.0
2010-09-02 00:00:00-04:00,22.014614593579584,22.233045045472664,21.913201358590197,22.194040298461914,818100,0.0,0.0
2010-09-03 00:00:00-04:00,22.53728424470896,22.716709933719137,22.38126378253194,22.623096466064453,810800,0.0,0.0
2010-09-07 00:00:00-04:00,22.53728940216076,22.56069314641406,21.803989937455167,21.842994689941406,923100,0.0,0.0
2010-09-08 00:00:00-04:00,21.77278628235032,22.451480028020498,21.757183785223184,22.287656784057617,974800,0.0,0.0
2010-09-09 00:00:00-04:00,23.098968669557028,23.293995418910434,22.3344626812603,22.412473678588867,1597700,0.0,0.0
2010-09-10 00:00:00-04:00,22.52948299840977,22.825924406036613,22.51388199374698,22.623096466064453,1243500,0.0,0.0
2010-09-13 00:00:00-04:00,23.18477832474383,23.808864785753062,23.09896757090622,23.801063537597656,1659300,0.0,0.0
2010-09-14 00:00:00-04:00,23.785458055598916,24.60457115386574,23.621636328707005,24.573366165161133,3263100,0.0,0.0
2010-09-15 00:00:00-04:00,24.300329164371952,24.409545140042272,23.925878216765778,24.36273765563965,1947900,0.0,0.0
2010-09-16 00:00:00-04:00,24.53436744214994,25.20525998469328,24.370544187092,25.04143524169922,1420400,0.0,0.0
2010-09-17 00:00:00-04:00,25.189662149950117,25.22086715209485,24.651387766444646,24.84641456604004,1313000,0.0,0.0
2010-09-20 00:00:00-04:00,24.94001178815352,25.17404470146982,24.68257662506045,24.947813034057617,1918700,0.0,0.0
2010-09-21 00:00:00-04:00,24.955619795163134,24.994626033304,24.456351850446776,24.471954345703125,1399600,0.0,0.0
2010-09-22 00:00:00-04:00,24.31594188304127,24.92442604469609,24.058506562328926,24.768404006958008,1736200,0.0,0.0
2010-09-23 00:00:00-04:00,24.495358308927635,25.002427536634542,24.230121822815846,24.721590042114258,1231200,0.0,0.0
2010-09-24 00:00:00-04:00,25.111645906503878,25.727931215695413,25.04143615006595,25.501699447631836,1394800,0.0,0.0
2010-09-27 00:00:00-04:00,25.228661742876966,25.743532269226613,25.228661742876966,25.43929100036621,1023900,0.0,0.0
2010-09-28 00:00:00-04:00,25.564105276686192,25.743529519261266,24.901014067239245,25.69672203063965,643700,0.0,0.0
2010-09-29 00:00:00-04:00,25.595317367117296,25.595317367117296,25.181858542646825,25.29887580871582,1225200,0.0,0.0
2010-09-30 00:00:00-04:00,25.50169852256926,25.587510774644187,24.91661972003697,25.04143524169922,1120300,0.0,0.0
2010-10-01 00:00:00-04:00,25.267661754359573,25.486090731828714,24.98682279711546,25.158447265625,1225600,0.0,0.0
2010-10-04 00:00:00-04:00,25.19745121240255,25.275463684636236,24.354935855443728,24.627973556518555,1251300,0.0,0.0
2010-10-05 00:00:00-04:00,25.096039318085595,25.83714152063264,24.854208066553557,25.69672203063965,1284600,0.0,0.0
2010-10-06 00:00:00-04:00,25.64211433480157,26.09457778930664,25.57190459102912,26.09457778930664,1195900,0.0,0.0
2010-10-07 00:00:00-04:00,26.156980592567386,26.20378807284888,25.44708350892374,25.80593490600586,2029800,0.0,0.0
2010-10-08 00:00:00-04:00,25.82153833705094,26.742064757668462,25.735729074003363,26.648452758789062,1449300,0.0,0.0
2010-10-11 00:00:00-04:00,26.74986705710791,26.874684045534803,26.42222060256748,26.484630584716797,675200,0.0,0.0
2010-10-12 00:00:00-04:00,26.391021269411223,26.773272033371782,25.98536527183019,26.710865020751953,729800,0.0,0.0
2010-10-13 00:00:00-04:00,26.874932606455566,27.187430020813412,26.562432211873087,26.81243133544922,817200,0.05,0.0
2010-10-14 00:00:00-04:00,26.859300219726414,26.913987327351798,26.187426634358694,26.50773811340332,946000,0.0,0.0
2010-10-15 00:00:00-04:00,26.773354567387134,26.859292276877422,25.913980452707207,26.59366798400879,1080500,0.0,0.0
2010-10-18 00:00:00-04:00,26.60148756276894,26.7421124081938,26.43742623651458,26.70305061340332,1395100,0.0,0.0
2010-10-19 00:00:00-04:00,26.10929661742175,26.351484476503813,25.351488377471874,25.56242561340332,1600100,0.0,0.0
2010-10-20 00:00:00-04:00,25.601490481156752,26.851485755275583,25.499927433814655,26.52336311340332,1195300,0.0,0.0
2010-10-21 00:00:00-04:00,26.67961691429273,27.374927066820273,26.46086547625514,26.585865020751953,1990800,0.0,0.0
2010-10-22 00:00:00-04:00,26.624922464578415,26.703046040781516,26.10148496730275,26.367109298706055,935100,0.0,0.0
2010-10-25 00:00:00-04:00,26.820232479305584,27.460855295359465,26.820232479305584,27.32023048400879,2115400,0.0,0.0
2010-10-26 00:00:00-04:00,27.257737801532578,28.49992203832841,27.234301319023412,27.843673706054688,2758900,0.0,0.0
2010-10-27 00:00:00-04:00,27.60148711771562,28.124921730526253,27.28898679528686,27.757734298706055,1300100,0.0,0.0
2010-10-28 00:00:00-04:00,28.023360157126323,28.08586141699902,27.484300201732776,27.72648811340332,757500,0.0,0.0
2010-10-29 00:00:00-04:00,28.359289678756912,28.929600117290033,27.679605043823376,27.85148048400879,2789200,0.0,0.0
2010-11-01 00:00:00-04:00,28.218663528509655,28.39835012557511,27.86710149937151,28.046791076660156,1535300,0.0,0.0
2010-11-02 00:00:00-04:00,28.26554559945019,28.79679434106052,28.26554559945019,28.601482391357422,1423700,0.0,0.0
2010-11-03 00:00:00-04:00,28.538983813178135,28.85148415409724,28.48429670055091,28.710859298706055,1343200,0.0,0.0
2010-11-04 00:00:00-04:00,29.20304445616577,30.03897938829955,29.12491788573686,29.94523048400879,1786000,0.0,0.0
2010-11-05 00:00:00-04:00,27.359298637859393,30.617100571959856,27.359298637859393,30.523351669311523,1672700,0.0,0.0
2010-11-08 00:00:00-05:00,30.312422176451992,30.781172770347045,30.226484418560002,30.367109298706055,1293600,0.0,0.0
2010-11-09 00:00:00-05:00,30.2655390958964,30.273350262084982,28.687418285897646,28.874916076660156,1907400,0.0,0.0
2010-11-10 00:00:00-05:00,28.703049694884296,29.52335940920321,28.382738169094083,29.296796798706055,1870800,0.0,0.0
2010-11-11 00:00:00-05:00,28.92179218803537,29.749915879506734,28.92179218803537,29.515539169311523,2330900,0.0,0.0
2010-11-12 00:00:00-05:00,29.171788226638206,29.273351258582423,28.38272938827115,28.695226669311523,1049400,0.0,0.0
2010-11-15 00:00:00-05:00,29.015541859835764,29.429602226531312,28.28898119133966,28.32804298400879,923900,0.0,0.0
2010-11-16 00:00:00-05:00,28.070228955463485,28.070228955463485,26.999920484544653,27.39835548400879,2165100,0.0,0.0
2010-11-17 00:00:00-05:00,27.48429395710345,27.88272896748023,27.117106589339222,27.531169891357422,1499200,0.0,0.0
2010-11-18 00:00:00-05:00,28.023351423512995,28.953038002921364,28.023351423512995,28.76553726196289,1190300,0.0,0.0
2010-11-19 00:00:00-05:00,28.72648125253004,29.148355769340657,28.515543994124727,29.038978576660156,698400,0.0,0.0
2010-11-22 00:00:00-05:00,28.890553947845444,29.32805395017652,28.66399128698337,29.132741928100586,1187800,0.0,0.0
2010-11-23 00:00:00-05:00,28.679602919124026,28.679602919124026,28.10929244446821,28.413978576660156,974000,0.0,0.0
2010-11-24 00:00:00-05:00,28.74991773227826,29.038978576660156,28.609292893341387,29.038978576660156,1139800,0.0,0.0
2010-11-26 00:00:00-05:00,28.687421703097257,28.73429466625949,28.507735057119348,28.523357391357422,380200,0.0,0.0
2010-11-29 00:00:00-05:00,28.49211718999263,28.49992835915337,27.921806474065612,28.406179428100586,1020800,0.0,0.0
2010-11-30 00:00:00-05:00,28.038986167909005,29.132734401030795,27.874924827007987,28.906171798706055,1800900,0.0,0.0
2010-12-01 00:00:00-05:00,29.085872238731504,30.16399566741908,29.085872238731504,30.02337074279785,1471200,0.0,0.0
2010-12-02 00:00:00-05:00,29.992110493598044,30.413985132374602,29.67179893013243,30.320236206054688,1246700,0.0,0.0
2010-12-03 00:00:00-05:00,30.10147626853692,30.929599995337576,30.10147626853692,30.84366226196289,1010900,0.0,0.0
2010-12-06 00:00:00-05:00,30.62491030731298,30.913971120635342,30.546783749507306,30.851472854614258,1183800,0.0,0.0
2010-12-07 00:00:00-05:00,31.21864469098989,31.24208413901718,30.328023151731422,30.421772003173828,1748000,0.0,0.0
2010-12-08 00:00:00-05:00,30.390532073441907,30.804592337434215,30.02334475693672,30.062406539916992,1533800,0.0,0.0
2010-12-09 00:00:00-05:00,30.257721131824752,30.499908976244765,29.859286141557792,30.398345947265625,1583800,0.0,0.0
2010-12-10 00:00:00-05:00,30.515530497763724,30.718653550276954,30.35928039109506,30.601465225219727,1040000,0.0,0.0
2010-12-13 00:00:00-05:00,31.38271895238572,31.38271895238572,30.663972492620115,30.906160354614258,1456900,0.0,0.0
2010-12-14 00:00:00-05:00,30.960843920350342,31.79677863277529,30.81240496566161,31.117094039916992,1635900,0.0,0.0
2010-12-15 00:00:00-05:00,31.062408390624704,31.49990819170129,30.757722253181047,31.288970947265625,1871100,0.0,0.0
2010-12-16 00:00:00-05:00,31.335847760142414,31.75772226081084,31.19522292658627,31.468658447265625,1846300,0.0,0.0
2010-12-17 00:00:00-05:00,31.406182440120677,31.718679973816812,31.24993218315972,31.64055633544922,2412700,0.0,0.0
2010-12-20 00:00:00-05:00,31.67179209221383,32.03116542810457,31.60147965865048,31.695228576660156,1280900,0.0,0.0
2010-12-21 00:00:00-05:00,31.835860767170356,32.312422595367686,31.570236288186187,32.14836120605469,805700,0.0,0.0
2010-12-22 00:00:00-05:00,32.5936604836718,32.60928579792859,31.83584913344931,31.86709976196289,994300,0.0,0.0
2010-12-23 00:00:00-05:00,31.921785982257045,31.976473090519985,31.734285196624196,31.890535354614258,955800,0.0,0.0
2010-12-27 00:00:00-05:00,31.718657258480416,31.77334436221868,31.515534156055953,31.554595947265625,905600,0.0,0.0
2010-12-28 00:00:00-05:00,31.55460631711424,31.601482270104956,31.343668998992943,31.460857391357422,911900,0.0,0.0
2010-12-29 00:00:00-05:00,31.58585076318632,32.03116179855316,31.52334950477917,31.90616226196289,632300,0.0,0.0
2010-12-30 00:00:00-05:00,31.83583073303719,32.249890890740545,31.765518349632636,32.06239318847656,509400,0.0,0.0
2010-12-31 00:00:00-05:00,32.00771997308396,32.210843068547796,32.00771997308396,32.16396713256836,565000,0.0,0.0
2011-01-03 00:00:00-05:00,32.61710180351818,33.53897461985593,32.492102251144814,33.03116226196289,1807200,0.0,0.0
2011-01-04 00:00:00-05:00,33.148347857959976,33.484284685498885,32.28897638020528,32.57803726196289,1962500,0.0,0.0
2011-01-05 00:00:00-05:00,32.429610972410444,32.999924772245734,32.34367617512017,32.58586120605469,1466900,0.0,0.0
2011-01-06 00:00:00-05:00,32.80459465245094,33.085841341795,32.4061566271554,32.97646713256836,1316500,0.0,0.0
2011-01-07 00:00:00-05:00,33.249898042684926,33.35927222693413,32.609275266177015,33.04677200317383,1446400,0.0,0.0
2011-01-10 00:00:00-05:00,33.05458805109696,33.58583667394372,32.57021237835696,33.47645950317383,1101700,0.0,0.0
2011-01-11 00:00:00-05:00,33.56239547115522,34.046771118674954,33.234272916599615,33.41395950317383,1497800,0.0,0.0
2011-01-12 00:00:00-05:00,33.71865432606481,34.17959063903446,33.71865432606481,34.03115463256836,987700,0.0,0.0
2011-01-13 00:00:00-05:00,34.10937124486047,34.22669129863179,33.71047530455113,33.78086853027344,909400,0.05,0.0
2011-01-14 00:00:00-05:00,33.79651181491319,33.96076168045071,33.39761885808652,33.773048400878906,910500,0.0,0.0
2011-01-18 00:00:00-05:00,33.866898569089,34.41440099990809,33.85907842712151,34.312721252441406,1560900,0.0,0.0
2011-01-19 00:00:00-05:00,34.08589544107615,34.26578851172251,33.36632017484297,33.41324996948242,1424600,0.0,0.0
2011-01-20 00:00:00-05:00,32.685863705007414,32.89704336448126,31.864611462819234,31.88807487487793,2909200,0.0,0.0
2011-01-21 00:00:00-05:00,32.286966983427476,32.51378990643325,31.825500994809854,31.8724308013916,1316200,0.0,0.0
2011-01-24 00:00:00-05:00,31.950644148805356,32.31825350775559,31.755107763601778,31.880250930786133,1614500,0.0,0.0
2011-01-25 00:00:00-05:00,32.193116400699175,32.193116400699175,30.980791180954974,31.62997055053711,1917900,0.0,0.0
2011-01-26 00:00:00-05:00,31.786394392880737,32.537253398149936,31.66125122533587,32.08361053466797,2052400,0.0,0.0
2011-01-27 00:00:00-05:00,32.06798187578062,32.22441165239244,31.575229123730818,32.15401840209961,1667300,0.0,0.0
2011-01-28 00:00:00-05:00,32.34170103199548,32.623273765755386,31.44223589209244,31.567378997802734,1588200,0.0,0.0
2011-01-31 00:00:00-05:00,31.661256480305486,32.646761698982715,31.661256480305486,32.45122528076172,1685800,0.0,0.0
2011-02-01 00:00:00-05:00,33.04565707474071,34.02333923671529,32.86576391497529,33.702659606933594,3223700,0.0,0.0
2011-02-02 00:00:00-05:00,33.8669054893439,34.76637416545896,33.63226239494613,34.383121490478516,2370000,0.0,0.0
2011-02-03 00:00:00-05:00,34.17977042914299,34.351840468067664,33.46019477591034,33.647911071777344,1880000,0.0,0.0
2011-02-04 00:00:00-05:00,33.733948215347716,33.843448146801975,33.37415889016312,33.577518463134766,987200,0.0,0.0
2011-02-07 00:00:00-05:00,33.655727745903214,34.25798027915645,33.655727745903214,33.82780075073242,811800,0.0,0.0
2011-02-08 00:00:00-05:00,33.85909549682693,34.66470478978768,33.687022450311154,34.617774963378906,1157500,0.0,0.0
2011-02-09 00:00:00-05:00,34.42223177136836,34.437875043782164,33.62444576380856,33.86690902709961,929500,0.0,0.0
2011-02-10 00:00:00-05:00,33.65572684530062,34.25015921863186,33.4758337012698,34.15629959106445,1114300,0.0,0.0
2011-02-11 00:00:00-05:00,34.02334102688691,34.476987006063744,33.74959120059008,34.25798416137695,728800,0.0,0.0
2011-02-14 00:00:00-05:00,34.31272145418098,34.633400982401426,34.07025826433639,34.39875793457031,515500,0.0,0.0
2011-02-15 00:00:00-05:00,34.28926761988714,34.39876754054334,33.7183016167162,33.85126495361328,775000,0.0,0.0
2011-02-16 00:00:00-05:00,34.19540706420156,34.55519332914919,33.859084212813954,34.17976379394531,1095000,0.0,0.0
2011-02-17 00:00:00-05:00,34.04678174644222,35.52503579020006,34.03896160675424,35.173072814941406,1329100,0.0,0.0
2011-02-18 00:00:00-05:00,35.11052059370234,35.45466661710006,34.05462507417543,34.5473747253418,1351600,0.0,0.0
2011-02-22 00:00:00-05:00,34.10154889949944,34.125015297710675,32.12272137410225,32.27132797241211,1336800,0.0,0.0
2011-02-23 00:00:00-05:00,32.18529114426382,32.2713246500182,30.71485664887838,31.76293182373047,2311300,0.0,0.0
2011-02-24 00:00:00-05:00,31.739465435058666,31.81767879064546,30.558424073619523,31.105926513671875,2150200,0.0,0.0
2011-02-25 00:00:00-05:00,31.395321621346973,32.20093057593902,31.34839479829794,32.08361053466797,1366800,0.0,0.0
2011-02-28 00:00:00-05:00,32.67803210637122,33.2802843901408,32.021029886226934,32.419925689697266,1342400,0.0,0.0
2011-03-01 00:00:00-05:00,33.87472296053261,34.12500928392003,31.802036174854138,31.92717933654785,1905600,0.0,0.0
2011-03-02 00:00:00-05:00,31.70817864302226,32.11489465281171,31.47353559451057,32.036678314208984,2016900,0.0,0.0
2011-03-03 00:00:00-05:00,32.50597426795861,33.19426029130465,32.30261472824132,33.10822677612305,1850700,0.0,0.0
2011-03-04 00:00:00-05:00,33.00654061325179,33.07693382741969,32.24785852540314,32.63893127441406,961500,0.0,0.0
2011-03-07 00:00:00-05:00,32.881387461445655,33.14731696931263,31.934992412490153,32.341705322265625,1257900,0.0,0.0
2011-03-08 00:00:00-05:00,32.435567979592115,32.96742704579493,31.762922514474,32.65456771850586,1052200,0.0,0.0
2011-03-09 00:00:00-05:00,32.58419680065603,32.58419680065603,31.504834665435677,31.653444290161133,1584500,0.0,0.0
2011-03-10 00:00:00-05:00,31.270179658325958,31.270179658325958,30.472390815628522,30.511497497558594,2204000,0.0,0.0
2011-03-11 00:00:00-05:00,30.222107163442733,31.645611994789757,30.003107338204373,31.29364585876465,1411900,0.0,0.0
2011-03-14 00:00:00-04:00,31.066830337544435,32.044512531111174,31.066830337544435,31.426616668701172,1229000,0.0,0.0
2011-03-15 00:00:00-04:00,30.284688719693996,31.512657483867052,30.089152254269628,31.270191192626953,1981000,0.0,0.0
2011-03-16 00:00:00-04:00,31.61433070024748,31.684723939136152,30.214292034693948,30.386362075805664,1774700,0.0,0.0
2011-03-17 00:00:00-04:00,31.72381679345365,31.72381679345365,30.76177836118594,30.832168579101562,1757800,0.0,0.0
2011-03-18 00:00:00-04:00,31.379678649585657,31.567394894504694,31.058999093237354,31.168498992919922,1240300,0.0,0.0
2011-03-21 00:00:00-04:00,31.747278652621493,32.185281105858415,31.46570586008687,31.91935157775879,1093200,0.0,0.0
2011-03-22 00:00:00-04:00,32.77972566673498,33.10822840721252,31.583043718789618,31.62997055053711,2547800,0.0,0.0
2011-03-23 00:00:00-04:00,31.661265803062545,32.52944823298658,31.26237270524196,32.240055084228516,1568900,0.0,0.0
2011-03-24 00:00:00-04:00,32.5763544689836,33.44453328650904,32.37299501058661,33.33503341674805,1958300,0.0,0.0
2011-03-25 00:00:00-04:00,33.37415308557273,34.2266919540239,33.249009902297736,33.6948356628418,1645200,0.0,0.0
2011-03-28 00:00:00-04:00,33.83561590343793,34.27361849491379,33.51493634042928,33.632259368896484,1906700,0.0,0.0
2011-03-29 00:00:00-04:00,33.593159107652745,34.22669522824181,33.49147932912459,34.20323181152344,1110900,0.0,0.0
2011-03-30 00:00:00-04:00,34.59429648972567,34.82111940986757,34.038973878604544,34.70379638671875,1683100,0.0,0.0
2011-03-31 00:00:00-04:00,34.555189809892205,35.06358559867254,34.07026041593069,34.70379638671875,987500,0.0,0.0
2011-04-01 00:00:00-04:00,35.05576570465805,35.18873200872943,34.414406548580935,34.774192810058594,1242000,0.0,0.0
2011-04-04 00:00:00-04:00,34.969723329504376,36.23680114209787,34.782010087107835,35.90829849243164,2445600,0.0,0.0
2011-04-05 00:00:00-04:00,35.82226300040418,36.83123140294925,35.603263217023205,36.3463020324707,2032000,0.0,0.0
2011-04-06 00:00:00-04:00,36.55749283386772,36.66699275898596,35.736237428182534,36.17424011230469,1230000,0.0,0.0
2011-04-07 00:00:00-04:00,36.04907294006242,36.65132511133401,35.68146373565902,36.32282257080078,1278600,0.0,0.0
2011-04-08 00:00:00-04:00,36.37759044354959,36.87816613244331,35.80662451515141,36.119483947753906,950500,0.0,0.0
2011-04-11 00:00:00-04:00,36.04907697775773,36.197683510567984,35.15743181360109,35.478111267089844,1153700,0.0,0.0
2011-04-12 00:00:00-04:00,34.98537739891657,35.22002051618376,34.17976826896121,34.5473747253418,2133700,0.0,0.0
2011-04-13 00:00:00-04:00,34.774178574017974,34.96971489481247,34.2970694738958,34.8836784362793,1378900,0.0,0.0
2011-04-14 00:00:00-04:00,34.46086933792526,35.024647318749615,34.40605792167825,34.8680419921875,1041500,0.05,0.0
2011-04-15 00:00:00-04:00,35.001150784613635,35.58841840520448,34.75841242611696,35.463134765625,1723200,0.0,0.0
2011-04-18 00:00:00-04:00,34.52350882221558,35.126437320848254,33.63086244322621,35.095115661621094,3083400,0.0,0.0
2011-04-19 00:00:00-04:00,35.12643272218284,35.87813452323687,35.07945023949292,35.854644775390625,1258600,0.0,0.0
2011-04-20 00:00:00-04:00,36.708134363555644,37.64776295226552,36.53586827597636,36.88822937011719,2661000,0.0,0.0
2011-04-21 00:00:00-04:00,37.209268990834076,37.93748092651367,37.021342077401904,37.93748092651367,1254300,0.0,0.0
2011-04-25 00:00:00-04:00,38.08626563000496,38.19588845091568,37.13880783556477,37.859188079833984,1290800,0.0,0.0
2011-04-26 00:00:00-04:00,38.78316186034709,39.93420762417754,38.46212227147579,38.70486068725586,2359300,0.0,0.0
2011-04-27 00:00:00-04:00,38.75965549801183,38.75965549801183,37.54596991315026,38.603050231933594,1269300,0.0,0.0
2011-04-28 00:00:00-04:00,38.53259153833674,38.9632539309873,38.21938388322636,38.73617935180664,1087300,0.0,0.0
2011-04-29 00:00:00-04:00,38.837956633843646,39.229468305503346,38.72050492454394,39.088523864746094,737200,0.0,0.0
2011-05-02 00:00:00-04:00,39.29994120052349,39.5505084357273,38.657862286939114,38.783145904541016,763200,0.0,0.0
2011-05-03 00:00:00-04:00,38.697006419592554,38.82229300334835,37.39718798309179,37.71822738647461,1526400,0.0,0.0
2011-05-04 00:00:00-04:00,37.61644011949699,37.78870321466253,36.457565991761044,36.89605712890625,1888600,0.0,0.0
2011-05-05 00:00:00-04:00,37.24841680290772,38.75965195653646,36.708131820650586,38.07842254638672,3407400,0.0,0.0
2011-05-06 00:00:00-04:00,38.92410359923862,39.33910815076631,37.56164416734991,38.05494689941406,1686900,0.0,0.0
2011-05-09 00:00:00-04:00,38.14106746867534,39.143339409041126,38.125406642904316,39.08069610595703,2591400,0.0,0.0
2011-05-10 00:00:00-04:00,40.09863267007062,41.43760213658671,39.61315893701169,40.77986526489258,4848500,0.0,0.0
2011-05-11 00:00:00-04:00,41.03826136611871,41.0852438512668,39.27645849753262,39.65230941772461,2544100,0.0,0.0
2011-05-12 00:00:00-04:00,39.503532507294246,40.474479884491885,38.563903797072705,40.098628997802734,3190300,0.0,0.0
2011-05-13 00:00:00-04:00,40.02815804507664,40.599764806813944,39.36258930542294,40.4275016784668,3528100,0.0,0.0
2011-05-16 00:00:00-04:00,40.25524461664946,40.89732375297898,38.947596590977774,39.1746711730957,3182600,0.0,0.0
2011-05-17 00:00:00-04:00,39.00240019994975,39.1824952399976,37.624277217065526,38.46994400024414,2915800,0.0,0.0
2011-05-18 00:00:00-04:00,38.58739490928015,39.824573402026104,38.313337894809806,39.48787307739258,2098700,0.0,0.0
2011-05-19 00:00:00-04:00,39.840241709402136,40.24741434091544,39.21382342515012,39.636653900146484,1289200,0.0,0.0
2011-05-20 00:00:00-04:00,39.44089494311816,39.68363331626618,38.77532612774145,39.33127212524414,1563800,0.0,0.0
2011-05-23 00:00:00-04:00,38.54040941751692,38.720504425720634,37.710403608972115,37.82002639770508,2454900,0.0,0.0
2011-05-24 00:00:00-04:00,38.05492847948755,38.43861118348624,37.53030433954693,37.976627349853516,1789800,0.0,0.0
2011-05-25 00:00:00-04:00,37.60861507526907,38.90060495321041,37.58512532777838,38.5952262878418,1707300,0.0,0.0
2011-05-26 00:00:00-04:00,38.305513972158025,38.76749802641904,38.1175899764914,38.73617935180664,2266800,0.0,0.0
2011-05-27 00:00:00-04:00,38.822302987835876,39.942023741660584,38.822302987835876,39.871551513671875,1454100,0.0,0.0
2011-05-31 00:00:00-04:00,40.560630672381826,40.87384137505604,40.231762122872674,40.7877082824707,2632700,0.0,0.0
2011-06-01 00:00:00-04:00,40.65457296606106,40.97561542340744,38.97107447013124,39.07286834716797,2109200,0.0,0.0
2011-06-02 00:00:00-04:00,39.14334390211142,39.74626933501859,38.548244402492415,39.03371810913086,2029000,0.0,0.0
2011-06-03 00:00:00-04:00,38.274191086207445,38.744004010678175,37.796546253696825,37.874847412109375,2788900,0.0,0.0
2011-06-06 00:00:00-04:00,37.92182664567526,38.44645093342172,37.389370450560875,37.459842681884766,2483400,0.0,0.0
2011-06-07 00:00:00-04:00,37.7573760750232,38.07058353308833,37.38152533314735,37.54595947265625,1615000,0.0,0.0
2011-06-08 00:00:00-04:00,37.32672843319303,37.38937174631743,36.51238627155894,36.770782470703125,2437800,0.0,0.0
2011-06-09 00:00:00-04:00,36.739462538206325,37.40503432989708,36.63767163009883,37.170127868652344,1291800,0.0,0.0
2011-06-10 00:00:00-04:00,36.99787012742969,37.3032488950062,36.214846421029065,36.52805709838867,1419900,0.0,0.0
2011-06-13 00:00:00-04:00,36.08172689420177,37.037013601362275,35.862478267363485,36.70814514160156,2497000,0.0,0.0
2011-06-14 00:00:00-04:00,37.37370333611187,38.00012140528783,37.33455276685031,37.59294891357422,1672500,0.0,0.0
2011-06-15 00:00:00-04:00,37.02135125608217,38.704853027353984,36.92738926956863,38.141075134277344,4575600,0.0,0.0
2011-06-16 00:00:00-04:00,38.12540045471179,38.767479272121435,36.44190228203882,37.41284942626953,3429100,0.0,0.0
2011-06-17 00:00:00-04:00,37.835689409920455,38.03144525454422,36.9273824103461,37.24059295654297,1619100,0.0,0.0
2011-06-20 00:00:00-04:00,37.24842373779384,38.61871471864982,37.02134622980122,38.493431091308594,1691500,0.0,0.0
2011-06-21 00:00:00-04:00,38.77533390012005,40.036002532363405,38.77533390012005,39.85590744018555,1826000,0.0,0.0
2011-06-22 00:00:00-04:00,39.84806314983858,40.38835124550501,39.4487225020393,39.48787307739258,1752900,0.0,0.0
2011-06-23 00:00:00-04:00,38.916271552960694,40.059485234373355,38.03928600158913,40.03599548339844,2558900,0.0,0.0
2011-06-24 00:00:00-04:00,40.24740373781467,40.42749876040407,39.38607621025998,39.55051040649414,2055500,0.0,0.0
2011-06-27 00:00:00-04:00,39.48003154716234,39.68361926857227,38.88493518064954,39.43305206298828,1314100,0.0,0.0
2011-06-28 00:00:00-04:00,39.83239856785632,40.795516968354846,39.56617049875125,40.764198303222656,2009100,0.0,0.0
2011-06-29 00:00:00-04:00,40.92863577036352,41.92307590253849,40.59193545053273,41.179203033447266,1547000,0.0,0.0
2011-06-30 00:00:00-04:00,41.1948601831467,42.18930022654432,40.97561459427064,41.742977142333984,1971400,0.0,0.0
2011-07-01 00:00:00-04:00,41.187037622429976,42.361572949917495,41.187037622429976,42.28327178955078,1574000,0.0,0.0
2011-07-05 00:00:00-04:00,42.31458117533309,43.14458398767357,42.31458117533309,42.933170318603516,1058400,0.0,0.0
2011-07-06 00:00:00-04:00,42.666952007627174,43.00364936599678,42.06402355166722,42.87053680419922,920300,0.0,0.0
2011-07-07 00:00:00-04:00,43.16807376433199,44.35826949462937,43.16807376433199,43.48128128051758,1862900,0.0,0.0
2011-07-08 00:00:00-04:00,42.76091766357422,42.79223932327419,41.94657243336236,42.76091766357422,1804800,0.0,0.0
2011-07-11 00:00:00-04:00,42.14231321674478,42.22061435092358,41.28881771140988,41.5628776550293,1042600,0.0,0.0
2011-07-12 00:00:00-04:00,41.40628678416277,42.24412175632529,41.30449288476982,41.53157043457031,1039200,0.0,0.0
2011-07-13 00:00:00-04:00,41.61769677756516,42.75307836905873,41.61769677756516,42.157981872558594,1573600,0.0,0.0
2011-07-14 00:00:00-04:00,42.322600555743875,42.78509990765192,41.523025252936925,41.726837158203125,930800,0.06,0.0
2011-07-15 00:00:00-04:00,42.03256452346359,42.03256452346359,41.35057483737194,42.02472686767578,634900,0.0,0.0
2011-07-18 00:00:00-04:00,41.73468187982343,42.01688231691441,41.02917331127085,41.397605895996094,973000,0.0,0.0
2011-07-19 00:00:00-04:00,41.74251025816189,42.52640716441846,41.7189943078796,42.45585632324219,1332400,0.0,0.0
2011-07-20 00:00:00-04:00,42.777257775601505,42.887002873877286,42.11094654159586,42.81645202636719,2353800,0.0,0.0
2011-07-21 00:00:00-04:00,43.694416540713874,45.99907245668554,42.44017964856228,45.19949722290039,3823700,0.0,0.0
2011-07-22 00:00:00-04:00,45.52090221154447,45.52090221154447,44.5959034379301,45.152469635009766,1780600,0.0,0.0
2011-07-25 00:00:00-04:00,44.2588163043865,45.183814844817896,44.039326138972015,44.80754470825195,1829600,0.0,0.0
2011-07-26 00:00:00-04:00,44.68214211874909,44.90947303317296,44.2509992402308,44.34506607055664,1270100,0.0,0.0
2011-07-27 00:00:00-04:00,44.055012546972165,44.509671257665545,42.25988767692655,42.620479583740234,2160400,0.0,0.0
2011-07-28 00:00:00-04:00,42.84781853314884,43.87472488656345,42.62048763966822,42.93404769897461,1702800,0.0,0.0
2011-07-29 00:00:00-04:00,42.11879043266266,43.60819610495056,41.585740170391,43.21624755859375,1842100,0.0,0.0
2011-08-01 00:00:00-04:00,44.15693376053137,44.63510857367319,42.455875164096156,42.80078887939453,1813800,0.0,0.0
2011-08-02 00:00:00-04:00,42.40099263431138,42.683196057953516,39.814132901475105,39.845489501953125,3142300,0.0,0.0
2011-08-03 00:00:00-04:00,39.970914093701566,40.17472602216634,36.592316545855184,38.5677375793457,5340700,0.0,0.0
2011-08-04 00:00:00-04:00,38.113061894980554,38.113061894980554,35.251840345434736,35.27535629272461,4501800,0.0,0.0
2011-08-05 00:00:00-04:00,36.04357237278933,36.05925066670126,33.47239197780802,34.3425178527832,4586700,0.0,0.0
2011-08-08 00:00:00-04:00,32.516053038076016,33.08829759195934,29.035550809814165,29.741056442260742,4735000,0.0,0.0
2011-08-09 00:00:00-04:00,32.28869694731929,33.01772095838745,30.501413818418232,32.821746826171875,3707800,0.0,0.0
2011-08-10 00:00:00-04:00,31.25397918443661,32.743384996603005,30.391693497601565,31.01097297668457,2809700,0.0,0.0
2011-08-11 00:00:00-04:00,31.348044011316894,33.57431172921525,31.199101659592312,32.95503234863281,3283200,0.0,0.0
2011-08-12 00:00:00-04:00,33.20586685376549,34.64039635325209,33.064765199346645,34.326839447021484,3047100,0.0,0.0
2011-08-15 00:00:00-04:00,34.93045435606513,35.573249711300754,34.828546900138505,35.55757141113281,2871100,0.0,0.0
2011-08-16 00:00:00-04:00,34.77367016213726,35.526210537702894,33.997610843983566,34.287654876708984,2724600,0.0,0.0
2011-08-17 00:00:00-04:00,34.53066423624486,35.220494473178405,33.57431187471212,33.70757293701172,2591900,0.0,0.0
2011-08-18 00:00:00-04:00,32.05355856022012,32.116271776530056,30.266273760017256,30.81500244140625,3311500,0.0,0.0
2011-08-19 00:00:00-04:00,30.164354682668954,31.630241161583033,30.046771932785987,30.156517028808594,1975900,0.0,0.0
2011-08-22 00:00:00-04:00,31.214779986270663,31.3637193477942,29.490205895083296,29.63130760192871,2036000,0.0,0.0
2011-08-23 00:00:00-04:00,29.80377249028491,31.591057184607305,29.38046727626206,31.583219528198242,2599000,0.0,0.0
2011-08-24 00:00:00-04:00,31.473468944880043,32.68850882030244,31.27749467496256,32.60227966308594,2404600,0.0,0.0
2011-08-25 00:00:00-04:00,33.041257035996814,33.29210381619529,32.10058011508778,32.26519775390625,1621200,0.0,0.0
2011-08-26 00:00:00-04:00,31.8810902573228,34.37388301149204,31.551854945424502,34.35820770263672,2654000,0.0,0.0
2011-08-29 00:00:00-04:00,34.640411912412496,35.73786905297777,34.452278282237394,35.706512451171875,1874900,0.0,0.0
2011-08-30 00:00:00-04:00,35.463493642850935,36.33361660584383,35.35374557558559,36.09061050415039,1261300,0.0,0.0
2011-08-31 00:00:00-04:00,36.607987970695305,37.509467664260406,36.41201373422513,36.85099411010742,3050600,0.0,0.0
2011-09-01 00:00:00-04:00,37.627062952533066,37.627062952533066,36.294437208231464,36.38850402832031,3037500,0.0,0.0
2011-09-02 00:00:00-04:00,35.244001297855334,35.30671448057192,34.06031838220654,34.46794509887695,2316400,0.0,0.0
2011-09-06 00:00:00-04:00,33.15101555078293,33.346989864055,31.575380397490278,32.66499710083008,4721900,0.0,0.0
2011-09-07 00:00:00-04:00,33.36266523795911,34.22495094449574,33.1196560343244,34.18575668334961,2355000,0.0,0.0
2011-09-08 00:00:00-04:00,33.76243168600742,34.381710816059986,33.119636611124314,33.58997344970703,1845300,0.0,0.0
2011-09-09 00:00:00-04:00,32.97070639940689,33.27642572779978,31.66943759757465,31.935962677001953,2385500,0.0,0.0
2011-09-12 00:00:00-04:00,31.28532612185083,32.516044053486375,31.246131873710926,32.07706069946289,1510100,0.0,0.0
2011-09-13 00:00:00-04:00,32.100579338681186,33.809474856406716,32.100579338681186,33.55862808227539,1852400,0.0,0.0
2011-09-14 00:00:00-04:00,33.825162537045756,34.42092304329567,32.84529111929043,33.95842361450195,1818300,0.0,0.0
2011-09-15 00:00:00-04:00,34.41308789737132,34.94613822673085,33.746773490506676,34.7344856262207,1468000,0.0,0.0
2011-09-16 00:00:00-04:00,34.742309909494914,34.87557393570449,34.21710042879606,34.554176330566406,1338400,0.0,0.0
2011-09-19 00:00:00-04:00,33.668377118249126,34.405239229832205,33.22155606256272,34.060325622558594,1343200,0.0,0.0
2011-09-20 00:00:00-04:00,34.193605373059285,34.405258039941124,33.354835354489445,33.856529235839844,1894700,0.0,0.0
2011-09-21 00:00:00-04:00,33.738929770098345,33.738929770098345,30.42304560543113,30.470077514648438,2852400,0.0,0.0
2011-09-22 00:00:00-04:00,29.02770354677346,29.294228633474162,26.864149247337444,27.90673065185547,5121000,0.0,0.0
2011-09-23 00:00:00-04:00,27.859700946043503,29.13745094191525,27.648048390758838,28.314359664916992,2347300,0.0,0.0
2011-09-26 00:00:00-04:00,28.580892992607627,29.850808689547673,27.93809748738989,29.788095474243164,1943200,0.0,0.0
2011-09-27 00:00:00-04:00,30.854186866246124,32.26520088957315,30.634696659823856,30.893381118774414,2560800,0.0,0.0
2011-09-28 00:00:00-04:00,30.893369414383677,31.120700179381995,28.369221035517846,28.5260009765625,2724500,0.0,0.0
2011-09-29 00:00:00-04:00,29.68617783555244,30.140839519927052,27.930250272556588,28.126224517822266,3984100,0.0,0.0
2011-09-30 00:00:00-04:00,27.42855669347163,27.43639434754016,25.468814240075904,25.500167846679688,6062900,0.0,0.0
2011-10-03 00:00:00-04:00,25.123893797454897,26.221350599007145,24.739784514977455,24.778980255126953,2698000,0.0,0.0
2011-10-04 00:00:00-04:00,24.387031581561008,24.951436777607057,23.07008462895563,24.684911727905273,4680600,0.0,0.0
2011-10-05 00:00:00-04:00,24.76330850846252,26.621143723135074,24.43407167995327,26.43301010131836,2710400,0.0,0.0
2011-10-06 00:00:00-04:00,26.433014234165867,28.96500180194395,26.26839355142501,28.863094329833984,3765300,0.0,0.0
2011-10-07 00:00:00-04:00,29.176652272421016,29.85864194142888,27.796991642561842,28.275169372558594,3215800,0.0,0.0
2011-10-10 00:00:00-04:00,29.03555287261324,30.195720364456687,29.03555287261324,29.897838592529297,1686100,0.0,0.0
2011-10-11 00:00:00-04:00,29.99190397097488,30.38385255025769,29.52940452780796,29.905677795410156,1280400,0.0,0.0
2011-10-12 00:00:00-04:00,30.336815402939155,31.69295689454998,30.156519446400935,31.081518173217773,2187800,0.0,0.0
2011-10-13 00:00:00-04:00,30.908790458476496,31.018701860974748,29.558446520105118,30.319976806640625,1898800,0.06,0.0
2011-10-14 00:00:00-04:00,31.05798178185182,32.361223521717136,30.924515696726388,32.07073974609375,2418600,0.0,0.0
2011-10-17 00:00:00-04:00,31.843046175186704,31.858748233335863,30.217920592515608,30.304277420043945,1499900,0.0,0.0
2011-10-18 00:00:00-04:00,30.414194932122072,31.419102797370112,29.51134596297089,30.916648864746094,2926900,0.0,0.0
2011-10-19 00:00:00-04:00,30.67327489291471,30.751782205675056,29.181611991571977,29.260122299194336,2206900,0.0,0.0
2011-10-20 00:00:00-04:00,29.39357840020898,29.542746452093514,28.263057190729857,29.31507110595703,3532400,0.0,0.0
2011-10-21 00:00:00-04:00,29.974543793874584,31.356291995662605,29.974543793874584,31.30133628845215,2404600,0.0,0.0
2011-10-24 00:00:00-04:00,31.59967830621283,33.23265690839076,31.450513201054417,33.10704040527344,3665900,0.0,0.0
2011-10-25 00:00:00-04:00,32.863658375208985,34.12764569654188,31.199279024100235,32.455413818359375,4299000,0.0,0.0
2011-10-26 00:00:00-04:00,33.36612181305546,33.50743739208798,31.733143119729593,33.17770004272461,3023500,0.0,0.0
2011-10-27 00:00:00-04:00,34.991234271964096,36.074652288580964,34.582989758530765,35.68210983276367,2744200,0.0,0.0
2011-10-28 00:00:00-04:00,35.32883685568105,36.38870076340643,35.02265408210983,36.113922119140625,1783300,0.0,0.0
2011-10-31 00:00:00-04:00,35.32882647208994,35.33667600467792,34.15119892302028,34.190452575683594,1878000,0.0,0.0
2011-11-01 00:00:00-04:00,31.725278269086886,33.25619430627533,31.262078093627014,32.25913619995117,2700100,0.0,0.0
2011-11-02 00:00:00-04:00,33.162000973820945,33.67230456933844,32.392614823593895,33.17770004272461,1715100,0.0,0.0
2011-11-03 00:00:00-04:00,33.923519623056556,34.63009726875952,33.18554085577009,34.473079681396484,1519600,0.0,0.0
2011-11-04 00:00:00-04:00,34.33961936836457,34.842073291390655,33.60163754841611,34.465232849121094,1146700,0.0,0.0
2011-11-07 00:00:00-05:00,34.47309155226748,34.84208256040412,33.63305061469623,34.433837890625,826200,0.0,0.0
2011-11-08 00:00:00-05:00,34.732160256149164,35.41518333884511,34.26896000584698,35.2110595703125,1778800,0.0,0.0
2011-11-09 00:00:00-05:00,33.334700776230136,34.33175885814397,33.12272751520648,33.35040283203125,1508000,0.0,0.0
2011-11-10 00:00:00-05:00,34.30037428009062,34.339630939379944,33.14630097266005,33.87643051147461,1205900,0.0,0.0
2011-11-11 00:00:00-05:00,34.59868697973752,34.84206434647357,34.268952800476605,34.582984924316406,2135500,0.0,0.0
2011-11-14 00:00:00-05:00,34.535897204528155,34.79497374773722,34.02559065703991,34.30036926269531,1120600,0.0,0.0
2011-11-15 00:00:00-05:00,34.26896413649207,34.49663652825913,33.61734209783596,34.07269287109375,918300,0.0,0.0
2011-11-16 00:00:00-05:00,33.530975341796875,34.23755294935286,33.32685458564804,33.530975341796875,1788600,0.0,0.0
2011-11-17 00:00:00-05:00,33.53097593961548,33.719397636610154,31.18357372517697,31.54471206665039,2346600,0.0,0.0
2011-11-18 00:00:00-05:00,31.95296510351025,32.502525288555795,31.756693822769847,32.05502700805664,1605800,0.0,0.0
2011-11-21 00:00:00-05:00,31.191434268752058,32.34551045749711,31.191434268752058,32.3376579284668,3781000,0.0,0.0
2011-11-22 00:00:00-05:00,32.125681834613886,32.73805026780326,31.835201177312737,32.502525329589844,3101200,0.0,0.0
2011-11-23 00:00:00-05:00,32.15709145304374,32.2513038403169,30.900956238027415,31.434814453125,2835400,0.0,0.0
2011-11-25 00:00:00-05:00,31.19142054036866,32.062865197717194,31.19142054036866,31.772384643554688,1208500,0.0,0.0
2011-11-28 00:00:00-05:00,33.13843474283794,34.15904457030693,33.03637585649401,33.60163497924805,2292200,0.0,0.0
2011-11-29 00:00:00-05:00,33.7665053141961,33.7665053141961,33.012824415509805,33.4132194519043,1867100,0.0,0.0
2011-11-30 00:00:00-05:00,35.941191181677866,36.89899586241982,35.7056662751454,36.49860382080078,2950800,0.0,0.0
2011-12-01 00:00:00-05:00,36.28662414596096,36.741971819459884,35.65855384548345,36.22381591796875,1540800,0.0,0.0
2011-12-02 00:00:00-05:00,36.72628132656494,36.85974735564261,35.666417601794016,35.776329040527344,1120900,0.0,0.0
2011-12-05 00:00:00-05:00,36.48291289710759,36.86760299639918,36.12177140233706,36.39655303955078,1599500,0.0,0.0
2011-12-06 00:00:00-05:00,36.39654662458686,36.53786218570675,35.595759443194844,36.26308059692383,1417800,0.0,0.0
2011-12-07 00:00:00-05:00,35.86267871485928,35.86267871485928,34.95198034447611,35.4387321472168,2028300,0.0,0.0
2011-12-08 00:00:00-05:00,35.06191339565447,35.09331753001987,33.805777969669606,33.9078369140625,1582200,0.0,0.0
2011-12-09 00:00:00-05:00,33.71940655756081,34.81067439694954,33.41322383944306,34.63795471191406,2878800,0.0,0.0
2011-12-12 00:00:00-05:00,33.89997167817406,33.89997167817406,32.957869047559704,33.436771392822266,2632800,0.0,0.0
2011-12-13 00:00:00-05:00,33.8371662688786,34.68505960581302,32.926467681909386,33.2876091003418,1886800,0.0,0.0
2011-12-14 00:00:00-05:00,33.177695212618076,33.476028391017,32.67524122470114,33.02853012084961,2981500,0.0,0.0
2011-12-15 00:00:00-05:00,33.601629879459445,33.73509585691174,32.573170676386674,32.926456451416016,1740100,0.0,0.0
2011-12-16 00:00:00-05:00,33.303313298057304,33.52313919420461,32.74590351559208,33.09134292602539,1903600,0.0,0.0
2011-12-19 00:00:00-05:00,33.303316863010764,33.67230791097684,31.992225854483824,32.1570930480957,887500,0.0,0.0
2011-12-20 00:00:00-05:00,32.85580936936437,34.21400919197415,32.80870618132,34.05699157714844,1182200,0.0,0.0
2011-12-21 00:00:00-05:00,33.86858015988027,34.09625562100541,33.32687236828239,33.97064208984375,967600,0.0,0.0
2011-12-22 00:00:00-05:00,34.04913199625452,34.66150026774189,33.97847423396218,34.38671875,844300,0.0,0.0
2011-12-23 00:00:00-05:00,34.5044821449551,34.81851430977654,34.43382438376956,34.787113189697266,667600,0.0,0.0
2011-12-27 00:00:00-05:00,34.69290189103882,35.01478659173243,34.51233271697766,34.936279296875,649400,0.0,0.0
2011-12-28 00:00:00-05:00,34.8185180097182,35.014789256661054,34.11194331764084,34.33961868286133,1195600,0.0,0.0
2011-12-29 00:00:00-05:00,34.54373497603252,34.873469190543105,34.41812151409594,34.86561965942383,681800,0.0,0.0
2011-12-30 00:00:00-05:00,34.70860061779917,35.23460902641619,34.669346974137845,34.755706787109375,519100,0.0,0.0
2012-01-03 00:00:00-05:00,35.909789541884315,36.49860329719933,35.90193701469094,36.09035873413086,1535700,0.0,0.0
2012-01-04 00:00:00-05:00,36.090346020214135,36.7419647892156,35.43087472678557,36.49073791503906,1148300,0.0,0.0
2012-01-05 00:00:00-05:00,36.192422748407786,36.192422748407786,34.92843822388307,35.89409255981445,1649300,0.0,0.0
2012-01-06 00:00:00-05:00,35.886241871160045,35.886241871160045,34.9441390821217,34.99124526977539,1202800,0.0,0.0
2012-01-09 00:00:00-05:00,35.14040682282322,35.26602031568491,34.41812998758398,34.56729507446289,1466500,0.0,0.0
2012-01-10 00:00:00-05:00,35.1718167678308,35.91764831542969,35.1718167678308,35.91764831542969,1528800,0.0,0.0
2012-01-11 00:00:00-05:00,35.82342517072727,36.11390574796497,35.642856001370795,36.02754592895508,981800,0.0,0.0
2012-01-12 00:00:00-05:00,36.066811717536126,37.59772840165417,36.066811717536126,37.04816818237305,2670600,0.0,0.0
2012-01-13 00:00:00-05:00,36.788760466745,36.85164867716278,36.29352630506725,36.529354095458984,1584700,0.06,0.0
2012-01-17 00:00:00-05:00,37.14248283652751,37.37830752464376,36.513616001992986,36.568641662597656,1035600,0.0,0.0
2012-01-18 00:00:00-05:00,36.631545848670484,39.304235030193716,36.089148484776864,38.518150329589844,4024900,0.0,0.0
2012-01-19 00:00:00-05:00,38.85615398767381,38.85615398767381,37.5040877955231,38.36091995239258,2434600,0.0,0.0
2012-01-20 00:00:00-05:00,38.17226522427024,38.203706325957015,37.46478795951478,37.622005462646484,1326200,0.0,0.0
2012-01-23 00:00:00-05:00,37.944295890950336,37.944295890950336,37.378314140357446,37.75563430786133,1122100,0.0,0.0
2012-01-24 00:00:00-05:00,37.21324001862862,37.802803388379594,36.89880502195835,37.7320556640625,1124200,0.0,0.0
2012-01-25 00:00:00-05:00,37.61415215555766,38.87974901782416,37.24469438113823,38.54959487915039,1266800,0.0,0.0
2012-01-26 00:00:00-05:00,38.84828576387613,38.91903347282128,37.794935650851755,37.93642807006836,737800,0.0,0.0
2012-01-27 00:00:00-05:00,38.28230670116427,39.36710389438577,38.19583694681473,38.95833969116211,1960400,0.0,0.0
2012-01-30 00:00:00-05:00,38.172258463506815,39.43785179281294,38.172258463506815,38.76182174682617,2429200,0.0,0.0
2012-01-31 00:00:00-05:00,38.80899205677975,38.80899205677975,37.33115531274156,38.29017639160156,2456000,0.0,0.0
2012-02-01 00:00:00-05:00,38.54172790503719,39.94096056577613,38.52600585281824,39.69727325439453,2026200,0.0,0.0
2012-02-02 00:00:00-05:00,39.8073246212524,40.23967056191183,39.327812523936096,39.69727325439453,1596200,0.0,0.0
2012-02-03 00:00:00-05:00,40.23965746853472,40.81349869377067,40.043136377755,40.2160758972168,1445000,0.0,0.0
2012-02-06 00:00:00-05:00,39.9723975050526,41.05719500568916,39.90164977677903,41.04933547973633,1267600,0.0,0.0
2012-02-07 00:00:00-05:00,40.82923528515026,41.08864465675032,40.263256381188675,40.59341049194336,1683800,0.0,0.0
2012-02-08 00:00:00-05:00,40.50693835563145,40.86853954952812,39.38283714114507,39.909515380859375,1451800,0.0,0.0
2012-02-09 00:00:00-05:00,40.60127241635766,41.03361836394675,40.02742799652999,40.396888732910156,1348900,0.0,0.0
2012-02-10 00:00:00-05:00,39.73658078529077,39.73658078529077,39.03696588559961,39.2963752746582,860500,0.0,0.0
2012-02-13 00:00:00-05:00,39.79945818845775,40.06672703245374,39.390693897718336,39.99597930908203,925500,0.0,0.0
2012-02-14 00:00:00-05:00,39.77587028001809,39.84661799745821,39.09197767721295,39.65009689331055,989800,0.0,0.0
2012-02-15 00:00:00-05:00,39.760166465165575,40.04315444468267,39.35926157983472,39.58722686767578,1140900,0.0,0.0
2012-02-16 00:00:00-05:00,39.257046060530065,41.159371490063045,39.257046060530065,40.7113037109375,1640700,0.0,0.0
2012-02-17 00:00:00-05:00,40.82922869688878,41.34018483195092,40.75848097047516,40.82136917114258,862500,0.0,0.0
2012-02-21 00:00:00-05:00,41.159382298485056,41.300877739436395,40.08244744117695,40.412601470947266,811400,0.0,0.0
2012-02-22 00:00:00-05:00,40.2003622518707,40.318276130451736,39.02909798529011,39.335670471191406,1262800,0.0,0.0
2012-02-23 00:00:00-05:00,39.209896842725094,39.24133794464917,37.016720304105,38.29017639160156,3844600,0.0,0.0
2012-02-24 00:00:00-05:00,38.290174522099754,38.44739201874196,37.92071685346607,38.14081954956055,1422700,0.0,0.0
2012-02-27 00:00:00-05:00,37.62200547272753,38.557444968666445,37.213241163945334,38.02290725708008,1564700,0.0,0.0
2012-02-28 00:00:00-05:00,38.02291304591649,38.502425154196985,37.77136620201113,37.873558044433594,1576400,0.0,0.0
2012-02-29 00:00:00-05:00,37.88928095552749,38.30590486293428,37.29185493870929,37.394046783447266,1458100,0.0,0.0
2012-03-01 00:00:00-05:00,37.69276497949296,38.16441463774657,37.49624378877472,38.05436325073242,1421800,0.0,0.0
2012-03-02 00:00:00-05:00,37.99932533100302,38.4238116860587,37.7084749019498,38.09365463256836,846700,0.0,0.0
2012-03-05 00:00:00-05:00,37.889276652943636,38.07007574314911,36.15203048304897,36.521488189697266,1638600,0.0,0.0
2012-03-06 00:00:00-05:00,35.790425007010576,35.81400958024038,34.85498556599219,35.24802780151367,2375200,0.0,0.0
2012-03-07 00:00:00-05:00,35.342364695522804,35.85332091100441,35.28733901061555,35.6489372253418,1259300,0.0,0.0
2012-03-08 00:00:00-05:00,36.01839872852403,36.332833790660274,35.69610413923813,36.049842834472656,742200,0.0,0.0
2012-03-09 00:00:00-05:00,36.0734190888227,36.56865318903612,35.93978615628272,36.23063659667969,732800,0.0,0.0
2012-03-12 00:00:00-04:00,36.08127874988797,36.427154840783174,35.641070362560555,35.91619873046875,800300,0.0,0.0
2012-03-13 00:00:00-04:00,36.21490785992629,37.386174928609876,36.08913447659625,37.370452880859375,1745000,0.0,0.0
2012-03-14 00:00:00-04:00,37.213240832924974,37.370458334700324,36.22277566948679,36.51362609863281,1206500,0.0,0.0
2012-03-15 00:00:00-04:00,36.63153405903613,37.480506701815756,36.37998727569569,37.3154296875,1224200,0.0,0.0
2012-03-16 00:00:00-04:00,37.45692627714188,38.31375847126855,36.97741426960205,37.205379486083984,1129500,0.0,0.0
2012-03-19 00:00:00-04:00,37.1110446098481,37.480505245443275,36.851638311527935,37.15821075439453,914700,0.0,0.0
2012-03-20 00:00:00-04:00,36.71800525809674,36.71800525809674,35.82186943271084,35.91619873046875,1622300,0.0,0.0
2012-03-21 00:00:00-04:00,35.86903385271039,36.14416220736254,35.47599163253636,35.5310173034668,1161900,0.0,0.0
2012-03-22 00:00:00-04:00,35.020071897264835,35.41311423729851,33.21207773284498,33.785919189453125,3260400,0.0,0.0
2012-03-23 00:00:00-04:00,33.880237815859665,35.012201316961786,33.785908523659195,34.82353973388672,3189400,0.0,0.0
2012-03-26 00:00:00-04:00,36.08913959879897,36.19133142434454,35.38166234298263,35.5703239440918,1856700,0.0,0.0
2012-03-27 00:00:00-04:00,35.570317900721896,35.931915992848594,35.45240404522784,35.4917106628418,2073500,0.0,0.0
2012-03-28 00:00:00-04:00,35.42882632872114,35.56246224606734,34.83140345927276,35.1536979675293,1704900,0.0,0.0
2012-03-29 00:00:00-04:00,34.76065908365532,36.06555929129703,34.6191636275168,35.9633674621582,2700400,0.0,0.0
2012-03-30 00:00:00-04:00,36.47432736186634,36.85164761749842,35.908345479080786,36.301387786865234,1670600,0.0,0.0
2012-04-02 00:00:00-04:00,36.34854057644219,36.93810382131177,35.93191384430288,36.78874588012695,1517400,0.0,0.0
2012-04-03 00:00:00-04:00,36.69441967264414,36.820193055465815,35.92405732802711,36.19132614135742,1706300,0.0,0.0
2012-04-04 00:00:00-04:00,35.57032047258322,35.71967543482386,35.33449574321804,35.49957275390625,1964300,0.0,0.0
2012-04-05 00:00:00-04:00,35.17727702050596,36.16774204848241,35.17727702050596,35.50743103027344,1583200,0.0,0.0
2012-04-09 00:00:00-04:00,34.52483488933418,35.04365361453153,34.52483488933418,34.917877197265625,1105700,0.0,0.0
2012-04-10 00:00:00-04:00,34.902159040721294,35.2323131485043,33.84094298282965,34.0374641418457,1760100,0.0,0.0
2012-04-11 00:00:00-04:00,33.99029949604618,35.40525117933464,33.919551761948014,35.161563873291016,2475400,0.0,0.0
2012-04-12 00:00:00-04:00,35.27160193538334,37.15820546736959,35.27160193538334,37.0009880065918,2611400,0.0,0.0
2012-04-13 00:00:00-04:00,36.74124930350817,37.11118143525436,36.41854350852773,36.686153411865234,2736500,0.06,0.0
2012-04-16 00:00:00-04:00,37.00097933309874,37.11117409709621,36.127314794442555,36.638919830322266,2020600,0.0,0.0
2012-04-17 00:00:00-04:00,36.993127103769304,37.7566032409668,36.95377331373373,37.7566032409668,1546100,0.0,0.0
2012-04-18 00:00:00-04:00,37.4653810086515,37.78021735427119,37.024613727786225,37.04822540283203,1314700,0.0,0.0
2012-04-19 00:00:00-04:00,37.229260046623466,38.34692651530132,36.91442666294832,37.874671936035156,2480800,0.0,0.0
2012-04-20 00:00:00-04:00,37.97697913523312,38.16588149244669,37.709369213972884,37.81956100463867,1552900,0.0,0.0
2012-04-23 00:00:00-04:00,37.00886262438617,37.284342108039674,36.694026355209715,37.08757019042969,2018300,0.0,0.0
2012-04-24 00:00:00-04:00,35.77314258590007,36.890805866795304,34.686960536401955,36.56809997558594,5069900,0.0,0.0
2012-04-25 00:00:00-04:00,36.96950922126564,37.49685652467889,36.83570275461523,37.48898696899414,1582400,0.0,0.0
2012-04-26 00:00:00-04:00,37.30795927401102,38.20523879789839,37.0088650985481,38.09504699707031,1674300,0.0,0.0
2012-04-27 00:00:00-04:00,38.44923817988895,39.19697219721315,38.095051068657966,39.07891082763672,2644000,0.0,0.0
2012-04-30 00:00:00-04:00,39.00019874616782,39.03168297784523,37.99272735250344,38.14227294921875,1702300,0.0,0.0
2012-05-01 00:00:00-04:00,37.53622771331379,38.43351060499881,37.51261603280982,38.03996658325195,1517300,0.0,0.0
2012-05-02 00:00:00-04:00,37.77234049483408,37.79595216531543,37.30795862619261,37.520469665527344,1908800,0.0,0.0
2012-05-03 00:00:00-04:00,37.61492573132118,37.61492573132118,37.182028052769475,37.33944320678711,2265200,0.0,0.0
2012-05-04 00:00:00-04:00,36.9459045575114,36.9459045575114,36.324107404936036,36.48939514160156,3296400,0.0,0.0
2012-05-07 00:00:00-04:00,36.31624192391586,36.575982420024445,36.056504430309886,36.07224655151367,2712800,0.0,0.0
2012-05-08 00:00:00-04:00,35.812499085850725,35.8203686436698,34.781412866434295,35.513404846191406,2594100,0.0,0.0
2012-05-09 00:00:00-04:00,34.94669852034981,35.63933360271594,34.33276801222773,35.261531829833984,2123000,0.0,0.0
2012-05-10 00:00:00-04:00,35.59997981434312,35.81249387455827,34.95456807702374,35.261531829833984,1824600,0.0,0.0
2012-05-11 00:00:00-04:00,34.151733677585916,35.513394992632996,34.151733677585916,35.4189453125,2563500,0.0,0.0
2012-05-14 00:00:00-04:00,34.82863724934561,34.91521739296462,34.37212485662787,34.38786697387695,1707400,0.0,0.0
2012-05-15 00:00:00-04:00,34.379987647424976,34.379987647424976,33.64799591709854,33.718833923339844,2150900,0.0,0.0
2012-05-16 00:00:00-04:00,33.8211713313949,34.51380658933076,32.79795455932617,32.79795455932617,1861200,0.0,0.0
2012-05-17 00:00:00-04:00,32.8058238837342,32.98685374027687,31.6488037109375,31.6488037109375,1424100,0.0,0.0
2012-05-18 00:00:00-04:00,31.83769621316068,32.05021024009662,31.404798603847226,31.554344177246094,1626200,0.0,0.0
2012-05-21 00:00:00-04:00,31.57796468422084,33.1914942264445,31.499257097771675,33.13639831542969,1601400,0.0,0.0
2012-05-22 00:00:00-04:00,33.17575330705856,33.35678314804881,32.254858982671315,32.475242614746094,1728700,0.0,0.0
2012-05-23 00:00:00-04:00,31.908529635422713,32.54606862208587,31.326083533933446,32.51458740234375,1679800,0.0,0.0
2012-05-24 00:00:00-04:00,32.62478358760531,32.67200692485204,31.633051470408496,32.12104797363281,1685600,0.0,0.0
2012-05-25 00:00:00-04:00,32.121045852426334,32.325687306150655,31.92427395355641,32.09743118286133,763600,0.0,0.0
2012-05-29 00:00:00-04:00,32.63265706336144,33.36464890363595,32.593303276760956,33.22297286987305,1335100,0.0,0.0
2012-05-30 00:00:00-04:00,32.54607652814324,32.55394908686668,31.56221686281241,31.719635009765625,1471600,0.0,0.0
2012-05-31 00:00:00-04:00,31.711770932674053,31.711770932674053,31.097840353732295,31.333969116210938,1934200,0.0,0.0
2012-06-01 00:00:00-04:00,30.27927331815724,30.523268652359885,29.51579707306657,29.696826934814453,2673700,0.0,0.0
2012-06-04 00:00:00-04:00,29.854250216957908,29.854250216957908,28.50045779926217,29.42135238647461,1677000,0.0,0.0
2012-06-05 00:00:00-04:00,29.169474646654727,29.917205646905607,29.059279833695125,29.90933609008789,1010000,0.0,0.0
2012-06-06 00:00:00-04:00,30.373715893434834,31.16867318676976,30.302877876998934,30.775129318237305,1717800,0.0,0.0
2012-06-07 00:00:00-04:00,31.609450574183576,32.152540155111886,30.78300886320497,30.877458572387695,1553200,0.0,0.0
2012-06-08 00:00:00-04:00,30.69642423525549,30.69642423525549,30.058882035622656,30.23204231262207,1793800,0.0,0.0
2012-06-11 00:00:00-04:00,30.73577762406203,30.822357761432894,29.657468191583224,29.681079864501953,1672700,0.0,0.0
2012-06-12 00:00:00-04:00,29.90934729489994,30.27140709418491,29.610252981250166,30.113988876342773,1561400,0.0,0.0
2012-06-13 00:00:00-04:00,29.846363408650802,30.058877442723624,29.05927572801126,29.2954044342041,1210500,0.0,0.0
2012-06-14 00:00:00-04:00,29.35049712294616,29.4213351265595,28.177735285903275,28.760181427001953,2732000,0.0,0.0
2012-06-15 00:00:00-04:00,28.972718663453666,30.082512941381218,28.89400803939653,30.011674880981445,1555600,0.0,0.0
2012-06-18 00:00:00-04:00,29.830628348650517,30.169076337491532,29.47643824375857,29.901466369628906,1440600,0.0,0.0
2012-06-19 00:00:00-04:00,30.334358938543975,31.184412044482084,30.334358938543975,30.751514434814453,1312200,0.0,0.0
2012-06-20 00:00:00-04:00,30.790868869603703,30.924675335064638,30.090361322341046,30.295005798339844,1283000,0.0,0.0
2012-06-21 00:00:00-04:00,30.263534255703817,30.287145934946103,27.910139810309946,27.973108291625977,2595400,0.0,0.0
2012-06-22 00:00:00-04:00,28.33516587344675,28.33516587344675,27.217502438528527,28.028202056884766,2171000,0.0,0.0
2012-06-25 00:00:00-04:00,27.453622445726648,27.508718349802663,26.894787843310286,27.422138214111328,1195200,0.0,0.0
2012-06-26 00:00:00-04:00,27.461501302323125,27.776337720093707,27.296213534119737,27.477243423461914,1248100,0.0,0.0
2012-06-27 00:00:00-04:00,27.406403736801213,27.516595575665047,27.05221353866573,27.193889617919922,1814500,0.0,0.0
2012-06-28 00:00:00-04:00,26.81608206609781,27.012854023144317,26.162800730004335,26.446149826049805,2976600,0.0,0.0
2012-06-29 00:00:00-04:00,27.351297997063497,27.524458254535983,27.02859215518381,27.24897575378418,2165800,0.0,0.0
2012-07-02 00:00:00-04:00,27.26471722859777,27.26471722859777,26.10769735809104,26.398921966552734,2461700,0.0,0.0
2012-07-03 00:00:00-04:00,26.454017815576165,27.351297304295286,26.446145257253356,27.1230411529541,1264100,0.0,0.0
2012-07-05 00:00:00-04:00,26.910522459864037,27.382776794984217,26.863299128102543,26.989233016967773,1887300,0.0,0.0
2012-07-06 00:00:00-04:00,26.516986613198746,26.635050982917566,26.27299131944893,26.35957145690918,1884600,0.0,0.0
2012-07-09 00:00:00-04:00,26.28086076147173,26.328087109653307,25.81647884644191,26.19428062438965,1656800,0.0,0.0
2012-07-10 00:00:00-04:00,26.973496324248668,27.37490973736499,26.272988739054657,26.524856567382812,2184200,0.0,0.0
2012-07-11 00:00:00-04:00,26.540597690524528,26.816077179186056,26.398921667069676,26.595693588256836,1971200,0.0,0.0
2012-07-12 00:00:00-04:00,26.288733064510435,26.532728354816236,25.792866922192886,26.328086853027344,1901400,0.0,0.0
2012-07-13 00:00:00-04:00,26.53273134180842,27.272595860225575,26.35957405234006,27.154531478881836,1677100,0.0,0.0
2012-07-16 00:00:00-04:00,26.949887650484293,27.08369113556839,26.40679514572683,26.89478874206543,1131100,0.0,0.0
2012-07-17 00:00:00-04:00,26.918399084485383,27.563810737760956,26.80820729038973,27.516584396362305,1826500,0.0,0.0
2012-07-18 00:00:00-04:00,27.414270698572647,28.004586574054382,27.091561804240897,27.50872039794922,1634400,0.0,0.0
2012-07-19 00:00:00-04:00,27.595295876298884,29.067149036379895,27.54806953334126,28.988441467285156,2629200,0.0,0.0
2012-07-20 00:00:00-04:00,28.665735118598136,28.878249176623356,28.217095330267636,28.287933349609375,2363200,0.0,0.0
2012-07-23 00:00:00-04:00,27.406406596398753,28.209236795106058,27.138796530162985,27.957368850708008,2305000,0.0,0.0
2012-07-24 00:00:00-04:00,29.65746849396768,31.333966345828575,28.34303030889314,29.563018798828125,3646900,0.0,0.0
2012-07-25 00:00:00-04:00,29.539401321501998,29.58662766584343,28.201354592676726,29.12224578857422,2799500,0.0,0.0
2012-07-26 00:00:00-04:00,29.405606853957103,29.688959001768616,28.870386797535865,29.602378845214844,1742500,0.0,0.0
2012-07-27 00:00:00-04:00,30.066754318981257,30.55474791036085,29.791271789693134,30.058881759643555,2428200,0.0,0.0
2012-07-30 00:00:00-04:00,29.893581941470096,30.34222156203912,29.775520621715344,29.93293571472168,2290400,0.0,0.0
2012-07-31 00:00:00-04:00,29.925094695770248,30.397346430099855,29.72832263938236,30.011674880981445,3028900,0.0,0.0
2012-08-01 00:00:00-04:00,30.570485733666597,30.73577342652791,29.79126760624703,29.814882278442383,1494900,0.0,0.0
2012-08-02 00:00:00-04:00,29.59012753922644,30.03965748222725,29.180029466786273,29.66110610961914,1590000,0.075,0.0
2012-08-03 00:00:00-04:00,30.307784734993607,30.331443244960358,29.85036681925292,30.19737434387207,1533200,0.0,0.0
2012-08-06 00:00:00-04:00,30.38666262326239,30.812534052181277,30.347230752094106,30.52861976623535,1886000,0.0,0.0
2012-08-07 00:00:00-04:00,30.702121275686853,31.380360238676737,30.694233096977463,31.159536361694336,2041000,0.0,0.0
2012-08-08 00:00:00-04:00,31.088557787327456,31.96395909939724,31.001808880758166,31.86143684387207,1830400,0.0,0.0
2012-08-09 00:00:00-04:00,31.70369902611093,31.987613224697814,31.214737355465736,31.530195236206055,1765400,0.0,0.0
2012-08-10 00:00:00-04:00,31.254160040968415,32.42924534098929,31.009677773175778,32.090126037597656,2858000,0.0,0.0
2012-08-13 00:00:00-04:00,31.940301262200144,32.090143567792474,31.159537018735616,31.34092903137207,1230600,0.0,0.0
2012-08-14 00:00:00-04:00,31.616949561451012,31.727359978619916,30.765206900219653,30.836185455322266,1090600,0.0,0.0
2012-08-15 00:00:00-04:00,30.41031927175024,32.01127645020203,30.41031927175024,31.948183059692383,2326300,0.0,0.0
2012-08-16 00:00:00-04:00,31.869311614747353,33.09960535571675,31.806221247969745,32.75259780883789,2552700,0.0,0.0
2012-08-17 00:00:00-04:00,32.85512716526951,32.981310923128426,32.405597339868464,32.56332778930664,1446600,0.0,0.0
2012-08-20 00:00:00-04:00,32.405602061914685,32.50023914198458,32.0112773850885,32.239986419677734,1382100,0.0,0.0
2012-08-21 00:00:00-04:00,32.33461795759422,32.76048925760221,32.0112718983566,32.17688751220703,952300,0.0,0.0
2012-08-22 00:00:00-04:00,32.05861470043752,32.38196098929449,31.632743098003427,32.35041427612305,1178800,0.0,0.0
2012-08-23 00:00:00-04:00,32.29519735333257,32.650090227020435,31.98762453228944,32.15324020385742,821100,0.0,0.0
2012-08-24 00:00:00-04:00,31.92452552755305,32.129576044578066,31.601179412359947,31.798341751098633,655600,0.0,0.0
2012-08-27 00:00:00-04:00,31.85353078421811,31.916624144624237,31.325137428873347,31.498638153076172,864500,0.0,0.0
2012-08-28 00:00:00-04:00,31.498654703860115,31.593294794197387,31.009692937618574,31.072786331176758,1312500,0.0,0.0
2012-08-29 00:00:00-04:00,31.262062329949305,31.285720849693032,30.678463447573098,30.725780487060547,1694300,0.0,0.0
2012-08-30 00:00:00-04:00,30.646914347974242,30.646914347974242,29.945016904950545,29.976560592651367,1654400,0.0,0.0
2012-08-31 00:00:00-04:00,30.252595698983146,30.449758076574582,29.87404429502269,30.173728942871094,1632100,0.0,0.0
2012-09-04 00:00:00-04:00,30.07119871153771,30.079083880831828,29.195797505432793,29.41661834716797,1580800,0.0,0.0
2012-09-05 00:00:00-04:00,29.400854291407985,29.818840599088436,29.187918551674763,29.219465255737305,1926800,0.0,0.0
2012-09-06 00:00:00-04:00,29.463932730101764,30.497061191355304,29.463932730101764,30.213150024414062,1568000,0.0,0.0
2012-09-07 00:00:00-04:00,30.504951032915752,31.42766914487766,30.221036842017345,31.198963165283203,1731800,0.0,0.0
2012-09-10 00:00:00-04:00,30.97814938279439,31.845665581455556,30.875627120551922,31.624841690063477,1868000,0.0,0.0
2012-09-11 00:00:00-04:00,31.545980432846367,31.76680133316937,31.333044703909557,31.37247657775879,1580900,0.0,0.0
2012-09-12 00:00:00-04:00,31.451338804767744,31.65638632433137,31.064899276392563,31.159536361694336,1089200,0.0,0.0
2012-09-13 00:00:00-04:00,31.033352803297085,32.69740352490705,30.883510499778836,32.53178787231445,1402900,0.0,0.0
2012-09-14 00:00:00-04:00,32.586986268272966,34.03021581764209,32.586986268272966,33.659549713134766,2275700,0.0,0.0
2012-09-17 00:00:00-04:00,33.46237306667535,33.56489826604018,32.59486048008402,32.792022705078125,1278100,0.0,0.0
2012-09-18 00:00:00-04:00,32.60275531531254,32.76048574378189,32.310955978141735,32.728939056396484,937500,0.0,0.0
2012-09-19 00:00:00-04:00,33.19424654245084,34.053874332071715,33.02863092452726,33.659549713134766,2497100,0.0,0.0
2012-09-20 00:00:00-04:00,32.76837183130664,33.28888015394736,32.200546484717165,33.14692306518555,1476300,0.0,0.0
2012-09-21 00:00:00-04:00,32.56332723198248,33.21790452452933,31.380353394129997,31.545969009399414,3680800,0.0,0.0
2012-09-24 00:00:00-04:00,31.514429902078277,31.522318080965363,30.410322526128716,30.725780487060547,2770400,0.0,0.0
2012-09-25 00:00:00-04:00,30.8204121419463,31.072779644957578,29.76362209491484,29.771507263183594,1945300,0.0,0.0
2012-09-26 00:00:00-04:00,29.763622084501932,30.33144746184968,29.574344953080722,30.126399993896484,1408600,0.0,0.0
2012-09-27 00:00:00-04:00,30.386652665085464,30.544383106526816,29.94501103919921,30.126399993896484,1947400,0.0,0.0
2012-09-28 00:00:00-04:00,29.92134260508039,30.244688581529957,29.684748501805117,29.89768409729004,2817600,0.0,0.0
2012-10-01 00:00:00-04:00,30.134298455301817,30.449759477343804,29.60590470310965,29.747861862182617,1510300,0.0,0.0
2012-10-02 00:00:00-04:00,29.858263473740717,30.292019994231108,29.6216692815149,29.96078872680664,1389700,0.0,0.0
2012-10-03 00:00:00-04:00,29.87404523838145,30.039660918757853,29.519152345818277,29.645336151123047,1499800,0.0,0.0
2012-10-04 00:00:00-04:00,29.810951839152775,29.92136229276539,29.53492570512124,29.732088088989258,1195900,0.0,0.0
2012-10-05 00:00:00-04:00,30.031766242885855,30.228928564306717,29.377185891708617,29.550689697265625,2498200,0.0,0.0
2012-10-08 00:00:00-04:00,29.180020764878353,29.27465782769351,28.903994744809996,29.04595184326172,2638000,0.0,0.0
2012-10-09 00:00:00-04:00,29.04594587244641,29.345630344499572,28.817236926571073,28.967079162597656,1335100,0.0,0.0
2012-10-10 00:00:00-04:00,28.974968984840224,28.974968984840224,28.194205059471994,28.320388793945312,1598300,0.0,0.0
2012-10-11 00:00:00-04:00,28.71471901362592,28.97497470965529,28.10745873134886,28.115346908569336,2993600,0.0,0.0
2012-10-12 00:00:00-04:00,28.012825573667374,28.296739824067895,27.586954198066593,27.847209930419922,2929400,0.0,0.0
2012-10-15 00:00:00-04:00,27.949725439138064,28.280959654194056,27.57117419940109,28.265186309814453,1668400,0.0,0.0
2012-10-16 00:00:00-04:00,28.430805364008066,29.456048805462324,28.399258671419762,29.164249420166016,1743900,0.0,0.0
2012-10-17 00:00:00-04:00,29.25100067737654,30.05542326994123,29.164248778895328,29.952898025512695,1566100,0.0,0.0
2012-10-18 00:00:00-04:00,29.779397888899172,30.292021165593045,29.676875640327193,30.13429069519043,1354400,0.0,0.0
2012-10-19 00:00:00-04:00,29.86615121929331,29.968676481202685,29.329869399479307,29.385074615478516,1642800,0.0,0.0
2012-10-22 00:00:00-04:00,29.471823826538035,29.724191364669235,29.17213925529371,29.527029037475586,1861700,0.0,0.0
2012-10-23 00:00:00-04:00,28.533331280596734,31.120099964405785,28.533331280596734,30.118515014648438,3506800,0.0,0.0
2012-10-24 00:00:00-04:00,30.67845575677524,30.757319475123122,30.126400702966045,30.25258445739746,2128000,0.0,0.0
2012-10-25 00:00:00-04:00,30.224930842925556,30.493597015436748,29.750815486424354,30.019481658935547,1046800,0.075,0.0
2012-10-26 00:00:00-04:00,29.932556789514205,30.43037695935164,29.8377313162914,30.327653884887695,825000,0.0,0.0
2012-10-31 00:00:00-04:00,30.35926242200519,30.80967592933883,29.782420966333024,30.019481658935547,1211400,0.0,0.0
2012-11-01 00:00:00-04:00,30.082688071297653,31.789507145755987,29.9957662411063,31.734193801879883,1313700,0.0,0.0
2012-11-02 00:00:00-04:00,31.96336315818772,32.01867652343934,30.90450257224588,30.944011688232422,1116100,0.0,0.0
2012-11-05 00:00:00-05:00,30.817575486214974,31.331202950059286,30.817575486214974,31.291690826416016,623200,0.0,0.0
2012-11-06 00:00:00-05:00,31.339106106580672,32.05028218888326,31.188970273362155,31.852733612060547,743400,0.0,0.0
2012-11-07 00:00:00-05:00,30.904491754175563,31.418116110911807,30.738551716507757,30.880786895751953,1530600,0.0,0.0
2012-11-08 00:00:00-05:00,30.93611867550782,31.109959431452676,30.01158945952246,30.39088249206543,1060400,0.0,0.0
2012-11-09 00:00:00-05:00,30.303947382444797,30.746457234479326,30.224929165530515,30.42247772216797,935400,0.0,0.0
2012-11-12 00:00:00-05:00,30.572616992893387,30.6990479628463,30.296050188106413,30.430381774902344,887600,0.0,0.0
2012-11-13 00:00:00-05:00,30.232828457904972,30.975612927528235,30.232828457904972,30.93610382080078,1314900,0.0,0.0
2012-11-14 00:00:00-05:00,30.88078881177994,31.01512037031681,30.627923910716685,30.7464542388916,1430500,0.0,0.0
2012-11-15 00:00:00-05:00,30.62002581379877,30.967710183033997,30.509399106058094,30.683242797851562,1230000,0.0,0.0
2012-11-16 00:00:00-05:00,30.683244938018394,30.880793505434884,30.13010834638183,30.477792739868164,1406200,0.0,0.0
2012-11-19 00:00:00-05:00,30.920299295136804,31.623571637310146,30.920299295136804,31.56825828552246,1206000,0.0,0.0
2012-11-20 00:00:00-05:00,31.528745239347376,31.528745239347376,30.627921449189298,30.825469970703125,1016900,0.0,0.0
2012-11-21 00:00:00-05:00,30.817578851193897,31.046735930198572,30.548912658583763,30.959814071655273,569300,0.0,0.0
2012-11-23 00:00:00-05:00,31.275901223936216,31.552468106167915,31.038840451334256,31.370723724365234,316300,0.0,0.0
2012-11-26 00:00:00-05:00,31.22847090941154,31.4497242908048,31.13364846229318,31.34699821472168,605200,0.0,0.0
2012-11-27 00:00:00-05:00,31.220569804147996,31.93174575090141,31.109943104508908,31.149452209472656,1407500,0.0,0.0
2012-11-28 00:00:00-05:00,30.896593116312168,31.21267201332707,30.722752435870557,31.04673194885254,1473100,0.0,0.0
2012-11-29 00:00:00-05:00,31.267976943293295,31.931740036698535,30.93609690376615,31.876426696777344,2032100,0.0,0.0
2012-11-30 00:00:00-05:00,31.915941831562986,32.79305783672092,31.852727865846553,32.429569244384766,2355000,0.0,0.0
2012-12-03 00:00:00-05:00,32.95110142821942,33.180258488338964,32.16090716382256,32.239925384521484,1817300,0.0,0.0
2012-12-04 00:00:00-05:00,32.20042766672595,32.57972068610859,31.94756565380419,32.39007568359375,841400,0.0,0.0
2012-12-05 00:00:00-05:00,32.39796565827869,33.42521762506104,32.39796565827869,33.18815994262695,2088800,0.0,0.0
2012-12-06 00:00:00-05:00,33.2039570328355,33.298779482499505,32.721938140987184,32.94319152832031,980400,0.0,0.0
2012-12-07 00:00:00-05:00,33.10122652867197,33.37779624021494,32.94318712412612,33.1407356262207,1129400,0.0,0.0
2012-12-10 00:00:00-05:00,33.05382354695914,33.64646917390278,33.05382354695914,33.52793884277344,690400,0.0,0.0
2012-12-11 00:00:00-05:00,33.709685901308895,34.073174525498466,33.46472460360631,33.717586517333984,1523300,0.0,0.0
2012-12-12 00:00:00-05:00,34.04156824407494,34.28652652164768,33.59905839831351,34.00205612182617,1481600,0.0,0.0
2012-12-13 00:00:00-05:00,33.88353461706758,34.12059231951231,33.338298585657256,33.55955505371094,1105000,0.0,0.0
2012-12-14 00:00:00-05:00,33.765001593222024,34.29443333409514,33.591157885121596,34.199607849121094,1214400,0.0,0.0
2012-12-17 00:00:00-05:00,34.19170055632495,34.27862239340293,33.67807316323769,33.97834777832031,1041300,0.0,0.0
2012-12-18 00:00:00-05:00,33.96254756138363,35.02140794759199,33.883529344315804,34.973995208740234,1589000,0.0,0.0
2012-12-19 00:00:00-05:00,34.981897486415406,35.779992299606896,34.973993856403176,35.62195587158203,2450400,0.0,0.0
2012-12-20 00:00:00-05:00,35.62985191831152,35.803695584068315,35.26636335750301,35.637752532958984,1906000,0.0,0.0
2012-12-21 00:00:00-05:00,35.21896781821107,35.56665230509071,35.084636203173275,35.21106719970703,1554100,0.0,0.0
2012-12-24 00:00:00-05:00,35.1557392171048,35.258462286731344,34.7685427555578,35.01350402832031,359600,0.0,0.0
2012-12-26 00:00:00-05:00,35.13203882693696,35.503431122808976,34.91078538140578,34.950294494628906,519300,0.0,0.0
2012-12-27 00:00:00-05:00,35.053009683214285,35.053009683214285,34.025757987590524,34.73693084716797,724900,0.0,0.0
2012-12-28 00:00:00-05:00,34.74484383748988,34.77644931812924,34.10478537849904,34.199607849121094,560200,0.0,0.0
2012-12-31 00:00:00-05:00,34.1442912899688,35.203151658123836,34.04156821240238,35.187347412109375,810600,0.0,0.0
2013-01-02 00:00:00-05:00,36.04077261558018,36.74404525756836,35.977555606957345,36.74404525756836,1636900,0.0,0.0
2013-01-03 00:00:00-05:00,36.75193467813362,36.92577838452325,36.4437593908807,36.688720703125,1396100,0.0,0.0
2013-01-04 00:00:00-05:00,36.6492125059095,37.54212989525557,36.63340825817523,37.53422927856445,1251000,0.0,0.0
2013-01-07 00:00:00-05:00,37.26556497416556,37.415700813680715,36.601801607629184,37.0443115234375,1408200,0.0,0.0
2013-01-08 00:00:00-05:00,37.03640381428502,37.33667847460726,36.799346141126136,36.94948196411133,918200,0.0,0.0
2013-01-09 00:00:00-05:00,37.131224491522794,37.36037850446566,37.03639902304492,37.3050651550293,726300,0.0,0.0
2013-01-10 00:00:00-05:00,37.47101312391605,37.66856170347534,37.25766331062188,37.399898529052734,852500,0.0,0.0
2013-01-11 00:00:00-05:00,37.32877840175064,37.352483265106024,36.71242482534359,36.85466003417969,1343300,0.0,0.0
2013-01-14 00:00:00-05:00,36.23040771484375,36.60970363425395,36.024958521652614,36.23040771484375,1562700,0.0,0.0
2013-01-15 00:00:00-05:00,36.15139405413324,36.380551155188726,35.945944835004056,36.2146110534668,1250900,0.0,0.0
2013-01-16 00:00:00-05:00,36.12768633195254,36.99689890364158,35.82741163754904,36.941585540771484,1211600,0.0,0.0
2013-01-17 00:00:00-05:00,37.186542044455564,37.54212704121211,36.90207163556888,37.16283416748047,972500,0.0,0.0
2013-01-18 00:00:00-05:00,37.35248595037478,37.35248595037478,36.71242746459857,37.3129768371582,746800,0.0,0.0
2013-01-22 00:00:00-05:00,37.43941074246976,37.64485995590984,37.060117800028756,37.4315071105957,1001300,0.0,0.0
2013-01-23 00:00:00-05:00,37.31297976165609,37.573742340805126,37.154940282050916,37.4315071105957,640000,0.0,0.0
2013-01-24 00:00:00-05:00,37.344571287775175,37.708062859310154,37.03639607562586,37.1865348815918,783500,0.0,0.0
2013-01-25 00:00:00-05:00,37.281369011667294,37.36038723952227,36.88627184368808,37.11542892456055,2083800,0.0,0.0
2013-01-28 00:00:00-05:00,37.20234472510354,37.26555869422217,36.262011689268604,36.54648208618164,1910100,0.0,0.0
2013-01-29 00:00:00-05:00,37.88192014324172,38.632605459649746,37.00480685211193,37.992549896240234,2528100,0.0,0.0
2013-01-30 00:00:00-05:00,37.320877411419154,37.76338731625476,37.131232462455415,37.29717254638672,1432000,0.0,0.0
2013-01-31 00:00:00-05:00,37.03640789199596,37.494722056335156,36.82305505835725,37.0443115234375,1079600,0.0,0.0
2013-02-01 00:00:00-05:00,37.233958514677326,37.60535083959663,37.18654878084242,37.4315071105957,1022800,0.0,0.0
2013-02-04 00:00:00-05:00,37.05221260540315,37.27346605890717,36.759841539793946,36.76774215698242,719600,0.0,0.0
2013-02-05 00:00:00-05:00,36.9889974505563,37.352486116731086,36.9889974505563,37.22605514526367,874300,0.0,0.0
2013-02-06 00:00:00-05:00,37.28136062323343,38.62469129497921,37.06010722354054,38.585182189941406,1841900,0.0,0.0
2013-02-07 00:00:00-05:00,38.593098617473274,38.64051137155536,37.64486463630053,38.324432373046875,1154900,0.0,0.0
2013-02-08 00:00:00-05:00,38.340222631416204,39.41488721690257,38.340222631416204,39.1146125793457,1326000,0.0,0.0
2013-02-11 00:00:00-05:00,38.909163415344665,39.25684777532781,38.76692821936255,39.1146125793457,935600,0.0,0.0
2013-02-12 00:00:00-05:00,39.05930001906661,39.32006254075431,38.75112475963947,38.830142974853516,946800,0.0,0.0
2013-02-13 00:00:00-05:00,39.10670239446752,40.047032169497236,39.05138604125316,39.77836608886719,1347600,0.0,0.0
2013-02-14 00:00:00-05:00,39.56074868826864,39.82981570444952,39.41038584405477,39.72693634033203,941600,0.075,0.0
2013-02-15 00:00:00-05:00,39.726933819113206,40.08305235011219,39.46577922343092,39.69527816772461,1039400,0.0,0.0
2013-02-19 00:00:00-05:00,39.68736648043583,39.92477783243607,38.76145828313102,39.3629035949707,1446200,0.0,0.0
2013-02-20 00:00:00-05:00,39.28377127762345,39.35499499745998,37.3844771133987,37.590232849121094,1380500,0.0,0.0
2013-02-21 00:00:00-05:00,37.28951600090945,37.28951600090945,36.24490329171781,36.65641784667969,1733300,0.0,0.0
2013-02-22 00:00:00-05:00,36.83841813960715,37.80389431223213,36.79093768446092,37.629791259765625,1208500,0.0,0.0
2013-02-25 00:00:00-05:00,38.001747201205454,38.23915859351389,36.1103654487971,36.13410568237305,1508500,0.0,0.0
2013-02-26 00:00:00-05:00,36.34778099856486,36.624760484797335,35.66719938227934,36.29238510131836,1830300,0.0,0.0
2013-02-27 00:00:00-05:00,36.43482223899582,37.58231396344298,36.36359853144119,37.32115936279297,1028300,0.0,0.0
2013-02-28 00:00:00-05:00,37.16288389997401,37.36864261783722,37.01252408218868,37.07583236694336,1575900,0.0,0.0
2013-03-01 00:00:00-05:00,36.941301382681125,36.941301382681125,35.88877357292742,36.56935501098633,1506800,0.0,0.0
2013-03-04 00:00:00-05:00,36.387355768619464,36.51397541691592,35.39813882291259,36.14994430541992,1490900,0.0,0.0
2013-03-05 00:00:00-05:00,36.474392072474494,37.06000958745234,36.474392072474494,36.7118034362793,1052700,0.0,0.0
2013-03-06 00:00:00-05:00,36.97296051051653,36.996700742822334,36.60892650834711,36.73554611206055,944400,0.0,0.0
2013-03-07 00:00:00-05:00,36.71972171941114,37.273680605157175,36.70389389141132,36.901737213134766,532800,0.0,0.0
2013-03-08 00:00:00-05:00,37.24993802183968,37.582316351161325,37.04418230852577,37.43986892700195,728400,0.0,0.0
2013-03-11 00:00:00-04:00,37.34491861375844,37.922620972017604,37.067939064884406,37.890968322753906,723500,0.0,0.0
2013-03-12 00:00:00-04:00,37.79598094283761,38.34203035746131,37.637708725290665,38.23915100097656,826900,0.0,0.0
2013-03-13 00:00:00-04:00,38.16792483953845,38.191665066873064,37.447775428182965,37.47151565551758,1293800,0.0,0.0
2013-03-14 00:00:00-04:00,37.67728928400268,37.67728928400268,37.060018977932835,37.40822219848633,1029100,0.0,0.0
2013-03-15 00:00:00-04:00,37.123316281787204,37.795982286828234,37.06792039990614,37.24202346801758,1052600,0.0,0.0
2013-03-18 00:00:00-04:00,36.561445499043856,36.743460987992165,35.89669183473944,36.4348258972168,1123500,0.0,0.0
2013-03-19 00:00:00-04:00,36.442738978477294,36.56144617814167,35.12905945305255,35.43769454956055,1124400,0.0,0.0
2013-03-20 00:00:00-04:00,35.87295660760967,36.10245259248041,34.89956469787751,34.94704818725586,1866500,0.0,0.0
2013-03-21 00:00:00-04:00,34.67005829751017,34.78876245702045,34.02904496829846,34.11609649658203,2395800,0.0,0.0
2013-03-22 00:00:00-04:00,34.28229156791925,34.77294217513086,34.100276068773816,34.19524002075195,1746400,0.0,0.0
2013-03-25 00:00:00-04:00,34.31394599119419,34.44847800008901,33.50674488127676,33.57796859741211,1856600,0.0,0.0
2013-03-26 00:00:00-04:00,33.783719124071816,33.94990978204852,33.49882732221681,33.92616653442383,1352800,0.0,0.0
2013-03-27 00:00:00-04:00,33.58587431787982,34.622574197787756,33.26141145758022,34.45638656616211,2174300,0.0,0.0
2013-03-28 00:00:00-04:00,34.28228333590399,34.883728597992906,34.021131775960576,34.8599853515625,1341500,0.0,0.0
2013-04-01 00:00:00-04:00,34.685897263122705,34.85208495112338,33.68876509741881,34.044883728027344,1572700,0.0,0.0
2013-04-02 00:00:00-04:00,33.98156625609874,34.93121475953003,33.51465591801123,33.601707458496094,2081800,0.0,0.0
2013-04-03 00:00:00-04:00,33.593803508420564,33.68876747700726,32.929049690613404,33.26934051513672,1372600,0.0,0.0
2013-04-04 00:00:00-04:00,33.34847790557577,34.24273078168224,33.27725417174693,33.799560546875,1219400,0.0,0.0
2013-04-05 00:00:00-04:00,33.008170203895695,33.910335025564585,32.881550632764075,33.839111328125,1961200,0.0,0.0
2013-04-08 00:00:00-04:00,33.90243805508877,34.0923690076648,33.467183269879236,34.08445358276367,1250400,0.0,0.0
2013-04-09 00:00:00-04:00,34.250633637946144,35.097402782442266,34.05279032345921,34.74128723144531,1275300,0.0,0.0
2013-04-10 00:00:00-04:00,34.89956278051672,35.469352546353626,34.33768843856626,35.22402572631836,1592000,0.0,0.0
2013-04-11 00:00:00-04:00,35.11322891383897,36.03122172796387,34.899557782251804,35.58805465698242,1467900,0.0,0.0
2013-04-12 00:00:00-04:00,35.42186290631546,35.47726180734799,34.26645876527784,34.78876495361328,1200100,0.0,0.0
2013-04-15 00:00:00-04:00,34.40890811627289,34.54344313688758,33.03983277320212,33.21393585205078,1611600,0.0,0.0
2013-04-16 00:00:00-04:00,33.752070246490085,34.575096130371094,33.55422693442121,34.575096130371094,1760600,0.0,0.0
2013-04-17 00:00:00-04:00,34.084457486135555,34.22690496216822,33.506755175047715,33.5225830078125,1329700,0.0,0.0
2013-04-18 00:00:00-04:00,33.78372011836961,33.902427303439666,32.92903864995218,33.4196891784668,2515300,0.0,0.0
2013-04-19 00:00:00-04:00,38.128358458924936,38.91973160582027,36.29237299963569,37.27367401123047,5684200,0.0,0.0
2013-04-22 00:00:00-04:00,37.289516108614656,38.83269493946641,37.11541600247994,38.59528350830078,2530600,0.0,0.0
2013-04-23 00:00:00-04:00,38.88808018406761,39.054267838462934,38.13627500899678,38.500308990478516,1706400,0.0,0.0
2013-04-24 00:00:00-04:00,38.579444528997236,38.95139090894959,38.389513627637726,38.42116928100586,1228500,0.0,0.0
2013-04-25 00:00:00-04:00,38.421162709152235,38.78519360407125,38.21540703515197,38.24706268310547,1272700,0.0,0.0
2013-04-26 00:00:00-04:00,38.595269355704225,38.595269355704225,37.40820961631191,37.677276611328125,885900,0.0,0.0
2013-04-29 00:00:00-04:00,38.065049872333496,38.22332511676809,37.62979521427526,38.19166946411133,734500,0.0,0.0
2013-04-30 00:00:00-04:00,38.19168021666996,39.10176086425781,37.84347699595941,39.10176086425781,1470100,0.0,0.0
2013-05-01 00:00:00-04:00,38.990960323777394,39.00678815101253,37.58231690719305,37.7405891418457,947300,0.0,0.0
2013-05-02 00:00:00-04:00,38.31146117747646,38.35903444523209,37.677166063523075,38.04188537597656,635900,0.09,0.0
2013-05-03 00:00:00-04:00,38.779246467775714,39.35011346597349,38.715818481618776,38.89817810058594,731000,0.0,0.0
2013-05-06 00:00:00-04:00,39.10433076455246,39.28669042049238,38.73168106244698,39.21533203125,564100,0.0,0.0
2013-05-07 00:00:00-04:00,39.22327011489648,39.25498260834624,38.89026322492877,39.19948196411133,892900,0.0,0.0
2013-05-08 00:00:00-04:00,39.08054678813126,39.25497605895668,38.67618156238985,39.12018966674805,908900,0.0,0.0
2013-05-09 00:00:00-04:00,39.08847272785852,39.175688872367964,38.44625025384837,38.517608642578125,651600,0.0,0.0
2013-05-10 00:00:00-04:00,38.70789393215424,38.70789393215424,37.835738575169984,38.27181625366211,1016800,0.0,0.0
2013-05-13 00:00:00-04:00,37.875376863092605,37.95466260428533,37.280724730475704,37.58201599121094,1317500,0.0,0.0
2013-05-14 00:00:00-04:00,37.41551817608967,38.43832076364405,37.375875297991115,38.38282012939453,754100,0.0,0.0
2013-05-15 00:00:00-04:00,38.36695872590603,38.8506096565804,38.14495621001252,38.7316780090332,879200,0.0,0.0
2013-05-16 00:00:00-04:00,38.65239983798376,39.01711919261234,38.30353824110746,38.366966247558594,723800,0.0,0.0
2013-05-17 00:00:00-04:00,38.67618843591103,39.45320048820992,38.58104490541031,39.19155502319336,874600,0.0,0.0
2013-05-20 00:00:00-04:00,39.02504258066227,39.572121514430975,38.937826440954765,39.05675506591797,513100,0.0,0.0
2013-05-21 00:00:00-04:00,39.05676861548331,39.74656758271623,38.8268386509642,39.64349365234375,871700,0.0,0.0
2013-05-22 00:00:00-04:00,39.50870667339608,40.89622893183103,39.29463144771909,39.683135986328125,2196800,0.0,0.0
2013-05-23 00:00:00-04:00,38.86646285798863,39.50075784663155,38.30352624460286,39.23118209838867,1055700,0.0,0.0
2013-05-24 00:00:00-04:00,38.83475796965363,39.13604930583953,38.374895111372126,38.93783187866211,567000,0.0,0.0
2013-05-28 00:00:00-04:00,39.48491879679643,39.61970824704257,38.96162480522601,39.25498580932617,742500,0.0,0.0
2013-05-29 00:00:00-04:00,38.81096054083492,39.49282875806116,38.81096054083492,39.3818244934082,828100,0.0,0.0
2013-05-30 00:00:00-04:00,39.38183455126008,39.65141035657974,39.064688502068414,39.540409088134766,541000,0.0,0.0
2013-05-31 00:00:00-04:00,39.30254890115464,39.76241475687636,39.02504572929341,39.128116607666016,608300,0.0,0.0
2013-06-03 00:00:00-04:00,39.23912382754659,39.60384317335406,37.87538693941335,38.88233184814453,1245600,0.0,0.0
2013-06-04 00:00:00-04:00,38.78718750236478,39.445270859956985,38.28768172744818,38.62068557739258,601800,0.0,0.0
2013-06-05 00:00:00-04:00,38.43037585058727,38.47001871058494,37.66921902567274,37.835723876953125,619700,0.0,0.0
2013-06-06 00:00:00-04:00,37.76438520113763,38.53346676450193,37.57409513959473,38.52553939819336,706500,0.0,0.0
2013-06-07 00:00:00-04:00,38.65240618985051,39.12812690236372,38.06568115482959,38.858551025390625,582700,0.0,0.0
2013-06-10 00:00:00-04:00,39.02505499505858,39.02505499505858,38.31147092004869,39.00919723510742,770100,0.0,0.0
2013-06-11 00:00:00-04:00,38.1370307081806,38.54139594201993,37.58995171337438,37.87538528442383,768600,0.0,0.0
2013-06-12 00:00:00-04:00,38.17668256277684,38.311468978693995,37.05080585976366,37.280738830566406,554100,0.0,0.0
2013-06-13 00:00:00-04:00,37.20144286050209,37.922957152060945,36.90808193424212,37.65338134765625,1095700,0.0,0.0
2013-06-14 00:00:00-04:00,37.5661646002109,37.811952254268874,37.30451616575964,37.70888137817383,762600,0.0,0.0
2013-06-17 00:00:00-04:00,38.105312287309765,38.176670668963354,37.53444523408109,37.724735260009766,740800,0.0,0.0
2013-06-18 00:00:00-04:00,37.5661640007457,38.105315592322626,37.209372061531916,37.764381408691406,486300,0.0,0.0
2013-06-19 00:00:00-04:00,37.85952240309217,38.493817461478564,37.66923237329755,38.018096923828125,1029600,0.0,0.0
2013-06-20 00:00:00-04:00,37.33622801355314,37.3917286412526,35.877347889973045,36.88429260253906,1666400,0.0,0.0
2013-06-21 00:00:00-04:00,36.99529282378039,37.082508957600766,35.8694195224268,36.55128479003906,1246600,0.0,0.0
2013-06-24 00:00:00-04:00,35.599843025175296,35.901131268203095,34.54532510090635,34.64046859741211,2490400,0.0,0.0
2013-06-25 00:00:00-04:00,34.98933374000321,35.274767259090446,34.656326959549006,34.98140335083008,978700,0.0,0.0
2013-06-26 00:00:00-04:00,35.22720479604241,35.63949744726579,34.77526926047332,35.433349609375,1208000,0.0,0.0
2013-06-27 00:00:00-04:00,35.67913097358802,36.408569532816045,35.39369744187013,36.0676383972168,830400,0.0,0.0
2013-06-28 00:00:00-04:00,35.94870385191806,35.98834672266933,35.19547720941534,35.52055358886719,1427600,0.0,0.0
2013-07-01 00:00:00-04:00,35.89321015642824,36.52750528455811,35.742566008671695,36.00421142578125,821000,0.0,0.0
2013-07-02 00:00:00-04:00,36.012145808404426,36.13107749134597,35.27477965766523,35.69499969482422,604800,0.0,0.0
2013-07-03 00:00:00-04:00,35.5602147548489,36.11522430458273,35.41749792707281,35.97250747680664,376700,0.0,0.0
2013-07-05 00:00:00-04:00,36.2341348408001,36.59092670186357,35.82184235963309,36.186561584472656,506000,0.0,0.0
2013-07-08 00:00:00-04:00,36.33723156905678,36.54337642700258,36.059725269463435,36.218299865722656,793700,0.0,0.0
2013-07-09 00:00:00-04:00,36.59885470346345,37.10629068157171,36.47199570893639,36.939788818359375,897400,0.0,0.0
2013-07-10 00:00:00-04:00,36.908075653840854,37.5423706666953,36.543356399519205,37.13008117675781,811800,0.0,0.0
2013-07-11 00:00:00-04:00,37.58202972153489,37.97846462144746,37.57409932978401,37.66924285888672,1004700,0.0,0.0
2013-07-12 00:00:00-04:00,37.685099695185045,37.87538977328984,37.2886648049784,37.80403137207031,710000,0.0,0.0
2013-07-15 00:00:00-04:00,37.80402075481144,37.93880712783902,37.23315370538326,37.685089111328125,1028100,0.0,0.0
2013-07-16 00:00:00-04:00,37.88330499870099,37.88330499870099,37.10629322587498,37.47894287109375,821500,0.0,0.0
2013-07-17 00:00:00-04:00,37.518592774560815,37.804026341456016,37.35209086872454,37.53445053100586,858300,0.0,0.0
2013-07-18 00:00:00-04:00,37.89124074965763,38.29560293448565,37.574091684435835,38.065670013427734,1389300,0.0,0.0
2013-07-19 00:00:00-04:00,36.678157875142624,38.24804283739776,36.368939118036096,37.84367752075195,3578900,0.0,0.0
2013-07-22 00:00:00-04:00,37.64545234946091,37.89917040715868,37.47895044120134,37.87538528442383,1432300,0.0,0.0
2013-07-23 00:00:00-04:00,38.14494393697659,38.692022685646194,37.99429682861279,38.485877990722656,1065800,0.0,0.0
2013-07-24 00:00:00-04:00,38.61274982186873,38.70789332624592,38.20045727015761,38.32731628417969,987900,0.0,0.0
2013-07-25 00:00:00-04:00,38.20837978306299,38.33523878097476,37.883303411879254,37.99430465698242,637600,0.0,0.0
2013-07-26 00:00:00-04:00,37.811944789227994,37.82780254193289,37.11422181755491,37.24900817871094,1335600,0.0,0.0
2013-07-29 00:00:00-04:00,37.15386398646279,37.463082596984975,36.98736212303654,37.33622360229492,1015300,0.0,0.0
2013-07-30 00:00:00-04:00,37.70095047153671,38.382818840339645,37.367946677223244,38.12910079956055,1337000,0.0,0.0
2013-07-31 00:00:00-04:00,38.27975309132916,38.4700431747074,37.98639211132272,38.105323791503906,880800,0.0,0.0
2013-08-01 00:00:00-04:00,38.59873912490737,39.17175230609365,38.48732056988291,38.82953643798828,828100,0.18,0.0
2013-08-02 00:00:00-04:00,38.79769470240928,39.04440934114307,38.43956152874002,39.02849197387695,929900,0.0,0.0
2013-08-05 00:00:00-04:00,39.03645564603917,39.060333218881894,38.67832241267722,38.91707992553711,522800,0.0,0.0
2013-08-06 00:00:00-04:00,38.79769774916259,38.853407021005125,38.184892722967064,38.39977264404297,918500,0.0,0.0
2013-08-07 00:00:00-04:00,38.2087672121357,38.630569887489415,38.00980465981356,38.25651931762695,956000,0.0,0.0
2013-08-08 00:00:00-04:00,38.55895885681137,39.139929380471564,38.53508127643571,38.98075866699219,864600,0.0,0.0
2013-08-09 00:00:00-04:00,38.917076403060506,39.29908413876087,38.3042713783138,38.92503356933594,1146600,0.0,0.0
2013-08-12 00:00:00-04:00,38.574872198946984,38.94096267652647,38.51120270584001,38.93300247192383,1123100,0.0,0.0
2013-08-13 00:00:00-04:00,38.96483454797583,39.60151425576727,38.8693333507892,39.474178314208984,1165700,0.0,0.0
2013-08-14 00:00:00-04:00,39.46622066343428,40.51674292742503,39.46622066343428,40.134735107421875,1330800,0.0,0.0
2013-08-15 00:00:00-04:00,39.83230409520654,39.83230409520654,38.980744577210444,39.235416412353516,1223200,0.0,0.0
2013-08-16 00:00:00-04:00,39.02850185314927,39.46621893802094,38.932997625377595,39.39459228515625,698800,0.0,0.0
2013-08-19 00:00:00-04:00,39.26724539368524,39.561709090661104,39.04440832958754,39.16378402709961,690500,0.0,0.0
2013-08-20 00:00:00-04:00,39.11604798818839,39.211549185185596,38.757914704538486,38.94095993041992,729700,0.0,0.0
2013-08-21 00:00:00-04:00,39.82435827203612,41.10567801527662,39.593560906970616,40.333702087402344,2350300,0.0,0.0
2013-08-22 00:00:00-04:00,40.38941248369153,40.77142035567904,39.97556986338955,40.15861511230469,653600,0.0,0.0
2013-08-23 00:00:00-04:00,40.15860096984774,40.357563522852445,39.63333995135241,40.309814453125,721500,0.0,0.0
2013-08-26 00:00:00-04:00,40.47694831903051,40.835081575153936,40.34961238751197,40.389404296875,511000,0.0,0.0
2013-08-27 00:00:00-04:00,39.689046017820345,39.74475528528808,38.96482250481247,39.02849197387695,883400,0.0,0.0
2013-08-28 00:00:00-04:00,39.05237137521535,39.18766749588016,38.69423815689998,38.85340881347656,573400,0.0,0.0
2013-08-29 00:00:00-04:00,38.861376690235524,39.69701900737177,38.861376690235524,39.426429748535156,729000,0.0,0.0
2013-08-30 00:00:00-04:00,39.41847362454894,39.67314553735272,38.89321242490007,39.187679290771484,655500,0.0,0.0
2013-09-03 00:00:00-04:00,39.81639256120202,40.03923272655576,39.219504790873735,39.45030212402344,607300,0.0,0.0
2013-09-04 00:00:00-04:00,39.434385340995505,39.999438376715986,39.195630836486814,39.792518615722656,585300,0.0,0.0
2013-09-05 00:00:00-04:00,39.72884174195188,40.15860159171969,39.29112472574883,39.6970100402832,386700,0.0,0.0
2013-09-06 00:00:00-04:00,39.96759766871729,40.17451738311381,39.052368732287256,39.10807800292969,947400,0.0,0.0
2013-09-09 00:00:00-04:00,39.20357671987428,39.47416589001077,38.97278248564136,39.123992919921875,2211300,0.0,0.0
2013-09-10 00:00:00-04:00,39.46621295259104,39.78455425836082,39.34683420394545,39.418460845947266,2100900,0.0,0.0
2013-09-11 00:00:00-04:00,39.46621815781383,39.68905527968617,39.243381035941475,39.57763671875,975400,0.0,0.0
2013-09-12 00:00:00-04:00,39.39459305324125,39.736808952941644,39.06033735730777,39.068294525146484,793400,0.0,0.0
2013-09-13 00:00:00-04:00,39.24337194948355,39.338873117326656,38.932987841120514,39.13195037841797,1071800,0.0,0.0
2013-09-16 00:00:00-04:00,39.65722357365305,39.975561885480964,39.55376218024313,39.57763671875,1125000,0.0,0.0
2013-09-17 00:00:00-04:00,39.63335064089267,39.991483940079064,39.37072157877494,39.82435607910156,878600,0.0,0.0
2013-09-18 00:00:00-04:00,39.816388565042125,41.19320918610381,39.808431398044775,41.07383346557617,1130700,0.0,0.0
2013-09-19 00:00:00-04:00,41.3364611463898,41.81397312088437,41.113624046515675,41.201168060302734,916600,0.0,0.0
2013-09-20 00:00:00-04:00,41.20117510902426,41.47176436341876,40.78733254136632,40.85895919799805,897000,0.0,0.0
2013-09-23 00:00:00-04:00,40.667947696876944,40.86691026493588,40.33369203978329,40.492862701416016,763200,0.0,0.0
2013-09-24 00:00:00-04:00,40.50878884488741,41.400140492787706,40.293908860532,40.99425506591797,980600,0.0,0.0
2013-09-25 00:00:00-04:00,41.01016026900716,41.758261407926966,40.85894982233901,41.36033630371094,746500,0.0,0.0
2013-09-26 00:00:00-04:00,41.59908992757105,42.18006020380269,41.54338065696854,42.068641662597656,672100,0.0,0.0
2013-09-27 00:00:00-04:00,41.6945948097489,42.04477086860487,41.48767507709314,41.78213882446289,782500,0.0,0.0
2013-09-30 00:00:00-04:00,41.44787515991201,42.060677072609664,41.431957793410774,42.0129280090332,897600,0.0,0.0
2013-10-01 00:00:00-04:00,41.86173303462263,42.51433016977449,41.82194111875797,42.490455627441406,1370600,0.0,0.0
2013-10-02 00:00:00-04:00,42.37903026290834,42.593910217285156,41.694598490284704,42.593910217285156,1024100,0.0,0.0
2013-10-03 00:00:00-04:00,42.43474220930262,42.55412098121006,41.662766365738584,42.195987701416016,2124500,0.0,0.0
2013-10-04 00:00:00-04:00,42.18802192682856,43.023667147983026,41.94926745046781,42.84062194824219,1112200,0.0,0.0
2013-10-07 00:00:00-04:00,42.27556078283555,42.936117890594744,42.251686248892085,42.68144607543945,761600,0.0,0.0
2013-10-08 00:00:00-04:00,42.57003342488206,42.57003342488206,41.11362593430323,41.12954330444336,952600,0.0,0.0
2013-10-09 00:00:00-04:00,41.12954110521939,41.416047680566216,40.75549051674684,41.010162353515625,746800,0.0,0.0
2013-10-10 00:00:00-04:00,41.455851683542704,42.31536862448112,41.455851683542704,42.211910247802734,635700,0.0,0.0
2013-10-11 00:00:00-04:00,42.02886800383493,42.29149710268643,41.86969728905249,42.10845184326172,634300,0.0,0.0
2013-10-14 00:00:00-04:00,41.79804909683636,42.4824806928279,41.63887846401295,42.363101959228516,517000,0.0,0.0
2013-10-15 00:00:00-04:00,42.27557182985349,42.641665316239575,42.06865206444249,42.347198486328125,621900,0.0,0.0
2013-10-16 00:00:00-04:00,42.81675066851343,43.230593238463555,42.657579982235944,42.784915924072266,658200,0.0,0.0
2013-10-17 00:00:00-04:00,42.67349035809713,43.3340475352748,42.62574128519223,43.16691970825195,898800,0.0,0.0
2013-10-18 00:00:00-04:00,43.38180647878048,43.55689454841024,42.80879622205055,42.96000671386719,1525100,0.0,0.0
2013-10-21 00:00:00-04:00,43.556889956668435,45.63405988765278,43.556889956668435,45.490806579589844,2244700,0.0,0.0
2013-10-22 00:00:00-04:00,45.912591584890684,46.60498336392361,45.809133256837036,46.35826873779297,2587300,0.0,0.0
2013-10-23 00:00:00-04:00,45.97628157086389,46.21503610236548,45.45897755600329,46.13545227050781,1308100,0.0,0.0
2013-10-24 00:00:00-04:00,46.11953489695056,46.35828942845215,45.554481797346796,46.13545227050781,1245800,0.0,0.0
2013-10-25 00:00:00-04:00,46.031985372511514,46.27073987554928,45.00533766992805,45.82506561279297,938200,0.0,0.0
2013-10-28 00:00:00-04:00,45.594268388808565,45.67385221137249,44.38457546308188,44.58353805541992,1474500,0.0,0.0
2013-10-29 00:00:00-04:00,44.70291200340924,45.22021593719344,44.62332818402464,45.18838119506836,848200,0.0,0.0
2013-10-30 00:00:00-04:00,45.13266794272595,45.55447064894519,44.34477787799569,44.65515899658203,879400,0.0,0.0
2013-10-31 00:00:00-04:00,44.63119814854084,45.078306579990986,44.41562670664976,44.71902084350586,1172700,0.18,0.0
2013-11-01 00:00:00-04:00,44.7190270642013,44.86274137878691,44.016427132558526,44.62321853637695,501300,0.0,0.0
2013-11-04 00:00:00-05:00,44.61523930139618,44.96653929509121,44.176113547852786,44.639190673828125,785900,0.0,0.0
2013-11-05 00:00:00-05:00,44.47151709403809,45.453562783786396,44.20803986118719,45.23799133300781,884700,0.0,0.0
2013-11-06 00:00:00-05:00,45.46955053657139,45.74899343549279,45.05437605410304,45.41366195678711,557500,0.0,0.0
2013-11-07 00:00:00-05:00,45.445592505095476,45.73302120442647,44.75896100143678,44.83081817626953,901500,0.0,0.0
2013-11-08 00:00:00-05:00,44.902679740985484,45.7729487009528,44.814853958081564,45.36575698852539,789400,0.0,0.0
2013-11-11 00:00:00-05:00,45.41364512558328,46.27592792674665,45.28589941260729,46.22003936767578,816300,0.0,0.0
2013-11-12 00:00:00-05:00,46.156182167330606,46.29989651914702,45.61326195951282,45.93262481689453,788500,0.0,0.0
2013-11-13 00:00:00-05:00,45.50945359669011,46.04438781738281,45.47751640705824,46.04438781738281,697800,0.0,0.0
2013-11-14 00:00:00-05:00,46.076338127351775,46.53143254925196,45.804878029578084,46.387718200683594,661700,0.0,0.0
2013-11-15 00:00:00-05:00,46.17215127017474,46.30787980075868,45.365753726673525,45.4216423034668,2006500,0.0,0.0
2013-11-18 00:00:00-05:00,45.44557838604307,45.884707121202794,44.559344232706685,44.66313552856445,1449500,0.0,0.0
2013-11-19 00:00:00-05:00,44.77492436293242,45.110255775790584,44.31184416913943,44.471527099609375,1242100,0.0,0.0
2013-11-20 00:00:00-05:00,44.4715221087913,44.64717057146737,44.04037915861704,44.1840934753418,517900,0.0,0.0
2013-11-21 00:00:00-05:00,44.43160878750486,44.83081460573689,44.24797143090328,44.46354293823242,551700,0.0,0.0
2013-11-22 00:00:00-05:00,44.54337133122016,44.9425770186216,44.231991382358665,44.782894134521484,618900,0.0,0.0
2013-11-25 00:00:00-05:00,44.84677556973844,45.03839568299156,43.66512683415625,43.84077835083008,970400,0.0,0.0
2013-11-26 00:00:00-05:00,43.848772862323386,44.846787572908305,43.848772862323386,44.47951889038086,891100,0.0,0.0
2013-11-27 00:00:00-05:00,44.38369273864279,44.67910412308826,44.32780418065846,44.66313552856445,396300,0.0,0.0
2013-11-29 00:00:00-05:00,44.830803188873034,45.29388023632908,44.71902302984773,44.81483459472656,284700,0.0,0.0
2013-12-02 00:00:00-05:00,45.014449224869686,45.717049276865964,44.74298914478517,44.79887771606445,407800,0.0,0.0
2013-12-03 00:00:00-05:00,44.52740909673577,44.98250340170487,43.960537670644165,44.319820404052734,456000,0.0,0.0
2013-12-04 00:00:00-05:00,44.23200644018843,44.74298940670374,44.01643493012127,44.60725784301758,853000,0.0,0.0
2013-12-05 00:00:00-05:00,44.47950600393327,44.9585547536452,44.11223742780959,44.208045959472656,927700,0.0,0.0
2013-12-06 00:00:00-05:00,44.85475337478972,44.85475337478972,44.40764188756893,44.615230560302734,1311000,0.0,0.0
2013-12-09 00:00:00-05:00,44.68709665245205,45.48550822432678,44.511445132016114,45.3817138671875,881900,0.0,0.0
2013-12-10 00:00:00-05:00,45.48549997183461,46.10027713612216,45.16613418274828,45.23799133300781,727000,0.0,0.0
2013-12-11 00:00:00-05:00,45.58131671704133,45.93261671188249,44.080302110541076,44.23200225830078,885900,0.0,0.0
2013-12-12 00:00:00-05:00,44.40765397536266,44.48749696572354,43.776911102854434,43.91263961791992,571100,0.0,0.0
2013-12-13 00:00:00-05:00,43.960543828944736,44.23200389499802,43.6411779704002,44.04836654663086,564300,0.0,0.0
2013-12-16 00:00:00-05:00,44.232006043010934,44.8547661471471,43.56134014405709,43.88070297241211,821700,0.0,0.0
2013-12-17 00:00:00-05:00,43.912647540004336,44.05636190288211,43.36174451277236,43.72102737426758,839500,0.0,0.0
2013-12-18 00:00:00-05:00,43.649150035914,43.928595854996246,42.73097874786668,43.69705581665039,1002200,0.0,0.0
2013-12-19 00:00:00-05:00,43.609235398341326,43.9046498470646,43.15414108573302,43.38568115234375,1052000,0.0,0.0
2013-12-20 00:00:00-05:00,43.625203421856746,43.625203421856746,42.954537646959615,43.32979202270508,1056100,0.0,0.0
2013-12-23 00:00:00-05:00,43.521405577920156,43.87270855530718,43.194057014435444,43.489471435546875,566200,0.0,0.0
2013-12-24 00:00:00-05:00,43.4735227536974,44.30387174968524,43.305857008074646,43.920631408691406,432800,0.0,0.0
2013-12-26 00:00:00-05:00,44.08829144363715,44.23200578154191,43.776911393409726,44.072322845458984,460200,0.0,0.0
2013-12-27 00:00:00-05:00,44.12022287440378,44.33579436797153,43.84876281350719,44.008445739746094,381700,0.0,0.0
2013-12-30 00:00:00-05:00,43.976515959340574,44.15216445452228,43.449561336699084,44.06433868408203,440800,0.0,0.0
2013-12-31 00:00:00-05:00,44.048368433338055,44.423622876346236,43.91263991734708,44.16014862060547,536600,0.0,0.0
2014-01-02 00:00:00-05:00,44.03239736559475,44.28788881309285,43.82480866094111,43.9046516418457,734500,0.0,0.0
2014-01-03 00:00:00-05:00,43.944574969702714,44.37571796246028,43.840780609439186,44.15216064453125,471400,0.0,0.0
2014-01-06 00:00:00-05:00,44.12022012833657,44.176111737885186,42.986477209432266,43.14616012573242,1225900,0.0,0.0
2014-01-07 00:00:00-05:00,43.257952270452904,43.8727297319249,43.257952270452904,43.64118957519531,761300,0.0,0.0
2014-01-08 00:00:00-05:00,43.649161875445195,43.649161875445195,42.331784527691916,42.922607421875,1263500,0.0,0.0
2014-01-09 00:00:00-05:00,43.01841605679679,43.25793891761257,41.98846440502068,43.13817596435547,1300300,0.0,0.0
2014-01-10 00:00:00-05:00,43.18608392272879,43.67311549006551,42.94656104988902,43.23398971557617,739500,0.0,0.0
2014-01-13 00:00:00-05:00,43.233989129386345,43.257940502636,42.723003149704866,43.00244903564453,889900,0.0,0.0
2014-01-14 00:00:00-05:00,43.082287646641674,44.255953630810865,43.01043048341298,44.23200225830078,1179400,0.0,0.0
2014-01-15 00:00:00-05:00,44.29588130148279,44.85477010757421,44.14418417304754,44.535404205322266,839600,0.0,0.0
2014-01-16 00:00:00-05:00,44.47152444592753,44.8787130009147,44.375715911642025,44.75895309448242,1001000,0.0,0.0
2014-01-17 00:00:00-05:00,44.72700602882083,44.87870309509786,43.80084894662391,43.99246597290039,1152200,0.0,0.0
2014-01-21 00:00:00-05:00,44.3278175976067,44.62322907146601,43.54537450330166,43.66513442993164,855600,0.0,0.0
2014-01-22 00:00:00-05:00,43.68907858219771,44.04037854838037,43.13018991886761,43.952552795410156,1174800,0.0,0.0
2014-01-23 00:00:00-05:00,43.2818786214639,44.064321380226325,43.2818786214639,43.824798583984375,1659700,0.0,0.0
2014-01-24 00:00:00-05:00,41.988470110943716,44.31184796341367,40.90262974560952,42.05234146118164,4115600,0.0,0.0
2014-01-27 00:00:00-05:00,42.459525635387365,42.459525635387365,40.998431065763796,41.06230545043945,2503700,0.0,0.0
2014-01-28 00:00:00-05:00,41.054325103759766,41.381676800324705,40.39962780202729,41.054325103759766,1944000,0.0,0.0
2014-01-29 00:00:00-05:00,40.90263827616977,41.828795890518215,40.82279831029642,41.11820983886719,1261600,0.0,0.0
2014-01-30 00:00:00-05:00,41.4455484329157,41.68507131763885,40.87867689507453,41.126182556152344,951600,0.0,0.0
2014-01-31 00:00:00-05:00,40.7509302003481,41.35772169716721,40.40761295685221,40.43156433105469,1386900,0.0,0.0
2014-02-03 00:00:00-05:00,40.51142059649268,40.695054965517365,38.946530978991646,38.986454010009766,1780500,0.0,0.0
2014-02-04 00:00:00-05:00,39.24193634812003,39.77687072620475,39.24193634812003,39.601219177246094,1728500,0.0,0.0
2014-02-05 00:00:00-05:00,39.521361226735195,39.83274116120999,38.986427092267746,39.585235595703125,1530700,0.0,0.0
2014-02-06 00:00:00-05:00,39.80879782095341,40.61519209470458,39.75290925968839,40.455509185791016,2135800,0.0,0.0
2014-02-07 00:00:00-05:00,41.325783490105444,41.96451521306636,40.13615189977283,40.88665771484375,1646400,0.0,0.0
2014-02-10 00:00:00-05:00,40.87866760963566,41.277873342062385,40.45550746218868,40.9585075378418,1389700,0.0,0.0
2014-02-11 00:00:00-05:00,40.87868013651778,41.221997415266905,40.72697996246181,41.07029724121094,1424800,0.0,0.0
2014-02-12 00:00:00-05:00,41.28661135985611,42.04776628359359,41.23052654976531,41.85547637939453,1782200,0.18,0.0
2014-02-13 00:00:00-05:00,41.51096723814402,42.58459589976879,41.494942564819006,42.304168701171875,1421900,0.0,0.0
2014-02-14 00:00:00-05:00,42.296150394960264,42.71278265837345,42.20801623549298,42.544525146484375,755500,0.0,0.0
2014-02-18 00:00:00-05:00,42.744825125023546,42.744825125023546,41.59107646074181,41.99969482421875,1510400,0.0,0.0
2014-02-19 00:00:00-05:00,42.0077249952696,42.38429722322721,41.5750679320495,41.92760467529297,930200,0.0,0.0
2014-02-20 00:00:00-05:00,41.967641491399824,42.424333785305706,41.79137321782471,42.40029525756836,823000,0.0,0.0
2014-02-21 00:00:00-05:00,42.42434463447426,42.536514271291686,41.7433098937503,41.759334564208984,917400,0.0,0.0
2014-02-24 00:00:00-05:00,41.75133372568256,42.52049975298453,41.639164062083616,42.111881256103516,764000,0.0,0.0
2014-02-25 00:00:00-05:00,42.10385855555032,42.41633199754665,41.751324964445594,41.935604095458984,743400,0.0,0.0
2014-02-26 00:00:00-05:00,41.983666157760524,42.71277166701313,41.983666157760524,42.40029525756836,680400,0.0,0.0
2014-02-27 00:00:00-05:00,42.33620891074048,42.9932050933024,42.26409942453767,42.96916961669922,926300,0.0,0.0
2014-02-28 00:00:00-05:00,42.92911885514391,43.11339801430529,42.52049732519978,42.776885986328125,1002900,0.0,0.0
2014-03-03 00:00:00-05:00,42.37626858336728,42.47241354509819,41.58306730039906,41.79939270019531,1413500,0.0,0.0
2014-03-04 00:00:00-05:00,42.3281907848771,42.40831106396265,41.951618749111006,42.35222625732422,757400,0.0,0.0
2014-03-05 00:00:00-05:00,42.400302381365705,42.40831624408879,41.93559920439965,41.99969482421875,701100,0.0,0.0
2014-03-06 00:00:00-05:00,42.07982859386814,42.832969887577676,41.999705228754024,42.75284957885742,1141200,0.0,0.0
2014-03-07 00:00:00-05:00,42.94513393645814,43.49797438620146,42.7448301344105,43.27363204956055,1578400,0.0,0.0
2014-03-10 00:00:00-04:00,43.12140591207591,43.41785470842125,42.41633561336859,42.80091857910156,1138700,0.0,0.0
2014-03-11 00:00:00-04:00,42.913097722204846,43.49798459468305,42.80092499936199,42.8489990234375,968300,0.0,0.0
2014-03-12 00:00:00-04:00,42.58459463881802,43.217552406247435,42.304167448524694,43.13743209838867,886000,0.0,0.0
2014-03-13 00:00:00-04:00,43.305674566177416,43.88255040320131,42.632653775113866,42.736812591552734,1024300,0.0,0.0
2014-03-14 00:00:00-04:00,42.59260102970895,43.4018270581743,42.48844219517996,43.041282653808594,898200,0.0,0.0
2014-03-17 00:00:00-04:00,43.265623312391995,43.81044992454101,43.201524625601,43.46592712402344,672500,0.0,0.0
2014-03-18 00:00:00-04:00,43.55405112408804,43.9786941275836,43.55405112408804,43.65019607543945,764600,0.0,0.0
2014-03-19 00:00:00-04:00,43.826469503807346,44.61967079412115,43.48194674332171,44.05882263183594,782500,0.0,0.0
2014-03-20 00:00:00-04:00,43.92262360657605,44.20304774607396,43.674245757025126,43.946659088134766,563100,0.0,0.0
2014-03-21 00:00:00-04:00,44.355287145459194,45.02830823576783,44.1069092593282,44.235103607177734,1166900,0.0,0.0
2014-03-24 00:00:00-04:00,44.47545782161434,44.73986032498165,43.93864506347151,44.0347900390625,666000,0.0,0.0
2014-03-25 00:00:00-04:00,44.21908119621219,44.59565344947788,43.72232845490464,44.114925384521484,921200,0.0,0.0
2014-03-26 00:00:00-04:00,44.47546561808539,44.48347948368576,43.24159622192383,43.24159622192383,683600,0.0,0.0
2014-03-27 00:00:00-04:00,43.18550607797979,43.441894730569125,42.664714908186184,42.90507888793945,1054700,0.0,0.0
2014-03-28 00:00:00-04:00,43.16946598133021,43.32970959604432,42.848978751901996,43.21753692626953,697500,0.0,0.0
2014-03-31 00:00:00-04:00,43.58610241972347,44.53153647696756,43.58610241972347,44.47544860839844,647300,0.0,0.0
2014-04-01 00:00:00-04:00,44.61166193566355,45.01226952987289,44.47545376430781,44.892086029052734,791300,0.0,0.0
2014-04-02 00:00:00-04:00,44.932144789157874,45.35678781897063,44.72382714919431,45.34877395629883,535900,0.0,0.0
2014-04-03 00:00:00-04:00,45.48499177883213,45.86957474618134,45.388846801093266,45.53306579589844,693900,0.0,0.0
2014-04-04 00:00:00-04:00,45.98976514502788,46.358323495192515,45.212585229615954,45.52505874633789,667800,0.0,0.0
2014-04-07 00:00:00-04:00,45.428908918957404,45.52505390085533,43.74635492557743,44.01075744628906,795900,0.0,0.0
2014-04-08 00:00:00-04:00,44.17099254189111,44.627684937703926,43.85050525594834,44.53955078125,1004300,0.0,0.0
2014-04-09 00:00:00-04:00,44.61167057818102,44.88408391727312,44.25112306226588,44.595645904541016,1091800,0.0,0.0
2014-04-10 00:00:00-04:00,44.48347350137434,45.100409644684234,43.978707010231005,44.074851989746094,575300,0.0,0.0
2014-04-11 00:00:00-04:00,43.922620226975305,44.251118360708425,43.650206916826356,43.786415100097656,603900,0.0,0.0
2014-04-14 00:00:00-04:00,44.09087124099341,44.972209790092826,43.93063064696935,44.507503509521484,990900,0.0,0.0
2014-04-15 00:00:00-04:00,44.49148544479399,45.04432596799861,44.05081763301204,45.036312103271484,674300,0.0,0.0
2014-04-16 00:00:00-04:00,45.501008360854904,46.07788118111064,45.42088501332411,45.68528747558594,940400,0.0,0.0
2014-04-17 00:00:00-04:00,45.73337132837628,46.42241392710082,45.42089479033428,46.1259651184082,1053400,0.0,0.0
2014-04-21 00:00:00-04:00,46.174037540681745,46.84705849957308,45.90162422264492,46.56663131713867,1513600,0.0,0.0
2014-04-22 00:00:00-04:00,48.44949366711436,49.53113317765154,48.024847449106986,48.1450309753418,3369800,0.0,0.0
2014-04-23 00:00:00-04:00,48.21713623971698,48.3212950828681,47.199592457962844,47.74441909790039,1163100,0.0,0.0
2014-04-24 00:00:00-04:00,47.83254959904687,48.056888884260154,47.24766285088828,47.431941986083984,860200,0.0,0.0
2014-04-25 00:00:00-04:00,47.33579973495957,47.608209993290856,47.047361748027974,47.49604034423828,894200,0.0,0.0
2014-04-28 00:00:00-04:00,47.94472056601771,48.40942382056639,47.27971044306103,47.848575592041016,1021400,0.0,0.0
2014-04-29 00:00:00-04:00,48.12097732894582,48.77797342988041,48.04886785170212,48.70586395263672,1193200,0.0,0.0
2014-04-30 00:00:00-04:00,48.6337640786876,49.35485593711951,48.39340012587696,49.218650817871094,1368000,0.0,0.0
2014-05-01 00:00:00-04:00,49.210602288635435,49.30714320104943,48.88076184342775,49.24278259277344,1086500,0.25,0.0
2014-05-02 00:00:00-04:00,49.25887084735552,49.862237716728636,49.16233300754294,49.21864700317383,801200,0.0,0.0
2014-05-05 00:00:00-04:00,48.89685741814631,49.69330315503246,48.82445326024757,49.4036865234375,916000,0.0,0.0
2014-05-06 00:00:00-04:00,49.23474433582683,49.35541588597262,48.93708416280757,49.138206481933594,1102700,0.0,0.0
2014-05-07 00:00:00-04:00,49.178428921862086,49.28301031521311,48.390029821760244,48.84054183959961,1262500,0.0,0.0
2014-05-08 00:00:00-04:00,48.70377974276361,48.80836113526255,48.1084563497625,48.35784912109375,1265800,0.0,0.0
2014-05-09 00:00:00-04:00,48.39003069724299,48.60724009898365,47.66598912849742,47.883201599121094,1397700,0.0,0.0
2014-05-12 00:00:00-04:00,48.100422077335814,49.00144934819896,48.100422077335814,48.98535919189453,911300,0.0,0.0
2014-05-13 00:00:00-04:00,49.033618508562064,49.12211281366742,48.33371374736585,48.3980712890625,920300,0.0,0.0
2014-05-14 00:00:00-04:00,48.4543822109855,48.558966662092374,47.939509634586486,48.04409408569336,629600,0.0,0.0
2014-05-15 00:00:00-04:00,48.02800909680586,48.084323099097766,46.45925443710117,46.96608352661133,1351200,0.0,0.0
2014-05-16 00:00:00-04:00,47.16720217188692,47.85101675732564,46.53969851547772,47.83492660522461,1449700,0.0,0.0
2014-05-19 00:00:00-04:00,47.79472551866768,48.623348798713046,47.79472551866768,48.03607177734375,913900,0.0,0.0
2014-05-20 00:00:00-04:00,47.923412770099546,48.41415158476552,47.46485425417152,47.553348541259766,855900,0.0,0.0
2014-05-21 00:00:00-04:00,47.698172108591635,48.752051144631174,47.64185810218722,48.62333297729492,895100,0.0,0.0
2014-05-22 00:00:00-04:00,48.58309817571917,49.427811150286395,48.438289886492505,48.856624603271484,1000600,0.0,0.0
2014-05-23 00:00:00-04:00,48.832492575040945,49.25887084735552,48.75204181779497,49.21864700317383,763600,0.0,0.0
2014-05-27 00:00:00-04:00,49.40368104458071,49.74156810026425,48.896851995496746,49.24278259277344,900800,0.0,0.0
2014-05-28 00:00:00-04:00,49.20255733448544,49.4680402326781,48.703774910196884,49.25082778930664,1032400,0.0,0.0
2014-05-29 00:00:00-04:00,49.49217924394033,50.481700657486456,49.37150462836128,50.46561050415039,974300,0.0,0.0
2014-05-30 00:00:00-04:00,50.36906695247705,50.61041308743774,49.90246176518812,50.441471099853516,1491700,0.0,0.0
2014-06-02 00:00:00-04:00,50.610413791939024,50.65868424715614,50.17598890163299,50.53800964355469,704100,0.0,0.0
2014-06-03 00:00:00-04:00,50.272532633180624,51.133335851787024,50.248395869776274,50.82762908935547,612100,0.0,0.0
2014-06-04 00:00:00-04:00,50.68281982428694,50.972436428589816,50.562145216199816,50.763267517089844,612500,0.0,0.0
2014-06-05 00:00:00-04:00,50.900043802181656,51.54363469697352,50.50584265287469,51.38273620605469,718700,0.0,0.0
2014-06-06 00:00:00-04:00,51.519494480855585,51.72061680184373,51.23792139014234,51.71257019042969,556700,0.0,0.0
2014-06-09 00:00:00-04:00,51.728659642168324,51.85737472657883,51.27009796037269,51.31032180786133,696600,0.0,0.0
2014-06-10 00:00:00-04:00,51.101156462174345,51.390773077153526,50.779359541334614,51.141380310058594,907100,0.0,0.0
2014-06-11 00:00:00-04:00,51.15749017285229,51.83326151186935,50.90809730967174,51.80912780761719,1257700,0.0,0.0
2014-06-12 00:00:00-04:00,51.74474480744705,52.20330340335723,51.430994512233,51.64016342163086,1092600,0.0,0.0
2014-06-13 00:00:00-04:00,51.52753734091508,51.72865964726094,51.13333627016875,51.616031646728516,561300,0.0,0.0
2014-06-16 00:00:00-04:00,51.487309940899344,51.58385085663416,51.1413793317233,51.43099594116211,597900,0.0,0.0
2014-06-17 00:00:00-04:00,51.40687108261934,51.96196456464997,51.26206275300989,51.35860061645508,529100,0.0,0.0
2014-06-18 00:00:00-04:00,51.54362435303874,52.04240988167763,51.43099635266313,51.91368865966797,594900,0.0,0.0
2014-06-19 00:00:00-04:00,51.71257537297139,52.01023864746094,51.616040577392866,52.01023864746094,506400,0.0,0.0
2014-06-20 00:00:00-04:00,52.058506045250205,52.18722728971058,51.80106969409621,52.01023864746094,583500,0.0,0.0
2014-06-23 00:00:00-04:00,52.21940807745885,52.428570894965965,51.905651575664564,52.04241943359375,563300,0.0,0.0
2014-06-24 00:00:00-04:00,51.93781300832574,52.32397046710135,51.07701300765543,51.10114669799805,683200,0.0,0.0
2014-06-25 00:00:00-04:00,51.16551064876387,51.752790451105646,51.15746710726779,51.575801849365234,705600,0.0,0.0
2014-06-26 00:00:00-04:00,51.58384898151336,51.72061067050871,50.739132878395445,51.004615783691406,919000,0.0,0.0
2014-06-27 00:00:00-04:00,50.89199265860371,51.53558349609375,50.64260293532311,51.53558349609375,2693300,0.0,0.0
2014-06-30 00:00:00-04:00,51.6643027974777,52.074594050868036,51.463180476489555,51.71257019042969,1121900,0.0,0.0
2014-07-01 00:00:00-04:00,51.99413251931991,52.50096462139059,51.59993454708235,52.3159294128418,865000,0.0,0.0
2014-07-02 00:00:00-04:00,52.31593413682416,53.36177260076527,52.21939935648644,52.78253936767578,1114700,0.0,0.0
2014-07-03 00:00:00-04:00,52.86299083382493,53.313502874904856,52.86299083382493,53.13652038574219,649600,0.0,0.0
2014-07-07 00:00:00-04:00,52.99974112274313,53.37785199194701,52.637723473120005,52.935386657714844,853700,0.0,0.0
2014-07-08 00:00:00-04:00,53.08823776782613,53.14455176332246,52.69403979935179,52.887115478515625,678300,0.0,0.0
2014-07-09 00:00:00-04:00,52.99974975884911,53.048023287692445,51.94587080188589,52.34006881713867,1309300,0.0,0.0
2014-07-10 00:00:00-04:00,51.51144744869027,51.744750075662814,51.27814789060077,51.58385467529297,1072600,0.0,0.0
2014-07-11 00:00:00-04:00,51.58386031400894,51.921744374379934,51.40687167159553,51.70452880859375,1057900,0.0,0.0
2014-07-14 00:00:00-04:00,52.00217870196026,52.00217870196026,51.34249783765892,51.784969329833984,1262900,0.0,0.0
2014-07-15 00:00:00-04:00,52.259609189066865,52.48486514635902,51.64819577801351,51.857364654541016,1349700,0.0,0.0
2014-07-16 00:00:00-04:00,52.15504418755735,52.33203282033558,51.55167719641328,51.56776428222656,1157300,0.0,0.0
2014-07-17 00:00:00-04:00,51.49535731857115,51.74474701572653,50.851763479618626,50.92416763305664,2159600,0.0,0.0
2014-07-18 00:00:00-04:00,52.69404164153431,52.79058255337388,50.03118133317198,50.38515853881836,4089100,0.0,0.0
2014-07-21 00:00:00-04:00,50.47366394196448,50.94026617628795,49.628947656426824,49.95074462890625,2734000,0.0,0.0
2014-07-22 00:00:00-04:00,50.119682748676354,50.45756985030987,49.990964583502425,50.35298538208008,1619300,0.0,0.0
2014-07-23 00:00:00-04:00,50.377106649190466,50.63454291601959,50.05531285009525,50.08749008178711,1178600,0.0,0.0
2014-07-24 00:00:00-04:00,50.32884453120487,50.369068376688574,49.958777173659854,50.232303619384766,896500,0.0,0.0
2014-07-25 00:00:00-04:00,50.224258428612885,50.690860544890675,49.862237693382,50.023136138916016,980000,0.0,0.0
2014-07-28 00:00:00-04:00,50.07945178909177,50.58628083516009,49.9346434902151,50.38515853881836,999700,0.0,0.0
2014-07-29 00:00:00-04:00,50.55410264134958,50.586282946639315,47.94755622165467,48.3980712890625,3052900,0.0,0.0
2014-07-30 00:00:00-04:00,48.599195610205854,48.78422776997468,47.68207835357648,47.770572662353516,1368800,0.0,0.0
2014-07-31 00:00:00-04:00,47.585540867311025,47.585540867311025,46.676467145928676,46.82931900024414,1367300,0.0,0.0
2014-08-01 00:00:00-04:00,46.79699154778974,47.435280003166476,46.51420708382258,47.128257751464844,1281200,0.25,0.0
2014-08-04 00:00:00-04:00,47.34641536365489,47.93622838505802,47.28178022015058,47.855430603027344,968900,0.0,0.0
2014-08-05 00:00:00-04:00,47.451451373997344,47.766555021503464,47.06363126305748,47.16866683959961,961400,0.0,0.0
2014-08-06 00:00:00-04:00,46.88586890332476,47.70190937803651,46.88586890332476,47.45952224731445,752000,0.0,0.0
2014-08-07 00:00:00-04:00,47.48375938879001,47.73422783365797,46.59500247875889,46.82931137084961,943300,0.0,0.0
2014-08-08 00:00:00-04:00,46.813158281755456,47.28177613064085,46.603090230885435,47.24137878417969,646500,0.0,0.0
2014-08-11 00:00:00-04:00,47.57264498921775,47.903908182708626,47.38681471795411,47.790794372558594,1051300,0.0,0.0
2014-08-12 00:00:00-04:00,47.70998794271131,47.92813728650244,47.40296259788088,47.75038528442383,775200,0.0,0.0
2014-08-13 00:00:00-04:00,47.887742185994824,48.04933464252723,47.65343327812882,47.95237731933594,696100,0.0,0.0
2014-08-14 00:00:00-04:00,47.9685345881542,48.17860569627522,47.871580351701205,47.97661590576172,674500,0.0,0.0
2014-08-15 00:00:00-04:00,48.27556941120336,48.4210023354971,47.73423814575903,47.968544006347656,958700,0.0,0.0
2014-08-18 00:00:00-04:00,48.275567212173236,48.76034154965666,48.275567212173236,48.663387298583984,572900,0.0,0.0
2014-08-19 00:00:00-04:00,48.72802022535151,49.20471627432549,48.72802022535151,48.96232604980469,676900,0.0,0.0
2014-08-20 00:00:00-04:00,48.96233139917554,49.665258195692424,48.873458466877146,49.56022262573242,781200,0.0,0.0
2014-08-21 00:00:00-04:00,49.50367463225616,49.68950493125026,49.05121624201793,49.56830978393555,667400,0.0,0.0
2014-08-22 00:00:00-04:00,49.40670222659547,49.746043583112275,49.140074233229846,49.43901824951172,619700,0.0,0.0
2014-08-25 00:00:00-04:00,49.81876486866628,50.07731156983306,49.447104371004,49.956119537353516,504100,0.0,0.0
2014-08-26 00:00:00-04:00,50.08539085696514,50.08539085696514,49.705649056597615,49.948036193847656,576800,0.0,0.0
2014-08-27 00:00:00-04:00,49.948038913205984,50.133869164618964,49.770286897889285,49.88340377807617,549300,0.0,0.0
2014-08-28 00:00:00-04:00,49.737983435209614,50.15004138684262,49.35824151824463,50.045005798339844,519300,0.0,0.0
2014-08-29 00:00:00-04:00,50.22276349126215,50.54594853115395,50.133887451185856,50.529788970947266,485700,0.0,0.0
2014-09-02 00:00:00-04:00,50.45706737381103,50.69137634986334,50.158123245608124,50.4489860534668,543100,0.0,0.0
2014-09-03 00:00:00-04:00,50.78832326504033,50.88527752028766,50.554014322915776,50.562095642089844,864300,0.0,0.0
2014-09-04 00:00:00-04:00,50.5055367393055,50.90143817009471,50.39242292540008,50.626731872558594,632000,0.0,0.0
2014-09-05 00:00:00-04:00,50.52168947655841,50.877193508984746,50.38433788738995,50.650962829589844,777400,0.0,0.0
2014-09-08 00:00:00-04:00,50.62672753280541,50.764082210859485,50.13387188693377,50.3197021484375,704800,0.0,0.0
2014-09-09 00:00:00-04:00,50.29546890528425,50.424742276374474,49.56830426657661,49.67333984375,494400,0.0,0.0
2014-09-10 00:00:00-04:00,49.64101652546267,50.06115571644685,49.33399422145579,49.53598403930664,564900,0.0,0.0
2014-09-11 00:00:00-04:00,49.28550944425622,49.632932134449234,49.07544141587236,49.48749923706055,720100,0.0,0.0
2014-09-12 00:00:00-04:00,49.49558059854728,49.584456606133315,48.566429342238344,48.760337829589844,671400,0.0,0.0
2014-09-15 00:00:00-04:00,48.96234266901009,48.96234266901009,48.122067162281084,48.71995544433594,767900,0.0,0.0
2014-09-16 00:00:00-04:00,48.68762976426445,49.68950072858348,48.48563992390435,49.43095397949219,589500,0.0,0.0
2014-09-17 00:00:00-04:00,49.49558921097314,50.069242700995545,49.29359937026506,49.52790832519531,537100,0.0,0.0
2014-09-18 00:00:00-04:00,49.63294228802333,50.15003577024678,49.60062317485429,49.729896545410156,586200,0.0,0.0
2014-09-19 00:00:00-04:00,49.83493847438555,50.42474849535963,49.632948614512756,49.721824645996094,794500,0.0,0.0
2014-09-22 00:00:00-04:00,49.560207551416134,49.97226530497311,49.0511924941006,49.5036506652832,913500,0.0,0.0
2014-09-23 00:00:00-04:00,49.535990184150464,49.72182046977073,49.253202554808,49.26128387451172,786300,0.0,0.0
2014-09-24 00:00:00-04:00,49.50368068005432,49.82686264217522,48.85731367369152,49.519840240478516,733400,0.0,0.0
2014-09-25 00:00:00-04:00,49.48751182181751,49.56830652663761,48.445243486187884,48.97849655151367,1002300,0.0,0.0
2014-09-26 00:00:00-04:00,48.97849655151367,49.19664595307246,48.75226891232104,48.97849655151367,713400,0.0,0.0
2014-09-29 00:00:00-04:00,48.59066488345932,48.63106222627764,48.19476660887213,48.30788040161133,716500,0.0,0.0
2014-09-30 00:00:00-04:00,48.396768883172655,48.396768883172655,46.95859906750472,47.28178405761719,1011100,0.0,0.0
2014-10-01 00:00:00-04:00,47.0797756657025,47.0797756657025,45.51233616991199,45.6820068359375,1800300,0.0,0.0
2014-10-02 00:00:00-04:00,45.5042697308424,45.98096586418888,44.47816100034675,45.89208984375,1760200,0.0,0.0
2014-10-03 00:00:00-04:00,46.102162001213216,46.53845771140412,45.60122498095052,45.859771728515625,731500,0.0,0.0
2014-10-06 00:00:00-04:00,46.2233498162737,46.31222583049591,45.657777702048826,45.722415924072266,524100,0.0,0.0
2014-10-07 00:00:00-04:00,45.51235589031323,45.536593686784975,44.17114028595842,44.19538116455078,1135100,0.0,0.0
2014-10-08 00:00:00-04:00,44.066104352784144,44.462002714262944,43.29046410480414,44.33272933959961,1164800,0.0,0.0
2014-10-09 00:00:00-04:00,44.405441662196786,44.526636788063115,43.12078627291799,43.39549255371094,1354700,0.0,0.0
2014-10-10 00:00:00-04:00,43.241987123777584,43.32278183030518,42.21587832385058,42.240116119384766,1205900,0.0,0.0
2014-10-13 00:00:00-04:00,42.086601481275075,42.72489008953475,41.100890115715586,41.133209228515625,1268700,0.0,0.0
2014-10-14 00:00:00-04:00,41.35136392380384,42.353231892223675,41.02010068038944,41.407920837402344,1907000,0.0,0.0
2014-10-15 00:00:00-04:00,40.67266955064369,42.95111443290111,39.92934542364311,42.43402099609375,1784000,0.0,0.0
2014-10-16 00:00:00-04:00,41.698775998097,43.52476248620385,41.59374043609851,43.28237533569336,1444200,0.0,0.0
2014-10-17 00:00:00-04:00,43.87219300516797,44.51048164471218,43.427815969807966,43.70252227783203,1177700,0.0,0.0
2014-10-20 00:00:00-04:00,43.51668351866912,44.83365789320394,43.51668351866912,44.63166809082031,1427300,0.0,0.0
2014-10-21 00:00:00-04:00,46.344534342140065,48.31595343117476,46.22333924462443,47.273685455322266,3018200,0.0,0.0
2014-10-22 00:00:00-04:00,47.77463304325372,47.863509057107095,46.25566873532709,46.352622985839844,2142700,0.0,0.0
2014-10-23 00:00:00-04:00,47.071707372435434,47.31409762767102,46.44150010591121,46.74044418334961,1162400,0.0,0.0
2014-10-24 00:00:00-04:00,47.00706522822307,47.15249812685001,46.15062738987771,47.14441680908203,746900,0.0,0.0
2014-10-27 00:00:00-04:00,46.603088431425185,46.627326221942006,45.1406811218865,46.12639236450195,1380900,0.0,0.0
2014-10-28 00:00:00-04:00,46.61117909651285,47.12019440793493,46.554622182146026,46.99092102050781,912700,0.0,0.0
2014-10-29 00:00:00-04:00,47.05554280306951,47.49991972434846,46.31221877366433,46.603084564208984,894700,0.0,0.0
2014-10-30 00:00:00-04:00,46.408329072816215,47.34964146896613,46.408329072816215,46.88710021972656,694100,0.25,0.0
2014-10-31 00:00:00-04:00,47.674238474895326,48.13677977500881,47.5281724753293,47.65800857543945,1451200,0.0,0.0
2014-11-03 00:00:00-05:00,47.83653828729246,48.258506421054726,47.382110351963014,47.61743927001953,791100,0.0,0.0
2014-11-04 00:00:00-05:00,47.55251236627161,47.7391546488597,46.643659730683545,46.82218551635742,1268900,0.0,0.0
2014-11-05 00:00:00-05:00,47.0980896727367,47.9420258479019,46.87087418216963,47.84464645385742,1371500,0.0,0.0
2014-11-06 00:00:00-05:00,47.714795313804146,48.55873122289306,47.536272672080685,48.323402404785156,848700,0.0,0.0
2014-11-07 00:00:00-05:00,48.42079482494234,48.77784641856706,47.82030402836095,48.128665924072266,840400,0.0,0.0
2014-11-10 00:00:00-05:00,48.47760546433142,48.74539108856172,48.096210534555034,48.53440856933594,942500,0.0,0.0
2014-11-11 00:00:00-05:00,48.485725309934665,49.118676047258056,48.42892219738192,48.96449661254883,834500,0.0,0.0
2014-11-12 00:00:00-05:00,48.875227086404294,49.21604881118076,48.648014666911344,49.05375289916992,610000,0.0,0.0
2014-11-13 00:00:00-05:00,48.76973172786448,49.199816336523774,48.00694500551709,48.42891311645508,883400,0.0,0.0
2014-11-14 00:00:00-05:00,48.35587831905342,48.62366391871188,47.917680324481275,48.49382781982422,636000,0.0,0.0
2014-11-17 00:00:00-05:00,48.5019416809082,48.60743447287558,48.128663303837925,48.5019416809082,600700,0.0,0.0
2014-11-18 00:00:00-05:00,48.688579411901266,49.50005573543295,48.65611961603123,49.402679443359375,822200,0.0,0.0
2014-11-19 00:00:00-05:00,49.41891542159083,49.69481752935891,48.777848304197825,48.86711120605469,833800,0.0,0.0
2014-11-20 00:00:00-05:00,48.60744973791612,49.40269643706442,48.526300220326966,49.26474380493164,1185100,0.0,0.0
2014-11-21 00:00:00-05:00,50.206044812836836,50.76596551903158,49.68670040372746,49.89768600463867,1085200,0.0,0.0
2014-11-24 00:00:00-05:00,50.03562367228935,50.10865665601429,49.37832681876482,49.69480514526367,823100,0.0,0.0
2014-11-25 00:00:00-05:00,49.60556102209787,49.9788394820392,49.28908567147209,49.4919548034668,481100,0.0,0.0
2014-11-26 00:00:00-05:00,49.500070845271985,49.57310386050454,49.11056246254418,49.48384094238281,578700,0.0,0.0
2014-11-28 00:00:00-05:00,49.094334663322954,49.240400700046926,48.28285805731762,48.745399475097656,446800,0.0,0.0
2014-12-01 00:00:00-05:00,48.688586564203305,49.08621138318057,48.12055243518021,48.761619567871094,782200,0.0,0.0
2014-12-02 00:00:00-05:00,48.6885961599677,49.45138305208034,48.63179304542408,49.26474380493164,612200,0.0,0.0
2014-12-03 00:00:00-05:00,49.25662576123648,50.8471190097173,49.19170615328022,50.774085998535156,921800,0.0,0.0
2014-12-04 00:00:00-05:00,51.01751761584905,51.02563411290652,50.027518566865005,50.619895935058594,557500,0.0,0.0
2014-12-05 00:00:00-05:00,50.69292840823398,51.3502222684273,50.44136962616872,51.01751708984375,566000,0.0,0.0
2014-12-08 00:00:00-05:00,50.73350429593378,50.87145379643505,49.83276500736317,50.12489700317383,508800,0.0,0.0
2014-12-09 00:00:00-05:00,49.62991336538455,50.81466856905849,49.62991336538455,50.749752044677734,785100,0.0,0.0
2014-12-10 00:00:00-05:00,50.36833813808999,50.45760103425279,48.712925597080066,48.753501892089844,796200,0.0,0.0
2014-12-11 00:00:00-05:00,49.06998841667629,49.564989611977545,47.97449320686102,48.11244583129883,1056200,0.0,0.0
2014-12-12 00:00:00-05:00,47.633671367162094,47.69858787775267,46.473259719694276,46.684242248535156,690500,0.0,0.0
2014-12-15 00:00:00-05:00,46.88711501949548,47.02506764547318,45.81596619941108,46.00260543823242,992100,0.0,0.0
2014-12-16 00:00:00-05:00,45.694230460902475,46.81406549899932,45.288492320727464,45.35340881347656,995900,0.0,0.0
2014-12-17 00:00:00-05:00,45.629320990554255,46.56252015810077,45.43456837358577,46.49760055541992,659600,0.0,0.0
2014-12-18 00:00:00-05:00,47.11431022805568,47.56062152786879,46.54627625759531,47.54439163208008,816800,0.0,0.0
2014-12-19 00:00:00-05:00,47.7391564012286,48.30718738461158,47.25226872121029,48.27473068237305,898100,0.0,0.0
2014-12-22 00:00:00-05:00,48.27474051020374,48.842771609227185,47.860885743158285,48.583099365234375,738600,0.0,0.0
2014-12-23 00:00:00-05:00,48.68858639890225,49.289080326524974,48.62366679784597,48.84276580810547,506900,0.0,0.0
2014-12-24 00:00:00-05:00,48.8590017033223,49.31342967986323,48.420803629036826,48.94015121459961,205600,0.0,0.0
2014-12-26 00:00:00-05:00,49.13489112743057,49.39456330520287,48.95636843992244,49.086204528808594,241400,0.0,0.0
2014-12-29 00:00:00-05:00,48.99694574235907,49.467600443177666,48.98071584294645,49.17546844482422,297900,0.0,0.0
2014-12-30 00:00:00-05:00,49.10243786762089,49.516292584217354,48.64801304379663,49.03752136230469,621300,0.0,0.0
2014-12-31 00:00:00-05:00,49.37834535706593,49.85711663111283,48.648018341163116,48.656131744384766,378500,0.0,0.0
2015-01-02 00:00:00-05:00,48.761627376084135,49.18359556534155,48.25039626854607,48.68048095703125,452200,0.0,0.0
2015-01-05 00:00:00-05:00,48.128671067382726,48.217930879790956,46.81407694306671,47.025062561035156,803200,0.0,0.0
2015-01-06 00:00:00-05:00,46.98448577415251,47.471370386051106,46.23792586096621,46.31095886230469,1101500,0.0,0.0
2015-01-07 00:00:00-05:00,46.838413162632,47.26849461230968,46.27849253286218,46.87898635864258,677400,0.0,0.0
2015-01-08 00:00:00-05:00,47.357762399640826,48.03940268795267,47.16300670489312,47.81218719482422,747700,0.0,0.0
2015-01-09 00:00:00-05:00,47.852773569077996,48.144905624958554,46.9682639979007,47.23604965209961,579500,0.0,0.0
2015-01-12 00:00:00-05:00,47.35776888877498,47.35776888877498,46.24604695396473,46.96014404296875,536800,0.0,0.0
2015-01-13 00:00:00-05:00,46.91145459901776,47.479485636499895,45.46702441581992,46.24604415893555,1078800,0.0,0.0
2015-01-14 00:00:00-05:00,45.07750648412802,45.44267142720389,44.28226010561631,45.10996627807617,1402000,0.0,0.0
2015-01-15 00:00:00-05:00,45.48325982923489,45.97014761463947,45.03694834760037,45.19112777709961,1180300,0.0,0.0
2015-01-16 00:00:00-05:00,45.29661172277728,45.87275921523001,44.68800443188127,45.815956115722656,1016300,0.0,0.0
2015-01-20 00:00:00-05:00,45.88900121664368,46.02695384864112,45.01260809630356,45.74293518066406,803000,0.0,0.0
2015-01-21 00:00:00-05:00,45.61309934953714,47.260398967182056,45.450803408983376,47.10621643066406,996100,0.0,0.0
2015-01-22 00:00:00-05:00,47.47136360355912,47.60119968788415,46.643657405160894,47.43890380859375,1367900,0.0,0.0
2015-01-23 00:00:00-05:00,44.9557969968404,45.19112281697597,43.430220389544616,43.53571319580078,4848200,0.0,0.0
2015-01-26 00:00:00-05:00,43.267922155792625,44.639316181343204,42.6512014430612,44.59062957763672,2245900,0.0,0.0
2015-01-27 00:00:00-05:00,43.251695455389,44.49325656586978,43.1543191452362,44.03071212768555,1442900,0.0,0.0
2015-01-28 00:00:00-05:00,44.32284230854679,44.39587531200534,43.284153455391404,43.40587615966797,1139200,0.0,0.0
2015-01-29 00:00:00-05:00,43.36528864070044,43.90086282897409,43.07315979798986,43.68988037109375,1506900,0.0,0.0
2015-01-30 00:00:00-05:00,43.17054468393564,44.05505407525077,43.15431478462731,43.624969482421875,1322000,0.0,0.0
2015-02-02 00:00:00-05:00,43.771039175195114,43.771039175195114,43.00013901396977,43.34095764160156,1432500,0.0,0.0
2015-02-03 00:00:00-05:00,43.949555961406894,44.890868338672306,43.949555961406894,44.67988586425781,1905800,0.0,0.0
2015-02-04 00:00:00-05:00,44.3228346949491,45.09373780002516,44.160538815637864,44.728572845458984,694200,0.0,0.0
2015-02-05 00:00:00-05:00,44.89088115244797,45.52383185189901,44.55006249752426,45.2966194152832,784500,0.0,0.0
2015-02-06 00:00:00-05:00,45.64555135655167,45.69424105905867,45.11809041377225,45.22358322143555,1032400,0.0,0.0
2015-02-09 00:00:00-05:00,45.199229394548674,45.71857371822664,44.84217785036782,45.507591247558594,971000,0.0,0.0
2015-02-10 00:00:00-05:00,45.62931632505312,46.4813659021283,45.36153073021771,46.367759704589844,1000500,0.0,0.0
2015-02-11 00:00:00-05:00,46.294731663345345,47.049405022691744,46.13243575139849,46.854652404785156,1044300,0.0,0.0
2015-02-12 00:00:00-05:00,47.1725099104476,47.474061015476934,46.91170845058461,47.07470703125,752600,0.25,0.0
2015-02-13 00:00:00-05:00,47.09100375546476,47.58815747024113,47.042105428764394,47.254005432128906,986500,0.0,0.0
2015-02-17 00:00:00-05:00,46.99320282775671,47.40070545481287,46.6264498416065,47.1399040222168,823100,0.0,0.0
2015-02-18 00:00:00-05:00,46.94431034828428,47.26216506958008,46.74871079102415,47.26216506958008,589400,0.0,0.0
2015-02-19 00:00:00-05:00,46.85466138807,47.62891402383327,46.56125894929709,47.27846145629883,575300,0.0,0.0
2015-02-20 00:00:00-05:00,47.082847506061285,47.19694772869463,46.308591998052044,46.90354537963867,750500,0.0,0.0
2015-02-23 00:00:00-05:00,46.90354332209896,47.539249420166016,46.75684215400639,47.539249420166016,661000,0.0,0.0
2015-02-24 00:00:00-05:00,47.54740559643745,47.718555949851684,47.017650949395396,47.1806526184082,621900,0.0,0.0
2015-02-25 00:00:00-05:00,47.18880545670293,47.36810449848878,46.85465342687681,47.1399040222168,392600,0.0,0.0
2015-02-26 00:00:00-05:00,46.90354381945763,47.31104637759193,46.57754363834887,46.626441955566406,553300,0.0,0.0
2015-02-27 00:00:00-05:00,46.553104892845965,46.94430708920617,46.28415474303525,46.54495620727539,588000,0.0,0.0
2015-03-02 00:00:00-05:00,46.479741365379,47.49034909011028,46.07223880216439,47.47404861450195,771900,0.0,0.0
2015-03-03 00:00:00-05:00,47.351798040551216,48.18310366784497,47.131749385648035,47.245849609375,918200,0.0,0.0
2015-03-04 00:00:00-05:00,47.14805830718695,48.28091835652619,46.71610646607834,48.0853157043457,1041800,0.0,0.0
2015-03-05 00:00:00-05:00,48.50911724230102,48.50911724230102,47.465911422788714,47.65336227416992,970100,0.0,0.0
2015-03-06 00:00:00-05:00,47.245847834847446,47.832649407545865,46.691644104133864,46.960594177246094,1041000,0.0,0.0
2015-03-09 00:00:00-04:00,47.066543852532384,47.27029512462127,46.80574247297842,47.05024337768555,969900,0.0,0.0
2015-03-10 00:00:00-04:00,46.66719629662247,46.66719629662247,45.64843979853084,45.901092529296875,1323400,0.0,0.0
2015-03-11 00:00:00-04:00,45.90110086982958,46.62645513083278,45.860351224301056,46.20265197753906,951800,0.0,0.0
2015-03-12 00:00:00-04:00,46.46344031051313,46.96059392887661,46.25968903144598,46.626441955566406,825300,0.0,0.0
2015-03-13 00:00:00-04:00,46.30045611329741,46.47975518028533,45.167596039289236,45.485450744628906,1072600,0.0,0.0
2015-03-16 00:00:00-04:00,45.50989687679055,45.64844628790809,44.97199349368981,45.25724411010742,894600,0.0,0.0
2015-03-17 00:00:00-04:00,44.94753457469956,45.11868490740736,44.344429405017664,44.833431243896484,832200,0.0,0.0
2015-03-18 00:00:00-04:00,44.588932513614026,46.072241687902554,44.1080793345426,45.786991119384766,1093400,0.0,0.0
2015-03-19 00:00:00-04:00,45.29799458336416,45.526195065013866,44.86603967438642,45.208343505859375,577600,0.0,0.0
2015-03-20 00:00:00-04:00,45.43653864434976,45.827740756459015,45.26538830323909,45.786991119384766,695100,0.0,0.0
2015-03-23 00:00:00-04:00,45.68919106088162,45.86034140083956,45.273536682128906,45.273536682128906,577900,0.0,0.0
2015-03-24 00:00:00-04:00,45.20018146479818,45.534333426743586,44.72748013011824,45.32243347167969,841300,0.0,0.0
2015-03-25 00:00:00-04:00,45.46913828919845,45.868489073631714,44.93938369548321,44.96383285522461,699100,0.0,0.0
2015-03-26 00:00:00-04:00,44.86602553901758,45.26537936508362,44.63782512926407,44.8171272277832,647600,0.0,0.0
2015-03-27 00:00:00-04:00,45.15129710384525,45.42024724951038,44.58894142918414,44.8497428894043,795000,0.0,0.0
2015-03-30 00:00:00-04:00,45.15128033873132,46.007035006641004,45.15128033873132,45.778831481933594,472200,0.0,0.0
2015-03-31 00:00:00-04:00,45.648436803078674,45.72993918297667,45.05348342031379,45.526187896728516,748300,0.0,0.0
2015-04-01 00:00:00-04:00,45.54248819363708,45.672888891963254,44.817134114885356,45.16758346557617,656100,0.0,0.0
2015-04-02 00:00:00-04:00,45.06977936797385,45.55063247956642,44.98012831359255,45.20018005371094,748500,0.0,0.0
2015-04-06 00:00:00-04:00,45.20017641123947,46.21078397600996,44.939375060782055,46.08038330078125,558500,0.0,0.0
2015-04-07 00:00:00-04:00,46.12114375598274,46.414546121374094,46.04779316463491,46.25969314575195,488800,0.0,0.0
2015-04-08 00:00:00-04:00,46.2678505907539,46.76500431406614,46.2678505907539,46.69980239868164,693200,0.0,0.0
2015-04-09 00:00:00-04:00,46.61829800521236,47.661503665066675,46.42269538949062,47.61260223388672,851800,0.0,0.0
2015-04-10 00:00:00-04:00,47.612600866785115,48.036403931181795,47.48220016304752,48.020103454589844,703000,0.0,0.0
2015-04-13 00:00:00-04:00,48.03640480981818,48.03640480981818,46.96875,46.96875,973100,0.0,0.0
2015-04-14 00:00:00-04:00,46.74054849970781,47.042102672014316,46.63460005873352,46.68349838256836,737000,0.0,0.0
2015-04-15 00:00:00-04:00,46.92799447983083,47.17249538453795,46.83019163074983,47.05024337768555,1426200,0.0,0.0
2015-04-16 00:00:00-04:00,46.74869262184154,47.72669935503024,46.716091671969124,47.384395599365234,1461300,0.0,0.0
2015-04-17 00:00:00-04:00,52.567838013804455,55.17585229628296,52.176632762434416,54.752052307128906,6751300,0.0,0.0
2015-04-20 00:00:00-04:00,54.87430070538154,55.01285009478267,53.90444254358144,54.230445861816406,2526200,0.0,0.0
2015-04-21 00:00:00-04:00,53.98594145757712,54.27119202737639,52.983488566854525,53.7414436340332,2039000,0.0,0.0
2015-04-22 00:00:00-04:00,53.7414466106818,54.287498619970464,53.44804423178118,53.58659362792969,1308100,0.0,0.0
2015-04-23 00:00:00-04:00,53.84739892519599,54.1163521615351,52.999792682731346,53.05684280395508,1387300,0.0,0.0
2015-04-24 00:00:00-04:00,53.26874001600114,53.928892233862236,53.162791579182745,53.6680908203125,1091700,0.0,0.0
2015-04-27 00:00:00-04:00,53.70068961896967,54.263045170426984,53.39098989593301,53.44804000854492,706300,0.0,0.0
2015-04-28 00:00:00-04:00,53.52954142955087,53.94519581983194,53.089437878311415,53.6680908203125,816800,0.0,0.0
2015-04-29 00:00:00-04:00,53.32578609366524,54.18968954476925,53.17908492102535,54.0103874206543,989800,0.0,0.0
2015-04-30 00:00:00-04:00,54.19869981461368,54.79636196914577,54.03496001006215,54.32969665527344,1131000,0.3,0.0
2015-05-01 00:00:00-04:00,54.24781949672076,55.15658965685144,54.04314164527281,54.99284362792969,757800,0.0,0.0
2015-05-04 00:00:00-04:00,54.910973976900955,55.107462966194596,54.550738957968996,54.82091522216797,928500,0.0,0.0
2015-05-05 00:00:00-04:00,55.00102546315496,55.41856997571303,54.53436027133295,54.54254913330078,1134300,0.0,0.0
2015-05-06 00:00:00-04:00,55.00104962869416,55.15660684307174,54.20689831822333,54.65719223022461,748100,0.0,0.0
2015-05-07 00:00:00-04:00,54.4934375571136,54.583496325312325,53.83847207944583,54.44431686401367,1314500,0.0,0.0
2015-05-08 00:00:00-04:00,54.19868999564104,55.59869192989813,54.19868999564104,55.09927749633789,662200,0.0,0.0
2015-05-11 00:00:00-04:00,55.058337659910165,55.14020754472258,54.33787392878035,54.40336608886719,597900,0.0,0.0
2015-05-12 00:00:00-04:00,54.28057291092239,54.32969360027112,53.56010282035268,53.813907623291016,666100,0.0,0.0
2015-05-13 00:00:00-04:00,53.797535188143065,54.61624673794821,53.74022562950764,54.460689544677734,585100,0.0,0.0
2015-05-14 00:00:00-04:00,55.04196063303019,55.24663844756489,54.64897648076425,54.79634475708008,779400,0.0,0.0
2015-05-15 00:00:00-04:00,54.71448495778092,54.85366439819336,54.31331187008998,54.85366439819336,363500,0.0,0.0
2015-05-18 00:00:00-04:00,54.84547878421964,55.377642480803104,54.329692814697474,55.263023376464844,730900,0.0,0.0
2015-05-19 00:00:00-04:00,55.41858628107116,55.574137226597294,54.5916858746307,54.86186218261719,437300,0.0,0.0
2015-05-20 00:00:00-04:00,54.78817942885668,55.53320999198813,54.698120652076526,55.21391296386719,592900,0.0,0.0
2015-05-21 00:00:00-04:00,55.36127156707541,56.00805437462208,55.041974595109345,55.754249572753906,791100,0.0,0.0
2015-05-22 00:00:00-04:00,55.549591064453125,55.84432779455947,55.2384828476853,55.549591064453125,531600,0.0,0.0
2015-05-26 00:00:00-04:00,55.42676082228184,55.451327411833475,54.79635577511722,55.07471466064453,976300,0.0,0.0
2015-05-27 00:00:00-04:00,55.140210778979124,55.95892216766856,55.03378054710749,55.9098014831543,828000,0.0,0.0
2015-05-28 00:00:00-04:00,55.7051282873768,56.26185232802313,55.51682190389483,56.196353912353516,860200,0.0,0.0
2015-05-29 00:00:00-04:00,56.28641242202864,56.51565062958018,55.99986466258921,56.368282318115234,1241800,0.0,0.0
2015-06-01 00:00:00-04:00,56.491086195046414,56.622083016318065,55.917990717663535,56.57295608520508,926600,0.0,0.0
2015-06-02 00:00:00-04:00,56.54020513015064,57.30979581562465,56.11447796673713,56.998687744140625,956000,0.0,0.0
2015-06-03 00:00:00-04:00,57.309822435129085,58.08759609823871,56.92502691366065,57.833797454833984,1062700,0.0,0.0
2015-06-04 00:00:00-04:00,57.37531700282466,57.64549336089497,56.84315315257921,57.13788986206055,903000,0.0,0.0
2015-06-05 00:00:00-04:00,57.03961394733515,57.465347315092835,56.68756784357344,57.43259811401367,777500,0.0,0.0
2015-06-08 00:00:00-04:00,57.219754708749356,57.44081034439753,56.96595610497268,57.096946716308594,1996200,0.0,0.0
2015-06-09 00:00:00-04:00,57.432597999110335,57.83376478055248,57.24429165484975,57.47352981567383,971500,0.0,0.0
2015-06-10 00:00:00-04:00,57.76008938292354,58.14487847816241,57.48991313297691,58.136695861816406,818100,0.0,0.0
2015-06-11 00:00:00-04:00,58.12852089357081,58.267700359984985,57.93203186767589,58.19401931762695,598000,0.0,0.0
2015-06-12 00:00:00-04:00,57.891080445910156,57.891080445910156,57.57997237277096,57.76008987426758,648800,0.0,0.0
2015-06-15 00:00:00-04:00,57.24431221287814,57.48173932079018,56.974135892191306,57.309810638427734,784700,0.0,0.0
2015-06-16 00:00:00-04:00,57.35073950792752,57.661847609927165,57.04781402310256,57.506290435791016,804400,0.0,0.0
2015-06-17 00:00:00-04:00,57.71915564970661,58.19400977685214,57.27705072921998,57.72734451293945,671600,0.0,0.0
2015-06-18 00:00:00-04:00,57.76827406258247,58.77529182731852,57.760091445944205,58.43961715698242,670700,0.0,0.0
2015-06-19 00:00:00-04:00,58.496920530153204,58.54604745615839,58.13669180165411,58.34136962890625,1048000,0.0,0.0
2015-06-22 00:00:00-04:00,58.4641834213181,58.930848664271736,58.12850875284453,58.70979309082031,1077800,0.0,0.0
2015-06-23 00:00:00-04:00,58.8653399163326,59.03726852867279,58.496916107371256,58.82440185546875,841700,0.0,0.0
2015-06-24 00:00:00-04:00,58.74255394614914,59.0700398167064,58.51331571064109,58.60337448120117,651000,0.0,0.0
2015-06-25 00:00:00-04:00,58.619735657973344,58.971781813831335,58.33318791396623,58.68523406982422,603500,0.0,0.0
2015-06-26 00:00:00-04:00,58.96358147941665,59.87235146666113,58.67703379115739,59.75773239135742,1472500,0.0,0.0
2015-06-29 00:00:00-04:00,58.9881531706914,59.536688256601636,58.586980126125695,58.693416595458984,1696400,0.0,0.0
2015-06-30 00:00:00-04:00,59.0700355512812,59.340211843452124,58.81623074063291,58.84897994995117,1280600,0.0,0.0
2015-07-01 00:00:00-04:00,59.34836747591059,59.36474519625942,58.88170238629149,58.947200775146484,952500,0.0,0.0
2015-07-02 00:00:00-04:00,59.053660755857564,60.740210764994046,58.85717173646411,60.35541534423828,1741800,0.0,0.0
2015-07-06 00:00:00-04:00,59.602184230757594,60.15071929429815,58.947212702224306,59.57761764526367,1386700,0.0,0.0
2015-07-07 00:00:00-04:00,59.44664992791688,59.5121483551903,57.498118563586175,58.80805587768555,1250200,0.0,0.0
2015-07-08 00:00:00-04:00,58.00570478983179,58.02208251668987,55.41039100109102,55.803375244140625,1851300,0.0,0.0
2015-07-09 00:00:00-04:00,56.45014583986456,56.92499992832816,55.17295811556989,55.37763595581055,2009100,0.0,0.0
2015-07-10 00:00:00-04:00,55.95893109577985,56.237296260408286,55.434956223121475,55.917999267578125,1579300,0.0,0.0
2015-07-13 00:00:00-04:00,56.302784438955854,57.006876795297075,56.048985884788465,56.89225769042969,1279900,0.0,0.0
2015-07-14 00:00:00-04:00,56.785827478086,58.04664387854287,56.59752109355199,57.850154876708984,899800,0.0,0.0
2015-07-15 00:00:00-04:00,57.80921354505886,57.825585025008124,56.42558925413084,56.47471618652344,1721600,0.0,0.0
2015-07-16 00:00:00-04:00,56.64663435193764,56.86768364484647,55.92616444204258,56.66300582885742,1543900,0.0,0.0
2015-07-17 00:00:00-04:00,57.309785102089705,57.309785102089705,51.70161452349653,53.84663391113281,3681600,0.0,0.0
2015-07-20 00:00:00-04:00,54.051326473673186,54.542558334266225,53.429110277127805,54.256004333496094,1224000,0.0,0.0
2015-07-21 00:00:00-04:00,54.19050256026995,54.68172808752083,53.68289930922353,53.789329528808594,1502100,0.0,0.0
2015-07-22 00:00:00-04:00,53.47824149080697,54.116835539745374,53.11800638780631,53.16713333129883,1629500,0.0,0.0
2015-07-23 00:00:00-04:00,53.50279190779596,53.50279190779596,51.89811821836139,52.88056945800781,1707900,0.0,0.0
2015-07-24 00:00:00-04:00,52.806876512261496,53.05249238989679,50.7846586913808,51.144893646240234,1564900,0.0,0.0
2015-07-27 00:00:00-04:00,50.78466926048156,51.09578047993402,50.18701028833358,50.7928581237793,1610200,0.0,0.0
2015-07-28 00:00:00-04:00,51.32502009711882,52.626771438220736,51.19402638896992,52.503963470458984,1662200,0.0,0.0
2015-07-29 00:00:00-04:00,52.42209948930561,53.83028435315696,52.31566923658137,53.691104888916016,1589500,0.0,0.0
2015-07-30 00:00:00-04:00,53.94605366093172,54.28327093173912,53.41967092965242,54.12699890136719,1509300,0.3,0.0
2015-07-31 00:00:00-04:00,54.20925185629546,54.653382191938434,54.05297982432433,54.217472076416016,1301600,0.0,0.0
2015-08-03 00:00:00-04:00,54.13523778190729,54.40665570465784,53.21406465392602,53.69110107421875,1454300,0.0,0.0
2015-08-04 00:00:00-04:00,53.76512450219954,54.82611665329602,53.55127951768178,53.8967170715332,1080500,0.0,0.0
2015-08-05 00:00:00-04:00,54.39842190957953,54.99060410704944,54.0036379612514,54.08588409423828,418800,0.0,0.0
2015-08-06 00:00:00-04:00,54.20102865048957,54.53823967023496,53.01666428362707,53.534820556640625,1246400,0.0,0.0
2015-08-07 00:00:00-04:00,53.38678409745599,53.59240257336674,53.13181292034169,53.43613052368164,1018000,0.0,0.0
2015-08-10 00:00:00-04:00,53.97074458264053,55.16332933825856,53.43613524306131,55.08930969238281,654500,0.0,0.0
2015-08-11 00:00:00-04:00,54.17636190891884,54.17636190891884,52.498514280472065,53.411460876464844,2155800,0.0,0.0
2015-08-12 00:00:00-04:00,52.94264808098377,53.1482665593976,52.185970448926625,52.975547790527344,2268800,0.0,0.0
2015-08-13 00:00:00-04:00,53.000223029322555,53.54305257009051,52.638332485491766,53.21406173706055,1236500,0.0,0.0
2015-08-14 00:00:00-04:00,53.21404853181406,53.56771249143718,52.60541972047776,52.695892333984375,1398800,0.0,0.0
2015-08-17 00:00:00-04:00,52.64656985933311,53.60063656976531,52.0872872101213,53.20585250854492,991400,0.0,0.0
2015-08-18 00:00:00-04:00,53.06601561957245,53.205840957754475,52.68767836179706,52.87685012817383,776900,0.0,0.0
2015-08-19 00:00:00-04:00,52.498516199137484,52.91797341534536,51.47864707276258,51.906333923339844,618800,0.0,0.0
2015-08-20 00:00:00-04:00,51.651351116195535,51.832296346045524,50.944023185860196,50.98514938354492,734500,0.0,0.0
2015-08-21 00:00:00-04:00,50.79599194614162,50.79599194614162,48.558864839860156,48.58353805541992,1662200,0.0,0.0
2015-08-24 00:00:00-04:00,45.82823937505779,47.81862438840952,44.70144805346106,45.959835052490234,2405200,0.0,0.0
2015-08-25 00:00:00-04:00,47.52254351673487,47.71171214750112,44.808380126953125,44.808380126953125,1790900,0.0,0.0
2015-08-26 00:00:00-04:00,45.85291806798235,46.66716857650079,44.9564214277904,46.477996826171875,1651300,0.0,0.0
2015-08-27 00:00:00-04:00,47.3991768286547,49.438911943330574,47.22645490660372,48.78093338012695,1545900,0.0,0.0
2015-08-28 00:00:00-04:00,48.54241015067267,49.57050252982749,48.30389196571141,49.323760986328125,942700,0.0,0.0
2015-08-31 00:00:00-04:00,49.10170382316246,50.22849244848546,48.53419469280713,49.87482833862305,1457300,0.0,0.0
2015-09-01 00:00:00-04:00,48.6082073622455,49.183939733094725,47.39094633851547,47.8350830078125,841400,0.0,0.0
2015-09-02 00:00:00-04:00,48.59997583842111,48.813817640958156,47.8186251190758,48.62464904785156,1480800,0.0,0.0
2015-09-03 00:00:00-04:00,48.92075457147496,49.800801526163966,48.40259505785312,49.389564514160156,1126700,0.0,0.0
2015-09-04 00:00:00-04:00,48.80560000911151,49.18393723970807,48.39436307042249,48.501285552978516,1011800,0.0,0.0
2015-09-08 00:00:00-04:00,49.496483000219975,49.83369719720596,48.94542381734678,49.65275192260742,1138400,0.0,0.0
2015-09-09 00:00:00-04:00,51.07563481220184,51.708940176973385,50.39298301477885,50.483455657958984,1691900,0.0,0.0
2015-09-10 00:00:00-04:00,50.69728012632368,50.8699988563237,50.080424829905105,50.450538635253906,841800,0.0,0.0
2015-09-11 00:00:00-04:00,50.179133488276214,50.401201827642765,49.7021002365729,50.19558334350586,1071700,0.0,0.0
2015-09-14 00:00:00-04:00,50.19559159754188,50.36008703939844,49.364894165526174,49.86660385131836,527200,0.0,0.0
2015-09-15 00:00:00-04:00,49.899491105479186,51.19077804339505,49.81724496866422,51.067405700683594,840800,0.0,0.0
2015-09-16 00:00:00-04:00,50.993385562403944,51.741836741126754,50.993385562403944,51.47864532470703,703600,0.0,0.0
2015-09-17 00:00:00-04:00,51.2730182838891,51.99679612708568,50.91113093103513,51.03450012207031,514700,0.0,0.0
2015-09-18 00:00:00-04:00,50.36830400694134,50.50812306669606,49.586953159079,49.858367919921875,1059800,0.0,0.0
2015-09-21 00:00:00-04:00,50.179120798835356,51.273012363812015,50.179120798835356,50.450538635253906,574500,0.0,0.0
2015-09-22 00:00:00-04:00,49.75144963274616,49.80079606077788,48.89607598865371,49.57872772216797,1064400,0.0,0.0
2015-09-23 00:00:00-04:00,49.636298764205236,50.10510863766253,49.249738163496815,49.28263473510742,676400,0.0,0.0
2015-09-24 00:00:00-04:00,48.69045623999162,49.75967169857899,48.048924454848006,49.41423416137695,1082700,0.0,0.0
2015-09-25 00:00:00-04:00,49.965290040902,49.99818975030489,49.052343498650245,49.504703521728516,637700,0.0,0.0
2015-09-28 00:00:00-04:00,49.0194332804463,49.07700619081436,46.2065746167895,46.21479797363281,1204200,0.0,0.0
2015-09-29 00:00:00-04:00,46.20658208165827,46.95503317484686,45.9187174833122,46.477996826171875,1060600,0.0,0.0
2015-09-30 00:00:00-04:00,47.135983991402384,48.764482063107735,46.55202509265562,48.6657829284668,1466600,0.0,0.0
2015-10-01 00:00:00-04:00,49.167489477673804,49.67742556233726,48.77270237623335,49.41423416137695,951800,0.0,0.0
2015-10-02 00:00:00-04:00,48.77270820961673,50.4916790175711,48.16407919866027,50.483455657958984,1165200,0.0,0.0
2015-10-05 00:00:00-04:00,50.94404021793625,52.51496548755446,50.7795479221563,51.988582611083984,1130700,0.0,0.0
2015-10-06 00:00:00-04:00,52.95086758403866,53.39500424438668,51.98035126557701,53.14826583862305,1156700,0.0,0.0
2015-10-07 00:00:00-04:00,53.189368109000384,54.201013434184006,52.73701137780144,53.86379623413086,966100,0.0,0.0
2015-10-08 00:00:00-04:00,53.64998559428144,55.16333484985633,53.64998559428144,54.97416305541992,709400,0.0,0.0
2015-10-09 00:00:00-04:00,55.03995424093656,55.49231741531533,53.337433445968145,53.469032287597656,973900,0.0,0.0
2015-10-12 00:00:00-04:00,52.72056615669438,53.12357653748136,52.2270831613463,52.827491760253906,1008800,0.0,0.0
2015-10-13 00:00:00-04:00,51.996806017454524,52.9097526372152,51.62669209897192,52.27644729614258,1050600,0.0,0.0
2015-10-14 00:00:00-04:00,52.07083161552176,52.663010779611305,51.947459256863006,52.424495697021484,861300,0.0,0.0
2015-10-15 00:00:00-04:00,52.74524849074816,52.77814819946029,51.569113710434145,52.769927978515625,899000,0.0,0.0
2015-10-16 00:00:00-04:00,52.975547948106005,53.27163278492289,51.873429637541044,52.91796875,1097200,0.0,0.0
2015-10-19 00:00:00-04:00,52.547862413320985,53.03312532758605,52.02147956478234,52.63011169433594,1057700,0.0,0.0
2015-10-20 00:00:00-04:00,53.263403198881875,55.42650695891685,53.246950209464956,54.135223388671875,2501800,0.0,0.0
2015-10-21 00:00:00-04:00,54.28327623149691,55.47586085083416,53.64174760730293,54.66161346435547,1236900,0.0,0.0
2015-10-22 00:00:00-04:00,55.459401746071705,57.15369555714868,55.459401746071705,56.50394058227539,1501900,0.0,0.0
2015-10-23 00:00:00-04:00,56.9645373729971,57.80345789136499,56.57797368145352,57.08790969848633,1531800,0.0,0.0
2015-10-26 00:00:00-04:00,56.89052568691843,57.57318062026792,56.39704253659759,57.48270797729492,911600,0.0,0.0
2015-10-27 00:00:00-04:00,57.19482295060789,57.4991404844501,56.32300281983897,56.72601318359375,1057600,0.0,0.0
2015-10-28 00:00:00-04:00,56.89053272353015,58.33808891516318,56.676693972761925,57.68010711669922,742800,0.0,0.0
2015-10-29 00:00:00-04:00,57.481855219835495,58.357427399094846,57.20101571274586,57.94442367553711,979800,0.3,0.0
2015-10-30 00:00:00-04:00,58.24177952775186,59.10082792082629,57.845293230203694,58.68782424926758,887400,0.0,0.0
2015-11-02 00:00:00-05:00,58.5721869720076,59.571655156347305,57.94441959189953,59.2742919921875,903100,0.0,0.0
2015-11-03 00:00:00-05:00,59.06778637403655,60.10029554424866,59.009966112582106,59.05952453613281,902500,0.0,0.0
2015-11-04 00:00:00-05:00,59.31556297893706,59.91855088542875,59.05950281551649,59.51380920410156,759500,0.0,0.0
2015-11-05 00:00:00-05:00,59.381673022278775,59.513837234636725,58.06006240838184,58.42350769042969,715300,0.0,0.0
2015-11-06 00:00:00-05:00,58.16744157184735,59.72033956984827,58.117883142783164,59.034751892089844,847500,0.0,0.0
2015-11-09 00:00:00-05:00,58.935619127066765,59.447745917700786,57.86181342674679,58.48957443237305,398300,0.0,0.0
2015-11-10 00:00:00-05:00,58.31610041432062,58.80344788379204,57.56443722498098,58.67128372192383,528000,0.0,0.0
2015-11-11 00:00:00-05:00,58.77041098216435,58.778672818346465,57.886583568713945,58.15090560913086,549600,0.0,0.0
2015-11-12 00:00:00-05:00,56.79625915977677,58.76215410749462,55.93721088040546,55.945472717285156,1707900,0.0,0.0
2015-11-13 00:00:00-05:00,56.0280879270992,58.580447971920655,56.01156424869579,57.985721588134766,1396200,0.0,0.0
2015-11-16 00:00:00-05:00,58.10134811039528,59.290800590973454,57.82877050187555,59.10082244873047,879500,0.0,0.0
2015-11-17 00:00:00-05:00,59.431240408720264,59.778168367482344,58.54741258665516,59.04302215576172,938000,0.0,0.0
2015-11-18 00:00:00-05:00,59.15039115743178,59.57991223794805,58.58870586633424,59.546871185302734,912000,0.0,0.0
2015-11-19 00:00:00-05:00,59.49731307621068,60.25723838531693,59.08430936883514,59.307334899902344,532200,0.0,0.0
2015-11-20 00:00:00-05:00,59.522078580172774,59.76988326829395,58.70433319246889,58.894317626953125,680000,0.0,0.0
2015-11-23 00:00:00-05:00,58.687837854642744,59.02649766682442,57.96094719094817,58.37395095825195,1146900,0.0,0.0
2015-11-24 00:00:00-05:00,58.07656506330902,59.15863879642316,57.6057412045123,58.9521369934082,1054500,0.0,0.0
2015-11-25 00:00:00-05:00,58.69610384274177,59.05128739793676,58.01877779585116,58.34918212890625,614900,0.0,0.0
2015-11-27 00:00:00-05:00,58.13438892934361,58.613474654579655,57.68834425087577,58.44001388549805,156100,0.0,0.0
2015-11-30 00:00:00-05:00,58.423496513081595,58.88605856396588,58.291332326008764,58.44001388549805,646300,0.0,0.0
2015-12-01 00:00:00-05:00,58.60522067226188,59.1586504023864,57.853557238829445,58.307857513427734,530700,0.0,0.0
2015-12-02 00:00:00-05:00,57.97745732388731,58.31611705693877,56.77974289739826,56.977989196777344,720100,0.0,0.0
2015-12-03 00:00:00-05:00,57.407514991964284,57.448817883236664,56.730189167877555,56.92017364501953,565600,0.0,0.0
2015-12-04 00:00:00-05:00,56.95318373448685,58.2913174278896,56.64756515837784,57.85353469848633,668700,0.0,0.0
2015-12-07 00:00:00-05:00,57.498373212295,57.91963873321049,55.99504005927526,56.201541900634766,518600,0.0,0.0
2015-12-08 00:00:00-05:00,55.34247727548453,55.79678371419131,54.632110645107154,55.06163787841797,929500,0.0,0.0
2015-12-09 00:00:00-05:00,56.43281858041811,56.72191987552533,54.69820450783917,55.37553024291992,716500,0.0,0.0
2015-12-10 00:00:00-05:00,55.53246921200719,55.97850757344613,54.27693468504289,54.54951858520508,1011900,0.0,0.0
2015-12-11 00:00:00-05:00,53.69047172134243,54.71471895579233,53.4757080699152,54.053916931152344,587600,0.0,0.0
2015-12-14 00:00:00-05:00,53.58311004984687,53.99611380952892,52.79014043652118,53.72352981567383,806500,0.0,0.0
2015-12-15 00:00:00-05:00,54.38430720577669,55.16075593589604,54.29345221793393,54.954254150390625,948700,0.0,0.0
2015-12-16 00:00:00-05:00,55.400315185830614,56.02808256440005,54.698210167371556,55.55725860595703,794300,0.0,0.0
2015-12-17 00:00:00-05:00,55.763752322105745,55.895910207730246,54.285198558940614,54.45039749145508,568500,0.0,0.0
2015-12-18 00:00:00-05:00,53.9795875126603,54.805594991972434,53.59136298907369,53.83090591430664,1626000,0.0,0.0
2015-12-21 00:00:00-05:00,54.062163742993036,54.48342914075877,53.442658400016334,53.81436538696289,475900,0.0,0.0
2015-12-22 00:00:00-05:00,54.11174437911611,54.97904833334299,53.69047885738529,54.57430648803711,684700,0.0,0.0
2015-12-23 00:00:00-05:00,55.17729169128186,55.928955078125,55.04512749468681,55.928955078125,755700,0.0,0.0
2015-12-24 00:00:00-05:00,55.67288404425605,56.02806737640856,55.51594066667357,55.85460662841797,192800,0.0,0.0
2015-12-28 00:00:00-05:00,55.42508182661726,55.656362834170004,54.66515671553402,55.383785247802734,303600,0.0,0.0
2015-12-29 00:00:00-05:00,55.92895215447654,56.15197764908823,55.42508720968469,55.871131896972656,335000,0.0,0.0
2015-12-30 00:00:00-05:00,55.441610541385586,56.09415704456992,55.210323210865454,55.7059326171875,459400,0.0,0.0
2015-12-31 00:00:00-05:00,55.433355341925164,56.11068113614442,55.25163271143822,55.61507797241211,428400,0.0,0.0
2016-01-04 00:00:00-05:00,54.714728352969885,55.4168333818321,53.84742436505881,54.62386703491211,798700,0.0,0.0
2016-01-05 00:00:00-05:00,55.23510192559599,56.16022592609087,54.516473416410484,55.28466033935547,705200,0.0,0.0
2016-01-06 00:00:00-05:00,53.93828407282132,54.6403890807226,53.632659075575184,53.83916091918945,749500,0.0,0.0
2016-01-07 00:00:00-05:00,52.73230861852145,52.74056730548097,51.31157498792051,51.5676383972168,1116100,0.0,0.0
2016-01-08 00:00:00-05:00,51.79891643109539,52.34408111678744,51.24549305892413,51.36113357543945,727900,0.0,0.0
2016-01-11 00:00:00-05:00,52.04672681810492,52.2201907732749,50.97291778846855,51.460262298583984,992400,0.0,0.0
2016-01-12 00:00:00-05:00,52.06323348930165,52.790120717088925,50.89030476241003,52.30277633666992,1836900,0.0,0.0
2016-01-13 00:00:00-05:00,52.48450332372578,53.04618852616353,51.633713682727816,51.86499786376953,1263700,0.0,0.0
2016-01-14 00:00:00-05:00,52.0549842502586,52.46798793061517,50.543389267688895,52.046722412109375,1197300,0.0,0.0
2016-01-15 00:00:00-05:00,50.38645019547937,51.418959420796575,50.26254782805407,51.17115783691406,1026700,0.0,0.0
2016-01-19 00:00:00-05:00,51.65849983262766,51.87326035473811,49.180477811054494,50.08908462524414,1430200,0.0,0.0
2016-01-20 00:00:00-05:00,49.25482256676277,49.60174416527383,47.949729351103386,48.89963912963867,1304400,0.0,0.0
2016-01-21 00:00:00-05:00,48.924421387640784,49.65956752153284,48.668357941163435,48.965721130371094,1843400,0.0,0.0
2016-01-22 00:00:00-05:00,49.77520098862903,51.41895698385611,48.37099102952298,50.45252990722656,2868700,0.0,0.0
2016-01-25 00:00:00-05:00,50.22951088881865,50.34515142011229,49.22178085731441,49.26308059692383,1633900,0.0,0.0
2016-01-26 00:00:00-05:00,49.543907129901534,50.84899990383071,49.17220329232885,50.79117965698242,1138700,0.0,0.0
2016-01-27 00:00:00-05:00,50.708583959806916,51.815433787453514,50.33688007161075,50.93160629272461,1184300,0.0,0.0
2016-01-28 00:00:00-05:00,51.59241180340697,52.08801804134236,51.08028819341122,51.31156921386719,731300,0.0,0.0
2016-01-29 00:00:00-05:00,51.27028159756007,52.657974350159385,50.60947627512429,52.59189224243164,1628600,0.0,0.0
2016-02-01 00:00:00-05:00,51.50156540912566,51.57590620878519,50.40297709301095,50.774681091308594,1345200,0.0,0.0
2016-02-02 00:00:00-05:00,50.36167384189994,50.700336760994425,49.24656192466084,49.29612350463867,906800,0.0,0.0
2016-02-03 00:00:00-05:00,49.99822417602155,50.27080811556085,48.49489104241449,49.95692443847656,1117700,0.0,0.0
2016-02-04 00:00:00-05:00,49.93214248804012,51.666756577553365,49.93214248804012,50.27080535888672,1071500,0.0,0.0
2016-02-05 00:00:00-05:00,50.01473916717176,50.74162644121283,48.668346445599326,48.7426872253418,1196700,0.0,0.0
2016-02-08 00:00:00-05:00,47.93320077781533,48.31316651602168,45.48822001953904,46.595069885253906,2191600,0.0,0.0
2016-02-09 00:00:00-05:00,46.058166299283414,48.28838667035602,45.892967357770345,47.52846145629883,1525300,0.0,0.0
2016-02-10 00:00:00-05:00,47.7845225278418,48.72617352588354,46.78505442005064,47.03285598754883,1061600,0.0,0.0
2016-02-11 00:00:00-05:00,46.617663897839776,48.012706477576494,45.9035345811106,46.3436393737793,1139100,0.3,0.0
2016-02-12 00:00:00-05:00,46.78374992011294,47.672258936827134,46.2273920009823,47.5892219543457,995900,0.0,0.0
2016-02-16 00:00:00-05:00,48.05422091902049,48.99255376796098,47.672245836321515,48.73513412475586,928100,0.0,0.0
2016-02-17 00:00:00-05:00,49.283192040061515,49.947500465437585,49.108812503846096,49.374534606933594,822200,0.0,0.0
2016-02-18 00:00:00-05:00,49.54061245368128,49.78972653309174,48.76005416015318,49.11711883544922,899000,0.0,0.0
2016-02-19 00:00:00-05:00,48.959345284270285,49.083903910673094,48.062533944205406,48.99256134033203,885600,0.0,0.0
2016-02-22 00:00:00-05:00,49.62365593884746,50.811103146504436,49.2831992465047,50.76958465576172,957600,0.0,0.0
2016-02-23 00:00:00-05:00,50.45403975892844,50.736369938167954,48.38638908926488,48.71854019165039,945400,0.0,0.0
2016-02-24 00:00:00-05:00,48.270126496896204,49.24997791527943,47.73868230407627,49.17524337768555,789400,0.0,0.0
2016-02-25 00:00:00-05:00,49.47418108409574,49.7980296882107,48.79326465454111,49.78142166137695,1062600,0.0,0.0
2016-02-26 00:00:00-05:00,50.00563133192741,50.794492112354014,49.98902330308107,50.694847106933594,687600,0.0,0.0
2016-02-29 00:00:00-05:00,50.81110571105815,51.6082753447792,50.0720657685002,50.105281829833984,951200,0.0,0.0
2016-03-01 00:00:00-05:00,50.64502707566751,51.101736790144564,49.88937917203233,50.94396209716797,973100,0.0,0.0
2016-03-02 00:00:00-05:00,50.67822580249931,51.54182407033641,50.54536477419028,51.334228515625,777100,0.0,0.0
2016-03-03 00:00:00-05:00,51.259504169610494,52.25596366365834,51.18476962836547,52.15631866455078,782100,0.0,0.0
2016-03-04 00:00:00-05:00,52.43034867273872,53.32716326122091,51.74943530044271,52.77080535888672,1124600,0.0,0.0
2016-03-07 00:00:00-05:00,52.65453962160577,53.53474596828953,52.37220952305868,53.26902389526367,783200,0.0,0.0
2016-03-08 00:00:00-05:00,52.6711472821935,52.72097135841201,50.96886427377312,51.34253692626953,891600,0.0,0.0
2016-03-09 00:00:00-05:00,52.00684037935666,52.4552443798235,51.3923561303364,51.90719223022461,818600,0.0,0.0
2016-03-10 00:00:00-05:00,51.998544171906474,52.0981923390309,50.96056618845769,51.6414794921875,663000,0.0,0.0
2016-03-11 00:00:00-05:00,52.30577860733398,54.28208922230274,52.24764893638306,53.88350296020508,719000,0.0,0.0
2016-03-14 00:00:00-04:00,53.47662090110842,53.74234298128117,52.787402077896104,53.094642639160156,758400,0.0,0.0
2016-03-15 00:00:00-04:00,52.729283867220644,53.01991644824466,52.289182196624964,52.696067810058594,540100,0.0,0.0
2016-03-16 00:00:00-04:00,52.5465902992285,54.16583956596869,52.43864288223813,53.908416748046875,568100,0.0,0.0
2016-03-17 00:00:00-04:00,53.900112714784434,55.48613945396049,53.742338066346704,55.31175994873047,719200,0.0,0.0
2016-03-18 00:00:00-04:00,55.37819600955291,55.80168640885481,55.129078792646155,55.63561248779297,849700,0.0,0.0
2016-03-21 00:00:00-04:00,55.65221682624685,55.9096396373978,55.09586222703798,55.6190071105957,714200,0.0,0.0
2016-03-22 00:00:00-04:00,55.05434948983282,55.602398518105424,54.70558410604383,55.46123504638672,701500,0.0,0.0
2016-03-23 00:00:00-04:00,55.129083254683735,55.403110948397625,54.190753487641196,54.257179260253906,590900,0.0,0.0
2016-03-24 00:00:00-04:00,53.642689400564535,53.941627502441406,52.89534731352909,53.941627502441406,888100,0.0,0.0
2016-03-28 00:00:00-04:00,53.99145370998671,54.406644854999975,53.6759107204897,53.908416748046875,528600,0.0,0.0
2016-03-29 00:00:00-04:00,53.5513663741843,54.788640877317796,53.2441288996379,54.56443405151367,1204300,0.0,0.0
2016-03-30 00:00:00-04:00,55.14569998089731,55.75187560442276,54.77202408780978,54.83015060424805,742500,0.0,0.0
2016-03-31 00:00:00-04:00,54.747113677815676,54.83015065347129,54.25718475141179,54.39004898071289,618800,0.0,0.0
2016-04-01 00:00:00-04:00,53.97485202374765,55.51936368079082,53.65100341843032,55.328372955322266,973600,0.0,0.0
2016-04-04 00:00:00-04:00,55.18721649592686,55.32837999100262,54.63086177864101,54.9879264831543,789100,0.0,0.0
2016-04-05 00:00:00-04:00,54.2738045951294,55.336693257626756,54.2738045951294,54.70560073852539,893300,0.0,0.0
2016-04-06 00:00:00-04:00,54.6308580597639,55.76848421189161,54.215666865817056,55.75187301635742,833000,0.0,0.0
2016-04-07 00:00:00-04:00,55.286853282150275,55.77677578249408,54.10771197442529,54.47307586669922,667800,0.0,0.0
2016-04-08 00:00:00-04:00,55.40310594697959,55.876423586432715,55.203815976503,55.6190071105957,951200,0.0,0.0
2016-04-11 00:00:00-04:00,55.976074607265296,56.632071057665506,55.60239876624821,55.66883087158203,789600,0.0,0.0
2016-04-12 00:00:00-04:00,55.91794152116571,57.03896270404224,55.585793666565195,56.74002456665039,943400,0.0,0.0
2016-04-13 00:00:00-04:00,57.25484876047937,57.47905549679059,56.740015863627285,57.46244430541992,607300,0.0,0.0
2016-04-14 00:00:00-04:00,57.47077874861523,58.12678176014628,57.337920827528016,57.57042694091797,699200,0.0,0.0
2016-04-15 00:00:00-04:00,57.59531269228181,58.23470422975533,57.37941153592253,57.55379104614258,684000,0.0,0.0
2016-04-18 00:00:00-04:00,57.030654347850614,58.11845309026061,56.897790144187205,58.01050567626953,1554800,0.0,0.0
2016-04-19 00:00:00-04:00,60.28577182615969,61.905021598861524,57.72819205324407,57.9108772277832,2823800,0.0,0.0
2016-04-20 00:00:00-04:00,58.14337195087766,59.471988838344984,57.62023332777492,59.39725112915039,1571000,0.0,0.0
2016-04-21 00:00:00-04:00,59.289300135211164,59.770923411198204,58.658207785135545,58.724639892578125,821900,0.0,0.0
2016-04-22 00:00:00-04:00,59.031889029396794,60.343894903102985,59.031889029396794,60.02004623413086,980300,0.0,0.0
2016-04-25 00:00:00-04:00,59.662972052250666,59.93699975498609,58.458920149173984,58.799373626708984,970400,0.0,0.0
2016-04-26 00:00:00-04:00,58.849201180947865,59.920395204644116,58.849201180947865,59.289302825927734,791600,0.0,0.0
2016-04-27 00:00:00-04:00,58.8824148014012,59.67958108798382,58.70802893483249,59.372337341308594,891600,0.0,0.0
2016-04-28 00:00:00-04:00,59.11361801309159,60.04000726027995,58.913313160950196,59.10527038574219,679700,0.36,0.0
2016-04-29 00:00:00-04:00,59.59768760514277,59.764601973327345,58.34581074163339,59.005126953125,985300,0.0,0.0
2016-05-02 00:00:00-04:00,59.33063192076556,59.73958306792682,58.59619956989487,59.464168548583984,1162600,0.0,0.0
2016-05-03 00:00:00-04:00,58.587845315749675,59.35566810415334,58.23732125841662,59.238826751708984,990200,0.0,0.0
2016-05-04 00:00:00-04:00,58.85488957128783,59.55594378409844,58.579481556222596,58.82985305786133,573400,0.0,0.0
2016-05-05 00:00:00-04:00,59.230454222221866,59.6978194355279,58.779777894802415,58.8465461730957,630200,0.0,0.0
2016-05-06 00:00:00-04:00,58.43760299359282,59.33895576796169,58.245652127261536,59.11362075805664,685000,0.0,0.0
2016-05-09 00:00:00-04:00,58.58781820721372,58.80481191879734,57.85338627918797,58.228946685791016,777500,0.0,0.0
2016-05-10 00:00:00-04:00,58.813184440435265,59.305586353851844,58.42927624504881,59.24716567993164,703600,0.0,0.0
2016-05-11 00:00:00-04:00,59.26383840844333,59.81466078636676,58.79646682739258,58.79646682739258,591000,0.0,0.0
2016-05-12 00:00:00-04:00,59.45580015189251,59.72286694687639,58.604526732685976,59.03016662597656,661500,0.0,0.0
2016-05-13 00:00:00-04:00,58.82987650510935,59.60604056754757,58.295742781213825,58.37919998168945,728900,0.0,0.0
2016-05-16 00:00:00-04:00,58.59617997074744,59.56430109648492,58.48768627246641,59.22211837768555,783500,0.0,0.0
2016-05-17 00:00:00-04:00,59.19706423688447,59.86473421913252,58.77142446401702,59.280521392822266,837800,0.0,0.0
2016-05-18 00:00:00-04:00,58.93001853632385,59.530920461199216,58.153854611255696,58.529415130615234,652700,0.0,0.0
2016-05-19 00:00:00-04:00,58.245658067160996,58.704675761518814,57.70317682166996,58.00362777709961,705700,0.0,0.0
2016-05-20 00:00:00-04:00,58.412561672466545,58.92165867718081,57.98692820350777,58.60451889038086,562500,0.0,0.0
2016-05-23 00:00:00-04:00,58.579489949713874,58.78813608132862,58.203923092382574,58.445953369140625,501100,0.0,0.0
2016-05-24 00:00:00-04:00,58.52107329310416,59.28054195312978,58.32911603723502,58.87159729003906,471900,0.0,0.0
2016-05-25 00:00:00-04:00,59.021823236121016,60.1818953070775,58.9216707930447,59.83137130737305,663300,0.0,0.0
2016-05-26 00:00:00-04:00,59.95654517264857,60.05669760114323,59.11361944380499,59.163692474365234,495500,0.0,0.0
2016-05-27 00:00:00-04:00,59.04686713611608,59.589348461018474,58.82987333267994,59.24716567993164,895700,0.0,0.0
2016-05-31 00:00:00-04:00,59.22211109508741,59.4391048323403,58.46264256576327,58.82151412963867,911700,0.0,0.0
2016-06-01 00:00:00-04:00,58.47933584249304,58.78813440070987,57.87843398184107,58.637908935546875,1001800,0.0,0.0
2016-06-02 00:00:00-04:00,58.295721976048654,59.06353813420047,58.13715526194872,58.93000793457031,878400,0.0,0.0
2016-06-03 00:00:00-04:00,58.65461879078606,59.155368397870475,58.35416775306007,58.980106353759766,694200,0.0,0.0
2016-06-06 00:00:00-04:00,59.338968159181576,59.93152250476157,59.11363310222184,59.62273025512695,820200,0.0,0.0
2016-06-07 00:00:00-04:00,59.55596495029264,60.32378134933135,59.55596495029264,59.95656204223633,1200900,0.0,0.0
2016-06-08 00:00:00-04:00,60.265362790384835,60.54912491056766,59.76461322418854,60.30709457397461,832700,0.0,0.0
2016-06-09 00:00:00-04:00,59.80632541698532,59.80632541698532,58.971740957584736,59.18872833251953,494100,0.0,0.0
2016-06-10 00:00:00-04:00,58.621205968919426,59.272180776540445,58.621205968919426,58.99677276611328,608600,0.0,0.0
2016-06-13 00:00:00-04:00,58.68797375774842,59.255491394816254,58.05368784164354,58.3040657043457,684700,0.0,0.0
2016-06-14 00:00:00-04:00,58.05369729854317,58.33745934698846,57.319265211617875,57.91181945800781,520300,0.0,0.0
2016-06-15 00:00:00-04:00,58.17054290873147,58.73806068006727,57.90347609677198,58.08708572387695,589600,0.0,0.0
2016-06-16 00:00:00-04:00,57.52789365982942,58.32074616488787,56.95202847923314,58.22060012817383,788200,0.0,0.0
2016-06-17 00:00:00-04:00,58.30407719694554,58.854899689142634,58.11211994871979,58.462650299072266,725400,0.0,0.0
2016-06-20 00:00:00-04:00,59.255515332099904,59.54761871167024,58.1955955355515,58.279052734375,930900,0.0,0.0
2016-06-21 00:00:00-04:00,58.279023610025156,58.454285550181986,57.46947581451055,57.81999969482422,619900,0.0,0.0
2016-06-22 00:00:00-04:00,58.10378177275688,58.10378177275688,57.511227474630516,57.54460525512695,615100,0.0,0.0
2016-06-23 00:00:00-04:00,58.38753668325326,58.4042319406492,57.85340305933428,58.08708572387695,1007200,0.0,0.0
2016-06-24 00:00:00-04:00,56.10911390669591,56.4262536971413,54.10611000564233,54.64024353027344,1740900,0.0,0.0
2016-06-27 00:00:00-04:00,53.730541530035026,53.730541530035026,51.00145333604591,51.33528518676758,1740500,0.0,0.0
2016-06-28 00:00:00-04:00,52.32844229878587,52.5120487011141,51.65242779147426,52.27836608886719,949900,0.0,0.0
2016-06-29 00:00:00-04:00,53.07956701724248,53.814005370598,52.612201786833495,53.755584716796875,1009800,0.0,0.0
2016-06-30 00:00:00-04:00,54.047687692392245,54.64024185412217,53.571974837630265,54.6235466003418,920800,0.0,0.0
2016-07-01 00:00:00-04:00,54.69031067402635,55.60835217274897,54.573469376045644,55.124298095703125,789700,0.0,0.0
2016-07-05 00:00:00-04:00,54.52339827377081,54.52339827377081,53.38836302423066,54.01430130004883,1211200,0.0,0.0
2016-07-06 00:00:00-04:00,53.63873451413388,54.264672789952044,53.054528003652955,54.01430130004883,924900,0.0,0.0
2016-07-07 00:00:00-04:00,54.314758534158884,54.982422286026825,54.23964262124143,54.53174591064453,742700,0.0,0.0
2016-07-08 00:00:00-04:00,55.25783282875093,56.22595379730432,55.124302634652295,56.03399658203125,631200,0.0,0.0
2016-07-11 00:00:00-04:00,56.15918646571131,56.8351978093126,55.75024188219469,55.91715621948242,582200,0.0,0.0
2016-07-12 00:00:00-04:00,56.442947485700564,57.344300274556396,56.442947485700564,57.22745895385742,647100,0.0,0.0
2016-07-13 00:00:00-04:00,57.369331554298455,57.72820311150985,57.20241721635662,57.63639831542969,791500,0.0,0.0
2016-07-14 00:00:00-04:00,58.42091985733229,58.42091985733229,57.90347513205522,58.20392608642578,497900,0.0,0.0
2016-07-15 00:00:00-04:00,58.42089370838199,59.00510009851697,58.112095263669445,58.8966064453125,1146400,0.0,0.0
2016-07-18 00:00:00-04:00,58.621205968919426,59.05519341891584,58.37083447149713,58.99677276611328,602300,0.0,0.0
2016-07-19 00:00:00-04:00,58.90497470032347,58.97174298754364,58.43760305715662,58.59617614746094,394500,0.0,0.0
2016-07-20 00:00:00-04:00,58.646234901781455,59.405709657424744,58.379168185292414,59.30555725097656,466000,0.0,0.0
2016-07-21 00:00:00-04:00,59.038521521257884,59.28889948510453,58.0537112934378,58.279052734375,651600,0.0,0.0
2016-07-22 00:00:00-04:00,58.27903947278664,58.70467300014506,57.82001543264561,58.6212158203125,691100,0.0,0.0
2016-07-25 00:00:00-04:00,58.52941013595327,58.52941013595327,57.74490501642369,58.429264068603516,1077900,0.0,0.0
2016-07-26 00:00:00-04:00,56.62656160611581,56.6766410099584,54.3481493035881,54.85724639892578,2781400,0.0,0.0
2016-07-27 00:00:00-04:00,54.74038432324269,55.049182824224694,53.53858719206248,54.581817626953125,1630300,0.0,0.0
2016-07-28 00:00:00-04:00,54.43916936424235,55.79867583595223,54.25454344768451,55.53852462768555,1411700,0.36,0.0
2016-07-29 00:00:00-04:00,54.8671479669466,55.462981959920974,53.19713402029348,53.22230911254883,2258000,0.0,0.0
2016-08-01 00:00:00-04:00,53.07964286050117,53.1887402560275,52.03902869070766,52.76913833618164,2011000,0.0,0.0
2016-08-02 00:00:00-04:00,52.71040885792769,52.794327984513366,52.030652407869596,52.425079345703125,1154300,0.0,0.0
2016-08-03 00:00:00-04:00,52.341155760031555,53.59996183642401,52.341155760031555,53.490867614746094,1009500,0.0,0.0
2016-08-04 00:00:00-04:00,53.34819778879303,54.0027758814894,53.34819778879303,53.75101852416992,705000,0.0,0.0
2016-08-05 00:00:00-04:00,54.09509328731708,54.65735847450599,53.82654824249409,54.372032165527344,715100,0.0,0.0
2016-08-08 00:00:00-04:00,54.55666120712863,54.984650695094494,54.28811614693427,54.49791717529297,1216300,0.0,0.0
2016-08-09 00:00:00-04:00,54.573435488111414,55.55530263854527,54.28810919931598,55.118919372558594,875300,0.0,0.0
2016-08-10 00:00:00-04:00,55.14410008792258,55.46299533777152,54.77484823879921,54.90073013305664,759700,0.0,0.0
2016-08-11 00:00:00-04:00,55.24480069258055,55.605658667613724,54.565041100818554,55.588871002197266,592900,0.0,0.0
2016-08-12 00:00:00-04:00,55.37907329963372,55.84903191999617,54.95108384531091,55.160884857177734,767000,0.0,0.0
2016-08-15 00:00:00-04:00,55.39586088899178,56.2182772688992,55.23641007135679,56.00847625732422,877300,0.0,0.0
2016-08-16 00:00:00-04:00,56.092389367713764,56.1343521265774,55.39585494995117,55.39585494995117,870700,0.0,0.0
2016-08-17 00:00:00-04:00,55.28675419630986,55.29514802858469,54.758058010120166,55.102134704589844,533400,0.0,0.0
2016-08-18 00:00:00-04:00,55.303533491248636,55.82383576642119,55.10212636545981,55.731529235839844,814200,0.0,0.0
2016-08-19 00:00:00-04:00,55.3790750189256,55.798677055686156,55.3790750189256,55.63923263549805,926700,0.0,0.0
2016-08-22 00:00:00-04:00,55.38746439838542,55.38746439838542,54.90911837104956,55.118919372558594,772100,0.0,0.0
2016-08-23 00:00:00-04:00,55.38746234201596,55.832239424282925,55.24479920291489,55.647613525390625,1031900,0.0,0.0
2016-08-24 00:00:00-04:00,55.46298448960528,55.85741135990922,55.3454964519766,55.37067794799805,805500,0.0,0.0
2016-08-25 00:00:00-04:00,55.20283332094432,55.546910004441074,54.97625107769411,55.37067794799805,960700,0.0,0.0
2016-08-26 00:00:00-04:00,55.47977211941904,55.614041418361396,54.44754847218296,54.7244873046875,1248400,0.0,0.0
2016-08-29 00:00:00-04:00,54.64057981332268,55.404252219853994,54.64057981332268,55.211238861083984,1193600,0.0,0.0
2016-08-30 00:00:00-04:00,55.295138985926364,55.370670658811754,54.08668344069621,54.2545280456543,1287000,0.0,0.0
2016-08-31 00:00:00-04:00,53.99438407961479,54.44755502297644,53.74262671282629,54.069915771484375,816900,0.0,0.0
2016-09-01 00:00:00-04:00,54.17900547643794,54.17900547643794,53.046081413728565,53.49925231933594,768800,0.0,0.0
2016-09-02 00:00:00-04:00,53.94403428412324,54.27971717826578,53.54961056501149,54.204185485839844,665500,0.0,0.0
2016-09-06 00:00:00-04:00,54.33845464042863,54.34684847248835,53.43211285651597,54.011165618896484,582600,0.0,0.0
2016-09-07 00:00:00-04:00,53.30624507584392,54.153839812396846,53.22232274464933,54.027957916259766,833800,0.0,0.0
2016-09-08 00:00:00-04:00,53.910463902381366,53.977601759925264,53.30623919103251,53.41533660888672,573800,0.0,0.0
2016-09-09 00:00:00-04:00,52.936990316548105,53.19714150997042,51.661399841308594,51.661399841308594,653200,0.0,0.0
2016-09-12 00:00:00-04:00,51.35927756887809,52.45863259155175,51.292139722539304,52.34114456176758,1477100,0.0,0.0
2016-09-13 00:00:00-04:00,51.71175576887346,51.92155679396775,50.897729968398146,51.16627502441406,688700,0.0,0.0
2016-09-14 00:00:00-04:00,51.06555966626648,51.63621861495653,50.84736804532454,51.55229949951172,988900,0.0,0.0
2016-09-15 00:00:00-04:00,51.49356498757396,52.122968073566845,51.334114156950925,52.04743957519531,683800,0.0,0.0
2016-09-16 00:00:00-04:00,51.61104440749506,51.74531691529959,51.15787349316384,51.44320297241211,987800,0.0,0.0
2016-09-19 00:00:00-04:00,51.83762776112265,52.467030716161084,51.59425785019363,52.097782135009766,661400,0.0,0.0
2016-09-20 00:00:00-04:00,52.299190446212805,52.483816341532055,51.49355541423454,51.8292350769043,635800,0.0,0.0
2016-09-21 00:00:00-04:00,52.1732999465756,52.77752772132256,51.75369803662544,52.66843032836914,886700,0.0,0.0
2016-09-22 00:00:00-04:00,53.06287364493749,53.448906753792016,52.71040946762932,52.9957389831543,1248000,0.0,0.0
2016-09-23 00:00:00-04:00,52.710398599403945,52.97054976197448,52.215268165768244,52.6264762878418,1109400,0.0,0.0
2016-09-26 00:00:00-04:00,52.6013102344275,52.99573716327873,52.290805631560254,52.79432678222656,955500,0.0,0.0
2016-09-27 00:00:00-04:00,52.5257812725944,53.64192098708338,52.45025278053805,53.50764846801758,1115300,0.0,0.0
2016-09-28 00:00:00-04:00,53.80977333767535,55.51335676734926,53.80977333767535,55.454612731933594,1839300,0.0,0.0
2016-09-29 00:00:00-04:00,55.47138352079756,55.84063533230689,54.71609863480958,55.06856918334961,664500,0.0,0.0
2016-09-30 00:00:00-04:00,55.328710491781464,56.13434542536712,55.160872281599275,55.85740661621094,845600,0.0,0.0
2016-10-03 00:00:00-04:00,55.71475800214407,56.05883474599743,54.800028634059935,55.043392181396484,1339300,0.0,0.0
2016-10-04 00:00:00-04:00,55.303534694978076,56.109169618285804,54.674131810898544,54.73287582397461,1498300,0.0,0.0
2016-10-05 00:00:00-04:00,55.22801480730476,55.47977857571951,54.70771240975488,55.26997756958008,991200,0.0,0.0
2016-10-06 00:00:00-04:00,55.09373524510192,55.96650803661725,54.77483367741094,55.87419509887695,1252800,0.0,0.0
2016-10-07 00:00:00-04:00,56.08399849249419,56.14274250972347,55.05177487247371,55.429420471191406,1682800,0.0,0.0
2016-10-10 00:00:00-04:00,56.02526422127875,56.67144852320946,55.45460521065915,55.74832534790039,861200,0.0,0.0
2016-10-11 00:00:00-04:00,55.4965434880275,55.67277551294688,54.51467660521238,54.95945358276367,1389000,0.0,0.0
2016-10-12 00:00:00-04:00,54.90912651393099,55.11892754655298,54.22937321707397,54.40560531616211,947000,0.0,0.0
2016-10-13 00:00:00-04:00,53.38177299117055,53.75102484178108,52.90342691316106,53.40694808959961,1185500,0.0,0.0
2016-10-14 00:00:00-04:00,53.851721475531654,54.271323493703385,53.130008693376126,53.18035888671875,1486000,0.0,0.0
2016-10-17 00:00:00-04:00,53.26428493772476,53.92725694113456,52.88664245468693,53.356597900390625,2118500,0.0,0.0
2016-10-18 00:00:00-04:00,56.96516523103359,58.41699096859286,56.31058713526895,58.21558380126953,3468400,0.0,0.0
2016-10-19 00:00:00-04:00,58.51768802275646,59.39045440356619,58.24074921210205,59.19744110107422,1786800,0.0,0.0
2016-10-20 00:00:00-04:00,58.87853708028588,59.89397283062223,58.83657433251824,59.49954605102539,1357100,0.0,0.0
2016-10-21 00:00:00-04:00,58.75265923119784,59.69256337993189,58.710696480579294,59.28974914550781,1154600,0.0,0.0
2016-10-24 00:00:00-04:00,59.60026129919513,60.37233379383925,59.44081690357933,60.21288299560547,1290700,0.0,0.0
2016-10-25 00:00:00-04:00,60.22128023354292,60.7248013480093,59.86042226102865,60.22966766357422,1081200,0.0,0.0
2016-10-26 00:00:00-04:00,59.793296011081864,60.17932915385661,59.49957583751626,59.726158142089844,824700,0.0,0.0
2016-10-27 00:00:00-04:00,60.206913240697496,60.58647877174539,59.582746963076346,60.485260009765625,1066900,0.36,0.0
2016-10-28 00:00:00-04:00,60.51058707833069,61.57336197732133,60.51058707833069,60.99980163574219,1372500,0.0,0.0
2016-10-31 00:00:00-04:00,61.24440840389239,61.699883356805664,61.18536571195016,61.505882263183594,1132900,0.0,0.0
2016-11-01 00:00:00-04:00,61.834832976417744,62.4758724897252,60.61180307467468,61.084144592285156,1071000,0.0,0.0
2016-11-02 00:00:00-04:00,60.84795516649878,61.41307879958091,60.5696083853681,60.57804489135742,819800,0.0,0.0
2016-11-03 00:00:00-04:00,60.66240030037758,61.244397038065166,60.544314938407574,60.59492111206055,594200,0.0,0.0
2016-11-04 00:00:00-04:00,60.50214825914694,61.45526770929561,60.088843036676984,60.78892517089844,676100,0.0,0.0
2016-11-07 00:00:00-05:00,61.74203410868632,61.986641310387434,61.21908655037322,61.784210205078125,657600,0.0,0.0
2016-11-08 00:00:00-05:00,61.699883356805664,61.96979372499455,60.519023082790234,61.505882263183594,643500,0.0,0.0
2016-11-09 00:00:00-05:00,60.679273795182766,63.99411333424369,60.679273795182766,63.76637268066406,1216400,0.0,0.0
2016-11-10 00:00:00-05:00,63.91819402305714,65.36052781853398,63.91819402305714,64.3483657836914,1176200,0.0,0.0
2016-11-11 00:00:00-05:00,64.01940924485467,65.02313471702685,63.960366570021016,64.93035888671875,919900,0.0,0.0
2016-11-14 00:00:00-05:00,64.99782424268844,66.37268505561816,64.99782424268844,66.20398712158203,1857100,0.0,0.0
2016-11-15 00:00:00-05:00,66.05217141735179,66.71007736399535,65.63043617615267,66.3642578125,1065500,0.0,0.0
2016-11-16 00:00:00-05:00,65.92565958466966,66.66791133295612,65.80756779034486,66.38956451416016,1160800,0.0,0.0
2016-11-17 00:00:00-05:00,66.69320150580099,66.88720252123272,66.07746530785245,66.3558120727539,1053300,0.0,0.0
2016-11-18 00:00:00-05:00,66.17868195924957,66.49076830102659,65.82442596166571,65.88346862792969,618800,0.0,0.0
2016-11-21 00:00:00-05:00,66.414840957325,66.54136277285565,66.01840893840682,66.06058502197266,702300,0.0,0.0
2016-11-22 00:00:00-05:00,66.38113205379551,66.40644157673125,65.52923140155055,65.9087905883789,811300,0.0,0.0
2016-11-23 00:00:00-05:00,65.59669816956722,66.47390826467661,65.47018274228593,66.37269592285156,365800,0.0,0.0
2016-11-25 00:00:00-05:00,66.22928307043395,66.29676223678133,64.90503499791203,65.19181823730469,559800,0.0,0.0
2016-11-28 00:00:00-05:00,64.89663137873933,65.44488213205456,63.92663888144526,64.60984802246094,1515800,0.0,0.0
2016-11-29 00:00:00-05:00,64.27242392923843,65.57136875414989,64.27242392923843,65.08216094970703,807200,0.0,0.0
2016-11-30 00:00:00-05:00,66.84504819397746,67.53669386110138,66.43174938238603,66.90409088134766,1413400,0.0,0.0
2016-12-01 00:00:00-05:00,67.52826067345887,67.73069827025725,66.40644955826161,66.46549224853516,1158900,0.0,0.0
2016-12-02 00:00:00-05:00,66.5582508628771,67.03059221704913,66.22086142339636,66.718505859375,764200,0.0,0.0
2016-12-05 00:00:00-05:00,67.14869443409049,67.8656431512191,66.89565068208276,67.78973388671875,612300,0.0,0.0
2016-12-06 00:00:00-05:00,67.64632100855631,68.17771145944619,67.29206499807522,68.02588653564453,926300,0.0,0.0
2016-12-07 00:00:00-05:00,67.35110939134317,68.86092216249004,67.21615747515683,68.85248565673828,1597400,0.0,0.0
2016-12-08 00:00:00-05:00,69.24050642558103,70.40450010591219,69.16459715173546,70.18519592285156,945500,0.0,0.0
2016-12-09 00:00:00-05:00,70.07552294416432,70.4213424646784,69.30796178506498,69.82247924804688,832600,0.0,0.0
2016-12-12 00:00:00-05:00,69.96587773092072,70.5141348612125,69.62005816069231,70.09239959716797,626500,0.0,0.0
2016-12-13 00:00:00-05:00,71.18891710523198,71.669695070768,69.98275393763535,70.26110076904297,534300,0.0,0.0
2016-12-14 00:00:00-05:00,70.00805669310446,70.71656887677973,68.88623930044893,68.94528198242188,956400,0.0,0.0
2016-12-15 00:00:00-05:00,68.81875531875279,70.6237881173085,68.79345223326492,69.9237060546875,953200,0.0,0.0
2016-12-16 00:00:00-05:00,69.7212997084299,70.00807669274677,68.51513620197933,68.86939239501953,1331500,0.0,0.0
2016-12-19 00:00:00-05:00,68.62476029370272,69.07179862841699,68.38015307684282,69.06336212158203,582000,0.0,0.0
2016-12-20 00:00:00-05:00,69.1899064608291,69.30799185420344,68.64164917149328,69.20677947998047,452800,0.0,0.0
2016-12-21 00:00:00-05:00,69.32484598324409,69.32484598324409,68.45607235364614,68.57415771484375,446600,0.0,0.0
2016-12-22 00:00:00-05:00,68.68381392645378,68.87781500358606,67.62103912665697,67.71382141113281,625300,0.0,0.0
2016-12-23 00:00:00-05:00,67.67163412519271,68.10179940287466,67.49449967536066,68.05119323730469,274800,0.0,0.0
2016-12-27 00:00:00-05:00,68.13557078530391,68.43922079075115,67.75601149608065,67.95844268798828,256400,0.0,0.0
2016-12-28 00:00:00-05:00,68.27893340205338,68.27893340205338,66.69321120191245,66.76912689208984,396900,0.0,0.0
2016-12-29 00:00:00-05:00,66.92936584370975,67.28362181905418,66.60041294729454,66.87032318115234,285500,0.0,0.0
2016-12-30 00:00:00-05:00,66.88721142966907,67.05590295107585,66.15338979769454,66.41486358642578,439800,0.0,0.0
2017-01-03 00:00:00-05:00,66.98843823722274,68.08495266870924,66.11122797906764,67.0643539428711,568000,0.0,0.0
2017-01-04 00:00:00-05:00,67.34268467639987,68.1692886352539,66.9799985227614,68.1692886352539,670100,0.0,0.0
2017-01-05 00:00:00-05:00,67.80659484779952,69.06336412556763,67.52824803069234,68.11024475097656,751100,0.0,0.0
2017-01-06 00:00:00-05:00,68.17773635617388,68.49825289672462,67.56199993058074,68.34642791748047,530800,0.0,0.0
2017-01-09 00:00:00-05:00,68.10178369813617,68.65847713170288,67.57883628072547,67.94995880126953,579200,0.0,0.0
2017-01-10 00:00:00-05:00,68.34641306496842,69.59475222693776,67.9246778181796,68.59945678710938,712600,0.0,0.0
2017-01-11 00:00:00-05:00,68.66692499537443,70.07551895006003,68.66692499537443,69.99960327148438,754300,0.0,0.0
2017-01-12 00:00:00-05:00,69.80563187908419,70.37075566272149,69.01276741924244,70.25267028808594,655800,0.0,0.0
2017-01-13 00:00:00-05:00,70.26952237112775,70.85995555765545,69.53570718517744,69.60317993164062,397500,0.0,0.0
2017-01-17 00:00:00-05:00,69.12238539542334,69.16456148258943,68.32952772507333,68.72595977783203,427000,0.0,0.0
2017-01-18 00:00:00-05:00,68.85248935162619,69.69595978735185,68.54040940891566,69.63691711425781,962500,0.0,0.0
2017-01-19 00:00:00-05:00,69.8562305005519,70.24422618025936,68.90311109834683,69.34171295166016,864700,0.0,0.0
2017-01-20 00:00:00-05:00,69.68755058051305,70.18519519770318,69.06337763787947,69.77189636230469,450300,0.0,0.0
2017-01-23 00:00:00-05:00,69.56943618316133,70.89368435400569,69.4513444157016,70.74185943603516,851800,0.0,0.0
2017-01-24 00:00:00-05:00,71.16360837931279,72.26855267471166,70.92743123384481,72.2516860961914,798800,0.0,0.0
2017-01-25 00:00:00-05:00,72.29386215093075,73.11202963762776,71.93960605416599,73.01081085205078,795000,0.0,0.0
2017-01-26 00:00:00-05:00,73.06140901699159,73.90487942452255,72.60593422470465,73.2132339477539,730800,0.0,0.0
2017-01-27 00:00:00-05:00,72.36976820641485,72.63967849682103,71.19734477916586,71.77933502197266,992500,0.0,0.0
2017-01-30 00:00:00-05:00,71.33230269593611,71.38290886864593,70.11770306954443,70.95274353027344,752300,0.0,0.0
2017-01-31 00:00:00-05:00,71.03707887756282,71.5094202473619,70.55630100182633,71.18890380859375,1720200,0.0,0.0
2017-02-01 00:00:00-05:00,71.04551831957143,72.83367154209114,70.42134555777795,72.53002166748047,1487900,0.0,0.0
2017-02-02 00:00:00-05:00,73.1541826515245,75.0013782503125,73.1457461465967,73.97234344482422,1836900,0.0,0.0
2017-02-03 00:00:00-05:00,74.22539870394564,74.43626631390003,72.96862955046473,73.03610229492188,1161100,0.0,0.0
2017-02-06 00:00:00-05:00,72.80837136731195,74.42783313982527,72.60594025454004,74.267578125,2041300,0.0,0.0
2017-02-07 00:00:00-05:00,73.5928211096777,74.4025522373459,73.5928211096777,74.0651626586914,1617600,0.0,0.0
2017-02-08 00:00:00-05:00,73.97234704261794,74.28443338844804,73.3228777052795,73.93861389160156,798000,0.0,0.0
2017-02-09 00:00:00-05:00,74.09042679528233,74.52903494747075,73.64338857355888,74.1072998046875,755300,0.0,0.0
2017-02-10 00:00:00-05:00,74.60498009209645,74.79898118262433,73.9470739823274,74.4447250366211,886300,0.0,0.0
2017-02-13 00:00:00-05:00,74.54593416867101,74.89176022608625,74.01454997270778,74.57967376708984,944400,0.0,0.0
2017-02-14 00:00:00-05:00,74.00613101091152,74.63030407689364,73.86274251001235,74.54595184326172,1026200,0.0,0.0
2017-02-15 00:00:00-05:00,74.73990759283333,75.11946667303889,74.08200175505411,75.10260009765625,988100,0.0,0.0
2017-02-16 00:00:00-05:00,75.06871379941623,76.16967902620719,75.06871379941623,75.39900207519531,819800,0.36,0.0
2017-02-17 00:00:00-05:00,75.37364483346829,75.99188094304978,74.95019739058364,75.91565704345703,1230400,0.0,0.0
2017-02-21 00:00:00-05:00,76.06807879844898,76.79640872961359,75.83942008112686,76.24592590332031,793300,0.0,0.0
2017-02-22 00:00:00-05:00,75.75472845103039,76.66090552302063,75.68698178550586,76.47459411621094,720200,0.0,0.0
2017-02-23 00:00:00-05:00,76.5338778467101,77.21138974304999,75.45831793856345,75.94104766845703,620400,0.0,0.0
2017-02-24 00:00:00-05:00,75.17037208698677,75.86482545210214,74.77233056162305,75.1957778930664,898300,0.0,0.0
2017-02-27 00:00:00-05:00,75.30586479190006,75.37361790927038,74.7977293342085,75.06026458740234,755900,0.0,0.0
2017-02-28 00:00:00-05:00,75.06871750693203,75.74623559707885,74.74689996782253,75.51757049560547,872400,0.0,0.0
2017-03-01 00:00:00-05:00,76.34753239547824,77.44849125230492,76.30518509043847,76.45762634277344,931200,0.0,0.0
2017-03-02 00:00:00-05:00,76.28825137490523,76.64394548278938,74.95015663234099,75.08566284179688,852100,0.0,0.0
2017-03-03 00:00:00-05:00,75.00946999076636,76.35603604338255,75.00946999076636,76.2120590209961,870600,0.0,0.0
2017-03-06 00:00:00-05:00,75.76317714801799,76.56773075682092,75.71236554834545,76.36447143554688,678500,0.0,0.0
2017-03-07 00:00:00-05:00,76.23746014288453,76.83876108232195,76.15277196281956,76.41531372070312,785300,0.0,0.0
2017-03-08 00:00:00-05:00,76.3644819702526,76.84721161761156,75.31433451063346,75.35668182373047,975700,0.0,0.0
2017-03-09 00:00:00-05:00,75.28893868701832,75.99186282532891,75.119555873471,75.4244384765625,653900,0.0,0.0
2017-03-10 00:00:00-05:00,75.96642180846939,77.27911065618686,75.92408096707635,76.76250457763672,1106800,0.0,0.0
2017-03-13 00:00:00-04:00,76.68629780402918,77.60940968647719,76.5592623396788,77.56706237792969,816200,0.0,0.0
2017-03-14 00:00:00-04:00,76.44918319665123,77.53321386099105,76.44918319665123,76.86416625976562,656300,0.0,0.0
2017-03-15 00:00:00-04:00,77.50778063966442,78.54946370207833,77.4315632372228,78.30386352539062,723100,0.0,0.0
2017-03-16 00:00:00-04:00,78.80354926907432,78.80354926907432,77.13516578530954,77.49085998535156,560900,0.0,0.0
2017-03-17 00:00:00-04:00,77.92278487429678,78.10910274621195,77.31301964304494,77.8635025024414,1031300,0.0,0.0
2017-03-20 00:00:00-04:00,77.86348015550662,77.95663906472745,77.0758680347345,77.72797393798828,507000,0.0,0.0
2017-03-21 00:00:00-04:00,77.98204958007749,78.15142590092402,75.56840147090573,75.76318359375,683300,0.0,0.0
2017-03-22 00:00:00-04:00,75.83093017171537,76.3475363054579,75.10260042451416,76.33906555175781,1251500,0.0,0.0
2017-03-23 00:00:00-04:00,76.11042913617969,77.00813545199419,74.97558687650105,76.47459411621094,964800,0.0,0.0
2017-03-24 00:00:00-04:00,76.44070735120461,76.73711916485911,75.42442996844113,75.77165985107422,728500,0.0,0.0
2017-03-27 00:00:00-04:00,74.67069784553689,76.33061054207288,74.56060386989539,76.17816925048828,654200,0.0,0.0
2017-03-28 00:00:00-04:00,76.40681902981113,77.2452427340172,76.09346575430553,76.15274810791016,1999900,0.0,0.0
2017-03-29 00:00:00-04:00,76.18662387470621,76.24590622769855,74.78078244890544,75.07719421386719,1914500,0.0,0.0
2017-03-30 00:00:00-04:00,75.28892606620725,76.72017344832102,75.20423790427685,76.12734985351562,1259500,0.0,0.0
2017-03-31 00:00:00-04:00,75.75471622367719,76.6693639042125,75.64462225633773,76.09347534179688,959900,0.0,0.0
2017-04-03 00:00:00-04:00,76.44916586926958,76.85567808392182,75.32280106247866,76.00031280517578,893100,0.0,0.0
2017-04-04 00:00:00-04:00,76.3729610765118,77.83809168855662,76.36449032070756,77.6941146850586,1223600,0.0,0.0
2017-04-05 00:00:00-04:00,78.21072121040962,78.81201564866451,77.29607341927814,77.45698547363281,1494700,0.0,0.0
2017-04-06 00:00:00-04:00,77.44850512406387,78.09214680045953,76.82180495723513,77.5162582397461,937000,0.0,0.0
2017-04-07 00:00:00-04:00,77.42309823038522,78.43090481276045,77.08433911803876,78.10061645507812,766700,0.0,0.0
2017-04-10 00:00:00-04:00,78.08368280903085,78.66804217514306,77.95665378273975,78.17684173583984,652500,0.0,0.0
2017-04-11 00:00:00-04:00,78.12602792016126,78.37162813288063,77.2791333085606,78.15990447998047,603300,0.0,0.0
2017-04-12 00:00:00-04:00,78.60028715051345,78.60028715051345,76.6270276081468,76.73712158203125,833300,0.0,0.0
2017-04-13 00:00:00-04:00,76.6439449170744,77.27064497795291,75.3736032886146,75.50910949707031,1022800,0.0,0.0
2017-04-17 00:00:00-04:00,75.37359467395761,76.86413049015464,75.13646529755395,76.64393615722656,1805400,0.0,0.0
2017-04-18 00:00:00-04:00,75.60228352991302,77.01660252409319,73.45964107180342,75.45831298828125,2247500,0.0,0.0
2017-04-19 00:00:00-04:00,75.65308203569548,76.10193505603681,73.73909878809128,74.34039306640625,1942500,0.0,0.0
2017-04-20 00:00:00-04:00,74.69610018436485,76.48304828451478,74.69610018436485,75.79706573486328,1259600,0.0,0.0
2017-04-21 00:00:00-04:00,75.75472934454116,76.64397137596214,74.8570230181384,74.86549377441406,1173600,0.0,0.0
2017-04-24 00:00:00-04:00,75.90715583648945,76.22050914459368,75.42442620369206,75.627685546875,1111400,0.0,0.0
2017-04-25 00:00:00-04:00,76.1696903146815,76.55079023973975,75.46676635742188,75.46676635742188,1064700,0.0,0.0
2017-04-26 00:00:00-04:00,75.42443157447795,75.8732846820399,75.00945502652542,75.0263900756836,1013700,0.0,0.0
2017-04-27 00:00:00-04:00,75.14556345829979,75.46055230989629,74.54964562556833,74.83909606933594,771400,0.46,0.0
2017-04-28 00:00:00-04:00,74.71990594708687,75.10300154926074,73.86859104672348,74.09844970703125,1427100,0.0,0.0
2017-05-01 00:00:00-04:00,74.04740068683816,74.96681618814162,73.86011029925163,74.63480377197266,916500,0.0,0.0
2017-05-02 00:00:00-04:00,74.51559332283051,75.25623963561654,73.77495350506182,74.0814208984375,1232000,0.0,0.0
2017-05-03 00:00:00-04:00,73.72386297207672,74.15803535394065,72.87254814215663,72.89808654785156,1021500,0.0,0.0
2017-05-04 00:00:00-04:00,72.4724496728914,72.8044620310572,72.00423028074356,72.62568664550781,1474500,0.0,0.0
2017-05-05 00:00:00-04:00,72.78741946419223,73.6472492788067,72.78741946419223,73.55360412597656,797000,0.0,0.0
2017-05-08 00:00:00-04:00,73.63026157167654,73.81755198474805,72.88110641441108,73.3663558959961,1057400,0.0,0.0
2017-05-09 00:00:00-04:00,73.54509764072401,74.02183193191881,73.09390175869783,73.76644134521484,834100,0.0,0.0
2017-05-10 00:00:00-04:00,73.87710428002977,74.40492184407049,73.60468377810938,73.67279052734375,645700,0.0,0.0
2017-05-11 00:00:00-04:00,73.4344327048071,73.76644503062207,72.76189308468967,73.21308898925781,596000,0.0,0.0
2017-05-12 00:00:00-04:00,73.23010361302251,73.5110390841188,72.41284210212001,72.63418579101562,601000,0.0,0.0
2017-05-15 00:00:00-04:00,73.29823350296,74.43899918739241,73.02581291332258,73.74092102050781,712100,0.0,0.0
2017-05-16 00:00:00-04:00,74.0303693603314,74.89871450562111,73.48552814937375,74.57521057128906,789400,0.0,0.0
2017-05-17 00:00:00-04:00,73.70684890787604,73.74090228480601,71.39127123677815,71.40829467773438,813600,0.0,0.0
2017-05-18 00:00:00-04:00,71.37424214825623,71.87652134516514,70.94858467410388,71.33168029785156,747200,0.0,0.0
2017-05-19 00:00:00-04:00,71.83394228104675,72.94065414671195,71.69773528705126,71.87651062011719,690800,0.0,0.0
2017-05-22 00:00:00-04:00,74.88166531272509,74.88166531272509,71.96165465392488,72.55757904052734,776200,0.0,0.0
2017-05-23 00:00:00-04:00,72.96619989485444,74.328302446963,72.48946562537077,74.23465728759766,1408400,0.0,0.0
2017-05-24 00:00:00-04:00,74.52412667844096,75.30733503312871,74.20062926977053,74.56668853759766,1123200,0.0,0.0
2017-05-25 00:00:00-04:00,74.77950400129572,75.10300784737377,73.7579286331976,74.32830810546875,652700,0.0,0.0
2017-05-26 00:00:00-04:00,74.06439774728355,74.3368182608062,73.54509512853454,74.15804290771484,532600,0.0,0.0
2017-05-30 00:00:00-04:00,74.14953189313678,74.3453371922097,73.51956063984525,73.68131256103516,942900,0.0,0.0
2017-05-31 00:00:00-04:00,73.5791524273861,74.04737825450545,72.40434011800174,73.68131256103516,1499900,0.0,0.0
2017-06-01 00:00:00-04:00,74.06440001985364,75.57973957875818,74.06440001985364,74.71990966796875,1411000,0.0,0.0
2017-06-02 00:00:00-04:00,74.67734754551816,75.034898261368,74.14101497672587,74.94976806640625,962600,0.0,0.0
2017-06-05 00:00:00-04:00,75.01788854601094,75.17112552298605,73.64727072279432,73.9281997680664,2155600,0.0,0.0
2017-06-06 00:00:00-04:00,73.71536834894107,75.46056682991912,73.00878178131825,74.91572570800781,796100,0.0,0.0
2017-06-07 00:00:00-04:00,74.82208838626846,75.38395950567394,74.54966779671346,75.13707733154297,807500,0.0,0.0
2017-06-08 00:00:00-04:00,74.95830109594789,75.73299450028838,74.77951919992712,75.0689697265625,785200,0.0,0.0
2017-06-09 00:00:00-04:00,75.31584129990267,76.78010418208517,75.24773453909926,76.72051239013672,785700,0.0,0.0
2017-06-12 00:00:00-04:00,76.60983873395095,77.41007695103225,75.83514542391936,76.1841812133789,699900,0.0,0.0
2017-06-13 00:00:00-04:00,76.3289288821865,77.32496617174837,76.29487549258354,77.24834442138672,687600,0.0,0.0
2017-06-14 00:00:00-04:00,77.46966642074213,77.46966642074213,76.15012554853543,76.65240478515625,485800,0.0,0.0
2017-06-15 00:00:00-04:00,76.11606603907106,77.2227714788006,75.84363904404184,76.69495391845703,929100,0.0,0.0
2017-06-16 00:00:00-04:00,76.7034768015064,77.14616421909663,75.97134541435295,77.06102752685547,813200,0.0,0.0
2017-06-19 00:00:00-04:00,79.1637836983097,82.55202041306282,78.91690155747182,81.4112548828125,2143500,0.0,0.0
2017-06-20 00:00:00-04:00,81.0026034531549,81.49636758946181,79.82778488780285,80.31303405761719,1122400,0.0,0.0
2017-06-21 00:00:00-04:00,80.50885687883473,80.72168562246019,80.04063104485161,80.44075012207031,1190100,0.0,0.0
2017-06-22 00:00:00-04:00,80.6025026230422,80.86640818862259,79.71713426381568,79.85334777832031,904800,0.0,0.0
2017-06-23 00:00:00-04:00,80.15982680976612,80.28751886899602,79.2063516324005,79.64903259277344,2331500,0.0,0.0
2017-06-26 00:00:00-04:00,80.0406350184733,80.41521570425586,79.43620213597204,79.81929779052734,533400,0.0,0.0
2017-06-27 00:00:00-04:00,80.62803758494125,80.62803758494125,78.71257896051118,79.00202941894531,767300,0.0,0.0
2017-06-28 00:00:00-04:00,79.64903741330745,80.06618648209947,79.15527959935923,79.52985382080078,1045900,0.0,0.0
2017-06-29 00:00:00-04:00,79.8193043065428,80.3386070287642,79.15527957846133,79.67457580566406,598900,0.0,0.0
2017-06-30 00:00:00-04:00,80.13426780664143,81.19841141315433,79.81928545592457,80.82383728027344,817100,0.0,0.0
2017-07-03 00:00:00-04:00,81.47084972752252,82.22001114709788,81.34315766283903,81.8965072631836,491600,0.0,0.0
2017-07-05 00:00:00-04:00,81.80284534245484,81.96459725130485,80.38966599071712,80.80680847167969,651600,0.0,0.0
2017-07-06 00:00:00-04:00,80.6876423831025,81.33464366362956,80.6876423831025,80.93452453613281,672400,0.0,0.0
2017-07-07 00:00:00-04:00,80.93452162221394,82.21149419845273,80.44075733393052,81.84542846679688,579600,0.0,0.0
2017-07-10 00:00:00-04:00,81.33464775506351,82.0327258971891,81.13884241866607,81.85395050048828,612400,0.0,0.0
2017-07-11 00:00:00-04:00,82.04972020163284,82.72225969037778,81.78581468523271,82.05823516845703,1129200,0.0,0.0
2017-07-12 00:00:00-04:00,82.60310549824166,83.29266867074078,82.36473830256388,83.25010681152344,595000,0.0,0.0
2017-07-13 00:00:00-04:00,83.19901416943797,83.6416950922712,82.66268158608078,83.25860595703125,602900,0.0,0.0
2017-07-14 00:00:00-04:00,83.35225701377612,84.31424065149308,83.28415025313647,84.00776672363281,647000,0.0,0.0
2017-07-17 00:00:00-04:00,84.19507939032488,84.3823697842307,83.71833843446828,84.16102600097656,777800,0.0,0.0
2017-07-18 00:00:00-04:00,84.5270659907053,85.1059604427075,83.88857974930659,84.18653869628906,876000,0.0,0.0
2017-07-19 00:00:00-04:00,84.58664735295159,85.04635816949141,84.02477641217499,84.95271301269531,846100,0.0,0.0
2017-07-20 00:00:00-04:00,84.96124535260523,84.96124535260523,83.4544140633344,83.68427276611328,839200,0.0,0.0
2017-07-21 00:00:00-04:00,83.55656205463696,84.16099487825574,82.71376208874794,83.13941955566406,733500,0.0,0.0
2017-07-24 00:00:00-04:00,83.13941870988978,83.76938993591206,82.55200933311563,83.21603393554688,768500,0.0,0.0
2017-07-25 00:00:00-04:00,81.9390640258789,83.20752148414212,80.87492033723113,81.9390640258789,1345200,0.0,0.0
2017-07-26 00:00:00-04:00,82.07594604885989,82.6148543179256,77.97001402331561,81.04090881347656,2427500,0.46,0.0
2017-07-27 00:00:00-04:00,81.06654274196741,81.06654274196741,79.50116014809466,79.86042785644531,585700,0.0,0.0
2017-07-28 00:00:00-04:00,79.80909982839152,81.17774327715505,79.26164244888612,80.90401458740234,1291500,0.0,0.0
2017-07-31 00:00:00-04:00,81.30608970838964,82.49509982349528,81.1178999302504,82.2641372680664,1357400,0.0,0.0
2017-08-01 00:00:00-04:00,82.52928195806103,82.79445479211292,81.74230626058575,82.2213363647461,964400,0.0,0.0
2017-08-02 00:00:00-04:00,81.95616614288016,83.24782660740867,81.862071282975,82.81156921386719,795100,0.0,0.0
2017-08-03 00:00:00-04:00,82.80303615161141,83.38471061522141,82.54641256940953,82.82869720458984,1009300,0.0,0.0
2017-08-04 00:00:00-04:00,83.06817529258564,83.76960540237255,82.96552459619994,83.52153778076172,637800,0.0,0.0
2017-08-07 00:00:00-04:00,83.60709933018569,84.99285473748006,83.60709933018569,84.49671936035156,829600,0.0,0.0
2017-08-08 00:00:00-04:00,84.52237832846245,84.77900186926692,83.83805976333011,84.24864959716797,834900,0.0,0.0
2017-08-09 00:00:00-04:00,84.03477582763533,84.85596179681934,83.41888471919583,83.5643081665039,999200,0.0,0.0
2017-08-10 00:00:00-04:00,83.07674696120449,83.36758086701047,81.93050347511608,82.23844909667969,1043000,0.0,0.0
2017-08-11 00:00:00-04:00,81.48571165647736,83.11097906160742,81.48571165647736,82.72604370117188,784500,0.0,0.0
2017-08-14 00:00:00-04:00,83.08531751098123,83.8637376215599,83.08531751098123,83.48735809326172,593100,0.0,0.0
2017-08-15 00:00:00-04:00,83.7781839098246,84.60792598288037,83.48734345453335,83.8124008178711,818900,0.0,0.0
2017-08-16 00:00:00-04:00,84.2144231275927,84.43682973595553,83.62419949269358,83.96636199951172,788900,0.0,0.0
2017-08-17 00:00:00-04:00,83.70975589332016,84.13745748422157,82.57206809523241,82.6233901977539,521500,0.0,0.0
2017-08-18 00:00:00-04:00,82.63194512249757,82.64050098155718,81.53703010636474,81.92195892333984,1105600,0.0,0.0
2017-08-21 00:00:00-04:00,81.99894808231998,82.8629071080291,81.99894808231998,82.70037841796875,526500,0.0,0.0
2017-08-22 00:00:00-04:00,82.97411395041036,83.4274766216161,82.700385175746,83.31627655029297,476800,0.0,0.0
2017-08-23 00:00:00-04:00,82.94844920956987,83.88083556343159,82.64050353598783,83.84661865234375,652500,0.0,0.0
2017-08-24 00:00:00-04:00,84.08612692226522,84.56515056749623,83.2906017821736,84.35985565185547,625700,0.0,0.0
2017-08-25 00:00:00-04:00,84.5223957454567,84.54805679958342,83.81241598518444,83.82952117919922,916800,0.0,0.0
2017-08-28 00:00:00-04:00,84.02625448246391,84.11179349241208,82.8286887645652,83.444580078125,508000,0.0,0.0
2017-08-29 00:00:00-04:00,82.93134419040598,83.2649509427017,82.49509322276329,83.14519500732422,405100,0.0,0.0
2017-08-30 00:00:00-04:00,82.87998486650582,82.87998486650582,80.73292180142023,81.04942321777344,1597300,0.0,0.0
2017-08-31 00:00:00-04:00,81.52847982561462,83.11953035673496,81.2718627721425,82.99121856689453,848500,0.0,0.0
2017-09-01 00:00:00-04:00,83.34191645520606,84.07756357411034,82.82012009118773,83.87226867675781,506800,0.0,0.0
2017-09-05 00:00:00-04:00,83.89795283093011,84.45396625201626,82.61484794821233,82.73460388183594,759200,0.0,0.0
2017-09-06 00:00:00-04:00,83.0254255531173,83.2136152855563,82.12725618403289,83.01687622070312,1154700,0.0,0.0
2017-09-07 00:00:00-04:00,83.17083953765967,83.51299552893758,82.80301597344945,82.94843292236328,535300,0.0,0.0
2017-09-08 00:00:00-04:00,82.84579384137888,82.90567180088051,82.1700245691701,82.79447174072266,502200,0.0,0.0
2017-09-11 00:00:00-04:00,83.47880051844132,84.27432580659747,83.08531580430726,84.05192565917969,886200,0.0,0.0
2017-09-12 00:00:00-04:00,84.50528159691217,85.4205627456293,84.28287494103267,84.75334930419922,731000,0.0,0.0
2017-09-13 00:00:00-04:00,85.02706197772105,85.12115683255377,84.38550970906552,84.91585540771484,735200,0.0,0.0
2017-09-14 00:00:00-04:00,84.74479190759234,85.89958488344149,84.49672420480563,85.51465606689453,779000,0.0,0.0
2017-09-15 00:00:00-04:00,85.36923315221055,86.19896868848733,85.02707060231278,85.61729431152344,1482400,0.0,0.0
2017-09-18 00:00:00-04:00,85.78835562142552,87.04579889926364,85.48041006251798,86.88327026367188,902600,0.0,0.0
2017-09-19 00:00:00-04:00,87.01161860317882,87.85846598330589,86.66945600199138,87.64461517333984,680900,0.0,0.0
2017-09-20 00:00:00-04:00,88.17494401332141,89.60346547658685,88.03807639886847,88.91059112548828,756300,0.0,0.0
2017-09-21 00:00:00-04:00,88.64542604473323,89.05602242807798,88.31181933848165,88.87638854980469,458000,0.0,0.0
2017-09-22 00:00:00-04:00,88.73095844676654,89.43238866457386,88.59409083050795,89.12444305419922,355800,0.0,0.0
2017-09-25 00:00:00-04:00,89.04746217821669,89.04746217821669,87.73014060962963,88.20061492919922,821200,0.0,0.0
2017-09-26 00:00:00-04:00,88.3460403685484,88.76518610407065,88.00387778750213,88.25194549560547,355600,0.0,0.0
2017-09-27 00:00:00-04:00,88.5598874636728,89.45806338559485,87.82424022935007,89.23565673828125,574700,0.0,0.0
2017-09-28 00:00:00-04:00,89.03891105259575,89.38962947786393,88.38025349639571,89.25276184082031,560200,0.0,0.0
2017-09-29 00:00:00-04:00,89.15009723222491,89.44948696196545,88.5085450144066,89.19286346435547,664800,0.0,0.0
2017-10-02 00:00:00-04:00,89.57783745558916,90.74973583690918,89.05604090397607,90.18517303466797,1003600,0.0,0.0
2017-10-03 00:00:00-04:00,90.28780372439901,91.73343058816465,90.24503095706412,91.62223052978516,754600,0.0,0.0
2017-10-04 00:00:00-04:00,91.63078978587153,92.5118540054901,91.30573240497347,91.59657287597656,1303900,0.0,0.0
2017-10-05 00:00:00-04:00,91.99862059524051,92.63161716221838,91.77621392665577,92.57173919677734,701300,0.0,0.0
2017-10-06 00:00:00-04:00,91.9301728363587,92.42630820407645,91.84463383100923,92.31510162353516,535900,0.0,0.0
2017-10-09 00:00:00-04:00,92.39209177558615,93.31592217483966,91.79330568262071,91.99005126953125,873700,0.0,0.0
2017-10-10 00:00:00-04:00,92.1782436537339,92.47763344573839,91.33138985122521,91.44259643554688,890300,0.0,0.0
2017-10-11 00:00:00-04:00,91.60509590349388,91.72485831683944,90.28778114496289,91.1517333984375,904100,0.0,0.0
2017-10-12 00:00:00-04:00,91.11754503547793,92.35788357817599,90.7582772615413,91.55380249023438,752900,0.0,0.0
2017-10-13 00:00:00-04:00,92.18678235742065,92.36642273811948,91.79329774383807,91.8275146484375,531300,0.0,0.0
2017-10-16 00:00:00-04:00,92.4690811464312,93.33304017336422,91.2458543552636,91.61367797851562,1199600,0.0,0.0
2017-10-17 00:00:00-04:00,91.6136553992128,92.45195316869298,87.14845091900433,89.19286346435547,1749900,0.0,0.0
2017-10-18 00:00:00-04:00,89.61203413437389,89.61203413437389,87.95254996622741,88.98758697509766,1054500,0.0,0.0
2017-10-19 00:00:00-04:00,88.25193465214636,90.06539154052734,88.14929045879019,90.06539154052734,872500,0.0,0.0
2017-10-20 00:00:00-04:00,90.07397982185788,90.61288160958435,89.92855628524377,90.33059692382812,490100,0.0,0.0
2017-10-23 00:00:00-04:00,90.36478618202374,90.51875900655881,89.93708461678273,89.9627456665039,616400,0.0,0.0
2017-10-24 00:00:00-04:00,90.34769275026444,90.84382167060025,89.76601828477978,90.45889282226562,644600,0.0,0.0
2017-10-25 00:00:00-04:00,90.29634982667847,90.43321745628748,88.80795024882327,89.35540771484375,619700,0.0,0.0
2017-10-26 00:00:00-04:00,89.83442166206865,91.14319375555095,89.83442166206865,90.71549224853516,814300,0.0,0.0
2017-10-27 00:00:00-04:00,90.63818226168294,90.9474694743404,89.86496423003929,90.23439025878906,763800,0.46,0.0
2017-10-30 00:00:00-04:00,89.9337020119397,90.24298924465928,89.28076157012725,90.07115936279297,747100,0.0,0.0
2017-10-31 00:00:00-04:00,89.92511672748637,90.0711672238396,89.4182332796815,89.61582946777344,492000,0.0,0.0
2017-11-01 00:00:00-04:00,90.29453063049957,90.9388779088637,89.90792488533687,90.51790618896484,843300,0.0,0.0
2017-11-02 00:00:00-04:00,90.63816407336081,91.99559028378114,90.44915453081646,91.72925567626953,931400,0.0,0.0
2017-11-03 00:00:00-04:00,91.47153559225924,92.21897419857565,90.87873403168628,91.17942810058594,483000,0.0,0.0
2017-11-06 00:00:00-05:00,91.14506984762625,91.37703854516705,90.67255242923068,91.32549285888672,702100,0.0,0.0
2017-11-07 00:00:00-05:00,91.33407091966187,92.19320056896245,91.25675239745155,91.80659484863281,548800,0.0,0.0
2017-11-08 00:00:00-05:00,91.79801517209623,91.91829281625684,91.11930186310995,91.30831146240234,424400,0.0,0.0
2017-11-09 00:00:00-05:00,90.61242178807316,90.84438395190875,89.85638336298477,90.14849090576172,295600,0.0,0.0
2017-11-10 00:00:00-05:00,90.13988025065542,90.89591852878218,90.13129367359596,90.82718658447266,805700,0.0,0.0
2017-11-13 00:00:00-05:00,90.09692896129121,91.1450616307923,89.89932625729797,90.89591979980469,431800,0.0,0.0
2017-11-14 00:00:00-05:00,90.78421759264754,90.9044952047694,89.92508804626956,90.11409759521484,548000,0.0,0.0
2017-11-15 00:00:00-05:00,89.83059114362494,89.83059114362494,88.37007340865294,88.60203552246094,858400,0.0,0.0
2017-11-16 00:00:00-05:00,88.61921945355854,90.04537117957946,88.59344661432904,89.54708099365234,499800,0.0,0.0
2017-11-17 00:00:00-05:00,89.58144420196602,90.08833409528039,89.18624535622612,89.9422836303711,409700,0.0,0.0
2017-11-20 00:00:00-05:00,89.80482461389722,91.09351913694286,89.7704586400593,90.86155700683594,428900,0.0,0.0
2017-11-21 00:00:00-05:00,91.45436475756664,92.1932169113066,91.11071808064219,91.99562072753906,461000,0.0,0.0
2017-11-22 00:00:00-05:00,92.2189759366426,92.2189759366426,90.68972616772596,91.00760650634766,363000,0.0,0.0
2017-11-24 00:00:00-05:00,91.2481670792803,92.04715798373334,91.10211659950619,91.68632507324219,171000,0.0,0.0
2017-11-27 00:00:00-05:00,91.49731600004628,92.36503886032234,91.3340792542986,91.78083038330078,434700,0.0,0.0
2017-11-28 00:00:00-05:00,91.82375809462009,92.99217473255618,91.65193481742155,92.52824401855469,509100,0.0,0.0
2017-11-29 00:00:00-05:00,92.71725647610174,92.79458154152272,91.37701651876036,91.82376098632812,512500,0.0,0.0
2017-11-30 00:00:00-05:00,91.79800422201959,92.85473660353887,91.2137957823665,92.13306427001953,502000,0.0,0.0
2017-12-01 00:00:00-05:00,92.61419588949023,92.61419588949023,90.40623254594468,91.48873138427734,429500,0.0,0.0
2017-12-04 00:00:00-05:00,92.62278230283258,92.82038504228727,91.54887004515336,91.75506591796875,446500,0.0,0.0
2017-12-05 00:00:00-05:00,91.84956814101436,92.14166912067084,90.81860846981722,90.94747924804688,628000,0.0,0.0
2017-12-06 00:00:00-05:00,91.05056925514997,91.14506749267576,90.40622197473544,90.7326889038086,1107400,0.0,0.0
2017-12-07 00:00:00-05:00,90.68114593331299,91.18802932951854,90.41481125894767,90.93888092041016,662500,0.0,0.0
2017-12-08 00:00:00-05:00,91.14506495582198,91.79800535043437,90.59522248287658,91.53167724609375,780700,0.0,0.0
2017-12-11 00:00:00-05:00,91.33407910278092,91.89251473578742,90.68114523015268,90.77565002441406,323300,0.0,0.0
2017-12-12 00:00:00-05:00,90.77564994513368,92.37362520434057,90.59522693469069,91.90110778808594,734200,0.0,0.0
2017-12-13 00:00:00-05:00,92.1244825326962,93.26712007595528,91.77223620213694,93.05233764648438,780400,0.0,0.0
2017-12-14 00:00:00-05:00,93.0952936347604,93.45612653106707,90.42339977730222,90.83578491210938,953400,0.0,0.0
2017-12-15 00:00:00-05:00,90.98183477314836,91.78082564080952,90.62100187927281,91.53167724609375,689300,0.0,0.0
2017-12-18 00:00:00-05:00,92.44237323229261,94.0317621899979,92.18463820259598,93.21559143066406,655200,0.0,0.0
2017-12-19 00:00:00-05:00,93.24994755672925,94.24653469791471,92.76024384195706,92.76883697509766,610100,0.0,0.0
2017-12-20 00:00:00-05:00,93.37019659797973,93.44751510863809,92.51106707703941,92.5454330444336,434700,0.0,0.0
2017-12-21 00:00:00-05:00,92.63993687306788,92.98358998887336,91.40278827802334,91.44574737548828,539700,0.0,0.0
2017-12-22 00:00:00-05:00,91.36844050878082,91.73786653478844,90.82719116796751,91.53167724609375,233900,0.0,0.0
2017-12-26 00:00:00-05:00,91.60039094986884,91.87531213158563,91.14504680250973,91.44574737548828,161800,0.0,0.0
2017-12-27 00:00:00-05:00,91.75503836831591,92.15882375006804,91.32547359422199,91.84095001220703,210200,0.0,0.0
2017-12-28 00:00:00-05:00,92.09009778351405,93.11245748221765,91.47152346400097,92.99217987060547,528600,0.0,0.0
2017-12-29 00:00:00-05:00,93.09530582483384,93.5334638589448,91.90111592499278,91.99562072753906,402300,0.0,0.0
2018-01-02 00:00:00-05:00,92.27053034539715,92.37362171359494,91.1021134384666,91.72068786621094,669000,0.0,0.0
2018-01-03 00:00:00-05:00,91.99559317827358,92.21037556435212,91.58320811296196,92.08150482177734,558200,0.0,0.0
2018-01-04 00:00:00-05:00,92.72586584169906,92.74304555111273,92.04715261367274,92.13306427001953,671700,0.0,0.0
2018-01-05 00:00:00-05:00,92.76880848241645,93.14682101417982,92.32205746128056,93.00077056884766,482600,0.0,0.0
2018-01-08 00:00:00-05:00,93.18979431622455,93.86850752724247,93.08669639840846,93.41316986083984,456300,0.0,0.0
2018-01-09 00:00:00-05:00,93.96301970071802,93.96301970071802,93.13825595726283,93.19839477539062,368400,0.0,0.0
2018-01-10 00:00:00-05:00,93.03513525419662,93.34442240160165,91.81517292534234,92.93203735351562,434000,0.0,0.0
2018-01-11 00:00:00-05:00,93.17261428591698,95.77578280915442,93.17261428591698,95.5953598022461,552000,0.0,0.0
2018-01-12 00:00:00-05:00,95.79296622427049,96.60055027916162,95.32044224435765,95.65550231933594,452600,0.0,0.0
2018-01-16 00:00:00-05:00,95.9991548212799,96.10225274922287,93.54204325307647,94.22075653076172,675200,0.0,0.0
2018-01-17 00:00:00-05:00,94.87368931132511,95.7585918188684,94.5128564245939,95.1572036743164,469900,0.0,0.0
2018-01-18 00:00:00-05:00,94.81356005371387,95.64691696276309,94.25512440340503,95.38917541503906,668500,0.0,0.0
2018-01-19 00:00:00-05:00,95.67268834401165,97.36517498008061,95.2001643652879,97.04729461669922,699500,0.0,0.0
2018-01-22 00:00:00-05:00,96.81532502471399,96.86687070765035,94.95100865129814,95.46649169921875,690600,0.0,0.0
2018-01-23 00:00:00-05:00,95.12283856999741,95.36339383001554,93.53344998375833,94.86509704589844,670900,0.0,0.0
2018-01-24 00:00:00-05:00,95.04551713939247,95.75000323704809,94.13484174732629,94.59017944335938,689900,0.0,0.0
2018-01-25 00:00:00-05:00,95.20016570709409,96.961384320281,94.53863868219665,96.51463317871094,1256700,0.0,0.0
2018-01-26 00:00:00-05:00,96.96996366255354,97.94077778443096,94.7791804849936,95.67267608642578,1319400,0.0,0.0
2018-01-29 00:00:00-05:00,95.9218342692123,96.23112149188157,94.80496301461335,95.44931030273438,941900,0.0,0.0
2018-01-30 00:00:00-05:00,94.96819384491222,95.53521601473864,93.49908290603209,94.34102630615234,803400,0.0,0.0
2018-01-31 00:00:00-05:00,95.07127813679541,95.15718977995287,92.48529638353527,92.92345428466797,865900,0.0,0.0
2018-02-01 00:00:00-05:00,92.36502072271142,93.22415028170512,91.34265445002464,91.76362609863281,507500,0.0,0.0
2018-02-02 00:00:00-05:00,91.0677379036813,91.54884838380129,89.94228022141264,90.28592681884766,862600,0.0,0.0
2018-02-05 00:00:00-05:00,90.07114780180535,91.3082965738908,86.359708040188,86.48857879638672,939500,0.0,0.0
2018-02-06 00:00:00-05:00,85.39748887141677,89.45258188480196,84.1947060455525,88.71372985839844,1415200,0.0,0.0
2018-02-07 00:00:00-05:00,88.47317747084793,89.74468572866782,87.48517702635212,87.52812957763672,472300,0.0,0.0
2018-02-08 00:00:00-05:00,87.36489472823385,87.55390429677907,83.95414902668333,83.97132873535156,634500,0.0,0.0
2018-02-09 00:00:00-05:00,85.2514252701204,86.55729925826388,82.80290089106451,86.09336853027344,1080800,0.0,0.0
2018-02-12 00:00:00-05:00,87.11573705026875,88.16387614242306,86.01605228297184,86.80644989013672,584100,0.0,0.0
2018-02-13 00:00:00-05:00,86.78068520653028,87.26179569876854,85.98169439355524,86.90096282958984,494500,0.0,0.0
2018-02-14 00:00:00-05:00,86.14493597613675,88.91992791491421,85.78410305916078,88.30135345458984,748800,0.0,0.0
2018-02-15 00:00:00-05:00,89.01441126223139,89.01441126223139,87.39925010305953,88.58484649658203,531800,0.0,0.0
2018-02-16 00:00:00-05:00,88.42954353243638,89.19759504832588,87.59245205053102,88.4468002319336,363600,0.46,0.0
2018-02-20 00:00:00-05:00,88.11022678183053,88.69705324604384,87.66148023108514,88.35186004638672,589600,0.0,0.0
2018-02-21 00:00:00-05:00,88.62799822743024,89.73261759541109,88.27418003132048,88.3949966430664,400300,0.0,0.0
2018-02-22 00:00:00-05:00,88.92140366712341,89.51686159684418,88.17060917243248,88.48991394042969,543800,0.0,0.0
2018-02-23 00:00:00-05:00,89.1112670533216,89.87068666046108,88.54169740995856,89.70671844482422,317600,0.0,0.0
2018-02-26 00:00:00-05:00,89.75850833063747,90.03466153401939,88.43815062121728,89.68946838378906,443500,0.0,0.0
2018-02-27 00:00:00-05:00,89.73264725559906,90.11235391058936,88.74021911621094,88.74021911621094,439700,0.0,0.0
2018-02-28 00:00:00-05:00,88.80058659257003,89.77575099940702,87.02284445102993,87.04010772705078,510800,0.0,0.0
2018-03-01 00:00:00-05:00,87.20409904527789,89.93111140250075,87.02286751907133,89.1285400390625,1235200,0.0,0.0
2018-03-02 00:00:00-05:00,88.42089199858374,90.57834107111607,88.08433046998965,90.2935562133789,858700,0.0,0.0
2018-03-05 00:00:00-05:00,89.77576026631844,91.88143244549099,89.3183821647139,91.66568756103516,664200,0.0,0.0
2018-03-06 00:00:00-05:00,91.81239098177569,93.5901266933666,90.66462663531634,92.73577880859375,723400,0.0,0.0
2018-03-07 00:00:00-05:00,91.85553834601056,93.0809676326232,91.68293849887507,92.6408462524414,496600,0.0,0.0
2018-03-08 00:00:00-05:00,93.14139081481719,93.14139081481719,91.35502326161587,92.13170623779297,585900,0.0,0.0
2018-03-09 00:00:00-05:00,92.96878680384178,93.85765465807735,92.56318537505206,93.67642974853516,584800,0.0,0.0
2018-03-12 00:00:00-04:00,93.83177388779671,94.21148043095718,92.79619442751199,92.865234375,490600,0.0,0.0
2018-03-13 00:00:00-04:00,93.39167634619001,94.28054449947055,92.73580984527861,93.05511474609375,795300,0.0,0.0
2018-03-14 00:00:00-04:00,93.28808703830471,93.46931195178091,91.07022988193691,91.53623962402344,406700,0.0,0.0
2018-03-15 00:00:00-04:00,91.62255020652456,92.20937664691198,91.1824353142433,91.24284362792969,448000,0.0,0.0
2018-03-16 00:00:00-04:00,91.24285517958295,92.38198822761042,90.69054206222386,92.1058349609375,670700,0.0,0.0
2018-03-19 00:00:00-04:00,91.56213984597906,91.7951480392837,90.88038513018037,91.22557830810547,593600,0.0,0.0
2018-03-20 00:00:00-04:00,87.93764221691475,89.51689681814965,86.41016429637173,87.5406723022461,1901300,0.0,0.0
2018-03-21 00:00:00-04:00,87.8426997528562,90.66464032389625,87.4457299021785,89.81892395019531,1131300,0.0,0.0
2018-03-22 00:00:00-04:00,88.51580453859795,89.57727219042683,86.27205921910206,86.6258773803711,846000,0.0,0.0
2018-03-23 00:00:00-04:00,86.9365672291581,87.24724042677609,83.26890375329056,83.46739196777344,900500,0.0,0.0
2018-03-26 00:00:00-04:00,85.16747195113507,85.77155513059078,83.57095417797824,84.97761535644531,1072200,0.0,0.0
2018-03-27 00:00:00-04:00,85.40045556746412,86.35836339568944,84.58062762770908,85.21923065185547,1036000,0.0,0.0
2018-03-28 00:00:00-04:00,85.95276127141211,87.7046086924088,85.50401480546678,86.07357788085938,1303300,0.0,0.0
2018-03-29 00:00:00-04:00,86.73806822709787,87.51475106559158,86.34109846164793,86.47917175292969,1437300,0.0,0.0
2018-04-02 00:00:00-04:00,86.31521676086386,86.39288834860926,84.06284606043697,85.05526733398438,995900,0.0,0.0
2018-04-03 00:00:00-04:00,85.06388715806507,85.59893680639853,83.66585802894207,84.77047729492188,1158200,0.0,0.0
2018-04-04 00:00:00-04:00,83.27752611881002,85.36593503820707,82.37139496266917,85.30552673339844,1048600,0.0,0.0
2018-04-05 00:00:00-04:00,85.87511130456953,88.60212371745124,85.87511130456953,88.29145050048828,1065500,0.0,0.0
2018-04-06 00:00:00-04:00,87.48023661220734,88.4467694641499,85.19333955957394,86.22891235351562,1511900,0.0,0.0
2018-04-09 00:00:00-04:00,86.91067899145656,88.0066668242938,86.3238525712949,87.13505554199219,647500,0.0,0.0
2018-04-10 00:00:00-04:00,88.57620995397193,90.58695364656643,88.00664694237632,90.11231231689453,843600,0.0,0.0
2018-04-11 00:00:00-04:00,89.19757143878377,89.8706944692371,88.20514358803334,88.93867492675781,745600,0.0,0.0
2018-04-12 00:00:00-04:00,89.3356378541031,90.54381051027451,88.9300430064558,90.06917572021484,750300,0.0,0.0
2018-04-13 00:00:00-04:00,90.54381444127219,90.57833441397707,89.26660837124925,89.88795471191406,801300,0.0,0.0
2018-04-16 00:00:00-04:00,90.6991470113337,92.25251279423073,90.27628888643832,91.8382797241211,1204000,0.0,0.0
2018-04-17 00:00:00-04:00,96.71412924571858,97.70655716139174,94.1942302444011,95.25569152832031,1825900,0.0,0.0
2018-04-18 00:00:00-04:00,95.54910471700966,97.65477709971634,95.5059531023429,96.16181945800781,1398800,0.0,0.0
2018-04-19 00:00:00-04:00,96.26537746885813,96.5933073481647,95.20390965887309,95.95470428466797,960000,0.0,0.0
2018-04-20 00:00:00-04:00,95.9633389511316,96.74865362982192,95.48007243132989,96.39482879638672,867700,0.0,0.0
2018-04-23 00:00:00-04:00,96.8004262591179,97.48218097621222,95.95470988480704,96.34304809570312,666100,0.0,0.0
2018-04-24 00:00:00-04:00,96.45522755874599,97.1283571812499,92.88249252058688,94.37545013427734,1000000,0.0,0.0
2018-04-25 00:00:00-04:00,94.15971171137463,95.15213964225785,93.39166033676355,94.54804992675781,640000,0.0,0.0
2018-04-26 00:00:00-04:00,94.53078871250477,95.93744312803324,94.25463549644975,95.79936981201172,587000,0.0,0.0
2018-04-27 00:00:00-04:00,95.91208145537692,96.12020708807633,94.18635957618042,94.77605438232422,977500,0.54,0.0
2018-04-30 00:00:00-04:00,95.06227615908149,95.31376444979043,94.09101172077777,94.23843383789062,793400,0.0,0.0
2018-05-01 00:00:00-04:00,93.61402335367654,94.09098490983607,89.56421019936138,91.42001342773438,1590700,0.0,0.0
2018-05-02 00:00:00-04:00,91.94033888688274,93.8308309938213,91.94033888688274,92.85957336425781,1132600,0.0,0.0
2018-05-03 00:00:00-04:00,92.67745362145102,93.37988189169322,91.18587198709336,92.19181823730469,903100,0.0,0.0
2018-05-04 00:00:00-04:00,91.54143468896861,94.45522100519756,91.47206386520837,94.01295471191406,718700,0.0,0.0
2018-05-07 00:00:00-04:00,94.151686268037,95.04489914634046,93.77879086468553,94.12567138671875,892500,0.0,0.0
2018-05-08 00:00:00-04:00,93.97826524286293,95.30507734453148,93.70076210144335,94.27310943603516,726800,0.0,0.0
2018-05-09 00:00:00-04:00,94.79342110870871,95.60858943056027,94.35982206367217,94.68936157226562,957100,0.0,0.0
2018-05-10 00:00:00-04:00,94.7934259925837,95.65195690965005,94.7934259925837,95.04491424560547,503700,0.0,0.0
2018-05-11 00:00:00-04:00,94.81943964472197,95.39179358198828,93.62270861616054,93.70075988769531,923100,0.0,0.0
2018-05-14 00:00:00-04:00,94.16038060944916,94.70671308471513,93.13708648547689,93.83084106445312,1001300,0.0,0.0
2018-05-15 00:00:00-04:00,93.09368899833319,94.11698273833687,92.12243162897012,93.8741683959961,755000,0.0,0.0
2018-05-16 00:00:00-04:00,94.09967899751706,97.21291737505992,94.09967899751706,96.3543930053711,1175500,0.0,0.0
2018-05-17 00:00:00-04:00,98.20150324010267,99.36355204280055,97.12617953351645,98.77385711669922,1916100,0.0,0.0
2018-05-18 00:00:00-04:00,98.8605839339411,100.14404003999941,98.51370336882833,98.9212875366211,866200,0.0,0.0
2018-05-21 00:00:00-04:00,99.38091424931343,100.20475652438894,99.25950702834606,99.5370101928711,574300,0.0,0.0
2018-05-22 00:00:00-04:00,100.3434973377993,100.88982979153147,98.60042720037262,98.75652313232422,893000,0.0,0.0
2018-05-23 00:00:00-04:00,97.89798912987196,98.78253486215726,97.4557162637293,98.7218246459961,810800,0.0,0.0
2018-05-24 00:00:00-04:00,98.7391517911674,99.56298713607168,98.61774461646982,98.7478256225586,555600,0.0,0.0
2018-05-25 00:00:00-04:00,98.11480352167735,99.61505931426234,97.97605525051993,99.23348999023438,715800,0.0,0.0
2018-05-29 00:00:00-04:00,98.4096375861565,99.90988650699262,98.24486783953903,98.94729614257812,945700,0.0,0.0
2018-05-30 00:00:00-04:00,99.43292849080264,100.17004548709751,99.13807772256717,99.68441009521484,763700,0.0,0.0
2018-05-31 00:00:00-04:00,99.51096988983592,100.07464990961878,97.85461854421813,97.92399597167969,1770500,0.0,0.0
2018-06-01 00:00:00-04:00,98.96464593896307,100.3868502417187,98.85190595571538,99.89254760742188,773200,0.0,0.0
2018-06-04 00:00:00-04:00,100.10933940752722,100.53426457571547,99.59768914623484,100.03128814697266,844300,0.0,0.0
2018-06-05 00:00:00-04:00,99.86652908253525,100.42153529672974,99.23347160461556,99.7017593383789,1292100,0.0,0.0
2018-06-06 00:00:00-04:00,100.31746059787586,102.33803343901674,99.8144841915824,102.3033447265625,1294800,0.0,0.0
2018-06-07 00:00:00-04:00,102.07787697941284,102.67624572359078,101.0025532993764,101.4881820678711,739900,0.0,0.0
2018-06-08 00:00:00-04:00,101.21937988477104,101.77438623046457,100.638358650404,101.55758666992188,584100,0.0,0.0
2018-06-11 00:00:00-04:00,101.55756848343957,101.97381986007048,101.20201409204583,101.51420593261719,433900,0.0,0.0
2018-06-12 00:00:00-04:00,101.38411006909566,101.89575365636254,100.30877990514688,100.6209716796875,774200,0.0,0.0
2018-06-13 00:00:00-04:00,100.82912493436325,101.80906306797579,100.15271144303229,100.30880737304688,1257600,0.0,0.0
2018-06-14 00:00:00-04:00,100.43886723092949,100.89848109007832,99.17275900619272,99.81448364257812,718900,0.0,0.0
2018-06-15 00:00:00-04:00,99.84051610389358,101.4448379016592,99.20746518814735,101.427490234375,1209300,0.0,0.0
2018-06-18 00:00:00-04:00,100.78575940622581,100.91584043822553,99.06870433946094,99.3548812866211,956500,0.0,0.0
2018-06-19 00:00:00-04:00,98.50501511388501,98.50501511388501,96.62319709011105,97.23890686035156,1426200,0.0,0.0
2018-06-20 00:00:00-04:00,97.77658447298211,97.82861424110641,96.22429910070916,97.05680847167969,774300,0.0,0.0
2018-06-21 00:00:00-04:00,97.12616276287993,97.2995996927643,96.25029104971586,96.51912689208984,582600,0.0,0.0
2018-06-22 00:00:00-04:00,97.44705748573516,98.99934295206454,97.18689539695717,98.86058807373047,1264400,0.0,0.0
2018-06-25 00:00:00-04:00,98.60043317864722,98.60043317864722,95.39180246933925,96.3543930053711,969100,0.0,0.0
2018-06-26 00:00:00-04:00,96.49310913404646,97.51640293885157,95.60857017147698,96.3370132446289,687300,0.0,0.0
2018-06-27 00:00:00-04:00,96.59721044571346,98.27957713145322,95.43516799166048,95.62594604492188,754800,0.0,0.0
2018-06-28 00:00:00-04:00,95.72132978389979,96.36306118103353,93.57935590275396,95.99016571044922,992200,0.0,0.0
2018-06-29 00:00:00-04:00,96.42375224770541,98.03674113245367,96.28499738544079,96.3110122680664,700100,0.0,0.0
2018-07-02 00:00:00-04:00,95.45251385942147,96.72729638219393,94.67203408872427,96.61456298828125,621200,0.0,0.0
2018-07-03 00:00:00-04:00,97.37766660322526,97.96736152234199,95.92077366283077,96.27632141113281,479100,0.0,0.0
2018-07-05 00:00:00-04:00,96.87469312219969,97.6204839725757,96.48445664718258,97.2302474975586,725400,0.0,0.0
2018-07-06 00:00:00-04:00,97.00477422033677,97.9500169172896,96.12890233894481,97.49907684326172,611300,0.0,0.0
2018-07-09 00:00:00-04:00,97.77657500366035,98.99932736573285,97.77657500366035,98.60041046142578,783600,0.0,0.0
2018-07-10 00:00:00-04:00,98.51369711774983,99.52831724796098,98.00205344422655,98.94729614257812,628600,0.0,0.0
2018-07-11 00:00:00-04:00,98.10612388352989,98.65246294992251,96.7532968928373,97.4297103881836,712200,0.0,0.0
2018-07-12 00:00:00-04:00,98.12346794207706,98.26221619992276,96.38907171372819,96.83134460449219,817300,0.0,0.0
2018-07-13 00:00:00-04:00,96.50178972710827,96.94406254747827,95.9641312162619,96.05951690673828,756800,0.0,0.0
2018-07-16 00:00:00-04:00,96.10288314334797,96.42374878867743,93.71808861734193,94.15168762207031,1221300,0.0,0.0
2018-07-17 00:00:00-04:00,94.15169809095231,95.79937581536726,93.82216519254791,95.51319885253906,1452800,0.0,0.0
2018-07-18 00:00:00-04:00,95.69531280793827,96.7099330373005,95.56523176453874,96.22430419921875,1020000,0.0,0.0
2018-07-19 00:00:00-04:00,95.72132463330783,96.63188529179853,94.47256385870486,95.37445068359375,1051000,0.0,0.0
2018-07-20 00:00:00-04:00,99.29418410988266,99.54567235703033,96.38039791587772,98.2795639038086,2901200,0.0,0.0
2018-07-23 00:00:00-04:00,98.7218158997373,99.25948103478991,97.50774400799844,98.04540252685547,1525800,0.0,0.0
2018-07-24 00:00:00-04:00,98.65244572487674,100.39550893047931,98.27087649004444,98.97330474853516,1557100,0.0,0.0
2018-07-25 00:00:00-04:00,99.0080019646877,99.06870556487895,97.7158786942189,98.8432388305664,1167500,0.0,0.0
2018-07-26 00:00:00-04:00,98.8867988289809,101.36136844985222,98.7038211427407,101.09996795654297,1131000,0.54,0.0
2018-07-27 00:00:00-04:00,101.43977505984701,101.46591377717914,100.15021625506819,100.75142669677734,582000,0.0,0.0
2018-07-30 00:00:00-04:00,100.76016053024092,101.86674851919513,100.21993589685695,100.41162872314453,921700,0.0,0.0
2018-07-31 00:00:00-04:00,101.69246516649606,103.02559299435094,100.82113909362982,102.91232299804688,1102100,0.0,0.0
2018-08-01 00:00:00-04:00,102.41566237243975,103.26084968524044,100.30705497511002,102.09326934814453,1133600,0.0,0.0
2018-08-02 00:00:00-04:00,101.67505415139865,101.67505415139865,99.99339435676887,100.3680648803711,857500,0.0,0.0
2018-08-03 00:00:00-04:00,100.55103129449488,101.30037225759142,100.23735337284096,100.9866943359375,1153300,0.0,0.0
2018-08-06 00:00:00-04:00,100.92570050197546,102.2675434504024,100.71657745838581,101.59661865234375,877900,0.0,0.0
2018-08-07 00:00:00-04:00,101.86674248914142,102.79034607273607,101.66633455142457,101.82317352294922,650500,0.0,0.0
2018-08-08 00:00:00-04:00,101.88416181514127,102.64221792034131,101.55306028811226,102.01486206054688,887200,0.0,0.0
2018-08-09 00:00:00-04:00,102.00615722736062,103.22601522804072,101.84060312330158,102.51152801513672,883100,0.0,0.0
2018-08-10 00:00:00-04:00,101.94515931591226,102.1891295737215,100.06309164534223,101.5182113647461,674100,0.0,0.0
2018-08-13 00:00:00-04:00,101.38751272535806,102.45053170645272,100.62074809609372,101.03026580810547,627500,0.0,0.0
2018-08-14 00:00:00-04:00,101.3352417024364,102.10200638027484,101.09997990112466,101.6924819946289,634900,0.0,0.0
2018-08-15 00:00:00-04:00,100.8560010273798,100.93441718933883,98.44243053684897,99.77555847167969,1166700,0.0,0.0
2018-08-16 00:00:00-04:00,100.60330195866487,101.18708879944636,100.1763540681505,100.40290069580078,685400,0.0,0.0
2018-08-17 00:00:00-04:00,99.90626887108127,101.10869667709824,99.74071475987407,100.8037338256836,567500,0.0,0.0
2018-08-20 00:00:00-04:00,101.29166825145468,101.927739286749,100.69916618416218,100.8472900390625,501100,0.0,0.0
2018-08-21 00:00:00-04:00,101.0041219239593,102.20655622037904,101.0041219239593,101.80574035644531,695700,0.0,0.0
2018-08-22 00:00:00-04:00,102.16298084136506,102.34595851679093,101.40492477372331,101.7273178100586,494900,0.0,0.0
2018-08-23 00:00:00-04:00,101.56176250760262,101.56176250760262,100.11536471788581,100.54231262207031,894900,0.0,0.0
2018-08-24 00:00:00-04:00,101.07383383105673,101.51821203080537,100.66430947517965,101.21324920654297,940200,0.0,0.0
2018-08-27 00:00:00-04:00,101.59663120319344,102.96461303914161,101.59663120319344,102.61608123779297,747800,0.0,0.0
2018-08-28 00:00:00-04:00,103.05171958413426,103.94047579656142,101.85800725932448,102.31980895996094,711200,0.0,0.0
2018-08-29 00:00:00-04:00,102.0061585904827,102.78163838139898,101.2132552004443,102.10200500488281,595600,0.0,0.0
2018-08-30 00:00:00-04:00,101.73602975507801,101.94514614222166,100.8211347588282,101.7883071899414,696400,0.0,0.0
2018-08-31 00:00:00-04:00,101.56177343519369,102.30240597733481,101.34394189872651,101.79703521728516,551100,0.0,0.0
2018-09-04 00:00:00-04:00,101.3788042563851,101.3788042563851,99.20048870877179,99.84526824951172,893800,0.0,0.0
2018-09-05 00:00:00-04:00,99.79299593338185,101.10870045312627,99.62744181599183,100.18509674072266,773100,0.0,0.0
2018-09-06 00:00:00-04:00,100.49004834905935,101.37879811365028,99.47930680531762,100.47261810302734,619300,0.0,0.0
2018-09-07 00:00:00-04:00,100.09793218467208,100.99540358188611,99.46186790388074,100.21991729736328,966300,0.0,0.0
2018-09-10 00:00:00-04:00,100.71658955900779,101.30038314955598,99.35732285081743,99.6100082397461,481300,0.0,0.0
2018-09-11 00:00:00-04:00,99.19174912413126,100.47259941389554,98.56439998518638,100.08050537109375,959100,0.0,0.0
2018-09-12 00:00:00-04:00,99.96725546934215,100.0108177896895,97.93706387626396,98.0154800415039,767500,0.0,0.0
2018-09-13 00:00:00-04:00,98.55569140153047,99.06977058720294,97.81506557839187,98.61668395996094,645400,0.0,0.0
2018-09-14 00:00:00-04:00,98.4685624749624,99.2091883157771,97.77149894967184,98.60797119140625,645900,0.0,0.0
2018-09-17 00:00:00-04:00,98.72124357583068,99.37473810970152,97.98061111929161,98.7996597290039,1068300,0.0,0.0
2018-09-18 00:00:00-04:00,98.90423333433432,99.33989641015575,97.75408308007339,98.86066436767578,754400,0.0,0.0
2018-09-19 00:00:00-04:00,98.68642176771789,100.76889115976097,98.63413766760866,99.88013458251953,919700,0.0,0.0
2018-09-20 00:00:00-04:00,100.74273096782993,102.59865325779585,100.4639068681962,101.82317352294922,1061600,0.0,0.0
2018-09-21 00:00:00-04:00,102.25884479737549,102.79035431864199,100.85600906389392,101.26553344726562,828900,0.0,0.0
2018-09-24 00:00:00-04:00,101.439776932335,102.06713275064676,101.03025262606535,101.6314697265625,887200,0.0,0.0
2018-09-25 00:00:00-04:00,101.68376294961239,101.70990831917653,100.92571342453272,101.07383728027344,868900,0.0,0.0
2018-09-26 00:00:00-04:00,100.7601707472844,100.7601707472844,99.4618964480894,99.47061157226562,847600,0.0,0.0
2018-09-27 00:00:00-04:00,99.82783557561231,100.07180583113708,98.65154661636588,99.27018737792969,976800,0.0,0.0
2018-09-28 00:00:00-04:00,98.92164482364407,99.85396342587161,98.68638971648149,99.33116912841797,796400,0.0,0.0
2018-10-01 00:00:00-04:00,100.09794777455885,100.79501136795095,98.96522774491058,99.40959930419922,631800,0.0,0.0
2018-10-02 00:00:00-04:00,99.38346319444214,99.65357883401764,98.35529802340027,98.92166137695312,768100,0.0,0.0
2018-10-03 00:00:00-04:00,99.21790040740032,100.14150389966245,97.94576516313862,99.45315551757812,1127600,0.0,0.0
2018-10-04 00:00:00-04:00,99.45317256319589,99.77556565239733,98.3291609603865,99.01750946044922,879400,0.0,0.0
2018-10-05 00:00:00-04:00,98.68640006849421,99.20919442078797,95.5496273070408,95.9330062866211,1466800,0.0,0.0
2018-10-08 00:00:00-04:00,95.92430407775326,96.89147675116362,95.06169294795463,95.15753936767578,1499200,0.0,0.0
2018-10-09 00:00:00-04:00,94.29491672890178,94.5301718636999,88.84041318519202,88.8752670288086,2282400,0.0,0.0
2018-10-10 00:00:00-04:00,88.73585165245294,89.44163035221418,86.61853549624206,87.55956268310547,2517000,0.0,0.0
2018-10-11 00:00:00-04:00,86.93221546025055,89.1366764168147,85.2244168389592,85.66007995605469,1516400,0.0,0.0
2018-10-12 00:00:00-04:00,87.13263340519715,88.03881359033429,85.1024414514099,85.98248291015625,1033300,0.0,0.0
2018-10-15 00:00:00-04:00,85.66007535919321,86.12187717490166,85.25926611069737,85.34639739990234,1386300,0.0,0.0
2018-10-16 00:00:00-04:00,85.79947828420912,87.54213040608539,85.36381525374004,87.15874481201172,1370100,0.0,0.0
2018-10-17 00:00:00-04:00,88.2914765153505,88.2914765153505,86.74922557456189,86.91477966308594,1111000,0.0,0.0
2018-10-18 00:00:00-04:00,86.58366148367398,87.75995017901467,84.51861660238565,84.66674041748047,2185400,0.0,0.0
2018-10-19 00:00:00-04:00,88.88397483130221,89.8511473070116,85.68620308167772,86.80150604248047,2740400,0.0,0.0
2018-10-22 00:00:00-04:00,87.26331319320438,87.66412241502503,85.26797555905816,86.47911834716797,1495400,0.0,0.0
2018-10-23 00:00:00-04:00,84.97171373382159,87.78609980900977,84.47505814969311,87.21102142333984,1657900,0.0,0.0
2018-10-24 00:00:00-04:00,87.13260453112157,87.44628243924882,81.12045348893615,81.34700012207031,1862700,0.0,0.0
2018-10-25 00:00:00-04:00,82.28804869529208,84.80618088882206,81.74782405654739,84.00456237792969,1422200,0.0,0.0
2018-10-26 00:00:00-04:00,82.44485706209747,84.82821470454317,81.45471501018318,84.10970306396484,1720100,0.54,0.0
2018-10-29 00:00:00-04:00,85.96732753796401,86.74717534718339,81.20937613787973,82.20828247070312,2271300,0.0,0.0
2018-10-30 00:00:00-04:00,81.88406886778608,84.01331786549297,81.73511068450199,83.83807373046875,1230600,0.0,0.0
2018-10-31 00:00:00-04:00,85.02974547328805,86.04617340487502,84.5916284871428,84.94212341308594,1679900,0.0,0.0
2018-11-01 00:00:00-04:00,85.98484371205211,87.64092550847889,85.45034041424927,87.2203369140625,932000,0.0,0.0
2018-11-02 00:00:00-04:00,88.06151632974306,89.70007630392016,87.96513005566588,89.00785064697266,2136800,0.0,0.0
2018-11-05 00:00:00-05:00,89.12177264172405,89.98048503137046,87.96514385646995,88.80632781982422,1450100,0.0,0.0
2018-11-06 00:00:00-05:00,88.80632243349136,90.55002637619049,88.80632243349136,90.4711685180664,851700,0.0,0.0
2018-11-07 00:00:00-05:00,91.37368881884318,93.4854161611106,90.93557177871821,93.1524429321289,1650800,0.0,0.0
2018-11-08 00:00:00-05:00,92.38136001576048,93.36274459938127,91.75047040379964,91.93447875976562,1981500,0.0,0.0
2018-11-09 00:00:00-05:00,91.10205915517976,91.10205915517976,88.73622310763591,90.04181671142578,1240600,0.0,0.0
2018-11-12 00:00:00-05:00,90.15572410579027,90.33973246067895,87.43063557766357,87.59712219238281,1271300,0.0,0.0
2018-11-13 00:00:00-05:00,88.05275338930196,89.90160767673494,87.57082869709276,87.75483703613281,1012700,0.0,0.0
2018-11-14 00:00:00-05:00,88.53469042209765,89.4634963885261,87.71979247707458,88.6135482788086,1001700,0.0,0.0
2018-11-15 00:00:00-05:00,87.78110146646767,90.3659884763556,87.667193480264,89.77014923095703,1096500,0.0,0.0
2018-11-16 00:00:00-05:00,89.02537843512306,90.10314926161945,88.03523636202246,89.78770446777344,1245700,0.0,0.0
2018-11-19 00:00:00-05:00,89.22692028644775,89.55112262597473,87.97390525212411,89.104248046875,1322600,0.0,0.0
2018-11-20 00:00:00-05:00,87.79864059346981,88.56096654944707,86.2301876794934,87.8512191772461,1565300,0.0,0.0
2018-11-21 00:00:00-05:00,88.72744863072957,90.63763884415889,88.72744863072957,89.32328796386719,1052000,0.0,0.0
2018-11-23 00:00:00-05:00,88.52592058570167,90.6814554389551,88.44706273400048,90.07685852050781,936100,0.0,0.0
2018-11-26 00:00:00-05:00,90.62012431872427,91.51388679805677,90.00676315458259,91.12834167480469,1706200,0.0,0.0
2018-11-27 00:00:00-05:00,90.17322559421686,90.33094126403473,87.40432351509999,87.81615447998047,2469000,0.0,0.0
2018-11-28 00:00:00-05:00,87.81616179482772,88.22799279401261,85.73072085174412,88.05274200439453,1829200,0.0,0.0
2018-11-29 00:00:00-05:00,87.93007299550547,89.28823825267254,86.92240264520095,88.1053237915039,1225300,0.0,0.0
2018-11-30 00:00:00-05:00,87.49197427551846,89.14805620347886,87.49197427551846,88.43830871582031,1470500,0.0,0.0
2018-12-03 00:00:00-05:00,90.54124891397295,91.93445758183532,88.07026962642907,89.06917572021484,1098800,0.0,0.0
2018-12-04 00:00:00-05:00,88.88516775088337,89.40214253601417,84.100931523924,84.15350341796875,1097400,0.0,0.0
2018-12-06 00:00:00-05:00,82.63761820224055,83.07573515877476,81.06915869563196,82.94430541992188,1384400,0.0,0.0
2018-12-07 00:00:00-05:00,83.17212350459343,83.92568522349355,79.91253219681795,79.9651107788086,1330200,0.0,0.0
2018-12-10 00:00:00-05:00,79.81616880272772,80.2017139838541,77.29261675341688,78.62449645996094,1498800,0.0,0.0
2018-12-11 00:00:00-05:00,80.2367403934164,81.03411647550735,77.21373602062253,77.56422424316406,1141600,0.0,0.0
2018-12-12 00:00:00-05:00,78.93992337120916,79.16774609897801,77.75700872551784,77.78329467773438,1177900,0.0,0.0
2018-12-13 00:00:00-05:00,77.87967057808272,78.30026581288878,76.50398355266601,76.94210052490234,984800,0.0,0.0
2018-12-14 00:00:00-05:00,76.22360536458393,77.57300673173977,75.1896488201469,75.96073913574219,986100,0.0,0.0
2018-12-17 00:00:00-05:00,75.82928948526035,76.01329781897485,73.51603231122856,73.9629135131836,966200,0.0,0.0
2018-12-18 00:00:00-05:00,74.39226588577579,75.12829921661606,74.12939301897013,74.90924072265625,1174300,0.0,0.0
2018-12-19 00:00:00-05:00,75.13707078128981,76.39008575676804,73.85776985358555,74.27835845947266,1412200,0.0,0.0
2018-12-20 00:00:00-05:00,77.40649632495231,79.08010621379833,76.56531261785815,77.73070526123047,7411100,0.0,0.0
2018-12-21 00:00:00-05:00,77.82711074103214,78.66829465586271,75.55766768203124,76.13597869873047,25292600,0.0,0.0
2018-12-24 00:00:00-05:00,75.12829992663441,75.91691184936961,73.91909943519696,74.00672149658203,1416400,0.0,0.0
2018-12-26 00:00:00-05:00,74.25209058031483,76.85450744628906,72.64858693801398,76.85450744628906,2062600,0.0,0.0
2018-12-27 00:00:00-05:00,75.9256680726208,78.53684132689229,75.32982875870414,78.52808380126953,1971000,0.0,0.0
2018-12-28 00:00:00-05:00,78.86982235385962,79.4568975155972,78.13378233492877,78.41417694091797,1456200,0.0,0.0
2018-12-31 00:00:00-05:00,78.59819089700453,79.65843997079286,77.72195685496374,78.83477783203125,1226000,0.0,0.0
2019-01-02 00:00:00-05:00,77.61680976886328,80.17541145908136,76.98592021562925,79.92130279541016,1849700,0.0,0.0
2019-01-03 00:00:00-05:00,79.60585688437081,79.6934789465969,76.43389410989661,77.0034408569336,1635000,0.0,0.0
2019-01-04 00:00:00-05:00,78.56315579717447,80.45581805356885,78.0374099677699,80.14037322998047,1451200,0.0,0.0
2019-01-07 00:00:00-05:00,79.89502222959942,81.61244019296664,78.79972964950792,80.89392852783203,1175700,0.0,0.0
2019-01-08 00:00:00-05:00,80.82380350810422,82.18196856657765,80.81504598343622,82.02424621582031,1936000,0.0,0.0
2019-01-09 00:00:00-05:00,82.03303007472384,83.24223059674375,81.20936796957604,82.40104675292969,1020200,0.0,0.0
2019-01-10 00:00:00-05:00,81.78768399064633,83.04069896445094,81.26194489142199,82.74278259277344,1048100,0.0,0.0
2019-01-11 00:00:00-05:00,81.91034312984112,83.49632425697585,81.69128466763428,83.03192138671875,1155800,0.0,0.0
2019-01-14 00:00:00-05:00,82.12064104328498,83.58395003164003,81.78766788739851,83.01439666748047,1268700,0.0,0.0
2019-01-15 00:00:00-05:00,82.36600763377866,82.96184710534335,81.38462300851454,82.3397216796875,1214200,0.0,0.0
2019-01-16 00:00:00-05:00,82.33094329443412,83.69786615296427,82.33094329443412,82.935546875,1349800,0.0,0.0
2019-01-17 00:00:00-05:00,82.28714043735727,84.26742451913394,81.89283111531017,84.2586669921875,2102000,0.0,0.0
2019-01-18 00:00:00-05:00,84.76688232423089,86.16009797614478,84.13599272224236,85.70445251464844,1345300,0.0,0.0
2019-01-22 00:00:00-05:00,85.15243379870878,85.18748396644528,82.85669795048736,83.88189697265625,1240700,0.0,0.0
2019-01-23 00:00:00-05:00,84.0834153655138,84.31123808149093,81.41090562803731,81.81397247314453,2010700,0.0,0.0
2019-01-24 00:00:00-05:00,81.7263464722102,83.89064563394896,81.7263464722102,83.83807373046875,1185300,0.0,0.0
2019-01-25 00:00:00-05:00,84.98594062509899,85.62559443801712,84.55658780239624,85.23128509521484,1141400,0.0,0.0
2019-01-28 00:00:00-05:00,84.55658428457258,85.68692699069656,84.0658953647551,85.56425476074219,1977900,0.0,0.0
2019-01-29 00:00:00-05:00,80.84134711493091,84.50400533937217,80.83258290348309,84.34628295898438,2626900,0.0,0.0
2019-01-30 00:00:00-05:00,84.98594084241383,86.21266988126536,83.80302618125306,85.70445251464844,1215900,0.0,0.0
2019-01-31 00:00:00-05:00,84.70554209866813,84.77564242551959,83.478813119308,83.90817260742188,1661300,0.0,0.0
2019-02-01 00:00:00-05:00,84.06589943017062,86.63326554146197,83.92569876907973,86.4930648803711,1185500,0.0,0.0
2019-02-04 00:00:00-05:00,86.56314981764478,87.04507446289062,85.70443763400411,87.04507446289062,1278200,0.0,0.0
2019-02-05 00:00:00-05:00,86.64201739206274,87.48320124808644,86.0899923667414,86.50182342529297,936600,0.0,0.0
2019-02-06 00:00:00-05:00,85.54670843418025,86.6682933785491,85.34517839220123,86.3002700805664,849100,0.0,0.0
2019-02-07 00:00:00-05:00,85.73948838899427,86.07246155962012,83.4525173055385,84.13597869873047,808300,0.0,0.0
2019-02-08 00:00:00-05:00,83.39993979315145,84.17978740057559,82.85667238854188,84.14473724365234,1213700,0.0,0.0
2019-02-11 00:00:00-05:00,84.51277656133861,84.87203575243818,83.70664279100123,84.1009521484375,1123000,0.0,0.0
2019-02-12 00:00:00-05:00,84.99469554196828,87.08889420659364,84.99469554196828,86.99250793457031,1511900,0.0,0.0
2019-02-13 00:00:00-05:00,87.2115646995503,87.75483215971914,86.56315344299264,86.58943939208984,811700,0.0,0.0
2019-02-14 00:00:00-05:00,86.19514469439548,87.71102583592668,86.06370825171467,87.2203369140625,921500,0.0,0.0
2019-02-15 00:00:00-05:00,88.22468978046709,88.55066718943534,87.59917101320325,88.33041381835938,1337700,0.54,0.0
2019-02-19 00:00:00-05:00,87.44058097746642,89.37000249704963,86.63885554767835,88.93830108642578,1019200,0.0,0.0
2019-02-20 00:00:00-05:00,89.07929387546633,90.97347463503861,88.87665777121401,90.49772644042969,875600,0.0,0.0
2019-02-21 00:00:00-05:00,90.7972518372145,91.23775860020754,89.89862099821259,90.30388641357422,1149000,0.0,0.0
2019-02-22 00:00:00-05:00,90.91177843123099,91.63420917845252,90.64747171231618,91.39633178710938,852100,0.0,0.0
2019-02-25 00:00:00-05:00,91.89852815310515,92.3390349611965,91.50207471446312,91.73114013671875,735900,0.0,0.0
2019-02-26 00:00:00-05:00,91.60779130466638,92.13639808698899,90.43604167742464,90.46247100830078,845300,0.0,0.0
2019-02-27 00:00:00-05:00,90.25983492457785,91.4315845516767,90.14530558359522,91.0879898071289,782600,0.0,0.0
2019-02-28 00:00:00-05:00,90.8501164295862,91.03512846184275,89.88980819937865,90.1188735961914,1070700,0.0,0.0
2019-03-01 00:00:00-05:00,90.95580991593512,91.96016452591844,90.29504995033567,90.56816864013672,893200,0.0,0.0
2019-03-04 00:00:00-05:00,91.11440149268901,91.7487321971936,89.28189206225322,90.52412414550781,987700,0.0,0.0
2019-03-05 00:00:00-05:00,90.40081439773523,91.07038667773307,89.7841075093168,90.49772644042969,1094100,0.0,0.0
2019-03-06 00:00:00-05:00,90.6915315225269,91.92494504091717,90.30388343297592,90.79724884033203,898500,0.0,0.0
2019-03-07 00:00:00-05:00,90.38316590599496,90.74438464405247,88.19825633108806,89.49334716796875,1103100,0.0,0.0
2019-03-08 00:00:00-05:00,88.72685921504386,88.9823539090975,87.60797514814584,87.90751647949219,1048100,0.0,0.0
2019-03-11 00:00:00-04:00,88.37446625152405,89.44049183080533,87.79300080900694,89.4140625,810000,0.0,0.0
2019-03-12 00:00:00-04:00,89.651934873373,90.08362960262376,88.98236273706601,89.14094543457031,818600,0.0,0.0
2019-03-13 00:00:00-04:00,89.59026650021679,90.3215026093241,89.16737705547065,89.70479583740234,721100,0.0,0.0
2019-03-14 00:00:00-04:00,89.4140454352477,89.69596944603234,88.03966672287243,88.42731475830078,1112400,0.0,0.0
2019-03-15 00:00:00-04:00,88.36564719383642,89.2995192520525,88.06609914096029,89.18498992919922,2198500,0.0,0.0
2019-03-18 00:00:00-04:00,89.23785179393793,89.48453448071386,87.8987076062985,89.29071044921875,861900,0.0,0.0
2019-03-19 00:00:00-04:00,89.83693852908051,90.56818127285666,88.54184774040681,88.93830108642578,644400,0.0,0.0
2019-03-20 00:00:00-04:00,88.9470966151866,89.26426192185102,87.56390608618806,88.98233795166016,1165700,0.0,0.0
2019-03-21 00:00:00-04:00,88.83259729547275,90.90297778050295,88.83259729547275,90.46247100830078,553600,0.0,0.0
2019-03-22 00:00:00-04:00,89.56385664279652,89.56385664279652,86.40982595986198,86.46268463134766,771200,0.0,0.0
2019-03-25 00:00:00-04:00,86.32169520810379,86.87673122594691,85.07946309754219,85.22042846679688,849100,0.0,0.0
2019-03-26 00:00:00-04:00,85.82834138032992,86.56839628301995,85.16758119509961,85.53760528564453,1099700,0.0,0.0
2019-03-27 00:00:00-04:00,85.54640542630975,86.33050686619107,84.95612802264164,85.44949340820312,1177300,0.0,0.0
2019-03-28 00:00:00-04:00,85.56401891566311,86.65647358689912,85.44948287841522,86.58599090576172,782000,0.0,0.0
2019-03-29 00:00:00-04:00,86.79743717136296,87.37890924146822,86.37455450364895,86.8767318725586,774200,0.0,0.0
2019-04-01 00:00:00-04:00,87.64321647073366,89.3259485787418,87.62559243854156,89.18498992919922,845100,0.0,0.0
2019-04-02 00:00:00-04:00,89.57263491333961,90.20696566617421,89.0175988654089,89.69597625732422,864200,0.0,0.0
2019-04-03 00:00:00-04:00,90.48887573619827,91.51965968970798,90.25981039488563,90.92057037353516,892300,0.0,0.0
2019-04-04 00:00:00-04:00,91.35229414827356,92.47999037975774,91.10561143783636,92.41831970214844,1073700,0.0,0.0
2019-04-05 00:00:00-04:00,92.76190983385496,93.57244061980761,92.57689781020922,93.17598724365234,863800,0.0,0.0
2019-04-08 00:00:00-04:00,92.50639327048891,93.22882388240406,90.26861876002059,90.40077209472656,1685100,0.0,0.0
2019-04-09 00:00:00-04:00,89.57264161307837,89.83694835372845,88.48018674681738,89.52859497070312,723600,0.0,0.0
2019-04-10 00:00:00-04:00,89.98671230597326,90.05719499442135,88.52423348947049,89.69597625732422,761500,0.0,0.0
2019-04-11 00:00:00-04:00,89.86335417929047,90.48006078403861,89.53737684729624,89.95145416259766,563300,0.0,0.0
2019-04-12 00:00:00-04:00,91.10562149350021,92.82359536052104,90.62987333303278,92.77073669433594,1479400,0.0,0.0
2019-04-15 00:00:00-04:00,92.36546023313065,93.25528582839974,91.3346759607022,91.6166000366211,523600,0.0,0.0
2019-04-16 00:00:00-04:00,91.81921547157333,93.00858218937947,91.71349144627551,92.83238220214844,754300,0.0,0.0
2019-04-17 00:00:00-04:00,93.56361591052739,96.03926801665371,92.85880925724041,92.89405059814453,1057800,0.0,0.0
2019-04-18 00:00:00-04:00,93.3962436724163,93.83675042550738,91.8897113834368,92.67381286621094,896500,0.0,0.0
2019-04-22 00:00:00-04:00,92.28616482310935,93.20241967663242,91.93375807612361,92.03948211669922,1044200,0.0,0.0
2019-04-23 00:00:00-04:00,97.0964872259983,100.29456348835956,96.11856180199715,98.82327270507812,1956300,0.0,0.0
2019-04-24 00:00:00-04:00,98.9025703577389,99.41355304298027,97.56342616888791,97.6955795288086,1480200,0.0,0.0
2019-04-25 00:00:00-04:00,97.29030752852432,97.29030752852432,95.21111542027394,95.76615142822266,984600,0.0,0.0
2019-04-26 00:00:00-04:00,95.90792600965715,97.09525974841777,95.55349772524394,96.19146728515625,573600,0.62,0.0
2019-04-29 00:00:00-04:00,96.2623519447087,96.44842526844897,95.18134874570198,95.54463958740234,1255700,0.0,0.0
2019-04-30 00:00:00-04:00,95.60667140451163,96.40413339646189,95.1990812219943,95.59780883789062,1616700,0.0,0.0
2019-05-01 00:00:00-04:00,95.4737698926204,95.68642419257634,93.71935332754853,93.77252197265625,1414300,0.0,0.0
2019-05-02 00:00:00-04:00,93.444671829137,94.47251330901017,93.03708161613291,94.10922241210938,1974700,0.0,0.0
2019-05-03 00:00:00-04:00,94.60541341604055,96.5370406203357,94.58769504249264,96.37754821777344,1335400,0.0,0.0
2019-05-06 00:00:00-04:00,94.64085193975693,95.78387963790475,93.4180814246059,95.53578186035156,1308000,0.0,0.0
2019-05-07 00:00:00-04:00,94.37504298891228,94.61427821832916,93.0636602301767,93.83454132080078,1110300,0.0,0.0
2019-05-08 00:00:00-04:00,93.46238679989311,94.14465568308007,92.68264320749958,93.70162200927734,876900,0.0,0.0
2019-05-09 00:00:00-04:00,92.38139283606057,92.50544173637635,91.60164916532356,91.79658508300781,1354800,0.0,0.0
2019-05-10 00:00:00-04:00,91.5573347733525,91.95606235011728,89.9712735117307,91.58391571044922,871800,0.0,0.0
2019-05-13 00:00:00-04:00,89.7497601955856,89.7497601955856,86.97637190090704,87.85357666015625,1135800,0.0,0.0
2019-05-14 00:00:00-04:00,88.23457890963037,89.74975310505044,88.00419953039696,88.99659729003906,1382800,0.0,0.0
2019-05-15 00:00:00-04:00,88.1016696912945,89.93582868571009,87.87129030625074,89.67000579833984,1197800,0.0,0.0
2019-05-16 00:00:00-04:00,90.23709882310172,91.15860971042723,89.8029276993187,90.21051788330078,1382400,0.0,0.0
2019-05-17 00:00:00-04:00,89.14724239907613,90.92823978078931,89.12066145847946,90.05989074707031,953600,0.0,0.0
2019-05-20 00:00:00-04:00,89.02319304045503,89.49280768231122,87.9687706678783,88.19915008544922,1082400,0.0,0.0
2019-05-21 00:00:00-04:00,88.91685982705869,89.430780527562,88.38522075350522,88.88141632080078,832200,0.0,0.0
2019-05-22 00:00:00-04:00,88.62445116982919,89.04976646172751,87.99534417818411,88.7042007446289,974000,0.0,0.0
2019-05-23 00:00:00-04:00,87.60546607872585,87.77381424901456,85.81560655759749,87.38394927978516,957100,0.0,0.0
2019-05-24 00:00:00-04:00,88.20800963792227,88.55357537239048,87.06498191615914,88.057373046875,792600,0.0,0.0
2019-05-28 00:00:00-04:00,88.03965729386076,88.89028118556983,87.8978832651637,88.27889251708984,1617600,0.0,0.0
2019-05-29 00:00:00-04:00,87.39283280182893,88.464973637522,86.84347529272243,88.2523193359375,1044600,0.0,0.0
2019-05-30 00:00:00-04:00,88.27890236629167,89.13838892072593,87.11815610750152,87.35739135742188,791700,0.0,0.0
2019-05-31 00:00:00-04:00,85.96626533059192,86.58651663275529,83.93717671739378,84.11438751220703,1269000,0.0,0.0
2019-06-03 00:00:00-04:00,84.13209646908848,85.85993194580078,84.06121621519328,85.85993194580078,1504200,0.0,0.0
2019-06-04 00:00:00-04:00,86.97638495689357,89.30673993870734,86.97638495689357,89.28015899658203,1771800,0.0,0.0
2019-06-05 00:00:00-04:00,89.6434020661665,90.02441116909321,88.11936565445966,89.45732879638672,1277400,0.0,0.0
2019-06-06 00:00:00-04:00,89.46621403908668,89.74089273170271,88.38521087953643,88.9522933959961,1079900,0.0,0.0
2019-06-07 00:00:00-04:00,89.21812710680524,90.12191286450813,88.101680309513,89.59913635253906,683500,0.0,0.0
2019-06-10 00:00:00-04:00,90.02444742234634,91.4244355513149,89.9447046003944,90.91051483154297,732000,0.0,0.0
2019-06-11 00:00:00-04:00,92.31935584654462,93.16111709294852,91.38898246038696,91.80543518066406,774200,0.0,0.0
2019-06-12 00:00:00-04:00,91.71683276076291,93.03707121178127,90.64469208468412,92.3193588256836,741500,0.0,0.0
2019-06-13 00:00:00-04:00,92.61175373816208,93.32061030148735,92.22188871247465,93.26744842529297,672400,0.0,0.0
2019-06-14 00:00:00-04:00,93.27630642042804,93.40036206805519,92.05353591815842,92.3193588256836,719900,0.0,0.0
2019-06-17 00:00:00-04:00,92.17757369111331,92.4433965665863,91.05227127327827,91.1674575805664,782100,0.0,0.0
2019-06-18 00:00:00-04:00,91.85861266184001,93.38264978637996,91.22950557162332,92.78898620605469,769500,0.0,0.0
2019-06-19 00:00:00-04:00,92.8332900295962,92.9839266439865,92.02697211094053,92.67379760742188,632400,0.0,0.0
2019-06-20 00:00:00-04:00,93.82569123063382,93.82569123063382,92.33709749364867,93.13455963134766,793500,0.0,0.0
2019-06-21 00:00:00-04:00,93.09023363116239,94.1712368798272,92.46112662385822,93.6484603881836,1040700,0.0,0.0
2019-06-24 00:00:00-04:00,93.25859832763672,94.07377875233821,92.76240272306332,93.25859832763672,627700,0.0,0.0
2019-06-25 00:00:00-04:00,93.35606353653972,93.35606353653972,92.10670523448876,92.53202056884766,555900,0.0,0.0
2019-06-26 00:00:00-04:00,92.9041852331681,94.32189202168294,92.85988590987154,93.763671875,1234300,0.0,0.0
2019-06-27 00:00:00-04:00,94.22438328322717,94.73830388428325,93.8788176142789,94.04717254638672,1065800,0.0,0.0
2019-06-28 00:00:00-04:00,94.25097472423408,95.79272982852859,94.25097472423408,95.51805114746094,2452300,0.0,0.0
2019-07-01 00:00:00-04:00,96.68767020066143,97.55601240481631,95.64211047309728,97.14842224121094,1298800,0.0,0.0
2019-07-02 00:00:00-04:00,96.73197898714263,96.73197898714263,94.78263335978622,95.21680450439453,786600,0.0,0.0
2019-07-03 00:00:00-04:00,94.89782747358147,95.25225582402815,93.94087295542296,94.6585922241211,428500,0.0,0.0
2019-07-05 00:00:00-04:00,93.83453310632639,94.15351789106292,92.87757875211678,93.59529113769531,585900,0.0,0.0
2019-07-08 00:00:00-04:00,93.25858835006864,93.68390365145505,92.22189117564578,92.79783630371094,907200,0.0,0.0
2019-07-09 00:00:00-04:00,92.55859433413188,92.91302262526101,91.40671083815896,92.79783630371094,898900,0.0,0.0
2019-07-10 00:00:00-04:00,93.53326673336748,93.65731562079975,92.15100383903234,92.50543212890625,1252300,0.0,0.0
2019-07-11 00:00:00-04:00,92.59404545070649,93.52441894637964,92.35481022161913,93.32948303222656,1549700,0.0,0.0
2019-07-12 00:00:00-04:00,93.6395907200101,95.65096047756795,93.38263039677022,94.81806182861328,714500,0.0,0.0
2019-07-15 00:00:00-04:00,94.86236088405839,94.94211045458242,93.9585752324462,94.87122344970703,598200,0.0,0.0
2019-07-16 00:00:00-04:00,95.0927536959255,96.31552428196248,94.75605051546374,95.73958587646484,713600,0.0,0.0
2019-07-17 00:00:00-04:00,95.59782092161468,95.78389428323013,94.43707467337424,94.44593048095703,710700,0.0,0.0
2019-07-18 00:00:00-04:00,93.85224646370537,94.74717632640399,93.77250365186102,94.00287628173828,749900,0.0,0.0
2019-07-19 00:00:00-04:00,94.42820981487529,95.60668117000938,94.10036241798704,94.86238098144531,882000,0.0,0.0
2019-07-22 00:00:00-04:00,94.70288854808538,95.26111537943791,93.21429493140914,93.63961029052734,1002200,0.0,0.0
2019-07-23 00:00:00-04:00,93.94087319763932,98.01678909804781,92.74468342693619,97.74210357666016,1490600,0.0,0.0
2019-07-24 00:00:00-04:00,97.55600867859016,100.09902427108305,97.55600867859016,99.46991729736328,1223500,0.0,0.0
2019-07-25 00:00:00-04:00,98.89076260356026,100.12033047349995,98.04432666797231,99.35408020019531,1049100,0.62,0.0
2019-07-26 00:00:00-04:00,99.32735988768314,99.46991445391495,97.26026769457201,99.04224395751953,683400,0.0,0.0
2019-07-29 00:00:00-04:00,98.89076970930896,100.45891070662196,98.67693446348898,99.89759063720703,792700,0.0,0.0
2019-07-30 00:00:00-04:00,99.05114991421978,100.42327246584671,98.46310127649397,100.25398254394531,896500,0.0,0.0
2019-07-31 00:00:00-04:00,100.21834196899853,101.05586613958674,99.10460687189226,99.94213104248047,1169100,0.0,0.0
2019-08-01 00:00:00-04:00,99.78175872723534,101.05587202442904,95.73667180326164,96.43164825439453,974600,0.0,0.0
2019-08-02 00:00:00-04:00,95.67433244976384,95.98618382957132,93.2152093471309,95.44268035888672,1027200,0.0,0.0
2019-08-05 00:00:00-04:00,93.72305465683215,94.37347226196061,90.92535214149693,91.94107818603516,1270400,0.0,0.0
2019-08-06 00:00:00-04:00,92.99244615477379,93.46466883992144,91.29956711923052,93.2240982055664,1007100,0.0,0.0
2019-08-07 00:00:00-04:00,91.90543981891287,94.99717014991897,91.32629609389919,94.8367919921875,1074000,0.0,0.0
2019-08-08 00:00:00-04:00,95.86141253715087,98.47200810875343,95.86141253715087,97.24244689941406,1002400,0.0,0.0
2019-08-09 00:00:00-04:00,96.91278578718254,97.6879479864648,96.11980681447223,97.2513656616211,848700,0.0,0.0
2019-08-12 00:00:00-04:00,96.65440917527027,97.45629316894814,96.08417043652238,96.82369232177734,961200,0.0,0.0
2019-08-13 00:00:00-04:00,96.53859100823327,100.71732874607159,96.27129856899259,98.89971160888672,1133800,0.0,0.0
2019-08-14 00:00:00-04:00,97.15335622324282,97.62557889171843,96.39601759657248,96.78804779052734,1403900,0.0,0.0
2019-08-15 00:00:00-04:00,97.06425015444026,97.42955175706474,95.023886497957,95.72776794433594,878400,0.0,0.0
2019-08-16 00:00:00-04:00,96.52076812480858,98.58786079358727,96.30692602970278,98.27601623535156,804300,0.0,0.0
2019-08-19 00:00:00-04:00,99.83524180385427,100.53021159070778,99.25609804890927,100.2272720336914,868000,0.0,0.0
2019-08-20 00:00:00-04:00,99.60358075862317,99.95106564443165,98.67695213056685,99.55902862548828,612500,0.0,0.0
2019-08-21 00:00:00-04:00,100.78858455279334,101.3499046544768,100.57474249698035,100.8331298828125,699800,0.0,0.0
2019-08-22 00:00:00-04:00,101.16278563600554,102.26760893237797,99.90648920245103,101.34098052978516,867200,0.0,0.0
2019-08-23 00:00:00-04:00,100.66386852243,100.68168529875074,95.02391053752058,95.55850219726562,1104300,0.0,0.0
2019-08-26 00:00:00-04:00,96.32473950877434,97.10880671555786,94.94370501284003,95.692138671875,682400,0.0,0.0
2019-08-27 00:00:00-04:00,96.35145333755483,96.86822807101125,94.38237043700519,95.53174591064453,1040600,0.0,0.0
2019-08-28 00:00:00-04:00,95.37136852154333,97.75921693855219,94.9704197916938,97.59883880615234,798000,0.0,0.0
2019-08-29 00:00:00-04:00,99.06005329401445,100.11141948214913,98.68583993833077,99.57682800292969,671800,0.0,0.0
2019-08-30 00:00:00-04:00,100.54803478643984,101.66177023333816,100.33419948399184,101.0113525390625,1061300,0.0,0.0
2019-09-03 00:00:00-04:00,99.69266639341981,100.33417896728665,98.57893117426221,99.52337646484375,589100,0.0,0.0
2019-09-04 00:00:00-04:00,100.97567971148413,101.91121310735518,100.5747310009398,101.41226196289062,829900,0.0,0.0
2019-09-05 00:00:00-04:00,102.68639620485123,105.43954664497423,102.32999954394931,104.80694580078125,819000,0.0,0.0
2019-09-06 00:00:00-04:00,105.02970753050778,105.51084207025599,104.11199058898322,105.1989974975586,555500,0.0,0.0
2019-09-09 00:00:00-04:00,105.50190742808715,107.86302052753176,105.31479393935763,107.72937774658203,901600,0.0,0.0
2019-09-10 00:00:00-04:00,107.78285729117694,110.393453319689,107.58683877472122,109.87667846679688,1340700,0.0,0.0
2019-09-11 00:00:00-04:00,109.99249287427074,110.80329541614597,108.11250718908595,110.75874328613281,947600,0.0,0.0
2019-09-12 00:00:00-04:00,111.36461760546064,111.37352939116815,109.20842770789581,110.66073608398438,753800,0.0,0.0
2019-09-13 00:00:00-04:00,111.62300528539596,113.28915573638021,111.32897753562801,111.81011199951172,799800,0.0,0.0
2019-09-16 00:00:00-04:00,111.5071567171896,112.27340699019116,110.30432419951951,110.88346099853516,607600,0.0,0.0
2019-09-17 00:00:00-04:00,110.59835683490182,110.70527786028904,108.92330155670291,110.46471405029297,917000,0.0,0.0
2019-09-18 00:00:00-04:00,110.03704211686045,110.52708834334366,108.90549009984531,110.2508773803711,754300,0.0,0.0
2019-09-19 00:00:00-04:00,110.25088788739245,110.8567601898299,109.8053937472973,110.30435180664062,685700,0.0,0.0
2019-09-20 00:00:00-04:00,110.67854957480357,110.67854957480357,108.905485051743,109.30642700195312,1506700,0.0,0.0
2019-09-23 00:00:00-04:00,108.33525735440242,109.73411542365405,108.03232461425678,109.11933135986328,771300,0.0,0.0
2019-09-24 00:00:00-04:00,108.75400730203481,109.14604424847697,107.6580957256804,108.12140655517578,619500,0.0,0.0
2019-09-25 00:00:00-04:00,108.42435393174478,109.25297321206372,107.91649094043318,108.88766479492188,716200,0.0,0.0
2019-09-26 00:00:00-04:00,107.96994162740654,108.90548188092515,107.56899968886997,108.33524322509766,656300,0.0,0.0
2019-09-27 00:00:00-04:00,108.59365089347672,110.12615184774755,108.30853491112642,108.82530975341797,716100,0.0,0.0
2019-09-30 00:00:00-04:00,109.08369166854764,109.57373792489952,107.96104457071483,108.95895385742188,777400,0.0,0.0
2019-10-01 00:00:00-04:00,109.12823209216803,110.4290739812752,106.90076170718314,107.23042297363281,1197100,0.0,0.0
2019-10-02 00:00:00-04:00,106.15235197065081,106.70476719740181,104.44165596211451,105.22572326660156,1067500,0.0,0.0
2019-10-03 00:00:00-04:00,104.8604168023576,105.7603101047444,103.88032421924109,105.73358154296875,747100,0.0,0.0
2019-10-04 00:00:00-04:00,105.5731959274268,106.87403795779049,105.32372030485033,106.49982452392578,534000,0.0,0.0
2019-10-07 00:00:00-04:00,106.11667722220014,107.31060476455662,105.5553571882091,106.41961669921875,707000,0.0,0.0
2019-10-08 00:00:00-04:00,105.64446513411207,106.50872473101153,104.53072994175713,105.0029525756836,1067000,0.0,0.0
2019-10-09 00:00:00-04:00,106.49981254551493,106.60673357075086,104.57528167516884,105.77811431884766,743500,0.0,0.0
2019-10-10 00:00:00-04:00,106.07215099438977,106.69584003333316,104.83367790441599,105.45736694335938,909700,0.0,0.0
2019-10-11 00:00:00-04:00,106.64239253519567,109.4400952726076,106.64239253519567,108.58474731445312,802200,0.0,0.0
2019-10-14 00:00:00-04:00,107.91648775672377,108.39762217604057,107.31061553955078,107.31061553955078,644400,0.0,0.0
2019-10-15 00:00:00-04:00,107.77393712023962,109.19061196223802,107.39972368941017,108.7362060546875,672300,0.0,0.0
2019-10-16 00:00:00-04:00,109.0569621871311,110.16178570392367,107.86303440797234,108.27288818359375,752700,0.0,0.0
2019-10-17 00:00:00-04:00,108.63818843457325,108.98567327895898,107.76501703220636,108.6649169921875,552700,0.0,0.0
2019-10-18 00:00:00-04:00,108.09468990913973,110.42908147825676,108.09468990913973,108.38871765136719,953200,0.0,0.0
2019-10-21 00:00:00-04:00,108.76293022380955,109.62718987276585,108.00559160693155,108.08577728271484,991300,0.0,0.0
2019-10-22 00:00:00-04:00,107.85412065429612,109.07477009617809,102.60620087891824,106.29489135742188,1479800,0.0,0.0
2019-10-23 00:00:00-04:00,106.24143826012931,109.53809890202477,106.24143826012931,108.48673248291016,1083400,0.0,0.0
2019-10-24 00:00:00-04:00,109.44899829627451,110.14397487264239,108.36199829238886,110.05487060546875,765800,0.0,0.0
2019-10-25 00:00:00-04:00,110.09067885645038,111.43390331557939,109.23996593313962,110.72647094726562,559000,0.62,0.0
2019-10-28 00:00:00-04:00,111.36228255901258,112.66073036431447,108.40718549812638,108.85492706298828,1294100,0.0,0.0
2019-10-29 00:00:00-04:00,108.505686949079,111.45182720489264,108.39823334820653,110.39515686035156,625400,0.0,0.0
2019-10-30 00:00:00-04:00,109.84891745080368,110.06383832795254,108.74747699139162,109.49967956542969,619100,0.0,0.0
2019-10-31 00:00:00-04:00,109.40114437471422,109.62501509996262,107.5385383009693,108.48775482177734,986300,0.0,0.0
2019-11-01 00:00:00-04:00,109.50863514949891,110.43993844462521,108.98925328321793,109.69668579101562,1084100,0.0,0.0
2019-11-04 00:00:00-05:00,110.90556497576895,111.13839246199272,109.84889479305235,110.73542785644531,925400,0.0,0.0
2019-11-05 00:00:00-05:00,111.0936337184467,112.52641217652535,110.8339427937198,111.46974182128906,611600,0.0,0.0
2019-11-06 00:00:00-05:00,111.21899717973405,112.06971021545935,110.58320500490424,112.00702667236328,624800,0.0,0.0
2019-11-07 00:00:00-05:00,111.86371914704876,112.87561916865118,111.26374726025307,112.59801483154297,777000,0.0,0.0
2019-11-08 00:00:00-05:00,112.58013716733733,115.40986706135021,112.24880595863513,114.00395202636719,885800,0.0,0.0
2019-11-11 00:00:00-05:00,113.13532867876293,113.93231490279715,113.13532867876293,113.48457336425781,500400,0.0,0.0
2019-11-12 00:00:00-05:00,113.92334920001457,114.36213396031839,113.4039674164752,113.67261505126953,438800,0.0,0.0
2019-11-13 00:00:00-05:00,112.81295342748533,113.22487479524614,111.91747041096359,112.30252838134766,425700,0.0,0.0
2019-11-14 00:00:00-05:00,112.03389012503953,113.27861107567519,112.03389012503953,113.10846710205078,382300,0.0,0.0
2019-11-15 00:00:00-05:00,113.68157025018141,114.24572894309266,112.36521590803994,112.7950439453125,630500,0.0,0.0
2019-11-18 00:00:00-05:00,112.29357883062227,112.55326974188596,111.11154144638388,112.36521911621094,1006900,0.0,0.0
2019-11-19 00:00:00-05:00,113.10846973675359,113.18011002542144,111.03990593342542,112.73236846923828,625800,0.0,0.0
2019-11-20 00:00:00-05:00,112.02492244865488,112.79503837875507,111.12943944453774,111.25480651855469,513400,0.0,0.0
2019-11-21 00:00:00-05:00,111.42495311017089,111.67568726413329,110.69065730271245,110.9234848022461,647400,0.0,0.0
2019-11-22 00:00:00-05:00,111.28166710621807,112.60698492493033,111.20107691723877,111.74732208251953,502300,0.0,0.0
2019-11-25 00:00:00-05:00,111.944335695006,113.33233029481147,111.47868069265053,113.19801330566406,548400,0.0,0.0
2019-11-26 00:00:00-05:00,113.23382816414848,114.19199474780612,112.8129568724056,114.0755844116211,553900,0.0,0.0
2019-11-27 00:00:00-05:00,114.20093334099877,114.20093334099877,112.92039251850879,113.30545043945312,632600,0.0,0.0
2019-11-29 00:00:00-05:00,113.17113982981483,113.3233771331376,112.31147696396198,112.44580078125,257400,0.0,0.0
2019-12-02 00:00:00-05:00,112.69654741165712,113.40397988453306,111.46973993013293,111.75629425048828,714700,0.0,0.0
2019-12-03 00:00:00-05:00,110.20707965932067,110.20707965932067,108.84594866444212,109.75038146972656,661100,0.0,0.0
2019-12-04 00:00:00-05:00,110.1802345013635,111.34435835881554,109.27579471439412,109.3474349975586,905100,0.0,0.0
2019-12-05 00:00:00-05:00,109.71457265223904,110.53842219327761,108.96237022189126,110.4399185180664,548700,0.0,0.0
2019-12-06 00:00:00-05:00,111.47867947588296,112.43684603597184,111.21003866852696,112.12342834472656,512600,0.0,0.0
2019-12-09 00:00:00-05:00,112.09655750069886,112.22192456886893,110.40409524841004,110.91452026367188,468100,0.0,0.0
2019-12-10 00:00:00-05:00,110.77125618608791,110.77125618608791,108.1027203872811,108.30867767333984,891200,0.0,0.0
2019-12-11 00:00:00-05:00,109.02505671096239,110.10859033564283,108.68477562592005,109.95635986328125,777800,0.0,0.0
2019-12-12 00:00:00-05:00,109.89368431720276,112.40998957767007,109.47280617783768,112.25775909423828,653900,0.0,0.0
2019-12-13 00:00:00-05:00,112.46371393484206,113.1084628294916,111.29063331551745,111.46077728271484,423100,0.0,0.0
2019-12-16 00:00:00-05:00,112.15924976181275,113.04577605056475,110.6906581358423,110.75334167480469,1143600,0.0,0.0
2019-12-17 00:00:00-05:00,110.75333692880163,111.36226563776825,108.76536358976378,110.35037231445312,906800,0.0,0.0
2019-12-18 00:00:00-05:00,110.2697793583207,110.43096657640211,108.25494254829975,108.4429931640625,1164700,0.0,0.0
2019-12-19 00:00:00-05:00,109.03400788503957,110.5294627990191,108.27284873011529,109.67875671386719,1085900,0.0,0.0
2019-12-20 00:00:00-05:00,109.67875888344771,111.36226443380497,109.03401004186617,110.45782470703125,2163000,0.0,0.0
2019-12-23 00:00:00-05:00,110.37724301092967,110.81602779388263,109.48175995804982,110.33246612548828,685700,0.0,0.0
2019-12-24 00:00:00-05:00,110.41306977291029,110.77125754994326,109.84891104329492,110.49365997314453,167200,0.0,0.0
2019-12-26 00:00:00-05:00,110.19814303613497,110.44887719949466,109.37430026166923,110.242919921875,391700,0.0,0.0
2019-12-27 00:00:00-05:00,110.88766750585259,111.27272548988462,110.41306258339316,110.43096923828125,534100,0.0,0.0
2019-12-30 00:00:00-05:00,110.4847070047991,110.70857778909217,109.65190741394912,109.87577819824219,416700,0.0,0.0
2019-12-31 00:00:00-05:00,109.75040926628098,110.37725155099277,109.5802721188256,110.25188446044922,633000,0.0,0.0
2020-01-02 00:00:00-05:00,110.95033885228466,111.56821744192317,108.631034459548,108.73849487304688,908100,0.0,0.0
2020-01-03 00:00:00-05:00,107.48482656714995,108.12061869606349,107.1893155287555,107.26095581054688,770900,0.0,0.0
2020-01-06 00:00:00-05:00,106.49083982921772,107.0102216240589,105.8640044437151,106.07891845703125,711400,0.0,0.0
2020-01-07 00:00:00-05:00,104.88793467763334,106.65203750523703,103.98350165157788,105.66700744628906,1231300,0.0,0.0
2020-01-08 00:00:00-05:00,105.4431268983071,106.02519223484505,104.36854999392423,104.84315490722656,826300,0.0,0.0
2020-01-09 00:00:00-05:00,105.16552475962618,105.5416259765625,104.45809237615472,105.5416259765625,998300,0.0,0.0
2020-01-10 00:00:00-05:00,105.63116256923949,105.80130650729059,104.61031260491765,104.78045654296875,555100,0.0,0.0
2020-01-13 00:00:00-05:00,104.93268025882561,106.14158073557867,104.67298941342071,105.78338623046875,470200,0.0,0.0
2020-01-14 00:00:00-05:00,105.80130551948155,106.8937957456241,105.20133361889253,106.0699462890625,856800,0.0,0.0
2020-01-15 00:00:00-05:00,105.72967426784318,107.06394198363314,105.60430719827863,105.84608459472656,542200,0.0,0.0
2020-01-16 00:00:00-05:00,106.38338044284995,107.1445396072051,105.44312058382756,105.7923583984375,788300,0.0,0.0
2020-01-17 00:00:00-05:00,106.03416081938441,106.65203953400861,104.98644036381552,105.29985809326172,1218400,0.0,0.0
2020-01-21 00:00:00-05:00,104.86105140304889,105.96249843052978,104.29689960770074,105.26402282714844,924800,0.0,0.0
2020-01-22 00:00:00-05:00,105.73863164134818,105.9535456430277,104.55659438412142,104.57450103759766,708600,0.0,0.0
2020-01-23 00:00:00-05:00,103.83124803373981,103.96557184614943,102.29997296905306,103.49992370605469,596000,0.0,0.0
2020-01-24 00:00:00-05:00,103.4730741720054,103.86708208733356,102.20148298710096,102.5417709350586,697000,0.0,0.0
2020-01-27 00:00:00-05:00,100.4821596234413,100.49111636755936,99.24639538291702,99.70308685302734,632900,0.0,0.0
2020-01-28 00:00:00-05:00,100.12396028034944,100.83139272838477,99.6135352016396,100.52693176269531,560800,0.0,0.0
2020-01-29 00:00:00-05:00,101.44928769400217,102.25522390184109,100.12396961533432,100.23143005371094,531500,0.0,0.0
2020-01-30 00:00:00-05:00,99.0314665606135,100.10605031265308,97.74197562295682,98.67327880859375,875900,0.0,0.0
2020-01-31 00:00:00-05:00,96.47934925531943,96.47934925531943,90.57811878491833,92.68250274658203,2415000,0.0,0.0
2020-02-03 00:00:00-05:00,93.78392762160097,94.56299337626713,92.23473919028937,93.810791015625,1508100,0.0,0.0
2020-02-04 00:00:00-05:00,95.06448434192475,96.4614357206605,94.9749305708829,96.11219787597656,994500,0.0,0.0
2020-02-05 00:00:00-05:00,97.45540789625392,98.75385539842921,97.11512001392391,98.37775421142578,1207500,0.0,0.0
2020-02-06 00:00:00-05:00,98.67329036051622,98.92402454908148,96.94500760991222,98.01958465576172,782300,0.0,0.0
2020-02-07 00:00:00-05:00,96.89126355984929,97.44646551198655,96.06742079112445,97.2405014038086,641600,0.0,0.0
2020-02-10 00:00:00-05:00,96.83755068943144,97.39275272141398,96.2913054022213,96.3271255493164,810100,0.0,0.0
2020-02-11 00:00:00-05:00,96.99873208971617,97.85839507220771,96.66740087304996,97.26737976074219,604300,0.0,0.0
2020-02-12 00:00:00-05:00,98.30613510807787,100.13292147947882,97.85839355132255,99.77472686767578,1051400,0.0,0.0
2020-02-13 00:00:00-05:00,98.95088195800781,99.7836815093052,98.73596792825187,98.95088195800781,801100,0.0,0.0
2020-02-14 00:00:00-05:00,98.87883795973951,99.29308362158854,98.06835432979872,99.07695007324219,997600,0.62,0.0
2020-02-18 00:00:00-05:00,98.42855556784285,98.78876435437203,95.70893388396894,97.03272247314453,1061900,0.0,0.0
2020-02-19 00:00:00-05:00,97.4560019884551,98.2844934167564,97.20385302075854,97.48301696777344,674800,0.0,0.0
2020-02-20 00:00:00-05:00,97.21286128651558,98.79780661648512,96.98772727995065,98.06837463378906,749300,0.0,0.0
2020-02-21 00:00:00-05:00,97.37495069075727,97.55506200473111,96.51944427864989,97.23987579345703,652300,0.0,0.0
2020-02-24 00:00:00-05:00,94.12400002314098,94.45720074689127,92.53005465934734,93.6106948852539,764100,0.0,0.0
2020-02-25 00:00:00-05:00,94.17803693899553,94.17803693899553,87.93732348230202,88.08140563964844,1328100,0.0,0.0
2020-02-26 00:00:00-05:00,88.99997404228985,90.02658452703291,87.22591703270307,87.23492431640625,1691800,0.0,0.0
2020-02-27 00:00:00-05:00,85.01959171478845,86.72160389799102,82.58814083125392,82.60615539550781,1169900,0.0,0.0
2020-02-28 00:00:00-05:00,79.94957945085142,84.65037814499902,79.31019975954064,84.4162368774414,2435400,0.0,0.0
2020-03-02 00:00:00-05:00,84.73142495531312,86.99177213271057,83.49769509051163,86.78465270996094,1434700,0.0,0.0
2020-03-03 00:00:00-05:00,86.44243248904854,87.83826577523685,83.67778776285664,85.2357177734375,1216300,0.0,0.0
2020-03-04 00:00:00-05:00,86.77564335616017,88.34257396129267,83.67779753726215,88.14445495605469,1091200,0.0,0.0
2020-03-05 00:00:00-05:00,85.09163389251492,86.19028877205213,84.06502353274423,85.32577514648438,915000,0.0,0.0
2020-03-06 00:00:00-05:00,82.42605302996459,85.57792880241495,81.71462881686053,83.0744400024414,1365600,0.0,0.0
2020-03-09 00:00:00-04:00,77.3109992197584,81.94876009367383,70.62001776366198,71.52055358886719,1155600,0.0,0.0
2020-03-10 00:00:00-04:00,75.01462162653651,77.74324351886219,72.21395523401712,77.68020629882812,1297200,0.0,0.0
2020-03-11 00:00:00-04:00,75.27578008880397,75.473899053207,70.53896698781548,72.6462173461914,1768800,0.0,0.0
2020-03-12 00:00:00-04:00,67.75632629537687,69.94462903660593,63.280661303890504,65.98226928710938,1971000,0.0,0.0
2020-03-13 00:00:00-04:00,70.33185974853784,71.60161879778111,65.15377778368229,70.61103057861328,1574800,0.0,0.0
2020-03-16 00:00:00-04:00,63.4427516571437,66.828768578258,59.543436416369204,59.55243682861328,1129500,0.0,0.0
2020-03-17 00:00:00-04:00,61.3625045468203,63.631858450723946,58.03052506937076,63.42473220825195,1788100,0.0,0.0
2020-03-18 00:00:00-04:00,58.38173545790488,58.913048262887145,47.45823563588912,53.23967361450195,1365600,0.0,0.0
2020-03-19 00:00:00-04:00,52.411180229902556,65.09972881677616,50.84424654648364,57.481197357177734,1863500,0.0,0.0
2020-03-20 00:00:00-04:00,58.57084325313707,62.48817220751453,55.85122500365685,58.29167938232422,1807300,0.0,0.0
2020-03-23 00:00:00-04:00,57.91345624210925,58.822999341807346,54.32932753489529,56.013328552246094,1517800,0.0,0.0
2020-03-24 00:00:00-04:00,60.47096747307628,62.40712040508153,58.651881696758245,60.25484085083008,1476100,0.0,0.0
2020-03-25 00:00:00-04:00,60.66008609895087,68.12552797454063,59.06613404149659,65.62203979492188,1440400,0.0,0.0
2020-03-26 00:00:00-04:00,65.73911672357652,68.33265748530287,63.03750918699118,68.01747131347656,1575000,0.0,0.0
2020-03-27 00:00:00-04:00,64.98265058762617,65.54097824867901,63.33466883143087,64.18116760253906,826300,0.0,0.0
2020-03-30 00:00:00-04:00,65.38789435176403,67.47713679310982,62.7403173318405,66.72969055175781,853000,0.0,0.0
2020-03-31 00:00:00-04:00,66.68469674701659,67.73832226862729,64.89262507426069,66.09033966064453,1006400,0.0,0.0
2020-04-01 00:00:00-04:00,62.956460752075806,64.15416813830339,60.79517346908272,61.281463623046875,1117100,0.0,0.0
2020-04-02 00:00:00-04:00,61.37151791315716,65.02769116797349,59.91264740170943,61.776756286621094,1593700,0.0,0.0
2020-04-03 00:00:00-04:00,61.5426115333417,64.32527064931357,60.31788920088374,60.42594909667969,1110200,0.0,0.0
2020-04-06 00:00:00-04:00,63.74893271030157,66.18037672139717,63.54180644480258,65.26183319091797,1177400,0.0,0.0
2020-04-07 00:00:00-04:00,68.50375711363964,70.24179145918214,67.08090891976696,68.296630859375,1174900,0.0,0.0
2020-04-08 00:00:00-04:00,69.17015243765131,74.27619563332192,68.56679510199274,73.825927734375,1116900,0.0,0.0
2020-04-09 00:00:00-04:00,73.70886380283025,78.25657295475631,73.07849140597928,75.56397247314453,1096700,0.0,0.0
2020-04-13 00:00:00-04:00,74.80749589630946,75.48289763133232,72.38505280812082,73.93397521972656,815500,0.0,0.0
2020-04-14 00:00:00-04:00,75.44688925286444,75.67202320593245,72.41208796265519,73.22256469726562,1099800,0.0,0.0
2020-04-15 00:00:00-04:00,69.64743963821599,69.86357318992906,67.11693608749613,67.70228576660156,907900,0.0,0.0
2020-04-16 00:00:00-04:00,67.98146631971187,70.43092554089897,64.3162847724261,65.07273864746094,1575400,0.0,0.0
2020-04-17 00:00:00-04:00,67.49515363093647,71.13331898871421,67.12593753563398,70.38587951660156,1106200,0.0,0.0
2020-04-20 00:00:00-04:00,69.20618672550046,70.45793115254472,67.36009214120102,68.458740234375,742600,0.0,0.0
2020-04-21 00:00:00-04:00,66.45054458344698,67.63024440851126,65.63105362031062,66.15336608886719,509500,0.0,0.0
2020-04-22 00:00:00-04:00,68.12554502152122,69.08011091635439,66.27944360209155,67.99046325683594,572500,0.0,0.0
2020-04-23 00:00:00-04:00,68.45872464384404,71.4304953649723,68.45872464384404,70.25979614257812,570900,0.0,0.0
2020-04-24 00:00:00-04:00,71.53066299124293,72.06623186912739,70.04195437317685,71.5215835571289,1363700,0.62,0.0
2020-04-27 00:00:00-04:00,71.26742471474738,75.71539924469036,71.23111389882204,74.98919677734375,1147000,0.0,0.0
2020-04-28 00:00:00-04:00,76.65943511361264,78.89250476281977,72.2114685329287,74.38098907470703,1766600,0.0,0.0
2020-04-29 00:00:00-04:00,73.60939216149605,79.0195844330328,73.60939216149605,78.37507629394531,910300,0.0,0.0
2020-04-30 00:00:00-04:00,76.5232730298005,77.05884182240501,74.68961546316926,75.40673828125,878600,0.0,0.0
2020-05-01 00:00:00-04:00,73.79096134310764,73.79096134310764,71.64867186289067,71.99361419677734,898900,0.0,0.0
2020-05-04 00:00:00-04:00,71.04047021777677,71.07678102496608,69.27035472658389,70.65921020507812,853600,0.0,0.0
2020-05-05 00:00:00-04:00,71.92099305138868,73.8998871591453,70.65014241717805,70.81353759765625,677900,0.0,0.0
2020-05-06 00:00:00-04:00,71.83020997726199,72.16607975991894,70.14179548166288,70.42320251464844,542200,0.0,0.0
2020-05-07 00:00:00-04:00,71.24016588236937,73.4913801976124,71.24016588236937,72.93765258789062,862600,0.0,0.0
2020-05-08 00:00:00-04:00,74.43546189010499,75.68815375553478,74.10867150337039,75.08904266357422,591600,0.0,0.0
2020-05-11 00:00:00-04:00,73.26445779899036,73.50955403055589,71.94822385736971,72.62903594970703,653000,0.0,0.0
2020-05-12 00:00:00-04:00,73.03752355040808,74.39914779316494,70.6229134945537,70.66829681396484,605800,0.0,0.0
2020-05-13 00:00:00-04:00,70.03286735307013,70.09640953382738,66.41094919875002,67.05545043945312,674800,0.0,0.0
2020-05-14 00:00:00-04:00,65.56673226968007,69.14325965410393,63.261048312140325,69.10694885253906,1130800,0.0,0.0
2020-05-15 00:00:00-04:00,68.72571401843729,71.17664183107794,68.61678158490467,69.59715270996094,2725000,0.0,0.0
2020-05-18 00:00:00-04:00,72.48379442202007,77.30394885885131,72.48379442202007,76.53235626220703,1003500,0.0,0.0
2020-05-19 00:00:00-04:00,75.82430266006268,76.91360604349263,74.43544725234914,76.14201354980469,885500,0.0,0.0
2020-05-20 00:00:00-04:00,77.49457333975835,78.78357590161033,77.38564091212824,78.1572265625,1154000,0.0,0.0
2020-05-21 00:00:00-04:00,77.70336609947218,78.76543149290504,76.35990053997932,78.17539978027344,947800,0.0,0.0
2020-05-22 00:00:00-04:00,78.05738394190644,78.27524882611954,76.46882218714578,77.59443664550781,847200,0.0,0.0
2020-05-26 00:00:00-04:00,80.39028247286396,83.04998841992901,80.27227754726475,82.9410629272461,902800,0.0,0.0
2020-05-27 00:00:00-04:00,84.91089009012231,87.16210499908098,84.2482298998366,85.41922760009766,1462700,0.0,0.0
2020-05-28 00:00:00-04:00,86.58112231457011,86.58112231457011,83.24060474573926,83.82156372070312,851300,0.0,0.0
2020-05-29 00:00:00-04:00,82.51442315493149,82.51442315493149,79.96364259104772,81.61575317382812,2508900,0.0,0.0
2020-06-01 00:00:00-04:00,82.03331533118934,82.44179978876696,80.70800204536759,81.09832763671875,1037900,0.0,0.0
2020-06-02 00:00:00-04:00,81.13464544889354,84.1574528578125,81.13464544889354,84.08483123779297,1010600,0.0,0.0
2020-06-03 00:00:00-04:00,85.53721891063037,87.82474408130803,85.28304329115286,86.98961639404297,609500,0.0,0.0
2020-06-04 00:00:00-04:00,86.19080913222557,87.5070500148879,84.83826436538804,87.49797058105469,692200,0.0,0.0
2020-06-05 00:00:00-04:00,91.69175720892464,92.69028003722109,88.32400819294097,88.70526123046875,1088200,0.0,0.0
2020-06-08 00:00:00-04:00,88.60541147145982,89.92164521214207,88.25138979153624,89.6220932006836,750700,0.0,0.0
2020-06-09 00:00:00-04:00,88.41479028212854,88.73250117744367,86.49943855177123,88.05168914794922,678800,0.0,0.0
2020-06-10 00:00:00-04:00,88.13338102658149,88.81419303876754,85.71877135799546,85.84585571289062,831000,0.0,0.0
2020-06-11 00:00:00-04:00,81.52497298917366,82.51442345578835,77.18593188056857,77.66703796386719,994100,0.0,0.0
2020-06-12 00:00:00-04:00,81.32526496418423,82.1513202378144,77.90305279269215,80.35397338867188,751000,0.0,0.0
2020-06-15 00:00:00-04:00,77.28578297295972,81.51589847994634,76.38711301064482,80.7806167602539,1013100,0.0,0.0
2020-06-16 00:00:00-04:00,84.47515875852052,85.74600933087657,81.00755625321639,81.60667419433594,1074700,0.0,0.0
2020-06-17 00:00:00-04:00,82.26932831481196,82.3237979899836,80.30859314809643,80.84416198730469,810800,0.0,0.0
2020-06-18 00:00:00-04:00,80.35396016441823,80.86230445129074,79.33728544182743,80.00901794433594,665700,0.0,0.0
2020-06-19 00:00:00-04:00,81.7700783044735,82.10594119401293,77.48549946823009,78.72003936767578,1863500,0.0,0.0
2020-06-22 00:00:00-04:00,78.74726315244592,79.48253797549401,77.03161728161471,78.4023208618164,1182900,0.0,0.0
2020-06-23 00:00:00-04:00,79.77299617504683,79.77299617504683,77.4673124056826,77.94842529296875,866000,0.0,0.0
2020-06-24 00:00:00-04:00,76.8409755887307,76.8409755887307,74.65329656651257,75.30687713623047,1064400,0.0,0.0
2020-06-25 00:00:00-04:00,74.86208032433922,77.34931128262541,74.09956736761723,77.24945831298828,771000,0.0,0.0
2020-06-26 00:00:00-04:00,77.0043826784206,77.0043826784206,74.93471517025563,75.14349365234375,922700,0.0,0.0
2020-06-29 00:00:00-04:00,76.04216172711874,78.01198312473964,75.50659292274777,77.5127182006836,614100,0.0,0.0
2020-06-30 00:00:00-04:00,76.85913652728588,78.8925000768804,76.47788345882866,78.37507629394531,833900,0.0,0.0
2020-07-01 00:00:00-04:00,79.01049171179393,79.48251825160328,77.1314511326233,77.82134246826172,956300,0.0,0.0
2020-07-02 00:00:00-04:00,79.25560860881028,81.49775103791704,79.25560860881028,80.30860137939453,885200,0.0,0.0
2020-07-06 00:00:00-04:00,81.67931361183547,82.06964622429732,80.05444096580034,81.57038116455078,826100,0.0,0.0
2020-07-07 00:00:00-04:00,80.57181925855511,80.78967712287105,79.26465822150615,79.87284851074219,701000,0.0,0.0
2020-07-08 00:00:00-04:00,79.5551538026183,79.90917550095794,77.04069110856774,77.83950805664062,664900,0.0,0.0
2020-07-09 00:00:00-04:00,77.73058588130763,78.00291349694801,75.4249013591104,76.31449890136719,611800,0.0,0.0
2020-07-10 00:00:00-04:00,76.74114704592776,78.8562051391127,76.24188202802422,78.47494506835938,566200,0.0,0.0
2020-07-13 00:00:00-04:00,79.57330907825495,80.40843679432368,78.91972845678282,79.0558853149414,752600,0.0,0.0
2020-07-14 00:00:00-04:00,79.09221924771545,80.78971347345633,78.77450827647512,80.64447021484375,720200,0.0,0.0
2020-07-15 00:00:00-04:00,82.29655015908703,84.0303476217014,81.951601012431,83.42215728759766,641400,0.0,0.0
2020-07-16 00:00:00-04:00,82.99552238483483,83.82157068245274,81.71559249190369,82.2330093383789,1197100,0.0,0.0
2020-07-17 00:00:00-04:00,82.59611869560227,83.46755731732298,81.21634260927246,81.27080535888672,657700,0.0,0.0
2020-07-20 00:00:00-04:00,83.17707580113547,86.66283713080335,82.723201096921,83.32231903076172,1226400,0.0,0.0
2020-07-21 00:00:00-04:00,84.06667522819583,85.69154753822787,83.82157900388309,84.9925765991211,878500,0.0,0.0
2020-07-22 00:00:00-04:00,84.63855236751611,85.12873787603732,83.94866780788924,85.02888488769531,724700,0.0,0.0
2020-07-23 00:00:00-04:00,84.80194713072733,86.08187710666346,84.09390370811514,85.46460723876953,794600,0.0,0.0
2020-07-24 00:00:00-04:00,85.43720293504283,85.71133578653122,84.16706753469012,84.45947265625,846200,0.62,0.0
2020-07-27 00:00:00-04:00,84.870669234432,86.99974783657187,84.35896198881458,86.99060821533203,981800,0.0,0.0
2020-07-28 00:00:00-04:00,86.33269934186683,87.29215039911081,84.46861403873659,85.19049072265625,1260600,0.0,0.0
2020-07-29 00:00:00-04:00,86.18649916723199,89.37554389743379,85.3092837244611,88.78160095214844,1760400,0.0,0.0
2020-07-30 00:00:00-04:00,89.2750067803972,89.46690392870883,87.42920105225917,89.17449188232422,1212400,0.0,0.0
2020-07-31 00:00:00-04:00,89.52174252557944,90.24361919878157,86.9906043589546,88.8181381225586,1062000,0.0,0.0
2020-08-03 00:00:00-04:00,88.76329970251709,89.11052855060443,86.9449058596202,88.16021728515625,1120200,0.0,0.0
2020-08-04 00:00:00-04:00,87.86780267249435,89.75015970339014,86.74386664776921,89.0831069946289,1145400,0.0,0.0
2020-08-05 00:00:00-04:00,89.90551246487514,91.91579658195874,89.89637284510563,90.68221282958984,1016200,0.0,0.0
2020-08-06 00:00:00-04:00,89.84154370644572,91.00202437435907,89.32069695447093,90.43549346923828,908300,0.0,0.0
2020-08-07 00:00:00-04:00,89.54914299266429,92.37267895091506,89.54914299266429,92.27217102050781,818500,0.0,0.0
2020-08-10 00:00:00-04:00,92.33613422113034,94.27331529759702,92.13510441776407,94.25504302978516,629300,0.0,0.0
2020-08-11 00:00:00-04:00,95.58913832280709,97.80045213948402,94.10883370830703,94.11797332763672,1050200,0.0,0.0
2020-08-12 00:00:00-04:00,95.19622795764464,95.42466966353537,92.97577429752724,93.20421600341797,1022400,0.0,0.0
2020-08-13 00:00:00-04:00,92.4092315131052,93.46920431918863,91.99803925265157,92.32699584960938,531100,0.0,0.0
2020-08-14 00:00:00-04:00,91.49545903516297,93.43264698857328,91.42236299599577,92.72904968261719,444500,0.0,0.0
2020-08-17 00:00:00-04:00,93.33212430205994,93.9352136323899,90.62737587698814,92.07112884521484,459600,0.0,0.0
2020-08-18 00:00:00-04:00,92.1716494855115,92.637665482772,91.58683935556812,91.66907501220703,510700,0.0,0.0
2020-08-19 00:00:00-04:00,91.68733858440746,92.75645081974044,91.07511662697229,91.61424255371094,379500,0.0,0.0
2020-08-20 00:00:00-04:00,90.53601378493536,91.76045791772708,90.10654228503499,91.34012603759766,549800,0.0,0.0
2020-08-21 00:00:00-04:00,90.96548961139739,91.64167510537659,90.30757638634192,91.20306396484375,574800,0.0,0.0
2020-08-24 00:00:00-04:00,91.99802091509144,94.2915770168586,91.66906438370309,94.17278289794922,592500,0.0,0.0
2020-08-25 00:00:00-04:00,94.36468483078912,95.44292982466676,92.81128421639153,93.35954284667969,682700,0.0,0.0
2020-08-26 00:00:00-04:00,93.22249725857021,94.6022872471709,92.50976018292522,93.92610168457031,543300,0.0,0.0
2020-08-27 00:00:00-04:00,94.43778210175994,94.65708414625131,93.07627174212514,94.0905532836914,473900,0.0,0.0
2020-08-28 00:00:00-04:00,94.32815508339401,95.15053967199223,93.31387332120251,94.9769287109375,357000,0.0,0.0
2020-08-31 00:00:00-04:00,94.78504096137075,94.78504096137075,92.35441772883443,92.42752075195312,927200,0.0,0.0
2020-09-01 00:00:00-04:00,91.97976240339975,96.11912457554975,91.3949452823346,96.10084533691406,917100,0.0,0.0
2020-09-02 00:00:00-04:00,96.21964527848097,97.26133885598013,95.56173207764206,97.01461791992188,1314900,0.0,0.0
2020-09-03 00:00:00-04:00,97.86440783984432,97.86440783984432,93.70677372193927,94.79415130615234,1041700,0.0,0.0
2020-09-04 00:00:00-04:00,95.92724811953941,97.13342009700254,95.02261390782614,97.02376556396484,1403800,0.0,0.0
2020-09-08 00:00:00-04:00,95.42466960219025,95.89982528268295,93.86212917148066,95.1779556274414,1118900,0.0,0.0
2020-09-09 00:00:00-04:00,95.68967983794329,97.87358237559076,95.68967983794329,97.26136016845703,693500,0.0,0.0
2020-09-10 00:00:00-04:00,97.38926603763383,97.89183358865456,95.99120396600435,96.0368881225586,612200,0.0,0.0
2020-09-11 00:00:00-04:00,96.78617753500379,98.07459206601852,96.09171978825303,97.38926696777344,551300,0.0,0.0
2020-09-14 00:00:00-04:00,98.15684141444841,100.39557456368507,97.9192670334101,99.9752426147461,663900,0.0,0.0
2020-09-15 00:00:00-04:00,100.26762879410693,101.40983723444518,99.96608409270074,100.81588745117188,514300,0.0,0.0
2020-09-16 00:00:00-04:00,101.42812147416255,104.46182717092664,101.07175295643182,103.65771484375,1097100,0.0,0.0
2020-09-17 00:00:00-04:00,102.57946315592451,105.11059413029103,101.62000522512302,104.37044525146484,1082900,0.0,0.0
2020-09-18 00:00:00-04:00,103.53892079649606,104.7999235265192,103.0272135851753,104.00494384765625,1290000,0.0,0.0
2020-09-21 00:00:00-04:00,101.35499726364527,101.86671133895321,99.01575682161962,100.09400177001953,908600,0.0,0.0
2020-09-22 00:00:00-04:00,100.63312057749971,101.30931293088942,98.81472686127294,99.74677276611328,603400,0.0,0.0
2020-09-23 00:00:00-04:00,99.48178242908303,100.10314405951002,96.76789423400466,96.90496063232422,845800,0.0,0.0
2020-09-24 00:00:00-04:00,96.85929496609708,97.98323136193218,95.14141564058517,96.36585998535156,599300,0.0,0.0
2020-09-25 00:00:00-04:00,95.44292239992288,97.3070071750802,95.1231054714247,96.98719024658203,478600,0.0,0.0
2020-09-28 00:00:00-04:00,98.7233697074822,100.45952808858758,98.30303779988621,99.23507690429688,718900,0.0,0.0
2020-09-29 00:00:00-04:00,99.13455618946072,99.80160900752144,97.29788997781009,97.66339111328125,476300,0.0,0.0
2020-09-30 00:00:00-04:00,98.33044064563344,99.89298095346848,97.91010877669716,98.18423461914062,727600,0.0,0.0
2020-10-01 00:00:00-04:00,98.86043596310259,100.09401979422796,96.48463661843125,96.89583587646484,733700,0.0,0.0
2020-10-02 00:00:00-04:00,95.31500938694761,99.88384322923615,94.3921099702761,98.91525268554688,775200,0.0,0.0
2020-10-05 00:00:00-04:00,99.78333384139034,102.17740541679036,99.70109817399835,101.15398406982422,859600,0.0,0.0
2020-10-06 00:00:00-04:00,102.06775325662099,104.95525981782215,101.51035492640796,101.58345794677734,874600,0.0,0.0
2020-10-07 00:00:00-04:00,104.87301396111052,107.02950419546465,104.12372545402053,106.41728210449219,778600,0.0,0.0
2020-10-08 00:00:00-04:00,107.102600260502,107.9341313518746,106.0243552133245,107.7787857055664,516800,0.0,0.0
2020-10-09 00:00:00-04:00,108.91187453252158,109.65202346000045,107.07520118754996,107.67828369140625,791300,0.0,0.0
2020-10-12 00:00:00-04:00,108.32705303468495,108.32705303468495,106.71882157247775,107.17570495605469,704000,0.0,0.0
2020-10-13 00:00:00-04:00,106.40814090639604,106.99295109977018,105.02835806000665,106.33504486083984,638000,0.0,0.0
2020-10-14 00:00:00-04:00,106.60916954474936,108.73824783518344,106.60916954474936,108.28136444091797,505900,0.0,0.0
2020-10-15 00:00:00-04:00,106.81933717857112,109.20426901427943,105.23851759352226,109.19512939453125,538700,0.0,0.0
2020-10-16 00:00:00-04:00,109.66114965372954,110.26423208374443,109.01237609760557,109.7433853149414,723500,0.0,0.0
2020-10-19 00:00:00-04:00,109.8530425460979,111.26024421284785,107.19397789082363,107.55034637451172,726900,0.0,0.0
2020-10-20 00:00:00-04:00,108.4458416698848,109.27736581405615,107.23966979980469,107.23966979980469,451300,0.0,0.0
2020-10-21 00:00:00-04:00,106.69140925756237,108.21739807944024,105.91470890289,106.17969512939453,594300,0.0,0.0
2020-10-22 00:00:00-04:00,106.82848471232403,108.23567951235329,106.25280714082433,107.8884506225586,472300,0.0,0.0
2020-10-23 00:00:00-04:00,108.9575547524837,109.9170127116568,108.44584755905146,109.81649780273438,1085100,0.0,0.0
2020-10-26 00:00:00-04:00,107.46512217335886,107.89682079391005,104.51672094439114,106.08736419677734,974000,0.62,0.0
2020-10-27 00:00:00-04:00,105.2147958491804,106.24351740716864,102.83586323105251,102.97364044189453,741000,0.0,0.0
2020-10-28 00:00:00-04:00,100.32831768028531,103.77271189193475,100.24564857523399,102.4225082397461,872300,0.0,0.0
2020-10-29 00:00:00-04:00,101.68771807674317,105.51788338873727,101.4856457951751,104.51671600341797,741700,0.0,0.0
2020-10-30 00:00:00-04:00,103.74516901895811,104.59937921333604,102.29393599612483,104.25953674316406,752900,0.0,0.0
2020-11-02 00:00:00-05:00,106.05062570703869,108.62244346188976,105.55463198256143,107.92437744140625,1161100,0.0,0.0
2020-11-03 00:00:00-05:00,109.770555901706,109.770555901706,108.05294869426878,108.95308685302734,631500,0.0,0.0
2020-11-04 00:00:00-05:00,108.0713470672007,108.74185207462027,105.70160148977715,105.78426361083984,668400,0.0,0.0
2020-11-05 00:00:00-05:00,107.26303163041051,111.42385889045997,106.93236921168514,109.91751098632812,780100,0.0,0.0
2020-11-06 00:00:00-05:00,110.68907186699875,111.45142591403376,109.43990414125103,109.93589782714844,619800,0.0,0.0
2020-11-09 00:00:00-05:00,116.74201651742719,123.03377611310506,114.40901232864154,115.96128845214844,1012100,0.0,0.0
2020-11-10 00:00:00-05:00,116.20011014168183,119.28628157374027,116.14499505721759,117.45845794677734,987700,0.0,0.0
2020-11-11 00:00:00-05:00,117.55947985913221,118.37695594301364,116.20009607268649,117.75236511230469,1089800,0.0,0.0
2020-11-12 00:00:00-05:00,116.88898468213038,117.56867663176882,113.22414354474924,114.28042602539062,819500,0.0,0.0
2020-11-13 00:00:00-05:00,115.16218238106657,118.04629522941805,114.84989396879364,117.94525909423828,856000,0.0,0.0
2020-11-16 00:00:00-05:00,119.80064709932341,122.12447854878532,119.57102075985654,121.9866943359375,885200,0.0,0.0
2020-11-17 00:00:00-05:00,120.45277241567204,121.7294940941721,119.13931669557424,121.61927795410156,933400,0.0,0.0
2020-11-18 00:00:00-05:00,122.07853345759162,124.67790493978463,121.17838824137887,122.35408782958984,1228000,0.0,0.0
2020-11-19 00:00:00-05:00,121.1784013022737,123.41037653922167,118.48718741620091,122.66638946533203,1074500,0.0,0.0
2020-11-20 00:00:00-05:00,122.24384828148578,123.48383585258965,120.81098247549335,121.16001892089844,1117000,0.0,0.0
2020-11-23 00:00:00-05:00,122.39999663717947,124.31048911520041,122.39999663717947,123.43791198730469,688800,0.0,0.0
2020-11-24 00:00:00-05:00,125.33922582244884,127.03845203414653,124.7881170960578,126.2393569946289,976000,0.0,0.0
2020-11-25 00:00:00-05:00,125.35760184187181,125.35760184187181,122.07854514545902,122.1703872680664,938300,0.0,0.0
2020-11-27 00:00:00-05:00,122.9327689876974,123.24505748445627,122.01426351585518,122.78580474853516,429600,0.0,0.0
2020-11-30 00:00:00-05:00,121.1508343587724,122.05097957612242,118.56983690219238,118.790283203125,1864400,0.0,0.0
2020-12-01 00:00:00-05:00,121.04980535352209,122.32652713916742,119.37813302262745,119.69961547851562,993800,0.0,0.0
2020-12-02 00:00:00-05:00,119.414873212365,120.6364869862142,118.35859768628262,120.00271606445312,1153100,0.0,0.0
2020-12-03 00:00:00-05:00,120.44359673568268,120.77425918304957,118.73517642683335,119.130126953125,847800,0.0,0.0
2020-12-04 00:00:00-05:00,120.04863345992155,122.65718500816654,119.8741152198492,121.83053588867188,1634100,0.0,0.0
2020-12-07 00:00:00-05:00,121.41722989633718,121.75707240616684,118.99237622435683,119.20362854003906,710200,0.0,0.0
2020-12-08 00:00:00-05:00,118.6708856137645,120.05783762928148,118.47800734337703,119.91087341308594,525600,0.0,0.0
2020-12-09 00:00:00-05:00,120.95796892674083,121.82136617779084,118.69843965239129,119.91087341308594,1038900,0.0,0.0
2020-12-10 00:00:00-05:00,119.66288277706786,120.75590644904113,119.02911180657712,120.2966537475586,1190100,0.0,0.0
2020-12-11 00:00:00-05:00,119.35056733830214,120.53543287370165,118.06465165551577,120.32418060302734,846200,0.0,0.0
2020-12-14 00:00:00-05:00,121.54580881365796,122.3357239373566,118.38614831886335,118.4780044555664,798000,0.0,0.0
2020-12-15 00:00:00-05:00,119.87410617396776,120.6364671563309,118.46879436770708,120.33335876464844,703100,0.0,0.0
2020-12-16 00:00:00-05:00,120.89364928026613,121.45393800982376,119.21278309159325,119.4240493774414,664800,0.0,0.0
2020-12-17 00:00:00-05:00,120.46195692095677,120.90284952825863,118.97398291332676,120.2874526977539,757500,0.0,0.0
2020-12-18 00:00:00-05:00,120.09457719452513,121.47233525029407,119.02910760106336,121.02226257324219,1946700,0.0,0.0
2020-12-21 00:00:00-05:00,119.02910257989767,120.2690903838935,118.27593549579463,120.10375213623047,524600,0.0,0.0
2020-12-22 00:00:00-05:00,120.53543701790706,120.53543701790706,119.39649950617657,119.59857177734375,557700,0.0,0.0
2020-12-23 00:00:00-05:00,120.30581026166726,121.34372564921385,118.81783628433868,118.84539031982422,574100,0.0,0.0
2020-12-24 00:00:00-05:00,118.3126680660802,119.77308816169867,118.01875365152755,119.2679214477539,195700,0.0,0.0
2020-12-28 00:00:00-05:00,120.00270687748815,120.23233319299446,117.3206802018468,117.35741424560547,518700,0.0,0.0
2020-12-29 00:00:00-05:00,117.99120613326406,118.55149497022268,115.92456204073618,117.11862182617188,435900,0.0,0.0
2020-12-30 00:00:00-05:00,117.14616625677874,119.51590459392509,117.14616625677874,119.03829193115234,690700,0.0,0.0
2020-12-31 00:00:00-05:00,119.24036978175978,120.25989725291528,118.04631003855023,119.3505859375,424700,0.0,0.0
2021-01-04 00:00:00-05:00,120.19560510364204,120.19560510364204,115.60307856600521,115.66737365722656,753800,0.0,0.0
2021-01-05 00:00:00-05:00,116.92572951444599,121.104931504751,116.76957828494061,120.87530517578125,1815200,0.0,0.0
2021-01-06 00:00:00-05:00,122.77659074737146,128.67339256217537,122.51023040100553,125.42189025878906,1407700,0.0,0.0
2021-01-07 00:00:00-05:00,126.72616886458825,128.48969724050127,125.79848361929456,128.05799865722656,809800,0.0,0.0
2021-01-08 00:00:00-05:00,128.05798097966894,128.26923323106342,124.3104784424426,125.66987609863281,582700,0.0,0.0
2021-01-11 00:00:00-05:00,124.01657063004434,126.49653175904037,123.33687176613073,125.8260269165039,837500,0.0,0.0
2021-01-12 00:00:00-05:00,125.82603986248256,127.69978441498536,124.83405250576534,127.4426040649414,834400,0.0,0.0
2021-01-13 00:00:00-05:00,127.35990141867201,128.3335144361324,125.09119304088107,125.65148162841797,732200,0.0,0.0
2021-01-14 00:00:00-05:00,126.248564987136,127.8008413624686,125.66991611295892,126.35879516601562,567200,0.0,0.0
2021-01-15 00:00:00-05:00,125.1555176584922,125.55048219553912,122.48267808943226,123.15318298339844,759000,0.0,0.0
2021-01-19 00:00:00-05:00,124.01659660220045,124.94428196260048,121.65603111925783,121.73869323730469,694700,0.0,0.0
2021-01-20 00:00:00-05:00,122.70312000982015,122.70312000982015,120.223158495873,121.5825424194336,633100,0.0,0.0
2021-01-21 00:00:00-05:00,122.01423953784841,123.19911921223209,120.55381948828574,121.54580688476562,847500,0.0,0.0
2021-01-22 00:00:00-05:00,120.46194780348564,121.24268280645607,119.4056724609037,120.69157409667969,623300,0.0,0.0
2021-01-25 00:00:00-05:00,119.94759035878853,120.5905411938809,116.56749795985891,117.9177017211914,902000,0.0,0.0
2021-01-26 00:00:00-05:00,119.29546708212425,120.12211620605243,115.15300641723256,115.41018676757812,777100,0.0,0.0
2021-01-27 00:00:00-05:00,113.27926327380565,113.70177488186569,109.35724161663431,109.64198303222656,1515300,0.0,0.0
2021-01-28 00:00:00-05:00,110.8727740177705,113.83954922269223,110.08285889847762,111.76372528076172,1373800,0.0,0.0
2021-01-29 00:00:00-05:00,107.46513041954799,113.54563861219076,106.01389022435639,112.1954345703125,1912500,0.0,0.0
2021-02-01 00:00:00-05:00,113.56400124004288,114.51006063204177,111.07485257529989,112.67304992675781,1330000,0.0,0.0
2021-02-02 00:00:00-05:00,114.16100760613072,115.49283729007807,112.08518397459476,114.83151245117188,1281200,0.0,0.0
2021-02-03 00:00:00-05:00,114.38145829221178,116.80631160497629,114.28960916823293,115.96128845214844,1224300,0.0,0.0
2021-02-04 00:00:00-05:00,116.11742849280395,117.33904211999611,115.17136923528957,115.7867660522461,981300,0.0,0.0
2021-02-05 00:00:00-05:00,116.99001986386295,118.32185672248282,116.0163995033038,116.944091796875,682900,0.0,0.0
2021-02-08 00:00:00-05:00,117.9044503968676,120.30538547198692,117.73823143538348,120.08375549316406,680700,0.68,0.0
2021-02-09 00:00:00-05:00,119.77905545041148,120.54549599097675,119.1788127657856,119.47431945800781,631300,0.0,0.0
2021-02-10 00:00:00-05:00,120.3238553311221,120.65629324627588,118.53238512671184,119.26189422607422,783400,0.0,0.0
2021-02-11 00:00:00-05:00,119.79749404657703,121.2103517178209,118.65244103175743,120.48084259033203,850700,0.0,0.0
2021-02-12 00:00:00-05:00,120.55473882541293,122.57706870805625,120.55473882541293,122.56782531738281,696800,0.0,0.0
2021-02-16 00:00:00-05:00,123.32503723242604,124.35928235688144,120.97026962392995,121.0810775756836,690600,0.0,0.0
2021-02-17 00:00:00-05:00,120.5824415933932,122.33696678743516,119.3634976215483,122.28156280517578,797900,0.0,0.0
2021-02-18 00:00:00-05:00,121.25652416911699,121.95834538781857,120.26845379249053,121.33963012695312,648200,0.0,0.0
2021-02-19 00:00:00-05:00,122.08764641831047,125.52282006429748,122.08764641831047,124.8671875,695300,0.0,0.0
2021-02-22 00:00:00-05:00,124.25772346035676,128.38548940586165,124.0176348298738,126.99110412597656,849000,0.0,0.0
2021-02-23 00:00:00-05:00,126.99109875784075,127.17578339583109,124.6548035654529,126.4739761352539,795200,0.0,0.0
2021-02-24 00:00:00-05:00,127.20347587763968,131.7744872562249,126.71405528281231,130.39857482910156,913100,0.0,0.0
2021-02-25 00:00:00-05:00,130.20462617999766,131.5436071062956,127.48971895409991,128.1822967529297,677200,0.0,0.0
2021-02-26 00:00:00-05:00,128.41316813975195,129.75214919243243,125.3842954075591,128.274658203125,1143200,0.0,0.0
2021-03-01 00:00:00-05:00,130.7125377248231,133.33509597598155,130.2415757375958,131.59902954101562,729000,0.0,0.0
2021-03-02 00:00:00-05:00,131.49744683456237,133.76910846331617,131.49744683456237,131.79295349121094,775000,0.0,0.0
2021-03-03 00:00:00-05:00,132.19005753716928,133.9907717309264,131.5344248770272,132.58714294433594,693300,0.0,0.0
2021-03-04 00:00:00-05:00,132.36550427193364,134.09234167066222,128.7456316081003,130.93417358398438,859900,0.0,0.0
2021-03-05 00:00:00-05:00,132.5779040298882,137.37977532047682,132.3008700132025,136.53944396972656,811800,0.0,0.0
2021-03-08 00:00:00-05:00,136.096190157496,140.91653386232937,136.096190157496,138.60794067382812,955900,0.0,0.0
2021-03-09 00:00:00-05:00,138.60794821588794,139.06966687871164,133.90764151953582,134.23085021972656,1091700,0.0,0.0
2021-03-10 00:00:00-05:00,134.3785995080161,137.21354468490566,134.1939148665812,136.2624053955078,756500,0.0,0.0
2021-03-11 00:00:00-05:00,137.47210830081332,138.04464901653498,135.4313197294345,135.7452850341797,955400,0.0,0.0
2021-03-12 00:00:00-05:00,136.32706436920105,137.3982410168785,135.99462635011878,136.66873168945312,764100,0.0,0.0
2021-03-15 00:00:00-04:00,136.14235355603768,136.86264760899405,132.75334037630196,134.73873901367188,664900,0.0,0.0
2021-03-16 00:00:00-04:00,134.56328430053583,134.96959896646973,131.50670909617156,132.69793701171875,836100,0.0,0.0
2021-03-17 00:00:00-04:00,133.75064332957342,135.3389564724433,132.66099417533192,135.32972717285156,752900,0.0,0.0
2021-03-18 00:00:00-04:00,136.2254522065379,139.53135889180976,135.96689093198327,137.2873992919922,689900,0.0,0.0
2021-03-19 00:00:00-04:00,136.2254652338201,137.73065834951976,133.01189350184143,136.33627319335938,1855900,0.0,0.0
2021-03-22 00:00:00-04:00,136.50250971157863,136.93651228329932,134.3416557007925,135.68988037109375,691700,0.0,0.0
2021-03-23 00:00:00-04:00,134.48015859717617,135.97612229271635,129.79832541589988,130.63865661621094,998200,0.0,0.0
2021-03-24 00:00:00-04:00,131.51591205832807,134.6925379843286,131.42357680126608,131.97763061523438,638300,0.0,0.0
2021-03-25 00:00:00-04:00,131.96841480726775,138.45093386372997,131.28506620059898,138.1554412841797,1012400,0.0,0.0
2021-03-26 00:00:00-04:00,141.61836569767377,143.70532922969022,139.32824480256738,140.99966430664062,762400,0.0,0.0
2021-03-29 00:00:00-04:00,140.04849021147456,142.06157655951029,139.34666891613227,140.56561279296875,788500,0.0,0.0
2021-03-30 00:00:00-04:00,141.23050657008685,142.1262419015021,139.5960185614532,139.8915252685547,715000,0.0,0.0
2021-03-31 00:00:00-04:00,139.70681686645125,140.87035683200062,138.04464107086818,138.3401336669922,945300,0.0,0.0
2021-04-01 00:00:00-04:00,138.62639168329372,140.31628349560626,136.84416460281798,140.26087951660156,670400,0.0,0.0
2021-04-05 00:00:00-04:00,141.63682508836467,142.44021107296524,140.1039157074068,141.95079040527344,534400,0.0,0.0
2021-04-06 00:00:00-04:00,140.99962819748734,143.0404165169794,140.80570018582452,141.76608276367188,658400,0.0,0.0
2021-04-07 00:00:00-04:00,141.56293438920838,141.56293438920838,139.35591990746164,139.43902587890625,689100,0.0,0.0
2021-04-08 00:00:00-04:00,139.43902858547474,139.900747223175,137.34282202496593,138.60794067382812,927600,0.0,0.0
2021-04-09 00:00:00-04:00,139.85460681763774,140.73186962616572,138.37711526920594,140.667236328125,666300,0.0,0.0
2021-04-12 00:00:00-04:00,141.8953621484181,143.0773606256357,141.4151708637568,142.70797729492188,1207200,0.0,0.0
2021-04-13 00:00:00-04:00,141.609114399558,141.8307303317507,139.45750381779982,140.29782104492188,769400,0.0,0.0
2021-04-14 00:00:00-04:00,140.11314117768825,142.8742238481053,139.93768583170205,141.72915649414062,414800,0.0,0.0
2021-04-15 00:00:00-04:00,142.33862963741535,144.60104828026934,141.1381582890024,143.56680297851562,722500,0.0,0.0
2021-04-16 00:00:00-04:00,145.62603581488295,147.1127701908005,145.1643172396357,145.82919311523438,753500,0.0,0.0
2021-04-19 00:00:00-04:00,146.2724267643264,146.7987926595259,145.29358572118159,146.1523895263672,725300,0.0,0.0
2021-04-20 00:00:00-04:00,145.79227782828943,146.09701381225827,142.0061794595624,143.6314239501953,665300,0.0,0.0
2021-04-21 00:00:00-04:00,143.6406974815322,147.12206059680295,143.60375209300727,146.51258850097656,592700,0.0,0.0
2021-04-22 00:00:00-04:00,146.49408780919578,146.58643717232133,141.99695281756405,142.27398681640625,733500,0.0,0.0
2021-04-23 00:00:00-04:00,140.4003830471842,147.35686654339273,137.738373224929,145.90065002441406,1264600,0.68,0.0
2021-04-26 00:00:00-04:00,146.71686238845666,149.12844890610515,145.62238248550943,146.32730102539062,783600,0.0,0.0
2021-04-27 00:00:00-04:00,145.90990496036602,145.90990496036602,144.37948441267295,145.18643188476562,869500,0.0,0.0
2021-04-28 00:00:00-04:00,145.41830310333177,146.0397471495683,144.509326723329,144.87106323242188,592300,0.0,0.0
2021-04-29 00:00:00-04:00,146.42008229575265,146.73543952102645,144.2311080004932,146.3551483154297,578200,0.0,0.0
2021-04-30 00:00:00-04:00,145.73367020643897,146.81887980797976,144.15687029359339,145.2977294921875,773500,0.0,0.0
2021-05-03 00:00:00-04:00,147.01365881214628,149.5736391954357,146.9487248507769,148.21945190429688,569400,0.0,0.0
2021-05-04 00:00:00-04:00,147.26412362353463,153.8866954223283,146.9765912335159,153.1817626953125,1167900,0.0,0.0
2021-05-05 00:00:00-04:00,153.98868601948269,156.30751330018143,152.62521444619193,155.35215759277344,910700,0.0,0.0
2021-05-06 00:00:00-04:00,155.50987218237037,156.37246933722162,151.99452128461724,156.1869659423828,667600,0.0,0.0
2021-05-07 00:00:00-04:00,154.48029492831566,156.56723973299808,153.87739127071836,156.40956115722656,520200,0.0,0.0
2021-05-10 00:00:00-04:00,157.6802962395389,158.60782739388912,154.99046155312413,155.0832061767578,615100,0.0,0.0
2021-05-11 00:00:00-04:00,153.97014629659114,156.4373821580637,152.74579858079275,156.01071166992188,469600,0.0,0.0
2021-05-12 00:00:00-04:00,155.4356392517563,155.88085014764448,150.85363406620127,151.1875457763672,527300,0.0,0.0
2021-05-13 00:00:00-04:00,151.73480107468663,154.94406473504722,151.1226271849588,154.5730438232422,603400,0.0,0.0
2021-05-14 00:00:00-04:00,154.67505265631945,155.8251961035922,154.20201697751313,155.0738983154297,545900,0.0,0.0
2021-05-17 00:00:00-04:00,154.57302000783392,157.01243082247936,153.71969327165723,156.78054809570312,500100,0.0,0.0
2021-05-18 00:00:00-04:00,156.74348907321496,157.8750781719225,154.8234928612598,154.92552185058594,552800,0.0,0.0
2021-05-19 00:00:00-04:00,152.77362332703933,154.03506593830295,150.9649267193241,152.476806640625,846100,0.0,0.0
2021-05-20 00:00:00-04:00,152.15218908592416,153.07972014733141,151.09480424203994,152.3748016357422,629200,0.0,0.0
2021-05-21 00:00:00-04:00,153.7104419220941,154.49884895109153,152.1892916138757,152.25421142578125,728300,0.0,0.0
2021-05-24 00:00:00-04:00,153.51563596578475,155.02751587948967,152.48607608858055,153.9237518310547,590900,0.0,0.0
2021-05-25 00:00:00-04:00,154.30404952838072,155.44490863493013,151.66986502504747,151.9388427734375,644000,0.0,0.0
2021-05-26 00:00:00-04:00,151.87396721400813,152.4954114336866,150.12093377252614,152.06874084472656,833000,0.0,0.0
2021-05-27 00:00:00-04:00,154.07216606498199,154.81419365266498,152.6715994310671,153.4043426513672,1350100,0.0,0.0
2021-05-28 00:00:00-04:00,153.61770056572277,153.71045933952746,151.61424408975853,153.46002197265625,673600,0.0,0.0
2021-06-01 00:00:00-04:00,156.0478105508104,157.1330200530164,155.03679106921766,156.22402954101562,1093700,0.0,0.0
2021-06-02 00:00:00-04:00,156.42809936536506,156.70636149930314,153.6269659019216,153.77536010742188,498100,0.0,0.0
2021-06-03 00:00:00-04:00,153.0889753375698,155.06460649777733,151.31738795122098,155.0089569091797,546000,0.0,0.0
2021-06-04 00:00:00-04:00,155.741753106708,156.05711028947303,153.93307026084787,154.2855224609375,640800,0.0,0.0
2021-06-07 00:00:00-04:00,154.89769235974077,155.25942891949077,152.6252440150035,153.32089233398438,567800,0.0,0.0
2021-06-08 00:00:00-04:00,152.28202847684446,154.37825753543925,150.86290721924684,153.03334045410156,557700,0.0,0.0
2021-06-09 00:00:00-04:00,150.0095999405061,151.6884289569574,148.7296166542235,150.51974487304688,511100,0.0,0.0
2021-06-10 00:00:00-04:00,152.44900775528802,152.81074430771127,149.38815238316766,149.4623565673828,526000,0.0,0.0
2021-06-11 00:00:00-04:00,150.42697535033128,151.73479749672896,148.46989846783583,148.72032165527344,581900,0.0,0.0
2021-06-14 00:00:00-04:00,148.18230723898077,148.7481015615088,144.41653466572677,145.1307373046875,774500,0.0,0.0
2021-06-15 00:00:00-04:00,145.56671348122865,146.2901865094899,144.15686243638638,145.34410095214844,703700,0.0,0.0
2021-06-16 00:00:00-04:00,144.65774121246406,145.22353568946465,140.91977825588643,141.56906127929688,1195100,0.0,0.0
2021-06-17 00:00:00-04:00,141.35569814736746,141.7452735652575,134.11168435709052,137.12615966796875,1103200,0.0,0.0
2021-06-18 00:00:00-04:00,134.68679989499105,136.32851978396886,134.55694610456905,135.85548400878906,1760700,0.0,0.0
2021-06-21 00:00:00-04:00,137.59926220765823,139.75112727942636,137.59926220765823,138.5453338623047,633500,0.0,0.0
2021-06-22 00:00:00-04:00,138.86067561964586,138.93486564681308,136.80155561725044,137.81256103515625,632400,0.0,0.0
2021-06-23 00:00:00-04:00,138.66590899299172,138.94417117274202,137.16331303654349,137.9702606201172,659200,0.0,0.0
2021-06-24 00:00:00-04:00,138.9441424371833,140.17776032831196,137.79399893681537,139.138916015625,623500,0.0,0.0
2021-06-25 00:00:00-04:00,140.0015259082368,141.06818085516164,138.7957328249744,139.30587768554688,1737300,0.0,0.0
2021-06-28 00:00:00-04:00,139.4264805476045,139.4264805476045,136.56039871694642,137.5992431640625,539200,0.0,0.0
2021-06-29 00:00:00-04:00,138.4989392363662,139.42647025995933,136.16155709407144,136.4212646484375,554600,0.0,0.0
2021-06-30 00:00:00-04:00,136.34706013673727,141.17021861709665,136.17082697820294,140.61370849609375,999600,0.0,0.0
2021-07-01 00:00:00-04:00,143.48904511721042,143.999190005802,139.76965084402465,142.04209899902344,940000,0.0,0.0
2021-07-02 00:00:00-04:00,142.1719287895531,144.14757404615733,140.89193167648583,143.516845703125,846600,0.0,0.0
2021-07-06 00:00:00-04:00,143.16441710962067,143.36847506413895,137.90530382626315,139.29660034179688,705900,0.0,0.0
2021-07-07 00:00:00-04:00,138.24849501907107,141.8936849669979,138.24849501907107,140.4931182861328,449500,0.0,0.0
2021-07-08 00:00:00-04:00,138.07224882182516,139.41716578143627,136.7737112373037,138.8791961669922,666100,0.0,0.0
2021-07-09 00:00:00-04:00,141.52267229158318,142.91396869930264,140.72499511837074,142.40382385253906,730600,0.0,0.0
2021-07-12 00:00:00-04:00,140.73427975277673,143.75803997996417,140.38182758408033,143.19224548339844,673900,0.0,0.0
2021-07-13 00:00:00-04:00,143.20152501390348,143.45196237208424,140.7992228775435,142.99746704101562,673800,0.0,0.0
2021-07-14 00:00:00-04:00,143.4240925497853,144.7133597994124,142.4223575845144,142.9603271484375,573800,0.0,0.0
2021-07-15 00:00:00-04:00,142.91396742478864,146.63336135984264,142.80266824212333,144.65773010253906,1025600,0.0,0.0
2021-07-16 00:00:00-04:00,144.93599222474154,145.38121730491522,140.73427783247885,141.30935668945312,951300,0.0,0.0
2021-07-19 00:00:00-04:00,138.19287701179664,138.73084680004015,134.34361408376188,136.92214965820312,916600,0.0,0.0
2021-07-20 00:00:00-04:00,136.31922605346014,140.1128242756271,135.04851316973654,140.0571746826172,836100,0.0,0.0
2021-07-21 00:00:00-04:00,141.58759804608047,143.37774019211287,140.30761492124333,140.4931182861328,769400,0.0,0.0
2021-07-22 00:00:00-04:00,140.1684497254225,140.7527986573742,137.61774002981934,138.09078979492188,887400,0.0,0.0
2021-07-23 00:00:00-04:00,142.99199190158623,144.79964613962628,138.74303264622728,142.38632202148438,1511600,0.68,0.0
2021-07-26 00:00:00-04:00,144.26857851303163,144.7531117192671,141.05391630473238,143.085205078125,998100,0.0,0.0
2021-07-27 00:00:00-04:00,141.333411870802,144.36171890376673,138.8548698433006,143.58834838867188,809200,0.0,0.0
2021-07-28 00:00:00-04:00,143.98902634236845,144.09152346853622,141.71546406587566,143.36473083496094,348500,0.0,0.0
2021-07-29 00:00:00-04:00,144.42695393468594,145.96439646681537,144.3896887185956,145.06056213378906,529800,0.0,0.0
2021-07-30 00:00:00-04:00,145.07922304594388,147.41801735404945,144.24993324188253,145.1444549560547,534100,0.0,0.0
2021-08-02 00:00:00-04:00,145.61964062834338,147.75344037208598,143.4579026358471,143.48585510253906,572700,0.0,0.0
2021-08-03 00:00:00-04:00,143.62562793118119,145.73146114417347,141.37070540631177,145.57305908203125,820000,0.0,0.0
2021-08-04 00:00:00-04:00,144.60401438306425,145.15376525353355,142.11614501293073,142.12545776367188,464200,0.0,0.0
2021-08-05 00:00:00-04:00,143.01998915779564,144.0635860291507,142.33046167182687,142.61000061035156,835400,0.0,0.0
2021-08-06 00:00:00-04:00,143.7001548638881,145.6103205601486,143.58834500273994,144.85557556152344,541700,0.0,0.0
2021-08-09 00:00:00-04:00,144.43629354684086,146.8962105865123,143.44860163046428,145.8246612548828,593000,0.0,0.0
2021-08-10 00:00:00-04:00,145.73146725516665,150.01769273476447,145.73146725516665,149.4027099609375,677400,0.0,0.0
2021-08-11 00:00:00-04:00,150.02700965470902,152.41239615724297,149.22567231992144,152.0396728515625,828500,0.0,0.0
2021-08-12 00:00:00-04:00,152.17945549896572,152.6360220169856,150.23200991663828,151.71356201171875,485600,0.0,0.0
2021-08-13 00:00:00-04:00,151.76943648452976,152.08624057994706,150.43697398519296,151.3035430908203,382800,0.0,0.0
2021-08-16 00:00:00-04:00,149.98042057062955,150.01768578946658,147.4552719017583,148.6293182373047,592600,0.0,0.0
2021-08-17 00:00:00-04:00,147.33411962510107,147.45525645502536,143.92379085016256,146.0482635498047,469800,0.0,0.0
2021-08-18 00:00:00-04:00,145.34011921277937,146.37440325851404,144.1287933780903,144.26856994628906,473300,0.0,0.0
2021-08-19 00:00:00-04:00,141.71546982397274,143.15042964862602,140.5693758887581,141.96705627441406,517200,0.0,0.0
2021-08-20 00:00:00-04:00,141.56638176985786,143.70949455728373,141.24026487438582,143.31814575195312,670100,0.0,0.0
2021-08-23 00:00:00-04:00,144.4083115163614,145.63827689340772,143.7933430457762,144.84625244140625,424200,0.0,0.0
2021-08-24 00:00:00-04:00,145.5916871826174,147.18504886303677,145.013983917617,146.7005157470703,426000,0.0,0.0
2021-08-25 00:00:00-04:00,146.27188627309036,148.79703472919107,145.60099864703918,148.24728393554688,327400,0.0,0.0
2021-08-26 00:00:00-04:00,148.1448159669666,148.1448159669666,146.681903594634,147.39938354492188,365700,0.0,0.0
2021-08-27 00:00:00-04:00,148.0050247419457,150.34381891236103,147.8000304907235,149.31884765625,407900,0.0,0.0
2021-08-30 00:00:00-04:00,150.1481182939714,150.16675801023817,148.4615865292394,148.5081787109375,358700,0.0,0.0
2021-08-31 00:00:00-04:00,148.15409634972448,148.60135001805958,147.20366986381688,147.78138732910156,912600,0.0,0.0
2021-09-01 00:00:00-04:00,147.9397956110478,148.34045711421282,145.5357839382424,146.3184814453125,488700,0.0,0.0
2021-09-02 00:00:00-04:00,146.63527961789976,148.34045111516102,145.610322700455,145.7314453125,538000,0.0,0.0
2021-09-03 00:00:00-04:00,145.4425981807502,145.6569193816378,143.485854431768,144.55740356445312,559200,0.0,0.0
2021-09-07 00:00:00-04:00,143.17837331766552,143.64426675091215,141.34275205323857,142.078857421875,669200,0.0,0.0
2021-09-08 00:00:00-04:00,142.09747977528883,142.25588181708258,140.40162106090162,140.79298400878906,559600,0.0,0.0
2021-09-09 00:00:00-04:00,140.5041320293029,143.93311501046534,140.35505693981324,142.4329376220703,451400,0.0,0.0
2021-09-10 00:00:00-04:00,143.60699426339818,144.15675934686635,142.3118110250157,142.7590789794922,359100,0.0,0.0
2021-09-13 00:00:00-04:00,144.20333990389227,144.4922057947323,142.69384962980135,143.3833770751953,468200,0.0,0.0
2021-09-14 00:00:00-04:00,144.02631848569544,144.38971483454154,139.31146448397806,139.49783325195312,713500,0.0,0.0
2021-09-15 00:00:00-04:00,140.05691327469933,141.51982581026127,139.59101973618039,140.94210815429688,1099200,0.0,0.0
2021-09-16 00:00:00-04:00,140.72777795964626,143.7840379321788,140.23393202748304,141.96705627441406,816700,0.0,0.0
2021-09-17 00:00:00-04:00,141.3427466229907,142.0974916809834,137.7833141051253,138.75238037109375,1377400,0.0,0.0
2021-09-20 00:00:00-04:00,134.97865667498664,135.70544935063225,132.4814602828671,135.28614807128906,1047000,0.0,0.0
2021-09-21 00:00:00-04:00,136.27382500530922,136.73971842413079,133.92571819342564,136.04087829589844,789200,0.0,0.0
2021-09-22 00:00:00-04:00,137.64354898662876,139.30212837431935,135.5377159102641,135.73338317871094,1188900,0.0,0.0
2021-09-23 00:00:00-04:00,137.00061651732625,141.51046136353312,136.3483685797242,139.2555389404297,1219100,0.0,0.0
2021-09-24 00:00:00-04:00,139.02259913074062,143.48586623123865,138.81760488047468,142.4236297607422,995900,0.0,0.0
2021-09-27 00:00:00-04:00,144.29652614055615,146.1041950795708,143.93312980256437,144.6692352294922,862200,0.0,0.0
2021-09-28 00:00:00-04:00,145.14444895217022,145.81533665556307,142.54475554703802,142.8895263671875,633700,0.0,0.0
2021-09-29 00:00:00-04:00,142.94541923982945,143.9517507099722,141.6875013476664,143.35540771484375,436200,0.0,0.0
2021-09-30 00:00:00-04:00,144.20335308738947,144.54812395057652,140.24325828010817,140.36439514160156,495600,0.0,0.0
2021-10-01 00:00:00-04:00,141.18435302630382,143.74676696422964,140.52277808098228,142.861572265625,483600,0.0,0.0
2021-10-04 00:00:00-04:00,143.65356946970795,145.11648157255726,141.65023353381713,142.82427978515625,513800,0.0,0.0
2021-10-05 00:00:00-04:00,143.87720947815885,149.4399780543165,143.44858127556353,148.8902130126953,919400,0.0,0.0
2021-10-06 00:00:00-04:00,146.6725717680123,148.27524629069495,144.25924723392745,148.00502014160156,755900,0.0,0.0
2021-10-07 00:00:00-04:00,149.7754338325487,150.57677114815021,148.31252155141692,149.15113830566406,519500,0.0,0.0
2021-10-08 00:00:00-04:00,149.67293034351033,149.97109475030638,147.9398061865688,148.21934509277344,458900,0.0,0.0
2021-10-11 00:00:00-04:00,149.52385346402335,150.7631318174895,148.81570049830293,148.91819763183594,507500,0.0,0.0
2021-10-12 00:00:00-04:00,148.61070858272302,149.17909920168333,147.87458891626358,148.3777618408203,552500,0.0,0.0
2021-10-13 00:00:00-04:00,148.8809026306405,149.24429893555887,146.16008671880107,147.84661865234375,520800,0.0,0.0
2021-10-14 00:00:00-04:00,149.2629330733481,151.9651091660315,149.08589130255615,151.6389923095703,601200,0.0,0.0
2021-10-15 00:00:00-04:00,153.2230349422937,155.17046608529668,152.5428345092616,153.5118865966797,692200,0.0,0.0
2021-10-18 00:00:00-04:00,152.8130427941209,153.37212058907983,151.8998956657643,152.79440307617188,557000,0.0,0.0
2021-10-19 00:00:00-04:00,153.83800459539455,154.24797883960468,152.5334945596559,153.3814239501953,584700,0.0,0.0
2021-10-20 00:00:00-04:00,154.22009168269108,157.32294471110785,153.75419809075962,155.19847106933594,611100,0.0,0.0
2021-10-21 00:00:00-04:00,154.9841091544611,155.24500833618382,152.74781217377318,154.46231079101562,540300,0.0,0.0
2021-10-22 00:00:00-04:00,158.4130901344079,160.74255744887273,156.02771787926633,156.98745727539062,906300,0.0,0.0
2021-10-25 00:00:00-04:00,158.3478776276315,160.2487167625793,156.30726191847512,159.7176055908203,631400,0.0,0.0
2021-10-26 00:00:00-04:00,160.36052555540795,162.06568301084314,159.63373293632233,159.81076049804688,645700,0.0,0.0
2021-10-27 00:00:00-04:00,158.78582946379166,158.88832660469208,152.3099125194695,152.42172241210938,691000,0.0,0.0
2021-10-28 00:00:00-04:00,152.8782738846781,155.22636648796063,152.8782738846781,154.18276977539062,542600,0.0,0.0
2021-10-29 00:00:00-04:00,153.9769214435131,154.68799642235805,150.2156778722964,151.11387634277344,843500,0.68,0.0
2021-11-01 00:00:00-04:00,151.39456871852525,153.0412897087453,150.74898053727827,151.11387634277344,846200,0.0,0.0
2021-11-02 00:00:00-04:00,152.04952644050124,155.94175835358445,151.37587036798266,155.4365234375,804300,0.0,0.0
2021-11-03 00:00:00-04:00,154.69737639599984,157.1487417054896,154.69737639599984,155.87628173828125,627800,0.0,0.0
2021-11-04 00:00:00-04:00,156.13824316906013,156.96158946509186,154.95933793521442,156.0821075439453,695400,0.0,0.0
2021-11-05 00:00:00-04:00,157.13938448986286,159.91821254723553,156.2318203484793,158.4960479736328,680400,0.0,0.0
2021-11-08 00:00:00-05:00,159.70300463290272,161.3403603895969,158.85157621303554,159.04806518554688,677500,0.0,0.0
2021-11-09 00:00:00-05:00,158.7393320414472,162.70640267176137,158.72061540358393,161.78013610839844,810400,0.0,0.0
2021-11-10 00:00:00-05:00,161.78012446354705,162.84674431919228,157.5791318538565,158.08438110351562,739500,0.0,0.0
2021-11-11 00:00:00-05:00,158.54279037534133,160.51697385414653,157.75686316546992,159.57199096679688,844900,0.0,0.0
2021-11-12 00:00:00-05:00,160.9660925627392,161.09708044690748,159.11354555047092,159.17904663085938,895500,0.0,0.0
2021-11-15 00:00:00-05:00,159.4036049490247,160.22696560356113,155.36168249603045,156.64349365234375,1053200,0.0,0.0
2021-11-16 00:00:00-05:00,156.5499439427321,158.35570674441533,156.12889814605236,157.77561950683594,612800,0.0,0.0
2021-11-17 00:00:00-05:00,157.33584181230762,157.8317255080985,155.86689308117064,156.1569366455078,457400,0.0,0.0
2021-11-18 00:00:00-05:00,156.914831435729,157.8317466956329,155.7172094753155,156.68092346191406,453700,0.0,0.0
2021-11-19 00:00:00-05:00,156.13821374428062,156.40954064007263,153.5184422786278,155.07159423828125,428400,0.0,0.0
2021-11-22 00:00:00-05:00,152.65770445633623,157.55105530312818,152.48928329024986,155.3148956298828,697300,0.0,0.0
2021-11-23 00:00:00-05:00,156.01661166342112,158.234054589013,154.678664964897,156.708984375,579600,0.0,0.0
2021-11-24 00:00:00-05:00,155.21196473900505,157.1580806715299,154.5570253089748,155.2774658203125,546600,0.0,0.0
2021-11-26 00:00:00-05:00,150.63670301658172,152.17113842655593,148.8122240651805,150.53378295898438,390800,0.0,0.0
2021-11-29 00:00:00-05:00,151.5536442054662,151.87176988708188,149.16778011469904,149.50460815429688,1011800,0.0,0.0
2021-11-30 00:00:00-05:00,147.81114322738168,148.69063961463578,140.9623242321428,141.6172637939453,1334200,0.0,0.0
2021-12-01 00:00:00-05:00,144.7141628215052,145.96790595538633,139.25942793938947,139.35299682617188,870500,0.0,0.0
2021-12-02 00:00:00-05:00,140.10150976889173,144.9387244236268,138.96938901809457,143.93759155273438,830100,0.0,0.0
2021-12-03 00:00:00-05:00,144.3492605490907,147.2216567808616,142.3844282274059,143.54461669921875,681400,0.0,0.0
2021-12-06 00:00:00-05:00,145.97728636048663,149.5888259004096,145.08843895145208,147.9795379638672,714700,0.0,0.0
2021-12-07 00:00:00-05:00,149.50458008723604,151.2542210395235,149.15840093363667,149.56072998046875,1185400,0.0,0.0
2021-12-08 00:00:00-05:00,150.44963021703558,150.80516067310302,148.11055018964578,149.53271484375,681000,0.0,0.0
2021-12-09 00:00:00-05:00,148.37249311894098,149.57010068534652,147.53041592978784,148.409912109375,451700,0.0,0.0
2021-12-10 00:00:00-05:00,150.2156951764205,150.96420350578077,148.74674633084769,150.56187438964844,604500,0.0,0.0
2021-12-13 00:00:00-05:00,150.1221341598517,150.58995010567648,147.8579066952529,147.8953399658203,621700,0.0,0.0
2021-12-14 00:00:00-05:00,147.39944139773002,151.2168212151006,146.69771748152095,149.31748962402344,793700,0.0,0.0
2021-12-15 00:00:00-05:00,148.83097312420276,149.99114754269252,146.4544601042844,149.7291717529297,739500,0.0,0.0
2021-12-16 00:00:00-05:00,151.8436828280474,153.74302857016065,151.03903888626158,152.5828399658203,656300,0.0,0.0
2021-12-17 00:00:00-05:00,151.7407628905327,151.96531966865166,148.71867608596762,148.98065185546875,1510100,0.0,0.0
2021-12-20 00:00:00-05:00,147.18423448361196,147.212302295161,142.6089956052142,145.864990234375,695900,0.0,0.0
2021-12-21 00:00:00-05:00,147.33396424557841,149.93501992333645,147.33396424557841,148.3350830078125,921500,0.0,0.0
2021-12-22 00:00:00-05:00,148.5783286197011,149.62623163844162,147.39007226884559,149.2052001953125,504600,0.0,0.0
2021-12-23 00:00:00-05:00,149.79466993027955,151.98404510647885,149.71045221072612,150.93614196777344,307700,0.0,0.0
2021-12-27 00:00:00-05:00,151.7969100055987,153.3594134152253,150.973549444221,153.28456115722656,255800,0.0,0.0
2021-12-28 00:00:00-05:00,153.04132298883218,155.2868339299368,153.04132298883218,154.828369140625,284800,0.0,0.0
2021-12-29 00:00:00-05:00,154.8470934281178,156.942914212888,154.8470934281178,156.3253936767578,306700,0.0,0.0
2021-12-30 00:00:00-05:00,156.4470075462779,157.50426182615675,155.38038781089162,155.4365234375,388800,0.0,0.0
2021-12-31 00:00:00-05:00,154.7628754953387,158.14050721427154,154.60381978605608,157.24229431152344,460600,0.0,0.0
2022-01-03 00:00:00-05:00,158.0282144389925,158.7112359716101,155.89497495387926,156.708984375,693900,0.0,0.0
2022-01-04 00:00:00-05:00,158.26214318565007,161.5930050158443,157.86917946853632,161.09710693359375,568100,0.0,0.0
2022-01-05 00:00:00-05:00,162.36952548188987,165.13900170724264,160.8538066353009,162.6315155029297,885900,0.0,0.0
2022-01-06 00:00:00-05:00,164.13788592373632,164.4185783294939,160.49827865748313,160.6573486328125,565600,0.0,0.0
2022-01-07 00:00:00-05:00,161.84558523280867,162.0046409260739,160.0211060728742,160.99417114257812,713500,0.0,0.0
2022-01-10 00:00:00-05:00,160.7041306510142,162.11694396272893,157.35456672234403,159.32875061035156,585200,0.0,0.0
2022-01-11 00:00:00-05:00,160.2363005878513,160.46085736455865,157.5416906504062,160.1427459716797,393500,0.0,0.0
2022-01-12 00:00:00-05:00,161.39649119413139,162.70637004970112,160.32987147556494,161.6210479736328,380700,0.0,0.0
2022-01-13 00:00:00-05:00,161.63040534635013,164.01626946727657,161.61168871152222,162.20114135742188,715100,0.0,0.0
2022-01-14 00:00:00-05:00,160.67605873549144,162.75316265096865,159.0012839522024,162.36019897460938,543800,0.0,0.0
2022-01-18 00:00:00-05:00,161.3122889185729,161.6304003177035,158.46796013081624,159.5439453125,673400,0.0,0.0
2022-01-19 00:00:00-05:00,160.5731380466035,160.5731380466035,157.1580874086563,157.27972412109375,474800,0.0,0.0
2022-01-20 00:00:00-05:00,157.42942498596145,158.1872988492383,154.05179311361803,154.3699188232422,513400,0.0,0.0
2022-01-21 00:00:00-05:00,153.95823826107102,154.7722334786572,149.9256668923431,150.30926513671875,543900,0.0,0.0
2022-01-24 00:00:00-05:00,147.91404669550832,151.1606905976028,145.79952369747343,150.44961547851562,871300,0.0,0.0
2022-01-25 00:00:00-05:00,148.86838434794694,151.07647608684138,144.72352782517498,149.5513916015625,627900,0.0,0.0
2022-01-26 00:00:00-05:00,150.53381292378808,153.09744942004534,147.90468961962782,149.36427307128906,687100,0.0,0.0
2022-01-27 00:00:00-05:00,151.40394192337197,154.82834339769812,148.95257694470027,149.76658630371094,912300,0.0,0.0
2022-01-28 00:00:00-05:00,150.75835238763722,150.75835238763722,139.5775412615255,143.320068359375,1890200,0.0,0.0
2022-01-31 00:00:00-05:00,141.01844733277736,145.81824376009064,139.68985168934427,145.687255859375,1301900,0.0,0.0
2022-02-01 00:00:00-05:00,145.2100799678683,147.95148908417988,142.89906784266415,147.48367309570312,933900,0.0,0.0
2022-02-02 00:00:00-05:00,147.06258925069972,149.7665786703223,145.5562358629319,148.62510681152344,769600,0.0,0.0
2022-02-03 00:00:00-05:00,147.59593270746876,151.02970007850004,147.57721607195683,149.5794677734375,691600,0.0,0.0
2022-02-04 00:00:00-05:00,148.3070245148845,150.22507298746532,145.10716475928555,146.43576049804688,883600,0.0,0.0
2022-02-07 00:00:00-05:00,147.08131910865652,147.08131910865652,144.13408458910573,145.1165008544922,652400,0.0,0.0
2022-02-08 00:00:00-05:00,145.0229407238265,148.5222090782905,145.01358954464953,148.09181213378906,622900,0.0,0.0
2022-02-09 00:00:00-05:00,149.57944496641554,150.98289260701347,148.88708660074946,150.26246643066406,659900,0.0,0.0
2022-02-10 00:00:00-05:00,148.84964269882897,151.64718660209076,148.84964269882897,149.71978759765625,604800,0.0,0.0
2022-02-11 00:00:00-05:00,149.23325432085494,149.96304589578136,145.18196739631856,145.5562286376953,809300,0.0,0.0
2022-02-14 00:00:00-05:00,146.18311783163145,146.54801366321624,142.40315735800644,144.24635314941406,1077400,0.0,0.0
2022-02-15 00:00:00-05:00,145.341045363571,148.97130144042256,145.1071374055596,148.119873046875,591200,0.0,0.0
2022-02-16 00:00:00-05:00,146.59478974460274,148.05438740642003,144.6206202690108,146.0427703857422,636500,0.0,0.0
2022-02-17 00:00:00-05:00,144.25572153218812,144.99487873855762,142.76807021650623,143.086181640625,560200,0.0,0.0
2022-02-18 00:00:00-05:00,146.89242586646023,148.51829447935253,134.3083602599832,135.5677032470703,2863400,0.68,0.0
2022-02-22 00:00:00-05:00,132.51328850135334,136.8082296290661,132.28772880520043,135.3985137939453,1874400,0.0,0.0
2022-02-23 00:00:00-05:00,136.27257364321272,136.78947248027933,129.82547061999466,130.16380310058594,1386500,0.0,0.0
2022-02-24 00:00:00-05:00,126.7052992886269,129.18639923385075,125.46474214582759,128.95144653320312,1672000,0.0,0.0
2022-02-25 00:00:00-05:00,129.7878675032702,133.6410828906839,129.75026704347422,132.77645874023438,1145600,0.0,0.0
2022-02-28 00:00:00-05:00,130.04160413422616,131.38554091458596,128.36874220761632,130.89683532714844,2049600,0.0,0.0
2022-03-01 00:00:00-05:00,131.04723505476227,131.86486595423443,126.30118711038517,127.4947509765625,2138500,0.0,0.0
2022-03-02 00:00:00-05:00,128.4815391989047,135.24817400767716,128.24658650179194,134.6654815673828,1703000,0.0,0.0
2022-03-03 00:00:00-05:00,135.5019152749697,137.13719124174605,134.66548423032324,136.01881408691406,1495100,0.0,0.0
2022-03-04 00:00:00-05:00,133.08659206968386,134.15797568013448,130.37053975562392,133.359130859375,1149100,0.0,0.0
2022-03-07 00:00:00-05:00,131.78964059661413,132.6072855959626,125.35194638694853,125.5774917602539,1493600,0.0,0.0
2022-03-08 00:00:00-05:00,127.22217540212338,129.44953660943025,124.29936342441488,125.84065246582031,1267200,0.0,0.0
2022-03-09 00:00:00-05:00,129.0360012586415,131.81783266893686,128.22776355016947,130.26715087890625,1322000,0.0,0.0
2022-03-10 00:00:00-05:00,128.2653747264869,130.71828150259364,128.2653747264869,130.23898315429688,1279500,0.0,0.0
2022-03-11 00:00:00-05:00,130.9907972576678,132.87981127481711,129.58108145193438,129.7032470703125,1281100,0.0,0.0
2022-03-14 00:00:00-04:00,130.88748212411085,134.16741333974738,129.52475904074126,131.3949737548828,1272100,0.0,0.0
2022-03-15 00:00:00-04:00,131.72384247566447,132.4568935148397,127.06237610876322,130.2013397216797,1556300,0.0,0.0
2022-03-16 00:00:00-04:00,131.7426583133346,134.46811797384677,130.95322075940973,133.67868041992188,916900,0.0,0.0
2022-03-17 00:00:00-04:00,132.24078193183576,134.22378326277124,131.376143389683,133.98883056640625,1030100,0.0,0.0
2022-03-18 00:00:00-04:00,135.4830873469731,135.4830873469731,131.27272591275218,134.25193786621094,2056000,0.0,0.0
2022-03-21 00:00:00-04:00,134.89102542454836,136.1597755756066,133.18997039235214,134.15797424316406,776200,0.0,0.0
2022-03-22 00:00:00-04:00,135.417323518451,135.88722887954526,133.85723427792846,135.03199768066406,723600,0.0,0.0
2022-03-23 00:00:00-04:00,134.49632003714922,134.9474251920107,132.9550309460294,132.9738311767578,528800,0.0,0.0
2022-03-24 00:00:00-04:00,133.77264045587168,135.37972292879985,133.11477588873257,135.20115661621094,539800,0.0,0.0
2022-03-25 00:00:00-04:00,134.62790406434803,135.8308608033474,134.1955847642191,135.43614196777344,539000,0.0,0.0
2022-03-28 00:00:00-04:00,135.18238324049898,135.20118347197223,132.9550362134791,135.15419006347656,593700,0.0,0.0
2022-03-29 00:00:00-04:00,136.73306913735053,138.28375111553495,136.16917695962502,137.5225067138672,763200,0.0,0.0
2022-03-30 00:00:00-04:00,137.52250174115258,137.58828103329688,135.39853471721872,135.93421936035156,762200,0.0,0.0
2022-03-31 00:00:00-04:00,135.33277340649406,137.0338288888793,134.24258929014024,134.27078247070312,873200,0.0,0.0
2022-04-01 00:00:00-04:00,136.57330103181184,136.57330103181184,132.71067839000216,135.03199768066406,802400,0.0,0.0
2022-04-04 00:00:00-04:00,135.0319927692595,135.765058299047,133.54710450173897,134.75006103515625,732500,0.0,0.0
2022-04-05 00:00:00-04:00,134.3177673654616,135.13539823067714,133.34976331986422,133.9418487548828,878800,0.0,0.0
2022-04-06 00:00:00-04:00,132.95503399860695,133.11480011253073,130.41754772623713,131.98703002929688,942000,0.0,0.0
2022-04-07 00:00:00-04:00,132.13735388346936,133.34970304390635,130.28592616547007,132.6354522705078,701800,0.0,0.0
2022-04-08 00:00:00-04:00,134.31773521708487,137.69165197975576,133.89482329631196,135.77444458007812,940300,0.0,0.0
2022-04-11 00:00:00-04:00,135.25755659708466,138.81003995820507,134.77825829420678,136.25375366210938,989600,0.0,0.0
2022-04-12 00:00:00-04:00,136.46990523313772,138.76303107974675,134.69366375066022,135.30453491210938,760600,0.0,0.0
2022-04-13 00:00:00-04:00,134.82525715049152,138.46232018149107,134.36474471825133,138.26495361328125,718300,0.0,0.0
2022-04-14 00:00:00-04:00,139.0825849605783,140.39831415055437,136.3853186105683,136.43231201171875,987000,0.0,0.0
2022-04-18 00:00:00-04:00,136.5075248391065,137.76686792605258,135.79327376151966,136.5733184814453,452000,0.0,0.0
2022-04-19 00:00:00-04:00,136.50749778634196,139.12956320686303,135.98120611343253,138.51869201660156,792500,0.0,0.0
2022-04-20 00:00:00-04:00,139.3833211087626,140.97160346897272,139.02618845772182,139.41151428222656,965300,0.0,0.0
2022-04-21 00:00:00-04:00,141.55429110156476,142.77604794917502,138.7442661264726,139.12957763671875,547400,0.0,0.0
2022-04-22 00:00:00-04:00,138.18977529528507,138.18977529528507,134.0734136958823,134.1204071044922,486400,0.0,0.0
2022-04-25 00:00:00-04:00,132.56027738971414,133.7538407715013,128.6506621648985,133.36851501464844,713200,0.0,0.0
2022-04-26 00:00:00-04:00,132.96441981474985,134.97561422979985,130.8592529296875,130.8592529296875,498500,0.0,0.0
2022-04-27 00:00:00-04:00,132.0303411050064,134.3725061600724,130.77425675886073,132.28533935546875,969900,0.68,0.0
2022-04-28 00:00:00-04:00,132.8047590539999,135.77970018193378,130.97257610889014,134.9863739013672,1408900,0.0,0.0
2022-04-29 00:00:00-04:00,141.09677072050897,145.42222918541086,138.17850751685282,138.77349853515625,1766900,0.0,0.0
2022-05-02 00:00:00-04:00,139.14182441912544,140.68123832252502,134.82580494720733,137.83851623535156,1221500,0.0,0.0
2022-05-03 00:00:00-04:00,138.53740484342504,142.2962041494747,137.92352127946492,141.9845428466797,881600,0.0,0.0
2022-05-04 00:00:00-04:00,143.03282044154676,147.77382660983403,141.77673647375914,147.40550231933594,930900,0.0,0.0
2022-05-05 00:00:00-04:00,146.48000850494194,147.06554613527598,140.88901183750696,143.12730407714844,759500,0.0,0.0
2022-05-06 00:00:00-04:00,142.68340448726033,142.8345156003362,138.86792814121367,140.70956420898438,1238700,0.0,0.0
2022-05-09 00:00:00-04:00,137.9140691238364,140.1334686096333,134.77859272152355,134.97691345214844,1724500,0.0,0.0
2022-05-10 00:00:00-04:00,136.4596464763365,138.04626975756264,132.34196276600312,133.03138732910156,1692900,0.0,0.0
2022-05-11 00:00:00-04:00,133.8436119647897,137.23408665195373,133.2013969115604,133.66416931152344,991800,0.0,0.0
2022-05-12 00:00:00-04:00,132.7480909526766,132.7480909526766,128.11097069060514,131.29368591308594,942100,0.0,0.0
2022-05-13 00:00:00-04:00,132.34199652895038,135.60969196306584,132.33254307628897,134.5991668701172,1027800,0.0,0.0
2022-05-16 00:00:00-04:00,133.95694152666957,138.35795572715074,131.10479472632764,136.63909912109375,1322300,0.0,0.0
2022-05-17 00:00:00-04:00,144.16616761562184,148.113863315751,142.83454211534828,146.86721801757812,1765800,0.0,0.0
2022-05-18 00:00:00-04:00,144.8083577039061,147.8399469904282,142.3717450151529,142.90061950683594,1042000,0.0,0.0
2022-05-19 00:00:00-04:00,141.49343033450737,144.04336900373164,140.2751168566097,141.68231201171875,934600,0.0,0.0
2022-05-20 00:00:00-04:00,143.55228061352219,145.3183468227881,139.85014457962134,142.3528594970703,1002300,0.0,0.0
2022-05-23 00:00:00-04:00,144.27004957549272,145.4789098398695,142.11676632889962,143.3539581298828,662400,0.0,0.0
2022-05-24 00:00:00-04:00,142.6078842418678,142.63621578124108,138.28242483159897,141.1629180908203,628800,0.0,0.0
2022-05-25 00:00:00-04:00,140.83234290090485,143.51451497790782,140.81346481801947,143.05174255371094,586000,0.0,0.0
2022-05-26 00:00:00-04:00,144.11894559049395,147.95330039941575,144.11894559049395,147.0938720703125,559800,0.0,0.0
2022-05-27 00:00:00-04:00,148.6144294270699,150.3710570857458,148.23666592637235,150.3616180419922,608300,0.0,0.0
2022-05-31 00:00:00-04:00,148.92604849640898,150.17267922319905,147.6321937427576,147.82107543945312,1803100,0.0,0.0
2022-06-01 00:00:00-04:00,148.16106821646594,149.39825990183843,144.26059705295592,146.59332275390625,664600,0.0,0.0
2022-06-02 00:00:00-04:00,147.66053953967406,149.72881377278233,146.86721327972379,149.60604858398438,400900,0.0,0.0
2022-06-03 00:00:00-04:00,148.42550711293487,149.5682507572301,147.56607881135756,148.1138458251953,348400,0.0,0.0
2022-06-06 00:00:00-04:00,148.83160539946914,151.9765354712765,148.59549966804894,150.41824340820312,532800,0.0,0.0
2022-06-07 00:00:00-04:00,148.50104910659888,152.40150554606086,147.83050256501542,152.3354034423828,595700,0.0,0.0
2022-06-08 00:00:00-04:00,150.5504756287222,151.4760061444096,148.46329443386688,149.63438415527344,499200,0.0,0.0
2022-06-09 00:00:00-04:00,148.17993282514468,149.15268716461833,146.51775387077433,146.64053344726562,397200,0.0,0.0
2022-06-10 00:00:00-04:00,142.83454169953885,142.97619938721357,137.592991094301,137.62132263183594,748700,0.0,0.0
2022-06-13 00:00:00-04:00,134.44804583719267,135.40190778695523,129.44260153974315,130.0753631591797,972200,0.0,0.0
2022-06-14 00:00:00-04:00,129.94315598998833,131.1898012563902,127.59155196316391,128.63986206054688,718200,0.0,0.0
2022-06-15 00:00:00-04:00,129.8770709547568,130.10372327972775,124.27663438296494,126.91158294677734,1441300,0.0,0.0
2022-06-16 00:00:00-04:00,121.33945887147999,121.7455682412363,114.83238519957784,116.34346771240234,1639800,0.0,0.0
2022-06-17 00:00:00-04:00,115.96570942115125,118.355098631089,112.62245089472556,115.69182586669922,3033500,0.0,0.0
2022-06-21 00:00:00-04:00,117.98675359841015,119.50727504916507,116.44734685995404,117.202880859375,1501500,0.0,0.0
2022-06-22 00:00:00-04:00,113.30242495940209,115.17237840657033,111.88579050320627,114.0107421875,1388900,0.0,0.0
2022-06-23 00:00:00-04:00,113.95407262647318,114.44516937295968,111.5646765938921,113.63296508789062,1081900,0.0,0.0
2022-06-24 00:00:00-04:00,115.0496019827215,120.4894801213938,114.60572204914122,120.48003387451172,1968000,0.0,0.0
2022-06-27 00:00:00-04:00,119.80948707247497,120.48002645228998,116.38123461374833,117.77897644042969,1070600,0.0,0.0
2022-06-28 00:00:00-04:00,118.2039803348353,119.63005380694545,115.44625983415223,116.17346954345703,1105500,0.0,0.0
2022-06-29 00:00:00-04:00,115.54070488668228,115.88069773877274,110.65803976829376,113.07576751708984,1504200,0.0,0.0
2022-06-30 00:00:00-04:00,111.15857248330653,112.35799360169906,108.92029482103253,111.07357788085938,1164600,0.0,0.0
2022-07-01 00:00:00-04:00,110.28026742326392,112.1880058643642,106.88979240765447,109.28862762451172,1262600,0.0,0.0
2022-07-05 00:00:00-04:00,106.37981295290794,108.51421108703528,103.93376068491725,106.75758361816406,1678100,0.0,0.0
2022-07-06 00:00:00-04:00,106.8897858540788,108.77863168489455,104.61372316936578,107.13533782958984,1397000,0.0,0.0
2022-07-07 00:00:00-04:00,109.68528313043804,110.49748746085383,107.2770016754231,108.61808776855469,1080900,0.0,0.0
2022-07-08 00:00:00-04:00,109.15641709544074,109.15641709544074,105.52038981909357,106.71035766601562,1292000,0.0,0.0
2022-07-11 00:00:00-04:00,105.55815213838751,106.69146402509584,103.63153562119666,105.00094604492188,1118000,0.0,0.0
2022-07-12 00:00:00-04:00,105.35038993076498,107.23923595584098,104.72706728390952,105.45427703857422,2184500,0.0,0.0
2022-07-13 00:00:00-04:00,102.83822234783841,103.23487828801457,100.40160922039766,102.19601440429688,1457500,0.0,0.0
2022-07-14 00:00:00-04:00,100.02384459805002,100.86438050178357,98.91886419860329,100.79827117919922,1143700,0.0,0.0
2022-07-15 00:00:00-04:00,103.3954266252741,103.8959696305352,101.49713449866813,102.69654846191406,925200,0.0,0.0
2022-07-18 00:00:00-04:00,104.56650355452217,105.4448171306124,102.93264878413127,103.53707885742188,1563300,0.0,0.0
2022-07-19 00:00:00-04:00,105.41649648995772,109.63806119281959,104.87817567513804,109.21307373046875,1978900,0.0,0.0
2022-07-20 00:00:00-04:00,108.88251776729581,109.77971664642189,107.79642998362347,109.0430679321289,741400,0.0,0.0
2022-07-21 00:00:00-04:00,108.61808951200118,108.95808236299881,106.42702847522506,108.7880859375,737100,0.0,0.0
2022-07-22 00:00:00-04:00,109.22509210998108,110.05161464456488,106.9830178183541,107.6765365600586,676200,0.68,0.0
2022-07-25 00:00:00-04:00,108.55057564929915,110.05161955710756,107.35353421178814,109.39610290527344,778900,0.0,0.0
2022-07-26 00:00:00-04:00,108.43656379663457,110.21312480253917,107.59103658346962,108.84507751464844,1383100,0.0,0.0
2022-07-27 00:00:00-04:00,109.47210330457243,112.50269804056211,108.45557016463296,112.22718811035156,1058600,0.0,0.0
2022-07-28 00:00:00-04:00,113.13923007691804,114.68778581740006,111.80919198445542,113.79475402832031,1456200,0.0,0.0
2022-07-29 00:00:00-04:00,113.13921212226946,117.4048574286974,109.9756137350581,111.63816833496094,1545900,0.0,0.0
2022-08-01 00:00:00-04:00,109.58610733001396,109.69061135126938,106.95452385843761,108.17056274414062,1259200,0.0,0.0
2022-08-02 00:00:00-04:00,107.21102666419064,108.76907735688229,105.45347027589179,105.8809814453125,1100800,0.0,0.0
2022-08-03 00:00:00-04:00,106.49850283871181,106.63150663531164,104.59844031795635,105.09246063232422,1127800,0.0,0.0
2022-08-04 00:00:00-04:00,105.18746097631605,106.87851543866164,104.33243140317411,105.4344711303711,1076700,0.0,0.0
2022-08-05 00:00:00-04:00,104.17093184897455,105.59597877646212,103.86692212770375,105.31096649169922,783400,0.0,0.0
2022-08-08 00:00:00-04:00,107.049524909005,107.79054814762047,105.37746782689607,105.4439697265625,929400,0.0,0.0
2022-08-09 00:00:00-04:00,105.60548569400602,106.4035085288538,104.41794653631793,105.14946746826172,804300,0.0,0.0
2022-08-10 00:00:00-04:00,107.76206046961364,109.50061964661315,106.97353267919343,108.1800765991211,685400,0.0,0.0
2022-08-11 00:00:00-04:00,109.291606162119,111.92318978325181,108.60758243799619,110.41264343261719,897700,0.0,0.0
2022-08-12 00:00:00-04:00,111.09666942607852,111.82819038321892,110.53614715529785,111.74269104003906,778400,0.0,0.0
2022-08-15 00:00:00-04:00,110.41264343261719,111.1536667176956,109.45310975026914,110.41264343261719,595100,0.0,0.0
2022-08-16 00:00:00-04:00,111.15364919185916,112.474191965653,110.35562647165112,111.94217681884766,613000,0.0,0.0
2022-08-17 00:00:00-04:00,110.33662962063136,111.35316277581003,108.79757637477816,108.98758697509766,926700,0.0,0.0
2022-08-18 00:00:00-04:00,109.76660800093676,111.61916598020503,109.32959450962638,111.06815338134766,818400,0.0,0.0
2022-08-19 00:00:00-04:00,110.21313206332606,110.2226271575553,107.88555105221857,108.9400863647461,635600,0.0,0.0
2022-08-22 00:00:00-04:00,106.61251924128845,106.9735285448972,105.07346584517198,105.46298217773438,802400,0.0,0.0
2022-08-23 00:00:00-04:00,106.1089960404206,110.87814987942693,105.36797280132305,110.20362854003906,1660800,0.0,0.0
2022-08-24 00:00:00-04:00,109.96613059119123,111.09667023590411,109.13960069360735,110.57415008544922,793800,0.0,0.0
2022-08-25 00:00:00-04:00,111.54316636797398,112.7212030232868,110.77363616931463,112.69270324707031,782900,0.0,0.0
2022-08-26 00:00:00-04:00,113.17721227511518,113.35772051938284,108.04704968301286,108.19905090332031,881200,0.0,0.0
2022-08-29 00:00:00-04:00,107.0970220310296,110.2226183492633,106.03298446114043,109.26309204101562,1285700,0.0,0.0
2022-08-30 00:00:00-04:00,109.98511108741147,110.20362145707843,106.52699802843894,107.19202423095703,869400,0.0,0.0
2022-08-31 00:00:00-04:00,107.30603469700864,107.32503938238074,105.31097037459911,105.32047271728516,681700,0.0,0.0
2022-09-01 00:00:00-04:00,104.12342796429068,104.40844025063801,101.77684951761016,103.27790069580078,813700,0.0,0.0
2022-09-02 00:00:00-04:00,105.74797587599464,106.31800042322024,100.95981751717679,101.53933715820312,918100,0.0,0.0
2022-09-06 00:00:00-04:00,102.81238903171719,103.58191206969097,100.66531625199347,101.01683044433594,1035600,0.0,0.0
2022-09-07 00:00:00-04:00,100.66531659864017,104.88345792862054,100.28530262553285,104.72195434570312,1111300,0.0,0.0
2022-09-08 00:00:00-04:00,103.54389839638594,106.90700971214756,102.74587566798294,106.72650146484375,839200,0.0,0.0
2022-09-09 00:00:00-04:00,108.27506515192229,109.89961775609802,107.74304995939599,109.52910614013672,721900,0.0,0.0
2022-09-12 00:00:00-04:00,110.74513865154114,112.97771056137024,110.4316266104406,111.12515258789062,905300,0.0,0.0
2022-09-13 00:00:00-04:00,105.31097265838461,107.58154698261956,103.34440807322235,103.82892608642578,1132600,0.0,0.0
2022-09-14 00:00:00-04:00,103.2493959484696,103.36340230715528,100.22829630084924,102.5938720703125,1029400,0.0,0.0
2022-09-15 00:00:00-04:00,102.47036973722768,104.59843767726287,101.40633214312854,101.84334564208984,920400,0.0,0.0
2022-09-16 00:00:00-04:00,99.60127040258851,101.82434724377363,95.1076267559086,97.31169891357422,4229700,0.0,0.0
2022-09-19 00:00:00-04:00,95.88665808527256,99.41127329020544,95.80115150039893,98.63224792480469,1018100,0.0,0.0
2022-09-20 00:00:00-04:00,96.76069855173346,97.17871469540336,93.51159283911157,94.42362213134766,1670000,0.0,0.0
2022-09-21 00:00:00-04:00,95.31664302457197,95.75365655717552,92.4095422886629,92.43804931640625,887400,0.0,0.0
2022-09-22 00:00:00-04:00,92.81805746871449,92.89406171420458,89.20794278590013,89.23644256591797,1185700,0.0,0.0
2022-09-23 00:00:00-04:00,87.21287060254586,87.56437752200264,84.92329183840678,86.45284271240234,1127800,0.0,0.0
2022-09-26 00:00:00-04:00,85.15129767746917,86.54784476400344,82.37720818822683,83.46024322509766,2005700,0.0,0.0
2022-09-27 00:00:00-04:00,84.79029064467521,85.26530627853893,82.61471817179974,83.86875915527344,1136600,0.0,0.0
2022-09-28 00:00:00-04:00,84.59078971303188,87.89689465197704,84.51478546777334,87.39337921142578,949500,0.0,0.0
2022-09-29 00:00:00-04:00,86.05384201556198,86.05384201556198,83.24175006996335,84.7522964477539,1170900,0.0,0.0
2022-09-30 00:00:00-04:00,84.16326621061503,87.13686870618261,83.96376051492625,85.82582092285156,1334200,0.0,0.0
2022-10-03 00:00:00-04:00,87.54538294972679,90.47148099986973,87.02286285214292,89.53094482421875,1160000,0.0,0.0
2022-10-04 00:00:00-04:00,91.35501565347477,92.20054295252326,90.84199786840651,92.05803680419922,1081800,0.0,0.0
2022-10-05 00:00:00-04:00,89.77796083260878,90.94650255962213,88.54291720231265,90.02497100830078,1142000,0.0,0.0
2022-10-06 00:00:00-04:00,88.76142068818125,90.20546501055257,87.63088117221625,87.95389556884766,1063000,0.0,0.0
2022-10-07 00:00:00-04:00,86.71884537456279,87.59287232487586,85.17979949426429,85.7308120727539,1292700,0.0,0.0
2022-10-10 00:00:00-04:00,87.48837381633477,88.09640048105156,86.42434346144753,87.26036834716797,1169600,0.0,0.0
2022-10-11 00:00:00-04:00,86.21535399056893,88.02041519317245,85.42682614839592,86.46236419677734,814700,0.0,0.0
2022-10-12 00:00:00-04:00,86.32934528590901,86.49084886444176,84.89479601925343,85.42681121826172,1023400,0.0,0.0
2022-10-13 00:00:00-04:00,83.47925032976573,89.85395928363543,82.61471839468294,88.59041595458984,1131700,0.0,0.0
2022-10-14 00:00:00-04:00,89.40744974927031,89.88246541800594,83.52675345091097,84.248779296875,1418100,0.0,0.0
2022-10-17 00:00:00-04:00,86.38634102928346,88.12489993977654,86.12983578341941,87.37437438964844,1009100,0.0,0.0
2022-10-18 00:00:00-04:00,90.08195863240528,91.06048961454694,89.02742341425032,90.16746520996094,1137700,0.0,0.0
2022-10-19 00:00:00-04:00,89.21744243324788,89.91096121994251,87.34587962153836,87.96339416503906,543800,0.0,0.0
2022-10-20 00:00:00-04:00,88.48592442846417,91.00350909982822,87.23188326454729,87.45039367675781,737700,0.0,0.0
2022-10-21 00:00:00-04:00,87.61187600603385,90.40496997636983,87.42186542237954,89.91094970703125,795800,0.0,0.0
2022-10-24 00:00:00-04:00,90.13896870733313,90.62348670827242,88.2294109796945,88.44791412353516,685700,0.0,0.0
2022-10-25 00:00:00-04:00,88.0679039347159,91.49751771489991,87.68789719027419,91.22200775146484,714900,0.0,0.0
2022-10-26 00:00:00-04:00,91.61151929157343,92.40954211092406,90.31947613324643,91.45951080322266,911200,0.0,0.0
2022-10-27 00:00:00-04:00,92.09603508505202,92.65655006406979,90.82298939413825,91.05099487304688,687200,0.0,0.0
2022-10-28 00:00:00-04:00,90.42892950371656,92.2376989547964,89.6346074712552,91.96973419189453,858700,0.7,0.0
2022-10-31 00:00:00-04:00,91.42423764529671,92.66836817457789,91.14670061025728,91.98888397216797,1152100,0.0,0.0
2022-11-01 00:00:00-04:00,93.62538643486722,94.53455366093678,92.33340926569225,94.13260650634766,1019200,0.0,0.0
2022-11-02 00:00:00-04:00,93.99862202693848,95.3480181019887,89.95999145507812,89.95999145507812,1261300,0.0,0.0
2022-11-03 00:00:00-04:00,89.03168209795281,91.19455207939737,88.64887215322483,90.4289321899414,1312500,0.0,0.0
2022-11-04 00:00:00-04:00,90.15139571318214,93.09902281365115,86.59128291949675,87.98853302001953,2657400,0.0,0.0
2022-11-07 00:00:00-05:00,88.7637126598323,89.27093270679262,86.19889565695482,88.42875671386719,1636700,0.0,0.0
2022-11-08 00:00:00-05:00,88.90726961741582,91.04142277282531,87.70142087894023,89.78772735595703,1080700,0.0,0.0
2022-11-09 00:00:00-05:00,88.63930509316009,89.42406217554426,87.44302860772737,87.80669403076172,1465100,0.0,0.0
2022-11-10 00:00:00-05:00,92.53438685854391,100.03742994244051,92.438678892495,99.80774688720703,2268500,0.0,0.0
2022-11-11 00:00:00-05:00,100.84133042821328,107.45434338284419,100.84133042821328,105.80826568603516,2034900,0.0,0.0
2022-11-14 00:00:00-05:00,103.22430967486996,103.95164784861264,100.43937441181791,100.48722839355469,1351600,0.0,0.0
2022-11-15 00:00:00-05:00,102.22900455290255,103.06161562756522,98.19994616679656,98.38178253173828,1457100,0.0,0.0
2022-11-16 00:00:00-05:00,97.34820588336387,97.6161706738375,95.33846265331876,96.2284927368164,882600,0.0,0.0
2022-11-17 00:00:00-05:00,93.85507685185814,95.10877239504322,92.37169094387367,95.05135345458984,808900,0.0,0.0
2022-11-18 00:00:00-05:00,96.72614554340115,97.16637447907821,94.42929289080897,96.8792724609375,928600,0.0,0.0
2022-11-21 00:00:00-05:00,95.52986659389296,96.49646015859568,94.45800010127743,95.29061126708984,747300,0.0,0.0
2022-11-22 00:00:00-05:00,96.96539268405944,100.95616954116049,96.40075365170614,99.60677337646484,1244300,0.0,0.0
2022-11-23 00:00:00-05:00,98.98470553038348,100.59250147941296,98.57318611183746,99.74075317382812,597700,0.0,0.0
2022-11-25 00:00:00-05:00,99.55891666513563,101.27198553056533,99.37708029627947,100.1427001953125,301700,0.0,0.0
2022-11-28 00:00:00-05:00,98.25737544463215,98.7358860962197,96.20935043995681,96.43903350830078,722900,0.0,0.0
2022-11-29 00:00:00-05:00,97.1567864827821,101.42510734900982,97.1567864827821,101.01358795166016,1336800,0.0,0.0
2022-11-30 00:00:00-05:00,100.81260940854197,102.81278750747013,97.8841268815814,102.6883773803711,1435800,0.0,0.0
2022-12-01 00:00:00-05:00,104.03777579513496,105.14792391339861,102.15244282630294,102.87020874023438,914400,0.0,0.0
2022-12-02 00:00:00-05:00,101.45381390554947,105.98051984504296,101.34854099518991,104.42057800292969,887500,0.0,0.0
2022-12-05 00:00:00-05:00,103.26258826155821,105.0043665420499,102.70751421684854,103.72195434570312,929500,0.0,0.0
2022-12-06 00:00:00-05:00,103.67410022374207,104.18132025175404,98.7932939465341,100.30538177490234,1125600,0.0,0.0
2022-12-07 00:00:00-05:00,99.60677124029118,99.8173170788542,97.03238179848555,97.53003692626953,1184700,0.0,0.0
2022-12-08 00:00:00-05:00,98.94642162271201,99.41535996789999,96.5825780823785,96.83140563964844,851800,0.0,0.0
2022-12-09 00:00:00-05:00,96.6687086347209,99.58761876823445,96.61128240057047,97.96068572998047,1029000,0.0,0.0
2022-12-12 00:00:00-05:00,98.09467777786799,100.97531377459211,97.65444888060496,100.72648620605469,868700,0.0,0.0
2022-12-13 00:00:00-05:00,104.59284199163727,106.66957612747159,102.99461842911916,104.30573272705078,1534200,0.0,0.0
2022-12-14 00:00:00-05:00,102.93719780827794,104.64069437393341,99.36751282552626,101.42510986328125,1336800,0.0,0.0
2022-12-15 00:00:00-05:00,99.65461257990064,100.14269542482073,97.73100527028949,97.99897003173828,1582800,0.0,0.0
2022-12-16 00:00:00-05:00,96.93669113237597,97.93199418909069,96.22849739448995,97.16637420654297,2148000,0.0,0.0
2022-12-19 00:00:00-05:00,97.41517649768788,98.5157521987243,95.9892171345404,96.6399917602539,761800,0.0,0.0
2022-12-20 00:00:00-05:00,96.20933276732946,97.28119905853272,95.9317957642101,97.0323715209961,752800,0.0,0.0
2022-12-21 00:00:00-05:00,97.88411476597905,99.53019218966209,97.88411476597905,98.62102508544922,713400,0.0,0.0
2022-12-22 00:00:00-05:00,96.90796387043602,97.90326674443313,94.5919671340716,96.7835464477539,995600,0.0,0.0
2022-12-23 00:00:00-05:00,96.66870598611293,98.19036607180671,95.89351390900298,98.15208435058594,811000,0.0,0.0
2022-12-27 00:00:00-05:00,98.5731886530497,99.39622751135963,97.59703019166658,99.29095458984375,624500,0.0,0.0
2022-12-28 00:00:00-05:00,99.62590060742696,100.15226516238732,96.04664353817233,96.18062591552734,578100,0.0,0.0
2022-12-29 00:00:00-05:00,96.90796870125749,99.46321355144488,96.36246690962768,99.04212188720703,532500,0.0,0.0
2022-12-30 00:00:00-05:00,97.8554203401722,98.46791334057808,96.5921526141485,97.8458480834961,506500,0.0,0.0
2023-01-03 00:00:00-05:00,98.89856991409022,99.98000857159401,96.5921525579795,97.87455749511719,930800,0.0,0.0
2023-01-04 00:00:00-05:00,102.91806515167777,104.87038935984513,100.93703147451409,104.45886993408203,1024700,0.0,0.0
2023-01-05 00:00:00-05:00,102.93720205407854,106.63130461800036,101.9897530725886,106.09537506103516,1252100,0.0,0.0
2023-01-06 00:00:00-05:00,107.30122306340756,111.9044928486899,107.27250629321976,111.60781860351562,1204600,0.0,0.0
2023-01-09 00:00:00-05:00,112.469124179286,114.32574757720293,110.6603547602504,111.78007507324219,1587200,0.0,0.0
2023-01-10 00:00:00-05:00,112.29687233253433,113.69412981224029,111.26329490992669,113.43572998046875,915900,0.0,0.0
2023-01-11 00:00:00-05:00,114.88083396022665,115.5985999116848,112.22031600172733,114.00994110107422,892400,0.0,0.0
2023-01-12 00:00:00-05:00,114.2013468602818,116.9671376728095,112.53612463775174,116.41206359863281,1534600,0.0,0.0
2023-01-13 00:00:00-05:00,114.64157839077038,116.26851162323115,114.40232307414422,116.07711029052734,765900,0.0,0.0
2023-01-17 00:00:00-05:00,116.70873554468551,116.80444350844228,114.67028296263608,114.90953826904297,1181200,0.0,0.0
2023-01-18 00:00:00-05:00,115.73257475242372,116.75658715095022,113.13904815992186,113.57927703857422,733200,0.0,0.0
2023-01-19 00:00:00-05:00,112.18204263397794,113.09120998630715,109.62679740874273,111.56954956054688,687700,0.0,0.0
2023-01-20 00:00:00-05:00,112.33516075433317,116.59391004112261,111.70353047517942,116.36421966552734,920600,0.0,0.0
2023-01-23 00:00:00-05:00,116.46947969908956,117.8763020624881,115.83784948987557,117.66575622558594,665100,0.0,0.0
2023-01-24 00:00:00-05:00,116.37378186240534,118.05814129702031,115.65601592908274,117.0724105834961,581600,0.0,0.0
2023-01-25 00:00:00-05:00,115.20620229070454,116.25893138668424,113.6366882040517,116.24935913085938,627200,0.0,0.0
2023-01-26 00:00:00-05:00,115.95269782369358,116.08668021419167,113.40701780124452,115.26364135742188,953400,0.0,0.0
2023-01-27 00:00:00-05:00,114.07692209277513,115.64643624877263,113.8855207767724,115.32105255126953,889800,0.0,0.0
2023-01-30 00:00:00-05:00,113.61755078558029,117.31165296608557,113.61755078558029,116.70872497558594,973200,0.0,0.0
2023-01-31 00:00:00-05:00,117.28295607227399,118.23040505698833,115.86656142212657,117.90501403808594,1105700,0.0,0.0
2023-02-01 00:00:00-05:00,117.15852616644538,121.25457547600834,116.99583432505896,119.60850524902344,1009900,0.0,0.0
2023-02-02 00:00:00-05:00,120.17314885872554,122.83367386304036,119.17784595884005,121.32157135009766,977000,0.0,0.0
2023-02-03 00:00:00-05:00,119.62765482562712,121.41728717035583,119.57023588778846,120.05831146240234,706800,0.0,0.0
2023-02-06 00:00:00-05:00,118.67062663804415,119.10128324960148,116.488619510035,116.87142944335938,857700,0.0,0.0
2023-02-07 00:00:00-05:00,116.25893383153206,119.10128054597438,115.91440562951021,118.5844955444336,558600,0.0,0.0
2023-02-08 00:00:00-05:00,117.17767075080916,118.23039254480484,115.3784663341518,116.27806854248047,580700,0.0,0.0
2023-02-09 00:00:00-05:00,117.65618400121197,118.71847807522767,114.58414694715026,115.08179473876953,582500,0.0,0.0
2023-02-10 00:00:00-05:00,114.34489663946978,114.83297219631959,113.07205668609336,114.72769927978516,538100,0.0,0.0
2023-02-13 00:00:00-05:00,114.91910011868535,117.21595231248793,113.70367918337061,116.70872497558594,688900,0.0,0.0
2023-02-14 00:00:00-05:00,115.67515796620737,118.28782181872873,115.11051164730647,116.8331527709961,885100,0.0,0.0
2023-02-15 00:00:00-05:00,115.35933899065763,117.61790965898285,115.04352023499948,117.60833740234375,649100,0.0,0.0
2023-02-16 00:00:00-05:00,115.90483866480972,117.8284533303339,114.59371698606567,116.01968383789062,670300,0.0,0.0
2023-02-17 00:00:00-05:00,115.52876774125836,115.8656763812522,113.55548452475253,114.45068359375,528100,0.7,0.0
2023-02-21 00:00:00-05:00,113.43995954275633,113.43995954275633,107.60673182296951,108.91584014892578,1396900,0.0,0.0
2023-02-22 00:00:00-05:00,109.11798962822263,110.71586744143188,109.01210531810607,109.94580841064453,633000,0.0,0.0
2023-02-23 00:00:00-05:00,110.50410372054554,111.4185510943442,108.80033429101297,110.48484802246094,940700,0.0,0.0
2023-02-24 00:00:00-05:00,108.05915258038108,115.50951418929972,106.02810970170746,113.31483459472656,3192900,0.0,0.0
2023-02-27 00:00:00-05:00,115.50951215847887,118.16623299441505,112.92017157754593,113.06455993652344,1425500,0.0,0.0
2023-02-28 00:00:00-05:00,112.41963439005583,113.35333746167602,111.75545234036784,111.8805923461914,1398400,0.0,0.0
2023-03-01 00:00:00-05:00,111.95759099691186,117.10739589538277,111.95759099691186,115.23036193847656,1370100,0.0,0.0
2023-03-02 00:00:00-05:00,115.30737386876473,119.33095558908158,114.72019991517588,118.93629455566406,1492700,0.0,0.0
2023-03-03 00:00:00-05:00,119.83149151192836,120.55342596590992,118.49350691139429,119.87962341308594,1262900,0.0,0.0
2023-03-06 00:00:00-05:00,119.57160333582567,119.57160333582567,115.49988961392806,115.60577392578125,1229200,0.0,0.0
2023-03-07 00:00:00-05:00,115.34588325878632,115.97156129413983,112.68916224288847,113.26670837402344,926600,0.0,0.0
2023-03-08 00:00:00-05:00,113.2859670949486,114.498811799513,112.41001635330994,113.54586029052734,1199200,0.0,0.0
2023-03-09 00:00:00-05:00,113.69024445700002,114.93197266526491,109.32013344816077,109.42601776123047,1018900,0.0,0.0
2023-03-10 00:00:00-05:00,109.4260192723118,109.4260192723118,103.45803032328526,105.055908203125,1524200,0.0,0.0
2023-03-13 00:00:00-04:00,102.74571066104124,104.32434009841636,100.78204804149968,101.30184173583984,1390300,0.0,0.0
2023-03-14 00:00:00-04:00,104.19921723118536,104.78639123681286,102.09116605216533,103.95857238769531,2339400,0.0,0.0
2023-03-15 00:00:00-04:00,100.06973298253651,100.2333696843804,96.56594527393196,98.48147583007812,2656500,0.0,0.0
2023-03-16 00:00:00-04:00,96.60444854204297,100.76279036829085,96.18091134644018,100.45476531982422,1764100,0.0,0.0
2023-03-17 00:00:00-04:00,100.05048722399454,100.06973557722375,98.20232952643158,99.14566040039062,3587800,0.0,0.0
2023-03-20 00:00:00-04:00,99.93497507292913,100.66653734188328,98.31784167749699,99.14566040039062,2215100,0.0,0.0
2023-03-21 00:00:00-04:00,101.55210418806396,103.51576661002964,101.06118674659845,101.23445129394531,1052000,0.0,0.0
2023-03-22 00:00:00-04:00,100.907189873229,101.48473598497436,96.95098835912225,97.14350128173828,1176900,0.0,0.0
2023-03-23 00:00:00-04:00,97.23975340671822,98.9146466031557,94.84293311071573,95.82476806640625,1063700,0.0,0.0
2023-03-24 00:00:00-04:00,94.33278024354877,97.87507269338897,93.48571302394058,97.77881622314453,2070000,0.0,0.0
2023-03-27 00:00:00-04:00,99.42481126096779,100.52215101456223,98.48148036800049,99.39593505859375,927900,0.0,0.0
2023-03-28 00:00:00-04:00,99.5595732729376,100.46440012845142,99.02053123674908,99.43444061279297,535300,0.0,0.0
2023-03-29 00:00:00-04:00,101.20557975573323,102.15853113809358,100.8012982412648,101.95639038085938,845300,0.0,0.0
2023-03-30 00:00:00-04:00,103.50615331609315,103.86231030902402,101.42698579947097,102.4088134765625,729100,0.0,0.0
2023-03-31 00:00:00-04:00,102.44730267463983,104.88262683104212,102.44730267463983,104.81524658203125,720400,0.0,0.0
2023-04-03 00:00:00-04:00,105.88372505812438,107.52010696237281,104.58424444664507,105.00777435302734,881900,0.0,0.0
2023-04-04 00:00:00-04:00,105.00776946435955,105.00776946435955,101.39809718724558,102.2740478515625,1241600,0.0,0.0
2023-04-05 00:00:00-04:00,101.28259041954846,102.93822791371835,100.46439952130783,102.82271575927734,798900,0.0,0.0
2023-04-06 00:00:00-04:00,102.19703161827891,102.63981716778439,100.96493142071648,102.06227111816406,690000,0.0,0.0
2023-04-10 00:00:00-04:00,101.96601886233395,103.66978088039522,101.66762164893092,103.37138366699219,555500,0.0,0.0
2023-04-11 00:00:00-04:00,104.2184519865278,105.85484111504502,103.73716236235748,104.80562591552734,1097800,0.0,0.0
2023-04-12 00:00:00-04:00,106.89443453377068,107.991774351659,104.82488756357876,105.55644989013672,1068900,0.0,0.0
2023-04-13 00:00:00-04:00,105.88372607290468,107.00994212405382,104.80563458181383,106.83667755126953,862500,0.0,0.0
2023-04-14 00:00:00-04:00,107.17357669781896,108.52118919868074,106.12436877648273,106.5767822265625,892800,0.0,0.0
2023-04-17 00:00:00-04:00,106.70191082884438,106.82705083429428,104.38209860222858,106.47089385986328,551000,0.0,0.0
2023-04-18 00:00:00-04:00,107.49122225837716,107.49122225837716,105.00776604993924,105.3831787109375,489800,0.0,0.0
2023-04-19 00:00:00-04:00,104.53609824435102,105.21952858588568,103.15960971312025,105.02701568603516,469800,0.0,0.0
2023-04-20 00:00:00-04:00,103.54465727216729,104.07407883630668,101.97565562265014,102.80347442626953,741500,0.0,0.0
2023-04-21 00:00:00-04:00,102.3895604503622,102.60132172266043,99.96385655708481,100.685791015625,1033800,0.0,0.0
2023-04-24 00:00:00-04:00,101.03232167809675,101.74462829838643,100.54140418254033,101.72537994384766,719200,0.0,0.0
2023-04-25 00:00:00-04:00,100.26226389198756,100.26226389198756,96.14241829943485,96.74884796142578,1026500,0.0,0.0
2023-04-26 00:00:00-04:00,96.59482218140224,97.82692239424358,95.8536394215793,96.7007064819336,869400,0.0,0.0
2023-04-27 00:00:00-04:00,97.5574106268169,99.54032897949219,96.70071563697219,99.54032897949219,1336900,0.0,0.0
2023-04-28 00:00:00-04:00,99.16236222846004,104.4635569514397,99.16236222846004,102.96138763427734,1247200,0.7,0.0
2023-05-01 00:00:00-04:00,102.92261845665811,103.30058229406461,101.1200182810511,101.40106964111328,887000,0.0,0.0
2023-05-02 00:00:00-04:00,99.98612803164204,100.024894501859,96.75889147707498,98.88130950927734,873900,0.0,0.0
2023-05-03 00:00:00-04:00,98.92977118802365,99.5306330020993,96.68136763347532,97.59235382080078,1078500,0.0,0.0
2023-05-04 00:00:00-04:00,97.34037708963447,98.95883833568001,96.37123755634524,98.0284652709961,1483700,0.0,0.0
2023-05-05 00:00:00-04:00,100.2768722682392,102.67064818385487,99.84075502633884,102.63188171386719,1293200,0.0,0.0
2023-05-08 00:00:00-04:00,103.69793334164811,103.69793334164811,102.05039904052826,102.73848724365234,1568300,0.0,0.0
2023-05-09 00:00:00-04:00,101.49798928513758,102.09885107969579,100.76144114986346,101.31385040283203,1758700,0.0,0.0
2023-05-10 00:00:00-04:00,102.91293722802318,103.82392343067072,96.26463893283425,99.7535400390625,3777900,0.0,0.0
2023-05-11 00:00:00-04:00,97.42760066614112,100.58699776308845,97.34038165315106,98.10600280761719,2706200,0.0,0.0
2023-05-12 00:00:00-04:00,98.35796776516268,99.04605593674384,97.06901782360946,97.67957305908203,1338500,0.0,0.0
2023-05-15 00:00:00-04:00,98.4548810274918,102.0794681831692,97.67957384203481,101.97286224365234,1515600,0.0,0.0
2023-05-16 00:00:00-04:00,101.43014747248108,102.08915525932744,99.3755689926054,99.64692687988281,1283100,0.0,0.0
2023-05-17 00:00:00-04:00,100.54821857136537,102.94199421098752,100.00550284200715,102.4477310180664,1029100,0.0,0.0
2023-05-18 00:00:00-04:00,102.40897151235332,104.34725055629957,101.85656228058654,104.19219207763672,1010200,0.0,0.0
2023-05-19 00:00:00-04:00,104.93842731370262,104.93842731370262,103.04860818439008,104.06620025634766,1127000,0.0,0.0
2023-05-22 00:00:00-04:00,103.98867733586442,105.76219710427624,103.52348709556013,105.15164184570312,945500,0.0,0.0
2023-05-23 00:00:00-04:00,104.5410913068803,106.5762829879555,104.08559451187881,104.84152221679688,1054300,0.0,0.0
2023-05-24 00:00:00-04:00,105.58776025742024,105.62652673008738,102.78694730427023,103.60102844238281,1567500,0.0,0.0
2023-05-25 00:00:00-04:00,103.41688377956055,103.62040220425412,100.69360392358477,102.98077392578125,1594100,0.0,0.0
2023-05-26 00:00:00-04:00,103.71731552510165,104.24065179025207,102.50589103927611,104.10497283935547,1144000,0.0,0.0
2023-05-30 00:00:00-04:00,103.9692868418707,104.99657237016234,103.03891378708714,104.66706848144531,1687200,0.0,0.0
2023-05-31 00:00:00-04:00,103.68823633676615,103.95959422237625,100.04427702436234,100.80989074707031,4347300,0.0,0.0
2023-06-01 00:00:00-04:00,101.00372675953096,103.13583084732016,100.25748515304107,102.8257064819336,1097900,0.0,0.0
2023-06-02 00:00:00-04:00,105.132263672127,111.48012341111831,104.62830695576226,111.15061950683594,2098000,0.0,0.0
2023-06-05 00:00:00-04:00,110.61757891936551,111.77085725895196,109.3480085750795,110.3656005859375,1471100,0.0,0.0
2023-06-06 00:00:00-04:00,109.45462475594864,112.52679540017157,109.29955887656863,111.9259262084961,1414900,0.0,0.0
2023-06-07 00:00:00-04:00,112.24574746104648,114.6395234408258,111.46074675611173,114.13556671142578,1873400,0.0,0.0
2023-06-08 00:00:00-04:00,114.32938582921149,114.71704310064717,110.80171870764688,112.0712890625,2263600,0.0,0.0
2023-06-09 00:00:00-04:00,110.55943875570011,110.99554858424932,109.357700421393,110.12332153320312,1918400,0.0,0.0
2023-06-12 00:00:00-04:00,110.32685726765729,112.38143604447816,109.60000250999245,110.84050750732422,1533400,0.0,0.0
2023-06-13 00:00:00-04:00,111.72240390167397,115.03685932169357,111.29598014215759,113.94173431396484,852400,0.0,0.0
2023-06-14 00:00:00-04:00,114.62981600985349,115.11438574773345,112.23604032169486,112.7593765258789,1117200,0.0,0.0
2023-06-15 00:00:00-04:00,111.88715137631542,114.02895615997416,110.59820147155722,113.19549560546875,1238600,0.0,0.0
2023-06-16 00:00:00-04:00,112.6915399546637,113.25364263959867,110.09424579711508,110.48190307617188,2258500,0.0,0.0
2023-06-20 00:00:00-04:00,108.25288060932063,108.27226754018503,103.8336067975409,105.46176147460938,1529600,0.0,0.0
2023-06-21 00:00:00-04:00,104.50231924749961,106.5665838231576,104.22126789127329,105.1710205078125,1423200,0.0,0.0
2023-06-22 00:00:00-04:00,103.1939863877672,104.60892929628857,101.9050289636254,103.82392120361328,1120600,0.0,0.0
2023-06-23 00:00:00-04:00,102.68034142950087,106.88641129266401,102.02132618156534,106.08202362060547,2549600,0.0,0.0
2023-06-26 00:00:00-04:00,104.35694735663469,108.29165157551894,104.35694735663469,107.65202331542969,1250000,0.0,0.0
2023-06-27 00:00:00-04:00,107.80708605668687,110.29777451035693,106.22739118482436,109.64845275878906,922000,0.0,0.0
2023-06-28 00:00:00-04:00,109.20264763801713,110.58851752642175,107.94276323257722,110.46253204345703,940400,0.0,0.0
2023-06-29 00:00:00-04:00,110.2299430217214,111.5092070790624,109.92951209273906,110.59822082519531,1150500,0.0,0.0
2023-06-30 00:00:00-04:00,111.69333441954474,113.19550369686621,110.99555275250374,112.22636413574219,947300,0.0,0.0
2023-07-03 00:00:00-04:00,112.42019145526069,114.77520093409004,111.9840816011601,113.31179809570312,519000,0.0,0.0
2023-07-05 00:00:00-04:00,111.57703782985428,113.56377693794113,110.80173059773247,111.0052490234375,2069000,0.0,0.0
2023-07-06 00:00:00-04:00,108.99913085797436,109.13480980904312,106.00448568036076,108.69869995117188,1937000,0.0,0.0
2023-07-07 00:00:00-04:00,108.97973503072434,114.41660827777046,108.97973503072434,113.3311767578125,1741200,0.0,0.0
2023-07-10 00:00:00-04:00,112.80785375689729,115.4439147182491,112.41050296180522,113.28273010253906,1001800,0.0,0.0
2023-07-11 00:00:00-04:00,113.66068880477282,115.35668307045033,112.78846170363474,115.036865234375,1312900,0.0,0.0
2023-07-12 00:00:00-04:00,116.29675125699943,118.88435219792007,116.28705779075582,118.06058502197266,1919100,0.0,0.0
2023-07-13 00:00:00-04:00,118.36100913056471,118.99095130914182,117.7310743459355,118.90373229980469,1332700,0.0,0.0
2023-07-14 00:00:00-04:00,118.65175308681512,118.65175308681512,115.14346532245672,116.14167785644531,1043700,0.0,0.0
2023-07-17 00:00:00-04:00,115.37607877059001,117.38219755868701,114.775209523266,117.3046646118164,1028100,0.0,0.0
2023-07-18 00:00:00-04:00,116.10292128899115,120.15392491217229,116.10292128899115,119.8147201538086,1707400,0.0,0.0
2023-07-19 00:00:00-04:00,119.30107912373947,119.96978779049941,118.59361138100479,118.71959686279297,1020600,0.0,0.0
2023-07-20 00:00:00-04:00,119.61121000778,119.61121000778,117.44033933142852,118.17688751220703,614700,0.0,0.0
2023-07-21 00:00:00-04:00,117.79891176102316,118.05088271289617,116.1901366067146,117.51786041259766,675400,0.0,0.0
2023-07-24 00:00:00-04:00,117.73107419269813,118.55484132025082,116.74254772447662,118.23502349853516,647300,0.0,0.0
2023-07-25 00:00:00-04:00,119.24292863543087,121.86929587394961,118.30286210848088,120.17330169677734,1046500,0.0,0.0
2023-07-26 00:00:00-04:00,119.66935564580491,121.69485376904754,119.4755232982076,121.2393569946289,687300,0.0,0.0
2023-07-27 00:00:00-04:00,121.9177603641719,124.53443423487406,121.17151875771775,121.97590637207031,1820000,0.0,0.0
2023-07-28 00:00:00-04:00,124.42204310826905,125.01652515828677,122.17081243593042,122.78478240966797,1147300,0.7,0.0
2023-07-31 00:00:00-04:00,122.89198690633008,123.34028351338785,121.40091163093552,122.2000503540039,770100,0.0,0.0
2023-08-01 00:00:00-04:00,121.01108865844701,122.48267603926675,120.1144954263494,122.1805648803711,690700,0.0,0.0
2023-08-02 00:00:00-04:00,120.5140595918388,121.54709052472332,119.2666168937416,120.36787414550781,1091800,0.0,0.0
2023-08-03 00:00:00-04:00,119.79287296590614,122.15130558507803,119.4322906462552,121.2449722290039,1304700,0.0,0.0
2023-08-04 00:00:00-04:00,121.71278054390874,123.2428392295042,120.71873275641748,120.79669189453125,1010100,0.0,0.0
2023-08-07 00:00:00-04:00,121.41066116220169,121.81022681217891,120.00729267675722,121.55684661865234,1274900,0.0,0.0
2023-08-08 00:00:00-04:00,116.49888394840613,122.91148946811019,114.44256209501987,122.14158630371094,2971400,0.0,0.0
2023-08-09 00:00:00-04:00,120.4555924756563,124.14917509215377,120.38737358554903,123.03817749023438,1879200,0.0,0.0
2023-08-10 00:00:00-04:00,124.21738736672941,124.49026291262581,122.93096876800277,123.7203598022461,1668500,0.0,0.0
2023-08-11 00:00:00-04:00,123.13563486378334,124.10044702794033,121.74201398875587,122.79454040527344,2171700,0.0,0.0
2023-08-14 00:00:00-04:00,121.88819464435474,122.37547454737611,120.9331227629003,121.13778686523438,1007100,0.0,0.0
2023-08-15 00:00:00-04:00,119.20814769646039,119.41280435064935,115.81667651274135,116.16751861572266,1558600,0.0,0.0
2023-08-16 00:00:00-04:00,115.46585272431041,116.24549613249332,113.27309309172475,113.43876647949219,1385800,0.0,0.0
2023-08-17 00:00:00-04:00,114.28661186313442,116.31369780792124,113.40951408816164,114.92982482910156,1746900,0.0,0.0
2023-08-18 00:00:00-04:00,113.65316951594944,114.9785714733303,112.99046853725902,114.7056884765625,1053600,0.0,0.0
2023-08-21 00:00:00-04:00,115.34889931589038,115.78744825478509,114.04298530855512,115.00780487060547,1013500,0.0,0.0
2023-08-22 00:00:00-04:00,116.03109334469569,116.45990205792936,114.07223339989997,114.46205139160156,918900,0.0,0.0
2023-08-23 00:00:00-04:00,114.50102771170911,115.01754321106088,113.79934347285344,114.52052307128906,684500,0.0,0.0
2023-08-24 00:00:00-04:00,113.71163469686662,115.20270996103373,113.36079258349777,114.59848022460938,982000,0.0,0.0
2023-08-25 00:00:00-04:00,115.62177402391431,116.06032295959182,113.9455299790383,115.20271301269531,1098900,0.0,0.0
2023-08-28 00:00:00-04:00,115.76795861808401,118.60392374728443,115.76795861808401,118.447998046875,1182300,0.0,0.0
2023-08-29 00:00:00-04:00,115.51456758624451,119.85136299530933,115.51456758624451,119.73441314697266,1411000,0.0,0.0
2023-08-30 00:00:00-04:00,120.19245888724353,123.29155927049692,120.13398024471353,122.11234283447266,1942700,0.0,0.0
2023-08-31 00:00:00-04:00,122.1123395287133,123.78857605140777,122.09284416996407,123.14537048339844,1475800,0.0,0.0
2023-09-01 00:00:00-04:00,124.22713707159794,125.98134765996102,124.12968258008912,125.6207504272461,988400,0.0,0.0
2023-09-05 00:00:00-04:00,125.61101050073705,125.67923682379713,122.58012896474457,123.13562774658203,1299500,0.0,0.0
2023-09-06 00:00:00-04:00,123.3500322097111,125.2699087485966,122.6873312557071,123.70087432861328,1365600,0.0,0.0
2023-09-07 00:00:00-04:00,122.74580641745865,123.83731609312363,121.26447876183603,122.1903076171875,1586100,0.0,0.0
2023-09-08 00:00:00-04:00,122.11234378746593,123.53520017844995,120.65050411292468,121.38142395019531,1228600,0.0,0.0
2023-09-11 00:00:00-04:00,122.71656352369713,124.09069635792524,122.32673813159194,122.78478240966797,897900,0.0,0.0
2023-09-12 00:00:00-04:00,122.44368797981377,123.85679666148157,121.69328023413453,122.78478240966797,1090200,0.0,0.0
2023-09-13 00:00:00-04:00,122.4242016455696,122.52165613603594,119.97805452776872,121.0110855102539,1557100,0.0,0.0
2023-09-14 00:00:00-04:00,123.27206031777574,125.63050055637554,121.94665846701416,125.60126495361328,1099900,0.0,0.0
2023-09-15 00:00:00-04:00,125.55254103533764,127.19954947947889,124.58772147825425,124.97755432128906,1212800,0.0,0.0
2023-09-18 00:00:00-04:00,125.04576729176667,125.8059227566538,123.74960839063156,125.71821594238281,987800,0.0,0.0
2023-09-19 00:00:00-04:00,124.73390740531212,127.05335706534504,124.37332503592413,125.03602600097656,928500,0.0,0.0
2023-09-20 00:00:00-04:00,125.59151957407353,127.71606771995692,124.3440841908513,124.7339096069336,787900,0.0,0.0
2023-09-21 00:00:00-04:00,123.73009822537745,123.73009822537745,122.14156859614901,122.16105651855469,1111300,0.0,0.0
2023-09-22 00:00:00-04:00,122.55090487142684,124.02249237164817,120.6992396129493,120.74797058105469,731900,0.0,0.0
2023-09-25 00:00:00-04:00,120.15347552108068,121.55684397601603,119.5200101804334,120.72846221923828,724400,0.0,0.0
2023-09-26 00:00:00-04:00,119.20814586328835,120.16321767011729,117.03487439409122,117.06411743164062,1102500,0.0,0.0
2023-09-27 00:00:00-04:00,118.05817058304426,120.9915975885325,117.08361080776055,120.16322326660156,995300,0.0,0.0
2023-09-28 00:00:00-04:00,119.97805152989122,124.35382272961246,119.59797382185867,123.17460632324219,970000,0.0,0.0
2023-09-29 00:00:00-04:00,123.71060922920643,124.95804444075489,122.20003873801238,122.32672882080078,875900,0.0,0.0
2023-10-02 00:00:00-04:00,121.81996753296744,122.7360560681116,117.75605520053982,118.31155395507812,1011500,0.0,0.0
2023-10-03 00:00:00-04:00,117.01539384540031,120.05602307100165,116.77175389757234,117.88275146484375,1234900,0.0,0.0
2023-10-04 00:00:00-04:00,119.510267219393,119.510267219393,117.04463208157536,118.74036407470703,1002200,0.0,0.0
2023-10-05 00:00:00-04:00,117.95095687328995,119.02297103416208,115.61201215437787,117.23953247070312,727800,0.0,0.0
2023-10-06 00:00:00-04:00,116.7035370957984,119.0034988392328,115.26118530734072,117.26878356933594,733900,0.0,0.0
2023-10-09 00:00:00-04:00,116.25524104693052,118.58443840641709,114.69594683236022,117.89250183105469,715600,0.0,0.0
2023-10-10 00:00:00-04:00,118.69163875362483,121.65430143335274,118.23359445867364,119.91958618164062,752400,0.0,0.0
2023-10-11 00:00:00-04:00,119.59797102916092,121.50810720411393,119.47127350590799,120.93311309814453,562800,0.0,0.0
2023-10-12 00:00:00-04:00,121.59582022869583,121.59582022869583,116.45989347020341,117.70732879638672,625100,0.0,0.0
2023-10-13 00:00:00-04:00,118.46747730684156,119.61745807504695,116.18701112861933,116.4111557006836,751500,0.0,0.0
2023-10-16 00:00:00-04:00,118.18487336219962,119.46155186085505,116.45990564633483,117.38573455810547,679800,0.0,0.0
2023-10-17 00:00:00-04:00,116.08956593834858,119.96830977475896,116.08956593834858,119.1009521484375,590900,0.0,0.0
2023-10-18 00:00:00-04:00,117.02513415651542,117.41495953555437,115.3099069499244,116.2454833984375,664700,0.0,0.0
2023-10-19 00:00:00-04:00,115.70948975802082,117.0641273019672,113.47774689615561,113.68240356445312,685400,0.0,0.0
2023-10-20 00:00:00-04:00,113.66289792741904,114.55949852428024,112.19131809767308,112.28877258300781,733300,0.0,0.0
2023-10-23 00:00:00-04:00,111.25574807879907,112.62987350255197,110.17398612793139,110.22270965576172,713600,0.0,0.0
2023-10-24 00:00:00-04:00,111.0705787086192,114.0332413158476,110.32016351835587,113.21460723876953,769400,0.0,0.0
2023-10-25 00:00:00-04:00,112.53242285831713,113.36079721276002,109.85238337110107,110.06678771972656,706600,0.0,0.0
2023-10-26 00:00:00-04:00,110.30067438387219,114.23789672255907,110.30067438387219,113.6336669921875,917700,0.0,0.0
2023-10-27 00:00:00-04:00,113.9866340817737,114.46705044313676,110.78057203462116,111.28060150146484,626500,0.7,0.0
2023-10-30 00:00:00-04:00,111.95710496282568,114.05525831394932,109.95699469274184,112.04534149169922,953700,0.0,0.0
2023-10-31 00:00:00-04:00,112.72185530756842,112.96696675862246,111.7512160558526,112.2708511352539,805200,0.0,0.0
2023-11-01 00:00:00-04:00,111.49629885582686,111.49629885582686,108.59418015205698,110.80998229980469,906600,0.0,0.0
2023-11-02 00:00:00-04:00,112.2610580505362,113.86898876393504,112.07477093172004,113.31013488769531,849200,0.0,0.0
2023-11-03 00:00:00-04:00,114.71215459817671,119.67320777943998,114.17290643490567,118.59471893310547,1116300,0.0,0.0
2023-11-06 00:00:00-05:00,118.69277276731785,119.5359568007126,116.99660562773204,117.68291473388672,975600,0.0,0.0
2023-11-07 00:00:00-05:00,111.81984539014115,117.76134448645479,111.81984539014115,114.29056549072266,1283000,0.0,0.0
2023-11-08 00:00:00-05:00,113.33952790499703,115.7906422951579,113.25129137745084,115.68279266357422,787400,0.0,0.0
2023-11-09 00:00:00-05:00,116.90835909533138,117.25151364102429,113.65327922722922,114.11408996582031,725600,0.0,0.0
2023-11-10 00:00:00-05:00,114.82981551037331,116.47696476393098,113.49640861557862,116.19263458251953,673400,0.0,0.0
2023-11-13 00:00:00-05:00,115.15336002694299,116.89855989204503,114.97687947789709,115.54553985595703,911500,0.0,0.0
2023-11-14 00:00:00-05:00,117.43779521278428,123.8597181120555,117.43779521278428,123.33027648925781,957100,0.0,0.0
2023-11-15 00:00:00-05:00,123.22243073095629,127.66385657079039,122.8008387299207,124.80094909667969,1083900,0.0,0.0
2023-11-16 00:00:00-05:00,124.51662306430296,125.68335602054061,123.72246431874058,125.36961364746094,968500,0.0,0.0
2023-11-17 00:00:00-05:00,127.05597237957771,127.40893347918448,125.21273689957088,127.38932037353516,849700,0.0,0.0
2023-11-20 00:00:00-05:00,127.40891343061313,128.86978288307867,126.46769395337918,128.0167999267578,686300,0.0,0.0
2023-11-21 00:00:00-05:00,127.50697264881578,128.2717191361983,127.01674977431854,127.87953186035156,741700,0.0,0.0
2023-11-22 00:00:00-05:00,128.33053359240253,129.3600045415512,127.43832443911276,129.13450622558594,693100,0.0,0.0
2023-11-24 00:00:00-05:00,129.39923479305352,130.66401827534727,128.418788975642,130.34046936035156,321000,0.0,0.0
2023-11-27 00:00:00-05:00,129.48749503939348,131.45818587985198,128.95804588436962,131.3699493408203,1210900,0.0,0.0
2023-11-28 00:00:00-05:00,131.3013013038011,131.96801223515396,129.9384822239943,131.8797607421875,1181900,0.0,0.0
2023-11-29 00:00:00-05:00,133.1445414248243,135.25249389154465,132.42882018623033,134.75247192382812,1303300,0.0,0.0
2023-11-30 00:00:00-05:00,134.96819296674752,136.08590075049645,134.65444308198113,135.94863891601562,1048200,0.0,0.0
2023-12-01 00:00:00-05:00,135.6348582457245,139.2821175460039,135.44857116397893,138.2820587158203,1032100,0.0,0.0
2023-12-04 00:00:00-05:00,137.19375345456143,140.04685390384347,136.4976454166762,138.635009765625,1018700,0.0,0.0
2023-12-05 00:00:00-05:00,137.42909465555567,137.5663564777933,135.23289053933695,137.26242065429688,1395100,0.0,0.0
2023-12-06 00:00:00-05:00,137.40946312190056,139.81156712954626,137.26240224651656,138.17420959472656,1191800,0.0,0.0
2023-12-07 00:00:00-05:00,138.93896484375,140.54689517150882,137.75261898027017,138.93896484375,516200,0.0,0.0
2023-12-08 00:00:00-05:00,139.18408630438148,140.66455401231985,138.1546152670189,138.5860137939453,607500,0.0,0.0
2023-12-11 00:00:00-05:00,138.48796248447115,139.95863111262483,138.0761770638379,139.5958709716797,955200,0.0,0.0
2023-12-12 00:00:00-05:00,139.57625862317911,139.57625862317911,137.55654275658273,138.5860137939453,548400,0.0,0.0
2023-12-13 00:00:00-05:00,138.40953426393463,142.6058411660835,136.6447288003169,142.2136688232422,728200,0.0,0.0
2023-12-14 00:00:00-05:00,143.86079350909364,149.41991883813833,143.86079350909364,148.90028381347656,1238700,0.0,0.0
2023-12-15 00:00:00-05:00,148.31204970588442,149.94939249986783,147.39042820211034,149.02777099609375,2185900,0.0,0.0
2023-12-18 00:00:00-05:00,150.08665219696465,150.08665219696465,147.4296373664807,147.49827575683594,670000,0.0,0.0
2023-12-19 00:00:00-05:00,148.89049948493061,149.4885720201362,147.8512293327015,149.00814819335938,654500,0.0,0.0
2023-12-20 00:00:00-05:00,147.7728039331205,150.22391862818898,147.46886810459873,148.2238006591797,606900,0.0,0.0
2023-12-21 00:00:00-05:00,149.92976272227716,151.36122010394152,148.69440645950388,151.31219482421875,495900,0.0,0.0
2023-12-22 00:00:00-05:00,151.96909889116588,153.91037738485923,151.53770034580833,152.40049743652344,423600,0.0,0.0
2023-12-26 00:00:00-05:00,153.08680731338137,155.41045908267037,152.03773808200197,154.5182647705078,594400,0.0,0.0
2023-12-27 00:00:00-05:00,154.4888578350964,155.9497125586759,153.89078527565292,155.40066528320312,571900,0.0,0.0
2023-12-28 00:00:00-05:00,154.91043693206885,155.8124452759171,154.05745387047213,154.2535400390625,462800,0.0,0.0
2023-12-29 00:00:00-05:00,153.9397939617079,154.55747962025242,152.2828530802872,152.3318634033203,447200,0.0,0.0
2024-01-02 00:00:00-05:00,150.57687242987237,152.94954954421863,150.2631225831409,151.694580078125,677800,0.0,0.0
2024-01-03 00:00:00-05:00,149.14542847278315,150.16510060679968,145.24325790246218,147.3022003173828,800200,0.0,0.0
2024-01-04 00:00:00-05:00,148.12575682560652,149.21405228822553,146.78255083459976,146.82176208496094,682500,0.0,0.0
2024-01-05 00:00:00-05:00,146.3021266496269,149.49837464128035,145.22363026204224,147.1943359375,740800,0.0,0.0
2024-01-08 00:00:00-05:00,146.8413892585052,147.04727452335428,145.4099316363168,146.24331665039062,960400,0.0,0.0
2024-01-09 00:00:00-05:00,145.00792792419045,145.63541263815617,143.1352878149653,144.71380615234375,735500,0.0,0.0
2024-01-10 00:00:00-05:00,143.63531413553315,146.79235090585732,143.62551506298018,146.07662963867188,676200,0.0,0.0
2024-01-11 00:00:00-05:00,145.77267549169247,146.6844978721687,143.60589863474826,144.49810791015625,674100,0.0,0.0
2024-01-12 00:00:00-05:00,146.3021272700324,146.3021272700324,142.8117425251077,144.48829650878906,478800,0.0,0.0
2024-01-16 00:00:00-05:00,141.55677278238142,142.7627169563539,139.99785255312096,141.73324584960938,701900,0.0,0.0
2024-01-17 00:00:00-05:00,139.4684088248606,140.55670421270142,138.79189885938996,140.0174560546875,595800,0.0,0.0
2024-01-18 00:00:00-05:00,140.9390892060577,142.9293930602734,139.93903026242685,142.73330688476562,639200,0.0,0.0
2024-01-19 00:00:00-05:00,142.9980364828188,143.6843456014592,140.66457051902475,142.2921142578125,581200,0.0,0.0
2024-01-22 00:00:00-05:00,141.79206539595526,143.7333588321129,141.44891834562353,142.4391632080078,661400,0.0,0.0
2024-01-23 00:00:00-05:00,143.90984640925438,144.98834287146107,142.59605250832405,143.44903564453125,616900,0.0,0.0
2024-01-24 00:00:00-05:00,143.311753544714,144.46868730963402,140.1547170315048,140.4978790283203,677800,0.0,0.0
2024-01-25 00:00:00-05:00,142.35093171766556,142.66466660223213,139.96844058362893,142.52740478515625,639600,0.0,0.0
2024-01-26 00:00:00-05:00,143.1353029900869,143.7235615565628,142.28230488005016,143.28236389160156,582500,0.0,0.0
2024-01-29 00:00:00-05:00,142.93917591017814,144.79221773518785,141.3410595487707,144.64515686035156,510000,0.0,0.0
2024-01-30 00:00:00-05:00,144.22358903681516,148.0277087226327,144.22358903681516,147.44924926757812,682100,0.0,0.0
2024-01-31 00:00:00-05:00,147.49827198286414,148.41989345000746,143.3804025189873,143.42941284179688,755200,0.0,0.0
2024-02-01 00:00:00-05:00,144.43928914506915,145.02754767613976,141.1155633667092,145.0079345703125,616100,0.0,0.0
2024-02-02 00:00:00-05:00,142.6450746758306,144.54712709239737,140.04688415020462,144.09613037109375,757900,0.0,0.0
2024-02-05 00:00:00-05:00,143.3901879861693,143.44901233629216,141.20379819758688,141.67440795898438,858400,0.0,0.0
2024-02-06 00:00:00-05:00,142.86077910330633,146.80216086171674,142.65487888110053,144.97853088378906,793600,0.0,0.0
2024-02-07 00:00:00-05:00,145.35108850845512,146.3609464763012,144.1549434466619,146.09622192382812,369300,0.0,0.0
2024-02-08 00:00:00-05:00,145.87073934123111,146.79236087796667,144.0471093746144,145.98838806152344,460400,0.0,0.0
2024-02-09 00:00:00-05:00,145.54718485465787,146.14525742738581,144.39026592141627,146.00799560546875,435700,0.0,0.0
2024-02-12 00:00:00-05:00,146.6452841190598,150.22390527151134,146.5864448048595,148.6944122314453,570100,0.0,0.0
2024-02-13 00:00:00-05:00,145.38051209454662,145.38051209454662,140.98811879529643,142.6646728515625,978600,0.0,0.0
2024-02-14 00:00:00-05:00,144.48828998652905,146.20407010361026,143.37058239438988,145.25303649902344,472100,0.0,0.0
2024-02-15 00:00:00-05:00,146.2825219531766,149.57682070049458,146.17467230821853,149.12582397460938,605100,0.0,0.0
2024-02-16 00:00:00-05:00,148.7022643204205,150.8495110877879,148.4067676473152,148.79090881347656,496900,0.7,0.0
2024-02-20 00:00:00-05:00,147.0869044531471,148.85001011323448,145.42228766766056,147.1262969970703,1203200,0.0,0.0
2024-02-21 00:00:00-05:00,144.90026907387596,150.3078094849699,135.57251624050903,148.12115478515625,1935000,0.0,0.0
2024-02-22 00:00:00-05:00,147.71729571609015,148.82046734094524,145.5995969656088,147.2937469482422,1226500,0.0,0.0
2024-02-23 00:00:00-05:00,148.062036753614,149.17505270020385,146.42696815825227,147.1361541748047,949700,0.0,0.0
2024-02-26 00:00:00-05:00,149.14550940906247,149.14550940906247,145.84583897520753,147.87489318847656,1355300,0.0,0.0
2024-02-27 00:00:00-05:00,148.7219819119726,148.85001895952163,146.8406684491362,147.34300231933594,704300,0.0,0.0
2024-02-28 00:00:00-05:00,146.45652194557306,148.3969316723562,145.31394276064358,147.17555236816406,657900,0.0,0.0
2024-02-29 00:00:00-05:00,148.06204656434596,150.15019717945458,147.73700169942285,149.687255859375,748700,0.0,0.0
2024-03-01 00:00:00-05:00,149.71680082488535,151.23366179917227,149.00761477650587,151.15487670898438,611000,0.0,0.0
2024-03-04 00:00:00-05:00,150.92831638804714,154.17874984471078,150.92831638804714,152.56338500976562,627700,0.0,0.0
2024-03-05 00:00:00-05:00,150.39643591315917,152.32698620820625,148.86971555877085,149.33265686035156,426900,0.0,0.0
2024-03-06 00:00:00-05:00,151.64736141958642,152.00195443263243,148.23932773700048,149.21446228027344,503700,0.0,0.0
2024-03-07 00:00:00-05:00,150.70178184782705,156.2275144500975,150.70178184782705,154.3068084716797,776600,0.0,0.0
2024-03-08 00:00:00-05:00,155.42967200237274,155.56756844592636,152.38609083634864,153.1543731689453,483700,0.0,0.0
2024-03-11 00:00:00-04:00,154.19846005372767,155.7054766685639,152.25805028934107,155.0652313232422,510800,0.0,0.0
2024-03-12 00:00:00-04:00,155.79412981188906,155.89263372573785,152.78009641499662,154.20831298828125,461900,0.0,0.0
2024-03-13 00:00:00-04:00,154.3954447948923,156.197958011359,153.54836232752956,155.4789276123047,456000,0.0,0.0
2024-03-14 00:00:00-04:00,154.49395462406898,157.08443904756012,154.02115390583447,155.39027404785156,968800,0.0,0.0
2024-03-15 00:00:00-04:00,154.13935158704413,158.0694077310582,154.13935158704413,157.6458740234375,1192300,0.0,0.0
2024-03-18 00:00:00-04:00,158.82785768798178,161.3592608355668,158.38462016081627,159.87193298339844,1171500,0.0,0.0
2024-03-19 00:00:00-04:00,159.56659937052672,160.4038375395525,158.1777753614972,159.71434020996094,694200,0.0,0.0
2024-03-20 00:00:00-04:00,159.93101545248967,163.8512422043358,158.72934002015683,162.96475219726562,739600,0.0,0.0
2024-03-21 00:00:00-04:00,164.09750180828004,166.05760033241162,162.56092199589784,165.8113555908203,721300,0.0,0.0
2024-03-22 00:00:00-04:00,166.02804689643938,166.96377387887128,162.91550985440935,162.9253692626953,769200,0.0,0.0
2024-03-25 00:00:00-04:00,162.93521441215012,166.06745525598313,162.9253700334034,165.3878173828125,900500,0.0,0.0
2024-03-26 00:00:00-04:00,165.7325517233994,167.09182747572314,163.8413939542802,163.93003845214844,363900,0.0,0.0
2024-03-27 00:00:00-04:00,165.4567436296123,167.1804566235182,164.84606154980983,167.09181213378906,491000,0.0,0.0
2024-03-28 00:00:00-04:00,167.44642665459884,169.57398485919333,167.16078936332377,169.2784881591797,686500,0.0,0.0
2024-04-01 00:00:00-04:00,169.51487652833893,169.51487652833893,167.47596296916893,168.5692901611328,551800,0.0,0.0
2024-04-02 00:00:00-04:00,168.1753145474224,168.1753145474224,165.50601492889515,166.44174194335938,707400,0.0,0.0
2024-04-03 00:00:00-04:00,167.10168098102574,169.10118714438534,166.31370980637925,168.69735717773438,885800,0.0,0.0
2024-04-04 00:00:00-04:00,166.46145125839462,168.56930572048313,160.72886625529438,160.85691833496094,1067800,0.0,0.0
2024-04-05 00:00:00-04:00,160.48261768980944,160.89632208665313,157.7443773330212,160.17727661132812,922100,0.0,0.0
2024-04-08 00:00:00-04:00,160.55157770801355,162.7283879206312,160.55157770801355,162.24574279785156,650500,0.0,0.0
2024-04-09 00:00:00-04:00,164.84606659572188,164.84606659572188,162.3540712220479,163.78228759765625,795400,0.0,0.0
2024-04-10 00:00:00-04:00,160.33487292764292,160.91600690339462,156.28660882557276,157.66558837890625,958200,0.0,0.0
2024-04-11 00:00:00-04:00,157.8724280980084,159.55674874960664,156.434367218479,157.97093200683594,624600,0.0,0.0
2024-04-12 00:00:00-04:00,156.37526537957183,156.6018213777564,152.35654913394455,153.6961212158203,690400,0.0,0.0
2024-04-15 00:00:00-04:00,155.52816823848386,156.1585541573777,151.95270491503885,153.4400177001953,815300,0.0,0.0
2024-04-16 00:00:00-04:00,152.3565232287248,153.65670254135227,151.23364792672137,152.60276794433594,816000,0.0,0.0
2024-04-17 00:00:00-04:00,154.3560575429407,154.59244287150858,151.56856531675186,152.16940307617188,395300,0.0,0.0
2024-04-18 00:00:00-04:00,153.3513742599152,153.6961078727071,150.71162287351189,152.2974395751953,407700,0.0,0.0
2024-04-19 00:00:00-04:00,152.80964280352714,154.68109690816104,151.44052258266248,152.1300048828125,524100,0.0,0.0
2024-04-22 00:00:00-04:00,152.45502489928157,154.26738237259886,151.21395696138515,152.6126251220703,430000,0.0,0.0
2024-04-23 00:00:00-04:00,151.47990116151368,154.55304560529098,151.47990116151368,153.70596313476562,474300,0.0,0.0
2024-04-24 00:00:00-04:00,153.70597306754934,154.7500483831957,151.70646693749003,153.09527587890625,597900,0.0,0.0
2024-04-25 00:00:00-04:00,152.18908175601268,152.20878554195056,149.75618271336592,151.57839965820312,676200,0.0,0.0
2024-04-26 00:00:00-04:00,152.28094151279413,154.1015958951803,151.58830864364597,152.86474609375,437700,0.7,0.0
2024-04-29 00:00:00-04:00,153.81462605333533,156.03106615659996,153.81462605333533,155.9420166015625,442700,0.0,0.0
2024-04-30 00:00:00-04:00,154.6557065594913,155.5957094154804,151.77631651683595,151.99400329589844,390400,0.0,0.0
2024-05-01 00:00:00-04:00,153.0428379659857,156.16959773942204,151.73673248866308,152.8152618408203,580000,0.0,0.0
2024-05-02 00:00:00-04:00,154.21042496320825,155.94201452443272,151.86534769061703,154.73484802246094,518800,0.0,0.0
2024-05-03 00:00:00-04:00,156.85234431531524,157.97044623812,155.0811669935378,155.51654052734375,449800,0.0,0.0
2024-05-06 00:00:00-04:00,156.7533880728054,157.4361315503908,155.23948518696977,157.4064483642578,369600,0.0,0.0
2024-05-07 00:00:00-04:00,158.2969815703628,162.16585139265666,158.2969815703628,161.01805114746094,754500,0.0,0.0
2024-05-08 00:00:00-04:00,159.8306830049327,162.03721889872443,159.4942634710077,161.55238342285156,740800,0.0,0.0
2024-05-09 00:00:00-04:00,165.79723782494352,167.71683111000743,156.65445386272057,159.72183227539062,1481500,0.0,0.0
2024-05-10 00:00:00-04:00,159.80099097891912,159.80099097891912,154.99211844831646,155.04159545898438,767500,0.0,0.0
2024-05-13 00:00:00-04:00,156.95129259313958,158.95993552707583,156.19929332518183,158.55426025390625,905300,0.0,0.0
2024-05-14 00:00:00-04:00,159.2666653469121,160.2363512630964,157.09970230394697,158.02981567382812,676000,0.0,0.0
2024-05-15 00:00:00-04:00,159.58330515750174,159.74162555327294,156.228969150702,156.91171264648438,724900,0.0,0.0
2024-05-16 00:00:00-04:00,156.83256328741385,156.93151731617564,153.7354863860031,154.03233337402344,713700,0.0,0.0
2024-05-17 00:00:00-04:00,155.6946578791952,156.40708456735325,154.68538422126065,155.68475341796875,511900,0.0,0.0
2024-05-20 00:00:00-04:00,155.64517392920442,156.08054745236586,153.8937904740371,154.88327026367188,663300,0.0,0.0
2024-05-21 00:00:00-04:00,154.55674929179412,154.85359626595042,153.5573800803411,153.7948455810547,363500,0.0,0.0
2024-05-22 00:00:00-04:00,152.46895286292525,152.91421579446268,150.3217833100878,151.5982208251953,637400,0.0,0.0
2024-05-23 00:00:00-04:00,152.45904939517746,152.45904939517746,149.26303386870413,149.9952392578125,550100,0.0,0.0
2024-05-24 00:00:00-04:00,151.28157360966333,151.85547373425436,150.80662750934343,151.26177978515625,423600,0.0,0.0
2024-05-28 00:00:00-04:00,151.63778676431647,152.0929541378078,149.13440395577487,149.66871643066406,711500,0.0,0.0
2024-05-29 00:00:00-04:00,147.97670824023407,148.00639142659978,146.4232176951985,146.79922485351562,624500,0.0,0.0
2024-05-30 00:00:00-04:00,147.1851330828117,150.47021355239858,146.1956531965407,149.7281036376953,619000,0.0,0.0
2024-05-31 00:00:00-04:00,149.6687129256439,150.5097768163766,148.0162834293376,150.4405059814453,1112300,0.0,0.0
2024-06-03 00:00:00-04:00,150.89567396060502,150.89567396060502,144.94890562218833,146.5914306640625,800600,0.0,0.0
2024-06-04 00:00:00-04:00,145.42384552871312,146.12636772257864,143.35583639710424,143.72193908691406,631200,0.0,0.0
2024-06-05 00:00:00-04:00,143.8208926324309,146.11647788003404,143.42509165990396,145.41395568847656,390900,0.0,0.0
2024-06-06 00:00:00-04:00,145.5228061113406,147.02680458494044,144.77079177627664,145.65142822265625,422600,0.0,0.0
2024-06-07 00:00:00-04:00,144.0781544331917,145.51289712504527,142.97983125010808,144.92910766601562,652600,0.0,0.0
2024-06-10 00:00:00-04:00,141.30761007020757,143.68237068694353,141.00087374305016,143.4152069091797,599600,0.0,0.0
2024-06-11 00:00:00-04:00,143.29647656002987,144.3848953165952,141.8221461745363,143.49436950683594,459500,0.0,0.0
2024-06-12 00:00:00-04:00,147.62049654555202,148.72870911088626,143.10847098867538,144.25625610351562,591600,0.0,0.0
2024-06-13 00:00:00-04:00,143.54385083176925,144.4640598562896,141.98047083797107,142.62362670898438,769000,0.0,0.0
2024-06-14 00:00:00-04:00,140.63476397869908,141.2977136101543,137.73558041310534,137.923583984375,710400,0.0,0.0
2024-06-17 00:00:00-04:00,137.84443029679872,138.21053299606737,137.0231602404346,137.88401794433594,1085600,0.0,0.0
2024-06-18 00:00:00-04:00,138.01264494735108,138.32928574582246,137.37937844867258,137.6663360595703,690400,0.0,0.0
2024-06-20 00:00:00-04:00,137.01326646374835,137.8543303167859,136.3898893703614,136.59768676757812,815000,0.0,0.0
2024-06-21 00:00:00-04:00,136.08315415935672,136.9934737533518,134.46040790949365,135.55873107910156,2278600,0.0,0.0
2024-06-24 00:00:00-04:00,136.91431932602183,138.48760373132598,135.21241280956173,137.58717346191406,1006500,0.0,0.0
2024-06-25 00:00:00-04:00,136.4888353998667,136.9637814393707,132.74860325496513,132.98606872558594,900400,0.0,0.0
2024-06-26 00:00:00-04:00,132.70901700822796,137.25074045907877,132.30334179222552,137.0132598876953,1030000,0.0,0.0
2024-06-27 00:00:00-04:00,136.06337367993584,137.1518075937734,134.14379538375894,134.53958129882812,588000,0.0,0.0
2024-06-28 00:00:00-04:00,134.74735432844446,135.4894641917262,132.94650891131127,133.47093200683594,1868100,0.0,0.0
2024-07-01 00:00:00-04:00,133.95578033672953,134.19324582616224,130.13638769963012,130.29469299316406,668500,0.0,0.0
2024-07-02 00:00:00-04:00,130.29469829312384,131.9669216411296,130.01764514534037,131.48208618164062,598900,0.0,0.0
2024-07-03 00:00:00-04:00,132.10545059081068,134.05472712165576,131.8778744506667,133.34230041503906,439700,0.0,0.0
2024-07-05 00:00:00-04:00,132.2637590031557,132.2637590031557,129.54268963649824,130.7894287109375,1259100,0.0,0.0
2024-07-08 00:00:00-04:00,131.89767028923856,133.44125647772142,131.80862072411796,132.58041381835938,864900,0.0,0.0
2024-07-09 00:00:00-04:00,131.6008128731233,132.3132395341321,129.8098568580157,130.01763916015625,538800,0.0,0.0
2024-07-10 00:00:00-04:00,130.3046012803025,133.30272395853507,130.0473268615111,133.27304077148438,696500,0.0,0.0
2024-07-11 00:00:00-04:00,135.41031369152373,138.72506188967162,135.41031369152373,137.72569274902344,885200,0.0,0.0
2024-07-12 00:00:00-04:00,138.4578956381115,141.14928179450362,137.05283619000812,140.7436065673828,898500,0.0,0.0
2024-07-15 00:00:00-04:00,140.75350605512435,142.64341615719832,139.6947553880702,141.33729553222656,516200,0.0,0.0
2024-07-16 00:00:00-04:00,141.70340932332533,146.25500736113705,141.48572255866222,145.95816040039062,694400,0.0,0.0
2024-07-17 00:00:00-04:00,145.5129038019361,146.29460133565271,143.85058490708153,144.32553100585938,727700,0.0,0.0
2024-07-18 00:00:00-04:00,143.08867646811416,145.7701734065714,141.8419373381833,142.01014709472656,641500,0.0,0.0
2024-07-19 00:00:00-04:00,141.4956158178457,141.4956158178457,136.904430006428,137.399169921875,982700,0.0,0.0
2024-07-22 00:00:00-04:00,138.358963786032,138.48760099290834,136.01390146537062,138.260009765625,533500,0.0,0.0
2024-07-23 00:00:00-04:00,138.56675055707663,138.56675055707663,136.49874130899013,137.3892822265625,752300,0.0,0.0
2024-07-24 00:00:00-04:00,137.34968987639826,138.66569983420618,134.44061682211375,134.69789123535156,504400,0.0,0.0
2024-07-25 00:00:00-04:00,134.29219892165077,138.14127471844702,133.21366956919488,135.45977783203125,878700,0.0,0.0
2024-07-26 00:00:00-04:00,136.48884544340027,137.9136987650225,134.885893005707,137.61685180664062,718300,0.0,0.0
2024-07-29 00:00:00-04:00,138.03243709971588,138.40844426877968,136.53832798297216,137.6762237548828,520200,0.0,0.0
2024-07-30 00:00:00-04:00,137.34804524974857,139.5657380506986,137.34804524974857,138.68064880371094,599600,0.7,0.0
2024-07-31 00:00:00-04:00,139.77458093452896,143.1060896950356,139.24750618772336,140.3712615966797,900200,0.0,0.0
2024-08-01 00:00:00-04:00,140.6994485446556,143.79229123665488,135.80659407677427,136.7911376953125,1067700,0.0,0.0
2024-08-02 00:00:00-04:00,129.71040279541097,132.59441243095506,127.47281617670173,130.82423400878906,1558100,0.0,0.0
2024-08-05 00:00:00-04:00,125.6330347696553,126.9358050256636,123.9821894061094,125.29490661621094,1622800,0.0,0.0
2024-08-06 00:00:00-04:00,126.16011288257175,129.72036381235787,125.90154518039037,126.38883972167969,1443500,0.0,0.0
2024-08-07 00:00:00-04:00,128.62642326628065,128.81537745788356,124.14131054948885,124.35015106201172,1145300,0.0,0.0
2024-08-08 00:00:00-04:00,125.37447076851808,126.64740778705671,125.37447076851808,125.70265197753906,1191300,0.0,0.0
2024-08-09 00:00:00-04:00,125.75237394968626,127.10487145425111,123.98219540064488,125.8021011352539,942100,0.0,0.0
2024-08-12 00:00:00-04:00,125.44408442392336,125.75237172453862,123.73357245798752,124.49932861328125,912200,0.0,0.0
2024-08-13 00:00:00-04:00,125.08606887000046,126.51812679897827,124.56894105526017,126.42861938476562,1017500,0.0,0.0
2024-08-14 00:00:00-04:00,126.896026482794,127.53250256907013,124.59877323141599,125.0462875366211,903500,0.0,0.0
2024-08-15 00:00:00-04:00,127.29382141164503,129.3325145551121,127.18442767688515,128.61648559570312,812500,0.0,0.0
2024-08-16 00:00:00-04:00,128.21868903554085,128.67615790353278,126.97559284250454,128.3479766845703,684100,0.0,0.0
2024-08-19 00:00:00-04:00,128.66621880476643,129.4617930861594,127.88056871617182,128.99440002441406,466700,0.0,0.0
2024-08-20 00:00:00-04:00,128.69604454424726,129.46178550397116,127.63194048456515,127.79106140136719,429500,0.0,0.0
2024-08-21 00:00:00-04:00,129.46178985914312,130.36677303246736,128.6860943318956,130.00875854492188,734200,0.0,0.0
2024-08-22 00:00:00-04:00,129.45185243469797,130.2971690685515,128.26841521714562,128.8153839111328,583400,0.0,0.0
2024-08-23 00:00:00-04:00,129.81980946153038,132.6938648422882,129.44191622478147,131.24192810058594,725100,0.0,0.0
2024-08-26 00:00:00-04:00,132.28613935659035,133.36018286989258,130.57562729925053,130.77452087402344,571800,0.0,0.0
2024-08-27 00:00:00-04:00,130.53583346938296,130.82424203794076,129.342456901084,130.267333984375,458400,0.0,0.0
2024-08-28 00:00:00-04:00,129.34246323682817,130.54579440584632,127.94023849245191,128.10931396484375,650400,0.0,0.0
2024-08-29 00:00:00-04:00,129.9291943149241,130.66511717758877,127.65183498424119,129.3424530029297,917000,0.0,0.0
2024-08-30 00:00:00-04:00,130.25737930587513,130.42643959520112,127.90045944786314,129.87948608398438,924700,0.0,0.0
2024-09-03 00:00:00-04:00,127.84079510495606,129.03417169262548,124.5291648313139,124.55899810791016,991400,0.0,0.0
2024-09-04 00:00:00-04:00,124.55899244855023,125.51369519276935,123.46506269500559,123.62417602539062,767000,0.0,0.0
2024-09-05 00:00:00-04:00,122.9976593560098,123.19655292369607,120.23299779373319,120.77001953125,1082500,0.0,0.0
2024-09-06 00:00:00-04:00,120.40205521770376,121.61532567868521,118.96999728509574,119.37773895263672,1048100,0.0,0.0
2024-09-09 00:00:00-04:00,119.7755367194537,121.14792054832253,119.47718878011977,119.69597625732422,1102600,0.0,0.0
2024-09-10 00:00:00-04:00,119.7258037947076,119.90481103226655,117.34899011047128,118.50259399414062,1405100,0.0,0.0
2024-09-11 00:00:00-04:00,118.79098729911082,120.00425773206229,116.23516637900761,119.83519744873047,1064600,0.0,0.0
2024-09-12 00:00:00-04:00,119.80536922057149,120.42194382982646,118.21419792479594,119.21862030029297,651500,0.0,0.0
2024-09-13 00:00:00-04:00,120.471666384131,123.01754035950638,120.07387167865286,122.46063232421875,914100,0.0,0.0
2024-09-16 00:00:00-04:00,122.46063435213317,124.44960032515765,121.71477211224898,123.11699676513672,673600,0.0,0.0
2024-09-17 00:00:00-04:00,123.90263411382946,126.4385688148325,123.65401336225283,125.0661849975586,840300,0.0,0.0
2024-09-18 00:00:00-04:00,125.29491264422603,128.24853599318376,124.2606494005532,125.67282104492188,952200,0.0,0.0
2024-09-19 00:00:00-04:00,129.44190502618684,131.03306864894998,128.10930150878875,129.37228393554688,1177100,0.0,0.0
2024-09-20 00:00:00-04:00,128.26840894348166,128.67615060220263,125.64297451536076,126.19989013671875,3459900,0.0,0.0
2024-09-23 00:00:00-04:00,126.63745898866648,127.40321513189839,125.72253646832718,127.02531433105469,987900,0.0,0.0
2024-09-24 00:00:00-04:00,129.08389154446343,132.95242966091615,128.6860892547707,131.8286590576172,961600,0.0,0.0
2024-09-25 00:00:00-04:00,132.46513132996554,132.49496460571888,128.75571402344215,129.3126220703125,624400,0.0,0.0
2024-09-26 00:00:00-04:00,132.2165062602586,140.5602176727295,131.2816898515961,139.04861450195312,2121000,0.0,0.0
2024-09-27 00:00:00-04:00,140.20220884637035,141.75359989572522,138.00440991798644,138.5215301513672,950000,0.0,0.0
2024-09-30 00:00:00-04:00,138.03424323513954,138.25303070879139,134.08614451688527,135.2099151611328,859200,0.0,0.0
2024-10-01 00:00:00-04:00,135.29940747761248,135.29940747761248,132.10711055263437,134.26513671875,689600,0.0,0.0
2024-10-02 00:00:00-04:00,134.13587006895622,134.93144431843552,133.17122035812616,134.12591552734375,543500,0.0,0.0
2024-10-03 00:00:00-04:00,132.78337691320672,133.58890573046213,130.28721482438064,133.16127014160156,1014900,0.0,0.0
2024-10-04 00:00:00-04:00,135.42868299134872,136.62207468992742,134.71266921664963,135.91598510742188,637000,0.0,0.0
2024-10-07 00:00:00-04:00,132.8927620069258,135.42868140009458,132.8927620069258,134.83200073242188,823400,0.0,0.0
2024-10-08 00:00:00-04:00,131.37120893365454,131.8087687022017,128.10930594328312,128.6662139892578,1212800,0.0,0.0
2024-10-09 00:00:00-04:00,128.63638436276375,133.00216420190182,127.9302947436255,132.51486206054688,881000,0.0,0.0
2024-10-10 00:00:00-04:00,132.5844756092365,134.563486989355,132.17673395342905,134.1060333251953,498300,0.0,0.0
2024-10-11 00:00:00-04:00,133.9270166330175,136.60217818801448,133.9270166330175,135.42868041992188,509100,0.0,0.0
2024-10-14 00:00:00-04:00,134.38448531132937,135.19995343602682,132.9126396259444,134.91156005859375,420900,0.0,0.0
2024-10-15 00:00:00-04:00,133.92702632778784,135.53808396245327,132.7634830166843,133.03199768066406,700300,0.0,0.0
2024-10-16 00:00:00-04:00,134.31487214294134,135.92592975415468,134.1358724859649,134.22537231445312,862000,0.0,0.0
2024-10-17 00:00:00-04:00,135.4485823709919,135.79665749290544,132.58448163268292,134.7425079345703,645200,0.0,0.0
2024-10-18 00:00:00-04:00,135.7170901104136,135.7170901104136,133.51927610259025,135.2198486328125,460800,0.0,0.0
2024-10-21 00:00:00-04:00,134.92150306736673,134.92150306736673,131.7292212232023,132.2662353515625,746500,0.0,0.0
2024-10-22 00:00:00-04:00,132.26623949491992,132.26623949491992,129.79992589458112,130.65518188476562,356000,0.0,0.0
2024-10-23 00:00:00-04:00,129.74025607175307,131.09275352970388,126.92585983391247,128.2286376953125,615100,0.0,0.0
2024-10-24 00:00:00-04:00,129.6209033824756,129.6209033824756,126.62751518150522,129.06399536132812,499800,0.0,0.0
2024-10-25 00:00:00-04:00,129.2728430542544,130.21759881394695,128.07945138453178,128.1590118408203,518800,0.0,0.0
2024-10-28 00:00:00-04:00,129.0640060020521,129.7899743627145,128.38776482765024,129.25296020507812,418400,0.0,0.0
2024-10-29 00:00:00-04:00,127.38332382466702,127.86068659037073,126.07060656819446,126.18000030517578,811500,0.0,0.0
2024-10-30 00:00:00-04:00,126.33000183105469,129.07000732421875,125.38999938964844,127.0199966430664,757700,0.7,0.0
2024-10-31 00:00:00-04:00,127.16999816894531,127.56999969482422,125.83000183105469,125.97000122070312,674500,0.0,0.0
2024-11-01 00:00:00-04:00,125.62999725341797,126.7300033569336,124.56999969482422,124.80999755859375,935900,0.0,0.0
2024-11-04 00:00:00-05:00,126.05000305175781,126.36000061035156,123.4800033569336,123.5,1337400,0.0,0.0
2024-11-05 00:00:00-05:00,99.86000061035156,102.0,90.51000213623047,91.0,10733500,0.0,0.0
2024-11-06 00:00:00-05:00,93.0,93.30000305175781,91.41000366210938,92.44000244140625,4808700,0.0,0.0
2024-11-07 00:00:00-05:00,92.94000244140625,92.94000244140625,89.12000274658203,89.72000122070312,3369200,0.0,0.0
2024-11-08 00:00:00-05:00,88.5999984741211,89.23999786376953,84.75,84.80000305175781,4420700,0.0,0.0
2024-11-11 00:00:00-05:00,83.80000305175781,84.37000274658203,78.44000244140625,78.61000061035156,4732300,0.0,0.0
2024-11-12 00:00:00-05:00,77.5199966430664,78.0999984741211,75.26000213623047,75.70999908447266,3882100,0.0,0.0
2024-11-13 00:00:00-05:00,75.91000366210938,76.4000015258789,73.55000305175781,74.0,3144500,0.0,0.0
2024-11-14 00:00:00-05:00,74.30000305175781,74.83000183105469,72.94000244140625,73.94000244140625,2590300,0.0,0.0
2024-11-15 00:00:00-05:00,74.12000274658203,74.76000213623047,72.77999877929688,73.77999877929688,2374600,0.0,0.0
2024-11-18 00:00:00-05:00,74.0199966430664,74.16999816894531,72.80000305175781,73.0,2820100,0.0,0.0
2024-11-19 00:00:00-05:00,71.5,73.41000366210938,71.44999694824219,72.19999694824219,4904500,0.0,0.0
2024-11-20 00:00:00-05:00,72.0,73.22000122070312,71.37999725341797,72.9000015258789,3538900,0.0,0.0
2024-11-21 00:00:00-05:00,72.83999633789062,76.16999816894531,72.33000183105469,75.0,5050300,0.0,0.0
2024-11-22 00:00:00-05:00,74.9800033569336,76.0999984741211,74.56999969482422,74.69999694824219,2839200,0.0,0.0
2024-11-25 00:00:00-05:00,75.18000030517578,77.43000030517578,74.69999694824219,76.5,2691800,0.0,0.0
2024-11-26 00:00:00-05:00,75.44999694824219,75.87999725341797,72.7699966430664,72.8499984741211,2417400,0.0,0.0
2024-11-27 00:00:00-05:00,73.11000061035156,74.48999786376953,72.83999633789062,72.91000366210938,1559100,0.0,0.0
2024-11-29 00:00:00-05:00,72.73999786376953,74.44999694824219,72.5,73.20999908447266,2884900,0.0,0.0
2024-12-02 00:00:00-05:00,73.44000244140625,74.38999938964844,72.69999694824219,74.22000122070312,2797800,0.0,0.0
2024-12-03 00:00:00-05:00,74.55000305175781,74.7699966430664,72.20999908447266,72.5,2179200,0.0,0.0
2024-12-04 00:00:00-05:00,71.80999755859375,72.16000366210938,70.4000015258789,70.9000015258789,2735600,0.0,0.0
2024-12-05 00:00:00-05:00,71.5,71.5,69.0199966430664,69.44000244140625,5437100,0.0,0.0
2024-12-06 00:00:00-05:00,70.25,70.62000274658203,68.87999725341797,70.54000091552734,2854700,0.0,0.0
2024-12-09 00:00:00-05:00,72.25,75.41000366210938,72.02999877929688,72.41999816894531,3304900,0.0,0.0
2024-12-10 00:00:00-05:00,71.41999816894531,72.33000183105469,69.52999877929688,69.6500015258789,2780600,0.0,0.0
2024-12-11 00:00:00-05:00,69.61000061035156,69.75,67.63999938964844,68.04000091552734,2724600,0.0,0.0
2024-12-12 00:00:00-05:00,68.62000274658203,69.31999969482422,67.86000061035156,68.8499984741211,2005400,0.0,0.0
2024-12-13 00:00:00-05:00,68.0999984741211,68.69000244140625,67.02999877929688,68.58000183105469,2360200,0.0,0.0
2024-12-16 00:00:00-05:00,67.61000061035156,69.08000183105469,67.4000015258789,68.16000366210938,3099500,0.0,0.0
2024-12-17 00:00:00-05:00,67.83000183105469,68.75,67.51000213623047,68.41000366210938,2237700,0.0,0.0
2024-12-18 00:00:00-05:00,68.41000366210938,70.08999633789062,67.6500015258789,67.94000244140625,3003300,0.0,0.0
2024-12-19 00:00:00-05:00,68.1500015258789,68.73999786376953,66.98999786376953,67.02999877929688,2354500,0.0,0.0
2024-12-20 00:00:00-05:00,66.77999877929688,68.5999984741211,66.7300033569336,68.25,7876500,0.0,0.0
2024-12-23 00:00:00-05:00,68.48999786376953,69.62999725341797,68.1500015258789,69.19999694824219,2011600,0.0,0.0
2024-12-24 00:00:00-05:00,69.16999816894531,69.41000366210938,68.13999938964844,68.4000015258789,1487200,0.0,0.0
2024-12-26 00:00:00-05:00,68.33999633789062,69.2699966430664,68.05999755859375,69.1500015258789,1222100,0.0,0.0
2024-12-27 00:00:00-05:00,68.83999633789062,70.13999938964844,68.27999877929688,68.76000213623047,2000800,0.0,0.0
2024-12-30 00:00:00-05:00,68.4800033569336,68.56999969482422,67.05000305175781,68.22000122070312,1698600,0.0,0.0
2024-12-31 00:00:00-05:00,68.5,69.73999786376953,68.30999755859375,69.20999908447266,1193200,0.0,0.0
2025-01-02 00:00:00-05:00,69.51000213623047,70.79000091552734,68.20999908447266,68.41999816894531,1825600,0.0,0.0
2025-01-03 00:00:00-05:00,68.52999877929688,68.94000244140625,66.11000061035156,66.12999725341797,1866700,0.0,0.0
2025-01-06 00:00:00-05:00,66.51000213623047,67.98999786376953,65.5,66.05000305175781,3530000,0.0,0.0
2025-01-07 00:00:00-05:00,66.0999984741211,67.94999694824219,65.79000091552734,66.30000305175781,1789600,0.0,0.0
2025-01-08 00:00:00-05:00,65.62999725341797,65.70999908447266,64.36000061035156,64.94000244140625,2651800,0.0,0.0
2025-01-10 00:00:00-05:00,64.55000305175781,65.75,64.05000305175781,65.01000213623047,1939800,0.0,0.0
2025-01-13 00:00:00-05:00,65.2699966430664,67.52999877929688,64.97000122070312,67.37999725341797,1667100,0.0,0.0
2025-01-14 00:00:00-05:00,70.62999725341797,72.08000183105469,70.12999725341797,71.0,2292200,0.0,0.0
2025-01-15 00:00:00-05:00,72.0,72.2300033569336,70.2300033569336,71.01000213623047,2028500,0.0,0.0
2025-01-16 00:00:00-05:00,70.69000244140625,72.0199966430664,70.20999908447266,71.9000015258789,1316700,0.0,0.0
2025-01-17 00:00:00-05:00,72.31999969482422,72.7699966430664,71.54000091552734,72.61000061035156,1737600,0.0,0.0
2025-01-21 00:00:00-05:00,73.26000213623047,74.83999633789062,73.26000213623047,74.0199966430664,2543600,0.0,0.0
2025-01-22 00:00:00-05:00,74.0199966430664,74.2699966430664,72.98999786376953,73.05999755859375,1873600,0.0,0.0
2025-01-23 00:00:00-05:00,73.11000061035156,73.94000244140625,72.7300033569336,73.7300033569336,1312700,0.0,0.0
2025-01-24 00:00:00-05:00,74.37999725341797,74.61000061035156,72.94999694824219,74.01000213623047,1704400,0.0,0.0
2025-01-27 00:00:00-05:00,75.0,75.83999633789062,73.66999816894531,74.12000274658203,1993800,0.0,0.0
2025-01-28 00:00:00-05:00,74.41999816894531,75.30000305175781,71.5999984741211,71.87000274658203,2024700,0.0,0.0
2025-01-29 00:00:00-05:00,71.69999694824219,72.23999786376953,70.73999786376953,70.94000244140625,1104500,0.0,0.0
2025-01-30 00:00:00-05:00,70.97000122070312,72.45999908447266,69.44999694824219,72.16999816894531,2193500,0.0,0.0
2025-01-31 00:00:00-05:00,71.72000122070312,72.62000274658203,70.51000213623047,71.04000091552734,5392000,0.0,0.0
2025-02-03 00:00:00-05:00,69.02999877929688,70.26000213623047,66.54000091552734,68.7699966430664,3285400,0.0,0.0
2025-02-04 00:00:00-05:00,69.3499984741211,71.83000183105469,69.3499984741211,71.37000274658203,2506000,0.0,0.0
2025-02-05 00:00:00-05:00,71.08000183105469,71.12999725341797,69.56999969482422,69.94000244140625,2059400,0.0,0.0
2025-02-06 00:00:00-05:00,70.7300033569336,71.25,68.52999877929688,68.88999938964844,2524900,0.0,0.0
2025-02-07 00:00:00-05:00,69.05000305175781,69.06999969482422,67.81999969482422,68.05000305175781,1264700,0.0,0.0
2025-02-10 00:00:00-05:00,68.68000030517578,68.72000122070312,66.94000244140625,66.94999694824219,1461600,0.0,0.0
2025-02-11 00:00:00-05:00,66.70999908447266,67.86000061035156,65.9000015258789,66.80999755859375,1864800,0.0,0.0
2025-02-12 00:00:00-05:00,66.1500015258789,67.47000122070312,65.6500015258789,66.41000366210938,1605000,0.0,0.0
2025-02-13 00:00:00-05:00,66.75,67.0,65.16000366210938,65.30000305175781,1916700,0.0,0.0
2025-02-14 00:00:00-05:00,68.23999786376953,70.51000213623047,67.75,68.05999755859375,3262200,0.0,0.0
2025-02-18 00:00:00-05:00,68.51000213623047,70.30000305175781,68.3499984741211,69.91000366210938,3209500,0.0,0.0
2025-02-19 00:00:00-05:00,55.400001525878906,58.849998474121094,52.970001220703125,54.90999984741211,13110600,0.0,0.0
2025-02-20 00:00:00-05:00,54.83000183105469,54.83000183105469,51.52000045776367,52.61000061035156,6258700,0.0,0.0
2025-02-21 00:00:00-05:00,53.54999923706055,53.650001525878906,51.2400016784668,52.7599983215332,5330500,0.0,0.0
